time_ms,imu_roll,imu_pitch,ax,ay,az,gx,gy,gz,Setpoint_rollRate,set_pitchRate,Setpoint_yawRate,Setpoint_roll,Setpoint_pitch,radio_3,height,heightRate,Setpoint_heightRate,height_PID_output,,,,,,,,,,,,,,,,,,,,,,,,,,,,,,,,,,
50000,231,9,7,8,1001,-15,64,-76,-1808,-175,240,-80,-39,0,112,549,-1600,0,,,,,,,,,,,,,,,,,,,,,,,,,,,,,,,,,,
101000,312,-21,-7,-18,975,-15,3,45,-2282,-355,359,-80,-39,0,97,391,-1600,0,,,,,,,,,,,,,,,,,,,,,,,,,,,,,,,,,,
150000,246,-17,13,-13,1000,-76,64,45,-2133,-99,119,-119,0,0,144,458,-1600,0,,,,,,,,,,,,,,,,,,,,,,,,,,,,,,,,,,
201000,139,-27,-4,5,1025,-15,3,-137,-1506,-162,240,-119,0,0,95,153,-1600,0,,,,,,,,,,,,,,,,,,,,,,,,,,,,,,,,,,
250000,112,-24,-1,7,1031,-76,64,167,-1120,-607,240,-80,-80,0,83,28,-1600,0,,,,,,,,,,,,,,,,,,,,,,,,,,,,,,,,,,
301000,119,-17,-3,7,996,45,-57,-137,-1161,-103,240,-80,0,0,93,49,-1600,0,,,,,,,,,,,,,,,,,,,,,,,,,,,,,,,,,,
350000,120,-11,4,9,996,-76,-57,228,-1163,-300,240,-80,-39,0,88,10,-1600,0,,,,,,,,,,,,,,,,,,,,,,,,,,,,,,,,,,
401000,132,-13,11,12,1009,-15,-118,-260,-1235,-311,359,-80,-39,0,124,148,-1600,0,,,,,,,,,,,,,,,,,,,,,,,,,,,,,,,,,,
450000,150,-29,-2,13,1016,45,-57,106,-1804,-401,359,-160,-39,0,116,147,-1600,0,,,,,,,,,,,,,,,,,,,,,,,,,,,,,,,,,,
58,-741,119,-80,-80,0,106,16,-1600,0,,,,,,,,,,,,,,,,,,,,,,,,,,,,,,,,,,,,,,,,,,,
601000,140,-42,-8,11,1004,-260,125,-1,-57,45,-1349,-395,359,-80,-39,0,107,77,,,,,,-118,167,-916,-255,359,-80,-39,0,128,92,-850000,39,12,-1,5,996,-76,3,-15,-696,-162,240,-80,-39,0,112,-25,-1600,0
901000,34,12,-1,-6,989,-15,3,-15,-663,-161,240,-80,-39,0,141,93,-1600,0,,,,,,,,,,,,,,,,,,,,,,,,,,,,,,,,,,
950000,23,6,0,0,982,-15,3,45,-602,-427,119,-80,-80,0,126,63,-1600,0,,,,,,,,,,,,,,,,,,,,,,,,,,,,,,,,,,
1001000,17,11,-2,3,994,-76,-57,228,-566,-165,240,-80,-39,0,85,-125,-1600,0,,,,,,,,,,,,,,,,,,,,,,,,,,,,,,,,,,
1050000,22,13,3,1,1000,-15,64,45,-830,-385,240,-119,-80,0,91,-111,-1600,0,,,,,,,,,,,,,,,,,,,,,,,,,,,,,,,,,,
1101000,25,19,1,-1,995,-15,3,167,-847,-119,240,-119,-39,0,72,-145,-1600,0,,,,,,,,,,,,,,,,,,,,,,,,,,,,,,,,,,
1150000,25,20,-1,-5,999,-137,3,-76,-613,-112,359,-80,-39,0,116,21,-1600,0,,,,,,,,,,,,,,,,,,,,,,,,,,,,,,,,,,
1201000,21,24,3,6,1010,-15,-118,106,-588,143,240,-80,0,0,106,-18,-1600,0,,,,,,,,,,,,,,,,,,,,,,,,,,,,,,,,,,
1250000,23,16,0,4,1000,-76,125,-198,-602,-134,240,-80,-39,0,94,-54,-1600,0,,,,,,,,,,,,,,,,,,,,,,,,,,,,,,,,,,
1301000,28,8,0,-2,993,-137,3,106,-861,-185,359,-119,-39,0,130,55,-1600,0,,,,,,,,,,,,,,,,,,,,,,,,,,,,,,,,,,
1350000,39,3,1,-3,1002,-15,125,-137,-926,21,359,-119,0,0,80,-126,-1600,0,,,,,,,,,,,,,,,,,,,,,,,,,,,,,,,,,,
1401000,42,1,-4,14,1019,-15,3,45,-946,-223,480,-119,-39,0,110,-44,-1600,0,,,,,,,,,,,,,,,,,,,,,,,,,,,,,,,,,,
1450000,47,-1,0,3,1012,-76,64,-198,-972,-6,3119,-119,0,2,109,0,-1592,2,,,,,,,,,,,,,,,,,,,,,,,,,,,,,,,,,,
1501000,46,-4,2,2,1008,-15,3,45,-967,-258,359,-119,-39,94,82,48,-1022,171,,,,,,-6,-840,190,,,,,,,,,,,,,,,,,,,,,,,,,,
1701000,127,134,-76,94,1141,2242,2689,-1297,-1207,547,359,-80,-39,218,62,-152,-728,218,,,,,,,,,,,,,,,,,,,,,,,,,,,,,,,,,,
1750000,118,124,42,-82,1061,2913,2445,1082,-1155,259,359,-80,-80,223,140,86,-708,1000,,,,,,1510,491,1571,-1398,1028,359,-119,0,223,118,49,-708,223,,,,,,,,,,,,,,,,
6,221,,,,,,,,,,,,,,,,,,,,,,,,,,,,,,,,,,,,,,,,,,,,,,,,,,,
1901000,102,221,-17,49,995,-565,3,-809,-831,1055,240,-32001000,27,171,-133,-301,336,-5814,,,,,,-119,0,221,98,-235,-716,221,,,,,,,,,,,,,,,,,,,,,,
2050000,1,190,-41,80,771,-809,-1339,-1785,-473,875,359,-80,-39,221,92,-364,-716,221,,,,,,,,,,,,,,,,,,,,,,,,,,,,,,,,,,
2101000,28,188,70,225,1314,-321,-179,1448,-632,866,359,-80,-39,222,81,-148,-712,222,,,,,,,,,,,,,,,,,,,,,,,,,,,,,,,,,,
2150000,7,160,82,126,987,-4593,-545,6392,-275,466,359,-39,-80,223,123,126,-708,223,,,,,,,,,,,,,,,,,,,,,,,,,,,,,,,,,,
2201000,22,162,-58,221,1934,1754,-667,-809,-597,709,359,-80,-39,222,133,536,-712,222,,,,,,,,,,,,,,,,,,,,,,,,,,,,,,,,,,
2250000,4,138,74,223,1173,-7340,1468,2181,-492,339,240,-80,-80,222,125,545,-712,222,,,,,,,,,,,,,,,,,,,,,,,,,,,,,,,,,,
2301000,-15,124,-3,170,1509,-1175,-57,-992,-377,260,240,-80,-80,221,96,210,-716,221,,,,,,,,,,,,,,,,,,,,,,,,,,,,,,,,,,
2350000,1,57,10,299,1934,472,-1400,-1541,-706,100,359,-119,-39,222,159,400,-712,222,,,,,,,,,,,,,,,,,,,,,,,,,,,,,,,,,,
2401000,-24,35,141,29,661,-3739,3,-3006,-321,-25,359,-80,-39,222,121,-18,-712,222,,,,,,,,,,,,,,,,,,,,,,,,,,,,,,,,,,
2450000,-21,21,-21,-60,536,3157,64,-2030,-339,-109,359,-80,-39,222,82,-327,-712,222,,,,,,,,,,,,,,,,,,,,,,,,,,,,,,,,,,
2501000,-9,50,-135,-253,472,4561,552,228,-643,62,359,-119,-39,222,77,-77,-712,222,,,,,,,,,,,,,,,,,,,,,,,,,,,,,,,,,,
2550000,-67,120,-45,-34,835,-260,1651,-931,-306,469,359,-119,-39,221,100,-55,-716,221,,,,,,,,,,,,,,,,,,,,,,,,,,,,,,,,,,
2601000,-45,126,57,47,919,-1602,-362,777,-432,504,240,-119,-39,221,122,11,-716,221,,,,,,,,,,,,,,,,,,,,,,,,,,,,,,,,,,
2650000,-10,209,-8,60,903,-687,308,3646,-406,986,359,-80,-39,223,102,-20,-708,223,,,,,,,,,,,,,,,,,,,,,,,,,,,,,,,,,,
2850000,94,306,79,-188,864,3341,1407,-3250,-1011,1318,359,-80,-80,225,76,-245,-700,225,,,,,,,,,,,,,,,,,,,,,,,,,,,,,,,,,,
2901000,68,285,-72,-158,313,2608,-1522,-172-653,1462,240,-80,0,247,78,-72,-612,247,,,,,,,,,,,,,,,,,,,,,,,,,,,,,,,,,,,
8,248,,,,,,,,,,,,,,,,,,,,,,,,,,,,,,,,,,,,,,,,,,,,,,,,,,,
3050000,27,262,-54,0,763,350,-1156,1448,-855,1523,359,-119,0,249,141,115,-604,249,,,,,,,,,,,,,,,,,,,,,,,,,,,,,,,,,,
3101000,24,276,-88,75,1404,-2945,125,2303,-606,1376,359,-80,-39,262,140,164,-552,262,,,,,,,,,,,,,,,,,,,,,,,,,,,,,,,,,,
3150000,47,263,-198,11,1562,-2030,-667,-382,-741,1067,359,-80,-80,300,88,-57,-399,300,,,,,,,,,,,,,,,,,,,,,,,,,,,,,,,,,,
3201000,79,233,135,68,789,1082,1102,411,-925,1123,359,-80,-39,321,142,91,-315,321,,,,,,,,,,,,,,,,,,,,,,,,,,,,,,,,,,
3250000,77,237,-119,4,724,-4715,-1583,-992,-1147,1147,240,-119,-39,320,85,21,-320,320,,,,,,,,,,,,,,,,,,,,,,,,,,,,,,,,,,
3301000,82,153,86,-21,700,2425,-728,-382,-945,425,240,-80,-80,322,111,-53,-312,322,,,,,,,,,,,,,,,,,,,,,,,,,,,,,,,,,,
3350000,64,115,-107,53,854,-1175,614,289,-841,436,359,-80,-39,322,100,-64,-312,322,,,,,,,,,,,,,,,,,,,,,,,,,,,,,,,,,,
3401000,18,95,108,170,1000,-1541,1102,-137,-807,325,359,-119,-39,330,129,82,-279,330,,,,,,,,,,,,,,,,,,,,,,,,,,,,,,,,,,
3450000,17,17,64,-32,1327,-931,-1400,838,-569,-128,359,-80,-39,338,89,-110,-248,338,,,,,,,,,,,,,,,,,,,,,,,,,,,,,,,,,,
3501000,40,-105,-57,15,1278,3096,-179,655,-703,-1075,359,-80,-80,350,101,-87,-200,350,,,,,,,,,,,,,,,,,,,,,,,,,,,,,,,,,,
3550000,-53,-58,-151,39,531,1448,2445,289,-384,-570,240,-119,-39,357,130,198,-172,357,,,,,,,,,,,,,,,,,,,,,,,,,,,,,,,,,,
3601000,-38,-126,55,58,1303,5172,-2681,167,-242,-1202,359,-80,-80,370,74,-60,-119,370,,,,,,,,,,,,,,,,,,,,,,,,,,,,,,,,,,
3650000,-49,-176,22,17,742,1632,1590,655,-179,-1256,359,-80,-39,373,132,87,-108,373,,,,,,,,,,,,,,,,,,,,,,,,,,,,,,,,,,
3701000,-153,-240,-171,-31,628,-1236,1285,-198,194,-1631,359,-119,-39,374,99,-124,-103,374,,,,,,,,,,,,,,,,,,,,,,,,,,,,,,,,,,
3750000,-340,-54,-102,110,570,-2701,5008,-626,1280,-316,240,-119,0,374,87,-80,-103,374,,,,,,,,,,,,,,,,,,,,,,,,,,,,,,,,,,
3801000,-343,51,79,-36,1206,-504,-5306,716,1531,-162,359,-80,-80,376,128,106,-96,376,,,,,,,,,,,,,,,,,,,,,,,,,,,,,,,,,,
3901000,-396,521,-68,-218,946,-4593,-1949,1082,2075,2564,359,-39,-80,381,126,44,-75,381,,,,,,,,,,,,,,,,,,,,,,,,,,,,,,,,,,
3950000,-528,783,-49,-116,1033,-5692,186,-748,2375,4322,359,-119,-39,385,96,-93,-60,385,,,,,,,,,,,,,,,,,,,,,,,,,,,,,,,,,,
404201000,-651,206,52,-94,1125,4012,3,-626,3556,967,359,-39,-39,418,89,-266,0,418,,,,,,,,,,,,,,,,,,,,,,,,,,,,,,,,,,
4250000,-595,-64,30,-145,1267,3157,-5123,-443,2761,-376,240,-119,0,423,107,-239,0,423,,,,,,,,,,,,,,,,,,,,,,,,,,,,,,,,,,
4301000,-468,-334,-13,-264,1122,-504,1224,-687,2026,-2175,240,-119,-39,425,107,-73,0,425,,,,,,,,,,,,,,,,,,,,,,,,,,,,,,,,,,
4350000,-361,-665,-17,-166,747,-2396,1041,-260,1635,-4100,359,-80,-39,426,99,-90,0,426,,,,,,,,,,,,,,,,,,,,,,,,,,,,,,,,,,
4401000,-374,-785,-65,57,852,-1236,2322,350,1713,-4795,359,-80,-39,427,75,-243,0,427,,,,,,,,,,,,,,,,,,,,,,,,,,,,,,,,,,
4450000,-380,-879,-94,47,1272,4866,1346,-870,1747,-5577,359,-80,-80,428,93,-155,0,428,,,,,,,,,,,,,,,,,,,,,,,,,,,,,,,,,,
4501000,-387,-809,124,-144,1232,3890,-484,-2274,1786,-4938,359,-80,-39,427,87,-61,0,427,,,,,,,,,,,,,,,,,,,,,,,,,,,,,,,,,,
4550000,-475,-594,-17,-99,807,-6180,1895,1265,2065,-3923,4650000,-440,-426,90,-38,863,-137,7144,,,,,,-39,428,130,39,0,428,,,,,,,,,,,,,,,,,,,,,,,
4701000,-443,-319,-44,-58,620,-1480,-5611,716,2110,-2089,359,-80,-39,429,97,-163,0,429,,,,,,,,,,,,,,,,,,,,,,,,,,,,,,,,,,
4750000,-390,-343,-189,38,986,-1358,2322,45,1807,-2462,359,-80,-80,433,97,-82,0,433,,,,,,,,,,,,,,,,,,,,,,,,,,,,,,,,,,
4801000,-416,-282,7,195,548,-5814,-1217,289,1721,-1877,359,-119,-39,436,97,-65,0,436,,,,,,,,,,,,,,,,,,,,,,,,,,,,,,,,,,
4850000,-350,-319,6,121,1088,5904,-789,777,1342,-2091,359,-119,-39,441,128,-15,0,441,,,,,,,,,,,,,,,,,,,,,,,,,,,,,,,,,,
4901000,-343,-435,-32,-102,889,-626,-118,838,1300,-2765,359,-119,-39,470,108,-87,0,470,,,,,,,,,,,,,,,,,,,,,,,,,,,,,,,,,,
4950000,-231,-226,193,93,906,-198,2872,-15,880,-1546,359,-80,-39,480,116,-96,0,480,,,,,,,,,,,,,,,,,,,,,,,,,,,,,,,,,,
5050000,-75,-316,-155,-35,506,-2701,2628,-992,-24,-2073,359,-80,-39,486,133,189,0-1602,5435,,,,,,-39,492,111,247,0,492,,,,,,,,,,,,,,,,,,,,,,,
5201000,-51,-270,-79,173,1248,3768,-3595350000,-128,-21,93,-67,1089,-2335,8426,-2945,283,-125,359,,,,,,0,493,,,,,,,,,,,,,,,,,,,,,,,,,,,
5401000,-138,112,-40,-268,383,-6973,-8052,-15,340,418,359,-80,-39,495,148,187,0,495,,,,,,,,,,,,,,,,,,,,,,,,,,,,,,,,,,
5450000,-180,122,-297,56,1495,-6485,3970,-1724,350,477,359,-119,-39,497,135,-59,0,497,,,,,,,,,,,,,,,,,,,,,,,,,,,,,,,,,,
5501000,-68,292,230,24,723,-6546,-2559,1510,-67,1464,359,-80,-39,501,95,-351,0,501,,,,,,,,,,,,,,,,,,,,,,,,,,,,,,,,,,
5550000,-4,219,-176,46,1048,2852,5618,-1114,-438,1045,359,-80,-39,505,93,-379,0,505,,,,,,,,,,,,,,,,,,,,,,,,,,,,,,,,,,
5601000,31,306,181,50,1341,-4837,-6710,350,-880,1551,359,-119,-39,507,113,-131,0,507,,,,,,,,,,,,,,,,,,,,,,,,,,,,,,,,,,
5650000,130,312,-89,206,1111,8956,7022,-2152,-1458,1584,359,-119,-39,509,120,-21,0,509,,,,,,,,,,,,,,,,,,,,,,,,,,,,,,,,,,
5701000,188,385,-104,-200,213,2425,-6527,-687,-107,359,-80,-39,513,115,-201,0,513,,,,,,,,,,,,,,,,,,,,,,,,,,,,,,,,,,,
5750000,288,95,-60,95,1813,2913,552,1326,-2376,553,359,-119,0,514,101,-311,0,514,,,,,,,,,,,,,,,,,,,,,,,,,,,,,,,,,,
58010014,360,30,251,1446,-2457,1590,1448,-2293,1860,359,-80,-39,520,120,-67,0,520,,,,,,,,,,,,,,,,,,,,,,,,,,,,,,,,,,,
5850000,441,248,131,-109,728,4927,-2254,-1541,-3028,1211,359,-80,-39,521,139,66,0,521,,,,,,,,,,,,,,,,,,,,,,,,,,,,,,,,,,
5901000,406,233,-271,-121,361,1937,-1827,350,-3059,1354,359,-119,0,532,114,-134,0,532,,,,,,,,,,,,,,,,,,,,,,,,,,,,,,,,,,
5950000,456,212,167,68,1647,4195,-179,106,-3351,1004,240,-119,-39,538,130,-225,0,538,,,,,,,,,,,,,,,,,,,,,,,,,,,,,,,,,,
6001000,475,185,-164,32,846,-1236,247,-1053,-3459,843,240,-119,-39,540,116,-302,0,540,,,,,,,,,,,,,,,,,,,,,,,,,,,,,,,,,,
6050000,519,88,91,10,725,3341,3543,533,-3716,280,240,-119,-39,540,97,-262,0,540,,,,,,,,,,,,,,,,,,,,,,,,,,,,,,,,,,
6101000,400,-157,112,-336,550,-1602,-3963,777,-2794,-1150,240,-80,-39,431,127,-75,0,431,,,,,,,,,,,,,,,,,,,,,,,,,,,,,,,,,,
6201000,284,-358,-117,-19,646,-2518,-9945,716,-2352,-2081,240,-119,0,169,102,-433,-924,169,,,,,,,,,,,,,,,,,,,,,,,,,,,,,,,,,,
6301000,213,-427,61,99,893,-6607,2200,228,-1707,-2716,119,-80,-39,0,105,-213,-1600,6501000,,,,,,-2518,-423,1876,-2043,-3238,359,-6601000,271,-507,48,393,830,11580,980,4073,-2276,-2951,240,-119,0,0,117,167,-1600,0,,,,
6650000,190,-455,194,-147,667,-9415,1102,-2945,-1572,-3115,240,-80,-80,0,108,252,-1600,0,,,,,,,,,,,,,,,,,,,,,,,,,,,,,,,,,,
6701000,243,-418,-81,-131,1062,-3128,2261,-6241,-2115,-2431,359,-119,0,0,116,260,-1600,0,,,,,,,,,,,,,,,,,,,,,,,,,,,,,,,,,,
6750000,240,-369,120,-132,1018,-6607,-2620,2425,-1863,-2147,359,-80,0,0,96,151,-1600,0,,,,,,,,,,,,,,,,,,,,,,,,,,,,,,,,,,
6801000,244,-282,-60,-81,1064,-9110,1773,-870,-2117,-1875,359,-119,-39,0,100,118,-1600,0,,,,,,,,,,,,,,,,,,,,,,,,,,,,,,,,,,
6850000,230,-251,-36,-65,1145,-15,1529,-198,-1804,-1463,359,-80,0,0,139,149,-1600,0,,,,,,,,,,,,,,,,,,,,,,,,,,,,,,,,,,
6950000,173,-97,-57,16,978,1998,64,-1968,-1705,-331,0,-119,39,0,136,171,-1600,0,,,,,,,,,,,,,,,,,,,,,,,,,,,,,,,,,,
7001000,113,-19,-45,-11,867,-1968,3,899,-1126,-344,0,-80,-39,0,93,-88,-1600,0,,,,,,,,,,,,,,,,,,,,,,,,,,,,,,,,,,
-261,119,-119,-39,0,85,-105,-1600,0,,,,,,,,,,,,,,,,,,,,,,,,,,,,,,,,,,,,,,,,,,,,
7101000,30,-4,22,-4,899,-1846,-57,228,-640,-258,-119,-80,-39,0,80,-132,-1600,0,,,,,,,,,,,,,,,,,,,,,,,,,,,,,,,,,,
7150000,11,-20,-25,-29,1004,594,-911,167,-765,-350,-119,-119,-39,0,122,6,-1600,0,,,,,,,,,,,,,,,,,,,,,,,,,,,,,,,,,,
7201000,14,-15,22,0,1071,1326,186,-1175,-784,-88,-119,-119,0,0,97,-34,-1600,0,,,,,,,,,,,,,,,,,,,,,,,,,,,,,,,,,,
7250000,2,-9,-27,0,923,-1175,369,-931,-709,-285,-119,-119,-39,0,122,57,-1600,0,,,,,,,,,,,,,,,,,,,,,,,,,,,,,,,,,,
7350000,27,41,-46,21,1041,1448,125,-382,-860,243,119,-119,0,0,115,13,-1600,0,,,,,,,,,,,,,,,,,,,,,,,,,,,,,,,,,,
7401000,33,99,-21,12,984,-1114,1224,-382,-657,347,119,-80,-39,0,120,54,-1600,0,,,,,,,,,,,,,,,,,,,,,,,,,,,,,,,,,,
7450000,34,137,25,46,1086,-1114,308,-931,-896,799,119,-119,0,0,96,-47,-1600,0,,,,,,,,,,,,,,,,,,,,,,,,,,,,,,,,,,
7501000,29,169,-2,1,1088,-1419,-545,1754,-868,752,0,-119,-39,0,88,-38,-1600,0,,,,,,,,,,,,,,,,,,,,,,,,,,,,,,,,,,
7550000,22,187,-7,75,1009,-809,308,1876,-829,627,0,-119,-80,0,93,12,-1600,0,,,,,,,,,,,,,,,,,,,,,,,,,,,,,,,,,,
7601000,9,210,30,23,1008,-382,858,1998,-755,1224,0,-119,0,0,96,-15,-1600,0,,,,,,,,,,,,,,,,,,,,,,,,,,,,,,,,,,
7650000,-4,201,5,-30,992,-1480,552,1937,-670,938,119,-119,-39,0,132,158,-1600,0,,,,,,,,,,,,,,,,,,,,,,,,,,,,,,,,,,
7701000,-16,203,-29,28,860,289,-606,655,-370,953,-119,-80,-39,0,85,-73,-1600,0,,,,,,,,,,,,,,,,,,,,,,,,,,,,,,,,,,
7750000,-14,207,24,-40,865,899,-667,777,-843,971,-119,-160,-39,0,118,40,-1600,0,,,,,,,,,,,,,,,,,,,,,,,,,,,,,,,,,,
7801000,-15,201,0,8,924,411,614,228,-377,1169,240,-80,0,0,114,75,-1600,0,,,,,,,,,,,,,,,,,,,,,,,,,,,,,,,,,,
7850000,1,211,26,-63,965,1815,64,899,-703,1232,359,-119,0,0,95,-31,-1600,0,,,,,,,,,,,,,,,,,,,,,,,,,,,,,,,,,,
7901000,0,212,-17,-10,971,-321,-423,-1724,-463,771,240,-80,-80,0,103,19,-1600,0,,,,,,,,,,,,,,,,,,,,,,,,,,,,,,,,,,
7950000,4,214,-5,4,913,-443,3,-809,-493,1012,240,-80,-39,0,99,20,-1600,0,,,,,,,,,,,,,,,,,,,,,,,,,,,,,,,,,,
8001000,3,197,17,11,1070,-15,-789,45,-487,682,839,-80,-80,0,120,111,-1600,0,,,,,,,,,,,,,,,,,,,,,,,,,,,,,,,,,,
8050000,7,187,22,50,1078,350,-301,-321,-506,1089,1439,-80,0,0,99,16,-1600,0,,,,,,,,,,,,,,,,,,,,,,,,,,,,,,,,,,
8101000,-5,167,5,26,1042,-1053,491,-931,-668,975,0,-119,0,0,156,250,-1600,0,,,,,,,,,,,,,,,,,,,,,,,,,,,,,,,,,,
8150000,-16,156,-54,29,1038,-76,186,-626,-602,909,0,-119,0,0,147,199,-1600,0,,,,,,,,,,,,,,,,,,,,,,,,,,,,,,,,,,
8201000,-22,141,-24,20,1024,167,-57,-76,-565,588,0,-119,-39,0,123,39,-1600,0,,,,,,,,,,,,,,,,,,,,,,,,,,,,,,,,,,
8250000,-11,153,13,60,941,411,125,350,-164,661,-2160,-39,-39,0,125,28,-1600,0,,,,,,,,,,,,,,,,,,,,,,,,,,,,,,,,,,
8301000,8,153,-35,88,1065,-321,369,-870,-748,890,-2160,-119,0,0,136,98,-1600,0,,,,,,,,,,,,,,,,,,,,,,,,,,,,,,,,,,
,,,,,,,,,,,,,,,,,,,,,,,,,,,,,,,,,,,,,,,,,,,,,,,,,,,,
time_ms,imu_roll,imu_pitch,ax,ay,az,gx,gy,gz,Setpoint_rollRate,set_pitchRate,Setpoint_yawRate,Setpoint_roll,Setpoint_pitch,radio_3,height,heightRate,Setpoint_heightRate,height_PID_output,,,,,,,,,,,,,,,,,,,,,,,,,,,,,,,,,,
50000,-17,3,4,7,1005,-29,-18,1,-361,19,359,-80,0,0,117,564,-1600,0,,,,,,,,,,,,,,,,,,,,,,,,,,,,,,,,,,
101000,-6,0,0,-17,1006,31,42,1,-427,-1,240,-80,0,0,93,324,-1600,0,,,,,,,,,,,,,,,,,,,,,,,,,,,,,,,,,,
150000,-8,-6,7,-1,994,-29,42,1,-413,-37,119,-80,0,0,137,505,-1600,0,,,,,,,,,,,,,,,,,,,,,,,,,,,,,,,,,,
201000,-5,-6,0,2,1008,31,-18,1,-433,-268,240,-80,-39,0,135,335,-1600,0,,,,,,,,,,,,,,,,,,,,,,,,,,,,,,,,,,
250000,-2,-14,7,3,1000,31,-140,1,-219,-315,240,-39,-39,0,128,262,-1600,0,,,,,,,,,,,,,,,,,,,,,,,,,,,,,,,,,,
301000,9,-23,6,-7,986,-29,-140,62,-288,-135,240,-39,0,0,98,59,-1600,0,,,,,,,,,,,,,,,,,,,,,,,,,,,,,,,,,,
350000,9,-28,-1,-7,1000,-29,42,1,-518,-163,240,-80,0,39,79,-60,-1444,39,,,,,,,,,,,,,,,,,,,,,,,,,,,,,,,,,,
401000,3,-34,4,-5,1004,-29,-18,62,-484,-203,359,-80,0,61,129,153,-1356,61,,,,,,,,,,,,,,,,,,,,,,,,,,,,,,,,,,
450000,-2,-37,-2,4,996,31,-18,62,-452,-453,359,-80,-39,63,100,33,-1348,63,,,,,,,,,,,,,,,,,,,,,,,,,,,,,,,,,,
501000,-8,-37,2,3,1006,-29,42,-59,-648,-220,359,-119,0,65,94,14,-1340,65,,,,,,,,,,,,,,,,,,,,,,,,,,,,,,,,,,
550000,-9,-35,4,0,1005,-29,42,1,-407,-204,119,-80,0,64,92,-43,-1344,64,,,,,,,,,,,,,,,,,,,,,,,,,,,,,,,,,,
601000,0,-40,7,0,1001,-29,-18,62,-459,-465,240,-80,-39,65,114,57,-1340,65,,,,,,,,,,,,,,,,,,,,,,,,,,,,,,,,,,
650000,10,-49,1,4,995,-90,-18,-59,-759,-517,359,-119,-39,66,122,83,-1336,66,,,,,,,,,,,,,,,,,,,,,,,,,,,,,,,,,,
701000,22,-45,2,-4,998,-29,-79,-59,-828,-266,359,-119,0,69,123,74,-1324,69,,,,,,,,,,,,,,,,,,,,,,,,,,,,,,,,,,
750000,19,-43,4,1,1007,-90,42,-59,-808,-251,359,-119,0,68,106,16,-1328,68,,,,,,,,,,,,,,,,,,,,,,,,,,,,,,,,,,
801000,18,-37,-5,1,1002,-90,-18,-59,-802,-219,359,-119,0,73,84,-66,-1308,73,,,,,,,,,,,,,,,,,,,,,,,,,,,,,,,,,,
850000,20,-29,2,4,1006,-29,103,62,-583,-401,240,-80,-39,74,156,193,-1304,74,,,,,,,,,,,,,,,,,,,,,,,,,,,,,,,,,,
950000,41,-13,2,0,1002,-29,42,-59,-938,-76,359,-119,0,75,102,-71,-1300,75,,,,,,,,,,,,,,,,,,,,,,,,,,,,,,,,,,
1001000,46,-10,0,7,1005,31,-18,-59,-967,-61,359,-119,0,88,147,165,-1248,88,,,,,,,,,,,,,,,,,,,,,,,,,,,,,,,,,,
1050000,51,-10,-5,-5,1004,92,42,1,-999,-58,359,-119,0,145,146,163,-1020,145,,,,,,,,,,,,,,,,,,,,,,,,,,,,,,,,,,
1101000,46,-14,20,34,1317,-762,-324,-3538,-734,-316,359,-80,-39,154,89,-69,-984,154,,,,,,,,,,,,,,,,,,,,,,,,,,,,,,,,,,
1150000,35,-2,-1,-111,1127,1984,225,1832,-906,-249,240,-119,-39,157,93,-7,-972,157,,,,,,,,,,,,,,,,,,,,,,,,,,,,,,,,,,
1201000,23,-6,-19,40,1021,-1860,-2155,-1951,-832,-40,119,-119,0,157,103,16,-972,157,,,,,,,,,,,,,,,,,,,,,,,,,,,,,,,,,,
1250000,21,8,-35,25,880,214,713,1771,-823,48,359,-119,0,182,110,94,-872,182,,,,,,,,,,,,,,,,,,,,,,,,,,,,,,,,,,
1301000,27,33,29,-12,1038,-823,530,-1158,-622,-269,359,-80,-80,196,131,74,-816,196,,,,,,,,,,,,,,,,,,,,,,,,,,,,,,,,,,
1350000,44,6,36,30,950,-90,896,-731,-1187,-193,359,-160,-39,196,91,-78,-816,196,,,,,,,,,,,,,,,,,,,,,,,,,,,,,,,,,,
1401000,52,-7,-45,-77,937,275,-79,-1097,-1001,-273,359,-119,-39,196,86,-60,-816,196,,,,,,,,,,,,,,,,,,,,,,,,,,,,,,,,,,
1450000,56,-14,-28,80,1099,-29,-324,367,-1026,-83,359,-119,0,195,73,-96,-820,195,,,,,,,,,,,,,,,,,,,,,,,,,,,,,,,,,,
1501000,64,-22,-22,-9,1365,763,-934,611,-838,-362,240,-80,-39,199,129,186,-804,199,,,,,,,,,,,,,,,,,,,,,,,,,,,,,,,,,,
1550000,67,20,35,-2,673,1557,-2582,-1280,-855,117,359,-80,0,200,101,235,-800,200,,,,,,,,,,,,,,,,,,,,,,,,,,,,,,,,,,
1601000,69,54,-64,-9,516,-2410,896,1099,-869,82,240,-80,-39,204,62,-230,-784,204,,,,,,,,,,,,,,,,,,,,,,,,,,,,,,,,,,
1650000,87,130,-25,36,488,-6377,-2155,-5064,-1207,756,240,-119,0,203,130,257,-788,203,,,,,,,,,,,,,,,,,,,,,,,,,,,,,,,,,,
1701000,118,163,-112,-16,680,-5278,2483,-1524,-1156,719,240,-80,-39,204,95,-71,-784,204,,,,,,,,,,,,,,,,,,,,,,,,,,,,,,,,,,
1750000,109,230,-11,-27,899,1862,2727,5311,-1336,1104,119,-119,-39,203,116,-35,-788,203,,,,,,,,,,,,,,,,,,,,,,,,,,,,,,,,,,
1801000,98,265,91,165,956,-2593,-2704,10560,-1272,1540,359,-119,0,204,141,168,-784,204,,,,,,,,,,,,,,,,,,,,,,,,,,,,,,,,,,
1850000,102,298,-76,51,912,-29,-202,-3721,-1294,1503,240,-119,-39,204,141,181,-784,204,,,,,,,,,,,,,,,,,,,,,,,,,,,,,,,,,,
1901000,137,287,2,-11,1015,2472,1201,2747,-1493,1670,240,-119,0,203,106,45,-788,203,,,,,,,,,,,,,,,,,,,,,,,,,,,,,,,,,,
1950000,144,239,-151,-115,1141,1923,-202,-8970,-1537,1392,359,-119,0,204,153,97,-784,204,,,,,,,,,,,,,,,,,,,,,,,,,,,,,,,,,,
2001000,162,190,6,-137,999,2594,1201,1710,-1642,877,240,-119,-39,203,959,359,-119,-39,,,,,,,,,,,,,,,,,,,,,,,,,,,,,,,,,,
2201000,122,-24,36,7,702,-6072,591,-5308,-1409,-374,359,-119,-39,204,94,-536,-784,204,,,,,,,,,,,,,,,,,,,,,,,,,,,,,,,,,,
2250000,143,-17,-12,227,1934,-762,1934,-1646,-1301,-333,359,-80,-39,203,90,-348,-788,203,,,,,,,,,,,,,,,,,,,,,,,,,,,,,,,,,,
2301000,107,-34,-131,-357,-6,2106,591,-3905,-1087,-434,480,-80,-39,205,97,-604,-780,205,,,,,,,,,,,,,,,,,,,,,,,,,,,,,,,,,,
2350000,44,-23,-112,-112,1225,1434,1812,367,-954,-139,359,-119,0,203,107,-374,-788,203,,,,,,,,,,,,,,,,,,,,,,,,,,,,,,,,,,
2401000,-2,-79,42,209,1481,-4424,-751,-4454,-685,-463,240,-119,0,203,133,-309,-788,203,,,,,,,,,,,,,,,,,,,,,,,,,,,,,,,,,,
2450000,-35,-166,188,215,866,-4424,1384,6226,-492,-1202,240,-119,-39,203,107,-156,-788,203,,,,,,,,,,,,,,,,,,,,,,,,,,,,,,,,,,
2501000,24,-224,-150,84,930,-3508,-324,-7750,-841,-1537,240,-119,-39,204,132,0,-784,204,,,,,,,,,,,,,,,,,,,,,,,,,,,,,,,,,,
2550000,62,-232,1,83,-335,-8818,-263,3236,-1061,-1351,240,-119,0,202,87,155,-792,202,,,,,,,,,,,,,,,,,,,,,,,,,,,,,,,,,,
2601000,93,-237,74,-46,-411,-5523,2117,-2928,-1009,-1844,240,-80,-80,203,95,-262,-788,203,,,,,,,,,,,,,,,,,,,,,,,,,,,,,,,,,,
2650000,178,-238,125,-127,87,-518,2178,5494,-1504,-1851,359,-80,-80,203,84,-391,-788,203,,,,,,,,,,,,,,,,,,,,,,,,,,,,,,,,,,
2701000,230,-193,-160,65,1612,-2105,-446,-5369,-1807,-1358,359,-80,-39,203,119,41,-788,203,,,,,,,,,,,,,,,,,,,,,,,,,,,,,,,,,,
2750000,199,-172,-2,183,426,-7232,-1056,3052,-1854,-1235,359,-119,-39,203,107,358,-788,203,,,,,,,,,,,,,,,,,,,,,,,,,,,,,,,,,,
2801000,166,-126,244,-60,320,-762,530,-853,-1432,-736,359,-80,0,204,89,-87,-784,204,,,,,,,,,,,,,,,,,,,,,,,,,,,,,,,,,,
2850000,185,-170,-8,87,1407,5951,-1117,3358,-1776,-993,359,-119,0,203,104,-210,-788,203,,,,,,,,,,,,,,,,,,,,,,,,,,,,,,,,,,
2901000,176,-166,125,50,718,-5828,1079,-3172,-1726,-1200,359,-119,-39,204,85,-365,-784,204,,,,,,,,,,,,,,,,,,,,,,,,,,,,,,,,,,
2950000,202,-217,66,-48,1141,2289,408,1527,-1875,-1495,119,-119,-39,203,109,-227,-788,203,,,,,,,,,,,,,,,,,,,,,,,,,,,,,,,,,,
3001000,229,-261,-151,173,1881,2777,3765,3114,-2030,-1517,240,-119,0,203,118,169,-788,203,,,,,,,,,,,,,,,,,,,,,,,,,,,,,,,,,,
3050000,191,-262,-103,288,978,-3997,-751,5738,-1807,-1524,359,-119,0,204,119,291,-784,204,,,,,,,,,,,,,,,,,,,,,,,,,,,,,,,,,,
3101000,172,-239,-141,-31,1689,5768,-140,-1341,-1698,-1389,359,-119,0,227,104,421,-692,227,,,,,,,,,,,,,,,,,,,,,,,,,,,,,,,,,,
3150000,148,-167,-144,139,1513,-3814,-2155,1405,-1561,-971,359,-119,0,255,91,210,-580,255,,,,,,,,,,,,,,,,,,,,,,,,,,,,,,,,,,
3201000,-19,-79,-52,-9,166,-8025,1262,-2012,-586,-463,359,-119,0,261,163,-123,-556,261,,,,,,,,,,,,,,,,,,,,,,,,,,,,,,,,,,
3250000,-106,-84,68,55,464,-5462,-1239,-303,-77,-723,240,-119,-39,261,133,-174,-556,261,,,,,,,,,,,,,,,,,,,,,,,,,,,,,,,,,,
3301000,-174,5,-107,38,1661,3082,408,1038,314,-197,240,-119,-39,261,94,-13,-556,261,,,,,,,,,,,,,,,,,,,,,,,,,,,,,,,,,,
3350000,-217,45,44,10,1133,2228,1323,-59,565,267,359,-119,0,261,117,-38,-556,261,,,,,,,,,,,,,,,,,,,,,,,,,,,,,,,,,,
3401000,-241,98,44,-87,552,1984,1567,489,707,570,359,-119,0,264,83,-197,-544,264,,,,,,,,,,,,,,,,,,,,,,,,,,,,,,,,,,
3450000,-265,154,-88,69,964,-2227,-873,-731,843,668,359,-119,-39,273,82,-143,-508,273,,,,,,,,,,,,,,,,,,,,,,,,,,,,,,,,,,
3501000,-258,160,139,-106,943,275,-202,1099,805,697,359,-119,-39,302,113,0,-392,302,,,,,,,,,,,,,,,,,,,,,,,,,,,,,,,,,,
3550000,-244,142,20,59,522,-90,347,-364,725,595,240,-119,-39,304,139,-7,-384,304,,,,,,,,,,,,,,,,,,,,,,,,,,,,,,,,,,
3601000,-205,134,-125,-59,1121,275,-690,916,494,549,240,-119,-39,319,110,14,-323,319,,,,,,,,,,,,,,,,,,,,,,,,,,,,,,,,,,
3650000,-158,143,241,42,706,1557,1262,-1341,221,831,359,-119,0,318,147,184,-328,318,,,,,,,,,,,,,,,,,,,,,,,,,,,,,,,,,,
3701000,-150,122,125,78,780,2960,-79,-1280,177,714,359,-119,0,319,81,-127,-323,319,,,,,,,,,,,,,,,,,,,,,,,,,,,,,,,,,,
3750000,-149,148,-57,7,1236,-4119,-690,1221,172,630,359,-119,-39,328,116,22,-287,328,,,,,,,,,,,,,,,,,,,,,,,,,,,,,,,,,,
3801000,-151,124,150,-19,1153,2777,-690,-1463,413,723,359,-80,0,358,146,155,-167,358,,,,,,,,,,,,,,,,,,,,,,,,,,,,,,,,,,
3850000,-194,84,-20,66,1070,-762,1629,184,668,492,240,-80,0,371,90,-63,-116,371,,,,,,,,,,,,,,,,,,,,,,,,,,,,,,,,,,
3901000,-170,2,75,1,800,2594,-1666,1,526,-219,240,-80,-39,372,73,-256,-111,372,,,,,,,,,,,,,,,,,,,,,,,,,,,,,,,,,,
3950000,-145,-21,-187,-57,846,1190,2239,1527,149,-356,359,-119,-39,373,124,-3,-108,373,,,,,,,,,,,,,,,,,,,,,,,,,,,,,,,,,,
4001000,-262,50,-101,222,904,397,1629,-1524,827,63,359,-119,-39,372,72,-223,-111,372,,,,,,,,,,,,,,,,,,,,,,,,,,,,,,,,,,
4050000,-138,212,-133,119,720,1984,7183,367,104,768,359,-119,-80,372,85,6,-111,372,,,,,,,,,,,,,,,,,,,,,,,,,,,,,,,,,,
-138,440,-53,-185,1026,-1555,-3131,550,106,1860,240,-119,-119,370,84,-125,-119,370,,,,,,,,,,,,,,,,,,,,,,,,,,,,,,,,,,,
4150000,-240,613,105,-68,1118,-3203,-3925,489,934,2867,240,-80,-119,372,107,-18,-111,372,,,,,,,,,,,,,,,,,,,,,,,,,,,,,,,,,,
4201000,-384,367,-116,-45,1196,-762,1873,977,1768,1902,240,-80,-39,373,112,23,-108,373,,,,,,,,,,,,,,,,,,,,,,,,,,,,,,,,,,
4250000,-520,375,39,96,1106,-396,3399,-853,2329,2181,359,-119,0,374,82,-97,-103,374,,,,,,,,,,,,,,,,,,,,,,,,,,,,,,,,,,
4301000,-588,25,123,-151,1190,-1189,-2277,123,2726,151,359,-119,0,381,101,35,-75,381,,,,,,,,,,,,,,,,,,,,,,,,,,,,,,,,,,
4350000,-622,-202,35,-233,1197,-1311,1201,-59,2919,-1410,359,-119,-39,381,115,82,-75,381,,,,,,,,,,,,,,,,,,,,,,,,,,,,,,,,,,
4401000,-677,-520,-19,-119,1517,153,-1483,1038,3240,-3257,359,-119,-39,381,84,65,-75,381,,,,,,,,,,,,,,,,,,,,,,,,,,,,,,,,,,
4450000,-566,-626,-9,42,1440,-151,-3375,-2196,2827,-3876,240,-80,-39,381,87,-94,-75,381,,,,,,,,,,,,,,,,,,,,,,,,,,,,,,,,,,
4501000,-353,-650,73,119,918,-2532,-2643,1282,1588,-3782,240,-80,0,380,111,169,-80,380,,,,,,,,,,,,,,,,,,,,,,,,,,,,,,,,,,
4550000,-14,-806,116,-78,849,-6743,-3009,-1829,-614,-4923,359,-119,-39,381,95,31,-75,381,,,,,,,,,,,,,,,,,,,,,,,,,,,,,,,,,,
4601000,352,-850,-36,-147,1048,-9551,-1178,1649,-2749,-4945,359,-119,0,381,109,63,-75,381,,,,,,,,,,,,,,,,,,,,,,,,,,,,,,,,,,
4650000,524,-720,-78,-103,879,-12847,-2582,-426,-3743,-4419,359,-119,-39,380,80,-49,-80,380,,,,,,,,,,,,,,,,,,,,,,,,,,,,,,,,,,
4701000,624,-660,-4,72,1117,-8696,1995,733,-4326,-4071,359,-119,-39,380,142,178,-80,380,,,,,,,,,,,,,,,,,,,,,,,,,,,,,,,,,,
4750000,765,-323,59,-176,1044,-4912,3521,-181,-4912,-2343,240,-80,-80,381,144,235,-75,381,,,,,,,,,,,,,,,,,,,,,,,,,,,,,,,,,,
4801000,722,-387,-81,-102,1014,-3447,2544,245,-4664,-2952,240,-80,-119,381,131,193,-75,381,,,,,,,,,,,,,,,,,,,,,,,,,,,,,,,,,,
4850000,672,-305,-98,-14,1072,-6987,5718,-2196,-4603,-1777,359,-119,0,381,95,37,-75,381,,,,,,,,,,,,,,,,,,,,,,,,,,,,,,,,,,
4901000,609,-40,9,120,1028,-3142,530,3297,-4243,-238,359,-119,0,412,85,-46,0,412,,,,,,,,,,,,,,,,,,,,,,,,,,,,,,,,,,
4950000,589,-52,2,22,599,-2837,2544,-2440,-4122,-307,359,-119,0,419,109,55,0,419,,,,,,,,,,,,,,,,,,,,,,,,,,,,,,,,,,
5001000,662,-192,-8,238,1204,6439,3093,1282,-4315,-1351,240,-80,-39,431,65,-45,0,431,,,,,,,,,,,,,,,,,,,,,,,,,,,,,,,,,,
5050000,708,-349,22,47,1310,11505,2117,-4698,-4583,-2032,240,-80,0,434,102,120,0,434,,,,,,,,,,,,,,,,,,,,,,,,,,,,,,,,,,
5101000,648,-333,30,285,1344,1862,-1788,2442,-4233,-2168,240,-80,-39,435,93,103,0,435,,,,,,,,,,,,,,,,,,,,,,,,,,,,,,,,,,
5150000,504,-448,-100,-153,1034,-8635,774,1,-3629,-2841,359,-119,-39,435,95,166,0,435,,,,,,,,,,,,,,,,,,,,,,,,,,,,,,,,,,
5201000,512,-346,12,-57,593,-6682,2300,1343,-3678,-2248,359,-119,-39,435,104,55,0,435,,,,,,,,,,,,,,,,,,,,,,,,,,,,,,,,,,
5250000,401,-505,162,162,1323,-762,-2825301000,218,-244,140,57,1182,885,2483,-2440,-1966,-1419,359,-119,0,465,133,241,0,465,,,,,,,,,,,,,,,,,,,,,,,,,,,
466,121,268,0,466,,,,,,,,,,,,,,,,,,,,,,,,,,,,,,,,,,,,,,,,,,,,,,,,
5401000,-116,-149,-36,-2,1208,4181,6633,-1280,211,-1100,240,-80,-39,480,59,5,0,480,,,,,,,,,,,,,,,,,,,,,,,,,,,,,,,,,,
5450000,-240,97,41,-52,694,-4790,-3314,-914,699,565,359,-119,0,485,80,177,0,485,,,,,,,,,,,,,,,,,,,,,,,,,,,,,,,,,,
5550000,-310,419,-17,-25,934,92,-2887,-1707,1105,2204,359,-119,-39,492,108,161,0,492,,,,,,,,,,,,,,,,,,,,,,,,,,,,,,,,,,
5601000,-316,30,27,-36,1367,1068,1140,1710,1142,-53,240,-119,-39,493,124,269,0,493,,,,,,,,,,,,,,,,,,,,,,,,,,,,,,,,,,
5650000,-338,366,-110,168,826,-4851,5657,-1219,1504,1900,240,-80,-39,495,73,235,0,495,,,,,,,,,,,,,,,,,,,,,,,,,,,,,,,,,,
5701000,-269,36,-31,234,1627,7050,-8746,794,1104,214,359,-80,0,499,81,460,0,499,,,,,,,,,,,,,,,,,,,,,,,,,,,,,,,,,,
5750000,-245,109,-22,-33,711,-640,7976,-3477,726,635,359,-119,0,501,91,605,0,501,,,,,,,,,,,,,,,,,,,,,,,,,,,,,,,,,,
5801000,-115,119,-54,-67,802,-2471,-12042,4273,-26,693,359,-119,0,501,100,390,0,501,,,,,,,,,,,,,,,,,,,,,,,,,,,,,,,,,,
5850000,-80,-154,-26,85,1479,5951,3154,-2989,-229,-900,240,-119,0,500,77,85,0,500,,,,,,,,,,,,,,,,,,,,,,,,,,,,,,,,,,
5901000,-111,0,334,54,719,-7537,-3253,-792,-51,-237,240,-119,-39,526,79,-197,0,526,,,,,,,,,,,,,,,,,,,,,,,,,,,,,,,,,,
6001000,-184,25,-50,156,1248,3937,1323,-2135,606,-84,240,-80,-39,562,109,126,0,562,,,,,,,,,,,,,,,,,,,,,,,,,,,,,,,,,,
6050000,-9,160,198,-38,1014,-1555,-79,-3599,-639,930,359,-119,0,573,126,228,0,573,,,,,,,,,,,,,,,,,,,,,,,,,,,,,,,,,,
6101000,177,347,-19,48,1475,9125,1812,428,-1726,2018,240,-119,0,574,111,213,0,574,,,,,,,,,,,,,,,,,,,,,,,,,,,,,,,,,,
6150000,324,659,-36,243,1934,1984,11455,2686,-2586,3835,240,-119,0,574,159,366,0,574,,,,,,,,,,,,,,,,,,,,,,,,,,,,,,,,,,
6201000,549,1151,181,-98,741,2350,1079,5921,-3890,6229,359,-119,-80,574,113,-1,0,574,,,,,,,,,,,,,,,,,,,,,,,,,,,,,,,,,,
6250000,484,1195,218,-111,720,-5767,7793,5799,-3282,6485,240,-80,-80,575,110,154,0,575,,,,,,,,,,,,,,,,,,,,,,,,,,,,,,,,,,
6301000,196,1953,237,-36,1025,-945,22197,5128,-1605,11123,240,-80,-39,587,174,267,0,587,,,,,,,,,,,,,,,,,,,,,,,,,,,,,,,,,,
6350000,263,2534,-100,-7,977,1618,8831,5250,-2228,14966,359,-119,39,602,127,92,7,602,,,,,,,,,,,,,,,,,,,,,,,,,,,,,,,,,,
6401000,286,2295,-19,16,1541,3632,-812,4273,-2363,13345,359,-119,0,604,144,210,15,604,,,,,,,,,,,,,,,,,,,,,,,,,,,,,,,,,,
6450000,368,2355,-389,-103,896,8453,11150,3663,-2606,13459,359,-80,-39,603,108,-96,11,603,,,,,,,,,,,,,,,,,,,,,,,,,,,,,,,,,,
6501000,542,2405,-306,-161,869,7172,-1178,5372,-3850,13981,359,-119,0,601,100,73,4,601,,,,,,,,,,,,,,,,,,,,,,,,,,,,,,,,,,
6550000,502,1858,-280,-281,128,7355,-7404,5189,-3619,10802,240,-119,0,601,111,27,4,601,,,,,,,,,,,,,,,,,,,,,,,,,,,,,,,,,,
6601000,725,1919,91,98,1642,10895,8281,-303,-6311,21622,240,-360,1800,602,131,388,7,602,,,,,,,,,,,,,,,,,,,,,,,,,,,,,,,,,,
6650000,408,1756,434,108,1248,4303,-15155,855,-9815,32296,359,-1280,3800,602,126,-86,7,602,,,,,,,,,,,,,,,,,,,,,,,,,,,,,,,,,,
6701000,416,955,118,-83,817,8515,-13873,1343,-4980,28105,359,-440,3880,601,145,262,4,601,,,,,,,,,,,,,,,,,,,,,,,,,,,,,,,,,,
6750000,205,966,-51,-187,610,1618,-4718,1038,-4214,23056,359,-520,2999,603,138,218,11,603,,,,,,,,,,,,,,,,,,,,,,,,,,,,,,,,,,
6801000,-176,838,105,-53,619,-2654,-8502,-609,-1998,13476,359,-520,1480,603,156,187,11,603,,,,,,,,,,,,,,,,,,,,,,,,,,,,,,,,,,
6850000,-444,909,-191,-124,195,1984,-3375,-1524,-1366,10868,240,-679,959,601,173,242,4,601,,,,,,,,,,,,,,,,,,,,,,,,,,,,,,,,,,
6901000,-498,800,47,-260,-190,-1128,-11371,-1890,-1520,4190,240,-759,-80,602,175,202,7,602,,,,,,,,,,,,,,,,,,,,,,,,,,,,,,,,,,
6950000,-457,619,106,-197,-70,3754,-4108,-2073,-1993,3371,359,-800,-39,602,189,260,7,602,,,,,,,,,,,,,,,,,,,,,,,,,,,,,,,,,,
7001000,-499,684,22,-132,344,-3447,-812,-487,-5466,3282,359,-1440,-119,602,187,157,7,602,,,,,,,,,,,,,,,,,,,,,,,,,,,,,,,,,,
7050000,-541,687,75,-192,26,153,-3681,-1280,-5220,3299,359,-1440,-119,603,212,515,11,603,,,,,,,,,,,,,,,,,,,,,,,,,,,,,,,,,,
7101000,-587,525,-65,-260,-140,-6011,-1972,-1280,-10305,1193,359,-2359,-319,603,243,345,11,603,,,,,,,,,,,,,,,,,,,,,,,,,,,,,,,,,,
7150000,-515,400,164,-111,456,-3814,-3803,-2623,-12348,702,240,-2640,-279,602,204,139,7,602,,,,,,,,,,,,,,,,,,,,,,,,,,,,,,,,,,
7201000,-853,280,172,-216,98,-15410,-324,-1768,-18055,-6274,359,-3960,-1360,600,297,280,0,600,,,,,,,,,,,,,,,,,,,,,,,,,,,,,,,,,,
7250000,-1293,398,284,-33,829,-16082,1201,-2196,-15270,-11167,359,-3919,-2320,601,228,194,4,601,,,,,,,,,,,,,,,,,,,,,,,,,,,,,,,,,,
7301000,-1776,639,166,-1,955,-18645,2971,-1646,-12228,-9765,359,-3880,-2320,578,295,262,0,578,,,,,,,,,,,,,,,,,,,,,,,,,,,,,,,,,,
7350000,-2242,1127,-79,-124,937,-18706,8709,-1951,-9286,-7164,359,-3839,-2359,574,298,277,0,574,,,,,,,,,,,,,,,,,,,,,,,,,,,,,,,,,,
7401000,-2800,1587,213,134,1454,-14617,4863,-1341,-5114,-4952,359,-3680,-2439,575,338,449,0,575,,,,,,,,,,,,,,,,,,,,,,,,,,,,,,,,,,
7450000,-3046,1908,-81,200,1904,-7720,5046,-2257,-2057,-1695,359,-3400,-2200,574,347,140,0,574,,,,,,,,,,,,,,,,,,,,,,,,,,,,,,,,,,
7501000,-3189,2103,49,336,1934,-17485,1873,-2135,7145,5481,240,-1959,-1160,574,334,112,0,574,,,,,,,,,,,,,,,,,,,,,,,,,,,,,,,,,,
7550000,-3734,2098,-112,157,1882,-27312,103,-3966,20775,11034,240,-160,-199,574,313,159,0,574,,,,,,,,,,,,,,,,,,,,,,,,,,,,,,,,,,
7601000,-3404,1945,-165,-321,-6,11078,-7343,-4393,19092,11077,240,-119,-39,574,313,-369,0,574,,,,,,,,,,,,,,,,,,,,,,,,,,,,,,,,,,
7650000,-2354,1675,-118,-225,349,6622,-5451,-3905,13219,9974,359,-80,39,575,347,-28,0,575,,,,,,,,,,,,,,,,,,,,,,,,,,,,,,,,,,
7701000,-2118,1552,12,-132,491,-5584,-5145,-2745,11849,14838,359,-80,999,575,364,121,0,575,,,,,,,,,,,,,,,,,,,,,,,,,,,,,,,,,,
7750000,-1693,1091,182,66,1090,10773,-15399,-3843,9376,15414,359,-80,1559,575,358,108,0,575,,,,,,,,,,,,,,,,,,,,,,,,,,,,,,,,,,
7801000,-872,638,-141,-111,-4,15411,-6427,-1646,4376,13943,240,-119,1760,574,322,-347,0,574,,,,,,,,,,,,,,,,,,,,,,,,,,,,,,,,,,
7850000,-587,523,-69,-67,520,2411,-5939,-914,2715,10945,359,-119,1359,575,362,-158,0,575,,,,,,,,,,,,,,,,,,,,,,,,,,,,,,,,,,
7901000,-699,240,62,-99,939,1007,-11920,-2623,3603,1630,359,-80,39,574,307,-82,0,574,,,,,,,,,,,,,,,,,,,,,,,,,,,,,,,,,,
7950000,-380,-76,45,156,1183,13580,-6427,-487,1745,-675,359,-80,-39,575,300,-207,0,575,,,,,,,,,,,,,,,,,,,,,,,,,,,,,,,,,,
8001000,18,-234,-116,-188,175,8453,-5756,-975,-573,-2524,240,-80,-199,575,271,-555,0,575,,,,,,,,,,,,,,,,,,,,,,,,,,,,,,,,,,
8050000,-85,-443,50,-97,729,3143,-5084,-242,-197,-17226,359,-119,-2519,575,279,-641,0,575,,,,,,,,,,,,,,,,,,,,,,,,,,,,,,,,,,
8101000,-455,-205,-106,-103,1173,-4912,12615,62,2183,-27935,359,-80,-4600,575,236,-342,0,575,,,,,,,,,,,,,,,,,,,,,,,,,,,,,,,,,,
8150000,-605,530,61,-77,1018,6073,16216,-914,3055,-24587,0,-80,-4759,592,244,-297,0,592,,,,,,,,,,,,,,,,,,,,,,,,,,,,,,,,,,
8201000,-240,1166,97,-99,656,3449,14507,-1524,935,-16235,359,-80,-3960,631,280,-211,123,631,,,,,,,,,,,,,,,,,,,,,,,,,,,,,,,,,,
8250000,-329,1581,280,-82,1124,-4058,8709,306,1448,-13590,240,-80,-3919,634,203,-476,136,634,,,,,,,,,,,,,,,,,,,,,,,,,,,,,,,,,,
8301000,-404,1959,55,-119,597,580,20488,-1097,1883,-6282,359,-80,-3040,634,188,-345,136,634,,,,,,,,,,,,,,,,,,,,,,,,,,,,,,,,,,
8350000,-200,2489,-139,-209,298,2533,10479,-548,700,-2039,359,-80,-2840,635,177,-376,139,635,,,,,,,,,,,,,,,,,,,,,,,,,,,,,,,,,,
8401000,-236,2246,161,-335,360,-2532,4985,367,909,735,359,-80,-2120,634,147,-483,136,634,,,,,,,,,,,,,,,,,,,,,,,,,,,,,,,,,,
8450000,-222,2565,249,-143,1265,1862,14751,245,826,2819,359,-80,-2079,635,152,-36,139,635,,,,,,,,,,,,,,,,,,,,,,,,,,,,,,,,,,
8501000,-231,2346,186,102,1934,458,-4230,672,184,621,240,-199,-2239,633,176,15,132,633,,,,,,,,,,,,,,,,,,,,,,,,,,,,,,,,,,
8550000,-418,2246,19,-62,1298,3693,15911,-426,1037,-195,359,-240,-2280,634,155,-85,136,634,,,,,,,,,,,,,,,,,,,,,,,,,,,,,,,,,,
8601000,-190,2100,41,-137,1682,7965,-5939,-59,-52,119,240,-199,-2079,634,154,129,136,634,,,,,,,,,,,,,,,,,,,,,,,,,,,,,,,,,,
8650000,-249,1742,77,-19,637,7904,7610,2747,57,-100,240,-240,-1760,635,145,-157,139,635,,,,,,,,,,,,,,,,,,,,,,,,,,,,,,,,,,
8701000,-206,1827,-162,-62,621,5341,1018,1771,501,9690,240,-119,-160,635,183,249,139,635,,,,,,,,,,,,,,,,,,,,,,,,,,,,,,,,,,
8750000,-139,1399,-127,-84,265,10223,-8563,1649,348,7904,359,-80,-39,635,175,121,139,635,,,,,,,,,,,,,,,,,,,,,,,,,,,,,,,,,,
8801000,86,1113,186,-207,21,8392,-2277,1221,-969,6237,359,-80,-39,635,209,127,139,635,,,,,,,,,,,,,,,,,,,,,,,,,,,,,,,,,,
8850000,85,842,-106,21,671,3510,-9662,489,-964,4199,359,-80,-119,619,237,490,76,619,,,,,,,,,,,,,,,,,,,,,,,,,,,,,,,,,,
8901000,273,491,-43,155,1934,10346,-3497,1,-2288,2393,240,-119,-80,570,227,256,0,570,,,,,,,,,,,,,,,,,,,,,,,,,,,,,,,,,,
8950000,364,496,118,102,1359,7965,-1056,-120,-2814,1953,240,-119,-160,570,254,296,0,570,,,,,,,,,,,,,,,,,,,,,,,,,,,,,,,,,,
9001000,179,416,-93,37,1678,1129,-4901,-2012,-1508,-7812,359,-80,-1760,570,293,525,0,570,,,,,,,,,,,,,,,,,,,,,,,,,,,,,,,,,,
9050000,-40,354,-49,200,1429,1373,-446,-670,-462,-16073,240,-119,-3120,571,252,299,0,571,,,,,,,,,,,,,,,,,,,,,,,,,,,,,,,,,,
9101000,0,562,2,-55,1327,8759,3032,-1829,-16512,-23005,240,-2840,-4520,571,283,167,0,571,,,,,,,,,,,,,,,,,,,,,,,,,,,,,,,,,,
9150000,-171,874,74,35,1760,-518,5474,-1890,-21791,-22120,359,-3919,-4680,570,328,319,0,570,,,,,,,,,,,,,,,,,,,,,,,,,,,,,,,,,,
9201000,-677,1282,53,63,434,-15654,12676,306,-24662,-17658,359,-4920,-4320,571,387,106,0,571,,,,,,,,,,,,,,,,,,,,,,,,,,,,,,,,,,
9250000,-1511,1877,4,-137,608,-29754,14263,-1219,-19811,-10474,240,-4920,-3680,570,366,212,0,570,,,,,,,,,,,,,,,,,,,,,,,,,,,,,,,,,,
9301000,-2493,2277,172,-260,134,-20903,9319,-2440,-9686,-3034,240,-4160,-2799,571,360,-160,0,571,,,,,,,,,,,,,,,,,,,,,,,,,,,,,,,,,,
9350000,-2633,2450,-247,-212,-89,-9856,9563,-2501,-6085,-2031,240,-3680,-2799,572,384,-60,0,572,,,,,,,,,,,,,,,,,,,,,,,,,,,,,,,,,,
9401000,-3103,2678,-26,145,1928,-21514,5230,-2440,3854,689,240,-2439,-2560,572,353,224,0,572,,,,,,,,,,,,,,,,,,,,,,,,,,,,,,,,,,
9450000,-3286,2541,105,204,1915,-1677,-3803,-4515,16081,3145,240,-520,-2000,571,345,-70,0,571,,,,,,,,,,,,,,,,,,,,,,,,,,,,,,,,,,
9501000,-2550,2287,101,77,1420,7904,1384,-3172,13896,12830,240,-160,-80,591,313,-372,0,591,,,,,,,,,,,,,,,,,,,,,,,,,,,,,,,,,,
9550000,-2262,2051,-89,-170,678,-5584,-8258,-1341,12453,11690,240,-119,-39,608,353,-95,31,608,,,,,,,,,,,,,,,,,,,,,,,,,,,,,,,,,,
9601000,-2027,1535,27,99,1516,8576,-6915,-1951,11086,19621,240,-119,1840,618,308,-81,71,618,,,,,,,,,,,,,,,,,,,,,,,,,,,,,,,,,,
9650000,-1408,1410,52,35,1805,13947,-11920,-2196,7723,25404,240,-80,2960,618,323,-247,71,618,,,,,,,,,,,,,,,,,,,,,,,,,,,,,,,,,,
9701000,-898,539,57,27,1650,6989,-25897,-670,4987,20575,240,-39,2999,618,249,-418,71,618,,,,,,,,,,,,,,,,,,,,,,,,,,,,,,,,,,
9750000,-755,144,-49,-92,699,4120,-8563,-1829,3926,17117,359,-80,2799,618,296,-53,71,618,,,,,,,,,,,,,,,,,,,,,,,,,,,,,,,,,,
9801000,-310,-151,-320,-171,-100,13214,-23700,-1219,1338,4466,359,-80,920,618,243,-417,71,618,,,,,,,,,,,,,,,,,,,,,,,,,,,,,,,,,,
9850000,-10,-866,29,-224,508,1984,-18085,1099,-401,-5037,240,-80,0,616,243,-73,63,616,,,,,,,,,,,,,,,,,,,,,,,,,,,,,,,,,,
9901000,14,-591,-148,-132,1118,11383,2849,306,-784,-3437,359,-119,0,616,207,-288,63,616,,,,,,,,,,,,,,,,,,,,,,,,,,,,,,,,,,
9950000,290,-493,-201,-199,190,13458,-13080,-975,-2154,-3103,240,-80,-39,617,176,-452,67,617,,,,,,,,,,,,,,,,,,,,,,,,,,,,,,,,,,
10001000,176,-427,-156,-40,992,2594,2849,62,-1489,-2715,240,-80,-39,617,188,-273,67,617,,,,,,,,,,,,,,,,,,,,,,,,,,,,,,,,,,
10050000,-21,136,107,-50,1251,6317,4253,-548,-340,328,359,-80,-80,617,210,-57,67,617,,,,,,,,,,,,,,,,,,,,,,,,,,,,,,,,,,
10101000,38,108,-74,-160,1095,4303,-7709,184,-13010,-3090,240,-2200,-640,616,199,-70,63,616,,,,,,,,,,,,,,,,,,,,,,,,,,,,,,,,,,
10150000,-313,369,75,-223,203,-6499,7000,-120,-12594,-7617,359,-2480,-1679,618,176,-153,71,618,,,,,,,,,,,,,,,,,,,,,,,,,,,,,,,,,,
10201000,-659,674,222,25,798,-2471,-2460,672,-16164,-6074,359,-3439,-1720,617,158,-31,67,617,,,,,,,,,,,,,,,,,,,,,,,,,,,,,,,,,,
10250000,-959,808,116,6,331,-6926,3338,184,-17674,-5529,240,-3999,-1760,617,146,-215,67,617,,,,,,,,,,,,,,,,,,,,,,,,,,,,,,,,,,
10301000,-1572,1149,-3,-66,751,-21453,10418,-487,-19925,-2849,240,-5000,-1640,617,179,79,67,617,,,,,,,,,,,,,,,,,,,,,,,,,,,,,,,,,,
10350000,-1975,1279,78,-56,1366,-13457,713,123,-19441,-701,359,-5319,-1399,617,143,-6,67,617,,,,,,,,,,,,,,,,,,,,,,,,,,,,,,,,,,
10401000,-2381,1260,84,23,780,-22551,8831,1649,-19406,819,359,-5720,-1119,617,201,141,67,617,,,,,,,,,,,,,,,,,,,,,,,,,,,,,,,,,,
10450000,-2837,1495,96,47,1693,-23955,3399,1099,-16985,3114,359,-5759,-959,618,161,135,71,618,,,,,,,,,,,,,,,,,,,,,,,,,,,,,,,,,,
10501000,-3156,1326,112,119,1934,-14800,-2094,1099,-14900,3992,359,-5720,-640,618,187,104,71,618,,,,,,,,,,,,,,,,,,,,,,,,,,,,,,,,,,
10550000,-3548,1465,-135,-40,1810,-21575,8953,1405,-7971,5498,240,-4920,-520,617,198,106,67,617,,,,,,,,,,,,,,,,,,,,,,,,,,,,,,,,,,
10601000,-3779,1544,-72,295,1934,-6682,-1972,611,21039,7580,240,-160,-240,617,189,234,67,617,,,,,,,,,,,,,,,,,,,,,,,,,,,,,,,,,,
10650000,-3483,1275,-212,7,1903,946,-1849,1343,19783,6946,359,-80,-80,617,179,-21,67,617,,,,,,,,,,,,,,,,,,,,,,,,,,,,,,,,,,
10701000,-2767,1065,-31,-46,1269,7416,-3070,-609,15157,5958,359,-160,-39,618,230,381,71,618,,,,,,,,,,,,,,,,,,,,,,,,,,,,,,,,,,
10750000,-2309,757,-71,-233,414,5646,-3864,-609,12957,3937,359,-80,-80,617,237,238,67,617,,,,,,,,,,,,,,,,,,,,,,,,,,,,,,,,,,
10801000,-1810,608,-137,19,1204,3021,-324,-609,10059,3304,359,-80,-39,617,246,404,67,617,,,,,,,,,,,,,,,,,,,,,,,,,,,,,,,,,,
10850000,-1343,560,-98,-21,718,7721,-1911,-548,7114,2792,240,-119,-80,617,287,364,67,617,,,,,,,,,,,,,,,,,,,,,,,,,,,,,,,,,,
10901000,-889,602,-123,-129,578,6928,-1117,-1402,4474,3271,240,-119,-39,616,289,386,63,616,,,,,,,,,,,,,,,,,,,,,,,,,,,,,,,,,,
10950000,-630,620,-113,-49,778,6561,-1422,-1585,2964,3372,359,-119,-39,616,293,319,63,616,,,,,,,,,,,,,,,,,,,,,,,,,,,,,,,,,,
11001000,-496,720,80,155,1621,3449,-1849,-2379,8467,3955,359,959,-39,617,273,239,67,617,,,,,,,,,,,,,,,,,,,,,,,,,,,,,,,,,,
11050000,-329,647,178,92,1759,14740,-9296,-3477,7261,3529,240,920,-39,616,303,200,63,616,,,,,,,,,,,,,,,,,,,,,,,,,,,,,,,,,,
11101000,353,629,-166,-180,1461,13947,3826,-4149,7711,3424,359,1679,-39,617,338,357,67,617,,,,,,,,,,,,,,,,,,,,,,,,,,,,,,,,,,
11150000,354,751,-118,-297,112,5402,-4169,-4149,7939,3903,240,1719,-80,617,281,-4,67,617,,,,,,,,,,,,,,,,,,,,,,,,,,,,,,,,,,
11201000,471,450,-209,-94,792,13519,-1849,-2989,10049,2384,240,2200,-39,617,373,365,67,617,,,,,,,,,,,,,,,,,,,,,,,,,,,,,,,,,,
11250000,750,707,-17,57,1276,13336,7000,-3905,9123,3881,359,2320,-39,617,313,164,67,617,,,,,,,,,,,,,,,,,,,,,,,,,,,,,,,,,,
11301000,733,558,41,-23,1729,5707,-7343,-3477,9223,3014,359,2320,-39,617,314,-63,67,617,,,,,,,,,,,,,,,,,,,,,,,,,,,,,,,,,,
11350000,623,378,139,135,1934,12848,8587,-2928,1724,1737,359,920,-80,618,308,-57,71,618,,,,,,,,,,,,,,,,,,,,,,,,,,,,,,,,,,
11401000,811,923,7,310,1594,14008,7976,-2928,-5183,4901,240,-80,-80,616,359,218,63,616,,,,,,,,,,,,,,,,,,,,,,,,,,,,,,,,,,
11450000,576,786,82,-46,1278,-1128,-5023,-2745,-3813,4105,240,-80,-80,617,350,-49,67,617,,,,,,,,,,,,,,,,,,,,,,,,,,,,,,,,,,
11501000,300,875,-103,-128,853,5158,11577,-3538,-2444,4390,240,-119,-119,617,326,-13,67,617,,,,,,,,,,,,,,,,,,,,,,,,,,,,,,,,,,
11550000,325,1094,-64,73,1501,3449,-751,-2806,-2357,5894,359,-80,-80,617,375,267,67,617,,,,,,,,,,,,,,,,,,,,,,,,,,,,,,,,,,
11601000,106,881,-127,-100,730,3021,-2338,-3538,-853,4196,359,-39,-160,617,344,-48,67,617,,,,,,,,,,,,,,,,,,,,,,,,,,,,,,,,,,
11650000,-71,1303,41,57,1586,2960,9441,-3050,-50,6179,359,-80,-240,617,348,85,67,617,,,,,,,,,,,,,,,,,,,,,,,,,,,,,,,,,,
11701000,-2,1327,67,234,1765,6806,-11615,-3172,946,6319,359,160,-240,617,345,67,67,617,,,,,,,,,,,,,,,,,,,,,,,,,,,,,,,,,,
11750000,-91,851,-85,-37,1366,5097,-3375,-2684,24482,4481,359,4119,-80,616,310,-97,63,616,,,,,,,,,,,,,,,,,,,,,,,,,,,,,,,,,,
11801000,66,888,-249,-87,1304,11688,3154,-2745,24029,4466,359,4200,-119,617,365,154,67,617,,,,,,,,,,,,,,,,,,,,,,,,,,,,,,,,,,
11850000,478,610,22,40,1227,14557,-11310,-2440,4192,3313,359,1199,-39,617,378,174,67,617,,,,,,,,,,,,,,,,,,,,,,,,,,,,,,,,,,
11901000,580,514,-147,-21,1004,-1921,4985,-2196,-3840,2525,359,-80,-80,615,302,-263,60,615,,,,,,,,,,,,,,,,,,,,,,,,,,,,,,,,,,
11950000,255,705,148,199,1881,-4851,-3681,-2867,-1952,3402,359,-80,-119,618,302,-216,71,618,,,,,,,,,,,,,,,,,,,,,,,,,,,,,,,,,,
12001000,121,365,-17,383,1818,2533,-7892,-2623,-1406,1660,359,-119,-80,617,312,-105,67,617,,,,,,,,,,,,,,,,,,,,,,,,,,,,,,,,,,
12050000,-187,462,49,105,1499,-7781,2666,-2928,-1003,1990,359,-360,-119,617,298,-277,67,617,,,,,,,,,,,,,,,,,,,,,,,,,,,,,,,,,,
12101000,-539,342,194,254,1590,-4790,-11432,-2745,-1979,-2424,359,-880,-759,616,345,100,63,616,,,,,,,,,,,,,,,,,,,,,,,,,,,,,,,,,,
12150000,-811,228,162,-142,325,-9246,3338,-2135,-2257,-6809,359,-1200,-1399,617,335,133,67,617,,,,,,,,,,,,,,,,,,,,,,,,,,,,,,,,,,
12201000,-909,687,-266,-158,455,-5584,3582,-2928,-3782,-7397,359,-1560,-1959,616,378,151,63,616,,,,,,,,,,,,,,,,,,,,,,,,,,,,,,,,,,
12250000,-817,641,0,-123,1032,-7842,-6976,-3050,-10595,-9755,359,-2640,-2320,617,342,74,67,617,,,,,,,,,,,,,,,,,,,,,,,,,,,,,,,,,,
12301000,-1259,1034,205,-191,694,-12236,14568,-2928,-8022,-7470,359,-2640,-2320,617,407,260,67,617,,,,,,,,,,,,,,,,,,,,,,,,,,,,,,,,,,
12350000,-1354,1392,0,-144,705,1007,-4657,-2623,-729,-5623,359,-1480,-2359,616,366,-1,63,616,,,,,,,,,,,,,,,,,,,,,,,,,,,,,,,,,,
12401000,-1475,1156,101,-243,753,-8574,1018,-1707,8109,-7458,359,-80,-2439,617,321,-51,67,617,,,,,,,,,,,,,,,,,,,,,,,,,,,,,,,,,,
12450000,-1535,1705,143,-21,504,2594,14629,-2562,8230,-5199,240,-119,-2600,617,362,68,67,617,,,,,,,,,,,,,,,,,,,,,,,,,,,,,,,,,,
12501000,-1151,1835,-145,-424,651,4791,-4291,-3294,6226,-5840,240,-80,-2840,615,346,-105,60,615,,,,,,,,,,,,,,,,,,,,,,,,,,,,,,,,,,
12550000,-1175,1841,-128,111,1412,-396,14385,-975,6133,-6034,240,-119,-2879,616,367,212,63,616,,,,,,,,,,,,,,,,,,,,,,,,,,,,,,,,,,
12601000,-957,2449,-207,209,1797,11078,11150,-2196,4868,-3666,359,-119,-3079,616,329,-94,63,616,,,,,,,,,,,,,,,,,,,,,,,,,,,,,,,,,,
12650000,-747,2179,-75,1,981,10407,-3925,-3172,3882,-5003,359,-80,-3040,615,373,11,60,615,,,,,,,,,,,,,,,,,,,,,,,,,,,,,,,,,,
12701000,-570,2250,1,110,1600,9369,19634,-3599,2851,-5056,359,-80,-3120,615,366,166,60,615,,,,,,,,,,,,,,,,,,,,,,,,,,,,,,,,,,
12750000,-575,2444,-58,165,1055,6683,3948,-3660,2882,-3460,240,-80,-3040,615,379,52,60,615,,,,,,,,,,,,,,,,,,,,,,,,,,,,,,,,,,
12801000,-427,1990,-3,-110,985,6195,4253,-3172,1787,-8422,240,-119,-3439,616,375,-90,63,616,,,,,,,,,,,,,,,,,,,,,,,,,,,,,,,,,,
12850000,-415,2240,-339,-63,1640,1557,16948,-3660,1948,-14646,359,-80,-4759,616,337,-183,63,616,,,,,,,,,,,,,,,,,,,,,,,,,,,,,,,,,,
12901000,-374,2385,149,-78,1424,2411,4985,-4515,1712,-27522,359,-80,-7120,616,368,16,63,616,,,,,,,,,,,,,,,,,,,,,,,,,,,,,,,,,,
12950000,-370,2532,-59,-102,1717,-1555,20916,-3599,-8075,-25970,359,-1760,-7000,616,376,0,63,616,,,,,,,,,,,,,,,,,,,,,,,,,,,,,,,,,,
13001000,-481,3199,-110,-41,771,-2227,20916,-4515,-13243,-18603,359,-2760,-6399,617,392,-73,67,617,,,,,,,,,,,,,,,,,,,,,,,,,,,,,,,,,,
13050000,-752,3241,-3,264,590,-16509,10906,-3111,-11435,-15799,240,-2719,-5959,616,373,-21,63,616,,,,,,,,,,,,,,,,,,,,,,,,,,,,,,,,,,
13101000,-1393,3588,130,38,666,-13640,24883,-4393,-10498,-6809,240,-3200,-4759,617,344,-207,67,617,,,,,,,,,,,,,,,,,,,,,,,,,,,,,,,,,,
13150000,-1433,3701,178,95,738,-4302,4558,-4820,-11198,2914,359,-3359,-3200,617,370,-11,67,617,,,,,,,,,,,,,,,,,,,,,,,,,,,,,,,,,,
13201000,-1675,3258,120,51,1102,-15838,3215,-4271,-9791,12895,359,-3359,-1039,617,393,112,67,617,,,,,,,,,,,,,,,,,,,,,,,,,,,,,,,,,,
13250000,-1926,3237,-347,-460,806,-9246,8648,-4820,-7869,18583,359,-3279,-39,617,347,-73,67,617,,,,,,,,,,,,,,,,,,,,,,,,,,,,,,,,,,
13301000,-2042,2458,-82,-72,1528,-13823,-18451,-3538,-682,14058,359,-2159,-39,617,376,181,67,617,,,,,,,,,,,,,,,,,,,,,,,,,,,,,,,,,,
13350000,-2399,1797,20,47,1152,-11382,164,-5736,4181,10448,359,-1679,0,616,373,-43,63,616,,,,,,,,,,,,,,,,,,,,,,,,,,,,,,,,,,
13401000,-2138,1509,166,303,1248,-1494,-7770,-5003,2197,9236,240,-1760,79,617,366,-26,67,617,,,,,,,,,,,,,,,,,,,,,,,,,,,,,,,,,,
13450000,-2005,785,159,268,1684,-11931,-14179,-3721,1428,5029,240,-1760,79,617,411,222,67,617,,,,,,,,,,,,,,,,,,,,,,,,,,,,,,,,,,
13501000,-2112,586,35,58,985,-2410,-5573,-4881,-44,5502,240,-2120,360,617,386,-28,67,617,,,,,,,,,,,,,,,,,,,,,,,,,,,,,,,,,,
13550000,-1682,129,-80,-252,684,3021,-19367,-5614,-2310,6331,359,-2079,959,617,371,-230,67,617,,,,,,,,,,,,,,,,,,,,,,,,,,,,,,,,,,
13601000,-1771,-329,-31,-363,-291,-11626,-7648,-4454,533,7850,359,-1679,1679,617,388,-37,67,617,,,,,,,,,,,,,,,,,,,,,,,,,,,,,,,,,,
13650000,-1703,-414,-371,-265,442,2899,-14240,-6285,5019,6888,359,-839,1600,617,420,62,67,617,,,,,,,,,,,,,,,,,,,,,,,,,,,,,,,,,,
113750000,-1489,-590,-176,-97,1784,-640,-5267,-4942,7261,987,359,-240,759,617,374,-113,67,617,,,,,,,,,,,,,,,,,,,,,,,,,,,,,,,,,,
13801000,-1050,-567,-126,-90,1086,10468,-12103,-5491,-3659,-2832,359,-1679,79,616,359,-184,63,616,,,,,,,,,,,,,,,,,,,,,,,,,,,,,,,,,,
13850000,-969,-365,183,289,1340,-10772,713,-4881,-9710,-2356,359,-2640,-39,617,315,-233,67,617,,,,,,,,,,,,,,,,,,,,,,,,,,,,,,,,,,
13901000,-1275,-21,110,-4,678,-274,-7648,-6041,-8398,-355,240,-2719,-39,617,373,-53,67,617,,,,,,,,,,,,,,,,,,,,,,,,,,,,,,,,,,
13950000,-1046,-114,138,246,1576,5341,-4047,-4637,-9497,-900,359,-2680,-39,617,382,-88,67,617,,,,,,,,,,,,,,,,,,,,,,,,,,,,,,,,,,
14001000,-1218,278,-4,66,891,-4485,286,-3660,5685,1385,240,-240,-39,616,359,73,63,616,,,,,,,,,,,,,,,,,,,,,,,,,,,,,,,,,,
14050000,-1318,79,69,-153,295,7721,-12836,-5186,6963,230,359,-119,-39,617,400,144,67,617,,,,,,,,,,,,,,,,,,,,,,,,,,,,,,,,,,
14101000,-734,12,-227,39,702,11994,225,-5614,3807,-159,359,-80,-39,617,358,-156,67,617,,,,,,,,,,,,,,,,,,,,,,,,,,,,,,,,,,
14150000,-576,139,-41,10,1605,4852,-9540,-4698,2886,575,359,-80,-39,616,338,-139,63,616,,,,,,,,,,,,,,,,,,,,,,,,,,,,,,,,,,
14201000,-440,-28,4,-150,1147,8637,-8380,-3782,2093,-631,119,-80,-80,616,321,-136,63,616,,,,,,,,,,,,,,,,,,,,,,,,,,,,,,,,,,
14250000,-400,201,160,-104,866,6806,-3497,-4393,1860,939,-2040,-80,-39,616,337,-68,63,616,,,,,,,,,,,,,,,,,,,,,,,,,,,,,,,,,,
14301000,-69,4,-11,-206,-280,12665,-11310,-731,-294,-205,-10920,-119,-39,616,317,-427,63,616,,,,,,,,,,,,,,,,,,,,,,,,,,,,,,,,,,
14350000,194,-67,1,-95,1188,3082,-1727,3480,-1595,-624,-18840,-80,-39,616,294,-166,63,616,,,,,,,,,,,,,,,,,,,,,,,,,,,,,,,,,,
14401000,-23,107,81,-158,750,-2349,-1666,8973,-328,391,-21720,-80,-39,616,330,-101,63,616,,,,,,,,,,,,,,,,,,,,,,,,,,,,,,,,,,
14450000,-180,-65,137,164,951,-90,-5267,13734,586,-610,-22200,-80,-39,616,336,81,63,616,,,,,,,,,,,,,,,,,,,,,,,,,,,,,,,,,,
14501000,-319,111,-180,21,1934,1862,3887,15443,1157,417,-24960,-119,-39,616,270,43,63,616,,,,,,,,,,,,,,,,,,,,,,,,,,,,,,,,,,
14550000,-342,78,-71,20,192,12116,-8746,16663,1291,222,-25079,-119,-39,616,307,-19,63,616,,,,,,,,,,,,,,,,,,,,,,,,,,,,,,,,,,
14601000,-233,-100,168,61,1551,214,1018,18433,659,-581,-21119,-119,0,615,296,-1,60,615,,,,,,,,,,,,,,,,,,,,,,,,,,,,,,,,,,
14650000,-427,69,-252,-366,1361,-2227,469,18250,1789,-63,-13680,-119,-80,616,265,60,63,616,,,,,,,,,,,,,,,,,,,,,,,,,,,,,,,,,,
14701000,-349,-90,-128,-254,-1,14374,-3192,11048,1568,-759,-8280,-80,-39,615,229,-380,60,615,,,,,,,,,,,,,,,,,,,,,,,,,,,,,,,,,,
14750000,-220,29,-192,-170,-160,-2227,164,8363,817,-291,-11759,-80,-80,616,270,37,63,616,,,,,,,,,,,,,,,,,,,,,,,,,,,,,,,,,,
14801000,-508,130,-151,-250,659,-3997,-2887,9888,2490,291,-13559,-80,-80,616,271,-32,63,616,,,,,,,,,,,,,,,,,,,,,,,,,,,,,,,,,,
14850000,-233,242,-74,87,1303,8881,347,11475,891,710,-13080,-80,-119,617,265,97,67,617,,,,,,,,,,,,,,,,,,,,,,,,,,,,,,,,,,
14901000,-71,541,-96,-113,508,-762,1934,11231,-284,2914,-5759,-119,-39,616,222,-328,63,616,,,,,,,,,,,,,,,,,,,,,,,,,,,,,,,,,,
14950000,-57,696,-36,-64,1228,-5462,-5634,6470,-132,3350,-1919,-80,-119,615,229,51,60,615,,,,,,,,,,,,,,,,,,,,,,,,,,,,,,,,,,
15001000,-148,627,43,-6,1934,2411,-3558,2320,397,3183,119,-80,-80,617,233,-106,67,617,,,,,,,,,,,,,,,,,,,,,,,,,,,,,,,,,,
15050000,-125,729,-221,-130,1480,275,-1544,1649,-431,3776,119,-199,-80,620,191,-218,80,620,,,,,,,,,,,,,,,,,,,,,,,,,,,,,,,,,,
15101000,-362,497,-126,260,1630,-5706,-10089,2503,-5800,1959,119,-1360,-160,624,213,-23,96,624,,,,,,,,,,,,,,,,,,,,,,,,,,,,,,,,,,
15150000,-631,413,-123,166,1757,-5462,1079,2320,-6562,1473,119,-1760,-160,630,194,-159,119,630,,,,,,,,,,,,,,,,,,,,,,,,,,,,,,,,,,
15201000,-945,672,-300,50,1448,-5156,-3192,2625,-4503,3211,119,-1720,-119,634,208,76,136,634,,,,,,,,,,,,,,,,,,,,,,,,,,,,,,,,,,
15250000,-1365,458,-161,5,795,-4058,-6244,2808,-665,1504,119,-1480,-199,640,197,-135,159,640,,,,,,,,,,,,,,,,,,,,,,,,,,,,,,,,,,
15301000,-1461,597,-306,21,1178,-4668,957,-59,-341,2544,119,-1519,-160,641,153,-175,163,641,,,,,,,,,,,,,,,,,,,,,,,,,,,,,,,,,,
15350000,-2009,513,-272,-137,344,-10650,-5390,2015,3307,2287,119,-1440,-119,642,234,62,168,642,,,,,,,,,,,,,,,,,,,,,,,,,,,,,,,,,,
15401000,-2218,594,-111,48,811,-1983,957,245,4758,1131,119,-1399,-399,643,180,-86,172,643,,,,,,,,,,,,,,,,,,,,,,,,,,,,,,,,,,
15450000,-1986,763,-19,166,1704,-2959,-4047,1038,4804,-910,119,-1160,-920,642,191,133,168,642,,,,,,,,,,,,,,,,,,,,,,,,,,,,,,,,,,
15501000,-1978,1027,-111,-10,1159,-1433,3032,-914,10570,-6583,119,-160,-2159,642,179,78,168,642,,,,,,,,,,,,,,,,,,,,,,,,,,,,,,,,,,
15550000,-1663,1285,-236,19,646,2350,-629,672,8970,-6943,119,-119,-2480,641,228,227,163,641,,,,,,,,,,,,,,,,,,,,,,,,,,,,,,,,,,
15601000,-1544,1473,-78,-9,758,-1433,2910,-181,8514,-5620,119,-80,-2439,641,206,99,163,641,,,,,,,,,,,,,,,,,,,,,,,,,,,,,,,,,,
15650000,-1248,1788,120,255,1934,8392,5046,-1402,6790,628,119,-80,-1679,642,285,541,168,642,,,,,,,,,,,,,,,,,,,,,,,,,,,,,,,,,,
15701000,-1025,1931,-198,172,1427,214,1506,-120,13399,-5979,119,1280,-2960,633,216,108,132,633,,,,,,,,,,,,,,,,,,,,,,,,,,,,,,,,,,
15750000,-889,2011,-302,40,1367,7416,4253,-853,31212,-6674,359,4479,-3159,568,263,193,0,568,,,,,,,,,,,,,,,,,,,,,,,,,,,,,,,,,,
15801000,-454,2332,-167,-58,808,15839,9136,-1707,36353,-4578,359,5799,-3120,528,283,165,0,528,,,,,,,,,,,,,,,,,,,,,,,,,,,,,,,,,,
15850000,97,2518,158,16,812,16815,9258,-1890,31752,-4659,240,5560,-3320,523,255,154,0,523,,,,,,,,,,,,,,,,,,,,,,,,,,,,,,,,,,
15901000,687,2529,110,-268,627,25482,9746,-2135,-4227,-6455,240,-39,-3639,524,340,277,0,524,,,,,,,,,,,,,,,,,,,,,,,,,,,,,,,,,,
15950000,1328,2667,1,52,1145,23712,14202,-3782,-8420,-11000,119,-119,-4559,524,296,-113,0,524,,,,,,,,,,,,,,,,,,,,,,,,,,,,,,,,,,
16001000,1385,2870,47,122,1168,2533,13652,-3172,-8521,-9819,119,-80,-4559,525,299,-108,0,525,,,,,,,,,,,,,,,,,,,,,,,,,,,,,,,,,,
16050000,798,2935,23,4,791,-8818,12005,-3782,-5106,-8278,240,-80,-4359,526,300,-77,0,526,,,,,,,,,,,,,,,,,,,,,,,,,,,,,,,,,,
16101000,442,2838,101,87,1308,11017,7427,-4576,-13499,-3496,240,-1879,-3439,557,332,199,0,557,,,,,,,,,,,,,,,,,,,,,,,,,,,,,,,,,,
16150000,570,2718,-214,45,299,7782,5108,-2379,-27495,-1402,119,-4160,-2960,574,275,-44,0,574,,,,,,,,,,,,,,,,,,,,,,,,,,,,,,,,,,
16201000,546,2367,-239,-70,1062,5158,-995,-1402,-45026,6784,-6120,-7200,-1200,601,254,-118,4,601,,,,,,,,,,,,,,,,,,,,,,,,,,,,,,,,,,
16250000,97,2180,-142,-75,855,-5706,774,1710,-42653,8720,-8519,-7240,-679,621,256,-133,83,621,,,,,,,,,,,,,,,,,,,,,,,,,,,,,,,,,,
16301000,-448,2082,-29,-42,1529,-7232,5413,5982,-39478,9079,-11759,-7240,-520,655,145,-365,219,655,,,,,,,,,,,,,,,,,,,,,,,,,,,,,,,,,,
16350000,-980,2018,-155,-98,1189,-10466,1751,7325,-36384,8245,-15000,-7240,-599,657,141,-516,228,657,,,,,,,,,,,,,,,,,,,,,,,,,,,,,,,,,,
16401000,-1753,1646,-166,47,1254,-24688,103,12635,-31889,5385,-16919,-7240,-720,655,152,-83,219,655,,,,,,,,,,,,,,,,,,,,,,,,,,,,,,,,,,
16450000,-2685,1454,95,116,1606,-21636,4924,13856,-26472,4271,-14159,-7240,-720,653,174,-51,211,653,,,,,,,,,,,,,,,,,,,,,,,,,,,,,,,,,,
16501000,-3040,1256,-133,308,1934,-15105,-2704,12086,-24411,2655,-8280,-7240,-800,647,51,-319,188,647,,,,,,,,,,,,,,,,,,,,,,,,,,,,,,,,,,
16550000,-2668,-751,-1355,-1881,1517,-24260,-53851,31251,-26574,-9018,-6960,-7240,-800,643,98,-302,172,643,,,,,,,,,,,,,,,,,,,,,,,,,,,,,,,,,,
16601000,-2607,-1725,423,713,1337,-19683,17131,38453,-27160,-14213,-6960,-7280,-720,638,98,25,152,638,,,,,,,,,,,,,,,,,,,,,,,,,,,,,,,,,,
16650000,-2822,-817,8,29,1663,-28777,14141,21058,-25908,-8938,-6000,-7280,-720,637,139,238,148,637,,,,,,,,,,,,,,,,,,,,,,,,,,,,,,,,,,
16701000,-2736,-797,387,169,682,-15349,-5084,7264,-26175,-9054,-3959,-7240,-759,637,140,168,148,637,,,,,,,,,,,,,,,,,,,,,,,,,,,,,,,,,,
16750000,-2883,-329,-215,-205,358,-35186,19329,12696,-25092,-6796,-2999,-7200,-839,638,173,358,152,638,,,,,,,,,,,,,,,,,,,,,,,,,,,,,,,,,,
16801000,-3715,372,36,-130,607,-28167,7976,8057,-13745,-11551,-2879,-6080,-2359,638,247,639,152,638,,,,,,,,,,,,,,,,,,,,,,,,,,,,,,,,,,
16850000,-3532,261,110,58,1934,-14861,2483,6226,-8065,-19870,-719,-4920,-3680,621,259,688,83,621,,,,,,,,,,,,,,,,,,,,,,,,,,,,,,,,,,
16901000,-3560,668,-336,57,1934,-22368,21953,5677,14417,-27504,17001000,-3164,2032,16,-157,697,4486,19390,306,17930,-7485,119,-80,-3320,569,383,649,0,569,,,,,,,,,,,,,,,,,,,,,,,
17050000,-2618,2513,134,62,964,8087,14751,-487,14755,7637,240,-80,-1200,569,414,545,0,569,,,,,,,,,,,,,,,,,,,,,,,,,,,,,,,,,,
17101000,-2022,2479,85,95,987,4181,3399,-2135,31519,13948,240,3399,-80,570,442,415,0,570,,,,,,,,,,,,,,,,,,,,,,,,,,,,,,,,,,
17150000,-1706,2321,137,-67,542,7233,-690,-4332,48515,13259,240,6640,-39,569,440,468,0,569,,,,,,,,,,,,,,,,,,,,,,,,,,,,,,,,,,
17201000,-549,2301,11,-204,14,35492,-446,-6041,43183,13148,359,6879,-39,603,439,-13,11,603,,,,,,,,,,,,,,,,,,,,,,,,,,,,,,,,,,
17250000,871,2159,82,-113,-90,32623,-5878,-6834,51896,12090,359,9800,-80,618,437,-108,71,618,,,,,,,,,,,,,,,,,,,,,,,,,,,,,,,,,,
17301000,1667,2043,-346,-23,1167,33295,-3864,-7017,50528,11415,359,10360,-80,619,398,-123,76,619,,,,,,,,,,,,,,,,,,,,,,,,,,,,,,,,,,
17350000,3057,1942,-188,140,797,61554,-5206,-8238,43147,11059,240,10480,-39,618,410,-189,71,618,,,,,,,,,,,,,,,,,,,,,,,,,,,,,,,,,,
17401000,4527,1669,-120,-17,795,45990,-8380,-7200,14838,9469,359,7079,-39,620,430,31,80,620,,,,,,,,,,,,,,,,,,,,,,,,,,,,,,,,,,
17450000,4826,1527,-53,-73,1427,33417,-3986,-6102,-13176,8415,240,2560,-80,622,392,-169,87,622,,,,,,,,,,,,,,,,,,,,,,,,,,,,,,,,,,
17501000,4592,1326,-46,39,1505,20538,-9601,-7139,-27162,7477,240,-80,-39,623,415,-11,92,623,,,,,,,,,,,,,,,,,,,,,,,,,,,,,,,,,,
17550000,3642,1074,-170,-174,1628,2777,-5084,-5614,-21872,5778,359,-119,-80,648,405,-223,192,648,,,,,,,,,,,,,,,,,,,,,,,,,,,,,,,,,,
17601000,2519,1264,-186,-39,979,3143,591,-7261,-36035,6887,359,-3680,-80,684,374,-230,336,684,,,,,,,,,,,,,,,,,,,,,,,,,,,,,,,,,,
17650000,1564,1314,238,61,833,-7171,1751,-4271,-43039,7173,359,-5840,-80,698,394,-202,392,698,,,,,,,,,,,,,,,,,,,,,,,,,,,,,,,,,,
17701000,21,1649,109,-122,1177,-26030,2788,-6529,-35699,8888,359,-6120,-119,700,400,-52,399,700,,,,,,,,,,,,,,,,,,,,,,,,,,,,,,,,,,
17750000,-1216,1523,14,-96,373,-16936,-7465,-7322,-19436,8389,240,-4559,-80,699,368,-28,396,699,,,,,,,,,,,,,,,,,,,,,,,,,,,,,,,,,,
17801000,-1931,1418,-266,-87,1440,-17974,1629,-7445,10067,6386,240,-199,-319,700,386,103,399,700,,,,,,,,,,,,,,,,,,,,,,,,,,,,,,,,,,
17850000,-2427,1241,-300,-93,1934,-13030,-10700,-6834,13645,4191,240,-80,-520,700,386,141,399,700,,,,,,,,,,,,,,,,,,,,,,,,,,,,,,,,,,
17901000,-2369,1143,105,-144,1185,2655,8587,-5552,20748,-328,240,1199,-1200,661,414,239,244,661,,,,,,,,,,,,,,,,,,,,,,,,,,,,,,,,,,
17950000,-2304,1532,398,119,1014,-3814,1934,-6468,35950,4260,119,3880,-800,642,453,349,168,642,,,,,,,,,,,,,,,,,,,,,,,,,,,,,,,,,,
18001000,-1982,1203,148,-139,765,12970,-6122,-7384,51286,6067,119,6840,-160,638,470,333,152,638,,,,,,,,,,,,,,,,,,,,,,,,,,,,,,,,,,
18050000,-1164,1115,440,109,1087,22247,-324,-7445,47225,5785,240,6960,-119,638,476,379,152,638,,,,,,,,,,,,,,,,,,,,,,,,,,,,,,,,,,
18101000,-218,741,65,-194,836,25482,-15155,-6468,41729,4076,240,6960,-39,638,505,369,152,638,,,,,,,,,,,,,,,,,,,,,,,,,,,,,,,,,,
18150000,614,552,173,172,1379,26215,3154,-5736,36885,3213,119,6960,0,637,494,451,148,637,,,,,,,,,,,,,,,,,,,,,,,,,,,,,,,,,,
18201000,1384,729,-181,196,1136,34943,-8624,-5369,18223,4241,240,4519,0,637,521,404,148,637,,,,,,,,,,,,,,,,,,,,,,,,,,,,,,,,,,
18250000,2131,258,123,-147,684,31403,-13568,-4881,11557,1269,240,4119,-39,638,538,173,152,638,,,,,,,,,,,,,,,,,,,,,,,,,,,,,,,,,,
18301000,2058,491,196,-73,796,7782,7427,-5003,12446,2626,-1919,4200,-39,638,568,388,152,638,,,,,,,,,,,,,,,,,,,,,,,,,,,,,,,,,,
18350000,1900,502,156,147,1934,20294,-13446,-5430,11738,2689,-9960,3919,-39,638,584,474,152,638,,,,,,,,,,,,,,,,,,,,,,,,,,,,,,,,,,
18401000,2052,175,-63,-9,996,22675,4070,2808,7602,787,-20159,3359,-39,638,595,372,152,638,,,,,,,,,,,,,,,,,,,,,,,,,,,,,,,,,,
18450000,2016,616,66,-153,703,17243,1323,7752,2927,3583,-27600,2520,0,637,606,215,148,637,,,,,,,,,,,,,,,,,,,,,,,,,,,,,,,,,,
18501000,1708,191,-225,115,944,6012,-13324,14893,-1791,650,-31680,1400,-80,637,619,355,148,637,,,,,,,,,,,,,,,,,,,,,,,,,,,,,,,,,,
18550000,1308,467,-215,-251,844,5341,10845,17884,-7605,2250,-31560,0,-80,638,619,335,152,638,,,,,,,,,,,,,,,,,,,,,,,,,,,,,,,,,,
18601000,1022,725,126,-22,771,-640,-11188,20203,-6641,3753,-33720,-119,-80,638,652,264,152,638,,,,,,,,,,,,,,,,,,,,,,,,,,,,,,,,,,
18650000,456,492,-62,-255,515,-12053,1323,23988,-3117,2166,-33840,-80,-119,637,670,405,148,637,,,,,,,,,,,,,,,,,,,,,,,,,,,,,,,,,,
18701000,-125,1130,152,68,1440,-3753,4253,23377,265,6105,-25440,-80,-80,621,691,647,83,621,,,,,,,,,,,,,,,,,,,,,,,,,,,,,,,,,,
18750000,-70,836,102,52,1437,7416,-18329,19532,-57,4631,-15360,-80,-39,621,717,577,83,621,,,,,,,,,,,,,,,,,,,,,,,,,,,,,,,,,,
18801000,-125,611,-51,-243,295,-7964,-1361,10255,-18571,3322,119,-3320,-39,621,716,178,83,621,,,,,,,,,,,,,,,,,,,,,,,,,,,,,,,,,,
18850000,-679,897,-166,-111,472,-22002,-263,1710,-25344,4983,240,-5039,-39,621,724,481,83,621,,,,,,,,,,,,,,,,,,,,,,,,,,,,,,,,,,
18901000,-1338,880,-151,-213,1573,-20476,-11127,184,-33607,5117,359,-7120,0,622,758,265,87,622,,,,,,,,,,,,,,,,,,,,,,,,,,,,,,,,,,
18950000,-1881,630,10,-198,1057,-29143,-9906,-59,-39519,2969,359,-8680,-119,621,754,301,83,621,,,,,,,,,,,,,,,,,,,,,,,,,,,,,,,,,,
19001000,-2875,722,-246,-8,303,-31585,-4779,-975,-36762,3732,359,-9200,-80,622,762,102,87,622,,,,,,,,,,,,,,,,,,,,,,,,,,,,,,,,,,
19050000,-3449,491,-295,166,756,-29937,-16254,-303,-37844,2624,240,-9960,-39,621,778,283,83,621,,,,,,,,,,,,,,,,,,,,,,,,,,,,,,,,,,
19101000,-4244,337,-343,74,1444,-39397,-10211,-609,-36940,800,359,-10600,-199,622,786,282,87,622,,,,,,,,,,,,,,,,,,,,,,,,,,,,,,,,,,
19150000,-5126,220,-283,-35,666,-33965,-17719,-2684,-33445,119,359,-10880,-199,622,783,9,87,622,,,,,,,,,,,,,,,,,,,,,,,,,,,,,,,,,,
19201000,-5366,5,145,171,1442,-33843,-12103,-3233,-31813,-1363,240,-10840,-240,622,811,221,87,622,,,,,,,,,,,,,,,,,,,,,,,,,,,,,,,,,,
19250000,-5921,185,93,90,1318,-48735,-11554,-2867,-19985,-1249,359,-9360,-399,622,821,293,87,622,,,,,,,,,,,,,,,,,,,,,,,,,,,,,,,,,,
19301000,-6205,31,192,167,1637,-31524,-16071,-2867,-12522,-1678,359,-8360,-319,621,821,22,83,621,,,,,,,,,,,,,,,,,,,,,,,,,,,,,,,,,,
19350000,-6073,190,76,91,1428,-32744,-3986,-2440,2052,-751,359,-5720,-319,624,804,26,96,624,,,,,,,,,,,,,,,,,,,,,,,,,,,,,,,,,,
19401000,-6050,163,33,-229,419,-19744,-14301,-3477,34702,-442,240,-80,-240,638,818,-123,152,638,,,,,,,,,,,,,,,,,,,,,,,,,,,,,,,,,,
19450000,-5149,207,261,-268,295,-90,591,-3050,29466,-1116,240,-80,-399,640,820,-2,159,640,,,,,,,,,,,,,,,,,,,,,,,,,,,,,,,,,,
19501000,-4214,481,215,-156,1056,-7476,-6671,-2989,23799,-15569,240,-119,-3159,640,809,-43,159,640,,,,,,,,,,,,,,,,,,,,,,,,,,,,,,,,,,
19550000,-3364,625,107,-126,1072,7599,6145,-2073,19090,-27053,240,-80,-5279,640,789,-136,159,640,,,,,,,,,,,,,,,,,,,,,,,,,,,,,,,,,,
19601000,-2331,1693,-233,-202,609,5585,22442,-3721,12856,-29217,240,-119,-6720,640,777,-266,159,640,,,,,,,,,,,,,,,,,,,,,,,,,,,,,,,,,,
19650000,-1724,2383,-53,-132,1321,4425,17864,-3782,9559,-30788,240,-80,-7680,639,769,34,155,639,,,,,,,,,,,,,,,,,,,,,,,,,,,,,,,,,,
19701000,-880,3432,-168,46,1934,16876,36174,-4698,4654,-28408,240,-80,-8320,638,750,-223,152,638,,,,,,,,,,,,,,,,,,,,,,,,,,,,,,,,,,
19750000,-233,4331,-325,36,611,11200,26714,-4515,894,-23183,240,-80,-8320,639,757,-186,155,639,,,,,,,,,,,,,,,,,,,,,,,,,,,,,,,,,,
19801000,235,5015,87,150,1146,13825,38738,-5736,-1835,-20372,240,-80,-8520,639,735,-135,155,639,,,,,,,,,,,,,,,,,,,,,,,,,,,,,,,,,,
19850000,566,5638,183,201,1787,14191,30559,-5675,-10965,-10705,240,-1319,-7480,638,764,-52,152,638,,,,,,,,,,,,,,,,,,,,,,,,,,,,,,,,,,
19901000,797,5699,-87,-3,1934,6622,22136,-5125,-8357,5226,240,-640,-4800,638,738,-164,152,638,,,,,,,,,,,,,,,,,,,,,,,,,,,,,,,,,,
19950000,424,5817,-225,-69,1007,-4058,27263,-5675,-2931,18006,240,-80,-2719,638,733,-165,152,638,,,,,,,,,,,,,,,,,,,,,,,,,,,,,,,,,,
20001000,361,5381,-35,309,1579,14130,1812,-6956,-2566,25699,240,-80,-959,639,741,62,155,639,,,,,,,,,,,,,,,,,,,,,,,,,,,,,,,,,,
20050000,488,4505,15,-16,694,7965,2788,-4637,-3306,22931,240,-80,-559,639,727,-301,155,639,,,,,,,,,,,,,,,,,,,,,,,,,,,,,,,,,,
20101000,302,3932,-26,2,1524,-4119,3582,-5614,-2458,18903,240,-119,-679,639,717,-120,155,639,,,,,,,,,,,,,,,,,,,,,,,,,,,,,,,,,,
20150000,177,3177,-169,180,1934,4608,-5573,-5369,-1497,8471,240,-80,-1720,640,688,-161,159,640,,,,,,,,,,,,,,,,,,,,,,,,,,,,,,,,,,
20201000,317,2723,54,184,1934,5036,6328,-6468,-2080,-11374,240,-39,-4680,639,700,81,155,639,,,,,,,,,,,,,,,,,,,,,,,,,,,,,,,,,,
20250000,207,2497,45,-90,823,3876,1873,-5919,-1438,-15012,119,-39,-5080,640,698,-334,159,640,,,,,,,,,,,,,,,,,,,,,,,,,,,,,,,,,,
20301000,76,2544,19,24,1020,31,15850,-5247,-911,-15433,-3479,-80,-5200,639,698,-84,155,639,,,,,,,,,,,,,,,,,,,,,,,,,,,,,,,,,,
20350000,-36,2883,46,182,1934,1618,9441,-2928,-486,-13467,-3359,-119,-5200,640,682,-38,159,640,,,,,,,,,,,,,,,,,,,,,,,,,,,,,,,,,,
20401000,-81,2862,144,112,1378,5341,11333,-3172,5356,-14516,-4800,840,-5360,638,654,-169,152,638,,,,,,,,,,,,,,,,,,,,,,,,,,,,,,,,,,
20450000,47,3094,127,-95,643,7782,12798,-2684,23207,-15260,-7319,4040,-5720,639,673,-237,155,639,,,,,,,,,,,,,,,,,,,,,,,,,,,,,,,,,,
20501000,249,3170,42,38,995,9308,13775,-426,59238,-14820,-20280,10439,-5720,639,652,-205,155,639,,,,,,,,,,,,,,,,,,,,,,,,,,,,,,,,,,
20550000,1047,3379,140,126,1733,32868,15667,6409,57154,-8254,-28559,10880,-4800,638,651,-110,152,638,,,,,,,,,,,,,,,,,,,,,,,,,,,,,,,,,,
20601000,2320,3390,-48,-117,1156,44342,7915,15870,26735,-2146,-34079,6919,-3760,638,640,-89,152,638,,,,,,,,,,,,,,,,,,,,,,,,,,,,,,,,,,
20650000,3260,3390,-27,247,1548,38910,10173,20020,-1748,1338,-42479,2960,-3159,638,629,-142,152,638,,,,,,,,,,,,,,,,,,,,,,,,,,,,,,,,,,
20701000,3778,3015,96,-59,614,26825,-385,26246,-22661,6832,-45000,-119,-1840,637,618,-365,148,637,,,,,,,,,,,,,,,,,,,,,,,,,,,,,,,,,,
20750000,3545,2673,-84,-113,933,9308,3948,30152,-20842,5772,-47160,-39,-1679,637,619,-246,148,637,,,,,,,,,,,,,,,,,,,,,,,,,,,,,,,,,,
20801000,2864,2150,-208,-194,885,9491,-7587,33692,-16880,3202,-49679,-39,-1599,638,614,-149,152,638,,,,,,,,,,,,,,,,,,,,,,,,,,,,,,,,,,
20850000,2477,1749,-78,116,1375,12299,4192,36317,-14865,1103,-46680,-80,-1560,636,618,-134,143,636,,,,,,,,,,,,,,,,,,,,,,,,,,,,,,,,,,
20901000,2025,1607,-128,78,1281,1190,-6000,31251,-12240,508,-13080,-80,-1519,542,584,-104,0,542,,,,,,,,,,,,,,,,,,,,,,,,,,,,,,,,,,
20950000,1403,857,19,234,1689,-2105,-18695,18677,-19784,-1991,-1919,-2000,-1200,542,581,-13,0,542,,,,,,,,,,,,,,,,,,,,,,,,,,,,,,,,,,
21001000,862,-17,-152,116,1504,-9917,-17108,7874,-33613,-5911,240,-4920,-1000,543,575,-27,0,543,,,,,,,,,,,,,,,,,,,,,,,,,,,,,,,,,,
21050000,-12,-476,-218,-61,778,-24382,-12958,3358,-35734,-8580,119,-6160,-1000,557,572,-23,0,557,,,,,,,,,,,,,,,,,,,,,,,,,,,,,,,,,,
21101000,-1019,-591,-346,-54,836,-16570,-11127,1160,-44296,-9251,240,-8639,-1000,597,558,-91,0,597,,,,,,,,,,,,,,,,,,,,,,,,,,,,,,,,,,
21150000,-1746,-608,24,-64,1709,-20232,-8869,1221,-43324,-9347,240,-9200,-1000,604,519,-332,15,604,,,,,,,,,,,,,,,,,,,,,,,,,,,,,,,,,,
21201000,-2455,-388,4,-41,105,-28777,-873,916,-38972,-11324,119,-9160,-1560,604,503,-718,15,604,,,,,,,,,,,,,,,,,,,,,,,,,,,,,,,,,,
21250000,-3540,8,123,70,768,-48308,5291,367,-32664,-13667,240,-9160,-2359,606,487,-373,24,606,,,,,,,,,,,,,,,,,,,,,,,,,,,,,,,,,,
21301000,-4745,497,152,25,779,-42449,3460,-2562,-25661,-21987,240,-9160,-4279,607,478,-607,27,607,,,,,,,,,,,,,,,,,,,,,,,,,,,,,,,,,,
21350000,-5254,951,96,46,816,-42327,10296,-1951,-22703,-20741,359,-9160,-4520,623,440,-489,92,623,,,,,,,,,,,,,,,,,,,,,,,,,,,,,,,,,,
21401000,-6094,1677,-121,-142,-45,-37993,12554,-3843,-17818,-17453,119,-9160,-4680,665,433,-684,260,665,,,,,,,,,,,,,,,,,,,,,,,,,,,,,,,,,,
21450000,-6211,2100,-68,-64,300,-25115,15606,-120,-13420,-13131,359,-8520,-4359,672,399,-556,287,672,,,,,,,,,,,,,,,,,,,,,,,,,,,,,,,,,,
21501000,-6582,2725,362,-78,738,-40801,15606,-2867,7105,-9266,359,-5360,-4320,671,350,-497,284,671,,,,,,,,,,,,,,,,,,,,,,,,,,,,,,,,,,
21550000,-6744,2899,-301,-348,88,-16509,8464,-3416,18741,-7328,240,-3520,-4160,670,287,-646,280,670,,,,,,,,,,,,,,,,,,,,,,,,,,,,,,,,,,
21601000,-5869,3019,-93,-150,-25,-396,8587,-1402,33884,-584,240,-39,-3120,669,275,-730,276,669,,,,,,,,,,,,,,,,,,,,,,,,,,,,,,,,,,
21650000,-4889,3116,-88,-14,709,7355,3276,-3111,27725,4628,240,-119,-2320,668,233,-438,271,668,,,,,,,,,,,,,,,,,,,,,,,,,,,,,,,,,,
21701000,-3724,2927,-199,171,1592,14374,-2582,-3050,20950,12136,240,-119,-839,669,214,-553,276,669,,,,,,,,,,,,,,,,,,,,,,,,,,,,,,,,,,
21750000,-2855,2611,-144,-182,848,9369,-4718,-4210,16135,14016,240,-80,-199,669,178,-520,276,669,,,,,,,,,,,,,,,,,,,,,,,,,,,,,,,,,,
21801000,-2003,1879,-88,151,1503,15473,-14789,-3050,33735,10689,240,3800,-39,669,191,-161,276,669,,,,,,,,,,,,,,,,,,,,,,,,,,,,,,,,,,
21850000,-1206,1461,-103,-351,900,21698,-10516,-5064,44911,12914,119,6519,759,669,172,-383,276,669,,,,,,,,,,,,,,,,,,,,,,,,,,,,,,,,,,
21901000,-6,740,19,61,1148,31830,-21869,-2501,52585,19187,119,9040,2560,668,150,-169,271,668,,,,,,,,,,,,,,,,,,,,,,,,,,,,,,,,,,
21950000,976,396,125,166,444,33234,-9296,-2135,55009,22763,240,10439,3520,669,126,-294,276,669,,,,,,,,,,,,,,,,,,,,,,,,,,,,,,,,,,
22001000,2197,28,390,140,981,47272,-20648,-2318,47447,19232,240,10360,3280,669,119,-155,276,669,,,,,,,,,,,,,,,,,,,,,,,,,,,,,,,,,,
22050000,3259,-344,12,81,428,43121,-15643,-792,41038,12414,240,10320,2479,669,79,-287,276,669,,,,,,,,,,,,,,,,,,,,,,,,,,,,,,,,,,
22101000,3867,-484,-145,-37,1934,35431,-17352,-1524,38669,208,240,10520,520,669,125,70,276,669,,,,,,,,,,,,,,,,,,,,,,,,,,,,,,,,,,
22150000,4558,-328,-139,92,979,50202,347,-853,32790,-2375,119,10200,-80,668,189,283,271,668,,,,,,,,,,,,,,,,,,,,,,,,,,,,,,,,,,
22201000,5280,106,27,-177,1273,38727,-6000,-1524,8137,155,119,6680,-80,668,145,273,271,668,,,,,,,,,,,,,,,,,,,,,,,,,,,,,,,,,,
22250000,5252,246,316,214,1250,33600,8953,245,-4955,967,119,4400,-80,667,129,-3,267,667,,,,,,,,,,,,,,,,,,,,,,,,,,,,,,,,,,
22301000,5087,851,-111,-288,1003,22614,1323,-303,-30039,4483,119,-80,-80,667,162,222,267,667,,,,,,,,,,,,,,,,,,,,,,,,,,,,,,,,,,
22350000,4177,587,253,91,1527,2289,-8258,1,-24980,2487,240,-119,-160,668,146,305,271,668,,,,,,,,,,,,,,,,,,,,,,,,,,,,,,,,,,
22401000,3144,1115,-135,46,823,13764,13408,-2135,-18977,5554,119,-119,-160,667,213,395,267,667,,,,,,,,,,,,,,,,,,,,,,,,,,,,,,,,,,
22450000,2720,1366,-114,-95,635,6317,-4657,-2379,-21856,5848,119,-1039,-360,668,206,520,271,668,,,,,,,,,,,,,,,,,,,,,,,,,,,,,,,,,,
22501000,1564,1315,80,-374,1103,-6011,4009,-1707,-57225,7415,119,-8280,-39,668,263,631,271,668,,,,,,,,,,,,,,,,,,,,,,,,,,,,,,,,,,
22550000,630,1422,-241,84,390,-20415,-8197,-2318,-53888,7801,0,-8639,-80,669,273,568,276,669,,,,,,,,,,,,,,,,,,,,,,,,,,,,,,,,,,
22601000,-1276,808,51,134,1303,-39702,-12531,-1036,-52102,4232,0,-10240,-80,658,309,718,231,658,,,,,,,,,,,,,,,,,,,,,,,,,,,,,,,,,,
22650000,-2387,929,11,-19,1873,-17241,1690,-2318,-45642,5172,0,-10240,-39,653,382,633,211,653,,,,,,,,,,,,,,,,,,,,,,,,,,,,,,,,,,
22701000,-3105,744,236,-129,242,-33660,-16254,-1951,-41473,4097,0,-10240,-39,652,380,625,208,652,,,,,,,,,,,,,,,,,,,,,,,,,,,,,,,,,,
22750000,-4525,509,-55,0,1321,-52276,-263,-3050,-33913,2494,119,-10360,-80,653,431,745,211,653,,,,,,,,,,,,,,,,,,,,,,,,,,,,,,,,,,
22801000,-5370,757,-189,5,1333,-25054,-6671,-3599,-30629,3936,119,-10640,-80,653,467,725,211,653,,,,,,,,,,,,,,,,,,,,,,,,,,,,,,,,,,
22850000,-5708,314,-373,-192,1310,-34575,-16681,-1524,-28199,1362,119,-10559,-80,653,480,647,211,653,,,,,,,,,,,,,,,,,,,,,,,,,,,,,,,,,,
22901000,-6634,401,-182,-41,1489,-46843,-629,-1158,-23284,6517,119,-10640,720,653,518,559,211,653,,,,,,,,,,,,,,,,,,,,,,,,,,,,,,,,,,
22950000,-7216,253,-87,-107,290,-34087,-22418,-2012,-16647,11236,119,-10080,1679,653,567,518,211,653,,,,,,,,,,,,,,,,,,,,,,,,,,,,,,,,,,
23001000,-7425,-367,-50,261,697,-38848,-16071,-3355,36188,16695,240,-1200,3239,652,581,446,208,652,,,,,,,,,,,,,,,,,,,,,,,,,,,,,,,,,,
23050000,-7100,-369,-383,-60,1269,-15471,-14667,-6285,35926,24356,240,-920,4560,653,605,340,211,653,,,,,,,,,,,,,,,,,,,,,,,,,,,,,,,,,,
23101000,-5895,-1173,-108,-187,526,-3386,-38593,-3538,33803,21081,240,-80,4800,653,659,616,211,653,,,,,,,,,,,,,,,,,,,,,,,,,,,,,,,,,,
23150000,-5139,-1651,-309,-374,913,-5034,-17597,-4271,29177,18302,119,-119,4800,653,683,602,211,653,,,,,,,,,,,,,,,,,,,,,,,,,,,,,,,,,,
23201000,-4246,-1652,-220,-107,337,2045,-26203,-3782,23989,15038,119,-119,4240,652,740,581,208,652,,,,,,,,,,,,,,,,,,,,,,,,,,,,,,,,,,
23250000,-3474,-2391,-240,-64,1263,2777,-33038,1588,19500,-2505,119,-119,1960,652,744,743,208,652,,,,,,,,,,,,,,,,,,,,,,,,,,,,,,,,,,
23301000,-2795,-1959,-335,-192,937,1984,-1911,672,15783,-11623,240,-80,-39,652,763,476,208,652,,,,,,,,,,,,,,,,,,,,,,,,,,,,,,,,,,
23350000,-2310,-1639,-365,-12,1876,-90,-29498,977,12732,-15810,240,-119,-1080,652,787,529,208,652,,,,,,,,,,,,,,,,,,,,,,,,,,,,,,,,,,
23401000,-1667,-2100,-27,-126,642,13397,-19733,3419,9225,-29184,240,-80,-2920,651,828,478,204,651,,,,,,,,,,,,,,,,,,,,,,,,,,,,,,,,,,
23450000,-970,-1388,-234,-99,945,9613,8526,2564,5178,-30854,119,-80,-3919,652,830,611,208,652,,,,,,,,,,,,,,,,,,,,,,,,,,,,,,,,,,
23501000,-239,-741,-440,-246,58,24262,-6488,2442,925,-33838,119,-80,-5080,652,872,598,208,652,,,,,,,,,,,,,,,,,,,,,,,,,,,,,,,,,,
23550000,511,-192,192,15,520,13275,17681,5067,-3435,-32040,119,-80,-5319,652,878,445,208,652,,,,,,,,,,,,,,,,,,,,,,,,,,,,,,,,,,
23601000,446,1419,206,125,1267,5280,27813,4517,-3291,-26392,240,-119,-5959,652,884,509,208,652,,,,,,,,,,,,,,,,,,,,,,,,,,,,,,,,,,
23650000,606,2181,-231,5,493,17365,8403,2320,-966,-25915,119,439,-6640,652,917,491,208,652,,,,,,,,,,,,,,,,,,,,,,,,,,,,,,,,,,
23701000,689,3250,-80,84,1684,702,43560,3052,24356,-26213,240,4879,-7760,637,936,499,148,637,,,,,,,,,,,,,,,,,,,,,,,,,,,,,,,,,,
23750000,518,5021,-274,-153,704,16144,43987,1221,25582,-20338,119,4920,-8520,629,937,253,116,629,,,,,,,,,,,,,,,,,,,,,,,,,,,,,,,,,,
23801000,1175,6073,282,130,783,23224,35503,-1463,8515,-17941,119,2639,-9160,625,949,211,100,625,,,,,,,,,,,,,,,,,,,,,,,,,,,,,,,,,,
23850000,1467,6850,103,184,931,9064,45391,-1097,-8760,-13889,119,-39,-9240,624,973,318,96,624,,,,,,,,,,,,,,,,,,,,,,,,,,,,,,,,,,
23901000,1150,7584,-24,160,343,2045,33794,-1524,-7153,-5436,119,-80,-8520,624,988,60,96,624,,,,,,,,,,,,,,,,,,,,,,,,,,,,,,,,,,
23950000,773,7574,183,-67,264,-3447,32268,-2012,-4958,2643,119,-80,-7120,623,992,314,92,623,,,,,,,,,,,,,,,,,,,,,,,,,,,,,,,,,,
24001000,226,7647,156,45,855,-3447,33123,-2562,-1780,18409,119,-80,-4479,623,991,112,92,623,,,,,,,,,,,,,,,,,,,,,,,,,,,,,,,,,,
24050000,54,7167,88,-65,1027,1434,13897,-4210,-784,25388,119,-80,-2799,623,1007,234,92,623,,,,,,,,,,,,,,,,,,,,,,,,,,,,,,,,,,
24101000,-156,6325,129,-403,-201,763,16399,-3233,445,27934,240,-80,-1519,622,1010,-156,87,622,,,,,,,,,,,,,,,,,,,,,,,,,,,,,,,,,,
24150000,-256,5490,-200,-255,139,-3142,7915,-4271,1255,25634,240,-39,-1080,623,1020,220,92,623,,,,,,,,,,,,,,,,,,,,,,,,,,,,,,,,,,
24201000,-544,4362,-51,-80,328,-3020,-1178,-3660,18511,23964,240,2639,-240,623,1029,40,92,623,,,,,,,,,,,,,,,,,,,,,,,,,,,,,,,,,,
24250000,-258,3485,180,100,616,16815,1140,-5125,28936,14909,119,4719,-920,623,1032,20,92,623,,,,,,,,,,,,,,,,,,,,,,,,,,,,,,,,,,
24301000,192,2712,-262,-88,945,11139,-5573,-4027,39105,8095,240,6919,-1319,623,1046,34,92,623,,,,,,,,,,,,,,,,,,,,,,,,,,,,,,,,,,
24350000,568,2108,-8,195,1403,20844,4802,-3416,36688,4813,119,6879,-1280,623,1031,80,92,623,,,,,,,,,,,,,,,,,,,,,,,,,,,,,,,,,,
24401000,1345,2031,59,272,1528,29633,5535,-4271,16128,4137,240,4119,-1319,631,1035,0,123,631,,,,,,,,,,,,,,,,,,,,,,,,,,,,,,,,,,
24450000,1733,1667,51,35,1504,18646,-3558,-4515,-10543,2486,240,-80,-1239,631,1044,-7,123,631,,,,,,,,,,,,,,,,,,,,,,,,,,,,,,,,,,
24501000,1561,1543,53,83,1074,3937,10845,-4271,-9772,1298,240,-119,-1319,632,1019,-223,128,632,,,,,,,,,,,,,,,,,,,,,,,,,,,,,,,,,,
24550000,1064,1697,82,-34,1037,-5339,1629,-4393,-7349,1727,240,-199,-1399,632,1030,6,128,632,,,,,,,,,,,,,,,,,,,,,,,,,,,,,,,,,,
24601000,588,1478,-63,-95,1070,1251,6939,-3905,-14579,6501,240,-1920,-360,631,1020,-113,123,631,,,,,,,,,,,,,,,,,,,,,,,,,,,,,,,,,,
24650000,209,1626,96,140,626,-6743,9502,-3233,-13771,9454,240,-2159,0,631,1016,-119,123,631,,,,,,,,,,,,,,,,,,,,,,,,,,,,,,,,,,
24701000,-578,1192,-171,-21,812,-10955,-7587,-2867,-9190,15998,240,-2159,1559,631,1003,-141,123,631,,,,,,,,,,,,,,,,,,,,,,,,,,,,,,,,,,
24750000,-1108,910,-140,-95,14,-4851,1629,-2745,-1461,25751,119,-1360,3520,632,1002,-309,128,632,,,,,,,,,,,,,,,,,,,,,,,,,,,,,,,,,,
24801000,-1706,787,4,-173,-104,-18401,-10516,-2989,9220,44105,119,-119,6800,636,975,-278,143,636,,,,,,,,,,,,,,,,,,,,,,,,,,,,,,,,,,
24850000,-1990,-79,-44,-202,558,-1433,-30231,-3782,10873,40229,119,-119,7000,641,976,-317,163,641,,,,,,,,,,,,,,,,,,,,,,,,,,,,,,,,,,
24901000,-1872,-746,-313,-27,1286,-9368,-16498,-3172,10187,31469,240,-119,6159,642,957,-285,168,642,,,,,,,,,,,,,,,,,,,,,,,,,,,,,,,,,,
24950000,-2052,-1215,-234,103,1551,-8574,-31452,-3172,11463,18042,240,-80,4319,642,952,-206,168,642,,,,,,,,,,,,,,,,,,,,,,,,,,,,,,,,,,
25001000,-1685,-1903,136,96,1639,8576,-25653,-3966,9567,-833,240,-39,1760,641,932,-356,163,641,,,,,,,,,,,,,,,,,,,,,,,,,,,,,,,,,,
25050000,-1409,-1752,-153,-209,805,-4058,-10028,-5064,7727,-6930,119,-80,559,641,907,-350,163,641,,,,,,,,,,,,,,,,,,,,,,,,,,,,,,,,,,
25101000,-1431,-1778,9,-180,32,2106,-19672,-3966,7856,-10570,119,-80,-39,641,920,-389,163,641,,,,,,,,,,,,,,,,,,,,,,,,,,,,,,,,,,
25150000,-1085,-1598,35,-9,272,2350,-4047,-5491,5844,-9524,240,-80,-39,641,919,-65,163,641,,,,,,,,,,,,,,,,,,,,,,,,,,,,,,,,,,
25201000,-1050,-1149,196,-42,1671,-5706,-11188,-6285,5407,-9009,240,-119,-399,641,906,-161,163,641,,,,,,,,,,,,,,,,,,,,,,,,,,,,,,,,,,
25250000,-1079,-1045,103,32,780,1495,-7892,-5491,5810,-21192,240,-80,-2600,640,908,-211,159,640,,,,,,,,,,,,,,,,,,,,,,,,,,,,,,,,,,
25301000,-881,-624,-434,-108,912,4669,1201,-7017,4891,-28045,119,-39,-4200,640,892,-113,159,640,,,,,,,,,,,,,,,,,,,,,,,,,,,,,,,,,,
25350000,-769,-177,10,237,1293,5280,9624,-5797,4007,-24980,119,-80,-4119,641,863,-176,163,641,,,,,,,,,,,,,,,,,,,,,,,,,,,,,,,,,,
25401000,-512,566,-139,42,1114,9125,9807,-6529,2512,-13445,119,-80,-2879,639,867,-83,155,639,,,,,,,,,,,,,,,,,,,,,,,,,,,,,,,,,,
25450000,-545,573,3,-45,535,3571,-5023,-7078,2708,-6896,119,-80,-1760,614,853,-234,56,614,,,,,,,,,,,,,,,,,,,,,,,,,,,,,,,,,,
25501000,-444,643,132,-82,387,4547,12859,-7811,1887,-4397,359,-119,-1399,610,808,-539,40,610,,,,,,,,,,,,,,,,,,,,,,,,,,,,,,,,,,
25550000,-397,942,11,-172,690,-1921,-1422,-8055,2077,-1963,240,-39,-1280,611,797,-392,44,611,,,,,,,,,,,,,,,,,,,,,,,,,,,,,,,,,,
25601000,-490,691,-66,-347,272,5280,-629,-7811,2386,-3185,119,-80,-1239,610,765,-386,40,610,,,,,,,,,,,,,,,,,,,,,,,,,,,,,,,,,,
25650000,-132,894,-8,61,1441,15411,5413,-9276,73,-615,119,-119,-1000,609,763,-427,36,609,,,,,,,,,,,,,,,,,,,,,,,,,,,,,,,,,,
25701000,226,760,117,-147,603,4547,-11310,-8177,-2011,-928,-6839,-119,-920,611,721,-697,44,611,,,,,,,,,,,,,,,,,,,,,,,,,,,,,,,,,,
25750000,101,591,-59,-74,1136,-5584,3521,-3416,-1286,-1442,-13439,-119,-839,626,708,-439,103,626,,,,,,,,,,,,,,,,,,,,,,,,,,,,,,,,,,
25801000,-147,751,-2,-4,203,-274,-4901,2991,391,415,-26040,-80,-679,629,677,-573,116,629,,,,,,,,,,,,,,,,,,,,,,,,,,,,,,,,,,
25850000,-164,460,44,372,1934,4486,-2216,11536,493,1283,-30960,-80,-240,632,671,-532,128,632,,,,,,,,,,,,,,,,,,,,,,,,,,,,,,,,,,
25901000,-262,918,-219,15,973,3021,7122,16053,1063,3712,-34800,-80,-279,638,635,-594,152,638,,,,,,,,,,,,,,,,,,,,,,,,,,,,,,,,,,
25950000,-374,600,56,16,1258,-1921,-11188,20264,1709,2095,-38039,-80,-240,637,623,-457,148,637,,,,,,,,,,,,,,,,,,,,,,,,,,,,,,,,,,
26001000,-320,819,-27,179,1323,1312,18352,24049,1167,3367,-37680,-119,-240,638,598,-483,152,638,,,,,,,,,,,,,,,,,,,,,,,,,,,,,,,,,,
26050000,-314,1201,-263,-300,574,1251,-3131,24720,1131,5824,-34320,-119,-199,638,574,-563,152,638,,,,,,,,,,,,,,,,,,,,,,,,,,,,,,,,,,
26101000,-372,751,3,-230,288,-3386,103,24781,1470,3207,-34320,-119,-199,662,546,-678,248,662,,,,,,,,,,,,,,,,,,,,,,,,,,,,,,,,,,
26150000,-617,1265,-194,136,1142,-6743,11699,25574,3123,5960,-31440,-80,-240,689,537,-444,356,689,,,,,,,,,,,,,,,,,,,,,,,,,,,,,,,,,,
26201000,-623,1167,220,-141,390,9552,-15949,23011,2929,-423,-27479,-119,-1239,694,491,-368,376,694,,,,,,,,,,,,,,,,,,,,,,,,,,,,,,,,,,
26250000,-225,1065,-131,-128,1265,8453,8587,23316,613,-5434,-26160,-119,-2000,694,466,-494,376,694,,,,,,,,,,,,,,,,,,,,,,,,,,,,,,,,,,
26301000,-263,1544,-435,-54,1699,-2471,-1849,20753,-16837,-9393,-19679,-3159,-3159,693,404,-495,372,693,,,,,,,,,,,,,,,,,,,,,,,,,,,,,,,,,,
26350000,-285,1216,366,179,1899,2960,3460,19532,-22055,-12226,-15480,-4080,-3320,694,402,-525,376,694,,,,,,,,,,,,,,,,,,,,,,,,,,,,,,,,,,
26401000,-462,1726,119,-86,223,-10222,18352,16602,-27539,-8796,-2040,-5200,-3240,691,373,-386,363,691,,,,,,,,,,,,,,,,,,,,,,,,,,,,,,,,,,
26450000,-1025,1731,4,82,1867,-14617,-3925,6776,-27519,-8301,-119,-5759,-3159,683,369,-266,332,683,,,,,,,,,,,,,,,,,,,,,,,,,,,,,,,,,,
26501000,-1422,1741,31,-68,1479,-9185,13897,4395,-33582,-10106,119,-7200,-3480,684,377,-77,336,684,,,,,,,,,,,,,,,,,,,,,,,,,,,,,,,,,,
26550000,-1930,1978,-51,77,11,-20293,-202,3480,-30630,-10820,0,-7200,-3839,683,371,-83,332,683,,,,,,,,,,,,,,,,,,,,,,,,,,,,,,,,,,
26601000,-2794,1721,-219,69,1077,-25420,7061,5372,-25607,-19058,0,-7200,-5000,683,392,110,332,683,,,,,,,,,,,,,,,,,,,,,,,,,,,,,,,,,,
26650000,-3152,2103,240,134,1934,-18523,15972,2930,-23756,-16605,119,-7240,-4960,683,365,105,332,683,,,,,,,,,,,,,,,,,,,,,,,,,,,,,,,,,,
26701000,-3907,1947,15,188,1813,-40068,713,4212,-18903,-10765,240,-7160,-3800,683,386,215,332,683,,,,,,,,,,,,,,,,,,,,,,,,,,,,,,,,,,
26750000,-4592,2110,142,203,1934,-28045,15239,2564,-13299,-4238,0,-6879,-2840,683,432,133,332,683,,,,,,,,,,,,,,,,,,,,,,,,,,,,,,,,,,
26801000,-4797,2187,-398,-72,98,-24382,-568,3602,-12569,5276,119,-6960,-1280,685,462,420,340,685,,,,,,,,,,,,,,,,,,,,,,,,,,,,,,,,,,
26850000,-5116,1852,22,-65,829,-31218,5779,3785,-12342,9607,240,-7240,-199,685,464,348,340,685,,,,,,,,,,,,,,,,,,,,,,,,,,,,,,,,,,
26901000,-5284,2161,47,81,1170,-24138,6755,2503,-11365,11865,119,-7240,-119,684,471,329,336,684,,,,,,,,,,,,,,,,,,,,,,,,,,,,,,,,,,
26950000,-5171,1775,313,-32,1588,-23162,-8624,2625,766,9857,240,-5039,-80,685,507,256,340,685,,,,,,,,,,,,,,,,,,,,,,,,,,,,,,,,,,
27001000,-5164,1501,-121,24,635,-15960,7671,1527,29554,8262,119,-80,-80,684,520,327,336,684,,,,,,,,,,,,,,,,,,,,,,,,,,,,,,,,,,
27050000,-4162,1247,-74,204,1934,9918,-9723,1466,23732,6785,240,-80,-80,684,537,451,336,684,,,,,,,,,,,,,,,,,,,,,,,,,,,,,,,,,,
27101000,-3028,704,-98,41,1934,3632,-2582,2015,17140,4096,240,-80,0,684,539,401,336,684,,,,,,,,,,,,,,,,,,,,,,,,,,,,,,,,,,
27150000,-2234,874,-17,-304,1307,13825,-140,1649,19032,4617,240,1040,-80,684,541,-34,336,684,,,,,,,,,,,,,,,,,,,,,,,,,,,,,,,,,,
27201000,-1410,647,365,-18,-63,11871,-6061,2015,44240,3997,0,6199,39,684,576,217,336,684,,,,,,,,,,,,,,,,,,,,,,,,,,,,,,,,,,
27250000,-600,596,-252,179,1367,25177,-1605,794,40229,4860,240,6319,239,684,566,223,336,684,,,,,,,,,,,,,,,,,,,,,,,,,,,,,,,,,,
27301000,547,418,-203,121,926,28107,-9052,3114,24021,2665,240,4679,39,683,602,232,332,683,,,,,,,,,,,,,,,,,,,,,,,,,,,,,,,,,,
27350000,1281,435,-238,-19,1724,24628,-2033,1649,-7449,1831,240,0,-119,685,623,396,340,685,,,,,,,,,,,,,,,,,,,,,,,,,,,,,,,,,,
27401000,1713,306,124,-113,1520,18280,-5573,916,-10427,1551,240,-80,-39,683,630,316,332,683,,,,,,,,,,,,,,,,,,,,,,,,,,,,,,,,,,
27450000,1499,346,-106,-188,1363,6073,652,1,-9415,1784,119,-119,-39,684,650,370,336,684,,,,,,,,,,,,,,,,,,,,,,,,,,,,,,,,,,
27501000,1510,445,-133,-54,1934,16998,-10211,-2012,-9243,2122,119,-80,-80,683,642,425,332,683,,,,,,,,,,,,,,,,,,,,,,,,,,,,,,,,,,
27550000,1385,357,48,-57,1662,6012,-2704,-1646,-8751,1846,240,-119,-39,684,683,383,336,684,,,,,,,,,,,,,,,,,,,,,,,,,,,,,,,,,,
27601000,1005,579,423,66,703,6073,-5634,-3233,-6543,2906,240,-119,-80,683,720,587,332,683,,,,,,,,,,,,,,,,,,,,,,,,,,,,,,,,,,
27650000,826,446,222,8,950,4974,-6671,-2806,-5271,2131,359,-80,-80,683,744,610,332,683,,,,,,,,,,,,,,,,,,,,,,,,,,,,,,,,,,
27701000,428,526,43,17,1411,-2410,-6061,-4942,-3186,2828,359,-119,-39,683,799,640,332,683,,,,,,,,,,,,,,,,,,,,,,,,,,,,,,,,,,
27750000,46,322,-143,-16,1758,-4180,-8991,-2623,-734,1642,240,-80,-39,683,807,497,332,683,,,,,,,,,,,,,,,,,,,,,,,,,,,,,,,,,,
27801000,-326,391,129,-83,1468,1007,-6610,-5430,1434,2042,359,-80,-39,683,843,697,332,683,,,,,,,,,,,,,,,,,,,,,,,,,,,,,,,,,,
27850000,-455,136,-12,-60,1294,3204,-16986,-2806,1719,560,1920,-160,-39,670,872,645,280,670,,,,,,,,,,,,,,,,,,,,,,,,,,,,,,,,,,
27901000,-516,51,-207,-81,1577,2777,-5695,-5797,2536,68,4920,-80,-39,637,883,657,148,637,,,,,,,,,,,,,,,,,,,,,,,,,,,,,,,,,,
27950000,-617,44,3,-23,1346,6195,-10944,-6407,2892,-208,4799,-119,-80,636,908,421,143,636,,,,,,,,,,,,,,,,,,,,,,,,,,,,,,,,,,
28001000,-584,7,11,87,-109,7050,-7526,-4820,2931,-186,3000,-80,-39,638,935,443,152,638,,,,,,,,,,,,,,,,,,,,,,,,,,,,,,,,,,
28050000,-468,154,-26,18,910,4852,-5634,-4149,18996,198,3119,2799,-119,638,960,472,152,638,,,,,,,,,,,,,,,,,,,,,,,,,,,,,,,,,,
28101000,-376,321,141,87,1309,15839,-7098,-4454,43574,-3012,3119,7119,-839,637,989,568,148,637,,,,,,,,,,,,,,,,,,,,,,,,,,,,,,,,,,
28150000,425,460,75,17,1410,39887,-4413,-3294,37983,-2204,1920,6960,-839,638,990,125,152,638,,,,,,,,,,,,,,,,,,,,,,,,,,,,,,,,,,
28201000,1350,695,138,18,365,27863,-3436,-2257,-2035,3810,359,999,-39,637,1014,367,148,637,,,,,,,,,,,,,,,,,,,,,,,,,,,,,,,,,,
28250000,1605,666,154,57,723,16876,-8136,-975,-10028,3175,359,-119,-119,637,1008,300,148,637,,,,,,,,,,,,,,,,,,,,,,,,,,,,,,,,,,
28301000,1618,591,102,-51,216,13336,-4718,-548,-9870,2973,240,-80,-80,637,1027,83,148,637,,,,,,,,,,,,,,,,,,,,,,,,,,,,,,,,,,
28350000,1504,626,118,164,1489,9186,-6915,-914,-9211,3173,240,-80,-80,637,1043,214,148,637,,,,,,,,,,,,,,,,,,,,,,,,,,,,,,,,,,
28401000,975,638,-123,161,1720,-3569,-6610,-120,-6132,3245,359,-80,-80,637,1065,161,148,637,,,,,,,,,,,,,,,,,,,,,,,,,,,,,,,,,,
28450000,508,632,-171,-13,1046,4364,-7526,-1646,-3651,3444,359,-119,-39,637,1070,227,148,637,,,,,,,,,,,,,,,,,,,,,,,,,,,,,,,,,,
28501000,658,532,-109,-204,1,7782,-8563,-670,-11732,1933,359,-1360,-199,638,1085,-62,152,638,,,,,,,,,,,,,,,,,,,,,,,,,,,,,,,,,,
28550000,477,554,110,-57,631,-9551,-4962,916,-21843,-5612,240,-3279,-1519,637,1082,189,148,637,,,,,,,,,,,,,,,,,,,,,,,,,,,,,,,,,,
28601000,-217,768,122,46,1580,-9734,-812,-1524,-18498,-18085,119,-3400,-3880,636,1091,-28,143,636,,,,,,,,,,,,,,,,,,,,,,,,,,,,,,,,,,
28650000,-468,983,-110,-14,1457,-3508,591,-59,-12852,-31250,119,-2680,-6360,636,1114,90,143,636,,,,,,,,,,,,,,,,,,,,,,,,,,,,,,,,,,
28701000,-841,1450,-138,84,1754,-8086,15789,977,-7663,-37372,119,-2159,-7880,618,1099,223,71,618,,,,,,,,,,,,,,,,,,,,,,,,,,,,,,,,,,
28750000,-1059,2145,39,63,1187,-213,16521,306,-6629,-40773,119,-2200,-9160,616,1120,-56,63,616,,,,,,,,,,,,,,,,,,,,,,,,,,,,,,,,,,
28801000,-1173,2648,-108,48,1339,-12420,22930,489,-13407,-38316,119,-3480,-9240,616,1110,-136,63,616,,,,,,,,,,,,,,,,,,,,,,,,,,,,,,,,,,
28850000,-1580,3569,-74,-144,771,-13884,34771,428,-12203,-32032,359,-3680,-9080,616,1119,30,63,616,,,,,,,,,,,,,,,,,,,,,,,,,,,,,,,,,,
28901000,-1536,4373,-17,285,1778,2350,25493,-426,-12460,-28754,359,-3680,-9320,616,1115,184,63,616,,,,,,,,,,,,,,,,,,,,,,,,,,,,,,,,,,
28950000,-1401,4795,-7,222,1882,-1555,28789,1221,-13013,-26764,359,-3639,-9400,617,1116,38,67,617,,,,,,,,,,,,,,,,,,,,,,,,,,,,,,,,,,
29001000,-1796,5436,-185,167,1650,-20781,35198,1282,-10486,-23039,240,-3600,-9400,616,1092,-158,63,616,,,,,,,,,,,,,,,,,,,,,,,,,,,,,,,,,,
29050000,-2465,5821,-35,-22,1213,-14556,28972,-1097,-6592,-20801,359,-3600,-9400,616,1099,-219,63,616,,,,,,,,,,,,,,,,,,,,,,,,,,,,,,,,,,
29101000,-2662,5974,-33,146,1370,-10222,30742,428,-5449,-19445,240,-3600,-9320,616,1101,-150,63,616,,,,,,,,,,,,,,,,,,,,,,,,,,,,,,,,,,
29150000,-3049,6224,-49,196,1608,-16387,31353,1,-11568,-17991,359,-5039,-9320,617,1079,-181,67,617,,,,,,,,,,,,,,,,,,,,,,,,,,,,,,,,,,
29201000,-3271,6105,28,255,1397,-19500,25249,62,-17256,-17522,240,-6240,-9119,617,1081,-236,67,617,,,,,,,,,,,,,,,,,,,,,,,,,,,,,,,,,,
29250000,-3692,6242,-90,295,1895,-25847,37578,-731,-18296,-14631,359,-6840,-8760,617,1063,-305,67,617,,,,,,,,,,,,,,,,,,,,,,,,,,,,,,,,,,
29301000,-4090,6479,74,-172,375,-23711,23967,-1097,-17840,-6746,359,-7160,-7640,617,1066,-554,67,617,,,,,,,,,,,,,,,,,,,,,,,,,,,,,,,,,,
29350000,-4672,6089,95,-188,253,-35552,18169,-1036,-14458,-1339,240,-7160,-6319,616,1060,-109,63,616,,,,,,,,,,,,,,,,,,,,,,,,,,,,,,,,,,
29401000,-4988,5842,176,-120,630,-16326,19329,-1585,5050,11408,240,-4119,-3880,616,1035,-490,63,616,,,,,,,,,,,,,,,,,,,,,,,,,,,,,,,,,,
29450000,-4683,5156,-37,-179,212,-20659,1018,-1829,26525,21604,359,-119,-1440,616,1008,-460,63,616,,,,,,,,,,,,,,,,,,,,,,,,,,,,,,,,,,
29501000,-4529,4101,-20,-64,835,-7109,-5084,-3905,25630,23607,359,-119,-39,617,1002,-312,67,617,,,,,,,,,,,,,,,,,,,,,,,,,,,,,,,,,,
29550000,-3390,3210,50,247,1424,20416,-11371,-2745,19244,27727,359,-80,1559,616,974,-391,63,616,,,,,,,,,,,,,,,,,,,,,,,,,,,,,,,,,,
29601000,-2463,2104,-67,218,1781,-3386,-20953,428,13853,42689,359,-80,5239,616,950,-549,63,616,,,,,,,,,,,,,,,,,,,,,,,,,,,,,,,,,,
29650000,-2297,1097,-81,107,1760,1923,-25958,-2440,18937,45207,359,959,6680,617,921,-583,67,617,,,,,,,,,,,,,,,,,,,,,,,,,,,,,,,,,,
29701000,-1393,-28,-248,91,1701,20538,-40180,-1768,22517,41219,359,2479,7119,616,883,-765,63,616,,,,,,,,,,,,,,,,,,,,,,,,,,,,,,,,,,
29750000,-665,-1143,-36,114,1934,9308,-40302,-548,17585,31255,359,2360,6519,617,831,-779,67,617,,,,,,,,,,,,,,,,,,,,,,,,,,,,,,,,,,
29801000,-297,-1801,90,-7,1070,12970,-31146,-487,1032,8828,359,-119,3320,617,792,-868,67,617,,,,,,,,,,,,,,,,,,,,,,,,,,,,,,,,,,
29850000,198,-2196,93,71,775,12238,-31940,-853,-1618,-13230,240,-80,-80,617,724,-1071,67,617,,,,,,,,,,,,,,,,,,,,,,,,,,,,,,,,,,
29901000,95,-2176,-119,-63,563,1801,-11432,977,-1021,-13114,240,-80,-80,617,682,-965,67,617,,,,,,,,,,,,,,,,,,,,,,,,,,,,,,,,,,
29950000,112,-1325,73,-147,596,11261,-2155,367,-1350,-8168,119,-119,-80,617,638,-1027,67,617,,,,,,,,,,,,,,,,,,,,,,,,,,,,,,,,,,
30001000,356,-786,-199,-233,133,12421,-10761,1405,-2768,-5038,240,-119,-80,618,626,-1023,71,618,,,,,,,,,,,,,,,,,,,,,,,,,,,,,,,,,,
30050000,411,-224,-12,-64,89,10407,7061,17730101000,244,718,151,24,738,-823,5718,611,-2116,3944,240,-119,-39,617,534,-875,67,617,,,,,,,,,,,,,,,,,,,,,,,,,,
30150000,141,1138,150,29,856,9003,2483,245,-1290,7780,240,-80,199,617,495,-873,67,617,,,,,,,,,,,,,,,,,,,,,,,,,,,,,,,,,,
30201000,360,1701,-242,-8,644,5951,6084,611,-2558,10585,359,-80,120,546,420,-1070,0,546,,,,,,,,,,,,,,,,,,,,,,,,,,,,,,,,,,
30250000,163,1886,23,-65,1041,-2349,-202,977,-1650,10500,359,-119,-80,462,380,-1148,0,462,,,,,,,,,,,,,,,,,,,,,,,,,,,,,,,,,,
30301000,-282,1908,-202,-23,937,-5339,-3681,-792,947,10860,359,-119,-39,289,250,-1401,-443,289,,,,,,,,,,,,,,,,,,,,,,,,,,,,,,,,,,
30350000,-496,1798,-45,-107,841,214,-8930,-2196,2423,10221,240,-80,-39,35,223,-1549,-1460,35,,,,,,,,,,,,,,,,,,,,,,,,,,,,,,,,,,
30401000,-532,1466,32,-51,779,5585,-17902,-1890,2628,8059,480,-80,-80,0,128,-1769,-1600,0,,,,,,,,,,,,,,,,,,,,,,,,,,,,,,,,,,
30450000,533,445,1025,-749,1934,35980,-31940,-5308,-3565,2356,0,-80,-39,0,71,-1589,-1600,0,,,,,,,,,,,,,,,,,,,,,,,,,,,,,,,,,,
30501000,-519,-571,-124,184,922,-39214,-8624,-56883,2553,-3552,359,-80,-39,0,123,-873,-1600,0,,,,,,,,,,,,,,,,,,,,,,,,,,,,,,,,,,
30550000,-1931,-854,-339,-193,658,-20232,-14972,-23192,10762,-5434,5639,-80,-80,0,162,-633,-1600,0,,,,,,,,,,,,,,,,,,,,,,,,,,,,,,,,,,
30601000,-2892,-1225,152,-188,-280,-11809,-25165,-23863,16115,-7588,5399,-119,-80,0,163,-799,-1600,0,,,,,,,,,,,,,,,,,,,,,,,,,,,,,,,,,,
30650000,-3219,-1431,-43,116,946,-4119,-22601,-20628,18249,-8788,5399,-80,-80,0,200,-571,-1600,0,,,,,,,,,,,,,,,,,,,,,,,,,,,,,,,,,,
30701000,-3506,-1487,1597,-740,1310,1373,-6793,-25450,19920,-9108,5399,-80,-80,0,161,-640,-1600,0,,,,,,,,,,,,,,,,,,,,,,,,,,,,,,,,,,
30750000,-3714,4227,1076,-1613,1934,-68572,162517,7630,21128,24110,5520,-80,-80,0,118,-1070,-1600,0,,,,,,,,,,,,,,,,,,,,,,,,,,,,,,,,,,
30801000,-5206,5531,235,-588,115,31525,-8685,8973,29797,31687,5520,-80,-80,0,158,-853,-1600,0,,,,,,,,,,,,,,,,,,,,,,,,,,,,,,,,,,
30850000,-5129,4123,-106,-124,-490,-42083,-59528,-48399,29349,23503,5520,-80,-80,0,168,-705,-1600,0,,,,,,,,,,,,,,,,,,,,,,,,,,,,,,,,,,
30901000,-5232,1786,940,-208,997,18768,-89496,-20506,29715,10151,4440,-119,-39,0,103,-613,-1600,0,,,,,,,,,,,,,,,,,,,,,,,,,,,,,,,,,,
30950000,-5171,2729,-559,188,1441,14130,77495,-22093,29598,15399,2640,-80,-80,0,109,-540,-1600,0,,,,,,,,,,,,,,,,,,,,,,,,,,,,,,,,,,
31001000,-4683,4166,192,-40,1434,-17424,-57147,3602,26761,23752,119,-80,-80,0,105,-297,-1600,0,,,,,,,,,,,,,,,,,,,,,,,,,,,,,,,,,,
31050000,-4202,2243,-202,-232,717,-5339,9319,5738,23729,12578,0,-119,-80,0,147,-193,-1600,0,,,,,,,,,,,,,,,,,,,,,,,,,,,,,,,,,,
31101000,-3740,3921,136,166,791,3265,26592,10377,21277,23258,0,-80,79,0,80,-485,-1600,0,,,,,,,,,,,,,,,,,,,,,,,,,,,,,,,,,,
31150000,-3333,2568,-120,-279,553,-5217,-33710,-5552,18912,14463,-119,-80,-80,0,126,-171,-1600,0,,,,,,,,,,,,,,,,,,,,,,,,,,,,,,,,,,
31201000,-2929,2402,79,94,1143,4364,29277,3236,16560,13500,0,-80,-80,0,148,55,-1600,0,,,,,,,,,,,,,,,,,,,,,,,,,,,,,,,,,,
31250000,-2556,2636,157,-61,1227,1862,-14850,-3355,14394,15092,0,-80,-39,0,144,100,-1600,0,,,,,,,,,,,,,,,,,,,,,,,,,,,,,,,,,,
31301000,-2249,1493,-66,-58,445,92,-1666,-1341,12378,8450,0,-119,-39,0,135,-230,-1600,0,,,,,,,,,,,,,,,,,,,,,,,,,,,,,,,,,,
31350000,-1958,1952,-74,20,1081,946,14446,2808,10917,10886,240,-80,-80,0,127,-174,-1600,0,,,,,,,,,,,,,,,,,,,,,,,,,,,,,,,,,,
31401000,-1743,1292,-91,190,1110,1068,-14240,-2745,9437,7050,359,-119,-80,0,122,-128,-1600,0,,,,,,,,,,,,,,,,,,,,,,,,,,,,,,,,,,
31450000,-1575,1081,32,-11,1062,3449,13836,2503,8461,6053,240,-119,-39,0,74,-319,-1600,0,,,,,,,,,,,,,,,,,,,,,,,,,,,,,,,,,,
31501000,-1405,1165,87,-37,1037,702,-6549,855,7707,6312,240,-80,-80,0,139,97,-1600,0,,,,,,,,,,,,,,,,,,,,,,,,,,,,,,,,,,
31550000,-1279,596,-13,26,1041,4974,-2399,-487,6742,3001,240,-119,-80,0,99,-142,-1600,0,,,,,,,,,,,,,,,,,,,,,,,,,,,,,,,,,,
31601000,-1181,800,82,-77,1043,-1067,3948,2381,6399,4187,240,-80,-80,0,173,155,-1600,0,,,,,,,,,,,,,,,,,,,,,,,,,,,,,,,,,,
31650000,-1088,455,26,54,895,2411,-6854,-1158,5863,2183,359,-80,-80,0,138,-16,-1600,0,,,,,,,,,,,,,,,,,,,,,,,,,,,,,,,,,,
31701000,-1025,404,65,-101,964,-2044,5230,2442,5497,1883,240,-80,-80,0,102,-138,-1600,0,,,,,,,,,,,,,,,,,,,,,,,,,,,,,,,,,,
31750000,-984,398,11,12,1092,702,-3314,-1341,5259,1849,240,-80,-80,0,139,43,-1600,0,,,,,,,,,,,,,,,,,,,,,,,,,,,,,,,,,,
31801000,-923,122,-61,-37,1083,397,2361,1160,4670,479,240,-119,-39,0,145,117,-1600,0,,,,,,,,,,,,,,,,,,,,,,,,,,,,,,,,,,
31850000,-887,235,20,31,957,-2166,2361,-303,4696,901,240,-80,-80,0,128,59,-1600,0,,,,,,,,,,,,,,,,,,,,,,,,,,,,,,,,,,
31901000,-830,33,-17,5,1170,885,-3253,123,4596,-269,240,-39,-80,0,125,62,-1600,0,,,,,,,,,,,,,,,,,,,,,,,,,,,,,,,,,,
31950000,-816,29,7,39,947,-1067,3093,611,4283,-62,240,-80,-39,0,90,-90,-1600,0,,,,,,,,,,,,,,,,,,,,,,,,,,,,,,,,,,
32001000,-778,0,-32,-13,1043,-90,-2216,-731,4058,-233,240,-80,-39,10,121,68,-1560,10,,,,,,,,,,,,,,,,,,,,,,,,,,,,,,,,,,
32050000,-757,-108,3,-20,996,336,957,367,3937,-1094,240,-80,-80,42,125,59,-1432,42,,,,,,,,,,,,,,,,,,,,,,,,,,,,,,,,,,
32101000,-739,-49,38,-19,971,458,-446,794,3831,-752,359,-80,-80,77,145,178,-1292,77,,,,,,,,,,,,,,,,,,,,,,,,,,,,,,,,,,
32150000,-714,-148,-9,-57,1043,458,-2643,367,3687,-1325,359,-80,-80,82,153,211,-1272,82,,,,,,,,,,,,,,,,,,,,,,,,,,,,,,,,,,
32201000,-710,-86,-15,-10,968,214,2178,-181,3434,-735,359,-119,-39,92,52,-287,-1232,92,,,,,,,,,,,,,,,,,,,,,,,,,,,,,,,,,,
32250000,-680,-98,16,-11,1015,-640,-629,-1280,3488,-804,359,-80,-39,128,151,167,-1088,128,,,,,,,,,,,,,,,,,,,,,,,,,,,,,,,,,,
32301000,-680,-138,38,-17,1056,-518,408,-609,3259,-1038,359,-119,-39,180,125,5,-880,180,,,,,,,,,,,,,,,,,,,,,,,,,,,,,,,,,,
32350000,-689,-86,44,-80,872,-1067,-995,367,3313,-967,359,-119,-80,191,142,109,-836,191,,,,,,,,,,,,,,,,,,,,,,,,,,,,,,,,,,
32401000,-695,-139,8,-9,981,1007,286,855,3345,-1275,240,-119,-80,226,101,-165,-696,226,,,,,,,,,,,,,,,,,,,,,,,,,,,,,,,,,,
32450000,-698,-66,10,22,990,-579,835,-181,3594,-848,240,-80,-80,241,87,-176,-636,241,,,,,,,,,,,,,,,,,,,,,,,,,,,,,,,,,,
32501000,-716,-120,-19,-110,1108,153,-1300,-487,3469,-935,359,-119,-39,249,111,84,-604,249,,,,,,,,,,,,,,,,,,,,,,,,,,,,,,,,,,
32550000,-696,-139,4,-24,1023,-1128,-934,977,3585,-1273,240,-80,-80,250,176,273,-596,250,,,,,,,,,,,,,,,,,,,,,,,,,,,,,,,,,,
32601000,-706,-142,-167,-87,823,1557,-324,-2440,3411,-1295,359,-119,-80,254,122,-91,-584,254,,,,,,,,,,,,,,,,,,,,,,,,,,,,,,,,,,
32650000,-750,-175,42,246,1785,-640,103,1832,3899,-1487,240,-80,-80,265,213,38,-540,265,,,,,,,,,,,,,,,,,,,,,,,,,,,,,,,,,,
32701000,-773,-132,43,196,1934,-213,-1178,1343,4031,-1003,240,-80,-39,272,122,-242,-511,272,,,,,,,,,,,,,,,,,,,,,,,,,,,,,,,,,,
32750000,-793,-116,-186,-161,1040,-579,-3314,-6773,4147,-1141,240,-80,-80,274,162,-18,-504,274,,,,,,,,,,,,,,,,,,,,,,,,,,,,,,,,,,
32801000,-800,-8,-9,-133,844,92,896,-3966,4185,-516,359,-80,-80,288,150,-124,-448,288,,,,,,,,,,,,,,,,,,,,,,,,,,,,,,,,,,
32850000,-783,47,-144,-191,964,1557,-1361,-1402,3855,-187,240,-119,-80,294,78,-233,-424,294,,,,,,,,,,,,,,,,,,,,,,,,,,,,,,,,,,
32901000,-745,32,88,-134,1098,-151,-1178,-3050,3870,-275,240,-80,-80,307,146,145,-371,307,,,,,,,,,,,,,,,,,,,,,,,,,,,,,,,,,,
32950000,-771,69,122,-128,394,641,-812,-1402,4017,171,240,-80,-39,319,132,76,-323,319,,,,,,,,,,,,,,,,,,,,,,,,,,,,,,,,,,
33001000,-764,61,-78,78,1587,-945,469,-2928,3978,125,359,-80,-39,333,119,168,-267,333,,,,,,,,,,,,,,,,,,,,,,,,,,,,,,,,,,
33050000,-745,54,22,-69,1044,-151,-507,2381,3869,-146,240,-80,-80,347,103,3,-211,347,,,,,,,,,,,,,,,,,,,,,,,,,,,,,,,,,,
33101000,-751,62,41,5,1088,1557,-812,-2745,3905,-103,240,-80,-80,363,90,13,-147,363,,,,,,,,,,,,,,,,,,,,,,,,,,,,,,,,,,
33150000,-782,98,-174,-89,519,519,1751,2930,3853,104,240,-119,-80,373,115,105,-108,373,,,,,,,,,,,,,,,,,,,,,,,,,,,,,,,,,,
33201000,-788,85,-149,-16,752,1618,3582,-2012,3888,263,240,-119,-39,383,93,16,-68,383,,,,,,,,,,,,,,,,,,,,,,,,,,,,,,,,,,
33250000,-808,146,75,8,831,-29,-446,1282,4233,621,240,-80,-39,386,112,20,-55,386,,,,,,,,,,,,,,,,,,,,,,,,,,,,,,,,,,
33301000,-789,47,-46,-55,924,-5645,-1666,-3416,4124,44,240,-80,-39,394,119,66,-24,394,,,,,,,,,,,,,,,,,,,,,,,,,,,,,,,,,,
33350000,-834,88,-43,-14,1409,-1799,-568,2015,4383,47,240,-80,-80,405,153,126,0,405,,,,,,,,,,,,,,,,,,,,,,,,,,,,,,,,,,
33401000,-910,200,-127,-44,619,-4485,2239,-853,4826,700,119,-80,-80,418,152,238,0,418,,,,,,,,,,,,,,,,,,,,,,,,,,,,,,,,,,
33450000,-1004,227,-116,39,809,-4668,8587,-1158,5605,622,240,-39,-119,431,135,119,0,431,,,,,,,,,,,,,,,,,,,,,,,,,,,,,,,,,,
33501000,-1120,310,-76,74,1183,-640,-140,184,6048,1336,240,-80,-80,434,122,-27,0,434,,,,,,,,,,,,,,,,,,,,,,,,,,,,,,,,,,
33550000,-1188,336,-31,192,1044,7416,7427,-853,6444,1488,240,-80,-80,436,140,50,0,436,,,,,,,,,,,,,,,,,,,,,,,,,,,,,,,,,,
33601000,-1224,280,-119,-25,1072,-9307,-385,-1707,6420,1165,359,-119,-80,449,128,37,0,449,,,,,,,,,,,,,,,,,,,,,,,,,,,,,,,,,,
33650000,-1222,302,112,44,694,-6438,6511,1038,6641,1295,359,-80,-80,465,94,-97,0,465,,,,,,,,,,,,,,,,,,,,,,,,,,,,,,,,,,
33701000,-1181,484,47,-64,940,-2776,-7953,794,6167,2585,359,-119,-39,505,140,12,0,505,,,,,,,,,,,,,,,,,,,,,,,,,,,,,,,,,,
33750000,-1108,353,-109,11,1254,3265,-79,794,5979,1825,240,-80,-39,523,131,49,0,523,,,,,,,,,,,,,,,,,,,,,,,,,,,,,,,,,,
33801000,-1088,664,-160,15,986,-823,-1300,-792,5630,3629,240,-119,-39,525,80,-100,0,525,,,,,,,,,,,,,,,,,,,,,,,,,,,,,,,,,,
33850000,-1069,448,114,15,1398,7111,347,1405,5518,2376,359,-119,-39,527,116,-44,0,527,,,,,,,,,,,,,,,,,,,,,,,,,,,,,,,,,,
33901000,-937,504,-64,196,1101,-8696,-1972,-1402,4987,2467,359,-80,-80,526,91,-218,0,526,,,,,,,,,,,,,,,,,,,,,,,,,,,,,,,,,,
33950000,-850,461,-227,-237,470,-90,5413,489,4713,2216,359,-39,-80,528,67,-526,0,528,,,,,,,,,,,,,,,,,,,,,,,,,,,,,,,,,,
34001000,-794,573,347,-28,833,-4546,-2338,-364,4387,2870,359,-39,-80,529,132,-197,0,529,,,,,,,,,,,,,,,,,,,,,,,,,,,,,,,,,,
34050000,-721,576,8,-146,141,-3814,2605,1832,3730,3119,240,-80,-39,530,48,-271,0,530,,,,,,,,,,,,,,,,,,,,,,,,,,,,,,,,,,
34101000,-584,578,136,13,1570,8698,-3253,-1707,2702,3128,240,-119,-39,536,123,397,0,536,,,,,,,,,,,,,,,,,,,,,,,,,,,,,,,,,,
34150000,-562,451,-45,45,769,-4058,2666,-59,2804,2157,240,-80,-80,536,85,389,0,536,,,,,,,,,,,,,,,,,,,,,,,,,,,,,,,,,,
34201000,-476,417,-61,100,1383,1129,1873,1893,2302,1962,240,-80,-80,537,106,612,0,537,,,,,,,,,,,,,,,,,,,,,,,,,,,,,,,,,,
34250000,-437,324,-9,77,1159,1923,-2887,-120,1847,1423,240,-119,-80,538,118,552,0,538,,,,,,,,,,,,,,,,,,,,,,,,,,,,,,,,,,
34301000,-477,134,14,-263,202,-1616,42,245,2312,313,240,-80,-80,538,111,97,0,538,,,,,,,,,,,,,,,,,,,,,,,,,,,,,,,,,,
34350000,-515,124,-53,175,1646,4303,-629,-2379,2532,257,240,-80,-80,538,111,-121,0,538,,,,,,,,,,,,,,,,,,,,,,,,,,,,,,,,,,
34401000,-579,40,-72,-144,918,-6987,3093,794,2901,-227,240,-80,-80,547,117,-165,0,547,,,,,,,,,,,,,,,,,,,,,,,,,,,,,,,,,,
34450000,-567,105,7,276,1437,4364,-3681,245,2833,148,119,-80,-80,569,141,-231,0,569,,,,,,,,,,,,,,,,,,,,,,,,,,,,,,,,,,
34501000,-620,18,97,-117,810,-1983,1873,977,3144,-360,119,-80,-80,581,96,-442,0,581,,,,,,,,,,,,,,,,,,,,,,,,,,,,,,,,,,
34550000,-683,0,-225,-214,44,824,408,-1036,3508,-461,359,-80,-80,583,55,-484,0,583,,,,,,,,,,,,,,,,,,,,,,,,,,,,,,,,,,
34601000,-565,-99,-230,110,1451,7721,-568,1,2590,-1043,240,-119,-80,597,88,-45,0,597,,,,,,,,,,,,,,,,,,,,,,,,,,,,,,,,,,
34650000,-395,64,-175,-161,305,7721,1995,-120,1602,-90,240,-119,-80,599,127,386,0,599,,,,,,,,,,,,,,,,,,,,,,,,,,,,,,,,,,
34701000,-139,33,-81,-247,331,10101,-202,3419,344,-272,359,-80,-80,602,126,162,7,602,,,,,,,,,,,,,,,,,,,,,,,,,,,,,,,,,,
34750000,66,339,-67,28,637,5646,10234,4639,-852,1510,240,-80,-80,604,118,-6,15,604,,,,,,,,,,,,,,,,,,,,,,,,,,,,,,,,,,
34801000,3,286,308,55,1586,3510,-3681,6409,-484,1432,240,-80,-39,613,169,426,51,613,,,,,,,,,,,,,,,,,,,,,,,,,,,,,,,,,,
34850000,286,78,189,-31,1518,16693,3704,4395,-2132,221,240,-80,-39,618,52,-153,71,618,,,,,,,,,,,,,,,,,,,,,,,,,,,,,,,,,,
34901000,592,263,32,58,1324,1312,225,4151,-4139,1067,240,-119,-80,619,119,-86,76,619,,,,,,,,,,,,,,,,,,,,,,,,,,,,,,,,,,
34950000,472,152,44,-45,1190,-2776,286,4761,-3211,186,119,-80,-119,620,139,252,80,620,,,,,,,,,,,,,,,,,,,,,,,,,,,,,,,,,,
35001000,825,-10,-275,-104,515,16998,2605,3480,-19215,-990,119,-2480,-160,619,179,233,76,619,,,,,,,,,,,,,,,,,,,,,,,,,,,,,,,,,,
35050000,1084,-64,-78,3,199,-1372,1995,3602,-32808,-1306,119,-4559,-160,619,43,-176,76,619,,,,,,,,,,,,,,,,,,,,,,,,,,,,,,,,,,
35101000,188,98,-139,-76,75,-18462,6023,2991,-39228,-359,119,-6560,-160,619,146,61,76,619,,,,,,,,,,,,,,,,,,,,,,,,,,,,,,,,,,
35150000,-250,443,-148,-5,740,-15715,10601,2442,-41096,1881,119,-7319,-119,619,160,227,76,619,,,,,,,,,,,,,,,,,,,,,,,,,,,,,,,,,,
35201000,-1105,683,-100,13,945,-26091,1873,5006,-46820,3277,240,-9160,-119,620,99,-40,80,620,,,,,,,,,,,,,,,,,,,,,,,,,,,,,,,,,,
35250000,-2073,556,28,-3,1079,-25786,-4718,4395,-41427,2534,119,-9200,-119,619,150,211,76,619,,,,,,,,,,,,,,,,,,,,,,,,,,,,,,,,,,
35301000,-2988,737,204,161,1206,-32988,10173,4334,-26342,2660,240,-7519,-279,619,134,72,76,619,,,,,,,,,,,,,,,,,,,,,,,,,,,,,,,,,,
35350000,-3865,768,224,58,1503,-36651,-2521,2686,-16595,3301,119,-6720,-199,619,137,221,76,619,,,,,,,,,,,,,,,,,,,,,,,,,,,,,,,,,,
35401000,-4112,401,91,-187,459,-17608,1751,1038,-3528,8,119,-4720,-399,619,201,202,76,619,,,,,,,,,,,,,,,,,,,,,,,,,,,,,,,,,,
35450000,-4052,626,144,51,493,-25420,7183,1466,539,2013,119,-3960,-279,619,148,82,76,619,,,,,,,,,,,,,,,,,,,,,,,,,,,,,,,,,,
35501000,-4203,274,235,-188,445,-10650,-8319,672,12110,666,119,-2120,-160,620,146,-160,80,620,,,,,,,,,,,,,,,,,,,,,,,,,,,,,,,,,,
35550000,-3529,97,162,-143,314,6378,1629,367,19585,-360,240,-160,-160,619,158,-12,76,619,,,,,,,,,,,,,,,,,,,,,,,,,,,,,,,,,,
35601000,-2837,17,209,-13,576,824,-4718,916,15797,-361,240,-119,-80,619,172,-6,76,619,,,,,,,,,,,,,,,,,,,,,,,,,,,,,,,,,,
35650000,-1943,-200,227,10,1008,18890,-2582,-242,10599,-1631,359,-119,-80,619,152,-46,76,619,,,,,,,,,,,,,,,,,,,,,,,,,,,,,,,,,,
35701000,-935,-39,-46,-194,233,16205,-3436,1282,4738,-463,359,-119,-39,620,167,-262,80,620,,,,,,,,,,,,,,,,,,,,,,,,,,,,,,,,,,
35750000,-424,-267,107,13,722,8148,-9174,1282,10607,-2019,240,1400,-80,620,191,125,80,620,,,,,,,,,,,,,,,,,,,,,,,,,,,,,,,,,,
35801000,-144,-247,169,6,1135,14740,1567,-2318,15489,-1906,240,2520,-80,620,166,-171,80,620,,,,,,,,,,,,,,,,,,,,,,,,,,,,,,,,,,
35850000,612,-26,67,12,1399,20538,-3314,-2440,10390,-616,240,2400,-80,619,176,64,76,619,,,,,,,,,,,,,,,,,,,,,,,,,,,,,,,,,,
35901000,649,-83,118,-192,157,6989,-3681,-2806,-4009,-953,359,-39,-80,620,182,-178,80,620,,,,,,,,,,,,,,,,,,,,,,,,,,,,,,,,,,
35950000,790,0,285,-49,961,9735,-446,-3172,-5058,-227,240,-80,-39,619,195,120,76,619,,,,,,,,,,,,,,,,,,,,,,,,,,,,,,,,,,
36001000,812,-78,1,-54,999,5280,-5939,-1951,-5189,-686,240,-80,-39,619,210,-11,76,619,,,,,,,,,,,,,,,,,,,,,,,,,,,,,,,,,,
36050000,768,-4,-18,-115,1091,5524,1262,-1829,-4934,-493,240,-80,-80,620,187,35,80,620,,,,,,,,,,,,,,,,,,,,,,,,,,,,,,,,,,
36101000,683,67,56,117,1401,8148,-3558,123,-4436,-71,240,-80,-80,620,189,132,80,620,,,,,,,,,,,,,,,,,,,,,,,,,,,,,,,,,,
36150000,823,0,195,17,1485,17609,-995,245,-5249,-460,240,-80,-80,619,166,-145,76,619,,,,,,,,,,,,,,,,,,,,,,,,,,,,,,,,,,
36201000,928,108,54,123,826,4730,1629,-59,-5861,165,240,-80,-80,619,155,-157,76,619,,,,,,,,,,,,,,,,,,,,,,,,,,,,,,,,,,
36250000,514,97,178,-88,918,1801,-2826,-1463,-3690,335,240,-119,-39,619,179,-163,76,619,,,,,,,,,,,,,,,,,,,,,,,,,,,,,,,,,,
36301000,498,26,50,19,1574,4547,4680,-1341,-3364,-309,240,-80,-80,619,189,140,76,619,,,,,,,,,,,,,,,,,,,,,,,,,,,,,,,,,,
36350000,221,167,-115,58,1303,-2288,-202,-1585,-1982,275,240,-119,-119,620,200,104,80,620,,,,,,,,,,,,,,,,,,,,,,,,,,,,,,,,,,
36401000,55,163,-2,32,1291,3754,-934,-1341,-1017,-211,240,-119,-199,620,178,-12,80,620,,,,,,,,,,,,,,,,,,,,,,,,,,,,,,,,,,
36450000,-74,431,129,-65,850,1251,5840,-1829,-29,-3301,359,-80,-1000,620,193,-123,80,620,,,,,,,,,,,,,,,,,,,,,,,,,,,,,,,,,,
36501000,-481,608,-270,-19,1408,-6072,2605,-1585,2103,-2277,359,-119,-1000,622,156,-81,87,622,,,,,,,,,,,,,,,,,,,,,,,,,,,,,,,,,,
36550000,-830,847,-177,-85,1189,1618,7061,-4027,4360,-651,119,-80,-959,638,155,-237,152,638,,,,,,,,,,,,,,,,,,,,,,,,,,,,,,,,,,
36601000,-830,931,-109,3,1296,4791,2422,-2440,4132,998,240,-119,-759,667,164,74,267,667,,,,,,,,,,,,,,,,,,,,,,,,,,,,,,,,,,
36650000,-969,890,119,14,1174,4669,1079,-1829,5169,1455,119,-80,-640,669,177,-142,276,669,,,,,,,,,,,,,,,,,,,,,,,,,,,,,,,,,,
36701000,-658,870,-311,-16,1725,11749,-2094,-4576,3362,1573,119,-80,-599,669,193,129,276,669,,,,,,,,,,,,,,,,,,,,,,,,,,,,,,,,,,
36750000,-611,810,-228,7,1185,1495,3338,-2135,3086,1456,119,-80,-559,667,187,110,267,667,,,,,,,,,,,,,,,,,,,,,,,,,,,,,,,,,,
36801000,-602,823,26,-55,1231,8637,-1178,-2012,3037,3625,119,-80,-199,667,143,27,267,667,,,,,,,,,,,,,,,,,,,,,,,,,,,,,,,,,,
36850000,-384,722,-240,-263,507,6928,2788,-1341,1769,3503,119,-80,-119,667,143,-27,267,667,,,,,,,,,,,,,,,,,,,,,,,,,,,,,,,,,,
36901000,-408,772,-82,-197,52,3693,-3192,-2073,1909,4027,240,-80,-80,668,216,148,271,668,,,,,,,,,,,,,,,,,,,,,,,,,,,,,,,,,,
36950000,-287,655,143,135,1260,5097,-1178,-1951,1203,3342,119,-80,-80,668,228,544,271,668,,,,,,,,,,,,,,,,,,,,,,,,,,,,,,,,,,
37001000,-266,887,-208,118,1445,4364,3399,-2073,619,4691,119,-160,-80,667,225,432,267,667,,,,,,,,,,,,,,,,,,,,,,,,,,,,,,,,,,
37050000,-326,722,14,-253,561,3876,-11737,-2989,-2986,3967,240,-839,-39,668,264,408,271,668,,,,,,,,,,,,,,,,,,,,,,,,,,,,,,,,,,
37101000,-430,714,-128,-132,795,-5828,7976,-3172,-13773,3688,240,-2799,-80,667,282,469,267,667,,,,,,,,,,,,,,,,,,,,,,,,,,,,,,,,,,
37150000,-869,941,-94,33,1934,-9978,-6000,-3111,-18659,5008,119,-4080,-80,665,310,532,260,665,,,,,,,,,,,,,,,,,,,,,,,,,,,,,,,,,,
37201000,-1210,655,39,-106,949,-6133,-5390,-2440,-25050,3342,119,-5520,-80,590,335,592,0,590,,,,,,,,,,,,,,,,,,,,,,,,,,,,,,,,,,
37250000,-1859,979,107,35,188,-24993,8831,-2928,-27554,4997,119,-6599,-119,536,330,478,0,536,,,,,,,,,,,,,,,,,,,,,,,,,,,,,,,,,,
37301000,-2776,1247,-24,173,375,-24810,-3375,-3660,-26174,6553,119,-7280,-119,528,349,246,0,528,,,,,,,,,,,,,,,,,,,,,,,,,,,,,,,,,,
37350000,-3377,1068,90,175,1153,-23284,-9723,-5369,-22683,5512,240,-7280,-119,527,384,297,0,527,,,,,,,,,,,,,,,,,,,,,,,,,,,,,,,,,,
37401000,-4078,772,-53,67,597,-36895,-8807,-5552,-18145,3790,240,-7200,-119,528,391,-25,0,528,,,,,,,,,,,,,,,,,,,,,,,,,,,,,,,,,,
37450000,-4912,450,-156,-192,470,-41228,-8136,-5125,-5157,2151,119,-5800,-80,528,412,-49,0,528,,,,,,,,,,,,,,,,,,,,,,,,,,,,,,,,,,
37501000,-5693,299,56,71,1271,-37749,-4474,-5858,32397,1277,119,-119,-80,528,428,141,0,528,,,,,,,,,,,,,,,,,,,,,,,,,,,,,,,,,,
37550000,-5732,241,-150,-20,662,-19439,-6427,-7445,32856,936,240,-80,-80,530,431,186,0,530,,,,,,,,,,,,,,,,,,,,,,,,,,,,,,,,,,
37601000,-4816,133,18,-301,329,6378,-9845,-6041,27533,312,240,-80,-80,549,435,-65,0,549,,,,,,,,,,,,,,,,,,,,,,,,,,,,,,,,,,
37650000,-35537701000,-2101,130,-29,4,227,15961,-3558,-4942,11981,294,240,-39,-80,657,398,-490,228,657,,,,,,,,,,,,,,,,,,,,,,,,,,,,,,,,,
37750000,-1040,235,40,-167,290,12543,-263,-2684,5583,1134,240,-80,-39,658,341,-539,231,658,,,,,,,,,,,,,,,,,,,,,,,,,,,,,,,,,,
37801000,-578,447,84,-46,759,4852,591,-4637,2666,2368,119,-119,-39,657,318,-408,228,657,,,,,,,,,,,,,,,,,,,,,,,,,,,,,,,,,,
37850000,-48,476,-88,-104,1512,13825,-4535,-3782,-181,2074,240,-80,-119,658,312,-379,231,658,,,,,,,,,,,,,,,,,,,,,,,,,,,,,,,,,,
37901000,9,551,57,143,1890,-4729,774,-3599,-523,-2838,240,-80,-1039,658,265,-411,231,658,,,,,,,,,,,,,,,,,,,,,,,,,,,,,,,,,,
37950000,-49,760,-119,-118,927,7599,-2094,-4698,-412,-13250,240,-119,-3040,658,216,-656,231,658,,,,,,,,,,,,,,,,,,,,,,,,,,,,,,,,,,
38001000,197,933,-56,-1,1168,1740,9990,-3721,-1615,-17825,119,-80,-3999,658,203,-481,231,658,,,,,,,,,,,,,,,,,,,,,,,,,,,,,,,,,,
38050000,43,1406,-20,-25,1934,-396,12188,-3843,-1181,-13915,119,-160,-3800,657,113,-799,228,657,,,,,,,,,,,,,,,,,,,,,,,,,,,,,,,,,,
38101000,-95,1529,257,-79,1654,-518,11028,-2562,-141,-9243,119,-119,-3120,657,162,-230,228,657,,,,,,,,,,,,,,,,,,,,,,,,,,,,,,,,,,
38150000,-335,1839,100,129,1125,-2288,14995,-2073,1482,-4654,119,-80,-2640,658,146,-401,231,658,,,,,,,,,,,,,,,,,,,,,,,,,,,,,,,,,,
38201000,-546,1815,112,140,662,11627,1812,-11961,2709,-3394,240,-80,-2400,657,152,-334,228,657,,,,,,,,,,,,,,,,,,,,,,,,,,,,,,,,,,
38250000,-1405,1073,53,193,1934,-18584,-15827,-1829,7473,-8870,240,-119,-2600,657,115,-99,228,657,,,,,,,,,,,,,,,,,,,,,,,,,,,,,,,,,,
38301000,-2260,153,-176,-172,1006,7294,15728,-5430,26158,-16080,240,2239,-2920,657,118,-165,228,657,,,,,,,,,,,,,,,,,,,,,,,,,,,,,,,,,,
38350000,-1902,533,242,76,1259,10712,13408,123,47331,-16897,240,6240,-3439,657,119,76,228,657,,,,,,,,,,,,,,,,,,,,,,,,,,,,,,,,,,
38401000,-1414,364,96,-125,1329,21027,5291,-3233,45424,-18809,240,6400,-3600,657,186,204,228,657,,,,,,,,,,,,,,,,,,,,,,,,,,,,,,,,,,
38450000,-506,863,148,-268,546,31586,26775,-2928,16893,-12419,119,2400,-2999,656,162,165,224,656,,,,,,,,,,,,,,,,,,,,,,,,,,,,,,,,,,
38501000,94,1432,-12,-283,-216,17609,9075,-426,-1016,-1902,119,-80,-1760,656,185,-34,224,656,,,,,,,,,,,,,,,,,,,,,,,,,,,,,,,,,,
38550000,234,1414,-167,-68,638,12482,12127,-914,-1828,-1545,119,-80,-1679,657,224,480,228,657,,,,,,,,,,,,,,,,,,,,,,,,,,,,,,,,,,
38601000,404,1633,-320,175,1309,16205,8526,-2073,-2815,1358,119,-80,-1399,657,264,426,228,657,,,,,,,,,,,,,,,,,,,,,,,,,,,,,,,,,,
38650000,411,1401,-262,-112,614,9125,-2399,-2135,-2857,-223,240,-80,-1440,657,328,611,228,657,,,,,,,,,,,,,,,,,,,,,,,,,,,,,,,,,,
38701000,277,1340,145,76,375,10346,10479,-2379,-2307,350,119,-119,-1280,656,364,559,224,656,,,,,,,,,,,,,,,,,,,,,,,,,,,,,,,,,,
38750000,241,1360,32,-36,917,1495,-1300,-2867,-1871,1395,240,-80,-1119,656,357,765,224,656,,,,,,,,,,,,,,,,,,,,,,,,,,,,,,,,,,
38801000,166,1039,212,-15,1934,5585,2788,-2501,-1433,4647,359,-80,-240,657,362,468,228,657,,,,,,,,,,,,,,,,,,,,,,,,,,,,,,,,,,
38850000,193,1334,-74,-79,1524,5280,7244,-3294,-1824,6826,359,-119,-160,657,381,387,228,657,,,,,,,,,,,,,,,,,,,,,,,,,,,,,,,,,,
38901000,73,1078,-72,-53,1264,3327,-7282,-2684,-892,5805,119,-80,-80,656,427,499,224,656,,,,,,,,,,,,,,,,,,,,,,,,,,,,,,,,,,
38950000,-178,1016,-56,135,603,1190,5169,-3477,572,5677,240,-80,-39,656,457,465,224,656,,,,,,,,,,,,,,,,,,,,,,,,,,,,,,,,,,
39001000,-320,1011,-124,-38,1218,2106,-8991,-3721,1166,5645,0,-119,-39,651,499,481,204,651,,,,,,,,,,,,,,,,,,,,,,,,,,,,,,,,,,
39050000,-345,682,-302,-73,1729,-457,-4901,-2257,1545,5129,0,-80,199,606,509,545,24,606,,,,,,,,,,,,,,,,,,,,,,,,,,,,,,,,,,
39101000,-428,884,-40,-156,1326,1312,-1483,-3721,2024,5372,-1560,-80,39,584,549,544,0,584,,,,,,,,,,,,,,,,,,,,,,,,,,,,,,,,,,
39150000,-369,683,-51,-123,683,2533,-10028,-3416,1682,3508,-6480,-80,-80,585,538,322,0,585,,,,,,,,,,,,,,,,,,,,,,,,,,,,,,,,,,
39201000,-400,524,50,2,-81,-1860,-2765,1099,1865,2583,-11520,-80,-80,584,550,37,0,584,,,,,,,,,,,,,,,,,,,,,,,,,,,,,,,,,,
39250000,-453,549,-11,6,812,641,-5023,3663,2171,2731,-20280,-80,-80,572,568,-15,0,572,,,,,,,,,,,,,,,,,,,,,,,,,,,,,,,,,,
39301000,-733,552,-7,-148,96,-8635,-6366,11231,3800,2746,-28680,-80,-80,562,573,-365,0,562,,,,,,,,,,,,,,,,,,,,,,,,,,,,,,,,,,
39350000,-1171,523,-90,82,1069,-13457,-6244,15931,6112,2577,-29400,-119,-80,563,594,-60,0,563,,,,,,,,,,,,,,,,,,,,,,,,,,,,,,,,,,
39401000,-1801,539,49,77,1341,-18157,-9174,18189,9774,2668,-33240,-119,-80,564,596,-285,0,564,,,,,,,,,,,,,,,,,,,,,,,,,,,,,,,,,,
39450000,-2244,618,-58,216,1608,-12786,-7282,21119,12351,3127,-35040,-119,-80,571,598,-255,0,571,,,,,,,,,,,,,,,,,,,,,,,,,,,,,,,,,,
39501000,-2419,804,-18,73,1184,-5828,-8930,23865,13599,4213,-35040,-80,-80,570,583,-323,0,570,,,,,,,,,,,,,,,,,,,,,,,,,,,,,,,,,,
39550000,-2273,874,-2,-175,1210,-4180,-8991,24842,12983,4620,-34920,-39,-80,571,586,-281,0,571,,,,,,,,,,,,,,,,,,,,,,,,,,,,,,,,,,
39601000,-1872,794,-30,-27,947,7538,-12958,24964,10652,4152,-22919,-39,-80,569,571,-333,0,569,,,,,,,,,,,,,,,,,,,,,,,,,,,,,,,,,,
39650000,-1362,604,-192,-172,671,9064,-14911,20509,7455,3281,-7319,-80,-39,570,549,-518,0,570,,,,,,,,,,,,,,,,,,,,,,,,,,,,,,,,,,
39701000,-1156,242,203,96,1119,-7720,-12653,8729,6257,942,-119,-80,-80,616,508,-625,63,616,,,,,,,,,,,,,,,,,,,,,,,,,,,,,,,,,,
39750000,-1205,-19,259,-249,276,-3081,-7526,2991,6542,-808,119,-80,-119,674,505,-293,296,674,,,,,,,,,,,,,,,,,,,,,,,,,,,,,,,,,,
39801000,-617,-323,3,-135,736,22858,-8075,3297,2890,-2577,0,-119,-119,719,457,-365,475,719,,,,,,,,,,,,,,,,,,,,,,,,,,,,,,,,,,
39850000,191,-319,60,72,790,18524,1934,3724,-1343,-2553,119,-39,-119,720,391,-680,480,720,,,,,,,,,,,,,,,,,,,,,,,,,,,,,,,,,,
39901000,594,-13,-110,-155,1395,8698,-2765,733,-3687,-776,119,-39,-119,721,391,-346,484,721,,,,,,,,,,,,,,,,,,,,,,,,,,,,,,,,,,
39950000,754,192,589,295,539,12421,15484,2442,-4849,652,119,-80,-80,721,390,-338,484,721,,,,,,,,,,,,,,,,,,,,,,,,,,,,,,,,,,
40001000,910,770,-364,-123,-5,6928,2605,1160,-5991,4015,240,-119,-80,721,382,-277,484,721,,,,,,,,,,,,,,,,,,,,,,,,,,,,,,,,,,
40050000,1087,862,80,100,1934,10101,7000,184,-7252,4314,240,-160,-119,721,374,-64,484,721,,,,,,,,,,,,,,,,,,,,,,,,,,,,,,,,,,
40101000,963,1170,1,30,1233,1618,1751,-1097,-13738,6105,119,-1399,-119,722,289,-338,488,722,,,,,,,,,,,,,,,,,,,,,,,,,,,,,,,,,,
40150000,753,784,152,-56,1842,3265,-9052,-548,-23445,3628,119,-3279,-160,721,297,-86,484,721,,,,,,,,,,,,,,,,,,,,,,,,,,,,,,,,,,
40201000,226,759,-22,-13,420,-12542,9319,245,-44564,3253,119,-7439,-199,721,211,-412,484,721,,,,,,,,,,,,,,,,,,,,,,,,,,,,,,,,,,
40250000,-828,931,-146,-166,17,-25298,-6488,-1463,-45870,3552,119,-8719,-319,720,299,-50,480,720,,,,,,,,,,,,,,,,,,,,,,,,,,,,,,,,,,
40301000,-1814,462,-334,-128,770,-26152,-4901,1221,-51998,1525,119,-10760,-199,720,293,-154,480,720,,,,,,,,,,,,,,,,,,,,,,,,,,,,,,,,,,
40350000,-2919,672,81,198,1934,-38848,8709,-609,-44878,2513,0,-10640,-240,720,349,340,480,720,,,,,,,,,,,,,,,,,,,,,,,,,,,,,,,,,,
40401000,-4038,618,169,20,1202,-32683,-10883,-1280,-37908,2430,0,-10559,-199,719,364,400,475,719,,,,,,,,,,,,,,,,,,,,,,,,,,,,,,,,,,
40450000,-4768,401,-379,115,1083,-36284,2300,-120,-31574,1173,119,-10200,-199,719,367,379,475,719,,,,,,,,,,,,,,,,,,,,,,,,,,,,,,,,,,
40501000,-5444,631,-302,81,1188,-34819,1018,-2196,-9506,2739,119,-7079,-160,719,357,282,475,719,,,,,,,,,,,,,,,,,,,,,,,,,,,,,,,,,,
40550000,-5625,284,581,18,1222,-25054,-6915,-1646,20608,489,240,-2079,-199,719,391,487,475,719,,,,,,,,,,,,,,,,,,,,,,,,,,,,,,,,,,
40601000,-5144,582,-301,-53,342,-5156,11028,-2135,29441,2457,359,-80,-160,702,467,582,408,702,,,,,,,,,,,,,,,,,,,,,,,,,,,,,,,,,,
40650000,-4030,691,41,66,1934,1495,-9235,-3355,22733,3323,0,-119,-119,68440750000,-2726,1007,84,27,1845,6073,15056,-2012,29335,-12977,119,2320,-3240,645,532,283,179,645,,,,,,,,,,,,,,,,,,,,
40801000,-1784,925,-113,-33,222,16388,-629,-1951,34788,-49724,240,4200,-9480,633,577,567,132,633,,,,,,,,,,,,,,,,,,,,,,,,,,,,,,,,,,
40850000,-1143,1404,-107,-310,93,12543,34954,-2012,33154,-63679,240,4560,-12360,629,600,477,116,629,,,,,,,,,,,,,,,,,,,,,,,,,,,,,,,,,,
40901000,-361,3001,-37,-16,181,19501,43560,-2562,1871,-57888,240,-39,-12960,629,643,341,116,629,,,,,,,,,,,,,,,,,,,,,,,,,,,,,,,,,,
40950000,479,3950,197,-21,917,18585,32817,-3111,-3249,-47021,0,-80,-12040,628,670,713,112,628,,,,,,,,,,,,,,,,,,,,,,,,,,,,,,,,,,
41001000,645,4985,-37,38,1934,4608,48137,-2440,-4217,-32636,119,-80,-10600,628,728,642,112,628,,,,,,,,,,,,,,,,,,,,,,,,,,,,,,,,,,
41050000,687,5884,74,-14,1476,10529,33794,-1890,-4692,-14623,119,-119,-8400,628,731,593,112,628,,,,,,,,,,,,,,,,,,,,,,,,,,,,,,,,,,
41101000,899,5837,-105,-230,1050,9857,23052,-1890,-5694,1844,119,-80,-5520,628,782,537,112,628,,,,,,,,,,,,,,,,,,,,,,,,,,,,,,,,,,
41150000,722,5771,-98,52,1185,-1128,28240,-1585,-4667,10298,119,-80,-3999,629,782,336,116,629,,,,,,,,,,,,,,,,,,,,,,,,,,,,,,,,,,
41201000,638,5222,-155,171,1151,8820,4741,-1646,-4408,14778,0,-119,-2680,628,805,553,112,628,,,,,,,,,,,,,,,,,,,,,,,,,,,,,,,,,,
41250000,749,4370,-191,252,1040,13947,2666,-1463,-4821,14013,240,-80,-1959,629,831,385,116,629,,,,,,,,,,,,,,,,,,,,,,,,,,,,,,,,,,
41301000,747,3898,-22,236,1744,1740,5108,-1890,-5042,15218,240,-119,-1280,629,875,574,116,629,,,,,,,,,,,,,,,,,,,,,,,,,,,,,,,,,,
41350000,369,3152,-112,-169,795,824,-13568,-3294,-9122,16930,119,-1200,-240,628,870,376,112,628,,,,,,,,,,,,,,,,,,,,,,,,,,,,,,,,,,
41401000,519,2287,-134,-139,601,4974,-6305,-4027,-19064,13062,119,-2760,-39,628,891,302,112,628,,,,,,,,,,,,,,,,,,,,,,,,,,,,,,,,,,
41450000,250,1877,-78,-120,-81,-11077,-12897,-3111,-18663,10915,240,-2960,0,629,878,239,116,629,,,,,,,,,,,,,,,,,,,,,,,,,,,,,,,,,,
41501000,-408,1053,-71,-224,-197,-11931,-17413,-3416,-14597,13562,119,-2920,1280,629,912,187,116,629,,,,,,,,,,,,,,,,,,,,,,,,,,,,,,,,,,
41550000,-474,526,-63,-85,84,-29,-14545,-5186,-13980,12358,240,-2879,1600,629,899,95,116,629,,,,,,,,,,,,,,,,,,,,,,,,,,,,,,,,,,
41601000,-702,-54,-104,-30,242,-11321,-22968,-3111,-12892,9216,240,-2920,1640,629,928,12,116,629,,,,,,,,,,,,,,,,,,,,,,,,,,,,,,,,,,
41650000,-1124,-406,-120,-43,1048,-6499,-13568,-3721,-11834,5076,119,-3159,1280,628,907,36,112,628,,,,,,,,,,,,,,,,,,,,,,,,,,,,,,,,,,
41701000,-1305,-574,-236,-93,802,-1860,-21625,-4210,-34497,3171,119,-7240,1119,628,923,162,112,628,,,,,,,,,,,,,,,,,,,,,,,,,,,,,,,,,,
41750000,-1640,-897,-74,-23,766,-10161,-19306,-2440,-43242,361,240,-9080,959,629,910,-144,116,629,,,,,,,,,,,,,,,,,,,,,,,,,,,,,,,,,,
41801000,-2060,-804,-252,115,690,-21392,-15643,-4515,-46383,-1421,240,-10040,559,630,912,-187,119,630,,,,,,,,,,,,,,,,,,,,,,,,,,,,,,,,,,
41850000,-2949,-901,124,144,1326,-31157,-18939,-3538,-35634,-5242,119,-9080,0,628,898,-257,112,628,,,,,,,,,,,,,,,,,,,,,,,,,,,,,,,,,,
41901000,-3789,-606,-10,164,1934,-27434,-5145,-4942,-6339,-4221,240,-4880,-119,629,903,-216,116,629,,,,,,,,,,,,,,,,,,,,,,,,,,,,,,,,,,
41950000,-4235,-310,-29,196,1280,-23772,-14179,-6712,22530,-2267,119,-360,-80,628,925,-24,112,628,,,,,,,,,,,,,,,,,,,,,,,,,,,,,,,,,,
42001000,-3939,-399,-72,-257,862,7782,-9357,-6590,22436,-2787,119,-80,-80,628,902,-115,112,628,,,,,,,,,,,,,,,,,,,,,,,,,,,,,,,,,,
42050000,-3006,-30,-105,69,1290,14923,-5634,-7261,16777,-640,240,-119,-80,629,882,-197,116,629,,,,,,,,,,,,,,,,,,,,,,,,,,,,,,,,,,
42101000,-2265,-104,-98,51,1728,5280,-16254,-5125,12706,-1074,119,-80,-80,628,861,-384,112,628,,,,,,,,,,,,,,,,,,,,,,,,,,,,,,,,,,
42150000,-1988,-88,-133,-48,980,9491,-4413,-6041,11093,-981,119,-80,-80,628,846,-479,112,628,,,,,,,,,,,,,,,,,,,,,,,,,,,,,,,,,,
42201000,-1332,-13,-27,-93,-40,14862,-14301,-7445,7282,-309,240,-80,-39,629,836,-763,116,629,,,,,,,,,,,,,,,,,,,,,,,,,,,,,,,,,,
42250000,-908,-225,145,-1,1127,1007,-11310,-5247,22487,2644,240,2960,680,628,825,-290,112,628,,,,,,,,,,,,,,,,,,,,,,,,,,,,,,,,,,
42301000,-636,22,33,-118,811,19562,-6488,-7689,41598,4084,240,6519,680,630,825,-366,119,630,,,,,,,,,,,,,,,,,,,,,,,,,,,,,,,,,,
42350000,540,-233,213,-29,703,36041,-18695,-6956,37082,2597,119,6919,680,629,789,-420,116,629,,,,,,,,,,,,,,,,,,,,,,,,,,,,,,,,,,
42401000,1500,-360,-20,-205,662,34271,-3375,-5797,62893,1859,119,12320,680,628,754,-580,112,628,,,,,,,,,,,,,,,,,,,,,,,,,,,,,,,,,,
42450000,2435,-119,-134,-213,865,55878,-12225,-5491,56758,-231,119,12200,79,628,726,-926,112,628,,,,,,,,,,,,,,,,,,,,,,,,,,,,,,,,,,
42501000,3657,-135,103,-38,801,50446,-7709,-5308,2223,-1485,240,4040,-119,623,706,-640,92,623,,,,,,,,,,,,,,,,,,,,,,,,,,,,,,,,,,
42550000,4177,329,-70,-185,704,37201,1873,-4576,-24748,1220,-239,-80,-119,620,672,-709,80,620,,,,,,,,,,,,,,,,,,,,,,,,,,,,,,,,,,
42601000,3910,557,-93,89,1536,12909,-7465,-3477,-23197,2544,240,-80,-119,622,654,-382,87,622,,,,,,,,,,,,,,,,,,,,,,,,,,,,,,,,,,
42650000,3154,800,-96,47,134,14740,2849,-4881,-18800,3259,240,-80,-240,621,644,-627,83,621,,,,,,,,,,,,,,,,,,,,,,,,,,,,,,,,,,
42701000,2635,1136,116,34,1068,8515,-1300,-5491,-20200,-5487,240,-839,-2079,630,624,-398,119,630,,,,,,,,,,,,,,,,,,,,,,,,,,,,,,,,,,
42750000,1928,1236,-43,-48,1083,1618,5046,-3782,-20973,-12577,359,-1679,-3400,647,590,-487,188,647,,,,,,,,,,,,,,,,,,,,,,,,,,,,,,,,,,
42801000,1319,1720,67,129,1934,-335,10173,-5736,-17898,-21855,359,-1760,-5479,652,561,-270,208,652,,,,,,,,,,,,,,,,,,,,,,,,,,,,,,,,,,
42850000,587,2001,-175,115,1336,-3020,12798,-4210,-19459,-19755,119,-2760,-5399,653,535,-687,211,653,,,,,,,,,,,,,,,,,,,,,,,,,,,,,,,,,,
42901000,-76,2688,-72,139,1092,-7781,23784,-3782,-17689,-12506,119,-3120,-4839,663,516,-558,251,663,,,,,,,,,,,,,,,,,,,,,,,,,,,,,,,,,,
42950000,-805,3174,64,66,988,-10527,12066,-3843,-13688,-6190,0,-3159,-4240,666,452,-861,264,666,,,,,,,,,,,,,,,,,,,,,,,,,,,,,,,,,,
43001000,-1370,3447,-146,45,1459,-8635,24944,-2318,-11330,2603,-15239,-3320,-2999,666,425,-660,264,666,,,,,,,,,,,,,,,,,,,,,,,,,,,,,,,,,,
43050000,-1747,4014,-133,-30,114,-5828,18596,5555,-9140,7990,-20640,-3320,-2640,666,396,-614,264,666,,,,,,,,,,,,,,,,,,,,,,,,,,,,,,,,,,
43101000,-1930,3720,28,-68,1214,-7476,1751,13428,-7844,9303,-29039,-3279,-2120,668,349,-690,271,668,,,,,,,,,,,,,,,,,,,,,,,,,,,,,,,,,,
43150000,-2300,3759,143,-142,742,-8330,21404,18128,-5694,10459,-29159,-3279,-1959,683,287,-880,332,683,,,,,,,,,,,,,,,,,,,,,,,,,,,,,,,,,,
43201000,-2498,3590,-123,-86,1585,-6438,-6305,20570,-4773,9247,-17880,-3320,-2000,691,217,-766,363,691,,,,,,,,,,,,,,,,,,,,,,,,,,,,,,,,,,
43250000,-2639,2974,101,275,1494,-3997,7976,16663,-3955,5666,-15000,-3320,-2000,692,221,-884,367,692,,,,,,,,,,,,,,,,,,,,,,,,,,,,,,,,,,
43301000,-2619,3045,17,-148,797,-7476,5108,14161,-4069,6078,-11520,-3320,-2000,692,161,-700,367,692,,,,,,,,,,,,,,,,,,,,,,,,,,,,,,,,,,
43350000,-2847,2326,256,70,719,-12603,-11615,12696,-5306,1895,-8519,-3760,-2000,691,182,-497,363,691,,,,,,,,,,,,,,,,,,,,,,,,,,,,,,,,,,
43401000,-2811,2136,217,-6,1410,-8574,9197,9888,-6676,793,-7080,-3960,-2000,691,112,-547,363,691,,,,,,,,,,,,,,,,,,,,,,,,,,,,,,,,,,
43450000,-2876,2070,-187,-177,1467,-14739,-6549,9705,-8390,644,-6839,-4320,-1959,691,118,-581,363,691,,,,,,,,,,,,,,,,,,,,,,,,,,,,,,,,,,
43501000,-3182,1875,177,83,-135,-12481,5230,7203,-6846,671,-5400,-4359,-1760,691,133,-299,363,691,,,,,,,,,,,,,,,,,,,,,,,,,,,,,,,,,,
43550000,-3269,1995,-131,177,1152,-17058,-2094,5921,-10524,2994,-2999,-5080,-1480,691,83,-434,363,691,,,,,,,,,,,,,,,,,,,,,,,,,,,,,,,,,,
43601000,-3715,1658,-250,-56,687,-20598,-1666,4029,-17463,2201,-2399,-6720,-1280,691,111,-231,363,691,,,,,,,,,,,,,,,,,,,,,,,,,,,,,,,,,,
43650000,-3735,1762,-211,12,1300,-11870,-1300,1160,-20136,4197,-2640,-7200,-1039,691,120,208,363,691,,,,,,,,,,,,,,,,,,,,,,,,,,,,,,,,,,
43701000,-3951,1432,71,7,1831,-25664,-5267,3968,-23762,6700,-2160,-8040,-279,690,144,134,359,690,,,,,,,,,,,,,,,,,,,,,,,,,,,,,,,,,,
43750000,-4656,1162,-166,-133,1934,-32622,-8197,3114,-21526,6061,-480,-8360,-119,691,138,167,363,691,,,,,,,,,,,,,,,,,,,,,,,,,,,,,,,,,,
43801000,-5048,578,89,103,1934,-21819,-11188,3724,-18781,2895,0,-8280,-80,690,202,564,359,690,,,,,,,,,,,,,,,,,,,,,,,,,,,,,,,,,,
43850000,-5196,474,157,-200,1431,-21758,2178,3419,-12573,2290,0,-7359,-80,691,194,-120,363,691,,,,,,,,,,,,,,,,,,,,,,,,,,,,,,,,,,
43901000,-5498,469,23,172,-525,-22002,-7892,2564,2665,2263,119,-5039,-80,691,223,118,363,691,,,,,,,,,,,,,,,,,,,,,,,,,,,,,,,,,,
43950000,-5223,95,-286,91,1133,-10711,-4718,2442,14787,89,119,-2680,-80,691,322,370,363,691,,,,,,,,,,,,,,,,,,,,,,,,,,,,,,,,,,
44001000,-4888,326,-269,150,1483,-9917,-2277,1038,27950,1200,119,-80,-119,691,292,432,363,691,,,,,,,,,,,,,,,,,,,,,,,,,,,,,,,,,,
44050000,-4171,185,129,-102,1191,9613,-9052,-242,23547,614,240,-119,-80,690,346,417,359,690,,,,,,,,,,,,,,,,,,,,,,,,,,,,,,,,,,
44101000,-3309,246,357,-215,711,1984,7976,-364,18538,734,240,-119,-119,670,393,558,280,670,,,,,,,,,,,,,,,,,,,,,,,,,,,,,,,,,,
44150000,-2752,446,-159,-99,823,9613,-3253,-1829,15531,2128,240,-80,-80,656,403,495,224,656,,,,,,,,,,,,,,,,,,,,,,,,,,,,,,,,,,
44201000,-1858,207,-1,-168,673,11139,103,-1707,10336,743,240,-80,-80,632,422,429,128,632,,,,,,,,,,,,,,,,,,,,,,,,,,,,,,,,,,
44250000,-1449,546,190,58,1934,6012,3460,-1768,22144,2481,480,2360,-119,616,430,423,63,616,,,,,,,,,,,,,,,,,,,,,,,,,,,,,,,,,,
44301000,-914,538,219,122,1693,17914,-8319,-2684,29034,2430,359,4080,-119,606,484,569,24,606,,,,,,,,,,,,,,,,,,,,,,,,,,,,,,,,,,
44350000,-305,458,70,166,973,20172,286,-2928,28513,2202,240,4600,-80,583,532,617,0,583,,,,,,,,,,,,,,,,,,,,,,,,,,,,,,,,,,
44401000,344,363,-178,-58,200,22431,-5206,-3843,23571,1413,119,4400,-119,528,530,216,0,528,,,,,,,,,,,,,,,,,,,,,,,,,,,,,,,,,,
44450000,861,200,-32,-219,206,19806,-6183,-3660,805,698,119,999,-80,526,510,143,0,526,,,,,,,,,,,,,,,,,,,,,,,,,,,,,,,,,,
44501000,1109,256,-168,-227,246,16571,-385,-3905,-7149,1027,119,-119,-80,526,523,102,0,526,,,,,,,,,,,,,,,,,,,,,,,,,,,,,,,,,,
44550000,1190,345,-110,128,1208,18097,-1483,-3660,-7386,1545,119,-80,-80,549,546,-96,0,549,,,,,,,,,,,,,,,,,,,,,,,,,,,,,,,,,,
44601000,1174,469,-135,-116,350,10529,1934,-3660,-7525,2264,119,-119,-80,633,528,-459,132,633,,,,,,,,,,,,,,,,,,,,,,,,,,,,,,,,,,
44650000,905,705,-117,110,847,1190,3948,-1585,-5729,3403,119,-80,-119,681,510,-584,323,681,,,,,,,,,,,,,,,,,,,,,,,,,,,,,,,,,,
44701000,491,1100,103,-111,975,4303,6389,-1890,-3323,5699,119,-80,-119,737,510,-429,548,737,,,,,,,,,,,,,,,,,,,,,,,,,,,,,,,,,,
44750000,438,1248,257,-95,624,7477,3521,-609,-3016,6559,240,-80,-119,751,505,-309,604,751,,,,,,,,,,,,,,,,,,,,,,,,,,,,,,,,,,
44801000,325,1490,-64,-69,336,4181,7305,-2379,-2820,7965,240,-160,-119,753,507,-277,612,753,,,,,,,,,,,,,,,,,,,,,,,,,,,,,,,,,,
44850000,253,1607,28,-73,1934,5341,4619,-1036,-6125,8880,119,-800,-80,752,485,-88,607,752,,,,,,,,,,,,,,,,,,,,,,,,,,,,,,,,,,
44901000,119,1653,140,-67,1757,4486,5535,-914,-7434,8916,119,-1160,-119,752,464,-5,607,752,,,,,,,,,,,,,,,,,,,,,,,,,,,,,,,,,,
44950000,-253,1322,-71,-124,-352,-29,-4901,-670,-5269,6758,119,-1160,-160,753,474,14,612,753,,,,,,,,,,,,,,,,,,,,,,,,,,,,,,,,,,
45001000,-493,1221,-465,-106,266,1557,3399,-2257,1708,6402,240,-199,-119,751,488,-30,604,751,,,,,,,,,,,,,,,,,,,,,,,,,,,,,,,,,,
45050000,-836,1150,204,-79,999,-3753,-4413,-1890,4399,6223,240,-80,-80,739,504,327,556,739,,,,,,,,,,,,,,,,,,,,,,,,,,,,,,,,,,
45101000,-851,954,1,158,1934,6378,2971,-2073,18201,18105,119,2279,2160,662,479,194,248,662,,,,,,,,,,,,,,,,,,,,,,,,,,,,,,,,,,
45150000,-995,872,116,-125,-153,-1860,-6061,-3172,57866,21348,119,8959,2799,643,537,356,172,643,,,,,,,,,,,,,,,,,,,,,,,,,,,,,,,,,,
45201000,-696,76,43,-81,-314,25726,-16559,-4027,69619,17187,240,11280,2880,641,543,-25,163,641,,,,,,,,,,,,,,,,,,,,,,,,,,,,,,,,,,
45250000,643,-258,-99,-42,466,39826,-7404,-3966,61827,7099,240,11280,1480,641,577,375,163,641,,,,,,,,,,,,,,,,,,,,,,,,,,,,,,,,,,
45301000,1746,-502,-284,-125,299,32868,-15155,-2379,29143,-3388,119,6760,-80,642,590,144,168,642,,,,,,,,,,,,,,,,,,,,,,,,,,,,,,,,,,
45350000,2445,-701,-6,-121,689,27985,-6976,-1951,-4684,-4307,240,1640,-39,641,603,256,163,641,,,,,,,,,,,,,,,,,,,,,,,,,,,,,,,,,,
45401000,2536,-509,-26,-106,346,10040,-4962,-731,-15209,-3658,240,-80,-119,642,626,92,168,642,,,,,,,,,,,,,,,,,,,,,,,,,,,,,,,,,,
45450000,2093,-305,16,-150,1181,-2410,-4169,-975,-12867,-2238,119,-119,-80,641,648,528,163,641,,,,,,,,,,,,,,,,,,,,,,,,,,,,,,,,,,
45501000,1624,-81,-171,-145,1354,4913,-5573,-2257,-9909,-938,119,-80,-80,641,663,177,163,641,,,,,,,,,,,,,,,,,,,,,,,,,,,,,,,,,,
45550000,1190,-243,-180,-79,1219,-4668,-10333,-914,-7617,-2348,119,-119,-160,642,668,234,168,642,,,,,,,,,,,,,,,,,,,,,,,,,,,,,,,,,,
45601000,463,-185,156,-120,1113,-2471,-1178,-1646,-9201,-2009,119,-1119,-160,642,676,213,168,642,,,,,,,,,,,,,,,,,,,,,,,,,,,,,,,,,,
45650000,132,-82,22,-120,227,-640,-8624,-2257,-9837,-942,0,-1560,-80,641,686,107,163,641,,,,,,,,,,,,,,,,,,,,,,,,,,,,,,,,,,
45701000,-398,-271,54,-80,569,-11687,-2399,-2073,-11634,-2274,119,-2400,-119,642,696,152,168,642,,,,,,,,,,,,,,,,,,,,,,,,,,,,,,,,,,
45750000,-672,-195,19,-37,1223,-5889,-1422,-3233,-12132,-1832,0,-2760,-119,641,697,137,163,641,,,,,,,,,,,,,,,,,,,,,,,,,,,,,,,,,,
45801000,-933,-262,237,-56,329,-6621,-4413,-2257,-12474,-16407,0,-3079,-2560,641,694,-130,163,641,,,,,,,,,,,,,,,,,,,,,,,,,,,,,,,,,,
45850000,-1127,5,246,92,1213,-9063,9746,-3233,-9255,-29263,119,-2719,-5039,642,718,96,168,642,,,,,,,,,,,,,,,,,,,,,,,,,,,,,,,,,,
45901000,-1347,694,110,-91,1145,-7354,13103,-3843,-2395,-35722,0,-1760,-6840,642,719,110,168,642,,,,,,,,,,,,,,,,,,,,,,,,,,,,,,,,,,
45950000,-1458,1393,-80,-235,175,-5767,24517,-4149,-1985,-36775,240,-1799,-7719,642,715,48,168,642,,,,,,,,,,,,,,,,,,,,,,,,,,,,,,,,,,
46001000,-1482,2228,49,16,205,-9490,24639,-4759,-13702,-28668,240,-3839,-7160,643,707,-133,172,643,,,,,,,,,,,,,,,,,,,,,,,,,,,,,,,,,,
46050000,-1642,2799,136,-139,50,-17363,24028,-4393,-13700,-19300,119,-3999,-6120,642,721,-1,168,642,,,,,,,,,,,,,,,,,,,,,,,,,,,,,,,,,,
46101000,-2192,3577,9,-163,763,-20476,26226,-6163,-10737,-1760,119,-4040,-3880,642,686,-209,168,642,,,,,,,,,,,,,,,,,,,,,,,,,,,,,,,,,,
46150000,-2292,3841,-60,-170,1122,-14739,9319,-5919,-9927,5588,119,-3999,-2879,643,698,-47,172,643,,,,,,,,,,,,,,,,,,,,,,,,,,,,,,,,,,
46201000,-2512,3624,22,-54,1476,-17608,6939,-3721,-8412,16652,119,-3960,-759,643,683,-14,172,643,,,,,,,,,,,,,,,,,,,,,,,,,,,,,,,,,,
46250000,-2723,3409,29,-44,1781,-14129,2483,-4088,-7654,19354,119,-4040,-80,641,670,-318,163,641,,,,,,,,,,,,,,,,,,,,,,,,,,,,,,,,,,
46301000,-2890,2905,-52,43,1525,-15532,-8685,-4271,-2265,16424,119,-3279,-80,642,668,-116,168,642,,,,,,,,,,,,,,,,,,,,,,,,,,,,,,,,,,
46350000,-3043,2536,-120,233,1186,-13945,-2033,-4088,10950,14512,-1799,-1160,-39,643,653,-79,172,643,,,,,,,,,,,,,,,,,,,,,,,,,,,,,,,,,,
46401000,-2817,2073,-29,-103,210,-8696,-9479,-2073,15914,11820,-15239,-80,-39,641,650,-381,163,641,,,,,,,,,,,,,,,,,,,,,,,,,,,,,,,,,,
46450000,-2606,1393,97,227,1336,-11626,-5084,7874,14687,7635,-20039,-80,-80,642,622,-430,168,642,,,,,,,,,,,,,,,,,,,,,,,,,,,,,,,,,,
46501000,-2573,1227,-88,13,1502,-9917,-5328,11231,14491,6670,-29519,-80,-80,641,604,-195,163,641,,,,,,,,,,,,,,,,,,,,,,,,,,,,,,,,,,
46550000,-2158,590,219,-204,495,3876,-11798,16968,12084,2966,-34079,-80,-80,641,624,-25,163,641,,,,,,,,,,,,,,,,,,,,,,,,,,,,,,,,,,
46601000,-1230,639,197,30,1610,14130,14507,23499,6688,3254,-34200,-80,-80,640,609,104,159,640,,,,,,,,,,,,,,,,,,,,,,,,,,,,,,,,,,
46650000,-675,1005,-124,-51,1041,6989,774,25269,3461,5610,-28320,-80,-39,641,588,-234,163,641,,,,,,,,,,,,,,,,,,,,,,,,,,,,,,,,,,
46701000,-337,688,-20,-230,-26,6134,-2460,20447,1267,3768,-24240,-119,-39,641,563,-276,163,641,,,,,,,,,,,,,,,,,,,,,,,,,,,,,,,,,,
46750000,-86,983,-123,160,1902,1862,12676,19410,-197,5252,-15000,-119,-80,640,531,-380,159,640,,,,,,,,,,,,,,,,,,,,,,,,,,,,,,,,,,
46801000,-117,1304,258,-94,1687,3815,-812,12513,217,6887,0,-80,-119,642,529,-276,168,642,,,,,,,,,,,,,,,,,,,,,,,,,,,,,,,,,,
46850000,-187,987,133,-131,1620,2838,-5206,3541,158,5274,240,-160,-80,643,532,-87,172,643,,,,,,,,,,,,,,,,,,,,,,,,,,,,,,,,,,
46901000,96,874,23,91,1216,6622,4436,184,-8931,-2355,119,-1440,-1280,671,493,-341,284,671,,,,,,,,,,,,,,,,,,,,,,,,,,,,,,,,,,
46950000,-63,868,140,212,1812,-12725,469,2808,-22417,-8671,119,-3919,-2359,678,510,-104,311,678,,,,,,,,,,,,,,,,,,,,,,,,,,,,,,,,,,
47001000,-649,679,251,-64,1027,-6255,2788,672,-35054,-11164,240,-6680,-2600,685,458,-333,340,685,,,,,,,,,,,,,,,,,,,,,,,,,,,,,,,,,,
47050000,-1157,934,-96,-81,1633,-17791,15545,611,-35121,-8748,240,-7200,-2439,686,453,-221,343,686,,,,,,,,,,,,,,,,,,,,,,,,,,,,,,,,,,
47101000,-2083,1057,164,118,1485,-20415,286,550,-26948,-2222,119,-6720,-1440,686,428,-158,343,686,,,,,,,,,,,,,,,,,,,,,,,,,,,,,,,,,,
47150000,-2673,1176,123,125,181,-15532,12188,-609,-19335,558,119,-6000,-1080,685,427,-216,340,685,,,,,,,,,,,,,,,,,,,,,,,,,,,,,,,,,,
47201000,-3110,1574,171,15,805,-22124,4375,-1951,-11913,7755,119,-5160,-240,685,413,-83,340,685,,,,,,,,,,,,,,,,,,,,,,,,,,,,,,,,,,
47250000,-3305,1215,-188,-15,1524,-14312,-6061,-2379,-10546,6365,119,-5120,-119,685,399,27,340,685,,,,,,,,,,,,,,,,,,,,,,,,,,,,,,,,,,
47301000,-3380,1069,185,-81,980,-12420,5901,-2440,-9879,5986,359,-5080,-39,685,362,-277,340,685,,,,,,,,,,,,,,,,,,,,,,,,,,,,,,,,,,
47350000,-3274,1210,-337,117,1188,-11382,-6122,-2562,-2589,6570,119,-3719,-80,685,414,29,340,685,,,,,,,,,,,,,,,,,,,,,,,,,,,,,,,,,,
47401000,-3430,967,-157,-133,498,-13640,286,-2562,7386,5155,119,-2159,-80,686,381,3,343,686,,,,,,,,,,,,,,,,,,,,,,,,,,,,,,,,,,
47450000,-3270,1140,-346,-57,1934,-701,1934,-3416,18311,6394,119,-119,-39,685,385,31,340,685,,,,,,,,,,,,,,,,,,,,,,,,,,,,,,,,,,
47501000,-2784,759,-70,118,1934,397,-10944,-2379,15719,3950,240,-80,-80,685,399,224,340,685,,,,,,,,,,,,,,,,,,,,,,,,,,,,,,,,,,
47550000,-2453,693,-277,74,1026,4242,-3864,-4027,13795,3564,119,-80,-80,685,370,-16,340,685,,,,,,,,,,,,,,,,,,,,,,,,,,,,,,,,,,
47601000,-1832,381,-282,-281,1535,12055,-8502,-4576,10187,2215,-119,-80,0,684,396,92,336,684,,,,,,,,,,,,,,,,,,,,,,,,,,,,,,,,,,
47650000,-1401,260,-127,-45,965,7233,-1483,-2623,7911,1978,-2279,-39,79,685,367,10,340,685,,,,,,,,,,,,,,,,,,,,,,,,,,,,,,,,,,
47701000,-1165,203,-267,125,827,8453,-9723,-548,6542,1184,-15000,-39,0,684,390,59,336,684,,,,,,,,,,,,,,,,,,,,,,,,,,,,,,,,,,
47750000,-993,-67,32,-155,967,8576,-4962,8057,5542,-859,-23160,-39,-80,683,385,-17,332,683,,,,,,,,,,,,,,,,,,,,,,,,,,,,,,,,,,
47801000,-1004,378,2,96,1508,3265,7915,14405,5605,1735,-31919,-39,-80,682,420,393,327,682,,,,,,,,,,,,,,,,,,,,,,,,,,,,,,,,,,
47850000,-1010,467,0,-136,1262,8515,-7221,19227,5174,2250,-41640,-119,-80,680,424,254,320,680,,,,,,,,,,,,,,,,,,,,,,,,,,,,,,,,,,
47901000,-717,576,17,-22,568,9979,9563,28138,3707,3120,-47040,-80,-39,674,428,47,296,674,,,,,,,,,,,,,,,,,,,,,,,,,,,,,,,,,,
47950000,-676,1005,16,-297,495,4669,2300,32044,3236,5611,-47399,-119,-39,672,453,-13,287,672,,,,,,,,,,,,,,,,,,,,,,,,,,,,,,,,,,
48001000,-1010,1039,-118,56,1699,-1128,-2216,35096,5411,5577,-46680,-80,-80,672,463,278,287,672,,,,,,,,,,,,,,,,,,,,,,,,,,,,,,,,,,
48050000,-979,1286,-87,91,1214,7233,3276,34852,5227,7013,-38280,-80,-80,672,441,223,287,672,,,,,,,,,,,,,,,,,,,,,,,,,,,,,,,,,,
48101000,-538,1110,224,127,952,12482,-10761,28748,2432,5989,-2040,-119,-80,672,465,261,287,672,,,,,,,,,,,,,,,,,,,,,,,,,,,,,,,,,,
48150000,-269,784,321,-130,915,7660,-7709,11048,868,4096,240,-119,-80,670,483,272,280,670,,,,,,,,,,,,,,,,,,,,,,,,,,,,,,,,,,
48201000,-111,725,-341,-201,905,10346,-7221,2198,185,3753,359,-80,-80,670,479,186,280,670,,,,,,,,,,,,,,,,,,,,,,,,,,,,,,,,,,
48250000,36,801,-145,-134,1140,8820,-8197,2442,-676,4193,240,-80,-80,670,499,214,280,670,,,,,,,,,,,,,,,,,,,,,,,,,,,,,,,,,,
48301000,-72,552,150,246,635,5158,-10944,1893,-44,6003,240,-80,480,671,503,104,284,671,,,,,,,,,,,,,,,,,,,,,,,,,,,,,,,,,,
48350000,-25,481,-28,66,1038,10956,-11432,-2318,-547,11867,359,-119,1559,670,519,307,280,670,,,,,,,,,,,,,,,,,,,,,,,,,,,,,,,,,,
48401000,133,-24,-342,-343,1162,10162,-24127,-2684,7828,17298,240,1480,2999,670,526,236,280,670,,,,,,,,,,,,,,,,,,,,,,,,,,,,,,,,,,
48450000,275,-582,-281,-28,960,11444,-21564,-2623,22580,11957,240,4159,2639,670,535,188,280,670,,,,,,,,,,,,,,,,,,,,,,,,,,,,,,,,,,
48501000,638,-978,-50,-13,1478,20661,-17230,-4332,21633,588,359,4360,1080,670,558,343,280,670,,,,,,,,,,,,,,,,,,,,,,,,,,,,,,,,,,
48550000,1071,-1163,-10,1,1910,21454,-14484,-2867,18885,-7231,0,4319,-80,670,564,149,280,670,,,,,,,,,,,,,,,,,,,,,,,,,,,,,,,,,,
48601000,1295,-1106,-29,61,543,18646,-8014,-3905,-8462,-6899,119,-160,-80,670,577,311,280,670,,,,,,,,,,,,,,,,,,,,,,,,,,,,,,,,,,
48650000,1297,-939,268,65,781,10895,-6671,-4027,-8005,-6161,119,-80,-119,670,572,219,280,670,,,,,,,,,,,,,,,,,,,,,,,,,,,,,,,,,,
48701000,982,-626,16,48,870,6378,-4047,-4027,-6407,-4107,240,-119,-80,671,607,330,284,671,,,,,,,,,,,,,,,,,,,,,,,,,,,,,,,,,,
48750000,665,-537,-64,-81,20,9064,-8685,-3599,-4565,-3357,240,-119,-39,670,613,104,280,670,,,,,,,,,,,,,,,,,,,,,,,,,,,,,,,,,,
48801000,274,-370,197,-99,863,-2898,1995,-2928,-2063,-2385,119,-80,-39,670,628,288,280,670,,,,,,,,,,,,,,,,,,,,,,,,,,,,,,,,,,
48850000,-36,-85,191,5,1934,5158,-2582,-3355,-251,-960,119,-80,-80,671,628,266,284,671,,,,,,,,,,,,,,,,,,,,,,,,,,,,,,,,,,
48901000,-101,-182,64,-170,1511,3571,-2948,-1463,122,-1526,119,-80,-80,671,667,432,284,671,,,,,,,,,,,,,,,,,,,,,,,,,,,,,,,,,,
48950000,-293,138,-93,84,152,2045,6328,-2562,1008,109,119,-119,-119,670,666,378,280,670,,,,,,,,,,,,,,,,,,,,,,,,,,,,,,,,,,
49001000,-408,220,53,94,972,1251,-8807,-2867,36320,-6622,240,5840,-1360,671,685,314,284,671,,,,,,,,,,,,,,,,,,,,,,,,,,,,,,,,,,
49050000,-323,318,-279,-192,1020,9552,4192,-2684,53960,-5355,240,8959,-1239,670,694,297,280,670,,,,,,,,,,,,,,,,,,,,,,,,,,,,,,,,,,
49101000,499,882,177,-124,257,33783,1873,-2867,58246,12,119,10520,-880,670,728,208,280,670,,,,,,,,,,,,,,,,,,,,,,,,,,,,,,,,,,
49150000,1582,985,-76,-156,714,28534,-5084,-2745,43582,-546,0,9080,-1080,670,724,327,280,670,,,,,,,,,,,,,,,,,,,,,,,,,,,,,,,,,,
49201000,2219,1095,123,60,1934,26032,3460,-2440,-6858,-2700,0,1040,-1560,670,735,192,280,670,,,,,,,,,,,,,,,,,,,,,,,,,,,,,,,,,,
49250000,2468,1310,-41,-124,1391,16815,-1117,-2196,-14812,-7496,0,-80,-2600,669,739,140,276,669,,,,,,,,,,,,,,,,,,,,,,,,,,,,,,,,,,
49301000,1892,1154,-312,-123,1359,-2959,-1422,-2135,-11466,-13052,119,-80,-3400,670,762,204,280,670,,,,,,,,,,,,,,,,,,,,,,,,,,,,,,,,,,
49350000,1228,1351,-175,223,1333,275,6817,-3477,-14813,-12605,119,-1319,-3520,670,750,173,280,670,,,,,,,,,,,,,,,,,,,,,,,,,,,,,,,,,,
49401000,748,1445,-124,189,1442,-2593,286,-3172,-27836,-8568,0,-4040,-2920,669,755,207,276,669,,,,,,,,,,,,,,,,,,,,,,,,,,,,,,,,,,
49450000,-186,1495,-84,-84,-166,-20293,8464,-3355,-34026,-3629,240,-6040,-2120,669,763,109,276,669,,,,,,,,,,,,,,,,,,,,,,,,,,,,,,,,,,
49501000,-1155,1570,113,133,677,-19500,286,-3905,-35602,60,0,-7280,-1560,669,783,193,276,669,,,,,,,,,,,,,,,,,,,,,,,,,,,,,,,,,,
49550000,-2037,1374,186,71,1493,-26213,2971,-2684,-30475,549,0,-7280,-1280,669,787,134,276,669,,,,,,,,,,,,,,,,,,,,,,,,,,,,,,,,,,
49601000,-2915,1402,-137,-369,384,-27434,591,-4149,-24669,1643,0,-7160,-1119,668,796,116,271,668,,,,,,,,,,,,,,,,,,,,,,,,,,,,,,,,,,
49650000,-3504,1041,127,-45,1050,-28167,-3436,-2318,-18224,-458,0,-6640,-1119,668,809,141,271,668,,,,,,,,,,,,,,,,,,,,,,,,,,,,,,,,,,
49701000,-3986,1181,-148,-115,1241,-27922,9807,-3172,-15425,354,0,-6640,-1119,669,814,215,276,669,,,,,,,,,,,,,,,,,,,,,,,,,,,,,,,,,,
49750000,-4235,1122,-165,48,1568,-22734,-7343,-2012,-17231,-1615,119,-7200,-1399,668,815,-74,271,668,,,,,,,,,,,,,,,,,,,,,,,,,,,,,,,,,,
49801000,-4678,1062,-157,216,62,-32988,11089,-242,-26052,-5450,119,-9160,-2000,670,823,65,280,670,,,,,,,,,,,,,,,,,,,,,,,,,,,,,,,,,,
49850000,-5177,1493,-154,172,768,-31157,6328,-548,-30122,-2016,119,-10360,-1840,670,846,68,280,670,,,,,,,,,,,,,,,,,,,,,,,,,,,,,,,,,,
49901000,-5567,1396,317,370,1934,-41228,2605,-120,-29951,676,0,-10720,-1280,669,868,405,276,669,,,,,,,,,,,,,,,,,,,,,,,,,,,,,,,,,,
49950000,-6150,1701,-39,169,946,-36467,10662,-1402,-26793,3147,0,-10760,-1160,668,881,-25,271,668,,,,,,,,,,,,,,,,,,,,,,,,,,,,,,,,,,
50001000,-6205,1855,-172,-36,285,-34880,1323,-914,-28565,5900,0,-11120,-839,669,891,172,276,669,,,,,,,,,,,,,,,,,,,,,,,,,,,,,,,,,,
50050000,-6378,1798,-244,-104,1112,-41350,4009,-609,-23375,7429,0,-10400,-520,668,928,297,271,668,,,,,,,,,,,,,,,,,,,,,,,,,,,,,,,,,,
50101000,-6511,1729,-28,-10,804,-32988,1018,-1097,22270,2613,0,-2680,-1280,669,923,116,276,669,,,,,,,,,,,,,,,,,,,,,,,,,,,,,,,,,,
50150000,-6120,1547,-62,263,1541,-21880,4314,-853,35110,162,240,-80,-1519,670,934,388,280,670,,,,,,,,,,,,,,,,,,,,,,,,,,,,,,,,,,
50201000,-4962,1516,-72,240,1905,4852,3215,-2440,28149,-2808,240,-119,-2000,670,941,186,280,670,,,,,,,,,,,,,,,,,,,,,,,,,,,,,,,,,,
50250000,-3768,1407,-47,-235,639,1129,2788,-1158,21438,-10184,119,-80,-3159,670,941,119,280,670,,,,,,,,,,,,,,,,,,,,,,,,,,,,,,,,,,
50301000,-2843,1490,-177,-242,425,8576,9136,-548,16065,-20401,119,-80,-5000,669,949,19,276,669,,,,,,,,,,,,,,,,,,,,,,,,,,,,,,,,,,
50350000,-1887,1698,-19,-252,-28,9491,10601,-1219,10508,-29883,240,-80,-6840,670,956,165,280,670,,,,,,,,,,,,,,,,,,,,,,,,,,,,,,,,,,
50401000,-1172,2131,261,-150,1220,2594,18718,-487,6348,-40391,119,-80,-9080,669,944,-7,276,669,,,,,,,,,,,,,,,,,,,,,,,,,,,,,,,,,,
50450000,-485,2814,192,-98,1566,14008,26287,-1036,2358,-44093,119,-80,-10400,669,932,-11,276,669,,,,,,,,,,,,,,,,,,,,,,,,,,,,,,,,,,
50501000,63,3442,50,-226,852,7660,27935,-181,-831,-47416,119,-80,-11600,669,943,-16,276,669,,,,,,,,,,,,,,,,,,,,,,,,,,,,,,,,,,
50550000,336,4287,-203,-286,295,7538,39837,-1219,-2422,-42738,119,-80,-11639,670,940,165,280,670,,,,,,,,,,,,,,,,,,,,,,,,,,,,,,,,,,
50601000,638,5153,-132,-144,1236,8148,34710,-1219,-4176,-36775,240,-80,-11480,669,937,-50,276,669,,,,,,,,,,,,,,,,,,,,,,,,,,,,,,,,,,
50650000,837,5642,-170,-150,1804,5097,37212,-853,-5332,-28350,0,-80,-10519,669,949,190,276,669,,,,,,,,,,,,,,,,,,,,,,,,,,,,,,,,,,
50701000,823,6093,-135,-88,1612,7050,30559,-2073,-5254,-2248,119,-80,-6480,670,953,194,280,670,,,,,,,,,,,,,,,,,,,,,,,,,,,,,,,,,,
50750000,869,5763,-132,98,1861,7050,11089,-792,-5753,6068,119,-119,-4720,668,941,25,271,668,,,,,,,,,,,,,,,,,,,,,,,,,,,,,,,,,,
50801000,739,5213,-52,73,1103,11261,18291,-1463,-4533,19377,119,-39,-1879,669,955,229,276,669,,,,,,,,,,,,,,,,,,,,,,,,,,,,,,,,,,
50850000,666,4706,-254,52,107,8759,2239,-2257,-4340,25729,240,-80,-279,670,920,-25,280,670,,,,,,,,,,,,,,,,,,,,,,,,,,,,,,,,,,
50901000,681,3487,-89,-58,540,7843,-3619,-1829,-4428,20041,119,-80,-39,669,945,26,276,669,,,,,,,,,,,,,,,,,,,,,,,,,,,,,,,,,,
50950000,623,2832,124,-96,1104,7843,-2277,-3721,-4321,16002,119,-119,-80,670,920,80,280,670,,,,,,,,,,,,,,,,,,,,,,,,,,,,,,,,,,
51001000,730,1862,125,23,1643,8698,-16498,-3233,-4480,10358,240,-39,-80,670,895,-124,280,670,,,,,,,,,,,,,,,,,,,,,,,,,,,,,,,,,,
51050000,547,1353,-90,45,242,3449,-385,-3416,-1554,7400,240,280,-80,670,908,-97,280,670,,,,,,,,,,,,,,,,,,,,,,,,,,,,,,,,,,
51101000,433,1103,-207,90,274,10285,-14301,-3538,3522,7345,119,1040,160,669,902,-181,276,669,,,,,,,,,,,,,,,,,,,,,,,,,,,,,,,,,,
51150000,413,686,172,98,24,7782,-6549,-2135,6196,7709,119,1480,639,669,908,-46,276,669,,,,,,,,,,,,,,,,,,,,,,,,,,,,,,,,,,
51201000,397,730,-25,-94,643,7660,-7160,-3843,17686,13080,119,3440,1519,669,882,-161,276,669,,,,,,,,,,,,,,,,,,,,,,,,,,,,,,,,,,
51250000,706,576,93,-86,904,19623,-13324,-4393,29840,15211,119,5840,2040,670,888,-207,280,670,,,,,,,,,,,,,,,,,,,,,,,,,,,,,,,,,,
51301000,1214,355,-157,-188,515,25543,-13568,-4576,33165,17411,240,6919,2639,670,879,-240,280,670,,,,,,,,,,,,,,,,,,,,,,,,,,,,,,,,,,
51350000,1823,84,66,134,1182,31220,-14118,-4149,29625,17694,119,6919,2960,669,858,-169,276,669,,,,,,,,,,,,,,,,,,,,,,,,,,,,,,,,,,
51401000,2568,-295,-31,-85,243,36041,-23822,-4698,25064,25255,240,6879,4640,670,839,-237,280,670,,,,,,,,,,,,,,,,,,,,,,,,,,,,,,,,,,
51450000,3277,-902,16,6,503,35248,-25043,-4881,21172,22653,240,6919,4800,670,832,-307,280,670,,,,,,,,,,,,,,,,,,,,,,,,,,,,,,,,,,
51501000,3609,-1399,-63,-21,294,27680,-24249,-4942,2969,17905,119,4119,4479,669,805,-592,276,669,,,,,,,,,,,,,,,,,,,,,,,,,,,,,,,,,,
51550000,3683,-1709,-150,-91,1883,18524,-25836,-5003,-14435,10291,359,1199,3480,671,803,-240,284,671,,,,,,,,,,,,,,,,,,,,,,,,,,,,,,,,,,
51601000,3270,-1691,-254,-125,1115,15656,-16925,-4698,-19474,-1229,119,-80,1480,670,774,-336,280,670,,,,,,,,,,,,,,,,,,,,,,,,,,,,,,,,,,
51650000,2627,-1744,117,146,1413,6928,-22052,-3782,-15736,-3396,240,-80,1159,670,781,-288,280,670,,,,,,,,,,,,,,,,,,,,,,,,,,,,,,,,,,
51701000,1888,-1543,-178,-11,1577,1007,-11005,-5369,-11442,-2461,119,-80,1119,669,764,-129,276,669,,,,,,,,,,,,,,,,,,,,,,,,,,,,,,,,,,
51750000,1112,-1436,-21,100,340,-457,-17597,-4149,-7163,-1375,240,-119,1199,669,752,-486,276,669,,,,,,,,,,,,,,,,,,,,,,,,,,,,,,,,,,
51801000,179,-1352,195,156,800,-9002,-8991,-3599,-2437,-884,119,-240,1199,669,735,-271,276,669,,,,,,,,,,,,,,,,,,,,,,,,,,,,,,,,,,
51850000,-423,-1021,29,-156,195,31,-11249,-4027,-8464,1035,240,-1879,1199,670,723,-314,280,670,,,,,,,,,,,,,,,,,,,,,,,,,,,,,,,,,,
51901000,-871,-980,123,122,388,-14617,-14972,-3782,-19349,-5696,119,-4200,0,669,714,-391,276,669,,,,,,,,,,,,,,,,,,,,,,,,,,,,,,,,,,
51950000,-1592,-583,-82,-149,401,-19378,835,-3905,-23992,-3622,-119,-5720,-39,669,704,-165,276,669,,,,,,,,,,,,,,,,,,,,,,,,,,,,,,,,,,
52001000,-2147,-188,-199,-199,152,-17241,-11493,-2623,-35644,-2022,-1919,-8280,-160,669,707,-198,276,669,,,,,,,,,,,,,,,,,,,,,,,,,,,,,,,,,,
52050000,-2735,-128,-118,-82,1195,-35979,-4779,-1280,-32462,-1443,-2040,-8320,-119,669,684,-263,276,669,,,,,,,,,,,,,,,,,,,,,,,,,,,,,,,,,,
52101000,-3965,486,64,-358,573,-36467,835,-2745,-26476,2362,-1799,-8520,-80,669,690,-292,276,669,,,,,,,,,,,,,,,,,,,,,,,,,,,,,,,,,,
52150000,-4441,406,209,-89,701,-26763,-16559,-2135,-23940,1900,-1919,-8559,-80,669,704,-31,276,669,,,,,,,,,,,,,,,,,,,,,,,,,,,,,,,,,,
52201000,-4919,503,204,52,1636,-36956,6389,-1341,-13490,2460,-1919,-7240,-80,669,667,-231,276,669,,,,,,,,,,,,,,,,,,,,,,,,,,,,,,,,,,
52250000,-5393,976,208,99,806,-28228,-4230,-1707,893,5210,-1919,-5240,-80,669,670,-155,276,669,,,,,,,,,,,,,,,,,,,,,,,,,,,,,,,,,,
52301000,-5114,548,-86,34,1187,-9368,-13629,-1341,29031,2955,-1919,-119,-39,670,675,-11,280,670,,,,,,,,,,,,,,,,,,,,,,,,,,,,,,,,,,
52350000,-4475,919,-188,-75,801,-2349,13836,-1219,25782,6272,-1919,-39,160,669,671,-120,276,669,,,,,,,,,,,,,,,,,,,,,,,,,,,,,,,,,,
52401000,-3858,1159,94,-55,260,153,-10883,-1829,35450,13715,-1919,2239,1199,669,651,-194,276,669,,,,,,,,,,,,,,,,,,,,,,,,,,,,,,,,,,
52450000,-3120,593,-57,-223,1242,8637,-2765,-670,42317,14611,-1319,4159,1919,670,631,-231,280,670,,,,,,,,,,,,,,,,,,,,,,,,,,,,,,,,,,
52501000,-2083,959,-217,-66,1063,19440,7061,-2623,50938,16038,-239,6680,1800,670,624,-155,280,670,,,,,,,,,,,,,,,,,,,,,,,,,,,,,,,,,,
52550000,-874,501,-147,-104,890,30670,-20221,-3660,45540,12678,-119,6960,1679,670,622,-45,280,670,,,,,,,,,,,,,,,,,,,,,,,,,,,,,,,,,,
52601000,294,381,-225,60,1917,29816,8159,-3477,27819,10588,-119,5079,1440,670,602,-91,280,670,,,,,,,,,,,,,,,,,,,,,,,,,,,,,,,,,,
52650000,1173,650,-179,71,404,35736,-7343,-3111,7592,9128,-1080,2479,920,667,583,-234,267,667,,,,,,,,,,,,,,,,,,,,,,,,,,,,,,,,,,
52701000,1891,112,28,87,1079,23346,-9662,-2745,-11691,419,-1199,-119,-39,647,583,-146,188,647,,,,,,,,,,,,,,,,,,,,,,,,,,,,,,,,,,
52750000,1660,524,-114,57,1291,8392,15667,-2562,-10119,2581,-599,-80,-80,650,568,-213,199,650,,,,,,,,,,,,,,,,,,,,,,,,,,,,,,,,,,
52801000,1541,739,-393,-197,94,14374,-9662,-4393,-9192,3370,0,-39,-160,651,564,-195,204,651,,,,,,,,,,,,,,,,,,,,,,,,,,,,,,,,,,
52850000,1405,468,-51,103,1546,4120,1934,-1829,-8632,2027,119,-80,-119,671,547,-181,284,671,,,,,,,,,,,,,,,,,,,,,,,,,,,,,,,,,,
52901000,887,1012,-80,-125,1722,1984,11272,-2501,-5854,5652,0,-119,-39,681,524,-177,323,681,,,,,,,,,,,,,,,,,,,,,,,,,,,,,,,,,,
52950000,330,944,-195,-160,1903,1190,-6183,-2684,-3083,5024,0,-199,-80,682,549,-116,327,682,,,,,,,,,,,,,,,,,,,,,,,,,,,,,,,,,,
53001000,-131,944,-341,81,1266,-3081,9929,-2928,-4581,4558,0,-920,-160,710,509,-251,439,710,,,,,,,,,,,,,,,,,,,,,,,,,,,,,,,,,,
53050000,-772,1203,-226,-86,1114,-7293,225,-2440,-4346,5832,0,-1519,-199,775,501,-251,699,775,,,,,,,,,,,,,,,,,,,,,,,,,,,,,,,,,,
53101000,-1069,1268,-133,-207,1316,-640,4497,-2440,-9363,1562,119,-2680,-1000,787,527,13,748,787,,,,,,,,,,,,,,,,,,,,,,,,,,,,,,,,,,
53150000,-1275,1864,411,262,1414,-7048,20427,-4271,-8860,5022,119,-2799,-1000,787,512,5,748,787,,,,,,,,,,,,,,,,,,,,,,,,,,,,,,,,,,
53201000,-1529,2669,151,127,1934,-8208,20855,-7933,-15056,2730,0,-4119,-2200,785,483,138,740,785,,,,,,,,,,,,,,,,,,,,,,,,,,,,,,,,,,
53250000,-1768,3215,-142,105,1009,-11138,27507,-5491,-14134,1485,0,-4200,-2960,772,503,256,688,772,,,,,,,,,,,,,,,,,,,,,,,,,,,,,,,,,,
53301000,-2057,4094,-1,-35,1292,-16143,33733,-8482,-14313,6592,0,-4520,-2960,691,531,407,363,691,,,,,,,,,,,,,,,,,,,,,,,,,,,,,,,,,,
53350000,-2345,4553,219,7,1668,-12481,20855,-6651,-12406,9728,0,-4479,-2879,669,540,335,276,669,,,,,,,,,,,,,,,,,,,,,,,,,,,,,,,,,,
53401000,-2675,4211,217,-131,1452,-16997,5718,-4576,-10255,8435,0,-4440,-2760,649,559,403,195,649,,,,,,,,,,,,,,,,,,,,,,,,,,,,,,,,,,
53450000,-2987,3790,302,-2,81,-11687,8587,-6529,-6118,9709,0,-4040,-2120,648,553,216,192,648,,,,,,,,,,,,,,,,,,,,,,,,,,,,,,,,,,
53501000,-3034,3156,475,116,701,-14861,-2399,-5614,16242,6488,-119,-240,-2040,584,600,327,0,584,,,,,,,,,,,,,,,,,,,,,,,,,,,,,,,,,,
53550000,-3048,2675,24,-171,1478,-10711,9136,-5736,17485,6021,0,-39,-1640,574,607,330,0,574,,,,,,,,,,,,,,,,,,,,,,,,,,,,,,,,,,
53601000,-2805,2671,21,-55,1305,-4241,5657,-4454,15843,7623,240,-80,-1360,575,623,331,0,575,,,,,,,,,,,,,,,,,,,,,,,,,,,,,,,,,,
53650000,-2389,2175,33,-85,1031,-3386,-5390,-5614,13426,6134,119,-80,-1119,580,647,473,0,580,,,,,,,,,,,,,,,,,,,,,,,,,,,,,,,,,,
53701000,-1697,1585,-89,-189,116,7782,-6549,-5430,9399,4101,240,-80,-880,618,661,27,71,618,,,,,,,,,,,,,,,,,,,,,,,,,,,,,,,,,,
53750000,-993,1248,9,17,647,9064,-8502,-3843,5310,2144,119,-80,-880,629,679,24,116,629,,,,,,,,,,,,,,,,,,,,,,,,,,,,,,,,,,
53801000,-698,986,-61,30,865,2716,-5756,-3172,3597,2012,240,-80,-640,649,689,23,195,649,,,,,,,,,,,,,,,,,,,,,,,,,,,,,,,,,,
53850000,-459,761,41,9,1606,11200,-10578,-3843,2208,706,119,-80,-640,665,679,-308,260,665,,,,,,,,,,,,,,,,,,,,,,,,,,,,,,,,,,
53901000,-295,489,61,-18,1617,-3081,-4901,-2257,1252,-872,240,-80,-640,694,691,-116,376,694,,,,,,,,,,,,,,,,,,,,,,,,,,,,,,,,,,
53950000,-768,568,-161,-224,1367,-6011,-1300,-3966,4002,-1344,119,-80,-800,702,676,-161,408,702,,,,,,,,,,,,,,,,,,,,,,,,,,,,,,,,,,
54001000,-506,314,86,-33,1033,10773,-8136,-2196,2712,-3984,-1319,-39,-1000,706,679,-225,423,706,,,,,,,,,,,,,,,,,,,,,,,,,,,,,,,,,,
54050000,-515,433,-352,-102,1014,-11748,-18,-1158,2066,-5852,-12120,-160,-1440,726,681,-70,504,726,,,,,,,,,,,,,,,,,,,,,,,,,,,,,,,,,,
54101000,-890,504,-185,-11,960,-579,1873,7386,4013,-5903,-29760,-199,-1519,726,687,1,504,726,,,,,,,,,,,,,,,,,,,,,,,,,,,,,,,,,,
54150000,-586,772,-347,-9,1273,7782,13530,17945,2246,-4342,-31319,-199,-1519,724,695,78,495,724,,,,,,,,,,,,,,,,,,,,,,,,,,,,,,,,,,
54201000,-518,1250,162,108,1551,-4424,10784,21058,1850,-2033,-36120,-199,-1599,723,686,113,491,723,,,,,,,,,,,,,,,,,,,,,,,,,,,,,,,,,,
54250000,-675,1358,24,-66,1273,153,6328,26490,2761,-1405,-37440,-199,-1599,724,706,50,495,724,,,,,,,,,,,,,,,,,,,,,,,,,,,,,,,,,,
54301000,-625,1552,51,101,1109,2289,6633,28687,2472,187,-30480,-199,-1519,722,732,273,488,722,,,,,,,,,,,,,,,,,,,,,,,,,,,,,,,,,,
54350000,-767,1441,-228,123,1099,-4729,-5695,26734,3531,-688,-22320,-160,-1560,723,727,244,491,723,,,,,,,,,,,,,,,,,,,,,,,,,,,,,,,,,,
54401000,-853,957,172,135,829,1373,-4413,20997,4261,-3269,-15239,-119,-1519,722,744,194,488,722,,,,,,,,,,,,,,,,,,,,,,,,,,,,,,,,,,
54450000,-544,918,-590,-119,1704,-2898,-6061,17213,2700,-3498,-1319,-80,-1519,686,745,527,343,686,,,,,,,,,,,,,,,,,,,,,,,,,,,,,,,,,,
54501000,-445,810,422,271,1621,2533,835,8118,1662,-3890,240,-160,-1480,674,788,440,296,674,,,,,,,,,,,,,,,,,,,,,,,,,,,,,,,,,,
54550000,-371,842,-419,-112,-352,-1433,-3314,5433,1693,-3940,240,-80,-1519,675,801,471,300,675,,,,,,,,,,,,,,,,,,,,,,,,,,,,,,,,,,
54601000,-419,833,-557,-111,92,214,-6366,4639,1510,-3524,240,-160,-1440,674,809,142,296,674,,,,,,,,,,,,,,,,,,,,,,,,,,,,,,,,,,
54650000,-437,723,156,-29,1009,-1738,-5512,3907,1846,-4162,240,-119,-1440,673,854,395,291,673,,,,,,,,,,,,,,,,,,,,,,,,,,,,,,,,,,
54701000,-628,675,257,-113,151,-5156,-202,2625,2956,-3977,240,-119,-1360,657,858,276,228,657,,,,,,,,,,,,,,,,,,,,,,,,,,,,,,,,,,
54750000,-541,653,-83,-114,-55,-945,-5939,1466,2217,-3644,240,-160,-1280,654,858,189,215,654,,,,,,,,,,,,,,,,,,,,,,,,,,,,,,,,,,
54801000,-679,255,75,-250,-883,-3814,-10089,1038,3487,-5490,119,-80,-1200,643,894,-177,172,643,,,,,,,,,,,,,,,,,,,,,,,,,,,,,,,,,,
54850000,-670,111,-111,-62,-60,-3447,-4718,550,3198,-5864,240,-119,-1119,522,891,211,0,522,,,,,,,,,,,,,,,,,,,,,,,,,,,,,,,,,,
54901000,-677,80,-288,16,523,-4607,-8014,-670,3241,-6039,240,-119,-1119,457,938,-41,0,457,,,,,,,,,,,,,,,,,,,,,,,,,,,,,,,,,,
54950000,-553,30,-90,-192,141,-1860,-9845,-1219,2520,-5634,240,-119,-1000,457,946,79,0,457,,,,,,,,,,,,,,,,,,,,,,,,,,,,,,,,,,
55001000,-464,7,-128,65,1331,-2471,-9967,-2196,2001,-4837,240,-119,-839,523,957,313,0,523,,,,,,,,,,,,,,,,,,,,,,,,,,,,,,,,,,
55050000,-349,25,-71,-117,327,2838,-8624,-1158,1103,-4501,240,-160,-800,571,964,285,0,571,,,,,,,,,,,,,,,,,,,,,,,,,,,,,,,,,,
55101000,194,-28,24,-54,1138,12421,-13934,-2318,-2060,-3652,119,-160,-599,640,939,134,159,640,,,,,,,,,,,,,,,,,,,,,,,,,,,,,,,,,,
55150000,660,9,-22,-97,401,9003,-7404,62,-4769,-3197,240,-160,-559,675,940,35,300,675,,,,,,,,,,,,,,,,,,,,,,,,,,,,,,,,,,
55201000,637,286,-53,-23,624,-7415,-4230,-975,-4637,-892,240,-160,-440,737,915,-221,548,737,,,,,,,,,,,,,,,,,,,,,,,,,,,,,,,,,,
55250000,368,312,-113,-183,429,-3692,-7282,245,-3071,-41,240,-160,-319,765,911,-67,659,765,,,,,,,,,,,,,,,,,,,,,,,,,,,,,,,,,,
55301000,320,605,-174,-108,1418,1190,9807,-975,-2557,1889,240,-119,-279,775,871,-192,699,775,,,,,,,,,,,,,,,,,,,,,,,,,,,,,,,,,,
55350000,469,837,-115,-80,1934,6500,896,-1158,-3424,3005,359,-119,-319,797,879,-204,788,797,,,,,,,,,,,,,,,,,,,,,,,,,,,,,,,,,,
55401000,489,954,-6,73,1934,2533,9136,-853,-3540,3687,240,-119,-319,805,855,-152,820,805,,,,,,,,,,,,,,,,,,,,,,,,,,,,,,,,,,
55450000,637,1310,-202,-311,173,13764,12371,-2379,-4400,5990,359,-119,-279,805,852,-340,820,805,,,,,,,,,,,,,,,,,,,,,,,,,,,,,,,,,,
55501000,937,1761,193,286,1934,10162,17986,-1707,-6146,8145,240,-119,-360,805,839,-175,820,805,,,,,,,,,,,,,,,,,,,,,,,,,,,,,,,,,,
55550000,1146,2089,-206,-180,163,13947,12432,-2012,-7360,10287,359,-119,-319,806,855,-8,824,806,,,,,,,,,,,,,,,,,,,,,,,,,,,,,,,,,,
55601000,1249,2578,-532,-44,561,8087,19146,-2623,-7960,12662,119,-119,-399,795,847,-52,780,795,,,,,,,,,,,,,,,,,,,,,,,,,,,,,,,,,,
55650000,1124,3072,388,88,1934,3204,18291,-6224,-7232,15531,119,-119,-399,741,876,244,564,741,,,,,,,,,,,,,,,,,,,,,,,,,,,,,,,,,,
55701000,851,3119,-420,-197,115,2655,10173,-4698,-5649,15342,119,-119,-479,569,891,281,0,569,,,,,,,,,,,,,,,,,,,,,,,,,,,,,,,,,,
55750000,429,2874,73,186,1934,-4180,896,-3843,-3424,13220,0,-160,-599,512,920,444,0,512,,,,,,,,,,,,,,,,,,,,,,,,,,,,,,,,,,
55801000,-176,2297,38,207,1934,-11687,-8014,-4210,328,8937,119,-119,-759,497,943,529,0,497,,,,,,,,,,,,,,,,,,,,,,,,,,,,,,,,,,
55850000,-751,1641,-67,279,1353,-8880,-11920,-3660,3670,5126,119,-119,-759,498,958,262,0,498,,,,,,,,,,,,,,,,,,,,,,,,,,,,,,,,,,
55901000,-1239,1023,25,12,838,-11077,-11615,-3599,6505,1296,240,-119,-800,499,974,117,0,499,,,,,,,,,,,,,,,,,,,,,,,,,,,,,,,,,,
55950000,-1586,612,-194,-58,278,-11992,-12592,-2928,8294,-1089,119,-160,-800,498,987,100,0,498,,,,,,,,,,,,,,,,,,,,,,,,,,,,,,,,,,
56001000,-1915,451,-49,61,407,-17363,-7037,-2806,9972,-628,359,-199,-559,509,981,-89,0,509,,,,,,,,,,,,,,,,,,,,,,,,,,,,,,,,,,
56050000,-2114,388,-157,-112,753,-6377,-7587,-2196,11128,-1229,240,-199,-599,573,981,-250,0,573,,,,,,,,,,,,,,,,,,,,,,,,,,,,,,,,,,
56101000,-2168,373,78,77,872,-13640,-6854,-2562,11442,778,119,-199,-240,675,983,-354,300,675,,,,,,,,,,,,,,,,,,,,,,,,,,,,,,,,,,
56150000,-2185,394,-154,-226,339,-7842,-7221,-59,11543,1594,119,-199,-119,731,951,-635,524,731,,,,,,,,,,,,,,,,,,,,,,,,,,,,,,,,,,
56201000,-2556,431,40,52,1628,-19194,-4047,-1036,13698,2041,119,-199,-80,841,959,-426,964,841,,,,,,,,,,,,,,,,,,,,,,,,,,,,,,,,,,
56250000,-2571,437,247,-34,1906,-1250,42,-914,13553,1844,119,-240,-119,846,907,-540,984,846,,,,,,,,,,,,,,,,,,,,,,,,,,,,,,,,,,
56301000,-1784,903,-455,-75,741,17487,18901,-2257,9211,4553,240,-199,-119,848,896,-373,992,848,,,,,,,,,,,,,,,,,,,,,,,,,,,,,,,,,,
56350000,-604,1838,634,191,1452,30121,30803,-4881,2353,9754,119,-199,-160,847,902,-206,988,847,,,,,,,,,,,,,,,,,,,,,,,,,,,,,,,,,,
56401000,559,2827,408,-15,593,29938,33184,-7139,-9065,14574,119,-1000,-319,847,877,-265,988,847,,,,,,,,,,,,,,,,,,,,,,,,,,,,,,,,,,
56450000,1430,3637,-151,46,1891,25482,34221,-6468,-18543,16258,119,-1760,-839,847,872,109,988,847,,,,,,,,,,,,,,,,,,,,,,,,,,,,,,,,,,
56501000,2041,4647,-196,-196,394,21942,40752,-7567,-24423,20042,119,-2159,-1200,845,877,86,980,845,,,,,,,,,,,,,,,,,,,,,,,,,,,,,,,,,,
56550000,2087,5457,323,192,1934,9796,39776,-10557,-24459,24049,119,-2120,-1319,788,912,325,752,788,,,,,,,,,,,,,,,,,,,,,,,,,,,,,,,,,,
56601000,1864,5775,284,-65,739,4669,32390,-11107,-22929,25900,0,-2079,-1319,661,901,212,244,661,,,,,,,,,,,,,,,,,,,,,,,,,,,,,,,,,,
56650000,1281,5609,-302,22,1043,-10894,8587,-6163,-19769,26098,240,-2120,-1119,594,927,540,0,594,,,,,,,,,,,,,,,,,,,,,,,,,,,,,,,,,,
56701000,347,4287,-77,38,1420,-17302,-18939,-5797,-17596,22599,240,-2680,-399,528,951,423,0,528,,,,,,,,,,,,,,,,,,,,,,,,,,,,,,,,,,
56750000,-581,2506,123,0,687,-23040,-32062,-6285,-12896,13870,119,-2799,-119,526,966,425,0,526,,,,,,,,,,,,,,,,,,,,,,,,,,,,,,,,,,
56801000,-1535,693,50,17,1061,-16997,-39142,-6651,-9675,3800,119,-3200,-39,526,982,434,0,526,,,,,,,,,,,,,,,,,,,,,,,,,,,,,,,,,,
56850000,-2131,-825,-30,183,1406,-20537,-41828,-6712,-6909,-4798,119,-3320,0,525,966,-21,0,525,,,,,,,,,,,,,,,,,,,,,,,,,,,,,,,,,,
56901000,-2562,-2100,14,-28,717,-23650,-38104,-5980,-7658,-5231,119,-3880,1199,527,1003,-222,0,527,,,,,,,,,,,,,,,,,,,,,,,,,,,,,,,,,,
56950000,-2950,-2822,-104,167,879,-28899,-33161,-5430,-4939,-8034,240,-3800,1440,544,1003,-143,0,544,,,,,,,,,,,,,,,,,,,,,,,,,,,,,,,,,,
57001000,-3163,-3320,110,129,1139,-17974,-35968,-6346,-3699,-11630,0,-3800,1319,598,992,-75,0,598,,,,,,,,,,,,,,,,,,,,,,,,,,,,,,,,,,
57050000,-2862,-3672,-28,220,875,-6316,-33099,-3660,-6844,-16697,0,-4040,799,649,982,-191,195,649,,,,,,,,,,,,,,,,,,,,,,,,,,,,,,,,,,
57101000,-2462,-3760,108,-182,308,-17791,-26447,-2928,-14283,-22090,-1319,-4920,-39,740,996,-478,560,740,,,,,,,,,,,,,,,,,,,,,,,,,,,,,,,,,,
57150000,-2779,-3321,-6,-118,555,-29082,-10639,-792,-12674,-19537,0,-4960,-39,772,977,-400,688,772,,,,,,,,,,,,,,,,,,,,,,,,,,,,,,,,,,
57201000,-3119,-2511,-116,83,1026,-13945,-11432,-4637,-1629,-14831,0,-3400,-39,796,936,-447,784,796,,,,,,,,,,,,,,,,,,,,,,,,,,,,,,,,,,
57250000,-2835,-2036,-371,-73,1934,-9490,-6976,-2623,-24,-12300,-119,-2840,-80,801,909,-282,804,801,,,,,,,,,,,,,,,,,,,,,,,,,,,,,,,,,,
57301000,-2542,-1057,314,141,1284,-3325,12127,-6163,-796,-6841,119,-2680,-119,803,897,-269,811,803,,,,,,,,,,,,,,,,,,,,,,,,,,,,,,,,,,
57350000,-2274,-55,-458,-33,1005,-4973,12066,-7017,-32,-788,119,-2280,-80,801,885,-368,804,801,,,,,,,,,,,,,,,,,,,,,,,,,,,,,,,,,,
57401000,-2012,1184,-153,12,1934,-335,27080,-8970,-390,5721,119,-2079,-199,801,864,-112,804,801,,,,,,,,,,,,,,,,,,,,,,,,,,,,,,,,,,
57450000,-1818,2377,78,-55,222,519,31353,-10618,-1983,12657,119,-2159,-199,801,886,-152,804,801,,,,,,,,,,,,,,,,,,,,,,,,,,,,,,,,,,
57501000,-1791,3464,-189,94,1934,-3936,29888,-11961,3673,18976,119,-1160,-199,787,878,-53,748,787,,,,,,,,,,,,,,,,,,,,,,,,,,,,,,,,,,
57550000,-1474,4341,170,-76,228,11322,34588,-12388,8106,24305,119,-80,-160,730,866,-85,520,730,,,,,,,,,,,,,,,,,,,,,,,,,,,,,,,,,,
57601000,-1117,5097,-224,-1,261,5585,28118,-13243,5796,28931,119,-119,-119,622,897,-41,87,622,,,,,,,,,,,,,,,,,,,,,,,,,,,,,,,,,,
57650000,-1005,5113,-226,75,1251,4425,7488,-10924,5613,29024,359,-39,-119,528,928,242,0,528,,,,,,,,,,,,,,,,,,,,,,,,,,,,,,,,,,
57701000,-753,3935,-148,-294,190,10162,-19428,-9337,3683,22413,240,-119,-80,473,919,203,0,473,,,,,,,,,,,,,,,,,,,,,,,,,,,,,,,,,,
57750000,-387,2523,-166,-2,789,13153,-22907,-9520,1787,14206,240,-80,-80,457,923,68,0,457,,,,,,,,,,,,,,,,,,,,,,,,,,,,,,,,,,
57801000,-46,1207,143,-179,763,5829,-23029,-8726,-427,6788,359,-119,-39,455,935,-65,0,455,,,,,,,,,,,,,,,,,,,,,,,,,,,,,,,,,,
57850000,62,263,123,143,366,9247,-23212,-8665,-1060,1301,119,-119,-39,454,927,-63,0,454,,,,,,,,,,,,,,,,,,,,,,,,,,,,,,,,,,
57901000,-147,-569,0,-12,788,3449,-24616,-6651,393,-4007,240,-80,-119,457,931,-124,0,457,,,,,,,,,,,,,,,,,,,,,,,,,,,,,,,,,,
57950000,-480,-1149,-111,-40,284,-7293,-17780,-7689,2330,-7147,240,-80,-80,458,906,-186,0,458,,,,,,,,,,,,,,,,,,,,,,,,,,,,,,,,,,
58001000,-567,-1494,-70,28,623,13397,-21625,-6285,3063,-9149,240,-39,-80,626,879,-432,103,626,,,,,,,,,,,,,,,,,,,,,,,,,,,,,,,,,,
58050000,-201,-1618,32,217,1182,13031,-21259,-3660,476,-9641,359,-119,-39,680,845,-718,320,680,,,,,,,,,,,,,,,,,,,,,,,,,,,,,,,,,,
58101000,468,-1227,71,150,1358,14069,4253,-3233,-3191,-7370,240,-80,-39,737,788,-963,548,737,,,,,,,,,,,,,,,,,,,,,,,,,,,,,,,,,,
58150000,648,-774,95,-83,839,5219,-12286,-2989,-4233,-5198,359,-80,-119,769,760,-867,676,769,,,,,,,,,,,,,,,,,,,,,,,,,,,,,,,,,,
58201000,767,-691,128,13,1618,17365,-1911,-1280,-4927,-4950,359,-80,-160,772,693,-733,688,772,,,,,,,,,,,,,,,,,,,,,,,,,,,,,,,,,,
58250000,1010,237,243,24,269,11688,14751,-3843,-6337,-9313,240,-80,-1840,771,667,-958,684,771,,,,,,,,,,,,,,,,,,,,,,,,,,,,,,,,,,
58301000,752,926,-195,-71,694,4608,8037,-3111,-5070,-7870,240,-119,-2280,772,629,-754,688,772,,,,,,,,,,,,,,,,,,,,,,,,,,,,,,,,,,
58350000,709,1480,-136,-60,1934,7599,15422,-3294,-4590,-2322,240,-80,-1879,772,602,-592,688,772,,,,,,,,,,,,,,,,,,,,,,,,,,,,,,,,,,
58401000,490,2036,160,-15,1062,5463,14873,-4515,-3315,3468,240,-80,-1440,772,563,-579,688,772,,,,,,,,,,,,,,,,,,,,,,,,,,,,,,,,,,
58450000,108,2246,55,67,1920,1007,8953,-3416,-1095,6082,240,-80,-1200,772,565,-488,688,772,,,,,,,,,,,,,,,,,,,,,,,,,,,,,,,,,,
58501000,-181,2345,-165,85,203,3571,11638,-4637,356,8518,240,-119,-880,772,556,-245,688,772,,,,,,,,,,,,,,,,,,,,,,,,,,,,,,,,,,
58550000,-413,2443,5,-34,1934,-5584,11272,-5552,1704,10016,359,-119,-720,772,530,-206,688,772,,,,,,,,,,,,,,,,,,,,,,,,,,,,,,,,,,
58601000,-698,2468,451,212,1542,6622,11882,-6529,3594,11560,359,-80,-479,771,522,2,684,771,,,,,,,,,,,,,,,,,,,,,,,,,,,,,,,,,,
58650000,-662,2465,-145,-76,1032,1923,10051,-6041,5477,7124,240,280,-1239,750,522,-60,600,750,,,,,,,,,,,,,,,,,,,,,,,,,,,,,,,,,,
58701000,-875,2390,-119,-13,335,1618,10479,-5369,29271,-9589,240,4159,-4040,719,530,47,475,719,,,,,,,,,,,,,,,,,,,,,,,,,,,,,,,,,,
58750000,-522,2433,114,91,1934,16693,11577,-5552,32101,-10269,240,5000,-4200,719,549,230,475,719,,,,,,,,,,,,,,,,,,,,,,,,,,,,,,,,,,
58801000,74,2072,-83,144,1934,22492,591,-3050,46070,-9341,240,7999,-3680,719,541,314,475,719,,,,,,,,,,,,,,,,,,,,,,,,,,,,,,,,,,
58850000,385,1669,32,-174,1645,22492,8648,-4088,43100,-5409,240,7799,-2600,718,540,-188,471,718,,,,,,,,,,,,,,,,,,,,,,,,,,,,,,,,,,
58901000,1227,1386,438,172,333,36774,-2033,-4149,28203,2481,359,6080,-959,718,572,-19,471,718,,,,,,,,,,,,,,,,,,,,,,,,,,,,,,,,,,
58950000,1636,630,69,-9,750,19867,-7587,-1097,53495,-1914,359,10840,-959,712,597,318,448,712,,,,,,,,,,,,,,,,,,,,,,,,,,,,,,,,,,
59001000,1942,261,-288,-65,697,37262,-1056,-4210,78922,-6619,240,15520,-1399,683,610,304,332,683,,,,,,,,,,,,,,,,,,,,,,,,,,,,,,,,,,
59050000,3301,-240,171,-8,1934,59784,-13751,-4576,75443,-16741,359,16280,-2640,654,630,432,215,654,,,,,,,,,,,,,,,,,,,,,,,,,,,,,,,,,,
59101000,4499,-510,-236,42,1815,46967,6572,-2257,43136,-42726,240,11919,-6840,590,667,610,0,590,,,,,,,,,,,,,,,,,,,,,,,,,,,,,,,,,,
59150000,5140,-23,-154,-130,59,50018,12554,-2623,-17789,-40128,240,2079,-6879,512,652,220,0,512,,,,,,,,,,,,,,,,,,,,,,,,,,,,,,,,,,
59201000,5421,570,74,-190,-492,26154,13836,-4759,-31745,-29237,240,-39,-5599,194,704,332,-824,194,,,,,,,,,,,,,,,,,,,,,,,,,,,,,,,,,,
59250000,4592,1016,18,-131,347,3632,14995,-4271,-27158,5677,119,-80,-39,0,727,144,-1600,0,,,,,,,,,,,,,,,,,,,,,,,,,,,,,,,,,,
59301000,3099,1459,-4,-54,144,-21331,12859,-3599,-18481,8251,-119,-80,-39,0,749,-73,-1600,0,,,,,,,,,,,,,,,,,,,,,,,,,,,,,,,,,,
59350000,1477,1815,19,108,394,-26763,15361,-3477,-9053,10085,-239,-80,-80,0,745,-263,-1600,0,,,,,,,,,,,,,,,,,,,,,,,,,,,,,,,,,,
59401000,-488,1749,-350,430,271,-15166,-22907,64942,2604,9469,-119,-39,-119,0,736,-486,-1600,0,,,,,,,,,,,,,,,,,,,,,,,,,,,,,,,,,,
59450000,-1624,769,228,-395,376,-12481,-24616,49805,8976,4237,-8640,-80,-39,0,657,-946,-1600,0,,,,,,,,,,,,,,,,,,,,,,,,,,,,,,,,,,
