c1,c2,c3,c4,c5,c6,c7,c8,c9,c10,c11,c12,c13,c14,c15,c16,c17,c18,c19,c20,c21,c22,c23,c24,c25,c26,c27,c28,c29,c30,c31,c32,c33,c34,c35,c36
26,75,-196,-36,148,1039,3643,-2017,-1773,9,-16,2,0,0,0,0,55,263,-1600,0,1150,1170,1150,1150,0,0,0,0,0,0,0,3,17,0,4,115
76,-312,-67,53,-169,962,-4046,3292,1888,8,1,0,0,0,0,0,74,264,-1600,0,1150,1150,1150,1150,0,0,0,0,0,0,0,-7,12,2,14,114
126,-79,-347,41,151,977,1690,-3,-1895,23,-23,16,0,0,0,0,89,209,-1600,0,1150,1198,1150,1150,0,0,0,0,0,0,0,-8,19,1,26,116
176,-110,-48,-52,-187,1001,-3314,1461,850,-6,-10,20,0,0,0,0,56,170,-1600,0,1150,1150,1150,1150,-154,-203,-8,-11,-168,-168,0,-7,-9,9,29,135
226,43,-345,75,171,944,958,-491,-1529,14,-18,4,0,0,0,0,95,132,-1600,0,1150,1155,1150,1150,-154,-203,-14,-19,-168,-168,0,-6,1,28,37,131
276,67,-237,-12,-180,960,-1605,423,2132,-25,-19,6,0,0,0,0,94,132,-1600,0,1150,1150,1150,1150,-154,-203,-14,-19,-168,-168,0,-15,-21,44,27,137
326,-28,-245,-1,87,964,836,118,-3116,12,-22,2,0,0,0,0,78,42,-1600,0,1150,1150,1150,1150,-154,-203,-12,-15,-168,-168,0,-13,0,37,27,130
376,50,-110,1,-102,1041,-445,1644,2498,-18,-10,-6,0,0,0,0,61,84,-1600,0,1150,1150,1150,1150,-154,-203,-9,-12,-168,-168,0,-23,-21,31,28,135
426,-133,-252,54,14,1031,-323,-430,-2933,9,-16,2,0,0,0,0,44,-17,-1600,0,1150,1150,1150,1150,-154,-203,-6,-8,-168,-168,0,-23,-8,23,28,133
476,52,55,-114,-56,1025,-140,1094,484,-13,-6,2,0,0,0,0,48,11,-1600,0,1150,1150,1150,1150,-460,6,-22,0,-436,0,0,-29,-14,38,10,125
526,-157,-156,179,-24,1070,-1300,179,-858,4,6,2,-1,0,0,0,62,56,-1600,0,1150,1150,1150,1150,-460,6,-28,0,-436,0,0,-47,-1,37,8,125
576,17,33,-231,0,1044,347,-1529,-64,-8,-15,2,-1,0,0,0,58,-12,-1600,0,1150,1150,1150,1150,-460,6,-26,0,-436,0,0,-29,-5,38,7,123
626,-69,26,179,-6,1015,-994,179,1156,5,23,0,0,0,0,0,92,65,-1600,0,1150,1150,1150,1150,-460,6,-42,0,-436,0,0,-48,0,26,8,119
676,-4,-366,-8,25,969,2423,-4093,-980,4,-31,2,0,0,0,0,77,45,-1600,0,1150,1150,1150,1150,25,-326,1,-25,0,-304,0,-3,-4,4,28,122
726,-146,264,50,-22,992,-445,1827,667,17,27,2,1,0,0,0,83,17,-1600,0,1150,1150,1150,1150,25,-326,2,-27,0,-304,0,-24,-9,-11,38,125
776,-97,-396,128,28,991,2606,-1956,850,12,-17,2,0,0,0,0,85,23,-1600,0,1150,1150,1154,1150,25,-326,2,-27,0,-304,0,17,-17,-17,44,127
826,-57,333,-158,-3,1104,1507,3719,-1712,5,17,4,0,0,0,0,36,-37,-1600,0,1150,1168,1150,1150,25,-326,0,-11,0,-304,0,6,-25,-24,41,127
876,-108,-393,259,-9,933,-567,-919,3292,11,-6,16,0,0,25,20,82,6,-1500,20,1150,1150,1150,1150,25,-326,2,-26,0,-304,0,18,-25,-26,38,130
926,19,38,-216,17,1018,1202,1217,-2750,0,-18,2,0,0,25,20,51,-15,-1500,20,1150,1150,1150,1150,25,-326,1,-16,0,-304,0,15,-20,-28,35,130
976,-219,-297,186,-82,946,-1727,-186,3170,9,-3,2,0,0,24,19,80,44,-1500,20,1150,1150,1150,1150,25,-326,2,-26,0,-304,0,1,-16,-32,37,130
1026,-118,-153,-135,63,1015,1202,-1590,-4398,21,-22,0,0,0,25,20,52,-3,-1500,20,1150,1150,1150,1150,25,-326,1,-16,0,-304,0,15,-14,-32,37,136
1076,-172,-102,81,-107,919,-323,240,1827,6,0,2,0,0,23,17,69,3,-1500,20,1150,1150,1150,1150,25,-326,1,-22,0,-304,0,-5,-22,-34,36,128
1126,-141,-153,-79,137,1017,4071,-2689,-1956,21,-16,0,-1,0,0,0,42,-38,-1600,0,1150,1150,1150,1150,440,-869,18,-36,429,-859,112,12,-13,-37,40,141
1176,-115,-136,82,-84,945,-872,-1407,850,-2,0,2,0,0,0,0,61,8,-1600,0,1150,1150,1150,1150,440,-869,26,-53,429,-859,0,7,-43,-44,43,129
1226,-307,-218,-17,112,956,2423,-2445,-736,40,-16,0,0,0,0,0,58,10,-1600,0,1150,1150,1150,1150,440,-869,25,-50,429,-859,0,21,-29,-48,52,135
1276,-55,-165,22,8,997,347,1156,606,2,-9,0,0,0,0,0,84,13,-1600,0,1150,1150,1150,1150,440,-869,36,-73,429,-859,0,26,-65,-51,57,126
1326,-332,-119,-75,29,1059,1019,118,-858,32,-14,-4,0,0,0,0,89,36,-1600,0,1150,1150,1150,1150,440,-869,39,-77,429,-859,0,35,-49,-50,56,134
1376,66,-183,49,67,983,-1055,-552,-491,0,-7,-2,0,0,0,0,44,-42,-1600,0,1150,1150,1150,1150,440,-869,19,-38,429,-859,0,34,-72,-49,54,131
1426,-357,-240,-30,-35,1026,-628,-430,362,20,-20,0,-1,0,0,0,43,-48,-1600,0,1150,1150,1150,1150,440,-869,18,-37,429,-859,0,33,-57,-50,57,136
1476,59,-24,-33,124,958,469,-797,-980,4,-1,18,0,0,0,0,47,-81,-1600,0,1150,1156,1150,1150,440,-869,20,-40,429,-859,0,23,-68,-47,53,130
1526,-221,-239,68,-112,958,-506,-675,667,4,-10,4,0,0,0,0,58,-8,-1600,0,1150,1150,1150,1150,440,-869,25,-50,429,-859,0,20,-64,-48,55,132
1576,14,-97,-72,110,1017,2056,-736,-1102,3,-12,2,-1,0,0,0,46,-43,-1600,0,1150,1150,1150,1150,440,-869,20,-39,429,-859,0,26,-58,-46,50,134
1626,-219,-10,98,-67,1026,-689,667,1217,9,8,2,0,0,0,0,73,52,-1600,0,1150,1150,1150,1150,440,-869,32,-63,429,-859,0,21,-60,-47,52,129
1676,-157,-338,21,92,983,1202,-2567,-308,20,-19,4,0,1,0,0,63,-13,-1600,0,1150,1150,1150,1150,440,-869,27,-54,429,-859,0,42,-46,-44,52,134
1726,-173,87,-24,-53,974,-1788,2132,484,2,7,14,-1,0,0,0,55,-11,-1600,0,1150,1150,1150,1150,440,-869,24,-47,429,-859,0,32,-56,-45,53,132
1776,-127,-461,201,90,1022,408,-1712,1156,20,-17,23,0,0,0,0,47,-34,-1600,0,1150,1150,1150,1150,440,-869,20,-40,429,-859,0,28,-43,-44,54,136
1826,-120,91,-220,-85,1036,-2154,1522,-308,-2,-10,20,0,0,0,0,45,-14,-1600,0,1150,1150,1150,1150,440,-869,19,-39,429,-859,0,50,-49,-45,56,137
1876,-294,-259,281,-41,951,-1483,-675,1766,14,10,20,-1,0,0,0,52,8,-1600,0,1150,1150,1150,1150,440,-869,22,-45,429,-859,0,13,-51,-47,56,135
1926,-45,-162,-256,-10,1004,-1544,-919,-1163,-4,-36,18,-1,0,0,0,113,100,-1600,0,1150,1150,1150,1150,440,-869,49,-98,429,-859,0,34,-58,-48,56,141
1976,-122,-69,179,-76,1022,-1116,2376,-64,0,10,60,0,0,2,0,75,51,-1600,0,1160,1150,1150,1150,440,-869,33,-65,429,-859,0,14,-65,-52,57,133
2026,-14,-357,-140,88,1074,3033,-491,911,11,-41,18,0,0,23,17,70,27,-1508,17,1150,1150,1150,1150,-138,-16,-9,-1,-183,0,112,34,-63,-49,53,136
2076,-111,-13,12,-59,1010,-1483,2376,-3,-3,2,8,-1,0,24,19,121,34,-1512,16,1150,1150,1150,1150,-453,-1270,-54,-153,-489,-1223,0,2,-73,-40,54,140
2126,-129,-304,-100,67,1048,2911,-1590,1339,19,-32,8,0,0,22,16,85,58,-1512,16,1150,1150,1150,1150,-93,-226,-7,-19,-77,-231,0,11,-56,-37,47,139
2176,-143,-88,44,-55,1003,-1727,1705,-2322,6,0,4,0,0,24,19,73,3,-1504,19,1150,1150,1150,1150,-93,-226,-6,-16,-77,-231,0,-5,-54,-35,41,134
2226,-326,-332,-101,70,1083,1141,240,2742,36,-35,2,0,0,24,19,53,-27,-1504,19,1150,1150,1150,1150,-93,-226,-4,-12,-77,-231,0,8,-45,-33,38,137
2276,-10,-107,50,22,1086,164,2132,-3604,3,1,4,0,1,24,19,54,-19,-1504,19,1150,1150,1150,1150,-93,-226,-5,-12,-77,-231,0,-7,-53,-32,33,133
2326,-339,-469,-116,-9,1082,-1055,-430,3658,28,-49,2,0,0,26,22,49,-89,-1496,22,1150,1150,1150,1150,-93,-226,-4,-11,-77,-231,0,3,-46,-30,29,139
2376,-63,-82,-7,100,1029,2056,2071,-2872,16,-5,2,0,0,34,38,57,-24,-1508,17,1150,1150,1150,1150,-167,487,-9,27,-176,498,0,-9,-23,-29,21,135
2426,-198,-525,23,-59,1016,-1361,423,2132,7,-37,4,0,1,59,115,68,-6,-1364,115,1150,1150,1150,1150,-167,487,-11,33,-176,498,0,-14,-23,-28,16,139
2476,-59,-30,-177,140,1163,2484,972,-2139,18,-15,2,0,0,59,115,56,-27,-1360,119,1150,1150,1150,1150,-167,487,-9,27,-176,498,0,-14,5,-27,12,138
2526,-207,-311,114,-108,984,-1300,57,1644,20,-22,4,2,-1,61,123,74,57,-1356,123,1150,1150,1150,1150,-167,487,-12,36,-176,498,0,-25,-4,-27,10,140
2576,-170,-103,-148,166,1108,2789,57,-2567,31,-19,4,0,0,91,274,34,4,-1264,234,1150,1150,1150,1150,-167,487,-5,16,-176,498,0,-4,9,-26,7,135
2626,-46,-166,130,-97,959,-567,972,1461,-6,-1,2,0,0,136,613,80,61,-1056,613,1150,1150,1150,1150,-167,487,-13,39,-176,498,0,-11,5,-26,3,135
2676,-181,-328,-21,58,954,2667,-2078,-980,23,-30,2,0,0,156,807,60,-1,-976,807,1150,1150,1150,1150,518,194,31,11,529,158,0,8,29,-29,3,133
2726,-102,-18,-62,-78,1034,1629,118,-369,-4,0,4,-1,1,192,1222,62,-30,-832,1222,1156,1150,1150,1150,518,194,32,12,529,158,0,21,11,-31,4,135
2776,-248,-440,122,7,987,2423,-1041,118,20,-26,2,0,0,194,1248,95,80,-828,1235,1160,1150,1150,1150,518,194,49,18,529,158,0,23,13,-36,3,134
2826,-67,-187,-120,-118,989,836,-1895,118,-12,-28,0,-1,0,194,1248,52,-75,-824,1248,1157,1150,1150,1167,-868,204,-45,10,-840,168,0,23,1,-31,2,141
2876,-174,-340,48,109,1022,3643,-1041,-2628,24,-21,2,0,0,227,1709,51,-78,-748,1504,1223,1212,1150,1150,-868,204,-44,10,-840,168,0,-5,20,-24,3,142
2926,-155,-161,39,-179,1014,164,-3,2987,-10,-6,2,-1,0,247,2023,59,-29,-612,2023,1211,1150,1226,1238,-868,204,-51,12,-840,168,0,-23,-4,-21,2,140
2976,-38,-113,-58,168,991,3338,179,667,18,-12,2,0,0,260,2242,49,-52,-564,2224,1150,1221,1234,1253,-868,204,-42,10,-840,168,0,-40,15,-18,4,138
3026,-247,45,-149,24,1034,-2703,-1407,-675,16,-10,4,-1,0,305,3085,59,-5,-379,3085,1200,1233,1214,1305,-868,204,-51,12,-840,168,0,-13,37,-17,5,142
3076,-159,-108,-111,14,967,-2520,-125,-10501,7,-14,2,-1,1,338,3789,61,-15,-292,3546,1391,1356,1150,1152,-868,204,-53,12,-840,168,0,-64,8,-17,6,143
3126,-77,-65,88,18,976,-3680,423,-11295,3,3,4,0,0,363,4370,32,-37,-147,4370,1456,1417,1150,1150,-868,204,-27,6,-840,168,0,-57,18,-18,6,135
3176,-18,-285,10,93,975,-3131,118,2681,3,-24,4,-1,0,363,4370,49,5,-144,4394,1378,1434,1240,1150,-103,173,-5,8,0,0,112,-8,22,-15,6,130
3226,374,-600,-12,-18,1066,12493,4146,-3238,-33,-53,4,0,0,372,4589,66,39,-111,4589,1502,1345,1150,1247,-103,173,-6,11,0,0,0,28,8,-12,6,135
3276,570,-1115,248,-1,703,-8013,-10989,8114,-64,-59,2,-2,0,381,4814,82,12,-108,4614,1377,1450,1258,1150,-103,173,-8,14,0,0,0,54,0,-6,4,135
3326,681,-1306,-116,118,1343,18109,12447,-4520,-50,-123,4,-1,1,395,5175,80,-16,-19,5175,1573,1178,1171,1321,-103,173,-8,13,0,0,0,31,-19,-3,3,141
3376,26,-1766,73,-44,1094,7733,-3543,7259,-6,-145,0,0,0,388,4993,88,34,-16,5201,1336,1444,1295,1290,-103,173,-9,15,0,0,0,18,-33,0,-2,133
3426,302,-1539,-3,93,840,5596,2926,-1773,-20,-135,2,-1,0,375,4664,64,7,-100,4664,1501,1236,1220,1272,-103,173,-6,11,0,0,0,2,-49,1,-5,133
3476,275,-1665,138,18,754,11273,-8853,7747,-20,-125,2,0,0,366,4443,47,-17,-139,4418,1234,1440,1337,1199,-103,173,-4,8,0,0,0,-10,-30,2,-10,138
3526,343,-1332,-46,39,1118,-4840,5306,-1468,-36,-125,4,-1,0,412,5630,54,33,0,5630,1458,1150,1288,1334,-103,173,-5,9,0,0,0,-15,-37,1,-14,136
3726,-146,-788,176,82,767,6085,-6656,5489,23,-44,4,0,0,444,6538,79,-34,0,6538,1395,1344,1393,1438,-103,173,-8,13,0,0,0,-67,28,-12,-11,134
3776,-189,-606,-54,-24,979,9930,-3482,2193,15,-58,2,0,0,459,6987,58,-33,0,6927,1434,1345,1378,1461,990,777,57,45,1101,672,0,-34,39,-23,-12,139
3826,-218,-286,-159,51,1257,4742,1278,1033,18,-38,4,-1,0,460,7018,88,117,0,7018,1443,1334,1428,1419,990,777,87,68,1101,672,0,-52,44,-32,-13,140
3876,-458,570,-46,-38,1406,-5816,-675,3780,28,51,2,-1,0,461,7048,71,177,0,7048,1425,1388,1369,1457,990,777,70,55,1101,672,0,-47,73,-43,-12,139
4026,-188,-391,-51,-27,1422,-1849,-1590,-491,10,-37,2,0,0,497,8192,57,26,0,8192,1437,1416,1429,1471,990,777,56,44,1101,672,0,21,12,-55,-13,139
4076,-598,-567,1,-97,851,1507,606,-3177,35,-47,4,-1,0,498,8225,58,47,0,8258,1481,1400,1452,1460,990,777,57,45,1101,672,0,47,6,-57,-17,134
4126,-244,-615,168,3,1144,-2398,-4581,1888,17,-37,2,0,0,501,8325,42,-11,0,8325,1465,1412,1428,1483,990,777,41,32,1101,672,0,68,-14,-58,-21,139
4176,-312,-755,14,10,959,-1727,-430,2559,24,-62,4,0,0,524,9107,46,-21,0,9107,1475,1433,1495,1490,990,777,45,35,1101,672,0,34,-20,-58,-25,137
4226,-259,-335,-136,-37,937,-3253,4207,789,14,-46,4,0,0,523,9072,104,75,0,9072,1483,1421,1502,1487,990,777,102,80,1101,672,0,36,-10,-59,-29,140
4276,105,44,6,97,650,1812,1705,2620,0,7,4,-1,0,527,9211,68,-23,0,9176,1492,1461,1473,1477,990,777,67,52,1101,672,0,58,-6,-60,-33,129
4326,-319,-157,-67,-8,857,-3436,484,3353,22,-22,2,0,0,527,9211,41,-48,0,9211,1527,1444,1445,1487,990,777,40,31,1101,672,0,69,5,-60,-34,135
4376,-354,-400,80,275,1129,-323,2437,-2567,52,-29,2,0,0,529,9281,70,13,0,9281,1532,1486,1453,1440,990,777,69,54,1101,672,0,11,39,-62,-36,137
4426,-657,-7,5,34,839,-2337,-1712,-2017,54,4,2,-1,0,530,9316,74,29,0,9316,1534,1507,1426,1436,990,777,73,57,1101,672,0,80,40,-63,-37,133
4476,-506,76,-55,38,1161,958,1033,-4093,41,1,2,-1,0,529,9281,84,24,0,9316,1528,1454,1473,1462,990,777,83,65,1101,672,0,84,52,-63,-37,133
4526,-718,8,-70,-105,708,1263,972,-3177,38,-9,4,-2,0,530,9316,51,-53,0,9316,1484,1487,1465,1483,990,777,50,39,1101,672,0,119,38,-61,-38,136
4576,-512,-250,167,2,1188,3155,2193,-3360,40,-5,2,-1,0,532,9387,44,-52,0,9316,1487,1473,1475,1485,990,777,43,34,1101,672,0,104,24,-58,-39,138
4626,-341,-159,-2,15,1127,4132,3048,-1285,30,-15,4,0,0,534,9458,48,-102,0,9458,1508,1475,1448,1494,990,777,47,37,1101,672,0,113,22,-55,-40,139
4676,-524,84,-48,-126,897,-811,-1590,-2139,25,6,2,-1,0,566,10625,72,3,0,10663,1550,1524,1492,1500,990,777,71,55,1101,672,0,106,33,-53,-42,138
4726,-220,395,108,-150,1159,2117,1033,-2689,0,44,-2,-1,0,569,10738,76,-4,0,10738,1515,1540,1506,1502,990,777,75,59,1101,672,0,57,-1,-53,-45,140
4776,-279,508,-73,-212,910,9075,-247,-2139,-1,37,-2,-1,0,568,10700,88,1,0,10700,1513,1501,1523,1534,990,777,87,68,1101,672,0,74,7,-53,-50,138
4826,-573,548,-141,-186,865,-994,789,1949,29,31,-2,0,0,570,10776,89,81,0,10776,1535,1503,1512,1526,990,777,88,69,1101,672,0,75,-3,-55,-53,138
4876,-562,289,89,32,1537,-750,3597,-4337,44,33,-2,-1,0,578,11081,95,15,0,11081,1551,1543,1525,1491,990,777,94,73,1101,672,0,102,13,-55,-57,139
4926,-587,957,-3,39,1030,-1605,-919,-1590,52,85,0,0,0,602,12020,73,18,7,12020,1570,1518,1525,1549,990,777,72,56,1101,672,0,76,39,-55,-59,137
4976,-563,852,-250,-120,768,1568,-797,-675,27,47,-4,-1,0,605,12140,65,-80,11,12060,1579,1518,1542,1571,990,777,64,50,1101,672,0,107,67,-50,-59,143
5026,-58,358,87,-112,858,592,5611,-4093,-14,43,-2,-1,0,602,12020,46,68,7,12020,1593,1522,1548,1542,990,777,45,35,1101,672,0,119,21,-47,-60,139
5076,144,165,-89,41,953,2239,4696,-4215,-10,3,-2,0,0,602,12020,56,-18,7,12020,1586,1526,1549,1546,990,777,55,43,1101,672,0,124,31,-44,-63,138
5126,323,391,151,220,1493,4864,3963,-5618,-18,46,-2,-1,0,603,12060,66,13,11,12060,1550,1514,1577,1573,-206,1356,-13,89,-288,1270,112,102,68,-40,-63,148
5176,985,769,-47,-107,1108,8526,4696,57,-97,62,-2,0,0,633,13290,86,31,56,12504,1570,1475,1604,1598,627,-430,53,-37,554,-503,0,163,4,-34,-63,140
5226,1245,1069,-192,116,1459,5291,5672,2315,-110,79,-2,-2,0,636,13416,124,108,143,13416,1558,1559,1626,1602,627,-430,77,-53,554,-503,0,155,32,-28,-61,150
5276,989,1173,195,58,1307,-5145,1644,-2689,-96,118,0,-2,0,640,13585,78,66,152,13500,1580,1541,1619,1608,627,-430,48,-33,554,-503,0,90,28,-24,-56,145
5326,634,1473,-180,-142,1163,10784,5306,-1895,-74,116,0,-2,0,641,13628,105,179,163,13628,1607,1526,1632,1590,892,1260,93,132,759,1062,112,133,-25,-20,-58,154
5376,1281,1490,225,127,1286,4620,10921,-2078,-112,149,-2,-2,0,642,13670,42,144,168,13670,1604,1541,1631,1588,892,1260,37,52,759,1062,0,194,-26,-12,-66,151
5426,947,1670,-108,25,1610,-6915,-2384,-3360,-103,149,2,-3,1,643,13713,140,320,172,13713,1573,1553,1612,1630,3,-19,0,-2,90,90,132,174,32,-6,-66,144
5476,308,1293,-146,-3,1063,11456,8480,-5374,-36,104,2,-2,1,644,13756,111,235,172,13713,1643,1476,1661,1576,3,-19,0,-2,90,90,0,81,92,1,-60,138
5526,916,2017,146,15,726,28668,16353,-7144,-73,220,0,-1,5,644,13756,118,226,175,13756,1599,1459,1693,1603,777,399,91,47,437,-41,0,36,76,0,-59,142
5576,1595,1969,11,-279,770,10601,-2078,-4703,-183,247,2,-2,13,642,13670,130,283,179,13798,1591,1518,1641,1623,264,239,34,31,437,81,153,103,113,0,-56,149
5626,852,1538,24,-40,766,-1300,-15750,-6473,-151,367,0,-13,43,643,13713,127,243,172,13713,1555,1485,1678,1637,264,239,33,30,437,81,0,63,93,1,-53,145
5676,1141,364,40,9,1352,5108,-5252,-4276,-164,292,2,-13,50,640,13585,181,388,168,13670,1555,1534,1651,1621,264,239,47,43,437,81,0,46,3,1,-52,141
5726,1009,-773,56,51,1315,-6610,-24356,-4764,-127,267,0,-7,64,641,13628,206,415,163,13628,1574,1533,1593,1656,264,239,54,49,437,81,0,58,58,1,-53,145
5776,243,-2114,122,-64,1152,-10333,-16666,-6229,-66,150,2,-6,64,638,13500,219,448,159,13585,1573,1526,1633,1621,264,239,57,52,437,81,0,6,95,0,-50,146
5826,-521,-2151,-49,-230,978,-8807,-9158,-4947,12,264,2,-1,91,639,13543,259,575,155,13543,1557,1504,1658,1625,264,239,68,62,437,81,0,-37,45,-3,-50,147
5876,-336,-2468,43,128,861,653,-23929,-6107,-38,333,2,-16,107,640,13585,313,628,155,13543,1588,1521,1599,1641,264,239,82,75,437,81,0,-100,39,-13,-51,149
5926,-499,-3477,235,-146,915,-14666,-24234,-4703,-61,267,2,-16,108,639,13543,301,528,155,13543,1520,1554,1629,1648,264,239,79,72,437,81,0,-97,4,-20,-53,152
5976,-596,-4493,307,140,776,-10455,-8487,-4886,-13,15,0,-16,74,639,13543,314,543,152,13500,1574,1517,1637,1617,264,239,82,75,437,81,0,-53,-16,-29,-60,150
6026,-1576,-4171,-11,-139,1141,-5084,7381,-7083,139,-239,2,2,27,640,13585,352,497,159,13585,1538,1510,1634,1661,264,239,92,84,437,81,0,-47,0,-34,-63,149
6076,-1311,-3322,-33,41,1125,-4229,15621,-5130,94,-298,2,-4,1,639,13543,324,460,155,13543,1561,1529,1649,1610,264,239,85,77,437,81,0,-46,14,-42,-67,148
6126,-1241,-2002,195,12,944,531,18123,-6412,91,-158,4,-4,1,639,13543,407,512,155,13543,1555,1499,1662,1627,264,239,107,97,437,81,0,-100,19,-50,-70,147
6176,-765,-791,39,64,985,1934,15926,-5191,44,-66,2,-6,1,638,13500,412,427,152,13500,1539,1506,1664,1629,264,239,108,98,437,81,0,-65,-16,-60,-77,144
6226,-1044,137,-59,-80,936,-4718,8663,-6961,54,2,2,-5,0,639,13543,457,495,155,13543,1538,1513,1673,1618,630,977,288,446,463,1042,122,3,29,-70,-88,146
6276,-985,805,-152,101,1011,-1971,6160,-4398,69,50,0,-5,0,640,13585,450,418,159,13585,1559,1530,1638,1626,506,1066,227,480,463,1072,132,10,80,-82,-108,151
6326,-430,905,23,-22,756,225,-247,-4764,3,164,2,-6,16,639,13543,504,457,155,13543,1553,1511,1670,1611,588,902,296,454,611,946,193,74,108,-90,-121,146
6376,-182,343,-29,143,1164,-4962,-10196,-4703,54,357,2,5,64,638,13500,505,413,159,13585,1560,1503,1654,1632,576,877,291,443,885,902,153,148,259,-100,-136,154
6426,-495,38,-1,-18,1003,-5755,-28507,-4642,-2,602,2,-8,117,638,13500,519,422,152,13500,1542,1521,1638,1645,658,948,341,492,1115,1046,0,162,288,-107,-144,154
6476,-497,-1735,98,-72,508,-4168,-37967,-4947,-10,495,2,-7,122,639,13543,544,333,155,13543,1556,1517,1633,1641,497,832,270,452,1068,936,142,266,372,-112,-151,158
6526,-594,-3112,-74,182,1279,-5633,-27286,-3299,23,276,4,-8,109,638,13500,523,291,152,13500,1553,1537,1629,1635,476,581,249,303,847,651,122,231,334,-114,-153,158
6576,-380,-3298,-15,66,753,-10455,-15689,-4581,-7,109,4,-9,79,639,13543,544,225,155,13543,1545,1515,1624,1661,330,660,179,359,534,705,132,198,322,-116,-157,156
6626,-228,-3430,65,43,908,-5267,-614,-4215,-92,-175,-2,-23,24,638,13500,563,191,152,13500,1569,1499,1635,1638,235,796,132,448,204,858,142,207,376,-115,-158,156
6676,-402,-2898,-6,17,763,-8441,11837,-3726,-77,-236,2,-22,5,637,13458,571,239,148,13458,1529,1531,1661,1616,96,631,55,360,-132,748,122,162,391,-110,-160,154
6726,-517,-1786,-26,24,978,-8807,15377,-5191,-66,-140,2,-22,5,637,13458,574,191,148,13458,1546,1530,1644,1620,11,486,6,279,-208,640,112,76,383,-107,-158,153
6776,-846,-785,-33,0,945,-9356,2315,-4215,-36,30,2,-21,20,637,13458,609,236,163,13628,1556,1502,1658,1635,-95,627,-58,382,-58,686,183,7,341,-105,-159,150
6826,-454,-676,-7,76,726,-8197,-7877,-4337,47,176,0,0,46,637,13458,594,140,148,13458,1552,1505,1640,1640,-112,541,-67,321,67,672,214,23,346,-102,-159,150
6876,-927,-1302,172,-187,987,-4656,-7266,-4031,40,173,2,-4,53,637,13458,614,177,148,13458,1534,1522,1665,1616,-143,412,-88,253,0,509,224,-41,314,-98,-157,154
6926,-1075,-957,-71,108,1039,1080,-10257,-4886,2,369,2,-20,91,638,13500,629,199,152,13500,1554,1516,1638,1632,-267,413,-168,260,19,403,224,-77,245,-96,-158,156
6976,-392,-2022,23,46,1169,-5145,-21182,-3909,-60,372,4,-19,108,637,13458,631,197,152,13500,1531,1518,1633,1658,-323,315,-204,198,67,452,244,-100,204,-91,-158,159
7026,-870,-3389,286,-136,1115,-7830,-21182,-2506,-39,218,0,-20,97,637,13458,625,119,148,13458,1533,1508,1637,1656,-404,302,-252,188,-61,413,234,-131,228,-87,-157,162
7076,-1223,-4361,177,-85,793,2545,-10013,-3543,4,221,0,-18,116,637,13458,632,72,152,13500,1553,1514,1666,1608,-548,164,-346,104,-381,186,234,-267,197,-81,-151,159
7126,-1093,-3885,-38,-110,1290,5780,-13187,-3299,0,281,4,-18,124,637,13458,650,118,148,13458,1531,1521,1618,1667,-653,107,-424,69,-363,118,224,-309,114,-77,-150,161
7176,-905,-3987,-72,153,1254,-1422,-14774,-3726,1,123,0,-18,95,637,13458,679,143,148,13458,1552,1511,1642,1633,-782,94,-531,64,-561,106,224,-365,143,-71,-147,158
7226,-1051,-4861,265,-91,1104,-689,-6473,-3116,4,72,-2,-16,95,636,13416,674,145,143,13416,1535,1495,1656,1646,-901,85,-607,57,-786,57,224,-398,156,-64,-143,156
7276,-993,-4675,95,8,870,6634,-1590,-3177,15,73,0,-15,95,637,13458,662,65,152,13500,1536,1486,1669,1643,-1136,58,-752,38,-1097,-17,193,-542,132,-54,-137,153
7326,-1107,-4185,-10,-128,1247,9747,179,-3848,22,27,-2,-13,80,638,13500,665,32,152,13500,1539,1502,1670,1619,-1161,37,-772,25,-1229,-38,214,-597,112,-48,-133,158
7376,-520,-3590,-254,-110,823,4742,6405,-5435,-24,16,0,-11,74,638,13500,662,12,152,13500,1536,1517,1651,1637,-1386,-39,-918,-26,-1501,-84,163,-647,100,-35,-128,160
7426,-605,-3508,192,-138,1018,1751,9212,-4520,-11,-46,-2,-10,50,638,13500,679,61,152,13500,1516,1517,1659,1642,-1614,-193,-1096,-131,-1753,-166,132,-726,104,-24,-122,166
7476,-621,-2466,-41,-104,905,4925,9639,-3543,17,-8,-4,-5,43,636,13416,677,62,152,13500,1556,1492,1652,1639,-1733,-160,-1173,-108,-1889,-258,173,-817,61,-9,-115,160
7526,-138,-2393,186,210,1186,-811,9212,-3421,117,-197,0,17,0,637,13458,688,51,148,13458,1555,1488,1657,1641,-1806,-129,-1242,-89,-1979,-248,173,-833,60,1,-111,159
7576,-339,-2008,9,140,975,10784,17635,-3299,91,-182,-2,8,0,638,13500,673,-19,148,13458,1540,1497,1675,1621,-1907,-176,-1283,-118,-2243,-292,173,-925,105,19,-102,161
7626,-646,-1093,-98,-132,999,11029,17635,-2506,87,-111,-2,7,0,638,13500,674,21,152,13500,1548,1460,1684,1636,-1983,-59,-1337,-39,-2281,-271,214,-978,72,30,-98,159
7676,9,-460,-85,236,1261,8648,13363,-3909,49,-50,0,5,0,637,13458,659,-56,152,13500,1526,1500,1671,1638,-2154,-144,-1419,-94,-2320,-235,173,-1000,55,50,-89,155
7726,499,-621,84,290,737,4803,8846,-2567,20,-40,0,4,1,637,13458,666,-39,148,13458,1538,1468,1684,1635,-2180,-154,-1452,-103,-2406,-238,193,-1094,57,63,-82,155
7776,570,-608,-104,-39,1289,6634,9822,-3360,-30,-59,-4,4,1,636,13416,686,12,139,13374,1521,1488,1669,1643,-2326,-106,-1596,-73,-2496,-204,193,-1162,2,82,-77,157
7826,525,-651,45,314,884,1446,9273,-3116,6,-53,-2,3,0,636,13416,688,-3,143,13416,1551,1479,1674,1622,-2323,-41,-1598,-28,-2542,-75,214,-1247,77,93,-74,151
7876,477,-527,-65,-153,918,6085,7076,-3116,-42,-8,0,2,9,636,13416,679,-60,143,13416,1534,1480,1673,1638,-2442,-51,-1658,-34,-2642,-146,234,-1389,8,105,-70,155
7926,326,-512,-7,0,1133,-750,2742,-2933,-15,39,2,2,17,636,13416,661,-130,143,13416,1526,1484,1675,1635,-2293,-24,-1515,-16,-2362,-50,234,-1444,40,110,-68,154
7976,280,-275,-31,-201,1029,3216,3109,-2811,61,58,2,20,17,636,13416,657,-151,143,13416,1545,1489,1673,1621,-2563,-40,-1684,-26,-2658,-161,214,-1565,7,116,-65,158
8026,-199,-823,56,-267,1245,10784,-125,-2933,14,182,-6,2,50,636,13416,656,-84,143,13416,1565,1439,1676,1638,-2593,-28,-1701,-18,-2545,-259,214,-1550,-24,120,-66,161
8076,326,-1025,224,-41,892,10479,-6046,-2872,-81,212,2,-10,55,636,13416,651,-84,148,13458,1540,1486,1676,1628,-2483,-39,-1616,-25,-2402,0,214,-1652,-42,125,-65,160
8126,291,-1661,-54,-163,756,-1971,-2872,-3604,-111,44,2,-12,39,637,13458,654,-78,148,13458,1531,1464,1678,1651,-2543,-8,-1663,-5,-2506,94,193,-1656,-116,126,-67,161
8176,147,-1815,177,55,1111,-262,2803,-3543,-105,24,2,-19,34,637,13458,646,-138,143,13416,1542,1464,1699,1615,-2771,40,-1790,26,-2848,134,153,-1730,-56,129,-71,159
8226,413,-1094,-38,40,979,1263,8114,-3238,-126,10,2,-18,23,636,13416,621,-165,143,13416,1529,1474,1695,1623,-2835,68,-1760,42,-2944,213,0,-1798,-56,130,-74,156
8276,-44,-725,-105,-96,822,-6121,7381,-6046,-101,0,0,-18,16,635,13374,617,-189,143,13416,1517,1465,1702,1632,-2766,155,-1706,95,-2814,255,0,-1779,2,128,-80,156
8326,-93,-184,87,61,1203,-1849,6893,-2628,-46,40,0,-11,10,635,13374,610,-234,139,13374,1523,1450,1705,1632,-2766,155,-1687,94,-2814,255,0,-1812,27,124,-82,155
8376,66,-171,-190,14,1059,958,4146,-3848,-87,17,2,-16,10,636,13416,592,-277,148,13458,1536,1465,1700,1623,-2690,23,-1592,13,-2722,61,112,-1736,84,119,-82,154
8426,-333,413,54,204,1412,-1788,5001,-3909,-15,45,2,-11,1,635,13374,585,-272,139,13374,1486,1470,1715,1639,-2863,139,-1675,81,-2996,264,204,-1749,127,117,-80,158
8476,-498,435,-170,-34,1067,-1605,5489,-4215,-15,30,2,-11,2,637,13458,566,-281,143,13416,1532,1450,1702,1630,-2945,255,-1666,144,-3020,261,0,-1644,165,117,-81,159
8526,-350,323,208,324,1274,836,5550,-4276,-16,56,0,-14,2,635,13374,583,-168,139,13374,1533,1467,1703,1620,-2483,62,-1447,36,-2626,47,183,-1635,201,115,-77,155
8576,-363,552,-106,173,1146,-3924,4879,-3970,-20,41,2,-13,0,639,13543,585,-150,143,13416,1521,1486,1687,1629,-2794,253,-1634,148,-2825,306,183,-1533,234,120,-73,161
8626,-659,172,167,125,1439,-5145,2864,-4398,61,32,2,0,1,637,13458,570,-162,148,13458,1509,1475,1690,1649,-2879,276,-1641,157,-2942,315,193,-1507,213,122,-71,157
8676,-858,-142,99,199,1217,1141,5428,-3543,121,-3,2,5,0,637,13458,570,-124,148,13458,1524,1470,1687,1642,-2570,54,-1464,30,-2649,21,122,-1417,272,125,-67,154
8726,-425,-247,234,49,1115,2606,4818,-5679,71,4,2,5,1,637,13458,542,-135,148,13458,1532,1473,1685,1639,-2595,259,-1406,140,-2701,184,193,-1388,247,128,-63,155
8776,-676,-354,131,206,1614,1812,4818,-2994,105,-21,2,6,0,638,13500,561,-92,148,13458,1509,1480,1696,1638,-2907,199,-1631,111,-3041,258,153,-1363,248,136,-56,158
8826,-600,-711,61,-10,738,958,6893,-4581,83,-54,2,6,0,638,13500,564,-75,152,13500,1509,1487,1690,1639,-2728,18,-1538,10,-2868,0,173,-1309,228,138,-52,150
8876,-914,-457,33,-106,740,2484,7564,-5435,95,-32,2,5,1,637,13458,517,-92,148,13458,1488,1480,1715,1634,-2732,194,-1412,100,-2888,185,204,-1294,251,144,-47,156
8926,-955,-199,-88,-215,1067,1385,6527,-5374,96,-25,2,6,0,637,13458,538,-75,148,13458,1501,1469,1705,1647,-2782,403,-1496,216,-2903,275,0,-1240,247,148,-46,156
8976,-470,-252,-94,-117,665,2117,4268,-4764,45,-35,2,4,0,647,13884,493,-34,155,13543,1505,1468,1701,1651,-2653,351,-1308,173,-2714,309,142,-1236,235,154,-41,157
9026,64,-652,-119,193,1076,-933,2376,-5374,43,-70,0,6,0,673,15022,524,-24,291,15022,1516,1533,1733,1679,-2287,331,-1198,173,-2356,417,173,-1204,309,157,-38,156
9076,-478,-766,-177,-202,1020,-750,2559,-4276,50,-83,-2,5,0,673,15022,518,-117,291,15022,1536,1497,1747,1681,-2827,353,-1464,183,-2932,339,234,-1214,326,160,-35,161
9126,-376,-828,0,-32,987,9625,3658,-4947,65,-71,-2,6,0,672,14978,491,-28,287,14978,1542,1486,1735,1693,-2913,743,-1430,365,-2976,650,153,-1284,269,166,-35,155
9176,-273,-1384,105,-58,553,9564,2193,-5802,52,-104,-2,6,0,672,14978,499,-13,291,15022,1550,1490,1731,1691,-2613,523,-1304,261,-2680,357,173,-1316,268,166,-35,159
9226,191,-1232,-205,-173,1198,7977,972,-4642,3,-124,0,6,0,671,14933,494,5,284,14933,1540,1493,1731,1694,-2934,229,-1449,113,-3005,0,0,-1275,217,170,-33,152
9276,747,-1388,-112,107,1097,7000,-186,-5924,-22,-123,-4,6,2,673,15022,498,69,284,14933,1538,1505,1730,1683,-2891,472,-1439,235,-2854,445,214,-1330,240,176,-31,160
9326,434,-1922,255,-108,1191,2117,1278,-3238,-15,-146,2,6,0,673,15022,517,76,291,15022,1576,1487,1726,1674,-3122,626,-1614,323,-3099,628,0,-1391,219,180,-33,157
9376,868,-1254,101,234,1433,11151,6282,-4031,-87,-103,0,-6,0,673,15022,481,37,287,14978,1573,1478,1721,1687,-2869,654,-1380,314,-2944,490,204,-1392,234,181,-35,160
9426,1333,-1078,-79,-6,1180,653,606,-3665,-185,-96,-2,-13,1,673,15022,488,60,291,15022,1531,1516,1719,1692,-3131,589,-1528,287,-3124,658,234,-1381,283,184,-36,159
9476,509,-1219,97,-129,1445,-8197,3475,-3848,-127,-99,-2,-13,0,672,14978,491,134,291,15022,1556,1513,1721,1679,-2906,739,-1426,363,-2951,763,224,-1392,296,186,-38,163
9526,415,-1712,92,-62,1256,-323,8846,-2689,-108,-145,0,-13,0,672,14978,530,145,287,14978,1578,1509,1724,1657,-2983,780,-1581,413,-3152,788,112,-1444,264,187,-41,161
9576,643,-1010,3,238,1385,-5999,8785,-1895,-49,-90,-35,-1,0,673,15022,510,186,287,14978,1564,1481,1730,1685,-2682,783,-1370,400,-2833,792,244,-1421,358,187,-43,160
9626,532,-537,41,-44,1269,531,3719,3658,-22,-42,-240,5,0,672,14978,533,248,287,14978,1518,1473,1734,1722,-2937,669,-1565,356,-2951,637,183,-1425,386,190,-43,157
9676,205,-616,-17,-101,1388,-3741,301,10555,0,-45,-240,5,2,642,13670,548,293,284,14933,1552,1496,1720,1689,-2650,663,-1452,363,-2692,717,142,-1453,383,190,-42,159
9726,303,-916,232,-11,1146,897,850,13668,0,-58,-444,5,0,640,13585,552,279,159,13585,1468,1394,1747,1697,-2581,632,-1425,348,-2638,620,173,-1457,341,190,-42,156
9776,552,-577,43,20,819,-3680,1888,22213,-20,-43,-490,5,0,613,12463,597,301,132,13290,1472,1446,1700,1672,-2223,458,-1327,273,-2196,612,193,-1436,335,187,-39,158
9826,332,-627,-49,-14,1332,-3924,-552,22579,-119,-48,-515,-17,2,602,12020,579,291,7,12020,1394,1390,1712,1679,-2139,417,-1238,241,-2101,556,255,-1417,323,183,-37,162
9876,-405,-1399,-114,22,879,-5572,3048,29903,-50,-135,-594,-17,0,603,12060,615,282,7,12020,1442,1414,1678,1629,-2192,369,-1348,227,-2252,512,214,-1371,268,178,-37,163
9926,-293,-887,-97,7,892,-4168,6832,29659,-138,-89,-458,-32,0,603,12060,630,191,11,12060,1550,1479,1624,1550,-1874,439,-1180,277,-1969,563,244,-1411,273,173,-36,161
9976,-739,-680,-133,68,854,-5938,-797,22213,-197,-65,-289,-53,2,603,12060,624,143,11,12060,1510,1454,1622,1609,-1764,447,-1100,279,-1718,604,244,-1344,230,165,-38,163
10026,-762,-677,-230,-71,846,-17474,1644,17147,-283,-81,-240,-67,1,602,12020,644,155,7,12020,1517,1512,1606,1576,-1833,359,-1180,231,-1797,696,255,-1298,234,160,-38,165
10076,-1493,-519,-117,-261,636,-19854,423,12996,-351,-61,-58,-87,0,603,12060,651,114,7,12020,1571,1514,1595,1525,-1598,372,-1040,242,-1613,697,255,-1190,296,155,-37,165
10126,-2444,230,-249,27,638,-19549,423,4085,-285,-14,-2,-99,0,603,12060,648,72,11,12060,1524,1508,1599,1572,-1562,391,-1012,253,-1491,765,255,-1144,307,152,-36,160
10176,-3280,-356,169,-212,728,-17535,-2567,3780,-271,-7,-2,-105,0,603,12060,654,-38,11,12060,1523,1487,1616,1577,-1514,388,-990,254,-1461,598,244,-1080,271,147,-34,164
10226,-3530,-304,-136,66,661,-15887,-3482,3109,-216,-39,0,-106,1,602,12020,643,-101,7,12020,1532,1475,1602,1590,-1408,268,-905,172,-1315,497,255,-1029,239,145,-33,163
10276,-3560,-854,-67,-79,314,-13934,-3726,3170,-168,-88,-2,-90,1,613,12463,655,-135,44,12382,1508,1493,1639,1592,-1352,211,-885,138,-1342,371,255,-949,226,141,-31,163
10326,-4185,-1241,50,-148,932,-8502,-1529,1705,98,-100,-2,-50,0,648,13927,635,-175,192,13927,1494,1549,1654,1641,-1397,32,-887,20,-1346,143,234,-912,193,139,-27,161
10376,-3808,-1453,-25,-173,817,5291,972,667,204,-129,-16,-23,0,670,14889,618,-227,280,14889,1602,1511,1687,1665,-1245,15,-769,9,-1355,-259,244,-863,143,136,-23,160
10426,-2542,-1028,37,132,1224,20428,6282,2498,214,-91,-2,-6,0,671,14933,620,-238,284,14933,1598,1522,1700,1651,-1284,-100,-796,-62,-1362,-448,234,-909,68,134,-20,162
10476,-1152,-566,162,-23,1211,16705,2437,-1529,107,-30,0,0,1,673,15022,599,-205,291,15022,1600,1504,1696,1675,-1242,-216,-744,-129,-1228,-406,244,-880,5,129,-17,161
10526,-484,-257,152,71,1130,7489,-1773,-980,66,-4,-2,2,0,672,14978,611,-116,287,14978,1562,1523,1697,1689,-1220,-171,-745,-104,-1091,-243,224,-887,-42,126,-15,159
10576,15,-467,215,-47,1177,6085,-5130,-64,7,-17,0,2,0,672,14978,612,-39,287,14978,1572,1507,1714,1674,-1116,-153,-683,-93,-1016,-230,224,-817,-96,120,-14,154
10626,-388,-724,63,202,785,3765,-5191,-1712,82,-50,-2,4,0,671,14933,619,-14,284,14933,1561,1523,1701,1685,-1086,-180,-672,-111,-989,-267,224,-791,-49,117,-14,158
10676,-427,-1356,28,-97,524,2606,-2811,-247,41,-110,-4,4,0,673,15022,607,-10,287,14978,1582,1511,1693,1685,-951,-265,-577,-160,-1010,-375,224,-681,-45,113,-10,159
10726,-181,-1430,195,340,1130,12615,1705,545,75,-100,-2,4,2,673,15022,593,49,291,15022,1585,1491,1708,1681,-984,-171,-583,-101,-1021,-351,244,-718,-52,110,-9,158
10776,92,-1150,33,-67,1023,11639,3719,-797,17,-93,-4,5,1,674,15067,591,48,291,15022,1582,1486,1708,1692,-924,-316,-546,-187,-969,-493,234,-732,-103,106,-6,155
10826,491,-702,11,-161,832,10968,3841,-552,-34,-59,0,4,0,673,15022,622,135,291,15022,1577,1524,1700,1676,-864,-346,-537,-215,-946,-405,255,-676,-162,103,-5,156
10876,296,-820,-123,-163,972,2667,4940,-2933,-14,-84,0,5,0,674,15067,620,160,291,15022,1568,1527,1708,1672,-776,-216,-481,-134,-866,-365,244,-619,-80,98,-2,156
10926,331,-539,-142,-156,966,1080,6466,-1224,-14,-62,-4,6,0,673,15022,635,207,291,15022,1570,1527,1709,1669,-724,-324,-459,-205,-841,-355,255,-557,-113,95,0,157
10976,642,-154,-41,258,1180,3094,4085,57,-2,-8,0,6,2,672,14978,641,186,284,14933,1577,1533,1694,1668,-657,-357,-421,-228,-658,-354,255,-532,-173,91,0,150
11026,1010,-362,96,78,1242,1568,-3848,-797,-44,-26,-2,7,0,673,15022,672,231,291,15022,1578,1529,1688,1679,-615,-297,-413,-199,-508,-347,244,-556,-122,88,1,155
11076,492,-708,161,-48,1067,-262,-5313,1094,-20,-38,0,5,1,670,14889,675,292,287,14978,1571,1512,1701,1685,-444,-238,-299,-160,-379,-129,255,-453,-186,81,1,155
11126,-105,-1208,-93,162,1221,-79,-3604,240,47,-110,0,4,0,672,14978,676,305,287,14978,1596,1512,1687,1678,-409,-103,-276,-69,-344,-201,255,-401,-94,79,0,153
11176,-259,-1382,76,-73,831,2178,-2689,-247,39,-109,0,4,0,668,14800,694,318,271,14800,1580,1529,1681,1669,-348,-248,-241,-172,-304,-245,234,-372,-126,74,1,155
11226,21,-1161,9,75,1243,1263,-1224,1400,39,-126,0,6,-4,669,14844,703,347,276,14844,1595,1504,1690,1671,-321,-207,-226,-146,-283,-248,255,-390,-137,70,1,153
11276,-231,-1320,313,118,1183,4254,-2017,1033,-194,-114,-2,-45,-4,658,14360,743,368,231,14360,1609,1467,1678,1658,-283,-233,-210,-173,-228,-135,255,-416,-150,65,2,163
11326,-160,-859,-163,80,1054,-19915,179,-1834,-468,-106,-4,-96,-2,647,13884,761,378,188,13884,1553,1491,1669,1658,-193,-79,-147,-60,-186,246,244,-361,-242,60,0,160
11376,-807,-820,-95,159,785,-33587,-2994,1400,-400,-98,-2,-95,-2,647,13884,776,327,184,13841,1487,1536,1674,1666,-127,3,-99,3,-130,624,244,-332,-152,54,-4,155
11426,-2710,-318,-245,-95,1027,-26934,-4337,667,-153,-60,2,-74,-2,646,13841,789,341,184,13841,1548,1506,1661,1659,-120,0,-95,0,-68,343,255,-332,-160,49,-7,155
11476,-3047,-568,-160,166,1263,-14300,-4154,240,-56,-68,2,-67,-1,647,13884,786,339,188,13884,1537,1537,1647,1656,-66,-146,-52,-115,-33,59,255,-177,-124,43,-10,159
11526,-3597,-1636,109,-93,760,-16131,-247,-64,0,-50,0,-60,16,641,13628,832,337,163,13628,1487,1559,1660,1642,-79,-195,-66,-162,-68,111,255,-119,-104,42,-9,155
11576,-4236,-1057,30,-52,969,-6793,-3360,545,162,-30,2,-41,11,638,13500,855,338,152,13500,1575,1474,1631,1656,-63,-271,-54,-231,-8,-298,255,-99,-162,40,-6,155
11626,-3584,-1291,-98,-72,1149,2667,-5313,1949,135,-121,2,-35,0,638,13500,861,324,152,13500,1530,1501,1655,1654,-17,-297,-14,-256,-8,-372,255,-44,-142,40,-4,157
11676,-3152,-1977,56,-22,1011,5596,8052,1156,211,-173,-2,-13,0,639,13543,899,312,155,13543,1504,1520,1665,1649,-71,-360,-64,-324,-170,-426,255,-25,-148,41,1,157
11726,-3352,-2006,144,-172,930,16094,8297,1461,314,-166,0,5,0,639,13543,904,280,155,13543,1545,1508,1647,1644,-68,-467,-62,-422,-162,-667,255,-74,-222,41,5,156
11776,-2315,-1151,-112,-112,901,15057,5916,2254,231,-117,-2,6,0,638,13500,927,294,155,13543,1576,1491,1641,1636,0,-516,0,-479,-58,-754,255,-89,-347,39,11,154
11826,-795,-824,173,109,1115,6451,4879,1156,115,-59,0,6,0,636,13416,950,278,143,13416,1532,1520,1646,1646,15,-587,15,-557,-8,-692,255,-16,-395,38,12,149
11876,-921,-1337,104,158,1020,6268,4818,2437,128,-107,0,5,0,636,13416,967,253,143,13416,1555,1501,1646,1631,22,-507,21,-491,0,-562,255,17,-361,37,17,149
11926,-1416,-1369,101,-236,956,10723,5245,3292,133,-106,-2,5,1,637,13458,953,239,148,13458,1548,1478,1652,1649,53,-642,50,-612,-19,-848,255,-18,-386,36,21,155
11976,-853,-990,85,-37,791,13836,6038,1766,108,-79,0,6,0,637,13458,963,126,143,13416,1550,1479,1660,1638,51,-559,49,-538,0,-779,255,-19,-498,33,26,147
12026,-56,-618,-74,-92,1124,9869,2193,2193,28,-52,-2,5,2,637,13458,961,84,148,13458,1535,1484,1664,1632,77,-598,74,-575,0,-733,255,33,-498,32,28,145
12076,65,-985,-147,-1,1211,7061,7930,1033,28,-68,-2,6,6,637,13458,968,77,148,13458,1526,1501,1665,1640,27,-557,26,-539,19,-678,255,114,-472,33,31,146
12126,-766,-1463,66,-276,904,10723,2254,1644,74,-78,0,6,9,635,13374,969,82,139,13374,1540,1497,1652,1637,194,-686,188,-665,146,-770,255,121,-430,33,35,151
12176,-737,-880,-29,-282,658,12738,2987,545,61,-38,0,6,9,634,13332,996,87,139,13374,1547,1488,1647,1643,234,-516,233,-514,137,-685,255,106,-475,30,37,150
12226,-315,-153,-138,-41,1061,10601,-736,667,63,11,-4,6,7,635,13374,992,120,139,13374,1545,1492,1645,1645,300,-501,297,-497,308,-617,255,172,-484,27,38,152
12276,-58,-393,-170,-52,1083,6756,-1834,850,34,-4,-2,6,9,635,13374,1003,60,139,13374,1517,1518,1631,1660,351,-484,352,-486,351,-523,255,289,-402,26,39,151
12326,-836,-1516,269,-45,914,3643,3048,-430,102,-93,-4,6,2,635,13374,1018,96,139,13374,1538,1508,1638,1645,316,-523,322,-532,297,-578,255,333,-380,25,41,153
12376,-1118,-1632,33,-78,785,11639,6221,789,125,-136,-2,6,1,634,13332,1027,110,139,13374,1553,1506,1641,1631,421,-501,432,-514,333,-632,255,351,-387,24,47,155
12426,-849,-1420,91,-73,923,9564,8175,362,103,-112,0,6,1,634,13332,995,-2,136,13332,1527,1517,1665,1622,471,-584,469,-581,350,-680,255,375,-444,22,49,150
12476,-279,-1233,-51,66,1253,3460,4329,179,59,-70,-2,5,9,635,13374,1003,-25,139,13374,1556,1509,1625,1640,509,-471,511,-473,531,-522,255,479,-445,20,50,152
12526,-336,-1267,-170,-51,924,-3070,1156,423,54,-121,-2,6,2,635,13374,1021,1,139,13374,1530,1518,1642,1639,577,-427,589,-437,551,-441,255,588,-406,19,50,153
12576,-723,-1078,-1,120,1194,3338,6832,667,100,-92,2,4,1,636,13416,1001,-64,139,13374,1559,1490,1651,1627,612,-369,612,-370,545,-425,255,666,-320,20,50,152
12626,-300,-479,21,295,1220,4254,3231,1583,73,-31,0,4,2,639,13543,999,-20,155,13543,1552,1497,1635,1640,664,-333,663,-333,628,-424,255,679,-266,20,51,150
12676,420,-205,23,32,970,2789,-3,1033,-8,-8,10,4,1,635,13374,989,-38,139,13374,1539,1494,1633,1659,699,-366,691,-362,721,-339,255,680,-300,20,55,145
12726,345,-847,125,19,704,-4351,-4703,57,-5,-52,2,4,0,635,13374,1011,-91,139,13374,1551,1494,1634,1651,794,-235,803,-237,811,-256,255,700,-288,19,55,149
12776,-166,-743,-191,13,1215,-1361,2681,545,39,-79,2,4,0,636,13416,1006,-67,136,13332,1550,1492,1641,1640,813,-152,818,-153,797,-212,255,794,-236,17,54,152
12826,-551,-481,-88,138,1133,-811,240,789,85,-47,0,4,0,636,13416,997,-57,143,13416,1517,1491,1653,1660,908,-238,906,-238,889,-256,255,861,-182,17,54,149
12876,-311,-228,32,33,1100,3521,240,179,56,-13,2,4,0,635,13374,989,-57,139,13374,1550,1472,1651,1649,933,-91,923,-90,943,-101,255,904,-118,18,55,145
12926,28,-221,28,182,1024,5291,-2384,850,42,-12,2,4,0,635,13374,985,-77,139,13374,1521,1491,1657,1652,1034,-139,1018,-137,1036,-111,255,911,-94,16,55,150
12976,-179,-462,-80,-180,851,-628,-675,-430,43,-60,2,9,-2,634,13332,988,-94,139,13374,1533,1483,1646,1661,1119,-97,1106,-96,1081,-93,255,949,-105,13,56,152
13026,-141,-836,-19,-86,719,-933,-2384,179,24,-72,2,4,0,635,13374,985,-139,139,13374,1521,1493,1648,1661,1042,-55,1026,-55,1060,-34,255,985,-83,13,55,150
13076,-529,-393,-190,68,1062,-2215,3231,118,73,-44,0,4,2,634,13332,963,-132,136,13332,1538,1486,1653,1642,1195,24,1151,23,1168,68,255,1082,11,11,54,148
13126,-625,-133,-224,106,1175,408,2315,-736,54,-28,-2,-2,0,636,13416,982,-109,143,13416,1502,1519,1647,1656,1226,-102,1203,-100,1260,-8,255,1130,43,11,56,154
13176,-314,384,86,-37,765,-384,-1163,-736,15,49,4,-1,0,635,13374,975,-95,139,13374,1527,1499,1655,1644,1306,10,1273,10,1371,76,255,1103,60,8,57,144
13226,53,713,66,-26,885,-994,-4337,-858,-25,73,2,-3,0,635,13374,960,-127,139,21374,1720,1694,1792,1800,1378,82,1323,79,1473,117,255,1115,52,4,57,145
13276,72,373,-90,134,1708,-1483,-5985,-3787,-13,37,4,-2,1,636,13416,952,-44,139,18718,1639,1607,1757,1767,1407,100,1339,95,1577,134,255,1189,111,0,56,150
13326,-373,99,29,-268,786,-1422,-6778,-5191,-11,19,2,-2,0,635,13374,944,62,139,14439,1518,1448,1646,1662,1486,132,1403,125,1568,93,255,1271,92,-1,55,149
13376,-386,-13,12,-227,748,3216,-6961,-736,-8,14,2,-2,2,635,13374,937,59,136,15936,1541,1520,1649,1699,1524,206,1428,193,1609,178,255,1237,74,-6,56,148
13426,-810,-472,-121,-182,737,-3314,-7572,-3543,63,-48,4,3,1,635,13374,937,31,139,20684,1623,1608,1726,1766,1483,156,1390,146,1642,110,255,1319,95,-8,54,153
13476,-435,-275,127,-308,1454,5413,-6839,-3421,44,-9,0,4,0,634,13332,961,216,139,9947,1417,1381,1581,1612,1547,264,1487,253,1614,177,255,1335,96,-9,52,151
13526,-117,-226,-151,89,978,164,-6778,240,16,-29,2,0,0,634,13332,969,201,136,13751,1558,1513,1649,1674,1485,163,1439,158,1609,170,255,1389,167,-11,52,150
13576,305,-233,53,-57,755,-3924,-4764,-1895,-218,-8,0,-36,0,635,13374,987,161,143,16592,1605,1532,1697,1720,1554,196,1534,193,1599,416,255,1383,216,-13,52,155
13626,374,-325,-69,-32,904,-17840,-1895,-1651,-596,-4,2,-110,6,635,13374,985,158,139,15064,1610,1570,1734,1751,1520,229,1498,225,1592,723,255,1357,149,-14,51,158
13676,-1007,-229,-130,-50,982,-37249,-5496,-2261,-612,66,2,-136,19,637,13458,1002,201,139,10464,1464,1461,1606,1647,1579,379,1582,380,1716,1021,255,1400,189,-18,45,164
13726,-1992,-344,-80,-29,723,-39324,-11112,-2078,-636,130,4,-158,33,634,13332,1003,171,136,13350,1540,1504,1645,1690,1442,300,1446,301,1674,929,255,1400,190,-19,43,164
13776,-3145,-861,65,103,1062,-35235,-14652,-675,-510,124,2,-157,37,634,13332,1040,211,139,14103,1571,1537,1674,1712,1550,352,1612,366,1762,945,255,1399,203,-22,40,163
13826,-4338,-937,-26,42,1190,-33343,-13004,-675,-451,77,0,-165,31,635,13374,1029,215,139,11632,1388,1420,1545,1610,1568,393,1613,405,1764,934,244,1443,196,-26,37,162
13876,-4970,-1187,19,-20,901,-31329,-6595,911,-152,-16,2,-115,16,635,13374,1053,165,139,13777,1540,1623,1685,1727,1431,262,1507,275,1463,587,255,1499,161,-27,33,161
13926,-5531,-1222,-45,-114,964,-2703,1644,-1529,409,-93,2,-13,4,634,13332,1044,126,136,16045,1565,1529,1684,1703,1392,288,1454,300,1355,58,255,1520,210,-25,31,159
13976,-3622,-990,-97,51,1027,27142,-308,1400,353,-83,0,2,2,635,13374,1056,123,139,14003,1581,1479,1680,1716,1377,-111,1455,-117,1413,-525,255,1508,195,-23,37,158
14026,-1722,-1018,11,81,879,22442,850,-919,190,-79,2,3,2,634,13332,1056,122,136,14749,1530,1573,1706,1700,1379,-229,1457,-242,1346,-455,255,1449,65,-23,43,155
14076,-864,-268,-177,128,1089,12310,667,-797,233,81,2,27,24,635,13374,1045,124,139,15713,1546,1488,1669,1676,1247,-48,1303,-51,1397,-361,255,1443,12,-20,45,156
14126,171,-94,-69,302,1255,15850,-10013,-1163,120,262,0,20,54,636,13416,1076,163,143,14849,1483,1470,1647,1630,1352,-173,1455,-186,1542,-368,255,1389,35,-19,49,160
14176,55,-436,-10,-300,1079,12860,-18375,1033,81,397,-12,21,85,635,13374,1041,103,139,15459,1532,1507,1688,1709,1276,-208,1328,-216,1653,-390,244,1354,-105,-18,53,163
14226,475,-1097,-21,-97,1260,8770,-24356,1339,30,424,0,15,102,635,13374,1070,108,139,15576,1555,1506,1680,1720,1287,-206,1377,-220,1715,-362,255,1324,-112,-17,55,162
14276,904,-1945,-136,-41,998,9503,-23380,-4703,-3,290,4,15,93,636,13416,1093,210,136,10288,1491,1494,1639,1665,990,-244,1082,-266,1362,-280,255,1268,-131,-15,58,161
14326,591,-2377,74,-140,1029,-2398,-16055,-2872,9,273,2,15,94,635,13374,1087,204,139,10719,1515,1425,1570,1609,1102,-256,1197,-278,1382,-347,255,1265,-175,-14,59,162
14376,1124,-2763,1,5,648,-2398,-10623,-3,-68,233,0,6,94,635,13374,1099,151,139,11719,1594,1546,1717,1725,1141,-246,1254,-270,1279,-127,255,1231,-191,-13,61,156
14426,864,-2746,-50,-22,1145,-6976,-9525,-4703,-71,296,0,2,108,635,13374,1127,183,139,13339,1456,1483,1665,1664,1028,-332,1159,-374,1181,-145,255,1206,-180,-12,64,163
14476,148,-2576,-59,-106,840,-4046,-12821,-2139,-20,310,2,1,108,634,13332,1132,162,143,13896,1546,1537,1687,1704,864,-264,978,-299,1105,-177,255,1145,-176,-8,67,161
14526,-488,-2588,-114,-204,849,-1910,-12210,-1224,32,155,2,2,78,635,13374,1140,186,139,11108,1490,1440,1605,1680,647,-328,738,-374,897,-367,255,1066,-235,-3,69,160
14576,-295,-3090,37,-60,981,4193,-3909,-980,46,41,0,4,62,635,13374,1134,100,143,14019,1581,1550,1700,1720,755,-227,857,-258,689,-291,255,1010,-282,0,71,152
14626,156,-3015,47,-76,1025,3582,10250,-3299,18,-261,4,7,1,637,13458,1135,48,148,17372,1592,1562,1737,1749,688,-298,780,-339,476,-323,255,967,-282,2,72,152
14676,371,-2352,79,-17,1064,1324,21236,-3787,4,-200,2,7,2,635,13374,1131,111,139,12197,1457,1458,1668,1638,488,-307,552,-348,111,-419,255,874,-317,9,71,152
14726,189,-718,53,125,1207,4986,19100,-2200,27,-64,4,6,0,635,13374,1121,25,139,18187,1647,1615,1771,1755,478,-404,535,-453,147,-453,255,773,-319,14,74,151
14776,332,650,-142,96,1235,5963,10189,-3299,1,45,2,4,0,634,13332,1146,121,136,12789,1507,1445,1679,1697,393,-512,451,-587,236,-539,255,685,-344,21,77,150
14826,431,1019,58,-197,981,1019,9884,-1407,-12,99,4,9,1,635,13374,1154,188,139,10945,1494,1436,1641,1636,367,-361,424,-416,198,-397,255,657,-388,24,77,151
14876,-1,1176,-137,-145,978,-7037,7503,-1468,30,90,2,9,0,635,13374,1159,133,139,17939,1538,1556,1703,1709,381,-401,442,-465,248,-334,255,620,-387,30,81,152
14926,-327,932,44,-131,794,653,3963,-2811,72,90,0,11,0,596,11781,1171,157,0,5374,1587,1524,1708,1722,267,-294,313,-345,202,-430,255,612,-388,34,80,147
14976,-611,417,-122,130,746,-1849,4696,-1468,127,25,2,11,1,566,10625,1177,110,0,15532,1517,1504,1564,1549,206,-392,242,-461,120,-497,255,493,-379,42,83,152
15026,-34,374,-9,206,935,7244,6588,301,91,36,4,12,1,567,10663,1183,17,0,14627,1545,1596,1704,1650,243,-601,288,-711,68,-534,244,486,-418,46,87,143
15076,-313,815,-9,-41,1236,2178,9334,-2750,88,71,2,12,0,566,10625,1169,32,0,12921,1524,1492,1661,1638,187,-407,219,-476,92,-507,244,393,-453,51,88,147
15126,-194,336,12,-22,676,6207,2498,-675,121,37,0,20,1,566,10625,1187,12,0,14729,1537,1565,1700,1702,77,-509,91,-605,17,-629,244,385,-451,55,90,144
15176,-520,406,0,-86,1158,3155,2864,-369,179,87,2,27,10,566,10625,1186,48,0,10845,1471,1428,1627,1590,162,-453,192,-538,109,-621,244,367,-406,59,93,148
15226,103,353,57,30,552,12371,-2689,2620,190,217,2,37,34,567,10663,1179,-15,0,13146,1581,1572,1703,1677,67,-552,79,-651,176,-764,255,322,-448,63,94,148
15276,209,-293,183,-140,942,11517,-9647,-308,145,360,2,34,72,566,10625,1177,-14,0,15405,1545,1479,1668,1641,184,-529,216,-623,412,-712,244,317,-457,66,97,154
15326,511,-1142,199,108,895,12432,-16666,-186,202,388,0,46,92,567,10663,1181,24,0,11340,1395,1400,1579,1570,178,-471,210,-556,512,-596,244,243,-477,68,98,154
15376,595,-2168,330,-33,984,10968,-19351,1949,143,316,2,39,93,567,10663,1185,-32,0,16192,1612,1517,1678,1668,123,-452,145,-536,451,-604,255,239,-499,69,100,156
15426,362,-2892,-91,92,1130,8099,-14896,1522,171,180,2,38,87,566,10625,1174,-35,0,12913,1557,1535,1670,1654,95,-376,112,-442,317,-540,255,219,-447,70,99,153
15476,103,-3023,114,-22,1014,6329,-8914,911,184,130,0,38,80,567,10663,1171,-36,0,15195,1554,1533,1699,1674,46,-332,54,-389,168,-464,255,166,-467,74,99,151
15526,-190,-3359,-245,15,893,7489,-2261,1156,109,-67,2,17,51,565,10588,1172,-1,0,11881,1516,1517,1654,1651,-5,-338,-6,-396,-19,-523,255,187,-397,77,99,151
15576,-260,-3037,-193,46,873,775,7442,1094,193,-138,0,32,31,567,10663,1183,0,0,12873,1539,1568,1692,1644,-23,-338,-28,-400,-225,-470,255,120,-368,81,99,152
15626,411,-2350,150,105,909,12860,7808,3231,179,-105,2,39,18,566,10625,1178,-30,0,16369,1620,1472,1666,1682,-133,-289,-157,-340,-290,-555,255,77,-317,84,98,156
15676,517,-1947,17,124,913,5902,4268,4757,-22,-152,2,1,4,566,10625,1172,-27,0,13561,1542,1524,1678,1655,-215,-236,-252,-277,-384,-307,255,79,-247,91,99,152
15726,403,-1658,145,105,1257,-2276,12752,2071,-10,-124,2,3,3,568,10700,1184,22,0,14329,1484,1423,1624,1569,-204,-175,-242,-208,-436,-137,255,11,-224,94,98,155
15776,-80,-723,-21,-83,657,2484,8236,3170,16,-18,2,4,10,567,10663,1177,-20,0,13022,1589,1573,1697,1663,-216,-132,-254,-155,-332,-238,255,16,-190,101,98,152
15826,-589,-907,-77,170,1023,-2276,-3482,1522,145,73,2,15,32,565,10588,1195,-17,0,15056,1536,1548,1662,1643,-184,-83,-220,-99,-117,-196,255,-24,-119,104,97,156
15876,-535,-885,43,39,1221,5657,-4215,2742,193,122,2,27,39,567,10663,1197,61,0,12521,1541,1450,1640,1586,-254,-176,-304,-210,-87,-312,255,-94,-143,108,97,154
15926,-487,-1215,-77,-176,696,6573,-8609,2071,62,41,2,8,31,565,10588,1182,-15,0,13786,1566,1538,1673,1688,-239,-146,-282,-172,-102,-265,255,-125,-159,111,98,157
15976,-292,-1932,20,0,772,1019,-5435,2559,61,-76,2,6,18,566,10625,1186,-35,0,14755,1589,1554,1718,1691,-241,55,-286,65,-228,-42,255,-145,-147,114,95,149
16026,-158,-2168,33,-152,778,4742,7137,-1346,20,-97,2,4,18,566,10625,1196,5,0,11680,1540,1509,1719,1654,-321,-26,-384,-31,-468,-97,255,-159,-147,117,92,152
16076,-321,-2033,266,-51,963,5413,8846,1461,39,-3,0,2,30,566,10625,1184,2,0,14447,1551,1476,1643,1601,-404,38,-478,45,-454,0,255,-319,-127,122,89,146
16126,162,-1444,-48,12,1339,2484,2742,-675,1,48,2,2,36,565,10588,1185,8,0,14000,1466,1455,1617,1599,-372,93,-441,110,-353,84,255,-353,-112,124,84,146
16176,326,-1683,129,168,1161,-2154,3353,-64,-4,76,-2,2,43,566,10625,1196,-1,0,13804,1540,1492,1645,1599,-444,197,-531,235,-471,257,244,-376,-7,126,78,150
16226,-480,-1969,137,-104,1027,469,2864,1400,-5,88,2,-7,50,566,10625,1196,-3,0,16884,1591,1523,1692,1652,-428,257,-511,308,-458,254,255,-440,80,127,75,151
16276,2,-1165,-184,62,1040,2484,1033,1278,-129,129,2,-27,50,566,10625,1194,-61,0,16994,1623,1592,1757,1714,-422,313,-504,374,-423,338,255,-411,175,129,70,154
16326,-622,-1136,34,-237,1008,-6793,-2750,606,-159,168,2,-37,53,566,10625,1191,-12,0,13265,1549,1558,1722,1657,-456,289,-544,344,-443,553,255,-460,250,131,69,158
16376,-1070,-1344,-8,192,1316,-9295,-5252,850,-124,105,2,-46,44,566,10625,1199,32,0,14095,1493,1439,1599,1585,-448,361,-537,433,-256,573,255,-494,309,133,66,157
16426,-1420,-2081,73,-81,1038,-9783,-6229,1339,-241,20,0,-71,39,566,10625,1200,13,0,14419,1623,1582,1712,1701,-504,426,-605,511,-382,714,255,-559,292,133,63,157
16476,-1201,-2096,-76,124,937,-23699,-4520,972,-354,-39,2,-92,30,565,10588,1219,54,0,10576,1491,1455,1623,1607,-580,499,-707,608,-563,945,255,-596,314,134,58,158
16526,-2056,-2154,69,-74,1061,-32122,-2322,3353,-459,-58,0,-124,25,567,10663,1193,-41,0,18570,1625,1588,1735,1706,-569,580,-679,693,-563,1118,255,-556,416,136,54,162
16576,-3627,-1810,124,79,1333,-26507,-858,1094,-356,-39,2,-134,22,566,10625,1198,9,0,9701,1390,1401,1588,1555,-612,606,-734,726,-609,1092,244,-545,534,139,49,158
16626,-4513,-1368,-110,89,919,-26690,545,-3,-322,-12,4,-144,24,566,10625,1192,1,0,13821,1568,1543,1657,1619,-600,510,-715,608,-620,934,255,-548,497,141,48,155
16676,-4612,-1488,-82,220,1412,-27850,4207,423,-332,-18,0,-149,24,565,10588,1184,20,0,13725,1462,1476,1608,1579,-590,529,-698,627,-585,976,255,-499,517,144,45,159
16726,-5152,-1769,-11,-88,919,-27850,-186,789,-285,-95,-2,-144,12,567,10663,1203,80,0,9444,1436,1448,1575,1591,-644,546,-775,657,-645,960,255,-574,519,148,44,158
16776,-5344,-1887,69,-1,156,-23760,2681,3597,-189,-162,2,-129,0,567,10663,1221,-11,0,14456,1585,1562,1719,1651,-734,435,-896,532,-860,749,255,-712,469,151,43,158
16826,-5085,-880,-118,-21,1246,-10028,11104,423,-73,-85,4,-104,1,566,10625,1210,-12,0,13302,1538,1505,1687,1645,-710,509,-859,616,-884,648,255,-754,388,153,40,159
16876,-4076,-997,-4,41,1012,-6854,10494,-125,-124,-90,2,-97,0,566,10625,1212,25,0,13517,1555,1566,1694,1656,-839,210,-1017,255,-943,348,255,-808,324,156,40,156
16926,-3991,-1272,235,-169,901,-4840,10067,1827,13,-84,0,-64,1,567,10663,1201,-55,0,17391,1525,1590,1726,1672,-752,149,-903,179,-914,341,255,-836,309,158,42,157
16976,-3793,-451,-117,-164,817,4376,10555,-247,89,-52,2,-46,1,567,10663,1185,-57,0,12022,1631,1537,1732,1704,-814,161,-965,191,-962,-97,255,-831,280,160,43,156
17026,-2767,-835,282,-211,736,12310,8236,240,83,-33,2,-27,1,566,10625,1182,-66,0,13571,1578,1587,1748,1691,-762,43,-901,51,-942,-77,255,-896,277,161,46,152
17076,-1991,-311,33,-82,1318,8465,8785,-186,108,-25,0,-13,0,565,10588,1191,21,0,12047,1459,1413,1603,1554,-880,-49,-1049,-58,-927,-195,255,-913,135,163,49,155
17126,-1246,-863,145,-70,927,8160,6527,728,50,-25,2,-11,7,567,10663,1205,35,0,14253,1471,1473,1609,1590,-881,-84,-1062,-101,-923,-137,255,-980,78,164,51,153
17176,-615,-1064,-44,-98,808,2789,301,1033,1,-62,4,-8,7,566,10625,1205,-48,0,15744,1614,1552,1710,1703,-773,-56,-931,-67,-875,-144,255,-970,0,163,53,149
17226,-389,-1459,-36,-59,948,-1544,2437,1217,-14,-93,-10,-8,8,567,10663,1201,-22,0,16384,1548,1523,1705,1669,-840,-98,-1009,-118,-912,-179,255,-883,1,163,54,157
17276,191,-1079,20,-24,997,9625,7259,-552,-53,-27,0,-7,13,566,10625,1203,0,0,12044,1512,1444,1677,1629,-829,-66,-997,-80,-914,-188,255,-897,31,166,59,150
17326,134,-1122,-45,-115,1204,3338,1522,667,-62,-31,0,-8,14,565,10588,1217,13,0,15940,1568,1542,1714,1676,-807,-182,-983,-221,-842,-246,255,-858,16,168,62,155
17376,711,-557,-71,-26,572,4132,4512,-64,-104,5,2,-7,13,566,10625,1193,-16,0,14846,1634,1622,1770,1739,-756,-186,-903,-222,-842,-178,255,-881,-17,169,68,153
17426,276,-835,-11,-30,946,-2154,1278,118,-63,-30,2,-6,9,567,10663,1200,22,0,12731,1503,1397,1656,1598,-687,-173,-824,-208,-774,-297,255,-786,-24,169,70,153
17476,804,-475,184,106,1048,13165,4207,1461,-90,18,2,-6,9,566,10625,1210,-1,0,14914,1574,1532,1686,1652,-749,-302,-906,-365,-817,-389,255,-805,-69,172,76,154
17526,985,-1054,32,-8,376,-2825,-1102,1461,-122,-39,2,-6,9,567,10663,1214,71,0,11061,1526,1468,1639,1617,-747,-239,-906,-290,-773,-246,255,-800,-115,173,79,156
17576,502,-1351,-56,185,881,-5816,3353,1827,-61,-82,2,-6,9,566,10625,1216,-2,0,14214,1506,1495,1650,1583,-792,-317,-964,-385,-857,-169,255,-839,-136,175,84,156
17626,279,-611,37,63,952,-3070,5123,-614,-22,-10,0,0,8,566,10625,1203,-29,0,13451,1597,1549,1680,1668,-752,-322,-905,-387,-747,-297,255,-892,-202,175,86,153
17676,403,-903,-6,-61,1191,4498,2620,179,-70,-68,0,-6,2,566,10625,1206,-32,0,16030,1593,1508,1689,1635,-662,-289,-798,-349,-703,-410,255,-852,-294,173,88,154
17726,625,-797,0,132,1161,3704,9456,-247,-77,-64,0,-6,2,567,10663,1198,-1,0,11074,1490,1486,1643,1578,-667,-404,-799,-484,-807,-340,255,-893,-326,173,91,153
17776,-102,-418,-38,-286,842,-6549,9212,-552,-62,-38,2,-6,1,567,10663,1189,-60,0,16402,1647,1612,1781,1714,-721,-326,-858,-388,-842,-332,255,-885,-410,172,90,158
17826,-220,150,-119,65,1320,3094,5672,-369,-5,1,2,-6,0,566,10625,1204,-18,0,15500,1582,1547,1706,1669,-677,-483,-815,-581,-719,-505,255,-883,-392,170,91,153
17876,144,162,3,-36,1103,4193,5611,-736,-49,19,0,-6,1,566,10625,1195,-29,0,15035,1554,1515,1694,1629,-654,-486,-782,-581,-721,-610,255,-841,-492,168,93,152
17926,634,437,20,348,1035,5841,2681,1278,-55,46,2,-6,1,566,10625,1203,58,0,8858,1430,1381,1607,1554,-641,-521,-771,-627,-670,-505,255,-868,-478,167,96,151
17976,444,382,-226,21,960,-1116,728,545,-37,10,0,0,0,565,10588,1214,51,0,11459,1559,1483,1668,1620,-569,-434,-691,-527,-480,-450,255,-728,-524,164,96,150
18026,467,-318,-16,215,1237,-2947,-6473,-552,68,4,0,18,6,567,10663,1213,-5,0,15870,1547,1547,1707,1642,-543,-460,-659,-558,-509,-518,255,-737,-478,163,98,154
18076,81,-533,225,-77,721,5902,-2750,545,186,47,2,40,12,565,10588,1214,-25,0,15130,1636,1576,1745,1726,-494,-577,-600,-701,-435,-802,255,-751,-537,160,101,155
18126,-153,-1366,164,-209,1082,16949,-3787,-2261,238,-6,2,47,19,566,10625,1210,-3,0,14693,1497,1409,1651,1608,-468,-481,-566,-582,-408,-904,255,-706,-557,157,102,162
18176,537,-1189,72,-93,917,23663,-2506,-1468,287,32,4,67,25,566,10625,1203,4,0,11663,1461,1385,1605,1573,-421,-541,-507,-651,-366,-903,255,-700,-643,154,105,157
18226,808,-2126,100,-137,837,18109,-10196,667,257,-40,0,67,26,566,10625,1212,1,0,15259,1607,1520,1705,1708,-390,-548,-472,-664,-205,-943,255,-630,-684,152,104,159
18276,1341,-2941,302,135,706,22259,-6778,-1529,279,-78,2,74,27,566,10625,1219,30,0,10844,1530,1484,1678,1651,-364,-590,-444,-719,-332,-843,255,-627,-658,148,106,161
18326,1100,-3052,346,-118,1149,16583,-1468,-552,296,-94,2,79,29,567,10663,1226,37,0,12622,1593,1498,1699,1660,-403,-511,-495,-627,-410,-854,255,-638,-707,146,105,162
18376,1328,-3178,85,-29,1232,14752,-1712,-1834,287,-125,2,80,30,566,10625,1229,0,0,16765,1521,1496,1690,1665,-429,-543,-528,-668,-322,-762,255,-553,-691,143,103,161
18426,1645,-3263,17,60,1124,10601,4390,-2994,163,-144,0,60,29,566,10625,1218,-19,0,16941,1551,1465,1676,1654,-335,-456,-408,-555,-368,-625,255,-560,-639,141,101,161
18476,1295,-3156,-21,-194,1082,4254,6649,-2017,95,-170,2,45,23,567,10663,1225,-2,0,13412,1537,1485,1677,1653,-260,-396,-318,-486,-466,-554,255,-551,-638,136,97,160
18526,1771,-2133,29,9,1151,1690,6649,-1834,-82,-102,2,14,17,566,10625,1210,-1,0,14383,1533,1404,1648,1611,-362,-361,-439,-437,-460,-401,255,-607,-571,134,95,157
18576,1520,-1008,-198,-75,969,-2764,7442,-980,-168,-54,0,-4,11,566,10625,1218,-95,0,19229,1605,1617,1754,1723,-226,-316,-275,-385,-348,-110,255,-531,-544,128,91,161
18626,983,-710,19,143,1081,-16558,2681,-3543,-98,-41,2,-3,4,567,10663,1200,-2,0,11925,1445,1378,1621,1593,-246,-248,-296,-298,-281,-59,255,-502,-447,125,89,156
18676,487,-290,-175,70,1150,-13018,1705,1094,-60,-28,2,-3,2,567,10663,1216,79,0,9772,1489,1444,1619,1596,-284,-230,-345,-280,-264,0,255,-370,-377,123,87,153
18726,-342,-1026,112,326,962,-18145,-1346,2071,24,-61,-2,-6,3,567,10663,1203,-3,0,13911,1533,1530,1668,1626,-88,-190,-106,-229,-145,59,255,-349,-330,120,87,156
18776,-1266,-1216,40,138,577,-11370,3414,-1163,103,-92,0,-5,2,565,10588,1182,-108,0,17571,1675,1630,1749,1741,-122,-168,-145,-198,-162,-204,255,-355,-343,115,84,161
18826,-1449,-836,-64,-166,973,408,3658,-308,84,-79,2,-5,0,537,9564,1193,-26,0,12512,1591,1535,1728,1693,-88,-205,-105,-245,-194,-271,255,-269,-352,114,83,154
18876,-804,-687,-60,1,1036,164,4512,1094,40,-62,0,-6,1,454,6836,1208,36,0,12987,1560,1534,1668,1619,-94,-265,-114,-320,-170,-213,255,-179,-320,112,83,150
18926,-439,-337,-125,17,921,-7769,-919,1949,2,-39,0,-6,0,455,6866,1204,-2,0,15680,1528,1511,1639,1643,-126,-185,-151,-222,-87,-97,255,-83,-281,111,82,150
18976,-337,-861,68,200,980,-12591,1766,-125,6,-63,2,-7,1,455,6866,1212,-44,0,16957,1635,1609,1713,1692,58,-85,71,-103,-25,8,255,-98,-225,109,81,144
19026,-936,-934,161,-87,692,-79,3231,-614,32,-47,2,-7,2,454,6836,1191,-30,0,13073,1557,1497,1682,1653,51,-99,60,-118,-17,-127,255,-46,-269,107,79,146
19076,-233,-421,-39,193,952,-1116,-369,1033,2,-31,0,-7,2,454,6836,1196,-16,0,14383,1579,1556,1687,1663,53,-249,64,-298,60,-128,255,-8,-212,106,79,146
19126,-542,-800,100,-100,526,-7647,-2445,911,-12,-47,2,-7,0,455,6866,1195,31,0,11940,1534,1509,1653,1631,50,-81,60,-97,76,0,255,17,-244,105,78,143
19176,-243,-307,-121,237,1022,-10394,-5008,2987,2,-33,2,-7,0,455,6866,1215,70,0,12162,1546,1478,1650,1617,58,-76,70,-92,137,-42,255,84,-161,105,76,147
19226,-131,-464,64,127,974,-4473,-5679,2315,-18,-28,-2,-8,0,454,6836,1214,52,0,13480,1483,1494,1635,1624,133,-127,161,-154,230,8,255,60,-138,104,76,148
19276,-631,-1558,141,-133,705,-4473,-5069,4818,-3,-109,-23,-7,1,456,6896,1206,33,0,11842,1534,1498,1683,1700,197,-189,237,-228,213,-145,255,80,-174,101,77,155
19326,-851,-2053,-49,-37,760,4803,1827,8602,34,-190,-96,-7,0,457,6927,1221,-7,0,16196,1520,1483,1640,1623,128,-214,157,-262,68,-247,255,69,-236,100,78,151
19376,-1274,-2101,75,-204,1086,11700,6221,5245,61,-175,-64,-7,1,459,6987,1217,-12,0,13301,1553,1522,1668,1648,187,-175,228,-213,85,-385,255,64,-318,97,77,154
19426,-690,-1586,12,-124,1176,8038,5367,5184,15,-138,-194,-7,0,459,6987,1212,48,0,11443,1465,1387,1640,1649,136,-216,164,-262,106,-377,255,100,-331,96,75,154
19476,-112,-1676,157,66,789,286,5245,11837,-23,-131,-259,-8,0,462,7079,1224,-38,0,16313,1573,1583,1720,1741,231,-269,282,-329,205,-274,255,37,-367,92,75,153
19526,-534,-1145,5,-191,769,-262,484,13057,-19,-94,-356,-8,1,461,7048,1224,19,0,10196,1487,1417,1656,1669,278,-159,341,-195,272,-246,255,126,-346,89,73,152
19576,-539,-1160,-196,24,664,-384,-980,19649,9,-128,-414,-8,0,463,7110,1231,-7,0,16436,1563,1553,1739,1730,398,-284,489,-349,376,-212,255,166,-263,84,73,153
19626,-465,-1099,-80,-149,890,2972,-614,23006,18,-106,-458,-1,0,463,7110,1221,-38,0,15912,1506,1437,1685,1689,414,-172,506,-211,421,-205,255,231,-296,81,72,156
19676,-163,-984,-73,67,1271,4559,-1224,26058,8,-86,-444,-2,1,459,6987,1229,27,0,10869,1510,1478,1677,1678,431,-220,530,-270,408,-255,255,221,-301,77,71,152
19726,-97,-835,25,-179,730,2850,-2139,23250,-18,-66,-425,0,0,462,7079,1230,13,0,14716,1474,1445,1600,1649,378,-161,465,-198,401,-186,255,327,-310,74,69,152
19776,-503,-1933,97,21,871,-1910,-2994,24410,46,-159,-423,0,0,450,6716,1212,-60,0,15782,1617,1574,1718,1721,460,-40,557,-48,417,-48,255,479,-182,73,67,151
19826,-861,-1893,-116,64,1273,5047,6588,20870,80,-177,-249,0,0,429,6104,1205,-14,0,13340,1616,1536,1628,1609,459,-62,554,-74,308,-171,255,504,-157,72,66,153
19876,-380,-1140,-147,123,1105,6207,6466,14095,9,-117,-121,-7,0,428,6075,1216,-14,0,17051,1671,1653,1612,1615,485,-58,590,-71,425,-85,255,474,-166,70,64,153
19926,-137,-890,85,-157,1044,-933,1400,2559,-41,-71,-4,-7,0,428,6075,1204,4,0,13438,1554,1507,1615,1636,553,-77,665,-93,549,-39,255,475,-185,68,63,147
19976,-63,-978,-45,-39,580,-3924,-430,5855,-79,-94,-2,-15,0,428,6075,1201,-30,0,15108,1617,1603,1676,1679,594,-67,714,-81,526,76,255,599,-177,65,61,148
20026,-287,-1029,-82,-80,1031,-5633,2193,4757,-155,-69,0,-34,6,427,6047,1217,20,0,12315,1581,1505,1638,1635,593,7,722,9,487,97,255,658,-177,64,59,146
20076,-716,-1151,-25,-98,757,-9722,1705,545,-156,-43,0,-40,12,426,6019,1218,-25,0,16556,1674,1652,1729,1734,617,113,751,137,601,232,255,769,-23,65,56,150
20126,-1464,-1086,-51,127,947,-11126,-2078,1217,-73,55,2,-42,31,427,6047,1213,1,0,12576,1519,1513,1654,1628,677,122,821,149,697,212,255,792,68,64,54,149
20176,-1817,-1054,-12,-3,950,-2947,-5618,-552,-59,155,2,-43,49,428,6075,1213,-6,0,14233,1606,1567,1682,1671,617,125,748,151,808,119,255,806,63,65,53,149
20226,-1290,-1799,102,104,1038,-6427,-18985,484,-149,308,2,-54,90,426,6019,1208,-31,0,16173,1570,1580,1670,1692,737,-45,891,-54,1033,68,255,823,74,65,54,153
20276,-1778,-2629,-21,-40,918,-13140,-22525,606,-54,223,0,-40,90,427,6047,1217,-4,0,15600,1564,1543,1662,1694,808,167,983,204,1098,238,255,858,144,63,53,153
20326,-2099,-2787,17,58,1013,1873,-18436,2254,99,313,2,-18,110,428,6075,1214,26,0,12427,1517,1443,1651,1582,815,87,989,105,1116,51,255,836,108,61,53,149
20376,-1311,-2829,23,5,875,9075,-20999,606,23,472,2,-19,142,428,6075,1224,18,0,14561,1608,1547,1670,1708,795,-52,973,-64,1330,-51,255,799,-26,59,53,148
20426,-332,-3921,-25,82,1026,347,-34061,911,-56,315,2,-18,130,428,6075,1229,-28,0,17188,1640,1608,1704,1746,870,116,1069,143,1384,117,255,863,-1,57,52,151
20476,-262,-4637,21,10,1471,-2581,-21549,-1407,-67,191,6,-18,118,428,6075,1227,94,0,8822,1418,1387,1568,1581,763,109,937,134,1040,169,255,808,5,55,50,150
20526,-643,-4441,-11,-94,447,-6976,-10867,1156,-61,60,0,-18,90,427,6047,1239,33,0,14851,1595,1574,1691,1695,648,98,803,121,807,204,255,762,17,55,49,148
20576,-962,-3942,-64,-125,1155,-2947,-3787,-308,-10,67,4,-16,84,426,6019,1223,17,0,13522,1510,1499,1659,1647,578,113,707,139,694,107,255,703,22,55,46,150
20626,-925,-3906,145,-21,799,1080,-4459,-308,-10,59,2,-18,77,427,6047,1233,6,0,14595,1561,1533,1643,1689,609,36,751,45,679,16,255,710,28,54,46,143
20676,-965,-4083,157,-110,737,-994,-2445,667,-13,-58,2,-16,56,428,6075,1239,4,0,14812,1553,1527,1652,1661,589,62,730,77,521,85,255,754,63,54,45,144
20726,-940,-3172,-184,102,1116,-1483,7259,-369,8,-141,4,-16,32,427,6047,1249,64,0,12267,1484,1433,1598,1608,532,242,665,303,369,155,255,669,33,54,42,149
20776,-473,-2143,-137,246,1130,-811,9395,545,46,-123,0,-3,16,427,6047,1241,35,0,14722,1471,1478,1616,1598,494,165,613,204,307,111,255,667,71,55,40,147
20826,-356,-1351,-11,39,1006,4498,6466,1033,156,-37,4,23,17,427,6047,1219,-93,0,19405,1669,1621,1747,1753,431,122,526,148,323,0,255,638,121,56,39,146
20876,92,-1186,7,108,1018,12249,3902,-797,126,-22,2,23,16,428,6075,1249,-35,0,15478,1572,1524,1700,1698,402,17,502,21,298,-128,255,594,111,58,40,145
20926,403,-643,-69,42,1353,9197,5550,-1102,93,109,4,24,34,427,6047,1230,38,0,11625,1469,1447,1609,1567,319,-3,392,-4,246,-119,255,590,106,60,41,144
20976,621,-485,-103,348,1120,6390,-3360,667,79,207,4,20,51,428,6075,1219,-20,0,15692,1552,1516,1633,1653,296,13,361,16,451,-25,255,568,151,64,43,145
21026,-407,-1213,109,-231,849,4498,-11173,1461,73,168,0,12,51,428,6075,1228,-28,0,16088,1577,1543,1679,1690,367,12,451,15,537,-58,255,534,185,65,46,148
21076,-98,-1476,91,-88,1087,9136,-7022,-491,70,145,4,13,53,428,6075,1225,21,0,13262,1533,1452,1595,1606,323,-2,396,-2,408,-119,255,484,91,67,48,144
21126,734,-2004,99,25,1034,3155,-4276,1339,1,105,2,12,54,427,6047,1224,-2,0,13109,1533,1526,1624,1646,243,71,298,87,367,85,255,482,72,69,48,140
21176,211,-2181,269,129,1309,531,-4398,2803,50,100,2,11,54,427,6047,1250,21,0,15249,1558,1517,1650,1633,219,194,274,243,298,212,255,376,118,71,47,146
21226,-327,-2073,-27,-249,769,6878,-247,1766,59,73,2,11,52,427,6047,1236,-3,0,15119,1585,1583,1703,1693,226,113,279,140,257,120,255,304,96,72,46,145
21276,-63,-1884,123,-125,1045,-140,-2322,-64,52,79,0,11,46,427,6047,1233,38,0,12580,1560,1502,1612,1619,139,144,171,178,161,161,255,230,49,73,43,145
21326,565,-1816,127,104,859,-1055,-2139,1461,20,88,2,11,46,428,6075,1236,0,0,14474,1585,1569,1645,1679,61,150,75,186,136,162,255,233,49,74,41,142
21376,309,-2504,79,219,1461,531,-797,57,43,-14,2,11,40,427,6047,1223,11,0,13489,1539,1517,1639,1624,36,220,44,270,48,203,255,216,125,77,39,139
21426,-151,-2921,148,-202,595,4925,5733,1522,38,-73,4,11,32,427,6047,1230,-26,0,14738,1596,1606,1691,1704,72,230,89,283,8,248,255,178,138,79,38,144
21476,-471,-2719,267,-41,964,3277,6771,2498,136,-77,2,19,27,427,6047,1215,-70,0,16036,1658,1593,1711,1698,64,232,78,283,-51,127,255,80,158,79,35,145
21526,136,-1554,-8,54,919,12005,9151,789,23,-91,2,4,10,429,6104,1225,-13,0,13764,1560,1492,1669,1649,3,345,4,423,-164,193,255,26,115,79,32,139
21576,853,-1219,55,152,874,-3375,6405,1766,-28,-56,4,6,9,428,6075,1217,-43,0,17457,1561,1567,1654,1667,-17,229,-20,279,-126,361,255,-3,211,81,28,145
21626,181,-519,-119,-95,1236,-4229,6099,-64,-4,-48,2,4,2,427,6047,1232,0,0,15533,1585,1546,1680,1673,38,404,47,497,-59,452,255,-68,271,79,26,141
21676,-11,-306,-242,84,1135,-2581,3109,-1102,25,-36,0,3,2,427,6047,1235,71,0,9282,1529,1522,1630,1656,-52,330,-64,408,-92,354,255,57,333,80,23,143
21726,-287,-1054,29,16,514,-8624,423,1339,42,-81,4,3,1,428,6075,1226,3,0,15354,1676,1644,1739,1740,-16,415,-20,508,-87,438,255,101,394,81,22,141
21776,-644,-1088,124,216,1111,2850,3109,911,85,-79,2,1,1,427,6047,1242,52,0,12155,1525,1479,1647,1629,-128,406,-160,505,-187,323,255,38,467,85,21,146
21826,-477,-785,-71,-14,791,5474,5916,-308,46,-67,2,0,2,427,6047,1239,21,0,14008,1523,1480,1640,1626,-119,377,-147,467,-245,312,255,-31,467,87,21,146
21876,23,-676,-95,-73,863,3277,3841,-736,-40,-66,2,-6,1,426,6019,1229,19,0,12650,1539,1506,1654,1640,-117,367,-144,451,-274,343,255,-118,430,87,21,147
21926,115,-153,113,-262,810,-2093,4268,118,-133,9,4,-18,2,427,6047,1233,-26,0,15955,1578,1562,1700,1684,-139,490,-172,604,-230,553,255,-162,405,87,19,150
21976,-567,-36,-117,67,880,-7647,4573,-858,-35,-8,2,-18,2,428,6075,1239,-8,0,14586,1545,1549,1681,1664,-92,531,-114,659,-169,574,255,-165,493,87,16,148
22026,-768,51,-4,-68,997,-506,6527,-1346,-19,8,2,-16,1,427,6047,1226,-14,0,13787,1539,1457,1650,1633,-135,572,-165,702,-247,485,255,-194,487,87,14,147
22076,-684,-521,-171,78,1217,286,2926,301,18,-55,2,-9,1,427,6047,1223,-9,0,12546,1516,1495,1634,1618,-145,525,-178,642,-240,481,255,-142,545,87,12,147
22126,-1117,-489,-139,-1,780,-2947,3780,-2017,49,-56,2,-9,1,428,6075,1235,9,0,13130,1570,1587,1704,1686,-89,469,-111,580,-185,506,255,-109,575,87,12,149
22176,-578,-359,2,29,654,714,4573,-1346,45,-26,4,-2,1,428,6075,1236,3,0,16216,1585,1555,1681,1666,-183,485,-226,599,-256,487,255,-128,589,88,11,144
22226,-239,-1016,73,19,791,-2337,2132,179,-515,-206,0,-107,-24,427,6047,1221,-14,0,13551,1520,1492,1628,1608,-133,516,-162,630,-263,711,255,-75,541,88,9,153
22276,-488,-1036,-53,224,1249,-39263,15255,1094,-497,-134,0,-108,-6,427,6047,1233,10,0,13948,1515,1548,1672,1607,-150,716,-185,883,-429,1465,255,-29,669,91,6,158
22326,-2015,-188,6,127,826,-33953,9822,179,-464,-80,0,-128,-11,426,6019,1229,-3,0,14109,1525,1484,1621,1635,-134,732,-165,900,-247,1261,255,-72,690,92,5,153
22376,-2910,-661,-100,25,1123,-29254,3475,972,-389,-156,0,-127,-17,423,5934,1228,-19,0,17145,1552,1526,1649,1655,-31,696,-38,855,-146,1085,255,-69,667,92,2,156
22426,-4135,-966,-128,-144,887,-28399,9029,-491,-268,-157,0,-121,-10,427,6047,1237,0,0,13319,1549,1576,1699,1664,-61,590,-75,730,-254,1075,255,-17,646,93,1,156
22476,-4370,-575,103,253,1034,-19244,8358,850,-257,-54,0,-132,-2,428,6075,1238,11,0,13893,1570,1504,1635,1632,-92,561,-114,694,-213,912,255,-28,681,94,1,153
22526,-4300,-395,-6,80,646,-19305,3170,789,-232,-60,0,-123,-4,428,6075,1237,30,0,11142,1538,1529,1678,1643,54,500,67,619,-78,855,255,-44,636,94,1,146
22576,-4940,-554,-84,61,909,-20159,3414,-1651,-147,-76,0,-117,-3,427,6047,1239,10,0,14767,1574,1552,1702,1669,50,517,62,640,-50,734,255,-7,587,93,1,148
22626,-5103,60,-115,-50,1055,-13140,6038,-675,-133,-28,0,-115,-4,427,6047,1239,-17,0,17132,1587,1579,1703,1681,45,327,56,405,-25,498,255,-23,556,92,3,150
22676,-4355,226,104,12,707,-6610,1766,-369,-139,-16,0,-105,-10,427,6047,1224,-17,0,13336,1573,1556,1676,1692,92,272,113,334,0,341,255,-62,426,89,6,147
22726,-4115,4,38,-37,984,-4168,301,-2322,-46,-41,0,-81,-9,429,6104,1236,-1,0,13171,1589,1523,1705,1685,61,275,76,341,-8,228,255,-11,391,87,7,141
22776,-3843,-71,-5,6,946,1263,4451,-2506,-64,-6,0,-81,0,427,6047,1226,42,0,11985,1530,1500,1682,1640,111,72,137,88,51,153,255,24,332,86,11,139
22826,-3109,-801,131,-88,414,-1971,850,-2506,-74,-12,0,-65,5,427,6047,1229,-19,0,15675,1553,1522,1663,1650,105,41,129,50,94,0,255,58,240,85,13,143
22876,-2813,-1115,-47,238,1280,-445,-1285,-491,12,-26,0,-51,15,427,6047,1229,-27,0,14900,1560,1510,1683,1645,168,-116,207,-142,185,-126,255,141,200,84,18,154
22926,-2234,-866,31,105,992,2667,1033,-2811,-7,33,0,-43,21,427,6047,1223,16,0,14361,1487,1473,1653,1630,185,-91,227,-111,187,-136,255,125,131,83,21,148
22976,-1771,-593,-315,82,1212,4437,-2078,-614,27,72,0,-27,30,426,6019,1217,-1,0,13728,1577,1513,1693,1669,167,-147,203,-179,348,-306,255,218,89,83,27,150
23026,-1627,-605,-123,201,1361,7000,-8609,-2261,54,159,0,-21,43,426,6019,1212,22,0,12480,1488,1480,1678,1661,282,-270,342,-327,450,-306,255,233,43,82,31,153
23076,-758,-1016,-80,-121,921,5963,-12149,-2261,7,115,0,-9,41,428,6075,1228,-15,0,16789,1617,1567,1738,1732,366,-228,450,-280,543,-382,255,250,-84,80,36,153
23126,-107,-1504,-195,113,1175,10479,-10684,-3421,66,117,0,8,52,428,6075,1230,20,0,13415,1531,1547,1704,1699,352,-393,433,-484,552,-442,255,266,-120,78,40,155
23176,-631,-2383,107,-253,708,4620,-10684,-1712,119,34,0,19,45,427,6047,1212,-4,0,14664,1514,1510,1682,1680,339,-328,411,-398,441,-526,255,238,-290,74,43,154
23226,-317,-1981,49,-135,1029,11334,-7205,-2506,215,74,0,39,48,428,6075,1240,18,0,15347,1587,1510,1689,1681,272,-452,337,-561,407,-790,255,267,-296,73,45,154
23276,766,-1993,103,24,924,13836,-5496,-3787,174,95,0,46,51,428,6075,1240,-9,0,15630,1570,1566,1707,1713,377,-496,468,-616,495,-717,255,301,-357,70,50,151
23326,914,-1626,-48,-96,904,9869,-11112,-3482,188,175,0,55,64,427,6047,1236,72,0,9748,1507,1385,1616,1626,273,-517,337,-639,492,-892,255,360,-357,69,52,152
23376,1265,-2182,150,6,658,8282,-14163,-308,186,192,0,58,71,428,6075,1234,11,0,15508,1577,1557,1676,1697,360,-704,444,-868,577,-851,255,367,-413,68,59,151
23426,954,-2624,103,-35,878,16583,-13492,-430,275,159,0,71,75,427,6047,1226,9,0,14070,1582,1519,1708,1683,374,-510,458,-626,552,-815,255,396,-456,67,62,152
23476,1332,-2313,-136,47,1316,19818,-8975,-980,273,196,0,75,81,423,5934,1215,4,0,13970,1466,1407,1629,1590,289,-633,352,-769,559,-961,255,475,-462,67,66,153
23526,1671,-2650,-42,231,1066,19024,-10745,-797,235,194,0,70,86,427,6047,1232,-5,0,14474,1557,1564,1646,1675,321,-735,396,-905,603,-959,255,413,-465,68,70,155
23576,1233,-3571,4,-160,892,17803,-12760,-1346,307,60,0,85,74,429,6104,1221,-22,0,15802,1566,1549,1717,1695,368,-580,450,-708,536,-988,255,371,-542,67,74,154
23626,1696,-3283,-98,-175,1032,24578,-4520,-1468,313,57,0,94,71,429,6104,1232,37,0,12555,1518,1419,1617,1630,232,-580,286,-715,369,-1070,255,350,-574,67,75,156
23676,2707,-4209,238,-72,960,20489,-5618,-797,279,-18,0,103,65,428,6075,1236,-21,0,15376,1597,1572,1680,1716,235,-627,290,-775,283,-918,255,254,-626,68,78,155
23726,2697,-4202,196,-265,918,22198,1400,-2506,326,-127,0,117,45,428,6075,1221,-36,0,15638,1537,1503,1676,1672,178,-522,218,-637,153,-912,255,194,-704,67,77,157
23776,2800,-3071,-209,164,1362,33245,4818,-2384,390,-84,0,122,41,428,6075,1222,-8,0,13814,1575,1425,1656,1634,99,-571,122,-698,68,-1114,255,224,-605,67,77,155
23826,3874,-2624,-62,152,1032,24334,-736,-1712,184,-19,0,100,43,426,6019,1233,24,0,12541,1563,1537,1678,1706,80,-498,99,-614,145,-823,255,182,-578,68,77,153
23876,3395,-2449,-7,-97,1041,13592,-1895,-1102,212,-11,0,103,41,428,6075,1240,85,0,11967,1393,1316,1544,1533,77,-382,96,-474,76,-546,255,187,-525,69,76,152
23926,3210,-1926,-77,-83,942,13226,179,-797,178,18,0,93,39,427,6047,1250,43,0,14546,1551,1502,1662,1664,8,-265,10,-331,42,-439,255,188,-463,70,74,146
23976,3102,-1852,-180,-36,1202,8831,-5374,850,124,51,0,80,45,427,6047,1240,62,0,10696,1498,1386,1647,1627,-1,-192,-1,-238,34,-290,255,215,-336,74,72,149
24026,2766,-1823,14,245,1168,1263,-3482,423,34,75,0,51,47,428,6075,1224,-22,0,16672,1564,1533,1674,1689,-40,-139,-49,-171,17,-128,255,198,-249,76,71,149
24076,2102,-2250,53,23,1137,-4290,-980,-3482,4,19,0,38,42,426,6019,1202,-57,0,15250,1592,1527,1716,1709,62,32,74,39,42,118,255,137,-128,78,69,142
24126,1373,-2088,-35,-73,880,-1605,2254,-2384,-26,-26,0,20,32,428,6075,1213,-19,0,12543,1619,1554,1724,1723,-1,82,-1,99,-25,68,255,140,-117,80,67,146
24176,717,-2447,199,-47,648,-5206,5855,-1224,5,-35,0,15,30,426,6019,1211,-78,0,15393,1653,1621,1762,1767,8,67,9,82,-87,195,255,26,-54,81,64,140
24226,-291,-1672,81,-263,966,-4229,3536,-1041,35,-95,0,7,9,428,6075,1195,-65,0,15292,1642,1525,1755,1728,-10,288,-12,344,-126,193,255,49,-6,81,60,146
24276,76,-1196,-98,241,1349,-5755,8785,-2567,-33,-10,0,-8,21,428,6075,1175,-47,0,16630,1549,1498,1702,1671,-74,286,-87,336,-170,383,255,-10,147,83,57,150
24326,-253,-463,-145,-157,1500,-6304,4512,-2506,-120,6,0,-25,11,427,6047,1184,-14,0,15715,1521,1446,1665,1656,-91,434,-107,513,-136,577,255,-21,178,84,53,154
24376,-383,-409,86,121,1382,-8319,3292,-1346,-149,-47,0,-37,-3,427,6047,1187,30,0,12598,1471,1485,1653,1633,-40,487,-47,578,-151,734,255,-27,229,84,47,151
24426,-1846,-888,-96,-58,733,-19915,1888,-1346,-128,-44,0,-55,9,428,6075,1182,-21,0,15993,1615,1585,1737,1733,-137,515,-162,609,-153,767,255,17,348,86,43,154
24476,-2125,-858,-99,95,1123,-16436,4207,-3360,-195,-34,0,-77,10,427,6047,1181,0,0,15221,1506,1499,1685,1660,-193,670,-228,792,-213,930,255,-49,449,88,38,154
24526,-2311,-737,-169,-70,1240,-22967,4146,-1224,-243,-98,0,-86,-3,427,6047,1180,6,0,14528,1505,1493,1666,1639,-107,604,-126,713,-194,988,255,-62,462,89,35,156
24576,-2715,-312,-126,94,1147,-24127,7930,-1041,-222,-66,0,-92,-4,428,6075,1176,30,0,12758,1600,1597,1719,1721,-179,724,-211,851,-272,1115,255,-153,489,90,30,158
24626,-3007,-193,78,-147,1058,-22601,4329,-186,-214,-123,0,-91,-22,428,6075,1173,10,0,13688,1468,1412,1637,1625,-132,731,-155,857,-262,1031,255,-153,534,90,27,159
24676,-3442,-156,88,-46,1355,-16253,7930,2681,-224,-88,0,-104,-15,427,6047,1175,-24,0,16537,1569,1535,1702,1689,-165,687,-194,807,-322,1001,255,-142,591,92,23,159
24726,-3069,200,220,196,722,-18756,8175,179,-265,-44,0,-111,-17,428,6075,1175,12,0,13570,1473,1476,1628,1628,-219,694,-257,815,-332,1140,255,-134,614,93,21,156
24776,-4020,127,-57,-10,691,-26324,4268,301,-264,-54,0,-121,-11,427,6047,1184,13,0,12568,1513,1462,1662,1640,-150,741,-178,878,-265,1114,255,-77,728,94,18,155
24826,-4389,122,2,30,1149,-20526,4390,-247,-311,-55,0,-139,-12,427,6047,1178,14,0,13856,1502,1457,1644,1636,-135,769,-159,906,-210,1164,255,-127,715,95,16,155
24876,-4350,-7,119,7,1003,-21807,4757,423,-300,-85,0,-135,-19,427,6047,1178,59,0,12699,1460,1451,1626,1593,-185,702,-218,827,-300,1089,255,-124,696,96,15,154
24926,-4697,201,-174,88,1193,-22967,8602,789,-269,-92,0,-137,-18,427,6047,1190,19,0,14692,1578,1562,1698,1681,-150,676,-179,805,-247,1066,255,-142,719,96,13,157
24976,-4892,-63,-105,81,1082,-24432,6710,-430,-302,-139,0,-147,-24,427,6047,1196,99,0,10934,1474,1479,1643,1623,-130,559,-155,669,-269,925,255,-189,689,96,13,158
25026,-4572,296,103,49,773,-21014,7930,362,-268,-127,0,-134,-32,429,6104,1200,17,0,14423,1587,1593,1717,1691,-158,543,-190,652,-331,919,255,-220,634,96,13,155
25076,-4480,-14,154,-33,482,-18084,8114,57,-259,-110,0,-128,-27,427,6047,1210,46,0,12199,1542,1482,1644,1630,-151,419,-183,508,-307,724,255,-132,636,96,14,155
25126,-4709,-361,5,180,958,-18572,6893,3109,-221,-88,0,-130,-10,427,6047,1205,13,0,13744,1549,1559,1696,1643,-85,357,-103,431,-280,638,255,-65,629,96,15,153
25176,-4999,135,-21,-67,1126,-16802,9822,-1895,-203,-10,0,-127,-3,427,6047,1185,-16,0,15788,1614,1601,1731,1717,-85,289,-101,342,-136,498,255,-68,536,96,18,156
25226,-4535,241,67,-12,891,-9844,667,-1102,-132,-1,0,-106,-6,427,6047,1194,-17,0,15984,1464,1450,1626,1618,-51,257,-61,307,-60,385,255,-44,484,97,20,149
25276,-4412,-151,-60,120,898,-4840,-1285,1033,-76,22,0,-96,8,428,6075,1198,-41,0,14343,1578,1541,1713,1693,0,212,0,254,-28,192,255,27,466,97,23,144
25326,-4142,2,52,-102,699,-3375,-1956,-1407,-95,46,0,-89,7,427,6047,1189,-63,0,16363,1580,1563,1729,1721,-1,39,-1,47,29,98,255,28,344,98,27,140
25376,-3606,-852,-22,-49,959,-3619,-2750,-1956,-69,1,0,-76,15,427,6047,1171,-55,0,16752,1619,1576,1724,1720,-24,-37,-28,-44,17,-102,255,22,277,98,32,149
25426,-2876,-914,297,-117,1103,4315,-1956,-2445,-4,-17,0,-50,7,427,6047,1187,14,0,11881,1469,1464,1657,1656,-36,-243,-43,-289,0,-251,255,-10,114,98,36,151
25476,-2293,-749,56,3,1271,7794,301,118,88,-45,0,-23,3,427,6047,1175,-18,0,16555,1530,1482,1669,1647,47,-203,55,-239,38,-389,255,3,-36,98,40,141
25526,-1861,-1224,51,-237,819,12066,2315,-2261,128,-55,0,-2,9,428,6075,1164,-76,0,15886,1632,1599,1778,1781,53,-296,62,-345,51,-470,255,-22,-73,97,44,150
25576,-1157,-674,-82,-259,791,12493,1217,-2689,135,-76,0,11,-1,427,6047,1173,-3,0,12442,1547,1484,1702,1678,86,-336,101,-395,0,-675,255,-11,-237,95,47,151
25626,-201,-566,-37,-118,972,16705,3353,-1285,157,0,0,28,11,429,6104,1171,50,0,13342,1450,1455,1660,1607,109,-544,127,-637,19,-725,255,33,-262,95,50,149
25676,210,243,-278,-69,975,10357,1461,-2384,165,67,0,37,14,426,6019,1173,37,0,12914,1494,1492,1662,1657,87,-482,102,-566,153,-707,255,120,-283,94,55,149
25726,-157,-628,110,-145,509,12677,-6656,-797,200,149,0,41,36,428,6075,1184,32,0,14064,1546,1499,1711,1693,208,-550,246,-651,321,-761,255,165,-308,94,60,153
25776,356,-966,-151,-65,1203,19329,-8792,-1346,224,78,0,50,34,426,6019,1168,-2,0,12685,1503,1455,1668,1662,209,-631,244,-737,306,-979,255,186,-407,93,65,153
25826,344,-1923,214,-240,1219,16033,-5069,-3,272,90,0,63,48,428,6075,1185,18,0,14335,1534,1491,1693,1668,256,-650,304,-771,324,-906,255,200,-401,93,70,151
25876,526,-1901,74,-238,1106,22015,-2628,-675,309,39,0,73,40,427,6047,1201,51,0,12987,1499,1428,1666,1637,182,-661,219,-794,253,-1096,255,184,-589,92,76,153
25926,1759,-2330,52,-29,1082,21099,-2384,1339,343,24,0,98,45,427,6047,1187,-29,0,16160,1590,1538,1721,1711,199,-658,236,-781,255,-1073,255,207,-609,92,77,154
25976,1912,-2547,403,2,1084,26531,-1895,-491,334,23,0,98,42,427,6047,1182,-17,0,14045,1554,1431,1683,1653,266,-731,315,-865,215,-1167,255,164,-695,90,80,153
26026,2939,-1921,-79,95,972,27264,2803,57,392,28,0,126,41,427,6047,1184,-13,0,14055,1577,1526,1719,1680,250,-708,296,-838,161,-1153,255,191,-733,89,82,151
26076,3201,-1693,252,27,610,23358,240,1217,352,106,0,124,43,428,6075,1183,-16,0,12878,1561,1425,1687,1658,266,-719,315,-850,222,-1130,255,176,-774,87,83,153
26126,3892,-1237,-20,73,1137,21832,-1163,1522,342,121,0,134,46,428,6075,1205,68,0,11561,1561,1466,1687,1628,313,-647,377,-780,262,-1081,255,209,-729,85,84,155
26176,4021,-1255,95,20,478,20611,-4581,1278,284,146,0,125,47,428,6075,1197,28,0,13815,1564,1487,1688,1671,327,-666,391,-798,465,-940,255,188,-751,82,85,152
26226,4656,-1055,34,300,1001,9625,-10928,2193,278,156,0,131,48,427,6047,1201,3,0,14164,1506,1504,1656,1635,415,-596,499,-716,611,-807,255,255,-786,79,85,153
26276,3887,-1527,81,80,1337,7794,-7755,728,330,188,0,133,62,429,6104,1204,12,0,13566,1534,1506,1669,1629,404,-609,487,-733,638,-814,255,335,-713,76,84,151
26326,3323,-2267,-1,-73,971,18231,-6229,1094,330,142,0,125,68,427,6047,1201,-3,0,14174,1525,1525,1675,1659,447,-600,537,-721,619,-849,255,309,-726,74,84,153
26376,3726,-2594,71,-20,1205,12249,-5740,1705,348,123,0,135,69,427,6047,1210,1,0,15930,1579,1512,1703,1671,420,-581,508,-704,511,-853,255,371,-735,70,82,153
26426,3388,-2890,64,-267,1033,18780,-5985,2132,305,148,0,125,79,427,6047,1210,17,0,14121,1555,1518,1665,1660,396,-480,479,-580,524,-699,255,326,-653,69,81,155
26476,3291,-2901,-36,-158,1086,15118,-11844,2437,316,89,0,123,69,427,6047,1205,29,0,11609,1494,1458,1647,1640,487,-278,587,-335,638,-553,255,355,-645,65,78,156
26526,3648,-3463,83,14,1046,10418,-7999,3597,222,118,0,108,83,428,6075,1197,-49,0,16970,1619,1554,1746,1684,490,-206,587,-247,577,-415,255,431,-520,64,74,154
26576,3220,-3240,-52,111,1243,12066,-4764,179,158,208,0,86,99,428,6075,1193,-63,0,13566,1564,1563,1725,1673,449,-133,536,-159,603,-214,255,450,-343,63,72,154
26626,2754,-2763,64,140,1610,4437,-12821,-675,82,229,0,63,93,427,6047,1198,22,0,12584,1453,1406,1598,1584,368,-128,441,-154,640,-230,255,457,-336,62,70,152
26676,3062,-3047,199,104,734,3704,-11966,1278,27,245,0,56,97,427,6047,1183,-47,0,15350,1571,1509,1685,1657,478,34,566,40,738,127,255,403,-224,61,68,148
26726,2654,-3012,128,0,977,-4412,-16116,1949,-49,196,0,37,88,427,6047,1196,-56,0,16863,1620,1561,1751,1739,455,133,545,159,714,166,255,415,-155,59,64,150
26776,2099,-3148,153,62,1566,-3558,-9647,-614,-59,220,0,25,97,426,6019,1177,5,0,11910,1437,1412,1645,1572,392,160,461,189,611,322,255,384,-63,57,60,148
26826,1436,-2791,114,-262,1048,-8380,-15018,-614,-82,175,0,14,81,428,6075,1181,-7,0,16091,1518,1481,1625,1645,331,243,391,287,666,376,255,372,-38,57,56,152
26876,575,-3201,33,55,962,-14239,-16239,-308,-58,148,0,-1,84,427,6047,1188,-4,0,13528,1587,1610,1720,1737,339,305,403,362,595,561,255,329,62,55,51,147
26926,109,-3469,209,-44,909,-13812,-15384,-858,-103,79,0,-16,71,427,6047,1189,2,0,13743,1589,1515,1691,1674,343,432,407,513,519,554,255,270,110,54,47,150
26976,-985,-3615,22,158,1188,-10272,-10013,850,5,23,0,-18,67,427,6047,1188,-4,0,17084,1523,1504,1693,1674,239,485,284,576,416,620,255,319,251,54,41,148
27026,-1328,-3619,-30,85,1371,-9051,-8182,1217,-124,41,0,-49,72,427,6047,1182,9,0,12683,1430,1471,1666,1662,203,384,240,454,341,683,255,274,289,54,40,150
27076,-1333,-3379,-114,67,988,-17596,-6229,789,-188,-4,0,-61,61,428,6075,1187,11,0,13808,1544,1551,1674,1675,117,539,139,640,280,825,255,242,374,55,35,151
27126,-1520,-3373,-194,153,789,-18572,-4398,-1163,-236,-28,0,-76,58,429,6104,1184,26,0,13069,1584,1593,1701,1720,-5,490,-6,580,119,819,255,180,420,57,33,153
27176,-1654,-3106,86,-169,851,-18756,-4642,911,-266,-48,0,-77,43,427,6047,1170,-7,0,15045,1496,1506,1639,1665,27,615,32,720,42,912,255,79,411,59,28,148
27226,-2278,-3430,173,-149,1208,-17108,301,667,-194,-146,0,-75,28,427,6047,1176,-16,0,15086,1563,1514,1686,1682,-93,729,-109,858,-156,941,244,28,443,60,24,155
27276,-2527,-2824,35,135,1066,-12835,9334,-736,-210,-142,0,-88,21,427,6047,1179,13,0,13410,1524,1513,1661,1644,-137,674,-162,795,-326,952,255,-44,532,62,19,156
27326,-2578,-2796,147,17,411,-18634,12203,-1102,-275,-178,0,-100,8,428,6075,1191,-7,0,16069,1573,1568,1696,1689,-246,676,-293,805,-443,989,244,-48,540,64,16,157
27376,-3183,-2385,-110,306,1377,-18878,12020,606,-245,-175,0,-108,9,427,6047,1168,-41,0,17305,1558,1534,1703,1672,-357,706,-417,825,-550,999,255,-72,656,69,12,159
27426,-3141,-882,-8,336,1075,-15582,13790,1644,-331,-100,0,-127,-2,426,6019,1164,-67,0,16530,1550,1531,1714,1698,-358,580,-416,675,-612,943,255,-170,685,72,13,159
27476,-3205,-300,75,-12,1297,-22113,14278,-1285,-354,-127,0,-125,-20,428,6075,1160,-24,0,13849,1503,1528,1697,1660,-410,598,-476,694,-644,980,244,-223,604,75,11,161
27526,-3310,421,124,21,1199,-16619,17025,484,-292,-138,0,-116,-35,427,6047,1166,31,0,11196,1515,1482,1646,1625,-385,652,-449,760,-655,949,255,-322,590,77,9,156
27576,-3836,610,-212,142,976,-17291,14217,-369,-195,-178,0,-108,-40,427,6047,1175,21,0,14131,1606,1568,1725,1703,-464,561,-545,659,-712,781,255,-345,592,80,8,158
27626,-3842,854,-7,-70,877,-12347,16353,-2017,-236,-178,0,-112,-49,428,6075,1164,24,0,13826,1497,1539,1682,1653,-463,397,-539,463,-787,699,244,-411,533,81,8,157
27676,-3770,757,-105,36,960,-17901,16475,972,-184,-273,0,-103,-64,427,6047,1161,-5,0,15368,1541,1563,1691,1659,-491,435,-571,505,-834,607,255,-419,456,83,7,156
27726,-3778,895,-136,137,803,-11920,19893,-919,-140,-248,0,-97,-60,428,6075,1185,42,0,11349,1599,1589,1723,1697,-513,419,-608,497,-859,561,255,-436,494,84,6,157
27776,-3378,1083,-12,-124,1044,-10577,19222,484,-191,-242,0,-95,-65,428,6075,1198,78,0,10818,1462,1419,1629,1588,-493,342,-590,409,-878,452,255,-412,420,86,7,158
27826,-3306,1284,-73,35,562,-6976,16903,1949,-129,-206,0,-85,-60,427,6047,1190,-27,0,17031,1583,1570,1717,1681,-494,271,-588,323,-796,347,255,-424,408,88,8,156
27876,-2732,1884,-48,-17,863,-5023,13668,1033,-176,-188,0,-83,-68,428,6075,1178,5,0,11444,1549,1520,1679,1665,-379,196,-447,231,-664,315,255,-503,344,88,11,156
27926,-2798,1983,65,-171,645,-5816,15865,972,-106,-212,0,-65,-78,427,6047,1196,26,0,14696,1546,1519,1681,1619,-330,195,-395,234,-619,237,255,-448,256,88,11,156
27976,-2019,2703,-17,327,1090,-2764,11043,2742,-89,-104,0,-59,-67,427,6047,1194,9,0,12551,1511,1462,1624,1615,-416,53,-497,64,-501,136,255,-459,228,88,13,154
28026,-2278,2151,119,108,1214,-2154,7381,1522,-32,-157,0,-48,-71,427,6047,1195,-1,0,14552,1560,1554,1685,1650,-331,85,-396,101,-495,136,255,-459,175,87,15,155
28076,-2712,1614,2,-287,1453,5535,13179,1339,78,-214,0,-29,-70,427,6047,1195,61,0,10690,1463,1441,1628,1576,-339,-43,-405,-52,-544,-213,255,-409,23,87,16,154
28126,-1573,1616,-271,-124,621,10174,12935,2315,80,-205,0,-8,-60,427,6047,1206,-10,0,14994,1605,1598,1709,1691,-341,-256,-411,-308,-514,-419,255,-367,-39,88,18,160
28176,-844,1010,-8,89,876,9136,8297,789,61,-190,0,-5,-55,427,6047,1199,-23,0,13157,1609,1575,1733,1698,-162,-275,-194,-330,-340,-408,255,-346,-62,87,22,152
28226,-619,1018,-15,8,943,12493,10677,1278,98,-174,0,7,-51,427,6047,1185,1,0,11476,1484,1419,1623,1579,-197,-243,-234,-288,-373,-491,255,-293,-145,86,23,153
28276,71,1181,54,199,1148,10540,6710,2193,106,-96,0,18,-40,427,6047,1198,-16,0,14174,1591,1524,1685,1675,-87,-315,-104,-377,-119,-588,255,-234,-194,84,27,154
28326,416,696,-80,140,1141,18658,4635,179,151,-118,0,33,-34,428,6075,1183,-44,0,13612,1508,1528,1691,1655,56,-382,66,-451,-34,-513,255,-233,-259,82,29,151
28376,206,754,76,-93,1148,17498,3719,667,202,-86,0,44,-31,427,6047,1209,29,0,11846,1504,1443,1651,1605,63,-525,77,-635,0,-853,255,-148,-362,78,32,146
28426,1021,457,3,84,809,20977,4390,545,214,-59,0,57,-19,428,6075,1184,-15,0,17049,1608,1625,1714,1713,32,-549,38,-650,42,-792,255,-157,-403,76,34,146
28476,874,2,77,-247,1068,20306,972,118,261,-109,0,70,-23,428,6075,1195,-55,0,17924,1566,1565,1723,1709,90,-473,108,-565,76,-827,255,-119,-532,72,36,148
28526,1514,217,47,84,1648,25921,1339,-1285,319,-16,0,87,-7,428,6075,1209,79,0,11226,1405,1310,1547,1537,165,-537,199,-649,204,-981,255,-95,-500,69,37,150
28576,2451,-451,61,-51,349,23419,-4703,3231,233,-65,0,91,-9,427,6047,1195,-62,0,18061,1618,1630,1723,1740,253,-465,302,-556,362,-666,255,-35,-582,63,38,152
28626,2370,-1196,219,-173,869,12371,-6290,-491,286,-42,0,102,7,427,6047,1183,-87,0,17940,1658,1575,1765,1739,359,-405,424,-480,425,-799,255,40,-611,59,38,154
28676,2803,-834,-90,14,994,24517,-4398,-3,297,57,0,107,27,427,6047,1199,-6,0,12445,1575,1509,1715,1684,408,-551,489,-660,518,-874,255,175,-558,53,37,149
28726,3015,-811,-64,-11,1018,17803,-12210,-797,192,172,0,90,49,428,6075,1189,19,0,11926,1552,1476,1645,1644,462,-507,550,-603,738,-857,255,286,-517,50,38,154
28776,3249,-1995,145,63,807,6756,-18802,-980,136,182,0,83,66,427,6047,1195,38,0,11224,1521,1516,1641,1659,513,-511,613,-611,857,-509,255,335,-463,47,39,152
28826,2227,-2686,127,-14,878,8587,-15628,240,185,133,0,76,70,427,6047,1191,-26,0,16450,1642,1605,1714,1716,525,-353,626,-421,798,-535,255,340,-470,43,39,153
28876,1717,-3109,25,-49,1143,13958,-10379,-797,274,111,0,85,76,430,6132,1189,0,0,15470,1558,1488,1666,1646,579,-285,689,-339,785,-631,255,391,-462,38,37,153
28926,2391,-2926,82,-3,1466,18475,-10379,-858,201,163,0,81,82,427,6047,1207,33,0,16186,1483,1459,1614,1623,550,-361,664,-436,763,-594,255,383,-458,36,36,153
28976,2304,-3438,-15,-131,701,10906,-11783,911,184,93,0,80,79,428,6075,1192,7,0,14972,1532,1538,1663,1660,626,-125,746,-149,795,-307,255,372,-428,30,34,152
29026,1879,-3567,-48,-312,798,5047,-10318,-247,181,119,0,77,87,426,6019,1211,61,0,11458,1587,1548,1694,1691,618,-144,748,-174,810,-315,255,461,-415,27,31,154
29076,1701,-3720,-18,-216,863,4315,-13187,-430,133,193,0,61,104,427,6047,1196,-35,0,19032,1610,1577,1681,1691,690,-206,825,-246,933,-239,255,526,-260,23,28,156
29126,1485,-3595,-48,28,1103,164,-14896,728,79,230,0,41,109,427,6047,1184,-39,0,14272,1573,1564,1695,1691,728,11,862,13,1019,50,255,539,-214,19,26,147
29176,1272,-3609,209,-74,836,-79,-16116,728,75,282,0,39,114,427,6047,1184,-30,0,15306,1614,1557,1696,1696,683,-46,808,-55,995,29,255,608,-157,14,23,148
29226,670,-3984,-250,24,1291,-1727,-18619,1339,66,322,0,24,137,426,6019,1186,44,0,13269,1482,1426,1603,1592,717,164,851,195,1040,155,255,701,-70,13,21,151
29276,432,-4374,-67,128,698,-4595,-19412,1156,-22,315,0,0,141,427,6047,1188,-5,0,17211,1584,1590,1671,1685,654,148,777,176,1023,238,255,658,29,11,18,149
29326,508,-4645,112,78,1016,-10577,-20755,2620,-98,304,0,-11,139,426,6019,1191,18,0,13235,1469,1486,1599,1586,688,121,819,144,997,351,255,661,67,9,17,150
29376,83,-4783,18,24,827,-12042,-18985,2437,-79,269,0,-13,136,427,6047,1194,13,0,13309,1572,1525,1641,1653,597,277,713,331,904,486,255,665,148,9,15,148
29426,-658,-5225,-75,77,1076,-12469,-19290,1400,-111,277,0,-34,148,427,6047,1187,-35,0,16636,1603,1555,1688,1690,573,396,680,470,861,529,255,716,236,9,13,154
29476,-1343,-5266,-277,-71,805,-15216,-19046,1400,-163,260,0,-53,151,427,6047,1172,-53,0,15647,1628,1650,1730,1736,494,375,579,440,796,602,255,682,314,10,10,157
29526,-1236,-5191,31,-24,925,-13446,-19412,1888,-156,225,0,-51,135,426,6019,1176,7,0,13316,1540,1497,1620,1645,417,445,491,524,724,705,255,599,274,12,8,152
29576,-1622,-4727,-124,-130,802,-14727,-16544,3475,-170,219,0,-58,129,428,6075,1179,2,0,15028,1564,1548,1664,1662,426,428,502,504,644,678,255,579,312,13,5,155
29626,-1470,-4759,69,78,1399,-11248,-12943,3353,-171,218,0,-60,126,427,6047,1212,80,0,14080,1474,1414,1571,1584,334,571,405,692,559,775,255,504,361,14,2,153
29676,-1664,-4266,-83,130,1110,-9234,-9158,423,-203,153,0,-71,107,427,6047,1192,33,0,13249,1507,1556,1620,1652,257,534,307,637,417,767,255,397,371,16,0,152
29726,-1982,-4027,88,-81,553,-18756,-5679,-736,-205,108,0,-71,89,428,6075,1187,6,0,13364,1621,1599,1709,1701,168,542,200,644,256,811,255,313,362,17,-3,151
29776,-1654,-3170,-116,179,1163,-12469,-2689,911,-174,87,0,-66,75,427,6047,1183,-26,0,13791,1559,1540,1647,1636,-60,422,-71,499,25,699,255,189,326,20,-7,153
29826,-1634,-2924,129,-158,1223,-10882,-247,57,-174,22,0,-60,54,429,6104,1197,9,0,15194,1511,1480,1635,1625,19,534,22,639,0,732,255,159,318,22,-9,146
29876,-1561,-2549,-91,-91,1052,-8746,6038,-430,-229,11,0,-71,49,428,6075,1177,-45,0,15920,1595,1585,1707,1706,-84,517,-99,609,-204,702,255,71,384,25,-12,153
29926,-1397,-2002,148,-24,992,-13690,5855,179,-263,-28,0,-75,27,427,6047,1175,-18,0,12254,1536,1538,1666,1668,-226,509,-266,598,-339,780,255,-21,367,27,-14,156
29976,-1950,-1501,157,-184,856,-14910,10555,-614,-212,-13,0,-71,21,426,6019,1177,-23,0,13746,1576,1536,1719,1666,-360,493,-423,580,-594,721,255,-46,430,32,-16,159
30026,-2335,-877,36,220,1129,-12103,16109,-1285,-234,-28,0,-91,10,427,6047,1186,19,0,14237,1494,1505,1659,1614,-379,382,-449,454,-666,640,255,-105,453,36,-17,158
30076,-2437,-464,97,-63,663,-17047,14278,-1529,-242,-33,0,-88,0,426,6019,1173,-5,0,14552,1540,1510,1663,1640,-449,371,-527,435,-647,647,255,-139,464,41,-17,156
30126,-2913,-604,-84,317,1065,-16375,7869,911,-204,-77,0,-97,-2,427,6047,1167,-3,0,16071,1582,1530,1688,1688,-464,494,-541,577,-614,639,255,-186,532,45,-17,156
30176,-3231,-277,-78,55,1068,-11492,9517,-125,-222,-108,0,-102,-14,428,6075,1195,42,0,12783,1472,1530,1670,1625,-515,338,-615,405,-730,567,255,-283,449,50,-15,159
30226,-3163,-113,-64,-18,1306,-15582,12081,-797,-132,-215,0,-81,-39,429,6104,1189,50,0,15102,1509,1525,1648,1640,-586,240,-696,286,-803,376,255,-394,338,54,-15,160
30276,-2813,950,-137,92,1194,-8929,15987,-858,-102,-230,0,-71,-59,426,6019,1180,-8,0,14038,1587,1556,1682,1664,-646,178,-763,211,-926,188,255,-456,275,57,-15,158
30326,-2109,1118,81,122,696,-3619,15560,1278,-108,-208,0,-62,-62,426,6019,1171,-66,0,16469,1662,1615,1754,1733,-678,257,-794,301,-982,269,255,-478,288,60,-15,158
30376,-2190,1210,202,-246,867,225,17086,-552,-119,-245,0,-57,-73,427,6047,1186,-3,0,11871,1546,1504,1691,1655,-509,-7,-603,-9,-876,-9,214,-590,167,63,-13,154
30426,-1402,1700,71,287,1373,164,23311,-675,-77,-297,0,-44,-88,427,6047,1187,24,0,12130,1499,1428,1602,1563,-741,49,-879,59,-1147,-47,234,-609,171,65,-12,154
30476,-1082,1920,119,-10,593,1873,22701,606,-112,-330,0,-41,-102,429,6104,1182,5,0,13610,1587,1532,1693,1659,-749,-98,-885,-116,-1125,-117,255,-752,90,68,-9,157
30526,-411,3019,-157,241,941,-811,23250,789,-52,-385,0,-22,-125,428,6075,1182,-20,0,16244,1584,1530,1707,1672,-719,-12,-850,-14,-1161,-127,244,-784,16,69,-9,157
30576,74,3594,3,89,1119,2911,25631,-64,-29,-301,0,-6,-122,428,6075,1197,-56,0,19217,1564,1557,1740,1689,-745,-134,-892,-160,-1155,-222,255,-772,0,70,-7,152
30626,65,4215,-173,64,1193,12127,20931,-186,10,-309,0,1,-132,429,6104,1196,61,0,11223,1510,1438,1613,1575,-705,-187,-843,-224,-1082,-417,255,-811,-114,71,-5,157
30676,877,3969,46,133,972,10968,20687,-247,-10,-301,0,9,-130,428,6075,1198,1,0,16025,1536,1509,1659,1628,-679,-363,-814,-434,-1051,-453,255,-810,-120,72,-3,156
30726,1004,4548,3,124,1025,5841,21480,423,12,-278,0,17,-134,428,6075,1181,-22,0,15806,1564,1547,1695,1673,-627,-235,-740,-277,-943,-306,255,-792,-209,71,-1,156
30776,1052,4733,-43,-2,1413,1141,18123,-430,64,-244,0,31,-130,428,6075,1202,44,0,11716,1474,1445,1626,1576,-603,-295,-725,-354,-917,-407,255,-711,-241,70,0,156
30826,1164,4743,32,32,505,5108,16414,728,85,-180,0,36,-120,427,6047,1209,27,0,14607,1547,1512,1655,1651,-519,-277,-627,-334,-734,-384,255,-713,-295,70,0,153
30876,1186,4030,78,37,872,4193,6893,728,162,-233,0,52,-119,428,6075,1208,32,0,14496,1513,1484,1642,1631,-423,-340,-511,-411,-583,-505,255,-646,-372,67,0,153
30926,1535,3148,111,-145,1178,7550,10006,2132,160,-213,0,61,-99,428,6075,1192,-65,0,16622,1594,1546,1727,1683,-423,-414,-505,-493,-633,-565,255,-551,-348,67,1,159
30976,1386,2401,58,-47,1108,13836,16536,-1041,154,-207,0,55,-83,427,6047,1205,-9,0,11421,1499,1453,1653,1597,-375,-548,-452,-661,-593,-729,255,-495,-363,66,5,158
31026,1494,2288,64,36,1361,14141,11654,-1041,191,-177,0,63,-76,428,6075,1202,-9,0,13686,1527,1519,1667,1638,-359,-649,-432,-781,-505,-848,255,-418,-393,66,8,157
31076,1118,1289,178,21,921,12677,9456,423,218,-185,0,61,-63,428,6075,1204,-28,0,13380,1614,1553,1707,1697,-126,-578,-152,-696,-221,-750,255,-358,-439,63,12,156
31126,928,1089,30,-104,1283,17437,4512,-308,304,-192,0,77,-58,428,6075,1207,14,0,14944,1488,1440,1627,1594,-65,-545,-78,-658,-156,-873,255,-304,-472,61,14,155
31176,1593,637,12,-48,1206,23052,7076,-308,296,-145,0,86,-39,428,6075,1209,2,0,15808,1447,1445,1629,1586,19,-680,23,-822,0,-1003,255,-208,-521,57,18,149
31226,1218,192,12,-191,1044,22808,1644,-2078,364,-144,0,96,-32,429,6104,1203,-11,0,14868,1550,1549,1674,1670,58,-608,70,-732,59,-897,255,-220,-575,54,20,153
31276,2008,-66,-45,-110,950,19024,1705,-2139,367,-144,0,110,-26,427,6047,1192,0,0,14631,1539,1523,1679,1668,187,-624,223,-744,135,-962,255,-85,-623,50,21,154
31326,2197,-277,168,28,924,21832,2071,-1407,346,-40,0,105,-6,427,6047,1211,21,0,11337,1525,1515,1651,1664,198,-694,240,-840,263,-1063,255,-64,-639,47,22,153
31376,2495,37,13,-157,1082,19818,-5985,-1956,371,-1,0,119,-1,426,6019,1217,46,0,9738,1475,1400,1600,1594,369,-585,449,-711,475,-968,255,51,-708,40,22,150
31426,2689,-478,-90,-34,855,18353,-5740,-308,373,72,0,121,24,430,6132,1223,-6,0,16911,1570,1573,1715,1695,487,-513,596,-627,660,-805,255,177,-662,36,21,152
31476,2802,-625,138,-38,1153,18963,-8243,-2750,335,195,0,116,47,428,6075,1213,-16,0,15441,1587,1517,1726,1694,505,-500,612,-606,799,-799,255,273,-617,31,20,156
31526,3652,-1269,275,-6,1230,20916,-16788,-1712,247,207,0,112,58,428,6075,1213,29,0,12983,1506,1453,1633,1642,592,-433,718,-525,909,-782,255,310,-625,27,19,156
31576,3657,-2128,171,192,793,12249,-17825,-369,280,211,0,115,74,428,6075,1199,-51,0,17373,1606,1599,1728,1720,711,-302,852,-362,1017,-470,255,436,-547,20,17,157
31626,3242,-2311,174,14,995,10845,-17154,-1895,191,238,0,94,83,429,6104,1182,-43,0,14608,1578,1501,1712,1702,747,-155,884,-184,1039,-400,255,429,-492,16,14,156
31676,2707,-2858,-259,76,1235,11456,-18680,-1773,230,219,0,92,97,429,6104,1199,-27,0,15294,1570,1509,1711,1679,796,-204,954,-245,1139,-353,255,581,-326,11,11,158
31726,2903,-2997,-14,50,918,7550,-19595,-1712,29,310,0,55,114,429,6104,1186,-28,0,13695,1568,1570,1719,1716,819,-190,972,-225,1225,-194,255,598,-319,7,10,154
31776,2747,-3588,27,33,1216,-5450,-22037,-1407,53,348,0,59,131,427,6047,1187,22,0,11937,1530,1541,1697,1680,885,-51,1051,-61,1382,85,255,722,-245,2,7,150
31826,2181,-4130,182,-51,1166,-3619,-24722,-308,15,362,0,43,140,429,6104,1178,-32,0,17051,1539,1481,1661,1666,992,122,1168,144,1461,136,255,708,-202,-1,4,154
31876,1400,-4738,-65,153,1020,-3985,-29727,-980,87,313,0,39,145,429,6104,1183,-24,0,16951,1582,1578,1713,1737,889,180,1051,213,1425,151,255,802,-102,-6,0,154
31926,926,-4972,12,199,1278,-3558,-30765,-2139,-3,404,0,12,166,427,6047,1190,14,0,13767,1469,1483,1652,1666,933,152,1110,181,1483,324,255,828,-7,-8,-2,151
31976,647,-5227,21,-83,1207,-10394,-33328,57,-77,378,0,-1,165,429,6104,1176,32,0,14091,1542,1546,1675,1704,889,314,1045,369,1497,489,255,874,62,-12,-7,151
32026,178,-5595,28,-21,1299,-11248,-31192,-1285,-101,397,0,-15,175,428,6075,1164,23,0,15031,1522,1539,1648,1689,839,254,977,296,1442,472,255,852,117,-13,-9,156
32076,-116,-6116,136,71,610,-11126,-31802,362,-100,341,0,-23,170,428,6075,1178,15,0,15309,1526,1519,1618,1687,829,373,976,440,1333,521,255,761,157,-16,-13,155
32126,-590,-6800,203,15,793,-10028,-28690,-1773,-105,225,0,-31,158,428,6075,1188,50,0,13327,1535,1470,1646,1675,768,522,912,621,1205,597,255,776,230,-18,-16,157
32176,-1069,-6835,-163,100,929,-8441,-19595,484,-104,196,0,-41,162,428,6075,1191,5,0,17022,1601,1568,1712,1730,607,527,723,628,959,673,255,798,333,-18,-20,155
32226,-1155,-6489,-110,271,1226,-12164,-19046,-308,-189,249,0,-61,165,429,6104,1176,9,0,13323,1555,1541,1680,1716,517,506,608,595,844,767,255,736,402,-16,-22,158
32276,-1670,-5821,113,-227,644,-18572,-19290,179,-260,235,0,-73,145,429,6104,1167,11,0,13627,1536,1551,1673,1714,461,501,538,585,717,834,255,554,387,-15,-25,157
32326,-2315,-5965,138,-210,489,-17718,-14713,1156,-201,90,0,-71,117,428,6075,1162,-16,0,16655,1613,1586,1721,1729,434,739,504,859,589,949,255,530,399,-15,-29,158
32376,-2735,-5518,-238,254,1191,-11798,-5313,2193,-140,97,0,-80,121,428,6075,1167,17,0,13985,1570,1528,1691,1678,199,635,233,741,297,876,255,492,550,-12,-33,157
32426,-2669,-4544,-101,138,1104,-13934,-4215,2620,-254,104,0,-99,103,430,6132,1165,36,0,12025,1448,1488,1622,1660,91,571,106,665,186,974,255,373,543,-9,-35,156
32476,-2761,-3937,172,-176,1033,-22906,-2750,2742,-281,68,0,-100,80,429,6104,1179,31,0,15678,1514,1535,1637,1659,32,636,38,750,8,1022,255,216,511,-6,-38,153
32526,-2754,-3688,204,-22,927,-13812,7503,2620,-243,-42,0,-96,53,428,6075,1179,34,0,14977,1512,1492,1620,1627,-79,720,-93,849,-205,966,255,124,491,-4,-41,154
32576,-3267,-2865,156,-65,1250,-15948,8541,3963,-165,-54,0,-88,38,428,6075,1167,4,0,15885,1577,1583,1689,1699,-249,772,-291,900,-477,930,255,4,485,-1,-47,154
32626,-2974,-2016,118,-25,1229,-8685,10494,1766,-200,-87,0,-91,17,428,6075,1184,83,0,11737,1447,1377,1559,1568,-378,728,-448,862,-603,867,255,-81,501,2,-50,156
32676,-2413,-1214,32,-14,1136,-12835,16964,1644,-304,-91,0,-102,4,428,6075,1174,-2,0,16037,1508,1516,1640,1614,-415,698,-488,820,-670,981,255,-119,553,7,-54,157
32726,-2192,-849,-277,89,1007,-17108,19283,-491,-337,-115,0,-106,0,430,6132,1183,-36,0,15079,1617,1630,1727,1726,-458,647,-541,765,-760,1042,255,-172,581,11,-57,161
32776,-2917,-607,261,-78,938,-21380,18734,1094,-352,-127,0,-118,-18,428,6075,1164,-29,0,13615,1555,1564,1680,1674,-640,593,-745,691,-1006,987,255,-336,557,17,-59,162
32826,-3472,118,266,55,1209,-12225,22457,118,-197,-200,0,-101,-44,428,6075,1168,28,0,12066,1577,1539,1675,1659,-689,718,-805,839,-1113,948,224,-410,536,20,-61,159
32876,-3115,655,26,17,636,-11492,22274,1094,-264,-234,0,-108,-57,426,6019,1165,-18,0,14827,1558,1559,1688,1675,-784,459,-914,534,-1164,734,255,-500,537,26,-63,159
32926,-3079,857,130,19,1161,-14727,26119,911,-273,-327,0,-108,-80,426,6019,1159,-37,0,17896,1560,1557,1662,1665,-836,496,-969,575,-1275,753,255,-619,519,30,-63,160
32976,-3673,1542,-1,-179,1022,-11309,32589,-491,-158,-378,0,-92,-100,428,6075,1153,-34,0,16262,1551,1561,1698,1665,-614,444,-708,512,-1218,475,244,-687,454,32,-65,163
33026,-3288,2727,-18,-143,768,-6304,31978,911,-206,-307,0,-95,-106,428,6075,1152,-28,0,16212,1598,1524,1688,1657,-600,339,-691,390,-1135,305,234,-698,457,33,-65,161
33076,-2448,3349,-8,38,1124,-4229,27767,911,-204,-295,0,-84,-116,429,6104,1157,20,0,12489,1510,1516,1638,1621,-854,335,-988,387,-1319,414,244,-753,366,36,-64,158
33126,-1989,4226,-99,44,1041,-9783,24959,301,-205,-214,0,-76,-113,428,6075,1140,-11,0,12761,1544,1514,1666,1629,-861,239,-982,272,-1294,360,255,-743,371,38,-63,160
33176,-2017,4479,103,-77,573,-8319,20687,1156,-225,-236,0,-77,-128,429,6104,1156,3,0,13601,1555,1585,1685,1673,-731,87,-845,100,-1104,329,255,-817,281,40,-62,158
33226,-2341,4570,171,-229,1028,-9234,18551,606,-117,-260,0,-60,-135,428,6075,1158,16,0,13654,1557,1478,1652,1617,-795,219,-921,254,-1160,210,255,-808,252,40,-61,161
33276,-1387,4604,-143,8,1162,-3314,20748,1461,-123,-261,0,-49,-129,430,6132,1152,29,0,12087,1502,1471,1631,1600,-784,0,-903,0,-1130,128,255,-797,225,42,-59,156
33326,-1504,3981,100,-102,1069,-1666,19039,2498,-99,-317,0,-44,-134,429,6104,1151,14,0,14923,1482,1500,1640,1621,-678,-71,-780,-82,-995,42,255,-786,128,42,-57,159
33376,-1957,3511,96,-104,1267,6634,21541,-3,30,-348,0,-27,-131,429,6104,1151,-26,0,16976,1498,1529,1661,1629,-623,-170,-717,-196,-1006,-321,255,-772,-50,43,-54,160
33426,-1443,3844,-260,-59,1270,11334,23616,118,137,-307,0,1,-123,429,6104,1159,-23,0,12320,1605,1558,1709,1695,-634,-235,-735,-273,-952,-493,255,-707,-78,43,-52,161
33476,-943,3462,346,-131,1125,8465,16658,606,121,-270,0,9,-120,429,6104,1172,49,0,12291,1524,1500,1659,1660,-518,-345,-607,-404,-818,-584,255,-726,-230,41,-48,159
33526,-479,3569,-207,-127,762,18414,15865,1461,254,-287,0,44,-114,428,6075,1156,2,0,14092,1535,1495,1684,1633,-450,-397,-521,-459,-740,-697,255,-625,-313,40,-47,161
33576,241,3624,-148,-77,1004,23968,13302,-3,221,-206,0,48,-101,429,6104,1156,-39,0,15452,1606,1555,1749,1691,-437,-647,-505,-748,-620,-968,255,-548,-333,39,-44,160
33626,925,3133,132,124,940,23724,11776,-3421,223,-186,0,56,-94,427,6047,1148,-1,0,11824,1518,1505,1682,1658,-267,-562,-306,-645,-435,-862,255,-527,-426,38,-41,159
33676,1575,2634,16,43,1065,18353,10799,-980,251,-163,0,75,-78,428,6075,1151,2,0,12603,1499,1444,1641,1630,-248,-686,-286,-789,-340,-995,255,-414,-501,35,-38,157
33726,1650,1712,275,12,1129,20306,9090,-1712,290,-177,0,85,-70,428,6075,1159,-33,0,15854,1641,1608,1761,1727,-61,-569,-71,-659,-214,-911,255,-408,-556,32,-36,158
33776,2496,1832,131,-18,1245,23968,8480,-3604,315,-130,0,105,-60,428,6075,1131,-33,0,15975,1521,1445,1677,1648,74,-592,84,-669,0,-1053,255,-261,-591,27,-35,156
33826,3004,1539,115,83,580,21343,911,-1712,274,-39,0,103,-39,427,6047,1167,21,0,12903,1514,1464,1698,1662,151,-585,176,-683,109,-936,255,-197,-606,23,-34,154
33876,3081,1108,126,-68,811,16339,-6656,-1163,240,43,0,103,-14,428,6075,1143,-56,0,16434,1608,1524,1739,1711,299,-724,342,-828,391,-953,255,14,-532,19,-32,155
33926,2905,569,48,58,924,16949,-10013,-1956,253,133,0,99,14,430,6132,1150,-18,0,13870,1480,1451,1685,1646,428,-706,492,-812,566,-928,255,100,-583,16,-29,153
33976,2773,24,-145,-63,1077,17987,-13370,-3848,274,172,0,103,35,428,6075,1139,-56,0,14917,1581,1531,1714,1728,493,-594,562,-677,789,-975,255,192,-589,11,-27,157
34026,2994,-793,85,-267,767,18963,-19046,-3787,266,180,0,111,46,428,6075,1159,-3,0,14387,1593,1575,1761,1748,573,-689,664,-799,868,-953,255,287,-638,8,-26,155
34076,3170,-1690,-73,-21,990,18719,-15628,-3787,239,180,0,103,66,427,6047,1159,13,0,14868,1557,1496,1689,1696,663,-717,769,-832,942,-961,255,405,-614,3,-24,156
34126,3385,-2415,-301,132,1270,9808,-19412,-552,253,230,0,107,92,429,6104,1145,-6,0,15149,1585,1576,1733,1720,743,-704,851,-806,1072,-919,255,506,-595,0,-22,157
34176,3290,-2566,-49,132,970,13104,-23013,-1346,265,270,0,107,98,427,6047,1147,-17,0,14756,1617,1563,1735,1760,864,-648,991,-743,1287,-758,255,539,-648,-5,-22,159
34226,3607,-3508,17,18,1086,14996,-25516,-1285,255,282,0,113,116,429,6104,1132,3,0,13251,1477,1430,1657,1640,913,-567,1034,-642,1298,-845,255,616,-573,-10,-21,159
34276,3469,-3695,110,161,1027,16644,-24783,-430,262,330,0,109,127,428,6075,1144,23,0,13396,1490,1429,1635,1616,891,-511,1019,-585,1367,-675,255,722,-534,-14,-21,161
34326,3264,-4441,-173,157,1328,10052,-27164,-980,187,349,0,92,149,429,6104,1145,-4,0,16511,1600,1583,1733,1740,1014,-409,1162,-469,1495,-575,255,777,-439,-17,-21,162
34376,2874,-5056,-137,284,1207,2484,-28262,-614,176,343,0,81,158,428,6075,1141,29,0,11249,1482,1459,1649,1667,931,-280,1062,-319,1448,-387,255,778,-422,-22,-23,160
34426,2952,-5364,35,-156,1095,5718,-27286,-491,136,344,0,82,161,429,6104,1138,-8,0,14028,1571,1519,1694,1701,954,-270,1086,-307,1418,-388,255,828,-407,-24,-24,159
34476,2645,-5466,-41,-76,1319,7305,-25882,-308,124,329,0,72,161,428,6075,1135,7,0,14162,1482,1461,1643,1654,951,-226,1079,-257,1439,-334,255,809,-354,-28,-25,158
34526,2424,-5754,86,-114,759,4559,-25638,-2506,115,339,0,69,165,428,6075,1137,-4,0,14540,1538,1533,1667,1698,911,-168,1036,-192,1375,-162,255,835,-323,-30,-26,159
34576,1839,-6442,-110,-90,860,-1055,-25394,-1651,91,304,0,53,176,429,6104,1132,-53,0,16973,1598,1590,1723,1734,946,83,1071,94,1317,-19,255,902,-183,-33,-29,156
34626,1458,-6211,221,61,1154,3765,-23441,-1285,36,325,0,31,169,427,6047,1147,20,0,11945,1449,1424,1617,1641,830,-16,952,-18,1311,-8,255,804,-179,-35,-31,153
34676,1161,-6408,169,-118,1148,958,-26676,911,109,333,0,44,175,429,6104,1154,4,0,15059,1531,1437,1627,1633,747,102,863,117,1154,59,255,867,-80,-36,-33,151
34726,903,-6344,-79,174,1201,4681,-22037,1033,7,318,0,14,176,428,6075,1137,13,0,13824,1522,1458,1634,1660,606,209,689,238,994,164,255,804,6,-35,-35,148
34776,924,-6128,123,208,1030,-3619,-20572,1278,-56,288,0,1,162,429,6104,1140,23,0,13384,1515,1516,1666,1676,630,265,718,302,976,400,255,705,24,-35,-38,151
34826,972,-5838,-113,-94,993,-7281,-16361,179,-88,230,0,2,150,431,6161,1143,8,0,14626,1574,1529,1692,1691,562,345,643,394,798,492,255,686,61,-34,-41,149
34876,521,-5259,-180,-112,1044,-6365,-14224,667,-137,228,0,-15,141,429,6104,1144,19,0,13756,1548,1546,1676,1698,472,416,540,476,720,545,255,558,148,-33,-45,156
34926,422,-4792,114,124,653,-10272,-15506,1583,-178,188,0,-31,118,427,6047,1137,-16,0,15689,1558,1548,1661,1692,344,379,391,431,605,605,255,500,197,-33,-48,156
34976,-390,-4796,148,-48,551,-15765,-11844,1339,-176,131,0,-39,105,429,6104,1136,-43,0,16260,1615,1582,1709,1730,259,439,294,499,348,739,255,327,243,-31,-52,157
35026,-586,-3870,-142,50,1150,-12957,-430,-919,-168,33,0,-43,78,427,6047,1127,30,0,14087,1513,1449,1647,1641,89,668,100,753,78,855,255,290,311,-30,-56,151
35076,-1189,-3363,-126,121,1069,-13751,4329,972,-218,97,0,-66,82,423,5934,1130,17,0,13469,1490,1548,1635,1647,22,628,25,710,-17,946,255,216,423,-27,-60,152
35126,-2019,-3078,100,-175,946,-16497,2681,789,-232,10,0,-77,55,426,6019,1131,-25,0,15052,1645,1659,1755,1784,-55,649,-63,734,-60,1030,255,115,452,-25,-63,155
35176,-2531,-2171,21,-81,1447,-19671,6405,-614,-208,-2,0,-83,38,426,6019,1131,6,0,12564,1530,1493,1665,1639,-256,735,-290,831,-397,980,255,12,483,-22,-68,154
35226,-2300,-1396,60,-17,1020,-17657,9395,1217,-255,0,0,-90,24,426,6019,1119,-71,0,18404,1634,1610,1745,1748,-337,741,-377,829,-500,1109,255,-75,563,-19,-71,157
35276,-2599,-683,67,-81,541,-22723,7503,-1224,-319,-53,0,-105,0,427,6047,1126,9,0,13928,1554,1540,1699,1689,-424,701,-478,790,-619,1069,255,-169,527,-15,-74,157
35326,-2734,-619,280,49,1223,-25164,13790,-125,-311,-64,0,-109,-5,428,6075,1124,21,0,13862,1472,1421,1631,1613,-495,811,-556,911,-744,1181,255,-193,663,-12,-77,160
35376,-3760,-163,3,-40,653,-17291,16597,2010,-310,-116,0,-126,-19,428,6075,1121,-1,0,13398,1553,1554,1715,1697,-613,732,-687,820,-875,1079,255,-352,684,-8,-78,159
35426,-3858,722,44,24,1263,-17352,16842,-552,-271,-173,0,-121,-46,429,6104,1138,49,0,12760,1527,1519,1695,1657,-588,654,-670,744,-937,954,255,-406,631,-5,-79,158
35476,-3848,980,28,120,1294,-16925,24044,1278,-271,-185,0,-123,-52,427,6047,1122,40,0,15634,1466,1462,1603,1572,-814,626,-913,702,-1158,987,234,-494,638,0,-81,159
35526,-4163,1107,139,-86,1446,-15277,25386,850,-240,-301,0,-119,-79,428,6075,1135,16,0,16444,1546,1583,1680,1694,-856,599,-971,680,-1233,952,255,-601,612,2,-81,160
35576,-4067,1322,109,-30,1102,-15887,27279,1094,-225,-363,0,-115,-95,428,6075,1131,0,0,13504,1562,1526,1702,1680,-862,569,-975,643,-1458,746,234,-670,566,6,-83,160
35626,-3658,1819,211,-156,911,-9783,32222,2376,-238,-350,0,-108,-104,428,6075,1128,-20,0,14811,1597,1573,1738,1722,-908,535,-1024,603,-1465,737,214,-728,571,9,-83,163
35676,-3718,2505,87,-152,866,-9234,28865,1827,-218,-367,0,-105,-117,427,6047,1120,-19,0,16016,1611,1597,1740,1722,-896,498,-1003,558,-1404,673,224,-786,468,11,-84,163
35726,-3074,2741,68,-1,918,-8990,32467,-675,-186,-363,0,-91,-120,428,6075,1135,2,0,11950,1537,1534,1702,1658,-888,400,-1008,455,-1421,588,255,-774,451,13,-84,158
35776,-3307,3942,179,-128,1033,-8197,26180,850,-148,-302,0,-85,-131,428,6075,1136,33,0,12248,1578,1514,1684,1661,-841,316,-955,359,-1262,370,255,-840,326,15,-84,161
35826,-2554,4271,19,-18,773,-3985,20992,301,-108,-291,0,-66,-133,429,6104,1131,16,0,12444,1549,1554,1709,1677,-844,193,-955,219,-1206,333,255,-806,312,17,-83,158
35876,-2468,3683,199,-197,971,-3253,22945,972,-106,-327,0,-60,-133,427,6047,1129,-1,0,16015,1551,1544,1686,1659,-863,140,-974,158,-1186,249,255,-847,256,19,-82,160
35926,-2078,3494,89,62,1456,4193,23983,1094,-38,-423,0,-45,-146,429,6104,1133,48,0,12860,1446,1483,1616,1582,-745,41,-844,47,-1148,50,255,-858,128,19,-81,154
35976,-1803,3356,-62,115,1047,-1727,28255,2315,11,-428,0,-31,-141,429,6104,1134,-21,0,16553,1603,1586,1700,1669,-759,-16,-861,-18,-1176,-17,255,-790,95,19,-79,159
36026,-1664,3448,179,-2,978,1385,22518,2559,-12,-318,0,-32,-126,428,6075,1125,-27,0,14837,1577,1544,1696,1670,-701,-192,-789,-216,-1030,-252,255,-730,116,20,-77,161
36076,-1405,3826,7,-195,945,7733,12752,1400,-25,-264,0,-26,-120,430,6132,1136,-20,0,12821,1564,1515,1650,1657,-495,-217,-563,-247,-686,-381,255,-672,17,19,-73,159
36126,-681,3531,-192,30,942,6329,6527,2254,1,-214,0,-12,-101,428,6075,1146,7,0,14032,1610,1595,1711,1694,-474,-253,-543,-290,-560,-356,255,-559,16,18,-71,154
36176,186,3441,169,136,1147,10601,2926,3231,-87,-130,0,-17,-90,429,6104,1137,-20,0,14866,1586,1492,1653,1645,-362,-387,-412,-440,-358,-460,255,-526,-37,17,-66,159
36226,393,2994,11,60,844,5413,-2872,3353,16,-133,0,8,-80,428,6075,1121,-56,0,16902,1647,1638,1750,1750,-255,-301,-286,-337,-221,-340,255,-455,-111,15,-63,154
36276,451,2305,4,100,1416,5718,-186,301,53,-117,0,16,-64,428,6075,1130,44,0,12992,1539,1477,1652,1632,-135,-420,-153,-475,-76,-504,255,-350,-169,12,-60,152
36326,694,1989,95,-51,1013,11578,-247,1705,88,-103,0,30,-58,428,6075,1135,1,0,15362,1571,1582,1680,1681,-55,-475,-62,-539,0,-634,255,-333,-298,10,-57,150
36376,835,931,151,-35,947,8038,-5008,3048,212,-142,0,57,-48,428,6075,1130,-4,0,15373,1563,1530,1655,1681,47,-458,53,-518,38,-743,255,-282,-416,5,-54,149
36426,511,485,59,-233,1189,21038,2010,57,336,-136,0,78,-36,427,6047,1116,-23,0,15183,1562,1519,1683,1662,104,-578,116,-645,42,-994,255,-186,-485,3,-53,151
36476,1152,479,38,113,833,26348,4451,-3,313,-50,0,78,-19,427,6047,1119,40,0,11037,1536,1472,1640,1623,151,-640,169,-716,102,-1066,255,-146,-490,0,-51,150
36526,2080,115,110,-136,703,22564,-3421,-491,249,-78,0,88,-21,428,6075,1130,23,0,13512,1586,1537,1677,1680,197,-573,223,-648,242,-1008,255,-111,-562,-3,-50,156
36576,2338,-465,-84,297,1150,21343,-3604,240,305,-63,0,95,-3,428,6075,1145,29,0,14234,1537,1475,1622,1620,325,-651,373,-746,388,-1068,255,64,-528,-9,-48,153
36626,2332,-538,-112,76,1039,14813,-4825,362,255,67,0,89,24,428,6075,1133,-9,0,14738,1565,1535,1676,1666,411,-635,465,-719,502,-971,255,145,-513,-12,-46,153
36676,3009,-875,165,150,849,16461,-9036,-675,192,140,0,87,39,427,6047,1124,-33,0,15919,1622,1564,1704,1734,532,-686,598,-772,747,-999,255,226,-545,-17,-43,155
36726,2752,-1197,-15,-31,799,15118,-14591,-186,260,200,0,100,60,427,6047,1110,-47,0,17823,1540,1475,1684,1662,654,-586,726,-650,856,-899,255,354,-540,-21,-42,158
36776,2965,-1364,54,63,1192,23114,-17032,-1163,208,291,0,91,80,427,6047,1138,48,0,13016,1504,1397,1613,1627,733,-617,834,-702,1089,-842,255,409,-506,-25,-40,157
36826,3129,-2085,52,-201,734,14691,-21427,301,208,253,0,101,84,428,6075,1140,-20,0,16860,1582,1603,1707,1718,744,-543,849,-619,1157,-670,255,457,-597,-29,-40,158
36876,2445,-2814,-63,-14,1154,3399,-19290,-2261,307,257,0,104,100,427,6047,1118,-6,0,12070,1547,1513,1679,1693,817,-445,913,-497,1148,-634,255,547,-541,-34,-41,160
36926,2492,-3235,76,59,716,12493,-23135,-797,273,301,0,96,113,428,6075,1101,-54,0,17416,1623,1582,1724,1741,840,-440,924,-484,1250,-693,255,602,-515,-38,-41,157
36976,2968,-3996,-129,134,1309,11639,-23746,-1590,236,281,0,97,127,427,6047,1111,-5,0,14556,1533,1473,1671,1688,834,-341,927,-379,1325,-574,255,694,-439,-42,-41,161
37026,2602,-3963,-164,55,1406,8282,-22891,-1407,180,345,0,80,140,427,6047,1110,38,0,11864,1466,1519,1663,1675,880,-425,977,-472,1316,-399,255,690,-432,-44,-42,159
37076,1997,-4558,-8,-90,738,-2215,-27164,-1285,206,280,0,79,135,429,6104,1111,12,0,15025,1526,1538,1655,1688,960,-150,1067,-167,1360,-282,255,734,-408,-49,-44,159
37126,1299,-5217,-121,-76,886,4254,-22891,-2017,214,312,0,67,156,428,6075,1108,23,0,13326,1524,1475,1654,1643,877,-188,972,-208,1240,-362,255,817,-321,-51,-46,159
37176,1620,-4856,47,162,1074,7672,-22159,728,133,413,0,51,166,427,6047,1121,17,0,12434,1597,1574,1691,1712,816,-179,915,-201,1235,-94,255,789,-202,-52,-47,155
37226,1743,-4688,60,61,807,-1788,-26370,-980,36,380,0,37,155,429,6104,1117,10,0,15182,1584,1560,1703,1723,864,-38,965,-43,1292,-8,255,753,-199,-54,-48,151
37276,1102,-4796,-44,-155,1279,-5389,-20938,1827,104,364,0,43,157,429,6104,1104,33,0,13668,1500,1474,1655,1644,744,79,821,87,1099,67,255,791,-132,-55,-51,154
37326,935,-5021,-131,-81,1285,1568,-15079,1888,44,360,0,26,162,429,6104,1110,51,0,13004,1526,1535,1672,1684,743,56,824,62,1064,119,255,770,-94,-55,-53,151
37376,392,-6110,128,-75,609,-4595,-14896,1033,13,258,0,12,154,428,6075,1099,9,0,13230,1510,1548,1647,1670,616,118,677,129,805,226,255,664,-42,-56,-56,150
37426,-176,-6125,320,-90,1027,-3009,-6839,1156,41,163,0,7,135,429,6104,1111,-4,0,15101,1574,1553,1663,1659,573,261,637,290,670,297,255,585,-26,-57,-58,151
37476,-538,-5211,-102,-84,1082,-384,-186,1094,89,145,0,9,123,430,6132,1103,41,0,11242,1523,1518,1644,1633,432,363,477,400,452,298,255,502,14,-57,-64,149
37526,-89,-4110,92,-69,1201,-3253,-2017,1888,-6,200,0,-1,111,428,6075,1110,46,0,13360,1439,1418,1561,1543,385,295,427,328,424,348,255,498,65,-57,-66,149
37576,92,-3641,67,-53,1038,-6610,-5008,3780,-98,257,0,-16,114,429,6104,1137,15,0,16780,1548,1565,1676,1645,299,469,340,533,442,646,255,484,187,-55,-71,151
37626,-287,-3326,-158,72,1268,-10089,-5191,2010,-168,233,0,-39,108,428,6075,1117,-35,0,16470,1591,1590,1683,1687,263,404,294,452,398,636,255,434,264,-53,-73,157
37676,-1090,-3548,121,29,711,-16741,-9952,3353,-178,194,0,-54,97,426,6019,1099,-33,0,16781,1597,1588,1665,1687,221,389,243,427,331,644,255,349,363,-52,-75,155
37726,-1592,-3243,37,-50,791,-10882,-7388,3780,-168,145,0,-59,85,427,6047,1105,-56,0,15672,1653,1655,1730,1726,62,480,68,530,145,736,255,294,332,-51,-77,153
37776,-1740,-2706,125,17,1451,-14422,-5435,2376,-157,131,0,-61,72,427,6047,1104,6,0,12447,1470,1453,1582,1582,1,507,1,560,85,724,255,242,390,-48,-80,149
37826,-1807,-2718,-164,67,846,-11126,484,2376,-206,44,0,-74,61,427,6047,1112,26,0,14743,1505,1569,1598,1633,-51,514,-56,571,0,845,255,142,407,-46,-81,150
37876,-2784,-3134,236,-41,437,-19000,118,2254,-152,-24,0,-76,40,426,6019,1109,-50,0,17932,1622,1628,1698,1709,-42,602,-47,668,-126,801,255,3,451,-45,-84,153
37926,-2997,-2540,67,-58,896,-4779,7381,728,-128,-121,0,-77,20,426,6019,1117,-30,0,13358,1612,1600,1722,1703,-201,592,-225,661,-397,734,255,-46,401,-43,-85,156
37976,-2891,-1570,59,-77,1212,-8380,13302,606,-115,-100,0,-72,8,428,6075,1100,15,0,12619,1548,1535,1662,1636,-382,631,-421,694,-577,756,255,-97,447,-39,-90,156
38026,-2219,-1160,-18,140,1173,-7769,15865,-125,-225,-126,0,-86,-2,428,6075,1120,50,0,15108,1515,1549,1641,1634,-363,550,-407,616,-579,826,255,-178,451,-37,-91,160
38076,-2710,-1048,202,-129,1084,-13262,13607,-64,-185,-176,0,-81,-19,429,6104,1119,50,0,11922,1496,1526,1607,1624,-383,645,-429,722,-605,776,255,-297,410,-35,-94,162
38126,-2814,-1021,79,-106,435,-5816,14156,911,-155,-245,0,-75,-33,428,6075,1117,-2,0,15622,1627,1569,1707,1697,-483,587,-540,656,-770,609,255,-332,390,-32,-97,159
38176,-2027,-76,0,187,1145,-567,17025,1583,-201,-206,0,-79,-38,427,6047,1100,-15,0,15466,1540,1508,1632,1606,-425,393,-467,432,-754,512,244,-335,400,-29,-99,157
38226,-1401,419,-227,194,1250,-8441,19283,1827,-256,-214,0,-78,-44,429,6104,1109,17,0,13044,1498,1544,1611,1621,-592,437,-657,484,-870,715,255,-423,403,-27,-99,160
38276,-2553,558,-30,-239,864,-14544,16658,3170,-184,-269,0,-75,-61,427,6047,1125,33,0,13866,1553,1537,1646,1609,-545,499,-613,562,-920,677,234,-498,406,-25,-102,161
38326,-2424,1104,5,1,886,-3741,22091,3841,-182,-291,0,-79,-76,429,6104,1123,81,0,11732,1558,1531,1638,1600,-648,467,-727,524,-1037,523,244,-516,385,-23,-104,157
38376,-1863,2250,3,159,1008,-11859,19893,4573,-209,-162,0,-77,-70,428,6075,1125,59,0,13306,1555,1495,1618,1573,-617,459,-694,517,-940,584,214,-515,428,-21,-104,160
38426,-1736,2864,28,-13,962,-12347,10433,5001,-229,-76,0,-75,-66,429,6104,1129,-2,0,15518,1503,1542,1611,1595,-580,312,-655,353,-747,596,224,-482,385,-20,-103,159
38476,-2301,2988,53,-88,681,-9478,7442,2926,-227,-88,0,-82,-71,428,6075,1105,-1,0,12113,1597,1564,1666,1626,-529,378,-584,418,-720,525,244,-414,407,-17,-104,157
38526,-2193,2591,-205,158,948,-8563,8663,1766,-211,-73,0,-84,-55,429,6104,1129,-9,0,11683,1628,1612,1714,1682,-562,410,-634,463,-745,510,255,-429,458,-16,-104,159
38576,-2977,2389,-91,-94,845,-9539,9700,2071,-213,-117,0,-92,-63,427,6047,1125,15,0,11476,1569,1556,1667,1649,-495,201,-557,226,-643,414,255,-484,400,-14,-102,159
38626,-2474,2807,-43,50,1120,-5694,12081,1949,-153,-135,0,-75,-75,428,6075,1130,17,0,13750,1493,1475,1608,1552,-524,75,-592,85,-708,165,244,-498,325,-13,-100,158
38676,-2005,2986,-3,118,1142,-262,9151,2376,-101,-128,0,-58,-77,428,6075,1129,25,0,15082,1586,1546,1660,1653,-518,137,-585,155,-569,129,255,-488,228,-13,-98,157
38726,-1330,2079,-13,-49,714,1080,2742,1339,-108,-162,0,-44,-68,429,6104,1116,-27,0,14963,1606,1568,1670,1672,-474,80,-529,89,-526,76,255,-445,196,-12,-97,155
38776,-1512,1359,88,-284,726,-1727,5794,484,-142,-199,0,-47,-66,428,6075,1103,-36,0,16123,1615,1578,1694,1659,-439,37,-484,41,-638,87,255,-383,179,-10,-95,155
38826,-1558,1172,-7,62,1181,897,12813,1766,-57,-151,0,-40,-50,428,6075,1108,2,0,11951,1513,1467,1609,1567,-418,56,-463,62,-640,0,255,-345,169,-10,-94,150
38876,-1350,1337,44,28,1323,4986,9884,118,-81,-144,0,-41,-52,429,6104,1106,-13,0,18306,1587,1559,1649,1642,-399,-156,-441,-173,-481,-197,244,-425,102,-9,-91,157
38926,-1239,1045,240,-213,930,3277,6405,2193,-16,-222,0,-21,-67,429,6104,1110,-16,0,15913,1543,1576,1649,1619,-297,-252,-329,-279,-422,-228,255,-415,-20,-9,-88,160
38976,-595,1054,55,127,1253,10174,12569,484,92,-208,0,4,-60,429,6104,1119,20,0,12669,1519,1415,1573,1554,-250,-87,-280,-98,-426,-349,255,-368,-84,-11,-87,154
39026,-255,1057,-100,-198,701,15240,7808,-3,78,-195,0,15,-54,428,6075,1117,-41,0,16133,1708,1640,1768,1744,-166,-118,-186,-132,-331,-416,255,-320,-144,-12,-87,159
39076,580,377,55,20,912,11639,2559,1278,42,-153,0,17,-38,429,6104,1137,16,0,10390,1592,1543,1667,1658,-130,-191,-148,-217,-221,-434,255,-197,-87,-13,-86,153
39126,-112,88,5,348,1326,6329,2315,-675,-2,-129,0,-3,-23,428,6075,1134,18,0,13235,1528,1467,1602,1562,-5,-244,-6,-277,-60,-394,255,-164,-27,-14,-84,148
39176,-308,254,-99,80,1144,-323,1217,484,36,-62,0,0,-15,428,6075,1113,-12,0,15195,1606,1581,1669,1646,-49,-326,-54,-363,0,-370,255,-109,-76,-15,-81,148
39226,-95,486,126,118,966,-811,-7144,179,57,1,0,7,-11,428,6075,1119,-10,0,12933,1618,1563,1682,1708,68,-272,76,-304,228,-338,255,-138,-96,-17,-78,146
39276,-707,-50,45,-172,1063,3765,-9647,1644,113,-74,0,13,-15,428,6075,1090,-41,0,15969,1607,1612,1719,1706,131,-361,142,-394,230,-349,255,-73,-227,-19,-76,155
39326,-644,-719,-78,70,1080,9259,-3970,-675,227,-42,0,31,5,429,6104,1107,20,0,12286,1531,1479,1616,1603,127,-315,141,-348,154,-515,255,6,-192,-21,-75,150
39376,-789,-1093,72,-60,975,13287,-5679,-1102,195,23,0,25,22,428,6075,1103,-28,0,16216,1638,1591,1726,1719,216,-374,238,-412,320,-632,255,131,-201,-22,-72,155
39426,-573,-1349,-182,68,949,9381,-8060,-3238,183,77,0,24,42,427,6047,1093,-62,0,16759,1609,1558,1716,1707,281,-368,307,-402,418,-623,255,194,-177,-23,-70,155
39476,-2,-1787,69,7,885,11151,-9586,-2872,123,85,0,23,46,428,6075,1103,-16,0,15644,1539,1472,1644,1661,380,-521,420,-574,553,-660,255,217,-234,-25,-66,151
39526,410,-2106,-178,-86,1279,10418,-7877,-2017,184,101,0,44,59,429,6104,1112,25,0,12983,1520,1487,1651,1645,355,-368,394,-409,493,-544,255,285,-283,-27,-65,157
39576,655,-2277,-191,89,1155,13409,-8121,-2322,180,120,0,45,67,429,6104,1106,50,0,14451,1516,1484,1654,1647,416,-336,460,-372,571,-571,255,282,-303,-29,-63,156
39626,1253,-1628,-86,11,993,12066,-7327,-125,165,175,0,54,65,428,6075,1100,-16,0,15328,1583,1521,1678,1658,451,-298,496,-328,579,-476,255,276,-337,-31,-63,155
39676,1625,-1417,9,187,1133,12371,-9036,-1956,186,187,0,61,61,429,6104,1118,51,0,11327,1447,1443,1620,1592,453,-328,507,-367,630,-454,255,281,-294,-33,-63,155
39726,964,-1333,-168,-97,768,2423,-10623,-1956,166,193,0,52,65,429,6104,1101,49,0,11927,1533,1507,1656,1632,524,-275,576,-302,686,-343,234,304,-314,-35,-62,156
39776,1095,-1335,-125,-147,822,775,-13248,-491,164,213,0,56,68,427,6047,1121,17,0,14706,1565,1549,1677,1666,470,-244,527,-274,674,-362,255,291,-336,-39,-63,156
39826,1219,-943,-239,103,822,3338,-13797,-1468,209,245,0,60,70,428,6075,1124,42,0,12729,1562,1517,1654,1641,481,-257,541,-288,724,-416,244,316,-346,-41,-64,156
39876,1341,-1203,-48,-27,1159,7672,-12943,-919,185,295,0,60,80,428,6075,1113,0,0,16948,1439,1441,1566,1557,442,-274,492,-305,730,-390,255,423,-329,-42,-64,155
39926,1583,-2547,191,22,1119,8526,-14285,57,163,270,0,59,94,427,6047,1103,-48,0,14293,1630,1636,1695,1717,396,-293,436,-323,747,-305,255,463,-317,-42,-64,154
39976,787,-3485,193,38,861,1873,-14224,-2078,155,214,0,43,99,428,6075,1101,-59,0,15525,1641,1605,1715,1705,479,-179,527,-197,677,-203,255,414,-249,-43,-65,155
40026,589,-3373,-81,-133,1136,12677,-7694,240,177,135,0,47,87,430,6132,1120,39,0,10685,1478,1440,1617,1597,468,-148,524,-166,582,-316,255,388,-290,-44,-65,155
40076,1199,-3125,-48,-12,1047,3826,-6107,301,155,192,0,52,94,429,6104,1118,6,0,16750,1581,1596,1675,1668,393,-182,439,-204,524,-228,244,443,-261,-43,-66,153
40126,1047,-3734,251,6,1104,6024,-4886,-1163,127,189,0,43,99,428,6075,1098,-74,0,16759,1601,1583,1698,1705,208,-186,228,-204,383,-277,255,416,-251,-43,-67,155
40176,622,-3561,236,175,858,11334,-6534,728,145,161,0,35,89,429,6104,1101,-23,0,14123,1608,1553,1699,1685,288,-159,318,-175,384,-276,255,302,-181,-42,-67,154
40226,967,-3009,-6,-16,958,11029,-2811,179,118,79,0,40,69,427,6047,1114,38,0,12484,1524,1525,1668,1635,322,-143,359,-160,346,-236,255,261,-247,-43,-68,151
40276,1347,-2787,-55,53,986,2056,1461,423,85,91,0,39,69,429,6104,1109,-8,0,18456,1591,1577,1671,1657,161,-76,178,-84,240,-86,255,279,-164,-42,-71,146
40326,898,-2996,185,-102,1094,-2154,-1956,-369,13,91,0,20,68,428,6075,1102,-38,0,15038,1572,1556,1675,1681,214,111,236,122,323,170,255,256,-62,-42,-72,151
40376,532,-2669,89,8,816,1019,-2322,-186,-11,92,0,6,63,428,6075,1133,13,0,12696,1594,1576,1713,1684,140,161,159,183,145,221,255,155,8,-42,-73,142
40426,467,-2122,50,52,1214,-3802,-919,-308,-47,51,0,-1,47,429,6104,1127,104,0,11508,1396,1349,1545,1517,103,277,116,312,116,301,255,177,15,-41,-75,147
40476,410,-1967,-5,101,1063,-9478,1766,1705,-93,90,0,-12,53,430,6132,1124,60,0,15309,1543,1541,1650,1603,56,318,63,358,39,527,255,179,115,-40,-78,146
40526,114,-1736,0,334,1115,-19488,423,-1956,-143,102,0,-30,51,427,6047,1123,-52,0,18741,1630,1614,1715,1707,-6,320,-7,359,34,488,255,171,145,-39,-80,149
40576,-827,-1603,11,22,1416,-11676,1278,-1651,-90,133,0,-32,55,429,6104,1101,-29,0,14829,1496,1533,1681,1627,70,293,77,323,0,510,255,136,241,-37,-81,149
40626,-1395,-1013,-165,188,1205,-6182,4512,-2017,-64,84,0,-40,38,428,6075,1116,19,0,12222,1435,1446,1553,1530,13,387,15,432,-9,501,255,81,161,-36,-82,150
40676,-1094,-879,122,134,1245,-11370,911,240,-55,124,0,-31,38,428,6075,1110,-24,0,16002,1594,1608,1693,1690,-55,363,-61,403,8,493,255,80,189,-35,-85,149
40726,-1461,-1718,232,-243,919,-5450,-3909,911,-93,64,0,-38,38,428,6075,1115,-31,0,15871,1613,1611,1730,1731,-70,169,-78,188,0,349,244,60,240,-34,-85,150
40776,-1570,-1780,194,3,957,-5450,1522,1278,-129,-10,0,-53,25,427,6047,1119,2,0,12018,1560,1504,1646,1620,-110,329,-123,369,-208,433,255,-19,249,-33,-86,153
40826,-1070,-1790,139,-24,1025,-9295,5733,1461,-140,-42,0,-45,21,428,6075,1123,8,0,15313,1558,1557,1702,1665,-127,339,-142,381,-242,552,244,-3,274,-31,-87,155
40876,-1327,-1400,-165,52,1285,-6915,7442,545,-156,-12,0,-55,25,428,6075,1144,72,0,12652,1472,1466,1631,1570,-103,330,-118,377,-169,525,244,23,341,-29,-88,155
40926,-970,-1242,79,104,581,-11492,2193,301,-252,5,0,-70,20,428,6075,1114,21,0,15477,1492,1461,1556,1563,-194,370,-217,412,-195,516,214,-60,337,-28,-88,152
40976,-1288,-987,161,-11,1261,-18267,-1285,2620,-225,-65,0,-66,1,428,6075,1114,-34,0,16553,1605,1623,1709,1689,-104,338,-116,377,-194,670,244,-116,278,-28,-88,159
41026,-1650,-566,-18,-95,730,-12469,5733,1705,-129,-101,0,-51,-9,428,6075,1119,0,0,13758,1553,1530,1662,1637,-198,307,-222,344,-303,454,244,-163,234,-27,-89,157
41076,-1728,-108,-47,99,747,-7098,6038,2559,-87,-53,0,-50,-6,428,6075,1115,-62,0,16227,1636,1601,1721,1659,-267,174,-297,194,-357,296,255,-163,271,-25,-90,155
41126,-1274,592,-53,188,1411,-2093,4879,1583,-178,-20,0,-60,-13,429,6104,1105,-24,0,15921,1498,1489,1611,1595,-251,172,-277,190,-257,267,255,-197,294,-24,-89,158
41176,-1036,1008,-218,-157,977,-13201,-1346,2132,-199,7,0,-53,-12,428,6075,1102,-30,0,13604,1597,1632,1693,1675,-262,191,-289,211,-244,396,255,-134,242,-22,-89,160
41226,-1214,90,-36,182,1367,-11798,-6534,2498,-177,9,0,-58,0,429,6104,1130,86,0,8868,1449,1344,1549,1530,-286,296,-323,335,-201,323,255,-96,331,-20,-89,152
41276,-768,299,-45,74,851,-3619,-3543,3597,-266,26,0,-68,0,428,6075,1111,12,0,15339,1610,1620,1686,1670,-266,24,-296,27,-203,263,224,-178,306,-18,-86,150
41326,-1240,465,-21,-102,902,-17779,1217,-1956,-208,-41,0,-59,-15,430,6132,1136,70,0,12626,1504,1564,1610,1598,-157,-31,-178,-36,-109,277,234,-195,242,-17,-83,159
41376,-1555,122,183,4,671,-5389,1156,1522,-90,-65,0,-45,-20,429,6104,1106,-67,0,18813,1667,1631,1713,1693,-401,81,-444,90,-437,87,214,-246,196,-15,-82,151
41426,-1403,710,-75,166,1358,3277,4512,1766,-52,-59,0,-38,-22,428,6075,1108,39,0,10105,1500,1472,1629,1582,-380,-44,-421,-49,-506,-67,234,-227,159,-13,-80,155
41476,-612,406,78,15,1123,3582,4085,850,-134,-88,0,-38,-26,427,6047,1114,-20,0,15697,1565,1562,1615,1626,-425,-102,-474,-114,-482,-101,244,-316,78,-10,-77,155
41526,-346,-124,292,-86,1240,-4962,6710,-308,-81,-208,0,-20,-43,428,6075,1119,-32,0,16827,1608,1597,1691,1681,-491,-4,-550,-5,-635,0,224,-347,27,-9,-77,152
41576,-854,-168,-157,-73,1033,-750,16414,-552,27,-273,0,-8,-47,428,6075,1113,-20,0,15337,1601,1568,1695,1664,-482,-150,-536,-168,-773,-268,255,-381,-15,-7,-75,159
41626,-701,619,47,8,1122,6390,15682,-1224,19,-246,0,-9,-59,427,6047,1080,-46,0,14438,1580,1542,1661,1661,-481,-136,-520,-147,-697,-311,255,-454,-28,-6,-75,155
41676,-559,792,61,-301,1152,6207,15621,-1224,78,-268,0,10,-67,428,6075,1091,49,0,9144,1413,1395,1553,1534,-417,-157,-455,-171,-759,-332,255,-479,-132,-7,-73,157
41726,-738,718,83,-213,703,10479,18245,-1285,136,-263,0,19,-66,428,6075,1094,-29,0,15384,1640,1607,1695,1681,-486,-234,-532,-256,-757,-476,255,-445,-173,-6,-73,160
41776,-15,1490,-99,103,1050,12432,19954,-1590,133,-200,0,23,-63,429,6104,1091,-9,0,12441,1531,1487,1650,1590,-411,-304,-448,-332,-678,-483,244,-405,-153,-5,-71,160
41826,629,2336,-22,69,1103,13531,15438,-1529,52,-125,0,19,-64,428,6075,1082,-64,0,18627,1673,1634,1744,1724,-471,-266,-510,-287,-662,-492,255,-431,-167,-5,-70,159
41876,979,2361,-200,-232,1368,10662,8052,-2506,58,-104,0,31,-59,428,6075,1084,-10,0,13046,1548,1474,1660,1634,-398,-300,-432,-325,-459,-586,255,-342,-171,-4,-68,161
41926,1548,2149,-105,245,1053,14630,4696,-736,-26,-63,0,16,-48,429,6104,1098,54,0,11729,1538,1494,1620,1609,-357,-407,-392,-447,-390,-603,255,-355,-161,-3,-66,159
41976,2244,1496,9,-81,855,4315,-491,-64,-62,-136,0,28,-54,429,6104,1118,-9,0,15898,1588,1579,1685,1679,-259,-409,-289,-457,-291,-427,255,-316,-264,-4,-63,154
42026,1994,712,115,58,795,3033,-1224,-308,19,-107,0,37,-37,427,6047,1107,36,0,13295,1533,1457,1614,1604,-236,-227,-261,-251,-233,-362,255,-238,-237,-4,-63,155
42076,2094,882,-22,186,1207,8831,-1346,-675,15,-51,0,36,-25,428,6075,1111,69,0,11327,1510,1420,1598,1587,-144,-349,-160,-388,-67,-454,255,-148,-223,-4,-61,155
42126,2146,547,154,215,1119,-750,-5435,1644,-26,-13,0,29,-15,427,6047,1100,-33,0,14890,1679,1641,1739,1742,-94,-329,-104,-362,-8,-343,255,-144,-179,-4,-60,155
42176,1753,-527,99,-3,806,-3070,-5618,-1773,0,-94,0,31,-12,428,6075,1101,-24,0,12103,1617,1580,1721,1725,-17,-290,-18,-319,0,-255,255,-139,-201,-5,-58,151
42226,856,-1165,354,-21,1014,6146,667,-1102,92,-157,0,33,-17,427,6047,1103,-61,0,16823,1574,1527,1691,1653,-5,-342,-5,-377,-115,-414,255,-162,-220,-6,-56,154
42276,929,-644,-86,-18,1074,13958,7015,-2017,101,-176,0,36,-21,427,6047,1091,-46,0,16093,1593,1577,1720,1690,-38,-193,-41,-210,-126,-380,255,-82,-278,-8,-57,157
42326,1495,-197,-144,306,1062,2239,5184,-2445,119,-22,0,44,2,428,6075,1079,-27,0,15097,1502,1486,1637,1619,6,-264,6,-285,-59,-299,255,-35,-228,-8,-56,150
42376,1105,195,-184,-91,957,4803,-3970,-369,83,21,0,37,4,428,6075,1098,47,0,12203,1520,1458,1621,1611,38,-191,42,-210,67,-289,255,5,-202,-9,-56,144
42426,1289,-104,-178,5,1043,1263,-5374,-552,48,67,0,32,18,430,6132,1088,15,0,14934,1577,1590,1697,1691,44,-292,48,-317,176,-255,255,96,-194,-8,-55,147
42476,1196,-522,-35,183,1214,-4412,-6961,-1834,29,123,0,24,33,428,6075,1070,-44,0,14397,1574,1525,1668,1647,126,-334,135,-357,239,-247,255,124,-147,-8,-52,155
42526,888,-786,-14,29,759,-201,-10623,-736,51,115,0,25,36,429,6104,1080,-27,0,15198,1567,1543,1674,1664,131,-309,142,-334,298,-308,255,160,-174,-8,-51,151
42576,784,-691,-182,143,1424,42,-9342,-1346,81,165,0,28,47,428,6075,1093,100,0,10201,1556,1455,1638,1620,113,-191,124,-208,327,-267,244,216,-93,-8,-50,151
42626,911,-1494,-46,129,1141,1446,-12332,-1407,21,141,0,18,54,429,6104,1078,11,0,16959,1493,1556,1653,1655,216,-343,233,-370,429,-180,244,251,-119,-7,-48,154
42676,-4,-2208,-28,6,1000,-7464,-13431,-491,104,103,0,21,59,427,6047,1068,-39,0,16022,1610,1570,1701,1719,246,-139,263,-149,431,-143,255,225,-110,-8,-46,153
42726,-78,-2451,67,47,714,6268,-10501,-1468,110,52,0,18,51,429,6104,1066,-47,0,16845,1621,1587,1718,1713,264,-184,281,-196,409,-278,255,220,-134,-8,-46,152
42776,501,-2148,-114,189,1340,7061,-8548,-1163,86,87,0,22,56,428,6075,1098,105,0,10334,1341,1218,1483,1489,79,-229,87,-251,272,-330,234,235,-118,-7,-44,152
42826,477,-2638,-52,297,1170,-2215,-8548,4940,70,71,0,17,61,428,6075,1096,18,0,15700,1582,1616,1708,1683,276,-147,303,-161,362,-8,255,279,-94,-7,-43,149
42876,-80,-2833,15,234,1167,-6427,-6351,-1529,96,105,0,14,70,433,6218,1077,-28,0,14250,1591,1515,1669,1664,196,-126,211,-136,337,-198,234,297,-35,-6,-43,153
42926,134,-2532,41,131,879,3460,-6656,-2261,26,109,0,4,65,428,6075,1070,-66,0,16773,1615,1614,1738,1738,245,-284,262,-304,350,-291,244,249,-49,-6,-41,150
42976,41,-2253,-239,-40,1114,5535,-7694,-2567,45,88,0,10,61,428,6075,1072,15,0,11635,1495,1469,1640,1608,175,-141,187,-151,269,-177,255,273,-56,-6,-39,151
43026,44,-2067,16,79,1160,775,-6595,-614,9,143,0,1,64,428,6075,1062,-11,0,14989,1636,1588,1699,1716,159,-115,169,-122,317,-229,244,269,-15,-5,-38,146
43076,-93,-2867,128,-9,956,-1239,-7816,-1590,28,83,0,4,64,430,6132,1074,24,0,13767,1539,1503,1652,1661,140,-147,151,-158,212,-173,255,200,-33,-4,-36,149
43126,-422,-2522,-5,-64,733,7794,-2872,789,85,22,0,10,49,428,6075,1052,-49,0,16266,1618,1567,1730,1707,104,-81,110,-85,93,-203,234,170,-87,-3,-36,146
43176,-184,-1865,1,17,1160,8831,-1102,-736,99,63,0,15,45,429,6104,1064,15,0,13088,1485,1434,1615,1577,75,-183,80,-195,68,-282,255,163,-88,-2,-36,145
43226,9,-1315,-44,45,1051,5963,2620,-858,68,59,0,12,36,426,6019,1077,16,0,15877,1610,1604,1704,1699,5,-73,5,-78,49,-107,255,79,-120,-1,-36,139
43276,630,-940,-8,222,1147,-1361,-308,-1529,87,62,0,24,29,429,6104,1074,-15,0,15885,1587,1558,1679,1674,2,5,2,5,50,-67,255,49,-166,-1,-38,138
43326,956,-1013,-4,-63,1254,3155,-2628,-2200,65,35,0,30,25,429,6104,1066,-12,0,16459,1618,1569,1719,1722,13,52,14,56,68,-17,255,47,-158,-1,-40,143
43376,917,-881,-175,-51,1306,1446,-1529,-797,11,30,0,19,24,428,6075,1084,82,0,9656,1467,1467,1609,1600,-8,90,-9,98,17,76,255,-24,-88,0,-42,139
43426,915,-782,197,-108,884,-1727,179,-369,-18,-23,0,15,4,428,6075,1068,49,0,13075,1469,1464,1595,1577,12,96,13,103,-8,219,255,-72,-84,-1,-44,142
43476,886,-406,-2,-54,941,164,6893,118,-32,-35,0,10,0,428,6075,1083,10,0,15419,1551,1574,1712,1678,88,246,95,267,-17,248,255,-75,-67,-3,-47,140
43526,750,223,1,-102,604,-1544,6160,-1163,-45,10,0,7,-1,428,6075,1089,-22,0,16684,1572,1554,1704,1687,-33,149,-36,163,-112,207,255,-76,-61,-4,-49,146
43576,810,232,26,34,1085,-7220,1156,118,-29,44,0,8,4,428,6075,1059,-47,0,16179,1568,1538,1681,1667,27,167,29,177,-16,261,255,-20,24,-4,-52,139
43626,452,372,1,65,1085,-3802,-369,-3,-73,70,0,-7,7,428,6075,1054,-22,0,12408,1531,1490,1669,1657,-27,274,-29,289,0,372,255,-68,34,-5,-54,138
43676,317,582,24,-67,933,-3436,-1102,-1163,-54,71,0,-3,3,428,6075,1052,-18,0,13215,1560,1539,1697,1671,-16,237,-17,250,-25,362,234,-26,36,-5,-56,145
43726,-25,441,43,64,1194,-4473,-125,118,-69,85,0,-15,8,429,6104,1054,-4,0,15404,1521,1493,1653,1620,-20,205,-21,216,-16,260,255,-43,70,-5,-58,142
43776,209,184,41,153,1125,-4473,362,-1224,-70,52,0,-12,6,429,6104,1063,-68,0,17629,1644,1619,1731,1737,-77,188,-82,200,-17,335,244,-86,57,-5,-60,145
43826,-134,-165,-41,-298,1278,-8074,-552,-2322,-46,-14,0,-6,0,428,6075,1058,23,0,12198,1425,1419,1603,1601,-111,185,-118,196,-108,300,255,-98,29,-6,-61,152
43876,-286,-270,38,-75,974,-3985,3109,57,-59,-64,0,-14,-8,428,6075,1058,17,0,15405,1564,1568,1651,1654,-176,111,-187,117,-233,233,244,-202,46,-6,-63,149
43926,-413,-542,145,-57,785,-2520,5794,-1956,-29,-147,0,-11,-23,429,6104,1067,33,0,12187,1567,1580,1674,1677,-194,192,-207,205,-293,310,255,-224,55,-6,-64,155
43976,-717,-512,244,-108,852,-1177,9884,240,2,-141,0,-9,-24,428,6075,1059,7,0,13879,1552,1478,1659,1638,-211,143,-224,151,-386,176,255,-218,81,-6,-66,150
44026,-1087,-55,-82,-34,1171,3704,10677,-797,-2,-134,0,-19,-23,430,6132,1053,6,0,13059,1557,1524,1684,1662,-193,297,-203,312,-386,270,244,-230,137,-6,-67,154
44076,-702,316,21,124,1317,2484,12325,-675,-70,-133,0,-28,-31,428,6075,1056,44,0,11824,1520,1494,1664,1636,-235,263,-248,278,-403,300,244,-289,134,-6,-68,154
44126,-721,402,130,-244,875,-5694,11959,-491,-86,-172,0,-24,-43,429,6104,1037,32,0,12362,1483,1529,1632,1611,-233,162,-241,168,-438,337,255,-273,91,-6,-69,155
44176,-1089,340,-66,-237,501,-5511,14949,-797,-83,-163,0,-26,-34,428,6075,1069,-31,0,17796,1587,1567,1690,1668,-167,271,-179,290,-455,358,255,-189,124,-7,-71,158
44226,-908,696,11,286,1304,-2215,11165,606,-62,-52,0,-32,-22,428,6075,1042,-67,0,17264,1605,1572,1711,1687,-183,290,-190,302,-312,303,255,-194,185,-7,-72,154
44276,-821,1079,46,128,1178,958,5123,-919,-64,-40,0,-29,-27,428,6075,1057,10,0,12163,1400,1399,1570,1561,-191,236,-202,250,-246,365,255,-207,103,-8,-74,152
44326,-849,773,105,117,1159,-5938,4329,362,-75,-40,0,-31,-23,429,6104,1047,6,0,16612,1553,1547,1657,1636,-78,214,-82,224,-106,309,255,-187,154,-8,-75,150
44376,-525,605,-251,83,1041,-7647,3170,-308,-107,-84,0,-31,-22,429,6104,1051,-3,0,14677,1508,1530,1639,1636,-19,237,-20,249,-51,430,255,-169,123,-10,-76,153
44426,-957,336,228,-119,647,-10211,-1407,1400,-109,-10,0,-34,-15,429,6104,1043,-47,0,19340,1623,1595,1719,1722,-46,228,-48,238,0,375,255,-137,198,-11,-76,154
44476,-1237,313,81,-54,1090,-2398,-2322,-1102,-102,-23,0,-41,-12,428,6075,1027,-1,0,11569,1505,1477,1644,1641,22,247,23,253,28,279,255,-96,206,-13,-77,151
44526,-1191,-316,180,-108,1085,-7159,1339,1583,-108,2,0,-40,2,428,6075,1039,-21,0,13830,1537,1557,1657,1645,-14,137,-15,143,0,302,255,-21,203,-13,-77,150
44576,-1850,-908,257,35,935,-3375,972,972,-49,-31,0,-43,4,430,6132,1047,3,0,13232,1561,1493,1638,1630,-27,121,-29,127,0,179,255,-90,160,-14,-76,144
44626,-1730,-521,-96,-200,1090,3277,1766,1400,18,-77,0,-23,-4,428,6075,1045,43,0,10742,1475,1479,1632,1592,86,56,90,59,0,93,255,-94,100,-16,-76,144
44676,-1461,-487,-96,-90,578,469,5977,545,9,-73,0,-21,-2,429,6104,1043,-10,0,16876,1623,1609,1698,1698,41,77,43,80,0,59,255,-11,107,-17,-76,140
44726,-1380,-939,15,104,956,-140,-3,-797,0,3,0,-26,17,427,6047,1041,-36,0,14403,1661,1618,1750,1721,25,59,26,61,25,-34,255,67,121,-17,-76,138
44776,-1197,-1083,76,78,892,7244,-1529,-125,-23,33,0,-28,24,429,6104,1031,-26,0,13584,1568,1527,1680,1670,22,-8,22,-8,101,-25,255,36,137,-17,-74,145
44826,-1005,-770,-26,51,1201,2728,-4215,850,-24,31,0,-23,20,428,6075,1048,52,0,10885,1489,1451,1625,1580,119,-7,124,-7,137,-51,255,77,103,-17,-73,146
44876,-759,-1287,-112,62,1060,2484,-64,-3,-51,22,0,-25,29,428,6075,1040,2,0,14991,1571,1549,1658,1657,126,-118,131,-122,204,-97,255,151,117,-17,-71,148
44926,-876,-1972,280,36,970,-1239,-614,423,-65,48,0,-29,39,428,6075,1049,-27,0,14528,1578,1552,1681,1673,101,-28,106,-30,169,-42,255,165,114,-16,-69,149
44976,-1123,-1749,-48,30,787,4254,-2811,545,-17,51,0,-24,42,428,6075,1040,-18,0,13742,1647,1601,1739,1722,142,-24,148,-25,161,-110,255,154,89,-16,-66,150
45026,-860,-1527,45,20,1192,5413,-4337,728,-13,101,0,-18,46,428,6075,1046,44,0,10260,1464,1370,1610,1567,268,-106,280,-111,307,-273,255,217,70,-17,-65,151
45076,-678,-1794,-27,38,805,13104,-3177,2254,-56,122,0,-25,56,425,5991,1032,-48,0,20134,1612,1608,1703,1680,224,-111,231,-115,388,-194,255,263,103,-17,-62,155
45126,-636,-2195,-14,-30,1056,1141,-7205,850,-34,107,0,-17,60,429,6104,1041,17,0,12126,1484,1508,1661,1639,315,-133,328,-138,446,-94,255,260,30,-17,-60,152
45176,-570,-1964,-98,62,1058,-262,-9342,1339,19,124,0,-7,60,428,6075,1050,26,0,13084,1556,1512,1645,1652,267,-103,280,-108,478,-196,244,330,9,-17,-58,150
45226,-862,-2472,-137,-89,1002,-18,-16300,2803,21,170,0,-9,79,428,6075,1054,48,0,11301,1581,1506,1669,1666,308,-40,325,-42,547,-151,255,372,46,-16,-57,151
45276,-871,-3116,21,167,1220,6207,-15079,1949,15,148,0,-15,83,428,6075,1064,45,0,12809,1500,1472,1606,1608,290,-90,309,-96,543,-101,255,328,44,-16,-55,151
45326,-1151,-3832,65,-131,954,1690,-13553,2071,26,42,0,-12,74,428,6075,1066,-10,0,15309,1608,1565,1683,1688,287,-102,306,-108,459,-87,255,295,46,-16,-54,153
45376,-946,-3949,153,-122,780,531,-9342,1217,26,2,0,-8,66,428,6075,1055,-20,0,14927,1575,1562,1691,1695,266,-52,280,-55,337,-59,255,207,3,-16,-53,146
45426,-759,-3356,-124,78,1225,5902,-675,-369,51,-64,0,-5,48,429,6104,1063,13,0,13692,1521,1502,1613,1604,259,-49,276,-52,262,-104,255,151,-47,-17,-53,150
45476,-225,-2397,-113,63,999,-2215,-1163,-736,65,-27,0,7,39,428,6075,1052,22,0,12645,1527,1501,1629,1628,137,3,144,3,176,-67,255,128,-97,-18,-54,145
45526,191,-1730,-124,69,1110,-2886,-6168,1522,22,32,0,6,39,429,6104,1059,17,0,14122,1574,1488,1632,1637,171,26,181,28,243,-33,255,132,-27,-18,-54,146
45576,294,-1618,-135,-18,1179,-628,-3116,728,-6,69,0,4,44,428,6075,1057,-52,0,17592,1578,1590,1714,1702,134,0,142,0,208,9,255,167,-21,-18,-55,142
45626,-73,-1660,15,-22,1342,-872,-1163,-980,7,104,0,0,50,430,6132,1058,20,0,12337,1481,1475,1583,1595,93,-44,98,-46,159,16,255,145,-36,-17,-55,143
45676,-225,-1789,132,-96,854,-2581,-4276,57,30,33,0,4,35,428,6075,1055,4,0,12972,1570,1533,1649,1661,54,-42,57,-45,84,-84,255,50,-109,-18,-55,142
45726,-406,-2326,277,-139,746,592,-1285,728,105,-55,0,17,22,427,6047,1042,-53,0,16617,1622,1572,1686,1699,56,-5,58,-5,42,-127,255,19,-132,-18,-56,146
45776,-635,-2142,-157,-165,1346,5169,4024,179,180,-71,0,26,26,429,6104,1038,-35,0,13492,1552,1512,1658,1645,52,-49,54,-50,-34,-229,244,52,-129,-18,-58,151
45826,-360,-1585,11,-41,1246,9686,5672,-1346,99,-19,0,13,24,428,6075,1021,-50,0,14218,1587,1535,1647,1650,44,-45,45,-46,0,-262,244,2,-106,-18,-58,146
45876,-69,-1517,88,-119,698,7733,3597,-1224,103,-57,0,22,13,429,6104,1014,-86,0,17546,1638,1626,1737,1744,31,13,32,13,-78,-187,255,-38,-146,-20,-59,148
45926,-85,-1486,-181,-46,1092,7550,5306,-919,103,-66,0,19,16,428,6075,1036,11,0,15027,1545,1475,1649,1619,6,-104,6,-108,-126,-303,244,21,-84,-20,-60,149
45976,691,-796,39,150,1059,12432,3353,606,-24,15,0,3,16,428,6075,1040,-5,0,17206,1583,1533,1660,1666,-24,-72,-25,-75,-86,-182,255,-19,-60,-20,-59,146
46026,710,-570,36,82,1203,592,-1407,545,-12,50,0,8,19,429,6104,1047,39,0,13820,1533,1496,1660,1654,-18,5,-19,5,-17,0,255,46,-31,-19,-60,136
46076,626,-406,-82,111,892,5108,1094,484,-64,105,0,-4,30,428,6075,1027,-17,0,14004,1644,1559,1711,1680,-25,24,-26,24,0,42,234,62,67,-18,-59,140
46126,771,-279,-125,16,1137,469,-3543,362,-132,98,0,-13,26,428,6075,1010,12,0,13248,1504,1484,1630,1613,0,-7,0,-7,58,87,244,54,31,-17,-59,138
46176,802,-580,-212,17,1323,-5816,-2933,1461,-130,68,0,-11,27,428,6075,1042,28,0,10916,1540,1526,1613,1604,-65,127,-67,132,0,208,255,103,67,-16,-60,148
46226,140,-1195,-158,102,990,-13018,-4398,1156,-123,75,0,-23,39,428,6075,1036,6,0,14442,1612,1572,1685,1677,-77,72,-80,75,0,177,255,146,109,-14,-60,148
46276,-102,-1054,-75,191,1246,-7769,-6046,1583,-114,144,0,-27,48,428,6075,1034,48,0,12048,1454,1376,1545,1532,-118,99,-122,103,9,270,255,90,203,-11,-58,152
46326,-880,-1081,43,15,1118,-10821,-5802,362,-100,36,0,-35,25,428,6075,1029,-25,0,17363,1599,1615,1696,1706,-88,0,-90,0,8,272,255,2,159,-10,-57,144
46376,-1471,-1530,83,-78,610,-14605,1339,-797,-50,-56,0,-32,13,428,6075,1037,8,0,12392,1600,1600,1699,1707,-126,130,-131,135,-250,259,244,-94,76,-10,-57,153
46426,-1915,-1439,23,-105,990,-5633,4146,2376,71,-145,0,-17,-3,428,6075,1020,-29,0,14372,1588,1496,1665,1644,-128,212,-130,216,-279,125,244,-113,76,-9,-58,155
46476,-1788,-807,-213,173,986,2056,8846,1827,75,-106,0,-20,-1,428,6075,1035,11,0,14360,1596,1559,1690,1657,-251,108,-260,111,-380,129,255,-155,124,-8,-58,154
46526,-1598,-240,-75,-73,1103,-2642,10433,1217,-5,-131,0,-28,-19,428,6075,1032,16,0,15956,1503,1524,1624,1613,-217,0,-224,0,-346,67,255,-226,68,-8,-57,151
46576,-1728,-250,58,-86,845,-2154,7442,3048,74,-165,0,-13,-29,428,6075,1033,30,0,12747,1589,1553,1641,1654,-281,124,-291,128,-489,25,255,-287,30,-8,-58,152
46626,-2164,-247,184,-230,925,4620,9761,1156,156,-214,0,-2,-41,429,6104,1029,8,0,14066,1513,1507,1630,1612,-274,-22,-282,-22,-476,-107,255,-295,-62,-9,-59,155
46676,-1877,208,-77,27,1217,6512,14217,1644,194,-184,0,4,-38,428,6075,1034,24,0,14824,1531,1524,1633,1591,-336,-47,-348,-49,-560,-161,255,-259,-77,-8,-60,154
46726,-1144,694,-137,91,1416,7122,13424,1156,140,-97,0,5,-28,429,6104,1060,42,0,13303,1542,1503,1622,1603,-314,-81,-333,-86,-490,-232,255,-223,-34,-7,-60,154
46776,-320,1288,86,124,1247,5108,5733,1949,25,12,0,-3,-21,428,6075,1060,30,0,13062,1532,1464,1612,1602,-220,-26,-233,-28,-297,-76,255,-213,6,-6,-59,148
46826,23,1379,126,34,1097,2545,1156,2254,-13,-8,0,-3,-28,428,6075,1038,-33,0,17009,1559,1587,1671,1666,-209,10,-217,11,-231,128,255,-250,10,-6,-59,147
46876,-465,242,187,-81,1021,-3253,5672,484,-9,-121,0,-8,-31,428,6075,1064,8,0,12758,1536,1537,1622,1625,-167,11,-178,12,-319,42,255,-272,-72,-7,-59,148
46926,-918,-136,83,-121,771,897,8846,2803,151,-171,0,16,-33,429,6104,1053,-5,0,14577,1528,1501,1619,1577,-189,62,-200,66,-396,17,255,-251,-108,-8,-60,150
46976,-715,1276,-112,-52,843,12371,10677,1217,142,-77,0,15,-34,428,6075,1062,17,0,14083,1545,1528,1664,1611,-115,2,-122,2,-245,-127,255,-217,-115,-9,-62,153
47026,-167,1536,-205,114,1088,2362,5062,1461,69,27,0,8,-17,429,6104,1049,-56,0,16706,1579,1553,1668,1634,-103,15,-108,15,-160,-50,255,-113,-47,-9,-63,150
47076,509,1122,82,121,1042,-8319,-552,850,-32,91,0,0,-3,428,6075,1043,-111,0,19301,1656,1659,1749,1757,-54,119,-56,124,34,214,255,-132,0,-9,-64,144
47126,149,615,64,-63,627,-6671,-4520,-736,-41,35,0,-2,-6,428,6075,1043,-34,0,14234,1636,1621,1754,1710,36,-32,37,-33,58,58,244,-62,-33,-10,-64,143
47176,285,918,-103,89,799,-4534,-5069,-369,-25,115,0,-1,8,429,6104,1055,9,0,11671,1527,1492,1633,1626,-50,-46,-53,-49,84,84,255,-43,45,-10,-64,143
47226,-232,-194,144,-43,716,-5999,-10135,911,-65,37,0,-15,6,428,6075,1057,32,0,12935,1544,1523,1639,1633,18,117,20,124,178,161,255,-8,32,-10,-65,145
47276,-418,-624,-56,-1,1070,-5267,-4093,-736,-10,31,0,-9,18,429,6104,1055,-5,0,16961,1607,1573,1698,1671,18,79,19,83,94,0,255,25,35,-11,-65,140
47326,-467,-495,-105,-194,944,-628,-4642,-2017,-7,43,0,-5,19,428,6075,1068,60,0,11083,1518,1496,1654,1632,-5,-28,-5,-30,67,-59,255,70,-3,-10,-65,145
47376,-168,-352,78,204,1294,-3558,-10318,-2628,-24,120,0,-10,28,424,5962,1059,-6,0,15950,1526,1474,1574,1618,88,-78,93,-82,299,-59,255,42,45,-10,-64,149
47426,23,-1189,113,131,1119,-567,-11295,-1590,-63,-7,0,-14,16,428,6075,1030,-62,0,17954,1613,1609,1697,1723,99,7,102,7,300,68,255,-5,42,-11,-63,144
47476,-276,-1654,97,-113,781,-1971,-736,-1895,-37,-92,0,-9,8,429,6104,1044,-38,0,14531,1570,1546,1703,1692,77,49,80,51,16,16,255,-4,-14,-13,-64,144
47526,-61,-1102,-182,-41,987,-1788,1705,-2322,-30,1,0,-6,23,428,6075,1062,48,0,11232,1474,1441,1601,1584,4,-116,4,-123,8,-137,255,86,25,-12,-63,144
47576,282,-1182,120,151,777,-6671,-5802,-1773,-77,44,0,-13,26,428,6075,1065,35,0,13148,1552,1520,1623,1673,67,-41,72,-44,170,59,255,63,26,-12,-61,146
47626,-428,-1349,84,209,1049,-6854,-8243,484,0,28,0,-11,27,428,6075,1045,18,0,13004,1527,1491,1634,1619,70,20,74,21,127,76,244,82,40,-13,-61,141
47676,-1048,-1284,61,-7,1262,164,-3421,-919,69,28,0,-4,27,428,6075,1077,77,0,12559,1541,1512,1645,1638,32,15,35,16,102,-42,255,55,0,-13,-61,140
47726,-788,-857,-35,-119,839,-2825,-3970,-247,43,55,0,-2,26,428,6075,1059,-12,0,14363,1564,1551,1699,1676,16,-58,16,-61,25,-51,255,62,-8,-12,-61,145
47776,-238,-118,-113,61,855,-4656,-2384,-3,5,95,0,-4,23,428,6075,1053,-38,0,15404,1556,1561,1705,1677,71,35,74,36,96,164,244,65,13,-12,-61,139
47826,-467,-457,27,51,1199,-4901,972,-1102,-20,65,0,-12,20,428,6075,1057,-37,0,15640,1514,1505,1643,1629,31,-81,32,-86,34,-17,255,15,9,-12,-60,143
47876,-449,-480,-99,-43,1100,-140,2254,-3,48,32,0,2,17,428,6075,1062,20,0,13095,1526,1519,1680,1652,95,-43,101,-45,76,-102,255,53,-52,-13,-59,142
47926,92,-202,-74,115,878,-3253,911,-2139,15,100,0,2,25,428,6075,1058,6,0,13608,1543,1566,1673,1650,44,-200,47,-211,48,-135,255,56,-41,-13,-58,143
47976,265,188,-74,7,1228,-3558,-1834,-1773,0,101,0,5,18,429,6104,1061,22,0,15568,1468,1501,1595,1596,22,-218,23,-232,68,-136,255,-10,-110,-13,-57,146
48026,83,-603,94,-61,1016,-2764,-7022,850,84,23,0,19,13,429,6104,1051,-43,0,17017,1587,1589,1682,1694,21,-138,22,-145,102,-153,255,-7,-150,-14,-56,147
48076,-53,-1231,157,-117,999,-2032,-1468,-308,122,-27,0,26,13,429,6104,1049,34,0,11693,1480,1462,1614,1595,35,-106,36,-112,0,-144,255,0,-135,-14,-56,149
48126,-472,-744,-163,-54,1068,3216,3902,728,135,-26,0,19,11,429,6104,1051,16,0,13765,1589,1603,1697,1666,97,-277,102,-292,48,-331,255,-21,-149,-15,-56,151
48176,131,-636,-81,80,827,7733,3719,57,122,-31,0,24,7,428,6075,1060,24,0,13998,1536,1524,1633,1634,10,-273,11,-290,0,-385,255,-52,-211,-16,-55,143
48226,846,-789,277,-149,1042,12188,1827,-369,133,-30,0,43,2,430,6132,1055,7,0,14961,1499,1499,1628,1609,40,-326,42,-344,19,-463,255,-55,-285,-17,-54,149
48276,1454,-506,72,-14,837,15606,850,728,147,-5,0,54,6,428,6075,1062,-11,0,15079,1564,1537,1660,1642,85,-240,90,-255,0,-519,244,27,-306,-18,-54,144
48326,1789,-308,-224,24,976,13592,-858,850,107,48,0,51,19,429,6104,1076,14,0,11925,1579,1556,1682,1658,25,-252,27,-271,48,-510,244,44,-289,-18,-54,147
48376,2223,-550,-26,318,1313,8038,-5679,179,83,60,0,50,21,429,6104,1056,48,0,13110,1470,1444,1572,1568,-75,-227,-79,-240,75,-404,255,-27,-227,-17,-54,150
48426,2438,-446,39,-2,1190,7550,-6107,1461,5,23,0,43,11,428,6075,1049,-45,0,18071,1624,1600,1719,1704,1,-299,1,-314,68,-369,255,1,-237,-17,-53,143
48476,2040,-842,104,-17,1127,4803,-2200,240,21,0,0,40,12,428,6075,1065,11,0,11029,1517,1522,1679,1665,-2,-313,-2,-334,0,-360,244,5,-270,-17,-52,144
48526,1896,-1318,-3,22,1121,2728,1522,972,74,-23,0,47,19,427,6047,1057,-23,0,17292,1493,1485,1610,1569,62,-298,66,-315,-42,-381,244,77,-225,-17,-51,148
48576,1384,-1497,69,11,1051,3582,3658,-186,61,51,0,36,35,427,6047,1050,-69,0,18917,1616,1591,1729,1711,18,-199,19,-209,-51,-345,244,109,-150,-16,-51,149
48626,1215,-1086,-6,45,695,3948,2071,423,26,73,0,25,34,428,6075,1058,24,0,11370,1544,1524,1653,1639,2,-236,2,-249,0,-299,255,102,-152,-15,-50,142
48676,1034,-1240,47,-157,718,1446,-2078,-430,35,64,0,29,33,429,6104,1054,-35,0,16642,1607,1578,1708,1686,-18,-236,-19,-249,8,-294,255,127,-148,-14,-49,151
48726,759,-1369,4,228,939,2911,-3604,667,58,94,0,20,42,428,6075,1045,-29,0,14824,1596,1517,1690,1663,6,-119,6,-125,17,-294,255,125,-83,-13,-48,143
48776,602,-1127,-11,-114,836,6207,-1529,-614,-2,73,0,12,34,429,6104,1058,-21,0,14973,1601,1617,1739,1704,-2,-235,-2,-249,9,-230,255,152,-126,-11,-47,149
48826,323,-1958,-121,128,1469,2301,-2261,1033,93,64,0,22,49,428,6075,1045,26,0,13487,1592,1520,1674,1648,16,-94,17,-98,25,-270,255,175,-65,-9,-47,146
48876,354,-1972,-25,77,804,7733,-2994,-430,5,22,0,4,40,429,6104,1052,79,0,10562,1446,1467,1595,1578,-29,-129,-31,-136,0,-180,255,106,-75,-7,-46,144
48926,690,-2455,41,15,504,-4473,-1651,2254,10,-42,0,14,33,429,6104,1068,23,0,13877,1504,1514,1605,1588,-23,-137,-25,-146,-9,-88,255,100,-92,-6,-45,147
48976,209,-2278,27,-103,651,958,4207,118,39,-69,0,14,26,428,6075,1073,-15,0,16860,1569,1597,1682,1665,-65,-48,-69,-52,-109,-42,255,27,-135,-5,-46,146
49026,370,-2363,93,-77,1231,3399,6343,-186,94,-106,0,26,19,428,6075,1072,-9,0,16114,1542,1517,1656,1627,-77,-49,-83,-53,-181,-138,255,14,-125,-4,-46,149
49076,717,-1692,-184,120,1223,6695,7198,606,71,-70,0,24,19,428,6075,1053,-46,0,14366,1588,1604,1707,1688,-92,49,-97,51,-212,-84,244,-11,-82,-3,-48,147
49126,731,-1345,329,-15,1027,1507,3597,-1651,6,-56,0,14,6,428,6075,1067,11,0,15923,1509,1510,1619,1626,-107,-10,-114,-11,-126,0,255,-83,-89,-3,-49,147
49176,475,-1009,79,0,890,2239,2559,545,30,-107,0,14,-5,429,6104,1043,-3,0,12779,1547,1523,1656,1645,-75,71,-78,74,-178,42,255,-125,-53,-3,-49,142
49226,545,-668,81,-4,1041,-1483,6588,-980,-4,-84,0,9,-5,429,6104,1049,-20,0,16177,1621,1580,1739,1689,0,91,0,95,-136,76,255,-87,-4,-4,-51,138
49276,452,-689,-40,166,1038,-994,8052,-247,-68,-47,0,-8,4,428,6075,1042,-10,0,14278,1573,1570,1697,1667,-118,108,-123,113,-151,261,255,-84,99,-3,-52,149
49326,-186,-602,107,-163,1441,-5694,2010,606,-76,-59,0,-15,-2,428,6075,1062,42,0,14582,1520,1502,1660,1642,1,149,2,158,-34,247,255,-87,73,-4,-52,145
49376,133,-940,-81,119,1015,-4412,4085,-64,-71,-74,0,-13,3,428,6075,1059,53,0,13228,1439,1456,1589,1570,-6,195,-7,206,-43,275,255,-29,134,-4,-53,145
49426,-429,-1372,41,-102,808,-5206,972,-552,-107,-30,0,-26,17,428,6075,1079,34,0,13295,1591,1580,1685,1671,-89,101,-96,109,-84,244,255,33,165,-4,-53,149
49476,-964,-1413,24,76,895,-6060,-919,-614,-94,-14,0,-37,21,428,6075,1067,-2,0,17881,1596,1578,1687,1678,-22,98,-23,105,0,237,244,22,204,-3,-52,144
49526,-1203,-1083,-136,62,1091,-5450,-1468,-1407,-91,-56,0,-40,10,429,6104,1088,39,0,14017,1547,1504,1636,1652,-6,220,-7,240,33,252,255,-24,188,-3,-53,151
49576,-790,-1488,-37,8,1264,-5755,-1651,-919,-75,-68,0,-28,13,427,6047,1058,62,0,11685,1423,1463,1592,1595,69,318,73,336,9,368,255,-3,188,-4,-54,145
49626,-748,-1277,41,60,946,-7342,-675,301,-100,-51,0,-34,11,428,6075,1084,-4,0,18556,1634,1612,1709,1696,19,216,20,234,8,316,224,-22,205,-4,-54,144
49676,-620,-1146,-3,-114,1540,-7647,1888,-2200,-124,-28,0,-33,14,428,6075,1068,-28,0,16858,1482,1488,1626,1598,-3,214,-3,228,8,329,244,35,172,-4,-55,149
49726,-761,-1543,171,0,903,-5694,-186,-1834,-107,5,0,-34,24,429,6104,1056,-63,0,13420,1564,1566,1644,1663,-72,130,-76,137,0,269,244,46,174,-3,-55,146
49776,-1230,-1631,277,-145,786,-3741,-3726,-186,-56,-28,0,-29,16,428,6075,1067,-51,0,16002,1629,1567,1711,1704,5,150,6,160,25,217,255,-4,90,-3,-55,147
49826,-591,-1161,-92,189,1095,2606,1949,-1346,0,-38,0,-14,14,428,6075,1040,-68,0,15418,1516,1535,1664,1623,90,128,93,134,33,185,255,-3,65,-3,-56,145
49876,-210,-873,82,132,875,-1422,2437,-1407,-53,0,0,-17,13,429,6104,1047,-106,0,17744,1696,1645,1769,1769,-16,93,-16,97,38,86,255,-53,65,-4,-57,144
49926,120,-511,-236,6,881,1751,-3726,-1102,-37,-24,0,-5,9,429,6104,1044,0,0,13211,1468,1463,1630,1598,87,244,91,255,69,268,244,8,19,-5,-59,139
49976,-64,-1044,53,220,1137,-445,484,1217,-56,6,0,-16,19,428,6075,1057,58,0,11972,1419,1386,1556,1543,18,205,19,217,67,261,244,4,154,-5,-60,140
50026,-1002,-666,-61,-197,1007,42,-1773,3109,-69,0,0,-27,13,428,6075,1052,-66,0,19498,1717,1699,1791,1777,72,199,76,210,77,280,244,-4,160,-6,-60,145
50076,-770,-656,-128,-164,1182,-4779,-247,-1956,-93,23,0,-29,18,428,6075,1077,62,0,9549,1470,1448,1609,1603,50,187,54,201,43,223,244,48,142,-6,-60,147
50126,-776,-1176,241,-42,1041,-7403,-1102,911,-114,49,0,-35,26,429,6104,1053,-1,0,15779,1541,1525,1620,1621,2,142,3,149,75,259,255,75,183,-5,-60,145
50176,-1251,-1149,-46,98,1155,-5633,-3055,606,-83,56,0,-40,32,428,6075,1062,21,0,15051,1579,1573,1689,1686,42,106,45,113,84,252,244,113,218,-4,-58,147
50226,-1924,-951,-184,-59,825,-5450,-3970,-125,-57,53,0,-43,31,428,6075,1038,-3,0,17190,1559,1532,1670,1659,32,113,33,118,68,197,255,70,217,-3,-57,147
50276,-1624,-1037,-146,-90,1132,-4840,-6473,-64,-54,59,0,-37,32,428,6075,1082,107,0,9339,1467,1463,1599,1606,75,177,81,191,135,250,255,144,184,-2,-57,150
50326,-1745,-1395,-143,145,911,-8380,-7633,57,-52,94,0,-44,46,428,6075,1075,61,0,11948,1547,1512,1611,1613,-13,132,-14,142,110,160,244,174,205,-1,-57,150
50376,-2164,-1535,-60,167,895,-4412,-11417,-186,-30,80,0,-48,43,428,6075,1087,3,0,16904,1628,1607,1678,1699,19,90,21,98,170,162,255,143,195,0,-57,146
50426,-2093,-1937,26,11,1070,-4962,-4825,-1834,-23,39,0,-41,41,428,6075,1080,36,0,12741,1523,1499,1631,1623,4,162,5,175,85,180,255,138,165,0,-56,145
50476,-1824,-1693,164,25,1248,-323,-675,240,15,48,0,-30,40,428,6075,1071,27,0,14063,1526,1510,1666,1639,-37,19,-39,21,0,0,255,124,120,2,-55,140
50526,-1175,-1020,-117,169,871,6756,-491,240,10,63,0,-23,33,428,6075,1097,-12,0,17625,1575,1556,1690,1701,-43,19,-47,21,0,0,255,60,104,3,-54,141
50576,-207,-1076,57,-46,689,5718,-2628,-736,-100,21,0,-23,21,428,6075,1079,-22,0,13156,1589,1546,1686,1684,31,-75,34,-81,0,-97,255,-29,66,3,-53,144
50626,197,-600,-99,-65,770,-445,728,423,-94,-3,0,-13,12,428,6075,1072,-35,0,15797,1598,1582,1721,1690,39,-10,42,-11,0,-8,255,10,6,3,-53,136
50676,428,-931,88,142,1342,3887,2437,301,-70,43,0,-9,24,428,6075,1080,-20,0,15029,1562,1493,1659,1630,-23,-65,-25,-70,0,-76,255,22,48,3,-52,140
50726,385,-792,58,-82,945,3887,1400,-1834,-62,17,0,-4,16,430,6132,1066,-23,0,13971,1505,1527,1649,1649,-12,-85,-13,-91,0,0,255,-7,-61,3,-51,140
50776,74,-1129,-23,-30,1103,-4595,2926,-675,24,-20,0,7,16,429,6104,1063,-90,0,18489,1675,1674,1761,1742,-28,-76,-30,-80,-50,-84,255,43,-99,4,-52,145
50826,76,-878,77,77,1460,1995,5062,-1834,56,28,0,11,20,429,6104,1062,-12,0,14346,1475,1443,1623,1611,13,-105,14,-111,-34,-162,255,-19,-87,4,-52,144
50876,192,-1234,-115,24,906,1080,972,-64,57,-68,0,14,10,428,6075,1067,-16,0,16725,1590,1596,1686,1686,1,-81,1,-87,-38,-165,255,-20,-102,4,-52,142
50926,15,-1288,-57,41,794,-2520,1705,-2139,45,-62,0,8,12,428,6075,1046,-32,0,16197,1557,1538,1664,1665,-69,-83,-72,-87,-84,-160,255,-21,-67,4,-52,146
50976,214,-1133,-45,-142,1030,3094,1094,728,37,-40,0,13,13,428,6075,1066,2,0,14552,1583,1542,1663,1680,-14,-149,-15,-159,-102,-231,255,-11,-83,5,-50,149
51026,-117,-1633,-102,-60,954,4071,-247,-919,44,-65,0,7,18,427,6047,1055,-22,0,16616,1574,1554,1695,1682,-105,-247,-111,-261,-120,-369,244,21,-73,6,-49,152
51076,596,-1045,185,78,1109,7550,3597,-1407,-1,21,0,8,19,429,6104,1059,5,0,15284,1540,1499,1661,1648,-86,-161,-91,-171,-92,-177,244,-43,-65,7,-47,146
51126,679,-663,-8,-119,917,3094,-858,-797,11,-28,0,16,6,429,6104,1066,43,0,12303,1516,1480,1657,1650,-68,-213,-73,-227,-78,-251,244,-57,-126,7,-47,147
51176,503,-513,78,-21,1155,1202,362,-1468,44,0,0,18,7,428,6075,1063,46,0,15073,1520,1504,1662,1628,-72,-255,-77,-271,-118,-211,255,-42,-130,8,-46,146
51226,790,-720,30,-64,987,4254,3414,-1773,36,-53,0,22,1,428,6075,1067,69,0,12537,1473,1483,1628,1631,-131,-219,-140,-234,-144,-228,234,-94,-203,8,-45,150
51276,629,-1170,176,-41,1288,836,2193,240,121,-124,0,36,-6,429,6104,1065,27,0,14735,1478,1510,1619,1631,-173,-245,-184,-261,-273,-334,244,-129,-269,8,-46,154
51326,218,-1096,14,5,984,6329,9395,-2567,201,-140,0,43,-8,428,6075,1075,70,0,10736,1483,1433,1597,1586,-145,-134,-156,-144,-295,-329,255,-123,-266,8,-46,153
51376,918,-491,-2,148,800,10723,9945,-369,171,-55,0,45,-1,429,6104,1076,-38,0,18239,1591,1563,1693,1664,-195,-201,-210,-216,-310,-319,255,-77,-248,9,-47,153
51426,1178,206,-52,324,1423,4925,4757,-1468,90,39,0,34,5,427,6047,1078,18,0,13704,1525,1526,1675,1663,-121,-314,-130,-338,-157,-354,255,-49,-185,10,-46,152
51476,1325,612,-135,-136,801,1385,3475,-2017,17,54,0,30,3,423,5934,1095,30,0,11665,1441,1426,1592,1598,-69,-133,-76,-145,-59,-186,244,-57,-160,10,-45,150
51526,1212,427,-78,91,795,-2581,-2689,911,34,100,0,26,14,429,6104,1092,-8,0,15214,1608,1566,1729,1683,2,-172,2,-187,-16,-202,244,35,-123,10,-45,144
51576,1437,178,14,136,1158,2972,-1834,-2567,-42,157,0,14,27,428,6075,1087,-27,0,12716,1539,1521,1685,1663,-69,-267,-75,-290,-9,-196,255,43,-76,12,-43,150
51626,923,-444,-22,-39,485,-3924,-4947,789,-15,84,0,15,25,428,6075,1088,-15,0,13848,1594,1591,1736,1700,-26,-188,-29,-205,25,-127,244,67,-114,13,-43,149
51676,1014,-110,-134,231,1146,-1055,-2384,-675,5,132,0,15,30,428,6075,1078,44,0,10723,1464,1411,1606,1578,-101,-213,-109,-230,38,-172,255,122,-69,15,-41,153
51726,879,-956,82,281,1035,-5511,-7755,1156,1,106,0,10,35,428,6075,1086,-13,0,16469,1503,1526,1640,1619,10,-154,11,-167,88,-53,255,78,-61,16,-40,145
51776,-10,-792,35,-4,708,-3070,-6961,-247,74,79,0,15,28,429,6104,1074,-63,0,16423,1628,1604,1728,1727,-59,-88,-64,-95,16,-236,244,24,-101,17,-39,145
51826,51,-926,-167,-220,816,2850,-2811,-1590,83,30,0,22,26,429,6104,1063,-22,0,13663,1593,1546,1728,1688,-23,-123,-24,-131,0,-300,255,102,-124,18,-40,150
51876,269,-903,-89,-79,767,2728,-2506,-1651,54,78,0,17,33,428,6075,1082,-4,0,16525,1583,1566,1693,1696,-26,-221,-28,-239,58,-331,255,45,-98,20,-38,147
51926,366,-820,-181,-127,1128,7000,-6351,-1224,68,41,0,21,25,428,6075,1072,13,0,12730,1541,1528,1679,1681,-107,-239,-115,-256,0,-342,255,42,-141,21,-37,152
51976,373,-1552,88,-107,656,3521,-2628,-64,66,-24,0,22,19,428,6075,1056,-76,0,18296,1645,1670,1776,1758,-8,-266,-9,-281,-19,-270,255,-39,-184,22,-35,149
52026,104,-1300,-3,-108,1042,9625,2864,-1285,183,-93,0,39,4,428,6075,1063,13,0,12504,1531,1471,1670,1644,-35,-113,-37,-120,-68,-343,255,-41,-223,21,-36,152
52076,774,-1088,-12,-8,536,12493,667,423,128,-64,0,38,6,427,6047,1075,-16,0,14345,1536,1510,1652,1642,-60,-187,-64,-201,-60,-309,255,-138,-199,21,-35,150
52126,938,-1334,67,-280,971,7122,3048,789,109,-177,0,43,-12,428,6075,1061,-65,0,17238,1623,1637,1767,1749,8,-190,8,-201,-48,-270,244,-171,-262,20,-36,150
52176,1022,-679,-82,303,1353,8526,7503,-2750,171,-145,0,47,-15,428,6075,1067,40,0,14059,1518,1422,1635,1592,-188,-83,-200,-88,-268,-347,234,-109,-138,20,-38,157
52226,1956,-471,27,165,1052,7733,4818,484,-26,-60,0,26,-4,430,6132,1069,32,0,13832,1452,1518,1633,1630,-138,-220,-147,-236,-212,-154,255,-117,-145,21,-37,154
52276,1245,-234,-171,-46,1223,-3436,-2261,667,25,-54,0,28,-4,429,6104,1085,81,0,11110,1423,1399,1558,1561,-21,37,-23,40,-59,59,255,-41,-108,20,-38,147
52326,1205,19,-154,36,751,-1971,-3909,789,-26,39,0,15,11,428,6075,1102,70,0,12612,1538,1532,1629,1632,-82,37,-90,41,-9,78,255,-9,-41,21,-39,140
52376,1140,157,-186,43,784,-5694,-6107,972,-80,57,0,3,13,428,6075,1088,32,0,15015,1563,1577,1683,1676,-50,64,-54,69,68,180,255,-13,27,22,-40,141
52426,920,-714,-254,7,985,-8197,-3970,179,-98,5,0,-2,18,428,6075,1108,21,0,14644,1602,1618,1731,1716,-24,54,-27,60,42,261,255,21,42,23,-40,139
52476,250,-1194,90,-29,1218,-7281,-5435,-3,-84,-12,0,-11,16,428,6075,1074,-7,0,13785,1467,1488,1606,1616,-109,-79,-117,-85,-25,129,255,-24,30,24,-40,149
52526,-416,-1424,-157,73,1047,-3314,-736,850,-6,-119,0,-9,4,428,6075,1079,-77,0,15404,1667,1663,1735,1763,-104,33,-113,35,-48,77,244,-80,34,24,-40,147
52576,-1373,-1798,84,-358,1020,6573,5245,-186,98,-176,0,1,-4,429,6104,1060,-87,0,14703,1596,1596,1736,1718,-156,64,-165,68,-322,-67,244,-169,-43,24,-41,152
52626,-668,-1004,-66,-91,1117,10174,8358,1156,85,-159,0,5,-11,428,6075,1079,-13,0,13683,1603,1494,1679,1662,-204,80,-220,86,-368,-257,255,-130,16,25,-42,153
52676,781,-444,8,-104,736,4498,6282,2010,-89,-94,0,-1,-10,428,6075,1071,-10,0,14928,1544,1574,1708,1707,-211,35,-226,38,-319,116,255,-150,12,26,-42,148
52726,662,-403,-134,-84,1068,-5572,1827,1278,-98,-115,0,-5,-13,429,6104,1062,-37,0,17475,1644,1618,1739,1746,-196,156,-208,166,-253,185,255,-134,55,27,-43,155
52776,-38,-741,-1,2,1088,-6427,4268,-1956,-87,-115,0,-17,-9,428,6075,1049,-38,0,15439,1543,1509,1667,1668,-250,102,-262,107,-316,162,255,-172,134,28,-44,153
52826,-66,-495,277,4,1078,2484,9273,-369,-87,-113,0,-18,-18,428,6075,1070,30,0,12795,1520,1474,1651,1622,-136,118,-146,126,-330,175,255,-192,81,27,-44,151
52876,-236,12,36,-271,1052,592,7808,-491,-88,-114,0,-16,-23,429,6104,1078,110,0,10139,1360,1357,1513,1531,-154,130,-166,141,-294,160,255,-182,112,27,-46,153
52926,-523,16,124,42,1275,-9234,7991,-3,-95,-106,0,-28,-22,428,6075,1083,45,0,16854,1539,1529,1646,1646,-209,172,-227,186,-280,280,255,-181,148,27,-46,151
52976,-734,356,-80,-121,1115,-5999,6343,-1285,-111,-62,0,-32,-16,428,6075,1087,-6,0,15147,1551,1548,1690,1682,-132,333,-144,362,-318,386,255,-150,189,28,-48,157
53026,-508,478,96,190,905,-2581,6527,-858,-113,-34,0,-35,-16,428,6075,1063,-57,0,16692,1595,1553,1693,1682,-139,220,-147,234,-228,270,255,-173,171,27,-49,154
53076,-169,909,10,-20,822,164,4940,-1346,-118,-28,0,-26,-21,428,6075,1049,-54,0,14489,1628,1569,1733,1724,-148,192,-155,201,-230,298,255,-190,141,27,-50,153
53126,-320,943,-44,-143,960,-3253,7869,-1346,-106,-46,0,-23,-24,428,6075,1063,35,0,11331,1514,1478,1671,1644,-114,322,-121,343,-240,387,255,-193,123,27,-51,156
53176,-505,272,190,-189,448,-4229,6954,-125,-133,-43,0,-27,-21,429,6104,1066,-27,0,18318,1630,1600,1724,1707,-115,222,-122,236,-194,337,255,-125,161,26,-52,156
53226,-793,-19,-45,205,1137,-9661,2620,423,-113,-10,0,-39,0,428,6075,1063,8,0,14267,1497,1471,1628,1595,-61,251,-65,267,-146,352,255,-40,261,27,-53,148
53276,-939,24,68,192,709,-12164,1094,118,-157,27,0,-52,3,428,6075,1073,35,0,13624,1566,1546,1682,1680,-36,260,-38,279,0,460,255,-34,281,27,-53,143
53326,-961,-719,-55,-72,749,-12591,-3482,1766,-177,-18,0,-49,10,428,6075,1067,-7,0,15826,1541,1479,1655,1638,27,308,29,329,0,472,255,13,286,26,-54,147
53376,-1885,-1223,-4,-166,942,-10028,240,-1102,-162,-22,0,-61,17,432,6190,1081,0,0,14655,1537,1544,1676,1670,35,356,37,385,8,451,255,83,343,27,-53,147
53426,-2134,-1221,-116,262,1292,-9661,-1163,362,-156,-2,0,-72,23,428,6075,1062,14,0,11936,1517,1481,1606,1615,-9,316,-10,336,42,470,255,30,367,27,-53,150
53476,-1964,-1104,151,123,1020,-12408,-4031,606,-127,-11,0,-61,14,428,6075,1074,21,0,13368,1507,1490,1618,1628,34,185,37,199,87,396,255,-3,288,27,-52,150
53526,-2207,-1150,-145,-37,1143,-7525,-1041,-797,-76,-54,0,-53,12,429,6104,1070,18,0,12881,1440,1414,1562,1565,121,210,130,225,145,324,255,14,278,26,-51,153
53576,-2387,-1481,9,116,989,-7891,-2628,118,-49,-31,0,-54,19,428,6075,1084,23,0,14276,1515,1478,1617,1606,88,209,95,227,85,238,255,59,305,25,-50,145
53626,-2448,-1251,-140,87,1145,-2886,-614,484,-59,-3,0,-56,23,429,6104,1096,60,0,11262,1557,1526,1661,1658,81,124,89,136,125,183,255,78,285,25,-49,147
53676,-2255,-1349,-195,9,786,-7586,-2078,-1285,-109,-26,0,-61,23,428,6075,1084,33,0,13736,1475,1479,1608,1603,166,54,180,59,243,126,255,87,254,24,-46,150
53726,-1940,-1620,164,48,568,-6976,-4093,606,-83,32,0,-52,29,428,6075,1104,14,0,13240,1570,1576,1693,1681,142,24,157,26,178,144,255,83,212,24,-44,146
53776,-1810,-1300,109,-28,1001,-3375,-308,-1163,-58,20,0,-43,25,428,6075,1129,49,0,13830,1544,1537,1653,1643,93,-88,105,-99,174,-48,255,84,137,23,-42,150
53826,-1771,-1481,79,-39,761,-3741,-4215,606,18,38,0,-26,31,428,6075,1091,-51,0,17676,1573,1592,1680,1699,149,-142,163,-155,214,-107,255,98,68,22,-41,150
53876,-2033,-1929,251,-174,866,-140,-3726,-675,92,23,0,-13,32,428,6075,1077,-123,0,19767,1651,1589,1749,1742,189,-130,203,-140,205,-239,255,135,-35,21,-39,155
53926,-1395,-1096,-152,21,1235,9564,-247,-1712,172,59,0,8,33,428,6075,1071,-79,0,13449,1541,1511,1693,1674,194,-130,208,-140,203,-309,255,127,-72,20,-38,153
53976,-970,-1121,-3,181,1099,14385,-5130,-552,118,93,0,1,38,430,6132,1088,7,0,11336,1610,1523,1689,1707,165,-228,179,-248,300,-463,255,137,-67,19,-36,150
54026,24,-1872,107,-87,906,11029,-3177,-4703,63,63,0,14,43,428,6075,1092,19,0,12001,1550,1549,1731,1719,240,-297,263,-325,323,-374,255,190,-105,19,-34,151
54076,-30,-2359,69,-77,1177,5902,-125,301,82,47,0,16,50,428,6075,1070,-46,0,18319,1544,1523,1683,1661,205,-225,220,-240,280,-322,255,147,-144,18,-32,149
54126,-177,-2338,-111,-129,1072,17010,-125,-1590,152,-32,0,28,37,428,6075,1087,5,0,13345,1543,1578,1686,1690,251,-354,273,-385,282,-428,255,106,-219,17,-31,156
54176,494,-1847,-24,101,1075,3216,-552,-1956,165,-2,0,39,32,428,6075,1065,-18,0,13755,1574,1529,1684,1688,199,-253,212,-269,197,-463,244,148,-278,16,-31,153
54226,904,-1653,16,-46,820,8953,-1590,-186,122,59,0,40,40,429,6104,1080,73,0,11765,1535,1462,1649,1647,247,-242,267,-261,253,-447,255,133,-233,15,-30,150
54276,1159,-1158,-23,-25,772,11578,-7999,1156,105,77,0,41,36,429,6104,1080,34,0,15088,1505,1456,1633,1631,244,-277,264,-299,328,-440,255,136,-265,14,-30,153
54326,1650,-1112,-142,133,1139,2911,-6839,1156,89,108,0,44,43,428,6075,1070,-44,0,17965,1574,1532,1702,1675,303,-221,324,-237,333,-358,255,154,-266,12,-30,155
54376,1633,-1202,-203,256,1400,7794,-5008,-858,99,129,0,44,49,428,6075,1094,45,0,12146,1416,1425,1608,1599,273,-163,299,-178,377,-335,255,231,-157,11,-30,154
54426,1112,-1425,-69,-49,995,7122,-8487,-125,34,146,0,27,55,428,6075,1086,22,0,15567,1485,1481,1607,1618,212,-302,230,-328,384,-342,255,228,-177,12,-29,152
54476,901,-1533,-6,-40,1024,-1177,-7449,-2322,63,146,0,29,56,428,6075,1083,17,0,13181,1553,1565,1671,1657,306,-186,331,-202,385,-250,255,256,-195,10,-28,153
54526,927,-1538,8,166,1089,-1361,-10623,-980,88,189,0,31,64,428,6075,1082,14,0,15386,1518,1481,1620,1626,188,-271,204,-293,380,-338,255,303,-165,11,-27,152
54576,399,-2082,-97,121,1136,6268,-10074,484,89,197,0,22,77,428,6075,1070,-43,0,17029,1598,1570,1699,1704,261,-307,280,-328,424,-339,255,355,-116,12,-25,153
54626,-203,-2369,-59,-143,1287,3094,-11844,606,80,173,0,14,76,428,6075,1084,38,0,13375,1445,1385,1557,1586,192,-200,208,-217,393,-282,255,289,-84,13,-24,153
54676,431,-2364,-211,-58,919,6146,-8792,-675,58,116,0,20,69,429,6104,1087,29,0,13609,1496,1507,1618,1639,190,-212,207,-231,337,-287,255,289,-118,14,-22,152
54726,314,-2996,49,1,684,42,-9769,1827,73,110,0,20,73,428,6075,1085,-48,0,17727,1642,1603,1743,1713,205,-188,222,-204,274,-248,255,318,-103,15,-21,147
54776,256,-2888,-179,104,1098,9991,-3360,-125,59,129,0,13,80,427,6047,1075,-55,0,16203,1586,1583,1708,1700,-1,-224,-1,-241,109,-287,255,254,-45,18,-19,151
54826,-40,-3019,110,-18,1277,6268,-3726,-3,52,23,0,9,56,430,6132,1071,-10,0,12827,1596,1563,1688,1713,-4,-185,-4,-198,92,-344,255,178,-123,20,-18,146
54876,685,-2877,16,-102,1029,4071,-125,-125,85,7,0,30,52,428,6075,1066,-12,0,14341,1513,1532,1665,1639,36,-201,38,-215,-8,-250,255,138,-142,21,-17,147
54926,688,-2333,82,70,695,8099,4940,-552,88,-13,0,27,36,428,6075,1078,-24,0,15212,1654,1632,1731,1740,29,-143,32,-154,0,-252,255,43,-171,22,-17,144
54976,890,-1632,-7,43,1031,3643,1705,-369,85,-47,0,31,19,427,6047,1095,76,0,10163,1498,1440,1616,1611,-61,-83,-67,-91,-168,-219,255,-11,-182,22,-18,148
55026,1463,-1059,-108,133,1128,-2520,5306,1827,24,-19,0,28,17,429,6104,1090,26,0,14875,1585,1515,1676,1651,-97,-52,-105,-57,-247,-119,255,-40,-138,22,-19,154
55076,1280,-545,-61,163,845,2545,3353,1827,17,6,0,22,12,428,6075,1064,-62,0,16668,1613,1595,1749,1722,-100,15,-106,16,-179,34,255,-77,-68,24,-19,145
55126,381,-357,236,-38,1434,3521,6282,179,51,-25,0,17,-1,430,6132,1067,-2,0,13529,1542,1558,1700,1676,-140,-31,-150,-33,-286,8,255,-137,-132,24,-20,148
55176,363,-276,-36,295,1086,-506,5184,911,102,-63,0,21,-6,428,6075,1074,25,0,13466,1497,1489,1620,1599,-233,-36,-250,-38,-300,-111,255,-109,-69,24,-21,151
55226,462,-175,90,217,931,1019,2864,2803,29,-43,0,9,-7,429,6104,1074,21,0,14489,1567,1521,1661,1660,-141,66,-152,71,-238,76,255,-175,-33,24,-22,144
55276,434,-684,17,-63,668,-3802,2742,1583,-12,-156,0,7,-19,428,6075,1079,-29,0,15964,1623,1613,1735,1731,-129,158,-139,170,-355,194,255,-254,-26,24,-23,152
55326,-433,-716,19,-316,807,-4656,12813,606,27,-190,0,5,-24,428,6075,1082,12,0,14218,1550,1533,1681,1635,-297,126,-321,136,-574,145,244,-210,-40,24,-25,152
55376,-563,-199,23,278,1037,2239,14522,2742,76,-125,0,0,-20,429,6104,1086,31,0,13290,1548,1478,1629,1602,-313,177,-340,193,-546,136,255,-298,68,25,-27,151
55426,-483,295,59,-10,1141,2789,12386,606,6,-197,0,-7,-44,428,6075,1099,34,0,14753,1566,1553,1673,1661,-249,170,-274,187,-464,212,255,-358,52,25,-28,149
55476,-860,427,-117,-105,1032,-6549,16353,-858,24,-232,0,-7,-50,429,6104,1097,27,0,14067,1546,1568,1671,1655,-263,264,-288,290,-585,247,244,-343,21,23,-31,155
55526,-1135,757,-181,-38,967,-1177,16597,484,41,-174,0,-11,-43,428,6075,1084,28,0,13204,1551,1507,1627,1610,-352,197,-381,214,-569,127,255,-306,63,24,-33,154
55576,-434,1554,36,-2,937,4620,11898,606,-24,-57,0,-12,-38,429,6104,1081,-13,0,13447,1603,1582,1702,1674,-255,62,-275,68,-337,96,255,-306,78,23,-34,148
55626,56,2330,130,251,1364,-872,3963,1644,-84,5,0,-19,-42,427,6047,1083,-10,0,15700,1509,1450,1602,1579,-135,177,-147,192,-214,243,255,-300,133,22,-34,151
55676,-299,1835,-201,-151,1032,-9417,423,-186,-110,-23,0,-23,-33,429,6104,1088,14,0,12943,1585,1595,1708,1685,-46,183,-50,199,-42,367,255,-135,144,21,-35,154
55726,-598,504,-46,135,883,-13934,-4703,667,-119,48,0,-36,1,428,6075,1098,1,0,13449,1588,1581,1675,1664,-107,240,-118,264,-9,406,255,-35,226,22,-35,148
55776,-512,269,103,118,1121,-7281,-8853,240,-172,76,0,-45,7,427,6047,1067,13,0,14194,1516,1486,1602,1629,-112,166,-120,178,78,341,255,-68,236,22,-35,149
55826,-721,-729,130,-15,474,-10882,-12393,972,-156,-33,0,-42,0,428,6075,1084,-41,0,16247,1621,1608,1732,1733,18,316,20,343,128,522,255,-90,214,22,-35,150
55876,-1285,-1452,-125,9,1076,-13018,-3787,-614,-92,-154,0,-40,-3,427,6047,1083,-43,0,15474,1542,1543,1675,1649,20,226,22,245,-25,371,255,-21,214,21,-37,153
55926,-1827,-1498,-165,151,1321,-10089,3292,-675,-69,-71,0,-47,15,428,6075,1076,-20,0,15209,1560,1543,1680,1672,-42,333,-46,358,-49,442,255,2,291,21,-37,153
55976,-1363,-556,-91,-194,767,-6732,-1712,-858,-181,6,0,-54,13,428,6075,1077,-3,0,14084,1511,1497,1646,1651,7,233,8,251,42,392,255,-35,259,21,-37,146
56026,-1249,-722,-180,-87,1040,-8197,-4581,-64,-153,-29,0,-50,10,429,6104,1071,-8,0,12842,1568,1540,1667,1676,-46,265,-49,284,48,338,255,0,231,21,-37,150
56076,-791,-906,103,20,1082,-5328,-2445,484,-151,25,0,-44,19,428,6075,1088,65,0,10318,1504,1463,1649,1613,-61,207,-67,225,0,385,255,-19,217,22,-37,147
56126,-672,-964,126,101,805,-3253,-2384,-3,-110,-34,0,-36,6,428,6075,1064,-39,0,16764,1623,1603,1701,1726,9,192,9,204,77,309,255,-66,165,21,-37,144
56176,-904,-1273,127,-291,1314,-4290,423,-1956,-62,-74,0,-23,5,428,6075,1059,-7,0,12688,1502,1481,1661,1663,-5,234,-5,248,0,194,255,-57,78,20,-38,146
56226,-859,-1163,32,-85,1118,103,3963,-1407,-32,-72,0,-20,5,428,6075,1085,36,0,14668,1554,1531,1662,1659,30,79,33,86,17,51,255,-33,71,19,-38,141
56276,-584,-1395,136,20,633,-506,-797,-1163,-46,-81,0,-20,4,427,6047,1067,-42,0,15557,1610,1622,1714,1746,9,-55,10,-59,0,0,255,-94,51,18,-38,141
56326,-941,-1422,236,-124,558,-3253,301,-1712,-7,-120,0,-13,-6,429,6104,1064,-54,0,14624,1624,1548,1723,1712,93,184,99,195,0,84,255,-103,49,16,-40,147
56376,-401,-424,-228,40,1187,2606,5977,-1590,-18,-36,0,-11,4,428,6075,1062,6,0,11133,1458,1387,1625,1597,20,-59,21,-63,0,0,255,-22,98,15,-39,141
56426,-467,-704,18,46,873,2056,-64,423,-57,-26,0,-21,6,429,6104,1074,12,0,13910,1558,1588,1700,1710,53,-3,57,-3,93,110,255,-42,74,15,-39,137
56476,-845,-621,-236,-30,952,164,-3299,-1712,-22,-36,0,-18,8,428,6075,1064,38,0,13345,1477,1467,1636,1623,0,-3,0,-3,67,-8,255,-20,39,14,-38,140
56526,-665,-425,-226,-44,933,-2093,-308,-1407,-6,4,0,-12,13,429,6104,1069,10,0,13742,1504,1506,1626,1634,5,-74,5,-80,68,-51,255,15,31,14,-37,141
56576,-770,-644,76,-3,1000,-2276,-5252,-1285,11,42,0,-11,17,429,6104,1074,14,0,14354,1517,1517,1654,1671,-3,-47,-3,-51,107,29,255,28,23,14,-36,143
56626,-1091,-887,-84,19,1074,2667,-1102,-1956,46,-16,0,-10,14,428,6075,1062,-35,0,16427,1575,1580,1681,1710,12,-95,13,-101,92,-126,255,-20,-24,14,-36,150
56676,-1405,-1364,113,-111,1050,4742,850,-1773,158,-61,0,8,9,430,6132,1071,-7,0,12656,1598,1550,1703,1718,85,-8,91,-8,42,-265,255,-44,-94,12,-36,145
56726,-386,-841,-42,-154,924,8953,2254,-3421,122,-18,0,20,12,428,6075,1067,-3,0,13482,1516,1507,1674,1660,76,-195,81,-208,17,-323,255,14,-121,12,-35,149
56776,142,-639,150,-21,786,3399,3231,-1773,46,43,0,12,16,427,6047,1073,-9,0,15289,1529,1533,1693,1689,87,-125,94,-134,50,-118,255,5,-96,11,-35,143
56826,311,-465,-2,-80,966,-201,-125,-3116,34,56,0,14,19,429,6104,1076,23,0,13765,1499,1473,1661,1627,79,-162,85,-174,51,-196,255,74,-98,11,-35,143
56876,853,-321,-61,157,1175,-1116,-3726,-3116,-17,123,0,9,31,430,6132,1092,40,0,14146,1559,1544,1688,1694,32,-248,35,-271,163,-154,255,100,-31,12,-33,150
56926,490,-1035,-19,69,986,-2764,-3360,-3055,-28,43,0,1,27,427,6047,1065,-13,0,16050,1522,1572,1697,1701,134,-206,143,-219,202,-67,255,64,-59,12,-32,149
56976,-257,-1475,0,-128,1136,1263,3109,-2445,58,-21,0,9,22,429,6104,1073,-7,0,14652,1496,1521,1712,1674,39,-196,42,-210,8,-239,255,63,-139,12,-31,146
57026,-263,-958,-60,-82,1280,4315,6160,-3848,111,35,0,18,25,428,6075,1083,51,0,13955,1521,1486,1658,1662,32,-184,35,-199,0,-350,244,37,-148,12,-31,147
57076,144,-1461,174,22,807,3704,3170,-3116,119,-31,0,25,15,429,6104,1088,-12,0,16658,1556,1590,1709,1736,43,-164,47,-178,33,-294,255,-40,-211,11,-31,149
57126,-158,-1076,114,-118,1048,3704,3353,-3848,170,-46,0,33,7,430,6132,1072,-19,0,13621,1597,1496,1716,1697,93,-65,100,-70,8,-332,255,1,-198,10,-32,148
57176,975,-244,28,255,1057,3643,3109,-2933,85,82,0,29,20,427,6047,1073,8,0,13316,1561,1522,1700,1706,27,-255,29,-273,68,-307,255,45,-142,9,-31,143
57226,811,24,52,37,1079,-1361,-4215,-1224,50,102,0,24,18,428,6075,1071,8,0,13332,1493,1466,1678,1676,35,-164,37,-176,93,-203,255,49,-144,9,-30,143
57276,900,-287,115,172,1066,-933,-5985,-2506,42,140,0,21,30,428,6075,1087,48,0,13125,1530,1503,1672,1691,-39,-195,-42,-211,126,-175,255,64,-114,10,-29,151
57326,302,-1024,59,28,909,3948,-5252,-1651,73,25,0,19,21,428,6075,1071,-40,0,17674,1590,1604,1739,1756,24,-277,26,-297,111,-317,255,19,-191,10,-28,147
57376,-92,-1268,59,-16,1073,8465,3414,-3482,195,-27,0,37,16,428,6075,1067,1,0,12538,1491,1429,1673,1654,45,-35,48,-38,0,-328,255,8,-216,8,-30,142
57426,867,-770,3,189,1166,13836,3353,-1224,112,10,0,33,16,429,6104,1054,-86,0,17257,1633,1606,1771,1747,93,-201,98,-212,0,-431,255,-13,-188,7,-30,146
57476,992,-512,160,-25,917,6695,2437,-3360,112,50,0,40,15,428,6075,1054,-39,0,14283,1586,1558,1770,1752,16,-60,17,-63,50,-253,244,49,-158,7,-31,144
57526,859,-457,44,159,1018,9930,1094,-4581,84,59,0,28,19,428,6075,1056,-6,0,14744,1472,1454,1686,1662,69,-203,73,-214,67,-279,255,7,-180,7,-31,143
57576,1255,-365,125,-79,827,9197,-4154,-736,54,67,0,34,16,428,6075,1062,0,0,14418,1548,1504,1716,1706,60,-130,64,-138,156,-254,255,-13,-151,6,-32,146
57626,1352,-444,96,-33,632,1873,-1834,-2445,28,41,0,30,13,428,6075,1067,60,0,12499,1469,1401,1636,1647,51,-11,54,-11,102,-59,255,-10,-138,6,-33,144
57676,521,-974,44,-49,604,-445,-3665,179,47,-11,0,20,13,427,6047,1077,34,0,13750,1506,1466,1683,1676,70,71,76,76,48,57,255,42,-20,6,-34,136
57726,337,-1286,-61,239,1043,2117,-1651,606,-3,11,0,0,26,429,6104,1075,35,0,14009,1542,1485,1683,1677,64,65,69,70,58,19,255,29,34,5,-34,136
57776,275,-822,149,172,1036,-1300,423,-186,-25,31,0,-3,17,428,6075,1076,30,0,14021,1441,1426,1635,1619,8,7,9,7,17,76,255,42,-2,5,-35,133
57826,259,-1407,-143,89,1149,-5938,-1224,1339,-49,7,0,-6,28,429,6104,1077,-47,0,15729,1622,1607,1740,1753,22,111,24,119,67,173,255,83,40,5,-36,143
57876,-125,-1232,-172,166,1072,-10516,-186,-1224,-44,15,0,-13,28,428,6075,1074,-25,0,15436,1587,1572,1731,1733,59,121,64,130,51,282,255,15,20,5,-37,148
57926,157,-1204,111,-216,1044,-2764,2132,-3,-17,14,0,3,22,429,6104,1064,-44,0,16118,1550,1526,1689,1680,55,99,58,105,0,180,234,35,14,5,-38,139
57976,-228,-894,24,-50,1563,2362,3902,911,-34,12,0,-10,18,427,6047,1061,-3,0,12711,1498,1498,1681,1656,32,93,34,99,16,135,255,33,13,5,-39,138
58026,-273,-925,-139,65,1277,-4840,2254,1400,-24,44,0,-10,27,428,6075,1072,37,0,12740,1479,1492,1629,1601,65,91,69,97,25,145,255,96,78,5,-39,141
58076,-672,-864,-233,76,847,-7525,-1224,2132,-41,64,0,-21,33,429,6104,1067,-15,0,15714,1639,1639,1737,1747,49,139,52,148,96,231,255,85,130,5,-40,145
58126,-649,-1038,196,8,858,-10028,-5252,1949,-69,71,0,-24,27,428,6075,1050,-39,0,15305,1533,1523,1678,1672,5,190,5,199,101,346,255,85,128,6,-40,144
58176,-1142,-1486,-17,-25,996,-9173,-6839,1888,-45,55,0,-28,37,429,6104,1046,-41,0,14040,1576,1526,1684,1678,17,198,18,207,94,231,255,89,238,7,-40,147
58226,-1278,-981,-23,25,770,-5328,-4703,2254,-94,35,0,-41,24,428,6075,1056,8,0,13826,1523,1544,1682,1664,81,175,85,185,146,352,255,58,144,7,-41,144
58276,-1125,-1042,-10,-85,871,-7952,-4886,2742,-50,61,0,-27,30,428,6075,1055,-9,0,13229,1628,1564,1705,1716,4,171,4,180,109,218,255,59,183,8,-41,145
58326,-993,-1113,52,-66,1406,-384,-5924,2010,-53,26,0,-27,23,428,6075,1064,48,0,13437,1439,1402,1590,1591,10,168,11,179,111,232,255,10,124,8,-42,145
58376,-830,-1295,83,-50,835,714,-797,1156,-54,-58,0,-24,9,429,6104,1042,12,0,14018,1502,1524,1629,1643,-3,170,-3,177,50,254,234,-81,70,7,-42,141
58426,-956,-1729,148,-112,1122,-4168,118,179,-11,-144,0,-16,0,428,6075,1067,56,0,12303,1532,1523,1631,1649,23,202,24,215,33,227,255,-77,72,6,-43,145
58476,-832,-1926,59,-104,832,-628,4512,2254,-19,-161,0,-16,0,428,6075,1054,37,0,13963,1526,1477,1603,1598,-16,102,-17,107,-86,120,255,-49,87,5,-44,147
58526,-664,-1813,38,28,1402,836,5123,2254,-42,-116,0,-20,8,427,6047,1065,-3,0,15732,1553,1555,1680,1648,55,181,58,193,-67,211,255,-13,115,5,-45,144
58576,-605,-1390,-176,31,1260,-1849,4696,301,-65,-47,0,-24,18,429,6104,1063,-5,0,13973,1590,1536,1691,1702,0,142,0,151,-16,161,234,-4,130,5,-46,144
58626,-718,-1187,164,-87,965,1507,-64,1705,-104,-6,0,-31,16,428,6075,1071,-13,0,14125,1575,1545,1679,1690,-13,176,-14,189,0,235,255,-16,190,5,-46,146
58676,-1062,-1818,235,-186,851,1873,2315,1949,-91,-79,0,-32,11,428,6075,1089,23,0,14916,1458,1445,1608,1612,-8,126,-9,138,-34,222,224,-90,155,4,-45,148
58726,-1179,-1465,-18,-36,1124,-2703,5428,1217,-31,-154,0,-26,-4,428,6075,1064,0,0,13581,1470,1506,1611,1617,-62,66,-66,71,-169,143,255,-116,79,4,-45,150
58776,-1080,-835,35,-119,1120,-4046,10372,911,2,-119,0,-16,-8,429,6104,1062,22,0,13680,1591,1560,1677,1662,-72,198,-77,211,-217,197,255,-91,30,3,-47,149
58826,-379,-428,-30,69,810,-689,8907,423,-22,-49,0,-12,0,428,6075,1061,-12,0,12733,1573,1521,1664,1670,-92,224,-98,238,-161,177,244,-65,62,3,-49,145
58876,-77,-772,93,18,1182,-1422,2376,1156,-66,-21,0,-14,7,427,6047,1069,-17,0,16254,1504,1483,1629,1629,-20,135,-22,144,-42,261,255,-41,66,3,-50,145
58926,-998,-815,8,-260,846,-1300,4024,1217,-23,-47,0,-16,5,428,6075,1057,-62,0,16722,1557,1594,1691,1693,41,76,43,80,-17,252,244,-85,70,2,-50,142
58976,-979,-496,82,-244,944,-3070,1278,606,-1,-46,0,-12,-2,428,6075,1040,-32,0,13423,1554,1476,1638,1653,50,128,52,133,-25,126,255,-76,-28,1,-51,145
59026,-73,68,60,120,988,408,4085,1339,8,26,0,-2,3,429,6104,1050,-85,0,18581,1643,1584,1734,1715,23,236,25,248,-42,160,255,-55,32,0,-53,135
59076,151,-185,160,-43,881,2484,-1224,-1163,-64,16,0,-9,2,428,6075,1069,29,0,12311,1518,1503,1661,1661,8,228,9,244,0,264,255,-72,31,0,-55,138
59126,341,-19,-63,225,1405,-6915,789,-736,-94,28,0,-15,7,428,6075,1053,22,0,14464,1471,1433,1592,1551,25,137,26,145,-8,189,244,24,82,0,-56,139
59176,-482,-239,-46,201,1231,-6671,2559,850,-72,87,0,-25,22,428,6075,1075,10,0,16142,1556,1543,1695,1679,27,64,29,69,-9,221,255,98,169,0,-56,141
59226,-1336,-55,-139,-59,1090,-6182,-1834,240,-71,130,0,-36,29,428,6075,1056,59,0,12686,1456,1429,1624,1606,63,203,66,214,85,291,255,86,172,0,-55,146
59276,-1106,-62,-276,-5,1062,-3619,-4947,-64,-70,151,0,-33,36,428,6075,1066,28,0,14757,1558,1570,1694,1695,53,148,56,158,85,196,255,137,181,1,-55,146
59326,-1487,-332,-171,-12,811,-4840,-9586,850,-70,178,0,-39,44,429,6104,1049,-8,0,14031,1549,1506,1689,1671,34,156,35,164,145,212,255,167,223,2,-55,148
59376,-1622,-1127,11,-76,1031,-2459,-8304,240,-88,111,0,-44,41,429,6104,1063,10,0,14495,1540,1540,1682,1680,56,92,59,97,147,207,244,94,217,4,-54,145
59426,-1598,-1092,-195,137,1306,-3070,-2872,-1346,-46,62,0,-39,34,429,6104,1051,9,0,13972,1521,1530,1681,1636,74,74,78,77,84,135,255,109,139,4,-53,147
59476,-1919,-1125,-206,183,1301,-5389,-2322,-369,14,59,0,-33,34,430,6132,1045,19,0,13083,1520,1499,1647,1647,14,60,14,63,96,96,255,158,165,6,-53,145
59526,-2185,-1873,84,-44,707,-3558,-5557,1094,-20,65,0,-41,43,428,6075,1057,-32,0,16478,1640,1613,1744,1756,-44,-38,-47,-40,48,-39,255,130,178,7,-51,149
59576,-1968,-1680,-55,-81,940,4193,-3055,-430,-20,26,0,-37,36,429,6104,1040,53,0,9572,1502,1451,1652,1642,10,34,11,35,34,-51,255,111,136,8,-49,143
59626,-1417,-1966,30,-34,752,1873,-2567,1583,-26,29,0,-29,39,429,6104,1054,-24,0,15032,1618,1565,1724,1685,39,28,41,29,0,-28,255,129,145,9,-49,143
59676,-1078,-2139,-253,38,1207,6024,2681,301,-55,26,0,-31,47,429,6104,1029,-60,0,17372,1551,1565,1714,1681,29,16,29,17,42,17,255,157,190,11,-47,144
59726,-1666,-2163,111,-118,1310,5047,1949,-125,-34,18,0,-35,40,428,6075,1035,-29,0,14489,1561,1571,1712,1698,28,-99,29,-102,8,-93,255,110,106,12,-45,149
59776,-1114,-2199,-16,118,1209,2423,4451,179,-12,-12,0,-24,37,428,6075,1057,-9,0,16445,1581,1536,1695,1674,23,-108,24,-115,0,-101,255,112,63,13,-43,148
59826,-1046,-2441,200,122,1120,5780,2254,1156,36,-55,0,-14,28,428,6075,1039,-12,0,15436,1510,1484,1641,1651,44,-124,46,-128,0,-205,255,31,0,13,-41,147
59876,-929,-2343,-45,-75,1041,5718,3292,-186,87,-119,0,1,18,427,6047,1046,28,0,10859,1549,1542,1680,1662,76,-17,79,-17,-48,-192,255,13,-54,12,-41,146
59926,-802,-1628,21,-93,1019,8709,8236,545,98,-65,0,6,16,428,6075,1045,18,0,13874,1554,1541,1662,1653,-13,-161,-14,-168,-110,-288,244,-16,-87,12,-41,149
59976,-69,-1462,173,-66,913,7061,2315,911,37,-83,0,7,5,428,6075,1047,6,0,15210,1547,1561,1664,1672,93,-117,98,-123,0,-221,255,-86,-154,10,-41,142
60026,-187,-1603,127,-142,857,5291,7503,2010,101,-114,0,19,3,427,6047,1044,20,0,14618,1535,1477,1641,1600,109,51,114,53,-29,-107,255,-26,-148,9,-42,148
60076,-232,-1240,13,65,1250,8282,10067,1278,130,-33,0,20,16,428,6075,1048,6,0,14323,1536,1505,1665,1616,41,-31,43,-32,-16,-185,255,12,-131,8,-43,145
60126,489,-508,131,239,958,10662,4757,1400,79,42,0,18,15,428,6075,1041,34,0,11453,1502,1454,1605,1601,49,-92,51,-96,8,-174,255,-48,-130,7,-43,142
60176,268,-603,27,-282,721,2972,-430,1522,69,-38,0,26,2,429,6104,1040,-22,0,16310,1633,1605,1704,1699,71,-14,74,-15,38,-57,255,-41,-182,6,-44,142
60226,597,-821,-52,-131,1127,4742,911,850,80,-10,0,28,13,429,6104,1059,-6,0,15371,1541,1506,1657,1635,49,-58,52,-62,33,-126,255,13,-163,6,-45,142
60276,752,-342,26,53,1013,6146,-1041,2620,33,74,0,18,20,428,6075,1056,5,0,13497,1591,1548,1675,1663,35,-78,36,-82,161,-59,255,32,-82,6,-46,139
60326,1122,-416,194,206,1217,2728,-8670,2437,-59,73,0,4,18,429,6104,1055,29,0,13511,1529,1451,1615,1615,128,0,135,0,258,-9,255,4,-28,5,-46,139
60376,950,-1124,-208,-208,1049,-2947,-5618,-64,-82,1,0,4,23,428,6075,1057,-30,0,17802,1586,1563,1705,1685,185,61,196,64,269,118,244,80,-6,3,-47,144
60426,540,-1582,-92,-77,1228,-6121,-7572,423,-81,47,0,-4,38,429,6104,1046,-41,0,15591,1564,1524,1665,1661,148,121,155,127,258,205,234,141,29,3,-48,147
60476,321,-1241,136,64,978,-2581,-4154,423,-112,114,0,-17,41,428,6075,1038,-18,0,14012,1561,1535,1671,1657,125,58,130,60,236,236,244,110,68,3,-48,146
60526,454,-1315,102,111,934,-4534,-7510,1217,-102,79,0,-14,36,429,6104,1057,-34,0,17850,1599,1545,1695,1695,164,99,173,105,261,219,244,88,52,3,-48,147
60576,-431,-1206,23,-71,1075,-9295,-4093,-186,-42,70,0,-14,34,428,6075,1046,8,0,14774,1528,1540,1708,1670,144,43,150,45,215,206,255,146,29,2,-49,145
60626,-274,-1313,140,192,1318,-3497,-2628,1033,-42,77,0,-16,36,428,6075,1061,61,0,13677,1458,1406,1568,1580,140,145,149,154,238,212,234,79,44,2,-50,148
60676,-907,-2195,114,-123,1055,-6182,-6290,1644,31,-34,0,-6,29,428,6075,1055,34,0,15961,1489,1503,1606,1632,173,159,183,168,217,200,255,79,-25,1,-52,149
60726,-1008,-2716,57,-28,888,-1300,545,-186,99,-63,0,2,34,428,6075,1033,-12,0,15013,1538,1493,1664,1659,106,178,110,184,77,171,244,87,-38,0,-54,144
60776,-1143,-2220,38,-8,1196,469,3597,-552,101,-10,0,0,37,428,6075,1043,4,0,15780,1585,1556,1702,1671,66,75,69,78,33,59,255,115,-16,1,-55,138
60826,-675,-1658,11,131,1230,2239,1339,-980,43,43,0,-5,38,429,6104,1056,73,0,11551,1434,1445,1588,1594,79,57,84,60,126,109,244,81,-13,1,-56,140
60876,-545,-2229,185,-95,1012,-5084,-3543,362,45,-27,0,1,30,428,6075,1058,49,0,14564,1498,1535,1619,1652,88,74,93,78,105,105,244,48,-82,0,-58,142
60926,-738,-2525,67,-15,772,592,118,240,112,-73,0,9,28,428,6075,1076,37,0,16218,1549,1488,1645,1642,80,144,86,155,33,42,255,27,-90,0,-59,137
60976,-451,-2144,-163,98,1160,5413,5428,850,116,-67,0,13,27,429,6104,1062,17,0,15046,1569,1509,1686,1674,88,136,93,144,8,-16,255,95,-44,0,-61,142
61026,-163,-1675,-98,186,1361,3765,2071,-308,18,54,0,-2,42,428,6075,1068,26,0,12874,1495,1479,1651,1634,69,9,74,9,42,0,255,129,39,0,-62,136
61076,-374,-1761,-24,-92,901,3521,-614,-614,-60,36,0,-17,39,428,6075,1042,-39,0,13361,1579,1567,1711,1701,164,49,171,51,151,109,244,121,107,0,-61,146
61126,-546,-1925,83,-80,614,-445,-2872,-3,-80,37,0,-23,38,427,6047,1053,-36,0,15597,1591,1576,1737,1714,90,43,95,46,106,67,255,129,70,0,-61,140
61176,-447,-1523,-279,142,1245,103,-1590,-2811,-58,71,0,-22,45,429,6104,1045,-4,0,13566,1491,1425,1615,1580,15,-12,16,-13,78,26,244,160,132,1,-61,146
61226,-367,-1770,29,260,1358,-1422,-1834,-491,-107,59,0,-31,42,428,6075,1032,-38,0,14765,1520,1531,1662,1667,139,114,144,118,194,219,255,92,149,1,-60,150
61276,-1190,-1564,14,-28,1187,-5633,-1834,-247,-44,31,0,-29,33,428,6075,1041,5,0,12810,1550,1498,1679,1665,41,146,43,152,76,95,255,99,97,1,-59,143
61326,-729,-1435,-168,90,1069,2301,911,-858,-31,67,0,-21,42,428,6075,1054,-9,0,15588,1565,1580,1699,1692,43,-30,46,-31,69,29,244,109,97,2,-59,142
61376,-1456,-2097,210,-235,560,2484,-2994,423,-31,11,0,-24,31,428,6075,1041,-53,0,16555,1630,1613,1739,1739,98,-22,102,-23,92,8,244,55,8,2,-58,143
61426,-1435,-1853,111,-45,1430,4864,2681,-2017,84,-24,0,-8,26,428,6075,1026,26,0,10692,1482,1345,1598,1565,91,109,94,112,38,-116,255,48,33,2,-59,145
61476,-352,-1870,132,-29,597,4986,3231,1766,-19,-28,0,-9,23,428,6075,1046,-18,0,13792,1595,1592,1711,1719,98,41,103,43,17,0,234,-31,-18,0,-59,142
61526,-493,-1910,242,-141,744,103,1033,118,35,-80,0,2,11,429,6104,1020,-29,0,14265,1555,1491,1695,1662,106,130,108,132,8,76,244,-33,-39,0,-60,142
61576,-36,-908,-7,134,846,4620,6649,-736,4,2,0,-3,17,429,6104,1024,-86,0,19407,1621,1586,1735,1687,103,8,105,9,0,33,255,-11,26,-1,-62,134
61626,95,-548,179,-70,729,-1177,1522,-797,-74,34,0,-11,11,428,6075,1030,19,0,11198,1526,1470,1659,1630,68,71,70,73,39,29,255,-17,15,-2,-62,139
61676,522,-116,-44,39,912,-6610,-1956,850,-102,103,0,-11,23,428,6075,1014,-17,0,12664,1582,1568,1730,1701,77,26,78,26,111,213,244,38,75,-2,-61,143
61726,-171,-788,84,-65,625,-7037,-6900,1156,-78,99,0,-15,30,428,6075,1021,0,0,13906,1551,1529,1704,1674,74,85,75,87,144,195,234,71,42,-2,-61,141
61776,-54,-529,-128,254,1145,-4107,-8060,-1285,-71,139,0,-19,38,428,6075,1036,50,0,12504,1518,1457,1617,1602,36,-57,37,-60,209,78,244,144,120,-1,-60,149
61826,-425,-1478,83,176,969,-9356,-10745,1461,-96,108,0,-29,45,428,6075,1016,-5,0,14829,1555,1589,1681,1687,65,-74,66,-75,243,146,234,128,105,0,-59,148
61876,-1012,-1599,73,73,1130,-8319,-6412,-736,-22,75,0,-23,41,427,6047,1030,25,0,14107,1522,1479,1631,1649,19,26,20,26,168,16,255,121,57,0,-58,143
61926,-1030,-1604,-106,43,1042,-1300,-7816,-430,5,87,0,-17,47,428,6075,1045,77,0,10249,1451,1431,1610,1591,18,-67,19,-70,128,-51,255,165,89,1,-57,146
61976,-585,-1915,-17,22,1076,-2154,-10684,301,-86,75,0,-28,48,428,6075,1028,-24,0,16543,1569,1551,1677,1682,23,-46,23,-47,155,48,244,130,115,3,-55,147
62026,-419,-2636,0,-38,998,-4718,-6290,-1651,-82,-45,0,-22,37,428,6075,1037,-66,0,17937,1574,1585,1738,1739,36,-25,37,-26,109,101,255,67,75,3,-54,146
62076,-579,-2309,-153,58,1177,1690,484,-2139,-49,-60,0,-21,31,427,6047,1042,15,0,14079,1550,1495,1690,1644,0,-60,0,-62,-51,-119,255,103,66,4,-52,145
62126,-301,-1825,-68,274,1228,-140,57,-3,-63,13,0,-22,36,428,6075,1039,20,0,14438,1496,1503,1654,1686,-70,-151,-73,-157,-17,-102,255,36,74,5,-51,145
62176,-804,-2512,78,177,959,-4962,-3665,179,17,-98,0,-14,23,430,6132,1057,12,0,17120,1553,1518,1679,1697,-47,-11,-50,-12,-50,-84,255,-20,-21,6,-49,147
62226,-376,-2089,-18,104,993,7000,4390,-1407,49,-105,0,0,16,428,6075,1044,-26,0,15070,1591,1546,1736,1727,-107,-140,-112,-147,-213,-256,255,-33,-44,6,-48,154
62276,-139,-1310,-276,48,950,6024,2010,-1163,39,-79,0,3,13,429,6104,1034,-7,0,12530,1561,1558,1732,1724,-100,-171,-103,-176,-170,-187,244,-98,-87,7,-47,152
62326,-51,-1176,191,-207,699,6268,1278,-2445,42,-99,0,12,-4,428,6075,1055,41,0,11573,1537,1470,1642,1647,-156,-118,-165,-124,-211,-270,255,-156,-129,7,-47,155
62376,-144,-1131,134,-214,1008,6817,4757,-1895,74,-107,0,15,-3,428,6075,1029,20,0,14314,1478,1456,1636,1625,-203,-168,-209,-173,-311,-294,255,-129,-105,8,-46,158
62426,-464,-944,-221,10,1077,6817,9151,-1102,113,-140,0,13,-6,428,6075,1077,51,0,14462,1569,1561,1722,1703,-167,-213,-180,-230,-312,-278,255,-168,-107,9,-45,157
62476,-382,-675,55,-91,1212,8160,10067,-3238,86,-142,0,11,-16,429,6104,1043,1,0,15085,1546,1551,1723,1688,-229,-113,-239,-118,-383,-291,255,-195,-141,9,-45,156
62526,-605,-424,-82,-119,605,6756,8541,-3970,128,-127,0,18,-14,428,6075,1032,-43,0,15991,1609,1613,1776,1762,-233,-191,-241,-198,-375,-314,234,-141,-144,10,-44,160
62576,-446,-454,-129,-81,775,4254,5916,-3665,88,-77,0,11,-3,428,6075,1031,-14,0,15035,1530,1497,1678,1676,-233,-96,-240,-99,-336,-269,255,-182,-93,11,-44,154
62626,278,-28,72,-56,1089,5657,3780,-2139,53,-84,0,16,-17,427,6047,1035,-31,0,16166,1552,1563,1723,1701,-132,-286,-137,-296,-228,-304,244,-157,-155,11,-43,155
62676,324,147,-75,55,1126,2239,4329,-2628,76,-57,0,19,-12,429,6104,1056,53,0,11574,1550,1503,1688,1708,-286,-224,-302,-237,-292,-275,244,-271,-183,12,-43,154
62726,652,4,16,7,350,2545,850,423,99,-114,0,30,-23,428,6075,1060,19,0,15496,1546,1527,1698,1689,-242,-161,-256,-171,-363,-219,255,-214,-172,12,-43,147
62776,25,-141,109,-50,1035,2117,4696,-552,129,-69,0,27,-13,429,6104,1050,-18,0,16177,1549,1484,1676,1671,-191,-65,-200,-68,-315,-153,255,-174,-104,13,-43,154
62826,147,250,146,124,1062,3826,5855,-64,63,-44,0,12,-15,428,6075,1061,9,0,14682,1520,1520,1659,1668,-242,-114,-256,-121,-284,-120,244,-186,-99,13,-43,151
62876,32,15,92,-109,603,-2947,3048,-2994,29,-51,0,10,-13,428,6075,1049,14,0,14101,1536,1493,1663,1670,-135,-143,-142,-150,-285,-142,255,-109,-54,14,-42,152
62926,-310,7,-88,344,1249,2178,5306,362,55,-33,0,0,-4,429,6104,1047,-32,0,14008,1627,1603,1734,1748,-254,-47,-266,-49,-286,-75,244,-175,-35,15,-42,147
62976,-226,484,73,244,1037,469,728,-614,122,-17,0,15,-13,428,6075,1051,-25,0,14739,1560,1512,1685,1676,-200,-72,-210,-76,-218,-52,255,-161,-105,15,-43,151
63026,-93,684,-89,102,1381,6024,4146,-308,100,0,0,16,-10,429,6104,1062,12,0,17200,1498,1461,1641,1632,-131,6,-139,6,-150,-66,244,-164,-86,15,-43,145
63076,149,440,-19,148,1100,3704,3841,-858,70,-43,0,13,-15,427,6047,1057,7,0,15981,1465,1500,1660,1651,-119,-6,-126,-7,-154,-29,255,-201,-130,14,-45,148
63126,-141,91,-128,-177,928,-4107,1583,-1041,76,-69,0,17,-12,428,6075,1065,50,0,12090,1526,1487,1660,1662,-155,30,-165,32,-182,-26,255,-160,-94,14,-46,151
63176,-152,263,-75,27,1234,2239,1949,789,54,-76,0,7,-18,428,6075,1062,31,0,14969,1465,1487,1627,1620,-87,120,-93,128,-92,83,255,-212,-28,13,-47,144
63226,-122,356,182,-121,1037,3277,4879,-369,25,-87,0,4,-26,429,6104,1059,6,0,13639,1576,1574,1724,1706,-60,50,-63,53,-106,115,255,-237,-43,12,-48,146
63276,-182,181,30,-109,1095,4925,6282,-797,29,-142,0,4,-31,428,6075,1049,68,0,10808,1413,1398,1594,1579,-61,95,-64,100,-95,86,244,-221,-75,10,-49,146
63326,-486,-357,19,-186,758,2178,2803,850,48,-140,0,5,-22,428,6075,1061,14,0,14571,1564,1564,1692,1691,-24,36,-26,38,-84,-16,255,-179,-69,9,-50,144
63376,119,-494,-28,-217,794,5169,4635,-675,9,-148,0,9,-19,428,6075,1062,-16,0,14989,1582,1547,1700,1705,48,206,51,219,-67,135,244,-173,-36,6,-53,145
63426,567,-495,30,-15,1106,3887,5123,-980,-26,-80,0,4,-7,429,6104,1051,-39,0,13601,1551,1530,1675,1670,0,150,0,157,-69,130,244,-92,-26,5,-54,141
63476,626,-737,-17,-1,1040,1690,3597,57,-78,-73,0,-4,0,428,6075,1059,-60,0,18370,1562,1551,1683,1695,-22,190,-23,201,0,320,255,-92,59,4,-56,140
63526,138,-904,18,131,1075,-4534,545,-2078,-74,-110,0,-14,-6,428,6075,1050,-7,0,13621,1537,1569,1683,1699,35,285,36,299,19,385,255,-114,9,3,-58,144
63576,286,-304,-151,196,1035,-7586,1705,-125,-28,-61,0,-3,-3,430,6132,1041,-53,0,18922,1571,1553,1718,1706,77,296,80,309,0,343,255,-47,112,1,-61,145
63626,-308,-141,-66,-168,994,-201,301,911,-145,36,0,-31,11,428,6075,1040,-4,0,14257,1522,1476,1674,1679,31,281,32,292,43,354,234,-24,176,0,-62,143
63676,-276,-16,-197,74,1090,-6182,-3909,240,-176,46,0,-40,12,429,6104,1045,27,0,14914,1569,1584,1686,1706,144,311,150,325,212,450,244,64,239,0,-64,147
63726,-1091,-1498,255,-182,880,-11309,-4520,728,-180,68,0,-50,34,428,6075,1050,-45,0,16754,1579,1569,1713,1723,126,287,132,302,223,541,255,102,284,0,-64,153
63776,-1927,-1801,302,-195,920,-8807,-2994,301,-168,14,0,-62,28,429,6104,1035,-38,0,15623,1608,1555,1716,1712,168,302,174,312,202,501,255,71,228,-1,-65,152
63826,-1647,-1139,-66,127,1065,-9356,1644,423,-92,27,0,-49,27,428,6075,1055,36,0,12216,1485,1416,1624,1597,182,393,192,415,143,472,255,77,258,-2,-66,149
63876,-1498,-1350,152,62,678,-6182,-797,2376,-140,42,0,-56,27,429,6104,1049,-23,0,17155,1592,1592,1728,1729,231,398,243,418,259,536,244,25,295,-4,-67,150
63926,-1591,-881,-205,-2,1228,-6182,-4093,545,-151,1,0,-58,19,428,6075,1048,35,0,12763,1524,1512,1657,1654,317,309,332,323,338,474,255,32,261,-6,-68,149
63976,-1288,-936,-161,66,1056,-15460,1461,1094,-152,41,0,-53,28,428,6075,1047,23,0,15500,1558,1585,1679,1672,280,334,293,350,268,537,255,173,284,-9,-70,152
64026,-1656,-1294,171,114,879,-16436,-3787,1644,-175,153,0,-65,49,429,6104,1037,-31,0,15457,1634,1596,1700,1734,239,394,248,409,402,565,244,183,319,-9,-71,155
64076,-1969,-1492,116,145,949,-8319,-11478,2742,-166,126,0,-70,48,428,6075,1048,32,0,12803,1510,1478,1632,1632,345,378,362,396,504,495,255,188,337,-12,-71,155
64126,-1912,-1295,-155,69,886,-8807,-9952,2681,-129,154,0,-60,56,428,6075,1045,58,0,12683,1512,1505,1646,1618,312,274,326,286,440,448,255,252,291,-12,-70,154
64176,-2256,-1873,-131,41,880,-12164,-8487,2376,-120,148,0,-64,65,429,6104,1044,-1,0,15998,1589,1584,1666,1664,368,287,385,299,530,402,255,281,303,-14,-71,155
64226,-2095,-2349,50,146,1077,-10333,-11051,1522,-125,158,0,-64,71,428,6075,1036,-75,0,16718,1634,1616,1711,1715,389,238,403,247,593,352,244,312,292,-14,-70,157
64276,-1834,-2854,155,144,713,-5023,-11112,1583,-153,129,0,-66,71,429,6104,1035,-21,0,14201,1623,1576,1704,1705,309,242,320,250,485,331,234,264,273,-15,-70,156
64326,-1611,-2282,-270,73,1098,-5267,-9891,1461,-110,116,0,-51,68,428,6075,1046,58,0,12606,1413,1415,1566,1523,341,141,356,148,436,270,234,305,214,-16,-70,155
64376,-2105,-2477,-76,199,1276,-6121,-8304,2376,-66,174,0,-53,79,428,6075,1029,20,0,12840,1612,1575,1667,1675,277,116,285,120,487,142,255,368,232,-16,-69,154
64426,-2075,-2764,-48,104,970,-8013,-16361,1400,-94,199,0,-57,88,430,6132,1040,32,0,13901,1598,1539,1650,1672,346,105,360,109,618,84,234,382,244,-15,-68,153
64476,-1552,-3182,-130,218,872,-1849,-15445,2498,-95,156,0,-51,89,428,6075,1038,-13,0,14636,1549,1517,1654,1649,290,-3,301,-3,502,48,234,366,204,-15,-66,153
64526,-1517,-3208,14,-38,774,-2520,-9281,1461,-100,129,0,-45,81,430,6132,1040,-33,0,13974,1671,1630,1743,1748,271,-10,282,-11,402,34,193,291,195,-15,-64,153
64576,-1866,-3106,3,-119,512,-2337,-7694,-125,-69,64,0,-42,67,429,6104,1031,0,0,14688,1570,1532,1647,1667,219,-131,225,-135,301,-106,214,233,37,-14,-62,152
64626,-1390,-3644,63,45,783,-1666,-6290,2742,36,7,0,-18,64,429,6104,1039,-16,0,14511,1546,1498,1642,1637,162,-24,168,-25,176,-88,234,247,35,-14,-61,148
64676,-1671,-3655,-163,101,1266,5474,-64,1644,82,-5,0,-15,66,428,6075,1030,-35,0,16831,1567,1545,1687,1687,23,-141,23,-145,25,-285,214,257,42,-12,-59,150
64726,-1510,-3247,-152,204,1324,8282,-125,606,53,50,0,-20,70,428,6075,1036,-31,0,16325,1598,1572,1699,1702,23,-206,24,-213,33,-288,224,250,65,-10,-57,150
64776,-863,-2396,46,-16,878,4315,-1529,-736,-36,90,0,-22,59,428,6075,1021,-61,0,16516,1602,1589,1723,1726,7,-337,7,-344,50,-384,244,146,-61,-8,-53,147
64826,-434,-1882,-77,8,1152,4742,-4825,728,76,66,0,6,47,428,6075,1024,15,0,12587,1528,1462,1646,1663,-52,-308,-53,-316,25,-451,224,126,-110,-7,-51,147
64876,-154,-1726,114,-106,659,11944,-2506,1217,38,67,0,7,40,428,6075,1039,96,0,10565,1487,1438,1620,1617,-18,-300,-18,-312,0,-443,255,22,-160,-5,-49,149
64926,21,-1831,-19,-102,754,11578,3109,1278,137,-49,0,29,23,428,6075,1039,29,0,13068,1538,1522,1670,1658,-31,-389,-32,-404,-78,-487,255,-13,-239,-5,-48,152
64976,58,-1571,106,-283,638,12982,9334,-1346,148,-67,0,38,11,432,6190,1010,-12,0,14354,1588,1528,1711,1685,-156,-360,-158,-364,-313,-592,244,-123,-286,-4,-47,158
65026,830,-970,14,-160,861,22320,10616,-614,166,-114,0,49,-5,428,6075,1024,-22,0,13110,1589,1523,1695,1679,-209,-368,-214,-377,-415,-677,255,-159,-346,-4,-47,158
65076,1384,-342,-95,-92,1272,13470,13851,-247,157,-81,0,56,-7,429,6104,1041,17,0,13838,1540,1498,1670,1631,-258,-396,-268,-412,-453,-598,255,-143,-362,-3,-47,158
65126,2094,268,64,168,1231,14813,14095,-552,80,-50,0,49,-14,428,6075,1011,-5,0,14059,1587,1536,1661,1670,-306,-368,-310,-372,-457,-585,244,-243,-350,-2,-46,156
65176,2062,184,167,-149,876,4925,7076,1461,109,-110,0,61,-28,428,6075,1031,15,0,13563,1536,1528,1667,1661,-237,-266,-244,-274,-416,-387,255,-272,-414,-2,-47,157
65226,1865,367,113,-30,1007,9747,12752,-125,166,-121,0,61,-29,428,6075,1027,-29,0,14921,1603,1510,1669,1650,-293,-316,-301,-324,-503,-599,255,-261,-383,-3,-48,159
65276,1847,1062,146,-5,1101,14385,11531,57,171,-20,0,66,-24,428,6075,1024,13,0,12917,1544,1457,1648,1615,-245,-290,-251,-297,-394,-487,255,-260,-327,-2,-48,156
65326,2141,1596,118,45,1057,15606,6649,-64,111,-16,0,58,-33,428,6075,1028,-4,0,13887,1544,1495,1640,1640,-296,-340,-304,-350,-384,-480,255,-301,-371,-2,-48,156
65376,1614,1166,-85,-265,781,2911,5001,-3,169,-86,0,69,-35,429,6104,1041,-4,0,15959,1638,1619,1758,1728,-247,-256,-257,-266,-354,-346,255,-268,-380,-2,-50,155
65426,1634,1109,-164,28,1281,8587,6649,-1590,137,-52,0,55,-27,428,6075,1035,33,0,12799,1566,1501,1655,1659,-307,-207,-318,-214,-346,-379,244,-251,-321,-2,-51,158
65476,1920,639,241,-135,888,7122,3231,789,79,-75,0,52,-31,428,6075,1030,13,0,14718,1531,1534,1628,1655,-233,-278,-240,-287,-277,-320,255,-294,-371,-2,-52,154
65526,1844,332,205,39,856,4254,3292,1156,147,-144,0,61,-39,428,6075,1056,50,0,12803,1571,1481,1642,1639,-251,-131,-265,-138,-359,-271,255,-330,-346,-3,-53,155
65576,1250,515,-16,-165,1204,7244,9395,1094,185,-164,0,61,-40,428,6075,1039,47,0,13072,1499,1449,1630,1607,-231,15,-240,16,-366,-144,255,-279,-292,-4,-57,154
65626,1367,836,-121,44,956,5108,9151,3048,112,-74,0,45,-26,429,6104,1028,-31,0,17829,1603,1552,1721,1694,-183,-5,-189,-6,-328,-67,255,-211,-219,-4,-59,151
65676,1439,1110,-163,45,1120,2972,4573,606,27,28,0,29,-10,429,6104,1024,-8,0,13395,1550,1461,1649,1618,-78,-6,-80,-6,-95,60,255,-114,-37,-4,-60,144
65726,1247,1090,5,4,1000,-3497,-1041,-1346,-125,68,0,-2,-5,428,6075,1030,-14,0,15999,1572,1565,1667,1669,-103,24,-106,25,-29,154,244,-106,-20,-4,-61,149
65776,679,732,-119,107,1097,-10028,-4520,1033,-64,71,0,-1,2,429,6104,1016,-24,0,16559,1570,1542,1680,1654,-72,198,-73,201,0,331,234,1,58,-4,-62,144
65826,261,345,-144,139,1369,-8502,-6412,-186,-125,127,0,-21,20,429,6104,999,-35,0,14453,1546,1514,1642,1659,-112,142,-112,142,26,288,244,-3,149,-3,-62,151
65876,-988,-522,-11,-229,482,-11065,-5313,-3,-116,16,0,-30,12,428,6075,1027,34,0,12767,1530,1558,1666,1664,-13,109,-14,112,9,360,234,-31,115,-2,-62,148
65926,-1746,-590,-66,-5,982,-5755,-3177,1033,4,-3,0,-29,10,428,6075,1013,51,0,11533,1558,1477,1617,1608,-45,262,-46,265,0,261,234,-22,128,-2,-63,145
65976,-1403,-467,-99,73,1091,-3985,-3665,1400,-17,41,0,-29,18,428,6075,1021,36,0,14212,1513,1462,1604,1576,-59,260,-60,265,17,326,255,69,178,-1,-65,148
66026,-1078,-202,-21,48,921,-9112,-7755,667,-110,119,0,-41,27,428,6075,1014,-61,0,17323,1638,1607,1716,1725,-46,333,-47,337,105,462,244,69,217,0,-65,149
66076,-665,-738,-28,318,1128,-15887,-9158,-308,-175,86,0,-51,30,428,6075,1003,-42,0,16013,1563,1487,1639,1643,-28,297,-28,298,127,466,244,33,310,0,-65,151
66126,-928,-1070,39,-101,895,-11859,-6290,-308,-224,19,0,-58,21,429,6104,1015,-36,0,15051,1603,1607,1724,1711,-3,381,-3,386,51,657,244,18,272,0,-66,148
66176,-1202,-708,-153,117,1176,-13568,-3909,118,-183,26,0,-59,20,429,6104,993,6,0,12228,1547,1487,1644,1623,-95,307,-94,304,16,496,255,72,344,1,-67,148
66226,-1383,-913,-97,247,1270,-13751,-4886,-369,-237,50,0,-74,27,429,6104,1007,-36,0,17858,1606,1593,1697,1713,-37,349,-38,351,59,633,255,27,401,2,-66,151
66276,-2488,-1808,4,-229,735,-16253,-3848,606,-203,-57,0,-77,20,429,6104,992,-48,0,17674,1551,1598,1712,1694,58,353,57,350,-8,679,255,10,347,2,-66,147
66326,-3330,-1647,72,15,1078,-9844,4512,850,-67,-66,0,-72,15,427,6047,989,13,0,12345,1572,1475,1657,1649,-68,387,-67,383,-134,428,255,2,343,2,-67,146
66376,-2682,-1741,97,-110,813,-3924,1217,2742,-96,-49,0,-63,18,429,6104,995,-46,0,17375,1610,1596,1736,1743,-29,221,-29,220,-67,363,255,-38,277,3,-66,150
66426,-2536,-1825,183,8,1232,-4473,6893,-736,-40,-116,0,-53,6,428,6075,994,14,0,13666,1486,1487,1646,1623,12,332,12,330,-120,490,255,-81,208,2,-66,147
66476,-2764,-1112,-106,4,1013,-2154,9578,-3,45,-126,0,-40,-2,429,6104,984,21,0,14715,1495,1465,1612,1600,-93,286,-91,282,-194,211,255,-76,166,2,-68,148
66526,-1881,-466,-11,119,1405,-2764,7320,-552,-39,-45,0,-42,0,429,6104,1003,51,0,12893,1521,1455,1624,1622,-85,227,-85,228,-185,227,255,-111,211,2,-68,151
66576,-1685,-377,12,-164,749,-4962,2987,-125,-78,-68,0,-40,-7,429,6104,1002,7,0,13659,1562,1564,1681,1691,22,233,22,233,-103,317,255,-158,172,1,-68,148
66626,-1896,-652,190,-200,883,-2215,6343,-430,-17,-124,0,-32,-17,427,6047,995,1,0,15860,1513,1490,1663,1645,-2,200,-2,199,-144,247,255,-183,99,0,-69,149
66676,-1892,-156,-91,-72,1012,8526,10921,-1468,18,-98,0,-29,-14,428,6075,998,45,0,12746,1521,1493,1640,1607,-73,134,-72,133,-231,38,255,-124,64,-1,-70,151
66726,-980,195,-36,-19,1136,-18,8419,-552,-34,-22,0,-24,-6,428,6075,1007,42,0,14158,1532,1524,1636,1642,-54,-18,-54,-18,-102,-17,255,-104,69,-1,-70,148
66776,-816,-157,231,64,1155,-3070,4635,-1346,-41,-12,0,-23,-3,426,6019,993,-37,0,16076,1582,1562,1670,1688,0,-15,0,-14,0,34,255,-104,13,-3,-69,143
66826,-1294,-401,105,72,798,3216,2559,-125,77,-51,0,-9,-5,428,6075,1008,-45,0,15596,1648,1608,1745,1732,42,44,43,45,-25,-25,255,-109,-15,-4,-69,144
66876,-884,-185,-19,-84,1008,13714,5306,-675,80,-33,0,0,-2,428,6075,1014,14,0,12687,1497,1424,1631,1602,31,18,31,18,-19,-147,255,-85,-63,-6,-70,144
66926,-187,107,-17,-46,943,5718,4207,362,31,-7,0,3,-2,428,6075,1040,119,0,11198,1471,1472,1584,1570,9,-128,9,-134,0,-128,255,-104,-83,-7,-70,141
66976,147,276,-192,-56,1100,5352,6160,-308,2,-22,0,3,-5,428,6075,1033,36,0,17544,1537,1576,1665,1652,32,-157,34,-162,0,-115,255,-111,-131,-9,-70,145
67026,137,791,8,-146,715,1507,3231,-1041,47,34,0,15,-7,429,6104,1029,41,0,11629,1564,1537,1676,1655,37,-96,38,-99,17,-102,255,-94,-157,-10,-70,143
67076,622,284,138,-16,606,4803,-1407,-491,18,46,0,14,0,427,6047,1011,-31,0,16877,1638,1608,1704,1699,67,-175,67,-177,102,-204,255,10,-128,-12,-70,146
67126,530,-662,-97,27,1000,-3131,-5069,484,14,56,0,12,24,429,6104,1000,-118,0,20320,1629,1628,1755,1719,217,-56,217,-56,242,-19,255,112,-95,-12,-70,148
67176,52,-1153,-11,-62,1240,-4473,-4459,-675,-4,109,0,1,42,426,6019,1015,-82,0,15067,1613,1562,1715,1699,173,-89,176,-90,292,-175,255,139,30,-13,-69,149
67226,-338,-1370,-206,84,1195,-4351,-4947,-2506,-45,96,0,-16,46,428,6075,1013,-6,0,12541,1511,1518,1667,1645,230,-226,233,-229,307,-196,255,190,34,-13,-68,155
67276,-540,-1215,-104,312,1148,-3619,-8609,545,27,120,0,-9,46,428,6075,999,-10,0,14618,1562,1563,1674,1702,173,-204,173,-204,371,-135,244,121,-82,-14,-66,154
67326,-265,-1746,26,-173,1079,775,-8853,-1468,91,54,0,16,40,429,6104,1007,-46,0,18051,1548,1538,1690,1663,296,-247,298,-249,402,-245,255,156,-161,-15,-65,154
67376,35,-1706,-140,-100,963,7244,-4276,-675,104,64,0,22,45,428,6075,1011,-34,0,16460,1679,1649,1766,1775,278,-230,281,-233,346,-336,255,148,-180,-16,-64,154
67426,527,-1854,222,-74,1020,9625,-6351,-2994,102,51,0,30,38,428,6075,1011,55,0,10421,1445,1403,1599,1616,206,-245,209,-247,335,-369,244,118,-214,-17,-63,154
67476,240,-1605,-38,-235,859,6695,-5435,301,80,60,0,25,41,431,6161,1037,29,0,15866,1603,1598,1717,1690,269,-221,279,-229,336,-319,244,195,-157,-18,-62,151
67526,-275,-1785,69,50,700,2301,-4459,-2994,128,101,0,19,49,429,6104,1016,48,0,11238,1487,1516,1674,1645,256,-365,261,-372,328,-366,234,182,-177,-19,-61,153
67576,-136,-1549,47,-46,1019,5596,-3970,-64,149,105,0,27,47,428,6075,1018,27,0,15332,1548,1520,1640,1634,203,-328,206,-334,327,-378,244,111,-247,-20,-60,153
67626,-149,-1772,165,-73,923,9075,-5252,667,203,33,0,38,34,427,6047,1027,-20,0,17912,1567,1581,1663,1674,245,-280,252,-288,339,-382,255,116,-250,-21,-60,153
67676,-126,-2149,45,-148,1346,7611,-1895,-1407,206,39,0,40,45,429,6104,1016,-17,0,15669,1574,1511,1684,1675,190,-130,193,-132,182,-383,244,140,-203,-22,-60,156
67726,359,-1579,23,-9,667,15301,-675,-552,150,88,0,35,45,428,6075,1015,19,0,13337,1496,1442,1615,1612,151,-183,154,-186,176,-378,255,146,-225,-22,-60,150
67776,455,-1792,115,-250,793,9808,-2933,301,94,71,0,32,43,429,6104,1016,-6,0,15217,1549,1527,1681,1670,239,-265,243,-269,266,-395,255,208,-218,-22,-58,151
67826,405,-1844,-103,312,1126,6268,-3360,728,122,106,0,25,55,428,6075,1019,-13,0,15243,1548,1525,1655,1647,144,-191,147,-194,224,-331,234,191,-154,-22,-58,155
67876,581,-1703,124,60,1175,6329,-2445,57,81,115,0,25,51,427,6047,1011,-77,0,17928,1635,1609,1738,1721,187,-231,189,-233,245,-312,255,190,-169,-22,-57,151
67926,341,-2023,-167,122,1349,3765,-1224,-1590,82,105,0,20,59,428,6075,1033,48,0,14576,1513,1413,1633,1604,180,-116,186,-120,189,-327,255,217,-90,-22,-57,154
67976,345,-1483,-43,29,759,2423,-1529,789,18,125,0,8,52,429,6104,1021,6,0,15229,1499,1548,1658,1633,168,-100,172,-102,202,-75,255,211,-132,-21,-56,147
68026,310,-1997,-51,83,1094,-5694,-5985,1827,45,130,0,13,62,429,6104,1003,-84,0,18586,1628,1613,1705,1709,158,-84,158,-84,287,-84,255,266,-69,-20,-56,150
68076,-174,-2337,-130,104,1179,-2337,-9647,-308,35,123,0,2,67,428,6075,1025,-5,0,13042,1564,1546,1677,1675,143,-45,147,-46,300,-102,244,239,-2,-19,-56,151
68126,32,-2179,-251,7,1133,-2703,-7205,789,-29,80,0,-5,58,428,6075,1007,43,0,12692,1475,1459,1584,1567,138,-113,139,-114,226,-67,255,170,-24,-19,-55,149
68176,-70,-1868,-107,-34,993,-8135,-7572,850,-2,68,0,0,48,428,6075,1035,40,0,14052,1597,1579,1652,1674,56,-22,58,-23,186,33,234,167,-40,-18,-56,144
68226,341,-2094,-76,305,926,-5877,-10318,3780,-22,44,0,-4,46,428,6075,1023,23,0,12173,1620,1576,1666,1673,34,118,35,120,180,146,255,137,-11,-17,-57,148
68276,128,-2133,87,82,1057,-5511,-6717,911,-13,59,0,-1,47,429,6104,1023,-29,0,19283,1562,1558,1653,1658,-31,99,-32,101,143,193,255,123,18,-16,-57,146
68326,-398,-2715,144,-82,833,-994,-5557,2315,-19,-14,0,-8,41,429,6104,1026,23,0,10438,1513,1525,1617,1641,-33,33,-34,34,93,169,255,78,29,-14,-58,145
68376,-1018,-2872,211,-99,743,-3314,-4520,3963,27,-85,0,-9,28,428,6075,1032,-35,0,16336,1619,1555,1666,1675,-9,31,-9,32,34,68,244,-11,2,-14,-58,144
68426,-754,-2460,-35,-70,1148,6573,3048,911,54,-167,0,-1,11,428,6075,1013,-1,0,12719,1546,1537,1625,1631,-36,80,-37,81,-92,50,244,-94,-30,-14,-59,146
68476,-271,-1406,-17,-135,965,-933,4207,1094,34,-134,0,4,-1,427,6047,1030,3,0,14655,1623,1593,1676,1686,-135,60,-139,62,-210,50,255,-107,-74,-14,-61,149
68526,230,-1158,32,87,935,347,4512,2010,-4,-96,0,1,0,428,6075,1045,23,0,12585,1619,1545,1675,1680,-198,180,-207,188,-251,86,244,-95,-9,-14,-63,143
68576,438,-1292,124,-149,827,1934,2926,911,-67,-83,0,-2,3,427,6047,1024,-21,0,17546,1548,1554,1664,1667,-241,180,-247,184,-295,219,255,-107,22,-12,-65,151
68626,23,-1678,137,-39,817,225,10250,-186,-64,-166,0,-11,-5,429,6104,1016,-65,0,16791,1598,1585,1660,1676,-257,166,-261,169,-371,228,255,-156,40,-11,-66,153
68676,-204,-1116,134,-166,808,1080,6954,-980,-59,-172,0,-11,-17,428,6075,1021,-40,0,15840,1588,1513,1672,1673,-282,283,-289,289,-458,220,255,-272,15,-10,-69,157
68726,468,170,-178,162,1199,3399,8114,301,-57,-165,0,-6,-32,428,6075,1041,33,0,14143,1495,1481,1607,1590,-318,194,-331,202,-502,255,255,-268,48,-10,-70,152
68776,385,266,11,272,993,-7159,8907,-491,-128,-148,0,-23,-33,428,6075,1026,8,0,14261,1558,1522,1626,1638,-456,143,-468,147,-598,251,255,-319,123,-8,-72,152
68826,246,201,169,139,974,-10577,10189,-858,-178,-195,0,-33,-45,430,6132,1021,-40,0,15163,1649,1619,1719,1747,-422,290,-430,296,-557,444,255,-345,163,-8,-72,157
68876,-103,378,163,26,656,-12469,11409,-1041,-185,-212,0,-38,-53,429,6104,1062,55,0,11491,1607,1564,1708,1696,-207,253,-220,269,-484,374,224,-382,152,-9,-74,157
68926,-69,1204,-155,59,797,-8197,12447,-186,-149,-153,0,-31,-47,428,6075,1048,93,0,11171,1461,1418,1594,1553,-366,431,-384,452,-642,603,214,-316,186,-8,-76,156
68976,-758,932,-101,20,681,-14788,10616,-369,-163,-136,0,-45,-39,430,6132,1043,28,0,14842,1592,1593,1679,1681,-369,391,-385,408,-467,594,255,-299,264,-7,-78,157
69026,-1165,926,35,13,820,-16925,7625,972,-166,-108,0,-52,-38,428,6075,1054,7,0,14150,1626,1618,1757,1737,-342,351,-361,370,-487,605,255,-277,248,-7,-79,153
69076,-1544,619,16,31,1331,-11859,9151,301,-135,-103,0,-54,-31,428,6075,1041,1,0,16975,1553,1537,1646,1647,-383,204,-399,212,-481,414,255,-255,254,-5,-80,154
69126,-1822,117,195,42,929,-9051,9639,-247,-104,-163,0,-53,-38,428,6075,1052,-27,0,16615,1603,1599,1689,1717,-327,189,-344,199,-425,366,255,-303,214,-5,-79,156
69176,-2332,20,154,-175,1003,-9234,7137,-125,-24,-186,0,-42,-40,429,6104,1027,-52,0,14997,1561,1549,1697,1676,-253,294,-260,302,-486,384,255,-345,182,-5,-80,157
69226,-1997,1095,-90,336,1384,-1116,10311,-1529,1,-177,0,-40,-52,427,6047,1032,26,0,11669,1559,1546,1670,1678,-304,277,-313,286,-473,202,255,-368,144,-5,-81,157
69276,-1253,1057,5,254,1077,-2093,10189,-1102,-45,-141,0,-35,-46,429,6104,1040,0,0,15431,1536,1550,1679,1664,-225,238,-234,247,-361,284,255,-322,185,-6,-82,156
69326,-1281,1370,-95,43,1079,-6365,7625,-1712,-94,-136,0,-41,-49,428,6075,1036,15,0,14234,1500,1482,1620,1632,-160,199,-166,206,-298,324,255,-353,186,-7,-82,157
69376,-1477,987,-84,-55,696,-8502,7930,-64,-86,-174,0,-41,-49,428,6075,1046,34,0,13245,1567,1576,1679,1692,-107,139,-112,145,-328,219,255,-343,145,-10,-82,155
69426,-1965,435,-5,-200,743,-7098,8968,-2384,-6,-166,0,-30,-40,429,6104,1028,-28,0,14561,1580,1567,1706,1694,-124,91,-128,93,-272,85,255,-235,102,-11,-82,154
69476,-1905,133,-12,368,1549,1385,7320,-919,40,-112,0,-30,-23,429,6104,1050,38,0,13356,1535,1459,1621,1620,-106,-26,-111,-27,-145,-111,255,-137,131,-12,-81,156
69526,-1541,480,-58,174,921,4132,1766,-1285,30,-1,0,-25,-7,428,6075,1042,12,0,13345,1540,1554,1671,1667,30,-71,32,-74,0,-16,255,-102,112,-13,-79,145
69576,-1541,-206,-26,-164,755,775,-2750,-2017,1,-51,0,-22,-6,429,6104,1037,-12,0,14894,1573,1542,1667,1711,12,-123,13,-128,25,-205,255,-112,1,-14,-76,150
69626,-1152,-1051,125,-103,499,4803,-3848,-980,65,-93,0,-3,-5,428,6075,1047,-2,0,14935,1597,1567,1682,1684,57,-134,60,-141,51,-256,255,-81,-49,-15,-76,151
69676,-1166,-1290,-134,146,1130,5413,1583,1033,117,-117,0,0,2,428,6075,1031,-24,0,14808,1598,1573,1701,1683,50,-226,52,-233,16,-336,255,39,-47,-16,-74,151
69726,-793,-1279,-17,210,1206,3826,-614,-491,50,12,0,-7,25,429,6104,1035,1,0,14208,1532,1473,1616,1625,113,-179,117,-185,145,-342,255,89,28,-17,-73,148
69776,-524,-809,74,-142,918,7061,-6717,-491,-17,98,0,-10,31,429,6104,1049,11,0,15085,1577,1529,1676,1690,261,-301,273,-315,388,-340,255,131,-20,-18,-70,152
69826,134,-1290,132,-11,842,6146,-13065,850,-9,97,0,0,38,427,6047,1038,-1,0,13532,1464,1427,1583,1604,250,-283,259,-294,439,-329,255,147,-65,-19,-68,149
69876,294,-1970,-171,-41,1159,1751,-8853,118,9,37,0,7,44,428,6075,1048,-40,0,17412,1598,1590,1689,1702,349,-297,365,-311,475,-314,255,239,-115,-20,-65,151
69926,249,-2447,-29,-76,932,-18,-9403,-1224,9,75,0,8,58,428,6075,1029,-81,0,15465,1597,1552,1680,1700,335,-251,345,-258,519,-372,255,280,-104,-21,-64,150
69976,88,-2047,153,-116,1326,8343,-10684,-1895,63,168,0,15,66,427,6047,1054,55,0,10146,1526,1476,1639,1664,392,-248,414,-262,627,-326,255,270,-156,-22,-62,155
70026,542,-2490,241,-109,878,9991,-13126,-64,72,103,0,25,58,429,6104,1035,14,0,15470,1476,1434,1577,1590,479,-341,496,-353,693,-476,255,245,-233,-24,-61,153
70076,247,-3017,128,-197,831,9136,-9219,-1468,168,33,0,42,56,428,6075,1052,12,0,14280,1568,1562,1685,1690,532,-344,560,-361,641,-479,244,215,-286,-27,-60,154
70126,186,-3264,211,-315,771,11700,-6351,-919,200,-28,0,50,46,430,6132,1050,-8,0,17578,1525,1494,1644,1667,443,-327,465,-343,541,-592,234,171,-373,-29,-61,155
70176,360,-3379,-71,82,1014,16644,-3055,484,289,-96,0,61,42,428,6075,1052,-9,0,15961,1534,1522,1621,1671,408,-259,429,-272,405,-632,244,164,-389,-33,-62,153
70226,369,-3402,11,31,1041,14385,-919,-2506,303,-47,0,65,50,428,6075,1057,-4,0,13889,1591,1543,1697,1709,349,-348,368,-367,343,-687,244,243,-362,-34,-62,153
70276,1020,-2520,-140,142,1020,19390,423,-858,202,98,0,54,67,429,6104,1057,30,0,11416,1583,1484,1678,1677,358,-264,379,-279,430,-480,255,277,-230,-35,-61,154
70326,1471,-1703,-127,20,964,14324,-6961,-1956,85,157,0,41,63,428,6075,1046,-37,0,18102,1572,1581,1706,1731,438,-312,458,-326,611,-365,255,274,-268,-36,-61,156
70376,1668,-1882,109,-233,1124,4681,-7572,-3360,62,179,0,46,66,428,6075,1039,-24,0,14751,1519,1495,1652,1681,443,-190,460,-197,565,-299,255,252,-307,-39,-61,157
70426,1402,-1961,25,-270,1189,6756,-8914,-1468,112,149,0,51,63,428,6075,1058,20,0,13156,1553,1488,1645,1669,343,-175,363,-185,514,-371,255,269,-298,-40,-62,156
70476,1811,-1867,15,357,1199,8831,-5618,-369,79,183,0,41,69,430,6132,1039,1,0,12345,1543,1498,1642,1672,311,-201,323,-209,449,-259,244,279,-212,-41,-63,152
70526,1669,-1754,-6,110,915,-4290,-7510,-1956,7,196,0,29,70,429,6104,1063,46,0,12824,1537,1495,1646,1651,372,-89,395,-95,487,-67,244,300,-166,-42,-63,150
70576,1344,-1679,-107,49,1123,-1544,-7510,-1773,-2,216,0,22,74,429,6104,1048,34,0,14560,1522,1489,1631,1646,340,0,357,0,489,0,244,372,-99,-42,-65,146
70626,1141,-2000,62,56,875,-8074,-12698,-675,-71,297,0,5,92,428,6075,1043,-24,0,15257,1603,1540,1677,1698,283,55,295,57,494,76,255,434,-31,-42,-66,147
70676,1122,-2317,-86,179,1114,-13079,-13980,-1529,-108,316,0,-3,104,428,6075,1038,-7,0,13388,1582,1530,1682,1700,317,48,329,50,555,256,255,449,84,-40,-66,154
70726,163,-2817,35,42,826,-7220,-12698,-186,-106,227,0,-18,93,428,6075,1050,27,0,12624,1578,1562,1703,1714,275,98,289,103,464,280,255,361,75,-40,-66,149
70776,-606,-2804,-28,-136,1040,-3070,-9036,911,-9,193,0,-9,88,428,6075,1047,14,0,14517,1529,1464,1646,1611,272,239,285,250,415,237,255,354,66,-38,-68,150
70826,-223,-2425,-256,-67,1032,1080,-4031,1888,-40,187,0,-10,85,427,6047,1051,10,0,14058,1534,1533,1661,1666,246,168,259,177,374,280,255,357,66,-37,-69,152
70876,-588,-2694,56,-18,1217,-8990,-10684,850,-53,195,0,-20,85,427,6047,1043,-8,0,16680,1529,1519,1639,1641,127,166,132,173,298,298,255,283,113,-35,-70,152
70926,-949,-2959,-154,47,1048,-1849,-5008,545,-37,54,0,-25,66,429,6104,1044,-11,0,14257,1511,1515,1600,1631,95,135,100,141,214,282,255,199,103,-34,-70,151
70976,-1829,-3603,244,-166,940,-3131,362,1522,20,-46,0,-24,49,428,6075,1038,-68,0,15704,1638,1640,1717,1737,43,264,45,274,0,247,255,102,52,-33,-73,147
71026,-1896,-3185,341,-39,1179,5841,3292,1827,114,-89,0,-10,33,428,6075,1068,49,0,12813,1429,1340,1532,1511,49,238,52,255,-87,154,255,46,48,-34,-74,148
71076,-921,-2116,-38,82,997,7000,6954,2254,-2,-62,0,-19,26,428,6075,1044,-48,0,18312,1628,1622,1699,1706,-80,217,-84,227,-163,249,255,33,94,-32,-77,148
71126,-609,-1752,0,-41,1208,-10272,5184,-3,-94,-27,0,-28,26,429,6104,1044,55,0,9810,1539,1514,1608,1638,-210,256,-219,267,-239,385,255,0,133,-31,-78,149
71176,-456,-1743,21,77,1032,-11492,4085,1888,-112,-69,0,-31,17,427,6047,1047,-34,0,18177,1688,1655,1734,1763,-209,265,-219,277,-261,405,255,-72,154,-29,-80,156
71226,-697,-1687,68,280,1210,-7281,6588,-3,-102,-104,0,-36,8,430,6132,1045,-14,0,15679,1489,1469,1609,1615,-220,262,-230,274,-366,444,244,-100,214,-28,-80,155
71276,-1361,-1939,224,-192,950,-4229,12813,667,-129,-178,0,-45,-4,429,6104,1052,6,0,12513,1501,1526,1641,1646,-358,200,-376,211,-598,405,255,-211,158,-27,-81,158
71326,-2053,-1500,129,-18,1040,-6243,16842,1217,-5,-259,0,-36,-26,429,6104,1031,-41,0,16778,1614,1566,1681,1682,-342,327,-353,337,-632,362,234,-275,151,-26,-82,160
71376,-2305,-783,40,-202,984,2117,20137,-369,51,-246,0,-26,-34,427,6047,1029,-20,0,13326,1573,1556,1699,1692,-312,386,-321,398,-649,269,244,-333,132,-25,-85,157
71426,-1563,384,28,-241,1251,1751,16964,-1590,-39,-165,0,-32,-39,428,6075,1052,-9,0,16114,1546,1440,1644,1628,-376,377,-396,396,-662,239,244,-334,159,-25,-87,158
71476,-491,876,128,49,761,958,13485,-1163,-160,-138,0,-42,-45,428,6075,1030,-40,0,15876,1556,1576,1687,1707,-321,265,-331,273,-539,430,244,-377,180,-25,-89,156
71526,-881,1455,216,114,780,-9295,10555,-64,-111,-107,0,-40,-52,427,6047,1038,-14,0,13307,1588,1512,1705,1680,-380,447,-395,464,-634,527,224,-378,221,-25,-90,158
71576,-531,2253,-228,66,973,-5633,8297,-1407,-203,-43,0,-51,-43,429,6104,1030,5,0,13183,1508,1446,1654,1630,-338,258,-348,266,-485,485,234,-290,309,-25,-91,156
71626,-842,1686,30,169,1062,-12347,7076,423,-230,-16,0,-63,-33,429,6104,1029,-20,0,15954,1489,1530,1652,1638,-262,260,-270,267,-372,634,224,-268,308,-25,-90,157
71676,-1561,1264,0,43,999,-11370,5367,-2078,-175,-38,0,-62,-29,428,6075,1066,47,0,12017,1521,1510,1665,1643,-286,312,-305,332,-360,532,214,-221,315,-25,-91,156
71726,-2418,722,-163,-24,997,-15093,4451,-858,-161,-55,0,-73,-20,427,6047,1047,33,0,14533,1534,1516,1632,1632,-260,348,-273,365,-300,493,244,-164,351,-24,-91,158
71776,-2848,118,-41,-123,636,-17779,2864,-1407,-154,-24,0,-76,-5,429,6104,1042,-7,0,14918,1609,1574,1694,1691,-236,209,-246,218,-295,422,244,-95,383,-23,-90,157
71826,-2991,69,113,206,1052,-8319,1278,-797,-106,16,0,-77,0,427,6047,1062,29,0,13883,1568,1535,1656,1664,-247,290,-262,308,-254,438,255,-111,389,-22,-88,153
71876,-2946,-238,201,48,736,-5755,789,-552,-98,-12,0,-72,-3,429,6104,1049,2,0,12664,1536,1490,1661,1641,-195,150,-205,157,-186,253,255,-60,312,-20,-86,151
71926,-2976,-922,-101,48,962,-7037,-186,362,-71,-41,0,-67,10,428,6075,1064,-16,0,15549,1635,1607,1745,1732,-79,235,-84,250,-126,295,255,-4,324,-19,-85,151
71976,-3171,-960,-192,-113,934,-5755,-308,-1163,-99,3,0,-73,21,429,6104,1059,8,0,12924,1531,1531,1662,1656,-91,133,-96,141,-68,154,255,13,324,-18,-84,150
72026,-2611,-1198,285,145,919,-2825,-6961,301,-98,-7,0,-69,13,429,6104,1058,5,0,15153,1464,1455,1598,1623,-86,2,-91,2,8,68,255,-49,271,-17,-81,143
72076,-2293,-1429,103,103,978,-2154,-5069,362,-38,-74,0,-50,8,428,6075,1064,-7,0,14422,1585,1535,1666,1675,1,-13,1,-14,-8,25,255,17,187,-17,-79,144
72126,-2381,-2385,-19,11,1060,-1544,-1102,179,-4,-78,0,-43,26,428,6075,1048,-32,0,16457,1600,1548,1690,1696,-9,-13,-10,-14,-17,-85,255,80,176,-16,-77,150
72176,-2287,-2352,-34,55,1210,775,-3116,-1346,-29,-49,0,-47,32,428,6075,1066,-19,0,14477,1590,1565,1699,1721,-10,-73,-11,-78,8,-176,244,15,161,-16,-74,151
72226,-1789,-1529,98,-87,888,1751,-1834,-1895,-16,-77,0,-33,9,428,6075,1049,-5,0,15416,1486,1510,1642,1658,-59,-237,-62,-248,8,-201,255,-51,18,-15,-72,151
72276,-1006,-1533,189,96,1018,5780,-3055,1461,87,-58,0,-2,11,428,6075,1063,30,0,12776,1563,1458,1630,1649,-5,-235,-5,-249,25,-371,255,-38,-63,-16,-70,150
72326,-839,-1173,-15,-104,1186,11334,-1956,1033,101,-46,0,6,11,429,6104,1052,15,0,14650,1551,1507,1667,1682,-35,-239,-37,-252,0,-425,255,-27,-112,-16,-69,154
72376,-109,-1280,-12,47,1053,10357,-980,118,75,-60,0,11,10,429,6104,1064,35,0,14223,1547,1489,1656,1675,-36,-252,-38,-268,0,-414,255,-74,-138,-16,-67,150
72426,184,-900,29,-158,820,6573,1705,-186,82,-72,0,23,0,428,6075,1061,36,0,13917,1477,1439,1594,1617,-7,-299,-7,-317,0,-385,244,-102,-206,-17,-66,146
72476,442,-1191,19,-116,1165,8343,5977,-186,81,-136,0,25,-5,428,6075,1062,40,0,12879,1511,1510,1651,1655,59,-318,63,-338,-16,-456,244,-146,-246,-19,-65,152
72526,448,-665,143,-161,743,8709,9822,-1773,145,-126,0,40,-16,428,6075,1053,0,0,13241,1613,1584,1713,1717,87,-368,92,-387,-33,-505,244,-185,-300,-21,-64,153
72576,942,-592,185,-28,798,13714,9578,-308,168,-120,0,50,-17,427,6047,1066,-1,0,15330,1603,1567,1707,1703,88,-372,94,-397,-25,-573,244,-166,-375,-24,-63,153
72626,900,-628,66,-247,771,10906,6343,-247,194,-107,0,60,-11,428,6075,1038,-2,0,11910,1512,1525,1658,1643,121,-440,126,-457,-16,-616,255,-89,-420,-26,-63,154
72676,1093,-788,190,-171,950,12493,4696,1033,223,-28,0,66,4,428,6075,1050,3,0,14286,1575,1490,1620,1640,19,-327,20,-344,0,-564,255,-30,-363,-28,-62,148
72726,1344,-545,-21,111,1175,11090,545,1033,161,-9,0,53,8,427,6047,1040,-68,0,18487,1604,1592,1709,1705,107,-358,112,-372,88,-531,255,-49,-326,-29,-63,151
72776,1446,-304,-31,38,1408,8221,1766,-1285,150,11,0,54,8,427,6047,1049,10,0,12765,1504,1431,1616,1620,104,-328,109,-344,169,-508,244,-36,-313,-31,-62,151
72826,1323,-535,-13,-136,606,7244,-2261,911,140,17,0,55,13,430,6132,1066,6,0,14922,1561,1545,1666,1678,187,-362,199,-386,221,-453,255,-33,-322,-32,-61,151
72876,1422,-341,71,-178,712,5169,-5069,-308,121,23,0,54,8,428,6075,1043,-41,0,15864,1585,1567,1709,1715,278,-290,290,-302,325,-403,244,-38,-352,-36,-61,152
72926,1637,335,-201,61,1175,3338,-5740,1094,167,49,0,61,6,429,6104,1040,-28,0,15426,1579,1539,1672,1675,279,-287,290,-298,345,-446,255,-22,-382,-38,-62,152
72976,1950,16,-169,125,1178,4620,-6961,179,138,70,0,59,16,429,6104,1048,57,0,12075,1511,1480,1612,1636,265,-370,278,-388,374,-461,255,140,-338,-41,-64,151
73026,1428,-894,-95,-67,716,-3680,-7449,1644,90,159,0,45,49,429,6104,1047,-31,0,17188,1609,1575,1693,1686,275,-372,288,-389,363,-383,244,197,-253,-42,-63,154
73076,906,-1556,161,127,1095,5291,-9952,850,137,160,0,40,55,429,6104,1038,-12,0,13908,1529,1496,1655,1660,345,-192,358,-200,526,-305,255,221,-191,-43,-62,154
73126,698,-1394,-118,-5,1062,7305,-10013,911,89,150,0,29,56,428,6075,1046,44,0,11554,1486,1463,1608,1610,357,-253,373,-264,505,-330,234,220,-204,-44,-62,153
73176,683,-1169,-20,-18,1037,-567,-8975,1033,87,191,0,30,58,428,6075,1035,14,0,13981,1562,1567,1666,1673,402,-209,416,-216,552,-237,255,281,-193,-46,-62,153
73226,721,-1251,-67,119,1056,-1971,-11539,-125,104,232,0,31,69,428,6075,1030,-2,0,13585,1580,1555,1685,1683,437,-164,450,-169,633,-231,244,301,-211,-48,-62,156
73276,692,-1428,-43,191,1191,897,-14407,-64,97,233,0,28,71,429,6104,1034,14,0,12972,1589,1551,1662,1683,375,-165,388,-171,626,-253,255,337,-192,-49,-63,152
73326,920,-2055,33,42,930,-4046,-13919,-186,43,247,0,24,84,428,6075,1044,21,0,12687,1520,1462,1630,1627,424,-78,443,-81,629,-103,255,372,-115,-49,-64,150
73376,741,-2538,107,85,874,2545,-13797,2254,16,214,0,14,84,428,6075,1039,-27,0,15331,1550,1529,1665,1680,390,-58,406,-60,580,-68,255,309,-52,-50,-64,149
73426,382,-2640,-46,-20,962,1629,-10867,-797,-2,131,0,6,73,428,6075,1027,-40,0,16411,1611,1601,1704,1730,282,-54,289,-56,447,0,255,254,-44,-50,-64,147
73476,271,-2675,-53,-87,1013,-5267,-6473,-736,-2,83,0,6,64,429,6104,1018,7,0,11602,1516,1484,1635,1640,279,-42,284,-43,351,8,255,264,-63,-51,-65,145
73526,198,-2215,-49,154,1086,-6427,-7205,789,-4,142,0,0,68,429,6104,1010,-44,0,18371,1558,1479,1638,1637,229,134,231,136,314,76,255,270,6,-51,-65,146
73576,-103,-2248,-224,129,1368,5596,-5802,-64,-13,181,0,-6,79,428,6075,1003,-31,0,13045,1511,1535,1670,1674,180,137,181,137,347,152,255,328,134,-49,-66,152
73626,-1037,-2792,115,-144,1242,469,-10135,-369,-62,137,0,-28,74,430,6132,1008,-33,0,15819,1594,1584,1677,1721,137,65,138,66,349,110,255,242,117,-48,-65,153
73676,-797,-2620,66,-66,1322,-1788,-5740,240,-47,70,0,-22,59,427,6047,1014,18,0,12499,1520,1461,1615,1625,53,158,53,161,97,176,255,165,57,-47,-66,146
73726,-163,-1928,-153,113,923,-3314,-2139,972,-46,52,0,-14,47,428,6075,1007,2,0,13828,1592,1531,1663,1680,-28,189,-29,191,8,177,255,134,64,-46,-66,147
73776,50,-1874,-108,-58,1115,-262,-430,1400,-89,65,0,-15,48,427,6047,999,-75,0,20869,1628,1628,1751,1742,-29,173,-29,173,0,256,255,115,119,-44,-67,147
73826,-229,-1722,66,105,1034,-1910,1278,-1590,-96,25,0,-25,34,428,6075,1007,-48,0,16126,1604,1616,1712,1747,-67,214,-67,216,-39,314,255,21,74,-43,-68,150
73876,-497,-1508,-205,-63,1287,-6549,-64,-919,0,-42,0,-7,21,429,6104,993,-33,0,15050,1583,1586,1710,1709,-88,268,-87,266,-202,269,255,45,108,-42,-71,149
73926,-1029,-1619,195,-94,1081,-2459,5733,484,-101,21,0,-36,30,429,6104,994,-7,0,14587,1570,1529,1640,1647,-172,266,-171,265,-257,335,255,1,187,-41,-72,152
73976,-779,-1061,49,-15,1224,-2337,4024,-247,-130,-12,0,-39,15,428,6075,998,44,0,13042,1514,1463,1597,1606,-192,293,-192,293,-303,379,255,-71,152,-39,-74,154
74026,-608,-876,46,-119,957,-9967,7625,2620,-117,-35,0,-30,8,429,6104,988,10,0,14998,1499,1499,1624,1600,-303,321,-300,317,-475,568,244,-81,189,-37,-74,152
74076,-1518,69,-157,-91,736,-9967,12752,606,-106,-1,0,-44,3,428,6075,990,-42,0,17801,1644,1631,1733,1711,-369,362,-365,359,-542,542,255,-86,280,-33,-76,152
74126,-1376,475,-190,372,1308,-6915,9395,-797,-188,28,0,-67,1,429,6104,1001,1,0,15260,1553,1508,1633,1632,-351,306,-351,307,-450,484,255,-148,353,-32,-75,154
74176,-1384,415,-94,-89,1305,-13385,4573,362,-198,-38,0,-61,-13,429,6104,989,40,0,13156,1454,1488,1578,1586,-384,349,-380,345,-470,604,255,-234,268,-29,-76,156
74226,-1655,651,-165,-36,1076,-14239,7259,1644,-154,-56,0,-58,-19,428,6075,986,-15,0,17647,1642,1634,1718,1699,-420,392,-414,387,-544,643,234,-200,307,-28,-76,159
74276,-1785,878,-78,130,1175,-6976,10860,240,-181,-5,0,-69,-14,428,6075,1006,-17,0,14543,1565,1517,1673,1631,-374,329,-376,331,-514,497,255,-204,357,-25,-76,157
74326,-1532,1278,145,217,1079,-5511,7198,1644,-202,24,0,-71,-19,429,6104,1005,32,0,11946,1561,1547,1675,1645,-391,248,-393,249,-543,501,224,-242,357,-24,-75,157
74376,-1709,1239,-122,92,975,-13568,4940,-1407,-221,-32,0,-75,-25,428,6075,1011,27,0,13170,1534,1533,1652,1636,-443,221,-449,224,-487,428,255,-203,321,-21,-74,159
74426,-2059,518,-113,35,868,-17657,4696,1522,-181,-19,0,-72,-10,428,6075,1021,49,0,11164,1578,1551,1660,1638,-414,244,-423,250,-509,417,255,-133,343,-19,-73,157
74476,-2004,122,112,196,705,-11798,4512,972,-161,2,0,-72,-4,429,6104,1016,-3,0,15126,1584,1570,1697,1684,-379,135,-385,138,-418,333,224,-207,316,-16,-71,153
74526,-2153,583,137,132,1309,-11248,7503,-1041,-128,-64,0,-65,-24,428,6075,1019,-3,0,14791,1558,1539,1671,1660,-394,190,-401,194,-525,383,244,-284,300,-15,-70,159
74576,-2915,489,-34,-237,541,-13507,8602,-2628,-67,-176,0,-55,-41,428,6075,1003,6,0,12636,1546,1587,1699,1691,-373,155,-375,156,-604,260,244,-357,178,-14,-70,158
74626,-3157,259,51,-185,1024,-6365,10860,-1834,25,-210,0,-46,-46,428,6075,1040,28,0,12062,1553,1437,1649,1633,-442,193,-459,201,-660,9,255,-357,191,-13,-70,156
74676,-2372,843,-95,121,739,9014,14034,-3,28,-174,0,-40,-46,429,6104,1035,6,0,13904,1566,1520,1687,1650,-430,7,-445,7,-674,-48,255,-411,143,-13,-68,148
74726,-2410,1301,236,-18,1145,4620,12264,-1346,84,-188,0,-26,-63,429,6104,1037,24,0,13933,1467,1441,1648,1628,-439,7,-455,7,-671,-33,255,-464,61,-13,-67,153
74776,-2415,1084,-110,-100,1102,7122,12264,-2261,131,-273,0,-15,-70,429,6104,1041,-22,0,16536,1607,1578,1731,1716,-403,6,-420,6,-616,-274,255,-430,-6,-13,-67,158
74826,-1701,1337,-51,-9,1442,12982,15072,-2139,104,-188,0,-10,-59,428,6075,1050,53,0,14098,1462,1423,1632,1595,-331,-142,-348,-149,-556,-331,255,-413,-15,-14,-66,162
74876,-1031,1493,188,-172,461,9625,7930,-1407,32,-156,0,-5,-65,429,6104,1039,-7,0,17183,1572,1592,1716,1710,-224,-174,-233,-180,-376,-265,255,-430,-92,-15,-65,159
74926,-691,1134,67,-288,866,9991,7930,-3055,122,-199,0,17,-60,428,6075,1039,41,0,11696,1477,1442,1661,1627,-182,-199,-189,-207,-340,-360,255,-404,-200,-17,-65,159
74976,-653,805,-71,-18,987,12188,9212,-2506,181,-204,0,23,-53,428,6075,1039,1,0,14604,1539,1519,1671,1642,-188,-232,-195,-241,-369,-498,255,-301,-216,-18,-65,158
75026,-42,1026,-135,9,1106,14447,10067,-3116,166,-105,0,31,-35,428,6075,1037,11,0,13726,1546,1519,1685,1663,-153,-264,-159,-274,-255,-451,255,-242,-223,-19,-65,160
75076,484,1027,189,-236,655,10540,2742,-2384,81,-49,0,31,-33,428,6075,1035,-2,0,14428,1579,1571,1724,1716,17,-265,18,-275,-42,-371,255,-228,-269,-21,-65,153
75176,858,202,48,54,989,12921,5123,-3055,172,-72,0,47,-18,428,6075,1024,13,0,13099,1544,1505,1677,1668,49,-265,51,-272,-9,-459,255,-145,-291,-25,-66,149
75226,1295,-237,169,-150,714,10052,179,-2994,98,-99,0,46,-20,428,6075,1008,-21,0,15753,1597,1545,1718,1710,65,-247,66,-249,42,-473,255,-152,-334,-27,-66,153
75276,1826,365,-189,307,1305,7305,-797,-1346,110,-15,0,49,-6,427,6047,1016,2,0,13989,1536,1403,1626,1622,98,-315,99,-321,170,-477,255,12,-220,-29,-67,150
75326,2259,-286,11,251,1214,3155,-5740,-1407,-38,62,0,28,16,429,6104,991,-78,0,17295,1594,1612,1732,1747,228,-314,226,-311,372,-264,255,51,-198,-31,-65,152
75376,1700,-752,0,144,1062,-2459,-8853,-2261,4,55,0,28,23,427,6047,987,-59,0,18153,1621,1543,1741,1750,328,-204,323,-202,506,-312,255,148,-172,-33,-65,151
75426,1601,-1362,45,22,1670,6512,-6900,-2567,-2,91,0,27,41,428,6075,983,-46,0,17272,1371,1412,1612,1606,424,-249,417,-245,550,-214,255,143,-223,-35,-65,152
75476,598,-1133,-138,32,1008,6573,-7327,-1285,127,82,0,34,38,428,6075,974,-53,0,16109,1590,1551,1722,1685,421,-63,410,-62,553,-213,255,257,-167,-38,-66,152
75526,1036,-1418,-175,182,1209,5413,-7694,-2994,4,182,0,15,64,429,6104,969,-7,0,13970,1464,1459,1630,1636,454,-241,440,-233,681,-264,255,300,-139,-39,-66,154
75576,773,-1797,-62,174,1320,-2886,-15811,-1651,43,194,0,20,70,428,6075,1006,54,0,14903,1549,1497,1638,1667,465,-136,468,-137,766,-137,255,346,-135,-41,-66,156
75626,771,-2745,123,171,1126,-262,-15933,240,36,160,0,17,77,428,6075,980,-8,0,16728,1583,1571,1693,1716,446,-16,437,-16,736,33,244,328,-128,-42,-66,148
75676,-179,-3633,214,-146,814,-3314,-9708,-430,89,74,0,18,73,428,6075,991,-39,0,16974,1637,1619,1741,1769,508,20,504,20,666,-42,255,290,-166,-44,-67,149
75726,-348,-3364,152,-110,1100,7672,-11539,-3,159,73,0,27,70,429,6104,987,20,0,11609,1576,1477,1669,1654,586,-22,579,-21,712,-214,255,344,-140,-46,-69,151
75776,682,-3108,-53,94,873,5535,-10867,911,6,149,0,10,85,427,6047,986,12,0,13874,1538,1520,1661,1654,500,-61,493,-60,751,0,255,417,-48,-47,-69,143
75826,625,-3433,-25,36,826,-4656,-12332,57,-55,167,0,0,94,429,6104,977,28,0,13873,1563,1557,1671,1666,606,18,592,17,816,151,255,425,-18,-48,-69,144
75876,271,-3308,-84,-43,1005,-2764,-12637,850,-55,167,0,-5,93,430,6132,988,17,0,15583,1523,1524,1649,1633,512,42,506,42,778,145,244,470,5,-49,-71,146
75926,-59,-3300,42,-16,975,-7769,-15811,667,-73,255,0,-14,107,429,6104,994,29,0,13387,1581,1513,1634,1645,472,132,469,131,757,135,255,509,61,-49,-71,149
75976,360,-3109,-99,240,1113,-10333,-20877,2132,-106,313,0,-18,118,430,6132,997,39,0,14542,1574,1529,1644,1660,451,112,449,112,812,270,255,599,127,-48,-72,155
76026,14,-3595,-56,171,921,-14544,-22586,2864,-161,332,0,-34,129,427,6047,997,10,0,15645,1614,1581,1694,1716,452,164,451,164,828,345,255,613,178,-47,-71,153
76076,-366,-4187,77,135,1119,-17596,-21732,1583,-165,309,0,-40,133,428,6075,980,19,0,11014,1578,1522,1649,1663,440,156,431,152,749,387,255,580,265,-45,-70,155
76126,-707,-4511,-106,13,819,-11798,-18680,1705,-207,201,0,-53,121,427,6047,989,-1,0,14387,1610,1580,1667,1699,364,81,360,80,666,362,255,535,228,-43,-69,153
76176,-1286,-4731,-61,55,904,-14544,-10074,-980,-138,156,0,-50,116,428,6075,989,0,0,15868,1576,1560,1671,1660,301,186,298,184,445,445,255,457,227,-41,-68,154
76226,-1942,-4581,163,49,935,-10333,-9891,2559,-65,121,0,-47,101,428,6075,978,12,0,13088,1566,1534,1650,1666,203,181,199,177,325,308,255,407,217,-40,-67,153
76276,-1879,-3683,-210,33,775,-7281,-7816,2376,-61,127,0,-46,95,428,6075,967,26,0,11512,1515,1465,1623,1599,78,178,75,172,137,293,214,358,223,-37,-67,150
76326,-1736,-3460,-144,-47,1103,-8441,-2933,1339,-88,108,0,-47,85,428,6075,1000,3,0,17131,1576,1599,1689,1688,-4,53,-4,53,52,260,244,342,214,-34,-66,149
76376,-1705,-3121,-108,279,1316,-13934,-3726,362,-94,145,0,-52,86,428,6075,1005,42,0,13052,1455,1412,1565,1566,-73,51,-73,51,0,252,244,309,238,-29,-64,151
76426,-2482,-3099,-55,244,1039,-12591,-4093,1705,-35,98,0,-54,75,429,6104,982,-46,0,16708,1611,1617,1701,1712,-57,137,-56,135,-9,291,244,236,250,-26,-62,153
76476,-3053,-2516,-34,29,1453,-7952,118,-491,17,87,0,-50,62,428,6075,980,-62,0,16829,1562,1521,1667,1663,-251,129,-246,127,-242,121,255,112,236,-22,-61,152
76526,-2770,-2381,99,10,803,592,3597,-491,25,-7,0,-44,38,428,6075,982,-52,0,15325,1629,1624,1741,1733,-287,-25,-282,-25,-420,8,244,32,159,-20,-59,146
76576,-2214,-2236,51,-72,466,714,6954,-1468,7,-65,0,-34,25,429,6104,969,-50,0,14292,1615,1565,1710,1690,-393,-51,-381,-49,-626,-115,234,-18,153,-15,-58,152
76626,-1837,-1591,76,177,1263,5230,14400,-1224,6,-81,0,-34,12,428,6075,966,-32,0,14236,1655,1601,1751,1751,-512,-23,-495,-22,-733,-129,244,-154,98,-13,-56,155
76676,-1561,-492,-34,-178,718,5230,13790,-1224,18,-108,0,-19,-10,428,6075,953,-11,0,16247,1600,1556,1714,1700,-592,-207,-564,-198,-858,-269,244,-264,-9,-9,-54,159
76726,-1065,111,76,60,1136,11578,13729,2132,85,-157,0,-3,-33,430,6132,938,15,0,13040,1544,1472,1629,1625,-643,-154,-603,-144,-876,-356,234,-369,-40,-6,-53,155
76776,-697,334,342,35,947,11578,14522,-186,111,-191,0,8,-50,428,6075,942,15,0,13019,1571,1532,1678,1674,-680,-266,-640,-250,-912,-368,255,-449,-132,-4,-51,155
76826,-707,249,-23,-130,1274,7977,17147,-1712,135,-307,0,15,-64,429,6104,985,76,0,11440,1484,1429,1604,1603,-722,-230,-711,-227,-1027,-432,224,-497,-126,-2,-50,160
76876,-464,612,-124,-8,997,10784,22640,118,106,-336,0,12,-73,429,6104,955,32,0,14176,1560,1550,1683,1649,-811,-148,-774,-142,-1160,-378,244,-568,-103,0,-50,156
76926,-258,1611,-29,-152,1010,9930,24959,-2506,85,-310,0,14,-88,429,6104,962,12,0,17012,1535,1465,1675,1638,-757,-180,-728,-173,-1145,-384,234,-611,-154,1,-49,159
76976,578,2238,-84,-22,1098,15667,24898,-125,39,-321,0,17,-100,428,6075,957,28,0,10204,1495,1478,1640,1612,-521,-315,-498,-301,-901,-480,214,-649,-248,1,-48,157
77026,1053,2616,-78,-191,852,5902,20198,1339,101,-285,0,43,-99,429,6104,953,-33,0,14869,1590,1564,1706,1687,-801,-352,-764,-335,-1143,-474,244,-625,-298,2,-48,159
77076,1140,2611,-206,-183,818,9869,17818,-552,84,-264,0,40,-92,429,6104,946,-97,0,18171,1678,1613,1755,1754,-800,-303,-756,-286,-1068,-508,255,-623,-250,3,-48,159
77126,1872,2827,205,-30,1169,10296,17391,-552,57,-258,0,44,-104,428,6075,942,3,0,12566,1540,1505,1663,1651,-740,-273,-697,-257,-1031,-356,255,-688,-309,4,-49,158
77176,1792,2933,116,-217,1230,5963,18673,-430,62,-247,0,47,-102,429,6104,942,13,0,16603,1512,1450,1622,1589,-705,-133,-664,-125,-1033,-327,255,-614,-208,4,-49,159
77226,1072,2914,130,-90,608,4132,16903,3353,26,-252,0,27,-105,428,6075,937,-2,0,14393,1601,1583,1707,1680,-673,-220,-630,-206,-973,-252,255,-658,-222,4,-50,156
77276,1089,2895,58,-124,946,3521,21785,-1529,-80,258,4,5,0,429,6104,941,-2,0,12913,1564,1503,1711,1607,-660,-282,-621,-265,-811,-212,255,-693,-249,4,-50,153
77326,919,3183,-174,-13,1044,-5511,-7266,-64,-64,273,2,4,0,428,6075,961,-15,0,17431,1558,1567,1683,1685,-451,-283,-433,-272,-253,-168,255,-627,-250,2,-49,154
77376,498,1988,-95,161,1507,-6915,-14102,-1773,-12,183,2,4,1,428,6075,937,1,0,13442,1543,1511,1655,1652,-368,-129,-345,-121,-119,-25,255,-584,-224,0,-51,153
77426,151,1276,-21,-188,1037,-1910,-8182,-1224,-8,115,2,4,0,428,6075,948,3,0,17303,1527,1477,1638,1629,-363,-142,-344,-134,-196,-107,255,-511,-251,-2,-52,154
77476,93,664,-167,-60,1125,1873,-8731,-247,11,47,2,4,0,428,6075,930,-6,0,12857,1527,1502,1645,1659,-263,-91,-244,-85,-152,-135,255,-442,-207,-4,-53,148
77526,243,-161,275,-87,738,-933,-5679,972,-2,28,0,6,0,428,6075,947,-16,0,14929,1614,1570,1706,1690,-306,-53,-290,-50,-231,0,255,-422,-250,-5,-55,145
77576,382,-429,37,-184,551,775,-491,-247,-38,-27,2,5,0,428,6075,951,-13,0,16822,1621,1571,1699,1684,-291,-185,-277,-176,-257,-77,255,-395,-233,-7,-56,150
77626,137,-307,13,102,1469,-2886,-1834,1644,18,-22,0,4,0,428,6075,947,39,0,14787,1504,1473,1614,1604,-256,-39,-243,-37,-236,8,255,-333,-172,-8,-57,147
77676,-117,-922,-128,85,1028,-689,57,789,32,-91,2,2,0,427,6047,956,-18,0,18369,1582,1598,1707,1709,-231,17,-221,16,-232,60,255,-230,-59,-8,-58,143
77726,-1193,-1481,146,-189,738,-2520,3780,179,103,-110,0,4,0,429,6104,953,2,0,14470,1587,1575,1701,1685,-218,-17,-208,-16,-281,17,255,-250,-5,-8,-59,149
77776,-1216,-945,7,-161,992,4254,3902,1278,125,-81,2,6,0,428,6075,956,40,0,14456,1586,1514,1661,1674,-180,-99,-172,-95,-236,-193,255,-201,-73,-9,-58,149
77826,-439,-1325,26,-83,1215,1934,-247,3536,60,-115,4,5,0,429,6104,976,54,0,13334,1505,1474,1635,1617,-164,0,-160,0,-221,-25,255,-183,-23,-9,-58,145
77876,-626,-910,-168,23,1041,4864,7015,1461,91,-97,2,6,0,428,6075,965,-8,0,15203,1468,1502,1641,1626,-18,21,-17,21,-102,-34,255,-59,48,-10,-58,143
77926,-1322,-1292,92,-72,737,5535,5428,-797,145,-104,0,6,0,429,6104,982,-3,0,15583,1597,1580,1697,1703,-100,-50,-98,-49,-151,-126,255,-16,69,-9,-57,148
77976,-1079,-792,-109,-8,879,9381,2987,301,127,-80,2,5,0,429,6104,960,22,0,11324,1528,1457,1632,1620,7,-20,6,-19,-85,-188,255,4,67,-10,-56,139
78026,-185,-300,-267,87,795,4742,-552,3170,61,-56,2,6,0,429,6104,976,20,0,14774,1638,1598,1744,1734,42,99,41,97,0,-34,255,55,80,-10,-56,136
78076,-31,-498,-18,276,1435,3887,57,-247,55,-42,2,6,0,429,6104,970,28,0,14316,1466,1478,1628,1620,1,40,1,38,48,-19,255,130,132,-8,-56,134
78126,-647,-779,32,-187,707,3094,-797,362,67,-64,2,6,0,429,6104,977,28,0,12243,1508,1514,1646,1639,72,77,71,75,68,120,255,127,167,-8,-55,137
78176,-869,-634,52,-137,772,2972,972,301,88,-46,2,5,0,429,6104,959,-12,0,14656,1580,1562,1687,1687,119,113,114,109,102,59,255,92,152,-8,-54,140
78226,-315,-114,-113,175,1240,2728,-1468,-1651,71,-11,2,5,1,428,6075,949,37,0,10140,1545,1510,1638,1633,212,181,201,171,236,84,255,71,102,-8,-55,145
78276,163,-391,-40,148,1021,-3314,-5130,667,23,-8,0,4,5,428,6075,953,-40,0,16139,1616,1613,1720,1695,270,297,257,283,340,330,255,107,129,-10,-56,145
78326,125,-592,72,74,1141,-8990,-7938,362,19,215,2,5,51,429,6104,950,-71,0,16323,1631,1555,1734,1703,289,311,274,295,435,332,255,158,202,-11,-57,145
78376,127,-1092,92,50,751,-79,-15872,606,-77,250,2,-14,65,429,6104,973,55,0,12891,1495,1459,1621,1612,388,240,377,234,669,359,255,175,192,-14,-57,146
78426,295,-1433,-29,318,980,-14239,-16910,423,-115,218,2,-23,68,427,6047,950,19,0,15032,1480,1467,1572,1631,387,289,368,275,681,460,255,262,185,-15,-58,152
78476,-451,-2447,-3,175,966,-18389,-13065,667,-71,-38,2,-24,34,428,6075,947,-53,0,15800,1607,1653,1712,1734,403,307,381,290,443,537,244,260,205,-16,-59,152
78526,-759,-2186,-101,46,1206,-10943,3231,-1651,206,-197,0,27,1,429,6104,947,-55,0,16130,1611,1573,1720,1700,382,416,361,394,215,361,255,283,281,-18,-60,153
78576,-551,-1890,-51,112,990,10235,11959,-125,204,-168,2,27,2,429,6104,936,-10,0,12543,1565,1559,1698,1676,309,187,289,175,121,77,255,296,311,-17,-59,150
78626,-91,-589,-99,158,1116,5841,5977,362,129,-57,2,20,1,429,6104,921,-4,0,15242,1561,1500,1647,1634,341,307,314,283,236,110,255,293,314,-17,-58,145
78676,384,-263,-242,31,1218,6878,728,484,69,-40,4,19,0,429,6104,945,-53,0,18482,1554,1603,1691,1711,423,301,400,285,463,260,255,414,373,-17,-58,144
78726,-319,-967,273,-8,1253,1385,-369,-369,110,-62,4,18,1,428,6075,943,-24,0,16125,1519,1519,1616,1638,352,301,332,284,400,244,255,377,387,-16,-57,147
78776,-91,-931,141,-266,1294,11761,301,179,86,-75,2,18,0,429,6104,935,-3,0,14227,1561,1502,1660,1666,486,295,454,275,426,116,255,357,288,-17,-56,145
78826,557,-740,-78,-169,970,7366,2376,-247,-39,-64,2,4,2,427,6047,937,39,0,12957,1509,1512,1601,1631,431,369,404,346,441,297,255,394,254,-17,-57,145
78876,797,-798,189,82,1074,-1727,4512,-125,-42,-48,4,4,1,428,6075,935,15,0,16906,1532,1521,1652,1629,431,348,403,325,423,380,255,439,276,-17,-58,145
78926,727,-388,-97,151,1168,-384,5306,1217,-62,-31,2,-2,2,428,6075,919,-5,0,12325,1573,1539,1679,1663,494,401,454,369,441,424,255,441,299,-17,-58,146
78976,902,-80,239,-86,996,-262,1033,-125,-61,58,0,5,8,428,6075,926,-22,0,17167,1506,1499,1640,1645,624,429,578,397,651,482,244,399,292,-19,-59,143
79026,981,15,-56,-39,776,3948,-1407,1644,-34,32,2,11,7,429,6104,928,-50,0,15911,1662,1655,1773,1764,621,401,576,372,651,462,255,406,248,-20,-59,144
79076,1189,46,52,-18,1627,-567,-1956,-1285,-54,50,4,10,8,428,6075,933,7,0,13149,1487,1450,1619,1610,629,500,587,466,699,489,255,486,279,-22,-62,144
79126,924,280,67,3,1287,-689,667,118,-33,40,2,9,2,428,6075,929,18,0,15955,1485,1544,1646,1642,644,412,598,383,669,592,234,475,293,-22,-62,138
79176,561,-101,97,-67,546,-5145,-1651,-736,-19,20,2,9,2,428,6075,924,-4,0,13418,1554,1572,1660,1683,526,385,486,356,531,396,244,447,276,-24,-64,144
79226,362,-433,276,-36,1160,-201,-3604,850,9,-9,0,9,0,428,6075,932,14,0,14220,1576,1508,1657,1654,673,590,627,550,688,485,224,437,300,-25,-66,142
79276,-166,-349,-86,36,1030,531,1583,-1529,67,-33,2,9,1,428,6075,912,0,0,14306,1551,1564,1682,1674,660,520,602,474,651,484,244,477,339,-27,-69,143
79326,-229,-49,-105,-62,1078,-4901,3475,-1468,54,-8,2,8,1,428,6075,896,-50,0,15262,1614,1617,1714,1705,716,512,642,459,681,547,224,443,381,-29,-70,147
79376,7,32,49,-62,949,-384,-614,-3,37,15,2,9,1,427,6047,936,34,0,13599,1559,1545,1667,1685,724,612,678,573,726,551,204,467,395,-31,-72,135
79426,-199,-426,-82,-95,850,-384,-3116,-1041,51,-42,2,9,0,428,6075,920,8,0,15346,1522,1539,1627,1647,732,515,673,474,757,496,214,585,433,-32,-72,145
79476,-186,-716,-152,236,1254,-2093,-919,1339,76,-68,2,8,1,429,6104,917,3,0,15619,1590,1592,1682,1690,804,616,737,565,781,597,244,708,512,-33,-73,146
79526,-81,-493,-126,277,1473,1812,1766,-1712,68,-46,4,8,1,428,6075,893,44,0,10556,1425,1434,1582,1582,774,617,691,551,745,590,193,731,581,-33,-73,146
79576,451,-131,90,0,847,3826,-125,-3,3,2,2,8,0,429,6104,929,49,0,13391,1561,1541,1629,1660,842,654,782,608,823,613,214,751,603,-33,-72,135
79626,1002,-657,3,-8,720,-201,-1834,118,-45,-53,4,9,0,428,6075,925,4,0,13282,1571,1567,1677,1681,829,592,767,547,830,620,234,755,581,-33,-72,141
79676,937,-1301,163,67,970,-4840,-491,1644,-36,-95,2,8,0,429,6104,925,-34,0,18353,1574,1580,1677,1689,840,667,777,617,768,709,224,714,551,-33,-73,146
79726,552,-1441,81,-51,858,-384,3048,-308,-13,-116,2,8,0,428,6075,929,0,0,14602,1545,1538,1660,1665,861,665,800,618,750,674,255,733,560,-34,-73,144
79776,-70,-1203,-207,166,1317,-4473,5489,911,-10,-122,2,-5,0,427,6047,927,-40,0,15335,1594,1574,1685,1679,908,720,841,668,804,795,244,842,638,-34,-74,150
79826,-57,-783,-107,205,1186,-7098,5733,-1407,-148,-78,2,-33,0,428,6075,916,0,0,14653,1506,1500,1617,1609,875,760,801,696,820,871,234,856,703,-33,-74,150
79876,178,-18,-110,-69,592,-8563,3780,1033,-237,16,2,-41,7,428,6075,899,-34,0,15643,1620,1609,1712,1705,1015,801,913,720,1008,1025,255,843,739,-33,-73,151
79926,-385,153,52,-136,914,-12408,-6107,-491,-275,196,2,-57,34,428,6075,922,-32,0,17041,1611,1577,1705,1722,863,748,795,689,1016,921,244,835,686,-33,-73,153
79976,-544,-206,-29,177,1305,-8502,-12027,-736,-227,159,0,-57,34,427,6047,901,-51,0,16656,1562,1554,1644,1689,1050,732,946,659,1326,965,255,902,744,-34,-73,156
80026,-1405,-1687,152,-36,1170,-8013,-9525,-1346,-279,38,0,-79,34,430,6132,913,-33,0,17482,1588,1551,1694,1698,1133,803,1035,733,1285,1031,244,871,664,-35,-73,159
80076,-2039,-1501,-80,109,1374,-14605,-5252,-3,-256,30,2,-87,33,429,6104,899,-17,0,15778,1557,1554,1659,1663,1067,875,959,787,1156,1058,234,921,655,-36,-75,156
80126,-1769,-1134,-125,133,1029,-19549,-6900,-1224,-284,57,2,-89,33,429,6104,921,75,0,13816,1439,1480,1571,1609,1009,702,930,646,1143,1066,244,950,705,-36,-74,159
80176,-2348,-1808,-7,-22,854,-18572,-8670,240,-245,5,2,-88,32,428,6075,920,-4,0,18137,1603,1611,1688,1711,1033,553,951,509,1138,885,234,965,707,-36,-73,152
80226,-2541,-2099,97,137,1013,-15704,-3421,-125,-196,135,0,-85,62,428,6075,905,13,0,13534,1595,1577,1711,1702,1026,677,929,613,1114,920,255,954,702,-35,-72,156
80276,-2965,-1845,-95,-71,834,-9112,-6595,-675,-184,168,2,-87,68,428,6075,932,59,0,14627,1513,1497,1633,1647,998,613,930,571,1196,741,214,867,656,-36,-70,154
80326,-2837,-1490,-189,-123,901,-6304,-14407,667,26,131,2,-41,55,428,6075,916,19,0,13962,1499,1546,1628,1666,1056,564,967,517,1305,686,255,898,613,-36,-70,155
80376,-2589,-1002,-145,89,925,-323,-12027,-675,97,102,2,-28,40,428,6075,917,46,0,12476,1466,1519,1588,1630,1034,436,948,400,1209,335,234,918,595,-37,-68,153
80426,-2199,-1185,-103,39,860,12127,-6717,-736,282,-24,2,15,18,428,6075,937,58,0,12017,1648,1561,1689,1733,955,463,895,434,1050,110,244,944,589,-36,-67,152
80476,-631,-911,-154,60,1039,16644,-5985,1278,93,-44,4,4,9,429,6104,946,58,0,13781,1478,1399,1579,1576,871,338,824,320,841,125,255,948,510,-35,-64,147
80526,387,-736,-101,145,1038,8038,3292,2620,4,0,2,4,15,428,6075,906,-32,0,16680,1599,1617,1754,1701,948,324,859,293,844,310,255,947,479,-34,-62,144
80576,599,96,-217,-7,939,-1544,-4825,789,-75,165,2,-4,35,428,6075,930,68,0,12800,1463,1421,1603,1604,866,276,806,257,1014,366,255,972,457,-32,-60,146
80626,318,-348,-68,58,993,-5450,-13431,2010,-59,281,0,-6,62,429,6104,924,9,0,17571,1601,1589,1679,1679,844,277,780,256,1100,363,255,1000,460,-30,-58,149
80676,415,-967,-17,241,1310,-1055,-14163,-308,-102,309,2,-16,78,429,6104,917,-52,0,18557,1576,1541,1664,1668,839,191,769,175,1101,249,255,1005,476,-27,-55,155
80726,397,-1819,4,172,1108,-3741,-17398,57,-108,275,2,-17,85,428,6075,905,-56,0,15968,1612,1594,1711,1737,778,260,704,236,1070,286,255,955,470,-25,-53,151
80776,24,-2013,-164,-186,781,347,-15750,-1346,-123,207,4,-19,80,427,6047,914,58,0,8884,1411,1398,1564,1586,701,112,641,102,930,135,244,859,363,-22,-49,151
80826,-166,-1680,-107,-100,823,592,-12515,972,-98,114,2,-20,54,428,6075,911,1,0,14716,1563,1489,1580,1649,590,139,538,127,810,60,255,820,279,-20,-48,149
80876,67,-2045,-77,48,1175,-5206,-4337,-2445,-21,-26,2,-3,32,428,6075,907,-36,0,16901,1602,1652,1730,1730,616,152,559,138,607,154,255,808,226,-16,-46,150
80926,1,-1825,-89,74,1251,2056,7198,-2384,-104,-82,4,-22,18,372,4589,907,0,-111,5374,1581,1470,1649,1660,493,95,447,87,372,-59,255,757,212,-14,-45,147
80976,363,-1845,35,90,850,-4473,3536,2926,-135,-130,-18,-22,6,332,3655,910,-92,-272,5795,1304,1221,1390,1455,370,-12,336,-11,207,207,244,642,121,-10,-43,153
81026,430,-1657,9,6,351,-7159,5306,3414,-144,-119,0,-20,5,330,3612,870,-313,-279,19451,1642,1603,1702,1703,187,92,162,80,39,225,255,576,120,-7,-43,147
81076,-726,-1444,264,-55,970,-4412,7930,1766,-40,-87,-2,-19,3,330,3612,862,-337,-284,13866,1589,1552,1648,1692,181,-73,156,-63,50,50,255,421,56,-3,-41,151
81126,-1065,-1087,171,4,974,3643,9822,-1285,0,-62,0,-19,4,328,3568,827,-406,-287,19215,1629,1567,1728,1708,259,-48,214,-40,68,-85,255,324,-8,-2,-40,148
81176,-612,-245,94,-61,1035,13226,8785,-858,-39,-2,-4,-18,2,329,3590,831,-299,-284,12228,1561,1518,1695,1685,131,-215,109,-178,42,-339,244,295,-126,0,-40,154
81226,87,-55,4,188,896,1934,3780,301,-76,7,0,-18,2,328,3568,829,-274,-287,13527,1478,1439,1621,1597,201,-186,167,-154,100,-218,255,243,-110,0,-40,146
81276,-88,-45,193,-4,1166,-2215,2864,301,-84,21,0,-18,2,328,3568,812,-329,-295,18634,1603,1568,1697,1713,110,-268,89,-218,69,-253,255,168,-171,1,-39,149
81326,-154,-259,92,54,1102,-2215,362,-1712,-69,-7,0,-17,1,327,3546,791,-272,-292,13333,1479,1490,1612,1643,43,-298,34,-236,38,-250,244,135,-144,2,-38,150
81376,-967,-279,50,13,877,-1300,-125,-125,3,-11,-2,-16,1,328,3568,759,-315,-284,14787,1569,1510,1669,1677,67,-388,50,-294,0,-396,255,188,-132,4,-37,148
81426,-1176,-249,-97,76,899,3155,3475,-1712,27,-24,0,-17,2,329,3590,740,-345,-284,14397,1619,1568,1727,1736,35,-381,25,-282,0,-468,244,162,-138,5,-35,150
81476,-876,47,74,28,923,7794,2254,-3543,0,18,0,-16,1,327,3546,721,-289,-292,11091,1531,1463,1657,1645,3,-518,2,-374,-33,-635,224,156,-168,7,-33,144
81526,-1209,-453,-199,15,1065,1690,2498,-2689,26,-53,10,-16,1,327,3546,696,-352,-292,16452,1645,1631,1755,1752,37,-583,26,-405,-33,-632,234,166,-182,8,-31,155
81576,-1052,-863,-212,83,1085,-3802,7930,-3421,19,-93,2,-16,1,306,3105,702,-290,-328,12181,1404,1396,1576,1557,-84,-580,-59,-407,-166,-644,204,93,-238,10,-29,158
81626,-583,-219,85,-81,790,1812,3292,-186,-41,-3,0,-16,1,291,2808,675,-355,-435,9489,1349,1318,1469,1450,-102,-731,-69,-493,-144,-660,204,32,-356,11,-27,153
81676,-391,-102,-20,11,492,-3253,-1712,1583,-47,74,2,-16,17,292,2828,674,-500,-435,19794,1674,1625,1750,1735,-81,-869,-54,-586,-9,-557,234,-40,-408,11,-26,155
81726,-767,-410,171,-137,860,-12225,-9219,-675,-36,106,2,-16,23,292,2828,643,-460,-432,15408,1536,1580,1670,1716,-179,-772,-115,-496,0,-451,234,-68,-455,12,-25,160
81776,-1662,-890,76,-158,1103,-6549,-7938,-1956,39,56,2,-18,25,291,2808,631,-411,-432,12333,1512,1437,1634,1616,-160,-876,-101,-553,-111,-958,214,-13,-389,12,-24,162
81826,-1789,-852,-79,28,902,3643,-3116,-736,118,185,0,-9,53,291,2808,582,-383,-435,12234,1438,1435,1617,1555,-188,-993,-109,-578,-134,-1041,204,-31,-437,13,-22,160
81876,-1386,-770,31,-148,1271,3826,-6900,-1651,137,265,0,4,65,292,2828,564,-397,-432,14539,1408,1387,1567,1575,-287,-1125,-162,-635,0,-1204,163,-130,-499,14,-20,161
81926,-1351,-1445,220,-233,736,6695,-13675,-1346,140,374,-2,9,93,292,2828,552,-403,-432,13176,1490,1526,1675,1623,-343,-1264,-189,-698,-43,-1370,122,-186,-594,14,-19,166
81976,-723,-2155,49,-142,653,14324,-17276,-125,268,451,2,43,125,293,2847,547,-460,-435,16757,1613,1546,1710,1717,-447,-1313,-244,-718,-94,-1585,122,-194,-668,14,-18,165
82176,1470,-2660,38,-48,1005,14691,-9403,-1773,97,266,2,45,99,291,2808,420,-550,-432,17374,1650,1608,1764,1748,-1256,-1802,-527,-757,-1140,-1997,153,-382,-790,19,-16,166
82226,1541,-2772,108,138,1430,9320,240,-3116,103,375,-2,45,122,292,2828,402,-499,-432,13757,1518,1484,1718,1619,-1444,-1902,-580,-764,-1425,-2066,122,-515,-764,20,-16,167
82276,1394,-2271,134,-258,1148,9136,-7083,-1407,84,455,0,45,128,292,2828,434,-391,-432,13883,1563,1492,1688,1681,-1891,-1993,-820,-865,-1633,-2136,153,-603,-784,22,-15,168
82326,1284,-2470,60,-85,505,9564,-20389,-1651,103,258,0,46,91,292,2828,345,-436,-432,13478,1606,1591,1697,1746,-1989,-1890,-686,-652,-1624,-1976,112,-679,-780,23,-16,166
82376,1187,-3104,156,-225,636,3277,-14407,-1773,94,106,0,46,70,291,2808,349,-493,-432,16771,1582,1543,1724,1691,-1989,-1890,-694,-659,-1624,-1976,0,-757,-816,23,-18,165
82426,1643,-2040,-151,50,935,6451,6405,-736,95,-8,0,46,38,292,2828,331,-358,-432,8619,1395,1358,1622,1545,-1989,-1890,-658,-625,-1624,-1976,0,-772,-825,23,-19,159
82476,1684,-1425,48,94,646,836,9090,911,88,2,0,44,25,292,2828,325,-455,-435,18602,1624,1608,1698,1675,-1989,-1890,-646,-614,-1624,-1976,0,-741,-736,21,-20,155
82526,1311,-1333,-29,-53,895,1446,11776,-1651,62,-29,2,37,19,292,2828,287,-506,-432,18243,1689,1703,1825,1786,-1989,-1890,-571,-542,-1624,-1976,0,-752,-724,20,-22,163
82576,1029,-878,-58,-178,1343,-4473,12508,-308,53,9,2,32,19,291,2808,304,-444,-435,19969,1535,1457,1663,1624,-1989,-1890,-604,-574,-1624,-1976,0,-666,-710,18,-25,162
82626,1104,187,-77,-59,1137,-1300,9945,2987,24,92,2,25,17,291,2808,250,-427,-435,17055,1574,1565,1696,1676,-1989,-1890,-499,-474,-1624,-1976,0,-692,-637,16,-27,160
82676,942,490,-178,-131,821,-13629,1217,-1773,-8,98,2,19,15,291,2808,202,-416,-435,12069,1530,1525,1660,1667,-1989,-1890,-401,-381,-1624,-1976,0,-568,-619,13,-30,162
82726,575,418,23,0,801,-4901,2559,-552,41,59,0,18,4,292,2828,146,-447,-432,12532,1717,1697,1805,1787,-1989,-1890,-290,-276,-1624,-1976,0,-578,-516,11,-31,154
82776,354,593,-119,-217,1133,1507,-4215,-3238,141,64,2,38,4,293,2847,152,-407,-427,11185,1490,1433,1628,1627,-1989,-1890,-302,-287,-1624,-1976,0,-515,-527,8,-34,161
82826,769,-155,83,35,1520,-5267,-247,-3726,85,5,2,30,2,290,2789,144,-317,-440,6900,1401,1443,1566,1547,-1989,-1890,-286,-272,-1624,-1976,0,-480,-433,7,-36,155
82876,164,-220,-25,-172,739,-1727,-6778,1156,69,-2,0,21,3,291,2808,150,-357,-435,13331,1622,1508,1664,1667,-1989,-1890,-298,-283,-1624,-1976,0,-497,-395,4,-38,159
82926,721,-456,304,-79,874,3826,240,1156,43,3,2,23,2,292,2828,146,-331,-432,13119,1529,1545,1667,1639,-1989,-1890,-290,-276,-1624,-1976,0,-486,-387,2,-39,154
82976,364,-798,94,-153,340,2484,667,1827,40,-29,0,23,2,291,2808,63,-431,-435,13936,1591,1546,1687,1689,-1989,-1890,-125,-119,-1624,-1976,0,-398,-320,0,-41,155
83026,496,-677,-93,56,1166,958,2376,972,72,-62,2,22,1,291,2808,78,-362,-435,9595,1583,1526,1705,1669,-1989,-1890,-155,-147,-1624,-1976,0,-364,-323,-2,-42,154
83076,606,-622,-197,105,941,-3741,-2567,2742,46,-71,0,18,0,292,2828,42,-273,-432,8365,1544,1518,1727,1587,1027,-1312,43,-55,-856,-1105,112,71,-217,-3,-44,154
83126,783,3371,1697,-214,855,-22601,102291,15194,16,253,2,18,0,291,2808,91,-236,-435,13615,1496,1164,1467,1150,1027,-1312,93,-119,-856,-1105,0,-24,-274,-4,-46,159
83176,369,7361,-588,-323,409,-17779,-84171,21968,-18,597,0,18,0,291,2808,47,-2,-440,5374,1150,1150,1899,1571,1027,-1312,48,-61,-856,-1105,0,-40,-40,-4,-48,155
83226,779,7146,1216,-1768,208,-50372,-31375,13240,0,640,0,18,0,292,2828,72,-297,-432,10638,1808,1603,1413,1150,-214,-123,-15,-8,-559,-447,132,114,-81,-3,-48,157
83276,1125,4652,515,315,476,21710,-3970,-3421,63,500,0,18,0,292,2828,68,-198,-432,5374,1729,1765,1423,1150,-214,-123,-14,-8,-559,-447,0,586,-281,0,-49,151
