c1,c2,c3,c4,c5,c6,c7,c8,c9,c10,c11,c12,c13,c14,c15,c16,c17,c18,c19,c20,c21,c22,c23,c24,c25,c26,c27,c28,c29,c30,c31,c32,c33,c34,c35,c36
26,21,44,-78,-1,1118,-1848,2316,-3179,0,-4,-2,0,0,71,167,88,327,-1316,167,1158,1150,1150,1150,0,0,0,0,0,0,0,0,3,0,0,116
76,-171,59,-15,-58,987,2545,-674,2435,13,7,-2,0,0,91,274,64,312,-1232,280,1150,1150,1150,1183,0,0,0,0,0,0,0,-2,15,-6,15,120
126,148,-128,45,44,933,1080,-1223,-2996,-7,-2,-4,0,0,128,543,45,158,-1088,543,1182,1150,1150,1150,0,0,0,0,0,0,0,-7,-2,-7,1,123
176,-200,19,-37,-130,950,3156,-735,2801,5,4,-4,0,1,156,807,50,68,-1052,622,1150,1150,1150,1208,0,0,0,0,0,0,0,-9,13,-25,-1,122
226,148,-228,95,71,849,1141,-3176,-1593,-4,-4,-4,0,0,157,817,57,90,-972,817,1178,1150,1150,1150,0,0,0,0,0,0,0,-14,0,-32,-23,124
276,-156,-15,-84,-173,984,958,424,3472,-3,-10,-4,0,0,159,838,57,100,-972,817,1150,1150,1152,1240,0,0,0,0,0,0,0,-13,11,-49,-35,126
326,292,-274,104,64,861,-628,-3237,-1470,-15,-10,-4,0,0,194,1248,38,-7,-824,1248,1179,1186,1150,1150,0,0,0,0,0,0,0,-9,-7,-49,-63,129
376,-209,53,-70,-141,913,104,363,2923,3,0,-2,0,0,193,1235,33,-61,-828,1235,1150,1150,1150,1253,0,0,0,0,0,0,0,-8,7,-57,-76,122
426,144,-263,75,-152,892,-3191,-3359,1641,-31,-9,-4,0,0,193,1235,62,19,-828,1235,1150,1169,1166,1150,0,0,0,0,0,0,0,-11,0,-62,-85,129
476,143,-46,-17,190,933,4682,546,-2935,9,-2,-2,0,0,223,1649,46,-8,-716,1619,1185,1214,1150,1150,0,0,0,0,0,0,0,-7,6,-53,-75,123
526,-71,-296,-48,-194,921,2606,-1651,665,-13,-27,-2,0,0,230,1754,42,25,-680,1754,1164,1150,1227,1238,0,0,0,0,0,0,0,1,-8,-48,-59,128
576,205,-187,166,-91,1049,-2092,-2261,-2935,-31,0,-2,0,0,233,1800,55,53,-672,1785,1211,1150,1224,1150,0,0,0,0,0,0,0,15,1,-45,-46,129
626,290,142,13,70,1149,-1055,2072,-7208,-20,19,-4,0,1,233,1800,74,46,-668,1800,1207,1265,1150,1150,0,0,0,0,0,0,0,4,18,-49,-43,126
676,243,-99,-77,248,1001,1813,-1956,-9710,3,-12,0,0,0,233,1800,44,-44,-664,1816,1347,1303,1150,1150,0,0,0,0,0,0,0,-9,-19,-48,-36,129
726,-230,-320,57,96,794,-4412,-3,-14166,30,-21,0,0,0,235,1831,90,30,-660,1831,1359,1357,1150,1150,0,0,0,0,0,0,0,10,36,-45,-23,126
776,-94,-99,-7,42,1057,-78,1583,-12457,12,-6,0,0,0,259,2224,58,-1,-612,2023,1421,1384,1150,1150,0,0,0,0,0,0,0,-9,3,-51,-13,123
826,-170,-303,46,35,1008,-1421,-979,-15081,25,-25,0,1,0,285,2694,59,-32,-460,2694,1363,1409,1150,1150,0,0,0,0,0,0,0,2,29,-47,-4,128
876,-306,-204,-17,-149,949,-1909,3536,-20819,10,-18,2,0,0,295,2886,46,48,-424,2866,1460,1376,1150,1150,0,0,0,0,0,0,0,-27,19,-66,4,130
926,-536,-389,147,25,1137,-10393,5612,-25030,49,-20,0,0,0,302,3025,31,33,-392,3025,1333,1367,1194,1150,0,0,0,0,0,0,0,-38,20,-78,15,131
976,-518,-418,150,108,1408,14752,-186,-20819,60,-22,2,0,0,302,3025,76,41,-392,3025,1306,1311,1150,1222,0,0,0,0,0,0,0,-44,64,-100,44,132
1026,-5,-282,133,39,924,-8562,-1040,-24237,1,-3,2,0,1,301,3005,34,-1,-396,3005,1381,1150,1291,1208,0,0,0,0,0,0,0,-38,59,-110,64,128
1076,348,-349,144,-68,1269,7428,-1101,-21490,-33,-15,0,0,0,311,3208,42,39,-384,3065,1165,1304,1222,1302,0,0,0,0,0,0,0,-8,39,-116,79,132
1126,601,-269,-129,148,686,2118,-1528,-12335,-30,-38,-4,0,0,329,3590,50,32,-284,3590,1310,1150,1436,1379,0,0,0,0,0,0,0,4,44,-118,90,132
1176,1072,-298,24,11,1521,4865,851,-5987,-89,-25,-2,0,0,338,3789,39,27,-248,3789,1150,1204,1430,1436,0,0,0,0,0,0,0,18,11,-115,96,129
1226,985,-193,-91,111,742,3766,-2505,14398,-67,-28,2,0,0,349,4039,67,95,-203,4039,1161,1150,1513,1474,0,0,0,0,0,0,0,15,0,-110,98,129
1276,1,-400,144,-157,981,-261,1705,18731,-16,-17,2,0,0,358,4250,55,4,-167,4250,1150,1150,1454,1480,0,0,0,0,0,0,0,1,-9,-108,94,126
1326,219,-187,53,51,280,3217,485,19036,3,5,0,0,0,365,4418,79,64,-139,4418,1363,1150,1377,1348,0,0,0,0,0,0,0,6,-37,-107,85,122
1376,-330,-107,21,-131,728,-8196,5734,14520,7,-5,2,0,0,364,4394,99,39,-144,4394,1297,1412,1272,1254,0,0,0,0,0,0,0,27,-72,-99,66,128
1426,-335,-59,69,-105,645,348,-5068,1092,17,7,0,0,0,364,4394,48,46,-144,4394,1489,1500,1150,1150,0,0,0,0,0,0,0,47,-68,-90,50,125
1526,161,-175,34,64,1008,-1299,-430,-15325,-8,-8,2,0,0,364,4394,62,83,-144,4394,1318,1363,1238,1324,-738,47,-45,2,-653,-118,0,70,-41,-40,19,140
1576,-989,-311,188,-219,884,-1116,-2871,-11114,66,-8,-4,0,0,364,4394,65,56,-180,4180,1252,1432,1228,1271,-738,47,-48,3,-653,-118,0,46,-53,-9,5,143
1626,-272,-286,78,72,979,13837,-1223,-17218,37,-13,2,0,0,363,4370,63,17,-147,4370,1349,1150,1364,1351,-738,47,-46,2,-653,-118,0,49,-63,4,-6,140
1676,-62,-459,-29,-17,1130,-2031,1583,-8245,3,-40,37,0,0,375,4664,79,29,-100,4664,1150,1217,1491,1420,-738,47,-58,3,-653,-118,0,47,-61,29,-24,142
1726,384,-1199,-94,-22,1117,8038,7748,299,-32,-115,4,0,0,376,4689,68,24,-96,4689,1217,1150,1477,1479,-738,47,-50,3,-653,-118,0,20,-30,40,-32,141
1776,294,-1170,22,26,670,-2459,4147,11956,-26,-102,2,0,0,366,4443,98,90,-127,4491,1220,1195,1375,1428,-738,47,-72,4,-653,-118,0,-25,-37,51,-41,143
1826,-869,-955,-10,-407,682,-12713,-6655,20684,16,-76,2,0,1,364,4394,55,25,-144,4394,1357,1311,1211,1364,-738,47,-40,2,-653,-118,0,-35,-23,54,-45,146
1876,-585,-1400,103,-29,705,-4290,-12149,13543,49,-101,2,0,0,362,4346,96,0,-147,4370,1532,1517,1150,1150,-738,47,-70,4,-653,-118,0,-101,-1,55,-46,146
1926,-1051,-531,209,-14,1069,-12407,-7571,-7208,86,-20,-2,0,0,364,4394,60,-121,-144,4394,1504,1526,1150,1150,-738,47,-44,2,-653,-118,0,-93,-17,47,-48,150
1976,-989,-463,72,26,1315,14752,-3359,-13372,100,-30,0,0,0,362,4346,77,-11,-147,4370,1397,1394,1222,1186,-738,47,-56,3,-653,-118,0,-77,-6,41,-49,145
2026,-989,-633,-95,67,1313,-3862,5734,-17218,95,-62,0,0,0,363,4370,51,-8,-147,4370,1378,1173,1370,1289,-738,47,-37,2,-653,-118,0,-105,-25,37,-52,145
2076,-481,-595,-161,108,1634,16766,4940,-12335,56,-61,2,0,0,361,4322,63,108,-147,4370,1150,1150,1455,1463,-738,47,-46,2,-653,-118,0,-92,-32,27,-59,147
2126,-1409,-976,55,26,751,-4717,-6716,6768,127,-72,0,0,0,362,4346,59,-11,-152,4346,1150,1150,1473,1535,-738,47,-43,2,-653,-118,0,-93,-12,23,-62,144
2176,-675,-889,-71,251,921,10053,-10623,11773,95,-78,2,0,0,363,4370,62,-15,-152,4346,1207,1150,1439,1456,-738,47,-45,2,-653,-118,0,-99,29,17,-61,145
2226,-309,-521,-98,310,1425,13287,3964,21905,44,-51,2,-2,0,392,5096,60,44,-32,5096,1150,1187,1481,1437,-738,47,-44,2,-653,-118,0,-103,14,12,-59,144
2276,-819,-630,162,-292,639,-10332,2194,23919,17,-24,2,-1,1,450,6716,65,53,0,6218,1423,1332,1405,1366,-738,47,-48,3,-653,-118,0,-83,-25,4,-65,142
2326,-797,-669,-23,23,447,7001,2438,11163,75,-31,-2,0,6,450,6716,40,-101,0,6716,1596,1473,1181,1200,-738,47,-29,1,-653,-118,0,-100,-56,0,-71,141
2376,-466,-694,17,-18,1099,1691,302,-2813,33,6,-20,-1,13,452,6776,48,-85,0,6686,1528,1569,1160,1161,-738,47,-35,2,-653,-118,0,-75,-1,-8,-76,140
2426,-928,-678,-47,-42,1408,7550,5307,-19415,86,28,-50,0,18,462,7079,91,9,0,7079,1480,1504,1328,1251,728,-2160,66,-196,758,-2112,0,-61,-30,-21,-64,147
2476,-83,-676,107,138,719,9503,-8364,-6292,30,52,-50,0,18,499,8258,57,1,0,7769,1254,1286,1579,1530,728,-2160,41,-123,758,-2112,0,-40,-73,-35,-55,145
2526,245,-1151,96,286,383,8649,-2871,8966,57,24,-12,2,20,552,10106,57,-37,0,10106,1390,1348,1580,1595,728,-2160,41,-123,758,-2112,0,-20,-68,-39,-53,148
2576,345,-1595,-30,-75,1060,9992,-5862,6829,-19,-41,-12,2,20,572,10852,36,-135,0,10513,1522,1522,1468,1536,-22,-339,0,-12,91,-367,0,-1,-48,-38,-60,147
2626,590,-1328,-26,-91,1265,1508,-918,-6536,-45,-53,-10,2,13,572,10852,76,-32,0,10852,1539,1450,1536,1552,-22,-339,-1,-25,91,-367,0,-2,-66,-39,-65,147
2676,1062,-1446,238,-18,1131,897,-1528,-6475,-85,-93,-4,2,2,574,10928,96,-3,0,10852,1472,1496,1543,1571,-22,-339,-2,-32,91,-367,0,-15,-38,-42,-66,146
2726,1243,-1630,1,2,1303,1691,485,-4278,-99,-138,-8,2,1,575,10966,62,9,0,10966,1518,1432,1553,1574,40,-862,2,-53,51,-880,0,43,-46,-39,-64,138
2776,1683,-1643,-15,86,490,-4473,3414,-5133,-120,-147,-6,2,0,587,11428,53,-4,0,10928,1493,1482,1549,1567,190,-646,10,-34,140,-563,142,2,-30,-37,-64,148
2826,1679,-1469,142,15,908,-10088,4513,-6597,-138,-85,-6,2,6,600,11940,52,16,0,11940,1514,1486,1589,1602,-11,-189,0,-9,-59,0,142,-22,-47,-39,-66,145
2876,809,-1096,-85,0,887,-4839,912,-4705,-63,-72,0,2,6,610,12341,55,-34,4,11980,1530,1472,1574,1618,-11,-189,0,-10,-59,0,0,-8,11,-39,-67,137
2926,555,-1152,-225,50,1198,10236,-7083,-5621,-26,-87,-2,2,6,618,12667,62,123,71,12667,1514,1481,1575,1655,-11,-189,0,-11,-59,0,0,39,9,-37,-65,143
2976,724,-1834,53,27,1459,-200,-5618,-8184,-45,-153,-2,3,0,638,13500,35,67,107,13039,1581,1527,1605,1592,-11,-189,0,-6,-59,0,0,107,46,-27,-59,142
3026,1001,-1908,-131,-163,1429,9564,23190,-8001,-79,-189,-2,3,0,659,14404,81,175,235,14404,1609,1543,1649,1599,-131,6,-10,0,-461,-115,0,159,3,-13,-58,150
3076,1640,-504,-30,317,1289,11273,22579,-7879,-102,-53,0,2,0,674,15067,96,294,296,15067,1613,1548,1653,1675,-131,6,-12,0,-461,-115,0,135,54,6,-52,146
3126,1361,251,83,162,1497,9015,10433,-7391,-95,26,0,2,0,675,15112,130,380,300,15112,1575,1549,1665,1699,-131,6,-17,0,-461,-115,0,11,81,10,-46,142
3176,1706,403,4,211,1257,16156,-13003,-3668,-117,45,0,2,0,674,15067,80,385,296,15067,1617,1527,1635,1705,-131,6,-10,0,-461,-115,0,-19,67,12,-38,144
3226,2355,-716,64,158,630,8832,11349,-6048,-170,-54,-2,2,0,674,15067,128,434,296,15067,1605,1535,1721,1621,-131,6,-16,0,-461,-115,0,-30,115,11,-30,147
3276,2348,781,19,35,1625,3217,23312,-6414,-208,64,-2,0,0,674,15067,153,594,300,15112,1615,1540,1690,1645,-131,6,-20,1,-461,-115,0,-53,124,7,-17,144
3326,1766,1528,110,117,1521,409,3475,-8062,-135,145,-2,2,0,674,15067,189,747,296,15067,1582,1542,1657,1703,-131,6,-24,1,-461,-115,0,-71,100,3,-8,145
3376,1761,1201,19,195,1289,-7708,-7754,-8551,-130,111,-2,2,0,642,13670,236,836,195,13970,1577,1516,1642,1652,-131,6,-30,1,-461,-115,0,-62,135,0,4,146
3426,1096,895,0,76,906,-10027,8114,-7513,-79,76,-2,2,0,640,13585,280,927,159,13585,1562,1520,1669,1603,-131,6,-36,1,-461,-115,0,-61,158,-1,16,142
3476,688,1020,90,-69,1162,-9905,3170,-3424,-57,195,-4,2,19,641,13628,351,996,155,13543,1515,1502,1644,1676,-131,6,-46,2,-461,-115,0,-71,62,-2,26,145
3526,-353,417,169,-186,846,-750,-11050,-5377,131,257,-2,24,39,628,13081,423,976,112,13081,1572,1493,1649,1638,1078,-16,456,-7,1262,-65,163,-24,-12,-18,26,154
3576,282,123,26,295,1040,5475,-7449,-7208,-5,236,0,-2,43,610,12341,458,951,44,12382,1548,1428,1629,1618,954,-115,437,-52,1071,-208,224,84,-2,-56,33,148
3626,682,-296,54,33,649,-7891,-4824,-5865,-69,343,0,-2,71,609,12301,522,965,36,12301,1496,1472,1652,1598,1082,24,564,12,1143,180,183,147,-33,-82,33,148
3676,145,75,-154,123,1113,-11187,-16726,-5194,-13,362,-2,-1,72,607,12220,554,886,27,12220,1525,1447,1609,1629,1012,89,561,49,1381,66,204,268,12,-109,27,152
3726,185,-798,-74,108,872,-3862,-22280,-5072,15,223,-2,4,58,603,12060,570,787,11,12060,1489,1471,1572,1668,1059,-29,603,-16,1380,76,204,334,52,-127,29,151
3776,44,-1899,143,10,840,-7708,-8181,-4888,84,-141,0,18,1,601,11980,590,674,7,12020,1508,1448,1619,1615,816,48,481,28,685,108,234,394,74,-144,35,145
3826,66,-1636,83,133,764,3827,11776,-5560,104,-136,-4,18,0,584,11312,624,571,0,11312,1499,1440,1621,1586,839,55,523,34,598,-16,255,387,95,-150,40,146
3876,155,-580,83,152,1150,6390,5368,-4888,86,-46,-2,16,0,575,10966,671,570,0,10966,1509,1419,1568,1589,819,-21,549,-14,787,-61,255,392,76,-162,49,146
3926,192,-762,206,29,687,-567,-5801,-3607,67,-28,0,16,1,573,10890,682,507,0,10890,1465,1432,1586,1601,814,-84,555,-57,861,-77,244,376,40,-173,56,145
3976,17,-839,-46,-63,843,-1360,-369,-3607,66,-73,0,15,1,572,10852,722,457,0,10814,1450,1457,1565,1597,737,-54,532,-39,722,-25,255,395,-15,-186,58,146
4026,-68,-643,188,-135,624,470,3598,-4949,61,-25,-2,15,0,570,10776,761,445,0,10776,1484,1397,1600,1577,707,-23,538,-17,639,-64,255,397,-50,-195,57,147
4076,528,116,-81,114,899,4132,2316,-4034,37,3,-2,13,0,570,10776,747,348,0,10776,1447,1428,1588,1596,722,-33,539,-24,738,-50,255,401,-33,-209,57,144
4126,1015,-346,103,141,470,-4290,-4885,-2752,10,0,0,14,1,571,10814,763,255,0,10814,1468,1447,1560,1592,660,-79,504,-60,742,8,255,426,-26,-215,58,145
4176,321,-270,44,-166,844,-8257,363,-5377,17,-15,-2,13,0,570,10776,805,263,0,10814,1467,1449,1570,1585,740,-73,596,-59,696,0,255,430,-20,-226,61,145
4226,-404,369,-31,-133,654,-933,5184,-5133,88,32,-2,14,1,600,11940,796,200,0,11940,1487,1431,1606,1575,754,-70,600,-55,692,-87,255,465,-38,-233,62,147
4276,-259,744,-132,18,889,3156,-796,-3790,92,51,-4,13,0,601,11980,816,143,0,11940,1498,1459,1612,1614,770,-40,628,-33,835,-144,255,512,13,-244,62,146
4326,-152,63,-60,180,1135,3095,-5618,-2874,104,9,-4,14,1,603,12060,782,34,11,12060,1505,1462,1609,1617,757,-58,592,-45,812,-143,255,574,54,-248,65,147
4376,-437,-64,-4,101,1106,775,1156,-3363,114,-3,-2,13,0,603,12060,804,9,20,12140,1518,1458,1631,1597,753,-85,606,-68,708,-145,255,618,72,-250,75,145
4426,-513,345,73,63,858,6513,2133,-3912,118,76,-2,12,7,605,12140,776,-29,20,12140,1512,1475,1627,1597,801,-114,621,-88,755,-220,255,594,47,-252,83,147
4476,-374,485,111,69,1122,9625,-1528,-3424,106,99,0,12,9,604,12100,766,-69,24,12180,1521,1456,1609,1622,827,-195,633,-149,899,-280,255,542,-35,-255,92,151
4526,17,-391,250,-52,964,8771,-3054,-3790,63,51,-4,13,11,607,12220,757,-153,27,12220,1506,1477,1605,1612,885,-311,670,-235,912,-378,255,561,-93,-263,99,152
4576,201,-394,42,1,895,6452,2011,-2691,51,17,-2,13,9,608,12261,747,-158,36,12301,1537,1459,1620,1606,893,-238,667,-178,780,-254,255,661,-162,-266,100,150
4626,574,-318,-126,8,936,3766,4330,-2386,52,11,0,20,11,608,12261,761,-201,31,12261,1508,1467,1631,1614,768,-142,584,-108,723,-222,255,679,-152,-264,96,151
4676,741,47,-59,159,1209,3888,-1712,-1531,50,125,-4,20,25,611,12382,757,-178,31,12261,1528,1462,1607,1621,1015,-118,768,-89,1069,-179,255,657,-154,-269,90,155
4726,1342,324,-10,71,931,1386,-7998,-799,-90,184,-2,4,30,629,13122,713,-223,116,13122,1541,1465,1642,1616,997,-87,711,-62,1159,-93,255,654,-164,-274,83,152
4776,1221,-142,110,106,841,-6914,-10073,-2264,-81,256,-2,3,50,636,13416,745,-195,143,13416,1529,1508,1653,1641,1108,-98,825,-73,1310,60,255,735,-153,-281,76,157
4826,839,-913,-161,159,1267,-7097,-16177,-2508,-51,321,0,2,81,638,13500,719,-200,152,13500,1571,1502,1627,1635,1070,-4,769,-3,1383,0,255,773,-67,-281,72,153
4876,152,-1549,-130,189,1153,-3801,-19351,-2935,22,316,0,4,91,639,13543,714,-173,152,13500,1515,1512,1656,1653,1070,-78,764,-56,1384,-67,255,728,-68,-283,70,157
4926,314,-1842,-44,-98,889,-444,-17276,-1654,9,344,0,9,101,639,13543,704,-141,155,13543,1559,1498,1655,1632,974,-57,686,-40,1268,-31,255,739,-99,-282,68,153
4976,251,-2195,-182,2,1104,-628,-19717,-3179,29,340,0,10,108,637,13458,693,-197,155,13543,1543,1503,1637,1660,1016,-95,704,-66,1432,-120,255,713,-112,-281,64,158
5026,162,-2936,228,-23,1028,3339,-22647,-1470,40,193,-2,11,84,638,13500,698,-133,152,13500,1552,1508,1620,1661,984,-149,687,-104,1372,-164,255,731,-27,-279,67,159
5076,-282,-3589,252,-122,1000,4559,-10989,-2569,70,104,0,11,78,636,13416,698,-131,152,13500,1557,1481,1671,1627,889,-25,620,-17,991,-117,255,636,-87,-276,67,157
5126,294,-2712,-128,109,785,5475,-1956,-3729,21,1,-2,6,51,639,13543,663,-107,155,13543,1561,1501,1635,1648,742,-62,492,-41,805,-178,255,591,-139,-273,63,153
5176,736,-2491,16,-57,677,-2214,-1956,-4034,-47,15,-2,5,46,640,13585,671,-120,155,13543,1530,1519,1654,1640,648,-43,435,-28,661,50,255,518,-147,-266,56,152
5226,626,-2047,-81,79,1180,-3557,1889,-3485,64,1,0,23,38,639,13543,648,-113,155,13543,1527,1527,1660,1634,631,-50,409,-32,568,18,255,483,-139,-265,51,150
5276,309,-1435,-120,215,1199,3644,-1040,-1959,103,22,-4,22,32,639,13543,647,-94,155,13543,1536,1503,1643,1659,465,-18,301,-12,501,-152,255,533,-38,-253,45,155
5326,-203,-1939,69,-287,1080,9076,-918,-1348,264,-68,0,53,19,639,13543,650,-58,155,13543,1528,1520,1656,1639,482,-81,313,-52,433,-196,244,486,31,-244,47,153
5376,127,-1750,-12,-172,897,17621,6344,-1898,273,-62,4,59,19,640,13585,614,-73,159,13585,1580,1484,1641,1642,267,-23,163,-14,128,-394,244,434,-9,-228,46,153
5426,1168,-1927,144,15,802,16095,8053,-2386,205,-62,0,60,18,639,13543,672,-53,155,13543,1537,1525,1647,1636,216,-5,145,-4,103,-188,255,391,-4,-217,47,150
5476,1109,-1180,134,-170,1026,5841,8419,-2691,183,-1,0,59,18,639,13543,643,13,155,13543,1571,1479,1671,1620,149,161,96,103,42,-8,255,262,-63,-206,41,149
5526,1930,-305,-64,78,943,9442,4513,-1959,53,54,-2,42,18,640,13585,644,3,159,13585,1546,1508,1654,1636,120,131,77,84,64,32,255,258,-29,-198,35,143
5576,1789,-125,178,-88,657,-17,3231,-2752,4,112,-2,35,19,640,13585,660,-5,159,13585,1546,1516,1663,1624,56,358,37,236,19,380,255,148,-2,-190,24,144
5626,1871,376,-104,281,1216,-1360,-247,-4156,46,123,0,36,19,640,13585,648,14,159,13585,1558,1509,1646,1633,37,369,24,239,75,328,255,151,23,-185,14,147
5676,1754,-45,172,203,1026,3034,-3665,-2447,-23,112,-4,22,19,637,13458,664,9,152,13500,1565,1489,1661,1623,-8,405,-5,269,42,376,255,64,91,-180,3,145
5726,1828,150,-224,-16,1134,-1970,-3665,-1226,-95,96,2,13,20,637,13458,647,77,148,13458,1526,1508,1664,1646,17,454,11,294,34,546,255,56,94,-178,-4,147
5776,1359,-439,15,227,1098,-9234,-918,-616,-34,29,-2,13,13,638,13500,664,115,152,13500,1515,1541,1651,1634,-69,613,-46,407,-84,759,255,79,249,-171,-15,151
5826,177,-474,-88,-88,1053,-2153,4574,-1898,44,-10,0,13,8,638,13500,692,173,152,13500,1547,1524,1655,1618,-104,535,-72,370,-231,518,255,77,285,-165,-20,152
5876,371,-119,-132,264,1242,3827,5368,-799,98,-20,0,21,0,637,13458,663,143,152,13500,1537,1532,1645,1630,-195,590,-129,391,-283,508,255,112,366,-152,-22,153
5926,-190,-263,96,-243,764,2850,5062,115,101,-2,0,23,2,638,13500,691,193,152,13500,1509,1532,1665,1628,-216,608,-149,420,-323,655,255,71,411,-142,-23,150
5976,-325,277,-147,51,1095,4254,3414,360,147,20,-2,22,2,636,13416,683,147,143,13416,1576,1495,1631,1631,-307,639,-210,436,-340,510,255,23,447,-130,-23,151
6026,-47,-586,319,-82,765,3888,1339,54,106,-5,0,22,1,636,13416,708,187,143,13416,1538,1500,1654,1638,-280,687,-198,486,-291,574,255,25,507,-121,-23,148
6076,-56,-535,78,-37,793,8283,5612,-311,112,-36,-2,21,0,635,13374,690,77,139,13374,1535,1519,1661,1614,-392,805,-270,555,-502,655,255,-85,545,-111,-20,151
6126,285,-114,152,37,1223,9381,6466,-1287,93,3,-2,22,0,635,13374,726,110,139,13374,1552,1502,1650,1622,-415,730,-301,530,-502,589,255,-88,520,-103,-21,151
6176,581,-298,45,84,887,2973,4879,-1348,70,-19,-2,22,0,633,13290,727,183,132,13290,1535,1522,1649,1616,-370,853,-269,620,-438,938,255,-165,606,-95,-21,151
6226,770,65,97,59,1103,775,3231,787,45,13,0,21,0,634,13332,737,239,136,13332,1548,1482,1658,1632,-432,938,-318,691,-490,880,255,-188,614,-91,-24,145
6276,936,407,-151,106,1057,3705,4391,-738,36,26,0,21,1,632,13248,744,218,132,13290,1521,1535,1650,1616,-395,939,-294,699,-410,983,255,-193,695,-85,-26,151
6326,860,672,-2,69,1145,958,546,-494,45,59,-2,23,0,632,13248,749,139,128,13248,1525,1523,1646,1624,-419,1035,-314,775,-391,1106,255,-233,674,-82,-28,149
6376,1023,396,-202,136,1117,-1360,-2749,-250,32,21,0,22,0,634,13332,783,187,132,13290,1533,1526,1643,1621,-342,1006,-268,787,-312,1037,255,-175,745,-78,-33,156
6426,909,214,-81,229,1325,-5999,-613,787,45,16,-2,22,0,634,13332,807,251,136,13332,1510,1526,1653,1631,-351,1048,-284,845,-326,1169,255,-177,814,-74,-34,153
6476,1095,362,-24,-99,783,-1421,-1223,421,0,33,-2,22,0,633,13290,801,192,136,13332,1533,1514,1649,1629,-367,1064,-294,852,-368,1147,255,-260,815,-71,-37,153
6526,1113,288,-41,10,1069,-3435,-3665,726,8,23,-2,21,0,634,13332,805,139,136,13332,1545,1517,1631,1634,-385,1204,-310,970,-314,1208,255,-225,873,-68,-41,153
6576,1378,274,108,116,878,-3252,-796,299,-2,40,-2,21,0,633,13290,828,140,132,13290,1541,1513,1651,1617,-402,1241,-333,1027,-391,1414,255,-265,943,-64,-42,154
6626,1081,387,75,-59,914,-3496,180,238,3,46,-4,21,0,633,13290,821,127,132,13290,1536,1532,1642,1614,-390,1247,-320,1024,-393,1368,255,-267,938,-62,-43,151
6676,941,281,-157,172,1014,-2276,-2810,-128,-22,10,0,9,0,633,13290,804,79,132,13290,1542,1517,1641,1623,-408,1244,-328,1000,-348,1302,255,-209,1026,-58,-45,156
6726,942,168,39,289,1280,-7097,-1284,1336,-46,22,-2,3,0,633,13290,825,156,132,13290,1510,1532,1660,1617,-351,1184,-290,977,-383,1406,255,-223,1086,-53,-42,155
6776,656,275,-85,-89,784,-7525,241,848,-94,20,-2,-4,1,612,12423,836,148,60,12545,1506,1495,1633,1613,-505,1324,-422,1107,-510,1453,255,-249,1101,-45,-43,153
6826,539,-255,8,144,1232,-11797,-2139,970,-156,-21,2,-23,0,613,12463,858,179,51,12463,1509,1484,1617,1628,-392,1385,-337,1188,-376,1507,255,-170,1155,-39,-44,158
6876,508,-346,89,190,1162,-11492,1705,115,-201,-58,0,-33,-6,610,12341,877,195,40,12341,1532,1476,1632,1589,-477,1300,-418,1140,-553,1543,255,-184,1181,-29,-39,159
6926,250,-396,89,98,464,-16619,5551,-616,-465,-133,-4,-91,-23,608,12261,906,172,31,12261,1516,1492,1627,1594,-426,1321,-386,1197,-579,1662,255,-271,1166,-24,-38,161
6976,-508,-679,-124,7,676,-27483,6771,-616,-380,-200,-2,-83,-23,607,12220,888,57,36,12301,1478,1525,1619,1603,-545,1320,-484,1172,-755,1786,244,-363,1140,-18,-40,162
7026,-2202,-469,150,-181,1221,-26567,9457,-738,-193,-159,0,-72,-25,607,12220,888,66,27,12220,1492,1512,1613,1601,-520,1455,-462,1292,-650,1853,255,-338,1130,-16,-45,165
7076,-3237,-257,84,-39,1218,-9234,8541,-372,-57,-110,0,-67,-18,605,12140,869,18,24,12180,1518,1477,1629,1588,-502,1200,-436,1043,-603,1309,255,-313,1107,-9,-45,160
7126,-2437,487,-101,87,1044,-2459,5673,-494,11,24,-2,-42,-1,601,11980,886,37,4,11980,1423,1540,1630,1590,-562,1190,-498,1055,-613,1285,255,-387,1084,-5,-44,156
7176,-1828,903,-13,-55,855,958,-3970,-6,146,63,-4,-2,-3,613,12463,876,-4,51,12463,1527,1483,1607,1623,-371,1140,-325,998,-290,1000,255,-352,1036,-5,-38,152
7226,-1358,-269,107,-34,600,9198,-7327,-860,105,-16,-2,-2,-2,632,13248,900,-22,128,13248,1540,1494,1635,1608,-340,1111,-306,1000,-307,931,255,-363,1002,-6,-37,159
7276,-781,-839,-92,127,860,653,3292,-1470,74,-101,-2,-2,-2,635,13374,898,2,128,13248,1501,1548,1657,1610,-445,1043,-400,937,-582,1046,255,-350,994,-5,-38,154
7326,-1010,-459,-89,-64,912,-3679,6527,-1898,70,-57,-4,-2,0,634,13332,908,-24,136,13332,1543,1510,1648,1628,-479,1069,-435,970,-533,1011,255,-392,998,-3,-37,157
7376,-969,-389,24,-8,461,6452,1339,-1531,76,-33,-2,-2,0,636,13416,883,-99,143,13416,1542,1506,1648,1637,-427,1113,-377,983,-484,934,255,-458,956,-5,-36,152
7426,-461,47,45,-211,1226,6207,1950,-2874,15,0,0,-2,-1,637,13458,867,-123,148,13458,1537,1507,1665,1626,-439,951,-381,824,-484,858,255,-439,914,-7,-35,151
7476,347,-36,124,116,611,-3435,-1406,-2203,-20,10,-2,-1,-1,638,13500,870,-88,148,13458,1505,1541,1652,1638,-350,927,-305,806,-350,1069,255,-480,880,-13,-31,156
7526,-131,227,-27,-181,636,-6792,-2871,-1898,-23,20,-2,0,0,636,13416,866,-78,143,13416,1559,1486,1658,1634,-369,1049,-320,909,-349,997,255,-439,876,-16,-32,156
7576,614,322,140,144,1116,-3740,485,-2020,-57,41,0,-2,0,639,13543,864,-94,155,13543,1516,1493,1677,1650,-324,905,-280,782,-322,934,255,-368,898,-20,-27,152
7626,586,-36,77,-24,889,-4107,-2261,-2447,-60,6,0,0,0,639,13543,874,-44,155,13543,1520,1506,1667,1642,-368,818,-321,715,-381,906,255,-289,849,-20,-23,150
7676,814,-79,-52,188,1108,-6975,424,-4034,-61,-12,-2,0,0,639,13543,880,-5,155,13543,1523,1520,1662,1637,-429,745,-377,656,-427,864,255,-265,890,-15,-16,152
7726,96,-170,88,-42,872,-3496,729,-3057,-18,-1,-2,0,0,638,13500,879,15,152,13500,1541,1494,1665,1639,-421,836,-370,734,-459,816,255,-275,850,-14,-11,149
7776,214,-284,108,112,1003,-933,-796,-1654,-8,-13,2,0,0,639,13543,887,70,152,13500,1519,1487,1666,1659,-376,695,-333,616,-366,665,255,-309,783,-11,0,149
7826,-145,-469,42,-83,894,5170,1889,-2020,2,-37,-2,0,0,639,13543,891,91,155,13543,1524,1477,1677,1651,-337,631,-300,563,-369,573,255,-291,684,-10,3,148
7876,158,-701,134,-41,691,5902,3414,-3118,-21,-47,-2,0,0,639,13543,877,22,155,13543,1514,1488,1677,1654,-324,601,-284,527,-341,579,255,-368,617,-10,9,150
7926,68,-509,44,-242,792,3156,1461,-3363,-38,-36,-2,0,0,638,13500,891,60,152,13500,1530,1486,1673,1644,-312,532,-278,474,-342,477,255,-340,551,-13,10,150
7976,916,-125,42,178,1217,-2092,-64,-5865,-71,-7,0,0,0,638,13500,905,67,152,13500,1503,1511,1669,1651,-310,407,-280,368,-272,497,255,-289,562,-13,17,149
8026,548,-110,68,-93,905,-6853,-5984,-3240,-65,3,-2,0,0,639,13543,902,131,155,13543,1532,1488,1657,1657,-320,563,-289,508,-256,573,255,-262,569,-13,19,151
8076,405,-781,212,116,908,-6670,-2139,-2813,-29,-45,0,0,0,639,13543,903,161,155,13543,1505,1502,1670,1658,-222,409,-200,369,-256,487,255,-290,498,-13,29,153
8126,-147,-854,139,-92,981,775,6161,-2813,0,-64,-2,0,0,639,13543,922,206,155,13543,1538,1471,1682,1640,-369,541,-341,499,-498,479,255,-272,462,-12,29,150
8176,331,-556,72,-36,741,2179,9640,-1593,-37,-40,0,0,0,639,13543,932,193,155,13543,1498,1498,1681,1656,-365,366,-340,341,-492,399,255,-351,390,-11,33,150
8226,313,219,-137,-217,862,-8501,4025,-3973,-60,1,2,0,0,637,13458,926,181,148,13458,1508,1506,1675,1647,-337,295,-312,274,-400,400,255,-321,386,-11,34,151
8276,377,362,44,-19,898,-5327,485,-4644,-38,37,2,0,0,638,13500,917,174,155,13543,1512,1522,1669,1638,-269,243,-247,223,-255,340,255,-266,357,-12,40,148
8326,267,246,-130,75,1202,-7830,-1223,-2447,-27,11,2,-1,0,638,13500,956,239,152,13500,1500,1515,1665,1654,-250,224,-239,214,-205,308,255,-210,393,-11,45,153
8376,-167,-412,37,-67,811,-4961,119,-1409,7,-35,2,0,0,638,13500,954,259,152,13500,1502,1503,1676,1650,-211,281,-202,268,-212,298,255,-224,307,-11,51,149
8426,-18,-375,-170,111,1039,2667,1461,-1837,10,-50,2,0,0,638,13500,1001,277,152,13500,1511,1493,1664,1663,-265,111,-265,111,-247,85,255,-219,284,-10,54,152
8476,-545,-911,-3,-228,831,1874,729,-2020,18,-81,0,0,0,638,13500,997,271,152,13500,1499,1508,1676,1648,-161,177,-160,177,-193,125,255,-251,176,-13,56,150
8526,-711,-963,-125,-106,944,-322,4391,-3302,48,-101,0,0,0,638,13500,989,197,152,13500,1507,1514,1671,1642,-189,18,-187,18,-255,7,255,-242,177,-14,58,150
8576,-689,-562,39,-86,978,2911,5307,-3118,50,-51,0,0,0,639,13543,1029,308,152,13500,1497,1520,1672,1644,-145,31,-150,32,-230,0,255,-206,141,-17,62,147
8626,-1062,-712,-159,71,1171,-567,-125,-2386,97,-77,0,0,0,638,13500,1047,330,152,13500,1502,1505,1666,1663,-128,-19,-134,-19,-107,-116,255,-162,175,-17,66,155
8676,-764,-829,118,136,794,1935,851,-1104,82,-55,-4,0,0,637,13458,1073,352,155,13543,1536,1484,1669,1648,-139,-172,-149,-184,-204,-292,255,-154,75,-19,77,154
8726,-250,-539,-204,137,1194,12067,6344,-738,39,-68,-2,0,0,638,13500,1064,322,152,13500,1551,1466,1676,1638,-73,-58,-78,-62,-161,-340,255,-142,65,-20,82,153
8776,104,-403,-48,170,1063,9320,6649,-616,7,-43,2,0,0,639,13543,1084,292,152,13500,1493,1507,1690,1640,-133,-111,-144,-121,-222,-174,255,-164,-81,-22,86,153
8826,183,-292,35,-87,1245,2911,5917,-1409,-22,-22,2,0,0,639,13543,1074,318,155,13543,1538,1479,1678,1637,-60,-89,-64,-95,-156,-214,255,-157,-77,-24,88,151
8876,517,-43,116,31,934,11029,4025,-1043,-41,7,0,0,0,638,13500,1123,355,152,13500,1529,1498,1671,1637,-39,-179,-44,-201,-68,-248,255,-169,-142,-29,90,150
8926,41,-354,-86,-86,1013,836,1950,-1409,-15,-37,0,0,0,607,12220,1112,298,27,12220,1490,1487,1650,1611,-30,-122,-33,-135,-96,-193,255,-144,-121,-32,91,151
8976,454,-353,226,8,1002,3766,5368,-2325,-41,-7,0,0,0,573,10890,1131,264,0,10928,1480,1419,1602,1576,34,-221,39,-250,-51,-215,255,-88,-141,-37,94,146
9026,-31,-555,-54,11,1032,714,241,238,0,-54,-2,0,0,574,10928,1149,179,0,10928,1456,1463,1571,1589,-21,-248,-24,-285,-8,-298,255,-54,-134,-38,97,144
9076,-698,-657,-127,-141,483,4193,2316,-738,31,-85,0,0,0,572,10852,1168,180,0,10814,1473,1426,1598,1570,108,-175,126,-205,0,-236,255,-15,-156,-41,102,150
9126,-235,80,-207,-145,851,9503,10006,177,4,-21,-2,0,0,571,10814,1152,137,0,10814,1476,1390,1638,1553,153,-62,177,-71,-9,-225,255,4,-174,-45,101,145
9176,-11,181,-54,133,903,6757,-247,3778,15,13,0,0,0,569,10738,1187,76,0,10776,1463,1425,1590,1583,5,-210,6,-249,59,-299,255,6,-169,-46,103,139
9226,230,-48,203,38,1201,-1970,-3176,2313,-21,14,0,0,0,579,11119,1187,59,0,11119,1455,1440,1594,1573,80,-170,95,-202,152,-135,255,6,-190,-48,103,145
9276,172,832,-200,35,1012,2973,3842,-372,-10,56,2,0,0,603,12060,1196,7,7,12020,1493,1477,1637,1586,160,-100,191,-119,145,-205,255,34,-162,-54,101,146
9326,326,891,-125,-33,871,3949,-3970,-67,-31,66,2,0,0,602,12020,1199,-7,7,12020,1528,1460,1611,1601,167,-142,201,-170,289,-238,255,15,-165,-59,102,147
9376,45,534,-45,81,866,3888,-5313,787,3,44,0,0,0,602,12020,1186,-100,11,12060,1494,1456,1636,1607,221,-169,262,-201,289,-144,255,50,-228,-67,103,145
9426,49,32,9,-121,585,4620,-491,1458,-23,4,14,0,0,610,12341,1180,-134,40,12341,1522,1461,1630,1611,191,-122,226,-144,200,-184,255,97,-259,-71,100,146
9476,267,-576,109,-20,748,3461,-3359,604,-52,-31,4,-5,0,613,12463,1156,-220,51,12463,1533,1438,1628,1631,291,-219,337,-253,272,-247,255,233,-247,-77,100,153
9526,427,-1071,-31,282,1120,-933,790,2557,-16,-95,2,0,0,613,12463,1160,-259,51,12463,1519,1496,1621,1607,315,-115,365,-133,283,-154,255,302,-161,-79,98,152
9576,15,-531,-46,20,1270,-994,5978,-494,0,-53,-2,0,0,624,12914,1135,-295,67,12626,1521,1466,1655,1609,316,-136,358,-154,255,-178,255,308,-146,-81,98,149
9626,33,-396,96,-81,826,4071,424,-67,-18,-23,0,-1,0,625,12956,1120,-322,100,12956,1523,1498,1618,1649,294,-215,330,-241,376,-291,255,297,-159,-82,99,149
9676,-182,-842,117,-164,1256,3461,-3176,-860,0,-60,0,0,0,633,13290,1110,-307,136,13332,1575,1469,1641,1635,437,-186,485,-206,467,-246,255,318,-237,-86,98,154
9726,656,-960,137,117,992,3583,1217,-67,-48,-72,-4,0,0,635,13374,1093,-318,139,13374,1526,1497,1656,1645,374,-137,409,-149,383,-199,255,370,-225,-87,95,152
9776,336,-1312,287,-59,1032,3949,1461,-1043,-37,-86,-4,0,0,636,13416,1062,-363,148,13458,1558,1485,1657,1633,459,-116,487,-123,505,-223,255,360,-226,-93,92,156
9826,485,-624,-180,165,987,3400,-3970,-616,-28,-68,-4,0,0,636,13416,1042,-336,143,13416,1546,1482,1653,1647,525,-89,547,-93,578,-229,255,365,-269,-98,88,153
9876,1026,-708,-20,178,997,2118,-7205,-2142,-72,-62,-2,0,0,636,13416,1043,-319,143,13416,1541,1481,1651,1654,515,-26,538,-27,696,-50,255,413,-187,-103,80,154
9926,1139,-671,-92,47,1008,-1604,-8181,-1654,-107,-65,0,-2,0,636,13416,1028,-249,143,13416,1549,1466,1651,1661,575,-33,591,-34,691,-9,255,430,-161,-107,76,155
9976,660,-692,-199,95,1223,-4046,-6167,-1287,-157,-72,0,-20,0,638,13500,1024,-234,143,13416,1536,1473,1648,1666,604,92,618,94,704,169,255,562,-63,-111,71,154
10026,-148,-1517,206,-170,808,-6548,-2383,-1531,-237,-105,0,-45,0,637,13458,997,-287,148,13458,1535,1468,1662,1664,591,47,589,46,635,214,255,552,-21,-112,68,157
10076,-816,-806,50,-202,797,-9905,546,-2569,-257,-65,0,-60,0,638,13500,992,-266,148,13458,1557,1445,1658,1662,642,159,637,158,630,291,255,559,-49,-116,61,154
10126,-551,-655,43,67,1089,-17778,-1712,-4888,-325,-53,0,-74,0,638,13500,966,-276,152,13500,1505,1510,1656,1665,697,130,674,126,747,475,255,580,38,-117,57,155
10176,-1702,-440,-84,-136,794,-18877,-674,-4522,-202,-46,-2,-65,0,639,13543,966,-215,152,13500,1519,1492,1652,1669,691,225,668,217,721,398,255,625,97,-119,52,158
10226,-2339,-986,137,-114,1012,-5755,-796,-2996,79,-73,-2,-23,0,638,13500,942,-265,152,13500,1526,1472,1657,1677,652,189,614,178,708,203,255,643,120,-118,50,157
10276,-2314,-923,18,-214,826,7916,-979,-2996,113,-83,0,-13,0,638,13500,921,-300,148,13458,1554,1451,1658,1661,791,144,728,132,719,-59,255,598,53,-122,48,153
10326,-1052,-732,134,102,999,4620,912,-4705,99,-48,2,-1,0,637,13458,912,-302,148,13458,1501,1478,1671,1675,716,83,653,76,746,15,255,663,110,-122,47,148
10376,-1369,-569,39,-168,794,4254,-857,-2996,95,-24,-2,-1,4,639,13543,876,-319,152,13500,1527,1469,1665,1667,834,306,731,268,890,156,255,638,135,-125,45,153
10426,-552,-611,-45,6,714,9931,-2993,-4156,43,-59,0,-2,0,638,13500,881,-279,152,13500,1537,1461,1658,1674,815,199,718,175,891,67,255,673,115,-125,44,149
10476,-187,-598,-15,-147,689,-628,-674,-4278,-15,-58,0,-2,0,640,13585,865,-275,148,13458,1493,1476,1681,1668,905,352,782,304,889,359,255,670,107,-128,39,153
10526,-239,-490,-14,46,990,-2276,-2810,-3057,18,-43,4,-1,0,638,13500,850,-245,152,13500,1523,1453,1666,1680,866,430,736,365,912,437,255,734,208,-128,36,152
10676,-138,-842,124,188,882,1752,-6411,-1593,24,-57,4,-2,0,638,13500,800,-310,152,13500,1517,1444,1686,1671,916,412,733,330,1007,495,255,723,248,-131,29,153
10726,-394,-741,-31,-53,1291,-4595,-6961,-1776,-149,7,0,-35,14,638,13500,792,-293,152,13500,1549,1429,1660,1682,949,385,751,305,1063,399,255,717,238,-131,28,157
10776,-282,-1226,186,38,783,-10698,-8486,-1409,-257,-1,2,-56,16,638,13500,774,-303,152,13500,1514,1464,1661,1684,1018,499,788,386,1143,819,255,697,245,-132,25,159
10826,-1000,-1319,98,-143,720,-19854,-5496,-2935,-253,-55,0,-62,9,638,13500,753,-305,152,13500,1522,1463,1648,1691,917,590,690,444,984,873,255,734,272,-133,21,159
10876,-1970,-1223,67,0,1352,-15398,485,-1837,-180,-100,2,-69,0,637,13458,746,-218,152,13500,1529,1473,1665,1662,925,453,690,338,908,693,255,727,324,-132,18,156
10926,-1957,-1042,137,-142,1056,-6914,2987,-1959,-219,-77,0,-75,0,638,13500,753,-166,152,13500,1518,1488,1655,1667,916,450,690,339,887,660,255,678,254,-132,16,159
10976,-2662,-990,-108,160,1148,-19060,-247,-2813,-134,-97,-2,-75,0,638,13500,751,-152,152,13500,1492,1517,1645,1677,975,523,732,392,963,793,255,735,320,-131,13,160
11026,-2984,-545,-103,134,1118,-8806,2560,-1043,-71,-52,0,-69,1,639,13543,741,-118,155,13543,1509,1496,1671,1655,968,445,717,330,900,687,255,701,316,-131,13,157
11076,-3039,-249,-130,-242,959,-7647,1583,-1715,29,-33,0,-42,0,641,13628,724,-91,159,13585,1524,1502,1649,1667,948,463,686,335,951,485,255,674,241,-130,10,155
11126,-3035,-270,-85,-103,973,-628,-1895,-1104,140,-32,-4,-23,0,643,13713,710,-106,172,13713,1518,1497,1653,1669,968,402,687,285,1035,393,255,670,255,-130,9,157
11176,-2144,-557,39,9,1052,3827,-4214,543,134,-40,0,-11,0,642,13670,704,-122,168,13670,1537,1498,1650,1666,917,288,646,203,936,219,255,647,260,-130,10,151
11226,-1457,-595,-113,-54,1174,4376,-613,360,71,-59,-2,-11,0,645,13798,685,-111,179,13798,1546,1510,1646,1661,926,267,634,183,935,204,255,687,227,-129,11,154
11276,-837,-400,269,22,914,1813,-491,909,21,-2,0,-11,0,644,13756,699,-23,179,13798,1531,1518,1653,1664,859,271,600,189,903,264,255,624,170,-128,11,147
11326,-1078,-478,180,-94,1057,592,-857,-311,38,-25,0,-9,0,647,13884,721,0,188,13884,1548,1496,1657,1669,903,202,651,146,883,127,255,607,149,-128,11,148
11376,-1044,-461,-171,258,1403,8466,-735,177,129,-49,-2,2,0,645,13798,724,53,184,13841,1562,1473,1653,1675,775,202,561,146,832,0,255,682,211,-126,12,149
11426,-273,-74,-26,269,1139,10785,1156,360,66,14,0,2,4,648,13927,718,95,192,13927,1533,1486,1682,1661,851,103,611,74,787,25,255,610,195,-125,15,144
11476,-180,-141,-54,-114,1074,2423,-1406,-1348,16,21,-4,2,7,648,13927,741,74,192,13927,1532,1491,1663,1685,789,241,585,178,831,84,255,609,98,-125,15,149
11526,-365,-83,-117,161,1142,1935,-6167,-433,58,44,-2,2,11,650,14013,716,59,199,14013,1528,1480,1673,1685,739,183,529,131,795,143,255,604,170,-123,16,150
11576,-80,-130,9,-175,942,4376,-2322,-860,0,49,-2,2,11,650,14013,719,51,204,14056,1546,1470,1682,1681,747,174,537,125,745,117,255,594,135,-121,17,146
11626,173,-25,-58,54,1396,5170,-857,-433,4,91,0,2,19,651,14056,727,125,204,14056,1532,1499,1676,1677,675,77,491,56,714,76,255,570,117,-119,18,142
11676,-295,-99,-50,-176,599,-750,-7144,-1776,21,76,-2,4,18,651,14056,729,151,199,14013,1514,1512,1671,1682,730,148,532,108,839,113,234,547,88,-118,18,150
11726,-825,-766,-248,34,1084,470,-9707,-1654,199,171,-2,24,51,652,14100,751,148,208,14100,1532,1502,1655,1691,602,90,452,67,835,0,234,554,160,-116,19,150
11776,-283,-793,82,-268,1033,12799,-14834,-982,126,244,0,24,60,651,14056,743,191,204,14056,1546,1493,1661,1685,621,56,461,41,862,-143,255,469,61,-115,20,153
11826,128,-1542,-89,-176,849,3827,-13491,-1104,91,154,-2,24,59,644,13756,734,106,175,13756,1545,1501,1652,1688,467,-11,343,-8,731,-168,255,488,66,-113,20,154
11876,612,-1616,119,-52,983,1996,-11599,238,66,173,-2,25,60,641,13628,738,131,168,13670,1539,1484,1657,1668,521,27,385,20,675,50,234,414,60,-110,21,148
11926,799,-1730,94,-171,1185,653,-9951,604,-78,162,-2,1,60,641,13628,778,212,163,13628,1565,1475,1634,1672,387,92,301,71,579,8,255,396,26,-108,21,146
11976,790,-1741,76,199,840,-5693,-9158,1153,-118,130,-2,-13,54,639,13543,781,241,163,13628,1521,1512,1648,1667,385,181,300,142,524,335,255,327,72,-105,19,154
12026,156,-1624,44,9,867,-11431,-5923,421,-122,27,-2,-20,32,637,13458,795,203,148,13458,1536,1468,1648,1684,234,197,186,157,329,303,244,324,103,-104,18,152
12076,-201,-1497,70,124,1156,-8379,-1467,1763,-79,-25,-2,-20,20,637,13458,826,276,159,13585,1537,1493,1635,1677,62,224,51,185,58,411,255,280,123,-98,18,152
12126,-969,-1891,170,39,950,-4412,3353,1885,60,-148,-4,-5,0,639,13543,828,231,155,13543,1536,1482,1658,1661,91,242,75,200,0,279,255,186,114,-96,17,147
12176,-1167,-1092,-92,-56,920,4498,10006,1947,75,-108,0,-4,0,638,13500,845,301,152,13500,1564,1454,1661,1650,46,188,39,158,-144,25,255,161,122,-93,16,150
12226,-431,-133,-194,126,1159,3034,3048,1031,-64,-26,-2,-23,0,638,13500,864,345,152,13500,1518,1505,1641,1671,-54,52,-47,44,-84,118,255,180,157,-88,17,151
12276,-1156,-490,179,-75,870,-12407,1034,2130,-145,-23,0,-46,0,638,13500,857,259,152,13500,1524,1479,1657,1670,-56,207,-48,177,-124,443,224,40,128,-84,19,154
12326,-1824,-515,123,-152,948,-6060,6466,1519,-219,-35,-4,-72,0,639,13543,874,236,155,13543,1560,1479,1660,1641,-156,140,-136,122,-294,311,244,2,48,-81,18,155
12376,-1548,267,-51,87,905,-8379,6466,665,-243,18,2,-77,0,638,13500,874,235,148,13458,1536,1485,1651,1658,-194,119,-169,104,-231,395,255,-49,70,-77,15,151
12426,-1677,467,-63,-4,776,-18328,302,-6,-271,33,-2,-82,0,638,13500,892,195,152,13500,1510,1525,1651,1651,-167,-3,-149,-3,-177,402,255,-80,62,-75,16,149
12476,-2355,653,-86,14,1124,-16924,1766,-67,-208,53,0,-82,0,638,13500,887,184,152,13500,1532,1502,1658,1644,-321,81,-285,72,-331,297,244,-72,86,-70,15,151
12526,-2801,680,-134,125,1411,-11553,-125,1458,-78,54,-2,-66,0,639,13543,909,205,155,13543,1490,1555,1636,1660,-389,69,-354,62,-366,221,255,-85,104,-66,16,155
12576,-3335,-297,306,-163,959,-6792,1950,1153,137,7,0,-27,0,639,13543,937,212,155,13543,1533,1505,1648,1656,-362,-11,-339,-10,-429,-126,244,-198,6,-61,18,154
12626,-3146,-272,203,-242,866,18659,5368,1458,263,-3,2,0,0,637,13458,936,221,148,13458,1582,1440,1669,1637,-431,-22,-404,-20,-578,-442,255,-260,-51,-58,17,155
12826,-58,918,-177,91,1101,3278,4330,909,39,84,0,4,4,637,13458,990,261,148,13458,1501,1505,1647,1657,-571,-345,-565,-342,-590,-348,244,-347,-46,-41,31,151
12876,-764,370,25,-186,1091,7123,3781,-189,78,37,0,4,0,638,13500,990,245,152,13500,1539,1505,1662,1632,-598,-216,-592,-213,-665,-358,255,-380,-139,-37,35,154
12926,-365,358,-126,-61,1170,7977,7931,115,58,20,0,5,0,638,13500,982,180,152,13500,1548,1485,1649,1654,-618,-261,-607,-256,-697,-408,255,-407,-164,-33,36,154
12976,-441,-300,152,-78,991,6696,9884,177,65,-15,0,6,0,638,13500,998,138,152,13500,1529,1507,1656,1646,-566,-221,-565,-220,-746,-330,255,-500,-248,-31,38,154
13026,-298,-25,46,-245,1083,2789,9152,-677,32,1,0,5,0,643,13713,1026,166,172,13713,1569,1467,1650,1644,-642,-189,-659,-194,-757,-378,255,-502,-243,-28,37,154
13076,708,213,180,220,917,1264,7565,-860,-10,38,2,5,0,638,13500,1021,155,152,13500,1534,1507,1644,1653,-615,-239,-628,-244,-717,-239,255,-584,-232,-27,39,154
13126,328,453,69,-133,819,-5449,3781,-677,-20,54,2,5,1,638,13500,1041,153,152,13500,1557,1478,1648,1652,-655,-224,-682,-233,-723,-289,255,-561,-248,-26,39,155
13176,-300,233,-28,-218,1003,-2337,1522,-189,35,17,0,6,0,639,13543,1047,167,152,13500,1555,1491,1642,1650,-642,-281,-672,-294,-625,-359,255,-534,-182,-23,41,157
13226,-103,-10,56,109,934,2667,2255,848,50,7,0,5,0,639,13543,1066,185,155,13543,1547,1467,1662,1655,-597,-240,-636,-256,-662,-348,255,-514,-187,-21,43,151
13276,-1,-470,39,-67,740,3339,-674,665,20,-36,0,5,0,638,13500,1072,197,152,13500,1558,1465,1648,1661,-697,-365,-748,-391,-665,-443,255,-519,-190,-16,47,152
13326,333,-295,3,192,997,3888,4513,1458,19,-24,2,5,0,639,13543,1102,271,155,13543,1549,1479,1664,1642,-598,-212,-659,-234,-654,-255,255,-584,-211,-15,47,153
13376,417,117,110,24,1025,3827,3659,909,-5,23,0,5,0,638,13500,1108,256,155,13543,1560,1460,1656,1658,-559,-299,-620,-332,-596,-281,255,-609,-302,-14,47,152
13426,507,207,94,59,1149,2484,-369,360,-10,30,0,5,0,638,13500,1103,215,152,13500,1556,1467,1649,1659,-613,-177,-676,-195,-543,-271,255,-659,-254,-13,45,152
13476,300,118,149,27,1122,3522,-2627,543,8,25,4,6,0,638,13500,1120,238,152,13500,1545,1467,1660,1659,-555,-319,-622,-358,-544,-238,255,-668,-301,-14,45,152
13526,-223,-442,-132,169,1001,-139,302,482,61,-52,0,4,0,639,13543,1122,200,155,13543,1538,1488,1657,1653,-588,-196,-659,-220,-645,-288,255,-605,-214,-14,46,156
13576,-526,-406,-73,180,987,4193,4208,543,95,-42,-2,5,0,638,13500,1130,123,152,13500,1535,1463,1678,1652,-595,-215,-672,-243,-646,-314,255,-613,-184,-13,45,156
13626,32,-474,-75,87,1078,6024,790,543,39,-49,2,6,0,638,13500,1122,97,152,13500,1519,1479,1670,1664,-517,-197,-580,-221,-574,-279,255,-571,-152,-12,47,151
13676,-221,-268,-159,215,1321,1325,-64,726,57,-36,0,4,0,639,13543,1149,84,152,13500,1516,1481,1671,1661,-576,-303,-662,-348,-553,-340,255,-634,-251,-12,49,155
13726,214,-347,218,-166,936,2606,-1895,-433,-14,-3,2,4,0,638,13500,1123,105,152,13500,1535,1479,1656,1666,-541,-222,-607,-250,-530,-239,255,-620,-279,-13,49,157
13776,108,-500,-44,7,1336,2606,-1284,-677,16,-43,0,4,0,638,13500,1146,142,152,13500,1552,1471,1651,1658,-519,-251,-595,-287,-543,-237,255,-646,-266,-13,48,155
13826,172,-784,114,30,549,1264,729,-982,11,-45,4,4,0,637,13458,1155,151,148,13458,1517,1489,1669,1656,-539,-169,-623,-195,-633,-154,255,-609,-243,-14,46,153
13876,-321,-852,44,53,895,348,4086,-555,59,-69,-2,4,0,639,13543,1174,186,152,13500,1549,1473,1655,1655,-528,-93,-619,-109,-628,-229,255,-580,-145,-13,45,153
13926,5,-385,98,82,853,5536,6222,482,36,-21,2,4,0,638,13500,1177,192,152,13500,1534,1466,1675,1653,-477,-107,-562,-126,-590,-151,255,-620,-167,-14,43,150
13976,86,-149,-28,-15,1144,-1970,4208,-799,14,-17,4,4,0,639,13543,1202,214,152,13500,1543,1480,1650,1661,-521,-47,-626,-56,-611,0,255,-603,-163,-14,41,151
14026,349,-35,322,-52,1074,-1299,3964,-372,-15,31,2,4,1,639,13543,1228,279,155,13543,1532,1499,1669,1636,-440,-91,-540,-112,-527,34,255,-620,-190,-15,39,153
14076,-276,146,49,-239,1100,-3374,3720,-494,-33,19,2,-6,0,637,13458,1233,334,152,13500,1553,1473,1653,1655,-456,-52,-563,-64,-458,-16,255,-629,-150,-16,36,155
14126,-232,-98,164,106,699,-3740,-552,604,-42,18,2,-15,0,637,13458,1271,351,148,21500,1514,1507,1663,1651,-409,-47,-519,-59,-438,126,255,-606,-132,-18,34,154
14176,-1065,-545,116,-194,914,-11553,4452,-1104,-36,-37,2,-20,0,637,13458,1289,371,148,10970,1536,1481,1670,1669,-315,89,-406,115,-450,127,255,-520,-35,-20,31,159
14226,-1104,-268,0,-109,872,1874,5490,-1898,-25,-22,2,-22,0,637,13458,1296,364,148,8294,1319,1187,1482,1461,-344,89,-447,116,-437,143,255,-487,-71,-21,28,154
14276,-788,-309,-35,74,1179,-7525,4025,10736,-31,-28,0,-20,0,637,13458,1309,199,152,13803,1527,1583,1645,1615,-366,168,-479,221,-332,289,255,-445,-5,-22,23,156
14326,-531,-172,-193,32,802,-15215,668,-799,-24,-36,0,-13,0,637,13458,1329,196,148,11480,1406,1448,1637,1561,-184,50,-244,67,-324,393,244,-454,-33,-24,22,154
14376,-1363,-90,-42,54,907,-9722,2865,3167,49,-10,2,-14,0,639,13543,1328,131,152,12691,1530,1478,1604,1607,-250,149,-333,198,-340,161,255,-427,-25,-27,18,154
14426,-1473,120,-16,41,683,6207,180,2801,101,11,4,-7,0,637,13458,1325,61,148,15374,1650,1566,1721,1715,-253,106,-336,140,-247,-59,255,-329,26,-28,15,149
14476,-1229,-204,5,258,1213,9625,-857,1153,124,-17,2,-2,0,638,13500,1319,78,152,14076,1448,1426,1630,1604,-176,-7,-233,-9,-176,-117,255,-242,98,-29,16,151
14526,-1092,-184,-125,-40,1144,7245,851,3839,89,-24,-2,-1,0,637,13458,1314,73,148,12390,1541,1472,1624,1593,-127,21,-168,27,-195,-117,255,-209,71,-29,17,153
14576,-322,-66,-197,69,967,8527,1644,787,36,-27,0,0,0,639,13543,1323,22,152,17579,1613,1614,1718,1724,-101,0,-134,0,-94,-34,255,-136,129,-27,20,144
14626,-951,-531,17,-114,1286,7367,2499,-67,75,-47,2,0,0,637,13458,1318,46,148,13890,1594,1543,1705,1682,-98,3,-129,4,-135,-77,255,-178,85,-27,22,145
14676,146,-286,93,-18,1009,9381,973,-555,-14,-9,2,0,1,639,13543,1333,84,148,12791,1557,1500,1668,1650,-91,0,-122,0,-78,-118,255,-202,10,-29,22,143
14726,718,85,-182,64,1109,2667,-4580,665,-53,0,0,0,1,638,13500,1313,106,152,11787,1425,1414,1585,1579,-44,24,-58,31,-8,68,255,-157,-44,-31,20,142
14776,262,-299,-111,164,1025,-7647,-3298,2069,-6,-32,-2,0,0,638,13500,1349,130,152,14986,1537,1552,1659,1662,-28,93,-38,125,0,219,255,-105,91,-32,19,149
14826,-744,-539,-80,-3,1118,-689,-3421,115,69,-50,0,0,0,606,12180,1349,182,24,5500,1457,1427,1597,1587,-36,29,-48,40,0,19,255,-75,103,-32,19,141
14876,-330,-694,21,110,745,2545,-5435,2069,55,-53,-2,2,0,604,12100,1348,66,24,14621,1529,1486,1574,1600,-76,-75,-103,-101,0,94,255,-22,105,-30,22,146
14926,-54,-1127,57,114,781,-11370,2499,6707,25,-94,0,2,0,605,12140,1356,-8,20,14024,1556,1588,1710,1642,127,155,173,210,0,424,255,-51,67,-33,22,144
14976,-713,-152,24,-54,961,-21685,-1101,848,62,-7,2,2,0,605,12140,1357,-5,20,15176,1493,1492,1633,1658,22,151,30,205,-17,403,255,-19,52,-36,17,143
15026,-943,84,10,109,884,-6792,-4641,115,114,10,2,4,0,605,12140,1338,-103,20,16772,1657,1601,1714,1736,-30,171,-40,230,77,128,255,-31,98,-36,16,144
15076,-774,-375,51,-112,765,9625,-4519,-2386,-49,-24,2,-21,0,602,12020,1351,13,11,9242,1536,1414,1656,1650,-21,-91,-29,-123,25,-160,255,-29,27,-37,17,150
15126,-552,-469,64,34,1021,-9050,-1834,-250,-157,-31,-2,-41,0,565,10588,1345,11,0,12525,1437,1457,1582,1591,-11,40,-15,53,25,206,255,8,99,-36,18,145
15176,-1593,-596,122,5,980,-10942,-1345,2557,-64,-29,0,-40,2,565,10588,1357,-24,0,15953,1589,1559,1675,1701,8,-40,11,-54,19,97,255,27,119,-35,20,145
15226,-2295,-921,202,-117,1076,2118,485,-311,23,-59,-2,-34,0,565,10588,1347,-10,0,14247,1546,1535,1680,1693,-3,25,-4,34,8,-50,255,12,124,-35,22,144
15276,-1634,-526,27,-78,1108,9442,1766,970,62,-45,-4,-16,0,565,10588,1350,-11,0,14488,1498,1434,1621,1607,30,-52,41,-71,25,-204,255,16,22,-36,25,145
15326,-908,-547,98,-66,649,6574,1889,-311,24,-30,0,-9,0,565,10588,1361,-25,0,13403,1592,1562,1707,1709,18,-11,24,-15,17,-111,255,17,15,-36,26,142
15376,-739,-592,103,-233,683,5475,2560,-2264,10,-35,-4,-4,0,565,10588,1354,0,0,12706,1546,1497,1671,1659,77,-24,104,-33,59,-92,255,-28,-72,-39,26,146
15426,94,23,-204,271,1374,1264,-1773,-1226,22,-8,-2,2,0,565,10588,1337,-30,0,13515,1553,1518,1656,1659,97,-38,130,-51,120,-136,255,24,-84,-41,25,145
15476,130,-341,-35,168,1051,1569,-2566,54,12,-32,0,1,0,565,10588,1344,-23,0,14676,1512,1497,1647,1658,213,-57,286,-77,214,-38,255,119,21,-45,25,144
15526,458,-177,76,108,959,2240,-1589,1580,-14,-3,0,2,0,565,10588,1348,-19,0,14064,1554,1501,1653,1659,151,52,204,70,186,-50,255,123,21,-46,25,142
15576,818,-287,-2,73,1438,5658,-1284,421,-51,-21,-2,2,0,564,10550,1338,-18,0,14055,1504,1472,1629,1623,208,-14,279,-18,247,-8,255,162,-4,-48,27,144
15626,497,-2,-7,-23,1237,-78,1705,115,-32,1,-2,2,0,565,10588,1355,21,0,12754,1508,1502,1628,1638,146,-60,197,-82,136,9,255,139,-36,-49,27,138
15676,-54,18,-31,-89,692,-1787,-735,-311,-2,0,0,1,0,565,10588,1353,15,0,13095,1540,1491,1645,1653,251,14,339,20,244,-42,255,113,-72,-52,25,139
15726,-495,-333,-29,-156,785,3217,-1284,-6,35,-29,-2,2,0,567,10663,1363,7,0,13287,1541,1501,1648,1654,231,9,314,12,247,-95,255,178,-38,-55,23,142
15776,-549,-311,-1,114,972,2911,1400,54,72,-28,-2,2,0,566,10625,1367,55,0,10881,1473,1465,1624,1618,233,18,318,25,162,-8,255,245,18,-57,22,139
15826,69,-330,90,84,729,1019,1339,1092,16,-17,4,2,0,566,10625,1375,58,0,12679,1478,1417,1569,1576,223,-27,307,-38,187,-93,255,236,29,-59,23,140
15876,219,-575,52,30,776,3339,-2810,1641,0,-43,-2,2,0,566,10625,1379,0,0,14662,1558,1529,1642,1677,356,53,491,74,307,-17,255,201,40,-63,23,139
15926,-89,-722,90,-184,848,4132,2682,-1531,-1,-51,-4,2,0,566,10625,1372,-11,0,12955,1520,1471,1650,1627,365,49,501,68,289,0,255,219,15,-67,22,142
15976,-435,-830,-85,131,1118,1080,3353,-799,72,-83,2,4,0,567,10663,1373,-21,0,14896,1533,1507,1647,1655,293,68,403,94,246,-51,255,317,62,-70,20,144
16026,-427,-501,-192,77,877,653,241,482,61,-63,-2,2,0,567,10663,1382,-21,0,15260,1578,1558,1686,1704,285,3,394,4,294,-55,255,383,113,-71,21,140
16076,120,-166,76,36,938,8466,-1162,-494,14,-2,-4,3,0,565,10588,1382,-42,0,16820,1576,1511,1691,1699,391,1,541,2,418,-68,255,396,76,-73,24,139
16126,471,-184,-138,54,1117,5841,-3482,54,-13,-24,4,4,0,566,10625,1381,49,0,10432,1490,1417,1603,1643,341,45,471,62,434,-85,255,430,76,-73,24,142
16176,871,-472,153,52,591,4559,-3115,787,-35,-14,2,6,0,565,10588,1363,-21,0,14841,1572,1521,1662,1680,369,36,502,49,392,93,255,395,38,-75,25,141
16226,542,-514,224,-21,1163,1813,2133,-1898,-21,-23,-2,5,0,566,10625,1368,-16,0,13096,1565,1495,1685,1668,388,140,530,191,340,85,255,335,43,-78,23,147
16276,133,-588,-93,116,991,2057,1034,-372,25,-58,0,4,0,566,10625,1367,6,0,14330,1533,1514,1643,1669,398,283,544,387,418,107,255,445,124,-83,17,143
16326,5,-719,-49,266,1266,-628,-1651,-1043,48,-67,0,5,0,566,10625,1364,12,0,12482,1460,1410,1580,1592,371,180,506,245,389,127,255,484,238,-84,16,145
16376,500,147,107,-3,892,348,2011,909,-16,27,0,5,0,566,10625,1370,5,0,12934,1528,1480,1613,1620,421,232,577,318,459,289,255,492,250,-86,15,139
16426,482,514,44,-42,844,1019,-2383,-6,-30,55,2,3,0,566,10625,1374,-16,0,14617,1585,1499,1642,1669,460,282,633,387,554,213,255,505,228,-89,14,142
16476,754,83,-61,36,1090,-1543,-8181,3106,-40,12,2,4,1,567,10663,1384,-6,0,15119,1548,1519,1644,1671,516,229,715,318,632,311,255,610,250,-90,11,144
16526,482,-272,33,16,1216,-3679,-2322,54,-15,-13,4,5,1,566,10625,1380,25,0,13250,1514,1470,1602,1624,514,299,710,412,581,325,255,619,264,-92,9,143
16576,268,-172,27,43,837,-1299,-1345,2252,5,-7,2,4,0,565,10588,1368,20,0,12145,1553,1498,1609,1618,465,220,637,301,446,242,255,556,277,-93,8,141
16626,-15,-263,123,66,941,1752,119,909,30,-10,2,4,0,566,10625,1378,-27,0,14902,1626,1560,1707,1703,564,370,777,510,551,311,255,523,311,-97,6,141
16676,32,-202,-14,-27,1123,531,-2505,848,19,-14,0,4,0,566,10625,1376,30,0,11790,1485,1431,1604,1623,575,449,791,617,526,356,255,588,347,-102,1,143
16726,340,97,-143,-95,689,-6853,-2200,1397,-232,-11,-2,-37,0,525,9142,1371,50,0,10072,1531,1471,1594,1623,508,320,696,439,554,451,255,688,399,-102,0,149
16776,329,458,-162,53,990,-22356,424,1458,-316,27,-2,-56,0,525,9142,1370,-18,0,14785,1568,1522,1665,1633,606,480,830,658,614,1014,244,786,500,-103,-2,150
16826,-735,400,-231,21,992,-30535,302,299,-402,12,-2,-91,0,525,9142,1365,-35,0,15707,1578,1585,1679,1707,613,487,837,665,649,1025,255,855,563,-102,-3,150
16876,-1819,97,58,128,1104,-23211,-1528,-982,-401,14,-2,-113,0,526,9176,1354,2,0,12142,1559,1473,1623,1620,591,408,801,553,601,902,255,836,590,-101,-3,151
16926,-2597,216,17,56,895,-29863,-2017,1641,-543,60,0,-153,7,529,9281,1360,0,0,12411,1565,1482,1645,1651,549,444,747,603,593,963,255,806,524,-100,-4,149
16976,-3584,452,-81,-28,1252,-38591,-6533,2618,-614,134,-2,-182,19,529,9281,1371,27,0,13816,1475,1421,1592,1607,529,408,725,559,670,1121,255,829,476,-100,-5,157
17026,-4645,255,-70,90,1081,-39141,-7510,2130,-544,120,-2,-189,20,530,9316,1368,-36,0,15980,1489,1533,1605,1661,491,354,672,485,699,1087,255,780,455,-98,-6,156
17076,-6092,-920,202,-201,807,-28887,-6533,848,-245,50,0,-150,20,530,9316,1372,-8,0,12109,1560,1510,1639,1677,641,310,879,426,679,705,255,714,330,-97,-5,153
17126,-6458,-1006,124,-223,1008,-6914,241,1031,43,-59,0,-101,3,528,9246,1368,-20,0,15251,1537,1423,1618,1602,602,323,824,442,536,315,255,722,264,-99,-7,152
17176,-5087,-323,-84,116,1093,4315,2438,238,-8,-30,-4,-94,1,529,9281,1362,-41,0,16067,1600,1557,1680,1702,580,191,790,260,572,51,255,781,240,-101,-9,149
17226,-3695,248,-169,172,1341,-2092,-5130,-738,58,22,-2,-56,2,530,9316,1362,-14,0,13608,1412,1492,1603,1642,558,3,760,4,646,136,255,820,250,-100,-7,148
17276,-4170,-341,143,-95,1141,165,-3482,-311,143,-9,0,-43,1,531,9352,1372,41,0,11344,1500,1441,1561,1599,588,-92,807,-126,636,-283,255,728,115,-99,-1,150
17326,-3481,-228,21,-112,964,16950,-1162,-1348,148,-14,-2,-31,0,531,9352,1361,9,0,14388,1597,1530,1651,1660,583,-109,794,-149,597,-452,255,739,19,-100,0,153
17376,-1636,216,-22,107,907,8893,-1284,1824,84,20,-2,-15,0,530,9316,1349,-49,0,16061,1590,1571,1683,1719,571,-196,770,-264,632,-268,255,770,-101,-101,3,152
17426,-1052,238,-10,109,1299,6146,-3970,-2630,118,29,0,2,1,531,9352,1357,-21,0,13624,1535,1493,1653,1677,562,-167,762,-227,630,-306,234,759,-75,-101,6,151
17476,-108,99,-24,31,893,14996,-5557,421,33,12,-2,2,0,530,9316,1360,29,0,11863,1524,1459,1632,1645,551,-289,750,-393,624,-480,214,758,-125,-101,11,147
17526,260,18,-74,-58,930,3949,-3726,-128,31,159,0,11,32,532,9387,1362,36,0,12290,1527,1496,1653,1622,532,-274,725,-374,602,-309,255,776,-172,-100,13,149
17576,30,-487,116,-49,1083,4987,-9158,-616,123,317,0,25,69,531,9352,1368,29,0,12678,1482,1468,1609,1648,368,-334,503,-457,716,-418,132,720,-239,-97,18,151
17626,-234,-1831,-30,-68,729,14874,-18496,-1898,146,277,0,25,87,531,9352,1344,-53,0,16749,1608,1536,1665,1699,526,-385,707,-518,905,-640,193,669,-301,-97,21,157
17676,-104,-3162,124,-174,988,21893,-13674,-2081,165,208,-2,32,94,528,9246,1336,-99,0,16030,1597,1588,1713,1724,596,-475,796,-634,750,-780,255,597,-446,-99,26,159
17726,583,-2707,-104,38,935,17133,-12332,-4217,200,238,0,48,97,531,9352,1360,40,0,8391,1539,1423,1622,1656,440,-441,599,-600,691,-895,224,617,-366,-99,29,154
17776,1176,-3211,178,-180,811,18048,-15811,1397,93,224,-2,42,96,531,9352,1346,-9,0,15187,1548,1514,1662,1704,449,-551,605,-741,672,-672,244,496,-533,-100,34,157
17826,1688,-3337,232,-60,912,3583,-9280,604,32,109,-2,37,75,530,9316,1348,-3,0,13695,1536,1445,1655,1664,457,-361,616,-486,492,-484,255,489,-556,-102,35,153
17876,1247,-2889,121,-225,996,10236,-1284,-1104,-49,13,-2,16,51,531,9352,1362,0,0,13931,1582,1479,1658,1708,300,-468,409,-637,304,-652,244,509,-534,-101,35,156
17926,1141,-2642,-68,427,1080,4559,5368,-616,-36,-240,0,4,0,532,9387,1349,-14,0,13952,1511,1524,1677,1662,297,-490,400,-661,84,-429,255,481,-463,-99,37,152
17976,322,-1292,-36,158,994,-1726,22091,115,14,-128,-2,5,0,530,9316,1350,15,0,13925,1542,1449,1695,1645,223,-543,301,-733,-126,-546,255,408,-585,-98,40,152
18026,611,-22,-89,-19,1413,9931,12265,-1104,-34,-17,-2,3,0,531,9352,1358,32,0,13185,1501,1397,1592,1621,93,-498,127,-676,-17,-677,255,376,-580,-95,41,150
18076,680,500,-41,96,1050,5719,912,-2508,-27,43,0,4,0,532,9387,1354,50,0,11128,1509,1439,1607,1636,184,-593,250,-803,183,-464,255,285,-658,-94,42,146
18126,143,-388,140,-77,754,-8379,-430,1397,-9,-15,0,3,0,530,9316,1357,-27,0,14058,1597,1584,1695,1721,117,-368,159,-500,73,-261,244,258,-637,-93,41,148
18176,-861,-355,114,-238,958,2484,6771,-3851,70,-22,-2,3,0,531,9352,1364,-35,0,15568,1591,1467,1685,1669,159,-412,217,-562,50,-534,244,323,-536,-91,40,151
18226,-866,33,62,280,1041,7489,5673,-1287,128,6,-2,4,0,531,9352,1356,5,0,13238,1557,1488,1672,1686,84,-452,114,-613,76,-643,255,222,-512,-89,41,144
18276,-195,481,14,-25,1095,7977,1828,1153,112,39,-2,18,0,531,9352,1350,-23,0,13456,1522,1437,1628,1634,109,-540,148,-729,60,-556,255,254,-647,-88,42,149
18326,179,229,167,53,1127,5536,-3,421,235,39,-2,48,0,530,9316,1361,16,0,12623,1528,1494,1659,1657,50,-427,68,-582,84,-575,244,180,-608,-87,42,142
18376,315,270,222,30,1209,13837,912,360,221,115,0,48,14,531,9352,1360,3,0,14196,1509,1412,1628,1587,52,-529,71,-720,48,-753,255,169,-643,-85,42,144
18426,327,-235,-62,76,951,6696,-3604,2008,240,151,0,51,35,530,9316,1355,-50,0,15948,1547,1506,1650,1681,50,-419,68,-567,146,-614,255,203,-571,-84,41,149
18476,129,-624,-56,105,1337,6207,-4458,-4217,184,123,-2,37,36,530,9316,1362,-11,0,12603,1586,1514,1684,1681,94,-334,128,-455,188,-513,255,204,-456,-83,41,154
18526,487,-745,-23,-71,1131,7123,1583,-1043,2,28,-2,9,19,531,9352,1363,4,0,14585,1520,1445,1648,1636,90,-329,123,-448,38,-424,255,186,-469,-82,41,146
18576,723,-368,-198,246,1381,-2520,5856,1947,29,12,-2,15,12,531,9352,1355,25,0,10892,1510,1503,1654,1637,28,-306,38,-415,-42,-223,255,126,-527,-81,41,150
18626,342,-262,178,-222,956,-1116,1583,604,-33,-5,-2,4,0,530,9316,1362,21,0,14653,1556,1479,1661,1656,26,-275,36,-374,-25,-247,255,96,-519,-80,39,146
18676,-18,-260,77,-1,1037,-2642,2621,1763,21,-16,-2,4,0,531,9352,1367,-3,0,13104,1571,1519,1669,1658,21,-255,30,-348,-58,-235,255,102,-451,-79,38,146
18726,-621,-217,178,-71,1006,-3008,4818,604,57,-7,-2,2,0,530,9316,1378,38,0,12266,1535,1461,1663,1637,33,-216,46,-298,-42,-213,255,49,-423,-79,35,146
18776,-752,-118,277,-6,1137,3339,5429,665,81,11,-2,2,0,531,9352,1371,7,0,13789,1497,1448,1621,1599,14,-182,19,-250,-51,-180,255,27,-406,-79,33,143
18826,-1516,-216,-98,-209,924,-2459,2804,-677,125,-31,-2,2,0,530,9316,1366,33,0,11486,1562,1527,1651,1646,15,-258,20,-353,-25,-278,255,50,-406,-79,32,150
18876,-1579,-110,-124,-71,978,2240,4452,360,141,-21,0,1,0,531,9352,1382,50,0,12646,1509,1476,1622,1597,26,-155,36,-215,-17,-214,255,-2,-315,-79,30,147
18926,-1535,-46,204,-146,929,4376,3598,909,115,16,2,-1,0,530,9316,1369,48,0,12360,1526,1468,1635,1598,31,-233,43,-319,-34,-247,255,-26,-352,-80,30,147
18976,-1074,46,-60,-75,772,7977,4330,1824,64,-5,-4,-4,0,530,9316,1369,-20,0,14822,1554,1552,1669,1662,43,-94,59,-129,0,-143,255,9,-268,-80,28,142
19026,-1393,-108,-16,-65,945,2301,1644,848,90,50,-4,-5,12,531,9352,1360,-15,0,13357,1578,1553,1700,1679,11,-199,15,-270,0,-213,255,15,-278,-80,28,146
19076,-1142,-55,-207,35,1367,1630,-674,1519,80,49,0,-4,13,531,9352,1358,27,0,9566,1511,1470,1629,1623,-64,-147,-87,-200,19,-224,255,83,-207,-79,27,147
19126,-1443,-540,225,-71,738,4010,-6777,3106,120,222,-2,0,47,531,9352,1347,-46,0,15420,1573,1568,1708,1662,8,-64,10,-87,144,-127,255,94,-142,-78,26,148
19176,-1723,-617,62,67,1095,7794,-15017,2130,295,306,0,26,69,531,9352,1371,0,0,11787,1535,1505,1653,1650,58,14,80,19,374,-306,255,88,-61,-78,25,144
19226,-895,-934,-84,74,811,20795,-26187,2801,258,385,-2,32,93,530,9316,1370,19,0,11971,1584,1452,1670,1635,41,-11,56,-16,469,-418,255,155,-55,-77,24,149
19276,-142,-2430,-72,203,1060,9442,-23928,2008,151,355,-2,23,113,531,9352,1354,-50,0,17037,1482,1555,1632,1637,89,24,121,32,484,-33,255,183,31,-77,24,150
19326,-654,-3325,-54,-137,957,1996,-22097,-311,170,273,0,25,113,531,9352,1349,-31,0,13126,1538,1532,1637,1648,95,30,128,41,454,0,255,153,48,-75,24,147
19376,-714,-3608,-81,201,1278,11212,-19534,-677,241,148,0,31,93,530,9316,1357,36,0,10055,1539,1468,1596,1643,-45,173,-61,235,243,-97,255,127,129,-72,24,152
19426,-303,-4642,121,-165,955,11212,-7693,4327,52,-243,0,7,30,531,9352,1352,-9,0,14000,1569,1499,1649,1706,-11,88,-15,120,-8,-51,255,121,136,-69,24,148
19476,118,-4649,-31,-34,1177,-994,22763,787,-10,-416,-2,0,2,532,9387,1354,-49,0,17620,1570,1569,1747,1653,-220,283,-298,384,-713,382,255,51,145,-64,22,151
19526,-696,-3044,79,-297,792,-1665,33200,-67,-94,-324,2,-23,-9,531,9352,1341,-58,0,12940,1592,1626,1739,1711,-266,210,-357,282,-771,371,255,-71,179,-60,21,155
19576,-825,-796,-78,-16,1282,-3130,19161,-921,18,-221,0,-10,-27,531,9352,1345,26,0,10670,1509,1374,1610,1602,-351,268,-472,360,-551,254,255,-185,164,-54,17,156
19626,-23,-105,88,-28,940,-3130,15805,1397,-117,-177,0,-23,-34,530,9316,1350,-10,0,15687,1528,1506,1666,1642,-283,277,-383,374,-553,399,255,-256,188,-52,14,156
19676,-68,512,162,-41,731,-12590,15621,787,-312,-106,0,-61,-33,530,9316,1366,24,0,11766,1542,1448,1669,1621,-304,413,-415,564,-603,646,255,-327,185,-50,8,154
19726,-7,1487,-45,126,1082,-22600,13546,-1409,-479,42,0,-96,-16,530,9316,1356,5,0,13653,1477,1430,1621,1568,-244,530,-331,718,-445,968,244,-310,301,-49,3,154
19776,-1340,1488,263,60,917,-33648,1644,970,-468,135,-2,-115,-4,531,9352,1342,-57,0,18135,1593,1567,1703,1690,-185,497,-248,667,-121,1117,244,-317,339,-50,-2,158
19826,-2321,1237,-202,-24,1090,-29314,-5496,-6,-468,79,0,-131,-2,531,9352,1363,38,0,11165,1509,1465,1635,1623,-154,460,-210,627,-101,955,255,-294,327,-51,-6,157
19876,-3044,524,191,-33,598,-30108,1522,482,-407,67,-2,-131,-2,530,9316,1343,-41,0,15330,1596,1566,1710,1675,-103,120,-139,161,-155,726,244,-290,329,-51,-10,157
19926,-3463,860,-146,173,1109,-30230,3720,-494,-359,58,-2,-134,0,530,9316,1356,22,0,12621,1467,1451,1626,1566,-167,536,-226,726,-226,1029,255,-298,313,-52,-15,159
19976,-3743,1176,-42,69,851,-26384,363,-1287,-245,155,-2,-115,11,531,9352,1355,-7,0,14418,1500,1560,1654,1640,-168,572,-228,775,-110,939,255,-286,402,-53,-23,158
20026,-4244,834,-73,4,907,-11126,-6838,543,55,110,0,-63,8,530,9316,1374,-1,0,14248,1533,1557,1652,1645,-125,531,-173,730,-9,703,234,-287,374,-54,-28,149
20076,-4089,682,-72,28,1012,2179,-7876,-738,200,56,-2,-33,0,531,9352,1357,1,0,13452,1564,1548,1665,1646,-152,463,-206,629,-89,238,244,-252,427,-55,-33,151
20126,-2605,113,165,37,1246,13532,-857,2862,202,27,-2,-7,0,531,9352,1371,49,0,13156,1473,1442,1633,1603,-173,427,-237,585,-146,207,255,-283,448,-56,-35,152
20176,-1639,-52,-103,-86,904,8893,-4336,-494,199,-14,0,11,0,531,9352,1377,34,0,12356,1541,1540,1628,1643,-144,372,-199,513,-106,145,255,-280,354,-57,-36,153
20226,-1299,-388,-162,-94,842,9259,-3237,-1226,178,-52,-2,13,0,531,9352,1389,86,0,10780,1465,1415,1580,1557,-118,406,-164,564,-68,214,255,-212,364,-58,-39,155
20276,-629,-278,-41,-28,816,7428,546,665,129,1,-2,14,6,532,9387,1385,5,0,14233,1591,1558,1706,1672,-185,220,-256,305,-248,68,255,-158,385,-56,-39,146
20326,-14,-394,-200,80,994,9808,1400,2618,90,-17,0,15,7,531,9352,1389,-9,0,12749,1526,1513,1671,1652,-216,239,-300,332,-232,116,255,-122,413,-54,-39,149
20376,815,-968,182,141,1045,7428,-1345,1153,24,-33,-2,16,6,530,9316,1373,-29,0,13852,1523,1489,1624,1611,-212,189,-292,259,-232,77,255,-205,414,-52,-36,152
20426,794,-1063,21,-79,867,2362,-1101,1153,-2,-84,-2,15,1,531,9352,1365,-46,0,13199,1584,1512,1658,1650,-234,224,-319,306,-272,42,255,-220,400,-50,-35,151
20476,713,-1037,-14,245,1338,6879,6161,1458,34,-89,0,15,1,531,9352,1368,-23,0,14068,1519,1452,1641,1618,-199,321,-272,439,-277,201,255,-180,469,-48,-34,152
20526,789,-1000,40,12,841,6146,4757,1092,14,-82,0,16,0,531,9352,1370,-60,0,15435,1578,1561,1693,1673,-243,91,-333,124,-335,69,255,-215,401,-46,-31,147
20576,922,-1211,-171,225,1587,5658,4513,726,11,-117,-2,15,0,530,9316,1361,-49,0,15583,1598,1526,1669,1644,-277,172,-377,234,-313,58,255,-169,443,-44,-28,153
20626,1125,-891,-33,339,1157,4498,5245,421,-479,-261,0,-82,-35,531,9352,1372,-14,0,15510,1523,1503,1647,1639,-250,109,-343,150,-385,240,224,-204,403,-41,-24,157
20676,1012,-297,-73,-203,1212,-32427,18673,-67,-407,-222,0,-57,-36,531,9352,1363,19,0,12954,1452,1504,1645,1571,-290,296,-395,404,-636,835,214,-227,300,-39,-23,160
20726,-579,880,-209,20,1096,-15764,17819,-6,-253,-180,0,-60,-46,531,9352,1359,-21,0,14688,1631,1573,1689,1681,-251,145,-342,198,-457,389,224,-282,311,-37,-23,158
20776,-833,1106,117,-187,918,-4473,6954,848,-224,-190,0,-55,-59,530,9316,1368,-12,0,14873,1529,1502,1659,1639,-206,62,-282,86,-377,260,204,-329,211,-37,-22,156
20826,-590,1105,-55,-46,1191,-13384,15255,-738,-161,-207,0,-40,-58,531,9352,1368,23,0,11047,1516,1484,1629,1593,-301,158,-412,216,-552,311,255,-303,205,-37,-22,160
20876,-1113,1557,263,-118,1112,-5877,14096,-555,-103,-144,0,-37,-60,532,9387,1366,47,0,12790,1394,1313,1543,1515,-126,130,-172,178,-278,287,234,-346,145,-37,-22,161
20926,-1067,1767,100,25,754,-1177,6832,2374,-30,-180,0,-25,-69,531,9352,1385,-3,0,16664,1574,1565,1667,1673,-147,138,-204,191,-245,245,244,-338,128,-38,-22,156
20976,-1112,1270,-55,53,1176,714,7260,-1776,-16,-178,0,-24,-56,532,9387,1390,37,0,11973,1530,1417,1628,1592,-99,115,-138,160,-282,-8,255,-203,139,-40,-22,154
21026,-1378,1367,-197,57,1295,5170,8908,543,-3,-49,0,-26,-30,530,9316,1386,64,0,10625,1392,1326,1564,1508,-18,62,-25,87,-146,19,255,-99,160,-41,-21,148
21076,-601,1365,0,61,1157,3522,-1956,848,-102,57,0,-32,-12,531,9352,1395,42,0,11453,1481,1414,1567,1590,-28,10,-39,14,59,75,255,-88,144,-42,-19,144
21126,-612,770,355,100,1009,-6975,-10440,909,-86,0,0,-29,-21,530,9316,1392,-21,0,15286,1579,1571,1681,1674,41,18,58,25,183,139,255,-78,102,-44,-17,147
21176,-1167,140,169,-128,971,-3008,-1651,-3424,14,-48,0,-14,-15,530,9316,1396,8,0,12260,1503,1485,1637,1628,36,33,50,46,0,-58,255,-63,12,-46,-17,145
21226,-1557,-613,156,-143,854,4987,-491,-982,109,-94,0,-2,-11,530,9316,1394,-6,0,15058,1605,1490,1686,1667,46,5,65,7,16,-254,244,-22,3,-48,-16,143
21276,-1199,-474,67,130,1022,9992,-613,-2569,99,-60,0,-4,-5,531,9352,1375,-19,0,13709,1505,1446,1628,1644,106,-100,146,-138,76,-213,255,-32,-2,-50,-14,151
21326,-991,-688,145,-31,1033,4865,-2017,-1409,119,-107,0,6,-12,531,9352,1375,-27,0,12794,1494,1421,1649,1629,182,-64,250,-88,173,-164,244,-43,-61,-53,-13,154
21376,-896,-168,-135,84,1384,8099,302,-2264,155,-64,0,13,-7,530,9316,1393,20,0,13487,1492,1382,1622,1602,160,-78,223,-108,169,-331,244,92,-42,-56,-12,150
21426,-45,-45,-131,272,1159,11273,-7266,-1165,43,78,0,2,18,529,9281,1378,8,0,13553,1502,1490,1640,1670,123,-271,170,-373,310,-327,255,126,-15,-57,-8,149
21476,-249,-782,38,-3,796,-139,-15017,-433,57,59,0,7,23,532,9387,1365,-70,0,16066,1616,1594,1732,1736,319,-208,436,-285,532,-152,234,214,-88,-61,-4,148
21526,-541,-988,-14,29,1064,2301,-12088,-3851,104,114,0,10,39,530,9316,1370,11,0,9431,1517,1380,1657,1651,312,-122,428,-168,504,-350,224,270,-76,-64,-2,152
21576,-462,-1837,63,-200,801,9808,-14529,-1593,95,106,0,14,51,530,9316,1358,-65,0,14525,1569,1552,1701,1725,342,-187,464,-255,575,-283,234,241,-169,-66,0,154
21626,-653,-2423,143,-178,879,3888,-12271,-2996,218,31,0,35,45,530,9316,1364,-57,0,15026,1619,1528,1772,1749,406,-38,553,-52,523,-227,224,298,-193,-69,0,153
21676,247,-2236,31,190,1194,9869,-8120,-4095,134,115,0,27,61,530,9316,1361,23,0,10630,1424,1283,1590,1606,284,-345,387,-469,468,-546,224,311,-183,-71,2,152
21726,134,-2600,91,-191,979,9442,-12759,787,205,65,0,46,56,530,9316,1373,48,0,12409,1492,1474,1637,1639,372,-195,511,-268,575,-267,255,338,-274,-72,2,150
21776,430,-2525,-81,67,1010,5597,-11233,-1898,221,102,0,50,66,531,9352,1379,0,0,15434,1582,1478,1687,1705,366,-161,505,-222,477,-434,255,394,-230,-75,0,152
21826,1280,-2469,-21,23,1286,11762,-8853,-2081,84,145,0,38,72,531,9352,1358,-28,0,13847,1475,1438,1641,1646,295,-266,400,-362,446,-436,255,396,-226,-77,2,154
21876,1799,-2511,36,30,1265,2118,-6655,-3363,37,143,0,38,72,530,9316,1362,14,0,12789,1509,1497,1677,1677,351,-208,478,-284,453,-230,244,412,-221,-78,3,151
21926,1243,-2038,-270,21,1183,2057,-8547,-1898,45,194,0,30,79,531,9352,1358,21,0,12690,1487,1438,1629,1640,280,-234,380,-318,461,-316,255,424,-183,-79,4,153
21976,411,-2995,279,-279,895,9137,-6900,-2325,113,129,0,35,72,531,9352,1363,-48,0,14968,1565,1555,1721,1712,374,-270,510,-369,443,-337,255,347,-267,-80,7,154
22026,181,-2612,135,-420,1152,13837,-2505,-4034,240,84,0,57,60,531,9352,1354,-17,0,12932,1554,1443,1712,1677,278,-23,377,-32,282,-338,255,345,-301,-81,4,153
22076,1354,-2036,1,222,1143,14386,-1834,-2691,121,167,0,43,69,530,9316,1357,-14,0,12508,1490,1435,1644,1639,220,-195,299,-264,303,-337,255,333,-214,-80,4,154
22126,1468,-1800,-140,-90,1014,-444,-5984,-3118,84,161,0,44,66,531,9352,1362,48,0,10012,1439,1442,1653,1636,297,-122,405,-166,408,-58,244,378,-210,-80,4,153
22176,436,-2529,227,-164,887,1203,-6472,-372,114,164,0,34,72,531,9352,1357,2,0,13956,1518,1470,1691,1682,216,-118,294,-160,323,-157,255,320,-198,-78,4,151
22226,41,-3047,241,-36,904,9076,-2627,-555,222,42,0,45,57,530,9316,1355,-48,0,15583,1563,1518,1739,1726,244,-73,330,-100,238,-230,255,262,-247,-79,3,149
22276,255,-2146,-74,98,1136,12555,4513,-4644,245,72,0,50,54,530,9316,1357,13,0,11752,1505,1375,1693,1656,111,-67,151,-90,8,-271,244,262,-185,-78,0,147
22326,830,-1627,62,115,919,10419,1278,-1715,131,113,0,37,50,531,9352,1358,20,0,11081,1382,1331,1616,1593,151,-116,206,-157,108,-236,255,255,-187,-77,0,151
22376,966,-1802,271,141,933,-4412,-1834,-2508,92,133,0,33,52,531,9352,1367,-26,0,15516,1536,1537,1706,1706,65,-112,89,-153,97,0,255,192,-177,-75,0,147
22426,132,-1635,74,-178,1013,592,3475,-4644,158,44,0,37,36,530,9316,1344,-38,0,14507,1544,1506,1730,1701,119,5,160,7,58,-42,255,192,-201,-74,-1,144
22476,323,-1447,14,-110,1436,10846,5856,-4461,124,62,0,31,38,531,9352,1355,-19,0,14171,1481,1423,1676,1654,109,75,148,102,25,-85,255,185,-138,-74,-5,149
22526,584,-1455,-120,100,1020,-78,3170,-3302,43,74,0,17,43,532,9387,1355,-14,0,14651,1449,1478,1678,1672,32,-68,43,-92,42,-17,244,182,-37,-72,-6,145
22576,427,-1192,21,-12,1153,1386,2194,-3302,9,62,0,9,33,530,9316,1358,5,0,11410,1449,1444,1696,1660,67,138,91,188,67,151,255,162,-19,-70,-9,140
22626,325,-951,76,-177,1050,7611,-857,-2996,-25,55,0,3,26,532,9387,1357,-13,0,13342,1536,1467,1712,1685,67,151,92,204,78,95,255,107,-19,-70,-12,144
22676,529,-1339,96,-158,885,287,-1162,-2447,-29,30,0,7,27,530,9316,1360,-25,0,13400,1527,1439,1707,1673,71,256,97,348,38,280,255,125,90,-70,-16,144
22726,561,-1094,58,96,895,-3130,2865,-2447,-142,35,0,-20,25,531,9352,1360,28,0,11120,1434,1417,1657,1628,87,204,118,277,16,337,255,107,147,-70,-18,147
22776,-122,-498,-179,187,1504,-13262,3414,-1898,-111,84,0,-25,28,532,9387,1358,26,0,12711,1494,1494,1670,1638,20,278,27,378,0,510,255,87,137,-69,-20,149
22826,-275,-215,-38,-135,944,-14971,363,-2325,-120,101,0,-24,24,530,9316,1359,-44,0,17977,1567,1520,1768,1698,126,336,171,457,87,526,255,140,179,-69,-23,153
22876,-351,-318,-36,199,1391,-6182,-1345,-1776,-151,89,0,-38,24,532,9387,1353,17,0,11061,1395,1420,1666,1639,80,310,109,419,76,477,234,116,209,-68,-28,151
22926,-553,-542,2,162,868,-13994,1217,-1715,-175,90,0,-47,27,530,9316,1350,0,0,15495,1493,1400,1681,1601,54,391,73,528,-8,556,255,116,300,-68,-30,146
22976,-992,-847,11,-53,672,-17229,-1345,-1776,-224,74,0,-59,29,531,9352,1337,-53,0,15402,1529,1516,1724,1715,-15,466,-20,623,43,723,255,82,423,-66,-34,151
23026,-1620,-780,-13,-161,837,-13994,-5557,-3729,-222,48,0,-68,23,530,9316,1352,-1,0,14437,1481,1444,1708,1663,54,431,73,583,84,751,255,109,380,-66,-36,152
23076,-1985,-603,67,169,1460,-14666,-247,-1104,-190,50,0,-74,19,531,9352,1357,23,0,12657,1394,1408,1641,1583,5,430,7,584,42,693,255,61,375,-65,-39,147
23126,-2396,-509,-65,186,1067,-10454,-369,-1470,-150,60,0,-75,22,531,9352,1350,9,0,14432,1504,1420,1653,1629,-30,384,-40,519,39,480,255,67,425,-64,-39,151
23176,-2085,-950,156,84,644,-11370,-9402,2618,-171,40,0,-73,19,530,9316,1347,15,0,10717,1521,1470,1692,1678,-36,301,-49,406,42,572,255,71,432,-61,-40,150
23226,-2394,-1274,-33,237,997,-14971,-2749,2618,-189,-27,0,-84,17,531,9352,1348,-48,0,14736,1562,1522,1736,1708,-4,332,-5,448,8,539,255,18,427,-60,-40,151
23276,-2249,-1275,17,42,970,-17046,546,-189,-166,-54,0,-72,11,530,9316,1354,-26,0,12868,1573,1547,1743,1728,0,261,1,354,-84,447,255,6,382,-61,-41,146
23326,-2271,-1113,97,-260,706,-10149,546,-982,-151,-52,0,-62,6,531,9352,1372,86,0,8507,1455,1429,1639,1632,-62,269,-86,370,-84,463,255,2,315,-60,-42,149
23376,-2240,-622,-91,61,734,-13811,-125,2435,-97,-22,0,-59,9,531,9352,1372,22,0,15323,1520,1508,1659,1623,-149,78,-205,107,-77,351,255,-24,242,-58,-40,151
23426,-2262,-656,126,-102,714,-12713,-4519,1458,-44,-26,0,-45,2,531,9352,1374,-17,0,14992,1547,1617,1722,1737,-95,61,-131,84,-16,337,255,-47,182,-57,-39,153
23476,-2664,-997,86,-236,1271,-6487,1766,665,31,-71,0,-36,2,532,9387,1380,-24,0,14031,1542,1474,1685,1638,-154,60,-213,83,-194,67,255,-30,205,-55,-38,150
23526,-2122,-827,143,0,844,-261,4452,1641,0,-49,0,-37,1,530,9316,1374,-5,0,15888,1480,1480,1662,1645,-114,111,-156,152,-216,181,244,-29,178,-54,-38,148
23576,-2073,-934,-185,-50,1183,-6670,5429,1763,-42,-97,0,-44,0,531,9352,1369,23,0,11394,1439,1500,1649,1635,-131,96,-179,131,-194,185,255,-102,161,-52,-35,155
23626,-1658,-465,-51,-21,906,-8257,2865,177,-32,-116,0,-34,-13,530,9316,1366,29,0,13333,1426,1446,1603,1559,-102,-24,-140,-33,-192,105,244,-99,134,-51,-34,155
23676,-1712,167,-147,27,1092,-7219,3842,1336,3,-34,0,-29,-6,531,9352,1373,25,0,12590,1518,1527,1657,1626,-204,-22,-280,-30,-229,17,204,-22,113,-48,-33,151
23726,-1595,-178,103,75,609,-1726,-2627,1641,-6,5,0,-32,0,531,9352,1362,0,0,13897,1483,1505,1665,1638,-136,-152,-186,-207,-141,-58,255,-41,106,-46,-29,151
23776,-1898,-22,-3,93,1262,-3435,-4580,2252,88,-18,0,-17,-3,530,9316,1353,-22,0,12494,1575,1569,1702,1704,-137,-153,-185,-207,-126,-233,244,-11,-3,-43,-25,155
23826,-1831,-758,226,-138,781,1386,-308,1031,119,-7,0,-5,6,530,9316,1340,-72,0,17425,1616,1584,1767,1741,-182,-248,-244,-332,-221,-363,255,-33,9,-41,-21,153
23876,-1270,-642,39,-134,1432,10724,1644,1885,120,-83,0,2,-5,531,9352,1355,49,0,9350,1424,1396,1613,1599,-184,-373,-249,-506,-243,-563,244,-82,-151,-37,-15,156
23926,-453,-384,7,-2,1056,9198,7870,115,174,-131,0,26,-18,532,9387,1349,-15,0,16788,1514,1520,1658,1646,-223,-349,-301,-472,-348,-532,244,-200,-233,-36,-12,156
23976,498,310,-75,107,957,9992,3781,1580,218,-165,0,49,-36,531,9352,1363,-9,0,13243,1556,1518,1703,1687,-233,-434,-318,-591,-317,-686,244,-229,-345,-35,-9,155
24026,1306,544,52,-132,979,14142,7931,177,178,-143,0,60,-38,531,9352,1350,-23,0,15599,1525,1497,1694,1669,-158,-440,-213,-594,-327,-663,244,-283,-359,-35,-6,157
24076,2028,690,-106,-16,1326,11212,9274,1031,191,-176,0,73,-45,531,9352,1354,24,0,11934,1427,1482,1653,1638,-229,-456,-310,-617,-414,-727,224,-197,-417,-34,-4,159
24126,1925,408,113,-149,1072,12555,9823,-311,183,-119,0,72,-32,531,9352,1351,2,0,15322,1549,1559,1684,1659,-269,-558,-363,-754,-425,-736,244,-222,-429,-32,0,157
24176,2215,926,-137,7,1036,12189,6039,-67,191,-105,0,76,-34,531,9352,1354,-12,0,13917,1538,1514,1662,1655,-323,-624,-438,-845,-366,-935,255,-202,-470,-30,4,156
24226,2192,361,107,-204,1004,15424,8297,1092,202,-133,0,82,-34,529,9281,1333,-30,0,14318,1570,1571,1717,1683,-167,-654,-223,-872,-318,-898,255,-242,-502,-29,9,159
24276,2798,602,64,-89,1382,18231,10983,1397,279,-137,0,105,-38,531,9352,1360,-10,0,15135,1490,1472,1658,1615,-243,-582,-331,-792,-404,-973,255,-213,-572,-28,12,160
24326,3452,837,-36,6,1080,27448,12387,1336,264,-146,0,111,-42,530,9316,1363,38,0,12663,1473,1485,1619,1594,-211,-672,-288,-917,-394,-1063,244,-281,-675,-28,14,159
24376,4510,1085,6,175,874,19696,5062,2862,264,-130,0,127,-45,531,9352,1368,37,0,13347,1526,1496,1636,1640,-111,-616,-152,-843,-242,-928,255,-255,-664,-29,16,157
24426,4655,801,91,18,763,21222,6405,2557,225,-152,0,125,-46,531,9352,1377,13,0,15247,1598,1584,1700,1706,-136,-608,-187,-837,-234,-936,255,-285,-684,-30,18,156
24476,4694,955,67,-27,1125,16583,6222,1885,245,-161,0,131,-49,531,9352,1382,21,0,10621,1565,1504,1675,1650,-51,-520,-70,-719,-239,-930,244,-255,-720,-33,18,156
24526,5215,1287,61,56,904,18659,11044,3350,201,-77,0,130,-38,531,9352,1379,0,0,15513,1566,1479,1698,1656,-50,-437,-68,-603,-211,-805,244,-215,-651,-35,18,154
24576,4896,1282,163,-90,626,16156,1034,2923,183,-26,0,125,-33,530,9316,1374,-38,0,15008,1556,1533,1691,1688,23,-408,32,-561,0,-704,255,-177,-668,-39,17,152
24626,5132,1593,-89,81,937,16156,-2322,-494,203,16,0,128,-23,532,9387,1383,-17,0,13605,1525,1454,1643,1607,43,-357,59,-494,68,-628,244,-109,-626,-41,15,152
24676,4762,930,187,5,689,13898,-4580,909,124,6,0,108,-21,531,9352,1390,59,0,9706,1548,1464,1624,1630,62,-331,87,-461,92,-589,255,-129,-570,-44,13,146
24726,5425,721,-76,295,1154,7184,-6045,1702,71,-14,0,105,-14,531,9352,1377,11,0,14044,1537,1492,1655,1630,31,-344,43,-474,94,-507,255,-42,-512,-45,11,150
24776,4499,401,14,80,1004,-3679,-1162,2252,64,23,0,91,-2,531,9352,1382,-22,0,15242,1513,1517,1657,1637,111,-271,153,-374,117,-255,255,1,-406,-47,10,148
24826,3700,291,135,-89,1114,3766,-4153,238,44,37,0,76,0,531,9352,1391,0,0,13501,1528,1469,1591,1613,88,-147,123,-204,195,-263,244,-27,-376,-49,8,145
24876,3118,-150,-172,100,817,-200,-7571,1214,145,-35,0,82,0,531,9352,1385,-19,0,14534,1569,1578,1699,1691,209,-96,290,-133,272,-161,255,44,-339,-53,5,150
24926,2497,-418,12,42,1014,4620,-1773,1763,111,20,0,65,11,531,9352,1376,-14,0,14322,1535,1469,1656,1635,101,-36,139,-50,118,-108,255,39,-262,-55,3,147
24976,1990,-847,-110,-8,1103,1508,-3359,1397,83,-32,0,52,10,531,9352,1394,27,0,11915,1525,1522,1637,1637,267,0,372,-1,354,-59,255,164,-191,-58,0,145
25026,1728,-1260,-127,168,850,-6060,-7022,1885,18,61,0,31,37,530,9316,1391,36,0,13752,1529,1493,1645,1637,205,137,285,190,352,154,255,216,-72,-59,-2,149
25076,1772,-1350,117,142,991,-6365,-10012,4571,-62,125,0,16,45,530,9316,1371,-46,0,16238,1568,1564,1647,1675,271,155,371,213,462,300,244,243,-1,-62,-5,151
25126,1148,-2101,29,8,715,-9905,-14346,299,-71,64,0,6,48,530,9316,1373,-41,0,13665,1615,1543,1698,1680,379,314,520,431,549,355,255,293,71,-64,-8,145
25176,513,-2221,-99,216,1048,-6182,-5801,1092,-96,128,0,-13,66,531,9352,1380,35,0,11080,1494,1448,1626,1587,326,255,451,352,450,484,255,318,202,-65,-10,152
25226,491,-1880,-7,-28,918,-12285,-10012,3411,-197,137,0,-29,60,531,9352,1370,-30,0,16302,1567,1542,1653,1662,310,329,425,451,535,535,255,308,209,-65,-12,154
25276,293,-1950,-89,209,1025,-14116,-12698,3839,-182,137,0,-34,62,530,9316,1358,-75,0,15873,1637,1611,1741,1714,327,391,444,531,475,653,255,369,329,-67,-16,156
25326,-362,-1567,-152,79,1178,-14727,-7876,1458,-222,191,0,-51,68,532,9387,1367,-6,0,12665,1532,1567,1678,1682,302,348,412,476,494,708,255,327,299,-68,-18,155
25376,-472,-1871,-121,-57,1000,-17351,-12576,2557,-192,162,0,-44,67,530,9316,1373,25,0,12072,1527,1484,1613,1611,284,479,390,657,519,656,255,343,388,-69,-23,157
25426,-1026,-2004,105,-9,1135,-11065,-13247,3961,-249,156,0,-67,63,531,9352,1369,14,0,16599,1498,1482,1624,1636,317,472,434,646,543,772,255,279,433,-70,-26,156
25476,-1572,-2551,-43,-89,653,-22783,-9768,238,-260,42,0,-75,54,530,9316,1369,3,0,13484,1555,1607,1681,1700,315,570,432,780,375,896,255,225,412,-74,-30,152
25526,-2352,-2653,9,-70,1006,-16741,-5740,1153,-195,1,0,-78,46,531,9352,1358,-23,0,13745,1581,1457,1658,1633,279,651,379,884,331,740,255,270,511,-76,-35,153
25576,-2641,-2501,1,172,1293,-12346,-2871,2923,-223,92,0,-93,62,532,9387,1364,47,0,10204,1451,1427,1596,1589,303,356,414,486,397,669,255,318,573,-77,-37,153
25626,-2341,-2724,-45,1,536,-22966,-9524,2130,-286,84,0,-97,66,530,9316,1381,20,0,13323,1530,1556,1634,1650,219,494,303,683,399,935,255,319,548,-76,-38,152
25676,-2863,-3800,29,43,966,-26079,-9890,2252,-247,-3,0,-99,65,530,9316,1382,-26,0,16784,1552,1575,1665,1680,175,545,242,754,240,858,255,270,550,-76,-42,153
25726,-3376,-3747,-93,71,1142,-19304,485,1092,-203,-45,0,-100,59,530,9316,1381,8,0,12242,1538,1501,1654,1621,141,579,194,800,67,812,255,310,613,-75,-44,152
25776,-3256,-2730,-20,151,807,-11614,6222,2313,-319,80,0,-124,65,530,9316,1370,-32,0,15128,1635,1602,1730,1695,51,338,70,463,39,729,255,273,635,-72,-42,152
25826,-2707,-2564,47,85,889,-22356,-2505,2435,-320,46,0,-112,53,531,9352,1361,10,0,12197,1513,1511,1642,1641,8,504,11,686,25,843,255,237,619,-70,-42,149
25876,-3324,-2341,-230,110,992,-16436,485,360,-269,39,0,-113,54,531,9352,1384,59,0,10844,1553,1492,1661,1619,55,387,76,536,0,703,255,239,659,-67,-42,149
25926,-2991,-1689,-12,209,1061,-15276,4574,2435,-334,104,0,-122,51,531,9352,1374,60,0,13008,1500,1500,1632,1600,7,319,10,439,-39,598,255,213,625,-64,-40,153
25976,-3108,-1163,134,96,1076,-17046,-5252,3106,-281,121,0,-112,42,530,9316,1391,35,0,13088,1551,1556,1624,1656,-20,446,-28,621,51,674,255,90,577,-63,-40,154
26026,-3359,-877,122,-181,953,-13384,-8181,360,-249,32,0,-104,18,530,9316,1402,79,0,10864,1522,1428,1601,1597,-54,453,-75,635,19,542,255,19,555,-61,-40,152
26076,-2734,-829,-132,-20,935,-12102,363,2191,-251,-11,0,-97,15,531,9352,1384,17,0,13851,1587,1580,1688,1659,22,276,31,383,-29,459,255,56,439,-60,-39,150
26126,-2526,-497,-69,6,813,-15215,1583,1397,-155,53,0,-74,21,532,9387,1400,30,0,12317,1480,1473,1621,1613,-76,264,-107,370,-94,524,255,54,394,-59,-38,150
26176,-2996,-524,52,-31,662,-9234,57,1275,-122,47,0,-76,17,531,9352,1408,9,0,12269,1538,1504,1639,1640,-128,107,-180,150,-67,244,255,-4,345,-56,-35,148
26226,-3021,-1366,5,134,1081,-933,1644,1947,-47,-91,0,-65,6,531,9352,1397,-38,0,17129,1548,1557,1665,1643,-87,-35,-122,-49,-167,0,255,-29,285,-55,-32,150
26276,-2825,-1208,-98,70,1063,958,10067,-6,16,-109,0,-48,2,532,9387,1367,-47,0,15121,1579,1525,1666,1633,-250,-21,-341,-29,-473,-189,255,-79,203,-52,-27,153
26326,-1938,-406,-98,-50,1263,9992,9823,848,-6,-71,0,-35,-4,531,9352,1374,-9,0,12534,1520,1483,1633,1600,-243,-159,-334,-218,-422,-303,255,-98,154,-49,-24,155
26376,-1621,-388,4,-130,758,1813,8175,-494,-34,-100,0,-32,-12,530,9316,1378,-1,0,13016,1552,1605,1690,1663,-252,-138,-348,-190,-447,-146,255,-165,32,-46,-19,157
26426,-1614,199,74,12,1127,4926,12081,1885,103,-84,0,-8,-20,530,9316,1372,-1,0,12798,1606,1522,1697,1658,-345,-139,-474,-191,-587,-380,244,-186,15,-43,-17,155
26476,-915,351,-31,2,994,10541,6405,2252,68,-100,0,-3,-25,530,9316,1362,-36,0,14782,1602,1555,1722,1718,-337,-303,-459,-413,-453,-470,214,-224,-28,-39,-12,155
26526,-749,16,194,-5,1042,12860,8358,1641,115,-158,0,8,-35,531,9352,1360,-32,0,14195,1515,1489,1673,1624,-251,-290,-341,-394,-473,-464,255,-240,-105,-37,-8,156
26576,-220,576,-131,71,1351,14813,10678,-1165,109,-123,0,15,-31,530,9316,1345,3,0,12000,1452,1378,1585,1543,-366,-403,-493,-543,-559,-646,234,-195,-130,-35,-4,159
26626,32,344,104,120,1203,15302,8541,54,123,-156,0,21,-38,530,9316,1338,-76,0,15492,1619,1602,1694,1713,-359,-415,-480,-555,-461,-629,244,-296,-216,-33,0,154
26676,298,470,-71,97,1261,15302,7199,-1470,208,-201,0,44,-46,530,9316,1344,10,0,11732,1520,1430,1668,1626,-316,-441,-425,-593,-539,-716,214,-298,-283,-31,4,156
26726,734,320,186,86,1124,22138,15988,-372,238,-237,0,57,-55,531,9352,1346,-23,0,14924,1475,1488,1647,1619,-336,-609,-452,-820,-606,-866,234,-372,-408,-30,9,157
26776,1111,1093,-51,-78,1131,24152,14706,-494,322,-211,0,83,-59,531,9352,1372,40,0,10855,1513,1460,1658,1604,-311,-547,-426,-750,-582,-912,255,-349,-507,-29,13,160
26826,2016,1123,117,-79,853,22870,14645,-2447,297,-203,0,95,-62,531,9352,1345,-12,0,15986,1550,1552,1679,1653,-297,-611,-399,-822,-535,-918,255,-391,-584,-29,15,161
26876,2082,1060,-61,-135,991,22748,14218,-1226,358,-264,0,109,-69,531,9352,1350,-2,0,12773,1521,1505,1676,1627,-191,-538,-259,-727,-493,-918,244,-372,-647,-30,16,162
26926,2833,1374,35,8,1112,22138,16354,-1837,339,-199,0,116,-63,531,9352,1353,31,0,14058,1471,1431,1601,1585,-254,-548,-344,-741,-485,-920,244,-388,-658,-30,17,159
26976,3071,1559,26,0,1210,20429,13424,482,358,-204,0,124,-68,531,9352,1362,19,0,14243,1526,1523,1636,1634,-6,-232,-8,-316,-245,-641,255,-333,-673,-34,14,153
27026,3457,1658,-74,29,1175,18903,11715,-1104,289,-114,0,117,-50,531,9352,1358,45,0,13732,1514,1441,1639,1595,-93,-467,-127,-635,-264,-826,214,-279,-634,-36,14,160
27076,3662,988,260,-137,957,10236,11044,360,269,-123,0,121,-46,530,9316,1356,-11,0,15563,1517,1581,1674,1661,-7,-349,-9,-473,-126,-547,255,-244,-659,-39,12,156
27126,3577,1120,0,-122,954,14264,6649,-1104,260,-74,0,117,-34,531,9352,1357,-65,0,17208,1601,1481,1683,1644,22,-289,30,-392,-77,-682,255,-162,-595,-42,9,153
27176,3569,1457,-142,279,1434,11273,3720,543,273,25,0,113,-18,531,9352,1347,-24,0,13886,1522,1528,1695,1667,103,-263,139,-354,84,-430,255,-94,-572,-45,7,153
27226,3704,1273,35,-196,1292,13104,-2810,-860,219,89,0,111,-5,530,9316,1341,-78,0,17433,1592,1536,1683,1668,39,-329,53,-441,160,-548,255,-36,-551,-47,6,152
27276,3923,1065,-99,119,1027,10419,-7876,-2447,178,77,0,102,-2,531,9352,1342,-4,0,12345,1504,1544,1668,1649,223,-294,299,-395,378,-370,255,17,-560,-51,3,153
27326,3745,188,-84,236,1102,6513,-8425,-1409,177,103,0,97,18,531,9352,1334,2,0,13538,1536,1457,1648,1594,244,-216,326,-288,350,-427,244,120,-415,-54,2,151
27376,3328,199,-50,65,764,9320,-11843,115,111,155,0,79,27,530,9316,1344,-20,0,13852,1542,1537,1690,1674,373,-197,501,-265,617,-221,255,247,-350,-57,0,150
27426,2839,-1075,-50,90,1082,-3496,-18984,-1348,75,232,0,64,64,531,9352,1346,21,0,14734,1523,1479,1664,1645,385,-134,519,-181,704,-161,255,375,-252,-59,-1,155
27476,2382,-1691,-76,119,771,-2214,-23623,-1226,24,206,0,44,71,531,9352,1335,47,0,10614,1449,1464,1575,1599,419,-73,559,-98,791,0,255,409,-184,-61,-2,150
27526,1775,-3326,-11,16,1181,-7769,-24417,1336,5,145,0,33,86,531,9352,1348,6,0,14966,1522,1522,1654,1647,441,0,594,0,780,120,244,496,-123,-63,-3,145
27576,1007,-4643,-27,-56,827,-12407,-18984,-1104,-5,117,0,19,105,532,9387,1352,-20,0,15716,1619,1592,1722,1741,446,113,604,152,755,161,255,500,35,-64,-6,153
27626,853,-4443,-13,122,851,-1543,-18069,-494,-43,97,0,3,97,531,9352,1338,-3,0,13436,1524,1496,1647,1652,493,161,660,216,813,282,255,491,17,-66,-8,147
27676,674,-4319,33,-112,755,-5938,-15444,-494,-44,124,0,6,99,531,9352,1329,-42,0,14396,1597,1595,1714,1713,463,193,615,257,757,291,255,509,11,-67,-10,150
27726,384,-4246,-29,105,957,-2092,-15567,-1409,-35,99,0,-2,94,530,9316,1338,17,0,11523,1496,1475,1623,1634,476,115,637,154,761,162,255,478,51,-69,-12,150
27776,335,-4557,221,36,597,-1665,-13186,-250,-24,118,0,0,96,531,9352,1340,34,0,12785,1500,1458,1635,1633,489,208,655,279,721,254,255,512,132,-71,-14,149
27826,-262,-4913,-145,78,1262,-4107,-15200,1336,-73,102,0,-20,109,531,9352,1336,1,0,14346,1541,1519,1665,1679,466,271,622,362,707,357,255,557,189,-71,-15,154
27876,-654,-4998,-108,128,1126,-11675,-17581,-677,-104,102,0,-33,110,530,9316,1347,7,0,14881,1468,1486,1628,1651,410,372,553,501,670,495,255,497,268,-72,-18,157
27926,-859,-4383,135,-16,950,-8379,-14163,-372,-136,121,0,-41,98,530,9316,1345,42,0,12509,1500,1513,1631,1651,393,265,529,357,673,502,255,455,214,-72,-20,154
27976,-654,-4310,85,-46,773,-8135,-11416,-6,-116,78,0,-33,89,530,9316,1337,11,0,13670,1522,1505,1633,1654,277,258,371,345,495,495,255,346,185,-72,-22,150
28026,-1188,-4271,12,-37,1071,-7158,-6472,665,-70,-11,0,-33,72,531,9352,1344,-1,0,13269,1516,1532,1639,1662,268,297,360,400,366,434,255,329,230,-73,-24,152
28076,-1700,-3735,95,-47,1319,-3740,-491,-128,-26,55,0,-34,76,530,9316,1339,-19,0,14431,1549,1467,1658,1632,173,342,232,458,187,408,255,359,310,-72,-27,152
28126,-1756,-2932,-73,156,1145,-3008,-2688,-982,-111,111,0,-56,75,531,9352,1346,2,0,14346,1487,1460,1629,1647,113,385,152,518,204,438,255,321,361,-70,-29,154
28176,-1506,-2724,12,55,761,-6060,-8303,-2142,-195,103,0,-66,68,531,9352,1324,-17,0,14288,1526,1544,1658,1679,149,419,197,555,223,593,255,266,388,-68,-30,154
28226,-1618,-2858,-157,62,1026,-13628,-3054,-2264,-213,47,0,-71,63,531,9352,1335,8,0,13713,1492,1443,1626,1602,105,456,140,609,77,610,255,269,428,-67,-32,154
28276,-1600,-2372,-196,108,1077,-16985,3781,-67,-247,85,0,-78,63,531,9352,1325,-53,0,14940,1599,1617,1725,1717,79,511,105,678,-8,753,255,274,517,-64,-35,153
28326,-2278,-2364,252,-70,1119,-15337,2804,-555,-307,104,0,-99,58,530,9316,1325,-41,0,13255,1544,1515,1687,1695,19,489,25,648,-25,768,255,191,540,-63,-36,154
28376,-2596,-1967,0,-190,1150,-16924,3048,-250,-222,48,0,-85,45,530,9316,1343,7,0,14051,1511,1500,1676,1652,-51,465,-69,624,-94,660,255,139,466,-60,-38,152
28426,-2321,-1505,61,-9,955,-11858,3048,-616,-228,20,0,-85,29,530,9316,1328,-18,0,13829,1546,1548,1672,1698,-119,398,-158,529,-160,642,255,10,465,-57,-39,154
28476,-2065,-1051,-7,8,971,-17046,2865,-2264,-222,-55,0,-79,7,531,9352,1337,52,0,10958,1501,1483,1636,1622,-180,409,-240,547,-249,618,255,-39,423,-55,-40,154
28526,-2208,-878,59,50,848,-17046,7504,726,-230,-13,0,-85,12,531,9352,1340,-2,0,15027,1522,1498,1658,1622,-140,396,-188,530,-263,629,255,8,498,-53,-41,151
28576,-2731,-424,19,98,1116,-9478,5307,1092,-234,24,0,-96,12,531,9352,1351,44,0,12176,1514,1487,1635,1629,-216,302,-293,408,-261,540,255,-30,524,-49,-40,153
28626,-2642,85,-208,195,1107,-14727,-1712,1641,-224,20,0,-94,6,531,9352,1346,30,0,13633,1456,1441,1580,1582,-235,408,-317,550,-238,630,255,-54,488,-47,-40,155
28676,-3155,68,-80,166,1329,-16924,-1467,2984,-175,21,0,-92,4,530,9316,1352,15,0,13709,1536,1533,1639,1659,-200,413,-270,559,-254,655,255,-59,475,-42,-40,154
28726,-3223,-363,-96,114,947,-15276,-491,2740,-175,-18,0,-93,4,531,9352,1344,-14,0,13052,1622,1558,1696,1689,-285,351,-383,472,-347,482,255,-61,494,-39,-40,156
28776,-3148,-702,68,45,1030,-9722,5001,1092,-189,-68,0,-94,-2,530,9316,1345,33,0,12806,1454,1456,1616,1575,-428,212,-575,285,-536,468,255,-182,462,-34,-37,155
28826,-3311,-102,-129,27,942,-15215,6405,1397,-97,-159,0,-77,-26,531,9352,1335,19,0,11784,1509,1573,1621,1638,-464,140,-620,186,-615,430,255,-270,362,-30,-35,158
28876,-3086,209,-79,68,628,-10759,9762,3717,-57,-226,0,-67,-45,531,9352,1342,25,0,13123,1573,1508,1660,1641,-417,116,-560,156,-712,203,244,-408,265,-27,-33,156
28926,-2181,1017,-83,183,1162,-6060,18551,1519,-47,-233,0,-51,-61,530,9316,1323,-26,0,13878,1551,1526,1686,1653,-466,142,-616,188,-826,147,244,-426,238,-26,-33,160
28976,-1489,1652,63,69,731,-2031,22213,-6,-76,-188,0,-43,-67,532,9387,1325,-66,0,14949,1565,1530,1700,1660,-494,30,-654,40,-822,25,255,-484,176,-23,-31,152
29026,-1291,2308,-84,6,1023,5231,20809,-372,-37,-229,0,-31,-83,531,9352,1320,-41,0,13621,1560,1576,1710,1668,-486,-156,-641,-206,-896,-160,255,-553,78,-22,-28,159
29076,-726,2562,92,346,1321,2484,22946,-189,13,-214,0,-15,-87,529,9281,1320,-16,0,14723,1542,1497,1679,1636,-481,-82,-635,-108,-900,-238,234,-545,70,-21,-26,157
29126,-435,3302,-304,-100,1073,10785,19406,2008,-8,-178,0,-8,-87,531,9352,1314,26,0,11405,1493,1443,1655,1599,-428,-182,-562,-239,-799,-314,234,-517,-8,-20,-23,160
29176,123,3035,6,186,1393,4987,13363,726,16,-114,0,2,-75,530,9316,1333,17,0,14206,1441,1467,1606,1591,-393,-199,-524,-266,-588,-193,234,-477,-34,-19,-19,153
29226,-286,2600,39,-12,1195,1813,8236,-616,63,-183,0,7,-82,531,9352,1316,1,0,14464,1555,1571,1663,1660,-401,-309,-528,-407,-539,-325,255,-518,-112,-19,-15,155
29276,167,2722,-42,-70,761,4254,11044,-860,106,-218,0,25,-90,531,9352,1320,-10,0,14074,1559,1521,1682,1653,-305,-336,-403,-444,-559,-449,244,-505,-239,-19,-12,159
29326,660,2840,179,296,1294,2850,14279,-1715,148,-161,0,36,-84,531,9352,1292,-79,0,16401,1638,1591,1739,1711,-118,-141,-153,-182,-297,-364,224,-473,-229,-21,-12,161
29376,937,2815,-19,-45,888,15912,4879,-860,146,-170,0,45,-83,530,9316,1294,-9,0,12780,1531,1477,1666,1659,-248,-492,-321,-637,-346,-831,173,-435,-345,-23,-7,157
29426,1493,2564,-114,36,1012,12372,4513,-6,171,-94,0,59,-61,530,9316,1283,2,0,13700,1513,1482,1642,1605,-171,-528,-220,-678,-238,-759,183,-337,-328,-24,-3,155
29476,2208,2059,24,-61,933,12921,1217,1885,99,-83,0,59,-53,531,9352,1290,-8,0,14165,1543,1528,1646,1661,-25,-407,-33,-526,-19,-635,244,-235,-374,-26,0,151
29526,1909,884,-81,-151,742,5841,-3298,-1165,137,-69,0,65,-27,530,9316,1295,29,0,13965,1520,1492,1659,1626,-47,-556,-62,-720,0,-761,234,-115,-390,-27,2,152
29576,1967,657,-2,106,1059,13104,-2566,1153,179,20,0,67,-7,531,9352,1278,-17,0,14716,1580,1519,1676,1669,-37,-536,-48,-685,33,-753,244,-60,-371,-27,7,150
29626,2550,135,162,95,1097,15546,-10379,2008,138,3,0,70,-5,531,9352,1291,0,0,15832,1557,1490,1680,1691,-29,-583,-38,-753,135,-878,244,-38,-426,-27,10,150
29676,2688,-640,-132,251,1299,12006,-7754,-1043,180,-57,0,79,1,531,9352,1268,-6,0,13127,1574,1535,1660,1680,-17,-530,-22,-673,106,-810,173,0,-406,-28,14,153
29726,2581,-483,-95,155,1119,14508,-5984,-1959,194,-27,0,80,4,530,9316,1276,34,0,11977,1488,1461,1633,1637,14,-528,18,-674,132,-696,244,-27,-476,-28,16,152
29776,2270,-1053,-81,-205,728,10480,-10134,-1043,241,-110,0,93,-1,530,9316,1276,8,0,13626,1556,1559,1664,1712,43,-475,55,-606,197,-869,214,-38,-554,-30,18,155
29826,2039,-1726,-16,-191,1006,20917,-8059,-982,335,-125,0,105,5,531,9352,1275,5,0,12720,1541,1461,1658,1647,124,-651,158,-830,204,-1083,234,32,-576,-32,19,156
29876,2339,-1802,-88,102,926,23908,-3543,-555,323,-101,0,101,13,531,9352,1263,-8,0,13143,1534,1502,1683,1671,30,-603,38,-762,86,-974,244,62,-543,-31,22,152
29926,3175,-1355,-2,112,790,20490,-5068,-128,245,-35,0,102,16,532,9387,1295,18,0,13883,1515,1494,1652,1665,92,-629,120,-815,182,-902,255,62,-556,-32,25,152
29976,3602,-1649,-11,-137,981,17560,-7998,-311,195,-59,0,104,17,530,9316,1264,-23,0,15739,1518,1499,1643,1668,135,-572,171,-723,268,-875,255,80,-592,-33,26,156
30026,4167,-1688,-106,-64,950,15363,-3421,-1470,196,-34,0,113,25,531,9352,1278,-32,0,15903,1644,1607,1731,1740,107,-529,137,-676,187,-792,255,114,-601,-34,27,158
30076,4042,-1387,125,-3,690,17804,-4885,-2081,201,-5,0,110,19,530,9316,1268,10,0,11698,1487,1442,1594,1638,144,-472,183,-598,227,-750,255,88,-616,-35,27,153
30126,4073,-1757,160,99,695,15363,-7083,1947,228,-7,0,114,24,531,9352,1267,7,0,13937,1545,1448,1612,1634,192,-415,244,-526,254,-763,255,102,-567,-36,27,152
30176,4011,-1798,-74,116,1006,15424,-3482,2435,169,-8,0,101,31,531,9352,1286,1,0,13263,1589,1542,1671,1683,150,-381,193,-490,188,-581,255,193,-473,-37,26,154
30226,4072,-1551,-85,101,1188,4804,-2932,2801,60,88,0,82,46,530,9316,1273,-32,0,14478,1562,1526,1645,1647,174,-286,222,-365,230,-366,255,242,-390,-38,26,153
30276,3728,-765,83,-18,994,5109,-6045,1763,26,179,0,71,47,532,9387,1274,-4,0,13463,1525,1473,1615,1625,161,-242,205,-309,374,-204,255,199,-345,-37,24,150
30326,3659,-1026,241,158,868,5902,-11111,2984,55,142,0,72,40,531,9352,1281,-11,0,14237,1603,1552,1644,1682,212,-98,271,-126,393,-128,255,150,-330,-38,23,153
30376,2805,-1763,-9,-116,864,5048,-8486,1153,96,0,0,71,30,531,9352,1263,-58,0,14951,1629,1563,1701,1725,216,-8,273,-11,255,-178,255,119,-308,-41,19,148
30426,2026,-1513,-118,-272,818,4010,1522,1397,115,14,0,65,32,531,9352,1260,-64,0,15987,1673,1622,1771,1749,153,60,192,75,86,-43,255,173,-270,-41,16,148
30476,2342,-1119,2,158,1116,9015,-3421,3228,31,107,0,44,41,531,9352,1257,2,0,13796,1547,1437,1607,1645,209,136,263,171,321,68,255,159,-65,-41,12,145
30526,2695,-1169,-23,41,1020,-505,-8303,1947,-125,97,0,22,40,530,9316,1271,12,0,12717,1534,1498,1631,1648,275,174,350,221,410,324,255,190,-20,-42,10,149
30576,1647,-1333,67,-37,1085,-12285,-5435,-555,-129,115,0,5,45,531,9352,1256,-29,0,14450,1579,1560,1681,1685,189,390,237,489,289,664,255,206,101,-43,4,151
30626,911,-2047,52,-117,1320,-13140,-3787,482,-174,35,0,-15,42,531,9352,1237,-56,0,17920,1564,1539,1648,1678,155,386,192,478,256,667,255,161,165,-43,0,151
30676,-95,-1859,12,-2,1295,-9966,-2322,421,-140,0,0,-28,32,530,9316,1232,-3,0,12854,1604,1522,1644,1658,119,598,147,737,84,703,255,128,346,-44,-4,146
30726,-10,-1324,-216,-11,955,-13018,57,-2203,-311,35,0,-61,35,531,9352,1251,75,0,9854,1533,1504,1620,1635,45,462,57,578,59,760,255,137,392,-43,-6,146
30776,-884,-1718,287,-119,970,-29985,57,1519,-290,16,0,-68,27,531,9352,1252,-2,0,15643,1479,1543,1623,1643,-20,568,-25,711,17,1173,255,60,433,-42,-10,150
30826,-2557,-1424,-7,-86,816,-21990,4635,543,-190,-58,0,-79,14,531,9352,1242,-68,0,17603,1701,1678,1761,1787,39,554,48,688,8,909,255,13,455,-42,-13,148
30876,-3550,-1528,-7,-304,1109,-6792,9152,-1104,-82,-93,0,-73,9,532,9387,1242,26,0,12115,1511,1474,1662,1642,102,733,126,910,-102,827,255,35,458,-44,-19,153
30926,-2858,-482,-163,144,1136,-9905,8480,-433,-208,54,0,-94,23,530,9316,1243,65,0,12244,1479,1417,1564,1567,42,640,52,796,-34,809,255,86,585,-44,-22,150
30976,-2494,-389,120,25,732,-22295,-1895,-1165,-328,73,0,-108,18,531,9352,1248,14,0,13735,1539,1564,1620,1673,4,637,5,795,85,1190,234,50,642,-43,-25,149
31026,-3143,-589,188,129,861,-29192,-5862,-67,-314,64,0,-119,18,532,9387,1257,16,0,14956,1634,1580,1698,1701,39,866,50,1088,79,1271,244,45,706,-43,-28,151
31076,-3670,-355,-241,-8,1226,-21380,-4275,1397,-313,30,0,-126,16,531,9352,1256,88,0,10402,1516,1466,1617,1634,-5,834,-6,1047,25,1099,255,61,758,-43,-31,153
31126,-3549,-416,-207,64,943,-19365,-3543,360,-364,63,0,-135,24,530,9316,1255,62,0,10869,1483,1471,1552,1572,-7,537,-8,674,76,937,255,82,729,-42,-32,149
31176,-4160,-135,-204,-50,541,-29436,-4824,1458,-318,59,0,-133,21,530,9316,1253,-14,0,15572,1585,1564,1694,1665,-25,800,-31,1003,42,1285,255,56,785,-40,-35,156
31226,-4595,-619,-155,-2,1197,-21746,-4641,543,-317,50,0,-143,23,530,9316,1254,-1,0,11966,1529,1541,1624,1676,-88,616,-110,772,51,1031,255,82,777,-38,-36,154
31276,-5318,-1316,211,4,1049,-18511,-4580,-738,-266,9,0,-146,20,530,9316,1253,9,0,11997,1580,1529,1628,1662,-43,514,-54,644,9,871,234,-9,713,-36,-35,149
31326,-5428,-1610,352,-82,1033,-10454,1217,1275,-137,-90,0,-121,3,531,9352,1257,-21,0,16331,1580,1532,1679,1677,55,699,69,879,-44,871,214,-42,639,-37,-36,154
31376,-4808,-950,-64,-63,910,-1787,9518,1580,-168,-107,0,-117,-2,531,9352,1271,76,0,10538,1459,1423,1595,1584,-43,606,-54,770,-278,599,234,-79,592,-37,-39,155
31426,-3757,569,-133,-92,720,-12346,8053,1092,-258,-1,0,-114,-6,531,9352,1262,-10,0,14578,1608,1569,1679,1689,-135,508,-170,642,-224,673,224,-72,595,-37,-40,157
31476,-2821,1143,-101,72,976,-18877,6039,-799,-345,67,0,-119,-4,530,9316,1271,-20,0,13918,1533,1533,1684,1666,-64,457,-81,581,-94,914,255,-63,591,-36,-40,154
31526,-3180,790,72,-12,1105,-23394,4330,-1104,-294,42,0,-113,-6,530,9316,1253,-19,0,14058,1497,1505,1616,1639,-193,258,-242,324,-228,643,244,-131,547,-36,-39,158
31576,-3620,879,-28,-30,1042,-13384,6405,787,-170,-24,0,-96,-19,531,9352,1257,-41,0,14735,1579,1539,1683,1677,-67,375,-84,471,-242,484,234,-138,441,-37,-38,156
31626,-3297,1362,-217,-47,832,-10149,6649,-2081,-155,64,0,-87,-5,530,9316,1261,15,0,12306,1532,1497,1664,1632,-142,206,-179,259,-257,337,224,-58,447,-36,-37,157
31676,-3059,1072,99,169,944,-15764,2316,-1837,-173,88,0,-91,-3,529,9281,1256,10,0,12298,1539,1523,1644,1667,-91,155,-115,195,-67,370,244,-77,402,-35,-33,153
31726,-3348,755,21,80,1024,-11797,-1895,360,-76,60,0,-75,-2,530,9316,1270,20,0,13438,1517,1464,1667,1640,-49,164,-62,208,-86,260,255,-31,367,-35,-31,149
31776,-3273,153,12,101,900,-8623,-186,1641,-46,77,0,-69,8,530,9316,1264,-25,0,14614,1550,1514,1671,1663,-67,-5,-84,-7,-60,-8,234,19,330,-34,-27,144
31826,-2990,131,-26,114,1106,1203,424,-1715,-23,40,0,-60,6,530,9316,1252,-32,0,13138,1538,1551,1667,1666,-83,-181,-104,-227,-84,-84,244,-40,197,-33,-23,152
31876,-2325,305,-17,-32,752,5475,1705,-311,40,9,0,-32,-2,531,9352,1241,-56,0,15803,1595,1542,1696,1677,-135,-257,-167,-319,-119,-366,234,-46,18,-31,-18,152
31926,-1379,246,148,119,1433,11090,2194,-1470,103,0,0,-6,-6,531,9352,1244,-16,0,14200,1534,1483,1637,1657,-143,-260,-178,-324,-134,-476,234,-134,-46,-31,-15,157
31976,-1179,214,196,-242,1067,16339,424,1275,149,-78,0,12,-23,530,9316,1239,-18,0,13917,1496,1466,1632,1612,-51,-405,-63,-502,-144,-605,244,-73,-209,-31,-10,157
32026,-935,-134,-114,220,1130,15607,5551,-494,236,-33,0,25,-1,532,9387,1238,-43,0,16514,1596,1533,1700,1686,-100,-447,-123,-553,-183,-841,234,-52,-202,-30,-7,158
32076,212,-10,60,174,1001,24152,57,-738,184,-31,0,35,-7,530,9316,1230,-1,0,13337,1520,1439,1645,1664,-86,-681,-106,-837,-119,-1009,255,-60,-340,-30,-1,151
32126,1487,-196,22,51,1203,21466,3109,-738,216,-20,0,67,0,531,9352,1230,1,0,14872,1563,1467,1659,1646,-47,-570,-58,-702,-87,-968,234,-70,-430,-30,1,148
32176,1678,-308,127,-104,971,24091,5307,-1898,228,-83,0,75,-13,530,9316,1229,9,0,14143,1536,1505,1677,1661,-73,-661,-90,-813,-167,-1037,255,-100,-544,-30,6,156
32226,1764,-428,-181,119,1189,20429,8053,-2447,329,-74,0,93,-3,530,9316,1224,21,0,13651,1523,1488,1658,1617,-120,-831,-147,-1017,-293,-1239,204,-38,-553,-30,10,160
32276,2292,-100,-1,47,784,19208,7626,-2752,288,-32,0,95,-4,531,9352,1225,51,0,10492,1503,1449,1635,1635,-66,-851,-81,-1043,-214,-1120,234,-71,-636,-29,15,154
32326,2772,-57,-178,113,1078,13471,4513,970,347,-28,0,115,-1,531,9352,1239,32,0,13953,1569,1536,1683,1668,-8,-685,-10,-849,-109,-996,255,-27,-640,-29,18,153
32376,2679,-10,-150,202,1374,16461,1461,-677,345,19,0,112,6,530,9316,1242,38,0,12809,1489,1469,1630,1646,14,-740,18,-919,-17,-1075,255,-54,-690,-29,20,151
32426,3719,63,96,56,1007,18475,-2383,-250,336,10,0,130,-1,531,9352,1247,20,0,14105,1544,1512,1635,1648,-62,-802,-77,-1000,-19,-1107,255,-54,-750,-30,23,152
32476,3572,-110,8,143,1066,15424,-4641,1031,423,-2,0,144,0,530,9316,1234,-10,0,15111,1601,1546,1681,1688,-1,-764,-1,-943,8,-1116,255,-44,-768,-30,26,149
32526,3573,291,-70,-7,1174,25800,-613,2191,412,6,0,144,-2,531,9352,1248,48,0,13339,1506,1421,1633,1632,-49,-724,-61,-903,0,-1179,244,-86,-806,-30,27,149
32576,3922,252,107,-14,865,28851,180,1641,425,-22,0,152,-11,530,9316,1253,25,0,12777,1490,1487,1625,1607,2,-757,3,-949,25,-1218,255,-66,-884,-31,28,148
32626,4186,243,-114,-198,705,28119,-979,604,463,-9,0,170,-2,532,9387,1243,-36,0,15290,1644,1574,1722,1696,46,-721,57,-897,25,-1231,255,-36,-905,-32,29,151
32676,4541,395,-140,-99,1162,30133,-4092,1641,432,18,0,166,-1,530,9316,1254,40,0,11152,1464,1398,1580,1594,22,-728,27,-913,52,-1218,193,-26,-915,-32,29,152
32726,5312,161,168,88,783,28974,-1467,3167,384,34,0,166,0,531,9352,1274,55,0,12282,1545,1502,1610,1608,-25,-678,-31,-863,33,-1109,255,-60,-895,-33,28,150
32776,5845,233,-17,95,1014,24213,363,3656,340,-19,0,168,-7,530,9316,1263,18,0,12549,1573,1571,1672,1668,98,-475,124,-600,42,-910,255,-76,-819,-35,26,149
32826,5913,103,137,104,938,19147,2194,1092,221,-15,0,145,-7,532,9387,1258,-8,0,14045,1545,1488,1644,1614,63,-511,80,-643,17,-827,255,-59,-734,-36,25,149
32876,5736,331,74,-46,874,8893,-3,2679,173,45,0,137,1,530,9316,1277,49,0,10290,1519,1484,1595,1586,99,-358,126,-457,85,-469,255,39,-621,-37,22,143
32926,5318,39,-4,220,887,5292,-5923,3717,142,57,0,117,10,530,9316,1289,23,0,13190,1529,1527,1595,1632,93,-282,120,-363,219,-380,255,36,-613,-39,20,147
32976,4210,-643,186,-62,837,3278,-6167,2252,190,26,0,114,11,531,9352,1273,-34,0,14939,1618,1568,1658,1663,217,-243,276,-310,247,-315,255,51,-512,-42,16,152
33026,3443,-339,-45,-160,1148,7123,363,1397,164,53,0,96,17,530,9316,1266,-47,0,16773,1564,1488,1661,1619,186,-122,235,-154,145,-274,255,82,-415,-44,13,151
33076,3330,-626,-262,43,1073,7306,-247,3167,106,65,0,79,29,531,9352,1238,-104,0,16386,1592,1615,1655,1670,205,-24,253,-30,241,-77,255,186,-254,-45,9,149
33126,2236,-1240,221,-121,1346,-3252,-2200,482,-2,114,0,41,41,530,9316,1251,-55,0,15330,1633,1557,1674,1667,256,205,321,256,342,239,255,179,-97,-46,6,150
33176,1952,-1204,-13,12,1413,-9234,-3115,-982,-46,92,0,26,39,530,9316,1222,-42,0,13136,1541,1530,1628,1608,232,213,284,260,340,366,255,216,-60,-48,1,149
33226,1714,-1489,48,-15,567,-15093,-3909,2130,-62,128,0,19,50,530,9316,1217,-104,0,18145,1616,1638,1716,1713,228,240,278,292,334,565,255,218,-21,-48,-1,152
33276,483,-1327,89,-151,974,-14605,-6289,1580,-35,122,0,5,45,530,9316,1212,-46,0,12723,1616,1555,1693,1676,315,488,382,592,391,621,255,200,96,-50,-7,149
33326,697,-1015,-72,246,1043,-11309,-4885,604,-120,147,0,-15,48,531,9352,1206,6,0,13543,1564,1519,1632,1610,296,504,357,608,376,684,255,217,202,-52,-11,152
33376,187,-1297,173,23,936,-17229,-7205,1947,-184,130,0,-32,44,531,9352,1202,-8,0,13364,1562,1571,1662,1653,281,653,338,785,369,923,255,170,295,-54,-17,152
33426,-53,-895,-152,198,1315,-18633,-7449,299,-220,116,0,-46,41,532,9387,1216,39,0,14201,1497,1472,1605,1554,290,663,353,807,358,956,255,192,340,-55,-21,153
33476,-582,-1109,-76,275,1079,-23088,-5130,1763,-246,123,0,-62,45,530,9316,1211,-10,0,15620,1562,1585,1665,1643,244,680,296,823,323,1029,255,199,514,-57,-26,157
33526,-1396,-1380,122,53,392,-18816,-4946,2679,-306,153,0,-87,48,532,9387,1219,-15,0,15636,1610,1619,1714,1711,212,641,258,781,343,1078,255,210,526,-58,-29,156
33576,-2224,-1197,104,-22,1205,-24553,-5923,2313,-267,149,0,-90,48,530,9316,1220,18,0,12534,1555,1551,1681,1644,206,784,252,957,233,1129,255,205,574,-59,-34,157
33626,-2062,-999,154,260,1019,-23394,-1528,-128,-294,169,0,-98,48,531,9352,1227,50,0,12924,1506,1524,1613,1582,143,688,176,845,213,1112,255,200,574,-59,-37,156
33676,-2684,-771,121,-52,1083,-26567,-8242,1336,-275,179,0,-99,46,531,9352,1224,80,0,10847,1516,1510,1614,1598,199,737,243,902,412,1118,255,188,575,-60,-41,156
33726,-3130,-888,-53,-219,1177,-13872,-11904,2679,-208,131,0,-92,41,530,9316,1234,100,0,10847,1412,1399,1551,1528,227,744,280,918,408,1079,255,167,569,-60,-43,159
33776,-3232,-1294,133,-106,869,-16985,-9890,2496,-255,143,0,-104,47,531,9352,1250,25,0,14856,1609,1618,1692,1680,175,711,219,888,255,961,255,150,647,-61,-48,157
33826,-2718,-953,-66,213,1114,-13872,-9280,-1043,-308,91,0,-112,35,530,9316,1260,54,0,13504,1476,1487,1569,1577,64,706,81,889,221,1005,255,103,596,-61,-51,155
33876,-2734,-830,100,-50,1142,-24675,-9524,665,-277,97,0,-101,31,529,9281,1257,54,0,12431,1475,1491,1572,1572,101,723,127,909,249,1075,255,110,549,-61,-55,155
33926,-2731,-972,64,-89,1210,-16497,-8792,2923,-259,68,0,-97,29,530,9316,1254,20,0,13626,1616,1573,1678,1670,54,643,67,807,170,903,255,83,587,-61,-57,150
33976,-2752,-950,-79,-122,1094,-11492,-5923,482,-312,84,0,-108,34,529,9281,1251,-3,0,14711,1556,1547,1639,1631,-3,623,-4,780,76,836,255,120,621,-60,-61,152
34026,-2590,-1162,-37,228,1359,-21502,-6533,360,-346,51,0,-116,30,531,9352,1249,-15,0,14954,1554,1555,1630,1627,-6,548,-7,684,85,853,255,103,627,-59,-62,153
34076,-2398,-1530,101,198,782,-20403,-2444,-372,-343,10,0,-114,26,530,9316,1235,-33,0,14015,1569,1571,1684,1655,-68,503,-84,621,-79,829,255,15,643,-57,-62,155
34126,-2877,-1186,92,-42,1325,-14605,2987,238,-334,-70,0,-116,5,525,9142,1233,-26,0,14560,1503,1523,1611,1607,-23,377,-29,465,-92,709,255,-72,586,-57,-61,154
34176,-3237,-1455,3,10,783,-21257,3292,-616,-237,-177,0,-103,-9,530,9316,1222,-89,0,16040,1617,1616,1695,1712,-144,403,-176,493,-264,564,255,-149,483,-57,-61,158
34226,-3754,-1244,9,-109,1434,-9111,7382,360,-115,-188,0,-87,-15,531,9352,1239,15,0,10355,1536,1503,1655,1611,-123,297,-153,369,-339,382,255,-134,447,-56,-60,158
34276,-3086,-747,132,174,1151,958,10800,-555,-154,-148,0,-89,-17,531,9352,1262,62,0,12833,1468,1396,1567,1572,-326,197,-411,248,-489,151,255,-208,413,-54,-58,158
34326,-2312,-92,85,100,1086,-9905,6161,4327,-161,-175,0,-74,-34,530,9316,1228,-113,0,20186,1681,1706,1757,1759,-211,114,-260,140,-351,308,255,-262,336,-53,-56,159
34376,-2685,-301,151,-217,1147,-9417,9640,-3363,-51,-224,0,-53,-41,531,9352,1228,-45,0,12469,1490,1475,1640,1626,-290,156,-356,191,-584,136,255,-324,218,-52,-54,161
34426,-2543,141,-95,-5,896,7489,19039,-1898,-2,-239,0,-46,-46,530,9316,1229,-6,0,14319,1592,1490,1642,1595,-338,18,-416,23,-704,-283,244,-299,232,-51,-52,154
34476,-1365,1011,-10,-68,922,11517,16842,-1531,-91,-163,0,-42,-49,531,9352,1239,15,0,13039,1501,1470,1627,1613,-396,-113,-491,-140,-671,-265,234,-373,107,-50,-47,162
34526,-1134,1185,-41,-130,957,3522,9213,-250,12,-197,0,-15,-59,530,9316,1234,-13,0,14520,1576,1547,1662,1648,-370,-169,-457,-209,-566,-270,255,-355,59,-49,-45,159
34576,-1678,904,-80,108,746,9015,12326,-2874,85,-217,0,-16,-56,531,9352,1221,-64,0,17086,1640,1602,1746,1715,-348,-239,-425,-292,-581,-446,255,-346,-4,-48,-41,159
34626,-799,1278,74,-15,1133,13226,14279,-860,70,-186,0,0,-60,531,9352,1230,17,0,10628,1482,1407,1619,1586,-374,-273,-460,-336,-642,-539,255,-379,-44,-47,-38,157
34676,-252,974,-171,141,1254,15119,11532,-189,90,-233,0,9,-60,530,9316,1244,61,0,11517,1545,1456,1646,1624,-380,-371,-472,-461,-580,-647,244,-339,-98,-45,-32,158
34726,106,1093,-179,69,981,10846,9213,-311,114,-180,0,22,-51,530,9316,1243,58,0,10913,1415,1437,1596,1588,-401,-559,-498,-695,-582,-708,214,-325,-161,-43,-28,158
34776,-2,1267,0,-15,817,14874,9884,-1654,170,-175,0,33,-56,530,9316,1242,9,0,14755,1603,1523,1665,1663,-403,-699,-501,-869,-533,-956,234,-369,-299,-42,-20,155
34826,535,1489,161,114,933,23786,8419,-2203,275,-169,0,60,-63,531,9352,1238,5,0,13224,1518,1432,1635,1630,-300,-478,-371,-591,-447,-911,255,-389,-377,-42,-17,158
34876,903,1018,31,-359,1019,27509,11410,-2203,310,-261,0,82,-70,530,9316,1235,9,0,13028,1528,1480,1651,1647,-215,-497,-266,-614,-481,-1039,255,-396,-537,-42,-14,161
34926,1520,637,43,-246,1101,30560,15316,-1226,359,-245,0,100,-59,530,9316,1226,6,0,12272,1569,1481,1683,1647,-304,-635,-373,-778,-591,-1191,255,-343,-576,-43,-14,162
34976,2124,1210,186,-130,861,28912,17086,-2935,350,-145,0,108,-53,531,9352,1249,47,0,12599,1576,1507,1691,1660,-246,-584,-308,-729,-428,-1076,234,-320,-580,-43,-12,164
35026,3033,1077,134,-190,929,30072,11105,-2508,298,-187,0,115,-58,531,9352,1225,47,0,12131,1501,1431,1620,1603,-128,-572,-156,-701,-305,-1003,244,-349,-655,-44,-11,164
35076,3005,672,-28,-117,998,21771,12692,54,370,-218,0,128,-53,531,9352,1250,34,0,12686,1504,1474,1624,1597,33,-261,41,-326,-186,-693,255,-256,-656,-47,-13,155
35126,3208,895,99,-52,1178,23541,14828,-67,331,-123,0,122,-41,530,9316,1245,-14,0,14766,1615,1522,1712,1668,-115,-512,-143,-638,-379,-953,255,-207,-651,-48,-14,160
35176,3698,1543,-61,276,1355,23175,8724,-494,278,19,0,115,-21,531,9352,1249,-4,0,12682,1551,1468,1673,1631,-52,-504,-65,-629,-106,-812,214,-80,-542,-49,-13,156
35226,3922,1781,107,177,925,16644,-2627,-494,191,123,0,102,-9,531,9352,1239,32,0,13104,1438,1373,1589,1580,56,-408,70,-506,138,-615,255,-32,-541,-50,-13,153
35276,4066,1558,1,239,1322,6268,-9097,604,153,182,0,98,7,529,9281,1236,13,0,13885,1529,1468,1598,1596,197,-292,244,-361,348,-467,244,127,-450,-51,-14,150
35326,3770,1315,-92,82,992,836,-12942,-2813,47,249,0,74,27,531,9352,1229,-31,0,15974,1589,1538,1662,1667,232,-241,285,-297,512,-241,255,141,-341,-53,-14,153
35376,3210,-425,150,-199,558,-4290,-15444,-1470,-18,148,0,60,30,531,9352,1214,-121,0,16530,1629,1668,1768,1760,411,-264,498,-321,587,-117,255,154,-340,-56,-14,159
35426,1855,-1019,185,-149,1152,104,-7876,-2203,125,116,0,60,37,532,9387,1210,-67,0,12266,1674,1528,1757,1686,392,-54,474,-66,443,-247,255,240,-252,-59,-16,155
35476,2373,-951,15,43,951,7367,-7998,-1409,3,186,0,41,53,530,9316,1202,-4,0,12388,1496,1462,1631,1623,360,-283,433,-340,600,-271,255,257,-207,-62,-15,150
35526,1915,-984,-152,-136,990,-12346,-16360,299,9,185,0,39,56,531,9352,1202,32,0,13370,1456,1479,1591,1581,423,-89,508,-107,739,132,255,344,-166,-63,-16,153
35576,877,-2033,-98,4,1117,-12651,-16421,115,43,198,0,25,76,531,9352,1172,-70,0,15070,1625,1593,1706,1674,483,-28,566,-33,713,135,244,465,-47,-64,-17,150
35626,268,-2580,35,116,956,-5266,-13796,115,33,247,0,9,93,529,9281,1174,-59,0,15310,1572,1520,1683,1656,485,6,569,7,720,48,255,481,-14,-65,-18,143
35676,193,-2453,-268,100,1200,-3313,-18374,115,15,271,0,5,100,532,9387,1165,-21,0,12931,1540,1488,1641,1631,532,117,620,136,857,233,255,519,112,-66,-18,152
35726,-632,-3223,47,75,943,-6426,-18191,543,-29,203,0,-18,95,530,9316,1173,-17,0,14515,1558,1553,1642,1652,526,152,617,178,864,308,255,464,93,-67,-19,150
35776,-1399,-3570,-31,-171,1369,-8928,-16238,1275,93,141,0,-2,90,532,9387,1172,23,0,14265,1470,1447,1601,1573,506,253,593,297,705,289,255,498,80,-69,-22,153
35826,-1253,-3583,-225,-21,1098,2362,-8914,-67,53,168,0,-11,100,530,9316,1174,12,0,13371,1520,1492,1581,1588,446,189,524,222,683,205,255,491,95,-69,-23,152
35876,-1310,-3923,245,-59,876,-78,-10134,-1104,42,146,0,-13,92,530,9316,1179,-1,0,14298,1546,1542,1646,1636,490,156,578,184,704,305,255,416,80,-71,-25,151
35926,-1453,-3432,53,7,815,-505,-8486,177,83,116,0,-9,82,530,9316,1183,10,0,11653,1556,1507,1647,1633,496,300,586,355,635,273,255,389,79,-73,-27,145
35976,-1288,-3055,-74,-114,1098,7245,-9951,1763,78,151,0,-5,85,530,9316,1193,74,0,12561,1488,1399,1609,1569,421,234,502,279,646,221,255,434,108,-74,-30,152
36026,-733,-2809,-92,16,1095,2423,-13919,2130,-12,200,0,-16,90,531,9352,1200,46,0,12879,1476,1507,1591,1628,354,177,425,212,692,290,255,447,135,-74,-31,152
36076,-616,-3631,-46,69,1030,-4534,-19656,-6,-74,174,0,-26,98,530,9316,1186,-86,0,19877,1690,1630,1763,1752,399,307,473,364,687,458,255,510,231,-74,-33,152
36126,-256,-3985,-149,163,1213,-8684,-13491,-3302,-202,163,0,-46,105,531,9352,1188,-15,0,12655,1478,1491,1632,1637,423,363,503,431,666,637,255,481,320,-73,-34,159
36176,-903,-3882,43,10,1429,-16192,-12637,-2325,-195,141,0,-53,95,530,9316,1190,34,0,13591,1500,1450,1612,1612,297,522,353,622,517,797,255,424,354,-73,-37,155
36226,-1231,-3822,-164,-42,1058,-13323,-7510,-677,-198,111,0,-59,92,532,9387,1181,-20,0,14212,1491,1517,1636,1647,268,447,317,528,448,780,255,421,359,-72,-38,158
36276,-1825,-4696,183,-133,862,-10820,-3421,-982,-190,35,0,-66,86,531,9352,1210,0,0,11739,1606,1605,1740,1726,211,391,256,473,255,690,255,328,368,-71,-41,154
36326,-2510,-4487,335,-53,1014,-8379,2011,-1593,-117,-28,0,-66,67,531,9352,1196,-6,0,12784,1527,1447,1641,1602,198,562,237,672,93,640,255,254,366,-70,-44,154
36376,-1774,-2910,-99,257,993,-4839,4879,-372,-138,23,0,-64,59,531,9352,1197,8,0,14249,1554,1500,1677,1661,90,495,108,593,59,563,255,207,427,-69,-47,149
36426,-1495,-2431,33,111,699,-11919,-430,-1776,-241,32,0,-77,48,531,9352,1216,53,0,11217,1436,1440,1622,1614,74,548,90,666,59,844,255,139,451,-68,-48,150
36476,-1896,-1825,176,61,1003,-15825,-1406,-1715,-239,54,0,-81,39,531,9352,1220,48,0,12712,1487,1423,1609,1593,78,647,96,789,0,889,255,100,489,-67,-51,151
36526,-2539,-1711,-72,-35,611,-13994,-979,-1654,-240,1,0,-90,33,530,9316,1192,-31,0,13454,1561,1539,1685,1687,28,564,34,672,8,799,255,75,531,-67,-53,149
36576,-2933,-1840,121,-47,1190,-13689,2926,-2935,-233,-14,0,-96,27,530,9316,1209,25,0,12872,1472,1416,1646,1608,-83,538,-100,651,-170,861,255,33,565,-65,-54,157
36626,-3347,-1225,43,-48,708,-15154,9762,-2386,-221,-4,0,-101,20,531,9352,1212,17,0,12030,1496,1495,1661,1657,-181,487,-219,590,-301,797,255,-1,530,-63,-55,156
36676,-3558,-670,185,-297,871,-10027,10006,-2020,-220,11,0,-99,10,531,9352,1220,-19,0,16798,1554,1480,1713,1645,-186,395,-227,482,-330,627,255,-5,513,-60,-54,158
36726,-3823,-54,-118,127,959,-11614,12203,-3546,-152,33,0,-100,11,531,9352,1205,-40,0,15442,1542,1544,1710,1679,-198,374,-238,450,-356,543,255,-43,513,-59,-54,159
36776,-3399,139,90,-132,608,-4900,11532,-2569,-191,47,0,-93,4,530,9316,1203,-11,0,10989,1534,1502,1699,1642,-201,298,-242,359,-377,514,255,-9,457,-55,-52,154
36826,-3499,-139,90,224,1245,-8745,6771,-860,-149,43,0,-95,10,531,9352,1191,-15,0,12930,1501,1464,1645,1622,-247,350,-294,417,-331,442,255,-46,472,-53,-52,155
36876,-2757,-331,165,-12,681,-11248,241,-1593,-187,25,0,-85,6,530,9316,1206,-53,0,14328,1614,1555,1702,1691,-204,218,-246,263,-292,370,244,-28,432,-50,-50,155
36926,-2574,-719,39,324,1347,-9111,3720,-1959,-182,-27,0,-86,6,532,9387,1213,26,0,10850,1511,1427,1645,1617,-228,349,-277,424,-297,425,255,-89,442,-48,-49,155
36976,-2425,-462,59,-67,1024,-11187,3536,-433,-196,-53,0,-80,-3,530,9316,1215,55,0,11368,1418,1415,1602,1578,-250,301,-303,366,-359,427,255,-121,364,-45,-48,157
37026,-2459,-28,-194,31,912,-4290,3842,1214,-110,-93,0,-66,-13,531,9352,1231,25,0,12424,1566,1491,1683,1658,-283,148,-349,182,-357,212,255,-206,308,-43,-47,156
37076,-1759,-185,-35,265,940,43,2377,1153,-95,-174,0,-56,-30,531,9352,1222,3,0,13456,1529,1466,1675,1638,-325,39,-397,47,-400,127,255,-236,248,-41,-45,151
37126,-1698,-976,-108,-71,1330,-4656,9213,238,-86,-204,0,-46,-21,530,9316,1228,-18,0,15657,1564,1553,1708,1681,-400,-3,-491,-4,-611,84,255,-186,202,-39,-42,156
37176,-1812,-847,-168,31,1125,-4961,13058,-189,-90,-217,0,-50,-24,531,9352,1229,11,0,12063,1514,1508,1676,1635,-433,-32,-532,-40,-715,17,244,-281,161,-36,-40,158
37226,-1201,-103,-64,-20,1192,-1299,17086,238,-43,-206,0,-29,-36,530,9316,1191,-25,0,14337,1524,1514,1647,1598,-351,-220,-418,-262,-667,-194,255,-257,81,-35,-37,161
37276,-1064,139,-149,4,942,-322,12753,1763,-9,-182,0,-20,-34,531,9352,1213,14,0,11000,1550,1479,1635,1626,-340,-236,-412,-286,-551,-330,224,-305,15,-32,-32,156
37326,19,576,-8,125,916,7245,9640,3045,9,-158,0,-1,-40,530,9316,1220,8,0,14741,1569,1528,1663,1643,-436,-328,-532,-401,-632,-409,244,-306,-48,-30,-29,150
37376,-216,551,98,-32,986,4315,10433,2923,61,-140,0,8,-39,531,9352,1201,-67,0,16067,1621,1558,1736,1688,-395,-276,-475,-331,-531,-483,234,-238,-84,-27,-25,155
37426,-217,634,-6,144,906,14203,6222,665,87,-102,0,9,-31,531,9352,1199,-75,0,16618,1627,1561,1710,1685,-391,-384,-469,-461,-496,-642,244,-244,-130,-26,-22,155
37476,96,290,35,-164,735,10236,2377,-250,64,-124,0,18,-30,530,9316,1171,-94,0,16175,1617,1528,1678,1674,-325,-534,-381,-626,-421,-868,234,-221,-127,-23,-16,156
37526,3,314,93,23,1147,19452,5917,-921,158,-151,0,29,-37,530,9316,1194,18,0,12306,1530,1481,1668,1637,-263,-515,-314,-615,-360,-787,255,-273,-292,-23,-12,154
37576,541,505,-73,-192,859,16034,3842,1458,231,-153,0,58,-37,530,9316,1188,31,0,13174,1599,1527,1670,1665,-421,-495,-500,-588,-466,-881,224,-255,-364,-21,-7,157
37626,711,-162,166,94,887,25983,2743,1397,244,-148,0,57,-30,532,9387,1210,29,0,14741,1556,1457,1645,1616,-246,-663,-298,-803,-290,-1107,183,-210,-363,-21,-5,157
37676,1149,-445,49,-18,1136,21954,5490,-982,217,-157,0,62,-23,531,9352,1196,-26,0,14456,1581,1551,1685,1686,-214,-707,-256,-846,-291,-1010,244,-177,-397,-20,0,159
37726,1178,-543,-30,19,1096,19757,119,299,248,-174,0,68,-24,530,9316,1218,54,0,12648,1560,1454,1656,1644,-159,-649,-194,-790,-202,-1078,255,-176,-449,-20,3,156
37776,1820,-539,13,0,1161,23297,2743,-1654,253,-141,0,81,-18,531,9352,1220,91,0,10207,1458,1369,1574,1571,-148,-741,-180,-904,-187,-1066,255,-134,-518,-20,7,157
37826,1784,-1496,227,-142,958,17804,2316,1763,304,-204,0,94,-18,530,9316,1225,4,0,16525,1538,1548,1624,1669,-146,-725,-179,-888,-146,-877,255,-162,-556,-21,10,159
37876,1699,-1383,-48,-65,818,19452,10617,-4766,365,-222,0,103,-17,530,9316,1242,39,0,11037,1545,1469,1692,1634,-87,-606,-108,-753,-261,-979,255,-158,-551,-22,13,161
37926,1911,-609,34,-81,1184,34589,13729,-1226,363,-164,0,105,-21,530,9316,1245,83,0,11795,1402,1278,1565,1521,-68,-621,-84,-773,-282,-1146,255,-149,-623,-22,14,160
37976,3404,-533,-190,120,924,24457,10922,1336,303,-135,0,116,-12,531,9352,1264,33,0,13815,1562,1527,1683,1662,25,-638,32,-807,-166,-811,255,-26,-618,-23,15,156
38026,2847,-443,79,27,748,11456,6649,-1654,268,18,0,102,9,531,9352,1259,43,0,12235,1505,1359,1631,1614,1,-356,2,-448,-92,-632,255,10,-507,-24,15,145
38076,2546,-395,42,19,753,23175,-552,238,200,17,0,82,9,530,9316,1272,22,0,13859,1515,1432,1629,1629,85,-360,109,-458,138,-699,255,-42,-444,-25,15,146
38126,3224,-54,-190,33,1129,9808,-3970,-799,175,-20,0,91,0,532,9387,1257,19,0,14171,1483,1459,1638,1607,239,-240,301,-301,253,-370,255,-42,-480,-27,14,151
38176,3035,60,-3,105,1058,-1726,-2688,-433,180,38,0,88,6,530,9316,1244,-28,0,13577,1585,1523,1678,1662,167,-239,208,-297,194,-346,255,46,-467,-30,12,149
38226,2833,-100,32,21,690,10175,-2505,-1287,146,112,0,78,23,532,9387,1247,-103,0,17482,1640,1544,1738,1718,236,-122,294,-152,324,-333,255,89,-383,-32,10,153
38276,2757,-271,60,-72,962,11029,-12149,-2325,114,106,0,72,23,531,9352,1251,-27,0,11098,1557,1467,1666,1673,352,-50,441,-63,568,-347,244,156,-363,-36,7,152
38326,3063,-1216,139,-14,804,4437,-10623,-1409,35,163,0,61,49,532,9387,1244,-6,0,14823,1484,1467,1658,1627,376,-141,468,-176,546,-75,255,233,-282,-38,5,152
38376,2687,-1348,-286,-130,1052,-6853,-10440,-250,4,149,0,51,58,535,9493,1237,-47,0,15119,1573,1583,1700,1715,443,82,548,102,664,93,255,332,-161,-41,2,151
38426,1483,-2498,253,-120,820,287,-15444,-2508,-12,210,0,26,79,531,9352,1219,-79,0,15112,1656,1577,1763,1753,424,80,517,97,718,116,255,388,-92,-43,0,149
38476,662,-2862,48,-225,1097,-4656,-15689,-311,-3,146,0,15,78,531,9352,1222,-71,0,15769,1641,1589,1740,1736,434,189,531,231,691,230,255,386,-74,-45,-2,151
38526,979,-2971,54,94,1191,-10027,-13980,-1531,-47,155,0,7,81,531,9352,1214,26,0,10692,1553,1448,1664,1669,454,326,551,396,704,390,255,392,44,-46,-5,149
38576,652,-3018,-230,-109,1044,-9905,-11904,-738,-105,141,0,-6,85,530,9316,1214,22,0,13877,1465,1473,1617,1616,411,277,499,337,671,447,255,457,112,-47,-8,154
38626,-121,-3623,165,-88,973,-14666,-13369,2435,-125,189,0,-24,97,530,9316,1193,-82,0,17451,1637,1575,1727,1715,443,394,529,470,674,648,255,446,197,-48,-10,156
38676,-1144,-3937,166,-205,1156,-8318,-11538,-189,-106,149,0,-37,96,530,9316,1211,-30,0,16913,1566,1539,1708,1701,471,403,571,488,645,594,255,408,246,-50,-13,158
38726,-1439,-3470,-1,281,1187,-10088,-10134,-860,-101,162,0,-49,93,531,9352,1206,27,0,11230,1555,1469,1613,1617,377,448,454,541,558,548,255,419,314,-50,-16,156
38776,-1055,-3872,88,38,806,-12896,-9524,604,-196,116,0,-57,89,531,9352,1214,35,0,14423,1527,1491,1638,1636,384,505,467,613,569,832,255,416,333,-51,-18,152
38826,-1530,-4304,-31,160,896,-25347,-9951,2496,-179,91,0,-64,94,530,9316,1213,10,0,13904,1550,1522,1664,1643,446,572,541,694,552,931,255,457,415,-52,-20,154
38876,-2680,-4021,-58,88,1233,-16985,-2993,1947,-154,170,0,-78,106,531,9352,1231,59,0,11691,1460,1448,1632,1598,343,633,423,780,446,931,255,522,558,-51,-24,156
38926,-2842,-3528,-24,134,849,-16253,-9036,1824,-268,237,0,-106,110,531,9352,1227,82,0,11730,1479,1474,1593,1595,334,525,410,644,511,903,255,488,588,-50,-25,157
38976,-2722,-3840,9,-10,933,-25896,-13308,909,-315,183,0,-109,103,531,9352,1225,26,0,15461,1546,1553,1649,1670,373,544,456,667,560,976,255,413,561,-50,-25,155
39026,-3306,-4252,119,-161,818,-23638,-9402,177,-249,86,0,-102,89,531,9352,1212,-69,0,15852,1605,1573,1702,1684,360,622,437,754,451,1000,255,357,557,-50,-27,157
39076,-4161,-4318,-87,171,1292,-18511,-674,115,-158,6,0,-106,79,530,9316,1227,0,0,13226,1515,1499,1670,1621,112,563,138,691,119,784,255,368,594,-49,-30,152
39126,-3978,-3306,-33,212,1175,-13323,-1101,2679,-182,115,0,-109,82,530,9316,1239,66,0,11744,1448,1482,1616,1613,107,449,133,557,145,802,255,307,589,-47,-29,157
39176,-3834,-2798,-99,-17,747,-14116,-8486,1763,-223,105,0,-111,72,532,9387,1244,55,0,12055,1530,1510,1652,1657,143,429,178,534,238,672,255,285,563,-45,-28,156
39226,-3874,-3081,-46,-51,716,-13872,-7449,-189,-195,99,0,-105,75,531,9352,1233,11,0,13000,1530,1499,1646,1629,105,495,129,611,165,682,255,289,540,-44,-29,155
39276,-3949,-3438,-113,114,742,-14177,-3237,238,-184,25,0,-109,69,531,9352,1226,-48,0,16251,1604,1590,1707,1702,27,505,33,619,58,633,255,217,554,-41,-30,153
39326,-3978,-2929,-112,-31,907,-12346,-64,-1043,-197,7,0,-108,56,530,9316,1222,-23,0,12715,1520,1492,1665,1654,19,434,23,530,17,579,255,179,527,-39,-30,152
39376,-3438,-2791,-190,-90,1074,-5877,3170,726,-182,-7,0,-95,52,530,9316,1226,-10,0,11172,1580,1504,1676,1648,-22,223,-27,274,-50,270,255,166,491,-37,-28,154
39426,-3330,-2260,-163,34,1223,-3801,1705,-860,-179,16,0,-95,46,530,9316,1224,29,0,12004,1539,1540,1666,1670,-56,183,-68,224,-48,331,255,95,450,-36,-26,152
39476,-2373,-1957,85,-117,682,-10820,2865,1336,-248,-10,0,-87,30,530,9316,1243,14,0,13128,1520,1509,1645,1633,-78,255,-97,318,-137,454,255,-5,354,-35,-24,154
39526,-2130,-1562,-19,-104,805,-11614,7138,909,-184,-68,0,-71,15,531,9352,1240,-36,0,17257,1631,1619,1740,1716,-169,114,-209,141,-278,278,255,-20,289,-33,-24,158
39576,-1975,-887,138,210,1267,-4717,9213,726,-124,7,0,-63,15,530,9316,1249,53,0,12495,1472,1367,1573,1550,-273,134,-342,167,-317,214,255,-113,284,-31,-22,154
39626,-1814,-598,62,-75,521,-1604,4513,787,-94,-88,0,-48,-9,531,9352,1259,19,0,10921,1572,1575,1666,1680,-258,37,-325,47,-306,170,255,-198,161,-29,-20,151
39676,-1823,-577,28,-35,998,-2947,8114,1458,5,-145,0,-30,-18,531,9352,1239,-30,0,16718,1566,1491,1688,1639,-320,-12,-397,-15,-450,-76,255,-213,67,-27,-19,154
39726,-1379,-282,-180,-46,1233,7611,14157,970,31,-135,0,-18,-17,530,9316,1247,-3,0,11579,1572,1550,1706,1684,-368,-147,-460,-184,-572,-223,255,-210,44,-25,-18,159
39776,-557,265,346,-46,1149,10968,10861,482,-36,-96,0,-17,-29,531,9352,1253,-23,0,17131,1544,1507,1652,1639,-375,-207,-470,-259,-528,-264,255,-328,-86,-23,-14,159
39826,-447,388,33,-160,940,3339,10250,1153,101,-182,0,15,-43,532,9387,1247,-3,0,11322,1554,1546,1662,1661,-386,-282,-481,-352,-552,-365,255,-328,-173,-22,-13,158
39876,-196,550,153,28,1183,15668,14950,-128,144,-151,0,23,-41,531,9352,1256,57,0,12182,1533,1395,1651,1606,-468,-362,-588,-455,-690,-629,255,-374,-215,-19,-11,159
39926,251,868,51,0,739,22015,15438,2496,206,-202,0,43,-55,530,9316,1259,-1,0,14792,1464,1490,1631,1626,-420,-461,-530,-581,-636,-636,244,-439,-324,-18,-9,154
39976,-79,1294,-59,-281,957,18475,14096,-1409,292,-231,0,61,-66,530,9316,1252,-20,0,16638,1601,1544,1718,1676,-386,-331,-484,-414,-676,-760,255,-460,-419,-17,-7,161
40026,903,1926,-114,6,1202,27875,19039,-2020,281,-156,0,69,-61,531,9352,1243,9,0,12756,1508,1444,1628,1587,-444,-531,-552,-660,-751,-953,255,-434,-424,-17,-6,158
40076,1519,1329,237,-187,701,20856,14157,-311,218,-201,0,74,-69,531,9352,1255,-56,0,16832,1614,1633,1758,1734,-366,-420,-459,-528,-589,-597,255,-498,-533,-16,-4,161
40126,1369,1714,-26,-109,803,15607,18124,-1348,333,-228,0,92,-74,526,9176,1257,22,0,11836,1560,1489,1688,1636,-340,-378,-428,-476,-670,-704,255,-461,-531,-17,-4,161
40176,2016,1706,303,-43,913,22565,21664,-677,282,-175,0,91,-70,530,9316,1255,16,0,12464,1516,1446,1646,1619,-408,-507,-512,-636,-648,-830,234,-500,-598,-17,-3,159
40226,2126,1955,91,-21,945,17438,12203,177,363,-208,0,109,-77,531,9352,1269,-15,0,15235,1586,1556,1707,1679,-275,-439,-349,-557,-497,-717,255,-489,-644,-18,-4,159
40276,2343,1984,50,62,1184,18659,12203,-1104,365,-167,0,112,-68,530,9316,1245,3,0,12034,1498,1396,1628,1591,-265,-452,-330,-563,-484,-884,234,-414,-564,-19,-5,159
40326,2872,1612,25,94,777,23786,11410,543,277,-179,0,102,-64,531,9352,1269,-11,0,15148,1561,1519,1673,1662,-215,-364,-274,-463,-389,-701,255,-438,-589,-20,-5,158
40376,2110,1478,-6,-80,1162,17072,8663,-6,366,-180,0,110,-61,531,9352,1271,43,0,11850,1508,1427,1645,1614,-116,-285,-147,-362,-303,-683,255,-333,-547,-23,-8,157
40426,2562,1538,-91,177,973,25861,10861,115,270,-104,0,93,-45,531,9352,1273,4,0,15379,1570,1501,1676,1672,-81,-338,-103,-431,-201,-713,255,-316,-500,-24,-9,156
40476,2345,619,103,-62,794,13959,3903,482,242,-152,0,90,-43,530,9316,1274,-2,0,13611,1518,1481,1652,1648,30,-125,39,-159,-76,-400,255,-259,-489,-28,-11,152
40526,2494,985,-185,59,1115,14081,7321,-1104,217,-61,0,85,-25,530,9316,1275,17,0,11348,1550,1454,1674,1633,79,-115,101,-146,-25,-392,255,-166,-390,-31,-14,155
40576,2088,295,211,-95,907,10480,3231,1092,154,-25,0,69,-14,530,9316,1280,-16,0,15487,1571,1526,1706,1704,93,-190,119,-244,173,-298,255,-146,-408,-34,-16,154
40626,1668,410,-16,24,987,9015,-2444,-6,217,-20,0,71,-11,530,9316,1275,-6,0,12631,1597,1533,1735,1706,185,-71,236,-91,205,-231,255,-72,-334,-37,-19,148
40676,1781,-208,86,-146,995,14752,-2444,177,131,10,0,59,3,530,9316,1290,36,0,9893,1531,1434,1665,1649,245,7,317,9,332,-178,255,-3,-289,-41,-22,143
40726,1563,-998,219,-62,790,5597,-4641,1031,134,28,0,55,17,531,9352,1281,-22,0,15705,1591,1519,1709,1672,403,168,516,215,462,67,255,62,-265,-45,-26,148
40776,1219,-708,18,-55,1389,1080,-8670,-799,128,109,0,48,33,531,9352,1269,-32,0,15178,1582,1504,1696,1676,387,245,491,311,560,118,255,215,-109,-50,-33,151
40826,1253,-1600,90,43,1052,5597,-11233,604,-9,124,0,19,50,530,9316,1266,-68,0,19108,1555,1528,1686,1686,506,279,641,353,733,324,255,219,-69,-53,-36,149
40876,613,-1906,-228,-72,1085,-2947,-14895,421,21,106,0,16,58,530,9316,1263,-13,0,13195,1528,1505,1673,1649,575,407,727,514,762,472,255,363,61,-58,-43,151
40926,476,-2247,77,206,1055,-5327,-14834,-311,-151,214,0,-25,80,531,9352,1254,-11,0,14184,1553,1456,1641,1616,567,410,711,514,835,477,255,410,174,-61,-46,154
40976,503,-2227,-134,196,1034,-17595,-22158,726,-221,284,0,-37,97,530,9316,1260,8,0,14263,1534,1521,1642,1649,691,550,871,694,1080,926,255,594,350,-65,-51,155
41026,-465,-2966,-49,348,1139,-27910,-28140,1519,-328,389,0,-77,129,530,9316,1237,-47,0,16810,1601,1560,1689,1697,682,604,843,747,1162,1056,255,635,492,-67,-53,160
41076,-1989,-3814,-173,-139,1317,-26873,-32412,1458,-293,327,0,-89,133,531,9352,1216,-55,0,14590,1551,1524,1662,1668,754,728,917,886,1274,1057,255,706,565,-69,-56,163
41126,-2761,-4848,-188,141,1003,-22905,-27407,360,-325,323,0,-115,152,531,9352,1227,-73,0,18176,1622,1602,1700,1707,667,684,819,839,1164,1095,255,729,633,-71,-59,162
41176,-3087,-5007,32,206,1224,-25530,-24783,909,-296,293,0,-115,145,532,9387,1232,-11,0,14229,1511,1498,1636,1651,737,898,908,1106,1165,1184,255,716,634,-73,-63,161
41226,-3820,-5002,-208,104,843,-23699,-23989,360,-293,313,0,-127,154,531,9352,1223,48,0,13050,1485,1482,1588,1603,657,706,804,864,1120,1120,255,755,699,-73,-65,160
41276,-3728,-5457,26,181,809,-29070,-26980,1153,-348,301,0,-137,154,531,9352,1235,36,0,14535,1576,1562,1639,1674,562,685,694,846,1027,1223,255,699,747,-74,-68,159
41326,-3837,-6421,118,155,1033,-26751,-25332,2679,-382,203,0,-145,150,531,9352,1227,6,0,14902,1592,1565,1645,1682,637,791,782,971,1039,1272,255,699,795,-75,-70,160
41376,-4425,-6485,141,13,842,-24614,-16360,1458,-361,166,0,-149,144,530,9316,1224,52,0,11894,1488,1466,1613,1592,492,776,602,950,733,1221,255,632,767,-75,-71,158
41426,-4650,-5658,-223,-18,1003,-25469,-11416,2923,-319,158,0,-144,135,532,9387,1242,69,0,11055,1553,1573,1646,1646,482,675,599,839,682,1152,255,621,736,-74,-72,161
41476,-4771,-5425,-36,36,951,-25103,-13858,4510,-300,194,0,-143,135,530,9316,1250,79,0,11839,1495,1447,1582,1590,433,728,541,911,670,1095,255,588,774,-74,-74,158
41526,-4746,-5145,0,235,1149,-23027,-14834,3778,-341,194,0,-155,129,530,9316,1263,31,0,13504,1531,1554,1609,1630,291,524,368,661,529,901,255,556,782,-72,-74,157
41576,-5049,-5034,235,-36,1146,-28338,-12332,2862,-310,209,0,-148,126,530,9316,1266,29,0,10966,1624,1607,1679,1684,204,518,258,656,424,997,244,453,758,-70,-73,159
41626,-6045,-4775,4,-244,1113,-19121,-9097,1092,-206,94,0,-142,103,531,9352,1282,98,0,11078,1427,1416,1563,1572,108,477,139,612,212,763,244,393,683,-68,-73,156
41676,-5952,-4351,-116,-213,436,-6426,-308,4266,-204,31,0,-137,89,532,9387,1254,-61,0,16672,1522,1719,1647,1748,94,477,118,598,0,578,255,287,590,-65,-71,153
41726,-5358,-3646,27,21,1005,6268,15682,2496,548,-325,-2,13,0,530,9316,1250,-107,0,17900,1634,1601,1717,1677,-1,390,-1,488,-364,124,255,268,566,-63,-71,152
41776,-3723,-2233,50,-208,1387,44049,28866,1092,405,-207,-4,13,0,529,9281,1236,-23,0,11775,1587,1441,1642,1600,-207,120,-257,149,-649,-624,255,112,366,-58,-69,159
41826,-559,-698,166,82,791,32697,17453,3533,144,-45,2,13,0,531,9352,1252,-26,0,16319,1610,1561,1667,1667,-260,162,-325,203,-460,-264,255,-45,306,-56,-68,153
41876,434,-434,232,-56,1092,8893,7565,299,26,-20,0,13,0,532,9387,1245,44,0,10810,1467,1457,1592,1581,-222,247,-276,308,-340,136,255,-101,306,-53,-67,149
41926,-601,-372,75,-183,884,6390,9152,-921,101,-28,-2,13,0,530,9316,1237,0,0,14495,1642,1616,1744,1709,-282,138,-349,171,-466,-42,255,-132,291,-51,-66,151
41976,91,-42,-130,-50,938,17438,9762,604,56,-22,-2,12,0,531,9352,1236,-61,0,16370,1637,1551,1717,1716,-343,99,-424,123,-535,-246,255,-189,268,-48,-65,150
42026,1140,436,208,-40,1045,16156,9274,-1348,-35,54,0,12,0,531,9352,1224,-41,0,13703,1569,1501,1694,1648,-378,79,-463,97,-501,-136,255,-280,196,-47,-64,152
42076,1270,478,102,-205,1441,9442,5307,-1776,-50,75,2,14,5,532,9387,1214,0,0,13346,1488,1436,1611,1593,-410,165,-498,201,-451,17,255,-324,149,-44,-63,150
42126,1176,171,101,-26,614,6879,-918,-1165,-4,74,0,20,8,530,9316,1205,-29,0,13903,1625,1581,1709,1702,-386,93,-465,112,-390,0,255,-346,148,-43,-63,147
42176,926,-485,113,-273,792,4620,485,-1959,-13,-25,0,20,0,532,9387,1226,24,0,13199,1536,1451,1660,1641,-405,104,-497,127,-490,58,255,-311,197,-41,-62,150
42226,1195,-572,94,298,1076,6635,8053,-250,0,-38,2,15,1,530,9316,1218,38,0,13226,1520,1464,1650,1615,-508,179,-618,218,-636,127,255,-376,230,-38,-62,149
42276,904,-141,93,23,664,-78,8969,-616,3,1,0,16,0,531,9352,1218,19,0,11201,1576,1527,1712,1670,-533,144,-649,176,-649,111,255,-525,223,-37,-61,143
42326,1314,524,-41,410,1164,-1055,3659,-1287,0,44,0,16,0,531,9352,1224,-14,0,17085,1547,1478,1679,1654,-492,204,-602,250,-553,135,255,-536,175,-36,-62,151
42376,848,401,188,98,961,-8257,180,-1531,8,58,0,15,0,531,9352,1217,-69,0,16374,1580,1576,1734,1706,-464,189,-565,230,-539,299,255,-580,213,-36,-62,147
42426,462,838,-98,106,1388,-1909,2865,-3546,35,69,-2,13,0,530,9316,1224,26,0,11433,1484,1373,1661,1613,-517,229,-632,280,-611,135,255,-581,202,-36,-62,151
42476,319,251,76,67,1017,7245,-491,-372,54,30,-2,14,0,531,9352,1238,89,0,9949,1425,1424,1596,1580,-517,83,-640,103,-554,25,255,-598,242,-34,-61,144
42526,108,541,-388,-30,910,-628,-5130,1885,56,9,-2,13,0,532,9387,1235,63,0,13020,1512,1440,1651,1612,-503,203,-621,251,-484,169,255,-573,220,-33,-60,149
42576,74,-437,-4,169,1028,-4839,-5496,-555,81,-30,0,14,1,531,9352,1238,-13,0,15262,1558,1555,1693,1685,-587,79,-727,98,-571,93,255,-595,233,-32,-59,148
42626,-358,-702,109,-22,800,-261,2194,-1898,91,-46,2,12,0,531,9352,1245,-4,0,14168,1560,1531,1705,1691,-664,82,-826,102,-679,48,255,-633,236,-30,-59,149
42676,-322,-383,47,19,1139,653,3048,-1837,100,-24,-2,13,1,531,9352,1238,3,0,12608,1566,1470,1690,1657,-629,58,-778,72,-715,-85,255,-698,156,-30,-58,148
42726,186,-317,81,11,825,1264,2011,-1837,55,-12,0,13,1,531,9352,1257,53,0,11327,1501,1458,1673,1650,-631,124,-793,156,-673,77,244,-707,194,-30,-57,147
42776,174,-570,30,11,923,-2214,1400,909,58,-44,-2,14,0,531,9352,1244,48,0,12089,1469,1418,1652,1607,-489,107,-608,133,-506,17,255,-703,154,-30,-56,147
42826,781,-746,199,284,1108,-2886,3598,-2386,21,-42,-4,13,1,531,9352,1235,9,0,13742,1517,1481,1645,1627,-452,15,-559,19,-495,0,255,-674,180,-31,-56,148
42876,814,-842,81,51,732,-4839,4452,-2203,-8,-58,2,11,1,531,9352,1234,-88,0,16738,1604,1569,1726,1695,-637,144,-786,178,-774,234,255,-750,197,-30,-54,150
42926,873,-376,-53,238,1516,-1299,8541,-3302,3,-37,0,13,0,530,9316,1224,-60,0,16267,1539,1500,1706,1646,-654,131,-800,160,-823,135,234,-780,156,-30,-54,152
42976,645,-454,151,75,975,-444,5551,-1470,16,-23,-2,13,0,530,9316,1225,-9,0,12296,1545,1492,1701,1667,-646,73,-791,90,-740,124,255,-755,154,-29,-53,148
43026,205,-581,179,-79,1270,-1604,180,1031,40,-33,-6,13,0,531,9352,1215,-22,0,14660,1499,1460,1644,1625,-716,143,-870,174,-721,142,234,-724,254,-28,-53,152
43076,-247,-798,-53,-210,885,4926,2499,177,63,-67,0,12,2,531,9352,1211,-45,0,13850,1568,1535,1714,1679,-662,110,-802,133,-744,-19,234,-747,229,-27,-51,151
43126,-2,-1015,275,33,1117,8527,7626,-2508,73,-62,-2,13,1,531,9352,1223,-7,0,10995,1537,1473,1680,1625,-723,1,-884,1,-862,-145,224,-743,198,-26,-49,148
43176,-159,-1151,215,-158,960,4804,6771,1824,62,-79,0,12,0,530,9316,1221,22,0,14089,1524,1469,1642,1615,-642,28,-784,34,-761,-117,224,-820,97,-26,-48,150
43226,696,-1051,181,143,1146,4132,7626,-555,15,-73,0,12,1,530,9316,1211,-37,0,14849,1551,1517,1678,1665,-747,-59,-905,-72,-822,-133,255,-806,64,-25,-47,152
43276,404,-1291,258,-106,1060,2118,10433,421,21,-91,2,13,0,530,9316,1204,-4,0,15378,1579,1501,1712,1640,-748,-13,-900,-15,-912,8,255,-873,-43,-25,-46,150
43326,1154,-1016,13,139,1129,-505,12142,-67,-24,-87,-2,13,1,531,9352,1216,-2,0,13941,1457,1425,1636,1578,-717,-16,-872,-20,-887,-60,255,-834,-62,-25,-46,153
43376,682,-1227,265,-88,596,4254,10067,177,-7,-67,0,13,0,531,9352,1205,10,0,15461,1580,1445,1704,1623,-631,50,-761,60,-830,38,255,-866,-115,-26,-47,148
43426,1506,-341,-185,54,1128,1630,12509,726,-62,-45,0,13,1,531,9352,1231,43,0,10653,1494,1478,1697,1656,-680,12,-837,15,-852,25,255,-860,-89,-26,-48,149
43476,1651,104,204,-44,775,1752,12936,-311,-89,33,-2,12,0,531,9352,1202,-8,0,16110,1514,1412,1679,1590,-619,4,-745,5,-790,127,255,-888,-119,-28,-49,148
43526,1058,1063,-32,135,1334,-12713,2865,482,-23,94,0,13,0,531,9352,1200,-26,0,12964,1514,1511,1677,1663,-603,77,-724,93,-602,203,255,-745,-59,-29,-50,151
43576,831,608,101,127,1152,-1055,1400,-1898,3,69,0,13,1,531,9352,1202,40,0,13331,1500,1410,1662,1603,-540,99,-649,119,-561,93,255,-661,-14,-30,-52,147
43626,170,-143,-131,32,951,-4717,-4519,1458,52,-21,0,13,0,530,9316,1201,-57,0,14018,1598,1576,1743,1722,-480,69,-577,83,-430,34,244,-611,43,-30,-52,148
43676,621,-804,155,158,878,714,-1284,-2081,26,-49,0,12,0,530,9316,1207,-37,0,17139,1529,1527,1754,1710,-358,121,-432,147,-362,88,255,-585,41,-32,-53,149
43726,-184,-1042,-123,183,935,-2031,7565,-2508,98,-109,4,12,0,493,8061,1207,44,0,12283,1423,1439,1699,1602,-382,102,-462,123,-590,134,255,-524,150,-33,-53,155
43776,-140,-177,-220,-168,867,5841,10494,-2691,61,-42,0,13,0,495,8127,1224,1,0,12285,1601,1523,1771,1686,-378,68,-462,84,-479,-25,255,-462,192,-33,-52,151
43826,611,284,216,210,835,8832,-2932,-1409,40,59,2,13,1,494,8094,1213,42,0,13121,1489,1412,1683,1638,-202,153,-245,185,-170,25,255,-408,196,-34,-51,148
43876,898,82,-154,176,853,9747,-4214,-311,11,-2,2,13,1,495,8127,1217,43,0,10952,1552,1481,1679,1640,-159,142,-193,173,-101,50,255,-305,266,-35,-51,147
43926,1080,-137,212,79,944,4498,-4580,726,-22,15,2,12,0,495,8127,1212,33,0,12075,1548,1477,1696,1649,-102,190,-124,230,-68,127,255,-219,259,-36,-50,148
43976,584,-561,2,159,1170,-2092,-4702,238,23,-44,0,12,0,494,8094,1204,58,0,11564,1464,1440,1636,1598,-78,134,-94,162,-19,195,255,-125,322,-37,-50,146
44026,470,-591,-66,-108,700,-1787,-3665,2191,8,-60,0,13,0,495,8127,1226,27,0,14758,1568,1540,1725,1673,-63,142,-78,174,-16,219,255,-150,289,-37,-49,148
44076,-236,-914,-176,-123,1096,-2581,-64,115,74,-90,2,13,1,495,8127,1227,16,0,11659,1494,1471,1658,1628,-43,272,-53,334,-51,128,255,-133,294,-39,-49,149
44126,-768,-1058,85,58,1239,5902,-369,299,138,-83,2,12,0,457,6927,1220,9,0,13495,1495,1414,1634,1591,-17,279,-20,341,0,127,255,-95,312,-40,-49,143
44176,-364,-971,167,-254,1267,7184,3720,-433,78,-71,-2,12,0,457,6927,1196,-35,0,16064,1535,1482,1662,1632,22,256,27,306,-33,84,255,-76,229,-42,-50,147
44226,82,-1018,-164,-159,876,8283,4391,54,44,-111,-2,13,0,457,6927,1210,-1,0,11013,1539,1467,1661,1609,58,248,70,300,-8,120,255,-34,209,-43,-51,144
44276,451,-890,201,-112,677,3522,2194,421,10,-43,-2,13,1,379,4764,1198,-59,-40,14216,1498,1444,1651,1591,36,201,43,241,42,255,255,-85,213,-44,-50,146
44326,172,-703,-1,-96,1090,1996,-918,3594,42,-58,-2,13,0,361,4322,1206,-33,-155,5500,1443,1436,1603,1587,92,198,111,239,118,227,255,-12,205,-45,-51,148
44376,-311,-1114,40,-53,1078,6085,1278,1214,91,-92,-4,13,0,358,4250,1192,-148,-164,15774,1585,1488,1665,1604,86,189,102,225,85,204,255,70,251,-45,-51,150
44426,443,-1351,19,-28,1125,-5571,1950,2313,21,-115,0,13,0,359,4274,1197,-219,-164,14376,1581,1611,1710,1727,148,241,178,289,215,369,255,162,272,-46,-52,153
44476,236,-1147,228,172,1323,-750,2926,-616,54,-79,-2,12,1,360,4298,1163,-189,-164,13623,1534,1466,1643,1615,138,250,160,290,203,251,255,141,283,-46,-52,153
44526,94,-1601,228,-91,617,4315,729,1092,44,-99,0,13,1,358,4250,1166,-174,-167,11558,1562,1486,1657,1633,277,423,323,493,239,307,255,185,248,-48,-53,149
44576,3,-1518,39,26,1171,5780,6222,1336,67,-130,0,12,0,359,4274,1146,-230,-164,14878,1587,1505,1699,1673,266,404,304,463,221,315,255,250,275,-48,-55,149
44626,607,-1948,93,-80,1242,6452,8663,482,11,-166,-2,13,0,358,4250,1123,-233,-167,15300,1482,1465,1659,1613,364,332,409,373,241,337,255,253,228,-49,-57,152
44676,409,-1300,-109,181,1115,1508,6710,482,43,-121,0,12,1,359,4274,1135,-164,-164,11641,1548,1484,1631,1596,383,566,435,642,263,370,255,262,352,-51,-61,153
44726,1078,-651,65,65,962,5231,2987,1519,-24,-48,-2,12,0,358,4250,1136,-164,-167,12975,1599,1516,1701,1658,479,479,545,544,417,340,255,220,381,-54,-62,151
44776,899,-245,-198,73,817,-1177,-735,2801,-1,-42,-2,13,0,359,4274,1117,-179,-155,15920,1606,1594,1723,1698,465,650,520,727,494,601,255,302,471,-57,-65,152
44826,781,-77,-11,-14,1017,-2764,-2139,238,-5,-3,-2,13,0,348,4016,1116,-151,-208,9625,1501,1459,1637,1612,560,501,625,560,628,509,255,324,542,-60,-66,150
44876,167,24,-76,-97,297,2728,-4458,2496,16,-14,-2,12,1,325,3503,1092,-210,-300,9109,1337,1298,1455,1443,626,560,684,611,724,579,244,362,570,-64,-67,149
44926,-13,-369,-136,-92,345,-261,-6472,2862,40,-65,0,13,0,260,2242,1082,-309,-560,5500,1498,1490,1609,1600,577,544,624,588,738,582,244,393,541,-66,-67,151
44976,-681,-754,215,28,776,1141,-5740,3228,127,-30,-2,12,1,217,1561,1088,-393,-740,5500,1322,1239,1442,1396,593,585,646,636,742,576,255,488,596,-69,-68,152
45026,-167,-1283,262,66,533,7245,-5252,7440,97,-61,0,13,0,223,1649,1063,-547,-708,14369,1456,1440,1538,1537,832,723,885,769,901,705,255,509,593,-72,-68,152
45076,249,-1831,-108,96,713,-5877,-2627,7135,55,-173,-4,13,0,223,1649,1011,-737,-708,16985,1633,1656,1709,1676,874,776,885,785,824,841,244,578,654,-75,-71,155
45126,-250,-1730,-50,-8,1037,5475,-491,4022,65,-155,-4,8,0,224,1664,997,-689,-704,11889,1520,1453,1595,1571,724,797,722,795,735,715,255,565,667,-77,-72,152
45176,-284,-2255,89,31,654,-1787,485,3961,95,-183,-2,13,0,224,1664,940,-774,-704,13212,1544,1554,1619,1623,978,976,919,918,871,940,255,676,735,-81,-74,151
45226,110,-2311,42,328,775,-444,5490,4632,97,-199,0,13,0,224,1664,910,-776,-704,11921,1621,1562,1675,1634,1051,1106,957,1006,883,1043,255,710,834,-83,-76,154
45276,87,-1621,52,-70,610,-2031,8419,3900,45,-135,0,13,0,223,1649,883,-803,-708,14298,1580,1553,1677,1663,1161,1234,1025,1090,1057,1178,255,701,897,-87,-78,156
45326,130,-1385,142,-65,1129,5597,3903,4876,47,-108,0,12,0,223,1649,813,-851,-708,17419,1596,1558,1661,1639,1304,1219,1060,991,1235,1176,234,760,876,-90,-79,157
45376,485,-722,49,116,1337,1752,2621,2191,29,-58,-2,12,0,222,1634,748,-894,-704,18576,1684,1656,1720,1716,1411,1445,1055,1081,1381,1373,204,826,939,-94,-82,156
45426,1013,-417,-120,-108,1268,-5816,668,54,-35,-43,-2,13,0,224,1664,700,-835,-704,16801,1596,1593,1689,1668,1579,1569,1105,1098,1571,1676,244,831,994,-96,-83,159
45476,1064,-301,-15,-11,1384,-7769,2987,1824,-36,-25,-2,12,0,223,1649,678,-712,-704,10320,1493,1471,1614,1572,1748,1803,1185,1222,1710,1945,0,952,1054,-100,-86,160
45526,920,-195,-109,258,1213,-10881,4330,2496,-2,-24,-2,12,0,223,1649,638,-721,-708,13505,1534,1547,1641,1642,1716,1705,1095,1087,1698,1839,122,1042,1126,-101,-86,163
45576,191,-383,106,-66,931,-11004,485,2679,37,-19,0,13,0,224,1664,578,-820,-708,18512,1638,1620,1711,1692,2035,1915,1176,1107,2009,2125,0,1026,1157,-103,-85,157
45626,-167,-370,40,-227,569,-1360,-2017,238,38,-21,2,12,0,224,1664,549,-744,-704,14917,1605,1548,1662,1673,2103,1983,1154,1089,2184,1919,112,1073,1060,-103,-85,160
45676,340,-367,-13,83,1185,-1482,-7266,1153,42,-27,-2,13,0,224,1664,531,-651,-704,8285,1479,1474,1590,1588,2164,2026,1149,1075,2293,1977,0,1135,1130,-104,-85,158
45726,-183,-781,-47,64,809,-6487,-1956,3656,87,-71,-4,13,0,224,1664,533,-546,-704,10674,1314,1343,1468,1440,2164,2026,1153,1080,2293,1977,0,1113,1115,-104,-84,159
45776,-1014,-389,-107,-125,956,2057,-11050,2435,144,-34,0,13,1,223,1649,462,-708,-708,14564,1620,1617,1640,1697,2164,2026,999,936,2293,1977,0,1063,1096,-104,-83,161
45826,-223,-687,-92,-104,1014,7001,-5252,-555,75,-64,-2,12,0,223,1649,436,-748,-708,16805,1594,1526,1714,1687,2164,2026,943,883,2293,1977,0,1082,1033,-103,-82,159
45876,310,-1104,-104,12,1018,1325,1156,-6,37,-102,0,12,1,224,1664,378,-785,-704,14969,1536,1567,1687,1687,2164,2026,818,765,2293,1977,0,1036,982,-100,-79,154
45926,454,-689,230,66,1289,2118,912,-677,25,-36,4,11,1,223,1649,318,-783,-708,12395,1494,1476,1652,1645,2164,2026,688,644,2293,1977,0,919,884,-98,-77,150
45976,-89,-667,142,-194,1091,-3130,-13613,-1837,44,-36,0,11,0,223,1649,313,-739,-704,15085,1563,1482,1637,1707,2164,2026,677,634,2293,1977,0,902,854,-95,-75,157
46026,-356,-1041,-50,77,1009,8710,-11904,-2325,113,-92,-2,13,0,224,1664,284,-751,-704,16854,1673,1619,1761,1764,2164,2026,614,575,2293,1977,0,830,818,-93,-72,158
46076,568,-1243,33,146,791,10297,-1345,-4339,35,-105,-2,12,0,223,1649,215,-667,-704,11296,1512,1445,1645,1636,2164,2026,465,435,2293,1977,0,717,717,-90,-69,156
46126,989,-933,82,54,1218,5353,-4153,1153,-18,-63,-2,12,2,224,1664,211,-667,-704,16570,1412,1400,1566,1580,2164,2026,456,427,2293,1977,0,620,677,-88,-66,153
46176,1042,-850,194,80,996,5902,-4641,-2569,-19,-47,0,12,1,224,1664,172,-625,-704,10875,1450,1406,1522,1593,2164,2026,372,348,2293,1977,0,550,560,-86,-63,154
46226,1142,-1035,-92,130,1013,2667,-13858,-311,-24,-88,-2,12,1,223,1649,139,-683,-708,14155,1538,1506,1563,1641,2164,2026,300,281,2293,1977,0,480,540,-84,-61,158
46276,779,-2084,97,-8,883,-505,-9036,177,-4,-166,-2,13,0,224,1664,143,-619,-704,13093,1515,1491,1576,1608,2164,2026,309,289,2293,1977,0,438,486,-82,-58,152
46326,805,-2387,-8,92,830,-872,-8975,2069,5,-202,-2,13,1,225,1679,109,-578,-700,9339,1455,1445,1542,1590,2164,2026,235,220,2293,1977,0,355,455,-80,-55,151
46426,-3846,-2354,61,-795,2007,-31145,-76113,26116,391,-165,,,,,,,,,,,,,,,,,,,,,,,,,
