26,110,207,89,-91,1023,0,494,-5685,-18,27,0,0,0,0,0,56,344,-1600,0,1150,1150,1150,1150,0,0,0,0,0,0,0,101,,,,,,,,,,,,,,,,,,,,,,,,,,,,,,,
76,-85,51,-2,-15,1006,-1038,-238,-9,9,4,0,0,0,0,0,78,304,-1600,0,1150,1150,1150,1150,0,0,0,0,0,0,0,99,,,,,,,,,,,,,,,,,,,,,,,,,,,,,,,
126,151,334,-32,31,1030,1036,1104,296,-6,29,0,0,0,0,0,57,206,-1600,0,1150,1150,1150,1168,0,0,0,0,0,0,0,103,,,,,,,,,,,,,,,,,,,,,,,,,,,,,,,
176,-66,-36,77,-66,961,-1099,-1092,-3488,1,5,0,0,0,0,0,96,210,-1600,0,1164,1150,1150,1150,0,0,0,0,0,0,0,104,,,,,,,,,,,,,,,,,,,,,,,,,,,,,,,
226,177,269,-63,94,1026,1342,372,4202,-2,20,0,0,0,0,0,71,136,-1600,0,1150,1150,1158,1168,0,0,0,0,0,0,0,103,,,,,,,,,,,,,,,,,,,,,,,,,,,,,,,
276,-6,-76,149,-112,987,0,6,-5197,-11,8,0,0,0,0,0,95,83,-1600,0,1150,1150,1150,1150,0,0,0,0,0,0,0,98,,,,,,,,,,,,,,,,,,,,,,,,,,,,,,,
326,107,184,-122,65,967,731,1287,4751,1,2,0,0,0,0,0,55,37,-1600,0,1150,1150,1150,1150,0,0,0,0,0,0,0,100,,,,,,,,,,,,,,,,,,,,,,,,,,,,,,,
376,37,74,46,-47,1045,0,-54,-1473,0,14,0,1,0,0,0,69,43,-1600,0,1150,1150,1150,1150,0,0,0,0,0,0,0,97,,,,,,,,,,,,,,,,,,,,,,,,,,,,,,,
426,51,-36,-22,83,1025,1036,-1641,1211,4,-4,-2,0,0,0,0,127,29,-1600,0,1150,1150,1150,1150,0,0,0,0,0,0,0,104,,,,,,,,,,,,,,,,,,,,,,,,,,,,,,,
476,108,128,-60,36,960,548,860,2493,-5,4,-2,0,0,0,0,76,49,-1600,0,1150,1150,1150,1150,0,0,0,0,0,0,0,100,,,,,,,,,,,,,,,,,,,,,,,,,,,,,,,
526,-4,-30,31,-10,1030,-1038,-1031,-2999,5,0,-2,1,0,0,0,64,-1,-1600,0,1154,1150,1150,1150,0,0,0,0,0,0,0,104,,,,,,,,,,,,,,,,,,,,,,,,,,,,,,,
576,71,67,-80,49,1003,1403,189,4812,2,-2,2,0,0,0,0,117,76,-1600,0,1150,1150,1150,1150,0,0,0,0,0,0,0,100,,,,,,,,,,,,,,,,,,,,,,,,,,,,,,,
626,-46,64,45,-41,944,-977,-482,-3793,0,14,0,0,0,0,0,137,86,-1600,0,1150,1150,1150,1150,0,0,0,0,0,0,0,102,,,,,,,,,,,,,,,,,,,,,,,,,,,,,,,
676,155,-269,28,90,973,670,-360,418,0,-20,2,0,0,0,0,83,-51,-1600,0,1150,1150,1150,1150,0,0,0,0,0,0,0,101,,,,,,,,,,,,,,,,,,,,,,,,,,,,,,,
726,-29,52,-31,-73,1005,-794,1287,-192,-1,-2,2,0,0,0,0,46,-58,-1600,0,1150,1150,1150,1173,0,0,0,0,0,0,0,104,,,,,,,,,,,,,,,,,,,,,,,,,,,,,,,
776,68,-158,146,37,1044,426,-1275,-3366,-2,4,-2,0,0,0,0,75,-9,-1600,0,1150,1155,1150,1150,0,0,0,0,0,0,0,104,,,,,,,,,,,,,,,,,,,,,,,,,,,,,,,
826,130,-17,-151,-14,1052,-488,921,4995,-13,-13,0,0,0,0,0,59,-22,-1600,0,1150,1150,1156,1186,0,0,0,0,0,0,0,107,,,,,,,,,,,,,,,,,,,,,,,,,,,,,,,
876,50,-12,178,-42,1059,914,-726,-5624,-4,12,-2,0,0,0,0,32,-110,-1600,0,1150,1156,1150,1150,0,0,0,0,0,0,0,106,,,,,,,,,,,,,,,,,,,,,,,,,,,,,,,
926,194,-122,-81,-34,946,-305,-482,1760,-17,-19,-2,0,0,0,0,94,11,-1600,0,1150,1150,1150,1150,0,0,0,0,0,0,0,107,,,,,,,,,,,,,,,,,,,,,,,,,,,,,,,
976,163,90,23,-47,978,1159,738,-924,-15,10,-4,0,0,0,0,114,22,-1600,0,1150,1150,1150,1150,0,0,0,0,0,0,0,103,,,,,,,,,,,,,,,,,,,,,,,,,,,,,,,
1026,-12,-241,22,3,951,-549,189,-2389,1,-19,-4,0,0,0,0,74,113,-1600,0,1150,1150,1150,1150,0,0,0,0,0,0,0,104,,,,,,,,,,,,,,,,,,,,,,,,,,,,,,,
1076,248,11,-67,17,1008,670,616,2554,-13,-6,-2,1,0,0,0,40,-106,-1600,0,1150,1150,1150,1150,0,0,0,0,0,0,0,105,,,,,,,,,,,,,,,,,,,,,,,,,,,,,,,
1126,48,-203,107,-42,967,60,-238,-4708,-1,-6,-4,1,0,0,0,74,-26,-1600,0,1151,1150,1150,1150,0,0,0,0,0,0,0,105,,,,,,,,,,,,,,,,,,,,,,,,,,,,,,,
1176,249,-44,-103,122,973,304,6,5667,-5,-11,-2,0,0,0,0,90,-18,-1600,0,1150,1150,1150,1150,0,0,0,0,0,0,0,104,,,,,,,,,,,,,,,,,,,,,,,,,,,,,,,
1226,151,-26,78,-91,936,-122,372,-1290,-20,5,-2,0,0,0,0,98,88,-1600,0,1150,1150,1150,1150,0,0,0,0,0,0,0,104,,,,,,,,,,,,,,,,,,,,,,,,,,,,,,,
1276,-42,-227,-17,42,994,-366,-1702,967,1,-14,0,0,0,0,0,84,48,-1600,0,1150,1150,1150,1150,0,0,0,0,0,0,0,104,,,,,,,,,,,,,,,,,,,,,,,,,,,,,,,
1326,193,64,-50,-39,946,853,738,3347,-21,0,0,0,0,0,0,118,19,-1600,0,1150,1150,1150,1174,0,0,0,0,0,0,0,102,,,,,,,,,,,,,,,,,,,,,,,,,,,,,,,
1376,-126,-101,91,-54,988,-61,-1214,-4220,5,0,-2,0,0,0,0,110,127,-1600,0,1165,1150,1150,1150,0,0,0,0,0,0,0,107,,,,,,,,,,,,,,,,,,,,,,,,,,,,,,,
1426,50,20,-107,22,1060,975,-177,4263,-1,-4,-2,0,0,0,0,56,-82,-1600,0,1150,1150,1150,1150,0,0,0,0,0,0,0,104,,,,,,,,,,,,,,,,,,,,,,,,,,,,,,,
1476,-98,36,77,-84,916,0,-115,-4098,6,11,0,1,0,0,0,124,-49,-1600,0,1150,1150,1150,1150,0,0,0,0,0,0,0,101,,,,,,,,,,,,,,,,,,,,,,,,,,,,,,,
1526,59,-39,-88,89,931,1098,-54,1882,15,-20,0,2,-1,0,0,100,-12,-1600,0,1150,1150,1150,1150,0,0,0,0,0,0,0,105,,,,,,,,,,,,,,,,,,,,,,,,,,,,,,,
1576,-103,114,-58,-95,1040,-244,1043,-1535,3,4,0,0,0,0,0,117,88,-1600,0,1150,1150,1150,1150,0,0,0,0,0,0,0,106,,,,,,,,,,,,,,,,,,,,,,,,,,,,,,,
1626,-33,-125,46,107,930,1647,-909,-3121,18,-5,2,0,0,0,0,46,-20,-1600,0,1150,1150,1150,1150,0,0,0,0,0,0,0,106,,,,,,,,,,,,,,,,,,,,,,,,,,,,,,,
1676,73,132,-102,-114,1010,-427,-482,3652,-25,1,-2,-1,0,0,0,59,-109,-1600,0,1150,1150,1150,1175,0,0,0,0,0,0,0,110,,,,,,,,,,,,,,,,,,,,,,,,,,,,,,,
1726,-95,-39,153,45,973,304,677,-5563,16,12,0,0,0,0,0,83,8,-1600,0,1150,1150,1150,1150,0,0,0,0,0,0,0,101,,,,,,,,,,,,,,,,,,,,,,,,,,,,,,,
1776,223,-142,-85,35,916,-549,-482,5056,-12,-21,0,0,0,0,0,82,69,-1600,0,1150,1150,1158,1150,0,0,0,0,0,0,0,106,,,,,,,,,,,,,,,,,,,,,,,,,,,,,,,
1826,120,271,-61,-94,1091,60,616,-558,-15,18,-4,0,0,0,0,81,-21,-1600,0,1150,1150,1150,1150,0,0,0,0,0,0,0,105,,,,,,,,,,,,,,,,,,,,,,,,,,,,,,,
1876,97,-210,66,33,967,975,-238,662,-4,-4,-2,0,1,0,0,80,76,-1600,0,1150,1150,1150,1150,0,0,0,0,0,0,0,101,,,,,,,,,,,,,,,,,,,,,,,,,,,,,,,
1926,262,176,-189,24,1050,-1099,677,2981,-17,-6,0,0,0,0,0,47,-61,-1600,0,1150,1150,1150,1177,0,0,0,0,0,0,0,107,,,,,,,,,,,,,,,,,,,,,,,,,,,,,,,
1976,52,-201,212,-58,909,182,-2008,-4647,-11,9,-2,0,0,0,0,66,-27,-1600,0,1154,1169,1150,1150,0,0,0,0,0,0,0,107,,,,,,,,,,,,,,,,,,,,,,,,,,,,,,,
2026,152,-41,-117,47,936,243,-360,4934,-4,-16,0,0,0,0,0,94,70,-1600,0,1150,1150,1150,1150,0,0,0,0,0,0,0,104,,,,,,,,,,,,,,,,,,,,,,,,,,,,,,,
2076,-19,-57,77,-81,912,0,-54,-3244,-7,10,2,0,1,0,0,104,122,-1600,0,1150,1150,1150,1150,0,0,0,0,0,0,0,102,,,,,,,,,,,,,,,,,,,,,,,,,,,,,,,
2126,-84,-216,34,76,997,182,6,540,15,-15,2,0,0,0,0,36,-125,-1600,0,1150,1150,1150,1150,0,0,0,0,0,0,0,101,,,,,,,,,,,,,,,,,,,,,,,,,,,,,,,
2176,95,78,-41,-58,1094,-733,1531,234,-14,2,2,0,0,0,0,68,27,-1600,0,1150,1150,1150,1150,0,0,0,0,0,0,0,102,,,,,,,,,,,,,,,,,,,,,,,,,,,,,,,
2226,-235,-63,116,-64,1000,-855,-1031,-4098,14,6,-4,0,0,0,0,112,-13,-1600,0,1174,1150,1150,1150,0,0,0,0,0,0,0,110,,,,,,,,,,,,,,,,,,,,,,,,,,,,,,,
2276,121,-34,-141,93,1094,609,-238,4995,5,-12,0,1,0,0,0,85,-24,-1600,0,1150,1150,1150,1150,0,0,0,0,0,0,0,105,,,,,,,,,,,,,,,,,,,,,,,,,,,,,,,
2326,-231,140,29,-134,976,-1404,372,-3121,5,15,0,0,0,0,0,124,-39,-1600,0,1150,1150,1150,1150,0,0,0,0,0,0,0,107,,,,,,,,,,,,,,,,,,,,,,,,,,,,,,,
2376,18,-237,43,118,968,304,-1458,2371,14,-19,-2,0,0,0,0,52,-53,-1600,0,1150,1150,1150,1150,0,0,0,0,0,0,3876,27,-197,90,-6,1044,304,-665,-4830,-2,-5,0,0,0,0,0,125,-45,-1600,0,1150,1150,1150,1150,0,0,0,0,0,0,0,105,
3926,58,13,-87,-56,986,304,67,4812,-10,-4,-2,0,0,0,0,78,20,-1600,0,1150,1150,1150,1150,0,0,0,0,0,0,0,101,,,,,,,,,,,,,,,,,,,,,,,,,,,,,,,
3976,57,30,89,-3,1051,-183,-238,-2450,-2,11,0,0,0,0,0,130,33,-1600,0,1150,1150,1150,1150,0,0,0,0,0,0,0,103,,,,,,,,,,,,,,,,,,,,,,,,,,,,,,,
4026,-28,-166,11,-45,1009,-794,-360,1760,4,-13,-2,1,0,0,0,131,109,-1600,0,1150,1150,1150,1150,0,0,0,0,0,0,0,108,,,,,,,,,,,,,,,,,,,,,,,,,,,,,,,
4076,13,106,-24,9,1073,609,1776,2676,3,9,-2,0,0,0,0,59,-27,-1600,0,1150,1150,1150,1163,0,0,0,0,0,0,0,101,,,,,,,,,,,,,,,,,,,,,,,,,,,,,,,
4126,36,-30,53,-29,1021,-549,921,-3732,-6,5,-43,0,0,0,0,57,-118,-1600,0,1150,1150,1150,1150,0,0,0,0,0,0,0,106,,,,,,,,,,,,,,,,,,,,,,,,,,,,,,,
4176,-22,-15,-54,0,1096,-610,982,3286,5,-6,-81,0,0,0,0,51,-53,-1600,0,1150,1150,1154,1194,0,0,0,0,0,0,0,104,,,,,,,,,,,,,,,,,,,,,,,,,,,,,,,
4226,-138,-25,29,13,1003,-366,-726,-2633,13,1,-6,0,0,0,0,107,-4,-1600,0,1150,1150,1150,1150,0,0,0,0,0,0,0,106,,,,,,,,,,,,,,,,,,,,,,,,,,,,,,,
4276,-96,-36,-2,4,938,-61,-543,-314,12,-3,-6,0,0,0,0,106,42,-1600,0,1150,1150,1150,1150,0,0,0,0,0,0,0,102,,,,,,,,,,,,,,,,,,,,,,,,,,,,,,,
4326,-69,35,40,-71,1033,-305,555,112,2,6,-6,0,0,0,0,63,3,-1600,0,1150,1150,1150,1158,0,0,0,0,0,0,0,99,,,,,,,,,,,,,,,,,,,,,,,,,,,,,,,
4376,-186,-42,66,-15,1002,-183,-604,-4769,18,6,-6,0,0,0,0,77,25,-1600,0,1158,1150,1150,1150,0,0,0,0,0,0,0,106,,,,,,,,,,,,,,,,,,,,,,,,,,,,,,,
4426,-76,-111,-22,45,935,731,860,4690,15,-9,-8,0,0,0,0,137,39,-1600,0,1150,1150,1150,1150,0,0,0,0,0,0,0,104,,,,,,,,,,,,,,,,,,,,,,,,,,,,,,,
4476,-111,-137,14,18,1006,-305,67,-4769,15,-10,-4,0,0,0,0,144,31,-1600,0,1150,1150,1150,1150,0,0,0,0,0,0,0,107,,,,,,,,,,,,,,,,,,,,,,,,,,,,,,,
4526,-197,-149,-27,-29,1048,853,616,3775,15,-16,-4,0,0,0,0,59,-35,-1600,0,1150,1150,1150,1150,0,0,0,0,0,0,0,108,,,,,,,,,,,,,,,,,,,,,,,,,,,,,,,
4576,-162,64,6,-22,1045,60,921,1150,15,5,-6,0,0,0,0,76,-50,-1600,0,1150,1150,1150,1150,0,0,0,0,0,0,0,101,,,,,,,,,,,,,,,,,,,,,,,,,,,,,,,
4626,-57,-23,-16,15,935,-610,-970,-314,6,0,-4,0,0,0,0,42,-57,-1600,0,1150,1150,1150,1150,0,0,0,0,0,0,0,103,,,,,,,,,,,,,,,,,,,,,,,,,,,,,,,
4676,-6,151,-29,15,1028,426,1654,4568,2,16,-6,0,1,0,0,76,13,-1600,0,1150,1150,1150,1167,0,0,0,0,0,0,0,102,,,,,,,,,,,,,,,,,,,,,,,,,,,,,,,
4726,41,84,56,-22,994,-1465,-665,-4464,-3,17,-6,0,0,0,0,95,32,-1600,0,1150,1150,1150,1150,0,0,0,0,0,0,0,104,,,,,,,,,,,,,,,,,,,,,,,,,,,,,,,
4776,98,125,-71,35,1046,1342,128,4141,-1,4,-2,0,0,0,0,76,0,-1600,0,1150,1150,1150,1150,0,0,0,0,0,0,0,101,,,,,,,,,,,,,,,,,,,,,,,,,,,,,,,
4826,70,111,41,21,957,792,-604,-3610,-3,18,-2,0,0,0,0,61,-59,-1600,0,1150,1150,1150,1150,0,0,0,0,0,0,0,103,,,,,,,,,,,,,,,,,,,,,,,,,,,,,,,
4876,-18,66,-12,19,949,-244,-909,-619,7,5,-2,0,0,0,0,51,12,-1600,0,1150,1150,1150,1150,0,0,0,0,0,0,0,101,,,,,,,,,,,,,,,,,,,,,,,,,,,,,,,
4926,3,260,-40,16,978,1281,128,1882,5,18,-4,0,0,0,0,97,6,-1600,0,1150,1150,1150,1151,0,0,0,0,0,0,0,99,,,,,,,,,,,,,,,,,,,,,,,,,,,,,,,
4976,-99,12,15,-54,899,-1587,-848,-4098,8,10,-2,1,1,0,0,66,-30,-1600,0,1150,1150,1150,1150,0,0,0,0,0,0,0,105,,,,,,,,,,,,,,,,,,,,,,,,,,,,,,,
5026,32,178,-53,74,1012,-366,67,2737,4,13,-2,0,0,0,0,82,49,-1600,0,1150,1150,1150,1150,0,0,0,0,0,0,0,101,,,,,,,,,,,,,,,,,,,,,,,,,,,,,,,
5076,56,150,63,-7,952,-305,-299,-2145,-2,20,-4,0,0,0,0,63,10,-1600,0,1150,1150,1150,1150,0,0,0,0,0,0,0,103,,,,,,,,,,,,,,,,,,,,,,,,,,,,,,,
5126,59,39,-17,21,1007,-671,-726,-2145,0,1,-4,0,0,0,0,56,1,-1600,0,1150,1150,1150,1150,0,0,0,0,0,0,0,101,,,,,,,,,,,,,,,,,,,,,,,,,,,,,,,
5176,105,126,-37,-47,1038,-183,1470,2798,-14,10,-2,0,0,0,0,74,-25,-1600,0,1150,1150,1150,1150,0,0,0,0,0,0,0,108,,,,,,,,,,,,,,,,,,,,,,,,,,,,,,,
5226,-35,-73,34,18,988,-244,-726,-4647,8,4,-2,0,1,0,0,36,77,-1600,0,1154,1150,1150,1150,0,0,0,0,0,0,0,102,,,,,,,,,,,,,,,,,,,,,,,,,,,,,,,
5276,82,11,-29,-21,1010,609,921,4263,-5,-2,-4,0,0,115,438,45,-91,-1344,135,1150,1150,1150,1150,0,0,0,0,0,0,0,109,,,,,,,,,,,,,,,,,,,,,,,,,,,,,,,
5326,-140,28,44,-28,967,121,-54,-1596,13,10,-2,0,0,161,859,68,-7,-956,859,1150,1150,1150,1150,0,0,0,0,0,0,0,108,,,,,,,,,,,,,,,,,,,,,,,,,,,,,,,
5376,-4,-131,7,28,1028,792,-970,173,7,-10,-4,0,0,162,870,44,-10,-948,881,1150,1158,1150,1150,0,0,0,0,0,0,0,107,,,,,,,,,,,,,,,,,,,,,,,,,,,,,,,
5426,-140,211,8,-42,1024,-916,1470,2798,7,22,-4,0,0,200,1326,96,66,-800,1326,1150,1150,1160,1221,0,0,0,0,0,0,0,111,,,,,,,,,,,,,,,,,,,,,,,,,,,,,,,
5476,47,14,-5,65,1036,60,-1214,-863,2,4,-2,0,0,231,1769,96,-15,-716,1619,1190,1201,1164,1150,0,0,0,0,0,0,0,107,,,,,,,,,,,,,,,,,,,,,,,,,,,,,,,
5526,-55,247,-16,-29,1087,-427,433,1821,5,20,-2,0,0,229,1739,77,67,-684,1739,1150,1150,1184,1251,0,0,0,0,0,0,0,111,,,,,,,,,,,,,,,,,,,,,,,,,,,,,,,
5576,-92,-153,51,-4,963,-977,-2313,-70,7,-10,-4,0,0,230,1754,70,94,-680,1754,1187,1167,1191,1173,0,0,0,0,0,0,0,111,,,,,,,,,,,,,,,,,,,,,,,,,,,,,,,
5626,72,197,113,-74,1021,426,372,-1657,-13,25,-4,0,0,259,2224,92,71,-564,2224,1192,1227,1157,1166,0,0,0,0,0,0,0,112,,,,,,,,,,,,,,,,,,,,,,,,,,,,,,,
5676,126,112,-147,145,947,914,738,3530,8,-6,-4,0,0,259,2224,81,-35,-564,2224,1150,1175,1232,1265,0,0,0,0,0,0,0,111,,,,,,,,,,,,,,,,,,,,,,,,,,,,,,,
5726,-239,-139,37,-47,965,-1831,-2801,-2267,19,-3,-4,0,0,257,2190,55,-85,-572,2190,1275,1250,1179,1150,0,0,0,0,0,0,0,117,,,,,,,,,,,,,,,,,,,,,,,,,,,,,,,
5776,-116,23,63,-50,986,-183,-482,1882,5,12,-4,0,0,260,2242,101,57,-568,2207,1213,1188,1219,1210,0,0,0,0,0,0,0,111,,,,,,,,,,,,,,,,,,,,,,,,,,,,,,,
5826,-39,100,-35,-44,942,365,1593,4385,2,4,-2,0,0,260,2242,83,63,-560,2242,1150,1150,1274,1284,0,0,0,0,0,0,0,109,,,,,,,,,,,,,,,,,,,,,,,,,,,,,,,
5876,27,92,-38,-64,940,-1404,1531,-2938,-6,3,-2,0,0,261,2259,93,55,-560,2242,1189,1151,1244,1244,0,0,0,0,0,0,0,111,,,,,,,,,,,,,,,,,,,,,,,,,,,,,,,
5926,60,162,-35,-23,1017,-244,494,-5136,-7,21,-4,0,2,293,2847,93,67,-427,2847,1266,1251,1226,1227,0,0,0,0,0,0,0,112,,,,,,,,,,,,,,,,,,,,,,,,,,,,,,,
5976,-94,100,35,-95,993,-855,1165,-6845,1,15,0,0,0,331,3633,47,32,-276,3633,1324,1314,1234,1242,0,0,0,0,0,0,0,110,,,,,,,,,,,,,,,,,,,,,,,,,,,,,,,
6026,-181,27,3,-86,1035,243,2020,-3488,11,-1,-2,0,0,330,3612,55,2,-279,3612,1342,1333,1217,1202,0,0,0,0,0,0,0,110,,,,,,,,,,,,,,,,,,,,,,,,,,,,,,,
6076,-124,77,-5,61,1100,670,-787,-1596,20,10,-4,0,0,359,4274,49,-103,-195,4086,1341,1343,1277,1230,0,0,0,0,0,0,0,113,,,,,,,,,,,,,,,,,,,,,,,,,,,,,,,
6126,-50,-92,-14,18,948,-1831,-787,-1779,9,-9,-2,0,0,385,4916,63,-92,-60,4916,1406,1341,1188,1258,0,0,0,0,0,0,0,112,,,,,,,,,,,,,,,,,,,,,,,,,,,,,,,
6176,-83,-101,25,-47,1039,2562,1043,173,7,-3,-2,0,0,396,5201,64,-32,-7,5254,1368,1419,1306,1284,0,0,0,0,0,0,0,110,,,,,,,,,,,,,,,,,,,,,,,,,,,,,,,
6226,46,-229,23,7,1055,-3479,-4266,1211,-4,-16,-2,0,0,411,5602,90,32,0,5602,1404,1368,1285,1326,0,0,0,0,0,0,0,110,,,,,,,,,,,,,,,,,,,,,,,,,,,,,,,
6276,-143,-337,70,-55,765,-5188,-1947,1882,6,-19,-2,0,0,444,6538,107,54,0,6104,1425,1391,1367,1326,0,0,0,0,0,0,0,113,,,,,,,,,,,,,,,,,,,,,,,,,,,,,,,
6326,-66,-438,26,-7,1082,1464,3302,-1046,5,-34,0,0,0,458,6957,67,-90,0,6957,1427,1413,1408,1382,0,0,0,0,0,0,0,110,,,,,,,,,,,,,,,,,,,,,,,,,,,,,,,
6376,-195,-418,18,-38,1043,-5371,2691,2432,14,-36,-4,0,0,460,7018,67,-60,0,6957,1388,1451,1413,1376,0,0,0,0,0,0,0,114,,,,,,,,,,,,,,,,,,,,,,,,,,,,,,,
6426,-102,-133,-128,-11,1254,731,1715,-436,12,-22,-2,0,0,462,7079,75,1,0,7079,1445,1420,1382,1390,0,0,0,0,0,0,0,112,,,,,,,,,,,,,,,,,,,,,,,,,,,,,,,
6476,77,-315,31,-6,733,-2258,-3045,-2206,-8,-22,-4,0,0,479,7610,56,20,0,7326,1434,1424,1398,1422,0,0,0,0,0,0,0,111,,,,,,,,,,,,,,,,,,,,,,,,,,,,,,,
6526,67,-154,-11,44,909,-1343,3240,-680,-1,-16,0,0,0,498,8225,45,-94,0,8225,1430,1452,1455,1454,0,0,0,0,0,0,0,110,,,,,,,,,,,,,,,,,,,,,,,,,,,,,,,
6576,169,-553,26,80,529,-2869,-3472,-1473,0,-42,-2,0,0,512,8694,62,-41,0,8458,1466,1469,1424,1460,0,0,0,0,0,0,0,112,,,,,,,,,,,,,,,,,,,,,,,,,,,,,,,
6626,316,-206,-94,112,1015,1769,250,-619,-12,-27,-2,0,0,513,8728,43,-32,0,8728,1480,1461,1442,1464,0,0,0,0,0,0,0,113,,,,,,,,,,,,,,,,,,,,,,,,,,,,,,,
6676,219,-312,-46,61,1221,2318,-787,-1901,-9,-27,-4,0,0,527,9211,89,99,0,9176,1505,1494,1465,1437,0,0,0,0,0,0,0,112,,,,,,,,,,,,,,,,,,,,,,,,,,,,,,,
6726,245,-580,77,-118,1445,1952,3729,-2023,-36,-47,-4,-1,0,547,9924,110,24,0,9924,1477,1487,1490,1490,0,0,0,0,0,0,0,116,,,,,,,,,,,,,,,,,,,,,,,,,,,,,,,
6776,113,72,-96,-9,1177,-916,3240,-2938,-21,-3,-4,-2,0,566,10625,60,-47,0,10625,1516,1518,1502,1526,0,0,0,0,0,0,0,114,,,,,,,,,,,,,,,,,,,,,,,,,,,,,,,
6826,163,-264,-19,-49,1060,792,555,173,-25,-29,-4,-1,0,567,10663,168,182,0,10663,1498,1510,1531,1523,0,0,0,0,0,0,0,115,,,,,,,,,,,,,,,,,,,,,,,,,,,,,,,
6876,18,-388,2,-50,952,304,1287,-253,-24,-34,0,-3,0,569,10738,82,74,0,10738,1521,1501,1526,1528,0,0,0,0,0,0,0,110,,,,,,,,,,,,,,,,,,,,,,,,,,,,,,,
6926,68,-699,203,30,1113,487,-1580,418,-13,-39,-6,-2,0,598,11861,119,23,0,11861,1528,1522,1528,1572,0,0,0,0,0,0,0,114,,,,,,,,,,,,,,,,,,,,,,,,,,,,,,,
6976,324,-371,8,-6,787,853,-3411,-4159,-32,-30,-4,0,0,610,12341,145,44,40,12341,1534,1540,1603,1561,0,0,0,0,0,0,0,114,,,,,,,,,,,,,,,,,,,,,,,,,,,,,,,
7026,294,-4,-201,-141,927,3905,2447,-1229,-40,-23,-2,0,0,618,12667,73,5,71,12667,1536,1506,1592,1630,0,0,0,0,0,0,0,115,,,,,,,,,,,,,,,,,,,,,,,,,,,,,,,
7076,-269,-150,9,-56,1246,7079,10443,-10079,19,-17,-2,0,0,620,12749,93,-63,80,12749,1566,1511,1639,1557,0,0,0,0,0,0,0,118,,,,,,,,,,,,,,,,,,,,,,,,,,,,,,,
7126,482,641,106,-116,1038,15380,7818,-4830,-44,64,-4,0,0,638,13500,73,-62,152,13500,1577,1523,1627,1611,0,0,0,0,0,0,0,119,,,,,,,,,,,,,,,,,,,,,,,,,,,,,,,
7176,520,902,125,145,1083,13671,8306,-7455,-26,88,-4,0,0,639,13543,121,159,155,13543,1595,1547,1634,1576,0,0,0,0,0,0,0,119,,,,,,,,,,,,,,,,,,,,,,,,,,,,,,,
7226,1207,1973,-216,-87,787,15441,18988,-4830,-112,143,-2,0,0,655,14230,91,188,219,14230,1605,1500,1686,1611,0,0,0,0,0,0,0,123,,,,,,,,,,,,,,,,,,,,,,,,,,,,,,,
7276,1472,2992,14,42,1204,17272,15325,-4220,-119,264,0,0,0,659,14404,45,35,231,14360,1565,1495,1698,1654,0,0,0,0,0,0,0,119,,,,,,,,,,,,,,,,,,,,,,,,,,,,,,,
7326,1489,3713,-93,-99,1063,11107,2630,-7699,-137,317,-4,0,0,658,14360,170,277,231,14360,1600,1469,1678,1663,0,0,0,0,0,0,0,123,,,,,,,,,,,,,,,,,,,,,,,,,,,,,,,
7376,1918,2664,157,-99,825,20324,-360,-9835,-174,256,-4,0,0,658,14360,188,318,231,14360,1616,1536,1653,1620,0,0,0,0,0,0,0,122,,,,,,,,,,,,,,,,,,,,,,,,,,,,,,,
7426,1994,2442,-109,142,1105,4515,-2740,-8798,-323,212,-4,-32,0,660,14448,119,216,240,14448,1566,1534,1672,1654,0,0,0,0,0,0,0,126,,,,,,,,,,,,,,,,,,,,,,,,,,,,,,,
7476,1541,1725,-118,164,1272,-122,-8416,-8126,-347,151,-2,-44,0,659,14404,167,365,240,14448,1564,1458,1685,1703,0,0,0,0,0,0,0,126,,,,,,,,,,,,,,,,,,,,,,,,,,,,,,,
7526,1064,811,-33,-173,937,-10559,-12384,-12033,-331,213,-4,-42,27,661,14491,190,388,244,14491,1622,1468,1665,1661,0,0,0,0,0,0,0,129,,,,,,,,,,,,,,,,,,,,,,,,,,,,,,,
7576,148,41,6,20,1372,-15625,-26666,-5990,-447,186,-4,-85,34,661,14491,210,446,244,14491,1549,1512,1660,1703,0,0,0,0,0,0,0,123,,,,,,,,,,,,,,,,,,,,,,,,,,,,,,,
7626,-774,-1050,34,-107,772,-20325,-21356,-6295,-306,28,-4,-70,21,662,14535,220,467,248,14535,1566,1464,1685,1701,0,0,0,0,0,0,0,128,,,,,,,,,,,,,,,,,,,,,,,,,,,,,,,
7676,-1455,-1606,-60,-86,1030,-7874,-5975,-9286,-126,-132,-2,-48,2,661,14491,271,535,248,14535,1556,1526,1694,1656,0,0,0,0,0,0,0,129,,,,,,,,,,,,,,,,,,,,,,,,,,,,,,,
7726,-1783,-1233,-12,-164,817,-4273,6781,-12460,-37,-103,-4,-34,2,661,14491,271,545,244,14491,1589,1488,1679,1666,0,0,0,0,0,0,0,128,,,,,,,,,,,,,,,,,,,,,,,,,,,,,,,
7776,-1652,-937,112,-48,1319,3112,433,-7882,36,-71,-4,-21,0,661,14491,348,637,244,14491,1540,1521,1686,1679,0,0,0,0,0,0,0,122,,,,,,,,,,,,,,,,,,,,,,,,,,,,,,,
7826,-1186,-556,35,-149,770,-7324,3790,-7455,-21,-49,-2,-20,0,661,14491,337,563,244,14491,1539,1483,1708,1689,0,0,0,0,0,0,0,124,,,,,,,,,,,,,,,,,,,,,,,,,,,,,,,
7876,-971,-191,86,2,1133,-10986,5438,-7882,-19,-15,-2,-20,0,673,15022,383,589,291,15022,1550,1524,1708,1690,0,0,0,0,0,0,0,122,,,,,,,,,,,,,,,,,,,,,,,,,,,,,,,
7926,-1415,271,-133,-27,998,-7996,-970,-9774,22,7,-2,-19,0,673,15022,417,646,291,15022,1541,1531,1684,1716,0,0,0,0,0,0,0,121,,,,,,,,,,,,,,,,,,,,,,,,,,,,,,,
7976,-1696,231,-113,-12,854,-4639,-4510,-8187,53,5,-121,-18,0,673,15022,428,620,287,14978,1511,1486,1715,1737,0,0,0,0,0,0,0,124,,,,,,,,,,,,,,,,,,,,,,,,,,,,,,,
8026,-1460,-114,128,-3,976,-4334,-5731,-2633,82,2,-286,-9,0,674,15067,503,722,296,15067,1433,1453,1763,1765,0,0,0,0,0,0,0,122,,,,,,,,,,,,,,,,,,,,,,,,,,,,,,,
8076,-1433,63,-31,-26,923,-2442,-665,5911,183,2,-341,11,0,671,14933,523,708,291,15022,1517,1504,1719,1718,0,0,0,0,0,0,0,120,,,,,,,,,,,,,,,,,,,,,,,,,,,,,,,
8126,-944,208,-43,113,946,5126,-7562,7315,49,13,-324,-9,0,671,14933,556,685,284,14933,1541,1455,1706,1744,0,0,0,0,0,0,0,120,,,,,,,,,,,,,,,,,,,,,,,,,,,,,,,
8176,-367,-15,-73,160,1204,-2625,-13482,7070,-45,-5,-326,-18,0,669,14844,604,726,276,14844,1509,1518,1694,1725,369,770,223,465,519,693,0,137,,,,,,,,,,,,,,,,,,,,,,,,,,,,,,,
8226,-671,-303,6,-75,1113,-11353,-8416,7803,-46,-26,-291,-18,0,669,14844,649,751,276,14844,1548,1519,1689,1700,368,852,239,553,513,108276,-1243,-536,-102,-24,1039,-5310,-2740,7498,11,-60,-219,-18,0,668,14800,677,770,264,14712,1543,1529,1680,1694,369,892,249,604,371,912,142,141,,
8326,-1317,-320,-6,-104,1061,-1831,-7501,3897,-47,-29,-148,-30,0,667,14756,691,743,267,14756,1591,1519,1648,1697,190,742,131,513,317,727,224,141,,,,,,,,,,,,,,,,,,,,,,,,,,,,,,,
8376,-927,-528,53,123,1174,-3479,-6402,1516,-208,23,-119,-60,12,643,13713,740,776,264,14712,1570,1510,1692,1674,281,707,207,523,272,826,153,140,,,,,,,,,,,,,,,,,,,,,,,,,,,,,,,
8426,-1345,-734,-41,34,1006,-18799,-5059,1028,-296,145,-75,-82,42,600,11940,791,794,0,11940,1532,1524,1647,1627,177,715,140,566,200,1017,224,141,,,,,,,,,,,,,,,,,,,,,,,,,,,,,,,
8476,-2040,-622,-24,167,1153,-23255,-13909,-497,-302,185,-14,-97,47,586,11389,832,788,4,11980,1508,1458,1594,1628,155,778,129,647,317,1009,214,143,,,,,,,,,,,,,,,,,,,,,,,,,,,,,,,
8526,-2589,-744,-122,20,685,-17212,-12567,-2572,-433,36,-6,-131,23,571,10814,877,769,0,10814,1473,1428,1549,1622,194,783,170,687,295,1042,142,142,,,,,,,,,,,,,,,,,,,,,,,,,,,,,,,
8576,-3081,-1672,91,-24,645,-31189,-2313,-1290,-378,-126,-10,-127,1,571,10814,908,690,0,10852,1441,1457,1601,1571,80,650,73,590,0,1046,0,137,,,,,,,,,,,,,,,,,,,,,,,,,,,,,,,
8626,-4132,-1494,22,-28,791,-27588,11602,-863,-38,-281,-6,-78,-29,560,10401,934,601,0,10401,1334,1538,1558,1586,25,766,23,715,-241,1050,193,140,,,,,,,,,,,,,,,,,,,,,,,,,,,,,,,
8676,-5017,-454,-69,-90,779,-7385,11907,-1290,484,-264,-8,10,-41,560,10401,957,497,0,10401,1480,1433,1559,1558,-128,559,-122,535,-371,109,234,142,,,,,,,,,,,,,,,,,,,,,,,,,,,,,,,
8726,-4150,984,-160,-51,596,36620,12091,-985,485,-129,-6,21,-37,562,10476,965,321,0,10476,1508,1349,1613,1547,-45,300,-43,289,-383,-488,234,140,,,,,,,,,,,,,,,,,,,,,,,,,,,,,,,
8776,-1612,483,-60,4,934,27831,10565,-1107,267,-79,-4,22,-22,563,10513,979,218,0,10513,1451,1435,1565,1585,-203,122,-199,119,-276,-100,244,139,,,,,,,,,,,,,,,,,,,,,,,,,,,,,,,
8826,-379,954,-149,-44,772,3600,4095,-2267,74,-44,-6,9,-21,596,11781,1001,145,0,11781,1467,1430,1624,1577,-137,188,-137,188,-303,92,255,136,,,,,,,,,,,,,,,,,,,,,,,,,,,,,,,
8876,-234,815,42,82,922,548,5560,-2145,75,-5,-4,9,-16,607,12220,990,50,31,12261,1514,1458,1625,1618,-292,82,-289,81,-284,27,234,128,,,,,,,,,,,,,,,,,,,,,,,,,,,,,,,
8926,-257,1024,-85,97,1177,5492,2325,-3976,47,65,0,2,-3,608,12261,1014,17,31,12261,1511,1459,1629,1623,-217,31,-220,32,-239,-77,244,132,,,,,,,,,,,,,,,,,,,,,,,,,,,,,,,
8976,-139,966,20,116,659,3661,-3411,-1901,14,76,-2,-3,-2,609,12301,987,-73,31,12261,1511,1448,1631,1622,-231,49,-228,48,-203,-50,234,133,,,,,,,,,,,,,,,,,,,,,,,,,,,,,,,
9026,413,1003,30,83,925,-305,-5059,-1535,-48,87,-2,-4,-1,609,12301,992,-92,36,12301,1493,1474,1620,1629,-232,72,-230,72,-174,58,244,132,,,,,,,,,,,,,,,,,,,,,,,,,,,,,,,
,,,,,,,,,,,,,,,,,,,,,,,,,,,,,,,,,,,,,,,,,,,,,,,,,,,,,,,,,,,,,,
9126,231,42,94,-92,1094,2379,-1031,-4037,-56,2,-2,-5,-2,611,12382,981,-175,44,12382,1511,1447,1641,1630,-209,15,-205,14,-236,-59,224,133,,,,,,,,,,,,,,,,,,,,,,,,,,,,,,,
9176,79,47,-102,84,1048,5492,6170,-3427,-27,-11,-2,-6,0,626,12997,955,-268,47,12423,1506,1446,1646,1627,-290,-98,-277,-94,-349,-141,234,136,,,,,,,,,,,,,,,,,,,,,,,,,,,,,,,
9226,-381,86,-95,-99,947,1220,1226,-3305,-7,-3,-4,-6,0,640,13585,930,-355,159,13585,1535,1482,1671,1645,-128,53,-119,49,-210,-50,224,133,,,,,,,,,,,,,,,,,,,,,,,,,,,,,,,
9276,-243,254,-127,44,1008,7994,1776,-2877,29,44,-4,0,6,645,13798,915,-352,188,13884,1518,1510,1669,1672,-256,-128,-234,-117,-270,-299,224,139,,,,,,,,,,,,,,,,,,,,,,,,,,,,,,,
9326,-63,402,-121,-8,913,10924,-1397,-4220,159,110,-2,30,17,647,13884,878,-385,188,13884,1548,1486,1667,1667,-341,-88,-300,-77,-270,-295,193,141,,,,,,,,,,,,,,,,,,,,,,,,,,,,,,,
9376,442,278,-71,-18,789,15319,-5731,-5380,76,77,0,22,11,646,13841,895,-318,184,13841,1554,1460,1663,1681,-353,-297,-315,-266,-237,-474,163,140,,,,,,,,,,,,,,,,,,,,,,,,,,,,,,,
9426,726,-269,-34,-4,1211,7750,-4998,-3915,-37,-7,-4,4,3,646,13841,851,-347,184,13841,1529,1475,1677,1681,-301,-297,-256,-253,-285,-313,193,140,,,,,,,,,,,,,,,,,,,,,,,,,,,,,,,
9476,763,-331,-59,-179,1001,1708,6292,-5075,-155,-24,-4,-13,2,637,13458,849,-350,159,13585,1516,1478,1680,1662,-436,-113,-370,-96,-531,-33,193,143,,,,,,,,,,,,,,,,,,,,,,,,,,,,,,,
9526,487,-219,182,-100,991,-1953,7757,-5136,-141,-35,-2,-17,-6,637,13458,816,-365,148,13458,1511,1480,1666,1674,-450,-113,-367,-92,-507,8,193,142,,,,,,,,,,,,,,,,,,,,,,,,,,,,,,,
9576,196,36,38,104,890,-5615,4766,-4769,-95,-53,-4,-17,-11,637,13458,787,-407,152,13500,1518,1468,1673,1667,-491,-140,-387,-110,-570,-42,173,141,,,,,,,,,,,,,,,,,,,,,,,,,,,,,,,
9626,271,429,-92,97,961,-4456,5804,-5075,-96,-64,0,-16,-18,639,13543,792,-357,155,13543,1527,1466,1683,1651,-451,-170,-357,-134,-603,-144,204,142,,,,,,,,,,,,,,,,,,,,,,,,,,,,,,,
9676,53,1056,2,-3,1174,-2991,7879,-3121,-13,-6,-25,-1,-19,646,13841,744,-425,184,13841,1505,1470,1702,1674,-517,-166,-385,-123,-592,-144,183,141,,,,,,,,,,,,,,,,,,,,,,,,,,,,,,,
9726,-148,1525,-84,26,1124,-2808,921,-1168,3,23,-152,-2,-20,648,13927,740,-394,192,13927,1492,1448,1707,1701,-541,-202,-400,-149,-527,-210,142,143,,,,,,,,,,,,,,,,,,,,,,,,,,,,,,,
9776,-130,1335,-82,24,988,1525,6,4019,74,72,-169,11,-7,650,14013,732,-361,195,13970,1507,1463,1699,1691,-457,-333,-334,-243,-425,-341,224,138,,,,,,,,,,,,,,,,,,,,,,,,,,,,,,,
9826,-435,951,44,-41,983,7689,-543,4019,104,79,-186,13,-2,658,14360,703,-443,231,14360,1505,1446,1716,1722,-533,-342,-374,-240,-427,-427,153,141,,,,,,,,,,,,,,,,,,,,,,,,,,,,,,,
9876,37,457,50,-66,988,8056,-1458,6277,28,36,-312,6,-2,672,14978,675,-450,287,14978,1502,1461,1743,1732,-432,-255,-291,-172,-424,-377,163,138,,,,,,,,,,,,,,,,,,,,,,,,,,,,,,,
9926,491,572,-51,-54,1092,2623,6,12808,15,39,-335,12,-1,672,14978,632,-451,287,14978,1516,1482,1724,1724,-595,-338,-376,-214,-567,-307,183,139,,,,,,,,,,,,,,,,,,,,,,,,,,,,,,,
9976,169,410,35,-115,943,-488,-115,11831,42,29,-347,13,-2,672,14978,638,-384,284,14933,1501,1437,1751,1736,-610,-254,-389,-162,-570,-261,163,141,,,,,,,,,,,,,,,,,,,,,,,,,,,,,,,
10026,312,348,88,-19,720,1403,-2496,16897,74,37,-479,20,-1,671,14933,616,-341,284,14933,1496,1463,1730,1745,-440,-390,-271,-240,-462,-487,0,140,,,,,,,,,,,,,,,,,,,,,,,,,,,,,,,
10076,316,398,68,-181,1028,3356,-3167,20803,63,36,-450,21,-1,672,14978,605,-330,291,15022,1563,1510,1703,1695,-641,-486,-388,-294,-592,-540,163,144,,,,,,,,,,,,,,,,,,,,,,,,,,,,,,,
10126,474,190,79,-29,941,3295,-5731,16043,-120,24,-324,-15,0,672,14978,587,-277,287,14978,1624,1550,1646,1663,-577,-513,-339,-301,-468,-544,112,144,,,,,,,,,,,,,,,,,,,,,,,,,,,,,,,
10176,570,147,-123,-77,1177,-1953,-7012,9939,-135,1,-125,-15,0,671,14933,576,-185,284,14933,1584,1553,1662,1676,-600,-472,-346,-272,-509,-265,153,146,,,,,,,,,,,,,,,,,,,,,,,,,,,,,,,
10226,102,-491,65,14,898,-9400,-2923,6094,-151,-160,-20,-27,-25,670,14889,579,-189,280,14889,1610,1548,1645,1677,-638,-409,-369,-237,-644,-313,153,147,,,,,,,,,,,,,,,,,,,,,,,,,,,,,,,
10276,-734,-65,3,-129,817,-2442,9527,1150,-91,-215,-6,-27,-41,671,14933,591,-102,287,14978,1583,1526,1695,1670,-671,-426,-396,-252,-909,-411,112,145,,,,,,,,,,,,,,,,,,,,,,,,,,,,,,,
10326,-407,534,91,60,1403,2562,19964,357,-21,-300,-2,-12,-69,672,14978,554,-68,287,14978,1590,1520,1707,1656,-668,-434,-370,-240,-1060,-458,122,144,,,,,,,,,,,,,,,,,,,,,,,,,,,,,,,
10376,-621,1477,91,71,1000,6591,23687,173,30,-208,-4,-6,-67,671,14933,571,-37,284,14933,1575,1517,1695,1680,-772,-488,-441,-278,-1089,-659,153,143,,,,,,,,,,,,,,,,,,,,,,,,,,,,,,,
10426,-666,2117,56,-19,1317,8666,18804,-619,30,-167,-4,-6,-70,672,14978,572,39,287,14978,1575,1506,1716,1666,-706,-348,-404,-199,-975,-457,132,143,,,,,,,,,,,,,,,,,,,,,,,,,,,,,,,
10476,-80,2438,11,222,1213,7384,14105,-1046,-2,-25,-2,-6,-47,638,13500,570,41,152,13500,1538,1456,1685,1648,-679,-558,-387,-318,-846,-640,0,140,,,,,,,,,,,,,,,,,,,,,,,,,,,,,,,
10526,-460,2661,-193,-131,901,2379,-4571,51,-39,196,-4,-13,-4,640,13585,554,-9,159,13585,1522,1494,1646,1678,-588,-333,-326,-184,-305,-267,183,143,,,,,,,,,,,,,,,,,,,,,,,,,,,,,,,
10576,-201,1650,5,66,1166,1403,-16229,-1718,-38,137,-2,-12,-3,638,13500,578,4,152,13500,1553,1464,1652,1662,-426,-445,-246,-257,-193,-470,132,142,,,,,,,,,,,,,,,,,,,,,,,,,,,,,,,
10626,24,977,-52,140,1250,2562,-5426,-619,-52,78,-4,-12,-1,639,13543,553,-17,155,13543,1535,1498,1667,1640,-419,-500,-231,-276,-357,-425,183,141,,,,,,,,,,,,,,,,,,,,,,,,,,,,,,,
10676,-433,754,-46,-149,971,0,3668,-1351,-32,50,-2,-11,-2,638,13500,555,5,152,13500,1532,1473,1677,1647,-417,-338,-231,-187,-366,-244,214,138,,,,,,,,,,,,,,,,,,,,,,,,,,,,,,,
10726,1,765,-19,151,872,-733,-4266,-619,-45,57,-4,-12,-2,639,13543,550,-25,155,13543,1541,1476,1655,1664,-323,-311,-177,-171,-190,-268,142,139,,,,,,,,,,,,,,,,,,,,,,,,,,,,,,,
10776,-18,686,-202,38,1107,1342,-6585,-375,-53638,13500,558,-31,148,13458,1534,1470,1664,1657,-205,-335,-114,-186,-117,-260,163,1410826,-372,260,-83,65,872,-3357,-177,-802,-23,34,-4,-12,4,639,13543,542,-42,155,13543,1525,1491,1667,1647,-261,-303,-141,-164,-229,-178,142,140,,,,,
10876,-300,530,-77,92,1023,-2136,3729,-1718,-24,58,-4,-11,4,661,14491,559,-23,195,13970,1540,1489,1683,1663,-208,-231,-116,-129,-150,-94,122,141,,,,,,,,,,,,,,,,,,,,,,,,,,,,,,,
10926,-435,742,-7,215,1153,-3479,-1214,-1351,0,86,-39,-11,4,670,14889,534,4,280,14889,1565,1503,1703,1688,-251,-281,-134,-150,-230,-255,132,140,,,,,,,,,,,,,,,,,,,,,,,,,,,,,,,
10976,-782,553,-139,-51,1109,-916,128,418,-1,53,-43,-13,3,669,14844,533,29,276,14844,1559,1515,1698,1685,-85,-193,-45,-103,-26,-105,112,136,,,,,,,,,,,,,,,,,,,,,,,,,,,,,,,
11026,-968,286,-48,-75,880,-6897,-2191,-70,11,31,-10,-12,2,670,14889,552,9,280,14889,1547,1519,1693,1704,-143,-117,-79,-64,-47,0,142,133,,,,,,,,,,,,,,,,,,,,,,,,,,,,,,,
11076,-1237,-39,40,90,1008,-5554,-1885,-1779,54,8,-12,-12,1,671,14933,548,-8,284,14933,1572,1529,1681,1688,49,-170,27,-93,63,-110,0,132,,,,,,,,,,,,,,,,,,,,,,,,,,,,,,,
11126,-1238,-170,-23,-165,1102,-4700,-3961,-1657,26,-12,-20,-13,0,672,14978,521,14,287,14978,1556,1544,1688,1685,49,-170,25,-88,63,-110,0,138,,,,,,,,,,,,,,,,,,,,,,,,,,,,,,,
11176,-1394,-169,19,168,1134,-6165,-3961,173,70,-11,-8,-13,0,672,14978,577,146,296,15067,1557,1513,1701,1703,83,-234,47,-135,126,-193,0,136,,,,,,,,,,,,,,,,,,,,,,,,,,,,,,,
11226,-1641,-34,-93,157,1400,1342,250,-2389,91,-13,-6,-13,0,671,14933,567,162,284,14933,1559,1518,1708,1680,83,-234,47,-132,126,-193,0,135,,,,,,,,,,,,,,,,,,,,,,,,,,,,,,,
11276,-1576,-247,70,-202,983,9581,5438,-2145,60,-17,-6,-12,0,671,14933,550,105,276,14844,1563,1503,1704,1685,83,-234,45,-128,126,-193,0,136,,,,,,,,,,,,,,,,,,,,,,,,,,,,,,,
11326,-875,147,139,78,1177,4149,-2191,-1718,23,22,-4,-12,0,673,15022,572,157,291,15022,1564,1507,1700,1699,107,-389,61,-222,136,-501,122,137,,,,,,,,,,,,,,,,,,,,,,,,,,,,,,,
11376,-433,396,-71,-107,959,2074,-6524,-2633,-31,27,-2,-11,0,672,14978,587,209,291,15022,1551,1517,1704,1698,234,-236,137,-138,348,-179,142,140,,,,,,,,,,,,,,,,,,,,,,,,,,,,,,,
11426,-658,117,10,23,1003,-1465,-6951,-1718,-2,14,-4,-12,0,672,14978,607,251,287,14978,1564,1502,1696,1703,150,-247,91,-150,245,-194,0,135,,,,,,,,,,,,,,,,,,,,,,,,,,,,,,,
11476,-771,-253,18,-119,1173,2745,-2252,-2877,-3,-19,-4,-12,0,672,14978,617,280,291,15022,1571,1490,1711,1695,132,-315,81,-194,84,-414,163,139,,,,,,,,,,,,,,,,,,,,,,,,,,,,,,,
11526,-375,-105,37,-46,928,4210,-2801,-2084,-32,-7,-6,-12,0,672,14978,617,281,287,14978,1554,1486,1707,1713,176,-251,108,-155,212,-322,153,139,,,,,,,,,,,,,,,,,,,,,,,,,,,,,,,
11576,-368,-117,-92,31,1249,-3906,-6951,-2145,-29,-18,-2,-12,0,671,14933,644,343,287,14978,1550,1505,1705,1704,167,-248,107,-159,209,-242,204,142,,,,,,,,,,,,,,,,,,,,,,,,,,,,,,,
11626,-654,-485,-56,-124,1134,2684,1654,-2694,-18,-52,-4,-13,0,672,14978,664,400,287,14978,1548,1483,1716,1709,159,-205,106,-136,132,-237,204,142,,,,,,,,,,,,,,,,,,,,,,,,,,,,,,,
11676,-449,-330,-5,86,1174,2501,1348,-2206,-10,-30,-6,-11,0,672,14978,696,442,287,14978,1558,1487,1704,1710,139,-276,96,-192,108,-350,183,138,,,,,,,,,,,,,,,,,,,,,,,,,,,,,,,
11726,-173,-20,-141,71,1236,1647,-2862,-2023,-9,15,-6,-6,5,672,14978,709,443,287,14978,1533,1529,1695,1709,104,-304,74,-216,151,-227,193,137,,,,,,,,,,,,,,,,,,,,,,,,,,,,,,,
11776,-716,-314,105,-77,796,3844,-2801,-2328,31,7,-4,-4,4,672,14978,712,406,287,14978,1561,1493,1690,1718,44,-193,31,-137,114,-285,244,135,,,,,,,,,,,,,,,,,,,,,,,,,,,,,,,
11826,-347,-444,121,38,1122,5919,-4632,-3060,-25,-26,-2,-12,0,672,14978,735,439,287,14978,1565,1485,1716,1695,87,-285,64,-209,47,-371,234,138,,,,,,,,,,,,,,,,,,,,,,,,,,,,,,,
11876,-244,-350,-123,-136,826,-855,-421,-2328,-61,-46,-2,-13,0,673,15022,789,499,287,14978,1524,1519,1714,1704,36,-359,28,-283,72,-185,244,139,,,,,,,,,,,,,,,,,,,,,,,,,,,,,,,
11926,-847,-465,82,-152,1063,-5432,-1153,-2572,-11,-29,-4,-13,0,672,14978,788,490,287,14978,1560,1492,1698,1715,-10,-147,-8,-115,-9,-114,244,141,,,,,,,,,,,,,,,,,,,,,,,,,,,,,,,
11976,-728,-295,61,-33,1204,2196,-970,-3488,-3,-20,-2,-13,0,672,14978,826,467,284,14933,1567,1487,1706,1699,32,-228,26,-188,-8,-238,214,136,,,,,,,,,,,,,,,,,,,,,,,,,,,,,,,
12026,-746,-271,-87,-13,687,-1038,-1275,-1229,-2,-36,-2,-13,0,672,14978,846,512,287,14978,1547,1509,1690,1718,-63,-162,-53,-137,-25,-100,255,141,,,,,,,,,,,,,,,,,,,,,,,,,,,,,,,
12076,-832,-456,-68,-80,937,-3296,128,-2206,-2,-55,0,-13,-1,672,14978,857,535,287,14978,1553,1498,1704,1707,1,-70,1,-60,-47,-66,244,132,,,,,,,,,,,,,,,,,,,,,,,,,,,,,,,
12126,-747,-111,8,-15,1070,-977,1959,-1779,-1,-10,-2,-13,0,672,14978,907,588,287,14978,1557,1506,1701,1701,-45,-185,-41,-168,-116,-184,234,139,,,,,,,,,,,,,,,,,,,,,,,,,,,,,,,
12176,-924,122,-79,-131,732,-4273,-1763,-436,0,-6,-4,-12,-1,672,14978,928,580,287,14978,1534,1528,1684,1719,8,-105,7,-98,-55,-47,234,133,,,,,,,,,,,,,,,,,,,,,,,,,,,,,,,
12226,-704,149,36,106,1347,-1526,-1275,-1779,7,9,0,-12,-1,672,14978,960,593,287,14978,1553,1506,1700,1705,-129,-204,-124,-196,-117,-176,214,140,,,,,,,,,,,,,,,,,,,,,,,,,,,,,,,
12276,-836,458,16,60,1284,548,-1336,-2389,13,35,-2,-13,-1,673,15022,982,617,284,14933,1558,1495,1708,1699,-8,-116,-8,-114,-25,-152,244,135,,,,,,,,,,,,,,,,,,,,,,,,,,,,,,,
12326,-1001,309,-109,34,773,-610,-2374,-1229,30,7,-4,-12,-1,672,14978,1014,579,287,14978,1548,1506,1707,1706,-34,-104,-35,-106,-58,-92,234,139,,,,,,,,,,,,,,,,,,,,,,,,,,,,,,,
12376,-726,223,-60,225,941,-1038,-604,-1779,28,6,-4,-11,-1,672,14978,1044,594,287,14978,1561,1501,1705,1698,-124,-214,-129,-223,-107,-185,234,142,,,,,,,,,,,,,,,,,,,,,,,,,,,,,,,
12426,-937,678,-16,-197,940,-1282,-1336,-558,0,55,-2,-12,0,671,14933,1067,585,284,14933,1549,1504,1708,1702,-158,-28,-169,-30,-176,0,244,137,,,,,,,,,,,,,,,,,,,,,,,,,,,,,,,
,,,,,,,,,,,,,,,,,,,,,,,,,,,,,,,,,,,,,,,,,,,,,,,,,,,,,,,,,,,,,,
12526,-713,456,-158,90,1051,-1892,-2923,-70,12,26,-4,-11,0,604,12100,1127,550,15,12100,1499,1474,1647,1661,-100,-276,-113,-311,-67,-221,255,140,,,,,,,,,,,,,,,,,,,,,,,,,,,,,,,
12576,-750,324,-132,37,1133,-916,-2130,-802,3,17,2,-13,0,526,9176,1148,525,0,9176,1399,1348,1559,1562,-112,-148,-128,-170,-101,-126,255,136,,,,,,,,,,,,,,,,,,,,,,,,,,,,,,,
12626,-503,850,-34,-172,852,60,3363,296,0,70,0,-4,0,526,9176,1184,424,0,9176,1417,1355,1566,1537,-183,-100,-217,-118,-208,-83,255,130,,,,,,,,,,,,,,,,,,,,,,,,,,,,,,,
12676,-647,646,75,-32,731,-8484,-10614,4385,28,72,0,-4,0,529,9281,1190,341,0,9211,1374,1378,1541,1581,-98,-117,-117,-139,-84,-84,255,133,,,,,,,,,,,,,,,,,,,,,,,,,,,,,,,
12726,-825,601,14,-35,645,-5066,-482,3469,44,59,-2,-4,0,529,9281,1209,186,0,9281,1426,1389,1564,1518,-78,-92,-95,-111,-93,-33,244,130,,,,,,,,,,,,,,,,,,,,,,,,,,,,,,,
12776,-858,933,197,-73,918,-4883,-7501,3897,41,108,-2,-4,0,528,9246,1228,63,0,9246,1401,1378,1536,1571,-169,-96,-208,-118,-154,-72,255,135,,,,,,,,,,,,,,,,,,,,,,,,,,,,,,,
12826,-899,826,-90,-226,779,0,128,3775,23,61,-4,-5,0,529,9281,1215,-92,0,9281,1425,1339,1578,1540,-51,-98,-62,-119,-76,-135,244,128,,,,,,,,,,,,,,,,,,,,,,,,,,,,,,,
12876,-1139,638,14,-197,593,-4028,-7012,4324,35,62,-4,-6,0,528,9246,1182,-285,0,9281,1394,1423,1499,1580,-47,37,-56,43,-161,16,234,131,,,,,,,,,,,,,,,,,,,,,,,,,,,,,,,
12926,-817,571,-168,65,433,2135,3790,2249,123,14,-2,6,0,527,9211,1181,-409,0,9211,1431,1386,1537,1537,-259,33,-306,39,-290,-38,244,131,,,,,,,,,,,,,,,,,,,,,,,,,,,,,,,
12976,-1542,171,23,-167,602,7689,-2130,1516,151,16,0,7,0,605,12140,1154,-509,0,10966,1492,1453,1567,1579,-186,-85,-215,-98,-238,-221,224,137,,,,,,,,,,,,,,,,,,,,,,,,,,,,,,,
13026,-1083,347,76,-109,985,7750,2325,3347,130,37,-2,8,0,649,13970,1136,-580,195,13970,1539,1469,1654,1643,-232,-102,-264,-116,-284,-284,244,141,,,,,,,,,,,,,,,,,,,,,,,,,,,,,,,
13076,-851,441,-33,146,979,7384,-177,1760,136,32,-2,8,0,650,14013,1105,-611,195,13970,1544,1479,1684,1666,-337,-157,-372,-174,-378,-267,224,140,,,,,,,,,,,,,,,,,,,,,,,,,,,,,,,
13126,-252,957,-26,-77,1024,11351,-54,906,54,82,-2,6,0,668,14800,1075,-602,271,14800,1562,1486,1680,1653,-272,-203,-292,-218,-334,-435,255,139,,,,,,,,,,,,,,,,,,,,,,,,,,,,,,,
13176,152,806,-69,-119,804,8117,-3167,540,48,64,-2,14,0,676,15157,1050,-622,307,15202,1554,1523,1704,1706,-341,-219,-359,-230,-318,-318,244,140,,,,,,,,,,,,,,,,,,,,,,,,,,,,,,,
13226,475,723,-68,165,1388,7201,-2130,-1046,133,56,0,32,0,676,15157,1024,-572,304,15157,1509,1501,1728,1725,-318,-129,-325,-132,-338,-290,255,142,,,,,,,,,,,,,,,,,,,,,,,,,,,,,,,
13276,400,637,-118,-38,1235,18859,1104,845,367,-2,-144,79,-9,677,15202,996,-553,304,15157,1506,1500,1725,1738,-359,-334,-358,-332,-412,-656,255,144,,,,,,,,,,,,,,,,,,,,,,,,,,,,,,,
13326,1085,284,77,-76,965,32653,7879,6094,534,-67,-192,124,-19,679,15291,972,-488,316,15291,1556,1436,1752,1716,-397,-165,-386,-161,-560,-741,255,146,,,,,,,,,,,,,,,,,,,,,,,,,,,,,,,
13376,2510,855,9,-68,1139,41991,10076,8596,409,-25,-209,124,-19,680,15337,938,-436,311,15246,1563,1457,1735,1717,-621,-262,-583,-246,-705,-714,244,147,,,,,,,,,,,,,,,,,,,,,,,,,,,,,,,
13426,3623,1054,48,-13,1507,26610,3912,8047,218,-2,-268,106,-19,681,15382,915,-416,323,15382,1539,1476,1743,1726,-580,-256,-531,-234,-684,-473,255,147,,,,,,,,,,,,,,,,,,,,,,,,,,,,,,,
13476,3893,1122,-23,-152,1005,10619,7269,11404,166,3,-293,104,-18,681,15382,890,-420,323,15382,1527,1502,1737,1723,-618,-17,-550,-15,-750,-48,214,146,,,,,,,,,,,,,,,,,,,,,,,,,,,,,,,
13526,3711,1395,50,54,1075,13060,5804,13662,39,42,-356,71,-16,682,15427,836,-440,327,15427,1565,1437,1733,1742,-728,-32,-609,-27,-740,8,183,140,,,,,,,,,,,,,,,,,,,,,,,,,,,,,,,
13576,3618,1357,42,129,1243,2868,2935,15371,-254,42,-358,11,-16,658,14360,826,-427,320,15337,1570,1478,1738,1702,-720,89,-594,73,-725,386,204,142,,,,,,,,,,,,,,,,,,,,,,,,,,,,,,,
13626,3214,1389,-43,-115,968,-18372,2386,16165,-512,-59,-83,-41,-35,600,11940,797,-407,0,11940,1608,1532,1608,1585,-685,327,-546,260,-754,954,224,146,,,,,,,,,,,,,,,,,,,,,,,,,,,,,,,
13676,1206,1491,-123,294,1039,-32593,7147,3530,-519,-126,-4,-85,-48,599,11900,757,-451,0,11900,1473,1461,1620,1622,-798,511,-604,387,-892,1176,163,147,,,,,,,,,,,,,,,,,,,,,,,,,,,,,,,
13726,-1006,1391,-73,-187,806,-32715,9954,2676,-454,-221,-2,-101,-66,600,11940,750,-543,0,11940,1507,1474,1620,1587,-719,707,-539,530,-949,1338,122,148,,,,,,,,,,,,,,,,,,,,,,,,,,,,,,,
13776,-2098,1885,-142,10,1018,-30396,16424,3775,-366,-293,0,-108,-87,601,11980,703,-598,0,11940,1479,1472,1624,1607,-858,477,-603,335,-1078,1024,0,147,,,,,,,,,,,,,,,,,,,,,,,,,,,,,,,
13826,-3348,2683,19,-87,709,-23743,22039,4202,-234,-274,0,-101,-101,601,11980,702,-610,4,11980,1496,1458,1623,1606,-788,818,-553,574,-1024,1195,122,148,,,,,,,,,,,,,,,,,,,,,,,,,,,,,,,
13876,-3730,2992,-37,-63,919,-19714,18927,2798,-161,-224,0,-95,-95,603,12060,666,-680,7,12020,1490,1477,1605,1622,-827,832,-551,554,-1010,1155,0,145,,,,,,,,,,,,,,,,,,,,,,,,,,,,,,,
13926,-4160,2837,-58,-38,974,-15198,14227,2981,-55,-227,2,-83,-93,602,12020,625,-713,7,12020,1516,1448,1623,1607,-853,945,-533,590,-992,1030,112,145,,,,,,,,,,,,,,,,,,,,,,,,,,,,,,,
13976,-4114,3008,-19,-84,810,-9277,9283,3591,-63,-174,-2,-83,-87,603,12060,598,-729,15,12100,1501,1463,1625,1610,-859,803,-514,480,-907,820,0,142,,,,,,,,,,,,,,,,,,,,,,,,,,,,,,,
14026,-3470,3149,-181,-191,925,-8911,8428,2981,-29,-175,0,-62,-86,604,12100,570,-741,15,12100,1480,1495,1590,1640,-859,803,-490,457,-907,820,0,143,,,,,,,,,,,,,,,,,,,,,,,,,,,,,,,
14076,-3227,3186,-92,-89,908,-6714,2569,1699,9,-265,2,-53,-107,648,13927,535,-789,143,13416,1516,1535,1610,1671,-645,890,-345,476,-645,903,142,143,,,,,,,,,,,,,,,,,,,,,,,,,,,,,,,
14126,-2757,2550,-31,-5,769,-427,9954,2859,136,-388,0,-21,-121,679,15291,463,-879,316,15291,1585,1540,1695,1683,-680,804,-315,372,-759,708,0,141,,,,,,,,,,,,,,,,,,,,,,,,,,,,,,,
14176,-2046,2355,-49,67,875,5187,12579,2188,87,-377,2,-20,-115,696,16067,397,-893,388,16113,1599,1556,1707,1712,-680,804,-270,319,-759,708,0,141,,,,,,,,,,,,,,,,,,,,,,,,,,,,,,,
14226,-1368,2374,23,150,1272,-1282,8551,1394,-86,-170,-6,-43,-76,696,16067,337,-889,383,16067,1608,1569,1704,1698,-680,804,-229,271,-759,708,0,143,,,,,,,,,,,,,,,,,,,,,,,,,,,,,,,
14276,-1132,2751,-40,138,1231,6163,6842,2981,-97,-68,-4,-42,-61,705,16485,336,-848,435,16673,1621,1523,1738,1731,-680,804,-228,270,-759,708,0,142,,,,,,,,,,,,,,,,,,,,,,,,,,,,,,,
14326,-1264,2508,-44,-229,975,7933,-4510,-192,-75,42,-4,-33,-35,710,16720,331,-738,439,16720,1631,1571,1703,1724,-447,825,-148,273,-173,635,142,144,,,,,,,,,,,,,,,,,,,,,,,,,,,,,,,
14376,-873,1775,-16,-19,935,-1038,-6585,-9,-95,26,-2,-34,-26,708,16626,238,-712,435,16673,1597,1578,1730,1717,-447,825,-106,196,-173,635,0,139,,,,,,,,,,,,,,,,,,,,,,,,,,,,,,,
14426,-583,1486,-111,176,1420,6530,-6219,-436,56,99,-2,-2,-5,708,16626,213,-569,432,16626,1637,1528,1713,1735,-447,825,-95,175,-173,635,0,138,,,,,,,,,,,,,,,,,,,,,,,,,,,,,,,
14476,332,954,-69,304,1364,26122,-12078,479,-6,64,-2,-2,-4,708,16626,180,-538,435,16673,1646,1489,1731,1741,-447,825,-80,148,-173,635,0,136,,,,,,,,,,,,,,,,,,,,,,,,,,,,,,,
14526,1019,266,6,99,1033,23558,-7684,-1596,-84,10,-4,-2,-3,709,16673,145,-458,435,16673,1613,1524,1728,1748,-447,825,-64,119,-173,635,0,136,,,,,,,,,,,,,,,,,,,,,,,,,,,,,,,
14576,1194,7,0,113,1225,8056,-11346,-1962,-107,-8,-4,-2,-2,707,16579,176,-283,432,16626,1615,1537,1718,1742,-447,825,-78,145,-173,635,0,136,,,,,,,,,,,,,,,,,,,,,,,,,,,,,,,
14626,968,-403,1,-65,980,8361,-9759,1638,-134,-38,-2,-9,-1,708,16626,140,-142,432,16626,1633,1507,1719,1748,-447,825,-62,115,-173,635,0,136,,,,,,,,,,,,,,,,,,,,,,,,,,,,,,,
14676,677,-525,-59,181,722,-305,-10919,723,-202,-57,-2,-33,-1,706,16532,175,-46,432,16626,1633,1537,1708,1736,-447,825,-78,144,-173,635,0,138,,,,,,,,,,,,,,,,,,,,,,,,,,,,,,,
14726,-97,-775,-13,-142,1226,-3052,-4876,-3488,-276,-68,-2,-54,0,707,16579,201,154,428,16579,1684,1491,1708,1716,-447,825,-89,165,-173,635,0,141,,,,,,,,,,,,,,,,,,,,,,,,,,,,,,,
14776,-994,-617,-40,-150,875,-8118,3424,-1535,-368,-61,-2,-87,0,599,11900,174,235,148,13458,1539,1414,1704,1652,-447,825,-77,143,-173,635,0,140,,,,,,,,,,,,,,,,,,,,,,,,,,,,,,,
14826,-898,48,-217,25,995,-19287,6475,2188,-697,91,-37,-154,22,600,11940,164,229,0,11940,1506,1383,1631,1642,-447,825,-73,135,-173,635,0,137,,,,,,,,,,,,,,,,,,,,,,,,,,,,,,,
14876,-1385,727,-73,189,892,-40955,-15191,1943,-710,247,-12,-167,37,600,11940,192,262,4,11980,1517,1448,1596,1626,-447,825,-85,158,-173,635,0,142,,,,,,,,,,,,,,,,,,,,,,,,,,,,,,,
14926,-3273,449,-6,65,1342,-46631,-19830,-253,-736,358,-6,-202,62,600,11940,199,319,0,11940,1491,1450,1635,1604,-447,825,-89,164,-173,635,0,140,,,,,,,,,,,,,,,,,,,,,,,,,,,,,,,
14976,-5046,-185,-94,-34,885,-54260,-14398,1272,-534,296,-6,-191,63,601,11980,216,214,0,11940,1466,1464,1623,1626,-447,825,-96,178,-173,635,0,142,,,,,,,,,,,,,,,,,,,,,,,,,,,,,,,
15026,-6605,-821,-65,-83,905,-42664,-13421,2127,-193,33,-6,-150,21,600,11940,235,208,0,11940,1420,1523,1583,1650,-447,825,-105,193,-173,635,0,142,,,,,,,,,,,,,,,,,,,,,,,,,,,,,,,
15076,-7178,-1020,-14,-1,758,-11475,-3411,234,169,-87,-2,-92,0,638,13500,304,257,112,13081,1568,1438,1645,1639,-447,825,-136,250,-173,635,0,140,,,,,,,,,,,,,,,,,,,,,,,,,,,,,,,
15126,-6062,-711,64,32,979,5980,-1092,1760,231,-56,-4,-62,0,640,13585,289,224,159,13585,1505,1515,1659,1655,-447,825,-129,238,-173,635,0,137,,,,,,,,,,,,,,,,,,,,,,,,,,,,,,,
15176,-4360,92,-41,6,821,2990,-7257,1821,257,6,-4,-26,0,640,13585,259,48,152,13500,1543,1484,1645,1663,-447,825,-115,213,-173,635,0,132,,,,,,,,,,,,,,,,,,,,,,,,,,,,,,,
15226,-3491,-76,81,-147,1022,3722,-10675,2798,238,5,-4,-11,0,639,13543,229,87,155,13543,1541,1475,1642,1677,-447,825,-102,189,-173,635,0,137,,,,,,,,,,,,,,,,,,,,,,,,,,,,,,,
15276,-2332,-257,-47,109,707,9765,-5242,1333,164,-23,-2,-12,0,668,14800,287,48,276,14844,1587,1491,1683,1694,-447,825,-128,236,-173,635,0,138,,,,,,,,,,,,,,,,,,,,,,,,,,,,,,,
15326,-1440,-45,-31,229,1096,3417,-3289,662,91,-5,-6,-11,0,709,16673,310,86,435,16673,1591,1561,1702,1720,-447,825,-138,255,-173,635,0,135,,,,,,,,,,,,,,,,,,,,,,,,,,,,,,,
15376,-1251,-104,-56,-92,855,2013,-5426,-9,45,-13,-4,-11,0,709,16673,287,154,435,16673,1609,1553,1709,1748,-447,825,-128,236,-173,635,0,136,,,,,,,,,,,,,,,,,,,,,,,,,,,,,,,
15426,-1350,-588,-3,155,1518,3356,-6036,-2206,72,-49,-4,-11,0,709,16673,340,286,435,16673,1584,1578,1726,1731,-241,-760,-81,-258,-178,-891,0,141,,,,,,,,,,,,,,,,,,,,,,,,,,,,,,,
15476,-865,-270,33,35,1162,2318,2081,-253,144,-22,-4,12,0,709,16673,349,347,439,16720,1595,1552,1726,1747,466,-922,162,-321,343,-1226,153,138,,,,,,,,,,,,,,,,,,,,,,,,,,,,,,,
15526,-697,-114,-2,-129,1371,16356,4583,-863,262,-15,12,40,0,714,16909,368,387,455,16909,1596,1558,1742,1741,291,-1083,107,-398,170,-1391,132,142,,,,,,,,,,,,,,,,,,,,,,,,,,,,,,,
15576,-151,569,-130,0,1521,16967,2020,-3854,289,58,0,53,3,709,16673,379,476,435,16673,1607,1534,1731,1742,325,-1223,123,-463,260,-1560,0,137,,,,,,,,,,,,,,,,,,,,,,,,,,,,,,,
15626,572,600,90,-19,886,18248,-4754,-1473,282,69,-4,65,0,707,16579,377,438,428,16579,1602,1512,1735,1757,503,-1299,189,-489,519,-1704,122,139,,,,,,,,,,,,,,,,,,,,,,,,,,,,,,,
15676,1261,406,0,-198,920,18309,-5364,-2755,205,38,-2,66,0,694,15975,409,435,428,16579,1578,1560,1719,1750,503,-1299,205,-531,519,-1704,0,138,,,,,,,,,,,,,,,,,,,,,,,,,,,,,,,
15726,1290,206,-24,67,1266,10131,1409,-4037,422,-64,-4,105,-16,667,14756,453,534,267,14756,1537,1504,1699,1703,113,-1567,51,-710,65,-1697,0,140,,,,,,,,,,,,,,,,,,,,,,,,,,,,,,,
15776,1408,405,123,-38,1033,25328,10137,-1046,408,-57,0,105,-20,671,14933,518,618,287,14978,1573,1491,1685,1715,40,-1191,21,-617,-160,-1635,0,142,,,,,,,,,,,,,,,,,,,,,,,,,,,,,,,
15826,2278,819,32,227,1226,27465,6781,-2694,529,-115,0,140,-37,671,14933,522,668,284,14933,1550,1501,1707,1705,-114,-1502,-59,-784,-252,-1896,0,144,,,,,,,,,,,,,,,,,,,,,,,,,,,,,,,
,,,,,,,,,,,,,,,,,,,,,,,,,,,,,,,,,,,,,,,,,,,,,,,,,,,,,,,,,,,,,,
15976,3748,1759,-45,-209,808,14159,6,-2084,128,98,-4,96,-10,638,13500,591,604,143,13416,1516,1438,1680,1675,-379,-999,-224,-590,-347,-980,112,142,,,,,,,,,,,,,,,,,,,,,,,,,,,,,,,
16026,3414,1692,-66,56,739,853,-5731,-1718,-48,130,-2,49,-2,627,13039,636,579,107,13039,1522,1438,1656,1690,-251,-1239,-160,-788,-141,-1094,142,144,,,,,,,,,,,,,,,,,,,,,,,,,,,,,,,
16076,2966,1178,-15,40,933,-7935,-7379,-863,-210,95,-4,10,-2,609,12301,665,595,31,12261,1495,1404,1644,1652,-243,-1148,-161,-763,-170,-871,193,143,,,,,,,,,,,,,,,,,,,,,,,,,,,,,,,
16126,1885,835,-227,94,1050,-13855,-2984,-680,-210,46,-2,-9,-1,606,12180,706,533,24,12180,1469,1459,1633,1649,-223,-1042,-158,-735,-210,-631,163,145,,,,,,,,,,,,,,,,,,,,,,,,,,,,,,,
16176,647,973,-91,120,939,-17822,-604,-1779,-97,66,2,-9,-2,606,12180,728,505,24,12180,1492,1451,1629,1629,-348,-959,-253,-698,-350,-598,0,138,,,,,,,,,,,,,,,,,,,,,,,,,,,,,,,
16226,141,1325,-147,86,1113,-7630,-2801,-863,-53,102,0,-9,0,604,12100,746,454,15,12100,1490,1427,1627,1651,-334,-937,-249,-699,-263,-752,153,141,,,,,,,,,,,,,,,,,,,,,,,,,,,,,,,
16276,-135,1022,26,50,706,-7996,-9149,296,-36,98,0,-10,0,604,12100,781,355,15,12100,1474,1451,1613,1653,-281,-867,-220,-677,-229,-714,153,138,,,,,,,,,,,,,,,,,,,,,,,,,,,,,,,
16326,-327,635,-123,59,1006,-7691,-3411,-1351,-20,42,-2,-10,0,604,12100,776,286,15,12100,1479,1432,1622,1653,-268,-724,-208,-562,-227,-573,183,143,,,,,,,,,,,,,,,,,,,,,,,,,,,,,,,
16376,-696,408,57,24,656,-8179,-3594,479,9,-26,2,-10,-14,633,13290,788,244,76,12708,1496,1454,1627,1672,-297,-722,-234,-569,-338,-608,193,138,,,,,,,,,,,,,,,,,,,,,,,,,,,,,,,
16426,-996,317,-15,16,791,-3723,2813,-497,36,-240,0,-10,-53,634,13332,804,176,136,13332,1508,1445,1662,1681,-351,-623,-282,-501,-524,-575,183,142,,,,,,,,,,,,,,,,,,,,,,,,,,,,,,,
16476,-444,923,-107,129,743,-183,15753,-1229,43,-270,0,-2,-66,635,13374,814,161,136,13332,1506,1460,1670,1671,-491,-622,-399,-506,-785,-574,204,144,,,,,,,,,,,,,,,,,,,,,,,,,,,,,,,
16526,-106,2040,27,92,889,2013,16912,-2389,20,-314,2,0,-98,634,13332,798,65,136,13332,1514,1440,1673,1680,-503,-642,-401,-512,-777,-652,214,140,,,,,,,,,,,,,,,,,,,,,,,,,,,,,,,
16576,-71,2799,-27,9,857,4332,17156,-2389,201,-333,0,38,-114,636,13416,827,91,143,13416,1493,1476,1670,1676,-546,-706,-452,-584,-779,-753,224,142,,,,,,,,,,,,,,,,,,,,,,,,,,,,,,,
16626,-2,3151,156,-9,986,9093,18988,-2267,320,-287,-2,63,-115,636,13416,827,110,143,13416,1516,1462,1679,1663,-554,-767,-458,-634,-811,-997,234,144,,,,,,,,,,,,,,,,,,,,,,,,,,,,,,,
16676,426,3745,125,-100,863,23558,17034,-2389,281,-119,-2,64,-92,637,13458,860,140,143,13416,1526,1438,1680,1667,-546,-766,-470,-659,-656,-1073,183,148,,,,,,,,,,,,,,,,,,,,,,,,,,,,,,,
16726,1106,3608,72,56,851,18859,9893,-2145,324,-26,-2,81,-70,636,13416,831,47,143,13416,1502,1468,1675,1674,-445,-808,-370,-671,-527,-1037,224,143,,,,,,,,,,,,,,,,,,,,,,,,,,,,,,,
16776,1400,3372,88,5,1008,16051,3668,-863,294,-51,0,82,-71,636,13416,844,5,148,13458,1524,1447,1663,1683,-407,-781,-343,-659,-383,-1007,193,140,,,,,,,,,,,,,,,,,,,,,,,,,,,,,,,
16826,1699,2926,-93,-64,1030,18126,5560,-1107,230,-103,-2,76,-70,636,13416,815,-47,143,13416,1535,1435,1675,1671,-262,-680,-214,-554,-302,-880,224,147,,,,,,,,,,,,,,,,,,,,,,,,,,,,,,,
16876,2107,2620,-127,-80,1100,13976,9222,-1229,93,-107,0,56,-64,639,13543,842,-24,148,13458,1510,1460,1668,1680,-283,-709,-238,-597,-365,-730,234,146,,,,,,,,,,,,,,,,,,,,,,,,,,,,,,,
16926,2110,2621,7,-26,904,6286,8306,-2450,-69,-20,0,23,-50,656,14273,843,-47,224,14273,1518,1457,1685,1666,-262,-585,-220,-493,-285,-478,234,141,,,,,,,,,,,,,,,,,,,,,,,,,,,,,,,
16976,1799,2605,-16,-3,754,-3479,2142,-2145,-67,-29,0,18,-51,672,14978,797,-60,287,14978,1538,1502,1692,1727,-239,-446,-191,-356,-155,-255,244,143,,,,,,,,,,,,,,,,,,,,,,,,,,,,,,,
17026,952,2137,100,67,1032,-3662,-665,-1596,-65,12,0,2,-37,672,14978,796,-134,287,14978,1546,1492,1693,1731,-196,-452,-156,-360,-50,-312,255,141,,,,,,,,,,,,,,,,,,,,,,,,,,,,,,,
17076,833,1901,28,61,1051,-3845,-2496,-2633,-118,-8,-4,-9,-36,675,15112,813,-112,291,15022,1554,1504,1704,1706,-94,-428,-76,-348,29,-233,244,141,,,,,,,,,,,,,,,,,,,,,,,,,,,,,,,
17126,628,1847,-24,-110,941,-10193,-1824,-1962,-124,47,-4,-10,-23,681,15382,804,-38,323,15382,1516,1508,1726,1716,25,-182,20,-146,118,93,234,141,,,,,,,,,,,,,,,,,,,,,,,,,,,,,,,
17176,-258,1278,61,-114,918,-9583,-5975,-1046,-49,36,-2,-11,-17,691,15837,785,-101,323,15382,1550,1490,1704,1746,75,-158,58,-124,220,-50,234,141,,,,,,,,,,,,,,,,,,,,,,,,,,,,,,,
17226,-216,1202,-117,84,1259,-2869,-7379,-1779,-24,44,-75,-9,-11,709,16673,777,-6,435,16673,1537,1485,1769,1795,162,-225,125,-174,338,-144,244,143,,,,,,,,,,,,,,,,,,,,,,,,,,,,,,,
17276,-416,684,-47,-133,1299,-2747,-6707,723,-23,0,-171,-9,-11,709,16673,820,48,435,16673,1545,1499,1767,1779,186,-246,152,-201,389,-153,234,141,,,,,,,,,,,,,,,,,,,,,,,,,,,,,,,
17326,-247,401,-4,22,1187,-4700,-7135,6338,-19,-13,-261,-8,-10,709,16673,793,103,435,16673,1492,1473,1781,1817,228,-155,181,-122,412,-33,244,141,,,,,,,,,,,,,,,,,,,,,,,,,,,,,,,
17376,-365,373,48,79,919,-5798,-6402,10733,0,16,-376,-7,-4,711,16767,802,142,435,16673,1501,1470,1791,1803,174,99,139,79,301,146,234,133,,,,,,,,,,,,,,,,,,,,,,,,,,,,,,,
17426,9,672,-129,111,1136,-794,-8111,17202,47,37,-490,7,-2,701,16298,798,159,403,16298,1530,1465,1759,1789,309,-71,246,-56,432,-101,244,136,,,,,,,,,,,,,,,,,,,,,,,,,,,,,,,
17476,89,422,46,-24,1549,-366,-9332,19522,32,30,-487,8,-2,702,16345,822,187,408,16345,1547,1499,1753,1768,306,34,252,28,423,33,255,131,,,,,,,,,,,,,,,,,,,,,,,,,,,,,,,
17526,-46,429,-7,-180,1281,670,-7196,21841,-2,30,-347,1,-2,672,14978,834,252,287,14978,1608,1567,1703,1715,321,100,268,83,416,154,244,134,,,,,,,,,,,,,,,,,,,,,,,,,,,,,,,
,,,,,,,,,,,,,,,,,,,,,,,,,,,,,,,,,,,,,,,,,,,,,,,,,,,,,,,,,,,,,,
17626,-301,129,-95,-105,1176,-4089,-9637,3469,-11,-6,0,-5,-2,587,11428,872,373,0,11428,1502,1434,1609,1637,318,139,277,121,407,237,234,135,,,,,,,,,,,,,,,,,,,,,,,,,,,,,,,
17676,-464,-66,-156,-96,745,-3235,-1763,3713,-109,-36,-4,-27,-2,563,10513,895,268,0,10550,1464,1417,1551,1604,261,113,234,101,237,254,244,138,,,,,,,,,,,,,,,,,,,,,,,,,,,,,,,
17726,-620,-178,-80,28,808,-9949,1959,4629,-151,-40,-4,-41,-2,563,10513,889,155,0,10513,1457,1422,1575,1580,288,323,256,287,216,574,244,136,,,,,,,,,,,,,,,,,,,,,,,,,,,,,,,
17776,-920,220,-28,78,736,-16724,3912,5178,-225,0,-4,-62,-2,528,9246,896,42,0,9281,1419,1367,1554,1551,271,491,243,440,241,753,214,131,,,,,,,,,,,,,,,,,,,,,,,,,,,,,,,
17826,-1888,401,97,-137,615,-22705,-1763,6094,-216,38,-6,-70,-2,498,8225,903,-42,0,8225,1387,1426,1517,1563,256,174,231,157,286,555,224,136,,,,,,,,,,,,,,,,,,,,,,,,,,,,,,,
17876,-2560,183,-69,84,700,-23987,-2984,5789,-80,-6,-6,-62,-2,498,8225,898,-118,0,8225,1356,1360,1522,1525,282,335,254,300,232,576,244,135,,,,,,,,,,,,,,,,,,,,,,,,,,,,,,,
17926,-3146,265,36,-133,669,-10681,6536,5422,112,19,-4,-28,-1,498,8225,877,-296,0,8225,1382,1384,1516,1495,380,408,333,358,250,475,255,135,,,,,,,,,,,,,,,,,,,,,,,,,,,,,,,
,,,,,,,,,,,,,,,,,,,,,,,,,,,,,,,,,,,,,,,,,,,,,,,,,,,,,,,,,,,,,,
18026,-2195,696,-65,151,245,4332,-1397,6643,182,-8,4,-2,-13,567,10663,813,-613,0,10663,1450,1431,1538,1582,224,301,182,244,186,127,224,135,,,,,,,,,,,,,,,,,,,,,,,,,,,,,,,
18076,-1991,990,-168,-128,981,8300,7757,2554,164,22,-4,0,-9,627,13039,792,-788,107,13039,1546,1508,1635,1610,343,202,272,160,251,77,244,136,,,,,,,,,,,,,,,,,,,,,,,,,,,,,,,
18126,-1024,1437,-83,-65,779,3234,921,4873,77,81,-4,-1,-6,673,15022,735,-855,291,15022,1547,1525,1631,1652,311,183,228,134,319,67,244,134,,,,,,,,,,,,,,,,,,,,,,,,,,,,,,,
18176,-801,1330,-191,140,1229,2135,-970,3897,83,92,-4,0,-2,676,15157,667,-951,291,15022,1557,1550,1682,1689,368,128,245,85,362,48,204,134,,,,,,,,,,,,,,,,,,,,,,,,,,,,,,,
18226,-619,1136,-110,53,1041,1647,860,2554,64,79,-4,0,-2,676,15157,629,-939,304,15157,1546,1562,1693,1684,468,273,294,172,427,162,153,134,,,,,,,,,,,,,,,,,,,,,,,,,,,,,,,
18276,-293,1089,-111,35,937,5675,2386,2432,207,76,-4,34,-1,675,15112,582,-839,300,15112,1555,1548,1688,1694,452,180,263,105,401,50,0,133,,,,,,,,,,,,,,,,,,,,,,,,,,,,,,,
18326,256,1292,-70,56,1277,13182,189,1455,259,105,-2,54,0,675,15112,577,-758,300,15112,1583,1532,1679,1689,517,80,298,46,511,-226,112,134,,,,,,,,,,,,,,,,,,,,,,,,,,,,,,,
18376,1006,1225,66,-47,1076,21911,2691,2249,222,107,0,61,-1,677,15202,547,-669,304,15157,1587,1530,1694,1679,538,124,294,68,545,-243,0,118426,2228,1413,119,35,1113,15929,7452,601,115,126,0,60,-1,695,16021,517,-557,379,16021,1600,1513,1721,1683,486,164,251,84,330,-132,132,136
18476,1953,1487,0,-125,843,11290,8367,1394,56,118,0,48,-2,703,16392,448,-614,412,16392,1584,1565,1730,1717,797,319,357,143,670,164,122,135,,,,,,,,,,,,,,,,,,,,,,,,,,,,,,,
18526,2311,1660,-23,154,1269,10070,4644,906,51,140,0,48,0,703,16392,425,-555,412,16392,1607,1533,1732,1720,797,319,339,135,670,164,0,133,,,,,,,,,,,,,,,,,,,,,,,,,,,,,,,
18576,2676,1618,-99,169,1238,7445,8245,-1107,-50,125,-2,34,-1,705,16485,354,-628,423,16532,1578,1559,1747,1720,797,319,282,113,670,164,0,137,,,,,,,,,,,,,,,,,,,,,,,,,,,,,,,
18626,1852,2043,-64,-124,1294,-1648,8306,-2877,-39,169,-4,27,0,705,16485,370,-436,419,16485,1556,1560,1755,1732,797,319,295,118,670,164,0,138,,,,,,,,,,,,,,,,,,,,,,,,,,,,,,,
18676,1494,1791,-33,123,1341,-1221,-1763,-985,-43,154,-2,16,0,707,16579,344,-387,423,16532,1604,1514,1736,1744,797,319,274,109,670,164,0,137,,,,,,,,,,,,,,,,,,,,,,,,,,,,,,,
18726,1169,1569,-152,72,1043,4027,-6585,-1290,-70,124,-4,4,0,705,16485,294,-333,419,16485,1574,1545,1733,1748,797,319,234,93,670,164,0,135,,,,,,,,,,,,,,,,,,,,,,,,,,,,,,,
18776,1255,1165,-61,-151,1253,-5188,-2191,-3488,-112,96,-4,2,0,707,16579,329,-229,428,16579,1607,1554,1741,1710,797,319,262,105,670,164,0,138,,,,,,,,,,,,,,,,,,,,,,,,,,,,,,,
18826,690,978,-95,2,792,-7507,-3594,967,-57,76,-2,1,0,706,16532,265,-300,423,16532,1559,1539,1737,1760,797,319,211,84,670,164,0,128,,,,,,,,,,,,,,,,,,,,,,,,,,,,,,,
18876,352,765,-36,-96,1307,731,-3411,-1412,-42,63,-6,0,0,707,16579,293,-38,428,16579,1603,1534,1742,1727,797,319,233,93,670,164,0,130,,,,,,,,,,,,,,,,,,,,,,,,,,,,,,,
18926,405,328,57,-106,871,-1648,9893,-1107,-237,97,-4,-37,13,707,16579,292,11,428,16579,1606,1510,1786,1692,797,319,232,93,670,164,0,133,,,,,,,,,,,,,,,,,,,,,,,,,,,,,,,
18976,371,1102,-4,0,877,-10986,10931,-1596,-362,305,-2,-64,42,707,16579,260,35,419,16485,1582,1528,1785,1697,797,319,207,83,670,164,0,134,,,,,,,,,,,,,,,,,,,,,,,,,,,,,,,
19026,58,1434,95,235,1440,-26428,-9942,-4464,-426,536,2,-85,79,707,16579,339,186,428,16579,1556,1555,1749,1738,797,319,270,108,670,164,0,137,,,,,,,,,,,,,,,,,,,,,,,,,,,,,,,
19076,-1646,428,-31,-5,876,-25330,-26361,-1779,-231,450,-4,-73,80,707,16579,329,212,423,16532,1537,1549,1750,1756,797,319,262,105,670,164,0,140,,,,,,,,,,,,,,,,,,,,,,,,,,,,,,,
19126,-2140,-744,19,54,1216,-16480,-23126,-3793,-108,311,-4,-59,73,706,16532,334,288,423,16532,1580,1524,1744,1748,797,319,266,106,670,164,0,141,,,,,,,,,,,,,,,,,,,,,,,,,,,,,,,
19176,-2172,-1062,-108,-8,762,-4700,-22821,-1840,-12,236,-4,-40,67,674,15067,320,321,287,14978,1501,1511,1716,1725,797,319,255,102,670,164,0,141,,,,,,,,,,,,,,,,,,,,,,,,,,,,,,,
19226,-2079,-1825,45,-74,1055,1098,-21173,-2328,171,186,-4,-1,67,673,15022,338,365,291,15022,1553,1464,1708,1727,1603,826,541,279,1899,619,112,143,,,,,,,,,,,,,,,,,,,,,,,,,,,,,,,
19276,-1244,-2221,-119,137,1042,13488,-20989,-1901,123,201,-4,-1,80,673,15022,403,420,287,14978,1558,1479,1713,1708,1603,826,646,333,1899,619,0,144,,,,,,,,,,,,,,,,,,,,,,,,,,,,,,,
19326,-243,-2585,-160,-14,1031,2074,-18243,-2267,49,194,-4,5,86,672,14978,398,491,287,14978,1503,1523,1712,1722,1603,826,638,329,1899,619,0,140,,,,,,,,,,,,,,,,,,,,,,,,,,,,,,,
19376,-537,-3110,117,-58,723,-5798,-15863,-1535,64,179,-2,5,86,672,14978,393,398,296,15067,1539,1506,1704,1719,1603,826,630,324,1899,619,0,139,,,,,,,,,,,,,,,,,,,,,,,,,,,,,,,
19426,-622,-3128,103,-21,879,1342,-16351,-619,84,79,-4,6,67,673,15022,492,594,291,15022,1554,1487,1687,1735,1125,697,553,343,1213,650,132,138,,,,,,,,,,,,,,,,,,,,,,,,,,,,,,,
19476,-278,-3070,68,173,1318,-1709,-13848,-558,-28,-28,-2,-13,46,672,14978,491,593,287,14978,1532,1516,1694,1721,884,456,434,223,834,521,122,141,,,,,,,,,,,,,,,,,,,,,,,,,,,,,,,
19526,-423,-3040,-7,-9,1122,-10071,-1824,-863,-33,-263,-4,-13,1,672,14978,535,543,287,14978,1522,1503,1715,1717,884,456,473,244,834,521,0,138,,,,,,,,,,,,,,,,,,,,,,,,,,,,,,,
19576,-609,-1865,-142,-48,790,-8484,5743,-1657,-21,-179,-4,-13,1,672,14978,532,533,296,15067,1532,1525,1703,1713,437,534,232,284,247,594,153,141,,,,,,,,,,,,,,,,,,,,,,,,,,,,,,,
19626,-802,-1305,-30,-38,850,-3296,4095,-1840,86,-243,-4,4,-24,673,15022,588,543,291,15022,1530,1508,1694,1731,437,534,257,314,247,594,0,137,,,,,,,,,,,,,,,,,,,,,,,,,,,,,,,
19676,-651,-755,-31,147,1036,2318,10504,-1351,94,-228,-4,4,-30,671,14933,618,519,291,15022,1520,1516,1711,1717,-71,320,-44,198,-370,250,173,140,,,,,,,,,,,,,,,,,,,,,,,,,,,,,,,
19726,-291,117,1,101,1017,182,10687,-1107,32,-210,-4,0,-43,672,14978,639,545,287,14978,1538,1517,1707,1706,-124,175,-79,112,-415,110,142,137,,,,,,,,,,,,,,,,,,,,,,,,,,,,,,,
19776,-129,1026,-68,-36,1086,-2380,8673,-1535,10,-138,-4,0,-43,671,14933,658,539,291,15022,1528,1514,1713,1710,-216,180,-142,118,-434,166,193,142,,,,,,,,,,,,,,,,,,,,,,,,,,,,,,,
19826,-241,1026,28,-98,1048,-1953,11358,-1046,0,-137,-4,-2,-45,673,15022,707,614,291,15022,1519,1505,1726,1710,-209,201,-148,142,-446,199,193,142,,,,,,,,,,,,,,,,,,,,,,,,,,,,,,,
19876,-10,1483,-72,-3,928,-4089,12274,-863,-15,-111,-2,-2,-46,672,14978,699,617,291,15022,1531,1507,1719,1707,-347,161,-242,113,-503,203,224,141,,,,,,,,,,,,,,,,,,,,,,,,,,,,,,,
19926,-170,1734,-81,35,922,-244,11358,-1168,5,-89,-6,-2,-46,671,14933,778,676,284,14933,1534,1504,1717,1700,-412,70,-320,55,-632,59,234,136,,,,,,,,,,,,,,,,,,,,,,,,,,,,,,,
19976,-151,1703,1,-9,1001,670,11236,-436,-1,-83,-4,-2,-46,671,14933,770,660,284,14933,1534,1509,1717,1698,-451,-2,-347,-1,-655,-38,214,135,,,,,,,,,,,,,,,,,,,,,,,,,,,,,,,
20026,16,2092,28,-16,1022,-1160,10321,-436,-17,-45,-2,-2,-46,672,14978,794,597,287,14978,1530,1520,1710,1703,-496,-57,-394,-45,-652,-59,204,140,,,,,,,,,,,,,,,,,,,,,,,,,,,,,,,
20076,156,2487,-38,-21,851,-244,6842,-802,-34,-47,-4,-3,-52,671,14933,853,663,284,14933,1534,1518,1707,1701,-485,-119,-414,-101,-558,-143,204,142,,,,,,,,,,,,,,,,,,,,,,,,,,,,,,,
20126,3,2478,6,-33,988,609,7452,-436,24,-50,-4,5,-53,666,14712,879,687,264,14712,1521,1506,1718,1709,-428,-98,-376,-87,-489,-141,234,133,,,,,,,,,,,,,,,,,,,,,,,,,,,,,,,
20176,252,2322,124,-97,971,1281,7025,-497,58,-93,-4,18,-62,638,13500,925,673,152,13500,1485,1469,1678,1686,-396,-146,-366,-135,-491,-255,255,141,,,,,,,,,,,,,,,,,,,,,,,,,,,,,,,
20226,432,2359,-45,173,1149,5004,7147,173,219,-139,-2,48,-68,608,12261,953,645,31,12261,1438,1477,1640,1647,-476,-188,-454,-179,-597,-349,234,142,,,,,,,,,,,,,,,,,,,,,,,,,,,,,,,
20276,437,2014,19,-3,767,10619,4766,1821,296,-197,-2,66,-75,566,10625,984,592,0,11821,1479,1419,1630,1630,-609,-341,-599,-335,-691,-620,255,140,,,,,,,,,,,,,,,,,,,,,,,,,,,,,,,
20326,1132,1803,7,-18,878,19591,10504,2676,324,-220,-2,83,-75,566,10625,1018,548,0,10625,1438,1383,1594,1614,-593,-326,-604,-332,-730,-679,244,143,,,,,,,,,,,,,,,,,,,,,,,,,,,,,,,
20376,2023,1616,71,-27,797,17394,13067,3286,242,-229,0,83,-75,565,10588,1055,490,0,10625,1438,1414,1596,1590,-489,-311,-516,-328,-711,-576,244,143,,,,,,,,,,,,,,,,,,,,,,,,,,,,,,,
20426,2448,1826,70,-80,917,12572,16668,3347,110,-154,0,66,-63,567,10663,1055,359,0,10663,1446,1420,1607,1571,-573,-386,-604,-408,-727,-484,255,143,,,,,,,,,,,,,,,,,,,,,,,,,,,,,,,
20476,2552,2568,43,-14,583,2318,8428,2005,99,-81,0,65,-62,565,10588,1062,219,0,10588,1418,1423,1598,1593,-455,-308,-484,-327,-548,-354,214,139,,,,,,,,,,,,,,,,,,,,,,,,,,,,,,,
20526,2058,2430,46,3,720,7201,5255,4873,148,-96,0,65,-63,566,10625,1059,85,0,10625,1453,1443,1565,1584,-437,-267,-463,-282,-425,-323,234,137,,,,,,,,,,,,,,,,,,,,,,,,,,,,,,,
20576,1830,2393,-97,154,1000,8544,6231,1699,219,-138,0,72,-67,575,10966,1081,14,0,10738,1443,1441,1590,1583,-427,-310,-462,-335,-498,-432,204,142,,,,,,,,,,,,,,,,,,,,,,,,,,,,,,,
20626,2065,2308,-15,-32,698,14098,10748,2920,292,-206,0,94,-80,605,12140,1076,-73,20,12140,1517,1462,1616,1610,-525,-319,-565,-344,-642,-548,193,145,,,,,,,,,,,,,,,,,,,,,,,,,,,,,,,
20676,2393,2674,-94,-142,738,17760,17034,2371,208,-187,2,86,-80,673,15022,1064,-179,155,13543,1526,1515,1653,1648,-334,-211,-355,-225,-453,-344,234,148,,,,,,,,,,,,,,,,,,,,,,,,,,,,,,,
20726,2944,3265,-183,-13,914,13854,12457,1150,-132,62,-4,25,-40,673,15022,1050,-224,291,15022,1606,1475,1725,1661,-273,-302,-287,-317,-337,-375,244,148,,,,,,,,,,,,,,,,,,,,,,,,,,,,,,,
20776,2699,2899,-66,-11,959,-6043,-970,1455,-223,108,0,4,-28,673,15022,1032,-245,296,15067,1523,1535,1707,1708,-365,-114,-376,-118,-117,252,244,144,,,,,,,,,,,,,,,,,,,,,,,,,,,,,,,
20826,1920,1901,86,205,1283,-17700,-8660,479,-228,131,-2,-13,-9,673,15022,1011,-274,291,15022,1533,1527,1699,1710,-194,-97,-196,-98,37,255,255,143,,,,,,,,,,,,,,,,,,,,,,,,,,,,,,,
20876,652,1390,-41,71,1170,-11109,-6036,662,-126,73,0,-13,-9,674,15067,1008,-224,287,14978,1552,1533,1705,1680,48,-140,48,-141,194,27,244,138,,,,,,,,,,,,,,,,,,,,,,,,,,,,,,,
20926,38,1235,51,-97,897,-5554,-3656,-253,-86,106,0,-13,-2,674,15067,996,-199,296,15067,1544,1517,1710,1698,-78,-107,-78,-107,109,33,234,137,,,,,,,,,,,,,,,,,,,,,,,,,,,,,,,
20976,80,1046,93,-113,1004,-5432,-7928,357,-90,147,0,-13,8,673,15022,986,-204,296,15067,1539,1498,1716,1714,-127,-7,-125,-7,136,116,244,136,,,,,,,,,,,,,,,,,,,,,,,,,,,,,,,
21026,-363,326,12,0,1076,-6958,-14581,234,-218,280,0,-49,48,673,15022,973,-166,291,15022,1558,1499,1707,1702,-14,46,-14,45,295,168,214,135,,,,,,,,,,,,,,,,,,,,,,,,,,,,,,,
21076,-750,-329,-72,-46,1092,-13855,-23431,-1840,-222,246,0,-55,54,673,15022,974,-126,291,15022,1521,1537,1689,1721,-37,-141,-36,-137,342,150,234,146,,,,,,,,,,,,,,,,,,,,,,,,,,,,,,,
21126,-1164,-1206,28,-9,1097,-16296,-22271,-2999,-183,212,0,-55,61,674,15067,945,-157,296,15067,1519,1534,1691,1722,7,-12,6,-12,372,229,214,140,,,,,,,,,,,,,,,,,,,,,,,,,,,,,,,
21176,-1537,-1812,99,-121,1159,-9766,-18487,-2633,31,5,0,-18,30,672,14978,936,-124,291,15022,1537,1516,1699,1715,72,-136,68,-127,288,-82,224,141,,,,,,,,,,,,,,,,,,,,,,,,,,,,,,,
21226,-1540,-2022,35,41,1092,4027,-8416,-1229,52,-89,0,-18,16,674,15067,945,-97,296,15067,1530,1497,1708,1729,130,-84,123,-79,151,-227,244,139,,,,,,,,,,,,,,,,,,,,,,,,,,,,,,,
21276,-1078,-1898,-173,19,1258,5797,-177,-1412,79,-158,0,-4,4,674,15067,926,-101,291,15022,1532,1497,1715,1716,57,-102,53,-94,-8,-178,214,138,,,,,,,,,,,,,,,,,,,,,,,,,,,,,,,
21326,-497,-1633,62,39,855,4821,494,-2755,30,-120,-2,-4,3,673,15022,917,-87,291,15022,1540,1494,1711,1717,14,-31,13,-29,-42,-142,224,133,,,,,,,,,,,,,,,,,,,,,,,,,,,,,,,
21376,-119,-1006,-3,65,867,4332,-177,-1473,9,-79,0,-2,2,671,14933,918,-51,284,14933,1518,1495,1716,1721,13,-112,12,-103,0,-134,234,131,,,,,,,,,,,,,,,,,,,,,,,,,,,,,,,
21426,79,-616,56,113,1229,365,-787,-1535,-11,-14,-2,-2,6,665,14667,933,63,260,14667,1519,1489,1708,1712,33,-171,31,-159,0,-163,214,131,,,,,,,,,,,,,,,,,,,,,,,,,,,,,,,
21476,-98,-607,65,32,1393,1952,-726,-2328,1,-41,0,-2,1,671,14933,939,63,287,14978,1551,1493,1712,1704,-27,-236,-25,-222,-16,-294,224,133,,,,,,,,,,,,,,,,,,,,,,,,,,,,,,,
21526,105,-133,-130,-17,1020,121,-3350,-1290,-28,-23,2,-3,0,671,14933,944,93,284,14933,1533,1506,1714,1710,35,-16,33,-15,9,-9,255,130,,,,,,,,,,,,,,,,,,,,,,,,,,,,,,,
21576,294,137,-128,-72,935,-2014,-1275,-619,-59,-1,0,-4,0,671,14933,954,58,284,14933,1513,1515,1698,1728,-37,-120,-35,-114,-67,-75,255,135,,,,,,,,,,,,,,,,,,,,,,,,,,,,,,,
21626,-80,-146,6,-124,879,609,-787,-2023,-38,-8,-2,-6,0,672,14978,954,95,287,14978,1540,1507,1694,1718,-110,-121,-105,-116,-83,-134,244,136,,,,,,,,,,,,,,,,,,,,,,,,,,,,,,,
21676,156,-101,43,-4,928,-2503,-5059,-863,-39,-2,0,-4,0,671,14933,966,126,284,14933,1534,1513,1705,1707,-84,-188,-81,-182,-58,-155,234,135,,,,,,,,,,,,,,,,,,,,,,,,,,,,,,,
21726,195,164,-45,-14,1250,-5066,-3411,-558,-59,12,0,-7,0,672,14978,960,164,287,14978,1520,1515,1712,1709,-90,-125,-86,-120,-127,-50,244,137,,,,,,,,,,,,,,,,,,,,,,,,,,,,,,,
,,,,,,,,,,,,,,,,,,,,,,,,,,,,,,,,,,,,,,,,,,,,,,,,,,,,,,,,,,,,,,
21826,115,144,-1,33,924,-2564,2020,-1229,-84,15,-2,-15,0,671,14933,942,107,284,14933,1522,1520,1708,1711,-117,-162,-110,-152,-152,-114,244,139,,,,,,,,,,,,,,,,,,,,,,,,,,,,,,,
21876,-233,339,-10,28,859,-5859,-543,-1046,-51,29,0,-14,0,671,14933,975,117,280,22933,1710,1692,1849,1861,-171,-72,-166,-71,-176,-25,244,137,,,,,,,,,,,,,,,,,,,,,,,,,,,,,,,
21926,-530,81,-45,-37,1546,-427,-3289,-2755,-28,5,0,-14,0,672,14978,986,222,287,16542,1630,1557,1790,1792,-247,-169,-244,-167,-268,-260,255,140,,,,,,,,,,,,,,,,,,,,,,,,,,,,,,,
21976,-140,445,21,-12,1022,3783,-360,-3610,-60,45,0,-14,0,671,14933,1003,380,287,8773,1401,1330,1613,1610,-302,-258,-303,-259,-296,-279,224,140,,,,,,,,,,,,,,,,,,,,,,,,,,,,,,,
22026,194,259,34,34,920,-7874,-3717,2615,-90,28,-4,-14,0,672,14978,1026,321,287,16926,1586,1602,1726,1740,-110,-217,-113,-223,-108,-49,255,139,,,,,,,,,,,,,,,,,,,,,,,,,,,,,,,
22076,-622,148,-5,28,983,-16174,-5059,-436,-25,-13,0,-15,-5,671,14933,1032,329,284,11893,1494,1485,1677,1688,-164,2,-170,2,-194,111,214,136,,,,,,,,,,,,,,,,,,,,,,,,,,,,,,,
22126,-1003,227,-80,-33,1008,-2869,-1580,1028,49,-46,-2,-6,-11,672,14978,1042,292,287,14766,1555,1534,1697,1713,-111,-96,-116,-100,-195,-161,214,145,,,,,,,,,,,,,,,,,,,,,,,,,,,,,,,
22176,-874,374,-37,-77,1036,4149,3851,1089,127,-143,-2,11,-34,672,14978,1077,321,287,14500,1480,1458,1671,1683,-291,-325,-313,-350,-320,-430,234,145,,,,,,,,,,,,,,,,,,,,,,,,,,,,,,,
22226,-536,156,-77,-10,1261,10314,8551,-131,477,-233,0,85,-47,672,14978,1098,333,287,14571,1483,1523,1676,1670,-240,-224,-264,-246,-414,-492,234,145,,,,,,,,,,,,,,,,,,,,,,,,,,,,,,,
22276,306,566,18,26,1040,27831,13861,723,559,-225,0,114,-54,672,14978,1117,358,287,11328,1513,1443,1652,1657,-322,-271,-360,-303,-555,-897,204,143,,,,,,,,,,,,,,,,,,,,,,,,,,,,,,,
22326,1274,915,39,-48,1146,39306,11236,3408,726,-258,0,165,-67,671,14933,1139,303,284,14076,1596,1565,1719,1733,-330,-353,-376,-402,-529,-974,234,146,,,,,,,,,,,,,,,,,,,,,,,,,,,,,,,
22376,2681,1167,-142,21,731,40709,13739,845,605,-267,0,164,-69,672,14978,1144,327,284,12535,1552,1495,1685,1678,-400,-438,-457,-501,-591,-1010,193,147,,,,,,,,,,,,,,,,,,,,,,,,,,,,,,,
22426,3990,1497,-72,-88,670,39244,15814,1516,364,-149,0,143,-53,671,14933,1150,256,284,17250,1671,1558,1753,1742,-402,-548,-463,-630,-600,-1038,193,148,,,,,,,,,,,,,,,,,,,,,,,,,,,,,,,
22476,5121,2086,47,21,1238,26061,11297,723,77,-7,0,104,-38,671,14933,1171,318,280,11873,1522,1458,1656,1659,-460,-522,-539,-611,-523,-590,244,142,,,,,,,,,,,,,,,,,,,,,,,,,,,,,,,
22526,4743,2208,7,-155,817,1281,3912,1089,-416,91,0,4,-20,672,14978,1173,285,287,16097,1580,1489,1677,1677,-391,-291,-458,-342,-342,-47,255,140,,,,,,,,,,,,,,,,,,,,,,,,,,,,,,,
22576,3753,1814,45,129,1184,-22644,-909,2005,-406,96,2,-14,-13,673,15022,1191,283,287,14202,1487,1540,1654,1683,-381,-157,-454,-187,-289,455,255,145,,,,,,,,,,,,,,,,,,,,,,,,,,,,,,,
22626,1496,1450,-36,-145,1088,-29480,-4022,1089,-222,57,0,-12,-13,671,14933,1196,258,284,14686,1587,1573,1708,1720,-355,22,-425,26,-249,533,244,144,,,,,,,,,,,,,,,,,,,,,,,,,,,,,,,
22676,-162,705,2,18,946,-10376,-3656,1821,-169,-8,0,-36,-14,670,14889,1195,242,284,15927,1601,1524,1694,1699,-370,-3,-442,-4,-244,197,224,138,,,,,,,,,,,,,,,,,,,,,,,,,,,,,,,
22726,-222,591,-45,290,1258,-8179,-2374,173,-180,11,0,-43,-7,671,14933,1224,288,284,13464,1526,1520,1653,1670,-329,-89,-402,-109,-261,168,255,142,,,,,,,,,,,,,,,,,,,,,,,,,,,,,,,
22776,-1210,748,-15,-173,863,-15076,-1947,2432,-93,58,-2,-34,-1,672,14978,1221,277,287,14060,1577,1610,1712,1733,-281,144,-344,176,-223,378,224,144,,,,,,,,,,,,,,,,,,,,,,,,,,,,,,,
22826,-1467,574,121,-107,910,-7507,-4754,2432,21,59,-14,-18,-1,672,14978,1251,328,287,14606,1498,1435,1626,1639,-247,48,-309,60,-160,67,244,140,,,,,,,,,,,,,,,,,,,,,,,,,,,,,,,
22876,-1339,429,-56,22,979,3356,-5853,4446,28,34,0,-18,0,672,14978,1270,323,284,13574,1542,1496,1641,1659,-242,138,-308,176,-170,110,224,137,,,,,,,,,,,,,,,,,,,,,,,,,,,,,,,
22926,-1118,-138,-2,-99,1021,-671,-4083,3897,-1,-14,0,-18,0,672,14978,1282,333,287,12876,1536,1549,1666,1684,-147,60,-189,77,-97,155,224,137,,,,,,,,,,,,,,,,,,,,,,,,,,,,,,,
22976,-1203,-346,-72,-42,833,-5249,2508,3286,12,-44,2,-17,0,671,14933,1302,304,284,16352,1566,1547,1673,1686,-223,146,-290,190,-234,243,244,140,,,,,,,,,,,,,,,,,,,,,,,,,,,,,,,
23026,-898,-284,36,-9,906,-4089,616,3164,-6,-24,-2,-16,0,672,14978,1307,276,287,15892,1574,1549,1683,1691,-322,113,-421,148,-372,135,255,137,,,,,,,,,,,,,,,,,,,,,,,,,,,,,,,
23076,-604,306,-140,59,1129,1708,3851,3225,-23,12,-4,-16,0,601,11980,1319,290,80,6933,1323,1242,1504,1502,-304,161,-402,212,-330,214,224,137,,,,,,,,,,,,,,,,,,,,,,,,,,,,,,,
23126,-570,117,-29,79,805,-6104,4644,9024,-25,4,-10,-16,0,600,11940,1340,168,0,12907,1460,1446,1555,1541,-193,178,-258,239,-284,251,234,136,,,,,,,,,,,,,,,,,,,,,,,,,,,,,,,
23176,-1170,-190,41,-19,814,-9827,-909,3591,10,-14,-10,-17,0,601,11980,1334,51,4,14267,1591,1585,1670,1710,-215,212,-287,283,-279,308,224,138,,,,,,,,,,,,,,,,,,,,,,,,,,,,,,,
23226,-1060,14,-19,-72,751,-1770,3302,3591,0,-6,-6,-16,0,605,12140,1318,-19,20,17152,1581,1538,1687,1684,-282,233,-372,307,-332,195,224,136,,,,,,,,,,,,,,,,,,,,,,,,,,,,,,,
23276,-636,300,22,69,1089,-1099,1776,4385,-17,24,-4,-16,0,606,12180,1328,-12,24,14401,1559,1551,1655,1682,-259,233,-343,310,-277,220,234,137,,,,,,,,,,,,,,,,,,,,,,,,,,,,,,,
23326,-620,494,-49,-107,981,-2686,860,1516,-33,38,-4,-15,0,604,12100,1337,6,15,12723,1503,1506,1618,1621,-260,359,-348,480,-229,416,183,136,,,,,,,,,,,,,,,,,,,,,,,,,,,,,,,
23376,-637,466,119,61,798,-3479,-2069,3164,-20,54,-4,-16,0,607,12220,1348,-10,24,14284,1585,1538,1675,1687,-242,309,-326,417,-185,304,224,138,,,,,,,,,,,,,,,,,,,,,,,,,,,,,,,
23426,-536,572,101,131,1247,-2747,-1458,2188,-291,49,-2,-69,-2,675,15112,1341,6,300,22933,1766,1688,1831,1817,-234,261,-314,350,-235,336,255,141,,,,,,,,,,,,,,,,,,,,,,,,,,,,,,,
,,,,,,,,,,,,,,,,,,,,,,,,,,,,,,,,,,,,,,,,,,,,,,,,,,,,,,,,,,,,,,
23526,-1171,400,12,-102,1058,-30823,2142,-3060,-348,32,-2,-85,0,687,15654,1350,219,347,16598,1576,1600,1744,1731,-219,484,-295,653,-252,868,224,144,,,,,,,,,,,,,,,,,,,,,,,,,,,,,,,
23576,-2093,338,49,-60,993,-19348,1470,-558,-69,34,-2,-48,0,673,15022,1372,321,291,10239,1370,1362,1538,1555,-357,457,-489,627,-254,501,244,140,,,,,,,,,,,,,,,,,,,,,,,,,,,,,,,
23626,-2440,216,-126,226,1114,1098,-4327,3042,28,9,0,-41,0,673,15022,1373,265,291,16101,1647,1612,1717,1740,-235,246,-322,338,-126,155,244,139,,,,,,,,,,,,,,,,,,,,,,,,,,,,,,,
23676,-2086,-29,-98,-105,1039,-2564,-970,-9,3,-15,-2,-34,0,673,15022,1386,290,296,16182,1575,1563,1727,1710,-218,161,-302,224,-201,151,224,139,,,,,,,,,,,,,,,,,,,,,,,,,,,,,,,
23726,-1877,39,33,-191,852,-916,3546,-680,-26,5,-2,-34,0,628,13081,1408,294,112,8698,1340,1225,1493,1509,-271,220,-382,311,-274,116,255,136,,,,,,,,,,,,,,,,,,,,,,,,,,,,,,,
23776,-1417,-235,137,115,887,-977,-1580,3897,-98,-8,0,-47,0,564,10550,1418,256,0,6933,1355,1362,1443,1459,-287,236,-407,336,-203,396,244,137,,,,,,,,,,,,,,,,,,,,,,,,,,,,,,,
23826,-1040,146,-84,72,603,-13001,-1702,4446,-176,0,0,-55,0,564,10550,1456,184,0,11726,1493,1489,1618,1594,-128,321,-186,467,-143,464,255,138,,,,,,,,,,,,,,,,,,,,,,,,,,,,,,,
23876,-2034,-229,-111,-64,785,-14160,-604,3286,-105,-38,0,-54,0,494,8094,1451,84,0,13108,1545,1557,1683,1683,-197,191,-285,278,-168,273,255,140,,,,,,,,,,,,,,,,,,,,,,,,,,,,,,,
23926,-2295,169,110,-173,816,-7752,128,1028,-54,25,-18,-46,0,484,7769,1470,27,0,16448,1590,1566,1699,1694,-227,204,-334,300,-263,136,255,137,,,,,,,,,,,,,,,,,,,,,,,,,,,,,,,
23976,-1843,-75,84,45,1177,121,2325,1089,7,0,-16,-32,0,485,7802,1473,46,0,10767,1477,1478,1612,1610,-186,167,-275,247,-186,42,255,130,,,,,,,,,,,,,,,,,,,,,,,,,,,,,,,
24026,-1623,-144,-51,-14,835,5736,2508,2676,44,-20,-12,-20,0,493,8061,1464,-38,0,15016,1537,1513,1630,1625,-195,29,-286,43,-211,-101,244,137,,,,,,,,,,,,,,,,,,,,,,,,,,,,,,,
24076,-1262,270,-185,-60,956,5004,1593,1760,10,3,-8,-19,0,493,8061,1464,-63,0,15263,1628,1589,1743,1720,-164,-25,-240,-36,-178,-161,234,136,,,,,,,,,,,,,,,,,,,,,,,,,,,,,,,
24126,-719,482,-2,-128,957,4393,1837,967,-38,41,-6,-18,0,496,8159,1465,-33,0,14862,1560,1525,1658,1677,-224,46,-328,67,-186,-93,244,132,,,,,,,,,,,,,,,,,,,,,,,,,,,,,,,
24176,-800,336,-67,1,1307,3234,-1824,1028,-17,21,-8,-18,0,496,8159,1436,-37,0,14849,1572,1531,1663,1650,-106,-4,-152,-6,-82,-91,244,132,,,,,,,,,,,,,,,,,,,,,,,,,,,,,,,
24226,-589,360,-168,-124,897,5431,-909,1699,-49,10,-4,-18,0,498,8225,1439,-49,0,17040,1564,1538,1655,1663,-111,-26,-160,-38,-51,-103,244,137,,,,,,,,,,,,,,,,,,,,,,,,,,,,,,,
24276,-698,5,-32,-73,730,2318,6,2432,-34,0,-4,-17,0,498,8225,1428,-86,0,17369,1602,1559,1721,1716,-90,-17,-129,-24,-92,-176,255,128,,,,,,,,,,,,,,,,,,,,,,,,,,,,,,,
24326,-316,467,-101,-78,1220,6774,-604,1760,14,29,-6,-2,0,499,8258,1440,-12,0,13303,1474,1480,1626,1648,-115,-54,-166,-77,-38,-136,244,135,,,,,,,,,,,,,,,,,,,,,,,,,,,,,,,
24376,-362,93,-17,-129,785,6957,-3656,601,217,0,-4,39,-1,500,8292,1424,-100,0,19144,1632,1644,1724,1741,-69,-112,-99,-159,-8,-396,255,134,,,,,,,,,,,,,,,,,,,,,,,,,,,,,,,
24426,224,205,-6,-70,1333,23009,-4205,845,462,-18,-4,95,-7,500,8292,1405,-19,0,11595,1408,1487,1585,1615,-62,-198,-88,-279,16,-600,234,135,,,,,,,,,,,,,,,,,,,,,,,,,,,,,,,
24476,862,-69,117,-215,738,33202,-4022,2127,655,-65,-4,149,-15,500,8292,1435,-4,0,16272,1607,1547,1677,1696,-114,-219,-164,-314,-99,-906,214,141,,,,,,,,,,,,,,,,,,,,,,,,,,,,,,,
24526,2426,-340,33,60,1082,48766,1715,1516,554,-111,-4,148,-16,501,8325,1426,24,0,14719,1582,1347,1613,1593,-53,-355,-76,-507,-125,-1101,255,141,,,,,,,,,,,,,,,,,,,,,,,,,,,,,,,
24576,3826,-242,90,-64,859,32958,4156,2920,88,-37,-4,84,-4,501,8358,1427,-5,0,16061,1570,1500,1672,1671,-112,-382,-160,-545,-151,-455,255,138,,,,,,,,,,,,,,,,,,,,,,,,,,,,,,,
24626,4513,26,18,93,1151,-2197,1226,1943,-289,-6,-4,20,-2,500,8292,1406,0,0,13506,1598,1513,1679,1681,-76,-346,-107,-487,-127,-58,214,134,,,,,,,,,,,,,,,,,,,,,,,,,,,,,,,
24676,2835,230,85,-108,804,-20752,1104,296,-348,16,-4,-14,-2,501,8358,1417,-21,0,17236,1569,1574,1701,1714,-94,-77,-134,-109,-25,466,234,137,,,,,,,,,,,,,,,,,,,,,,,,,,,,,,,
24726,1064,190,-56,-9,1286,-18677,-2923,357,-177,-63,-4,-14,-15,501,8325,1395,-4,0,12163,1521,1477,1592,1633,3,-61,4,-85,25,264,224,132,,,,,,,,,,,,,,,,,,,,,,,,,,,,,,,
24776,-486,242,-29,-202,905,-7935,-726,2127,-153,-152,-6,-34,-34,503,8391,1417,4,0,14681,1601,1546,1671,1693,35,-5,50,-7,-54,154,255,133,,,,,,,,,,,,,,,,,,,,,,,,,,,,,,,
24826,-438,40,-52,260,1201,-6409,8734,1516,-126,-256,-6,-37,-50,499,8258,1408,-8,0,15287,1547,1518,1650,1678,-116,-19,-163,-26,-310,159,255,140,,,,,,,,,,,,,,,,,,,,,,,,,,,,,,,
24876,-1133,535,-82,-70,1005,-13489,12884,1821,-58,-409,-4,-29,-88,500,8292,1419,15,0,13436,1530,1525,1620,1660,17,109,25,155,-297,326,244,139,,,,,,,,,,,,,,,,,,,,,,,,,,,,,,,
24926,-1297,843,19,191,1131,-4517,21673,-253,-106,-424,-4,-47,-98,499,8258,1411,2,0,14166,1544,1481,1630,1623,-103,44,-146,63,-471,143,255,139,,,,,,,,,,,,,,,,,,,,,,,,,,,,,,,
24976,-1378,1917,-92,148,1049,-8118,23870,2676,-135,-302,-6,-53,-90,497,8192,1425,34,0,12480,1559,1544,1681,1643,-108,125,-154,178,-420,277,255,144,,,,,,,,,,,,,,,,,,,,,,,,,,,,,,,
25026,-1885,2529,-153,-58,698,-15564,11602,2493,33,-77,-4,-23,-55,499,8258,1415,7,0,15651,1566,1547,1649,1664,-98,253,-138,358,-136,438,224,140,,,,,,,,,,,,,,,,,,,,,,,,,,,,,,,
25076,-2037,2311,105,-60,838,-5982,-4510,1882,-24,108,-4,-39,-22,499,8258,1433,15,0,13833,1553,1520,1641,1635,-20,104,-29,150,188,106,244,138,,,,,,,,,,,,,,,,,,,,,,,,,,,,,,,
25126,-2253,1535,45,-112,919,-1465,-9759,2737,131,132,0,-11,-2,498,8225,1421,-16,0,15348,1589,1572,1671,1695,89,120,127,170,320,84,244,135,,,,,,,,,,,,,,,,,,,,,,,,,,,,,,,
25176,-2387,526,40,-182,959,5797,-8538,2432,143,44,-6,-10,-2,488,7898,1415,2,0,13267,1566,1526,1661,1675,157,146,222,206,340,38,224,132,,,,,,,,,,,,,,,,,,,,,,,,,,,,,,,
25226,-1587,20,-70,166,1107,8117,-2618,2737,121,10,0,-7,2,463,7110,1413,-20,0,15148,1580,1530,1657,1657,227,36,321,52,270,-126,244,131,,,,,,,,,,,,,,,,,,,,,,,,,,,,,,,
25276,-1384,0,148,-111,1041,4882,-177,1821,72,32,0,-8,3,463,7110,1415,38,0,12562,1498,1469,1607,1620,172,69,244,98,279,67,244,126,,,,,,,,,,,,,,,,,,,,,,,,,,,,,,,
25326,-718,274,24,209,1090,-305,-4937,2066,41,63,-2,-8,6,463,7110,1423,2,0,16028,1561,1544,1613,1662,135,42,192,60,288,50,224,126,,,,,,,,,,,,,,,,,,,,,,,,,,,,,,,
25376,-491,-3,-83,-18,1103,487,-5181,540,0,29,-4,-8,6,462,7079,1406,-51,0,16245,1568,1566,1644,1670,297,108,418,153,356,132,234,128,,,,,,,,,,,,,,,,,,,,,,,,,,,,,,,
25426,-485,-434,98,41,995,-1404,-3289,1333,1,11,-4,-9,7,463,7110,1409,-27,0,14901,1528,1493,1624,1655,240,213,338,301,330,223,244,130,,,,,,,,,,,,,,,,,,,,,,,,,,,,,,,
25476,-557,-325,5,163,1309,-122,-1336,1638,16,17,-2,-9,9,461,7048,1415,0,0,14407,1548,1541,1660,1657,287,103,406,145,329,126,255,129,,,,,,,,,,,,,,,,,,,,,,,,,,,,,,,
25526,-500,-39,71,124,937,-671,-3167,-253,12,51,0,-9,9,462,7079,1406,3,0,13709,1532,1506,1584,1650,272,182,382,256,396,177,244,127,,,,,,,,,,,,,,,,,,,,,,,,,,,,,,,
25576,-405,-239,140,134,996,-1038,-6707,1028,7,6,-2,-8,2,461,7048,1408,-25,0,14620,1582,1574,1669,1675,421,75,592,105,445,96,244,129,,,,,,,,,,,,,,,,,,,,,,,,,,,,,,,
25626,-364,-168,60,-94,769,-733,-238,1333,-25,7,0,-9,2,461,7048,1399,-34,0,15583,1556,1554,1665,1673,326,126,456,176,344,184,255,129,,,,,,,,,,,,,,,,,,,,,,,,,,,,,,,
25676,-512,36,69,173,1275,-3845,-3228,1089,15,48,0,-8,7,460,7018,1412,14,0,13163,1525,1482,1621,1611,306,180,433,255,384,171,244,129,,,,,,,,,,,,,,,,,,,,,,,,,,,,,,,
25726,-394,253,-100,-63,798,-733,-7073,1211,-105,187,-2,-26,34,462,7079,1407,-1,0,14823,1634,1565,1688,1690,402,243,565,343,584,282,244,136,,,,,,,,,,,,,,,,,,,,,,,,,,,,,,,
25776,-315,95,82,96,1076,-11658,-16168,2066,-236,285,0,-53,52,462,7079,1393,-52,0,16468,1638,1623,1719,1724,409,155,570,216,645,390,234,136,,,,,,,,,,,,,,,,,,,,,,,,,,,,,,,
25826,-547,-332,54,-31,868,-17151,-18060,-253,-234,309,0,-54,64,462,7079,1412,52,0,9915,1478,1499,1586,1616,497,233,702,329,773,532,204,136,,,,,,,,,,,,,,,,,,,,,,,,,,,,,,,
25876,-1523,-974,85,168,1194,-14038,-20074,1943,-163,222,-2,-61,58,461,7048,1423,24,0,13924,1568,1549,1630,1640,477,155,678,220,709,270,234,140,,,,,,,,,,,,,,,,,,,,,,,,,,,,,,,
25926,-1870,-1579,-39,-156,914,-8789,-12933,1211,-161,-17,-4,-61,24,463,7110,1402,-36,0,17155,1652,1630,1705,1736,550,229,771,321,633,342,204,142,,,,,,,,,,,,,,,,,,,,,,,,,,,,,,,
25976,-1697,-1324,109,-156,858,-12756,1593,1089,-68,-49,2,-39,11,462,7079,1398,13,0,11725,1476,1510,1618,1625,448,276,626,386,296,352,224,138,,,,,,,,,,,,,,,,,,,,,,,,,,,,,,,
26026,-2024,-372,-167,-61,816,-3906,3790,2371,149,-51,-4,-4,0,462,7079,1422,42,0,12646,1576,1550,1648,1642,460,244,654,347,276,142,244,135,,,,,,,,,,,,,,,,,,,,,,,,,,,,,,,
26076,-1720,256,-83,-181,934,6530,250,2005,119,10,-4,-3,0,461,7048,1423,35,0,14667,1579,1511,1626,1643,358,104,510,148,354,-118,234,132,,,,,,,,,,,,,,,,,,,,,,,,,,,,,,,
26126,-515,1095,33,359,1123,5736,-665,2005,59,97,0,-4,0,461,7048,1407,10,0,13523,1563,1555,1645,1663,345,14,486,20,335,-76,214,127,,,,,,,,,,,,,,,,,,,,,,,,,,,,,,,
26176,-292,1077,-122,-140,1128,-916,-1336,1211,0,85,-2,-2,0,461,7048,1421,-20,0,15820,1590,1603,1666,1690,426,136,606,193,426,142,244,134,,,,,,,,,,,,,,,,,,,,,,,,,,,,,,,
26226,-381,362,152,56,1041,1098,-2252,540,26,44,0,-2,0,461,7048,1435,30,0,14548,1494,1483,1582,1624,373,30,535,43,390,-8,214,125,,,,,,,,,,,,,,,,,,,,,,,,,,,,,,,
26276,-283,-7,-37,117,1048,4393,1654,-375,28,-8,-2,-2,0,461,7048,1434,13,0,13342,1523,1504,1604,1610,318,77,456,111,202,19,204,127,,,,,,,,,,,,,,,,,,,,,,,,,,,,,,,
26326,-111,414,-276,-9,898,3783,3668,1516,3,4,-2,-1,0,461,7048,1422,7,0,14870,1550,1538,1636,1661,249,33,354,48,203,16,193,123,,,,,,,,,,,,,,,,,,,,,,,,,,,,,,,
26376,244,348,-96,121,774,-305,799,418,-13,14,0,-1,0,461,7048,1431,-28,0,16147,1636,1624,1715,1732,365,39,523,56,286,0,183,123,,,,,,,,,,,,,,,,,,,,,,,,,,,,,,,
26426,138,159,-75,150,1277,-855,-4632,-253,-7,6,-2,-1,0,461,7048,1418,-22,0,12902,1597,1564,1653,1665,336,12,477,17,290,-17,183,128,,,,,,,,,,,,,,,,,,,,,,,,,,,,,,,
26476,-20,-274,-35,122,981,-855,-2923,-497,7,-33,-2,-1,-1,461,7048,1409,-45,0,16112,1569,1544,1650,1662,249,13,351,18,280,0,163,128,,,,,,,,,,,,,,,,,,,,,,,,,,,,,,,
26526,-81,-240,-142,203,1276,-1282,189,2005,12,-39,-2,-2,-1,461,7048,1419,7,0,12055,1553,1558,1651,1666,237,-33,336,-47,155,0,183,130,,,,,,,,,,,,,,,,,,,,,,,,,,,,,,,
26576,-321,-15,-63,105,999,1647,-726,601,26,-14,-4,-2,-1,461,7048,1405,-68,0,15936,1622,1611,1694,1707,223,70,313,99,211,16,173,128,,,,,,,,,,,,,,,,,,,,,,,,,,,,,,,
26626,-11,118,27,277,1171,3661,-1092,1028,22,3,-4,0,-2,462,7079,1397,-40,0,15854,1596,1576,1684,1691,242,-143,339,-200,201,-176,183,132,,,,,,,,,,,,,,,,,,,,,,,,,,,,,,,
26676,-116,402,7,24,1064,3722,-115,479,3,33,0,-2,0,462,7079,1394,-44,0,14224,1616,1607,1702,1714,124,-68,173,-95,143,-124,214,126,,,,,,,,,,,,,,,,,,,,,,,,,,,,,,,
26726,-140,578,-80,38,1278,4332,-1641,-1535,45,42,-2,5,0,461,7048,1406,33,0,11800,1485,1450,1563,1585,199,-81,280,-114,218,-117,204,132,,,,,,,,,,,,,,,,,,,,,,,,,,,,,,,
26776,561,632,124,230,1189,5004,-1519,173,0,64,0,5,0,461,7048,1414,-8,0,17128,1622,1593,1677,1695,111,-212,158,-300,164,-311,214,129,,,,,,,,,,,,,,,,,,,,,,,,,,,,,,,
26826,394,1010,-183,57,1161,3722,-2923,-497,27,68,-4,11,-1,461,7048,1424,82,0,10812,1467,1474,1582,1619,119,-88,170,-126,180,-94,142,133,,,,,,,,,,,,,,,,,,,,,,,,,,,,,,,
26876,616,859,12,-44,832,4638,-3411,418,77,75,-2,27,0,461,7048,1414,13,0,14801,1607,1614,1670,1700,110,-185,156,-262,170,-238,204,130,,,,,,,,,,,,,,,,,,,,,,,,,,,,,,,
26926,846,934,-16,146,993,9520,-6158,-619,216,14,0,54,-13,445,6568,1438,51,0,14436,1559,1510,1627,1637,196,-289,282,-415,174,-483,204,134,,,,,,,,,,,,,,,,,,,,,,,,,,,,,,,
26976,1235,1047,-195,-43,1113,15990,1776,1028,130,8,-2,47,-13,426,6019,1436,61,0,13093,1472,1378,1541,1544,115,-326,166,-468,42,-529,183,137,,,,,,,,,,,,,,,,,,,,,,,,,,,,,,,
27026,1526,573,31,-128,731,5126,-1702,2615,5,-3,-4,31,-11,428,6075,1438,1,0,14771,1617,1604,1690,1731,86,-205,124,-295,66,-242,193,131,,,,,,,,,,,,,,,,,,,,,,,,,,,,,,,
27076,1632,482,-31,226,1070,-2319,-909,967,66,-46,-2,38,-17,427,6047,1452,26,0,12345,1451,1433,1561,1589,111,-114,162,-166,-9,-95,204,134,,,,,,,,,,,,,,,,,,,,,,,,,,,,,,,
27126,597,333,101,-38,887,4638,7330,723,70,-52,-2,25,-18,427,6047,1436,-15,0,14304,1587,1541,1661,1663,104,-167,149,-241,-16,-223,224,134,,,,,,,,,,,,,,,,,,,,,,,,,,,,,,,
27176,339,336,162,-142,771,5980,3240,-131,82,-16,-2,25,-13,426,6019,1438,-45,0,15735,1637,1602,1701,1704,-3,-192,-4,-277,-75,-258,183,134,,,,,,,,,,,,,,,,,,,,,,,,,,,,,,,
27226,875,957,2,89,1304,8910,5743,-1901,93,23,-2,32,-11,442,6479,1427,-22,0,14528,1544,1510,1645,1629,-107,-202,-153,-289,-190,-260,142,136,,,,,,,,,,,,,,,,,,,,,,,,,,,,,,,
27276,1042,1020,135,114,1128,7079,-1336,-375,81,72,-2,32,-6,461,7048,1433,-9,0,12850,1583,1556,1668,1684,-85,-69,-122,-98,-58,-176,214,135,,,,,,,,,,,,,,,,,,,,,,,,,,,,,,,
27326,801,1041,-17,52,1262,8849,-1092,-314,93,67,0,31,-4,461,7048,1423,-1,0,13974,1515,1490,1611,1599,-72,-293,-102,-418,-67,-311,204,134,,,,,,,,,,,,,,,,,,,,,,,,,,,,,,,
27376,1142,704,143,-25,1064,4149,-665,540,65,48,-2,33,-5,461,7048,1420,-25,0,14860,1546,1541,1639,1665,-103,101,-146,143,-106,48,204,133,,,,,,,,,,,,,,,,,,,,,,,,,,,,,,,
27426,802,382,36,121,1184,7506,2020,-1046,88,15,-2,29,-4,460,7018,1420,-34,0,15031,1654,1602,1718,1723,58,-149,82,-211,25,-202,224,131,,,,,,,,,,,,,,,,,,,,,,,,,,,,,,,
27476,941,164,75,-86,864,5187,2569,-1107,-7,-2,-2,16,-4,423,5934,1419,-16,0,12382,1538,1483,1621,1637,-96,-189,-136,-269,-124,-181,224,135,,,,,,,,,,,,,,,,,,,,,,,,,,,,,,,
27526,944,29,-33,56,1152,2074,5316,-741,50,-20,-4,25,-3,422,5906,1410,-32,0,16396,1576,1592,1675,1676,-287,-99,-405,-139,-345,38,234,133,,,,,,,,,,,,,,,,,,,,,,,,,,,,,,,
27576,434,49,133,39,1034,1830,5010,-1107,91,1,-4,25,-2,424,5962,1417,3,0,13298,1519,1472,1594,1625,-208,17,-295,24,-201,-33,234,128,,,,,,,,,,,,,,,,,,,,,,,,,,,,,,,
27626,48,-229,153,110,1119,7323,2630,357,134,-18,-4,25,-2,424,5962,1396,-125,0,20720,1694,1664,1764,1759,-197,-57,-276,-80,-245,-76,244,136,,,,,,,,,,,,,,,,,,,,,,,,,,,,,,,
27676,461,117,-2,37,1102,5858,5133,-1168,83,-2,-6,23,-2,425,5991,1408,-5,0,12589,1537,1499,1641,1646,-116,-31,-164,-44,-177,-84,224,132,,,,,,,,,,,,,,,,,,,,,,,,,,,,,,,
27726,507,341,-33,-103,834,3112,1837,845,30,-16,-4,17,-8,424,5962,1396,15,0,13923,1511,1480,1575,1613,-202,60,-282,84,-183,133,255,131,,,,,,,,,,,,,,,,,,,,,,,,,,,,,,,
27776,465,374,-62,148,929,-3784,433,1455,-16,-43,-4,2,-13,394,5148,1403,-20,-27,13777,1544,1507,1627,1635,-166,47,-233,66,-217,150,234,135,,,,,,,,,,,,,,,,,,,,,,,,,,,,,,,
27826,406,294,-2,-220,848,-6165,6292,601,-319,-46,-2,-50,-13,393,5122,1395,-31,-27,14504,1599,1541,1664,1681,-154,153,-216,213,-212,387,214,140,,,,,,,,,,,,,,,,,,,,,,,,,,,,,,,
27876,55,1016,15,261,1084,-23193,5621,-680,-350,-74,-6,-71,-32,393,5122,1415,6,-24,15342,1553,1519,1641,1646,-66,256,-93,362,-134,683,224,138,,,,,,,,,,,,,,,,,,,,,,,,,,,,,,,
27926,-969,1323,12,-123,885,-27588,4339,-314,-554,40,-2,-122,-15,393,5122,1412,-7,-27,14815,1555,1509,1658,1629,-149,338,-210,477,-194,834,204,143,,,,,,,,,,,,,,,,,,,,,,,,,,,,,,,
27976,-2154,1824,-5,62,1012,-34546,-848,296,-410,155,-2,-118,-1,393,5122,1418,2,-24,14636,1569,1542,1640,1659,-103,341,-147,484,-25,883,193,140,,,,,,,,,,,,,,,,,,,,,,,,,,,,,,,
28026,-3162,1303,46,-111,1052,-33875,-8294,967,-452,113,0,-141,-2,393,5122,1411,19,-27,14950,1425,1433,1544,1571,-102,406,-145,572,101,911,214,143,,,,,,,,,,,,,,,,,,,,,,,,,,,,,,,
28076,-4299,263,244,61,1138,-30579,-4205,1089,-340,43,0,-143,0,392,5096,1413,-32,-27,14786,1592,1595,1685,1713,-111,507,-157,717,-69,855,153,141,,,,,,,,,,,,,,,,,,,,,,,,,,,,,,,
28126,-4791,-32,-10,158,1081,-23255,67,-1473,-200,-7,0,-126,0,393,5122,1407,-40,-27,14501,1592,1595,1699,1692,-173,380,-244,534,-194,615,183,141,,,,,,,,,,,,,,,,,,,,,,,,,,,,,,,
28176,-5101,-115,26,-159,829,-13672,2447,-1046,20,-8,0,-81,0,394,5148,1396,-38,-27,14796,1537,1586,1664,1655,-174,274,-243,383,-202,279,204,140,,,,,,,,,,,,,,,,,,,,,,,,,,,,,,,
28226,-4974,413,8,-108,808,3661,2996,-1351,245,40,0,-37,0,392,5096,1410,6,-32,13404,1535,1500,1611,1623,-204,211,-288,297,-191,-105,234,136,,,,,,,,,,,,,,,,,,,,,,,,,,,,,,,
28276,-3577,141,67,41,967,18187,-1275,-9,268,-18,-2,-12,-7,393,5122,1412,-61,-27,16468,1632,1592,1699,1700,-220,164,-310,232,-254,-262,234,139,,,,,,,,,,,,,,,,,,,,,,,,,,,,,,,
28326,-2202,181,-151,2,1008,20385,9161,-619,173,-65,0,-6,-12,393,5122,1398,-55,-27,14649,1592,1568,1709,1697,-209,197,-292,276,-323,-136,193,141,,,,,,,,,,,,,,,,,,,,,,,,,,,,,,,
28376,-1334,286,0,-50,748,10314,9588,-131,85,-90,2,-6,-22,393,5122,1416,26,-32,11458,1511,1450,1628,1617,-278,-16,-394,-22,-420,-300,183,137,,,,,,,,,,,,,,,,,,,,,,,,,,,,,,,
28426,-749,1150,-134,-93,913,13427,10870,-314,254,-224,0,38,-61,393,5122,1418,-1,-27,15438,1546,1513,1644,1666,-258,42,-366,59,-400,-250,244,141,,,,,,,,,,,,,,,,,,,,,,,,,,,,,,,
28476,-250,1215,-144,-84,931,19347,16851,-741,213,-263,-4,38,-69,394,5148,1406,6,-27,12306,1605,1475,1656,1637,-176,-31,-247,-43,-429,-429,244,143,,,,,,,,,,,,,,,,,,,,,,,,,,,,,,,
28526,1033,1484,-11,181,961,14708,17584,-924,-77,-274,0,-2,-79,392,5096,1418,-55,-32,16869,1568,1544,1679,1672,-218,-113,-309,-28576,951,2286,58,148,1306,-6714,18133,-253,-93,-169,-2,-3,-74,393,5122,1411,-17,-27,11870,1495,1509,1661,1624,-218,-28,-307,-40,-404,101,224,142,,,,
28626,-169,2714,23,-132,894,-2197,10382,-1657,-60,-14,-2,-11,-50,393,5122,1433,28,-27,12304,1611,1563,1695,1678,-236,27,-339,39,-233,19,234,140,,,,,,,,,,,,,,,,,,,,,,,,,,,,,,,
28676,310,2631,67,171,1010,4882,-1824,-1351,-67,56,-2,-11,-37,393,5122,1405,-52,-24,16302,1600,1515,1667,1652,-149,-66,-209,-93,44,-107,224,140,,,,,,,,,,,,,,,,,,,,,,,,,,,,,,,
28726,357,2726,-52,-93,1005,1220,-3961,-741,-107,137,-2,-13,-20,393,5122,1409,-64,-27,15164,1597,1564,1725,1680,-4,-82,-6,-116,126,-16,234,139,,,,,,,,,,,,,,,,,,,,,,,,,,,,,,,
28776,13,2162,-36,-145,848,-3784,-5426,-1351,-86,127,-4,-13,-12,393,5122,1414,-43,-27,14047,1566,1517,1674,1667,-4,-28,-7,-40,230,48,244,137,,,,,,,,,,,,,,,,,,,,,,,,,,,,,,,
28826,-386,1680,26,-70,946,-977,-8538,418,-46,138,0,-14,-3,393,5122,1417,34,-27,12783,1445,1391,1577,1574,0,-6,0,-8,226,33,255,127,,,,,,,,,,,,,,,,,,,,,,,,,,,,,,,
28876,-95,1428,-125,-10,850,121,-8721,-497,-58,98,-2,-13,-3,394,5148,1426,-36,-24,18272,1642,1607,1714,1725,105,-56,151,-80,269,0,244,134,,,,,,,,,,,,,,,,,,,,,,,,,,,,,,,
28926,-54,981,-32,84,1327,670,-6036,-1962,-54,73,0,-13,-2,392,5096,1391,-88,-32,15770,1592,1552,1715,1711,147,-80,205,-111,263,-48,214,135,,,,,,,,,,,,,,,,,,,,,,,,,,,,,,,
28976,-512,946,-110,-94,912,1036,-6219,173,-27,67,2,-12,-1,393,5122,1388,-69,-27,13603,1611,1585,1709,1718,115,11,160,16,223,33,234,132,,,,,,,,,,,,,,,,,,,,,,,,,,,,,,,
29026,-10,594,-7,56,1314,5431,-5059,-1535,-51,47,-2,-11,-1,394,5148,1388,-28,-24,14229,1541,1455,1641,1612,217,-71,301,-98,296,-160,244,136,,,,,,,,,,,,,,,,,,,,,,,,,,,,,,,
29076,-23,302,-123,-80,847,3539,-2801,-131,-65,69,0,-11,11,394,5148,1395,-38,-24,16778,1620,1598,1722,1720,137,-47,191,-66,258,-17,204,135,,,,,,,,,,,,,,,,,,,,,,,,,,,,,,,
29126,147,316,-71,-27,1316,-1709,-5792,-1962,64,189,-2,16,32,392,5096,1399,30,-32,11455,1474,1446,1591,1588,164,-74,229,-103,325,-66,255,137,,,,,,,,,,,,,,,,,,,,,,,,,,,,,,,
29176,-88,123,-47,-178,700,8544,-13787,1455,136,209,-2,30,39,393,5122,1392,-13,-24,15334,1604,1559,1665,1691,183,-15,255,-20,405,-154,224,138,,,,,,,,,,,,,,,,,,,,,,,,,,,,,,,
29226,471,-398,-30,230,989,9337,-15863,479,142,233,0,31,53,393,5122,1386,-80,-27,16659,1592,1556,1711,1687,271,-107,376,-148,474,-279,214,138,,,,,,,,,,,,,,,,,,,,,,,,,,,,,,,
29276,598,-571,-64,162,1158,9765,-14825,-70,153,291,0,37,68,395,5175,1388,-34,-27,13215,1573,1551,1675,1681,323,-177,448,-246,540,-257,204,139,,,,,,,,,,,,,,,,,,,,,,,,,,,,,,,
29326,961,-1085,37,116,1257,7567,-17877,-741,45,189,0,23,55,393,5122,1383,-48,-27,15968,1660,1581,1701,1734,284,-158,393,-218,523,-281,204,139,,,,,,,,,,,,,,,,,,,,,,,,,,,,,,,
29376,736,-1485,-113,36,981,2013,-14459,-558,-25,68,0,6,41,393,5122,1381,-22,-27,16754,1511,1501,1606,1637,206,-224,285,-309,297,-118,193,138,,,,,,,,,,,,,,,,,,,,,,,,,,,,,,,
29426,46,-1720,34,96,1175,-4700,-2801,-1168,26,-47,-2,4,20,393,5122,1374,-17,-27,15188,1569,1539,1652,1662,164,10,226,15,126,135,193,133,,,,,,,,,,,,,,,,,,,,,,,,,,,,,,,
29476,-356,-1391,-89,-192,784,-427,3302,1638,10,-63,0,0,14,393,5122,1376,8,-27,13127,1522,1497,1631,1646,171,-175,235,-241,33,-109,204,135,,,,,,,,,,,,,,,,,,,,,,,,,,,,,,,
29526,-662,-986,102,128,1143,2990,2874,723,120,-76,-2,9,0,393,5122,1378,-27,-27,16153,1584,1537,1665,1678,162,-143,224,-197,42,-186,173,136,,,,,,,,,,,,,,,,,,,,,,,,,,,,,,,
29576,-910,-812,-20,121,1259,7323,4034,-1168,146,-75,0,10,0,393,5122,1377,0,-27,12555,1523,1517,1635,1633,78,-17,108,-23,-75,-132,193,134,,,,,,,,,,,,,,,,,,,,,,,,,,,,,,,
29626,-905,-419,26,-129,859,9703,4949,234,125,-36,-2,11,0,394,5148,1382,-16,-24,14255,1537,1497,1616,1613,13,38,18,52,-117,-84,214,131,,,,,,,,,,,,,,,,,,,,,,,,,,,,,,,
29676,-565,-385,-58,273,896,5187,2752,-70,131,-38,0,9,0,393,5122,1395,-19,-24,14328,1622,1590,1716,1711,58,-283,81,-395,-59,-372,224,133,,,,,,,,,,,,,,,,,,,,,,,,,,,,,,,
29726,-262,-32,-22,-127,753,6041,2691,-314,50,-7,-2,8,0,393,5122,1388,17,-27,11890,1519,1493,1618,1612,84,-8,116,-11,-19,-28,234,129,,,,,,,,,,,,,,,,,,,,,,,,,,,,,,,
29776,-176,330,-22,57,837,365,982,357,61,26,0,7,0,393,5122,1373,5,-27,12862,1543,1505,1636,1619,-124,-99,-170,-136,-178,-101,204,129,,,,,,,,,,,,,,,,,,,,,,,,,,,,,,,
29826,69,831,-62,-77,1111,1342,1043,479,22,64,0,6,0,393,5122,1385,15,-27,14409,1519,1483,1603,1602,8,-72,11,-100,-42,-59,224,125,,,,,,,,,,,,,,,,,,,,,,,,,,,,,,,
29876,340,539,5,-86,982,-2808,-177,479,-12,13,0,5,-6,393,5122,1385,-49,-27,14351,1519,1533,1613,1631,-10,-123,-14,-170,-54,-18,244,131,,,,,,,,,,,,,,,,,,,,,,,,,,,,,,,
29926,-49,25,139,82,947,-183,4156,479,41,-22,-2,5,-7,393,5122,1387,-24,-27,13856,1573,1546,1667,1677,-81,-89,-112,-124,-135,-59,224,132,,,,,,,,,,,,,,,,,,,,,,,,,,,,,,,
29976,-316,401,-165,263,1269,6224,6048,967,76,-25,0,4,-9,393,5122,1393,-7,-27,11757,1530,1504,1642,1633,-35,-2,-49,-3,-145,-102,214,132,,,,,,,,,,,,,,,,,,,,,,,,,,,,,,,
30026,-682,469,-42,-240,773,8300,1776,-314,47,-6,0,2,-8,394,5148,1375,-44,-24,14202,1575,1567,1648,1644,-144,69,-198,95,-183,57,244,132,,,,,,,,,,,,,,,,,,,,,,,,,,,,,,,
30076,-501,755,-26,124,807,365,1348,-741,77,28,0,3,-6,395,5175,1356,-99,-32,16152,1658,1601,1729,1703,-65,-15,-88,-21,-75,-50,234,130,,,,,,,,,,,,,,,,,,,,,,,,,,,,,,,
30126,-367,1046,-68,-60,821,2929,-2679,1272,36,68,0,2,-3,393,5122,1373,-41,-27,12666,1511,1486,1617,1611,-124,-6,-170,-9,-102,0,234,132,,,,,,,,,,,,,,,,,,,,,,,,,,,,,,,
30176,-337,916,-41,196,928,-183,-3167,-436,19,61,0,-6,-3,392,5096,1352,-82,-27,14889,1632,1582,1692,1673,-134,1,-182,1,-94,9,234,129,,,,,,,,,,,,,,,,,,,,,,,,,,,,,,,
30226,-28,752,-32,-100,973,-2075,-3167,1150,-141,47,0,-26,-3,394,5148,1362,-69,-24,15486,1628,1592,1715,1710,-84,56,-114,76,-50,185,244,136,,,,,,,,,,,,,,,,,,,,,,,,,,,,,,,
30276,-419,461,-49,253,1353,-9705,-421,-436,-195,30,0,-49,-1,394,5148,1347,-41,-27,14567,1527,1530,1654,1643,-140,68,-189,92,-153,287,224,138,,,,,,,,,,,,,,,,,,,,,,,,,,,,,,,
30326,-687,573,-84,102,1011,-14710,-4144,784,-283,37,0,-69,-1,394,5148,1351,14,-24,10317,1529,1492,1612,1625,-127,269,-172,363,-59,552,224,139,,,,,,,,,,,,,,,,,,,,,,,,,,,,,,,
30376,-1474,614,0,257,1125,-19287,-4449,51,-241,49,-2,-77,-1,393,5122,1344,-39,-24,15823,1518,1521,1628,1607,-184,221,-247,297,-115,520,244,140,,,,,,,,,,,,,,,,,,,,,,,,,,,,,,,
30426,-2251,293,104,-14,1132,-19104,-1947,540,-290,29,0,-96,-1,393,5122,1331,-62,-27,14276,1575,1563,1673,1667,-73,235,-97,314,-38,511,234,139,,,,,,,,,,,,,,,,,,,,,,,,,,,,,,,
30476,-3256,-92,66,-5,792,-22949,-2496,173,-209,-9,2,-97,-2,393,5122,1338,-101,-27,18270,1666,1658,1760,1767,-80,166,-107,223,-101,405,234,139,,,,,,,,,,,,,,,,,,,,,,,,,,,,,,,
30526,-3772,-21,-89,-13,1534,-13489,-2740,-924,-61,-13,0,-78,-1,394,5148,1334,50,-24,7924,1375,1417,1519,1550,-227,212,-303,283,-203,348,214,141,,,,,,,,,,,,,,,,,,,,,,,,,,,,,,,
30576,-3575,-448,38,177,997,-1770,-2557,1333,77,-80,0,-51,-9,394,5148,1344,-14,-27,17105,1625,1589,1682,1691,-215,185,-289,249,-240,57,234,139,,,,,,,,,,,,,,,,,,,,,,,,,,,,,,,
30626,-3218,-697,215,-39,897,2074,3057,479,227,-172,0,-11,-26,393,5122,1336,-23,-27,14831,1570,1538,1677,1685,-222,97,-297,129,-364,-169,214,141,,,,,,,,,,,,,,,,,,,,,,,,,,,,,,,
30676,-2526,-441,90,-93,1108,17638,10565,-70,241,-199,0,3,-32,393,5122,1334,5,-27,13682,1547,1486,1634,1624,-215,65,-287,87,-483,-313,214,138,,,,,,,,,,,,,,,,,,,,,,,,,,,,,,,
30726,-1834,-113,65,-209,783,17577,15509,357,196,-329,0,10,-64,393,5122,1324,-16,-27,13827,1576,1561,1680,1692,-268,31,-354,42,-506,-262,244,141,,,,,,,,,,,,,,,,,,,,,,,,,,,,,,,
30776,-869,392,37,109,1226,12755,18865,357,172,-329,0,16,-71,393,5122,1341,-25,-24,14419,1535,1500,1666,1642,-300,-27,-402,-36,-656,-307,204,141,,,,,,,,,,,,,,,,,,,,,,,,,,,,,,,
30826,-651,1274,35,-50,1174,16539,24664,-1535,144,-222,0,16,-65,395,5175,1335,20,-19,13187,1486,1420,1622,1580,-402,4,-537,5,-697,-243,244,139,,,,,,,,,,,,,,,,,,,,,,,,,,,,,,,
30876,122,1886,124,0,1047,12267,15142,-741,78,-91,0,16,-53,394,5148,1339,4,-27,14772,1531,1508,1635,1639,-439,7,-588,9,-526,-144,224,133,,,,,,,,,,,,,,,,,,,,,,,,,,,,,,,
30926,760,2363,-159,165,1037,10680,8001,-2633,-92,30,-4,-9,-32,393,5122,1333,-22,-27,13133,1557,1516,1669,1652,-356,-119,-475,-158,-343,-125,255,145,,,,,,,,,,,,,,,,,,,,,,,,,,,,,,,
30976,461,2526,-17,-235,762,-1587,1898,-2206,-114,85,-2,-8,-27,394,5148,1322,-34,-27,13777,1568,1533,1692,1666,-291,13,-385,17,-213,164,244,140,,,,,,,,,,,,,,,,,,,,,,,,,,,,,,,
31026,338,2004,-39,-60,1004,-4700,-1824,-2328,-87,49,-4,-9,-25,393,5122,1308,-56,-27,15662,1591,1546,1702,1695,-239,71,-313,93,-134,124,255,140,,,,,,,,,,,,,,,,,,,,,,,,,,,,,,,
31076,152,2025,-139,-1,1236,4210,311,-2145,-60,43,0,-9,-25,393,5122,1304,-43,-27,13480,1550,1493,1663,1640,-338,-54,-441,-70,-254,-45,244,138,,,,,,,,,,,,,,,,,,,,,,,,,,,,,,,
31126,181,1741,-26,-111,842,609,-787,-2572,-116,68,-2,-17,-16,393,5122,1306,-70,-27,16948,1570,1507,1659,1663,-232,31,-303,40,-93,85,255,137,,,,,,,,,,,,,,,,,,,,,,,,,,,,,,,
31176,329,1529,-8,62,1226,-2503,-1397,-2145,-154,90,-2,-25,-9,394,5148,1297,-49,-24,12662,1539,1494,1696,1673,-159,129,-207,167,-33,209,255,140,,,,,,,,,,,,,,,,,,,,,,,,,,,,,,,
31226,-517,1050,-46,-170,781,-2869,-3289,-1779,-88,71,-2,-22,-3,394,5148,1304,-19,-24,13583,1618,1579,1739,1752,-214,93,-280,121,-33,194,255,141,,,,,,,,,,,,,,,,,,,,,,,,,,,,,,,
31276,-452,765,33,44,1131,-2625,-5364,-2938,-68,59,0,-22,-2,395,5175,1306,-24,-27,14672,1544,1481,1656,1634,-86,112,-112,146,0,117,244,135,,,,,,,,,,,,,,,,,,,,,,,,,,,,,,,
31326,-776,241,49,-12,1062,-3479,-2435,-3488,-73,20,-2,-27,-1,393,5122,1292,-38,-27,15415,1557,1512,1667,1651,-75,127,-97,164,0,212,244,136,,,,,,,,,,,,,,,,,,,,,,,,,,,,,,,
31376,-1242,-133,150,-38,849,-8179,-1824,-2999,-100,0,0,-40,-1,393,5122,1290,-54,-27,14818,1572,1556,1705,1708,-59,233,-76,301,0,349,255,137,,,,,,,,,,,,,,,,,,,,,,,,,,,,,,,
31426,-1406,-261,65,175,1235,-7874,-1275,-863,-108,-27,-2,-48,-2,394,5148,1310,5,-24,15435,1531,1472,1660,1646,-19,163,-26,213,-34,252,255,139,,,,,,,,,,,,,,,,,,,,,,,,,,,,,,,
31476,-1418,-101,-96,16,785,-8911,1898,-1168,-119,-29,0,-48,-1,394,5148,1267,-80,-19,17115,1582,1558,1701,1688,-85,239,-108,304,-67,-119,18,0,-50,0,392,5096,1290,-34,-32,13635,1560,1508,1704,1691,7,283,9,365,0,405,255,131,,,,,,,,,,,
31576,-1874,465,-173,-8,1131,-7813,250,-192,-81,22,0,-48,0,394,5148,1289,-61,-27,16934,1581,1548,1708,1690,-56,179,-72,230,-58,294,255,135,,,,,,,,,,,,,,,,,,,,,,,,,,,,,,,
31626,-1989,409,-61,-108,825,-5432,-1214,-863,-117,29,0,-55,0,393,5122,1300,-7,-27,13806,1548,1472,1645,1644,-50,200,-65,260,8,227,255,135,,,,,,,,,,,,,,,,,,,,,,,,,,,,,,,
31676,-2229,279,-15,67,1217,-6958,-2862,-253,-109,21,0,-62,0,393,5122,1285,-19,-27,14136,1605,1550,1712,1692,10,176,14,226,0,208,255,133,,,,,,,,,,,,,,,,,,,,,,,,,,,,,,,
31726,-2136,313,-173,-10,1081,-2319,311,51,-115,8,-4,-60,0,394,5148,1297,4,-24,13994,1537,1488,1659,1647,-3,206,-4,268,39,264,255,130,,,,,,,,,,,,,,,,,,,,,,,,,,,,,,,
31776,-2227,-117,139,77,1223,-6531,1776,540,-101,0,0,-60,0,394,5148,1287,4,-27,14412,1518,1467,1646,1633,-4,208,-5,268,8,210,255,129,,,,,,,,,,,,,,,,,,,,,,,,,,,,,,,
31826,-2317,-121,-106,39,1221,-794,1409,51,-62,-20,-2,-54,0,393,5122,1282,-35,-27,15602,1552,1548,1674,1669,36,43,47,56,48,96,234,130,,,,,,,,,,,,,,,,,,,,,,,,,,,,,,,
31876,-2492,-281,75,-214,879,-1648,3057,-314,-9,-14,0,-41,0,393,5122,1270,-23,-24,13156,1550,1533,1669,1663,-10,20,-12,26,17,0,234,131,,,,,,,,,,,,,,,,,,,,,,,,,,,,,,,
31926,-2477,-283,12,210,1194,731,1531,-497,88,-21,2,-30,0,394,5148,1279,-20,-24,16293,1537,1494,1645,1639,52,57,67,73,33,-42,255,129,,,,,,,,,,,,,,,,,,,,,,,,,,,,,,,
31976,-2065,-358,59,-95,897,3539,677,-192,59,-25,-2,-23,0,393,5122,1268,-18,-27,13397,1572,1511,1678,1655,50,-17,63,-22,54,-127,255,132,,,,,,,,,,,,,,,,,,,,,,,,,,,,,,,
32026,-1784,-46,-47,110,860,4638,-421,-131,121,-13,-2,-10,0,395,5175,1261,-44,-19,16406,1590,1567,1692,1685,39,9,49,11,34,-86,234,130,,,,,,,,,,,,,,,,,,,,,,,,,,,,,,,
32076,-1694,144,-138,-191,1002,4332,-1214,-314,112,0,0,-4,0,394,5148,1272,22,-27,13243,1550,1483,1672,1653,83,-38,106,-49,67,-142,255,134,,,,,,,,,,,,,,,,,,,,,,,,,,,,,,,
32126,-1394,346,-109,-119,788,5370,1348,1150,173,75,-2,12,11,394,5148,1265,6,-24,13670,1540,1530,1646,1641,96,4,122,5,163,-86,255,130,,,,,,,,,,,,,,,,,,,,,,,,,,,,,,,
32176,-1061,575,-70,171,1086,4882,-6890,1577,178,107,0,13,11,393,5122,1290,16,-24,12778,1584,1490,1675,1665,194,-4,250,-5,299,-171,244,135,,,,,,,,,,,,,,,,,,,,,,,,,,,,,,,
32226,-525,755,-121,178,1122,9215,-9088,967,14,280,0,-10,43,393,5122,1280,-17,-27,15401,1572,1534,1687,1644,149,-57,191,-73,295,-126,244,137,,,,,,,,,,,,,,,,,,,,,,,,,,,,,,,
32276,-105,543,6,-150,780,-2686,-16717,357,-98,353,0,-17,59,394,5148,1265,-61,-27,15750,1608,1611,1709,1722,196,-71,248,-90,558,54,244,135,,,,,,,,,,,,,,,,,,,,,,,,,,,,,,,
32326,-411,-321,152,56,1119,-10986,-25567,479,-15,362,0,-10,73,393,5122,1256,-90,-27,16766,1592,1548,1684,1678,235,-122,296,-154,584,-42,234,141,,,,,,,,,,,,,,,,,,,,,,,,,,,,,,,
32376,-633,-1519,52,-164,817,-1770,-23065,-314,-6,244,0,-8,72,393,5122,1247,-67,-27,13672,1575,1565,1676,1678,216,-283,269,-354,505,-252,214,141,,,,,,,,,,,,,,,,,,,,,,,,,,,,,,,
32426,-872,-2076,93,162,1288,-1465,-19342,418,41,159,2,-9,65,394,5148,1246,-46,-24,14400,1583,1559,1664,1664,331,-88,412,-110,466,-84,234,138,,,,,,,,,,,,,,,,,,,,,,,,,,,,,,,
32476,-1266,-2040,-99,-169,1027,-549,-12811,1882,50,65,2,-9,50,392,5096,1247,-8,-27,12347,1534,1510,1610,1628,224,-62,280,-77,295,-59,234,138,,,,,,,,,,,,,,,,,,,,,,,,,,,,,,,
32526,-839,-2499,-2,172,1262,1036,-6707,1943,19,-125,0,-13,18,393,5122,1233,-47,-27,13323,1599,1590,1670,1693,208,-301,257,-371,146,-283,234,141,,,,,,,,,,,,,,,,,,,,,,,,,,,,,,,
32576,-1472,-2215,-64,-129,978,975,3057,2310,72,-166,0,-9,7,395,5175,1245,-24,-24,15736,1561,1567,1676,1662,250,-227,312,-283,0,-210,234,137,,,,,,,,,,,,,,,,,,,,,,,,,,,,,,,
32626,-1054,-1875,-54,293,1221,3966,12396,967,105,-166,0,-2,2,393,5122,1248,-20,-27,13893,1552,1514,1630,1622,41,-143,51,-178,-246,-289,224,140,,,,,,,,,,,,,,,,,,,,,,,,,,,,,,,
32676,-1458,-1041,-48,-56,1038,9215,9405,1882,117,-101,-2,-2,0,393,5122,1248,-24,-27,13323,1642,1626,1705,1683,46,-181,58,-225,-219,-324,244,141,,,,,,,,,,,,,,,,,,,,,,,,,,,,,,,
32726,-847,-536,-77,305,1140,7628,6048,1943,105,-57,0,0,0,393,5122,1243,-65,-27,16974,1608,1563,1684,1667,-94,-212,-117,-264,-272,-375,224,139,,,,,,,,,,,,,,,,,,,,,,,,,,,,,,,
32776,-1432,80,29,-124,1127,7018,6903,2432,112,6,-2,-1,0,393,5122,1247,6,-24,13114,1569,1554,1662,1654,-30,-166,-37,-208,-77,-270,224,134,,,,,,,,,,,,,,,,,,,,,,,,,,,,,,,
32826,-892,140,-32,30,1279,12389,3729,2981,83,-79,0,0,-17,393,5122,1247,27,-27,13303,1579,1517,1627,1635,-110,-115,-137,-144,-202,-327,255,139,,,,,,,,,,,,,,,,,,,,,,,,,,,,,,,
32876,-687,465,-16,-19,679,8727,8428,2615,72,-114,-2,2,-30,394,5148,1233,-15,-24,14996,1600,1580,1689,1682,-4,-252,-5,-311,-178,-283,224,137,,,,,,,,,,,,,,,,,,,,,,,,,,,,,,,
32926,-84,1186,-12,61,1122,6041,10076,906,22,-53,-2,1,-30,393,5122,1243,-13,-27,14404,1568,1509,1654,1610,-145,-267,-181,-332,-345,-319,224,140,,,,,,,,,,,,,,,,,,,,,,,,,,,,,,,
32976,-390,1960,-232,-145,1020,6713,6597,1272,86,-32,-2,12,-36,393,5122,1238,-15,-27,16179,1517,1516,1599,1626,-191,-242,-237,-300,-227,-287,244,145,,,,,,,,,,,,,,,,,,,,,,,,,,,,,,,
33026,100,1794,-125,82,1387,11473,2142,1333,166,-66,0,32,-43,395,5175,1233,-9,-19,14726,1588,1498,1628,1647,-189,-134,-233,-165,-168,-327,244,142,,,,,,,,,,,,,,,,,,,,,,,,,,,,,,,
33076,67,1557,-82,-190,658,11901,-54,2432,134,-90,2,32,-43,394,5148,1238,-45,-32,15285,1603,1588,1677,1686,-121,-98,-149,-122,-232,-174,244,140,,,,,,,,,,,,,,,,,,,,,,,,,,,,,,,
33126,918,1152,-10,181,988,9703,4034,1577,136,-99,0,39,-39,393,5122,1223,-34,-27,14419,1603,1521,1670,1652,-122,-156,-149,-191,-233,-267,255,141,,,,,,,,,,,,,,,,,,,,,,,,,,,,,,,
33176,549,719,60,-110,800,8910,3607,540,66,-90,0,25,-32,394,5148,1216,-38,-24,14175,1629,1532,1688,1666,-213,-125,-260,-153,-216,-176,255,138,,,,,,,,,,,,,,,,,,,,,,,,,,,,,,,
33226,567,865,-37,-68,642,-977,1837,357,-72,-51,-2,-2,-24,395,5175,1229,-4,-19,13312,1534,1521,1632,1627,-125,-95,-154,-117,-154,57,214,136,,,,,,,,,,,,,,,,,,,,,,,,,,,,,,,
33276,447,694,28,215,1140,-7996,6,1394,-34,-50,-2,-2,-23,393,5122,1213,-32,-27,14703,1555,1514,1641,1626,-234,-130,-284,-158,-219,0,244,136,,,,,,,,,,,,,,,,,,,,,,,,,,,,,,,
33326,-823,414,-6,-277,941,-4761,-665,1638,7,-82,0,-6,-23,393,5122,1213,-37,-27,14193,1566,1528,1657,1655,-172,-168,-209,-204,-184,-8,255,138,,,,,,,,,,,,,,,,,,,,,,,,,,,,,,,
33376,-930,264,160,-11,1024,-2686,1959,1028,-34,-48,0,-23,-17,394,5148,1220,-38,-27,15233,1579,1529,1675,1658,-170,-24,-207,-30,-203,19,234,140,,,,,,,,,,,,,,,,,,,,,,,,,,,,,,,
33426,-1606,416,6,-185,802,-4639,-665,1272,-136,-14,-2,-50,-10,394,5148,1228,5,-24,12097,1551,1507,1647,1655,-240,14,-295,17,-202,177,255,138,,,,,,,,,,,,,,,,,,,,,,,,,,,,,,,
33476,-1356,293,127,137,1068,-13001,-2130,601,-161,21,-2,-57,-3,413,5657,1215,-23,0,15172,1621,1596,1713,1690,-192,-41,-234,-50,-119,201,255,141,,,,,,,,,,,,,,,,,,,,,,,,,,,,,,,
33526,-1924,163,67,-284,764,-14832,-6524,173,-157,8,-2,-57,-3,429,6104,1222,-13,0,13428,1615,1624,1704,1715,-217,188,-265,230,-97,465,244,138,,,,,,,,,,,,,,,,,,,,,,,,,,,,,,,
33576,-2387,445,79,201,1334,-11047,-3961,-70,-35,37,2,-51,-2,429,6104,1212,-35,0,16210,1587,1561,1687,1670,-183,162,-222,196,-126,203,244,138,,,,,,,,,,,,,,,,,,,,,,,,,,,,,,,
33626,-2420,515,-49,-154,784,-3967,-3778,-253,-74,27,0,-53,-2,428,6075,1209,-11,0,13640,1565,1533,1660,1655,-125,108,-151,131,-42,126,244,138,,,,,,,,,,,,,,,,,,,,,,,,,,,,,,,
33676,-2261,655,23,258,1184,-2197,-3228,-192,-39,54,2,-52,-1,437,6334,1194,-39,0,15064,1621,1597,1718,1701,-141,17,-169,20,-95,34,255,134,,,,,,,,,,,,,,,,,,,,,,,,,,,,,,,
33726,-2055,708,-38,11,954,-3113,-4083,-375,-68,50,0,-50,-2,435,6276,1209,14,0,13615,1579,1544,1680,1682,-170,0,-206,0,-101,76,255,131,,,,,,,,,,,,,,,,,,,,,,,,,,,,,,,
33776,-2212,597,-27,86,1258,-5921,-2801,51,-109,45,-2,-62,-1,437,6334,1219,4,0,15379,1591,1552,1687,1673,-130,31,-159,38,-110,91,255,133,,,,,,,,,,,,,,,,,,,,,,,,,,,,,,,
33826,-2078,367,-119,100,1041,-7996,-2801,-375,-150,18,-2,-68,0,439,6392,1213,20,0,14802,1541,1496,1637,1655,-218,157,-265,191,-177,262,255,140,,,,,,,,,,,,,,,,,,,,,,,,,,,,,,,
33876,-2114,462,-52,97,1102,-10071,-1275,-924,-149,33,0,-68,0,441,6450,1202,31,0,12704,1483,1481,1610,1590,-198,163,-238,196,-287,278,255,138,,,,,,,,,,,,,,,,,,,,,,,,,,,,,,,
33926,-2140,970,-51,-61,915,-10071,311,540,-169,70,-2,-69,-2,441,6450,1203,-25,0,15908,1654,1613,1740,1726,-191,235,-230,282,-202,328,255,138,,,,,,,,,,,,,,,,,,,,,,,,,,,,,,,
33976,-2244,1137,10,-19,922,-14221,-6036,-1901,-164,21,0,-71,-16,442,6479,1201,-5,0,13527,1579,1531,1669,1699,-163,162,-196,195,-112,301,255,141,,,,,,,,,,,,,,,,,,,,,,,,,,,,,,,
34026,-2476,1027,13,-159,767,-10803,-726,-863,-161,-126,0,-71,-43,442,6479,1221,63,0,11482,1548,1525,1638,1636,-195,101,-239,123,-278,253,255,142,,,,,,,,,,,,,,,,,,,,,,,,,,,,,,,
34076,-2637,1013,-4,31,732,-9827,10321,-314,-162,-204,0,-79,-57,443,6509,1230,39,0,15747,1584,1509,1655,1635,-261,140,-322,172,-480,199,244,140,,,,,,,,,,,,,,,,,,,,,,,,,,,,,,,
34126,-2471,1739,-15,120,1069,-13672,13067,1089,-203,-204,-2,-85,-70,440,6421,1222,5,0,14870,1571,1552,1686,1666,-299,-16,-366,-20,-549,122,255,144,,,,,,,,,,,,,,,,,,,,,,,,,,,,,,,
34176,-2802,2302,66,-211,880,-14038,10931,1455,-178,-155,0,-79,-72,442,6479,1226,-10,0,15810,1561,1558,1676,1676,-295,119,-362,146,-472,221,255,144,,,,,,,,,,,,,,,,,,,,,,,,,,,,,,,
34226,-2932,2839,13,201,1100,-8606,9466,1272,0,-81,2,-55,-66,442,6479,1220,13,0,14116,1543,1511,1680,1673,-321,65,-392,79,-379,-9,244,134,,,,,,,,,,,,,,,,,,,,,,,,,,,,,,,
34276,-2731,2780,-24,-126,1044,5553,2691,662,93,-21,-2,-27,-53,443,6509,1230,10,0,16021,1527,1521,1644,1637,-249,-33,-306,-41,-244,-244,255,140,,,,,,,,,,,,,,,,,,,,,,,,,,,,,,,
34326,-2099,2609,54,133,892,8239,-238,-741,167,112,0,-7,-25,443,6509,1230,3,0,14352,1569,1517,1653,1651,-262,-38,-322,-46,-106,-310,255,136,,,,,,,,,,,,,,,,,,,,,,,,,,,,,,,
34376,-1651,2354,80,217,1120,14525,-12078,601,131,173,-2,-8,-9,442,6479,1229,-8,0,14155,1622,1551,1690,1699,-174,-115,-214,-141,45,-410,244,140,,,,,,,,,,,,,,,,,,,,,,,,,,,,,,,
34426,-936,1377,119,-235,611,12328,-12200,-1229,9,102,0,-8,-9,443,6509,1202,-89,0,16336,1648,1626,1725,1756,-200,-118,-241,-142,43,-276,255,140,,,,,,,,,,,,,,,,,,,,,,,,,,,,,,,
34476,-737,610,47,57,1324,7567,-9027,-1657,56,-39,-2,-3,-20,443,6509,1213,21,0,13124,1576,1499,1660,1691,-178,-273,-216,-331,-77,-493,255,138,,,,,,,,,,,,,,,,,,,,,,,,,,,,,,,
34526,-1101,394,-7,-292,979,12755,-848,-558,60,-70,-2,-2,-20,443,6509,1204,-43,0,18078,1631,1560,1702,1716,-210,-221,-253,-267,-211,-533,244,141,,,,,,,,,,,,,,,,,,,,,,,,,,,,,,,
34576,-145,162,-43,108,1318,16295,677,-2145,73,-118,0,9,-25,463,7110,1217,34,0,13321,1484,1450,1596,1629,-173,-259,-211,-316,-237,-423,244,139,,,,,,,,,,,,,,,,,,,,,,,,,,,,,,,
34626,-167,280,-44,-98,714,11046,2935,-558,152,-167,0,29,-37,463,7110,1226,30,0,15340,1584,1521,1667,1704,-298,-167,-365,-205,-342,-352,224,140,,,,,,,,,,,,,,,,,,,,,,,,,,,,,,,
34676,128,323,-56,-128,957,18065,6536,-619,125,-231,0,28,-50,465,7171,1202,14,0,14259,1561,1467,1649,1670,-192,-220,-230,-264,-366,-415,234,140,,,,,,,,,,,,,,,,,,,,,,,,,,,,,,,
34726,494,740,-56,-132,554,14708,10687,-1107,92,-308,-2,30,-71,467,7233,1213,-5,0,16409,1648,1591,1727,1754,-198,-206,-240,-250,-385,-377,255,142,,,,,,,,,,,,,,,,,,,,,,,,,,,,,,,
34776,769,1310,124,-109,1067,7628,15692,-1840,133,-349,0,41,-94,466,7202,1218,53,0,13234,1518,1449,1643,1639,-329,-259,-401,-315,-599,-329,255,143,,,,,,,,,,,,,,,,,,,,,,,,,,,,,,,
34826,846,1711,131,-113,679,9520,18255,-863,128,-342,-2,43,-101,467,7233,1225,41,0,12628,1637,1535,1707,1729,-265,-183,-324,-224,-502,-323,224,143,,,,,,,,,,,,,,,,,,,,,,,,,,,,,,,
34876,1292,2241,-8,-18,1280,11657,14593,-1718,-31,-432,-2,16,-124,467,7233,1235,84,0,12298,1509,1370,1580,1611,-236,-199,-292,-245,-505,-252,234,145,,,,,,,,,,,,,,,,,,,,,,,,,,,,,,,
34926,998,2189,108,-26,699,-2136,23199,51,-166,-427,0,-14,-125,466,7202,1213,-6,0,14046,1566,1542,1673,1683,-310,-162,-376,-196,-595,74,204,140,,,,,,,,,,,,,,,,,,,,,,,,,,,,,,,
34976,636,2883,140,-81,1074,-14771,22528,-2267,-151,-371,-2,-16,-126,466,7202,1231,-8,0,16326,1584,1539,1710,1703,-274,-33,-337,-41,-480,273,224,145,,,,,,,,,,,,,,,,,,,,,,,,,,,,,,,
35026,24,3583,41,97,1298,-8118,16546,-3182,-190,-173,-2,-38,-97,467,7233,1240,43,0,12577,1496,1384,1617,1617,-325,-108,-403,-134,-390,76,204,141,,,,,,,,,,,,,,,,,,,,,,,,,,,,,,,
35076,-1115,3441,-36,-157,863,-6653,1898,-436,-93,-26,0,-34,-65,468,7264,1226,16,0,13679,1546,1516,1645,1686,-140,-56,-172,-69,0,102,193,137,,,,,,,,,,,,,,,,,,,,,,,,,,,,,,,
35126,-918,2746,135,113,835,-9705,-4083,-1046,-20,123,0,-22,-27,469,7295,1218,-49,0,16480,1604,1543,1711,1721,-125,-21,-152,-26,94,113,234,139,,,,,,,,,,,,,,,,,,,,,,,,,,,,,,,
35176,-1602,2008,-24,-149,1035,-1465,-10308,-1779,12,153,-2,-23,-5,468,7264,1201,4,0,10632,1513,1418,1617,1642,48,-28,57,-34,316,-9,214,136,,,,,,,,,,,,,,,,,,,,,,,,,,,,,,,
35226,-1803,1157,72,-153,660,2501,-14520,-131,47,103,0,-18,-3,468,7264,1204,-75,0,17938,1652,1595,1734,1764,174,15,209,18,476,-8,204,133,,,,,,,,,,,,,,,,,,,,,,,,,,,,,,,
35276,-1351,335,-203,18,1367,3234,-9088,-2938,35,8,-2,-17,-2,468,7264,1199,-54,0,16373,1570,1488,1671,1693,126,-58,151,-69,317,-94,204,135,,,,,,,,,,,,,,,,,,,,,,,,,,,,,,,
35326,-1630,88,-42,-186,865,4760,-2984,-1840,198,91,-2,14,17,469,7295,1191,-55,0,15737,1590,1536,1702,1698,161,33,192,40,289,-76,204,133,,,,,,,,,,,,,,,,,,,,,,,,,,,,,,,
35376,-1543,102,-14,-168,802,11290,-9271,-192,194,133,0,14,24,468,7264,1184,-10,0,12239,1547,1432,1625,1669,230,14,272,17,431,-211,224,135,,,,,,,,,,,,,,,,,,,,,,,,,,,,,,,
35426,-370,-243,-59,156,1005,17089,-12506,173,21,204,0,-6,45,468,7264,1184,-25,0,14198,1608,1485,1679,1686,291,-10,344,-12,472,-219,234,136,,,,,,,,,,,,,,,,,,,,,,,,,,,,,,,
35476,-270,-362,-100,-138,750,1342,-11651,-802,-42,221,0,-9,52,468,7264,1204,29,0,12062,1579,1519,1685,1686,290,74,349,90,506,202,255,134,,,,,,,,,,,,,,,,,,,,,,,,,,,,,,,
35526,42,-436,-151,226,1399,1036,-12139,-2206,-56,224,2,-13,53,469,7295,1185,22,0,13933,1506,1443,1594,1613,323,-65,383,-77,524,42,255,135,,,,,,,,,,,,,,,,,,,,,,,,,,,,,,,
35576,-762,-1245,21,-256,1040,-1892,-10675,479,-23,164,-14,-13,53,480,7641,1191,-23,0,15611,1635,1568,1717,1717,324,134,386,160,479,226,255,140,,,,,,,,,,,,,,,,,,,,,,,,,,,,,,,
35626,-852,-1367,-18,219,1012,-1526,-7806,-497,0,148,0,-19,53,498,8225,1191,29,0,11606,1545,1427,1642,1637,344,62,410,74,395,79,255,132,,,,,,,,,,,,,,,,,,,,,,,,,,,,,,,
35676,-911,-1438,97,-215,757,5675,-6890,296,-73,153,2,-25,53,497,8192,1193,-27,0,15642,1648,1606,1695,1715,405,160,484,191,506,253,255,135-18,0,13243,1649,1511,1686,1678,474,149,559,175,477,301,244,138,,,,,,,,,,,,,,,,,
35776,-919,-1664,47,28,812,-12634,-3106,2005,-377,26,0,-91,33,499,8258,1180,-18,0,15630,1555,1504,1634,1656,369,297,435,351,391,723,234,136,,,,,,,,,,,,,,,,,,,,,,,,,,,,,,,
35826,-1957,-1504,-10,-98,1085,-35401,677,1638,-391,0,2,-108,27,496,8159,1206,5,0,14871,1555,1562,1645,1676,358,335,432,404,315,996,224,136,,,,,,,,,,,,,,,,,,,,,,,,,,,,,,,
35876,-3541,-848,-61,260,1095,-38330,-3594,2005,-316,-6,0,-127,14,497,8192,1196,7,0,16054,1614,1537,1650,1681,366,391,438,467,325,767,244,138,,,,,,,,,,,,,,,,,,,,,,,,,,,,,,,
35926,-4247,-553,-48,-173,926,-25513,-3045,3286,-353,23,0,-140,15,497,8192,1171,-16,0,14182,1553,1526,1606,1667,319,411,373,481,332,785,255,140,,,,,,,,,,,,,,,,,,,,,,,,,,,,,,,
35976,-5033,-163,-121,66,1183,-28870,-2008,2249,-221,-17,0,-132,1,497,8192,1188,9,0,13440,1565,1554,1650,1654,362,400,430,476,262,754,244,138,,,,,,,,,,,,,,,,,,,,,,,,,,,,,,,
36026,-5164,-102,11,-43,762,-24109,1654,2615,-160,-1,0,-120,1,496,8159,1197,13,0,14012,1613,1599,1677,1695,328,547,393,655,283,742,224,135,,,,,,,,,,,,,,,,,,,,,,,,,,,,,,,
36076,-5450,258,-174,-90,1101,-18250,-2496,1516,18,11,-2,-90,0,498,8225,1199,36,0,13608,1506,1544,1618,1628,264,218,316,262,251,293,244,136,,,,,,,,,,,,,,,,,,,,,,,,,,,,,,,
36126,-5406,315,-50,-137,920,-2564,-1397,2737,287,26,2,-35,0,496,8159,1200,37,0,13977,1559,1550,1612,1655,283,334,340,401,332,102,224,36176,-4439,95,-53,142,1149,14159,-3778,2615,372,5,0,-8,0,497,8192,1181,-9,0,14484,1620,1552,1661,1681,326,69,385,82,273,-373,234,130
36226,-2951,215,-122,-32,1092,18859,-177,3225,233,4,-2,-6,0,497,8192,1194,-19,0,15262,1577,1545,1654,1657,282,-20,336,-24,250,-380,255,135,,,,,,,,,,,,,,,,,,,,,,,,,,,,,,,
36276,-1932,395,-16,242,1209,7933,1043,2127,164,71,0,-6,7,497,8192,1102,-95,0,16293,1593,1533,1673,1671,276,-67,304,-74,272,-350,244,133,,,,,,,,,,,,,,,,,,,,,,,,,,,,,,,
36326,-1403,422,-148,-150,762,11046,-2252,1455,172,214,0,12,39,496,8159,1179,-6,0,14864,1522,1461,1613,1626,234,-9,276,-11,347,-289,255,136,,,,,,,,,,,,,,,,,,,,,,,,,,,,,,,
36376,-1310,-47,93,-196,804,16295,-12689,662,162,281,2,12,53,496,8159,1180,-6,0,13692,1641,1608,1688,1724,243,-173,287,-204,463,-437,244,137,,,,,,,,,,,,,,,,,,,,,,,,,,,,,,,
36426,-887,-610,74,88,1159,14525,-15557,601,166,255,-2,14,59,498,8225,1198,29,0,12164,1637,1558,1684,1684,287,-222,344,-266,434,-531,244,137,,,,,,,,,,,,,,,,,,,,,,,,,,,,,,,
36476,-78,-1238,117,-92,673,11657,-7745,906,71,214,0,14,60,497,8192,1183,-25,0,16212,1601,1578,1688,1686,214,-162,253,-192,317,-272,255,136,,,,,,,,,,,,,,,,,,,,,,,,,,,,,,,
36526,223,-1309,37,165,1309,6286,-6341,601,23,154,-2,5,53,496,8159,1182,-8,0,14609,1579,1540,1654,1651,290,-289,343,-342,303,-346,255,134,,,,,,,,,,,,,,,,,,,,,,,,,,,,,,,
36576,-436,-972,-112,-305,904,4332,-2801,723,28,121,-6,4,43,497,8192,1164,-39,0,16607,1624,1589,1685,1700,146,-136,170,-158,184,-223,234,137,,,,,,,,,,,,,,,,,,,,,,,,,,,,,,,
36626,83,-902,47,-56,1316,3417,-3045,967,-20,53,0,-2,25,495,8127,1176,58,0,11288,1505,1424,1572,1600,221,-340,260,-400,194,-339,244,132,,,,,,,,,,,,,,,,,,,,,,,,,,,,,,,
36676,103,-995,133,-9,722,-2075,-360,2188,-67,-6,0,-11,12,496,8159,1189,0,0,16476,1637,1618,1684,1709,138,-340,164,-404,9,-296,255,131,,,,,,,,,,,,,,,,,,,,,,,,,,,,,,,
36726,-233,-535,39,-211,1045,-5737,4461,418,-9,-28,0,-1,3,496,8159,1183,43,0,13672,1598,1565,1662,1644,102,-276,120,-327,-66,-172,255,134,,,,,,,,,,,,,,,,,,,,,,,,,,,,,,,
36776,-78,201,36,-41,958,426,6658,418,-7,22,2,-2,0,496,8159,1183,0,0,15718,1618,1532,1651,1650,16,-234,19,-277,-72,-297,234,124,,,,,,,,,,,,,,,,,,,,,,,,,,,,,,,
36826,-612,921,-23,-164,701,3173,738,1699,21,81,-2,-2,0,490,7963,1179,-32,0,15897,1663,1624,1741,1736,19,-346,22,-408,-19,-364,244,131,,,,,,,,,,,,,,,,,,,,,,,,,,,,,,,
36876,-73,976,-108,173,1204,8300,-2130,-680,21,43,0,0,-6,497,8192,1170,-45,0,15066,1625,1542,1672,1683,-75,-421,-88,-493,-92,-562,224,134,,,,,,,,,,,,,,,,,,,,,,,,,,,,,,,
36926,133,755,196,68,1236,6774,-2130,601,49,52,0,10,-6,497,8192,1170,4,0,12732,1534,1533,1630,1656,-57,-275,-66,-322,-68,-349,224,130,,,,,,,,,,,,,,,,,,,,,,,,,,,,,,,
36976,-468,763,-34,-129,763,5431,860,-436,142,-34,-2,23,-19,497,8192,1180,35,0,14595,1561,1522,1623,1647,-168,-326,-198,-385,-212,-395,244,1498,8225,1173,13,0,15624,1564,1535,1609,1664,-112,-354,-131,-416,-221,-613,224,140,,,,,,,,,,,,,,
37076,-268,810,-56,-84,824,14525,8489,173,347,-214,0,65,-55,497,8192,1171,9,0,14263,1577,1578,1668,1697,-128,-355,-150,-416,-350,-538,224,138,,,,,,,,,,,,,,,,,,,,,,,,,,,,,,,
37126,526,1156,25,16,1184,24291,14471,1089,359,-267,2,78,-73,497,8192,1180,18,0,13629,1624,1523,1674,1680,-240,-436,-284,-514,-525,-845,214,140,,,,,,,,,,,,,,,,,,,,,,,,,,,,,,,
37176,940,1527,-19,-194,890,27160,17218,296,307,-240,0,80,-73,496,8159,1174,64,0,12910,1525,1433,1602,1602,-292,-477,-343,-560,-536,-720,244,141,,,,,,,,,,,,,,,,,,,,,,,,,,,,,,,
37226,2171,2129,-20,74,1264,18676,17279,1089,40,-189,-2,43,-74,497,8192,1190,46,0,15347,1640,1486,1666,1646,-274,-427,-326,-508,-524,-571,244,142,,,,,,,,,,,,,,,,,,,,,,,,,,,,,,,
37276,2011,2659,-75,-194,680,1159,15203,-375,-140,-119,0,13,-67,496,8159,1190,17,0,14226,1572,1574,1671,1680,-263,-304,-313,-362,-420,0,234,140,,,,,,,,,,,,,,,,,,,,,,,,,,,,,,,
37326,1673,3319,-147,-6,1164,-8301,10565,-619,-93,-88,0,11,-73,497,8192,1180,-27,0,16603,1652,1588,1716,1712,-222,-257,-262,-303,-327,-8,255,141,,,,,,,,,,,,,,,,,,,,,,,,,,,,,,,
37376,599,3418,-71,-129,895,-1831,6597,-680,-110,-41,-2,-8,-67,496,8159,1175,-14,0,15166,1648,1491,1680,1667,-276,-89,-325,-104,-291,28,244,140,,,,,,,,,,,,,,,,,,,,,,,,,,,,,,,
,,,,,,,,,,,,,,,,,,,,,,,,,,,,,,,,,,,,,,,,,,,,,,,,,,,,,,,,,,,,,,
37476,73,3372,-56,104,1226,-29053,-7135,-558,-485,190,0,-94,-21,497,8192,1174,7,0,16187,1554,1547,1642,1652,-178,-5,-209,-6,50,618,204,135,,,,,,,,,,,,,,,,,,,,,,,,,,,,,,,
37526,-2096,2607,-103,-141,774,-35828,-14154,601,-426,217,-2,-115,-1,497,8192,1184,34,0,13940,1572,1544,1656,1685,-73,145,-87,172,250,752,244,142,,,,,,,,,,,,,,,,,,,,,,,,,,,,,,,
37576,-2903,1141,28,42,701,-26917,-19464,1089,-329,110,0,-116,0,497,8192,1162,-30,0,16301,1606,1515,1637,1669,-162,96,-189,111,59,406,234,138,,,,,,,,,,,,,,,,,,,,,,,,,,,,,,,
37626,-3589,503,-98,50,1019,-19959,-8599,1821,-239,28,-2,-111,-2,497,8192,1171,-22,0,15764,1603,1584,1698,1686,-93,215,-109,252,-16,506,234,140,,,,,,,,,,,,,,,,,,,,,,,,,,,,,,,
37676,-4005,416,38,9,807,-20142,-5303,-192,-136,37,0,-97,-1,496,8159,1168,-7,0,12285,1582,1491,1644,1650,-81,270,-95,315,9,399,255,131,,,,,,,,,,,,,,,,,,,,,,,,,,,,,,,
37726,-4300,421,-118,-173,944,-8057,-5853,845,-26,23,-2,-77,0,497,8192,1162,-25,0,15777,1591,1566,1672,1678,-103,63,-120,73,-34,104,255,136,,,,,,,,,,,,,,,,,,,,,,,,,,,,,,,
37776,-4153,113,-14,-12,792,-4578,-6890,-9,52,7,0,-62,0,497,8192,1161,9,0,11300,1573,1493,1639,1646,-153,129,-178,150,-84,-16,255,130,,,,,,,,,,,,,,,,,,,,,,,,,,,,,,,
37826,-3645,171,-93,-163,795,2990,-4510,784,130,1,0,-34,0,498,8225,1169,-19,0,16271,1607,1570,1687,1695,-217,-70,-254,-81,-203,-193,255,136,,,,,,,,,,,,,,,,,,,,,,,,,,,,,,,
37876,-2983,-68,-6,69,846,5919,-1275,-1107,147,-13,-6,-25,-1,497,8192,1166,-8,0,14628,1588,1490,1656,1668,-249,98,-291,114,-280,-186,234,137,,,,,,,,,,,,,,,,,,,,,,,,,,,,,,,
37926,-2147,64,-130,-141,930,13427,-970,-924,118,-158,0,-12,-30,497,8192,1171,18,0,13012,1570,1521,1637,1664,-202,-169,-236,-198,-276,-376,255,143,,,,,,,,,,,,,,,,,,,,,,,,,,,,,,,
37976,-1757,309,45,5,950,5614,6903,-924,96,-193,-2,-12,-44,496,8159,1163,28,0,12026,1586,1500,1656,1655,-188,-149,-219,-174,-397,-314,244,138,,,,,,,,,,,,,,,,,,,,,,,,,,,,,,,
38026,-1414,756,-27,-80,856,7567,11175,173,88,-220,-2,-6,-55,496,8159,1163,29,0,11959,1488,1519,1618,1656,-252,-158,-294,-183,-516,-279,244,140,,,,,,,,,,,,,,,,,,,,,,,,,,,,,,,
38076,-1276,1104,48,-69,904,8544,11907,-619,252,-372,-4,28,-94,499,8258,1175,29,0,15196,1571,1523,1639,1683,-403,-187,-474,-220,-626,-453,244,142,,,,,,,,,,,,,,,,,,,,,,,,,,,,,,,
38126,-609,1268,-80,244,1366,23681,20819,-436,379,-394,-8,59,-98,496,8159,1167,-5,0,14886,1606,1485,1684,1662,-419,-303,-489,-354,-817,-739,214,144,,,,,,,,,,,,,,,,,,,,,,,,,,,,,,,
38176,260,2090,-122,27,1251,29906,25885,-1351,236,-327,-4,48,-98,496,8159,1172,27,0,13755,1518,1466,1604,1626,-414,-265,-485,-310,-744,-583,244,144,,,,,,,,,,,,,,,,,,,,,,,,,,,,,,,
38226,836,2548,-13,33,1247,13854,19903,357,-65,-386,-4,0,-120,497,8192,1172,50,0,13015,1456,1304,1543,1592,-377,-329,-441,-385,-605,-486,193,141,,,,,,,,,,,,,,,,,,,,,,,,,,,,,,,
38276,1097,2748,-95,221,884,609,24481,845,-142,-475,-4,-13,-139,496,8159,1178,4,0,13777,1516,1511,1664,1668,-342,-246,-403,-290,-721,41,163,140,,,,,,,,,,,,,,,,,,,,,,,,,,,,,,,
38326,229,3399,-72,-13,647,-14099,27593,-985,-95,-457,-4,-13,-147,497,8192,1160,-32,0,14027,1596,1561,1678,1701,-467,-86,-542,-100,-789,144,132,144,,,,,,,,,,,,,,,,,,,,,,,,,,,,,,,
38376,-470,4149,56,240,934,-4273,24053,-863,-7,-263,-4,-14,-125,497,8192,1174,15,0,11778,1553,1460,1639,1629,-510,-201,-598,-236,-706,-173,112,143,,,,,,,,,,,,,,,,,,,,,,,,,,,,,,,
38426,-581,4839,-144,-176,957,365,16912,-131,-40,-97,-4,-14,-101,497,8192,1179,-20,0,15781,1633,1575,1697,1677,-286,-208,-338,-245,-389,-171,122,145,,,,,,,,,,,,,,,,,,,,,,,,,,,,,,,
38476,-749,4516,17,-39,901,-2991,7269,-558,-8,-73,-4,-13,-94,497,8192,1165,-35,0,14616,1626,1548,1700,1679,-111,-154,-130,-180,-56,-122,122,140,,,,,,,,,,,,,,,,,,,,,,,,,,,,,,,
38526,-1117,4373,-157,-105,861,-366,5743,1699,62,54,0,-4,-62,497,8192,1157,-60,0,15328,1608,1577,1709,1672,58,-288,67,-333,124,-249,112,136,,,,,,,,,,,,,,,,,,,,,,,,,,,,,,,
38576,-1231,4157,1,31,1078,2929,-2618,1089,110,134,0,0,-47,497,8192,1154,-43,0,13520,1619,1551,1683,1694,28,62,33,72,243,-91,112,129,,,,,,,,,,,,,,,,,,,,,,,,,,,,,,,
38626,-841,3358,-104,34,983,8849,-6524,906,85,203,-2,0,-17,497,8192,1150,-17,0,14687,1588,1530,1671,1672,166,-89,191,-103,489,-142,112,135,,,,,,,,,,,,,,,,,,,,,,,,,,,,,,,
38676,-101,2043,-31,146,1177,3478,-13970,-314,-32,160,-2,-11,-4,496,8159,1134,-51,0,16346,1610,1585,1677,1711,245,-42,277,-47,622,0,122,136,,,,,,,,,,,,,,,,,,,,,,,,,,,,,,,
38726,-972,703,-29,-190,686,-6897,-13665,-131,0,46,-4,-11,-3,497,8192,1125,-70,0,15781,1583,1569,1666,1699,259,-55,291,-62,595,65,183,134,,,,,,,,,,,,,,,,,,,,,,,,,,,,,,,
38776,-1068,366,-2,-199,1078,-427,-7501,-192,20,21,0,-11,-2,497,8192,1128,-1,0,11952,1600,1529,1660,1671,376,-88,424,-100,611,-41,173,134,,,,,,,,,,,,,,,,,,,,,,,,,,,,,,,
38826,-680,184,-50,118,1118,2013,-10186,-375,51,131,0,-4,23,497,8192,1128,-53,0,17686,1647,1545,1690,1676,427,53,481,59,648,-8,204,131,,,,,,,,,,,,,,,,,,,,,,,,,,,,,,,
38876,-936,-22,85,-27,927,-1587,-15924,-70,-11,223,0,-18,41,497,8192,1138,12,0,13614,1586,1575,1669,1702,481,-36,547,-41,922,29,173,132,,,,,,,,,,,,,,,,,,,,,,,,,,,,,,,
38926,-827,-473,-20,135,1294,-3723,-24285,357,-11,280,-8,-18,62,498,8225,1116,45,0,12478,1467,1413,1537,1585,496,-36,554,-40,925,66,234,136,,,,,,,,,,,,,,,,,,,,,,,,,,,,,,,
38976,-1422,-1525,51,73,938,-5737,-25994,3103,37,223,2,-18,68,497,8192,1136,-26,0,17150,1655,1640,1710,1752,595,-147,676,-167,913,-67,255,138,,,,,,,,,,,,,,,,,,,,,,,,,,,,,,,
39026,-1746,-1999,57,208,1269,-1953,-19158,-253,77,173,0,-18,67,496,8159,1119,8,0,14636,1597,1543,1657,1679,698,65,781,73,940,76,244,133,,,,,,,,,,,,,,,,,,,,,,,,,,,,,,,
39076,-1471,-2503,-38,206,1037,1708,-18548,662,61,126,-2,-18,69,496,8159,1095,-99,0,18189,1651,1621,1689,1742,710,48,777,53,947,29,224,135,,,,,,,,,,,,,,,,,,,,,,,,,,,,,,,
39126,-1658,-3201,-60,-191,984,-610,-13482,1333,37,60,-2,-18,69,497,8192,1118,8,0,14342,1601,1570,1647,1715,670,11,749,13,831,33,244,133,,,,,,,,,,,,,,,,,,,,,,,,,,,,,,,
39176,-1211,-2586,-62,-204,1019,0,-7989,1028,-3,39,0,-18,54,497,8192,1117,64,0,11702,1577,1520,1598,1651,664,1,742,2,671,18,224,128,,,,,,,,,,,,,,,,,,,,,,,,,,,,,,,
39226,-691,-2398,148,-12,812,-2869,-3778,1272,-31,-190,0,-18,0,497,8192,1123,66,0,12620,1554,1502,1584,1628,710,37,798,41,604,59,214,133,,,,,,,,,,,,,,,,,,,,,,,,,,,,,,,
39276,-1463,-1790,83,-186,705,-9400,13433,1882,12,-149,0,-17,0,497,8192,1114,3,0,15083,1577,1565,1676,1632,566,74,631,83,220,212,234,133,,,,,,,,,,,,,,,,,,,,,,,,,,,,,,,
39326,-1757,-339,-46,-98,962,-3479,18560,2066,57,-39,-2,-17,0,497,8192,1119,-31,0,18229,1654,1638,1707,1716,561,84,627,94,281,165,224,134,,,,,,,,,,,,,,,,,,,,,,,,,,,,,,,
39376,-1386,937,-72,-83,1237,1281,8428,1516,26,70,0,-18,0,496,8159,1110,42,0,11369,1561,1491,1597,1622,483,267,536,297,416,241,224,131,,,,,,,,,,,,,,,,,,,,,,,,,,,,,,,
39426,-920,1324,-113,83,826,1647,-238,2554,-1,104,0,-18,0,497,8192,1123,27,0,16044,1574,1539,1604,1628,553,45,621,51,531,25,244,128,,,,,,,,,,,,,,,,,,,,,,,,,,,,,,,
39476,-933,1747,-96,-60,835,-3906,2142,1699,-16,142,0,-18,0,496,8159,1134,57,0,13350,1576,1546,1642,1632,505,62,572,70,478,159,234,131,,,,,,,,,,,,,,,,,,,,,,,,,,,,,,,
39526,-683,1302,-27,63,951,-5432,-3228,2310,-32,117,-8,-19,0,497,8192,1135,2,0,15233,1613,1572,1649,1665,568,67,645,76,539,84,234,130,,,,,,,,,,,,,,,,,,,,,,,,,,,,,,,
39576,-1469,1062,-104,-222,826,-6043,-4327,3225,0,83,0,-20,0,497,8192,1114,21,0,13945,1577,1552,1614,1630,625,93,696,103,613,151,234,133,,,,,,,,,,,,,,,,,,,,,,,,,,,,,,,
39626,-1522,453,161,28,937,-4395,-2374,2676,11,58,0,-25,0,496,8159,1110,-43,0,16141,1669,1609,1701,1706,620,202,688,225,582,145,244,132,,,,,,,,,,,,,,,,,,,,,,,,,,,,,,,
39676,-1397,350,-51,-231,990,-5371,-1275,1943,-26,26,0,-25,0,498,8225,1125,-15,0,12770,1576,1589,1662,1657,571,32,642,36,515,152,244,133,,,,,,,,,,,,,,,,,,,,,,,,,,,,,,,
39726,-1676,581,31,245,1356,-6409,2691,1943,70,56,0,-18,0,496,8159,1133,17,0,13218,1549,1522,1610,1614,463,35,525,40,422,42,255,128,,,,,,,,,,,,,,,,,,,,,,,,,,,,,,,
39776,-1508,617,69,-147,939,3417,-2984,784,22,60,-2,-19,0,496,8159,1128,-8,0,15485,1580,1565,1603,1660,431,2,486,2,566,-67,255,127,,,,,,,,,,,,,,,,,,,,,,,,,,,,,,,
39826,-1372,273,-58,285,1120,1220,-5303,-131,57,21,-2,-18,0,497,8192,1105,-26,0,15221,1586,1584,1639,1660,566,-72,625,-80,614,-58,255,134,,,,,,,,,,,,,,,,,,,,,,,,,,,,,,,
39876,-1383,373,36,-142,1032,2318,2630,1455,15,35,2,-18,0,497,8192,1127,37,0,12510,1568,1542,1627,1646,466,107,526,120,398,18,244,130,,,,,,,,,,,,,,,,,,,,,,,,,,,,,,,
39926,-1069,810,-185,142,1092,5431,2752,-497,20,85,-2,-18,6,496,8159,1107,24,0,15129,1544,1530,1595,1617,420,-104,465,-116,411,-134,255,136,,,,,,,,,,,,,,,,,,,,,,,,,,,,,,,
39976,-978,895,-95,79,901,-671,-2008,479,-1,132,-2,-19,12,497,8192,1115,0,0,14703,1589,1553,1667,1648,522,-60,582,-67,550,-84,234,130,,,,,,,,,,,,,,,,,,,,,,,,,,,,,,,
40026,-734,915,-13,165,1059,-5432,-8966,479,-15,345,-2,-18,52,498,8225,1111,-5,0,13444,1586,1565,1668,1664,550,-111,611,-123,655,-77,244,137,,,,,,,,,,,,,,,,,,,,,,,,,,,,,,,
40076,-616,562,84,-57,812,-5249,-18914,-1046,-6,330,0,-10,52,493,8061,1110,17,0,12557,1460,1470,1546,1627,460,0,511,0,824,27,244,129,,,,,,,,,,,,,,,,,,,,,,,,,,,,,,,
40126,-982,-800,223,66,1001,-3418,-19036,-497,40,134,2,-10,34,496,8159,1116,-31,0,14102,1625,1583,1695,1710,674,-70,752,-78,812,-93,234,136,,,,,,,,,,,,,,,,,,,,,,,,,,,,,,,
40176,-1267,-1483,-83,-220,981,4332,-3228,-3793,43,-27,-2,-9,22,496,8159,1102,-46,0,14686,1604,1586,1710,1674,560,-247,617,-272,415,-299,214,141,,,,,,,,,,,,,,,,,,,,,,,,,,,,,,,
40226,-1123,-744,64,-127,970,3600,8245,-2450,7,-59,0,-16,0,498,8225,1120,19,0,13555,1583,1480,1636,1620,454,9,509,10,225,-178,214,130,,,,,,,,,,,,,,,,,,,,,,,,,,,,,,,
40276,-843,-173,-41,-208,829,4332,10626,-2633,-31,-21,43,-16,0,497,8192,1126,-29,0,14920,1656,1664,1717,1688,418,-133,471,-150,210,-109,214,140,,,,,,,,,,,,,,,,,,,,,,,,,,,,,,,
40326,-789,892,-4,-154,910,-3601,5987,-5624,-35,83,171,-17,1,497,8192,1100,-5,0,14524,1617,1557,1601,1610,377,-48,415,-53,287,-105,224,135,,,,,,,,,,,,,,,,,,,,,,,,,,,,,,,
40376,-880,650,23,-180,814,4271,2142,-10934,-22,63,226,-16,0,497,8192,1097,-26,0,13094,1608,1623,1688,1694,283,-195,310,-214,319,-184,204,138,,,,,,,,,,,,,,,,,,,,,,,,,,,,,,,
40426,-1102,493,-38,171,1221,3600,-115,-13070,30,47,154,-16,1,497,8192,1097,-50,0,15012,1606,1567,1720,1724,397,-189,435,-207,367,-232,193,139,,,,,,,,,,,,,,,,,,,,,,,,,,,,,,,
40476,-642,555,53,61,1106,6286,-177,-9103,20,57,94,-9,0,496,8159,1099,4,0,13232,1492,1464,1632,1643,392,-266,431,-292,430,-355,224,131,,,,,,,,,,,,,,,,,,,,,,,,,,,,,,,
40526,-409,517,-139,-53,1144,5980,494,-7760,58,33,39,4,0,496,8159,1102,1,0,16029,1478,1546,1677,1701,341,-284,376,-313,320,-329,173,132,,,,,,,,,,,,,,,,,,,,,,,,,,,,,,,
40576,-337,139,121,-89,790,8910,6109,-5746,364,-93,0,68,-23,497,8192,1097,-6,0,14031,1549,1531,1680,1705,192,-123,211,-135,50,-475,142,135,,,,,,,,,,,,,,,,,,,,,,,,,,,,,,,
40626,31,302,107,-172,799,29845,10992,-3305,442,-86,-2,90,-24,497,8192,1116,8,0,14065,1598,1493,1721,1695,219,-284,244,-317,-8,-821,132,136,,,,,,,,,,,,,,,,,,,,,,,,,,,,,,,
40676,1926,1419,140,119,1120,31737,8306,-3732,268,69,2,83,-13,496,8159,1106,27,0,14202,1537,1440,1657,1619,208,-506,230,-560,146,-811,112,138,,,,,,,,,,,,,,,,,,,,,,,,,,,,,,,
40726,2380,2193,-27,-161,980,10863,-5731,-2145,128,191,-2,70,0,496,8159,1115,60,0,13300,1463,1419,1585,1615,183,-358,204,-399,386,-403,163,139,,,,,,,,,,,,,,,,,,,,,,,,,,,,,,,
40776,2882,1848,-10,-6,707,8056,-15374,-741,-27,166,0,45,0,496,8159,1123,55,0,13131,1596,1545,1656,1711,319,-268,358,-301,531,-202,183,135,,,,,,,,,,,,,,,,,,,,,,,,,,,,,,,
40826,2792,1008,-20,194,1116,-733,-9881,-2511,-46,85,-2,37,-1,497,8192,1120,33,0,13207,1533,1474,1638,1639,247,-212,277,-237,367,-68,214,137,,,,,,,,,,,,,,,,,,,,,,,,,,,,,,,
40876,2184,990,-75,274,1123,-1221,-3900,-863,-202,79,0,-6,0,497,8192,1117,0,0,14609,1593,1523,1666,1640,223,-156,250,-175,245,19,183,133,,,,,,,,,,,,,,,,,,,,,,,,,,,,,,,
40926,1815,1230,-120,26,871,-13428,-299,-1168,-241,88,0,-15,-1,497,8192,1140,-8,0,16133,1600,1600,1713,1696,359,-124,409,-141,337,261,234,138,,,,,,,,,,,,,,,,,,,,,,,,,,,,,,,
40976,1090,799,-36,223,1234,-18677,-2252,784,-167,65,0,-16,0,498,8225,1118,-54,0,16450,1580,1560,1679,1675,227,15,254,17,173,260,193,133,,,,,,,,,,,,,,,,,,,,,,,,,,,,,,,
41026,-549,721,-103,-163,930,-10742,-848,1211,-53,49,0,-16,0,497,8192,1123,-24,0,14913,1625,1604,1725,1709,285,-24,320,-27,240,182,224,135,,,,,,,,,,,,,,,,,,,,,,,,,,,,,,,
41076,-340,703,-70,275,1197,-5982,-848,112,-33,50,2,-16,-1,496,8159,1117,-20,0,14450,1586,1567,1684,1678,113,6,127,7,69,86,173,127,,,,,,,,,,,,,,,,,,,,,,,,,,,,,,,
41126,-1025,943,-169,19,829,-8789,-1580,173,6,60,0,-16,0,497,8192,1089,-76,0,17283,1587,1594,1709,1686,171,78,186,85,147,284,173,129,,,,,,,,,,,,,,,,,,,,,,,,,,,,,,,
41176,-1006,947,-47,292,1195,-11353,-1458,-497,25,80,0,-16,0,497,8192,1103,-15,0,14250,1553,1551,1682,1669,52,39,58,43,58,159,244,130,,,,,,,,,,,,,,,,,,,,,,,,,,,,,,,
41226,-1720,1060,-95,-91,818,-6958,67,-1412,47,75,0,-18,-1,497,8192,1102,-5,0,16295,1562,1554,1683,1657,120,71,132,78,102,171,193,130,,,,,,,,,,,,,,,,,,,,,,,,,,,,,,,
41276,-1403,703,27,171,1092,-4089,-4083,-1473,48,63,-2,-18,0,496,8159,1099,16,0,13347,1557,1541,1671,1663,62,64,69,71,77,67,204,128,,,,,,,,,,,,,,,,,,,,,,,,,,,,,,,
41326,-1378,1167,-88,-154,871,-2747,-2191,-1596,16,91,0,-17,0,497,8192,1091,23,0,12349,1522,1516,1663,1647,55,0,60,0,51,60,183,127,,,,,,,,,,,,,,,,,,,,,,,,,,,,,,,
41376,-1385,797,-46,-27,855,-5676,-2740,601,33,66,2,-16,0,497,8192,1117,-4,0,15810,1570,1579,1691,1688,65,7,72,8,76,42,204,123,,,,,,,,,,,,,,,,,,,,,,,,,,,,,,,
41426,-1258,170,-23,77,1074,-2319,-1275,-2450,31,17,-2,-17,0,496,8159,1087,-31,0,15448,1486,1479,1633,1639,60,125,65,136,76,105,214,132,,,,,,,,,,,,,,,,,,,,,,,,,,,,,,,
41476,-1104,-56,-12,228,1130,-794,-2923,-558,34,-4,-2,-16,0,496,8159,1113,41,0,10909,1565,1556,1694,1693,44,8,49,9,-41,-33,214,127,,,,,,,,,,,,,,,,,,,,,,,,,,,,,,,
41526,-985,333,-121,-137,720,-1526,2752,-1046,-12,11,0,-16,0,497,8192,1102,15,0,13676,1560,1546,1687,1664,37,30,41,33,-28,19,204,129,,,,,,,,,,,,,,,,,,,,,,,,,,,,,,,
41576,-446,310,-81,91,869,-4822,-2801,-1473,-28,22,0,-15,0,498,8225,1113,25,0,13284,1501,1494,1638,1635,-86,-82,-95,-92,-24,-57,224,132,,,,,,,,,,,,,,,,,,,,,,,,,,,,,,,
41626,-443,3,-15,118,977,-2625,-2557,-2633,36,0,0,-2,0,496,8159,1141,31,0,13510,1556,1548,1674,1688,-92,2,-105,2,-75,-16,214,125,,,,,,,,,,,,,,,,,,,,,,,,,,,,,,,
41676,-904,-648,101,-85,943,-3174,-1947,-131,101,-108,-4,6,-12,498,8225,1108,-16,0,14370,1590,1618,1721,1720,-154,25,-171,28,-251,-77,204,138,,,,,,,,,,,,,,,,,,,,,,,,,,,,,,,
41726,-646,-32,-68,11,1140,10192,8917,-1412,195,-145,-8,26,-26,497,8192,1133,75,0,11136,1387,1380,1566,1560,-158,-15,-180,-17,-352,-266,234,140,,,,,,,,,,,,,,,,,,,,,,,,,,,,,,,
41776,147,556,-2,36,845,18187,10504,1028,281,-192,0,56,-47,497,8192,1122,8,0,14013,1590,1562,1685,1660,-263,-122,-295,-137,-443,-495,142,137,,,,,,,,,,,,,,,,,,,,,,,,,,,,,,,
41826,921,1364,-120,-12,809,21361,8062,540,323,-130,0,79,-46,496,8159,1127,27,0,12393,1565,1521,1668,1660,-301,-196,-340,-221,-449,-583,193,140,,,,,,,,,,,,,,,,,,,,,,,,,,,,,,,
41876,1934,1675,0,-110,972,20629,7513,906,230,-91,0,80,-47,497,8192,1110,-28,0,14160,1551,1525,1659,1664,-337,-245,-375,-272,-368,-536,214,139,,,,,,,,,,,,,,,,,,,,,,,,,,,,,,,
41926,2530,1526,177,34,903,20263,7574,-1657,192,-53,-2,80,-41,498,8225,1138,-15,0,14701,1569,1514,1667,1651,-314,-236,-358,-268,-364,-466,183,142,,,,,,,,,,,,,,,,,,,,,,,,,,,,,,,
41976,2753,1421,32,118,1231,15624,8123,-1229,8,-10,0,47,-27,496,8159,1132,-23,0,15552,1598,1524,1692,1663,-366,-189,-414,-214,-428,-317,183,140,,,,,,,,,,,,,,,,,,,,,,,,,,,,,,,
42026,2935,1219,104,-20,849,7872,5133,-863,-159,38,0,20,-16,497,8192,1145,-1,0,13592,1581,1536,1688,1685,-431,-87,-493,-99,-391,0,214,134,,,,,,,,,,,,,,,,,,,,,,,,,,,,,,,
,,,,,,,,,,,,,,,,,,,,,,,,,,,,,,,,,,,,,,,,,,,,,,,,,,,,,,,,,,,,,,
42126,1056,174,136,-143,734,-6897,677,-253,-176,12,-2,-11,-4,497,8192,1138,0,0,14852,1561,1571,1681,1675,-313,14,-356,16,-242,281,204,134,,,,,,,,,,,,,,,,,,,,,,,,,,,,,,,
42176,226,360,0,-108,807,-7446,128,-497,-103,11,0,-13,-4,497,8192,1132,14,0,11938,1572,1517,1665,1657,-295,101,-334,115,-220,186,214,133,,,,,,,,,,,,,,,,,,,,,,,,,,,,,,,
42226,-232,221,53,-1,1155,1830,-4327,-558,-76,12,-2,-19,-2,497,8192,1149,44,0,13804,1584,1520,1661,1651,-305,52,-351,60,-253,59,224,132,,,,,,,,,,,,,,,,,,,,,,,,,,,,,,,
42276,-76,159,-123,-35,814,3722,189,-924,-93,-22,-2,-19,-4,496,8159,1126,-44,0,17803,1590,1573,1693,1698,-311,153,-350,172,-273,204,183,136,,,,,,,,,,,,,,,,,,,,,,,,,,,,,,,
42326,-390,-259,51,144,1161,-2319,-482,-1107,-107,-39,0,-30,-4,497,8192,1110,-44,0,14896,1547,1490,1684,1674,-310,195,-344,217,-304,285,234,140,,,,,,,,,,,,,,,,,,,,,,,,,,,,,,,
42376,-510,-354,-76,-104,1014,-1892,2447,-436,-126,-54,-2,-32,-2,496,8159,1123,-91,0,19235,1713,1690,1826,1829,-374,-70,-420,-79,-380,38,214,141,,,,,,,,,,,,,,,,,,,,,,,,,,,,,,,
42426,-630,-223,71,255,1565,-4700,311,-5685,-121,-36,-2,-38,-4,496,8159,1120,95,0,9280,1321,1181,1515,1520,-367,171,-411,191,-346,194,193,138,,,,,,,,,,,,,,,,,,,,,,,,,,,,,,,
42476,-343,56,4,-181,639,-11292,-1824,2615,-197,-45,0,-39,-10,496,8159,1123,-10,0,18522,1576,1589,1674,1698,-298,197,-335,221,-317,467,183,139,,,,,,,,,,,,,,,,,,,,,,,,,,,,,,,
42526,-608,266,-4,82,795,-21240,-2374,-2389,-290,-80,4,-69,-20,497,8192,1133,20,0,13610,1567,1556,1708,1739,-282,380,-320,431,-234,762,173,139,,,,,,,,,,,,,,,,,,,,,,,,,,,,,,,
42576,-1435,173,227,-41,653,-20020,67,-2267,-257,-55,-2,-74,-20,497,8192,1126,-7,0,16664,1574,1506,1687,1688,-283,402,-319,453,-323,604,214,140,,,,,,,,,,,,,,,,,,,,,,,,,,,,,,,
42626,-1798,640,-65,134,1261,-14771,1287,-1168,-268,-70,-2,-86,-24,497,8192,1112,-12,0,14987,1559,1516,1699,1707,-297,413,-330,459,-348,602,244,144,,,,,,,,,,,,,,,,,,,,,,,,,,,,,,,
42676,-2109,728,-144,-29,1115,-14221,2508,-2877,-260,-68,-2,-87,-23,497,8192,1110,12,0,12729,1488,1505,1660,1663,-235,477,-260,529,-285,666,255,144,,,,,,,,,,,,,,,,,,,,,,,,,,,,,,,
42726,-3009,739,-60,-66,756,-13489,738,-2145,-116,-68,0,-74,-25,497,8192,1128,43,0,12943,1559,1551,1693,1715,-387,455,-436,513,-357,579,224,140,,,,,,,,,,,,,,,,,,,,,,,,,,,,,,,
42776,-3198,433,-93,-127,877,-4578,677,-4403,-67,-98,0,-67,-25,497,8192,1129,44,0,13913,1539,1481,1653,1674,-233,336,-263,379,-230,303,214,139,,,,,,,,,,,,,,,,,,,,,,,,,,,,,,,
42826,-2426,516,-89,75,838,-61,3790,-2389,-47,-95,0,-54,-25,496,8159,1130,13,0,14755,1554,1528,1701,1703,-402,311,-454,352,-440,283,214,136,,,,,,,,,,,,,,,,,,,,,,,,,,,,,,,
42876,-2022,649,-93,35,991,1525,3790,-4953,-63,-117,-2,-49,-32,496,8159,1120,-16,0,15505,1521,1452,1675,1672,-380,263,-425,294,-398,211,234,140,,,,,,,,,,,,,,,,,,,,,,,,,,,,,,,
42926,-1440,1217,-99,152,867,1586,3057,-3182,-94,-68,0,-48,-32,498,8225,1131,-38,0,15612,1602,1561,1748,1744,-276,265,-312,300,-328,193,244,140,,,,,,,,,,,,,,,,,,,,,,,,,,,,,,,
42976,-1214,1396,-58,-159,1343,-733,3790,-4525,-120,-38,2,-43,-31,497,8192,1124,52,0,10703,1431,1341,1622,1620,-358,286,-402,321,-376,173,244,142,,,,,,,,,,,,,,,,,,,,,,,,,,,,,,,
43026,-1034,1123,-61,15,1063,548,4827,-2267,-91,-33,2,-37,-25,496,8159,1135,26,0,13662,1492,1462,1659,1660,-308,177,-350,201,-319,134,244,138,,,,,,,,,,,,,,,,,,,,,,,,,,,,,,,
43076,-1210,732,92,-72,901,-6775,-726,-3488,-43,-53,-2,-27,-25,497,8192,1129,-28,0,16415,1572,1543,1719,1735,-308,208,-347,235,-311,210,244,140,,,,,,,,,,,,,,,,,,,,,,,,,,,,,,,
43126,-1267,623,-15,-29,856,-122,-482,-3549,-30,-43,0,-27,-19,496,8159,1129,-18,0,15735,1571,1515,1731,1753,-326,95,-368,108,-279,0,244,136,,,,,,,,,,,,,,,,,,,,,,,,,,,,,,,
43176,-957,140,-18,153,1130,3844,-1397,-5197,23,-89,-2,-15,-20,497,8192,1121,-31,0,16785,1544,1500,1717,1734,-353,57,-395,64,-352,-42,255,138,,,,,,,,,,,,,,,,,,,,,,,,,,,,,,,
43226,-609,599,-71,126,1150,2379,-604,-5380,-6,-50,0,-14,-19,497,8192,1104,-41,0,16217,1530,1452,1698,1693,-308,117,-340,130,-335,0,255,136,,,,,,,,,,,,,,,,,,,,,,,,,,,,,,,
43276,-504,738,-66,76,838,-549,2142,-4464,-19,-33,0,-14,-18,497,8192,1113,17,0,13120,1434,1369,1648,1657,-265,66,-295,74,-327,0,255,132,,,,,,,,,,,,,,,,,,,,,,,,,,,,,,,
43326,-489,604,-99,-36,735,-122,250,-2755,-34,-47,-2,-14,-17,497,8192,1109,-12,0,15044,1580,1569,1743,1772,-386,-39,-428,-43,-320,-8,255,1496,8159,1120,61,0,11769,1443,1368,1671,1661,-289,93,-323,104,-265,45,234,134,,,,,,,,,,,,,,
43426,-467,621,86,78,1007,2868,1959,-2633,36,-13,0,-2,-15,498,8225,1106,-15,0,16896,1586,1544,1759,1765,-336,104,-372,115,-325,8,255,133,,,,,,,,,,,,,,,,,,,,,,,,,,,,,,,
43476,-448,856,-91,-40,990,4760,-115,-6478,90,-6,0,10,-14,497,8192,1119,27,0,13852,1523,1481,1727,1738,-282,49,-315,55,43526,-154,729,-18,-33,724,6896,-1641,-5685,95,-10,0,16,-14,497,8192,1099,-33,0,14275,1556,1503,1714,1730,-310,43,-341,47,-251,-86,255,135,,,
43576,166,734,3,-81,982,5736,-4144,-4342,66,-5,4,17,-14,496,8159,1094,-42,0,15152,1541,1499,1752,1774,-259,-70,-283,-77,-236,-168,244,134,,,,,,,,,,,,,,,,,,,,,,,,,,,,,,,
43626,488,416,-16,142,860,3173,982,-5624,103,-111,-4,25,-29,498,8225,1093,-14,0,14784,1441,1425,1682,1708,-168,-81,-184,-89,-203,-127,244,138,,,,,,,,,,,,,,,,,,,,,,,,,,,,,,,
43676,525,439,14,53,1162,5004,4705,-4586,169,-132,-2,41,-34,497,8192,1106,23,0,12327,1519,1477,1703,1728,-231,-54,-256,-60,-325,-241,234,137,,,,,,,,,,,,,,,,,,,,,,,,,,,,,,,
43726,524,635,41,87,1167,10619,3546,-4708,202,-140,0,47,-39,496,8159,1116,55,0,13127,1484,1366,1662,1648,-198,-139,-221,-155,-343,-411,204,139,,,,,,,,,,,,,,,,,,,,,,,,,,,,,,,
43776,1354,1237,-109,128,1020,10741,4461,-3121,130,-108,0,46,-41,496,8159,1129,44,0,15621,1513,1475,1704,1703,-354,-23,-399,-26,-383,-115,234,142,,,,,,,,,,,,,,,,,,,,,,,,,,,,,,,
43826,1133,1481,-31,-139,983,4882,4034,-2877,131,-19,0,48,-29,497,8192,1117,50,0,14771,1476,1447,1693,1710,-273,-157,-305,-175,-258,-172,255,141,,,,,,,,,,,,,,,,,,,,,,,,,,,,,,,
43876,906,1127,88,-177,951,9520,-1092,-1962,141,-1,0,47,-22,497,8192,1118,48,0,11418,1484,1451,1657,1706,-200,-49,-223,-54,-202,-176,244,137,,,,,,,,,,,,,,,,,,,,,,,,,,,,,,,
43926,981,670,41,106,825,12267,-482,-2999,105,-18,0,34,-16,497,8192,1121,-10,0,15505,1555,1485,1713,1723,-157,-102,-176,-114,-115,-212,244,139,,,,,,,,,,,,,,,,,,,,,,,,,,,,,,,
43976,1066,511,19,-83,756,7506,4766,-2938,19,-6,-4,24,-10,497,8192,1126,-45,0,16793,1584,1508,1764,1750,-288,-136,-325,-153,-281,-115,204,138,,,,,,,,,,,,,,,,,,,,,,,,,,,,,,,
44026,1108,878,44,-89,1051,-2808,6,-4647,-171,72,0,-12,-2,497,8192,1113,-7,0,13878,1441,1408,1661,1700,-152,-127,-169,-141,-84,33,224,134,,,,,,,,,,,,,,,,,,,,,,,,,,,,,,,
44076,525,796,28,28,1160,-9827,-8599,-2450,-111,38,0,-12,-7,498,8225,1112,-21,0,15621,1486,1450,1679,1708,-119,61,-133,67,-57,251,234,134,,,,,,,,,,,,,,,,,,,,,,,,,,,,,,,
44126,-283,394,23,5,1238,-6714,-5792,-1962,-47,-9,0,-13,-9,496,8159,1108,-42,0,15400,1536,1486,1742,1748,-108,-67,-120,-75,-66,28,234,134,,,,,,,,,,,,,,,,,,,,,,,,,,,,,,,
44176,-426,273,-31,77,1151,-3174,-3717,-2328,-22,-60,-2,-13,-16,496,8159,1102,-9,0,16002,1524,1479,1737,1755,-112,54,-124,59,-95,66,255,136,,,,,,,,,,,,,,,,,,,,,,,,,,,,,,,
44226,-612,-112,43,15,1198,-671,1287,-3610,-17,-90,0,-14,-16,498,8225,1091,-33,0,14310,1498,1423,1699,1706,-54,80,-59,87,-95,95,234,132,,,,,,,,,,,,,,,,,,,,,,,,,,,,,,,
44276,-472,427,9,-87,958,-3479,4156,-2999,-80,-53,0,-22,-18,497,8192,1087,-12,0,14922,1511,1448,1706,1713,-138,-36,-150,-39,-225,75,214,136,,,,,,,,,,,,,,,,,,,,,,,,,,,,,,,
44326,-392,683,-22,-156,1017,-2319,5133,-2328,-89,-30,2,-21,-17,496,8159,1084,-39,0,14648,1559,1511,1760,1770,-217,121,-236,132,-204,214,214,141,,,,,,,,,,,,,,,,,,,,,,,,,,,,,,,
44376,-732,836,-59,-68,957,60,2813,-4647,-53,-23,0,-22,-18,497,8192,1080,-21,0,12822,1528,1448,1731,1744,-32,87,-34,94,-42,84,244,130,,,,,,,,,,,,,,,,,,,,,,,,,,,,,,,
44426,-608,1058,-85,102,853,1281,-177,-2572,-9,-6,-2,-15,-18,497,8192,1077,10,0,14261,1511,1414,1710,1707,-26,101,-28,109,-58,75,234,133,,,,,,,,,,,,,,,,,,,,,,,,,,,,,,,
44476,-368,905,-62,196,1011,-2503,1287,-1412,-28,-20,0,-16,-18,497,8192,1076,-66,0,18648,1545,1518,1754,1766,-54,39,-58,42,-9,116,234,134,,,,,,,,,,,,,,,,,,,,,,,,,,,,,,,
44526,-755,865,-24,108,1146,-4456,-1153,-3488,-5,-18,0,-16,-18,497,8192,1072,15,0,10852,1474,1434,1690,1718,-23,-67,-24,-72,0,0,255,132,,,,,,,,,,,,,,,,,,,,,,,,,,,,,,,
44576,-870,827,-5,-176,961,-488,-1641,-1657,-17,-20,-2,-15,-18,497,8192,1098,8,0,15732,1525,1474,1682,1706,55,47,60,51,40,32,244,129,,,,,,,,,,,,,,,,,,,,,,,,,,,,,,,
44626,-415,1047,-70,68,1177,-2136,1715,-1107,-31,-11,0,-14,-19,496,8159,1098,38,0,13724,1420,1371,1654,1653,21,32,23,35,9,97,244,129,,,,,,,,,,,,,,,,,,,,,,,,,,,,,,,
44676,-638,1171,12,-35,967,-183,1837,-1473,-23,41,-2,-15,-12,496,8159,1104,80,0,12319,1489,1414,1681,1670,-17,-38,-19,-42,16,8,234,131,,,,,,,,,,,,,,,,,,,,,,,,,,,,,,,
44726,-584,771,-15,48,838,-977,-3717,2005,-19,43,-2,-15,-4,498,8225,1109,36,0,13551,1530,1454,1699,1720,-39,108,-43,120,50,92,244,130,,,,,,,,,,,,,,,,,,,,,,,,,,,,,,,
44776,-508,784,-95,88,964,-2808,-1580,-2267,-19,43,0,-14,-3,497,8192,1104,46,0,12723,1514,1450,1705,1701,92,114,102,126,105,115,244,132,,,,,,,,,,,,,,,,,,,,,,,,,,,,,,,
44826,-429,706,-28,9,1186,-5127,-3106,-9,-39,51,0,-15,-2,496,8159,1123,24,0,14980,1544,1491,1715,1719,124,52,139,59,126,59,244,127,,,,,,,,,,,,,,,,,,,,,,,,,,,,,,,
44876,-530,546,23,-38,947,-5371,-5059,-1473,-36,42,-2,-15,-2,497,8192,1126,22,0,16639,1524,1480,1712,1727,119,-2,134,-2,178,0,244,130,,,,,,,,,,,,,,,,,,,,,,,,,,,,,,,
44926,-566,456,-175,100,1115,-2319,-970,-1412,-18,18,0,-15,-1,497,8192,1113,28,0,12501,1418,1367,1624,1653,62,132,69,147,133,152,255,133,,,,,,,,,,,,,,,,,,,,,,,,,,,,,,,
44976,-744,438,-72,0,792,-977,-4388,-192,-7,24,0,-14,-1,497,8192,1121,-6,0,16168,1568,1527,1718,1743,91,-28,102,-32,160,0,255,126,,,,,,,,,,,,,,,,,,,,,,,,,,,,,,,
45026,-580,455,123,15,1067,-4151,-5731,-1657,-21,54,0,-14,0,497,8192,1113,-26,0,14626,1487,1436,1698,1709,74,49,83,55,109,42,244,129,,,,,,,,,,,,,,,,,,,,,,,,,,,,,,,
45076,-591,241,-7,46,1062,-1160,-5670,-436,-16,19,0,-14,0,497,8192,1133,11,0,14693,1490,1447,1699,1716,-55,173,-62,196,58,160,255,130,,,,,,,,,,,,,,,,,,,,,,,,,,,,,,,
45126,-178,197,-142,116,1105,60,-3778,-802,-46,2,0,-14,0,495,8127,1124,-29,0,15466,1522,1470,1696,1712,114,-28,128,-31,168,-16,255,131,,,,,,,,,,,,,,,,,,,,,,,,,,,,,,,
45176,18,316,-155,169,949,-4456,-5487,-192,-58,14,-2,-14,0,498,8225,1112,-30,0,13732,1569,1527,1736,1756,-34,117,-38,131,-27,128,255,133,,,,,,,,,,,,,,,,,,,,,,,,,,,,,,,
45226,-260,352,-54,-161,914,-5615,-5609,-985,-73,24,0,-15,0,496,8159,1123,18,0,12014,1528,1440,1686,1704,140,40,157,45,150,0,255,129,,,,,,,,,,,,,,,,,,,,,,,,,,,,,,,
45276,-243,227,-83,21,873,-244,-5731,296,-52,9,0,-15,0,497,8192,1115,-5,0,14299,1492,1455,1635,1682,102,-81,114,-90,168,-101,244,129,,,,,,,,,,,,,,,,,,,,,,,,,,,,,,,
45326,-171,15,10,62,859,-488,-3045,662,-47,0,0,-13,0,496,8159,1100,-21,0,14389,1525,1460,1674,1715,28,117,30,128,115,134,255,125,,,,,,,,,,,,,,,,,,,,,,,,,,,,,,,
45376,-258,98,6,-48,841,-3113,-1336,1028,-60,6,0,-15,0,497,8192,1110,-27,0,13612,1559,1510,1728,1745,33,12,37,13,8,34,234,122,,,,,,,,,,,,,,,,,,,,,,,,,,,,,,,
45426,-533,96,-48,63,861,-2319,-3289,-497,-19,0,0,-14,0,496,8159,1112,-22,0,14617,1492,1427,1675,1693,106,-52,118,-58,58,-67,204,129,,,,,,,,,,,,,,,,,,,,,,,,,,,,,,,
45476,-567,153,-29,-87,1136,2562,-2191,-436,-29,11,0,-14,0,497,8192,1101,-3,0,12597,1547,1476,1689,1722,-8,13,-9,14,18,-46,244,127,,,,,,,,,,,,,,,,,,,,,,,,,,,,,,,
45526,-168,508,-2,-48,1081,1036,-4022,906,-62,43,-2,-14,0,497,8192,1127,48,0,12899,1568,1462,1708,1725,50,-79,56,-89,33,-192,255,129,,,,,,,,,,,,,,,,,,,,,,,,,,,,,,,
45576,-20,396,16,88,1087,-2442,-3778,112,-67,34,0,-15,0,497,8192,1123,4,0,15594,1551,1495,1688,1701,31,-273,34,-306,67,-164,234,128,,,,,,,,,,,,,,,,,,,,,,,,,,,,,,,
45626,-534,82,-48,-72,1056,-6836,-4632,-9,-35,-23,0,-14,-5,496,8159,1125,44,0,11905,1478,1447,1645,1686,95,-103,107,-116,57,-9,234,131,,,,,,,,,,,,,,,,,,,,,,,,,,,,,,,
45676,-884,143,-104,-141,1155,-61,3057,1760,104,-144,-2,7,-29,499,8258,1113,-46,0,15816,1567,1531,1710,1744,25,-140,28,-156,-93,-203,244,137,,,,,,,,,,,,,,,,,,,,,,,,,,,,,,,
45726,-694,390,81,-123,1097,7262,9649,-9,92,-167,0,7,-41,496,8159,1100,-9,0,12406,1497,1410,1686,1709,9,-114,10,-126,-212,-289,214,131,,,,,,,,,,,,,,,,,,,,,,,,,,,,,,,
45776,-141,804,-72,34,842,9520,14044,-619,170,-281,-4,30,-67,497,8192,1119,3,0,13893,1466,1411,1648,1685,-63,-248,-70,-278,-315,-380,234,137,,,,,,,,,,,,,,,,,,,,,,,,,,,,,,,
45826,316,1590,-29,14,1130,10314,18011,112,127,-270,-2,30,-80,499,8258,1114,-46,0,17527,1566,1515,1706,1733,-195,-160,-217,-178,-488,-286,224,142,,,,,,,,,,,,,,,,,,,,,,,,,,,,,,,
45876,501,2327,106,-108,1117,8117,19598,-2389,99,-217,2,30,-85,497,8192,1109,-17,0,15498,1546,1474,1724,1750,-194,-223,-215,-247,-465,-359,234,143,,,,,,,,,,,,,,,,,,,,,,,,,,,,,,,
45926,917,3122,24,93,1333,7811,12640,723,78,-186,0,30,-92,496,8159,1109,4,0,13887,1492,1411,1669,1715,-288,-310,-319,-344,-461,-442,204,136,,,,,,,,,,,,,,,,,,,,,,,,,,,,,,,
45976,903,3263,-114,-15,1005,7994,14471,-253,47,-191,-2,25,-92,496,8159,1097,-23,0,16050,1566,1526,1735,1741,-183,-273,-201,-299,-346,-318,204,143,,,,,,,,,,,,,,,,,,,,,,,,,,,,,,,
46026,759,3220,37,-138,994,5004,13250,-1290,11,-39,0,18,-64,498,8225,1090,-36,0,13949,1536,1462,1739,1713,-121,-133,-132,-145,-280,-154,214,140,,,,,,,,,,,,,,,,,,,,,,,,,,,,,,,
46076,817,3641,-122,80,662,182,6842,357,26,51,2,17,-50,499,8258,1096,-32,0,16060,1552,1501,1741,1760,-131,-235,-144,-258,-59,-169,234,134,,,,,,,,,,,,,,,,,,,,,,,,,,,,,,,
46126,697,3292,88,94,1216,731,-421,-1046,29,150,2,16,-30,496,8159,1109,9,0,13638,1503,1435,1680,1693,-45,-128,-50,-142,75,-126,214,131,,,,,,,,,,,,,,,,,,,,,,,,,,,,,,,
46176,488,2874,26,110,1414,3539,-4571,-1168,53,137,0,17,-24,497,8192,1105,57,0,12299,1499,1397,1667,1662,-41,-379,-46,-419,143,-345,244,136,,,,,,,,,,,,,,,,,,,,,,,,,,,,,,,
46226,469,2563,-5,-77,1153,-2991,-7318,1638,-67,175,-2,-3,-11,496,8159,1108,54,0,13504,1465,1414,1663,1658,22,-268,24,-297,162,-179,234,136,,,,,,,,,,,,,,,,,,,,,,,,,,,,,,,
46276,539,2208,-18,156,745,-8362,-5548,1089,-55,186,0,-4,-2,496,8159,1120,45,0,13311,1533,1508,1708,1720,1,-206,1,-230,154,0,234,129,,,,,,,,,,,,,,,,,,,,,,,,,,,,,,,
46326,9,1854,-60,88,1074,-11536,-10675,784,2,157,2,0,-1,496,8159,1110,6,0,16422,1474,1446,1641,1668,78,-292,86,-324,236,-152,244,129,,,,,,,,,,,,,,,,,,,,,,,,,,,,,,,
46376,-682,1366,-123,122,975,-4822,-7012,1211,78,104,0,1,-1,497,8192,1122,28,0,12152,1458,1450,1651,1667,143,-145,160,-162,241,-125,234,136,,,,,,,,,,,,,,,,,,,,,,,,,,,,,,,
46426,-738,773,112,-5,878,1708,-4571,1394,240,76,-2,34,-1,496,8159,1129,0,0,15150,1526,1511,1681,1712,59,-320,66,-361,145,-328,234,131,,,,,,,,,,,,,,,,,,,,,,,,,,,,,,,
46476,-684,416,94,-168,1273,8910,-726,540,225,37,-2,34,-1,496,8159,1132,-24,0,17068,1521,1447,1687,1676,58,-206,65,-234,116,-382,255,133,,,,,,,,,,,,,,,,,,,,,,,,,,,,,,,
46526,28,690,-79,29,1080,13671,2752,540,323,49,0,63,0,496,8159,1110,-53,0,14866,1534,1558,1745,1725,217,-270,241,-300,157,-519,224,131,,,,,,,,,,,,,,,,,,,,,,,,,,,,,,,
46576,882,1006,-34,-68,852,21849,677,2249,446,78,0,104,-1,498,8225,1112,-49,0,13732,1605,1580,1756,1774,194,-333,216,-371,183,-712,214,135,,,,,,,,,,,,,,,,,,,,,,,,,,,,,,,
46626,1491,1113,-23,-166,923,30578,-2984,479,413,94,-4,110,0,497,8192,1110,-39,0,15467,1559,1488,1686,1707,133,-272,148,-302,247,-733,234,138,,,,,,,,,,,,,,,,,,,,,,,,,,,,,,,
46676,2531,834,42,161,1198,25084,-5731,1272,347,76,0,109,0,497,8192,1119,33,0,12028,1500,1428,1663,1644,121,-241,136,-269,224,-457,214,135,,,,,,,,,,,,,,,,,,,,,,,,,,,,,,,
46726,3272,1042,-113,-75,883,13732,-3472,1577,187,77,0,96,0,497,8192,1121,50,0,12155,1494,1424,1616,1629,194,-272,217,-305,244,-366,244,136,,,,,,,,,,,,,,,,,,,,,,,,,,,,,,,
46776,3107,668,26,-122,897,5797,-6524,4019,74,58,-2,72,-1,496,8159,1138,49,0,13528,1514,1482,1631,1665,271,-287,308,-326,271,-271,214,134,,,,,,,,,,,,,,,,,,,,,,,,,,,,,,,
46826,2760,443,-6,3,1202,2440,-421,2371,-76,46,0,33,1,497,8192,1111,-55,0,16973,1661,1541,1745,1732,402,-112,447,-124,399,9,214,128,,,,,,,,,,,,,,,,,,,,,,,,,,,,,,,
46876,2176,275,74,14,840,-10681,-2496,2798,-203,27,-2,-1,-1,498,8225,1133,49,0,10264,1418,1394,1645,1649,193,-28,219,-32,275,387,183,133,,,,,,,,,,,,,,,,,,,,,,,,,,,,,,,
46926,992,-165,156,7,950,-20996,-4266,3347,-198,-11,2,-12,-2,497,8192,1142,0,0,17069,1533,1507,1658,1676,158,62,180,71,157,425,255,131,,,,,,,,,,,,,,,,,,,,,,,,,,,,,,,
46976,50,-314,-57,203,954,-14038,1226,1943,-76,-34,0,-17,0,497,8192,1124,-44,0,16508,1598,1582,1727,1745,225,156,254,176,172,363,255,133,,,,,,,,,,,,,,,,,,,,,,,,,,,,,,,
47026,-577,-126,-46,201,1119,-5188,616,1760,-9,-19,0,-15,0,497,8192,1112,-20,0,13529,1540,1489,1666,1678,349,188,388,209,331,297,214,133,,,,,,,,,,,,,,,,,,,,,,,,,,,,,,,
47076,-734,93,-13,-105,881,-2625,-3533,3836,-31,8,0,-16,0,497,8192,1109,-43,0,16197,1588,1558,1722,1727,226,231,251,256,308,343,204,132,,,,,,,,,,,,,,,,,,,,,,,,,,,,,,,
47126,-511,340,-133,43,1211,-5737,-1885,845,-68,16,2,-23,0,496,8159,1121,-14,0,15366,1549,1503,1688,1689,320,149,359,167,318,260,214,133,,,,,,,,,,,,,,,,,,,,,,,,,,,,,,,
47176,-800,112,43,-197,1113,-7507,-4388,3164,-134,12,0,-37,0,496,8159,1117,39,0,11467,1483,1445,1614,1635,248,190,277,212,245,304,214,134,,,,,,,,,,,,,,,,,,,,,,,,,,,,,,,
47226,-841,-240,53,-133,739,-10681,-482,5545,-160,-17,-2,-42,0,497,8192,1119,-11,0,15505,1594,1571,1715,1734,205,285,230,319,203,473,234,137,,,,,,,,,,,,,,,,,,,,,,,,,,,,,,,
47276,-1165,-390,36,119,1090,-14771,1959,3408,-104,-39,2,-42,-1,496,8159,1120,-53,0,17045,1576,1580,1719,1725,187,322,209,361,77,484,234,137,,,,,,,,,,,,,,,,,,,,,,,,,,,,,,,
47326,-1688,-15,-30,159,1258,-7996,5316,2432,-46,-9,0,-41,0,496,8159,1094,-17,0,12323,1540,1487,1650,1646,245,386,268,422,121,441,183,134,,,,,,,,,,,,,,,,,,,,,,,,,,,,,,,
47376,-1886,229,-18,-79,955,-2136,3240,3469,-50,13,0,-41,0,497,8192,1118,6,0,13858,1613,1566,1708,1714,238,295,266,330,221,348,193,131,,,,,,,,,,,,,,,,,,,,,,,,,,,,,,,
47426,-1247,384,-45,171,1103,-5432,250,2066,-88,26,0,-42,0,497,8192,1103,38,0,12398,1473,1443,1585,1590,229,277,253,306,204,360,224,132,,,,,,,,,,,,,,,,,,,,,,,,,,,,,,,
47476,-1267,948,-172,-50,834,-5921,-360,4751,-119,60,-2,-44,0,497,8192,1110,-11,0,16731,1609,1580,1691,1703,309,209,343,232,353,319,183,136,,,,,,,,,,,,,,,,,,,,,,,,,,,,,,,
47526,-1316,376,-53,7,733,-11109,-6951,4751,-109,25,0,-44,0,497,8192,1111,24,0,12236,1559,1537,1670,1693,194,416,215,462,291,525,204,133,,,,,,,,,,,,,,,,,,,,,,,,,,,,,,,
47576,-1071,286,-82,154,1105,-6226,-2740,4324,-123,15,0,-46,0,497,8192,1104,0,0,16247,1525,1470,1621,1623,254,322,280,356,262,369,234,134,,,,,,,,,,,,,,,,,,,,,,,,,,,,,,,
47626,-1399,536,-87,71,1072,-7568,-726,5300,-105,36,0,-46,0,497,8192,1113,-4,0,13631,1606,1596,1715,1715,251,306,279,340,241,404,183,133,,,,,,,,,,,,,,,,,,,,,,,,,,,,,,,
47676,-1644,362,-110,15,937,-7141,-4205,2859,-88,18,0,-46,0,496,8159,1137,7,0,15329,1588,1561,1677,1697,229,372,260,422,294,452,224,132,,,,,,,,,,,,,,,,,,,,,,,,,,,,,,,
47726,-1489,281,-62,180,1213,-8057,-3839,3958,-82,14,-2,-45,-1,496,8159,1112,-1,0,14612,1555,1533,1644,1651,203,172,226,191,202,212,234,136,,,,,,,,,,,,,,,,,,,,,,,,,,,,,,,
47776,-1491,384,-80,-24,784,-3540,-2435,4507,-46,0,0,-34,-4,496,8159,1135,107,0,8846,1466,1410,1555,1580,214,209,243,238,223,214,214,133,,,,,,,,,,,,,,,,,,,,,,,,,,,,,,,
47826,-1125,349,119,109,731,-4639,-3961,5300,-85,42,-2,-39,-1,497,8192,1134,45,0,15859,1534,1491,1611,1615,75,166,85,188,58,146,234,132,,,,,,,,,,,,,,,,,,,,,,,,,,,,,,,
47876,-632,639,-17,215,958,-10315,-6646,5117,-117,54,-2,-38,0,496,8159,1120,3,0,14791,1560,1551,1639,1672,228,300,256,336,274,348,255,134,,,,,,,,,,,,,,,,,,,,,,,,,,,,,,,
47926,-900,624,-102,168,1135,-5554,-3228,3347,-106,49,-2,-31,0,497,8192,1141,32,0,13088,1550,1554,1638,1661,194,167,221,191,260,226,244,136,,,,,,,,,,,,,,,,,,,,,,,,,,,,,,,
47976,-1264,116,15,-214,857,-671,-1397,3775,-38,9,0,-25,0,501,8325,1125,9,0,13230,1508,1478,1601,1617,244,191,274,214,284,132,244,130,,,,,,,,,,,,,,,,,,,,,,,,,,,,,,,
48026,-1326,-122,-76,7,860,2318,67,3836,18,-23,6,-20,0,496,8159,1133,-27,0,15882,1605,1575,1680,1694,134,90,152,103,96,0,244,125,,,,,,,,,,,,,,,,,,,,,,,,,,,,,,,
48076,-1112,65,-133,-44,1032,365,-1153,2676,-6,-13,0,-20,-1,497,8192,1131,-5,0,14308,1588,1547,1668,1661,203,0,229,0,143,-105,234,130,,,,,,,,,,,,,,,,,,,,,,,,,,,,,,,
48126,-666,300,-16,9,866,2257,-2740,4263,-32,29,-2,-18,0,497,8192,1144,24,0,13695,1560,1489,1616,1632,84,420,96,480,87,263,234,127,,,,,,,,,,,,,,,,,,,,,,,,,,,,,,,
48176,-529,632,-143,-4,1210,-1099,-5059,5239,-51,46,0,-19,0,497,8192,1139,-15,0,16020,1607,1571,1690,1685,177,9,201,10,172,-32,224,131,,,,,,,,,,,,,,,,,,,,,,,,,,,,,,,
48226,-283,579,29,-176,863,-1770,-4571,4080,-86,53,0,-18,0,497,8192,1129,-72,0,19389,1666,1631,1744,1757,214,44,242,50,261,0,234,129,,,,,,,,,,,,,,,,,,,,,,,,,,,,,,,
48276,-517,852,-62,168,1279,-3418,-6280,3042,-32,73,0,-18,0,497,8192,1113,-36,0,13380,1604,1552,1680,1698,81,-24,90,-27,109,-101,255,133,,,,,,,,,,,,,,,,,,,,,,,,,,,,,,,
48326,-390,755,14,-110,752,3905,-7379,2493,-55,76,-2,-15,0,497,8192,1126,43,0,12085,1562,1504,1622,1651,45,31,51,35,121,-72,234,128,,,,,,,,,,,,,,,,,,,,,,,,,,,,,,,
48376,-104,740,-209,-137,904,1891,-6463,3530,-85,45,-2,-16,0,496,8159,1121,27,0,14668,1549,1523,1632,1627,28,-100,31,-112,38,-77,244,133,,,,,,,,,,,,,,,,,,,,,,,,,,,,,,,
48426,-474,273,11,-37,793,-3906,-3656,3897,11,27,0,-4,0,497,8192,1111,4,0,16231,1592,1540,1662,1669,35,-46,39,-51,8,-99,255,124,,,,,,,,,,,,,,,,,,,,,,,,,,,,,,,
48476,-455,663,-45,105,1304,60,-543,2920,66,10,0,3,-9,497,8192,1122,16,0,14081,1529,1489,1598,1632,66,-107,74,-120,32,-253,224,127,,,,,,,,,,,,,,,,,,,,,,,,,,,,,,,
48526,-298,266,34,-126,1086,8117,128,4080,192,-116,0,34,-28,496,8159,1123,-2,0,14945,1589,1566,1649,1703,18,-66,20,-74,0,-238,244,130,,,,,,,,,,,,,,,,,,,,,,,,,,,,,,,
48576,63,388,38,115,1257,10741,5926,2554,242,-184,0,46,-43,496,8159,1122,24,0,12897,1557,1495,1641,1648,-77,30,-87,34,-285,-260,234,132,,,,,,,,,,,,,,,,,,,,,,,,,,,,,,,
48626,465,676,-80,-152,886,17211,13433,2432,217,-262,0,53,-61,497,8192,1114,2,0,14626,1552,1512,1618,1636,-137,-127,-152,-142,-355,-370,255,140,,,,,,,,,,,,,,,,,,,,,,,,,,,,,,,
48676,765,1296,127,215,1316,15990,16363,2005,220,-192,2,53,-62,497,8192,1121,-2,0,14497,1593,1547,1655,1675,-272,-297,-305,-333,-487,-546,244,142,,,,,,,,,,,,,,,,,,,,,,,,,,,,,,,
48726,1066,1871,-212,-3,1235,15685,14044,1455,183,-178,2,54,-64,497,8192,1122,15,0,14079,1579,1558,1661,1680,-215,-275,-241,-309,-367,-401,193,143,,,,,,,,,,,,,,,,,,,,,,,,,,,,,,,
48776,1134,2075,33,147,1091,11046,10931,1699,165,-141,0,49,-64,496,8159,1103,-9,0,13713,1545,1476,1589,1623,-327,-355,-361,-392,-429,-504,234,142,,,,,,,,,,,,,,,,,,,,,,,,,,,,,,,
48826,1426,2079,-204,70,1209,12755,9954,784,121,-157,0,47,-64,497,8192,1134,9,0,14043,1568,1535,1635,1652,-222,-350,-252,-397,-330,-372,234,140,,,,,,,,,,,,,,,,,,,,,,,,,,,,,,,
48876,831,1994,-38,-143,657,5004,9222,1699,80,-125,0,34,-58,496,8159,1126,-2,0,14057,1604,1566,1671,1693,-261,-218,-294,-246,-315,-221,234,139,,,,,,,,,,,,,,,,,,,,,,,,,,,,,,,
48926,1081,1618,16,145,1107,5553,4461,1577,-14,-76,-2,13,-43,497,8192,1111,-1,0,12742,1543,1499,1612,1647,-210,-185,-233,-205,-206,-137,183,140,,,,,,,,,,,,,,,,,,,,,,,,,,,,,,,
48976,445,1412,-26,-84,1027,-122,2874,2676,-13,-63,-4,6,-37,496,8159,1110,-71,0,19791,1641,1593,1708,1710,-154,-93,-171,-104,-151,25,224,137,,,,,,,,,,,,,,,,,,,,,,,,,,,,,,,
49026,511,1315,-75,142,1412,-1343,677,173,-84,34,-2,-9,-15,497,8192,1107,13,0,11457,1498,1410,1582,1596,-149,-55,-165,-61,-118,16,234,134,,,,,,,,,,,,,,,,,,,,,,,,,,,,,,,
49076,-323,1138,-38,-172,631,-7263,-5548,3286,-78,24,0,-15,-14,498,8225,1109,-65,0,18579,1635,1611,1704,1740,-8,-199,-8,-221,152,0,224,135,,,,,,,,,,,,,,,,,,,,,,,,,,,,,,,
49126,-523,651,-148,79,1135,-6348,-5181,1516,-25,12,0,-15,-6,497,8192,1103,13,0,12081,1526,1478,1620,1649,-10,-2,-11,-2,92,135,244,131,,,,,,,,,,,,,,,,,,,,,,,,,,,,,,,
49176,-885,-103,61,-104,746,-2075,-4510,234,-9,-40,0,-14,-8,499,8258,1100,-1,0,15617,1598,1540,1655,1671,-28,21,-31,23,42,67,224,129,,,,,,,,,,,,,,,,,,,,,,,,,,,,,,,
49226,-735,-6,-158,-25,1110,-855,494,845,-10,-25,0,-14,-2,496,8159,1103,7,0,15150,1574,1539,1659,1673,10,6,11,7,19,105,244,123,,,,,,,,,,,,,,,,,,,,,,,,,,,,,,,
49276,-1036,-219,6,-158,613,-6104,-1397,1455,-12,-24,0,-15,-1,496,8159,1107,-12,0,15590,1600,1580,1676,1707,40,67,44,74,41,176,234,131,,,,,,,,,,,,,,,,,,,,,,,,,,,,,,,
49326,-846,51,-155,39,1185,-3052,189,662,0,-15,2,-15,-1,497,8192,1105,5,0,13748,1576,1527,1655,1669,-89,74,-98,82,-94,150,255,126,,,,,,,,,,,,,,,,,,,,,,,,,,,,,,,
49376,-1337,32,-69,-72,855,-3357,128,1455,32,-15,-2,-15,-2,497,8192,1108,18,0,14748,1535,1519,1627,1645,41,-132,45,-147,81,-54,255,131,,,,,,,,,,,,,,,,,,,,,,,,,,,,,,,
49426,-1129,26,-52,119,1274,-1160,1409,784,36,-12,-2,-14,-2,497,8192,1098,-8,0,16157,1569,1524,1644,1654,-12,56,-13,62,-33,59,214,130,,,,,,,,,,,,,,,,,,,,,,,,,,,,,,,
49476,-1171,30,-25,-104,1003,-3784,3118,2737,15,-18,0,-15,-3,496,8159,1118,4,0,15029,1607,1601,1693,1707,29,136,33,152,-68,176,224,131,,,,,,,,,,,,,,,,,,,,,,,,,,,,,,,
49526,-824,-29,-56,295,1028,-2503,4034,296,24,-27,0,-15,-3,496,8159,1102,-4,0,14430,1491,1455,1579,1603,-102,120,-113,133,-145,145,255,135,,,,,,,,,,,,,,,,,,,,,,,,,,,,,,,
49576,-1529,-9,38,-143,931,-3418,4888,2432,42,-12,0,-15,-2,498,8225,1130,16,0,15249,1558,1554,1644,1642,-41,83,-46,94,-128,111,224,131,,,,,,,,,,,,,,,,,,,,,,,,,,,,,,,
49626,-1501,-171,106,149,889,-3174,5255,1455,72,-19,0,-15,-2,496,8159,1114,-22,0,15127,1596,1586,1673,1699,-58,56,-65,63,-56,75,244,132,,,,,,,,,,,,,,,,,,,,,,,,,,,,,,,
49676,-1731,311,99,114,1402,1281,3057,1638,82,26,-4,-16,-1,496,8159,1116,5,0,15587,1577,1549,1667,1652,46,72,52,80,25,33,224,125,,,,,,,,,,,,,,,,,,,,,,,,,,,,,,,
49726,-1986,639,31,-116,960,-366,1348,1394,84,49,0,-16,-2,497,8192,1122,64,0,11921,1513,1514,1611,1608,40,70,44,78,50,75,214,125,,,,,,,,,,,,,,,,,,,,,,,,,,,,,,,
49776,-1427,594,42,202,1163,914,128,-9,64,49,0,-16,-1,498,8225,1123,12,0,14873,1572,1536,1637,1645,150,95,169,107,194,126,214,126,,,,,,,,,,,,,,,,,,,,,,,,,,,,,,,
49826,-1237,805,-119,-185,1011,365,4278,845,8,57,2,-16,0,496,8159,1128,14,0,12668,1572,1536,1682,1664,162,41,183,46,145,67,214,127,,,,,,,,,,,,,,,,,,,,,,,,,,,,,,,
49876,-596,907,-76,-85,722,-4822,1470,1333,-41,65,0,-16,0,496,8159,1111,-63,0,18604,1592,1582,1693,1687,163,-2,181,-2,191,76,234,129,,,,,,,,,,,,,,,,,,,,,,,,,,,,,,,
49926,-574,1469,-100,294,1289,-6409,-1397,-680,-9,120,-2,-16,0,498,8225,1116,-14,0,13820,1513,1480,1639,1626,191,90,213,100,238,152,224,136,,,,,,,,,,,,,,,,,,,,,,,,,,,,,,,
49976,-573,1295,-2,-200,952,-4822,-4693,173,-56,117,0,-16,0,497,8192,1107,-29,0,16366,1503,1496,1615,1633,130,36,144,39,253,130,244,132,,,,,,,,,,,,,,,,,,,,,,,,,,,,,,,
50026,-614,1270,-14,255,1279,-8972,-6951,-436,-12,111,-2,-16,0,497,8192,1118,-5,0,15415,1548,1545,1680,1696,147,-3,164,-3,288,86,244,133,,,,,,,,,,,,,,,,,,,,,,,,,,,,,,,
50076,-683,1279,-50,25,1056,-977,-6341,-680,-20,108,0,-16,0,497,8192,1098,-30,0,15213,1566,1565,1671,1682,277,197,304,216,346,160,255,134,,,,,,,,,,,,,,,,,,,,,,,,,,,,,,,
50126,-639,1267,-102,34,970,-61,-6097,296,-30,136,-2,-18,6,498,8225,1118,3,0,13946,1575,1538,1685,1682,317,91,355,101,432,28,244,129,,,,,,,,,,,,,,,,,,,,,,,,,,,,,,,
50176,-435,982,-39,215,1225,548,-8843,-497,-30,154,0,-17,13,497,8192,1107,14,0,13195,1528,1516,1635,1637,367,-62,406,-69,463,-77,244,133,,,,,,,,,,,,,,,,,,,,,,,,,,,,,,,
50226,-249,778,-112,5,943,-2075,-7073,845,-68,126,-2,-18,13,497,8192,1103,2,0,15246,1567,1527,1656,1638,368,30,406,33,438,8,255,128,,,,,,,,,,,,,,,,,,,,,,,,,,,,,,,
50276,-146,518,61,-37,934,-3601,-4754,234,-79,121,0,-17,13,497,8192,1097,8,0,15327,1585,1554,1690,1665,207,-46,227,-50,272,-8,234,130,,,,,,,,,,,,,,,,,,,,,,,,,,,,,,,
50326,-106,710,-173,-66,1088,-3235,-4876,296,-85,80,-2,-17,6,497,8192,1087,-11,0,13753,1596,1576,1676,1677,240,-21,261,-23,268,28,255,134,,,,,,,,,,,,,,,,,,,,,,,,,,,,,,,
50376,-269,888,78,-109,992,-4456,-238,1455,-79,87,0,-18,0,497,8192,1108,16,0,14874,1569,1518,1654,1646,232,-1,258,-1,272,32,244,128,,,,,,,,,,,,,,,,,,,,,,,,,,,,,,,
50426,-380,719,70,-36,941,-4273,-299,967,-62,71,0,-18,0,497,8192,1112,28,0,15745,1552,1544,1650,1634,358,34,398,38,338,86,214,126,,,,,,,,,,,,,,,,,,,,,,,,,,,,,,,
50476,-661,377,-83,-180,936,-2442,67,1699,-13,24,0,-10,0,497,8192,1102,3,0,14771,1515,1509,1593,1614,382,-62,421,-68,330,-50,193,129,,,,,,,,,,,,,,,,,,,,,,,,,,,,,,,
50526,-538,455,28,269,1198,-671,1715,2188,147,45,2,15,0,496,8159,1107,-19,0,15617,1569,1548,1670,1659,351,-43,389,-48,315,-149,214,131,,,,,,,,,,,,,,,,,,,,,,,,,,,,,,,
50576,-609,686,-115,60,1296,15014,-1885,2310,247,-27,0,36,-16,496,8159,1112,5,0,15165,1496,1524,1608,1626,415,-148,462,-164,387,-455,173,137,,,,,,,,,,,,,,,,,,,,,,,,,,,,,,,
50626,52,685,-12,38,819,18187,-1824,1394,357,-51,0,69,-22,497,8192,1119,2,0,14750,1628,1593,1675,1697,303,-51,339,-57,346,-455,153,131,,,,,,,,,,,,,,,,,,,,,,,,,,,,,,,
50676,887,699,68,239,1372,25084,-4388,1455,340,-49,0,78,-23,497,8192,1095,-14,0,13742,1569,1550,1643,1629,320,-157,351,-172,281,-588,204,137,,,,,,,,,,,,,,,,,,,,,,,,,,,,,,,
50726,1928,1262,61,-14,789,22094,1470,1638,146,56,-2,62,-12,498,8225,1114,11,0,13107,1602,1548,1648,1637,360,-221,402,-246,383,-477,204,136,,,,,,,,,,,,,,,,,,,,,,,,,,,,,,,
50776,2138,1010,92,160,1185,9337,-4266,1272,15,82,0,37,-3,497,8192,1118,7,0,13744,1555,1547,1632,1637,397,-212,443,-237,541,-177,163,133,,,,,,,,,,,,,,,,,,,,,,,,,,,,,,,
50826,1849,282,144,29,1057,3173,-7623,1516,-3,28,-2,31,-2,497,8192,1113,5,0,14319,1562,1551,1612,1655,341,-116,380,-129,485,-25,214,132,,,,,,,,,,,,,,,,,,,,,,,,,,,,,,,
50876,1491,-367,-56,91,1198,1891,-1031,479,36,-51,-2,32,-2,496,8159,1117,-17,0,15290,1606,1579,1668,1663,315,-176,352,-197,205,-107,193,136,,,,,,,,,,,,,,,,,,,,,,,,,,,,,,,
50926,855,-282,-78,-141,912,-2075,4583,1760,-36,-42,-4,11,-1,497,8192,1124,6,0,14967,1607,1571,1680,1673,331,15,372,17,243,100,234,131,,,,,,,,,,,,,,,,,,,,,,,,,,,,,,,
50976,1038,167,-152,82,1244,-2991,860,1150,-100,-4,0,-2,-1,497,8192,1115,55,0,12289,1504,1498,1578,1596,370,-118,412,-132,314,76,224,133,,,,,,,,,,,,,,,,,,,,,,,,,,,,,,,
51026,-25,-263,61,-207,679,-11047,1226,2310,-123,-14,-2,-18,0,496,8159,1127,9,0,15926,1591,1588,1677,1676,361,54,407,61,351,263,183,132,,,,,,,,,,,,,,,,,,,,,,,,,,,,,,,
51076,-413,0,164,136,1220,-11902,1287,1943,-47,9,0,-18,0,496,8159,1109,-51,0,16298,1581,1586,1674,1666,308,80,342,89,253,269,193,129,,,,,,,,,,,,,,,,,,,,,,,,,,,,,,,
51126,-1210,761,-311,-78,1111,-6714,3424,-375,10,38,0,-17,0,496,8159,1126,2,0,14644,1508,1516,1628,1629,342,93,385,105,335,268,214,131,,,,,,,,,,,,,,,,,,,,,,,,,,,,,,,
51176,-1124,600,69,181,1373,-2075,311,-802,25,55,0,-17,0,496,8159,1104,-8,0,15143,1575,1561,1652,1657,298,52,329,58,330,67,204,127,,,,,,,,,,,,,,,,,,,,,,,,,,,,,,,
51226,-1357,1074,-103,13,1085,-2075,-6890,-985,30,85,0,-18,0,497,8192,1129,3,0,13472,1619,1630,1706,1708,374,83,422,94,451,173,163,131,,,,,,,,,,,,,,,,,,,,,,,,,,,,,,,
51276,-1160,759,-69,149,978,-4761,-7928,-1962,25,60,0,-18,0,497,8192,1107,-52,0,16911,1582,1586,1692,1697,324,73,359,81,475,126,193,132,,,,,,,,,,,,,,,,,,,,,,,,,,,,,,,
51326,-1298,511,-14,250,1387,-3296,-9454,-863,10,52,4,-24,0,497,8192,1091,-21,0,13937,1505,1527,1634,1647,417,-67,455,-73,506,47,193,133,,,,,,,,,,,,,,,,,,,,,,,,,,,,,,,
51376,-1581,208,-80,-4,810,-5493,-4266,-1779,19,6,2,-23,0,496,8159,1091,-12,0,13513,1544,1553,1661,1667,353,195,385,213,376,267,204,132,,,,,,,,,,,,,,,,,,,,,,,,,,,,,,,
51426,-1241,375,-2,208,1188,-3357,-1824,-2877,-5,30,0,-26,0,497,8192,1095,-14,0,14715,1524,1527,1656,1648,375,62,411,68,331,136,204,132,,,,,,,,,,,,,,,,,,,,,,,,,,,,,,,
51476,-1287,903,-160,-114,992,-5005,2691,-1962,-31,62,0,-26,0,498,8225,1084,-26,0,15970,1527,1528,1676,1649,268,39,291,42,209,142,224,134,,,,,,,,,,,,,,,,,,,,,,,,,,,,,,,
51526,-1193,664,-15,-5,886,-7324,2325,-2023,-30,56,2,-26,0,496,8159,1097,-41,0,17608,1607,1630,1751,1749,233,98,256,108,186,186,214,132,,,,,,,,,,,,,,,,,,,,,,,,,,,,,,,
51576,-1051,1032,0,51,1417,-2564,1776,-4403,-8,87,0,-20,0,497,8192,1102,19,0,14180,1516,1492,1664,1637,208,60,229,67,136,9,244,127,,,,,,,,,,,,,,,,,,,,,,,,,,,,,,,
51626,-1109,949,-29,-127,1069,3295,555,-1596,-16,77,0,-20,0,496,8159,1108,111,0,8328,1418,1412,1571,1577,233,50,258,56,278,9,234,129,,,,,,,,,,,,,,,,,,,,,,,,,,,,,,,
51676,-1012,715,131,-101,761,365,-3472,-253,-20,82,2,-19,0,497,8192,1116,64,0,14568,1530,1535,1653,1641,178,-50,199,-56,195,-42,204,132,,,,,,,,,,,,,,,,,,,,,,,,,,,,,,,
51726,-1096,669,-75,43,955,609,1165,-1229,1,68,0,-20,3,497,8192,1122,71,0,12403,1493,1496,1645,1637,218,3,245,3,202,0,234,122,,,,,,,,,,,,,,,,,,,,,,,,,,,,,,,
51776,-941,271,-93,54,904,1647,-3045,-131,-10,-16,-2,-20,-6,497,8192,1116,-8,0,16796,1590,1565,1680,1694,273,178,304,199,254,98,244,132,,,,,,,,,,,,,,,,,,,,,,,,,,,,,,,
51826,-903,-12,158,-98,979,-122,6,-1412,-24,-82,-2,-18,-19,497,8192,1112,-15,0,15662,1535,1590,1700,1691,212,5,236,6,159,-25,244,129,,,,,,,,,,,,,,,,,,,,,,,,,,,,,,,
51876,-834,14,0,196,1094,487,2508,-1107,144,-97,0,10,-19,497,8192,1101,-8,0,13363,1478,1513,1640,1635,169,51,186,57,33,-101,234,128,,,,,,,,,,,,,,,,,,,,,,,,,,,,,,,
51926,-1085,376,12,60,1092,11962,3912,-253,306,-75,2,39,-21,497,8192,1129,13,0,14770,1579,1566,1697,1680,145,-84,164,-95,40,-396,204,133,,,,,,,,,,,,,,,,,,,,,,,,,,,,,,,
51976,-345,614,-77,-120,988,20324,555,-924,334,-58,-2,61,-20,497,8192,1099,-10,0,14434,1515,1484,1614,1605,142,-173,156,-190,67,-572,214,137,,,,,,,,,,,,,,,,,,,,,,,,,,,,,,,
52026,827,676,50,-42,1034,23436,2752,-131,208,18,-2,55,-9,498,8225,1103,-54,0,17567,1655,1591,1743,1729,114,-118,126,-130,102,-470,183,135,,,,,,,,,,,,,,,,,,,,,,,,,,,,,,,
52076,1941,806,-14,201,1438,14891,-1275,-863,53,64,0,41,-1,498,8225,1096,-32,0,15210,1536,1496,1669,1675,77,-91,84,-99,128,-257,193,132,,,,,,,,,,,,,,,,,,,,,,,,,,,,,,,
52126,2154,508,43,-237,907,5187,-3778,-9,-48,48,0,33,0,496,8159,1099,-3,0,14462,1589,1587,1714,1720,97,-53,106,-58,193,-29,204,127,,,,,,,,,,,,,,,,,,,,,,,,,,,,,,,
52176,1739,625,-18,189,1101,-1282,-4449,-1412,36,45,0,34,-2,496,8159,1096,24,0,14610,1496,1438,1618,1604,90,1,99,1,93,-8,204,125,,,,,,,,,,,,,,,,,,,,,,,,,,,,,,,
52226,1547,674,-70,-48,1038,5370,-3045,357,-32,40,-2,21,-2,497,8192,1092,-17,0,15892,1542,1525,1663,1655,89,4,98,5,130,40,214,126,,,,,,,,,,,,,,,,,,,,,,,,,,,,,,,
52276,1180,664,67,-57,769,1220,-1153,-314,-38,61,0,14,-1,498,8225,1097,-14,0,13551,1535,1504,1644,1660,56,74,62,82,86,201,224,126,,,,,,,,,,,,,,,,,,,,,,,,,,,,,,,
52326,801,528,77,135,1201,-7141,-2984,173,-115,58,0,-10,0,497,8192,1087,-27,0,13741,1622,1603,1744,1712,63,65,68,71,33,219,224,127,,,,,,,,,,,,,,,,,,,,,,,,,,,,,,,
52376,527,158,93,-104,778,-6653,-1336,-1962,-143,23,0,-16,0,497,8192,1106,37,0,12235,1545,1530,1654,1652,45,107,50,119,48,313,173,130,,,,,,,,,,,,,,,,,,,,,,,,,,,,,,,
52426,68,338,22,31,1083,-9827,-1824,-680,-94,36,-2,-17,0,497,8192,1095,-10,0,15541,1606,1584,1701,1668,19,184,21,202,-47,316,234,129,,,,,,,,,,,,,,,,,,,,,,,,,,,,,,,
52476,-188,86,-2,-96,1012,-5982,-1031,-1168,-79,0,0,-16,-1,496,8159,1098,-9,0,15200,1557,1561,1671,1657,-5,162,-5,178,-16,301,234,130,,,,,,,,,,,,,,,,,,,,,,,,,,,,,,,
52526,-300,62,19,-50,854,-5859,1470,357,-69,3,-2,-17,0,497,8192,1085,9,0,13520,1547,1519,1658,1654,-54,264,-59,286,-36,356,224,127,,,,,,,,,,,,,,,,,,,,,,,,,,,,,,,
52576,-557,31,-79,-11,1194,-5676,-787,967,-44,-3,-2,-18,0,497,8192,1090,35,0,13636,1578,1553,1670,1675,-26,161,-29,176,-83,216,244,131,,,,,,,,,,,,,,,,,,,,,,,,,,,,,,,
52626,-371,-111,-134,-64,946,-3784,-54,1638,-66,-27,-2,-18,0,497,8192,1092,2,0,15901,1572,1561,1662,1676,-101,231,-111,252,-67,294,244,135,,,,,,,,,,,,,,,,,,,,,,,,,,,,,,,
52676,-649,-449,268,71,960,-4761,4034,296,-55,-17,0,-23,0,497,8192,1095,-10,0,15242,1543,1537,1650,1645,-152,340,-166,372,-185,399,224,135,,,,,,,,,,,,,,,,,,,,,,,,,,,,,,,
52726,-740,-200,-123,261,1180,-1404,7696,-924,-76,-31,0,-32,0,497,8192,1106,65,0,10460,1475,1470,1598,1576,-144,156,-160,172,-259,250,234,138,,,,,,,,,,,,,,,,,,,,,,,,,,,,,,,
52776,-860,285,-71,-96,644,-4761,5438,479,-139,11,0,-39,0,497,8192,1107,39,0,12175,1523,1516,1653,1616,-75,132,-83,146,-128,298,204,132,,,,,,,,,,,,,,,,,,,,,,,,,,,,,,,
52826,-1139,598,23,-79,673,-13367,1898,-9,-118,56,0,-40,0,496,8159,1118,30,0,14712,1509,1489,1647,1629,-105,401,-118,449,-127,567,214,134,,,,,,,,,,,,,,,,,,,,,,,,,,,,,,,
52876,-1310,953,67,71,1085,-13489,2508,-253,-116,90,2,-46,0,496,8159,1130,15,0,13567,1530,1540,1646,1646,-240,329,-271,372,-186,440,234,136,,,,,,,,,,,,,,,,,,,,,,,,,,,,,,,
52926,-1298,675,24,166,958,-6348,-848,-2145,-99,59,0,-46,0,496,8159,1110,-53,0,15939,1611,1585,1723,1689,-113,274,-126,305,-132,323,234,136,,,,,,,,,,,,,,,,,,,,,,,,,,,,,,,
52976,-1365,925,-19,254,1246,-244,2325,-1596,-63,79,0,-41,0,496,8159,1116,25,0,11972,1490,1450,1646,1592,-163,263,-182,293,-246,237,214,136,,,,,,,,,,,,,,,,,,,,,,,,,,,,,,,
53026,-1364,1296,-111,-81,742,60,5987,-1657,-95,97,0,-41,0,497,8192,1117,4,0,14819,1571,1555,1689,1665,-312,244,-349,273,-312,227,244,134,,,,,,,,,,,,,,,,,,,,,,,,,,,,,,,
53076,-948,1298,26,-110,601,-4639,-1031,-1412,-103,113,0,-33,-1,497,8192,1118,-21,0,16071,1578,1546,1712,1686,-209,233,-234,260,-170,238,224,141,,,,,,,,,,,,,,,,,,,,,,,,,,,,,,,
53126,-704,1009,-81,144,1170,-3845,-4693,-680,-93,81,-2,-33,0,498,8225,1111,-100,0,18208,1640,1635,1753,1746,-226,180,-251,200,-162,191,255,140,,,,,,,,,,,,,,,,,,,,,,,,,,,,,,,
53176,-1312,698,18,-104,1310,-5066,-115,-2694,-36,60,0,-28,0,498,8225,1106,-28,0,13926,1532,1548,1697,1665,-261,228,-289,253,-256,239,204,138,,,,,,,,,,,,,,,,,,,,,,,,,,,,,,,
53226,-1106,248,-7,215,1211,-1282,-1519,-802,4,22,2,-22,0,497,8192,1107,-12,0,14345,1522,1507,1668,1649,-199,165,-221,182,-185,107,214,135,,,,,,,,,,,,,,,,,,,,,,,,,,,,,,,
53276,-1103,24,-17,60,991,1281,-2801,173,3,1,0,-20,0,498,8225,1107,-36,0,15231,1608,1588,1722,1708,-239,209,-265,231,-169,144,244,130,,,,,,,,,,,,,,,,,,,,,,,,,,,,,,,
53326,-1159,-431,68,-82,846,-3113,-6097,-1229,-12,-27,0,-20,0,497,8192,1068,-81,0,16029,1586,1576,1719,1714,-237,142,-253,152,-185,126,234,139,,,,,,,,,,,,,,,,,,,,,,,,,,,,,,,
53376,-703,-626,-21,189,1200,-4089,-2984,-253,-20,-59,0,-19,0,496,8159,1088,-1,0,12515,1552,1531,1692,1677,-285,39,-310,42,-259,0,224,134,,,,,,,,,,,,,,,,,,,,,,,,,,,,,,,
53426,-1039,-312,-9,-153,824,-1770,-1275,-1779,-28,-28,-2,-20,0,497,8192,1097,2,0,13983,1613,1588,1723,1690,-239,43,-263,47,-259,47,244,136,,,,,,,,,,,,,,,,,,,,,,,,,,,,,,,
53476,-658,-306,11,30,1136,-122,-421,-2694,-39,-36,-2,-20,-2,496,8159,1087,-9,0,16544,1587,1550,1688,1660,-347,34,-377,36,-323,17,224,134,,,,,,,,,,,,,,,,,,,,,,,,,,,,,,,
53526,-451,122,-69,-17,1138,487,3607,-497,-51,-31,0,-18,-6,497,8192,1104,59,0,12072,1459,1430,1629,1597,-237,27,-262,30,-281,19,214,132,,,,,,,,,,,,,,,,,,,,,,,,,,,,,,,
53576,-311,349,-55,22,724,182,2935,723,-56,-61,0,-17,-16,497,8192,1097,25,0,14499,1570,1563,1676,1689,-246,23,-270,26,-354,0,214,129,,,,,,,,,,,,,,,,,,,,,,,,,,,,,,,
53626,-177,384,-89,-1,1043,-977,4949,-1840,-16,-182,0,-6,-41,497,8192,1100,13,0,12866,1560,1530,1697,1683,-277,-36,-305,-40,-393,-59,224,137,,,,,,,,,,,,,,,,,,,,,,,,,,,,,,,
53676,54,685,-47,209,1080,1036,7574,51,-16,-152,0,-6,-41,497,8192,1098,11,0,14959,1512,1487,1660,1622,-296,-93,-325,-102,-471,-206,204,135,,,,,,,,,,,,,,,,,,,,,,,,,,,,,,,
53726,149,1141,-100,-36,870,2440,12518,-9,-51,-124,-2,-6,-41,497,8192,1108,28,0,14382,1622,1578,1720,1685,-230,-68,-255,-76,-424,-155,204,138,,,,,,,,,,,,,,,,,,,,,,,,,,,,,,,
53776,257,1142,89,-213,909,-1587,7513,-802,-82,-104,-2,-6,-42,498,8225,1112,31,0,13383,1519,1485,1642,1627,-480,-123,-534,-137,-590,-126,204,141,,,,,,,,,,,,,,,,,,,,,,,,,,,,,,,
53826,192,1010,-18,214,952,60,5682,1577,-18,-134,-4,-4,-43,496,8159,1117,33,0,13025,1489,1452,1618,1604,-373,-81,-416,-91,-479,-109,234,136,,,,,,,,,,,,,,,,,,,,,,,,,,,,,,,
53876,-276,1124,10,17,1110,548,8917,1150,1,-98,2,-4,-39,496,8159,1114,-9,0,15411,1581,1554,1699,1670,-235,-102,-261,-114,-285,-168,234,135,,,,,,,,,,,,,,,,,,,,,,,,,,,,,,,
53926,-624,1374,122,-168,810,2257,7147,-9,46,-25,0,2,-32,497,8192,1130,50,0,13192,1526,1496,1652,1622,-358,-207,-405,-234,-359,-246,255,136,,,,,,,,,,,,,,,,,,,,,,,,,,,,,,,
53976,-124,1482,45,-224,934,5309,3057,-1107,6,6,0,3,-25,497,8192,1139,49,0,13124,1529,1481,1618,1616,-362,-183,-412,-209,-288,-262,244,135,,,,,,,,,,,,,,,,,,,,,,,,,,,,,,,
54026,34,1263,-151,-23,1114,4149,-3045,-9,17,61,-4,4,-7,497,8192,1122,26,0,12473,1496,1461,1645,1599,-287,-306,-322,-344,-212,-357,224,135,,,,,,,,,,,,,,,,,,,,,,,,,,,,,,,
54076,465,1232,-39,-72,985,1586,-5609,2371,-27,97,-2,4,-2,496,8159,1138,1,0,14458,1564,1540,1681,1658,-232,-350,-264,-398,-38,-355,244,135,,,,,,,,,,,,,,,,,,,,,,,,,,,,,,,
54126,339,704,50,-187,720,-244,-7623,-863,-35,66,-2,4,-1,497,8192,1123,-41,0,15412,1629,1622,1728,1731,-200,-328,-225,-368,0,-275,255,134,,,,,,,,,,,,,,,,,,,,,,,,,,,,,,,
54176,171,-83,67,-164,847,-1465,-3350,-1290,-10,-4,-2,4,-1,496,8159,1136,-15,0,14833,1583,1526,1690,1674,-249,-209,-283,-237,-194,-245,214,139,,,,,,,,,,,,,,,,,,,,,,,,,,,,,,,
54226,-139,-595,-37,-136,1007,5797,2020,-863,116,-64,-2,23,-1,498,8225,1116,-65,0,17989,1602,1629,1722,1692,-228,-400,-254,-447,-265,-481,214,142,,,,,,,,,,,,,,,,,,,,,,,,,,,,,,,
54276,143,-194,77,-214,911,11412,1715,-131,251,-16,0,56,-1,497,8192,1118,-18,0,14579,1580,1518,1694,1668,-310,-369,-347,-412,-263,-613,173,139,,,,,,,,,,,,,,,,,,,,,,,,,,,,,,,
54326,586,-53,-26,-17,1117,20018,1837,1699,265,-11,0,62,0,496,8159,1101,-36,0,15624,1580,1497,1694,1660,-145,-371,-160,-408,-166,-731,193,138,,,,,,,,,,,,,,,,,,,,,,,,,,,,,,,
54376,1490,-166,115,-129,805,19896,555,1577,173,-4,0,62,0,497,8192,1103,-35,0,17382,1571,1530,1700,1701,-266,-307,-293,-339,-208,-492,204,138,,,,,,,,,,,,,,,,,,,,,,,,,,,,,,,
54426,1808,-73,2,-153,1150,12877,-1458,-1107,71,-12,0,48,-1,496,8159,1093,-35,0,15420,1621,1555,1710,1679,-36,-254,-39,-278,-41,-366,224,137,,,,,,,,,,,,,,,,,,,,,,,,,,,,,,,
54476,1999,308,31,-179,976,6408,-1763,173,-22,28,0,34,0,498,8225,1109,26,0,13346,1528,1433,1623,1616,-253,-93,-281,-103,-199,-56,214,133,,,,,,,,,,,,,,,,,,,,,,,,,,,,,,,
54526,1798,350,-99,3,818,731,-1397,1028,-19,16,0,27,0,496,8159,1113,12,0,15215,1578,1543,1683,1659,-173,-146,-192,-162,-135,-25,204,132,,,,,,,,,,,,,,,,,,,,,,,,,,,,,,,
54576,1302,270,37,-75,784,-610,-2801,1455,-17,30,-2,21,0,497,8192,1089,-13,0,15220,1577,1513,1667,1685,-238,-129,-260,-140,-152,-25,234,136,,,,,,,,,,,,,,,,,,,,,,,,,,,,,,,
54626,764,-318,30,33,1057,-794,-4144,418,8,-27,2,14,0,496,8159,1090,14,0,14766,1530,1458,1639,1624,-114,44,-124,48,-92,101,234,127,,,,,,,,,,,,,,,,,,,,,,,,,,,,,,,
54676,500,-681,-103,-152,941,853,2081,845,-22,-79,0,7,-1,496,8159,1089,-24,0,17252,1572,1546,1675,1672,-253,-247,-275,-270,-291,-133,255,137,,,,,,,,,,,,,,,,,,,,,,,,,,,,,,,
54726,61,-471,71,262,1375,-3357,3118,-192,15,-41,2,0,0,497,8192,1107,59,0,13082,1500,1449,1610,1600,-232,-103,-257,-114,-274,-41,234,133,,,,,,,,,,,,,,,,,,,,,,,,,,,,,,,
54776,-208,-369,-63,-49,856,2440,2325,1028,20,-48,0,1,-1,496,8159,1104,4,0,15473,1520,1518,1623,1645,-88,-165,-98,-183,-137,-110,255,133,,,,,,,,,,,,,,,,,,,,,,,,,,,,,,,
54826,-803,-591,19,-119,858,0,-299,1211,57,-88,-4,0,-7,497,8192,1119,15,0,13255,1558,1521,1670,1678,-193,-103,-216,-115,-202,-50,224,133,,,,,,,,,,,,,,,,,,,,,,,,,,,,,,,
54876,-890,-484,-50,153,1090,1708,3302,112,87,-87,-2,-1,-7,497,8192,1098,-19,0,15405,1583,1577,1706,1684,-167,-101,-184,-111,-251,-117,244,139,,,,,,,,,,,,,,,,,,,,,,,,,,,,,,,
54926,-575,-124,-132,-17,961,3173,2691,-924,141,-124,-2,18,-19,497,8192,1104,-7,0,14505,1578,1548,1677,1670,6,-18,7,-20,-61,-53,234,132,,,,,,,,,,,,,,,,,,,,,,,,,,,,,,,
54976,-505,60,77,80,898,4760,1837,-1351,157,-84,-2,20,-19,496,8159,1097,-10,0,14228,1606,1571,1695,1680,-199,51,-219,57,-261,-33,244,133,,,,,,,,,,,,,,,,,,,,,,,,,,,,,,,
55026,-450,38,-10,190,1335,5126,982,1211,133,-102,-2,15,-20,498,8225,1117,51,0,12047,1469,1428,1594,1580,-89,-48,-100,-53,-171,-76,234,135,,,,,,,,,,,,,,,,,,,,,,,,,,,,,,,
55076,-840,-262,-29,-73,615,2623,4949,1882,102,-131,0,7,-20,497,8192,1122,10,0,15962,1574,1548,1676,1674,-113,-8,-127,-9,-192,0,234,132,,,,,,,,,,,,,,,,,,,,,,,,,,,,,,,
55126,-580,-300,125,-129,909,-2808,4278,845,-47,-59,-2,-16,-9,498,8225,1123,-13,0,17504,1593,1570,1709,1706,-178,76,-200,85,-211,169,255,137,,,,,,,,,,,,,,,,,,,,,,,,,,,,,,,
55176,-756,-75,-54,31,1180,-7202,4034,51,-9,-55,-2,-15,-8,497,8192,1101,-14,0,14991,1528,1514,1653,1645,-119,119,-131,131,-172,239,244,135,,,,,,,,,,,,,,,,,,,,,,,,,,,,,,,
55226,-1427,-30,125,-53,847,-4944,3057,-314,38,0,0,-16,-2,497,8192,1102,16,0,14218,1484,1482,1628,1626,-99,198,-109,218,-57,336,255,132,,,,,,,,,,,,,,,,,,,,,,,,,,,,,,,
55276,-1486,-146,76,135,1006,-3723,-3961,1211,57,-17,2,-17,-2,496,8159,1115,2,0,14668,1572,1575,1669,1694,-67,183,-74,204,8,202,244,132,,,,,,,,,,,,,,,,,,,,,,,,,,,,,,,
55326,-1386,-238,79,133,942,-549,-2313,-863,50,-22,0,-17,-2,497,8192,1099,-23,0,14758,1604,1566,1695,1688,-42,113,-46,124,0,126,244,132,,,,,,,,,,,,,,,,,,,,,,,,,,,,,,,
55376,-1497,-95,96,-169,905,-1404,1593,-558,23,-8,-2,-18,-2,497,8192,1091,-66,0,18281,1663,1637,1760,1738,-37,317,-40,345,0,364,244,132,,,,,,,,,,,,,,,,,,,,,,,,,,,,,,,
55426,-957,197,53,41,1271,-427,2386,-1718,-2,17,0,-18,0,497,8192,1074,-42,0,14523,1525,1484,1652,1620,-88,144,-94,155,-140,132,255,131,,,,,,,,,,,,,,,,,,,,,,,,,,,,,,,
55476,-1405,239,84,-110,894,-2930,-1519,296,13,24,-2,-19,-1,497,8192,1083,-62,0,17799,1599,1597,1716,1716,-19,320,-21,347,19,373,193,133,,,,,,,,,,,,,,,,,,,,,,,,,,,,,,,
55526,-1076,252,68,118,1195,-2442,-1885,418,-6,25,0,-22,0,497,8192,1080,-14,0,15060,1535,1492,1659,1639,35,166,38,179,29,145,244,129,,,,,,,,,,,,,,,,,,,,,,,,,,,,,,,
55576,-1159,174,37,-67,878,121,-238,1089,1,20,-4,-18,0,497,8192,1087,45,0,11445,1549,1535,1664,1666,47,346,51,376,57,385,244,125,,,,,,,,,,,,,,,,,,,,,,,,,,,,,,,
55626,-725,-304,174,162,1016,-3967,-3289,1455,-18,-11,0,-19,0,496,8159,1075,41,0,12597,1529,1503,1627,1619,42,196,45,210,28,269,244,132,,,,,,,,,,,,,,,,,,,,,,,,,,,,,,,
55676,-1045,-435,-35,-161,899,-6409,-177,2371,-105,-46,0,-35,0,498,8225,1092,0,0,16885,1617,1599,1700,1682,40,253,44,276,0,338,244,131,,,,,,,,,,,,,,,,,,,,,,,,,,,,,,,
55726,-1155,-393,7,-82,893,-8850,6353,662,-207,-16,6,-59,4,497,8192,1089,52,0,13445,1527,1483,1645,1612,58,421,63,459,25,603,224,129,,,,,,,,,,,,,,,,,,,,,,,,,,,,,,,
55776,-1174,64,-65,49,1331,-14588,2752,1882,-337,111,0,-87,22,496,8159,1105,91,0,12326,1458,1418,1573,1541,106,426,118,471,140,678,244,135,,,,,,,,,,,,,,,,,,,,,,,,,,,,,,,
55826,-2006,731,-84,-78,908,-16358,-3778,2737,-277,172,0,-87,23,497,8192,1104,32,0,14122,1523,1539,1624,1643,119,384,132,424,305,716,255,137,,,,,,,,,,,,,,,,,,,,,,,,,,,,,,,
55876,-2472,-246,79,-3,582,-17883,-13421,2005,-172,81,-2,-76,16,494,8094,1112,62,0,11902,1546,1549,1630,1662,238,397,265,442,363,628,204,137,,,,,,,,,,,,,,,,,,,,,,,,,,,,,,,
55926,-3068,-500,142,-118,853,-14649,-5487,1699,-68,23,0,-64,9,497,8192,1109,6,0,15683,1587,1588,1681,1681,230,442,255,490,296,533,244,135,,,,,,,,,,,,,,,,,,,,,,,,,,,,,,,
55976,-2946,-559,55,193,1114,-4089,-1947,967,-8,-22,-2,-57,4,497,8192,1093,-38,0,16363,1609,1574,1687,1680,281,405,308,443,278,337,224,135,,,,,,,,,,,,,,,,,,,,,,,,,,,,,,,
56026,-2838,-371,-109,76,1429,1891,3363,-680,-2,-31,-2,-52,2,497,8192,1114,-5,0,13539,1583,1599,1699,1675,239,234,267,260,182,201,244,134,,,,,,,,,,,,,,,,,,,,,,,,,,,,,,,
56076,-2512,-85,12,27,1094,-1221,1837,-497,19,0,2,-41,1,498,8225,1109,61,0,12285,1455,1467,1584,1584,177,303,196,336,221,255,234,129,,,,,,,,,,,,,,,,,,,,,,,,,,,,,,,
56126,-2334,335,-60,252,915,0,-2191,1455,123,27,0,-22,0,496,8159,1093,-47,0,16869,1623,1594,1708,1701,140,291,153,318,142,151,255,130,,,,,,,,,,,,,,,,,,,,,,,,,,,,,,,
56176,-1679,492,1,-33,1161,7201,-5670,-375,38,49,0,-22,0,496,8159,1072,-80,0,16603,1654,1602,1716,1720,216,195,232,209,241,9,244,129,,,,,,,,,,,,,,,,,,,,,,,,,,,,,,,
56226,-915,496,-24,-244,791,487,-3472,-497,-53,39,0,-20,0,496,8159,1077,-79,0,16941,1604,1582,1712,1695,341,159,367,172,362,67,244,131,,,,,,,,,,,,,,,,,,,,,,,,,,,,,,,
56276,-1103,520,-51,-48,853,-1831,-604,112,-12,43,0,-20,0,496,8159,1074,-80,0,17227,1627,1624,1744,1726,313,197,336,212,324,200,244,132,,,,,,,,,,,,,,,,,,,,,,,,,,,,,,,
56326,-1195,589,16,137,1072,2196,-4083,-741,22,55,0,-19,0,497,8192,1079,-8,0,12117,1573,1522,1667,1665,178,106,192,114,220,-16,224,131,,,,,,,,,,,,,,,,,,,,,,,,,,,,,,,
56376,-909,334,-2,-225,798,5248,-4998,784,-42,28,-2,-19,0,496,8159,1064,10,0,12885,1544,1550,1664,1666,171,135,182,144,263,161,234,131,,,,,,,,,,,,,,,,,,,,,,,,,,,,,,,
56426,-966,59,93,130,910,-977,-2740,-375,5,13,-2,-18,0,498,8225,1054,-50,0,16066,1647,1609,1742,1726,250,151,263,160,216,88,244,128,,,,,,,,,,,,,,,,,,,,,,,,,,,,,,,
56476,-883,291,-204,-55,1137,2562,-1336,-802,-19,8,0,-18,0,498,8225,1049,12,0,11944,1486,1441,1615,1582,189,22,198,23,202,0,234,128,,,,,,,,,,,,,,,,,,,,,,,,,,,,,,,
56526,-903,308,-27,-101,716,60,-1031,234,-28,27,0,-18,0,497,8192,1061,7,0,15422,1577,1562,1678,1684,187,-6,198,-6,193,-33,255,126,,,,,,,,,,,,,,,,,,,,,,,,,,,,,,,
56576,-758,269,-93,84,1105,-3723,-4937,-741,-20,17,-2,-18,0,496,8159,1082,61,0,14268,1536,1503,1650,1643,238,0,257,-1,233,-27,234,130,,,,,,,,,,,,,,,,,,,,,,,,,,,,,,,
56626,-364,318,-80,58,837,853,-1763,296,-54,26,0,-18,1,497,8192,1062,9,0,13963,1540,1540,1638,1650,301,-94,320,-100,347,-67,234,128,,,,,,,,,,,,,,,,,,,,,,,,,,,,,,,
56676,-312,530,-92,39,718,-2930,-1214,662,-65,34,0,-19,0,497,8192,1073,3,0,13318,1559,1535,1681,1681,232,-27,249,-29,266,16,234,128,,,,,,,,,,,,,,,,,,,,,,,,,,,,,,,
56726,-445,762,30,35,1041,-7874,-10797,723,-54,72,0,-18,0,497,8192,1074,0,0,14996,1568,1552,1683,1686,343,16,369,18,439,62,244,127,,,,,,,,,,,,,,,,,,,,,,,,,,,,,,,
56776,-402,618,-40,-11,967,-5005,-12200,-2206,-58,52,0,-18,0,498,8225,1077,-1,0,15365,1597,1592,1684,1712,363,-11,391,-12,555,42,244,133,,,,,,,,,,,,,,,,,,,,,,,,,,,,,,,
56826,-641,218,56,-97,927,-5615,-14459,-2023,-46,35,0,-18,0,497,8192,1089,45,0,12725,1460,1433,1584,1612,382,40,416,43,517,75,234,130,,,,,,,,,,,,,,,,,,,,,,,,,,,,,,,
56876,-686,-140,-208,-10,1330,-6592,-11651,1028,-40,-23,0,-19,0,497,8192,1085,36,0,15268,1515,1513,1634,1645,285,-96,309,-104,322,-47,244,138,,,,,,,,,,,,,,,,,,,,,,,,,,,,,,,
56926,-549,-332,-85,-24,1021,-4334,-6768,357,-42,-42,0,-17,-1,497,8192,1084,15,0,13043,1530,1530,1645,1666,47,-42,51,-46,92,-25,255,132,,,,,,,,,,,,,,,,,,,,,,,,,,,,,,,
56976,-305,-232,-6,69,748,-4212,-7012,-9,-28,47,0,-12,13,497,8192,1095,11,0,13754,1593,1576,1704,1725,17,-135,19,-148,39,-136,224,130,,,,,,,,,,,,,,,,,,,,,,,,,,,,,,,
57026,-629,-391,81,-47,842,-1831,-8294,-680,21,76,-2,-5,19,497,8192,1082,3,0,14620,1557,1545,1689,1706,201,-38,218,-41,264,-113,244,132,,,,,,,,,,,,,,,,,,,,,,,,,,,,,,,
57076,-554,-764,177,-62,1009,2013,-11407,-863,82,10,-2,7,11,495,8127,1099,0,0,15542,1532,1523,1629,1667,193,-191,212,-210,236,-303,214,135,,,,,,,,,,,,,,,,,,,,,,,,,,,,,,,
57126,-394,-800,-128,51,1156,5431,-2740,-1290,118,-74,0,15,1,497,8192,1087,-4,0,13057,1534,1507,1644,1650,111,-294,121,-320,9,-448,204,135,,,,,,,,,,,,,,,,,,,,,,,,,,,,,,,
57176,-244,-845,-23,-123,905,6774,1287,357,84,-71,2,14,1,498,8225,1082,-29,0,16244,1603,1555,1713,1718,-13,-284,-14,-307,-163,-440,183,135,,,,,,,,,,,,,,,,,,,,,,,,,,,,,,,
57226,217,-810,-63,61,855,2501,4644,-1473,-38,-81,0,-5,0,497,8192,1071,-46,0,16006,1566,1553,1705,1722,-11,-249,-11,-267,-141,-302,214,135,,,,,,,,,,,,,,,,,,,,,,,,,,,,,,,
57276,458,-415,-31,274,1221,-3113,3790,-3182,-47,-79,0,-5,-7,496,8159,1087,22,0,11053,1478,1497,1624,1656,-243,-392,-265,-426,-394,-346,224,140,,,,,,,,,,,,,,,,,,,,,,,,,,,,,,,
57326,-296,2,-10,-133,912,487,12091,-985,165,-243,0,30,-47,497,8192,1077,-14,0,15062,1574,1562,1703,1682,-16,-302,-17,-325,-335,-345,234,137,,,,,,,,,,,,,,,,,,,,,,,,,,,,,,,
57376,-300,868,-168,-72,1047,15136,23199,-1473,179,-210,-2,30,-52,497,8192,1082,-4,0,14395,1569,1504,1704,1676,-306,-365,-331,-394,-674,-608,234,145,,,,,,,,,,,,,,,,,,,,,,,,,,,,,,,
57426,712,1865,102,49,1127,13671,19171,-2023,100,-126,0,30,-58,497,8192,1072,-42,0,15869,1577,1559,1708,1710,-451,-493,-483,-529,-682,-672,224,143,,,,,,,,,,,,,,,,,,,,,,,,,,,,,,,
57476,1048,2587,28,188,1250,10131,11968,-2694,41,-72,-2,23,-60,497,8192,1075,-34,0,14504,1597,1545,1724,1705,-352,-487,-378,-524,-465,-603,193,143,,,,,,,,,,,,,,,,,,,,,,,,,,,,,,,
57526,565,2561,47,-149,698,2440,5194,-985,-95,65,-4,-4,-33,497,8192,1066,-37,0,16544,1605,1571,1725,1719,-302,-380,-322,-406,-319,-386,204,139,,,,,,,,,,,,,,,,,,,,,,,,,,,,,,,
57576,875,2264,0,234,1195,-4151,-787,-1596,-115,69,0,-11,-26,498,8225,1073,8,0,13889,1473,1438,1612,1610,-280,-407,-301,-437,-213,-333,204,139,,,,,,,,,,,,,,,,,,,,,,,,,,,,,,,
57626,-10,1846,-93,-63,773,-3052,-2130,-192,-78,79,0,-13,-14,496,8159,1080,30,0,14760,1551,1512,1656,1664,-250,-324,-270,-350,-160,-249,183,140,,,,,,,,,,,,,,,,,,,,,,,,,,,,,,,
57676,-44,937,-24,-38,790,548,-4754,1211,-63,37,-2,-12,-9,496,8159,1071,-17,0,15580,1599,1550,1705,1714,-268,-399,-287,-428,-198,-413,153,138,,,,,,,,,,,,,,,,,,,,,,,,,,,,,,,
,,,,,,,,,,,,,,,,,,,,,,,,,,,,,,,,,,,,,,,,,,,,,,,,,,,,,,,,,,,,,,
57776,-221,442,-91,-110,873,0,1043,-1046,-73,17,0,-16,-2,496,8159,1088,42,0,12524,1571,1530,1677,1676,-170,-519,-185,-565,-135,-491,183,136,,,,,,,,,,,,,,,,,,,,,,,,,,,,,,,
57826,153,504,54,16,1339,4577,128,-131,-87,38,0,-15,-2,497,8192,1081,67,0,11835,1473,1393,1559,1563,-202,-402,-219,-434,-137,-428,142,134,,,,,,,,,,,,,,,,,,,,,,,,,,,,,,,
57876,-151,776,-128,15,848,731,1776,1333,-64,46,-2,-16,-1,497,8192,1088,-42,0,18316,1645,1616,1743,1740,-260,-433,-282,-471,-243,-369,204,138,,,,,,,,,,,,,,,,,,,,,,,,,,,,,,,
57926,-185,800,3,25,845,-305,-1641,357,131,30,-2,22,-8,496,8159,1096,-9,0,15196,1605,1579,1695,1733,-169,-296,-185,-324,-103,-319,183,134,,,,,,,,,,,,,,,,,,,,,,,,,,,,,,,
57976,22,1017,-29,199,1458,11596,-4144,-497,205,-45,0,37,-27,497,8192,1069,1,0,15118,1532,1494,1616,1634,-267,-394,-286,-421,-264,-683,153,139,,,,,,,,,,,,,,,,,,,,,,,,,,,,,,,
58026,-12,844,58,-200,925,22338,3729,1028,390,-118,0,80,-39,497,8192,1071,-17,0,15063,1540,1513,1649,1636,-254,-416,-272,-446,-335,-781,204,140,,,,,,,,,,,,,,,,,,,,,,,,,,,,,,,
58076,433,823,42,57,1003,29906,8551,1089,427,-124,0,89,-39,497,8192,1072,-2,0,14084,1609,1514,1684,1686,-294,-431,-315,-462,-410,-923,163,138,,,,,,,,,,,,,,,,,,,,,,,,,,,,,,,
58126,1481,987,26,-233,839,32653,10321,479,304,-119,0,90,-41,497,8192,1091,9,0,13531,1612,1540,1697,1682,-249,-578,-272,-630,-382,-58176,2220,1124,-31,193,1205,26976,10321,-314,245,-109,-4,83,-40,497,8192,1076,-9,0,13396,1647,1568,1715,1695,-335,-626,-360,-673,-439,-886,204,144,,
58226,2679,1209,-3,-190,731,20202,8001,418,96,-98,0,70,-40,496,8159,1093,35,0,12215,1525,1466,1632,1621,-234,-370,-256,-405,-325,-439,224,138,,,,,,,,,,,,,,,,,,,,,,,,,,,,,,,
58276,2330,1413,-43,250,1159,9520,8245,112,111,-56,0,58,-34,496,8159,1084,21,0,12259,1588,1523,1668,1644,-356,-365,-386,-396,-393,-367,224,139,,,,,,,,,,,,,,,,,,,,,,,,,,,,,,,
58326,2564,2108,-174,-81,910,7445,3607,479,-9,1,-2,40,-34,497,8192,1094,-10,0,17581,1649,1584,1726,1697,-200,-323,-219,-353,-201,-243,234,138,,,,,,,,,,,,,,,,,,,,,,,,,,,,,,,
58376,1995,2091,34,6,919,-4456,-3167,112,-105,83,0,14,-21,497,8192,1087,16,0,14160,1586,1493,1670,1665,-311,-56,-339,-61,-184,110,255,134,,,,,,,,,,,,,,,,,,,,,,,,,,,,,,,
58426,1705,1796,32,-37,828,-5982,-7501,906,-197,93,0,-7,-14,497,8192,1085,-38,0,16034,1634,1609,1712,1728,-237,-43,-257,-47,-35,297,224,136,,,,,,,,,,,,,,,,,,,,,,,,,,,,,,,
58476,565,1513,80,139,1170,-16052,-11163,-253,-114,97,2,-13,-9,498,8225,1090,11,0,11199,1553,1506,1650,1657,-188,126,-205,137,-33,420,224,138,,,,,,,,,,,,,,,,,,,,,,,,,,,,,,,
58526,-260,988,-44,-185,819,-6714,-6890,906,-79,68,-2,-15,-3,496,8159,1067,-63,0,17325,1640,1597,1736,1732,-87,183,-93,195,55,408,234,134,,,,,,,,,,,,,,,,,,,,,,,,,,,,,,,
58576,-580,571,-8,201,1229,-6348,-7623,-1657,-18,36,0,-16,-3,497,8192,1064,-24,0,13429,1559,1520,1676,1674,-210,202,-223,215,-67,346,193,137,,,,,,,,,,,,,,,,,,,,,,,,,,,,,,,
58626,-1004,93,68,-170,720,-3052,-6463,51,-22,6,-2,-17,-2,497,8192,1055,-14,0,12706,1552,1538,1646,1680,-209,256,-221,270,-60,422,153,134,,,,,,,,,,,,,,,,,,,,,,,,,,,,,,,
58676,-1462,-390,49,216,1193,-5310,-4449,-619,58,-42,-2,-17,-2,496,8159,1030,-56,0,15853,1651,1595,1731,1718,-126,234,-129,241,-101,329,173,140,,,,,,,,,,,,,,,,,,,,,,,,,,,,,,,
58726,-1482,-497,27,-184,788,548,2508,-1168,21,-52,0,-17,-2,496,8159,1065,-20,0,14327,1608,1590,1702,1717,-161,336,-172,358,-166,415,193,137,,,,,,,,,,,,,,,,,,,,,,,,,,,,,,,
58776,-1400,-206,2,169,1383,914,-299,-741,46,-28,-2,-18,-2,496,8159,1050,6,0,13609,1580,1523,1656,1645,-220,386,-231,405,-252,368,224,134,,,,,,,,,,,,,,,,,,,,,,,,,,,,,,,
58826,-790,278,-30,30,885,-3418,799,1699,-21,14,0,-18,-1,496,8159,1074,40,0,12886,1533,1504,1647,1652,-157,414,-169,444,-147,507,193,133,,,,,,,,,,,,,,,,,,,,,,,,,,,,,,,
58876,-878,415,14,279,1101,-10559,-2984,1272,4,36,-2,-18,0,499,8258,1056,9,0,14294,1563,1542,1677,1670,-167,552,-177,583,-149,705,224,134,,,,,,,,,,,,,,,,,,,,,,,,,,,,,,,
58926,-1176,685,-100,-41,821,-6226,-5426,1028,2,47,0,-18,0,496,8159,1061,-10,0,15375,1629,1580,1699,1716,-194,670,-206,711,-115,769,224,136,,,,,,,,,,,,,,,,,,,,,,,,,,,,,,,
58976,-1234,459,124,-168,768,-5615,-5059,173,-43,55,0,-25,0,497,8192,1068,72,0,10171,1484,1420,1587,1582,-195,591,-208,631,-125,721,244,136,,,,,,,,,,,,,,,,,,,,,,,,,,,,,,,
59026,-1144,727,-98,-24,1117,-12879,-3839,2249,-227,57,0,-64,0,498,8225,1068,-32,0,20321,1638,1593,1701,1685,-165,677,-176,723,-204,944,204,140,,,,,,,,,,,,,,,,,,,,,,,,,,,,,,,
59076,-1843,498,29,-130,858,-28198,-848,1028,-278,44,0,-83,0,497,8192,1067,-9,0,14570,1620,1625,1738,1743,-203,688,-216,734,-205,1132,163,138,,,,,,,,,,,,,,,,,,,,,,,,,,,,,,,
59126,-2572,243,141,53,1079,-25574,-3717,1211,-223,33,0,-89,0,497,8192,1062,-11,0,15899,1607,1537,1665,1675,-197,824,-210,875,-175,1092,214,140,,,,,,,,,,,,,,,,,,,,,,,,,,,,,,,
59176,-3480,168,-55,19,946,-18616,-2984,2310,-181,6,-2,-97,0,496,8159,1066,37,0,13743,1510,1509,1617,1641,-173,785,-184,837,-176,1031,224,138,,,,,,,,,,,,,,,,,,,,,,,,,,,,,,,
59226,-3715,-278,84,-56,837,-20081,-1885,2005,-166,-24,-2,-96,-2,497,8192,1057,-23,0,15549,1646,1628,1735,1739,-228,749,-241,792,-261,919,224,142,,,,,,,,,,,,,,,,,,,,,,,,,,,,,,,
59276,-4059,-283,-92,-50,1127,-12695,-115,2432,-95,-37,-2,-89,0,497,8192,1052,3,0,14407,1533,1498,1645,1639,-181,673,-190,708,-261,777,224,139,,,,,,,,,,,,,,,,,,,,,,,,,,,,,,,
59326,-4068,-563,30,-60,648,-10193,3546,1821,-74,-50,0,-84,0,497,8192,1048,2,0,15501,1554,1556,1667,1676,-245,713,-256,747,-325,728,224,136,,,,,,,,,,,,,,,,,,,,,,,,,,,,,,,
59376,-3492,-219,-17,137,1272,-4334,3668,-558,16,-148,0,-60,-25,498,8225,1058,35,0,11921,1521,1495,1607,1637,-279,754,-295,797,-408,675,234,140,,,,,,,,,,,,,,,,,,,,,,,,,,,,,,,
59426,-3486,71,-141,-68,897,-1038,9710,2005,99,-240,0,-40,-45,497,8192,1062,49,0,13654,1488,1529,1616,1623,-269,708,-285,752,-470,605,255,138,,,,,,,,,,,,,,,,,,,,,,,,,,,,,,,
59476,-3071,260,52,-92,921,4577,15264,540,184,-330,0,-16,-70,497,8192,1065,5,0,16197,1605,1586,1684,1713,-340,698,-362,743,-618,415,224,136,,,,,,,,,,,,,,,,,,,,,,,,,,,,,,,
59526,-1871,490,124,115,1061,11046,17095,418,227,-367,-2,9,-83,497,8192,1055,-7,0,15300,1531,1485,1637,1625,-370,468,-390,493,-703,144,234,139,,,,,,,,,,,,,,,,,,,,,,,,,,,,,,,
59576,-1360,1302,-114,-50,993,14098,23992,2066,163,-321,-2,8,-83,496,8159,1068,52,0,12086,1531,1490,1646,1622,-431,433,-460,463,-765,207,255,141,,,,,,,,,,,,,,,,,,,,,,,,,,,,,,,
59626,-590,1763,20,-104,793,7811,19598,1577,84,-176,0,8,-65,497,8192,1052,-12,0,15271,1601,1574,1713,1679,-379,515,-398,542,-601,300,234,137,,,,,,,,,,,,,,,,,,,,,,,,,,,,,,,
59676,-10,2341,-10,243,1047,8178,8551,784,34,-40,0,1,-48,498,8225,1062,-15,0,16016,1603,1559,1696,1686,-381,458,-405,487,-359,309,255,134,,,,,,,,,,,,,,,,,,,,,,,,,,,,,,,
59726,-266,2230,-29,-55,1156,2013,1104,-70,-43,125,0,-12,-13,496,8159,1052,-8,0,13491,1517,1503,1643,1624,-304,435,-320,458,-153,423,244,137,,,,,,,,,,,,,,,,,,,,,,,,,,,,,,,
59776,-372,1336,43,140,994,-2197,-7745,967,-40,112,0,-17,-2,497,8192,1067,-29,0,14665,1599,1587,1684,1703,-231,396,-246,423,28,396,244,135,,,,,,,,,,,,,,,,,,,,,,,,,,,,,,,
59826,-597,641,-42,48,1250,-3174,-7562,-1168,-34,49,-2,-18,-1,498,8225,1058,-5,0,14026,1540,1502,1639,1647,-85,529,-90,560,103,536,183,135,,,,,,,,,,,,,,,,,,,,,,,,,,,,,,,
,,,,,,,,,,,,,,,,,,,,,,,,,,,,,,,,,,,,,,,,,,,,,,,,,,,,,,,,,,,,,,
59976,-803,-590,12,26,724,-2075,-3289,1028,-16,-52,-2,-18,0,497,8192,1050,-16,0,14326,1601,1591,1704,1729,-93,470,-98,494,-8,499,244,133,,,,,,,,,,,,,,,,,,,,,,,,,,,,,,,
60026,-675,-745,97,66,844,-3906,-2130,-1351,-27,-60,-2,-18,-1,498,8225,1065,-26,0,16221,1682,1635,1779,1778,-21,414,-23,441,0,427,255,134,,,,,,,,,,,,,,,,,,,,,,,,,,,,,,,
60076,-1205,-352,-225,-140,880,-2808,1409,-1229,-35,-57,0,-25,0,498,8225,1052,-15,0,14828,1560,1548,1699,1665,-87,203,-91,214,-48,274,255,138,,,,,,,,,,,,,,,,,,,,,,,,,,,,,,,
60126,-1592,33,18,-14,849,-3418,67,-1718,-25,33,0,-32,5,498,8225,1054,30,0,12079,1556,1488,1630,1655,-5,335,-5,353,75,312,255,126,,,,,,,,,,,,,,,,,,,,,,,,,,,,,,,
60176,-1644,-143,8,-89,985,-1404,-3656,-680,-58,10,-2,-39,4,497,8192,1060,5,0,16645,1552,1532,1685,1683,73,173,77,184,146,247,255,130,,,,,,,,,,,,,,,,,,,,,,,,,,,,,,,
60226,-1577,-58,-178,-138,943,-4578,1959,-985,-134,2,0,-51,5,497,8192,1055,-19,0,15974,1564,1555,1698,1709,3,434,3,458,58,546,255,130,,,,,,,,,,,,,,,,,,,,,,,,,,,,,,,
60276,-1727,-375,152,167,1317,-7446,860,-2023,-91,2,0,-50,4,497,8192,1065,-13,0,15921,1520,1491,1642,1669,134,474,143,505,160,548,255,134,,,,,,,,,,,,,,,,,,,,,,,,,,,,,,,
60326,-1852,-294,68,80,1240,-7141,-115,-1718,-86,-6,-2,-50,2,497,8192,1055,32,0,13475,1468,1469,1632,1629,124,323,130,341,153,450,255,134,,,,,,,,,,,,,,,,,,,,,,,,,,,,,,,
60376,-1910,99,-51,-104,687,-9033,-2862,-1229,-104,9,0,-50,1,497,8192,1063,-19,0,15666,1602,1612,1705,1732,205,391,218,415,270,523,255,135,,,,,,,,,,,,,,,,,,,,,,,,,,,,,,,
60426,-2136,235,31,-112,760,-11963,-6341,-1962,-77,34,-2,-49,1,497,8192,1064,-7,0,14505,1584,1551,1699,1710,144,390,154,415,235,462,244,136,,,,,,,,,,,,,,,,,,,,,,,,,,,,,,,
60476,-2162,441,-150,117,1170,-10620,-5242,-985,-21,32,0,-43,0,496,8159,1067,23,0,14827,1544,1526,1683,1680,143,312,152,333,233,355,234,136,,,,,,,,,,,,,,,,,,,,,,,,,,,,,,,
60526,-2122,583,-182,-66,1071,-1770,-1397,-1290,-10,45,10,-38,2,497,8192,1065,-24,0,16250,1534,1534,1661,1679,203,223,216,237,278,227,255,138,,,,,,,,,,,,,,,,,,,,,,,,,,,,,,,
60576,-2244,68,140,-99,1047,-61,-2679,-1168,-5,20,0,-39,0,497,8192,1058,-28,0,14222,1521,1518,1661,1700,188,239,199,253,254,169,234,132,,,,,,,,,,,,,,,,,,,,,,,,,,,,,,,
60626,-2072,-176,97,140,1248,1525,-1519,-1046,29,-7,2,-33,0,496,8159,1064,-6,0,15666,1560,1550,1712,1710,264,182,281,194,247,91,224,132,,,,,,,,,,,,,,,,,,,,,,,,,,,,,,,
60676,-1597,60,-103,-128,781,2196,-238,-3305,32,-11,-2,-18,0,497,8192,1056,-35,0,17477,1598,1580,1721,1723,309,42,326,44,293,0,244,131,,,,,,,,,,,,,,,,,,,,,,,,,,,,,,,
60726,-1080,360,-8,-63,949,-61,-2740,-2999,-1,28,0,-18,0,497,8192,1065,31,0,13401,1512,1494,1650,1671,273,192,290,205,329,109,255,130,,,,,,,,,,,,,,,,,,,,,,,,,,,,,,,
60776,-1118,505,-68,-4,1184,-1709,-7501,-1351,67,42,2,-6,0,497,8192,1052,-15,0,16231,1539,1543,1670,1701,202,3,213,3,291,-63,244,129,,,,,,,,,,,,,,,,,,,,,,,,,,,,,,,
60826,-972,193,-97,-29,902,6469,-6036,-741,145,5,2,11,0,496,8159,1042,-58,0,16716,1614,1604,1747,1765,302,-31,315,-32,390,-161,234,131,,,,,,,,,,,,,,,,,,,,,,,,,,,,,,,
60876,-689,-270,70,27,957,9276,-1031,-3244,124,-19,0,11,0,497,8192,1038,-32,0,14927,1530,1509,1685,1699,304,-17,315,-18,325,-210,234,133,,,,,,,,,,,,,,,,,,,,,,,,,,,,,,,
60926,-326,113,-1,191,1160,9276,-3778,-1412,175,4,-2,25,-1,496,8159,1057,37,0,11804,1549,1556,1693,1702,324,-212,343,-224,328,-346,193,135,,,,,,,,,,,,,,,,,,,,,,,,,,,,,,,
60976,68,0,39,-75,757,12816,-6036,-2084,156,4,0,33,0,496,8159,1054,39,0,13739,1537,1512,1642,1670,265,-186,280,-197,357,-323,224,129,,,,,,,,,,,,,,,,,,,,,,,,,,,,,,,
61026,339,-217,-130,-50,885,10619,-1214,-1657,219,-37,0,50,0,497,8192,1085,28,0,16452,1611,1582,1713,1740,262,-197,284,-214,289,-414,224,137,,,,,,,,,,,,,,,,,,,,,,,,,,,,,,,
61076,638,-506,77,31,931,18920,250,-1351,209,-40,-2,50,0,496,8159,1064,-9,0,15239,1552,1495,1653,1691,276,-201,294,-214,243,-546,234,133,,,,,,,,,,,,,,,,,,,,,,,,,,,,,,,
61126,1496,-399,30,105,1105,17699,-2679,479,9,-35,-4,25,0,491,7996,1069,-13,0,15276,1569,1500,1676,1673,291,-285,311,-304,223,-507,183,135,,,,,,,,,,,,,,,,,,,,,,,,,,,,,,,
61176,1583,-135,-87,38,1260,8361,311,479,-116,-26,0,3,-1,498,8225,1071,43,0,12337,1486,1460,1640,1649,385,-410,413,-439,378,-303,224,133,,,,,,,,,,,,,,,,,,,,,,,,,,,,,,,
61226,1268,-218,-120,129,837,-3296,-421,784,-175,-33,0,-15,0,497,8192,1088,16,0,15746,1625,1609,1721,1747,250,-189,272,-206,214,-58,224,136,,,,,,,,,,,,,,,,,,,,,,,,,,,,,,,
61276,1033,-11,-1,159,1133,-4761,-2008,-314,-153,-3,0,-14,0,497,8192,1076,35,0,13091,1526,1476,1612,1633,315,-182,339,-196,251,-96,214,135,,,,,,,,,,,,,,,,,,,,,,,,,,,,,,,
61326,747,434,-12,-9,956,-2869,1165,2005,-152,33,0,-16,0,497,8192,1095,7,0,15656,1641,1606,1731,1721,378,-88,414,-96,296,25,193,128,,,,,,,,,,,,,,,,,,,,,,,,,,,,,,,
61376,337,442,140,5,1028,-2991,1531,845,-114,56,0,-16,0,498,8225,1088,12,0,14204,1590,1532,1671,1688,223,-75,243,-82,241,33,234,128,,,,,,,,,,,,,,,,,,,,,,,,,,,,,,,
61426,-158,1022,-81,-157,832,-3662,-1458,2127,-90,81,0,-16,0,496,8159,1088,-6,0,15769,1577,1561,1691,1692,245,-96,266,-104,246,68,153,134,,,,,,,,,,,,,,,,,,,,,,,,,,,,,,,
61476,-400,843,48,-142,885,-4883,-421,1394,-66,77,0,-16,0,496,8159,1071,-19,0,14429,1594,1547,1692,1709,214,-116,229,-124,268,0,224,132,,,,,,,,,,,,,,,,,,,,,,,,,,,,,,,
,,,,,,,,,,,,,,,,,,,,,,,,,,,,,,,,,,,,,,,,,,,,,,,,,,,,,,,,,,,,,,
61576,-851,488,202,-119,772,-3540,128,-131,-35,62,0,-18,-1,497,8192,1088,-4,0,16744,1614,1582,1703,1706,135,-84,147,-91,152,-38,214,132,,,,,,,,,,,,,,,,,,,,,,,,,,,,,,,
61626,-1124,797,-146,-87,1038,-2197,-2069,1150,0,54,0,-18,0,497,8192,1082,2,0,14585,1503,1457,1601,1607,306,-39,331,-43,268,-16,224,132,,,,,,,,,,,,,,,,,,,,,,,,,,,,,,,
61676,-1370,294,116,-237,730,-3296,-1580,2737,8,39,0,-16,0,496,8159,1061,-17,0,14657,1630,1585,1714,1739,210,-127,223,-135,215,-124,234,136,,,,,,,,,,,,,,,,,,,,,,,,,,,,,,,
61726,-858,-49,2,122,1302,5187,-1336,1821,1,-3,-4,-17,0,497,8192,1069,-43,0,17068,1584,1514,1669,1702,191,42,204,45,183,-58,244,128,,,,,,,,,,,,,,,,,,,,,,,,,,,,,,,
61776,-1274,170,-129,-84,729,4699,921,479,12,-3,-2,-18,0,497,8192,1057,-15,0,15562,1584,1566,1683,1694,213,-148,225,-157,192,-133,255,134,,,,,,,,,,,,,,,,,,,,,,,,,,,,,,,
61826,-701,703,-94,-63,1300,2990,2020,-1168,-31,50,0,-18,0,497,8192,1050,-21,0,14287,1605,1526,1662,1675,134,4,140,4,136,-64,234,129,,,,,,,,,,,,,,,,,,,,,,,,,,,,,,,
61876,-491,654,47,-148,848,4271,-3533,1394,-62,62,0,-18,0,498,8225,1074,10,0,13855,1580,1528,1656,1686,106,-119,114,-128,171,-111,214,134,,,,,,,,,,,,,,,,,,,,,,,,,,,,,,,
61926,-445,730,-31,-203,1067,-1099,-1275,723,-67,55,0,-17,-1,496,8159,1063,43,0,14351,1504,1448,1598,1591,195,-238,207,-253,178,-187,224,137,,,,,,,,,,,,,,,,,,,,,,,,,,,,,,,
,,,,,,,,,,,,,,,,,,,,,,,,,,,,,,,,,,,,,,,,,,,,,,,,,,,,,,,,,,,,,,
62026,-212,950,36,131,1135,-2380,-543,2066,-61,84,-2,-18,0,497,8192,1075,21,0,15632,1562,1518,1645,1662,116,26,125,28,136,76,214,129,,,,,,,,,,,,,,,,,,,,,,,,,,,,,,,
62076,-741,925,-53,-133,982,-1343,-604,784,-28,77,-2,-16,0,498,8225,1070,22,0,13699,1574,1556,1660,1688,168,-68,180,-73,178,-8,224,131,,,,,,,,,,,,,,,,,,,,,,,,,,,,,,,
62126,-386,759,42,166,1151,-3662,-970,906,-36,68,0,-16,0,497,8192,1079,29,0,14176,1542,1515,1615,1636,64,62,69,67,72,136,234,125,,,,,,,,,,,,,,,,,,,,,,,,,,,,,,,
62176,-641,364,-100,-130,1081,-4700,1776,1516,-37,18,-2,-16,0,496,8159,1079,11,0,14728,1569,1560,1654,1664,70,-107,76,-115,16,-25,214,134,,,,,,,,,,,,,,,,,,,,,,,,,,,,,,,
62226,-708,308,171,89,944,-6226,1959,2188,-17,37,0,-17,-1,497,8192,1071,-29,0,17491,1599,1574,1686,1701,36,-118,39,-126,16,-57,255,131,,,,,,,,,,,,,,,,,,,,,,,,,,,,,,,
62276,-1011,460,-28,158,1452,-305,2569,234,13,34,-2,-17,0,497,8192,1071,23,0,12190,1523,1516,1633,1627,148,-38,158,-41,92,-55,244,130,,,,,,,,,,,,,,,,,,,,,,,,,,,,,,,
62326,-1178,513,142,-34,816,1830,1470,1760,14,62,-2,-17,0,496,8159,1069,-29,0,15980,1609,1592,1675,1691,-31,14,-33,15,-24,8,255,128,,,,,,,,,,,,,,,,,,,,,,,,,,,,,,,
62376,-1461,550,-91,254,1143,1891,433,540,66,37,-2,-17,0,496,8159,1066,9,0,10551,1577,1565,1678,1673,63,16,67,17,50,-50,244,124,,,,,,,,,,,,,,,,,,,,,,,,,,,,,,,
62426,-1357,506,40,-80,802,5248,1287,784,29,49,-2,-16,0,497,8192,1059,-23,0,14383,1545,1522,1621,1637,49,-25,51,-26,63,-63,204,127,,,,,,,,,,,,,,,,,,,,,,,,,,,,,,,
62476,-1388,634,-64,125,1223,-1221,921,-192,49,47,0,-16,0,498,8225,1060,-34,0,17287,1561,1549,1661,1649,-10,-72,-10,-76,0,-75,244,130,,,,,,,,,,,,,,,,,,,,,,,,,,,,,,,
62526,-1303,364,69,-90,924,1830,1837,-131,23,35,-2,-16,0,496,8159,1058,-9,0,14148,1520,1493,1607,1639,-1,-153,-2,-162,41,-166,255,130,,,,,,,,,,,,,,,,,,,,,,,,,,,,,,,
62576,-1131,318,-83,68,931,1342,-54,662,28,15,0,-16,0,497,8192,1087,12,0,14068,1610,1596,1690,1692,-15,-268,-16,-291,-93,-314,204,130,,,,,,,,,,,,,,,,,,,,,,,,,,,,,,,
62626,-1047,367,154,-92,825,4943,1898,-70,3,47,0,-16,0,496,8159,1075,7,0,13915,1545,1500,1633,1640,-143,-94,-154,-101,-142,-151,234,132,,,,,,,,,,,,,,,,,,,,,,,,,,,,,,,
62676,-1028,353,-63,250,1113,1830,-909,-314,31,19,2,-16,-1,496,8159,1074,-34,0,16937,1630,1618,1722,1716,-9,-240,-9,-258,48,-271,234,133,,,,,,,,,,,,,,,,,,,,,,,,,,,,,,,
62726,-1485,179,-50,-275,918,3905,-2862,-985,20,8,0,-16,0,496,8159,1067,-12,0,13575,1548,1537,1664,1667,-13,-128,-13,-137,9,-138,244,133,,,,,,,,,,,,,,,,,,,,,,,,,,,,,,,
62776,-1738,158,95,101,1134,1952,67,-497,87,19,-2,-15,0,497,8192,1057,-20,0,14343,1627,1557,1697,1693,-13,-142,-13,-150,-33,-259,244,133,,,,,,,,,,,,,,,,,,,,,,,,,,,,,,,
62826,-1511,102,83,-283,734,9765,1898,-741,52,16,-4,-9,0,497,8192,1049,-32,0,13398,1599,1593,1712,1708,-32,-158,-34,-166,-68,-214,234,134,,,,,,,,,,,,,,,,,,,,,,,,,,,,,,,
62876,-1270,90,123,69,1087,2440,2508,51,68,15,-2,-10,0,496,8159,1054,4,0,13853,1581,1493,1673,1654,-85,-216,-90,-228,-90,-296,224,130,,,,,,,,,,,,,,,,,,,,,,,,,,,,,,,
62926,-694,90,9,-133,836,6224,4400,-558,6,7,0,-8,0,497,8192,1058,-7,0,14588,1566,1551,1678,1667,-24,-124,-26,-131,-76,-136,214,127,,,,,,,,,,,,,,,,,,,,,,,,,,,,,,,
62976,-453,832,109,-20,1129,-549,2020,-619,0,79,0,-7,0,497,8192,1057,-14,0,15694,1609,1559,1694,1674,-72,-77,-76,-81,-76,-114,214,130,,,,,,,,,,,,,,,,,,,,,,,,,,,,,,,
63026,-370,825,-25,-183,816,4882,189,-375,12,66,0,0,0,497,8192,1067,0,0,14010,1540,1526,1662,1656,0,-241,0,-258,19,-235,193,124,,,,,,,,,,,,,,,,,,,,,,,,,,,,,,,
63076,-554,775,153,-54,765,609,-2130,479,45,83,-2,0,-1,497,8192,1066,37,0,11660,1579,1509,1676,1675,-78,-103,-83,-110,-16,-151,234,131,,,,,,,,,,,,,,,,,,,,,,,,,,,,,,,
63126,-479,881,-72,-139,883,5675,-3778,234,18,68,-2,-2,0,497,8192,1091,57,0,14126,1585,1517,1664,1645,-45,-145,-49,-158,-38,-212,255,133,,,,,,,,,,,,,,,,,,,,,,,,,,,,,,,
63176,-627,899,117,-196,907,2013,-360,-9,-38,96,0,-14,0,497,8192,1086,54,0,14905,1558,1507,1647,1638,-73,-159,-79,-173,8,-144,214,130,,,,,,,,,,,,,,,,,,,,,,,,,,,,,,,
63226,-145,1053,-30,-51,1000,609,-3839,540,-65,88,0,-14,0,496,8159,1065,-44,0,16041,1593,1567,1684,1690,-69,-192,-73,-205,0,-105,234,133,,,,,,,,,,,,,,,,,,,,,,,,,,,,,,,
63276,-338,1277,-64,-161,958,-916,-2862,1028,-71,104,-2,-16,0,496,8159,1075,-43,0,16215,1625,1573,1721,1728,-34,-151,-37,-162,-33,-92,244,138,,,,,,,,,,,,,,,,,,,,,,,,,,,,,,,
63326,-489,1160,0,-138,901,853,-1153,-2145,-51,96,0,-16,-1,497,8192,1062,94,0,14316,1357,1203,1513,1487,-54,65,-57,69,-29,-19,214,130,,,,,,,,,,,,,,,,,,,,,,,,,,,,,,,
63376,-670,915,57,-66,814,2562,-4693,2798,-20,87,0,-14,0,496,8159,1076,-79,0,21128,1719,1690,1801,1799,-13,-181,-14,-195,77,-116,224,133,,,,,,,,,,,,,,,,,,,,,,,,,,,,,,,
63426,-817,563,47,-173,871,-5493,-8599,-3121,-29,55,-2,-16,0,497,8192,1063,-26,0,12774,1533,1470,1659,1680,-124,-12,-132,-13,0,16,244,134,,,,,,,,,,,,,,,,,,,,,,,,,,,,,,,
63476,-1685,-77,42,-262,780,609,-7318,-558,33,5,-2,-16,0,497,8192,1060,8,0,8755,1583,1549,1682,1697,-260,38,-276,40,-233,0,214,127,,,,,,,,,,,,,,,,,,,,,,,,,,,,,,,
63526,-1120,-663,53,190,1081,6408,-3656,-1901,36,-55,-2,-16,0,497,8192,1070,-10,0,15765,1619,1535,1696,1678,-5,22,-5,23,-97,-117,224,133,,,,,,,,,,,,,,,,,,,,,,,,,,,,,,,
63576,-971,-353,-178,-24,963,6530,4522,-3060,2,-52,0,-16,0,498,8225,1086,90,0,11111,1465,1381,1606,1572,-172,195,-187,212,-221,102,234,135,,,,,,,,,,,,,,,,,,,,,,,,,,,,,,,
63626,-523,-579,23,20,937,3234,-1031,845,-33,-48,0,-16,0,497,8192,1092,24,0,13717,1607,1557,1683,1695,-250,-18,-273,-19,-320,-29,244,133,,,,,,,,,,,,,,,,,,,,,,,,,,,,,,,
63676,-494,-732,5,179,1071,-1709,-115,-1046,-27,-68,-2,-17,0,497,8192,1096,41,0,11936,1486,1458,1641,1663,-212,115,-232,126,-297,153,244,137,,,,,,,,,,,,,,,,,,,,,,,,,,,,,,,
63726,-845,-667,75,31,1184,-2136,3363,-558,-13,-124,-12,-18,-13,497,8192,1110,13,0,16260,1592,1520,1683,1682,-244,117,-271,130,-392,108,244,140,,,,,,,,,,,,,,,,,,,,,,,,,,,,,,,
63776,-1252,-765,49,-98,866,304,7025,-2511,-1,-260,2,-20,-39,496,8159,1097,56,0,11475,1462,1393,1591,1605,-224,10,-245,11,-458,-7,255,134,,,,,,,,,,,,,,,,,,,,,,,,,,,,,,,
63826,-1260,-512,119,-145,768,731,16607,1089,-102,-354,-2,-39,-63,497,8192,1104,-23,0,15827,1590,1533,1713,1701,-304,117,-335,129,-644,148,234,143,,,,,,,,,,,,,,,,,,,,,,,,,,,,,,,
63876,-1084,313,-67,80,1188,-5371,25457,-1535,-132,-303,-2,-46,-62,496,8159,1092,-37,0,14821,1524,1471,1677,1670,-443,192,-484,210,-785,278,244,144,,,,,,,,,,,,,,,,,,,,,,,,,,,,,,,
63926,-1606,1125,97,51,1093,-5798,18927,-2877,-119,-153,0,-53,-50,496,8159,1090,-32,0,14592,1551,1486,1679,1658,-367,144,-400,157,-587,265,234,143,,,,,,,,,,,,,,,,,,,,,,,,,,,,,,,
63976,-2125,1487,69,-61,771,-6592,8856,-2572,-87,-89,0,-53,-45,497,8192,1097,-41,0,16507,1576,1516,1700,1705,-363,324,-398,355,-364,407,244,140,,,,,,,,,,,,,,,,,,,,,,,,,,,,,,,
64026,-1661,1886,44,251,1164,-5188,372,-2023,-87,-23,0,-50,-39,497,8192,1077,-100,0,17319,1640,1581,1756,1732,-277,242,-298,261,-267,301,255,141,,,,,,,,,,,,,,,,,,,,,,,,,,,,,,,
64076,-2265,1727,-22,-181,893,-4212,1409,-2816,-54,21,2,-46,-25,497,8192,1071,-92,0,17229,1605,1544,1751,1742,-311,270,-333,290,-240,388,244,141,,,,,,,,,,,,,,,,,,,,,,,,,,,,,,,
64126,-1617,1785,-143,185,1326,-366,738,-3366,-44,74,2,-40,-14,497,8192,1066,-45,0,13322,1553,1480,1697,1689,-238,249,-254,265,-154,274,244,140,,,,,,,,,,,,,,,,,,,,,,,,,,,,,,,
64176,-1812,1364,134,-84,876,-366,-5975,-2267,-51,97,-2,-40,-8,497,8192,1062,-61,0,14013,1592,1553,1716,1725,-279,137,-296,145,-75,176,255,139,,,,,,,,,,,,,,,,,,,,,,,,,,,,,,,
64226,-1902,1157,69,162,1288,-3662,-9332,-2877,9,102,-2,-34,-2,498,8225,1077,21,0,13352,1506,1450,1664,1652,-156,212,-168,229,0,251,244,136,,,,,,,,,,,,,,,,,,,,,,,,,,,,,,,
64276,-1570,695,-26,-64,853,1830,-8966,-2023,-34,59,2,-33,0,497,8192,1065,-5,0,15410,1578,1521,1674,1707,-164,205,-175,218,129,224,234,135,,,,,,,,,,,,,,,,,,,,,,,,,,,,,,,
64326,-1287,-20,119,139,918,-2686,-11041,-1779,-31,9,-8,-32,-1,496,8159,1073,4,0,13592,1557,1501,1689,1699,-84,248,-90,266,42,312,255,134,,,,,,,,,,,,,,,,,,,,,,,,,,,,,,,
64376,-1606,-99,-84,-63,937,-6958,-3411,-1046,-27,-23,0,-32,-1,494,8094,1066,20,0,14485,1553,1516,1702,1699,-66,212,-70,226,-64,301,255,136,,,,,,,,,,,,,,,,,,,,,,,,,,,,,,,
64426,-1721,-314,8,-87,931,-2930,1837,-741,-7,-31,0,-30,0,496,8159,1091,33,0,14691,1550,1464,1670,1676,-146,320,-160,349,-135,313,234,134,,,,,,,,,,,,,,,,,,,,,,,,,,,,,,,
64476,-1655,-236,65,197,1102,-733,4339,-1473,22,-23,0,-28,-1,496,8159,1078,-7,0,15366,1582,1528,1699,1701,-150,312,-161,336,-177,286,255,137,,,,,,,,,,,,,,,,,,,,,,,,,,,,,,,
64526,-1670,-152,58,146,1160,-1038,3057,-1168,7,-13,-2,-30,0,497,8192,1094,13,0,14042,1570,1486,1700,1673,-55,243,-60,266,-117,243,255,135,,,,,,,,,,,,,,,,,,,,,,,,,,,,,,,
64576,-1392,306,-7,21,828,-2869,1776,112,-90,29,0,-43,0,496,8159,1070,-22,0,15845,1606,1548,1717,1730,-99,262,-106,281,-42,322,234,131,,,,,,,,,,,,,,,,,,,,,,,,,,,,,,,
64626,-1470,562,103,135,1198,-9705,-4754,-70,-109,60,-2,-49,0,497,8192,1090,76,0,10991,1495,1450,1650,1644,-80,219,-87,239,-47,362,255,135,,,,,,,,,,,,,,,,,,,,,,,,,,,,,,,
64676,-1670,511,-86,-29,786,-13977,-3778,-619,-112,32,0,-50,0,496,8159,1090,16,0,15802,1582,1544,1695,1664,21,316,23,344,27,495,255,132,,,,,,,,,,,,,,,,,,,,,,,,,,,,,,,
64726,-1913,871,8,-106,1049,-14282,-2923,418,-111,76,-2,-53,0,498,8225,1103,12,0,13466,1531,1486,1654,1651,24,399,27,440,76,549,255,132,,,,,,,,,,,,,,,,,,,,,,,,,,,,,,,
64776,-1951,906,33,95,821,-8301,-2130,784,-86,85,0,-53,0,497,8192,1100,21,0,12575,1557,1499,1657,1682,-18,419,-20,461,126,485,244,130,,,,,,,,,,,,,,,,,,,,,,,,,,,,,,,
64826,-2296,681,73,86,1109,-8789,-9027,1150,-28,71,-2,-47,0,497,8192,1091,-17,0,14156,1569,1520,1688,1673,76,276,83,301,125,277,255,132,,,,,,,,,,,,,,,,,,,,,,,,,,,,,,,
64876,-2208,981,-109,24,934,-3906,-6524,173,-4,81,-2,-40,0,496,8159,1099,-35,0,16630,1593,1528,1692,1685,21,147,23,161,67,59,244,129,,,,,,,,,,,,,,,,,,,,,,,,,,,,,,,
64926,-1926,1003,21,-73,913,2257,-8538,662,35,92,0,-25,0,497,8192,1096,-8,0,14462,1582,1496,1671,1697,-60,347,-66,380,58,154,244,129,,,,,,,,,,,,,,,,,,,,,,,,,,,,,,,
64976,-1655,721,-79,-34,1225,4882,-11285,1089,14,72,0,-21,0,496,8159,1069,-34,0,14779,1523,1457,1625,1640,-21,110,-23,117,72,0,244,131,,,,,,,,,,,,,,,,,,,,,,,,,,,,,,,
65026,-1190,136,-76,-127,795,6347,-5181,1150,-12,1,0,-20,0,497,8192,1085,-15,0,15391,1582,1529,1683,1711,1,73,1,80,92,-8,255,125,,,,,,,,,,,,,,,,,,,,,,,,,,,,,,,
65076,-1176,-305,-60,-27,1213,5187,-1824,-1168,6,-31,-2,-19,0,497,8192,1081,-4,0,14461,1587,1510,1703,1695,-52,42,-56,45,-154,-67,234,134,,,,,,,,,,,,,,,,,,,,,,,,,,,,,,,
65126,-1098,-354,61,-196,798,5248,2996,-436,-22,-21,-2,-19,0,496,8159,1094,59,0,13135,1492,1380,1613,1624,-66,147,-72,160,-125,0,234,133,,,,,,,,,,,,,,,,,,,,,,,,,,,,,,,
65176,-831,-316,24,27,1030,2196,1287,479,-16,-26,0,-18,0,496,8159,1071,-39,0,14606,1589,1533,1682,1685,-86,10,-93,11,-221,-38,255,130,,,,,,,,,,,,,,,,,,,,,,,,,,,,,,,
65226,-546,476,-75,-92,1051,-1099,5133,418,-55,29,-2,-18,0,496,8159,1075,-61,0,16350,1676,1613,1788,1774,-81,173,-87,186,-153,210,255,134,,,,,,,,,,,,,,,,,,,,,,,,,,,,,,,
65276,-771,557,135,-156,863,-3906,-543,-1779,-42,62,0,-18,0,498,8225,1075,-42,0,17251,1628,1541,1728,1736,-115,54,-123,58,-90,16,244,133,,,,,,,,,,,,,,,,,,,,,,,,,,,,,,,
65326,-1296,395,-26,-11,768,1403,-4022,-619,20,33,0,-18,0,496,8159,1063,6,0,12150,1569,1489,1667,1677,-109,12,-116,13,-58,-58,244,130,,,,,,,,,,,,,,,,,,,,,,,,,,,,,,,
65376,-443,459,-38,350,872,4882,-5120,662,-13,35,-2,-18,0,497,8192,1088,33,0,14214,1554,1487,1653,1646,-45,77,-49,83,-50,0,255,127,,,,,,,,,,,,,,,,,,,,,,,,,,,,,,,
65426,-934,547,-73,-129,668,-1648,1837,357,-27,33,-2,-18,0,497,8192,1076,20,0,14717,1595,1554,1732,1708,-124,-64,-133,-69,-160,26,255,134,,,,,,,,,,,,,,,,,,,,,,,,,,,,,,,
65476,-693,639,6,251,1111,-2869,-2740,-924,-10,58,0,-18,0,498,8225,1078,-34,0,19198,1627,1552,1725,1724,-216,-97,-233,-105,-156,-68,224,136,,,,,,,,,,,,,,,,,,,,,,,,,,,,,,,
65526,-1297,1082,-73,-293,961,1159,-2130,-253,-8,89,2,-18,0,497,8192,1075,8,0,13936,1609,1529,1731,1727,-68,77,-73,82,-8,67,244,128,,,,,,,,,,,,,,,,,,,,,,,,,,,,,,,
65576,-922,683,65,-137,1062,5492,-5731,-558,-22,69,-2,-18,0,496,8159,1064,5,0,14022,1562,1453,1654,1655,-248,27,-264,29,-196,-65,244,133,,,,,,,,,,,,,,,,,,,,,,,,,,,,,,,
65626,-1087,514,-27,-210,770,-488,-4022,-70,-12,42,-2,-18,0,497,8192,1067,6,0,15434,1607,1578,1725,1720,-137,-135,-146,-144,-145,-67,244,137,,,,,,,,,,,,,,,,,,,,,,,,,,,,,,,
65676,-1248,186,136,-106,777,-5371,-909,-1229,0,34,0,-18,0,496,8159,1073,11,0,15497,1542,1478,1683,1665,-281,21,-301,23,-286,25,255,132,,,,,,,,,,,,,,,,,,,,,,,,,,,,,,,
65726,-1593,324,-204,-3,987,121,738,296,47,4,0,-18,0,497,8192,1085,44,0,13463,1507,1419,1639,1623,-147,-76,-160,-82,-228,-118,255,130,,,,,,,,,,,,,,,,,,,,,,,,,,,,,,,
65776,-1734,-212,77,-175,542,914,-1031,1333,28,-4,-2,-18,0,497,8192,1085,31,0,16527,1574,1522,1693,1704,-222,24,-241,26,-272,-29,244,133,,,,,,,,,,,,,,,,,,,,,,,,,,,,,,,
65826,-1251,-230,-19,186,957,1647,250,-192,37,-22,-4,-18,0,497,8192,1079,16,0,14450,1521,1442,1665,1689,-277,-72,-299,-78,-319,-92,255,135,,,,,,,,,,,,,,,,,,,,,,,,,,,,,,,
65876,-1351,-370,0,88,1024,1830,1959,-253,7,-100,0,-24,-13,497,8192,1096,24,0,14346,1547,1473,1668,1687,-255,-83,-279,-9214,135,,,,,,,,,,,,,,,,,,,,,,,,,,,,,,,,,,
65926,-1577,-467,-29,-77,866,-610,8734,-619,-22,-202,-2,-30,-30,497,8192,1098,41,0,12371,1544,1457,1672,1646,-279,-24,-306,-27,-511,-9,244,139,,,,,,,,,,,,,,,,,,,,,,,,,,,,,,,
65976,-1124,-81,-35,94,551,-2380,12335,-680,1,-176,4,-23,-31,498,8225,1103,-6,0,17213,1567,1499,1684,1678,-384,-91,-424,-100,-559,-50,234,138,,,,,,,,,,,,,,,,,,,,,,,,,,,,,,,
66026,-716,844,-197,182,1128,365,10565,-1412,-10,-132,0,-18,-37,497,8192,1090,-33,0,15728,1570,1492,1715,1705,-363,-225,-396,-245,-502,-233,255,144,,,,,,,,,,,,,,,,,,,,,,,,,,,,,,,
66076,-1044,1273,-35,-36,1111,4332,7757,-192,-2,-81,0,-18,-37,497,8192,1089,-9,0,14168,1539,1442,1675,1681,-352,-106,-383,-115,-432,-147,255,141,,,,,,,,,,,,,,,,,,,,,,,,,,,,,,,
66126,-236,1683,-24,248,1118,6713,4583,-985,-33,-7,0,-16,-30,496,8159,1103,-15,0,16007,1599,1514,1713,1713,-421,-150,-464,-166,-423,-253,255,141,,,,,,,,,,,,,,,,,,,,,,,,,,,,,,,
66176,-603,1634,-25,-75,1139,3722,1470,-2511,-35,-10,0,-16,-30,497,8192,1107,30,0,12399,1511,1446,1653,1671,-341,-211,-377,-233,-283,-173,255,142,,,,,,,,,,,,,,,,,,,,,,,,,,,,,,,
66226,-237,1098,183,142,835,-3113,-5181,-86497,8192,1081,-69,0,17633,1636,1560,1746,1765,-373,-93,-403,-101,-317,-85,255,141,,,,,,,,,,,,,,,,,,,,,,,,,,,,,,,,,,,,,
66276,-626,832,135,166,1048,-2503,-482,-2267,-13,-66,-2,-16,-30,497,8192,1087,-77,0,17326,1597,1516,1757,1744,-349,-179,-380,-195,-331,-178,234,144,,,,,,,,,,,,,,,,,,,,,,,,,,,,,,,
66326,-452,886,55,-119,1111,1464,2142,-3793,-53,-70,0,-16,-30,497,8192,1098,10,0,11894,1472,1383,1630,1664,-386,-75,-424,-82,-325,-99,255,138,,,,,,,,,,,,,,,,,,,,,,,,,,,,,,,
66376,-779,481,87,87,1146,3051,2264,-2267,-8,-72,0,-17,-24,497,8192,1073,-29,0,15291,1587,1523,1728,1724,-338,-259,-363,-278,-350,-239,255,139,,,,,,,,,,,,,,,,,,,,,,,,,,,,,,,
66426,-927,629,56,-214,752,-1831,2325,-3305,-26,-59,0,-16,-24,497,8192,1104,-8,0,15537,1557,1518,1712,1735,-373,-194,-412,-214,-347,-118,244,141,,,,,,,,,,,,,,,,,,,,,,,,,,,,,,,
66476,-1145,861,64,-24,854,-5859,-2740,-3488,12,-29,0,-16,-23,496,8159,1097,24,0,13811,1560,1482,1694,1718,-305,-102,-335,-112,-237,-109,244,141,,,,,,,,,,,,,,,,,,,,,,,,,,,,,,,
66526,-987,1053,-103,-6,903,1586,-1153,-2816,11,-70,0,-15,-30,496,8159,1098,41,0,13902,1578,1514,1717,1711,-277,-178,-304,-195,-291,-145,255,141,,,,,,,,,,,,,,,,,,,,,,,,,,,,,,,
66576,-773,872,-78,-133,1115,1830,4888,-3182,19,-172,0,-7,-48,496,8159,1094,13,0,17078,1486,1416,1651,1671,-244,-302,-267,-331,-288,-269,255,141,,,,,,,,,,,,,,,,,,,,,,,,,,,,,,,
66626,-845,466,53,42,991,487,10198,-1046,69,-205,0,-2,-49,497,8192,1090,-22,0,14352,1547,1463,1711,1732,-232,-80,-253,-87,-315,-108,234,136,,,,,,,,,,,,,,,,,,,,,,,,,,,,,,,
66676,-848,902,25,-141,865,2807,9466,-1168,18,-130,0,-8,-41,497,8192,1113,10,0,14866,1610,1496,1765,1760,-326,-162,-363,-181,-472,-185,255,139,,,,,,,,,,,,,,,,,,,,,,,,,,,,,,,
66726,-714,1588,-81,-119,1087,-1526,2691,-2938,-28,-13,0,-16,-29,496,8159,1080,29,0,12651,1413,1342,1606,1631,-372,-136,-402,-146,-376,-96,255,143,,,,,,,,,,,,,,,,,,,,,,,,,,,,,,,
66776,-1226,1354,-197,-184,1037,-2625,3179,-2694,9,-11,-4,-16,-22,496,8159,1091,-22,0,13985,1604,1594,1741,1765,-241,-129,-263,-140,-215,-98,255,145,,,,,,,,,,,,,,,,,,,,,,,,,,,,,,,
66826,-1728,717,52,-198,943,1159,3607,-4403,56,-43,-4,-15,-22,497,8192,1105,36,0,11950,1504,1382,1676,1679,-253,11,-280,12,-250,-68,244,136,,,,,,,,,,,,,,,,,,,,,,,,,,,,,,,
66876,-1338,767,148,32,673,853,2630,296,47,-18,0,-15,-21,497,8192,1093,6,0,14210,1539,1462,1705,1696,-223,-78,-244,-85,-193,-96,255,132,,,,,,,,,,,,,,,,,,,,,,,,,,,,,,,
66926,-1050,1210,-32,146,952,-3967,-3106,-1290,30,60,2,-15,-9,495,8127,1108,-9,0,15779,1562,1519,1712,1748,-215,-292,-238,-324,-107,-233,255,141,,,,,,,,,,,,,,,,,,,,,,,,,,,,,,,
66976,-1084,1438,-99,60,1222,-916,-3411,-4403,24,79,0,-15,-8,497,8192,1095,-63,0,16798,1578,1524,1723,1720,-153,-168,-168,-184,-17,-216,244,140,,,,,,,,,,,,,,,,,,,,,,,,,,,,,,,
67026,-1484,526,142,-133,746,5980,-6036,-1596,46,51,-4,-13,-3,497,8192,1087,-65,0,16220,1639,1583,1779,1804,-124,-184,-135,-200,5767076,-1163,493,-8,-54,1084,3417,-7257,-2084,26,35,0,-14,-2,497,8192,1084,14,0,12342,1494,1384,1677,1686,-123,-119,-133,-129,-9,-218,244,137,,,
67126,-985,323,-78,-152,885,5187,-5853,-1840,34,8,0,-7,-2,496,8159,1106,17,0,15109,1550,1505,1697,1705,-23,-161,-25,-178,60,-155,255,133,,,,,,,,,,,,,,,,,,,,,,,,,,,,,,,
67176,-904,-93,-37,-33,1141,2745,-2435,-2389,71,-24,-2,-1,-2,497,8192,1093,5,0,15938,1565,1482,1717,1739,-59,-195,-65,-213,-8,-211,255,135,,,,,,,,,,,,,,,,,,,,,,,,,,,,,,,
67226,-765,-375,-42,139,1166,4210,-1458,-436,117,-78,-4,6,-8,497,8192,1095,14,0,12356,1478,1398,1669,1706,-97,-109,-106,-120,-72,-198,244,138,,,,,,,,,,,,,,,,,,,,,,,,,,,,,,,
67276,-591,-190,42,107,850,1281,-1336,357,125,-56,0,11,-9,497,8192,1107,9,0,15991,1601,1549,1752,1766,-68,-189,-75,-209,-87,-222,244,133,,,,,,,,,,,,,,,,,,,,,,,,,,,,,,,
67326,-404,191,-27,95,767,4699,311,-4159,110,-35,0,11,-9,497,8192,1094,-9,0,15934,1486,1386,1655,1660,-89,-253,-98,-277,-152,-339,244,134,,,,,,,,,,,,,,,,,,,,,,,,,,,,,,,
67376,-274,373,-119,-53,1255,10436,5316,-3305,87,-27,2,12,-9,496,8159,1086,-17,0,14122,1505,1422,1686,1685,-109,-207,-118,-225,-179,-301,224,141,,,,,,,,,,,,,,,,,,,,,,,,,,,,,,,
67426,-244,556,-1,-169,997,5980,5316,-1718,70,8,0,12,-7,501,8358,1107,53,0,11532,1529,1456,1708,1711,-67,-160,-75,-178,-95,-210,255,132,,,,,,,,,,,,,,,,,,,,,,,,,,,,,,,
67476,-220,604,-3,-20,895,3234,-360,-1779,74,46,0,11,-1,496,8159,1114,63,0,12573,1536,1444,1698,1693,-98,-173,-110,-192,-8,-116,255,132,,,,,,,,,,,,,,,,,,,,,,,,,,,,,,,
67526,-189,510,-54,67,964,-977,-2069,-9,51,30,2,5,-2,497,8192,1088,-96,0,18764,1675,1645,1798,1821,-49,-227,-53,-247,0,-116,255,128,,,,,,,,,,,,,,,,,,,,,,,,,,,,,,,
67576,-784,-96,14,35,1178,-2442,-6036,-3366,68,-15,-4,0,-2,497,8192,1081,-98,0,17105,1565,1510,1761,1770,-24,-49,-26,-53,19,0,255,130,,,,,,,,,,,,,,,,,,,,,,,,,,,,,,,
67626,-751,-10,64,99,1455,4760,3302,-2084,75,-4,0,0,-1,496,8159,1084,-4,0,12193,1470,1353,1677,1673,18,-169,19,-183,-42,-253,255,129,,,,,,,,,,,,,,,,,,,,,,,,,,,,,,,
67676,-575,101,-49,86,708,6774,433,234,56,-5,0,-2,-1,497,8192,1097,4,0,14786,1493,1424,1643,1675,-56,-86,-61,-94,18,-72,255,124,,,,,,,,,,,,,,,,,,,,,,,,,,,,,,,
67726,-204,630,-109,18,849,-488,-543,-1596,-59,32,0,-16,-2,496,8159,1084,-21,0,17986,1533,1453,1695,1702,78,-83,84,-90,68,-42,255,130,,,,,,,,,,,,,,,,,,,,,,,,,,,,,,,
67776,-309,399,54,-76,905,-6104,-1458,-9,-63,31,-2,-16,-2,497,8192,1085,-68,0,16247,1607,1543,1781,1789,56,-104,60,-113,-17,-42,255,132,,,,,,,,,,,,,,,,,,,,,,,,,,,,,,,
67826,-963,472,-72,-169,994,-1343,-115,-1779,-15,27,-6,-16,-1,497,8192,1077,9,0,11475,1500,1452,1694,1719,-23,-135,-25,-146,7,-47,255,134,,,,,,,,,,,,,,,,,,,,,,,,,,,,,,,
67876,-406,605,29,188,1157,365,1593,-1840,-30,55,0,-16,0,498,8225,1111,47,0,15354,1544,1471,1681,1685,-97,-49,-107,-54,-88,-48,255,131,,,,,,,,,,,,,,,,,,,,,,,,,,,,,,,
67926,-750,475,-17,151,1263,-2380,1165,-2084,-5,36,-2,-16,0,498,8225,1099,21,0,15909,1507,1483,1655,1688,58,-72,64,-79,25,-8,255,129,,,,,,,,,,,,,,,,,,,,,,,,,,,,,,,
67976,-1110,55,-75,-14,1028,-4334,1593,1882,8,-3,0,-17,0,497,8192,1117,34,0,14369,1521,1462,1677,1701,57,-52,63,-58,-9,9,255,125,,,,,,,,,,,,,,,,,,,,,,,,,,,,,,,
68026,-1232,1,-32,-83,877,-2686,3851,418,15,-8,0,-16,0,496,8159,1092,-12,0,15176,1555,1518,1718,1731,-19,-39,-21,-42,-48,29,255,128,,,,,,,,,,,,,,,,,,,,,,,,,,,,,,,
68076,-1199,356,-27,-136,976,1830,2935,-1473,9,24,-4,-16,0,496,8159,1093,-1,0,13416,1608,1520,1734,1731,20,20,22,21,-50,0,255,126,,,,,,,,,,,,,,,,,,,,,,,,,,,,,,,
68126,-454,936,-37,97,965,5553,3485,-1779,-34,70,-4,-17,-1,498,8225,1091,30,0,13870,1577,1457,1722,1688,70,61,76,67,-8,-53,255,127,,,,,,,,,,,,,,,,,,,,,,,,,,,,,,,
68176,-545,1083,-111,-71,1092,2196,1226,357,-40,82,0,-16,0,497,8192,1100,59,0,13266,1497,1424,1674,1668,75,43,83,47,68,34,255,126,,,,,,,,,,,,,,,,,,,,,,,,,,,,,,,
68226,-791,618,-14,-82,1055,-5188,-2435,2127,-27,47,0,-17,-1,497,8192,1111,45,0,13441,1497,1458,1657,1667,56,3,62,4,134,109,255,128,,,,,,,,,,,,,,,,,,,,,,,,,,,,,,,
68276,-1028,233,98,-161,696,-4883,-1275,1150,-17,32,0,-16,0,497,8192,1111,-8,0,15857,1637,1568,1766,1751,44,8,49,9,63,72,255,125,,,,,,,,,,,,,,,,,,,,,,,,,,,,,,,
68326,-824,479,145,-153,1061,-3784,-1214,112,-26,50,-2,-16,-1,497,8192,1116,-29,0,17873,1554,1465,1721,1707,51,75,57,83,68,68,255,130,,,,,,,,,,,,,,,,,,,,,,,,,,,,,,,
68376,-678,883,24,278,1107,3844,-2008,-863,3,81,0,-16,0,498,8225,1102,-23,0,15410,1529,1423,1682,1690,38,28,42,31,118,-59,244,126,,,,,,,,,,,,,,,,,,,,,,,,,,,,,,,
68426,-700,591,-111,20,1248,4088,-5487,967,-21,45,-2,-17,0,497,8192,1105,3,0,13422,1544,1485,1685,1711,75,4,82,4,188,8,255,123,,,,,,,,,,,,,,,,,,,,,,,,,,,,,,,
68476,-790,135,200,-87,801,1403,1165,357,-20,33,0,-16,0,497,8192,1106,-3,0,16136,1512,1437,1678,1693,122,-171,135,-189,163,-137,255,132,,,,,,,,,,,,,,,,,,,,,,,,,,,,,,,
68526,-956,77,55,-84,812,-4089,-1702,662,-10,11,0,-16,0,498,8225,1096,-29,0,15930,1566,1510,1732,1736,152,154,167,169,154,202,244,130,,,,,,,,,,,,,,,,,,,,,,,,,,,,,,,
68576,-1039,429,-77,-89,1027,-1038,-1580,-1412,-11,27,-2,-18,0,497,8192,1111,-1,0,13510,1582,1491,1728,1706,158,36,175,40,155,9,255,132,,,,,,,,,,,,,,,,,,,,,,,,,,,,,,,
68626,-726,716,-137,-79,805,2379,-2313,-70,-38,47,2,-18,0,496,8159,1103,-1,0,14916,1522,1456,1657,1682,175,122,193,135,257,128,255,131,,,,,,,,,,,,,,,,,,,,,,,,,,,,,,,
68676,-651,504,-81,174,1198,-1587,-4937,1394,-15,33,-2,-17,-1,498,8225,1100,-3,0,15489,1556,1476,1697,1697,119,111,131,123,183,144,255,135,,,,,,,,,,,,,,,,,,,,,,,,,,,,,,,
68726,-827,255,-63,149,1133,487,921,967,3,13,0,-16,0,495,8127,1109,9,0,13484,1573,1497,1726,1711,223,2,247,2,187,0,255,119,,,,,,,,,,,,,,,,,,,,,,,,,,,,,,,
68776,-942,-38,59,-35,804,5858,1348,1028,-8,0,2,-18,0,496,8159,1100,-26,0,15329,1608,1533,1734,1745,145,57,160,63,102,51,255,125,,,,,,,,,,,,,,,,,,,,,,,,,,,,,,,
68826,-793,165,225,0,857,-2991,1043,540,-17,33,0,-17,-1,497,8192,1074,-39,0,14506,1606,1519,1753,1725,187,138,201,149,87,116,244,129,,,,,,,,,,,,,,,,,,,,,,,,,,,,,,,
68876,-616,480,-119,-128,979,121,-299,418,-45,23,0,-17,-1,497,8192,1103,12,0,14821,1571,1513,1716,1704,166,45,183,50,173,124,244,129,,,,,,,,,,,,,,,,,,,,,,,,,,,,,,,
68926,-728,935,3,4,801,-6165,-3289,967,-21,78,0,-16,-1,498,8225,1094,-16,0,16615,1587,1496,1706,1703,160,159,175,174,186,169,255,129,,,,,,,,,,,,,,,,,,,,,,,,,,,,,,,
68976,-877,481,-13,-11,1252,-2869,-5609,1516,-14,40,-2,-18,0,497,8192,1089,18,0,15023,1500,1447,1652,1655,237,26,258,28,288,67,244,131,,,,,,,,,,,,,,,,,,,,,,,,,,,,,,,
69026,-1011,311,-230,-129,869,-1038,1898,1211,-16,-6,-4,-18,-1,498,8225,1096,-14,0,15614,1580,1520,1697,1707,130,61,142,67,172,81,244,134,,,,,,,,,,,,,,,,,,,,,,,,,,,,,,,
69076,-1083,280,99,156,1114,-366,-238,2066,16,30,0,-18,0,498,8225,1109,7,0,14756,1504,1434,1647,1679,172,146,191,163,165,135,244,129,,,,,,,,,,,,,,,,,,,,,,,,,,,,,,,
69126,-821,554,-143,7,814,-244,-2252,2676,-13,25,0,-17,-1,496,8159,1090,-38,0,17189,1621,1578,169176,-818,695,-23,1,587,-2808,-3533,601,-22,52,-2,-18,-1,497,8192,1103,0,0,13693,1557,1503,1693,1712,167,107,184,118,248,136,255,130,,,,,,,,,
69226,-1067,574,-24,212,1112,-2136,-6890,1699,26,44,0,-17,-1,497,8192,1105,0,0,15119,1593,1542,1704,1706,223,-60,246,-67,265,-34,255,133,,,,,,,,,,,,,,,,,,,,,,,,,,,,,,,
69276,-727,641,-20,-102,781,-366,-4205,2432,-35,52,0,-17,0,498,8225,1114,8,0,13562,1555,1515,1673,1673,84,49,93,55,177,118,255,127,,,,,,,,,,,,,,,,,,,,,,,,,,,,,,,
69326,-312,208,-66,195,939,-3113,-4388,2249,-43,9,0,-18,0,496,8159,1097,-51,0,16550,1626,1581,1739,1735,176,107,193,117,187,161,255,132,,,,,,,,,,,,,,,,,,,,,,,,,,,,,,,
69376,-524,552,-143,53,1187,-3296,-970,418,-40,30,-2,-18,-1,496,8159,1103,30,0,12229,1533,1497,1681,1680,94,124,103,136,125,212,255,132,,,,,,,,,,,,,,,,,,,,,,,,,,,,,,,
69426,-646,521,7,165,1176,-2747,-2130,2005,-16,44,-2,-17,0,498,8225,1088,-16,0,15339,1607,1515,1702,1695,119,242,130,263,92,176,255,132,,,,,,,,,,,,,,,,,,,,,,,,,,,,,,,
69476,-654,841,-54,122,1208,-4822,-1214,1211,-24,63,0,-18,-1,497,8192,1095,-4,0,16292,1551,1504,1668,1670,76,100,83,110,104,168,244,132,,,,,,,,,,,,,,,,,,,,,,,,,,,,,,,
69526,-1121,709,216,-141,861,-6409,-1153,479,-10,88,-2,-18,0,496,8159,1097,0,0,15177,1582,1552,1681,1710,-9,133,-10,146,85,195,255,131,,,,,,,,,,,,,,,,,,,,,,,,,,,,,,,
69576,-1168,614,115,186,1288,-1038,-4998,2188,34,59,0,-16,-1,497,8192,1092,13,0,14960,1547,1456,1657,1639,41,172,44,188,50,126,255,131,,,,,,,,,,,,,,,,,,,,,,,,,,,,,,,
69626,-1553,178,82,-56,765,-1831,-1702,3958,39,20,0,-18,-1,496,8159,1118,68,0,12557,1528,1497,1663,1662,66,129,74,144,47,150,255,129,,,,,,,,,,,,,,,,,,,,,,,,,,,,,,,
69676,-1535,-134,244,-28,944,-2564,-1641,3225,45,11,0,-17,0,497,8192,1117,33,0,14683,1621,1556,1707,1706,-10,124,-11,139,-19,89,255,132,,,,,,,,,,,,,,,,,,,,,,,,,,,,,,,
69726,-1418,-216,25,-13,1005,365,-1214,4080,30,-23,0,-18,-1,497,8192,1122,63,0,12721,1504,1446,1627,1618,15,177,17,199,-67,152,255,131,,,,,,,,,,,,,,,,,,,,,,,,,,,,,,,
69776,-1699,-123,-37,-114,918,-1831,4217,4202,70,-32,-2,-16,-2,497,8192,1133,51,0,12494,1552,1514,1660,1662,37,152,42,172,0,182,255,132,,,,,,,,,,,,,,,,,,,,,,,,,,,,,,,
69826,-1951,-100,93,-141,916,-794,311,3347,70,4,0,-17,0,497,8192,1123,-4,0,14950,1586,1533,1668,1675,-19,91,-22,102,-29,49,255,127,,,,,,,,,,,,,,,,,,,,,,,,,,,,,,,
69876,-1322,159,-41,107,1037,4027,-3472,2981,39,15,0,-18,0,497,8192,1131,3,0,12417,1585,1495,1660,1660,-35,62,-39,71,-8,-42,255,128,,,,,,,,,,,,,,,,,,,,,,,,,,,,,,,
69926,-877,830,-173,-27,857,4332,-1824,2615,-10,50,0,-17,0,497,8192,1132,33,0,13360,1546,1471,1625,1630,-7,39,-8,45,-9,0,255,125,,,,,,,,,,,,,,,,,,,,,,,,,,,,,,,
69976,-730,436,-5,-70,893,-2564,-5914,3958,-31,-21,-2,-17,-12,497,8192,1147,-15,0,17099,1610,1555,1671,1715,-15,59,-18,67,0,77,255,131,,,,,,,,,,,,,,,,,,,,,,,,,,,,,,,
70026,-571,629,-188,63,1191,1098,189,2554,-30,-99,-2,-17,-27,497,8192,1120,-33,0,14465,1597,1535,1677,1700,-44,42,-50,47,-85,34,244,132,,,,,,,,,,,,,,,,,,,,,,,,,,,,,,,
70076,-902,684,-33,-100,717,-244,494,2676,-24,-87,-4,-18,-28,497,8192,1122,-53,0,15592,1578,1510,1645,1678,-99,7,-111,8,-145,27,255,132,,,,,,,,,,,,,,,,,,,,,,,,,,,,,,,
70126,-601,1377,-135,-127,1063,914,4461,2615,-48,-98,-2,-18,-41,498,8225,1110,-15,0,13262,1554,1447,1638,1647,-146,-11,-162,-13,-223,-19,255,141,,,,,,,,,,,,,,,,,,,,,,,,,,,,,,,
70176,-880,1240,19,-144,704,-183,1531,2493,-71,-96,0,-25,-41,497,8192,1110,-83,0,19458,1659,1596,1722,1756,-214,-1,-238,-1,-245,50,255,135,,,,,,,,,,,,,,,,,,,,,,,,,,,,,,,
70226,-1052,1266,-3,-162,1127,-3296,2264,1089,-58,-97,0,-27,-41,496,8159,1113,15,0,12111,1533,1480,1617,1654,-223,2,-248,2,-270,63,255,135,,,,,,,,,,,,,,,,,,,,,,,,,,,,,,,
70276,-672,1240,118,220,1154,-1282,982,3103,-54,-155,-2,-26,-55,497,8192,1096,-24,0,15406,1544,1461,1598,1619,-225,-4,-247,-4,-349,-34,244,139,,,,,,,,,,,,,,,,,,,,,,,,,,,,,,,
70326,-1323,1147,14,-155,586,-4395,5621,3652,-43,-180,-2,-26,-56,497,8192,1107,-35,0,13819,1633,1607,1735,1745,-237,46,-263,51,-382,127,244,140,,,,,,,,,,,,,,,,,,,,,,,,,,,,,,,
70376,-1493,1436,98,134,1168,-3784,4949,1699,31,-144,0,-22,-55,497,8192,1114,3,0,15436,1591,1515,1663,1680,-256,-12,-286,-14,-323,-80,255,138,,,,,,,,,,,,,,,,,,,,,,,,,,,,,,,
70426,-1188,1730,-29,-181,892,1281,3485,1943,-18,-133,-2,-20,-56,497,8192,1107,-29,0,15307,1596,1560,1686,1699,-321,-35,-356,-39,-345,-60,255,142,,,,,,,,,,,,,,,,,,,,,,,,,,,,,,,
70476,-1300,1729,-15,293,1277,609,-1031,1089,34,-66,0,-20,-43,498,8225,1098,-35,0,13916,1596,1541,1670,1695,-298,-105,-327,-115,-319,-145,255,142,,,,,,,,,,,,,,,,,,,,,,,,,,,,,,,
70526,-1102,1309,85,-116,873,2929,1654,1455,-18,-87,0,-20,-42,497,8192,1111,16,0,13137,1545,1495,1638,1707,-315,-30,-350,-33,-242,-53,255,138,,,,,,,,,,,,,,,,,,,,,,,,,,,,,,,
70576,-1195,533,-53,134,1366,3783,-1153,906,20,-203,2,-19,-49,496,8159,1109,4,0,14525,1539,1490,1627,1678,-303,-4,-336,-4,-314,-76,255,135,,,,,,,,,,,,,,,,,,,,,,,,,,,,,,,
70626,-1287,315,23,-96,779,4332,8673,-680,9,-255,0,-18,-56,498,8225,1137,27,0,12804,1593,1507,1666,1705,-303,56,-345,64,-415,-58,255,133,,,,,,,,,,,,,,,,,,,,,,,,,,,,,,,
70676,-932,740,-10,163,1157,7201,10198,-9,6,-229,0,-18,-57,497,8192,1101,-26,0,14835,1642,1568,1711,1728,-311,-39,-343,-43,-538,-197,255,137,,,,,,,,,,,,,,,,,,,,,,,,,,,,,,,
70726,-534,1675,-35,-70,817,7323,12640,-497,-52,-209,-2,-18,-69,497,8192,1111,-42,0,16100,1625,1527,1714,1741,-371,-43,-412,-48,-536,-161,255,142,,,,,,,,,,,,,,,,,,,,,,,,,,,,,,,
70776,-579,1671,-123,63,1647,10558,11236,-3366,-34,-219,-4,-18,-71,496,8159,1122,27,0,12135,1555,1475,1656,1681,-436,-111,-489,-124,-558,-225,244,146,,,,,,,,,,,,,,,,,,,,,,,,,,,,,,,
70826,-528,1991,6,148,1064,7933,14166,-802,-26,-243,0,-18,-83,496,8159,1103,42,0,12666,1514,1389,1608,1644,-307,-43,-338,-47,-481,-151,255,139,,,,,,,,,,,,,,,,,,,,,,,,,,,,,,,
70876,5,2352,30,-18,1008,-549,18072,662,-93,-238,0,-18,-88,496,8159,1131,17,0,14967,1552,1506,1689,1684,-374,-52,-423,-59,-651,94,234,134,,,,,,,,,,,,,,,,,,,,,,,,,,,,,,,
70926,-351,2796,123,94,780,-9338,22283,-2023,-40,-194,-2,-16,-90,498,8225,1125,11,0,14377,1513,1464,1654,1668,-441,22,-496,25,-680,162,255,139,,,,,,,,,,,,,,,,,,,,,,,,,,,,,,,
70976,-1151,3331,26,169,1021,-5615,16363,112,40,-151,2,-15,-88,496,8159,1123,16,0,11971,1562,1468,1675,1681,-317,-78,-356,-88,-471,-24,244,139,,,,,,,,,,,,,,,,,,,,,,,,,,,,,,,
71026,-852,4100,15,-86,716,-1953,11907,-1596,-17,-21,-2,-16,-76,497,8192,1145,47,0,12841,1549,1482,1669,1648,-363,22,-416,25,-442,86,255,137,,,,,,,,,,,,,,,,,,,,,,,,,,,,,,,
71076,-1168,3916,-29,-94,580,-8301,2203,-1535,7,-6,-4,-15,-69,497,8192,1123,9,0,14640,1563,1511,1656,1696,-240,102,-270,115,-134,168,244,137,,,,,,,,,,,,,,,,,,,,,,,,,,,,,,,
71126,-1406,3471,-104,65,1349,-4334,-238,357,44,22,0,-16,-55,498,8225,1142,-6,0,15486,1593,1520,1725,1695,-143,-42,-163,-48,-112,8,255,135,,,,,,,,,,,,,,,,,,,,,,,,,,,,,,,
71176,-1500,2934,-114,10,1399,-1587,921,-497,53,81,0,-16,-34,497,8192,1127,-13,0,14983,1490,1465,1622,1639,-121,96,-136,109,29,125,255,135,,,,,,,,,,,,,,,,,,,,,,,,,,,,,,,
71226,-2080,2320,62,-162,907,670,-3717,1394,90,72,0,-15,-28,497,8192,1115,-50,0,15232,1602,1577,1722,1755,-103,-51,-115,-57,168,0,244,134,,,,,,,,,,,,,,,,,,,,,,,,,,,,,,,
,,,,,,,,,,,,,,,,,,,,,,,,,,,,,,,,,,,,,,,,,,,,,,,,,,,,,,,,,,,,,,
71326,-1672,1019,-28,-194,666,7384,-3289,-1718,49,-23,-2,-14,-22,497,8192,1108,-34,0,15680,1605,1564,1703,1722,102,-41,113,-45,241,-96,244,139,,,,,,,,,,,,,,,,,,,,,,,,,,,,,,,
71376,-1444,703,53,73,861,-305,-6158,-1718,60,-40,-2,-15,-22,496,8159,1105,-71,0,16942,1640,1584,1721,1751,164,-93,182,-102,279,-127,244,137,,,,,,,,,,,,,,,,,,,,,,,,,,,,,,,
71426,-1239,683,-41,147,1059,4149,-3228,234,56,-53,0,-13,-22,496,8159,1100,-5,0,13968,1555,1493,1670,1689,136,-176,149,-194,232,-216,255,137,,,,,,,,,,,,,,,,,,,,,,,,,,,,,,,
71476,-956,295,50,217,1279,7567,-2618,2005,35,-76,2,-13,-21,498,8225,1090,-20,0,13897,1555,1478,1648,1694,201,-53,219,-58,264,-213,214,135,,,,,,,,,,,,,,,,,,,,,,,,,,,,,,,
71526,-1067,288,14,-33,1208,6408,-421,418,21,-46,0,-14,-14,497,8192,1083,13,0,13972,1559,1479,1657,1679,180,-17,195,-18,222,-85,214,132,,,,,,,,,,,,,,,,,,,,,,,,,,,,,,,
71576,-530,257,67,266,1017,2562,-1336,234,1,-46,0,-14,-15,496,8159,1107,-24,0,16671,1651,1601,1717,1751,122,32,135,35,199,-28,244,130,,,,,,,,,,,,,,,,,,,,,,,,,,,,,,,
71626,-1070,372,-115,41,1094,4210,-3045,173,24,16,0,-15,-1,497,8192,1115,61,0,12811,1509,1430,1579,1634,311,-117,346,-131,443,-127,224,135,,,,,,,,,,,,,,,,,,,,,,,,,,,,,,,
,,,,,,,,,,,,,,,,,,,,,,,,,,,,,,,,,,,,,,,,,,,,,,,,,,,,,,,,,,,,,,
71776,-393,137,47,220,1071,1525,-5731,2615,-62,141,0,-23,24,497,8192,1100,-28,0,17201,1632,1550,1681,1706,388,-39,427,-43,567,-50,244,134,,,,,,,,,,,,,,,,,,,,,,,,,,,,,,,
71826,-885,130,-185,-27,1290,1220,-14764,4019,-44,233,2,-24,46,497,8192,1119,14,0,14521,1601,1532,1649,1703,413,-16,462,-18,687,33,244,135,,,,,,,,,,,,,,,,,,,,,,,,,,,,,,,
71876,-432,-345,16,78,1511,3234,-13970,2249,-70,206,0,-23,46,497,8192,1103,28,0,13446,1519,1400,1540,1597,370,-55,408,-61,617,-89,255,134,,,,,,,,,,,,,,,,,,,,,,,,,,,,,,,
71926,-557,-130,-104,31,503,914,-12994,3591,-41,98,4,-19,25,497,8192,1110,-51,0,17505,1680,1622,1712,1764,582,16,646,18,753,87,244,131,,,,,,,,,,,,,,,,,,,,,,,,,,,,,,,
71976,-808,-173,-108,-252,1175,-5859,-5731,2188,-46,36,-2,-18,11,497,8192,1124,24,0,13482,1577,1491,1632,1666,524,29,589,32,520,100,255,136,,,,,,,,,,,,,,,,,,,,,,,,,,,,,,,
72026,-491,-322,47,206,1017,1464,-2252,3469,-36,-1,-2,-20,4,497,8192,1102,95,0,11913,1426,1256,1444,1471,446,22,492,24,376,0,255,129,,,,,,,,,,,,,,,,,,,,,,,,,,,,,,,
72076,-848,-134,157,-113,865,-9522,-2496,6338,-105,24,0,-32,3,496,8159,1092,-116,0,20255,1738,1748,1787,1813,468,5,512,5,418,326,255,133,,,,,,,,,,,,,,,,,,,,,,,,,,,,,,,
72126,-936,384,3,34,1374,-24963,3912,3958,-88,46,0,-32,2,497,8192,1109,33,0,10861,1479,1468,1583,1601,501,161,556,178,426,631,224,130,,,,,,,,,,,,,,,,,,,,,,,,,,,,,,,
72176,-1815,702,-47,-105,1073,-14893,-1580,4934,-46,65,-2,-38,1,497,8192,1099,-1,0,15838,1606,1541,1616,1662,439,142,483,156,466,233,255,137,,,,,,,,,,,,,,,,,,,,,,,,,,,,,,,
72226,-2483,687,-21,-130,725,-6836,-3228,3225,15,63,0,-37,0,497,8192,1090,-30,0,14370,1618,1547,1629,1661,500,209,545,228,515,184,255,134,,,,,,,,,,,,,,,,,,,,,,,,,,,,,,,
72276,-2473,753,48,-200,991,-2014,128,4324,13,85,0,-37,2,496,8159,1104,28,0,12482,1591,1533,1618,1643,456,64,503,71,417,38,255,127,,,,,,,,,,,,,,,,,,,,,,,,,,,,,,,
72326,-1572,827,-26,209,1136,1525,1287,3713,-11,70,-2,-34,0,497,8192,1083,-80,0,17380,1696,1623,1719,1730,415,60,449,65,357,-35,255,132,,,,,,,,,,,,,,,,,,,,,,,,,,,,,,,
72376,-1606,947,68,3,971,-1404,-1519,2188,-28,92,0,-34,0,459,6987,1084,-42,0,14744,1641,1592,1675,1701,435,136,472,148,441,93,255,130,,,,,,,,,,,,,,,,,,,,,,,,,,,,,,,
72426,-1488,836,12,-237,731,60,-360,2127,-74,76,0,-34,0,459,6987,1083,4,0,13774,1640,1546,1671,1696,470,54,509,58,470,-51,255,126,,,,,,,,,,,,,,,,,,,,,,,,,,,,,,,
72476,-1538,207,114,-148,614,-3967,-2984,3591,-53,38,-2,-32,0,458,6957,1103,-36,0,17408,1641,1631,1684,1728,445,-44,491,-48,434,0,255,134,,,,,,,,,,,,,,,,,,,,,,,,,,,,,,,
72526,-1790,32,17,46,1255,-3052,1531,662,29,3,-2,-26,0,461,7048,1093,6,0,15115,1530,1480,1588,1603,413,-3,452,-3,356,25,255,124,,,,,,,,,,,,,,,,,,,,,,,,,,,,,,,
72576,-1810,650,5,112,1208,-2136,3729,2615,68,60,2,-20,0,460,7018,1079,4,0,15062,1563,1482,1619,1651,380,46,410,50,338,-77,244,127,,,,,,,,,,,,,,,,,,,,,,,,,,,,,,,
72626,-1414,929,-100,-156,651,-427,-1824,1821,-3,71,-2,-20,0,458,6957,1087,-7,0,15893,1591,1542,1658,1712,339,-46,368,-50,414,-54,244,134,,,,,,,,,,,,,,,,,,,,,,,,,,,,,,,
72676,-1917,161,152,-250,762,-3784,-3106,-1412,31,39,0,-20,0,427,6047,1090,-34,0,15146,1653,1631,1709,1735,549,-40,598,-44,535,-25,255,135,,,,,,,,,,,,,,,,,,,,,,,,,,,,,,,
72726,-1742,705,161,147,1266,121,-3472,-497,65,80,-4,-20,0,426,6019,1077,25,0,12401,1545,1478,1631,1636,506,-125,545,-135,473,-183,255,135,,,,,,,,,,,,,,,,,,,,,,,,,,,,,,,
72776,-1286,1046,-19,-80,591,121,-543,-253,0,90,0,-20,0,426,6019,1081,9,0,15208,1512,1490,1615,1633,400,-114,432,-123,467,-45,255,130,,,,,,,,,,,,,,,,,,,,,,,,,,,,,,,
72826,-1551,1411,29,142,1253,-9644,-5242,-9,47,130,0,-19,0,427,6047,1093,16,0,15230,1589,1564,1690,1698,548,-185,599,-202,559,-93,244,134,,,,,,,,,,,,,,,,,,,,,,,,,,,,,,,
72876,-1469,1408,-21,-38,793,-5066,-7562,-741,29,129,0,-18,0,426,6019,1102,9,0,14593,1592,1544,1664,1714,499,-185,550,-204,620,-201,255,136,,,,,,,,,,,,,,,,,,,,,,,,,,,,,,,
72926,-1500,1072,51,150,1143,-855,-10797,-436,52,104,0,-18,0,427,6047,1092,4,0,14215,1606,1565,1699,1716,334,-54,365,-59,389,-72,255,133,,,,,,,,,,,,,,,,,,,,,,,,,,,,,,,
72976,-1235,975,-57,-132,668,792,-5975,-2084,-3,80,-2,-18,0,427,6047,1093,-11,0,15512,1581,1556,1674,1679,486,-322,531,-352,540,-270,255,137,,,,,,,,,,,,,,,,,,,,,,,,,,,,,,,
73026,-1249,883,-11,68,918,-3174,-4815,-1962,110,79,0,-1,0,427,6047,1105,25,0,12436,1588,1547,1685,1689,464,-167,513,-184,431,-220,255,135,,,,,,,,,,,,,,,,,,,,,,,,,,,,,,,
73076,-1141,838,2,-153,1024,4577,-5487,-619,109,80,0,4,0,427,6047,1107,55,0,13272,1544,1487,1629,1644,305,-338,338,-374,316,-446,255,133,,,,,,,,,,,,,,,,,,,,,,,,,,,,,,,
73126,-838,528,-107,63,818,6713,-2069,112,148,-91,0,12,-25,426,6019,1109,43,0,13660,1497,1450,1584,1640,387,-376,430,-417,376,-462,244,135,,,,,,,,,,,,,,,,,,,,,,,,,,,,,,,
73176,-687,64,-12,65,1059,1464,3973,1028,242,-245,8,34,-49,426,6019,1096,-46,0,18719,1593,1578,1700,1724,339,-301,371,-330,59,-423,234,135,,,,,,,,,,,,,,,,,,,,,,,,,,,,,,,
73226,-699,390,-122,170,1277,11657,18621,-1290,471,-293,0,78,-62,427,6047,1122,31,0,12590,1482,1491,1631,1669,241,-436,270,-489,-146,-625,204,142,,,,,,,,,,,,,,,,,,,,,,,,,,,,,,,
73276,-323,1469,15,-137,812,25878,23748,-1046,445,-334,2,84,-91,427,6047,1101,-39,0,16956,1603,1567,1677,1716,128,-395,141,-434,-207,-869,183,142,,,,,,,,,,,,,,,,,,,,,,,,,,,,,,,
73326,393,2253,158,-24,1073,29357,23809,-1840,502,-321,-2,105,-105,428,6075,1096,10,0,13056,1559,1479,1668,1674,139,-516,152,-565,-238,-987,193,144,,,,,,,,,,,,,,,,,,,,,,,,,,,,,,,
73376,1951,2993,-151,338,1178,30394,24176,-2206,398,-287,0,106,-106,427,6047,1101,-4,0,15121,1572,1506,1676,1667,123,-542,135,-596,-198,-871,193,145,,,,,,,,,,,,,,,,,,,,,,,,,,,,,,,
73426,2592,4004,86,-65,879,23497,17828,-1718,243,-140,0,94,-99,427,6047,1113,5,0,13789,1622,1501,1707,1683,144,-541,160,-602,-52,-811,163,138,,,,,,,,,,,,,,,,,,,,,,,,,,,,,,,
73476,3620,4690,102,195,1317,16906,12030,-1901,17,36,0,63,-76,428,6075,1095,0,0,14310,1511,1467,1640,1630,149,-591,163,-647,109,-565,244,137,,,,,,,,,,,,,,,,,,,,,,,,,,,,,,,
73526,2756,4545,47,-112,697,-1282,189,-131,23,100,-2,57,-62,427,6047,1090,17,0,14091,1551,1517,1663,1687,227,-433,247,-472,392,-241,255,136,,,,,,,,,,,,,,,,,,,,,,,,,,,,,,,
73576,2393,4005,109,-69,1093,-1221,-6158,-2572,-80,188,0,27,-36,428,6075,1089,-5,0,14896,1626,1516,1706,1704,280,-415,305,-452,574,-236,255,140,,,,,,,,,,,,,,,,,,,,,,,,,,,,,,,
73626,1804,3257,-41,-198,786,-11170,-14215,-1535,-264,255,0,-14,-6,427,6047,1072,-47,0,15382,1565,1548,1684,1704,383,-403,411,-432,716,-42,214,143,,,,,,,,,,,,,,,,,,,,,,,,,,,,,,,
73676,730,2063,77,-93,767,-21607,-21844,-1473,-160,196,0,-14,-1,425,5991,1083,-97,0,20572,1670,1670,1769,1823,437,-221,473,-240,835,170,244,140,,,,,,,,,,,,,,,,,,,,,,,,,,,,,,,
73726,-633,927,-103,-247,1279,-10437,-19097,-2999,-40,82,-2,-14,0,428,6075,1070,-22,0,14094,1549,1479,1667,1705,468,-266,501,-284,783,-66,244,142,,,,,,,,,,,,,,,,,,,,,,,,,,,,,,,
73776,-316,15,69,92,982,182,-18365,-192,-35,16,0,-14,0,427,6047,1064,-38,0,16276,1642,1570,1716,1756,569,-195,605,-208,806,-159,255,132,,,,,,,,,,,,,,,,,,,,,,,,,,,,,,,
73826,-632,-615,58,-54,946,-5249,-12689,-1046,-32,-46,4,-16,0,427,6047,1076,54,0,10837,1511,1490,1649,1690,476,-93,512,-100,600,17,234,135,,,,,,,,,,,,,,,,,,,,,,,,,,,,,,,
73876,-92,-755,40,249,902,-4700,-7684,-619,-43,-62,0,-15,0,427,6047,1061,32,0,13856,1572,1515,1672,1690,441,-118,468,-125,501,8,214,132,,,,,,,,,,,,,,,,,,,,,,,,,,,,,,,
73926,-388,-409,-110,28,1053,-3967,-665,-436,-20,96,0,-11,28,427,6047,1071,19,0,15170,1520,1490,1657,1646,506,-328,542,-351,435,-196,214,137,,,,,,,,,,,,,,,,,,,,,,,,,,,,,,,
73976,-850,245,-250,-23,961,-2869,-1580,-497,23,146,0,-9,30,427,6047,1077,23,0,13190,1552,1536,1652,1688,582,-90,627,-97,596,-76,214,133,,,,,,,,,,,,,,,,,,,,,,,,,,,,,,,
74026,-661,197,61,68,1043,1525,-5426,723,13,176,0,-10,30,428,6075,1060,-37,0,17732,1627,1596,1698,1751,366,-186,388,-197,479,-185,214,134,,,,,,,,,,,,,,,,,,,,,,,,,,,,,,,
74076,-157,336,-111,248,1157,-1831,-6036,-619,-10,176,0,-9,30,427,6047,1084,57,0,11786,1463,1454,1583,1609,492,-227,533,-246,510,-106,234,138,,,,,,,,,,,,,,,,,,,,,,,,,,,,,,,
74126,-436,241,104,49,841,-10071,-7257,296,-4,100,0,-9,12,427,6047,1088,40,0,14660,1608,1609,1670,1728,318,-74,346,-81,404,101,224,131,,,,,,,,,,,,,,,,,,,,,,,,,,,,,,,
74176,-521,452,106,124,1140,-10681,-4815,784,-23,69,0,-15,3,425,5991,1083,11,0,16150,1517,1503,1634,1638,299,-104,324,-113,328,75,234,134,,,,,,,,,,,,,,,,,,,,,,,,,,,,,,,
74226,-824,800,29,-78,916,-12451,-54,1028,-17,88,0,-15,2,428,6075,1090,3,0,14137,1620,1613,1727,1741,409,-26,445,-29,375,134,244,129,,,,,,,,,,,,,,,,,,,,,,,,,,,,,,,
74276,-1327,1103,-33,-236,1027,-4578,-2618,51,16,106,0,-15,2,428,6075,1099,41,0,13504,1517,1505,1624,1655,172,-78,189,-86,200,-50,234,134,,,,,,,,,,,,,,,,,,,,,,,,,,,,,,,
74326,-1097,943,103,114,1153,-366,-7318,906,23,103,0,-16,1,427,6047,1072,-45,0,17079,1619,1598,1687,1724,232,-44,248,-47,283,-116,255,134,,,,,,,,,,,,,,,,,,,,,,,,,,,,,,,
74376,-1098,931,86,147,1398,4210,-7073,601,26,99,2,-16,1,428,6075,1081,13,0,13398,1510,1463,1609,1633,192,-192,207,-208,278,-335,255,133,,,,,,,,,,,,,,,,,,,,,,,,,,,,,,,
74426,-1211,382,87,-161,680,3478,-6341,2310,1,56,0,-16,1,427,6047,1087,-16,0,13761,1593,1586,1670,1713,274,-174,297,-189,317,-263,244,134,,,,,,,,,,,,,,,,,,,,,,,,,,,,,,,
74476,-813,443,137,82,1224,2379,-3961,2310,-3,49,0,-16,0,412,5630,1064,-40,0,14249,1656,1606,1723,1734,323,-80,343,-85,255,-179,214,132,,,,,,,,,,,,,,,,,,,,,,,,,,,,,,,
74526,-381,723,-47,-139,840,1403,-665,1394,-62,55,0,-16,0,395,5175,1096,25,-19,11626,1524,1507,1605,1656,286,-107,313,-118,226,-141,224,136,,,,,,,,,,,,,,,,,,,,,,,,,,,,,,,
74576,-286,786,-84,266,1204,-4273,-1702,1577,35,-6,-2,-2,-13,396,5201,1099,19,-16,13677,1535,1553,1626,1639,242,-141,266,-155,143,-75,193,138,,,,,,,,,,,,,,,,,,,,,,,,,,,,,,,
74626,-306,1309,-121,-44,856,-4089,2996,1516,128,-38,0,21,-27,394,5148,1089,-13,-24,14028,1594,1634,1685,1689,222,-267,242,-291,85,-291,204,140,,,,,,,,,,,,,,,,,,,,,,,,,,,,,,,
74676,-46,1641,-31,15,860,7506,1837,1943,253,-64,0,48,-41,393,5122,1097,21,-24,12596,1539,1476,1603,1648,94,-319,103,-350,0,-577,224,133,,,,,,,,,,,,,,,,,,,,,,,,,,,,,,,
74726,681,1768,-75,199,1077,16600,4461,2005,240,-61,-2,55,-41,394,5148,1086,-25,-24,16838,1586,1556,1655,1668,82,-345,89,-375,-76,-599,142,139,,,,,,,,,,,,,,,,,,,,,,,,,,,,,,,
74776,1327,1903,6,-34,1092,8544,7025,1394,154,-45,0,54,-42,393,5122,1092,-11,-27,14046,1543,1530,1640,1633,46,-346,51,-378,-123,-428,204,137,,,,,,,,,,,,,,,,,,,,,,,,,,,,,,,
74826,1736,2150,108,71,782,-427,5865,1638,-23,87,0,24,-23,394,5148,1098,-13,-24,12477,1552,1572,1665,1705,31,-204,34,-224,41,-10394,5148,1083,-55,-24,15679,1617,1597,1713,1728,94,-188,102,-203,194,-25,193,140,,,,,,,,,,,,,,,,
74926,600,1738,-18,-223,898,-5310,-3656,-2267,-49,53,2,6,-20,393,5122,1090,-28,-27,14793,1537,1549,1658,1669,86,-110,94,-120,96,38,204,135,,,,,,,,,,,,,,,,,,,,,,,,,,,,,,,
74976,180,1865,104,-104,855,-5066,433,-1229,-37,77,0,-1,-20,392,5096,1070,-9,-27,13678,1524,1459,1631,1642,-23,-180,-25,-193,-16,-124,214,138,,,,,,,,,,,,,,,,,,,,,,,,,,,,,,,
75026,398,1940,-22,171,1002,-5737,-3289,1394,-27,70,-2,-1,-20,393,5122,1082,-20,-27,15324,1559,1542,1664,1701,-20,-166,-22,-180,0,-98,214,138,,,,,,,,,,,,,,,,,,,,,,,,,,,,,,,
75076,210,1681,49,87,894,-6531,-1580,-192,-22,58,0,-2,-19,392,5096,1069,-86,-32,15585,1580,1593,1707,1716,-8,-214,-9,-229,-34,-154,173,135,,,,,,,,,,,,,,,,,,,,,,,,,,,,,,,
75126,-13,1812,-30,-52,842,-3662,555,-1718,-17,3,0,-2,-30,393,5122,1075,-21,-27,12965,1501,1524,1645,1668,-87,-158,-93,-170,-135,-93,204,137,,,,,,,,,,,,,,,,,,,,,,,,,,,,,,,
75176,-318,1863,39,74,866,-4334,2203,-1535,98,-18,0,12,-37,392,5096,1071,-25,-32,15263,1566,1563,1688,1715,-89,-305,-95,-327,-143,-333,193,139,,,,,,,,,,,,,,,,,,,,,,,,,,,,,,,
75226,-206,1881,-110,66,1075,2990,-1214,-375,410,-195,-2,76,-70,392,5096,1066,-47,-32,15458,1528,1553,1668,1711,-184,-343,-196,-366,-309,-480,163,146,,,,,,,,,,,,,,,,,,,,,,,,,,,,,,,
75276,-209,1543,-84,111,958,23436,15692,-1901,470,-279,0,85,-80,392,5096,1067,-48,-27,14027,1599,1552,1718,1698,-206,-308,-219,-329,-543,-828,163,146,,,,,,,,,,,,,,,,,,,,,,,,,,,,,,,
75326,1043,2035,16,-52,907,35765,27227,-2450,436,-254,2,104,-85,393,5122,1063,-51,-27,16721,1600,1545,1721,1681,-284,-396,-302,-421,-733,-903,173,146,,,,,,,,,,,,,,,,,,,,,,,,,,,,,,,
75376,2434,2881,5,-32,955,27221,29425,-1046,241,-157,0,90,-80,393,5122,1039,-54,-32,14716,1542,1495,1691,1654,-306,-496,-318,-515,-651,-791,142,144,,,,,,,,,,,,,,,,,,,,,,,,,,,,,,,
75426,3239,3469,-125,108,1033,16051,23687,-2145,120,-31,-2,78,-63,391,5070,1064,-25,-35,13507,1492,1488,1661,1618,-270,-397,-288,-422,-525,-491,214,148,,,,,,,,,,,,,,,,,,,,,,,,,,,,,,,
75476,3220,4302,-67,-106,934,7384,16241,-497,88,99,-2,76,-53,393,5122,1063,-27,-27,14976,1514,1482,1656,1630,-368,-332,-391,-353,-430,-303,193,143,,,,,,,,,,,,,,,,,,,,,,,,,,,,,,,
75526,3291,4407,-107,-27,1005,7689,8734,-253,98,137,0,78,-48,392,5096,1076,15,-32,12262,1479,1473,1627,1608,-266,-258,-286,-277,-217,-251,193,142,,,,,,,,,,,,,,,,,,,,,,,,,,,,,,,
75576,3213,3820,-80,162,1022,7201,1348,-1779,113,153,2,76,-35,393,5122,1068,-14,-32,15146,1535,1504,1679,1662,-130,-193,-138,-206,-68,-171,193,143,,,,,,,,,,,,,,,,,,,,,,,,,,,,,,,
75626,2883,3184,54,72,921,1464,-2008,1028,20,143,-2,53,-29,392,5096,1070,-39,-32,14221,1567,1547,1732,1695,-212,-251,-227,-268,-135,-199,204,141,,,,,,,,,,,,,,,,,,,,,,,,,,,,,,,
75676,2638,2514,-147,28,906,4760,-970,-131,-37,145,-2,38,-12,392,5096,1083,-15,-24,15277,1560,1481,1699,1652,-48,-151,-52,-164,50,-125,244,139,,,,,,,,,,,,,,,,,,,,,,,,,,,,,,,
75726,2131,2047,58,-128,932,-671,860,-1351,-141,177,-2,12,-2,393,5122,1065,-78,-27,16664,1569,1570,1716,1683,-106,-97,-113,-104,0,58,234,137,,,,,,,,,,,,,,,,,,,,,,,,,,,,,,,
75776,1761,1577,28,214,1131,-10620,-5059,-741,-103,138,-2,7,-1,392,5096,1058,-67,-27,14415,1558,1557,1717,1709,40,172,43,182,153,393,234,137,,,,,,,,,,,,,,,,,,,,,,,,,,,,,,,
75826,815,1307,-46,22,1243,-8667,-3717,479,-71,107,-2,0,-1,393,5122,1049,-59,-27,14286,1547,1533,1705,1675,74,108,78,113,202,329,204,133,,,,,,,,,,,,,,,,,,,,,,,,,,,,,,,
75876,340,742,27,72,777,-8484,-3228,-253,-52,67,0,-5,0,393,5122,1038,-43,-32,14792,1557,1575,1701,1690,166,332,172,345,303,548,163,131,,,,,,,,,,,,,,,,,,,,,,,,,,,,,,,
,,,,,,,,,,,,,,,,,,,,,,,,,,,,,,,,,,,,,,,,,,,,,,,,,,,,,,,,,,,,,,
75976,-367,-140,24,43,802,-7507,-6036,357,7,-13,0,-5,-1,356,4203,1044,22,-167,6933,1302,1305,1508,1474,153,280,160,292,237,398,173,131,,,,,,,,,,,,,,,,,,,,,,,,,,,,,,,
76026,-589,-365,3,-68,608,-5982,-1031,5056,10,-35,-2,-5,0,358,4250,1065,-72,-167,14165,1574,1580,1662,1665,230,185,245,197,348,269,112,135,,,,,,,,,,,,,,,,,,,,,,,,,,,,,,,
76076,-388,163,-231,-128,939,-2014,2630,1821,-15,-14,-2,-6,0,358,4250,1043,-134,-167,15639,1577,1576,1711,1695,369,257,384,268,420,291,132,139,,,,,,,,,,,,,,,,,,,,,,,,,,,,,,,
76126,-163,-84,68,75,1100,-5737,-4815,-436,-43,-6,-2,-12,-1,358,4250,1039,-160,-167,13499,1552,1527,1671,1643,267,150,277,156,330,223,224,138,,,,,,,,,,,,,,,,,,,,,,,,,,,,,,,
76176,-754,-219,-39,-111,793,-7263,-5242,662,-41,-29,0,-18,-1,359,4274,1023,-173,-172,13767,1594,1610,1716,1693,323,300,331,307,424,424,163,140,,,,,,,,,,,,,,,,,,,,,,,,,,,,,,,
76226,-832,-276,128,-136,899,-7691,-482,-497,-73,-13,0,-25,0,358,4250,988,-234,-167,17435,1560,1541,1688,1678,316,425,312,420,368,487,224,138,,,,,,,,,,,,,,,,,,,,,,,,,,,,,,,
76276,-754,-34,163,79,1257,-3479,-3167,-436,-57,7,0,-25,0,357,4227,1008,-181,-172,13828,1451,1443,1617,1610,467,434,471,438,567,423,193,136,,,,,,,,,,,,,,,,,,,,,,,,,,,,,,,
76326,-1010,185,-62,-84,844,-549,-5364,-436,-49,11,-2,-25,0,359,4274,982,-253,-164,17745,1632,1620,1738,1746,451,319,443,313,618,334,176376,-734,11,164,-47,967,-2808,-8966,-741,-73,50,-2,-26,5,359,4274,953,-233,-167,15457,1483,1490,1631,1650,609,480,580,457,756,512,224,136,
76426,-653,-157,43,180,1436,-4395,-9027,-9,-63,20,0,-26,5,358,4250,967,-199,-167,14966,1571,1558,1694,1695,575,384,556,371,687,423,204,135,,,,,,,,,,,,,,,,,,,,,,,,,,,,,,,
76476,-761,-587,84,-153,814,-4578,-7684,-924,-89,-17,0,-27,4,363,4370,967,-119,-164,11987,1465,1469,1597,1617,557,471,539,456,619,477,132,138,,,,,,,,,,,,,,,,,,,,,,,,,,,,,,,
76526,-794,-145,47,-124,851,-2442,-6585,540,-74,9,2,-25,2,358,4250,962,-128,-167,13935,1551,1508,1657,1660,463,483,445,464,511,451,153,135,,,,,,,,,,,,,,,,,,,,,,,,,,,,,,,
76576,-267,-256,53,154,1094,-610,-7012,234,-84,-4,0,-24,2,359,4274,928,-166,-167,11406,1538,1506,1641,1663,479,488,444,453,548,430,193,135,,,,,,,,,,,,,,,,,,,,,,,,,,,,,,,
76626,-257,-471,96,162,1086,1891,-3228,-741,-79,-24,-4,-23,1,360,4298,951,-125,-159,13322,1557,1514,1668,1659,635,500,604,475,633,447,224,138,,,,,,,,,,,,,,,,,,,,,,,,,,,,,,,
76676,81,-706,15,-80,903,-122,-1641,723,-128,-56,0,-22,0,358,4250,944,-123,-167,12412,1510,1457,1605,1614,495,335,467,316,461,352,234,134,,,,,,,,,,,,,,,,,,,,,,,,,,,,,,,
76726,377,-848,67,141,607,-2686,2508,601,-196,-61,0,-37,0,359,4274,953,-165,-164,16309,1540,1489,1646,1655,473,499,451,475,425,578,204,135,,,,,,,,,,,,,,,,,,,,,,,,,,,,,,,
76776,284,-568,23,155,1226,-10254,1715,601,-226,-42,0,-41,1,360,4298,943,-198,-167,17506,1567,1540,1692,1706,437,584,412,550,409,715,214,137,,,,,,,,,,,,,,,,,,,,,,,,,,,,,,,
76826,-411,-547,-39,120,1196,-5676,-665,-375,-266,-34,0,-62,3,358,4250,926,-225,-167,17078,1578,1546,1692,1710,461,475,427,440,494,631,244,139,,,,,,,,,,,,,,,,,,,,,,,,,,,,,,,
76876,-767,-691,67,-11,774,-6470,-787,-619,-309,-6,-2,-74,9,360,4298,893,-230,-164,14096,1611,1550,1708,1727,582,630,520,563,605,804,204,137,,,,,,,,,,,,,,,,,,,,,,,,,,,,,,,
76926,-997,-432,-66,139,1233,-20142,-4327,-863,-372,27,-2,-92,13,361,4322,876,-237,-155,17402,1611,1619,1759,1747,550,505,482,442,561,876,214,142,,,,,,,,,,,,,,,,,,,,,,,,,,,,,,,
76976,-1514,-128,33,188,1229,-29663,-4205,-3182,-333,66,-2,-94,14,362,4346,855,-172,-155,15157,1508,1502,1665,1689,503,687,430,587,627,989,163,143,,,,,,,,,,,,,,,,,,,,,,,,,,,,,,,
77026,-2461,-293,-183,140,1216,-22156,-7501,-3060,-242,31,-2,-92,13,361,4322,847,-138,-155,15481,1321,1342,1513,1543,403,500,341,424,482,830,122,145,,,,,,,,,,,,,,,,,,,,,,,,,,,,,,,
77076,-3383,-555,17,-95,1009,-20203,-665,-985,-156,22,0,-87,13,360,4298,843,-154,-159,13921,1492,1510,1675,1680,444,451,374,380,455,590,183,140,,,,,,,,,,,,,,,,,,,,,,,,,,,,,,,
77126,-3520,-461,-26,-189,878,-10193,-1336,-1657,-9,-40,2,-59,0,361,4322,863,-133,-155,14974,1482,1458,1671,1705,439,574,379,496,453,547,183,141,,,,,,,,,,,,,,,,,,,,,,,,,,,,,,,
77176,-3159,-617,-15,67,875,-2380,6597,-5014,71,-56,-2,-43,0,361,4322,833,-157,-152,13612,1504,1491,1698,1679,403,407,336,339,239,204,173,138,,,,,,,,,,,,,,,,,,,,,,,,,,,,,,,
77226,-2487,68,113,-35,903,7262,7452,-4403,126,22,0,-18,1,359,4274,826,-184,-164,14918,1525,1482,1724,1707,389,375,321,310,227,109,204,135,,,,,,,,,,,,,,,,,,,,,,,,,,,,,,,
77276,-1623,947,-114,37,817,8849,7879,-4525,58,63,-2,-18,0,358,4250,817,-147,-164,11556,1474,1402,1689,1671,336,186,274,152,284,-64,214,136,,,,,,,,,,,,,,,,,,,,,,,,,,,,,,,
77326,-780,1394,-83,82,936,11473,4156,-5380,-7,109,-2,-18,0,359,4274,809,-209,-164,19273,1600,1578,1789,1775,387,93,313,75,314,-124,193,136,,,,,,,,,,,,,,,,,,,,,,,,,,,,,,,
77376,-461,1214,57,-47,1367,3722,1409,-8309,77,111,0,7,0,360,4298,797,-177,-164,12001,1391,1371,1664,1672,333,63,265,50,358,-113,224,133,,,,,,,,,,,,,,,,,,,,,,,,,,,,,,,
77426,-163,1125,81,48,1075,7323,555,-5746,92,107,0,13,0,359,4274,757,-183,-164,14171,1527,1481,1743,1717,372,-165,282,-125,284,-376,204,136,,,,,,,,,,,,,,,,,,,,,,,,,,,,,,,
77476,292,1493,-59,-30,879,4088,-1031,-4647,80,123,0,21,0,359,4274,802,-147,-159,16249,1526,1510,1742,1751,230,-129,185,-103,296,-220,214,138,,,,,,,,,,,,,,,,,,,,,,,,,,,,,,,
77526,299,1130,-83,-25,918,8605,-1153,-8370,152,91,-2,35,0,360,4298,770,-210,-159,17101,1611,1560,1775,1760,270,-226,208,-174,255,-434,224,139,,,,,,,,,,,,,,,,,,,,,,,,,,,,,,,
77576,856,1391,-124,-92,958,13610,-299,-5075,178,110,-2,51,0,360,4298,746,-189,-159,13983,1459,1440,1670,1667,335,-301,250,-224,358,-571,214,141,,,,,,,,,,,,,,,,,,,,,,,,,,,,,,,
77626,1475,1346,-44,101,1049,16906,-5609,-1229,234,118,2,69,0,360,4298,765,-132,-159,10872,1522,1503,1713,1716,277,-448,212,-342,362,-741,244,142,,,,,,,,,,,,,,,,,,,,,,,,,,,,,,,
77676,2042,1110,-8,73,1006,20751,-6951,-2572,211,101,2,75,0,360,4298,757,-141,-159,17290,1516,1443,1665,1650,258,-453,195,-343,417,-757,183,140,,,,,,,,,,,,,,,,,,,,,,,,,,,,,,,
77726,2385,157,-42,-26,1162,18615,-7196,-1718,215,79,0,84,13,359,4274,761,-162,-164,17694,1523,1508,1687,1682,294,-334,223,-254,378,-551,153,141,,,,,,,,,,,,,,,,,,,,,,,,,,,,,,,
77776,2649,-278,-94,116,1065,17150,-4327,173,236,30,0,90,12,358,4250,751,-202,-159,13406,1624,1584,1770,1748,316,-385,237,-289,300,-625,122,140,,,,,,,,,,,,,,,,,,,,,,,,,,,,,,,
77826,2737,-143,4,-191,894,18004,-665,112,189,8,-2,89,4,360,4298,716,-150,-159,12953,1560,1470,1718,1699,179,-471,128,-337,149,-680,112,136,,,,,,,,,,,,,,,,,,,,,,,,,,,,,,,
77876,3267,111,75,-22,992,12938,433,-741,99,31,0,77,2,361,4322,732,-95,-164,12553,1515,1475,1692,1676,129,-469,95,-343,153,-512,112,132,,,,,,,,,,,,,,,,,,,,,,,,,,,,,,,
77926,3048,288,-57,-52,1039,5797,-2069,-1168,-71,34,0,40,2,361,4322,719,-133,-155,14916,1551,1477,1643,1642,268,-326,192,-235,262,-296,142,139,,,,,,,,,,,,,,,,,,,,,,,,,,,,,,,
77976,2623,-50,9,151,1110,-4395,-1336,173,-78,0,-4,28,0,360,4298,739,-157,-155,15005,1547,1519,1699,1673,179,-198,132,-146,169,42,112,134,,,,,,,,,,,,,,,,,,,,,,,,,,,,,,,
78026,1735,-28,65,-28,990,-7874,-1092,418,-192,11,-2,-6,1,361,4322,724,-183,-155,16957,1586,1548,1756,1736,290,-152,210,-110,229,119,173,137,,,,,,,,,,,,,,,,,,,,,,,,,,,,,,,
78076,781,-162,81,-131,896,-13184,4156,-253,-159,-6,0,-13,0,361,4322,702,-169,-159,14149,1550,1533,1757,1744,203,-136,143,-95,159,191,132,138,,,,,,,,,,,,,,,,,,,,,,,,,,,,,,,
78126,204,-105,-64,51,1213,-13611,311,-314,-93,-7,-2,-14,1,360,4298,681,-213,-159,17580,1616,1591,1761,1767,162,-17,110,-11,119,227,142,136,,,,,,,,,,,,,,,,,,,,,,,,,,,,,,,
78176,-487,70,-60,117,1222,-10010,-1275,-2145,-21,-5,-2,-13,-1,360,4298,673,-173,-164,15488,1503,1476,1671,1666,122,-53,82,-35,132,113,132,139,,,,,,,,,,,,,,,,,,,,,,,,,,,,,,,
78226,-1150,173,43,-97,827,-6226,1531,-2816,7,20,-2,-16,0,359,4274,633,-172,-164,12530,1610,1619,1770,1768,122,-53,77,-33,132,113,0,132,,,,,,,,,,,,,,,,,,,,,,,,,,,,,,,
78276,-1346,180,-24,-136,928,-7630,-1397,234,24,14,-2,-15,0,359,4274,640,-202,-159,18471,1591,1556,1749,1748,172,-23,110,-14,180,60,0,134,,,,,,,,,,,,,,,,,,,,,,,,,,,,,,,
78326,-1175,57,-53,174,1358,1281,-604,-1535,41,1,0,-15,0,359,4274,677,-131,-164,13083,1508,1459,1693,1687,172,-23,116,-15,180,60,0,131,,,,,,,,,,,,,,,,,,,,,,,,,,,,,,,
78376,-1066,77,-68,119,1056,8239,4278,-2694,33,-1,0,-15,0,362,4346,637,-181,-164,15357,1615,1561,1746,1726,-5,74,-3,47,-75,-12,0,129,,,,,,,,,,,,,,,,,,,,,,,,,,,,,,,
78426,-383,366,73,-16,927,3295,10321,-2877,-46,36,0,-16,0,361,4322,635,-147,-155,16652,1523,1494,1734,1681,-5,74,-3,47,-75,-12,0,129,,,,,,,,,,,,,,,,,,,,,,,,,,,,,,,
,,,,,,,,,,,,,,,,,,,,,,,,,,,,,,,,,,,,,,,,,,,,,,,,,,,,,,,,,,,,,,
78526,-441,1306,-83,107,1093,-3662,2996,-1290,-29,107,0,-15,0,361,4322,619,-141,-155,13666,1444,1439,1671,1677,-5,74,-3,45,-75,-12,0,133,,,,,,,,,,,,,,,,,,,,,,,,,,,,,,,
78576,-478,1163,-6,77,958,-3296,-115,-924,-23,99,-2,-14,0,358,4250,617,-190,-164,18139,1609,1590,1797,1773,-8,76,-5,47,-87,87,0,128,,,,,,,,,,,,,,,,,,,,,,,,,,,,,,,
78626,-239,1427,-166,-53,1119,365,1104,-3488,-56,111,0,-14,0,360,4298,588,-200,-159,18118,1487,1445,1699,1695,-8,76,-4,45,-87,87,0,131,,,,,,,,,,,,,,,,,,,,,,,,,,,,,,,
78676,-134,935,-50,-153,834,-4212,-5609,-2877,-85,79,0,-15,0,359,4274,569,-213,-164,17754,1486,1498,1718,1721,-266,88,-151,50,-190,168,122,139,,,,,,,,,,,,,,,,,,,,,,,,,,,,,,,
78726,-292,593,86,35,888,-8179,-4022,-3182,-53,64,-2,-16,0,360,4298,551,-144,-159,9651,1455,1451,1706,1695,-266,88,-146,48,-190,168,0,134,,,,,,,,,,,,,,,,,,,,,,,,,,,,,,,
78776,-868,571,12,-62,704,-5493,-6341,-2999,-10,55,2,-15,0,359,4274,575,-115,-164,13860,1544,1480,1720,1726,-266,88,-153,50,-190,168,0,135,,,,,,,,,,,,,,,,,,,,,,,,,,,,,,,
78826,-622,24,75,-38,1016,1342,-4876,-3121,-24,11,0,-15,0,358,4250,561,-158,-167,14168,1551,1542,1743,1743,-266,88,-149,49,-190,168,0,134,,,,,,,,,,,,,,,,,,,,,,,,,,,,,,,
78876,-518,-421,59,-93,957,670,1409,-5746,-40,-35,0,-15,0,359,4274,571,-128,-164,15329,1472,1405,1689,1645,-266,88,-152,50,-190,168,0,134,,,,,,,,,,,,,,,,,,,,,,,,,,,,,,,
78926,0,208,-10,-12,906,2135,8489,-253,-77,10,-2,-15,0,360,4298,571,-176,-159,16702,1538,1475,1749,1698,-346,3,-197,1,-475,-55,0,129,,,,,,,,,,,,,,,,,,,,,,,,,,,,,,,
78976,143,595,89,44,961,792,6842,-558,-84,59,0,-15,0,360,4298,559,-185,-164,15518,1516,1475,1747,1723,-197,63,-110,35,-286,81,122,130,,,,,,,,,,,,,,,,,,,,,,,,,,,,,,,
79026,196,1123,-18,111,1206,-5188,-2008,-1657,-87,102,0,-15,0,360,4298,544,-118,-159,14349,1381,1312,1651,1636,-197,63,-107,34,-286,81,0,137,,,,,,,,,,,,,,,,,,,,,,,,,,,,,,,
79076,198,641,-39,149,876,-3357,-4144,662,-75,54,0,-14,0,359,4274,544,-172,-167,16388,1616,1589,1780,1769,-507,-194,-275,-105,-401,-138,0,138,,,,,,,,,,,,,,,,,,,,,,,,,,,,,,,
79126,-382,-98,96,-14,926,-7263,-1336,-5990,-44,2,-2,-14,0,359,4274,556,-145,-164,15172,1554,1511,1769,1739,-359,227,-199,126,-326,326,0,137,,,,,,,,,,,,,,,,,,,,,,,,,,,,,,,
79176,-351,68,-26,56,994,731,1898,-1535,-39,-7,-2,-15,-2,359,4274,525,-190,-164,15909,1663,1595,1827,1785,-359,227,-188,119,-326,326,0,135,,,,,,,,,,,,,,,,,,,,,,,,,,,,,,,
79226,-200,482,-50,-140,1126,3539,1104,-3182,-70,30,-4,-15,-1,359,4274,513,-183,-164,17136,1512,1465,1718,1678,-359,227,-184,116,-326,326,0,140,,,,,,,,,,,,,,,,,,,,,,,,,,,,,,,
79276,11,224,-4,-177,1076,1220,1409,-253,-93,5,0,-15,-2,360,4298,519,-128,-175,11534,1472,1412,1679,1667,-359,227,-186,118,-326,326,0,134,,,,,,,,,,,,,,,,,,,,,,,,,,,,,,,
79326,104,65,-14,132,921,243,1654,1638,-71,-48,0,-15,-10,359,4274,498,-106,-164,12795,1462,1421,1680,1662,-359,227,-179,113,-326,326,0,135,,,,,,,,,,,,,,,,,,,,,,,,,,,,,,,
79376,81,308,40,56,821,-6470,9710,601,-79,-24,2,-15,-10,359,4274,510,-106,-167,12280,1536,1496,1736,1664,-359,227,-183,116,-326,326,0,134,,,,,,,,,,,,,,,,,,,,,,,,,,,,,,,
79426,-201,1123,-44,124,1135,-2442,9954,-375,-52,4,0,-16,-17,359,4274,510,-112,-164,17447,1489,1428,1699,1648,-359,227,-183,116,-326,326,0,139,,,,,,,,,,,,,,,,,,,,,,,,,,,,,,,
79476,-425,1161,103,37,983,-4517,1348,1760,-9,-5,0,-9,-23,358,4250,486,-193,-159,17313,1528,1517,1713,1696,-359,227,-174,110,-326,326,0,136,,,,,,,,,,,,,,,,,,,,,,,,,,,,,,,
79526,-647,1157,140,6,1148,426,-299,-1107,16,-6,-2,-8,-24,360,4298,505,-126,-159,13330,1522,1472,1716,1696,-359,227,-181,115,-326,326,0,136,,,,,,,,,,,,,,,,,,,,,,,,,,,,,,,
79576,-762,1140,-151,-89,611,-2686,-1947,1394,9,-44,0,-8,-24,360,4298,467,-236,-164,19855,1540,1503,1707,1720,-359,227,-167,106,-326,326,0,139,,,,,,,,,,,,,,,,,,,,,,,,,,,,,,,
79626,-827,453,-40,-83,922,-183,-2252,-436,19,-88,0,-9,-25,360,4298,465,-153,-159,12984,1575,1575,1786,1777,-407,-569,-189,-264,-328,-492,122,142,,,,,,,,,,,,,,,,,,,,,,,,,,,,,,,
79676,-553,685,81,-6,1115,-4028,738,-3182,5,-60,0,-8,-25,360,4298,418,-187,-159,14843,1670,1633,1815,1812,-431,32,-180,13,-403,0,0,131,,,,,,,,,,,,,,,,,,,,,,,,,,,,,,,
79726,-480,620,116,60,1253,-4212,-6402,-3671,3,-61,0,-8,-25,359,4274,403,-210,-164,18162,1382,1379,1629,1594,-129,-591,-52,-238,-87,-526,122,141,,,,,,,,,,,,,,,,,,,,,,,,,,,,,,,
79776,-1006,400,-64,35,990,-8606,-482,-1229,117,-99,-2,5,-25,358,4250,401,-94,-159,6933,1474,1453,1692,1658,-129,-591,-52,-237,-87,-526,0,138,,,,,,,,,,,,,,,,,,,,,,,,,,,,,,,
79826,-946,140,-16,-9,758,9215,1715,3713,149,-119,-2,12,-25,360,4298,427,-132,-159,16751,1521,1436,1654,1616,-554,-552,-236,-235,-602,-745,122,143,,,,,,,,,,,,,,,,,,,,,,,,,,,,,,,
79876,-273,365,-154,7,941,6591,7513,2066,87,-85,0,11,-19,360,4298,413,-189,-164,15758,1712,1669,1875,1852,-419,-808,-173,-333,-403,-891,112,140,,,,,,,,,,,,,,,,,,,,,,,,,,,,,,,
79926,301,714,-192,118,1258,7567,921,-4586,48,-46,-2,12,-18,359,4274,426,-119,-164,14038,1526,1452,1675,1670,-419,-808,-178,-344,-403,-891,0,141,,,,,,,,,,,,,,,,,,,,,,,,,,,,,,,
79976,136,511,90,-26,880,10070,-4449,540,128,-36,0,27,-18,359,4274,405,-148,-164,12664,1524,1479,1677,1680,-419,-808,-169,-327,-403,-891,0,139,,,,,,,,,,,,,,,,,,,,,,,,,,,,,,,
80026,503,94,102,-27,788,13305,1348,4629,149,-132,0,38,-30,359,4274,401,-125,-164,14638,1568,1512,1745,1709,-419,-808,-168,-324,-403,-891,0,140,,,,,,,,,,,,,,,,,,,,,,,,,,,,,,,
80076,1160,208,-82,249,1239,12938,10687,1699,118,-153,0,39,-32,359,4274,360,-132,-164,12091,1321,1206,1583,1566,-419,-808,-150,-291,-403,-891,0,144,,,,,,,,,,,,,,,,,,,,,,,,,,,,,,,
80126,1071,412,40,83,1168,12877,11846,4080,116,-125,0,39,-32,358,4250,421,-90,-167,17593,1589,1536,1755,1719,-419,-808,-176,891,0,141,,,,,,,,,,,,,,,,,,,,,,,,,,,,,,,,,
80176,1243,833,-58,-67,933,4821,7635,173,82,-99,-2,39,-32,359,4274,369,-112,-167,13097,1523,1437,1676,1652,-419,-808,-154,-298,-403,-891,0,139,,,,,,,,,,,,,,,,,,,,,,,,,,,,,,,
80226,1555,944,-60,139,946,4821,5743,4263,84,-89,0,41,-32,357,4227,328,-312,-172,19055,1721,1684,1867,1840,-419,-808,-137,-265,-403,-891,0,139,,,,,,,,,,,,,,,,,,,,,,,,,,,,,,,
80276,1369,1201,-141,-34,977,670,1654,-1046,52,-75,0,35,-33,357,4227,368,-146,-172,11716,1439,1380,1662,1627,-419,-808,-154,-297,-403,-891,0,141,,,,,,,,,,,,,,,,,,,,,,,,,,,,,,,
80326,1547,1097,40,294,1120,9215,3912,540,-30,-1,-2,15,-20,359,4274,347,-176,-164,19366,1580,1477,1704,1659,-419,-808,-145,-280,-403,-891,0,140,,,,,,,,,,,,,,,,,,,,,,,,,,,,,,,
80376,1735,1493,-68,-26,1075,-610,3790,-1168,-157,48,0,0,-15,358,4250,280,-258,-167,19079,1517,1482,1731,1683,-419,-808,-117,-226,-403,-891,0,142,,,,,,,,,,,,,,,,,,,,,,,,,,,,,,,
80426,1076,1742,-145,-126,936,-13367,7269,1821,-181,104,0,-13,-6,357,4227,285,-238,-172,12828,1503,1488,1742,1718,-419,-808,-119,-230,-403,-891,0,146,,,,,,,,,,,,,,,,,,,,,,,,,,,,,,,
80476,639,1656,-35,250,1207,-10620,-1702,1882,-114,113,0,-14,-6,344,3925,307,-43,-167,7031,1283,1153,1549,1520,-419,-808,-128,-248,-403,-891,0,143,,,,,,,,,,,,,,,,,,,,,,,,,,,,,,,
80526,-120,1459,100,35,1163,-11231,-5670,3042,-67,120,0,-15,-4,328,3568,318,-91,-287,13287,1360,1323,1483,1445,-419,-808,-133,-257,-403,-891,0,143,,,,,,,,,,,,,,,,,,,,,,,,,,,,,,,
,,,,,,,,,,,,,,,,,,,,,,,,,,,,,,,,,,,,,,,,,,,,,,,,,,,,,,,,,,,,,,
80676,-1182,9,-89,117,576,-4212,-8721,9085,43,-32,0,-16,-4,289,2770,268,-295,-440,10682,1469,1417,1522,1508,-419,-808,-112,-216,-403,-891,0,140,,,,,,,,,,,,,,,,,,,,,,,,,,,,,,,
80726,-1505,-167,-14,-111,939,-5615,-14031,4080,35,-20,0,-16,-2,291,2808,268,-440,-435,12407,1664,1675,1752,1772,-419,-808,-112,-216,-403,-891,0,145,,,,,,,,,,,,,,,,,,,,,,,,,,,,,,,
80776,-1227,-537,-5,116,963,-12329,-9271,5789,35,-51,0,-16,-1,290,2789,201,-584,-443,19913,1629,1644,1772,1744,-419,-808,-84,-162,-403,-891,0,142,,,,,,,,,,,,,,,,,,,,,,,,,,,,,,,
80826,-1603,-595,27,-20,1129,-10315,-4510,4690,52,-55,-4,-16,-1,254,2139,173,-485,-584,6933,1268,1248,1525,1512,-419,-808,-72,-139,-403,-891,0,143,,,,,,,,,,,,,,,,,,,,,,,,,,,,,,,
80876,-1209,-361,-181,45,743,-6287,-9027,8230,27,-59,2,-16,-1,225,1679,148,-589,-668,9875,1376,1371,1449,1427,-419,-808,-62,-119,-403,-891,0,141,,,,,,,,,,,,,,,,,,,,,,,,,,,,,,,
80926,-1984,-670,94,-67,608,-6897,-14703,4934,78,-44,-2,-16,-1,225,1679,108,-587,-700,7750,1480,1446,1508,1583,-419,-808,-45,-87,-403,-891,0,141,,,,,,,,,,,,,,,,,,,,,,,,,,,,,,,
80976,-2249,-1196,26,-89,709,9765,-13482,9512,107,-103,-2,-16,-1,187,1159,122,-568,-848,6933,1375,1255,1461,1499,-419,-808,-51,-98,-403,-891,0,143,,,,,,,,,,,,,,,,,,,,,,,,,,,,,,,
,,,,,,,,,,,,,,,,,,,,,,,,,,,,,,,,,,,,,,,,,,,,,,,,,,,,,,,,,,,,,,
81076,1706,252,-93,-1425,-494,-58716,-70245,94656,-258,42,-6,-16,-2,0,0,91,-586,-1488,6933,1150,1150,1899,1743,-419,-808,-38,-73,-403,-891,0,141,,,,,,,,,,,,,,,,,,,,,,,,,,,,,,,
81126,307,1516,365,-805,1499,-66895,22711,-63180,-190,142,-4,-16,-1,0,0,85,-643,-1600,6933,1880,1602,1150,1150,-419,-808,-35,-68,-403,-891,0,141,,,,,,,,,,,,,,,,,,,,,,,,,,,,,,,
81176,2936,5022,-852,726,696,58776,-10064,61270,-237,354,-6,-16,-1,0,0,129,-309,-1600,6933,1150,1150,1479,1848,-419,-808,-54,-104,-403,-891,0,142,,,,,,,,,,,,,,,,,,,,,,,,,,,,,,,
81226,2556,5133,1086,395,238,6041,4949,-16244,-304,442,127,-16,0,0,0,97,-428,-1600,6933,1272,1564,1501,1176,-419,-808,-40,-78,-403,-891,0,138,,,,,,,,,,,,,,,,,,,,,,,,,,,,,,,
81276,1179,5480,-354,-237,871,-6653,12579,14334,-215,439,142,-16,0,0,0,42,-310,-1600,6933,1325,1150,1581,1468,-419,-808,-17,-33,-403,-891,0,140,,,,,,,,,,,,,,,,,,,,,,,,,,,,,,,
81326,1572,3621,182,211,798,2379,-8782,5545,-199,349,167,-17,0,0,0,54,-212,-1600,6933,1346,1339,1536,1378,-419,-808,-22,-43,-403,-891,0,136,,,,,,,,,,,,,,,,,,,,,,,,,,,,,,,
81376,1499,2200,-36,-146,801,-7691,17218,1943,-239,180,182,-16,0,0,0,79,-134,-1600,6933,1413,1329,1522,1338,-419,-808,-33,-63,-403,-891,0,138,,,,,,,,,,,,,,,,,,,,,,,,,,,,,,,
