20.224886 17.157612 0.085738 -0.060976 0.365854 0.121951 1100.000000 1100.000000 1100.000000 1100.000000 0.000898 0.000093 0.000000 13.227334 
20.221458 17.166546 0.090149 -0.426829 -0.487805 0.121951 1100.000000 1100.000000 1100.000000 1100.000000 0.000897 0.000093 0.000000 13.228662 
20.218019 17.179422 0.093359 -0.121951 0.304878 -0.000000 1100.000000 1100.000000 1100.000000 1100.000000 0.000897 0.000092 0.000000 13.231303 
20.229334 17.187296 0.095688 0.182927 0.304878 0.060976 1100.000000 1100.000000 1100.000000 1100.000000 0.000898 0.000093 0.000000 13.237987 
20.227617 17.171400 0.089728 0.000000 -0.121951 -0.000000 1100.000000 1100.000000 1100.000000 1100.000000 0.000897 0.000093 0.000000 13.232572 
20.240755 17.183649 0.099586 -0.121951 0.365854 -0.000000 1100.000000 1100.000000 1100.000000 1100.000000 0.000898 0.000093 0.000000 13.240924 
20.246500 17.189083 0.103431 -0.304878 -0.121951 0.121951 1100.000000 1100.000000 1100.000000 1100.000000 0.000898 0.000093 0.000000 13.244636 
20.231043 17.188068 0.106730 0.000000 -0.182927 0.060976 1100.000000 1100.000000 1100.000000 1100.000000 0.000897 0.000092 0.000000 13.238269 
20.245667 17.175655 0.108885 -0.304878 -0.060976 -0.060976 1100.000000 1100.000000 1100.000000 1100.000000 0.000898 0.000093 0.000000 13.239717 
20.251698 17.182596 0.112511 -0.060976 0.243902 -0.060976 1100.000000 1100.000000 1100.000000 1100.000000 0.000897 0.000093 0.000000 13.244024 
20.246733 17.183250 0.112245 0.121951 -0.000000 -0.000000 1100.000000 1100.000000 1100.000000 1100.000000 0.000898 0.000093 0.000000 13.242370 
20.210218 17.130524 0.095295 0.060976 -0.609756 -0.853659 1194.000000 1193.000000 1194.000000 1193.000000 0.000898 0.000093 0.000000 13.212564 
20.166433 17.038036 0.030261 0.304878 0.426829 -0.182927 1100.000000 1100.000000 1100.000000 1100.000000 0.000897 0.000093 0.000000 13.169959 
20.149006 16.980995 0.046174 -0.182927 -0.243902 0.182927 1100.000000 1100.000000 1100.000000 1100.000000 0.000898 0.000093 0.000000 13.144214 
20.194452 17.002497 0.046938 -0.060976 -0.121951 -0.000000 1100.000000 1100.000000 1100.000000 1100.000000 0.000898 0.000093 0.000000 13.168310 
20.177250 17.073994 0.070315 -0.060976 0.487805 0.182927 1100.000000 1100.000000 1100.000000 1100.000000 0.000897 0.000092 0.000000 13.183322 
20.227262 17.177450 0.105824 0.121951 0.060976 -0.121951 1100.000000 1100.000000 1100.000000 1100.000000 0.000898 0.000093 0.000000 13.233481 
20.214556 17.127539 0.085823 -0.060976 -0.000000 -0.000000 1100.000000 1100.000000 1100.000000 1100.000000 0.000897 0.000093 0.000000 13.213776 
20.225500 17.152754 0.092173 -0.060976 0.121951 0.182927 1100.000000 1100.000000 1100.000000 1100.000000 0.000897 0.000092 0.000000 13.225647 
20.230591 17.173811 0.101669 0.000000 -0.060976 -0.182927 1100.000000 1100.000000 1100.000000 1100.000000 0.000898 0.000093 0.000000 13.233794 
20.240767 17.166977 0.096588 0.182927 -0.121951 0.060976 1100.000000 1100.000000 1100.000000 1100.000000 0.000897 0.000093 0.000000 13.235765 
20.186712 17.192598 0.108899 0.121951 0.243902 0.243902 1100.000000 1100.000000 1100.000000 1100.000000 0.000897 0.000093 0.000000 13.222826 
20.217577 17.214220 0.119853 -0.487805 0.060976 -0.000000 1100.000000 1100.000000 1100.000000 1100.000000 0.000898 0.000093 0.000000 13.240849 
20.345739 17.243301 0.129274 0.121951 0.243902 -0.000000 1100.000000 1100.000000 1100.000000 1100.000000 0.000897 0.000093 0.000000 13.298206 
20.330179 17.265581 0.144258 0.060976 0.487805 0.243902 1100.000000 1100.000000 1100.000000 1100.000000 0.000898 0.000093 0.000000 13.298636 
20.365820 17.244188 0.141858 -0.304878 -0.182927 -0.121951 1100.000000 1100.000000 1100.000000 1100.000000 0.000898 0.000093 0.000000 13.305419 
20.374557 17.273104 0.149141 0.182927 0.121951 -0.060976 1100.000000 1100.000000 1100.000000 1100.000000 0.000897 0.000093 0.000000 13.317596 
20.230947 17.262844 0.147937 0.060976 -0.000000 0.304878 1100.000000 1100.000000 1100.000000 1100.000000 0.000898 0.000093 0.000000 13.259981 
20.163946 17.261930 0.155096 -0.304878 -0.060976 -0.182927 1100.000000 1100.000000 1100.000000 1100.000000 0.000898 0.000093 0.000000 13.233990 
20.186363 17.204039 0.132017 0.121951 0.304878 0.060976 1100.000000 1100.000000 1100.000000 1100.000000 0.000897 0.000093 0.000000 13.225095 
20.361181 17.294067 0.164925 -0.121951 -0.000000 0.243902 1100.000000 1100.000000 1100.000000 1100.000000 0.000898 0.000093 0.000000 13.318368 
20.228701 17.409397 0.203238 0.060976 -0.060976 -0.365854 1100.000000 1100.000000 1100.000000 1100.000000 0.000898 0.000093 0.000000 13.303372 
20.117834 17.386425 0.200095 -0.060976 0.487805 0.243902 1100.000000 1100.000000 1100.000000 1100.000000 0.000897 0.000093 0.000000 13.254396 
20.208126 17.326015 0.184956 -0.182927 -0.000000 0.121951 1100.000000 1100.000000 1100.000000 1100.000000 0.000898 0.000093 0.000000 13.269685 
20.302908 17.351915 0.195315 0.182927 -0.365854 -0.243902 1100.000000 1100.000000 1100.000000 1100.000000 0.000898 0.000093 0.000000 13.313252 
20.345722 17.328056 0.187382 0.060976 0.182927 0.304878 1100.000000 1100.000000 1100.000000 1100.000000 0.000897 0.000093 0.000000 13.322207 
20.312698 17.313742 0.187192 -0.243902 -0.000000 -0.304878 1100.000000 1100.000000 1100.000000 1100.000000 0.000897 0.000092 0.000000 13.305123 
20.293541 17.450054 0.228479 0.000000 0.426829 0.060976 1100.000000 1100.000000 1100.000000 1100.000000 0.000898 0.000093 0.000000 13.339566 
20.415285 17.471155 0.236872 -0.182927 0.060976 0.243902 1100.000000 1100.000000 1100.000000 1100.000000 0.000897 0.000093 0.000000 13.391820 
20.358551 17.380568 0.200575 -0.060976 0.121951 -0.182927 1100.000000 1100.000000 1100.000000 1100.000000 0.000897 0.000092 0.000000 13.343206 
20.281727 17.274315 0.165736 -0.060976 0.121951 0.243902 1100.000000 1100.000000 1100.000000 1100.000000 0.000898 0.000093 0.000000 13.281909 
20.197117 17.182293 0.135388 0.060976 0.121951 0.121951 1100.000000 1100.000000 1100.000000 1100.000000 0.000897 0.000092 0.000000 13.221990 
20.099857 17.153450 0.125102 -0.121951 0.060976 -0.243902 1100.000000 1100.000000 1100.000000 1100.000000 0.000898 0.000093 0.000000 13.176477 
20.050915 17.187445 0.136539 -0.060976 0.365854 0.304878 1117.000000 1118.000000 1117.000000 1118.000000 0.000897 0.000092 0.000000 13.168324 
20.184662 17.430801 0.225488 -0.060976 0.121951 -0.000000 1128.000000 1129.000000 1129.000000 1128.000000 0.000898 0.000093 0.000000 13.292518 
20.098980 17.393684 0.213144 -0.121951 0.243902 0.182927 1127.000000 1128.000000 1127.000000 1128.000000 0.000897 0.000092 0.000000 13.248958 
20.076975 17.316107 0.183097 -0.121951 0.426829 -0.182927 1127.000000 1130.000000 1127.000000 1130.000000 0.000898 0.000093 0.000000 13.217181 
20.240494 17.258114 0.169683 0.000000 -0.121951 0.304878 1128.000000 1127.000000 1128.000000 1127.000000 0.000897 0.000092 0.000000 13.260888 
20.263044 17.255743 0.170829 -0.121951 -0.000000 -0.426829 1130.000000 1127.000000 1127.000000 1130.000000 0.000898 0.000093 0.000000 13.268599 
20.216265 17.205055 0.146547 0.182927 0.182927 0.304878 1127.000000 1128.000000 1126.000000 1129.000000 0.000897 0.000092 0.000000 13.235943 
20.241831 17.240747 0.170700 -0.243902 -0.000000 0.121951 1127.000000 1128.000000 1128.000000 1127.000000 0.000898 0.000093 0.000000 13.255767 
20.259243 17.297022 0.191600 -0.121951 -0.121951 -0.365854 1127.000000 1128.000000 1128.000000 1127.000000 0.000897 0.000092 0.000000 13.279307 
20.184706 17.255404 0.177698 -0.182927 0.365854 0.182927 1127.000000 1128.000000 1127.000000 1128.000000 0.000898 0.000093 0.000000 13.238493 
20.151257 17.241930 0.177253 0.060976 -0.182927 0.182927 1129.000000 1128.000000 1129.000000 1128.000000 0.000897 0.000092 0.000000 13.221542 
20.176556 17.307758 0.201368 -0.243902 -0.060976 -0.365854 1127.000000 1128.000000 1128.000000 1127.000000 0.000898 0.000093 0.000000 13.251015 
20.194456 17.250149 0.182361 0.304878 0.182927 0.182927 1129.000000 1128.000000 1128.000000 1129.000000 0.000897 0.000092 0.000000 13.240238 
20.200874 17.253729 0.178934 -0.121951 -0.000000 0.365854 1127.000000 1128.000000 1127.000000 1128.000000 0.000898 0.000093 0.000000 13.244010 
20.171082 17.203550 0.160355 -0.060976 -0.121951 -0.365854 1129.000000 1128.000000 1128.000000 1129.000000 0.000897 0.000092 0.000000 13.217614 
20.148613 17.171236 0.147966 0.000000 0.304878 0.243902 1127.000000 1128.000000 1127.000000 1128.000000 0.000898 0.000093 0.000000 13.199395 
20.191034 17.216898 0.173500 0.000000 -0.121951 0.121951 1132.000000 1125.000000 1130.000000 1127.000000 0.000897 0.000092 0.000000 13.228722 
20.095827 17.260599 0.190360 -0.182927 -0.121951 -0.304878 1130.000000 1125.000000 1128.000000 1127.000000 0.000898 0.000093 0.000000 13.205944 
20.066658 17.241789 0.179791 0.000000 0.243902 -0.182927 1130.000000 1127.000000 1129.000000 1128.000000 0.000897 0.000093 0.000000 13.189445 
20.007996 17.191235 0.159645 0.000000 0.243902 0.426829 1127.000000 1128.000000 1127.000000 1128.000000 0.000898 0.000093 0.000000 13.152095 
20.171761 17.263569 0.190421 0.060976 -0.121951 -0.000000 1131.000000 1128.000000 1130.000000 1129.000000 0.000897 0.000093 0.000000 13.235540 
20.236488 17.290623 0.195525 -0.182927 -0.121951 0.121951 1133.000000 1134.000000 1134.000000 1133.000000 0.000898 0.000093 0.000000 13.268435 
20.303988 17.294859 0.191986 -0.182927 0.182927 -0.243902 1134.000000 1135.000000 1134.000000 1135.000000 0.000897 0.000093 0.000000 13.295504 
20.627262 17.446436 0.242496 0.182927 -0.121951 -0.426829 1134.000000 1133.000000 1133.000000 1134.000000 0.000898 0.000093 0.000000 13.463806 
20.693668 17.488680 0.254160 -0.060976 0.121951 -0.182927 1132.000000 1133.000000 1132.000000 1133.000000 0.000898 0.000093 0.000000 13.501875 
20.692078 17.553642 0.283810 -0.121951 0.243902 0.060976 1131.000000 1134.000000 1130.000000 1135.000000 0.000897 0.000092 0.000000 13.520453 
20.722633 17.562426 0.290453 0.243902 0.182927 0.182927 1130.000000 1135.000000 1129.000000 1136.000000 0.000897 0.000093 0.000000 13.534484 
20.721418 17.526529 0.279470 0.365854 0.365854 0.304878 1127.000000 1140.000000 1130.000000 1137.000000 0.000897 0.000092 0.000000 13.523127 
20.614849 17.481277 0.268270 0.182927 -0.182927 0.121951 1129.000000 1138.000000 1132.000000 1135.000000 0.000897 0.000093 0.000000 13.468865 
20.627842 17.508482 0.275435 0.000000 -0.060976 0.060976 1143.000000 1144.000000 1143.000000 1144.000000 0.000897 0.000093 0.000000 13.482115 
20.549227 17.417990 0.229778 0.060976 -0.060976 0.121951 1176.000000 1175.000000 1176.000000 1175.000000 0.000898 0.000093 0.000000 13.425808 
20.484863 17.407093 0.214462 -0.121951 -0.121951 -0.243902 1177.000000 1178.000000 1178.000000 1177.000000 0.000897 0.000093 0.000000 13.398763 
20.564693 17.399342 0.213995 -0.731707 0.243902 0.060976 1176.000000 1177.000000 1176.000000 1177.000000 0.000898 0.000093 0.000000 13.426558 
20.637190 17.226686 0.156396 -1.158537 0.121951 0.121951 1176.000000 1177.000000 1178.000000 1175.000000 0.000898 0.000093 0.000000 13.402285 
20.524723 17.323177 0.193828 -0.365854 0.426829 0.426829 1178.000000 1177.000000 1178.000000 1177.000000 0.000897 0.000092 0.000000 13.388147 
20.517971 17.288361 0.181653 0.304878 0.121951 -0.121951 1181.000000 1174.000000 1179.000000 1176.000000 0.000898 0.000093 0.000000 13.375133 
20.513145 17.301109 0.192450 0.121951 -0.426829 -0.121951 1200.000000 1181.000000 1194.000000 1187.000000 0.000897 0.000092 0.000000 13.376771 
20.533571 17.248512 0.165700 0.548781 -0.243902 0.853659 1205.000000 1176.000000 1193.000000 1188.000000 0.000898 0.000093 0.000000 13.369226 
20.495378 17.134523 0.132198 -0.975610 1.402439 0.487805 1204.000000 1179.000000 1195.000000 1188.000000 0.000897 0.000093 0.000000 13.320251 
20.109188 16.809502 0.037138 -2.012195 3.048780 0.304878 1193.000000 1186.000000 1192.000000 1187.000000 0.000898 0.000093 0.000000 13.074891 
20.018215 16.702297 -0.006252 2.682927 -2.317073 0.182927 1203.000000 1176.000000 1191.000000 1188.000000 0.000898 0.000093 0.000000 13.008499 
20.404097 17.097872 0.103990 -1.646341 3.414634 0.426829 1175.000000 1208.000000 1189.000000 1194.000000 0.000897 0.000092 0.000000 13.275367 
20.536041 17.133896 0.141656 4.451220 -4.939024 0.304878 1209.000000 1170.000000 1192.000000 1187.000000 0.000898 0.000093 0.000000 13.335051 
20.491003 17.272772 0.170321 -1.890244 0.792683 0.609756 1186.000000 1195.000000 1194.000000 1187.000000 0.000897 0.000093 0.000000 13.360523 
20.569969 17.224409 0.160412 0.975610 0.060976 -0.548781 1189.000000 1190.000000 1187.000000 1192.000000 0.000898 0.000093 0.000000 13.375708 
20.470564 17.250402 0.171411 -0.426829 0.365854 -0.304878 1191.000000 1190.000000 1190.000000 1191.000000 0.000897 0.000093 0.000000 13.345559 
20.636410 17.162218 0.145945 0.609756 -0.304878 -0.365854 1190.000000 1189.000000 1188.000000 1191.000000 0.000897 0.000092 0.000000 13.382129 
20.757328 17.093151 0.126280 -0.304878 0.548781 0.853659 1193.000000 1188.000000 1191.000000 1190.000000 0.000898 0.000093 0.000000 13.407721 
20.934605 17.445690 0.247501 0.487805 -0.182927 0.365854 1202.000000 1181.000000 1193.000000 1190.000000 0.000897 0.000093 0.000000 13.580257 
20.820770 17.384455 0.223756 -0.365854 -0.060976 0.121951 1203.000000 1178.000000 1194.000000 1187.000000 0.000898 0.000093 0.000000 13.518701 
20.688282 17.273329 0.188740 -1.036585 1.097561 -0.243902 1202.000000 1179.000000 1193.000000 1188.000000 0.000897 0.000093 0.000000 13.434807 
20.402277 16.871883 0.066530 -3.292683 3.048780 -0.121951 1197.000000 1184.000000 1194.000000 1187.000000 0.000897 0.000092 0.000000 13.205107 
19.748285 16.335861 -0.083128 -2.560976 2.621951 0.487805 1186.000000 1193.000000 1190.000000 1189.000000 0.000898 0.000093 0.000000 12.793344 
20.370335 17.026604 0.121810 -4.085366 6.158537 0.792683 1165.000000 1216.000000 1183.000000 1198.000000 0.000897 0.000093 0.000000 13.238852 
20.216345 17.040508 0.146234 4.512195 -5.060976 0.731707 1210.000000 1171.000000 1193.000000 1188.000000 0.000898 0.000093 0.000000 13.183292 
20.255812 17.175011 0.170141 -0.853659 -2.256098 0.426829 1197.000000 1186.000000 1200.000000 1183.000000 0.000897 0.000093 0.000000 13.239999 
20.034113 17.288635 0.199678 1.158537 -3.109756 -1.097561 1201.000000 1182.000000 1197.000000 1186.000000 0.000897 0.000092 0.000000 13.191257 
20.014112 17.274855 0.200530 -0.121951 0.609756 -0.000000 1190.000000 1191.000000 1189.000000 1192.000000 0.000897 0.000093 0.000000 13.179235 
20.168966 17.213736 0.180249 1.219512 -0.670732 0.487805 1198.000000 1185.000000 1191.000000 1192.000000 0.000897 0.000093 0.000000 13.219003 
20.188059 17.435820 0.254163 -0.060976 0.121951 0.548781 1198.000000 1183.000000 1192.000000 1189.000000 0.000898 0.000093 0.000000 13.293900 
20.183470 17.277782 0.208904 0.426829 0.182927 0.182927 1202.000000 1179.000000 1191.000000 1190.000000 0.000898 0.000093 0.000000 13.243563 
20.228266 17.210333 0.187681 -0.304878 0.426829 -0.426829 1202.000000 1181.000000 1193.000000 1190.000000 0.000897 0.000092 0.000000 13.239940 
19.991922 17.116959 0.175812 -1.341463 1.463415 0.182927 1201.000000 1182.000000 1194.000000 1189.000000 0.000898 0.000093 0.000000 13.121202 
19.892706 16.874084 0.087829 -1.951220 0.914634 0.365854 1203.000000 1182.000000 1200.000000 1185.000000 0.000897 0.000093 0.000000 13.010350 
19.622395 16.639187 0.014434 -1.463415 2.195122 -0.000000 1202.000000 1183.000000 1195.000000 1190.000000 0.000897 0.000092 0.000000 12.836502 
19.167021 16.220833 -0.094625 -1.951220 3.536585 0.975610 1200.000000 1183.000000 1191.000000 1192.000000 0.000898 0.000093 0.000000 12.535452 
18.846317 15.806366 -0.228293 -1.158537 1.402439 0.792683 1208.000000 1177.000000 1197.000000 1188.000000 0.000897 0.000093 0.000000 12.288238 
18.692776 15.684966 -0.263551 0.000000 0.670732 -0.000000 1205.000000 1178.000000 1194.000000 1189.000000 0.000897 0.000093 0.000000 12.192881 
18.484507 15.424721 -0.335509 -2.987805 4.268293 0.426829 1195.000000 1188.000000 1192.000000 1191.000000 0.000898 0.000093 0.000000 12.034422 
17.384581 14.122967 -0.696630 -1.707317 1.585366 -1.036585 1209.000000 1176.000000 1196.000000 1189.000000 0.000897 0.000093 0.000000 11.220633 
17.179737 13.882794 -0.750843 -1.829268 1.463415 -0.060976 1204.000000 1179.000000 1195.000000 1188.000000 0.000898 0.000093 0.000000 11.069217 
16.790266 13.455544 -0.872470 -2.804878 1.707317 -0.121951 1201.000000 1182.000000 1197.000000 1186.000000 0.000898 0.000093 0.000000 10.791876 
16.464174 13.113309 -0.945953 -0.670732 0.975610 -0.426829 1193.000000 1192.000000 1193.000000 1192.000000 0.000897 0.000093 0.000000 10.562799 
16.900518 13.533342 -0.838605 5.975610 -6.280488 0.365854 1214.000000 1169.000000 1191.000000 1192.000000 0.000897 0.000093 0.000000 10.856904 
18.301903 14.997645 -0.471182 6.463415 -7.621952 0.060976 1202.000000 1181.000000 1194.000000 1189.000000 0.000897 0.000093 0.000000 11.836878 
18.991230 15.793006 -0.255867 1.097561 -0.731707 0.365854 1187.000000 1198.000000 1192.000000 1193.000000 0.000897 0.000092 0.000000 12.340982 
19.274000 16.079769 -0.163387 3.902439 -2.743902 0.609756 1202.000000 1181.000000 1189.000000 1194.000000 0.000897 0.000093 0.000000 12.535043 
20.566570 17.883863 0.373982 0.548781 1.890244 0.060976 1187.000000 1198.000000 1185.000000 1200.000000 0.000898 0.000093 0.000000 13.574846 
20.646128 17.833447 0.367835 -0.182927 1.219512 0.304878 1188.000000 1197.000000 1188.000000 1197.000000 0.000897 0.000092 0.000000 13.588676 
20.595201 17.935598 0.426229 -1.707317 -0.548781 -0.365854 1189.000000 1192.000000 1197.000000 1184.000000 0.000898 0.000093 0.000000 13.599646 
20.490297 17.938932 0.402465 0.121951 1.707317 0.060976 1195.000000 1188.000000 1188.000000 1195.000000 0.000898 0.000093 0.000000 13.562736 
20.513468 17.839628 0.378227 0.792683 -0.243902 0.670732 1202.000000 1183.000000 1196.000000 1189.000000 0.000897 0.000092 0.000000 13.540378 
20.376358 17.810631 0.370259 -0.121951 -0.609756 0.609756 1203.000000 1178.000000 1196.000000 1185.000000 0.000898 0.000093 0.000000 13.480048 
20.319876 17.613998 0.289280 0.487805 0.914634 0.792683 1204.000000 1177.000000 1191.000000 1190.000000 0.000898 0.000093 0.000000 13.399263 
20.292564 17.515310 0.272177 -0.182927 1.524390 0.426829 1205.000000 1180.000000 1194.000000 1191.000000 0.000897 0.000093 0.000000 13.357952 
19.568314 16.766943 0.028936 -2.256098 4.207317 0.609756 1202.000000 1181.000000 1192.000000 1191.000000 0.000898 0.000093 0.000000 12.856332 
19.100756 16.237074 -0.127311 -2.195122 2.500000 -0.182927 1204.000000 1179.000000 1196.000000 1187.000000 0.000898 0.000093 0.000000 12.517360 
18.576782 15.673786 -0.297501 -2.500000 1.951220 -0.304878 1204.000000 1179.000000 1197.000000 1186.000000 0.000897 0.000093 0.000000 12.147068 
18.261261 15.220684 -0.421895 -1.585366 1.768293 -0.243902 1206.000000 1175.000000 1193.000000 1188.000000 0.000898 0.000093 0.000000 11.889057 
18.088373 14.891826 -0.502992 -2.317073 1.463415 -0.609756 1203.000000 1178.000000 1197.000000 1184.000000 0.000898 0.000093 0.000000 11.723076 
17.397905 14.290196 -0.670079 -4.268293 3.719512 -0.000000 1200.000000 1183.000000 1198.000000 1185.000000 0.000897 0.000093 0.000000 11.276900 
16.865360 13.700937 -0.823202 -1.280488 2.256098 0.060976 1207.000000 1174.000000 1194.000000 1187.000000 0.000897 0.000092 0.000000 10.894805 
16.909653 13.669213 -0.812949 1.280488 -0.975610 0.609756 1213.000000 1168.000000 1196.000000 1185.000000 0.000898 0.000093 0.000000 10.901344 
16.708498 13.292418 -0.909123 -4.634146 4.512195 -0.487805 1199.000000 1184.000000 1196.000000 1187.000000 0.000897 0.000093 0.000000 10.711548 
16.196560 12.789522 -1.015551 -2.439024 1.463415 -0.609756 1207.000000 1174.000000 1196.000000 1185.000000 0.000898 0.000093 0.000000 10.362191 
15.655393 12.422946 -1.100501 -1.890244 2.256098 0.487805 1206.000000 1177.000000 1196.000000 1187.000000 0.000897 0.000093 0.000000 10.042320 
15.237594 12.039531 -1.182698 -1.280488 2.378049 0.365854 1207.000000 1176.000000 1195.000000 1188.000000 0.000898 0.000093 0.000000 9.765372 
15.154887 11.809669 -1.223182 -1.219512 2.073171 0.121951 1208.000000 1175.000000 1195.000000 1188.000000 0.000897 0.000093 0.000000 9.664709 
14.689236 11.445656 -1.295365 -2.317073 2.560976 -0.121951 1205.000000 1176.000000 1193.000000 1188.000000 0.000898 0.000093 0.000000 9.374461 
14.087921 10.903275 -1.408689 -3.292683 2.621951 -0.182927 1202.000000 1181.000000 1194.000000 1189.000000 0.000897 0.000093 0.000000 8.979076 
13.781829 10.541327 -1.471088 -2.560976 2.439024 -0.121951 1206.000000 1175.000000 1194.000000 1187.000000 0.000898 0.000093 0.000000 8.752123 
12.692759 9.370900 -1.682326 -4.085366 4.329268 -0.000000 1203.000000 1180.000000 1195.000000 1188.000000 0.000897 0.000093 0.000000 7.982246 
12.025756 8.729035 -1.789371 -2.621951 2.378049 -0.731707 1208.000000 1175.000000 1194.000000 1189.000000 0.000898 0.000093 0.000000 7.533196 
11.762686 8.295878 -1.838632 -4.024390 3.719512 -0.548781 1202.000000 1183.000000 1196.000000 1189.000000 0.000897 0.000093 0.000000 7.304683 
10.961475 7.379691 -1.976485 -5.975610 5.914634 0.365854 1198.000000 1185.000000 1195.000000 1188.000000 0.000898 0.000093 0.000000 6.729165 
9.888175 6.468516 -2.094088 -3.658537 4.329268 0.182927 1207.000000 1176.000000 1195.000000 1188.000000 0.000897 0.000093 0.000000 6.046075 
9.287330 5.929708 -2.158125 -1.768293 2.621951 0.426829 1187.000000 1194.000000 1188.000000 1193.000000 0.000897 0.000093 0.000000 5.658111 
8.648446 5.387745 -2.219238 -1.341463 1.585366 0.670732 1193.000000 1190.000000 1193.000000 1190.000000 0.000898 0.000093 0.000000 5.255572 
9.054915 6.049710 -2.135429 8.536586 -8.353659 -0.000000 1218.000000 1163.000000 1191.000000 1190.000000 0.000897 0.000092 0.000000 5.592438 
11.716344 8.549146 -1.794161 3.536585 -3.353659 0.670732 1190.000000 1193.000000 1191.000000 1192.000000 0.000897 0.000093 0.000000 7.356020 
12.235695 9.048948 -1.705939 3.597561 -2.621951 0.548781 1196.000000 1185.000000 1189.000000 1192.000000 0.000897 0.000092 0.000000 7.705076 
13.016084 9.868881 -1.577153 4.695122 -5.000000 0.792683 1202.000000 1181.000000 1193.000000 1190.000000 0.000897 0.000093 0.000000 8.252263 
13.951093 10.793044 -1.401018 4.512195 -3.780488 0.426829 1197.000000 1186.000000 1190.000000 1193.000000 0.000897 0.000092 0.000000 8.890659 
14.741839 11.574029 -1.241821 4.634146 -4.634146 0.365854 1201.000000 1182.000000 1192.000000 1191.000000 0.000897 0.000093 0.000000 9.430881 
15.810737 12.589831 -1.020595 5.792683 -6.402439 0.670732 1204.000000 1179.000000 1193.000000 1190.000000 0.000897 0.000093 0.000000 10.149529 
16.718458 13.583907 -0.805177 4.695122 -3.658537 0.609756 1196.000000 1187.000000 1189.000000 1194.000000 0.000897 0.000093 0.000000 10.799880 
17.281525 14.235437 -0.640256 2.743902 -2.378049 0.365854 1194.000000 1189.000000 1191.000000 1192.000000 0.000897 0.000093 0.000000 11.212854 
18.731625 16.153086 -0.101020 6.036585 -5.670732 0.548781 1202.000000 1181.000000 1188.000000 1195.000000 0.000897 0.000093 0.000000 12.349176 
19.564302 16.955162 0.115140 3.292683 -4.085366 0.121951 1197.000000 1186.000000 1194.000000 1189.000000 0.000897 0.000093 0.000000 12.911073 
19.784128 17.197556 0.179947 -0.548781 1.280488 -0.060976 1185.000000 1196.000000 1189.000000 1192.000000 0.000897 0.000093 0.000000 13.068882 
20.086931 17.077971 0.144957 0.975610 0.060976 0.670732 1193.000000 1190.000000 1190.000000 1193.000000 0.000897 0.000093 0.000000 13.146255 
20.279188 16.938255 0.111613 0.304878 -0.914634 0.121951 1192.000000 1187.000000 1191.000000 1188.000000 0.000897 0.000092 0.000000 13.176553 
20.106413 17.122219 0.170900 -0.060976 0.060976 -0.487805 1197.000000 1186.000000 1192.000000 1191.000000 0.000897 0.000093 0.000000 13.166436 
20.007812 16.991306 0.124341 0.487805 0.182927 0.182927 1204.000000 1177.000000 1190.000000 1191.000000 0.000897 0.000092 0.000000 13.089602 
19.816311 17.016855 0.127809 -0.487805 0.243902 0.487805 1208.000000 1175.000000 1195.000000 1188.000000 0.000897 0.000093 0.000000 13.025224 
18.906279 16.010675 -0.167423 -3.841464 3.597561 -0.670732 1202.000000 1183.000000 1194.000000 1191.000000 0.000897 0.000093 0.000000 12.373027 
18.841520 15.984272 -0.181817 1.280488 -1.707317 -0.000000 1200.000000 1185.000000 1193.000000 1192.000000 0.000897 0.000093 0.000000 12.340758 
19.250692 16.384787 -0.089540 3.231707 -3.048780 0.609756 1247.000000 1230.000000 1237.000000 1240.000000 0.000897 0.000093 0.000000 12.619606 
19.865910 16.771500 0.030685 1.707317 -1.829268 -0.243902 1242.000000 1239.000000 1239.000000 1242.000000 0.000897 0.000093 0.000000 12.970470 
20.011345 17.018229 0.102991 0.914634 -1.951220 -0.914634 1243.000000 1238.000000 1243.000000 1238.000000 0.000897 0.000093 0.000000 13.100740 
20.272730 17.155115 0.122244 -2.073171 2.134146 -0.365854 1226.000000 1253.000000 1239.000000 1240.000000 0.000897 0.000092 0.000000 13.242668 
20.153196 17.130011 0.111509 1.951220 -1.646341 -0.426829 1250.000000 1231.000000 1239.000000 1242.000000 0.000897 0.000093 0.000000 13.189895 
20.284878 17.122408 0.110161 0.792683 -0.121951 -0.670732 1245.000000 1236.000000 1239.000000 1242.000000 0.000897 0.000093 0.000000 13.237479 
19.977514 17.208122 0.142083 -0.365854 1.158537 0.060976 1247.000000 1234.000000 1238.000000 1243.000000 0.000897 0.000093 0.000000 13.147021 
19.761534 16.703981 -0.019827 -2.317073 2.378049 -0.548781 1247.000000 1234.000000 1241.000000 1240.000000 0.000897 0.000093 0.000000 12.912020 
19.472239 16.559860 -0.059134 -1.768293 0.914634 -0.853659 1251.000000 1228.000000 1243.000000 1236.000000 0.000897 0.000093 0.000000 12.758180 
19.240828 16.275190 -0.143230 -0.792683 1.524390 0.487805 1251.000000 1230.000000 1240.000000 1241.000000 0.000897 0.000093 0.000000 12.583682 
18.859785 15.898869 -0.259343 -2.195122 2.926829 0.670732 1245.000000 1236.000000 1241.000000 1240.000000 0.000897 0.000092 0.000000 12.324770 
18.240122 15.179266 -0.454142 -3.841464 3.597561 -0.182927 1245.000000 1236.000000 1243.000000 1238.000000 0.000897 0.000093 0.000000 11.869698 
17.917845 14.905687 -0.520234 -0.121951 0.670732 0.182927 1255.000000 1226.000000 1240.000000 1241.000000 0.000897 0.000093 0.000000 11.663021 
17.811956 14.925000 -0.528146 -0.426829 0.060976 -0.853659 1251.000000 1228.000000 1243.000000 1236.000000 0.000897 0.000093 0.000000 11.629151 
17.445019 14.447639 -0.656654 -0.609756 0.609756 0.670732 1254.000000 1227.000000 1242.000000 1239.000000 0.000897 0.000093 0.000000 11.344166 
17.667912 14.459039 -0.688614 0.548781 -1.524390 0.060976 1254.000000 1227.000000 1244.000000 1237.000000 0.000897 0.000092 0.000000 11.435645 
17.650391 14.660507 -0.627702 0.121951 0.731707 -0.731707 1252.000000 1229.000000 1239.000000 1242.000000 0.000897 0.000093 0.000000 11.488971 
17.465992 14.925668 -0.521832 -0.426829 0.731707 0.304878 1251.000000 1230.000000 1242.000000 1239.000000 0.000897 0.000093 0.000000 11.497266 
17.075308 14.799041 -0.578271 -1.768293 1.341463 0.487805 1248.000000 1231.000000 1242.000000 1237.000000 0.000897 0.000093 0.000000 11.311862 
16.989996 14.501966 -0.661242 0.365854 0.304878 -0.914634 1256.000000 1225.000000 1240.000000 1241.000000 0.000897 0.000093 0.000000 11.188135 
17.032494 14.467007 -0.655378 0.243902 -0.365854 0.121951 1252.000000 1229.000000 1242.000000 1239.000000 0.000897 0.000092 0.000000 11.192604 
16.974714 14.044244 -0.789770 -3.353659 4.146341 1.158537 1240.000000 1241.000000 1241.000000 1240.000000 0.000897 0.000093 0.000000 11.043519 
16.038628 13.227977 -0.999143 -0.365854 0.060976 -0.853659 1254.000000 1227.000000 1243.000000 1238.000000 0.000897 0.000093 0.000000 10.437411 
15.710391 13.196289 -0.989218 -2.073171 2.865854 0.853659 1247.000000 1232.000000 1240.000000 1239.000000 0.000897 0.000093 0.000000 10.300646 
15.492870 12.852003 -1.096943 1.036585 -1.585366 0.487805 1259.000000 1222.000000 1243.000000 1238.000000 0.000897 0.000093 0.000000 10.114313 
15.869936 12.885490 -1.083315 -0.121951 0.121951 -0.975610 1250.000000 1231.000000 1242.000000 1239.000000 0.000897 0.000093 0.000000 10.269545 
15.792861 13.021409 -1.028259 -1.219512 1.341463 0.670732 1249.000000 1232.000000 1242.000000 1239.000000 0.000897 0.000093 0.000000 10.279003 
15.701165 13.081216 -1.015833 -0.487805 0.792683 0.304878 1254.000000 1227.000000 1242.000000 1239.000000 0.000898 0.000093 0.000000 10.261975 
15.579243 12.723878 -1.111781 0.182927 -0.548781 -0.426829 1254.000000 1225.000000 1241.000000 1238.000000 0.000897 0.000092 0.000000 10.107913 
15.840103 12.616110 -1.147788 1.097561 -0.487805 0.243902 1258.000000 1223.000000 1240.000000 1241.000000 0.000897 0.000093 0.000000 10.177979 
15.356970 12.048295 -1.278525 -2.621951 2.926829 -0.548781 1251.000000 1230.000000 1241.000000 1240.000000 0.000897 0.000093 0.000000 9.821829 
15.184151 11.617240 -1.376656 -1.097561 1.402439 -0.243902 1252.000000 1227.000000 1240.000000 1239.000000 0.000897 0.000093 0.000000 9.628637 
14.583598 10.896460 -1.539263 -3.536585 3.780488 0.243902 1248.000000 1233.000000 1242.000000 1239.000000 0.000897 0.000093 0.000000 9.184102 
14.212182 10.424041 -1.635431 0.426829 -0.121951 0.365854 1247.000000 1234.000000 1240.000000 1241.000000 0.000897 0.000093 0.000000 8.901834 
14.664989 11.022472 -1.515329 5.548780 -5.792683 -0.914634 1258.000000 1223.000000 1241.000000 1240.000000 0.000897 0.000093 0.000000 9.252618 
16.077581 12.811617 -1.095285 5.609756 -6.097561 0.487805 1249.000000 1232.000000 1241.000000 1240.000000 0.000897 0.000093 0.000000 10.327997 
17.078371 13.472630 -0.946301 3.231707 -3.170732 0.304878 1243.000000 1238.000000 1240.000000 1241.000000 0.000897 0.000092 0.000000 10.914662 
17.579815 14.129516 -0.791694 4.695122 -5.731708 -0.121951 1253.000000 1228.000000 1242.000000 1239.000000 0.000897 0.000093 0.000000 11.304564 
19.586876 16.314775 -0.187629 2.073171 -2.439024 0.548781 1237.000000 1244.000000 1242.000000 1239.000000 0.000898 0.000093 0.000000 12.730841 
19.962397 16.697880 -0.091136 2.256098 -2.195122 1.036585 1247.000000 1234.000000 1240.000000 1241.000000 0.000897 0.000092 0.000000 12.990615 
20.246145 16.896982 -0.048355 -0.792683 0.914634 0.365854 1237.000000 1244.000000 1240.000000 1241.000000 0.000897 0.000093 0.000000 13.159822 
20.272108 17.065350 0.014240 1.341463 0.426829 0.365854 1243.000000 1238.000000 1236.000000 1245.000000 0.000897 0.000093 0.000000 13.219765 
20.220922 17.012781 0.014598 -1.097561 -0.914634 -0.182927 1236.000000 1239.000000 1243.000000 1232.000000 0.000897 0.000092 0.000000 13.183487 
20.070961 17.065283 0.024573 -0.182927 0.304878 -0.609756 1139.000000 1144.000000 1142.000000 1141.000000 0.000897 0.000093 0.000000 13.142787 
20.059156 17.305943 0.142263 0.670732 0.365854 -0.365854 1100.000000 1100.000000 1100.000000 1100.000000 0.000897 0.000093 0.000000 13.209397 
20.144150 17.432770 0.184101 -0.548781 -0.060976 0.670732 1100.000000 1100.000000 1100.000000 1100.000000 0.000897 0.000092 0.000000 13.280169 
20.142063 17.475470 0.189981 -0.182927 0.243902 -0.182927 1100.000000 1100.000000 1100.000000 1100.000000 0.000897 0.000093 0.000000 13.292905 
20.193520 17.539692 0.216810 0.426829 0.487805 0.426829 1100.000000 1100.000000 1100.000000 1100.000000 0.000897 0.000093 0.000000 13.331631 
20.224239 17.501165 0.197778 -0.060976 -0.000000 0.487805 1100.000000 1100.000000 1100.000000 1100.000000 0.000897 0.000092 0.000000 13.331689 
20.320873 17.691498 0.261454 -0.060976 0.182927 0.365854 1100.000000 1100.000000 1100.000000 1100.000000 0.000897 0.000093 0.000000 13.426280 
20.331566 17.718143 0.271833 -0.182927 0.365854 0.243902 1100.000000 1100.000000 1100.000000 1100.000000 0.000897 0.000093 0.000000 13.438393 
20.377867 17.658182 0.252354 -0.060976 0.182927 0.182927 1100.000000 1100.000000 1100.000000 1100.000000 0.000897 0.000092 0.000000 13.437335 
20.223576 17.527098 0.211276 -0.365854 0.304878 -0.182927 1100.000000 1100.000000 1100.000000 1100.000000 0.000897 0.000093 0.000000 13.339107 
19.875628 17.310898 0.128151 -0.365854 0.365854 -0.000000 1100.000000 1100.000000 1100.000000 1100.000000 0.000898 0.000093 0.000000 13.142861 
20.015556 17.381243 0.157621 0.121951 0.426829 0.121951 1100.000000 1100.000000 1100.000000 1100.000000 0.000897 0.000093 0.000000 13.216599 
20.016699 17.416212 0.169397 -0.365854 -0.121951 -0.182927 1100.000000 1100.000000 1100.000000 1100.000000 0.000897 0.000093 0.000000 13.227752 
20.045332 17.395634 0.160663 0.121951 0.426829 0.121951 1100.000000 1100.000000 1100.000000 1100.000000 0.000897 0.000093 0.000000 13.232273 
19.994957 17.262882 0.118045 -0.060976 -0.000000 0.426829 1100.000000 1100.000000 1100.000000 1100.000000 0.000897 0.000093 0.000000 13.172626 
20.131878 17.307026 0.138723 0.000000 -0.060976 -0.365854 1100.000000 1100.000000 1100.000000 1100.000000 0.000897 0.000093 0.000000 13.237330 
20.215073 17.323484 0.140387 -0.060976 0.609756 0.182927 1100.000000 1100.000000 1100.000000 1100.000000 0.000897 0.000093 0.000000 13.273925 
20.303955 17.372564 0.166823 -0.365854 0.182927 -0.000000 1100.000000 1100.000000 1100.000000 1100.000000 0.000897 0.000093 0.000000 13.321851 
20.274511 17.252308 0.121366 -0.304878 0.426829 -0.243902 1100.000000 1100.000000 1100.000000 1100.000000 0.000897 0.000093 0.000000 13.274549 
20.340689 17.190317 0.097908 -0.060976 0.121951 0.243902 1100.000000 1100.000000 1100.000000 1100.000000 0.000897 0.000093 0.000000 13.281076 
20.359327 17.282108 0.138154 0.121951 -0.304878 -0.182927 1100.000000 1100.000000 1100.000000 1100.000000 0.000897 0.000093 0.000000 13.315299 
20.334173 17.157616 0.090566 -0.487805 0.304878 -0.121951 1100.000000 1100.000000 1100.000000 1100.000000 0.000897 0.000093 0.000000 13.268554 
20.445145 17.135361 0.089614 0.426829 -0.060976 0.182927 1100.000000 1100.000000 1100.000000 1100.000000 0.000897 0.000093 0.000000 13.303728 
20.259367 17.138655 0.089827 0.121951 0.060976 0.304878 1100.000000 1100.000000 1100.000000 1100.000000 0.000897 0.000093 0.000000 13.234108 
20.402983 17.229700 0.123492 -0.060976 -0.121951 -0.304878 1100.000000 1100.000000 1100.000000 1100.000000 0.000897 0.000093 0.000000 13.315892 
20.256119 17.125706 0.084409 -0.182927 0.853659 0.182927 1100.000000 1100.000000 1100.000000 1100.000000 0.000897 0.000093 0.000000 13.229035 
20.339090 17.157454 0.097180 -0.304878 0.243902 0.060976 1100.000000 1100.000000 1100.000000 1100.000000 0.000897 0.000093 0.000000 13.269998 
20.347118 17.206177 0.109266 0.060976 -0.182927 -0.243902 1100.000000 1100.000000 1100.000000 1100.000000 0.000897 0.000093 0.000000 13.287943 
20.313875 17.250689 0.128878 0.060976 -0.182927 0.243902 1100.000000 1100.000000 1100.000000 1100.000000 0.000898 0.000093 0.000000 13.288523 
20.203428 17.652206 0.267689 0.182927 0.060976 -0.182927 1100.000000 1100.000000 1100.000000 1100.000000 0.000897 0.000093 0.000000 13.369196 
20.189484 17.618641 0.252915 -0.060976 -0.304878 -0.121951 1100.000000 1100.000000 1100.000000 1100.000000 0.000897 0.000093 0.000000 13.353842 
20.150034 17.501888 0.210679 0.304878 0.121951 0.182927 1100.000000 1100.000000 1100.000000 1100.000000 0.000897 0.000093 0.000000 13.303357 
20.199455 17.397982 0.177259 0.000000 -0.426829 -0.060976 1100.000000 1100.000000 1100.000000 1100.000000 0.000897 0.000093 0.000000 13.290082 
20.256220 17.394707 0.174094 0.243902 -0.000000 -0.243902 1100.000000 1100.000000 1100.000000 1100.000000 0.000897 0.000093 0.000000 13.310583 
20.397043 17.411528 0.181549 0.060976 -0.060976 0.243902 1100.000000 1100.000000 1100.000000 1100.000000 0.000897 0.000093 0.000000 13.368753 
20.377172 17.432913 0.179563 0.000000 -0.182927 -0.304878 1100.000000 1100.000000 1100.000000 1100.000000 0.000897 0.000093 0.000000 13.368237 
20.325466 17.424332 0.176603 -0.060976 0.487805 0.121951 1100.000000 1100.000000 1100.000000 1100.000000 0.000897 0.000092 0.000000 13.346107 
20.268194 17.388844 0.157555 0.243902 0.121951 -0.000000 1100.000000 1100.000000 1100.000000 1100.000000 0.000897 0.000093 0.000000 13.314113 
20.166330 17.307606 0.127122 -0.121951 -0.060976 -0.000000 1100.000000 1100.000000 1100.000000 1100.000000 0.000897 0.000092 0.000000 13.251148 
20.205462 17.268982 0.109259 -0.121951 0.182927 -0.121951 1100.000000 1100.000000 1100.000000 1100.000000 0.000897 0.000093 0.000000 13.254456 
20.196175 17.245653 0.103283 0.000000 0.426829 0.304878 1100.000000 1100.000000 1100.000000 1100.000000 0.000897 0.000093 0.000000 13.243771 
20.308493 17.377619 0.145481 -0.365854 0.060976 -0.060976 1100.000000 1100.000000 1100.000000 1100.000000 0.000897 0.000093 0.000000 13.326357 
20.172319 17.368774 0.142393 0.182927 0.426829 0.060976 1100.000000 1100.000000 1100.000000 1100.000000 0.000897 0.000093 0.000000 13.272318 
20.087336 17.283825 0.113707 0.000000 -0.243902 0.243902 1100.000000 1100.000000 1100.000000 1100.000000 0.000897 0.000093 0.000000 13.214433 
20.217136 17.329895 0.125725 0.060976 -0.060976 -0.304878 1100.000000 1100.000000 1100.000000 1100.000000 0.000897 0.000093 0.000000 13.277583 
20.286411 17.956982 0.347025 -0.121951 -0.060976 -0.000000 1100.000000 1100.000000 1100.000000 1100.000000 0.000897 0.000093 0.000000 13.495584 
20.171698 17.796988 0.300621 0.121951 0.121951 0.182927 1100.000000 1100.000000 1100.000000 1100.000000 0.000897 0.000093 0.000000 13.402904 
20.238855 17.750458 0.281854 -0.182927 -0.182927 -0.304878 1100.000000 1100.000000 1100.000000 1100.000000 0.000897 0.000093 0.000000 13.413728 
20.218382 17.743906 0.272138 -0.060976 -0.000000 0.182927 1100.000000 1100.000000 1100.000000 1100.000000 0.000898 0.000093 0.000000 13.404465 
20.174828 17.665588 0.248436 0.000000 0.182927 0.121951 1100.000000 1100.000000 1100.000000 1100.000000 0.000897 0.000092 0.000000 13.363908 
20.210743 17.654388 0.247983 -0.243902 0.060976 -0.243902 1100.000000 1100.000000 1100.000000 1100.000000 0.000897 0.000093 0.000000 13.373700 
20.135868 17.564453 0.220161 0.243902 0.243902 0.182927 1100.000000 1100.000000 1100.000000 1100.000000 0.000897 0.000092 0.000000 13.317879 
20.116976 17.464310 0.194868 0.000000 -0.304878 0.182927 1100.000000 1100.000000 1100.000000 1100.000000 0.000897 0.000093 0.000000 13.279619 
20.016640 17.377699 0.175423 0.243902 -0.548781 -0.243902 1100.000000 1100.000000 1100.000000 1100.000000 0.000897 0.000093 0.000000 13.214895 
20.135965 17.434307 0.187596 -0.121951 0.487805 0.060976 1100.000000 1100.000000 1100.000000 1100.000000 0.000897 0.000093 0.000000 13.277405 
20.014755 17.369823 0.170750 -0.060976 0.121951 0.365854 1100.000000 1100.000000 1100.000000 1100.000000 0.000897 0.000093 0.000000 13.211878 
20.180222 17.419514 0.187101 -0.182927 0.243902 -0.182927 1100.000000 1100.000000 1100.000000 1100.000000 0.000897 0.000095 0.000000 13.289265 
20.300428 17.467789 0.202183 -0.182927 0.182927 0.304878 1100.000000 1100.000000 1100.000000 1100.000000 0.000897 0.000099 0.000000 13.349301 
20.132753 17.323238 0.160344 0.182927 -0.304878 0.182927 1100.000000 1100.000000 1100.000000 1100.000000 0.000897 0.000094 0.000000 13.241714 
20.213106 17.383097 0.178266 -0.426829 0.304878 -0.121951 1100.000000 1100.000000 1100.000000 1100.000000 0.000897 0.000098 0.000000 13.290349 
20.068022 17.298895 0.143848 -0.182927 0.487805 0.304878 1100.000000 1100.000000 1100.000000 1100.000000 0.000897 0.000093 0.000000 13.210368 
19.909418 17.235434 0.126806 0.182927 0.304878 0.243902 1100.000000 1100.000000 1100.000000 1100.000000 0.000897 0.000097 0.000000 13.131082 
20.059967 17.301100 0.148572 0.000000 -0.487805 -0.243902 1100.000000 1100.000000 1100.000000 1100.000000 0.000897 0.000093 0.000000 13.207798 
20.060749 17.355743 0.160441 0.304878 -0.000000 -0.000000 1100.000000 1100.000000 1100.000000 1100.000000 0.000897 0.000096 0.000000 13.225140 
20.108446 17.318415 0.147419 0.121951 -0.243902 0.243902 1100.000000 1100.000000 1100.000000 1100.000000 0.000897 0.000098 0.000000 13.231707 
20.136763 17.310951 0.151319 0.000000 -0.182927 -0.365854 1100.000000 1100.000000 1100.000000 1100.000000 0.000897 0.000092 0.000000 13.239746 
20.020540 17.265833 0.131389 0.121951 0.060976 0.365854 1100.000000 1100.000000 1100.000000 1100.000000 0.000897 0.000093 0.000000 13.182484 
20.079914 17.387329 0.180246 0.243902 -0.182927 0.060976 1100.000000 1100.000000 1100.000000 1100.000000 0.000897 0.000093 0.000000 13.241505 
20.081179 17.310459 0.153353 0.000000 -0.182927 -0.182927 1177.000000 1176.000000 1177.000000 1176.000000 0.000897 0.000093 0.000000 13.218540 
20.173113 17.286638 0.123917 0.182927 -0.365854 -0.426829 1176.000000 1173.000000 1175.000000 1174.000000 0.000897 0.000093 0.000000 13.247126 
20.214567 17.337347 0.138326 -0.060976 0.243902 0.182927 1173.000000 1174.000000 1173.000000 1174.000000 0.000897 0.000092 0.000000 13.278326 
20.250771 17.281469 0.116179 1.036585 -0.792683 -0.609756 1177.000000 1172.000000 1173.000000 1176.000000 0.000897 0.000093 0.000000 13.275218 
20.223324 17.398964 0.185638 0.121951 -1.036585 -0.304878 1176.000000 1173.000000 1176.000000 1173.000000 0.000897 0.000093 0.000000 13.298933 
20.089548 17.453979 0.196099 0.548781 -0.426829 0.060976 1175.000000 1172.000000 1174.000000 1173.000000 0.000897 0.000093 0.000000 13.265905 
20.163095 17.362255 0.166138 0.365854 0.487805 0.182927 1175.000000 1174.000000 1173.000000 1176.000000 0.000897 0.000093 0.000000 13.265443 
20.123554 17.399694 0.171138 0.487805 -0.182927 -0.304878 1176.000000 1173.000000 1173.000000 1176.000000 0.000897 0.000092 0.000000 13.262407 
20.310432 17.497126 0.221596 -0.304878 -0.426829 -0.121951 1179.000000 1178.000000 1179.000000 1178.000000 0.000897 0.000093 0.000000 13.361500 
20.265631 17.324499 0.141002 0.487805 -0.243902 -0.182927 1236.000000 1237.000000 1236.000000 1237.000000 0.000897 0.000093 0.000000 13.293321 
20.245853 17.300230 0.129267 0.487805 -0.365854 0.182927 1238.000000 1235.000000 1237.000000 1236.000000 0.000897 0.000093 0.000000 13.278683 
20.066566 16.742357 -0.059744 -0.182927 0.243902 0.243902 1235.000000 1236.000000 1235.000000 1236.000000 0.000897 0.000093 0.000000 13.042743 
20.261221 17.058903 0.063048 -0.365854 0.304878 0.731707 1235.000000 1236.000000 1235.000000 1236.000000 0.000897 0.000093 0.000000 13.210817 
20.227577 16.900909 0.004127 -0.060976 -0.243902 0.182927 1236.000000 1235.000000 1236.000000 1235.000000 0.000897 0.000093 0.000000 13.150985 
20.296305 16.999802 0.040230 0.792683 -0.731707 -0.365854 1242.000000 1231.000000 1237.000000 1236.000000 0.000898 0.000093 0.000000 13.206632 
20.147018 16.978237 0.033770 0.060976 -0.243902 -0.243902 1246.000000 1225.000000 1232.000000 1239.000000 0.000897 0.000094 0.000000 13.143268 
20.157694 16.894114 0.002757 -0.121951 -0.121951 -0.365854 1249.000000 1222.000000 1230.000000 1241.000000 0.000897 0.000093 0.000000 13.122239 
20.067280 16.837435 -0.009000 -3.048780 3.048780 -0.426829 1243.000000 1228.000000 1230.000000 1241.000000 0.000897 0.000092 0.000000 13.070392 
19.597912 16.351919 -0.153971 -2.439024 2.500000 0.792683 1249.000000 1220.000000 1230.000000 1239.000000 0.000897 0.000092 0.000000 12.744921 
19.263346 15.863613 -0.306251 -3.353659 4.146341 0.487805 1244.000000 1229.000000 1231.000000 1242.000000 0.000897 0.000093 0.000000 12.470745 
18.480516 15.199218 -0.475574 -3.780488 4.146341 0.182927 1247.000000 1224.000000 1231.000000 1240.000000 0.000897 0.000092 0.000000 11.969666 
17.970219 14.666698 -0.617699 -2.012195 1.890244 -0.365854 1252.000000 1217.000000 1230.000000 1239.000000 0.000897 0.000093 0.000000 11.613453 
17.678288 14.309080 -0.699418 -2.926829 2.926829 -0.426829 1247.000000 1224.000000 1230.000000 1241.000000 0.000897 0.000093 0.000000 11.393126 
16.785944 13.679450 -0.838965 -5.182927 5.304878 0.670732 1244.000000 1227.000000 1231.000000 1240.000000 0.000897 0.000092 0.000000 10.858300 
16.165007 12.963522 -1.018095 -1.463415 1.585366 0.182927 1255.000000 1216.000000 1231.000000 1240.000000 0.000897 0.000093 0.000000 10.404237 
15.947020 12.685541 -1.055938 -3.597561 3.048780 -0.182927 1243.000000 1228.000000 1233.000000 1238.000000 0.000897 0.000093 0.000000 10.234987 
15.212957 11.794786 -1.265837 -3.353659 4.146341 1.219512 1250.000000 1221.000000 1230.000000 1241.000000 0.000897 0.000092 0.000000 9.686127 
14.751774 11.260983 -1.372192 -1.707317 2.560976 0.182927 1250.000000 1221.000000 1230.000000 1241.000000 0.000897 0.000093 0.000000 9.348364 
14.129774 10.657006 -1.487975 -3.719512 3.536585 -0.548781 1245.000000 1226.000000 1232.000000 1239.000000 0.000897 0.000093 0.000000 8.926826 
13.476250 10.011534 -1.599189 -2.987805 3.170732 -0.548781 1250.000000 1221.000000 1231.000000 1240.000000 0.000897 0.000092 0.000000 8.480587 
13.066957 9.473567 -1.701593 -2.621951 3.292683 0.792683 1248.000000 1223.000000 1230.000000 1241.000000 0.000897 0.000093 0.000000 8.164814 
12.369952 8.898921 -1.796849 -4.817073 5.243903 0.304878 1242.000000 1229.000000 1232.000000 1239.000000 0.000897 0.000093 0.000000 7.722682 
11.747382 8.354029 -1.881169 -3.475610 4.146341 0.853659 1250.000000 1221.000000 1230.000000 1241.000000 0.000898 0.000093 0.000000 7.319307 
10.830709 7.506478 -1.996497 -3.902439 4.390244 0.304878 1244.000000 1227.000000 1231.000000 1240.000000 0.000897 0.000093 0.000000 6.713495 
9.745836 6.597568 -2.109166 -4.268293 4.756098 0.243902 1247.000000 1226.000000 1232.000000 1241.000000 0.000897 0.000093 0.000000 6.025029 
8.937902 5.859912 -2.204186 -4.878049 5.182927 -0.792683 1242.000000 1229.000000 1232.000000 1239.000000 0.000897 0.000092 0.000000 5.500321 
7.950165 4.925980 -2.293723 -4.878049 5.182927 -0.182927 1246.000000 1225.000000 1231.000000 1240.000000 0.000897 0.000093 0.000000 4.854096 
6.828467 4.084778 -2.347721 -4.695122 5.365854 0.548781 1244.000000 1227.000000 1231.000000 1240.000000 0.000897 0.000093 0.000000 4.181466 
5.773552 3.086982 -2.413091 -4.695122 5.060976 -0.121951 1246.000000 1225.000000 1231.000000 1240.000000 0.000897 0.000092 0.000000 3.515022 
4.712810 1.936502 -2.464395 -5.792683 6.341464 -0.792683 1240.000000 1229.000000 1230.000000 1239.000000 0.000897 0.000093 0.000000 2.846957 
3.095012 0.382478 -2.496778 -11.585366 12.195122 -0.121951 1224.000000 1247.000000 1232.000000 1239.000000 0.000897 0.000093 0.000000 2.000565 
1.457387 -1.220981 -2.481826 -4.085366 3.963415 -0.487805 1235.000000 1228.000000 1232.000000 1231.000000 0.000897 0.000093 0.000000 1.556957 
1.052893 -1.496642 -2.490615 1.829268 -1.280488 -0.426829 1238.000000 1223.000000 1229.000000 1232.000000 0.000897 0.000092 0.000000 1.539641 
1.417485 -1.035936 -2.509372 0.548781 -1.402439 0.609756 1231.000000 1232.000000 1233.000000 1230.000000 0.000897 0.000093 0.000000 1.525852 
1.480335 -1.149938 -2.507920 0.304878 0.731707 0.060976 1234.000000 1231.000000 1231.000000 1234.000000 0.000897 0.000093 0.000000 1.559469 
1.759842 -0.947281 -2.520010 0.365854 -0.670732 -0.304878 1229.000000 1236.000000 1233.000000 1232.000000 0.000897 0.000093 0.000000 1.602422 
1.487550 -1.421818 -2.510611 -1.524390 1.829268 0.426829 1231.000000 1234.000000 1232.000000 1233.000000 0.000897 0.000093 0.000000 1.615800 
1.784299 -0.978195 -2.533161 1.463415 -1.341463 0.182927 1238.000000 1227.000000 1232.000000 1233.000000 0.000897 0.000093 0.000000 1.618583 
1.830655 -0.938734 -2.535364 -0.487805 0.426829 -0.914634 1229.000000 1236.000000 1232.000000 1233.000000 0.000897 0.000093 0.000000 1.626664 
1.671669 -1.170264 -2.514349 1.036585 -1.463415 -0.000000 1236.000000 1229.000000 1234.000000 1231.000000 0.000897 0.000093 0.000000 1.612405 
2.020190 -0.855100 -2.520236 0.243902 0.914634 1.158537 1230.000000 1235.000000 1230.000000 1235.000000 0.000897 0.000093 0.000000 1.664834 
1.828781 -1.106207 -2.533893 -1.097561 1.219512 -0.060976 1230.000000 1235.000000 1232.000000 1233.000000 0.000897 0.000093 0.000000 1.650549 
2.398940 -0.331052 -2.507081 4.085366 -5.670732 -0.487805 1248.000000 1215.000000 1235.000000 1228.000000 0.000897 0.000093 0.000000 1.740238 
3.698892 0.770895 -2.505571 0.365854 -2.012195 -0.487805 1231.000000 1232.000000 1236.000000 1227.000000 0.000897 0.000093 0.000000 2.273570 
3.938994 1.026839 -2.504811 2.134146 -1.402439 -0.426829 1236.000000 1229.000000 1230.000000 1235.000000 0.000897 0.000093 0.000000 2.398820 
4.498902 1.429641 -2.494281 1.768293 -2.865854 -0.426829 1237.000000 1228.000000 1235.000000 1230.000000 0.000897 0.000093 0.000000 2.682339 
5.162835 2.030922 -2.468251 2.560976 -2.987805 0.243902 1237.000000 1228.000000 1233.000000 1232.000000 0.000897 0.000094 0.000000 3.054348 
5.425837 2.176156 -2.465197 1.402439 -1.219512 0.670732 1236.000000 1229.000000 1232.000000 1233.000000 0.000897 0.000097 0.000000 3.191875 
5.866426 2.652819 -2.445609 4.390244 -5.365854 0.853659 1246.000000 1219.000000 1234.000000 1231.000000 0.000897 0.000093 0.000000 3.467183 
7.315957 3.852106 -2.376912 5.792683 -6.707317 0.426829 1243.000000 1222.000000 1235.000000 1230.000000 0.000897 0.000097 0.000000 4.334450 
8.170698 4.701303 -2.305579 0.670732 -0.182927 0.365854 1223.000000 1242.000000 1232.000000 1233.000000 0.000897 0.000093 0.000000 4.890685 
8.544827 5.376457 -2.227852 4.939024 -4.939024 1.158537 1245.000000 1218.000000 1230.000000 1233.000000 0.000897 0.000096 0.000000 5.210640 
9.388845 6.052219 -2.152508 3.780488 -3.536585 0.609756 1238.000000 1227.000000 1232.000000 1233.000000 0.000897 0.000099 0.000000 5.732615 
10.246768 6.866861 -2.040744 3.902439 -4.329268 0.548781 1242.000000 1221.000000 1232.000000 1231.000000 0.000897 0.000094 0.000000 6.298370 
11.158159 7.624899 -1.942563 5.487805 -6.036585 -0.182927 1243.000000 1222.000000 1233.000000 1232.000000 0.000897 0.000098 0.000000 6.875691 
12.197651 8.767251 -1.798114 5.365854 -6.158537 1.341463 1247.000000 1214.000000 1232.000000 1229.000000 0.000897 0.000092 0.000000 7.614581 
13.231770 9.717072 -1.641225 3.658537 -3.353659 0.426829 1250.000000 1215.000000 1232.000000 1233.000000 0.000897 0.000093 0.000000 8.298176 
13.092701 9.718240 -1.631352 -3.536585 4.268293 -0.426829 1236.000000 1229.000000 1231.000000 1234.000000 0.000897 0.000092 0.000000 8.241929 
11.806834 8.583688 -1.828358 -7.256098 7.804878 0.304878 1237.000000 1228.000000 1231.000000 1234.000000 0.000897 0.000093 0.000000 7.405706 
10.810100 7.425353 -2.014222 -2.500000 2.621951 0.121951 1246.000000 1219.000000 1232.000000 1233.000000 0.000897 0.000092 0.000000 6.683779 
9.839501 6.565876 -2.123191 -6.463415 7.012195 -0.000000 1236.000000 1229.000000 1233.000000 1232.000000 0.000897 0.000093 0.000000 6.056118 
8.393064 5.283048 -2.274977 -5.426829 6.158537 -0.000000 1245.000000 1220.000000 1231.000000 1234.000000 0.000897 0.000092 0.000000 5.129004 
7.302290 4.212177 -2.363498 -6.829268 6.890244 -0.243902 1238.000000 1225.000000 1231.000000 1232.000000 0.000897 0.000093 0.000000 4.412641 
5.883690 3.017550 -2.422652 -7.378049 8.475610 -0.365854 1238.000000 1227.000000 1230.000000 1235.000000 0.000897 0.000093 0.000000 3.547127 
4.047863 1.180847 -2.501733 -10.243902 11.341464 0.182927 1230.000000 1233.000000 1229.000000 1234.000000 0.000897 0.000092 0.000000 2.461879 
2.138972 -0.451721 -2.497362 -8.414635 9.878049 0.670732 1241.000000 1224.000000 1230.000000 1235.000000 0.000897 0.000093 0.000000 1.656231 
0.389611 -2.007296 -2.466528 -8.048780 8.414635 0.609756 1240.000000 1225.000000 1233.000000 1232.000000 0.000897 0.000092 0.000000 1.599243 
-2.786428 -5.079848 -2.309260 -8.231708 8.963415 -0.060976 1241.000000 1224.000000 1231.000000 1234.000000 0.000897 0.000093 0.000000 3.140929 
-4.015690 -6.112678 -2.188225 -8.780488 8.048780 -0.670732 1235.000000 1230.000000 1236.000000 1229.000000 0.000897 0.000092 0.000000 3.846900 
-5.740132 -8.000400 -1.975982 -6.585366 8.170732 -0.426829 1222.000000 1243.000000 1229.000000 1236.000000 0.000897 0.000093 0.000000 5.059156 
-6.391146 -8.544480 -1.902064 -0.609756 0.365854 0.853659 1239.000000 1226.000000 1234.000000 1231.000000 0.000898 0.000092 0.000000 5.458908 
-6.846368 -9.295163 -1.828223 0.792683 -0.000000 -0.243902 1232.000000 1231.000000 1229.000000 1234.000000 0.000897 0.000092 0.000000 5.884965 
-6.684947 -8.903393 -1.848161 -3.902439 3.719512 -0.365854 1220.000000 1245.000000 1233.000000 1232.000000 0.000897 0.000093 0.000000 5.683169 
-7.482575 -10.200958 -1.665070 1.036585 -1.707317 -0.426829 1242.000000 1223.000000 1234.000000 1231.000000 0.000897 0.000092 0.000000 6.420281 
-6.187227 -8.900589 -1.900591 8.475610 -8.536586 0.853659 1255.000000 1210.000000 1231.000000 1234.000000 0.000897 0.000093 0.000000 5.541957 
-5.785484 -8.415311 -1.959581 2.134146 -1.707317 -0.609756 1241.000000 1224.000000 1231.000000 1234.000000 0.000897 0.000092 0.000000 5.237458 
-4.765120 -7.465892 -2.120143 4.573171 -5.487805 1.158537 1236.000000 1227.000000 1233.000000 1230.000000 0.000897 0.000093 0.000000 4.588469 
-4.581390 -7.153448 -2.161551 -0.365854 1.158537 0.914634 1226.000000 1239.000000 1231.000000 1234.000000 0.000897 0.000093 0.000000 4.416856 
-4.167823 -6.449879 -2.252715 3.475610 -4.024390 -0.182927 1245.000000 1220.000000 1233.000000 1232.000000 0.000897 0.000092 0.000000 4.033520 
-2.985386 -5.580246 -2.318978 3.963415 -4.573171 -0.792683 1239.000000 1226.000000 1233.000000 1232.000000 0.000897 0.000093 0.000000 3.394480 
-3.004253 -5.556931 -2.325783 -3.475610 3.109756 -0.365854 1220.000000 1245.000000 1233.000000 1232.000000 0.000897 0.000092 0.000000 3.390382 
-3.735761 -6.030255 -2.253380 -0.731707 0.426829 -0.121951 1238.000000 1227.000000 1233.000000 1232.000000 0.000897 0.000093 0.000000 3.750454 
-2.908270 -4.777813 -2.381798 6.402439 -6.585366 -0.121951 1252.000000 1213.000000 1231.000000 1234.000000 0.000897 0.000093 0.000000 3.062924 
-1.090274 -3.195910 -2.495495 -1.707317 1.829268 -0.304878 1222.000000 1243.000000 1232.000000 1233.000000 0.000897 0.000092 0.000000 2.108215 
-1.196185 -3.205243 -2.456695 0.792683 -1.036585 0.548781 1239.000000 1226.000000 1233.000000 1232.000000 0.000897 0.000093 0.000000 2.115536 
-0.828599 -3.115957 -2.496221 2.195122 -2.378049 0.060976 1236.000000 1229.000000 1234.000000 1231.000000 0.000897 0.000092 0.000000 2.045549 
-0.511650 -2.690265 -2.512378 1.219512 -2.256098 -0.000000 1235.000000 1228.000000 1234.000000 1229.000000 0.000897 0.000093 0.000000 1.862146 
0.011189 -2.290766 -2.530374 3.963415 -4.329268 -0.731707 1244.000000 1221.000000 1232.000000 1233.000000 0.000897 0.000093 0.000000 1.706512 
0.408959 -1.765234 -2.556288 1.158537 -1.524390 -0.975610 1233.000000 1232.000000 1233.000000 1232.000000 0.000897 0.000092 0.000000 1.563980 
0.741220 -1.735588 -2.548853 2.865854 -1.951220 -0.426829 1237.000000 1228.000000 1229.000000 1236.000000 0.000897 0.000093 0.000000 1.581153 
1.434779 -1.128972 -2.585325 1.341463 -2.073171 0.548781 1235.000000 1230.000000 1235.000000 1230.000000 0.000897 0.000092 0.000000 1.576691 
1.533511 -1.126521 -2.584439 -0.121951 -0.426829 0.487805 1234.000000 1229.000000 1233.000000 1230.000000 0.000897 0.000092 0.000000 1.598509 
1.832530 -0.889745 -2.564087 2.073171 -1.829268 0.548781 1239.000000 1226.000000 1231.000000 1234.000000 0.000897 0.000093 0.000000 1.631709 
2.200692 -0.588146 -2.578368 0.365854 -0.060976 -0.487805 1230.000000 1235.000000 1232.000000 1233.000000 0.000897 0.000092 0.000000 1.715890 
2.190031 -0.317824 -2.556052 -0.548781 0.670732 0.060976 1232.000000 1233.000000 1232.000000 1233.000000 0.000897 0.000093 0.000000 1.688064 
2.293437 -0.609986 -2.564639 0.975610 -0.853659 -0.304878 1237.000000 1228.000000 1233.000000 1232.000000 0.000897 0.000093 0.000000 1.742486 
2.183771 -0.888158 -2.587971 0.060976 -1.341463 0.426829 1234.000000 1231.000000 1236.000000 1229.000000 0.000897 0.000092 0.000000 1.744058 
2.455150 -0.635003 -2.560066 0.000000 0.975610 -0.243902 1230.000000 1235.000000 1230.000000 1235.000000 0.000897 0.000093 0.000000 1.796785 
2.294454 -0.655990 -2.567371 -2.439024 1.768293 -0.304878 1228.000000 1237.000000 1235.000000 1230.000000 0.000897 0.000092 0.000000 1.747645 
2.369128 -1.160591 -2.585255 0.548781 -0.548781 -0.060976 1234.000000 1231.000000 1233.000000 1232.000000 0.000897 0.000092 0.000000 1.838347 
1.841238 -1.780708 -2.554698 -2.378049 2.743902 0.060976 1227.000000 1238.000000 1232.000000 1233.000000 0.000897 0.000093 0.000000 1.798636 
1.157773 -2.907724 -2.571061 1.158537 -0.853659 -0.121951 1238.000000 1227.000000 1232.000000 1233.000000 0.000897 0.000092 0.000000 2.015671 
0.948763 -2.719858 -2.572519 -2.195122 0.914634 0.121951 1227.000000 1236.000000 1234.000000 1229.000000 0.000897 0.000092 0.000000 1.923357 
0.790898 -2.898222 -2.579323 0.670732 0.853659 -0.548781 1236.000000 1229.000000 1226.000000 1239.000000 0.000897 0.000093 0.000000 1.973082 
0.895016 -2.488287 -2.556836 0.487805 -1.097561 0.243902 1234.000000 1231.000000 1234.000000 1231.000000 0.000897 0.000092 0.000000 1.832269 
1.068525 -2.226844 -2.547176 -0.243902 -0.121951 0.914634 1229.000000 1234.000000 1232.000000 1231.000000 0.000897 0.000093 0.000000 1.766468 
0.908512 -2.409967 -2.586198 -0.060976 1.951220 0.670732 1231.000000 1234.000000 1228.000000 1237.000000 0.000897 0.000093 0.000000 1.818115 
1.454355 -0.984973 -2.627910 2.195122 -1.585366 -0.000000 1236.000000 1229.000000 1230.000000 1235.000000 0.000897 0.000092 0.000000 1.575201 
1.753403 -0.898786 -2.571659 0.487805 -2.073171 -0.365854 1235.000000 1228.000000 1236.000000 1227.000000 0.000897 0.000093 0.000000 1.614346 
1.738007 -0.858268 -2.583632 0.792683 0.426829 -0.060976 1234.000000 1231.000000 1230.000000 1235.000000 0.000897 0.000093 0.000000 1.609611 
1.705415 -0.852501 -2.608672 -1.707317 1.829268 0.304878 1228.000000 1237.000000 1233.000000 1232.000000 0.000897 0.000092 0.000000 1.610340 
1.017730 -1.874440 -2.605493 -0.853659 0.914634 -1.280488 1232.000000 1231.000000 1232.000000 1231.000000 0.000897 0.000093 0.000000 1.677014 
0.840947 -2.616506 -2.592949 1.463415 -1.463415 -0.121951 1236.000000 1229.000000 1231.000000 1234.000000 0.000897 0.000093 0.000000 1.882528 
1.337396 -2.025244 -2.591431 -0.853659 1.280488 0.792683 1225.000000 1240.000000 1231.000000 1234.000000 0.000897 0.000092 0.000000 1.766468 
1.024270 -1.949623 -2.588749 -2.012195 1.585366 0.670732 1230.000000 1233.000000 1233.000000 1230.000000 0.000897 0.000093 0.000000 1.692695 
2.114267 -0.957009 -2.628608 2.195122 -2.987805 -1.158537 1239.000000 1234.000000 1240.000000 1233.000000 0.000897 0.000093 0.000000 1.746525 
1.947492 -1.257939 -2.600345 -0.060976 0.060976 -0.121951 1238.000000 1235.000000 1236.000000 1237.000000 0.000897 0.000092 0.000000 1.733817 
2.296470 -0.973114 -2.626884 1.768293 -2.012195 1.646341 1241.000000 1232.000000 1237.000000 1236.000000 0.000897 0.000092 0.000000 1.803959 
2.520089 -0.676692 -2.628030 -1.219512 1.280488 0.792683 1247.000000 1262.000000 1254.000000 1255.000000 0.000897 0.000093 0.000000 1.846314 
2.639128 -0.611118 -2.635227 1.707317 -3.231707 -0.121951 1273.000000 1252.000000 1266.000000 1259.000000 0.000897 0.000092 0.000000 1.884606 
3.598958 0.168695 -2.611027 2.439024 -2.134146 -0.182927 1260.000000 1263.000000 1260.000000 1263.000000 0.000897 0.000092 0.000000 2.226159 
3.011598 -0.228187 -2.613590 -6.585366 6.036585 1.036585 1246.000000 1279.000000 1264.000000 1261.000000 0.000897 0.000093 0.000000 1.994981 
2.108463 -0.743497 -2.593395 2.439024 -2.073171 -0.121951 1283.000000 1242.000000 1260.000000 1265.000000 0.000898 0.000092 0.000000 1.706742 
3.600103 0.272529 -2.635132 -5.731708 6.646342 -0.670732 1235.000000 1288.000000 1259.000000 1264.000000 0.000897 0.000092 0.000000 2.237297 
2.720295 -0.687988 -2.601552 -0.121951 -0.121951 0.060976 1272.000000 1251.000000 1262.000000 1261.000000 0.000897 0.000093 0.000000 1.907520 
2.929907 -0.443633 -2.624943 -1.341463 0.853659 0.609756 1253.000000 1268.000000 1262.000000 1259.000000 0.000897 0.000093 0.000000 1.975461 
2.906456 -0.559740 -2.584910 -0.548781 1.036585 -0.243902 1261.000000 1260.000000 1259.000000 1262.000000 0.000897 0.000092 0.000000 1.960045 
3.015936 -0.191765 -2.611782 1.951220 -2.134146 0.914634 1266.000000 1253.000000 1260.000000 1259.000000 0.000897 0.000093 0.000000 1.995275 
3.360729 0.120577 -2.567541 -0.609756 0.548781 -0.487805 1256.000000 1265.000000 1260.000000 1261.000000 0.000898 0.000092 0.000000 2.116461 
2.990633 -0.130857 -2.585879 -0.365854 1.524390 -0.000000 1259.000000 1260.000000 1258.000000 1261.000000 0.000897 0.000093 0.000000 1.976650 
2.952795 0.074666 -2.546044 -0.060976 -1.158537 -0.060976 1263.000000 1258.000000 1264.000000 1257.000000 0.000897 0.000093 0.000000 1.950336 
3.316388 0.454769 -2.559827 -0.365854 -0.060976 0.792683 1257.000000 1262.000000 1261.000000 1258.000000 0.000897 0.000092 0.000000 2.110905 
3.436436 0.468453 -2.551942 0.731707 -0.365854 -0.792683 1262.000000 1259.000000 1258.000000 1263.000000 0.000897 0.000093 0.000000 2.156947 
3.497170 0.503130 -2.572206 0.670732 -1.829268 1.524390 1267.000000 1252.000000 1264.000000 1255.000000 0.000897 0.000092 0.000000 2.189548 
3.832257 0.882951 -2.549044 -0.182927 -0.060976 -0.548781 1257.000000 1264.000000 1261.000000 1260.000000 0.000897 0.000093 0.000000 2.351103 
3.834265 0.610134 -2.557699 -0.121951 1.097561 -0.487805 1261.000000 1260.000000 1258.000000 1263.000000 0.000897 0.000092 0.000000 2.330114 
4.139437 1.210462 -2.499716 3.536585 -5.000000 0.121951 1272.000000 1249.000000 1265.000000 1256.000000 0.000897 0.000093 0.000000 2.503115 
4.493990 1.501376 -2.524179 0.000000 1.951220 0.304878 1252.000000 1269.000000 1255.000000 1266.000000 0.000897 0.000092 0.000000 2.697838 
3.850616 1.033456 -2.536893 -3.292683 1.890244 1.341463 1259.000000 1262.000000 1267.000000 1254.000000 0.000897 0.000093 0.000000 2.371906 
4.970895 2.086227 -2.540819 2.621951 -4.512195 -0.060976 1261.000000 1260.000000 1265.000000 1256.000000 0.000897 0.000092 0.000000 2.998721 
5.308270 2.415084 -2.490350 1.951220 -1.402439 -2.073171 1267.000000 1254.000000 1259.000000 1262.000000 0.000897 0.000093 0.000000 3.192182 
6.032251 2.959715 -2.462059 3.719512 -3.048780 0.914634 1265.000000 1256.000000 1259.000000 1262.000000 0.000897 0.000092 0.000000 3.604240 
6.282380 3.174679 -2.450125 -0.060976 -0.853659 -0.243902 1261.000000 1260.000000 1263.000000 1258.000000 0.000897 0.000093 0.000000 3.754472 
6.615776 3.455415 -2.485430 3.963415 -3.048780 1.036585 1271.000000 1250.000000 1259.000000 1262.000000 0.000897 0.000092 0.000000 3.964078 
7.287327 4.088837 -2.394156 0.365854 -2.073171 -1.585366 1258.000000 1263.000000 1264.000000 1257.000000 0.000897 0.000093 0.000000 4.380879 
7.330634 3.930809 -2.414281 0.060976 0.853659 0.853659 1260.000000 1261.000000 1258.000000 1263.000000 0.000897 0.000092 0.000000 4.364665 
7.761408 4.280769 -2.386763 4.573171 -5.731708 0.060976 1283.000000 1236.000000 1265.000000 1254.000000 0.000897 0.000092 0.000000 4.626180 
8.480735 5.221480 -2.307857 -2.317073 1.219512 -0.975610 1267.000000 1254.000000 1266.000000 1255.000000 0.000897 0.000093 0.000000 5.153471 
8.110694 5.037624 -2.339649 -1.463415 2.195122 0.670732 1269.000000 1250.000000 1259.000000 1260.000000 0.000897 0.000092 0.000000 4.956024 
7.406656 4.449704 -2.380088 -4.451220 5.731708 -0.365854 1262.000000 1257.000000 1257.000000 1262.000000 0.000897 0.000093 0.000000 4.518134 
6.509183 3.578563 -2.441149 -4.756098 4.085366 -0.304878 1267.000000 1252.000000 1262.000000 1257.000000 0.000897 0.000092 0.000000 3.940344 
5.628860 2.732628 -2.480501 -6.524390 7.073171 -0.792683 1263.000000 1256.000000 1258.000000 1261.000000 0.000898 0.000093 0.000000 3.389574 
4.305506 1.488032 -2.527895 -7.500000 8.048780 0.914634 1266.000000 1253.000000 1259.000000 1260.000000 0.000897 0.000092 0.000000 2.618232 
2.751027 -0.063472 -2.546494 -8.902439 9.817074 -0.487805 1262.000000 1255.000000 1256.000000 1261.000000 0.000897 0.000093 0.000000 1.873984 
-0.400640 -3.260463 -2.437449 -9.451220 10.060976 -0.304878 1244.000000 1227.000000 1235.000000 1236.000000 0.000897 0.000093 0.000000 2.048513 
-1.975336 -4.513525 -2.323712 -8.353659 8.780488 0.243902 1241.000000 1230.000000 1235.000000 1236.000000 0.000897 0.000092 0.000000 2.739954 
-3.523027 -6.106868 -2.193399 -9.207317 10.000000 0.121951 1233.000000 1238.000000 1234.000000 1237.000000 0.000897 0.000093 0.000000 3.718944 
-4.749179 -7.254201 -2.059633 -2.317073 1.890244 -0.304878 1242.000000 1227.000000 1235.000000 1234.000000 0.000897 0.000092 0.000000 4.489430 
-4.765887 -7.542058 -2.070045 2.621951 -1.646341 -1.036585 1240.000000 1229.000000 1232.000000 1237.000000 0.000897 0.000093 0.000000 4.613503 
-4.811622 -7.541638 -2.044086 -1.158537 -0.060976 -0.000000 1232.000000 1239.000000 1239.000000 1232.000000 0.000897 0.000092 0.000000 4.622198 
-4.716241 -7.387376 -2.078401 4.329268 -2.804878 1.219512 1247.000000 1222.000000 1231.000000 1238.000000 0.000897 0.000093 0.000000 4.537601 
-3.794602 -6.469413 -2.229926 4.756098 -6.219512 1.951220 1247.000000 1224.000000 1239.000000 1232.000000 0.000897 0.000093 0.000000 3.941984 
-3.144057 -5.767056 -2.340999 -1.158537 -0.975610 -0.792683 1236.000000 1233.000000 1240.000000 1229.000000 0.000897 0.000092 0.000000 3.512514 
-2.578429 -5.256215 -2.354403 4.512195 -3.536585 -0.243902 1244.000000 1227.000000 1232.000000 1239.000000 0.000897 0.000093 0.000000 3.176751 
-1.971160 -4.819989 -2.418355 1.463415 -2.195122 1.768293 1237.000000 1234.000000 1237.000000 1234.000000 0.000897 0.000092 0.000000 2.887918 
-1.788734 -4.600110 -2.475788 1.585366 -1.707317 1.524390 1237.000000 1234.000000 1236.000000 1235.000000 0.000897 0.000093 0.000000 2.776644 
-1.750639 -4.590794 -2.490474 0.731707 0.548781 -0.548781 1234.000000 1237.000000 1232.000000 1239.000000 0.000898 0.000093 0.000000 2.769727 
-1.383251 -4.256174 -2.464928 3.231707 -5.426829 -0.609756 1248.000000 1221.000000 1240.000000 1229.000000 0.000897 0.000092 0.000000 2.566740 
-0.378444 -3.244550 -2.526715 3.780488 -2.317073 0.304878 1237.000000 1234.000000 1231.000000 1240.000000 0.000897 0.000093 0.000000 2.068006 
-0.420144 -3.224103 -2.561142 -2.317073 1.524390 1.280488 1227.000000 1244.000000 1238.000000 1233.000000 0.000897 0.000092 0.000000 2.073015 
-0.015624 -2.512628 -2.604141 1.097561 -2.621951 0.060976 1238.000000 1233.000000 1240.000000 1231.000000 0.000897 0.000093 0.000000 1.809375 
0.045569 -2.435507 -2.574974 0.426829 0.365854 -0.487805 1236.000000 1235.000000 1234.000000 1237.000000 0.000898 0.000092 0.000000 1.771888 
0.289433 -2.417798 -2.589295 1.768293 -2.804878 0.609756 1241.000000 1230.000000 1238.000000 1233.000000 0.000897 0.000092 0.000000 1.774868 
0.993005 -1.713795 -2.603503 1.036585 -0.792683 -0.609756 1231.000000 1240.000000 1236.000000 1235.000000 0.000897 0.000093 0.000000 1.629668 
1.063044 -1.653360 -2.612042 2.439024 -3.109756 -0.487805 1244.000000 1229.000000 1239.000000 1234.000000 0.000897 0.000092 0.000000 1.628227 
1.781748 -1.033134 -2.619602 2.682927 -2.682927 0.609756 1238.000000 1233.000000 1236.000000 1235.000000 0.000897 0.000093 0.000000 1.659654 
2.439055 -0.486648 -2.617689 0.853659 -2.317073 0.670732 1236.000000 1235.000000 1240.000000 1231.000000 0.000897 0.000093 0.000000 1.801571 
2.889929 0.018463 -2.614600 3.719512 -3.658537 0.975610 1241.000000 1230.000000 1233.000000 1238.000000 0.000897 0.000092 0.000000 1.948629 
3.733945 0.758431 -2.607283 3.414634 -4.817073 0.304878 1241.000000 1230.000000 1238.000000 1233.000000 0.000897 0.000093 0.000000 2.315283 
4.219737 1.184672 -2.602272 1.890244 -2.195122 0.609756 1235.000000 1236.000000 1235.000000 1236.000000 0.000897 0.000092 0.000000 2.559485 
4.825483 1.801923 -2.566524 3.048780 -4.207317 -0.182927 1241.000000 1228.000000 1235.000000 1234.000000 0.000897 0.000092 0.000000 2.894079 
6.279718 2.949784 -2.494827 2.134146 -3.109756 -0.548781 1237.000000 1236.000000 1237.000000 1236.000000 0.000897 0.000093 0.000000 3.713147 
6.876071 3.655629 -2.466695 5.121951 -5.914634 -0.731707 1246.000000 1227.000000 1237.000000 1236.000000 0.000897 0.000092 0.000000 4.116563 
8.032062 4.797730 -2.368585 5.975610 -7.012195 -0.731707 1243.000000 1230.000000 1237.000000 1236.000000 0.000897 0.000093 0.000000 4.865304 
9.224981 5.913271 -2.247790 5.609756 -6.585366 -0.853659 1242.000000 1231.000000 1237.000000 1236.000000 0.000897 0.000093 0.000000 5.638437 
10.731956 7.309160 -2.060741 6.951220 -7.073171 -0.000000 1245.000000 1228.000000 1235.000000 1238.000000 0.000897 0.000092 0.000000 6.623682 
12.126733 8.650543 -1.868853 8.414635 -9.512196 0.182927 1255.000000 1218.000000 1238.000000 1235.000000 0.000897 0.000093 0.000000 7.558164 
14.075967 10.581192 -1.516723 9.146341 -9.634147 0.670732 1252.000000 1221.000000 1236.000000 1237.000000 0.000898 0.000092 0.000000 8.884757 
15.230519 11.248745 -1.393719 2.621951 -2.560976 0.182927 1233.000000 1238.000000 1236.000000 1235.000000 0.000897 0.000092 0.000000 9.537412 
15.768234 12.004877 -1.236207 6.524390 -6.646342 -0.792683 1261.000000 1210.000000 1236.000000 1235.000000 0.000897 0.000093 0.000000 9.967939 
16.350437 12.752112 -1.066365 -0.426829 -0.426829 -0.121951 1241.000000 1230.000000 1238.000000 1233.000000 0.000897 0.000092 0.000000 10.414557 
16.207922 12.575574 -1.103974 -1.341463 2.012195 -0.000000 1248.000000 1223.000000 1234.000000 1237.000000 0.000897 0.000092 0.000000 10.306774 
15.923947 12.352126 -1.140115 -2.195122 2.378049 0.426829 1246.000000 1227.000000 1239.000000 1234.000000 0.000897 0.000093 0.000000 10.128713 
15.476519 11.963508 -1.239970 -2.500000 1.951220 0.914634 1249.000000 1224.000000 1240.000000 1233.000000 0.000897 0.000092 0.000000 9.840031 
15.257010 11.821273 -1.275168 0.060976 0.792683 -0.000000 1251.000000 1220.000000 1234.000000 1237.000000 0.000897 0.000092 0.000000 9.712317 
14.894238 11.509937 -1.330251 -3.414634 3.048780 -0.365854 1243.000000 1232.000000 1239.000000 1236.000000 0.000897 0.000093 0.000000 9.477639 
14.366999 10.979642 -1.447958 -2.500000 2.378049 -0.365854 1252.000000 1223.000000 1239.000000 1236.000000 0.000897 0.000092 0.000000 9.115851 
14.375719 10.740743 -1.501528 -5.243903 5.914634 -0.304878 1234.000000 1239.000000 1240.000000 1233.000000 0.000897 0.000092 0.000000 9.051259 
13.123992 9.455685 -1.727666 -4.146341 4.634146 -0.609756 1251.000000 1224.000000 1238.000000 1237.000000 0.000897 0.000093 0.000000 8.184820 
12.817302 9.210773 -1.779516 -0.914634 0.304878 -0.304878 1254.000000 1221.000000 1240.000000 1235.000000 0.000897 0.000092 0.000000 7.993453 
12.643860 9.369797 -1.725516 -2.560976 2.621951 -0.365854 1245.000000 1228.000000 1238.000000 1235.000000 0.000897 0.000092 0.000000 7.965999 
12.163796 8.874263 -1.799072 -1.280488 2.195122 0.914634 1253.000000 1222.000000 1237.000000 1238.000000 0.000897 0.000093 0.000000 7.632524 
12.214308 8.719931 -1.826404 1.463415 -1.097561 0.304878 1262.000000 1213.000000 1238.000000 1237.000000 0.000897 0.000092 0.000000 7.610018 
12.206971 8.725066 -1.828716 -2.804878 3.231707 -0.731707 1247.000000 1228.000000 1236.000000 1239.000000 0.000897 0.000092 0.000000 7.608754 
11.053137 7.721723 -1.948633 -9.207317 10.060976 0.365854 1238.000000 1239.000000 1237.000000 1240.000000 0.000897 0.000093 0.000000 6.861013 
9.138220 6.035414 -2.137905 -2.073171 2.865854 0.731707 1262.000000 1221.000000 1240.000000 1243.000000 0.000897 0.000092 0.000000 5.622948 
8.156363 5.286967 -2.215051 -7.317073 7.439024 -0.487805 1243.000000 1232.000000 1238.000000 1237.000000 0.000897 0.000092 0.000000 5.024767 
6.790481 4.092084 -2.307456 -7.012195 6.951220 -0.304878 1248.000000 1229.000000 1238.000000 1239.000000 0.000897 0.000093 0.000000 4.161466 
5.527025 2.711089 -2.374514 -7.012195 7.865854 -0.121951 1248.000000 1229.000000 1238.000000 1239.000000 0.000898 0.000093 0.000000 3.322132 
3.787848 1.195236 -2.439333 -9.512196 9.573171 0.670732 1243.000000 1234.000000 1239.000000 1238.000000 0.000897 0.000092 0.000000 2.340674 
2.087288 -0.408197 -2.446411 -7.560976 8.780488 -0.121951 1247.000000 1230.000000 1237.000000 1240.000000 0.000897 0.000093 0.000000 1.617978 
0.555072 -2.015124 -2.419072 -8.963415 9.695122 -0.487805 1244.000000 1233.000000 1238.000000 1239.000000 0.000897 0.000093 0.000000 1.594709 
-1.177710 -3.581058 -2.330680 -8.719512 10.182927 -0.914634 1241.000000 1234.000000 1236.000000 1239.000000 0.000897 0.000092 0.000000 2.225543 
-3.852197 -6.246279 -2.089762 -8.658537 8.597561 -0.182927 1240.000000 1235.000000 1239.000000 1236.000000 0.000897 0.000093 0.000000 3.843132 
-5.103848 -7.533812 -1.946859 -5.243903 6.646342 -0.000000 1232.000000 1245.000000 1236.000000 1241.000000 0.000897 0.000093 0.000000 4.686632 
-5.451494 -8.065424 -1.904576 0.792683 -1.158537 0.182927 1246.000000 1229.000000 1238.000000 1237.000000 0.000897 0.000092 0.000000 4.995007 
-5.237001 -7.803533 -1.953944 0.853659 -2.256098 -0.853659 1242.000000 1233.000000 1240.000000 1235.000000 0.000897 0.000092 0.000000 4.834280 
-4.766682 -7.349003 -2.000160 4.024390 -2.439024 -0.609756 1247.000000 1230.000000 1234.000000 1243.000000 0.000897 0.000093 0.000000 4.525281 
-4.377872 -6.936645 -2.056469 0.060976 -2.439024 0.182927 1240.000000 1237.000000 1245.000000 1232.000000 0.000897 0.000093 0.000000 4.259426 
-4.545654 -7.192175 -2.041256 -0.731707 2.134146 0.792683 1228.000000 1247.000000 1230.000000 1245.000000 0.000898 0.000092 0.000000 4.407000 
-4.427805 -7.242914 -2.026129 1.707317 -2.195122 -0.182927 1234.000000 1239.000000 1235.000000 1238.000000 0.000897 0.000092 0.000000 4.395163 
-2.409454 -5.526458 -2.252524 4.024390 -4.939024 -0.243902 1221.000000 1248.000000 1232.000000 1237.000000 0.000897 0.000092 0.000000 3.237852 
-1.692217 -4.871075 -2.319023 5.304878 -5.121951 0.853659 1247.000000 1222.000000 1234.000000 1235.000000 0.000897 0.000093 0.000000 2.841520 
-0.869849 -4.003879 -2.395339 0.426829 -0.000000 1.463415 1244.000000 1227.000000 1235.000000 1236.000000 0.000897 0.000092 0.000000 2.380473 
-1.252205 -4.321577 -2.363914 -4.329268 5.121951 0.304878 1241.000000 1228.000000 1233.000000 1236.000000 0.000897 0.000093 0.000000 2.552056 
-2.586521 -5.430703 -2.231732 -8.109756 9.573171 0.548781 1242.000000 1237.000000 1237.000000 1242.000000 0.000898 0.000093 0.000000 3.228770 
-4.416014 -7.071583 -2.032017 -6.646342 7.012195 0.121951 1258.000000 1229.000000 1245.000000 1242.000000 0.000897 0.000092 0.000000 4.321825 
-5.554118 -8.126163 -1.880169 -7.134147 8.597561 -0.000000 1262.000000 1251.000000 1254.000000 1259.000000 0.000897 0.000093 0.000000 5.045740 
-7.479450 -10.097633 -1.557275 -13.231708 13.353659 0.731707 1286.000000 1327.000000 1308.000000 1305.000000 0.000897 0.000092 0.000000 6.368428 
-10.591379 -13.150042 -0.886020 -1.951220 0.975610 -1.341463 1220.000000 1199.000000 1212.000000 1207.000000 0.000897 0.000093 0.000000 8.478503 
-10.571699 -12.706916 -0.985605 -0.365854 0.426829 0.304878 1175.000000 1172.000000 1172.000000 1175.000000 0.000897 0.000092 0.000000 8.307281 
-10.888220 -13.084798 -0.895085 -3.292683 3.536585 0.487805 1181.000000 1202.000000 1190.000000 1193.000000 0.000897 0.000093 0.000000 8.547965 
-11.443630 -13.800671 -0.772789 -2.012195 1.646341 -0.853659 1257.000000 1254.000000 1257.000000 1254.000000 0.000897 0.000092 0.000000 8.993091 
-11.633791 -14.109488 -0.679505 -1.036585 2.073171 0.365854 1245.000000 1256.000000 1248.000000 1253.000000 0.000897 0.000093 0.000000 9.167096 
-12.298131 -14.733054 -0.505225 -4.207317 4.817073 -0.365854 1100.000000 1115.000000 1105.000000 1106.000000 0.000898 0.000092 0.000000 9.608873 
-13.077724 -15.425465 -0.292691 -2.865854 3.353659 0.548781 1102.000000 1111.000000 1106.000000 1107.000000 0.000897 0.000092 0.000000 10.112505 
-13.374832 -15.874133 -0.145934 -0.975610 2.134146 -0.792683 1105.000000 1110.000000 1106.000000 1109.000000 0.000898 0.000092 0.000000 10.371698 
-14.131845 -16.512384 0.066933 -3.597561 4.207317 -0.060976 1100.000000 1116.000000 1106.000000 1107.000000 0.000897 0.000093 0.000000 10.847961 
-14.905415 -17.318699 0.266419 -4.451220 4.695122 0.060976 1100.000000 1115.000000 1106.000000 1107.000000 0.000897 0.000093 0.000000 11.393868 
-15.709949 -18.033983 0.518528 -6.097561 5.670732 -0.304878 1100.000000 1110.000000 1100.000000 1100.000000 0.000897 0.000092 0.000000 11.913054 
-16.853979 -19.222811 0.915277 -8.109756 8.170732 -0.365854 1100.000000 1100.000000 1100.000000 1100.000000 0.000897 0.000092 0.000000 12.713658 
-17.879215 -20.371164 1.292259 1.585366 -1.707317 0.060976 1100.000000 1100.000000 1100.000000 1100.000000 0.000898 0.000092 0.000000 13.460080 
-18.046120 -20.460655 1.324776 0.304878 0.304878 0.182927 1100.000000 1100.000000 1100.000000 1100.000000 0.000897 0.000092 0.000000 13.546328 
-18.078806 -20.463186 1.338469 0.000000 -0.182927 -0.121951 1100.000000 1100.000000 1100.000000 1100.000000 0.000898 0.000092 0.000000 13.557419 
-18.240574 -20.423265 1.329897 0.426829 -0.243902 -0.182927 1105.000000 1100.000000 1101.000000 1104.000000 0.000897 0.000092 0.000000 13.595782 
-18.271166 -20.723776 1.418954 -0.487805 0.121951 -0.000000 1114.000000 1117.000000 1116.000000 1115.000000 0.000897 0.000092 0.000000 13.713627 
-18.449007 -20.994253 1.507979 0.121951 0.182927 0.060976 1126.000000 1127.000000 1126.000000 1127.000000 0.000897 0.000092 0.000000 13.868449 
-18.417391 -21.072430 1.528121 0.000000 -0.000000 -0.365854 1171.000000 1170.000000 1170.000000 1171.000000 0.000897 0.000093 0.000000 13.886575 
-18.413326 -21.270309 1.586974 -0.304878 0.121951 -0.548781 1174.000000 1175.000000 1175.000000 1174.000000 0.000897 0.000092 0.000000 13.956964 
-18.430513 -21.157436 1.550130 0.548781 -0.060976 0.853659 1178.000000 1175.000000 1175.000000 1178.000000 0.000897 0.000092 0.000000 13.921664 
-18.429956 -21.294447 1.591293 0.548781 -0.792683 0.304878 1178.000000 1177.000000 1179.000000 1176.000000 0.000898 0.000092 0.000000 13.971159 
-18.384789 -21.292603 1.605653 0.548781 0.121951 -0.121951 1197.000000 1190.000000 1191.000000 1196.000000 0.000897 0.000092 0.000000 13.955521 
-18.375931 -21.233221 1.577329 -0.304878 0.243902 0.182927 1185.000000 1202.000000 1191.000000 1196.000000 0.000898 0.000092 0.000000 13.931455 
-18.355976 -21.243120 1.590326 0.609756 -0.365854 0.060976 1185.000000 1200.000000 1189.000000 1196.000000 0.000897 0.000092 0.000000 13.928320 
-18.350239 -21.277710 1.611574 -0.365854 -0.243902 -0.000000 1189.000000 1198.000000 1191.000000 1196.000000 0.000897 0.000092 0.000000 13.938715 
-18.307497 -21.335701 1.638273 0.304878 -0.060976 -0.365854 1195.000000 1190.000000 1191.000000 1194.000000 0.000897 0.000092 0.000000 13.945888 
-18.308609 -21.280607 1.614923 0.609756 -0.060976 0.426829 1194.000000 1193.000000 1193.000000 1194.000000 0.000897 0.000093 0.000000 13.926375 
-18.296083 -21.348106 1.642521 -0.182927 -0.182927 0.792683 1206.000000 1181.000000 1195.000000 1192.000000 0.000898 0.000092 0.000000 13.946752 
-18.270922 -21.340424 1.651828 0.243902 0.365854 0.060976 1212.000000 1175.000000 1194.000000 1193.000000 0.000897 0.000093 0.000000 13.935554 
-18.359438 -21.414619 1.679962 0.670732 -0.304878 0.609756 1217.000000 1172.000000 1194.000000 1195.000000 0.000897 0.000092 0.000000 13.990651 
-18.362906 -21.451487 1.686871 0.670732 -0.487805 0.182927 1206.000000 1181.000000 1195.000000 1192.000000 0.000897 0.000092 0.000000 14.005349 
-18.307882 -21.382046 1.651150 0.731707 -1.036585 0.914634 1197.000000 1192.000000 1195.000000 1194.000000 0.000897 0.000093 0.000000 13.962953 
-18.408785 -21.378807 1.662135 1.158537 -0.426829 0.487805 1195.000000 1192.000000 1192.000000 1195.000000 0.000897 0.000092 0.000000 13.993575 
-18.407009 -21.483839 1.707551 0.731707 -0.060976 0.609756 1193.000000 1194.000000 1191.000000 1196.000000 0.000897 0.000092 0.000000 14.030854 
-18.447777 -21.551510 1.731709 -0.670732 0.426829 0.548781 1185.000000 1204.000000 1192.000000 1197.000000 0.000897 0.000092 0.000000 14.068414 
-18.596197 -21.499704 1.723706 0.000000 -0.975610 -0.243902 1177.000000 1210.000000 1190.000000 1197.000000 0.000898 0.000092 0.000000 14.096682 
-18.225052 -20.955940 1.542120 3.353659 -3.414634 0.487805 1184.000000 1205.000000 1191.000000 1198.000000 0.000897 0.000092 0.000000 13.780782 
-17.409338 -20.179081 1.274341 3.658537 -4.207317 -0.365854 1198.000000 1191.000000 1193.000000 1196.000000 0.000897 0.000092 0.000000 13.237434 
-17.164579 -19.871565 1.174832 -2.804878 3.048780 -0.121951 1177.000000 1210.000000 1193.000000 1194.000000 0.000897 0.000092 0.000000 13.047040 
-18.202457 -21.042883 1.595191 -6.829268 7.926829 0.243902 1178.000000 1211.000000 1193.000000 1196.000000 0.000897 0.000092 0.000000 13.804202 
-17.950609 -20.862597 1.500060 2.804878 -3.414634 -0.060976 1201.000000 1186.000000 1196.000000 1191.000000 0.000898 0.000092 0.000000 13.659255 
-18.546036 -21.458208 1.730502 0.426829 -0.060976 -0.487805 1216.000000 1173.000000 1194.000000 1195.000000 0.000897 0.000092 0.000000 14.064930 
-18.597662 -21.392784 1.710929 0.000000 1.280488 0.121951 1192.000000 1197.000000 1190.000000 1199.000000 0.000898 0.000092 0.000000 14.057718 
-18.570759 -21.365091 1.716477 0.731707 0.548781 0.060976 1185.000000 1202.000000 1186.000000 1201.000000 0.000898 0.000092 0.000000 14.038598 
-18.649137 -21.421389 1.728863 -0.243902 -0.182927 -0.792683 1175.000000 1212.000000 1191.000000 1196.000000 0.000897 0.000092 0.000000 14.084323 
-18.364897 -21.163460 1.651016 4.207317 -4.268293 0.182927 1188.000000 1199.000000 1191.000000 1196.000000 0.000898 0.000092 0.000000 13.899504 
-17.450766 -20.388437 1.361674 5.914634 -5.121951 -0.000000 1183.000000 1202.000000 1187.000000 1198.000000 0.000897 0.000092 0.000000 13.326267 
-16.604692 -19.318977 0.991971 2.987805 -3.963415 0.243902 1181.000000 1206.000000 1193.000000 1194.000000 0.000897 0.000092 0.000000 12.666212 
-15.996974 -18.854177 0.840244 3.963415 -3.963415 -0.243902 1190.000000 1195.000000 1190.000000 1195.000000 0.000898 0.000092 0.000000 12.301805 
-14.948072 -17.822613 0.530608 3.597561 -3.902439 -1.036585 1198.000000 1187.000000 1192.000000 1193.000000 0.000897 0.000092 0.000000 11.587639 
-15.092324 -17.823647 0.552468 -5.548780 5.304878 -0.000000 1170.000000 1217.000000 1193.000000 1194.000000 0.000897 0.000092 0.000000 11.633201 
-17.816759 -20.553503 1.458511 -5.365854 4.939024 -0.060976 1191.000000 1194.000000 1195.000000 1190.000000 0.000897 0.000092 0.000000 13.502152 
-18.086193 -20.808302 1.546835 -0.060976 1.524390 -0.182927 1189.000000 1196.000000 1189.000000 1196.000000 0.000897 0.000092 0.000000 13.680944 
-18.249527 -20.964823 1.609759 0.000000 -0.426829 0.609756 1194.000000 1193.000000 1197.000000 1190.000000 0.000897 0.000092 0.000000 13.789768 
-18.115330 -20.697254 1.542080 -0.731707 0.670732 0.426829 1184.000000 1201.000000 1191.000000 1194.000000 0.000898 0.000092 0.000000 13.649186 
-18.117088 -20.796417 1.569602 -0.182927 0.548781 -0.243902 1178.000000 1209.000000 1189.000000 1198.000000 0.000897 0.000092 0.000000 13.685738 
-18.082869 -20.964800 1.609996 0.060976 -0.548781 0.365854 1174.000000 1213.000000 1194.000000 1193.000000 0.000898 0.000092 0.000000 13.736268 
-17.669765 -20.507835 1.456210 5.365854 -5.853659 -0.487805 1189.000000 1196.000000 1192.000000 1193.000000 0.000898 0.000092 0.000000 13.437983 
-16.096334 -18.872404 0.887195 10.426829 -10.792684 0.121951 1195.000000 1192.000000 1192.000000 1195.000000 0.000897 0.000092 0.000000 12.338761 
-14.609947 -16.816896 0.300746 0.365854 -0.426829 -0.121951 1171.000000 1216.000000 1191.000000 1196.000000 0.000898 0.000092 0.000000 11.107678 
-14.129786 -16.235622 0.123353 5.792683 -6.829268 0.365854 1189.000000 1196.000000 1193.000000 1192.000000 0.000898 0.000092 0.000000 10.740430 
-12.880880 -14.981794 -0.218848 5.548780 -6.097561 0.548781 1183.000000 1204.000000 1192.000000 1195.000000 0.000897 0.000092 0.000000 9.876831 
-11.674534 -13.791501 -0.536758 6.463415 -7.134147 -0.121951 1188.000000 1199.000000 1194.000000 1193.000000 0.000898 0.000092 0.000000 9.050347 
-10.316384 -12.412551 -0.856490 8.292683 -9.146341 0.243902 1189.000000 1196.000000 1193.000000 1192.000000 0.000898 0.000092 0.000000 8.104380 
-8.500123 -10.745897 -1.206215 10.487805 -11.402439 -0.975610 1194.000000 1193.000000 1193.000000 1194.000000 0.000897 0.000092 0.000000 6.908051 
-6.610085 -8.915121 -1.541781 10.304878 -11.463415 -0.121951 1202.000000 1185.000000 1192.000000 1195.000000 0.000897 0.000092 0.000000 5.635586 
-4.551790 -7.213953 -1.794113 8.292683 -8.475610 0.182927 1203.000000 1182.000000 1191.000000 1194.000000 0.000898 0.000092 0.000000 4.386732 
-4.069867 -6.705505 -1.822788 2.926829 -3.536585 -0.670732 1204.000000 1181.000000 1193.000000 1192.000000 0.000897 0.000092 0.000000 4.052604 
-2.833338 -5.648640 -1.961984 6.036585 -5.853659 0.304878 1202.000000 1185.000000 1192.000000 1195.000000 0.000897 0.000092 0.000000 3.328726 
-2.280823 -5.111670 -2.007046 1.036585 -0.975610 0.182927 1190.000000 1195.000000 1192.000000 1193.000000 0.000898 0.000092 0.000000 2.990026 
-2.160119 -4.825915 -2.041067 1.890244 -1.646341 -0.060976 1196.000000 1189.000000 1191.000000 1194.000000 0.000897 0.000092 0.000000 2.849844 
-1.511797 -4.307517 -2.063537 2.987805 -3.292683 0.182927 1199.000000 1188.000000 1194.000000 1193.000000 0.000897 0.000092 0.000000 2.516373 
-1.082014 -3.985543 -2.084723 0.670732 -0.365854 0.243902 1189.000000 1196.000000 1191.000000 1194.000000 0.000898 0.000092 0.000000 2.321362 
-1.143998 -3.867163 -2.085862 0.853659 -1.036585 1.036585 1196.000000 1189.000000 1194.000000 1191.000000 0.000897 0.000092 0.000000 2.278815 
-0.635936 -3.308927 -2.114247 4.146341 -3.780488 0.182927 1204.000000 1183.000000 1192.000000 1195.000000 0.000897 0.000092 0.000000 1.993705 
-0.020550 -2.789507 -2.120666 -0.548781 0.914634 -0.000000 1190.000000 1197.000000 1193.000000 1194.000000 0.000898 0.000093 0.000000 1.752118 
0.201217 -2.871834 -2.124172 1.097561 -1.219512 0.060976 1196.000000 1187.000000 1191.000000 1192.000000 0.000898 0.000092 0.000000 1.787284 
0.440533 -2.539743 -2.146446 1.890244 -2.012195 -0.487805 1196.000000 1189.000000 1192.000000 1193.000000 0.000897 0.000092 0.000000 1.673978 
0.777470 -2.254535 -2.168638 1.585366 -2.134146 -0.304878 1195.000000 1190.000000 1192.000000 1193.000000 0.000897 0.000092 0.000000 1.606447 
1.043711 -1.942010 -2.158654 1.524390 -1.036585 -0.426829 1193.000000 1190.000000 1190.000000 1193.000000 0.000898 0.000092 0.000000 1.536460 
1.257733 -1.670954 -2.167084 1.707317 -1.768293 0.121951 1196.000000 1187.000000 1191.000000 1192.000000 0.000897 0.000092 0.000000 1.499200 
1.737068 -1.266486 -2.170825 2.926829 -2.317073 0.853659 1197.000000 1188.000000 1192.000000 1193.000000 0.000897 0.000092 0.000000 1.520585 
1.981316 -1.000979 -2.181375 0.975610 -0.670732 0.731707 1192.000000 1193.000000 1192.000000 1193.000000 0.000898 0.000092 0.000000 1.550029 
1.951602 -1.143384 -2.166286 1.158537 -1.646341 -0.000000 1197.000000 1186.000000 1193.000000 1190.000000 0.000898 0.000092 0.000000 1.559092 
2.348732 -0.887197 -2.176409 2.073171 -1.707317 -0.121951 1194.000000 1191.000000 1191.000000 1194.000000 0.000897 0.000092 0.000000 1.655285 
2.677071 -0.535112 -2.176649 0.792683 -1.951220 0.243902 1194.000000 1189.000000 1194.000000 1189.000000 0.000898 0.000092 0.000000 1.741812 
2.918284 -0.213543 -2.186259 1.585366 -1.707317 -0.975610 1196.000000 1189.000000 1192.000000 1193.000000 0.000897 0.000092 0.000000 1.824562 
3.019650 -0.131868 -2.149217 -0.365854 0.243902 -0.670732 1191.000000 1194.000000 1192.000000 1193.000000 0.000898 0.000092 0.000000 1.853297 
3.366170 -0.031026 -2.158067 1.768293 -2.682927 0.426829 1199.000000 1184.000000 1195.000000 1188.000000 0.000897 0.000092 0.000000 1.998999 
3.796445 0.328867 -2.168707 3.109756 -2.012195 0.792683 1196.000000 1189.000000 1190.000000 1195.000000 0.000898 0.000092 0.000000 2.194815 
4.089857 0.624409 -2.163668 1.585366 -1.463415 0.426829 1194.000000 1189.000000 1192.000000 1191.000000 0.000897 0.000092 0.000000 2.339503 
3.996394 0.553643 -2.142855 0.548781 -0.731707 0.243902 1196.000000 1189.000000 1193.000000 1192.000000 0.000898 0.000093 0.000000 2.288500 
4.330057 0.696409 -2.130653 0.487805 -0.914634 0.243902 1193.000000 1190.000000 1193.000000 1190.000000 0.000897 0.000092 0.000000 2.443525 
4.750145 0.842022 -2.149886 1.463415 -1.097561 -0.000000 1195.000000 1190.000000 1190.000000 1195.000000 0.000897 0.000092 0.000000 2.647745 
4.619197 0.931135 -2.145925 -0.304878 -0.914634 -0.975610 1192.000000 1191.000000 1195.000000 1188.000000 0.000898 0.000092 0.000000 2.596461 
4.700978 1.343951 -2.101808 3.475610 -2.621951 0.060976 1201.000000 1184.000000 1189.000000 1196.000000 0.000897 0.000092 0.000000 2.671664 
5.044152 1.728627 -2.105225 1.036585 -0.609756 0.426829 1189.000000 1194.000000 1190.000000 1193.000000 0.000898 0.000092 0.000000 2.880044 
4.999125 1.713992 -2.105737 0.365854 -1.097561 0.548781 1196.000000 1189.000000 1194.000000 1191.000000 0.000897 0.000092 0.000000 2.858006 
5.310627 1.956550 -2.084084 2.378049 -2.012195 -0.060976 1197.000000 1186.000000 1191.000000 1192.000000 0.000898 0.000092 0.000000 3.030928 
5.967921 2.834847 -2.028011 2.743902 -2.500000 -0.792683 1198.000000 1187.000000 1191.000000 1194.000000 0.000897 0.000092 0.000000 3.476770 
6.413844 3.215163 -1.997440 1.707317 -2.743902 -0.548781 1196.000000 1187.000000 1193.000000 1190.000000 0.000898 0.000092 0.000000 3.747216 
6.716624 3.558360 -1.964849 1.768293 -2.500000 -0.548781 1196.000000 1187.000000 1193.000000 1190.000000 0.000897 0.000092 0.000000 3.950767 
7.365994 3.924155 -1.944651 2.743902 -2.134146 0.182927 1199.000000 1186.000000 1189.000000 1196.000000 0.000898 0.000093 0.000000 4.312525 
7.740486 4.407758 -1.895719 1.768293 -1.951220 -0.365854 1194.000000 1189.000000 1192.000000 1191.000000 0.000897 0.000092 0.000000 4.583344 
7.880563 4.664969 -1.872288 2.560976 -2.500000 0.548781 1199.000000 1186.000000 1192.000000 1193.000000 0.000897 0.000092 0.000000 4.704529 
8.484171 5.236519 -1.824108 3.841464 -3.048780 0.487805 1200.000000 1183.000000 1190.000000 1193.000000 0.000898 0.000092 0.000000 5.101118 
9.152754 5.919251 -1.740567 4.329268 -4.390244 0.365854 1201.000000 1184.000000 1192.000000 1193.000000 0.000897 0.000092 0.000000 5.554320 
10.282880 6.935945 -1.612499 3.231707 -3.658537 0.487805 1199.000000 1184.000000 1193.000000 1190.000000 0.000898 0.000092 0.000000 6.291113 
10.933446 7.566961 -1.519997 4.207317 -3.841464 -0.000000 1201.000000 1184.000000 1191.000000 1194.000000 0.000897 0.000092 0.000000 6.729048 
11.627673 8.249723 -1.405035 2.987805 -2.621951 0.487805 1196.000000 1189.000000 1192.000000 1193.000000 0.000898 0.000092 0.000000 7.199690 
12.285822 8.821474 -1.312558 4.207317 -4.024390 0.365854 1202.000000 1183.000000 1193.000000 1192.000000 0.000897 0.000092 0.000000 7.626530 
13.266265 9.779193 -1.142496 5.609756 -5.670732 0.426829 1204.000000 1183.000000 1194.000000 1193.000000 0.000897 0.000092 0.000000 8.292779 
14.104227 10.714489 -0.950958 3.780488 -3.536585 0.365854 1198.000000 1189.000000 1193.000000 1194.000000 0.000898 0.000092 0.000000 8.895984 
14.909958 11.506472 -0.778853 4.695122 -4.451220 0.182927 1203.000000 1186.000000 1194.000000 1195.000000 0.000897 0.000092 0.000000 9.445771 
15.774166 12.454567 -0.573005 5.060976 -5.243903 0.243902 1202.000000 1183.000000 1193.000000 1192.000000 0.000898 0.000092 0.000000 10.065385 
17.196405 13.860837 -0.235617 3.292683 -4.695122 -0.487805 1201.000000 1186.000000 1196.000000 1191.000000 0.000897 0.000092 0.000000 11.038883 
18.104191 14.838992 0.026740 4.390244 -5.304878 -0.731707 1203.000000 1186.000000 1195.000000 1194.000000 0.000898 0.000093 0.000000 11.683259 
18.895523 15.799486 0.293093 3.963415 -5.121951 0.121951 1200.000000 1185.000000 1193.000000 1192.000000 0.000897 0.000092 0.000000 12.277547 
19.646837 16.553251 0.509353 3.353659 -3.719512 -0.182927 1195.000000 1192.000000 1191.000000 1196.000000 0.000897 0.000092 0.000000 12.793329 
20.333883 17.234629 0.719068 -1.890244 1.402439 -0.000000 1167.000000 1218.000000 1189.000000 1196.000000 0.000898 0.000092 0.000000 13.261603 
20.285688 17.414055 0.794680 -0.975610 0.609756 -0.670732 1169.000000 1218.000000 1194.000000 1193.000000 0.000897 0.000092 0.000000 13.297553 
20.279366 17.257324 0.731857 -0.365854 0.853659 0.426829 1169.000000 1218.000000 1193.000000 1194.000000 0.000898 0.000092 0.000000 13.247662 
20.324455 17.348749 0.777466 0.365854 0.487805 -0.792683 1170.000000 1215.000000 1191.000000 1194.000000 0.000897 0.000092 0.000000 13.291954 
20.291697 17.368059 0.784702 0.426829 -0.182927 0.365854 1172.000000 1215.000000 1194.000000 1193.000000 0.000897 0.000092 0.000000 13.285476 
20.415190 17.480465 0.820734 1.280488 -0.670732 0.243902 1198.000000 1187.000000 1194.000000 1191.000000 0.000898 0.000092 0.000000 13.366479 
20.503397 17.456745 0.813536 0.487805 -1.158537 -0.060976 1197.000000 1190.000000 1194.000000 1193.000000 0.000897 0.000092 0.000000 13.392453 
20.445589 17.407375 0.793213 -0.060976 0.304878 -0.243902 1208.000000 1179.000000 1194.000000 1193.000000 0.000898 0.000093 0.000000 13.355735 
20.622189 17.380522 0.774038 -0.304878 0.304878 0.487805 1214.000000 1171.000000 1193.000000 1192.000000 0.000897 0.000092 0.000000 13.414817 
19.926893 16.713621 0.564681 -7.195122 8.353659 -0.365854 1189.000000 1196.000000 1189.000000 1196.000000 0.000897 0.000092 0.000000 12.948282 
17.946083 14.700801 0.000819 -10.670732 11.524390 -0.426829 1194.000000 1191.000000 1191.000000 1194.000000 0.000898 0.000092 0.000000 11.580155 
16.605469 13.227938 -0.372582 -2.500000 2.134146 -0.000000 1223.000000 1162.000000 1192.000000 1193.000000 0.000897 0.000092 0.000000 10.619061 
16.499483 13.468996 -0.294637 -7.378049 7.134147 0.304878 1192.000000 1193.000000 1193.000000 1192.000000 0.000898 0.000092 0.000000 10.649153 
14.889097 11.616954 -0.716397 -8.353659 9.451220 0.792683 1200.000000 1185.000000 1192.000000 1193.000000 0.000898 0.000092 0.000000 9.467699 
13.474522 10.324041 -0.971097 -5.487805 6.768293 0.365854 1206.000000 1179.000000 1192.000000 1193.000000 0.000897 0.000092 0.000000 8.528620 
12.462760 9.246337 -1.148119 -6.585366 7.621952 0.365854 1201.000000 1186.000000 1193.000000 1194.000000 0.000898 0.000092 0.000000 7.811806 
11.078637 7.852920 -1.359678 -7.560976 8.963415 0.731707 1199.000000 1186.000000 1191.000000 1194.000000 0.000897 0.000092 0.000000 6.857782 
9.584393 6.387249 -1.563088 -7.134147 7.926829 0.670732 1203.000000 1182.000000 1192.000000 1193.000000 0.000897 0.000092 0.000000 5.845228 
8.150632 5.021658 -1.692014 -7.804878 9.207317 -0.000000 1198.000000 1187.000000 1191.000000 1194.000000 0.000898 0.000092 0.000000 4.890605 
6.358553 3.330768 -1.807577 -10.000000 11.280488 0.243902 1193.000000 1192.000000 1191.000000 1194.000000 0.000897 0.000092 0.000000 3.723048 
3.191564 0.211681 -1.914729 -10.121951 10.487805 0.304878 1197.000000 1188.000000 1193.000000 1192.000000 0.000898 0.000092 0.000000 1.865296 
1.177243 -1.605409 -1.904730 -8.658537 10.121951 0.731707 1199.000000 1186.000000 1191.000000 1194.000000 0.000898 0.000092 0.000000 1.371878 
-0.593188 -3.354175 -1.831173 -9.817074 10.487805 0.548781 1195.000000 1190.000000 1194.000000 1191.000000 0.000897 0.000092 0.000000 1.937651 
-2.377391 -5.133227 -1.709353 -8.048780 10.000000 0.060976 1201.000000 1186.000000 1191.000000 1196.000000 0.000898 0.000092 0.000000 2.969925 
-4.285997 -6.830815 -1.540784 -10.304878 9.817074 0.304878 1175.000000 1210.000000 1197.000000 1188.000000 0.000898 0.000092 0.000000 4.128108 
-5.485736 -7.900160 -1.408988 -1.219512 1.951220 -0.121951 1202.000000 1185.000000 1192.000000 1195.000000 0.000897 0.000092 0.000000 4.886317 
-4.880065 -7.411292 -1.500644 6.524390 -6.890244 0.182927 1212.000000 1175.000000 1194.000000 1193.000000 0.000898 0.000092 0.000000 4.525021 
-4.129709 -6.670563 -1.590032 -0.121951 0.609756 0.426829 1180.000000 1203.000000 1190.000000 1193.000000 0.000897 0.000092 0.000000 4.025550 
-5.245368 -7.707131 -1.438349 1.890244 -1.585366 0.731707 1206.000000 1179.000000 1192.000000 1193.000000 0.000897 0.000092 0.000000 4.742145 
-4.446384 -7.117339 -1.533937 3.597561 -3.902439 0.487805 1197.000000 1186.000000 1192.000000 1191.000000 0.000898 0.000092 0.000000 4.289437 
-4.044753 -6.673409 -1.596390 1.585366 -2.317073 -0.060976 1195.000000 1188.000000 1193.000000 1190.000000 0.000897 0.000092 0.000000 4.005360 
-3.405719 -6.166110 -1.642075 2.682927 -3.231707 -0.426829 1197.000000 1188.000000 1193.000000 1192.000000 0.000897 0.000092 0.000000 3.636742 
-3.009384 -5.764959 -1.693212 1.158537 -2.378049 0.121951 1193.000000 1190.000000 1194.000000 1189.000000 0.000898 0.000091 0.000000 3.378581 
-2.784311 -5.496146 -1.733625 1.890244 -1.890244 -0.060976 1195.000000 1188.000000 1191.000000 1192.000000 0.000897 0.000092 0.000000 3.217898 
-2.385630 -5.164486 -1.776955 1.707317 -2.560976 -0.609756 1197.000000 1188.000000 1194.000000 1191.000000 0.000897 0.000092 0.000000 2.995652 
-2.064838 -4.854828 -1.784257 1.646341 -1.951220 -1.097561 1196.000000 1187.000000 1191.000000 1192.000000 0.000898 0.000092 0.000000 2.798413 
-1.883323 -4.251810 -1.806656 1.524390 -2.134146 -0.000000 1196.000000 1187.000000 1190.000000 1193.000000 0.000901 0.000092 0.000000 2.506865 
-1.642473 -4.055513 -1.835300 0.792683 -1.768293 -0.000000 1197.000000 1188.000000 1194.000000 1191.000000 0.000940 0.000092 0.000000 2.383431 
-1.337394 -3.824042 -1.856155 1.829268 -1.219512 -0.243902 1194.000000 1189.000000 1190.000000 1193.000000 0.000956 0.000092 0.000000 2.237209 
-1.139317 -3.681696 -1.861632 1.097561 -1.707317 -0.000000 1193.000000 1190.000000 1193.000000 1190.000000 0.000965 0.000092 0.000000 2.147854 
-0.845791 -3.509446 -1.869423 2.560976 -2.134146 0.609756 1198.000000 1187.000000 1192.000000 1193.000000 0.000976 0.000092 0.000000 2.038457 
-0.330729 -2.966569 -1.902689 1.707317 -2.256098 0.914634 1195.000000 1188.000000 1193.000000 1190.000000 0.000979 0.000092 0.000000 1.772109 
-0.112067 -2.756016 -1.920457 0.731707 -0.243902 -0.182927 1190.000000 1193.000000 1191.000000 1192.000000 0.000978 0.000092 0.000000 1.681210 
0.109131 -2.610514 -1.914758 0.731707 -1.402439 -0.670732 1195.000000 1190.000000 1193.000000 1192.000000 0.000978 0.000092 0.000000 1.618825 
0.903257 -2.035278 -1.927099 0.731707 -1.402439 -0.000000 1192.000000 1193.000000 1193.000000 1192.000000 0.000979 0.000092 0.000000 1.467004 
0.895024 -2.109706 -1.930459 -0.365854 0.548781 -0.487805 1190.000000 1193.000000 1191.000000 1192.000000 0.000979 0.000092 0.000000 1.492790 
0.995651 -1.805169 -1.920563 1.951220 -1.829268 -0.182927 1198.000000 1187.000000 1193.000000 1192.000000 0.000978 0.000092 0.000000 1.403327 
1.416618 -1.362172 -1.924017 1.463415 -1.219512 0.548781 1193.000000 1192.000000 1192.000000 1193.000000 0.000979 0.000092 0.000000 1.369165 
1.461686 -1.323329 -1.928733 -1.219512 1.951220 0.731707 1185.000000 1198.000000 1190.000000 1193.000000 0.000979 0.000092 0.000000 1.373019 
1.252991 -1.345143 -1.934282 1.402439 -2.317073 -0.000000 1201.000000 1182.000000 1193.000000 1190.000000 0.000978 0.000092 0.000000 1.328838 
1.871506 -0.999679 -1.943571 2.439024 -2.134146 -0.853659 1194.000000 1191.000000 1191.000000 1194.000000 0.000978 0.000092 0.000000 1.432994 
1.940271 -1.020663 -1.932016 -1.646341 1.768293 0.365854 1183.000000 1200.000000 1191.000000 1192.000000 0.000979 0.000092 0.000000 1.455218 
1.890763 -1.082857 -1.921456 3.780488 -4.390244 0.304878 1203.000000 1180.000000 1193.000000 1190.000000 0.000978 0.000092 0.000000 1.446586 
2.376888 -0.675548 -1.942878 0.670732 -0.609756 -0.243902 1189.000000 1196.000000 1191.000000 1194.000000 0.000978 0.000092 0.000000 1.567230 
2.379519 -0.554282 -1.933621 0.975610 -1.402439 -0.487805 1198.000000 1187.000000 1193.000000 1192.000000 0.000979 0.000092 0.000000 1.554315 
2.688378 -0.072830 -1.928988 2.926829 -2.804878 -0.670732 1197.000000 1186.000000 1191.000000 1192.000000 0.000979 0.000092 0.000000 1.654221 
2.872801 0.048072 -1.928886 -1.524390 1.219512 0.304878 1185.000000 1200.000000 1194.000000 1191.000000 0.000978 0.000092 0.000000 1.730540 
2.998362 -0.025242 -1.923129 2.256098 -1.829268 0.487805 1202.000000 1183.000000 1192.000000 1193.000000 0.000978 0.000092 0.000000 1.780812 
3.521419 0.459729 -1.931959 2.012195 -2.804878 0.121951 1195.000000 1188.000000 1193.000000 1190.000000 0.000979 0.000092 0.000000 2.024681 
3.789824 0.767516 -1.898738 0.426829 -1.036585 -0.731707 1190.000000 1193.000000 1193.000000 1190.000000 0.000978 0.000092 0.000000 2.159305 
3.522263 0.644756 -1.880448 0.487805 -1.219512 0.121951 1199.000000 1186.000000 1194.000000 1191.000000 0.000978 0.000092 0.000000 2.026710 
3.977947 0.927475 -1.898516 2.012195 -2.073171 -0.304878 1198.000000 1187.000000 1193.000000 1192.000000 0.000979 0.000092 0.000000 2.258801 
4.376142 1.171209 -1.900012 2.560976 -1.524390 0.182927 1196.000000 1187.000000 1188.000000 1195.000000 0.000978 0.000092 0.000000 2.464660 
4.935913 1.713847 -1.872426 3.597561 -3.902439 0.426829 1201.000000 1184.000000 1195.000000 1190.000000 0.000979 0.000092 0.000000 2.787409 
5.441957 2.167797 -1.856857 1.890244 -1.463415 0.731707 1193.000000 1190.000000 1190.000000 1193.000000 0.000990 0.000092 0.000000 3.087750 
5.773000 2.579286 -1.832572 2.621951 -2.682927 -0.000000 1199.000000 1186.000000 1193.000000 1192.000000 0.000998 0.000092 0.000000 3.309260 
6.523395 3.299327 -1.777700 4.207317 -5.487805 -0.548781 1202.000000 1181.000000 1194.000000 1189.000000 0.000998 0.000092 0.000000 3.783255 
7.224716 3.967672 -1.719042 1.951220 -2.317073 -0.000000 1194.000000 1191.000000 1192.000000 1193.000000 0.000998 0.000092 0.000000 4.234616 
7.713257 4.413871 -1.694616 2.865854 -3.414634 0.060976 1202.000000 1181.000000 1192.000000 1191.000000 0.000999 0.000093 0.000000 4.550274 
8.454852 5.139184 -1.632937 4.451220 -4.695122 -0.548781 1202.000000 1183.000000 1192.000000 1193.000000 0.000998 0.000092 0.000000 5.043448 
9.042586 5.732979 -1.561747 2.743902 -4.390244 0.121951 1200.000000 1183.000000 1195.000000 1188.000000 0.000999 0.000095 0.000000 5.440857 
9.775720 6.538286 -1.476709 4.268293 -4.756098 -0.060976 1202.000000 1183.000000 1193.000000 1192.000000 0.000998 0.000109 0.000000 5.958812 
10.488681 7.122499 -1.393299 2.439024 -2.560976 -0.792683 1194.000000 1189.000000 1191.000000 1192.000000 0.000999 0.000129 0.000000 6.409950 
10.935130 7.586317 -1.327054 2.743902 -3.597561 -0.243902 1203.000000 1182.000000 1196.000000 1189.000000 0.000998 0.000139 0.000000 6.719919 
11.811651 8.376845 -1.211395 5.243903 -5.670732 -0.060976 1207.000000 1178.000000 1192.000000 1193.000000 0.000999 0.000139 0.000000 7.297078 
12.606153 9.199423 -1.073874 2.012195 -2.926829 -0.243902 1191.000000 1192.000000 1194.000000 1189.000000 0.000998 0.000138 0.000000 7.850505 
13.016287 9.604380 -1.004403 3.841464 -4.939024 -0.304878 1210.000000 1175.000000 1194.000000 1191.000000 0.000998 0.000138 0.000000 8.131176 
13.850414 10.439351 -0.838933 2.560976 -2.987805 -0.304878 1193.000000 1190.000000 1192.000000 1191.000000 0.000999 0.000138 0.000000 8.704841 
14.313853 10.977227 -0.738594 3.597561 -3.902439 0.060976 1204.000000 1181.000000 1193.000000 1192.000000 0.000998 0.000138 0.000000 9.046069 
15.146332 11.825134 -0.561342 4.573171 -5.792683 -0.243902 1206.000000 1177.000000 1195.000000 1188.000000 0.000999 0.000138 0.000000 9.624144 
15.965721 12.681139 -0.359347 2.926829 -3.841464 -0.487805 1196.000000 1189.000000 1195.000000 1190.000000 0.000998 0.000138 0.000000 10.198887 
16.581242 13.358755 -0.195023 4.207317 -4.512195 -0.121951 1210.000000 1181.000000 1193.000000 1198.000000 0.000999 0.000138 0.000000 10.641148 
17.460276 14.285377 0.034894 4.451220 -5.304878 0.060976 1205.000000 1188.000000 1198.000000 1195.000000 0.000998 0.000138 0.000000 11.260542 
18.275784 15.178622 0.278183 3.048780 -2.865854 0.670732 1196.000000 1191.000000 1194.000000 1193.000000 0.000999 0.000138 0.000000 11.844467 
19.282824 16.395311 0.616779 5.914634 -6.280488 -0.548781 1207.000000 1178.000000 1192.000000 1193.000000 0.000999 0.000138 0.000000 12.600193 
19.694685 16.881281 0.758478 -1.158537 1.524390 -0.792683 1183.000000 1204.000000 1192.000000 1195.000000 0.000998 0.000138 0.000000 12.905492 
19.909311 17.000370 0.790631 -0.548781 0.304878 -0.426829 1198.000000 1187.000000 1198.000000 1187.000000 0.000999 0.000138 0.000000 13.023239 
19.921083 16.971903 0.794027 0.304878 -0.243902 -0.487805 1216.000000 1169.000000 1195.000000 1190.000000 0.000998 0.000138 0.000000 13.018418 
19.496084 16.399179 0.618483 -6.768293 7.500000 -0.365854 1191.000000 1196.000000 1191.000000 1196.000000 0.000999 0.000138 0.000000 12.682181 
17.955446 14.805676 0.179082 -7.865854 7.743903 -0.426829 1208.000000 1177.000000 1192.000000 1193.000000 0.000998 0.000138 0.000000 11.608261 
17.347954 14.125463 0.009907 -0.853659 0.365854 -0.731707 1228.000000 1157.000000 1195.000000 1190.000000 0.000998 0.000138 0.000000 11.168140 
16.816599 13.531746 -0.149319 -7.500000 7.743903 -0.060976 1184.000000 1201.000000 1188.000000 1197.000000 0.000999 0.000138 0.000000 10.784286 
13.718482 10.123249 -0.865913 0.182927 0.121951 -0.304878 1244.000000 1141.000000 1193.000000 1192.000000 0.000998 0.000138 0.000000 8.559054 
13.790212 10.219391 -0.864146 -3.414634 3.475610 0.792683 1196.000000 1189.000000 1190.000000 1195.000000 0.000999 0.000138 0.000000 8.616368 
12.355111 8.979002 -1.098381 -7.987805 6.829268 -0.731707 1202.000000 1183.000000 1196.000000 1189.000000 0.000998 0.000138 0.000000 7.685770 
11.220413 7.905352 -1.232100 -5.914634 5.426829 -0.975610 1206.000000 1179.000000 1195.000000 1190.000000 0.000998 0.000138 0.000000 6.921156 
9.837775 6.587688 -1.398756 -8.597561 10.243902 0.548781 1190.000000 1195.000000 1190.000000 1195.000000 0.000999 0.000138 0.000000 5.991750 
7.943092 4.768996 -1.609321 -8.597561 9.024390 1.341463 1204.000000 1181.000000 1194.000000 1191.000000 0.000998 0.000138 0.000000 4.728825 
6.580016 3.462622 -1.720196 -6.158537 7.195122 0.182927 1206.000000 1179.000000 1191.000000 1194.000000 0.000999 0.000138 0.000000 3.837676 
5.061177 2.020601 -1.768050 -10.000000 10.792684 0.304878 1187.000000 1198.000000 1193.000000 1192.000000 0.000998 0.000138 0.000000 2.878140 
1.447768 -1.289495 -1.795291 -5.121951 5.975610 0.060976 1222.000000 1163.000000 1192.000000 1193.000000 0.000998 0.000138 0.000000 1.315517 
0.303055 -2.407684 -1.778880 -7.317073 7.987805 0.609756 1195.000000 1190.000000 1191.000000 1194.000000 0.000999 0.000138 0.000000 1.502459 
-1.524082 -4.175117 -1.688122 -8.902439 10.243902 0.792683 1199.000000 1186.000000 1191.000000 1194.000000 0.000998 0.000138 0.000000 2.386878 
-3.168693 -5.699041 -1.572171 -8.353659 9.207317 0.304878 1195.000000 1192.000000 1192.000000 1195.000000 0.000999 0.000138 0.000000 3.371794 
-4.980428 -7.488749 -1.362370 -10.304878 10.914635 0.243902 1195.000000 1190.000000 1193.000000 1192.000000 0.000998 0.000138 0.000000 4.571362 
-6.808988 -9.160413 -1.105755 -8.841464 9.512196 -0.121951 1200.000000 1185.000000 1191.000000 1194.000000 0.000998 0.000138 0.000000 5.757588 
-9.005982 -11.203839 -0.741379 -14.329268 15.000000 -0.182927 1176.000000 1209.000000 1192.000000 1193.000000 0.000999 0.000138 0.000000 7.215043 
-12.061166 -14.237293 -0.055526 -17.256098 17.621952 -0.548781 1179.000000 1206.000000 1192.000000 1193.000000 0.000998 0.000138 0.000000 9.321899 
-15.691434 -18.121807 1.022303 -10.000000 10.487805 -0.060976 1172.000000 1215.000000 1193.000000 1194.000000 0.000998 0.000138 0.000000 11.921819 
-17.470779 -20.095606 1.678054 -7.256098 7.987805 0.243902 1187.000000 1198.000000 1193.000000 1192.000000 0.000999 0.000138 0.000000 13.213686 
-17.838560 -20.560484 1.836676 -1.097561 1.280488 -0.426829 1185.000000 1202.000000 1189.000000 1198.000000 0.000998 0.000138 0.000000 13.500690 
-18.005445 -20.731289 1.882668 -0.426829 0.426829 -0.548781 1193.000000 1194.000000 1193.000000 1194.000000 0.000999 0.000138 0.000000 13.616571 
-18.075741 -20.993917 1.966237 -0.060976 0.121951 0.548781 1194.000000 1191.000000 1192.000000 1193.000000 0.000999 0.000138 0.000000 13.734786 
-18.026089 -21.011272 1.982285 0.426829 -0.000000 0.243902 1194.000000 1193.000000 1193.000000 1194.000000 0.000998 0.000138 0.000000 13.725045 
-18.091021 -21.079018 1.998854 -0.365854 0.304878 0.365854 1192.000000 1193.000000 1193.000000 1192.000000 0.000999 0.000138 0.000000 13.770614 
-18.010250 -21.248842 2.050499 -0.304878 -0.426829 -0.182927 1194.000000 1191.000000 1194.000000 1191.000000 0.000998 0.000138 0.000000 13.807408 
-17.922012 -21.324360 2.077511 0.000000 -0.121951 -0.670732 1195.000000 1192.000000 1194.000000 1193.000000 0.000998 0.000138 0.000000 13.807408 
-18.008839 -21.286795 2.062187 1.158537 -0.670732 0.060976 1195.000000 1190.000000 1190.000000 1195.000000 0.000999 0.000138 0.000000 13.820938 
-18.193693 -21.247057 2.037732 0.121951 -0.060976 0.548781 1192.000000 1193.000000 1193.000000 1192.000000 0.000998 0.000138 0.000000 13.865086 
-18.164141 -21.377239 2.086855 -0.243902 -0.000000 0.731707 1184.000000 1203.000000 1193.000000 1194.000000 0.000998 0.000138 0.000000 13.903299 
-18.189980 -21.388004 2.096418 0.000000 0.182927 -0.487805 1174.000000 1211.000000 1193.000000 1192.000000 0.000999 0.000138 0.000000 13.915261 
-18.142347 -21.207664 2.030706 1.890244 -1.585366 -0.000000 1177.000000 1208.000000 1194.000000 1191.000000 0.000998 0.000138 0.000000 13.834228 
-17.473442 -20.317854 1.736851 5.426829 -5.304878 -0.792683 1187.000000 1200.000000 1194.000000 1193.000000 0.000998 0.000138 0.000000 13.295919 
-16.158699 -18.779879 1.227650 8.231708 -8.170732 0.365854 1205.000000 1180.000000 1192.000000 1193.000000 0.000999 0.000138 0.000000 12.312844 
-15.607337 -18.384472 1.118248 2.804878 -3.170732 -2.073171 1210.000000 1175.000000 1193.000000 1192.000000 0.000998 0.000138 0.000000 11.990758 
-14.658489 -17.260838 0.791682 1.219512 -0.670732 -0.060976 1178.000000 1209.000000 1191.000000 1196.000000 0.000998 0.000138 0.000000 11.272760 
-15.265932 -17.874702 0.959308 -4.695122 5.670732 1.951220 1179.000000 1206.000000 1191.000000 1194.000000 0.000999 0.000138 0.000000 11.693979 
-15.808565 -18.224518 1.033558 -1.890244 1.158537 0.609756 1195.000000 1190.000000 1195.000000 1190.000000 0.000998 0.000138 0.000000 11.997775 
-16.333035 -18.768503 1.215830 -5.670732 6.158537 -0.548781 1169.000000 1216.000000 1191.000000 1194.000000 0.000998 0.000138 0.000000 12.365087 
-17.589970 -20.178282 1.721071 -5.914634 6.036585 -1.097561 1187.000000 1198.000000 1193.000000 1192.000000 0.000999 0.000138 0.000000 13.281642 
-18.001293 -20.661613 1.918882 -1.280488 1.036585 0.121951 1195.000000 1190.000000 1195.000000 1190.000000 0.000998 0.000138 0.000000 13.588414 
-18.221962 -20.901913 1.968404 0.731707 -0.243902 1.219512 1186.000000 1201.000000 1190.000000 1197.000000 0.000998 0.000138 0.000000 13.747252 
-18.091648 -20.848507 1.958411 -0.121951 0.609756 -0.365854 1172.000000 1213.000000 1188.000000 1197.000000 0.000999 0.000138 0.000000 13.685867 
-17.998892 -20.825230 1.940610 2.500000 -2.926829 0.365854 1179.000000 1206.000000 1193.000000 1192.000000 0.000998 0.000138 0.000000 13.647970 
-17.052233 -19.818037 1.605612 4.390244 -5.487805 -0.304878 1177.000000 1210.000000 1195.000000 1192.000000 0.000998 0.000138 0.000000 12.977741 
-16.176991 -18.735584 1.244071 4.878049 -4.573171 0.670732 1175.000000 1210.000000 1191.000000 1194.000000 0.000999 0.000138 0.000000 12.301629 
-15.137514 -17.638563 0.901349 5.975610 -7.073171 -0.243902 1184.000000 1201.000000 1195.000000 1190.000000 0.000998 0.000138 0.000000 11.565566 
-14.101604 -16.600073 0.580610 6.097561 -6.524390 0.243902 1179.000000 1208.000000 1196.000000 1191.000000 0.000998 0.000138 0.000000 10.851082 
-13.281040 -15.562248 0.303458 4.085366 -4.634146 -0.548781 1176.000000 1211.000000 1194.000000 1193.000000 0.000999 0.000138 0.000000 10.203900 
-12.272489 -14.515391 0.019153 6.829268 -7.439024 0.365854 1187.000000 1198.000000 1195.000000 1190.000000 0.000999 0.000138 0.000000 9.492684 
-9.101922 -11.530967 -0.678652 5.487805 -6.219512 -0.853659 1168.000000 1219.000000 1193.000000 1194.000000 0.000998 0.000138 0.000000 7.369346 
-8.284839 -10.750880 -0.837579 5.243903 -5.426829 0.304878 1205.000000 1182.000000 1191.000000 1196.000000 0.000998 0.000138 0.000000 6.819436 
-7.483652 -10.073897 -0.970356 0.365854 -0.853659 0.731707 1182.000000 1203.000000 1193.000000 1192.000000 0.000999 0.000138 0.000000 6.315841 
-7.928697 -10.350243 -0.897032 -1.768293 3.048780 -0.000000 1185.000000 1200.000000 1191.000000 1194.000000 0.000998 0.000138 0.000000 6.555653 
-7.809966 -10.182528 -0.923239 1.768293 -1.707317 -0.670732 1203.000000 1182.000000 1193.000000 1192.000000 0.000998 0.000138 0.000000 6.454640 
-7.723661 -10.137074 -0.922527 -2.256098 1.951220 0.243902 1178.000000 1207.000000 1192.000000 1193.000000 0.000999 0.000138 0.000000 6.410287 
-8.347935 -10.723104 -0.809255 -2.317073 3.292683 0.609756 1192.000000 1193.000000 1191.000000 1194.000000 0.000999 0.000138 0.000000 6.826162 
-8.381086 -10.611168 -0.820471 1.463415 -1.951220 -0.304878 1204.000000 1181.000000 1193.000000 1192.000000 0.000998 0.000138 0.000000 6.793040 
-8.594196 -10.645327 -0.799338 -1.402439 1.280488 -0.487805 1194.000000 1193.000000 1193.000000 1194.000000 0.000999 0.000138 0.000000 6.871725 
-8.541795 -10.690011 -0.783759 -0.975610 1.097561 0.853659 1184.000000 1201.000000 1194.000000 1191.000000 0.000999 0.000138 0.000000 6.871810 
-8.956995 -10.994526 -0.730926 -1.219512 1.829268 0.121951 1193.000000 1192.000000 1191.000000 1194.000000 0.000998 0.000138 0.000000 7.117724 
-8.935396 -10.967525 -0.736448 -1.036585 0.548781 -0.243902 1189.000000 1198.000000 1194.000000 1193.000000 0.000998 0.000138 0.000000 7.100753 
-9.348273 -11.486423 -0.597561 -3.414634 3.841464 -0.426829 1184.000000 1203.000000 1193.000000 1194.000000 0.000999 0.000138 0.000000 7.424785 
-9.688437 -11.872727 -0.519339 0.121951 0.426829 0.243902 1201.000000 1184.000000 1193.000000 1192.000000 0.000999 0.000138 0.000000 7.677926 
-9.687847 -11.776096 -0.547255 -1.402439 0.670732 0.060976 1186.000000 1199.000000 1194.000000 1191.000000 0.000998 0.000138 0.000000 7.641775 
-10.594529 -12.681199 -0.337894 -8.414635 9.390244 -0.609756 1161.000000 1224.000000 1189.000000 1196.000000 0.000998 0.000138 0.000000 8.268949 
-11.391582 -13.529843 -0.144809 3.231707 -3.292683 -0.609756 1210.000000 1175.000000 1192.000000 1193.000000 0.000999 0.000138 0.000000 8.840692 
-12.096980 -14.159375 0.031979 -9.512196 9.451220 -0.243902 1181.000000 1204.000000 1193.000000 1192.000000 0.000998 0.000138 0.000000 9.300306 
-14.025167 -16.160637 0.567127 -11.463415 12.378049 -0.243902 1189.000000 1196.000000 1191.000000 1194.000000 0.000999 0.000138 0.000000 10.661122 
-16.498278 -18.916233 1.377431 -13.902439 15.609756 0.548781 1184.000000 1201.000000 1190.000000 1195.000000 0.000998 0.000138 0.000000 12.468973 
-18.061613 -20.667835 1.973432 4.146341 -5.975610 0.487805 1279.000000 1106.000000 1200.000000 1185.000000 0.000999 0.000138 0.000000 13.608765 
-18.196066 -20.705564 1.991266 1.707317 -2.621951 0.243902 1242.000000 1143.000000 1199.000000 1186.000000 0.000998 0.000138 0.000000 13.665617 
-18.255434 -20.701658 1.992965 0.365854 -0.792683 -1.036585 1197.000000 1190.000000 1196.000000 1191.000000 0.000999 0.000139 0.000000 13.683299 
-18.161295 -20.737354 2.010726 -1.219512 1.036585 0.243902 1185.000000 1200.000000 1193.000000 1192.000000 0.000998 0.000138 0.000000 13.665704 
-18.320574 -20.981806 2.090231 0.731707 -0.548781 0.548781 1183.000000 1204.000000 1192.000000 1195.000000 0.000998 0.000138 0.000000 13.805576 
-18.446516 -21.147129 2.140000 1.036585 -0.731707 -0.609756 1175.000000 1210.000000 1188.000000 1197.000000 0.000999 0.000138 0.000000 13.906084 
-17.816936 -20.502594 1.911631 5.609756 -6.524390 0.121951 1191.000000 1196.000000 1195.000000 1192.000000 0.000998 0.000138 0.000000 13.470332 
-16.723217 -19.238153 1.503517 4.878049 -4.634146 -0.609756 1176.000000 1209.000000 1190.000000 1195.000000 0.000999 0.000138 0.000000 12.658173 
-15.595352 -18.199865 1.156496 7.500000 -7.926829 0.243902 1188.000000 1199.000000 1194.000000 1193.000000 0.000998 0.000138 0.000000 11.916246 
-14.248426 -16.817173 0.735691 6.219512 -6.829268 -0.243902 1176.000000 1209.000000 1193.000000 1192.000000 0.000999 0.000138 0.000000 10.975332 
-13.375587 -15.904847 0.467860 5.060976 -4.817073 0.243902 1176.000000 1209.000000 1192.000000 1193.000000 0.000998 0.000138 0.000000 10.358544 
-11.933466 -14.310409 0.051986 10.243902 -11.341464 -0.121951 1200.000000 1187.000000 1196.000000 1191.000000 0.000999 0.000139 0.000000 9.304595 
-8.325418 -10.824780 -0.730735 7.378049 -8.902439 -0.000000 1178.000000 1207.000000 1195.000000 1190.000000 0.000998 0.000138 0.000000 6.854979 
-6.963633 -9.460557 -0.986562 8.902439 -9.085366 -0.060976 1193.000000 1194.000000 1192.000000 1195.000000 0.000998 0.000138 0.000000 5.915827 
-4.987885 -7.565226 -1.274642 12.134147 -12.804878 0.121951 1197.000000 1188.000000 1194.000000 1191.000000 0.000999 0.000138 0.000000 4.597169 
-2.613681 -5.292185 -1.523387 11.097561 -12.621951 -0.365854 1190.000000 1197.000000 1195.000000 1192.000000 0.000998 0.000138 0.000000 3.062668 
-0.079565 -2.795732 -1.688385 15.609756 -17.195122 -0.914634 1221.000000 1164.000000 1194.000000 1191.000000 0.000999 0.000138 0.000000 1.633866 
2.853059 -0.156095 -1.739852 8.841464 -10.304878 0.121951 1195.000000 1190.000000 1193.000000 1192.000000 0.000998 0.000138 0.000000 1.671638 
2.992392 0.017135 -1.736323 -6.585366 6.890244 1.097561 1158.000000 1227.000000 1192.000000 1193.000000 0.000998 0.000138 0.000000 1.729861 
1.660087 -1.329073 -1.710288 -0.853659 2.073171 0.304878 1211.000000 1174.000000 1191.000000 1194.000000 0.000999 0.000138 0.000000 1.358403 
5.327093 2.147558 -1.623410 3.780488 -4.634146 -1.951220 1174.000000 1211.000000 1192.000000 1193.000000 0.000998 0.000138 0.000000 2.997677 
5.143872 2.149609 -1.572724 -0.060976 0.121951 1.341463 1201.000000 1184.000000 1195.000000 1190.000000 0.000999 0.000138 0.000000 2.909124 
5.899395 2.756946 -1.627329 4.512195 -4.512195 1.829268 1203.000000 1182.000000 1193.000000 1192.000000 0.000998 0.000138 0.000000 3.372839 
6.362669 3.231563 -1.587151 0.426829 -0.548781 -0.670732 1189.000000 1198.000000 1193.000000 1194.000000 0.000999 0.000138 0.000000 3.674291 
7.429873 4.035109 -1.476866 4.268293 -5.121951 0.548781 1202.000000 1183.000000 1195.000000 1190.000000 0.000998 0.000138 0.000000 4.313115 
8.059381 4.694793 -1.403821 2.560976 -2.500000 -1.280488 1200.000000 1185.000000 1189.000000 1196.000000 0.000998 0.000138 0.000000 4.739501 
8.544007 5.244716 -1.312681 -0.182927 -0.670732 0.182927 1207.000000 1178.000000 1196.000000 1189.000000 0.000999 0.000138 0.000000 5.079370 
7.609842 4.335454 -1.434593 -10.304878 10.670732 1.036585 1182.000000 1203.000000 1194.000000 1191.000000 0.000998 0.000138 0.000000 4.459751 
6.096424 2.804901 -1.518024 -6.036585 7.378049 -0.731707 1212.000000 1175.000000 1191.000000 1196.000000 0.000999 0.000138 0.000000 3.456211 
5.291121 1.958362 -1.534808 -6.646342 5.975610 -0.000000 1191.000000 1194.000000 1197.000000 1188.000000 0.000998 0.000138 0.000000 2.935116 
3.427394 0.215141 -1.576585 -12.987805 14.329268 0.243902 1157.000000 1228.000000 1190.000000 1195.000000 0.000998 0.000138 0.000000 1.890619 
1.985983 -1.134866 -1.542198 1.036585 -1.463415 -0.121951 1229.000000 1156.000000 1194.000000 1191.000000 0.000999 0.000138 0.000000 1.373731 
4.247480 1.054142 -1.467220 -14.573171 17.073172 -2.743902 1103.000000 1282.000000 1184.000000 1201.000000 0.000998 0.000138 0.000000 2.314015 
1.673306 -1.436506 -1.488554 -3.353659 2.378049 4.634146 1224.000000 1161.000000 1199.000000 1186.000000 0.000999 0.000138 0.000000 1.324413 
1.908238 -1.176129 -1.641877 0.121951 0.182927 0.914634 1183.000000 1202.000000 1196.000000 1189.000000 0.000999 0.000138 0.000000 1.383384 
1.785896 -1.326039 -1.499353 -0.853659 1.463415 -3.170732 1192.000000 1193.000000 1192.000000 1193.000000 0.000998 0.000138 0.000000 1.335302 
2.534590 -0.638051 -1.475148 5.243903 -7.195122 1.341463 1216.000000 1171.000000 1199.000000 1188.000000 0.000999 0.000138 0.000000 1.497110 
3.160792 -0.133706 -1.567557 -2.195122 3.170732 2.317073 1169.000000 1216.000000 1190.000000 1195.000000 0.000998 0.000138 0.000000 1.764473 
2.330477 -0.860746 -1.530174 -2.743902 2.500000 -1.585366 1196.000000 1189.000000 1195.000000 1190.000000 0.000998 0.000138 0.000000 1.454277 
3.016968 -0.019348 -1.488166 10.792684 -11.951220 -0.243902 1236.000000 1149.000000 1196.000000 1189.000000 0.000999 0.000138 0.000000 1.681908 
4.529573 1.359922 -1.465966 -5.243903 5.426829 0.487805 1176.000000 1209.000000 1192.000000 1193.000000 0.000998 0.000138 0.000000 2.483489 
4.698824 1.344231 -1.437439 2.621951 -3.780488 -1.463415 1208.000000 1177.000000 1194.000000 1191.000000 0.000999 0.000138 0.000000 2.554816 
4.953262 1.646820 -1.394148 1.219512 -0.182927 -1.768293 1192.000000 1193.000000 1189.000000 1196.000000 0.000999 0.000138 0.000000 2.710433 
5.231930 2.114647 -1.378491 3.597561 -3.292683 2.012195 1204.000000 1181.000000 1191.000000 1194.000000 0.000998 0.000138 0.000000 2.915778 
5.975866 2.752639 -1.400297 2.256098 -2.439024 0.426829 1194.000000 1193.000000 1195.000000 1192.000000 0.000999 0.000138 0.000000 3.377944 
6.168694 2.911386 -1.357979 0.914634 -0.182927 -1.219512 1191.000000 1194.000000 1191.000000 1194.000000 0.000999 0.000138 0.000000 3.492446 
6.440506 3.311737 -1.270740 3.048780 -2.987805 0.060976 1206.000000 1179.000000 1194.000000 1191.000000 0.000998 0.000138 0.000000 3.691941 
7.389040 4.015843 -1.291414 5.121951 -5.548780 2.134146 1206.000000 1181.000000 1194.000000 1193.000000 0.000999 0.000138 0.000000 4.273060 
8.271567 4.854092 -1.251642 2.560976 -2.256098 -0.731707 1200.000000 1185.000000 1192.000000 1193.000000 0.000998 0.000138 0.000000 4.857485 
9.055251 5.573488 -1.138154 3.292683 -3.414634 0.792683 1196.000000 1189.000000 1193.000000 1192.000000 0.000998 0.000138 0.000000 5.368669 
9.695280 6.215494 -1.100558 4.146341 -4.024390 1.341463 1204.000000 1181.000000 1192.000000 1193.000000 0.000999 0.000138 0.000000 5.807381 
10.488376 6.908326 -1.014990 3.719512 -2.926829 -0.060976 1195.000000 1190.000000 1192.000000 1193.000000 0.000998 0.000138 0.000000 6.322698 
10.899342 7.514052 -0.904318 2.743902 -3.170732 0.426829 1200.000000 1185.000000 1194.000000 1191.000000 0.000998 0.000138 0.000000 6.655699 
11.830785 8.256216 -0.817771 5.487805 -5.060976 0.487805 1208.000000 1177.000000 1192.000000 1193.000000 0.000999 0.000138 0.000000 7.244811 
12.857746 9.341067 -0.631595 4.573171 -4.939024 0.243902 1197.000000 1188.000000 1194.000000 1191.000000 0.000998 0.000138 0.000000 7.967600 
13.243810 9.884748 -0.528561 0.914634 -1.158537 0.487805 1198.000000 1187.000000 1194.000000 1191.000000 0.000998 0.000138 0.000000 8.278821 
14.260166 10.787840 -0.353407 -0.609756 1.280488 0.182927 1200.000000 1185.000000 1191.000000 1194.000000 0.000999 0.000138 0.000000 8.947072 
12.877088 9.586227 -0.565444 -7.804878 8.780488 -0.426829 1197.000000 1188.000000 1190.000000 1195.000000 0.000998 0.000138 0.000000 8.044618 
11.859663 8.522081 -0.746954 -5.000000 5.182927 0.060976 1210.000000 1175.000000 1192.000000 1193.000000 0.000998 0.000138 0.000000 7.329567 
10.657505 7.402347 -0.909024 -8.475610 8.841464 -0.182927 1196.000000 1189.000000 1191.000000 1194.000000 0.000999 0.000138 0.000000 6.524830 
9.277586 6.164057 -1.051613 -5.365854 5.548780 -0.731707 1215.000000 1170.000000 1191.000000 1194.000000 0.000998 0.000138 0.000000 5.615554 
8.208960 5.019671 -1.169268 -8.719512 8.902439 -0.365854 1190.000000 1195.000000 1193.000000 1192.000000 0.000998 0.000138 0.000000 4.866873 
5.908494 2.950079 -1.308797 -13.353659 13.597561 -0.304878 1189.000000 1198.000000 1193.000000 1194.000000 0.000999 0.000138 0.000000 3.380609 
3.881572 1.088004 -1.371009 -6.951220 7.073171 -0.853659 1218.000000 1167.000000 1194.000000 1191.000000 0.000999 0.000138 0.000000 2.134784 
2.073195 -0.573885 -1.356680 -11.707317 12.500000 -0.609756 1182.000000 1203.000000 1191.000000 1194.000000 0.000998 0.000138 0.000000 1.268720 
0.332305 -2.149829 -1.306779 -9.573171 10.304878 -0.121951 1205.000000 1182.000000 1198.000000 1189.000000 0.000999 0.000139 0.000000 1.267177 
-1.331100 -3.612258 -1.233114 -7.682927 8.719512 0.182927 1196.000000 1189.000000 1192.000000 1193.000000 0.000999 0.000138 0.000000 2.027482 
-3.146432 -5.424689 -1.110421 -11.158537 11.524390 0.548781 1166.000000 1219.000000 1193.000000 1192.000000 0.000998 0.000138 0.000000 3.196962 
-4.150652 -6.318058 -1.032535 4.146341 -4.207317 0.121951 1233.000000 1152.000000 1193.000000 1192.000000 0.000998 0.000138 0.000000 3.829656 
-2.025768 -4.369407 -1.243105 11.097561 -12.439025 0.304878 1215.000000 1170.000000 1195.000000 1190.000000 0.000999 0.000138 0.000000 2.496459 
-3.785919 -6.219154 -1.036626 -8.231708 7.073171 -3.170732 1201.000000 1184.000000 1198.000000 1187.000000 0.000998 0.000138 0.000000 3.691039 
-3.275954 -5.783520 -1.081027 4.756098 -5.426829 -0.000000 1201.000000 1184.000000 1193.000000 1192.000000 0.000998 0.000138 0.000000 3.379972 
-3.223485 -5.841907 -1.140699 -0.914634 1.524390 2.804878 1187.000000 1198.000000 1192.000000 1193.000000 0.000999 0.000138 0.000000 3.397939 
-2.872893 -5.494992 -1.249333 4.573171 -4.878049 0.670732 1212.000000 1173.000000 1193.000000 1192.000000 0.000999 0.000138 0.000000 3.175888 
-2.301997 -4.843523 -1.237599 1.341463 -2.134146 -1.646341 1189.000000 1196.000000 1196.000000 1189.000000 0.000998 0.000138 0.000000 2.762579 
-2.175273 -4.816581 -1.226007 2.073171 -1.280488 0.853659 1202.000000 1183.000000 1189.000000 1196.000000 0.000999 0.000138 0.000000 2.722827 
-1.149189 -3.992061 -1.339737 7.256098 -7.439024 2.012195 1215.000000 1170.000000 1195.000000 1190.000000 0.000999 0.000138 0.000000 2.188475 
-0.294006 -3.178707 -1.428625 0.609756 -0.304878 0.182927 1177.000000 1208.000000 1193.000000 1192.000000 0.000998 0.000138 0.000000 1.750330 
-1.585364 -4.233953 -1.294677 6.829268 -8.658537 -0.609756 1237.000000 1148.000000 1197.000000 1188.000000 0.000998 0.000138 0.000000 2.359330 
-0.155941 -2.869399 -1.429568 4.695122 -3.292683 2.134146 1181.000000 1204.000000 1186.000000 1199.000000 0.000999 0.000138 0.000000 1.605594 
0.151748 -2.553146 -1.463592 0.792683 -1.646341 0.609756 1193.000000 1192.000000 1196.000000 1189.000000 0.000999 0.000138 0.000000 1.472463 
0.362551 -2.325079 -1.477765 2.256098 -2.073171 -0.853659 1198.000000 1187.000000 1191.000000 1194.000000 0.000998 0.000138 0.000000 1.387339 
0.746358 -2.021148 -1.424233 0.609756 -0.731707 -0.304878 1188.000000 1197.000000 1193.000000 1192.000000 0.000998 0.000138 0.000000 1.287704 
0.572641 -2.108942 -1.461445 -1.280488 1.341463 1.402439 1190.000000 1195.000000 1192.000000 1193.000000 0.000999 0.000138 0.000000 1.311495 
0.703708 -1.891634 -1.471437 3.536585 -3.414634 -0.060976 1207.000000 1178.000000 1192.000000 1193.000000 0.000998 0.000138 0.000000 1.245370 
1.348466 -1.219703 -1.489210 1.707317 -1.829268 -1.585366 1190.000000 1195.000000 1191.000000 1194.000000 0.000998 0.000138 0.000000 1.170527 
1.086729 -1.786481 -1.415989 5.609756 -5.731708 0.121951 1224.000000 1161.000000 1194.000000 1191.000000 0.000999 0.000139 0.000000 1.257877 
2.127546 -0.986828 -1.509271 2.012195 -1.585366 1.951220 1181.000000 1204.000000 1191.000000 1194.000000 0.000999 0.000138 0.000000 1.389453 
2.322377 -0.831922 -1.477766 2.621951 -2.621951 -0.365854 1202.000000 1183.000000 1193.000000 1192.000000 0.000998 0.000138 0.000000 1.433404 
2.625422 -0.409025 -1.485789 0.670732 -1.524390 -0.487805 1191.000000 1194.000000 1194.000000 1191.000000 0.000998 0.000138 0.000000 1.519812 
2.671291 -0.090343 -1.423992 -0.060976 0.304878 0.060976 1188.000000 1197.000000 1190.000000 1195.000000 0.000999 0.000138 0.000000 1.513749 
2.318069 -0.153523 -1.488732 -0.426829 0.853659 -0.060976 1194.000000 1191.000000 1191.000000 1194.000000 0.000998 0.000138 0.000000 1.378708 
2.574451 -0.148828 -1.471543 1.829268 -2.012195 -0.000000 1200.000000 1185.000000 1193.000000 1192.000000 0.000999 0.000138 0.000000 1.483717 
2.931606 0.416724 -1.445126 2.500000 -2.012195 -1.036585 1194.000000 1191.000000 1191.000000 1194.000000 0.000998 0.000138 0.000000 1.649719 
2.996687 0.221012 -1.385022 -0.060976 0.914634 1.097561 1196.000000 1189.000000 1192.000000 1193.000000 0.000999 0.000138 0.000000 1.655522 
2.983165 0.065713 -1.418244 -0.975610 0.121951 -0.060976 1191.000000 1194.000000 1194.000000 1191.000000 0.000998 0.000138 0.000000 1.652208 
3.083387 0.270019 -1.351029 1.036585 -1.402439 -1.829268 1197.000000 1190.000000 1193.000000 1194.000000 0.000999 0.000139 0.000000 1.689918 
3.144899 0.246854 -1.389284 0.426829 -0.914634 0.487805 1195.000000 1190.000000 1194.000000 1191.000000 0.000998 0.000138 0.000000 1.724763 
3.402449 0.259294 -1.336063 0.243902 -0.365854 0.060976 1192.000000 1193.000000 1191.000000 1194.000000 0.000998 0.000138 0.000000 1.833550 
3.535447 0.539270 -1.318651 1.036585 -0.975610 1.036585 1194.000000 1191.000000 1193.000000 1192.000000 0.000999 0.000138 0.000000 1.908649 
3.417887 0.671852 -1.387201 1.524390 -0.731707 1.951220 1198.000000 1187.000000 1190.000000 1195.000000 0.000998 0.000138 0.000000 1.878365 
3.625814 1.091697 -1.330038 -0.121951 -0.121951 -0.914634 1185.000000 1200.000000 1195.000000 1190.000000 0.000999 0.000138 0.000000 2.012270 
3.347652 0.704878 -1.315194 -1.585366 1.524390 -1.280488 1193.000000 1192.000000 1193.000000 1192.000000 0.000998 0.000138 0.000000 1.836217 
4.039217 1.316982 -1.298240 7.256098 -8.292683 1.463415 1219.000000 1168.000000 1195.000000 1192.000000 0.000999 0.000138 0.000000 2.227916 
5.016025 2.191394 -1.336330 -0.243902 0.121951 0.060976 1176.000000 1209.000000 1191.000000 1194.000000 0.000998 0.000138 0.000000 2.828470 
3.961164 1.222357 -1.326969 -7.560976 7.865854 -2.012195 1171.000000 1214.000000 1191.000000 1194.000000 0.000998 0.000138 0.000000 2.182654 
4.119801 1.249464 -1.167051 -15.000000 18.231709 -5.000000 1100.000000 1287.000000 1182.000000 1203.000000 0.000999 0.000138 0.000000 2.236072 
1.218543 -1.600495 -1.142242 -7.195122 4.146341 6.585366 1221.000000 1164.000000 1205.000000 1180.000000 0.000998 0.000138 0.000000 1.152330 
0.828922 -1.778592 -1.427375 -0.304878 1.341463 5.000000 1193.000000 1192.000000 1190.000000 1195.000000 0.000999 0.000138 0.000000 1.209499 
0.836261 -1.849281 -1.322335 1.036585 0.731707 -4.268293 1194.000000 1191.000000 1189.000000 1196.000000 0.000998 0.000138 0.000000 1.207394 
1.309007 -1.277779 -1.212328 1.463415 -5.304878 -2.804878 1203.000000 1182.000000 1207.000000 1178.000000 0.000998 0.000139 0.000000 1.093069 
1.685597 -0.905272 -1.229210 0.426829 2.439024 5.060976 1178.000000 1207.000000 1181.000000 1204.000000 0.000999 0.000138 0.000000 1.133324 
1.632926 -1.160111 -1.381390 -1.097561 0.548781 1.646341 1199.000000 1186.000000 1196.000000 1189.000000 0.000998 0.000138 0.000000 1.211762 
2.027587 -0.711021 -1.324879 4.512195 -7.439024 -3.414634 1214.000000 1171.000000 1201.000000 1184.000000 0.000999 0.000138 0.000000 1.258810 
2.873315 -0.112943 -1.204439 -3.963415 2.560976 1.402439 1184.000000 1201.000000 1196.000000 1189.000000 0.000998 0.000138 0.000000 1.558214 
3.002061 0.046157 -1.272286 4.024390 -1.158537 2.865854 1203.000000 1184.000000 1182.000000 1205.000000 0.000999 0.000139 0.000000 1.630629 
3.037374 0.101842 -1.375216 -0.670732 -1.585366 -1.524390 1197.000000 1188.000000 1200.000000 1185.000000 0.000998 0.000138 0.000000 1.668357 
3.510014 0.485245 -1.186685 3.231707 -2.500000 -2.500000 1196.000000 1189.000000 1190.000000 1195.000000 0.000998 0.000138 0.000000 1.870744 
3.819742 0.689258 -1.211011 0.426829 0.609756 1.707317 1190.000000 1195.000000 1188.000000 1197.000000 0.000999 0.000138 0.000000 2.036343 
3.467280 0.618795 -1.298995 1.097561 -1.768293 3.109756 1197.000000 1188.000000 1196.000000 1189.000000 0.000998 0.000138 0.000000 1.880136 
4.417515 1.417318 -1.251408 5.792683 -5.548780 -2.378049 1210.000000 1177.000000 1191.000000 1196.000000 0.000999 0.000139 0.000000 2.409566 
4.619101 1.741073 -1.201288 -3.597561 2.378049 -0.304878 1170.000000 1215.000000 1198.000000 1187.000000 0.000999 0.000138 0.000000 2.548372 
4.445710 1.792689 -1.167298 5.487805 -6.402439 2.439024 1218.000000 1167.000000 1193.000000 1192.000000 0.000998 0.000138 0.000000 2.474883 
5.046437 2.284840 -1.089917 -1.646341 0.731707 -2.439024 1176.000000 1209.000000 1195.000000 1190.000000 0.000999 0.000138 0.000000 2.832343 
5.120026 2.299130 -1.054503 3.292683 -3.170732 -1.951220 1213.000000 1172.000000 1188.000000 1197.000000 0.000998 0.000138 0.000000 2.864642 
5.620229 2.903407 -1.014226 0.609756 -0.792683 2.560976 1184.000000 1201.000000 1193.000000 1192.000000 0.000999 0.000138 0.000000 3.214245 
5.653174 2.938782 -1.081158 1.585366 -1.341463 0.426829 1204.000000 1181.000000 1191.000000 1194.000000 0.000999 0.000138 0.000000 3.243048 
6.469114 3.683320 -0.989719 5.426829 -5.914634 -0.853659 1206.000000 1179.000000 1193.000000 1192.000000 0.000997 0.000138 0.000000 3.768008 
6.888604 3.974230 -0.919701 -2.926829 3.109756 0.609756 1172.000000 1215.000000 1193.000000 1194.000000 0.000994 0.000138 0.000000 4.015955 
6.060700 3.269242 -1.047773 0.121951 0.670732 2.073171 1205.000000 1180.000000 1192.000000 1193.000000 0.000998 0.000138 0.000000 3.495304 
8.203556 5.185010 -0.872661 -9.634147 11.402439 -4.756098 1122.000000 1263.000000 1186.000000 1199.000000 0.000999 0.000138 0.000000 4.887319 
6.113067 3.138608 -0.962855 -4.085366 1.463415 3.231707 1218.000000 1167.000000 1203.000000 1182.000000 0.000999 0.000138 0.000000 3.480653 
6.456557 3.478224 -1.137018 2.073171 -1.768293 2.317073 1198.000000 1187.000000 1190.000000 1195.000000 0.000999 0.000138 0.000000 3.725204 
6.440375 3.284346 -1.050927 -0.060976 1.341463 -2.926829 1191.000000 1194.000000 1189.000000 1196.000000 0.000999 0.000138 0.000000 3.665540 
7.245439 3.905162 -0.947039 4.939024 -7.865854 0.670732 1219.000000 1166.000000 1204.000000 1181.000000 0.000999 0.000138 0.000000 4.156003 
8.352568 4.884173 -0.963270 2.865854 -0.792683 2.378049 1185.000000 1200.000000 1184.000000 1201.000000 0.000999 0.000138 0.000000 4.878252 
8.622535 5.012596 -0.906069 0.121951 -0.914634 -1.341463 1195.000000 1192.000000 1198.000000 1189.000000 0.000999 0.000138 0.000000 5.023168 
9.408696 6.027834 -0.771723 8.109756 -10.121951 0.365854 1226.000000 1159.000000 1199.000000 1186.000000 0.000999 0.000138 0.000000 5.615449 
11.260852 7.882868 -0.556110 3.109756 -3.902439 0.426829 1202.000000 1183.000000 1196.000000 1189.000000 0.000999 0.000138 0.000000 6.890481 
12.295794 8.959622 -0.349726 5.853659 -4.085366 -0.121951 1198.000000 1189.000000 1188.000000 1199.000000 0.000999 0.000138 0.000000 7.614890 
13.058424 9.666506 -0.217131 3.109756 -3.231707 0.609756 1199.000000 1186.000000 1194.000000 1191.000000 0.000998 0.000138 0.000000 8.125331 
13.649203 10.300208 -0.126583 4.207317 -3.841464 0.548781 1201.000000 1184.000000 1193.000000 1192.000000 0.000999 0.000138 0.000000 8.547206 
14.502947 11.216123 0.080639 4.817073 -4.024390 0.243902 1201.000000 1184.000000 1189.000000 1196.000000 0.000999 0.000138 0.000000 9.154805 
15.215898 11.887875 0.223743 2.682927 -3.231707 0.426829 1196.000000 1189.000000 1195.000000 1190.000000 0.000998 0.000138 0.000000 9.635291 
16.064137 12.777810 0.432744 5.731708 -5.365854 0.548781 1206.000000 1179.000000 1192.000000 1193.000000 0.000999 0.000138 0.000000 10.233431 
17.274216 13.984194 0.728360 5.731708 -5.548780 0.670732 1202.000000 1183.000000 1190.000000 1195.000000 0.000999 0.000138 0.000000 11.067117 
18.110273 15.060159 1.027687 3.109756 -3.231707 -0.182927 1203.000000 1182.000000 1190.000000 1195.000000 0.000998 0.000138 0.000000 11.715863 
18.869219 15.771569 1.215245 3.353659 -4.085366 -0.060976 1200.000000 1185.000000 1194.000000 1191.000000 0.000999 0.000138 0.000000 12.223726 
19.522573 16.513834 1.435819 3.414634 -3.841464 -0.365854 1199.000000 1186.000000 1191.000000 1194.000000 0.000999 0.000138 0.000000 12.699794 
20.096039 17.170515 1.637770 -1.707317 1.890244 -0.060976 1171.000000 1214.000000 1191.000000 1194.000000 0.000998 0.000138 0.000000 13.118839 
19.956545 17.194283 1.639328 2.195122 -2.256098 0.304878 1206.000000 1179.000000 1193.000000 1192.000000 0.000999 0.000138 0.000000 13.074121 
20.065744 17.301273 1.683733 0.243902 1.585366 0.731707 1187.000000 1198.000000 1186.000000 1199.000000 0.000999 0.000138 0.000000 13.148012 
20.158888 17.325590 1.705614 -0.243902 -1.341463 -0.000000 1196.000000 1187.000000 1197.000000 1186.000000 0.000998 0.000138 0.000000 13.190043 
20.192741 17.469288 1.738849 -0.243902 -0.000000 -0.914634 1188.000000 1193.000000 1192.000000 1189.000000 0.000999 0.000138 0.000000 13.247796 
20.402437 17.350481 1.706434 0.243902 -0.609756 0.548781 1193.000000 1188.000000 1192.000000 1189.000000 0.000999 0.000138 0.000000 13.289310 
20.556168 17.256767 1.673012 -0.060976 0.853659 0.731707 1186.000000 1195.000000 1188.000000 1193.000000 0.000998 0.000138 0.000000 13.318561 
20.690742 17.070391 1.613731 -0.365854 0.121951 -0.182927 1191.000000 1190.000000 1191.000000 1190.000000 0.000999 0.000138 0.000000 13.312925 
20.650255 17.043282 1.606449 0.121951 -0.182927 -0.365854 1100.000000 1100.000000 1100.000000 1100.000000 0.000999 0.000138 0.000000 13.289265 
20.632868 17.043800 1.618452 0.304878 0.365854 -0.548781 1100.000000 1100.000000 1100.000000 1100.000000 0.000999 0.000138 0.000000 13.282444 
20.742390 17.137514 1.656241 0.609756 -0.304878 -0.304878 1100.000000 1100.000000 1100.000000 1100.000000 0.000999 0.000138 0.000000 13.352334 
20.726116 17.208714 1.692989 -0.304878 -0.182927 0.243902 1100.000000 1100.000000 1100.000000 1100.000000 0.000999 0.000139 0.000000 13.367365 
20.691187 17.173714 1.680793 0.182927 0.487805 -0.000000 1100.000000 1100.000000 1100.000000 1100.000000 0.000999 0.000138 0.000000 13.343488 
20.476156 17.114521 1.660836 -0.060976 0.426829 0.060976 1100.000000 1100.000000 1100.000000 1100.000000 0.000999 0.000138 0.000000 13.243891 
20.399632 16.967052 1.614313 -0.121951 0.060976 0.121951 1100.000000 1100.000000 1100.000000 1100.000000 0.000999 0.000138 0.000000 13.169869 
20.256048 17.026585 1.636028 -0.304878 0.060976 -0.243902 1100.000000 1100.000000 1100.000000 1100.000000 0.000999 0.000138 0.000000 13.133576 
19.866325 16.863546 1.571334 0.060976 -0.000000 0.182927 1100.000000 1100.000000 1100.000000 1100.000000 0.000998 0.000138 0.000000 12.936679 
20.002134 16.907593 1.594945 0.060976 0.182927 0.243902 1100.000000 1100.000000 1100.000000 1100.000000 0.000999 0.000138 0.000000 13.001184 
20.091194 17.034575 1.639353 -0.487805 -0.121951 -0.060976 1100.000000 1100.000000 1100.000000 1100.000000 0.000999 0.000138 0.000000 13.073804 
20.090614 16.985672 1.625912 0.243902 0.304878 -0.060976 1100.000000 1100.000000 1100.000000 1100.000000 0.000999 0.000138 0.000000 13.058456 
19.993534 16.884277 1.599652 -0.182927 -0.182927 0.121951 1100.000000 1100.000000 1100.000000 1100.000000 0.000999 0.000138 0.000000 12.990463 
20.209682 17.070372 1.656843 0.000000 -0.304878 -0.304878 1100.000000 1100.000000 1100.000000 1100.000000 0.000999 0.000138 0.000000 13.129337 
20.203894 17.150661 1.680227 0.060976 0.060976 0.182927 1100.000000 1100.000000 1100.000000 1100.000000 0.000999 0.000138 0.000000 13.151960 
20.272612 17.319235 1.750947 0.000000 -0.000000 0.121951 1100.000000 1100.000000 1100.000000 1100.000000 0.000998 0.000138 0.000000 13.229467 
20.165386 17.275736 1.729525 -0.182927 0.365854 -0.121951 1100.000000 1100.000000 1100.000000 1100.000000 0.000999 0.000138 0.000000 13.175968 
20.110403 17.264290 1.723993 -0.121951 0.426829 0.121951 1100.000000 1100.000000 1100.000000 1100.000000 0.000999 0.000138 0.000000 13.151870 
20.167589 17.188208 1.704041 -0.060976 -0.000000 -0.243902 1100.000000 1100.000000 1100.000000 1100.000000 0.000999 0.000138 0.000000 13.149603 
20.198618 17.274181 1.730866 -0.060976 -0.121951 0.060976 1100.000000 1100.000000 1100.000000 1100.000000 0.000999 0.000138 0.000000 13.187889 
20.261343 17.344763 1.760448 0.365854 0.121951 0.304878 1100.000000 1100.000000 1100.000000 1100.000000 0.000999 0.000138 0.000000 13.233124 
20.191174 17.224588 1.720292 0.000000 -0.243902 0.121951 1100.000000 1100.000000 1100.000000 1100.000000 0.000999 0.000138 0.000000 13.169600 
20.269217 17.277618 1.735118 0.000000 -0.060976 -0.243902 1100.000000 1100.000000 1100.000000 1100.000000 0.000998 0.000138 0.000000 13.215374 
20.320572 17.266178 1.726494 -0.060976 0.731707 0.060976 1100.000000 1100.000000 1100.000000 1100.000000 0.000999 0.000138 0.000000 13.231274 
20.305853 17.305307 1.746585 -0.365854 -0.243902 -0.060976 1100.000000 1100.000000 1100.000000 1100.000000 0.000999 0.000139 0.000000 13.237628 
20.346746 17.298159 1.740930 0.060976 -0.304878 -0.243902 1100.000000 1100.000000 1100.000000 1100.000000 0.000998 0.000138 0.000000 13.250880 
20.018585 17.143911 1.687371 0.121951 0.060976 0.365854 1100.000000 1100.000000 1100.000000 1100.000000 0.000999 0.000138 0.000000 13.080023 
20.382908 17.367680 1.771011 -0.182927 -0.000000 -0.000000 1100.000000 1100.000000 1100.000000 1100.000000 0.000998 0.000138 0.000000 13.285744 
20.631256 17.472815 1.807469 -0.121951 0.243902 -0.121951 1100.000000 1100.000000 1100.000000 1100.000000 0.000999 0.000138 0.000000 13.411489 
20.384754 17.339455 1.764556 -0.182927 0.060976 0.182927 1100.000000 1100.000000 1100.000000 1100.000000 0.000999 0.000138 0.000000 13.277658 
20.525665 17.333988 1.771250 0.060976 0.121951 0.182927 1100.000000 1100.000000 1100.000000 1100.000000 0.000999 0.000138 0.000000 13.328801 
19.958296 17.105087 1.689141 -0.243902 0.426829 -0.182927 1100.000000 1100.000000 1100.000000 1100.000000 0.000999 0.000138 0.000000 13.044998 
19.557787 16.880600 1.608972 -0.121951 0.243902 0.243902 1100.000000 1100.000000 1100.000000 1100.000000 0.000998 0.000138 0.000000 12.825369 
19.944563 17.050703 1.674046 0.182927 0.060976 0.304878 1100.000000 1100.000000 1100.000000 1100.000000 0.000999 0.000138 0.000000 13.022904 
19.961002 17.090292 1.686714 -0.060976 -0.182927 0.060976 1100.000000 1100.000000 1100.000000 1100.000000 0.000998 0.000138 0.000000 13.041351 
19.996510 17.075850 1.678790 -0.121951 0.182927 -0.060976 1100.000000 1100.000000 1100.000000 1100.000000 0.000999 0.000138 0.000000 13.050292 
20.050508 17.087788 1.691922 0.121951 0.426829 0.121951 1100.000000 1100.000000 1100.000000 1100.000000 0.000998 0.000138 0.000000 13.074032 
19.729202 17.007933 1.664775 -0.060976 0.182927 0.121951 1100.000000 1100.000000 1100.000000 1100.000000 0.000999 0.000138 0.000000 12.928821 
19.804848 17.042879 1.680097 0.000000 -0.304878 -0.243902 1100.000000 1100.000000 1100.000000 1100.000000 0.000999 0.000138 0.000000 12.967898 
20.022869 17.170507 1.719183 -0.060976 0.060976 -0.060976 1100.000000 1100.000000 1100.000000 1100.000000 0.000999 0.000138 0.000000 13.089300 
20.039433 17.127302 1.710550 0.060976 0.121951 0.243902 1100.000000 1100.000000 1100.000000 1100.000000 0.000999 0.000138 0.000000 13.081954 
20.240444 17.225683 1.751216 -0.243902 0.060976 -0.182927 1100.000000 1100.000000 1100.000000 1100.000000 0.000999 0.000138 0.000000 13.187679 
20.120026 17.177279 1.734124 0.304878 0.365854 0.182927 1100.000000 1100.000000 1100.000000 1100.000000 0.000999 0.000138 0.000000 13.127503 
20.082718 17.148922 1.728549 -0.121951 -0.243902 0.182927 1100.000000 1100.000000 1100.000000 1100.000000 0.000998 0.000138 0.000000 13.104628 
20.092203 17.086559 1.702993 -0.121951 -0.000000 -0.182927 1100.000000 1100.000000 1100.000000 1100.000000 0.000999 0.000138 0.000000 13.089028 
20.110445 17.186508 1.738034 0.000000 0.548781 0.121951 1100.000000 1100.000000 1100.000000 1100.000000 0.000999 0.000138 0.000000 13.126751 
20.106333 17.184786 1.742499 -0.304878 0.182927 0.243902 1100.000000 1100.000000 1100.000000 1100.000000 0.000999 0.000138 0.000000 13.124556 
20.260422 17.286087 1.770891 0.000000 -0.121951 -0.426829 1111.000000 1110.000000 1110.000000 1111.000000 0.000999 0.000138 0.000000 13.213850 
20.256624 17.220392 1.743775 0.121951 -0.000000 0.304878 1116.000000 1115.000000 1114.000000 1117.000000 0.000999 0.000138 0.000000 13.192260 
20.315193 17.467602 1.834725 -0.304878 -0.000000 0.121951 1132.000000 1135.000000 1134.000000 1133.000000 0.000999 0.000138 0.000000 13.290587 
20.410975 17.532850 1.854557 -0.060976 0.182927 0.304878 1131.000000 1134.000000 1131.000000 1134.000000 0.000998 0.000138 0.000000 13.346728 
20.473265 17.522341 1.857894 0.060976 -0.121951 -0.060976 1136.000000 1129.000000 1132.000000 1133.000000 0.000999 0.000138 0.000000 13.366596 
20.671520 17.658594 1.909146 -0.365854 -0.060976 -0.365854 1146.000000 1119.000000 1132.000000 1133.000000 0.000999 0.000138 0.000000 13.482920 
20.511974 17.606432 1.883422 -0.304878 0.121951 -0.304878 1151.000000 1114.000000 1132.000000 1133.000000 0.000999 0.000138 0.000000 13.407233 
20.421295 17.547312 1.861036 -0.060976 0.365854 0.121951 1146.000000 1145.000000 1146.000000 1145.000000 0.000999 0.000138 0.000000 13.355025 
20.423058 17.455097 1.815616 0.548781 -0.304878 0.182927 1185.000000 1180.000000 1181.000000 1184.000000 0.000998 0.000138 0.000000 13.327453 
20.568258 17.376789 1.788751 0.670732 -0.365854 -0.000000 1198.000000 1193.000000 1196.000000 1195.000000 0.000999 0.000138 0.000000 13.357907 
20.538452 17.418684 1.807284 -0.365854 0.731707 0.121951 1215.000000 1218.000000 1215.000000 1218.000000 0.000999 0.000138 0.000000 13.359460 
20.388601 17.384933 1.788802 -0.365854 0.975610 0.304878 1211.000000 1222.000000 1217.000000 1216.000000 0.000999 0.000138 0.000000 13.292905 
20.448423 17.474092 1.821601 -0.304878 0.487805 -0.487805 1214.000000 1219.000000 1217.000000 1216.000000 0.000999 0.000138 0.000000 13.342852 
20.485767 17.627218 1.876215 0.060976 -0.121951 0.426829 1215.000000 1216.000000 1215.000000 1216.000000 0.000998 0.000138 0.000000 13.404229 
20.435459 17.452394 1.818145 1.036585 -0.548781 -0.548781 1217.000000 1214.000000 1214.000000 1217.000000 0.000999 0.000138 0.000000 13.331185 
20.359430 17.438875 1.813722 0.304878 -0.914634 0.609756 1219.000000 1212.000000 1217.000000 1214.000000 0.000999 0.000138 0.000000 13.298503 
20.317165 17.303764 1.763181 -0.060976 0.426829 0.060976 1217.000000 1214.000000 1215.000000 1216.000000 0.000999 0.000138 0.000000 13.240969 
20.358915 17.455873 1.816172 -0.975610 0.853659 -0.000000 1212.000000 1221.000000 1216.000000 1217.000000 0.000999 0.000138 0.000000 13.303654 
20.245901 17.804028 1.941336 0.182927 -0.670732 0.182927 1215.000000 1216.000000 1216.000000 1215.000000 0.000998 0.000138 0.000000 13.370275 
20.191874 17.716312 1.894056 -0.731707 0.792683 0.670732 1212.000000 1219.000000 1216.000000 1215.000000 0.000999 0.000138 0.000000 13.323067 
20.216543 17.621346 1.866322 0.365854 -0.000000 -0.304878 1217.000000 1214.000000 1214.000000 1217.000000 0.000999 0.000138 0.000000 13.302289 
20.155704 17.550932 1.842130 -0.670732 0.365854 0.548781 1215.000000 1218.000000 1217.000000 1216.000000 0.000998 0.000138 0.000000 13.257627 
20.255713 17.555769 1.842793 0.365854 -0.426829 -0.731707 1264.000000 1249.000000 1254.000000 1259.000000 0.000999 0.000138 0.000000 13.296380 
20.269478 17.314840 1.734676 0.121951 0.060976 0.243902 1348.000000 1347.000000 1347.000000 1348.000000 0.000999 0.000138 0.000000 13.227304 
20.489103 17.407900 1.733183 0.365854 -0.548781 0.121951 1343.000000 1340.000000 1343.000000 1340.000000 0.000999 0.000138 0.000000 13.339389 
20.419825 17.503349 1.746280 -3.170732 3.475610 0.487805 1320.000000 1339.000000 1328.000000 1331.000000 0.000999 0.000139 0.000000 13.343369 
20.362917 17.437611 1.765034 -1.463415 1.463415 -1.219512 1251.000000 1268.000000 1259.000000 1260.000000 0.000999 0.000138 0.000000 13.300626 
20.335867 17.188026 1.688507 -0.060976 1.219512 -0.426829 1246.000000 1277.000000 1265.000000 1258.000000 0.000999 0.000138 0.000000 13.213282 
20.223898 17.112408 1.662161 -2.560976 0.304878 0.426829 1306.000000 1315.000000 1318.000000 1303.000000 0.000999 0.000138 0.000000 13.147847 
20.304764 17.053089 1.591467 0.731707 -1.341463 0.243902 1328.000000 1307.000000 1319.000000 1316.000000 0.000998 0.000138 0.000000 13.161563 
20.442266 17.039516 1.596685 0.060976 1.707317 1.219512 1316.000000 1317.000000 1309.000000 1324.000000 0.000999 0.000138 0.000000 13.209248 
20.474276 17.072424 1.618335 -3.170732 1.280488 -1.158537 1303.000000 1330.000000 1324.000000 1309.000000 0.000999 0.000138 0.000000 13.231124 
20.046608 16.600611 1.456441 2.804878 -2.987805 -0.792683 1336.000000 1297.000000 1316.000000 1317.000000 0.000998 0.000138 0.000000 12.925279 
20.564665 17.224571 1.649870 2.195122 -3.597561 0.487805 1339.000000 1296.000000 1323.000000 1312.000000 0.000999 0.000138 0.000000 13.312288 
20.487318 16.995491 1.587687 0.853659 -4.329268 -0.243902 1332.000000 1303.000000 1329.000000 1306.000000 0.000999 0.000138 0.000000 13.212833 
20.352129 17.026873 1.575832 -0.731707 0.792683 -0.975610 1335.000000 1298.000000 1316.000000 1317.000000 0.000998 0.000138 0.000000 13.171682 
20.046833 16.462816 1.429396 -5.975610 6.707317 -0.426829 1315.000000 1318.000000 1315.000000 1318.000000 0.000999 0.000138 0.000000 12.883134 
18.984562 15.257666 1.075418 -6.951220 3.841464 0.060976 1335.000000 1298.000000 1328.000000 1305.000000 0.000999 0.000138 0.000000 12.111733 
17.879417 14.114686 0.750418 -7.926829 9.817074 -0.304878 1299.000000 1334.000000 1311.000000 1322.000000 0.000998 0.000138 0.000000 11.341596 
16.276173 12.685592 0.442408 -3.048780 1.707317 -0.914634 1333.000000 1300.000000 1322.000000 1311.000000 0.000999 0.000138 0.000000 10.287765 
18.202412 14.886930 0.982495 17.682928 -19.512196 0.670732 1379.000000 1254.000000 1321.000000 1312.000000 0.000999 0.000138 0.000000 11.698124 
19.824461 16.637541 1.473341 -12.865854 15.060976 -0.121951 1211.000000 1422.000000 1306.000000 1327.000000 0.000998 0.000138 0.000000 12.852034 
14.200152 11.292401 0.106280 19.756098 -20.060976 -0.670732 1415.000000 1218.000000 1315.000000 1318.000000 0.000999 0.000138 0.000000 9.058441 
14.775826 11.842556 0.231634 -5.243903 5.731708 -2.134146 1293.000000 1340.000000 1316.000000 1317.000000 0.000999 0.000138 0.000000 9.449038 
15.929931 12.898562 0.514657 11.158537 -10.670732 0.731707 1346.000000 1287.000000 1315.000000 1318.000000 0.000998 0.000138 0.000000 10.216135 
16.034496 12.911087 0.453077 -7.256098 7.926829 0.670732 1276.000000 1357.000000 1313.000000 1320.000000 0.000999 0.000138 0.000000 10.262512 
15.483387 12.661580 0.421429 -22.621952 26.463415 -4.756098 1188.000000 1445.000000 1304.000000 1329.000000 0.000999 0.000138 0.000000 9.972555 
14.246434 10.850392 0.155827 6.402439 -11.585366 3.475610 1383.000000 1250.000000 1334.000000 1299.000000 0.000998 0.000138 0.000000 8.939911 
13.876527 10.610086 -0.269510 -8.109756 10.731708 6.951220 1279.000000 1354.000000 1310.000000 1323.000000 0.000999 0.000138 0.000000 8.737072 
14.630054 11.488238 0.060839 14.939025 -15.975610 -2.195122 1368.000000 1267.000000 1319.000000 1316.000000 0.000999 0.000138 0.000000 9.288762 
14.258616 11.079100 -0.026556 -18.414635 17.926830 -5.792683 1232.000000 1401.000000 1320.000000 1313.000000 0.000999 0.000138 0.000000 9.020708 
12.766356 9.490401 -0.129681 16.280489 -17.073172 1.097561 1437.000000 1196.000000 1319.000000 1314.000000 0.000999 0.000138 0.000000 7.952434 
17.982910 15.260875 0.904436 12.621951 -12.926829 0.487805 1270.000000 1363.000000 1314.000000 1319.000000 0.000999 0.000138 0.000000 11.734954 
9.829623 7.042068 -0.673045 -80.792686 90.731712 -0.182927 1100.000000 1618.000000 1292.000000 1341.000000 0.000999 0.000138 0.000000 6.069472 
10.657109 6.827660 -1.523705 -79.085365 95.609756 10.609756 1100.000000 1797.000000 1266.000000 1363.000000 0.000998 0.000138 0.000000 6.409032 
10.359921 8.384885 -0.501970 52.134148 3.170732 43.719513 1100.000000 1100.000000 1100.000000 1190.000000 0.000999 0.000138 0.000000 6.679347 
13.222563 10.839458 -0.665397 -19.512196 -24.695122 0.731707 1100.000000 1100.000000 1178.000000 1100.000000 0.000999 0.000138 0.000000 8.571918 
14.454288 13.058701 0.312493 1.890244 10.853659 -17.073172 1100.000000 1100.000000 1100.000000 1100.000000 0.000999 0.000138 0.000000 9.716182 
14.978477 12.433933 0.695790 15.000000 3.536585 1.951220 1100.000000 1100.000000 1100.000000 1100.000000 0.000999 0.000138 0.000000 9.699129 
15.576488 13.662037 0.876230 -8.719512 -13.719513 0.243902 1100.000000 1100.000000 1116.000000 1100.000000 0.000999 0.000138 0.000000 10.315418 
16.193190 14.281460 0.634089 -0.853659 2.804878 -1.036585 1100.000000 1105.000000 1100.000000 1105.000000 0.000999 0.000138 0.000000 10.754732 
16.656061 14.156461 0.918650 6.402439 8.414635 2.012195 1102.000000 1121.000000 1100.000000 1169.000000 0.000998 0.000138 0.000000 10.879671 
17.159389 14.613548 0.983612 0.426829 4.817073 1.097561 1125.000000 1154.000000 1120.000000 1159.000000 0.000999 0.000138 0.000000 11.214382 
17.865049 15.143854 1.154307 -0.975610 1.829268 -0.609756 1147.000000 1156.000000 1147.000000 1156.000000 0.000999 0.000138 0.000000 11.645777 
17.694124 15.146081 1.154930 -0.731707 -4.512195 -0.792683 1164.000000 1139.000000 1171.000000 1132.000000 0.000999 0.000138 0.000000 11.581993 
18.067101 15.424458 1.213028 2.317073 2.317073 -0.121951 1203.000000 1200.000000 1185.000000 1218.000000 0.000999 0.000138 0.000000 11.810026 
18.555262 15.575961 1.251362 1.158537 1.341463 0.853659 1204.000000 1205.000000 1197.000000 1212.000000 0.000999 0.000138 0.000000 12.041725 
18.578459 15.789038 1.351151 -1.646341 -2.134146 -0.060976 1223.000000 1186.000000 1219.000000 1190.000000 0.000999 0.000138 0.000000 12.115509 
18.991150 15.998220 1.382412 0.121951 1.463415 -0.548781 1225.000000 1184.000000 1200.000000 1209.000000 0.000998 0.000138 0.000000 12.337004 
19.036022 15.873061 1.383386 -1.280488 3.414634 0.670732 1217.000000 1192.000000 1198.000000 1211.000000 0.000999 0.000138 0.000000 12.314494 
17.394884 14.033983 0.847408 -3.536585 6.280488 -0.365854 1227.000000 1182.000000 1196.000000 1213.000000 0.000998 0.000138 0.000000 11.125603 
17.080053 13.718329 0.812276 -2.195122 0.487805 0.548781 1208.000000 1201.000000 1210.000000 1199.000000 0.000999 0.000138 0.000000 10.907031 
17.394766 14.036540 0.859752 4.329268 -6.219512 -0.487805 1230.000000 1179.000000 1213.000000 1196.000000 0.000999 0.000138 0.000000 11.125992 
18.511879 15.021255 1.111894 5.731708 -4.573171 0.670732 1244.000000 1229.000000 1230.000000 1243.000000 0.000999 0.000138 0.000000 11.855177 
19.304468 15.857799 1.362007 4.695122 -6.280488 -0.121951 1262.000000 1231.000000 1250.000000 1243.000000 0.000999 0.000138 0.000000 12.412650 
20.166456 16.720673 1.593460 -2.987805 1.463415 0.792683 1217.000000 1276.000000 1252.000000 1241.000000 0.000999 0.000138 0.000000 13.004691 
19.664892 16.267279 1.457826 1.463415 -1.768293 1.097561 1269.000000 1222.000000 1246.000000 1245.000000 0.000999 0.000138 0.000000 12.675538 
20.087912 16.913794 1.632439 0.060976 -1.768293 -0.243902 1254.000000 1237.000000 1253.000000 1238.000000 0.000999 0.000138 0.000000 13.034554 
20.088449 16.925005 1.727544 -1.463415 -1.707317 0.548781 1238.000000 1255.000000 1265.000000 1228.000000 0.000999 0.000138 0.000000 13.035887 
20.137087 16.967529 1.737328 0.365854 1.646341 0.304878 1243.000000 1250.000000 1240.000000 1253.000000 0.000998 0.000138 0.000000 13.067431 
20.201073 17.102022 1.811108 -1.463415 0.731707 1.097561 1236.000000 1257.000000 1250.000000 1243.000000 0.000999 0.000138 0.000000 13.132254 
20.190413 17.124834 1.783901 -2.195122 0.609756 0.060976 1258.000000 1269.000000 1271.000000 1256.000000 0.000998 0.000138 0.000000 13.136101 
20.272358 17.006365 1.732024 0.487805 1.585366 -1.341463 1275.000000 1286.000000 1272.000000 1289.000000 0.000999 0.000138 0.000000 13.130900 
20.332970 17.051346 1.766008 0.609756 -1.646341 0.853659 1285.000000 1274.000000 1283.000000 1276.000000 0.000999 0.000138 0.000000 13.167126 
20.056965 16.845854 1.678641 -0.121951 0.670732 0.365854 1277.000000 1278.000000 1277.000000 1278.000000 0.000999 0.000138 0.000000 13.000258 
19.931477 16.736324 1.648045 -0.365854 1.829268 0.731707 1281.000000 1272.000000 1269.000000 1284.000000 0.000999 0.000138 0.000000 12.919063 
19.842455 16.640381 1.606455 -0.670732 0.548781 -0.670732 1296.000000 1255.000000 1272.000000 1279.000000 0.000999 0.000138 0.000000 12.856209 
19.347618 15.977160 1.423902 -6.646342 6.707317 -0.060976 1278.000000 1275.000000 1277.000000 1276.000000 0.000999 0.000139 0.000000 12.464749 
18.438004 15.204741 1.200363 -4.268293 4.451220 0.670732 1298.000000 1253.000000 1277.000000 1274.000000 0.000998 0.000138 0.000000 11.881613 
17.432882 14.101764 0.897439 -7.987805 9.024390 0.670732 1271.000000 1280.000000 1273.000000 1278.000000 0.000999 0.000138 0.000000 11.159868 
16.261545 12.815271 0.617652 -4.512195 4.634146 -0.426829 1301.000000 1250.000000 1277.000000 1274.000000 0.000999 0.000138 0.000000 10.316180 
16.352360 13.019520 0.681895 0.487805 -0.182927 -0.365854 1290.000000 1261.000000 1275.000000 1276.000000 0.000999 0.000138 0.000000 10.412498 
15.829140 12.538716 0.571421 -4.634146 5.121951 -0.426829 1264.000000 1287.000000 1273.000000 1278.000000 0.000999 0.000138 0.000000 10.063821 
15.765702 12.655101 0.613326 5.975610 -7.439024 -0.121951 1317.000000 1234.000000 1280.000000 1271.000000 0.000998 0.000138 0.000000 10.073881 
18.887947 15.863056 1.407670 -1.097561 1.768293 0.426829 1246.000000 1305.000000 1274.000000 1277.000000 0.000999 0.000138 0.000000 12.254543 
19.030207 15.971115 1.447629 6.158537 -5.853659 0.731707 1302.000000 1249.000000 1275.000000 1276.000000 0.000999 0.000138 0.000000 12.341558 
19.942970 16.648136 1.614307 -0.060976 0.060976 0.243902 1268.000000 1283.000000 1273.000000 1278.000000 0.000999 0.000138 0.000000 12.896528 
19.921608 16.687113 1.635146 -0.609756 0.670732 0.304878 1283.000000 1268.000000 1271.000000 1280.000000 0.000999 0.000138 0.000000 12.900169 
19.950003 17.144951 1.792987 -0.609756 1.768293 0.426829 1290.000000 1261.000000 1271.000000 1280.000000 0.000999 0.000138 0.000000 13.052076 
18.833029 15.903450 1.420738 -10.121951 10.487805 -0.060976 1264.000000 1287.000000 1274.000000 1277.000000 0.000999 0.000138 0.000000 12.246222 
17.400696 14.443911 1.034547 -1.951220 2.378049 -0.182927 1318.000000 1233.000000 1275.000000 1276.000000 0.000999 0.000138 0.000000 11.250796 
17.981846 15.091456 1.206986 4.756098 -3.597561 0.670732 1305.000000 1246.000000 1271.000000 1280.000000 0.000999 0.000138 0.000000 11.672022 
15.740444 12.718672 0.722339 33.475609 -36.524391 -5.304878 1505.000000 1100.000000 1283.000000 1268.000000 0.000999 0.000138 0.000000 10.080908 
16.744249 14.052572 0.930969 -17.804878 14.329268 6.829268 1182.000000 1369.000000 1291.000000 1260.000000 0.000998 0.000138 0.000000 10.879671 
17.754330 14.449675 0.890515 24.451220 -23.475611 2.073171 1335.000000 1140.000000 1230.000000 1245.000000 0.000999 0.000138 0.000000 11.392209 
19.171513 15.931020 1.333000 -13.231708 10.243902 -7.560976 1150.000000 1311.000000 1242.000000 1219.000000 0.000999 0.000138 0.000000 12.385595 
18.311913 15.633815 1.438788 14.756098 -18.536585 -0.792683 1206.000000 1100.000000 1117.000000 1100.000000 0.000999 0.000138 0.000000 11.963555 
20.325523 17.519060 1.856275 -9.085366 14.207317 -3.231707 1100.000000 1182.000000 1100.000000 1128.000000 0.000999 0.000139 0.000000 13.310346 
18.898222 15.678365 1.426036 4.878049 -3.963415 2.621951 1157.000000 1100.000000 1108.000000 1109.000000 0.000998 0.000138 0.000000 12.199863 
20.566069 17.550474 1.877745 -4.756098 5.000000 2.195122 1100.000000 1162.000000 1110.000000 1101.000000 0.000999 0.000138 0.000000 13.409841 
20.512072 17.603022 1.922475 1.219512 -1.829268 -0.182927 1100.000000 1100.000000 1100.000000 1100.000000 0.000999 0.000139 0.000000 13.405245 
20.446882 17.524986 1.873744 0.670732 -0.000000 -0.304878 1100.000000 1100.000000 1100.000000 1100.000000 0.000999 0.000138 0.000000 13.357183 
20.437737 17.418043 1.836328 0.975610 0.426829 -0.304878 1100.000000 1100.000000 1100.000000 1100.000000 0.000999 0.000138 0.000000 13.320681 
20.356752 17.357946 1.821783 0.487805 0.121951 -0.365854 1100.000000 1100.000000 1100.000000 1100.000000 0.000999 0.000139 0.000000 13.271574 
20.347223 17.281767 1.796956 -0.304878 -0.121951 -0.121951 1100.000000 1100.000000 1100.000000 1100.000000 0.000999 0.000138 0.000000 13.244457 
20.246229 17.160784 1.751764 0.000000 -0.000000 0.304878 1100.000000 1100.000000 1100.000000 1100.000000 0.000999 0.000139 0.000000 13.169270 
20.256460 17.145218 1.744126 0.609756 -0.182927 0.060976 1100.000000 1100.000000 1100.000000 1100.000000 0.000998 0.000138 0.000000 13.168386 
20.241323 17.076952 1.724404 -0.060976 -0.487805 0.060976 1100.000000 1100.000000 1100.000000 1100.000000 0.000999 0.000138 0.000000 13.141615 
19.965290 17.010973 1.703978 0.121951 -0.121951 -0.182927 1100.000000 1100.000000 1100.000000 1100.000000 0.000999 0.000139 0.000000 13.017297 
19.802973 16.873964 1.653030 -0.182927 0.121951 -0.121951 1100.000000 1100.000000 1100.000000 1100.000000 0.000998 0.000138 0.000000 12.914037 
19.930565 16.950735 1.679375 -0.060976 0.365854 0.182927 1100.000000 1100.000000 1100.000000 1100.000000 0.000999 0.000138 0.000000 12.985738 
20.014271 17.043756 1.711936 -0.121951 0.121951 -0.243902 1100.000000 1100.000000 1100.000000 1100.000000 0.000999 0.000139 0.000000 13.045921 
20.021492 17.031704 1.709008 0.000000 -0.182927 0.121951 1100.000000 1100.000000 1100.000000 1100.000000 0.000999 0.000138 0.000000 13.044892 
20.083349 17.128977 1.746264 0.060976 0.304878 0.243902 1100.000000 1100.000000 1100.000000 1100.000000 0.000999 0.000139 0.000000 13.098089 
20.103954 17.115446 1.737602 0.060976 0.182927 0.121951 1100.000000 1100.000000 1100.000000 1100.000000 0.000998 0.000138 0.000000 13.101750 
20.045916 17.152021 1.754858 0.000000 0.426829 0.060976 1100.000000 1100.000000 1100.000000 1100.000000 0.000999 0.000138 0.000000 13.091170 
20.101734 17.129595 1.751661 -0.365854 -0.182927 -0.000000 1100.000000 1100.000000 1100.000000 1100.000000 0.000999 0.000139 0.000000 13.105050 
20.106182 17.172703 1.760502 0.121951 -0.060976 -0.060976 1100.000000 1100.000000 1100.000000 1100.000000 0.000999 0.000139 0.000000 13.120209 
20.221266 17.179152 1.762460 0.060976 0.121951 0.487805 1100.000000 1100.000000 1100.000000 1100.000000 0.000999 0.000138 0.000000 13.165431 
20.067913 17.153811 1.759532 -0.426829 -0.060976 -0.060976 1100.000000 1100.000000 1100.000000 1100.000000 0.000925 0.000139 0.000000 13.099868 
20.207901 17.204195 1.772516 -0.121951 0.426829 -0.121951 1100.000000 1100.000000 1100.000000 1100.000000 0.000857 0.000139 0.000000 13.168100 
20.158119 17.184071 1.765532 0.060976 -0.060976 0.243902 1100.000000 1100.000000 1100.000000 1100.000000 0.000858 0.000138 0.000000 13.143192 
20.192486 17.204704 1.776312 -0.060976 -0.060976 -0.365854 1128.000000 1127.000000 1128.000000 1127.000000 0.000858 0.000139 0.000000 13.162388 
20.222485 17.274317 1.801454 -0.243902 -0.182927 0.243902 1125.000000 1126.000000 1127.000000 1124.000000 0.000857 0.000139 0.000000 13.195131 
20.275404 17.271191 1.795732 0.060976 0.304878 0.365854 1132.000000 1133.000000 1131.000000 1134.000000 0.000858 0.000138 0.000000 13.214134 
20.415543 17.435318 1.849933 0.000000 -0.304878 -0.487805 1189.000000 1188.000000 1190.000000 1187.000000 0.000858 0.000139 0.000000 13.317508 
20.342520 17.458689 1.838277 0.426829 0.365854 0.487805 1205.000000 1204.000000 1203.000000 1206.000000 0.000858 0.000139 0.000000 13.297880 
20.354004 17.485310 1.850414 0.487805 -0.060976 -0.304878 1208.000000 1209.000000 1208.000000 1209.000000 0.000858 0.000138 0.000000 13.310360 
20.116299 17.464376 1.845023 -0.426829 0.731707 0.365854 1224.000000 1225.000000 1225.000000 1224.000000 0.000858 0.000139 0.000000 13.215105 
20.314987 17.485420 1.827925 -0.304878 0.792683 0.304878 1245.000000 1246.000000 1244.000000 1247.000000 0.000858 0.000139 0.000000 13.296365 
20.660757 17.695230 1.910093 -0.731707 0.670732 0.121951 1289.000000 1294.000000 1291.000000 1292.000000 0.000858 0.000138 0.000000 13.490505 
20.409210 17.840145 1.936868 0.304878 -0.548781 -0.609756 1291.000000 1290.000000 1291.000000 1290.000000 0.000858 0.000138 0.000000 13.442492 
20.410145 17.512733 1.821253 0.487805 -0.304878 0.060976 1291.000000 1284.000000 1286.000000 1289.000000 0.000858 0.000139 0.000000 13.340824 
20.768572 17.888674 1.959943 -0.609756 0.304878 -0.548781 1286.000000 1289.000000 1289.000000 1286.000000 0.000857 0.000138 0.000000 13.591191 
20.588520 17.662128 1.863917 -1.219512 0.670732 0.365854 1285.000000 1288.000000 1288.000000 1285.000000 0.000858 0.000138 0.000000 13.454079 
20.556307 17.553022 1.828555 -0.121951 0.731707 0.975610 1297.000000 1278.000000 1285.000000 1290.000000 0.000858 0.000139 0.000000 13.408206 
20.268595 17.256437 1.727175 -1.280488 1.463415 0.243902 1302.000000 1273.000000 1290.000000 1285.000000 0.000857 0.000138 0.000000 13.208619 
19.156904 16.407383 1.463880 -7.804878 7.134147 -0.914634 1282.000000 1293.000000 1292.000000 1283.000000 0.000858 0.000138 0.000000 12.527488 
17.618162 14.895939 1.052302 -5.304878 6.341464 0.487805 1291.000000 1286.000000 1284.000000 1293.000000 0.000858 0.000139 0.000000 11.476155 
17.516785 14.990417 1.110246 -30.853659 36.097561 -1.951220 1133.000000 1442.000000 1274.000000 1301.000000 0.000858 0.000139 0.000000 11.466505 
14.914512 12.158761 0.449377 6.219512 -9.085366 4.451220 1371.000000 1204.000000 1289.000000 1286.000000 0.000858 0.000138 0.000000 9.594521 
14.039664 11.537973 0.125284 -14.573171 14.207317 1.158537 1238.000000 1335.000000 1290.000000 1283.000000 0.000858 0.000138 0.000000 9.072357 
14.675698 11.959268 0.369020 16.890244 -17.195122 -3.292683 1361.000000 1212.000000 1286.000000 1287.000000 0.000858 0.000139 0.000000 9.442211 
16.032951 13.365528 0.694124 -13.170732 12.500000 -1.890244 1201.000000 1372.000000 1290.000000 1283.000000 0.000857 0.000138 0.000000 10.397162 
14.053303 11.486045 0.311648 6.768293 -7.743903 2.804878 1366.000000 1207.000000 1291.000000 1282.000000 0.000858 0.000138 0.000000 9.055100 
19.489239 16.774689 1.503448 32.195122 -35.243904 -0.426829 1348.000000 1227.000000 1291.000000 1284.000000 0.000858 0.000139 0.000000 12.768537 
11.625587 8.908958 -0.304327 -83.719513 93.170731 0.853659 1100.000000 1599.000000 1280.000000 1293.000000 0.000858 0.000139 0.000000 7.329620 
13.420916 9.303959 -0.212326 -84.207321 87.804878 13.048780 1100.000000 1735.000000 1100.000000 1145.000000 0.000858 0.000138 0.000000 8.166930 
16.373421 15.475735 1.230480 0.670732 23.048780 10.792684 1100.000000 1202.000000 1100.000000 1169.000000 0.000858 0.000138 0.000000 11.202735 
11.905686 9.184869 0.199913 -11.951220 5.365854 -4.634146 1117.000000 1100.000000 1100.000000 1100.000000 0.000858 0.000139 0.000000 7.507678 
14.944534 13.313436 0.975807 18.109756 -45.609756 -1.890244 1184.000000 1100.000000 1175.000000 1100.000000 0.000857 0.000138 0.000000 9.964091 
15.810801 13.356289 0.670218 -3.170732 15.975610 2.256098 1100.000000 1114.000000 1100.000000 1125.000000 0.000858 0.000138 0.000000 10.310325 
17.146082 14.799225 1.400526 18.963415 -20.914635 -6.646342 1178.000000 1100.000000 1100.000000 1100.000000 0.000858 0.000139 0.000000 11.259440 
17.500965 15.308561 1.427028 4.146341 -3.048780 3.292683 1120.000000 1100.000000 1100.000000 1104.000000 0.000858 0.000139 0.000000 11.555785 
18.162098 15.688373 1.559831 5.487805 -2.439024 2.500000 1166.000000 1115.000000 1129.000000 1152.000000 0.000858 0.000138 0.000000 11.922248 
18.764153 16.194164 1.663540 0.304878 0.487805 -0.792683 1212.000000 1207.000000 1204.000000 1215.000000 0.000858 0.000139 0.000000 12.307462 
19.050070 16.357988 1.738834 2.195122 0.426829 0.304878 1231.000000 1216.000000 1214.000000 1233.000000 0.000857 0.000138 0.000000 12.465287 
19.025080 16.531136 1.802600 -0.731707 0.853659 0.060976 1222.000000 1233.000000 1225.000000 1230.000000 0.000858 0.000139 0.000000 12.510158 
19.076487 16.552452 1.806938 -1.585366 -0.914634 -0.060976 1226.000000 1227.000000 1238.000000 1215.000000 0.000857 0.000138 0.000000 12.536050 
19.324917 16.695715 1.845319 0.426829 0.426829 -0.121951 1175.000000 1170.000000 1169.000000 1176.000000 0.000858 0.000138 0.000000 12.673858 
19.484642 16.917177 1.962025 -0.853659 1.219512 0.365854 1100.000000 1100.000000 1100.000000 1100.000000 0.000858 0.000139 0.000000 12.802072 
19.779902 16.976397 1.964295 -1.158537 -0.304878 0.304878 1100.000000 1100.000000 1100.000000 1100.000000 0.000858 0.000138 0.000000 12.931079 
19.947874 17.036852 1.986783 -0.426829 0.609756 -0.487805 1100.000000 1100.000000 1100.000000 1100.000000 0.000858 0.000139 0.000000 13.012733 
20.201576 17.133127 2.028996 -0.670732 -0.060976 0.060976 1100.000000 1100.000000 1100.000000 1100.000000 0.000858 0.000138 0.000000 13.137573 
20.398756 17.194347 2.049039 -0.060976 0.365854 -0.487805 1100.000000 1100.000000 1100.000000 1100.000000 0.000858 0.000139 0.000000 13.230662 
20.415344 16.859261 1.933309 -0.304878 -0.000000 -0.304878 1117.000000 1100.000000 1100.000000 1100.000000 0.000857 0.000138 0.000000 13.134508 
20.448353 16.850643 1.928476 -0.243902 -0.243902 -0.182927 1136.000000 1100.000000 1115.000000 1114.000000 0.000858 0.000139 0.000000 13.144499 
20.312925 16.930971 1.945316 -0.182927 -0.000000 -0.182927 1227.000000 1184.000000 1206.000000 1205.000000 0.000858 0.000138 0.000000 13.117741 
20.025913 16.529436 1.782988 -5.060976 6.280488 -0.670732 1224.000000 1225.000000 1222.000000 1227.000000 0.000858 0.000138 0.000000 12.886931 
18.722557 15.229906 1.425368 -5.853659 6.402439 0.853659 1241.000000 1214.000000 1228.000000 1227.000000 0.000858 0.000139 0.000000 11.992945 
17.858471 14.423679 1.194091 -3.414634 4.329268 0.060976 1239.000000 1212.000000 1223.000000 1228.000000 0.000858 0.000138 0.000000 11.416183 
16.940403 13.683946 1.044189 -4.695122 4.756098 -1.707317 1109.000000 1100.000000 1100.000000 1100.000000 0.000858 0.000139 0.000000 10.836433 
16.638340 13.684155 1.103052 1.524390 -2.317073 -0.060976 1125.000000 1100.000000 1100.000000 1100.000000 0.000858 0.000138 0.000000 10.719023 
18.186842 15.203012 1.479663 14.024390 -15.548780 0.060976 1210.000000 1100.000000 1146.000000 1137.000000 0.000858 0.000139 0.000000 11.778849 
20.159445 17.329966 2.084896 -8.719512 12.560976 0.365854 1163.000000 1294.000000 1218.000000 1239.000000 0.000857 0.000138 0.000000 13.183127 
16.592247 13.696060 1.065018 -21.890244 19.756098 -0.975610 1214.000000 1247.000000 1243.000000 1218.000000 0.000858 0.000138 0.000000 10.705924 
16.183071 13.667649 0.888924 -36.768295 44.817074 2.378049 1100.000000 1400.000000 1206.000000 1253.000000 0.000858 0.000139 0.000000 10.545160 
14.768324 11.990294 0.813341 16.158537 -17.743902 -3.292683 1193.000000 1100.000000 1100.000000 1100.000000 0.000858 0.000138 0.000000 9.476478 
19.559280 17.083616 2.020473 18.597561 -31.646341 1.463415 1137.000000 1100.000000 1122.000000 1100.000000 0.000858 0.000139 0.000000 12.882168 
18.973497 16.585960 1.877196 17.012196 -7.378049 -1.890244 1158.000000 1100.000000 1100.000000 1115.000000 0.000857 0.000138 0.000000 12.507225 
19.915758 17.288881 2.184876 -0.121951 5.548780 1.707317 1101.000000 1100.000000 1100.000000 1114.000000 0.000858 0.000138 0.000000 13.077487 
19.548252 17.099667 2.097295 -7.012195 -7.439024 0.731707 1118.000000 1100.000000 1153.000000 1100.000000 0.000858 0.000139 0.000000 12.881923 
19.606892 17.221151 2.061483 0.426829 3.109756 -1.097561 1142.000000 1129.000000 1124.000000 1147.000000 0.000858 0.000138 0.000000 12.943374 
20.016825 17.229166 2.123329 0.731707 3.475610 -0.243902 1179.000000 1168.000000 1158.000000 1189.000000 0.000858 0.000139 0.000000 13.097095 
19.890669 17.414244 2.141248 3.597561 1.158537 1.524390 1206.000000 1159.000000 1163.000000 1202.000000 0.000857 0.000138 0.000000 13.109131 
19.709627 17.221365 2.169830 -1.890244 4.390244 -0.670732 1196.000000 1185.000000 1182.000000 1199.000000 0.000858 0.000138 0.000000 12.979627 
19.198717 16.890129 2.074618 -5.365854 -0.792683 0.121951 1210.000000 1181.000000 1217.000000 1174.000000 0.000858 0.000139 0.000000 12.685432 
18.891150 16.230078 1.789152 -3.536585 3.597561 0.731707 1207.000000 1186.000000 1196.000000 1197.000000 0.000858 0.000138 0.000000 12.364002 
18.306889 15.480014 1.643124 0.060976 5.426829 0.243902 1213.000000 1182.000000 1180.000000 1215.000000 0.000858 0.000139 0.000000 11.908635 
18.156584 15.144701 1.565509 -1.402439 -0.670732 0.304878 1214.000000 1177.000000 1206.000000 1185.000000 0.000857 0.000138 0.000000 11.747355 
18.097422 15.126197 1.495775 -0.975610 -1.219512 -0.670732 1213.000000 1176.000000 1201.000000 1188.000000 0.000858 0.000138 0.000000 11.720387 
17.972857 14.915202 1.484101 -0.548781 4.268293 0.731707 1207.000000 1184.000000 1181.000000 1210.000000 0.000858 0.000139 0.000000 11.606954 
17.613068 14.532819 1.383931 -2.865854 3.475610 0.243902 1198.000000 1193.000000 1193.000000 1198.000000 0.000858 0.000138 0.000000 11.351906 
16.931248 13.951688 1.284900 0.609756 3.109756 -0.487805 1217.000000 1174.000000 1184.000000 1207.000000 0.000858 0.000139 0.000000 10.911344 
17.034740 13.994617 1.295734 -0.243902 -1.951220 0.304878 1218.000000 1175.000000 1205.000000 1188.000000 0.000857 0.000139 0.000000 10.964170 
17.073147 14.149837 1.298352 -1.280488 0.365854 -0.182927 1209.000000 1184.000000 1200.000000 1193.000000 0.000858 0.000138 0.000000 11.027409 
16.776546 13.794943 1.242546 0.487805 3.292683 -0.487805 1215.000000 1178.000000 1184.000000 1209.000000 0.000858 0.000139 0.000000 10.803888 
16.839636 13.726130 1.223734 0.000000 -1.646341 0.609756 1228.000000 1181.000000 1209.000000 1200.000000 0.000857 0.000138 0.000000 10.806967 
16.787121 13.822857 1.227184 -2.195122 0.182927 -0.914634 1217.000000 1194.000000 1213.000000 1198.000000 0.000858 0.000138 0.000000 10.816961 
16.395035 13.264662 1.107826 -1.829268 5.121951 0.670732 1219.000000 1198.000000 1198.000000 1219.000000 0.000858 0.000139 0.000000 10.494677 
16.825798 13.810743 1.252294 2.926829 -1.890244 0.243902 1232.000000 1195.000000 1210.000000 1217.000000 0.000858 0.000138 0.000000 10.827511 
16.832644 13.778272 1.286550 0.487805 0.548781 0.304878 1235.000000 1196.000000 1213.000000 1218.000000 0.000858 0.000138 0.000000 10.819400 
16.803835 13.824850 1.273034 -2.134146 0.060976 0.914634 1226.000000 1207.000000 1224.000000 1209.000000 0.000858 0.000139 0.000000 10.823129 
16.782677 13.635528 1.212470 1.036585 -0.609756 -0.731707 1244.000000 1193.000000 1217.000000 1220.000000 0.000858 0.000138 0.000000 10.757130 
17.201090 14.183813 1.390391 1.707317 -0.731707 -1.036585 1238.000000 1203.000000 1217.000000 1224.000000 0.000858 0.000139 0.000000 11.085249 
16.848909 13.809956 1.271146 -5.000000 3.231707 0.304878 1226.000000 1217.000000 1229.000000 1214.000000 0.000858 0.000139 0.000000 10.835779 
16.238123 13.238229 1.109116 0.670732 -0.609756 -0.365854 1253.000000 1190.000000 1221.000000 1222.000000 0.000858 0.000138 0.000000 10.426019 
16.963303 14.027176 1.338094 4.390244 -4.146341 0.182927 1251.000000 1194.000000 1219.000000 1226.000000 0.000858 0.000139 0.000000 10.946289 
16.462992 13.376640 1.173357 -3.414634 4.878049 -0.609756 1244.000000 1201.000000 1218.000000 1227.000000 0.000857 0.000139 0.000000 10.554412 
16.374630 12.985661 1.085020 -0.487805 -0.000000 -0.670732 1236.000000 1209.000000 1221.000000 1224.000000 0.000858 0.000138 0.000000 10.401249 
16.189352 12.819572 1.036633 -1.097561 0.365854 -0.792683 1244.000000 1203.000000 1228.000000 1219.000000 0.000858 0.000139 0.000000 10.279214 
16.031517 12.699035 1.005691 -0.060976 1.097561 -0.853659 1237.000000 1206.000000 1218.000000 1225.000000 0.000858 0.000139 0.000000 10.181437 
15.794415 12.374285 0.945934 -3.109756 2.195122 -0.609756 1234.000000 1209.000000 1227.000000 1216.000000 0.000858 0.000138 0.000000 9.990917 
15.516052 12.246527 0.896351 0.975610 -1.646341 -0.426829 1246.000000 1197.000000 1225.000000 1218.000000 0.000858 0.000139 0.000000 9.844146 
15.707224 12.472024 0.949809 0.975610 -0.426829 -0.121951 1238.000000 1207.000000 1219.000000 1226.000000 0.000857 0.000139 0.000000 9.986704 
15.541163 12.303497 0.915831 -2.743902 1.951220 -0.487805 1232.000000 1211.000000 1224.000000 1219.000000 0.000858 0.000138 0.000000 9.871016 
15.128610 11.791176 0.794118 -1.341463 1.036585 -0.792683 1234.000000 1211.000000 1222.000000 1223.000000 0.000858 0.000139 0.000000 9.555737 
14.774690 11.381738 0.691722 -0.487805 -0.060976 -0.365854 1245.000000 1198.000000 1223.000000 1220.000000 0.000858 0.000139 0.000000 9.294621 
14.806327 11.491588 0.718813 -0.487805 1.158537 -0.487805 1234.000000 1209.000000 1220.000000 1223.000000 0.000858 0.000138 0.000000 9.339761 
14.638811 11.332477 0.701814 -0.975610 0.975610 -1.036585 1239.000000 1204.000000 1222.000000 1221.000000 0.000858 0.000139 0.000000 9.225987 
14.301748 11.088864 0.644713 -1.219512 1.585366 -0.426829 1237.000000 1208.000000 1223.000000 1222.000000 0.000858 0.000139 0.000000 9.020664 
14.048834 10.773155 0.567657 0.548781 0.243902 0.182927 1243.000000 1202.000000 1221.000000 1224.000000 0.000858 0.000138 0.000000 8.827059 
14.170368 10.886918 0.587056 0.731707 -0.548781 0.121951 1241.000000 1204.000000 1223.000000 1222.000000 0.000858 0.000138 0.000000 8.908981 
14.223844 10.943365 0.598622 -0.731707 1.585366 0.670732 1234.000000 1213.000000 1222.000000 1225.000000 0.000858 0.000139 0.000000 8.946897 
14.205814 10.860771 0.568436 0.304878 -0.609756 0.243902 1241.000000 1206.000000 1224.000000 1223.000000 0.000857 0.000138 0.000000 8.915506 
14.276620 10.903601 0.594392 0.000000 0.365854 0.853659 1243.000000 1210.000000 1226.000000 1227.000000 0.000858 0.000138 0.000000 8.955852 
14.106421 10.776269 0.533354 -1.036585 0.853659 1.158537 1249.000000 1216.000000 1235.000000 1230.000000 0.000858 0.000139 0.000000 8.851528 
13.828768 10.538677 0.511995 -2.926829 3.231707 -0.487805 1241.000000 1226.000000 1234.000000 1233.000000 0.000857 0.000138 0.000000 8.670588 
13.285601 9.952290 0.418902 -1.585366 1.768293 -0.060976 1254.000000 1213.000000 1235.000000 1232.000000 0.000858 0.000138 0.000000 8.281287 
13.198088 9.974546 0.402934 0.487805 -0.548781 -0.121951 1252.000000 1211.000000 1233.000000 1230.000000 0.000858 0.000139 0.000000 8.253405 
12.673906 9.513110 0.321671 -4.512195 5.243903 -0.792683 1229.000000 1234.000000 1233.000000 1230.000000 0.000858 0.000139 0.000000 7.908597 
11.742742 8.515113 0.169968 -3.109756 3.109756 -0.000000 1253.000000 1208.000000 1229.000000 1232.000000 0.000858 0.000138 0.000000 7.243565 
11.991518 8.651663 0.193235 -3.841464 4.695122 1.036585 1226.000000 1237.000000 1227.000000 1236.000000 0.000858 0.000138 0.000000 7.383444 
10.924918 7.703400 0.045515 -3.231707 3.963415 0.243902 1254.000000 1213.000000 1232.000000 1235.000000 0.000858 0.000139 0.000000 6.679288 
10.393405 7.255569 -0.011773 -2.195122 2.134146 -0.060976 1246.000000 1219.000000 1233.000000 1232.000000 0.000857 0.000138 0.000000 6.335152 
9.886382 6.609016 -0.099156 -3.719512 3.963415 -0.426829 1247.000000 1230.000000 1239.000000 1238.000000 0.000858 0.000138 0.000000 5.946299 
9.186861 5.973686 -0.189238 -2.012195 1.768293 -0.609756 1276.000000 1235.000000 1259.000000 1252.000000 0.000858 0.000139 0.000000 5.482335 
8.642447 5.511631 -0.239523 -4.207317 4.878049 0.304878 1255.000000 1256.000000 1257.000000 1254.000000 0.000858 0.000139 0.000000 5.129997 
7.335042 4.209559 -0.347441 -8.353659 8.658537 0.060976 1255.000000 1250.000000 1252.000000 1253.000000 0.000858 0.000138 0.000000 4.236928 
6.538259 3.304274 -0.414070 -0.060976 -0.121951 1.097561 1269.000000 1196.000000 1235.000000 1230.000000 0.000858 0.000138 0.000000 3.673598 
6.173285 2.844324 -0.417266 -6.036585 7.134147 0.548781 1241.000000 1226.000000 1232.000000 1235.000000 0.000858 0.000139 0.000000 3.409271 
5.629956 2.379090 -0.438275 -2.987805 3.231707 0.731707 1247.000000 1220.000000 1234.000000 1233.000000 0.000857 0.000138 0.000000 3.067842 
4.799601 1.523433 -0.468294 -4.329268 5.060976 0.304878 1234.000000 1233.000000 1234.000000 1233.000000 0.000858 0.000138 0.000000 2.531495 
4.200122 1.015341 -0.489822 1.097561 -0.731707 0.853659 1251.000000 1214.000000 1235.000000 1230.000000 0.000858 0.000139 0.000000 2.176368 
4.151666 0.944573 -0.515837 -2.987805 3.475610 0.609756 1219.000000 1250.000000 1234.000000 1235.000000 0.000858 0.000139 0.000000 2.146487 
3.908828 0.395711 -0.527423 2.073171 -2.926829 -0.304878 1254.000000 1211.000000 1234.000000 1231.000000 0.000857 0.000138 0.000000 1.982878 
4.992745 2.069606 -0.448398 8.048780 -7.317073 -0.487805 1250.000000 1215.000000 1229.000000 1236.000000 0.000858 0.000138 0.000000 2.715196 
5.791025 2.811759 -0.449625 -1.646341 0.365854 1.036585 1211.000000 1254.000000 1234.000000 1231.000000 0.000858 0.000139 0.000000 3.231255 
5.370727 2.154251 -0.512064 7.012195 -8.597561 -0.914634 1266.000000 1201.000000 1235.000000 1232.000000 0.000857 0.000138 0.000000 2.908922 
6.299653 2.999209 -0.488067 3.841464 -2.682927 -0.182927 1234.000000 1231.000000 1227.000000 1238.000000 0.000858 0.000138 0.000000 3.502522 
7.270695 3.841330 -0.453289 5.609756 -7.317073 0.182927 1243.000000 1210.000000 1230.000000 1223.000000 0.000858 0.000139 0.000000 4.123836 
8.195905 4.750914 -0.371491 4.756098 -3.902439 -1.158537 1195.000000 1186.000000 1185.000000 1196.000000 0.000858 0.000138 0.000000 4.745903 
9.172630 5.687778 -0.261261 5.609756 -7.560976 1.097561 1209.000000 1176.000000 1196.000000 1189.000000 0.000858 0.000139 0.000000 5.401964 
10.967282 7.412950 -0.062875 9.451220 -9.390244 0.548781 1215.000000 1180.000000 1196.000000 1199.000000 0.000858 0.000138 0.000000 6.617343 
12.287560 8.692522 0.131055 4.573171 -3.780488 -0.000000 1202.000000 1207.000000 1201.000000 1208.000000 0.000858 0.000139 0.000000 7.517107 
12.741159 9.493028 0.274800 5.853659 -7.560976 -0.731707 1251.000000 1204.000000 1232.000000 1223.000000 0.000858 0.000138 0.000000 7.930583 
15.966538 12.725689 0.886786 7.195122 -7.926829 0.060976 1232.000000 1229.000000 1234.000000 1227.000000 0.000858 0.000139 0.000000 10.166801 
16.959438 13.684124 1.103049 5.548780 -6.219512 0.182927 1257.000000 1230.000000 1244.000000 1243.000000 0.000857 0.000138 0.000000 10.842517 
18.284307 15.115904 1.480170 4.878049 -4.390244 0.792683 1249.000000 1244.000000 1245.000000 1248.000000 0.000858 0.000138 0.000000 11.788565 
19.222456 15.793507 1.653661 3.841464 -4.390244 0.670732 1262.000000 1243.000000 1254.000000 1251.000000 0.000858 0.000139 0.000000 12.354350 
19.770866 16.731789 1.927676 -1.707317 1.768293 -0.182927 1230.000000 1279.000000 1254.000000 1255.000000 0.000858 0.000138 0.000000 12.850836 
19.961582 16.729717 1.953921 5.304878 -7.134147 -0.670732 1293.000000 1224.000000 1264.000000 1253.000000 0.000858 0.000139 0.000000 12.921614 
20.217794 16.819809 1.956930 -1.341463 2.195122 0.487805 1248.000000 1277.000000 1261.000000 1264.000000 0.000858 0.000138 0.000000 13.046722 
20.020493 16.737629 1.938620 -0.792683 -0.243902 -0.182927 1271.000000 1270.000000 1274.000000 1267.000000 0.000858 0.000139 0.000000 12.946667 
20.345766 17.012606 1.998685 0.548781 -0.548781 -0.487805 1270.000000 1267.000000 1268.000000 1269.000000 0.000857 0.000138 0.000000 13.154632 
20.267006 17.039232 1.994121 -0.182927 -0.731707 0.731707 1270.000000 1265.000000 1272.000000 1263.000000 0.000858 0.000138 0.000000 13.133321 
20.249489 17.112514 2.024997 -0.060976 0.975610 -0.304878 1265.000000 1270.000000 1264.000000 1271.000000 0.000858 0.000139 0.000000 13.149168 
20.455214 17.142591 2.035211 0.426829 -0.000000 -0.000000 1265.000000 1264.000000 1264.000000 1265.000000 0.000858 0.000138 0.000000 13.235972 
20.586752 17.105810 2.028931 0.060976 -0.365854 0.121951 1266.000000 1263.000000 1266.000000 1263.000000 0.000858 0.000139 0.000000 13.274370 
20.617989 17.217091 2.059330 0.243902 -0.000000 0.365854 1263.000000 1262.000000 1262.000000 1263.000000 0.000857 0.000138 0.000000 13.320340 
20.500864 17.154097 2.042967 -0.792683 0.426829 0.121951 1245.000000 1246.000000 1247.000000 1244.000000 0.000858 0.000139 0.000000 13.256675 
20.484339 17.116282 2.020282 -0.487805 0.426829 0.060976 1243.000000 1250.000000 1248.000000 1245.000000 0.000857 0.000139 0.000000 13.239045 
20.436811 17.042362 2.009830 -0.304878 -0.426829 -0.243902 1248.000000 1243.000000 1248.000000 1243.000000 0.000858 0.000138 0.000000 13.198153 
20.531233 17.225588 2.063522 0.731707 -0.609756 -0.548781 1256.000000 1237.000000 1245.000000 1248.000000 0.000858 0.000139 0.000000 13.290127 
20.467192 17.074350 2.022707 0.000000 0.304878 -0.670732 1265.000000 1226.000000 1245.000000 1246.000000 0.000857 0.000138 0.000000 13.219392 
20.158722 16.633062 1.875638 -5.000000 5.182927 1.036585 1244.000000 1243.000000 1244.000000 1243.000000 0.000858 0.000139 0.000000 12.967761 
18.974098 15.347109 1.502276 -3.841464 4.451220 -0.487805 1265.000000 1226.000000 1245.000000 1246.000000 0.000858 0.000139 0.000000 12.124130 
18.775974 15.073635 1.437315 -1.341463 1.341463 -0.182927 1265.000000 1224.000000 1244.000000 1245.000000 0.000858 0.000138 0.000000 11.965022 
18.001558 14.255677 1.211666 -8.475610 9.085366 0.731707 1234.000000 1257.000000 1247.000000 1244.000000 0.000858 0.000139 0.000000 11.419563 
16.231449 12.691017 0.841803 -5.182927 5.853659 -0.243902 1269.000000 1220.000000 1243.000000 1246.000000 0.000857 0.000138 0.000000 10.260557 
17.167730 13.611441 1.072965 -4.024390 5.182927 0.182927 1227.000000 1262.000000 1243.000000 1246.000000 0.000858 0.000139 0.000000 10.901543 
16.025337 12.534358 0.843702 -3.658537 3.597561 0.243902 1276.000000 1215.000000 1246.000000 1245.000000 0.000858 0.000139 0.000000 10.132131 
15.760605 12.096789 0.712052 -3.780488 3.780488 0.426829 1251.000000 1238.000000 1246.000000 1243.000000 0.000858 0.000138 0.000000 9.898708 
14.702365 10.986830 0.507841 -5.731708 6.402439 -0.365854 1257.000000 1234.000000 1244.000000 1247.000000 0.000858 0.000139 0.000000 9.151908 
14.283492 10.509347 0.416797 -0.304878 0.243902 -0.304878 1273.000000 1216.000000 1246.000000 1243.000000 0.000857 0.000138 0.000000 8.845511 
13.722126 9.835089 0.270482 -8.658537 9.573171 0.914634 1231.000000 1258.000000 1243.000000 1246.000000 0.000858 0.000138 0.000000 8.426110 
11.734507 7.930411 -0.023461 -6.890244 7.621952 -1.219512 1268.000000 1223.000000 1243.000000 1248.000000 0.000858 0.000139 0.000000 7.078285 
11.815570 8.030962 0.009574 5.548780 -6.341464 -0.792683 1293.000000 1196.000000 1246.000000 1243.000000 0.000858 0.000138 0.000000 7.138969 
11.056471 7.487159 0.034580 8.841464 -10.121951 -4.268293 1339.000000 1150.000000 1248.000000 1241.000000 0.000858 0.000139 0.000000 6.672326 
12.686139 9.335418 0.284652 -0.975610 1.219512 4.146341 1200.000000 1291.000000 1243.000000 1248.000000 0.000858 0.000139 0.000000 7.861673 
12.546638 9.217457 0.145044 6.097561 -7.378049 0.975610 1284.000000 1205.000000 1251.000000 1238.000000 0.000858 0.000138 0.000000 7.774430 
14.035439 10.944441 0.539738 4.695122 -5.609756 -3.231707 1240.000000 1251.000000 1247.000000 1244.000000 0.000858 0.000139 0.000000 8.874337 
14.353103 11.374454 0.689518 2.195122 -2.012195 1.585366 1251.000000 1240.000000 1244.000000 1247.000000 0.000857 0.000139 0.000000 9.127139 
15.782754 12.647734 0.844177 11.951220 -13.963415 2.439024 1297.000000 1192.000000 1249.000000 1240.000000 0.000858 0.000138 0.000000 10.072358 
17.284512 14.128919 1.206868 -1.585366 1.585366 -1.463415 1227.000000 1264.000000 1244.000000 1247.000000 0.000858 0.000139 0.000000 11.103564 
14.628554 11.447982 0.648485 -22.256098 23.170732 -0.975610 1206.000000 1283.000000 1244.000000 1245.000000 0.000857 0.000138 0.000000 9.258224 
14.236676 11.144974 0.589412 -6.341464 8.536586 -5.670732 1174.000000 1315.000000 1237.000000 1252.000000 0.000858 0.000138 0.000000 9.013387 
11.502567 8.443234 0.278215 -6.829268 4.207317 -0.060976 1296.000000 1195.000000 1257.000000 1234.000000 0.000858 0.000139 0.000000 7.123261 
11.251145 8.214161 0.050234 -3.902439 6.463415 5.609756 1240.000000 1249.000000 1236.000000 1253.000000 0.000857 0.000138 0.000000 6.959987 
9.649323 6.586910 -0.222161 -9.085366 8.780488 -1.707317 1254.000000 1235.000000 1249.000000 1240.000000 0.000858 0.000138 0.000000 5.845698 
9.047829 5.884863 -0.195709 -0.731707 -1.158537 -3.841464 1281.000000 1212.000000 1253.000000 1240.000000 0.000858 0.000139 0.000000 5.400077 
8.413250 5.051903 -0.240598 -11.524390 13.597561 2.317073 1218.000000 1273.000000 1241.000000 1250.000000 0.000857 0.000138 0.000000 4.911591 
5.466239 2.175956 -0.541774 -13.109756 14.756098 1.768293 1257.000000 1234.000000 1242.000000 1249.000000 0.000858 0.000138 0.000000 2.958698 
4.611186 1.527939 -0.552045 6.097561 -7.012195 -1.219512 1288.000000 1205.000000 1249.000000 1244.000000 0.000858 0.000139 0.000000 2.447846 
4.727324 1.601552 -0.510940 -9.085366 10.182927 -0.792683 1231.000000 1260.000000 1244.000000 1247.000000 0.000857 0.000138 0.000000 2.511935 
4.596274 1.425352 -0.551161 2.926829 -3.048780 1.158537 1257.000000 1234.000000 1245.000000 1246.000000 0.000858 0.000138 0.000000 2.425031 
4.534729 1.463994 -0.605582 0.000000 -0.060976 0.060976 1248.000000 1245.000000 1246.000000 1247.000000 0.000858 0.000139 0.000000 2.405339 
5.115540 2.166100 -0.524728 4.695122 -5.548780 -1.524390 1261.000000 1230.000000 1247.000000 1244.000000 0.000857 0.000138 0.000000 2.794353 
5.539533 2.883153 -0.497070 -0.121951 0.609756 0.243902 1236.000000 1255.000000 1244.000000 1247.000000 0.000858 0.000138 0.000000 3.137562 
5.719726 3.028118 -0.464653 2.500000 -3.292683 1.097561 1262.000000 1231.000000 1248.000000 1245.000000 0.000858 0.000139 0.000000 3.249320 
6.896574 4.116188 -0.422819 7.560976 -8.048780 0.243902 1262.000000 1229.000000 1246.000000 1245.000000 0.000857 0.000138 0.000000 4.027155 
7.778751 5.080611 -0.333816 -0.365854 0.243902 -0.243902 1233.000000 1266.000000 1250.000000 1249.000000 0.000858 0.000138 0.000000 4.653579 
8.201039 5.357978 -0.332377 6.463415 -6.097561 0.548781 1264.000000 1237.000000 1248.000000 1253.000000 0.000858 0.000139 0.000000 4.906163 
9.122746 6.222938 -0.217090 4.390244 -4.939024 -0.182927 1263.000000 1240.000000 1251.000000 1252.000000 0.000857 0.000139 0.000000 5.525596 
10.152808 7.080177 -0.164052 5.304878 -5.426829 0.792683 1261.000000 1240.000000 1251.000000 1250.000000 0.000858 0.000138 0.000000 6.190901 
11.256999 8.275818 0.049776 4.756098 -4.634146 -1.463415 1253.000000 1246.000000 1249.000000 1250.000000 0.000858 0.000139 0.000000 6.980503 
11.874745 8.711324 0.092553 4.390244 -4.634146 0.243902 1273.000000 1228.000000 1250.000000 1251.000000 0.000858 0.000139 0.000000 7.356395 
12.839293 9.280340 0.171777 2.195122 -2.865854 0.548781 1262.000000 1237.000000 1249.000000 1250.000000 0.000858 0.000138 0.000000 7.910161 
11.728306 8.296620 0.003426 -11.280488 12.560976 -0.060976 1229.000000 1270.000000 1246.000000 1253.000000 0.000858 0.000138 0.000000 7.178788 
10.021695 6.636565 -0.219869 -1.097561 1.402439 0.670732 1294.000000 1205.000000 1248.000000 1251.000000 0.000858 0.000139 0.000000 6.013924 
10.998506 7.326392 -0.136846 -18.780489 21.463415 -1.341463 1175.000000 1322.000000 1240.000000 1257.000000 0.000857 0.000138 0.000000 6.608506 
8.093626 4.544272 -0.423029 -6.097561 5.975610 1.768293 1293.000000 1204.000000 1250.000000 1247.000000 0.000858 0.000138 0.000000 4.652232 
6.854741 3.301062 -0.595155 -9.695122 10.853659 -0.365854 1239.000000 1260.000000 1246.000000 1253.000000 0.000858 0.000139 0.000000 3.822952 
5.235930 1.846542 -0.577684 -7.317073 7.012195 -0.853659 1269.000000 1230.000000 1253.000000 1246.000000 0.000857 0.000139 0.000000 2.795194 
4.303907 1.294746 -0.617882 -4.329268 5.182927 0.975610 1261.000000 1236.000000 1245.000000 1252.000000 0.000858 0.000138 0.000000 2.271589 
2.676921 -0.192135 -0.609626 -12.621951 13.841464 -0.060976 1232.000000 1265.000000 1244.000000 1253.000000 0.000858 0.000138 0.000000 1.375582 
0.845441 -1.972355 -0.568482 -2.865854 2.195122 -0.365854 1292.000000 1207.000000 1251.000000 1248.000000 0.000858 0.000139 0.000000 1.108005 
1.148782 -1.878997 -0.612570 2.012195 -0.426829 1.280488 1261.000000 1236.000000 1242.000000 1255.000000 0.000857 0.000138 0.000000 1.140381 
-2.707248 -5.446433 -0.397295 -9.085366 9.756098 -1.158537 1267.000000 1232.000000 1249.000000 1250.000000 0.000858 0.000138 0.000000 3.051526 
-2.606264 -5.560033 -0.367941 -0.365854 0.121951 -0.975610 1244.000000 1257.000000 1250.000000 1251.000000 0.000858 0.000139 0.000000 3.079306 
-3.305905 -6.304699 -0.334284 -0.426829 0.121951 2.134146 1262.000000 1239.000000 1252.000000 1249.000000 0.000858 0.000139 0.000000 3.567218 
-2.710119 -5.829721 -0.447713 4.634146 -4.817073 0.975610 1254.000000 1243.000000 1246.000000 1251.000000 0.000858 0.000138 0.000000 3.226707 
-2.505038 -5.616621 -0.456697 -1.158537 0.426829 -1.158537 1245.000000 1254.000000 1252.000000 1247.000000 0.000858 0.000138 0.000000 3.087750 
-1.883798 -4.922117 -0.473588 7.621952 -8.292683 -0.182927 1279.000000 1220.000000 1250.000000 1249.000000 0.000858 0.000139 0.000000 2.649224 
-1.024118 -4.088494 -0.570521 0.548781 0.914634 0.243902 1227.000000 1274.000000 1245.000000 1256.000000 0.000858 0.000139 0.000000 2.129000 
-2.033914 -5.061529 -0.531370 -5.548780 5.000000 1.768293 1245.000000 1254.000000 1254.000000 1245.000000 0.000858 0.000138 0.000000 2.744523 
-1.180927 -4.714201 -0.482892 -35.304878 37.256100 -8.902439 1100.000000 1429.000000 1249.000000 1252.000000 0.000858 0.000138 0.000000 2.444245 
-5.266160 -8.505639 0.102815 -2.804878 1.097561 2.743902 1315.000000 1186.000000 1258.000000 1243.000000 0.000858 0.000139 0.000000 4.998928 
-6.424469 -9.233786 -0.027874 -12.073171 14.329268 6.646342 1206.000000 1291.000000 1242.000000 1255.000000 0.000857 0.000139 0.000000 5.623088 
-7.120914 -10.114700 0.045858 3.780488 -3.963415 4.756098 1280.000000 1209.000000 1246.000000 1243.000000 0.000858 0.000138 0.000000 6.181171 
-6.377595 -9.383829 -0.124296 -3.048780 0.914634 -3.231707 1227.000000 1262.000000 1252.000000 1237.000000 0.000858 0.000138 0.000000 5.674161 
-6.980242 -9.850100 0.182942 -0.670732 2.378049 -3.780488 1251.000000 1242.000000 1240.000000 1253.000000 0.000858 0.000139 0.000000 6.029972 
-5.936090 -8.862265 0.020269 10.365854 -12.560976 -1.463415 1289.000000 1202.000000 1253.000000 1238.000000 0.000858 0.000138 0.000000 5.331236 
-4.964910 -7.751926 -0.219404 -2.256098 4.085366 5.914634 1205.000000 1290.000000 1240.000000 1255.000000 0.000858 0.000139 0.000000 4.607044 
-7.164350 -9.720453 -0.040264 11.707317 -12.500000 -0.000000 1308.000000 1185.000000 1250.000000 1243.000000 0.000857 0.000138 0.000000 6.036178 
-4.659045 -7.436465 -0.367747 4.634146 -4.268293 -2.317073 1229.000000 1266.000000 1245.000000 1250.000000 0.000858 0.000138 0.000000 4.396989 
-4.727157 -7.587414 -0.328868 1.097561 -3.719512 1.341463 1257.000000 1240.000000 1258.000000 1239.000000 0.000858 0.000139 0.000000 4.477591 
-3.730938 -6.540110 -0.481210 6.524390 -4.451220 0.548781 1256.000000 1239.000000 1239.000000 1256.000000 0.000858 0.000138 0.000000 3.778697 
-3.392586 -6.367284 -0.575287 -2.378049 -0.365854 0.792683 1240.000000 1257.000000 1258.000000 1239.000000 0.000858 0.000139 0.000000 3.625851 
-2.684626 -5.736192 -0.548098 8.719512 -8.658537 -0.914634 1277.000000 1216.000000 1244.000000 1249.000000 0.000858 0.000138 0.000000 3.184015 
-1.854609 -4.932114 -0.693747 -0.792683 1.036585 -0.914634 1223.000000 1272.000000 1246.000000 1249.000000 0.000858 0.000139 0.000000 2.662490 
-3.104680 -6.101633 -0.473540 -8.170732 7.500000 0.609756 1233.000000 1260.000000 1250.000000 1243.000000 0.000857 0.000138 0.000000 3.436555 
-0.547711 -4.123334 -0.750597 3.170732 -2.682927 -1.768293 1208.000000 1285.000000 1244.000000 1249.000000 0.000858 0.000138 0.000000 2.115073 
-0.889967 -4.420046 -0.697473 3.780488 -3.536585 -1.280488 1275.000000 1220.000000 1247.000000 1248.000000 0.000858 0.000139 0.000000 2.283705 
-0.189966 -3.766515 -0.790717 -0.426829 -0.304878 3.109756 1234.000000 1259.000000 1250.000000 1243.000000 0.000858 0.000138 0.000000 1.927220 
-0.014811 -3.432441 -0.800503 2.195122 -1.585366 -0.060976 1260.000000 1235.000000 1242.000000 1253.000000 0.000858 0.000139 0.000000 1.762253 
0.559600 -2.790073 -0.697064 1.402439 -0.121951 0.487805 1243.000000 1250.000000 1242.000000 1251.000000 0.000857 0.000138 0.000000 1.463131 
0.772944 -2.588842 -0.712075 1.036585 -1.585366 0.975610 1252.000000 1241.000000 1247.000000 1246.000000 0.000858 0.000141 0.000000 1.394795 
1.298001 -1.961229 -0.731020 0.060976 0.487805 -1.463415 1239.000000 1256.000000 1245.000000 1250.000000 0.000858 0.000153 0.000000 1.228123 
1.170846 -1.958215 -0.683381 0.914634 -1.219512 0.487805 1258.000000 1235.000000 1248.000000 1245.000000 0.000858 0.000176 0.000000 1.187950 
2.215360 -1.148585 -0.701783 5.548780 -5.487805 0.792683 1256.000000 1239.000000 1248.000000 1247.000000 0.000858 0.000182 0.000000 1.293012 
1.694285 -1.626346 -0.765508 -8.597561 9.939025 0.609756 1206.000000 1287.000000 1241.000000 1252.000000 0.000857 0.000181 0.000000 1.231306 
1.518238 -1.803000 -0.680111 10.243902 -12.073171 -1.280488 1322.000000 1171.000000 1255.000000 1238.000000 0.000858 0.000182 0.000000 1.223333 
4.661814 0.802596 -0.753490 8.475610 -8.048780 -2.073171 1224.000000 1271.000000 1241.000000 1254.000000 0.000858 0.000182 0.000000 2.397514 
3.443319 -0.481444 -0.710736 56.158539 -65.914635 -5.365854 1588.000000 1100.000000 1276.000000 1217.000000 0.000858 0.000181 0.000000 1.772882 
4.941785 1.271145 -0.759089 -10.548780 8.109756 3.292683 1202.000000 1293.000000 1258.000000 1237.000000 0.000858 0.000140 0.000000 2.583311 
8.295781 4.246333 -0.564289 20.670732 -17.195122 1.463415 1269.000000 1224.000000 1229.000000 1264.000000 0.000857 0.000137 0.000000 4.676673 
8.318371 4.454381 -0.590599 -6.097561 4.756098 -4.695122 1230.000000 1263.000000 1251.000000 1242.000000 0.000858 0.000139 0.000000 4.736358 
9.307487 5.605782 -0.289398 16.280489 -16.646341 -0.182927 1300.000000 1195.000000 1246.000000 1249.000000 0.000858 0.000151 0.000000 5.439020 
10.717367 7.137538 -0.162218 -5.304878 8.719512 0.670732 1188.000000 1305.000000 1233.000000 1260.000000 0.000858 0.000151 0.000000 6.440103 
8.548927 5.456326 -0.370994 -0.853659 -0.304878 3.414634 1285.000000 1210.000000 1255.000000 1240.000000 0.000858 0.000162 0.000000 5.080335 
12.312813 9.144951 0.104670 32.317074 -33.475609 -1.341463 1351.000000 1144.000000 1247.000000 1248.000000 0.000857 0.000163 0.000000 7.660244 
10.757509 7.611419 -0.106982 1.951220 -2.439024 -16.158537 1383.000000 1110.000000 1253.000000 1240.000000 0.000858 0.000162 0.000000 6.588862 
12.543902 9.462911 0.461260 -8.353659 3.902439 -1.158537 1160.000000 1335.000000 1264.000000 1231.000000 0.000858 0.000163 0.000000 7.838895 
12.379086 9.413812 0.277228 15.731708 -14.634147 10.365854 1330.000000 1163.000000 1241.000000 1252.000000 0.000857 0.000162 0.000000 7.762556 
13.629723 10.221805 -0.027118 -3.719512 7.073171 4.939024 1190.000000 1303.000000 1234.000000 1259.000000 0.000858 0.000162 0.000000 8.512162 
13.477116 10.364590 0.326441 11.829268 -11.768293 -7.256098 1318.000000 1177.000000 1246.000000 1249.000000 0.000858 0.000163 0.000000 8.483390 
16.548697 13.469631 1.072809 12.134147 -10.731708 -5.609756 1243.000000 1250.000000 1236.000000 1257.000000 0.000858 0.000162 0.000000 10.618265 
15.476978 12.519490 0.902192 -15.853659 13.963415 4.512195 1178.000000 1315.000000 1255.000000 1238.000000 0.000858 0.000182 0.000000 9.913040 
14.990499 12.225472 0.618612 22.560976 -22.134148 0.304878 1403.000000 1100.000000 1245.000000 1250.000000 0.000858 0.000186 0.000000 9.640064 
15.552170 13.333210 0.846671 -7.439024 16.585365 -12.682927 1356.000000 1137.000000 1215.000000 1278.000000 0.000858 0.000184 0.000000 10.200430 
15.264428 13.115821 1.275120 -17.256098 11.097561 -4.085366 1144.000000 1351.000000 1275.000000 1220.000000 0.000858 0.000185 0.000000 10.014511 
14.055783 11.961573 0.741901 8.597561 -13.048780 10.182927 1353.000000 1142.000000 1268.000000 1227.000000 0.000858 0.000185 0.000000 9.196375 
14.766073 12.311496 0.564813 -7.500000 13.963415 3.719512 1152.000000 1341.000000 1214.000000 1279.000000 0.000858 0.000184 0.000000 9.582444 
13.884048 11.504481 0.610299 8.597561 -16.341463 -6.829268 1356.000000 1139.000000 1284.000000 1211.000000 0.000858 0.000185 0.000000 8.988021 
17.838291 15.495800 1.555837 13.109756 -8.170732 -0.792683 1204.000000 1291.000000 1221.000000 1274.000000 0.000857 0.000184 0.000000 11.739470 
14.437982 11.805179 0.710549 -36.768295 37.378048 4.146341 1115.000000 1378.000000 1252.000000 1241.000000 0.000858 0.000184 0.000000 9.293352 
13.725143 10.880451 0.333192 49.756100 -53.719513 2.500000 1588.000000 1100.000000 1260.000000 1235.000000 0.000858 0.000185 0.000000 8.738398 
1.565773 -1.915039 -1.391893 -57.560978 60.426830 -12.560976 1305.000000 1188.000000 1273.000000 1220.000000 0.000857 0.000184 0.000000 1.412777 
-3.511223 -6.507402 -1.154105 -65.182930 76.646347 -24.390244 1100.000000 1582.000000 1169.000000 1244.000000 0.000858 0.000150 0.000000 3.756714 
-10.591293 -13.339208 0.419877 13.292684 -16.768293 -18.780489 1403.000000 1100.000000 1221.000000 1192.000000 0.000858 0.000144 0.000000 8.496204 
-10.387269 -13.292680 0.925416 -23.841463 30.487806 -16.158537 1100.000000 1387.000000 1210.000000 1257.000000 0.000857 0.000142 0.000000 8.407234 
-14.806771 -17.956009 2.126010 1.585366 -4.634146 1.280488 1347.000000 1122.000000 1250.000000 1219.000000 0.000858 0.000141 0.000000 11.559109 
-12.013292 -14.884784 0.963738 13.658537 -10.121951 14.512196 1210.000000 1263.000000 1221.000000 1252.000000 0.000858 0.000137 0.000000 9.525945 
-15.854707 -18.733252 1.809568 -50.487804 47.378052 12.195122 1100.000000 1395.000000 1253.000000 1216.000000 0.000857 0.000136 0.000000 12.185084 
-14.090928 -16.926804 1.177735 43.902439 -54.634148 8.780488 1450.000000 1100.000000 1266.000000 1203.000000 0.000858 0.000136 0.000000 10.955476 
-14.349707 -17.415993 1.771843 3.048780 1.463415 -7.500000 1220.000000 1251.000000 1206.000000 1265.000000 0.000858 0.000136 0.000000 11.213961 
-14.116491 -17.014420 1.435411 3.170732 -0.000000 -1.524390 1244.000000 1225.000000 1221.000000 1248.000000 0.000857 0.000133 0.000000 10.992217 
-15.162966 -17.813541 1.692063 1.036585 -4.146341 -0.426829 1246.000000 1223.000000 1246.000000 1223.000000 0.000858 0.000130 0.000000 11.621389 
-15.036860 -17.821093 1.671219 0.243902 2.560976 0.304878 1228.000000 1243.000000 1226.000000 1245.000000 0.000858 0.000131 0.000000 11.584561 
-15.481586 -18.256254 1.738550 -0.182927 -1.158537 1.280488 1234.000000 1237.000000 1238.000000 1233.000000 0.000858 0.000131 0.000000 11.888428 
-15.670225 -18.667608 1.870468 -1.280488 2.134146 1.097561 1223.000000 1244.000000 1232.000000 1235.000000 0.000858 0.000130 0.000000 12.101182 
-16.238251 -19.009039 1.937899 0.000000 0.060976 0.609756 1232.000000 1237.000000 1233.000000 1236.000000 0.000858 0.000131 0.000000 12.408199 
-15.953925 -18.299135 1.762766 -1.158537 0.670732 -0.304878 1233.000000 1232.000000 1236.000000 1229.000000 0.000858 0.000131 0.000000 12.055042 
-16.413095 -18.685217 1.889267 -1.280488 1.646341 -0.243902 1221.000000 1242.000000 1232.000000 1231.000000 0.000838 0.000130 0.000000 12.344370 
-16.751961 -19.605055 2.131380 -0.243902 -0.060976 0.975610 1231.000000 1232.000000 1231.000000 1232.000000 0.000820 0.000130 0.000000 12.791493 
-16.821871 -19.584072 2.166930 -0.060976 0.914634 -0.792683 1235.000000 1232.000000 1232.000000 1235.000000 0.000805 0.000131 0.000000 12.805323 
-17.144714 -20.030479 2.270577 -0.548781 0.121951 -0.304878 1232.000000 1233.000000 1234.000000 1231.000000 0.000791 0.000130 0.000000 13.073005 
-17.309746 -20.348585 2.386309 0.426829 0.182927 -0.548781 1234.000000 1231.000000 1231.000000 1234.000000 0.000783 0.000130 0.000000 13.242490 
-17.536385 -20.621897 2.444127 0.365854 -0.426829 -1.036585 1234.000000 1233.000000 1233.000000 1234.000000 0.000783 0.000131 0.000000 13.415421 
-17.578856 -20.526289 2.435476 0.426829 -0.731707 0.548781 1238.000000 1231.000000 1235.000000 1234.000000 0.000782 0.000130 0.000000 13.393220 
-17.657068 -20.664671 2.456704 -0.121951 0.548781 0.792683 1228.000000 1237.000000 1228.000000 1237.000000 0.000783 0.000130 0.000000 13.469291 
-18.147730 -21.341940 2.675602 -0.304878 0.670732 -0.609756 1231.000000 1234.000000 1233.000000 1232.000000 0.000783 0.000131 0.000000 13.873791 
-17.814177 -20.853962 2.525946 0.060976 -0.243902 -0.670732 1236.000000 1231.000000 1234.000000 1233.000000 0.000783 0.000131 0.000000 13.588590 
-17.919302 -20.669325 2.465259 0.365854 -0.365854 0.121951 1233.000000 1232.000000 1232.000000 1233.000000 0.000772 0.000130 0.000000 13.554097 
-18.243299 -21.308887 2.658546 -0.121951 0.670732 0.853659 1228.000000 1235.000000 1231.000000 1232.000000 0.000764 0.000130 0.000000 13.891782 
-17.945551 -20.907505 2.543267 0.060976 -0.426829 -0.060976 1236.000000 1231.000000 1234.000000 1233.000000 0.000764 0.000131 0.000000 13.649823 
-18.323553 -22.044992 2.892165 -0.365854 0.426829 -0.000000 1231.000000 1236.000000 1233.000000 1234.000000 0.000763 0.000130 0.000000 14.189598 
-18.430124 -22.083685 2.909399 0.060976 -0.000000 -0.487805 1230.000000 1235.000000 1232.000000 1233.000000 0.000764 0.000130 0.000000 14.236916 
-18.380323 -22.120241 2.910407 0.731707 -0.243902 1.036585 1234.000000 1231.000000 1231.000000 1234.000000 0.000764 0.000130 0.000000 14.235264 
-18.316576 -22.016035 2.861394 -0.548781 0.060976 -0.243902 1235.000000 1230.000000 1233.000000 1232.000000 0.000764 0.000131 0.000000 14.176914 
-18.442886 -22.100906 2.901233 0.060976 0.243902 -0.853659 1234.000000 1231.000000 1233.000000 1232.000000 0.000763 0.000130 0.000000 14.247452 
-18.341919 -21.587772 2.729676 0.670732 -0.731707 -0.060976 1243.000000 1222.000000 1241.000000 1224.000000 0.000764 0.000130 0.000000 14.025867 
-18.288446 -21.523598 2.702772 1.280488 -1.341463 0.975610 1249.000000 1218.000000 1244.000000 1223.000000 0.000764 0.000131 0.000000 13.985481 
-18.513203 -21.747959 2.780539 1.036585 -1.097561 0.426829 1252.000000 1215.000000 1238.000000 1229.000000 0.000764 0.000131 0.000000 14.138741 
-18.511799 -21.746069 2.769754 0.914634 -0.121951 0.243902 1253.000000 1210.000000 1230.000000 1233.000000 0.000764 0.000130 0.000000 14.137734 
-18.603134 -21.707388 2.772233 0.487805 -1.036585 -0.060976 1246.000000 1217.000000 1233.000000 1230.000000 0.000764 0.000130 0.000000 14.152031 
-18.450142 -21.694374 2.775433 0.000000 -0.060976 -0.304878 1234.000000 1233.000000 1230.000000 1237.000000 0.000764 0.000131 0.000000 14.099009 
-18.645369 -21.750254 2.786370 -0.060976 0.365854 -0.182927 1228.000000 1237.000000 1228.000000 1237.000000 0.000763 0.000131 0.000000 14.181097 
-18.859512 -22.113491 2.906174 0.243902 -0.670732 -0.060976 1220.000000 1243.000000 1232.000000 1231.000000 0.000764 0.000130 0.000000 14.381998 
-18.714502 -22.349722 2.986325 -0.426829 1.036585 0.731707 1208.000000 1255.000000 1228.000000 1235.000000 0.000765 0.000130 0.000000 14.424038 
-18.646086 -22.099150 2.886859 1.646341 -1.890244 -0.182927 1218.000000 1247.000000 1233.000000 1232.000000 0.000764 0.000131 0.000000 14.310134 
-17.980204 -21.346779 2.618894 3.658537 -4.756098 0.121951 1221.000000 1244.000000 1234.000000 1231.000000 0.000764 0.000130 0.000000 13.823897 
-17.671755 -20.927675 2.471747 0.426829 0.426829 -0.000000 1206.000000 1257.000000 1230.000000 1233.000000 0.000764 0.000130 0.000000 13.572154 
-17.587282 -20.626425 2.379868 2.926829 -3.841464 -0.487805 1230.000000 1235.000000 1235.000000 1230.000000 0.000764 0.000131 0.000000 13.434116 
-16.596537 -19.642088 2.049921 5.731708 -5.304878 0.243902 1222.000000 1241.000000 1230.000000 1233.000000 0.000764 0.000130 0.000000 12.757530 
-16.589901 -19.706142 2.074517 7.378049 -7.134147 0.365854 1247.000000 1218.000000 1232.000000 1233.000000 0.000764 0.000131 0.000000 12.779179 
-14.950152 -17.997780 1.508865 5.853659 -6.524390 -0.609756 1209.000000 1254.000000 1234.000000 1229.000000 0.000763 0.000130 0.000000 11.626949 
-14.311643 -17.217045 1.281123 3.963415 -3.902439 0.792683 1223.000000 1240.000000 1231.000000 1232.000000 0.000764 0.000130 0.000000 11.133458 
-13.531776 -16.104977 0.937760 6.219512 -5.731708 -0.426829 1221.000000 1244.000000 1231.000000 1234.000000 0.000764 0.000131 0.000000 10.471082 
-12.718804 -15.085468 0.683322 2.560976 -2.682927 0.243902 1212.000000 1251.000000 1232.000000 1231.000000 0.000764 0.000130 0.000000 9.830774 
-11.873046 -14.302007 0.457311 6.646342 -6.890244 -0.121951 1231.000000 1234.000000 1233.000000 1232.000000 0.000764 0.000131 0.000000 9.268703 
-10.204167 -12.556129 0.065356 7.439024 -9.512196 -0.182927 1226.000000 1237.000000 1235.000000 1228.000000 0.000764 0.000130 0.000000 8.081188 
-8.836288 -11.273241 -0.209279 3.292683 -3.109756 -0.000000 1209.000000 1256.000000 1230.000000 1235.000000 0.000764 0.000131 0.000000 7.164508 
-6.779698 -9.753425 -0.514591 8.231708 -8.536586 -0.060976 1226.000000 1237.000000 1230.000000 1233.000000 0.000763 0.000130 0.000000 5.954831 
-5.460297 -8.080588 -0.755701 7.500000 -8.597561 -0.365854 1228.000000 1235.000000 1233.000000 1230.000000 0.000764 0.000130 0.000000 4.904406 
-3.810117 -6.326289 -0.963999 8.597561 -9.085366 -0.365854 1227.000000 1238.000000 1232.000000 1233.000000 0.000764 0.000130 0.000000 3.736907 
-2.264272 -5.012568 -1.096282 9.634147 -10.609756 -0.731707 1231.000000 1232.000000 1233.000000 1230.000000 0.000765 0.000130 0.000000 2.813621 
0.172106 -2.830527 -1.247325 12.804878 -13.231708 0.548781 1245.000000 1220.000000 1229.000000 1236.000000 0.000763 0.000131 0.000000 1.548134 
2.630464 -0.210244 -1.294665 7.987805 -8.292683 1.219512 1233.000000 1230.000000 1231.000000 1232.000000 0.000764 0.000130 0.000000 1.468471 
3.477112 0.398549 -1.287912 0.731707 -0.365854 -0.548781 1221.000000 1244.000000 1230.000000 1235.000000 0.000765 0.000131 0.000000 1.866659 
3.789627 0.884198 -1.242603 4.695122 -7.012195 -0.975610 1254.000000 1209.000000 1237.000000 1226.000000 0.000768 0.000126 0.000000 2.046793 
6.012021 2.988003 -1.155878 3.536585 -4.573171 -0.365854 1227.000000 1236.000000 1232.000000 1231.000000 0.000764 0.000131 0.000000 3.419077 
6.366510 3.390861 -1.136633 3.658537 -3.048780 -0.304878 1244.000000 1221.000000 1231.000000 1234.000000 0.000763 0.000131 0.000000 3.665274 
7.233077 4.022131 -1.108263 3.597561 -4.085366 -0.548781 1237.000000 1226.000000 1232.000000 1231.000000 0.000764 0.000131 0.000000 4.191103 
8.059301 4.923119 -1.006877 4.573171 -5.304878 -0.792683 1241.000000 1224.000000 1235.000000 1230.000000 0.000764 0.000131 0.000000 4.765962 
9.361259 6.130822 -0.888965 7.926829 -8.231708 -0.487805 1246.000000 1217.000000 1232.000000 1231.000000 0.000763 0.000130 0.000000 5.630611 
10.407879 7.224730 -0.751682 4.573171 -4.817073 0.426829 1232.000000 1231.000000 1230.000000 1233.000000 0.000764 0.000131 0.000000 6.362514 
10.993621 7.822056 -0.685050 4.939024 -5.731708 0.243902 1247.000000 1218.000000 1233.000000 1232.000000 0.000763 0.000131 0.000000 6.770367 
12.789805 9.415675 -0.423216 11.097561 -11.707317 0.304878 1258.000000 1205.000000 1232.000000 1231.000000 0.000764 0.000131 0.000000 7.951940 
14.779397 11.602693 0.023340 5.365854 -5.487805 -0.304878 1256.000000 1207.000000 1230.000000 1233.000000 0.000765 0.000131 0.000000 9.383975 
15.778432 12.699590 0.269289 2.195122 -2.439024 0.060976 1242.000000 1221.000000 1231.000000 1232.000000 0.000763 0.000130 0.000000 10.103806 
15.483455 12.556690 0.236988 -2.500000 2.439024 -0.060976 1240.000000 1223.000000 1231.000000 1232.000000 0.000764 0.000131 0.000000 9.946075 
15.398055 12.275691 0.189260 -2.804878 2.987805 -0.792683 1245.000000 1220.000000 1233.000000 1232.000000 0.000763 0.000131 0.000000 9.827192 
14.786777 11.485083 0.029363 -5.731708 5.853659 -0.609756 1236.000000 1227.000000 1232.000000 1231.000000 0.000764 0.000131 0.000000 9.350614 
13.892300 10.544553 -0.167214 -3.475610 3.841464 0.609756 1251.000000 1212.000000 1231.000000 1232.000000 0.000764 0.000131 0.000000 8.719135 
13.796763 10.333048 -0.205231 -1.036585 1.585366 -0.000000 1249.000000 1216.000000 1231.000000 1234.000000 0.000764 0.000130 0.000000 8.619149 
13.123641 9.548211 -0.343022 -6.829268 7.256098 -1.158537 1230.000000 1233.000000 1232.000000 1231.000000 0.000765 0.000131 0.000000 8.121972 
11.248858 7.876843 -0.568167 -4.512195 4.451220 0.243902 1245.000000 1220.000000 1233.000000 1232.000000 0.000763 0.000131 0.000000 6.884443 
10.116639 6.727566 -0.735124 -5.304878 6.585366 -0.548781 1241.000000 1222.000000 1229.000000 1234.000000 0.000763 0.000130 0.000000 6.101236 
9.106420 5.827486 -0.829121 -4.207317 4.268293 -0.060976 1246.000000 1217.000000 1232.000000 1231.000000 0.000764 0.000131 0.000000 5.437542 
8.049578 4.837470 -0.932555 -5.731708 6.341464 -0.182927 1239.000000 1226.000000 1232.000000 1233.000000 0.000763 0.000131 0.000000 4.734455 
6.885511 3.758666 -1.002041 -5.426829 6.097561 -0.304878 1245.000000 1218.000000 1230.000000 1233.000000 0.000763 0.000131 0.000000 3.967831 
5.912319 2.838024 -1.058564 -4.390244 5.121951 0.182927 1242.000000 1221.000000 1230.000000 1233.000000 0.000764 0.000131 0.000000 3.332840 
4.929208 1.840686 -1.100766 -6.890244 7.012195 -0.000000 1239.000000 1226.000000 1233.000000 1232.000000 0.000763 0.000131 0.000000 2.695733 
3.454979 0.468214 -1.131963 -6.646342 8.048780 -0.060976 1242.000000 1221.000000 1229.000000 1234.000000 0.000764 0.000131 0.000000 1.835044 
1.071754 -1.753521 -1.127171 -8.414635 8.841464 -0.121951 1238.000000 1225.000000 1233.000000 1230.000000 0.000764 0.000131 0.000000 1.168016 
-0.475021 -3.316789 -1.075826 -6.951220 7.926829 0.060976 1221.000000 1244.000000 1231.000000 1234.000000 0.000763 0.000130 0.000000 1.761587 
-1.494982 -4.111989 -1.019917 -0.853659 -0.182927 0.304878 1242.000000 1221.000000 1235.000000 1228.000000 0.000764 0.000131 0.000000 2.252293 
-1.092982 -3.745414 -1.059045 2.317073 -1.097561 -0.060976 1235.000000 1228.000000 1227.000000 1236.000000 0.000764 0.000131 0.000000 2.026034 
-0.630094 -3.338168 -1.085047 2.073171 -1.707317 0.243902 1236.000000 1229.000000 1232.000000 1233.000000 0.000763 0.000130 0.000000 1.785860 
-0.134380 -3.308071 -1.108630 3.719512 -2.987805 0.670732 1238.000000 1225.000000 1229.000000 1234.000000 0.000764 0.000131 0.000000 1.746300 
0.506062 -2.672267 -1.164948 2.195122 -3.109756 0.914634 1236.000000 1229.000000 1235.000000 1230.000000 0.000763 0.000131 0.000000 1.476975 
0.835717 -2.199326 -1.166796 2.621951 -1.890244 -0.487805 1233.000000 1230.000000 1228.000000 1235.000000 0.000763 0.000130 0.000000 1.309404 
1.367811 -1.346969 -1.187814 2.012195 -4.329268 -0.670732 1238.000000 1225.000000 1237.000000 1226.000000 0.000764 0.000131 0.000000 1.124484 
1.817644 -0.800865 -1.193212 2.987805 -1.707317 -0.365854 1229.000000 1236.000000 1227.000000 1238.000000 0.000764 0.000131 0.000000 1.155213 
1.862395 -0.894469 -1.216223 0.000000 -0.670732 0.365854 1232.000000 1233.000000 1236.000000 1229.000000 0.000763 0.000130 0.000000 1.195013 
1.796875 -1.149212 -1.243536 4.512195 -4.634146 0.792683 1245.000000 1218.000000 1231.000000 1232.000000 0.000764 0.000131 0.000000 1.229874 
3.177503 -0.102836 -1.286757 1.829268 -1.585366 0.121951 1231.000000 1234.000000 1230.000000 1235.000000 0.000763 0.000131 0.000000 1.714178 
3.938387 0.525410 -1.258491 2.926829 -3.048780 -0.487805 1237.000000 1228.000000 1232.000000 1233.000000 0.000763 0.000130 0.000000 2.086566 
4.178214 0.936979 -1.278563 2.743902 -2.926829 0.426829 1236.000000 1227.000000 1230.000000 1233.000000 0.000764 0.000131 0.000000 2.239220 
5.103951 1.774997 -1.242541 4.268293 -4.329268 -0.548781 1242.000000 1223.000000 1231.000000 1234.000000 0.000765 0.000131 0.000000 2.781082 
5.817480 2.500957 -1.208221 2.073171 -3.292683 -1.158537 1232.000000 1233.000000 1236.000000 1229.000000 0.000763 0.000131 0.000000 3.234827 
6.009210 2.652076 -1.175288 1.890244 -1.097561 -0.243902 1238.000000 1225.000000 1228.000000 1235.000000 0.000764 0.000131 0.000000 3.348254 
6.426895 3.044079 -1.172664 3.414634 -4.024390 0.670732 1245.000000 1218.000000 1232.000000 1231.000000 0.000764 0.000131 0.000000 3.617146 
6.924967 3.521578 -1.161696 1.585366 -2.012195 0.426829 1233.000000 1232.000000 1233.000000 1232.000000 0.000763 0.000131 0.000000 3.942828 
8.233172 4.752495 -1.049997 6.219512 -6.646342 -0.182927 1241.000000 1222.000000 1233.000000 1230.000000 0.000764 0.000131 0.000000 4.799712 
9.342749 5.716654 -0.941174 6.097561 -5.853659 0.731707 1244.000000 1219.000000 1230.000000 1233.000000 0.000764 0.000131 0.000000 5.514875 
10.055236 6.639010 -0.861966 3.231707 -3.536585 1.402439 1234.000000 1231.000000 1232.000000 1233.000000 0.000763 0.000131 0.000000 6.058352 
10.642958 7.259584 -0.772243 3.475610 -3.536585 0.487805 1238.000000 1225.000000 1231.000000 1232.000000 0.000764 0.000130 0.000000 6.470266 
11.524387 8.155584 -0.636536 5.670732 -6.585366 -0.670732 1247.000000 1216.000000 1234.000000 1229.000000 0.000764 0.000131 0.000000 7.080751 
12.995192 9.517221 -0.388309 6.829268 -6.829268 -0.670732 1241.000000 1224.000000 1232.000000 1233.000000 0.000764 0.000131 0.000000 8.063046 
13.737586 10.223345 -0.267111 1.219512 -0.914634 0.365854 1222.000000 1243.000000 1233.000000 1232.000000 0.000763 0.000130 0.000000 8.565363 
14.372038 10.761074 -0.154291 4.390244 -5.487805 -0.060976 1263.000000 1200.000000 1234.000000 1229.000000 0.000765 0.000131 0.000000 8.974786 
16.688757 13.744929 0.515196 -0.487805 0.548781 0.243902 1229.000000 1236.000000 1232.000000 1233.000000 0.000764 0.000131 0.000000 10.773786 
16.039461 13.283175 0.421261 -3.170732 3.963415 0.487805 1249.000000 1216.000000 1231.000000 1234.000000 0.000763 0.000131 0.000000 10.382202 
15.819182 12.870409 0.320786 -3.536585 3.719512 0.914634 1242.000000 1221.000000 1232.000000 1231.000000 0.000764 0.000131 0.000000 10.171057 
14.975135 11.995959 0.132162 -5.975610 6.219512 0.548781 1239.000000 1224.000000 1232.000000 1231.000000 0.000764 0.000131 0.000000 9.577827 
14.235707 11.177026 -0.042330 -2.621951 3.231707 0.548781 1252.000000 1213.000000 1232.000000 1233.000000 0.000763 0.000131 0.000000 9.042355 
13.582440 10.375731 -0.189434 -6.280488 6.646342 0.670732 1233.000000 1230.000000 1231.000000 1232.000000 0.000763 0.000130 0.000000 8.545988 
12.292447 9.125356 -0.408785 -5.548780 5.914634 0.548781 1247.000000 1216.000000 1232.000000 1231.000000 0.000764 0.000131 0.000000 7.665237 
12.044226 8.761703 -0.469266 0.914634 -0.609756 0.609756 1260.000000 1203.000000 1230.000000 1233.000000 0.000764 0.000131 0.000000 7.460404 
10.725608 7.504077 -0.633173 -3.658537 4.085366 -0.426829 1259.000000 1206.000000 1233.000000 1232.000000 0.000763 0.000131 0.000000 6.566472 
10.353373 7.254670 -0.672794 -3.048780 3.536585 0.609756 1238.000000 1225.000000 1230.000000 1233.000000 0.000763 0.000131 0.000000 6.344522 
9.444525 6.327249 -0.804492 -5.060976 5.243903 -0.792683 1242.000000 1221.000000 1233.000000 1230.000000 0.000764 0.000131 0.000000 5.714603 
8.503175 5.306510 -0.899363 -6.768293 6.890244 -0.975610 1235.000000 1230.000000 1232.000000 1233.000000 0.000763 0.000131 0.000000 5.047913 
7.170263 4.046492 -0.979507 -8.780488 9.573171 -0.060976 1234.000000 1231.000000 1232.000000 1233.000000 0.000763 0.000130 0.000000 4.159913 
5.889169 2.793253 -1.096146 -5.426829 5.426829 1.036585 1246.000000 1217.000000 1233.000000 1230.000000 0.000764 0.000131 0.000000 3.316352 
5.193900 2.109230 -1.114536 -4.024390 4.817073 0.060976 1241.000000 1222.000000 1231.000000 1232.000000 0.000764 0.000131 0.000000 2.866896 
3.876485 0.810669 -1.139779 -10.853659 12.317074 0.914634 1220.000000 1245.000000 1229.000000 1236.000000 0.000763 0.000131 0.000000 2.064312 
0.184427 -2.882705 -1.117287 -4.817073 5.548780 0.304878 1256.000000 1209.000000 1231.000000 1234.000000 0.000763 0.000130 0.000000 1.547755 
-1.434509 -4.087166 -1.049552 -10.304878 10.365854 -0.426829 1228.000000 1235.000000 1232.000000 1231.000000 0.000765 0.000131 0.000000 2.234408 
-3.537145 -6.145564 -0.888087 -9.573171 10.243902 -0.182927 1239.000000 1224.000000 1232.000000 1231.000000 0.000764 0.000131 0.000000 3.584411 
-5.492811 -7.879498 -0.668624 -12.560976 12.317074 -0.243902 1227.000000 1238.000000 1236.000000 1229.000000 0.000764 0.000131 0.000000 4.825966 
-8.141964 -10.796900 -0.216414 -12.073171 13.902439 0.304878 1234.000000 1231.000000 1230.000000 1235.000000 0.000763 0.000130 0.000000 6.764744 
-10.687142 -13.908084 0.409567 -11.097561 10.792684 -0.121951 1216.000000 1247.000000 1235.000000 1228.000000 0.000764 0.000131 0.000000 8.749159 
-12.672729 -15.320265 0.822070 -11.707317 12.804878 -0.243902 1214.000000 1249.000000 1230.000000 1233.000000 0.000764 0.000131 0.000000 9.902422 
-14.090711 -16.797592 1.217473 -3.170732 2.743902 0.792683 1244.000000 1221.000000 1235.000000 1230.000000 0.000763 0.000131 0.000000 10.905460 
-14.680648 -17.165688 1.342932 -7.195122 7.195122 -0.548781 1214.000000 1251.000000 1233.000000 1232.000000 0.000763 0.000130 0.000000 11.229859 
-15.945265 -18.317209 1.706042 -7.256098 8.353659 0.426829 1219.000000 1244.000000 1230.000000 1233.000000 0.000764 0.000131 0.000000 12.059947 
-17.092287 -19.544022 2.104950 -6.707317 6.890244 0.243902 1222.000000 1243.000000 1233.000000 1232.000000 0.000763 0.000131 0.000000 12.877848 
-18.175388 -20.996052 2.611879 -6.951220 6.951220 -0.548781 1219.000000 1244.000000 1232.000000 1231.000000 0.000764 0.000131 0.000000 13.754664 
-18.711231 -21.183661 2.665724 -5.243903 5.060976 -0.609756 1214.000000 1251.000000 1229.000000 1236.000000 0.000763 0.000131 0.000000 13.994422 
-18.804970 -20.871929 2.549467 0.792683 -1.402439 -0.975610 1238.000000 1225.000000 1234.000000 1229.000000 0.000764 0.000131 0.000000 13.912634 
-18.863611 -21.198462 2.670631 0.426829 -0.609756 0.975610 1233.000000 1232.000000 1231.000000 1234.000000 0.000764 0.000131 0.000000 14.048886 
-18.883429 -21.532131 2.783581 0.060976 0.121951 0.304878 1214.000000 1249.000000 1228.000000 1235.000000 0.000763 0.000130 0.000000 14.176036 
-18.592707 -21.361166 2.716204 0.914634 -1.158537 -0.182927 1219.000000 1244.000000 1230.000000 1233.000000 0.000763 0.000131 0.000000 14.021145 
-18.009935 -20.814016 2.521427 3.475610 -4.207317 -0.000000 1221.000000 1244.000000 1234.000000 1231.000000 0.000763 0.000131 0.000000 13.635808 
-17.411943 -20.195210 2.300487 2.012195 -1.829268 -0.731707 1210.000000 1253.000000 1228.000000 1235.000000 0.000764 0.000131 0.000000 13.218854 
-16.927170 -19.827753 2.184290 2.500000 -3.841464 0.304878 1223.000000 1242.000000 1235.000000 1230.000000 0.000763 0.000131 0.000000 12.929568 
-15.709339 -18.519165 1.779239 0.731707 -1.585366 1.402439 1207.000000 1256.000000 1231.000000 1232.000000 0.000764 0.000131 0.000000 12.058934 
-15.506474 -18.201496 1.672645 2.743902 -2.378049 0.426829 1227.000000 1236.000000 1227.000000 1236.000000 0.000764 0.000131 0.000000 11.876818 
-15.159571 -17.833038 1.551188 -0.487805 0.060976 0.365854 1213.000000 1250.000000 1231.000000 1232.000000 0.000763 0.000130 0.000000 11.629948 
-15.301863 -17.997791 1.611560 0.000000 0.182927 -0.670732 1228.000000 1235.000000 1229.000000 1234.000000 0.000764 0.000131 0.000000 11.736163 
-15.381590 -18.120537 1.649846 -2.926829 3.658537 -0.060976 1219.000000 1246.000000 1230.000000 1235.000000 0.000763 0.000131 0.000000 11.807056 
-16.460135 -19.181391 1.993513 -7.134147 6.829268 -0.121951 1217.000000 1246.000000 1233.000000 1230.000000 0.000764 0.000131 0.000000 12.542404 
-17.606146 -20.447552 2.421835 -4.451220 5.182927 0.609756 1225.000000 1246.000000 1231.000000 1240.000000 0.000764 0.000131 0.000000 13.372711 
-18.169998 -21.010529 2.612996 -2.439024 2.439024 0.121951 1211.000000 1252.000000 1232.000000 1231.000000 0.000763 0.000131 0.000000 13.758299 
-18.421021 -21.319967 2.710972 1.219512 -0.975610 -0.182927 1216.000000 1247.000000 1230.000000 1233.000000 0.000764 0.000131 0.000000 13.951399 
-18.153027 -20.979328 2.606258 1.707317 -1.829268 -0.548781 1221.000000 1244.000000 1233.000000 1232.000000 0.000763 0.000130 0.000000 13.741429 
-17.780180 -20.683847 2.499796 2.134146 -1.829268 0.243902 1216.000000 1247.000000 1230.000000 1233.000000 0.000764 0.000131 0.000000 13.514785 
-17.428789 -20.408470 2.395240 2.378049 -3.048780 -0.487805 1223.000000 1242.000000 1234.000000 1231.000000 0.000763 0.000131 0.000000 13.302347 
-16.651642 -19.462032 2.057608 3.658537 -4.390244 1.036585 1216.000000 1247.000000 1233.000000 1230.000000 0.000763 0.000131 0.000000 12.707280 
-16.173952 -18.817717 1.844889 1.280488 -1.585366 -0.243902 1209.000000 1254.000000 1232.000000 1231.000000 0.000764 0.000131 0.000000 12.317616 
-15.540610 -18.381376 1.700615 4.329268 -5.426829 0.304878 1228.000000 1237.000000 1234.000000 1231.000000 0.000763 0.000130 0.000000 11.954904 
-14.031231 -16.926403 1.259654 8.353659 -8.475610 0.426829 1228.000000 1235.000000 1231.000000 1232.000000 0.000764 0.000131 0.000000 10.934916 
-13.538956 -16.410542 1.109399 0.060976 0.304878 -0.853659 1218.000000 1247.000000 1231.000000 1234.000000 0.000763 0.000131 0.000000 10.586172 
-12.837809 -15.833191 0.939258 4.390244 -5.121951 -0.426829 1222.000000 1241.000000 1233.000000 1230.000000 0.000764 0.000131 0.000000 10.148753 
-12.016680 -14.907660 0.699647 3.902439 -3.597561 0.243902 1216.000000 1247.000000 1231.000000 1232.000000 0.000765 0.000131 0.000000 9.540956 
-11.451223 -14.297925 0.513639 3.780488 -4.451220 0.304878 1223.000000 1242.000000 1234.000000 1231.000000 0.000763 0.000131 0.000000 9.133359 
-10.755779 -13.588571 0.350638 2.804878 -3.231707 -0.000000 1216.000000 1251.000000 1234.000000 1233.000000 0.000763 0.000131 0.000000 8.646111 
-10.088673 -12.827525 0.178814 4.207317 -5.060976 -0.060976 1225.000000 1242.000000 1234.000000 1233.000000 0.000763 0.000131 0.000000 8.147531 
-9.264666 -11.917925 -0.032427 5.182927 -5.487805 0.304878 1222.000000 1245.000000 1234.000000 1233.000000 0.000763 0.000130 0.000000 7.543609 
-8.430966 -11.212909 -0.186941 2.987805 -3.109756 0.182927 1211.000000 1252.000000 1231.000000 1232.000000 0.000763 0.000131 0.000000 7.016519 
-6.430849 -9.246658 -0.565935 6.707317 -7.073171 -0.609756 1215.000000 1250.000000 1234.000000 1231.000000 0.000763 0.000131 0.000000 5.649618 
-5.598495 -8.561065 -0.692374 7.134147 -7.865854 0.853659 1230.000000 1233.000000 1232.000000 1231.000000 0.000764 0.000131 0.000000 5.138927 
-3.924890 -7.092885 -0.907342 9.939025 -10.853659 -0.243902 1238.000000 1225.000000 1233.000000 1230.000000 0.000765 0.000131 0.000000 4.091320 
-1.822486 -5.419036 -1.128821 10.914635 -11.951220 -0.243902 1249.000000 1216.000000 1233.000000 1232.000000 0.000764 0.000130 0.000000 2.922015 
-0.102272 -3.718465 -1.252004 4.268293 -5.121951 -0.670732 1225.000000 1238.000000 1234.000000 1229.000000 0.000763 0.000131 0.000000 1.962939 
0.801707 -2.749256 -1.279902 6.097561 -6.707317 -0.365854 1250.000000 1215.000000 1234.000000 1231.000000 0.000764 0.000131 0.000000 1.564355 
2.703040 -1.151929 -1.349489 11.585366 -11.829268 -0.121951 1253.000000 1210.000000 1230.000000 1233.000000 0.000763 0.000130 0.000000 1.610826 
4.200569 0.163033 -1.359029 1.585366 -1.524390 -0.426829 1215.000000 1250.000000 1230.000000 1235.000000 0.000763 0.000131 0.000000 2.209834 
3.411036 0.006658 -1.300351 4.207317 -5.426829 0.182927 1257.000000 1208.000000 1232.000000 1233.000000 0.000763 0.000131 0.000000 1.825206 
4.918662 1.612779 -1.276297 4.756098 -4.878049 0.975610 1232.000000 1231.000000 1230.000000 1233.000000 0.000763 0.000130 0.000000 2.673788 
5.436997 2.020963 -1.236492 3.292683 -1.890244 0.426829 1237.000000 1226.000000 1227.000000 1236.000000 0.000764 0.000131 0.000000 2.975193 
5.969362 2.444804 -1.244710 1.829268 -4.390244 0.914634 1238.000000 1227.000000 1242.000000 1223.000000 0.000763 0.000131 0.000000 3.296575 
6.417552 2.770257 -1.230286 2.378049 -0.487805 -0.121951 1230.000000 1233.000000 1225.000000 1238.000000 0.000763 0.000131 0.000000 3.561779 
7.332749 3.708184 -1.152797 4.024390 -6.341464 -0.487805 1245.000000 1218.000000 1237.000000 1226.000000 0.000764 0.000131 0.000000 4.164571 
8.386099 4.639375 -1.081950 5.000000 -5.365854 -0.670732 1238.000000 1227.000000 1233.000000 1232.000000 0.000764 0.000131 0.000000 4.840274 
8.659815 5.194681 -1.028796 2.378049 -2.743902 -0.853659 1243.000000 1220.000000 1232.000000 1231.000000 0.000763 0.000131 0.000000 5.093815 
8.774120 5.582248 -0.968645 -1.036585 1.280488 -0.731707 1241.000000 1222.000000 1231.000000 1232.000000 0.000764 0.000131 0.000000 5.240450 
7.958276 5.005853 -1.040919 -4.085366 3.963415 -0.365854 1241.000000 1224.000000 1233.000000 1232.000000 0.000763 0.000131 0.000000 4.747553 
7.298175 4.196514 -1.119890 -4.207317 4.451220 -0.487805 1239.000000 1224.000000 1230.000000 1233.000000 0.000764 0.000131 0.000000 4.263240 
6.872307 3.685418 -1.152933 -1.280488 1.463415 -0.914634 1233.000000 1230.000000 1234.000000 1229.000000 0.000764 0.000131 0.000000 3.957007 
6.762642 3.491350 -1.160933 1.219512 -0.975610 0.609756 1242.000000 1223.000000 1232.000000 1233.000000 0.000763 0.000131 0.000000 3.864371 
7.544133 4.172023 -1.126395 4.878049 -4.573171 0.731707 1242.000000 1221.000000 1230.000000 1233.000000 0.000763 0.000131 0.000000 4.364037 
8.281668 4.680382 -1.078292 0.670732 -0.975610 0.548781 1236.000000 1229.000000 1231.000000 1234.000000 0.000763 0.000131 0.000000 4.804770 
8.228320 4.612181 -1.081545 -0.426829 0.121951 0.304878 1244.000000 1213.000000 1227.000000 1230.000000 0.000763 0.000131 0.000000 4.765058 
8.203455 4.620760 -1.075994 -2.560976 2.804878 0.365854 1243.000000 1226.000000 1234.000000 1235.000000 0.000763 0.000131 0.000000 4.756005 
7.460253 3.893891 -1.127872 -5.609756 6.829268 0.731707 1238.000000 1227.000000 1229.000000 1236.000000 0.000764 0.000131 0.000000 4.261356 
6.455041 3.122630 -1.180004 -5.304878 5.304878 0.243902 1241.000000 1226.000000 1234.000000 1233.000000 0.000763 0.000131 0.000000 3.647387 
5.300236 2.129748 -1.222485 -5.609756 6.219512 -0.975610 1240.000000 1227.000000 1232.000000 1235.000000 0.000763 0.000130 0.000000 2.930778 
4.256382 1.216918 -1.229540 -5.060976 4.878049 -0.792683 1228.000000 1235.000000 1233.000000 1230.000000 0.000763 0.000131 0.000000 2.303248 
3.456856 0.279902 -1.253211 -2.682927 2.500000 0.060976 1236.000000 1229.000000 1233.000000 1232.000000 0.000763 0.000131 0.000000 1.845148 
3.609071 0.734093 -1.244085 3.536585 -3.292683 -0.000000 1245.000000 1220.000000 1232.000000 1233.000000 0.000763 0.000130 0.000000 1.947323 
4.226261 1.184443 -1.229197 1.585366 -1.036585 0.060976 1229.000000 1234.000000 1229.000000 1234.000000 0.000763 0.000131 0.000000 2.284734 
4.590569 1.505013 -1.207471 2.621951 -2.987805 0.670732 1236.000000 1227.000000 1232.000000 1231.000000 0.000764 0.000131 0.000000 2.497008 
5.395527 2.163168 -1.184675 3.170732 -4.390244 -0.487805 1240.000000 1225.000000 1235.000000 1230.000000 0.000764 0.000131 0.000000 2.976180 
6.060249 2.716288 -1.156755 2.682927 -2.682927 0.060976 1238.000000 1227.000000 1230.000000 1235.000000 0.000763 0.000131 0.000000 3.382577 
6.266492 2.867048 -1.169552 -0.609756 0.609756 -1.097561 1237.000000 1228.000000 1231.000000 1234.000000 0.000763 0.000131 0.000000 3.507606 
5.981947 2.798183 -1.140619 -0.975610 0.121951 -1.036585 1241.000000 1224.000000 1235.000000 1230.000000 0.000763 0.000131 0.000000 3.363015 
5.904672 2.590753 -1.158795 -0.914634 1.341463 0.853659 1239.000000 1224.000000 1229.000000 1234.000000 0.000763 0.000130 0.000000 3.287119 
5.764114 2.590714 -1.193632 0.182927 -0.060976 0.548781 1242.000000 1223.000000 1233.000000 1232.000000 0.000764 0.000131 0.000000 3.227435 
5.766669 2.564258 -1.169477 -1.463415 1.341463 -0.000000 1237.000000 1228.000000 1231.000000 1234.000000 0.000763 0.000131 0.000000 3.220695 
4.666998 1.579531 -1.173168 -2.621951 2.926829 1.341463 1240.000000 1225.000000 1232.000000 1233.000000 0.000763 0.000130 0.000000 2.539755 
4.489178 1.425843 -1.183436 -0.731707 1.829268 0.426829 1239.000000 1226.000000 1230.000000 1235.000000 0.000763 0.000131 0.000000 2.434938 
4.122796 1.122863 -1.181157 -1.585366 1.463415 0.182927 1236.000000 1229.000000 1232.000000 1233.000000 0.000763 0.000131 0.000000 2.221935 
4.099552 1.136054 -1.163311 0.975610 -0.853659 -0.670732 1238.000000 1227.000000 1232.000000 1233.000000 0.000763 0.000131 0.000000 2.210366 
4.496445 1.352750 -1.172379 2.256098 -2.500000 0.182927 1238.000000 1225.000000 1231.000000 1232.000000 0.000764 0.000130 0.000000 2.426161 
4.893932 1.871839 -1.167659 2.500000 -3.109756 -1.158537 1237.000000 1228.000000 1234.000000 1231.000000 0.000764 0.000131 0.000000 2.692609 
5.200219 2.108219 -1.159565 2.256098 -2.500000 -0.243902 1236.000000 1229.000000 1232.000000 1233.000000 0.000765 0.000131 0.000000 2.874397 
5.996867 2.753151 -1.146824 5.243903 -5.609756 0.731707 1248.000000 1217.000000 1233.000000 1232.000000 0.000763 0.000131 0.000000 3.360802 
7.912451 4.579278 -1.047438 0.731707 -0.243902 0.182927 1227.000000 1236.000000 1229.000000 1234.000000 0.000763 0.000131 0.000000 4.617916 
7.817915 4.503056 -1.049495 0.426829 -0.487805 -0.121951 1248.000000 1217.000000 1233.000000 1232.000000 0.000763 0.000131 0.000000 4.558231 
7.737278 4.404819 -1.034405 -2.682927 3.597561 0.487805 1236.000000 1229.000000 1231.000000 1234.000000 0.000763 0.000131 0.000000 4.497798 
7.131356 3.717776 -1.098716 -3.536585 4.268293 1.036585 1244.000000 1221.000000 1232.000000 1233.000000 0.000763 0.000130 0.000000 4.073474 
6.210022 2.990067 -1.161413 -4.207317 4.756098 0.670732 1239.000000 1224.000000 1230.000000 1233.000000 0.000763 0.000131 0.000000 3.507829 
5.248336 2.051804 -1.181695 -6.097561 7.073171 -0.121951 1236.000000 1229.000000 1231.000000 1234.000000 0.000763 0.000131 0.000000 2.888257 
4.013523 0.828282 -1.210671 -7.195122 6.585366 0.487805 1238.000000 1227.000000 1236.000000 1229.000000 0.000763 0.000131 0.000000 2.140643 
2.569624 -0.270249 -1.205858 -7.621952 8.963415 0.670732 1233.000000 1232.000000 1230.000000 1235.000000 0.000763 0.000130 0.000000 1.424365 
-0.104967 -2.960574 -1.152614 -5.609756 7.073171 -0.365854 1241.000000 1222.000000 1227.000000 1236.000000 0.000763 0.000131 0.000000 1.589793 
-1.090436 -3.948497 -1.090451 -5.000000 3.719512 -0.060976 1228.000000 1237.000000 1239.000000 1226.000000 0.000764 0.000131 0.000000 2.124214 
-1.657077 -4.674677 -1.042888 0.975610 -1.036585 0.792683 1246.000000 1219.000000 1234.000000 1231.000000 0.000763 0.000131 0.000000 2.540911 
-1.141528 -4.101994 -1.101668 1.646341 -0.853659 -0.000000 1231.000000 1234.000000 1230.000000 1235.000000 0.000764 0.000130 0.000000 2.204070 
-1.064669 -4.065742 -1.079402 -0.365854 -1.158537 -0.121951 1232.000000 1231.000000 1237.000000 1226.000000 0.000763 0.000131 0.000000 2.174209 
-0.393896 -3.343522 -1.136962 6.158537 -5.000000 -0.000000 1251.000000 1214.000000 1225.000000 1240.000000 0.000763 0.000131 0.000000 1.778503 
0.498933 -2.409096 -1.213925 2.195122 -3.719512 -0.060976 1231.000000 1234.000000 1235.000000 1230.000000 0.000764 0.000130 0.000000 1.369308 
-0.061024 -2.633917 -1.190883 -2.439024 3.231707 -1.585366 1227.000000 1238.000000 1231.000000 1234.000000 0.000763 0.000131 0.000000 1.445774 
0.782002 -1.442764 -1.161430 3.109756 -3.170732 -0.304878 1237.000000 1228.000000 1231.000000 1234.000000 0.000764 0.000131 0.000000 1.002296 
0.808170 -1.375551 -1.186633 -0.060976 0.548781 0.731707 1241.000000 1224.000000 1231.000000 1234.000000 0.000763 0.000131 0.000000 0.991106 
0.652990 -1.697214 -1.184984 -2.439024 2.439024 0.548781 1233.000000 1232.000000 1233.000000 1232.000000 0.000763 0.000131 0.000000 1.082455 
0.050315 -2.317040 -1.150071 -3.536585 3.536585 -0.060976 1243.000000 1220.000000 1232.000000 1231.000000 0.000763 0.000131 0.000000 1.293315 
-0.528599 -2.838762 -1.106417 -4.390244 4.329268 -0.243902 1233.000000 1232.000000 1235.000000 1230.000000 0.000763 0.000131 0.000000 1.548387 
-1.398627 -3.813502 -1.047080 -6.402439 7.134147 0.243902 1240.000000 1225.000000 1230.000000 1235.000000 0.000763 0.000130 0.000000 2.103010 
-2.509032 -4.718767 -0.992864 -3.414634 4.329268 -0.243902 1237.000000 1228.000000 1228.000000 1237.000000 0.000763 0.000131 0.000000 2.727065 
-3.432040 -5.530237 -0.914621 -5.365854 5.121951 -0.670732 1221.000000 1244.000000 1231.000000 1234.000000 0.000763 0.000131 0.000000 3.297406 
-4.118429 -6.152597 -0.865972 -0.975610 0.731707 0.304878 1221.000000 1244.000000 1230.000000 1235.000000 0.000763 0.000131 0.000000 3.739369 
-4.109940 -6.618389 -0.827493 3.902439 -3.719512 0.426829 1237.000000 1228.000000 1229.000000 1236.000000 0.000763 0.000131 0.000000 3.929146 
-3.228155 -6.292934 -0.927719 6.707317 -7.560976 -0.182927 1233.000000 1230.000000 1230.000000 1233.000000 0.000763 0.000130 0.000000 3.577686 
-1.520929 -4.557495 -1.116277 9.512196 -10.060976 -0.000000 1237.000000 1228.000000 1228.000000 1237.000000 0.000763 0.000131 0.000000 2.472985 
0.148425 -2.918041 -1.222132 7.500000 -8.353659 -0.243902 1230.000000 1235.000000 1231.000000 1234.000000 0.000763 0.000131 0.000000 1.582761 
1.980284 -0.895292 -1.263398 10.304878 -11.341464 0.182927 1240.000000 1225.000000 1232.000000 1233.000000 0.000763 0.000131 0.000000 1.252889 
3.870438 0.719990 -1.265300 9.085366 -9.146341 0.487805 1246.000000 1219.000000 1230.000000 1235.000000 0.000763 0.000131 0.000000 2.071221 
5.260455 1.959093 -1.262206 3.780488 -4.634146 1.036585 1232.000000 1231.000000 1231.000000 1232.000000 0.000763 0.000131 0.000000 2.886426 
5.177500 1.756308 -1.269423 0.304878 -0.121951 -1.280488 1258.000000 1207.000000 1229.000000 1236.000000 0.000763 0.000131 0.000000 2.815151 
4.798627 1.399693 -1.275209 -4.939024 5.000000 -0.853659 1231.000000 1234.000000 1230.000000 1235.000000 0.000763 0.000130 0.000000 2.586491 
3.099481 0.085492 -1.283037 -10.000000 11.646341 -0.000000 1227.000000 1238.000000 1228.000000 1237.000000 0.000763 0.000131 0.000000 1.678181 
1.126747 -1.761208 -1.292885 -6.097561 6.951220 1.036585 1252.000000 1213.000000 1230.000000 1235.000000 0.000763 0.000131 0.000000 1.224453 
0.135823 -2.386790 -1.232201 -7.195122 8.414635 -0.365854 1231.000000 1232.000000 1229.000000 1234.000000 0.000763 0.000131 0.000000 1.344066 
-2.465098 -4.805684 -1.050285 -14.207317 15.731708 -0.426829 1223.000000 1242.000000 1229.000000 1236.000000 0.000763 0.000131 0.000000 2.760737 
-4.239397 -6.217463 -0.887711 -3.414634 4.451220 -0.304878 1263.000000 1202.000000 1228.000000 1237.000000 0.000763 0.000130 0.000000 3.801533 
-4.334019 -6.401102 -0.890272 -1.402439 0.792683 -0.487805 1223.000000 1242.000000 1231.000000 1234.000000 0.000763 0.000131 0.000000 3.903847 
-7.231143 -9.346601 -0.513586 -5.182927 5.243903 -1.097561 1230.000000 1235.000000 1231.000000 1234.000000 0.000763 0.000131 0.000000 5.924535 
-6.933405 -9.040725 -0.595615 5.000000 -4.939024 0.487805 1231.000000 1232.000000 1226.000000 1237.000000 0.000763 0.000130 0.000000 5.716455 
-5.424935 -7.350235 -0.804474 6.402439 -8.963415 0.304878 1233.000000 1232.000000 1236.000000 1229.000000 0.000764 0.000131 0.000000 4.599470 
-3.990185 -6.206835 -1.018154 10.182927 -9.024390 -0.121951 1233.000000 1232.000000 1224.000000 1241.000000 0.000763 0.000131 0.000000 3.738479 
-1.665442 -4.393694 -1.188261 10.609756 -11.890244 0.670732 1234.000000 1231.000000 1232.000000 1233.000000 0.000763 0.000131 0.000000 2.430997 
0.801975 -2.174364 -1.327149 12.682927 -12.987805 0.670732 1235.000000 1230.000000 1226.000000 1239.000000 0.000764 0.000131 0.000000 1.331486 
3.298016 0.223073 -1.372043 12.073171 -13.841464 -0.060976 1238.000000 1225.000000 1232.000000 1231.000000 0.000763 0.000130 0.000000 1.790675 
5.703219 2.340232 -1.301026 12.682927 -13.536586 -0.426829 1237.000000 1228.000000 1230.000000 1235.000000 0.000763 0.000131 0.000000 3.161988 
8.225843 4.658424 -1.129774 12.804878 -13.963415 -1.036585 1255.000000 1210.000000 1233.000000 1232.000000 0.000763 0.000131 0.000000 4.779056 
10.886136 7.373745 -0.808489 12.073171 -12.621951 -0.426829 1254.000000 1209.000000 1230.000000 1233.000000 0.000763 0.000130 0.000000 6.604914 
11.961882 8.317813 -0.668751 -2.500000 2.317073 0.670732 1219.000000 1246.000000 1231.000000 1234.000000 0.000763 0.000131 0.000000 7.307987 
10.571949 6.995806 -0.866568 -7.865854 8.536586 0.853659 1237.000000 1228.000000 1231.000000 1234.000000 0.000763 0.000131 0.000000 6.372491 
9.891770 6.147794 -0.924022 -19.207317 21.829269 -2.317073 1161.000000 1304.000000 1226.000000 1239.000000 0.000763 0.000131 0.000000 5.860466 
6.200410 2.486956 -1.213167 -12.743903 12.317074 3.292683 1261.000000 1204.000000 1236.000000 1229.000000 0.000764 0.000131 0.000000 3.406628 
4.604314 1.254048 -1.367872 -8.841464 9.573171 2.073171 1233.000000 1232.000000 1230.000000 1235.000000 0.000763 0.000130 0.000000 2.488921 
2.807768 -0.367976 -1.300055 -9.939025 10.914635 -1.219512 1235.000000 1230.000000 1231.000000 1234.000000 0.000763 0.000131 0.000000 1.556077 
0.994291 -2.038484 -1.232537 -10.304878 8.353659 -1.280488 1240.000000 1225.000000 1242.000000 1223.000000 0.000764 0.000131 0.000000 1.286336 
-0.661653 -3.733322 -1.131271 -9.451220 11.585366 1.036585 1225.000000 1240.000000 1226.000000 1239.000000 0.000764 0.000130 0.000000 1.981298 
-2.843648 -5.714692 -1.023650 -10.000000 9.512196 0.365854 1217.000000 1248.000000 1233.000000 1232.000000 0.000763 0.000131 0.000000 3.243229 
-3.656260 -6.285822 -0.956459 2.500000 -0.853659 0.182927 1241.000000 1224.000000 1227.000000 1238.000000 0.000763 0.000131 0.000000 3.679775 
-0.765393 -3.964378 -1.224769 5.792683 -4.878049 -0.914634 1209.000000 1254.000000 1226.000000 1237.000000 0.000763 0.000130 0.000000 2.113407 
0.620795 -2.654806 -1.280900 9.207317 -10.670732 -0.548781 1244.000000 1221.000000 1235.000000 1230.000000 0.000763 0.000131 0.000000 1.502980 
2.602696 -0.694180 -1.372181 10.182927 -9.451220 0.792683 1227.000000 1238.000000 1228.000000 1237.000000 0.000764 0.000131 0.000000 1.507790 
4.324731 0.670889 -1.369598 10.853659 -12.256098 -0.000000 1234.000000 1229.000000 1234.000000 1229.000000 0.000763 0.000130 0.000000 2.296525 
6.401434 2.153514 -1.370847 13.292684 -14.878049 -1.341463 1240.000000 1225.000000 1235.000000 1230.000000 0.000763 0.000131 0.000000 3.457514 
9.434285 5.050677 -1.111631 14.268293 -14.939025 0.121951 1253.000000 1212.000000 1231.000000 1234.000000 0.000763 0.000131 0.000000 5.399387 
12.077750 7.844487 -0.786464 10.853659 -12.378049 0.365854 1261.000000 1202.000000 1233.000000 1230.000000 0.000763 0.000130 0.000000 7.230064 
12.774062 8.680755 -0.657123 -4.451220 4.817073 -0.426829 1215.000000 1250.000000 1230.000000 1235.000000 0.000763 0.000131 0.000000 7.744685 
10.050794 6.297906 -0.963890 -1.219512 1.219512 -0.060976 1266.000000 1199.000000 1233.000000 1232.000000 0.000763 0.000131 0.000000 5.970151 
10.008178 6.341683 -0.971661 -4.329268 4.939024 -0.121951 1231.000000 1232.000000 1231.000000 1232.000000 0.000763 0.000130 0.000000 5.964370 
8.934381 5.120847 -1.116672 -4.756098 5.304878 -0.792683 1247.000000 1218.000000 1230.000000 1235.000000 0.000763 0.000131 0.000000 5.199234 
8.175556 4.522721 -1.124567 -5.670732 5.609756 -0.304878 1239.000000 1226.000000 1234.000000 1231.000000 0.000763 0.000131 0.000000 4.723561 
6.561102 3.125900 -1.250015 -8.780488 9.817074 0.365854 1233.000000 1230.000000 1231.000000 1232.000000 0.000763 0.000130 0.000000 3.701898 
4.542216 1.234409 -1.321575 -8.475610 10.365854 1.097561 1238.000000 1227.000000 1228.000000 1237.000000 0.000763 0.000131 0.000000 2.450963 
2.851356 -0.052322 -1.317927 -8.536586 9.512196 -0.000000 1239.000000 1226.000000 1232.000000 1233.000000 0.000763 0.000131 0.000000 1.570473 
0.610595 -1.881431 -1.275456 -9.817074 11.219512 0.182927 1235.000000 1228.000000 1229.000000 1234.000000 0.000763 0.000130 0.000000 1.174032 
-2.803504 -4.935260 -1.113362 -10.914635 11.158537 -0.731707 1225.000000 1240.000000 1233.000000 1232.000000 0.000763 0.000131 0.000000 2.903331 
-4.866479 -7.392006 -0.896908 -5.487805 6.158537 -0.121951 1222.000000 1243.000000 1231.000000 1234.000000 0.000764 0.000131 0.000000 4.462517 
-4.868796 -7.605258 -0.884004 4.573171 -4.146341 0.670732 1238.000000 1227.000000 1231.000000 1234.000000 0.000763 0.000130 0.000000 4.551393 
-3.295219 -5.747413 -1.093045 7.012195 -7.804878 -0.304878 1228.000000 1237.000000 1234.000000 1231.000000 0.000763 0.000131 0.000000 3.370342 
-1.636085 -3.468713 -1.250418 7.560976 -7.621952 0.060976 1227.000000 1238.000000 1232.000000 1233.000000 0.000765 0.000131 0.000000 2.024487 
0.127485 -2.245143 -1.321265 11.280488 -12.256098 0.182927 1239.000000 1226.000000 1234.000000 1231.000000 0.000763 0.000131 0.000000 1.303413 
2.849264 0.908611 -1.346236 13.109756 -14.268293 -0.182927 1236.000000 1227.000000 1232.000000 1231.000000 0.000763 0.000131 0.000000 1.644372 
5.050938 2.547296 -1.290665 11.402439 -12.195122 -0.975610 1247.000000 1218.000000 1230.000000 1235.000000 0.000763 0.000131 0.000000 2.913360 
7.839755 4.808971 -1.150734 5.365854 -5.121951 -0.121951 1248.000000 1217.000000 1231.000000 1234.000000 0.000763 0.000131 0.000000 4.653790 
8.054338 5.094962 -1.129592 -1.829268 0.792683 0.182927 1240.000000 1223.000000 1234.000000 1229.000000 0.000763 0.000130 0.000000 4.818450 
7.343685 4.346080 -1.187539 -5.121951 5.670732 0.060976 1237.000000 1228.000000 1232.000000 1233.000000 0.000763 0.000131 0.000000 4.326128 
6.669909 3.673138 -1.228420 -3.231707 4.146341 0.243902 1245.000000 1220.000000 1230.000000 1235.000000 0.000764 0.000131 0.000000 3.872875 
5.469418 2.515421 -1.312138 -9.146341 9.268292 0.792683 1227.000000 1238.000000 1234.000000 1231.000000 0.000763 0.000130 0.000000 3.093198 
3.764591 1.000404 -1.337190 -8.719512 10.548780 0.365854 1237.000000 1228.000000 1229.000000 1236.000000 0.000763 0.000131 0.000000 2.064406 
1.843800 -0.757587 -1.340897 -9.634147 10.000000 0.121951 1236.000000 1229.000000 1233.000000 1232.000000 0.000763 0.000131 0.000000 1.197793 
0.070134 -2.463311 -1.277217 -7.804878 8.902439 -0.182927 1242.000000 1223.000000 1231.000000 1234.000000 0.000763 0.000131 0.000000 1.387339 
-2.544786 -4.869008 -1.141599 -9.939025 11.585366 0.609756 1232.000000 1231.000000 1228.000000 1235.000000 0.000763 0.000130 0.000000 2.816402 
-4.579825 -6.884948 -0.949587 -9.207317 9.756098 -0.365854 1232.000000 1233.000000 1232.000000 1233.000000 0.000763 0.000131 0.000000 4.176546 
-5.985263 -8.103776 -0.759124 -6.768293 7.378049 0.487805 1214.000000 1251.000000 1232.000000 1233.000000 0.000764 0.000131 0.000000 5.065852 
-6.217824 -8.478396 -0.705381 4.146341 -4.390244 -0.792683 1242.000000 1223.000000 1231.000000 1234.000000 0.000763 0.000131 0.000000 5.282496 
-4.837215 -6.745512 -0.943585 7.012195 -7.926829 0.426829 1225.000000 1238.000000 1233.000000 1230.000000 0.000763 0.000131 0.000000 4.192225 
-3.956336 -6.302516 -1.046490 7.804878 -7.865854 0.792683 1229.000000 1236.000000 1232.000000 1233.000000 0.000763 0.000131 0.000000 3.771851 
-1.655889 -4.295269 -1.263219 16.219513 -17.865854 -0.548781 1258.000000 1207.000000 1236.000000 1229.000000 0.000763 0.000131 0.000000 2.394818 
1.971837 -1.091549 -1.413208 15.792684 -17.378050 -0.792683 1232.000000 1233.000000 1233.000000 1232.000000 0.000764 0.000130 0.000000 1.325004 
4.703074 1.445709 -1.349473 18.536585 -21.463415 -1.646341 1276.000000 1189.000000 1238.000000 1227.000000 0.000763 0.000131 0.000000 2.558644 
8.803162 5.360066 -1.095090 18.231709 -19.390244 0.853659 1230.000000 1235.000000 1231.000000 1234.000000 0.000763 0.000131 0.000000 5.202587 
12.324963 8.694087 -0.691452 18.292683 -19.695122 1.036585 1278.000000 1187.000000 1231.000000 1234.000000 0.000763 0.000131 0.000000 7.565845 
14.938143 11.235499 -0.239914 4.634146 -4.756098 -0.000000 1226.000000 1237.000000 1231.000000 1232.000000 0.000763 0.000130 0.000000 9.346493 
14.432043 10.931924 -0.237679 -4.878049 5.000000 -0.548781 1234.000000 1231.000000 1233.000000 1232.000000 0.000763 0.000131 0.000000 9.053559 
13.856883 10.547917 -0.330496 -0.182927 0.121951 1.280488 1263.000000 1202.000000 1231.000000 1234.000000 0.000764 0.000131 0.000000 8.713208 
13.667432 10.205357 -0.429229 -5.304878 6.402439 0.487805 1226.000000 1239.000000 1230.000000 1235.000000 0.000764 0.000131 0.000000 8.539344 
11.639095 8.371596 -0.707950 -13.048780 13.780488 -0.731707 1225.000000 1240.000000 1233.000000 1232.000000 0.000763 0.000130 0.000000 7.193993 
10.409893 7.075281 -0.859857 -0.243902 0.182927 -0.365854 1242.000000 1223.000000 1231.000000 1234.000000 0.000763 0.000131 0.000000 6.327100 
9.094392 5.698731 -1.032863 -8.048780 8.597561 -0.365854 1239.000000 1226.000000 1233.000000 1232.000000 0.000763 0.000131 0.000000 5.410916 
7.992570 4.835462 -1.099267 -5.182927 5.670732 -0.487805 1243.000000 1222.000000 1232.000000 1233.000000 0.000763 0.000131 0.000000 4.721529 
6.927936 3.805489 -1.186111 -7.073171 7.500000 -0.792683 1238.000000 1227.000000 1232.000000 1233.000000 0.000763 0.000131 0.000000 4.012784 
5.717125 2.595894 -1.245218 -6.158537 6.341464 0.121951 1242.000000 1223.000000 1233.000000 1232.000000 0.000763 0.000131 0.000000 3.212844 
4.619731 1.559539 -1.278146 -7.073171 8.231708 0.243902 1236.000000 1227.000000 1229.000000 1234.000000 0.000763 0.000131 0.000000 2.528168 
2.928179 -0.052954 -1.286989 -8.963415 9.146341 -0.670732 1100.000000 1100.000000 1100.000000 1100.000000 0.000764 0.000131 0.000000 1.599121 
1.631443 -1.334551 -1.202306 -6.036585 6.707317 -1.036585 1100.000000 1100.000000 1100.000000 1100.000000 0.000764 0.000130 0.000000 1.208528 
1.803188 -1.230154 -1.192057 7.195122 -7.682927 1.036585 1100.000000 1100.000000 1100.000000 1100.000000 0.000763 0.000131 0.000000 1.238753 
3.635433 0.534645 -1.248396 12.987805 -13.536586 -0.609756 1100.000000 1100.000000 1100.000000 1100.000000 0.000763 0.000130 0.000000 1.943098 
