20.198067 17.380606 -12.103830 -0.243902 -0.182927 -0.000000 1100.000000 1100.000000 1100.000000 1100.000000 0.000305 0.000049 0.000000 15.206592 
20.137619 17.392391 -12.101698 -0.060976 0.243902 -0.426829 1100.000000 1100.000000 1100.000000 1100.000000 0.000305 0.000050 0.000000 15.188145 
20.122671 17.424133 -12.090825 -0.365854 -0.243902 -0.182927 1100.000000 1100.000000 1100.000000 1100.000000 0.000305 0.000049 0.000000 15.190204 
20.101650 17.307119 -12.134748 0.243902 -0.000000 -0.121951 1100.000000 1100.000000 1100.000000 1100.000000 0.000305 0.000049 0.000000 15.156384 
20.254362 17.535158 -12.058660 -0.060976 0.304878 0.182927 1100.000000 1100.000000 1100.000000 1100.000000 0.000305 0.000050 0.000000 15.264747 
20.244211 17.402309 -12.100379 0.060976 -0.000000 -0.182927 1100.000000 1100.000000 1100.000000 1100.000000 0.000305 0.000049 0.000000 15.229165 
20.256037 17.482639 -12.073425 -0.426829 0.060976 -0.182927 1100.000000 1100.000000 1100.000000 1100.000000 0.000305 0.000050 0.000000 15.252263 
20.306145 17.522436 -12.066815 0.060976 0.487805 0.060976 1100.000000 1100.000000 1100.000000 1100.000000 0.000305 0.000050 0.000000 15.281251 
20.248116 17.350647 -12.126283 0.426829 -0.426829 0.365854 1100.000000 1100.000000 1100.000000 1100.000000 0.000305 0.000049 0.000000 15.220581 
20.145798 17.226336 -12.168320 0.121951 -0.243902 -0.182927 1100.000000 1100.000000 1100.000000 1100.000000 0.000305 0.000050 0.000000 15.154974 
20.110676 17.407305 -12.107755 0.060976 -0.548781 -0.182927 1100.000000 1100.000000 1100.000000 1100.000000 0.000305 0.000050 0.000000 15.184730 
20.157070 17.584921 -12.060067 -0.365854 0.426829 -0.487805 1100.000000 1100.000000 1100.000000 1100.000000 0.000305 0.000049 0.000000 15.246147 
20.110588 17.651350 -12.026242 0.060976 0.304878 0.182927 1100.000000 1100.000000 1100.000000 1100.000000 0.000305 0.000050 0.000000 15.242523 
20.201422 17.776150 -11.980281 -0.365854 0.304878 0.060976 1100.000000 1100.000000 1100.000000 1100.000000 0.000305 0.000049 0.000000 15.303689 
20.168831 17.612152 -12.038468 -0.121951 0.365854 -0.304878 1100.000000 1100.000000 1100.000000 1100.000000 0.000305 0.000049 0.000000 15.253756 
20.190701 17.544945 -12.064348 -0.182927 0.304878 -0.060976 1100.000000 1100.000000 1100.000000 1100.000000 0.000305 0.000050 0.000000 15.246473 
20.260221 17.713081 -11.996605 -0.243902 0.792683 0.121951 1100.000000 1100.000000 1100.000000 1100.000000 0.000305 0.000049 0.000000 15.308438 
20.231438 17.666262 -12.012576 -0.487805 0.060976 -0.182927 1100.000000 1100.000000 1100.000000 1100.000000 0.000305 0.000049 0.000000 15.287080 
20.287783 17.467009 -12.081380 -0.365854 0.182927 -0.243902 1100.000000 1100.000000 1100.000000 1100.000000 0.000305 0.000050 0.000000 15.260633 
20.209221 17.458771 -12.090605 -0.243902 -0.243902 -0.121951 1100.000000 1100.000000 1100.000000 1100.000000 0.000305 0.000049 0.000000 15.232128 
20.231861 17.549055 -12.064322 0.304878 0.487805 0.182927 1100.000000 1100.000000 1100.000000 1100.000000 0.000305 0.000049 0.000000 15.262489 
20.307360 17.610682 -12.044899 0.121951 -0.365854 0.365854 1100.000000 1100.000000 1100.000000 1100.000000 0.000305 0.000050 0.000000 15.304390 
20.370817 17.524914 -12.074788 0.243902 -0.487805 -0.304878 1100.000000 1100.000000 1100.000000 1100.000000 0.000305 0.000049 0.000000 15.307197 
20.324646 17.377449 -12.134459 0.121951 -0.609756 0.121951 1100.000000 1100.000000 1100.000000 1100.000000 0.000305 0.000049 0.000000 15.258559 
20.136538 17.347269 -12.140020 0.000000 0.426829 0.243902 1100.000000 1100.000000 1100.000000 1100.000000 0.000305 0.000049 0.000000 15.182891 
20.096724 17.174658 -12.202367 -0.060976 0.121951 0.243902 1100.000000 1100.000000 1100.000000 1100.000000 0.000306 0.000049 0.000000 15.129493 
20.235151 17.199472 -12.184926 0.000000 -0.060976 -0.000000 1100.000000 1100.000000 1100.000000 1100.000000 0.000305 0.000050 0.000000 15.182694 
20.247572 17.040234 -12.241437 -0.365854 0.060976 -0.060976 1100.000000 1100.000000 1100.000000 1100.000000 0.000305 0.000049 0.000000 15.151198 
20.308336 17.033091 -12.249176 -0.304878 0.487805 -0.060976 1100.000000 1100.000000 1100.000000 1100.000000 0.000305 0.000050 0.000000 15.172794 
20.311817 16.876244 -12.299049 -0.182927 0.731707 0.304878 1100.000000 1100.000000 1100.000000 1100.000000 0.000305 0.000049 0.000000 15.137577 
20.240875 16.905085 -12.284142 -0.304878 0.121951 -0.060976 1100.000000 1100.000000 1100.000000 1100.000000 0.000305 0.000049 0.000000 15.117202 
20.271637 17.165411 -12.191191 -0.182927 0.182927 -0.365854 1100.000000 1100.000000 1100.000000 1100.000000 0.000306 0.000049 0.000000 15.186671 
20.336016 17.290535 -12.150568 0.121951 0.243902 0.304878 1100.000000 1100.000000 1100.000000 1100.000000 0.000305 0.000049 0.000000 15.239185 
20.315798 17.147539 -12.187301 0.060976 0.060976 0.060976 1100.000000 1100.000000 1100.000000 1100.000000 0.000306 0.000049 0.000000 15.196003 
20.296064 17.301414 -12.131809 -0.060976 0.121951 0.182927 1100.000000 1100.000000 1100.000000 1100.000000 0.000305 0.000050 0.000000 15.223626 
20.349590 17.313534 -12.124792 0.182927 -0.670732 -0.487805 1100.000000 1100.000000 1100.000000 1100.000000 0.000305 0.000049 0.000000 15.244979 
20.290186 17.275785 -12.140071 0.060976 -0.426829 -0.000000 1100.000000 1100.000000 1100.000000 1100.000000 0.000305 0.000050 0.000000 15.215455 
20.190090 17.246809 -12.149730 -0.060976 0.487805 0.182927 1100.000000 1100.000000 1100.000000 1100.000000 0.000305 0.000049 0.000000 15.172729 
20.186031 17.386856 -12.096542 -0.243902 -0.000000 -0.000000 1100.000000 1100.000000 1100.000000 1100.000000 0.000305 0.000049 0.000000 15.202464 
20.258087 17.512770 -12.055324 -0.121951 -0.060976 -0.182927 1100.000000 1100.000000 1100.000000 1100.000000 0.000305 0.000049 0.000000 15.258142 
20.219557 17.421263 -12.087468 0.121951 0.182927 -0.000000 1100.000000 1100.000000 1100.000000 1100.000000 0.000305 0.000049 0.000000 15.223156 
20.268305 17.412886 -12.081202 -0.182927 0.365854 0.243902 1100.000000 1100.000000 1100.000000 1100.000000 0.000305 0.000049 0.000000 15.236457 
20.329981 17.395187 -12.085969 0.000000 0.609756 0.182927 1100.000000 1100.000000 1100.000000 1100.000000 0.000305 0.000049 0.000000 15.254172 
20.237711 17.320980 -12.106632 -0.243902 -0.060976 0.121951 1100.000000 1100.000000 1100.000000 1100.000000 0.000305 0.000050 0.000000 15.202633 
20.278559 17.435114 -12.070356 0.000000 -0.121951 -0.365854 1100.000000 1100.000000 1100.000000 1100.000000 0.000305 0.000049 0.000000 15.244511 
20.277472 17.567013 -12.024200 -0.121951 0.365854 0.121951 1100.000000 1100.000000 1100.000000 1100.000000 0.000305 0.000050 0.000000 15.274731 
20.176777 17.595284 -12.004890 0.426829 -0.000000 0.182927 1100.000000 1100.000000 1100.000000 1100.000000 0.000306 0.000049 0.000000 15.243005 
20.140917 17.543226 -12.026549 -0.182927 -0.000000 0.060976 1100.000000 1100.000000 1100.000000 1100.000000 0.000305 0.000049 0.000000 15.218865 
20.156607 17.372744 -12.086528 -0.121951 0.304878 -0.243902 1100.000000 1100.000000 1100.000000 1100.000000 0.000306 0.000049 0.000000 15.184989 
20.126934 17.470434 -12.051253 0.121951 0.182927 0.182927 1100.000000 1100.000000 1100.000000 1100.000000 0.000305 0.000049 0.000000 15.196733 
20.071226 17.409933 -12.068972 0.182927 0.121951 0.243902 1100.000000 1100.000000 1100.000000 1100.000000 0.000305 0.000050 0.000000 15.161936 
20.207037 17.303959 -12.103433 0.060976 0.060976 0.243902 1100.000000 1100.000000 1100.000000 1100.000000 0.000305 0.000049 0.000000 15.185447 
20.161711 17.180628 -12.142105 -0.121951 -0.365854 -0.121951 1100.000000 1100.000000 1100.000000 1100.000000 0.000305 0.000050 0.000000 15.139801 
20.119402 17.123833 -12.163220 0.243902 0.060976 -0.060976 1100.000000 1100.000000 1100.000000 1100.000000 0.000305 0.000049 0.000000 15.111923 
20.223169 17.128515 -12.160784 -0.121951 0.426829 0.304878 1100.000000 1100.000000 1100.000000 1100.000000 0.000305 0.000049 0.000000 15.150114 
20.258551 17.145533 -12.148671 -0.243902 0.426829 -0.000000 1100.000000 1100.000000 1100.000000 1100.000000 0.000306 0.000049 0.000000 15.165213 
20.215611 17.236073 -12.121881 -0.487805 0.304878 -0.182927 1100.000000 1100.000000 1100.000000 1100.000000 0.000305 0.000049 0.000000 15.171646 
20.262693 17.404001 -12.061441 0.548781 0.121951 0.365854 1100.000000 1100.000000 1100.000000 1100.000000 0.000306 0.000049 0.000000 15.226785 
20.178600 17.544682 -12.007889 0.121951 0.243902 0.121951 1100.000000 1100.000000 1100.000000 1100.000000 0.000306 0.000049 0.000000 15.228242 
20.226099 17.636969 -11.965068 0.060976 -0.304878 -0.121951 1100.000000 1100.000000 1100.000000 1100.000000 0.000305 0.000049 0.000000 15.264240 
20.227966 17.585417 -11.986240 -0.121951 -0.182927 -0.121951 1100.000000 1100.000000 1100.000000 1100.000000 0.000306 0.000049 0.000000 15.253600 
20.274134 17.416443 -12.044458 0.060976 -0.000000 0.060976 1100.000000 1100.000000 1100.000000 1100.000000 0.000305 0.000049 0.000000 15.230673 
20.213236 17.289747 -12.082288 0.060976 0.365854 0.243902 1100.000000 1100.000000 1100.000000 1100.000000 0.000306 0.000049 0.000000 15.177987 
20.187759 17.357254 -12.056598 -0.304878 -0.121951 0.060976 1100.000000 1100.000000 1100.000000 1100.000000 0.000305 0.000049 0.000000 15.183895 
20.183838 17.347807 -12.062153 0.060976 -0.000000 -0.182927 1100.000000 1100.000000 1100.000000 1100.000000 0.000305 0.000049 0.000000 15.180857 
20.066031 17.211044 -12.111392 0.243902 -0.000000 0.426829 1100.000000 1100.000000 1100.000000 1100.000000 0.000306 0.000049 0.000000 15.107469 
20.313581 17.755852 -11.917056 0.182927 0.487805 -0.182927 1100.000000 1100.000000 1100.000000 1100.000000 0.000305 0.000049 0.000000 15.321885 
20.361313 17.818499 -11.896343 0.121951 -0.000000 0.182927 1100.000000 1100.000000 1100.000000 1100.000000 0.000306 0.000049 0.000000 15.354008 
20.340034 17.708546 -11.935112 0.121951 -0.243902 -0.243902 1100.000000 1100.000000 1100.000000 1100.000000 0.000305 0.000049 0.000000 15.320606 
20.310102 17.603096 -11.966378 -0.243902 0.060976 -0.243902 1100.000000 1100.000000 1100.000000 1100.000000 0.000305 0.000049 0.000000 15.283829 
20.184586 17.528828 -11.994250 -0.304878 0.487805 0.182927 1100.000000 1100.000000 1100.000000 1100.000000 0.000306 0.000049 0.000000 15.221998 
20.275698 17.634853 -11.954158 0.243902 -0.000000 0.060976 1100.000000 1100.000000 1100.000000 1100.000000 0.000305 0.000049 0.000000 15.278659 
20.233627 17.595856 -11.966437 -0.243902 -0.426829 -0.121951 1100.000000 1100.000000 1100.000000 1100.000000 0.000306 0.000049 0.000000 15.254133 
20.238142 17.699673 -11.936965 0.000000 -0.060976 -0.243902 1100.000000 1100.000000 1100.000000 1100.000000 0.000305 0.000049 0.000000 15.281756 
20.260265 17.662573 -11.960242 -0.548781 0.182927 -0.000000 1100.000000 1100.000000 1100.000000 1100.000000 0.000305 0.000049 0.000000 15.283467 
20.303711 17.681988 -11.956500 0.243902 0.304878 -0.000000 1100.000000 1100.000000 1100.000000 1100.000000 0.000306 0.000049 0.000000 15.304299 
20.279295 17.521757 -12.008487 0.426829 -0.365854 0.304878 1100.000000 1100.000000 1100.000000 1100.000000 0.000305 0.000049 0.000000 15.257157 
20.292486 17.598354 -11.979836 0.000000 -0.426829 -0.121951 1100.000000 1100.000000 1100.000000 1100.000000 0.000306 0.000049 0.000000 15.279268 
20.351368 17.557411 -12.001221 -0.304878 0.487805 -0.243902 1100.000000 1100.000000 1100.000000 1100.000000 0.000305 0.000049 0.000000 15.292572 
20.187786 17.465755 -12.034818 -0.182927 0.548781 0.182927 1100.000000 1100.000000 1100.000000 1100.000000 0.000305 0.000049 0.000000 15.212996 
20.183868 17.471857 -12.027946 0.487805 -0.365854 0.121951 1100.000000 1100.000000 1100.000000 1100.000000 0.000306 0.000049 0.000000 15.211851 
20.167503 17.268311 -12.101530 -0.243902 -0.243902 -0.182927 1136.000000 1113.000000 1126.000000 1123.000000 0.000305 0.000049 0.000000 15.159532 
20.266708 17.417749 -12.062618 0.000000 -0.000000 -0.060976 1137.000000 1114.000000 1126.000000 1125.000000 0.000305 0.000050 0.000000 15.232857 
20.496788 17.399923 -12.070588 0.487805 -0.060976 0.243902 1150.000000 1127.000000 1139.000000 1138.000000 0.000305 0.000049 0.000000 15.311970 
20.696186 17.407419 -12.095839 -0.121951 0.060976 -0.792683 1225.000000 1204.000000 1215.000000 1214.000000 0.000305 0.000050 0.000000 15.392576 
20.529444 17.257898 -12.132178 -2.317073 2.439024 1.036585 1239.000000 1224.000000 1232.000000 1231.000000 0.000305 0.000049 0.000000 15.294190 
19.702333 16.413435 -12.417651 -6.402439 7.317073 -0.243902 1236.000000 1227.000000 1232.000000 1231.000000 0.000305 0.000049 0.000000 14.804194 
18.428946 14.838767 -12.839131 -5.914634 6.890244 -0.487805 1240.000000 1225.000000 1233.000000 1232.000000 0.000305 0.000050 0.000000 13.979558 
17.700727 14.419185 -12.953805 1.402439 -1.951220 1.280488 1247.000000 1214.000000 1232.000000 1229.000000 0.000305 0.000049 0.000000 13.627852 
18.405281 15.363218 -12.711805 6.402439 -6.463415 0.487805 1247.000000 1214.000000 1232.000000 1229.000000 0.000305 0.000050 0.000000 14.095531 
19.477182 16.504810 -12.354217 1.646341 -2.317073 -0.792683 1244.000000 1219.000000 1233.000000 1230.000000 0.000305 0.000050 0.000000 14.735849 
19.860662 16.893988 -12.259647 2.012195 -1.646341 0.670732 1242.000000 1219.000000 1231.000000 1230.000000 0.000305 0.000049 0.000000 14.970907 
20.259150 17.318789 -12.120441 -0.975610 1.097561 0.182927 1239.000000 1226.000000 1233.000000 1232.000000 0.000305 0.000050 0.000000 15.213036 
20.101770 17.302685 -12.131227 -0.060976 -0.304878 0.609756 1250.000000 1227.000000 1240.000000 1237.000000 0.000305 0.000050 0.000000 15.154164 
20.080654 17.187059 -12.186734 -1.036585 1.463415 -0.000000 1265.000000 1246.000000 1257.000000 1254.000000 0.000305 0.000049 0.000000 15.123774 
20.094851 17.167175 -12.212383 -0.487805 -0.121951 0.487805 1268.000000 1243.000000 1257.000000 1254.000000 0.000305 0.000050 0.000000 15.128956 
20.237810 17.309282 -12.183912 1.585366 -1.158537 -0.731707 1266.000000 1241.000000 1254.000000 1253.000000 0.000305 0.000050 0.000000 15.218019 
20.291107 17.358337 -12.146805 -0.243902 0.426829 0.304878 1264.000000 1241.000000 1254.000000 1251.000000 0.000305 0.000049 0.000000 15.243499 
20.368185 17.368967 -12.157390 -0.731707 0.304878 1.158537 1265.000000 1244.000000 1256.000000 1253.000000 0.000305 0.000049 0.000000 15.277168 
20.307878 17.232107 -12.209011 -0.487805 0.304878 -0.792683 1266.000000 1243.000000 1255.000000 1254.000000 0.000305 0.000049 0.000000 15.225069 
20.051107 17.115295 -12.227402 0.548781 -0.182927 -0.792683 1266.000000 1241.000000 1254.000000 1253.000000 0.000306 0.000049 0.000000 15.100654 
20.195362 17.125172 -12.235690 0.000000 0.914634 0.426829 1264.000000 1243.000000 1254.000000 1253.000000 0.000306 0.000049 0.000000 15.157612 
20.045898 17.099127 -12.248738 -1.158537 0.670732 -0.792683 1264.000000 1243.000000 1255.000000 1252.000000 0.000308 0.000050 0.000000 15.099002 
20.167299 17.026175 -12.256476 0.731707 0.609756 0.182927 1265.000000 1242.000000 1253.000000 1254.000000 0.000313 0.000049 0.000000 15.121627 
19.794441 16.537550 -12.410213 -5.182927 5.304878 0.914634 1261.000000 1248.000000 1256.000000 1253.000000 0.000318 0.000050 0.000000 14.873843 
19.059252 15.915568 -12.598303 -1.768293 0.731707 -0.853659 1268.000000 1239.000000 1256.000000 1251.000000 0.000326 0.000049 0.000000 14.466985 
19.120367 16.187914 -12.493533 2.865854 -1.585366 0.426829 1267.000000 1238.000000 1252.000000 1253.000000 0.000329 0.000050 0.000000 14.545747 
19.962736 16.956772 -12.273785 3.841464 -4.451220 1.402439 1269.000000 1238.000000 1255.000000 1252.000000 0.000340 0.000049 0.000000 15.030716 
20.330629 17.411201 -12.140117 -0.914634 0.670732 -0.731707 1263.000000 1242.000000 1253.000000 1252.000000 0.000344 0.000049 0.000000 15.272760 
20.086843 17.149128 -12.206512 -1.280488 1.890244 -0.914634 1265.000000 1242.000000 1254.000000 1253.000000 0.000346 0.000049 0.000000 15.118943 
20.011023 17.002544 -12.262297 -0.243902 0.304878 0.426829 1265.000000 1240.000000 1253.000000 1252.000000 0.000346 0.000049 0.000000 15.059515 
19.880592 16.934956 -12.271769 -2.256098 2.378049 -1.036585 1263.000000 1244.000000 1254.000000 1253.000000 0.000346 0.000050 0.000000 14.993932 
19.422194 16.424019 -12.415229 -2.560976 2.317073 0.487805 1263.000000 1242.000000 1254.000000 1251.000000 0.000346 0.000049 0.000000 14.706567 
19.195398 16.295767 -12.477224 0.975610 -1.219512 1.097561 1269.000000 1238.000000 1255.000000 1252.000000 0.000346 0.000050 0.000000 14.601744 
19.599968 16.601042 -12.388763 0.182927 -0.670732 -1.463415 1263.000000 1242.000000 1253.000000 1252.000000 0.000347 0.000062 0.000000 14.818490 
19.502533 16.463203 -12.411908 -1.524390 1.280488 -0.121951 1264.000000 1243.000000 1255.000000 1252.000000 0.000346 0.000088 0.000000 14.746600 
19.613258 16.556755 -12.398289 3.475610 -2.865854 0.853659 1273.000000 1232.000000 1253.000000 1252.000000 0.000347 0.000098 0.000000 14.811851 
20.041172 17.123470 -12.226991 0.304878 -0.304878 -0.609756 1259.000000 1248.000000 1256.000000 1251.000000 0.000346 0.000110 0.000000 15.099566 
19.056473 16.528038 -12.392521 0.731707 -0.365854 0.548781 1276.000000 1229.000000 1253.000000 1252.000000 0.000346 0.000120 0.000000 14.603452 
19.450720 17.070396 -12.244622 1.280488 -2.317073 0.731707 1263.000000 1246.000000 1260.000000 1249.000000 0.000346 0.000127 0.000000 14.876902 
19.309862 16.903296 -12.304137 -2.865854 2.987805 -0.365854 1257.000000 1250.000000 1252.000000 1255.000000 0.000346 0.000129 0.000000 14.789018 
18.799814 16.430767 -12.446338 -0.121951 0.975610 0.426829 1269.000000 1238.000000 1253.000000 1254.000000 0.000346 0.000133 0.000000 14.496209 
18.624670 16.169230 -12.513141 -2.621951 2.621951 0.609756 1261.000000 1248.000000 1256.000000 1253.000000 0.000347 0.000140 0.000000 14.369811 
17.669077 15.064466 -12.836376 -5.243903 5.487805 -0.365854 1262.000000 1245.000000 1254.000000 1253.000000 0.000346 0.000142 0.000000 13.779520 
17.256548 14.475664 -12.983936 -0.609756 1.341463 1.036585 1273.000000 1236.000000 1253.000000 1256.000000 0.000346 0.000141 0.000000 13.497984 
17.058779 14.346611 -13.029086 -2.378049 2.743902 0.060976 1258.000000 1249.000000 1253.000000 1254.000000 0.000347 0.000141 0.000000 13.403256 
15.604010 12.801426 -13.381828 0.487805 -1.097561 0.426829 1281.000000 1228.000000 1258.000000 1251.000000 0.000346 0.000142 0.000000 12.552230 
16.226053 13.194553 -13.302444 0.975610 -1.036585 -0.121951 1257.000000 1250.000000 1254.000000 1253.000000 0.000346 0.000141 0.000000 12.854229 
16.392237 13.214088 -13.300856 0.792683 -0.426829 -0.365854 1265.000000 1244.000000 1255.000000 1254.000000 0.000346 0.000142 0.000000 12.916496 
16.667730 13.506470 -13.235620 1.951220 -2.865854 0.426829 1269.000000 1238.000000 1257.000000 1250.000000 0.000347 0.000141 0.000000 13.077669 
16.901836 13.727293 -13.184804 -1.036585 1.219512 -0.121951 1256.000000 1251.000000 1253.000000 1254.000000 0.000346 0.000141 0.000000 13.208844 
16.414686 13.463181 -13.251308 -2.073171 1.890244 -0.182927 1264.000000 1245.000000 1257.000000 1252.000000 0.000347 0.000141 0.000000 12.982379 
16.164183 13.105026 -13.342978 -1.402439 1.036585 0.182927 1266.000000 1241.000000 1255.000000 1252.000000 0.000347 0.000141 0.000000 12.818968 
15.989780 12.860576 -13.400292 -2.134146 2.926829 -0.548781 1260.000000 1249.000000 1253.000000 1256.000000 0.000346 0.000141 0.000000 12.705774 
16.358604 13.001730 -13.362381 3.719512 -3.414634 -0.304878 1268.000000 1239.000000 1251.000000 1256.000000 0.000347 0.000141 0.000000 12.861657 
16.590361 13.319096 -13.295606 0.243902 -1.219512 -0.243902 1264.000000 1245.000000 1257.000000 1252.000000 0.000346 0.000141 0.000000 13.013718 
16.530329 13.341286 -13.299534 -0.487805 0.792683 0.792683 1261.000000 1246.000000 1254.000000 1253.000000 0.000347 0.000141 0.000000 13.000578 
16.012447 12.880632 -13.399232 -4.146341 4.756098 -0.060976 1256.000000 1251.000000 1252.000000 1255.000000 0.000347 0.000141 0.000000 12.718965 
15.234142 12.114295 -13.593380 -3.414634 2.743902 0.548781 1263.000000 1246.000000 1258.000000 1251.000000 0.000348 0.000141 0.000000 12.296002 
14.856944 11.653172 -13.680169 -1.951220 2.621951 -0.548781 1262.000000 1245.000000 1253.000000 1254.000000 0.000358 0.000141 0.000000 12.068150 
14.516093 11.278818 -13.757146 -1.280488 1.768293 0.426829 1264.000000 1245.000000 1255.000000 1254.000000 0.000360 0.000141 0.000000 11.876470 
14.462192 11.187984 -13.792522 -0.243902 0.304878 0.121951 1263.000000 1244.000000 1256.000000 1251.000000 0.000367 0.000141 0.000000 11.845216 
14.431628 11.650075 -13.661307 0.243902 0.060976 0.182927 1262.000000 1245.000000 1255.000000 1252.000000 0.000371 0.000141 0.000000 11.920298 
14.508766 11.608626 -13.696962 1.158537 0.060976 0.853659 1264.000000 1245.000000 1253.000000 1256.000000 0.000378 0.000141 0.000000 11.945469 
14.532223 11.445974 -13.736196 -1.341463 0.609756 -0.853659 1262.000000 1245.000000 1256.000000 1251.000000 0.000387 0.000141 0.000000 11.920794 
14.219705 11.290245 -13.765161 -0.609756 0.975610 0.243902 1262.000000 1247.000000 1256.000000 1253.000000 0.000396 0.000141 0.000000 11.784369 
13.647857 10.609603 -13.900449 -3.353659 4.024390 -0.365854 1261.000000 1246.000000 1252.000000 1255.000000 0.000405 0.000141 0.000000 11.458480 
13.549752 10.646665 -13.897588 2.804878 -3.475610 1.219512 1277.000000 1230.000000 1257.000000 1250.000000 0.000410 0.000141 0.000000 11.435714 
13.838942 11.042741 -13.820331 -1.951220 2.134146 -0.000000 1246.000000 1263.000000 1259.000000 1250.000000 0.000413 0.000141 0.000000 11.610501 
12.839274 10.015433 -14.012999 -6.280488 6.707317 -0.670732 1256.000000 1251.000000 1254.000000 1253.000000 0.000414 0.000141 0.000000 11.081874 
12.436810 9.604452 -14.055575 -15.670732 17.621952 -0.853659 1196.000000 1313.000000 1251.000000 1258.000000 0.000413 0.000141 0.000000 10.864897 
9.216700 6.536987 -14.480199 -9.451220 8.292683 1.707317 1284.000000 1223.000000 1262.000000 1245.000000 0.000414 0.000141 0.000000 9.378319 
8.150681 5.304615 -14.722428 -7.012195 9.024390 0.853659 1247.000000 1260.000000 1250.000000 1257.000000 0.000413 0.000141 0.000000 8.970275 
7.002404 4.182173 -14.793997 -4.207317 3.231707 -0.731707 1263.000000 1246.000000 1260.000000 1249.000000 0.000413 0.000141 0.000000 8.552145 
6.548783 3.612242 -14.806824 -1.951220 2.378049 -0.670732 1263.000000 1244.000000 1253.000000 1254.000000 0.000414 0.000141 0.000000 8.380987 
6.535326 3.506207 -14.810266 0.000000 -0.000000 1.585366 1258.000000 1251.000000 1255.000000 1254.000000 0.000413 0.000141 0.000000 8.365861 
6.132555 3.115973 -14.875088 -4.634146 4.573171 0.487805 1247.000000 1262.000000 1258.000000 1251.000000 0.000414 0.000141 0.000000 8.265458 
5.878556 2.695506 -14.892391 3.841464 -3.414634 -0.182927 1278.000000 1229.000000 1254.000000 1253.000000 0.000414 0.000141 0.000000 8.177452 
6.972809 3.960022 -14.812909 -3.170732 4.451220 0.365854 1239.000000 1270.000000 1251.000000 1258.000000 0.000413 0.000141 0.000000 8.521801 
6.814977 3.672311 -14.851281 2.256098 -2.987805 0.182927 1273.000000 1234.000000 1257.000000 1250.000000 0.000414 0.000141 0.000000 8.465012 
6.934200 3.902941 -14.863675 -1.402439 2.621951 0.182927 1245.000000 1262.000000 1252.000000 1255.000000 0.000413 0.000141 0.000000 8.527768 
6.750831 3.651973 -14.853302 2.926829 -3.170732 -0.853659 1277.000000 1232.000000 1256.000000 1253.000000 0.000413 0.000141 0.000000 8.449501 
7.668184 4.602537 -14.792752 3.841464 -3.841464 0.182927 1257.000000 1250.000000 1254.000000 1253.000000 0.000414 0.000141 0.000000 8.767057 
7.865374 4.663834 -14.777089 -1.646341 2.195122 0.609756 1252.000000 1257.000000 1254.000000 1255.000000 0.000413 0.000143 0.000000 8.816749 
8.145622 4.991569 -14.774031 7.865854 -8.963415 0.060976 1290.000000 1219.000000 1256.000000 1253.000000 0.000414 0.000145 0.000000 8.936944 
9.729023 6.554885 -14.585773 4.756098 -5.121951 0.365854 1251.000000 1256.000000 1254.000000 1253.000000 0.000414 0.000147 0.000000 9.562339 
8.235166 5.102288 -14.764371 -0.365854 0.487805 0.487805 1284.000000 1225.000000 1256.000000 1253.000000 0.000413 0.000148 0.000000 8.973582 
8.859104 5.830628 -14.680906 0.914634 -1.890244 -0.000000 1252.000000 1257.000000 1258.000000 1251.000000 0.000413 0.000150 0.000000 9.227139 
8.677117 5.616007 -14.715728 0.243902 0.182927 -0.060976 1264.000000 1243.000000 1253.000000 1254.000000 0.000414 0.000152 0.000000 9.154956 
8.989204 5.831259 -14.686512 -0.426829 -0.060976 0.060976 1257.000000 1252.000000 1257.000000 1252.000000 0.000413 0.000160 0.000000 9.263380 
8.643901 5.609023 -14.726909 -1.646341 2.439024 0.121951 1258.000000 1251.000000 1254.000000 1255.000000 0.000414 0.000165 0.000000 9.149846 
8.300088 5.221159 -14.763657 0.487805 -0.121951 -0.609756 1266.000000 1241.000000 1255.000000 1252.000000 0.000414 0.000169 0.000000 9.009767 
8.300110 5.337001 -14.753339 -1.097561 1.402439 0.182927 1249.000000 1260.000000 1256.000000 1253.000000 0.000413 0.000172 0.000000 9.025737 
7.678056 4.662930 -14.826903 -4.634146 6.036585 0.060976 1253.000000 1256.000000 1253.000000 1256.000000 0.000414 0.000174 0.000000 8.793658 
7.171044 4.573616 -14.770268 -19.634148 21.524391 -3.170732 1157.000000 1350.000000 1248.000000 1259.000000 0.000413 0.000176 0.000000 8.638996 
4.395289 1.663774 -14.892403 -7.865854 7.073171 3.170732 1296.000000 1213.000000 1261.000000 1248.000000 0.000413 0.000176 0.000000 7.836541 
3.045852 0.203237 -15.110677 -10.792684 11.951220 4.146341 1230.000000 1279.000000 1253.000000 1256.000000 0.000414 0.000176 0.000000 7.709736 
1.416354 -1.722067 -15.112448 -5.243903 5.975610 -0.060976 1262.000000 1245.000000 1255.000000 1252.000000 0.000413 0.000176 0.000000 7.627019 
-0.310258 -3.319923 -15.028477 -11.768293 12.317074 -2.743902 1225.000000 1278.000000 1252.000000 1251.000000 0.000413 0.000176 0.000000 7.700311 
-1.743508 -4.874347 -14.834343 -3.231707 3.231707 -1.219512 1161.000000 1136.000000 1152.000000 1145.000000 0.000414 0.000176 0.000000 7.888343 
-1.151704 -4.217286 -14.940214 5.914634 -5.548780 0.304878 1196.000000 1169.000000 1182.000000 1183.000000 0.000414 0.000176 0.000000 7.801900 
-0.294315 -3.307593 -15.021893 2.439024 -1.707317 2.134146 1215.000000 1250.000000 1231.000000 1234.000000 0.000413 0.000176 0.000000 7.695391 
-0.813209 -3.539248 -15.042593 1.585366 -1.463415 -0.304878 1241.000000 1222.000000 1231.000000 1232.000000 0.000414 0.000176 0.000000 7.748333 
-0.484466 -3.213561 -15.083004 1.402439 -2.560976 -1.097561 1226.000000 1219.000000 1231.000000 1214.000000 0.000414 0.000176 0.000000 7.720217 
-0.625026 -3.532247 -15.043914 -0.060976 1.768293 1.036585 1164.000000 1169.000000 1162.000000 1171.000000 0.000413 0.000176 0.000000 7.741009 
-0.345671 -3.224341 -15.073719 2.439024 -2.987805 1.036585 1177.000000 1160.000000 1174.000000 1163.000000 0.000414 0.000176 0.000000 7.713044 
-0.067670 -2.982866 -15.143078 1.524390 -1.280488 -0.548781 1171.000000 1174.000000 1172.000000 1173.000000 0.000414 0.000176 0.000000 7.717140 
0.298624 -2.634673 -15.090063 2.865854 -2.073171 -0.365854 1197.000000 1196.000000 1195.000000 1198.000000 0.000413 0.000176 0.000000 7.656552 
0.604500 -2.075487 -15.162020 2.073171 -3.231707 0.304878 1200.000000 1193.000000 1202.000000 1191.000000 0.000413 0.000176 0.000000 7.651810 
0.662405 -2.032017 -15.124520 -2.500000 3.597561 0.731707 1175.000000 1216.000000 1192.000000 1199.000000 0.000414 0.000176 0.000000 7.631135 
0.258255 -1.918305 -15.184926 3.292683 -3.658537 -0.121951 1202.000000 1191.000000 1199.000000 1194.000000 0.000413 0.000175 0.000000 7.651399 
0.784772 -1.488947 -15.174067 3.170732 -3.658537 -0.487805 1202.000000 1189.000000 1201.000000 1190.000000 0.000414 0.000176 0.000000 7.628229 
1.175911 -1.213886 -15.236188 1.463415 -0.365854 2.317073 1195.000000 1196.000000 1191.000000 1200.000000 0.000413 0.000176 0.000000 7.658347 
1.696693 -0.758546 -15.263247 5.304878 -4.695122 0.365854 1211.000000 1182.000000 1197.000000 1196.000000 0.000414 0.000176 0.000000 7.682066 
2.514151 0.051503 -15.277473 3.902439 -4.756098 -1.158537 1197.000000 1194.000000 1199.000000 1192.000000 0.000413 0.000176 0.000000 7.741466 
3.000572 0.527334 -15.179426 0.914634 -0.182927 -0.243902 1187.000000 1206.000000 1193.000000 1200.000000 0.000414 0.000176 0.000000 7.746940 
2.806177 0.302532 -15.279507 -0.487805 -0.121951 0.670732 1203.000000 1188.000000 1199.000000 1192.000000 0.000413 0.000176 0.000000 7.771880 
3.447622 0.910441 -15.251954 7.500000 -6.951220 -0.060976 1215.000000 1178.000000 1194.000000 1199.000000 0.000413 0.000176 0.000000 7.843752 
3.744201 0.905795 -15.279897 -5.792683 6.341464 0.487805 1188.000000 1203.000000 1190.000000 1201.000000 0.000414 0.000176 0.000000 7.891926 
3.489700 0.635133 -15.279367 -1.219512 1.402439 0.304878 1201.000000 1192.000000 1198.000000 1195.000000 0.000413 0.000176 0.000000 7.851055 
2.996742 0.218307 -15.307592 -2.256098 2.012195 1.463415 1196.000000 1195.000000 1199.000000 1192.000000 0.000414 0.000176 0.000000 7.801774 
2.970954 0.245004 -15.280137 2.560976 -1.402439 0.182927 1209.000000 1184.000000 1195.000000 1198.000000 0.000413 0.000176 0.000000 7.786363 
3.433700 0.407059 -15.326639 1.280488 -1.158537 0.853659 1197.000000 1194.000000 1198.000000 1193.000000 0.000414 0.000176 0.000000 7.860725 
3.603604 0.599191 -15.283380 1.829268 -0.487805 0.304878 1199.000000 1194.000000 1191.000000 1202.000000 0.000413 0.000176 0.000000 7.864843 
4.175633 1.135880 -15.306479 5.304878 -6.158537 -0.060976 1217.000000 1176.000000 1201.000000 1192.000000 0.000414 0.000176 0.000000 7.971344 
4.988314 2.132232 -15.243871 4.268293 -4.390244 0.304878 1195.000000 1196.000000 1196.000000 1195.000000 0.000413 0.000176 0.000000 8.131080 
5.101066 2.042795 -15.268412 5.914634 -7.195122 0.182927 1233.000000 1160.000000 1204.000000 1189.000000 0.000413 0.000175 0.000000 8.153433 
6.776947 3.649188 -15.190540 5.487805 -5.792683 0.243902 1181.000000 1210.000000 1203.000000 1188.000000 0.000414 0.000175 0.000000 8.605077 
7.308138 4.310900 -15.157711 6.280488 -6.036585 0.548781 1215.000000 1178.000000 1200.000000 1193.000000 0.000413 0.000175 0.000000 8.798259 
8.391254 5.495528 -15.039544 5.060976 -3.963415 -0.609756 1193.000000 1198.000000 1192.000000 1199.000000 0.000414 0.000176 0.000000 9.196119 
8.747058 5.688497 -15.010295 -1.158537 -0.426829 -0.000000 1195.000000 1198.000000 1199.000000 1194.000000 0.000413 0.000176 0.000000 9.307636 
9.150539 6.182559 -14.964250 5.609756 -6.341464 0.243902 1223.000000 1168.000000 1196.000000 1195.000000 0.000414 0.000176 0.000000 9.485351 
10.325425 7.203618 -14.843466 4.329268 -3.414634 0.304878 1194.000000 1197.000000 1196.000000 1195.000000 0.000413 0.000176 0.000000 9.963401 
10.229321 7.045014 -14.848377 -4.024390 4.085366 -0.487805 1188.000000 1205.000000 1197.000000 1196.000000 0.000414 0.000175 0.000000 9.904884 
11.222048 7.835052 -14.748284 8.536586 -8.353659 0.121951 1213.000000 1178.000000 1197.000000 1194.000000 0.000414 0.000176 0.000000 10.322758 
12.199063 8.554791 -14.635322 4.024390 -3.963415 -0.487805 1212.000000 1181.000000 1199.000000 1194.000000 0.000413 0.000175 0.000000 10.739770 
13.056532 9.312278 -14.518780 4.390244 -5.426829 -0.121951 1207.000000 1184.000000 1196.000000 1195.000000 0.000414 0.000176 0.000000 11.147298 
13.949984 10.299141 -14.337759 4.573171 -5.182927 0.609756 1213.000000 1180.000000 1199.000000 1194.000000 0.000413 0.000175 0.000000 11.620135 
14.709263 10.901682 -14.207825 2.195122 -2.317073 -0.243902 1208.000000 1185.000000 1198.000000 1195.000000 0.000414 0.000175 0.000000 11.984066 
15.138207 11.450994 -14.092257 1.158537 -1.768293 0.487805 1204.000000 1187.000000 1196.000000 1195.000000 0.000413 0.000176 0.000000 12.236688 
15.423224 11.679137 -14.040742 2.256098 -2.012195 -0.060976 1210.000000 1183.000000 1199.000000 1194.000000 0.000413 0.000176 0.000000 12.378141 
15.665662 12.091208 -13.964959 1.707317 -1.585366 0.243902 1208.000000 1183.000000 1196.000000 1195.000000 0.000414 0.000175 0.000000 12.549463 
15.985513 12.444245 -13.879333 0.304878 -0.853659 -0.182927 1206.000000 1187.000000 1199.000000 1194.000000 0.000413 0.000176 0.000000 12.730066 
16.022039 12.578494 -13.835461 -0.548781 0.487805 0.121951 1206.000000 1185.000000 1199.000000 1192.000000 0.000414 0.000176 0.000000 12.766869 
16.045395 12.575314 -13.830076 2.256098 -0.670732 0.060976 1215.000000 1176.000000 1192.000000 1199.000000 0.000413 0.000176 0.000000 12.772306 
16.341017 12.785057 -13.795763 -0.914634 -0.000000 -0.060976 1202.000000 1191.000000 1198.000000 1195.000000 0.000413 0.000175 0.000000 12.922224 
15.370321 11.835129 -14.013832 2.987805 -3.597561 -0.731707 1235.000000 1156.000000 1199.000000 1192.000000 0.000414 0.000175 0.000000 12.394444 
16.305574 12.661180 -13.847231 1.280488 -2.073171 0.792683 1196.000000 1197.000000 1198.000000 1195.000000 0.000413 0.000176 0.000000 12.890606 
16.448568 12.776818 -13.821853 0.853659 -0.670732 0.365854 1211.000000 1180.000000 1197.000000 1194.000000 0.000414 0.000175 0.000000 12.964671 
16.283970 12.949840 -13.764168 0.792683 0.060976 -0.670732 1202.000000 1189.000000 1197.000000 1194.000000 0.000413 0.000175 0.000000 12.940019 
15.969309 12.789924 -13.812637 -0.914634 0.426829 0.304878 1212.000000 1181.000000 1199.000000 1194.000000 0.000413 0.000176 0.000000 12.801886 
15.740997 12.695395 -13.848118 -0.060976 -0.426829 -0.243902 1206.000000 1185.000000 1197.000000 1194.000000 0.000414 0.000175 0.000000 12.708537 
15.528452 12.553901 -13.860356 -3.292683 3.353659 0.182927 1196.000000 1197.000000 1203.000000 1190.000000 0.000413 0.000176 0.000000 12.600616 
15.039371 11.956232 -14.009883 -0.304878 1.707317 0.121951 1218.000000 1175.000000 1197.000000 1196.000000 0.000414 0.000176 0.000000 12.315903 
15.419358 12.284961 -13.946125 -2.743902 2.682927 -0.487805 1190.000000 1201.000000 1194.000000 1197.000000 0.000413 0.000176 0.000000 12.514570 
15.086213 11.830930 -14.058417 -0.975610 0.914634 1.280488 1217.000000 1176.000000 1202.000000 1191.000000 0.000413 0.000176 0.000000 12.312123 
14.744520 11.653350 -14.110458 -1.768293 2.621951 -0.365854 1200.000000 1191.000000 1197.000000 1194.000000 0.000414 0.000176 0.000000 12.166495 
14.695470 11.502006 -14.111718 -0.670732 0.121951 -0.609756 1212.000000 1179.000000 1196.000000 1195.000000 0.000413 0.000176 0.000000 12.109341 
14.652119 11.446365 -14.143756 -0.548781 0.731707 0.975610 1204.000000 1189.000000 1198.000000 1195.000000 0.000413 0.000175 0.000000 12.090165 
14.255957 11.060046 -14.224993 -1.646341 2.256098 -0.243902 1205.000000 1186.000000 1197.000000 1194.000000 0.000414 0.000175 0.000000 11.882293 
14.155076 11.209411 -14.174830 2.439024 -1.402439 -0.304878 1218.000000 1175.000000 1195.000000 1198.000000 0.000413 0.000175 0.000000 11.873316 
14.665194 11.770083 -14.070876 1.768293 -3.353659 0.487805 1207.000000 1186.000000 1198.000000 1195.000000 0.000414 0.000177 0.000000 12.159948 
14.660319 12.064885 -14.007063 0.426829 -1.219512 -0.243902 1215.000000 1176.000000 1198.000000 1193.000000 0.000414 0.000175 0.000000 12.220306 
14.866090 12.341473 -13.960708 0.731707 -0.731707 0.731707 1202.000000 1191.000000 1199.000000 1194.000000 0.000413 0.000176 0.000000 12.351364 
14.811818 12.144896 -14.015707 0.975610 -0.060976 -0.548781 1211.000000 1178.000000 1193.000000 1196.000000 0.000414 0.000176 0.000000 12.295232 
15.225495 12.352594 -13.948953 0.426829 -1.280488 -0.426829 1205.000000 1186.000000 1196.000000 1195.000000 0.000413 0.000176 0.000000 12.469717 
15.182664 12.318337 -13.973543 -0.182927 0.243902 0.975610 1206.000000 1187.000000 1197.000000 1196.000000 0.000413 0.000176 0.000000 12.453447 
15.370422 12.266966 -13.996803 0.487805 0.304878 -0.182927 1208.000000 1183.000000 1195.000000 1196.000000 0.000414 0.000176 0.000000 12.508832 
15.429009 12.508550 -13.919456 1.585366 -1.707317 -0.731707 1212.000000 1181.000000 1197.000000 1196.000000 0.000413 0.000176 0.000000 12.572578 
15.542601 12.628462 -13.920115 -0.304878 -0.975610 0.853659 1207.000000 1188.000000 1201.000000 1194.000000 0.000413 0.000176 0.000000 12.644811 
15.068567 12.039431 -14.053912 2.926829 -3.597561 -1.402439 1231.000000 1162.000000 1200.000000 1193.000000 0.000414 0.000175 0.000000 12.362535 
15.955379 12.909555 -13.866887 1.219512 -2.682927 1.280488 1200.000000 1195.000000 1199.000000 1196.000000 0.000413 0.000176 0.000000 12.847657 
15.951236 13.112114 -13.843275 0.975610 -0.548781 -0.243902 1218.000000 1195.000000 1209.000000 1204.000000 0.000413 0.000176 0.000000 12.897340 
15.822256 13.012373 -13.829620 -0.792683 1.402439 -0.914634 1214.000000 1197.000000 1205.000000 1206.000000 0.000414 0.000176 0.000000 12.821030 
15.651634 12.698482 -13.939138 -1.280488 0.304878 1.524390 1218.000000 1193.000000 1208.000000 1203.000000 0.000413 0.000175 0.000000 12.707093 
15.375951 12.464592 -14.003782 -1.341463 1.951220 -1.036585 1213.000000 1198.000000 1205.000000 1206.000000 0.000413 0.000176 0.000000 12.568420 
15.082748 12.263800 -14.022069 0.121951 -0.548781 -0.304878 1224.000000 1185.000000 1207.000000 1202.000000 0.000414 0.000176 0.000000 12.420051 
15.144806 12.239348 -14.057139 -2.195122 2.317073 0.853659 1204.000000 1205.000000 1206.000000 1203.000000 0.000413 0.000176 0.000000 12.444702 
13.752354 10.899014 -14.350901 -0.304878 0.792683 -0.000000 1229.000000 1182.000000 1206.000000 1205.000000 0.000413 0.000176 0.000000 11.717848 
13.760782 10.938948 -14.353601 0.182927 0.548781 0.060976 1207.000000 1202.000000 1205.000000 1204.000000 0.000414 0.000176 0.000000 11.732116 
13.616924 10.597224 -14.447199 -1.280488 1.402439 0.243902 1215.000000 1194.000000 1206.000000 1203.000000 0.000413 0.000176 0.000000 11.626780 
13.736196 10.643957 -14.418940 1.280488 -0.914634 -0.487805 1219.000000 1192.000000 1209.000000 1202.000000 0.000413 0.000176 0.000000 11.667750 
13.634158 10.573995 -14.438221 -2.621951 2.256098 0.914634 1205.000000 1204.000000 1204.000000 1205.000000 0.000414 0.000176 0.000000 11.623186 
13.611906 10.448025 -14.474863 1.646341 -2.195122 0.182927 1226.000000 1183.000000 1207.000000 1202.000000 0.000413 0.000176 0.000000 11.595490 
13.985794 10.798683 -14.385750 0.182927 0.243902 -0.548781 1206.000000 1205.000000 1205.000000 1206.000000 0.000413 0.000176 0.000000 11.777846 
13.701908 10.360343 -14.499660 -2.865854 3.292683 0.853659 1205.000000 1204.000000 1206.000000 1203.000000 0.000414 0.000176 0.000000 11.609924 
14.612713 11.354850 -14.263220 5.487805 -5.426829 -1.341463 1100.000000 1100.000000 1100.000000 1100.000000 0.000413 0.000176 0.000000 12.090785 
15.523239 12.324358 -14.052611 5.853659 -6.341464 1.280488 1100.000000 1100.000000 1100.000000 1100.000000 0.000413 0.000175 0.000000 12.593350 
17.393707 14.198641 -13.654093 14.329268 -15.243903 -0.182927 1100.000000 1100.000000 1100.000000 1100.000000 0.000414 0.000175 0.000000 13.652022 
20.308451 17.627104 -12.638659 -2.804878 3.658537 0.182927 1100.000000 1165.000000 1100.000000 1100.000000 0.000414 0.000176 0.000000 15.457084 
19.885860 17.405479 -12.675843 3.048780 0.609756 -0.914634 1100.000000 1100.000000 1100.000000 1100.000000 0.000413 0.000176 0.000000 15.246161 
20.236769 17.527836 -12.589519 0.975610 2.256098 -0.487805 1100.000000 1100.000000 1100.000000 1100.000000 0.000414 0.000176 0.000000 15.387751 
19.955290 17.127789 -12.734742 -2.195122 -2.134146 0.853659 1100.000000 1100.000000 1100.000000 1100.000000 0.000413 0.000175 0.000000 15.198061 
19.963724 17.264679 -12.710674 0.670732 1.280488 -0.121951 1100.000000 1100.000000 1100.000000 1100.000000 0.000414 0.000176 0.000000 15.238041 
19.951416 17.148748 -12.730863 1.097561 0.548781 -0.426829 1100.000000 1100.000000 1100.000000 1100.000000 0.000413 0.000176 0.000000 15.202295 
19.930162 17.185911 -12.714938 -0.731707 -1.402439 0.304878 1100.000000 1100.000000 1100.000000 1100.000000 0.000414 0.000176 0.000000 15.202373 
20.139553 17.342539 -12.671561 0.121951 0.670732 -0.000000 1100.000000 1100.000000 1100.000000 1100.000000 0.000413 0.000176 0.000000 15.315228 
20.261024 17.460598 -12.617331 0.182927 0.487805 0.060976 1100.000000 1100.000000 1100.000000 1100.000000 0.000414 0.000175 0.000000 15.382112 
19.956285 17.279669 -12.687975 0.000000 0.731707 -0.121951 1100.000000 1100.000000 1100.000000 1100.000000 0.000413 0.000176 0.000000 15.234365 
19.904501 17.262386 -12.694333 -0.182927 -0.304878 -0.060976 1100.000000 1100.000000 1100.000000 1100.000000 0.000414 0.000175 0.000000 15.212137 
20.024397 17.309088 -12.689153 0.060976 0.060976 0.243902 1100.000000 1100.000000 1100.000000 1100.000000 0.000413 0.000175 0.000000 15.268157 
Hello Junta. Starting Potato Controller now
8.001037 0.352036 -13.989255 -1.646341 -1.524390 3.292683 1131.000000 1122.000000 1132.000000 1121.000000 0.000414 0.000176 0.000000 8.065479 
8.019546 0.307493 -14.213853 -2.256098 -0.670732 1.402439 1100.000000 1100.000000 1100.000000 1100.000000 0.000414 0.000177 0.000000 8.165824 
7.963603 0.455733 -14.314357 -2.804878 -0.609756 -0.000000 1100.000000 1100.000000 1100.000000 1100.000000 0.000413 0.000175 0.000000 8.202169 
7.905218 0.403448 -14.470077 -1.646341 -2.682927 1.524390 1100.000000 1100.000000 1100.000000 1100.000000 0.000414 0.000176 0.000000 8.253927 
7.895410 0.347620 -14.718759 -1.463415 -0.914634 3.292683 1100.000000 1100.000000 1100.000000 1100.000000 0.000413 0.000176 0.000000 8.358535 
7.901057 0.340354 -14.924742 -2.500000 -0.792683 0.182927 1100.000000 1100.000000 1100.000000 1100.000000 0.000413 0.000176 0.000000 8.450383 
7.792164 0.277304 -15.078988 -1.890244 -1.829268 0.792683 1100.000000 1100.000000 1100.000000 1100.000000 0.000414 0.000176 0.000000 8.490978 
7.880129 0.341635 -15.266914 -1.402439 -1.097561 2.560976 1100.000000 1100.000000 1100.000000 1100.000000 0.000413 0.000176 0.000000 8.597085 
7.743222 0.373436 -15.615536 -1.890244 -1.707317 0.975610 1100.000000 1100.000000 1100.000000 1100.000000 0.000414 0.000177 0.000000 8.722919 
8.037375 0.332338 -15.779967 -2.682927 -1.158537 0.609756 1100.000000 1100.000000 1100.000000 1100.000000 0.000414 0.000176 0.000000 8.860623 
8.424430 0.236966 -16.000977 -1.341463 -1.524390 2.317073 1100.000000 1100.000000 1100.000000 1100.000000 0.000413 0.000175 0.000000 9.043701 
8.266228 0.171852 -16.218918 -1.707317 -1.097561 1.829268 1100.000000 1100.000000 1100.000000 1100.000000 0.000414 0.000176 0.000000 9.101613 
8.219645 0.222413 -16.376455 -2.439024 -1.463415 0.243902 1100.000000 1100.000000 1100.000000 1100.000000 0.000413 0.000176 0.000000 9.163259 
8.260821 0.263762 -16.558254 -2.073171 -1.280488 1.707317 1100.000000 1100.000000 1103.000000 1100.000000 0.000413 0.000176 0.000000 9.255251 
8.066623 0.249143 -16.769827 -1.219512 -1.158537 2.134146 1105.000000 1100.000000 1102.000000 1100.000000 0.000414 0.000177 0.000000 9.307003 
8.049703 0.280593 -16.956884 -2.621951 -1.280488 0.914634 1103.000000 1102.000000 1110.000000 1100.000000 0.000413 0.000177 0.000000 9.388896 
7.859554 0.167742 -17.252758 -1.463415 -0.914634 1.829268 1122.000000 1115.000000 1119.000000 1118.000000 0.000413 0.000175 0.000000 9.478739 
7.963425 0.310902 -17.457514 -1.402439 -1.280488 2.439024 1134.000000 1123.000000 1132.000000 1125.000000 0.000414 0.000176 0.000000 9.598680 
8.019123 0.350665 -17.643631 -2.560976 -1.341463 0.853659 1132.000000 1131.000000 1138.000000 1125.000000 0.000413 0.000176 0.000000 9.696412 
8.002821 0.320276 -17.818756 -1.829268 -1.280488 0.609756 1155.000000 1152.000000 1157.000000 1150.000000 0.000413 0.000176 0.000000 9.771572 
7.852552 0.176244 -18.044523 -2.317073 -1.402439 1.646341 1161.000000 1154.000000 1162.000000 1153.000000 0.000414 0.000177 0.000000 9.838991 
7.979880 0.116910 -18.261326 -2.012195 -1.341463 2.012195 1199.000000 1194.000000 1203.000000 1190.000000 0.000413 0.000176 0.000000 9.961486 
7.969881 0.101705 -18.469561 -1.524390 -1.280488 1.951220 1209.000000 1206.000000 1213.000000 1202.000000 0.000414 0.000177 0.000000 10.054397 
7.731843 0.043906 -18.648224 -3.475610 -0.243902 1.463415 1216.000000 1221.000000 1226.000000 1211.000000 0.000414 0.000177 0.000000 10.088612 
7.706363 0.128904 -18.974142 -1.890244 -1.341463 1.890244 1214.000000 1225.000000 1223.000000 1216.000000 0.000413 0.000176 0.000000 10.237274 
7.599208 0.175821 -19.138689 -1.219512 -3.475610 0.426829 1232.000000 1205.000000 1226.000000 1211.000000 0.000414 0.000177 0.000000 10.295335 
7.579592 0.033958 -19.357351 -1.829268 -0.243902 2.012195 1219.000000 1216.000000 1218.000000 1217.000000 0.000414 0.000176 0.000000 10.388662 
7.668744 0.161494 -19.533672 -1.219512 -3.048780 1.524390 1226.000000 1205.000000 1221.000000 1210.000000 0.000413 0.000177 0.000000 10.491076 
7.609824 0.144868 -19.695295 -5.365854 2.012195 1.158537 1203.000000 1226.000000 1219.000000 1210.000000 0.000414 0.000176 0.000000 10.555120 
7.048915 -0.435585 -19.907393 -3.109756 1.036585 2.256098 1233.000000 1200.000000 1213.000000 1220.000000 0.000413 0.000177 0.000000 10.542902 
7.620295 -0.068826 -20.115646 2.500000 -6.707317 0.975610 1235.000000 1200.000000 1223.000000 1212.000000 0.000414 0.000176 0.000000 10.746293 
8.186149 0.769421 -20.208506 -6.402439 2.134146 1.951220 1195.000000 1244.000000 1227.000000 1212.000000 0.000413 0.000176 0.000000 10.925948 
7.603586 0.033875 -20.507294 1.463415 -5.792683 2.134146 1239.000000 1198.000000 1226.000000 1211.000000 0.000414 0.000176 0.000000 10.929749 
7.484429 -0.580683 -20.811989 -0.975610 -1.585366 1.463415 1219.000000 1220.000000 1221.000000 1218.000000 0.000413 0.000177 0.000000 11.037349 
8.062817 -0.090786 -20.989841 1.097561 -4.817073 0.792683 1229.000000 1212.000000 1227.000000 1214.000000 0.000414 0.000176 0.000000 11.231561 
8.740211 1.099385 -21.070415 -1.463415 -2.134146 1.707317 1220.000000 1223.000000 1227.000000 1216.000000 0.000414 0.000176 0.000000 11.447886 
8.963820 1.297247 -21.218294 -1.829268 -1.280488 1.646341 1257.000000 1246.000000 1257.000000 1246.000000 0.000413 0.000176 0.000000 11.571629 
9.057923 1.430470 -21.373266 -4.573171 0.060976 1.341463 1243.000000 1260.000000 1259.000000 1244.000000 0.000414 0.000177 0.000000 11.670047 
7.718632 0.174657 -21.618202 -10.182927 8.048780 2.865854 1237.000000 1268.000000 1253.000000 1252.000000 0.000413 0.000175 0.000000 11.475555 
6.752736 -0.701695 -21.846548 0.304878 -3.597561 2.073171 1283.000000 1218.000000 1256.000000 1245.000000 0.000414 0.000177 0.000000 11.412663 
7.752943 0.309536 -22.138193 -10.000000 7.073171 2.073171 1222.000000 1281.000000 1256.000000 1247.000000 0.000413 0.000175 0.000000 11.731142 
6.768966 -0.604395 -22.335476 -3.780488 0.975610 1.829268 1262.000000 1237.000000 1252.000000 1247.000000 0.000414 0.000176 0.000000 11.649854 
6.184769 -1.173339 -22.533752 -7.743903 3.658537 1.219512 1240.000000 1261.000000 1257.000000 1244.000000 0.000413 0.000176 0.000000 11.662227 
5.547321 -1.884646 -22.729153 -2.256098 -0.121951 1.402439 1262.000000 1237.000000 1252.000000 1247.000000 0.000414 0.000177 0.000000 11.686934 
5.117234 -2.223423 -22.929821 -7.500000 3.475610 0.792683 1225.000000 1276.000000 1260.000000 1241.000000 0.000413 0.000177 0.000000 11.746618 
4.442644 -2.724690 -23.117638 0.914634 -3.719512 0.914634 1280.000000 1221.000000 1253.000000 1248.000000 0.000414 0.000177 0.000000 11.793312 
5.842270 -1.698692 -23.412800 2.682927 -6.707317 1.646341 1247.000000 1256.000000 1256.000000 1247.000000 0.000413 0.000176 0.000000 12.047846 
4.610908 -2.789877 -23.589247 -17.926830 15.853659 0.914634 1193.000000 1308.000000 1253.000000 1248.000000 0.000414 0.000176 0.000000 12.039351 
3.286347 -4.067338 -24.041740 2.682927 -5.426829 -1.341463 1225.000000 1278.000000 1253.000000 1250.000000 0.000414 0.000177 0.000000 12.240635 
2.700611 -4.647648 -24.090101 -1.463415 -3.292683 -1.585366 1281.000000 1220.000000 1257.000000 1244.000000 0.000413 0.000175 0.000000 12.283311 
3.300881 -3.978210 -24.422495 -3.231707 1.219512 4.390244 1226.000000 1275.000000 1252.000000 1249.000000 0.000414 0.000177 0.000000 12.421480 
3.009975 -4.280863 -24.677080 -0.487805 -2.804878 3.719512 1269.000000 1234.000000 1258.000000 1245.000000 0.000413 0.000176 0.000000 12.553550 
3.096818 -3.962269 -24.999924 -3.597561 -1.036585 -0.243902 1233.000000 1268.000000 1258.000000 1243.000000 0.000414 0.000176 0.000000 12.693750 
2.281116 -4.881880 -25.027899 -7.378049 4.390244 -0.914634 1245.000000 1256.000000 1253.000000 1248.000000 0.000413 0.000176 0.000000 12.748527 
2.749278 -4.549551 -25.353699 6.585366 -11.158537 2.256098 1282.000000 1217.000000 1258.000000 1241.000000 0.000414 0.000177 0.000000 12.894432 
4.528567 -2.931124 -25.722666 -2.134146 -0.182927 3.719512 1204.000000 1297.000000 1249.000000 1252.000000 0.000413 0.000176 0.000000 13.079571 
2.599509 -4.781297 -26.137846 8.475610 -12.500000 2.682927 1299.000000 1200.000000 1255.000000 1244.000000 0.000413 0.000176 0.000000 13.291122 
4.270947 -3.248346 -26.481329 -0.060976 -4.512195 -1.036585 1227.000000 1272.000000 1256.000000 1243.000000 0.000414 0.000177 0.000000 13.445459 
4.631530 -2.909460 -26.683626 3.109756 -8.048780 1.524390 1273.000000 1228.000000 1263.000000 1238.000000 0.000413 0.000175 0.000000 13.556443 
5.455505 -2.218522 -26.997803 -1.036585 -0.792683 2.682927 1232.000000 1267.000000 1249.000000 1250.000000 0.000414 0.000176 0.000000 13.758758 
4.375155 -3.067582 -27.193249 -7.439024 4.756098 2.073171 1248.000000 1253.000000 1255.000000 1246.000000 0.000413 0.000176 0.000000 13.794137 
4.368002 -3.034385 -27.406534 3.109756 -6.829268 -0.000000 1273.000000 1226.000000 1255.000000 1244.000000 0.000414 0.000176 0.000000 13.897116 
4.123613 -3.416209 -27.662359 -12.012196 9.573171 0.975610 1199.000000 1302.000000 1254.000000 1247.000000 0.000414 0.000176 0.000000 14.022442 
1.570375 -5.566113 -27.626656 -10.182927 6.585366 1.646341 1271.000000 1230.000000 1258.000000 1243.000000 0.000413 0.000175 0.000000 14.069580 
0.905648 -5.781016 -27.955971 -72.560974 75.853661 -8.048780 1100.000000 1584.000000 1244.000000 1255.000000 0.000414 0.000176 0.000000 14.252542 
-2.881581 -9.504085 -28.316616 -7.195122 -4.024390 -1.158537 1189.000000 1176.000000 1206.000000 1159.000000 0.000413 0.000177 0.000000 15.099356 
-2.603037 -8.547376 -28.490774 4.024390 -6.707317 0.975610 1100.000000 1100.000000 1100.000000 1100.000000 0.000414 0.000177 0.000000 15.007971 
-1.115771 -7.781413 -28.587572 2.500000 0.304878 -11.829268 1100.000000 1100.000000 1100.000000 1100.000000 0.000414 0.000177 0.000000 14.849969 
-1.200823 -7.694732 -28.730484 -6.036585 -7.987805 3.475610 1100.000000 1100.000000 1100.000000 1100.000000 0.000413 0.000176 0.000000 14.911792 
-0.829561 -6.977665 -29.231400 4.207317 -0.975610 5.487805 1100.000000 1100.000000 1100.000000 1100.000000 0.000413 0.000177 0.000000 15.047643 
-0.478757 -7.087812 -29.676090 1.158537 -1.158537 -0.853659 1100.000000 1100.000000 1100.000000 1100.000000 0.000413 0.000176 0.000000 15.262372 
0.158051 -6.245028 -29.768782 -1.890244 -10.121951 -1.524390 1100.000000 1100.000000 1100.000000 1100.000000 0.000413 0.000176 0.000000 15.197124 
2.046283 -4.567349 -30.323830 0.670732 -11.585366 5.853659 1100.000000 1100.000000 1100.000000 1100.000000 0.000414 0.000176 0.000000 15.321924 
3.578088 -3.168953 -30.681473 5.426829 -7.134147 -0.304878 1100.000000 1100.000000 1100.000000 1100.000000 0.000413 0.000176 0.000000 15.472351 
4.754486 -2.348873 -30.879274 4.390244 -6.158537 -0.792683 1100.000000 1100.000000 1100.000000 1100.000000 0.000414 0.000176 0.000000 15.612052 
6.164063 -0.861515 -31.114363 4.329268 -13.048780 3.414634 1100.000000 1100.000000 1100.000000 1100.000000 0.000413 0.000177 0.000000 15.835083 
7.715670 0.690982 -31.464251 3.658537 -3.658537 2.317073 1100.000000 1100.000000 1100.000000 1100.000000 0.000413 0.000176 0.000000 16.212795 
7.049335 -0.260519 -31.538813 -6.646342 2.987805 -0.426829 1100.000000 1100.000000 1100.000000 1100.000000 0.000413 0.000176 0.000000 16.141430 
6.887282 -0.318676 -31.740183 -0.853659 -5.182927 1.341463 1100.000000 1100.000000 1100.000000 1100.000000 0.000413 0.000177 0.000000 16.221415 
7.688111 0.315826 -32.013290 2.926829 -4.878049 2.682927 1100.000000 1100.000000 1100.000000 1100.000000 0.000414 0.000176 0.000000 16.461054 
7.777454 0.283745 -32.270748 0.000000 -5.243903 1.524390 1100.000000 1100.000000 1100.000000 1100.000000 0.000414 0.000177 0.000000 16.595203 
8.010713 0.271864 -32.433762 -2.439024 0.975610 1.402439 1100.000000 1100.000000 1100.000000 1100.000000 0.000413 0.000175 0.000000 16.701056 
8.088361 0.472587 -32.659721 -3.109756 -1.280488 1.768293 1100.000000 1100.000000 1100.000000 1100.000000 0.000414 0.000177 0.000000 16.827744 
8.158195 0.522322 -32.821903 -2.378049 -2.500000 0.304878 1100.000000 1100.000000 1100.000000 1100.000000 0.000413 0.000177 0.000000 16.916771 
8.015571 0.301117 -33.014141 -0.914634 -0.975610 1.097561 1100.000000 1100.000000 1100.000000 1100.000000 0.000413 0.000176 0.000000 16.984358 
7.967190 0.250736 -33.244930 -1.829268 -0.182927 2.378049 1100.000000 1100.000000 1100.000000 1100.000000 0.000414 0.000177 0.000000 17.088961 
7.965958 0.311489 -33.428711 -2.134146 -2.256098 1.158537 1102.000000 1100.000000 1107.000000 1100.000000 0.000413 0.000176 0.000000 17.180407 
7.969140 0.254153 -33.590851 -2.256098 -1.341463 0.792683 1100.000000 1100.000000 1100.000000 1100.000000 0.000413 0.000175 0.000000 17.257402 
8.115841 0.259290 -33.899494 -1.585366 -3.170732 1.890244 1100.000000 1100.000000 1100.000000 1100.000000 0.000414 0.000177 0.000000 17.424263 
8.130106 0.205409 -34.097317 -1.829268 -1.341463 1.097561 1100.000000 1100.000000 1100.000000 1100.000000 0.000413 0.000176 0.000000 17.519970 
8.051981 0.260443 -34.279339 -2.073171 -0.609756 1.219512 1100.000000 1100.000000 1100.000000 1100.000000 0.000414 0.000176 0.000000 17.601713 
8.081606 0.390072 -34.448605 -1.768293 -1.585366 1.768293 1100.000000 1100.000000 1100.000000 1100.000000 0.000414 0.000176 0.000000 17.692375 
7.970195 0.220197 -34.659241 -2.134146 -2.317073 1.585366 1100.000000 1100.000000 1100.000000 1100.000000 0.000413 0.000177 0.000000 17.776005 
7.995196 0.343943 -34.843983 -2.195122 -0.304878 0.975610 1100.000000 1100.000000 1100.000000 1100.000000 0.000413 0.000177 0.000000 17.873379 
8.089729 0.523279 -35.006592 -1.585366 -1.402439 1.585366 1100.000000 1100.000000 1100.000000 1100.000000 0.000413 0.000176 0.000000 17.970154 
8.038841 0.527497 -35.187103 -1.890244 -1.646341 1.707317 1100.000000 1100.000000 1100.000000 1100.000000 0.000413 0.000176 0.000000 18.052582 
8.047255 0.411405 -35.521053 -1.707317 -1.646341 1.158537 1100.000000 1100.000000 1100.000000 1100.000000 0.000413 0.000177 0.000000 18.211470 
7.855032 0.190553 -35.734673 -2.804878 -1.341463 0.609756 1100.000000 1100.000000 1100.000000 1100.000000 0.000413 0.000177 0.000000 18.286762 
7.983691 0.303010 -35.880905 1.158537 -4.573171 0.426829 1100.000000 1100.000000 1100.000000 1100.000000 0.000413 0.000177 0.000000 18.375834 
8.475618 0.783335 -36.015533 2.682927 -9.146341 3.170732 1100.000000 1100.000000 1100.000000 1100.000000 0.000413 0.000176 0.000000 18.515791 
9.996099 2.042878 -36.382412 12.500000 -12.073171 2.804878 1100.000000 1100.000000 1100.000000 1100.000000 0.000413 0.000176 0.000000 18.955267 
12.977935 4.848355 -36.268291 17.682928 -23.597561 -0.670732 1100.000000 1100.000000 1100.000000 1100.000000 0.000413 0.000176 0.000000 19.625256 
17.925241 9.983034 -35.610909 30.182928 -36.463417 1.158537 1100.000000 1100.000000 1100.000000 1100.000000 0.000413 0.000176 0.000000 21.130194 
21.457876 13.770374 -34.900845 -3.048780 12.926829 -0.243902 1100.000000 1100.000000 1100.000000 1100.000000 0.000413 0.000176 0.000000 22.504679 
22.258076 14.548426 -34.517570 -7.743903 1.890244 0.365854 1100.000000 1100.000000 1100.000000 1100.000000 0.000413 0.000175 0.000000 22.746643 
22.283840 14.327300 -34.618286 -2.682927 1.951220 1.036585 1100.000000 1100.000000 1100.000000 1100.000000 0.000413 0.000176 0.000000 22.744699 
22.399582 14.525533 -34.562916 -3.597561 -3.292683 1.585366 1100.000000 1100.000000 1100.000000 1100.000000 0.000413 0.000175 0.000000 22.800011 
22.418625 14.596174 -34.582920 -0.853659 -1.097561 1.158537 1100.000000 1100.000000 1100.000000 1100.000000 0.000413 0.000176 0.000000 22.829525 
22.511061 14.401489 -34.664780 -2.195122 -2.987805 1.585366 1100.000000 1100.000000 1100.000000 1100.000000 0.000413 0.000175 0.000000 22.844835 
22.413664 14.442930 -34.687401 -2.926829 -2.073171 1.463415 1100.000000 1100.000000 1100.000000 1100.000000 0.000413 0.000176 0.000000 22.835562 
22.388710 14.428801 -34.717884 -1.280488 0.060976 1.280488 1100.000000 1100.000000 1100.000000 1100.000000 0.000413 0.000175 0.000000 22.837585 
22.470753 14.316645 -34.776859 -2.073171 -1.951220 1.646341 1100.000000 1100.000000 1100.000000 1100.000000 0.000414 0.000176 0.000000 22.859522 
22.422733 14.430318 -34.770790 -2.134146 -2.378049 1.036585 1110.000000 1100.000000 1105.000000 1100.000000 0.000413 0.000175 0.000000 22.868979 
22.288481 14.428117 -34.793888 -1.402439 -0.731707 1.280488 1130.000000 1100.000000 1112.000000 1117.000000 0.000413 0.000176 0.000000 22.839750 
22.310427 14.282248 -34.878345 -1.829268 -1.402439 1.646341 1146.000000 1117.000000 1136.000000 1127.000000 0.000413 0.000176 0.000000 22.847395 
22.414324 14.296065 -34.901875 -2.500000 -1.768293 1.219512 1156.000000 1125.000000 1148.000000 1133.000000 0.000413 0.000176 0.000000 22.889452 
21.511662 13.371193 -35.208794 -4.329268 0.853659 0.304878 1183.000000 1150.000000 1172.000000 1161.000000 0.000413 0.000176 0.000000 22.559330 
21.227417 13.147131 -35.304913 -4.207317 1.097561 2.134146 1172.000000 1161.000000 1171.000000 1162.000000 0.000414 0.000176 0.000000 22.473146 
20.473021 12.228423 -35.598663 -6.280488 4.085366 1.158537 1179.000000 1160.000000 1168.000000 1171.000000 0.000413 0.000176 0.000000 22.201382 
19.885033 11.480757 -35.780182 -5.548780 1.585366 0.487805 1182.000000 1155.000000 1173.000000 1164.000000 0.000414 0.000176 0.000000 21.974642 
19.220816 10.742478 -36.015121 -6.524390 3.353659 2.439024 1174.000000 1165.000000 1176.000000 1163.000000 0.000413 0.000177 0.000000 21.763769 
18.657825 10.054552 -36.224525 -4.024390 1.463415 0.731707 1185.000000 1152.000000 1171.000000 1166.000000 0.000413 0.000177 0.000000 21.587826 
18.544708 9.982782 -36.276688 -2.012195 -1.707317 1.707317 1181.000000 1156.000000 1172.000000 1165.000000 0.000413 0.000176 0.000000 21.569941 
18.385271 9.696255 -36.438808 -3.963415 0.609756 1.341463 1173.000000 1166.000000 1175.000000 1164.000000 0.000413 0.000176 0.000000 21.551029 
18.387295 10.101159 -36.454517 0.975610 -5.670732 0.609756 1193.000000 1154.000000 1183.000000 1164.000000 0.000414 0.000177 0.000000 21.630260 
18.657522 10.350234 -36.496113 -0.914634 -2.134146 1.585366 1190.000000 1175.000000 1183.000000 1182.000000 0.000413 0.000176 0.000000 21.759081 
18.946442 10.508246 -36.555408 0.792683 -2.987805 1.463415 1197.000000 1168.000000 1183.000000 1182.000000 0.000414 0.000177 0.000000 21.884651 
19.013958 10.626618 -36.580978 -3.048780 -0.365854 1.280488 1188.000000 1177.000000 1192.000000 1173.000000 0.000413 0.000177 0.000000 21.934231 
18.768694 10.174790 -36.765240 -2.134146 -0.670732 1.890244 1198.000000 1163.000000 1186.000000 1175.000000 0.000413 0.000176 0.000000 21.871262 
19.016710 10.330403 -36.808041 -0.426829 -2.682927 1.219512 1196.000000 1169.000000 1185.000000 1180.000000 0.000413 0.000177 0.000000 21.978756 
18.905680 10.209721 -36.876431 -5.365854 1.158537 0.609756 1182.000000 1181.000000 1191.000000 1172.000000 0.000413 0.000177 0.000000 21.959303 
18.136614 9.720676 -37.033630 -2.743902 -0.609756 1.219512 1203.000000 1160.000000 1186.000000 1177.000000 0.000412 0.000176 0.000000 21.756012 
19.254019 10.685719 -36.963619 -2.378049 -1.951220 0.487805 1181.000000 1182.000000 1188.000000 1175.000000 0.000413 0.000176 0.000000 22.169889 
18.846605 10.428929 -37.054520 -4.268293 0.304878 1.768293 1196.000000 1165.000000 1185.000000 1176.000000 0.000414 0.000177 0.000000 22.061943 
18.742556 10.370281 -37.149872 -2.621951 -1.158537 0.548781 1194.000000 1169.000000 1188.000000 1175.000000 0.000413 0.000177 0.000000 22.067461 
18.713551 10.425819 -37.162464 -2.804878 -1.280488 0.487805 1194.000000 1167.000000 1187.000000 1174.000000 0.000414 0.000177 0.000000 22.075987 
18.798304 10.679967 -37.178963 -1.524390 -1.768293 1.890244 1193.000000 1170.000000 1185.000000 1178.000000 0.000413 0.000177 0.000000 22.150217 
18.672098 10.543117 -37.283943 -3.597561 0.182927 0.548781 1188.000000 1173.000000 1185.000000 1176.000000 0.000413 0.000175 0.000000 22.140194 
18.461840 10.075729 -37.443245 -2.621951 -1.280488 1.402439 1198.000000 1163.000000 1187.000000 1174.000000 0.000413 0.000176 0.000000 22.075178 
18.560266 10.255563 -37.497238 -1.707317 -1.402439 2.073171 1193.000000 1170.000000 1186.000000 1177.000000 0.000413 0.000176 0.000000 22.154364 
18.047819 9.727180 -37.711227 -1.158537 -1.951220 1.158537 1203.000000 1158.000000 1187.000000 1174.000000 0.000414 0.000176 0.000000 22.034178 
18.457092 10.001014 -37.757423 0.000000 -2.804878 2.073171 1192.000000 1171.000000 1186.000000 1177.000000 0.000413 0.000177 0.000000 22.198469 
18.446056 10.115051 -37.792362 -1.402439 -1.341463 1.402439 1191.000000 1170.000000 1186.000000 1175.000000 0.000413 0.000177 0.000000 22.231331 
18.596094 10.148309 -37.858047 -0.914634 -2.256098 2.256098 1197.000000 1164.000000 1184.000000 1177.000000 0.000414 0.000176 0.000000 22.301622 
18.725817 10.197036 -37.938496 -1.402439 -1.341463 2.195122 1192.000000 1171.000000 1184.000000 1179.000000 0.000413 0.000176 0.000000 22.376413 
18.828363 10.302300 -37.964233 -1.341463 -2.439024 1.158537 1196.000000 1165.000000 1187.000000 1174.000000 0.000413 0.000179 0.000000 22.431000 
18.995535 10.423265 -38.031086 -1.341463 -3.048780 1.768293 1196.000000 1167.000000 1190.000000 1173.000000 0.000413 0.000227 0.000000 22.522108 
18.952028 10.352009 -38.133419 -3.414634 -0.060976 1.280488 1184.000000 1177.000000 1183.000000 1178.000000 0.000413 0.000247 0.000000 22.543488 
18.922419 10.145511 -38.310146 0.243902 -4.146341 1.097561 1200.000000 1161.000000 1187.000000 1174.000000 0.000414 0.000259 0.000000 22.576839 
19.054808 10.540645 -38.285511 -1.646341 -1.646341 0.975610 1189.000000 1174.000000 1186.000000 1177.000000 0.000413 0.000289 0.000000 22.668613 
18.945353 10.574558 -38.342918 -2.378049 -1.158537 1.036585 1186.000000 1175.000000 1188.000000 1173.000000 0.000413 0.000313 0.000000 22.673559 
18.825657 10.375227 -38.456749 -2.500000 -0.243902 1.951220 1192.000000 1171.000000 1187.000000 1176.000000 0.000413 0.000343 0.000000 22.658911 
18.789026 10.446830 -38.513844 -1.158537 -1.463415 1.829268 1192.000000 1169.000000 1184.000000 1177.000000 0.000413 0.000343 0.000000 22.688047 
18.515629 9.928621 -38.692753 -6.341464 3.292683 1.463415 1165.000000 1196.000000 1187.000000 1174.000000 0.000413 0.000344 0.000000 22.610779 
18.795845 10.174459 -38.818779 4.024390 -8.719512 2.560976 1219.000000 1142.000000 1191.000000 1170.000000 0.000413 0.000344 0.000000 22.775032 
17.979197 9.478444 -38.963123 -3.414634 1.341463 -1.646341 1219.000000 1134.000000 1174.000000 1179.000000 0.000413 0.000344 0.000000 22.529890 
18.523537 10.149239 -38.910603 -1.890244 -1.707317 3.109756 1154.000000 1209.000000 1183.000000 1180.000000 0.000413 0.000344 0.000000 22.747173 
17.587324 9.332260 -39.189693 -4.634146 0.304878 0.304878 1240.000000 1123.000000 1181.000000 1182.000000 0.000413 0.000344 0.000000 22.518301 
18.937506 10.589646 -38.961048 5.060976 -7.926829 -0.182927 1184.000000 1179.000000 1179.000000 1184.000000 0.000413 0.000344 0.000000 22.944969 
17.324923 9.101368 -39.290646 -23.719513 21.036587 4.512195 1100.000000 1277.000000 1185.000000 1176.000000 0.000413 0.000344 0.000000 22.467560 
16.766563 8.317308 -39.548027 21.951220 -27.256098 0.670732 1458.000000 1100.000000 1197.000000 1166.000000 0.000413 0.000343 0.000000 22.339003 
21.692114 13.044358 -38.727558 -13.902439 14.207317 -2.073171 1100.000000 1565.000000 1150.000000 1211.000000 0.000413 0.000279 0.000000 24.007030 
6.517539 -1.275855 -40.394253 88.292686 -100.121956 -3.231707 1430.000000 1100.000000 1198.000000 1165.000000 0.000413 0.000000 0.000000 20.421156 
28.406271 20.629202 -36.621567 106.768295 -121.219513 2.195122 1295.000000 1100.000000 1191.000000 1172.000000 0.000413 0.000000 0.000000 26.916086 
21.407370 13.655689 -38.604836 -39.268295 47.500000 1.829268 1160.000000 1201.000000 1180.000000 1181.000000 0.000413 0.000000 0.000000 24.007811 
13.287011 4.718055 -40.662952 -38.597561 26.524391 5.548780 1161.000000 1200.000000 1189.000000 1172.000000 0.000413 0.000000 0.000000 21.727055 
9.656093 1.899227 -40.935108 -10.426829 6.341464 3.353659 1178.000000 1181.000000 1184.000000 1175.000000 0.000413 0.000000 0.000000 21.103718 
8.738215 0.468203 -41.375778 3.048780 -3.109756 -4.329268 1187.000000 1174.000000 1184.000000 1177.000000 0.000413 0.000000 0.000000 21.143120 
9.467609 1.340297 -41.315300 -0.975610 -9.451220 1.524390 1189.000000 1172.000000 1188.000000 1173.000000 0.000413 0.000000 0.000000 21.234016 
10.061227 1.898809 -41.596195 3.780488 -2.439024 0.670732 1187.000000 1172.000000 1182.000000 1177.000000 0.000413 0.000000 0.000000 21.472601 
8.426251 0.527719 -41.829876 -6.158537 4.024390 -0.304878 1180.000000 1181.000000 1185.000000 1176.000000 0.000413 0.000000 0.000000 21.336983 
6.204875 -1.823721 -42.132618 -13.841464 10.853659 3.109756 1172.000000 1189.000000 1185.000000 1176.000000 0.000413 0.000000 0.000000 21.252989 
5.009516 -2.996075 -42.182472 -4.085366 1.829268 -0.304878 1178.000000 1181.000000 1184.000000 1175.000000 0.000413 0.000000 0.000000 21.218056 
3.647981 -4.121943 -42.627064 -5.000000 1.158537 4.146341 1178.000000 1183.000000 1185.000000 1176.000000 0.000413 0.000000 0.000000 21.417061 
4.226095 -3.381752 -42.654018 2.378049 -7.682927 -0.000000 1185.000000 1176.000000 1186.000000 1175.000000 0.000413 0.000000 0.000000 21.428085 
4.471768 -3.123026 -43.131145 1.341463 -2.134146 0.731707 1181.000000 1178.000000 1183.000000 1176.000000 0.000413 0.000000 0.000000 21.668583 
4.428359 -3.218356 -43.179268 -7.926829 1.707317 2.987805 1177.000000 1184.000000 1186.000000 1175.000000 0.000413 0.000000 0.000000 21.692396 
3.145127 -4.374315 -43.508278 -6.646342 5.000000 0.914634 1175.000000 1186.000000 1184.000000 1177.000000 0.000413 0.000003 0.000000 21.852552 
2.484766 -4.670156 -43.795036 0.914634 -4.878049 -0.914634 1181.000000 1178.000000 1184.000000 1175.000000 0.000413 0.000000 0.000000 21.998522 
2.472980 -4.573788 -44.057823 0.914634 -2.500000 2.195122 1181.000000 1180.000000 1184.000000 1177.000000 0.000413 0.000002 0.000000 22.125103 
3.323857 -3.553981 -44.315926 2.865854 -7.804878 0.731707 1185.000000 1176.000000 1185.000000 1176.000000 0.000413 0.000005 0.000000 22.233128 
2.862414 -3.743764 -44.680759 -4.329268 1.524390 2.256098 1177.000000 1182.000000 1183.000000 1176.000000 0.000413 0.000000 0.000000 22.411402 
2.715629 -4.108252 -44.727970 -3.109756 0.792683 -0.121951 1178.000000 1183.000000 1184.000000 1177.000000 0.000413 0.000004 0.000000 22.443743 
2.060784 -4.859436 -45.112377 -5.243903 1.158537 2.073171 1177.000000 1184.000000 1185.000000 1176.000000 0.000413 0.000000 0.000000 22.658583 
2.007452 -4.787880 -45.213345 -1.219512 -1.768293 2.926829 1180.000000 1181.000000 1184.000000 1177.000000 0.000413 0.000003 0.000000 22.705732 
2.478699 -4.351913 -45.638199 2.865854 -6.585366 0.121951 1184.000000 1177.000000 1185.000000 1176.000000 0.000413 0.000000 0.000000 22.901926 
4.207440 -2.679522 -46.000797 4.817073 -7.560976 0.243902 1186.000000 1175.000000 1184.000000 1177.000000 0.000413 0.000000 0.000000 23.078943 
4.633085 -2.376930 -46.262707 -2.804878 -0.731707 3.902439 1181.000000 1180.000000 1185.000000 1176.000000 0.000413 0.000000 0.000000 23.221594 
4.953236 -2.107812 -46.420425 -1.280488 -2.500000 -0.975610 1182.000000 1179.000000 1185.000000 1176.000000 0.000413 0.000000 0.000000 23.311853 
4.425753 -2.593169 -46.733280 -3.597561 0.670732 2.134146 1180.000000 1181.000000 1185.000000 1176.000000 0.000413 0.000000 0.000000 23.449265 
4.713644 -2.399221 -46.806324 -0.670732 -2.804878 1.158537 1182.000000 1179.000000 1185.000000 1176.000000 0.000413 0.000000 0.000000 23.494638 
4.882612 -2.339843 -47.205975 -0.121951 -2.926829 0.853659 1183.000000 1178.000000 1185.000000 1176.000000 0.000413 0.000000 0.000000 23.699287 
5.088058 -2.310917 -47.329094 -3.353659 -0.243902 2.987805 1179.000000 1180.000000 1184.000000 1175.000000 0.000413 0.000000 0.000000 23.768465 
4.709678 -2.518137 -47.588657 -4.085366 1.890244 -0.670732 1179.000000 1182.000000 1184.000000 1177.000000 0.000413 0.000000 0.000000 23.883524 
3.542891 -3.752756 -47.809124 -3.841464 1.646341 0.609756 1177.000000 1182.000000 1183.000000 1176.000000 0.000413 0.000000 0.000000 23.977518 
3.107886 -4.399134 -48.080681 -3.841464 -0.243902 2.195122 1179.000000 1182.000000 1185.000000 1176.000000 0.000413 0.000000 0.000000 24.122416 
3.397452 -3.994874 -48.220032 -0.609756 -2.134146 0.914634 1180.000000 1179.000000 1184.000000 1175.000000 0.000413 0.000000 0.000000 24.184727 
3.313649 -3.967360 -48.598938 -1.158537 -2.439024 2.012195 1181.000000 1180.000000 1185.000000 1176.000000 0.000413 0.000000 0.000000 24.371086 
3.575864 -3.532163 -48.724876 -1.768293 -2.439024 1.768293 1180.000000 1179.000000 1184.000000 1175.000000 0.000413 0.000000 0.000000 24.428930 
3.795957 -3.342706 -49.086533 0.426829 -3.048780 0.975610 1182.000000 1179.000000 1184.000000 1177.000000 0.000413 0.000000 0.000000 24.610020 
3.932586 -3.246649 -49.267262 -2.743902 -1.280488 2.012195 1180.000000 1181.000000 1185.000000 1176.000000 0.000413 0.000000 0.000000 24.701536 
4.170732 -3.089492 -49.527382 -0.853659 -2.865854 0.487805 1182.000000 1179.000000 1185.000000 1176.000000 0.000413 0.000000 0.000000 24.834757 
4.000571 -3.346649 -49.830433 -4.207317 -0.731707 -0.000000 1179.000000 1182.000000 1186.000000 1175.000000 0.000413 0.000000 0.000000 24.984453 
3.371007 -4.041570 -50.127502 -4.634146 2.500000 2.195122 1177.000000 1184.000000 1184.000000 1177.000000 0.000413 0.000000 0.000000 25.133400 
3.294267 -3.771781 -50.255413 0.548781 -4.451220 1.890244 1182.000000 1179.000000 1185.000000 1176.000000 0.000413 0.000000 0.000000 25.190042 
3.866315 -3.355552 -50.641163 0.304878 -4.817073 0.487805 1183.000000 1178.000000 1185.000000 1176.000000 0.000413 0.000000 0.000000 25.384720 
3.961311 -3.143215 -50.933502 -1.951220 -0.243902 2.317073 1180.000000 1181.000000 1184.000000 1177.000000 0.000413 0.000000 0.000000 25.529465 
4.194973 -2.860477 -51.061848 -0.365854 -3.597561 0.853659 1181.000000 1178.000000 1184.000000 1175.000000 0.000413 0.000000 0.000000 25.596214 
4.805929 -2.389557 -51.430103 2.073171 -6.280488 0.853659 1185.000000 1176.000000 1185.000000 1176.000000 0.000413 0.000000 0.000000 25.795303 
5.607419 -1.611090 -51.579586 1.341463 -4.390244 2.378049 1185.000000 1176.000000 1185.000000 1176.000000 0.000413 0.000000 0.000000 25.903801 
6.147848 -1.199287 -51.869789 0.304878 -3.231707 1.524390 1184.000000 1177.000000 1185.000000 1176.000000 0.000413 0.000000 0.000000 26.078323 
6.397849 -1.001081 -52.073891 -0.975610 -2.743902 2.134146 1183.000000 1178.000000 1185.000000 1176.000000 0.000413 0.000000 0.000000 26.195780 
6.789466 -0.522606 -52.265182 2.134146 -6.219512 -0.304878 1187.000000 1174.000000 1185.000000 1176.000000 0.000413 0.000000 0.000000 26.322617 
7.806957 0.444829 -52.514599 5.914634 -9.268292 2.256098 1190.000000 1171.000000 1185.000000 1176.000000 0.000413 0.000000 0.000000 26.541332 
10.187856 2.534911 -52.745697 2.134146 -4.573171 1.829268 1188.000000 1171.000000 1184.000000 1175.000000 0.000413 0.000000 0.000000 26.963795 
10.564114 2.827402 -52.845589 -1.951220 -1.341463 1.463415 1186.000000 1175.000000 1185.000000 1176.000000 0.000413 0.000000 0.000000 27.070168 
10.487015 2.915470 -53.024754 -1.646341 -1.768293 1.402439 1186.000000 1175.000000 1185.000000 1176.000000 0.000413 0.000000 0.000000 27.156004 
10.329712 2.736382 -53.178688 -4.329268 1.341463 0.914634 1184.000000 1177.000000 1185.000000 1176.000000 0.000413 0.000000 0.000000 27.203218 
9.795412 2.349385 -53.343937 -5.304878 1.219512 1.158537 1183.000000 1178.000000 1185.000000 1176.000000 0.000413 0.000000 0.000000 27.207617 
9.038980 1.690233 -53.555393 -5.548780 2.926829 1.951220 1181.000000 1180.000000 1185.000000 1176.000000 0.000413 0.000000 0.000000 27.206459 
8.665318 1.205676 -53.705238 -4.146341 1.219512 0.670732 1182.000000 1179.000000 1185.000000 1176.000000 0.000413 0.000000 0.000000 27.225426 
8.782799 1.266754 -53.899429 0.914634 -5.426829 1.646341 1186.000000 1173.000000 1184.000000 1175.000000 0.000413 0.000000 0.000000 27.333393 
10.148007 2.445507 -54.141396 1.219512 -4.756098 0.365854 1188.000000 1173.000000 1185.000000 1176.000000 0.000413 0.000000 0.000000 27.638084 
10.370662 2.759507 -54.266830 -1.890244 -2.012195 1.280488 1186.000000 1175.000000 1185.000000 1176.000000 0.000413 0.000000 0.000000 27.741650 
10.430293 2.844998 -54.427402 -2.317073 -0.426829 1.646341 1185.000000 1176.000000 1185.000000 1176.000000 0.000413 0.000000 0.000000 27.831938 
10.274928 2.658983 -54.597446 -1.951220 -1.402439 1.402439 1186.000000 1175.000000 1185.000000 1176.000000 0.000413 0.000000 0.000000 27.887648 
10.561207 2.852457 -54.731960 -1.402439 -2.012195 1.646341 1185.000000 1174.000000 1184.000000 1175.000000 0.000413 0.000000 0.000000 27.994526 
10.510124 2.790017 -54.914143 -3.902439 1.097561 0.609756 1184.000000 1177.000000 1185.000000 1176.000000 0.000413 0.000000 0.000000 28.074446 
9.553008 1.912200 -55.120716 -8.292683 5.060976 1.463415 1180.000000 1181.000000 1185.000000 1176.000000 0.000413 0.000000 0.000000 28.032736 
8.656762 0.902382 -55.314240 -5.731708 2.500000 1.829268 1181.000000 1180.000000 1185.000000 1176.000000 0.000413 0.000000 0.000000 28.004368 
8.493494 0.661427 -55.647747 1.524390 -5.365854 1.463415 1187.000000 1174.000000 1185.000000 1176.000000 0.000413 0.000000 0.000000 28.146513 
9.362877 1.425401 -55.813122 2.682927 -6.036585 1.646341 1188.000000 1171.000000 1184.000000 1175.000000 0.000413 0.000000 0.000000 28.331015 
10.365120 2.295183 -55.930813 2.743902 -6.219512 1.280488 1189.000000 1172.000000 1185.000000 1176.000000 0.000413 0.000000 0.000000 28.526609 
11.155346 3.135487 -56.071301 2.317073 -6.585366 1.341463 1190.000000 1171.000000 1186.000000 1175.000000 0.000413 0.000000 0.000000 28.729647 
11.617805 3.728177 -56.178463 -0.975610 -1.768293 0.670732 1187.000000 1174.000000 1185.000000 1176.000000 0.000413 0.000003 0.000000 28.875565 
11.443362 3.506409 -56.325535 -5.121951 2.073171 1.707317 1184.000000 1177.000000 1185.000000 1176.000000 0.000413 0.000004 0.000000 28.911463 
10.705570 2.797946 -56.539360 -6.524390 2.682927 2.317073 1182.000000 1179.000000 1185.000000 1176.000000 0.000413 0.000005 0.000000 28.890181 
10.026143 2.210127 -56.718704 -4.695122 1.646341 1.158537 1183.000000 1178.000000 1185.000000 1176.000000 0.000413 0.000006 0.000000 28.877275 
9.907900 1.968515 -57.022724 -0.792683 -2.987805 1.463415 1187.000000 1174.000000 1185.000000 1176.000000 0.000413 0.000005 0.000000 29.002005 
10.261911 2.194410 -57.168011 -0.243902 -2.500000 1.707317 1186.000000 1173.000000 1184.000000 1175.000000 0.000413 0.000006 0.000000 29.118141 
10.398099 2.315232 -57.349354 -1.890244 -1.402439 1.341463 1185.000000 1176.000000 1185.000000 1176.000000 0.000413 0.000006 0.000000 29.227005 
10.329148 2.184641 -57.525703 -3.597561 0.243902 0.670732 1184.000000 1177.000000 1185.000000 1176.000000 0.000413 0.000005 0.000000 29.299257 
9.951722 1.785839 -57.702652 -3.475610 0.487805 1.829268 1184.000000 1177.000000 1185.000000 1176.000000 0.000413 0.000006 0.000000 29.329676 
9.854483 1.631967 -57.881134 -2.256098 -1.402439 1.585366 1185.000000 1176.000000 1185.000000 1176.000000 0.000413 0.000010 0.000000 29.400690 
9.870783 1.757132 -58.036041 -1.646341 -1.402439 0.914634 1185.000000 1176.000000 1185.000000 1176.000000 0.000413 0.000010 0.000000 29.485220 
9.627154 1.581178 -58.232815 -3.841464 1.280488 1.646341 1182.000000 1179.000000 1185.000000 1176.000000 0.000413 0.000012 0.000000 29.552351 
9.075291 1.112701 -58.510815 -1.646341 -1.707317 0.914634 1185.000000 1176.000000 1185.000000 1176.000000 0.000413 0.000015 0.000000 29.622742 
9.264434 1.384456 -58.693974 0.121951 -3.902439 1.402439 1186.000000 1173.000000 1184.000000 1175.000000 0.000413 0.000018 0.000000 29.740751 
9.825821 1.882694 -58.836403 1.585366 -5.060976 1.646341 1189.000000 1172.000000 1185.000000 1176.000000 0.000413 0.000020 0.000000 29.882456 
10.125389 2.339272 -58.973999 -1.463415 -2.378049 1.463415 1185.000000 1176.000000 1185.000000 1176.000000 0.000413 0.000019 0.000000 30.002432 
10.119311 2.455341 -59.137417 -2.134146 -1.402439 1.036585 1184.000000 1175.000000 1184.000000 1175.000000 0.000413 0.000019 0.000000 30.089405 
10.027788 2.236502 -59.322502 -3.353659 0.304878 1.402439 1183.000000 1178.000000 1185.000000 1176.000000 0.000413 0.000016 0.000000 30.159241 
9.787270 2.010039 -59.498432 -3.048780 0.426829 1.524390 1184.000000 1177.000000 1185.000000 1176.000000 0.000413 0.000014 0.000000 30.212479 
9.604102 1.715374 -59.686291 -3.048780 -1.097561 0.792683 1184.000000 1175.000000 1185.000000 1174.000000 0.000413 0.000014 0.000000 30.273827 
10.140521 2.296128 -59.927895 3.231707 -6.280488 1.951220 1190.000000 1171.000000 1185.000000 1176.000000 0.000413 0.000015 0.000000 30.470284 
11.080635 3.000336 -60.074764 1.768293 -5.426829 1.341463 1189.000000 1172.000000 1185.000000 1176.000000 0.000413 0.000014 0.000000 30.672819 
11.462356 3.479955 -60.183563 -1.158537 -2.317073 1.036585 1186.000000 1173.000000 1184.000000 1175.000000 0.000413 0.000014 0.000000 30.797617 
11.186247 3.262842 -60.363239 -4.451220 0.670732 1.219512 1184.000000 1177.000000 1185.000000 1176.000000 0.000413 0.000015 0.000000 30.842823 
10.653506 2.774583 -60.563766 -3.719512 0.975610 1.341463 1184.000000 1177.000000 1185.000000 1176.000000 0.000413 0.000014 0.000000 30.858082 
10.309175 2.509415 -60.721699 -2.743902 -0.182927 1.829268 1184.000000 1175.000000 1184.000000 1175.000000 0.000413 0.000006 0.000000 30.888342 
10.324115 2.506776 -60.896233 -1.585366 -2.195122 1.280488 1186.000000 1175.000000 1185.000000 1176.000000 0.000413 0.000008 0.000000 30.975304 
10.464552 2.502242 -61.058018 -2.439024 -0.975610 0.731707 1185.000000 1176.000000 1185.000000 1176.000000 0.000413 0.000000 0.000000 31.066719 
10.533273 2.426705 -61.323338 0.670732 -3.902439 2.012195 1187.000000 1172.000000 1184.000000 1175.000000 0.000413 0.000000 0.000000 31.198378 
11.458927 3.236585 -61.420189 3.353659 -6.585366 1.097561 1191.000000 1170.000000 1185.000000 1176.000000 0.000413 0.000000 0.000000 31.385098 
12.236487 3.918467 -61.508362 -0.792683 -3.475610 1.707317 1188.000000 1173.000000 1186.000000 1175.000000 0.000413 0.000000 0.000000 31.557936 
12.049162 3.782398 -61.679722 -4.390244 1.036585 1.341463 1185.000000 1176.000000 1185.000000 1176.000000 0.000413 0.000000 0.000000 31.611626 
11.499163 3.310943 -61.843769 -4.817073 2.317073 0.853659 1184.000000 1177.000000 1185.000000 1176.000000 0.000413 0.000000 0.000000 31.601910 
10.753115 2.553933 -62.061749 -5.914634 3.109756 2.378049 1182.000000 1179.000000 1185.000000 1176.000000 0.000413 0.000000 0.000000 31.588583 
10.011499 2.028775 -62.248123 -3.658537 0.243902 1.097561 1184.000000 1177.000000 1185.000000 1176.000000 0.000413 0.000000 0.000000 31.586216 
10.109996 2.043554 -62.411030 0.792683 -4.024390 1.036585 1188.000000 1173.000000 1185.000000 1176.000000 0.000413 0.000000 0.000000 31.675234 
10.887754 2.793682 -62.625336 -0.487805 -2.256098 1.463415 1187.000000 1174.000000 1185.000000 1176.000000 0.000413 0.000000 0.000000 31.893036 
10.893893 2.806892 -62.773357 -3.048780 -0.914634 0.609756 1185.000000 1176.000000 1185.000000 1176.000000 0.000413 0.000000 0.000000 31.967188 
10.677966 2.613634 -62.943329 -4.939024 1.219512 2.012195 1183.000000 1178.000000 1185.000000 1176.000000 0.000413 0.000000 0.000000 32.019302 
10.205523 2.116704 -63.135380 -3.231707 0.853659 1.585366 1183.000000 1176.000000 1184.000000 1175.000000 0.000413 0.000000 0.000000 32.044018 
10.181163 2.103144 -63.292793 -0.487805 -4.024390 0.975610 1187.000000 1174.000000 1186.000000 1175.000000 0.000413 0.000000 0.000000 32.118820 
11.115325 2.923621 -63.438927 5.243903 -8.902439 1.646341 1191.000000 1168.000000 1184.000000 1175.000000 0.000413 0.000000 0.000000 32.321693 
12.722999 4.482530 -63.456371 6.890244 -10.609756 1.646341 1195.000000 1166.000000 1185.000000 1176.000000 0.000413 0.000000 0.000000 32.606647 
14.207243 5.834630 -63.460217 2.500000 -7.500000 2.500000 1193.000000 1168.000000 1186.000000 1175.000000 0.000413 0.000000 0.000000 32.901840 
14.259764 5.482511 -63.696522 -9.756098 6.768293 1.524390 1182.000000 1179.000000 1185.000000 1176.000000 0.000413 0.000000 0.000000 32.988144 
12.865990 4.097862 -63.961319 -7.378049 4.817073 1.341463 1183.000000 1178.000000 1185.000000 1176.000000 0.000413 0.000000 0.000000 32.836044 
12.341928 3.717709 -64.151138 1.097561 -3.902439 1.341463 1189.000000 1172.000000 1185.000000 1176.000000 0.000413 0.000000 0.000000 32.844715 
13.156324 4.679012 -64.191643 2.804878 -7.560976 1.341463 1192.000000 1169.000000 1186.000000 1175.000000 0.000413 0.000000 0.000000 33.028740 
13.734411 5.228699 -64.275314 -0.487805 -2.621951 2.621951 1188.000000 1171.000000 1184.000000 1175.000000 0.000413 0.000000 0.000000 33.183548 
13.563498 4.961441 -64.456520 -4.817073 2.195122 1.890244 1185.000000 1176.000000 1185.000000 1176.000000 0.000413 0.000000 0.000000 33.227810 
12.444911 4.187405 -64.633774 -9.268292 5.121951 0.548781 1181.000000 1178.000000 1185.000000 1174.000000 0.000413 0.000000 0.000000 33.128429 
11.037031 2.918580 -64.867691 -8.658537 6.158537 1.280488 1180.000000 1181.000000 1185.000000 1176.000000 0.000413 0.000000 0.000000 33.016521 
9.955992 1.700639 -65.206505 -1.463415 -1.707317 1.646341 1185.000000 1176.000000 1185.000000 1176.000000 0.000413 0.000000 0.000000 33.022358 
10.258080 2.127134 -65.338768 1.341463 -4.451220 1.219512 1188.000000 1173.000000 1185.000000 1176.000000 0.000413 0.000000 0.000000 33.134621 
10.828632 2.688607 -65.496864 0.426829 -5.000000 1.036585 1188.000000 1173.000000 1186.000000 1175.000000 0.000413 0.000000 0.000000 33.293098 
11.165069 2.913892 -65.627495 -2.926829 -0.365854 1.646341 1185.000000 1176.000000 1185.000000 1176.000000 0.000413 0.000000 0.000000 33.400845 
10.595690 2.219001 -65.850845 -6.097561 4.390244 2.439024 1182.000000 1179.000000 1185.000000 1176.000000 0.000413 0.000000 0.000000 33.419064 
9.590215 1.347707 -66.045296 -7.500000 4.207317 0.853659 1179.000000 1180.000000 1184.000000 1175.000000 0.000413 0.000002 0.000000 33.391754 
8.630728 0.486351 -66.224976 -5.548780 2.500000 0.975610 1181.000000 1180.000000 1185.000000 1176.000000 0.000413 0.000007 0.000000 33.379669 
8.238935 0.255832 -66.423126 -0.121951 -2.378049 2.195122 1186.000000 1175.000000 1185.000000 1176.000000 0.000413 0.000010 0.000000 33.446342 
9.679562 1.656205 -66.703911 2.926829 -6.280488 1.219512 1189.000000 1172.000000 1185.000000 1176.000000 0.000413 0.000014 0.000000 33.739273 
10.321359 2.230192 -66.828773 -2.073171 -1.646341 2.195122 1185.000000 1176.000000 1186.000000 1175.000000 0.000413 0.000014 0.000000 33.880238 
9.951580 1.858446 -67.018967 -5.731708 2.987805 1.158537 1180.000000 1179.000000 1184.000000 1175.000000 0.000413 0.000015 0.000000 33.925247 
9.115203 1.056414 -67.215736 -5.609756 2.682927 1.036585 1182.000000 1179.000000 1185.000000 1176.000000 0.000413 0.000015 0.000000 33.924782 
8.630469 0.673836 -67.400475 -3.597561 -0.426829 2.073171 1184.000000 1177.000000 1186.000000 1175.000000 0.000413 0.000014 0.000000 33.969662 
8.806303 0.811193 -67.582344 0.487805 -3.353659 0.914634 1187.000000 1174.000000 1185.000000 1176.000000 0.000413 0.000015 0.000000 34.076077 
9.448833 1.390988 -67.743454 1.829268 -5.487805 0.914634 1188.000000 1173.000000 1185.000000 1176.000000 0.000413 0.000014 0.000000 34.223675 
9.941995 1.935913 -67.889969 -0.853659 -3.719512 2.073171 1185.000000 1174.000000 1185.000000 1174.000000 0.000413 0.000015 0.000000 34.358910 
9.748556 1.385190 -68.161232 -7.987805 4.512195 1.280488 1179.000000 1182.000000 1186.000000 1175.000000 0.000413 0.000017 0.000000 34.450134 
8.447682 0.362855 -68.377655 -6.890244 3.475610 1.768293 1181.000000 1180.000000 1185.000000 1176.000000 0.000413 0.000023 0.000000 34.430946 
7.668730 -0.399873 -68.578896 -3.597561 1.463415 1.463415 1183.000000 1178.000000 1184.000000 1177.000000 0.000413 0.000031 0.000000 34.464283 
7.399795 -0.479846 -68.766144 -1.280488 -2.743902 0.731707 1185.000000 1176.000000 1186.000000 1175.000000 0.000413 0.000033 0.000000 34.542522 
7.506708 -0.269035 -68.973511 -0.182927 -3.170732 2.134146 1184.000000 1175.000000 1184.000000 1175.000000 0.000413 0.000038 0.000000 34.656719 
8.031889 0.099606 -69.167969 1.341463 -4.329268 1.097561 1187.000000 1174.000000 1185.000000 1176.000000 0.000413 0.000039 0.000000 34.791016 
8.862293 0.980635 -69.310730 3.475610 -7.256098 0.731707 1190.000000 1171.000000 1185.000000 1176.000000 0.000413 0.000039 0.000000 34.942978 
9.766831 1.728577 -69.493279 1.707317 -5.060976 1.890244 1187.000000 1174.000000 1185.000000 1176.000000 0.000413 0.000044 0.000000 35.127598 
10.221737 2.138622 -69.768166 0.121951 -2.682927 1.158537 1186.000000 1175.000000 1183.000000 1178.000000 0.000413 0.000045 0.000000 35.317966 
10.635901 2.586943 -69.905640 0.000000 -4.146341 1.585366 1187.000000 1172.000000 1185.000000 1174.000000 0.000413 0.000045 0.000000 35.443314 
11.044070 2.969725 -70.064377 0.182927 -4.146341 1.036585 1188.000000 1173.000000 1186.000000 1175.000000 0.000413 0.000047 0.000000 35.577961 
11.012582 2.976547 -70.221359 -2.621951 -0.000000 1.524390 1184.000000 1177.000000 1184.000000 1177.000000 0.000413 0.000046 0.000000 35.653217 
10.527233 2.640196 -70.402992 -4.390244 1.402439 1.951220 1181.000000 1178.000000 1184.000000 1175.000000 0.000413 0.000047 0.000000 35.683662 
10.078668 2.335659 -70.573601 -3.414634 0.304878 0.365854 1185.000000 1176.000000 1185.000000 1176.000000 0.000413 0.000047 0.000000 35.716789 
9.883876 2.051261 -70.748772 -2.743902 -0.060976 1.951220 1184.000000 1177.000000 1184.000000 1177.000000 0.000413 0.000046 0.000000 35.773655 
9.550909 1.791520 -70.943169 -3.719512 0.060976 1.890244 1183.000000 1178.000000 1187.000000 1174.000000 0.000413 0.000047 0.000000 35.833481 
9.230609 1.336407 -71.253395 -2.682927 -0.609756 1.524390 1184.000000 1177.000000 1185.000000 1176.000000 0.000413 0.000047 0.000000 35.943905 
9.173193 1.407888 -71.409828 -1.951220 -2.317073 1.463415 1187.000000 1174.000000 1187.000000 1174.000000 0.000413 0.000046 0.000000 36.021282 
9.310313 1.491298 -71.607445 -1.524390 -1.524390 1.341463 1185.000000 1176.000000 1185.000000 1176.000000 0.000413 0.000047 0.000000 36.131672 
9.240000 1.390049 -71.775040 -3.048780 0.243902 1.585366 1182.000000 1179.000000 1185.000000 1176.000000 0.000413 0.000046 0.000000 36.205383 
9.021297 1.164178 -71.992378 -2.134146 -1.768293 1.402439 1185.000000 1176.000000 1186.000000 1175.000000 0.000413 0.000046 0.000000 36.289288 
9.413237 1.612924 -72.153374 2.012195 -5.487805 1.524390 1190.000000 1171.000000 1185.000000 1176.000000 0.000427 0.000047 0.000000 36.414433 
10.133581 2.300194 -72.275002 0.487805 -4.451220 1.768293 1186.000000 1175.000000 1186.000000 1175.000000 0.000440 0.000046 0.000000 36.559292 
10.226186 2.382820 -72.465088 -5.000000 2.012195 1.341463 1177.000000 1182.000000 1184.000000 1175.000000 0.000458 0.000046 0.000000 36.664482 
8.461931 0.641458 -72.799614 -6.341464 2.560976 1.524390 1182.000000 1179.000000 1187.000000 1174.000000 0.000473 0.000047 0.000000 36.635815 
8.060792 0.094262 -73.011703 -1.829268 -0.182927 1.219512 1185.000000 1176.000000 1184.000000 1177.000000 0.000483 0.000046 0.000000 36.700195 
7.997585 -0.147969 -73.230286 -2.195122 -1.951220 1.951220 1184.000000 1175.000000 1186.000000 1173.000000 0.000484 0.000046 0.000000 36.797375 
7.954362 0.072968 -73.409019 -0.548781 -3.353659 0.975610 1187.000000 1174.000000 1186.000000 1175.000000 0.000489 0.000047 0.000000 36.891731 
8.371420 0.505989 -73.621132 -1.036585 -2.987805 0.792683 1185.000000 1176.000000 1187.000000 1174.000000 0.000495 0.000046 0.000000 37.033401 
8.519888 0.729152 -73.799339 -1.646341 -0.670732 2.378049 1182.000000 1177.000000 1184.000000 1175.000000 0.000497 0.000046 0.000000 37.138454 
8.106569 0.427798 -74.000343 -3.536585 0.731707 0.853659 1183.000000 1178.000000 1185.000000 1176.000000 0.000500 0.000047 0.000000 37.205509 
7.933441 0.181697 -74.184517 -2.134146 -2.134146 1.158537 1186.000000 1175.000000 1187.000000 1174.000000 0.000500 0.000046 0.000000 37.279766 
8.277025 0.444054 -74.387527 0.792683 -3.597561 2.256098 1187.000000 1172.000000 1185.000000 1174.000000 0.000500 0.000046 0.000000 37.406700 
8.877751 0.941433 -74.560394 0.914634 -4.024390 0.792683 1187.000000 1174.000000 1185.000000 1176.000000 0.000499 0.000047 0.000000 37.544121 
9.200559 1.414168 -74.705017 -0.609756 -3.292683 0.853659 1187.000000 1174.000000 1187.000000 1174.000000 0.000500 0.000046 0.000000 37.655701 
9.095732 1.250920 -74.920792 -3.170732 0.182927 1.646341 1181.000000 1178.000000 1184.000000 1175.000000 0.000500 0.000046 0.000000 37.748920 
8.881557 0.958345 -75.222458 -0.304878 -3.353659 1.890244 1190.000000 1171.000000 1186.000000 1175.000000 0.000500 0.000047 0.000000 37.873413 
9.214250 1.272680 -75.398720 0.000000 -3.414634 1.341463 1190.000000 1171.000000 1183.000000 1178.000000 0.000500 0.000047 0.000000 37.993587 
9.790404 1.754082 -75.559525 0.365854 -4.695122 1.219512 1192.000000 1169.000000 1184.000000 1177.000000 0.000500 0.000046 0.000000 38.131458 
10.097638 2.145340 -75.732185 0.060976 -4.268293 1.036585 1194.000000 1167.000000 1183.000000 1178.000000 0.000500 0.000047 0.000000 38.257545 
10.552153 2.222882 -75.919716 -0.853659 -2.865854 0.731707 1196.000000 1165.000000 1182.000000 1179.000000 0.000500 0.000047 0.000000 38.384953 
10.406137 2.196098 -76.069260 -5.243903 0.914634 1.158537 1194.000000 1167.000000 1187.000000 1174.000000 0.000500 0.000046 0.000000 38.447491 
9.065584 0.885952 -76.297577 -13.109756 10.487805 1.341463 1181.000000 1180.000000 1185.000000 1176.000000 0.000500 0.000047 0.000000 38.413342 
6.442115 -1.513944 -76.479469 -16.463415 14.085366 1.036585 1179.000000 1182.000000 1185.000000 1176.000000 0.000500 0.000046 0.000000 38.318333 
2.753540 -4.956254 -76.614853 -8.719512 5.304878 0.792683 1189.000000 1172.000000 1187.000000 1174.000000 0.000499 0.000047 0.000000 38.336643 
1.496157 -6.031700 -76.774025 -7.500000 4.695122 1.524390 1185.000000 1176.000000 1185.000000 1176.000000 0.000500 0.000046 0.000000 38.453926 
0.472468 -6.832300 -76.943161 -6.280488 3.963415 2.134146 1185.000000 1176.000000 1185.000000 1176.000000 0.000500 0.000047 0.000000 38.586090 
-0.834781 -7.984755 -77.067680 -9.390244 5.182927 1.341463 1181.000000 1180.000000 1187.000000 1174.000000 0.000500 0.000046 0.000000 38.738922 
-1.860811 -8.913273 -77.220093 -5.000000 3.231707 1.036585 1184.000000 1175.000000 1183.000000 1176.000000 0.000500 0.000047 0.000000 38.907734 
-2.355731 -9.250100 -77.456932 -4.634146 0.853659 2.317073 1184.000000 1177.000000 1187.000000 1174.000000 0.000500 0.000046 0.000000 39.069859 
-3.059107 -9.832572 -77.653046 -4.268293 1.585366 1.158537 1183.000000 1176.000000 1184.000000 1175.000000 0.000500 0.000046 0.000000 39.242908 
-3.666761 -10.467929 -77.859375 -5.731708 2.378049 1.280488 1180.000000 1181.000000 1185.000000 1176.000000 0.000500 0.000047 0.000000 39.426163 
-3.790929 -10.886779 -78.252518 0.304878 -3.231707 1.829268 1179.000000 1182.000000 1186.000000 1175.000000 0.000500 0.000046 0.000000 39.659004 
-2.941808 -9.883116 -78.739334 4.939024 -9.146341 0.792683 1184.000000 1177.000000 1186.000000 1175.000000 0.000500 0.000047 0.000000 39.777061 
-1.670508 -8.643750 -79.274300 5.243903 -9.024390 2.256098 1182.000000 1179.000000 1186.000000 1175.000000 0.000500 0.000046 0.000000 39.903351 
-0.122970 -7.193430 -79.784973 6.280488 -10.365854 1.158537 1185.000000 1176.000000 1185.000000 1176.000000 0.000500 0.000047 0.000000 40.031181 
1.125987 -5.903246 -80.205559 2.682927 -7.500000 1.097561 1181.000000 1180.000000 1187.000000 1174.000000 0.000500 0.000046 0.000000 40.167282 
1.778688 -5.380562 -80.520767 1.524390 -4.024390 1.585366 1181.000000 1180.000000 1185.000000 1176.000000 0.000500 0.000047 0.000000 40.301334 
2.389111 -4.731912 -80.850662 3.719512 -7.621952 1.158537 1187.000000 1174.000000 1185.000000 1176.000000 0.000500 0.000046 0.000000 40.447960 
3.725551 -3.526863 -81.190079 4.268293 -9.939025 1.585366 1187.000000 1172.000000 1187.000000 1172.000000 0.000500 0.000046 0.000000 40.604706 
5.764725 -1.666112 -81.631439 3.780488 -8.719512 2.012195 1189.000000 1172.000000 1187.000000 1174.000000 0.000500 0.000047 0.000000 40.864731 
6.933043 -0.698142 -81.851425 2.987805 -5.670732 1.341463 1187.000000 1174.000000 1185.000000 1176.000000 0.000500 0.000046 0.000000 41.026638 
7.633906 -0.042911 -82.041870 -0.365854 -4.207317 1.280488 1185.000000 1176.000000 1187.000000 1174.000000 0.000500 0.000047 0.000000 41.165401 
7.599870 -0.012341 -82.231995 -3.780488 0.060976 1.097561 1181.000000 1180.000000 1186.000000 1175.000000 0.000500 0.000046 0.000000 41.259689 
7.266538 -0.406307 -82.434517 -2.195122 0.609756 1.341463 1183.000000 1178.000000 1183.000000 1178.000000 0.000500 0.000047 0.000000 41.336117 
7.198522 -0.504177 -82.619720 -3.658537 -0.975610 1.951220 1173.000000 1188.000000 1186.000000 1175.000000 0.000500 0.000046 0.000000 41.423138 
7.430175 -0.279244 -82.827599 1.402439 -5.243903 1.097561 1178.000000 1181.000000 1185.000000 1174.000000 0.000500 0.000046 0.000000 41.541286 
8.642058 1.057161 -83.001984 8.902439 -12.621951 1.707317 1189.000000 1172.000000 1185.000000 1176.000000 0.000500 0.000047 0.000000 41.727127 
13.181184 5.504457 -82.949089 16.341463 -20.548780 0.914634 1199.000000 1162.000000 1185.000000 1176.000000 0.000500 0.000046 0.000000 42.286442 
16.638762 8.715338 -82.635536 13.841464 -19.207317 1.097561 1197.000000 1164.000000 1186.000000 1175.000000 0.000500 0.000047 0.000000 42.798382 
19.296473 11.353657 -82.222267 9.146341 -13.170732 0.914634 1196.000000 1165.000000 1184.000000 1177.000000 0.000500 0.000046 0.000000 43.261372 
20.596775 12.743340 -81.949730 0.853659 -4.451220 0.731707 1194.000000 1165.000000 1184.000000 1175.000000 0.000500 0.000047 0.000000 43.511501 
20.330198 12.360174 -82.078209 -7.378049 3.658537 0.609756 1188.000000 1173.000000 1187.000000 1174.000000 0.000500 0.000047 0.000000 43.478458 
19.411114 11.211855 -82.411636 -6.341464 3.292683 0.914634 1192.000000 1169.000000 1186.000000 1175.000000 0.000500 0.000046 0.000000 43.349144 
18.689354 10.434661 -82.644073 -4.512195 2.195122 0.914634 1193.000000 1168.000000 1185.000000 1176.000000 0.000500 0.000047 0.000000 43.262260 
18.246876 9.766911 -82.864838 -3.963415 0.792683 0.975610 1193.000000 1168.000000 1186.000000 1175.000000 0.000500 0.000046 0.000000 43.228134 
18.092049 9.663128 -83.005081 -1.890244 -1.646341 0.792683 1194.000000 1165.000000 1185.000000 1174.000000 0.000500 0.000047 0.000000 43.263630 
18.153833 9.705578 -83.063225 -2.743902 -1.402439 0.426829 1193.000000 1168.000000 1187.000000 1174.000000 0.000500 0.000047 0.000000 43.304646 
17.835299 9.167335 -83.250244 -6.036585 2.926829 1.219512 1188.000000 1173.000000 1186.000000 1175.000000 0.000500 0.000046 0.000000 43.290997 
17.301380 8.340843 -83.500603 -3.780488 0.731707 1.402439 1193.000000 1168.000000 1186.000000 1175.000000 0.000500 0.000047 0.000000 43.253433 
17.238226 8.341519 -83.573463 -0.548781 -2.621951 1.280488 1196.000000 1165.000000 1187.000000 1174.000000 0.000500 0.000046 0.000000 43.281494 
17.306252 8.710018 -83.570229 -1.707317 -1.097561 2.012195 1191.000000 1168.000000 1185.000000 1174.000000 0.000500 0.000046 0.000000 43.329418 
17.253494 8.727681 -83.639702 -2.012195 -0.609756 1.707317 1193.000000 1168.000000 1186.000000 1175.000000 0.000500 0.000047 0.000000 43.358894 
17.247087 8.898129 -83.668282 -0.792683 -2.682927 1.829268 1196.000000 1165.000000 1187.000000 1174.000000 0.000500 0.000046 0.000000 43.391396 
17.097332 8.911133 -83.802757 -4.146341 0.670732 2.134146 1189.000000 1172.000000 1187.000000 1174.000000 0.000500 0.000047 0.000000 43.440434 
16.669916 8.618299 -83.903557 -4.573171 1.646341 1.707317 1191.000000 1170.000000 1187.000000 1174.000000 0.000500 0.000047 0.000000 43.406990 
16.247507 7.977690 -84.105263 -5.975610 2.743902 1.890244 1200.000000 1161.000000 1186.000000 1175.000000 0.000500 0.000046 0.000000 43.388393 
15.054833 6.785261 -84.375908 -12.256098 9.146341 1.707317 1189.000000 1172.000000 1186.000000 1175.000000 0.000500 0.000047 0.000000 43.275414 
12.637608 4.270559 -84.759552 -18.597561 15.670732 1.341463 1181.000000 1180.000000 1187.000000 1174.000000 0.000500 0.000046 0.000000 43.035439 
9.416862 1.104166 -85.058174 -19.817074 17.439024 0.670732 1178.000000 1181.000000 1185.000000 1174.000000 0.000500 0.000046 0.000000 42.787453 
5.964174 -2.022569 -85.210800 -17.743902 15.975610 1.402439 1180.000000 1181.000000 1186.000000 1175.000000 0.000500 0.000047 0.000000 42.646824 
3.321518 -4.420035 -85.287643 -14.451220 11.829268 1.829268 1182.000000 1179.000000 1186.000000 1175.000000 0.000500 0.000046 0.000000 42.652180 
0.823456 -6.407853 -85.502014 -5.182927 2.621951 1.768293 1188.000000 1171.000000 1184.000000 1175.000000 0.000500 0.000047 0.000000 42.826420 
-0.061379 -7.327024 -85.670174 -7.682927 5.365854 1.585366 1169.000000 1192.000000 1184.000000 1177.000000 0.000500 0.000047 0.000000 42.963188 
-0.879090 -7.822519 -85.875839 -1.463415 -2.256098 1.158537 1181.000000 1180.000000 1186.000000 1175.000000 0.000500 0.000045 0.000000 43.112835 
-0.003195 -7.228562 -86.270813 5.487805 -9.146341 1.524390 1186.000000 1173.000000 1185.000000 1174.000000 0.000500 0.000047 0.000000 43.256992 
1.347145 -5.839961 -86.707474 5.060976 -9.024390 1.097561 1185.000000 1176.000000 1186.000000 1175.000000 0.000500 0.000047 0.000000 43.402386 
2.227949 -5.084766 -87.068649 0.487805 -3.780488 1.463415 1178.000000 1183.000000 1186.000000 1175.000000 0.000500 0.000046 0.000000 43.555656 
2.584811 -4.804032 -87.325729 0.000000 -3.048780 1.219512 1181.000000 1180.000000 1186.000000 1175.000000 0.000500 0.000047 0.000000 43.676708 
2.857367 -4.599185 -87.620422 0.000000 -3.902439 1.402439 1183.000000 1178.000000 1186.000000 1175.000000 0.000500 0.000047 0.000000 43.819542 
3.835441 -4.004666 -88.070847 0.670732 -4.573171 1.524390 1184.000000 1177.000000 1187.000000 1174.000000 0.000500 0.000046 0.000000 44.037785 
3.935080 -3.930570 -88.291748 -2.987805 -0.792683 0.853659 1178.000000 1183.000000 1187.000000 1174.000000 0.000500 0.000047 0.000000 44.147915 
3.555715 -4.100317 -88.510956 -2.743902 0.609756 1.768293 1178.000000 1183.000000 1185.000000 1176.000000 0.000500 0.000047 0.000000 44.257812 
3.368068 -4.294065 -88.762840 -2.073171 -2.073171 1.768293 1182.000000 1179.000000 1187.000000 1174.000000 0.000500 0.000046 0.000000 44.384708 
3.505858 -4.056558 -89.001076 -0.853659 -2.073171 0.426829 1181.000000 1180.000000 1186.000000 1175.000000 0.000500 0.000047 0.000000 44.502300 
3.499090 -4.006069 -89.229271 -2.317073 -1.036585 2.134146 1179.000000 1182.000000 1186.000000 1175.000000 0.000500 0.000047 0.000000 44.616032 
3.302955 -3.976638 -89.457733 -2.804878 -0.060976 1.280488 1179.000000 1182.000000 1185.000000 1176.000000 0.000500 0.000046 0.000000 44.730412 
3.160297 -4.177266 -89.699867 -1.524390 -1.646341 1.219512 1170.000000 1191.000000 1184.000000 1177.000000 0.000500 0.000047 0.000000 44.852501 
4.605875 -2.817683 -90.177452 7.621952 -11.951220 1.158537 1184.000000 1177.000000 1185.000000 1176.000000 0.000500 0.000047 0.000000 45.095501 
6.603237 -1.152334 -90.458847 7.500000 -11.280488 1.829268 1181.000000 1180.000000 1185.000000 1176.000000 0.000500 0.000046 0.000000 45.293411 
8.493309 0.691316 -90.638863 8.170732 -12.378049 0.914634 1183.000000 1176.000000 1184.000000 1175.000000 0.000500 0.000047 0.000000 45.501331 
10.666633 2.718428 -90.742226 10.365854 -14.512196 1.463415 1189.000000 1172.000000 1186.000000 1175.000000 0.000500 0.000047 0.000000 45.756859 
13.123601 5.127885 -90.698219 10.487805 -15.060976 1.951220 1191.000000 1170.000000 1186.000000 1175.000000 0.000500 0.000046 0.000000 46.064690 
15.414763 7.270100 -90.573586 8.292683 -11.829268 1.707317 1187.000000 1172.000000 1185.000000 1174.000000 0.000500 0.000046 0.000000 46.389095 
16.992046 8.728168 -90.442070 4.024390 -7.926829 0.914634 1197.000000 1164.000000 1187.000000 1174.000000 0.000500 0.000047 0.000000 46.634956 
17.918558 9.744231 -90.323479 0.000000 -3.902439 0.792683 1193.000000 1168.000000 1186.000000 1175.000000 0.000500 0.000046 0.000000 46.795109 
17.257776 8.876002 -90.604256 -7.926829 4.451220 1.341463 1184.000000 1175.000000 1185.000000 1174.000000 0.000500 0.000046 0.000000 46.758945 
16.380152 8.006404 -90.830910 -5.914634 2.682927 1.158537 1190.000000 1171.000000 1186.000000 1175.000000 0.000500 0.000047 0.000000 46.683868 
15.855308 7.451542 -91.010742 -3.536585 0.609756 2.073171 1190.000000 1169.000000 1185.000000 1174.000000 0.000500 0.000046 0.000000 46.663303 
15.584837 7.291945 -91.149368 -2.865854 -0.121951 2.439024 1191.000000 1170.000000 1186.000000 1175.000000 0.000500 0.000047 0.000000 46.689320 
15.370504 7.002435 -91.288788 -3.963415 0.853659 0.792683 1189.000000 1172.000000 1186.000000 1175.000000 0.000500 0.000046 0.000000 46.709534 
14.956583 6.684798 -91.428490 -5.182927 1.524390 1.524390 1187.000000 1174.000000 1187.000000 1174.000000 0.000500 0.000047 0.000000 46.710220 
14.331827 6.218719 -91.610939 -5.000000 1.707317 0.975610 1187.000000 1174.000000 1186.000000 1175.000000 0.000500 0.000046 0.000000 46.702847 
13.627377 5.573334 -91.792213 -5.609756 2.865854 0.731707 1185.000000 1176.000000 1186.000000 1175.000000 0.000500 0.000047 0.000000 46.678841 
12.691584 4.203674 -92.127258 -5.670732 3.414634 2.012195 1185.000000 1176.000000 1186.000000 1175.000000 0.000500 0.000046 0.000000 46.668003 
12.045303 3.613355 -92.325012 -4.268293 1.402439 1.341463 1186.000000 1175.000000 1186.000000 1175.000000 0.000500 0.000047 0.000000 46.680653 
11.751995 3.344287 -92.489708 -1.768293 -1.707317 0.609756 1190.000000 1171.000000 1187.000000 1174.000000 0.000500 0.000046 0.000000 46.725567 
11.748578 3.524562 -92.633034 -0.121951 -3.292683 1.585366 1190.000000 1169.000000 1185.000000 1174.000000 0.000500 0.000047 0.000000 46.807941 
12.043861 3.806622 -92.780357 -0.426829 -2.926829 2.012195 1189.000000 1172.000000 1186.000000 1175.000000 0.000500 0.000047 0.000000 46.918636 
12.136199 4.043474 -92.894585 -1.280488 -1.646341 2.012195 1188.000000 1173.000000 1186.000000 1175.000000 0.000500 0.000046 0.000000 46.997387 
12.316545 4.266149 -93.022064 -0.731707 -2.378049 1.890244 1189.000000 1172.000000 1186.000000 1175.000000 0.000500 0.000047 0.000000 47.088139 
12.516289 4.457295 -93.139404 -1.219512 -2.134146 0.609756 1189.000000 1172.000000 1186.000000 1175.000000 0.000500 0.000046 0.000000 47.173580 
12.369656 4.411397 -93.375389 -3.170732 -0.487805 1.463415 1187.000000 1174.000000 1186.000000 1175.000000 0.000500 0.000047 0.000000 47.276611 
12.232835 4.133062 -93.561554 -3.048780 -0.487805 1.036585 1188.000000 1173.000000 1186.000000 1175.000000 0.000500 0.000046 0.000000 47.339668 
11.933976 3.805923 -93.720688 -4.451220 1.280488 1.768293 1185.000000 1176.000000 1186.000000 1175.000000 0.000500 0.000047 0.000000 47.376308 
11.481760 3.333662 -93.927856 -3.902439 1.097561 2.256098 1186.000000 1175.000000 1186.000000 1175.000000 0.000500 0.000047 0.000000 47.419788 
11.257898 3.226533 -94.078606 -1.829268 -0.731707 0.365854 1187.000000 1174.000000 1185.000000 1176.000000 0.000500 0.000046 0.000000 47.474316 
11.224082 3.234065 -94.221474 -1.768293 -2.134146 1.097561 1188.000000 1173.000000 1187.000000 1174.000000 0.000500 0.000047 0.000000 47.543533 
11.274919 3.254747 -94.396240 -1.829268 -1.280488 1.829268 1187.000000 1174.000000 1186.000000 1175.000000 0.000500 0.000046 0.000000 47.634354 
11.296567 3.154644 -94.552238 -1.219512 -1.341463 1.646341 1188.000000 1173.000000 1185.000000 1176.000000 0.000500 0.000047 0.000000 47.706715 
11.558264 3.480140 -94.772240 0.182927 -2.804878 1.341463 1189.000000 1172.000000 1185.000000 1176.000000 0.000500 0.000046 0.000000 47.851665 
11.590582 3.534726 -94.918610 -2.621951 -1.097561 0.487805 1185.000000 1174.000000 1186.000000 1173.000000 0.000500 0.000047 0.000000 47.929577 
11.440735 3.387597 -95.073753 -2.926829 -0.609756 1.646341 1187.000000 1174.000000 1186.000000 1175.000000 0.000500 0.000047 0.000000 47.987968 
11.502672 3.416033 -95.238274 0.000000 -2.865854 2.195122 1190.000000 1169.000000 1185.000000 1174.000000 0.000500 0.000046 0.000000 48.074921 
11.732085 3.699077 -95.362259 -1.219512 -2.926829 1.341463 1190.000000 1171.000000 1188.000000 1173.000000 0.000500 0.000047 0.000000 48.168468 
11.795181 3.821872 -95.496620 -3.109756 -1.158537 1.341463 1197.000000 1164.000000 1189.000000 1172.000000 0.000500 0.000046 0.000000 48.246925 
11.210282 3.188331 -95.694794 -9.085366 6.341464 0.853659 1189.000000 1172.000000 1185.000000 1176.000000 0.000500 0.000047 0.000000 48.269646 
8.729497 1.107232 -95.928284 -18.597561 15.609756 1.036585 1176.000000 1185.000000 1186.000000 1175.000000 0.000500 0.000046 0.000000 48.158195 
2.674539 -4.424059 -96.073059 -19.024391 16.829269 2.317073 1176.000000 1183.000000 1184.000000 1175.000000 0.000500 0.000046 0.000000 48.037334 
-0.019360 -6.942081 -96.114868 -11.219512 8.170732 1.097561 1185.000000 1176.000000 1186.000000 1175.000000 0.000500 0.000047 0.000000 48.152397 
-1.348510 -8.038768 -96.239853 -6.341464 4.207317 1.646341 1185.000000 1176.000000 1184.000000 1177.000000 0.000500 0.000046 0.000000 48.296844 
-2.579751 -9.177280 -96.372574 -9.024390 5.243903 1.402439 1179.000000 1182.000000 1186.000000 1175.000000 0.000500 0.000047 0.000000 48.466084 
-4.260639 -10.692356 -96.441933 -9.634147 7.317073 1.524390 1176.000000 1185.000000 1184.000000 1177.000000 0.000501 0.000046 0.000000 48.675705 
-5.686595 -11.824708 -96.515892 -7.195122 3.902439 1.280488 1180.000000 1181.000000 1186.000000 1175.000000 0.000500 0.000046 0.000000 48.882236 
-6.625204 -12.875724 -96.664452 -4.878049 1.951220 1.402439 1181.000000 1180.000000 1185.000000 1176.000000 0.000500 0.000047 0.000000 49.105038 
-7.258068 -13.577436 -96.862984 -4.756098 1.768293 1.524390 1179.000000 1182.000000 1185.000000 1176.000000 0.000500 0.000046 0.000000 49.311665 
-8.058180 -14.465402 -97.022682 -5.365854 2.195122 1.280488 1169.000000 1192.000000 1183.000000 1178.000000 0.000500 0.000047 0.000000 49.537533 
-8.718882 -15.039626 -97.223282 -3.597561 0.487805 1.951220 1169.000000 1192.000000 1185.000000 1176.000000 0.000500 0.000047 0.000000 49.750782 
-8.332289 -14.529713 -97.743965 5.792683 -9.695122 2.012195 1182.000000 1179.000000 1186.000000 1175.000000 0.000500 0.000046 0.000000 49.922787 
-6.534881 -12.635819 -98.542831 8.170732 -12.256098 0.609756 1181.000000 1180.000000 1186.000000 1175.000000 0.000500 0.000047 0.000000 50.006069 
-3.864573 -10.114347 -99.586777 6.036585 -10.365854 1.585366 1182.000000 1179.000000 1186.000000 1175.000000 0.000500 0.000046 0.000000 50.178551 
-2.163118 -8.551495 -100.181755 7.134147 -11.280488 1.402439 1183.000000 1176.000000 1185.000000 1174.000000 0.000500 0.000047 0.000000 50.313042 
-0.490291 -7.041294 -100.669884 5.060976 -9.390244 1.768293 1183.000000 1178.000000 1187.000000 1174.000000 0.000500 0.000047 0.000000 50.440010 
0.974350 -5.663001 -101.085014 5.914634 -9.573171 0.426829 1186.000000 1175.000000 1185.000000 1176.000000 0.000500 0.000046 0.000000 50.577709 
2.437014 -4.374912 -101.452728 4.573171 -8.841464 0.975610 1185.000000 1176.000000 1186.000000 1175.000000 0.000500 0.000047 0.000000 50.724583 
3.393511 -3.556844 -101.736526 0.853659 -4.024390 2.073171 1181.000000 1180.000000 1185.000000 1176.000000 0.000500 0.000047 0.000000 50.858498 
3.592224 -3.403487 -101.992493 -2.804878 -1.097561 1.585366 1178.000000 1183.000000 1186.000000 1175.000000 0.000500 0.000046 0.000000 50.986172 
3.632815 -3.461876 -102.221611 -1.158537 -1.524390 0.731707 1181.000000 1180.000000 1185.000000 1176.000000 0.000500 0.000047 0.000000 51.100246 
3.575362 -3.047526 -102.556648 -1.036585 -1.402439 1.402439 1172.000000 1189.000000 1183.000000 1178.000000 0.000500 0.000046 0.000000 51.269386 
4.468054 -2.391155 -102.845062 4.817073 -9.268292 1.951220 1180.000000 1179.000000 1185.000000 1174.000000 0.000500 0.000046 0.000000 51.420609 
6.433425 -0.605328 -103.104141 10.243902 -14.512196 0.548781 1187.000000 1174.000000 1187.000000 1174.000000 0.000500 0.000047 0.000000 51.607376 
9.362913 2.166921 -103.216103 15.609756 -20.243902 1.463415 1194.000000 1167.000000 1187.000000 1174.000000 0.000500 0.000046 0.000000 51.855595 
12.624958 5.173213 -103.161331 13.719513 -17.865854 1.524390 1190.000000 1169.000000 1184.000000 1175.000000 0.000500 0.000046 0.000000 52.184002 
15.161584 7.468933 -103.025238 7.682927 -13.048780 1.219512 1186.000000 1175.000000 1188.000000 1173.000000 0.000500 0.000047 0.000000 52.492363 
16.637926 8.919113 -102.912376 4.268293 -8.170732 1.280488 1186.000000 1175.000000 1186.000000 1175.000000 0.000500 0.000046 0.000000 52.707027 
18.064611 10.138042 -102.772972 6.219512 -9.695122 1.585366 1190.000000 1169.000000 1185.000000 1174.000000 0.000500 0.000047 0.000000 52.909447 
20.989811 12.808544 -102.297653 6.097561 -9.024390 1.280488 1192.000000 1169.000000 1184.000000 1177.000000 0.000500 0.000047 0.000000 53.335106 
21.978512 13.999520 -102.019821 0.000000 -4.024390 1.219512 1197.000000 1164.000000 1186.000000 1175.000000 0.000500 0.000046 0.000000 53.488159 
21.595148 13.545772 -102.177605 -8.719512 5.121951 0.548781 1185.000000 1174.000000 1185.000000 1174.000000 0.000500 0.000047 0.000000 53.451920 
19.971878 11.903450 -102.598579 -10.914635 8.292683 0.731707 1186.000000 1175.000000 1185.000000 1176.000000 0.000500 0.000047 0.000000 53.242592 
18.474255 10.243914 -103.008797 -8.841464 6.219512 1.768293 1189.000000 1172.000000 1186.000000 1175.000000 0.000500 0.000046 0.000000 53.078979 
17.440248 9.170217 -103.278992 -6.707317 3.231707 1.951220 1190.000000 1169.000000 1186.000000 1173.000000 0.000500 0.000047 0.000000 52.989075 
16.687422 8.439449 -103.491692 -4.634146 1.097561 1.341463 1192.000000 1169.000000 1186.000000 1175.000000 0.000500 0.000047 0.000000 52.947102 
16.294472 8.180844 -103.607697 -4.451220 0.853659 1.036585 1190.000000 1171.000000 1186.000000 1175.000000 0.000499 0.000046 0.000000 52.942875 
15.469999 7.513702 -103.856445 -3.719512 0.609756 0.853659 1190.000000 1169.000000 1184.000000 1175.000000 0.000500 0.000046 0.000000 52.930611 
15.134658 7.170596 -104.025360 -3.414634 -0.060976 1.219512 1190.000000 1171.000000 1186.000000 1175.000000 0.000500 0.000047 0.000000 52.955009 
15.038048 6.974735 -104.160286 -2.256098 -0.853659 1.768293 1192.000000 1169.000000 1186.000000 1175.000000 0.000499 0.000046 0.000000 52.996273 
14.906770 6.930505 -104.275055 -2.134146 -1.158537 1.951220 1190.000000 1169.000000 1185.000000 1174.000000 0.000500 0.000046 0.000000 53.038410 
14.910117 6.894710 -104.387924 -2.317073 -1.280488 2.195122 1191.000000 1170.000000 1187.000000 1174.000000 0.000500 0.000047 0.000000 53.091091 
14.812906 6.721964 -104.532654 -3.292683 0.060976 1.646341 1189.000000 1172.000000 1186.000000 1175.000000 0.000500 0.000046 0.000000 53.139759 
14.646155 6.507150 -104.680313 -3.719512 -0.243902 1.524390 1189.000000 1172.000000 1187.000000 1174.000000 0.000500 0.000046 0.000000 53.181293 
14.450529 6.351799 -104.815254 -3.109756 -0.853659 0.792683 1190.000000 1171.000000 1187.000000 1174.000000 0.000500 0.000047 0.000000 53.219944 
13.439198 5.446161 -105.101692 -7.378049 5.060976 0.975610 1182.000000 1179.000000 1185.000000 1176.000000 0.000500 0.000046 0.000000 53.217068 
12.462904 4.527845 -105.333702 -4.268293 0.731707 2.195122 1190.000000 1171.000000 1187.000000 1174.000000 0.000500 0.000047 0.000000 53.202732 
12.486852 4.559590 -105.471802 0.182927 -4.085366 1.524390 1194.000000 1167.000000 1187.000000 1174.000000 0.000500 0.000046 0.000000 53.274696 
12.911065 5.109522 -105.557953 0.670732 -4.573171 0.914634 1192.000000 1169.000000 1187.000000 1174.000000 0.000500 0.000047 0.000000 53.382660 
13.435589 5.362895 -105.675774 -1.646341 -1.951220 1.219512 1188.000000 1173.000000 1186.000000 1175.000000 0.000500 0.000046 0.000000 53.494011 
13.471422 5.387051 -105.809860 -2.987805 -0.670732 0.731707 1187.000000 1172.000000 1186.000000 1173.000000 0.000500 0.000047 0.000000 53.564453 
13.139309 5.151222 -105.966026 -3.841464 0.548781 0.853659 1196.000000 1165.000000 1187.000000 1174.000000 0.000500 0.000047 0.000000 53.602123 
12.693059 4.731467 -106.151451 -4.512195 1.890244 1.585366 1198.000000 1163.000000 1185.000000 1176.000000 0.000499 0.000046 0.000000 53.635460 
11.039652 2.802238 -106.554718 -12.500000 9.634147 0.487805 1185.000000 1176.000000 1185.000000 1176.000000 0.000500 0.000047 0.000000 53.622265 
8.683565 0.493389 -106.800232 -15.365854 12.865854 1.402439 1185.000000 1182.000000 1189.000000 1178.000000 0.000500 0.000046 0.000000 53.541168 
5.761482 -2.178934 -106.964333 -17.560976 15.182927 2.256098 1178.000000 1183.000000 1186.000000 1175.000000 0.000500 0.000047 0.000000 53.488686 
2.695155 -4.915088 -107.011581 -16.951220 15.426829 1.585366 1170.000000 1189.000000 1180.000000 1179.000000 0.000501 0.000046 0.000000 53.498711 
0.013432 -7.551599 -107.026062 -12.560976 9.695122 1.219512 1170.000000 1191.000000 1186.000000 1175.000000 0.000500 0.000047 0.000000 53.604519 
-1.032254 -8.377548 -107.186203 -0.243902 -3.536585 1.036585 1184.000000 1175.000000 1185.000000 1174.000000 0.000500 0.000046 0.000000 53.745224 
-0.044217 -7.192838 -107.644485 7.256098 -10.853659 1.646341 1188.000000 1171.000000 1185.000000 1174.000000 0.000500 0.000047 0.000000 53.906109 
1.640328 -5.622252 -108.100082 3.353659 -7.012195 2.256098 1179.000000 1182.000000 1185.000000 1176.000000 0.000500 0.000047 0.000000 54.064064 
1.494293 -5.935642 -108.509438 -3.170732 0.426829 0.670732 1168.000000 1191.000000 1181.000000 1178.000000 0.000500 0.000046 0.000000 54.274849 
2.217217 -5.089962 -108.829361 6.951220 -12.500000 1.158537 1184.000000 1177.000000 1188.000000 1173.000000 0.000500 0.000047 0.000000 54.413555 
4.401145 -3.008066 -109.257507 11.036586 -14.756098 2.073171 1188.000000 1171.000000 1182.000000 1177.000000 0.000500 0.000046 0.000000 54.615009 
6.759217 -1.011678 -109.566162 7.500000 -11.158537 1.951220 1189.000000 1172.000000 1186.000000 1175.000000 0.000500 0.000047 0.000000 54.825157 
8.157596 0.330977 -109.741425 2.439024 -6.890244 0.548781 1186.000000 1173.000000 1186.000000 1173.000000 0.000500 0.000046 0.000000 54.984673 
8.493106 0.805635 -109.903351 -1.158537 -1.829268 0.670732 1182.000000 1177.000000 1184.000000 1175.000000 0.000500 0.000047 0.000000 55.092712 
8.185914 0.601407 -110.108192 -5.000000 1.829268 1.951220 1179.000000 1182.000000 1185.000000 1176.000000 0.000500 0.000047 0.000000 55.178127 
7.476140 -0.147543 -110.308502 -6.585366 3.231707 1.707317 1187.000000 1172.000000 1188.000000 1171.000000 0.000500 0.000046 0.000000 55.234303 
6.550054 -0.966588 -110.602127 -7.560976 4.268293 1.097561 1187.000000 1174.000000 1186.000000 1175.000000 0.000500 0.000047 0.000000 55.339649 
4.796287 -2.654228 -110.750397 -13.719513 11.463415 1.341463 1177.000000 1182.000000 1184.000000 1175.000000 0.000500 0.000046 0.000000 55.364922 
2.315802 -4.930425 -110.807831 -14.634147 11.951220 1.585366 1179.000000 1182.000000 1186.000000 1175.000000 0.000500 0.000047 0.000000 55.398754 
0.108324 -6.930456 -110.870285 -10.731708 8.048780 1.402439 1182.000000 1179.000000 1186.000000 1175.000000 0.000500 0.000046 0.000000 55.504028 
-1.551182 -8.486876 -110.954803 -8.963415 5.792683 2.195122 1181.000000 1178.000000 1184.000000 1175.000000 0.000500 0.000046 0.000000 55.646259 
-2.744747 -9.567284 -111.083878 -5.426829 2.865854 0.609756 1185.000000 1176.000000 1185.000000 1176.000000 0.000500 0.000047 0.000000 55.804153 
-3.547432 -10.247176 -111.275612 -4.817073 1.646341 1.768293 1180.000000 1179.000000 1185.000000 1174.000000 0.000500 0.000046 0.000000 55.970745 
-4.213620 -10.843289 -111.459740 -7.378049 4.146341 1.097561 1165.000000 1196.000000 1184.000000 1177.000000 0.000500 0.000047 0.000000 56.128872 
-5.209833 -11.364258 -111.841766 1.341463 -6.280488 1.219512 1179.000000 1182.000000 1184.000000 1177.000000 0.000500 0.000046 0.000000 56.407623 
-3.893067 -10.150342 -112.420822 7.378049 -11.036586 2.134146 1177.000000 1182.000000 1182.000000 1177.000000 0.000500 0.000046 0.000000 56.554241 
-2.124197 -8.412570 -113.040764 8.902439 -12.987805 1.280488 1179.000000 1182.000000 1183.000000 1178.000000 0.000500 0.000046 0.000000 56.706642 
0.140791 -6.269246 -113.598869 10.060976 -15.609756 1.097561 1180.000000 1179.000000 1184.000000 1175.000000 0.000501 0.000046 0.000000 56.851696 
3.172343 -3.507355 -114.165070 12.256098 -17.012196 1.768293 1185.000000 1176.000000 1184.000000 1177.000000 0.000500 0.000046 0.000000 57.065575 
5.980570 -1.012783 -114.472198 11.158537 -15.731708 1.036585 1186.000000 1175.000000 1183.000000 1178.000000 0.000500 0.000046 0.000000 57.261330 
8.522960 1.304436 -114.618965 10.182927 -14.512196 0.975610 1187.000000 1172.000000 1183.000000 1176.000000 0.000500 0.000046 0.000000 57.461849 
11.018898 3.640355 -114.667992 10.609756 -14.878049 2.317073 1190.000000 1171.000000 1184.000000 1177.000000 0.000500 0.000047 0.000000 57.696136 
13.759000 6.053185 -114.580330 11.585366 -15.182927 1.585366 1194.000000 1165.000000 1183.000000 1176.000000 0.000501 0.000046 0.000000 57.965870 
16.360035 8.402503 -114.376457 10.487805 -15.670732 0.304878 1205.000000 1154.000000 1188.000000 1171.000000 0.000500 0.000047 0.000000 58.253242 
18.254375 10.306287 -114.114456 2.682927 -6.585366 0.792683 1202.000000 1159.000000 1189.000000 1172.000000 0.000500 0.000047 0.000000 58.480484 
17.882759 9.969596 -114.244995 -11.341464 8.780488 2.500000 1188.000000 1171.000000 1184.000000 1175.000000 0.000500 0.000046 0.000000 58.474506 
12.862791 4.854120 -115.149132 -18.353659 16.951220 1.158537 1183.000000 1178.000000 1185.000000 1176.000000 0.000499 0.000047 0.000000 58.106289 
10.239022 2.456140 -115.460945 -12.134147 8.658537 0.914634 1192.000000 1169.000000 1187.000000 1174.000000 0.000500 0.000046 0.000000 57.992275 
8.361247 0.673603 -115.700020 -12.560976 9.939025 1.341463 1184.000000 1175.000000 1184.000000 1175.000000 0.000499 0.000046 0.000000 57.970924 
6.068719 -1.579917 -115.897194 -14.146341 12.682927 1.524390 1181.000000 1180.000000 1185.000000 1176.000000 0.000500 0.000047 0.000000 57.960480 
3.514811 -3.901048 -115.991547 -15.060976 11.585366 1.524390 1180.000000 1179.000000 1186.000000 1173.000000 0.000500 0.000046 0.000000 57.973537 
1.432389 -5.764138 -116.083885 -9.695122 7.682927 0.853659 1184.000000 1175.000000 1183.000000 1176.000000 0.000500 0.000047 0.000000 58.053932 
0.231532 -6.873794 -116.230530 -6.219512 3.353659 1.890244 1186.000000 1175.000000 1186.000000 1175.000000 0.000500 0.000047 0.000000 58.172489 
-0.610934 -7.600268 -116.406464 -6.036585 2.804878 1.524390 1174.000000 1185.000000 1185.000000 1174.000000 0.000500 0.000046 0.000000 58.302025 
-1.190776 -8.187795 -116.807625 1.341463 -5.060976 1.402439 1178.000000 1183.000000 1187.000000 1174.000000 0.000499 0.000047 0.000000 58.538040 
-0.234027 -7.318923 -117.238602 5.792683 -9.512196 1.646341 1177.000000 1184.000000 1187.000000 1174.000000 0.000500 0.000047 0.000000 58.698067 
1.885524 -5.345605 -117.749649 11.158537 -15.853659 1.463415 1183.000000 1176.000000 1186.000000 1173.000000 0.000500 0.000046 0.000000 58.873177 
4.406250 -3.041465 -118.206230 11.158537 -15.426829 1.768293 1182.000000 1179.000000 1186.000000 1175.000000 0.000500 0.000047 0.000000 59.082066 
6.930901 -0.806032 -118.497200 10.487805 -15.609756 0.426829 1184.000000 1177.000000 1188.000000 1173.000000 0.000500 0.000047 0.000000 59.287403 
9.072642 1.232424 -118.679962 9.573171 -13.048780 1.890244 1183.000000 1176.000000 1184.000000 1175.000000 0.000500 0.000046 0.000000 59.496944 
11.449828 3.564024 -118.730667 11.951220 -16.524391 1.707317 1193.000000 1168.000000 1186.000000 1175.000000 0.000500 0.000047 0.000000 59.727955 
14.302217 6.361807 -118.599266 13.048780 -17.987804 1.097561 1194.000000 1167.000000 1188.000000 1173.000000 0.000500 0.000047 0.000000 60.009460 
17.895950 9.889264 -118.219582 5.914634 -10.609756 1.036585 1193.000000 1166.000000 1187.000000 1172.000000 0.000500 0.000046 0.000000 60.412334 
19.040834 11.186013 -118.012756 0.792683 -4.695122 1.219512 1203.000000 1158.000000 1190.000000 1171.000000 0.000500 0.000047 0.000000 60.553280 
18.764641 10.796697 -118.139511 -9.878049 7.195122 0.914634 1193.000000 1168.000000 1185.000000 1176.000000 0.000500 0.000047 0.000000 60.546772 
16.397596 8.237976 -118.686150 -18.719513 15.853659 0.914634 1184.000000 1175.000000 1185.000000 1174.000000 0.000500 0.000046 0.000000 60.358627 
13.511988 5.211297 -119.171120 -16.890244 15.000000 1.036585 1188.000000 1173.000000 1185.000000 1176.000000 0.000500 0.000047 0.000000 60.158394 
10.673395 2.649387 -119.491493 -15.426829 13.231708 1.829268 1186.000000 1175.000000 1185.000000 1176.000000 0.000500 0.000047 0.000000 60.022308 
7.978148 0.151839 -119.709244 -16.829269 13.780488 1.646341 1181.000000 1178.000000 1185.000000 1174.000000 0.000501 0.000046 0.000000 59.940502 
5.089698 -2.571109 -119.850754 -17.743902 15.243903 0.975610 1177.000000 1184.000000 1186.000000 1175.000000 0.000500 0.000046 0.000000 59.909367 
0.497431 -6.873395 -119.893181 -13.963415 11.585366 2.073171 1179.000000 1182.000000 1186.000000 1175.000000 0.000500 0.000047 0.000000 59.991592 
-1.605824 -8.885317 -119.915611 -8.597561 6.402439 0.853659 1171.000000 1188.000000 1184.000000 1175.000000 0.000500 0.000046 0.000000 60.122665 
-2.321176 -9.289289 -120.152832 -0.548781 -3.597561 2.256098 1181.000000 1178.000000 1185.000000 1174.000000 0.000500 0.000047 0.000000 60.285217 
-1.833711 -8.535305 -120.568756 3.353659 -6.829268 0.731707 1182.000000 1179.000000 1186.000000 1175.000000 0.000500 0.000047 0.000000 60.447311 
-0.678213 -7.599930 -121.002441 5.243903 -9.512196 1.402439 1184.000000 1175.000000 1186.000000 1173.000000 0.000500 0.000046 0.000000 60.595486 
0.536527 -6.470491 -121.451294 4.207317 -7.804878 1.280488 1181.000000 1178.000000 1183.000000 1176.000000 0.000500 0.000046 0.000000 60.762047 
1.319841 -5.699758 -121.816330 1.646341 -5.000000 2.073171 1180.000000 1181.000000 1186.000000 1175.000000 0.000500 0.000046 0.000000 60.916885 
1.960718 -5.003493 -122.133949 1.402439 -5.365854 0.853659 1182.000000 1177.000000 1185.000000 1174.000000 0.000501 0.000046 0.000000 61.059002 
3.061074 -4.020364 -122.611092 1.158537 -4.329268 1.341463 1182.000000 1179.000000 1186.000000 1175.000000 0.000500 0.000047 0.000000 61.282341 
3.517106 -3.590600 -122.884911 -0.304878 -3.963415 1.707317 1180.000000 1179.000000 1185.000000 1174.000000 0.000500 0.000046 0.000000 61.417355 
3.665620 -3.370922 -123.156509 -0.914634 -2.195122 1.829268 1181.000000 1180.000000 1186.000000 1175.000000 0.000500 0.000047 0.000000 61.553623 
3.925780 -3.252984 -123.383911 -2.195122 -1.158537 0.975610 1177.000000 1182.000000 1185.000000 1174.000000 0.000500 0.000046 0.000000 61.666786 
3.865538 -3.108677 -123.609543 -1.585366 -1.707317 0.975610 1181.000000 1180.000000 1185.000000 1176.000000 0.000500 0.000046 0.000000 61.781124 
3.772935 -3.259362 -123.842873 -4.512195 0.426829 2.134146 1176.000000 1185.000000 1187.000000 1174.000000 0.000501 0.000046 0.000000 61.896717 
3.358039 -3.446868 -124.060616 -3.597561 0.670732 1.097561 1177.000000 1182.000000 1184.000000 1175.000000 0.000500 0.000046 0.000000 62.006641 
3.293257 -3.609854 -124.291550 -1.951220 -1.158537 1.585366 1181.000000 1180.000000 1185.000000 1176.000000 0.000508 0.000046 0.000000 62.121429 
3.336813 -3.500937 -124.648422 -2.621951 0.609756 1.768293 1178.000000 1181.000000 1182.000000 1177.000000 0.000512 0.000046 0.000000 62.300014 
3.123221 -3.923056 -124.883247 -3.597561 -0.243902 1.097561 1178.000000 1183.000000 1187.000000 1174.000000 0.000519 0.000047 0.000000 62.416798 
2.787083 -4.035136 -125.088287 -3.841464 0.731707 1.585366 1176.000000 1183.000000 1185.000000 1174.000000 0.000519 0.000046 0.000000 62.522343 
2.408785 -4.548054 -125.309448 -2.926829 0.365854 1.280488 1179.000000 1182.000000 1185.000000 1176.000000 0.000519 0.000047 0.000000 62.636810 
2.563807 -4.432523 -125.575241 0.304878 -4.390244 2.256098 1183.000000 1176.000000 1186.000000 1173.000000 0.000520 0.000046 0.000000 62.767456 
2.912021 -4.086845 -125.860008 -0.609756 -2.682927 0.975610 1178.000000 1181.000000 1184.000000 1175.000000 0.000519 0.000046 0.000000 62.906158 
2.974857 -4.218739 -126.089981 -3.292683 0.792683 1.097561 1176.000000 1185.000000 1184.000000 1177.000000 0.000520 0.000046 0.000000 63.019798 
2.696195 -4.455302 -126.293915 -5.914634 0.914634 2.134146 1171.000000 1188.000000 1186.000000 1173.000000 0.000519 0.000046 0.000000 63.124504 
2.620989 -4.628252 -126.715965 1.097561 -5.914634 1.890244 1178.000000 1183.000000 1186.000000 1175.000000 0.000519 0.000046 0.000000 63.336021 
3.346129 -3.691194 -127.005211 4.268293 -7.500000 0.853659 1179.000000 1180.000000 1182.000000 1177.000000 0.000520 0.000046 0.000000 63.475716 
4.842223 -2.317319 -127.319260 6.707317 -10.365854 1.646341 1184.000000 1177.000000 1183.000000 1178.000000 0.000519 0.000046 0.000000 63.641804 
6.888740 -0.441386 -127.578621 8.841464 -14.207317 1.402439 1185.000000 1174.000000 1184.000000 1175.000000 0.000520 0.000046 0.000000 63.827209 
9.086305 1.477490 -127.743195 8.048780 -10.243902 1.707317 1183.000000 1176.000000 1180.000000 1179.000000 0.000519 0.000046 0.000000 64.020645 
10.463809 2.717248 -127.850525 2.195122 -7.500000 0.914634 1184.000000 1177.000000 1187.000000 1174.000000 0.000520 0.000046 0.000000 64.173531 
11.180994 3.385774 -127.985672 2.804878 -5.548780 1.524390 1192.000000 1167.000000 1184.000000 1175.000000 0.000520 0.000046 0.000000 64.302429 
11.903521 3.907926 -128.097488 -0.182927 -2.621951 1.280488 1188.000000 1173.000000 1186.000000 1175.000000 0.000519 0.000046 0.000000 64.417183 
11.087243 3.144574 -128.373291 -8.109756 5.670732 1.463415 1179.000000 1180.000000 1184.000000 1175.000000 0.000519 0.000046 0.000000 64.478165 
10.041407 2.418394 -128.573257 -6.402439 2.560976 1.890244 1195.000000 1166.000000 1188.000000 1173.000000 0.000519 0.000046 0.000000 64.504227 
8.980142 1.334186 -128.782715 -8.719512 6.585366 0.609756 1188.000000 1173.000000 1184.000000 1177.000000 0.000519 0.000046 0.000000 64.529640 
7.036746 -0.454766 -128.974091 -13.963415 11.463415 1.036585 1180.000000 1179.000000 1185.000000 1174.000000 0.000520 0.000046 0.000000 64.524841 
4.337915 -3.044408 -129.098602 -18.170732 15.365854 2.012195 1175.000000 1186.000000 1186.000000 1175.000000 0.000519 0.000046 0.000000 64.520851 
1.122687 -5.907680 -129.102203 -16.219513 14.268293 1.158537 1176.000000 1183.000000 1184.000000 1175.000000 0.000520 0.000046 0.000000 64.559715 
-1.162646 -7.823498 -129.146774 -9.024390 6.158537 1.219512 1182.000000 1179.000000 1185.000000 1176.000000 0.000519 0.000046 0.000000 64.677856 
-2.324160 -8.878602 -129.281555 -6.036585 2.621951 1.158537 1173.000000 1188.000000 1185.000000 1176.000000 0.000520 0.000046 0.000000 64.817635 
-1.307005 -8.352959 -129.876556 6.463415 -10.731708 1.097561 1187.000000 1172.000000 1185.000000 1174.000000 0.000520 0.000046 0.000000 65.058701 
0.268672 -6.640985 -130.374634 6.829268 -9.817074 1.280488 1176.000000 1185.000000 1183.000000 1178.000000 0.000519 0.000046 0.000000 65.224075 
2.124706 -5.023959 -130.830826 8.841464 -14.390244 2.073171 1182.000000 1177.000000 1185.000000 1174.000000 0.000520 0.000046 0.000000 65.398544 
4.819248 -2.574488 -131.241211 12.865854 -15.853659 0.914634 1185.000000 1174.000000 1182.000000 1177.000000 0.000519 0.000046 0.000000 65.595993 
7.667591 0.066980 -131.479599 13.658537 -18.353659 1.463415 1191.000000 1170.000000 1186.000000 1175.000000 0.000519 0.000046 0.000000 65.799812 
10.488039 2.608820 -131.583038 10.853659 -15.548780 0.914634 1187.000000 1172.000000 1184.000000 1175.000000 0.000520 0.000046 0.000000 66.024979 
12.852026 4.702566 -131.603348 9.817074 -13.963415 1.463415 1190.000000 1171.000000 1185.000000 1176.000000 0.000519 0.000046 0.000000 66.247292 
15.207402 6.782255 -131.509384 8.292683 -13.170732 1.829268 1201.000000 1160.000000 1187.000000 1174.000000 0.000520 0.000046 0.000000 66.472832 
17.164467 8.896879 -131.332169 -0.731707 -2.987805 2.073171 1189.000000 1170.000000 1186.000000 1173.000000 0.000519 0.000046 0.000000 66.692467 
17.270475 8.955112 -131.411209 -3.475610 0.548781 2.134146 1196.000000 1165.000000 1188.000000 1173.000000 0.000519 0.000047 0.000000 66.744225 
16.284519 8.380306 -131.547211 -9.939025 7.439024 1.402439 1192.000000 1167.000000 1184.000000 1175.000000 0.000520 0.000046 0.000000 66.691376 
13.958891 6.031532 -131.996063 -18.170732 15.365854 2.256098 1182.000000 1177.000000 1185.000000 1174.000000 0.000519 0.000046 0.000000 66.587097 
10.578021 2.904203 -132.400711 -19.207317 16.829269 1.097561 1182.000000 1179.000000 1186.000000 1175.000000 0.000519 0.000046 0.000000 66.449623 
7.484375 -0.099601 -132.655914 -17.378050 15.243903 0.975610 1181.000000 1178.000000 1185.000000 1174.000000 0.000520 0.000046 0.000000 66.378258 
4.692706 -2.634665 -132.766617 -15.609756 13.292684 1.341463 1180.000000 1181.000000 1185.000000 1176.000000 0.000519 0.000046 0.000000 66.356995 
2.091997 -5.110231 -132.831512 -15.426829 12.804878 1.219512 1178.000000 1183.000000 1185.000000 1176.000000 0.000519 0.000046 0.000000 66.398155 
-0.904170 -7.954761 -132.911850 -9.207317 5.609756 1.158537 1174.000000 1185.000000 1183.000000 1176.000000 0.000520 0.000046 0.000000 66.548149 
-1.900227 -8.849348 -133.090591 -2.865854 0.182927 1.890244 1178.000000 1183.000000 1186.000000 1175.000000 0.000519 0.000046 0.000000 66.696007 
-1.518293 -8.335794 -133.463730 3.231707 -6.829268 0.792683 1184.000000 1177.000000 1185.000000 1176.000000 0.000520 0.000047 0.000000 66.854294 
-0.421876 -7.226642 -133.898849 2.926829 -8.048780 2.317073 1181.000000 1178.000000 1187.000000 1172.000000 0.000520 0.000046 0.000000 67.011337 
0.211526 -6.609883 -134.265884 1.524390 -3.902439 1.158537 1179.000000 1182.000000 1184.000000 1177.000000 0.000519 0.000046 0.000000 67.167068 
0.608309 -6.208585 -134.617188 0.670732 -4.329268 2.073171 1180.000000 1181.000000 1186.000000 1175.000000 0.000520 0.000046 0.000000 67.327614 
1.347324 -5.454380 -134.930603 2.012195 -6.585366 0.548781 1184.000000 1175.000000 1187.000000 1172.000000 0.000520 0.000046 0.000000 67.461823 
2.432337 -4.731841 -135.278580 3.780488 -7.256098 1.585366 1185.000000 1176.000000 1186.000000 1175.000000 0.000519 0.000046 0.000000 67.614479 
3.502315 -4.338418 -135.715439 -2.560976 -0.670732 1.707317 1177.000000 1184.000000 1187.000000 1174.000000 0.000520 0.000046 0.000000 67.819023 
3.408496 -4.088190 -135.954376 -0.426829 -2.621951 1.402439 1181.000000 1178.000000 1185.000000 1174.000000 0.000519 0.000046 0.000000 67.941391 
3.470586 -3.855224 -136.169907 -0.365854 -2.682927 -0.000000 1182.000000 1179.000000 1185.000000 1176.000000 0.000519 0.000046 0.000000 68.050201 
3.785918 -3.713745 -136.427841 -2.256098 -1.402439 2.195122 1179.000000 1182.000000 1187.000000 1174.000000 0.000520 0.000046 0.000000 68.177101 
3.723379 -3.912559 -136.690903 -2.621951 0.243902 2.256098 1177.000000 1182.000000 1184.000000 1175.000000 0.000520 0.000046 0.000000 68.307167 
3.683578 -3.996063 -136.902100 -2.500000 -0.487805 0.121951 1180.000000 1181.000000 1186.000000 1175.000000 0.000519 0.000056 0.000000 68.412285 
3.578399 -3.785065 -137.103394 -1.219512 -2.926829 2.073171 1182.000000 1179.000000 1188.000000 1173.000000 0.000520 0.000071 0.000000 68.515869 
3.575418 -3.653306 -137.378128 -1.158537 -1.707317 2.073171 1181.000000 1178.000000 1184.000000 1175.000000 0.000520 0.000080 0.000000 68.654320 
3.874958 -3.506226 -137.821274 0.243902 -3.902439 0.914634 1186.000000 1175.000000 1186.000000 1175.000000 0.000519 0.000081 0.000000 68.874344 
4.224554 -3.197131 -138.045364 -0.853659 -1.951220 1.646341 1182.000000 1179.000000 1184.000000 1177.000000 0.000520 0.000082 0.000000 68.987236 
4.480840 -2.936821 -138.319595 -0.670732 -3.353659 1.829268 1182.000000 1177.000000 1187.000000 1172.000000 0.000520 0.000081 0.000000 69.126228 
4.740625 -2.685300 -138.569641 -0.792683 -2.134146 1.646341 1181.000000 1180.000000 1186.000000 1175.000000 0.000519 0.000081 0.000000 69.253777 
4.885954 -2.667828 -138.778748 -0.121951 -2.865854 0.609756 1185.000000 1176.000000 1185.000000 1176.000000 0.000519 0.000081 0.000000 69.357933 
5.151740 -2.365771 -139.012817 -1.646341 -2.317073 1.341463 1180.000000 1179.000000 1187.000000 1172.000000 0.000520 0.000081 0.000000 69.479446 
4.972295 -2.494087 -139.250214 -1.463415 -0.670732 2.378049 1180.000000 1179.000000 1183.000000 1176.000000 0.000519 0.000081 0.000000 69.596077 
5.126145 -2.275375 -139.484955 1.036585 -4.756098 1.097561 1189.000000 1172.000000 1187.000000 1174.000000 0.000519 0.000081 0.000000 69.716919 
6.736945 -0.776286 -139.849472 3.231707 -6.829268 0.792683 1188.000000 1171.000000 1186.000000 1173.000000 0.000520 0.000081 0.000000 69.938591 
7.397288 -0.108666 -140.053787 1.097561 -4.146341 1.951220 1183.000000 1176.000000 1184.000000 1175.000000 0.000519 0.000081 0.000000 70.066757 
8.125026 0.366800 -140.257568 1.341463 -4.085366 2.012195 1188.000000 1173.000000 1185.000000 1176.000000 0.000520 0.000081 0.000000 70.193901 
8.633014 0.774806 -140.434097 -1.646341 -3.658537 1.158537 1184.000000 1175.000000 1188.000000 1171.000000 0.000519 0.000081 0.000000 70.305107 
8.740736 0.867860 -140.615753 -1.402439 -1.646341 1.097561 1185.000000 1176.000000 1185.000000 1176.000000 0.000519 0.000081 0.000000 70.401123 
8.932691 1.050149 -140.794586 -0.243902 -3.048780 1.707317 1178.000000 1181.000000 1184.000000 1175.000000 0.000520 0.000081 0.000000 70.500969 
9.576107 1.666130 -140.946274 3.353659 -7.256098 1.402439 1184.000000 1177.000000 1187.000000 1174.000000 0.000519 0.000081 0.000000 70.615662 
11.251002 3.249780 -141.024109 9.024390 -13.170732 0.853659 1195.000000 1164.000000 1184.000000 1175.000000 0.000520 0.000081 0.000000 70.776863 
15.462059 7.262100 -140.794250 9.390244 -12.743903 0.853659 1197.000000 1164.000000 1185.000000 1176.000000 0.000519 0.000081 0.000000 71.109764 
16.981731 8.816978 -140.633987 2.012195 -6.463415 1.036585 1191.000000 1168.000000 1186.000000 1173.000000 0.000520 0.000081 0.000000 71.249222 
17.477058 9.365854 -140.629242 -0.426829 -3.292683 0.914634 1193.000000 1168.000000 1186.000000 1175.000000 0.000519 0.000081 0.000000 71.327713 
17.706232 9.670965 -140.644302 -0.792683 -3.292683 1.097561 1196.000000 1165.000000 1187.000000 1174.000000 0.000520 0.000081 0.000000 71.378212 
17.780039 9.739920 -140.713928 -2.195122 -1.158537 0.853659 1193.000000 1166.000000 1184.000000 1175.000000 0.000519 0.000081 0.000000 71.423790 
18.010471 9.831128 -140.779037 -2.743902 -0.609756 0.975610 1202.000000 1159.000000 1188.000000 1173.000000 0.000519 0.000081 0.000000 71.480125 
17.526634 9.303318 -140.942032 -9.207317 4.817073 0.975610 1193.000000 1166.000000 1188.000000 1171.000000 0.000520 0.000081 0.000000 71.479225 
15.825178 7.666595 -141.300491 -12.987805 9.756098 1.219512 1190.000000 1171.000000 1186.000000 1175.000000 0.000519 0.000081 0.000000 71.411949 
13.540594 5.459964 -141.703674 -13.353659 10.975610 1.280488 1191.000000 1168.000000 1185.000000 1174.000000 0.000520 0.000081 0.000000 71.334000 
11.523561 3.556072 -141.995514 -12.195122 9.207317 0.487805 1190.000000 1169.000000 1186.000000 1173.000000 0.000519 0.000081 0.000000 71.285110 
9.596889 1.767874 -142.232605 -12.804878 10.121951 0.548781 1185.000000 1174.000000 1185.000000 1174.000000 0.000520 0.000081 0.000000 71.261192 
7.215702 -0.416613 -142.433777 -16.402439 14.024390 0.975610 1175.000000 1184.000000 1185.000000 1174.000000 0.000519 0.000081 0.000000 71.242531 
2.168298 -5.353525 -142.574692 -15.243903 12.682927 2.073171 1184.000000 1177.000000 1187.000000 1174.000000 0.000520 0.000081 0.000000 71.261360 
0.312883 -6.998738 -142.655426 -9.085366 6.280488 0.914634 1186.000000 1173.000000 1185.000000 1174.000000 0.000520 0.000081 0.000000 71.354340 
-0.961377 -8.135968 -142.793365 -6.463415 3.414634 1.585366 1173.000000 1188.000000 1186.000000 1175.000000 0.000519 0.000081 0.000000 71.480026 
-1.504548 -8.564238 -143.038879 -0.670732 -2.743902 1.646341 1183.000000 1176.000000 1186.000000 1173.000000 0.000520 0.000081 0.000000 71.630676 
-0.968007 -8.181262 -143.414841 2.500000 -5.670732 1.341463 1178.000000 1183.000000 1184.000000 1177.000000 0.000519 0.000081 0.000000 71.790855 
0.094050 -7.081512 -143.851120 5.121951 -9.573171 1.463415 1177.000000 1184.000000 1186.000000 1175.000000 0.000520 0.000081 0.000000 71.958351 
2.156223 -5.037122 -144.323181 11.158537 -15.975610 1.463415 1187.000000 1172.000000 1185.000000 1174.000000 0.000519 0.000081 0.000000 72.135284 
5.259157 -2.359495 -144.770142 14.878049 -18.902439 1.768293 1190.000000 1171.000000 1184.000000 1177.000000 0.000519 0.000081 0.000000 72.353966 
9.510642 1.726921 -145.101028 10.853659 -14.878049 0.792683 1187.000000 1172.000000 1183.000000 1176.000000 0.000520 0.000081 0.000000 72.686073 
11.992525 4.135740 -145.098846 9.146341 -13.292684 1.158537 1186.000000 1175.000000 1186.000000 1175.000000 0.000519 0.000081 0.000000 72.875313 
14.002980 5.959657 -145.051819 8.597561 -11.280488 2.134146 1188.000000 1171.000000 1182.000000 1177.000000 0.000520 0.000081 0.000000 73.046944 
16.051004 7.884886 -144.906616 7.500000 -11.829268 1.829268 1200.000000 1159.000000 1187.000000 1172.000000 0.000519 0.000081 0.000000 73.221565 
17.328711 9.005654 -144.816528 -0.487805 -3.536585 1.219512 1187.000000 1174.000000 1187.000000 1174.000000 0.000519 0.000080 0.000000 73.346252 
16.790089 8.779629 -144.901489 -7.560976 4.939024 1.158537 1189.000000 1170.000000 1188.000000 1171.000000 0.000520 0.000081 0.000000 73.335632 
15.562108 7.587326 -145.186829 -8.536586 5.182927 1.280488 1198.000000 1161.000000 1185.000000 1174.000000 0.000519 0.000081 0.000000 73.309654 
14.251010 6.301599 -145.483932 -9.573171 6.463415 1.341463 1194.000000 1167.000000 1185.000000 1176.000000 0.000520 0.000081 0.000000 73.295952 
10.780152 3.067729 -145.969208 -16.097561 13.109756 1.219512 1183.000000 1176.000000 1186.000000 1173.000000 0.000519 0.000081 0.000000 73.212318 
8.270159 0.633066 -146.244720 -13.597561 11.524390 1.524390 1186.000000 1173.000000 1185.000000 1174.000000 0.000519 0.000081 0.000000 73.190689 
5.875304 -1.536230 -146.407822 -14.756098 12.134147 1.280488 1180.000000 1179.000000 1187.000000 1172.000000 0.000520 0.000081 0.000000 73.188828 
3.265810 -4.005190 -146.514175 -14.146341 12.134147 0.609756 1181.000000 1178.000000 1184.000000 1175.000000 0.000519 0.000081 0.000000 73.217552 
1.119619 -5.919714 -146.599197 -11.036586 8.475610 1.890244 1183.000000 1176.000000 1184.000000 1175.000000 0.000519 0.000081 0.000000 73.294441 
-0.430329 -7.433786 -146.704971 -9.878049 6.402439 1.707317 1173.000000 1186.000000 1183.000000 1176.000000 0.000520 0.000081 0.000000 73.402588 
-1.577070 -8.646922 -146.837448 -5.853659 3.292683 1.097561 1175.000000 1186.000000 1186.000000 1175.000000 0.000519 0.000081 0.000000 73.528290 
-1.593347 -8.435564 -147.158493 4.146341 -8.048780 1.585366 1192.000000 1167.000000 1186.000000 1173.000000 0.000520 0.000081 0.000000 73.685158 
1.332295 -5.620326 -147.977432 1.646341 -5.365854 0.792683 1173.000000 1186.000000 1185.000000 1174.000000 0.000519 0.000081 0.000000 73.976936 
1.239447 -5.713878 -148.225357 -3.109756 -0.609756 2.621951 1177.000000 1184.000000 1187.000000 1174.000000 0.000519 0.000081 0.000000 74.103012 
1.516021 -5.631870 -148.536057 2.012195 -4.573171 1.341463 1187.000000 1172.000000 1181.000000 1178.000000 0.000520 0.000081 0.000000 74.251694 
2.380866 -4.950658 -148.847443 0.000000 -4.451220 1.158537 1177.000000 1182.000000 1187.000000 1172.000000 0.000519 0.000081 0.000000 74.390656 
2.794441 -4.602617 -149.104095 0.426829 -4.207317 1.463415 1184.000000 1177.000000 1186.000000 1175.000000 0.000519 0.000081 0.000000 74.513412 
3.318769 -4.006799 -149.395660 0.792683 -4.390244 1.463415 1182.000000 1177.000000 1184.000000 1175.000000 0.000521 0.000081 0.000000 74.655975 
4.056231 -3.306623 -149.664917 0.670732 -3.780488 1.341463 1181.000000 1180.000000 1186.000000 1175.000000 0.000527 0.000081 0.000000 74.790146 
4.129096 -3.191063 -149.869125 -2.317073 -0.731707 0.548781 1178.000000 1183.000000 1185.000000 1176.000000 0.000536 0.000082 0.000000 74.893082 
4.437991 -2.748663 -150.228699 0.000000 -2.682927 2.195122 1182.000000 1177.000000 1185.000000 1174.000000 0.000543 0.000081 0.000000 75.076935 
4.798050 -2.402954 -150.462540 -0.731707 -3.170732 0.853659 1184.000000 1177.000000 1187.000000 1174.000000 0.000546 0.000081 0.000000 75.197533 
5.128030 -2.115083 -150.696014 0.975610 -4.756098 1.585366 1187.000000 1174.000000 1187.000000 1174.000000 0.000551 0.000081 0.000000 75.318245 
5.871656 -1.571239 -150.915451 0.000000 -3.353659 1.219512 1181.000000 1178.000000 1185.000000 1174.000000 0.000560 0.000081 0.000000 75.438385 
5.985703 -1.410857 -151.123917 -2.987805 -0.365854 1.158537 1178.000000 1183.000000 1186.000000 1175.000000 0.000565 0.000081 0.000000 75.546364 
5.603027 -1.803214 -151.342285 -4.146341 1.219512 1.707317 1178.000000 1181.000000 1185.000000 1174.000000 0.000574 0.000081 0.000000 75.646370 
5.415345 -2.166810 -151.551636 -1.585366 -1.951220 0.670732 1185.000000 1174.000000 1183.000000 1176.000000 0.000584 0.000081 0.000000 75.743454 
5.844210 -1.910399 -151.804291 2.378049 -5.914634 1.280488 1191.000000 1170.000000 1187.000000 1174.000000 0.000591 0.000081 0.000000 75.874153 
6.578597 -1.110798 -152.155533 -1.524390 -1.951220 2.195122 1182.000000 1177.000000 1186.000000 1173.000000 0.000595 0.000081 0.000000 76.069962 
6.736561 -0.900856 -152.348816 -1.524390 -2.256098 0.731707 1184.000000 1175.000000 1187.000000 1172.000000 0.000594 0.000081 0.000000 76.172737 
6.865066 -0.814276 -152.520782 -2.256098 -0.670732 1.402439 1182.000000 1179.000000 1187.000000 1174.000000 0.000594 0.000081 0.000000 76.261505 
6.978469 -0.815372 -152.724335 -1.829268 -1.585366 1.829268 1182.000000 1177.000000 1186.000000 1173.000000 0.000595 0.000081 0.000000 76.363472 
7.140045 -0.631729 -152.929794 -1.158537 -2.073171 0.914634 1174.000000 1185.000000 1181.000000 1178.000000 0.000594 0.000081 0.000000 76.472198 
7.237800 -0.610603 -153.113464 -1.036585 -2.500000 1.463415 1177.000000 1184.000000 1184.000000 1177.000000 0.000594 0.000081 0.000000 76.564957 
7.975418 0.265394 -153.300980 5.365854 -9.146341 1.524390 1190.000000 1171.000000 1183.000000 1178.000000 0.000595 0.000081 0.000000 76.692673 
9.863760 1.906433 -153.483597 9.817074 -14.390244 1.768293 1192.000000 1167.000000 1186.000000 1173.000000 0.000595 0.000081 0.000000 76.875557 
13.660303 5.399547 -153.448608 7.926829 -11.402439 2.073171 1186.000000 1175.000000 1184.000000 1177.000000 0.000594 0.000081 0.000000 77.155716 
15.052603 6.779206 -153.396515 4.695122 -8.841464 1.097561 1184.000000 1177.000000 1186.000000 1175.000000 0.000595 0.000080 0.000000 77.281471 
16.186237 7.963146 -153.284698 4.939024 -8.841464 1.646341 1199.000000 1160.000000 1185.000000 1174.000000 0.000595 0.000081 0.000000 77.369370 
17.364697 8.793447 -153.231369 -1.280488 -2.317073 1.463415 1190.000000 1171.000000 1187.000000 1174.000000 0.000594 0.000081 0.000000 77.473152 
17.135736 8.403882 -153.379898 -7.500000 3.719512 1.219512 1188.000000 1173.000000 1192.000000 1169.000000 0.000594 0.000081 0.000000 77.501366 
15.956534 7.284723 -153.625412 -9.878049 6.646342 0.792683 1194.000000 1165.000000 1188.000000 1171.000000 0.000595 0.000081 0.000000 77.473831 
14.360291 5.746688 -153.909576 -12.743903 10.060976 1.829268 1189.000000 1170.000000 1186.000000 1173.000000 0.000594 0.000081 0.000000 77.433975 
12.122342 3.248090 -154.273132 -16.646341 14.085366 1.646341 1181.000000 1178.000000 1186.000000 1173.000000 0.000594 0.000081 0.000000 77.386269 
8.986736 0.278532 -154.518173 -20.243902 18.475611 2.012195 1174.000000 1185.000000 1185.000000 1174.000000 0.000595 0.000081 0.000000 77.309845 
5.295159 -2.915241 -154.608307 -20.182928 17.682928 0.975610 1175.000000 1184.000000 1186.000000 1173.000000 0.000594 0.000081 0.000000 77.254784 
2.022598 -5.733540 -154.741074 -7.743903 4.207317 0.853659 1189.000000 1170.000000 1187.000000 1172.000000 0.000595 0.000081 0.000000 77.338020 
0.263706 -7.263051 -154.813156 -13.353659 11.280488 0.731707 1171.000000 1188.000000 1184.000000 1175.000000 0.000594 0.000081 0.000000 77.423965 
-1.955076 -9.375622 -154.810684 -10.914635 7.865854 2.195122 1183.000000 1178.000000 1187.000000 1174.000000 0.000595 0.000081 0.000000 77.529877 
-3.092478 -10.173985 -154.943298 -5.487805 2.926829 1.036585 1185.000000 1174.000000 1184.000000 1175.000000 0.000594 0.000081 0.000000 77.663429 
-3.705652 -10.642909 -155.170425 -5.182927 1.890244 1.829268 1177.000000 1182.000000 1186.000000 1173.000000 0.000594 0.000081 0.000000 77.817841 
-4.522188 -11.251865 -155.334854 -5.975610 2.256098 1.402439 1167.000000 1192.000000 1186.000000 1173.000000 0.000595 0.000081 0.000000 77.958916 
-4.512806 -11.441865 -155.643021 1.646341 -4.756098 1.585366 1177.000000 1184.000000 1186.000000 1175.000000 0.000594 0.000081 0.000000 78.117340 
-3.040972 -10.099739 -156.255569 8.902439 -14.390244 1.463415 1182.000000 1177.000000 1190.000000 1169.000000 0.000595 0.000081 0.000000 78.312523 
1.622679 -5.901451 -157.387894 12.743903 -18.048780 1.463415 1182.000000 1179.000000 1188.000000 1173.000000 0.000594 0.000081 0.000000 78.668518 
4.274422 -3.321490 -157.803070 11.036586 -15.182927 0.365854 1181.000000 1178.000000 1185.000000 1174.000000 0.000595 0.000081 0.000000 78.852135 
6.917022 -1.002672 -158.106415 10.853659 -14.817074 2.134146 1184.000000 1177.000000 1187.000000 1174.000000 0.000594 0.000081 0.000000 79.043564 
9.345520 1.324693 -158.268463 9.817074 -14.756098 1.341463 1188.000000 1173.000000 1188.000000 1173.000000 0.000595 0.000081 0.000000 79.225464 
11.727442 3.518103 -158.297455 8.719512 -12.926829 0.792683 1200.000000 1159.000000 1186.000000 1173.000000 0.000594 0.000081 0.000000 79.390923 
13.424582 5.043283 -158.288940 1.585366 -5.000000 1.524390 1184.000000 1177.000000 1188.000000 1173.000000 0.000594 0.000081 0.000000 79.524750 
13.597359 4.816337 -158.459244 -4.878049 1.524390 1.951220 1183.000000 1176.000000 1187.000000 1172.000000 0.000595 0.000081 0.000000 79.600586 
12.859105 4.228030 -158.636902 -5.487805 2.621951 1.890244 1186.000000 1175.000000 1187.000000 1174.000000 0.000594 0.000081 0.000000 79.630257 
12.181735 3.850025 -158.873077 -4.329268 1.158537 1.097561 1185.000000 1174.000000 1185.000000 1174.000000 0.000595 0.000081 0.000000 79.706955 
11.523191 3.347900 -159.052292 -5.182927 1.402439 1.402439 1187.000000 1174.000000 1188.000000 1173.000000 0.000594 0.000090 0.000000 79.752098 
11.157268 2.961159 -159.227478 -3.719512 0.243902 1.585366 1188.000000 1173.000000 1189.000000 1172.000000 0.000595 0.000120 0.000000 79.810822 
10.917224 2.708655 -159.373886 -5.000000 2.134146 2.012195 1181.000000 1178.000000 1185.000000 1174.000000 0.000594 0.000150 0.000000 79.865891 
10.647944 2.459145 -159.554123 -2.195122 -1.280488 0.975610 1194.000000 1167.000000 1189.000000 1172.000000 0.000594 0.000151 0.000000 79.938042 
10.747820 2.513292 -159.710724 -1.768293 -1.280488 1.341463 1185.000000 1174.000000 1186.000000 1173.000000 0.000595 0.000151 0.000000 80.020515 
10.548958 2.147605 -159.902237 -4.512195 2.073171 2.012195 1179.000000 1182.000000 1187.000000 1174.000000 0.000594 0.000151 0.000000 80.094566 
10.027268 1.816484 -160.070862 -3.170732 -0.121951 1.036585 1197.000000 1162.000000 1194.000000 1165.000000 0.000595 0.000151 0.000000 80.154556 
9.790292 1.731392 -160.332108 -6.158537 3.414634 1.646341 1183.000000 1176.000000 1185.000000 1174.000000 0.000594 0.000150 0.000000 80.277260 
8.392575 0.534773 -160.509903 -10.853659 8.048780 2.134146 1184.000000 1175.000000 1186.000000 1173.000000 0.000594 0.000150 0.000000 80.300995 
6.544599 -1.175983 -160.675842 -12.926829 9.817074 1.341463 1181.000000 1178.000000 1187.000000 1172.000000 0.000595 0.000151 0.000000 80.320778 
4.073560 -3.361075 -160.779251 -16.585365 14.268293 0.975610 1167.000000 1192.000000 1185.000000 1174.000000 0.000594 0.000151 0.000000 80.340202 
1.417667 -5.834757 -160.804840 -12.865854 10.121951 1.951220 1192.000000 1167.000000 1187.000000 1172.000000 0.000595 0.000150 0.000000 80.379639 
-0.059809 -6.958379 -160.946350 -6.646342 4.268293 1.768293 1192.000000 1167.000000 1183.000000 1176.000000 0.000594 0.000150 0.000000 80.492706 
-1.431114 -8.205271 -161.069336 -12.560976 9.817074 2.317073 1163.000000 1196.000000 1187.000000 1172.000000 0.000595 0.000150 0.000000 80.611069 
-3.912318 -10.600626 -160.955765 -15.487805 13.841464 0.792683 1167.000000 1192.000000 1184.000000 1175.000000 0.000595 0.000150 0.000000 80.705139 
-5.706246 -12.429250 -161.104172 -4.756098 1.219512 0.548781 1177.000000 1182.000000 1185.000000 1174.000000 0.000594 0.000150 0.000000 80.928398 
-6.810227 -13.521394 -161.169998 -8.780488 5.121951 1.768293 1174.000000 1185.000000 1188.000000 1171.000000 0.000595 0.000150 0.000000 81.068008 
-7.620205 -14.498529 -161.299713 -5.853659 2.621951 2.073171 1179.000000 1180.000000 1186.000000 1173.000000 0.000594 0.000150 0.000000 81.225914 
-8.388875 -15.041405 -161.511276 -4.390244 1.646341 1.524390 1179.000000 1180.000000 1184.000000 1175.000000 0.000594 0.000150 0.000000 81.408524 
-8.690767 -15.260219 -161.797134 -2.560976 -0.853659 0.609756 1187.000000 1172.000000 1184.000000 1175.000000 0.000595 0.000150 0.000000 81.581772 
-8.640240 -15.364156 -162.129807 -1.768293 -1.463415 1.402439 1174.000000 1185.000000 1186.000000 1173.000000 0.000594 0.000150 0.000000 81.747437 
-9.212665 -15.903452 -162.358780 -5.792683 3.475610 2.195122 1164.000000 1197.000000 1183.000000 1178.000000 0.000595 0.000150 0.000000 81.929123 
-9.713742 -16.375725 -162.584152 -1.341463 -2.012195 1.097561 1179.000000 1180.000000 1185.000000 1174.000000 0.000594 0.000150 0.000000 82.102753 
-7.681999 -14.091484 -163.736816 -4.817073 1.829268 -1.036585 1129.000000 1232.000000 1185.000000 1176.000000 0.000594 0.000150 0.000000 82.418900 
-8.679800 -15.108467 -163.794815 -3.780488 0.304878 2.743902 1180.000000 1179.000000 1187.000000 1172.000000 0.000595 0.000150 0.000000 82.560852 
-8.089723 -14.403674 -164.440155 3.414634 -7.621952 4.146341 1175.000000 1184.000000 1186.000000 1173.000000 0.000594 0.000150 0.000000 82.807434 
-7.265728 -13.752721 -164.937256 2.256098 -5.487805 -1.646341 1170.000000 1191.000000 1185.000000 1176.000000 0.000594 0.000150 0.000000 82.972595 
-5.958660 -12.772808 -165.474487 5.243903 -11.036586 0.914634 1188.000000 1171.000000 1191.000000 1168.000000 0.000595 0.000150 0.000000 83.123459 
-4.116420 -10.861389 -166.192078 6.951220 -10.731708 2.865854 1180.000000 1181.000000 1185.000000 1176.000000 0.000594 0.000150 0.000000 83.326332 
-2.803734 -9.539900 -166.790314 3.231707 -6.219512 2.926829 1172.000000 1189.000000 1186.000000 1175.000000 0.000595 0.000150 0.000000 83.536659 
-1.808928 -8.587471 -167.229675 4.024390 -9.268292 0.121951 1188.000000 1171.000000 1189.000000 1170.000000 0.000594 0.000150 0.000000 83.701332 
1.041036 -5.857615 -168.022324 5.121951 -9.695122 0.426829 1175.000000 1186.000000 1187.000000 1174.000000 0.000594 0.000150 0.000000 83.992668 
2.052031 -4.827341 -168.349060 2.195122 -5.548780 1.707317 1181.000000 1178.000000 1185.000000 1174.000000 0.000595 0.000150 0.000000 84.137436 
3.010797 -3.982505 -168.693741 3.414634 -6.829268 2.134146 1187.000000 1172.000000 1186.000000 1173.000000 0.000594 0.000150 0.000000 84.299942 
4.045380 -3.006780 -168.950134 1.158537 -5.243903 0.304878 1168.000000 1193.000000 1184.000000 1177.000000 0.000594 0.000150 0.000000 84.427368 
4.993306 -2.081819 -169.199326 4.878049 -9.146341 1.585366 1186.000000 1173.000000 1186.000000 1173.000000 0.000595 0.000150 0.000000 84.560356 
6.956965 -0.428815 -169.447372 8.475610 -12.743903 1.219512 1185.000000 1174.000000 1187.000000 1172.000000 0.000594 0.000150 0.000000 84.720467 
8.958329 1.361274 -169.619965 7.378049 -11.158537 1.768293 1178.000000 1183.000000 1186.000000 1175.000000 0.000594 0.000150 0.000000 84.879387 
10.793581 3.030812 -169.699539 6.890244 -11.707317 0.975610 1187.000000 1172.000000 1188.000000 1171.000000 0.000595 0.000150 0.000000 85.016945 
14.072950 5.671103 -169.711807 7.682927 -11.829268 1.524390 1189.000000 1172.000000 1188.000000 1173.000000 0.000594 0.000150 0.000000 85.248116 
15.891321 7.435539 -169.599518 5.609756 -9.146341 2.012195 1196.000000 1165.000000 1186.000000 1175.000000 0.000594 0.000150 0.000000 85.374001 
16.676725 8.382140 -169.511566 -1.524390 -1.707317 1.524390 1183.000000 1176.000000 1185.000000 1174.000000 0.000595 0.000150 0.000000 85.432182 
16.756819 8.559012 -169.547485 -1.768293 -2.012195 0.914634 1197.000000 1164.000000 1188.000000 1173.000000 0.000594 0.000150 0.000000 85.466751 
16.392395 8.401675 -169.654709 -5.609756 2.804878 1.219512 1181.000000 1180.000000 1185.000000 1176.000000 0.000594 0.000150 0.000000 85.492142 
15.464081 7.470165 -169.887482 -7.743903 4.573171 2.134146 1186.000000 1173.000000 1187.000000 1172.000000 0.000595 0.000150 0.000000 85.502434 
14.913206 6.971528 -170.046509 -2.500000 -0.609756 1.219512 1204.000000 1157.000000 1187.000000 1174.000000 0.000594 0.000150 0.000000 85.526505 
14.781188 6.874081 -170.173157 -5.487805 2.317073 1.036585 1178.000000 1183.000000 1187.000000 1174.000000 0.000594 0.000150 0.000000 85.577957 
12.831529 4.766155 -170.627563 -1.524390 -1.951220 1.219512 1213.000000 1146.000000 1187.000000 1172.000000 0.000595 0.000150 0.000000 85.613388 
13.513385 5.314535 -170.718582 -0.243902 -3.353659 2.195122 1185.000000 1174.000000 1186.000000 1173.000000 0.000594 0.000150 0.000000 85.709000 
13.491302 5.098093 -170.885712 -4.451220 0.731707 1.463415 1184.000000 1177.000000 1187.000000 1174.000000 0.000594 0.000150 0.000000 85.778191 
13.209224 4.847166 -171.037292 -3.109756 -0.060976 0.731707 1189.000000 1170.000000 1186.000000 1173.000000 0.000595 0.000150 0.000000 85.831047 
12.916284 4.502635 -171.213135 -5.365854 2.439024 1.890244 1178.000000 1181.000000 1186.000000 1173.000000 0.000594 0.000150 0.000000 85.890984 
11.858834 3.478577 -171.455841 -7.012195 4.695122 1.707317 1181.000000 1178.000000 1185.000000 1174.000000 0.000594 0.000150 0.000000 85.932404 
11.343683 3.072088 -171.605942 -1.707317 -1.524390 0.731707 1197.000000 1162.000000 1185.000000 1174.000000 0.000595 0.000150 0.000000 85.976830 
11.250691 2.979396 -171.772202 -5.060976 1.707317 2.012195 1174.000000 1185.000000 1186.000000 1173.000000 0.000594 0.000150 0.000000 86.053329 
9.902790 1.981625 -172.064667 -1.036585 -2.317073 0.670732 1199.000000 1162.000000 1188.000000 1173.000000 0.000594 0.000150 0.000000 86.133263 
9.922801 2.045374 -172.233261 -2.073171 -0.853659 1.158537 1181.000000 1180.000000 1186.000000 1175.000000 0.000595 0.000150 0.000000 86.220261 
9.873881 1.894398 -172.431137 -1.463415 -1.707317 1.707317 1187.000000 1172.000000 1184.000000 1175.000000 0.000594 0.000150 0.000000 86.311653 
10.022570 1.959298 -172.588303 -1.341463 -2.073171 1.463415 1189.000000 1172.000000 1187.000000 1174.000000 0.000595 0.000150 0.000000 86.394440 
9.990365 1.860258 -172.793121 -1.646341 -1.768293 1.341463 1191.000000 1168.000000 1182.000000 1177.000000 0.000594 0.000150 0.000000 86.491707 
10.007551 1.725388 -172.974213 -2.804878 -0.975610 1.036585 1184.000000 1175.000000 1186.000000 1173.000000 0.000594 0.000150 0.000000 86.576141 
9.851436 1.513934 -173.153427 -1.646341 -1.280488 1.951220 1204.000000 1155.000000 1186.000000 1173.000000 0.000594 0.000150 0.000000 86.654655 
10.156436 1.647922 -173.330307 -2.743902 -0.914634 2.256098 1194.000000 1165.000000 1187.000000 1172.000000 0.000594 0.000150 0.000000 86.751534 
7.237679 -1.499395 -173.717102 -14.329268 12.560976 0.365854 1181.000000 1178.000000 1186.000000 1173.000000 0.000595 0.000150 0.000000 86.817780 
5.555049 -2.996669 -173.841263 -8.780488 5.548780 1.158537 1191.000000 1168.000000 1186.000000 1173.000000 0.000594 0.000150 0.000000 86.852707 
3.871014 -4.390402 -173.990891 -11.646341 8.536586 1.829268 1179.000000 1180.000000 1186.000000 1173.000000 0.000595 0.000150 0.000000 86.925240 
2.015674 -6.031179 -174.105942 -8.963415 6.219512 2.378049 1188.000000 1171.000000 1186.000000 1173.000000 0.000594 0.000150 0.000000 87.004494 
1.015556 -6.908164 -174.262299 -6.158537 2.500000 0.670732 1190.000000 1169.000000 1191.000000 1168.000000 0.000595 0.000150 0.000000 87.105888 
0.042277 -7.697251 -174.419601 -7.134147 4.817073 0.609756 1178.000000 1181.000000 1183.000000 1176.000000 0.000594 0.000150 0.000000 87.214676 
-1.350505 -8.719556 -174.544937 -8.170732 4.878049 1.097561 1182.000000 1179.000000 1187.000000 1174.000000 0.000595 0.000150 0.000000 87.331886 
-2.453040 -9.592496 -174.705032 -5.060976 2.804878 2.134146 1189.000000 1170.000000 1181.000000 1178.000000 0.000594 0.000150 0.000000 87.464943 
-3.972409 -10.784004 -174.969406 -7.256098 5.060976 0.853659 1178.000000 1181.000000 1181.000000 1178.000000 0.000594 0.000150 0.000000 87.683937 
-4.648571 -11.415942 -175.156036 -4.146341 1.951220 1.646341 1177.000000 1182.000000 1178.000000 1181.000000 0.000595 0.000150 0.000000 87.823097 
-5.195695 -11.896037 -175.385986 -4.268293 -0.792683 1.646341 1175.000000 1186.000000 1192.000000 1169.000000 0.000594 0.000150 0.000000 87.976868 
-4.783190 -11.426714 -175.798264 3.658537 -6.585366 1.707317 1185.000000 1174.000000 1184.000000 1175.000000 0.000595 0.000150 0.000000 88.149391 
-3.924066 -10.563651 -176.299088 0.548781 -4.451220 0.792683 1166.000000 1193.000000 1185.000000 1174.000000 0.000594 0.000150 0.000000 88.339058 
-3.458009 -10.022269 -176.701340 1.768293 -6.036585 2.378049 1184.000000 1177.000000 1192.000000 1169.000000 0.000595 0.000150 0.000000 88.508720 
-2.191366 -8.813333 -177.229126 7.500000 -10.182927 1.463415 1191.000000 1168.000000 1181.000000 1178.000000 0.000594 0.000150 0.000000 88.703087 
-0.798615 -7.647766 -177.725372 2.682927 -7.378049 1.890244 1171.000000 1188.000000 1186.000000 1173.000000 0.000594 0.000150 0.000000 88.891876 
0.549842 -6.165313 -178.323425 5.426829 -9.146341 1.585366 1192.000000 1167.000000 1188.000000 1171.000000 0.000595 0.000150 0.000000 89.148148 
1.843756 -4.925179 -178.694901 2.560976 -6.951220 1.341463 1177.000000 1182.000000 1186.000000 1173.000000 0.000594 0.000150 0.000000 89.308533 
2.738043 -4.288105 -179.009827 1.341463 -4.695122 1.524390 1179.000000 1180.000000 1185.000000 1174.000000 0.000595 0.000151 0.000000 89.454185 
3.326890 -4.005021 -179.268143 0.000000 -3.536585 0.914634 1182.000000 1177.000000 1186.000000 1173.000000 0.000594 0.000163 0.000000 89.576324 
3.608895 -3.698537 -179.544922 0.914634 -4.573171 2.073171 1188.000000 1173.000000 1186.000000 1175.000000 0.000595 0.000168 0.000000 89.714470 
4.172882 -3.212132 -179.812653 -1.585366 -1.707317 1.341463 1172.000000 1187.000000 1185.000000 1174.000000 0.000594 0.000173 0.000000 89.847961 
4.026051 -3.222724 179.993881 -2.865854 -0.304878 0.914634 1180.000000 1179.000000 1187.000000 1172.000000 0.000594 0.000179 0.000000 89.946465 
4.045489 -3.169506 179.762650 0.487805 -4.329268 0.914634 1195.000000 1164.000000 1185.000000 1174.000000 0.000595 0.000183 0.000000 90.062622 
5.498924 -1.682815 179.343887 0.914634 -4.268293 2.134146 1172.000000 1187.000000 1185.000000 1174.000000 0.000594 0.000187 0.000000 90.287277 
5.749202 -1.452478 179.150909 -1.463415 -2.134146 0.243902 1182.000000 1179.000000 1187.000000 1174.000000 0.000595 0.000191 0.000000 90.387558 
5.935595 -1.379812 178.933426 -1.158537 -2.012195 1.585366 1179.000000 1180.000000 1188.000000 1171.000000 0.000594 0.000196 0.000000 90.496819 
5.752693 -1.775785 178.718933 -4.512195 0.731707 1.707317 1180.000000 1179.000000 1187.000000 1172.000000 0.000594 0.000203 0.000000 90.595093 
6.126926 -1.428956 178.483276 2.256098 -5.365854 1.951220 1198.000000 1161.000000 1188.000000 1171.000000 0.000595 0.000208 0.000000 90.719040 
6.461349 -1.266805 178.285980 -6.402439 3.536585 1.036585 1149.000000 1210.000000 1185.000000 1174.000000 0.000594 0.000208 0.000000 90.819901 
4.998179 -2.675893 178.148972 -8.292683 5.060976 0.975610 1187.000000 1174.000000 1185.000000 1176.000000 0.000595 0.000208 0.000000 90.866051 
5.559424 -2.068177 177.859589 11.829268 -16.829269 1.768293 1255.000000 1104.000000 1187.000000 1172.000000 0.000594 0.000208 0.000000 91.018631 
8.035007 -0.217345 177.561722 3.902439 -7.682927 -5.609756 1235.000000 1124.000000 1189.000000 1170.000000 0.000594 0.000208 0.000000 91.208519 
10.178543 1.917725 177.454636 4.878049 -9.146341 4.756098 1160.000000 1199.000000 1191.000000 1168.000000 0.000595 0.000208 0.000000 91.352547 
10.790256 2.485629 177.126770 0.426829 -4.329268 4.024390 1190.000000 1169.000000 1191.000000 1168.000000 0.000594 0.000208 0.000000 91.546768 
11.674491 3.187960 177.082535 2.073171 -5.000000 -1.829268 1186.000000 1173.000000 1181.000000 1178.000000 0.000594 0.000208 0.000000 91.612701 
11.800862 3.352950 177.031555 -5.426829 1.036585 3.536585 1172.000000 1187.000000 1193.000000 1166.000000 0.000595 0.000208 0.000000 91.648048 
11.572167 3.277302 176.760742 0.182927 -3.902439 2.073171 1209.000000 1150.000000 1189.000000 1170.000000 0.000594 0.000208 0.000000 91.775902 
12.461933 4.173793 176.793320 1.158537 -3.353659 -1.768293 1178.000000 1183.000000 1183.000000 1178.000000 0.000595 0.000208 0.000000 91.819275 
11.640956 3.594199 176.616104 -11.646341 8.048780 3.231707 1151.000000 1208.000000 1189.000000 1170.000000 0.000594 0.000208 0.000000 91.864624 
11.410820 3.158871 176.216431 3.475610 -8.597561 -2.317073 1195.000000 1164.000000 1192.000000 1167.000000 0.000594 0.000208 0.000000 92.038696 
11.352946 3.144000 176.168167 -4.329268 1.036585 1.341463 1180.000000 1179.000000 1181.000000 1178.000000 0.000595 0.000208 0.000000 92.061272 
11.592223 3.202148 175.880081 0.426829 -2.987805 4.390244 1191.000000 1168.000000 1184.000000 1175.000000 0.000594 0.000208 0.000000 92.210297 
11.261213 2.995510 175.790573 -7.682927 3.719512 -1.890244 1163.000000 1196.000000 1193.000000 1166.000000 0.000594 0.000208 0.000000 92.240776 
10.465148 2.225041 175.616486 -2.926829 0.060976 3.414634 1199.000000 1160.000000 1184.000000 1175.000000 0.000595 0.000197 0.000000 92.283669 
10.572825 2.470381 175.354950 -0.182927 -2.621951 2.804878 1189.000000 1170.000000 1183.000000 1176.000000 0.000594 0.000195 0.000000 92.425911 
10.095829 1.912944 175.281418 -11.524390 7.134147 -1.341463 1152.000000 1207.000000 1193.000000 1166.000000 0.000594 0.000183 0.000000 92.433960 
8.217430 0.198324 175.078674 -7.500000 5.365854 3.048780 1194.000000 1165.000000 1183.000000 1176.000000 0.000595 0.000176 0.000000 92.461433 
9.507141 1.342157 174.664749 -1.707317 -2.073171 -2.195122 1155.000000 1204.000000 1188.000000 1171.000000 0.000594 0.000176 0.000000 92.713875 
8.907714 0.723802 174.569199 -4.573171 0.914634 2.073171 1193.000000 1166.000000 1184.000000 1175.000000 0.000595 0.000176 0.000000 92.735237 
8.910938 0.704785 174.248596 -2.378049 -0.304878 3.475610 1179.000000 1180.000000 1185.000000 1174.000000 0.000595 0.000176 0.000000 92.894333 
8.275284 0.219819 174.147873 -6.524390 3.231707 -1.341463 1174.000000 1185.000000 1189.000000 1170.000000 0.000594 0.000176 0.000000 92.926353 
8.058865 -0.083878 173.988159 0.060976 -3.231707 2.682927 1203.000000 1158.000000 1186.000000 1175.000000 0.000595 0.000177 0.000000 92.995537 
8.528153 0.268110 173.715897 -2.317073 -0.853659 2.865854 1172.000000 1187.000000 1184.000000 1175.000000 0.000595 0.000176 0.000000 93.143303 
7.921658 -0.293394 173.626434 -7.743903 4.390244 -0.914634 1171.000000 1188.000000 1186.000000 1173.000000 0.000594 0.000176 0.000000 93.169022 
7.470254 -0.706366 173.437988 -0.304878 -2.439024 3.353659 1205.000000 1156.000000 1186.000000 1175.000000 0.000595 0.000176 0.000000 93.250961 
8.234497 0.011069 173.077164 -6.524390 2.743902 -0.670732 1164.000000 1195.000000 1187.000000 1172.000000 0.000595 0.000176 0.000000 93.452873 
7.570113 -0.534586 172.948074 -4.939024 2.012195 1.768293 1185.000000 1174.000000 1187.000000 1172.000000 0.000594 0.000176 0.000000 93.500587 
7.091760 -0.819292 172.725952 -4.634146 1.890244 2.317073 1185.000000 1174.000000 1186.000000 1173.000000 0.000595 0.000176 0.000000 93.604630 
6.005024 -1.675111 172.552780 -8.414635 4.878049 0.182927 1179.000000 1180.000000 1188.000000 1171.000000 0.000595 0.000176 0.000000 93.674225 
4.773918 -2.624985 172.443329 -8.536586 4.817073 1.341463 1184.000000 1175.000000 1190.000000 1169.000000 0.000594 0.000176 0.000000 93.719406 
3.477447 -3.702981 172.279617 -9.207317 6.768293 1.829268 1174.000000 1185.000000 1184.000000 1175.000000 0.000594 0.000176 0.000000 93.800224 
1.932394 -4.886090 172.129257 -8.109756 5.426829 2.317073 1165.000000 1194.000000 1183.000000 1176.000000 0.000595 0.000176 0.000000 93.890045 
1.363245 -5.490450 171.917725 1.768293 -5.487805 0.304878 1200.000000 1161.000000 1187.000000 1174.000000 0.000594 0.000176 0.000000 94.003563 
4.273021 -3.124672 171.364151 1.341463 -5.060976 1.585366 1150.000000 1211.000000 1184.000000 1177.000000 0.000594 0.000176 0.000000 94.255081 
4.789490 -2.668826 171.089294 4.390244 -8.353659 1.890244 1193.000000 1166.000000 1187.000000 1172.000000 0.000595 0.000176 0.000000 94.394493 
6.592830 -0.934110 170.812363 8.597561 -12.378049 1.219512 1186.000000 1173.000000 1184.000000 1175.000000 0.000594 0.000176 0.000000 94.559196 
8.477319 0.739202 170.623062 6.707317 -11.402439 1.097561 1181.000000 1180.000000 1189.000000 1172.000000 0.000594 0.000176 0.000000 94.702843 
10.673510 2.670591 170.513550 10.914635 -14.878049 1.890244 1199.000000 1160.000000 1184.000000 1175.000000 0.000595 0.000176 0.000000 94.845520 
13.138084 4.958531 170.533554 8.170732 -12.256098 1.036585 1185.000000 1174.000000 1184.000000 1175.000000 0.000594 0.000176 0.000000 94.981255 
14.460889 6.128163 170.535614 1.036585 -4.695122 1.097561 1184.000000 1175.000000 1182.000000 1177.000000 0.000594 0.000176 0.000000 95.073303 
14.747039 6.429224 170.481384 -1.524390 -1.463415 1.646341 1203.000000 1158.000000 1186.000000 1175.000000 0.000595 0.000176 0.000000 95.124847 
13.619076 5.506123 170.208817 -9.695122 7.378049 1.768293 1188.000000 1171.000000 1185.000000 1174.000000 0.000595 0.000176 0.000000 95.181709 
12.241556 4.102675 169.949432 -10.000000 7.195122 1.890244 1190.000000 1169.000000 1185.000000 1174.000000 0.000594 0.000176 0.000000 95.212059 
10.282680 2.457700 169.688828 -12.743903 9.695122 1.402439 1183.000000 1178.000000 1189.000000 1172.000000 0.000595 0.000176 0.000000 95.243721 
8.074122 0.587553 169.472122 -13.292684 10.975610 0.853659 1184.000000 1175.000000 1185.000000 1174.000000 0.000594 0.000176 0.000000 95.271446 
5.492426 -1.700962 169.282639 -12.621951 10.121951 2.134146 1184.000000 1175.000000 1185.000000 1174.000000 0.000595 0.000176 0.000000 95.311172 
3.250994 -3.833910 169.164368 -14.756098 11.768293 0.914634 1176.000000 1183.000000 1187.000000 1172.000000 0.000594 0.000176 0.000000 95.358215 
1.398909 -5.722722 169.055771 -9.085366 6.707317 1.219512 1191.000000 1168.000000 1185.000000 1174.000000 0.000594 0.000176 0.000000 95.429947 
-0.226190 -7.160814 168.955673 -11.341464 9.268292 1.890244 1170.000000 1189.000000 1184.000000 1175.000000 0.000595 0.000176 0.000000 95.518410 
-2.234628 -8.839339 168.913681 -10.365854 7.073171 1.402439 1185.000000 1174.000000 1186.000000 1173.000000 0.000594 0.000176 0.000000 95.611671 
-3.384204 -10.046835 168.811676 -6.951220 4.512195 1.646341 1175.000000 1184.000000 1184.000000 1175.000000 0.000595 0.000176 0.000000 95.718323 
-4.488822 -11.189131 168.710785 -6.768293 4.512195 0.426829 1162.000000 1197.000000 1184.000000 1175.000000 0.000594 0.000176 0.000000 95.832092 
-5.274997 -11.702373 168.487976 -0.975610 -3.292683 2.134146 1191.000000 1168.000000 1189.000000 1170.000000 0.000595 0.000176 0.000000 95.988663 
-3.508029 -10.182032 167.671097 -7.317073 3.109756 -0.792683 1124.000000 1235.000000 1187.000000 1172.000000 0.000594 0.000176 0.000000 96.292786 
-4.553922 -11.372273 167.613495 -2.378049 -0.731707 2.378049 1199.000000 1162.000000 1184.000000 1177.000000 0.000595 0.000176 0.000000 96.383347 
-3.883998 -10.871572 167.097794 0.731707 -4.695122 3.475610 1168.000000 1191.000000 1191.000000 1168.000000 0.000594 0.000176 0.000000 96.602219 
-3.643777 -10.432075 166.757889 0.121951 -3.536585 -0.182927 1176.000000 1183.000000 1188.000000 1171.000000 0.000594 0.000176 0.000000 96.755783 
-2.634734 -9.442122 166.315552 4.695122 -9.268292 0.548781 1186.000000 1173.000000 1187.000000 1172.000000 0.000595 0.000176 0.000000 96.925507 
-1.680397 -8.545799 165.849228 0.914634 -4.024390 3.475610 1167.000000 1192.000000 1184.000000 1175.000000 0.000594 0.000176 0.000000 97.117455 
-0.934031 -7.761635 165.420441 4.268293 -9.146341 1.097561 1198.000000 1161.000000 1189.000000 1170.000000 0.000595 0.000176 0.000000 97.304337 
0.871438 -6.090880 164.952545 8.719512 -12.195122 0.304878 1191.000000 1168.000000 1184.000000 1175.000000 0.000594 0.000176 0.000000 97.489677 
1.522852 -5.461483 164.563751 -3.170732 1.646341 1.646341 1179.000000 1182.000000 1182.000000 1179.000000 0.000595 0.000176 0.000000 97.672348 
2.321717 -4.857690 164.208740 2.012195 -6.158537 2.195122 1183.000000 1176.000000 1186.000000 1173.000000 0.000594 0.000176 0.000000 97.837669 
2.634109 -4.507006 163.945389 -1.768293 -0.975610 1.707317 1173.000000 1186.000000 1185.000000 1174.000000 0.000594 0.000176 0.000000 97.967148 
2.985407 -4.267131 163.693146 1.585366 -4.390244 0.365854 1188.000000 1171.000000 1182.000000 1177.000000 0.000595 0.000176 0.000000 98.089394 
3.291484 -3.994567 163.445404 -2.926829 -1.463415 2.500000 1168.000000 1191.000000 1190.000000 1169.000000 0.000594 0.000176 0.000000 98.211456 
3.054479 -4.297708 163.194931 -1.524390 -0.975610 1.036585 1184.000000 1175.000000 1183.000000 1176.000000 0.000595 0.000176 0.000000 98.336334 
3.576371 -3.895013 162.928116 2.012195 -5.914634 1.707317 1191.000000 1168.000000 1188.000000 1171.000000 0.000594 0.000168 0.000000 98.466034 
4.047543 -3.637403 162.687561 -5.426829 0.914634 1.219512 1158.000000 1201.000000 1189.000000 1170.000000 0.000594 0.000152 0.000000 98.582176 
3.121474 -4.602953 162.371307 3.597561 -7.926829 2.073171 1209.000000 1150.000000 1190.000000 1169.000000 0.000595 0.000152 0.000000 98.741219 
3.878115 -3.929491 162.074173 -0.548781 -2.682927 0.548781 1170.000000 1189.000000 1183.000000 1176.000000 0.000594 0.000152 0.000000 98.885971 
4.290208 -3.266647 161.827835 2.682927 -6.036585 1.585366 1191.000000 1168.000000 1188.000000 1171.000000 0.000595 0.000152 0.000000 99.014824 
4.534895 -2.990615 161.573975 -3.902439 0.853659 1.402439 1165.000000 1194.000000 1184.000000 1175.000000 0.000594 0.000152 0.000000 99.143425 
4.119806 -3.504256 161.397446 -3.841464 0.304878 1.341463 1181.000000 1178.000000 1188.000000 1171.000000 0.000595 0.000152 0.000000 99.227867 
4.349956 -3.081041 161.136612 1.463415 -5.365854 1.402439 1190.000000 1169.000000 1186.000000 1173.000000 0.000595 0.000152 0.000000 99.362946 
4.318664 -3.070050 160.898895 -7.378049 3.597561 1.219512 1155.000000 1204.000000 1186.000000 1173.000000 0.000594 0.000152 0.000000 99.482422 
2.506253 -4.764805 160.823517 -12.743903 10.182927 1.219512 1164.000000 1195.000000 1186.000000 1173.000000 0.000595 0.000152 0.000000 99.525490 
1.779115 -5.736099 160.613724 -23.841463 22.012196 -5.792683 1100.000000 1284.000000 1181.000000 1178.000000 0.000594 0.000152 0.000000 99.635201 
-3.427909 -10.664073 161.157883 -21.890244 18.292683 5.121951 1185.000000 1174.000000 1191.000000 1168.000000 0.000594 0.000152 0.000000 99.534950 
-5.438591 -12.418733 160.938248 -7.317073 3.902439 8.536586 1174.000000 1185.000000 1188.000000 1171.000000 0.000595 0.000152 0.000000 99.757759 
-6.434917 -13.302297 160.754105 -5.426829 3.963415 -0.792683 1170.000000 1189.000000 1181.000000 1178.000000 0.000594 0.000152 0.000000 99.914948 
-6.700249 -13.500158 160.632324 -0.914634 -5.731708 -3.597561 1192.000000 1169.000000 1201.000000 1160.000000 0.000595 0.000152 0.000000 99.993164 
-5.780942 -12.753499 160.192459 2.804878 -5.426829 3.719512 1172.000000 1187.000000 1179.000000 1180.000000 0.000594 0.000152 0.000000 100.150223 
-5.512385 -12.208364 159.575165 -0.304878 -1.951220 6.158537 1170.000000 1189.000000 1182.000000 1177.000000 0.000594 0.000152 0.000000 100.435066 
-4.892770 -11.444669 159.106186 5.121951 -10.182927 -1.768293 1195.000000 1164.000000 1189.000000 1170.000000 0.000595 0.000152 0.000000 100.628586 
-2.273968 -8.738605 158.250519 0.365854 -4.695122 -0.060976 1161.000000 1198.000000 1187.000000 1172.000000 0.000594 0.000152 0.000000 100.927208 
-1.474419 -8.073987 157.805542 3.353659 -7.134147 5.304878 1190.000000 1169.000000 1187.000000 1172.000000 0.000594 0.000152 0.000000 101.120323 
-0.548055 -7.206645 157.288635 2.682927 -5.914634 1.280488 1177.000000 1182.000000 1184.000000 1175.000000 0.000595 0.000152 0.000000 101.350021 
0.239507 -6.213911 157.021576 2.378049 -7.012195 -1.036585 1182.000000 1177.000000 1188.000000 1171.000000 0.000594 0.000152 0.000000 101.465576 
1.332159 -5.455462 156.721008 1.524390 -5.609756 0.914634 1178.000000 1181.000000 1187.000000 1172.000000 0.000595 0.000152 0.000000 101.593628 
2.100438 -4.657652 156.354828 1.585366 -5.243903 3.414634 1179.000000 1180.000000 1186.000000 1173.000000 0.000595 0.000152 0.000000 101.768005 
2.675751 -4.182479 156.030334 -0.426829 -3.170732 2.012195 1178.000000 1181.000000 1185.000000 1174.000000 0.000594 0.000152 0.000000 101.924614 
2.844032 -4.256741 155.840088 -2.987805 -0.365854 -0.670732 1173.000000 1188.000000 1186.000000 1175.000000 0.000595 0.000152 0.000000 102.014931 
3.261787 -3.994844 155.443039 2.743902 -4.939024 2.804878 1189.000000 1170.000000 1182.000000 1177.000000 0.000594 0.000152 0.000000 102.209030 
3.868920 -3.355627 155.151917 -0.121951 -3.841464 1.463415 1176.000000 1183.000000 1188.000000 1171.000000 0.000594 0.000152 0.000000 102.354828 
4.424288 -3.051882 154.898331 0.731707 -4.268293 0.731707 1182.000000 1177.000000 1187.000000 1172.000000 0.000595 0.000152 0.000000 102.477928 
4.694339 -2.839213 154.716904 -2.987805 0.060976 0.670732 1173.000000 1186.000000 1185.000000 1174.000000 0.000594 0.000152 0.000000 102.568703 
4.674796 -2.833050 154.476288 -1.707317 -2.500000 2.439024 1187.000000 1172.000000 1189.000000 1170.000000 0.000594 0.000152 0.000000 102.689339 
5.017658 -2.543335 154.205597 0.487805 -3.658537 1.524390 1182.000000 1177.000000 1184.000000 1175.000000 0.000595 0.000152 0.000000 102.825737 
4.954434 -2.606661 154.021759 -6.219512 2.378049 -0.304878 1164.000000 1195.000000 1188.000000 1171.000000 0.000594 0.000152 0.000000 102.917038 
4.080758 -3.362164 153.847748 -3.902439 0.670732 2.317073 1184.000000 1175.000000 1187.000000 1172.000000 0.000594 0.000152 0.000000 103.002136 
4.842459 -2.449966 153.443542 -6.097561 2.134146 0.548781 1157.000000 1202.000000 1187.000000 1172.000000 0.000595 0.000152 0.000000 103.211327 
3.483637 -3.568977 153.342056 -5.975610 4.268293 1.097561 1184.000000 1175.000000 1182.000000 1177.000000 0.000594 0.000152 0.000000 103.261894 
2.955932 -3.812796 153.122589 -4.695122 0.548781 1.890244 1174.000000 1185.000000 1189.000000 1170.000000 0.000594 0.000152 0.000000 103.377411 
2.365804 -4.429583 152.916077 -3.780488 1.524390 1.768293 1180.000000 1179.000000 1183.000000 1176.000000 0.000595 0.000152 0.000000 103.483009 
2.674422 -4.188695 152.638763 3.231707 -7.256098 0.609756 1198.000000 1161.000000 1188.000000 1171.000000 0.000594 0.000152 0.000000 103.618652 
3.573098 -3.417534 152.360184 -0.731707 -3.597561 1.097561 1171.000000 1188.000000 1187.000000 1172.000000 0.000594 0.000152 0.000000 103.753540 
3.327625 -3.789158 152.123505 -5.243903 3.048780 1.951220 1169.000000 1190.000000 1182.000000 1177.000000 0.000595 0.000152 0.000000 103.869492 
3.340838 -3.849781 151.880096 1.707317 -6.890244 0.914634 1204.000000 1155.000000 1192.000000 1167.000000 0.000594 0.000152 0.000000 103.989662 
5.726369 -1.545739 151.425522 -1.036585 -3.292683 1.585366 1165.000000 1194.000000 1191.000000 1168.000000 0.000594 0.000152 0.000000 104.229095 
5.905353 -1.587316 151.243713 -1.524390 -1.463415 1.707317 1186.000000 1175.000000 1187.000000 1174.000000 0.000595 0.000152 0.000000 104.316368 
6.300208 -1.132567 150.991959 1.219512 -4.207317 1.097561 1189.000000 1170.000000 1183.000000 1176.000000 0.000595 0.000152 0.000000 104.449791 
6.640209 -0.946758 150.794159 -2.621951 -1.097561 1.585366 1173.000000 1186.000000 1187.000000 1172.000000 0.000594 0.000152 0.000000 104.549950 
6.754551 -0.960862 150.598999 -0.487805 -3.292683 1.158537 1195.000000 1164.000000 1189.000000 1170.000000 0.000594 0.000152 0.000000 104.645569 
7.199930 -0.448578 150.396744 -0.853659 -2.621951 1.219512 1174.000000 1185.000000 1189.000000 1170.000000 0.000595 0.000152 0.000000 104.757561 
6.887156 -0.769529 150.214096 -5.365854 2.743902 1.341463 1171.000000 1188.000000 1185.000000 1174.000000 0.000594 0.000152 0.000000 104.841995 
6.731425 -0.914356 150.020035 0.548781 -5.243903 1.280488 1202.000000 1157.000000 1189.000000 1170.000000 0.000591 0.000152 0.000000 104.936195 
8.462903 0.477358 149.672104 -1.097561 -2.256098 1.463415 1173.000000 1186.000000 1185.000000 1174.000000 0.000595 0.000152 0.000000 105.139099 
8.004624 0.296709 149.505249 -2.682927 -0.243902 1.890244 1185.000000 1174.000000 1185.000000 1174.000000 0.000594 0.000152 0.000000 105.219597 
8.310697 0.485102 149.322037 -0.853659 -2.682927 1.280488 1187.000000 1172.000000 1187.000000 1172.000000 0.000595 0.000152 0.000000 105.315109 
8.334164 0.560639 149.160049 -4.390244 1.036585 0.609756 1176.000000 1185.000000 1188.000000 1173.000000 0.000595 0.000152 0.000000 105.398384 
8.208659 0.396049 148.992737 -0.609756 -2.134146 1.707317 1195.000000 1164.000000 1184.000000 1175.000000 0.000595 0.000152 0.000000 105.476952 
8.350563 0.638316 148.803848 -3.902439 0.365854 1.951220 1171.000000 1188.000000 1185.000000 1174.000000 0.000595 0.000152 0.000000 105.578613 
7.476543 -0.166048 148.637619 -8.902439 5.792683 0.304878 1170.000000 1191.000000 1190.000000 1171.000000 0.000595 0.000152 0.000000 105.641541 
6.853707 -0.770741 148.437393 0.914634 -4.390244 1.951220 1209.000000 1150.000000 1187.000000 1172.000000 0.000594 0.000152 0.000000 105.728951 
8.066949 0.328772 148.139832 -8.231708 4.878049 0.853659 1153.000000 1206.000000 1185.000000 1174.000000 0.000595 0.000152 0.000000 105.901077 
6.632748 -0.947760 147.928162 -5.792683 3.170732 2.012195 1189.000000 1170.000000 1186.000000 1173.000000 0.000594 0.000152 0.000000 105.980370 
6.326727 -1.227255 147.743652 -4.695122 1.646341 1.402439 1184.000000 1175.000000 1189.000000 1170.000000 0.000594 0.000152 0.000000 106.068123 
5.481500 -1.994617 147.561478 -8.475610 5.365854 0.365854 1179.000000 1180.000000 1187.000000 1172.000000 0.000595 0.000152 0.000000 106.150009 
3.901149 -3.536480 147.436096 -12.317074 9.634147 1.768293 1174.000000 1185.000000 1186.000000 1173.000000 0.000595 0.000152 0.000000 106.204124 
1.823363 -5.617701 147.368057 -11.829268 9.512196 0.853659 1185.000000 1174.000000 1186.000000 1173.000000 0.000595 0.000152 0.000000 106.249039 
0.484535 -6.762435 147.239166 -5.182927 2.195122 2.073171 1198.000000 1161.000000 1187.000000 1172.000000 0.000595 0.000152 0.000000 106.336662 
-0.118221 -7.468225 147.049576 -7.073171 4.268293 1.280488 1171.000000 1190.000000 1186.000000 1175.000000 0.000595 0.000152 0.000000 106.443092 
-2.925705 -9.849272 146.975525 -6.097561 3.841464 1.463415 1185.000000 1174.000000 1183.000000 1176.000000 0.000594 0.000152 0.000000 106.569595 
-2.916610 -9.635910 146.620865 0.975610 -5.060976 1.341463 1182.000000 1177.000000 1187.000000 1172.000000 0.000595 0.000152 0.000000 106.745804 
-2.468406 -9.215760 146.249924 0.304878 -3.597561 1.219512 1175.000000 1184.000000 1186.000000 1173.000000 0.000595 0.000152 0.000000 106.913994 
-1.467334 -8.378097 145.791107 6.036585 -10.060976 1.402439 1192.000000 1167.000000 1185.000000 1174.000000 0.000595 0.000152 0.000000 107.109489 
0.188080 -6.806843 145.294983 5.609756 -10.060976 0.975610 1183.000000 1176.000000 1187.000000 1172.000000 0.000595 0.000152 0.000000 107.315331 
1.161141 -5.868800 144.903656 1.219512 -5.609756 1.463415 1174.000000 1185.000000 1187.000000 1172.000000 0.000595 0.000152 0.000000 107.493774 
2.196253 -4.926846 144.558640 5.548780 -8.597561 1.890244 1195.000000 1166.000000 1186.000000 1175.000000 0.000595 0.000152 0.000000 107.653214 
3.805126 -3.347502 144.199127 6.951220 -11.829268 1.036585 1194.000000 1165.000000 1189.000000 1170.000000 0.000594 0.000152 0.000000 107.826797 
5.394299 -1.852125 143.806488 -1.158537 -2.621951 1.219512 1178.000000 1181.000000 1187.000000 1172.000000 0.000595 0.000152 0.000000 108.029999 
6.078799 -1.238652 143.558426 3.597561 -7.134147 1.646341 1194.000000 1165.000000 1187.000000 1172.000000 0.000595 0.000152 0.000000 108.160332 
7.120598 -0.438028 143.363647 1.890244 -4.085366 1.402439 1179.000000 1180.000000 1181.000000 1178.000000 0.000595 0.000152 0.000000 108.267830 
7.376083 -0.089712 143.171310 -0.975610 -2.987805 2.195122 1184.000000 1175.000000 1189.000000 1170.000000 0.000595 0.000152 0.000000 108.371956 
7.879148 0.439444 142.948410 -0.060976 -3.170732 0.792683 1186.000000 1173.000000 1184.000000 1175.000000 0.000595 0.000152 0.000000 108.495384 
8.086616 0.642554 142.764633 -2.073171 -1.951220 1.341463 1181.000000 1178.000000 1187.000000 1172.000000 0.000595 0.000152 0.000000 108.592003 
8.083220 0.575145 142.536453 -1.707317 -1.585366 2.621951 1186.000000 1173.000000 1187.000000 1172.000000 0.000595 0.000152 0.000000 108.703484 
8.537015 0.861879 142.366684 1.585366 -4.451220 0.792683 1195.000000 1164.000000 1184.000000 1175.000000 0.000595 0.000152 0.000000 108.794029 
9.004188 1.407830 142.219727 -0.792683 -3.292683 0.914634 1184.000000 1175.000000 1189.000000 1170.000000 0.000595 0.000152 0.000000 108.883423 
9.080571 1.445928 142.037643 -2.378049 -0.426829 0.975610 1183.000000 1176.000000 1184.000000 1175.000000 0.000595 0.000152 0.000000 108.974998 
9.109838 1.440309 141.858673 -0.914634 -2.012195 0.670732 1189.000000 1170.000000 1185.000000 1174.000000 0.000595 0.000152 0.000000 109.063736 
9.418405 1.624075 141.681564 0.000000 -4.268293 2.073171 1190.000000 1169.000000 1189.000000 1170.000000 0.000595 0.000152 0.000000 109.156693 
10.248262 2.337399 141.435181 -0.975610 -2.804878 1.463415 1185.000000 1174.000000 1188.000000 1171.000000 0.000595 0.000152 0.000000 109.302528 
10.481631 2.663439 141.304504 -0.182927 -2.621951 1.463415 1190.000000 1169.000000 1184.000000 1175.000000 0.000595 0.000152 0.000000 109.379875 
10.753576 2.834966 141.145599 -1.646341 -1.463415 1.036585 1183.000000 1176.000000 1188.000000 1171.000000 0.000595 0.000152 0.000000 109.464943 
10.871974 2.990370 141.013443 -2.500000 -1.524390 0.792683 1187.000000 1172.000000 1189.000000 1170.000000 0.000595 0.000152 0.000000 109.536819 
11.068677 3.052632 140.841202 -0.243902 -2.378049 1.524390 1193.000000 1166.000000 1185.000000 1174.000000 0.000595 0.000152 0.000000 109.624397 
11.036777 2.857638 140.666779 -4.695122 2.500000 1.524390 1177.000000 1182.000000 1185.000000 1174.000000 0.000595 0.000152 0.000000 109.702759 
10.096199 2.259666 140.481750 -5.182927 1.768293 1.951220 1190.000000 1171.000000 1190.000000 1171.000000 0.000595 0.000152 0.000000 109.774719 
9.902283 2.077380 140.293884 -1.219512 -1.768293 0.975610 1198.000000 1161.000000 1186.000000 1173.000000 0.000594 0.000152 0.000000 109.862114 
9.295276 1.549755 140.034409 -6.341464 3.231707 0.853659 1183.000000 1176.000000 1185.000000 1174.000000 0.000595 0.000152 0.000000 109.975174 
8.585375 0.795081 139.793457 -4.756098 2.378049 1.463415 1184.000000 1175.000000 1184.000000 1175.000000 0.000595 0.000152 0.000000 110.073700 
7.763722 -0.032266 139.609726 -7.743903 4.756098 1.463415 1178.000000 1181.000000 1187.000000 1172.000000 0.000595 0.000152 0.000000 110.145699 
6.530293 -1.207177 139.432541 -8.902439 6.097561 1.280488 1178.000000 1181.000000 1185.000000 1174.000000 0.000595 0.000152 0.000000 110.213821 
5.588950 -2.192271 139.257401 -6.158537 3.536585 1.524390 1186.000000 1173.000000 1185.000000 1174.000000 0.000595 0.000152 0.000000 110.288696 
4.817963 -2.755293 139.058884 -4.695122 1.646341 2.134146 1185.000000 1174.000000 1186.000000 1173.000000 0.000595 0.000152 0.000000 110.387604 
4.135555 -3.252338 138.880859 -6.341464 2.804878 1.341463 1178.000000 1183.000000 1188.000000 1173.000000 0.000595 0.000152 0.000000 110.478279 
3.279721 -3.995661 138.708374 -6.341464 3.536585 0.731707 1180.000000 1179.000000 1186.000000 1173.000000 0.000595 0.000152 0.000000 110.566719 
2.935328 -4.174863 138.341568 -1.646341 -1.463415 1.768293 1180.000000 1179.000000 1186.000000 1173.000000 0.000595 0.000152 0.000000 110.754166 
2.548321 -4.430072 138.115997 -1.951220 -0.731707 1.463415 1188.000000 1173.000000 1185.000000 1176.000000 0.000595 0.000152 0.000000 110.870972 
2.813051 -4.214449 137.846466 -1.158537 -3.292683 1.036585 1186.000000 1173.000000 1190.000000 1169.000000 0.000594 0.000152 0.000000 111.003487 
2.859681 -4.176338 137.595215 -1.341463 -1.341463 1.341463 1184.000000 1175.000000 1183.000000 1176.000000 0.000595 0.000152 0.000000 111.128647 
2.777567 -4.237318 137.363037 -2.012195 -0.731707 2.073171 1183.000000 1176.000000 1185.000000 1174.000000 0.000595 0.000152 0.000000 111.245316 
3.056393 -3.977830 137.090378 -0.365854 -3.536585 1.158537 1189.000000 1170.000000 1188.000000 1171.000000 0.000594 0.000152 0.000000 111.380226 
3.170816 -3.877922 136.845963 -3.353659 -0.182927 0.914634 1174.000000 1185.000000 1188.000000 1171.000000 0.000595 0.000152 0.000000 111.501762 
2.609202 -4.545502 136.649780 -4.451220 2.682927 1.524390 1178.000000 1181.000000 1182.000000 1177.000000 0.000595 0.000152 0.000000 111.599586 
2.603752 -4.686016 136.275909 -7.439024 5.365854 -0.060976 1160.000000 1199.000000 1177.000000 1182.000000 0.000594 0.000152 0.000000 111.783707 
0.997823 -6.143215 136.182526 -8.109756 4.756098 1.585366 1186.000000 1173.000000 1187.000000 1172.000000 0.000595 0.000152 0.000000 111.848045 
0.392428 -6.504541 135.919846 -2.439024 -0.853659 3.109756 1188.000000 1171.000000 1187.000000 1172.000000 0.000595 0.000152 0.000000 111.991463 
0.475422 -6.440114 135.654297 -1.646341 -0.731707 0.853659 1181.000000 1178.000000 1184.000000 1175.000000 0.000594 0.000152 0.000000 112.122444 
0.341017 -6.538073 135.425705 -2.256098 -1.951220 -0.060976 1185.000000 1174.000000 1188.000000 1171.000000 0.000595 0.000152 0.000000 112.239120 
0.741784 -6.124153 135.114746 1.036585 -3.902439 2.500000 1185.000000 1174.000000 1185.000000 1174.000000 0.000595 0.000152 0.000000 112.388542 
0.941353 -5.943534 134.779129 -1.524390 -0.853659 2.195122 1178.000000 1181.000000 1185.000000 1174.000000 0.000594 0.000152 0.000000 112.553154 
0.998647 -5.783552 134.536087 -1.341463 -3.475610 -0.060976 1186.000000 1173.000000 1191.000000 1168.000000 0.000595 0.000152 0.000000 112.675293 
1.739722 -5.391132 134.126450 -2.317073 -1.158537 2.743902 1175.000000 1184.000000 1189.000000 1170.000000 0.000595 0.000152 0.000000 112.866272 
1.974570 -4.954332 133.805222 1.402439 -4.024390 2.134146 1189.000000 1170.000000 1183.000000 1176.000000 0.000594 0.000152 0.000000 113.028282 
2.378419 -4.470996 133.516327 -1.463415 -2.439024 0.853659 1173.000000 1186.000000 1188.000000 1171.000000 0.000595 0.000152 0.000000 113.171448 
2.448757 -4.589983 133.321945 -1.036585 -3.048780 0.304878 1183.000000 1178.000000 1189.000000 1172.000000 0.000595 0.000152 0.000000 113.264557 
2.877114 -4.115098 132.997757 1.219512 -3.536585 3.475610 1183.000000 1176.000000 1181.000000 1178.000000 0.000595 0.000152 0.000000 113.425591 
3.194624 -3.746890 132.717850 -1.463415 -3.292683 1.219512 1178.000000 1181.000000 1190.000000 1169.000000 0.000595 0.000152 0.000000 113.565742 
3.326312 -3.524570 132.510559 -0.609756 -1.768293 -0.121951 1182.000000 1177.000000 1182.000000 1177.000000 0.000595 0.000152 0.000000 113.671066 
3.396384 -3.526184 132.272598 -2.560976 -0.609756 2.500000 1172.000000 1187.000000 1185.000000 1174.000000 0.000595 0.000152 0.000000 113.788353 
2.998483 -4.240935 131.844391 0.487805 -3.231707 1.829268 1188.000000 1171.000000 1184.000000 1175.000000 0.000595 0.000152 0.000000 113.996078 
3.305544 -3.931067 131.625641 -1.829268 -3.170732 -0.000000 1177.000000 1182.000000 1191.000000 1168.000000 0.000595 0.000152 0.000000 114.104683 
3.215636 -4.155890 131.404190 -2.621951 0.670732 1.524390 1175.000000 1184.000000 1182.000000 1177.000000 0.000595 0.000152 0.000000 114.212456 
3.230199 -4.405957 131.120758 -2.560976 -1.402439 2.621951 1182.000000 1177.000000 1188.000000 1171.000000 0.000594 0.000151 0.000000 114.347992 
3.131753 -4.142632 130.888000 -2.560976 -0.487805 0.426829 1176.000000 1183.000000 1189.000000 1170.000000 0.000595 0.000150 0.000000 114.472565 
3.246780 -4.206641 130.703003 -2.743902 -0.609756 0.792683 1177.000000 1184.000000 1187.000000 1174.000000 0.000595 0.000150 0.000000 114.560699 
3.025930 -4.332062 130.443893 -2.439024 -1.585366 2.500000 1179.000000 1180.000000 1189.000000 1170.000000 0.000595 0.000150 0.000000 114.692795 
3.074593 -4.461043 130.176270 -2.560976 -0.121951 1.463415 1177.000000 1182.000000 1185.000000 1174.000000 0.000595 0.000150 0.000000 114.822334 
3.253679 -4.283009 129.767242 -2.560976 -0.060976 0.853659 1168.000000 1191.000000 1185.000000 1174.000000 0.000595 0.000150 0.000000 115.026054 
2.669510 -4.797513 129.591110 -4.634146 0.853659 2.012195 1182.000000 1177.000000 1187.000000 1172.000000 0.000595 0.000150 0.000000 115.117676 
2.729772 -4.556541 129.302490 -0.731707 -2.317073 1.951220 1179.000000 1180.000000 1187.000000 1172.000000 0.000621 0.000150 0.000000 115.265381 
2.696716 -4.654605 129.081650 -1.768293 -0.853659 0.548781 1179.000000 1180.000000 1183.000000 1176.000000 0.000644 0.000150 0.000000 115.374405 
2.857773 -4.584687 128.824234 -1.280488 -2.317073 1.524390 1178.000000 1181.000000 1188.000000 1171.000000 0.000658 0.000150 0.000000 115.500290 
2.688082 -4.675109 128.550629 -2.012195 -0.792683 1.890244 1177.000000 1184.000000 1186.000000 1175.000000 0.000671 0.000150 0.000000 115.639351 
2.839847 -4.560329 128.304565 -1.524390 -1.524390 0.914634 1178.000000 1181.000000 1185.000000 1174.000000 0.000673 0.000150 0.000000 115.760765 
3.012283 -4.525793 128.075165 -2.439024 -1.951220 1.402439 1177.000000 1184.000000 1191.000000 1170.000000 0.000673 0.000150 0.000000 115.871590 
3.500184 -4.020418 127.644844 1.341463 -5.548780 2.317073 1188.000000 1171.000000 1191.000000 1168.000000 0.000672 0.000150 0.000000 116.085770 
3.897770 -3.618848 127.399529 -1.097561 -1.646341 -0.121951 1173.000000 1186.000000 1181.000000 1178.000000 0.000673 0.000150 0.000000 116.208267 
3.817923 -3.606220 127.187889 -0.914634 -2.621951 1.707317 1183.000000 1176.000000 1187.000000 1172.000000 0.000673 0.000150 0.000000 116.316170 
4.080841 -3.018510 126.902115 -0.365854 -3.536585 2.621951 1179.000000 1180.000000 1188.000000 1171.000000 0.000673 0.000150 0.000000 116.467171 
4.226286 -2.894800 126.665871 -1.219512 -0.792683 0.487805 1179.000000 1180.000000 1181.000000 1178.000000 0.000673 0.000150 0.000000 116.584991 
4.506301 -2.878408 126.452484 -1.402439 -3.353659 1.280488 1185.000000 1174.000000 1192.000000 1167.000000 0.000673 0.000150 0.000000 116.685753 
4.828485 -2.680068 126.192871 -0.182927 -2.378049 1.646341 1180.000000 1179.000000 1184.000000 1175.000000 0.000673 0.000150 0.000000 116.813423 
4.692998 -2.822002 125.947449 -4.573171 2.439024 1.829268 1165.000000 1194.000000 1182.000000 1177.000000 0.000673 0.000150 0.000000 116.935188 
3.745310 -3.450495 125.626480 0.121951 -3.231707 0.121951 1193.000000 1170.000000 1185.000000 1178.000000 0.000673 0.000151 0.000000 117.101379 
3.922829 -3.271282 125.371658 -2.195122 -2.012195 2.987805 1175.000000 1182.000000 1191.000000 1166.000000 0.000672 0.000150 0.000000 117.228844 
3.968419 -3.040939 125.114365 -0.487805 -2.439024 1.158537 1184.000000 1175.000000 1184.000000 1175.000000 0.000673 0.000150 0.000000 117.361900 
4.092871 -2.964097 124.886131 -0.914634 -2.012195 0.365854 1209.000000 1204.000000 1212.000000 1201.000000 0.000673 0.000150 0.000000 117.474991 
4.127474 -2.890449 124.663094 -3.231707 -0.365854 1.768293 1239.000000 1250.000000 1254.000000 1235.000000 0.000673 0.000150 0.000000 117.587402 
3.748991 -3.734319 124.398552 -2.012195 -0.182927 1.768293 1247.000000 1240.000000 1247.000000 1240.000000 0.000673 0.000150 0.000000 117.707504 
3.744397 -3.733057 124.066452 -5.243903 1.585366 2.560976 1231.000000 1256.000000 1250.000000 1237.000000 0.000673 0.000150 0.000000 117.873466 
3.293753 -4.017517 123.851532 -2.073171 -1.280488 2.256098 1248.000000 1241.000000 1252.000000 1237.000000 0.000673 0.000150 0.000000 117.985153 
3.479910 -3.823948 123.603012 -0.670732 -1.951220 1.585366 1245.000000 1242.000000 1248.000000 1239.000000 0.000672 0.000150 0.000000 118.109230 
3.500361 -3.590830 123.366730 -2.621951 -1.585366 1.219512 1239.000000 1248.000000 1253.000000 1234.000000 0.000673 0.000150 0.000000 118.232292 
3.414049 -3.670468 123.173157 -4.695122 1.707317 0.487805 1230.000000 1257.000000 1248.000000 1239.000000 0.000673 0.000150 0.000000 118.329147 
2.904102 -4.201688 122.951981 -3.292683 -0.000000 1.036585 1246.000000 1241.000000 1250.000000 1237.000000 0.000673 0.000150 0.000000 118.439896 
3.342896 -4.001384 122.682533 -0.121951 -3.170732 1.158537 1242.000000 1245.000000 1250.000000 1237.000000 0.000673 0.000150 0.000000 118.568024 
2.983373 -4.145221 122.484146 -8.963415 6.646342 0.975610 1208.000000 1279.000000 1249.000000 1238.000000 0.000673 0.000150 0.000000 118.672806 
3.437997 -3.884964 122.049240 9.146341 -12.926829 1.158537 1259.000000 1228.000000 1251.000000 1236.000000 0.000673 0.000150 0.000000 118.884659 
3.918863 -3.449136 121.795059 -2.378049 -1.158537 0.975610 1229.000000 1258.000000 1251.000000 1236.000000 0.000673 0.000150 0.000000 119.010475 
4.754269 -2.808054 121.518326 5.060976 -9.146341 2.012195 1260.000000 1227.000000 1251.000000 1236.000000 0.000673 0.000150 0.000000 119.145439 
5.436575 -2.152180 121.259857 -3.109756 0.060976 2.134146 1219.000000 1268.000000 1249.000000 1238.000000 0.000673 0.000150 0.000000 119.277122 
5.592414 -1.859710 121.040161 4.451220 -8.353659 1.707317 1267.000000 1220.000000 1250.000000 1237.000000 0.000673 0.000150 0.000000 119.391777 
7.495700 0.046227 120.830170 6.219512 -10.487805 1.219512 1236.000000 1251.000000 1257.000000 1230.000000 0.000673 0.000150 0.000000 119.516876 
7.716982 0.262504 120.655945 -5.609756 2.560976 0.609756 1213.000000 1274.000000 1250.000000 1237.000000 0.000673 0.000150 0.000000 119.606804 
7.985825 0.576059 120.475182 9.024390 -12.926829 1.768293 1289.000000 1198.000000 1253.000000 1234.000000 0.000673 0.000150 0.000000 119.702538 
14.064408 6.046967 120.483147 4.451220 -7.926829 -0.000000 1207.000000 1280.000000 1249.000000 1238.000000 0.000673 0.000150 0.000000 119.836761 
14.529518 6.716308 120.525002 1.341463 -5.914634 1.158537 1267.000000 1220.000000 1254.000000 1233.000000 0.000673 0.000150 0.000000 119.843468 
15.238770 7.281861 120.484795 -2.865854 -0.487805 1.768293 1242.000000 1245.000000 1251.000000 1236.000000 0.000673 0.000150 0.000000 119.885368 
14.864892 6.652607 120.264565 -5.426829 2.378049 2.073171 1252.000000 1235.000000 1250.000000 1237.000000 0.000673 0.000150 0.000000 119.966385 
14.248886 5.983637 120.078209 -5.670732 2.926829 2.378049 1249.000000 1238.000000 1250.000000 1237.000000 0.000673 0.000150 0.000000 120.032143 
13.448433 5.270653 119.913506 -6.585366 3.292683 0.792683 1251.000000 1238.000000 1252.000000 1237.000000 0.000673 0.000150 0.000000 120.088974 
12.739305 4.278429 119.655708 -5.121951 1.951220 1.280488 1250.000000 1237.000000 1251.000000 1236.000000 0.000672 0.000150 0.000000 120.180733 
12.178456 4.075408 119.551521 -7.804878 5.243903 2.134146 1239.000000 1248.000000 1251.000000 1236.000000 0.000673 0.000150 0.000000 120.231026 
11.275812 3.279070 119.368088 -4.695122 2.012195 1.463415 1267.000000 1220.000000 1249.000000 1238.000000 0.000673 0.000151 0.000000 120.301300 
10.779155 2.738887 119.205063 -8.475610 4.939024 0.548781 1246.000000 1241.000000 1249.000000 1238.000000 0.000673 0.000150 0.000000 120.367935 
7.953114 0.266613 118.988251 -22.195122 21.219513 2.073171 1213.000000 1274.000000 1245.000000 1242.000000 0.000673 0.000151 0.000000 120.433777 
4.447398 -2.761845 118.913704 -11.829268 9.024390 1.890244 1283.000000 1204.000000 1251.000000 1236.000000 0.000673 0.000151 0.000000 120.454346 
2.530360 -4.646779 118.692078 -36.707317 37.073170 -1.341463 1108.000000 1379.000000 1239.000000 1248.000000 0.000673 0.000150 0.000000 120.566528 
-2.649771 -9.542899 119.041672 -9.634147 5.975610 2.317073 1300.000000 1189.000000 1257.000000 1232.000000 0.000673 0.000150 0.000000 120.463516 
-4.173253 -10.550385 118.812836 -12.256098 10.609756 4.512195 1204.000000 1283.000000 1245.000000 1242.000000 0.000673 0.000150 0.000000 120.619545 
-4.752399 -11.451068 118.680328 0.731707 -5.365854 3.048780 1267.000000 1220.000000 1254.000000 1233.000000 0.000673 0.000150 0.000000 120.698318 
-3.640022 -10.165592 118.072128 1.768293 -5.365854 -0.670732 1230.000000 1257.000000 1250.000000 1237.000000 0.000673 0.000151 0.000000 120.972702 
-3.588440 -10.221274 117.931725 -3.902439 -0.853659 -0.792683 1232.000000 1255.000000 1255.000000 1232.000000 0.000672 0.000150 0.000000 121.040062 
-2.168212 -8.858330 117.371010 10.914635 -14.939025 1.768293 1277.000000 1210.000000 1249.000000 1238.000000 0.000673 0.000150 0.000000 121.287903 
0.188169 -6.717724 116.710983 4.939024 -8.048780 5.060976 1222.000000 1265.000000 1248.000000 1239.000000 0.000673 0.000151 0.000000 121.578323 
-0.621431 -7.587352 116.351822 4.390244 -8.048780 -0.000000 1285.000000 1202.000000 1252.000000 1235.000000 0.000672 0.000150 0.000000 121.766235 
1.037682 -5.885963 115.899185 0.548781 -5.000000 -0.182927 1220.000000 1267.000000 1254.000000 1233.000000 0.000673 0.000150 0.000000 121.975021 
1.113679 -5.799659 115.638939 2.073171 -5.792683 1.951220 1258.000000 1229.000000 1253.000000 1234.000000 0.000673 0.000150 0.000000 122.104523 
2.019459 -4.955670 115.242493 1.341463 -3.536585 1.829268 1231.000000 1256.000000 1246.000000 1241.000000 0.000673 0.000150 0.000000 122.295532 
2.048799 -5.118155 114.964600 -3.353659 -1.524390 1.463415 1245.000000 1242.000000 1255.000000 1232.000000 0.000673 0.000150 0.000000 122.429749 
2.891140 -4.295619 114.690529 5.914634 -9.390244 0.243902 1264.000000 1223.000000 1250.000000 1237.000000 0.000673 0.000151 0.000000 122.563141 
3.428219 -3.705440 114.411537 -7.865854 5.609756 1.890244 1203.000000 1284.000000 1247.000000 1240.000000 0.000673 0.000150 0.000000 122.703064 
1.375903 -5.614127 114.400330 -9.085366 5.670732 1.524390 1246.000000 1241.000000 1252.000000 1235.000000 0.000673 0.000150 0.000000 122.719208 
4.460178 -3.201766 113.690903 -5.426829 3.231707 -1.341463 1166.000000 1321.000000 1246.000000 1241.000000 0.000673 0.000150 0.000000 123.049385 
3.192008 -4.495392 113.695961 -1.646341 -2.500000 -0.853659 1282.000000 1205.000000 1254.000000 1233.000000 0.000673 0.000150 0.000000 123.046188 
3.318786 -4.036393 113.331406 -5.182927 2.134146 5.365854 1216.000000 1271.000000 1251.000000 1236.000000 0.000673 0.000150 0.000000 123.236748 
2.792500 -4.607321 113.135612 -0.670732 -1.585366 1.829268 1262.000000 1225.000000 1249.000000 1238.000000 0.000673 0.000150 0.000000 123.334335 
3.574908 -3.999679 112.778625 0.670732 -6.463415 -1.158537 1245.000000 1242.000000 1259.000000 1228.000000 0.000672 0.000150 0.000000 123.506676 
3.735307 -3.822023 112.715698 -5.853659 3.658537 -0.487805 1223.000000 1264.000000 1246.000000 1241.000000 0.000673 0.000150 0.000000 123.538490 
3.004211 -4.287871 112.463043 -2.317073 -1.524390 2.500000 1258.000000 1229.000000 1253.000000 1234.000000 0.000673 0.000151 0.000000 123.672379 
4.207378 -3.293477 112.126076 6.951220 -9.817074 4.085366 1261.000000 1226.000000 1249.000000 1238.000000 0.000672 0.000150 0.000000 123.834694 
4.610484 -2.793809 111.684273 8.475610 -14.146341 -1.646341 1304.000000 1183.000000 1258.000000 1229.000000 0.000673 0.000150 0.000000 124.058731 
7.135358 -0.481957 111.411690 2.256098 -5.914634 0.731707 1219.000000 1270.000000 1250.000000 1239.000000 0.000673 0.000151 0.000000 124.203140 
6.746127 -0.565703 111.184067 -0.304878 -4.085366 3.658537 1261.000000 1226.000000 1254.000000 1233.000000 0.000673 0.000151 0.000000 124.322914 
7.940475 0.715333 110.955345 2.439024 -6.280488 1.097561 1247.000000 1240.000000 1249.000000 1238.000000 0.000673 0.000150 0.000000 124.451782 
7.481554 0.231490 110.807083 -8.170732 6.646342 -0.000000 1220.000000 1267.000000 1243.000000 1244.000000 0.000673 0.000151 0.000000 124.519775 
6.890622 -0.162685 110.639748 3.902439 -8.353659 2.804878 1289.000000 1198.000000 1254.000000 1233.000000 0.000673 0.000151 0.000000 124.603577 
8.551268 1.231467 110.359352 3.597561 -5.792683 1.524390 1237.000000 1250.000000 1244.000000 1243.000000 0.000673 0.000150 0.000000 124.753052 
6.996466 -0.239727 110.212578 -22.560976 19.329269 0.365854 1178.000000 1309.000000 1254.000000 1233.000000 0.000673 0.000150 0.000000 124.811882 
5.212749 -2.302176 109.857521 5.000000 -10.365854 -0.243902 1244.000000 1243.000000 1255.000000 1232.000000 0.000673 0.000151 0.000000 124.969238 
5.325552 -2.580224 109.695732 -2.073171 -0.975610 1.280488 1257.000000 1230.000000 1250.000000 1237.000000 0.000673 0.000150 0.000000 125.038498 
6.025748 -1.854086 109.347832 1.402439 -5.365854 4.634146 1240.000000 1247.000000 1251.000000 1236.000000 0.000673 0.000151 0.000000 125.216003 
6.011358 -1.992176 109.120834 -3.231707 -1.280488 0.426829 1246.000000 1241.000000 1257.000000 1230.000000 0.000673 0.000150 0.000000 125.325188 
6.605439 -1.397265 108.874550 4.024390 -8.048780 0.914634 1265.000000 1222.000000 1251.000000 1236.000000 0.000673 0.000151 0.000000 125.451477 
7.653862 -0.448308 108.737587 -0.853659 -2.134146 1.951220 1230.000000 1257.000000 1248.000000 1239.000000 0.000673 0.000150 0.000000 125.524422 
7.265746 -0.949474 108.467560 -5.060976 2.560976 1.463415 1246.000000 1243.000000 1250.000000 1239.000000 0.000673 0.000151 0.000000 125.651878 
8.056935 -0.225333 108.321350 9.695122 -13.292684 -0.000000 1291.000000 1196.000000 1252.000000 1235.000000 0.000672 0.000150 0.000000 125.729164 
9.120566 0.748967 108.033424 -11.158537 8.048780 2.012195 1226.000000 1261.000000 1250.000000 1237.000000 0.000673 0.000150 0.000000 125.880554 
8.616465 0.503549 107.831177 -0.914634 -2.621951 2.317073 1261.000000 1226.000000 1253.000000 1234.000000 0.000673 0.000151 0.000000 125.985001 
8.028337 0.107295 107.662910 -5.792683 1.951220 1.158537 1243.000000 1244.000000 1252.000000 1235.000000 0.000673 0.000150 0.000000 126.069580 
8.289335 0.346666 107.500854 1.463415 -4.329268 0.853659 1259.000000 1228.000000 1248.000000 1239.000000 0.000673 0.000151 0.000000 126.152107 
8.138923 0.036240 107.267578 -0.060976 -3.170732 0.731707 1267.000000 1220.000000 1251.000000 1236.000000 0.000673 0.000150 0.000000 126.261185 
8.650870 0.413043 107.048386 -1.829268 -0.792683 2.804878 1235.000000 1252.000000 1248.000000 1239.000000 0.000673 0.000151 0.000000 126.370522 
8.657737 0.490447 106.864494 -2.195122 -1.951220 1.585366 1251.000000 1236.000000 1253.000000 1234.000000 0.000672 0.000150 0.000000 126.464699 
8.726820 0.675756 106.700249 -1.585366 -1.280488 0.975610 1250.000000 1237.000000 1250.000000 1237.000000 0.000673 0.000151 0.000000 126.551346 
8.335477 0.606395 106.554909 -3.658537 0.060976 2.073171 1241.000000 1246.000000 1251.000000 1236.000000 0.000672 0.000151 0.000000 126.631012 
7.878248 0.651560 106.400177 -2.865854 0.304878 1.219512 1253.000000 1234.000000 1249.000000 1238.000000 0.000673 0.000162 0.000000 126.720390 
8.459426 1.116527 106.213928 4.024390 -7.560976 0.426829 1267.000000 1220.000000 1249.000000 1238.000000 0.000673 0.000166 0.000000 126.815071 
9.400526 2.170269 106.124641 -1.951220 -1.463415 1.585366 1232.000000 1255.000000 1252.000000 1235.000000 0.000673 0.000166 0.000000 126.874039 
9.100883 1.813097 105.834862 3.048780 -7.378049 1.280488 1278.000000 1211.000000 1256.000000 1233.000000 0.000673 0.000176 0.000000 127.012611 
9.941179 2.608467 105.689934 1.341463 -3.902439 1.036585 1249.000000 1238.000000 1247.000000 1240.000000 0.000672 0.000188 0.000000 127.093567 
10.274838 2.968990 105.614670 -3.231707 -1.402439 0.548781 1240.000000 1247.000000 1254.000000 1233.000000 0.000673 0.000190 0.000000 127.136406 
10.292557 2.777239 105.377876 -0.304878 -3.719512 2.621951 1267.000000 1220.000000 1255.000000 1232.000000 0.000673 0.000191 0.000000 127.246849 
10.100201 2.494688 105.161713 -6.341464 4.390244 1.280488 1221.000000 1266.000000 1247.000000 1240.000000 0.000673 0.000190 0.000000 127.348457 
9.107405 1.557922 104.996834 -4.756098 1.524390 -0.000000 1261.000000 1228.000000 1254.000000 1235.000000 0.000673 0.000191 0.000000 127.420631 
9.830360 2.219861 104.820145 7.560976 -10.853659 1.524390 1284.000000 1203.000000 1248.000000 1239.000000 0.000672 0.000190 0.000000 127.514618 
10.516755 2.981875 104.670868 -9.146341 6.707317 2.378049 1188.000000 1299.000000 1247.000000 1240.000000 0.000673 0.000190 0.000000 127.600174 
6.807151 -0.846429 104.236649 4.207317 -8.841464 0.975610 1314.000000 1173.000000 1257.000000 1230.000000 0.000673 0.000191 0.000000 127.776787 
7.558350 -0.054753 104.001976 -5.000000 1.768293 1.341463 1212.000000 1275.000000 1250.000000 1237.000000 0.000673 0.000189 0.000000 127.899940 
7.374542 -0.223488 103.802742 0.975610 -5.000000 1.097561 1269.000000 1220.000000 1253.000000 1236.000000 0.000673 0.000182 0.000000 127.998428 
7.555619 0.072453 103.613106 -7.500000 4.390244 1.097561 1212.000000 1275.000000 1250.000000 1237.000000 0.000672 0.000175 0.000000 128.097931 
6.454164 -1.170683 103.418007 -2.500000 -0.182927 2.073171 1268.000000 1219.000000 1251.000000 1236.000000 0.000673 0.000166 0.000000 128.184052 
7.388464 -0.595685 103.164169 4.146341 -8.048780 1.951220 1257.000000 1230.000000 1251.000000 1236.000000 0.000673 0.000155 0.000000 128.303772 
6.471198 -1.363278 102.936394 -15.365854 13.231708 1.219512 1192.000000 1295.000000 1248.000000 1239.000000 0.000673 0.000149 0.000000 128.417465 
3.863054 -3.781690 102.873840 -7.256098 4.268293 0.975610 1268.000000 1221.000000 1253.000000 1236.000000 0.000673 0.000146 0.000000 128.448654 
4.563935 -3.035167 102.514977 -53.048782 54.512196 -6.951220 1100.000000 1489.000000 1240.000000 1247.000000 0.000672 0.000144 0.000000 128.629623 
-1.702183 -9.126635 103.126976 -7.195122 -0.060976 3.353659 1334.000000 1153.000000 1268.000000 1219.000000 0.000673 0.000143 0.000000 128.355133 
-2.957359 -9.816111 102.692909 -11.097561 12.439025 9.146341 1208.000000 1279.000000 1239.000000 1248.000000 0.000673 0.000088 0.000000 128.596832 
-3.865945 -10.995244 102.478447 0.243902 -4.573171 6.829268 1254.000000 1233.000000 1254.000000 1233.000000 0.000672 0.000090 0.000000 128.708282 
-2.743503 -9.674171 101.845718 7.926829 -13.719513 -1.890244 1259.000000 1228.000000 1254.000000 1233.000000 0.000673 0.000100 0.000000 129.013840 
-0.552049 -7.807330 101.534698 7.378049 -8.841464 -3.780488 1241.000000 1246.000000 1243.000000 1244.000000 0.000673 0.000109 0.000000 129.142426 
0.455297 -6.807483 101.129845 2.317073 -7.500000 0.243902 1249.000000 1238.000000 1256.000000 1231.000000 0.000673 0.000111 0.000000 129.338135 
1.668925 -5.661517 100.687401 7.378049 -8.170732 6.707317 1251.000000 1236.000000 1242.000000 1245.000000 0.000673 0.000112 0.000000 129.552185 
3.566891 -3.937994 99.941978 2.500000 -4.878049 2.134146 1241.000000 1246.000000 1249.000000 1238.000000 0.000673 0.000112 0.000000 129.916122 
4.640501 -2.923089 99.790649 0.731707 -7.926829 -3.109756 1251.000000 1236.000000 1261.000000 1226.000000 0.000673 0.000111 0.000000 129.990356 
5.182809 -2.201966 99.604843 -1.097561 -0.731707 2.378049 1240.000000 1249.000000 1246.000000 1243.000000 0.000673 0.000112 0.000000 130.089447 
6.001161 -1.628309 99.333595 2.500000 -7.256098 3.841464 1257.000000 1230.000000 1255.000000 1232.000000 0.000672 0.000111 0.000000 130.219086 
6.251192 -1.148156 99.010117 -3.414634 1.158537 1.280488 1235.000000 1252.000000 1249.000000 1238.000000 0.000673 0.000111 0.000000 130.388489 
6.090204 -1.302925 98.997482 -0.853659 -2.256098 -2.073171 1252.000000 1235.000000 1251.000000 1236.000000 0.000673 0.000112 0.000000 130.394485 
6.605611 -0.948547 98.713409 0.060976 -4.329268 0.487805 1254.000000 1233.000000 1253.000000 1234.000000 0.000672 0.000111 0.000000 130.532684 
6.755935 -0.535442 98.582054 -3.963415 1.646341 3.963415 1234.000000 1253.000000 1246.000000 1241.000000 0.000673 0.000111 0.000000 130.607086 
5.697636 -1.367378 98.225250 -2.682927 -0.060976 0.548781 1258.000000 1229.000000 1247.000000 1240.000000 0.000673 0.000112 0.000000 130.788635 
5.711131 -1.203076 98.052834 -1.768293 -2.195122 -0.975610 1247.000000 1240.000000 1253.000000 1234.000000 0.000672 0.000111 0.000000 130.879150 
5.185665 -1.766220 97.829666 -5.853659 2.987805 2.804878 1238.000000 1249.000000 1250.000000 1237.000000 0.000673 0.000111 0.000000 130.988220 
4.899654 -2.046666 97.596443 -1.646341 -0.670732 1.341463 1250.000000 1237.000000 1247.000000 1240.000000 0.000673 0.000112 0.000000 131.104279 
4.465490 -2.619511 97.320374 -6.768293 3.475610 2.012195 1242.000000 1245.000000 1250.000000 1237.000000 0.000672 0.000111 0.000000 131.237442 
3.236892 -3.919936 97.259331 -10.487805 7.865854 1.463415 1240.000000 1247.000000 1249.000000 1238.000000 0.000673 0.000111 0.000000 131.265427 
1.698506 -5.349868 97.081123 -7.500000 5.426829 2.195122 1253.000000 1234.000000 1247.000000 1240.000000 0.000673 0.000111 0.000000 131.359177 
0.345758 -6.445296 96.931625 -9.573171 6.829268 2.621951 1237.000000 1250.000000 1249.000000 1238.000000 0.000672 0.000111 0.000000 131.444046 
-2.669503 -9.233562 96.780975 -6.585366 2.987805 0.792683 1254.000000 1233.000000 1251.000000 1236.000000 0.000673 0.000111 0.000000 131.538101 
-3.212399 -9.716870 96.570435 -6.524390 2.621951 -0.182927 1242.000000 1245.000000 1253.000000 1234.000000 0.000673 0.000112 0.000000 131.647339 
-4.292179 -10.796474 96.484055 -6.158537 5.243903 2.012195 1242.000000 1245.000000 1244.000000 1243.000000 0.000672 0.000111 0.000000 131.697266 
-4.824661 -11.341461 96.261978 -3.109756 -0.853659 1.890244 1246.000000 1241.000000 1251.000000 1236.000000 0.000673 0.000111 0.000000 131.810745 
-5.513744 -11.999199 96.042732 -4.817073 2.439024 1.036585 1225.000000 1262.000000 1248.000000 1239.000000 0.000673 0.000112 0.000000 131.924988 
-5.290362 -11.630225 95.662064 6.951220 -10.487805 0.182927 1257.000000 1230.000000 1251.000000 1236.000000 0.000672 0.000111 0.000000 132.114838 
-3.101753 -9.542270 94.886154 9.939025 -15.304878 1.036585 1236.000000 1251.000000 1254.000000 1233.000000 0.000673 0.000111 0.000000 132.484451 
-1.223965 -7.258426 94.326256 6.585366 -9.390244 1.402439 1228.000000 1261.000000 1248.000000 1241.000000 0.000673 0.000112 0.000000 132.766098 
2.571507 -3.703851 93.503311 11.036586 -15.182927 0.731707 1235.000000 1252.000000 1250.000000 1237.000000 0.000673 0.000112 0.000000 133.165146 
4.640670 -1.877591 93.228302 7.500000 -11.829268 1.219512 1247.000000 1240.000000 1251.000000 1236.000000 0.000673 0.000111 0.000000 133.296249 
6.895525 0.098871 92.965889 9.573171 -13.841464 2.865854 1246.000000 1243.000000 1251.000000 1238.000000 0.000673 0.000112 0.000000 133.421616 
8.907767 1.587696 92.752411 9.268292 -13.292684 1.524390 1252.000000 1235.000000 1251.000000 1236.000000 0.000673 0.000112 0.000000 133.515411 
11.170336 3.731117 92.723801 11.036586 -15.548780 -0.243902 1260.000000 1227.000000 1253.000000 1234.000000 0.000673 0.000111 0.000000 133.531540 
13.849059 6.122946 92.822159 9.817074 -12.987805 1.158537 1250.000000 1237.000000 1249.000000 1238.000000 0.000673 0.000111 0.000000 133.482819 
15.375568 7.512959 92.889084 2.987805 -7.012195 1.585366 1246.000000 1241.000000 1251.000000 1236.000000 0.000673 0.000112 0.000000 133.452057 
16.386965 8.248755 92.837585 4.024390 -9.024390 2.317073 1271.000000 1216.000000 1254.000000 1233.000000 0.000672 0.000111 0.000000 133.472244 
17.189173 8.734005 92.760406 -8.536586 4.878049 0.670732 1241.000000 1246.000000 1252.000000 1235.000000 0.000673 0.000111 0.000000 133.502029 
16.173021 8.134138 92.620880 -6.463415 4.207317 2.439024 1264.000000 1223.000000 1248.000000 1239.000000 0.000673 0.000112 0.000000 133.580612 
14.849668 6.789754 92.326065 -13.475610 10.975610 1.402439 1245.000000 1242.000000 1249.000000 1238.000000 0.000673 0.000111 0.000000 133.718506 
12.116579 4.438776 91.981094 -16.219513 13.597561 0.914634 1252.000000 1235.000000 1252.000000 1235.000000 0.000673 0.000111 0.000000 133.893341 
9.946454 2.364691 91.738548 -13.048780 11.097561 1.402439 1254.000000 1233.000000 1249.000000 1238.000000 0.000673 0.000112 0.000000 134.012299 
7.473240 -0.340874 91.487457 -18.414635 15.792684 0.609756 1234.000000 1253.000000 1250.000000 1237.000000 0.000673 0.000111 0.000000 134.126373 
3.967818 -3.726629 91.365532 -18.536585 17.073172 2.256098 1240.000000 1249.000000 1251.000000 1238.000000 0.000673 0.000112 0.000000 134.189774 
1.286855 -6.102921 91.320679 -11.402439 9.024390 2.621951 1259.000000 1228.000000 1251.000000 1236.000000 0.000672 0.000111 0.000000 134.222610 
-1.821496 -9.179113 91.266647 -15.000000 12.500000 1.097561 1232.000000 1255.000000 1250.000000 1237.000000 0.000673 0.000112 0.000000 134.252899 
-3.800087 -11.172644 91.317474 -9.085366 6.219512 0.853659 1251.000000 1236.000000 1251.000000 1236.000000 0.000672 0.000111 0.000000 134.229736 
-5.013697 -12.145766 91.244667 -8.597561 5.792683 1.829268 1238.000000 1249.000000 1251.000000 1236.000000 0.000673 0.000111 0.000000 134.274902 
-6.432452 -13.428596 91.184959 -4.756098 3.536585 1.585366 1233.000000 1254.000000 1246.000000 1241.000000 0.000673 0.000112 0.000000 134.310730 
-6.471100 -13.314167 90.837227 2.804878 -7.012195 2.134146 1251.000000 1236.000000 1252.000000 1235.000000 0.000673 0.000111 0.000000 134.486267 
-5.610652 -12.455432 90.267097 2.682927 -5.792683 1.646341 1226.000000 1261.000000 1249.000000 1238.000000 0.000673 0.000112 0.000000 134.766251 
-5.243896 -11.840676 89.831268 2.500000 -6.463415 2.256098 1229.000000 1258.000000 1253.000000 1234.000000 0.000673 0.000111 0.000000 134.988464 
-3.140216 -9.801148 89.093452 16.402439 -21.036587 2.500000 1269.000000 1220.000000 1253.000000 1236.000000 0.000673 0.000112 0.000000 135.352921 
2.646221 -4.346496 87.911118 9.024390 -13.292684 0.609756 1225.000000 1262.000000 1251.000000 1236.000000 0.000672 0.000111 0.000000 135.935806 
4.405692 -2.676461 87.612030 7.804878 -13.048780 0.731707 1249.000000 1238.000000 1254.000000 1233.000000 0.000673 0.000111 0.000000 136.082245 
7.283206 -0.377390 87.326752 12.073171 -15.548780 0.914634 1249.000000 1238.000000 1250.000000 1237.000000 0.000672 0.000112 0.000000 136.203262 
9.285121 1.230918 87.113998 5.914634 -10.487805 1.524390 1238.000000 1249.000000 1253.000000 1234.000000 0.000673 0.000111 0.000000 136.291855 
11.347410 3.238059 87.059425 11.707317 -13.841464 1.097561 1260.000000 1227.000000 1247.000000 1240.000000 0.000673 0.000112 0.000000 136.311127 
13.959608 5.628365 87.149895 7.500000 -12.378049 0.975610 1251.000000 1236.000000 1251.000000 1236.000000 0.000673 0.000111 0.000000 136.248810 
15.450284 7.200765 87.244598 3.902439 -8.048780 2.073171 1263.000000 1226.000000 1252.000000 1237.000000 0.000673 0.000112 0.000000 136.198441 
16.115103 7.594054 87.191528 -4.146341 2.073171 0.670732 1240.000000 1247.000000 1248.000000 1239.000000 0.000672 0.000111 0.000000 136.211548 
13.763197 5.480384 86.763794 -5.731708 3.597561 2.195122 1260.000000 1227.000000 1248.000000 1239.000000 0.000673 0.000111 0.000000 136.441010 
13.554830 5.120966 86.576736 -3.597561 -0.731707 2.073171 1253.000000 1234.000000 1254.000000 1233.000000 0.000673 0.000112 0.000000 136.528671 
13.040774 4.413614 86.325134 -3.902439 1.341463 0.670732 1252.000000 1235.000000 1249.000000 1238.000000 0.000673 0.000111 0.000000 136.648102 
12.363506 3.815394 86.147285 -6.402439 3.597561 1.768293 1240.000000 1247.000000 1255.000000 1232.000000 0.000673 0.000112 0.000000 136.741943 
11.969971 3.930346 86.092575 -1.768293 -2.256098 1.768293 1264.000000 1223.000000 1253.000000 1234.000000 0.000672 0.000111 0.000000 136.788574 
12.168615 4.100195 85.956421 -2.500000 -0.121951 1.097561 1248.000000 1239.000000 1248.000000 1239.000000 0.000673 0.000111 0.000000 136.853790 
11.369313 3.476234 85.769981 -8.170732 5.426829 1.341463 1236.000000 1251.000000 1252.000000 1235.000000 0.000673 0.000112 0.000000 136.955750 
10.073849 2.004363 85.512619 -6.341464 3.414634 0.548781 1252.000000 1235.000000 1250.000000 1237.000000 0.000673 0.000111 0.000000 137.083176 
9.909622 1.659240 85.229774 -5.670732 2.195122 2.317073 1240.000000 1247.000000 1253.000000 1234.000000 0.000673 0.000112 0.000000 137.217804 
9.111431 0.930751 85.075653 -8.719512 5.548780 1.707317 1253.000000 1234.000000 1252.000000 1235.000000 0.000672 0.000111 0.000000 137.300049 
7.386361 -0.999155 84.851913 -12.012196 9.573171 0.609756 1247.000000 1240.000000 1250.000000 1237.000000 0.000673 0.000111 0.000000 137.409561 
5.077463 -3.020950 84.757545 -15.304878 12.500000 0.914634 1240.000000 1247.000000 1252.000000 1235.000000 0.000673 0.000112 0.000000 137.471115 
2.511217 -5.300547 84.704079 -14.939025 13.597561 1.646341 1237.000000 1246.000000 1247.000000 1236.000000 0.000673 0.000111 0.000000 137.507782 
0.274506 -7.395604 84.649155 -11.585366 8.780488 2.012195 1229.000000 1258.000000 1252.000000 1235.000000 0.000673 0.000112 0.000000 137.535599 
-0.806953 -8.426111 84.501091 -2.378049 -0.182927 1.768293 1247.000000 1234.000000 1247.000000 1234.000000 0.000672 0.000111 0.000000 137.607269 
0.352828 -7.266860 84.056038 6.707317 -10.731708 1.036585 1256.000000 1227.000000 1250.000000 1233.000000 0.000673 0.000111 0.000000 137.832916 
1.711406 -5.619100 83.431564 0.182927 -5.609756 1.402439 1244.000000 1243.000000 1256.000000 1231.000000 0.000673 0.000112 0.000000 138.158020 
2.525198 -4.750931 83.096931 1.524390 -4.695122 1.951220 1241.000000 1246.000000 1249.000000 1238.000000 0.000673 0.000111 0.000000 138.328125 
3.090507 -3.980677 82.807678 1.585366 -6.829268 0.975610 1255.000000 1232.000000 1255.000000 1232.000000 0.000673 0.000111 0.000000 138.479813 
4.076301 -3.089869 82.539474 0.426829 -3.658537 0.548781 1240.000000 1247.000000 1248.000000 1239.000000 0.000673 0.000112 0.000000 138.610443 
3.844556 -3.180799 82.349586 -4.817073 0.975610 1.341463 1237.000000 1250.000000 1253.000000 1234.000000 0.000673 0.000111 0.000000 138.709915 
3.372926 -3.729294 82.103584 -2.317073 0.609756 2.804878 1244.000000 1245.000000 1247.000000 1242.000000 0.000673 0.000112 0.000000 138.830170 
3.480445 -3.498942 81.838692 -1.341463 -3.353659 1.890244 1245.000000 1244.000000 1258.000000 1231.000000 0.000672 0.000112 0.000000 138.966385 
3.451304 -3.443316 81.606461 -3.048780 1.219512 1.036585 1235.000000 1254.000000 1248.000000 1241.000000 0.000673 0.000111 0.000000 139.085022 
3.666644 -3.340912 81.264069 1.341463 -3.780488 2.256098 1249.000000 1238.000000 1248.000000 1239.000000 0.000684 0.000112 0.000000 139.252121 
3.782475 -3.218640 81.022972 -3.536585 -0.426829 2.500000 1238.000000 1249.000000 1253.000000 1234.000000 0.000696 0.000111 0.000000 139.372589 
3.768432 -3.430399 80.783859 -1.341463 -1.097561 1.646341 1250.000000 1237.000000 1250.000000 1237.000000 0.000703 0.000111 0.000000 139.485275 
3.680838 -3.616382 80.600746 -5.060976 1.158537 0.548781 1233.000000 1254.000000 1253.000000 1234.000000 0.000702 0.000112 0.000000 139.573242 
2.823812 -4.311103 80.412613 -3.170732 0.548781 0.670732 1245.000000 1242.000000 1249.000000 1238.000000 0.000712 0.000111 0.000000 139.672211 
3.011584 -4.152935 80.153328 0.182927 -3.353659 1.890244 1248.000000 1239.000000 1250.000000 1237.000000 0.000731 0.000111 0.000000 139.800720 
2.912342 -4.069687 79.913834 -5.670732 1.036585 1.097561 1230.000000 1259.000000 1256.000000 1233.000000 0.000752 0.000112 0.000000 139.926346 
2.482451 -4.548308 79.707016 -0.365854 -1.280488 0.792683 1255.000000 1232.000000 1245.000000 1242.000000 0.000785 0.000111 0.000000 140.027237 
3.765339 -3.034936 79.229820 -0.548781 -0.975610 1.463415 1233.000000 1254.000000 1246.000000 1241.000000 0.000792 0.000112 0.000000 140.273758 
3.734655 -3.157925 79.042206 -2.743902 -2.256098 2.195122 1248.000000 1239.000000 1259.000000 1228.000000 0.000792 0.000112 0.000000 140.364349 
4.166442 -2.748340 78.781685 -0.670732 -1.646341 1.951220 1242.000000 1245.000000 1249.000000 1238.000000 0.000792 0.000111 0.000000 140.493179 
4.013071 -3.033455 78.581047 -3.109756 0.975610 0.914634 1242.000000 1245.000000 1248.000000 1239.000000 0.000792 0.000112 0.000000 140.589081 
4.100368 -3.149369 78.359001 -2.256098 -3.475610 -0.000000 1249.000000 1238.000000 1259.000000 1228.000000 0.000792 0.000112 0.000000 140.692810 
4.066034 -3.383149 78.147461 -2.012195 1.402439 0.792683 1240.000000 1247.000000 1243.000000 1244.000000 0.000792 0.000111 0.000000 140.791321 
3.546980 -3.825245 77.935509 -6.829268 0.609756 2.256098 1257.000000 1230.000000 1261.000000 1226.000000 0.000792 0.000112 0.000000 140.899872 
2.628260 -4.316576 77.746010 -7.804878 6.829268 1.829268 1242.000000 1247.000000 1246.000000 1243.000000 0.000792 0.000112 0.000000 141.008560 
-0.725868 -7.907699 77.678162 -6.158537 5.000000 -0.182927 1265.000000 1222.000000 1247.000000 1240.000000 0.000792 0.000111 0.000000 141.015381 
-0.981224 -8.314212 77.440758 -5.975610 2.134146 1.890244 1226.000000 1261.000000 1257.000000 1230.000000 0.000792 0.000111 0.000000 141.124817 
-1.861106 -8.898664 77.247063 -1.036585 -1.036585 2.317073 1247.000000 1240.000000 1249.000000 1238.000000 0.000792 0.000112 0.000000 141.223373 
-0.997268 -8.135235 76.797852 4.695122 -8.170732 1.951220 1249.000000 1238.000000 1252.000000 1235.000000 0.000791 0.000111 0.000000 141.451859 
-0.597829 -7.593743 76.448021 -1.707317 -1.951220 -0.060976 1228.000000 1259.000000 1252.000000 1235.000000 0.000792 0.000111 0.000000 141.635345 
-0.412872 -7.445154 76.144005 4.024390 -6.097561 0.853659 1241.000000 1246.000000 1250.000000 1237.000000 0.000792 0.000112 0.000000 141.786819 
1.142038 -6.010247 75.681488 7.256098 -12.378049 2.012195 1245.000000 1242.000000 1259.000000 1228.000000 0.000791 0.000111 0.000000 142.024445 
3.288380 -4.029072 75.196999 10.731708 -14.207317 1.036585 1247.000000 1240.000000 1253.000000 1234.000000 0.000792 0.000111 0.000000 142.267319 
5.777426 -1.834633 74.695480 2.560976 -7.256098 0.670732 1236.000000 1253.000000 1259.000000 1230.000000 0.000792 0.000112 0.000000 142.501266 
7.091344 -0.326849 74.518661 4.085366 -9.146341 0.731707 1241.000000 1248.000000 1256.000000 1233.000000 0.000791 0.000111 0.000000 142.586349 
8.136528 0.630917 74.322868 3.353659 -6.463415 1.158537 1240.000000 1247.000000 1250.000000 1237.000000 0.000792 0.000111 0.000000 142.669678 
9.451617 1.827258 74.180466 6.158537 -11.036586 1.463415 1254.000000 1233.000000 1255.000000 1232.000000 0.000792 0.000112 0.000000 142.718216 
11.079871 3.081131 74.037956 4.268293 -6.890244 1.768293 1237.000000 1252.000000 1251.000000 1238.000000 0.000792 0.000112 0.000000 142.748108 
11.844370 3.552985 73.895332 0.975610 -5.060976 1.646341 1241.000000 1246.000000 1255.000000 1232.000000 0.000792 0.000111 0.000000 142.793381 
12.779014 4.343235 73.792503 5.548780 -10.060976 1.219512 1279.000000 1208.000000 1256.000000 1231.000000 0.000792 0.000111 0.000000 142.817749 
13.784401 5.608770 73.815422 -2.682927 -0.060976 1.280488 1239.000000 1250.000000 1250.000000 1239.000000 0.000792 0.000112 0.000000 142.787766 
9.421472 1.592635 73.320938 -9.390244 6.341464 0.426829 1271.000000 1210.000000 1256.000000 1225.000000 0.000791 0.000111 0.000000 143.137955 
8.630875 0.847789 73.092262 -9.756098 6.341464 2.621951 1243.000000 1244.000000 1254.000000 1233.000000 0.000792 0.000111 0.000000 143.264923 
5.661910 -2.017200 72.903030 -18.841463 17.134148 0.731707 1231.000000 1256.000000 1249.000000 1238.000000 0.000792 0.000112 0.000000 143.392288 
2.834215 -4.623842 72.807274 -11.890244 8.719512 1.219512 1258.000000 1231.000000 1253.000000 1236.000000 0.000792 0.000112 0.000000 143.452454 
1.230796 -6.011053 72.732140 -13.780488 12.012196 2.195122 1230.000000 1257.000000 1249.000000 1238.000000 0.000792 0.000111 0.000000 143.490402 
-1.987009 -9.058622 72.816940 -18.231709 15.548780 2.012195 1228.000000 1261.000000 1255.000000 1234.000000 0.000792 0.000112 0.000000 143.416077 
-3.827800 -10.408971 72.729149 2.256098 -5.365854 1.646341 1288.000000 1199.000000 1251.000000 1236.000000 0.000792 0.000111 0.000000 143.445389 
-3.008467 -9.669120 72.244362 -3.048780 -2.012195 0.121951 1217.000000 1270.000000 1255.000000 1232.000000 0.000792 0.000112 0.000000 143.698685 
-5.267025 -11.733061 72.227898 12.743903 -18.353659 -2.012195 1307.000000 1180.000000 1258.000000 1229.000000 0.000792 0.000111 0.000000 143.661942 
-1.605904 -8.266027 71.239418 8.902439 -10.487805 3.536585 1207.000000 1280.000000 1240.000000 1247.000000 0.000792 0.000112 0.000000 144.222656 
-0.246598 -6.963911 70.732437 9.512196 -16.951220 4.207317 1257.000000 1230.000000 1258.000000 1229.000000 0.000791 0.000111 0.000000 144.492310 
2.809054 -4.020719 70.074646 15.853659 -17.195122 0.914634 1248.000000 1239.000000 1239.000000 1248.000000 0.000792 0.000111 0.000000 144.838776 
4.979303 -1.988459 69.868835 2.500000 -9.817074 -1.707317 1227.000000 1262.000000 1260.000000 1229.000000 0.000792 0.000112 0.000000 144.932861 
6.095888 -1.013440 69.622574 7.621952 -10.487805 0.670732 1252.000000 1235.000000 1247.000000 1240.000000 0.000792 0.000111 0.000000 145.042267 
8.645634 1.337107 69.424614 12.500000 -18.048780 3.963415 1260.000000 1229.000000 1256.000000 1233.000000 0.000792 0.000112 0.000000 145.097641 
10.640066 3.198568 69.280388 2.743902 -6.036585 2.865854 1226.000000 1261.000000 1246.000000 1241.000000 0.000792 0.000111 0.000000 145.119385 
11.724453 3.992062 69.047485 9.939025 -14.268293 -0.548781 1272.000000 1217.000000 1253.000000 1236.000000 0.000792 0.000112 0.000000 145.195236 
13.884740 5.797361 69.087006 5.365854 -8.841464 1.585366 1240.000000 1247.000000 1252.000000 1235.000000 0.000791 0.000111 0.000000 145.092453 
15.043150 6.829122 69.063324 3.902439 -7.926829 1.463415 1250.000000 1237.000000 1253.000000 1234.000000 0.000792 0.000111 0.000000 145.054199 
15.668768 7.036239 68.889168 -0.426829 -3.170732 1.158537 1239.000000 1250.000000 1252.000000 1237.000000 0.000792 0.000112 0.000000 145.101593 
16.233541 7.437869 68.873901 0.731707 -5.426829 1.463415 1255.000000 1232.000000 1254.000000 1233.000000 0.000792 0.000111 0.000000 145.079437 
17.032360 8.478459 68.950348 1.890244 -5.426829 2.317073 1268.000000 1221.000000 1248.000000 1241.000000 0.000792 0.000112 0.000000 145.009583 
16.937675 8.354447 68.867294 -10.792684 8.170732 0.853659 1226.000000 1261.000000 1251.000000 1236.000000 0.000792 0.000111 0.000000 145.053467 
13.784120 5.254934 68.315155 -19.939024 17.256098 1.463415 1225.000000 1262.000000 1254.000000 1233.000000 0.000792 0.000112 0.000000 145.461151 
12.657892 4.106965 67.995834 0.975610 -4.146341 0.731707 1255.000000 1234.000000 1253.000000 1236.000000 0.000791 0.000112 0.000000 145.657959 
11.575996 3.311467 67.867821 -11.341464 8.353659 1.585366 1236.000000 1251.000000 1253.000000 1234.000000 0.000792 0.000111 0.000000 145.764709 
10.675834 2.534157 67.653297 -4.390244 1.768293 2.439024 1256.000000 1233.000000 1254.000000 1235.000000 0.000792 0.000112 0.000000 145.900589 
9.630193 1.849880 67.500824 -10.731708 7.500000 1.280488 1231.000000 1256.000000 1254.000000 1233.000000 0.000792 0.000111 0.000000 146.014206 
8.802265 0.942206 67.271797 -4.573171 1.890244 1.768293 1245.000000 1242.000000 1252.000000 1235.000000 0.000792 0.000112 0.000000 146.144043 
7.506106 -0.150626 67.092674 -8.109756 4.817073 0.121951 1238.000000 1251.000000 1254.000000 1235.000000 0.000791 0.000112 0.000000 146.263809 
6.884686 -0.949333 66.870979 -2.500000 -0.182927 1.158537 1251.000000 1236.000000 1251.000000 1236.000000 0.000792 0.000111 0.000000 146.376938 
6.653093 -0.971325 66.661896 -3.963415 0.548781 1.097561 1241.000000 1248.000000 1253.000000 1236.000000 0.000792 0.000112 0.000000 146.491364 
6.201927 -1.567010 66.461395 -4.207317 1.158537 0.792683 1245.000000 1242.000000 1251.000000 1236.000000 0.000792 0.000111 0.000000 146.591125 
5.610083 -2.010443 66.265335 -5.182927 2.012195 1.341463 1237.000000 1250.000000 1252.000000 1235.000000 0.000792 0.000112 0.000000 146.699844 
5.085821 -2.493808 66.065231 -4.634146 1.768293 2.256098 1242.000000 1247.000000 1254.000000 1235.000000 0.000791 0.000112 0.000000 146.804810 
4.703470 -2.795452 65.854698 -1.036585 -0.365854 1.463415 1249.000000 1238.000000 1247.000000 1240.000000 0.000792 0.000111 0.000000 146.914825 
4.579898 -2.579446 65.517494 -3.658537 1.768293 0.914634 1236.000000 1253.000000 1249.000000 1240.000000 0.000792 0.000112 0.000000 147.096359 
4.721403 -2.627219 65.291779 -2.500000 -1.036585 0.609756 1239.000000 1246.000000 1252.000000 1233.000000 0.000791 0.000111 0.000000 147.200943 
4.524077 -2.868314 65.051910 -2.560976 -1.158537 1.097561 1246.000000 1239.000000 1251.000000 1234.000000 0.000792 0.000111 0.000000 147.319641 
4.675562 -2.817429 64.842995 -2.682927 -0.365854 0.670732 1241.000000 1242.000000 1249.000000 1234.000000 0.000792 0.000112 0.000000 147.419067 
4.248900 -3.067452 64.653061 -5.426829 1.463415 0.609756 1227.000000 1242.000000 1245.000000 1224.000000 0.000792 0.000111 0.000000 147.522293 
3.815136 -3.594040 64.467857 -1.707317 -2.012195 0.182927 1163.000000 1144.000000 1164.000000 1143.000000 0.000792 0.000112 0.000000 147.611572 
4.213648 -3.290006 64.200638 -0.060976 -3.658537 2.195122 1159.000000 1148.000000 1162.000000 1145.000000 0.000791 0.000112 0.000000 147.740219 
4.550485 -2.990268 63.915703 -2.378049 -1.646341 1.463415 1147.000000 1158.000000 1164.000000 1141.000000 0.000792 0.000111 0.000000 147.879532 
3.848635 -3.761746 63.618786 -2.865854 -1.341463 1.463415 1158.000000 1149.000000 1163.000000 1144.000000 0.000792 0.000112 0.000000 148.026001 
3.993351 -3.575188 63.347347 0.000000 -3.475610 2.073171 1147.000000 1158.000000 1160.000000 1145.000000 0.000791 0.000111 0.000000 148.162888 
4.620359 -3.118795 63.095299 3.780488 -5.914634 1.097561 1150.000000 1155.000000 1159.000000 1146.000000 0.000792 0.000111 0.000000 148.279541 
6.320078 -1.493169 62.792458 10.182927 -16.158537 1.097561 1170.000000 1137.000000 1166.000000 1141.000000 0.000792 0.000112 0.000000 148.412445 
9.042554 1.048607 62.597004 10.914635 -14.939025 0.914634 1156.000000 1149.000000 1162.000000 1143.000000 0.000792 0.000111 0.000000 148.446564 
10.926920 2.876128 62.505867 6.463415 -10.182927 1.280488 1153.000000 1152.000000 1160.000000 1145.000000 0.000792 0.000111 0.000000 148.426956 
12.864730 4.503643 62.447136 9.573171 -13.963415 1.524390 1174.000000 1133.000000 1166.000000 1141.000000 0.000792 0.000112 0.000000 148.363556 
15.489321 7.117901 62.596184 14.390244 -17.865854 1.524390 1180.000000 1125.000000 1161.000000 1144.000000 0.000792 0.000111 0.000000 148.145905 
18.356237 9.829747 62.899506 -0.853659 -3.048780 1.951220 1157.000000 1150.000000 1164.000000 1143.000000 0.000792 0.000112 0.000000 147.801758 
18.693113 10.278771 62.920158 -0.731707 -1.768293 1.707317 1174.000000 1133.000000 1162.000000 1145.000000 0.000791 0.000112 0.000000 147.767258 
18.132271 9.761434 62.761421 -9.207317 7.256098 1.341463 1167.000000 1138.000000 1160.000000 1145.000000 0.000792 0.000111 0.000000 147.885239 
15.735755 7.300762 62.269325 -19.390244 16.951220 1.219512 1152.000000 1155.000000 1162.000000 1145.000000 0.000792 0.000112 0.000000 148.286026 
12.235474 4.083553 61.814831 -18.231709 15.975610 0.975610 1163.000000 1144.000000 1161.000000 1146.000000 0.000791 0.000112 0.000000 148.706848 
9.198483 1.503152 61.539692 -16.341463 13.231708 0.914634 1159.000000 1146.000000 1162.000000 1143.000000 0.000792 0.000111 0.000000 148.973267 
6.299498 -1.318054 61.344299 -18.780489 15.792684 1.097561 1149.000000 1158.000000 1163.000000 1144.000000 0.000792 0.000112 0.000000 149.139847 
3.054535 -4.425531 61.273060 -18.902439 16.219513 1.280488 1145.000000 1162.000000 1161.000000 1146.000000 0.000791 0.000112 0.000000 149.198441 
0.477790 -7.029236 61.134968 -9.634147 6.646342 -0.060976 1155.000000 1150.000000 1161.000000 1144.000000 0.000792 0.000111 0.000000 149.235153 
-1.992785 -9.170989 61.161781 -14.573171 12.012196 1.829268 1143.000000 1164.000000 1162.000000 1145.000000 0.000792 0.000112 0.000000 149.174698 
-4.033905 -11.008974 61.169411 -9.268292 6.524390 1.951220 1158.000000 1149.000000 1163.000000 1144.000000 0.000791 0.000112 0.000000 149.103363 
-4.944220 -11.846469 61.025631 -5.609756 1.768293 1.219512 1158.000000 1147.000000 1162.000000 1143.000000 0.000792 0.000111 0.000000 149.135010 
-5.640244 -12.567433 60.858303 -6.158537 3.536585 0.853659 1149.000000 1158.000000 1160.000000 1147.000000 0.000792 0.000112 0.000000 149.178223 
-6.459679 -13.316116 60.715199 -5.731708 2.195122 2.012195 1154.000000 1153.000000 1164.000000 1143.000000 0.000792 0.000112 0.000000 149.205429 
-7.110714 -13.875689 60.508747 -4.817073 2.256098 1.158537 1149.000000 1156.000000 1159.000000 1146.000000 0.000792 0.000111 0.000000 149.271240 
-7.754795 -14.375265 60.297607 -5.731708 1.890244 1.402439 1148.000000 1157.000000 1161.000000 1144.000000 0.000792 0.000111 0.000000 149.340668 
-8.266550 -15.016172 59.902603 -3.048780 -0.426829 1.341463 1147.000000 1160.000000 1161.000000 1146.000000 0.000792 0.000112 0.000000 149.484207 
-8.349144 -14.944551 59.557426 0.304878 -4.146341 1.158537 1147.000000 1158.000000 1159.000000 1146.000000 0.000792 0.000111 0.000000 149.654861 
-7.371066 -13.984671 58.947327 5.792683 -9.146341 1.646341 1143.000000 1162.000000 1155.000000 1150.000000 0.000792 0.000111 0.000000 150.016586 
-5.690176 -12.297360 58.187637 9.390244 -13.719513 1.707317 1150.000000 1157.000000 1159.000000 1148.000000 0.000792 0.000112 0.000000 150.494919 
-3.049665 -9.746986 57.355583 13.841464 -19.085367 0.975610 1160.000000 1145.000000 1158.000000 1147.000000 0.000791 0.000111 0.000000 151.037369 
0.345566 -6.472228 56.606091 16.097561 -20.060976 1.402439 1161.000000 1144.000000 1155.000000 1150.000000 0.000792 0.000111 0.000000 151.517578 
3.422156 -3.599020 56.108582 11.585366 -16.158537 1.707317 1150.000000 1155.000000 1158.000000 1147.000000 0.000791 0.000111 0.000000 151.791443 
6.601106 -0.854911 55.682648 8.719512 -12.500000 1.036585 1158.000000 1147.000000 1155.000000 1150.000000 0.000791 0.000111 0.000000 151.951813 
9.019133 1.404250 55.526749 11.158537 -15.182927 1.768293 1166.000000 1139.000000 1158.000000 1147.000000 0.000792 0.000111 0.000000 151.948120 
11.265631 3.545085 55.474945 8.231708 -12.378049 1.829268 1161.000000 1146.000000 1159.000000 1148.000000 0.000792 0.000112 0.000000 151.861145 
13.218626 5.223156 55.482727 7.682927 -10.365854 1.280488 1164.000000 1143.000000 1156.000000 1151.000000 0.000792 0.000112 0.000000 151.727386 
14.915217 6.929706 55.583782 6.585366 -10.365854 1.463415 1164.000000 1141.000000 1158.000000 1147.000000 0.000792 0.000111 0.000000 151.548172 
16.428915 8.028339 55.620701 2.439024 -5.548780 1.646341 1154.000000 1151.000000 1160.000000 1145.000000 0.000792 0.000111 0.000000 151.394958 
17.188532 8.616299 55.623943 1.829268 -5.548780 1.585366 1163.000000 1144.000000 1160.000000 1147.000000 0.000792 0.000112 0.000000 151.320572 
17.955467 9.452537 55.678818 2.378049 -6.585366 1.219512 1186.000000 1119.000000 1168.000000 1137.000000 0.000791 0.000111 0.000000 151.218430 
18.245344 9.981177 55.658188 -3.658537 0.670732 1.341463 1164.000000 1141.000000 1157.000000 1148.000000 0.000792 0.000111 0.000000 151.197632 
18.061613 9.878025 55.564819 -3.292683 0.609756 2.378049 1176.000000 1129.000000 1169.000000 1136.000000 0.000792 0.000112 0.000000 151.260147 
17.319765 9.041582 55.339142 -9.512196 6.890244 1.219512 1156.000000 1149.000000 1177.000000 1128.000000 0.000792 0.000111 0.000000 151.441666 
15.565122 7.447986 55.003258 -10.487805 7.500000 1.463415 1160.000000 1145.000000 1179.000000 1126.000000 0.000792 0.000111 0.000000 151.767288 
13.706749 5.823862 54.665363 -9.939025 7.560976 1.280488 1156.000000 1149.000000 1178.000000 1127.000000 0.000792 0.000111 0.000000 152.086151 
12.483324 4.569261 54.418919 -6.097561 3.597561 1.280488 1166.000000 1141.000000 1181.000000 1126.000000 0.000792 0.000111 0.000000 152.294388 
11.919279 4.173051 54.250206 -2.560976 -0.670732 2.012195 1166.000000 1139.000000 1174.000000 1131.000000 0.000791 0.000111 0.000000 152.416824 
11.964499 3.939565 54.065235 -2.560976 -0.243902 1.890244 1162.000000 1143.000000 1161.000000 1144.000000 0.000792 0.000111 0.000000 152.498871 
11.638086 3.620906 53.823544 -2.560976 -0.243902 1.097561 1165.000000 1140.000000 1167.000000 1138.000000 0.000791 0.000112 0.000000 152.637527 
11.415128 3.260962 53.633297 -3.841464 1.097561 1.158537 1159.000000 1146.000000 1178.000000 1127.000000 0.000792 0.000111 0.000000 152.741287 
10.660485 2.981538 53.491806 -4.329268 1.158537 1.280488 1161.000000 1144.000000 1180.000000 1125.000000 0.000792 0.000111 0.000000 152.865234 
10.364913 2.681930 53.314766 -2.804878 -0.487805 1.524390 1163.000000 1142.000000 1181.000000 1124.000000 0.000792 0.000111 0.000000 152.968475 
10.304036 2.396976 53.128654 -3.292683 0.426829 1.890244 1161.000000 1146.000000 1180.000000 1127.000000 0.000792 0.000112 0.000000 153.057846 
9.867508 2.093112 52.950062 -3.841464 1.646341 1.402439 1165.000000 1140.000000 1170.000000 1135.000000 0.000791 0.000111 0.000000 153.171783 
9.343633 1.689616 52.779533 -5.182927 2.804878 1.463415 1166.000000 1139.000000 1165.000000 1140.000000 0.000792 0.000111 0.000000 153.284744 
8.348663 0.790152 52.606911 -9.634147 7.865854 1.646341 1154.000000 1153.000000 1164.000000 1143.000000 0.000791 0.000112 0.000000 153.416443 
4.175051 -2.974355 52.346668 -15.914635 13.597561 1.219512 1150.000000 1155.000000 1160.000000 1145.000000 0.000792 0.000111 0.000000 153.656418 
2.366988 -4.704283 52.212868 -7.560976 4.573171 1.707317 1171.000000 1136.000000 1162.000000 1145.000000 0.000792 0.000112 0.000000 153.722092 
1.178647 -5.893957 52.065407 -8.841464 6.158537 1.646341 1153.000000 1152.000000 1160.000000 1145.000000 0.000792 0.000111 0.000000 153.776321 
-0.699766 -7.552805 51.971630 -11.280488 9.268292 2.012195 1143.000000 1162.000000 1155.000000 1150.000000 0.000792 0.000112 0.000000 153.780792 
-2.468644 -9.246048 51.932697 -9.146341 6.097561 1.097561 1144.000000 1161.000000 1147.000000 1158.000000 0.000791 0.000111 0.000000 153.724869 
-2.976968 -9.682690 51.688866 0.182927 -2.682927 1.829268 1159.000000 1148.000000 1142.000000 1165.000000 0.000791 0.000112 0.000000 153.821396 
-2.271883 -9.048529 51.264103 2.256098 -7.804878 1.341463 1156.000000 1151.000000 1146.000000 1161.000000 0.000791 0.000112 0.000000 154.063736 
-1.277291 -8.126139 50.827938 2.987805 -6.585366 0.853659 1153.000000 1154.000000 1141.000000 1166.000000 0.000791 0.000112 0.000000 154.322006 
0.450034 -6.462674 50.168289 2.804878 -6.585366 1.829268 1154.000000 1153.000000 1141.000000 1166.000000 0.000792 0.000112 0.000000 154.708435 
1.209067 -5.780561 49.823383 1.524390 -4.695122 1.890244 1154.000000 1153.000000 1145.000000 1162.000000 0.000791 0.000111 0.000000 154.894745 
2.135018 -5.020345 49.497402 2.560976 -6.890244 0.487805 1146.000000 1159.000000 1158.000000 1147.000000 0.000792 0.000111 0.000000 155.064392 
3.546780 -3.808614 49.154861 7.012195 -11.280488 1.707317 1157.000000 1150.000000 1163.000000 1144.000000 0.000792 0.000112 0.000000 155.235153 
5.498661 -1.940341 48.823929 9.146341 -12.987805 1.890244 1154.000000 1151.000000 1161.000000 1144.000000 0.000792 0.000111 0.000000 155.378967 
7.552692 -0.049292 48.573940 9.024390 -13.963415 1.036585 1161.000000 1146.000000 1162.000000 1145.000000 0.000792 0.000112 0.000000 155.437180 
10.084748 2.255208 48.462685 13.048780 -16.890244 0.914634 1171.000000 1134.000000 1160.000000 1145.000000 0.000791 0.000111 0.000000 155.353867 
12.808079 4.993988 48.516880 12.256098 -16.402439 1.829268 1167.000000 1138.000000 1161.000000 1144.000000 0.000792 0.000111 0.000000 155.114273 
15.722068 7.807765 48.693279 4.024390 -8.170732 1.097561 1160.000000 1147.000000 1163.000000 1144.000000 0.000792 0.000112 0.000000 154.722610 
17.315565 9.320319 48.848286 6.463415 -10.182927 0.975610 1176.000000 1129.000000 1159.000000 1146.000000 0.000792 0.000111 0.000000 154.450851 
18.459311 10.431227 48.986080 0.182927 -3.719512 0.426829 1178.000000 1127.000000 1156.000000 1149.000000 0.000792 0.000112 0.000000 154.231232 
17.649048 9.659974 48.774483 -12.743903 9.817074 1.829268 1158.000000 1149.000000 1162.000000 1145.000000 0.000791 0.000112 0.000000 154.439758 
14.779779 6.640466 48.197598 -21.951220 20.487804 1.951220 1146.000000 1159.000000 1160.000000 1145.000000 0.000792 0.000111 0.000000 155.064453 
11.387344 3.258290 47.762951 -16.402439 15.182927 0.914634 1172.000000 1135.000000 1164.000000 1143.000000 0.000792 0.000112 0.000000 155.595047 
9.101143 1.085412 47.534588 -12.743903 10.243902 2.012195 1166.000000 1139.000000 1161.000000 1144.000000 0.000791 0.000111 0.000000 155.862518 
6.677898 -1.121004 47.353939 -17.621952 16.097561 2.073171 1142.000000 1163.000000 1159.000000 1146.000000 0.000792 0.000111 0.000000 156.063675 
0.795875 -6.330894 47.319962 -16.524391 14.146341 2.073171 1154.000000 1153.000000 1160.000000 1147.000000 0.000792 0.000112 0.000000 156.116364 
-1.451327 -8.331472 47.315834 -10.487805 7.743903 0.365854 1159.000000 1146.000000 1162.000000 1143.000000 0.000792 0.000111 0.000000 156.040634 
-3.175725 -9.844429 47.259918 -9.146341 6.280488 1.097561 1152.000000 1153.000000 1160.000000 1145.000000 0.000792 0.000112 0.000000 155.976288 
-4.623801 -11.196158 47.183464 -7.621952 4.451220 1.829268 1154.000000 1153.000000 1162.000000 1145.000000 0.000792 0.000112 0.000000 155.906738 
-5.769561 -12.255200 47.014431 -5.914634 4.085366 1.463415 1134.000000 1171.000000 1156.000000 1149.000000 0.000792 0.000111 0.000000 155.889313 
-6.244493 -12.706153 46.775406 -0.548781 -3.963415 1.036585 1147.000000 1158.000000 1163.000000 1142.000000 0.000792 0.000112 0.000000 155.957230 
-5.362871 -11.844241 46.226555 7.012195 -10.853659 2.012195 1147.000000 1160.000000 1160.000000 1147.000000 0.000791 0.000112 0.000000 156.307495 
-3.128585 -9.649241 45.466003 13.658537 -17.621952 1.280488 1157.000000 1148.000000 1158.000000 1147.000000 0.000792 0.000111 0.000000 156.866577 
-0.120438 -6.942677 44.729946 14.329268 -19.390244 1.463415 1157.000000 1150.000000 1164.000000 1143.000000 0.000792 0.000112 0.000000 157.384430 
2.920158 -4.218023 44.183342 13.719513 -18.231709 0.426829 1156.000000 1149.000000 1160.000000 1145.000000 0.000791 0.000111 0.000000 157.714005 
5.868661 -1.463740 43.824589 12.987805 -17.560976 1.280488 1159.000000 1146.000000 1162.000000 1143.000000 0.000792 0.000111 0.000000 157.853073 
8.702671 1.042468 43.629013 11.829268 -15.487805 1.524390 1160.000000 1147.000000 1162.000000 1145.000000 0.000792 0.000112 0.000000 157.809616 
12.297168 4.415027 43.561684 9.512196 -13.170732 1.463415 1162.000000 1143.000000 1161.000000 1144.000000 0.000791 0.000111 0.000000 157.535110 
14.345635 6.448289 43.653858 8.841464 -13.170732 1.341463 1165.000000 1140.000000 1163.000000 1142.000000 0.000792 0.000111 0.000000 157.249771 
16.294291 8.299248 43.816532 6.097561 -10.243902 1.219512 1167.000000 1140.000000 1160.000000 1147.000000 0.000792 0.000112 0.000000 156.902313 
17.733892 9.412379 43.889896 2.804878 -6.463415 1.280488 1175.000000 1130.000000 1161.000000 1144.000000 0.000791 0.000111 0.000000 156.649109 
17.980335 9.524112 43.840687 -6.707317 4.146341 1.463415 1159.000000 1146.000000 1165.000000 1140.000000 0.000792 0.000111 0.000000 156.633560 
16.285984 7.881747 43.489315 -13.414635 11.768293 1.890244 1164.000000 1143.000000 1162.000000 1145.000000 0.000792 0.000112 0.000000 157.059708 
13.633044 5.318391 43.061333 -17.195122 16.097561 1.341463 1155.000000 1150.000000 1159.000000 1146.000000 0.000791 0.000111 0.000000 157.618973 
10.055400 2.299867 42.750000 -20.670732 19.024391 1.402439 1147.000000 1158.000000 1159.000000 1146.000000 0.000792 0.000111 0.000000 158.138428 
4.926441 -2.375762 42.481544 -14.451220 12.682927 1.890244 1160.000000 1147.000000 1160.000000 1147.000000 0.000792 0.000112 0.000000 158.541397 
2.540835 -4.687778 42.368244 -13.109756 10.426829 1.890244 1156.000000 1149.000000 1161.000000 1144.000000 0.000791 0.000111 0.000000 158.604935 
0.693738 -6.440032 42.270168 -10.365854 7.256098 0.975610 1157.000000 1148.000000 1161.000000 1144.000000 0.000792 0.000111 0.000000 158.610184 
-0.967235 -7.984937 42.191509 -10.243902 7.317073 1.036585 1149.000000 1158.000000 1162.000000 1145.000000 0.000792 0.000112 0.000000 158.574677 
-2.421553 -9.414382 42.103241 -6.768293 3.963415 1.707317 1140.000000 1165.000000 1160.000000 1145.000000 0.000791 0.000111 0.000000 158.516739 
-2.156977 -9.082676 41.756371 6.341464 -11.280488 1.341463 1161.000000 1144.000000 1161.000000 1144.000000 0.000792 0.000111 0.000000 158.712891 
0.288941 -6.700486 41.104969 14.512196 -18.536585 1.768293 1164.000000 1143.000000 1159.000000 1148.000000 0.000792 0.000112 0.000000 159.179092 
3.407874 -3.869153 40.546082 13.048780 -17.500000 2.256098 1153.000000 1154.000000 1162.000000 1145.000000 0.000791 0.000112 0.000000 159.513565 
6.634767 -0.724184 40.069130 8.292683 -12.073171 1.097561 1155.000000 1150.000000 1161.000000 1144.000000 0.000792 0.000111 0.000000 159.680008 
9.015858 1.400761 39.915405 10.609756 -15.426829 0.609756 1162.000000 1143.000000 1163.000000 1142.000000 0.000792 0.000112 0.000000 159.602142 
11.338760 3.655894 39.856136 9.573171 -14.085366 1.646341 1163.000000 1144.000000 1162.000000 1145.000000 0.000792 0.000112 0.000000 159.409943 
13.638881 5.647151 39.883522 8.719512 -12.195122 1.402439 1161.000000 1144.000000 1159.000000 1146.000000 0.000792 0.000111 0.000000 159.107483 
15.380973 7.379500 40.000500 6.280488 -9.939025 0.792683 1178.000000 1127.000000 1161.000000 1144.000000 0.000792 0.000111 0.000000 158.788971 
16.366856 8.241577 40.034927 -0.853659 -1.280488 0.975610 1169.000000 1138.000000 1157.000000 1150.000000 0.000792 0.000112 0.000000 158.609756 
15.298738 7.292998 39.792393 -12.256098 9.695122 1.097561 1156.000000 1149.000000 1158.000000 1147.000000 0.000791 0.000111 0.000000 158.897446 
12.497515 4.614240 39.367126 -20.548780 17.317074 0.914634 1146.000000 1159.000000 1163.000000 1142.000000 0.000792 0.000111 0.000000 159.502960 
6.952964 -0.711731 38.892891 -16.646341 13.780488 1.524390 1159.000000 1148.000000 1163.000000 1144.000000 0.000792 0.000112 0.000000 160.232773 
4.212064 -3.132227 38.757507 -14.878049 12.560976 1.158537 1152.000000 1155.000000 1162.000000 1145.000000 0.000792 0.000112 0.000000 160.394135 
1.890829 -5.215713 38.659702 -10.426829 7.378049 1.646341 1166.000000 1139.000000 1162.000000 1143.000000 0.000792 0.000111 0.000000 160.437119 
0.501244 -6.456823 38.535809 -9.146341 6.890244 1.890244 1154.000000 1151.000000 1158.000000 1147.000000 0.000792 0.000111 0.000000 160.458160 
-1.044408 -7.983203 38.454857 -9.573171 7.621952 1.402439 1152.000000 1155.000000 1160.000000 1147.000000 0.000792 0.000112 0.000000 160.406967 
-2.461100 -9.366118 38.384514 -10.000000 6.097561 1.219512 1153.000000 1152.000000 1163.000000 1142.000000 0.000792 0.000111 0.000000 160.326660 
-3.751756 -10.556472 38.284443 -6.707317 4.024390 0.975610 1157.000000 1150.000000 1161.000000 1146.000000 0.000792 0.000112 0.000000 160.251526 
-4.491266 -11.241425 38.094234 -4.146341 1.585366 1.890244 1159.000000 1146.000000 1158.000000 1147.000000 0.000792 0.000111 0.000000 160.260147 
-5.548203 -12.184420 37.795643 -6.219512 3.841464 1.890244 1149.000000 1158.000000 1159.000000 1148.000000 0.000792 0.000112 0.000000 160.273697 
-6.399200 -12.945750 37.652431 -5.853659 1.890244 1.280488 1149.000000 1156.000000 1163.000000 1142.000000 0.000791 0.000111 0.000000 160.225677 
-6.871585 -13.163891 37.372814 -1.219512 -1.829268 1.402439 1147.000000 1158.000000 1157.000000 1148.000000 0.000792 0.000112 0.000000 160.313889 
-6.600835 -12.865529 36.941975 2.743902 -5.792683 1.280488 1152.000000 1155.000000 1160.000000 1147.000000 0.000791 0.000112 0.000000 160.560394 
-5.339165 -11.655045 36.351509 5.365854 -10.731708 1.280488 1158.000000 1147.000000 1163.000000 1142.000000 0.000792 0.000111 0.000000 161.021988 
-3.651870 -10.043591 35.712528 7.560976 -10.365854 1.829268 1156.000000 1151.000000 1159.000000 1148.000000 0.000792 0.000112 0.000000 161.540726 
-2.242620 -8.784543 35.181225 3.231707 -7.682927 1.219512 1147.000000 1158.000000 1162.000000 1143.000000 0.000792 0.000111 0.000000 161.936142 
-1.596817 -8.088344 34.788757 0.792683 -5.000000 0.975610 1147.000000 1160.000000 1163.000000 1144.000000 0.000792 0.000112 0.000000 162.193527 
0.094313 -6.485811 34.147930 4.573171 -9.146341 1.585366 1158.000000 1147.000000 1164.000000 1141.000000 0.000792 0.000111 0.000000 162.627121 
1.308756 -5.490208 33.772671 3.414634 -7.500000 0.670732 1157.000000 1150.000000 1162.000000 1145.000000 0.000792 0.000112 0.000000 162.855377 
2.125303 -4.787884 33.440269 0.792683 -4.146341 1.036585 1149.000000 1156.000000 1158.000000 1147.000000 0.000791 0.000111 0.000000 163.037949 
2.466203 -4.557280 33.172977 -1.768293 -2.134146 2.195122 1149.000000 1156.000000 1163.000000 1142.000000 0.000792 0.000112 0.000000 163.169617 
2.836523 -4.410431 32.915192 0.243902 -3.353659 0.792683 1157.000000 1148.000000 1161.000000 1144.000000 0.000791 0.000111 0.000000 163.286758 
3.186634 -4.011750 32.650776 -0.792683 -2.682927 1.951220 1149.000000 1156.000000 1160.000000 1145.000000 0.000792 0.000111 0.000000 163.425247 
3.237779 -3.910671 32.415623 -1.890244 -1.280488 1.646341 1152.000000 1155.000000 1162.000000 1145.000000 0.000792 0.000112 0.000000 163.545380 
3.308364 -3.848095 32.176712 -0.853659 -2.621951 0.792683 1155.000000 1150.000000 1161.000000 1144.000000 0.000792 0.000111 0.000000 163.663239 
3.818246 -3.503323 31.774761 -1.646341 -0.853659 1.890244 1149.000000 1158.000000 1159.000000 1148.000000 0.000792 0.000112 0.000000 163.850616 
3.773400 -3.537467 31.551304 -2.134146 -0.792683 1.707317 1151.000000 1154.000000 1161.000000 1144.000000 0.000792 0.000111 0.000000 163.961746 
3.861193 -3.612697 31.321533 -2.926829 -0.914634 0.670732 1151.000000 1156.000000 1163.000000 1144.000000 0.000792 0.000112 0.000000 164.063248 
3.834892 -3.880208 31.103634 -2.987805 -0.060976 1.585366 1150.000000 1155.000000 1159.000000 1146.000000 0.000791 0.000111 0.000000 164.152786 
3.726034 -3.976534 30.876310 -2.987805 -0.365854 1.890244 1151.000000 1154.000000 1163.000000 1142.000000 0.000792 0.000111 0.000000 164.265488 
3.613951 -4.167773 30.635321 -1.890244 -1.524390 1.097561 1155.000000 1152.000000 1162.000000 1145.000000 0.000792 0.000112 0.000000 164.377319 
3.597537 -3.950741 30.422888 -0.609756 -1.280488 1.524390 1153.000000 1152.000000 1159.000000 1146.000000 0.000792 0.000111 0.000000 164.500244 
3.973494 -3.336893 30.120365 5.060976 -10.060976 1.768293 1181.000000 1126.000000 1166.000000 1141.000000 0.000792 0.000112 0.000000 164.666183 
10.185557 2.514687 29.734314 18.414635 -25.000000 -0.731707 1188.000000 1117.000000 1164.000000 1141.000000 0.000792 0.000111 0.000000 164.360245 
11.115171 3.572123 29.864313 -8.902439 6.951220 -1.097561 1121.000000 1184.000000 1156.000000 1149.000000 0.000792 0.000112 0.000000 164.154251 
10.063321 2.491046 29.579575 -5.243903 0.792683 3.658537 1171.000000 1136.000000 1166.000000 1141.000000 0.000791 0.000111 0.000000 164.451126 
10.016947 2.569013 29.396963 -0.243902 -1.707317 -0.121951 1166.000000 1139.000000 1156.000000 1149.000000 0.000792 0.000111 0.000000 164.544067 
10.025976 2.722741 29.368563 -4.634146 2.256098 1.158537 1152.000000 1155.000000 1159.000000 1148.000000 0.000792 0.000112 0.000000 164.556061 
9.365241 1.984185 29.075081 -5.243903 2.621951 2.926829 1157.000000 1148.000000 1160.000000 1145.000000 0.000792 0.000111 0.000000 164.788239 
9.281629 1.735638 28.925438 -0.060976 -2.378049 0.304878 1171.000000 1134.000000 1159.000000 1146.000000 0.000792 0.000112 0.000000 164.868912 
9.964187 2.300863 28.819969 1.341463 -3.902439 2.073171 1167.000000 1140.000000 1160.000000 1147.000000 0.000792 0.000111 0.000000 164.822647 
9.361660 1.633069 28.466568 -7.073171 4.939024 0.243902 1150.000000 1155.000000 1157.000000 1148.000000 0.000792 0.000111 0.000000 165.073639 
8.641515 1.058191 28.313015 -3.109756 -0.426829 1.768293 1164.000000 1143.000000 1165.000000 1142.000000 0.000795 0.000109 0.000000 165.240662 
8.615085 0.940251 28.086807 -3.170732 -0.121951 2.621951 1153.000000 1152.000000 1164.000000 1141.000000 0.000792 0.000112 0.000000 165.350006 
8.204243 0.369276 27.891914 -5.182927 2.134146 0.365854 1153.000000 1152.000000 1161.000000 1144.000000 0.000792 0.000112 0.000000 165.486282 
7.645865 -0.119462 27.719406 -3.841464 -0.060976 1.707317 1159.000000 1148.000000 1165.000000 1142.000000 0.000791 0.000111 0.000000 165.628708 
7.764420 0.096486 27.500612 0.792683 -4.573171 1.646341 1168.000000 1137.000000 1162.000000 1143.000000 0.000792 0.000112 0.000000 165.725403 
8.421809 0.725567 27.344906 2.804878 -6.036585 1.036585 1170.000000 1137.000000 1161.000000 1146.000000 0.000791 0.000112 0.000000 165.726624 
10.170216 2.308634 27.186676 12.073171 -17.195122 1.951220 1203.000000 1102.000000 1164.000000 1141.000000 0.000791 0.000111 0.000000 165.554626 
15.059400 6.976394 27.415491 3.780488 -7.560976 1.280488 1161.000000 1144.000000 1161.000000 1144.000000 0.000792 0.000112 0.000000 164.417511 
15.324532 7.219948 27.308912 -0.975610 -2.804878 1.646341 1173.000000 1134.000000 1164.000000 1143.000000 0.000791 0.000112 0.000000 164.393387 
15.573660 7.380553 27.286592 -4.634146 3.414634 0.792683 1150.000000 1155.000000 1154.000000 1151.000000 0.000792 0.000112 0.000000 164.340515 
14.059980 5.842988 26.977558 -12.500000 9.024390 1.219512 1149.000000 1156.000000 1162.000000 1143.000000 0.000792 0.000112 0.000000 164.863373 
12.910937 4.766685 26.736588 -3.231707 0.243902 0.975610 1178.000000 1129.000000 1161.000000 1146.000000 0.000791 0.000111 0.000000 165.235199 
13.216985 4.910284 26.639030 0.304878 -2.682927 1.463415 1171.000000 1134.000000 1158.000000 1147.000000 0.000792 0.000112 0.000000 165.213455 
13.041816 4.813417 26.497564 -5.975610 2.865854 1.402439 1152.000000 1155.000000 1160.000000 1147.000000 0.000791 0.000112 0.000000 165.313309 
11.844800 3.826149 26.322252 -8.536586 5.243903 0.853659 1155.000000 1150.000000 1160.000000 1145.000000 0.000791 0.000111 0.000000 165.645615 
15.721781 7.598433 26.412432 23.048780 -27.743902 1.036585 1214.000000 1100.000000 1163.000000 1142.000000 0.000792 0.000112 0.000000 164.656464 
18.588209 10.354038 26.870207 3.902439 -5.000000 -0.243902 1156.000000 1151.000000 1157.000000 1150.000000 0.000791 0.000112 0.000000 163.604401 
19.193626 11.010159 26.955326 1.829268 -7.621952 2.865854 1189.000000 1116.000000 1169.000000 1136.000000 0.000791 0.000111 0.000000 163.366760 
20.951723 12.631003 27.196785 6.951220 -11.280488 2.012195 1199.000000 1106.000000 1162.000000 1143.000000 0.000792 0.000112 0.000000 162.682251 
21.348345 13.159146 27.321953 -5.426829 1.707317 0.121951 1166.000000 1141.000000 1164.000000 1143.000000 0.000791 0.000112 0.000000 162.481415 
20.977415 12.803730 27.261967 -6.097561 1.646341 1.890244 1166.000000 1139.000000 1165.000000 1140.000000 0.000792 0.000112 0.000000 162.634445 
18.853603 10.638228 26.725637 -18.109756 19.390244 0.914634 1130.000000 1175.000000 1150.000000 1155.000000 0.000792 0.000112 0.000000 163.569489 
15.706691 7.295613 26.164373 -14.695123 13.658537 0.548781 1165.000000 1142.000000 1160.000000 1147.000000 0.000791 0.000112 0.000000 164.779739 
15.835370 8.127551 26.177849 4.451220 -5.792683 -0.304878 1180.000000 1125.000000 1153.000000 1152.000000 0.000792 0.000112 0.000000 164.691788 
15.559136 7.797548 26.091501 -9.939025 4.573171 2.073171 1148.000000 1157.000000 1168.000000 1137.000000 0.000792 0.000112 0.000000 164.811188 
14.415858 6.667155 25.753439 -6.341464 2.926829 2.865854 1168.000000 1139.000000 1163.000000 1144.000000 0.000791 0.000112 0.000000 165.270584 
13.906390 6.210443 25.614185 -3.109756 1.646341 0.670732 1164.000000 1141.000000 1158.000000 1147.000000 0.000792 0.000112 0.000000 165.462311 
13.480244 5.767121 25.465908 -5.914634 2.865854 2.317073 1157.000000 1148.000000 1163.000000 1142.000000 0.000792 0.000112 0.000000 165.636520 
12.421494 5.042003 25.237591 -6.463415 3.719512 2.317073 1157.000000 1150.000000 1161.000000 1146.000000 0.000791 0.000112 0.000000 165.981674 
11.961446 4.472513 25.078691 -2.804878 0.731707 0.609756 1169.000000 1136.000000 1158.000000 1147.000000 0.000792 0.000112 0.000000 166.162338 
11.950702 4.355368 24.962400 -1.646341 -1.768293 0.914634 1170.000000 1137.000000 1162.000000 1145.000000 0.000792 0.000112 0.000000 166.219574 
11.114945 4.271343 24.758844 -6.646342 3.902439 1.219512 1155.000000 1152.000000 1162.000000 1145.000000 0.000791 0.000112 0.000000 166.472214 
10.594576 3.636760 24.599230 -4.512195 1.402439 1.097561 1161.000000 1144.000000 1162.000000 1143.000000 0.000792 0.000112 0.000000 166.657578 
10.319276 3.207738 24.387932 -3.536585 0.853659 2.256098 1164.000000 1141.000000 1158.000000 1147.000000 0.000792 0.000112 0.000000 166.812286 
10.134164 2.876871 24.199339 -3.597561 -0.365854 1.097561 1164.000000 1143.000000 1165.000000 1142.000000 0.000791 0.000112 0.000000 166.936737 
9.917405 2.524646 23.957544 -2.560976 -0.426829 1.036585 1164.000000 1141.000000 1159.000000 1146.000000 0.000792 0.000112 0.000000 167.089951 
10.016622 2.530016 23.804544 -1.951220 -1.707317 1.890244 1161.000000 1144.000000 1163.000000 1142.000000 0.000792 0.000112 0.000000 167.142075 
9.902287 2.503983 23.599382 -1.829268 -1.951220 2.073171 1161.000000 1146.000000 1165.000000 1142.000000 0.000791 0.000112 0.000000 167.256882 
9.935173 2.516682 23.453091 -2.560976 -0.060976 1.341463 1158.000000 1147.000000 1161.000000 1144.000000 0.000791 0.000111 0.000000 167.317673 
9.746607 2.293993 23.279625 -4.146341 1.402439 2.012195 1156.000000 1149.000000 1160.000000 1145.000000 0.000792 0.000099 0.000000 167.432983 
9.260745 1.851983 23.094059 -4.085366 0.731707 1.402439 1159.000000 1148.000000 1163.000000 1144.000000 0.000791 0.000082 0.000000 167.606491 
9.126949 1.616904 22.902069 -1.341463 -2.439024 1.280488 1166.000000 1141.000000 1163.000000 1144.000000 0.000791 0.000052 0.000000 167.718216 
9.706068 2.089201 22.740829 1.890244 -6.707317 1.280488 1171.000000 1134.000000 1163.000000 1142.000000 0.000792 0.000043 0.000000 167.687790 
11.013826 3.247418 22.517815 1.097561 -3.597561 1.829268 1166.000000 1139.000000 1161.000000 1144.000000 0.000792 0.000042 0.000000 167.518906 
11.152040 3.381581 22.372641 -2.256098 0.182927 1.463415 1160.000000 1145.000000 1159.000000 1146.000000 0.000791 0.000041 0.000000 167.551651 
10.806249 3.050070 22.182852 -3.353659 0.670732 1.585366 1161.000000 1144.000000 1160.000000 1145.000000 0.000792 0.000042 0.000000 167.713928 
10.649406 2.867206 22.030361 -2.195122 -0.060976 1.280488 1163.000000 1144.000000 1161.000000 1146.000000 0.000791 0.000041 0.000000 167.817001 
10.317027 2.856569 21.869970 -3.719512 -0.060976 1.829268 1160.000000 1145.000000 1162.000000 1143.000000 0.000792 0.000042 0.000000 167.956024 
9.823677 2.305351 21.661860 -5.182927 2.439024 1.707317 1156.000000 1151.000000 1162.000000 1145.000000 0.000791 0.000042 0.000000 168.154495 
9.232143 1.746695 21.476273 -5.365854 2.134146 1.097561 1155.000000 1150.000000 1161.000000 1144.000000 0.000792 0.000042 0.000000 168.354965 
8.445604 0.928116 21.270445 -7.500000 3.353659 0.975610 1152.000000 1155.000000 1163.000000 1144.000000 0.000791 0.000042 0.000000 168.588623 
7.761217 0.182577 21.068304 -5.426829 2.804878 1.341463 1153.000000 1152.000000 1160.000000 1145.000000 0.000792 0.000042 0.000000 168.786835 
7.014647 -0.633021 20.872046 -6.585366 4.024390 1.890244 1150.000000 1157.000000 1161.000000 1146.000000 0.000791 0.000042 0.000000 168.973709 
5.898509 -1.553992 20.687082 -7.621952 4.451220 0.914634 1146.000000 1159.000000 1162.000000 1143.000000 0.000792 0.000042 0.000000 169.182602 
5.323649 -2.101547 20.499483 -2.560976 -0.426829 1.463415 1157.000000 1148.000000 1161.000000 1144.000000 0.000792 0.000042 0.000000 169.315475 
7.267746 -0.409222 20.129128 5.365854 -8.597561 1.341463 1170.000000 1135.000000 1161.000000 1144.000000 0.000791 0.000041 0.000000 169.291748 
7.533327 -0.038905 19.946915 -4.512195 2.378049 1.890244 1148.000000 1157.000000 1159.000000 1146.000000 0.000792 0.000042 0.000000 169.344482 
6.724739 -0.987570 19.727949 -6.646342 3.231707 2.012195 1150.000000 1157.000000 1163.000000 1144.000000 0.000791 0.000042 0.000000 169.545135 
6.390124 -1.236789 19.548958 -1.463415 -2.073171 0.487805 1160.000000 1145.000000 1161.000000 1144.000000 0.000792 0.000042 0.000000 169.670334 
6.674066 -0.851511 19.338476 1.097561 -4.390244 1.524390 1164.000000 1143.000000 1162.000000 1145.000000 0.000791 0.000042 0.000000 169.744125 
7.218771 -0.358465 19.139475 -0.914634 -2.256098 1.646341 1157.000000 1148.000000 1161.000000 1144.000000 0.000792 0.000042 0.000000 169.766037 
7.274788 -0.345244 18.957262 -2.012195 -0.609756 1.524390 1157.000000 1150.000000 1162.000000 1145.000000 0.000791 0.000042 0.000000 169.841690 
7.100580 -0.289640 18.769148 -1.646341 -1.158537 1.951220 1158.000000 1147.000000 1160.000000 1145.000000 0.000791 0.000041 0.000000 169.962540 
7.085217 0.046062 18.473448 -0.548781 -2.195122 0.975610 1160.000000 1145.000000 1160.000000 1145.000000 0.000792 0.000042 0.000000 170.114029 
7.292128 0.128099 18.265604 -2.378049 -1.341463 1.646341 1158.000000 1149.000000 1162.000000 1145.000000 0.000791 0.000029 0.000000 170.175613 
7.059074 -0.184102 18.056475 -5.121951 0.548781 0.853659 1153.000000 1152.000000 1162.000000 1143.000000 0.000792 0.000011 0.000000 170.305984 
6.641219 -0.557996 17.883318 -3.414634 1.036585 1.036585 1155.000000 1152.000000 1161.000000 1146.000000 0.000791 0.000000 0.000000 170.447174 
6.552388 -0.742657 17.657621 -0.792683 -2.073171 2.500000 1158.000000 1147.000000 1160.000000 1145.000000 0.000792 0.000000 0.000000 170.560318 
7.177150 -0.220820 17.457983 2.134146 -6.036585 0.853659 1165.000000 1142.000000 1162.000000 1145.000000 0.000792 0.000000 0.000000 170.560394 
8.306069 0.697396 17.280819 3.597561 -7.560976 1.036585 1168.000000 1137.000000 1162.000000 1143.000000 0.000791 0.000000 0.000000 170.436676 
9.191518 1.415502 17.095831 0.121951 -4.329268 1.402439 1164.000000 1141.000000 1162.000000 1143.000000 0.000792 0.000000 0.000000 170.327545 
8.119367 0.617938 16.822203 -10.609756 9.451220 1.707317 1145.000000 1162.000000 1160.000000 1147.000000 0.000791 0.000000 0.000000 170.681458 
6.620068 -0.838119 16.596886 -5.853659 2.560976 2.012195 1151.000000 1154.000000 1161.000000 1144.000000 0.000792 0.000000 0.000000 171.037888 
6.382307 -0.918956 16.398539 0.304878 -4.695122 0.670732 1162.000000 1145.000000 1163.000000 1144.000000 0.000791 0.000000 0.000000 171.169891 
7.359304 -0.062266 16.190008 4.756098 -7.926829 1.707317 1168.000000 1137.000000 1161.000000 1144.000000 0.000791 0.000000 0.000000 171.111130 
8.359310 0.855076 15.994326 1.524390 -4.817073 1.829268 1165.000000 1140.000000 1161.000000 1144.000000 0.000792 0.000000 0.000000 171.000397 
8.152572 0.642042 15.812276 -7.439024 4.390244 1.341463 1151.000000 1156.000000 1162.000000 1145.000000 0.000791 0.000000 0.000000 171.125397 
6.400688 -0.936964 15.605193 -11.402439 10.000000 1.829268 1140.000000 1165.000000 1159.000000 1146.000000 0.000792 0.000000 0.000000 171.533279 
4.813120 -2.558715 15.431534 -8.048780 4.817073 1.951220 1145.000000 1162.000000 1162.000000 1145.000000 0.000792 0.000000 0.000000 171.769302 
5.758604 -1.698762 15.026954 9.146341 -13.048780 1.097561 1173.000000 1132.000000 1161.000000 1144.000000 0.000791 0.000000 0.000000 171.872681 
7.515180 -0.061465 14.801948 3.414634 -6.890244 2.073171 1167.000000 1138.000000 1161.000000 1144.000000 0.000792 0.000000 0.000000 171.702652 
7.682308 0.112248 14.619134 -6.036585 3.231707 1.890244 1152.000000 1155.000000 1162.000000 1145.000000 0.000791 0.000000 0.000000 171.750610 
6.528001 -0.950958 14.440478 -8.292683 6.158537 1.524390 1146.000000 1159.000000 1160.000000 1145.000000 0.000792 0.000000 0.000000 172.041046 
5.557358 -1.801697 14.257486 -4.390244 1.036585 1.890244 1151.000000 1154.000000 1161.000000 1144.000000 0.000792 0.000000 0.000000 172.258591 
5.986446 -1.464731 14.035408 3.231707 -6.829268 0.792683 1165.000000 1142.000000 1162.000000 1145.000000 0.000791 0.000000 0.000000 172.303726 
7.233929 -0.192018 13.826420 5.670732 -9.268292 1.768293 1170.000000 1135.000000 1161.000000 1144.000000 0.000792 0.000000 0.000000 172.195892 
8.445477 0.817458 13.639588 0.548781 -3.780488 2.256098 1164.000000 1143.000000 1162.000000 1145.000000 0.000791 0.000000 0.000000 171.999252 
6.892927 -0.618584 13.341222 -12.682927 10.000000 0.914634 1140.000000 1165.000000 1160.000000 1145.000000 0.000791 0.000000 0.000000 172.472412 
5.223420 -2.163683 13.177323 -6.341464 4.024390 1.829268 1147.000000 1158.000000 1160.000000 1145.000000 0.000792 0.000000 0.000000 172.787811 
5.045408 -2.423793 12.926238 2.317073 -6.463415 1.341463 1163.000000 1144.000000 1163.000000 1144.000000 0.000791 0.000000 0.000000 172.910583 
6.413577 -1.135916 12.659369 6.036585 -9.817074 1.585366 1169.000000 1136.000000 1161.000000 1144.000000 0.000792 0.000000 0.000000 172.856476 
7.463556 -0.128969 12.454109 0.853659 -3.353659 1.341463 1162.000000 1143.000000 1160.000000 1145.000000 0.000792 0.000000 0.000000 172.740250 
6.981082 -0.595892 12.262050 -7.865854 6.036585 2.073171 1148.000000 1159.000000 1161.000000 1146.000000 0.000791 0.000000 0.000000 172.926300 
5.439885 -2.143125 12.067216 -9.695122 6.707317 2.012195 1142.000000 1163.000000 1161.000000 1144.000000 0.000792 0.000000 0.000000 173.252243 
4.458785 -3.129185 11.876678 -2.500000 -0.792683 0.548781 1152.000000 1153.000000 1161.000000 1144.000000 0.000792 0.000000 0.000000 173.413879 
7.119769 -0.489962 11.449119 12.195122 -16.646341 1.890244 1181.000000 1126.000000 1163.000000 1144.000000 0.000791 0.000000 0.000000 173.244629 
9.029281 1.426755 11.306200 0.853659 -4.024390 1.951220 1165.000000 1140.000000 1161.000000 1144.000000 0.000792 0.000000 0.000000 172.778931 
8.435654 0.845909 11.128711 -11.402439 9.817074 1.524390 1143.000000 1162.000000 1160.000000 1145.000000 0.000791 0.000000 0.000000 173.033813 
6.432100 -0.940242 10.954416 -11.341464 8.963415 1.768293 1142.000000 1165.000000 1161.000000 1146.000000 0.000791 0.000000 0.000000 173.610916 
5.591503 -1.595590 10.736510 -0.060976 -3.475610 2.012195 1158.000000 1147.000000 1161.000000 1144.000000 0.000792 0.000001 0.000000 173.862946 
6.270624 -0.938102 10.536093 3.475610 -6.951220 1.768293 1166.000000 1141.000000 1162.000000 1145.000000 0.000791 0.000011 0.000000 173.832001 
7.284522 0.084654 10.337856 3.536585 -6.341464 1.402439 1166.000000 1139.000000 1160.000000 1145.000000 0.000791 0.000010 0.000000 173.681641 
7.932776 0.651290 10.162385 -1.158537 -1.280488 1.890244 1159.000000 1148.000000 1161.000000 1146.000000 0.000791 0.000017 0.000000 173.566818 
6.937971 -0.255519 9.931643 -9.939025 7.865854 2.073171 1143.000000 1164.000000 1161.000000 1146.000000 0.000791 0.000020 0.000000 173.937317 
5.085269 -1.852404 9.770647 -9.634147 7.256098 1.280488 1146.000000 1165.000000 1163.000000 1148.000000 0.000791 0.000024 0.000000 174.381073 
4.367524 -2.519775 9.573771 0.060976 -4.024390 1.219512 1162.000000 1143.000000 1161.000000 1144.000000 0.000791 0.000030 0.000000 174.548920 
7.371452 0.134706 9.144446 5.487805 -9.024390 0.853659 1170.000000 1137.000000 1162.000000 1145.000000 0.000791 0.000036 0.000000 174.132660 
7.780485 0.200383 8.958701 -5.914634 2.804878 0.975610 1148.000000 1157.000000 1160.000000 1145.000000 0.000791 0.000039 0.000000 174.074081 
7.226020 -0.453246 8.744116 -2.682927 -0.792683 1.585366 1160.000000 1145.000000 1161.000000 1144.000000 0.000792 0.000041 0.000000 174.315002 
7.637669 -0.032521 8.569971 1.341463 -4.390244 1.402439 1166.000000 1141.000000 1163.000000 1144.000000 0.000791 0.000041 0.000000 174.261810 
8.121615 0.461188 8.392507 -1.524390 -0.914634 2.073171 1156.000000 1149.000000 1160.000000 1145.000000 0.000791 0.000039 0.000000 174.170364 
7.561877 -0.215476 8.178327 -6.890244 4.146341 1.463415 1148.000000 1157.000000 1161.000000 1144.000000 0.000791 0.000040 0.000000 174.426651 
6.691764 -1.047292 8.021833 -6.829268 3.658537 1.524390 1149.000000 1156.000000 1161.000000 1144.000000 0.000792 0.000040 0.000000 174.729050 
6.280819 -1.462044 7.803224 -1.524390 -1.768293 1.219512 1160.000000 1147.000000 1162.000000 1145.000000 0.000791 0.000041 0.000000 174.909302 
7.765723 -0.203851 7.472965 3.353659 -6.829268 1.402439 1166.000000 1139.000000 1161.000000 1144.000000 0.000792 0.000041 0.000000 174.607544 
8.235648 0.321743 7.297027 -2.073171 -0.365854 2.134146 1155.000000 1150.000000 1160.000000 1145.000000 0.000792 0.000041 0.000000 174.505768 
8.113428 0.092320 7.103528 -3.231707 0.487805 1.829268 1157.000000 1150.000000 1162.000000 1145.000000 0.000791 0.000046 0.000000 174.612045 
8.093664 0.213755 6.942873 -1.158537 -1.951220 1.158537 1160.000000 1145.000000 1161.000000 1144.000000 0.000791 0.000049 0.000000 174.673950 
8.129081 0.239519 6.753631 -2.743902 -0.670732 2.012195 1156.000000 1149.000000 1162.000000 1143.000000 0.000791 0.000056 0.000000 174.721619 
7.967925 0.087080 6.567726 -4.329268 0.609756 1.036585 1155.000000 1152.000000 1163.000000 1144.000000 0.000791 0.000057 0.000000 174.840515 
7.344111 -0.428243 6.385762 -5.365854 1.707317 0.853659 1153.000000 1154.000000 1162.000000 1145.000000 0.000791 0.000055 0.000000 175.121704 
6.898197 -0.787665 6.178932 -2.621951 -0.609756 1.890244 1158.000000 1147.000000 1161.000000 1144.000000 0.000791 0.000056 0.000000 175.338394 
6.950611 -0.723505 5.857640 -1.402439 -1.829268 1.585366 1158.000000 1147.000000 1161.000000 1144.000000 0.000792 0.000056 0.000000 175.427856 
7.080009 -0.579841 5.648989 -1.158537 -1.402439 2.256098 1158.000000 1149.000000 1161.000000 1146.000000 0.000791 0.000056 0.000000 175.452011 
7.037538 -0.615373 5.458430 -3.109756 0.060976 1.097561 1153.000000 1152.000000 1162.000000 1143.000000 0.000792 0.000056 0.000000 175.525787 
6.823195 -0.790241 5.278521 -3.536585 -0.487805 1.036585 1155.000000 1152.000000 1163.000000 1144.000000 0.000791 0.000056 0.000000 175.655304 
6.652864 -1.091409 5.056722 -2.743902 -0.487805 1.341463 1156.000000 1149.000000 1161.000000 1144.000000 0.000791 0.000056 0.000000 175.768250 
6.619301 -1.097398 4.854375 -0.853659 -2.134146 1.585366 1160.000000 1147.000000 1162.000000 1145.000000 0.000792 0.000056 0.000000 175.841553 
6.890505 -0.851236 4.660418 -0.121951 -2.804878 1.524390 1160.000000 1145.000000 1161.000000 1144.000000 0.000791 0.000055 0.000000 175.805588 
7.197196 -0.763287 4.428584 -1.829268 -1.707317 1.524390 1156.000000 1149.000000 1162.000000 1143.000000 0.000791 0.000056 0.000000 175.745819 
6.672522 -1.070819 4.129230 -4.085366 0.609756 1.280488 1155.000000 1154.000000 1163.000000 1146.000000 0.000791 0.000055 0.000000 176.024673 
6.487692 -1.251425 3.906875 -1.768293 -1.585366 1.463415 1160.000000 1149.000000 1163.000000 1146.000000 0.000792 0.000056 0.000000 176.144669 
6.580494 -1.108567 3.716480 -1.768293 -1.280488 1.463415 1159.000000 1152.000000 1164.000000 1147.000000 0.000791 0.000056 0.000000 176.165939 
6.459042 -1.244748 3.518403 -2.804878 -0.365854 1.951220 1157.000000 1154.000000 1165.000000 1146.000000 0.000791 0.000056 0.000000 176.254135 
6.420346 -1.254573 3.314579 -2.073171 -0.975610 0.792683 1157.000000 1150.000000 1162.000000 1145.000000 0.000791 0.000056 0.000000 176.317841 
6.445574 -1.285210 3.108218 -1.951220 -2.378049 1.097561 1158.000000 1147.000000 1162.000000 1143.000000 0.000791 0.000056 0.000000 176.349823 
6.382762 -1.291420 2.900807 -2.195122 -1.036585 2.195122 1155.000000 1150.000000 1162.000000 1143.000000 0.000792 0.000056 0.000000 176.421280 
7.101374 -0.502694 2.636503 10.487805 -12.073171 1.524390 1185.000000 1120.000000 1159.000000 1146.000000 0.000791 0.000055 0.000000 176.199081 
16.652567 8.521688 2.939408 36.158539 -37.987804 -1.341463 1227.000000 1100.000000 1155.000000 1150.000000 0.000791 0.000056 0.000000 170.636520 
19.137260 11.063446 3.531386 -14.512196 7.317073 -0.426829 1132.000000 1175.000000 1169.000000 1138.000000 0.000791 0.000056 0.000000 168.968658 
15.863110 7.959990 2.838845 -19.634148 17.012196 3.475610 1145.000000 1162.000000 1162.000000 1145.000000 0.000791 0.000056 0.000000 171.107132 
14.313881 6.194956 2.529323 -0.487805 3.475610 1.097561 1178.000000 1129.000000 1152.000000 1155.000000 0.000791 0.000056 0.000000 172.165665 
15.120013 6.784086 2.542595 1.707317 -8.048780 1.158537 1180.000000 1125.000000 1167.000000 1138.000000 0.000791 0.000056 0.000000 171.689789 
15.228323 7.121733 2.431828 -6.829268 3.597561 2.682927 1153.000000 1152.000000 1162.000000 1143.000000 0.000791 0.000056 0.000000 171.579926 
13.474464 5.352269 2.150047 -13.109756 15.304878 -0.000000 1143.000000 1164.000000 1152.000000 1155.000000 0.000791 0.000055 0.000000 172.720444 
11.107778 3.026597 1.834139 -12.134147 6.402439 2.012195 1155.000000 1150.000000 1166.000000 1139.000000 0.000791 0.000056 0.000000 174.195007 
11.921082 3.956727 1.687136 5.365854 -9.695122 1.707317 1181.000000 1126.000000 1164.000000 1143.000000 0.000791 0.000056 0.000000 173.692154 
12.240278 4.469309 1.616485 -7.378049 2.743902 1.585366 1149.000000 1156.000000 1165.000000 1140.000000 0.000791 0.000056 0.000000 173.465836 
11.104875 3.168189 1.353616 -7.682927 7.560976 2.012195 1152.000000 1153.000000 1157.000000 1148.000000 0.000792 0.000056 0.000000 174.205185 
10.423929 2.350254 1.155403 -3.780488 0.609756 1.219512 1163.000000 1142.000000 1162.000000 1143.000000 0.000791 0.000055 0.000000 174.638016 
10.437573 2.621363 1.042893 -1.524390 -4.329268 1.280488 1167.000000 1138.000000 1166.000000 1139.000000 0.000791 0.000056 0.000000 174.605988 
10.865791 2.956593 0.891523 -0.853659 -1.158537 0.975610 1168.000000 1149.000000 1165.000000 1152.000000 0.000791 0.000056 0.000000 174.363678 
10.817187 2.798784 0.751153 -5.731708 2.317073 1.463415 1243.000000 1240.000000 1250.000000 1233.000000 0.000791 0.000056 0.000000 174.410126 
9.831045 1.744783 0.484625 -10.365854 5.670732 2.012195 1232.000000 1243.000000 1249.000000 1226.000000 0.000792 0.000056 0.000000 175.005615 
7.282289 -0.727611 0.115247 -4.878049 -0.182927 0.670732 1244.000000 1233.000000 1251.000000 1226.000000 0.000792 0.000055 0.000000 176.339966 
6.587121 -1.306477 -0.087264 -3.658537 1.890244 1.097561 1235.000000 1234.000000 1241.000000 1228.000000 0.000792 0.000056 0.000000 176.642578 
6.088678 -1.784962 -0.280598 -5.060976 1.341463 1.646341 1233.000000 1238.000000 1245.000000 1226.000000 0.000791 0.000056 0.000000 176.826645 
5.531323 -2.128151 -0.469401 -3.963415 1.097561 1.829268 1236.000000 1235.000000 1244.000000 1227.000000 0.000791 0.000056 0.000000 177.031662 
5.084124 -2.482127 -0.665291 -4.329268 1.707317 1.951220 1232.000000 1239.000000 1243.000000 1228.000000 0.000791 0.000056 0.000000 177.158340 
4.671265 -2.862812 -0.875022 -3.048780 -0.670732 2.195122 1237.000000 1234.000000 1245.000000 1226.000000 0.000791 0.000056 0.000000 177.235367 
4.836111 -2.664746 -1.104795 -0.792683 -2.743902 1.951220 1239.000000 1232.000000 1244.000000 1227.000000 0.000791 0.000056 0.000000 177.195724 
4.788636 -2.629112 -1.324275 -3.170732 0.182927 1.280488 1229.000000 1236.000000 1241.000000 1224.000000 0.000791 0.000056 0.000000 177.202637 
4.069402 -2.963893 -1.601902 -4.085366 0.487805 1.219512 1235.000000 1238.000000 1245.000000 1228.000000 0.000791 0.000055 0.000000 177.374756 
4.009802 -2.981425 -1.828138 -2.317073 -1.524390 0.975610 1235.000000 1234.000000 1244.000000 1225.000000 0.000791 0.000056 0.000000 177.357956 
3.936064 -3.113222 -2.055325 -2.134146 -0.426829 0.914634 1230.000000 1231.000000 1238.000000 1223.000000 0.000791 0.000056 0.000000 177.309143 
4.006073 -3.049615 -2.300890 -1.524390 -2.378049 1.341463 1238.000000 1233.000000 1245.000000 1226.000000 0.000791 0.000056 0.000000 177.254761 
4.136703 -2.925899 -2.572168 0.670732 -1.707317 1.463415 1238.000000 1235.000000 1241.000000 1232.000000 0.000791 0.000056 0.000000 177.183182 
5.758686 -1.275637 -2.897108 17.743902 -23.353659 1.280488 1291.000000 1182.000000 1249.000000 1224.000000 0.000791 0.000056 0.000000 176.728821 
12.541823 4.943362 -2.842578 36.341465 -44.756100 -0.000000 1319.000000 1154.000000 1249.000000 1224.000000 0.000791 0.000056 0.000000 173.058182 
15.641306 7.909053 -2.558061 -18.414635 15.853659 2.256098 1183.000000 1290.000000 1244.000000 1229.000000 0.000792 0.000056 0.000000 171.072098 
0.843292 -5.903765 -3.105363 -29.329269 29.146341 -1.036585 1213.000000 1260.000000 1243.000000 1230.000000 0.000791 0.000055 0.000000 176.648529 
-0.174888 -7.222517 -3.414685 13.841464 -19.756098 -0.975610 1279.000000 1194.000000 1248.000000 1225.000000 0.000791 0.000056 0.000000 176.002670 
2.024505 -5.136412 -3.839349 2.743902 -6.341464 1.402439 1229.000000 1244.000000 1245.000000 1228.000000 0.000791 0.000056 0.000000 176.664169 
1.108348 -6.313644 -4.175251 -5.487805 4.329268 2.743902 1223.000000 1250.000000 1240.000000 1233.000000 0.000791 0.000055 0.000000 176.192291 
1.105461 -6.271659 -4.422926 3.536585 -8.597561 2.500000 1248.000000 1225.000000 1249.000000 1224.000000 0.000791 0.000056 0.000000 176.141205 
2.192552 -5.249316 -4.857368 4.451220 -7.256098 -0.182927 1242.000000 1231.000000 1243.000000 1230.000000 0.000791 0.000056 0.000000 176.293289 
2.448731 -5.081952 -5.065085 -1.646341 -1.951220 1.280488 1231.000000 1240.000000 1244.000000 1227.000000 0.000791 0.000055 0.000000 176.246567 
2.470071 -5.124100 -5.374784 -1.585366 -1.707317 0.975610 1234.000000 1239.000000 1245.000000 1228.000000 0.000791 0.000056 0.000000 176.126022 
3.073261 -4.665881 -5.789953 4.390244 -6.890244 -0.365854 1250.000000 1223.000000 1244.000000 1229.000000 0.000791 0.000056 0.000000 176.023254 
3.509805 -4.226718 -6.200154 7.804878 -9.268292 1.951220 1257.000000 1214.000000 1242.000000 1229.000000 0.000791 0.000055 0.000000 175.907822 
9.481348 1.276916 -6.532885 44.573174 -53.292683 2.621951 1343.000000 1130.000000 1252.000000 1221.000000 0.000791 0.000056 0.000000 174.180145 
13.953803 5.364366 -6.437750 -11.585366 9.878049 2.134146 1187.000000 1286.000000 1244.000000 1229.000000 0.000791 0.000056 0.000000 171.739212 
9.252640 0.769152 -6.707617 -29.634148 30.487806 1.158537 1192.000000 1279.000000 1240.000000 1231.000000 0.000791 0.000055 0.000000 174.257004 
6.184509 -1.991057 -7.048944 0.670732 -5.365854 1.097561 1272.000000 1201.000000 1248.000000 1225.000000 0.000791 0.000056 0.000000 175.247955 
8.563406 0.433994 -7.178896 15.304878 -20.060976 0.426829 1274.000000 1199.000000 1247.000000 1226.000000 0.000791 0.000056 0.000000 174.400314 
10.354646 1.817764 -7.371913 -6.951220 4.939024 0.365854 1217.000000 1254.000000 1242.000000 1229.000000 0.000791 0.000055 0.000000 173.536102 
3.310113 -4.840147 -7.427268 -15.121951 13.597561 -0.121951 1228.000000 1245.000000 1243.000000 1230.000000 0.000791 0.000056 0.000000 175.325165 
2.237930 -5.853647 -7.772705 2.987805 -7.926829 3.536585 1250.000000 1223.000000 1248.000000 1225.000000 0.000791 0.000056 0.000000 175.054138 
3.614303 -4.552665 -8.082780 3.902439 -5.914634 1.280488 1241.000000 1232.000000 1242.000000 1231.000000 0.000791 0.000055 0.000000 175.082275 
3.171470 -4.944287 -8.470594 -4.085366 -0.487805 2.378049 1230.000000 1243.000000 1247.000000 1226.000000 0.000791 0.000056 0.000000 174.904221 
3.396049 -4.544014 -8.571527 1.463415 -4.207317 -0.121951 1242.000000 1231.000000 1244.000000 1229.000000 0.000791 0.000056 0.000000 174.918747 
3.490204 -4.444450 -8.978676 0.304878 -4.268293 0.853659 1240.000000 1233.000000 1246.000000 1227.000000 0.000791 0.000055 0.000000 174.754807 
3.954053 -3.907077 -9.101177 -0.243902 -3.048780 2.134146 1236.000000 1237.000000 1246.000000 1227.000000 0.000791 0.000056 0.000000 174.727310 
3.696597 -4.087301 -9.437434 -4.756098 3.170732 0.365854 1227.000000 1246.000000 1242.000000 1231.000000 0.000792 0.000056 0.000000 174.594635 
4.278365 -3.193182 -9.772054 3.719512 -6.341464 -0.975610 1246.000000 1227.000000 1243.000000 1230.000000 0.000791 0.000056 0.000000 174.486618 
4.272116 -3.394336 -9.966800 -6.158537 0.670732 1.951220 1227.000000 1246.000000 1249.000000 1224.000000 0.000791 0.000056 0.000000 174.376251 
4.092752 -3.652543 -10.171041 -0.853659 -1.280488 0.487805 1240.000000 1233.000000 1243.000000 1230.000000 0.000791 0.000056 0.000000 174.281555 
3.911385 -3.729190 -10.482824 -3.109756 -0.731707 2.256098 1233.000000 1240.000000 1246.000000 1227.000000 0.000791 0.000056 0.000000 174.161774 
4.258884 -3.447041 -10.632562 0.365854 -3.353659 -0.792683 1240.000000 1231.000000 1244.000000 1227.000000 0.000791 0.000055 0.000000 174.078552 
4.178502 -3.435430 -10.983071 -2.256098 -0.487805 0.975610 1235.000000 1238.000000 1243.000000 1230.000000 0.000791 0.000056 0.000000 173.936935 
3.844882 -3.510560 -11.078173 -5.000000 0.548781 1.524390 1229.000000 1244.000000 1247.000000 1226.000000 0.000791 0.000055 0.000000 173.935059 
3.324214 -4.115127 -11.421746 -3.292683 0.975610 0.853659 1234.000000 1239.000000 1243.000000 1230.000000 0.000791 0.000068 0.000000 173.762695 
2.918295 -4.311935 -11.754960 -2.256098 -1.402439 -0.304878 1237.000000 1236.000000 1246.000000 1227.000000 0.000791 0.000088 0.000000 173.624115 
2.412003 -4.799620 -11.883937 -4.512195 0.609756 1.768293 1232.000000 1241.000000 1247.000000 1226.000000 0.000791 0.000089 0.000000 173.527481 
2.498297 -4.743390 -12.134336 0.000000 -2.987805 1.036585 1243.000000 1230.000000 1245.000000 1228.000000 0.000791 0.000089 0.000000 173.416641 
2.210061 -5.001859 -12.422461 -2.256098 0.182927 3.475610 1229.000000 1244.000000 1242.000000 1231.000000 0.000791 0.000089 0.000000 173.260147 
2.591874 -4.657401 -12.653137 0.182927 -4.085366 1.524390 1238.000000 1235.000000 1247.000000 1226.000000 0.000791 0.000089 0.000000 173.185944 
2.916666 -4.503130 -12.995076 -1.097561 -1.280488 1.951220 1234.000000 1237.000000 1241.000000 1230.000000 0.000791 0.000088 0.000000 173.025955 
3.380200 -4.090211 -13.134015 -0.365854 -2.804878 1.829268 1237.000000 1236.000000 1244.000000 1229.000000 0.000791 0.000089 0.000000 172.975739 
3.357295 -4.120638 -13.485440 -3.902439 0.548781 2.134146 1227.000000 1246.000000 1245.000000 1228.000000 0.000791 0.000088 0.000000 172.811157 
3.435542 -4.244406 -13.852040 2.500000 -6.219512 1.585366 1248.000000 1225.000000 1246.000000 1227.000000 0.000791 0.000089 0.000000 172.617249 
3.833826 -3.778744 -14.037724 -1.829268 -0.731707 1.951220 1229.000000 1244.000000 1243.000000 1230.000000 0.000791 0.000089 0.000000 172.544540 
4.335029 -3.443858 -14.340721 2.804878 -6.707317 0.792683 1252.000000 1221.000000 1246.000000 1227.000000 0.000791 0.000089 0.000000 172.377563 
4.915446 -2.621410 -14.591106 -3.597561 -0.426829 3.597561 1225.000000 1248.000000 1247.000000 1226.000000 0.000791 0.000089 0.000000 172.246307 
6.666613 -0.960645 -14.787228 28.170732 -31.951220 -0.365854 1337.000000 1134.000000 1244.000000 1227.000000 0.000791 0.000089 0.000000 171.904907 
14.752823 6.532507 -14.741770 43.597561 -54.817074 4.268293 1335.000000 1138.000000 1258.000000 1215.000000 0.000791 0.000089 0.000000 168.811127 
15.923329 7.895707 -14.553020 -45.609756 46.707317 2.804878 1100.000000 1400.000000 1236.000000 1237.000000 0.000791 0.000088 0.000000 168.194046 
2.563422 -4.689929 -15.093958 -66.707321 67.804878 -0.426829 1144.000000 1329.000000 1244.000000 1229.000000 0.000791 0.000089 0.000000 172.046112 
7.506042 -0.600637 -16.101725 -12.500000 0.914634 -19.207317 1100.000000 1376.000000 1257.000000 1216.000000 0.000791 0.000089 0.000000 171.135391 
0.490905 -6.171614 -15.064947 -22.682928 29.878050 -18.414635 1225.000000 1248.000000 1228.000000 1245.000000 0.000791 0.000089 0.000000 171.871918 
-0.554796 -7.624492 -15.419697 -0.670732 -9.878049 -3.536585 1260.000000 1213.000000 1261.000000 1212.000000 0.000792 0.000089 0.000000 171.383270 
1.873593 -4.727129 -15.781876 5.670732 -11.829268 9.695122 1241.000000 1230.000000 1249.000000 1222.000000 0.000791 0.000088 0.000000 171.748978 
2.134204 -5.160562 -16.628250 1.036585 2.804878 12.804878 1232.000000 1241.000000 1225.000000 1248.000000 0.000791 0.000089 0.000000 171.278381 
3.346502 -3.540480 -16.800745 5.914634 -18.414635 1.219512 1265.000000 1208.000000 1269.000000 1204.000000 0.000791 0.000089 0.000000 171.305878 
5.603425 -1.795552 -17.154245 8.170732 -8.048780 -6.585366 1250.000000 1223.000000 1233.000000 1240.000000 0.000791 0.000089 0.000000 170.977570 
7.221517 -0.105237 -17.017550 1.524390 -11.402439 1.097561 1249.000000 1224.000000 1262.000000 1211.000000 0.000791 0.000089 0.000000 170.764908 
8.520539 0.808961 -17.384748 -1.829268 -7.439024 4.695122 1245.000000 1226.000000 1259.000000 1212.000000 0.000791 0.000088 0.000000 170.291611 
9.988494 2.341949 -17.639801 8.475610 -10.182927 -0.792683 1267.000000 1206.000000 1240.000000 1233.000000 0.000791 0.000089 0.000000 169.719299 
11.029908 3.166790 -17.614513 -1.402439 -2.317073 0.548781 1238.000000 1235.000000 1246.000000 1227.000000 0.000791 0.000089 0.000000 169.374222 
11.685831 3.841159 -17.670542 -0.548781 -4.634146 2.134146 1254.000000 1219.000000 1250.000000 1223.000000 0.000791 0.000089 0.000000 169.089539 
11.163328 3.267277 -18.094492 -8.048780 3.841464 3.841464 1232.000000 1241.000000 1249.000000 1224.000000 0.000792 0.000089 0.000000 169.124985 
10.895355 3.096787 -18.018002 1.524390 -3.475610 -3.353659 1263.000000 1208.000000 1241.000000 1230.000000 0.000791 0.000088 0.000000 169.247437 
11.543096 3.912597 -18.145021 -1.463415 -4.695122 2.500000 1250.000000 1223.000000 1253.000000 1220.000000 0.000791 0.000089 0.000000 168.922989 
12.081623 4.293716 -18.195728 0.121951 -0.121951 2.926829 1247.000000 1226.000000 1237.000000 1236.000000 0.000791 0.000089 0.000000 168.702789 
19.218494 10.550884 -17.647238 -49.573174 50.365856 -2.682927 1100.000000 1502.000000 1230.000000 1241.000000 0.000791 0.000089 0.000000 165.425034 
13.624585 5.663383 -18.411966 -0.975610 -15.792684 0.853659 1346.000000 1127.000000 1284.000000 1189.000000 0.000791 0.000089 0.000000 167.963867 
15.364468 6.920106 -18.490057 3.353659 10.182927 4.451220 1220.000000 1253.000000 1201.000000 1272.000000 0.000791 0.000089 0.000000 167.180130 
13.579742 5.545673 -18.473484 -20.121952 11.036586 -0.853659 1226.000000 1247.000000 1263.000000 1210.000000 0.000791 0.000089 0.000000 167.971848 
11.735909 3.966120 -18.913811 -0.243902 -0.426829 4.451220 1269.000000 1204.000000 1237.000000 1236.000000 0.000791 0.000089 0.000000 168.542374 
13.403068 5.315058 -18.790752 5.914634 -3.597561 4.512195 1252.000000 1219.000000 1228.000000 1243.000000 0.000791 0.000088 0.000000 167.933990 
12.852450 4.662508 -19.166412 -18.963415 7.195122 -0.670732 1213.000000 1260.000000 1268.000000 1205.000000 0.000791 0.000089 0.000000 168.036667 
9.938577 1.949405 -19.289251 -12.012196 15.792684 -0.243902 1228.000000 1245.000000 1229.000000 1244.000000 0.000791 0.000089 0.000000 169.043350 
10.887696 3.026131 -19.482548 6.463415 -4.146341 2.317073 1245.000000 1226.000000 1230.000000 1241.000000 0.000791 0.000089 0.000000 168.628845 
10.737621 2.543175 -19.643608 -8.353659 3.292683 0.670732 1237.000000 1236.000000 1250.000000 1223.000000 0.000791 0.000089 0.000000 168.644577 
9.473693 1.598562 -19.898521 -9.146341 4.268293 3.231707 1234.000000 1239.000000 1249.000000 1224.000000 0.000791 0.000089 0.000000 168.902924 
9.809716 1.668141 -20.000299 3.658537 -3.353659 2.073171 1258.000000 1213.000000 1235.000000 1236.000000 0.000791 0.000089 0.000000 168.778122 
9.558990 1.271313 -20.276672 -12.134147 5.365854 2.195122 1218.000000 1255.000000 1256.000000 1217.000000 0.000791 0.000089 0.000000 168.736588 
7.724537 -0.428654 -20.393980 -7.804878 8.658537 2.134146 1233.000000 1240.000000 1236.000000 1237.000000 0.000791 0.000089 0.000000 169.114761 
7.325945 -0.974500 -20.644508 0.182927 -4.207317 0.609756 1259.000000 1214.000000 1247.000000 1226.000000 0.000791 0.000089 0.000000 169.072418 
8.246589 0.402274 -20.721300 1.768293 -7.378049 1.585366 1246.000000 1227.000000 1251.000000 1222.000000 0.000792 0.000089 0.000000 168.842117 
7.675290 -0.294800 -21.063980 -3.414634 -1.646341 1.951220 1247.000000 1226.000000 1250.000000 1223.000000 0.000791 0.000088 0.000000 168.806366 
8.690494 0.739349 -21.179781 0.000000 -1.463415 0.670732 1239.000000 1234.000000 1239.000000 1234.000000 0.000791 0.000089 0.000000 168.530914 
8.009175 -0.000995 -21.422115 -4.939024 -0.853659 1.646341 1246.000000 1227.000000 1252.000000 1221.000000 0.000792 0.000089 0.000000 168.573044 
8.353019 0.621121 -21.551834 0.487805 -3.231707 1.219512 1244.000000 1229.000000 1242.000000 1231.000000 0.000791 0.000089 0.000000 168.426743 
8.007442 -0.134952 -21.830402 -7.804878 5.304878 1.463415 1228.000000 1245.000000 1243.000000 1230.000000 0.000791 0.000089 0.000000 168.386292 
6.904824 -1.112547 -21.981770 -5.365854 0.182927 0.975610 1242.000000 1231.000000 1251.000000 1222.000000 0.000792 0.000089 0.000000 168.504761 
7.053624 -0.882805 -22.168344 -0.609756 -0.914634 0.609756 1243.000000 1230.000000 1239.000000 1234.000000 0.000802 0.000088 0.000000 168.392609 
6.552990 -1.279426 -22.337744 -9.573171 5.670732 1.707317 1219.000000 1254.000000 1247.000000 1226.000000 0.000805 0.000089 0.000000 168.384109 
3.599115 -4.354403 -22.630564 -6.402439 1.951220 0.609756 1235.000000 1238.000000 1249.000000 1224.000000 0.000809 0.000089 0.000000 168.408569 
3.609173 -4.602087 -22.896912 1.768293 -5.000000 2.378049 1248.000000 1225.000000 1245.000000 1228.000000 0.000808 0.000089 0.000000 168.259338 
3.703714 -4.291041 -23.227177 -3.170732 0.182927 1.829268 1228.000000 1245.000000 1245.000000 1228.000000 0.000808 0.000089 0.000000 168.117859 
3.321689 -4.465730 -23.389544 -2.073171 -2.256098 0.426829 1237.000000 1236.000000 1248.000000 1225.000000 0.000807 0.000089 0.000000 168.046402 
3.607105 -4.229067 -23.659269 -1.097561 -1.158537 1.463415 1235.000000 1238.000000 1243.000000 1230.000000 0.000807 0.000089 0.000000 167.917862 
3.450476 -4.194631 -23.866158 -1.524390 -0.975610 2.195122 1235.000000 1236.000000 1243.000000 1228.000000 0.000807 0.000089 0.000000 167.827972 
3.561934 -3.932759 -24.126429 0.304878 -5.121951 1.463415 1247.000000 1226.000000 1249.000000 1224.000000 0.000807 0.000089 0.000000 167.712631 
3.910259 -3.691566 -24.422037 -0.304878 -2.621951 2.256098 1234.000000 1239.000000 1244.000000 1229.000000 0.000807 0.000089 0.000000 167.562592 
3.439273 -3.908545 -24.777899 -3.048780 1.341463 1.097561 1235.000000 1236.000000 1241.000000 1230.000000 0.000807 0.000088 0.000000 167.402298 
4.104968 -3.622062 -25.069431 4.695122 -9.146341 1.585366 1253.000000 1220.000000 1248.000000 1225.000000 0.000807 0.000089 0.000000 167.238190 
4.831938 -2.986916 -25.399853 -1.097561 -2.073171 2.560976 1233.000000 1240.000000 1245.000000 1228.000000 0.000807 0.000089 0.000000 167.053116 
5.062782 -2.890490 -25.598331 -0.426829 -1.829268 1.646341 1238.000000 1233.000000 1242.000000 1229.000000 0.000807 0.000088 0.000000 166.940994 
5.299839 -2.421600 -25.854170 0.426829 -4.878049 1.463415 1246.000000 1227.000000 1248.000000 1225.000000 0.000807 0.000089 0.000000 166.808945 
6.144104 -1.545535 -26.046799 3.719512 -5.000000 2.682927 1247.000000 1226.000000 1240.000000 1233.000000 0.000808 0.000089 0.000000 166.643723 
6.507789 -1.073863 -26.301334 -2.195122 -2.500000 1.890244 1236.000000 1237.000000 1249.000000 1224.000000 0.000807 0.000089 0.000000 166.478821 
6.094501 -1.410040 -26.488602 -6.402439 3.780488 0.792683 1225.000000 1246.000000 1242.000000 1229.000000 0.000807 0.000089 0.000000 166.434402 
6.326436 -1.294546 -26.853016 4.390244 -7.926829 -0.000000 1260.000000 1213.000000 1246.000000 1227.000000 0.000807 0.000089 0.000000 166.232483 
9.919322 2.064601 -26.923193 28.170732 -33.170731 1.280488 1316.000000 1155.000000 1246.000000 1225.000000 0.000807 0.000088 0.000000 165.549820 
15.559592 7.327411 -26.834435 11.585366 -14.268293 3.414634 1229.000000 1244.000000 1241.000000 1232.000000 0.000807 0.000089 0.000000 163.694092 
13.102823 5.284915 -27.073107 -26.829269 22.560976 -2.560976 1194.000000 1279.000000 1251.000000 1222.000000 0.000807 0.000089 0.000000 164.496429 
11.568933 3.631917 -27.267887 8.353659 -10.853659 -0.060976 1303.000000 1170.000000 1245.000000 1228.000000 0.000807 0.000089 0.000000 164.935684 
14.347152 6.157880 -27.207512 4.146341 -9.939025 3.902439 1246.000000 1227.000000 1250.000000 1223.000000 0.000807 0.000089 0.000000 164.022110 
12.065176 3.811728 -27.704418 -26.036587 24.512196 1.097561 1181.000000 1292.000000 1242.000000 1231.000000 0.000807 0.000089 0.000000 164.615875 
7.819132 0.002588 -27.878952 -15.609756 11.402439 -0.365854 1245.000000 1228.000000 1250.000000 1223.000000 0.000807 0.000089 0.000000 165.533035 
10.172678 2.050004 -28.021452 -39.085365 38.841465 -9.390244 1100.000000 1382.000000 1237.000000 1234.000000 0.000807 0.000089 0.000000 164.992340 
1.826841 -5.599878 -27.655544 -30.548780 20.792683 1.341463 1239.000000 1234.000000 1265.000000 1208.000000 0.000808 0.000089 0.000000 165.911819 
0.255559 -7.120461 -28.128000 4.939024 -2.439024 10.060976 1256.000000 1215.000000 1228.000000 1243.000000 0.000807 0.000088 0.000000 165.508331 
1.289403 -6.004980 -28.587105 -4.390244 -3.292683 6.707317 1223.000000 1250.000000 1257.000000 1216.000000 0.000807 0.000089 0.000000 165.420105 
0.355593 -6.660498 -28.908802 -0.426829 -0.060976 -2.012195 1240.000000 1233.000000 1239.000000 1234.000000 0.000807 0.000089 0.000000 165.183929 
2.306688 -4.957074 -29.008940 11.829268 -17.073172 -4.390244 1266.000000 1207.000000 1248.000000 1225.000000 0.000807 0.000089 0.000000 165.294754 
4.426311 -2.844313 -29.428535 3.231707 -5.365854 1.768293 1230.000000 1243.000000 1241.000000 1232.000000 0.000807 0.000089 0.000000 165.111771 
3.970848 -3.254762 -29.630236 -8.719512 5.792683 7.073171 1213.000000 1256.000000 1242.000000 1227.000000 0.000807 0.000089 0.000000 165.024750 
4.694567 -2.619058 -30.357271 5.000000 -10.243902 -0.060976 1243.000000 1230.000000 1248.000000 1225.000000 0.000808 0.000089 0.000000 164.643707 
5.570419 -1.775178 -30.567968 -0.060976 -2.195122 -4.085366 1238.000000 1235.000000 1242.000000 1231.000000 0.000807 0.000088 0.000000 164.488007 
5.746354 -1.691517 -30.597403 -3.475610 -2.804878 0.548781 1238.000000 1235.000000 1252.000000 1221.000000 0.000807 0.000089 0.000000 164.459488 
6.745860 -0.763251 -30.814198 3.048780 -6.158537 1.951220 1253.000000 1220.000000 1244.000000 1229.000000 0.000807 0.000086 0.000000 164.254227 
7.185069 -0.456950 -31.150307 -3.963415 2.500000 4.939024 1226.000000 1247.000000 1240.000000 1233.000000 0.000807 0.000081 0.000000 164.038269 
7.056489 -0.584383 -31.238403 -3.719512 -1.036585 0.121951 1240.000000 1233.000000 1249.000000 1224.000000 0.000807 0.000081 0.000000 164.011917 
7.149859 -0.304773 -31.444269 2.073171 -3.719512 1.707317 1251.000000 1220.000000 1240.000000 1231.000000 0.000807 0.000080 0.000000 163.895142 
8.829002 1.426839 -31.619156 0.670732 -3.353659 2.256098 1244.000000 1227.000000 1242.000000 1229.000000 0.000807 0.000081 0.000000 163.532867 
9.020041 1.403405 -31.719406 -3.841464 -0.426829 0.487805 1237.000000 1234.000000 1246.000000 1225.000000 0.000807 0.000091 0.000000 163.459793 
8.936605 1.248537 -31.939413 -1.646341 -2.317073 -0.548781 1250.000000 1223.000000 1247.000000 1226.000000 0.000807 0.000111 0.000000 163.374390 
8.845692 1.233926 -32.074024 -3.536585 1.097561 2.865854 1234.000000 1239.000000 1243.000000 1230.000000 0.000807 0.000126 0.000000 163.322739 
8.946820 1.222017 -32.275333 -0.792683 -4.268293 1.524390 1255.000000 1216.000000 1250.000000 1221.000000 0.000807 0.000126 0.000000 163.212921 
9.426417 1.835898 -32.443584 1.585366 -4.207317 1.524390 1248.000000 1225.000000 1242.000000 1231.000000 0.000807 0.000127 0.000000 163.028503 
9.532009 1.939897 -32.558250 -6.585366 3.292683 1.768293 1226.000000 1247.000000 1244.000000 1229.000000 0.000807 0.000127 0.000000 162.951538 
8.463046 0.878173 -32.812973 -5.975610 2.560976 1.951220 1244.000000 1229.000000 1247.000000 1226.000000 0.000807 0.000127 0.000000 163.034225 
9.280883 1.515118 -33.078106 -10.792684 6.768293 -0.670732 1202.000000 1271.000000 1248.000000 1225.000000 0.000807 0.000127 0.000000 162.764603 
7.429222 -0.348727 -33.229645 -6.158537 3.780488 2.804878 1250.000000 1221.000000 1242.000000 1229.000000 0.000807 0.000126 0.000000 162.996597 
7.463335 -0.248048 -33.509300 -0.731707 -2.134146 2.256098 1246.000000 1227.000000 1246.000000 1227.000000 0.000807 0.000127 0.000000 162.853912 
6.731392 -0.523278 -33.627972 -7.500000 3.475610 0.304878 1227.000000 1246.000000 1248.000000 1225.000000 0.000807 0.000127 0.000000 162.875153 
6.440402 -0.626872 -33.761574 0.487805 -2.317073 1.341463 1254.000000 1219.000000 1238.000000 1235.000000 0.000807 0.000127 0.000000 162.838150 
6.597300 -0.244682 -34.008247 -1.524390 -3.170732 2.378049 1241.000000 1232.000000 1250.000000 1223.000000 0.000808 0.000127 0.000000 162.694656 
6.811803 -0.262859 -34.211594 -1.585366 -2.012195 0.853659 1243.000000 1230.000000 1245.000000 1228.000000 0.000807 0.000126 0.000000 162.575562 
7.100823 -0.010704 -34.405121 1.341463 -5.121951 0.182927 1256.000000 1217.000000 1243.000000 1230.000000 0.000807 0.000127 0.000000 162.446045 
7.176408 0.022111 -34.702168 -4.939024 1.951220 1.951220 1235.000000 1238.000000 1243.000000 1230.000000 0.000807 0.000127 0.000000 162.292282 
7.111922 -0.086885 -34.903275 -2.621951 -1.646341 1.463415 1240.000000 1231.000000 1248.000000 1223.000000 0.000807 0.000126 0.000000 162.203415 
7.949123 0.735211 -35.085632 15.426829 -15.975610 0.548781 1310.000000 1163.000000 1234.000000 1239.000000 0.000807 0.000127 0.000000 161.997894 
14.253680 6.614000 -34.920441 33.536587 -46.585365 3.292683 1326.000000 1147.000000 1266.000000 1207.000000 0.000807 0.000127 0.000000 160.532700 
13.787738 5.841976 -35.133762 -44.207317 49.817074 1.890244 1100.000000 1418.000000 1220.000000 1253.000000 0.000807 0.000127 0.000000 160.630066 
7.436776 -0.026740 -35.535786 4.329268 -11.829268 0.304878 1392.000000 1100.000000 1263.000000 1210.000000 0.000807 0.000127 0.000000 161.860352 
16.107250 8.034220 -35.179546 47.256100 -51.646343 -0.182927 1324.000000 1149.000000 1240.000000 1233.000000 0.000807 0.000126 0.000000 159.810822 
13.913319 5.884547 -35.432144 -82.500000 82.012199 1.707317 1100.000000 1559.000000 1242.000000 1231.000000 0.000807 0.000127 0.000000 160.462891 
0.419309 -6.701102 -36.154148 30.487806 -38.170734 0.548781 1311.000000 1162.000000 1249.000000 1224.000000 0.000808 0.000127 0.000000 161.636154 
1.051854 -6.246089 -36.262627 -2.378049 2.134146 -7.500000 1232.000000 1241.000000 1236.000000 1237.000000 0.000807 0.000126 0.000000 161.631622 
2.235310 -5.138544 -36.465809 8.292683 -16.829269 -6.829268 1257.000000 1216.000000 1258.000000 1215.000000 0.000807 0.000127 0.000000 161.609955 
3.403090 -3.976205 -36.690918 1.524390 -0.792683 -1.219512 1228.000000 1245.000000 1230.000000 1243.000000 0.000807 0.000127 0.000000 161.533798 
3.319479 -4.230905 -37.207443 0.975610 -4.756098 9.329268 1242.000000 1229.000000 1245.000000 1226.000000 0.000807 0.000126 0.000000 161.270569 
4.552849 -3.140648 -37.582050 6.036585 -10.243902 3.902439 1255.000000 1218.000000 1248.000000 1225.000000 0.000807 0.000127 0.000000 161.075729 
4.833962 -2.550422 -37.884235 -3.536585 1.097561 -2.012195 1218.000000 1255.000000 1242.000000 1231.000000 0.000807 0.000127 0.000000 160.922287 
4.591063 -2.581527 -37.773071 -1.707317 -4.390244 -2.926829 1244.000000 1227.000000 1254.000000 1217.000000 0.000807 0.000126 0.000000 160.988708 
6.127529 -1.250195 -38.123707 -4.207317 0.426829 4.695122 1210.000000 1263.000000 1245.000000 1228.000000 0.000807 0.000127 0.000000 160.725845 
5.198658 -2.105819 -38.532207 -2.256098 0.731707 3.170732 1252.000000 1221.000000 1239.000000 1234.000000 0.000807 0.000127 0.000000 160.585892 
5.592713 -1.501260 -38.620667 -1.036585 -4.024390 0.243902 1235.000000 1236.000000 1251.000000 1220.000000 0.000807 0.000126 0.000000 160.518295 
5.926144 -1.192203 -38.799099 1.890244 -3.597561 -2.378049 1254.000000 1219.000000 1237.000000 1236.000000 0.000807 0.000127 0.000000 160.405884 
6.278759 -0.677575 -38.960846 -2.682927 -3.841464 3.292683 1234.000000 1237.000000 1254.000000 1217.000000 0.000807 0.000127 0.000000 160.293472 
6.522665 -0.454173 -39.245739 0.000000 -1.463415 -0.000000 1242.000000 1231.000000 1240.000000 1233.000000 0.000807 0.000126 0.000000 160.130020 
6.862450 -0.150576 -39.556976 0.000000 -6.036585 1.463415 1254.000000 1219.000000 1253.000000 1220.000000 0.000807 0.000127 0.000000 159.942139 
6.980445 -0.232362 -39.777554 -3.170732 1.646341 2.560976 1222.000000 1251.000000 1242.000000 1231.000000 0.000808 0.000127 0.000000 159.826187 
7.127963 -0.439939 -39.975468 0.000000 -4.024390 -0.182927 1256.000000 1217.000000 1247.000000 1226.000000 0.000807 0.000126 0.000000 159.722137 
7.360016 -0.323914 -40.231819 -1.036585 -2.500000 4.146341 1234.000000 1239.000000 1246.000000 1227.000000 0.000807 0.000127 0.000000 159.573608 
7.173740 -0.596293 -40.436089 -4.268293 1.768293 2.500000 1234.000000 1239.000000 1241.000000 1232.000000 0.000807 0.000127 0.000000 159.495697 
7.020292 -1.069043 -40.782658 2.560976 -8.170732 1.341463 1267.000000 1206.000000 1251.000000 1222.000000 0.000807 0.000127 0.000000 159.347137 
9.157910 1.038411 -41.009548 -3.658537 -0.487805 1.280488 1231.000000 1240.000000 1247.000000 1224.000000 0.000807 0.000127 0.000000 158.965073 
8.992977 1.072449 -41.100971 -2.500000 0.182927 2.256098 1242.000000 1231.000000 1242.000000 1231.000000 0.000807 0.000127 0.000000 158.936523 
9.095569 1.067914 -41.332546 -0.548781 -3.048780 1.341463 1255.000000 1218.000000 1247.000000 1226.000000 0.000807 0.000127 0.000000 158.812851 
9.249791 1.042618 -41.478367 -3.048780 -1.097561 0.426829 1235.000000 1236.000000 1247.000000 1224.000000 0.000807 0.000126 0.000000 158.726425 
9.106891 0.978977 -41.716534 -1.890244 -1.768293 1.890244 1242.000000 1231.000000 1248.000000 1225.000000 0.000807 0.000127 0.000000 158.628815 
8.919017 0.991909 -41.876499 -3.597561 -1.158537 -0.670732 1245.000000 1228.000000 1253.000000 1220.000000 0.000807 0.000127 0.000000 158.569778 
8.431814 0.620986 -42.028381 -4.573171 2.621951 1.585366 1234.000000 1239.000000 1241.000000 1232.000000 0.000807 0.000126 0.000000 158.561310 
8.385478 0.251791 -42.266891 -1.829268 -2.439024 1.219512 1250.000000 1223.000000 1248.000000 1225.000000 0.000807 0.000127 0.000000 158.463959 
8.477819 0.288088 -42.449535 -2.682927 -0.609756 1.158537 1238.000000 1235.000000 1247.000000 1226.000000 0.000808 0.000127 0.000000 158.364349 
8.201664 0.035401 -42.621967 -2.500000 0.853659 2.560976 1243.000000 1228.000000 1240.000000 1231.000000 0.000807 0.000127 0.000000 158.314835 
8.022285 -0.436335 -42.877384 -3.536585 -0.975610 1.524390 1240.000000 1231.000000 1249.000000 1222.000000 0.000807 0.000127 0.000000 158.220673 
7.213805 -0.938325 -42.997536 -6.768293 4.512195 1.829268 1228.000000 1245.000000 1244.000000 1229.000000 0.000807 0.000127 0.000000 158.239258 
6.993540 -1.060489 -43.310421 -4.878049 1.951220 1.585366 1224.000000 1249.000000 1244.000000 1229.000000 0.000807 0.000127 0.000000 158.103577 
6.620746 -1.398839 -43.447235 -1.219512 -1.951220 0.609756 1256.000000 1215.000000 1244.000000 1227.000000 0.000807 0.000126 0.000000 158.067078 
6.889776 -1.257399 -43.670311 -5.121951 0.365854 1.890244 1226.000000 1247.000000 1251.000000 1222.000000 0.000808 0.000122 0.000000 157.936768 
6.585725 -1.505664 -43.857735 -0.609756 -1.829268 1.524390 1247.000000 1222.000000 1241.000000 1228.000000 0.000807 0.000119 0.000000 157.868027 
7.083824 -0.996531 -44.099274 0.426829 -4.329268 1.707317 1243.000000 1230.000000 1248.000000 1225.000000 0.000807 0.000114 0.000000 157.706863 
7.206988 -0.798770 -44.263287 -3.048780 -0.060976 1.890244 1230.000000 1243.000000 1243.000000 1230.000000 0.000807 0.000114 0.000000 157.612915 
7.158113 -0.866077 -44.484348 -0.609756 -2.378049 1.097561 1247.000000 1224.000000 1245.000000 1226.000000 0.000807 0.000115 0.000000 157.508926 
7.607869 -0.536201 -44.683510 2.256098 -6.707317 1.768293 1254.000000 1217.000000 1249.000000 1222.000000 0.000805 0.000113 0.000000 157.369141 
8.363842 0.255838 -44.984543 -3.414634 -1.463415 1.280488 1240.000000 1231.000000 1248.000000 1223.000000 0.000800 0.000114 0.000000 157.132599 
8.666487 0.738523 -45.137661 0.792683 -3.719512 0.182927 1245.000000 1226.000000 1242.000000 1229.000000 0.000794 0.000113 0.000000 157.010071 
8.620644 0.590730 -45.343922 -5.000000 0.792683 1.219512 1231.000000 1238.000000 1246.000000 1223.000000 0.000785 0.000113 0.000000 156.919571 
8.846603 0.840620 -45.503078 1.097561 -5.487805 2.073171 1254.000000 1217.000000 1247.000000 1224.000000 0.000779 0.000114 0.000000 156.809433 
9.417908 1.259751 -45.719326 -2.378049 -0.121951 1.707317 1232.000000 1239.000000 1243.000000 1228.000000 0.000780 0.000113 0.000000 156.627151 
8.937825 0.894818 -45.877697 -3.353659 -1.341463 0.853659 1244.000000 1227.000000 1249.000000 1222.000000 0.000788 0.000114 0.000000 156.614685 
9.347913 1.199004 -46.052944 1.463415 -4.207317 1.463415 1252.000000 1219.000000 1242.000000 1229.000000 0.000792 0.000113 0.000000 156.474136 
9.245963 1.308998 -46.224915 -6.219512 3.536585 0.853659 1222.000000 1249.000000 1242.000000 1229.000000 0.000800 0.000114 0.000000 156.394287 
7.217511 -0.332271 -46.548756 -3.414634 0.487805 1.646341 1246.000000 1225.000000 1242.000000 1229.000000 0.000804 0.000113 0.000000 156.472702 
6.702104 -0.809252 -46.766350 -4.817073 0.487805 1.829268 1234.000000 1237.000000 1248.000000 1223.000000 0.000804 0.000113 0.000000 156.411453 
6.130527 -1.161243 -46.957520 -5.182927 3.597561 0.731707 1231.000000 1240.000000 1238.000000 1233.000000 0.000804 0.000115 0.000000 156.357346 
5.710136 -1.876044 -47.159431 -3.658537 -1.829268 1.097561 1244.000000 1229.000000 1251.000000 1222.000000 0.000804 0.000113 0.000000 156.286850 
5.517396 -1.794273 -47.382572 -0.426829 -2.500000 0.670732 1239.000000 1232.000000 1239.000000 1232.000000 0.000804 0.000114 0.000000 156.184891 
5.334088 -1.906808 -47.595112 -3.597561 2.073171 0.914634 1227.000000 1244.000000 1237.000000 1234.000000 0.000804 0.000113 0.000000 156.088379 
5.135289 -2.267883 -47.823322 -0.670732 -5.487805 1.036585 1255.000000 1216.000000 1251.000000 1220.000000 0.000804 0.000114 0.000000 155.984329 
6.139275 -1.229740 -48.035358 2.987805 -4.573171 0.853659 1247.000000 1226.000000 1237.000000 1236.000000 0.000804 0.000114 0.000000 155.823853 
4.973488 -2.178056 -48.318218 2.865854 -6.585366 0.426829 1273.000000 1200.000000 1247.000000 1226.000000 0.000804 0.000113 0.000000 155.744980 
6.953660 -0.152241 -48.554523 8.597561 -10.365854 2.865854 1252.000000 1221.000000 1241.000000 1232.000000 0.000804 0.000114 0.000000 155.494431 
10.221786 2.659011 -48.756420 19.939024 -24.878050 0.853659 1295.000000 1178.000000 1248.000000 1225.000000 0.000804 0.000113 0.000000 154.974823 
11.129601 3.520008 -48.892170 -15.000000 11.585366 0.975610 1174.000000 1297.000000 1245.000000 1226.000000 0.000804 0.000114 0.000000 154.742691 
8.706081 1.359092 -49.087021 -2.743902 2.378049 0.670732 1277.000000 1196.000000 1237.000000 1236.000000 0.000804 0.000114 0.000000 155.037521 
10.925621 3.505852 -49.148525 10.365854 -17.865854 1.219512 1276.000000 1197.000000 1256.000000 1217.000000 0.000803 0.000113 0.000000 154.643127 
10.424009 2.994509 -49.389225 -17.987804 17.804878 0.853659 1172.000000 1301.000000 1238.000000 1235.000000 0.000804 0.000115 0.000000 154.620728 
6.023506 -1.117334 -49.581631 -21.036587 17.621952 -0.548781 1229.000000 1244.000000 1248.000000 1225.000000 0.000804 0.000113 0.000000 155.061722 
9.550035 1.931235 -49.840755 -3.231707 -1.158537 -6.585366 1175.000000 1296.000000 1244.000000 1227.000000 0.000804 0.000113 0.000000 154.558868 
6.957026 -0.447359 -49.852055 -11.280488 6.585366 2.134146 1254.000000 1219.000000 1253.000000 1220.000000 0.000804 0.000114 0.000000 154.860336 
7.028028 -0.509843 -50.319740 3.597561 -4.268293 7.073171 1252.000000 1221.000000 1236.000000 1237.000000 0.000804 0.000113 0.000000 154.626053 
7.184669 -0.216923 -50.485844 -7.439024 1.402439 -1.341463 1224.000000 1249.000000 1252.000000 1221.000000 0.000804 0.000114 0.000000 154.525879 
7.117366 -0.090186 -50.526493 3.353659 -5.914634 -1.219512 1266.000000 1207.000000 1242.000000 1231.000000 0.000805 0.000114 0.000000 154.506393 
8.641689 1.145683 -50.753464 3.353659 -5.365854 4.939024 1240.000000 1231.000000 1240.000000 1231.000000 0.000804 0.000113 0.000000 154.233566 
7.882010 0.514438 -51.027138 -12.560976 8.597561 0.792683 1211.000000 1262.000000 1249.000000 1224.000000 0.000804 0.000115 0.000000 154.185333 
6.253023 -1.407840 -51.148876 -2.865854 1.036585 -0.487805 1259.000000 1214.000000 1243.000000 1230.000000 0.000804 0.000113 0.000000 154.277130 
9.076323 1.686796 -51.398106 -0.060976 -2.256098 2.195122 1219.000000 1252.000000 1240.000000 1231.000000 0.000804 0.000114 0.000000 153.851761 
8.831382 1.244451 -51.533878 -4.756098 0.060976 1.158537 1248.000000 1225.000000 1250.000000 1223.000000 0.000804 0.000115 0.000000 153.828796 
9.359413 1.570813 -51.708340 1.585366 -5.000000 2.134146 1253.000000 1220.000000 1246.000000 1227.000000 0.000804 0.000113 0.000000 153.680420 
9.295732 1.313512 -51.911777 -5.182927 3.170732 2.073171 1227.000000 1244.000000 1240.000000 1231.000000 0.000804 0.000114 0.000000 153.599670 
8.590779 0.885622 -52.070011 -2.682927 -2.134146 0.487805 1256.000000 1217.000000 1250.000000 1223.000000 0.000804 0.000114 0.000000 153.601242 
9.109767 1.549873 -52.236141 -0.365854 -1.097561 1.585366 1245.000000 1228.000000 1240.000000 1233.000000 0.000803 0.000114 0.000000 153.444061 
8.836873 1.465405 -52.368649 -3.963415 -0.426829 1.219512 1244.000000 1229.000000 1249.000000 1224.000000 0.000804 0.000114 0.000000 153.406403 
9.050474 1.662212 -52.539978 -0.792683 -2.378049 0.792683 1249.000000 1224.000000 1245.000000 1228.000000 0.000805 0.000114 0.000000 153.293762 
9.133747 1.530894 -52.725605 -2.987805 0.731707 1.280488 1240.000000 1233.000000 1241.000000 1232.000000 0.000804 0.000114 0.000000 153.202255 
9.175907 1.678823 -52.864151 -0.975610 -3.048780 1.524390 1252.000000 1221.000000 1249.000000 1224.000000 0.000804 0.000114 0.000000 153.122589 
9.054172 1.816211 -53.041882 -3.475610 1.341463 2.134146 1237.000000 1236.000000 1242.000000 1231.000000 0.000805 0.000113 0.000000 153.038208 
8.376719 0.828528 -53.251701 -6.280488 3.719512 0.853659 1237.000000 1236.000000 1244.000000 1229.000000 0.000804 0.000113 0.000000 153.037659 
8.162910 0.604196 -53.439045 1.158537 -5.914634 0.853659 1261.000000 1212.000000 1251.000000 1222.000000 0.000809 0.000115 0.000000 152.970413 
8.729584 0.805050 -53.752186 -7.865854 3.719512 1.219512 1223.000000 1250.000000 1247.000000 1226.000000 0.000816 0.000113 0.000000 152.764816 
8.438902 0.310932 -53.935089 -0.365854 -1.646341 0.670732 1256.000000 1215.000000 1239.000000 1232.000000 0.000822 0.000113 0.000000 152.717087 
8.746316 0.590414 -54.105442 -1.585366 -2.378049 1.890244 1241.000000 1232.000000 1249.000000 1224.000000 0.000830 0.000114 0.000000 152.598724 
8.707627 0.648163 -54.282917 -1.890244 -0.914634 2.073171 1249.000000 1224.000000 1244.000000 1229.000000 0.000837 0.000114 0.000000 152.511673 
8.928792 0.911831 -54.439735 -0.731707 -1.646341 1.097561 1243.000000 1230.000000 1243.000000 1230.000000 0.000846 0.000113 0.000000 152.405533 
8.470919 0.698972 -54.589436 -7.134147 2.439024 0.975610 1231.000000 1242.000000 1251.000000 1222.000000 0.000858 0.000114 0.000000 152.376022 
8.078282 0.412114 -54.783909 -0.243902 -2.073171 1.097561 1255.000000 1216.000000 1242.000000 1229.000000 0.000871 0.000113 0.000000 152.319580 
8.854962 1.239361 -54.926853 1.585366 -5.914634 0.914634 1251.000000 1220.000000 1248.000000 1223.000000 0.000881 0.000113 0.000000 152.155777 
7.410592 0.200370 -55.161251 -8.536586 5.426829 0.914634 1237.000000 1234.000000 1246.000000 1225.000000 0.000896 0.000114 0.000000 152.184372 
7.395643 0.044117 -55.376686 0.060976 -3.231707 1.280488 1247.000000 1224.000000 1245.000000 1226.000000 0.000905 0.000114 0.000000 152.083786 
7.130653 -0.191716 -55.578747 -3.841464 0.243902 1.524390 1237.000000 1234.000000 1245.000000 1226.000000 0.000904 0.000113 0.000000 152.006714 
7.348119 -0.355326 -55.828083 1.646341 -5.609756 0.853659 1255.000000 1216.000000 1247.000000 1224.000000 0.000904 0.000114 0.000000 151.875290 
7.798856 0.057550 -56.049519 -2.682927 -0.121951 1.707317 1236.000000 1235.000000 1244.000000 1227.000000 0.000904 0.000115 0.000000 151.725098 
7.849670 0.365872 -56.220928 0.670732 -4.024390 1.768293 1249.000000 1222.000000 1245.000000 1226.000000 0.000904 0.000113 0.000000 151.626053 
7.918341 0.324821 -56.433773 -2.987805 0.487805 0.853659 1236.000000 1237.000000 1245.000000 1228.000000 0.000904 0.000115 0.000000 151.517792 
7.929713 0.395931 -56.608463 -0.182927 -4.512195 1.219512 1262.000000 1219.000000 1252.000000 1229.000000 0.000904 0.000114 0.000000 151.427979 
8.175091 0.623961 -56.819931 -1.463415 -0.914634 1.341463 1245.000000 1246.000000 1252.000000 1239.000000 0.000904 0.000113 0.000000 151.298172 
7.440219 -0.234843 -57.046146 -8.841464 6.280488 1.402439 1261.000000 1286.000000 1282.000000 1265.000000 0.000904 0.000113 0.000000 151.262924 
6.649666 -0.762560 -57.209389 0.182927 -4.695122 0.548781 1279.000000 1226.000000 1266.000000 1239.000000 0.000904 0.000114 0.000000 151.238632 
8.093714 0.389070 -57.402229 4.695122 -7.500000 1.707317 1213.000000 1180.000000 1203.000000 1190.000000 0.000904 0.000113 0.000000 151.024826 
6.466425 -1.029713 -57.639057 -2.073171 -0.182927 -0.975610 1164.000000 1131.000000 1156.000000 1139.000000 0.000904 0.000113 0.000000 151.039871 
8.419360 0.691074 -57.857769 11.829268 -16.097561 3.170732 1188.000000 1107.000000 1159.000000 1136.000000 0.000904 0.000114 0.000000 150.765656 
9.919866 2.081899 -58.086872 -0.853659 -3.292683 2.134146 1140.000000 1157.000000 1159.000000 1138.000000 0.000904 0.000114 0.000000 150.467010 
9.544165 1.729419 -58.227383 -3.780488 0.975610 -0.000000 1153.000000 1144.000000 1157.000000 1140.000000 0.000904 0.000113 0.000000 150.449051 
9.445396 1.620560 -58.389122 -0.853659 -2.987805 2.804878 1166.000000 1131.000000 1161.000000 1136.000000 0.000904 0.000114 0.000000 150.383148 
9.970214 2.171848 -58.608837 1.097561 -5.365854 1.036585 1167.000000 1132.000000 1162.000000 1137.000000 0.000904 0.000115 0.000000 150.200607 
10.006139 2.156839 -58.718090 -5.060976 2.500000 0.304878 1141.000000 1160.000000 1157.000000 1144.000000 0.000904 0.000113 0.000000 150.144699 
9.047814 1.047275 -58.978191 -9.573171 5.914634 2.987805 1154.000000 1171.000000 1175.000000 1150.000000 0.000904 0.000113 0.000000 150.151733 
8.324967 0.547226 -59.314564 0.365854 -4.390244 -1.097561 1184.000000 1153.000000 1180.000000 1157.000000 0.000904 0.000114 0.000000 150.057541 
8.354215 0.582443 -59.518501 -3.231707 -1.097561 3.536585 1168.000000 1161.000000 1177.000000 1152.000000 0.000904 0.000113 0.000000 149.953323 
8.127055 0.304843 -59.760719 -2.134146 0.487805 1.097561 1169.000000 1160.000000 1171.000000 1158.000000 0.000904 0.000114 0.000000 149.858841 
8.038794 0.222545 -59.880707 -1.585366 -1.036585 0.487805 1173.000000 1156.000000 1175.000000 1154.000000 0.000904 0.000114 0.000000 149.807953 
8.139539 0.383345 -60.119297 -0.304878 -3.963415 2.804878 1178.000000 1149.000000 1174.000000 1153.000000 0.000904 0.000115 0.000000 149.677582 
8.432804 0.547122 -60.309879 -1.707317 -1.341463 -0.000000 1167.000000 1162.000000 1174.000000 1155.000000 0.000905 0.000113 0.000000 149.558136 
8.264065 0.461038 -60.424709 -3.597561 0.548781 1.829268 1167.000000 1160.000000 1173.000000 1154.000000 0.000904 0.000113 0.000000 149.515579 
8.162698 0.250060 -60.696796 -1.402439 -2.256098 2.012195 1180.000000 1149.000000 1176.000000 1153.000000 0.000904 0.000114 0.000000 149.395279 
8.846116 0.571402 -60.946674 -2.743902 -0.609756 0.609756 1169.000000 1160.000000 1175.000000 1154.000000 0.000904 0.000113 0.000000 149.214874 
8.407374 0.171231 -61.213120 -3.109756 -0.365854 3.231707 1172.000000 1157.000000 1176.000000 1153.000000 0.000904 0.000114 0.000000 149.127533 
8.474821 0.327505 -61.375984 -0.365854 -2.500000 -0.304878 1173.000000 1154.000000 1173.000000 1154.000000 0.000904 0.000113 0.000000 149.036728 
8.688786 0.175908 -61.538822 -3.231707 0.060976 1.951220 1167.000000 1160.000000 1173.000000 1154.000000 0.000904 0.000115 0.000000 148.948486 
8.427103 0.076495 -61.748154 -1.524390 -0.426829 2.926829 1172.000000 1155.000000 1172.000000 1155.000000 0.000904 0.000113 0.000000 148.865067 
8.533234 0.228452 -61.915554 -0.792683 -3.170732 -0.548781 1175.000000 1150.000000 1174.000000 1151.000000 0.000904 0.000114 0.000000 148.769913 
8.768602 0.694371 -62.059071 4.390244 -7.560976 2.621951 1197.000000 1130.000000 1175.000000 1152.000000 0.000905 0.000115 0.000000 148.664825 
16.193104 7.741794 -61.781971 -58.536587 63.841465 -17.195122 1100.000000 1495.000000 1137.000000 1188.000000 0.000904 0.000113 0.000000 147.434036 
4.104197 -3.060349 -61.650776 -37.987804 23.658537 -3.780488 1213.000000 1114.000000 1218.000000 1109.000000 0.000904 0.000114 0.000000 149.133636 
1.975619 -5.807142 -62.206387 3.536585 11.829268 12.865854 1177.000000 1150.000000 1113.000000 1214.000000 0.000904 0.000113 0.000000 148.810944 
2.586835 -4.773130 -62.684376 -7.865854 -9.329268 10.853659 1164.000000 1163.000000 1220.000000 1107.000000 0.000904 0.000114 0.000000 148.606155 
1.488665 -5.523952 -63.021042 -3.048780 5.853659 -3.719512 1157.000000 1170.000000 1154.000000 1173.000000 0.000904 0.000113 0.000000 148.408981 
2.754604 -4.692637 -62.898045 6.463415 -11.402439 -5.792683 1188.000000 1137.000000 1174.000000 1151.000000 0.000904 0.000114 0.000000 148.501816 
4.045594 -3.256533 -63.260174 -0.426829 -7.987805 3.048780 1166.000000 1161.000000 1188.000000 1139.000000 0.000904 0.000114 0.000000 148.331894 
4.081619 -3.336595 -63.594376 -2.743902 7.500000 9.085366 1138.000000 1189.000000 1148.000000 1179.000000 0.000904 0.000114 0.000000 148.164459 
3.780073 -3.219389 -64.271706 5.792683 -2.682927 -2.012195 1168.000000 1159.000000 1148.000000 1179.000000 0.000904 0.000114 0.000000 147.831665 
5.350325 -1.843931 -64.361092 6.463415 -14.329268 -3.414634 1201.000000 1126.000000 1186.000000 1141.000000 0.000904 0.000113 0.000000 147.751556 
8.807711 1.474032 -64.741348 25.548780 -33.597561 6.951220 1251.000000 1100.000000 1184.000000 1141.000000 0.000904 0.000115 0.000000 147.299911 
13.412358 5.259225 -64.684814 4.329268 -1.463415 0.975610 1128.000000 1199.000000 1150.000000 1177.000000 0.000904 0.000114 0.000000 146.650818 
10.704728 2.682368 -64.898018 -25.975611 19.878050 -2.073171 1117.000000 1210.000000 1185.000000 1142.000000 0.000904 0.000113 0.000000 147.012390 
8.577146 0.983723 -65.046646 2.012195 -6.463415 4.634146 1221.000000 1106.000000 1179.000000 1148.000000 0.000904 0.000114 0.000000 147.186157 
11.614482 3.625940 -65.320587 19.207317 -19.756098 1.402439 1223.000000 1104.000000 1161.000000 1166.000000 0.000904 0.000113 0.000000 146.659348 
12.991344 5.032908 -65.159691 -12.926829 6.524390 -1.768293 1114.000000 1211.000000 1180.000000 1145.000000 0.000904 0.000113 0.000000 146.485947 
6.562113 -0.928843 -65.633675 -10.365854 7.743903 2.682927 1180.000000 1147.000000 1173.000000 1154.000000 0.000904 0.000114 0.000000 147.061371 
6.920456 -0.399425 -65.865005 3.536585 -8.841464 1.341463 1186.000000 1141.000000 1178.000000 1149.000000 0.000904 0.000113 0.000000 146.918045 
7.170935 -0.405896 -66.097343 -0.914634 -0.243902 0.792683 1166.000000 1161.000000 1166.000000 1161.000000 0.000904 0.000114 0.000000 146.791443 
6.988028 -0.351738 -66.275391 -2.865854 -0.792683 2.560976 1163.000000 1164.000000 1175.000000 1152.000000 0.000905 0.000114 0.000000 146.709793 
6.804641 -0.613701 -66.481415 5.121951 -5.365854 1.341463 1191.000000 1134.000000 1163.000000 1162.000000 0.000904 0.000113 0.000000 146.622421 
10.926944 3.112273 -66.647537 34.634148 -42.743904 0.792683 1290.000000 1100.000000 1183.000000 1144.000000 0.000904 0.000114 0.000000 146.104523 
16.257746 8.108614 -66.309853 3.780488 -5.365854 1.585366 1124.000000 1203.000000 1164.000000 1163.000000 0.000904 0.000114 0.000000 145.209259 
13.246256 5.497178 -66.706535 -22.378050 22.012196 0.426829 1126.000000 1199.000000 1169.000000 1156.000000 0.000904 0.000114 0.000000 145.662231 
11.373335 3.588799 -67.040108 3.780488 -6.707317 2.500000 1226.000000 1101.000000 1174.000000 1153.000000 0.000904 0.000114 0.000000 145.839661 
12.971226 5.171526 -67.088615 4.390244 -7.012195 0.487805 1179.000000 1150.000000 1170.000000 1159.000000 0.000904 0.000114 0.000000 145.534363 
11.689666 3.991460 -67.265030 -20.243902 17.926830 0.243902 1113.000000 1214.000000 1170.000000 1157.000000 0.000904 0.000114 0.000000 145.670898 
7.803350 0.086808 -67.611382 -18.780489 17.073172 3.414634 1151.000000 1176.000000 1172.000000 1155.000000 0.000905 0.000115 0.000000 145.993546 
7.474092 -0.097268 -67.836021 -30.121952 28.658537 -10.853659 1100.000000 1288.000000 1168.000000 1159.000000 0.000904 0.000113 0.000000 145.904373 
-0.664820 -7.788485 -67.340652 -44.085365 37.804878 6.036585 1104.000000 1223.000000 1188.000000 1139.000000 0.000904 0.000114 0.000000 146.107712 
-4.168558 -10.888038 -67.485565 1.585366 -0.731707 12.073171 1201.000000 1126.000000 1160.000000 1167.000000 0.000904 0.000113 0.000000 145.621414 
-2.676803 -9.434793 -68.194443 3.231707 -9.512196 1.524390 1157.000000 1168.000000 1181.000000 1144.000000 0.000904 0.000113 0.000000 145.485245 
-2.523553 -8.976573 -68.362190 -2.682927 -2.012195 -6.158537 1149.000000 1178.000000 1178.000000 1149.000000 0.000904 0.000114 0.000000 145.442871 
-1.711167 -8.238286 -68.598633 7.804878 -9.939025 2.621951 1186.000000 1143.000000 1167.000000 1162.000000 0.000903 0.000113 0.000000 145.413971 
0.424895 -6.234389 -69.346504 7.378049 -12.256098 6.158537 1172.000000 1155.000000 1175.000000 1152.000000 0.000904 0.000113 0.000000 145.215347 
0.974606 -5.689315 -69.709343 -4.756098 3.414634 -0.304878 1134.000000 1195.000000 1167.000000 1162.000000 0.000904 0.000114 0.000000 145.065247 
0.534581 -6.490275 -69.974663 3.231707 -6.707317 -0.182927 1178.000000 1151.000000 1175.000000 1154.000000 0.000904 0.000113 0.000000 144.895813 
1.775275 -5.429663 -70.407089 2.987805 -5.670732 5.060976 1165.000000 1162.000000 1170.000000 1157.000000 0.000904 0.000114 0.000000 144.737656 
1.734703 -5.348308 -70.817101 -2.743902 -0.609756 2.195122 1155.000000 1174.000000 1176.000000 1153.000000 0.000904 0.000114 0.000000 144.534958 
2.001483 -4.981581 -70.930336 3.231707 -6.036585 -2.195122 1177.000000 1150.000000 1173.000000 1154.000000 0.000904 0.000113 0.000000 144.490112 
2.869949 -4.152129 -71.237381 0.792683 -4.024390 1.951220 1162.000000 1163.000000 1171.000000 1154.000000 0.000904 0.000113 0.000000 144.355728 
2.893603 -4.085176 -71.540031 -3.658537 -0.000000 4.939024 1153.000000 1174.000000 1175.000000 1152.000000 0.000904 0.000114 0.000000 144.205673 
3.992384 -2.947439 -71.923592 24.390244 -26.768293 2.073171 1268.000000 1100.000000 1172.000000 1155.000000 0.000904 0.000113 0.000000 144.015503 
13.798415 5.991709 -71.783066 50.670734 -63.536587 -0.548781 1286.000000 1100.000000 1190.000000 1135.000000 0.000904 0.000114 0.000000 143.080719 
12.390177 4.322129 -72.026070 -32.378048 23.414635 -11.158537 1158.000000 1169.000000 1198.000000 1129.000000 0.000904 0.000114 0.000000 143.244370 
14.299565 5.680602 -71.840012 22.926830 -23.902439 1.158537 1252.000000 1100.000000 1163.000000 1164.000000 0.000904 0.000113 0.000000 143.028473 
16.171299 7.401214 -72.106430 -7.256098 1.158537 9.817074 1140.000000 1185.000000 1181.000000 1144.000000 0.000904 0.000113 0.000000 142.506439 
14.359066 5.680845 -72.453094 -7.134147 6.951220 -4.451220 1173.000000 1156.000000 1169.000000 1160.000000 0.000904 0.000114 0.000000 142.723160 
13.950086 5.263895 -72.412544 2.134146 -3.353659 1.097561 1199.000000 1130.000000 1169.000000 1160.000000 0.000904 0.000114 0.000000 142.824203 
13.897061 5.337613 -72.803604 -7.134147 2.317073 6.158537 1158.000000 1171.000000 1180.000000 1149.000000 0.000904 0.000113 0.000000 142.632019 
11.842158 3.590253 -72.954262 -13.231708 13.475610 -4.939024 1147.000000 1180.000000 1163.000000 1164.000000 0.000904 0.000114 0.000000 142.891144 
9.710479 1.603707 -73.135513 -6.951220 5.609756 3.780488 1178.000000 1151.000000 1170.000000 1159.000000 0.000905 0.000114 0.000000 143.081131 
10.187582 2.638745 -73.472366 -2.012195 1.585366 -4.756098 1161.000000 1166.000000 1165.000000 1162.000000 0.000904 0.000113 0.000000 142.825485 
12.623708 5.176689 -73.458076 33.353661 -50.731709 2.317073 1336.000000 1100.000000 1212.000000 1113.000000 0.000904 0.000114 0.000000 142.451004 
18.573488 10.632486 -72.776741 -1.341463 2.743902 2.500000 1100.000000 1239.000000 1152.000000 1175.000000 0.000904 0.000114 0.000000 141.460190 
14.640092 6.333348 -73.542313 -28.292683 25.304878 0.914634 1128.000000 1199.000000 1179.000000 1148.000000 0.000904 0.000113 0.000000 142.099426 
12.646631 4.375249 -73.894379 3.414634 -9.939025 1.036585 1241.000000 1100.000000 1183.000000 1144.000000 0.000904 0.000113 0.000000 142.299835 
15.092525 6.640500 -73.779678 8.353659 -8.475610 2.682927 1184.000000 1145.000000 1163.000000 1166.000000 0.000904 0.000114 0.000000 141.903030 
14.398976 5.925987 -73.991432 -19.268293 15.365854 0.792683 1121.000000 1214.000000 1183.000000 1152.000000 0.000904 0.000113 0.000000 141.945618 
10.312909 2.175542 -74.395782 -20.914635 16.402439 1.219512 1152.000000 1175.000000 1181.000000 1146.000000 0.000904 0.000114 0.000000 142.387268 
12.586325 4.205575 -74.506416 7.804878 -14.634147 -3.475610 1185.000000 1148.000000 1185.000000 1148.000000 0.000904 0.000115 0.000000 142.018005 
14.340479 6.519597 -74.413170 25.670732 -25.670732 0.853659 1285.000000 1100.000000 1172.000000 1167.000000 0.000904 0.000114 0.000000 141.689377 
20.168816 11.785693 -73.528778 11.585366 -4.817073 5.121951 1139.000000 1186.000000 1139.000000 1186.000000 0.000904 0.000113 0.000000 140.696320 
17.072418 8.472558 -74.308968 -31.463415 26.036587 0.853659 1109.000000 1216.000000 1185.000000 1140.000000 0.000904 0.000113 0.000000 141.206146 
14.417156 6.016559 -74.687714 3.597561 -6.097561 -0.060976 1245.000000 1100.000000 1174.000000 1153.000000 0.000904 0.000114 0.000000 141.595444 
17.263107 8.575996 -74.431313 15.487805 -12.378049 2.378049 1207.000000 1120.000000 1151.000000 1176.000000 0.000904 0.000113 0.000000 141.110123 
17.342989 8.618484 -74.515610 -19.085367 13.109756 1.219512 1113.000000 1212.000000 1184.000000 1141.000000 0.000904 0.000114 0.000000 141.054001 
12.846578 4.410936 -75.138245 -22.560976 23.292683 1.402439 1144.000000 1183.000000 1167.000000 1160.000000 0.000905 0.000114 0.000000 141.668396 
14.637442 5.659824 -75.178017 8.048780 -14.512196 -4.146341 1184.000000 1141.000000 1182.000000 1143.000000 0.000904 0.000113 0.000000 141.366547 
14.029453 5.245765 -75.189995 -10.243902 8.048780 3.536585 1158.000000 1169.000000 1171.000000 1156.000000 0.000904 0.000114 0.000000 141.460480 
14.920299 6.115429 -75.490311 16.951220 -21.646341 5.000000 1254.000000 1100.000000 1177.000000 1148.000000 0.000904 0.000113 0.000000 141.140991 
18.793570 9.839274 -75.043472 8.170732 -14.817074 -0.670732 1183.000000 1144.000000 1181.000000 1146.000000 0.000904 0.000114 0.000000 140.449982 
17.677099 8.468225 -75.167229 -20.304878 21.768293 0.426829 1112.000000 1213.000000 1160.000000 1165.000000 0.000904 0.000113 0.000000 140.714218 
14.650933 5.393009 -75.742882 -9.939025 3.902439 4.207317 1201.000000 1126.000000 1186.000000 1141.000000 0.000904 0.000114 0.000000 141.114105 
14.840336 5.659944 -75.872139 2.682927 -2.317073 2.073171 1189.000000 1134.000000 1163.000000 1160.000000 0.000904 0.000113 0.000000 141.006638 
13.791565 4.339836 -75.931114 -19.207317 21.524391 -0.853659 1107.000000 1218.000000 1158.000000 1167.000000 0.000904 0.000114 0.000000 141.198349 
5.303443 -3.074891 -76.246292 -16.524391 17.439024 1.463415 1164.000000 1163.000000 1165.000000 1162.000000 0.000904 0.000113 0.000000 141.843552 
4.776960 -3.299148 -76.524986 8.719512 -12.073171 4.207317 1209.000000 1116.000000 1174.000000 1151.000000 0.000904 0.000113 0.000000 141.713058 
6.029960 -1.849328 -76.818321 -2.317073 -3.841464 0.487805 1151.000000 1176.000000 1181.000000 1146.000000 0.000904 0.000114 0.000000 141.530090 
5.352529 -2.412431 -76.974861 -3.780488 3.658537 0.243902 1156.000000 1167.000000 1163.000000 1160.000000 0.000904 0.000113 0.000000 141.474350 
5.316672 -2.019500 -77.134315 1.890244 -6.280488 2.073171 1183.000000 1142.000000 1178.000000 1147.000000 0.000904 0.000114 0.000000 141.391220 
5.488655 -1.655147 -77.461342 -1.951220 -1.280488 2.134146 1158.000000 1165.000000 1171.000000 1152.000000 0.000904 0.000113 0.000000 141.219604 
4.956657 -2.282577 -77.614723 -6.036585 3.963415 0.487805 1152.000000 1173.000000 1167.000000 1158.000000 0.000904 0.000114 0.000000 141.161240 
4.487504 -2.777676 -77.813957 -2.743902 -3.414634 0.853659 1176.000000 1149.000000 1180.000000 1145.000000 0.000904 0.000113 0.000000 141.072128 
6.489817 -0.954098 -78.232597 6.219512 -12.073171 2.134146 1183.000000 1142.000000 1181.000000 1144.000000 0.000904 0.000113 0.000000 140.795395 
7.282849 -0.407546 -78.421707 -2.804878 0.731707 0.975610 1150.000000 1175.000000 1168.000000 1157.000000 0.000904 0.000115 0.000000 140.660034 
7.034116 -0.770644 -78.600861 -4.268293 1.219512 0.792683 1164.000000 1161.000000 1172.000000 1153.000000 0.000904 0.000113 0.000000 140.589920 
5.617908 -2.020045 -78.825523 -13.658537 9.329268 3.353659 1133.000000 1194.000000 1178.000000 1149.000000 0.000904 0.000114 0.000000 140.542160 
-0.609169 -7.932960 -78.638420 -66.219513 71.646339 0.426829 1100.000000 1391.000000 1151.000000 1172.000000 0.000904 0.000113 0.000000 140.491562 
-11.350904 -18.301548 -76.270737 -18.902439 14.939025 0.365854 1232.000000 1100.000000 1178.000000 1147.000000 0.000904 0.000114 0.000000 139.731628 
-4.958321 -11.855917 -78.630524 69.390244 -80.731712 6.158537 1380.000000 1100.000000 1185.000000 1140.000000 0.000904 0.000114 0.000000 139.994568 
6.321751 -1.000253 -80.082161 15.304878 -19.451220 4.634146 1100.000000 1249.000000 1169.000000 1156.000000 0.000904 0.000113 0.000000 139.880234 
-6.541449 -13.285175 -79.329597 -0.304878 0.182927 -14.939025 1288.000000 1100.000000 1169.000000 1158.000000 0.000904 0.000114 0.000000 139.390747 
-0.357022 -7.399079 -80.523140 30.487806 -45.426830 -13.170732 1217.000000 1108.000000 1195.000000 1130.000000 0.000904 0.000114 0.000000 139.585846 
3.177769 -3.900584 -80.749832 2.195122 -1.585366 0.121951 1119.000000 1206.000000 1157.000000 1168.000000 0.000904 0.000114 0.000000 139.614227 
2.161273 -5.193778 -81.461235 3.048780 -1.707317 11.585366 1181.000000 1146.000000 1155.000000 1172.000000 0.000904 0.000114 0.000000 139.238205 
3.714316 -3.567256 -81.981262 5.121951 -14.512196 5.609756 1177.000000 1148.000000 1192.000000 1133.000000 0.000904 0.000113 0.000000 139.000610 
3.892000 -3.530726 -82.207748 -4.512195 4.207317 -7.378049 1142.000000 1185.000000 1163.000000 1164.000000 0.000904 0.000114 0.000000 138.887054 
2.609854 -4.858398 -82.146019 -8.109756 0.243902 0.304878 1156.000000 1169.000000 1186.000000 1139.000000 0.000901 0.000113 0.000000 138.906189 
3.164236 -4.158962 -82.515686 7.804878 -11.524390 4.512195 1201.000000 1124.000000 1173.000000 1152.000000 0.000902 0.000113 0.000000 138.731659 
5.190211 -2.473071 -83.139236 -1.219512 -3.414634 -1.097561 1158.000000 1169.000000 1179.000000 1148.000000 0.000904 0.000114 0.000000 138.405090 
4.460714 -3.051477 -83.280365 -3.536585 1.707317 -1.097561 1159.000000 1166.000000 1167.000000 1158.000000 0.000904 0.000113 0.000000 138.347549 
4.866746 -2.587237 -83.388359 0.182927 -4.146341 3.658537 1168.000000 1159.000000 1175.000000 1152.000000 0.000904 0.000114 0.000000 138.286362 
4.243575 -3.110408 -83.853607 -5.609756 3.353659 3.414634 1154.000000 1173.000000 1172.000000 1155.000000 0.000905 0.000114 0.000000 138.063553 
4.032048 -3.336503 -83.951714 -0.304878 -1.707317 0.121951 1167.000000 1158.000000 1168.000000 1157.000000 0.000904 0.000113 0.000000 138.016434 
4.267601 -2.843100 -84.158081 -1.280488 -3.536585 -0.365854 1168.000000 1159.000000 1178.000000 1149.000000 0.000904 0.000114 0.000000 137.910370 
3.863472 -3.389931 -84.412262 -5.914634 4.329268 4.939024 1142.000000 1181.000000 1164.000000 1159.000000 0.000904 0.000114 0.000000 137.787476 
3.256384 -4.115997 -84.613045 -3.658537 1.158537 0.182927 1163.000000 1160.000000 1169.000000 1154.000000 0.000912 0.000113 0.000000 137.685928 
4.296230 -2.973647 -85.008347 4.268293 -7.378049 -0.670732 1166.000000 1151.000000 1166.000000 1151.000000 0.000972 0.000114 0.000000 137.486588 
3.861630 -3.153823 -85.329399 -6.463415 2.987805 3.170732 1100.000000 1130.000000 1126.000000 1103.000000 0.000992 0.000113 0.000000 137.329605 
3.459439 -3.608448 -85.469963 -2.804878 0.060976 1.463415 1117.000000 1116.000000 1125.000000 1108.000000 0.000997 0.000115 0.000000 137.260483 
3.837803 -3.396053 -85.739983 1.036585 -5.000000 -0.670732 1131.000000 1102.000000 1129.000000 1104.000000 0.000999 0.000114 0.000000 137.125168 
4.303473 -2.984327 -85.977386 -0.609756 -3.414634 3.719512 1114.000000 1117.000000 1128.000000 1103.000000 0.000999 0.000114 0.000000 137.003159 
4.729388 -2.543088 -86.223381 -0.548781 -1.951220 0.731707 1118.000000 1115.000000 1124.000000 1109.000000 0.000998 0.000114 0.000000 136.873596 
4.555796 -2.760688 -86.495682 -2.560976 -0.426829 0.975610 1116.000000 1117.000000 1126.000000 1107.000000 0.000998 0.000113 0.000000 136.741226 
4.830952 -2.547656 -86.608025 -0.182927 -4.207317 1.341463 1125.000000 1106.000000 1128.000000 1103.000000 0.000998 0.000114 0.000000 136.680634 
5.992803 -1.841257 -87.096924 -1.402439 -1.951220 1.890244 1142.000000 1147.000000 1157.000000 1132.000000 0.000998 0.000115 0.000000 136.409485 
6.036624 -1.841596 -87.306580 -1.585366 -1.585366 0.182927 1152.000000 1139.000000 1157.000000 1134.000000 0.000998 0.000113 0.000000 136.304153 
5.493409 -2.308819 -87.532837 -4.512195 2.256098 3.170732 1138.000000 1153.000000 1154.000000 1137.000000 0.000998 0.000114 0.000000 136.208054 
5.356394 -2.380221 -87.730423 -1.280488 -2.012195 0.975610 1167.000000 1150.000000 1169.000000 1148.000000 0.000998 0.000114 0.000000 136.112442 
5.085112 -2.658466 -87.996078 -3.597561 0.670732 1.097561 1163.000000 1172.000000 1178.000000 1157.000000 0.000999 0.000113 0.000000 135.986557 
4.632876 -2.940588 -88.099335 -5.304878 1.768293 1.463415 1161.000000 1178.000000 1182.000000 1157.000000 0.000998 0.000113 0.000000 135.941879 
4.276483 -3.340884 -88.362633 -3.292683 -0.609756 0.670732 1175.000000 1166.000000 1182.000000 1159.000000 0.000998 0.000113 0.000000 135.814911 
4.091969 -3.274474 -88.552292 -0.792683 -3.475610 1.158537 1179.000000 1164.000000 1183.000000 1160.000000 0.000999 0.000113 0.000000 135.720856 
3.946395 -3.320355 -88.932877 -3.475610 1.341463 2.560976 1167.000000 1176.000000 1179.000000 1164.000000 0.000998 0.000113 0.000000 135.531616 
4.406475 -2.970619 -89.174660 1.402439 -4.573171 1.097561 1183.000000 1168.000000 1185.000000 1166.000000 0.000998 0.000114 0.000000 135.407288 
4.344208 -3.099745 -89.456360 -4.512195 1.097561 1.158537 1184.000000 1203.000000 1204.000000 1183.000000 0.000998 0.000113 0.000000 135.267853 
3.863308 -3.318361 -89.572350 -3.597561 0.670732 1.219512 1190.000000 1195.000000 1202.000000 1183.000000 0.000998 0.000113 0.000000 135.212753 
3.924991 -3.324158 -89.833572 -1.768293 -2.317073 1.951220 1197.000000 1190.000000 1206.000000 1181.000000 0.000998 0.000114 0.000000 135.082260 
3.961376 -3.274911 -90.059380 -1.646341 -0.670732 1.585366 1190.000000 1195.000000 1201.000000 1184.000000 0.000999 0.000113 0.000000 134.969345 
3.894467 -3.360069 -90.269417 -2.865854 -0.975610 0.548781 1190.000000 1195.000000 1204.000000 1181.000000 0.000998 0.000113 0.000000 134.864944 
3.807249 -3.483548 -90.544937 -1.707317 -2.256098 2.195122 1197.000000 1188.000000 1206.000000 1179.000000 0.000998 0.000114 0.000000 134.727859 
4.031000 -3.469076 -90.968422 -4.085366 -0.000000 1.768293 1186.000000 1199.000000 1208.000000 1177.000000 0.000998 0.000113 0.000000 134.516144 
3.618682 -3.819691 -91.110130 -3.170732 0.670732 1.341463 1188.000000 1195.000000 1200.000000 1183.000000 0.000998 0.000113 0.000000 134.445999 
3.549275 -3.830936 -91.368561 -1.097561 -2.012195 0.792683 1197.000000 1188.000000 1203.000000 1182.000000 0.000998 0.000114 0.000000 134.316956 
3.306269 -3.818080 -91.595512 -4.085366 -1.036585 1.402439 1185.000000 1200.000000 1209.000000 1176.000000 0.000999 0.000114 0.000000 134.203201 
3.303642 -3.740953 -91.805122 4.390244 -6.219512 0.670732 1220.000000 1165.000000 1197.000000 1188.000000 0.000999 0.000113 0.000000 134.098709 
7.041936 -0.483792 -92.159119 32.317074 -39.939026 2.134146 1317.000000 1100.000000 1214.000000 1173.000000 0.000998 0.000113 0.000000 133.830734 
13.208797 5.447575 -92.041092 6.890244 -6.463415 0.792683 1147.000000 1238.000000 1188.000000 1197.000000 0.000998 0.000113 0.000000 133.241913 
7.118098 -0.313462 -92.498680 -65.487808 65.731712 3.475610 1100.000000 1396.000000 1198.000000 1185.000000 0.000999 0.000113 0.000000 133.654480 
-0.826252 -8.006896 -92.643250 16.524391 -24.146341 -5.792683 1245.000000 1140.000000 1212.000000 1173.000000 0.000996 0.000113 0.000000 133.514832 
-0.728064 -7.792593 -92.640648 -5.000000 3.719512 -6.707317 1168.000000 1217.000000 1196.000000 1189.000000 0.000995 0.000113 0.000000 133.527573 
-0.271618 -7.484233 -92.988235 4.573171 -9.512196 3.780488 1209.000000 1176.000000 1206.000000 1179.000000 0.000999 0.000113 0.000000 133.381058 
1.123576 -6.076587 -93.544708 2.500000 -6.585366 6.890244 1191.000000 1192.000000 1203.000000 1180.000000 0.000998 0.000113 0.000000 133.179153 
1.529398 -5.798968 -93.677116 3.597561 -6.585366 3.841464 1207.000000 1180.000000 1205.000000 1182.000000 0.000998 0.000114 0.000000 133.126556 
2.125432 -5.001820 -94.157219 0.365854 -3.414634 6.341464 1187.000000 1198.000000 1203.000000 1182.000000 0.000999 0.000113 0.000000 132.907852 
2.464030 -4.633260 -94.416588 1.890244 -4.085366 -1.219512 1198.000000 1185.000000 1198.000000 1185.000000 0.000998 0.000113 0.000000 132.785904 
2.312912 -4.850189 -94.548584 -6.768293 1.158537 -0.487805 1176.000000 1209.000000 1211.000000 1174.000000 0.000999 0.000114 0.000000 132.716476 
2.442061 -4.629744 -94.783813 6.890244 -7.804878 3.536585 1221.000000 1164.000000 1197.000000 1188.000000 0.000998 0.000113 0.000000 132.602448 
6.293417 -0.898793 -95.365211 32.682926 -42.865856 1.890244 1320.000000 1100.000000 1221.000000 1166.000000 0.000998 0.000113 0.000000 132.261826 
13.397055 5.347521 -95.240509 13.414635 -17.073172 -1.341463 1173.000000 1212.000000 1195.000000 1190.000000 0.000999 0.000114 0.000000 131.658691 
8.697277 0.899453 -95.498245 -63.658539 62.378052 -0.487805 1100.000000 1403.000000 1205.000000 1182.000000 0.000998 0.000113 0.000000 132.065613 
-3.511306 -10.185164 -95.019676 -31.036587 29.268293 -11.951220 1100.000000 1308.000000 1200.000000 1185.000000 0.000999 0.000113 0.000000 132.103821 
-10.967835 -17.499153 -93.343437 -30.243902 26.219513 -6.097561 1152.000000 1235.000000 1212.000000 1175.000000 0.000998 0.000113 0.000000 131.645004 
-11.664216 -18.492308 -93.447205 8.231708 -13.292684 3.963415 1223.000000 1164.000000 1208.000000 1179.000000 0.000999 0.000114 0.000000 131.393188 
-10.438258 -16.992622 -94.485619 1.036585 -6.036585 10.548780 1160.000000 1225.000000 1208.000000 1177.000000 0.000998 0.000113 0.000000 131.207703 
-10.389647 -16.777769 -95.115112 2.560976 -4.695122 4.939024 1180.000000 1207.000000 1199.000000 1188.000000 0.000998 0.000114 0.000000 130.930161 
-8.156453 -14.496814 -96.044983 20.548780 -26.341463 -3.597561 1244.000000 1141.000000 1206.000000 1179.000000 0.000998 0.000114 0.000000 130.930496 
-4.211001 -10.775356 -97.123695 10.487805 -16.829269 -2.195122 1182.000000 1205.000000 1208.000000 1179.000000 0.000998 0.000113 0.000000 130.984634 
-4.327885 -10.685652 -97.376633 -13.658537 12.926829 3.414634 1114.000000 1271.000000 1197.000000 1188.000000 0.000999 0.000113 0.000000 130.857285 
-4.590971 -10.984468 -98.038391 21.585367 -27.317074 2.621951 1257.000000 1130.000000 1210.000000 1177.000000 0.000998 0.000113 0.000000 130.494705 
-1.374209 -7.889468 -98.814331 4.695122 -7.804878 -2.743902 1173.000000 1214.000000 1200.000000 1187.000000 0.000999 0.000113 0.000000 130.425934 
-0.769907 -7.306016 -99.049828 1.097561 -7.256098 0.121951 1192.000000 1193.000000 1211.000000 1174.000000 0.000998 0.000113 0.000000 130.350220 
0.459065 -6.155433 -99.527466 7.500000 -9.939025 3.048780 1212.000000 1175.000000 1198.000000 1189.000000 0.000998 0.000113 0.000000 130.178299 
1.286433 -5.661932 -99.962860 -4.207317 -0.243902 2.621951 1166.000000 1219.000000 1204.000000 1181.000000 0.000999 0.000114 0.000000 129.988602 
0.898442 -6.040280 -100.105804 -0.121951 -2.682927 -1.829268 1204.000000 1183.000000 1200.000000 1187.000000 0.000998 0.000114 0.000000 129.902664 
2.172621 -4.864853 -100.463318 6.463415 -11.829268 0.975610 1213.000000 1172.000000 1208.000000 1177.000000 0.000999 0.000113 0.000000 129.762909 
3.342304 -3.949735 -100.776314 -3.597561 0.609756 2.256098 1165.000000 1220.000000 1201.000000 1184.000000 0.000998 0.000113 0.000000 129.621109 
0.693797 -6.493340 -101.038597 -1.524390 -1.951220 0.182927 1206.000000 1181.000000 1206.000000 1181.000000 0.000998 0.000114 0.000000 129.423752 
1.789536 -5.550447 -101.421677 4.085366 -6.951220 -0.304878 1198.000000 1187.000000 1201.000000 1184.000000 0.000999 0.000114 0.000000 129.271790 
1.911359 -5.360186 -101.678825 -2.926829 -1.951220 2.439024 1185.000000 1202.000000 1208.000000 1179.000000 0.000998 0.000113 0.000000 129.147751 
2.217335 -5.068410 -102.024117 4.024390 -5.792683 1.951220 1207.000000 1178.000000 1197.000000 1188.000000 0.000999 0.000113 0.000000 128.982925 
3.005817 -4.445041 -102.349960 -0.731707 -3.414634 0.853659 1182.000000 1203.000000 1204.000000 1181.000000 0.000998 0.000113 0.000000 128.832764 
2.636689 -4.578519 -102.503304 -1.158537 -2.256098 1.219512 1199.000000 1188.000000 1205.000000 1182.000000 0.000998 0.000114 0.000000 128.752136 
4.228203 -2.966710 -102.897957 18.292683 -21.524391 2.621951 1263.000000 1122.000000 1200.000000 1185.000000 0.000999 0.000113 0.000000 128.559372 
9.016748 1.640561 -103.115364 23.536587 -30.792685 2.439024 1260.000000 1127.000000 1214.000000 1173.000000 0.000998 0.000113 0.000000 128.232773 
13.366095 5.569365 -103.039673 11.707317 -17.682928 -2.682927 1253.000000 1132.000000 1211.000000 1174.000000 0.000999 0.000113 0.000000 127.796585 
17.553730 9.760613 -102.528885 17.560976 -20.304878 -0.000000 1243.000000 1142.000000 1198.000000 1187.000000 0.000998 0.000113 0.000000 127.303131 
18.276958 10.272178 -102.547798 -17.134148 12.560976 2.804878 1143.000000 1244.000000 1207.000000 1180.000000 0.000998 0.000114 0.000000 127.163071 
14.697384 6.773314 -103.253250 -14.329268 13.231708 1.219512 1205.000000 1180.000000 1199.000000 1186.000000 0.000999 0.000113 0.000000 127.494522 
14.613933 6.520169 -103.340134 3.902439 -8.292683 -0.304878 1245.000000 1142.000000 1209.000000 1178.000000 0.000998 0.000114 0.000000 127.479897 
14.326652 6.059639 -103.552063 -14.024390 11.768293 2.195122 1153.000000 1234.000000 1203.000000 1184.000000 0.000999 0.000114 0.000000 127.435768 
10.295585 2.108850 -104.070732 -22.804878 22.134148 2.560976 1156.000000 1229.000000 1201.000000 1184.000000 0.000998 0.000113 0.000000 127.682709 
8.751453 0.828690 -104.245789 7.134147 -12.987805 -0.000000 1274.000000 1113.000000 1213.000000 1174.000000 0.000998 0.000113 0.000000 127.714607 
14.025926 6.268236 -104.042671 -8.353659 4.390244 0.853659 1152.000000 1233.000000 1204.000000 1181.000000 0.000999 0.000113 0.000000 127.199272 
11.828920 4.196502 -104.376144 -12.134147 10.243902 2.134146 1197.000000 1188.000000 1200.000000 1185.000000 0.000998 0.000113 0.000000 127.330994 
11.647845 3.933362 -104.515762 -1.280488 -2.621951 0.609756 1220.000000 1167.000000 1204.000000 1183.000000 0.000998 0.000113 0.000000 127.289070 
11.403195 3.615544 -104.663612 -8.902439 6.097561 2.195122 1180.000000 1205.000000 1204.000000 1181.000000 0.000999 0.000113 0.000000 127.249077 
9.972224 2.417792 -104.876617 -7.378049 6.158537 2.621951 1197.000000 1188.000000 1199.000000 1186.000000 0.000998 0.000113 0.000000 127.280647 
9.784426 2.186619 -105.032173 -1.036585 -3.414634 1.341463 1216.000000 1171.000000 1208.000000 1179.000000 0.000998 0.000113 0.000000 127.223091 
10.025714 2.275762 -105.190231 -4.146341 1.341463 2.012195 1190.000000 1195.000000 1203.000000 1182.000000 0.000999 0.000113 0.000000 127.129776 
8.896365 1.099409 -105.405090 -11.158537 10.060976 1.219512 1172.000000 1215.000000 1200.000000 1187.000000 0.000998 0.000113 0.000000 127.121567 
7.629101 -0.006868 -105.698860 2.012195 -4.207317 0.853659 1214.000000 1173.000000 1200.000000 1187.000000 0.000999 0.000114 0.000000 127.054688 
7.619396 0.156278 -105.858955 -5.426829 1.463415 1.219512 1187.000000 1198.000000 1205.000000 1180.000000 0.000999 0.000113 0.000000 126.969704 
7.287617 -0.203290 -106.057411 -1.585366 -1.524390 1.280488 1206.000000 1181.000000 1201.000000 1186.000000 0.000998 0.000113 0.000000 126.890541 
7.781295 0.038682 -106.264442 -0.426829 -3.170732 0.853659 1204.000000 1183.000000 1204.000000 1183.000000 0.000999 0.000113 0.000000 126.767502 
7.633873 -0.141974 -106.452339 -5.060976 0.853659 0.731707 1191.000000 1198.000000 1208.000000 1181.000000 0.000998 0.000114 0.000000 126.683586 
6.962425 -0.578044 -106.653648 -4.207317 0.365854 1.402439 1199.000000 1192.000000 1208.000000 1183.000000 0.000998 0.000113 0.000000 126.611473 
6.865802 -0.715406 -106.848450 -2.500000 -0.914634 1.097561 1201.000000 1190.000000 1206.000000 1185.000000 0.000999 0.000113 0.000000 126.520103 
6.680097 -0.831690 -107.040154 -3.902439 0.243902 1.524390 1194.000000 1195.000000 1207.000000 1182.000000 0.000998 0.000113 0.000000 126.431091 
5.817208 -1.509891 -107.374161 -3.597561 0.609756 1.890244 1195.000000 1190.000000 1202.000000 1183.000000 0.000998 0.000113 0.000000 126.293343 
5.831151 -1.565420 -107.572662 -2.134146 -1.280488 1.341463 1128.000000 1123.000000 1137.000000 1114.000000 0.000999 0.000113 0.000000 126.195259 
5.828252 -1.694379 -107.757011 -1.890244 -1.158537 1.341463 1100.000000 1100.000000 1100.000000 1100.000000 0.000998 0.000113 0.000000 126.105919 
6.200662 -1.503005 -107.995811 0.487805 -5.000000 1.402439 1100.000000 1100.000000 1100.000000 1100.000000 0.000998 0.000113 0.000000 125.978233 
7.243359 -0.631069 -108.220085 6.158537 -9.817074 0.609756 1106.000000 1100.000000 1100.000000 1100.000000 0.000999 0.000114 0.000000 125.826485 
9.345254 1.318658 -108.393166 12.195122 -16.402439 1.280488 1121.000000 1100.000000 1100.000000 1100.000000 0.000999 0.000113 0.000000 125.609856 
12.544823 4.285670 -108.442795 16.890244 -21.829269 1.829268 1150.000000 1100.000000 1104.000000 1100.000000 0.000998 0.000113 0.000000 125.270287 
16.397583 8.100636 -108.118141 17.865854 -22.378050 0.914634 1153.000000 1100.000000 1103.000000 1100.000000 0.000999 0.000114 0.000000 124.844124 
20.360447 11.980423 -107.457832 0.426829 -4.146341 2.195122 1137.000000 1102.000000 1132.000000 1107.000000 0.000999 0.000113 0.000000 124.349701 
20.097343 11.560631 -107.630882 -7.804878 5.792683 1.890244 1142.000000 1133.000000 1146.000000 1129.000000 0.000998 0.000113 0.000000 124.346214 
18.476976 9.830511 -108.013916 -12.560976 10.548780 1.280488 1149.000000 1148.000000 1158.000000 1139.000000 0.000998 0.000113 0.000000 124.527451 
16.705830 8.008865 -108.416641 -10.487805 6.585366 1.768293 1174.000000 1147.000000 1175.000000 1146.000000 0.000999 0.000113 0.000000 124.680130 
15.476843 6.809366 -108.688118 -8.170732 5.792683 1.402439 1186.000000 1169.000000 1187.000000 1168.000000 0.000998 0.000113 0.000000 124.756577 
13.786435 5.297230 -108.940063 -12.256098 9.390244 0.792683 1179.000000 1194.000000 1197.000000 1176.000000 0.000998 0.000113 0.000000 124.875717 
11.838455 3.373307 -109.238899 -12.195122 9.146341 2.195122 1184.000000 1189.000000 1199.000000 1174.000000 0.000999 0.000113 0.000000 124.973190 
10.562877 2.347668 -109.447884 -2.621951 0.182927 0.853659 1230.000000 1183.000000 1217.000000 1196.000000 0.000998 0.000113 0.000000 124.987984 
10.787382 2.661423 -109.678772 -6.341464 4.268293 0.609756 1208.000000 1227.000000 1227.000000 1208.000000 0.000998 0.000113 0.000000 124.846611 
9.731284 1.637256 -109.874901 -6.219512 3.048780 1.890244 1226.000000 1209.000000 1229.000000 1206.000000 0.000999 0.000113 0.000000 124.844414 
9.399408 1.241227 -110.067749 -3.353659 0.670732 0.731707 1225.000000 1210.000000 1228.000000 1207.000000 0.000999 0.000113 0.000000 124.778435 
8.668207 0.723884 -110.252213 -4.390244 2.073171 1.890244 1227.000000 1222.000000 1234.000000 1215.000000 0.000998 0.000112 0.000000 124.731682 
8.175901 0.099244 -110.475189 -4.268293 0.060976 1.402439 1232.000000 1223.000000 1241.000000 1214.000000 0.000998 0.000112 0.000000 124.657753 
7.678907 -0.789113 -110.724548 -5.121951 2.195122 0.487805 1229.000000 1236.000000 1244.000000 1221.000000 0.000999 0.000113 0.000000 124.574402 
6.997599 -1.061009 -110.862465 -5.731708 2.439024 1.463415 1237.000000 1238.000000 1248.000000 1227.000000 0.000998 0.000112 0.000000 124.525879 
6.511463 -1.649884 -111.082802 -1.280488 -1.097561 1.829268 1253.000000 1230.000000 1251.000000 1232.000000 0.000998 0.000113 0.000000 124.437935 
6.503500 -1.632550 -111.437469 -5.304878 2.195122 1.341463 1244.000000 1263.000000 1265.000000 1242.000000 0.000999 0.000113 0.000000 124.260727 
5.918387 -2.203333 -111.617172 -5.548780 2.500000 0.914634 1255.000000 1262.000000 1269.000000 1248.000000 0.000998 0.000115 0.000000 124.189194 
5.508450 -2.153079 -111.766785 -3.719512 0.243902 1.341463 1263.000000 1258.000000 1273.000000 1248.000000 0.000998 0.000115 0.000000 124.116653 
5.166975 -2.543687 -111.968979 -3.475610 0.853659 1.219512 1258.000000 1261.000000 1268.000000 1251.000000 0.000999 0.000117 0.000000 124.024025 
4.875651 -2.823347 -112.172241 -4.573171 0.914634 1.463415 1258.000000 1263.000000 1272.000000 1249.000000 0.000998 0.000118 0.000000 123.927376 
4.234718 -3.372669 -112.381699 -5.243903 2.865854 1.768293 1249.000000 1270.000000 1269.000000 1250.000000 0.000999 0.000118 0.000000 123.828651 
3.441499 -4.285670 -112.572769 -5.670732 2.317073 1.097561 1252.000000 1269.000000 1271.000000 1250.000000 0.000998 0.000109 0.000000 123.733986 
3.344979 -4.597436 -112.817162 0.182927 -3.658537 0.914634 1270.000000 1249.000000 1271.000000 1248.000000 0.000999 0.000103 0.000000 123.611687 
3.518597 -4.319082 -113.178024 -6.585366 3.658537 1.097561 1243.000000 1276.000000 1270.000000 1249.000000 0.000998 0.000104 0.000000 123.432625 
3.199289 -4.370095 -113.386803 -2.439024 -1.585366 1.219512 1262.000000 1253.000000 1271.000000 1244.000000 0.000999 0.000114 0.000000 123.325554 
2.833268 -4.431213 -113.594727 -2.926829 -0.426829 1.829268 1251.000000 1258.000000 1265.000000 1244.000000 0.000998 0.000118 0.000000 123.217926 
2.998469 -3.875615 -113.809052 -2.317073 -0.792683 1.463415 1251.000000 1258.000000 1264.000000 1245.000000 0.000998 0.000128 0.000000 123.112030 
3.077922 -3.398593 -114.020897 -1.707317 -2.317073 1.219512 1259.000000 1250.000000 1267.000000 1242.000000 0.000999 0.000151 0.000000 123.005424 
3.160161 -2.950003 -114.250404 -1.707317 -0.792683 1.890244 1246.000000 1263.000000 1259.000000 1250.000000 0.000998 0.000172 0.000000 122.889122 
2.660111 -3.391125 -114.452774 -4.573171 0.243902 1.036585 1246.000000 1261.000000 1266.000000 1241.000000 0.000999 0.000183 0.000000 122.786888 
3.366019 -2.918077 -114.757942 6.280488 -9.817074 1.585366 1304.000000 1203.000000 1265.000000 1242.000000 0.000998 0.000194 0.000000 122.636185 
3.647519 -3.172944 -115.181427 -10.914635 7.804878 0.182927 1238.000000 1271.000000 1265.000000 1244.000000 0.000999 0.000197 0.000000 122.427414 
3.769902 -3.328084 -115.402031 -4.451220 0.792683 1.402439 1228.000000 1279.000000 1264.000000 1243.000000 0.000998 0.000196 0.000000 122.318855 
2.699648 -4.388443 -115.555801 -0.487805 -1.768293 0.548781 1297.000000 1212.000000 1260.000000 1249.000000 0.000998 0.000196 0.000000 122.237289 
3.474488 -3.746061 -115.915863 -5.121951 1.829268 2.682927 1199.000000 1308.000000 1264.000000 1243.000000 0.000999 0.000196 0.000000 122.063210 
1.229436 -5.601579 -115.938347 -8.841464 6.768293 0.426829 1268.000000 1241.000000 1262.000000 1247.000000 0.000998 0.000196 0.000000 122.015976 
3.138045 -3.976430 -116.471748 20.731709 -27.317074 2.256098 1346.000000 1163.000000 1274.000000 1235.000000 0.000999 0.000196 0.000000 121.783913 
3.770973 -3.758630 -116.671173 -32.804878 34.085365 2.073171 1100.000000 1504.000000 1247.000000 1260.000000 0.000998 0.000196 0.000000 121.688110 
-5.022686 -12.126663 -116.179131 -36.646343 37.621952 -11.585366 1100.000000 1556.000000 1242.000000 1265.000000 0.000998 0.000154 0.000000 121.412926 
-7.475877 -14.604603 -115.666122 25.731709 -34.329269 -4.024390 1265.000000 1190.000000 1243.000000 1212.000000 0.000999 0.000000 0.000000 121.327713 
0.273557 -7.555972 -117.414314 37.073170 -37.439026 -2.195122 1295.000000 1162.000000 1237.000000 1220.000000 0.000998 0.000000 0.000000 121.226105 
2.804975 -4.783479 -117.869217 -13.109756 6.219512 4.512195 1207.000000 1250.000000 1243.000000 1214.000000 0.000999 0.000000 0.000000 121.083519 
-1.779021 -9.061839 -117.799850 -26.097561 30.000000 5.853659 1160.000000 1295.000000 1227.000000 1228.000000 0.000998 0.000046 0.000000 120.917816 
-4.313659 -11.316005 -117.756821 7.256098 -13.658537 1.402439 1276.000000 1183.000000 1248.000000 1211.000000 0.000998 0.000087 0.000000 120.716942 
0.588132 -6.750580 -118.789940 28.658537 -35.426830 -4.329268 1297.000000 1160.000000 1244.000000 1213.000000 0.000999 0.000103 0.000000 120.563110 
2.915943 -4.460084 -119.138702 -15.731708 13.414635 0.548781 1127.000000 1332.000000 1237.000000 1222.000000 0.000998 0.000104 0.000000 120.451012 
-4.563440 -11.325307 -118.604088 7.804878 -11.829268 3.414634 1289.000000 1170.000000 1242.000000 1217.000000 0.000999 0.000104 0.000000 120.280930 
-1.425274 -8.316399 -119.487000 7.500000 -10.914635 3.292683 1218.000000 1239.000000 1237.000000 1220.000000 0.000998 0.000104 0.000000 120.114365 
-1.265718 -7.955481 -119.834755 -1.707317 -0.914634 4.085366 1217.000000 1242.000000 1239.000000 1220.000000 0.000998 0.000105 0.000000 119.956833 
0.243510 -6.305378 -120.284996 11.036586 -15.609756 -0.731707 1264.000000 1193.000000 1241.000000 1216.000000 0.000999 0.000105 0.000000 119.814362 
1.174577 -5.650399 -120.676277 -4.695122 1.280488 0.731707 1193.000000 1264.000000 1239.000000 1218.000000 0.000998 0.000105 0.000000 119.649437 
-0.020777 -7.028476 -120.744545 -4.939024 2.073171 1.707317 1224.000000 1235.000000 1240.000000 1219.000000 0.000998 0.000106 0.000000 119.565834 
0.993334 -6.049530 -121.283844 13.963415 -18.109756 2.560976 1279.000000 1178.000000 1239.000000 1218.000000 0.000999 0.000104 0.000000 119.338173 
3.563618 -3.761641 -121.739990 3.597561 -7.256098 1.036585 1213.000000 1246.000000 1239.000000 1220.000000 0.000998 0.000104 0.000000 119.155846 
-0.933137 -7.870208 -121.712128 -7.073171 4.024390 -1.402439 1242.000000 1217.000000 1240.000000 1219.000000 0.000999 0.000104 0.000000 119.035606 
-0.086364 -7.054749 -122.174408 2.804878 -8.048780 -0.000000 1228.000000 1229.000000 1242.000000 1215.000000 0.000998 0.000104 0.000000 118.850197 
-0.477839 -7.602376 -122.412178 -3.536585 1.036585 2.987805 1214.000000 1245.000000 1236.000000 1223.000000 0.000998 0.000105 0.000000 118.708549 
-0.154977 -7.383084 -122.884514 6.158537 -10.182927 2.865854 1251.000000 1206.000000 1241.000000 1216.000000 0.000999 0.000110 0.000000 118.488045 
0.291235 -6.854586 -123.254776 -1.951220 -0.670732 0.853659 1203.000000 1254.000000 1235.000000 1222.000000 0.000998 0.000113 0.000000 118.325882 
-0.183310 -7.255427 -123.416245 -0.914634 -2.865854 -1.097561 1233.000000 1226.000000 1242.000000 1217.000000 0.000998 0.000115 0.000000 118.224266 
0.954637 -6.215301 -123.858803 8.170732 -12.926829 2.378049 1259.000000 1198.000000 1239.000000 1218.000000 0.000999 0.000114 0.000000 118.050491 
2.120621 -5.000178 -124.251892 -3.963415 1.463415 2.500000 1194.000000 1265.000000 1237.000000 1222.000000 0.000998 0.000114 0.000000 117.886276 
-0.146170 -7.190002 -124.480721 10.609756 -13.048780 -0.731707 1283.000000 1176.000000 1238.000000 1221.000000 0.000998 0.000115 0.000000 117.695717 
2.215564 -5.037017 -124.992737 2.804878 -6.463415 1.341463 1216.000000 1241.000000 1239.000000 1218.000000 0.000999 0.000114 0.000000 117.517929 
2.471719 -4.551178 -125.211548 -0.609756 -3.963415 4.390244 1231.000000 1228.000000 1243.000000 1216.000000 0.000998 0.000114 0.000000 117.412971 
3.330698 -3.877353 -125.621628 2.073171 -4.695122 1.524390 1235.000000 1224.000000 1236.000000 1223.000000 0.000999 0.000115 0.000000 117.216240 
3.159155 -4.130836 -125.800499 -8.048780 2.134146 0.487805 1207.000000 1250.000000 1247.000000 1210.000000 0.000999 0.000114 0.000000 117.126488 
2.796407 -4.118393 -125.938446 -1.402439 -0.000000 -0.975610 1237.000000 1222.000000 1232.000000 1227.000000 0.000998 0.000115 0.000000 117.053444 
2.933963 -4.171636 -126.378319 -3.658537 -2.439024 -0.670732 1219.000000 1240.000000 1246.000000 1213.000000 0.000999 0.000114 0.000000 116.835564 
2.624189 -4.686540 -126.568047 -1.402439 -0.792683 3.048780 1227.000000 1230.000000 1236.000000 1221.000000 0.000998 0.000114 0.000000 116.737961 
2.312864 -5.583775 -126.942116 0.670732 -2.439024 2.987805 1234.000000 1225.000000 1236.000000 1223.000000 0.000998 0.000114 0.000000 116.545502 
2.631761 -5.120446 -127.247147 -3.658537 -1.951220 1.341463 1220.000000 1239.000000 1248.000000 1211.000000 0.000999 0.000114 0.000000 116.399361 
2.626167 -5.061958 -127.334969 -3.597561 2.865854 -1.890244 1217.000000 1236.000000 1229.000000 1224.000000 0.000998 0.000114 0.000000 116.355400 
2.442316 -5.082715 -127.566391 -0.853659 -4.756098 2.378049 1232.000000 1211.000000 1240.000000 1203.000000 0.000998 0.000114 0.000000 116.236801 
3.040753 -4.273280 -127.918091 5.487805 -8.170732 3.231707 1153.000000 1116.000000 1139.000000 1130.000000 0.000999 0.000115 0.000000 116.068329 
3.690177 -3.941740 -128.341888 -4.939024 3.658537 1.219512 1106.000000 1139.000000 1128.000000 1117.000000 0.000999 0.000114 0.000000 115.861725 
3.246125 -4.295576 -128.541412 -1.585366 -1.951220 0.182927 1132.000000 1115.000000 1135.000000 1112.000000 0.000998 0.000114 0.000000 115.759659 
3.638514 -3.882529 -128.810577 -0.121951 -4.756098 3.658537 1130.000000 1119.000000 1140.000000 1109.000000 0.000999 0.000115 0.000000 115.626755 
4.167629 -3.324880 -129.094376 0.914634 -2.926829 1.219512 1129.000000 1122.000000 1131.000000 1120.000000 0.000999 0.000114 0.000000 115.483757 
4.241516 -3.269033 -129.320999 -2.256098 -0.853659 0.914634 1167.000000 1172.000000 1181.000000 1158.000000 0.000998 0.000114 0.000000 115.370361 
4.263580 -3.040593 -129.523376 -2.500000 -2.073171 2.012195 1232.000000 1229.000000 1245.000000 1216.000000 0.000998 0.000114 0.000000 115.266670 
4.005936 -3.344311 -129.820023 -4.146341 1.402439 1.951220 1255.000000 1268.000000 1270.000000 1253.000000 0.000999 0.000114 0.000000 115.120628 
3.278465 -3.672202 -129.913834 -7.378049 4.207317 -0.121951 1248.000000 1279.000000 1276.000000 1251.000000 0.000998 0.000114 0.000000 115.070900 
2.807127 -4.423971 -130.238937 -1.768293 -2.256098 2.743902 1257.000000 1266.000000 1273.000000 1250.000000 0.000998 0.000114 0.000000 114.906937 
2.710742 -4.586969 -130.512436 -2.621951 -0.609756 1.890244 1260.000000 1261.000000 1271.000000 1250.000000 0.000999 0.000114 0.000000 114.769485 
2.970850 -4.463654 -130.808945 0.060976 -2.560976 2.743902 1262.000000 1261.000000 1270.000000 1253.000000 0.000998 0.000114 0.000000 114.624672 
3.024389 -4.320321 -130.981445 -4.329268 -0.121951 -1.341463 1255.000000 1270.000000 1276.000000 1249.000000 0.000998 0.000114 0.000000 114.538620 
2.834146 -4.540621 -131.213287 0.121951 -3.353659 1.646341 1271.000000 1254.000000 1272.000000 1253.000000 0.000999 0.000114 0.000000 114.421158 
3.331877 -3.931266 -131.471527 -2.987805 -1.768293 2.378049 1249.000000 1274.000000 1276.000000 1247.000000 0.000999 0.000114 0.000000 114.295265 
2.367352 -5.095895 -131.713074 -7.743903 7.134147 1.829268 1244.000000 1281.000000 1264.000000 1261.000000 0.000998 0.000114 0.000000 114.165222 
2.562952 -4.845050 -131.943588 9.268292 -15.731708 0.548781 1314.000000 1211.000000 1279.000000 1246.000000 0.000998 0.000114 0.000000 114.053154 
5.010207 -2.381788 -132.447983 -6.341464 2.560976 0.426829 1242.000000 1279.000000 1273.000000 1248.000000 0.000999 0.000114 0.000000 113.798492 
5.285596 -2.294207 -132.726318 -0.365854 -1.585366 1.707317 1263.000000 1260.000000 1268.000000 1255.000000 0.000998 0.000114 0.000000 113.658035 
4.763721 -2.754558 -132.903946 -7.256098 2.987805 2.682927 1248.000000 1275.000000 1279.000000 1244.000000 0.000999 0.000114 0.000000 113.576485 
4.499691 -2.825566 -133.119156 0.121951 -3.353659 -0.182927 1274.000000 1249.000000 1272.000000 1251.000000 0.000998 0.000114 0.000000 113.469185 
4.552206 -2.782044 -133.294495 -1.768293 -0.609756 1.097561 1266.000000 1259.000000 1269.000000 1256.000000 0.000999 0.000114 0.000000 113.381195 
6.678530 -0.662044 -133.644394 31.829269 -36.890244 2.317073 1402.000000 1119.000000 1277.000000 1244.000000 0.000998 0.000114 0.000000 113.155022 
15.577344 7.886614 -133.319321 33.963417 -44.573174 2.256098 1326.000000 1197.000000 1287.000000 1236.000000 0.000999 0.000115 0.000000 112.522774 
11.553350 4.043100 -133.702087 -85.853661 95.000000 -0.060976 1100.000000 1605.000000 1240.000000 1281.000000 0.000998 0.000114 0.000000 112.806396 
-0.753540 -6.399975 -134.727768 17.865854 -30.182928 -4.451220 1225.000000 1298.000000 1283.000000 1240.000000 0.000998 0.000114 0.000000 112.577339 
-3.921848 -9.231049 -134.264252 -3.963415 11.158537 -14.939025 1282.000000 1239.000000 1239.000000 1282.000000 0.000999 0.000114 0.000000 112.617874 
-1.737672 -7.206053 -134.512268 5.000000 -22.256098 -15.060976 1265.000000 1258.000000 1313.000000 1210.000000 0.000998 0.000114 0.000000 112.639076 
-0.797812 -7.191494 -134.595505 2.500000 7.195122 -7.682927 1242.000000 1279.000000 1219.000000 1302.000000 0.000999 0.000114 0.000000 112.629486 
-0.071716 -6.394957 -135.130219 2.987805 -18.658537 9.756098 1283.000000 1238.000000 1306.000000 1215.000000 0.000998 0.000114 0.000000 112.396065 
2.106641 -4.492319 -135.722961 6.341464 -2.500000 8.536586 1261.000000 1262.000000 1246.000000 1277.000000 0.000999 0.000115 0.000000 112.157959 
0.959938 -5.944592 -136.133133 -12.317074 6.097561 4.085366 1224.000000 1297.000000 1280.000000 1241.000000 0.000998 0.000114 0.000000 111.926483 
1.475084 -5.624527 -136.150497 12.743903 -15.670732 -5.365854 1326.000000 1197.000000 1271.000000 1252.000000 0.000998 0.000114 0.000000 111.931252 
5.364233 -2.821030 -136.704086 -5.731708 8.780488 -4.207317 1218.000000 1303.000000 1253.000000 1268.000000 0.000999 0.000114 0.000000 111.682159 
3.510057 -4.633248 -137.025513 -5.304878 -0.243902 5.609756 1280.000000 1243.000000 1287.000000 1236.000000 0.000998 0.000114 0.000000 111.529175 
4.292589 -3.361456 -137.235245 -0.121951 -2.195122 4.451220 1255.000000 1266.000000 1269.000000 1252.000000 0.000999 0.000114 0.000000 111.419937 
2.931732 -4.891615 -137.566727 -10.304878 8.902439 0.426829 1240.000000 1281.000000 1264.000000 1257.000000 0.000998 0.000114 0.000000 111.251648 
3.516354 -4.274502 -137.583344 4.817073 -13.048780 -1.219512 1295.000000 1228.000000 1287.000000 1236.000000 0.000998 0.000114 0.000000 111.247963 
4.114921 -4.081065 -137.901718 -10.000000 10.365854 -1.829268 1215.000000 1308.000000 1260.000000 1263.000000 0.000999 0.000114 0.000000 111.094200 
1.617364 -6.235163 -137.833130 -11.219512 4.878049 3.658537 1257.000000 1266.000000 1285.000000 1238.000000 0.000998 0.000114 0.000000 111.092522 
3.815684 -4.386019 -138.377289 23.231709 -26.158537 0.853659 1353.000000 1168.000000 1269.000000 1252.000000 0.000999 0.000114 0.000000 110.856346 
6.654449 -1.762769 -138.781158 11.402439 -13.963415 -6.463415 1334.000000 1187.000000 1270.000000 1251.000000 0.000998 0.000114 0.000000 110.621704 
10.240241 1.815436 -138.805420 -0.243902 -8.658537 1.280488 1228.000000 1297.000000 1288.000000 1237.000000 0.000998 0.000115 0.000000 110.427765 
9.358076 1.172004 -139.007034 -3.902439 4.390244 3.597561 1277.000000 1244.000000 1261.000000 1260.000000 0.000999 0.000114 0.000000 110.376228 
9.261403 0.967682 -139.453934 -2.073171 -2.317073 6.097561 1267.000000 1258.000000 1277.000000 1248.000000 0.000998 0.000114 0.000000 110.164177 
8.883018 0.648306 -139.410095 -13.231708 12.621951 -1.341463 1229.000000 1294.000000 1267.000000 1256.000000 0.000999 0.000114 0.000000 110.205910 
5.958523 -2.221566 -139.671829 -8.414635 4.085366 0.487805 1276.000000 1245.000000 1275.000000 1246.000000 0.000998 0.000114 0.000000 110.189430 
7.372472 -0.745613 -139.768265 12.500000 -16.890244 1.890244 1313.000000 1210.000000 1275.000000 1248.000000 0.000998 0.000114 0.000000 110.095978 
7.645930 -0.427169 -140.185410 -15.670732 15.975610 1.890244 1189.000000 1334.000000 1262.000000 1261.000000 0.000999 0.000114 0.000000 109.875229 
0.011369 -7.721117 -140.063736 3.597561 -6.341464 0.365854 1334.000000 1189.000000 1271.000000 1252.000000 0.000998 0.000114 0.000000 109.921280 
2.014202 -6.182364 -140.445877 -3.231707 -1.646341 0.853659 1217.000000 1306.000000 1277.000000 1246.000000 0.000999 0.000114 0.000000 109.798218 
1.104655 -6.947080 -140.650360 0.426829 -2.743902 0.365854 1282.000000 1241.000000 1269.000000 1254.000000 0.000998 0.000114 0.000000 109.669701 
2.017742 -6.124854 -141.104965 0.060976 -4.390244 4.695122 1246.000000 1277.000000 1275.000000 1248.000000 0.000998 0.000114 0.000000 109.469398 
1.137789 -6.740041 -141.270721 -5.609756 3.414634 -0.487805 1250.000000 1271.000000 1269.000000 1252.000000 0.000999 0.000114 0.000000 109.362259 
1.297890 -6.633588 -141.628311 6.280488 -12.621951 0.731707 1295.000000 1228.000000 1281.000000 1242.000000 0.000998 0.000114 0.000000 109.188713 
3.138858 -4.813838 -141.950699 0.914634 -2.926829 -0.731707 1242.000000 1283.000000 1268.000000 1257.000000 0.000998 0.000115 0.000000 109.065727 
0.694270 -6.546514 -142.069519 -20.000000 18.414635 3.353659 1200.000000 1321.000000 1268.000000 1253.000000 0.000999 0.000114 0.000000 108.952583 
1.950261 -5.543341 -142.708664 -1.036585 -2.134146 -3.048780 1203.000000 1320.000000 1269.000000 1254.000000 0.000998 0.000114 0.000000 108.667412 
-0.057896 -7.068816 -142.406677 -5.426829 1.036585 -4.146341 1275.000000 1248.000000 1278.000000 1245.000000 0.000999 0.000114 0.000000 108.757790 
0.587881 -6.802973 -142.891388 2.560976 -6.158537 2.682927 1266.000000 1255.000000 1270.000000 1251.000000 0.000998 0.000114 0.000000 108.537621 
0.573989 -6.312110 -143.115555 -5.670732 2.378049 4.634146 1235.000000 1290.000000 1276.000000 1249.000000 0.000998 0.000114 0.000000 108.428810 
0.613310 -6.222169 -143.640961 6.585366 -8.902439 4.085366 1295.000000 1228.000000 1266.000000 1257.000000 0.000999 0.000114 0.000000 108.168152 
2.863127 -4.305783 -143.964188 2.743902 -8.719512 -0.853659 1249.000000 1274.000000 1277.000000 1246.000000 0.000998 0.000114 0.000000 108.052719 
1.122232 -5.946067 -144.090744 -15.365854 15.426829 -2.926829 1209.000000 1314.000000 1263.000000 1260.000000 0.000998 0.000114 0.000000 107.957848 
0.129459 -6.666430 -144.126846 4.817073 -11.707317 3.170732 1311.000000 1210.000000 1281.000000 1240.000000 0.000999 0.000114 0.000000 107.908958 
4.920558 -2.253718 -144.775711 -31.463415 29.024391 2.134146 1109.000000 1412.000000 1269.000000 1252.000000 0.000998 0.000114 0.000000 107.640236 
1.357080 -5.935664 -144.705078 -0.609756 -1.585366 3.658537 1318.000000 1207.000000 1272.000000 1253.000000 0.000998 0.000114 0.000000 107.656868 
1.231238 -5.666664 -145.196091 -8.902439 4.573171 5.182927 1220.000000 1301.000000 1274.000000 1247.000000 0.000999 0.000114 0.000000 107.409393 
0.978336 -5.881258 -145.289444 3.780488 -5.121951 0.365854 1288.000000 1235.000000 1265.000000 1258.000000 0.000998 0.000114 0.000000 107.356140 
1.964229 -5.233891 -145.706818 -4.939024 -1.280488 -1.036585 1236.000000 1287.000000 1281.000000 1242.000000 0.000998 0.000114 0.000000 107.170403 
1.201468 -5.819968 -145.650391 -5.426829 4.390244 1.158537 1248.000000 1273.000000 1264.000000 1257.000000 0.000999 0.000114 0.000000 107.181496 
2.195759 -5.051053 -146.186600 11.158537 -16.646341 2.500000 1314.000000 1207.000000 1274.000000 1247.000000 0.000998 0.000114 0.000000 106.934967 
4.642344 -2.906771 -146.511612 0.365854 -4.024390 3.536585 1238.000000 1285.000000 1272.000000 1251.000000 0.000998 0.000114 0.000000 106.783371 
-1.392587 -8.863035 -146.524078 -4.512195 0.731707 -2.317073 1303.000000 1220.000000 1277.000000 1246.000000 0.000999 0.000114 0.000000 106.631409 
0.675935 -7.554672 -147.095795 3.414634 -9.024390 -3.902439 1246.000000 1277.000000 1276.000000 1247.000000 0.000998 0.000114 0.000000 106.437325 
-0.217973 -8.063951 -147.067734 -6.829268 3.048780 0.975610 1246.000000 1279.000000 1275.000000 1250.000000 0.000998 0.000114 0.000000 106.416534 
0.695330 -7.208790 -147.630981 14.817074 -19.207317 3.353659 1322.000000 1199.000000 1272.000000 1249.000000 0.000999 0.000114 0.000000 106.173157 
2.231758 -5.606664 -148.107193 -9.695122 6.829268 5.060976 1189.000000 1332.000000 1269.000000 1252.000000 0.000998 0.000114 0.000000 105.978287 
-1.785527 -9.333973 -147.916779 -21.463415 21.890244 -0.426829 1218.000000 1307.000000 1263.000000 1262.000000 0.000998 0.000131 0.000000 105.912399 
-0.858581 -8.320753 -148.337265 34.207317 -42.560978 -0.853659 1441.000000 1100.000000 1288.000000 1233.000000 0.000999 0.000149 0.000000 105.756966 
3.135066 -4.433795 -149.288071 -31.341465 29.146341 -5.243903 1193.000000 1328.000000 1272.000000 1249.000000 0.000998 0.000143 0.000000 105.398933 
2.910306 -4.720065 -149.388733 -0.853659 -4.329268 -2.865854 1264.000000 1259.000000 1277.000000 1246.000000 0.000998 0.000143 0.000000 105.347198 
1.368422 -6.087009 -149.397049 -7.804878 6.219512 -0.975610 1259.000000 1262.000000 1266.000000 1255.000000 0.000995 0.000143 0.000000 105.314575 
2.090384 -5.642386 -149.868652 6.036585 -9.695122 6.341464 1284.000000 1237.000000 1271.000000 1250.000000 0.000990 0.000143 0.000000 105.095863 
2.063587 -5.603017 -150.148178 7.682927 -12.926829 -3.902439 1322.000000 1203.000000 1279.000000 1246.000000 0.000982 0.000143 0.000000 104.955612 
4.197508 -3.436757 -150.651932 0.731707 -3.414634 2.804878 1232.000000 1293.000000 1268.000000 1257.000000 0.000975 0.000143 0.000000 104.720161 
4.039612 -3.288374 -150.876648 0.853659 -5.365854 7.500000 1282.000000 1239.000000 1275.000000 1246.000000 0.000971 0.000143 0.000000 104.604248 
4.955441 -2.398635 -151.351395 -1.768293 -1.463415 0.853659 1246.000000 1277.000000 1271.000000 1252.000000 0.000969 0.000143 0.000000 104.359276 
3.544178 -3.678234 -151.315582 -10.487805 6.524390 -2.743902 1245.000000 1278.000000 1279.000000 1244.000000 0.000970 0.000143 0.000000 104.384521 
4.192080 -3.160664 -151.534500 10.243902 -15.548780 -1.890244 1321.000000 1200.000000 1276.000000 1245.000000 0.000971 0.000143 0.000000 104.275307 
5.680563 -1.921209 -151.873611 -7.804878 6.158537 4.817073 1195.000000 1326.000000 1264.000000 1257.000000 0.000970 0.000143 0.000000 104.091148 
1.363017 -5.898505 -151.836914 -29.939026 29.939026 1.341463 1189.000000 1332.000000 1264.000000 1257.000000 0.000970 0.000143 0.000000 104.096565 
4.464262 -3.039975 -152.722443 -24.634148 25.060976 -11.829268 1100.000000 1519.000000 1251.000000 1270.000000 0.000967 0.000143 0.000000 103.682541 
0.557833 -6.433174 -151.998108 17.073172 -20.487804 -11.585366 1434.000000 1100.000000 1275.000000 1248.000000 0.000941 0.000143 0.000000 103.993919 
1.439971 -5.761606 -152.434326 -24.512196 25.670732 5.853659 1116.000000 1407.000000 1252.000000 1271.000000 0.000915 0.000143 0.000000 103.800148 
-0.355444 -6.998149 -152.583694 17.378050 -24.146341 15.853659 1412.000000 1109.000000 1273.000000 1248.000000 0.000914 0.000143 0.000000 103.671196 
2.573645 -4.154009 -153.554886 -10.792684 12.378049 8.841464 1135.000000 1386.000000 1248.000000 1273.000000 0.000915 0.000144 0.000000 103.256950 
-3.312275 -9.439425 -152.981659 -30.914635 27.500000 2.317073 1227.000000 1296.000000 1280.000000 1243.000000 0.000914 0.000143 0.000000 103.320587 
-0.248823 -6.808414 -153.857742 58.963417 -67.256096 -5.365854 1517.000000 1100.000000 1279.000000 1242.000000 0.000914 0.000143 0.000000 103.040237 
8.057095 0.661260 -154.104050 -33.719513 33.780487 -7.621952 1100.000000 1589.000000 1256.000000 1265.000000 0.000915 0.000143 0.000000 102.891983 
-6.331527 -12.756658 -153.065002 46.829269 -44.573174 -2.012195 1288.000000 1235.000000 1222.000000 1301.000000 0.000914 0.000143 0.000000 103.010674 
-3.826262 -10.565159 -154.022247 2.439024 2.134146 -6.890244 1246.000000 1273.000000 1261.000000 1258.000000 0.000915 0.000000 0.000000 102.749413 
-4.972513 -10.962041 -154.155914 -13.292684 -2.073171 -0.304878 1236.000000 1285.000000 1280.000000 1241.000000 0.000914 0.000000 0.000000 102.612404 
-5.868907 -11.691816 -154.396103 6.829268 -3.902439 1.036585 1254.000000 1267.000000 1263.000000 1258.000000 0.000915 0.000000 0.000000 102.418793 
-4.123230 -9.941718 -155.136581 11.951220 -20.914635 3.170732 1277.000000 1242.000000 1273.000000 1246.000000 0.000914 0.000000 0.000000 102.197556 
-1.351436 -7.574955 -155.907333 10.609756 -12.500000 1.402439 1272.000000 1247.000000 1267.000000 1252.000000 0.000914 0.000000 0.000000 101.974159 
-1.745322 -7.990278 -156.164230 -10.975610 7.987805 1.829268 1233.000000 1286.000000 1268.000000 1251.000000 0.000914 0.000000 0.000000 101.826317 
-3.804033 -9.834308 -156.083801 -8.597561 8.353659 -3.353659 1232.000000 1287.000000 1265.000000 1254.000000 0.000914 0.000000 0.000000 101.743866 
-2.555235 -8.601381 -156.774597 24.146341 -24.695122 -0.914634 1293.000000 1226.000000 1265.000000 1254.000000 0.000915 0.000000 0.000000 101.480858 
-0.100066 -6.370115 -157.479034 -1.463415 -7.439024 2.987805 1257.000000 1264.000000 1275.000000 1246.000000 0.000914 0.000017 0.000000 101.240082 
0.286905 -6.174708 -157.611115 0.182927 2.073171 -1.646341 1254.000000 1267.000000 1260.000000 1261.000000 0.000915 0.000059 0.000000 101.185677 
-0.558761 -7.087863 -157.955765 -5.426829 -2.256098 1.890244 1252.000000 1267.000000 1277.000000 1242.000000 0.000914 0.000063 0.000000 100.983376 
0.840253 -6.096486 -158.174637 11.951220 -13.414635 0.304878 1286.000000 1233.000000 1265.000000 1254.000000 0.000914 0.000063 0.000000 100.919090 
1.703912 -5.485355 -158.749908 -6.890244 3.231707 2.500000 1232.000000 1287.000000 1268.000000 1251.000000 0.000915 0.000063 0.000000 100.652321 
0.091882 -6.854914 -158.620422 -11.402439 6.768293 1.890244 1236.000000 1283.000000 1274.000000 1245.000000 0.000914 0.000063 0.000000 100.673187 
-0.485453 -7.545320 -159.090271 6.280488 -8.170732 1.280488 1282.000000 1237.000000 1265.000000 1254.000000 0.000915 0.000063 0.000000 100.415894 
4.618017 -2.650363 -159.794830 1.341463 -4.939024 -1.524390 1256.000000 1263.000000 1269.000000 1250.000000 0.000911 0.000063 0.000000 100.144951 
3.553236 -3.517972 -159.716553 -12.682927 8.048780 2.439024 1237.000000 1282.000000 1274.000000 1245.000000 0.000910 0.000064 0.000000 100.186501 
2.620174 -4.167165 -160.084000 1.890244 -2.134146 0.365854 1276.000000 1243.000000 1262.000000 1257.000000 0.000911 0.000063 0.000000 99.996346 
2.910688 -3.919876 -160.271057 -8.109756 2.682927 3.292683 1237.000000 1282.000000 1274.000000 1245.000000 0.000910 0.000063 0.000000 99.905205 
1.551906 -5.436173 -160.385590 -5.914634 4.878049 -2.439024 1255.000000 1264.000000 1264.000000 1255.000000 0.000908 0.000063 0.000000 99.831947 
1.839149 -5.277717 -160.686920 4.817073 -10.853659 1.951220 1280.000000 1239.000000 1274.000000 1245.000000 0.000906 0.000063 0.000000 99.687279 
3.876951 -3.624024 -161.020584 3.231707 -6.707317 1.097561 1264.000000 1255.000000 1269.000000 1250.000000 0.000905 0.000064 0.000000 99.540726 
2.610088 -4.722077 -161.299408 -16.097561 13.475610 4.390244 1219.000000 1300.000000 1269.000000 1250.000000 0.000906 0.000063 0.000000 99.393600 
0.623053 -6.401757 -161.589752 7.012195 -13.719513 2.134146 1287.000000 1232.000000 1275.000000 1244.000000 0.000905 0.000063 0.000000 99.207893 
2.372775 -4.948455 -161.853806 1.829268 -3.658537 -0.365854 1253.000000 1266.000000 1267.000000 1252.000000 0.000903 0.000063 0.000000 99.113823 
1.877638 -5.450692 -162.205490 -5.426829 1.951220 0.731707 1247.000000 1272.000000 1270.000000 1249.000000 0.000901 0.000063 0.000000 98.930542 
2.005666 -4.787927 -162.283264 0.487805 -4.146341 2.073171 1264.000000 1255.000000 1269.000000 1250.000000 0.000899 0.000063 0.000000 98.891098 
2.221934 -4.470000 -162.724136 -0.975610 -1.524390 1.402439 1256.000000 1263.000000 1266.000000 1253.000000 0.000898 0.000063 0.000000 98.672997 
1.718395 -4.900507 -162.865295 -4.756098 1.341463 2.682927 1249.000000 1270.000000 1270.000000 1249.000000 0.000897 0.000063 0.000000 98.595222 
1.271417 -5.252570 -163.132050 -2.987805 -0.792683 -1.097561 1257.000000 1262.000000 1269.000000 1250.000000 0.000898 0.000064 0.000000 98.453659 
1.585620 -5.032724 -163.327621 -0.731707 -3.048780 1.585366 1260.000000 1259.000000 1269.000000 1250.000000 0.000897 0.000063 0.000000 98.362091 
1.339552 -5.266069 -163.742493 -5.792683 2.621951 3.109756 1247.000000 1272.000000 1268.000000 1251.000000 0.000897 0.000063 0.000000 98.150322 
1.609191 -5.072742 -164.067810 3.048780 -6.890244 1.402439 1269.000000 1252.000000 1270.000000 1251.000000 0.000898 0.000063 0.000000 97.993057 
1.714750 -4.809280 -164.396057 -4.756098 1.463415 0.792683 1245.000000 1276.000000 1269.000000 1252.000000 0.000897 0.000063 0.000000 97.830154 
1.462419 -5.276183 -164.486603 -1.341463 -2.926829 0.426829 1264.000000 1257.000000 1272.000000 1249.000000 0.000897 0.000063 0.000000 97.781456 
1.635247 -5.064298 -164.908630 -0.487805 -1.585366 2.621951 1247.000000 1260.000000 1259.000000 1248.000000 0.000898 0.000063 0.000000 97.573616 
0.886160 -5.778468 -164.992920 -8.353659 4.573171 1.829268 1199.000000 1236.000000 1228.000000 1207.000000 0.000897 0.000063 0.000000 97.516060 
0.290601 -6.286347 -165.313477 2.378049 -4.817073 -0.000000 1231.000000 1204.000000 1225.000000 1210.000000 0.000898 0.000064 0.000000 97.340103 
1.982518 -4.743425 -165.628479 7.378049 -12.073171 1.707317 1234.000000 1201.000000 1229.000000 1206.000000 0.000898 0.000063 0.000000 97.219513 
2.652931 -3.954941 -165.999084 -4.634146 0.426829 3.048780 1210.000000 1225.000000 1229.000000 1206.000000 0.000897 0.000063 0.000000 97.040161 
3.309429 -3.333097 -166.334702 3.902439 -6.707317 0.731707 1234.000000 1207.000000 1228.000000 1213.000000 0.000898 0.000063 0.000000 96.875000 
3.250834 -3.792667 -166.618729 -4.939024 3.719512 2.560976 1211.000000 1244.000000 1232.000000 1223.000000 0.000897 0.000063 0.000000 96.738037 
2.679888 -4.158355 -166.746796 -3.902439 -1.097561 -0.487805 1236.000000 1235.000000 1248.000000 1223.000000 0.000897 0.000063 0.000000 96.669006 
3.838830 -3.343369 -167.280792 21.036587 -27.256098 2.195122 1305.000000 1164.000000 1250.000000 1219.000000 0.000898 0.000063 0.000000 96.409294 
9.280396 1.487892 -167.482407 13.292684 -15.182927 0.121951 1244.000000 1223.000000 1239.000000 1228.000000 0.000897 0.000063 0.000000 96.177490 
6.293462 -0.992334 -167.640015 -42.865856 39.939026 0.731707 1127.000000 1340.000000 1245.000000 1222.000000 0.000897 0.000063 0.000000 96.197639 
-2.054150 -9.098824 -167.141602 -31.402439 32.804878 2.987805 1188.000000 1279.000000 1236.000000 1231.000000 0.000898 0.000063 0.000000 96.326370 
6.105921 -1.490895 -168.506241 20.670732 -25.792683 -7.926829 1238.000000 1229.000000 1242.000000 1225.000000 0.000897 0.000063 0.000000 95.777916 
3.945132 -2.828314 -168.115906 -29.329269 24.817074 -7.560976 1172.000000 1295.000000 1249.000000 1218.000000 0.000897 0.000063 0.000000 95.985367 
1.789755 -5.041544 -168.226715 1.097561 -1.097561 4.024390 1254.000000 1213.000000 1235.000000 1232.000000 0.000898 0.000063 0.000000 95.919563 
3.959433 -2.573490 -168.742630 6.707317 -13.719513 7.987805 1253.000000 1214.000000 1250.000000 1217.000000 0.000897 0.000063 0.000000 95.668343 
4.514201 -2.141579 -169.122345 -5.853659 7.926829 -0.731707 1212.000000 1255.000000 1230.000000 1237.000000 0.000897 0.000063 0.000000 95.475822 
3.321491 -3.189821 -168.943024 -10.548780 5.426829 -4.939024 1220.000000 1247.000000 1247.000000 1220.000000 0.000898 0.000063 0.000000 95.570236 
3.331337 -3.616959 -169.184723 1.829268 -3.780488 1.890244 1247.000000 1218.000000 1239.000000 1226.000000 0.000897 0.000063 0.000000 95.455200 
4.832055 -2.225711 -169.567108 6.036585 -8.597561 6.341464 1246.000000 1219.000000 1240.000000 1225.000000 0.000897 0.000063 0.000000 95.257721 
5.356185 -1.899176 -170.045395 -1.524390 -2.439024 -1.402439 1236.000000 1229.000000 1243.000000 1222.000000 0.000898 0.000063 0.000000 95.015533 
7.984809 0.542473 -170.243454 24.207317 -30.365854 -3.231707 1310.000000 1155.000000 1247.000000 1218.000000 0.000898 0.000063 0.000000 94.847473 
11.383359 3.657842 -170.253052 -3.048780 0.243902 2.804878 1211.000000 1254.000000 1240.000000 1225.000000 0.000897 0.000063 0.000000 94.665588 
8.322927 0.663269 -170.636536 -23.719513 22.439024 4.817073 1194.000000 1271.000000 1239.000000 1226.000000 0.000898 0.000064 0.000000 94.645218 
6.158529 -1.274055 -170.912979 4.329268 -9.024390 0.670732 1275.000000 1190.000000 1246.000000 1219.000000 0.000898 0.000063 0.000000 94.570877 
9.091477 1.208383 -170.993713 15.182927 -17.073172 -0.731707 1270.000000 1195.000000 1239.000000 1226.000000 0.000897 0.000063 0.000000 94.440819 
9.612173 1.754423 -171.165710 -16.768293 13.048780 3.292683 1191.000000 1274.000000 1244.000000 1221.000000 0.000897 0.000063 0.000000 94.327576 
5.491709 -2.092631 -171.379700 -23.170732 23.353659 3.841464 1195.000000 1268.000000 1236.000000 1227.000000 0.000898 0.000063 0.000000 94.354591 
5.180728 -2.557310 -171.768265 -13.170732 10.914635 -6.463415 1190.000000 1275.000000 1240.000000 1225.000000 0.000897 0.000063 0.000000 94.168411 
0.416261 -6.851032 -171.421814 -25.365854 19.451220 2.256098 1198.000000 1267.000000 1250.000000 1215.000000 0.000897 0.000063 0.000000 94.293823 
-0.216563 -7.710145 -171.850311 10.487805 -11.402439 8.780488 1267.000000 1198.000000 1236.000000 1229.000000 0.000898 0.000063 0.000000 94.058327 
2.073442 -5.637491 -172.514465 1.890244 -8.353659 4.634146 1227.000000 1238.000000 1248.000000 1217.000000 0.000897 0.000063 0.000000 93.788605 
1.267876 -6.420897 -172.672333 -11.768293 11.219512 -2.317073 1197.000000 1268.000000 1237.000000 1228.000000 0.000897 0.000063 0.000000 93.693352 
0.599198 -6.976122 -172.598099 3.475610 -9.573171 -2.500000 1255.000000 1210.000000 1248.000000 1217.000000 0.000898 0.000063 0.000000 93.712265 
2.980494 -4.930791 -173.223236 14.939025 -16.646341 4.573171 1263.000000 1202.000000 1237.000000 1228.000000 0.000897 0.000063 0.000000 93.448189 
4.722348 -3.127064 -173.637283 -5.426829 1.707317 5.426829 1210.000000 1255.000000 1243.000000 1222.000000 0.000898 0.000063 0.000000 93.241875 
0.142575 -7.031296 -173.852249 -8.963415 4.024390 -2.439024 1225.000000 1240.000000 1247.000000 1218.000000 0.000897 0.000063 0.000000 93.072456 
1.335724 -5.619172 -174.118958 6.280488 -9.390244 -2.439024 1245.000000 1220.000000 1241.000000 1224.000000 0.000898 0.000063 0.000000 92.969521 
2.274393 -5.090480 -174.480591 -2.500000 -1.097561 5.487805 1221.000000 1244.000000 1242.000000 1223.000000 0.000897 0.000063 0.000000 92.806938 
2.113292 -5.013241 -174.821121 -0.792683 -2.378049 3.841464 1235.000000 1230.000000 1242.000000 1223.000000 0.000897 0.000064 0.000000 92.632729 
2.220773 -5.001618 -175.112274 -0.609756 -2.012195 -0.853659 1231.000000 1234.000000 1241.000000 1224.000000 0.000897 0.000063 0.000000 92.489525 
2.251809 -5.036477 -175.232498 -1.707317 -2.865854 -0.731707 1230.000000 1235.000000 1245.000000 1220.000000 0.000897 0.000063 0.000000 92.430450 
2.516148 -4.827439 -175.563675 0.182927 -2.560976 3.963415 1234.000000 1231.000000 1238.000000 1227.000000 0.000898 0.000063 0.000000 92.268639 
2.803632 -4.679730 -175.928070 -0.121951 -3.170732 3.658537 1232.000000 1233.000000 1242.000000 1223.000000 0.000897 0.000063 0.000000 92.090889 
3.438373 -3.530942 -176.522202 23.475611 -27.012196 0.243902 1311.000000 1154.000000 1243.000000 1222.000000 0.000898 0.000063 0.000000 91.790253 
8.542756 1.052294 -176.739105 2.317073 -7.378049 0.365854 1210.000000 1255.000000 1244.000000 1221.000000 0.000897 0.000063 0.000000 91.586662 
6.058943 -1.395747 -176.950165 -19.085367 19.451220 4.695122 1198.000000 1267.000000 1236.000000 1229.000000 0.000898 0.000064 0.000000 91.559555 
4.171511 -2.859020 -177.222961 0.243902 -5.914634 2.073171 1256.000000 1209.000000 1247.000000 1218.000000 0.000897 0.000063 0.000000 91.439186 
5.757061 -1.560563 -177.460861 7.926829 -10.365854 -2.012195 1251.000000 1214.000000 1239.000000 1226.000000 0.000897 0.000063 0.000000 91.307030 
5.861024 -1.414195 -177.640900 -11.829268 8.353659 1.097561 1204.000000 1261.000000 1242.000000 1223.000000 0.000898 0.000063 0.000000 91.214066 
3.533160 -3.537167 -177.741257 -11.890244 9.146341 2.195122 1218.000000 1247.000000 1242.000000 1223.000000 0.000897 0.000063 0.000000 91.182808 
3.188515 -3.706709 -178.008560 6.097561 -7.621952 0.731707 1259.000000 1206.000000 1238.000000 1227.000000 0.000898 0.000063 0.000000 91.046371 
6.417114 -0.584436 -178.417236 -2.926829 0.853659 -0.731707 1224.000000 1241.000000 1238.000000 1227.000000 0.000897 0.000063 0.000000 90.806488 
5.130186 -1.859539 -178.567673 -9.939025 5.548780 2.256098 1223.000000 1242.000000 1244.000000 1221.000000 0.000897 0.000063 0.000000 90.756958 
5.378165 -1.250945 -178.728180 0.182927 -2.743902 1.707317 1245.000000 1220.000000 1240.000000 1225.000000 0.000898 0.000063 0.000000 90.664513 
4.761676 -2.182280 -178.968689 -6.524390 4.085366 1.036585 1222.000000 1243.000000 1241.000000 1224.000000 0.000897 0.000063 0.000000 90.560448 
4.102619 -2.642026 -179.111893 -2.682927 -2.073171 1.402439 1240.000000 1225.000000 1245.000000 1220.000000 0.000898 0.000063 0.000000 90.490936 
4.596726 -1.905658 -179.385117 4.207317 -10.365854 2.560976 1254.000000 1211.000000 1246.000000 1219.000000 0.000897 0.000063 0.000000 90.345367 
5.449953 -1.452985 -179.629959 -3.841464 1.280488 1.097561 1223.000000 1242.000000 1240.000000 1225.000000 0.000897 0.000063 0.000000 90.219330 
4.127303 -2.497216 -179.784302 -13.963415 8.475610 2.134146 1209.000000 1256.000000 1247.000000 1218.000000 0.000898 0.000063 0.000000 90.152710 
2.924894 -4.328795 179.856400 5.243903 -10.365854 1.829268 1257.000000 1208.000000 1245.000000 1220.000000 0.000897 0.000063 0.000000 89.983498 
4.998681 -2.285317 179.436646 17.865854 -21.280489 2.073171 1284.000000 1181.000000 1241.000000 1224.000000 0.000898 0.000063 0.000000 89.768478 
10.148394 2.482710 179.219345 27.256098 -33.536587 2.256098 1301.000000 1164.000000 1246.000000 1219.000000 0.000897 0.000063 0.000000 89.501511 
14.823187 7.093591 179.374268 20.243902 -20.914635 1.707317 1281.000000 1184.000000 1236.000000 1229.000000 0.000897 0.000063 0.000000 89.233093 
14.346823 6.545529 179.378265 -35.000000 29.451220 1.097561 1151.000000 1314.000000 1247.000000 1218.000000 0.000898 0.000063 0.000000 89.283600 
7.155652 -0.177012 178.860703 -28.902439 30.060976 0.975610 1205.000000 1260.000000 1236.000000 1229.000000 0.000897 0.000063 0.000000 89.436981 
7.284161 -0.379474 178.643463 24.878050 -30.365854 0.609756 1330.000000 1135.000000 1245.000000 1220.000000 0.000898 0.000064 0.000000 89.335152 
14.091520 6.025023 178.815903 24.146341 -31.341465 0.426829 1287.000000 1178.000000 1247.000000 1218.000000 0.000898 0.000063 0.000000 89.043869 
5.379265 -1.706629 178.317535 -45.792683 43.475613 -6.829268 1167.000000 1298.000000 1245.000000 1220.000000 0.000897 0.000063 0.000000 89.199829 
3.462252 -3.453483 178.206451 10.487805 -17.865854 -4.878049 1285.000000 1180.000000 1249.000000 1216.000000 0.000898 0.000063 0.000000 89.156204 
4.981239 -2.020679 177.927109 -2.621951 1.402439 4.024390 1216.000000 1249.000000 1237.000000 1228.000000 0.000897 0.000063 0.000000 89.008598 
3.565838 -3.387289 177.509094 -5.487805 4.451220 8.414635 1228.000000 1237.000000 1237.000000 1228.000000 0.000897 0.000063 0.000000 88.808372 
4.347223 -2.277499 177.263046 5.365854 -10.609756 0.182927 1258.000000 1207.000000 1246.000000 1219.000000 0.000898 0.000063 0.000000 88.675964 
4.692183 -2.281661 177.100006 -4.634146 2.804878 -3.475610 1216.000000 1249.000000 1240.000000 1225.000000 0.000897 0.000063 0.000000 88.598206 
3.003123 -3.813524 177.043854 -8.719512 4.634146 3.780488 1223.000000 1242.000000 1244.000000 1221.000000 0.000897 0.000063 0.000000 88.573212 
2.694940 -3.850933 176.644638 2.926829 -4.573171 5.548780 1248.000000 1217.000000 1237.000000 1228.000000 0.000898 0.000063 0.000000 88.368996 
6.049255 -0.173105 176.009323 19.817074 -22.073172 -1.219512 1294.000000 1171.000000 1239.000000 1226.000000 0.000897 0.000063 0.000000 88.012016 
12.102090 5.301774 176.174667 35.914635 -45.000000 -1.829268 1329.000000 1136.000000 1250.000000 1215.000000 0.000898 0.000064 0.000000 87.820663 
17.554974 10.584460 176.843964 4.695122 -13.841464 -3.109756 1242.000000 1223.000000 1250.000000 1215.000000 0.000898 0.000063 0.000000 87.640511 
13.617780 6.242845 176.252777 -42.743904 43.719513 2.500000 1145.000000 1320.000000 1235.000000 1230.000000 0.000897 0.000063 0.000000 87.772438 
8.230764 1.121644 175.612976 -6.585366 2.804878 5.060976 1273.000000 1192.000000 1244.000000 1221.000000 0.000898 0.000064 0.000000 87.772003 
10.938217 3.498313 175.493881 17.073172 -23.048780 0.304878 1289.000000 1176.000000 1247.000000 1218.000000 0.000897 0.000063 0.000000 87.591553 
12.188641 4.630286 175.544281 -13.109756 13.170732 -0.426829 1194.000000 1271.000000 1236.000000 1229.000000 0.000897 0.000063 0.000000 87.540802 
6.389146 -0.781022 175.112885 -37.256100 34.573170 2.439024 1166.000000 1299.000000 1245.000000 1220.000000 0.000898 0.000063 0.000000 87.582062 
5.896216 -1.531256 174.635071 18.231709 -24.390244 -0.792683 1281.000000 1184.000000 1246.000000 1219.000000 0.000897 0.000063 0.000000 87.360703 
6.060768 -1.241446 174.607910 -12.012196 10.914635 -2.682927 1199.000000 1266.000000 1237.000000 1228.000000 0.000897 0.000063 0.000000 87.340706 
4.017340 -3.260091 174.354263 -5.914634 0.853659 3.353659 1236.000000 1229.000000 1246.000000 1219.000000 0.000898 0.000063 0.000000 87.237137 
4.111547 -3.299318 173.997620 2.500000 -4.695122 3.780488 1240.000000 1225.000000 1240.000000 1225.000000 0.000897 0.000063 0.000000 87.061157 
4.290241 -3.281417 173.722931 -3.597561 -0.914634 -0.792683 1230.000000 1235.000000 1245.000000 1220.000000 0.000897 0.000063 0.000000 86.926361 
3.852703 -3.478489 173.671616 -4.451220 0.853659 0.548781 1229.000000 1236.000000 1244.000000 1221.000000 0.000898 0.000064 0.000000 86.897514 
3.545365 -3.961156 173.408264 -1.280488 -0.792683 2.378049 1235.000000 1230.000000 1241.000000 1224.000000 0.000898 0.000063 0.000000 86.768936 
3.345933 -3.795426 173.082962 -2.256098 -1.280488 3.353659 1231.000000 1234.000000 1242.000000 1223.000000 0.000897 0.000063 0.000000 86.600250 
4.172715 -2.793352 172.593216 17.743902 -21.219513 0.426829 1296.000000 1169.000000 1243.000000 1222.000000 0.000898 0.000064 0.000000 86.350998 
11.766637 4.287325 172.557602 43.841465 -52.500000 0.243902 1344.000000 1121.000000 1248.000000 1217.000000 0.000898 0.000063 0.000000 86.081322 
15.786722 7.912337 172.902283 -14.146341 14.878049 1.768293 1172.000000 1293.000000 1231.000000 1234.000000 0.000897 0.000063 0.000000 85.950188 
10.040186 2.539186 172.342285 -35.731709 31.585367 3.292683 1185.000000 1280.000000 1247.000000 1218.000000 0.000897 0.000063 0.000000 86.075699 
7.439474 0.420727 171.993256 10.060976 -12.743903 0.609756 1295.000000 1170.000000 1240.000000 1225.000000 0.000898 0.000063 0.000000 85.991463 
10.551087 2.965432 171.932312 8.719512 -12.256098 -0.914634 1252.000000 1213.000000 1241.000000 1224.000000 0.000897 0.000063 0.000000 85.848289 
9.654876 2.056319 171.727936 -21.402439 18.170732 1.280488 1187.000000 1278.000000 1244.000000 1221.000000 0.000897 0.000063 0.000000 85.792801 
4.829115 -2.304429 171.525467 -21.341463 22.682928 2.317073 1203.000000 1262.000000 1234.000000 1231.000000 0.000898 0.000063 0.000000 85.815895 
5.333510 -1.883729 171.150879 -16.402439 15.487805 -5.914634 1179.000000 1286.000000 1237.000000 1228.000000 0.000897 0.000063 0.000000 85.624657 
0.053174 -6.628054 171.492676 -26.341463 18.719513 1.341463 1199.000000 1266.000000 1253.000000 1212.000000 0.000897 0.000063 0.000000 85.754997 
-1.038043 -7.615221 171.057526 8.902439 -8.170732 8.780488 1262.000000 1203.000000 1233.000000 1232.000000 0.000898 0.000064 0.000000 85.504372 
1.011008 -5.676851 170.477951 1.341463 -8.597561 5.365854 1230.000000 1235.000000 1250.000000 1215.000000 0.000898 0.000063 0.000000 85.270050 
0.629697 -6.059192 170.265167 -7.256098 6.463415 -3.902439 1211.000000 1254.000000 1237.000000 1228.000000 0.000897 0.000063 0.000000 85.156113 
-0.228454 -7.192937 170.321228 -3.292683 -1.829268 -1.036585 1229.000000 1236.000000 1245.000000 1220.000000 0.000893 0.000063 0.000000 85.163010 
0.564190 -6.264332 169.875198 4.756098 -6.829268 2.926829 1242.000000 1223.000000 1239.000000 1226.000000 0.000898 0.000063 0.000000 84.960655 
1.778000 -4.703071 169.435287 0.914634 -3.109756 5.121951 1229.000000 1236.000000 1239.000000 1226.000000 0.000895 0.000063 0.000000 84.759209 
1.656066 -4.949633 168.941162 -1.768293 -2.012195 -0.731707 1233.000000 1232.000000 1242.000000 1223.000000 0.000892 0.000063 0.000000 84.512093 
2.591088 -4.492123 168.712494 2.560976 -7.926829 -2.256098 1242.000000 1223.000000 1246.000000 1219.000000 0.000898 0.000065 0.000000 84.412804 
2.108554 -4.910131 168.428513 -5.853659 4.878049 4.024390 1214.000000 1251.000000 1236.000000 1229.000000 0.000898 0.000079 0.000000 84.265724 
1.735194 -5.336463 168.140961 -1.341463 -3.597561 3.658537 1238.000000 1227.000000 1246.000000 1219.000000 0.000897 0.000092 0.000000 84.118004 
2.057917 -4.524055 167.866837 -4.512195 2.256098 -0.304878 1218.000000 1247.000000 1239.000000 1226.000000 0.000898 0.000092 0.000000 83.979744 
1.374350 -5.791764 167.811157 -2.134146 -2.012195 -1.402439 1235.000000 1230.000000 1243.000000 1222.000000 0.000897 0.000092 0.000000 83.948547 
2.306198 -5.071440 167.381577 7.012195 -11.585366 3.414634 1257.000000 1208.000000 1244.000000 1221.000000 0.000898 0.000092 0.000000 83.749283 
3.584585 -3.846047 166.981689 1.524390 -3.231707 4.085366 1224.000000 1241.000000 1238.000000 1227.000000 0.000898 0.000092 0.000000 83.557854 
0.987721 -6.021513 166.716141 -5.426829 3.902439 -0.304878 1229.000000 1234.000000 1237.000000 1226.000000 0.000898 0.000092 0.000000 83.393463 
1.969202 -5.371138 166.380798 2.926829 -8.231708 0.670732 1240.000000 1225.000000 1247.000000 1218.000000 0.000898 0.000092 0.000000 83.245049 
2.267044 -4.934847 166.070435 -2.439024 -0.304878 4.451220 1223.000000 1240.000000 1237.000000 1226.000000 0.000898 0.000092 0.000000 83.091866 
2.977702 -3.975576 165.764816 4.756098 -8.292683 1.707317 1248.000000 1215.000000 1242.000000 1221.000000 0.000898 0.000093 0.000000 82.940765 
3.545199 -3.679749 165.450882 -5.609756 1.890244 -0.000000 1212.000000 1253.000000 1243.000000 1222.000000 0.000897 0.000092 0.000000 82.789612 
2.971725 -4.052675 165.398926 -2.500000 -0.731707 -0.487805 1236.000000 1227.000000 1240.000000 1223.000000 0.000898 0.000092 0.000000 82.759041 
3.910278 -3.466875 165.029282 5.792683 -9.817074 2.682927 1256.000000 1207.000000 1243.000000 1220.000000 0.000898 0.000092 0.000000 82.581596 
4.806003 -2.556106 164.709793 -0.487805 -2.743902 2.926829 1225.000000 1240.000000 1242.000000 1223.000000 0.000898 0.000092 0.000000 82.417145 
2.382844 -4.800159 164.379730 1.768293 -4.817073 -1.524390 1255.000000 1210.000000 1242.000000 1223.000000 0.000898 0.000092 0.000000 82.248344 
4.411538 -2.950332 164.031494 7.560976 -10.731708 -0.000000 1244.000000 1219.000000 1239.000000 1224.000000 0.000897 0.000092 0.000000 82.081123 
7.477901 0.544147 163.634796 40.975609 -42.378048 5.670732 1366.000000 1100.000000 1238.000000 1225.000000 0.000898 0.000092 0.000000 81.817276 
18.068958 9.967898 164.434708 30.548780 -35.487804 4.146341 1250.000000 1213.000000 1235.000000 1228.000000 0.000898 0.000092 0.000000 81.561577 
12.699757 5.222243 163.672775 -67.439026 67.256096 0.853659 1100.000000 1415.000000 1240.000000 1225.000000 0.000898 0.000092 0.000000 81.606537 
5.628895 -1.609549 163.332855 10.731708 -13.963415 0.731707 1373.000000 1100.000000 1243.000000 1220.000000 0.000898 0.000092 0.000000 81.716888 
14.599916 6.519346 163.454712 47.987804 -56.707317 2.256098 1345.000000 1118.000000 1246.000000 1217.000000 0.000898 0.000092 0.000000 81.394150 
14.811643 7.026549 163.450562 -60.365856 60.487804 2.926829 1100.000000 1456.000000 1235.000000 1228.000000 0.000898 0.000093 0.000000 81.357590 
-5.197565 -12.303757 163.950272 7.682927 -11.524390 5.975610 1334.000000 1129.000000 1243.000000 1220.000000 0.000897 0.000092 0.000000 81.751457 
-1.753323 -8.867897 162.791306 11.280488 -17.195122 2.500000 1225.000000 1238.000000 1244.000000 1219.000000 0.000898 0.000092 0.000000 81.354836 
-1.769258 -8.894849 162.547729 -3.841464 2.195122 0.548781 1206.000000 1257.000000 1237.000000 1226.000000 0.000898 0.000092 0.000000 81.232796 
-1.663975 -9.194717 162.172012 8.841464 -13.841464 -0.060976 1261.000000 1202.000000 1244.000000 1219.000000 0.000898 0.000092 0.000000 81.049179 
0.321100 -7.034795 161.594055 8.170732 -12.195122 3.170732 1234.000000 1229.000000 1241.000000 1222.000000 0.000898 0.000093 0.000000 80.824402 
1.112575 -5.961348 161.165909 -0.426829 -2.682927 2.500000 1222.000000 1241.000000 1240.000000 1223.000000 0.000898 0.000092 0.000000 80.625175 
1.151732 -5.732799 160.850937 1.463415 -5.609756 2.073171 1237.000000 1226.000000 1243.000000 1220.000000 0.000898 0.000092 0.000000 80.466850 
2.175454 -5.007654 160.511368 6.341464 -9.939025 -0.304878 1248.000000 1215.000000 1242.000000 1221.000000 0.000898 0.000092 0.000000 80.314362 
2.380283 -4.789989 160.141541 -4.329268 1.524390 0.914634 1220.000000 1243.000000 1240.000000 1223.000000 0.000897 0.000092 0.000000 80.131424 
2.374832 -4.727574 159.797211 2.317073 -6.280488 3.170732 1245.000000 1218.000000 1242.000000 1221.000000 0.000898 0.000092 0.000000 79.958443 
3.127575 -4.166712 159.557358 -1.219512 -1.158537 1.341463 1223.000000 1240.000000 1238.000000 1225.000000 0.000898 0.000092 0.000000 79.846184 
2.610313 -4.633290 159.269226 -3.658537 -0.182927 1.951220 1229.000000 1234.000000 1242.000000 1221.000000 0.000898 0.000092 0.000000 79.698639 
2.999125 -4.185421 159.097092 -1.036585 -1.951220 1.341463 1231.000000 1232.000000 1241.000000 1222.000000 0.000898 0.000093 0.000000 79.613953 
4.321751 -2.965713 158.680450 17.682928 -22.500000 2.195122 1299.000000 1164.000000 1245.000000 1218.000000 0.000897 0.000092 0.000000 79.407394 
11.503044 3.855182 158.408875 47.865856 -54.085365 4.146341 1356.000000 1107.000000 1245.000000 1218.000000 0.000898 0.000092 0.000000 79.072426 
17.269218 9.082705 159.139175 -12.987805 14.817074 1.524390 1132.000000 1333.000000 1225.000000 1240.000000 0.000898 0.000092 0.000000 79.040314 
1.163047 -5.827440 158.055969 45.182926 -48.780487 -16.524391 1484.000000 1100.000000 1244.000000 1221.000000 0.000897 0.000092 0.000000 79.072472 
9.024157 1.256804 157.794510 -2.378049 -12.865854 -8.475610 1165.000000 1300.000000 1269.000000 1196.000000 0.000898 0.000092 0.000000 78.883347 
8.575430 0.906963 157.898071 1.768293 0.182927 1.280488 1250.000000 1215.000000 1227.000000 1238.000000 0.000898 0.000092 0.000000 78.946793 
7.762062 -0.262070 157.034012 -0.060976 0.487805 12.317074 1241.000000 1224.000000 1233.000000 1232.000000 0.000898 0.000092 0.000000 78.552589 
7.825099 0.007629 156.805908 -3.414634 -1.280488 7.134147 1228.000000 1235.000000 1247.000000 1216.000000 0.000898 0.000092 0.000000 78.430099 
5.424021 -2.223044 156.416733 -14.268293 14.207317 -2.682927 1205.000000 1258.000000 1234.000000 1229.000000 0.000898 0.000092 0.000000 78.276588 
3.999449 -3.775444 156.559860 -0.853659 -7.073171 -3.719512 1256.000000 1209.000000 1254.000000 1211.000000 0.000898 0.000092 0.000000 78.359459 
5.071292 -2.565305 156.220459 6.829268 -8.231708 -1.036585 1252.000000 1213.000000 1235.000000 1230.000000 0.000898 0.000093 0.000000 78.181793 
4.342857 -2.882036 156.068085 -2.621951 1.951220 3.170732 1241.000000 1224.000000 1231.000000 1234.000000 0.000898 0.000092 0.000000 78.101181 
4.590496 -2.510973 155.809677 -3.109756 0.243902 2.987805 1217.000000 1246.000000 1238.000000 1225.000000 0.000898 0.000092 0.000000 77.967903 
4.038827 -3.050846 155.673843 -1.890244 -2.195122 -1.036585 1100.000000 1100.000000 1100.000000 1100.000000 0.000898 0.000093 0.000000 77.902710 
3.436830 -3.601079 155.411865 -1.463415 -1.768293 2.804878 1100.000000 1100.000000 1100.000000 1100.000000 0.000897 0.000092 0.000000 77.771690 
4.703154 -2.589383 155.205933 8.231708 -9.817074 0.365854 1100.000000 1100.000000 1100.000000 1100.000000 0.000898 0.000092 0.000000 77.669891 
5.632871 -1.737020 154.719131 5.670732 -11.524390 2.195122 1100.000000 1100.000000 1100.000000 1100.000000 0.000898 0.000093 0.000000 77.419228 
8.011153 0.591496 154.735870 12.256098 -15.304878 0.731707 1100.000000 1100.000000 1100.000000 1100.000000 0.000897 0.000092 0.000000 77.378807 
10.893619 3.045625 154.460434 18.292683 -20.243902 0.792683 1100.000000 1100.000000 1100.000000 1100.000000 0.000898 0.000092 0.000000 77.148872 
18.781466 11.017152 155.444641 32.926830 -38.475609 0.304878 1109.000000 1100.000000 1100.000000 1100.000000 0.000898 0.000093 0.000000 77.047928 
21.315584 13.562194 155.999405 -10.670732 8.231708 0.975610 1100.000000 1100.000000 1100.000000 1100.000000 0.000898 0.000092 0.000000 77.040588 
21.583170 13.880584 156.089890 9.512196 -6.585366 2.743902 1100.000000 1100.000000 1100.000000 1100.000000 0.000898 0.000092 0.000000 77.048622 
22.242571 14.491215 156.209167 -0.853659 -3.536585 0.914634 1100.000000 1100.000000 1100.000000 1100.000000 0.000898 0.000093 0.000000 77.029755 
22.308704 14.367342 156.138611 -2.560976 -3.048780 1.097561 1100.000000 1100.000000 1100.000000 1100.000000 0.000898 0.000092 0.000000 77.003006 
22.369043 14.606804 156.156265 0.365854 0.914634 1.280488 1100.000000 1100.000000 1100.000000 1100.000000 0.000898 0.000092 0.000000 76.989105 
22.413910 14.618116 156.190445 -2.012195 -0.609756 2.195122 1100.000000 1100.000000 1100.000000 1100.000000 0.000898 0.000092 0.000000 77.002876 
22.503128 14.658399 156.190689 -3.475610 -2.804878 1.402439 1100.000000 1100.000000 1100.000000 1100.000000 0.000898 0.000092 0.000000 76.995850 
22.407822 14.616162 156.126083 -2.378049 -2.439024 1.829268 1100.000000 1100.000000 1100.000000 1100.000000 0.000897 0.000092 0.000000 76.972023 
22.372824 14.519821 156.047256 -1.646341 -0.609756 0.792683 1100.000000 1100.000000 1100.000000 1100.000000 0.000898 0.000092 0.000000 76.943230 
22.304882 14.427909 155.971939 -1.097561 -0.975610 2.073171 1100.000000 1100.000000 1100.000000 1100.000000 0.000898 0.000092 0.000000 76.917099 
22.480656 14.465348 155.977875 -1.585366 -1.158537 1.402439 1100.000000 1100.000000 1100.000000 1100.000000 0.000897 0.000092 0.000000 76.909592 
22.483503 14.438895 155.935440 -2.865854 -1.829268 1.341463 1100.000000 1100.000000 1100.000000 1100.000000 0.000898 0.000092 0.000000 76.891075 
22.335653 14.492312 155.924896 -1.646341 -0.670732 1.219512 1100.000000 1100.000000 1100.000000 1100.000000 0.000898 0.000092 0.000000 76.887604 
22.440180 14.381206 155.862747 -2.256098 -0.792683 1.463415 1100.000000 1100.000000 1100.000000 1100.000000 0.000897 0.000092 0.000000 76.862358 
22.507078 14.384525 155.852386 -2.134146 -1.707317 0.975610 1100.000000 1100.000000 1100.000000 1100.000000 0.000898 0.000092 0.000000 76.854317 
22.484854 14.425095 155.823517 -2.256098 -1.951220 1.280488 1100.000000 1100.000000 1100.000000 1100.000000 0.000898 0.000093 0.000000 76.837784 
22.405745 14.371964 155.776505 -1.829268 -0.792683 1.280488 1100.000000 1100.000000 1100.000000 1100.000000 0.000898 0.000092 0.000000 76.822624 
22.488134 14.348761 155.750015 -2.195122 -1.585366 1.585366 1100.000000 1100.000000 1100.000000 1100.000000 0.000898 0.000092 0.000000 76.808342 
22.505369 14.491319 155.777466 -2.256098 -1.463415 1.036585 1100.000000 1100.000000 1100.000000 1100.000000 0.000898 0.000092 0.000000 76.809006 
22.494608 14.417255 155.717590 -2.134146 -1.036585 1.524390 1100.000000 1100.000000 1100.000000 1100.000000 0.000898 0.000092 0.000000 76.786568 
22.603411 14.523250 155.741745 -1.585366 -1.341463 1.585366 1100.000000 1100.000000 1100.000000 1100.000000 0.000898 0.000092 0.000000 76.784927 
Hello Junta. Starting Potato Controller now
Hello Junta. Starting Potato Controller now
Hello Junta. Starting Potato Controller now
