c1,c2,c3,c4,c5,c6,c7,c8,c9,c10,c11,c12,c13,c14,c15,c16,c17,c18,c19,c20,c21,c22,c23,c24,c25,c26,c27,c28,c29,c30,c31,c32,c33,c34,c35,c36
26,-32,-13,-65,-166,1000,-2336,535,1773,-18,-1,2,0,1,0,0,95,395,-1600,0,1150,1150,1150,1150,0,0,0,0,0,0,0,10,-15,3,-4,118
76,249,-80,90,172,1004,4255,-2515,-972,0,3,0,0,0,0,0,68,265,-1600,0,1150,1150,1150,1150,0,0,0,0,0,0,0,1,-9,1,-9,112
126,84,8,-44,-161,997,-1909,1878,186,-24,-4,-4,0,0,0,0,59,174,-1600,0,1150,1150,1150,1150,0,0,0,0,0,0,0,4,-12,0,-10,116
176,77,-124,56,79,1014,593,291,858,4,-2,0,0,0,0,0,30,95,-1600,0,1150,1150,1150,1150,0,0,0,0,0,0,0,2,0,8,-7,107
226,166,-12,-19,-132,974,-2580,1695,-1827,-29,-3,0,0,0,0,0,72,103,-1600,0,1150,1150,1150,1150,-2386,-361,-171,-26,-2360,-393,0,-52,-20,211,12,142
276,-6,-137,24,8,1067,-1237,1024,1834,0,-13,0,0,0,0,0,45,33,-1600,0,1150,1150,1150,1150,-2386,-361,-107,-16,-2360,-393,0,-86,-1,315,36,135
326,255,-13,-47,-15,982,-871,2183,-2193,-24,-7,2,0,0,0,0,113,125,-1600,0,1150,1150,1150,1150,2122,-326,239,-36,2139,-297,122,-66,-16,190,46,140
376,-160,-160,22,-115,1030,-1298,47,2506,2,-12,4,0,0,0,0,113,99,-1600,0,1150,1150,1150,1150,2122,-326,239,-36,2139,-297,0,49,-5,-168,75,136
426,132,41,-58,78,1037,-17,413,-2926,2,-2,2,1,0,0,0,77,72,-1600,0,1150,1150,1150,1150,2122,-326,163,-25,2139,-297,0,90,-11,-272,79,131
476,-129,-67,64,-124,957,-322,-1844,1834,-1,1,0,0,0,0,0,74,11,-1600,0,1150,1150,1150,1150,2122,-326,157,-24,2139,-297,0,150,-15,-393,95,136
526,166,80,-52,161,949,2851,-623,-2620,3,1,2,0,0,0,0,55,4,-1600,0,1150,1150,1150,1150,2122,-326,116,-17,2139,-297,0,167,-19,-397,91,132
576,29,50,67,-91,938,532,-1539,1407,-8,12,2,0,0,0,0,76,39,-1600,0,1150,1150,1150,1150,2122,-326,161,-24,2139,-297,0,195,-31,-425,86,132
626,95,235,-44,117,976,2424,-684,-2620,8,20,0,0,0,0,0,56,-44,-1600,0,1150,1150,1150,1150,2122,-326,118,-18,2139,-297,0,194,-26,-386,78,135
676,208,211,-11,-31,1022,471,657,858,-21,17,2,0,0,16,8,50,-88,-1600,0,1150,1150,1150,1150,2122,-326,106,-16,2139,-297,0,183,-37,-314,63,136
726,19,198,33,34,922,-932,1024,-1827,-1,24,0,0,0,27,24,33,-86,-1492,24,1150,1150,1150,1150,2122,-326,70,-10,2139,-297,0,173,-21,-292,62,136
776,245,147,-47,35,1016,-444,1451,736,-18,4,-2,0,0,25,20,47,-28,-1496,22,1150,1150,1150,1150,2122,-326,99,-15,2139,-297,0,186,-32,-273,61,138
826,-118,243,19,-41,1005,-2641,1878,-1400,5,22,-4,0,0,24,19,56,1,-1504,19,1150,1150,1150,1150,2122,-326,118,-18,2139,-297,0,174,-21,-256,63,140
876,180,84,-92,76,973,471,902,125,-7,-2,-2,0,0,25,20,66,14,-1500,20,1150,1150,1150,1150,2122,-326,140,-21,2139,-297,0,190,-28,-217,62,134
926,-60,315,53,-104,1044,-2397,2733,-789,-5,32,-4,0,0,25,20,72,52,-1500,20,1150,1150,1150,1150,2122,-326,152,-23,2139,-297,0,182,-30,-216,65,141
976,169,5,-33,92,931,1447,-379,-1156,-4,0,-4,0,0,24,19,74,25,-1504,19,1150,1150,1150,1150,2122,-326,157,-24,2139,-297,0,210,-32,-214,67,136
1026,17,254,14,-79,1135,-1726,1268,247,-9,23,-2,0,0,24,19,83,71,-1504,19,1150,1150,1150,1150,2122,-326,176,-27,2139,-297,0,190,-31,-202,66,139
1076,-62,46,10,44,902,1936,-1661,-1094,14,6,2,0,0,23,17,99,47,-1508,17,1150,1150,1150,1150,2122,-326,210,-32,2139,-297,0,208,-23,-186,65,137
1126,40,330,-14,-58,981,-261,-13,1163,-6,24,2,0,0,24,19,70,-22,-1504,19,1150,1150,1150,1150,2122,-326,148,-22,2139,-297,0,183,-30,-162,61,138
1176,-33,-1,75,17,945,1264,-2088,-850,5,8,-2,0,0,44,64,34,-33,-1460,40,1150,1150,1150,1150,1626,-654,55,-22,1617,-635,112,169,-21,-140,59,138
1226,123,179,-52,-34,983,43,352,430,-14,10,2,0,0,58,111,70,-66,-1368,111,1150,1150,1150,1150,1626,-654,113,-45,1617,-635,0,151,-29,-125,60,139
1276,-14,-17,68,-22,993,898,-318,369,2,5,-2,0,0,58,111,40,-50,-1364,115,1150,1150,1150,1150,1626,-654,65,-26,1617,-635,0,139,-21,-103,60,137
1326,242,10,-86,24,1129,837,1756,-2926,-19,-7,0,0,0,51,86,69,-5,-1396,86,1150,1150,1150,1150,1626,-654,112,-45,1617,-635,0,140,-25,-97,63,138
1376,-69,25,51,-41,1028,-1970,1024,1712,1,6,2,0,0,0,0,42,1,-1536,8,1150,1150,1150,1150,768,305,32,12,746,314,0,105,-4,-75,51,125
1426,214,-24,-35,25,1077,1936,-440,-3414,-15,-5,0,0,0,0,0,44,-7,-1600,0,1150,1150,1150,1150,768,305,33,13,746,314,0,94,-3,-65,43,129
1476,-118,188,-51,-126,1034,-1787,1329,2933,-2,11,0,0,0,0,0,64,-19,-1600,0,1150,1150,1150,1153,768,305,49,19,746,314,0,72,5,-55,36,131
1526,199,-86,49,140,1032,3278,-1661,-3536,-2,-2,-4,0,0,0,0,49,-26,-1600,0,1150,1150,1150,1150,768,305,37,14,746,314,0,61,18,-48,35,131
1576,-93,193,-131,-150,1050,-2458,2000,3482,-3,3,-12,0,0,0,0,52,27,-1600,0,1150,1150,1150,1170,768,305,39,15,746,314,0,59,8,-42,32,131
1626,-20,-54,131,166,1039,715,-1173,-2620,18,12,-8,0,0,0,0,87,12,-1600,0,1150,1150,1150,1150,768,305,66,26,746,314,0,55,26,-41,30,130
1676,-14,219,-165,-111,1061,-1909,2122,1468,-10,6,-12,0,0,0,0,43,2,-1600,0,1150,1150,1150,1150,768,305,33,13,746,314,0,67,0,-38,27,131
1726,-155,102,152,146,991,-871,47,-1888,28,24,-6,0,0,0,0,48,-70,-1600,0,1150,1150,1150,1150,768,305,36,14,746,314,0,44,17,-37,27,129
1776,137,153,-125,-40,1028,-993,291,1224,-16,-2,-4,0,0,0,0,44,-46,-1600,0,1150,1150,1150,1150,768,305,33,13,746,314,0,50,-9,-34,25,131
1826,-200,192,141,30,957,-3007,1207,-667,19,35,-2,0,0,4,0,106,55,-1584,0,1150,1150,1150,1150,768,305,81,32,746,314,0,34,-3,-34,24,130
1876,342,149,-99,93,1042,1203,-989,125,-20,4,0,0,0,101,338,54,-15,-1252,251,1150,1150,1150,1150,768,305,41,16,746,314,0,58,-6,-32,21,133
1926,-60,242,99,-67,993,-3435,1878,797,-6,30,-2,0,0,102,345,70,94,-1192,345,1150,1150,1150,1150,768,305,53,21,746,314,0,49,0,-34,20,132
1976,461,28,-41,179,993,3156,-2210,-1644,-21,2,0,0,0,110,401,70,68,-1192,345,1150,1158,1150,1150,768,305,53,21,746,314,0,63,14,-33,20,134
2026,24,166,75,-235,999,-2885,1268,1407,-27,21,-2,0,0,149,736,41,-77,-1003,736,1150,1150,1150,1150,768,305,31,12,746,314,0,46,-4,-31,20,136
2076,432,-16,-31,276,984,4499,-2332,-301,-8,-3,0,0,0,194,1248,79,107,-896,1027,1150,1184,1150,1150,768,305,60,24,746,314,0,58,23,-34,20,136
2126,214,58,56,-239,1044,-2641,1634,858,-50,13,-2,-1,0,226,1694,91,62,-696,1694,1180,1150,1166,1158,768,305,69,27,746,314,0,46,2,-35,19,136
2176,391,27,-33,284,991,6086,-3858,-240,-10,0,-2,-1,0,257,2190,67,0,-628,1958,1151,1251,1168,1189,768,305,51,20,746,314,0,50,27,-35,20,135
2226,-52,35,100,-187,852,-3190,-928,3238,-25,15,-2,-1,0,279,2581,43,-26,-483,2581,1212,1150,1269,1242,768,305,33,13,746,314,0,33,17,-36,21,139
2276,87,2,7,-57,1003,471,-1356,-484,-23,1,0,-2,0,300,2985,79,40,-432,2828,1240,1228,1231,1267,768,305,60,24,746,314,0,63,19,-38,20,131
2326,202,-12,-27,10,986,104,-1661,-2681,-23,-3,0,-1,0,331,3633,72,22,-276,3633,1292,1291,1230,1262,768,305,55,21,746,314,0,50,-8,-39,17,136
2376,177,-266,-10,-11,1161,4682,657,1041,-21,-24,-2,-1,0,369,4516,51,-21,-211,3993,1251,1257,1298,1368,89,347,4,17,0,337,112,45,69,-37,20,138
2426,119,-66,75,-47,939,-322,3892,1224,-43,0,-2,-5,0,367,4467,59,-72,-131,4467,1264,1220,1423,1329,89,347,5,20,0,337,0,-10,59,-37,24,133
2476,123,382,-77,-46,1047,5109,3892,-2864,-20,24,-2,-1,0,378,4739,70,-54,-116,4565,1342,1264,1270,1392,89,347,6,24,0,337,0,-38,62,-44,30,137
2526,219,-130,76,120,906,8833,-8741,6046,-9,0,-4,-1,0,392,5096,87,69,-32,5096,1374,1208,1358,1396,-151,-166,-13,-14,-84,-365,112,-31,49,-47,35,143
2576,638,-11,-16,28,846,8588,-8558,7572,-56,0,-4,-1,0,410,5575,50,-9,0,5575,1320,1395,1336,1383,-151,-166,-7,-8,-84,-365,0,-68,8,-54,39,136
2626,694,263,3,96,613,5415,-9840,8121,-46,28,-2,0,0,410,5575,62,45,0,5575,1375,1346,1320,1391,-151,-166,-9,-10,-84,-365,0,-17,-8,-57,39,136
2676,435,-188,-41,8,844,2607,4075,2872,-47,-20,0,-2,0,430,6132,44,-33,0,5906,1448,1368,1340,1321,2698,189,118,8,2531,316,0,12,-12,-70,39,137
2726,357,243,-38,36,850,776,-5445,-7503,-34,22,-4,-1,0,447,6627,79,24,0,6627,1454,1451,1276,1344,2698,189,213,14,2531,316,0,45,-16,-82,37,138
2776,339,413,-45,2,841,-5693,4075,-8663,-35,33,0,0,0,463,7110,89,80,0,7110,1308,1355,1446,1514,2698,189,240,16,2531,316,0,99,3,-100,34,135
2826,407,270,-20,120,1026,-1237,10240,6473,-31,21,-2,-1,0,462,7079,34,-63,0,7079,1333,1244,1530,1483,2698,189,91,6,2531,316,0,127,4,-102,34,140
2876,533,17,-5,-2,1013,-2641,-74,10196,-55,8,0,-1,1,464,7141,48,-19,0,7048,1452,1420,1372,1395,2698,189,129,9,2531,316,0,125,7,-106,35,135
2926,487,-417,56,-44,1123,-2763,-2576,247,-52,-30,0,0,0,464,7141,106,8,0,7141,1511,1492,1301,1304,2698,189,285,20,2531,316,0,139,-7,-106,34,140
2976,186,-668,-56,9,470,-444,1451,-3719,-21,-72,-2,-1,0,499,8258,60,-50,0,8258,1467,1430,1435,1462,-763,-73,-45,-4,-815,-60,0,112,-6,-84,35,140
3026,114,-789,102,-49,783,-1542,1756,-9456,-24,-54,0,-1,0,508,8559,70,39,0,8559,1393,1368,1508,1506,-763,-73,-53,-5,-815,-60,0,92,-21,-70,33,141
3076,17,-369,156,91,850,654,-196,-667,6,-14,0,0,0,531,9352,74,-12,0,9246,1463,1453,1500,1495,-763,-73,-56,-5,-815,-60,0,79,-36,-54,30,134
3126,-131,-155,36,65,1004,-566,7554,5313,11,-13,0,-1,0,547,9924,50,9,0,9924,1507,1510,1487,1450,-763,-73,-38,-3,-815,-60,0,29,-30,-47,28,137
3176,0,262,100,24,740,593,-7276,-2559,-3,40,-2,-1,0,566,10625,44,-101,0,10625,1439,1465,1546,1599,-763,-73,-33,-3,-815,-60,0,34,-35,-39,24,139
3226,196,235,37,30,1052,-1542,-3858,491,-18,26,-2,0,0,566,10625,50,-26,0,10625,1515,1476,1547,1528,1173,-240,58,-12,1186,-266,122,14,-35,-38,22,144
3276,369,429,-61,20,969,-1420,-562,-6527,-38,28,-2,-1,0,586,11389,84,50,0,11389,1480,1521,1577,1561,1173,-240,98,-20,1186,-266,0,40,-35,-45,20,143
3326,527,62,105,16,1229,-932,2489,-972,-52,13,-4,-1,0,597,11821,53,-30,0,11821,1538,1525,1558,1562,-616,95,-32,5,-682,113,0,-2,-17,-43,18,138
3376,248,469,-86,-160,963,6025,-3858,-7015,-43,34,-2,-1,0,598,11861,52,5,0,11861,1553,1453,1589,1587,-616,95,-32,4,-682,113,0,-10,-19,-41,12,141
3426,1039,395,-88,93,976,3217,-5323,-3414,-91,28,-2,-2,0,601,11980,46,22,4,11980,1520,1538,1558,1578,-11,-537,0,-24,119,-505,112,-27,-17,-42,12,144
3476,1357,-239,88,44,1104,-2580,1024,-5001,-121,-13,-2,0,0,602,12020,67,-13,0,11940,1538,1501,1577,1580,51,-198,3,-13,-51,-230,132,3,-48,-42,10,144
3526,1569,-28,-43,-87,914,1447,4503,-6099,-155,-5,-4,-1,0,602,12020,45,13,7,12020,1546,1481,1588,1582,51,-198,2,-8,-51,-230,0,40,-42,-40,8,139
3576,2043,273,-5,195,797,5170,-4224,-3231,-162,25,0,-1,0,604,12100,56,17,15,12100,1543,1488,1580,1599,-405,-766,-22,-42,-374,-777,122,113,-40,-28,6,148
3626,2078,510,79,100,1254,-3801,-8985,-2681,-182,59,0,0,0,620,12749,41,69,80,12749,1540,1499,1590,1612,-405,-766,-16,-31,-374,-777,0,43,-11,-22,10,147
3676,2196,148,27,26,999,-9965,2244,-3780,-204,15,-2,-1,0,637,13458,60,70,152,13500,1541,1521,1652,1628,-405,-766,-24,-46,-374,-777,0,65,-44,-11,12,147
3726,1866,294,71,-14,1211,-7463,-2454,-3170,-174,33,-2,0,0,656,14273,70,102,224,14273,1591,1574,1616,1644,-405,-766,-28,-53,-374,-777,0,38,-46,-6,12,149
3776,1589,-82,122,8,1396,1447,3587,-5794,-147,0,-2,-1,0,656,14273,80,202,224,14273,1585,1596,1642,1599,-405,-766,-32,-61,-374,-777,0,-17,-112,-5,10,148
3826,744,172,-65,-208,1320,-1237,1207,-3292,-86,9,0,0,0,669,14844,116,380,276,14844,1608,1558,1622,1682,-514,-1206,-59,-139,-349,-1161,122,-66,-197,-5,4,153
3876,377,-125,-143,-18,1243,16889,-16798,-3292,-34,-15,-2,-1,0,669,14844,147,447,284,14933,1672,1523,1619,1659,-514,-1206,-75,-177,-349,-1161,0,-43,-176,-3,2,158
3926,1736,-818,69,10,1478,11762,-12586,-5916,-155,-62,-2,-1,0,670,14889,180,506,280,14889,1582,1568,1655,1672,-514,-1206,-92,-217,-349,-1161,0,-28,-165,-1,1,157
3976,1663,-863,-58,100,1266,-17412,718,-5123,-154,-78,0,-1,0,672,14978,168,464,280,14889,1580,1575,1664,1656,-539,-1190,-90,-200,-591,-938,0,-20,-62,4,9,153
4026,699,-414,16,91,1027,-4228,1390,-3597,-58,-39,0,0,0,671,14933,195,610,284,14933,1601,1551,1664,1665,-539,-1190,-105,-232,-591,-938,0,-63,-105,7,18,151
4076,302,50,0,-5,1382,-4045,-5445,-5794,-39,6,-2,-2,0,665,14667,268,802,287,14978,1598,1530,1647,1701,-636,-793,-170,-212,-572,-785,153,-124,-159,11,26,152
4126,626,-212,42,92,1125,1630,2733,-6893,-50,-16,-2,0,0,636,13416,314,889,143,13416,1561,1507,1662,1607,-622,-532,-195,-167,-798,-595,163,-162,-133,14,27,154
4176,1058,399,-70,0,919,-1970,13414,-5794,-95,25,-2,0,0,607,12220,336,964,24,12180,1502,1491,1633,1586,-664,-359,-223,-120,-838,-308,132,-139,-159,19,29,153
4226,857,838,-153,144,1092,-2763,291,-5367,-64,60,-2,0,0,606,12180,394,934,24,12180,1519,1485,1582,1632,-596,-501,-235,-197,-529,-496,183,-102,-121,28,33,154
4276,749,-104,154,67,916,-1604,169,-4085,-63,11,-2,0,0,595,11742,476,944,0,11702,1497,1447,1616,1599,-562,-473,-267,-225,-723,-445,163,-128,-122,37,41,151
4326,584,-231,112,130,684,-5571,14024,-3658,-35,-10,-2,0,0,576,11004,504,904,0,11004,1489,1460,1608,1574,-638,-485,-321,-244,-888,-401,183,-154,-138,44,47,155
4376,457,871,-68,34,773,-2946,7432,-5794,-37,65,0,0,0,573,10890,534,788,0,10890,1488,1443,1559,1589,-555,-477,-296,-255,-594,-475,224,-244,-189,51,53,150
4426,455,682,105,-124,416,-688,2061,-6221,-70,85,0,0,0,571,10814,547,641,0,10814,1474,1459,1579,1563,-533,-563,-291,-308,-583,-491,244,-243,-250,53,55,151
4476,507,1290,-184,-50,804,-3557,7921,-4879,-53,91,-2,0,0,570,10776,566,543,0,10814,1456,1433,1610,1565,-492,-460,-278,-260,-628,-389,244,-193,-254,56,57,154
4526,400,1421,39,-80,910,-3923,-1295,-5001,-46,131,-4,0,0,571,10814,582,464,0,10814,1484,1428,1585,1569,-383,-459,-223,-267,-368,-401,244,-219,-269,58,58,154
4576,566,1345,88,83,852,-6853,-5445,-4329,-46,129,-4,0,0,570,10776,617,376,0,10738,1469,1436,1587,1569,-366,-566,-225,-349,-329,-405,255,-192,-319,60,59,153
4626,184,928,108,15,718,-9233,-3004,-4085,-25,102,0,-1,0,604,12100,637,320,15,12100,1494,1448,1595,1574,-310,-520,-197,-331,-324,-423,255,-179,-342,61,60,154
4676,-237,1400,-42,-97,681,-5998,1024,-5489,4,159,0,0,8,630,13164,658,254,87,12832,1507,1523,1628,1620,-290,-509,-191,-335,-250,-465,244,-211,-370,60,59,153
4726,-377,1104,-34,-161,583,2363,-4591,-6282,10,157,-2,0,12,630,13164,649,162,119,13164,1570,1485,1634,1621,-311,-606,-201,-393,-236,-717,255,-209,-406,59,57,158
4776,245,550,0,12,1078,7490,-4102,-4635,-20,117,-2,0,13,635,13374,659,141,136,13332,1548,1502,1640,1636,-249,-689,-164,-454,-222,-812,255,-170,-405,59,58,154
4826,767,185,18,132,925,-3374,-1051,-5001,-58,85,-2,0,13,637,13458,663,147,148,13458,1534,1509,1649,1632,-277,-703,-183,-466,-256,-641,255,-200,-423,58,61,155
4876,1196,53,38,215,1039,-5144,2611,-4268,-87,45,-2,0,7,635,13374,658,161,143,13416,1545,1502,1663,1621,-267,-797,-176,-524,-337,-714,255,-195,-480,57,64,154
4926,1039,-5,-157,105,1116,-1054,-989,-3963,-62,-14,-2,4,0,637,13458,677,142,148,13458,1520,1524,1649,1642,-256,-746,-173,-505,-265,-759,244,-186,-453,56,66,157
4976,1061,-29,35,292,1184,-6059,3587,-4818,39,2,0,22,0,637,13458,668,142,148,13458,1513,1524,1675,1621,-326,-806,-217,-538,-417,-792,255,-240,-497,53,69,153
5026,893,688,-196,-184,1080,7246,6151,-5672,213,40,-2,61,0,635,13374,671,107,139,13374,1534,1485,1675,1632,-206,-850,-138,-570,-331,-1032,244,-205,-540,51,72,158
5076,1201,679,-174,57,1133,12495,-440,-5062,245,48,-2,68,0,639,13543,707,85,148,13458,1526,1521,1648,1641,-262,-1053,-185,-744,-254,-1294,244,-225,-603,47,79,158
5126,1947,749,7,-181,924,13654,2427,-5062,291,69,2,95,0,636,13416,693,140,143,13416,1536,1513,1664,1630,-225,-1126,-156,-780,-249,-1317,255,-196,-661,46,84,156
5176,2631,661,-166,-52,1226,19514,-1966,-4146,247,49,0,95,0,636,13416,696,163,148,13458,1559,1461,1650,1658,-211,-1072,-147,-746,-96,-1478,255,-207,-691,44,88,159
5226,3796,371,256,59,981,18903,-5323,-4085,-79,61,0,48,0,635,13374,696,147,139,13374,1561,1469,1654,1646,-209,-1061,-145,-738,-121,-1253,255,-227,-711,41,88,157
5276,3530,-246,180,-90,980,1936,-1234,-5367,-113,0,2,41,0,637,13458,715,172,148,13458,1531,1479,1661,1656,-207,-1076,-148,-769,-177,-961,255,-207,-709,37,93,157
5326,2699,-230,-34,107,843,-3068,-2882,-4757,-47,-19,2,36,0,636,13416,727,206,143,13416,1544,1498,1647,1645,-213,-925,-154,-672,-154,-857,255,-218,-686,35,93,158
5376,1420,-333,142,-112,795,3828,-3797,-6221,10,-6,2,30,0,637,13458,722,142,143,13416,1548,1446,1662,1663,-138,-966,-99,-698,-137,-1014,255,-120,-667,34,94,156
5426,1210,-699,-68,242,1149,1630,-1905,-5306,39,-36,0,25,6,638,13500,750,146,152,13500,1543,1490,1653,1643,-175,-933,-131,-699,-145,-977,255,-111,-624,35,97,157
5476,1249,-772,-13,61,942,-2336,1878,-5245,16,26,2,24,19,638,13500,761,185,152,13500,1498,1510,1682,1641,-139,-922,-106,-701,-253,-878,255,-111,-665,34,100,156
5526,809,-510,-206,98,982,1447,2977,-4879,144,68,4,41,27,637,13458,758,161,148,13458,1540,1475,1671,1646,-176,-794,-133,-601,-162,-929,255,-140,-642,35,100,156
5576,1367,-190,34,182,971,10480,-2088,-5916,121,120,2,43,26,636,13416,760,149,143,13416,1534,1496,1658,1640,-169,-923,-128,-702,-138,-1010,255,-138,-735,34,100,160
5626,1508,-188,19,-20,1516,4865,230,-5611,114,78,2,49,18,635,13374,793,220,139,13374,1509,1502,1685,1632,-209,-959,-165,-761,-219,-1046,255,-171,-739,33,99,156
5676,1958,-279,171,72,1073,1997,3343,-5916,112,49,2,55,11,637,13458,782,242,143,13416,1522,1511,1669,1627,-153,-875,-119,-684,-154,-882,255,-200,-755,29,95,156
5726,1454,-403,-108,69,1089,7001,-623,-5184,117,6,2,47,10,636,13416,781,173,143,13416,1557,1488,1648,1637,-174,-908,-136,-709,-127,-1108,255,-197,-685,28,94,157
5776,1720,-350,150,27,1044,5659,-5323,-4390,23,31,41,34,9,636,13416,823,223,148,13458,1556,1531,1643,1611,-138,-824,-113,-678,-33,-769,255,-194,-688,25,93,155
5826,1538,-130,-123,161,979,-5754,-5811,-8052,-11,-11,169,22,2,634,13332,811,200,136,13332,1574,1515,1632,1620,-70,-684,-57,-555,0,-647,255,-243,-708,18,89,156
5876,1636,3,-85,40,895,-5571,-5506,-12813,-101,0,184,8,1,635,13374,817,130,139,13374,1539,1510,1653,1627,-125,-674,-102,-551,-60,-591,255,-179,-707,12,81,154
5926,1528,-265,12,58,638,-9477,230,-12935,-99,-18,211,6,0,634,13332,835,102,136,13332,1549,1528,1639,1621,-176,-591,-147,-493,-169,-424,255,-172,-634,10,75,156
5976,631,-154,78,-169,621,-4045,-1844,-15560,-60,3,242,4,0,633,13290,808,49,132,13290,1591,1501,1628,1605,-127,-701,-103,-567,-60,-705,255,-201,-658,5,68,154
6026,1297,365,-88,222,915,-2458,-4346,-17147,-71,31,339,4,1,633,13290,839,99,132,13290,1567,1554,1607,1606,-166,-606,-139,-508,-85,-519,255,-186,-666,4,62,155
6076,1017,260,92,88,1295,-11979,-4468,-21175,-67,35,366,4,0,633,13290,880,198,132,13290,1543,1533,1626,1624,-197,-560,-174,-493,-135,-441,255,-142,-616,5,53,157
6126,517,-821,117,-142,757,776,-1417,-22396,-43,-53,372,4,0,632,13248,882,197,128,13248,1579,1540,1600,1606,-236,-590,-209,-520,-190,-564,255,-142,-612,9,47,157
6176,219,-1048,283,-17,1027,2302,4381,-23922,-2,-64,456,3,0,606,12180,905,262,27,12220,1582,1537,1575,1532,-296,-606,-268,-548,-400,-556,255,-255,-612,10,44,157
6226,402,-428,-1,-26,1168,1325,5418,-31734,-23,-37,603,2,0,605,12140,910,194,20,12140,1489,1456,1643,1615,-275,-499,-250,-454,-365,-458,255,-267,-614,10,39,156
6276,292,18,-53,6,519,-5632,1268,-33809,-13,-5,366,2,0,636,13416,912,175,20,12140,1464,1445,1655,1626,-258,-502,-235,-458,-358,-400,255,-314,-595,6,30,151
6326,551,898,-43,149,1109,-3618,3282,-23311,140,50,16,35,-4,636,13416,919,146,143,13416,1384,1447,1734,1706,-313,-495,-288,-455,-380,-458,255,-334,-603,5,24,157
6376,925,607,10,55,1000,3461,2305,-10189,315,29,35,78,-4,637,13458,918,93,148,13458,1488,1493,1688,1653,-369,-540,-338,-495,-408,-680,255,-302,-567,5,17,153
6426,1090,659,-8,1,1300,17561,230,-8846,479,40,4,113,-3,635,13374,918,107,139,13374,1492,1425,1707,1678,-350,-522,-321,-479,-390,-908,255,-285,-534,7,16,153
6476,1428,540,198,-170,1159,27814,3709,-5428,442,42,0,114,-4,637,13458,942,112,143,13416,1541,1420,1691,1656,-410,-632,-387,-596,-476,-1079,255,-326,-590,9,18,159
6526,3158,830,146,80,744,16340,474,-6649,274,79,2,107,-2,637,13458,951,106,148,13458,1479,1501,1664,1678,-477,-671,-454,-638,-428,-865,255,-374,-570,11,20,155
6576,3379,788,-99,-101,964,7551,-4102,-5306,187,50,2,99,-2,636,13416,956,157,143,13416,1513,1453,1670,1677,-341,-576,-326,-550,-263,-791,255,-293,-525,10,16,157
6626,3113,41,84,-123,1182,8100,-2027,-5123,155,4,0,87,-1,637,13458,953,140,148,13458,1493,1500,1686,1646,-345,-601,-329,-573,-363,-677,255,-305,-495,11,19,155
6676,2939,-42,-70,19,1202,10725,2733,-4329,138,-10,0,78,0,636,13416,975,123,143,13416,1514,1480,1659,1668,-368,-500,-358,-487,-323,-765,255,-295,-453,15,19,156
6726,2570,-811,15,-77,836,19880,-562,-3902,168,-77,-2,79,-1,630,13164,963,65,119,13164,1509,1511,1664,1643,-302,-453,-291,-437,-279,-677,255,-343,-488,16,18,157
6776,3384,-251,-184,-23,717,9199,-2515,-3353,135,-53,-2,87,-1,636,13416,963,39,148,13458,1509,1495,1658,1666,-373,-297,-359,-286,-306,-502,255,-360,-426,16,9,158
6826,3496,-301,-148,-55,758,7368,-4163,-4268,117,-51,-6,86,-1,638,13500,958,62,152,13500,1512,1519,1660,1645,-328,-302,-314,-289,-289,-383,255,-352,-387,16,6,158
6876,3261,-53,-224,20,875,6818,-1844,-2803,154,-36,2,87,-1,637,13458,967,76,152,13500,1507,1508,1655,1663,-414,-188,-400,-182,-340,-400,255,-309,-274,16,-1,156
6926,2682,-1104,202,-241,841,8466,2061,-3597,130,-82,0,78,-1,607,12220,964,30,27,12220,1549,1458,1662,1652,-398,-223,-383,-215,-408,-323,255,-321,-226,18,-3,157
6976,2602,-971,183,-162,1027,9077,1878,-3109,-135,-72,-2,21,0,590,11545,951,-12,0,11663,1542,1392,1613,1598,-359,-79,-341,-75,-407,-135,255,-352,-283,19,-9,156
7026,3257,-623,-107,-48,924,-10209,474,-3597,-271,-67,0,5,0,589,11506,975,1,0,11506,1440,1476,1603,1621,-368,49,-359,48,-323,368,255,-314,-238,21,-20,150
7076,2132,-642,131,-7,1250,-16008,1451,-1339,-172,-50,-2,4,0,603,12060,949,-41,7,12020,1468,1442,1641,1629,-355,188,-337,178,-297,339,255,-325,-113,24,-35,155
7126,1620,3,-160,140,789,2058,-74,675,-97,-23,-175,5,0,602,12020,957,-79,7,12020,1457,1354,1671,1667,-416,169,-398,162,-373,195,255,-379,-65,25,-42,148
7176,2155,-387,160,-75,1005,-7707,-1722,8975,-178,-24,-203,4,-1,603,12060,946,-164,7,12020,1449,1474,1621,1640,-403,231,-382,219,-352,499,255,-408,-84,24,-53,158
7226,1851,-331,-243,80,945,-19731,4503,6656,-136,-60,-186,5,0,602,12020,943,-211,7,12020,1457,1453,1653,1620,-447,391,-422,368,-526,696,255,-366,-2,25,-63,155
7276,921,-73,142,62,1132,-9111,4259,7572,-17,-2,-190,12,-1,604,12100,927,-213,7,12020,1473,1460,1638,1615,-536,272,-497,252,-548,460,255,-381,53,30,-75,152
7326,564,-236,182,-23,650,-4289,1878,8365,122,0,-213,35,-1,605,12140,924,-205,20,12140,1453,1418,1650,1654,-436,263,-403,243,-457,323,255,-406,7,31,-82,152
7376,608,-612,111,0,1424,-2092,8775,10867,157,-50,-282,42,0,612,12423,914,-215,47,12423,1461,1481,1665,1615,-556,337,-508,308,-692,342,255,-376,67,33,-97,154
7426,860,-249,-73,35,1248,593,14573,11478,198,-31,-324,54,0,648,13927,902,-200,192,13927,1464,1492,1700,1665,-510,360,-460,324,-689,349,255,-383,126,36,-104,157
7476,1133,329,-49,-286,1031,6574,3160,14652,212,23,-307,67,0,672,14978,851,-367,284,14933,1554,1542,1695,1678,-464,526,-395,448,-569,245,255,-380,165,39,-117,158
7526,1660,601,-20,-69,1388,17683,6212,13065,1,49,-205,29,0,682,15427,836,-345,327,15427,1639,1532,1686,1625,-549,451,-459,377,-696,237,255,-438,177,39,-123,156
7576,2560,430,-146,220,1467,-5571,11644,8914,-180,40,-108,6,3,709,16673,843,-233,363,15837,1570,1611,1716,1658,-467,575,-393,485,-703,830,255,-371,267,40,-134,159
7626,1760,853,80,94,1131,-20280,6029,3543,-129,80,-69,5,0,709,16673,800,-274,435,16673,1583,1620,1730,1693,-446,583,-357,466,-561,951,255,-394,332,40,-139,155
7676,1083,949,142,112,1357,-11918,2794,3543,-65,94,-27,5,0,710,16720,795,-241,435,16673,1631,1586,1726,1684,-479,761,-381,605,-519,971,255,-350,418,42,-148,156
7726,1073,1002,-70,-56,1432,-11064,-257,2384,-79,87,-29,4,0,710,16720,776,-85,439,16720,1592,1599,1728,1706,-460,704,-357,546,-453,906,255,-345,468,43,-152,156
7776,761,621,-195,50,928,-16313,718,1590,-41,30,-12,5,0,708,16626,760,-45,428,16579,1590,1602,1731,1694,-458,755,-348,574,-501,944,255,-343,535,42,-155,152
7826,355,430,306,134,1446,-3496,4991,-1461,0,60,-16,4,0,708,16626,781,112,432,16626,1602,1591,1737,1692,-481,734,-376,574,-566,871,255,-379,501,42,-157,152
7876,308,660,310,6,1420,-3007,1085,-2254,-31,83,-4,0,0,705,16485,823,268,435,16673,1604,1580,1732,1708,-334,712,-275,586,-320,768,255,-373,499,38,-160,151
7926,354,901,-163,197,1008,-10820,-74,-1339,-58,60,-6,-8,0,707,16579,812,314,428,16579,1580,1591,1735,1707,-282,740,-229,601,-232,874,255,-368,549,35,-161,155
7976,-19,676,-10,109,1067,-14970,-928,-1278,-36,63,-4,-8,0,706,16532,824,354,428,16579,1565,1596,1740,1710,-261,711,-215,586,-243,837,255,-299,479,31,-165,155
8026,-455,557,-210,-166,1194,-383,-2698,-57,-19,33,-4,-9,0,677,15202,842,460,307,15202,1589,1563,1719,1707,-284,612,-239,515,-222,607,255,-256,498,30,-168,155
8076,468,362,-34,25,1049,2790,-4285,-1705,-86,30,-2,-9,0,666,14712,881,570,296,15067,1576,1529,1700,1676,-254,466,-224,411,-179,494,255,-248,479,28,-166,153
8126,909,127,86,7,847,-10270,-3187,-789,-70,26,-2,2,0,664,14623,920,621,255,14623,1521,1554,1694,1678,-165,600,-152,552,-107,813,255,-238,486,26,-168,150
8176,555,9,222,4,1444,-6303,-3004,-789,-34,21,-4,3,0,662,14535,955,670,260,14667,1554,1530,1685,1675,-156,593,-149,567,-67,683,255,-215,506,23,-169,148
8226,174,121,-52,-267,1148,-3251,-4163,-1400,-22,7,-2,3,0,638,13500,980,704,152,13500,1546,1515,1676,1656,-97,466,-95,456,-9,498,255,-210,468,21,-170,150
8276,726,-145,111,100,1009,-2214,-6483,186,0,-2,-4,11,0,637,13458,1032,742,148,13458,1513,1542,1641,1641,-67,463,-69,478,0,520,255,-163,438,16,-171,148
8326,849,-28,-59,25,1185,-6669,-4407,-301,35,-26,-2,22,-4,636,13416,1050,736,143,13416,1505,1512,1666,1647,-65,361,-68,379,-25,406,255,-84,484,15,-169,151
8376,1000,-525,48,82,652,-1542,-4468,552,20,-37,2,19,0,627,13039,1089,733,139,13374,1525,1523,1650,1631,-70,394,-76,429,-17,451,255,-120,480,13,-163,149
8426,774,-99,-97,-3,778,-3007,-867,736,33,-21,0,20,0,593,11663,1136,725,0,11663,1499,1476,1616,1600,-38,418,-43,475,0,409,255,-93,478,12,-162,142
8476,1323,-123,-72,185,627,-5266,-6239,2628,13,-20,-2,20,0,575,10966,1178,650,0,10966,1464,1442,1586,1591,-100,215,-118,253,16,270,255,-70,475,13,-153,151
8526,1082,-930,47,269,1102,-4289,-7764,3482,-45,-71,-2,5,0,573,10890,1197,664,0,10890,1447,1455,1591,1583,-18,181,-22,216,36,261,255,-41,454,13,-146,149
8576,1056,-1038,79,128,701,-8500,1817,1773,-47,-81,-2,6,0,573,10890,1221,504,0,10890,1466,1479,1581,1558,-101,279,-123,340,-111,368,255,-97,430,12,-141,152
8626,909,-1035,-107,65,938,-5388,5357,1407,-48,-102,0,5,0,573,10890,1242,439,0,10890,1468,1445,1583,1578,-80,205,-99,254,-110,246,255,-90,400,11,-137,150
8676,1117,-770,-61,74,1047,166,902,2322,-60,-74,0,6,0,570,10776,1252,359,0,10776,1480,1452,1580,1558,-23,203,-28,255,-60,231,255,-29,395,11,-131,145
8726,1517,-277,35,-42,1161,-7524,2427,1651,-26,-19,0,23,0,570,10776,1297,313,0,10776,1438,1489,1564,1577,-53,181,-69,235,-25,341,255,-13,375,12,-129,149
8776,973,541,-279,-73,473,-810,-928,2689,50,-5,2,30,0,568,10700,1277,220,0,10738,1468,1449,1593,1553,-5,308,-6,393,-39,175,255,17,406,13,-127,142
8826,1461,907,39,-190,965,13410,-6239,1773,128,133,-2,54,9,570,10776,1284,117,0,10776,1468,1463,1585,1546,-58,148,-74,190,54,-81,255,-20,351,15,-124,149
8876,2485,1090,-272,-65,947,13044,-4713,2689,136,143,2,71,14,569,10738,1291,24,0,10738,1438,1458,1614,1548,-69,169,-89,219,25,-34,255,-5,289,18,-119,149
8926,2772,832,47,49,681,12434,-10511,2567,177,162,0,82,15,569,10738,1275,-93,0,10738,1502,1409,1578,1570,-38,123,-48,157,165,-165,255,-56,270,18,-116,150
8976,3247,-146,164,44,692,17683,-13746,1102,77,97,-2,70,16,579,11119,1271,-198,0,11157,1510,1435,1596,1565,0,15,0,20,85,-179,255,-48,186,18,-108,145
9026,3636,-882,-27,215,511,2851,780,2628,-65,-70,0,43,2,602,12020,1261,-304,7,12020,1520,1450,1598,1584,-27,135,-35,170,-68,102,255,-2,218,18,-106,147
9076,3381,-679,-38,49,909,-993,3587,430,-275,-52,0,4,2,603,12060,1251,-347,7,12020,1504,1481,1598,1614,-15,154,-19,192,-9,251,255,-5,251,19,-104,145
9126,3333,-1111,-82,-17,965,-4716,2122,430,-276,-101,0,4,1,603,12060,1217,-437,11,12060,1475,1508,1621,1592,-12,87,-15,106,-63,308,255,-22,227,19,-101,151
9176,2384,-1146,-82,-12,584,-12224,9935,2384,-198,-113,-2,4,1,604,12100,1199,-448,11,12060,1475,1499,1634,1591,-105,112,-126,134,-272,357,255,-36,288,23,-97,157
9226,1371,-695,-24,-40,593,-9294,3465,614,-112,-67,2,4,0,630,13164,1185,-458,119,13164,1489,1511,1611,1599,-47,49,-56,58,-78,234,255,-98,260,24,-93,148
9276,866,-798,59,-31,535,-2702,2916,-728,-63,-61,-2,4,0,639,13543,1151,-525,155,13543,1531,1547,1652,1618,-23,132,-27,153,-78,195,255,-137,207,20,-89,150
9326,358,-609,153,-81,873,-1115,9385,-1583,-21,-40,2,4,0,640,13585,1135,-447,159,13585,1557,1496,1663,1623,-92,208,-105,236,-214,162,255,-160,178,19,-90,153
9376,1028,-155,-39,24,861,7185,1878,1041,-64,-19,0,4,0,643,13713,1133,-418,172,13713,1555,1492,1658,1652,-162,36,-184,41,-168,-67,255,-90,115,19,-89,149
9426,1438,-72,24,197,1320,-261,7005,-362,-92,-4,0,4,0,642,13670,1104,-394,168,13670,1507,1529,1680,1636,-90,48,-99,53,-191,182,255,-108,118,20,-86,147
9476,1191,631,-84,44,943,-1665,4259,-1033,-81,48,-2,4,0,645,13798,1089,-409,179,13798,1530,1522,1665,1650,-86,109,-94,119,-76,153,255,-142,62,18,-88,149
9526,1029,280,97,-62,1248,-871,291,-911,-76,36,-2,4,0,644,13756,1076,-370,175,13756,1524,1519,1668,1649,-67,-22,-72,-24,-59,0,255,-133,72,17,-87,145
9576,1426,322,-41,150,1251,-5937,780,-911,-96,28,2,4,0,645,13798,1058,-343,175,13756,1509,1531,1677,1643,-87,18,-92,19,-59,196,255,-168,15,13,-87,146
9626,951,134,-84,-177,809,-5571,2000,-1644,-84,0,-2,4,0,645,13798,1031,-357,179,13798,1522,1517,1656,1665,-108,39,-111,40,-128,119,255,-146,8,12,-87,149
9676,587,45,38,-103,1360,-871,-1966,-3048,16,-72,2,15,-16,644,13756,998,-392,184,13841,1529,1534,1658,1650,-92,-30,-92,-29,0,-8,255,-128,24,9,-85,146
9726,622,-157,67,-62,719,-4899,-74,-1888,48,-158,0,23,-30,644,13756,982,-413,175,13756,1515,1534,1651,1665,-26,-85,-26,-83,-63,0,255,-74,-8,8,-83,146
9776,297,-426,-77,-87,836,-749,963,-179,67,-236,0,20,-37,642,13670,952,-407,168,13670,1527,1502,1650,1672,-85,-57,-81,-54,-137,-156,255,-60,42,9,-80,149
9826,691,199,-45,109,821,4072,4930,369,177,-216,-2,44,-45,642,13670,932,-400,168,13670,1548,1494,1667,1643,-65,-48,-61,-44,-168,-118,255,-84,7,8,-78,149
9876,808,890,-20,-71,796,16096,7615,-484,114,-153,0,37,-45,641,13628,929,-367,155,13543,1557,1468,1656,1656,-76,-195,-71,-181,-221,-485,255,-61,-62,8,-75,154
9926,1821,958,60,108,1254,11945,7493,-1217,43,-146,-2,38,-46,640,13585,908,-321,159,13585,1515,1514,1661,1654,-133,-221,-121,-200,-213,-366,255,-116,-90,8,-72,159
9976,2281,1204,97,-2,1034,-383,10545,-1339,51,-111,-2,50,-44,639,13543,894,-292,163,13628,1500,1536,1671,1641,-70,-241,-63,-215,-254,-152,255,-108,-155,7,-70,158
10026,1449,969,-76,100,867,3828,5845,-972,212,-89,-2,65,-32,639,13543,872,-290,155,13543,1534,1513,1650,1646,-82,-161,-71,-140,-151,-358,255,-50,-93,7,-69,155
10076,1860,1265,29,55,802,13410,-440,-484,175,-8,4,65,-25,639,13543,855,-318,155,13543,1513,1512,1658,1656,-69,-290,-59,-248,9,-453,255,-40,-126,6,-65,151
10126,2047,488,-161,-13,1016,7307,-4102,-1094,353,-134,-2,106,-32,637,13458,833,-324,148,13458,1488,1549,1633,1669,-17,-238,-14,-198,25,-458,255,29,-98,7,-63,158
10176,1907,122,-135,63,1041,15241,-74,-1156,471,-201,2,125,-39,640,13585,831,-342,155,13543,1520,1513,1655,1653,87,-178,72,-148,8,-636,255,17,-65,5,-60,152
10226,3102,353,231,36,982,31293,7188,552,313,-140,-2,114,-38,638,13500,796,-394,152,13500,1570,1473,1662,1638,50,-263,40,-209,-97,-803,255,5,-116,4,-58,152
10276,4454,792,57,95,947,30500,6029,797,133,-86,-2,101,-32,639,13543,776,-373,155,13543,1594,1448,1651,1642,87,-198,67,-153,0,-599,255,30,-131,2,-56,149
10326,5185,1195,17,124,1246,9687,3282,-850,-353,43,2,18,-12,639,13543,757,-338,155,13543,1552,1462,1668,1655,59,-90,45,-68,108,-117,255,-42,-122,0,-56,151
10376,4679,1077,145,166,1016,-11796,-5567,675,-398,81,-2,1,-6,640,13585,740,-349,155,13543,1509,1520,1647,1663,273,-41,202,-30,400,380,255,-20,-148,-6,-60,155
10426,2699,390,-147,-105,845,-19487,-9351,-423,-254,-6,-2,1,-5,639,13543,725,-370,155,13543,1528,1514,1644,1660,224,120,162,87,383,375,255,40,-66,-9,-64,153
10476,1537,73,-87,-32,1038,-13566,-6177,-911,-142,-2,2,0,0,639,13543,701,-345,152,13500,1522,1524,1649,1644,276,148,193,104,408,357,255,83,8,-13,-67,149
10526,1061,-345,127,34,940,-12468,-8985,1285,-103,-20,0,0,0,640,13585,671,-392,159,13585,1534,1528,1628,1652,269,46,180,31,400,234,255,65,23,-16,-68,149
10576,751,-534,82,10,694,-8378,-9840,369,-65,-34,2,0,0,639,13543,665,-311,155,13543,1544,1495,1643,1659,334,168,222,111,450,246,255,76,9,-21,-71,145
10626,943,-287,-178,86,980,-6547,-5262,675,-109,-45,2,-6,0,638,13500,652,-286,152,13500,1540,1508,1647,1648,379,258,247,168,462,353,255,129,54,-24,-74,151
10676,504,-668,-202,93,1150,-7280,413,125,-78,-80,0,-7,0,639,13543,634,-297,152,13500,1519,1531,1644,1646,332,218,211,138,324,324,255,220,126,-25,-75,150
10726,-271,-1213,159,-98,1021,-810,2977,125,-17,-100,-4,-6,-1,640,13585,609,-315,159,13585,1548,1509,1634,1650,351,193,213,117,332,204,244,207,129,-25,-74,155
10776,-281,-757,105,-153,1104,5354,169,919,-25,-61,-2,-7,0,639,13543,620,-250,155,13543,1555,1479,1648,1657,366,163,227,101,451,130,255,174,51,-27,-75,151
10826,741,-83,-96,179,1040,-3496,-4835,1407,-144,-18,0,-18,0,639,13543,601,-200,155,13543,1533,1505,1640,1659,383,225,230,135,471,303,255,172,9,-28,-77,152
10876,679,38,-52,45,946,-10332,-5384,-423,-192,-3,2,-26,0,639,13543,592,-238,159,13585,1516,1517,1648,1664,421,265,249,156,492,425,244,180,70,-30,-81,150
10926,200,-113,0,16,772,-6181,-2698,-484,-147,-15,0,-25,-1,639,13543,585,-226,155,13543,1555,1500,1638,1650,364,265,213,155,385,343,244,161,85,-31,-82,151
10976,281,78,-14,17,1073,-4716,841,247,-151,1,-4,-25,0,639,13543,573,-131,155,13543,1546,1504,1650,1643,411,230,235,131,359,276,224,167,78,-34,-84,147
11026,492,148,-101,166,1071,-9355,1085,-57,-126,-3,0,-18,-1,640,13585,564,-145,159,13585,1533,1512,1647,1651,386,241,218,135,362,343,244,251,105,-34,-85,153
11076,-43,-15,-69,267,1230,-17,3953,1102,-37,-8,-2,-12,0,639,13543,537,-174,155,13543,1544,1511,1655,1634,374,209,201,112,326,211,204,263,186,-32,-84,150
11126,-540,41,15,-209,1300,7368,1817,2445,-34,4,-2,-13,0,638,13500,516,-236,152,13500,1545,1486,1646,1662,378,177,195,91,407,106,214,211,168,-31,-81,149
11226,566,-355,75,-24,883,-10332,47,-911,-127,-23,2,-13,0,640,13585,509,-217,159,13585,1525,1529,1636,1655,336,72,171,37,393,301,234,232,72,-31,-81,148
11276,-44,-249,112,-26,866,-5205,-4346,308,-74,-10,0,-14,0,638,13500,488,-261,155,13543,1576,1472,1638,1653,407,23,199,11,479,86,234,148,49,-31,-80,148
11326,37,-23,-167,6,1144,1081,-2454,491,-110,8,0,-21,4,639,13543,508,-219,155,13543,1531,1504,1646,1637,312,-72,158,-36,273,0,234,97,6,-32,-79,143
11376,373,405,-127,127,985,-14055,2366,125,-137,25,-2,-22,0,638,13500,468,-210,155,21543,1706,1684,1811,1813,429,102,200,47,400,282,224,132,7,-35,-81,150
11426,-101,323,47,-67,1366,-9904,-3126,-2742,-139,33,0,-27,0,639,13543,485,-6,155,13395,1612,1601,1742,1743,427,-36,207,-17,445,142,244,148,44,-36,-80,151
11476,-88,409,133,-23,682,-2275,1878,-5306,-146,58,2,-30,0,640,13585,448,62,152,10760,1620,1519,1701,1687,241,-208,108,-93,184,-243,234,159,-36,-36,-79,152
11526,-73,293,159,-238,792,-3618,108,-57,-171,63,0,-29,3,640,13585,453,117,159,13237,1451,1503,1660,1669,388,-230,175,-104,404,-9,193,153,-5,-36,-77,149
11576,-422,721,-127,44,931,-10087,-5750,3,-31,52,2,-13,0,640,13585,496,113,155,18968,1641,1628,1754,1772,389,-211,193,-105,457,-204,234,174,-59,-37,-77,152
11626,-414,126,57,-179,1593,-1420,-3858,-2071,17,16,2,-1,0,639,13543,497,290,155,7741,1356,1273,1553,1547,315,-278,157,-138,350,-300,255,169,-44,-37,-75,153
11676,157,455,-98,28,685,532,4197,-1278,-13,-14,-2,0,-7,638,13500,501,232,155,14346,1582,1591,1671,1636,237,-460,119,-230,215,-379,255,116,-103,-36,-70,152
11726,236,790,79,26,1161,-2824,2672,-1339,0,69,2,4,-1,639,13543,480,204,155,14293,1429,1446,1625,1618,324,-455,155,-218,340,-321,244,55,-161,-38,-68,149
11776,-485,513,-156,-55,911,-11613,-10023,491,84,22,0,10,-2,639,13543,558,284,159,10438,1497,1543,1639,1667,218,-551,121,-307,362,-421,255,49,-233,-40,-67,155
11826,-872,-53,43,-19,660,-7585,-2637,-2071,102,-3,0,6,-1,640,13585,544,227,159,15904,1484,1448,1599,1570,290,-505,158,-275,271,-503,255,95,-218,-42,-66,153
11876,-507,-196,104,149,982,11945,1451,5130,90,-17,2,4,-2,638,13500,546,188,155,13941,1588,1498,1636,1656,171,-790,93,-431,98,-1020,255,91,-242,-43,-61,152
11926,583,-476,50,65,795,11457,-379,736,-28,-49,2,2,-2,639,13543,571,222,155,10277,1515,1460,1621,1609,164,-764,93,-436,93,-943,244,112,-286,-43,-57,149
11976,834,-286,-176,176,1055,1936,6334,552,-42,-59,0,2,-2,639,13543,582,179,159,15357,1575,1531,1680,1666,95,-621,55,-361,0,-715,244,205,-292,-40,-54,150
12026,848,-82,-68,263,1205,4499,-1722,1895,-44,-26,-2,1,-2,639,13543,593,205,155,13876,1529,1496,1629,1657,116,-773,69,-458,175,-893,255,239,-243,-37,-49,154
12076,1300,322,74,-19,717,4987,-5201,-667,-70,30,0,9,-2,638,13500,601,171,152,11644,1504,1453,1616,1614,177,-863,106,-518,254,-847,244,180,-292,-33,-42,152
12126,1544,270,9,137,914,-139,-5994,1102,701,24,2,164,0,639,13543,622,166,155,14267,1488,1561,1651,1663,186,-742,115,-461,266,-816,255,172,-298,-32,-38,152
12176,1008,271,-95,-15,1341,35505,-4468,491,825,15,2,180,0,641,13628,632,207,152,11709,1516,1353,1603,1595,90,-999,57,-631,226,-1899,255,184,-319,-28,-31,154
12226,3315,224,147,149,1378,61750,-4285,1468,580,29,0,167,0,640,13585,647,221,159,13389,1509,1413,1587,1599,52,-1168,34,-755,170,-2042,224,103,-415,-26,-24,156
12276,5478,-312,281,-54,699,19147,-4163,2506,291,5,2,155,-1,640,13585,654,183,155,13946,1581,1596,1700,1701,61,-973,40,-636,8,-1133,244,7,-505,-26,-18,151
12326,5113,-283,92,-99,982,6757,6517,-2010,-141,-18,0,64,0,639,13543,663,225,155,11386,1422,1329,1596,1558,128,-792,85,-525,-8,-850,255,-28,-539,-27,-18,153
12376,4231,-325,-141,38,834,2119,3648,-179,-186,-54,0,37,-1,639,13543,675,214,152,13308,1534,1418,1613,1612,40,-590,27,-398,-47,-660,255,-17,-516,-29,-20,154
12426,3723,-148,-64,67,1089,-9233,8470,-1522,-329,-22,0,0,0,639,13543,681,144,155,15897,1526,1518,1684,1657,46,-531,31,-362,-118,-290,255,-8,-457,-29,-21,154
12476,2513,303,-25,63,840,-17839,4625,-1339,-223,18,0,0,0,639,13543,683,105,155,13514,1578,1555,1697,1711,41,-450,28,-307,-25,-145,244,-47,-411,-31,-23,152
12526,1199,462,101,-64,903,-10576,-1844,-1583,-118,46,0,0,-1,639,13543,691,150,155,11605,1528,1457,1651,1652,9,-458,6,-316,-16,-328,255,-34,-409,-32,-25,153
12576,156,429,-63,179,1008,-2580,1634,-484,0,27,0,0,0,638,13500,705,107,155,15844,1639,1588,1725,1723,-54,-606,-38,-427,-17,-498,255,10,-327,-31,-26,149
12626,739,656,158,141,1129,-261,-4346,-1217,-60,39,2,-1,-6,639,13543,695,132,155,13700,1538,1482,1661,1669,-14,-460,-9,-320,59,-400,255,-38,-356,-31,-26,153
12676,512,227,50,147,912,-8256,-1844,-484,-36,-18,2,0,-9,638,13500,702,139,155,11980,1490,1463,1625,1638,31,-394,22,-276,-29,-281,255,-30,-364,-32,-28,151
12726,215,297,84,92,968,-1542,3465,-1217,-10,-102,0,0,-27,640,13585,707,141,159,14624,1576,1526,1688,1692,-21,-384,-15,-272,-144,-370,255,-42,-349,-32,-29,155
12776,-65,252,-174,-16,987,-1115,11278,-1461,28,-171,-2,4,-34,640,13585,714,154,159,12797,1530,1490,1670,1657,-84,-340,-60,-243,-292,-395,255,15,-306,-31,-31,158
12826,9,789,-204,87,1000,2973,10179,-1094,16,-97,0,1,-28,638,13500,733,180,152,11453,1539,1517,1667,1664,-151,-430,-111,-315,-290,-444,255,-9,-273,-28,-30,155
12876,742,1218,94,-123,1164,-1298,4991,-2620,-77,-25,2,0,-27,640,13585,760,240,155,10128,1406,1393,1578,1586,-47,-417,-36,-317,-59,-354,255,-34,-352,-28,-31,157
12926,1004,1232,-158,-83,727,-6486,2122,-667,-103,-17,2,0,-20,683,15472,740,62,332,21543,1705,1713,1794,1807,-18,-468,-13,-346,0,-306,255,5,-344,-28,-32,153
12976,909,728,63,-28,1301,-5876,4991,-2864,-89,-9,2,0,-15,709,16673,754,126,435,19660,1685,1696,1815,1817,57,-286,43,-216,0,-96,255,-17,-363,-28,-34,149
13026,-103,674,-253,-243,1187,-8623,2061,-4512,-18,-42,-2,0,-16,709,16673,763,403,435,8056,1466,1409,1662,1668,25,-226,19,-173,-17,-215,255,19,-334,-28,-38,156
13076,224,736,-101,228,994,1813,-318,736,10,-31,0,1,-17,710,16720,788,420,432,15854,1640,1570,1684,1683,12,-455,9,-359,17,-385,255,31,-339,-28,-40,147
13126,441,757,53,141,925,-8073,-3919,-2437,-30,-8,2,0,-16,709,16673,813,443,435,12417,1557,1548,1705,1729,-15,-278,-12,-226,19,-126,255,43,-330,-28,-41,152
13176,-202,417,122,5,1255,-9843,-2027,-1278,35,-63,2,4,-22,709,16673,836,461,432,14683,1527,1473,1636,1685,-12,-210,-10,-175,29,-254,255,0,-273,-27,-43,152
13226,-676,-266,191,-132,993,11945,3038,308,338,-208,2,57,-40,710,16720,871,439,439,17260,1570,1583,1725,1703,158,-308,138,-268,0,-502,255,-11,-329,-29,-45,156
13276,444,575,-175,256,1126,19270,13231,-2498,407,-179,0,83,-41,709,16673,877,514,439,10425,1444,1360,1616,1601,22,-341,19,-299,-202,-710,255,69,-240,-29,-46,158
13326,1265,703,129,91,778,26777,10423,1590,326,-103,0,83,-35,670,14889,919,484,280,5543,1548,1491,1648,1646,56,-354,51,-325,-108,-733,255,28,-320,-29,-45,154
13376,2113,1091,75,69,816,13349,6395,247,248,-81,-2,84,-37,638,13500,943,377,199,11509,1351,1238,1515,1462,91,-384,86,-362,17,-733,255,77,-329,-29,-46,151
13426,3351,1473,74,170,333,22871,1024,3787,0,0,0,48,-30,639,13543,962,252,155,14095,1625,1469,1653,1626,106,-222,102,-214,102,-563,255,88,-319,-29,-47,151
13476,3690,1590,137,-47,668,1997,-623,675,-268,33,0,13,-25,639,13543,961,160,155,14896,1585,1566,1710,1695,280,-261,269,-250,204,110,255,105,-297,-32,-47,154
13526,2502,1147,58,256,928,-18937,-3065,-362,-186,-15,2,3,-25,602,12020,984,180,7,5543,1391,1418,1608,1623,240,-82,236,-81,265,283,255,106,-228,-34,-50,152
13576,1078,1072,-31,-69,889,-17778,963,4031,-97,-37,-43,2,-25,602,12020,968,63,7,13733,1594,1555,1642,1625,234,-29,227,-28,245,135,255,120,-198,-37,-54,152
13626,185,1542,33,-112,707,-2031,-8863,4154,-19,13,6,2,-26,603,12060,959,-34,11,15562,1638,1578,1700,1743,223,-45,214,-43,391,-71,255,181,-187,-39,-58,151
13676,437,1647,-182,-7,1074,9321,-7581,-3170,-18,-6,6,3,-27,602,12020,957,2,7,12219,1551,1473,1670,1687,451,100,431,96,583,-87,255,304,-121,-42,-62,148
13726,1056,1138,-149,316,1225,3767,-5384,-240,-52,-58,0,2,-30,602,12020,959,11,7,11827,1515,1511,1663,1682,359,-167,344,-160,434,-161,255,321,-82,-43,-61,154
13776,486,241,214,-89,926,-10026,1695,-1156,-43,-99,2,2,-28,603,12060,967,-44,7,15125,1540,1545,1690,1717,413,17,399,16,374,153,255,272,-133,-45,-62,149
13826,-39,89,163,-190,930,-4228,3648,-2437,-5,-94,4,2,-23,603,12060,953,-30,11,13571,1564,1433,1682,1658,454,128,433,122,323,17,255,308,-122,-48,-67,149
13876,877,842,-137,161,967,6269,4991,-1705,-44,-32,2,2,-18,602,12020,966,10,7,12628,1538,1438,1651,1657,442,12,427,12,381,-42,255,352,-23,-49,-69,146
13926,1213,952,-45,17,840,166,780,-2193,-95,19,4,2,-11,602,12020,970,10,7,11495,1540,1522,1698,1692,409,32,397,31,405,162,255,357,-65,-50,-69,142
13976,1024,945,-33,47,1313,-11308,-4285,491,-85,48,2,1,-6,603,12060,975,4,11,13780,1534,1484,1642,1678,531,140,518,136,650,242,255,431,-32,-51,-73,147
14026,610,-31,137,168,1239,-1481,-6788,-667,-37,-16,2,0,-5,603,12060,950,-38,11,16342,1570,1517,1686,1709,531,105,504,100,619,152,255,407,-14,-53,-75,150
14076,-241,-134,-81,-102,984,471,2977,-1705,7,-46,4,0,-4,603,12060,964,-53,7,16543,1580,1529,1712,1691,582,149,561,144,475,84,255,475,-19,-57,-79,146
14126,-586,-105,-116,175,1165,-17,2794,-3170,53,-38,4,-2,-3,602,12020,976,0,7,13136,1530,1535,1703,1716,580,23,567,23,572,67,255,470,34,-58,-80,144
14176,30,267,75,127,883,1813,1268,-1156,-8,14,2,-4,-3,603,12060,959,24,7,13871,1517,1491,1645,1643,587,93,563,89,571,127,255,497,11,-60,-83,140
14226,160,488,-81,128,899,-5510,-196,-484,-23,23,2,-4,-2,604,12100,954,8,15,14860,1538,1526,1672,1684,570,29,544,28,612,117,255,503,32,-61,-83,143
14276,219,423,82,-41,782,-4167,-5262,-57,-44,43,2,-3,-1,603,12060,946,-4,7,13587,1576,1556,1691,1727,667,58,631,55,763,215,255,549,44,-64,-84,142
14326,-49,-373,-75,137,1017,-9782,-9107,1041,-7,-47,0,-4,-2,602,12020,954,1,7,12399,1531,1533,1670,1689,703,123,671,118,753,237,255,618,95,-65,-85,147
14376,-354,-261,-166,178,1124,-9599,-135,1041,22,-41,0,-4,0,603,12060,964,58,7,10058,1511,1504,1676,1687,699,138,674,133,710,231,255,531,83,-67,-86,148
14426,-478,162,62,-255,735,1874,-2088,491,-11,20,2,-4,0,603,12060,968,79,11,9757,1468,1440,1589,1615,657,46,636,44,699,48,255,543,36,-69,-86,141
14476,-491,81,116,-131,719,4926,-7154,858,139,23,0,22,0,602,12020,973,-9,11,17908,1623,1616,1703,1731,638,-8,621,-8,805,17,255,606,37,-70,-85,142
14526,-282,-355,-109,-11,993,-2214,-9107,-606,302,-38,0,55,0,602,12020,977,24,7,11066,1487,1487,1611,1676,644,196,629,192,783,81,255,706,89,-70,-87,148
14576,-511,-910,-111,-131,655,12983,-5872,-179,369,-95,0,67,0,602,12020,957,-64,11,15844,1687,1652,1762,1783,828,179,793,172,867,-194,255,711,177,-71,-86,154
14626,578,-612,35,267,1095,19636,1512,-1217,295,-51,-2,62,0,603,12060,967,20,11,12032,1568,1473,1685,1684,779,154,753,148,763,-212,255,670,187,-73,-85,151
14676,1694,54,54,-137,1165,21894,-2027,1407,-107,14,0,9,0,604,12100,979,48,7,13026,1486,1269,1558,1597,741,-16,726,-15,774,-229,255,681,98,-73,-82,147
14726,2551,-161,-11,218,878,-4716,-4591,3116,-204,-13,0,0,0,603,12060,968,-15,11,15509,1540,1617,1661,1710,723,88,700,85,829,351,255,701,82,-73,-81,148
14776,1512,160,-190,-98,1306,-27971,-1234,-2376,-151,7,-2,0,1,602,12020,970,1,11,14655,1535,1557,1680,1710,795,276,771,268,840,569,255,722,194,-74,-83,151
14826,583,284,3,103,912,-383,-3614,1468,-44,27,0,0,0,602,12020,983,46,7,11795,1564,1471,1631,1670,603,243,593,239,699,181,255,674,211,-73,-84,142
14876,1217,118,60,178,788,6940,-6971,858,-79,17,0,0,0,602,12020,975,-28,15,15391,1621,1570,1712,1723,713,60,695,58,805,67,255,672,131,-74,-83,142
14926,1799,62,-34,-30,1472,-6120,-745,-57,-165,3,-2,0,0,603,12060,972,-22,11,14149,1518,1483,1653,1679,765,298,743,289,778,410,255,707,128,-75,-85,147
14976,1290,83,-54,-74,1180,-8500,-74,-1522,-125,2,-2,0,0,602,12020,975,17,7,12696,1546,1527,1654,1673,718,210,700,205,755,305,255,675,209,-76,-86,146
15026,1006,383,-95,37,845,-6364,-623,3,-87,22,-2,0,0,603,12060,970,12,11,13180,1528,1504,1633,1661,728,179,706,174,735,284,255,683,207,-76,-86,143
15076,1064,189,36,29,855,-2641,-4041,2628,-92,22,-4,0,0,602,12020,979,-17,4,14587,1587,1516,1651,1699,756,199,740,194,763,229,255,720,194,-76,-87,146
15126,1321,139,-48,92,1407,-1054,-623,736,-114,9,0,0,0,602,12020,984,36,7,11399,1478,1430,1596,1609,668,301,657,296,659,316,255,694,236,-76,-88,144
15176,895,421,44,-32,896,-2153,4930,552,-84,40,-2,0,0,603,12060,979,18,11,14088,1560,1519,1661,1674,701,306,686,300,663,331,255,659,281,-76,-89,144
15226,629,297,-43,-44,793,227,-1356,1285,-61,24,0,0,0,603,12060,995,4,11,14659,1612,1549,1688,1734,675,265,671,264,696,220,255,689,277,-76,-88,143
15276,389,138,-134,-149,855,1691,-3980,-1094,-48,-5,0,0,0,603,12060,969,38,7,9269,1510,1462,1606,1648,751,304,728,295,728,254,255,749,314,-76,-87,146
15326,459,1,5,167,1252,1203,4075,2445,-26,-4,-2,0,0,602,12020,989,70,7,10817,1432,1432,1530,1565,675,215,667,212,607,240,255,791,356,-74,-85,141
15376,-122,-143,-48,15,1061,-1359,7188,3360,11,-24,0,0,0,602,12020,980,-11,11,17892,1634,1593,1695,1722,662,232,648,227,574,185,255,783,370,-70,-82,148
15426,-146,-597,245,-43,793,8405,5479,1712,14,-28,0,0,0,603,12060,996,45,11,10799,1491,1419,1585,1608,594,161,592,160,521,35,255,780,353,-68,-80,145
15476,-147,-287,167,37,978,7490,4991,2811,27,-10,0,1,0,602,12020,990,-19,7,15498,1598,1538,1651,1654,622,156,615,155,560,186,255,694,319,-66,-76,145
15526,-139,15,221,-30,1147,959,4930,2689,17,18,0,1,0,602,12020,1002,7,7,13905,1518,1503,1622,1649,675,277,676,278,654,322,255,682,309,-66,-75,142
15576,-121,397,90,-47,1029,1630,47,2322,10,40,0,0,0,603,12060,1024,73,11,13487,1485,1397,1559,1578,647,286,663,293,679,246,255,650,253,-66,-76,143
15626,448,634,-58,-36,1048,1386,-3492,2628,-39,52,0,0,0,603,12060,982,-34,11,17894,1659,1630,1730,1739,687,266,674,262,721,305,255,650,230,-66,-76,147
15676,511,603,-45,73,1304,-6303,-74,675,-39,50,0,0,0,603,12060,992,-38,11,14876,1614,1610,1720,1729,691,328,685,325,674,469,255,687,248,-67,-78,144
15726,67,279,18,-67,856,-5021,718,1346,-12,30,-2,0,0,602,12020,995,-29,7,13070,1556,1544,1658,1677,631,221,628,220,659,333,255,691,244,-65,-78,143
15776,-37,440,178,105,731,-1542,-4102,2139,24,68,2,1,0,604,12100,980,-40,7,14780,1601,1530,1674,1688,704,305,690,299,813,332,244,600,228,-67,-80,145
15826,485,964,-240,67,1038,-932,-10023,2139,-33,63,2,0,0,602,12020,980,19,7,12785,1512,1482,1623,1649,773,378,757,370,898,427,244,620,209,-69,-82,146
15876,331,149,-236,180,1129,-10698,-7520,1773,-14,-4,0,0,0,602,12020,984,19,7,12978,1562,1574,1655,1690,714,315,702,310,761,453,255,702,311,-69,-83,148
15926,-742,-702,271,-59,832,-3374,3465,736,53,-31,-2,0,0,603,12060,981,-1,11,13710,1622,1578,1698,1714,682,309,669,303,650,291,255,695,347,-68,-82,147
15976,-595,-377,160,-181,884,11579,1573,-1339,33,-15,2,0,0,603,12060,981,-7,11,15348,1576,1495,1640,1645,649,272,637,267,681,93,255,607,272,-69,-82,148
16026,599,481,-136,150,1058,6513,-3614,-667,-36,31,0,0,0,603,12060,978,45,11,11090,1515,1516,1628,1649,639,292,625,286,711,306,255,585,203,-70,-83,147
16076,874,482,-115,247,1163,-16191,-4652,980,-67,38,0,0,0,603,12060,1006,123,11,8295,1411,1466,1568,1597,702,428,706,431,692,653,255,658,276,-71,-85,149
16126,23,157,-5,139,864,-10881,963,2445,9,12,0,0,0,602,12020,1002,36,7,15350,1623,1566,1680,1690,710,430,712,431,662,432,255,729,322,-70,-86,141
16176,95,303,-54,131,953,5537,2672,1346,4,19,0,0,0,601,11980,996,2,11,13802,1573,1486,1645,1663,747,289,744,287,646,170,255,706,328,-70,-87,140
16226,1273,453,-41,237,1036,-4777,2733,1102,-92,38,0,0,0,603,12060,995,-2,11,13500,1567,1548,1661,1687,692,418,688,416,654,478,255,731,327,-70,-88,147
16276,1096,413,-15,268,1169,-7646,3343,1224,-74,33,0,0,0,602,12020,997,-9,11,15024,1543,1520,1658,1652,659,411,657,409,611,466,255,739,409,-68,-88,147
16326,681,613,-111,-102,771,349,5235,1895,-73,37,-2,0,0,603,12060,1006,6,11,13620,1601,1555,1709,1693,673,292,677,294,570,289,255,709,406,-68,-86,146
16376,800,872,-182,94,1178,-3312,2489,-1766,-64,60,0,0,0,604,12100,1007,53,11,10412,1510,1498,1612,1615,729,350,734,353,680,437,255,767,378,-67,-85,148
16426,605,581,114,74,919,-13383,3221,1102,-51,66,2,0,0,602,12020,990,-10,7,14126,1583,1565,1683,1679,718,329,711,325,666,461,255,830,405,-66,-84,145
16476,242,805,-88,121,1149,-1115,4503,1956,-11,65,0,0,0,602,12020,978,-36,11,14521,1594,1545,1683,1657,670,363,655,355,602,313,255,857,443,-61,-82,147
16526,635,1141,13,193,1217,5170,2916,1895,-38,101,-2,0,0,602,12020,971,-19,7,13954,1523,1471,1634,1611,738,247,716,240,684,230,255,821,432,-59,-78,147
16576,698,739,-195,234,1117,-7707,-1722,1407,-44,52,0,0,0,603,12060,988,-2,11,14373,1586,1595,1704,1683,696,173,688,170,738,305,255,835,392,-56,-74,148
16626,304,1091,-229,199,1320,-3984,1268,1834,-10,75,-2,0,0,603,12060,998,101,11,9598,1452,1415,1591,1584,609,132,607,132,633,217,255,791,366,-54,-71,149
16676,692,1144,76,-129,1034,654,-6971,552,-74,112,-2,0,0,603,12060,989,70,11,12013,1457,1397,1528,1539,683,89,675,88,854,165,255,721,240,-52,-68,145
16726,1175,793,53,39,879,-5388,-8558,2078,-99,77,0,0,0,602,12020,989,6,7,14967,1575,1580,1652,1657,787,102,779,101,919,297,255,730,220,-52,-66,143
16776,674,-71,-44,-46,847,-9843,-5933,1895,-66,-12,-2,0,0,602,12020,1008,10,15,14553,1553,1521,1635,1659,744,120,750,120,760,253,255,745,190,-53,-65,149
16826,500,-470,93,51,884,-2702,-1844,1041,-39,-37,-2,0,-1,601,11980,992,-20,4,14812,1554,1489,1633,1622,755,162,749,160,698,126,255,786,208,-53,-65,148
16876,471,-425,-171,101,1216,-1237,2489,1407,-30,-53,0,0,0,603,12060,989,-5,11,12713,1552,1525,1672,1667,699,99,692,98,675,101,255,850,225,-50,-62,147
16926,413,127,-180,198,1262,-2519,-2210,430,142,64,0,32,13,602,12020,994,0,7,13986,1492,1523,1618,1629,598,2,594,2,700,98,255,819,234,-47,-59,142
16976,641,206,78,-65,861,4621,-9351,614,101,129,-2,32,19,602,12020,980,-12,11,14323,1586,1561,1646,1677,663,-28,650,-27,878,-110,255,733,130,-45,-55,149
17026,1138,-272,-7,125,1174,6269,-12647,614,72,43,2,32,12,602,12020,985,17,7,10056,1504,1429,1572,1626,689,17,679,17,854,-87,255,736,104,-44,-53,145
17076,1168,-418,111,-1,793,4194,-3126,-57,12,-21,0,23,0,602,12020,1000,59,7,12116,1540,1517,1646,1635,628,-39,628,-39,679,-48,255,752,53,-42,-50,145
17126,1331,-120,-252,10,890,-2519,2672,797,-3,-36,-2,23,0,603,12060,988,-2,11,13158,1573,1566,1666,1672,670,-85,661,-84,670,0,255,772,24,-41,-49,145
17176,1244,576,-128,-32,980,2790,-1844,614,2,45,0,23,1,604,12100,1003,12,11,14384,1579,1532,1653,1661,614,-124,616,-124,734,-119,255,749,26,-37,-46,148
17226,1406,961,-174,132,1205,1325,-8680,980,1,78,0,23,0,602,12020,996,1,7,13976,1499,1500,1594,1637,534,-110,532,-110,745,-80,255,722,14,-35,-44,145
17276,1878,869,122,98,943,-2031,-10084,1224,-42,98,0,23,0,604,12100,990,-16,7,14640,1568,1548,1651,1674,639,-143,632,-141,793,-17,255,653,14,-33,-41,149
17326,1632,710,59,6,915,-871,-9779,186,-36,81,0,21,1,602,12020,980,-33,7,13472,1555,1504,1646,1681,601,-144,589,-141,764,-125,255,610,-62,-33,-39,146
17376,1240,252,-98,-10,1051,410,-4591,64,-10,14,-2,20,0,603,12060,972,15,15,11463,1531,1507,1623,1632,627,-222,609,-216,651,-300,255,619,-106,-32,-37,150
17426,1327,233,-81,-6,1066,3767,-2393,-1033,-31,571,0,17,111,603,12060,991,0,11,14992,1607,1544,1699,1683,495,-108,491,-107,636,-271,255,557,-104,-31,-37,154
17476,1704,105,-158,-80,1160,3645,-31873,-1583,-37,489,0,23,96,602,12020,996,63,7,11580,1453,1419,1532,1650,565,-277,563,-276,1173,-351,255,511,-148,-32,-34,157
17526,1440,-1927,-105,2,806,-1787,-30897,125,17,334,0,29,101,603,12060,990,22,11,13636,1529,1506,1653,1633,575,-266,569,-264,925,-278,255,554,-146,-32,-32,155
17576,954,-3194,-133,-3,1099,959,-9473,-1278,60,241,0,29,106,603,12060,998,12,7,14079,1541,1502,1634,1623,434,-159,433,-159,553,-298,255,550,-143,-30,-31,154
17626,836,-3147,-105,15,902,6208,-11915,-606,70,223,0,28,102,602,12020,1000,-21,7,13718,1629,1570,1702,1716,321,-249,321,-249,493,-408,255,509,-131,-27,-30,156
17676,1639,-3091,-70,148,1024,6940,-11488,-57,-6,201,0,24,95,602,12020,994,-7,7,13717,1521,1485,1627,1627,225,-347,224,-345,443,-375,255,466,-136,-22,-27,154
17726,1892,-2923,-83,99,761,-4045,-9290,-972,-32,163,0,24,86,602,12020,992,-100,7,20624,1640,1648,1735,1742,186,-356,184,-353,339,-254,255,404,-132,-19,-24,156
17776,1493,-2756,-16,4,1017,-3251,-10389,64,0,122,0,26,72,601,11980,978,-18,11,13297,1586,1586,1717,1726,25,-287,24,-281,136,-281,255,316,-167,-13,-20,151
17826,1215,-2457,-71,25,1530,3522,-4713,-1705,76,72,0,36,58,601,11980,977,52,4,15046,1333,1334,1529,1562,-49,-401,-48,-392,40,-432,255,220,-217,-9,-18,151
17876,454,-2516,100,-56,838,10847,-1234,491,178,-42,0,44,33,602,12020,982,-10,7,14786,1603,1633,1666,1712,-7,-393,-7,-386,-117,-390,255,52,-321,-7,-16,151
17926,416,-1869,15,-123,768,-627,9385,-4390,251,-103,0,61,13,604,12100,978,47,15,10833,1530,1455,1665,1620,-247,-238,-242,-232,-513,-401,255,36,-283,-4,-17,156
17976,1350,-465,-79,178,1054,11091,12498,-972,146,1,0,49,11,604,12100,997,72,7,10764,1561,1450,1639,1651,-365,-398,-364,-397,-458,-577,255,-52,-246,2,-15,154
18026,1876,-601,76,240,697,6635,-623,1529,135,-73,0,53,-6,602,12020,1003,54,7,14128,1539,1557,1671,1671,-277,-417,-278,-418,-353,-402,255,-82,-275,6,-13,153
18076,1581,-35,-124,-35,1018,-3862,11033,-57,146,-71,0,58,-10,602,12020,987,86,7,10282,1452,1422,1639,1576,-421,-183,-415,-181,-679,-322,255,-115,-232,12,-13,158
18126,1626,1022,-211,-36,700,12128,10301,1102,78,-4,0,44,-12,602,12020,1011,71,7,12682,1518,1414,1611,1593,-449,-237,-455,-239,-606,-515,255,-110,-207,17,-13,158
18176,2736,1301,-101,143,841,7001,1756,125,-8,-3,0,42,-21,602,12020,1015,6,15,14284,1612,1568,1680,1696,-582,-372,-591,-377,-646,-365,255,-238,-235,26,-10,155
18226,2579,573,185,200,1177,-444,8348,-850,40,-149,0,50,-42,602,12020,1023,0,7,16682,1500,1501,1653,1637,-578,-274,-591,-281,-817,-195,255,-310,-226,30,-9,155
18276,1636,853,32,-99,750,8527,24705,614,89,-244,0,49,-62,602,12020,999,10,11,13319,1543,1500,1666,1635,-707,-152,-707,-152,-1176,-409,255,-435,-269,35,-10,156
18326,2039,2162,-214,93,1045,15424,22203,491,68,-213,0,46,-75,603,12060,988,-23,11,14108,1525,1417,1619,1586,-758,-323,-749,-319,-1166,-672,255,-452,-200,39,-10,161
18376,3169,2466,123,105,713,4133,21531,2384,-46,-209,0,43,-87,603,12060,987,-55,11,14482,1527,1561,1655,1659,-765,-319,-755,-315,-1107,-272,255,-571,-273,43,-8,160
18426,2166,3084,82,-149,954,-8134,22874,-606,58,-241,0,54,-102,603,12060,994,-26,11,13102,1585,1481,1682,1624,-653,-43,-649,-43,-1089,-126,255,-550,-204,45,-10,160
18476,2431,3785,31,142,1068,9748,19151,369,-13,-165,0,37,-99,603,12060,999,-14,7,12688,1570,1464,1643,1639,-751,-224,-751,-224,-1021,-399,255,-631,-162,49,-10,159
18526,2793,3452,114,-92,967,4560,13841,552,-36,-272,0,44,-117,602,12020,989,-45,7,15399,1555,1555,1689,1660,-703,-224,-695,-221,-983,-165,255,-662,-199,50,-9,158
18576,2617,3848,-118,196,1075,-139,18175,-850,-26,-280,0,37,-120,602,12020,1011,12,15,13219,1534,1456,1666,1613,-714,-20,-722,-20,-1098,-88,255,-636,-103,51,-12,161
18626,2517,3876,111,177,892,4560,20433,614,-77,-243,0,24,-118,603,12060,998,-19,11,14242,1633,1573,1730,1694,-704,-66,-702,-66,-1081,-127,255,-653,-98,52,-11,158
18676,2340,4497,-163,127,1353,-5571,16832,-1400,-63,-210,0,27,-118,603,12060,1007,27,7,14852,1460,1408,1626,1565,-661,83,-666,84,-920,146,255,-556,-19,54,-12,158
18726,2227,4118,-131,101,905,-7524,12254,186,-149,-159,0,8,-101,602,12020,997,-16,7,14921,1584,1567,1691,1683,-558,-13,-557,-13,-708,161,255,-543,4,55,-12,155
18776,1456,4046,-116,-53,676,-8867,5174,-1400,-105,-204,0,7,-109,602,12020,1008,21,7,13384,1576,1569,1687,1685,-536,74,-541,74,-667,256,255,-567,-15,55,-12,156
18826,667,3816,-113,-185,648,-13811,13841,-1461,-59,-181,0,6,-99,603,12060,1016,53,11,11615,1517,1456,1654,1592,-457,134,-464,136,-728,194,255,-465,19,54,-14,158
18876,-240,3609,-8,-77,1024,-6547,7860,-362,-5,-126,0,-3,-88,604,12100,1011,22,11,14409,1591,1564,1652,1694,-484,26,-490,26,-491,127,255,-504,46,54,-14,152
18926,-179,3111,203,-40,1044,-6181,1512,-57,13,-195,0,0,-98,602,12020,1016,26,7,13781,1524,1480,1632,1610,-335,70,-340,71,-407,152,255,-495,11,52,-14,150
18976,180,2368,176,-12,957,776,12071,1163,25,-245,0,8,-94,603,12060,1002,15,11,13445,1519,1479,1631,1635,-354,105,-355,105,-585,9,255,-449,-30,49,-16,150
19026,293,2198,-3,14,1239,3828,10789,-728,32,-237,0,11,-85,602,12020,1008,38,7,11009,1490,1401,1580,1555,-215,80,-217,81,-422,-35,255,-410,14,47,-16,149
19076,341,2592,-118,41,1026,1630,10789,369,-3,-214,0,4,-85,602,12020,1015,20,11,13641,1549,1547,1663,1666,-199,6,-202,6,-315,85,255,-419,5,43,-16,146
19126,344,2810,127,-129,1045,-4350,8653,-1278,5,-140,0,10,-79,602,12020,1042,44,7,13407,1540,1471,1668,1651,-159,98,-165,102,-254,147,255,-396,-17,40,-17,154
19176,408,2792,47,-4,907,9077,4564,-667,29,-124,0,12,-75,602,12020,1018,-1,7,12784,1574,1491,1656,1649,25,-55,25,-56,-34,-145,255,-250,-75,34,-18,146
19226,995,2223,-43,-43,1416,1936,3221,-911,22,-38,0,22,-46,603,12060,1033,54,11,14095,1507,1502,1663,1614,70,-34,72,-35,0,0,255,-157,-101,30,-19,145
19276,1171,2024,-36,154,1259,-9416,4503,-972,7,-1,0,20,-35,602,12020,1016,47,7,11490,1483,1469,1607,1594,96,102,98,104,101,236,255,-158,-47,26,-23,147
19326,694,1728,64,-116,1121,1691,-2882,-606,23,-19,0,19,-36,603,12060,1015,49,11,12487,1505,1460,1599,1600,186,3,189,4,247,0,255,-115,-39,21,-23,145
19376,515,1224,6,-17,789,-1787,-3248,858,19,0,0,13,-22,603,12060,1016,47,7,12891,1536,1541,1671,1646,316,65,321,66,369,204,255,1,-21,15,-24,140
19426,518,1001,21,35,1160,-8134,-318,-423,3,76,0,9,-2,602,12020,1023,47,7,14494,1544,1496,1666,1628,420,144,430,148,477,264,255,52,0,10,-26,140
19476,416,1145,-209,92,883,1142,-2637,3,7,101,0,6,4,602,12020,996,-6,11,14832,1498,1514,1640,1615,516,70,514,70,619,135,255,148,-67,2,-28,138
19526,644,494,103,-120,1153,-1970,-6300,-606,30,185,0,19,25,602,12020,1008,-22,7,16618,1526,1511,1651,1622,552,-5,557,-5,707,8,255,232,-59,-2,-29,146
19576,1058,189,-157,215,1311,1874,-14112,369,34,219,0,22,41,602,12020,998,23,11,13130,1519,1534,1668,1666,710,70,708,70,1002,59,255,299,-64,-9,-31,147
19626,892,-714,107,-156,828,-2763,-16798,-484,-5,209,0,18,50,604,12100,1001,27,15,11477,1455,1468,1589,1585,651,-74,652,-74,948,0,255,364,-77,-13,-32,150
19676,602,-1358,63,-87,1204,-1115,-19117,-362,30,248,0,18,71,602,12020,1008,33,7,16081,1566,1529,1629,1645,754,3,760,3,1161,19,255,456,-31,-20,-32,147
19726,471,-1699,38,120,1189,-7280,-24488,919,16,268,0,10,81,603,12060,993,-33,11,16246,1494,1522,1635,1617,879,11,873,11,1296,136,255,514,-6,-25,-33,149
19776,195,-2187,-174,24,1214,-3862,-19178,64,27,282,0,8,96,604,12100,993,-40,4,14161,1608,1569,1698,1686,853,27,847,27,1184,-42,255,551,10,-31,-34,147
19826,412,-2432,131,-132,931,7368,-19788,-57,10,283,0,11,95,603,12060,992,34,11,10890,1550,1535,1668,1676,828,-166,822,-165,1198,-224,255,547,-89,-35,-34,154
19876,807,-2971,179,-167,901,6330,-21558,675,41,278,0,25,102,603,12060,999,14,15,15223,1598,1499,1650,1662,879,-90,878,-90,1324,-236,255,624,-71,-40,-33,153
19926,1097,-3526,-152,4,906,2851,-26929,2445,9,274,0,21,118,603,12060,1002,-6,11,14453,1564,1568,1664,1682,828,-28,829,-28,1282,-45,255,666,-47,-42,-34,152
19976,830,-4037,104,7,1247,-5876,-23328,-118,16,273,0,18,122,603,12060,984,-1,11,14730,1594,1568,1695,1710,929,7,914,7,1320,25,255,674,-12,-47,-35,147
20026,634,-4077,-12,2,630,3095,-22840,1651,6,280,0,12,127,603,12060,981,-42,11,16167,1528,1485,1619,1622,797,-69,781,-68,1157,-110,255,680,-25,-49,-35,151
20076,976,-4308,101,-40,969,2058,-18201,186,-26,240,0,12,121,602,12020,991,-58,7,15604,1563,1515,1655,1674,811,-35,803,-35,1113,-59,255,603,-56,-51,-35,152
20126,1016,-3595,-247,-51,1189,43,-18018,308,22,196,0,23,105,602,12020,992,57,7,10132,1527,1500,1626,1632,764,-6,758,-6,1055,-34,255,584,-78,-53,-35,149
20176,1178,-3586,-110,139,859,-5571,-17591,1224,12,240,0,20,112,604,12100,979,-32,7,18219,1590,1605,1670,1674,678,59,664,58,914,76,255,640,-19,-54,-36,151
20226,855,-3980,-21,82,978,-1848,-15028,-667,-20,260,0,9,122,602,12020,992,56,7,8237,1536,1468,1631,1621,540,24,536,24,753,-35,255,647,9,-53,-37,145
20276,1013,-4199,19,210,789,4438,-13624,1773,-46,242,0,3,121,595,11742,993,23,11,14221,1588,1536,1655,1653,462,-25,459,-25,691,-8,255,620,33,-50,-35,149
20326,795,-3922,-23,77,1026,-3374,-13868,1773,-68,207,0,0,110,601,11980,1006,-2,4,15940,1557,1523,1645,1676,421,21,423,22,644,33,255,544,21,-49,-35,148
20376,812,-3696,29,127,1065,-2031,-14539,2017,-41,150,0,4,94,602,12020,969,-46,11,15396,1647,1608,1726,1736,405,24,392,23,580,25,255,410,-1,-49,-35,148
20426,1295,-3130,-83,160,1085,-3923,-8558,-362,-38,123,0,12,81,603,12060,986,48,11,12042,1380,1320,1538,1510,218,56,215,55,306,68,255,436,-8,-47,-36,149
20476,675,-3084,9,96,830,-1054,-1661,1468,-58,137,0,-2,82,602,12020,980,-12,7,14602,1602,1539,1670,1672,53,-31,52,-30,102,17,255,328,75,-41,-36,144
20526,425,-2638,79,-92,1317,5109,-3919,1590,-53,49,0,-2,55,602,12020,983,-3,7,16124,1595,1549,1686,1705,-2,19,-2,19,36,-36,255,229,25,-38,-35,142
20576,1059,-2538,-76,-48,1331,-3068,3953,-1156,-55,-2,0,8,46,602,12020,981,5,11,17182,1494,1522,1654,1636,-113,1,-111,1,-187,162,255,169,19,-33,-35,148
20626,353,-2055,68,59,677,-5449,8592,-850,-20,-41,0,0,26,603,12060,983,0,11,13856,1527,1524,1608,1627,-219,-50,-216,-49,-323,49,255,51,20,-29,-35,146
20676,266,-1001,120,-79,1064,-2946,3221,430,20,-49,0,10,5,602,12020,978,23,11,11693,1559,1516,1658,1667,-278,69,-272,68,-330,126,255,-68,-56,-25,-37,149
20726,985,-336,-48,203,1051,-8806,3892,-57,26,-81,0,19,-8,602,12020,981,6,7,15521,1447,1430,1575,1582,-409,67,-402,66,-504,179,255,-101,-54,-22,-38,148
20776,779,-281,-10,-39,1173,-3068,10179,-301,12,-108,0,17,-15,604,12100,980,-28,11,16586,1590,1580,1709,1694,-498,74,-488,73,-660,106,255,-180,-9,-16,-40,154
20826,552,109,69,-10,885,3583,13475,-1217,16,-172,0,13,-36,602,12020,973,-55,7,16724,1557,1558,1664,1677,-482,3,-469,3,-690,-27,255,-277,-64,-13,-41,149
20876,992,864,-119,106,1064,-505,12071,-362,53,-211,0,26,-54,602,12020,968,-19,7,14425,1536,1557,1698,1684,-670,-20,-648,-19,-969,-25,255,-351,-48,-7,-42,154
20926,889,1386,-70,-27,1171,-871,20677,-1217,-19,-206,0,12,-62,603,12060,970,22,11,14466,1531,1492,1638,1605,-770,-37,-747,-36,-1163,-39,255,-406,-29,-4,-42,157
20976,1232,2195,-118,207,1154,3950,20677,64,-13,-183,0,15,-71,601,11980,975,67,7,13479,1508,1491,1646,1631,-836,-51,-815,-50,-1186,-76,255,-417,20,2,-42,153
21026,571,2229,30,-218,1007,2119,20616,1285,-59,-204,0,2,-79,603,12060,989,65,11,15504,1521,1471,1630,1614,-877,-1,-867,-1,-1255,8,255,-507,51,6,-41,149
21076,719,2886,-100,-116,1237,3522,18236,-667,-40,-230,0,6,-94,602,12020,984,55,7,11680,1457,1444,1606,1594,-799,-53,-787,-52,-1156,-101,255,-530,12,12,-39,156
21126,656,2684,11,152,1105,-3129,20189,-1766,-20,-237,0,5,-93,603,12060,992,32,11,13672,1560,1526,1669,1621,-797,-74,-791,-73,-1177,-79,255,-498,29,17,-38,155
21176,339,2653,-3,164,1108,6086,25499,1102,-29,-218,0,-3,-88,603,12060,991,50,11,11844,1535,1469,1660,1615,-881,-125,-874,-123,-1306,-195,255,-546,52,24,-35,157
21226,608,3053,124,40,761,4011,18785,1468,-26,-264,0,4,-109,602,12020,994,31,7,13446,1518,1496,1614,1630,-888,-102,-883,-101,-1216,-153,255,-643,-13,27,-34,156
21276,483,3044,-23,189,1107,-9111,15001,1102,32,-353,0,12,-123,602,12020,984,-16,7,14939,1535,1556,1653,1637,-819,-3,-806,-3,-1176,76,255,-672,-59,29,-34,154
21326,-313,3143,-8,8,1170,-3740,25499,797,117,-351,0,18,-123,602,12020,979,6,7,12020,1521,1452,1639,1595,-847,-6,-830,-6,-1284,-59,255,-675,-17,32,-34,151
21376,-351,3567,114,-110,536,9809,21898,858,68,-323,0,10,-130,603,12060,1006,29,7,10573,1593,1551,1668,1675,-788,-131,-793,-132,-1113,-297,255,-763,-95,33,-34,159
21426,359,3348,139,-119,1073,7062,15428,1407,103,-393,0,28,-139,603,12060,1016,82,11,12227,1488,1439,1580,1557,-700,-90,-711,-92,-1001,-238,255,-723,-119,33,-34,161
21576,1382,4485,-18,5,1105,5598,8165,1041,18,-196,0,27,-118,603,12060,1035,78,7,12301,1497,1437,1585,1584,-561,-69,-581,-71,-659,0,255,-556,-59,32,-34,151
21626,1688,3989,7,156,669,-3862,902,1590,-32,-190,0,19,-109,602,12020,997,-28,7,15773,1569,1558,1662,1672,-383,-68,-382,-68,-417,67,255,-553,-44,31,-33,152
21676,1423,3414,142,14,1194,-5266,7005,-606,-42,-196,0,16,-101,603,12060,999,-49,7,14237,1618,1592,1716,1694,-252,-50,-252,-50,-434,17,255,-475,-28,27,-33,155
21726,751,3239,178,-105,1076,4133,9263,-1461,23,-165,0,19,-93,602,12020,990,-41,7,15058,1583,1545,1693,1674,-195,23,-193,23,-333,-54,255,-447,-106,24,-35,154
21776,696,2921,-155,123,1263,16096,6456,-728,105,-183,0,30,-85,602,12020,979,16,11,12808,1496,1402,1600,1579,-87,-7,-85,-7,-205,-371,255,-314,-32,19,-36,153
21826,1688,2769,-30,40,718,18659,5174,-1766,-71,-70,0,13,-62,604,12100,995,48,15,13087,1495,1448,1613,1592,22,-101,21,-101,-42,-289,255,-257,-27,16,-35,152
21876,2324,1796,-63,-2,884,-5083,-1478,-1217,-123,-104,0,17,-51,603,12060,991,-8,7,15315,1534,1538,1639,1648,111,30,110,30,111,170,255,-183,-22,11,-35,151
21926,1519,773,34,-109,772,-8378,-1356,-2498,-78,-126,0,15,-40,604,12100,985,-44,15,15720,1587,1524,1707,1686,158,137,155,135,102,197,255,-121,-8,8,-37,152
21976,713,761,-249,195,1164,5354,3038,-1094,-26,-57,0,3,-20,602,12020,983,-26,7,13337,1561,1451,1639,1623,280,8,275,8,339,-118,255,37,89,3,-37,143
22026,1210,1040,-51,172,1063,7795,-8192,-1156,-119,72,0,-6,-3,603,12060,972,-33,11,14999,1537,1523,1646,1671,359,-34,349,-34,580,-45,255,49,26,0,-35,149
22076,1593,240,58,-81,1216,-15642,-14906,1529,-94,63,0,12,6,604,12100,975,-51,15,16135,1578,1613,1697,1709,534,76,520,74,738,356,255,170,-27,-6,-36,148
22126,613,-88,-44,-63,1327,-9050,-13685,-1644,-6,130,0,11,27,602,12020,962,0,7,13396,1503,1410,1604,1614,544,153,524,147,802,179,255,205,12,-10,-38,148
22176,486,-499,-8,-62,730,3034,-16309,430,-23,115,0,5,30,602,12020,960,7,11,14586,1492,1444,1592,1607,784,118,753,114,1037,102,255,279,30,-18,-39,146
22226,376,-1656,39,-105,472,-4167,-16553,-911,-44,125,0,2,51,603,12060,961,-33,11,16814,1595,1582,1703,1690,813,82,781,78,1051,145,255,386,34,-23,-40,150
22276,141,-1831,-281,48,1198,-3923,-10633,-301,-29,186,0,-3,73,603,12060,960,-48,11,14723,1618,1586,1723,1691,779,130,748,125,1038,153,255,547,117,-28,-41,155
22326,143,-1789,-203,210,1238,-2824,-16492,-606,-99,316,0,-20,96,602,12020,966,-2,7,13120,1586,1543,1675,1711,781,109,755,105,1184,144,255,549,156,-31,-41,155
22376,-108,-2083,-77,-335,716,-12529,-29920,-1583,-71,289,0,-6,94,602,12020,949,-27,11,15059,1516,1552,1669,1688,928,195,881,185,1420,325,255,611,31,-36,-43,157
22426,-359,-2654,-70,-152,813,-4533,-23695,1407,-3,341,0,-2,115,602,12020,946,-50,7,16308,1676,1585,1728,1716,1030,276,974,261,1417,205,255,700,79,-40,-45,155
22476,443,-3114,73,22,938,6147,-22901,-2254,-82,386,0,-9,129,603,12060,964,41,7,12900,1528,1467,1643,1669,951,128,917,123,1393,175,255,723,102,-43,-45,151
22526,393,-3541,-113,-79,938,-9782,-25220,430,-68,358,0,-4,135,601,11980,957,92,4,13546,1452,1469,1574,1595,905,158,866,151,1355,400,255,768,58,-45,-46,152
22576,-21,-4061,-3,-89,1029,-6120,-25159,2994,-42,350,0,-6,140,602,12020,959,10,7,16287,1600,1569,1663,1689,922,158,884,151,1368,253,255,823,61,-46,-49,152
22626,-157,-4771,-82,126,1388,-3435,-24244,-362,-15,334,0,-7,151,602,12020,976,86,7,11760,1472,1435,1559,1602,803,145,784,142,1242,216,255,804,95,-46,-50,154
22676,103,-5796,137,63,875,-9721,-20765,3726,-42,233,0,-7,145,602,12020,977,38,7,14777,1586,1575,1650,1680,785,124,767,121,1107,332,255,745,74,-47,-50,151
22726,-131,-5684,88,95,1131,-8928,-13624,858,-8,171,0,-5,132,603,12060,979,11,11,15755,1580,1548,1665,1685,730,209,715,204,951,330,255,677,86,-47,-51,150
22776,-510,-5399,4,-161,763,-3251,-7459,1041,0,118,0,-4,119,602,12020,990,35,7,11282,1573,1562,1661,1665,657,137,651,136,726,205,255,550,64,-47,-53,148
22826,-673,-4413,186,-63,691,3400,-6177,308,20,115,0,-6,95,602,12020,998,74,7,12085,1552,1462,1614,1615,614,175,613,174,687,59,255,462,73,-49,-54,146
22876,272,-3073,-83,101,1039,4438,-3980,1224,-17,176,0,-1,91,604,12100,1008,80,11,12940,1549,1506,1637,1614,467,117,471,118,487,68,255,464,44,-51,-55,150
22926,694,-2310,222,-6,749,-4167,-6239,1956,-67,239,0,0,82,602,12020,1013,22,7,13470,1609,1549,1676,1693,381,168,386,170,485,179,255,390,57,-51,-56,148
22976,704,-2194,-61,-93,1098,-1726,-9840,552,-66,186,0,1,76,600,11940,976,-83,7,19314,1675,1628,1727,1731,345,147,337,143,461,111,255,373,36,-51,-58,149
23026,769,-2003,4,-206,1172,654,-3065,430,-44,175,0,8,70,602,12020,971,-52,7,15415,1581,1519,1667,1650,306,148,297,144,350,87,255,353,-39,-51,-60,146
23076,933,-1747,24,-37,1080,6940,-4224,675,3,174,0,17,65,602,12020,978,2,11,11711,1572,1488,1628,1644,193,50,189,49,282,-85,255,279,-12,-49,-61,144
23126,1255,-1448,-87,-4,786,5354,-8497,-57,-83,153,0,5,57,603,12060,974,24,11,13072,1558,1485,1623,1626,47,10,46,10,170,-76,255,286,23,-46,-62,143
23176,1659,-1324,-70,257,1125,-7585,-7825,614,-147,167,0,-3,57,603,12060,978,21,7,13464,1569,1509,1618,1638,-49,17,-48,17,110,161,255,269,104,-41,-61,150
23226,1304,-1718,-105,208,1094,-14543,-9473,1346,-167,108,0,-12,53,603,12060,980,13,11,14391,1548,1542,1642,1671,-109,0,-107,0,39,239,255,235,125,-37,-59,154
23276,438,-2203,70,131,1150,-18693,-4591,675,-120,53,0,-17,48,602,12020,968,-53,4,16215,1632,1576,1692,1691,-160,102,-155,98,-127,274,255,146,172,-32,-57,154
23326,-102,-2036,7,-76,946,-8073,413,-545,-103,-38,0,-20,28,602,12020,990,72,7,9441,1467,1433,1568,1583,-264,71,-261,71,-289,204,255,80,104,-28,-57,148
23376,-380,-1618,27,68,1235,-5388,2061,1102,1,-54,0,-7,17,603,12060,981,79,7,10692,1517,1433,1568,1586,-376,-54,-368,-53,-416,-16,255,-10,51,-21,-56,149
23426,-337,-1698,-74,40,1083,-3740,2611,3116,23,-153,0,-1,1,602,12020,980,12,7,12535,1575,1567,1656,1677,-507,-38,-497,-37,-589,25,255,-47,20,-17,-55,150
23476,-443,-984,-88,205,1091,-7097,10484,-972,53,-121,0,0,-4,603,12060,968,20,11,12426,1574,1459,1636,1625,-529,-27,-512,-26,-713,-127,255,-102,99,-9,-53,154
23526,112,-666,-36,181,1042,7734,7127,125,-35,-151,0,-9,-17,603,12060,996,2,11,17481,1534,1525,1641,1666,-574,-194,-572,-194,-710,-209,255,-164,64,-4,-50,154
23576,310,-514,76,224,1110,-3862,12254,-972,-13,-209,0,0,-33,601,11980,994,24,11,11306,1496,1506,1634,1628,-732,-108,-728,-107,-1036,19,255,-306,26,2,-47,154
23626,-91,264,-108,76,1266,-1298,17869,-728,13,-281,0,0,-57,603,12060,989,-6,11,15541,1585,1525,1649,1676,-858,-158,-849,-156,-1128,-247,255,-391,27,7,-45,155
23676,-8,864,-98,81,1148,715,17747,369,44,-298,0,7,-71,602,12020,970,-25,4,13168,1556,1523,1659,1661,-873,-238,-847,-231,-1235,-264,255,-480,-29,13,-42,152
23726,433,1756,79,110,876,5476,22508,-667,69,-322,0,18,-95,602,12020,975,-23,7,11876,1527,1483,1652,1653,-939,-261,-915,-254,-1337,-325,255,-616,-94,17,-40,156
23776,874,2805,48,87,992,12250,25316,-1094,119,-352,0,35,-116,603,12060,992,-42,7,17742,1615,1592,1735,1715,-940,-234,-933,-232,-1359,-388,255,-699,-207,22,-39,160
23826,1143,3437,-65,-117,1119,8100,23240,-3109,129,-328,0,47,-123,603,12060,982,-14,11,14786,1516,1466,1673,1651,-843,-183,-828,-180,-1266,-325,255,-697,-210,24,-39,165
23876,1636,4180,-79,59,1074,8039,24949,-2132,93,-326,0,45,-136,603,12060,949,-40,11,16556,1580,1585,1690,1690,-977,-226,-927,-215,-1434,-307,255,-821,-253,27,-39,162
23926,1433,4161,90,-113,774,6391,24888,-3292,122,-376,0,52,-149,603,12060,983,-2,11,13672,1594,1564,1727,1710,-921,-266,-905,-262,-1407,-432,255,-775,-215,29,-39,162
23976,1360,4530,-96,91,1154,8894,23851,-3170,116,-314,0,45,-139,602,12020,970,37,7,11209,1487,1435,1647,1632,-957,-303,-928,-294,-1345,-471,255,-753,-184,31,-38,161
24026,2143,4278,45,42,794,4926,18846,-1156,42,-300,0,45,-135,602,12020,979,16,7,15012,1506,1496,1642,1655,-903,-300,-884,-294,-1236,-341,255,-724,-195,34,-37,158
24076,1790,3667,46,-2,866,-1237,16893,-118,66,-301,0,45,-125,602,12020,978,28,7,9830,1592,1515,1683,1677,-798,-250,-781,-244,-1202,-339,255,-627,-140,37,-35,157
24126,1687,3720,54,282,1197,3034,22996,-1888,37,-277,0,32,-120,602,12020,986,34,7,12359,1562,1514,1686,1668,-685,-265,-676,-262,-1062,-324,255,-661,-136,37,-34,160
24176,1711,3939,93,-12,960,2790,19273,-1827,38,-264,0,38,-123,603,12060,1011,103,11,9655,1409,1283,1555,1543,-700,-323,-708,-327,-1069,-385,255,-641,-200,39,-32,161
24226,2015,3919,-156,220,1122,2119,18907,2506,62,-259,0,44,-117,602,12020,1001,28,7,14849,1575,1559,1667,1658,-658,-235,-659,-235,-953,-243,255,-602,-189,39,-31,161
24276,1636,3791,-191,103,977,-2092,18907,-2132,66,-254,0,40,-112,603,12060,1003,-7,7,14761,1571,1546,1708,1692,-443,-109,-445,-110,-754,-244,255,-537,-124,38,-31,162
24326,1493,3878,-12,-45,872,9565,14085,-2071,28,-183,0,32,-104,603,12060,1005,24,11,13325,1545,1479,1675,1636,-380,-207,-382,-208,-652,-364,255,-490,-168,37,-30,161
24376,2236,3576,-31,33,981,2912,11400,-606,16,-122,0,42,-86,602,12020,1000,7,7,12865,1560,1531,1676,1662,-340,-197,-340,-197,-500,-284,255,-398,-146,36,-29,156
24426,2126,3926,-63,41,986,1203,3770,-1888,-2,-67,0,36,-81,603,12060,997,-9,11,13667,1463,1435,1642,1606,-137,-226,-136,-226,-207,-189,255,-362,-193,34,-29,156
24476,2179,3283,34,-14,653,3950,3282,-667,49,-51,0,48,-69,602,12020,986,-57,7,16789,1601,1528,1692,1672,33,-207,33,-204,0,-351,255,-245,-222,29,-29,148
24526,2340,2891,-63,99,1425,11030,230,-2315,49,-1,0,49,-50,602,12020,994,-20,7,12569,1547,1488,1677,1651,48,-199,48,-198,68,-350,255,-233,-216,26,-29,150
24576,2523,2142,222,-164,1015,3583,-1112,-1949,42,-18,0,56,-46,603,12060,997,-14,4,13834,1556,1471,1678,1642,189,-255,188,-254,264,-274,255,-80,-190,22,-29,156
24626,1845,1853,-164,250,1207,3889,-8192,-1156,64,77,0,41,-15,602,12020,973,-30,7,14739,1489,1413,1623,1626,300,-163,292,-158,492,-246,255,-22,-143,18,-28,155
24676,2102,1143,84,195,732,288,-16065,-240,67,94,0,45,-5,603,12060,974,-60,7,17340,1566,1523,1702,1707,436,-200,425,-194,714,-153,255,98,-173,12,-28,149
24726,1672,413,4,-132,972,1325,-13990,-3963,71,104,0,46,12,600,11940,995,22,0,13770,1506,1449,1666,1671,434,-81,432,-80,713,-108,255,146,-202,8,-29,148
24776,1685,-345,99,-56,684,4133,-16553,-3170,78,79,0,46,17,602,12020,950,-8,11,13929,1552,1482,1658,1664,667,-63,634,-60,951,-212,255,204,-197,1,-31,149
24826,2094,-800,9,79,1341,3706,-14967,-2742,55,149,0,46,42,603,12060,963,17,11,12249,1514,1469,1672,1666,765,-131,737,-126,1077,-156,255,344,-138,-3,-31,153
24876,1344,-1855,152,-125,788,104,-16492,-3658,9,161,0,29,60,603,12060,958,2,11,13941,1561,1516,1674,1686,820,-99,785,-95,1091,-59,255,360,-147,-9,-31,151
24926,1632,-1423,-227,167,1252,-3984,-18934,-1705,100,170,0,46,61,604,12100,959,28,15,12947,1499,1468,1657,1658,829,8,795,7,1133,0,255,413,-170,-13,-33,152
24976,1501,-2137,-181,94,977,-3984,-17835,-2254,60,214,0,37,83,602,12020,985,60,7,13825,1465,1448,1621,1646,878,-41,865,-41,1233,42,255,544,-50,-19,-35,152
25026,556,-2718,17,-102,1089,5598,-17164,-850,47,230,0,20,92,601,11980,980,26,4,14013,1526,1513,1657,1678,831,-79,814,-78,1169,-88,255,526,-66,-22,-35,151
25076,996,-2417,-36,-149,897,-1420,-19849,-3231,42,256,0,29,93,603,12060,957,-1,7,15196,1527,1525,1679,1697,985,139,943,133,1345,175,255,592,-112,-29,-37,154
25126,1590,-2882,-31,23,928,-6669,-23145,-3109,27,316,0,33,113,603,12060,979,16,11,12806,1588,1566,1724,1733,1035,114,1013,112,1450,246,255,679,-61,-32,-39,156
25176,977,-3236,6,44,854,-444,-25709,-3597,-14,339,0,13,123,602,12020,967,36,7,11396,1553,1454,1656,1695,955,38,924,36,1423,25,255,673,-6,-36,-41,146
25226,1309,-3650,-33,161,946,-1176,-25831,-545,-20,302,0,15,123,603,12060,963,-18,11,15264,1498,1498,1650,1660,982,143,945,138,1418,215,255,722,-15,-39,-42,156
25276,1440,-3949,12,78,918,-11247,-20643,-1339,-53,312,0,14,130,602,12020,984,29,15,12094,1508,1489,1660,1682,867,188,853,185,1207,320,255,736,60,-42,-45,154
25326,967,-4037,30,82,1300,-3007,-22535,-1033,-104,311,0,-4,131,602,12020,984,33,7,14220,1506,1447,1614,1660,744,111,732,109,1155,153,255,698,89,-42,-45,153
25376,844,-4174,60,9,1443,-2397,-22779,-118,-97,279,0,-4,127,602,12020,981,68,7,11007,1428,1362,1561,1595,773,196,759,193,1109,282,255,692,75,-44,-47,150
25426,1236,-4194,76,126,963,-8867,-14967,-911,-95,270,0,0,125,603,12060,977,-38,11,17685,1612,1630,1739,1750,718,120,701,117,1011,339,255,676,68,-44,-48,153
25476,961,-3608,-160,-85,1041,-10393,-11793,-1522,-93,292,0,1,124,603,12060,986,5,11,14835,1495,1493,1684,1695,581,249,573,245,857,415,255,619,114,-43,-50,155
25526,406,-3467,-49,84,1049,-7341,-16676,-1094,-99,270,0,-13,115,602,12020,992,49,7,13698,1527,1497,1639,1670,503,191,499,189,796,320,255,577,145,-42,-51,154
25576,41,-3131,-107,6,1087,-3679,-17347,858,-90,230,0,-17,102,604,12100,978,27,7,12528,1552,1493,1639,1688,427,143,418,140,674,204,255,476,160,-41,-51,151
25626,267,-3359,61,36,983,-4960,-10145,-423,-99,169,0,-15,91,602,12020,997,9,7,13575,1549,1540,1681,1694,287,211,286,210,450,351,255,463,158,-40,-51,149
25676,117,-2851,-16,-43,1002,-11796,-4652,-1705,-111,182,0,-18,87,602,12020,983,-9,11,15569,1478,1441,1609,1624,164,165,161,162,249,309,255,370,141,-37,-52,156
25726,246,-2576,33,88,935,-6059,-5384,-545,-102,98,0,-17,64,602,12020,985,-36,7,15661,1638,1606,1698,1759,27,202,26,198,161,298,255,258,154,-34,-52,148
25776,206,-2125,-35,39,1083,-6181,-7215,919,-98,34,0,-16,44,602,12020,994,65,7,8023,1534,1481,1646,1692,-18,143,-18,142,0,249,255,183,159,-31,-53,146
25826,-154,-2253,136,11,1004,-9843,718,1468,-106,10,0,-23,39,603,12060,983,23,11,12016,1570,1514,1662,1687,-207,199,-203,195,-272,307,255,148,198,-27,-53,154
25876,-482,-2201,176,96,972,-17,9385,1407,-59,-36,0,-22,29,602,12020,983,-50,11,18650,1650,1578,1734,1755,-322,100,-316,99,-426,153,255,26,155,-21,-52,151
25926,-452,-1796,61,-142,1004,-932,10179,614,-44,-151,0,-13,1,604,12100,968,-44,15,16565,1533,1531,1677,1707,-382,46,-370,45,-558,126,255,-89,113,-18,-51,154
25976,-456,-946,-144,13,1043,-7219,12315,-1339,28,-204,0,-1,-20,604,12100,977,-16,7,16134,1514,1547,1647,1675,-465,135,-454,132,-757,204,255,-163,89,-13,-52,157
26026,-1145,-182,-133,74,1179,-5937,20128,-1217,46,-176,0,-11,-28,602,12020,962,-39,7,16255,1590,1563,1717,1710,-637,83,-612,80,-969,127,255,-227,131,-9,-52,157
26076,-219,1061,7,-67,1415,9199,20433,-484,-41,-150,0,-12,-47,602,12020,961,17,15,11583,1570,1509,1688,1695,-750,14,-721,13,-1058,-85,255,-365,54,-4,-50,153
26126,83,1839,64,70,1230,-5144,17442,3,9,-197,0,2,-71,603,12060,973,74,11,12400,1416,1447,1600,1623,-740,43,-720,42,-1061,205,255,-477,42,0,-50,144
26176,5,1784,-13,-19,717,-9660,19578,675,21,-302,0,5,-90,603,12060,971,15,11,15195,1599,1582,1698,1710,-816,109,-793,106,-1306,156,255,-575,7,2,-51,148
26226,-611,2020,60,-18,716,1081,26597,-423,114,-341,0,12,-103,602,12020,972,24,7,14135,1578,1497,1721,1672,-748,53,-727,51,-1345,-81,255,-563,12,4,-51,151
26276,-658,2927,-97,145,1093,12861,37340,247,100,-260,0,4,-99,602,12020,972,13,7,14965,1604,1515,1717,1656,-956,-99,-930,-96,-1517,-289,255,-581,80,10,-50,155
26326,520,3876,33,11,761,10664,24034,-606,-36,-211,0,0,-110,603,12060,970,39,11,12717,1530,1527,1670,1662,-902,-209,-875,-202,-1299,-283,255,-620,5,13,-47,155
26376,709,3980,-123,216,1185,-5266,20494,1102,10,-202,0,11,-107,603,12060,975,27,4,13777,1507,1481,1665,1598,-922,-106,-899,-103,-1295,-29,255,-554,52,18,-45,158
26426,767,4054,-137,127,964,288,22203,1041,-59,-177,0,0,-102,603,12060,988,56,11,13032,1532,1513,1665,1641,-870,-168,-859,-166,-1215,-137,255,-571,36,21,-44,157
26476,1294,3481,-61,63,1227,-6486,15245,1956,-84,-242,0,5,-108,602,12020,981,29,11,14348,1481,1509,1664,1633,-764,-158,-750,-155,-1106,-84,255,-570,-14,25,-42,159
26526,444,2996,-150,-75,695,-6181,22386,1895,0,-281,0,10,-103,603,12060,983,8,11,13785,1587,1534,1709,1645,-653,-54,-642,-53,-1093,-72,255,-529,6,26,-41,153
26576,369,3484,47,106,929,5292,22691,552,15,-211,0,6,-103,601,11980,987,8,11,14119,1582,1535,1712,1677,-731,-211,-722,-208,-1107,-289,255,-604,-8,29,-38,153
26626,1002,3778,173,-46,1022,4072,18480,1773,-7,-260,0,16,-121,603,12060,1010,27,11,12540,1550,1495,1663,1642,-667,-214,-674,-216,-1013,-323,255,-665,-82,30,-35,161
26676,726,3749,-106,203,1028,-2214,19456,1163,124,-300,0,34,-123,602,12020,981,-4,4,14050,1553,1531,1683,1645,-559,-175,-549,-172,-928,-289,255,-588,-103,28,-34,161
26726,441,4246,20,55,944,9687,20311,308,127,-192,0,31,-112,604,12100,1005,50,15,14528,1535,1464,1668,1635,-483,-204,-486,-205,-798,-399,255,-600,-118,28,-32,157
26776,1285,4103,-93,-91,748,7185,7615,2628,65,-234,0,37,-116,609,12301,979,-23,7,14422,1605,1593,1689,1706,-358,-245,-350,-239,-535,-373,255,-580,-186,24,-31,158
26826,708,3642,-59,-209,1223,1691,9019,-240,173,-201,0,50,-103,603,12060,997,18,11,13368,1566,1528,1714,1655,-208,-177,-208,-176,-431,-296,255,-470,-214,22,-31,160
26876,1251,3567,-26,86,1057,14936,10606,797,126,-111,0,44,-84,603,12060,979,-18,7,14930,1579,1478,1666,1643,-170,-303,-166,-297,-314,-544,255,-341,-194,18,-30,159
26926,1711,2974,23,32,882,1325,-684,3970,98,-46,0,49,-62,602,12020,1003,25,7,14868,1506,1501,1654,1651,-16,-302,-16,-303,8,-367,255,-226,-214,16,-29,149
26976,1802,2420,-106,184,1124,2973,-5079,2384,95,15,0,47,-38,603,12060,977,23,11,12802,1546,1493,1654,1647,124,-221,121,-216,248,-205,255,-107,-133,13,-26,155
27026,1615,1506,98,32,759,1325,-11549,552,67,47,0,41,-20,601,11980,988,10,4,13845,1562,1527,1684,1668,235,-261,233,-258,407,-280,255,-28,-170,10,-25,149
27076,1303,563,-213,60,1019,532,-11854,430,108,36,0,43,0,602,12020,996,5,7,15539,1611,1570,1710,1688,407,-296,406,-295,581,-359,255,163,-142,6,-23,147
27126,1148,285,-214,180,1091,3950,-14600,247,100,160,0,36,29,603,12060,985,-11,11,13874,1542,1545,1663,1683,320,-293,315,-289,665,-332,255,221,-150,4,-21,154
27176,816,-475,43,-36,1027,2058,-24122,1163,139,139,0,43,33,603,12060,984,6,7,13362,1561,1554,1651,1691,539,-319,531,-314,963,-363,255,254,-226,0,-19,150
27226,885,-1339,22,-8,1358,7185,-24671,919,209,143,0,57,50,603,12060,981,-6,11,15425,1532,1487,1632,1659,591,-280,580,-275,1011,-442,255,335,-241,-2,-19,153
27276,1487,-2520,48,29,726,9504,-15760,1895,164,80,0,57,58,603,12060,1002,11,7,13681,1578,1562,1692,1705,645,-288,646,-288,912,-392,255,331,-252,-6,-18,152
27326,1503,-2908,102,-86,574,3217,-12830,-362,158,67,0,61,60,603,12060,977,14,11,13931,1504,1466,1636,1625,634,-216,620,-211,843,-329,255,407,-270,-9,-19,154
27376,1813,-2108,-166,237,1143,7673,-15943,1651,157,186,0,58,76,603,12060,967,4,11,15724,1548,1460,1615,1633,679,-230,656,-222,988,-460,255,499,-193,-13,-19,157
27426,2191,-2477,-149,202,1098,10175,-19300,797,90,212,0,52,87,603,12060,977,-7,11,14883,1512,1546,1643,1690,630,-330,615,-322,1017,-354,255,487,-205,-14,-18,158
27476,1248,-3086,134,-199,1054,1020,-18201,2017,153,172,0,56,85,603,12060,1007,79,11,10102,1465,1483,1583,1616,803,-212,809,-214,1073,-273,255,474,-268,-19,-18,160
27526,1018,-3251,172,-154,996,12495,-16553,247,221,166,0,64,86,603,12060,978,18,11,15592,1577,1510,1634,1630,813,-128,795,-125,1069,-393,255,505,-279,-22,-20,158
27576,1988,-2809,-30,-50,1043,17683,-9473,1590,156,217,0,66,93,602,12020,975,21,11,13581,1520,1516,1628,1630,784,-161,765,-157,976,-314,255,541,-284,-26,-23,157
27626,2491,-2333,45,-182,1229,1386,-12647,-850,86,289,0,64,97,602,12020,1006,104,7,11019,1511,1469,1605,1612,778,-46,783,-46,1048,-156,255,553,-269,-29,-25,156
27676,2813,-1966,-149,116,855,2241,-19117,1773,72,340,0,61,105,602,12020,1003,93,7,12742,1521,1443,1587,1611,703,12,706,12,1073,-51,255,589,-190,-31,-28,153
27726,2894,-2971,-36,81,698,-2641,-20765,2872,-17,320,0,45,116,602,12020,1016,52,7,12050,1532,1545,1627,1652,619,-4,629,-4,984,109,255,650,-155,-32,-30,152
27776,2406,-2916,-190,32,869,-13322,-16187,369,-17,333,0,39,121,604,12100,1008,-37,7,16895,1578,1589,1697,1668,698,182,704,183,1012,331,255,714,-48,-32,-34,156
27826,1710,-2874,-162,100,1171,-8745,-20887,1285,-70,421,0,15,136,602,12020,987,-16,7,13269,1563,1499,1646,1676,645,222,637,219,1077,265,255,743,66,-32,-36,156
27876,1541,-3882,120,59,871,-10148,-28760,-118,-140,372,0,-1,138,603,12060,997,-21,11,15101,1585,1580,1695,1736,640,161,638,161,1080,433,255,638,102,-30,-36,157
27926,797,-4438,-29,-57,649,-15336,-19849,1102,-67,199,0,3,118,603,12060,987,-13,11,13781,1537,1585,1676,1678,511,231,504,228,783,579,255,613,50,-29,-37,153
27976,-313,-4114,-111,43,1211,-9172,-8619,-179,48,195,0,4,113,601,11980,974,10,7,11581,1520,1441,1614,1623,411,401,401,390,582,330,255,522,145,-28,-41,151
28026,143,-3597,1,68,1167,6269,-9656,1102,-70,156,0,-13,94,603,12060,956,-90,11,19016,1585,1578,1680,1702,270,161,258,154,431,206,255,429,155,-26,-42,150
28076,548,-3398,53,-23,823,-8256,-2027,-1156,-120,68,0,-13,72,603,12060,957,-60,11,13826,1536,1608,1701,1701,248,387,237,370,247,630,255,359,115,-25,-45,153
28126,-12,-2561,-255,-7,1240,-12895,4197,-972,-59,102,0,-10,70,603,12060,974,67,11,11697,1379,1357,1548,1567,99,359,96,349,78,517,255,295,181,-23,-47,150
28176,-1234,-2684,233,-183,1004,1752,-2760,3360,13,38,0,-15,50,603,12060,983,1,11,17462,1565,1558,1633,1677,-30,261,-30,256,19,224,255,158,120,-20,-48,151
28226,-753,-2544,119,-67,805,2363,4991,552,27,-47,0,-6,33,603,12060,955,14,11,12765,1585,1537,1692,1668,-24,420,-23,401,-196,332,255,97,123,-19,-51,148
28276,-109,-1420,-92,-78,840,4133,12132,430,-13,-24,0,-3,23,603,12060,984,45,11,11535,1569,1498,1669,1642,-189,326,-186,321,-365,221,255,37,162,-16,-55,152
28326,581,-505,14,27,1116,7734,10118,980,-121,-4,0,-15,8,602,12020,973,8,7,16546,1520,1523,1650,1649,-216,291,-210,284,-313,340,255,-19,159,-13,-57,148
28376,1178,295,-115,77,943,-4899,12010,-972,-168,-7,0,-13,-3,602,12020,995,72,0,11107,1505,1544,1683,1654,-293,419,-292,416,-529,571,255,-150,131,-11,-59,154
28426,1109,894,-28,-113,1332,-5144,10240,3,-170,-47,0,-12,-24,603,12060,983,51,11,11852,1505,1402,1595,1593,-424,486,-417,478,-582,446,255,-193,214,-9,-62,155
28476,839,919,-137,112,1062,-627,7738,1956,-203,-107,0,-27,-34,604,12100,980,-20,11,15234,1614,1575,1698,1708,-449,324,-440,317,-655,499,255,-250,220,-6,-64,157
28526,1262,1224,126,151,1116,-12834,14390,-362,-249,-93,0,-29,-41,603,12060,964,-21,11,13942,1544,1507,1692,1652,-454,456,-438,440,-747,662,255,-303,265,-5,-66,160
28576,524,2052,140,-61,1069,-4106,17137,3,-213,-104,0,-31,-58,602,12020,968,50,7,7734,1489,1445,1617,1604,-528,336,-511,325,-768,452,255,-373,219,-2,-68,153
28626,200,2359,-11,151,1152,-3312,9813,247,-187,-138,0,-36,-68,602,12020,971,29,7,12837,1528,1495,1633,1633,-485,319,-471,309,-629,386,255,-427,255,-1,-69,155
28676,431,2293,-58,24,924,-10026,16221,308,-205,-217,0,-33,-81,603,12060,951,-1,11,14650,1524,1538,1661,1656,-546,394,-519,374,-852,639,255,-521,242,-1,-71,156
28726,-338,2295,179,-222,985,-13139,21165,3,-158,-255,0,-32,-93,602,12020,960,-8,7,16538,1590,1590,1698,1688,-635,312,-610,300,-962,519,255,-541,224,0,-72,155
28776,-394,2656,-29,-7,1309,-4533,17442,125,-113,-239,0,-29,-93,602,12020,938,13,7,11747,1497,1422,1603,1598,-657,312,-616,292,-938,341,255,-565,271,0,-73,155
28826,-422,2999,103,-112,954,-4228,18114,-484,-137,-272,0,-32,-108,602,12020,986,88,7,11847,1539,1533,1657,1658,-669,293,-660,289,-926,467,255,-623,209,1,-73,158
28876,-531,3239,-27,-158,736,-5327,19456,-362,-107,-307,0,-26,-116,601,11980,936,-53,7,16347,1612,1593,1721,1687,-673,275,-630,258,-978,365,255,-622,153,1,-74,159
28926,-364,3717,-108,-62,906,-1176,17015,-1094,-62,-229,0,-17,-108,602,12020,950,-47,7,15752,1649,1611,1774,1734,-536,227,-509,216,-847,223,255,-549,149,1,-74,159
28976,137,3939,-15,156,1304,288,16832,-2376,-85,-181,0,-17,-104,602,12020,940,62,7,9234,1404,1378,1580,1560,-600,239,-564,225,-815,254,255,-601,118,1,-76,154
29026,50,3972,-209,-17,825,-1970,12132,1834,-64,-200,0,-11,-104,603,12060,945,12,11,13405,1556,1560,1674,1650,-533,105,-504,100,-736,188,255,-537,133,0,-76,156
29076,-201,3694,-145,-60,1264,-9355,10423,-1094,-78,-187,0,-17,-100,603,12060,941,40,11,10057,1454,1507,1643,1631,-523,190,-492,179,-611,305,255,-527,154,0,-76,160
29126,-628,3614,134,-40,1062,-5449,9813,-911,-48,-177,0,-19,-101,603,12060,964,55,11,11768,1579,1545,1698,1654,-470,123,-454,118,-642,188,255,-532,132,0,-76,157
29176,22,3675,77,99,695,3706,13597,736,-26,-170,0,-8,-100,604,12100,962,-9,7,16948,1587,1555,1680,1658,-451,48,-434,46,-637,17,255,-518,50,-1,-76,146
29226,223,3687,91,-92,1013,2241,9141,1590,-4,-161,0,4,-98,602,12020,966,-29,7,16026,1522,1507,1672,1636,-254,-40,-245,-39,-431,-47,255,-449,-1,-3,-75,150
29276,773,3120,-142,-14,1215,1203,7066,-667,-20,-122,0,9,-77,602,12020,949,-38,11,13045,1568,1528,1688,1679,-230,64,-219,61,-350,0,255,-396,37,-5,-76,150
29326,394,2799,224,-264,617,288,7310,-1644,-32,-109,0,8,-78,604,12100,949,90,15,9576,1379,1409,1575,1572,-204,-66,-193,-62,-297,25,255,-376,-49,-7,-75,151
29376,360,2475,79,-116,1067,-1726,3892,797,49,-92,0,18,-63,602,12020,965,30,11,14068,1519,1453,1576,1580,-75,-103,-73,-100,-119,-136,255,-276,-12,-10,-74,154
29426,33,2307,2,17,1242,-2580,-562,-606,51,-56,0,10,-52,603,12060,963,-13,11,15569,1621,1602,1727,1707,4,-26,4,-25,29,-29,255,-217,-9,-12,-74,142
29476,225,2602,-256,35,1043,593,-13,-179,41,-10,0,11,-43,602,12020,956,-31,11,14720,1545,1535,1662,1670,-27,-175,-26,-168,0,-221,255,-188,-65,-15,-73,150
29526,351,2029,227,-26,1122,8527,-2821,-179,55,9,0,17,-38,603,12060,939,-23,11,14422,1515,1453,1616,1627,18,-194,17,-182,90,-316,255,-160,-55,-17,-71,150
29576,588,1370,64,-184,1113,12800,-5201,430,84,-36,0,29,-33,603,12060,959,-24,7,16272,1533,1509,1647,1660,216,-266,207,-255,298,-366,255,-100,-171,-21,-69,155
29626,1349,997,31,77,813,-505,-4774,-1827,130,2,0,48,-18,602,12020,973,2,7,11950,1517,1518,1657,1643,239,-258,233,-251,331,-263,255,-16,-208,-24,-69,149
29676,996,413,29,-118,656,2790,-5811,-57,131,16,0,47,-5,602,12020,938,-71,15,18305,1618,1574,1711,1714,310,-254,291,-238,458,-390,255,28,-216,-27,-68,150
29726,1344,399,-29,38,912,15058,-11182,-240,161,23,0,54,-2,604,12100,965,-28,15,16487,1567,1553,1676,1709,404,-338,390,-326,628,-569,255,30,-273,-31,-67,153
29776,2234,282,-193,244,1532,7062,-11854,-1949,153,50,0,66,6,602,12020,963,26,7,13983,1407,1496,1623,1622,472,-327,454,-315,656,-358,255,173,-195,-36,-66,154
29826,1154,-323,44,-167,1168,9382,-8009,308,124,111,0,47,26,602,12020,971,60,7,13755,1510,1474,1617,1625,415,-318,403,-309,593,-467,255,182,-214,-38,-65,153
29876,1793,-542,-26,-98,938,12373,-11243,-850,109,99,0,54,29,602,12020,958,-7,7,16202,1606,1590,1705,1722,505,-427,483,-409,684,-590,255,249,-277,-42,-63,154
29926,2580,-977,-57,-31,1249,3645,-8009,-789,99,133,0,66,44,602,12020,964,40,7,14645,1516,1498,1674,1645,572,-275,551,-266,679,-322,255,316,-271,-44,-64,153
29976,2376,-1533,9,30,1340,5109,-6971,-606,89,163,0,59,59,603,12060,946,26,7,14399,1505,1466,1639,1647,482,-395,456,-374,676,-470,255,377,-243,-46,-63,151
30026,1968,-1823,0,1,816,9138,-9168,-240,124,150,0,59,61,602,12020,966,-30,7,16936,1647,1639,1735,1761,488,-328,471,-317,680,-442,255,327,-283,-47,-62,151
30076,2327,-1385,-71,-76,1068,7795,-13258,-2254,153,134,0,72,51,604,12100,954,-8,15,13930,1588,1553,1708,1725,577,-270,550,-258,808,-442,255,346,-327,-50,-63,158
30126,2927,-1636,33,123,828,1936,-14356,-2315,104,188,0,69,64,603,12060,952,45,11,12810,1515,1479,1651,1659,460,-304,437,-290,682,-350,255,375,-258,-52,-64,156
30176,2402,-1661,-50,-95,958,6208,-11915,736,75,184,0,59,66,603,12060,969,65,7,10535,1503,1444,1611,1634,557,-260,540,-252,765,-408,255,387,-234,-54,-63,153
30226,2693,-1801,65,15,1192,5170,-11243,-606,62,194,0,59,68,602,12020,968,55,7,13945,1479,1493,1643,1629,508,-294,492,-284,696,-314,255,403,-228,-55,-63,153
30276,2361,-1826,-202,-47,940,-1848,-4957,-1033,44,201,0,52,76,602,12020,985,54,7,15136,1499,1507,1655,1634,543,-252,535,-248,672,-238,255,474,-172,-56,-63,156
30326,1695,-2332,93,-39,924,1386,-7581,-1094,66,254,0,44,89,601,11980,979,-17,4,14099,1581,1567,1682,1693,494,-211,484,-206,707,-213,255,484,-142,-56,-63,154
30376,1091,-2691,151,-109,910,10114,-14234,-911,85,194,0,38,82,602,12020,982,-24,11,14757,1623,1549,1688,1719,499,-222,490,-218,780,-348,255,411,-142,-56,-62,158
30426,1589,-2800,-39,16,955,7856,-13074,125,104,121,0,48,73,601,11980,980,20,4,13027,1445,1454,1605,1619,419,-140,411,-137,625,-217,255,396,-198,-57,-62,153
30476,2047,-2545,-56,134,1070,-3190,-10206,858,93,143,0,52,74,603,12060,972,-28,7,15964,1532,1534,1665,1667,483,-37,469,-36,636,25,255,381,-163,-58,-64,152
30526,1636,-2401,-6,-83,893,2851,-10023,-240,66,127,0,44,67,602,12020,981,25,7,12370,1576,1536,1680,1707,454,0,445,0,649,-42,255,329,-126,-59,-65,146
30576,1731,-1949,-98,-5,718,2119,-12464,-850,43,112,0,39,58,602,12020,1000,107,11,10058,1501,1485,1602,1623,329,-18,329,-18,501,-84,255,323,-125,-59,-67,153
30626,1949,-2120,-106,122,884,-4411,-8924,-1094,14,135,0,35,66,603,12060,988,19,11,16853,1583,1564,1685,1665,315,96,312,95,418,136,255,376,-58,-59,-68,151
30676,1367,-2362,-134,77,978,1020,-1905,308,-13,129,0,19,70,602,12020,989,22,11,14304,1569,1518,1663,1649,214,153,212,152,254,39,255,374,34,-57,-70,148
30726,1438,-1975,-199,73,772,-749,-3248,-667,-89,147,0,5,69,603,12060,959,-68,11,17691,1614,1589,1723,1723,104,130,99,124,199,153,255,332,92,-54,-71,149
30776,1517,-1951,79,88,1058,-2397,-8253,1224,-152,146,0,-4,61,602,12020,968,-8,7,12371,1513,1450,1623,1646,30,199,29,193,127,281,255,257,133,-51,-71,149
30826,1239,-1921,-81,122,971,-9050,-8070,1834,-145,76,0,-8,50,599,11900,978,0,0,13526,1567,1539,1686,1690,24,188,23,184,107,331,255,243,164,-49,-71,148
30876,884,-1648,-27,14,1255,-7768,2611,-240,-145,94,0,-12,48,603,12060,955,-11,7,14207,1545,1489,1678,1648,-24,237,-23,227,-8,409,255,188,208,-46,-72,150
30926,745,-1003,-74,82,1129,-4594,2244,3,-157,58,0,-19,31,602,12020,953,-29,7,14235,1595,1606,1705,1716,-78,190,-74,181,-51,426,255,99,157,-44,-72,147
30976,-47,-1247,-47,-132,1060,-13872,-4163,-1888,-69,-29,0,-11,16,602,12020,938,-72,11,16530,1576,1581,1696,1700,-244,296,-229,278,-221,375,255,46,131,-40,-74,159
31026,-336,-854,15,-10,1298,-505,6578,614,-36,-49,0,-13,5,602,12020,960,-6,7,14911,1627,1529,1714,1697,-210,300,-202,288,-360,171,255,-38,187,-39,-75,150
31076,-101,-663,-135,-64,946,2851,8104,-484,-88,-119,0,-18,-8,602,12020,936,-9,11,13549,1535,1531,1698,1684,-385,370,-360,346,-586,371,255,-95,180,-35,-78,155
31126,-24,-110,-268,162,1175,-7280,13231,491,-132,-103,0,-29,-13,601,11980,949,72,4,10429,1472,1436,1590,1577,-419,269,-397,255,-620,356,255,-124,255,-32,-78,158
31176,451,677,84,-117,870,-8134,7677,-118,-188,-85,0,-29,-29,603,12060,944,-34,11,18194,1617,1607,1729,1736,-540,281,-510,266,-657,546,255,-248,186,-28,-79,156
31226,280,969,65,107,1160,-18327,5662,1346,-142,-134,0,-23,-44,603,12060,955,10,11,13581,1605,1568,1708,1709,-490,463,-468,442,-651,709,255,-268,242,-26,-80,157
31276,-572,1331,163,-121,953,-8500,14757,-2498,-132,-111,0,-33,-48,603,12060,953,71,7,9863,1466,1417,1629,1619,-497,332,-474,316,-727,513,255,-346,226,-23,-82,159
31326,-484,1421,204,-50,867,-6059,11949,2872,-103,-180,0,-27,-65,602,12020,962,75,7,13649,1557,1551,1631,1633,-472,301,-454,290,-655,467,255,-366,186,-22,-83,158
31376,-944,1653,-11,19,1427,-12407,16343,1468,-9,-184,0,-17,-64,602,12020,962,81,7,13157,1396,1397,1568,1535,-655,383,-630,369,-913,471,255,-372,179,-19,-85,157
31426,-943,2048,-119,-30,1063,-2641,17625,2322,-25,-184,0,-21,-69,603,12060,976,46,11,14869,1591,1549,1656,1651,-654,256,-638,250,-891,254,255,-386,189,-17,-86,160
31476,-379,2466,-56,119,1077,-2275,7921,2322,-83,-113,0,-25,-64,603,12060,976,37,7,14209,1517,1499,1633,1615,-567,169,-553,165,-682,298,255,-323,223,-13,-86,157
31526,-140,2452,-16,230,1046,-16740,6395,1590,-153,-96,0,-36,-62,602,12020,976,48,7,10894,1560,1566,1660,1670,-600,244,-586,238,-699,495,255,-372,273,-11,-86,158
31576,-592,2051,219,109,730,-14909,7371,2261,-124,-174,0,-37,-76,602,12020,974,15,11,13767,1558,1545,1653,1656,-592,298,-577,290,-723,485,255,-426,260,-9,-86,158
31626,-1066,1819,188,90,1078,-6181,18358,1407,-68,-243,0,-33,-82,603,12060,966,-11,11,15208,1517,1473,1637,1612,-599,180,-579,174,-923,262,255,-464,234,-7,-86,159
31676,-889,2132,159,-148,1147,1142,18785,64,-71,-267,0,-27,-92,603,12060,979,10,7,15076,1557,1528,1650,1648,-629,236,-616,232,-970,195,255,-549,151,-6,-86,155
31726,-756,2361,38,-148,1072,2180,21837,552,-10,-305,0,-13,-102,604,12100,971,-9,15,15337,1583,1543,1678,1649,-653,169,-634,164,-1035,85,255,-518,100,-5,-87,157
31776,-229,3017,93,152,1271,8466,24034,1407,-19,-222,0,-11,-97,603,12060,972,9,7,14747,1617,1533,1685,1664,-642,112,-624,109,-952,-34,255,-542,129,-4,-87,154
31826,667,3898,-94,200,898,7246,15855,1712,-74,-182,0,-8,-102,603,12060,954,-47,11,14465,1551,1531,1675,1668,-490,62,-467,60,-719,85,255,-550,108,-5,-87,153
31876,1018,3840,-93,-81,1127,-5327,12010,430,-117,-182,0,-3,-102,603,12060,960,-28,11,17314,1598,1580,1714,1687,-452,151,-434,145,-654,212,255,-495,82,-6,-87,158
31926,634,3798,-221,-5,1114,-4655,10423,247,-91,-115,0,-6,-85,602,12020,950,-19,7,13827,1603,1573,1705,1699,-439,73,-417,70,-573,127,255,-418,87,-6,-87,152
31976,176,2753,231,63,867,3156,5723,1285,-40,-145,0,-6,-82,602,12020,949,-53,7,17613,1665,1627,1725,1741,-306,-65,-290,-61,-391,-25,255,-437,40,-7,-85,151
32026,-2,2520,38,-79,1011,471,6029,-179,58,-195,0,13,-84,604,12100,935,-53,15,15306,1543,1528,1692,1667,-187,4,-175,3,-332,25,255,-373,-38,-9,-85,146
32076,28,2152,53,91,913,4743,10972,-1278,74,-140,0,13,-66,602,12020,948,-18,7,12665,1558,1482,1624,1626,-163,-174,-154,-165,-292,-340,255,-333,-18,-12,-85,155
32126,216,1955,198,-167,688,12250,4808,-2010,63,-140,0,20,-68,603,12060,927,14,11,12680,1551,1454,1653,1620,47,5,44,5,-85,-247,255,-291,-63,-15,-85,148
32176,1223,2514,-176,141,1075,7978,5601,552,32,-24,0,24,-45,604,12100,958,68,7,11218,1483,1405,1624,1549,77,-181,74,-173,0,-281,255,-102,-11,-18,-84,149
32226,1498,2785,-192,68,824,3889,-3614,-728,-69,94,0,10,-26,602,12020,956,30,7,15019,1570,1578,1681,1703,85,-193,81,-184,243,-144,255,-118,-6,-20,-83,150
32276,1062,1670,-14,-56,551,-2824,-13746,-1400,-27,-2,0,15,-30,603,12060,947,0,15,13929,1567,1584,1695,1704,334,-115,316,-109,501,-8,255,-97,-56,-25,-81,153
32326,344,998,36,-304,643,-8867,-2760,-2498,42,10,0,24,-17,602,12020,935,10,7,12901,1558,1482,1681,1623,337,-72,315,-67,330,-135,255,36,-89,-28,-82,148
32376,839,1045,-134,182,960,4926,-5872,247,59,134,0,22,10,602,12020,960,1,7,16362,1620,1506,1673,1688,379,-242,364,-232,620,-416,255,140,-27,-31,-80,149
32426,1180,-19,99,209,950,4011,-19605,675,25,125,0,21,21,602,12020,939,-11,7,14336,1507,1521,1658,1676,480,-232,451,-218,789,-195,255,183,-70,-34,-78,150
32476,753,-719,-142,5,1211,-4289,-13319,-1094,84,103,0,30,34,602,12020,947,45,7,12216,1467,1416,1597,1566,522,-179,494,-170,691,-230,255,293,-88,-37,-76,153
32526,685,-975,-266,-42,875,9626,-9901,797,100,136,0,32,49,602,12020,955,12,7,14709,1579,1557,1656,1680,456,-182,436,-174,727,-287,255,341,-111,-38,-76,152
32576,777,-2285,169,-1,867,6879,-13563,-118,81,104,0,29,56,602,12020,944,-37,7,15564,1572,1568,1696,1712,652,-295,616,-279,878,-307,255,344,-146,-41,-74,153
32626,601,-2772,97,8,931,5598,-9962,125,163,44,0,42,55,603,12060,941,-71,11,18851,1629,1626,1740,1744,605,-258,570,-243,765,-319,255,318,-210,-44,-73,150
32676,776,-2416,-80,92,1375,13898,-4774,-1522,229,59,0,57,55,603,12060,927,15,11,10496,1529,1412,1648,1633,645,-307,598,-285,761,-659,255,384,-183,-47,-74,155
32726,1759,-2206,-84,88,835,19086,-7764,-362,85,107,0,44,62,602,12020,953,64,7,11667,1519,1501,1624,1643,616,-325,587,-310,823,-569,255,391,-254,-49,-73,153
32826,1763,-1686,-160,-61,809,4926,-12525,736,137,244,0,60,81,602,12020,953,4,7,16383,1657,1623,1733,1730,662,-240,630,-229,935,-359,255,496,-248,-55,-74,154
32876,1988,-1527,-219,18,1112,13471,-18751,-2315,108,324,0,55,94,603,12060,957,52,11,12438,1555,1503,1692,1668,738,-198,707,-189,1102,-384,255,613,-177,-56,-74,160
32926,2339,-1849,-252,103,1081,2546,-21192,-423,-15,397,0,36,115,603,12060,968,123,11,10831,1397,1381,1520,1564,641,-308,620,-298,1091,-357,255,636,-132,-57,-73,161
32976,2270,-3131,-90,0,815,-9843,-26441,1102,-20,306,0,37,116,601,11980,971,49,11,14881,1516,1548,1659,1653,804,-65,781,-63,1118,196,255,677,-102,-57,-72,154
33026,1444,-3817,-122,106,947,-13566,-18690,-1156,23,299,0,29,128,603,12060,950,-77,11,16837,1667,1649,1782,1780,742,29,705,28,1028,205,255,692,-32,-57,-72,156
33076,471,-3647,-72,37,1057,5659,-18446,-3475,52,313,0,17,127,602,12020,949,-28,11,14477,1558,1511,1656,1679,656,-120,623,-114,1011,-178,255,671,-43,-57,-71,157
33126,944,-4155,-125,223,1440,3278,-19727,-1522,38,258,0,21,125,602,12020,954,-6,7,14427,1525,1505,1643,1673,482,-108,460,-103,825,-154,255,632,-18,-56,-70,156
33176,1011,-3961,-147,171,1174,-1420,-17713,1163,37,207,0,22,112,603,12060,958,14,11,13318,1540,1536,1664,1699,475,-27,455,-26,718,0,255,500,-66,-55,-69,153
33226,825,-3896,135,-188,867,-505,-8619,-1339,64,132,0,32,91,602,12020,958,34,7,11360,1470,1429,1611,1627,450,-35,431,-34,590,-34,255,467,-92,-54,-70,150
33276,465,-3762,203,-139,916,10358,-5994,-118,98,103,0,30,82,602,12020,962,-13,11,16123,1602,1526,1681,1697,312,-77,300,-74,441,-263,255,420,-85,-52,-70,153
33326,624,-3671,-161,-1,892,4316,-7520,-1094,96,74,0,29,83,603,12060,960,3,11,12966,1604,1593,1723,1729,310,-8,298,-8,421,-88,255,441,-55,-51,-70,146
33376,533,-3336,-71,58,708,-2580,-5628,-2132,26,98,0,13,80,603,12060,939,-5,11,12997,1562,1545,1670,1690,163,61,153,57,263,34,255,313,33,-48,-70,145
33426,772,-3022,-53,-15,964,2241,-6788,-667,-21,32,0,9,60,603,12060,969,17,11,14162,1562,1514,1665,1690,27,18,26,18,90,-36,255,284,30,-45,-71,142
33476,1009,-2907,-80,106,1194,4255,-1478,736,-20,16,0,11,56,603,12060,947,6,7,14012,1568,1518,1684,1702,27,57,26,54,0,0,255,171,23,-43,-71,139
33526,1231,-2020,171,-71,1030,2668,6334,-1644,-55,-29,0,12,27,602,12020,961,48,7,12657,1537,1473,1650,1677,-127,173,-122,166,-179,170,255,61,22,-41,-72,152
33576,704,-1745,128,-248,878,5354,4930,-1583,-49,-73,0,7,13,603,12060,967,-5,7,16371,1569,1505,1685,1691,-185,155,-179,150,-306,93,255,64,48,-38,-73,149
33626,674,-1650,-123,169,975,-6242,8043,-1766,-64,-62,0,-3,20,602,12020,937,18,7,13041,1498,1447,1645,1638,-240,194,-225,181,-391,229,255,43,133,-35,-74,153
33676,619,-702,-74,140,845,-10026,7615,-1156,-125,-76,0,-16,0,603,12060,963,0,11,16042,1554,1576,1717,1716,-377,238,-363,229,-514,349,255,-100,138,-31,-75,155
33726,450,-429,-111,-62,1025,-5327,11400,-1033,-117,-126,0,-13,-14,602,12020,959,7,7,14363,1550,1515,1703,1674,-367,230,-352,220,-611,296,255,-113,134,-29,-76,159
33776,823,55,-4,297,1404,-6120,16466,-2620,-113,-106,0,-11,-20,603,12060,941,41,7,11229,1511,1475,1655,1631,-528,248,-496,233,-781,416,255,-263,132,-25,-78,156
33826,437,640,-11,-24,889,-7768,16649,-1583,-89,-173,0,-8,-44,602,12020,933,15,7,14623,1517,1505,1664,1652,-583,261,-544,244,-900,416,255,-265,164,-22,-78,155
33876,-327,992,-44,9,998,-9111,16038,186,-96,-132,0,-24,-41,603,12060,952,-7,7,14120,1562,1509,1693,1681,-591,327,-563,311,-851,459,255,-302,231,-19,-80,153
33926,-99,1423,-80,-97,1047,-7341,14329,-1827,-133,-134,0,-25,-49,602,12020,944,7,7,13350,1525,1489,1672,1650,-585,284,-552,268,-908,450,255,-289,244,-16,-80,158
33976,-707,1506,-166,79,1373,-9477,16405,-362,-144,-153,0,-41,-53,604,12100,951,-7,11,14917,1554,1560,1698,1700,-665,302,-633,287,-960,450,255,-404,233,-12,-80,160
34026,-497,2380,8,-134,1046,-10637,18236,-1217,-114,-170,0,-28,-74,603,12060,937,25,11,14253,1504,1485,1664,1636,-585,223,-548,209,-891,405,255,-422,199,-11,-81,161
34076,-330,2617,-141,92,1085,-4472,17564,125,-95,-187,0,-26,-79,603,12060,955,68,7,10138,1532,1508,1657,1661,-748,227,-714,216,-1009,350,255,-537,177,-8,-82,157
34126,-116,2803,211,-144,961,-10087,17076,-728,-101,-245,0,-18,-102,603,12060,955,67,11,13255,1415,1462,1605,1603,-700,67,-668,64,-982,311,255,-586,123,-7,-82,159
34176,-262,2711,11,-140,710,-10332,18419,186,-65,-273,0,-12,-101,602,12020,958,15,11,14682,1576,1568,1691,1679,-654,307,-626,294,-972,481,255,-535,141,-7,-83,158
34226,-377,2943,69,122,1250,-11308,19822,-1339,-62,-237,0,-20,-99,602,12020,981,65,7,13722,1549,1526,1692,1660,-636,247,-624,243,-951,390,255,-569,175,-6,-84,158
34276,-673,2830,155,120,1290,-688,20372,-362,-55,-241,0,-25,-99,602,12020,981,73,7,11907,1464,1389,1601,1558,-685,181,-672,177,-985,265,255,-558,202,-4,-84,156
34326,-1026,2824,54,-31,982,-2824,16893,858,-24,-292,0,-22,-108,603,12060,974,18,11,15837,1563,1573,1705,1690,-478,70,-466,68,-753,152,255,-573,140,-5,-84,155
34376,-547,3294,-72,20,1173,-6669,12620,186,-31,-230,0,-15,-102,603,12060,970,12,7,11758,1531,1489,1662,1658,-396,155,-384,150,-681,247,255,-469,125,-6,-84,156
34426,-763,2754,223,-48,1180,-5693,14573,919,-36,-152,0,-19,-82,603,12060,975,16,11,12567,1577,1525,1707,1677,-434,194,-423,189,-675,256,255,-409,203,-6,-84,157
34476,-970,2591,89,-149,798,4743,12987,-1949,-61,-146,0,-26,-76,604,12100,966,-32,7,19174,1597,1549,1715,1706,-410,103,-396,100,-552,85,255,-424,138,-7,-83,156
34526,-260,2774,-24,80,1156,-1970,4625,-1278,-10,-128,0,-8,-74,602,12020,963,-6,7,11410,1455,1460,1597,1601,-335,53,-323,51,-401,136,255,-357,84,-7,-83,152
34576,-440,2221,166,-54,1210,-6120,5357,1346,-1,-134,0,-6,-68,602,12020,948,-46,11,16491,1574,1550,1683,1687,-198,-106,-188,-101,-264,25,255,-336,38,-9,-81,156
34626,-407,1952,-27,-19,930,776,3709,980,71,-154,0,7,-64,603,12060,965,27,11,11186,1446,1467,1617,1616,-88,-69,-85,-67,-136,-64,255,-305,-45,-11,-81,149
34676,235,2140,-64,95,1067,104,1695,-1033,102,-89,0,22,-54,602,12020,945,-43,11,17536,1579,1588,1716,1701,5,-10,4,-9,0,-9,255,-212,-85,-14,-81,143
34726,442,1650,-7,-135,674,2302,47,491,81,-43,0,28,-37,603,12060,937,-54,11,16392,1605,1601,1731,1742,-20,-143,-19,-134,17,-144,255,-195,-84,-16,-81,149
34776,597,1791,-57,-41,1040,4438,-6483,-1522,80,-55,0,27,-42,602,12020,986,82,11,7282,1507,1438,1599,1626,211,-149,208,-147,306,-349,255,-107,-158,-20,-81,155
34826,1264,1104,117,-66,887,4438,-5689,3,59,34,0,35,-15,602,12020,963,40,7,13671,1511,1484,1638,1628,183,-261,176,-251,274,-323,255,-37,-114,-22,-80,149
34876,1247,853,44,89,857,8466,-4957,3299,58,62,0,31,-4,603,12060,952,-26,7,14994,1607,1556,1712,1704,309,-222,294,-211,416,-424,255,72,-127,-25,-78,148
34926,1697,729,-98,120,1350,10175,-10389,-179,37,126,0,35,12,602,12020,942,-12,7,15666,1546,1449,1659,1649,363,-163,342,-153,524,-433,255,130,-125,-27,-78,155
34976,1979,-311,125,9,1031,9504,-8497,125,-3,145,0,33,31,602,12020,935,18,7,14221,1531,1527,1658,1643,449,-382,420,-357,621,-388,255,210,-197,-30,-75,150
35026,1979,-254,-210,198,1076,5109,-10328,-240,102,129,0,51,33,601,11980,955,13,4,14625,1524,1503,1644,1638,479,-288,458,-275,670,-415,255,222,-258,-33,-75,156
35076,2428,-511,-24,287,1039,1813,-13502,919,103,160,0,58,40,603,12060,951,0,11,17418,1563,1553,1698,1689,509,-297,484,-282,763,-348,255,287,-229,-36,-74,154
35126,2045,-856,-160,-57,1050,5354,-12891,1041,60,167,0,49,50,602,12020,931,6,7,13934,1555,1486,1679,1661,586,-289,545,-269,786,-446,255,308,-198,-38,-74,154
35176,2437,-934,-231,35,1113,8466,-15638,64,53,204,0,52,60,602,12020,957,80,11,9884,1528,1523,1649,1672,614,-300,588,-287,917,-399,255,437,-197,-41,-73,152
35226,1801,-2209,179,-147,721,1936,-15943,-1156,48,237,0,45,80,603,12060,976,63,11,12782,1520,1529,1624,1657,498,-388,486,-379,801,-369,255,421,-193,-41,-71,157
35276,1408,-2807,200,-125,815,8405,-15394,1651,101,145,0,47,72,603,12060,957,0,7,14085,1588,1546,1664,1702,726,-394,695,-377,1005,-517,255,406,-248,-45,-70,156
35326,1737,-2787,-2,-56,1075,7612,-13929,-545,157,123,0,62,73,602,12020,976,80,7,8542,1489,1519,1638,1652,665,-328,649,-320,916,-381,255,400,-298,-47,-69,154
35376,1772,-2425,0,-49,963,4072,-13929,-1217,185,148,0,69,71,603,12060,958,-19,7,17571,1628,1541,1690,1695,628,-348,602,-333,921,-537,255,417,-296,-50,-70,155
35426,2414,-2444,-78,150,1073,11274,-15333,1773,130,178,0,65,79,602,12020,979,6,7,14984,1561,1525,1672,1682,645,-224,632,-219,902,-436,255,469,-301,-52,-70,156
35476,2670,-2491,83,-6,917,6635,-13197,369,111,233,0,69,88,603,12060,975,50,15,11153,1456,1432,1599,1614,592,-255,577,-249,854,-299,255,443,-288,-53,-71,153
35526,2466,-2443,197,86,1119,8710,-18446,1285,124,196,0,66,77,606,12180,958,-15,24,18414,1596,1559,1675,1722,596,-251,571,-241,919,-369,255,385,-279,-55,-71,157
35576,2271,-2943,21,-76,1000,5476,-18140,125,142,101,0,70,70,603,12060,959,-29,7,16633,1536,1531,1637,1672,583,-170,559,-163,774,-293,255,374,-306,-58,-73,155
35626,1565,-2998,-172,-104,835,2241,-9473,-1033,203,122,0,70,81,604,12100,943,4,15,13386,1572,1544,1706,1684,592,-153,558,-144,696,-263,255,477,-247,-59,-74,157
35676,1955,-2378,122,174,908,17133,-8192,-1156,92,251,0,47,89,602,12020,975,9,7,15458,1573,1467,1654,1676,438,-222,427,-216,682,-426,255,404,-177,-59,-74,154
35726,2867,-1971,-68,68,877,4743,-16187,1163,23,206,0,53,76,603,12060,958,9,11,15953,1587,1585,1687,1723,419,-118,402,-113,698,-106,255,387,-201,-59,-75,153
35776,2532,-2121,6,1,1146,-6120,-9779,491,35,210,0,52,78,603,12060,970,75,7,11138,1488,1468,1627,1643,312,-20,302,-20,484,51,255,383,-147,-59,-76,146
35826,1960,-1736,25,60,1386,1325,-7703,736,41,202,0,42,70,603,12060,943,-28,11,18697,1596,1572,1685,1707,222,-35,209,-33,371,0,255,305,-117,-58,-77,148
35876,1722,-1641,101,-163,880,1142,-6055,-911,23,140,0,39,54,603,12060,958,27,15,12221,1560,1538,1668,1707,230,47,220,45,332,17,255,193,-126,-58,-79,149
35926,1435,-1690,9,-263,894,-4045,-2882,-2193,39,25,0,39,34,602,12020,955,-4,7,13253,1542,1496,1659,1643,101,127,96,122,77,60,255,195,-105,-58,-81,147
35976,1209,-964,-106,257,1103,9809,7554,1163,44,129,0,24,45,603,12060,940,-1,11,12675,1565,1450,1648,1634,15,75,14,70,0,-85,255,185,29,-56,-83,143
36026,2002,-530,107,145,924,1691,-3553,614,-91,144,0,14,35,602,12020,938,-13,7,14367,1542,1525,1670,1683,-35,171,-32,160,25,232,255,139,38,-54,-84,147
36076,1706,-515,-135,171,1208,-9843,-3919,-57,-98,110,0,8,33,602,12020,961,21,7,14271,1533,1496,1665,1629,-72,238,-70,229,-9,419,255,120,125,-51,-85,149
36126,1159,-182,-105,98,1145,-5327,-806,1529,-136,88,0,-7,22,603,12060,940,-13,11,14903,1542,1557,1646,1674,-186,77,-175,72,-100,291,255,57,100,-49,-86,152
36176,886,-717,76,-48,1273,-11064,-4774,1224,-91,-7,0,0,9,603,12060,949,-19,7,15075,1509,1543,1635,1658,-236,259,-224,246,-221,383,255,-27,53,-47,-88,150
36226,66,-829,24,-3,1212,-4533,5296,1651,0,-81,0,1,-1,602,12020,930,6,7,14395,1527,1438,1614,1605,-303,347,-282,323,-426,298,255,-45,115,-45,-91,145
36276,180,-322,-57,-4,753,6330,9691,3055,-47,-85,0,-6,-8,603,12060,939,-8,11,15315,1614,1572,1697,1706,-435,296,-409,278,-595,297,255,-190,157,-42,-93,151
36326,648,-14,200,-30,996,-2214,10118,-667,-130,-170,0,-13,-37,603,12060,935,33,11,12921,1492,1494,1620,1621,-431,344,-403,322,-637,484,255,-281,135,-40,-94,157
36376,88,-71,-32,117,1056,-11430,13597,1041,-49,-254,0,-9,-47,602,12020,956,27,11,15209,1532,1516,1618,1609,-575,409,-550,391,-908,424,255,-291,164,-38,-98,156
36426,-218,776,-111,175,1055,-4716,18785,1163,-80,-193,0,-23,-48,602,12020,947,-53,7,16105,1663,1595,1743,1721,-519,404,-492,383,-884,366,255,-290,256,-36,-99,159
36476,-320,1625,-25,45,991,-3068,15489,-545,-130,-116,0,-32,-50,602,12020,945,-6,4,13705,1571,1539,1688,1682,-686,367,-648,346,-901,518,255,-367,270,-31,-100,158
36526,180,1709,53,77,585,-9599,9324,1773,-199,-178,0,-38,-67,603,12060,947,21,11,16744,1536,1500,1639,1635,-673,449,-637,426,-867,603,255,-356,289,-29,-101,156
36576,-220,1373,-62,181,1126,-13566,14818,2933,-187,-183,0,-43,-58,603,12060,935,19,7,13353,1520,1520,1653,1625,-730,509,-682,476,-1037,791,255,-311,365,-25,-103,162
36626,-419,2030,-67,354,1082,-20402,16038,1590,-245,-110,0,-61,-55,596,11781,956,38,0,14112,1513,1489,1636,1634,-735,489,-702,468,-994,841,255,-343,447,-21,-103,161
36676,-1216,2059,44,-109,905,-18693,6944,2445,-250,-155,0,-67,-68,602,12020,936,11,11,13840,1585,1589,1702,1708,-669,529,-627,495,-855,837,255,-394,431,-17,-103,161
36726,-1413,2063,59,30,994,-16496,8897,3,-234,-148,0,-71,-66,602,12020,927,34,7,11111,1516,1420,1623,1589,-654,517,-606,480,-884,676,255,-355,472,-15,-104,155
36776,-956,2588,-68,95,789,-10942,14573,-850,-283,-116,0,-75,-66,603,12060,914,9,7,13676,1566,1537,1670,1677,-733,312,-670,285,-892,657,255,-403,453,-11,-102,158
36826,-1345,2218,10,164,846,-24431,4075,2200,-212,-179,0,-68,-75,602,12020,927,48,7,11937,1489,1516,1642,1638,-644,468,-597,434,-798,900,255,-423,428,-9,-101,158
36876,-2061,2502,-181,-4,998,-17106,11033,-606,-146,-192,0,-64,-78,602,12020,916,3,11,14354,1548,1522,1678,1628,-679,317,-622,291,-942,514,255,-384,388,-6,-100,160
36926,-1978,2768,-161,38,991,-7524,9752,1285,-134,-120,0,-62,-69,603,12060,928,70,11,12219,1527,1497,1624,1630,-722,243,-670,225,-844,320,255,-351,378,-3,-99,158
36976,-1559,2362,125,228,1117,-14848,3770,736,-149,-102,0,-60,-64,603,12060,916,-16,7,15552,1573,1563,1661,1684,-622,173,-570,158,-673,426,255,-394,337,0,-96,158
37026,-1610,1974,153,84,752,-13322,3221,369,-81,-183,0,-45,-75,603,12060,933,34,11,12877,1532,1517,1673,1654,-488,104,-455,97,-630,270,255,-389,283,0,-94,154
37076,-1437,2316,-174,141,1107,-2763,10240,491,-72,-158,0,-42,-68,603,12060,942,68,4,10800,1534,1479,1659,1621,-540,26,-509,25,-731,-29,255,-310,253,2,-92,155
37126,-1081,2231,-152,193,1044,-139,7371,308,-91,-116,0,-41,-59,602,12020,930,54,7,13317,1459,1476,1583,1606,-615,-191,-572,-178,-671,-152,255,-311,231,5,-88,158
37176,-841,1954,93,-55,901,-3679,3587,-423,-76,-142,0,-28,-65,602,12020,939,-1,11,14958,1590,1623,1718,1721,-456,-233,-428,-219,-553,-42,255,-342,114,7,-83,156
37226,-1006,1700,116,-23,766,-5205,4564,-1339,27,-177,0,-11,-68,602,12020,927,13,7,11545,1499,1461,1630,1615,-470,-208,-436,-192,-615,-234,255,-351,70,7,-81,157
37276,-509,2410,-208,55,1178,3400,6212,125,61,-141,0,2,-67,601,11980,943,58,7,12018,1462,1371,1582,1568,-476,-339,-449,-320,-560,-509,255,-284,15,9,-77,152
37326,45,1929,-9,272,890,7062,2855,2506,72,-105,0,8,-55,603,12060,930,-47,11,17191,1587,1585,1702,1710,-266,-342,-247,-318,-307,-443,255,-263,-17,10,-73,153
37376,609,1682,139,172,917,-627,-440,-606,47,-92,0,16,-51,602,12020,910,-120,11,16511,1645,1637,1759,1776,-272,-440,-248,-400,-264,-519,255,-259,-102,10,-69,157
37426,555,1506,69,-36,1017,10480,963,-2132,118,-113,0,33,-50,603,12060,928,5,11,9508,1527,1477,1672,1670,-245,-563,-228,-522,-283,-789,255,-207,-184,10,-66,156
37476,379,1115,110,-63,811,19941,3953,-3109,198,-108,0,46,-43,603,12060,926,-6,7,15040,1603,1484,1668,1683,-202,-763,-187,-707,-253,-1248,255,-276,-291,10,-61,159
37526,1255,1261,198,-57,836,25434,-562,-667,282,-146,0,77,-56,602,12020,934,12,7,12168,1567,1509,1704,1692,-121,-662,-113,-618,-206,-1100,255,-241,-399,8,-58,158
37576,2456,1715,-132,178,1265,20429,7799,-2681,229,-55,0,85,-38,602,12020,931,7,11,16033,1560,1402,1670,1628,-92,-756,-86,-704,-212,-1226,255,-104,-387,8,-54,158
37626,3289,1777,-20,399,1048,22565,-2210,1651,166,36,0,82,-24,602,12020,918,-45,7,16349,1574,1560,1693,1720,-57,-732,-53,-672,0,-1014,255,-106,-405,7,-51,154
37676,3532,1106,11,30,1022,3156,-3858,-3353,151,-23,0,92,-25,603,12060,909,0,11,12012,1442,1457,1654,1656,76,-726,69,-660,127,-844,255,-32,-481,6,-47,150
37726,3155,876,-150,200,1244,11091,1024,-1094,217,33,0,95,-6,602,12020,909,22,7,12354,1569,1488,1676,1686,2,-693,2,-629,19,-995,244,-15,-426,6,-45,147
37776,2604,75,176,-216,886,17683,-6422,-57,241,-28,0,98,-11,601,11980,922,15,7,10187,1576,1559,1697,1739,146,-814,135,-751,253,-1061,255,-50,-561,4,-42,152
37826,3150,-213,178,-235,937,15058,-2210,-2376,303,-78,0,120,-15,604,12100,924,23,15,12870,1594,1505,1714,1706,192,-641,178,-592,144,-1031,255,-7,-573,2,-42,157
37876,3182,-94,-64,-17,953,22138,1512,-2376,291,-15,0,113,0,602,12020,906,15,7,11946,1554,1450,1647,1652,178,-742,161,-673,160,-1105,255,46,-501,1,-39,151
37926,3861,164,42,25,945,19758,-2149,-972,238,41,0,114,4,604,12100,948,66,15,12783,1476,1440,1631,1637,226,-676,215,-641,269,-890,255,70,-544,0,-38,148
37976,3951,-79,76,63,828,11640,-7459,1285,247,78,0,117,14,603,12060,907,-1,7,15737,1454,1357,1578,1585,336,-685,304,-621,450,-968,255,169,-536,-1,-37,150
38026,4021,-343,-223,182,1169,19208,-8619,430,219,110,0,110,31,603,12060,946,3,11,13162,1582,1517,1693,1686,466,-570,441,-539,601,-892,255,213,-495,-3,-37,155
38076,4120,-139,-169,339,1255,14143,-5689,125,225,151,0,111,35,603,12060,924,-25,11,16436,1550,1521,1706,1695,434,-533,401,-493,529,-760,255,188,-528,-7,-37,157
38126,4371,-186,141,-200,1063,18964,-5506,-484,190,156,0,118,31,602,12020,944,32,7,11638,1535,1441,1654,1661,464,-483,438,-456,579,-793,255,235,-530,-9,-37,156
38176,4186,-568,33,-106,1077,17133,-9595,-2437,168,175,0,108,43,602,12020,929,-16,11,14920,1556,1492,1670,1663,497,-367,461,-341,701,-616,255,289,-412,-11,-38,159
38226,4145,-457,42,28,817,3034,-10511,-1522,105,223,0,93,50,604,12100,934,0,15,15739,1516,1448,1639,1656,438,-185,409,-173,663,-269,255,288,-367,-13,-40,153
38276,3620,-980,157,-19,770,6269,-15638,-57,91,199,0,82,51,603,12060,909,-57,11,15055,1643,1599,1752,1761,618,-212,562,-193,828,-222,255,386,-271,-15,-41,154
38326,2705,-1329,-196,112,1229,-3190,-11854,-1583,71,221,0,60,70,604,12100,924,7,15,14159,1536,1502,1678,1684,569,-52,525,-48,814,-25,255,389,-235,-16,-42,155
38376,2617,-1615,192,39,1097,288,-13563,-972,108,209,0,67,66,603,12060,931,91,7,9987,1445,1317,1553,1560,523,-18,486,-17,768,-85,255,384,-163,-18,-45,150
38426,2337,-1666,-108,229,890,7612,-16065,1285,45,205,0,44,71,601,11980,933,25,4,14131,1584,1546,1675,1680,576,0,538,0,848,-59,255,397,-105,-19,-46,148
38476,2093,-1664,15,57,1192,-11857,-11060,-667,-5,223,0,36,73,604,12100,900,-8,11,15820,1525,1546,1672,1682,559,221,503,199,765,408,255,373,-21,-21,-49,152
38526,1292,-1946,46,-8,899,-3862,-15943,-118,-25,198,0,18,71,602,12020,924,11,7,12530,1535,1452,1636,1650,495,270,458,250,730,269,255,426,60,-21,-51,149
38576,897,-2363,-88,45,1010,959,-15394,-57,-51,212,0,4,85,603,12060,932,16,11,14766,1526,1496,1654,1648,531,404,495,376,766,400,255,469,171,-22,-53,148
38626,940,-2184,-52,79,909,-8989,-11060,980,-147,207,0,-13,80,603,12060,917,27,11,11254,1542,1487,1664,1666,506,492,464,451,718,684,255,409,199,-22,-55,152
38676,733,-1870,12,115,903,-8195,-11549,-545,-150,185,0,-18,69,602,12020,923,-21,11,16422,1577,1559,1698,1706,521,497,481,459,687,696,255,397,191,-23,-58,154
38726,486,-1991,-52,-94,1264,-13688,-8070,2200,-147,184,0,-18,72,603,12060,923,-24,11,15604,1545,1506,1660,1661,469,540,433,499,639,742,255,394,210,-23,-60,156
38776,425,-1969,29,122,1326,-13383,-11365,797,-171,182,0,-27,70,602,12020,918,17,11,14223,1569,1532,1660,1691,373,657,342,603,611,908,255,297,322,-24,-64,154
38826,-327,-2216,61,-119,900,-16069,-10267,-301,-208,88,0,-43,54,602,12020,907,19,7,13705,1535,1527,1651,1667,244,576,221,523,384,880,255,295,347,-24,-67,154
38876,-829,-2277,-21,-19,750,-17290,-7215,-1033,-215,84,0,-55,57,603,12060,915,20,20,14549,1573,1557,1640,1639,249,719,228,658,330,1022,255,323,471,-23,-70,156
38926,-1373,-2123,-176,192,1337,-22478,-5811,1651,-256,82,0,-76,56,602,12020,909,42,7,12347,1529,1520,1633,1642,145,718,132,652,239,1094,255,265,522,-21,-71,157
38976,-1905,-2048,-58,159,979,-27666,-5628,2689,-286,50,0,-86,45,604,12100,910,13,11,16399,1517,1503,1615,1641,24,798,22,726,59,1193,255,169,596,-19,-73,153
39026,-2250,-2041,-37,188,1138,-18632,3282,3787,-288,-25,0,-99,32,603,12060,930,21,11,11990,1618,1563,1678,1680,48,800,45,744,0,1087,255,157,621,-18,-74,153
39076,-2190,-1721,-39,79,1000,-15092,4259,1041,-297,-11,0,-98,29,602,12020,922,34,11,15075,1464,1434,1589,1582,-81,778,-74,717,-161,1022,255,64,668,-16,-75,156
39126,-2429,-913,96,10,854,-17290,2916,2445,-310,-58,0,-103,2,603,12060,919,12,11,13550,1497,1496,1587,1618,-192,547,-177,502,-253,877,255,-53,628,-15,-75,155
39176,-2488,-286,-12,-81,898,-22722,7738,1346,-295,-79,0,-99,-9,603,12060,916,-37,7,16351,1627,1632,1742,1722,-217,701,-199,642,-348,1096,255,-119,575,-14,-75,159
39226,-2760,418,-142,71,1481,-19853,9752,-301,-230,-101,0,-94,-24,603,12060,923,34,11,12939,1453,1418,1579,1582,-349,693,-322,640,-518,969,255,-191,564,-13,-76,160
39276,-2253,1059,-80,135,1110,-19609,8226,614,-225,-87,0,-86,-34,602,12020,898,35,11,13045,1438,1493,1588,1570,-382,600,-343,539,-586,968,255,-197,530,-11,-76,159
39326,-2883,1388,-29,-45,939,-21745,15794,-179,-199,-62,0,-88,-35,604,12100,932,49,15,12348,1530,1537,1658,1634,-410,570,-382,532,-678,932,255,-220,531,-10,-76,160
39376,-3127,2019,-47,2,904,-12041,9691,1163,-167,-70,0,-88,-48,604,12100,919,25,24,12758,1544,1473,1646,1641,-477,400,-438,368,-662,535,255,-333,474,-8,-76,156
39426,-2318,2581,-69,236,1250,-10515,9019,1407,-140,-90,0,-72,-62,602,12020,921,6,7,14342,1543,1543,1675,1661,-416,414,-384,381,-611,548,255,-359,389,-8,-75,157
39476,-2010,2958,-83,84,1007,-11369,12864,-545,-106,-69,0,-57,-63,603,12060,914,-1,11,16353,1535,1556,1694,1665,-485,354,-443,324,-717,512,255,-380,373,-7,-75,159
39526,-1835,3227,-100,100,1321,-5144,13170,-1461,-107,-108,0,-55,-76,603,12060,933,46,11,15418,1450,1445,1597,1580,-500,166,-467,155,-704,203,255,-424,274,-7,-74,162
39576,-1260,3247,-86,261,1175,-5754,9385,3116,-59,-95,0,-38,-74,603,12060,919,56,11,12594,1502,1518,1645,1628,-590,85,-542,78,-774,137,255,-374,258,-5,-72,155
39626,-1560,3032,-42,-119,846,-1481,12681,614,-77,-94,0,-40,-70,603,12060,914,25,11,14181,1600,1533,1710,1677,-508,-9,-465,-8,-764,-67,255,-400,250,-5,-69,155
39676,-824,2908,-14,-57,745,9931,8287,-545,-72,-147,0,-28,-80,603,12060,896,8,7,13334,1559,1511,1654,1636,-550,-146,-492,-131,-766,-294,255,-474,99,-4,-66,155
39726,257,3555,-209,150,1003,-78,9752,-423,-15,-149,0,-1,-88,603,12060,906,-21,11,15415,1569,1537,1698,1657,-451,-123,-409,-112,-692,-161,255,-456,36,-4,-64,157
39776,518,3501,-98,17,714,-1726,14024,-1339,-9,-115,0,6,-81,603,12060,923,8,7,13729,1543,1535,1679,1645,-510,-313,-471,-289,-733,-315,255,-457,-41,-3,-60,154
39826,503,3898,-207,119,1211,4255,8714,-850,60,-107,0,18,-86,602,12020,941,135,7,8510,1431,1372,1558,1525,-515,-403,-484,-379,-680,-573,255,-433,-112,-3,-58,157
39876,957,3206,-19,276,1165,5048,8104,2445,90,-117,0,30,-79,602,12020,932,62,7,13799,1497,1492,1623,1596,-553,-581,-515,-541,-683,-654,255,-398,-144,-2,-54,156
39926,776,2685,118,44,687,7673,10301,1468,142,-135,0,40,-77,602,12020,933,-27,7,17148,1637,1604,1715,1721,-554,-597,-517,-557,-645,-790,255,-394,-206,-2,-51,157
39976,1028,2379,63,-105,947,18842,8592,3,146,-178,0,48,-78,602,12020,888,-81,11,16743,1619,1550,1707,1701,-488,-795,-434,-706,-603,-1031,255,-408,-327,-1,-45,158
40026,1288,2460,-180,-123,1101,18964,8165,247,265,-223,0,76,-84,602,12020,904,-38,7,13721,1611,1594,1731,1715,-344,-721,-311,-652,-524,-1003,255,-430,-404,-1,-42,162
40076,2191,2660,24,30,1125,17500,8714,-1888,281,-182,0,93,-83,602,12020,920,4,11,16086,1529,1489,1648,1624,-353,-821,-324,-755,-459,-1216,255,-429,-493,-2,-39,159
40126,2661,2636,-67,-51,875,27753,7371,308,311,-209,0,108,-86,603,12060,910,3,11,16003,1527,1523,1630,1633,-338,-1033,-308,-940,-432,-1454,255,-434,-598,-4,-36,160
40176,3432,2903,-60,48,1225,18232,4503,1773,336,-179,0,126,-86,603,12060,917,16,11,14051,1499,1477,1588,1594,-261,-979,-239,-897,-375,-1381,255,-380,-662,-6,-34,161
40226,3283,2893,-91,-8,1167,20490,6395,1163,372,-121,0,131,-73,602,12020,919,0,7,14365,1654,1598,1728,1719,-228,-940,-209,-864,-301,-1413,255,-324,-651,-8,-32,159
40276,3934,2385,177,-19,923,35261,3160,-789,336,-89,0,134,-63,603,12060,895,2,4,11691,1589,1488,1661,1647,-77,-927,-68,-829,-102,-1577,255,-312,-696,-10,-29,157
40326,4473,1707,115,-240,1003,30866,230,1285,346,-131,0,151,-59,603,12060,891,8,11,15586,1553,1525,1666,1654,-8,-880,-7,-784,-39,-1374,255,-257,-773,-13,-29,157
40376,4579,1266,-235,108,961,18171,4442,2322,386,-148,0,154,-46,602,12020,903,28,15,14784,1554,1511,1667,1620,73,-810,66,-732,-97,-1180,255,-114,-692,-15,-28,158
40426,4337,1276,-84,2,986,21711,8592,-728,283,-21,0,131,-24,604,12100,892,25,15,14622,1497,1409,1581,1563,54,-785,48,-700,-33,-1200,255,-97,-629,-17,-27,153
40476,4782,1664,132,-23,849,11884,-2637,4215,238,23,0,132,-28,602,12020,914,6,7,12751,1561,1557,1611,1661,160,-804,146,-734,196,-903,255,-106,-649,-20,-27,155
40526,4104,634,169,-196,490,7673,-2576,-57,270,-60,0,134,-30,603,12060,894,-55,11,17769,1665,1655,1749,1747,224,-623,200,-557,254,-782,255,-89,-673,-22,-28,156
40576,3280,382,-81,-107,1060,17133,5845,1590,413,-96,0,141,-24,602,12020,900,-23,7,13212,1595,1514,1675,1654,243,-460,219,-414,109,-1037,255,-1,-592,-26,-30,157
40626,3664,707,-181,22,1062,30988,3160,-1888,275,13,0,117,-6,603,12060,907,27,11,12757,1571,1462,1636,1619,258,-523,234,-475,235,-1048,255,25,-514,-28,-31,155
40676,4615,301,-36,76,996,11152,-6605,-179,175,16,0,114,-1,603,12060,898,36,11,11358,1382,1431,1519,1546,473,-340,425,-306,543,-426,255,98,-525,-32,-32,152
40726,3857,245,-11,-44,838,-4411,-7276,2384,184,88,0,107,13,602,12020,924,8,7,14782,1658,1615,1723,1704,552,-170,510,-157,645,-220,255,155,-438,-36,-34,152
40776,3081,110,-87,112,1235,7001,-9229,1041,202,128,0,92,24,602,12020,922,6,11,15937,1535,1479,1630,1641,516,-109,476,-101,738,-331,255,226,-337,-39,-38,153
40826,2846,-383,16,-75,1230,6025,-11793,-1033,146,176,0,80,40,604,12100,890,-63,15,16382,1655,1608,1718,1721,605,-13,538,-12,853,-126,255,287,-279,-42,-40,155
40876,2723,-577,62,-116,907,471,-12891,614,93,205,0,69,48,603,12060,893,-19,11,14671,1599,1580,1687,1692,733,145,654,129,1016,273,255,340,-198,-46,-44,151
40926,2692,-1237,199,71,946,-5205,-17103,-301,24,184,0,51,53,602,12020,918,41,7,14723,1544,1478,1631,1632,696,281,639,258,963,360,255,346,-125,-48,-47,151
40976,1716,-1931,-137,140,1051,-9660,-13807,2628,51,137,0,39,63,603,12060,887,4,7,15476,1572,1542,1657,1657,789,454,700,402,959,590,255,456,26,-53,-52,151
41026,824,-2040,-53,-51,976,-11857,-13135,247,-28,244,0,11,85,603,12060,887,-37,11,15349,1640,1610,1738,1722,837,530,743,470,1053,730,255,514,115,-55,-56,154
41076,525,-1873,62,93,935,-10332,-16492,-484,-85,295,0,-8,89,603,12060,879,-34,7,16998,1569,1561,1658,1668,812,635,714,558,1115,849,255,508,216,-57,-60,152
41126,305,-2380,135,38,810,-12895,-20643,186,-120,264,0,-18,90,602,12020,904,2,7,15853,1616,1584,1713,1699,874,693,790,626,1150,946,255,548,259,-59,-63,152
41176,-482,-3095,-202,323,1257,-14482,-13990,-57,-133,231,0,-39,103,602,12020,871,-68,7,17993,1629,1593,1721,1687,811,837,707,729,1056,1075,255,630,442,-61,-68,160
41226,-889,-2476,-174,137,1155,-16130,-14478,858,-223,326,0,-61,111,602,12020,884,-23,7,15551,1592,1625,1724,1724,713,635,630,562,1008,1063,255,605,438,-61,-69,160
41276,-711,-2625,-72,22,1525,-22905,-23634,186,-252,319,0,-61,109,603,12060,877,26,11,13106,1544,1509,1633,1640,640,873,561,765,1095,1249,255,620,545,-61,-73,158
41326,-1311,-3056,31,34,1282,-19060,-21558,1163,-299,266,0,-82,105,602,12020,856,37,7,15904,1444,1483,1572,1599,694,867,594,742,1086,1348,255,538,544,-62,-75,158
41376,-1971,-3615,38,-20,773,-30778,-18751,3482,-252,159,0,-82,93,602,12020,875,57,11,13523,1571,1632,1677,1691,715,1030,625,901,925,1539,255,459,533,-63,-79,158
41426,-2716,-3302,4,-145,1064,-27849,-10999,-1217,-194,137,0,-82,85,602,12020,891,100,7,11151,1525,1482,1636,1613,576,1084,513,966,699,1441,244,481,584,-64,-82,160
41476,-2402,-2830,-47,245,969,-16252,-10084,1224,-280,202,0,-102,90,603,12060,871,16,11,16640,1589,1538,1625,1620,471,1035,410,901,689,1310,255,469,700,-63,-86,160
41526,-2138,-2402,-54,36,1178,-24675,-13746,308,-406,200,0,-117,82,602,12020,887,42,7,13647,1512,1536,1614,1654,321,920,285,816,633,1374,255,444,713,-62,-87,157
41576,-2475,-2842,54,-36,841,-29313,-13685,247,-375,157,0,-115,79,602,12020,900,59,7,12481,1539,1516,1653,1677,391,1063,352,957,576,1484,255,334,740,-62,-90,157
41626,-2997,-3257,141,-79,962,-18754,-6605,1407,-352,7,0,-120,56,602,12020,895,1,7,15543,1537,1540,1639,1639,277,954,247,854,335,1353,255,249,702,-62,-91,154
41676,-3336,-2698,24,-5,804,-17778,5235,-911,-295,-36,0,-116,40,603,12060,883,27,15,12228,1516,1527,1617,1619,110,899,97,794,0,1150,255,122,653,-62,-93,152
41726,-3269,-1382,94,-110,1033,-12407,4320,-423,-260,-12,0,-107,20,602,12020,887,36,7,11962,1487,1399,1580,1568,93,856,82,759,-8,976,255,79,643,-62,-94,152
41776,-2411,-151,-185,22,617,-10820,596,858,-313,30,0,-105,14,602,12020,912,52,7,11548,1570,1536,1656,1654,-18,756,-16,690,0,988,255,61,653,-61,-96,148
41826,-1849,-171,-50,-49,1053,-14726,-684,-301,-368,52,0,-104,14,603,12060,905,20,11,13844,1523,1547,1646,1662,-92,590,-83,534,-27,940,255,68,587,-60,-95,154
41876,-1838,-1029,128,92,1315,-21074,47,-1278,-339,-19,0,-100,12,603,12060,920,13,11,12550,1576,1589,1683,1689,-247,562,-227,517,-281,971,255,0,543,-57,-95,156
41926,-2375,-1218,-70,110,1275,-15214,4564,430,-232,-146,0,-89,-6,602,12020,900,-7,7,14912,1596,1576,1685,1709,-290,558,-261,502,-348,807,255,-87,520,-55,-95,158
41976,-2814,-952,-61,-204,812,-7219,10057,-667,-166,-214,0,-77,-23,603,12060,912,6,11,12787,1540,1550,1667,1666,-368,362,-335,330,-611,450,255,-211,364,-53,-94,160
42026,-2331,52,-37,-9,826,-3435,12681,-301,-105,-178,0,-62,-34,603,12060,910,29,11,10573,1549,1458,1626,1610,-456,341,-415,310,-705,255,255,-185,368,-52,-94,157
42076,-728,856,36,186,705,-4899,11644,308,-206,-89,0,-59,-33,602,12020,918,-53,11,18678,1654,1618,1734,1745,-546,91,-501,84,-679,220,255,-281,327,-48,-91,154
42126,-458,1294,40,143,1387,-13566,6761,-1583,-205,-161,0,-50,-55,602,12020,914,-33,7,14727,1513,1531,1667,1670,-479,20,-437,18,-644,270,255,-354,286,-47,-88,158
42176,-1042,1359,-72,-113,778,-8928,17991,-1522,-109,-243,0,-36,-69,602,12020,894,-61,7,16036,1596,1622,1764,1711,-634,6,-567,5,-1055,76,255,-374,157,-45,-87,158
42226,-975,2453,-181,145,1288,-200,21531,-1033,-34,-131,0,-26,-65,602,12020,866,-33,7,13924,1581,1487,1686,1682,-811,-181,-702,-157,-1125,-341,255,-389,195,-42,-84,164
42276,-607,2646,30,-217,786,5720,11827,-1339,-75,-176,0,-20,-82,602,12020,895,60,11,11517,1476,1493,1664,1662,-764,-329,-683,-294,-991,-324,255,-488,6,-39,-79,159
42426,113,2586,124,0,834,17316,14757,-2254,222,-317,0,45,-111,603,12060,867,-27,11,13968,1517,1517,1662,1663,-783,-703,-679,-609,-1066,-967,255,-599,-324,-31,-68,162
42476,828,3024,-35,102,953,17622,23607,-1766,310,-297,0,73,-110,602,12020,884,-41,7,16441,1625,1534,1709,1685,-878,-779,-776,-689,-1317,-1218,255,-643,-381,-30,-64,164
42526,1636,3326,183,-124,962,28669,20494,-2803,304,-338,0,90,-129,602,12020,884,6,7,12548,1527,1486,1682,1663,-903,-907,-798,-802,-1329,-1346,255,-678,-516,-29,-61,164
42576,2398,3539,-50,-173,908,23969,24583,-3170,287,-293,0,102,-118,603,12060,867,3,11,14373,1595,1532,1698,1671,-913,-1153,-791,-1000,-1310,-1532,255,-618,-504,-27,-57,168
42626,3051,3777,46,-76,609,24824,17015,-1278,259,-265,0,106,-120,603,12060,899,57,11,12963,1550,1500,1667,1660,-849,-1065,-763,-957,-1150,-1511,255,-584,-601,-26,-53,166
42676,3823,3592,-96,12,895,17683,18419,-1156,281,-235,0,122,-107,602,12020,903,79,11,13200,1505,1456,1649,1625,-725,-1122,-655,-1013,-1018,-1409,255,-557,-617,-24,-48,167
42726,3714,4140,21,10,1066,21772,11827,-118,325,-195,0,129,-112,604,12100,911,93,15,11512,1449,1423,1599,1573,-562,-1053,-512,-959,-764,-1374,255,-551,-714,-24,-45,164
42776,4184,3671,131,-91,582,22565,11583,-240,326,-177,0,140,-104,604,12100,896,-27,7,17229,1594,1563,1701,1675,-479,-1079,-429,-967,-680,-1539,255,-443,-744,-24,-42,165
42826,4257,2987,-108,-128,886,22565,9324,-3414,376,-175,0,152,-84,604,12100,918,46,15,10061,1574,1508,1713,1703,-472,-1109,-434,-1018,-640,-1615,255,-377,-757,-24,-40,167
42876,4586,2635,-82,57,958,27631,4503,-5733,339,-148,0,145,-74,603,12060,909,46,11,10887,1461,1419,1617,1612,-316,-1076,-287,-978,-417,-1567,255,-338,-731,-24,-37,163
42926,5469,1795,134,-88,582,19697,4259,675,261,-160,0,151,-68,602,12020,918,13,7,14292,1550,1501,1692,1674,-241,-1034,-222,-950,-377,-1374,255,-280,-756,-24,-34,161
42976,5394,1376,13,-110,942,20490,6883,-2559,282,-160,0,153,-56,603,12060,933,50,11,10861,1494,1417,1653,1628,-117,-891,-109,-832,-263,-1345,255,-177,-686,-25,-32,163
43026,4920,1738,-124,90,981,20795,8348,-2071,281,-80,0,140,-43,601,11980,943,62,4,12143,1510,1421,1632,1605,-56,-806,-53,-760,-146,-1174,244,-180,-686,-26,-31,159
43076,5501,1776,-21,122,628,18842,963,-789,270,-63,0,146,-43,602,12020,924,42,15,12194,1556,1493,1676,1658,78,-811,72,-749,25,-1056,255,-102,-698,-29,-29,154
43126,5391,1456,-207,68,1025,18354,-928,-606,254,28,0,143,-16,603,12060,930,-14,11,15629,1572,1507,1691,1678,178,-620,166,-577,173,-925,255,8,-633,-31,-29,155
43176,4923,1155,-214,188,1141,7368,-6788,186,245,70,0,132,-3,603,12060,922,-21,11,14393,1543,1538,1696,1709,296,-649,273,-599,456,-777,255,49,-574,-33,-29,155
43226,4695,1015,46,-149,1127,10969,-9656,-362,230,111,0,131,2,603,12060,906,-40,11,14010,1571,1505,1699,1682,441,-549,400,-498,596,-732,255,111,-593,-36,-29,157
43276,4613,640,-217,-38,1247,20856,-9107,-1705,224,116,0,125,14,603,12060,910,-7,7,15602,1543,1484,1661,1664,515,-517,469,-471,698,-863,255,147,-552,-40,-30,157
43326,4798,53,206,-47,806,10603,-13319,-1033,170,130,0,119,18,602,12020,913,10,7,12633,1472,1455,1605,1617,457,-474,417,-433,682,-583,255,192,-528,-42,-31,155
43376,3970,-658,33,-172,776,5598,-14295,-545,171,120,0,109,33,602,12020,891,-66,11,18028,1636,1574,1715,1721,750,-262,668,-234,976,-381,255,368,-373,-46,-33,157
43426,3297,-1024,-45,225,1196,776,-18079,-1217,122,237,0,79,64,602,12020,912,-6,7,13785,1564,1537,1690,1696,714,-177,651,-162,1046,-229,255,414,-271,-48,-34,157
43476,2997,-1549,76,117,943,-2458,-20582,308,123,240,0,75,72,603,12060,904,-23,7,15167,1540,1524,1677,1672,816,-17,738,-16,1159,38,255,523,-240,-51,-36,152
43526,2431,-2053,-16,25,1017,2790,-20582,247,98,274,0,62,90,602,12020,888,-24,7,15498,1573,1497,1669,1673,889,65,790,58,1262,0,255,512,-195,-54,-39,148
43576,2563,-2254,180,65,1292,2973,-19910,430,70,231,0,58,81,602,12020,895,20,11,13285,1548,1504,1670,1656,903,101,809,90,1255,135,255,573,-125,-58,-42,151
43626,1984,-2730,-136,207,1193,1081,-22047,-57,23,286,0,36,106,603,12060,886,29,11,15408,1512,1441,1618,1633,836,302,741,268,1210,271,255,606,0,-59,-44,152
43676,1995,-3065,-149,234,1287,-8317,-24488,247,-73,248,0,17,104,603,12060,881,67,7,11159,1379,1431,1555,1562,912,453,803,399,1293,685,255,608,75,-62,-48,154
43726,1586,-3165,-69,-102,700,-13139,-20093,1407,-123,251,0,7,106,603,12060,861,-80,11,15623,1658,1614,1739,1751,972,526,837,453,1331,746,255,609,154,-65,-51,158
43776,909,-3366,12,-18,756,-6425,-22535,-911,-152,264,0,-13,110,604,12100,893,-20,20,15811,1616,1561,1707,1726,974,651,869,582,1357,782,255,640,240,-67,-55,156
43826,696,-3471,43,-37,1559,-12712,-20032,-179,-210,280,0,-28,115,603,12060,892,15,11,13402,1493,1469,1619,1637,838,682,747,608,1218,954,255,668,321,-68,-57,157
43876,20,-3858,81,-53,959,-20097,-18201,369,-223,277,0,-41,120,603,12060,868,-4,7,15767,1554,1575,1668,1669,760,721,660,625,1062,1180,255,593,389,-69,-60,154
43926,-758,-3615,-119,141,1230,-18876,-17164,64,-190,189,0,-52,102,603,12060,879,25,11,14789,1557,1560,1657,1690,664,768,584,675,969,1113,255,527,381,-70,-63,158
43976,-934,-3198,-100,167,1178,-24980,-16614,1285,-161,190,0,-49,95,602,12020,884,97,7,9630,1371,1440,1580,1583,618,944,547,834,881,1334,255,604,507,-70,-68,157
44026,-2201,-3691,146,-166,792,-19975,-10389,1712,-237,256,0,-80,112,604,12100,887,14,15,16484,1640,1614,1717,1708,569,912,505,809,753,1259,255,592,599,-69,-70,160
44076,-2595,-3373,-67,61,911,-9599,-8741,858,-256,231,0,-98,107,603,12060,891,14,11,13770,1637,1613,1727,1733,480,913,427,814,663,1139,255,519,657,-67,-71,155
44126,-2631,-3063,-8,-75,1487,-16801,-9718,736,-294,185,0,-103,90,603,12060,914,121,11,11784,1414,1407,1573,1592,373,982,341,897,543,1298,255,459,648,-66,-73,158
44176,-2251,-3231,9,-31,1062,-22966,-6483,2017,-309,153,0,-99,87,603,12060,905,91,11,14437,1524,1562,1624,1628,298,957,270,866,399,1377,255,438,670,-64,-75,156
44226,-2714,-3425,113,1,662,-20463,-684,797,-290,115,0,-104,80,603,12060,886,-9,11,15370,1585,1590,1676,1690,100,837,89,741,168,1225,255,387,658,-62,-77,153
44276,-3072,-3097,54,44,1191,-17106,-2027,1346,-273,66,0,-108,67,602,12020,915,60,11,13612,1467,1425,1557,1584,-34,859,-31,786,52,1197,255,262,672,-58,-79,155
44326,-3267,-3291,287,10,983,-18022,-1905,2994,-274,-48,0,-111,42,602,12020,895,-34,7,14183,1555,1556,1643,1672,-20,839,-18,751,0,1195,255,180,682,-56,-79,155
44376,-3571,-2610,-66,241,1314,-18876,6029,2506,-238,-42,0,-113,39,602,12020,886,-60,11,15260,1635,1628,1756,1733,-193,950,-171,842,-327,1198,244,178,716,-52,-80,162
44426,-3741,-2213,152,-70,811,-14421,9630,125,-284,-2,0,-120,36,604,12100,908,-12,15,14141,1555,1545,1682,1687,-272,766,-247,695,-402,1040,255,115,735,-49,-80,159
44476,-3606,-1434,-63,96,1396,-12773,4503,552,-296,-46,0,-123,17,603,12060,893,-3,11,12750,1527,1496,1622,1642,-364,726,-325,648,-447,919,255,-16,675,-45,-79,158
44526,-2981,-1428,79,-49,950,-15581,7921,1773,-282,-121,0,-107,0,603,12060,880,-43,11,14746,1584,1579,1702,1710,-376,601,-331,529,-533,894,255,-38,633,-42,-79,159
44576,-3088,-1251,171,32,1189,-12468,15367,-1949,-251,-137,0,-104,-6,602,12020,875,-8,7,12063,1514,1471,1619,1603,-534,546,-467,478,-797,797,255,-184,540,-37,-78,162
44626,-2830,-42,-93,51,997,-8867,15184,369,-163,-216,0,-83,-39,602,12020,886,20,7,12474,1510,1515,1624,1640,-635,518,-562,459,-876,672,255,-286,459,-35,-78,156
44676,-2285,1258,-126,-54,1013,-12712,14024,-1156,-141,-173,0,-66,-53,603,12060,878,-41,11,16766,1577,1586,1699,1676,-687,421,-603,370,-917,577,255,-348,407,-32,-78,165
44726,-2055,1689,30,40,1043,-7158,18175,-1583,-146,-206,0,-66,-70,602,12020,882,-1,7,14708,1572,1550,1672,1681,-697,298,-615,262,-975,390,255,-452,377,-30,-77,159
44776,-1419,2145,-63,111,1323,-1970,14757,-301,-133,-236,0,-53,-83,602,12020,886,71,7,11153,1477,1460,1614,1597,-810,215,-718,191,-1107,161,255,-424,309,-27,-76,161
44826,-1490,1899,185,-202,602,471,21470,491,-139,-178,0,-47,-73,603,12060,867,-6,11,14124,1561,1546,1682,1662,-831,60,-720,52,-1183,126,255,-425,301,-24,-74,157
44876,-1517,2171,130,-93,590,3706,20128,186,-122,-191,0,-48,-79,602,12020,900,4,7,16211,1636,1575,1722,1708,-875,-79,-787,-71,-1201,-187,255,-488,222,-20,-70,158
44926,-885,2801,9,88,896,5048,17442,-667,-57,-214,0,-29,-91,602,12020,887,66,7,12627,1437,1384,1580,1554,-887,-150,-787,-133,-1209,-289,255,-480,153,-18,-68,157
44976,-476,2627,-70,146,920,2607,20067,3543,-37,-209,0,-19,-85,602,12020,914,71,7,12996,1539,1512,1675,1637,-914,-252,-835,-231,-1278,-272,255,-451,117,-13,-63,160
45026,163,3329,-48,247,1012,5109,19945,614,-54,-146,0,-13,-85,601,11980,900,57,4,12404,1562,1477,1666,1642,-849,-261,-764,-235,-1189,-385,255,-491,84,-11,-60,158
45076,1023,3598,17,83,688,7551,13170,186,-77,-154,0,0,-94,602,12020,904,6,7,16360,1507,1467,1639,1621,-836,-308,-756,-278,-1007,-358,255,-569,-34,-8,-56,153
45126,792,3488,188,-71,1076,-5998,12803,980,15,-252,0,19,-114,602,12020,908,5,7,15618,1498,1478,1640,1632,-663,-309,-602,-281,-899,-314,255,-606,-104,-8,-54,157
45176,112,3120,-78,205,1193,7368,18114,614,154,-277,0,28,-108,603,12060,889,-7,11,14434,1582,1517,1706,1671,-752,-510,-668,-454,-1133,-781,255,-563,-154,-7,-51,160
45226,273,3468,16,20,1069,17500,22752,-1278,193,-235,0,41,-107,602,12020,929,119,7,7313,1403,1361,1589,1551,-719,-724,-668,-673,-1111,-964,255,-588,-218,-6,-47,160
45276,891,3051,-45,53,704,10664,13231,-2559,203,-315,0,54,-115,602,12020,907,-23,7,17205,1531,1518,1643,1648,-592,-663,-537,-601,-815,-952,255,-567,-327,-6,-43,160
45326,1045,2626,74,-151,931,8833,19212,-606,278,-290,0,76,-104,603,12060,908,-15,11,12780,1635,1599,1785,1730,-475,-711,-431,-646,-874,-985,255,-520,-415,-7,-40,161
45376,1158,2996,-7,4,758,25617,22142,-4451,357,-225,0,89,-96,602,12020,914,15,7,12696,1605,1492,1743,1690,-484,-836,-442,-764,-826,-1476,255,-503,-463,-7,-37,158
45426,2651,2962,195,-123,800,40510,13353,552,268,-238,0,100,-104,603,12060,930,78,11,12543,1562,1490,1664,1662,-391,-838,-363,-779,-584,-1493,255,-509,-583,-9,-35,163
45476,3411,2568,-154,138,1030,16157,10606,3,314,-264,0,119,-94,602,12020,910,32,7,14579,1537,1542,1690,1653,-180,-811,-164,-738,-468,-1123,255,-390,-595,-11,-32,161
45526,3181,2724,-153,-91,1272,17377,16527,-1705,320,-142,0,120,-73,602,12020,897,-27,7,14584,1624,1576,1757,1713,-164,-837,-147,-751,-381,-1155,255,-335,-580,-13,-31,166
45576,3245,2818,79,-114,698,22749,2855,-3902,283,-78,0,115,-68,603,12060,904,7,20,11152,1514,1486,1670,1680,33,-853,30,-771,8,-1255,255,-302,-656,-17,-29,154
45626,3402,2100,-61,-204,846,19331,-1600,-1461,352,-77,0,134,-51,602,12020,914,39,7,11490,1538,1462,1654,1617,78,-862,72,-788,68,-1302,255,-163,-652,-19,-28,157
45676,3810,1898,-7,105,837,20856,352,980,313,17,0,126,-30,602,12020,900,-38,15,17056,1614,1556,1726,1711,288,-838,259,-754,328,-1104,255,-48,-596,-23,-26,154
45726,4402,1390,83,-42,724,10297,-6300,-2254,217,52,0,122,-17,603,12060,888,-87,11,16735,1614,1621,1755,1745,434,-739,385,-656,570,-824,255,-15,-602,-26,-26,157
45776,3617,621,-197,148,1245,3156,-7947,-2254,314,38,0,124,0,603,12060,894,-46,7,15458,1603,1558,1739,1688,495,-645,443,-577,662,-865,255,175,-517,-30,-26,155
45826,3631,494,204,208,1414,24580,-11060,-850,259,176,0,111,22,604,12100,869,1,15,11775,1507,1429,1642,1643,625,-754,543,-655,873,-1060,255,184,-549,-33,-25,157
45876,3893,-278,2,110,791,9626,-21192,-911,261,150,0,118,33,602,12020,885,-15,7,16665,1618,1606,1731,1733,827,-525,732,-465,1133,-630,255,285,-498,-38,-25,155
45926,3587,-822,30,-33,949,7490,-14295,-423,210,190,0,106,50,603,12060,884,-16,11,18015,1582,1557,1727,1688,917,-423,811,-374,1128,-495,255,343,-472,-42,-26,157
45976,3179,-1712,-114,-30,1016,5659,-16676,1773,224,139,0,101,59,602,12020,856,-47,7,14993,1584,1575,1716,1693,968,-313,828,-268,1189,-509,255,493,-420,-48,-28,160
46026,2959,-1639,-138,312,1306,11823,-16614,64,-136,-142,0,19,1,602,12020,872,-2,7,14774,1607,1553,1695,1738,943,-287,823,-250,1212,-414,255,542,-302,-50,-28,158
46076,3159,-1736,14,-137,874,-13322,-4530,-2987,-205,-150,0,19,0,603,12060,868,25,7,12569,1443,1523,1659,1646,1082,-19,939,-16,1020,320,255,564,-325,-55,-30,157
46126,991,-1402,-101,-214,654,-24125,4136,1102,-33,-138,0,19,0,603,12060,856,-34,11,15914,1665,1640,1758,1759,1084,44,928,38,1016,288,255,671,-257,-58,-33,155
46176,744,-1091,35,245,1144,5292,-989,-2681,58,-97,0,20,0,602,12020,869,50,11,13734,1535,1430,1634,1658,1104,39,959,33,1167,8,255,727,-84,-60,-35,146
46226,920,-801,-76,-92,932,-2153,-501,1468,4,-79,0,19,0,603,12060,868,37,11,13798,1498,1504,1631,1635,1222,121,1061,105,1230,283,255,788,-118,-63,-37,150
46276,440,-195,-115,-69,1194,-14360,-1600,3177,46,-26,0,19,0,601,11980,868,83,11,11360,1476,1486,1616,1621,1251,280,1086,243,1330,423,244,880,-55,-66,-41,154
46326,251,-128,-198,-35,944,-4106,-3431,675,76,-24,0,20,1,603,12060,848,-33,11,15261,1572,1563,1656,1696,1224,177,1038,150,1316,270,255,960,-32,-67,-43,152
46376,219,-787,-10,6,933,-993,-4896,1285,81,-69,0,20,0,602,12020,857,-50,7,16755,1591,1574,1692,1687,1392,341,1193,292,1415,394,255,1057,55,-68,-46,148
46426,273,-745,-129,129,1283,-4594,2366,-240,85,-74,0,20,0,602,12020,904,49,7,12325,1578,1588,1690,1714,1391,306,1258,277,1407,409,255,1039,103,-70,-47,152
46476,-288,-461,-31,-144,969,2607,1085,491,112,-41,0,20,0,602,12020,869,-19,15,17229,1603,1553,1712,1723,1494,479,1298,416,1464,310,255,1041,102,-72,-51,153
46526,544,77,-144,13,893,6513,-2454,1773,57,-8,0,20,0,599,11900,869,15,0,12181,1602,1560,1693,1722,1452,413,1262,359,1515,248,255,1149,202,-74,-53,147
46576,1224,-116,103,23,1257,-5876,-1722,-3780,-11,16,0,19,3,603,12060,865,57,11,13528,1429,1458,1625,1652,1492,515,1290,445,1572,676,255,1138,262,-75,-54,154
46626,776,387,-127,-115,771,-5449,-4285,2017,14,23,0,20,0,604,12100,878,80,15,13791,1441,1420,1559,1588,1423,551,1249,484,1534,658,255,1151,249,-77,-56,152
46676,378,586,37,-118,1006,1691,-6849,2078,56,59,2,20,0,602,12020,864,39,7,15593,1519,1471,1612,1625,1593,616,1376,532,1733,538,255,1230,302,-79,-60,149
46726,911,478,-214,-78,889,7734,-8131,-179,14,25,2,20,0,602,12020,884,35,7,13725,1594,1573,1695,1736,1608,581,1421,514,1792,526,255,1286,301,-80,-62,149
46776,1173,112,-8,-15,945,1630,-10206,-2498,2,10,0,21,0,598,11861,878,19,0,13621,1550,1542,1674,1705,1591,641,1397,562,1775,682,255,1315,352,-81,-65,149
46826,1527,-270,-66,-81,1113,-2214,-8619,-606,-43,-29,2,20,0,602,12020,885,-3,7,14797,1583,1564,1671,1713,1648,679,1458,601,1804,714,255,1338,397,-82,-67,154
46876,2069,-390,-3,182,888,-2031,-5567,-1888,-66,-29,2,19,0,603,12060,867,-4,11,14414,1550,1527,1675,1709,1719,802,1490,695,1805,877,255,1383,528,-83,-69,154
46926,1835,-175,52,211,751,-3435,-5018,-301,-39,-2,2,19,0,602,12020,866,2,7,11766,1543,1500,1655,1703,1583,744,1371,644,1673,814,255,1321,542,-84,-69,150
46976,1169,54,-186,-186,849,-871,-6666,-911,-105,-14,2,4,0,602,12020,871,0,7,13514,1532,1482,1645,1669,1749,956,1523,833,1799,980,255,1314,536,-86,-73,151
47026,1188,559,-5,-184,906,-6730,-1112,-118,-223,53,0,-18,0,602,12020,893,-1,7,13939,1606,1549,1704,1725,1753,1050,1566,938,1769,1111,255,1346,567,-88,-76,155
47076,1462,1329,-250,155,1137,-7402,-7947,-2132,-206,103,2,-17,0,571,10814,868,23,0,12239,1504,1443,1603,1669,1652,1043,1434,905,1857,1186,255,1437,743,-89,-79,160
47126,1194,845,-230,168,992,-10270,-6239,-57,-184,58,0,-18,0,569,10738,853,-40,0,15451,1565,1617,1701,1742,1714,917,1462,782,1858,1241,255,1444,786,-89,-79,156
47176,-122,70,197,-188,1041,-13444,-3309,-1644,-107,30,0,-18,0,569,10738,858,-44,0,14001,1592,1609,1743,1776,1702,1015,1460,871,1772,1249,255,1385,744,-90,-80,159
47226,-1005,454,-3,-110,788,-3557,-5323,125,7,45,2,-13,0,567,10663,860,-1,0,13071,1575,1474,1662,1694,1596,1064,1373,915,1659,975,255,1384,776,-90,-82,151
47276,58,828,-112,84,1210,2668,-10877,-1705,-56,72,0,-11,0,568,10700,860,24,0,11704,1475,1431,1589,1656,1679,999,1444,859,1859,1053,255,1423,816,-90,-83,153
47326,642,777,-44,134,1145,-3557,-6788,1102,-102,68,0,-11,0,567,10663,864,26,0,15621,1510,1522,1643,1668,1663,1059,1437,915,1775,1288,255,1377,822,-90,-83,155
47376,396,877,-123,108,1324,-7646,-1966,369,-93,73,0,-12,0,569,10738,870,36,0,12580,1495,1494,1631,1648,1550,1118,1349,972,1537,1245,255,1315,841,-90,-85,154
47426,24,1052,108,-54,680,-1848,-3919,1102,-63,111,-2,-10,0,566,10625,863,-12,0,15233,1615,1590,1694,1739,1615,1147,1393,990,1704,1176,255,1336,849,-91,-86,156
47476,166,693,13,-51,845,349,-5567,-728,-41,69,-2,-4,0,567,10663,846,-29,0,14195,1569,1547,1685,1727,1562,1107,1321,937,1658,1139,255,1325,863,-91,-87,151
47526,761,395,54,83,1498,-1787,-5018,1712,-83,41,-2,-4,0,568,10700,895,18,0,15250,1514,1480,1598,1657,1348,1008,1207,902,1436,1048,255,1318,864,-90,-88,152
47576,490,536,-36,-239,1125,-2092,-5323,1163,-79,46,-2,-2,0,566,10625,875,49,0,11401,1526,1503,1580,1646,1279,1015,1119,888,1371,1107,255,1291,908,-89,-88,155
47626,482,411,-70,121,927,-8745,-1600,797,-40,29,-4,-1,0,567,10663,898,124,0,11146,1401,1437,1541,1574,1451,1107,1303,994,1446,1302,255,1295,938,-89,-88,153
47676,10,492,-82,-21,753,-14787,169,1590,37,49,-4,11,1,569,10738,894,71,0,12562,1544,1558,1618,1637,1374,1282,1228,1146,1380,1329,255,1293,1030,-88,-89,152
47726,-565,172,-71,74,979,-1909,-1295,491,113,15,-2,11,1,565,10588,902,6,0,15981,1530,1543,1616,1658,1304,1103,1176,994,1291,1069,255,1332,1046,-86,-89,152
47776,-421,47,-10,-117,811,776,-318,2994,107,6,-4,16,0,566,10625,890,16,0,15138,1532,1518,1590,1629,1236,1125,1100,1001,1201,1065,255,1337,1081,-83,-88,152
47826,-235,142,-221,134,961,2180,718,1102,123,-7,0,17,0,566,10625,901,-8,0,13153,1524,1510,1622,1655,1157,1058,1042,953,1105,962,255,1298,1101,-81,-87,151
47876,-272,277,-92,60,1050,4926,1756,2384,119,21,-2,17,1,567,10663,856,-110,0,18215,1600,1581,1684,1690,1199,1184,1026,1014,1109,1011,255,1302,1105,-78,-86,156
47926,109,475,-185,179,1103,4438,4136,1346,99,23,2,18,0,567,10663,876,-69,0,17367,1617,1596,1692,1714,1133,1112,992,974,1076,965,255,1247,1082,-75,-85,151
47976,780,742,-122,358,1816,6696,1268,2506,44,58,0,18,0,567,10663,874,32,0,10639,1469,1473,1589,1616,1107,1127,968,985,1119,1050,255,1095,973,-73,-84,150
48026,1382,721,101,27,511,6940,108,2933,-20,87,4,18,0,566,10625,880,0,0,15310,1585,1579,1634,1684,999,1008,879,887,1026,957,255,1044,960,-71,-83,145
48076,1843,606,141,14,1208,-627,-135,1224,-65,69,2,19,0,566,10625,889,0,0,14539,1544,1547,1629,1659,1007,1081,895,961,1037,1214,255,986,922,-70,-84,148
48126,1407,462,-19,-89,904,-9904,-3065,308,-45,43,2,18,0,566,10625,873,19,0,13669,1529,1539,1615,1666,877,1077,766,940,919,1208,255,967,939,-68,-84,148
48176,774,208,113,-149,698,-3129,-2149,797,2,42,0,18,1,567,10663,866,-53,0,15636,1649,1630,1696,1721,984,1166,852,1010,1005,1200,255,1007,982,-66,-84,150
48226,521,-127,-102,76,1110,-3618,-2149,797,53,-16,0,18,0,571,10814,853,-37,0,13766,1542,1554,1642,1667,959,1119,818,955,934,1121,255,1005,1040,-65,-84,152
48276,476,406,-174,138,1131,-4045,-623,1590,62,20,8,18,0,566,10625,876,38,0,11044,1425,1475,1549,1574,836,1100,732,964,790,1130,255,914,1014,-62,-83,149
48326,779,936,84,-17,1079,4804,3709,1163,25,93,2,18,0,565,10588,877,32,0,12771,1532,1475,1604,1597,752,1104,659,968,705,1028,255,836,992,-61,-83,145
48376,1426,1910,-230,132,1139,9321,2977,2506,-13,148,0,19,0,566,10625,876,21,0,13838,1538,1501,1627,1631,785,1130,687,990,755,959,255,790,954,-59,-83,150
48426,2202,2380,-149,-25,729,7124,3099,1651,-105,190,0,18,0,566,10625,876,0,0,11570,1598,1544,1675,1662,690,1024,604,897,643,952,255,762,932,-58,-83,149
48476,2342,2407,-55,143,1007,-566,474,1651,-100,208,0,18,0,565,10588,885,6,0,14576,1562,1541,1647,1645,718,1080,636,956,717,1096,255,702,991,-57,-84,149
48526,2488,2397,66,203,933,-1298,-1539,2933,-102,224,2,19,0,566,10625,885,-48,0,15292,1612,1599,1694,1684,729,1076,645,952,729,1141,255,692,988,-57,-84,152
48576,2222,2049,44,53,1084,-5449,-2393,1041,-97,191,0,19,0,565,10588,861,-54,0,15429,1573,1553,1660,1674,656,1241,565,1068,746,1349,255,651,1004,-55,-84,153
48626,1867,1776,-66,-33,989,-7707,-5933,1041,-78,157,-2,18,0,566,10625,872,-63,0,16812,1589,1588,1676,1681,710,1142,619,996,774,1265,255,577,962,-55,-84,153
48676,1817,1729,-87,9,950,-11674,-6177,2078,-68,143,2,19,0,565,10588,863,-11,0,10723,1555,1542,1645,1660,656,1199,566,1035,747,1333,255,547,934,-56,-85,152
48726,1653,1546,-80,36,786,-13994,-6483,2078,-54,130,-2,18,0,567,10663,854,-40,0,15818,1596,1609,1680,1685,560,1010,478,862,641,1210,255,559,987,-55,-84,153
48776,688,1029,40,86,940,-5266,-2271,2994,40,97,2,18,0,566,10625,847,-71,0,16797,1575,1525,1633,1641,607,1218,514,1031,628,1164,255,562,1031,-55,-84,149
48826,877,1250,-247,-45,1057,7062,-2210,1956,14,88,2,18,0,566,10625,864,50,0,10479,1519,1508,1613,1593,545,1094,471,946,527,1063,255,548,997,-54,-84,149
48876,1120,1314,-104,187,1186,-6730,-2393,2384,11,109,-4,19,0,566,10625,849,64,0,10625,1447,1466,1565,1574,508,1166,431,990,483,1247,255,540,992,-53,-83,153
48926,924,1512,-105,37,912,-6242,-989,3299,13,88,-2,18,-6,565,10588,847,12,0,10588,1486,1450,1574,1545,448,1180,379,999,416,1190,255,468,1005,-52,-84,150
48976,1023,1514,75,13,538,532,1451,1773,5,113,-2,18,-6,565,10588,866,-84,0,10588,1475,1466,1549,1563,425,1107,368,959,466,1155,255,439,958,-51,-83,147
49026,776,1429,57,13,567,-5083,-6971,2261,28,133,-2,19,-1,567,10663,842,-239,0,10663,1469,1464,1550,1568,351,947,295,797,467,1015,255,384,942,-50,-82,150
49076,1065,1103,-212,86,953,-5205,-5079,2384,13,64,0,20,-2,566,10625,838,-287,0,10625,1471,1465,1558,1563,304,1089,255,912,398,1171,255,390,927,-49,-82,152
49126,1218,980,14,173,994,-7402,-2027,675,3,89,-2,19,0,565,10588,796,-432,0,10588,1453,1479,1556,1563,301,1077,240,858,359,1175,255,335,916,-48,-82,148
49176,819,1011,-53,-49,394,-5571,-3309,1163,23,74,0,22,0,566,10625,786,-505,0,10588,1441,1483,1554,1572,369,1176,290,924,450,1233,255,366,919,-47,-81,150
49226,866,564,54,115,660,-2031,-4530,-362,51,57,4,22,0,565,10588,772,-616,0,10588,1462,1466,1560,1567,212,1055,163,814,306,1071,255,314,895,-46,-81,148
49276,1348,702,-129,-107,487,410,-4346,-118,-30,34,0,22,0,566,10625,738,-683,0,10588,1436,1473,1561,1576,214,1124,158,830,272,1193,255,268,878,-44,-81,151
49326,984,353,21,-46,964,-5876,-3370,430,16,38,0,22,0,566,10625,686,-827,0,10625,1465,1452,1566,1566,128,1162,87,797,188,1210,244,268,879,-42,-80,146
49376,1234,92,-99,109,481,471,-6910,736,28,-6,-2,23,0,565,10588,626,-933,0,10625,1474,1433,1557,1586,116,1204,73,754,194,1227,244,236,839,-40,-79,146
49426,1209,244,33,167,1006,-3312,-6605,736,19,31,0,22,0,564,10550,581,-1005,0,10550,1449,1466,1552,1578,-56,1230,-32,714,0,1275,224,140,841,-38,-78,148
49476,1264,49,82,43,630,-3435,-1661,-850,8,25,-2,23,1,565,10588,512,-1093,0,10550,1460,1453,1532,1598,-127,1355,-65,694,-86,1391,163,114,828,-36,-77,149
49526,1409,364,-112,-47,832,1569,-3858,3,-11,23,-6,23,0,563,10513,489,-1168,0,10513,1457,1443,1581,1554,-127,1355,-62,662,-86,1391,0,73,797,-35,-76,148
49576,1762,488,130,9,812,4682,169,1041,-24,59,-2,25,0,562,10476,412,-1279,0,10476,1464,1435,1559,1577,-496,1590,-204,655,-352,1585,132,-15,723,-32,-74,151
49626,1386,117,-92,-44,931,-2641,-10023,186,-3,4,-2,25,0,563,10513,339,-1424,0,10513,1451,1438,1565,1582,-496,1590,-168,539,-352,1585,0,-30,707,-31,-72,152
49676,1220,-268,31,-138,1084,8527,-13,-362,4,-13,-2,24,1,561,10438,207,-1543,0,10476,1460,1417,1569,1584,-496,1590,-102,329,-352,1585,0,-106,610,-30,-69,153
49726,2041,-164,-103,154,1145,2363,-1844,675,-41,-19,-2,25,0,563,10513,125,-1666,0,10513,1438,1462,1567,1568,-496,1590,-62,198,-352,1585,0,-69,562,-30,-67,155
49776,2187,-778,42,117,838,-12346,-1661,797,-60,-60,-2,25,0,564,10550,48,-1590,0,10438,1429,1477,1624,1495,-496,1590,-23,76,-352,1585,0,266,853,-29,-60,152
49826,3892,4702,-373,1880,2180,-243913,-266798,115360,-320,526,-2,25,0,563,10513,66,-1236,0,10513,1270,1749,1679,1150,-496,1590,-32,104,-352,1585,0,245,813,-28,-55,164
49876,3442,4878,-28,-2119,2180,-79545,2183,79837,-209,428,0,25,0,564,10550,103,-753,0,10550,1184,1424,1428,1824,-487,-699,-50,-72,819,685,112,47,449,-27,-49,157
49926,403,-421,-141,1020,-466,-98161,-102857,15750,51,8,12,25,0,495,8127,88,-646,0,8127,1495,1863,1150,1333,-487,-699,-42,-61,819,685,0,84,410,-26,-45,151
49976,-3443,-3624,200,-667,475,-72832,-70509,6168,299,-247,-2,24,0,388,4993,79,-678,0,5739,1398,1505,1150,1395,-487,-699,-38,-55,819,685,0,20,275,-24,-41,154
50026,-5115,-5966,401,239,1366,35322,21654,-362,610,-508,-4,24,0,259,2224,43,-706,-564,2224,1420,1354,1452,1150,-487,-699,-20,-30,819,685,0,106,281,-23,-38,156
50076,-1140,-1555,15,87,443,58149,72862,18680,265,-159,-2,23,1,11,4,54,-625,-1096,526,1240,1150,1150,1156,-487,-699,-26,-37,819,685,0,349,317,-20,-34,150
50126,2772,3141,160,228,639,103376,112962,33145,-48,255,31,23,0,0,0,48,-700,-1600,0,1309,1150,1390,1150,-487,-699,-23,-33,819,685,0,250,307,-18,-31,148
50176,2280,2474,1584,-1163,-795,68769,76585,-18245,-53,186,8,23,0,0,0,42,-646,-1600,0,1150,1419,1150,1512,-487,-699,-20,-29,819,685,0,71,5,-17,-31,147
50226,2696,1280,-112,325,311,-39262,-32728,-15255,-66,96,8,21,0,0,0,51,-580,-1600,0,1150,1163,1191,1150,-487,-699,-24,-35,819,685,0,298,127,-15,-30,148
50276,2125,1471,283,-948,984,22199,5174,-15499,-146,160,31,22,0,0,0,79,-263,-1600,0,1182,1150,1150,1230,-487,-699,-38,-55,819,685,0,125,-21,-13,-30,148
50326,1735,2742,-410,64,975,2241,-196,8792,-45,207,14,20,0,0,0,64,-234,-1600,0,1150,1150,1221,1339,-487,-699,-31,-44,819,685,0,135,2,-12,-30,141
50376,1646,1651,200,-64,935,-993,-1295,3055,-52,172,12,20,0,0,0,54,-184,-1600,0,1150,1150,1173,1176,-487,-699,-26,-37,819,685,0,94,-2,-10,-30,142
50426,1481,1591,20,-34,997,837,-196,-1339,-40,150,12,18,1,0,0,49,-145,-1600,0,1150,1150,1150,1193,-487,-699,-23,-34,819,685,0,56,-20,-9,-29,140
50476,1637,1434,-218,88,1035,654,-318,-3170,-35,110,8,20,0,0,0,49,-149,-1600,0,1150,1150,1150,1150,-487,-699,-23,-34,819,685,0,40,-32,-8,-29,141
50526,1273,953,238,-24,937,-688,-1051,980,-18,114,6,19,0,0,0,37,-125,-1600,0,1150,1150,1150,1167,-487,-699,-18,-25,819,685,0,16,-28,-8,-29,139
50576,1566,1166,-219,43,1046,1447,535,-362,-43,86,4,18,0,0,0,55,-48,-1600,0,1150,1150,1150,1150,163,-137,8,-7,177,-118,0,18,-26,-7,-29,135
50626,1171,780,180,-74,958,-1726,-1051,2689,-22,92,25,18,0,0,0,39,-49,-1600,0,1150,1150,1150,1186,163,-137,6,-5,177,-118,0,4,-26,-7,-29,136
50676,1315,924,-239,122,1051,2058,535,-1094,-17,59,39,17,0,0,0,70,-27,-1600,0,1150,1160,1150,1150,163,-137,11,-9,177,-118,0,19,-18,-7,-29,138
50726,1215,758,193,-46,1023,227,657,2261,-22,86,10,18,0,0,0,62,-12,-1600,0,1150,1150,1150,1194,163,-137,10,-8,177,-118,0,-4,-26,-7,-29,135
26,75,-196,-36,148,1039,3643,-2017,-1773,9,-16,2,0,0,0,0,55,263,-1600,0,1150,1170,1150,1150,0,0,0,0,0,0,0,3,17,0,4,115
76,-312,-67,53,-169,962,-4046,3292,1888,8,1,0,0,0,0,0,74,264,-1600,0,1150,1150,1150,1150,0,0,0,0,0,0,0,-7,12,2,14,114
126,-79,-347,41,151,977,1690,-3,-1895,23,-23,16,0,0,0,0,89,209,-1600,0,1150,1198,1150,1150,0,0,0,0,0,0,0,-8,19,1,26,116
176,-110,-48,-52,-187,1001,-3314,1461,850,-6,-10,20,0,0,0,0,56,170,-1600,0,1150,1150,1150,1150,-154,-203,-8,-11,-168,-168,0,-7,-9,9,29,135
226,43,-345,75,171,944,958,-491,-1529,14,-18,4,0,0,0,0,95,132,-1600,0,1150,1155,1150,1150,-154,-203,-14,-19,-168,-168,0,-6,1,28,37,131
276,67,-237,-12,-180,960,-1605,423,2132,-25,-19,6,0,0,0,0,94,132,-1600,0,1150,1150,1150,1150,-154,-203,-14,-19,-168,-168,0,-15,-21,44,27,137
326,-28,-245,-1,87,964,836,118,-3116,12,-22,2,0,0,0,0,78,42,-1600,0,1150,1150,1150,1150,-154,-203,-12,-15,-168,-168,0,-13,0,37,27,130
376,50,-110,1,-102,1041,-445,1644,2498,-18,-10,-6,0,0,0,0,61,84,-1600,0,1150,1150,1150,1150,-154,-203,-9,-12,-168,-168,0,-23,-21,31,28,135
426,-133,-252,54,14,1031,-323,-430,-2933,9,-16,2,0,0,0,0,44,-17,-1600,0,1150,1150,1150,1150,-154,-203,-6,-8,-168,-168,0,-23,-8,23,28,133
476,52,55,-114,-56,1025,-140,1094,484,-13,-6,2,0,0,0,0,48,11,-1600,0,1150,1150,1150,1150,-460,6,-22,0,-436,0,0,-29,-14,38,10,125
526,-157,-156,179,-24,1070,-1300,179,-858,4,6,2,-1,0,0,0,62,56,-1600,0,1150,1150,1150,1150,-460,6,-28,0,-436,0,0,-47,-1,37,8,125
576,17,33,-231,0,1044,347,-1529,-64,-8,-15,2,-1,0,0,0,58,-12,-1600,0,1150,1150,1150,1150,-460,6,-26,0,-436,0,0,-29,-5,38,7,123
626,-69,26,179,-6,1015,-994,179,1156,5,23,0,0,0,0,0,92,65,-1600,0,1150,1150,1150,1150,-460,6,-42,0,-436,0,0,-48,0,26,8,119
676,-4,-366,-8,25,969,2423,-4093,-980,4,-31,2,0,0,0,0,77,45,-1600,0,1150,1150,1150,1150,25,-326,1,-25,0,-304,0,-3,-4,4,28,122
726,-146,264,50,-22,992,-445,1827,667,17,27,2,1,0,0,0,83,17,-1600,0,1150,1150,1150,1150,25,-326,2,-27,0,-304,0,-24,-9,-11,38,125
776,-97,-396,128,28,991,2606,-1956,850,12,-17,2,0,0,0,0,85,23,-1600,0,1150,1150,1154,1150,25,-326,2,-27,0,-304,0,17,-17,-17,44,127
826,-57,333,-158,-3,1104,1507,3719,-1712,5,17,4,0,0,0,0,36,-37,-1600,0,1150,1168,1150,1150,25,-326,0,-11,0,-304,0,6,-25,-24,41,127
876,-108,-393,259,-9,933,-567,-919,3292,11,-6,16,0,0,25,20,82,6,-1500,20,1150,1150,1150,1150,25,-326,2,-26,0,-304,0,18,-25,-26,38,130
926,19,38,-216,17,1018,1202,1217,-2750,0,-18,2,0,0,25,20,51,-15,-1500,20,1150,1150,1150,1150,25,-326,1,-16,0,-304,0,15,-20,-28,35,130
976,-219,-297,186,-82,946,-1727,-186,3170,9,-3,2,0,0,24,19,80,44,-1500,20,1150,1150,1150,1150,25,-326,2,-26,0,-304,0,1,-16,-32,37,130
1026,-118,-153,-135,63,1015,1202,-1590,-4398,21,-22,0,0,0,25,20,52,-3,-1500,20,1150,1150,1150,1150,25,-326,1,-16,0,-304,0,15,-14,-32,37,136
1076,-172,-102,81,-107,919,-323,240,1827,6,0,2,0,0,23,17,69,3,-1500,20,1150,1150,1150,1150,25,-326,1,-22,0,-304,0,-5,-22,-34,36,128
1126,-141,-153,-79,137,1017,4071,-2689,-1956,21,-16,0,-1,0,0,0,42,-38,-1600,0,1150,1150,1150,1150,440,-869,18,-36,429,-859,112,12,-13,-37,40,141
1176,-115,-136,82,-84,945,-872,-1407,850,-2,0,2,0,0,0,0,61,8,-1600,0,1150,1150,1150,1150,440,-869,26,-53,429,-859,0,7,-43,-44,43,129
1226,-307,-218,-17,112,956,2423,-2445,-736,40,-16,0,0,0,0,0,58,10,-1600,0,1150,1150,1150,1150,440,-869,25,-50,429,-859,0,21,-29,-48,52,135
1276,-55,-165,22,8,997,347,1156,606,2,-9,0,0,0,0,0,84,13,-1600,0,1150,1150,1150,1150,440,-869,36,-73,429,-859,0,26,-65,-51,57,126
1326,-332,-119,-75,29,1059,1019,118,-858,32,-14,-4,0,0,0,0,89,36,-1600,0,1150,1150,1150,1150,440,-869,39,-77,429,-859,0,35,-49,-50,56,134
1376,66,-183,49,67,983,-1055,-552,-491,0,-7,-2,0,0,0,0,44,-42,-1600,0,1150,1150,1150,1150,440,-869,19,-38,429,-859,0,34,-72,-49,54,131
1426,-357,-240,-30,-35,1026,-628,-430,362,20,-20,0,-1,0,0,0,43,-48,-1600,0,1150,1150,1150,1150,440,-869,18,-37,429,-859,0,33,-57,-50,57,136
1476,59,-24,-33,124,958,469,-797,-980,4,-1,18,0,0,0,0,47,-81,-1600,0,1150,1156,1150,1150,440,-869,20,-40,429,-859,0,23,-68,-47,53,130
1526,-221,-239,68,-112,958,-506,-675,667,4,-10,4,0,0,0,0,58,-8,-1600,0,1150,1150,1150,1150,440,-869,25,-50,429,-859,0,20,-64,-48,55,132
1576,14,-97,-72,110,1017,2056,-736,-1102,3,-12,2,-1,0,0,0,46,-43,-1600,0,1150,1150,1150,1150,440,-869,20,-39,429,-859,0,26,-58,-46,50,134
1626,-219,-10,98,-67,1026,-689,667,1217,9,8,2,0,0,0,0,73,52,-1600,0,1150,1150,1150,1150,440,-869,32,-63,429,-859,0,21,-60,-47,52,129
1676,-157,-338,21,92,983,1202,-2567,-308,20,-19,4,0,1,0,0,63,-13,-1600,0,1150,1150,1150,1150,440,-869,27,-54,429,-859,0,42,-46,-44,52,134
1726,-173,87,-24,-53,974,-1788,2132,484,2,7,14,-1,0,0,0,55,-11,-1600,0,1150,1150,1150,1150,440,-869,24,-47,429,-859,0,32,-56,-45,53,132
1776,-127,-461,201,90,1022,408,-1712,1156,20,-17,23,0,0,0,0,47,-34,-1600,0,1150,1150,1150,1150,440,-869,20,-40,429,-859,0,28,-43,-44,54,136
1826,-120,91,-220,-85,1036,-2154,1522,-308,-2,-10,20,0,0,0,0,45,-14,-1600,0,1150,1150,1150,1150,440,-869,19,-39,429,-859,0,50,-49,-45,56,137
1876,-294,-259,281,-41,951,-1483,-675,1766,14,10,20,-1,0,0,0,52,8,-1600,0,1150,1150,1150,1150,440,-869,22,-45,429,-859,0,13,-51,-47,56,135
1926,-45,-162,-256,-10,1004,-1544,-919,-1163,-4,-36,18,-1,0,0,0,113,100,-1600,0,1150,1150,1150,1150,440,-869,49,-98,429,-859,0,34,-58,-48,56,141
1976,-122,-69,179,-76,1022,-1116,2376,-64,0,10,60,0,0,2,0,75,51,-1600,0,1160,1150,1150,1150,440,-869,33,-65,429,-859,0,14,-65,-52,57,133
2026,-14,-357,-140,88,1074,3033,-491,911,11,-41,18,0,0,23,17,70,27,-1508,17,1150,1150,1150,1150,-138,-16,-9,-1,-183,0,112,34,-63,-49,53,136
2076,-111,-13,12,-59,1010,-1483,2376,-3,-3,2,8,-1,0,24,19,121,34,-1512,16,1150,1150,1150,1150,-453,-1270,-54,-153,-489,-1223,0,2,-73,-40,54,140
2126,-129,-304,-100,67,1048,2911,-1590,1339,19,-32,8,0,0,22,16,85,58,-1512,16,1150,1150,1150,1150,-93,-226,-7,-19,-77,-231,0,11,-56,-37,47,139
2176,-143,-88,44,-55,1003,-1727,1705,-2322,6,0,4,0,0,24,19,73,3,-1504,19,1150,1150,1150,1150,-93,-226,-6,-16,-77,-231,0,-5,-54,-35,41,134
2226,-326,-332,-101,70,1083,1141,240,2742,36,-35,2,0,0,24,19,53,-27,-1504,19,1150,1150,1150,1150,-93,-226,-4,-12,-77,-231,0,8,-45,-33,38,137
2276,-10,-107,50,22,1086,164,2132,-3604,3,1,4,0,1,24,19,54,-19,-1504,19,1150,1150,1150,1150,-93,-226,-5,-12,-77,-231,0,-7,-53,-32,33,133
2326,-339,-469,-116,-9,1082,-1055,-430,3658,28,-49,2,0,0,26,22,49,-89,-1496,22,1150,1150,1150,1150,-93,-226,-4,-11,-77,-231,0,3,-46,-30,29,139
2376,-63,-82,-7,100,1029,2056,2071,-2872,16,-5,2,0,0,34,38,57,-24,-1508,17,1150,1150,1150,1150,-167,487,-9,27,-176,498,0,-9,-23,-29,21,135
2426,-198,-525,23,-59,1016,-1361,423,2132,7,-37,4,0,1,59,115,68,-6,-1364,115,1150,1150,1150,1150,-167,487,-11,33,-176,498,0,-14,-23,-28,16,139
2476,-59,-30,-177,140,1163,2484,972,-2139,18,-15,2,0,0,59,115,56,-27,-1360,119,1150,1150,1150,1150,-167,487,-9,27,-176,498,0,-14,5,-27,12,138
2526,-207,-311,114,-108,984,-1300,57,1644,20,-22,4,2,-1,61,123,74,57,-1356,123,1150,1150,1150,1150,-167,487,-12,36,-176,498,0,-25,-4,-27,10,140
2576,-170,-103,-148,166,1108,2789,57,-2567,31,-19,4,0,0,91,274,34,4,-1264,234,1150,1150,1150,1150,-167,487,-5,16,-176,498,0,-4,9,-26,7,135
2626,-46,-166,130,-97,959,-567,972,1461,-6,-1,2,0,0,136,613,80,61,-1056,613,1150,1150,1150,1150,-167,487,-13,39,-176,498,0,-11,5,-26,3,135
2676,-181,-328,-21,58,954,2667,-2078,-980,23,-30,2,0,0,156,807,60,-1,-976,807,1150,1150,1150,1150,518,194,31,11,529,158,0,8,29,-29,3,133
2726,-102,-18,-62,-78,1034,1629,118,-369,-4,0,4,-1,1,192,1222,62,-30,-832,1222,1156,1150,1150,1150,518,194,32,12,529,158,0,21,11,-31,4,135
2776,-248,-440,122,7,987,2423,-1041,118,20,-26,2,0,0,194,1248,95,80,-828,1235,1160,1150,1150,1150,518,194,49,18,529,158,0,23,13,-36,3,134
2826,-67,-187,-120,-118,989,836,-1895,118,-12,-28,0,-1,0,194,1248,52,-75,-824,1248,1157,1150,1150,1167,-868,204,-45,10,-840,168,0,23,1,-31,2,141
2876,-174,-340,48,109,1022,3643,-1041,-2628,24,-21,2,0,0,227,1709,51,-78,-748,1504,1223,1212,1150,1150,-868,204,-44,10,-840,168,0,-5,20,-24,3,142
2926,-155,-161,39,-179,1014,164,-3,2987,-10,-6,2,-1,0,247,2023,59,-29,-612,2023,1211,1150,1226,1238,-868,204,-51,12,-840,168,0,-23,-4,-21,2,140
2976,-38,-113,-58,168,991,3338,179,667,18,-12,2,0,0,260,2242,49,-52,-564,2224,1150,1221,1234,1253,-868,204,-42,10,-840,168,0,-40,15,-18,4,138
3026,-247,45,-149,24,1034,-2703,-1407,-675,16,-10,4,-1,0,305,3085,59,-5,-379,3085,1200,1233,1214,1305,-868,204,-51,12,-840,168,0,-13,37,-17,5,142
3076,-159,-108,-111,14,967,-2520,-125,-10501,7,-14,2,-1,1,338,3789,61,-15,-292,3546,1391,1356,1150,1152,-868,204,-53,12,-840,168,0,-64,8,-17,6,143
3126,-77,-65,88,18,976,-3680,423,-11295,3,3,4,0,0,363,4370,32,-37,-147,4370,1456,1417,1150,1150,-868,204,-27,6,-840,168,0,-57,18,-18,6,135
3176,-18,-285,10,93,975,-3131,118,2681,3,-24,4,-1,0,363,4370,49,5,-144,4394,1378,1434,1240,1150,-103,173,-5,8,0,0,112,-8,22,-15,6,130
3226,374,-600,-12,-18,1066,12493,4146,-3238,-33,-53,4,0,0,372,4589,66,39,-111,4589,1502,1345,1150,1247,-103,173,-6,11,0,0,0,28,8,-12,6,135
3276,570,-1115,248,-1,703,-8013,-10989,8114,-64,-59,2,-2,0,381,4814,82,12,-108,4614,1377,1450,1258,1150,-103,173,-8,14,0,0,0,54,0,-6,4,135
3326,681,-1306,-116,118,1343,18109,12447,-4520,-50,-123,4,-1,1,395,5175,80,-16,-19,5175,1573,1178,1171,1321,-103,173,-8,13,0,0,0,31,-19,-3,3,141
3376,26,-1766,73,-44,1094,7733,-3543,7259,-6,-145,0,0,0,388,4993,88,34,-16,5201,1336,1444,1295,1290,-103,173,-9,15,0,0,0,18,-33,0,-2,133
3426,302,-1539,-3,93,840,5596,2926,-1773,-20,-135,2,-1,0,375,4664,64,7,-100,4664,1501,1236,1220,1272,-103,173,-6,11,0,0,0,2,-49,1,-5,133
3476,275,-1665,138,18,754,11273,-8853,7747,-20,-125,2,0,0,366,4443,47,-17,-139,4418,1234,1440,1337,1199,-103,173,-4,8,0,0,0,-10,-30,2,-10,138
3526,343,-1332,-46,39,1118,-4840,5306,-1468,-36,-125,4,-1,0,412,5630,54,33,0,5630,1458,1150,1288,1334,-103,173,-5,9,0,0,0,-15,-37,1,-14,136
3726,-146,-788,176,82,767,6085,-6656,5489,23,-44,4,0,0,444,6538,79,-34,0,6538,1395,1344,1393,1438,-103,173,-8,13,0,0,0,-67,28,-12,-11,134
3776,-189,-606,-54,-24,979,9930,-3482,2193,15,-58,2,0,0,459,6987,58,-33,0,6927,1434,1345,1378,1461,990,777,57,45,1101,672,0,-34,39,-23,-12,139
3826,-218,-286,-159,51,1257,4742,1278,1033,18,-38,4,-1,0,460,7018,88,117,0,7018,1443,1334,1428,1419,990,777,87,68,1101,672,0,-52,44,-32,-13,140
3876,-458,570,-46,-38,1406,-5816,-675,3780,28,51,2,-1,0,461,7048,71,177,0,7048,1425,1388,1369,1457,990,777,70,55,1101,672,0,-47,73,-43,-12,139
4026,-188,-391,-51,-27,1422,-1849,-1590,-491,10,-37,2,0,0,497,8192,57,26,0,8192,1437,1416,1429,1471,990,777,56,44,1101,672,0,21,12,-55,-13,139
4076,-598,-567,1,-97,851,1507,606,-3177,35,-47,4,-1,0,498,8225,58,47,0,8258,1481,1400,1452,1460,990,777,57,45,1101,672,0,47,6,-57,-17,134
4126,-244,-615,168,3,1144,-2398,-4581,1888,17,-37,2,0,0,501,8325,42,-11,0,8325,1465,1412,1428,1483,990,777,41,32,1101,672,0,68,-14,-58,-21,139
4176,-312,-755,14,10,959,-1727,-430,2559,24,-62,4,0,0,524,9107,46,-21,0,9107,1475,1433,1495,1490,990,777,45,35,1101,672,0,34,-20,-58,-25,137
4226,-259,-335,-136,-37,937,-3253,4207,789,14,-46,4,0,0,523,9072,104,75,0,9072,1483,1421,1502,1487,990,777,102,80,1101,672,0,36,-10,-59,-29,140
4276,105,44,6,97,650,1812,1705,2620,0,7,4,-1,0,527,9211,68,-23,0,9176,1492,1461,1473,1477,990,777,67,52,1101,672,0,58,-6,-60,-33,129
4326,-319,-157,-67,-8,857,-3436,484,3353,22,-22,2,0,0,527,9211,41,-48,0,9211,1527,1444,1445,1487,990,777,40,31,1101,672,0,69,5,-60,-34,135
4376,-354,-400,80,275,1129,-323,2437,-2567,52,-29,2,0,0,529,9281,70,13,0,9281,1532,1486,1453,1440,990,777,69,54,1101,672,0,11,39,-62,-36,137
4426,-657,-7,5,34,839,-2337,-1712,-2017,54,4,2,-1,0,530,9316,74,29,0,9316,1534,1507,1426,1436,990,777,73,57,1101,672,0,80,40,-63,-37,133
4476,-506,76,-55,38,1161,958,1033,-4093,41,1,2,-1,0,529,9281,84,24,0,9316,1528,1454,1473,1462,990,777,83,65,1101,672,0,84,52,-63,-37,133
4526,-718,8,-70,-105,708,1263,972,-3177,38,-9,4,-2,0,530,9316,51,-53,0,9316,1484,1487,1465,1483,990,777,50,39,1101,672,0,119,38,-61,-38,136
4576,-512,-250,167,2,1188,3155,2193,-3360,40,-5,2,-1,0,532,9387,44,-52,0,9316,1487,1473,1475,1485,990,777,43,34,1101,672,0,104,24,-58,-39,138
4626,-341,-159,-2,15,1127,4132,3048,-1285,30,-15,4,0,0,534,9458,48,-102,0,9458,1508,1475,1448,1494,990,777,47,37,1101,672,0,113,22,-55,-40,139
4676,-524,84,-48,-126,897,-811,-1590,-2139,25,6,2,-1,0,566,10625,72,3,0,10663,1550,1524,1492,1500,990,777,71,55,1101,672,0,106,33,-53,-42,138
4726,-220,395,108,-150,1159,2117,1033,-2689,0,44,-2,-1,0,569,10738,76,-4,0,10738,1515,1540,1506,1502,990,777,75,59,1101,672,0,57,-1,-53,-45,140
4776,-279,508,-73,-212,910,9075,-247,-2139,-1,37,-2,-1,0,568,10700,88,1,0,10700,1513,1501,1523,1534,990,777,87,68,1101,672,0,74,7,-53,-50,138
4826,-573,548,-141,-186,865,-994,789,1949,29,31,-2,0,0,570,10776,89,81,0,10776,1535,1503,1512,1526,990,777,88,69,1101,672,0,75,-3,-55,-53,138
4876,-562,289,89,32,1537,-750,3597,-4337,44,33,-2,-1,0,578,11081,95,15,0,11081,1551,1543,1525,1491,990,777,94,73,1101,672,0,102,13,-55,-57,139
4926,-587,957,-3,39,1030,-1605,-919,-1590,52,85,0,0,0,602,12020,73,18,7,12020,1570,1518,1525,1549,990,777,72,56,1101,672,0,76,39,-55,-59,137
4976,-563,852,-250,-120,768,1568,-797,-675,27,47,-4,-1,0,605,12140,65,-80,11,12060,1579,1518,1542,1571,990,777,64,50,1101,672,0,107,67,-50,-59,143
5026,-58,358,87,-112,858,592,5611,-4093,-14,43,-2,-1,0,602,12020,46,68,7,12020,1593,1522,1548,1542,990,777,45,35,1101,672,0,119,21,-47,-60,139
5076,144,165,-89,41,953,2239,4696,-4215,-10,3,-2,0,0,602,12020,56,-18,7,12020,1586,1526,1549,1546,990,777,55,43,1101,672,0,124,31,-44,-63,138
5126,323,391,151,220,1493,4864,3963,-5618,-18,46,-2,-1,0,603,12060,66,13,11,12060,1550,1514,1577,1573,-206,1356,-13,89,-288,1270,112,102,68,-40,-63,148
5176,985,769,-47,-107,1108,8526,4696,57,-97,62,-2,0,0,633,13290,86,31,56,12504,1570,1475,1604,1598,627,-430,53,-37,554,-503,0,163,4,-34,-63,140
5226,1245,1069,-192,116,1459,5291,5672,2315,-110,79,-2,-2,0,636,13416,124,108,143,13416,1558,1559,1626,1602,627,-430,77,-53,554,-503,0,155,32,-28,-61,150
5276,989,1173,195,58,1307,-5145,1644,-2689,-96,118,0,-2,0,640,13585,78,66,152,13500,1580,1541,1619,1608,627,-430,48,-33,554,-503,0,90,28,-24,-56,145
5326,634,1473,-180,-142,1163,10784,5306,-1895,-74,116,0,-2,0,641,13628,105,179,163,13628,1607,1526,1632,1590,892,1260,93,132,759,1062,112,133,-25,-20,-58,154
5376,1281,1490,225,127,1286,4620,10921,-2078,-112,149,-2,-2,0,642,13670,42,144,168,13670,1604,1541,1631,1588,892,1260,37,52,759,1062,0,194,-26,-12,-66,151
5426,947,1670,-108,25,1610,-6915,-2384,-3360,-103,149,2,-3,1,643,13713,140,320,172,13713,1573,1553,1612,1630,3,-19,0,-2,90,90,132,174,32,-6,-66,144
5476,308,1293,-146,-3,1063,11456,8480,-5374,-36,104,2,-2,1,644,13756,111,235,172,13713,1643,1476,1661,1576,3,-19,0,-2,90,90,0,81,92,1,-60,138
5526,916,2017,146,15,726,28668,16353,-7144,-73,220,0,-1,5,644,13756,118,226,175,13756,1599,1459,1693,1603,777,399,91,47,437,-41,0,36,76,0,-59,142
5576,1595,1969,11,-279,770,10601,-2078,-4703,-183,247,2,-2,13,642,13670,130,283,179,13798,1591,1518,1641,1623,264,239,34,31,437,81,153,103,113,0,-56,149
5626,852,1538,24,-40,766,-1300,-15750,-6473,-151,367,0,-13,43,643,13713,127,243,172,13713,1555,1485,1678,1637,264,239,33,30,437,81,0,63,93,1,-53,145
5676,1141,364,40,9,1352,5108,-5252,-4276,-164,292,2,-13,50,640,13585,181,388,168,13670,1555,1534,1651,1621,264,239,47,43,437,81,0,46,3,1,-52,141
5726,1009,-773,56,51,1315,-6610,-24356,-4764,-127,267,0,-7,64,641,13628,206,415,163,13628,1574,1533,1593,1656,264,239,54,49,437,81,0,58,58,1,-53,145
5776,243,-2114,122,-64,1152,-10333,-16666,-6229,-66,150,2,-6,64,638,13500,219,448,159,13585,1573,1526,1633,1621,264,239,57,52,437,81,0,6,95,0,-50,146
5826,-521,-2151,-49,-230,978,-8807,-9158,-4947,12,264,2,-1,91,639,13543,259,575,155,13543,1557,1504,1658,1625,264,239,68,62,437,81,0,-37,45,-3,-50,147
5876,-336,-2468,43,128,861,653,-23929,-6107,-38,333,2,-16,107,640,13585,313,628,155,13543,1588,1521,1599,1641,264,239,82,75,437,81,0,-100,39,-13,-51,149
5926,-499,-3477,235,-146,915,-14666,-24234,-4703,-61,267,2,-16,108,639,13543,301,528,155,13543,1520,1554,1629,1648,264,239,79,72,437,81,0,-97,4,-20,-53,152
5976,-596,-4493,307,140,776,-10455,-8487,-4886,-13,15,0,-16,74,639,13543,314,543,152,13500,1574,1517,1637,1617,264,239,82,75,437,81,0,-53,-16,-29,-60,150
6026,-1576,-4171,-11,-139,1141,-5084,7381,-7083,139,-239,2,2,27,640,13585,352,497,159,13585,1538,1510,1634,1661,264,239,92,84,437,81,0,-47,0,-34,-63,149
6076,-1311,-3322,-33,41,1125,-4229,15621,-5130,94,-298,2,-4,1,639,13543,324,460,155,13543,1561,1529,1649,1610,264,239,85,77,437,81,0,-46,14,-42,-67,148
6126,-1241,-2002,195,12,944,531,18123,-6412,91,-158,4,-4,1,639,13543,407,512,155,13543,1555,1499,1662,1627,264,239,107,97,437,81,0,-100,19,-50,-70,147
6176,-765,-791,39,64,985,1934,15926,-5191,44,-66,2,-6,1,638,13500,412,427,152,13500,1539,1506,1664,1629,264,239,108,98,437,81,0,-65,-16,-60,-77,144
6226,-1044,137,-59,-80,936,-4718,8663,-6961,54,2,2,-5,0,639,13543,457,495,155,13543,1538,1513,1673,1618,630,977,288,446,463,1042,122,3,29,-70,-88,146
6276,-985,805,-152,101,1011,-1971,6160,-4398,69,50,0,-5,0,640,13585,450,418,159,13585,1559,1530,1638,1626,506,1066,227,480,463,1072,132,10,80,-82,-108,151
6326,-430,905,23,-22,756,225,-247,-4764,3,164,2,-6,16,639,13543,504,457,155,13543,1553,1511,1670,1611,588,902,296,454,611,946,193,74,108,-90,-121,146
6376,-182,343,-29,143,1164,-4962,-10196,-4703,54,357,2,5,64,638,13500,505,413,159,13585,1560,1503,1654,1632,576,877,291,443,885,902,153,148,259,-100,-136,154
6426,-495,38,-1,-18,1003,-5755,-28507,-4642,-2,602,2,-8,117,638,13500,519,422,152,13500,1542,1521,1638,1645,658,948,341,492,1115,1046,0,162,288,-107,-144,154
6476,-497,-1735,98,-72,508,-4168,-37967,-4947,-10,495,2,-7,122,639,13543,544,333,155,13543,1556,1517,1633,1641,497,832,270,452,1068,936,142,266,372,-112,-151,158
6526,-594,-3112,-74,182,1279,-5633,-27286,-3299,23,276,4,-8,109,638,13500,523,291,152,13500,1553,1537,1629,1635,476,581,249,303,847,651,122,231,334,-114,-153,158
6576,-380,-3298,-15,66,753,-10455,-15689,-4581,-7,109,4,-9,79,639,13543,544,225,155,13543,1545,1515,1624,1661,330,660,179,359,534,705,132,198,322,-116,-157,156
6626,-228,-3430,65,43,908,-5267,-614,-4215,-92,-175,-2,-23,24,638,13500,563,191,152,13500,1569,1499,1635,1638,235,796,132,448,204,858,142,207,376,-115,-158,156
6676,-402,-2898,-6,17,763,-8441,11837,-3726,-77,-236,2,-22,5,637,13458,571,239,148,13458,1529,1531,1661,1616,96,631,55,360,-132,748,122,162,391,-110,-160,154
6726,-517,-1786,-26,24,978,-8807,15377,-5191,-66,-140,2,-22,5,637,13458,574,191,148,13458,1546,1530,1644,1620,11,486,6,279,-208,640,112,76,383,-107,-158,153
6776,-846,-785,-33,0,945,-9356,2315,-4215,-36,30,2,-21,20,637,13458,609,236,163,13628,1556,1502,1658,1635,-95,627,-58,382,-58,686,183,7,341,-105,-159,150
6826,-454,-676,-7,76,726,-8197,-7877,-4337,47,176,0,0,46,637,13458,594,140,148,13458,1552,1505,1640,1640,-112,541,-67,321,67,672,214,23,346,-102,-159,150
6876,-927,-1302,172,-187,987,-4656,-7266,-4031,40,173,2,-4,53,637,13458,614,177,148,13458,1534,1522,1665,1616,-143,412,-88,253,0,509,224,-41,314,-98,-157,154
6926,-1075,-957,-71,108,1039,1080,-10257,-4886,2,369,2,-20,91,638,13500,629,199,152,13500,1554,1516,1638,1632,-267,413,-168,260,19,403,224,-77,245,-96,-158,156
6976,-392,-2022,23,46,1169,-5145,-21182,-3909,-60,372,4,-19,108,637,13458,631,197,152,13500,1531,1518,1633,1658,-323,315,-204,198,67,452,244,-100,204,-91,-158,159
7026,-870,-3389,286,-136,1115,-7830,-21182,-2506,-39,218,0,-20,97,637,13458,625,119,148,13458,1533,1508,1637,1656,-404,302,-252,188,-61,413,234,-131,228,-87,-157,162
7076,-1223,-4361,177,-85,793,2545,-10013,-3543,4,221,0,-18,116,637,13458,632,72,152,13500,1553,1514,1666,1608,-548,164,-346,104,-381,186,234,-267,197,-81,-151,159
7126,-1093,-3885,-38,-110,1290,5780,-13187,-3299,0,281,4,-18,124,637,13458,650,118,148,13458,1531,1521,1618,1667,-653,107,-424,69,-363,118,224,-309,114,-77,-150,161
7176,-905,-3987,-72,153,1254,-1422,-14774,-3726,1,123,0,-18,95,637,13458,679,143,148,13458,1552,1511,1642,1633,-782,94,-531,64,-561,106,224,-365,143,-71,-147,158
7226,-1051,-4861,265,-91,1104,-689,-6473,-3116,4,72,-2,-16,95,636,13416,674,145,143,13416,1535,1495,1656,1646,-901,85,-607,57,-786,57,224,-398,156,-64,-143,156
7276,-993,-4675,95,8,870,6634,-1590,-3177,15,73,0,-15,95,637,13458,662,65,152,13500,1536,1486,1669,1643,-1136,58,-752,38,-1097,-17,193,-542,132,-54,-137,153
7326,-1107,-4185,-10,-128,1247,9747,179,-3848,22,27,-2,-13,80,638,13500,665,32,152,13500,1539,1502,1670,1619,-1161,37,-772,25,-1229,-38,214,-597,112,-48,-133,158
7376,-520,-3590,-254,-110,823,4742,6405,-5435,-24,16,0,-11,74,638,13500,662,12,152,13500,1536,1517,1651,1637,-1386,-39,-918,-26,-1501,-84,163,-647,100,-35,-128,160
7426,-605,-3508,192,-138,1018,1751,9212,-4520,-11,-46,-2,-10,50,638,13500,679,61,152,13500,1516,1517,1659,1642,-1614,-193,-1096,-131,-1753,-166,132,-726,104,-24,-122,166
7476,-621,-2466,-41,-104,905,4925,9639,-3543,17,-8,-4,-5,43,636,13416,677,62,152,13500,1556,1492,1652,1639,-1733,-160,-1173,-108,-1889,-258,173,-817,61,-9,-115,160
7526,-138,-2393,186,210,1186,-811,9212,-3421,117,-197,0,17,0,637,13458,688,51,148,13458,1555,1488,1657,1641,-1806,-129,-1242,-89,-1979,-248,173,-833,60,1,-111,159
7576,-339,-2008,9,140,975,10784,17635,-3299,91,-182,-2,8,0,638,13500,673,-19,148,13458,1540,1497,1675,1621,-1907,-176,-1283,-118,-2243,-292,173,-925,105,19,-102,161
7626,-646,-1093,-98,-132,999,11029,17635,-2506,87,-111,-2,7,0,638,13500,674,21,152,13500,1548,1460,1684,1636,-1983,-59,-1337,-39,-2281,-271,214,-978,72,30,-98,159
7676,9,-460,-85,236,1261,8648,13363,-3909,49,-50,0,5,0,637,13458,659,-56,152,13500,1526,1500,1671,1638,-2154,-144,-1419,-94,-2320,-235,173,-1000,55,50,-89,155
7726,499,-621,84,290,737,4803,8846,-2567,20,-40,0,4,1,637,13458,666,-39,148,13458,1538,1468,1684,1635,-2180,-154,-1452,-103,-2406,-238,193,-1094,57,63,-82,155
7776,570,-608,-104,-39,1289,6634,9822,-3360,-30,-59,-4,4,1,636,13416,686,12,139,13374,1521,1488,1669,1643,-2326,-106,-1596,-73,-2496,-204,193,-1162,2,82,-77,157
7826,525,-651,45,314,884,1446,9273,-3116,6,-53,-2,3,0,636,13416,688,-3,143,13416,1551,1479,1674,1622,-2323,-41,-1598,-28,-2542,-75,214,-1247,77,93,-74,151
7876,477,-527,-65,-153,918,6085,7076,-3116,-42,-8,0,2,9,636,13416,679,-60,143,13416,1534,1480,1673,1638,-2442,-51,-1658,-34,-2642,-146,234,-1389,8,105,-70,155
7926,326,-512,-7,0,1133,-750,2742,-2933,-15,39,2,2,17,636,13416,661,-130,143,13416,1526,1484,1675,1635,-2293,-24,-1515,-16,-2362,-50,234,-1444,40,110,-68,154
7976,280,-275,-31,-201,1029,3216,3109,-2811,61,58,2,20,17,636,13416,657,-151,143,13416,1545,1489,1673,1621,-2563,-40,-1684,-26,-2658,-161,214,-1565,7,116,-65,158
8026,-199,-823,56,-267,1245,10784,-125,-2933,14,182,-6,2,50,636,13416,656,-84,143,13416,1565,1439,1676,1638,-2593,-28,-1701,-18,-2545,-259,214,-1550,-24,120,-66,161
8076,326,-1025,224,-41,892,10479,-6046,-2872,-81,212,2,-10,55,636,13416,651,-84,148,13458,1540,1486,1676,1628,-2483,-39,-1616,-25,-2402,0,214,-1652,-42,125,-65,160
8126,291,-1661,-54,-163,756,-1971,-2872,-3604,-111,44,2,-12,39,637,13458,654,-78,148,13458,1531,1464,1678,1651,-2543,-8,-1663,-5,-2506,94,193,-1656,-116,126,-67,161
8176,147,-1815,177,55,1111,-262,2803,-3543,-105,24,2,-19,34,637,13458,646,-138,143,13416,1542,1464,1699,1615,-2771,40,-1790,26,-2848,134,153,-1730,-56,129,-71,159
8226,413,-1094,-38,40,979,1263,8114,-3238,-126,10,2,-18,23,636,13416,621,-165,143,13416,1529,1474,1695,1623,-2835,68,-1760,42,-2944,213,0,-1798,-56,130,-74,156
8276,-44,-725,-105,-96,822,-6121,7381,-6046,-101,0,0,-18,16,635,13374,617,-189,143,13416,1517,1465,1702,1632,-2766,155,-1706,95,-2814,255,0,-1779,2,128,-80,156
8326,-93,-184,87,61,1203,-1849,6893,-2628,-46,40,0,-11,10,635,13374,610,-234,139,13374,1523,1450,1705,1632,-2766,155,-1687,94,-2814,255,0,-1812,27,124,-82,155
8376,66,-171,-190,14,1059,958,4146,-3848,-87,17,2,-16,10,636,13416,592,-277,148,13458,1536,1465,1700,1623,-2690,23,-1592,13,-2722,61,112,-1736,84,119,-82,154
8426,-333,413,54,204,1412,-1788,5001,-3909,-15,45,2,-11,1,635,13374,585,-272,139,13374,1486,1470,1715,1639,-2863,139,-1675,81,-2996,264,204,-1749,127,117,-80,158
8476,-498,435,-170,-34,1067,-1605,5489,-4215,-15,30,2,-11,2,637,13458,566,-281,143,13416,1532,1450,1702,1630,-2945,255,-1666,144,-3020,261,0,-1644,165,117,-81,159
8526,-350,323,208,324,1274,836,5550,-4276,-16,56,0,-14,2,635,13374,583,-168,139,13374,1533,1467,1703,1620,-2483,62,-1447,36,-2626,47,183,-1635,201,115,-77,155
8576,-363,552,-106,173,1146,-3924,4879,-3970,-20,41,2,-13,0,639,13543,585,-150,143,13416,1521,1486,1687,1629,-2794,253,-1634,148,-2825,306,183,-1533,234,120,-73,161
8626,-659,172,167,125,1439,-5145,2864,-4398,61,32,2,0,1,637,13458,570,-162,148,13458,1509,1475,1690,1649,-2879,276,-1641,157,-2942,315,193,-1507,213,122,-71,157
8676,-858,-142,99,199,1217,1141,5428,-3543,121,-3,2,5,0,637,13458,570,-124,148,13458,1524,1470,1687,1642,-2570,54,-1464,30,-2649,21,122,-1417,272,125,-67,154
8726,-425,-247,234,49,1115,2606,4818,-5679,71,4,2,5,1,637,13458,542,-135,148,13458,1532,1473,1685,1639,-2595,259,-1406,140,-2701,184,193,-1388,247,128,-63,155
8776,-676,-354,131,206,1614,1812,4818,-2994,105,-21,2,6,0,638,13500,561,-92,148,13458,1509,1480,1696,1638,-2907,199,-1631,111,-3041,258,153,-1363,248,136,-56,158
8826,-600,-711,61,-10,738,958,6893,-4581,83,-54,2,6,0,638,13500,564,-75,152,13500,1509,1487,1690,1639,-2728,18,-1538,10,-2868,0,173,-1309,228,138,-52,150
8876,-914,-457,33,-106,740,2484,7564,-5435,95,-32,2,5,1,637,13458,517,-92,148,13458,1488,1480,1715,1634,-2732,194,-1412,100,-2888,185,204,-1294,251,144,-47,156
8926,-955,-199,-88,-215,1067,1385,6527,-5374,96,-25,2,6,0,637,13458,538,-75,148,13458,1501,1469,1705,1647,-2782,403,-1496,216,-2903,275,0,-1240,247,148,-46,156
8976,-470,-252,-94,-117,665,2117,4268,-4764,45,-35,2,4,0,647,13884,493,-34,155,13543,1505,1468,1701,1651,-2653,351,-1308,173,-2714,309,142,-1236,235,154,-41,157
9026,64,-652,-119,193,1076,-933,2376,-5374,43,-70,0,6,0,673,15022,524,-24,291,15022,1516,1533,1733,1679,-2287,331,-1198,173,-2356,417,173,-1204,309,157,-38,156
9076,-478,-766,-177,-202,1020,-750,2559,-4276,50,-83,-2,5,0,673,15022,518,-117,291,15022,1536,1497,1747,1681,-2827,353,-1464,183,-2932,339,234,-1214,326,160,-35,161
9126,-376,-828,0,-32,987,9625,3658,-4947,65,-71,-2,6,0,672,14978,491,-28,287,14978,1542,1486,1735,1693,-2913,743,-1430,365,-2976,650,153,-1284,269,166,-35,155
9176,-273,-1384,105,-58,553,9564,2193,-5802,52,-104,-2,6,0,672,14978,499,-13,291,15022,1550,1490,1731,1691,-2613,523,-1304,261,-2680,357,173,-1316,268,166,-35,159
9226,191,-1232,-205,-173,1198,7977,972,-4642,3,-124,0,6,0,671,14933,494,5,284,14933,1540,1493,1731,1694,-2934,229,-1449,113,-3005,0,0,-1275,217,170,-33,152
9276,747,-1388,-112,107,1097,7000,-186,-5924,-22,-123,-4,6,2,673,15022,498,69,284,14933,1538,1505,1730,1683,-2891,472,-1439,235,-2854,445,214,-1330,240,176,-31,160
9326,434,-1922,255,-108,1191,2117,1278,-3238,-15,-146,2,6,0,673,15022,517,76,291,15022,1576,1487,1726,1674,-3122,626,-1614,323,-3099,628,0,-1391,219,180,-33,157
9376,868,-1254,101,234,1433,11151,6282,-4031,-87,-103,0,-6,0,673,15022,481,37,287,14978,1573,1478,1721,1687,-2869,654,-1380,314,-2944,490,204,-1392,234,181,-35,160
9426,1333,-1078,-79,-6,1180,653,606,-3665,-185,-96,-2,-13,1,673,15022,488,60,291,15022,1531,1516,1719,1692,-3131,589,-1528,287,-3124,658,234,-1381,283,184,-36,159
9476,509,-1219,97,-129,1445,-8197,3475,-3848,-127,-99,-2,-13,0,672,14978,491,134,291,15022,1556,1513,1721,1679,-2906,739,-1426,363,-2951,763,224,-1392,296,186,-38,163
9526,415,-1712,92,-62,1256,-323,8846,-2689,-108,-145,0,-13,0,672,14978,530,145,287,14978,1578,1509,1724,1657,-2983,780,-1581,413,-3152,788,112,-1444,264,187,-41,161
9576,643,-1010,3,238,1385,-5999,8785,-1895,-49,-90,-35,-1,0,673,15022,510,186,287,14978,1564,1481,1730,1685,-2682,783,-1370,400,-2833,792,244,-1421,358,187,-43,160
9626,532,-537,41,-44,1269,531,3719,3658,-22,-42,-240,5,0,672,14978,533,248,287,14978,1518,1473,1734,1722,-2937,669,-1565,356,-2951,637,183,-1425,386,190,-43,157
9676,205,-616,-17,-101,1388,-3741,301,10555,0,-45,-240,5,2,642,13670,548,293,284,14933,1552,1496,1720,1689,-2650,663,-1452,363,-2692,717,142,-1453,383,190,-42,159
9726,303,-916,232,-11,1146,897,850,13668,0,-58,-444,5,0,640,13585,552,279,159,13585,1468,1394,1747,1697,-2581,632,-1425,348,-2638,620,173,-1457,341,190,-42,156
9776,552,-577,43,20,819,-3680,1888,22213,-20,-43,-490,5,0,613,12463,597,301,132,13290,1472,1446,1700,1672,-2223,458,-1327,273,-2196,612,193,-1436,335,187,-39,158
9826,332,-627,-49,-14,1332,-3924,-552,22579,-119,-48,-515,-17,2,602,12020,579,291,7,12020,1394,1390,1712,1679,-2139,417,-1238,241,-2101,556,255,-1417,323,183,-37,162
9876,-405,-1399,-114,22,879,-5572,3048,29903,-50,-135,-594,-17,0,603,12060,615,282,7,12020,1442,1414,1678,1629,-2192,369,-1348,227,-2252,512,214,-1371,268,178,-37,163
9926,-293,-887,-97,7,892,-4168,6832,29659,-138,-89,-458,-32,0,603,12060,630,191,11,12060,1550,1479,1624,1550,-1874,439,-1180,277,-1969,563,244,-1411,273,173,-36,161
9976,-739,-680,-133,68,854,-5938,-797,22213,-197,-65,-289,-53,2,603,12060,624,143,11,12060,1510,1454,1622,1609,-1764,447,-1100,279,-1718,604,244,-1344,230,165,-38,163
10026,-762,-677,-230,-71,846,-17474,1644,17147,-283,-81,-240,-67,1,602,12020,644,155,7,12020,1517,1512,1606,1576,-1833,359,-1180,231,-1797,696,255,-1298,234,160,-38,165
10076,-1493,-519,-117,-261,636,-19854,423,12996,-351,-61,-58,-87,0,603,12060,651,114,7,12020,1571,1514,1595,1525,-1598,372,-1040,242,-1613,697,255,-1190,296,155,-37,165
10126,-2444,230,-249,27,638,-19549,423,4085,-285,-14,-2,-99,0,603,12060,648,72,11,12060,1524,1508,1599,1572,-1562,391,-1012,253,-1491,765,255,-1144,307,152,-36,160
10176,-3280,-356,169,-212,728,-17535,-2567,3780,-271,-7,-2,-105,0,603,12060,654,-38,11,12060,1523,1487,1616,1577,-1514,388,-990,254,-1461,598,244,-1080,271,147,-34,164
10226,-3530,-304,-136,66,661,-15887,-3482,3109,-216,-39,0,-106,1,602,12020,643,-101,7,12020,1532,1475,1602,1590,-1408,268,-905,172,-1315,497,255,-1029,239,145,-33,163
10276,-3560,-854,-67,-79,314,-13934,-3726,3170,-168,-88,-2,-90,1,613,12463,655,-135,44,12382,1508,1493,1639,1592,-1352,211,-885,138,-1342,371,255,-949,226,141,-31,163
10326,-4185,-1241,50,-148,932,-8502,-1529,1705,98,-100,-2,-50,0,648,13927,635,-175,192,13927,1494,1549,1654,1641,-1397,32,-887,20,-1346,143,234,-912,193,139,-27,161
10376,-3808,-1453,-25,-173,817,5291,972,667,204,-129,-16,-23,0,670,14889,618,-227,280,14889,1602,1511,1687,1665,-1245,15,-769,9,-1355,-259,244,-863,143,136,-23,160
10426,-2542,-1028,37,132,1224,20428,6282,2498,214,-91,-2,-6,0,671,14933,620,-238,284,14933,1598,1522,1700,1651,-1284,-100,-796,-62,-1362,-448,234,-909,68,134,-20,162
10476,-1152,-566,162,-23,1211,16705,2437,-1529,107,-30,0,0,1,673,15022,599,-205,291,15022,1600,1504,1696,1675,-1242,-216,-744,-129,-1228,-406,244,-880,5,129,-17,161
10526,-484,-257,152,71,1130,7489,-1773,-980,66,-4,-2,2,0,672,14978,611,-116,287,14978,1562,1523,1697,1689,-1220,-171,-745,-104,-1091,-243,224,-887,-42,126,-15,159
10576,15,-467,215,-47,1177,6085,-5130,-64,7,-17,0,2,0,672,14978,612,-39,287,14978,1572,1507,1714,1674,-1116,-153,-683,-93,-1016,-230,224,-817,-96,120,-14,154
10626,-388,-724,63,202,785,3765,-5191,-1712,82,-50,-2,4,0,671,14933,619,-14,284,14933,1561,1523,1701,1685,-1086,-180,-672,-111,-989,-267,224,-791,-49,117,-14,158
10676,-427,-1356,28,-97,524,2606,-2811,-247,41,-110,-4,4,0,673,15022,607,-10,287,14978,1582,1511,1693,1685,-951,-265,-577,-160,-1010,-375,224,-681,-45,113,-10,159
10726,-181,-1430,195,340,1130,12615,1705,545,75,-100,-2,4,2,673,15022,593,49,291,15022,1585,1491,1708,1681,-984,-171,-583,-101,-1021,-351,244,-718,-52,110,-9,158
10776,92,-1150,33,-67,1023,11639,3719,-797,17,-93,-4,5,1,674,15067,591,48,291,15022,1582,1486,1708,1692,-924,-316,-546,-187,-969,-493,234,-732,-103,106,-6,155
10826,491,-702,11,-161,832,10968,3841,-552,-34,-59,0,4,0,673,15022,622,135,291,15022,1577,1524,1700,1676,-864,-346,-537,-215,-946,-405,255,-676,-162,103,-5,156
10876,296,-820,-123,-163,972,2667,4940,-2933,-14,-84,0,5,0,674,15067,620,160,291,15022,1568,1527,1708,1672,-776,-216,-481,-134,-866,-365,244,-619,-80,98,-2,156
10926,331,-539,-142,-156,966,1080,6466,-1224,-14,-62,-4,6,0,673,15022,635,207,291,15022,1570,1527,1709,1669,-724,-324,-459,-205,-841,-355,255,-557,-113,95,0,157
10976,642,-154,-41,258,1180,3094,4085,57,-2,-8,0,6,2,672,14978,641,186,284,14933,1577,1533,1694,1668,-657,-357,-421,-228,-658,-354,255,-532,-173,91,0,150
11026,1010,-362,96,78,1242,1568,-3848,-797,-44,-26,-2,7,0,673,15022,672,231,291,15022,1578,1529,1688,1679,-615,-297,-413,-199,-508,-347,244,-556,-122,88,1,155
11076,492,-708,161,-48,1067,-262,-5313,1094,-20,-38,0,5,1,670,14889,675,292,287,14978,1571,1512,1701,1685,-444,-238,-299,-160,-379,-129,255,-453,-186,81,1,155
11126,-105,-1208,-93,162,1221,-79,-3604,240,47,-110,0,4,0,672,14978,676,305,287,14978,1596,1512,1687,1678,-409,-103,-276,-69,-344,-201,255,-401,-94,79,0,153
11176,-259,-1382,76,-73,831,2178,-2689,-247,39,-109,0,4,0,668,14800,694,318,271,14800,1580,1529,1681,1669,-348,-248,-241,-172,-304,-245,234,-372,-126,74,1,155
11226,21,-1161,9,75,1243,1263,-1224,1400,39,-126,0,6,-4,669,14844,703,347,276,14844,1595,1504,1690,1671,-321,-207,-226,-146,-283,-248,255,-390,-137,70,1,153
11276,-231,-1320,313,118,1183,4254,-2017,1033,-194,-114,-2,-45,-4,658,14360,743,368,231,14360,1609,1467,1678,1658,-283,-233,-210,-173,-228,-135,255,-416,-150,65,2,163
11326,-160,-859,-163,80,1054,-19915,179,-1834,-468,-106,-4,-96,-2,647,13884,761,378,188,13884,1553,1491,1669,1658,-193,-79,-147,-60,-186,246,244,-361,-242,60,0,160
11376,-807,-820,-95,159,785,-33587,-2994,1400,-400,-98,-2,-95,-2,647,13884,776,327,184,13841,1487,1536,1674,1666,-127,3,-99,3,-130,624,244,-332,-152,54,-4,155
11426,-2710,-318,-245,-95,1027,-26934,-4337,667,-153,-60,2,-74,-2,646,13841,789,341,184,13841,1548,1506,1661,1659,-120,0,-95,0,-68,343,255,-332,-160,49,-7,155
11476,-3047,-568,-160,166,1263,-14300,-4154,240,-56,-68,2,-67,-1,647,13884,786,339,188,13884,1537,1537,1647,1656,-66,-146,-52,-115,-33,59,255,-177,-124,43,-10,159
11526,-3597,-1636,109,-93,760,-16131,-247,-64,0,-50,0,-60,16,641,13628,832,337,163,13628,1487,1559,1660,1642,-79,-195,-66,-162,-68,111,255,-119,-104,42,-9,155
11576,-4236,-1057,30,-52,969,-6793,-3360,545,162,-30,2,-41,11,638,13500,855,338,152,13500,1575,1474,1631,1656,-63,-271,-54,-231,-8,-298,255,-99,-162,40,-6,155
11626,-3584,-1291,-98,-72,1149,2667,-5313,1949,135,-121,2,-35,0,638,13500,861,324,152,13500,1530,1501,1655,1654,-17,-297,-14,-256,-8,-372,255,-44,-142,40,-4,157
11676,-3152,-1977,56,-22,1011,5596,8052,1156,211,-173,-2,-13,0,639,13543,899,312,155,13543,1504,1520,1665,1649,-71,-360,-64,-324,-170,-426,255,-25,-148,41,1,157
11726,-3352,-2006,144,-172,930,16094,8297,1461,314,-166,0,5,0,639,13543,904,280,155,13543,1545,1508,1647,1644,-68,-467,-62,-422,-162,-667,255,-74,-222,41,5,156
11776,-2315,-1151,-112,-112,901,15057,5916,2254,231,-117,-2,6,0,638,13500,927,294,155,13543,1576,1491,1641,1636,0,-516,0,-479,-58,-754,255,-89,-347,39,11,154
11826,-795,-824,173,109,1115,6451,4879,1156,115,-59,0,6,0,636,13416,950,278,143,13416,1532,1520,1646,1646,15,-587,15,-557,-8,-692,255,-16,-395,38,12,149
11876,-921,-1337,104,158,1020,6268,4818,2437,128,-107,0,5,0,636,13416,967,253,143,13416,1555,1501,1646,1631,22,-507,21,-491,0,-562,255,17,-361,37,17,149
11926,-1416,-1369,101,-236,956,10723,5245,3292,133,-106,-2,5,1,637,13458,953,239,148,13458,1548,1478,1652,1649,53,-642,50,-612,-19,-848,255,-18,-386,36,21,155
11976,-853,-990,85,-37,791,13836,6038,1766,108,-79,0,6,0,637,13458,963,126,143,13416,1550,1479,1660,1638,51,-559,49,-538,0,-779,255,-19,-498,33,26,147
12026,-56,-618,-74,-92,1124,9869,2193,2193,28,-52,-2,5,2,637,13458,961,84,148,13458,1535,1484,1664,1632,77,-598,74,-575,0,-733,255,33,-498,32,28,145
12076,65,-985,-147,-1,1211,7061,7930,1033,28,-68,-2,6,6,637,13458,968,77,148,13458,1526,1501,1665,1640,27,-557,26,-539,19,-678,255,114,-472,33,31,146
12126,-766,-1463,66,-276,904,10723,2254,1644,74,-78,0,6,9,635,13374,969,82,139,13374,1540,1497,1652,1637,194,-686,188,-665,146,-770,255,121,-430,33,35,151
12176,-737,-880,-29,-282,658,12738,2987,545,61,-38,0,6,9,634,13332,996,87,139,13374,1547,1488,1647,1643,234,-516,233,-514,137,-685,255,106,-475,30,37,150
12226,-315,-153,-138,-41,1061,10601,-736,667,63,11,-4,6,7,635,13374,992,120,139,13374,1545,1492,1645,1645,300,-501,297,-497,308,-617,255,172,-484,27,38,152
12276,-58,-393,-170,-52,1083,6756,-1834,850,34,-4,-2,6,9,635,13374,1003,60,139,13374,1517,1518,1631,1660,351,-484,352,-486,351,-523,255,289,-402,26,39,151
12326,-836,-1516,269,-45,914,3643,3048,-430,102,-93,-4,6,2,635,13374,1018,96,139,13374,1538,1508,1638,1645,316,-523,322,-532,297,-578,255,333,-380,25,41,153
12376,-1118,-1632,33,-78,785,11639,6221,789,125,-136,-2,6,1,634,13332,1027,110,139,13374,1553,1506,1641,1631,421,-501,432,-514,333,-632,255,351,-387,24,47,155
12426,-849,-1420,91,-73,923,9564,8175,362,103,-112,0,6,1,634,13332,995,-2,136,13332,1527,1517,1665,1622,471,-584,469,-581,350,-680,255,375,-444,22,49,150
12476,-279,-1233,-51,66,1253,3460,4329,179,59,-70,-2,5,9,635,13374,1003,-25,139,13374,1556,1509,1625,1640,509,-471,511,-473,531,-522,255,479,-445,20,50,152
12526,-336,-1267,-170,-51,924,-3070,1156,423,54,-121,-2,6,2,635,13374,1021,1,139,13374,1530,1518,1642,1639,577,-427,589,-437,551,-441,255,588,-406,19,50,153
12576,-723,-1078,-1,120,1194,3338,6832,667,100,-92,2,4,1,636,13416,1001,-64,139,13374,1559,1490,1651,1627,612,-369,612,-370,545,-425,255,666,-320,20,50,152
12626,-300,-479,21,295,1220,4254,3231,1583,73,-31,0,4,2,639,13543,999,-20,155,13543,1552,1497,1635,1640,664,-333,663,-333,628,-424,255,679,-266,20,51,150
12676,420,-205,23,32,970,2789,-3,1033,-8,-8,10,4,1,635,13374,989,-38,139,13374,1539,1494,1633,1659,699,-366,691,-362,721,-339,255,680,-300,20,55,145
12726,345,-847,125,19,704,-4351,-4703,57,-5,-52,2,4,0,635,13374,1011,-91,139,13374,1551,1494,1634,1651,794,-235,803,-237,811,-256,255,700,-288,19,55,149
12776,-166,-743,-191,13,1215,-1361,2681,545,39,-79,2,4,0,636,13416,1006,-67,136,13332,1550,1492,1641,1640,813,-152,818,-153,797,-212,255,794,-236,17,54,152
12826,-551,-481,-88,138,1133,-811,240,789,85,-47,0,4,0,636,13416,997,-57,143,13416,1517,1491,1653,1660,908,-238,906,-238,889,-256,255,861,-182,17,54,149
12876,-311,-228,32,33,1100,3521,240,179,56,-13,2,4,0,635,13374,989,-57,139,13374,1550,1472,1651,1649,933,-91,923,-90,943,-101,255,904,-118,18,55,145
12926,28,-221,28,182,1024,5291,-2384,850,42,-12,2,4,0,635,13374,985,-77,139,13374,1521,1491,1657,1652,1034,-139,1018,-137,1036,-111,255,911,-94,16,55,150
12976,-179,-462,-80,-180,851,-628,-675,-430,43,-60,2,9,-2,634,13332,988,-94,139,13374,1533,1483,1646,1661,1119,-97,1106,-96,1081,-93,255,949,-105,13,56,152
13026,-141,-836,-19,-86,719,-933,-2384,179,24,-72,2,4,0,635,13374,985,-139,139,13374,1521,1493,1648,1661,1042,-55,1026,-55,1060,-34,255,985,-83,13,55,150
13076,-529,-393,-190,68,1062,-2215,3231,118,73,-44,0,4,2,634,13332,963,-132,136,13332,1538,1486,1653,1642,1195,24,1151,23,1168,68,255,1082,11,11,54,148
13126,-625,-133,-224,106,1175,408,2315,-736,54,-28,-2,-2,0,636,13416,982,-109,143,13416,1502,1519,1647,1656,1226,-102,1203,-100,1260,-8,255,1130,43,11,56,154
13176,-314,384,86,-37,765,-384,-1163,-736,15,49,4,-1,0,635,13374,975,-95,139,13374,1527,1499,1655,1644,1306,10,1273,10,1371,76,255,1103,60,8,57,144
13226,53,713,66,-26,885,-994,-4337,-858,-25,73,2,-3,0,635,13374,960,-127,139,21374,1720,1694,1792,1800,1378,82,1323,79,1473,117,255,1115,52,4,57,145
13276,72,373,-90,134,1708,-1483,-5985,-3787,-13,37,4,-2,1,636,13416,952,-44,139,18718,1639,1607,1757,1767,1407,100,1339,95,1577,134,255,1189,111,0,56,150
13326,-373,99,29,-268,786,-1422,-6778,-5191,-11,19,2,-2,0,635,13374,944,62,139,14439,1518,1448,1646,1662,1486,132,1403,125,1568,93,255,1271,92,-1,55,149
13376,-386,-13,12,-227,748,3216,-6961,-736,-8,14,2,-2,2,635,13374,937,59,136,15936,1541,1520,1649,1699,1524,206,1428,193,1609,178,255,1237,74,-6,56,148
13426,-810,-472,-121,-182,737,-3314,-7572,-3543,63,-48,4,3,1,635,13374,937,31,139,20684,1623,1608,1726,1766,1483,156,1390,146,1642,110,255,1319,95,-8,54,153
13476,-435,-275,127,-308,1454,5413,-6839,-3421,44,-9,0,4,0,634,13332,961,216,139,9947,1417,1381,1581,1612,1547,264,1487,253,1614,177,255,1335,96,-9,52,151
13526,-117,-226,-151,89,978,164,-6778,240,16,-29,2,0,0,634,13332,969,201,136,13751,1558,1513,1649,1674,1485,163,1439,158,1609,170,255,1389,167,-11,52,150
13576,305,-233,53,-57,755,-3924,-4764,-1895,-218,-8,0,-36,0,635,13374,987,161,143,16592,1605,1532,1697,1720,1554,196,1534,193,1599,416,255,1383,216,-13,52,155
13626,374,-325,-69,-32,904,-17840,-1895,-1651,-596,-4,2,-110,6,635,13374,985,158,139,15064,1610,1570,1734,1751,1520,229,1498,225,1592,723,255,1357,149,-14,51,158
13676,-1007,-229,-130,-50,982,-37249,-5496,-2261,-612,66,2,-136,19,637,13458,1002,201,139,10464,1464,1461,1606,1647,1579,379,1582,380,1716,1021,255,1400,189,-18,45,164
13726,-1992,-344,-80,-29,723,-39324,-11112,-2078,-636,130,4,-158,33,634,13332,1003,171,136,13350,1540,1504,1645,1690,1442,300,1446,301,1674,929,255,1400,190,-19,43,164
13776,-3145,-861,65,103,1062,-35235,-14652,-675,-510,124,2,-157,37,634,13332,1040,211,139,14103,1571,1537,1674,1712,1550,352,1612,366,1762,945,255,1399,203,-22,40,163
13826,-4338,-937,-26,42,1190,-33343,-13004,-675,-451,77,0,-165,31,635,13374,1029,215,139,11632,1388,1420,1545,1610,1568,393,1613,405,1764,934,244,1443,196,-26,37,162
13876,-4970,-1187,19,-20,901,-31329,-6595,911,-152,-16,2,-115,16,635,13374,1053,165,139,13777,1540,1623,1685,1727,1431,262,1507,275,1463,587,255,1499,161,-27,33,161
13926,-5531,-1222,-45,-114,964,-2703,1644,-1529,409,-93,2,-13,4,634,13332,1044,126,136,16045,1565,1529,1684,1703,1392,288,1454,300,1355,58,255,1520,210,-25,31,159
13976,-3622,-990,-97,51,1027,27142,-308,1400,353,-83,0,2,2,635,13374,1056,123,139,14003,1581,1479,1680,1716,1377,-111,1455,-117,1413,-525,255,1508,195,-23,37,158
14026,-1722,-1018,11,81,879,22442,850,-919,190,-79,2,3,2,634,13332,1056,122,136,14749,1530,1573,1706,1700,1379,-229,1457,-242,1346,-455,255,1449,65,-23,43,155
14076,-864,-268,-177,128,1089,12310,667,-797,233,81,2,27,24,635,13374,1045,124,139,15713,1546,1488,1669,1676,1247,-48,1303,-51,1397,-361,255,1443,12,-20,45,156
14126,171,-94,-69,302,1255,15850,-10013,-1163,120,262,0,20,54,636,13416,1076,163,143,14849,1483,1470,1647,1630,1352,-173,1455,-186,1542,-368,255,1389,35,-19,49,160
14176,55,-436,-10,-300,1079,12860,-18375,1033,81,397,-12,21,85,635,13374,1041,103,139,15459,1532,1507,1688,1709,1276,-208,1328,-216,1653,-390,244,1354,-105,-18,53,163
14226,475,-1097,-21,-97,1260,8770,-24356,1339,30,424,0,15,102,635,13374,1070,108,139,15576,1555,1506,1680,1720,1287,-206,1377,-220,1715,-362,255,1324,-112,-17,55,162
14276,904,-1945,-136,-41,998,9503,-23380,-4703,-3,290,4,15,93,636,13416,1093,210,136,10288,1491,1494,1639,1665,990,-244,1082,-266,1362,-280,255,1268,-131,-15,58,161
14326,591,-2377,74,-140,1029,-2398,-16055,-2872,9,273,2,15,94,635,13374,1087,204,139,10719,1515,1425,1570,1609,1102,-256,1197,-278,1382,-347,255,1265,-175,-14,59,162
14376,1124,-2763,1,5,648,-2398,-10623,-3,-68,233,0,6,94,635,13374,1099,151,139,11719,1594,1546,1717,1725,1141,-246,1254,-270,1279,-127,255,1231,-191,-13,61,156
14426,864,-2746,-50,-22,1145,-6976,-9525,-4703,-71,296,0,2,108,635,13374,1127,183,139,13339,1456,1483,1665,1664,1028,-332,1159,-374,1181,-145,255,1206,-180,-12,64,163
14476,148,-2576,-59,-106,840,-4046,-12821,-2139,-20,310,2,1,108,634,13332,1132,162,143,13896,1546,1537,1687,1704,864,-264,978,-299,1105,-177,255,1145,-176,-8,67,161
14526,-488,-2588,-114,-204,849,-1910,-12210,-1224,32,155,2,2,78,635,13374,1140,186,139,11108,1490,1440,1605,1680,647,-328,738,-374,897,-367,255,1066,-235,-3,69,160
14576,-295,-3090,37,-60,981,4193,-3909,-980,46,41,0,4,62,635,13374,1134,100,143,14019,1581,1550,1700,1720,755,-227,857,-258,689,-291,255,1010,-282,0,71,152
14626,156,-3015,47,-76,1025,3582,10250,-3299,18,-261,4,7,1,637,13458,1135,48,148,17372,1592,1562,1737,1749,688,-298,780,-339,476,-323,255,967,-282,2,72,152
14676,371,-2352,79,-17,1064,1324,21236,-3787,4,-200,2,7,2,635,13374,1131,111,139,12197,1457,1458,1668,1638,488,-307,552,-348,111,-419,255,874,-317,9,71,152
14726,189,-718,53,125,1207,4986,19100,-2200,27,-64,4,6,0,635,13374,1121,25,139,18187,1647,1615,1771,1755,478,-404,535,-453,147,-453,255,773,-319,14,74,151
14776,332,650,-142,96,1235,5963,10189,-3299,1,45,2,4,0,634,13332,1146,121,136,12789,1507,1445,1679,1697,393,-512,451,-587,236,-539,255,685,-344,21,77,150
14826,431,1019,58,-197,981,1019,9884,-1407,-12,99,4,9,1,635,13374,1154,188,139,10945,1494,1436,1641,1636,367,-361,424,-416,198,-397,255,657,-388,24,77,151
14876,-1,1176,-137,-145,978,-7037,7503,-1468,30,90,2,9,0,635,13374,1159,133,139,17939,1538,1556,1703,1709,381,-401,442,-465,248,-334,255,620,-387,30,81,152
14926,-327,932,44,-131,794,653,3963,-2811,72,90,0,11,0,596,11781,1171,157,0,5374,1587,1524,1708,1722,267,-294,313,-345,202,-430,255,612,-388,34,80,147
14976,-611,417,-122,130,746,-1849,4696,-1468,127,25,2,11,1,566,10625,1177,110,0,15532,1517,1504,1564,1549,206,-392,242,-461,120,-497,255,493,-379,42,83,152
15026,-34,374,-9,206,935,7244,6588,301,91,36,4,12,1,567,10663,1183,17,0,14627,1545,1596,1704,1650,243,-601,288,-711,68,-534,244,486,-418,46,87,143
15076,-313,815,-9,-41,1236,2178,9334,-2750,88,71,2,12,0,566,10625,1169,32,0,12921,1524,1492,1661,1638,187,-407,219,-476,92,-507,244,393,-453,51,88,147
15126,-194,336,12,-22,676,6207,2498,-675,121,37,0,20,1,566,10625,1187,12,0,14729,1537,1565,1700,1702,77,-509,91,-605,17,-629,244,385,-451,55,90,144
15176,-520,406,0,-86,1158,3155,2864,-369,179,87,2,27,10,566,10625,1186,48,0,10845,1471,1428,1627,1590,162,-453,192,-538,109,-621,244,367,-406,59,93,148
15226,103,353,57,30,552,12371,-2689,2620,190,217,2,37,34,567,10663,1179,-15,0,13146,1581,1572,1703,1677,67,-552,79,-651,176,-764,255,322,-448,63,94,148
15276,209,-293,183,-140,942,11517,-9647,-308,145,360,2,34,72,566,10625,1177,-14,0,15405,1545,1479,1668,1641,184,-529,216,-623,412,-712,244,317,-457,66,97,154
15326,511,-1142,199,108,895,12432,-16666,-186,202,388,0,46,92,567,10663,1181,24,0,11340,1395,1400,1579,1570,178,-471,210,-556,512,-596,244,243,-477,68,98,154
15376,595,-2168,330,-33,984,10968,-19351,1949,143,316,2,39,93,567,10663,1185,-32,0,16192,1612,1517,1678,1668,123,-452,145,-536,451,-604,255,239,-499,69,100,156
15426,362,-2892,-91,92,1130,8099,-14896,1522,171,180,2,38,87,566,10625,1174,-35,0,12913,1557,1535,1670,1654,95,-376,112,-442,317,-540,255,219,-447,70,99,153
15476,103,-3023,114,-22,1014,6329,-8914,911,184,130,0,38,80,567,10663,1171,-36,0,15195,1554,1533,1699,1674,46,-332,54,-389,168,-464,255,166,-467,74,99,151
15526,-190,-3359,-245,15,893,7489,-2261,1156,109,-67,2,17,51,565,10588,1172,-1,0,11881,1516,1517,1654,1651,-5,-338,-6,-396,-19,-523,255,187,-397,77,99,151
15576,-260,-3037,-193,46,873,775,7442,1094,193,-138,0,32,31,567,10663,1183,0,0,12873,1539,1568,1692,1644,-23,-338,-28,-400,-225,-470,255,120,-368,81,99,152
15626,411,-2350,150,105,909,12860,7808,3231,179,-105,2,39,18,566,10625,1178,-30,0,16369,1620,1472,1666,1682,-133,-289,-157,-340,-290,-555,255,77,-317,84,98,156
15676,517,-1947,17,124,913,5902,4268,4757,-22,-152,2,1,4,566,10625,1172,-27,0,13561,1542,1524,1678,1655,-215,-236,-252,-277,-384,-307,255,79,-247,91,99,152
15726,403,-1658,145,105,1257,-2276,12752,2071,-10,-124,2,3,3,568,10700,1184,22,0,14329,1484,1423,1624,1569,-204,-175,-242,-208,-436,-137,255,11,-224,94,98,155
15776,-80,-723,-21,-83,657,2484,8236,3170,16,-18,2,4,10,567,10663,1177,-20,0,13022,1589,1573,1697,1663,-216,-132,-254,-155,-332,-238,255,16,-190,101,98,152
15826,-589,-907,-77,170,1023,-2276,-3482,1522,145,73,2,15,32,565,10588,1195,-17,0,15056,1536,1548,1662,1643,-184,-83,-220,-99,-117,-196,255,-24,-119,104,97,156
15876,-535,-885,43,39,1221,5657,-4215,2742,193,122,2,27,39,567,10663,1197,61,0,12521,1541,1450,1640,1586,-254,-176,-304,-210,-87,-312,255,-94,-143,108,97,154
15926,-487,-1215,-77,-176,696,6573,-8609,2071,62,41,2,8,31,565,10588,1182,-15,0,13786,1566,1538,1673,1688,-239,-146,-282,-172,-102,-265,255,-125,-159,111,98,157
15976,-292,-1932,20,0,772,1019,-5435,2559,61,-76,2,6,18,566,10625,1186,-35,0,14755,1589,1554,1718,1691,-241,55,-286,65,-228,-42,255,-145,-147,114,95,149
16026,-158,-2168,33,-152,778,4742,7137,-1346,20,-97,2,4,18,566,10625,1196,5,0,11680,1540,1509,1719,1654,-321,-26,-384,-31,-468,-97,255,-159,-147,117,92,152
16076,-321,-2033,266,-51,963,5413,8846,1461,39,-3,0,2,30,566,10625,1184,2,0,14447,1551,1476,1643,1601,-404,38,-478,45,-454,0,255,-319,-127,122,89,146
16126,162,-1444,-48,12,1339,2484,2742,-675,1,48,2,2,36,565,10588,1185,8,0,14000,1466,1455,1617,1599,-372,93,-441,110,-353,84,255,-353,-112,124,84,146
16176,326,-1683,129,168,1161,-2154,3353,-64,-4,76,-2,2,43,566,10625,1196,-1,0,13804,1540,1492,1645,1599,-444,197,-531,235,-471,257,244,-376,-7,126,78,150
16226,-480,-1969,137,-104,1027,469,2864,1400,-5,88,2,-7,50,566,10625,1196,-3,0,16884,1591,1523,1692,1652,-428,257,-511,308,-458,254,255,-440,80,127,75,151
16276,2,-1165,-184,62,1040,2484,1033,1278,-129,129,2,-27,50,566,10625,1194,-61,0,16994,1623,1592,1757,1714,-422,313,-504,374,-423,338,255,-411,175,129,70,154
16326,-622,-1136,34,-237,1008,-6793,-2750,606,-159,168,2,-37,53,566,10625,1191,-12,0,13265,1549,1558,1722,1657,-456,289,-544,344,-443,553,255,-460,250,131,69,158
16376,-1070,-1344,-8,192,1316,-9295,-5252,850,-124,105,2,-46,44,566,10625,1199,32,0,14095,1493,1439,1599,1585,-448,361,-537,433,-256,573,255,-494,309,133,66,157
16426,-1420,-2081,73,-81,1038,-9783,-6229,1339,-241,20,0,-71,39,566,10625,1200,13,0,14419,1623,1582,1712,1701,-504,426,-605,511,-382,714,255,-559,292,133,63,157
16476,-1201,-2096,-76,124,937,-23699,-4520,972,-354,-39,2,-92,30,565,10588,1219,54,0,10576,1491,1455,1623,1607,-580,499,-707,608,-563,945,255,-596,314,134,58,158
16526,-2056,-2154,69,-74,1061,-32122,-2322,3353,-459,-58,0,-124,25,567,10663,1193,-41,0,18570,1625,1588,1735,1706,-569,580,-679,693,-563,1118,255,-556,416,136,54,162
16576,-3627,-1810,124,79,1333,-26507,-858,1094,-356,-39,2,-134,22,566,10625,1198,9,0,9701,1390,1401,1588,1555,-612,606,-734,726,-609,1092,244,-545,534,139,49,158
16626,-4513,-1368,-110,89,919,-26690,545,-3,-322,-12,4,-144,24,566,10625,1192,1,0,13821,1568,1543,1657,1619,-600,510,-715,608,-620,934,255,-548,497,141,48,155
16676,-4612,-1488,-82,220,1412,-27850,4207,423,-332,-18,0,-149,24,565,10588,1184,20,0,13725,1462,1476,1608,1579,-590,529,-698,627,-585,976,255,-499,517,144,45,159
16726,-5152,-1769,-11,-88,919,-27850,-186,789,-285,-95,-2,-144,12,567,10663,1203,80,0,9444,1436,1448,1575,1591,-644,546,-775,657,-645,960,255,-574,519,148,44,158
16776,-5344,-1887,69,-1,156,-23760,2681,3597,-189,-162,2,-129,0,567,10663,1221,-11,0,14456,1585,1562,1719,1651,-734,435,-896,532,-860,749,255,-712,469,151,43,158
16826,-5085,-880,-118,-21,1246,-10028,11104,423,-73,-85,4,-104,1,566,10625,1210,-12,0,13302,1538,1505,1687,1645,-710,509,-859,616,-884,648,255,-754,388,153,40,159
16876,-4076,-997,-4,41,1012,-6854,10494,-125,-124,-90,2,-97,0,566,10625,1212,25,0,13517,1555,1566,1694,1656,-839,210,-1017,255,-943,348,255,-808,324,156,40,156
16926,-3991,-1272,235,-169,901,-4840,10067,1827,13,-84,0,-64,1,567,10663,1201,-55,0,17391,1525,1590,1726,1672,-752,149,-903,179,-914,341,255,-836,309,158,42,157
16976,-3793,-451,-117,-164,817,4376,10555,-247,89,-52,2,-46,1,567,10663,1185,-57,0,12022,1631,1537,1732,1704,-814,161,-965,191,-962,-97,255,-831,280,160,43,156
17026,-2767,-835,282,-211,736,12310,8236,240,83,-33,2,-27,1,566,10625,1182,-66,0,13571,1578,1587,1748,1691,-762,43,-901,51,-942,-77,255,-896,277,161,46,152
17076,-1991,-311,33,-82,1318,8465,8785,-186,108,-25,0,-13,0,565,10588,1191,21,0,12047,1459,1413,1603,1554,-880,-49,-1049,-58,-927,-195,255,-913,135,163,49,155
17126,-1246,-863,145,-70,927,8160,6527,728,50,-25,2,-11,7,567,10663,1205,35,0,14253,1471,1473,1609,1590,-881,-84,-1062,-101,-923,-137,255,-980,78,164,51,153
17176,-615,-1064,-44,-98,808,2789,301,1033,1,-62,4,-8,7,566,10625,1205,-48,0,15744,1614,1552,1710,1703,-773,-56,-931,-67,-875,-144,255,-970,0,163,53,149
17226,-389,-1459,-36,-59,948,-1544,2437,1217,-14,-93,-10,-8,8,567,10663,1201,-22,0,16384,1548,1523,1705,1669,-840,-98,-1009,-118,-912,-179,255,-883,1,163,54,157
17276,191,-1079,20,-24,997,9625,7259,-552,-53,-27,0,-7,13,566,10625,1203,0,0,12044,1512,1444,1677,1629,-829,-66,-997,-80,-914,-188,255,-897,31,166,59,150
17326,134,-1122,-45,-115,1204,3338,1522,667,-62,-31,0,-8,14,565,10588,1217,13,0,15940,1568,1542,1714,1676,-807,-182,-983,-221,-842,-246,255,-858,16,168,62,155
17376,711,-557,-71,-26,572,4132,4512,-64,-104,5,2,-7,13,566,10625,1193,-16,0,14846,1634,1622,1770,1739,-756,-186,-903,-222,-842,-178,255,-881,-17,169,68,153
17426,276,-835,-11,-30,946,-2154,1278,118,-63,-30,2,-6,9,567,10663,1200,22,0,12731,1503,1397,1656,1598,-687,-173,-824,-208,-774,-297,255,-786,-24,169,70,153
17476,804,-475,184,106,1048,13165,4207,1461,-90,18,2,-6,9,566,10625,1210,-1,0,14914,1574,1532,1686,1652,-749,-302,-906,-365,-817,-389,255,-805,-69,172,76,154
17526,985,-1054,32,-8,376,-2825,-1102,1461,-122,-39,2,-6,9,567,10663,1214,71,0,11061,1526,1468,1639,1617,-747,-239,-906,-290,-773,-246,255,-800,-115,173,79,156
17576,502,-1351,-56,185,881,-5816,3353,1827,-61,-82,2,-6,9,566,10625,1216,-2,0,14214,1506,1495,1650,1583,-792,-317,-964,-385,-857,-169,255,-839,-136,175,84,156
17626,279,-611,37,63,952,-3070,5123,-614,-22,-10,0,0,8,566,10625,1203,-29,0,13451,1597,1549,1680,1668,-752,-322,-905,-387,-747,-297,255,-892,-202,175,86,153
17676,403,-903,-6,-61,1191,4498,2620,179,-70,-68,0,-6,2,566,10625,1206,-32,0,16030,1593,1508,1689,1635,-662,-289,-798,-349,-703,-410,255,-852,-294,173,88,154
17726,625,-797,0,132,1161,3704,9456,-247,-77,-64,0,-6,2,567,10663,1198,-1,0,11074,1490,1486,1643,1578,-667,-404,-799,-484,-807,-340,255,-893,-326,173,91,153
17776,-102,-418,-38,-286,842,-6549,9212,-552,-62,-38,2,-6,1,567,10663,1189,-60,0,16402,1647,1612,1781,1714,-721,-326,-858,-388,-842,-332,255,-885,-410,172,90,158
17826,-220,150,-119,65,1320,3094,5672,-369,-5,1,2,-6,0,566,10625,1204,-18,0,15500,1582,1547,1706,1669,-677,-483,-815,-581,-719,-505,255,-883,-392,170,91,153
17876,144,162,3,-36,1103,4193,5611,-736,-49,19,0,-6,1,566,10625,1195,-29,0,15035,1554,1515,1694,1629,-654,-486,-782,-581,-721,-610,255,-841,-492,168,93,152
17926,634,437,20,348,1035,5841,2681,1278,-55,46,2,-6,1,566,10625,1203,58,0,8858,1430,1381,1607,1554,-641,-521,-771,-627,-670,-505,255,-868,-478,167,96,151
17976,444,382,-226,21,960,-1116,728,545,-37,10,0,0,0,565,10588,1214,51,0,11459,1559,1483,1668,1620,-569,-434,-691,-527,-480,-450,255,-728,-524,164,96,150
18026,467,-318,-16,215,1237,-2947,-6473,-552,68,4,0,18,6,567,10663,1213,-5,0,15870,1547,1547,1707,1642,-543,-460,-659,-558,-509,-518,255,-737,-478,163,98,154
18076,81,-533,225,-77,721,5902,-2750,545,186,47,2,40,12,565,10588,1214,-25,0,15130,1636,1576,1745,1726,-494,-577,-600,-701,-435,-802,255,-751,-537,160,101,155
18126,-153,-1366,164,-209,1082,16949,-3787,-2261,238,-6,2,47,19,566,10625,1210,-3,0,14693,1497,1409,1651,1608,-468,-481,-566,-582,-408,-904,255,-706,-557,157,102,162
18176,537,-1189,72,-93,917,23663,-2506,-1468,287,32,4,67,25,566,10625,1203,4,0,11663,1461,1385,1605,1573,-421,-541,-507,-651,-366,-903,255,-700,-643,154,105,157
18226,808,-2126,100,-137,837,18109,-10196,667,257,-40,0,67,26,566,10625,1212,1,0,15259,1607,1520,1705,1708,-390,-548,-472,-664,-205,-943,255,-630,-684,152,104,159
18276,1341,-2941,302,135,706,22259,-6778,-1529,279,-78,2,74,27,566,10625,1219,30,0,10844,1530,1484,1678,1651,-364,-590,-444,-719,-332,-843,255,-627,-658,148,106,161
18326,1100,-3052,346,-118,1149,16583,-1468,-552,296,-94,2,79,29,567,10663,1226,37,0,12622,1593,1498,1699,1660,-403,-511,-495,-627,-410,-854,255,-638,-707,146,105,162
18376,1328,-3178,85,-29,1232,14752,-1712,-1834,287,-125,2,80,30,566,10625,1229,0,0,16765,1521,1496,1690,1665,-429,-543,-528,-668,-322,-762,255,-553,-691,143,103,161
18426,1645,-3263,17,60,1124,10601,4390,-2994,163,-144,0,60,29,566,10625,1218,-19,0,16941,1551,1465,1676,1654,-335,-456,-408,-555,-368,-625,255,-560,-639,141,101,161
18476,1295,-3156,-21,-194,1082,4254,6649,-2017,95,-170,2,45,23,567,10663,1225,-2,0,13412,1537,1485,1677,1653,-260,-396,-318,-486,-466,-554,255,-551,-638,136,97,160
18526,1771,-2133,29,9,1151,1690,6649,-1834,-82,-102,2,14,17,566,10625,1210,-1,0,14383,1533,1404,1648,1611,-362,-361,-439,-437,-460,-401,255,-607,-571,134,95,157
18576,1520,-1008,-198,-75,969,-2764,7442,-980,-168,-54,0,-4,11,566,10625,1218,-95,0,19229,1605,1617,1754,1723,-226,-316,-275,-385,-348,-110,255,-531,-544,128,91,161
18626,983,-710,19,143,1081,-16558,2681,-3543,-98,-41,2,-3,4,567,10663,1200,-2,0,11925,1445,1378,1621,1593,-246,-248,-296,-298,-281,-59,255,-502,-447,125,89,156
18676,487,-290,-175,70,1150,-13018,1705,1094,-60,-28,2,-3,2,567,10663,1216,79,0,9772,1489,1444,1619,1596,-284,-230,-345,-280,-264,0,255,-370,-377,123,87,153
18726,-342,-1026,112,326,962,-18145,-1346,2071,24,-61,-2,-6,3,567,10663,1203,-3,0,13911,1533,1530,1668,1626,-88,-190,-106,-229,-145,59,255,-349,-330,120,87,156
18776,-1266,-1216,40,138,577,-11370,3414,-1163,103,-92,0,-5,2,565,10588,1182,-108,0,17571,1675,1630,1749,1741,-122,-168,-145,-198,-162,-204,255,-355,-343,115,84,161
18826,-1449,-836,-64,-166,973,408,3658,-308,84,-79,2,-5,0,537,9564,1193,-26,0,12512,1591,1535,1728,1693,-88,-205,-105,-245,-194,-271,255,-269,-352,114,83,154
18876,-804,-687,-60,1,1036,164,4512,1094,40,-62,0,-6,1,454,6836,1208,36,0,12987,1560,1534,1668,1619,-94,-265,-114,-320,-170,-213,255,-179,-320,112,83,150
18926,-439,-337,-125,17,921,-7769,-919,1949,2,-39,0,-6,0,455,6866,1204,-2,0,15680,1528,1511,1639,1643,-126,-185,-151,-222,-87,-97,255,-83,-281,111,82,150
18976,-337,-861,68,200,980,-12591,1766,-125,6,-63,2,-7,1,455,6866,1212,-44,0,16957,1635,1609,1713,1692,58,-85,71,-103,-25,8,255,-98,-225,109,81,144
19026,-936,-934,161,-87,692,-79,3231,-614,32,-47,2,-7,2,454,6836,1191,-30,0,13073,1557,1497,1682,1653,51,-99,60,-118,-17,-127,255,-46,-269,107,79,146
19076,-233,-421,-39,193,952,-1116,-369,1033,2,-31,0,-7,2,454,6836,1196,-16,0,14383,1579,1556,1687,1663,53,-249,64,-298,60,-128,255,-8,-212,106,79,146
19126,-542,-800,100,-100,526,-7647,-2445,911,-12,-47,2,-7,0,455,6866,1195,31,0,11940,1534,1509,1653,1631,50,-81,60,-97,76,0,255,17,-244,105,78,143
19176,-243,-307,-121,237,1022,-10394,-5008,2987,2,-33,2,-7,0,455,6866,1215,70,0,12162,1546,1478,1650,1617,58,-76,70,-92,137,-42,255,84,-161,105,76,147
19226,-131,-464,64,127,974,-4473,-5679,2315,-18,-28,-2,-8,0,454,6836,1214,52,0,13480,1483,1494,1635,1624,133,-127,161,-154,230,8,255,60,-138,104,76,148
19276,-631,-1558,141,-133,705,-4473,-5069,4818,-3,-109,-23,-7,1,456,6896,1206,33,0,11842,1534,1498,1683,1700,197,-189,237,-228,213,-145,255,80,-174,101,77,155
19326,-851,-2053,-49,-37,760,4803,1827,8602,34,-190,-96,-7,0,457,6927,1221,-7,0,16196,1520,1483,1640,1623,128,-214,157,-262,68,-247,255,69,-236,100,78,151
19376,-1274,-2101,75,-204,1086,11700,6221,5245,61,-175,-64,-7,1,459,6987,1217,-12,0,13301,1553,1522,1668,1648,187,-175,228,-213,85,-385,255,64,-318,97,77,154
19426,-690,-1586,12,-124,1176,8038,5367,5184,15,-138,-194,-7,0,459,6987,1212,48,0,11443,1465,1387,1640,1649,136,-216,164,-262,106,-377,255,100,-331,96,75,154
19476,-112,-1676,157,66,789,286,5245,11837,-23,-131,-259,-8,0,462,7079,1224,-38,0,16313,1573,1583,1720,1741,231,-269,282,-329,205,-274,255,37,-367,92,75,153
19526,-534,-1145,5,-191,769,-262,484,13057,-19,-94,-356,-8,1,461,7048,1224,19,0,10196,1487,1417,1656,1669,278,-159,341,-195,272,-246,255,126,-346,89,73,152
19576,-539,-1160,-196,24,664,-384,-980,19649,9,-128,-414,-8,0,463,7110,1231,-7,0,16436,1563,1553,1739,1730,398,-284,489,-349,376,-212,255,166,-263,84,73,153
19626,-465,-1099,-80,-149,890,2972,-614,23006,18,-106,-458,-1,0,463,7110,1221,-38,0,15912,1506,1437,1685,1689,414,-172,506,-211,421,-205,255,231,-296,81,72,156
19676,-163,-984,-73,67,1271,4559,-1224,26058,8,-86,-444,-2,1,459,6987,1229,27,0,10869,1510,1478,1677,1678,431,-220,530,-270,408,-255,255,221,-301,77,71,152
19726,-97,-835,25,-179,730,2850,-2139,23250,-18,-66,-425,0,0,462,7079,1230,13,0,14716,1474,1445,1600,1649,378,-161,465,-198,401,-186,255,327,-310,74,69,152
19776,-503,-1933,97,21,871,-1910,-2994,24410,46,-159,-423,0,0,450,6716,1212,-60,0,15782,1617,1574,1718,1721,460,-40,557,-48,417,-48,255,479,-182,73,67,151
19826,-861,-1893,-116,64,1273,5047,6588,20870,80,-177,-249,0,0,429,6104,1205,-14,0,13340,1616,1536,1628,1609,459,-62,554,-74,308,-171,255,504,-157,72,66,153
19876,-380,-1140,-147,123,1105,6207,6466,14095,9,-117,-121,-7,0,428,6075,1216,-14,0,17051,1671,1653,1612,1615,485,-58,590,-71,425,-85,255,474,-166,70,64,153
19926,-137,-890,85,-157,1044,-933,1400,2559,-41,-71,-4,-7,0,428,6075,1204,4,0,13438,1554,1507,1615,1636,553,-77,665,-93,549,-39,255,475,-185,68,63,147
19976,-63,-978,-45,-39,580,-3924,-430,5855,-79,-94,-2,-15,0,428,6075,1201,-30,0,15108,1617,1603,1676,1679,594,-67,714,-81,526,76,255,599,-177,65,61,148
20026,-287,-1029,-82,-80,1031,-5633,2193,4757,-155,-69,0,-34,6,427,6047,1217,20,0,12315,1581,1505,1638,1635,593,7,722,9,487,97,255,658,-177,64,59,146
20076,-716,-1151,-25,-98,757,-9722,1705,545,-156,-43,0,-40,12,426,6019,1218,-25,0,16556,1674,1652,1729,1734,617,113,751,137,601,232,255,769,-23,65,56,150
20126,-1464,-1086,-51,127,947,-11126,-2078,1217,-73,55,2,-42,31,427,6047,1213,1,0,12576,1519,1513,1654,1628,677,122,821,149,697,212,255,792,68,64,54,149
20176,-1817,-1054,-12,-3,950,-2947,-5618,-552,-59,155,2,-43,49,428,6075,1213,-6,0,14233,1606,1567,1682,1671,617,125,748,151,808,119,255,806,63,65,53,149
20226,-1290,-1799,102,104,1038,-6427,-18985,484,-149,308,2,-54,90,426,6019,1208,-31,0,16173,1570,1580,1670,1692,737,-45,891,-54,1033,68,255,823,74,65,54,153
20276,-1778,-2629,-21,-40,918,-13140,-22525,606,-54,223,0,-40,90,427,6047,1217,-4,0,15600,1564,1543,1662,1694,808,167,983,204,1098,238,255,858,144,63,53,153
20326,-2099,-2787,17,58,1013,1873,-18436,2254,99,313,2,-18,110,428,6075,1214,26,0,12427,1517,1443,1651,1582,815,87,989,105,1116,51,255,836,108,61,53,149
20376,-1311,-2829,23,5,875,9075,-20999,606,23,472,2,-19,142,428,6075,1224,18,0,14561,1608,1547,1670,1708,795,-52,973,-64,1330,-51,255,799,-26,59,53,148
20426,-332,-3921,-25,82,1026,347,-34061,911,-56,315,2,-18,130,428,6075,1229,-28,0,17188,1640,1608,1704,1746,870,116,1069,143,1384,117,255,863,-1,57,52,151
20476,-262,-4637,21,10,1471,-2581,-21549,-1407,-67,191,6,-18,118,428,6075,1227,94,0,8822,1418,1387,1568,1581,763,109,937,134,1040,169,255,808,5,55,50,150
20526,-643,-4441,-11,-94,447,-6976,-10867,1156,-61,60,0,-18,90,427,6047,1239,33,0,14851,1595,1574,1691,1695,648,98,803,121,807,204,255,762,17,55,49,148
20576,-962,-3942,-64,-125,1155,-2947,-3787,-308,-10,67,4,-16,84,426,6019,1223,17,0,13522,1510,1499,1659,1647,578,113,707,139,694,107,255,703,22,55,46,150
20626,-925,-3906,145,-21,799,1080,-4459,-308,-10,59,2,-18,77,427,6047,1233,6,0,14595,1561,1533,1643,1689,609,36,751,45,679,16,255,710,28,54,46,143
20676,-965,-4083,157,-110,737,-994,-2445,667,-13,-58,2,-16,56,428,6075,1239,4,0,14812,1553,1527,1652,1661,589,62,730,77,521,85,255,754,63,54,45,144
20726,-940,-3172,-184,102,1116,-1483,7259,-369,8,-141,4,-16,32,427,6047,1249,64,0,12267,1484,1433,1598,1608,532,242,665,303,369,155,255,669,33,54,42,149
20776,-473,-2143,-137,246,1130,-811,9395,545,46,-123,0,-3,16,427,6047,1241,35,0,14722,1471,1478,1616,1598,494,165,613,204,307,111,255,667,71,55,40,147
20826,-356,-1351,-11,39,1006,4498,6466,1033,156,-37,4,23,17,427,6047,1219,-93,0,19405,1669,1621,1747,1753,431,122,526,148,323,0,255,638,121,56,39,146
20876,92,-1186,7,108,1018,12249,3902,-797,126,-22,2,23,16,428,6075,1249,-35,0,15478,1572,1524,1700,1698,402,17,502,21,298,-128,255,594,111,58,40,145
20926,403,-643,-69,42,1353,9197,5550,-1102,93,109,4,24,34,427,6047,1230,38,0,11625,1469,1447,1609,1567,319,-3,392,-4,246,-119,255,590,106,60,41,144
20976,621,-485,-103,348,1120,6390,-3360,667,79,207,4,20,51,428,6075,1219,-20,0,15692,1552,1516,1633,1653,296,13,361,16,451,-25,255,568,151,64,43,145
21026,-407,-1213,109,-231,849,4498,-11173,1461,73,168,0,12,51,428,6075,1228,-28,0,16088,1577,1543,1679,1690,367,12,451,15,537,-58,255,534,185,65,46,148
21076,-98,-1476,91,-88,1087,9136,-7022,-491,70,145,4,13,53,428,6075,1225,21,0,13262,1533,1452,1595,1606,323,-2,396,-2,408,-119,255,484,91,67,48,144
21126,734,-2004,99,25,1034,3155,-4276,1339,1,105,2,12,54,427,6047,1224,-2,0,13109,1533,1526,1624,1646,243,71,298,87,367,85,255,482,72,69,48,140
21176,211,-2181,269,129,1309,531,-4398,2803,50,100,2,11,54,427,6047,1250,21,0,15249,1558,1517,1650,1633,219,194,274,243,298,212,255,376,118,71,47,146
21226,-327,-2073,-27,-249,769,6878,-247,1766,59,73,2,11,52,427,6047,1236,-3,0,15119,1585,1583,1703,1693,226,113,279,140,257,120,255,304,96,72,46,145
21276,-63,-1884,123,-125,1045,-140,-2322,-64,52,79,0,11,46,427,6047,1233,38,0,12580,1560,1502,1612,1619,139,144,171,178,161,161,255,230,49,73,43,145
21326,565,-1816,127,104,859,-1055,-2139,1461,20,88,2,11,46,428,6075,1236,0,0,14474,1585,1569,1645,1679,61,150,75,186,136,162,255,233,49,74,41,142
21376,309,-2504,79,219,1461,531,-797,57,43,-14,2,11,40,427,6047,1223,11,0,13489,1539,1517,1639,1624,36,220,44,270,48,203,255,216,125,77,39,139
21426,-151,-2921,148,-202,595,4925,5733,1522,38,-73,4,11,32,427,6047,1230,-26,0,14738,1596,1606,1691,1704,72,230,89,283,8,248,255,178,138,79,38,144
21476,-471,-2719,267,-41,964,3277,6771,2498,136,-77,2,19,27,427,6047,1215,-70,0,16036,1658,1593,1711,1698,64,232,78,283,-51,127,255,80,158,79,35,145
21526,136,-1554,-8,54,919,12005,9151,789,23,-91,2,4,10,429,6104,1225,-13,0,13764,1560,1492,1669,1649,3,345,4,423,-164,193,255,26,115,79,32,139
21576,853,-1219,55,152,874,-3375,6405,1766,-28,-56,4,6,9,428,6075,1217,-43,0,17457,1561,1567,1654,1667,-17,229,-20,279,-126,361,255,-3,211,81,28,145
21626,181,-519,-119,-95,1236,-4229,6099,-64,-4,-48,2,4,2,427,6047,1232,0,0,15533,1585,1546,1680,1673,38,404,47,497,-59,452,255,-68,271,79,26,141
21676,-11,-306,-242,84,1135,-2581,3109,-1102,25,-36,0,3,2,427,6047,1235,71,0,9282,1529,1522,1630,1656,-52,330,-64,408,-92,354,255,57,333,80,23,143
21726,-287,-1054,29,16,514,-8624,423,1339,42,-81,4,3,1,428,6075,1226,3,0,15354,1676,1644,1739,1740,-16,415,-20,508,-87,438,255,101,394,81,22,141
21776,-644,-1088,124,216,1111,2850,3109,911,85,-79,2,1,1,427,6047,1242,52,0,12155,1525,1479,1647,1629,-128,406,-160,505,-187,323,255,38,467,85,21,146
21826,-477,-785,-71,-14,791,5474,5916,-308,46,-67,2,0,2,427,6047,1239,21,0,14008,1523,1480,1640,1626,-119,377,-147,467,-245,312,255,-31,467,87,21,146
21876,23,-676,-95,-73,863,3277,3841,-736,-40,-66,2,-6,1,426,6019,1229,19,0,12650,1539,1506,1654,1640,-117,367,-144,451,-274,343,255,-118,430,87,21,147
21926,115,-153,113,-262,810,-2093,4268,118,-133,9,4,-18,2,427,6047,1233,-26,0,15955,1578,1562,1700,1684,-139,490,-172,604,-230,553,255,-162,405,87,19,150
21976,-567,-36,-117,67,880,-7647,4573,-858,-35,-8,2,-18,2,428,6075,1239,-8,0,14586,1545,1549,1681,1664,-92,531,-114,659,-169,574,255,-165,493,87,16,148
22026,-768,51,-4,-68,997,-506,6527,-1346,-19,8,2,-16,1,427,6047,1226,-14,0,13787,1539,1457,1650,1633,-135,572,-165,702,-247,485,255,-194,487,87,14,147
22076,-684,-521,-171,78,1217,286,2926,301,18,-55,2,-9,1,427,6047,1223,-9,0,12546,1516,1495,1634,1618,-145,525,-178,642,-240,481,255,-142,545,87,12,147
22126,-1117,-489,-139,-1,780,-2947,3780,-2017,49,-56,2,-9,1,428,6075,1235,9,0,13130,1570,1587,1704,1686,-89,469,-111,580,-185,506,255,-109,575,87,12,149
22176,-578,-359,2,29,654,714,4573,-1346,45,-26,4,-2,1,428,6075,1236,3,0,16216,1585,1555,1681,1666,-183,485,-226,599,-256,487,255,-128,589,88,11,144
22226,-239,-1016,73,19,791,-2337,2132,179,-515,-206,0,-107,-24,427,6047,1221,-14,0,13551,1520,1492,1628,1608,-133,516,-162,630,-263,711,255,-75,541,88,9,153
22276,-488,-1036,-53,224,1249,-39263,15255,1094,-497,-134,0,-108,-6,427,6047,1233,10,0,13948,1515,1548,1672,1607,-150,716,-185,883,-429,1465,255,-29,669,91,6,158
22326,-2015,-188,6,127,826,-33953,9822,179,-464,-80,0,-128,-11,426,6019,1229,-3,0,14109,1525,1484,1621,1635,-134,732,-165,900,-247,1261,255,-72,690,92,5,153
22376,-2910,-661,-100,25,1123,-29254,3475,972,-389,-156,0,-127,-17,423,5934,1228,-19,0,17145,1552,1526,1649,1655,-31,696,-38,855,-146,1085,255,-69,667,92,2,156
22426,-4135,-966,-128,-144,887,-28399,9029,-491,-268,-157,0,-121,-10,427,6047,1237,0,0,13319,1549,1576,1699,1664,-61,590,-75,730,-254,1075,255,-17,646,93,1,156
22476,-4370,-575,103,253,1034,-19244,8358,850,-257,-54,0,-132,-2,428,6075,1238,11,0,13893,1570,1504,1635,1632,-92,561,-114,694,-213,912,255,-28,681,94,1,153
22526,-4300,-395,-6,80,646,-19305,3170,789,-232,-60,0,-123,-4,428,6075,1237,30,0,11142,1538,1529,1678,1643,54,500,67,619,-78,855,255,-44,636,94,1,146
22576,-4940,-554,-84,61,909,-20159,3414,-1651,-147,-76,0,-117,-3,427,6047,1239,10,0,14767,1574,1552,1702,1669,50,517,62,640,-50,734,255,-7,587,93,1,148
22626,-5103,60,-115,-50,1055,-13140,6038,-675,-133,-28,0,-115,-4,427,6047,1239,-17,0,17132,1587,1579,1703,1681,45,327,56,405,-25,498,255,-23,556,92,3,150
22676,-4355,226,104,12,707,-6610,1766,-369,-139,-16,0,-105,-10,427,6047,1224,-17,0,13336,1573,1556,1676,1692,92,272,113,334,0,341,255,-62,426,89,6,147
22726,-4115,4,38,-37,984,-4168,301,-2322,-46,-41,0,-81,-9,429,6104,1236,-1,0,13171,1589,1523,1705,1685,61,275,76,341,-8,228,255,-11,391,87,7,141
22776,-3843,-71,-5,6,946,1263,4451,-2506,-64,-6,0,-81,0,427,6047,1226,42,0,11985,1530,1500,1682,1640,111,72,137,88,51,153,255,24,332,86,11,139
22826,-3109,-801,131,-88,414,-1971,850,-2506,-74,-12,0,-65,5,427,6047,1229,-19,0,15675,1553,1522,1663,1650,105,41,129,50,94,0,255,58,240,85,13,143
22876,-2813,-1115,-47,238,1280,-445,-1285,-491,12,-26,0,-51,15,427,6047,1229,-27,0,14900,1560,1510,1683,1645,168,-116,207,-142,185,-126,255,141,200,84,18,154
22926,-2234,-866,31,105,992,2667,1033,-2811,-7,33,0,-43,21,427,6047,1223,16,0,14361,1487,1473,1653,1630,185,-91,227,-111,187,-136,255,125,131,83,21,148
22976,-1771,-593,-315,82,1212,4437,-2078,-614,27,72,0,-27,30,426,6019,1217,-1,0,13728,1577,1513,1693,1669,167,-147,203,-179,348,-306,255,218,89,83,27,150
23026,-1627,-605,-123,201,1361,7000,-8609,-2261,54,159,0,-21,43,426,6019,1212,22,0,12480,1488,1480,1678,1661,282,-270,342,-327,450,-306,255,233,43,82,31,153
23076,-758,-1016,-80,-121,921,5963,-12149,-2261,7,115,0,-9,41,428,6075,1228,-15,0,16789,1617,1567,1738,1732,366,-228,450,-280,543,-382,255,250,-84,80,36,153
23126,-107,-1504,-195,113,1175,10479,-10684,-3421,66,117,0,8,52,428,6075,1230,20,0,13415,1531,1547,1704,1699,352,-393,433,-484,552,-442,255,266,-120,78,40,155
23176,-631,-2383,107,-253,708,4620,-10684,-1712,119,34,0,19,45,427,6047,1212,-4,0,14664,1514,1510,1682,1680,339,-328,411,-398,441,-526,255,238,-290,74,43,154
23226,-317,-1981,49,-135,1029,11334,-7205,-2506,215,74,0,39,48,428,6075,1240,18,0,15347,1587,1510,1689,1681,272,-452,337,-561,407,-790,255,267,-296,73,45,154
23276,766,-1993,103,24,924,13836,-5496,-3787,174,95,0,46,51,428,6075,1240,-9,0,15630,1570,1566,1707,1713,377,-496,468,-616,495,-717,255,301,-357,70,50,151
23326,914,-1626,-48,-96,904,9869,-11112,-3482,188,175,0,55,64,427,6047,1236,72,0,9748,1507,1385,1616,1626,273,-517,337,-639,492,-892,255,360,-357,69,52,152
23376,1265,-2182,150,6,658,8282,-14163,-308,186,192,0,58,71,428,6075,1234,11,0,15508,1577,1557,1676,1697,360,-704,444,-868,577,-851,255,367,-413,68,59,151
23426,954,-2624,103,-35,878,16583,-13492,-430,275,159,0,71,75,427,6047,1226,9,0,14070,1582,1519,1708,1683,374,-510,458,-626,552,-815,255,396,-456,67,62,152
23476,1332,-2313,-136,47,1316,19818,-8975,-980,273,196,0,75,81,423,5934,1215,4,0,13970,1466,1407,1629,1590,289,-633,352,-769,559,-961,255,475,-462,67,66,153
23526,1671,-2650,-42,231,1066,19024,-10745,-797,235,194,0,70,86,427,6047,1232,-5,0,14474,1557,1564,1646,1675,321,-735,396,-905,603,-959,255,413,-465,68,70,155
23576,1233,-3571,4,-160,892,17803,-12760,-1346,307,60,0,85,74,429,6104,1221,-22,0,15802,1566,1549,1717,1695,368,-580,450,-708,536,-988,255,371,-542,67,74,154
23626,1696,-3283,-98,-175,1032,24578,-4520,-1468,313,57,0,94,71,429,6104,1232,37,0,12555,1518,1419,1617,1630,232,-580,286,-715,369,-1070,255,350,-574,67,75,156
23676,2707,-4209,238,-72,960,20489,-5618,-797,279,-18,0,103,65,428,6075,1236,-21,0,15376,1597,1572,1680,1716,235,-627,290,-775,283,-918,255,254,-626,68,78,155
23726,2697,-4202,196,-265,918,22198,1400,-2506,326,-127,0,117,45,428,6075,1221,-36,0,15638,1537,1503,1676,1672,178,-522,218,-637,153,-912,255,194,-704,67,77,157
23776,2800,-3071,-209,164,1362,33245,4818,-2384,390,-84,0,122,41,428,6075,1222,-8,0,13814,1575,1425,1656,1634,99,-571,122,-698,68,-1114,255,224,-605,67,77,155
23826,3874,-2624,-62,152,1032,24334,-736,-1712,184,-19,0,100,43,426,6019,1233,24,0,12541,1563,1537,1678,1706,80,-498,99,-614,145,-823,255,182,-578,68,77,153
23876,3395,-2449,-7,-97,1041,13592,-1895,-1102,212,-11,0,103,41,428,6075,1240,85,0,11967,1393,1316,1544,1533,77,-382,96,-474,76,-546,255,187,-525,69,76,152
23926,3210,-1926,-77,-83,942,13226,179,-797,178,18,0,93,39,427,6047,1250,43,0,14546,1551,1502,1662,1664,8,-265,10,-331,42,-439,255,188,-463,70,74,146
23976,3102,-1852,-180,-36,1202,8831,-5374,850,124,51,0,80,45,427,6047,1240,62,0,10696,1498,1386,1647,1627,-1,-192,-1,-238,34,-290,255,215,-336,74,72,149
24026,2766,-1823,14,245,1168,1263,-3482,423,34,75,0,51,47,428,6075,1224,-22,0,16672,1564,1533,1674,1689,-40,-139,-49,-171,17,-128,255,198,-249,76,71,149
24076,2102,-2250,53,23,1137,-4290,-980,-3482,4,19,0,38,42,426,6019,1202,-57,0,15250,1592,1527,1716,1709,62,32,74,39,42,118,255,137,-128,78,69,142
24126,1373,-2088,-35,-73,880,-1605,2254,-2384,-26,-26,0,20,32,428,6075,1213,-19,0,12543,1619,1554,1724,1723,-1,82,-1,99,-25,68,255,140,-117,80,67,146
24176,717,-2447,199,-47,648,-5206,5855,-1224,5,-35,0,15,30,426,6019,1211,-78,0,15393,1653,1621,1762,1767,8,67,9,82,-87,195,255,26,-54,81,64,140
24226,-291,-1672,81,-263,966,-4229,3536,-1041,35,-95,0,7,9,428,6075,1195,-65,0,15292,1642,1525,1755,1728,-10,288,-12,344,-126,193,255,49,-6,81,60,146
24276,76,-1196,-98,241,1349,-5755,8785,-2567,-33,-10,0,-8,21,428,6075,1175,-47,0,16630,1549,1498,1702,1671,-74,286,-87,336,-170,383,255,-10,147,83,57,150
24326,-253,-463,-145,-157,1500,-6304,4512,-2506,-120,6,0,-25,11,427,6047,1184,-14,0,15715,1521,1446,1665,1656,-91,434,-107,513,-136,577,255,-21,178,84,53,154
24376,-383,-409,86,121,1382,-8319,3292,-1346,-149,-47,0,-37,-3,427,6047,1187,30,0,12598,1471,1485,1653,1633,-40,487,-47,578,-151,734,255,-27,229,84,47,151
24426,-1846,-888,-96,-58,733,-19915,1888,-1346,-128,-44,0,-55,9,428,6075,1182,-21,0,15993,1615,1585,1737,1733,-137,515,-162,609,-153,767,255,17,348,86,43,154
24476,-2125,-858,-99,95,1123,-16436,4207,-3360,-195,-34,0,-77,10,427,6047,1181,0,0,15221,1506,1499,1685,1660,-193,670,-228,792,-213,930,255,-49,449,88,38,154
24526,-2311,-737,-169,-70,1240,-22967,4146,-1224,-243,-98,0,-86,-3,427,6047,1180,6,0,14528,1505,1493,1666,1639,-107,604,-126,713,-194,988,255,-62,462,89,35,156
24576,-2715,-312,-126,94,1147,-24127,7930,-1041,-222,-66,0,-92,-4,428,6075,1176,30,0,12758,1600,1597,1719,1721,-179,724,-211,851,-272,1115,255,-153,489,90,30,158
24626,-3007,-193,78,-147,1058,-22601,4329,-186,-214,-123,0,-91,-22,428,6075,1173,10,0,13688,1468,1412,1637,1625,-132,731,-155,857,-262,1031,255,-153,534,90,27,159
24676,-3442,-156,88,-46,1355,-16253,7930,2681,-224,-88,0,-104,-15,427,6047,1175,-24,0,16537,1569,1535,1702,1689,-165,687,-194,807,-322,1001,255,-142,591,92,23,159
24726,-3069,200,220,196,722,-18756,8175,179,-265,-44,0,-111,-17,428,6075,1175,12,0,13570,1473,1476,1628,1628,-219,694,-257,815,-332,1140,255,-134,614,93,21,156
24776,-4020,127,-57,-10,691,-26324,4268,301,-264,-54,0,-121,-11,427,6047,1184,13,0,12568,1513,1462,1662,1640,-150,741,-178,878,-265,1114,255,-77,728,94,18,155
24826,-4389,122,2,30,1149,-20526,4390,-247,-311,-55,0,-139,-12,427,6047,1178,14,0,13856,1502,1457,1644,1636,-135,769,-159,906,-210,1164,255,-127,715,95,16,155
24876,-4350,-7,119,7,1003,-21807,4757,423,-300,-85,0,-135,-19,427,6047,1178,59,0,12699,1460,1451,1626,1593,-185,702,-218,827,-300,1089,255,-124,696,96,15,154
24926,-4697,201,-174,88,1193,-22967,8602,789,-269,-92,0,-137,-18,427,6047,1190,19,0,14692,1578,1562,1698,1681,-150,676,-179,805,-247,1066,255,-142,719,96,13,157
24976,-4892,-63,-105,81,1082,-24432,6710,-430,-302,-139,0,-147,-24,427,6047,1196,99,0,10934,1474,1479,1643,1623,-130,559,-155,669,-269,925,255,-189,689,96,13,158
25026,-4572,296,103,49,773,-21014,7930,362,-268,-127,0,-134,-32,429,6104,1200,17,0,14423,1587,1593,1717,1691,-158,543,-190,652,-331,919,255,-220,634,96,13,155
25076,-4480,-14,154,-33,482,-18084,8114,57,-259,-110,0,-128,-27,427,6047,1210,46,0,12199,1542,1482,1644,1630,-151,419,-183,508,-307,724,255,-132,636,96,14,155
25126,-4709,-361,5,180,958,-18572,6893,3109,-221,-88,0,-130,-10,427,6047,1205,13,0,13744,1549,1559,1696,1643,-85,357,-103,431,-280,638,255,-65,629,96,15,153
25176,-4999,135,-21,-67,1126,-16802,9822,-1895,-203,-10,0,-127,-3,427,6047,1185,-16,0,15788,1614,1601,1731,1717,-85,289,-101,342,-136,498,255,-68,536,96,18,156
25226,-4535,241,67,-12,891,-9844,667,-1102,-132,-1,0,-106,-6,427,6047,1194,-17,0,15984,1464,1450,1626,1618,-51,257,-61,307,-60,385,255,-44,484,97,20,149
25276,-4412,-151,-60,120,898,-4840,-1285,1033,-76,22,0,-96,8,428,6075,1198,-41,0,14343,1578,1541,1713,1693,0,212,0,254,-28,192,255,27,466,97,23,144
25326,-4142,2,52,-102,699,-3375,-1956,-1407,-95,46,0,-89,7,427,6047,1189,-63,0,16363,1580,1563,1729,1721,-1,39,-1,47,29,98,255,28,344,98,27,140
25376,-3606,-852,-22,-49,959,-3619,-2750,-1956,-69,1,0,-76,15,427,6047,1171,-55,0,16752,1619,1576,1724,1720,-24,-37,-28,-44,17,-102,255,22,277,98,32,149
25426,-2876,-914,297,-117,1103,4315,-1956,-2445,-4,-17,0,-50,7,427,6047,1187,14,0,11881,1469,1464,1657,1656,-36,-243,-43,-289,0,-251,255,-10,114,98,36,151
25476,-2293,-749,56,3,1271,7794,301,118,88,-45,0,-23,3,427,6047,1175,-18,0,16555,1530,1482,1669,1647,47,-203,55,-239,38,-389,255,3,-36,98,40,141
25526,-1861,-1224,51,-237,819,12066,2315,-2261,128,-55,0,-2,9,428,6075,1164,-76,0,15886,1632,1599,1778,1781,53,-296,62,-345,51,-470,255,-22,-73,97,44,150
25576,-1157,-674,-82,-259,791,12493,1217,-2689,135,-76,0,11,-1,427,6047,1173,-3,0,12442,1547,1484,1702,1678,86,-336,101,-395,0,-675,255,-11,-237,95,47,151
25626,-201,-566,-37,-118,972,16705,3353,-1285,157,0,0,28,11,429,6104,1171,50,0,13342,1450,1455,1660,1607,109,-544,127,-637,19,-725,255,33,-262,95,50,149
25676,210,243,-278,-69,975,10357,1461,-2384,165,67,0,37,14,426,6019,1173,37,0,12914,1494,1492,1662,1657,87,-482,102,-566,153,-707,255,120,-283,94,55,149
25726,-157,-628,110,-145,509,12677,-6656,-797,200,149,0,41,36,428,6075,1184,32,0,14064,1546,1499,1711,1693,208,-550,246,-651,321,-761,255,165,-308,94,60,153
25776,356,-966,-151,-65,1203,19329,-8792,-1346,224,78,0,50,34,426,6019,1168,-2,0,12685,1503,1455,1668,1662,209,-631,244,-737,306,-979,255,186,-407,93,65,153
25826,344,-1923,214,-240,1219,16033,-5069,-3,272,90,0,63,48,428,6075,1185,18,0,14335,1534,1491,1693,1668,256,-650,304,-771,324,-906,255,200,-401,93,70,151
25876,526,-1901,74,-238,1106,22015,-2628,-675,309,39,0,73,40,427,6047,1201,51,0,12987,1499,1428,1666,1637,182,-661,219,-794,253,-1096,255,184,-589,92,76,153
25926,1759,-2330,52,-29,1082,21099,-2384,1339,343,24,0,98,45,427,6047,1187,-29,0,16160,1590,1538,1721,1711,199,-658,236,-781,255,-1073,255,207,-609,92,77,154
25976,1912,-2547,403,2,1084,26531,-1895,-491,334,23,0,98,42,427,6047,1182,-17,0,14045,1554,1431,1683,1653,266,-731,315,-865,215,-1167,255,164,-695,90,80,153
26026,2939,-1921,-79,95,972,27264,2803,57,392,28,0,126,41,427,6047,1184,-13,0,14055,1577,1526,1719,1680,250,-708,296,-838,161,-1153,255,191,-733,89,82,151
26076,3201,-1693,252,27,610,23358,240,1217,352,106,0,124,43,428,6075,1183,-16,0,12878,1561,1425,1687,1658,266,-719,315,-850,222,-1130,255,176,-774,87,83,153
26126,3892,-1237,-20,73,1137,21832,-1163,1522,342,121,0,134,46,428,6075,1205,68,0,11561,1561,1466,1687,1628,313,-647,377,-780,262,-1081,255,209,-729,85,84,155
26176,4021,-1255,95,20,478,20611,-4581,1278,284,146,0,125,47,428,6075,1197,28,0,13815,1564,1487,1688,1671,327,-666,391,-798,465,-940,255,188,-751,82,85,152
26226,4656,-1055,34,300,1001,9625,-10928,2193,278,156,0,131,48,427,6047,1201,3,0,14164,1506,1504,1656,1635,415,-596,499,-716,611,-807,255,255,-786,79,85,153
26276,3887,-1527,81,80,1337,7794,-7755,728,330,188,0,133,62,429,6104,1204,12,0,13566,1534,1506,1669,1629,404,-609,487,-733,638,-814,255,335,-713,76,84,151
26326,3323,-2267,-1,-73,971,18231,-6229,1094,330,142,0,125,68,427,6047,1201,-3,0,14174,1525,1525,1675,1659,447,-600,537,-721,619,-849,255,309,-726,74,84,153
26376,3726,-2594,71,-20,1205,12249,-5740,1705,348,123,0,135,69,427,6047,1210,1,0,15930,1579,1512,1703,1671,420,-581,508,-704,511,-853,255,371,-735,70,82,153
26426,3388,-2890,64,-267,1033,18780,-5985,2132,305,148,0,125,79,427,6047,1210,17,0,14121,1555,1518,1665,1660,396,-480,479,-580,524,-699,255,326,-653,69,81,155
26476,3291,-2901,-36,-158,1086,15118,-11844,2437,316,89,0,123,69,427,6047,1205,29,0,11609,1494,1458,1647,1640,487,-278,587,-335,638,-553,255,355,-645,65,78,156
26526,3648,-3463,83,14,1046,10418,-7999,3597,222,118,0,108,83,428,6075,1197,-49,0,16970,1619,1554,1746,1684,490,-206,587,-247,577,-415,255,431,-520,64,74,154
26576,3220,-3240,-52,111,1243,12066,-4764,179,158,208,0,86,99,428,6075,1193,-63,0,13566,1564,1563,1725,1673,449,-133,536,-159,603,-214,255,450,-343,63,72,154
26626,2754,-2763,64,140,1610,4437,-12821,-675,82,229,0,63,93,427,6047,1198,22,0,12584,1453,1406,1598,1584,368,-128,441,-154,640,-230,255,457,-336,62,70,152
26676,3062,-3047,199,104,734,3704,-11966,1278,27,245,0,56,97,427,6047,1183,-47,0,15350,1571,1509,1685,1657,478,34,566,40,738,127,255,403,-224,61,68,148
26726,2654,-3012,128,0,977,-4412,-16116,1949,-49,196,0,37,88,427,6047,1196,-56,0,16863,1620,1561,1751,1739,455,133,545,159,714,166,255,415,-155,59,64,150
26776,2099,-3148,153,62,1566,-3558,-9647,-614,-59,220,0,25,97,426,6019,1177,5,0,11910,1437,1412,1645,1572,392,160,461,189,611,322,255,384,-63,57,60,148
26826,1436,-2791,114,-262,1048,-8380,-15018,-614,-82,175,0,14,81,428,6075,1181,-7,0,16091,1518,1481,1625,1645,331,243,391,287,666,376,255,372,-38,57,56,152
26876,575,-3201,33,55,962,-14239,-16239,-308,-58,148,0,-1,84,427,6047,1188,-4,0,13528,1587,1610,1720,1737,339,305,403,362,595,561,255,329,62,55,51,147
26926,109,-3469,209,-44,909,-13812,-15384,-858,-103,79,0,-16,71,427,6047,1189,2,0,13743,1589,1515,1691,1674,343,432,407,513,519,554,255,270,110,54,47,150
26976,-985,-3615,22,158,1188,-10272,-10013,850,5,23,0,-18,67,427,6047,1188,-4,0,17084,1523,1504,1693,1674,239,485,284,576,416,620,255,319,251,54,41,148
27026,-1328,-3619,-30,85,1371,-9051,-8182,1217,-124,41,0,-49,72,427,6047,1182,9,0,12683,1430,1471,1666,1662,203,384,240,454,341,683,255,274,289,54,40,150
27076,-1333,-3379,-114,67,988,-17596,-6229,789,-188,-4,0,-61,61,428,6075,1187,11,0,13808,1544,1551,1674,1675,117,539,139,640,280,825,255,242,374,55,35,151
27126,-1520,-3373,-194,153,789,-18572,-4398,-1163,-236,-28,0,-76,58,429,6104,1184,26,0,13069,1584,1593,1701,1720,-5,490,-6,580,119,819,255,180,420,57,33,153
27176,-1654,-3106,86,-169,851,-18756,-4642,911,-266,-48,0,-77,43,427,6047,1170,-7,0,15045,1496,1506,1639,1665,27,615,32,720,42,912,255,79,411,59,28,148
27226,-2278,-3430,173,-149,1208,-17108,301,667,-194,-146,0,-75,28,427,6047,1176,-16,0,15086,1563,1514,1686,1682,-93,729,-109,858,-156,941,244,28,443,60,24,155
27276,-2527,-2824,35,135,1066,-12835,9334,-736,-210,-142,0,-88,21,427,6047,1179,13,0,13410,1524,1513,1661,1644,-137,674,-162,795,-326,952,255,-44,532,62,19,156
27326,-2578,-2796,147,17,411,-18634,12203,-1102,-275,-178,0,-100,8,428,6075,1191,-7,0,16069,1573,1568,1696,1689,-246,676,-293,805,-443,989,244,-48,540,64,16,157
27376,-3183,-2385,-110,306,1377,-18878,12020,606,-245,-175,0,-108,9,427,6047,1168,-41,0,17305,1558,1534,1703,1672,-357,706,-417,825,-550,999,255,-72,656,69,12,159
27426,-3141,-882,-8,336,1075,-15582,13790,1644,-331,-100,0,-127,-2,426,6019,1164,-67,0,16530,1550,1531,1714,1698,-358,580,-416,675,-612,943,255,-170,685,72,13,159
27476,-3205,-300,75,-12,1297,-22113,14278,-1285,-354,-127,0,-125,-20,428,6075,1160,-24,0,13849,1503,1528,1697,1660,-410,598,-476,694,-644,980,244,-223,604,75,11,161
27526,-3310,421,124,21,1199,-16619,17025,484,-292,-138,0,-116,-35,427,6047,1166,31,0,11196,1515,1482,1646,1625,-385,652,-449,760,-655,949,255,-322,590,77,9,156
27576,-3836,610,-212,142,976,-17291,14217,-369,-195,-178,0,-108,-40,427,6047,1175,21,0,14131,1606,1568,1725,1703,-464,561,-545,659,-712,781,255,-345,592,80,8,158
27626,-3842,854,-7,-70,877,-12347,16353,-2017,-236,-178,0,-112,-49,428,6075,1164,24,0,13826,1497,1539,1682,1653,-463,397,-539,463,-787,699,244,-411,533,81,8,157
27676,-3770,757,-105,36,960,-17901,16475,972,-184,-273,0,-103,-64,427,6047,1161,-5,0,15368,1541,1563,1691,1659,-491,435,-571,505,-834,607,255,-419,456,83,7,156
27726,-3778,895,-136,137,803,-11920,19893,-919,-140,-248,0,-97,-60,428,6075,1185,42,0,11349,1599,1589,1723,1697,-513,419,-608,497,-859,561,255,-436,494,84,6,157
27776,-3378,1083,-12,-124,1044,-10577,19222,484,-191,-242,0,-95,-65,428,6075,1198,78,0,10818,1462,1419,1629,1588,-493,342,-590,409,-878,452,255,-412,420,86,7,158
27826,-3306,1284,-73,35,562,-6976,16903,1949,-129,-206,0,-85,-60,427,6047,1190,-27,0,17031,1583,1570,1717,1681,-494,271,-588,323,-796,347,255,-424,408,88,8,156
27876,-2732,1884,-48,-17,863,-5023,13668,1033,-176,-188,0,-83,-68,428,6075,1178,5,0,11444,1549,1520,1679,1665,-379,196,-447,231,-664,315,255,-503,344,88,11,156
27926,-2798,1983,65,-171,645,-5816,15865,972,-106,-212,0,-65,-78,427,6047,1196,26,0,14696,1546,1519,1681,1619,-330,195,-395,234,-619,237,255,-448,256,88,11,156
27976,-2019,2703,-17,327,1090,-2764,11043,2742,-89,-104,0,-59,-67,427,6047,1194,9,0,12551,1511,1462,1624,1615,-416,53,-497,64,-501,136,255,-459,228,88,13,154
28026,-2278,2151,119,108,1214,-2154,7381,1522,-32,-157,0,-48,-71,427,6047,1195,-1,0,14552,1560,1554,1685,1650,-331,85,-396,101,-495,136,255,-459,175,87,15,155
28076,-2712,1614,2,-287,1453,5535,13179,1339,78,-214,0,-29,-70,427,6047,1195,61,0,10690,1463,1441,1628,1576,-339,-43,-405,-52,-544,-213,255,-409,23,87,16,154
28126,-1573,1616,-271,-124,621,10174,12935,2315,80,-205,0,-8,-60,427,6047,1206,-10,0,14994,1605,1598,1709,1691,-341,-256,-411,-308,-514,-419,255,-367,-39,88,18,160
28176,-844,1010,-8,89,876,9136,8297,789,61,-190,0,-5,-55,427,6047,1199,-23,0,13157,1609,1575,1733,1698,-162,-275,-194,-330,-340,-408,255,-346,-62,87,22,152
28226,-619,1018,-15,8,943,12493,10677,1278,98,-174,0,7,-51,427,6047,1185,1,0,11476,1484,1419,1623,1579,-197,-243,-234,-288,-373,-491,255,-293,-145,86,23,153
28276,71,1181,54,199,1148,10540,6710,2193,106,-96,0,18,-40,427,6047,1198,-16,0,14174,1591,1524,1685,1675,-87,-315,-104,-377,-119,-588,255,-234,-194,84,27,154
28326,416,696,-80,140,1141,18658,4635,179,151,-118,0,33,-34,428,6075,1183,-44,0,13612,1508,1528,1691,1655,56,-382,66,-451,-34,-513,255,-233,-259,82,29,151
28376,206,754,76,-93,1148,17498,3719,667,202,-86,0,44,-31,427,6047,1209,29,0,11846,1504,1443,1651,1605,63,-525,77,-635,0,-853,255,-148,-362,78,32,146
28426,1021,457,3,84,809,20977,4390,545,214,-59,0,57,-19,428,6075,1184,-15,0,17049,1608,1625,1714,1713,32,-549,38,-650,42,-792,255,-157,-403,76,34,146
28476,874,2,77,-247,1068,20306,972,118,261,-109,0,70,-23,428,6075,1195,-55,0,17924,1566,1565,1723,1709,90,-473,108,-565,76,-827,255,-119,-532,72,36,148
28526,1514,217,47,84,1648,25921,1339,-1285,319,-16,0,87,-7,428,6075,1209,79,0,11226,1405,1310,1547,1537,165,-537,199,-649,204,-981,255,-95,-500,69,37,150
28576,2451,-451,61,-51,349,23419,-4703,3231,233,-65,0,91,-9,427,6047,1195,-62,0,18061,1618,1630,1723,1740,253,-465,302,-556,362,-666,255,-35,-582,63,38,152
28626,2370,-1196,219,-173,869,12371,-6290,-491,286,-42,0,102,7,427,6047,1183,-87,0,17940,1658,1575,1765,1739,359,-405,424,-480,425,-799,255,40,-611,59,38,154
28676,2803,-834,-90,14,994,24517,-4398,-3,297,57,0,107,27,427,6047,1199,-6,0,12445,1575,1509,1715,1684,408,-551,489,-660,518,-874,255,175,-558,53,37,149
28726,3015,-811,-64,-11,1018,17803,-12210,-797,192,172,0,90,49,428,6075,1189,19,0,11926,1552,1476,1645,1644,462,-507,550,-603,738,-857,255,286,-517,50,38,154
28776,3249,-1995,145,63,807,6756,-18802,-980,136,182,0,83,66,427,6047,1195,38,0,11224,1521,1516,1641,1659,513,-511,613,-611,857,-509,255,335,-463,47,39,152
28826,2227,-2686,127,-14,878,8587,-15628,240,185,133,0,76,70,427,6047,1191,-26,0,16450,1642,1605,1714,1716,525,-353,626,-421,798,-535,255,340,-470,43,39,153
28876,1717,-3109,25,-49,1143,13958,-10379,-797,274,111,0,85,76,430,6132,1189,0,0,15470,1558,1488,1666,1646,579,-285,689,-339,785,-631,255,391,-462,38,37,153
28926,2391,-2926,82,-3,1466,18475,-10379,-858,201,163,0,81,82,427,6047,1207,33,0,16186,1483,1459,1614,1623,550,-361,664,-436,763,-594,255,383,-458,36,36,153
28976,2304,-3438,-15,-131,701,10906,-11783,911,184,93,0,80,79,428,6075,1192,7,0,14972,1532,1538,1663,1660,626,-125,746,-149,795,-307,255,372,-428,30,34,152
29026,1879,-3567,-48,-312,798,5047,-10318,-247,181,119,0,77,87,426,6019,1211,61,0,11458,1587,1548,1694,1691,618,-144,748,-174,810,-315,255,461,-415,27,31,154
29076,1701,-3720,-18,-216,863,4315,-13187,-430,133,193,0,61,104,427,6047,1196,-35,0,19032,1610,1577,1681,1691,690,-206,825,-246,933,-239,255,526,-260,23,28,156
29126,1485,-3595,-48,28,1103,164,-14896,728,79,230,0,41,109,427,6047,1184,-39,0,14272,1573,1564,1695,1691,728,11,862,13,1019,50,255,539,-214,19,26,147
29176,1272,-3609,209,-74,836,-79,-16116,728,75,282,0,39,114,427,6047,1184,-30,0,15306,1614,1557,1696,1696,683,-46,808,-55,995,29,255,608,-157,14,23,148
29226,670,-3984,-250,24,1291,-1727,-18619,1339,66,322,0,24,137,426,6019,1186,44,0,13269,1482,1426,1603,1592,717,164,851,195,1040,155,255,701,-70,13,21,151
29276,432,-4374,-67,128,698,-4595,-19412,1156,-22,315,0,0,141,427,6047,1188,-5,0,17211,1584,1590,1671,1685,654,148,777,176,1023,238,255,658,29,11,18,149
29326,508,-4645,112,78,1016,-10577,-20755,2620,-98,304,0,-11,139,426,6019,1191,18,0,13235,1469,1486,1599,1586,688,121,819,144,997,351,255,661,67,9,17,150
29376,83,-4783,18,24,827,-12042,-18985,2437,-79,269,0,-13,136,427,6047,1194,13,0,13309,1572,1525,1641,1653,597,277,713,331,904,486,255,665,148,9,15,148
29426,-658,-5225,-75,77,1076,-12469,-19290,1400,-111,277,0,-34,148,427,6047,1187,-35,0,16636,1603,1555,1688,1690,573,396,680,470,861,529,255,716,236,9,13,154
29476,-1343,-5266,-277,-71,805,-15216,-19046,1400,-163,260,0,-53,151,427,6047,1172,-53,0,15647,1628,1650,1730,1736,494,375,579,440,796,602,255,682,314,10,10,157
29526,-1236,-5191,31,-24,925,-13446,-19412,1888,-156,225,0,-51,135,426,6019,1176,7,0,13316,1540,1497,1620,1645,417,445,491,524,724,705,255,599,274,12,8,152
29576,-1622,-4727,-124,-130,802,-14727,-16544,3475,-170,219,0,-58,129,428,6075,1179,2,0,15028,1564,1548,1664,1662,426,428,502,504,644,678,255,579,312,13,5,155
29626,-1470,-4759,69,78,1399,-11248,-12943,3353,-171,218,0,-60,126,427,6047,1212,80,0,14080,1474,1414,1571,1584,334,571,405,692,559,775,255,504,361,14,2,153
29676,-1664,-4266,-83,130,1110,-9234,-9158,423,-203,153,0,-71,107,427,6047,1192,33,0,13249,1507,1556,1620,1652,257,534,307,637,417,767,255,397,371,16,0,152
29726,-1982,-4027,88,-81,553,-18756,-5679,-736,-205,108,0,-71,89,428,6075,1187,6,0,13364,1621,1599,1709,1701,168,542,200,644,256,811,255,313,362,17,-3,151
29776,-1654,-3170,-116,179,1163,-12469,-2689,911,-174,87,0,-66,75,427,6047,1183,-26,0,13791,1559,1540,1647,1636,-60,422,-71,499,25,699,255,189,326,20,-7,153
29826,-1634,-2924,129,-158,1223,-10882,-247,57,-174,22,0,-60,54,429,6104,1197,9,0,15194,1511,1480,1635,1625,19,534,22,639,0,732,255,159,318,22,-9,146
29876,-1561,-2549,-91,-91,1052,-8746,6038,-430,-229,11,0,-71,49,428,6075,1177,-45,0,15920,1595,1585,1707,1706,-84,517,-99,609,-204,702,255,71,384,25,-12,153
29926,-1397,-2002,148,-24,992,-13690,5855,179,-263,-28,0,-75,27,427,6047,1175,-18,0,12254,1536,1538,1666,1668,-226,509,-266,598,-339,780,255,-21,367,27,-14,156
29976,-1950,-1501,157,-184,856,-14910,10555,-614,-212,-13,0,-71,21,426,6019,1177,-23,0,13746,1576,1536,1719,1666,-360,493,-423,580,-594,721,255,-46,430,32,-16,159
30026,-2335,-877,36,220,1129,-12103,16109,-1285,-234,-28,0,-91,10,427,6047,1186,19,0,14237,1494,1505,1659,1614,-379,382,-449,454,-666,640,255,-105,453,36,-17,158
30076,-2437,-464,97,-63,663,-17047,14278,-1529,-242,-33,0,-88,0,426,6019,1173,-5,0,14552,1540,1510,1663,1640,-449,371,-527,435,-647,647,255,-139,464,41,-17,156
30126,-2913,-604,-84,317,1065,-16375,7869,911,-204,-77,0,-97,-2,427,6047,1167,-3,0,16071,1582,1530,1688,1688,-464,494,-541,577,-614,639,255,-186,532,45,-17,156
30176,-3231,-277,-78,55,1068,-11492,9517,-125,-222,-108,0,-102,-14,428,6075,1195,42,0,12783,1472,1530,1670,1625,-515,338,-615,405,-730,567,255,-283,449,50,-15,159
30226,-3163,-113,-64,-18,1306,-15582,12081,-797,-132,-215,0,-81,-39,429,6104,1189,50,0,15102,1509,1525,1648,1640,-586,240,-696,286,-803,376,255,-394,338,54,-15,160
30276,-2813,950,-137,92,1194,-8929,15987,-858,-102,-230,0,-71,-59,426,6019,1180,-8,0,14038,1587,1556,1682,1664,-646,178,-763,211,-926,188,255,-456,275,57,-15,158
30326,-2109,1118,81,122,696,-3619,15560,1278,-108,-208,0,-62,-62,426,6019,1171,-66,0,16469,1662,1615,1754,1733,-678,257,-794,301,-982,269,255,-478,288,60,-15,158
30376,-2190,1210,202,-246,867,225,17086,-552,-119,-245,0,-57,-73,427,6047,1186,-3,0,11871,1546,1504,1691,1655,-509,-7,-603,-9,-876,-9,214,-590,167,63,-13,154
30426,-1402,1700,71,287,1373,164,23311,-675,-77,-297,0,-44,-88,427,6047,1187,24,0,12130,1499,1428,1602,1563,-741,49,-879,59,-1147,-47,234,-609,171,65,-12,154
30476,-1082,1920,119,-10,593,1873,22701,606,-112,-330,0,-41,-102,429,6104,1182,5,0,13610,1587,1532,1693,1659,-749,-98,-885,-116,-1125,-117,255,-752,90,68,-9,157
30526,-411,3019,-157,241,941,-811,23250,789,-52,-385,0,-22,-125,428,6075,1182,-20,0,16244,1584,1530,1707,1672,-719,-12,-850,-14,-1161,-127,244,-784,16,69,-9,157
30576,74,3594,3,89,1119,2911,25631,-64,-29,-301,0,-6,-122,428,6075,1197,-56,0,19217,1564,1557,1740,1689,-745,-134,-892,-160,-1155,-222,255,-772,0,70,-7,152
30626,65,4215,-173,64,1193,12127,20931,-186,10,-309,0,1,-132,429,6104,1196,61,0,11223,1510,1438,1613,1575,-705,-187,-843,-224,-1082,-417,255,-811,-114,71,-5,157
30676,877,3969,46,133,972,10968,20687,-247,-10,-301,0,9,-130,428,6075,1198,1,0,16025,1536,1509,1659,1628,-679,-363,-814,-434,-1051,-453,255,-810,-120,72,-3,156
30726,1004,4548,3,124,1025,5841,21480,423,12,-278,0,17,-134,428,6075,1181,-22,0,15806,1564,1547,1695,1673,-627,-235,-740,-277,-943,-306,255,-792,-209,71,-1,156
30776,1052,4733,-43,-2,1413,1141,18123,-430,64,-244,0,31,-130,428,6075,1202,44,0,11716,1474,1445,1626,1576,-603,-295,-725,-354,-917,-407,255,-711,-241,70,0,156
30826,1164,4743,32,32,505,5108,16414,728,85,-180,0,36,-120,427,6047,1209,27,0,14607,1547,1512,1655,1651,-519,-277,-627,-334,-734,-384,255,-713,-295,70,0,153
30876,1186,4030,78,37,872,4193,6893,728,162,-233,0,52,-119,428,6075,1208,32,0,14496,1513,1484,1642,1631,-423,-340,-511,-411,-583,-505,255,-646,-372,67,0,153
30926,1535,3148,111,-145,1178,7550,10006,2132,160,-213,0,61,-99,428,6075,1192,-65,0,16622,1594,1546,1727,1683,-423,-414,-505,-493,-633,-565,255,-551,-348,67,1,159
30976,1386,2401,58,-47,1108,13836,16536,-1041,154,-207,0,55,-83,427,6047,1205,-9,0,11421,1499,1453,1653,1597,-375,-548,-452,-661,-593,-729,255,-495,-363,66,5,158
31026,1494,2288,64,36,1361,14141,11654,-1041,191,-177,0,63,-76,428,6075,1202,-9,0,13686,1527,1519,1667,1638,-359,-649,-432,-781,-505,-848,255,-418,-393,66,8,157
31076,1118,1289,178,21,921,12677,9456,423,218,-185,0,61,-63,428,6075,1204,-28,0,13380,1614,1553,1707,1697,-126,-578,-152,-696,-221,-750,255,-358,-439,63,12,156
31126,928,1089,30,-104,1283,17437,4512,-308,304,-192,0,77,-58,428,6075,1207,14,0,14944,1488,1440,1627,1594,-65,-545,-78,-658,-156,-873,255,-304,-472,61,14,155
31176,1593,637,12,-48,1206,23052,7076,-308,296,-145,0,86,-39,428,6075,1209,2,0,15808,1447,1445,1629,1586,19,-680,23,-822,0,-1003,255,-208,-521,57,18,149
31226,1218,192,12,-191,1044,22808,1644,-2078,364,-144,0,96,-32,429,6104,1203,-11,0,14868,1550,1549,1674,1670,58,-608,70,-732,59,-897,255,-220,-575,54,20,153
31276,2008,-66,-45,-110,950,19024,1705,-2139,367,-144,0,110,-26,427,6047,1192,0,0,14631,1539,1523,1679,1668,187,-624,223,-744,135,-962,255,-85,-623,50,21,154
31326,2197,-277,168,28,924,21832,2071,-1407,346,-40,0,105,-6,427,6047,1211,21,0,11337,1525,1515,1651,1664,198,-694,240,-840,263,-1063,255,-64,-639,47,22,153
31376,2495,37,13,-157,1082,19818,-5985,-1956,371,-1,0,119,-1,426,6019,1217,46,0,9738,1475,1400,1600,1594,369,-585,449,-711,475,-968,255,51,-708,40,22,150
31426,2689,-478,-90,-34,855,18353,-5740,-308,373,72,0,121,24,430,6132,1223,-6,0,16911,1570,1573,1715,1695,487,-513,596,-627,660,-805,255,177,-662,36,21,152
31476,2802,-625,138,-38,1153,18963,-8243,-2750,335,195,0,116,47,428,6075,1213,-16,0,15441,1587,1517,1726,1694,505,-500,612,-606,799,-799,255,273,-617,31,20,156
31526,3652,-1269,275,-6,1230,20916,-16788,-1712,247,207,0,112,58,428,6075,1213,29,0,12983,1506,1453,1633,1642,592,-433,718,-525,909,-782,255,310,-625,27,19,156
31576,3657,-2128,171,192,793,12249,-17825,-369,280,211,0,115,74,428,6075,1199,-51,0,17373,1606,1599,1728,1720,711,-302,852,-362,1017,-470,255,436,-547,20,17,157
31626,3242,-2311,174,14,995,10845,-17154,-1895,191,238,0,94,83,429,6104,1182,-43,0,14608,1578,1501,1712,1702,747,-155,884,-184,1039,-400,255,429,-492,16,14,156
31676,2707,-2858,-259,76,1235,11456,-18680,-1773,230,219,0,92,97,429,6104,1199,-27,0,15294,1570,1509,1711,1679,796,-204,954,-245,1139,-353,255,581,-326,11,11,158
31726,2903,-2997,-14,50,918,7550,-19595,-1712,29,310,0,55,114,429,6104,1186,-28,0,13695,1568,1570,1719,1716,819,-190,972,-225,1225,-194,255,598,-319,7,10,154
31776,2747,-3588,27,33,1216,-5450,-22037,-1407,53,348,0,59,131,427,6047,1187,22,0,11937,1530,1541,1697,1680,885,-51,1051,-61,1382,85,255,722,-245,2,7,150
31826,2181,-4130,182,-51,1166,-3619,-24722,-308,15,362,0,43,140,429,6104,1178,-32,0,17051,1539,1481,1661,1666,992,122,1168,144,1461,136,255,708,-202,-1,4,154
31876,1400,-4738,-65,153,1020,-3985,-29727,-980,87,313,0,39,145,429,6104,1183,-24,0,16951,1582,1578,1713,1737,889,180,1051,213,1425,151,255,802,-102,-6,0,154
31926,926,-4972,12,199,1278,-3558,-30765,-2139,-3,404,0,12,166,427,6047,1190,14,0,13767,1469,1483,1652,1666,933,152,1110,181,1483,324,255,828,-7,-8,-2,151
31976,647,-5227,21,-83,1207,-10394,-33328,57,-77,378,0,-1,165,429,6104,1176,32,0,14091,1542,1546,1675,1704,889,314,1045,369,1497,489,255,874,62,-12,-7,151
32026,178,-5595,28,-21,1299,-11248,-31192,-1285,-101,397,0,-15,175,428,6075,1164,23,0,15031,1522,1539,1648,1689,839,254,977,296,1442,472,255,852,117,-13,-9,156
32076,-116,-6116,136,71,610,-11126,-31802,362,-100,341,0,-23,170,428,6075,1178,15,0,15309,1526,1519,1618,1687,829,373,976,440,1333,521,255,761,157,-16,-13,155
32126,-590,-6800,203,15,793,-10028,-28690,-1773,-105,225,0,-31,158,428,6075,1188,50,0,13327,1535,1470,1646,1675,768,522,912,621,1205,597,255,776,230,-18,-16,157
32176,-1069,-6835,-163,100,929,-8441,-19595,484,-104,196,0,-41,162,428,6075,1191,5,0,17022,1601,1568,1712,1730,607,527,723,628,959,673,255,798,333,-18,-20,155
32226,-1155,-6489,-110,271,1226,-12164,-19046,-308,-189,249,0,-61,165,429,6104,1176,9,0,13323,1555,1541,1680,1716,517,506,608,595,844,767,255,736,402,-16,-22,158
32276,-1670,-5821,113,-227,644,-18572,-19290,179,-260,235,0,-73,145,429,6104,1167,11,0,13627,1536,1551,1673,1714,461,501,538,585,717,834,255,554,387,-15,-25,157
32326,-2315,-5965,138,-210,489,-17718,-14713,1156,-201,90,0,-71,117,428,6075,1162,-16,0,16655,1613,1586,1721,1729,434,739,504,859,589,949,255,530,399,-15,-29,158
32376,-2735,-5518,-238,254,1191,-11798,-5313,2193,-140,97,0,-80,121,428,6075,1167,17,0,13985,1570,1528,1691,1678,199,635,233,741,297,876,255,492,550,-12,-33,157
32426,-2669,-4544,-101,138,1104,-13934,-4215,2620,-254,104,0,-99,103,430,6132,1165,36,0,12025,1448,1488,1622,1660,91,571,106,665,186,974,255,373,543,-9,-35,156
32476,-2761,-3937,172,-176,1033,-22906,-2750,2742,-281,68,0,-100,80,429,6104,1179,31,0,15678,1514,1535,1637,1659,32,636,38,750,8,1022,255,216,511,-6,-38,153
32526,-2754,-3688,204,-22,927,-13812,7503,2620,-243,-42,0,-96,53,428,6075,1179,34,0,14977,1512,1492,1620,1627,-79,720,-93,849,-205,966,255,124,491,-4,-41,154
32576,-3267,-2865,156,-65,1250,-15948,8541,3963,-165,-54,0,-88,38,428,6075,1167,4,0,15885,1577,1583,1689,1699,-249,772,-291,900,-477,930,255,4,485,-1,-47,154
32626,-2974,-2016,118,-25,1229,-8685,10494,1766,-200,-87,0,-91,17,428,6075,1184,83,0,11737,1447,1377,1559,1568,-378,728,-448,862,-603,867,255,-81,501,2,-50,156
32676,-2413,-1214,32,-14,1136,-12835,16964,1644,-304,-91,0,-102,4,428,6075,1174,-2,0,16037,1508,1516,1640,1614,-415,698,-488,820,-670,981,255,-119,553,7,-54,157
32726,-2192,-849,-277,89,1007,-17108,19283,-491,-337,-115,0,-106,0,430,6132,1183,-36,0,15079,1617,1630,1727,1726,-458,647,-541,765,-760,1042,255,-172,581,11,-57,161
32776,-2917,-607,261,-78,938,-21380,18734,1094,-352,-127,0,-118,-18,428,6075,1164,-29,0,13615,1555,1564,1680,1674,-640,593,-745,691,-1006,987,255,-336,557,17,-59,162
32826,-3472,118,266,55,1209,-12225,22457,118,-197,-200,0,-101,-44,428,6075,1168,28,0,12066,1577,1539,1675,1659,-689,718,-805,839,-1113,948,224,-410,536,20,-61,159
32876,-3115,655,26,17,636,-11492,22274,1094,-264,-234,0,-108,-57,426,6019,1165,-18,0,14827,1558,1559,1688,1675,-784,459,-914,534,-1164,734,255,-500,537,26,-63,159
32926,-3079,857,130,19,1161,-14727,26119,911,-273,-327,0,-108,-80,426,6019,1159,-37,0,17896,1560,1557,1662,1665,-836,496,-969,575,-1275,753,255,-619,519,30,-63,160
32976,-3673,1542,-1,-179,1022,-11309,32589,-491,-158,-378,0,-92,-100,428,6075,1153,-34,0,16262,1551,1561,1698,1665,-614,444,-708,512,-1218,475,244,-687,454,32,-65,163
33026,-3288,2727,-18,-143,768,-6304,31978,911,-206,-307,0,-95,-106,428,6075,1152,-28,0,16212,1598,1524,1688,1657,-600,339,-691,390,-1135,305,234,-698,457,33,-65,161
33076,-2448,3349,-8,38,1124,-4229,27767,911,-204,-295,0,-84,-116,429,6104,1157,20,0,12489,1510,1516,1638,1621,-854,335,-988,387,-1319,414,244,-753,366,36,-64,158
33126,-1989,4226,-99,44,1041,-9783,24959,301,-205,-214,0,-76,-113,428,6075,1140,-11,0,12761,1544,1514,1666,1629,-861,239,-982,272,-1294,360,255,-743,371,38,-63,160
33176,-2017,4479,103,-77,573,-8319,20687,1156,-225,-236,0,-77,-128,429,6104,1156,3,0,13601,1555,1585,1685,1673,-731,87,-845,100,-1104,329,255,-817,281,40,-62,158
33226,-2341,4570,171,-229,1028,-9234,18551,606,-117,-260,0,-60,-135,428,6075,1158,16,0,13654,1557,1478,1652,1617,-795,219,-921,254,-1160,210,255,-808,252,40,-61,161
33276,-1387,4604,-143,8,1162,-3314,20748,1461,-123,-261,0,-49,-129,430,6132,1152,29,0,12087,1502,1471,1631,1600,-784,0,-903,0,-1130,128,255,-797,225,42,-59,156
33326,-1504,3981,100,-102,1069,-1666,19039,2498,-99,-317,0,-44,-134,429,6104,1151,14,0,14923,1482,1500,1640,1621,-678,-71,-780,-82,-995,42,255,-786,128,42,-57,159
33376,-1957,3511,96,-104,1267,6634,21541,-3,30,-348,0,-27,-131,429,6104,1151,-26,0,16976,1498,1529,1661,1629,-623,-170,-717,-196,-1006,-321,255,-772,-50,43,-54,160
33426,-1443,3844,-260,-59,1270,11334,23616,118,137,-307,0,1,-123,429,6104,1159,-23,0,12320,1605,1558,1709,1695,-634,-235,-735,-273,-952,-493,255,-707,-78,43,-52,161
33476,-943,3462,346,-131,1125,8465,16658,606,121,-270,0,9,-120,429,6104,1172,49,0,12291,1524,1500,1659,1660,-518,-345,-607,-404,-818,-584,255,-726,-230,41,-48,159
33526,-479,3569,-207,-127,762,18414,15865,1461,254,-287,0,44,-114,428,6075,1156,2,0,14092,1535,1495,1684,1633,-450,-397,-521,-459,-740,-697,255,-625,-313,40,-47,161
33576,241,3624,-148,-77,1004,23968,13302,-3,221,-206,0,48,-101,429,6104,1156,-39,0,15452,1606,1555,1749,1691,-437,-647,-505,-748,-620,-968,255,-548,-333,39,-44,160
33626,925,3133,132,124,940,23724,11776,-3421,223,-186,0,56,-94,427,6047,1148,-1,0,11824,1518,1505,1682,1658,-267,-562,-306,-645,-435,-862,255,-527,-426,38,-41,159
33676,1575,2634,16,43,1065,18353,10799,-980,251,-163,0,75,-78,428,6075,1151,2,0,12603,1499,1444,1641,1630,-248,-686,-286,-789,-340,-995,255,-414,-501,35,-38,157
33726,1650,1712,275,12,1129,20306,9090,-1712,290,-177,0,85,-70,428,6075,1159,-33,0,15854,1641,1608,1761,1727,-61,-569,-71,-659,-214,-911,255,-408,-556,32,-36,158
33776,2496,1832,131,-18,1245,23968,8480,-3604,315,-130,0,105,-60,428,6075,1131,-33,0,15975,1521,1445,1677,1648,74,-592,84,-669,0,-1053,255,-261,-591,27,-35,156
33826,3004,1539,115,83,580,21343,911,-1712,274,-39,0,103,-39,427,6047,1167,21,0,12903,1514,1464,1698,1662,151,-585,176,-683,109,-936,255,-197,-606,23,-34,154
33876,3081,1108,126,-68,811,16339,-6656,-1163,240,43,0,103,-14,428,6075,1143,-56,0,16434,1608,1524,1739,1711,299,-724,342,-828,391,-953,255,14,-532,19,-32,155
33926,2905,569,48,58,924,16949,-10013,-1956,253,133,0,99,14,430,6132,1150,-18,0,13870,1480,1451,1685,1646,428,-706,492,-812,566,-928,255,100,-583,16,-29,153
33976,2773,24,-145,-63,1077,17987,-13370,-3848,274,172,0,103,35,428,6075,1139,-56,0,14917,1581,1531,1714,1728,493,-594,562,-677,789,-975,255,192,-589,11,-27,157
34026,2994,-793,85,-267,767,18963,-19046,-3787,266,180,0,111,46,428,6075,1159,-3,0,14387,1593,1575,1761,1748,573,-689,664,-799,868,-953,255,287,-638,8,-26,155
34076,3170,-1690,-73,-21,990,18719,-15628,-3787,239,180,0,103,66,427,6047,1159,13,0,14868,1557,1496,1689,1696,663,-717,769,-832,942,-961,255,405,-614,3,-24,156
34126,3385,-2415,-301,132,1270,9808,-19412,-552,253,230,0,107,92,429,6104,1145,-6,0,15149,1585,1576,1733,1720,743,-704,851,-806,1072,-919,255,506,-595,0,-22,157
34176,3290,-2566,-49,132,970,13104,-23013,-1346,265,270,0,107,98,427,6047,1147,-17,0,14756,1617,1563,1735,1760,864,-648,991,-743,1287,-758,255,539,-648,-5,-22,159
34226,3607,-3508,17,18,1086,14996,-25516,-1285,255,282,0,113,116,429,6104,1132,3,0,13251,1477,1430,1657,1640,913,-567,1034,-642,1298,-845,255,616,-573,-10,-21,159
34276,3469,-3695,110,161,1027,16644,-24783,-430,262,330,0,109,127,428,6075,1144,23,0,13396,1490,1429,1635,1616,891,-511,1019,-585,1367,-675,255,722,-534,-14,-21,161
34326,3264,-4441,-173,157,1328,10052,-27164,-980,187,349,0,92,149,429,6104,1145,-4,0,16511,1600,1583,1733,1740,1014,-409,1162,-469,1495,-575,255,777,-439,-17,-21,162
34376,2874,-5056,-137,284,1207,2484,-28262,-614,176,343,0,81,158,428,6075,1141,29,0,11249,1482,1459,1649,1667,931,-280,1062,-319,1448,-387,255,778,-422,-22,-23,160
34426,2952,-5364,35,-156,1095,5718,-27286,-491,136,344,0,82,161,429,6104,1138,-8,0,14028,1571,1519,1694,1701,954,-270,1086,-307,1418,-388,255,828,-407,-24,-24,159
34476,2645,-5466,-41,-76,1319,7305,-25882,-308,124,329,0,72,161,428,6075,1135,7,0,14162,1482,1461,1643,1654,951,-226,1079,-257,1439,-334,255,809,-354,-28,-25,158
34526,2424,-5754,86,-114,759,4559,-25638,-2506,115,339,0,69,165,428,6075,1137,-4,0,14540,1538,1533,1667,1698,911,-168,1036,-192,1375,-162,255,835,-323,-30,-26,159
34576,1839,-6442,-110,-90,860,-1055,-25394,-1651,91,304,0,53,176,429,6104,1132,-53,0,16973,1598,1590,1723,1734,946,83,1071,94,1317,-19,255,902,-183,-33,-29,156
34626,1458,-6211,221,61,1154,3765,-23441,-1285,36,325,0,31,169,427,6047,1147,20,0,11945,1449,1424,1617,1641,830,-16,952,-18,1311,-8,255,804,-179,-35,-31,153
34676,1161,-6408,169,-118,1148,958,-26676,911,109,333,0,44,175,429,6104,1154,4,0,15059,1531,1437,1627,1633,747,102,863,117,1154,59,255,867,-80,-36,-33,151
34726,903,-6344,-79,174,1201,4681,-22037,1033,7,318,0,14,176,428,6075,1137,13,0,13824,1522,1458,1634,1660,606,209,689,238,994,164,255,804,6,-35,-35,148
34776,924,-6128,123,208,1030,-3619,-20572,1278,-56,288,0,1,162,429,6104,1140,23,0,13384,1515,1516,1666,1676,630,265,718,302,976,400,255,705,24,-35,-38,151
34826,972,-5838,-113,-94,993,-7281,-16361,179,-88,230,0,2,150,431,6161,1143,8,0,14626,1574,1529,1692,1691,562,345,643,394,798,492,255,686,61,-34,-41,149
34876,521,-5259,-180,-112,1044,-6365,-14224,667,-137,228,0,-15,141,429,6104,1144,19,0,13756,1548,1546,1676,1698,472,416,540,476,720,545,255,558,148,-33,-45,156
34926,422,-4792,114,124,653,-10272,-15506,1583,-178,188,0,-31,118,427,6047,1137,-16,0,15689,1558,1548,1661,1692,344,379,391,431,605,605,255,500,197,-33,-48,156
34976,-390,-4796,148,-48,551,-15765,-11844,1339,-176,131,0,-39,105,429,6104,1136,-43,0,16260,1615,1582,1709,1730,259,439,294,499,348,739,255,327,243,-31,-52,157
35026,-586,-3870,-142,50,1150,-12957,-430,-919,-168,33,0,-43,78,427,6047,1127,30,0,14087,1513,1449,1647,1641,89,668,100,753,78,855,255,290,311,-30,-56,151
35076,-1189,-3363,-126,121,1069,-13751,4329,972,-218,97,0,-66,82,423,5934,1130,17,0,13469,1490,1548,1635,1647,22,628,25,710,-17,946,255,216,423,-27,-60,152
35126,-2019,-3078,100,-175,946,-16497,2681,789,-232,10,0,-77,55,426,6019,1131,-25,0,15052,1645,1659,1755,1784,-55,649,-63,734,-60,1030,255,115,452,-25,-63,155
35176,-2531,-2171,21,-81,1447,-19671,6405,-614,-208,-2,0,-83,38,426,6019,1131,6,0,12564,1530,1493,1665,1639,-256,735,-290,831,-397,980,255,12,483,-22,-68,154
35226,-2300,-1396,60,-17,1020,-17657,9395,1217,-255,0,0,-90,24,426,6019,1119,-71,0,18404,1634,1610,1745,1748,-337,741,-377,829,-500,1109,255,-75,563,-19,-71,157
35276,-2599,-683,67,-81,541,-22723,7503,-1224,-319,-53,0,-105,0,427,6047,1126,9,0,13928,1554,1540,1699,1689,-424,701,-478,790,-619,1069,255,-169,527,-15,-74,157
35326,-2734,-619,280,49,1223,-25164,13790,-125,-311,-64,0,-109,-5,428,6075,1124,21,0,13862,1472,1421,1631,1613,-495,811,-556,911,-744,1181,255,-193,663,-12,-77,160
35376,-3760,-163,3,-40,653,-17291,16597,2010,-310,-116,0,-126,-19,428,6075,1121,-1,0,13398,1553,1554,1715,1697,-613,732,-687,820,-875,1079,255,-352,684,-8,-78,159
35426,-3858,722,44,24,1263,-17352,16842,-552,-271,-173,0,-121,-46,429,6104,1138,49,0,12760,1527,1519,1695,1657,-588,654,-670,744,-937,954,255,-406,631,-5,-79,158
35476,-3848,980,28,120,1294,-16925,24044,1278,-271,-185,0,-123,-52,427,6047,1122,40,0,15634,1466,1462,1603,1572,-814,626,-913,702,-1158,987,234,-494,638,0,-81,159
35526,-4163,1107,139,-86,1446,-15277,25386,850,-240,-301,0,-119,-79,428,6075,1135,16,0,16444,1546,1583,1680,1694,-856,599,-971,680,-1233,952,255,-601,612,2,-81,160
35576,-4067,1322,109,-30,1102,-15887,27279,1094,-225,-363,0,-115,-95,428,6075,1131,0,0,13504,1562,1526,1702,1680,-862,569,-975,643,-1458,746,234,-670,566,6,-83,160
35626,-3658,1819,211,-156,911,-9783,32222,2376,-238,-350,0,-108,-104,428,6075,1128,-20,0,14811,1597,1573,1738,1722,-908,535,-1024,603,-1465,737,214,-728,571,9,-83,163
35676,-3718,2505,87,-152,866,-9234,28865,1827,-218,-367,0,-105,-117,427,6047,1120,-19,0,16016,1611,1597,1740,1722,-896,498,-1003,558,-1404,673,224,-786,468,11,-84,163
35726,-3074,2741,68,-1,918,-8990,32467,-675,-186,-363,0,-91,-120,428,6075,1135,2,0,11950,1537,1534,1702,1658,-888,400,-1008,455,-1421,588,255,-774,451,13,-84,158
35776,-3307,3942,179,-128,1033,-8197,26180,850,-148,-302,0,-85,-131,428,6075,1136,33,0,12248,1578,1514,1684,1661,-841,316,-955,359,-1262,370,255,-840,326,15,-84,161
35826,-2554,4271,19,-18,773,-3985,20992,301,-108,-291,0,-66,-133,429,6104,1131,16,0,12444,1549,1554,1709,1677,-844,193,-955,219,-1206,333,255,-806,312,17,-83,158
35876,-2468,3683,199,-197,971,-3253,22945,972,-106,-327,0,-60,-133,427,6047,1129,-1,0,16015,1551,1544,1686,1659,-863,140,-974,158,-1186,249,255,-847,256,19,-82,160
35926,-2078,3494,89,62,1456,4193,23983,1094,-38,-423,0,-45,-146,429,6104,1133,48,0,12860,1446,1483,1616,1582,-745,41,-844,47,-1148,50,255,-858,128,19,-81,154
35976,-1803,3356,-62,115,1047,-1727,28255,2315,11,-428,0,-31,-141,429,6104,1134,-21,0,16553,1603,1586,1700,1669,-759,-16,-861,-18,-1176,-17,255,-790,95,19,-79,159
36026,-1664,3448,179,-2,978,1385,22518,2559,-12,-318,0,-32,-126,428,6075,1125,-27,0,14837,1577,1544,1696,1670,-701,-192,-789,-216,-1030,-252,255,-730,116,20,-77,161
36076,-1405,3826,7,-195,945,7733,12752,1400,-25,-264,0,-26,-120,430,6132,1136,-20,0,12821,1564,1515,1650,1657,-495,-217,-563,-247,-686,-381,255,-672,17,19,-73,159
36126,-681,3531,-192,30,942,6329,6527,2254,1,-214,0,-12,-101,428,6075,1146,7,0,14032,1610,1595,1711,1694,-474,-253,-543,-290,-560,-356,255,-559,16,18,-71,154
36176,186,3441,169,136,1147,10601,2926,3231,-87,-130,0,-17,-90,429,6104,1137,-20,0,14866,1586,1492,1653,1645,-362,-387,-412,-440,-358,-460,255,-526,-37,17,-66,159
36226,393,2994,11,60,844,5413,-2872,3353,16,-133,0,8,-80,428,6075,1121,-56,0,16902,1647,1638,1750,1750,-255,-301,-286,-337,-221,-340,255,-455,-111,15,-63,154
36276,451,2305,4,100,1416,5718,-186,301,53,-117,0,16,-64,428,6075,1130,44,0,12992,1539,1477,1652,1632,-135,-420,-153,-475,-76,-504,255,-350,-169,12,-60,152
36326,694,1989,95,-51,1013,11578,-247,1705,88,-103,0,30,-58,428,6075,1135,1,0,15362,1571,1582,1680,1681,-55,-475,-62,-539,0,-634,255,-333,-298,10,-57,150
36376,835,931,151,-35,947,8038,-5008,3048,212,-142,0,57,-48,428,6075,1130,-4,0,15373,1563,1530,1655,1681,47,-458,53,-518,38,-743,255,-282,-416,5,-54,149
36426,511,485,59,-233,1189,21038,2010,57,336,-136,0,78,-36,427,6047,1116,-23,0,15183,1562,1519,1683,1662,104,-578,116,-645,42,-994,255,-186,-485,3,-53,151
36476,1152,479,38,113,833,26348,4451,-3,313,-50,0,78,-19,427,6047,1119,40,0,11037,1536,1472,1640,1623,151,-640,169,-716,102,-1066,255,-146,-490,0,-51,150
36526,2080,115,110,-136,703,22564,-3421,-491,249,-78,0,88,-21,428,6075,1130,23,0,13512,1586,1537,1677,1680,197,-573,223,-648,242,-1008,255,-111,-562,-3,-50,156
36576,2338,-465,-84,297,1150,21343,-3604,240,305,-63,0,95,-3,428,6075,1145,29,0,14234,1537,1475,1622,1620,325,-651,373,-746,388,-1068,255,64,-528,-9,-48,153
36626,2332,-538,-112,76,1039,14813,-4825,362,255,67,0,89,24,428,6075,1133,-9,0,14738,1565,1535,1676,1666,411,-635,465,-719,502,-971,255,145,-513,-12,-46,153
36676,3009,-875,165,150,849,16461,-9036,-675,192,140,0,87,39,427,6047,1124,-33,0,15919,1622,1564,1704,1734,532,-686,598,-772,747,-999,255,226,-545,-17,-43,155
36726,2752,-1197,-15,-31,799,15118,-14591,-186,260,200,0,100,60,427,6047,1110,-47,0,17823,1540,1475,1684,1662,654,-586,726,-650,856,-899,255,354,-540,-21,-42,158
36776,2965,-1364,54,63,1192,23114,-17032,-1163,208,291,0,91,80,427,6047,1138,48,0,13016,1504,1397,1613,1627,733,-617,834,-702,1089,-842,255,409,-506,-25,-40,157
36826,3129,-2085,52,-201,734,14691,-21427,301,208,253,0,101,84,428,6075,1140,-20,0,16860,1582,1603,1707,1718,744,-543,849,-619,1157,-670,255,457,-597,-29,-40,158
36876,2445,-2814,-63,-14,1154,3399,-19290,-2261,307,257,0,104,100,427,6047,1118,-6,0,12070,1547,1513,1679,1693,817,-445,913,-497,1148,-634,255,547,-541,-34,-41,160
36926,2492,-3235,76,59,716,12493,-23135,-797,273,301,0,96,113,428,6075,1101,-54,0,17416,1623,1582,1724,1741,840,-440,924,-484,1250,-693,255,602,-515,-38,-41,157
36976,2968,-3996,-129,134,1309,11639,-23746,-1590,236,281,0,97,127,427,6047,1111,-5,0,14556,1533,1473,1671,1688,834,-341,927,-379,1325,-574,255,694,-439,-42,-41,161
37026,2602,-3963,-164,55,1406,8282,-22891,-1407,180,345,0,80,140,427,6047,1110,38,0,11864,1466,1519,1663,1675,880,-425,977,-472,1316,-399,255,690,-432,-44,-42,159
37076,1997,-4558,-8,-90,738,-2215,-27164,-1285,206,280,0,79,135,429,6104,1111,12,0,15025,1526,1538,1655,1688,960,-150,1067,-167,1360,-282,255,734,-408,-49,-44,159
37126,1299,-5217,-121,-76,886,4254,-22891,-2017,214,312,0,67,156,428,6075,1108,23,0,13326,1524,1475,1654,1643,877,-188,972,-208,1240,-362,255,817,-321,-51,-46,159
37176,1620,-4856,47,162,1074,7672,-22159,728,133,413,0,51,166,427,6047,1121,17,0,12434,1597,1574,1691,1712,816,-179,915,-201,1235,-94,255,789,-202,-52,-47,155
37226,1743,-4688,60,61,807,-1788,-26370,-980,36,380,0,37,155,429,6104,1117,10,0,15182,1584,1560,1703,1723,864,-38,965,-43,1292,-8,255,753,-199,-54,-48,151
37276,1102,-4796,-44,-155,1279,-5389,-20938,1827,104,364,0,43,157,429,6104,1104,33,0,13668,1500,1474,1655,1644,744,79,821,87,1099,67,255,791,-132,-55,-51,154
37326,935,-5021,-131,-81,1285,1568,-15079,1888,44,360,0,26,162,429,6104,1110,51,0,13004,1526,1535,1672,1684,743,56,824,62,1064,119,255,770,-94,-55,-53,151
37376,392,-6110,128,-75,609,-4595,-14896,1033,13,258,0,12,154,428,6075,1099,9,0,13230,1510,1548,1647,1670,616,118,677,129,805,226,255,664,-42,-56,-56,150
37426,-176,-6125,320,-90,1027,-3009,-6839,1156,41,163,0,7,135,429,6104,1111,-4,0,15101,1574,1553,1663,1659,573,261,637,290,670,297,255,585,-26,-57,-58,151
37476,-538,-5211,-102,-84,1082,-384,-186,1094,89,145,0,9,123,430,6132,1103,41,0,11242,1523,1518,1644,1633,432,363,477,400,452,298,255,502,14,-57,-64,149
37526,-89,-4110,92,-69,1201,-3253,-2017,1888,-6,200,0,-1,111,428,6075,1110,46,0,13360,1439,1418,1561,1543,385,295,427,328,424,348,255,498,65,-57,-66,149
37576,92,-3641,67,-53,1038,-6610,-5008,3780,-98,257,0,-16,114,429,6104,1137,15,0,16780,1548,1565,1676,1645,299,469,340,533,442,646,255,484,187,-55,-71,151
37626,-287,-3326,-158,72,1268,-10089,-5191,2010,-168,233,0,-39,108,428,6075,1117,-35,0,16470,1591,1590,1683,1687,263,404,294,452,398,636,255,434,264,-53,-73,157
37676,-1090,-3548,121,29,711,-16741,-9952,3353,-178,194,0,-54,97,426,6019,1099,-33,0,16781,1597,1588,1665,1687,221,389,243,427,331,644,255,349,363,-52,-75,155
37726,-1592,-3243,37,-50,791,-10882,-7388,3780,-168,145,0,-59,85,427,6047,1105,-56,0,15672,1653,1655,1730,1726,62,480,68,530,145,736,255,294,332,-51,-77,153
37776,-1740,-2706,125,17,1451,-14422,-5435,2376,-157,131,0,-61,72,427,6047,1104,6,0,12447,1470,1453,1582,1582,1,507,1,560,85,724,255,242,390,-48,-80,149
37826,-1807,-2718,-164,67,846,-11126,484,2376,-206,44,0,-74,61,427,6047,1112,26,0,14743,1505,1569,1598,1633,-51,514,-56,571,0,845,255,142,407,-46,-81,150
37876,-2784,-3134,236,-41,437,-19000,118,2254,-152,-24,0,-76,40,426,6019,1109,-50,0,17932,1622,1628,1698,1709,-42,602,-47,668,-126,801,255,3,451,-45,-84,153
37926,-2997,-2540,67,-58,896,-4779,7381,728,-128,-121,0,-77,20,426,6019,1117,-30,0,13358,1612,1600,1722,1703,-201,592,-225,661,-397,734,255,-46,401,-43,-85,156
37976,-2891,-1570,59,-77,1212,-8380,13302,606,-115,-100,0,-72,8,428,6075,1100,15,0,12619,1548,1535,1662,1636,-382,631,-421,694,-577,756,255,-97,447,-39,-90,156
38026,-2219,-1160,-18,140,1173,-7769,15865,-125,-225,-126,0,-86,-2,428,6075,1120,50,0,15108,1515,1549,1641,1634,-363,550,-407,616,-579,826,255,-178,451,-37,-91,160
38076,-2710,-1048,202,-129,1084,-13262,13607,-64,-185,-176,0,-81,-19,429,6104,1119,50,0,11922,1496,1526,1607,1624,-383,645,-429,722,-605,776,255,-297,410,-35,-94,162
38126,-2814,-1021,79,-106,435,-5816,14156,911,-155,-245,0,-75,-33,428,6075,1117,-2,0,15622,1627,1569,1707,1697,-483,587,-540,656,-770,609,255,-332,390,-32,-97,159
38176,-2027,-76,0,187,1145,-567,17025,1583,-201,-206,0,-79,-38,427,6047,1100,-15,0,15466,1540,1508,1632,1606,-425,393,-467,432,-754,512,244,-335,400,-29,-99,157
38226,-1401,419,-227,194,1250,-8441,19283,1827,-256,-214,0,-78,-44,429,6104,1109,17,0,13044,1498,1544,1611,1621,-592,437,-657,484,-870,715,255,-423,403,-27,-99,160
38276,-2553,558,-30,-239,864,-14544,16658,3170,-184,-269,0,-75,-61,427,6047,1125,33,0,13866,1553,1537,1646,1609,-545,499,-613,562,-920,677,234,-498,406,-25,-102,161
38326,-2424,1104,5,1,886,-3741,22091,3841,-182,-291,0,-79,-76,429,6104,1123,81,0,11732,1558,1531,1638,1600,-648,467,-727,524,-1037,523,244,-516,385,-23,-104,157
38376,-1863,2250,3,159,1008,-11859,19893,4573,-209,-162,0,-77,-70,428,6075,1125,59,0,13306,1555,1495,1618,1573,-617,459,-694,517,-940,584,214,-515,428,-21,-104,160
38426,-1736,2864,28,-13,962,-12347,10433,5001,-229,-76,0,-75,-66,429,6104,1129,-2,0,15518,1503,1542,1611,1595,-580,312,-655,353,-747,596,224,-482,385,-20,-103,159
38476,-2301,2988,53,-88,681,-9478,7442,2926,-227,-88,0,-82,-71,428,6075,1105,-1,0,12113,1597,1564,1666,1626,-529,378,-584,418,-720,525,244,-414,407,-17,-104,157
38526,-2193,2591,-205,158,948,-8563,8663,1766,-211,-73,0,-84,-55,429,6104,1129,-9,0,11683,1628,1612,1714,1682,-562,410,-634,463,-745,510,255,-429,458,-16,-104,159
38576,-2977,2389,-91,-94,845,-9539,9700,2071,-213,-117,0,-92,-63,427,6047,1125,15,0,11476,1569,1556,1667,1649,-495,201,-557,226,-643,414,255,-484,400,-14,-102,159
38626,-2474,2807,-43,50,1120,-5694,12081,1949,-153,-135,0,-75,-75,428,6075,1130,17,0,13750,1493,1475,1608,1552,-524,75,-592,85,-708,165,244,-498,325,-13,-100,158
38676,-2005,2986,-3,118,1142,-262,9151,2376,-101,-128,0,-58,-77,428,6075,1129,25,0,15082,1586,1546,1660,1653,-518,137,-585,155,-569,129,255,-488,228,-13,-98,157
38726,-1330,2079,-13,-49,714,1080,2742,1339,-108,-162,0,-44,-68,429,6104,1116,-27,0,14963,1606,1568,1670,1672,-474,80,-529,89,-526,76,255,-445,196,-12,-97,155
38776,-1512,1359,88,-284,726,-1727,5794,484,-142,-199,0,-47,-66,428,6075,1103,-36,0,16123,1615,1578,1694,1659,-439,37,-484,41,-638,87,255,-383,179,-10,-95,155
38826,-1558,1172,-7,62,1181,897,12813,1766,-57,-151,0,-40,-50,428,6075,1108,2,0,11951,1513,1467,1609,1567,-418,56,-463,62,-640,0,255,-345,169,-10,-94,150
38876,-1350,1337,44,28,1323,4986,9884,118,-81,-144,0,-41,-52,429,6104,1106,-13,0,18306,1587,1559,1649,1642,-399,-156,-441,-173,-481,-197,244,-425,102,-9,-91,157
38926,-1239,1045,240,-213,930,3277,6405,2193,-16,-222,0,-21,-67,429,6104,1110,-16,0,15913,1543,1576,1649,1619,-297,-252,-329,-279,-422,-228,255,-415,-20,-9,-88,160
38976,-595,1054,55,127,1253,10174,12569,484,92,-208,0,4,-60,429,6104,1119,20,0,12669,1519,1415,1573,1554,-250,-87,-280,-98,-426,-349,255,-368,-84,-11,-87,154
39026,-255,1057,-100,-198,701,15240,7808,-3,78,-195,0,15,-54,428,6075,1117,-41,0,16133,1708,1640,1768,1744,-166,-118,-186,-132,-331,-416,255,-320,-144,-12,-87,159
39076,580,377,55,20,912,11639,2559,1278,42,-153,0,17,-38,429,6104,1137,16,0,10390,1592,1543,1667,1658,-130,-191,-148,-217,-221,-434,255,-197,-87,-13,-86,153
39126,-112,88,5,348,1326,6329,2315,-675,-2,-129,0,-3,-23,428,6075,1134,18,0,13235,1528,1467,1602,1562,-5,-244,-6,-277,-60,-394,255,-164,-27,-14,-84,148
39176,-308,254,-99,80,1144,-323,1217,484,36,-62,0,0,-15,428,6075,1113,-12,0,15195,1606,1581,1669,1646,-49,-326,-54,-363,0,-370,255,-109,-76,-15,-81,148
39226,-95,486,126,118,966,-811,-7144,179,57,1,0,7,-11,428,6075,1119,-10,0,12933,1618,1563,1682,1708,68,-272,76,-304,228,-338,255,-138,-96,-17,-78,146
39276,-707,-50,45,-172,1063,3765,-9647,1644,113,-74,0,13,-15,428,6075,1090,-41,0,15969,1607,1612,1719,1706,131,-361,142,-394,230,-349,255,-73,-227,-19,-76,155
39326,-644,-719,-78,70,1080,9259,-3970,-675,227,-42,0,31,5,429,6104,1107,20,0,12286,1531,1479,1616,1603,127,-315,141,-348,154,-515,255,6,-192,-21,-75,150
39376,-789,-1093,72,-60,975,13287,-5679,-1102,195,23,0,25,22,428,6075,1103,-28,0,16216,1638,1591,1726,1719,216,-374,238,-412,320,-632,255,131,-201,-22,-72,155
39426,-573,-1349,-182,68,949,9381,-8060,-3238,183,77,0,24,42,427,6047,1093,-62,0,16759,1609,1558,1716,1707,281,-368,307,-402,418,-623,255,194,-177,-23,-70,155
39476,-2,-1787,69,7,885,11151,-9586,-2872,123,85,0,23,46,428,6075,1103,-16,0,15644,1539,1472,1644,1661,380,-521,420,-574,553,-660,255,217,-234,-25,-66,151
39526,410,-2106,-178,-86,1279,10418,-7877,-2017,184,101,0,44,59,429,6104,1112,25,0,12983,1520,1487,1651,1645,355,-368,394,-409,493,-544,255,285,-283,-27,-65,157
39576,655,-2277,-191,89,1155,13409,-8121,-2322,180,120,0,45,67,429,6104,1106,50,0,14451,1516,1484,1654,1647,416,-336,460,-372,571,-571,255,282,-303,-29,-63,156
39626,1253,-1628,-86,11,993,12066,-7327,-125,165,175,0,54,65,428,6075,1100,-16,0,15328,1583,1521,1678,1658,451,-298,496,-328,579,-476,255,276,-337,-31,-63,155
39676,1625,-1417,9,187,1133,12371,-9036,-1956,186,187,0,61,61,429,6104,1118,51,0,11327,1447,1443,1620,1592,453,-328,507,-367,630,-454,255,281,-294,-33,-63,155
39726,964,-1333,-168,-97,768,2423,-10623,-1956,166,193,0,52,65,429,6104,1101,49,0,11927,1533,1507,1656,1632,524,-275,576,-302,686,-343,234,304,-314,-35,-62,156
39776,1095,-1335,-125,-147,822,775,-13248,-491,164,213,0,56,68,427,6047,1121,17,0,14706,1565,1549,1677,1666,470,-244,527,-274,674,-362,255,291,-336,-39,-63,156
39826,1219,-943,-239,103,822,3338,-13797,-1468,209,245,0,60,70,428,6075,1124,42,0,12729,1562,1517,1654,1641,481,-257,541,-288,724,-416,244,316,-346,-41,-64,156
39876,1341,-1203,-48,-27,1159,7672,-12943,-919,185,295,0,60,80,428,6075,1113,0,0,16948,1439,1441,1566,1557,442,-274,492,-305,730,-390,255,423,-329,-42,-64,155
39926,1583,-2547,191,22,1119,8526,-14285,57,163,270,0,59,94,427,6047,1103,-48,0,14293,1630,1636,1695,1717,396,-293,436,-323,747,-305,255,463,-317,-42,-64,154
39976,787,-3485,193,38,861,1873,-14224,-2078,155,214,0,43,99,428,6075,1101,-59,0,15525,1641,1605,1715,1705,479,-179,527,-197,677,-203,255,414,-249,-43,-65,155
40026,589,-3373,-81,-133,1136,12677,-7694,240,177,135,0,47,87,430,6132,1120,39,0,10685,1478,1440,1617,1597,468,-148,524,-166,582,-316,255,388,-290,-44,-65,155
40076,1199,-3125,-48,-12,1047,3826,-6107,301,155,192,0,52,94,429,6104,1118,6,0,16750,1581,1596,1675,1668,393,-182,439,-204,524,-228,244,443,-261,-43,-66,153
40126,1047,-3734,251,6,1104,6024,-4886,-1163,127,189,0,43,99,428,6075,1098,-74,0,16759,1601,1583,1698,1705,208,-186,228,-204,383,-277,255,416,-251,-43,-67,155
40176,622,-3561,236,175,858,11334,-6534,728,145,161,0,35,89,429,6104,1101,-23,0,14123,1608,1553,1699,1685,288,-159,318,-175,384,-276,255,302,-181,-42,-67,154
40226,967,-3009,-6,-16,958,11029,-2811,179,118,79,0,40,69,427,6047,1114,38,0,12484,1524,1525,1668,1635,322,-143,359,-160,346,-236,255,261,-247,-43,-68,151
40276,1347,-2787,-55,53,986,2056,1461,423,85,91,0,39,69,429,6104,1109,-8,0,18456,1591,1577,1671,1657,161,-76,178,-84,240,-86,255,279,-164,-42,-71,146
40326,898,-2996,185,-102,1094,-2154,-1956,-369,13,91,0,20,68,428,6075,1102,-38,0,15038,1572,1556,1675,1681,214,111,236,122,323,170,255,256,-62,-42,-72,151
40376,532,-2669,89,8,816,1019,-2322,-186,-11,92,0,6,63,428,6075,1133,13,0,12696,1594,1576,1713,1684,140,161,159,183,145,221,255,155,8,-42,-73,142
40426,467,-2122,50,52,1214,-3802,-919,-308,-47,51,0,-1,47,429,6104,1127,104,0,11508,1396,1349,1545,1517,103,277,116,312,116,301,255,177,15,-41,-75,147
40476,410,-1967,-5,101,1063,-9478,1766,1705,-93,90,0,-12,53,430,6132,1124,60,0,15309,1543,1541,1650,1603,56,318,63,358,39,527,255,179,115,-40,-78,146
40526,114,-1736,0,334,1115,-19488,423,-1956,-143,102,0,-30,51,427,6047,1123,-52,0,18741,1630,1614,1715,1707,-6,320,-7,359,34,488,255,171,145,-39,-80,149
40576,-827,-1603,11,22,1416,-11676,1278,-1651,-90,133,0,-32,55,429,6104,1101,-29,0,14829,1496,1533,1681,1627,70,293,77,323,0,510,255,136,241,-37,-81,149
40626,-1395,-1013,-165,188,1205,-6182,4512,-2017,-64,84,0,-40,38,428,6075,1116,19,0,12222,1435,1446,1553,1530,13,387,15,432,-9,501,255,81,161,-36,-82,150
40676,-1094,-879,122,134,1245,-11370,911,240,-55,124,0,-31,38,428,6075,1110,-24,0,16002,1594,1608,1693,1690,-55,363,-61,403,8,493,255,80,189,-35,-85,149
40726,-1461,-1718,232,-243,919,-5450,-3909,911,-93,64,0,-38,38,428,6075,1115,-31,0,15871,1613,1611,1730,1731,-70,169,-78,188,0,349,244,60,240,-34,-85,150
40776,-1570,-1780,194,3,957,-5450,1522,1278,-129,-10,0,-53,25,427,6047,1119,2,0,12018,1560,1504,1646,1620,-110,329,-123,369,-208,433,255,-19,249,-33,-86,153
40826,-1070,-1790,139,-24,1025,-9295,5733,1461,-140,-42,0,-45,21,428,6075,1123,8,0,15313,1558,1557,1702,1665,-127,339,-142,381,-242,552,244,-3,274,-31,-87,155
40876,-1327,-1400,-165,52,1285,-6915,7442,545,-156,-12,0,-55,25,428,6075,1144,72,0,12652,1472,1466,1631,1570,-103,330,-118,377,-169,525,244,23,341,-29,-88,155
40926,-970,-1242,79,104,581,-11492,2193,301,-252,5,0,-70,20,428,6075,1114,21,0,15477,1492,1461,1556,1563,-194,370,-217,412,-195,516,214,-60,337,-28,-88,152
40976,-1288,-987,161,-11,1261,-18267,-1285,2620,-225,-65,0,-66,1,428,6075,1114,-34,0,16553,1605,1623,1709,1689,-104,338,-116,377,-194,670,244,-116,278,-28,-88,159
41026,-1650,-566,-18,-95,730,-12469,5733,1705,-129,-101,0,-51,-9,428,6075,1119,0,0,13758,1553,1530,1662,1637,-198,307,-222,344,-303,454,244,-163,234,-27,-89,157
41076,-1728,-108,-47,99,747,-7098,6038,2559,-87,-53,0,-50,-6,428,6075,1115,-62,0,16227,1636,1601,1721,1659,-267,174,-297,194,-357,296,255,-163,271,-25,-90,155
41126,-1274,592,-53,188,1411,-2093,4879,1583,-178,-20,0,-60,-13,429,6104,1105,-24,0,15921,1498,1489,1611,1595,-251,172,-277,190,-257,267,255,-197,294,-24,-89,158
41176,-1036,1008,-218,-157,977,-13201,-1346,2132,-199,7,0,-53,-12,428,6075,1102,-30,0,13604,1597,1632,1693,1675,-262,191,-289,211,-244,396,255,-134,242,-22,-89,160
41226,-1214,90,-36,182,1367,-11798,-6534,2498,-177,9,0,-58,0,429,6104,1130,86,0,8868,1449,1344,1549,1530,-286,296,-323,335,-201,323,255,-96,331,-20,-89,152
41276,-768,299,-45,74,851,-3619,-3543,3597,-266,26,0,-68,0,428,6075,1111,12,0,15339,1610,1620,1686,1670,-266,24,-296,27,-203,263,224,-178,306,-18,-86,150
41326,-1240,465,-21,-102,902,-17779,1217,-1956,-208,-41,0,-59,-15,430,6132,1136,70,0,12626,1504,1564,1610,1598,-157,-31,-178,-36,-109,277,234,-195,242,-17,-83,159
41376,-1555,122,183,4,671,-5389,1156,1522,-90,-65,0,-45,-20,429,6104,1106,-67,0,18813,1667,1631,1713,1693,-401,81,-444,90,-437,87,214,-246,196,-15,-82,151
41426,-1403,710,-75,166,1358,3277,4512,1766,-52,-59,0,-38,-22,428,6075,1108,39,0,10105,1500,1472,1629,1582,-380,-44,-421,-49,-506,-67,234,-227,159,-13,-80,155
41476,-612,406,78,15,1123,3582,4085,850,-134,-88,0,-38,-26,427,6047,1114,-20,0,15697,1565,1562,1615,1626,-425,-102,-474,-114,-482,-101,244,-316,78,-10,-77,155
41526,-346,-124,292,-86,1240,-4962,6710,-308,-81,-208,0,-20,-43,428,6075,1119,-32,0,16827,1608,1597,1691,1681,-491,-4,-550,-5,-635,0,224,-347,27,-9,-77,152
41576,-854,-168,-157,-73,1033,-750,16414,-552,27,-273,0,-8,-47,428,6075,1113,-20,0,15337,1601,1568,1695,1664,-482,-150,-536,-168,-773,-268,255,-381,-15,-7,-75,159
41626,-701,619,47,8,1122,6390,15682,-1224,19,-246,0,-9,-59,427,6047,1080,-46,0,14438,1580,1542,1661,1661,-481,-136,-520,-147,-697,-311,255,-454,-28,-6,-75,155
41676,-559,792,61,-301,1152,6207,15621,-1224,78,-268,0,10,-67,428,6075,1091,49,0,9144,1413,1395,1553,1534,-417,-157,-455,-171,-759,-332,255,-479,-132,-7,-73,157
41726,-738,718,83,-213,703,10479,18245,-1285,136,-263,0,19,-66,428,6075,1094,-29,0,15384,1640,1607,1695,1681,-486,-234,-532,-256,-757,-476,255,-445,-173,-6,-73,160
41776,-15,1490,-99,103,1050,12432,19954,-1590,133,-200,0,23,-63,429,6104,1091,-9,0,12441,1531,1487,1650,1590,-411,-304,-448,-332,-678,-483,244,-405,-153,-5,-71,160
41826,629,2336,-22,69,1103,13531,15438,-1529,52,-125,0,19,-64,428,6075,1082,-64,0,18627,1673,1634,1744,1724,-471,-266,-510,-287,-662,-492,255,-431,-167,-5,-70,159
41876,979,2361,-200,-232,1368,10662,8052,-2506,58,-104,0,31,-59,428,6075,1084,-10,0,13046,1548,1474,1660,1634,-398,-300,-432,-325,-459,-586,255,-342,-171,-4,-68,161
41926,1548,2149,-105,245,1053,14630,4696,-736,-26,-63,0,16,-48,429,6104,1098,54,0,11729,1538,1494,1620,1609,-357,-407,-392,-447,-390,-603,255,-355,-161,-3,-66,159
41976,2244,1496,9,-81,855,4315,-491,-64,-62,-136,0,28,-54,429,6104,1118,-9,0,15898,1588,1579,1685,1679,-259,-409,-289,-457,-291,-427,255,-316,-264,-4,-63,154
42026,1994,712,115,58,795,3033,-1224,-308,19,-107,0,37,-37,427,6047,1107,36,0,13295,1533,1457,1614,1604,-236,-227,-261,-251,-233,-362,255,-238,-237,-4,-63,155
42076,2094,882,-22,186,1207,8831,-1346,-675,15,-51,0,36,-25,428,6075,1111,69,0,11327,1510,1420,1598,1587,-144,-349,-160,-388,-67,-454,255,-148,-223,-4,-61,155
42126,2146,547,154,215,1119,-750,-5435,1644,-26,-13,0,29,-15,427,6047,1100,-33,0,14890,1679,1641,1739,1742,-94,-329,-104,-362,-8,-343,255,-144,-179,-4,-60,155
42176,1753,-527,99,-3,806,-3070,-5618,-1773,0,-94,0,31,-12,428,6075,1101,-24,0,12103,1617,1580,1721,1725,-17,-290,-18,-319,0,-255,255,-139,-201,-5,-58,151
42226,856,-1165,354,-21,1014,6146,667,-1102,92,-157,0,33,-17,427,6047,1103,-61,0,16823,1574,1527,1691,1653,-5,-342,-5,-377,-115,-414,255,-162,-220,-6,-56,154
42276,929,-644,-86,-18,1074,13958,7015,-2017,101,-176,0,36,-21,427,6047,1091,-46,0,16093,1593,1577,1720,1690,-38,-193,-41,-210,-126,-380,255,-82,-278,-8,-57,157
42326,1495,-197,-144,306,1062,2239,5184,-2445,119,-22,0,44,2,428,6075,1079,-27,0,15097,1502,1486,1637,1619,6,-264,6,-285,-59,-299,255,-35,-228,-8,-56,150
42376,1105,195,-184,-91,957,4803,-3970,-369,83,21,0,37,4,428,6075,1098,47,0,12203,1520,1458,1621,1611,38,-191,42,-210,67,-289,255,5,-202,-9,-56,144
42426,1289,-104,-178,5,1043,1263,-5374,-552,48,67,0,32,18,430,6132,1088,15,0,14934,1577,1590,1697,1691,44,-292,48,-317,176,-255,255,96,-194,-8,-55,147
42476,1196,-522,-35,183,1214,-4412,-6961,-1834,29,123,0,24,33,428,6075,1070,-44,0,14397,1574,1525,1668,1647,126,-334,135,-357,239,-247,255,124,-147,-8,-52,155
42526,888,-786,-14,29,759,-201,-10623,-736,51,115,0,25,36,429,6104,1080,-27,0,15198,1567,1543,1674,1664,131,-309,142,-334,298,-308,255,160,-174,-8,-51,151
42576,784,-691,-182,143,1424,42,-9342,-1346,81,165,0,28,47,428,6075,1093,100,0,10201,1556,1455,1638,1620,113,-191,124,-208,327,-267,244,216,-93,-8,-50,151
42626,911,-1494,-46,129,1141,1446,-12332,-1407,21,141,0,18,54,429,6104,1078,11,0,16959,1493,1556,1653,1655,216,-343,233,-370,429,-180,244,251,-119,-7,-48,154
42676,-4,-2208,-28,6,1000,-7464,-13431,-491,104,103,0,21,59,427,6047,1068,-39,0,16022,1610,1570,1701,1719,246,-139,263,-149,431,-143,255,225,-110,-8,-46,153
42726,-78,-2451,67,47,714,6268,-10501,-1468,110,52,0,18,51,429,6104,1066,-47,0,16845,1621,1587,1718,1713,264,-184,281,-196,409,-278,255,220,-134,-8,-46,152
42776,501,-2148,-114,189,1340,7061,-8548,-1163,86,87,0,22,56,428,6075,1098,105,0,10334,1341,1218,1483,1489,79,-229,87,-251,272,-330,234,235,-118,-7,-44,152
42826,477,-2638,-52,297,1170,-2215,-8548,4940,70,71,0,17,61,428,6075,1096,18,0,15700,1582,1616,1708,1683,276,-147,303,-161,362,-8,255,279,-94,-7,-43,149
42876,-80,-2833,15,234,1167,-6427,-6351,-1529,96,105,0,14,70,433,6218,1077,-28,0,14250,1591,1515,1669,1664,196,-126,211,-136,337,-198,234,297,-35,-6,-43,153
42926,134,-2532,41,131,879,3460,-6656,-2261,26,109,0,4,65,428,6075,1070,-66,0,16773,1615,1614,1738,1738,245,-284,262,-304,350,-291,244,249,-49,-6,-41,150
42976,41,-2253,-239,-40,1114,5535,-7694,-2567,45,88,0,10,61,428,6075,1072,15,0,11635,1495,1469,1640,1608,175,-141,187,-151,269,-177,255,273,-56,-6,-39,151
43026,44,-2067,16,79,1160,775,-6595,-614,9,143,0,1,64,428,6075,1062,-11,0,14989,1636,1588,1699,1716,159,-115,169,-122,317,-229,244,269,-15,-5,-38,146
43076,-93,-2867,128,-9,956,-1239,-7816,-1590,28,83,0,4,64,430,6132,1074,24,0,13767,1539,1503,1652,1661,140,-147,151,-158,212,-173,255,200,-33,-4,-36,149
43126,-422,-2522,-5,-64,733,7794,-2872,789,85,22,0,10,49,428,6075,1052,-49,0,16266,1618,1567,1730,1707,104,-81,110,-85,93,-203,234,170,-87,-3,-36,146
43176,-184,-1865,1,17,1160,8831,-1102,-736,99,63,0,15,45,429,6104,1064,15,0,13088,1485,1434,1615,1577,75,-183,80,-195,68,-282,255,163,-88,-2,-36,145
43226,9,-1315,-44,45,1051,5963,2620,-858,68,59,0,12,36,426,6019,1077,16,0,15877,1610,1604,1704,1699,5,-73,5,-78,49,-107,255,79,-120,-1,-36,139
43276,630,-940,-8,222,1147,-1361,-308,-1529,87,62,0,24,29,429,6104,1074,-15,0,15885,1587,1558,1679,1674,2,5,2,5,50,-67,255,49,-166,-1,-38,138
43326,956,-1013,-4,-63,1254,3155,-2628,-2200,65,35,0,30,25,429,6104,1066,-12,0,16459,1618,1569,1719,1722,13,52,14,56,68,-17,255,47,-158,-1,-40,143
43376,917,-881,-175,-51,1306,1446,-1529,-797,11,30,0,19,24,428,6075,1084,82,0,9656,1467,1467,1609,1600,-8,90,-9,98,17,76,255,-24,-88,0,-42,139
43426,915,-782,197,-108,884,-1727,179,-369,-18,-23,0,15,4,428,6075,1068,49,0,13075,1469,1464,1595,1577,12,96,13,103,-8,219,255,-72,-84,-1,-44,142
43476,886,-406,-2,-54,941,164,6893,118,-32,-35,0,10,0,428,6075,1083,10,0,15419,1551,1574,1712,1678,88,246,95,267,-17,248,255,-75,-67,-3,-47,140
43526,750,223,1,-102,604,-1544,6160,-1163,-45,10,0,7,-1,428,6075,1089,-22,0,16684,1572,1554,1704,1687,-33,149,-36,163,-112,207,255,-76,-61,-4,-49,146
43576,810,232,26,34,1085,-7220,1156,118,-29,44,0,8,4,428,6075,1059,-47,0,16179,1568,1538,1681,1667,27,167,29,177,-16,261,255,-20,24,-4,-52,139
43626,452,372,1,65,1085,-3802,-369,-3,-73,70,0,-7,7,428,6075,1054,-22,0,12408,1531,1490,1669,1657,-27,274,-29,289,0,372,255,-68,34,-5,-54,138
43676,317,582,24,-67,933,-3436,-1102,-1163,-54,71,0,-3,3,428,6075,1052,-18,0,13215,1560,1539,1697,1671,-16,237,-17,250,-25,362,234,-26,36,-5,-56,145
43726,-25,441,43,64,1194,-4473,-125,118,-69,85,0,-15,8,429,6104,1054,-4,0,15404,1521,1493,1653,1620,-20,205,-21,216,-16,260,255,-43,70,-5,-58,142
43776,209,184,41,153,1125,-4473,362,-1224,-70,52,0,-12,6,429,6104,1063,-68,0,17629,1644,1619,1731,1737,-77,188,-82,200,-17,335,244,-86,57,-5,-60,145
43826,-134,-165,-41,-298,1278,-8074,-552,-2322,-46,-14,0,-6,0,428,6075,1058,23,0,12198,1425,1419,1603,1601,-111,185,-118,196,-108,300,255,-98,29,-6,-61,152
43876,-286,-270,38,-75,974,-3985,3109,57,-59,-64,0,-14,-8,428,6075,1058,17,0,15405,1564,1568,1651,1654,-176,111,-187,117,-233,233,244,-202,46,-6,-63,149
43926,-413,-542,145,-57,785,-2520,5794,-1956,-29,-147,0,-11,-23,429,6104,1067,33,0,12187,1567,1580,1674,1677,-194,192,-207,205,-293,310,255,-224,55,-6,-64,155
43976,-717,-512,244,-108,852,-1177,9884,240,2,-141,0,-9,-24,428,6075,1059,7,0,13879,1552,1478,1659,1638,-211,143,-224,151,-386,176,255,-218,81,-6,-66,150
44026,-1087,-55,-82,-34,1171,3704,10677,-797,-2,-134,0,-19,-23,430,6132,1053,6,0,13059,1557,1524,1684,1662,-193,297,-203,312,-386,270,244,-230,137,-6,-67,154
44076,-702,316,21,124,1317,2484,12325,-675,-70,-133,0,-28,-31,428,6075,1056,44,0,11824,1520,1494,1664,1636,-235,263,-248,278,-403,300,244,-289,134,-6,-68,154
44126,-721,402,130,-244,875,-5694,11959,-491,-86,-172,0,-24,-43,429,6104,1037,32,0,12362,1483,1529,1632,1611,-233,162,-241,168,-438,337,255,-273,91,-6,-69,155
44176,-1089,340,-66,-237,501,-5511,14949,-797,-83,-163,0,-26,-34,428,6075,1069,-31,0,17796,1587,1567,1690,1668,-167,271,-179,290,-455,358,255,-189,124,-7,-71,158
44226,-908,696,11,286,1304,-2215,11165,606,-62,-52,0,-32,-22,428,6075,1042,-67,0,17264,1605,1572,1711,1687,-183,290,-190,302,-312,303,255,-194,185,-7,-72,154
44276,-821,1079,46,128,1178,958,5123,-919,-64,-40,0,-29,-27,428,6075,1057,10,0,12163,1400,1399,1570,1561,-191,236,-202,250,-246,365,255,-207,103,-8,-74,152
44326,-849,773,105,117,1159,-5938,4329,362,-75,-40,0,-31,-23,429,6104,1047,6,0,16612,1553,1547,1657,1636,-78,214,-82,224,-106,309,255,-187,154,-8,-75,150
44376,-525,605,-251,83,1041,-7647,3170,-308,-107,-84,0,-31,-22,429,6104,1051,-3,0,14677,1508,1530,1639,1636,-19,237,-20,249,-51,430,255,-169,123,-10,-76,153
44426,-957,336,228,-119,647,-10211,-1407,1400,-109,-10,0,-34,-15,429,6104,1043,-47,0,19340,1623,1595,1719,1722,-46,228,-48,238,0,375,255,-137,198,-11,-76,154
44476,-1237,313,81,-54,1090,-2398,-2322,-1102,-102,-23,0,-41,-12,428,6075,1027,-1,0,11569,1505,1477,1644,1641,22,247,23,253,28,279,255,-96,206,-13,-77,151
44526,-1191,-316,180,-108,1085,-7159,1339,1583,-108,2,0,-40,2,428,6075,1039,-21,0,13830,1537,1557,1657,1645,-14,137,-15,143,0,302,255,-21,203,-13,-77,150
44576,-1850,-908,257,35,935,-3375,972,972,-49,-31,0,-43,4,430,6132,1047,3,0,13232,1561,1493,1638,1630,-27,121,-29,127,0,179,255,-90,160,-14,-76,144
44626,-1730,-521,-96,-200,1090,3277,1766,1400,18,-77,0,-23,-4,428,6075,1045,43,0,10742,1475,1479,1632,1592,86,56,90,59,0,93,255,-94,100,-16,-76,144
44676,-1461,-487,-96,-90,578,469,5977,545,9,-73,0,-21,-2,429,6104,1043,-10,0,16876,1623,1609,1698,1698,41,77,43,80,0,59,255,-11,107,-17,-76,140
44726,-1380,-939,15,104,956,-140,-3,-797,0,3,0,-26,17,427,6047,1041,-36,0,14403,1661,1618,1750,1721,25,59,26,61,25,-34,255,67,121,-17,-76,138
44776,-1197,-1083,76,78,892,7244,-1529,-125,-23,33,0,-28,24,429,6104,1031,-26,0,13584,1568,1527,1680,1670,22,-8,22,-8,101,-25,255,36,137,-17,-74,145
44826,-1005,-770,-26,51,1201,2728,-4215,850,-24,31,0,-23,20,428,6075,1048,52,0,10885,1489,1451,1625,1580,119,-7,124,-7,137,-51,255,77,103,-17,-73,146
44876,-759,-1287,-112,62,1060,2484,-64,-3,-51,22,0,-25,29,428,6075,1040,2,0,14991,1571,1549,1658,1657,126,-118,131,-122,204,-97,255,151,117,-17,-71,148
44926,-876,-1972,280,36,970,-1239,-614,423,-65,48,0,-29,39,428,6075,1049,-27,0,14528,1578,1552,1681,1673,101,-28,106,-30,169,-42,255,165,114,-16,-69,149
44976,-1123,-1749,-48,30,787,4254,-2811,545,-17,51,0,-24,42,428,6075,1040,-18,0,13742,1647,1601,1739,1722,142,-24,148,-25,161,-110,255,154,89,-16,-66,150
45026,-860,-1527,45,20,1192,5413,-4337,728,-13,101,0,-18,46,428,6075,1046,44,0,10260,1464,1370,1610,1567,268,-106,280,-111,307,-273,255,217,70,-17,-65,151
45076,-678,-1794,-27,38,805,13104,-3177,2254,-56,122,0,-25,56,425,5991,1032,-48,0,20134,1612,1608,1703,1680,224,-111,231,-115,388,-194,255,263,103,-17,-62,155
45126,-636,-2195,-14,-30,1056,1141,-7205,850,-34,107,0,-17,60,429,6104,1041,17,0,12126,1484,1508,1661,1639,315,-133,328,-138,446,-94,255,260,30,-17,-60,152
45176,-570,-1964,-98,62,1058,-262,-9342,1339,19,124,0,-7,60,428,6075,1050,26,0,13084,1556,1512,1645,1652,267,-103,280,-108,478,-196,244,330,9,-17,-58,150
45226,-862,-2472,-137,-89,1002,-18,-16300,2803,21,170,0,-9,79,428,6075,1054,48,0,11301,1581,1506,1669,1666,308,-40,325,-42,547,-151,255,372,46,-16,-57,151
45276,-871,-3116,21,167,1220,6207,-15079,1949,15,148,0,-15,83,428,6075,1064,45,0,12809,1500,1472,1606,1608,290,-90,309,-96,543,-101,255,328,44,-16,-55,151
45326,-1151,-3832,65,-131,954,1690,-13553,2071,26,42,0,-12,74,428,6075,1066,-10,0,15309,1608,1565,1683,1688,287,-102,306,-108,459,-87,255,295,46,-16,-54,153
45376,-946,-3949,153,-122,780,531,-9342,1217,26,2,0,-8,66,428,6075,1055,-20,0,14927,1575,1562,1691,1695,266,-52,280,-55,337,-59,255,207,3,-16,-53,146
45426,-759,-3356,-124,78,1225,5902,-675,-369,51,-64,0,-5,48,429,6104,1063,13,0,13692,1521,1502,1613,1604,259,-49,276,-52,262,-104,255,151,-47,-17,-53,150
45476,-225,-2397,-113,63,999,-2215,-1163,-736,65,-27,0,7,39,428,6075,1052,22,0,12645,1527,1501,1629,1628,137,3,144,3,176,-67,255,128,-97,-18,-54,145
45526,191,-1730,-124,69,1110,-2886,-6168,1522,22,32,0,6,39,429,6104,1059,17,0,14122,1574,1488,1632,1637,171,26,181,28,243,-33,255,132,-27,-18,-54,146
45576,294,-1618,-135,-18,1179,-628,-3116,728,-6,69,0,4,44,428,6075,1057,-52,0,17592,1578,1590,1714,1702,134,0,142,0,208,9,255,167,-21,-18,-55,142
45626,-73,-1660,15,-22,1342,-872,-1163,-980,7,104,0,0,50,430,6132,1058,20,0,12337,1481,1475,1583,1595,93,-44,98,-46,159,16,255,145,-36,-17,-55,143
45676,-225,-1789,132,-96,854,-2581,-4276,57,30,33,0,4,35,428,6075,1055,4,0,12972,1570,1533,1649,1661,54,-42,57,-45,84,-84,255,50,-109,-18,-55,142
45726,-406,-2326,277,-139,746,592,-1285,728,105,-55,0,17,22,427,6047,1042,-53,0,16617,1622,1572,1686,1699,56,-5,58,-5,42,-127,255,19,-132,-18,-56,146
45776,-635,-2142,-157,-165,1346,5169,4024,179,180,-71,0,26,26,429,6104,1038,-35,0,13492,1552,1512,1658,1645,52,-49,54,-50,-34,-229,244,52,-129,-18,-58,151
45826,-360,-1585,11,-41,1246,9686,5672,-1346,99,-19,0,13,24,428,6075,1021,-50,0,14218,1587,1535,1647,1650,44,-45,45,-46,0,-262,244,2,-106,-18,-58,146
45876,-69,-1517,88,-119,698,7733,3597,-1224,103,-57,0,22,13,429,6104,1014,-86,0,17546,1638,1626,1737,1744,31,13,32,13,-78,-187,255,-38,-146,-20,-59,148
45926,-85,-1486,-181,-46,1092,7550,5306,-919,103,-66,0,19,16,428,6075,1036,11,0,15027,1545,1475,1649,1619,6,-104,6,-108,-126,-303,244,21,-84,-20,-60,149
45976,691,-796,39,150,1059,12432,3353,606,-24,15,0,3,16,428,6075,1040,-5,0,17206,1583,1533,1660,1666,-24,-72,-25,-75,-86,-182,255,-19,-60,-20,-59,146
46026,710,-570,36,82,1203,592,-1407,545,-12,50,0,8,19,429,6104,1047,39,0,13820,1533,1496,1660,1654,-18,5,-19,5,-17,0,255,46,-31,-19,-60,136
46076,626,-406,-82,111,892,5108,1094,484,-64,105,0,-4,30,428,6075,1027,-17,0,14004,1644,1559,1711,1680,-25,24,-26,24,0,42,234,62,67,-18,-59,140
46126,771,-279,-125,16,1137,469,-3543,362,-132,98,0,-13,26,428,6075,1010,12,0,13248,1504,1484,1630,1613,0,-7,0,-7,58,87,244,54,31,-17,-59,138
46176,802,-580,-212,17,1323,-5816,-2933,1461,-130,68,0,-11,27,428,6075,1042,28,0,10916,1540,1526,1613,1604,-65,127,-67,132,0,208,255,103,67,-16,-60,148
46226,140,-1195,-158,102,990,-13018,-4398,1156,-123,75,0,-23,39,428,6075,1036,6,0,14442,1612,1572,1685,1677,-77,72,-80,75,0,177,255,146,109,-14,-60,148
46276,-102,-1054,-75,191,1246,-7769,-6046,1583,-114,144,0,-27,48,428,6075,1034,48,0,12048,1454,1376,1545,1532,-118,99,-122,103,9,270,255,90,203,-11,-58,152
46326,-880,-1081,43,15,1118,-10821,-5802,362,-100,36,0,-35,25,428,6075,1029,-25,0,17363,1599,1615,1696,1706,-88,0,-90,0,8,272,255,2,159,-10,-57,144
46376,-1471,-1530,83,-78,610,-14605,1339,-797,-50,-56,0,-32,13,428,6075,1037,8,0,12392,1600,1600,1699,1707,-126,130,-131,135,-250,259,244,-94,76,-10,-57,153
46426,-1915,-1439,23,-105,990,-5633,4146,2376,71,-145,0,-17,-3,428,6075,1020,-29,0,14372,1588,1496,1665,1644,-128,212,-130,216,-279,125,244,-113,76,-9,-58,155
46476,-1788,-807,-213,173,986,2056,8846,1827,75,-106,0,-20,-1,428,6075,1035,11,0,14360,1596,1559,1690,1657,-251,108,-260,111,-380,129,255,-155,124,-8,-58,154
46526,-1598,-240,-75,-73,1103,-2642,10433,1217,-5,-131,0,-28,-19,428,6075,1032,16,0,15956,1503,1524,1624,1613,-217,0,-224,0,-346,67,255,-226,68,-8,-57,151
46576,-1728,-250,58,-86,845,-2154,7442,3048,74,-165,0,-13,-29,428,6075,1033,30,0,12747,1589,1553,1641,1654,-281,124,-291,128,-489,25,255,-287,30,-8,-58,152
46626,-2164,-247,184,-230,925,4620,9761,1156,156,-214,0,-2,-41,429,6104,1029,8,0,14066,1513,1507,1630,1612,-274,-22,-282,-22,-476,-107,255,-295,-62,-9,-59,155
46676,-1877,208,-77,27,1217,6512,14217,1644,194,-184,0,4,-38,428,6075,1034,24,0,14824,1531,1524,1633,1591,-336,-47,-348,-49,-560,-161,255,-259,-77,-8,-60,154
46726,-1144,694,-137,91,1416,7122,13424,1156,140,-97,0,5,-28,429,6104,1060,42,0,13303,1542,1503,1622,1603,-314,-81,-333,-86,-490,-232,255,-223,-34,-7,-60,154
46776,-320,1288,86,124,1247,5108,5733,1949,25,12,0,-3,-21,428,6075,1060,30,0,13062,1532,1464,1612,1602,-220,-26,-233,-28,-297,-76,255,-213,6,-6,-59,148
46826,23,1379,126,34,1097,2545,1156,2254,-13,-8,0,-3,-28,428,6075,1038,-33,0,17009,1559,1587,1671,1666,-209,10,-217,11,-231,128,255,-250,10,-6,-59,147
46876,-465,242,187,-81,1021,-3253,5672,484,-9,-121,0,-8,-31,428,6075,1064,8,0,12758,1536,1537,1622,1625,-167,11,-178,12,-319,42,255,-272,-72,-7,-59,148
46926,-918,-136,83,-121,771,897,8846,2803,151,-171,0,16,-33,429,6104,1053,-5,0,14577,1528,1501,1619,1577,-189,62,-200,66,-396,17,255,-251,-108,-8,-60,150
46976,-715,1276,-112,-52,843,12371,10677,1217,142,-77,0,15,-34,428,6075,1062,17,0,14083,1545,1528,1664,1611,-115,2,-122,2,-245,-127,255,-217,-115,-9,-62,153
47026,-167,1536,-205,114,1088,2362,5062,1461,69,27,0,8,-17,429,6104,1049,-56,0,16706,1579,1553,1668,1634,-103,15,-108,15,-160,-50,255,-113,-47,-9,-63,150
47076,509,1122,82,121,1042,-8319,-552,850,-32,91,0,0,-3,428,6075,1043,-111,0,19301,1656,1659,1749,1757,-54,119,-56,124,34,214,255,-132,0,-9,-64,144
47126,149,615,64,-63,627,-6671,-4520,-736,-41,35,0,-2,-6,428,6075,1043,-34,0,14234,1636,1621,1754,1710,36,-32,37,-33,58,58,244,-62,-33,-10,-64,143
47176,285,918,-103,89,799,-4534,-5069,-369,-25,115,0,-1,8,429,6104,1055,9,0,11671,1527,1492,1633,1626,-50,-46,-53,-49,84,84,255,-43,45,-10,-64,143
47226,-232,-194,144,-43,716,-5999,-10135,911,-65,37,0,-15,6,428,6075,1057,32,0,12935,1544,1523,1639,1633,18,117,20,124,178,161,255,-8,32,-10,-65,145
47276,-418,-624,-56,-1,1070,-5267,-4093,-736,-10,31,0,-9,18,429,6104,1055,-5,0,16961,1607,1573,1698,1671,18,79,19,83,94,0,255,25,35,-11,-65,140
47326,-467,-495,-105,-194,944,-628,-4642,-2017,-7,43,0,-5,19,428,6075,1068,60,0,11083,1518,1496,1654,1632,-5,-28,-5,-30,67,-59,255,70,-3,-10,-65,145
47376,-168,-352,78,204,1294,-3558,-10318,-2628,-24,120,0,-10,28,424,5962,1059,-6,0,15950,1526,1474,1574,1618,88,-78,93,-82,299,-59,255,42,45,-10,-64,149
47426,23,-1189,113,131,1119,-567,-11295,-1590,-63,-7,0,-14,16,428,6075,1030,-62,0,17954,1613,1609,1697,1723,99,7,102,7,300,68,255,-5,42,-11,-63,144
47476,-276,-1654,97,-113,781,-1971,-736,-1895,-37,-92,0,-9,8,429,6104,1044,-38,0,14531,1570,1546,1703,1692,77,49,80,51,16,16,255,-4,-14,-13,-64,144
47526,-61,-1102,-182,-41,987,-1788,1705,-2322,-30,1,0,-6,23,428,6075,1062,48,0,11232,1474,1441,1601,1584,4,-116,4,-123,8,-137,255,86,25,-12,-63,144
47576,282,-1182,120,151,777,-6671,-5802,-1773,-77,44,0,-13,26,428,6075,1065,35,0,13148,1552,1520,1623,1673,67,-41,72,-44,170,59,255,63,26,-12,-61,146
47626,-428,-1349,84,209,1049,-6854,-8243,484,0,28,0,-11,27,428,6075,1045,18,0,13004,1527,1491,1634,1619,70,20,74,21,127,76,244,82,40,-13,-61,141
47676,-1048,-1284,61,-7,1262,164,-3421,-919,69,28,0,-4,27,428,6075,1077,77,0,12559,1541,1512,1645,1638,32,15,35,16,102,-42,255,55,0,-13,-61,140
47726,-788,-857,-35,-119,839,-2825,-3970,-247,43,55,0,-2,26,428,6075,1059,-12,0,14363,1564,1551,1699,1676,16,-58,16,-61,25,-51,255,62,-8,-12,-61,145
47776,-238,-118,-113,61,855,-4656,-2384,-3,5,95,0,-4,23,428,6075,1053,-38,0,15404,1556,1561,1705,1677,71,35,74,36,96,164,244,65,13,-12,-61,139
47826,-467,-457,27,51,1199,-4901,972,-1102,-20,65,0,-12,20,428,6075,1057,-37,0,15640,1514,1505,1643,1629,31,-81,32,-86,34,-17,255,15,9,-12,-60,143
47876,-449,-480,-99,-43,1100,-140,2254,-3,48,32,0,2,17,428,6075,1062,20,0,13095,1526,1519,1680,1652,95,-43,101,-45,76,-102,255,53,-52,-13,-59,142
47926,92,-202,-74,115,878,-3253,911,-2139,15,100,0,2,25,428,6075,1058,6,0,13608,1543,1566,1673,1650,44,-200,47,-211,48,-135,255,56,-41,-13,-58,143
47976,265,188,-74,7,1228,-3558,-1834,-1773,0,101,0,5,18,429,6104,1061,22,0,15568,1468,1501,1595,1596,22,-218,23,-232,68,-136,255,-10,-110,-13,-57,146
48026,83,-603,94,-61,1016,-2764,-7022,850,84,23,0,19,13,429,6104,1051,-43,0,17017,1587,1589,1682,1694,21,-138,22,-145,102,-153,255,-7,-150,-14,-56,147
48076,-53,-1231,157,-117,999,-2032,-1468,-308,122,-27,0,26,13,429,6104,1049,34,0,11693,1480,1462,1614,1595,35,-106,36,-112,0,-144,255,0,-135,-14,-56,149
48126,-472,-744,-163,-54,1068,3216,3902,728,135,-26,0,19,11,429,6104,1051,16,0,13765,1589,1603,1697,1666,97,-277,102,-292,48,-331,255,-21,-149,-15,-56,151
48176,131,-636,-81,80,827,7733,3719,57,122,-31,0,24,7,428,6075,1060,24,0,13998,1536,1524,1633,1634,10,-273,11,-290,0,-385,255,-52,-211,-16,-55,143
48226,846,-789,277,-149,1042,12188,1827,-369,133,-30,0,43,2,430,6132,1055,7,0,14961,1499,1499,1628,1609,40,-326,42,-344,19,-463,255,-55,-285,-17,-54,149
48276,1454,-506,72,-14,837,15606,850,728,147,-5,0,54,6,428,6075,1062,-11,0,15079,1564,1537,1660,1642,85,-240,90,-255,0,-519,244,27,-306,-18,-54,144
48326,1789,-308,-224,24,976,13592,-858,850,107,48,0,51,19,429,6104,1076,14,0,11925,1579,1556,1682,1658,25,-252,27,-271,48,-510,244,44,-289,-18,-54,147
48376,2223,-550,-26,318,1313,8038,-5679,179,83,60,0,50,21,429,6104,1056,48,0,13110,1470,1444,1572,1568,-75,-227,-79,-240,75,-404,255,-27,-227,-17,-54,150
48426,2438,-446,39,-2,1190,7550,-6107,1461,5,23,0,43,11,428,6075,1049,-45,0,18071,1624,1600,1719,1704,1,-299,1,-314,68,-369,255,1,-237,-17,-53,143
48476,2040,-842,104,-17,1127,4803,-2200,240,21,0,0,40,12,428,6075,1065,11,0,11029,1517,1522,1679,1665,-2,-313,-2,-334,0,-360,244,5,-270,-17,-52,144
48526,1896,-1318,-3,22,1121,2728,1522,972,74,-23,0,47,19,427,6047,1057,-23,0,17292,1493,1485,1610,1569,62,-298,66,-315,-42,-381,244,77,-225,-17,-51,148
48576,1384,-1497,69,11,1051,3582,3658,-186,61,51,0,36,35,427,6047,1050,-69,0,18917,1616,1591,1729,1711,18,-199,19,-209,-51,-345,244,109,-150,-16,-51,149
48626,1215,-1086,-6,45,695,3948,2071,423,26,73,0,25,34,428,6075,1058,24,0,11370,1544,1524,1653,1639,2,-236,2,-249,0,-299,255,102,-152,-15,-50,142
48676,1034,-1240,47,-157,718,1446,-2078,-430,35,64,0,29,33,429,6104,1054,-35,0,16642,1607,1578,1708,1686,-18,-236,-19,-249,8,-294,255,127,-148,-14,-49,151
48726,759,-1369,4,228,939,2911,-3604,667,58,94,0,20,42,428,6075,1045,-29,0,14824,1596,1517,1690,1663,6,-119,6,-125,17,-294,255,125,-83,-13,-48,143
48776,602,-1127,-11,-114,836,6207,-1529,-614,-2,73,0,12,34,429,6104,1058,-21,0,14973,1601,1617,1739,1704,-2,-235,-2,-249,9,-230,255,152,-126,-11,-47,149
48826,323,-1958,-121,128,1469,2301,-2261,1033,93,64,0,22,49,428,6075,1045,26,0,13487,1592,1520,1674,1648,16,-94,17,-98,25,-270,255,175,-65,-9,-47,146
48876,354,-1972,-25,77,804,7733,-2994,-430,5,22,0,4,40,429,6104,1052,79,0,10562,1446,1467,1595,1578,-29,-129,-31,-136,0,-180,255,106,-75,-7,-46,144
48926,690,-2455,41,15,504,-4473,-1651,2254,10,-42,0,14,33,429,6104,1068,23,0,13877,1504,1514,1605,1588,-23,-137,-25,-146,-9,-88,255,100,-92,-6,-45,147
48976,209,-2278,27,-103,651,958,4207,118,39,-69,0,14,26,428,6075,1073,-15,0,16860,1569,1597,1682,1665,-65,-48,-69,-52,-109,-42,255,27,-135,-5,-46,146
49026,370,-2363,93,-77,1231,3399,6343,-186,94,-106,0,26,19,428,6075,1072,-9,0,16114,1542,1517,1656,1627,-77,-49,-83,-53,-181,-138,255,14,-125,-4,-46,149
49076,717,-1692,-184,120,1223,6695,7198,606,71,-70,0,24,19,428,6075,1053,-46,0,14366,1588,1604,1707,1688,-92,49,-97,51,-212,-84,244,-11,-82,-3,-48,147
49126,731,-1345,329,-15,1027,1507,3597,-1651,6,-56,0,14,6,428,6075,1067,11,0,15923,1509,1510,1619,1626,-107,-10,-114,-11,-126,0,255,-83,-89,-3,-49,147
49176,475,-1009,79,0,890,2239,2559,545,30,-107,0,14,-5,429,6104,1043,-3,0,12779,1547,1523,1656,1645,-75,71,-78,74,-178,42,255,-125,-53,-3,-49,142
49226,545,-668,81,-4,1041,-1483,6588,-980,-4,-84,0,9,-5,429,6104,1049,-20,0,16177,1621,1580,1739,1689,0,91,0,95,-136,76,255,-87,-4,-4,-51,138
49276,452,-689,-40,166,1038,-994,8052,-247,-68,-47,0,-8,4,428,6075,1042,-10,0,14278,1573,1570,1697,1667,-118,108,-123,113,-151,261,255,-84,99,-3,-52,149
49326,-186,-602,107,-163,1441,-5694,2010,606,-76,-59,0,-15,-2,428,6075,1062,42,0,14582,1520,1502,1660,1642,1,149,2,158,-34,247,255,-87,73,-4,-52,145
49376,133,-940,-81,119,1015,-4412,4085,-64,-71,-74,0,-13,3,428,6075,1059,53,0,13228,1439,1456,1589,1570,-6,195,-7,206,-43,275,255,-29,134,-4,-53,145
49426,-429,-1372,41,-102,808,-5206,972,-552,-107,-30,0,-26,17,428,6075,1079,34,0,13295,1591,1580,1685,1671,-89,101,-96,109,-84,244,255,33,165,-4,-53,149
49476,-964,-1413,24,76,895,-6060,-919,-614,-94,-14,0,-37,21,428,6075,1067,-2,0,17881,1596,1578,1687,1678,-22,98,-23,105,0,237,244,22,204,-3,-52,144
49526,-1203,-1083,-136,62,1091,-5450,-1468,-1407,-91,-56,0,-40,10,429,6104,1088,39,0,14017,1547,1504,1636,1652,-6,220,-7,240,33,252,255,-24,188,-3,-53,151
49576,-790,-1488,-37,8,1264,-5755,-1651,-919,-75,-68,0,-28,13,427,6047,1058,62,0,11685,1423,1463,1592,1595,69,318,73,336,9,368,255,-3,188,-4,-54,145
49626,-748,-1277,41,60,946,-7342,-675,301,-100,-51,0,-34,11,428,6075,1084,-4,0,18556,1634,1612,1709,1696,19,216,20,234,8,316,224,-22,205,-4,-54,144
49676,-620,-1146,-3,-114,1540,-7647,1888,-2200,-124,-28,0,-33,14,428,6075,1068,-28,0,16858,1482,1488,1626,1598,-3,214,-3,228,8,329,244,35,172,-4,-55,149
49726,-761,-1543,171,0,903,-5694,-186,-1834,-107,5,0,-34,24,429,6104,1056,-63,0,13420,1564,1566,1644,1663,-72,130,-76,137,0,269,244,46,174,-3,-55,146
49776,-1230,-1631,277,-145,786,-3741,-3726,-186,-56,-28,0,-29,16,428,6075,1067,-51,0,16002,1629,1567,1711,1704,5,150,6,160,25,217,255,-4,90,-3,-55,147
49826,-591,-1161,-92,189,1095,2606,1949,-1346,0,-38,0,-14,14,428,6075,1040,-68,0,15418,1516,1535,1664,1623,90,128,93,134,33,185,255,-3,65,-3,-56,145
49876,-210,-873,82,132,875,-1422,2437,-1407,-53,0,0,-17,13,429,6104,1047,-106,0,17744,1696,1645,1769,1769,-16,93,-16,97,38,86,255,-53,65,-4,-57,144
49926,120,-511,-236,6,881,1751,-3726,-1102,-37,-24,0,-5,9,429,6104,1044,0,0,13211,1468,1463,1630,1598,87,244,91,255,69,268,244,8,19,-5,-59,139
49976,-64,-1044,53,220,1137,-445,484,1217,-56,6,0,-16,19,428,6075,1057,58,0,11972,1419,1386,1556,1543,18,205,19,217,67,261,244,4,154,-5,-60,140
50026,-1002,-666,-61,-197,1007,42,-1773,3109,-69,0,0,-27,13,428,6075,1052,-66,0,19498,1717,1699,1791,1777,72,199,76,210,77,280,244,-4,160,-6,-60,145
50076,-770,-656,-128,-164,1182,-4779,-247,-1956,-93,23,0,-29,18,428,6075,1077,62,0,9549,1470,1448,1609,1603,50,187,54,201,43,223,244,48,142,-6,-60,147
50126,-776,-1176,241,-42,1041,-7403,-1102,911,-114,49,0,-35,26,429,6104,1053,-1,0,15779,1541,1525,1620,1621,2,142,3,149,75,259,255,75,183,-5,-60,145
50176,-1251,-1149,-46,98,1155,-5633,-3055,606,-83,56,0,-40,32,428,6075,1062,21,0,15051,1579,1573,1689,1686,42,106,45,113,84,252,244,113,218,-4,-58,147
50226,-1924,-951,-184,-59,825,-5450,-3970,-125,-57,53,0,-43,31,428,6075,1038,-3,0,17190,1559,1532,1670,1659,32,113,33,118,68,197,255,70,217,-3,-57,147
50276,-1624,-1037,-146,-90,1132,-4840,-6473,-64,-54,59,0,-37,32,428,6075,1082,107,0,9339,1467,1463,1599,1606,75,177,81,191,135,250,255,144,184,-2,-57,150
50326,-1745,-1395,-143,145,911,-8380,-7633,57,-52,94,0,-44,46,428,6075,1075,61,0,11948,1547,1512,1611,1613,-13,132,-14,142,110,160,244,174,205,-1,-57,150
50376,-2164,-1535,-60,167,895,-4412,-11417,-186,-30,80,0,-48,43,428,6075,1087,3,0,16904,1628,1607,1678,1699,19,90,21,98,170,162,255,143,195,0,-57,146
50426,-2093,-1937,26,11,1070,-4962,-4825,-1834,-23,39,0,-41,41,428,6075,1080,36,0,12741,1523,1499,1631,1623,4,162,5,175,85,180,255,138,165,0,-56,145
50476,-1824,-1693,164,25,1248,-323,-675,240,15,48,0,-30,40,428,6075,1071,27,0,14063,1526,1510,1666,1639,-37,19,-39,21,0,0,255,124,120,2,-55,140
50526,-1175,-1020,-117,169,871,6756,-491,240,10,63,0,-23,33,428,6075,1097,-12,0,17625,1575,1556,1690,1701,-43,19,-47,21,0,0,255,60,104,3,-54,141
50576,-207,-1076,57,-46,689,5718,-2628,-736,-100,21,0,-23,21,428,6075,1079,-22,0,13156,1589,1546,1686,1684,31,-75,34,-81,0,-97,255,-29,66,3,-53,144
50626,197,-600,-99,-65,770,-445,728,423,-94,-3,0,-13,12,428,6075,1072,-35,0,15797,1598,1582,1721,1690,39,-10,42,-11,0,-8,255,10,6,3,-53,136
50676,428,-931,88,142,1342,3887,2437,301,-70,43,0,-9,24,428,6075,1080,-20,0,15029,1562,1493,1659,1630,-23,-65,-25,-70,0,-76,255,22,48,3,-52,140
50726,385,-792,58,-82,945,3887,1400,-1834,-62,17,0,-4,16,430,6132,1066,-23,0,13971,1505,1527,1649,1649,-12,-85,-13,-91,0,0,255,-7,-61,3,-51,140
50776,74,-1129,-23,-30,1103,-4595,2926,-675,24,-20,0,7,16,429,6104,1063,-90,0,18489,1675,1674,1761,1742,-28,-76,-30,-80,-50,-84,255,43,-99,4,-52,145
50826,76,-878,77,77,1460,1995,5062,-1834,56,28,0,11,20,429,6104,1062,-12,0,14346,1475,1443,1623,1611,13,-105,14,-111,-34,-162,255,-19,-87,4,-52,144
50876,192,-1234,-115,24,906,1080,972,-64,57,-68,0,14,10,428,6075,1067,-16,0,16725,1590,1596,1686,1686,1,-81,1,-87,-38,-165,255,-20,-102,4,-52,142
50926,15,-1288,-57,41,794,-2520,1705,-2139,45,-62,0,8,12,428,6075,1046,-32,0,16197,1557,1538,1664,1665,-69,-83,-72,-87,-84,-160,255,-21,-67,4,-52,146
50976,214,-1133,-45,-142,1030,3094,1094,728,37,-40,0,13,13,428,6075,1066,2,0,14552,1583,1542,1663,1680,-14,-149,-15,-159,-102,-231,255,-11,-83,5,-50,149
51026,-117,-1633,-102,-60,954,4071,-247,-919,44,-65,0,7,18,427,6047,1055,-22,0,16616,1574,1554,1695,1682,-105,-247,-111,-261,-120,-369,244,21,-73,6,-49,152
51076,596,-1045,185,78,1109,7550,3597,-1407,-1,21,0,8,19,429,6104,1059,5,0,15284,1540,1499,1661,1648,-86,-161,-91,-171,-92,-177,244,-43,-65,7,-47,146
51126,679,-663,-8,-119,917,3094,-858,-797,11,-28,0,16,6,429,6104,1066,43,0,12303,1516,1480,1657,1650,-68,-213,-73,-227,-78,-251,244,-57,-126,7,-47,147
51176,503,-513,78,-21,1155,1202,362,-1468,44,0,0,18,7,428,6075,1063,46,0,15073,1520,1504,1662,1628,-72,-255,-77,-271,-118,-211,255,-42,-130,8,-46,146
51226,790,-720,30,-64,987,4254,3414,-1773,36,-53,0,22,1,428,6075,1067,69,0,12537,1473,1483,1628,1631,-131,-219,-140,-234,-144,-228,234,-94,-203,8,-45,150
51276,629,-1170,176,-41,1288,836,2193,240,121,-124,0,36,-6,429,6104,1065,27,0,14735,1478,1510,1619,1631,-173,-245,-184,-261,-273,-334,244,-129,-269,8,-46,154
51326,218,-1096,14,5,984,6329,9395,-2567,201,-140,0,43,-8,428,6075,1075,70,0,10736,1483,1433,1597,1586,-145,-134,-156,-144,-295,-329,255,-123,-266,8,-46,153
51376,918,-491,-2,148,800,10723,9945,-369,171,-55,0,45,-1,429,6104,1076,-38,0,18239,1591,1563,1693,1664,-195,-201,-210,-216,-310,-319,255,-77,-248,9,-47,153
51426,1178,206,-52,324,1423,4925,4757,-1468,90,39,0,34,5,427,6047,1078,18,0,13704,1525,1526,1675,1663,-121,-314,-130,-338,-157,-354,255,-49,-185,10,-46,152
51476,1325,612,-135,-136,801,1385,3475,-2017,17,54,0,30,3,423,5934,1095,30,0,11665,1441,1426,1592,1598,-69,-133,-76,-145,-59,-186,244,-57,-160,10,-45,150
51526,1212,427,-78,91,795,-2581,-2689,911,34,100,0,26,14,429,6104,1092,-8,0,15214,1608,1566,1729,1683,2,-172,2,-187,-16,-202,244,35,-123,10,-45,144
51576,1437,178,14,136,1158,2972,-1834,-2567,-42,157,0,14,27,428,6075,1087,-27,0,12716,1539,1521,1685,1663,-69,-267,-75,-290,-9,-196,255,43,-76,12,-43,150
51626,923,-444,-22,-39,485,-3924,-4947,789,-15,84,0,15,25,428,6075,1088,-15,0,13848,1594,1591,1736,1700,-26,-188,-29,-205,25,-127,244,67,-114,13,-43,149
51676,1014,-110,-134,231,1146,-1055,-2384,-675,5,132,0,15,30,428,6075,1078,44,0,10723,1464,1411,1606,1578,-101,-213,-109,-230,38,-172,255,122,-69,15,-41,153
51726,879,-956,82,281,1035,-5511,-7755,1156,1,106,0,10,35,428,6075,1086,-13,0,16469,1503,1526,1640,1619,10,-154,11,-167,88,-53,255,78,-61,16,-40,145
51776,-10,-792,35,-4,708,-3070,-6961,-247,74,79,0,15,28,429,6104,1074,-63,0,16423,1628,1604,1728,1727,-59,-88,-64,-95,16,-236,244,24,-101,17,-39,145
51826,51,-926,-167,-220,816,2850,-2811,-1590,83,30,0,22,26,429,6104,1063,-22,0,13663,1593,1546,1728,1688,-23,-123,-24,-131,0,-300,255,102,-124,18,-40,150
51876,269,-903,-89,-79,767,2728,-2506,-1651,54,78,0,17,33,428,6075,1082,-4,0,16525,1583,1566,1693,1696,-26,-221,-28,-239,58,-331,255,45,-98,20,-38,147
51926,366,-820,-181,-127,1128,7000,-6351,-1224,68,41,0,21,25,428,6075,1072,13,0,12730,1541,1528,1679,1681,-107,-239,-115,-256,0,-342,255,42,-141,21,-37,152
51976,373,-1552,88,-107,656,3521,-2628,-64,66,-24,0,22,19,428,6075,1056,-76,0,18296,1645,1670,1776,1758,-8,-266,-9,-281,-19,-270,255,-39,-184,22,-35,149
52026,104,-1300,-3,-108,1042,9625,2864,-1285,183,-93,0,39,4,428,6075,1063,13,0,12504,1531,1471,1670,1644,-35,-113,-37,-120,-68,-343,255,-41,-223,21,-36,152
52076,774,-1088,-12,-8,536,12493,667,423,128,-64,0,38,6,427,6047,1075,-16,0,14345,1536,1510,1652,1642,-60,-187,-64,-201,-60,-309,255,-138,-199,21,-35,150
52126,938,-1334,67,-280,971,7122,3048,789,109,-177,0,43,-12,428,6075,1061,-65,0,17238,1623,1637,1767,1749,8,-190,8,-201,-48,-270,244,-171,-262,20,-36,150
52176,1022,-679,-82,303,1353,8526,7503,-2750,171,-145,0,47,-15,428,6075,1067,40,0,14059,1518,1422,1635,1592,-188,-83,-200,-88,-268,-347,234,-109,-138,20,-38,157
52226,1956,-471,27,165,1052,7733,4818,484,-26,-60,0,26,-4,430,6132,1069,32,0,13832,1452,1518,1633,1630,-138,-220,-147,-236,-212,-154,255,-117,-145,21,-37,154
52276,1245,-234,-171,-46,1223,-3436,-2261,667,25,-54,0,28,-4,429,6104,1085,81,0,11110,1423,1399,1558,1561,-21,37,-23,40,-59,59,255,-41,-108,20,-38,147
52326,1205,19,-154,36,751,-1971,-3909,789,-26,39,0,15,11,428,6075,1102,70,0,12612,1538,1532,1629,1632,-82,37,-90,41,-9,78,255,-9,-41,21,-39,140
52376,1140,157,-186,43,784,-5694,-6107,972,-80,57,0,3,13,428,6075,1088,32,0,15015,1563,1577,1683,1676,-50,64,-54,69,68,180,255,-13,27,22,-40,141
52426,920,-714,-254,7,985,-8197,-3970,179,-98,5,0,-2,18,428,6075,1108,21,0,14644,1602,1618,1731,1716,-24,54,-27,60,42,261,255,21,42,23,-40,139
52476,250,-1194,90,-29,1218,-7281,-5435,-3,-84,-12,0,-11,16,428,6075,1074,-7,0,13785,1467,1488,1606,1616,-109,-79,-117,-85,-25,129,255,-24,30,24,-40,149
52526,-416,-1424,-157,73,1047,-3314,-736,850,-6,-119,0,-9,4,428,6075,1079,-77,0,15404,1667,1663,1735,1763,-104,33,-113,35,-48,77,244,-80,34,24,-40,147
52576,-1373,-1798,84,-358,1020,6573,5245,-186,98,-176,0,1,-4,429,6104,1060,-87,0,14703,1596,1596,1736,1718,-156,64,-165,68,-322,-67,244,-169,-43,24,-41,152
52626,-668,-1004,-66,-91,1117,10174,8358,1156,85,-159,0,5,-11,428,6075,1079,-13,0,13683,1603,1494,1679,1662,-204,80,-220,86,-368,-257,255,-130,16,25,-42,153
52676,781,-444,8,-104,736,4498,6282,2010,-89,-94,0,-1,-10,428,6075,1071,-10,0,14928,1544,1574,1708,1707,-211,35,-226,38,-319,116,255,-150,12,26,-42,148
52726,662,-403,-134,-84,1068,-5572,1827,1278,-98,-115,0,-5,-13,429,6104,1062,-37,0,17475,1644,1618,1739,1746,-196,156,-208,166,-253,185,255,-134,55,27,-43,155
52776,-38,-741,-1,2,1088,-6427,4268,-1956,-87,-115,0,-17,-9,428,6075,1049,-38,0,15439,1543,1509,1667,1668,-250,102,-262,107,-316,162,255,-172,134,28,-44,153
52826,-66,-495,277,4,1078,2484,9273,-369,-87,-113,0,-18,-18,428,6075,1070,30,0,12795,1520,1474,1651,1622,-136,118,-146,126,-330,175,255,-192,81,27,-44,151
52876,-236,12,36,-271,1052,592,7808,-491,-88,-114,0,-16,-23,429,6104,1078,110,0,10139,1360,1357,1513,1531,-154,130,-166,141,-294,160,255,-182,112,27,-46,153
52926,-523,16,124,42,1275,-9234,7991,-3,-95,-106,0,-28,-22,428,6075,1083,45,0,16854,1539,1529,1646,1646,-209,172,-227,186,-280,280,255,-181,148,27,-46,151
52976,-734,356,-80,-121,1115,-5999,6343,-1285,-111,-62,0,-32,-16,428,6075,1087,-6,0,15147,1551,1548,1690,1682,-132,333,-144,362,-318,386,255,-150,189,28,-48,157
53026,-508,478,96,190,905,-2581,6527,-858,-113,-34,0,-35,-16,428,6075,1063,-57,0,16692,1595,1553,1693,1682,-139,220,-147,234,-228,270,255,-173,171,27,-49,154
53076,-169,909,10,-20,822,164,4940,-1346,-118,-28,0,-26,-21,428,6075,1049,-54,0,14489,1628,1569,1733,1724,-148,192,-155,201,-230,298,255,-190,141,27,-50,153
53126,-320,943,-44,-143,960,-3253,7869,-1346,-106,-46,0,-23,-24,428,6075,1063,35,0,11331,1514,1478,1671,1644,-114,322,-121,343,-240,387,255,-193,123,27,-51,156
53176,-505,272,190,-189,448,-4229,6954,-125,-133,-43,0,-27,-21,429,6104,1066,-27,0,18318,1630,1600,1724,1707,-115,222,-122,236,-194,337,255,-125,161,26,-52,156
53226,-793,-19,-45,205,1137,-9661,2620,423,-113,-10,0,-39,0,428,6075,1063,8,0,14267,1497,1471,1628,1595,-61,251,-65,267,-146,352,255,-40,261,27,-53,148
53276,-939,24,68,192,709,-12164,1094,118,-157,27,0,-52,3,428,6075,1073,35,0,13624,1566,1546,1682,1680,-36,260,-38,279,0,460,255,-34,281,27,-53,143
53326,-961,-719,-55,-72,749,-12591,-3482,1766,-177,-18,0,-49,10,428,6075,1067,-7,0,15826,1541,1479,1655,1638,27,308,29,329,0,472,255,13,286,26,-54,147
53376,-1885,-1223,-4,-166,942,-10028,240,-1102,-162,-22,0,-61,17,432,6190,1081,0,0,14655,1537,1544,1676,1670,35,356,37,385,8,451,255,83,343,27,-53,147
53426,-2134,-1221,-116,262,1292,-9661,-1163,362,-156,-2,0,-72,23,428,6075,1062,14,0,11936,1517,1481,1606,1615,-9,316,-10,336,42,470,255,30,367,27,-53,150
53476,-1964,-1104,151,123,1020,-12408,-4031,606,-127,-11,0,-61,14,428,6075,1074,21,0,13368,1507,1490,1618,1628,34,185,37,199,87,396,255,-3,288,27,-52,150
53526,-2207,-1150,-145,-37,1143,-7525,-1041,-797,-76,-54,0,-53,12,429,6104,1070,18,0,12881,1440,1414,1562,1565,121,210,130,225,145,324,255,14,278,26,-51,153
53576,-2387,-1481,9,116,989,-7891,-2628,118,-49,-31,0,-54,19,428,6075,1084,23,0,14276,1515,1478,1617,1606,88,209,95,227,85,238,255,59,305,25,-50,145
53626,-2448,-1251,-140,87,1145,-2886,-614,484,-59,-3,0,-56,23,429,6104,1096,60,0,11262,1557,1526,1661,1658,81,124,89,136,125,183,255,78,285,25,-49,147
53676,-2255,-1349,-195,9,786,-7586,-2078,-1285,-109,-26,0,-61,23,428,6075,1084,33,0,13736,1475,1479,1608,1603,166,54,180,59,243,126,255,87,254,24,-46,150
53726,-1940,-1620,164,48,568,-6976,-4093,606,-83,32,0,-52,29,428,6075,1104,14,0,13240,1570,1576,1693,1681,142,24,157,26,178,144,255,83,212,24,-44,146
53776,-1810,-1300,109,-28,1001,-3375,-308,-1163,-58,20,0,-43,25,428,6075,1129,49,0,13830,1544,1537,1653,1643,93,-88,105,-99,174,-48,255,84,137,23,-42,150
53826,-1771,-1481,79,-39,761,-3741,-4215,606,18,38,0,-26,31,428,6075,1091,-51,0,17676,1573,1592,1680,1699,149,-142,163,-155,214,-107,255,98,68,22,-41,150
53876,-2033,-1929,251,-174,866,-140,-3726,-675,92,23,0,-13,32,428,6075,1077,-123,0,19767,1651,1589,1749,1742,189,-130,203,-140,205,-239,255,135,-35,21,-39,155
53926,-1395,-1096,-152,21,1235,9564,-247,-1712,172,59,0,8,33,428,6075,1071,-79,0,13449,1541,1511,1693,1674,194,-130,208,-140,203,-309,255,127,-72,20,-38,153
53976,-970,-1121,-3,181,1099,14385,-5130,-552,118,93,0,1,38,430,6132,1088,7,0,11336,1610,1523,1689,1707,165,-228,179,-248,300,-463,255,137,-67,19,-36,150
54026,24,-1872,107,-87,906,11029,-3177,-4703,63,63,0,14,43,428,6075,1092,19,0,12001,1550,1549,1731,1719,240,-297,263,-325,323,-374,255,190,-105,19,-34,151
54076,-30,-2359,69,-77,1177,5902,-125,301,82,47,0,16,50,428,6075,1070,-46,0,18319,1544,1523,1683,1661,205,-225,220,-240,280,-322,255,147,-144,18,-32,149
54126,-177,-2338,-111,-129,1072,17010,-125,-1590,152,-32,0,28,37,428,6075,1087,5,0,13345,1543,1578,1686,1690,251,-354,273,-385,282,-428,255,106,-219,17,-31,156
54176,494,-1847,-24,101,1075,3216,-552,-1956,165,-2,0,39,32,428,6075,1065,-18,0,13755,1574,1529,1684,1688,199,-253,212,-269,197,-463,244,148,-278,16,-31,153
54226,904,-1653,16,-46,820,8953,-1590,-186,122,59,0,40,40,429,6104,1080,73,0,11765,1535,1462,1649,1647,247,-242,267,-261,253,-447,255,133,-233,15,-30,150
54276,1159,-1158,-23,-25,772,11578,-7999,1156,105,77,0,41,36,429,6104,1080,34,0,15088,1505,1456,1633,1631,244,-277,264,-299,328,-440,255,136,-265,14,-30,153
54326,1650,-1112,-142,133,1139,2911,-6839,1156,89,108,0,44,43,428,6075,1070,-44,0,17965,1574,1532,1702,1675,303,-221,324,-237,333,-358,255,154,-266,12,-30,155
54376,1633,-1202,-203,256,1400,7794,-5008,-858,99,129,0,44,49,428,6075,1094,45,0,12146,1416,1425,1608,1599,273,-163,299,-178,377,-335,255,231,-157,11,-30,154
54426,1112,-1425,-69,-49,995,7122,-8487,-125,34,146,0,27,55,428,6075,1086,22,0,15567,1485,1481,1607,1618,212,-302,230,-328,384,-342,255,228,-177,12,-29,152
54476,901,-1533,-6,-40,1024,-1177,-7449,-2322,63,146,0,29,56,428,6075,1083,17,0,13181,1553,1565,1671,1657,306,-186,331,-202,385,-250,255,256,-195,10,-28,153
54526,927,-1538,8,166,1089,-1361,-10623,-980,88,189,0,31,64,428,6075,1082,14,0,15386,1518,1481,1620,1626,188,-271,204,-293,380,-338,255,303,-165,11,-27,152
54576,399,-2082,-97,121,1136,6268,-10074,484,89,197,0,22,77,428,6075,1070,-43,0,17029,1598,1570,1699,1704,261,-307,280,-328,424,-339,255,355,-116,12,-25,153
54626,-203,-2369,-59,-143,1287,3094,-11844,606,80,173,0,14,76,428,6075,1084,38,0,13375,1445,1385,1557,1586,192,-200,208,-217,393,-282,255,289,-84,13,-24,153
54676,431,-2364,-211,-58,919,6146,-8792,-675,58,116,0,20,69,429,6104,1087,29,0,13609,1496,1507,1618,1639,190,-212,207,-231,337,-287,255,289,-118,14,-22,152
54726,314,-2996,49,1,684,42,-9769,1827,73,110,0,20,73,428,6075,1085,-48,0,17727,1642,1603,1743,1713,205,-188,222,-204,274,-248,255,318,-103,15,-21,147
54776,256,-2888,-179,104,1098,9991,-3360,-125,59,129,0,13,80,427,6047,1075,-55,0,16203,1586,1583,1708,1700,-1,-224,-1,-241,109,-287,255,254,-45,18,-19,151
54826,-40,-3019,110,-18,1277,6268,-3726,-3,52,23,0,9,56,430,6132,1071,-10,0,12827,1596,1563,1688,1713,-4,-185,-4,-198,92,-344,255,178,-123,20,-18,146
54876,685,-2877,16,-102,1029,4071,-125,-125,85,7,0,30,52,428,6075,1066,-12,0,14341,1513,1532,1665,1639,36,-201,38,-215,-8,-250,255,138,-142,21,-17,147
54926,688,-2333,82,70,695,8099,4940,-552,88,-13,0,27,36,428,6075,1078,-24,0,15212,1654,1632,1731,1740,29,-143,32,-154,0,-252,255,43,-171,22,-17,144
54976,890,-1632,-7,43,1031,3643,1705,-369,85,-47,0,31,19,427,6047,1095,76,0,10163,1498,1440,1616,1611,-61,-83,-67,-91,-168,-219,255,-11,-182,22,-18,148
55026,1463,-1059,-108,133,1128,-2520,5306,1827,24,-19,0,28,17,429,6104,1090,26,0,14875,1585,1515,1676,1651,-97,-52,-105,-57,-247,-119,255,-40,-138,22,-19,154
55076,1280,-545,-61,163,845,2545,3353,1827,17,6,0,22,12,428,6075,1064,-62,0,16668,1613,1595,1749,1722,-100,15,-106,16,-179,34,255,-77,-68,24,-19,145
55126,381,-357,236,-38,1434,3521,6282,179,51,-25,0,17,-1,430,6132,1067,-2,0,13529,1542,1558,1700,1676,-140,-31,-150,-33,-286,8,255,-137,-132,24,-20,148
55176,363,-276,-36,295,1086,-506,5184,911,102,-63,0,21,-6,428,6075,1074,25,0,13466,1497,1489,1620,1599,-233,-36,-250,-38,-300,-111,255,-109,-69,24,-21,151
55226,462,-175,90,217,931,1019,2864,2803,29,-43,0,9,-7,429,6104,1074,21,0,14489,1567,1521,1661,1660,-141,66,-152,71,-238,76,255,-175,-33,24,-22,144
55276,434,-684,17,-63,668,-3802,2742,1583,-12,-156,0,7,-19,428,6075,1079,-29,0,15964,1623,1613,1735,1731,-129,158,-139,170,-355,194,255,-254,-26,24,-23,152
55326,-433,-716,19,-316,807,-4656,12813,606,27,-190,0,5,-24,428,6075,1082,12,0,14218,1550,1533,1681,1635,-297,126,-321,136,-574,145,244,-210,-40,24,-25,152
55376,-563,-199,23,278,1037,2239,14522,2742,76,-125,0,0,-20,429,6104,1086,31,0,13290,1548,1478,1629,1602,-313,177,-340,193,-546,136,255,-298,68,25,-27,151
55426,-483,295,59,-10,1141,2789,12386,606,6,-197,0,-7,-44,428,6075,1099,34,0,14753,1566,1553,1673,1661,-249,170,-274,187,-464,212,255,-358,52,25,-28,149
55476,-860,427,-117,-105,1032,-6549,16353,-858,24,-232,0,-7,-50,429,6104,1097,27,0,14067,1546,1568,1671,1655,-263,264,-288,290,-585,247,244,-343,21,23,-31,155
55526,-1135,757,-181,-38,967,-1177,16597,484,41,-174,0,-11,-43,428,6075,1084,28,0,13204,1551,1507,1627,1610,-352,197,-381,214,-569,127,255,-306,63,24,-33,154
55576,-434,1554,36,-2,937,4620,11898,606,-24,-57,0,-12,-38,429,6104,1081,-13,0,13447,1603,1582,1702,1674,-255,62,-275,68,-337,96,255,-306,78,23,-34,148
55626,56,2330,130,251,1364,-872,3963,1644,-84,5,0,-19,-42,427,6047,1083,-10,0,15700,1509,1450,1602,1579,-135,177,-147,192,-214,243,255,-300,133,22,-34,151
55676,-299,1835,-201,-151,1032,-9417,423,-186,-110,-23,0,-23,-33,429,6104,1088,14,0,12943,1585,1595,1708,1685,-46,183,-50,199,-42,367,255,-135,144,21,-35,154
55726,-598,504,-46,135,883,-13934,-4703,667,-119,48,0,-36,1,428,6075,1098,1,0,13449,1588,1581,1675,1664,-107,240,-118,264,-9,406,255,-35,226,22,-35,148
55776,-512,269,103,118,1121,-7281,-8853,240,-172,76,0,-45,7,427,6047,1067,13,0,14194,1516,1486,1602,1629,-112,166,-120,178,78,341,255,-68,236,22,-35,149
55826,-721,-729,130,-15,474,-10882,-12393,972,-156,-33,0,-42,0,428,6075,1084,-41,0,16247,1621,1608,1732,1733,18,316,20,343,128,522,255,-90,214,22,-35,150
55876,-1285,-1452,-125,9,1076,-13018,-3787,-614,-92,-154,0,-40,-3,427,6047,1083,-43,0,15474,1542,1543,1675,1649,20,226,22,245,-25,371,255,-21,214,21,-37,153
55926,-1827,-1498,-165,151,1321,-10089,3292,-675,-69,-71,0,-47,15,428,6075,1076,-20,0,15209,1560,1543,1680,1672,-42,333,-46,358,-49,442,255,2,291,21,-37,153
55976,-1363,-556,-91,-194,767,-6732,-1712,-858,-181,6,0,-54,13,428,6075,1077,-3,0,14084,1511,1497,1646,1651,7,233,8,251,42,392,255,-35,259,21,-37,146
56026,-1249,-722,-180,-87,1040,-8197,-4581,-64,-153,-29,0,-50,10,429,6104,1071,-8,0,12842,1568,1540,1667,1676,-46,265,-49,284,48,338,255,0,231,21,-37,150
56076,-791,-906,103,20,1082,-5328,-2445,484,-151,25,0,-44,19,428,6075,1088,65,0,10318,1504,1463,1649,1613,-61,207,-67,225,0,385,255,-19,217,22,-37,147
56126,-672,-964,126,101,805,-3253,-2384,-3,-110,-34,0,-36,6,428,6075,1064,-39,0,16764,1623,1603,1701,1726,9,192,9,204,77,309,255,-66,165,21,-37,144
56176,-904,-1273,127,-291,1314,-4290,423,-1956,-62,-74,0,-23,5,428,6075,1059,-7,0,12688,1502,1481,1661,1663,-5,234,-5,248,0,194,255,-57,78,20,-38,146
56226,-859,-1163,32,-85,1118,103,3963,-1407,-32,-72,0,-20,5,428,6075,1085,36,0,14668,1554,1531,1662,1659,30,79,33,86,17,51,255,-33,71,19,-38,141
56276,-584,-1395,136,20,633,-506,-797,-1163,-46,-81,0,-20,4,427,6047,1067,-42,0,15557,1610,1622,1714,1746,9,-55,10,-59,0,0,255,-94,51,18,-38,141
56326,-941,-1422,236,-124,558,-3253,301,-1712,-7,-120,0,-13,-6,429,6104,1064,-54,0,14624,1624,1548,1723,1712,93,184,99,195,0,84,255,-103,49,16,-40,147
56376,-401,-424,-228,40,1187,2606,5977,-1590,-18,-36,0,-11,4,428,6075,1062,6,0,11133,1458,1387,1625,1597,20,-59,21,-63,0,0,255,-22,98,15,-39,141
56426,-467,-704,18,46,873,2056,-64,423,-57,-26,0,-21,6,429,6104,1074,12,0,13910,1558,1588,1700,1710,53,-3,57,-3,93,110,255,-42,74,15,-39,137
56476,-845,-621,-236,-30,952,164,-3299,-1712,-22,-36,0,-18,8,428,6075,1064,38,0,13345,1477,1467,1636,1623,0,-3,0,-3,67,-8,255,-20,39,14,-38,140
56526,-665,-425,-226,-44,933,-2093,-308,-1407,-6,4,0,-12,13,429,6104,1069,10,0,13742,1504,1506,1626,1634,5,-74,5,-80,68,-51,255,15,31,14,-37,141
56576,-770,-644,76,-3,1000,-2276,-5252,-1285,11,42,0,-11,17,429,6104,1074,14,0,14354,1517,1517,1654,1671,-3,-47,-3,-51,107,29,255,28,23,14,-36,143
56626,-1091,-887,-84,19,1074,2667,-1102,-1956,46,-16,0,-10,14,428,6075,1062,-35,0,16427,1575,1580,1681,1710,12,-95,13,-101,92,-126,255,-20,-24,14,-36,150
56676,-1405,-1364,113,-111,1050,4742,850,-1773,158,-61,0,8,9,430,6132,1071,-7,0,12656,1598,1550,1703,1718,85,-8,91,-8,42,-265,255,-44,-94,12,-36,145
56726,-386,-841,-42,-154,924,8953,2254,-3421,122,-18,0,20,12,428,6075,1067,-3,0,13482,1516,1507,1674,1660,76,-195,81,-208,17,-323,255,14,-121,12,-35,149
56776,142,-639,150,-21,786,3399,3231,-1773,46,43,0,12,16,427,6047,1073,-9,0,15289,1529,1533,1693,1689,87,-125,94,-134,50,-118,255,5,-96,11,-35,143
56826,311,-465,-2,-80,966,-201,-125,-3116,34,56,0,14,19,429,6104,1076,23,0,13765,1499,1473,1661,1627,79,-162,85,-174,51,-196,255,74,-98,11,-35,143
56876,853,-321,-61,157,1175,-1116,-3726,-3116,-17,123,0,9,31,430,6132,1092,40,0,14146,1559,1544,1688,1694,32,-248,35,-271,163,-154,255,100,-31,12,-33,150
56926,490,-1035,-19,69,986,-2764,-3360,-3055,-28,43,0,1,27,427,6047,1065,-13,0,16050,1522,1572,1697,1701,134,-206,143,-219,202,-67,255,64,-59,12,-32,149
56976,-257,-1475,0,-128,1136,1263,3109,-2445,58,-21,0,9,22,429,6104,1073,-7,0,14652,1496,1521,1712,1674,39,-196,42,-210,8,-239,255,63,-139,12,-31,146
57026,-263,-958,-60,-82,1280,4315,6160,-3848,111,35,0,18,25,428,6075,1083,51,0,13955,1521,1486,1658,1662,32,-184,35,-199,0,-350,244,37,-148,12,-31,147
57076,144,-1461,174,22,807,3704,3170,-3116,119,-31,0,25,15,429,6104,1088,-12,0,16658,1556,1590,1709,1736,43,-164,47,-178,33,-294,255,-40,-211,11,-31,149
57126,-158,-1076,114,-118,1048,3704,3353,-3848,170,-46,0,33,7,430,6132,1072,-19,0,13621,1597,1496,1716,1697,93,-65,100,-70,8,-332,255,1,-198,10,-32,148
57176,975,-244,28,255,1057,3643,3109,-2933,85,82,0,29,20,427,6047,1073,8,0,13316,1561,1522,1700,1706,27,-255,29,-273,68,-307,255,45,-142,9,-31,143
57226,811,24,52,37,1079,-1361,-4215,-1224,50,102,0,24,18,428,6075,1071,8,0,13332,1493,1466,1678,1676,35,-164,37,-176,93,-203,255,49,-144,9,-30,143
57276,900,-287,115,172,1066,-933,-5985,-2506,42,140,0,21,30,428,6075,1087,48,0,13125,1530,1503,1672,1691,-39,-195,-42,-211,126,-175,255,64,-114,10,-29,151
57326,302,-1024,59,28,909,3948,-5252,-1651,73,25,0,19,21,428,6075,1071,-40,0,17674,1590,1604,1739,1756,24,-277,26,-297,111,-317,255,19,-191,10,-28,147
57376,-92,-1268,59,-16,1073,8465,3414,-3482,195,-27,0,37,16,428,6075,1067,1,0,12538,1491,1429,1673,1654,45,-35,48,-38,0,-328,255,8,-216,8,-30,142
57426,867,-770,3,189,1166,13836,3353,-1224,112,10,0,33,16,429,6104,1054,-86,0,17257,1633,1606,1771,1747,93,-201,98,-212,0,-431,255,-13,-188,7,-30,146
57476,992,-512,160,-25,917,6695,2437,-3360,112,50,0,40,15,428,6075,1054,-39,0,14283,1586,1558,1770,1752,16,-60,17,-63,50,-253,244,49,-158,7,-31,144
57526,859,-457,44,159,1018,9930,1094,-4581,84,59,0,28,19,428,6075,1056,-6,0,14744,1472,1454,1686,1662,69,-203,73,-214,67,-279,255,7,-180,7,-31,143
57576,1255,-365,125,-79,827,9197,-4154,-736,54,67,0,34,16,428,6075,1062,0,0,14418,1548,1504,1716,1706,60,-130,64,-138,156,-254,255,-13,-151,6,-32,146
57626,1352,-444,96,-33,632,1873,-1834,-2445,28,41,0,30,13,428,6075,1067,60,0,12499,1469,1401,1636,1647,51,-11,54,-11,102,-59,255,-10,-138,6,-33,144
57676,521,-974,44,-49,604,-445,-3665,179,47,-11,0,20,13,427,6047,1077,34,0,13750,1506,1466,1683,1676,70,71,76,76,48,57,255,42,-20,6,-34,136
57726,337,-1286,-61,239,1043,2117,-1651,606,-3,11,0,0,26,429,6104,1075,35,0,14009,1542,1485,1683,1677,64,65,69,70,58,19,255,29,34,5,-34,136
57776,275,-822,149,172,1036,-1300,423,-186,-25,31,0,-3,17,428,6075,1076,30,0,14021,1441,1426,1635,1619,8,7,9,7,17,76,255,42,-2,5,-35,133
57826,259,-1407,-143,89,1149,-5938,-1224,1339,-49,7,0,-6,28,429,6104,1077,-47,0,15729,1622,1607,1740,1753,22,111,24,119,67,173,255,83,40,5,-36,143
57876,-125,-1232,-172,166,1072,-10516,-186,-1224,-44,15,0,-13,28,428,6075,1074,-25,0,15436,1587,1572,1731,1733,59,121,64,130,51,282,255,15,20,5,-37,148
57926,157,-1204,111,-216,1044,-2764,2132,-3,-17,14,0,3,22,429,6104,1064,-44,0,16118,1550,1526,1689,1680,55,99,58,105,0,180,234,35,14,5,-38,139
57976,-228,-894,24,-50,1563,2362,3902,911,-34,12,0,-10,18,427,6047,1061,-3,0,12711,1498,1498,1681,1656,32,93,34,99,16,135,255,33,13,5,-39,138
58026,-273,-925,-139,65,1277,-4840,2254,1400,-24,44,0,-10,27,428,6075,1072,37,0,12740,1479,1492,1629,1601,65,91,69,97,25,145,255,96,78,5,-39,141
58076,-672,-864,-233,76,847,-7525,-1224,2132,-41,64,0,-21,33,429,6104,1067,-15,0,15714,1639,1639,1737,1747,49,139,52,148,96,231,255,85,130,5,-40,145
58126,-649,-1038,196,8,858,-10028,-5252,1949,-69,71,0,-24,27,428,6075,1050,-39,0,15305,1533,1523,1678,1672,5,190,5,199,101,346,255,85,128,6,-40,144
58176,-1142,-1486,-17,-25,996,-9173,-6839,1888,-45,55,0,-28,37,429,6104,1046,-41,0,14040,1576,1526,1684,1678,17,198,18,207,94,231,255,89,238,7,-40,147
58226,-1278,-981,-23,25,770,-5328,-4703,2254,-94,35,0,-41,24,428,6075,1056,8,0,13826,1523,1544,1682,1664,81,175,85,185,146,352,255,58,144,7,-41,144
58276,-1125,-1042,-10,-85,871,-7952,-4886,2742,-50,61,0,-27,30,428,6075,1055,-9,0,13229,1628,1564,1705,1716,4,171,4,180,109,218,255,59,183,8,-41,145
58326,-993,-1113,52,-66,1406,-384,-5924,2010,-53,26,0,-27,23,428,6075,1064,48,0,13437,1439,1402,1590,1591,10,168,11,179,111,232,255,10,124,8,-42,145
58376,-830,-1295,83,-50,835,714,-797,1156,-54,-58,0,-24,9,429,6104,1042,12,0,14018,1502,1524,1629,1643,-3,170,-3,177,50,254,234,-81,70,7,-42,141
58426,-956,-1729,148,-112,1122,-4168,118,179,-11,-144,0,-16,0,428,6075,1067,56,0,12303,1532,1523,1631,1649,23,202,24,215,33,227,255,-77,72,6,-43,145
58476,-832,-1926,59,-104,832,-628,4512,2254,-19,-161,0,-16,0,428,6075,1054,37,0,13963,1526,1477,1603,1598,-16,102,-17,107,-86,120,255,-49,87,5,-44,147
58526,-664,-1813,38,28,1402,836,5123,2254,-42,-116,0,-20,8,427,6047,1065,-3,0,15732,1553,1555,1680,1648,55,181,58,193,-67,211,255,-13,115,5,-45,144
58576,-605,-1390,-176,31,1260,-1849,4696,301,-65,-47,0,-24,18,429,6104,1063,-5,0,13973,1590,1536,1691,1702,0,142,0,151,-16,161,234,-4,130,5,-46,144
58626,-718,-1187,164,-87,965,1507,-64,1705,-104,-6,0,-31,16,428,6075,1071,-13,0,14125,1575,1545,1679,1690,-13,176,-14,189,0,235,255,-16,190,5,-46,146
58676,-1062,-1818,235,-186,851,1873,2315,1949,-91,-79,0,-32,11,428,6075,1089,23,0,14916,1458,1445,1608,1612,-8,126,-9,138,-34,222,224,-90,155,4,-45,148
58726,-1179,-1465,-18,-36,1124,-2703,5428,1217,-31,-154,0,-26,-4,428,6075,1064,0,0,13581,1470,1506,1611,1617,-62,66,-66,71,-169,143,255,-116,79,4,-45,150
58776,-1080,-835,35,-119,1120,-4046,10372,911,2,-119,0,-16,-8,429,6104,1062,22,0,13680,1591,1560,1677,1662,-72,198,-77,211,-217,197,255,-91,30,3,-47,149
58826,-379,-428,-30,69,810,-689,8907,423,-22,-49,0,-12,0,428,6075,1061,-12,0,12733,1573,1521,1664,1670,-92,224,-98,238,-161,177,244,-65,62,3,-49,145
58876,-77,-772,93,18,1182,-1422,2376,1156,-66,-21,0,-14,7,427,6047,1069,-17,0,16254,1504,1483,1629,1629,-20,135,-22,144,-42,261,255,-41,66,3,-50,145
58926,-998,-815,8,-260,846,-1300,4024,1217,-23,-47,0,-16,5,428,6075,1057,-62,0,16722,1557,1594,1691,1693,41,76,43,80,-17,252,244,-85,70,2,-50,142
58976,-979,-496,82,-244,944,-3070,1278,606,-1,-46,0,-12,-2,428,6075,1040,-32,0,13423,1554,1476,1638,1653,50,128,52,133,-25,126,255,-76,-28,1,-51,145
59026,-73,68,60,120,988,408,4085,1339,8,26,0,-2,3,429,6104,1050,-85,0,18581,1643,1584,1734,1715,23,236,25,248,-42,160,255,-55,32,0,-53,135
59076,151,-185,160,-43,881,2484,-1224,-1163,-64,16,0,-9,2,428,6075,1069,29,0,12311,1518,1503,1661,1661,8,228,9,244,0,264,255,-72,31,0,-55,138
59126,341,-19,-63,225,1405,-6915,789,-736,-94,28,0,-15,7,428,6075,1053,22,0,14464,1471,1433,1592,1551,25,137,26,145,-8,189,244,24,82,0,-56,139
59176,-482,-239,-46,201,1231,-6671,2559,850,-72,87,0,-25,22,428,6075,1075,10,0,16142,1556,1543,1695,1679,27,64,29,69,-9,221,255,98,169,0,-56,141
59226,-1336,-55,-139,-59,1090,-6182,-1834,240,-71,130,0,-36,29,428,6075,1056,59,0,12686,1456,1429,1624,1606,63,203,66,214,85,291,255,86,172,0,-55,146
59276,-1106,-62,-276,-5,1062,-3619,-4947,-64,-70,151,0,-33,36,428,6075,1066,28,0,14757,1558,1570,1694,1695,53,148,56,158,85,196,255,137,181,1,-55,146
59326,-1487,-332,-171,-12,811,-4840,-9586,850,-70,178,0,-39,44,429,6104,1049,-8,0,14031,1549,1506,1689,1671,34,156,35,164,145,212,255,167,223,2,-55,148
59376,-1622,-1127,11,-76,1031,-2459,-8304,240,-88,111,0,-44,41,429,6104,1063,10,0,14495,1540,1540,1682,1680,56,92,59,97,147,207,244,94,217,4,-54,145
59426,-1598,-1092,-195,137,1306,-3070,-2872,-1346,-46,62,0,-39,34,429,6104,1051,9,0,13972,1521,1530,1681,1636,74,74,78,77,84,135,255,109,139,4,-53,147
59476,-1919,-1125,-206,183,1301,-5389,-2322,-369,14,59,0,-33,34,430,6132,1045,19,0,13083,1520,1499,1647,1647,14,60,14,63,96,96,255,158,165,6,-53,145
59526,-2185,-1873,84,-44,707,-3558,-5557,1094,-20,65,0,-41,43,428,6075,1057,-32,0,16478,1640,1613,1744,1756,-44,-38,-47,-40,48,-39,255,130,178,7,-51,149
59576,-1968,-1680,-55,-81,940,4193,-3055,-430,-20,26,0,-37,36,429,6104,1040,53,0,9572,1502,1451,1652,1642,10,34,11,35,34,-51,255,111,136,8,-49,143
59626,-1417,-1966,30,-34,752,1873,-2567,1583,-26,29,0,-29,39,429,6104,1054,-24,0,15032,1618,1565,1724,1685,39,28,41,29,0,-28,255,129,145,9,-49,143
59676,-1078,-2139,-253,38,1207,6024,2681,301,-55,26,0,-31,47,429,6104,1029,-60,0,17372,1551,1565,1714,1681,29,16,29,17,42,17,255,157,190,11,-47,144
59726,-1666,-2163,111,-118,1310,5047,1949,-125,-34,18,0,-35,40,428,6075,1035,-29,0,14489,1561,1571,1712,1698,28,-99,29,-102,8,-93,255,110,106,12,-45,149
59776,-1114,-2199,-16,118,1209,2423,4451,179,-12,-12,0,-24,37,428,6075,1057,-9,0,16445,1581,1536,1695,1674,23,-108,24,-115,0,-101,255,112,63,13,-43,148
59826,-1046,-2441,200,122,1120,5780,2254,1156,36,-55,0,-14,28,428,6075,1039,-12,0,15436,1510,1484,1641,1651,44,-124,46,-128,0,-205,255,31,0,13,-41,147
59876,-929,-2343,-45,-75,1041,5718,3292,-186,87,-119,0,1,18,427,6047,1046,28,0,10859,1549,1542,1680,1662,76,-17,79,-17,-48,-192,255,13,-54,12,-41,146
59926,-802,-1628,21,-93,1019,8709,8236,545,98,-65,0,6,16,428,6075,1045,18,0,13874,1554,1541,1662,1653,-13,-161,-14,-168,-110,-288,244,-16,-87,12,-41,149
59976,-69,-1462,173,-66,913,7061,2315,911,37,-83,0,7,5,428,6075,1047,6,0,15210,1547,1561,1664,1672,93,-117,98,-123,0,-221,255,-86,-154,10,-41,142
60026,-187,-1603,127,-142,857,5291,7503,2010,101,-114,0,19,3,427,6047,1044,20,0,14618,1535,1477,1641,1600,109,51,114,53,-29,-107,255,-26,-148,9,-42,148
60076,-232,-1240,13,65,1250,8282,10067,1278,130,-33,0,20,16,428,6075,1048,6,0,14323,1536,1505,1665,1616,41,-31,43,-32,-16,-185,255,12,-131,8,-43,145
60126,489,-508,131,239,958,10662,4757,1400,79,42,0,18,15,428,6075,1041,34,0,11453,1502,1454,1605,1601,49,-92,51,-96,8,-174,255,-48,-130,7,-43,142
60176,268,-603,27,-282,721,2972,-430,1522,69,-38,0,26,2,429,6104,1040,-22,0,16310,1633,1605,1704,1699,71,-14,74,-15,38,-57,255,-41,-182,6,-44,142
60226,597,-821,-52,-131,1127,4742,911,850,80,-10,0,28,13,429,6104,1059,-6,0,15371,1541,1506,1657,1635,49,-58,52,-62,33,-126,255,13,-163,6,-45,142
60276,752,-342,26,53,1013,6146,-1041,2620,33,74,0,18,20,428,6075,1056,5,0,13497,1591,1548,1675,1663,35,-78,36,-82,161,-59,255,32,-82,6,-46,139
60326,1122,-416,194,206,1217,2728,-8670,2437,-59,73,0,4,18,429,6104,1055,29,0,13511,1529,1451,1615,1615,128,0,135,0,258,-9,255,4,-28,5,-46,139
60376,950,-1124,-208,-208,1049,-2947,-5618,-64,-82,1,0,4,23,428,6075,1057,-30,0,17802,1586,1563,1705,1685,185,61,196,64,269,118,244,80,-6,3,-47,144
60426,540,-1582,-92,-77,1228,-6121,-7572,423,-81,47,0,-4,38,429,6104,1046,-41,0,15591,1564,1524,1665,1661,148,121,155,127,258,205,234,141,29,3,-48,147
60476,321,-1241,136,64,978,-2581,-4154,423,-112,114,0,-17,41,428,6075,1038,-18,0,14012,1561,1535,1671,1657,125,58,130,60,236,236,244,110,68,3,-48,146
60526,454,-1315,102,111,934,-4534,-7510,1217,-102,79,0,-14,36,429,6104,1057,-34,0,17850,1599,1545,1695,1695,164,99,173,105,261,219,244,88,52,3,-48,147
60576,-431,-1206,23,-71,1075,-9295,-4093,-186,-42,70,0,-14,34,428,6075,1046,8,0,14774,1528,1540,1708,1670,144,43,150,45,215,206,255,146,29,2,-49,145
60626,-274,-1313,140,192,1318,-3497,-2628,1033,-42,77,0,-16,36,428,6075,1061,61,0,13677,1458,1406,1568,1580,140,145,149,154,238,212,234,79,44,2,-50,148
60676,-907,-2195,114,-123,1055,-6182,-6290,1644,31,-34,0,-6,29,428,6075,1055,34,0,15961,1489,1503,1606,1632,173,159,183,168,217,200,255,79,-25,1,-52,149
60726,-1008,-2716,57,-28,888,-1300,545,-186,99,-63,0,2,34,428,6075,1033,-12,0,15013,1538,1493,1664,1659,106,178,110,184,77,171,244,87,-38,0,-54,144
60776,-1143,-2220,38,-8,1196,469,3597,-552,101,-10,0,0,37,428,6075,1043,4,0,15780,1585,1556,1702,1671,66,75,69,78,33,59,255,115,-16,1,-55,138
60826,-675,-1658,11,131,1230,2239,1339,-980,43,43,0,-5,38,429,6104,1056,73,0,11551,1434,1445,1588,1594,79,57,84,60,126,109,244,81,-13,1,-56,140
60876,-545,-2229,185,-95,1012,-5084,-3543,362,45,-27,0,1,30,428,6075,1058,49,0,14564,1498,1535,1619,1652,88,74,93,78,105,105,244,48,-82,0,-58,142
60926,-738,-2525,67,-15,772,592,118,240,112,-73,0,9,28,428,6075,1076,37,0,16218,1549,1488,1645,1642,80,144,86,155,33,42,255,27,-90,0,-59,137
60976,-451,-2144,-163,98,1160,5413,5428,850,116,-67,0,13,27,429,6104,1062,17,0,15046,1569,1509,1686,1674,88,136,93,144,8,-16,255,95,-44,0,-61,142
61026,-163,-1675,-98,186,1361,3765,2071,-308,18,54,0,-2,42,428,6075,1068,26,0,12874,1495,1479,1651,1634,69,9,74,9,42,0,255,129,39,0,-62,136
61076,-374,-1761,-24,-92,901,3521,-614,-614,-60,36,0,-17,39,428,6075,1042,-39,0,13361,1579,1567,1711,1701,164,49,171,51,151,109,244,121,107,0,-61,146
61126,-546,-1925,83,-80,614,-445,-2872,-3,-80,37,0,-23,38,427,6047,1053,-36,0,15597,1591,1576,1737,1714,90,43,95,46,106,67,255,129,70,0,-61,140
61176,-447,-1523,-279,142,1245,103,-1590,-2811,-58,71,0,-22,45,429,6104,1045,-4,0,13566,1491,1425,1615,1580,15,-12,16,-13,78,26,244,160,132,1,-61,146
61226,-367,-1770,29,260,1358,-1422,-1834,-491,-107,59,0,-31,42,428,6075,1032,-38,0,14765,1520,1531,1662,1667,139,114,144,118,194,219,255,92,149,1,-60,150
61276,-1190,-1564,14,-28,1187,-5633,-1834,-247,-44,31,0,-29,33,428,6075,1041,5,0,12810,1550,1498,1679,1665,41,146,43,152,76,95,255,99,97,1,-59,143
61326,-729,-1435,-168,90,1069,2301,911,-858,-31,67,0,-21,42,428,6075,1054,-9,0,15588,1565,1580,1699,1692,43,-30,46,-31,69,29,244,109,97,2,-59,142
61376,-1456,-2097,210,-235,560,2484,-2994,423,-31,11,0,-24,31,428,6075,1041,-53,0,16555,1630,1613,1739,1739,98,-22,102,-23,92,8,244,55,8,2,-58,143
61426,-1435,-1853,111,-45,1430,4864,2681,-2017,84,-24,0,-8,26,428,6075,1026,26,0,10692,1482,1345,1598,1565,91,109,94,112,38,-116,255,48,33,2,-59,145
61476,-352,-1870,132,-29,597,4986,3231,1766,-19,-28,0,-9,23,428,6075,1046,-18,0,13792,1595,1592,1711,1719,98,41,103,43,17,0,234,-31,-18,0,-59,142
61526,-493,-1910,242,-141,744,103,1033,118,35,-80,0,2,11,429,6104,1020,-29,0,14265,1555,1491,1695,1662,106,130,108,132,8,76,244,-33,-39,0,-60,142
61576,-36,-908,-7,134,846,4620,6649,-736,4,2,0,-3,17,429,6104,1024,-86,0,19407,1621,1586,1735,1687,103,8,105,9,0,33,255,-11,26,-1,-62,134
61626,95,-548,179,-70,729,-1177,1522,-797,-74,34,0,-11,11,428,6075,1030,19,0,11198,1526,1470,1659,1630,68,71,70,73,39,29,255,-17,15,-2,-62,139
61676,522,-116,-44,39,912,-6610,-1956,850,-102,103,0,-11,23,428,6075,1014,-17,0,12664,1582,1568,1730,1701,77,26,78,26,111,213,244,38,75,-2,-61,143
61726,-171,-788,84,-65,625,-7037,-6900,1156,-78,99,0,-15,30,428,6075,1021,0,0,13906,1551,1529,1704,1674,74,85,75,87,144,195,234,71,42,-2,-61,141
61776,-54,-529,-128,254,1145,-4107,-8060,-1285,-71,139,0,-19,38,428,6075,1036,50,0,12504,1518,1457,1617,1602,36,-57,37,-60,209,78,244,144,120,-1,-60,149
61826,-425,-1478,83,176,969,-9356,-10745,1461,-96,108,0,-29,45,428,6075,1016,-5,0,14829,1555,1589,1681,1687,65,-74,66,-75,243,146,234,128,105,0,-59,148
61876,-1012,-1599,73,73,1130,-8319,-6412,-736,-22,75,0,-23,41,427,6047,1030,25,0,14107,1522,1479,1631,1649,19,26,20,26,168,16,255,121,57,0,-58,143
61926,-1030,-1604,-106,43,1042,-1300,-7816,-430,5,87,0,-17,47,428,6075,1045,77,0,10249,1451,1431,1610,1591,18,-67,19,-70,128,-51,255,165,89,1,-57,146
61976,-585,-1915,-17,22,1076,-2154,-10684,301,-86,75,0,-28,48,428,6075,1028,-24,0,16543,1569,1551,1677,1682,23,-46,23,-47,155,48,244,130,115,3,-55,147
62026,-419,-2636,0,-38,998,-4718,-6290,-1651,-82,-45,0,-22,37,428,6075,1037,-66,0,17937,1574,1585,1738,1739,36,-25,37,-26,109,101,255,67,75,3,-54,146
62076,-579,-2309,-153,58,1177,1690,484,-2139,-49,-60,0,-21,31,427,6047,1042,15,0,14079,1550,1495,1690,1644,0,-60,0,-62,-51,-119,255,103,66,4,-52,145
62126,-301,-1825,-68,274,1228,-140,57,-3,-63,13,0,-22,36,428,6075,1039,20,0,14438,1496,1503,1654,1686,-70,-151,-73,-157,-17,-102,255,36,74,5,-51,145
62176,-804,-2512,78,177,959,-4962,-3665,179,17,-98,0,-14,23,430,6132,1057,12,0,17120,1553,1518,1679,1697,-47,-11,-50,-12,-50,-84,255,-20,-21,6,-49,147
62226,-376,-2089,-18,104,993,7000,4390,-1407,49,-105,0,0,16,428,6075,1044,-26,0,15070,1591,1546,1736,1727,-107,-140,-112,-147,-213,-256,255,-33,-44,6,-48,154
62276,-139,-1310,-276,48,950,6024,2010,-1163,39,-79,0,3,13,429,6104,1034,-7,0,12530,1561,1558,1732,1724,-100,-171,-103,-176,-170,-187,244,-98,-87,7,-47,152
62326,-51,-1176,191,-207,699,6268,1278,-2445,42,-99,0,12,-4,428,6075,1055,41,0,11573,1537,1470,1642,1647,-156,-118,-165,-124,-211,-270,255,-156,-129,7,-47,155
62376,-144,-1131,134,-214,1008,6817,4757,-1895,74,-107,0,15,-3,428,6075,1029,20,0,14314,1478,1456,1636,1625,-203,-168,-209,-173,-311,-294,255,-129,-105,8,-46,158
62426,-464,-944,-221,10,1077,6817,9151,-1102,113,-140,0,13,-6,428,6075,1077,51,0,14462,1569,1561,1722,1703,-167,-213,-180,-230,-312,-278,255,-168,-107,9,-45,157
62476,-382,-675,55,-91,1212,8160,10067,-3238,86,-142,0,11,-16,429,6104,1043,1,0,15085,1546,1551,1723,1688,-229,-113,-239,-118,-383,-291,255,-195,-141,9,-45,156
62526,-605,-424,-82,-119,605,6756,8541,-3970,128,-127,0,18,-14,428,6075,1032,-43,0,15991,1609,1613,1776,1762,-233,-191,-241,-198,-375,-314,234,-141,-144,10,-44,160
62576,-446,-454,-129,-81,775,4254,5916,-3665,88,-77,0,11,-3,428,6075,1031,-14,0,15035,1530,1497,1678,1676,-233,-96,-240,-99,-336,-269,255,-182,-93,11,-44,154
62626,278,-28,72,-56,1089,5657,3780,-2139,53,-84,0,16,-17,427,6047,1035,-31,0,16166,1552,1563,1723,1701,-132,-286,-137,-296,-228,-304,244,-157,-155,11,-43,155
62676,324,147,-75,55,1126,2239,4329,-2628,76,-57,0,19,-12,429,6104,1056,53,0,11574,1550,1503,1688,1708,-286,-224,-302,-237,-292,-275,244,-271,-183,12,-43,154
62726,652,4,16,7,350,2545,850,423,99,-114,0,30,-23,428,6075,1060,19,0,15496,1546,1527,1698,1689,-242,-161,-256,-171,-363,-219,255,-214,-172,12,-43,147
62776,25,-141,109,-50,1035,2117,4696,-552,129,-69,0,27,-13,429,6104,1050,-18,0,16177,1549,1484,1676,1671,-191,-65,-200,-68,-315,-153,255,-174,-104,13,-43,154
62826,147,250,146,124,1062,3826,5855,-64,63,-44,0,12,-15,428,6075,1061,9,0,14682,1520,1520,1659,1668,-242,-114,-256,-121,-284,-120,244,-186,-99,13,-43,151
62876,32,15,92,-109,603,-2947,3048,-2994,29,-51,0,10,-13,428,6075,1049,14,0,14101,1536,1493,1663,1670,-135,-143,-142,-150,-285,-142,255,-109,-54,14,-42,152
62926,-310,7,-88,344,1249,2178,5306,362,55,-33,0,0,-4,429,6104,1047,-32,0,14008,1627,1603,1734,1748,-254,-47,-266,-49,-286,-75,244,-175,-35,15,-42,147
62976,-226,484,73,244,1037,469,728,-614,122,-17,0,15,-13,428,6075,1051,-25,0,14739,1560,1512,1685,1676,-200,-72,-210,-76,-218,-52,255,-161,-105,15,-43,151
63026,-93,684,-89,102,1381,6024,4146,-308,100,0,0,16,-10,429,6104,1062,12,0,17200,1498,1461,1641,1632,-131,6,-139,6,-150,-66,244,-164,-86,15,-43,145
63076,149,440,-19,148,1100,3704,3841,-858,70,-43,0,13,-15,427,6047,1057,7,0,15981,1465,1500,1660,1651,-119,-6,-126,-7,-154,-29,255,-201,-130,14,-45,148
63126,-141,91,-128,-177,928,-4107,1583,-1041,76,-69,0,17,-12,428,6075,1065,50,0,12090,1526,1487,1660,1662,-155,30,-165,32,-182,-26,255,-160,-94,14,-46,151
63176,-152,263,-75,27,1234,2239,1949,789,54,-76,0,7,-18,428,6075,1062,31,0,14969,1465,1487,1627,1620,-87,120,-93,128,-92,83,255,-212,-28,13,-47,144
63226,-122,356,182,-121,1037,3277,4879,-369,25,-87,0,4,-26,429,6104,1059,6,0,13639,1576,1574,1724,1706,-60,50,-63,53,-106,115,255,-237,-43,12,-48,146
63276,-182,181,30,-109,1095,4925,6282,-797,29,-142,0,4,-31,428,6075,1049,68,0,10808,1413,1398,1594,1579,-61,95,-64,100,-95,86,244,-221,-75,10,-49,146
63326,-486,-357,19,-186,758,2178,2803,850,48,-140,0,5,-22,428,6075,1061,14,0,14571,1564,1564,1692,1691,-24,36,-26,38,-84,-16,255,-179,-69,9,-50,144
63376,119,-494,-28,-217,794,5169,4635,-675,9,-148,0,9,-19,428,6075,1062,-16,0,14989,1582,1547,1700,1705,48,206,51,219,-67,135,244,-173,-36,6,-53,145
63426,567,-495,30,-15,1106,3887,5123,-980,-26,-80,0,4,-7,429,6104,1051,-39,0,13601,1551,1530,1675,1670,0,150,0,157,-69,130,244,-92,-26,5,-54,141
63476,626,-737,-17,-1,1040,1690,3597,57,-78,-73,0,-4,0,428,6075,1059,-60,0,18370,1562,1551,1683,1695,-22,190,-23,201,0,320,255,-92,59,4,-56,140
63526,138,-904,18,131,1075,-4534,545,-2078,-74,-110,0,-14,-6,428,6075,1050,-7,0,13621,1537,1569,1683,1699,35,285,36,299,19,385,255,-114,9,3,-58,144
63576,286,-304,-151,196,1035,-7586,1705,-125,-28,-61,0,-3,-3,430,6132,1041,-53,0,18922,1571,1553,1718,1706,77,296,80,309,0,343,255,-47,112,1,-61,145
63626,-308,-141,-66,-168,994,-201,301,911,-145,36,0,-31,11,428,6075,1040,-4,0,14257,1522,1476,1674,1679,31,281,32,292,43,354,234,-24,176,0,-62,143
63676,-276,-16,-197,74,1090,-6182,-3909,240,-176,46,0,-40,12,429,6104,1045,27,0,14914,1569,1584,1686,1706,144,311,150,325,212,450,244,64,239,0,-64,147
63726,-1091,-1498,255,-182,880,-11309,-4520,728,-180,68,0,-50,34,428,6075,1050,-45,0,16754,1579,1569,1713,1723,126,287,132,302,223,541,255,102,284,0,-64,153
63776,-1927,-1801,302,-195,920,-8807,-2994,301,-168,14,0,-62,28,429,6104,1035,-38,0,15623,1608,1555,1716,1712,168,302,174,312,202,501,255,71,228,-1,-65,152
63826,-1647,-1139,-66,127,1065,-9356,1644,423,-92,27,0,-49,27,428,6075,1055,36,0,12216,1485,1416,1624,1597,182,393,192,415,143,472,255,77,258,-2,-66,149
63876,-1498,-1350,152,62,678,-6182,-797,2376,-140,42,0,-56,27,429,6104,1049,-23,0,17155,1592,1592,1728,1729,231,398,243,418,259,536,244,25,295,-4,-67,150
63926,-1591,-881,-205,-2,1228,-6182,-4093,545,-151,1,0,-58,19,428,6075,1048,35,0,12763,1524,1512,1657,1654,317,309,332,323,338,474,255,32,261,-6,-68,149
63976,-1288,-936,-161,66,1056,-15460,1461,1094,-152,41,0,-53,28,428,6075,1047,23,0,15500,1558,1585,1679,1672,280,334,293,350,268,537,255,173,284,-9,-70,152
64026,-1656,-1294,171,114,879,-16436,-3787,1644,-175,153,0,-65,49,429,6104,1037,-31,0,15457,1634,1596,1700,1734,239,394,248,409,402,565,244,183,319,-9,-71,155
64076,-1969,-1492,116,145,949,-8319,-11478,2742,-166,126,0,-70,48,428,6075,1048,32,0,12803,1510,1478,1632,1632,345,378,362,396,504,495,255,188,337,-12,-71,155
64126,-1912,-1295,-155,69,886,-8807,-9952,2681,-129,154,0,-60,56,428,6075,1045,58,0,12683,1512,1505,1646,1618,312,274,326,286,440,448,255,252,291,-12,-70,154
64176,-2256,-1873,-131,41,880,-12164,-8487,2376,-120,148,0,-64,65,429,6104,1044,-1,0,15998,1589,1584,1666,1664,368,287,385,299,530,402,255,281,303,-14,-71,155
64226,-2095,-2349,50,146,1077,-10333,-11051,1522,-125,158,0,-64,71,428,6075,1036,-75,0,16718,1634,1616,1711,1715,389,238,403,247,593,352,244,312,292,-14,-70,157
64276,-1834,-2854,155,144,713,-5023,-11112,1583,-153,129,0,-66,71,429,6104,1035,-21,0,14201,1623,1576,1704,1705,309,242,320,250,485,331,234,264,273,-15,-70,156
64326,-1611,-2282,-270,73,1098,-5267,-9891,1461,-110,116,0,-51,68,428,6075,1046,58,0,12606,1413,1415,1566,1523,341,141,356,148,436,270,234,305,214,-16,-70,155
64376,-2105,-2477,-76,199,1276,-6121,-8304,2376,-66,174,0,-53,79,428,6075,1029,20,0,12840,1612,1575,1667,1675,277,116,285,120,487,142,255,368,232,-16,-69,154
64426,-2075,-2764,-48,104,970,-8013,-16361,1400,-94,199,0,-57,88,430,6132,1040,32,0,13901,1598,1539,1650,1672,346,105,360,109,618,84,234,382,244,-15,-68,153
64476,-1552,-3182,-130,218,872,-1849,-15445,2498,-95,156,0,-51,89,428,6075,1038,-13,0,14636,1549,1517,1654,1649,290,-3,301,-3,502,48,234,366,204,-15,-66,153
64526,-1517,-3208,14,-38,774,-2520,-9281,1461,-100,129,0,-45,81,430,6132,1040,-33,0,13974,1671,1630,1743,1748,271,-10,282,-11,402,34,193,291,195,-15,-64,153
64576,-1866,-3106,3,-119,512,-2337,-7694,-125,-69,64,0,-42,67,429,6104,1031,0,0,14688,1570,1532,1647,1667,219,-131,225,-135,301,-106,214,233,37,-14,-62,152
64626,-1390,-3644,63,45,783,-1666,-6290,2742,36,7,0,-18,64,429,6104,1039,-16,0,14511,1546,1498,1642,1637,162,-24,168,-25,176,-88,234,247,35,-14,-61,148
64676,-1671,-3655,-163,101,1266,5474,-64,1644,82,-5,0,-15,66,428,6075,1030,-35,0,16831,1567,1545,1687,1687,23,-141,23,-145,25,-285,214,257,42,-12,-59,150
64726,-1510,-3247,-152,204,1324,8282,-125,606,53,50,0,-20,70,428,6075,1036,-31,0,16325,1598,1572,1699,1702,23,-206,24,-213,33,-288,224,250,65,-10,-57,150
64776,-863,-2396,46,-16,878,4315,-1529,-736,-36,90,0,-22,59,428,6075,1021,-61,0,16516,1602,1589,1723,1726,7,-337,7,-344,50,-384,244,146,-61,-8,-53,147
64826,-434,-1882,-77,8,1152,4742,-4825,728,76,66,0,6,47,428,6075,1024,15,0,12587,1528,1462,1646,1663,-52,-308,-53,-316,25,-451,224,126,-110,-7,-51,147
64876,-154,-1726,114,-106,659,11944,-2506,1217,38,67,0,7,40,428,6075,1039,96,0,10565,1487,1438,1620,1617,-18,-300,-18,-312,0,-443,255,22,-160,-5,-49,149
64926,21,-1831,-19,-102,754,11578,3109,1278,137,-49,0,29,23,428,6075,1039,29,0,13068,1538,1522,1670,1658,-31,-389,-32,-404,-78,-487,255,-13,-239,-5,-48,152
64976,58,-1571,106,-283,638,12982,9334,-1346,148,-67,0,38,11,432,6190,1010,-12,0,14354,1588,1528,1711,1685,-156,-360,-158,-364,-313,-592,244,-123,-286,-4,-47,158
65026,830,-970,14,-160,861,22320,10616,-614,166,-114,0,49,-5,428,6075,1024,-22,0,13110,1589,1523,1695,1679,-209,-368,-214,-377,-415,-677,255,-159,-346,-4,-47,158
65076,1384,-342,-95,-92,1272,13470,13851,-247,157,-81,0,56,-7,429,6104,1041,17,0,13838,1540,1498,1670,1631,-258,-396,-268,-412,-453,-598,255,-143,-362,-3,-47,158
65126,2094,268,64,168,1231,14813,14095,-552,80,-50,0,49,-14,428,6075,1011,-5,0,14059,1587,1536,1661,1670,-306,-368,-310,-372,-457,-585,244,-243,-350,-2,-46,156
65176,2062,184,167,-149,876,4925,7076,1461,109,-110,0,61,-28,428,6075,1031,15,0,13563,1536,1528,1667,1661,-237,-266,-244,-274,-416,-387,255,-272,-414,-2,-47,157
65226,1865,367,113,-30,1007,9747,12752,-125,166,-121,0,61,-29,428,6075,1027,-29,0,14921,1603,1510,1669,1650,-293,-316,-301,-324,-503,-599,255,-261,-383,-3,-48,159
65276,1847,1062,146,-5,1101,14385,11531,57,171,-20,0,66,-24,428,6075,1024,13,0,12917,1544,1457,1648,1615,-245,-290,-251,-297,-394,-487,255,-260,-327,-2,-48,156
65326,2141,1596,118,45,1057,15606,6649,-64,111,-16,0,58,-33,428,6075,1028,-4,0,13887,1544,1495,1640,1640,-296,-340,-304,-350,-384,-480,255,-301,-371,-2,-48,156
65376,1614,1166,-85,-265,781,2911,5001,-3,169,-86,0,69,-35,429,6104,1041,-4,0,15959,1638,1619,1758,1728,-247,-256,-257,-266,-354,-346,255,-268,-380,-2,-50,155
65426,1634,1109,-164,28,1281,8587,6649,-1590,137,-52,0,55,-27,428,6075,1035,33,0,12799,1566,1501,1655,1659,-307,-207,-318,-214,-346,-379,244,-251,-321,-2,-51,158
65476,1920,639,241,-135,888,7122,3231,789,79,-75,0,52,-31,428,6075,1030,13,0,14718,1531,1534,1628,1655,-233,-278,-240,-287,-277,-320,255,-294,-371,-2,-52,154
65526,1844,332,205,39,856,4254,3292,1156,147,-144,0,61,-39,428,6075,1056,50,0,12803,1571,1481,1642,1639,-251,-131,-265,-138,-359,-271,255,-330,-346,-3,-53,155
65576,1250,515,-16,-165,1204,7244,9395,1094,185,-164,0,61,-40,428,6075,1039,47,0,13072,1499,1449,1630,1607,-231,15,-240,16,-366,-144,255,-279,-292,-4,-57,154
65626,1367,836,-121,44,956,5108,9151,3048,112,-74,0,45,-26,429,6104,1028,-31,0,17829,1603,1552,1721,1694,-183,-5,-189,-6,-328,-67,255,-211,-219,-4,-59,151
65676,1439,1110,-163,45,1120,2972,4573,606,27,28,0,29,-10,429,6104,1024,-8,0,13395,1550,1461,1649,1618,-78,-6,-80,-6,-95,60,255,-114,-37,-4,-60,144
65726,1247,1090,5,4,1000,-3497,-1041,-1346,-125,68,0,-2,-5,428,6075,1030,-14,0,15999,1572,1565,1667,1669,-103,24,-106,25,-29,154,244,-106,-20,-4,-61,149
65776,679,732,-119,107,1097,-10028,-4520,1033,-64,71,0,-1,2,429,6104,1016,-24,0,16559,1570,1542,1680,1654,-72,198,-73,201,0,331,234,1,58,-4,-62,144
65826,261,345,-144,139,1369,-8502,-6412,-186,-125,127,0,-21,20,429,6104,999,-35,0,14453,1546,1514,1642,1659,-112,142,-112,142,26,288,244,-3,149,-3,-62,151
65876,-988,-522,-11,-229,482,-11065,-5313,-3,-116,16,0,-30,12,428,6075,1027,34,0,12767,1530,1558,1666,1664,-13,109,-14,112,9,360,234,-31,115,-2,-62,148
65926,-1746,-590,-66,-5,982,-5755,-3177,1033,4,-3,0,-29,10,428,6075,1013,51,0,11533,1558,1477,1617,1608,-45,262,-46,265,0,261,234,-22,128,-2,-63,145
65976,-1403,-467,-99,73,1091,-3985,-3665,1400,-17,41,0,-29,18,428,6075,1021,36,0,14212,1513,1462,1604,1576,-59,260,-60,265,17,326,255,69,178,-1,-65,148
66026,-1078,-202,-21,48,921,-9112,-7755,667,-110,119,0,-41,27,428,6075,1014,-61,0,17323,1638,1607,1716,1725,-46,333,-47,337,105,462,244,69,217,0,-65,149
66076,-665,-738,-28,318,1128,-15887,-9158,-308,-175,86,0,-51,30,428,6075,1003,-42,0,16013,1563,1487,1639,1643,-28,297,-28,298,127,466,244,33,310,0,-65,151
66126,-928,-1070,39,-101,895,-11859,-6290,-308,-224,19,0,-58,21,429,6104,1015,-36,0,15051,1603,1607,1724,1711,-3,381,-3,386,51,657,244,18,272,0,-66,148
66176,-1202,-708,-153,117,1176,-13568,-3909,118,-183,26,0,-59,20,429,6104,993,6,0,12228,1547,1487,1644,1623,-95,307,-94,304,16,496,255,72,344,1,-67,148
66226,-1383,-913,-97,247,1270,-13751,-4886,-369,-237,50,0,-74,27,429,6104,1007,-36,0,17858,1606,1593,1697,1713,-37,349,-38,351,59,633,255,27,401,2,-66,151
66276,-2488,-1808,4,-229,735,-16253,-3848,606,-203,-57,0,-77,20,429,6104,992,-48,0,17674,1551,1598,1712,1694,58,353,57,350,-8,679,255,10,347,2,-66,147
66326,-3330,-1647,72,15,1078,-9844,4512,850,-67,-66,0,-72,15,427,6047,989,13,0,12345,1572,1475,1657,1649,-68,387,-67,383,-134,428,255,2,343,2,-67,146
66376,-2682,-1741,97,-110,813,-3924,1217,2742,-96,-49,0,-63,18,429,6104,995,-46,0,17375,1610,1596,1736,1743,-29,221,-29,220,-67,363,255,-38,277,3,-66,150
66426,-2536,-1825,183,8,1232,-4473,6893,-736,-40,-116,0,-53,6,428,6075,994,14,0,13666,1486,1487,1646,1623,12,332,12,330,-120,490,255,-81,208,2,-66,147
66476,-2764,-1112,-106,4,1013,-2154,9578,-3,45,-126,0,-40,-2,429,6104,984,21,0,14715,1495,1465,1612,1600,-93,286,-91,282,-194,211,255,-76,166,2,-68,148
66526,-1881,-466,-11,119,1405,-2764,7320,-552,-39,-45,0,-42,0,429,6104,1003,51,0,12893,1521,1455,1624,1622,-85,227,-85,228,-185,227,255,-111,211,2,-68,151
66576,-1685,-377,12,-164,749,-4962,2987,-125,-78,-68,0,-40,-7,429,6104,1002,7,0,13659,1562,1564,1681,1691,22,233,22,233,-103,317,255,-158,172,1,-68,148
66626,-1896,-652,190,-200,883,-2215,6343,-430,-17,-124,0,-32,-17,427,6047,995,1,0,15860,1513,1490,1663,1645,-2,200,-2,199,-144,247,255,-183,99,0,-69,149
66676,-1892,-156,-91,-72,1012,8526,10921,-1468,18,-98,0,-29,-14,428,6075,998,45,0,12746,1521,1493,1640,1607,-73,134,-72,133,-231,38,255,-124,64,-1,-70,151
66726,-980,195,-36,-19,1136,-18,8419,-552,-34,-22,0,-24,-6,428,6075,1007,42,0,14158,1532,1524,1636,1642,-54,-18,-54,-18,-102,-17,255,-104,69,-1,-70,148
66776,-816,-157,231,64,1155,-3070,4635,-1346,-41,-12,0,-23,-3,426,6019,993,-37,0,16076,1582,1562,1670,1688,0,-15,0,-14,0,34,255,-104,13,-3,-69,143
66826,-1294,-401,105,72,798,3216,2559,-125,77,-51,0,-9,-5,428,6075,1008,-45,0,15596,1648,1608,1745,1732,42,44,43,45,-25,-25,255,-109,-15,-4,-69,144
66876,-884,-185,-19,-84,1008,13714,5306,-675,80,-33,0,0,-2,428,6075,1014,14,0,12687,1497,1424,1631,1602,31,18,31,18,-19,-147,255,-85,-63,-6,-70,144
66926,-187,107,-17,-46,943,5718,4207,362,31,-7,0,3,-2,428,6075,1040,119,0,11198,1471,1472,1584,1570,9,-128,9,-134,0,-128,255,-104,-83,-7,-70,141
66976,147,276,-192,-56,1100,5352,6160,-308,2,-22,0,3,-5,428,6075,1033,36,0,17544,1537,1576,1665,1652,32,-157,34,-162,0,-115,255,-111,-131,-9,-70,145
67026,137,791,8,-146,715,1507,3231,-1041,47,34,0,15,-7,429,6104,1029,41,0,11629,1564,1537,1676,1655,37,-96,38,-99,17,-102,255,-94,-157,-10,-70,143
67076,622,284,138,-16,606,4803,-1407,-491,18,46,0,14,0,427,6047,1011,-31,0,16877,1638,1608,1704,1699,67,-175,67,-177,102,-204,255,10,-128,-12,-70,146
67126,530,-662,-97,27,1000,-3131,-5069,484,14,56,0,12,24,429,6104,1000,-118,0,20320,1629,1628,1755,1719,217,-56,217,-56,242,-19,255,112,-95,-12,-70,148
67176,52,-1153,-11,-62,1240,-4473,-4459,-675,-4,109,0,1,42,426,6019,1015,-82,0,15067,1613,1562,1715,1699,173,-89,176,-90,292,-175,255,139,30,-13,-69,149
67226,-338,-1370,-206,84,1195,-4351,-4947,-2506,-45,96,0,-16,46,428,6075,1013,-6,0,12541,1511,1518,1667,1645,230,-226,233,-229,307,-196,255,190,34,-13,-68,155
67276,-540,-1215,-104,312,1148,-3619,-8609,545,27,120,0,-9,46,428,6075,999,-10,0,14618,1562,1563,1674,1702,173,-204,173,-204,371,-135,244,121,-82,-14,-66,154
67326,-265,-1746,26,-173,1079,775,-8853,-1468,91,54,0,16,40,429,6104,1007,-46,0,18051,1548,1538,1690,1663,296,-247,298,-249,402,-245,255,156,-161,-15,-65,154
67376,35,-1706,-140,-100,963,7244,-4276,-675,104,64,0,22,45,428,6075,1011,-34,0,16460,1679,1649,1766,1775,278,-230,281,-233,346,-336,255,148,-180,-16,-64,154
67426,527,-1854,222,-74,1020,9625,-6351,-2994,102,51,0,30,38,428,6075,1011,55,0,10421,1445,1403,1599,1616,206,-245,209,-247,335,-369,244,118,-214,-17,-63,154
67476,240,-1605,-38,-235,859,6695,-5435,301,80,60,0,25,41,431,6161,1037,29,0,15866,1603,1598,1717,1690,269,-221,279,-229,336,-319,244,195,-157,-18,-62,151
67526,-275,-1785,69,50,700,2301,-4459,-2994,128,101,0,19,49,429,6104,1016,48,0,11238,1487,1516,1674,1645,256,-365,261,-372,328,-366,234,182,-177,-19,-61,153
67576,-136,-1549,47,-46,1019,5596,-3970,-64,149,105,0,27,47,428,6075,1018,27,0,15332,1548,1520,1640,1634,203,-328,206,-334,327,-378,244,111,-247,-20,-60,153
67626,-149,-1772,165,-73,923,9075,-5252,667,203,33,0,38,34,427,6047,1027,-20,0,17912,1567,1581,1663,1674,245,-280,252,-288,339,-382,255,116,-250,-21,-60,153
67676,-126,-2149,45,-148,1346,7611,-1895,-1407,206,39,0,40,45,429,6104,1016,-17,0,15669,1574,1511,1684,1675,190,-130,193,-132,182,-383,244,140,-203,-22,-60,156
67726,359,-1579,23,-9,667,15301,-675,-552,150,88,0,35,45,428,6075,1015,19,0,13337,1496,1442,1615,1612,151,-183,154,-186,176,-378,255,146,-225,-22,-60,150
67776,455,-1792,115,-250,793,9808,-2933,301,94,71,0,32,43,429,6104,1016,-6,0,15217,1549,1527,1681,1670,239,-265,243,-269,266,-395,255,208,-218,-22,-58,151
67826,405,-1844,-103,312,1126,6268,-3360,728,122,106,0,25,55,428,6075,1019,-13,0,15243,1548,1525,1655,1647,144,-191,147,-194,224,-331,234,191,-154,-22,-58,155
67876,581,-1703,124,60,1175,6329,-2445,57,81,115,0,25,51,427,6047,1011,-77,0,17928,1635,1609,1738,1721,187,-231,189,-233,245,-312,255,190,-169,-22,-57,151
67926,341,-2023,-167,122,1349,3765,-1224,-1590,82,105,0,20,59,428,6075,1033,48,0,14576,1513,1413,1633,1604,180,-116,186,-120,189,-327,255,217,-90,-22,-57,154
67976,345,-1483,-43,29,759,2423,-1529,789,18,125,0,8,52,429,6104,1021,6,0,15229,1499,1548,1658,1633,168,-100,172,-102,202,-75,255,211,-132,-21,-56,147
68026,310,-1997,-51,83,1094,-5694,-5985,1827,45,130,0,13,62,429,6104,1003,-84,0,18586,1628,1613,1705,1709,158,-84,158,-84,287,-84,255,266,-69,-20,-56,150
68076,-174,-2337,-130,104,1179,-2337,-9647,-308,35,123,0,2,67,428,6075,1025,-5,0,13042,1564,1546,1677,1675,143,-45,147,-46,300,-102,244,239,-2,-19,-56,151
68126,32,-2179,-251,7,1133,-2703,-7205,789,-29,80,0,-5,58,428,6075,1007,43,0,12692,1475,1459,1584,1567,138,-113,139,-114,226,-67,255,170,-24,-19,-55,149
68176,-70,-1868,-107,-34,993,-8135,-7572,850,-2,68,0,0,48,428,6075,1035,40,0,14052,1597,1579,1652,1674,56,-22,58,-23,186,33,234,167,-40,-18,-56,144
68226,341,-2094,-76,305,926,-5877,-10318,3780,-22,44,0,-4,46,428,6075,1023,23,0,12173,1620,1576,1666,1673,34,118,35,120,180,146,255,137,-11,-17,-57,148
68276,128,-2133,87,82,1057,-5511,-6717,911,-13,59,0,-1,47,429,6104,1023,-29,0,19283,1562,1558,1653,1658,-31,99,-32,101,143,193,255,123,18,-16,-57,146
68326,-398,-2715,144,-82,833,-994,-5557,2315,-19,-14,0,-8,41,429,6104,1026,23,0,10438,1513,1525,1617,1641,-33,33,-34,34,93,169,255,78,29,-14,-58,145
68376,-1018,-2872,211,-99,743,-3314,-4520,3963,27,-85,0,-9,28,428,6075,1032,-35,0,16336,1619,1555,1666,1675,-9,31,-9,32,34,68,244,-11,2,-14,-58,144
68426,-754,-2460,-35,-70,1148,6573,3048,911,54,-167,0,-1,11,428,6075,1013,-1,0,12719,1546,1537,1625,1631,-36,80,-37,81,-92,50,244,-94,-30,-14,-59,146
68476,-271,-1406,-17,-135,965,-933,4207,1094,34,-134,0,4,-1,427,6047,1030,3,0,14655,1623,1593,1676,1686,-135,60,-139,62,-210,50,255,-107,-74,-14,-61,149
68526,230,-1158,32,87,935,347,4512,2010,-4,-96,0,1,0,428,6075,1045,23,0,12585,1619,1545,1675,1680,-198,180,-207,188,-251,86,244,-95,-9,-14,-63,143
68576,438,-1292,124,-149,827,1934,2926,911,-67,-83,0,-2,3,427,6047,1024,-21,0,17546,1548,1554,1664,1667,-241,180,-247,184,-295,219,255,-107,22,-12,-65,151
68626,23,-1678,137,-39,817,225,10250,-186,-64,-166,0,-11,-5,429,6104,1016,-65,0,16791,1598,1585,1660,1676,-257,166,-261,169,-371,228,255,-156,40,-11,-66,153
68676,-204,-1116,134,-166,808,1080,6954,-980,-59,-172,0,-11,-17,428,6075,1021,-40,0,15840,1588,1513,1672,1673,-282,283,-289,289,-458,220,255,-272,15,-10,-69,157
68726,468,170,-178,162,1199,3399,8114,301,-57,-165,0,-6,-32,428,6075,1041,33,0,14143,1495,1481,1607,1590,-318,194,-331,202,-502,255,255,-268,48,-10,-70,152
68776,385,266,11,272,993,-7159,8907,-491,-128,-148,0,-23,-33,428,6075,1026,8,0,14261,1558,1522,1626,1638,-456,143,-468,147,-598,251,255,-319,123,-8,-72,152
68826,246,201,169,139,974,-10577,10189,-858,-178,-195,0,-33,-45,430,6132,1021,-40,0,15163,1649,1619,1719,1747,-422,290,-430,296,-557,444,255,-345,163,-8,-72,157
68876,-103,378,163,26,656,-12469,11409,-1041,-185,-212,0,-38,-53,429,6104,1062,55,0,11491,1607,1564,1708,1696,-207,253,-220,269,-484,374,224,-382,152,-9,-74,157
68926,-69,1204,-155,59,797,-8197,12447,-186,-149,-153,0,-31,-47,428,6075,1048,93,0,11171,1461,1418,1594,1553,-366,431,-384,452,-642,603,214,-316,186,-8,-76,156
68976,-758,932,-101,20,681,-14788,10616,-369,-163,-136,0,-45,-39,430,6132,1043,28,0,14842,1592,1593,1679,1681,-369,391,-385,408,-467,594,255,-299,264,-7,-78,157
69026,-1165,926,35,13,820,-16925,7625,972,-166,-108,0,-52,-38,428,6075,1054,7,0,14150,1626,1618,1757,1737,-342,351,-361,370,-487,605,255,-277,248,-7,-79,153
69076,-1544,619,16,31,1331,-11859,9151,301,-135,-103,0,-54,-31,428,6075,1041,1,0,16975,1553,1537,1646,1647,-383,204,-399,212,-481,414,255,-255,254,-5,-80,154
69126,-1822,117,195,42,929,-9051,9639,-247,-104,-163,0,-53,-38,428,6075,1052,-27,0,16615,1603,1599,1689,1717,-327,189,-344,199,-425,366,255,-303,214,-5,-79,156
69176,-2332,20,154,-175,1003,-9234,7137,-125,-24,-186,0,-42,-40,429,6104,1027,-52,0,14997,1561,1549,1697,1676,-253,294,-260,302,-486,384,255,-345,182,-5,-80,157
69226,-1997,1095,-90,336,1384,-1116,10311,-1529,1,-177,0,-40,-52,427,6047,1032,26,0,11669,1559,1546,1670,1678,-304,277,-313,286,-473,202,255,-368,144,-5,-81,157
69276,-1253,1057,5,254,1077,-2093,10189,-1102,-45,-141,0,-35,-46,429,6104,1040,0,0,15431,1536,1550,1679,1664,-225,238,-234,247,-361,284,255,-322,185,-6,-82,156
69326,-1281,1370,-95,43,1079,-6365,7625,-1712,-94,-136,0,-41,-49,428,6075,1036,15,0,14234,1500,1482,1620,1632,-160,199,-166,206,-298,324,255,-353,186,-7,-82,157
69376,-1477,987,-84,-55,696,-8502,7930,-64,-86,-174,0,-41,-49,428,6075,1046,34,0,13245,1567,1576,1679,1692,-107,139,-112,145,-328,219,255,-343,145,-10,-82,155
69426,-1965,435,-5,-200,743,-7098,8968,-2384,-6,-166,0,-30,-40,429,6104,1028,-28,0,14561,1580,1567,1706,1694,-124,91,-128,93,-272,85,255,-235,102,-11,-82,154
69476,-1905,133,-12,368,1549,1385,7320,-919,40,-112,0,-30,-23,429,6104,1050,38,0,13356,1535,1459,1621,1620,-106,-26,-111,-27,-145,-111,255,-137,131,-12,-81,156
69526,-1541,480,-58,174,921,4132,1766,-1285,30,-1,0,-25,-7,428,6075,1042,12,0,13345,1540,1554,1671,1667,30,-71,32,-74,0,-16,255,-102,112,-13,-79,145
69576,-1541,-206,-26,-164,755,775,-2750,-2017,1,-51,0,-22,-6,429,6104,1037,-12,0,14894,1573,1542,1667,1711,12,-123,13,-128,25,-205,255,-112,1,-14,-76,150
69626,-1152,-1051,125,-103,499,4803,-3848,-980,65,-93,0,-3,-5,428,6075,1047,-2,0,14935,1597,1567,1682,1684,57,-134,60,-141,51,-256,255,-81,-49,-15,-76,151
69676,-1166,-1290,-134,146,1130,5413,1583,1033,117,-117,0,0,2,428,6075,1031,-24,0,14808,1598,1573,1701,1683,50,-226,52,-233,16,-336,255,39,-47,-16,-74,151
69726,-793,-1279,-17,210,1206,3826,-614,-491,50,12,0,-7,25,429,6104,1035,1,0,14208,1532,1473,1616,1625,113,-179,117,-185,145,-342,255,89,28,-17,-73,148
69776,-524,-809,74,-142,918,7061,-6717,-491,-17,98,0,-10,31,429,6104,1049,11,0,15085,1577,1529,1676,1690,261,-301,273,-315,388,-340,255,131,-20,-18,-70,152
69826,134,-1290,132,-11,842,6146,-13065,850,-9,97,0,0,38,427,6047,1038,-1,0,13532,1464,1427,1583,1604,250,-283,259,-294,439,-329,255,147,-65,-19,-68,149
69876,294,-1970,-171,-41,1159,1751,-8853,118,9,37,0,7,44,428,6075,1048,-40,0,17412,1598,1590,1689,1702,349,-297,365,-311,475,-314,255,239,-115,-20,-65,151
69926,249,-2447,-29,-76,932,-18,-9403,-1224,9,75,0,8,58,428,6075,1029,-81,0,15465,1597,1552,1680,1700,335,-251,345,-258,519,-372,255,280,-104,-21,-64,150
69976,88,-2047,153,-116,1326,8343,-10684,-1895,63,168,0,15,66,427,6047,1054,55,0,10146,1526,1476,1639,1664,392,-248,414,-262,627,-326,255,270,-156,-22,-62,155
70026,542,-2490,241,-109,878,9991,-13126,-64,72,103,0,25,58,429,6104,1035,14,0,15470,1476,1434,1577,1590,479,-341,496,-353,693,-476,255,245,-233,-24,-61,153
70076,247,-3017,128,-197,831,9136,-9219,-1468,168,33,0,42,56,428,6075,1052,12,0,14280,1568,1562,1685,1690,532,-344,560,-361,641,-479,244,215,-286,-27,-60,154
70126,186,-3264,211,-315,771,11700,-6351,-919,200,-28,0,50,46,430,6132,1050,-8,0,17578,1525,1494,1644,1667,443,-327,465,-343,541,-592,234,171,-373,-29,-61,155
70176,360,-3379,-71,82,1014,16644,-3055,484,289,-96,0,61,42,428,6075,1052,-9,0,15961,1534,1522,1621,1671,408,-259,429,-272,405,-632,244,164,-389,-33,-62,153
70226,369,-3402,11,31,1041,14385,-919,-2506,303,-47,0,65,50,428,6075,1057,-4,0,13889,1591,1543,1697,1709,349,-348,368,-367,343,-687,244,243,-362,-34,-62,153
70276,1020,-2520,-140,142,1020,19390,423,-858,202,98,0,54,67,429,6104,1057,30,0,11416,1583,1484,1678,1677,358,-264,379,-279,430,-480,255,277,-230,-35,-61,154
70326,1471,-1703,-127,20,964,14324,-6961,-1956,85,157,0,41,63,428,6075,1046,-37,0,18102,1572,1581,1706,1731,438,-312,458,-326,611,-365,255,274,-268,-36,-61,156
70376,1668,-1882,109,-233,1124,4681,-7572,-3360,62,179,0,46,66,428,6075,1039,-24,0,14751,1519,1495,1652,1681,443,-190,460,-197,565,-299,255,252,-307,-39,-61,157
70426,1402,-1961,25,-270,1189,6756,-8914,-1468,112,149,0,51,63,428,6075,1058,20,0,13156,1553,1488,1645,1669,343,-175,363,-185,514,-371,255,269,-298,-40,-62,156
70476,1811,-1867,15,357,1199,8831,-5618,-369,79,183,0,41,69,430,6132,1039,1,0,12345,1543,1498,1642,1672,311,-201,323,-209,449,-259,244,279,-212,-41,-63,152
70526,1669,-1754,-6,110,915,-4290,-7510,-1956,7,196,0,29,70,429,6104,1063,46,0,12824,1537,1495,1646,1651,372,-89,395,-95,487,-67,244,300,-166,-42,-63,150
70576,1344,-1679,-107,49,1123,-1544,-7510,-1773,-2,216,0,22,74,429,6104,1048,34,0,14560,1522,1489,1631,1646,340,0,357,0,489,0,244,372,-99,-42,-65,146
70626,1141,-2000,62,56,875,-8074,-12698,-675,-71,297,0,5,92,428,6075,1043,-24,0,15257,1603,1540,1677,1698,283,55,295,57,494,76,255,434,-31,-42,-66,147
70676,1122,-2317,-86,179,1114,-13079,-13980,-1529,-108,316,0,-3,104,428,6075,1038,-7,0,13388,1582,1530,1682,1700,317,48,329,50,555,256,255,449,84,-40,-66,154
70726,163,-2817,35,42,826,-7220,-12698,-186,-106,227,0,-18,93,428,6075,1050,27,0,12624,1578,1562,1703,1714,275,98,289,103,464,280,255,361,75,-40,-66,149
70776,-606,-2804,-28,-136,1040,-3070,-9036,911,-9,193,0,-9,88,428,6075,1047,14,0,14517,1529,1464,1646,1611,272,239,285,250,415,237,255,354,66,-38,-68,150
70826,-223,-2425,-256,-67,1032,1080,-4031,1888,-40,187,0,-10,85,427,6047,1051,10,0,14058,1534,1533,1661,1666,246,168,259,177,374,280,255,357,66,-37,-69,152
70876,-588,-2694,56,-18,1217,-8990,-10684,850,-53,195,0,-20,85,427,6047,1043,-8,0,16680,1529,1519,1639,1641,127,166,132,173,298,298,255,283,113,-35,-70,152
70926,-949,-2959,-154,47,1048,-1849,-5008,545,-37,54,0,-25,66,429,6104,1044,-11,0,14257,1511,1515,1600,1631,95,135,100,141,214,282,255,199,103,-34,-70,151
70976,-1829,-3603,244,-166,940,-3131,362,1522,20,-46,0,-24,49,428,6075,1038,-68,0,15704,1638,1640,1717,1737,43,264,45,274,0,247,255,102,52,-33,-73,147
71026,-1896,-3185,341,-39,1179,5841,3292,1827,114,-89,0,-10,33,428,6075,1068,49,0,12813,1429,1340,1532,1511,49,238,52,255,-87,154,255,46,48,-34,-74,148
71076,-921,-2116,-38,82,997,7000,6954,2254,-2,-62,0,-19,26,428,6075,1044,-48,0,18312,1628,1622,1699,1706,-80,217,-84,227,-163,249,255,33,94,-32,-77,148
71126,-609,-1752,0,-41,1208,-10272,5184,-3,-94,-27,0,-28,26,429,6104,1044,55,0,9810,1539,1514,1608,1638,-210,256,-219,267,-239,385,255,0,133,-31,-78,149
71176,-456,-1743,21,77,1032,-11492,4085,1888,-112,-69,0,-31,17,427,6047,1047,-34,0,18177,1688,1655,1734,1763,-209,265,-219,277,-261,405,255,-72,154,-29,-80,156
71226,-697,-1687,68,280,1210,-7281,6588,-3,-102,-104,0,-36,8,430,6132,1045,-14,0,15679,1489,1469,1609,1615,-220,262,-230,274,-366,444,244,-100,214,-28,-80,155
71276,-1361,-1939,224,-192,950,-4229,12813,667,-129,-178,0,-45,-4,429,6104,1052,6,0,12513,1501,1526,1641,1646,-358,200,-376,211,-598,405,255,-211,158,-27,-81,158
71326,-2053,-1500,129,-18,1040,-6243,16842,1217,-5,-259,0,-36,-26,429,6104,1031,-41,0,16778,1614,1566,1681,1682,-342,327,-353,337,-632,362,234,-275,151,-26,-82,160
71376,-2305,-783,40,-202,984,2117,20137,-369,51,-246,0,-26,-34,427,6047,1029,-20,0,13326,1573,1556,1699,1692,-312,386,-321,398,-649,269,244,-333,132,-25,-85,157
71426,-1563,384,28,-241,1251,1751,16964,-1590,-39,-165,0,-32,-39,428,6075,1052,-9,0,16114,1546,1440,1644,1628,-376,377,-396,396,-662,239,244,-334,159,-25,-87,158
71476,-491,876,128,49,761,958,13485,-1163,-160,-138,0,-42,-45,428,6075,1030,-40,0,15876,1556,1576,1687,1707,-321,265,-331,273,-539,430,244,-377,180,-25,-89,156
71526,-881,1455,216,114,780,-9295,10555,-64,-111,-107,0,-40,-52,427,6047,1038,-14,0,13307,1588,1512,1705,1680,-380,447,-395,464,-634,527,224,-378,221,-25,-90,158
71576,-531,2253,-228,66,973,-5633,8297,-1407,-203,-43,0,-51,-43,429,6104,1030,5,0,13183,1508,1446,1654,1630,-338,258,-348,266,-485,485,234,-290,309,-25,-91,156
71626,-842,1686,30,169,1062,-12347,7076,423,-230,-16,0,-63,-33,429,6104,1029,-20,0,15954,1489,1530,1652,1638,-262,260,-270,267,-372,634,224,-268,308,-25,-90,157
71676,-1561,1264,0,43,999,-11370,5367,-2078,-175,-38,0,-62,-29,428,6075,1066,47,0,12017,1521,1510,1665,1643,-286,312,-305,332,-360,532,214,-221,315,-25,-91,156
71726,-2418,722,-163,-24,997,-15093,4451,-858,-161,-55,0,-73,-20,427,6047,1047,33,0,14533,1534,1516,1632,1632,-260,348,-273,365,-300,493,244,-164,351,-24,-91,158
71776,-2848,118,-41,-123,636,-17779,2864,-1407,-154,-24,0,-76,-5,429,6104,1042,-7,0,14918,1609,1574,1694,1691,-236,209,-246,218,-295,422,244,-95,383,-23,-90,157
71826,-2991,69,113,206,1052,-8319,1278,-797,-106,16,0,-77,0,427,6047,1062,29,0,13883,1568,1535,1656,1664,-247,290,-262,308,-254,438,255,-111,389,-22,-88,153
71876,-2946,-238,201,48,736,-5755,789,-552,-98,-12,0,-72,-3,429,6104,1049,2,0,12664,1536,1490,1661,1641,-195,150,-205,157,-186,253,255,-60,312,-20,-86,151
71926,-2976,-922,-101,48,962,-7037,-186,362,-71,-41,0,-67,10,428,6075,1064,-16,0,15549,1635,1607,1745,1732,-79,235,-84,250,-126,295,255,-4,324,-19,-85,151
71976,-3171,-960,-192,-113,934,-5755,-308,-1163,-99,3,0,-73,21,429,6104,1059,8,0,12924,1531,1531,1662,1656,-91,133,-96,141,-68,154,255,13,324,-18,-84,150
72026,-2611,-1198,285,145,919,-2825,-6961,301,-98,-7,0,-69,13,429,6104,1058,5,0,15153,1464,1455,1598,1623,-86,2,-91,2,8,68,255,-49,271,-17,-81,143
72076,-2293,-1429,103,103,978,-2154,-5069,362,-38,-74,0,-50,8,428,6075,1064,-7,0,14422,1585,1535,1666,1675,1,-13,1,-14,-8,25,255,17,187,-17,-79,144
72126,-2381,-2385,-19,11,1060,-1544,-1102,179,-4,-78,0,-43,26,428,6075,1048,-32,0,16457,1600,1548,1690,1696,-9,-13,-10,-14,-17,-85,255,80,176,-16,-77,150
72176,-2287,-2352,-34,55,1210,775,-3116,-1346,-29,-49,0,-47,32,428,6075,1066,-19,0,14477,1590,1565,1699,1721,-10,-73,-11,-78,8,-176,244,15,161,-16,-74,151
72226,-1789,-1529,98,-87,888,1751,-1834,-1895,-16,-77,0,-33,9,428,6075,1049,-5,0,15416,1486,1510,1642,1658,-59,-237,-62,-248,8,-201,255,-51,18,-15,-72,151
72276,-1006,-1533,189,96,1018,5780,-3055,1461,87,-58,0,-2,11,428,6075,1063,30,0,12776,1563,1458,1630,1649,-5,-235,-5,-249,25,-371,255,-38,-63,-16,-70,150
72326,-839,-1173,-15,-104,1186,11334,-1956,1033,101,-46,0,6,11,429,6104,1052,15,0,14650,1551,1507,1667,1682,-35,-239,-37,-252,0,-425,255,-27,-112,-16,-69,154
72376,-109,-1280,-12,47,1053,10357,-980,118,75,-60,0,11,10,429,6104,1064,35,0,14223,1547,1489,1656,1675,-36,-252,-38,-268,0,-414,255,-74,-138,-16,-67,150
72426,184,-900,29,-158,820,6573,1705,-186,82,-72,0,23,0,428,6075,1061,36,0,13917,1477,1439,1594,1617,-7,-299,-7,-317,0,-385,244,-102,-206,-17,-66,146
72476,442,-1191,19,-116,1165,8343,5977,-186,81,-136,0,25,-5,428,6075,1062,40,0,12879,1511,1510,1651,1655,59,-318,63,-338,-16,-456,244,-146,-246,-19,-65,152
72526,448,-665,143,-161,743,8709,9822,-1773,145,-126,0,40,-16,428,6075,1053,0,0,13241,1613,1584,1713,1717,87,-368,92,-387,-33,-505,244,-185,-300,-21,-64,153
72576,942,-592,185,-28,798,13714,9578,-308,168,-120,0,50,-17,427,6047,1066,-1,0,15330,1603,1567,1707,1703,88,-372,94,-397,-25,-573,244,-166,-375,-24,-63,153
72626,900,-628,66,-247,771,10906,6343,-247,194,-107,0,60,-11,428,6075,1038,-2,0,11910,1512,1525,1658,1643,121,-440,126,-457,-16,-616,255,-89,-420,-26,-63,154
72676,1093,-788,190,-171,950,12493,4696,1033,223,-28,0,66,4,428,6075,1050,3,0,14286,1575,1490,1620,1640,19,-327,20,-344,0,-564,255,-30,-363,-28,-62,148
72726,1344,-545,-21,111,1175,11090,545,1033,161,-9,0,53,8,427,6047,1040,-68,0,18487,1604,1592,1709,1705,107,-358,112,-372,88,-531,255,-49,-326,-29,-63,151
72776,1446,-304,-31,38,1408,8221,1766,-1285,150,11,0,54,8,427,6047,1049,10,0,12765,1504,1431,1616,1620,104,-328,109,-344,169,-508,244,-36,-313,-31,-62,151
72826,1323,-535,-13,-136,606,7244,-2261,911,140,17,0,55,13,430,6132,1066,6,0,14922,1561,1545,1666,1678,187,-362,199,-386,221,-453,255,-33,-322,-32,-61,151
72876,1422,-341,71,-178,712,5169,-5069,-308,121,23,0,54,8,428,6075,1043,-41,0,15864,1585,1567,1709,1715,278,-290,290,-302,325,-403,244,-38,-352,-36,-61,152
72926,1637,335,-201,61,1175,3338,-5740,1094,167,49,0,61,6,429,6104,1040,-28,0,15426,1579,1539,1672,1675,279,-287,290,-298,345,-446,255,-22,-382,-38,-62,152
72976,1950,16,-169,125,1178,4620,-6961,179,138,70,0,59,16,429,6104,1048,57,0,12075,1511,1480,1612,1636,265,-370,278,-388,374,-461,255,140,-338,-41,-64,151
73026,1428,-894,-95,-67,716,-3680,-7449,1644,90,159,0,45,49,429,6104,1047,-31,0,17188,1609,1575,1693,1686,275,-372,288,-389,363,-383,244,197,-253,-42,-63,154
73076,906,-1556,161,127,1095,5291,-9952,850,137,160,0,40,55,429,6104,1038,-12,0,13908,1529,1496,1655,1660,345,-192,358,-200,526,-305,255,221,-191,-43,-62,154
73126,698,-1394,-118,-5,1062,7305,-10013,911,89,150,0,29,56,428,6075,1046,44,0,11554,1486,1463,1608,1610,357,-253,373,-264,505,-330,234,220,-204,-44,-62,153
73176,683,-1169,-20,-18,1037,-567,-8975,1033,87,191,0,30,58,428,6075,1035,14,0,13981,1562,1567,1666,1673,402,-209,416,-216,552,-237,255,281,-193,-46,-62,153
73226,721,-1251,-67,119,1056,-1971,-11539,-125,104,232,0,31,69,428,6075,1030,-2,0,13585,1580,1555,1685,1683,437,-164,450,-169,633,-231,244,301,-211,-48,-62,156
73276,692,-1428,-43,191,1191,897,-14407,-64,97,233,0,28,71,429,6104,1034,14,0,12972,1589,1551,1662,1683,375,-165,388,-171,626,-253,255,337,-192,-49,-63,152
73326,920,-2055,33,42,930,-4046,-13919,-186,43,247,0,24,84,428,6075,1044,21,0,12687,1520,1462,1630,1627,424,-78,443,-81,629,-103,255,372,-115,-49,-64,150
73376,741,-2538,107,85,874,2545,-13797,2254,16,214,0,14,84,428,6075,1039,-27,0,15331,1550,1529,1665,1680,390,-58,406,-60,580,-68,255,309,-52,-50,-64,149
73426,382,-2640,-46,-20,962,1629,-10867,-797,-2,131,0,6,73,428,6075,1027,-40,0,16411,1611,1601,1704,1730,282,-54,289,-56,447,0,255,254,-44,-50,-64,147
73476,271,-2675,-53,-87,1013,-5267,-6473,-736,-2,83,0,6,64,429,6104,1018,7,0,11602,1516,1484,1635,1640,279,-42,284,-43,351,8,255,264,-63,-51,-65,145
73526,198,-2215,-49,154,1086,-6427,-7205,789,-4,142,0,0,68,429,6104,1010,-44,0,18371,1558,1479,1638,1637,229,134,231,136,314,76,255,270,6,-51,-65,146
73576,-103,-2248,-224,129,1368,5596,-5802,-64,-13,181,0,-6,79,428,6075,1003,-31,0,13045,1511,1535,1670,1674,180,137,181,137,347,152,255,328,134,-49,-66,152
73626,-1037,-2792,115,-144,1242,469,-10135,-369,-62,137,0,-28,74,430,6132,1008,-33,0,15819,1594,1584,1677,1721,137,65,138,66,349,110,255,242,117,-48,-65,153
73676,-797,-2620,66,-66,1322,-1788,-5740,240,-47,70,0,-22,59,427,6047,1014,18,0,12499,1520,1461,1615,1625,53,158,53,161,97,176,255,165,57,-47,-66,146
73726,-163,-1928,-153,113,923,-3314,-2139,972,-46,52,0,-14,47,428,6075,1007,2,0,13828,1592,1531,1663,1680,-28,189,-29,191,8,177,255,134,64,-46,-66,147
73776,50,-1874,-108,-58,1115,-262,-430,1400,-89,65,0,-15,48,427,6047,999,-75,0,20869,1628,1628,1751,1742,-29,173,-29,173,0,256,255,115,119,-44,-67,147
73826,-229,-1722,66,105,1034,-1910,1278,-1590,-96,25,0,-25,34,428,6075,1007,-48,0,16126,1604,1616,1712,1747,-67,214,-67,216,-39,314,255,21,74,-43,-68,150
73876,-497,-1508,-205,-63,1287,-6549,-64,-919,0,-42,0,-7,21,429,6104,993,-33,0,15050,1583,1586,1710,1709,-88,268,-87,266,-202,269,255,45,108,-42,-71,149
73926,-1029,-1619,195,-94,1081,-2459,5733,484,-101,21,0,-36,30,429,6104,994,-7,0,14587,1570,1529,1640,1647,-172,266,-171,265,-257,335,255,1,187,-41,-72,152
73976,-779,-1061,49,-15,1224,-2337,4024,-247,-130,-12,0,-39,15,428,6075,998,44,0,13042,1514,1463,1597,1606,-192,293,-192,293,-303,379,255,-71,152,-39,-74,154
74026,-608,-876,46,-119,957,-9967,7625,2620,-117,-35,0,-30,8,429,6104,988,10,0,14998,1499,1499,1624,1600,-303,321,-300,317,-475,568,244,-81,189,-37,-74,152
74076,-1518,69,-157,-91,736,-9967,12752,606,-106,-1,0,-44,3,428,6075,990,-42,0,17801,1644,1631,1733,1711,-369,362,-365,359,-542,542,255,-86,280,-33,-76,152
74126,-1376,475,-190,372,1308,-6915,9395,-797,-188,28,0,-67,1,429,6104,1001,1,0,15260,1553,1508,1633,1632,-351,306,-351,307,-450,484,255,-148,353,-32,-75,154
74176,-1384,415,-94,-89,1305,-13385,4573,362,-198,-38,0,-61,-13,429,6104,989,40,0,13156,1454,1488,1578,1586,-384,349,-380,345,-470,604,255,-234,268,-29,-76,156
74226,-1655,651,-165,-36,1076,-14239,7259,1644,-154,-56,0,-58,-19,428,6075,986,-15,0,17647,1642,1634,1718,1699,-420,392,-414,387,-544,643,234,-200,307,-28,-76,159
74276,-1785,878,-78,130,1175,-6976,10860,240,-181,-5,0,-69,-14,428,6075,1006,-17,0,14543,1565,1517,1673,1631,-374,329,-376,331,-514,497,255,-204,357,-25,-76,157
74326,-1532,1278,145,217,1079,-5511,7198,1644,-202,24,0,-71,-19,429,6104,1005,32,0,11946,1561,1547,1675,1645,-391,248,-393,249,-543,501,224,-242,357,-24,-75,157
74376,-1709,1239,-122,92,975,-13568,4940,-1407,-221,-32,0,-75,-25,428,6075,1011,27,0,13170,1534,1533,1652,1636,-443,221,-449,224,-487,428,255,-203,321,-21,-74,159
74426,-2059,518,-113,35,868,-17657,4696,1522,-181,-19,0,-72,-10,428,6075,1021,49,0,11164,1578,1551,1660,1638,-414,244,-423,250,-509,417,255,-133,343,-19,-73,157
74476,-2004,122,112,196,705,-11798,4512,972,-161,2,0,-72,-4,429,6104,1016,-3,0,15126,1584,1570,1697,1684,-379,135,-385,138,-418,333,224,-207,316,-16,-71,153
74526,-2153,583,137,132,1309,-11248,7503,-1041,-128,-64,0,-65,-24,428,6075,1019,-3,0,14791,1558,1539,1671,1660,-394,190,-401,194,-525,383,244,-284,300,-15,-70,159
74576,-2915,489,-34,-237,541,-13507,8602,-2628,-67,-176,0,-55,-41,428,6075,1003,6,0,12636,1546,1587,1699,1691,-373,155,-375,156,-604,260,244,-357,178,-14,-70,158
74626,-3157,259,51,-185,1024,-6365,10860,-1834,25,-210,0,-46,-46,428,6075,1040,28,0,12062,1553,1437,1649,1633,-442,193,-459,201,-660,9,255,-357,191,-13,-70,156
74676,-2372,843,-95,121,739,9014,14034,-3,28,-174,0,-40,-46,429,6104,1035,6,0,13904,1566,1520,1687,1650,-430,7,-445,7,-674,-48,255,-411,143,-13,-68,148
74726,-2410,1301,236,-18,1145,4620,12264,-1346,84,-188,0,-26,-63,429,6104,1037,24,0,13933,1467,1441,1648,1628,-439,7,-455,7,-671,-33,255,-464,61,-13,-67,153
74776,-2415,1084,-110,-100,1102,7122,12264,-2261,131,-273,0,-15,-70,429,6104,1041,-22,0,16536,1607,1578,1731,1716,-403,6,-420,6,-616,-274,255,-430,-6,-13,-67,158
74826,-1701,1337,-51,-9,1442,12982,15072,-2139,104,-188,0,-10,-59,428,6075,1050,53,0,14098,1462,1423,1632,1595,-331,-142,-348,-149,-556,-331,255,-413,-15,-14,-66,162
74876,-1031,1493,188,-172,461,9625,7930,-1407,32,-156,0,-5,-65,429,6104,1039,-7,0,17183,1572,1592,1716,1710,-224,-174,-233,-180,-376,-265,255,-430,-92,-15,-65,159
74926,-691,1134,67,-288,866,9991,7930,-3055,122,-199,0,17,-60,428,6075,1039,41,0,11696,1477,1442,1661,1627,-182,-199,-189,-207,-340,-360,255,-404,-200,-17,-65,159
74976,-653,805,-71,-18,987,12188,9212,-2506,181,-204,0,23,-53,428,6075,1039,1,0,14604,1539,1519,1671,1642,-188,-232,-195,-241,-369,-498,255,-301,-216,-18,-65,158
75026,-42,1026,-135,9,1106,14447,10067,-3116,166,-105,0,31,-35,428,6075,1037,11,0,13726,1546,1519,1685,1663,-153,-264,-159,-274,-255,-451,255,-242,-223,-19,-65,160
75076,484,1027,189,-236,655,10540,2742,-2384,81,-49,0,31,-33,428,6075,1035,-2,0,14428,1579,1571,1724,1716,17,-265,18,-275,-42,-371,255,-228,-269,-21,-65,153
75176,858,202,48,54,989,12921,5123,-3055,172,-72,0,47,-18,428,6075,1024,13,0,13099,1544,1505,1677,1668,49,-265,51,-272,-9,-459,255,-145,-291,-25,-66,149
75226,1295,-237,169,-150,714,10052,179,-2994,98,-99,0,46,-20,428,6075,1008,-21,0,15753,1597,1545,1718,1710,65,-247,66,-249,42,-473,255,-152,-334,-27,-66,153
75276,1826,365,-189,307,1305,7305,-797,-1346,110,-15,0,49,-6,427,6047,1016,2,0,13989,1536,1403,1626,1622,98,-315,99,-321,170,-477,255,12,-220,-29,-67,150
75326,2259,-286,11,251,1214,3155,-5740,-1407,-38,62,0,28,16,429,6104,991,-78,0,17295,1594,1612,1732,1747,228,-314,226,-311,372,-264,255,51,-198,-31,-65,152
75376,1700,-752,0,144,1062,-2459,-8853,-2261,4,55,0,28,23,427,6047,987,-59,0,18153,1621,1543,1741,1750,328,-204,323,-202,506,-312,255,148,-172,-33,-65,151
75426,1601,-1362,45,22,1670,6512,-6900,-2567,-2,91,0,27,41,428,6075,983,-46,0,17272,1371,1412,1612,1606,424,-249,417,-245,550,-214,255,143,-223,-35,-65,152
75476,598,-1133,-138,32,1008,6573,-7327,-1285,127,82,0,34,38,428,6075,974,-53,0,16109,1590,1551,1722,1685,421,-63,410,-62,553,-213,255,257,-167,-38,-66,152
75526,1036,-1418,-175,182,1209,5413,-7694,-2994,4,182,0,15,64,429,6104,969,-7,0,13970,1464,1459,1630,1636,454,-241,440,-233,681,-264,255,300,-139,-39,-66,154
75576,773,-1797,-62,174,1320,-2886,-15811,-1651,43,194,0,20,70,428,6075,1006,54,0,14903,1549,1497,1638,1667,465,-136,468,-137,766,-137,255,346,-135,-41,-66,156
75626,771,-2745,123,171,1126,-262,-15933,240,36,160,0,17,77,428,6075,980,-8,0,16728,1583,1571,1693,1716,446,-16,437,-16,736,33,244,328,-128,-42,-66,148
75676,-179,-3633,214,-146,814,-3314,-9708,-430,89,74,0,18,73,428,6075,991,-39,0,16974,1637,1619,1741,1769,508,20,504,20,666,-42,255,290,-166,-44,-67,149
75726,-348,-3364,152,-110,1100,7672,-11539,-3,159,73,0,27,70,429,6104,987,20,0,11609,1576,1477,1669,1654,586,-22,579,-21,712,-214,255,344,-140,-46,-69,151
75776,682,-3108,-53,94,873,5535,-10867,911,6,149,0,10,85,427,6047,986,12,0,13874,1538,1520,1661,1654,500,-61,493,-60,751,0,255,417,-48,-47,-69,143
75826,625,-3433,-25,36,826,-4656,-12332,57,-55,167,0,0,94,429,6104,977,28,0,13873,1563,1557,1671,1666,606,18,592,17,816,151,255,425,-18,-48,-69,144
75876,271,-3308,-84,-43,1005,-2764,-12637,850,-55,167,0,-5,93,430,6132,988,17,0,15583,1523,1524,1649,1633,512,42,506,42,778,145,244,470,5,-49,-71,146
75926,-59,-3300,42,-16,975,-7769,-15811,667,-73,255,0,-14,107,429,6104,994,29,0,13387,1581,1513,1634,1645,472,132,469,131,757,135,255,509,61,-49,-71,149
75976,360,-3109,-99,240,1113,-10333,-20877,2132,-106,313,0,-18,118,430,6132,997,39,0,14542,1574,1529,1644,1660,451,112,449,112,812,270,255,599,127,-48,-72,155
76026,14,-3595,-56,171,921,-14544,-22586,2864,-161,332,0,-34,129,427,6047,997,10,0,15645,1614,1581,1694,1716,452,164,451,164,828,345,255,613,178,-47,-71,153
76076,-366,-4187,77,135,1119,-17596,-21732,1583,-165,309,0,-40,133,428,6075,980,19,0,11014,1578,1522,1649,1663,440,156,431,152,749,387,255,580,265,-45,-70,155
76126,-707,-4511,-106,13,819,-11798,-18680,1705,-207,201,0,-53,121,427,6047,989,-1,0,14387,1610,1580,1667,1699,364,81,360,80,666,362,255,535,228,-43,-69,153
76176,-1286,-4731,-61,55,904,-14544,-10074,-980,-138,156,0,-50,116,428,6075,989,0,0,15868,1576,1560,1671,1660,301,186,298,184,445,445,255,457,227,-41,-68,154
76226,-1942,-4581,163,49,935,-10333,-9891,2559,-65,121,0,-47,101,428,6075,978,12,0,13088,1566,1534,1650,1666,203,181,199,177,325,308,255,407,217,-40,-67,153
76276,-1879,-3683,-210,33,775,-7281,-7816,2376,-61,127,0,-46,95,428,6075,967,26,0,11512,1515,1465,1623,1599,78,178,75,172,137,293,214,358,223,-37,-67,150
76326,-1736,-3460,-144,-47,1103,-8441,-2933,1339,-88,108,0,-47,85,428,6075,1000,3,0,17131,1576,1599,1689,1688,-4,53,-4,53,52,260,244,342,214,-34,-66,149
76376,-1705,-3121,-108,279,1316,-13934,-3726,362,-94,145,0,-52,86,428,6075,1005,42,0,13052,1455,1412,1565,1566,-73,51,-73,51,0,252,244,309,238,-29,-64,151
76426,-2482,-3099,-55,244,1039,-12591,-4093,1705,-35,98,0,-54,75,429,6104,982,-46,0,16708,1611,1617,1701,1712,-57,137,-56,135,-9,291,244,236,250,-26,-62,153
76476,-3053,-2516,-34,29,1453,-7952,118,-491,17,87,0,-50,62,428,6075,980,-62,0,16829,1562,1521,1667,1663,-251,129,-246,127,-242,121,255,112,236,-22,-61,152
76526,-2770,-2381,99,10,803,592,3597,-491,25,-7,0,-44,38,428,6075,982,-52,0,15325,1629,1624,1741,1733,-287,-25,-282,-25,-420,8,244,32,159,-20,-59,146
76576,-2214,-2236,51,-72,466,714,6954,-1468,7,-65,0,-34,25,429,6104,969,-50,0,14292,1615,1565,1710,1690,-393,-51,-381,-49,-626,-115,234,-18,153,-15,-58,152
76626,-1837,-1591,76,177,1263,5230,14400,-1224,6,-81,0,-34,12,428,6075,966,-32,0,14236,1655,1601,1751,1751,-512,-23,-495,-22,-733,-129,244,-154,98,-13,-56,155
76676,-1561,-492,-34,-178,718,5230,13790,-1224,18,-108,0,-19,-10,428,6075,953,-11,0,16247,1600,1556,1714,1700,-592,-207,-564,-198,-858,-269,244,-264,-9,-9,-54,159
76726,-1065,111,76,60,1136,11578,13729,2132,85,-157,0,-3,-33,430,6132,938,15,0,13040,1544,1472,1629,1625,-643,-154,-603,-144,-876,-356,234,-369,-40,-6,-53,155
76776,-697,334,342,35,947,11578,14522,-186,111,-191,0,8,-50,428,6075,942,15,0,13019,1571,1532,1678,1674,-680,-266,-640,-250,-912,-368,255,-449,-132,-4,-51,155
76826,-707,249,-23,-130,1274,7977,17147,-1712,135,-307,0,15,-64,429,6104,985,76,0,11440,1484,1429,1604,1603,-722,-230,-711,-227,-1027,-432,224,-497,-126,-2,-50,160
76876,-464,612,-124,-8,997,10784,22640,118,106,-336,0,12,-73,429,6104,955,32,0,14176,1560,1550,1683,1649,-811,-148,-774,-142,-1160,-378,244,-568,-103,0,-50,156
76926,-258,1611,-29,-152,1010,9930,24959,-2506,85,-310,0,14,-88,429,6104,962,12,0,17012,1535,1465,1675,1638,-757,-180,-728,-173,-1145,-384,234,-611,-154,1,-49,159
76976,578,2238,-84,-22,1098,15667,24898,-125,39,-321,0,17,-100,428,6075,957,28,0,10204,1495,1478,1640,1612,-521,-315,-498,-301,-901,-480,214,-649,-248,1,-48,157
77026,1053,2616,-78,-191,852,5902,20198,1339,101,-285,0,43,-99,429,6104,953,-33,0,14869,1590,1564,1706,1687,-801,-352,-764,-335,-1143,-474,244,-625,-298,2,-48,159
77076,1140,2611,-206,-183,818,9869,17818,-552,84,-264,0,40,-92,429,6104,946,-97,0,18171,1678,1613,1755,1754,-800,-303,-756,-286,-1068,-508,255,-623,-250,3,-48,159
77126,1872,2827,205,-30,1169,10296,17391,-552,57,-258,0,44,-104,428,6075,942,3,0,12566,1540,1505,1663,1651,-740,-273,-697,-257,-1031,-356,255,-688,-309,4,-49,158
77176,1792,2933,116,-217,1230,5963,18673,-430,62,-247,0,47,-102,429,6104,942,13,0,16603,1512,1450,1622,1589,-705,-133,-664,-125,-1033,-327,255,-614,-208,4,-49,159
77226,1072,2914,130,-90,608,4132,16903,3353,26,-252,0,27,-105,428,6075,937,-2,0,14393,1601,1583,1707,1680,-673,-220,-630,-206,-973,-252,255,-658,-222,4,-50,156
77276,1089,2895,58,-124,946,3521,21785,-1529,-80,258,4,5,0,429,6104,941,-2,0,12913,1564,1503,1711,1607,-660,-282,-621,-265,-811,-212,255,-693,-249,4,-50,153
77326,919,3183,-174,-13,1044,-5511,-7266,-64,-64,273,2,4,0,428,6075,961,-15,0,17431,1558,1567,1683,1685,-451,-283,-433,-272,-253,-168,255,-627,-250,2,-49,154
77376,498,1988,-95,161,1507,-6915,-14102,-1773,-12,183,2,4,1,428,6075,937,1,0,13442,1543,1511,1655,1652,-368,-129,-345,-121,-119,-25,255,-584,-224,0,-51,153
77426,151,1276,-21,-188,1037,-1910,-8182,-1224,-8,115,2,4,0,428,6075,948,3,0,17303,1527,1477,1638,1629,-363,-142,-344,-134,-196,-107,255,-511,-251,-2,-52,154
77476,93,664,-167,-60,1125,1873,-8731,-247,11,47,2,4,0,428,6075,930,-6,0,12857,1527,1502,1645,1659,-263,-91,-244,-85,-152,-135,255,-442,-207,-4,-53,148
77526,243,-161,275,-87,738,-933,-5679,972,-2,28,0,6,0,428,6075,947,-16,0,14929,1614,1570,1706,1690,-306,-53,-290,-50,-231,0,255,-422,-250,-5,-55,145
77576,382,-429,37,-184,551,775,-491,-247,-38,-27,2,5,0,428,6075,951,-13,0,16822,1621,1571,1699,1684,-291,-185,-277,-176,-257,-77,255,-395,-233,-7,-56,150
77626,137,-307,13,102,1469,-2886,-1834,1644,18,-22,0,4,0,428,6075,947,39,0,14787,1504,1473,1614,1604,-256,-39,-243,-37,-236,8,255,-333,-172,-8,-57,147
77676,-117,-922,-128,85,1028,-689,57,789,32,-91,2,2,0,427,6047,956,-18,0,18369,1582,1598,1707,1709,-231,17,-221,16,-232,60,255,-230,-59,-8,-58,143
77726,-1193,-1481,146,-189,738,-2520,3780,179,103,-110,0,4,0,429,6104,953,2,0,14470,1587,1575,1701,1685,-218,-17,-208,-16,-281,17,255,-250,-5,-8,-59,149
77776,-1216,-945,7,-161,992,4254,3902,1278,125,-81,2,6,0,428,6075,956,40,0,14456,1586,1514,1661,1674,-180,-99,-172,-95,-236,-193,255,-201,-73,-9,-58,149
77826,-439,-1325,26,-83,1215,1934,-247,3536,60,-115,4,5,0,429,6104,976,54,0,13334,1505,1474,1635,1617,-164,0,-160,0,-221,-25,255,-183,-23,-9,-58,145
77876,-626,-910,-168,23,1041,4864,7015,1461,91,-97,2,6,0,428,6075,965,-8,0,15203,1468,1502,1641,1626,-18,21,-17,21,-102,-34,255,-59,48,-10,-58,143
77926,-1322,-1292,92,-72,737,5535,5428,-797,145,-104,0,6,0,429,6104,982,-3,0,15583,1597,1580,1697,1703,-100,-50,-98,-49,-151,-126,255,-16,69,-9,-57,148
77976,-1079,-792,-109,-8,879,9381,2987,301,127,-80,2,5,0,429,6104,960,22,0,11324,1528,1457,1632,1620,7,-20,6,-19,-85,-188,255,4,67,-10,-56,139
78026,-185,-300,-267,87,795,4742,-552,3170,61,-56,2,6,0,429,6104,976,20,0,14774,1638,1598,1744,1734,42,99,41,97,0,-34,255,55,80,-10,-56,136
78076,-31,-498,-18,276,1435,3887,57,-247,55,-42,2,6,0,429,6104,970,28,0,14316,1466,1478,1628,1620,1,40,1,38,48,-19,255,130,132,-8,-56,134
78126,-647,-779,32,-187,707,3094,-797,362,67,-64,2,6,0,429,6104,977,28,0,12243,1508,1514,1646,1639,72,77,71,75,68,120,255,127,167,-8,-55,137
78176,-869,-634,52,-137,772,2972,972,301,88,-46,2,5,0,429,6104,959,-12,0,14656,1580,1562,1687,1687,119,113,114,109,102,59,255,92,152,-8,-54,140
78226,-315,-114,-113,175,1240,2728,-1468,-1651,71,-11,2,5,1,428,6075,949,37,0,10140,1545,1510,1638,1633,212,181,201,171,236,84,255,71,102,-8,-55,145
78276,163,-391,-40,148,1021,-3314,-5130,667,23,-8,0,4,5,428,6075,953,-40,0,16139,1616,1613,1720,1695,270,297,257,283,340,330,255,107,129,-10,-56,145
78326,125,-592,72,74,1141,-8990,-7938,362,19,215,2,5,51,429,6104,950,-71,0,16323,1631,1555,1734,1703,289,311,274,295,435,332,255,158,202,-11,-57,145
78376,127,-1092,92,50,751,-79,-15872,606,-77,250,2,-14,65,429,6104,973,55,0,12891,1495,1459,1621,1612,388,240,377,234,669,359,255,175,192,-14,-57,146
78426,295,-1433,-29,318,980,-14239,-16910,423,-115,218,2,-23,68,427,6047,950,19,0,15032,1480,1467,1572,1631,387,289,368,275,681,460,255,262,185,-15,-58,152
78476,-451,-2447,-3,175,966,-18389,-13065,667,-71,-38,2,-24,34,428,6075,947,-53,0,15800,1607,1653,1712,1734,403,307,381,290,443,537,244,260,205,-16,-59,152
78526,-759,-2186,-101,46,1206,-10943,3231,-1651,206,-197,0,27,1,429,6104,947,-55,0,16130,1611,1573,1720,1700,382,416,361,394,215,361,255,283,281,-18,-60,153
78576,-551,-1890,-51,112,990,10235,11959,-125,204,-168,2,27,2,429,6104,936,-10,0,12543,1565,1559,1698,1676,309,187,289,175,121,77,255,296,311,-17,-59,150
78626,-91,-589,-99,158,1116,5841,5977,362,129,-57,2,20,1,429,6104,921,-4,0,15242,1561,1500,1647,1634,341,307,314,283,236,110,255,293,314,-17,-58,145
78676,384,-263,-242,31,1218,6878,728,484,69,-40,4,19,0,429,6104,945,-53,0,18482,1554,1603,1691,1711,423,301,400,285,463,260,255,414,373,-17,-58,144
78726,-319,-967,273,-8,1253,1385,-369,-369,110,-62,4,18,1,428,6075,943,-24,0,16125,1519,1519,1616,1638,352,301,332,284,400,244,255,377,387,-16,-57,147
78776,-91,-931,141,-266,1294,11761,301,179,86,-75,2,18,0,429,6104,935,-3,0,14227,1561,1502,1660,1666,486,295,454,275,426,116,255,357,288,-17,-56,145
78826,557,-740,-78,-169,970,7366,2376,-247,-39,-64,2,4,2,427,6047,937,39,0,12957,1509,1512,1601,1631,431,369,404,346,441,297,255,394,254,-17,-57,145
78876,797,-798,189,82,1074,-1727,4512,-125,-42,-48,4,4,1,428,6075,935,15,0,16906,1532,1521,1652,1629,431,348,403,325,423,380,255,439,276,-17,-58,145
78926,727,-388,-97,151,1168,-384,5306,1217,-62,-31,2,-2,2,428,6075,919,-5,0,12325,1573,1539,1679,1663,494,401,454,369,441,424,255,441,299,-17,-58,146
78976,902,-80,239,-86,996,-262,1033,-125,-61,58,0,5,8,428,6075,926,-22,0,17167,1506,1499,1640,1645,624,429,578,397,651,482,244,399,292,-19,-59,143
79026,981,15,-56,-39,776,3948,-1407,1644,-34,32,2,11,7,429,6104,928,-50,0,15911,1662,1655,1773,1764,621,401,576,372,651,462,255,406,248,-20,-59,144
79076,1189,46,52,-18,1627,-567,-1956,-1285,-54,50,4,10,8,428,6075,933,7,0,13149,1487,1450,1619,1610,629,500,587,466,699,489,255,486,279,-22,-62,144
79126,924,280,67,3,1287,-689,667,118,-33,40,2,9,2,428,6075,929,18,0,15955,1485,1544,1646,1642,644,412,598,383,669,592,234,475,293,-22,-62,138
79176,561,-101,97,-67,546,-5145,-1651,-736,-19,20,2,9,2,428,6075,924,-4,0,13418,1554,1572,1660,1683,526,385,486,356,531,396,244,447,276,-24,-64,144
79226,362,-433,276,-36,1160,-201,-3604,850,9,-9,0,9,0,428,6075,932,14,0,14220,1576,1508,1657,1654,673,590,627,550,688,485,224,437,300,-25,-66,142
79276,-166,-349,-86,36,1030,531,1583,-1529,67,-33,2,9,1,428,6075,912,0,0,14306,1551,1564,1682,1674,660,520,602,474,651,484,244,477,339,-27,-69,143
79326,-229,-49,-105,-62,1078,-4901,3475,-1468,54,-8,2,8,1,428,6075,896,-50,0,15262,1614,1617,1714,1705,716,512,642,459,681,547,224,443,381,-29,-70,147
79376,7,32,49,-62,949,-384,-614,-3,37,15,2,9,1,427,6047,936,34,0,13599,1559,1545,1667,1685,724,612,678,573,726,551,204,467,395,-31,-72,135
79426,-199,-426,-82,-95,850,-384,-3116,-1041,51,-42,2,9,0,428,6075,920,8,0,15346,1522,1539,1627,1647,732,515,673,474,757,496,214,585,433,-32,-72,145
79476,-186,-716,-152,236,1254,-2093,-919,1339,76,-68,2,8,1,429,6104,917,3,0,15619,1590,1592,1682,1690,804,616,737,565,781,597,244,708,512,-33,-73,146
79526,-81,-493,-126,277,1473,1812,1766,-1712,68,-46,4,8,1,428,6075,893,44,0,10556,1425,1434,1582,1582,774,617,691,551,745,590,193,731,581,-33,-73,146
79576,451,-131,90,0,847,3826,-125,-3,3,2,2,8,0,429,6104,929,49,0,13391,1561,1541,1629,1660,842,654,782,608,823,613,214,751,603,-33,-72,135
79626,1002,-657,3,-8,720,-201,-1834,118,-45,-53,4,9,0,428,6075,925,4,0,13282,1571,1567,1677,1681,829,592,767,547,830,620,234,755,581,-33,-72,141
79676,937,-1301,163,67,970,-4840,-491,1644,-36,-95,2,8,0,429,6104,925,-34,0,18353,1574,1580,1677,1689,840,667,777,617,768,709,224,714,551,-33,-73,146
79726,552,-1441,81,-51,858,-384,3048,-308,-13,-116,2,8,0,428,6075,929,0,0,14602,1545,1538,1660,1665,861,665,800,618,750,674,255,733,560,-34,-73,144
79776,-70,-1203,-207,166,1317,-4473,5489,911,-10,-122,2,-5,0,427,6047,927,-40,0,15335,1594,1574,1685,1679,908,720,841,668,804,795,244,842,638,-34,-74,150
79826,-57,-783,-107,205,1186,-7098,5733,-1407,-148,-78,2,-33,0,428,6075,916,0,0,14653,1506,1500,1617,1609,875,760,801,696,820,871,234,856,703,-33,-74,150
79876,178,-18,-110,-69,592,-8563,3780,1033,-237,16,2,-41,7,428,6075,899,-34,0,15643,1620,1609,1712,1705,1015,801,913,720,1008,1025,255,843,739,-33,-73,151
79926,-385,153,52,-136,914,-12408,-6107,-491,-275,196,2,-57,34,428,6075,922,-32,0,17041,1611,1577,1705,1722,863,748,795,689,1016,921,244,835,686,-33,-73,153
79976,-544,-206,-29,177,1305,-8502,-12027,-736,-227,159,0,-57,34,427,6047,901,-51,0,16656,1562,1554,1644,1689,1050,732,946,659,1326,965,255,902,744,-34,-73,156
80026,-1405,-1687,152,-36,1170,-8013,-9525,-1346,-279,38,0,-79,34,430,6132,913,-33,0,17482,1588,1551,1694,1698,1133,803,1035,733,1285,1031,244,871,664,-35,-73,159
80076,-2039,-1501,-80,109,1374,-14605,-5252,-3,-256,30,2,-87,33,429,6104,899,-17,0,15778,1557,1554,1659,1663,1067,875,959,787,1156,1058,234,921,655,-36,-75,156
80126,-1769,-1134,-125,133,1029,-19549,-6900,-1224,-284,57,2,-89,33,429,6104,921,75,0,13816,1439,1480,1571,1609,1009,702,930,646,1143,1066,244,950,705,-36,-74,159
80176,-2348,-1808,-7,-22,854,-18572,-8670,240,-245,5,2,-88,32,428,6075,920,-4,0,18137,1603,1611,1688,1711,1033,553,951,509,1138,885,234,965,707,-36,-73,152
80226,-2541,-2099,97,137,1013,-15704,-3421,-125,-196,135,0,-85,62,428,6075,905,13,0,13534,1595,1577,1711,1702,1026,677,929,613,1114,920,255,954,702,-35,-72,156
80276,-2965,-1845,-95,-71,834,-9112,-6595,-675,-184,168,2,-87,68,428,6075,932,59,0,14627,1513,1497,1633,1647,998,613,930,571,1196,741,214,867,656,-36,-70,154
80326,-2837,-1490,-189,-123,901,-6304,-14407,667,26,131,2,-41,55,428,6075,916,19,0,13962,1499,1546,1628,1666,1056,564,967,517,1305,686,255,898,613,-36,-70,155
80376,-2589,-1002,-145,89,925,-323,-12027,-675,97,102,2,-28,40,428,6075,917,46,0,12476,1466,1519,1588,1630,1034,436,948,400,1209,335,234,918,595,-37,-68,153
80426,-2199,-1185,-103,39,860,12127,-6717,-736,282,-24,2,15,18,428,6075,937,58,0,12017,1648,1561,1689,1733,955,463,895,434,1050,110,244,944,589,-36,-67,152
80476,-631,-911,-154,60,1039,16644,-5985,1278,93,-44,4,4,9,429,6104,946,58,0,13781,1478,1399,1579,1576,871,338,824,320,841,125,255,948,510,-35,-64,147
80526,387,-736,-101,145,1038,8038,3292,2620,4,0,2,4,15,428,6075,906,-32,0,16680,1599,1617,1754,1701,948,324,859,293,844,310,255,947,479,-34,-62,144
80576,599,96,-217,-7,939,-1544,-4825,789,-75,165,2,-4,35,428,6075,930,68,0,12800,1463,1421,1603,1604,866,276,806,257,1014,366,255,972,457,-32,-60,146
80626,318,-348,-68,58,993,-5450,-13431,2010,-59,281,0,-6,62,429,6104,924,9,0,17571,1601,1589,1679,1679,844,277,780,256,1100,363,255,1000,460,-30,-58,149
80676,415,-967,-17,241,1310,-1055,-14163,-308,-102,309,2,-16,78,429,6104,917,-52,0,18557,1576,1541,1664,1668,839,191,769,175,1101,249,255,1005,476,-27,-55,155
80726,397,-1819,4,172,1108,-3741,-17398,57,-108,275,2,-17,85,428,6075,905,-56,0,15968,1612,1594,1711,1737,778,260,704,236,1070,286,255,955,470,-25,-53,151
80776,24,-2013,-164,-186,781,347,-15750,-1346,-123,207,4,-19,80,427,6047,914,58,0,8884,1411,1398,1564,1586,701,112,641,102,930,135,244,859,363,-22,-49,151
80826,-166,-1680,-107,-100,823,592,-12515,972,-98,114,2,-20,54,428,6075,911,1,0,14716,1563,1489,1580,1649,590,139,538,127,810,60,255,820,279,-20,-48,149
80876,67,-2045,-77,48,1175,-5206,-4337,-2445,-21,-26,2,-3,32,428,6075,907,-36,0,16901,1602,1652,1730,1730,616,152,559,138,607,154,255,808,226,-16,-46,150
80926,1,-1825,-89,74,1251,2056,7198,-2384,-104,-82,4,-22,18,372,4589,907,0,-111,5374,1581,1470,1649,1660,493,95,447,87,372,-59,255,757,212,-14,-45,147
80976,363,-1845,35,90,850,-4473,3536,2926,-135,-130,-18,-22,6,332,3655,910,-92,-272,5795,1304,1221,1390,1455,370,-12,336,-11,207,207,244,642,121,-10,-43,153
81026,430,-1657,9,6,351,-7159,5306,3414,-144,-119,0,-20,5,330,3612,870,-313,-279,19451,1642,1603,1702,1703,187,92,162,80,39,225,255,576,120,-7,-43,147
81076,-726,-1444,264,-55,970,-4412,7930,1766,-40,-87,-2,-19,3,330,3612,862,-337,-284,13866,1589,1552,1648,1692,181,-73,156,-63,50,50,255,421,56,-3,-41,151
81126,-1065,-1087,171,4,974,3643,9822,-1285,0,-62,0,-19,4,328,3568,827,-406,-287,19215,1629,1567,1728,1708,259,-48,214,-40,68,-85,255,324,-8,-2,-40,148
81176,-612,-245,94,-61,1035,13226,8785,-858,-39,-2,-4,-18,2,329,3590,831,-299,-284,12228,1561,1518,1695,1685,131,-215,109,-178,42,-339,244,295,-126,0,-40,154
81226,87,-55,4,188,896,1934,3780,301,-76,7,0,-18,2,328,3568,829,-274,-287,13527,1478,1439,1621,1597,201,-186,167,-154,100,-218,255,243,-110,0,-40,146
81276,-88,-45,193,-4,1166,-2215,2864,301,-84,21,0,-18,2,328,3568,812,-329,-295,18634,1603,1568,1697,1713,110,-268,89,-218,69,-253,255,168,-171,1,-39,149
81326,-154,-259,92,54,1102,-2215,362,-1712,-69,-7,0,-17,1,327,3546,791,-272,-292,13333,1479,1490,1612,1643,43,-298,34,-236,38,-250,244,135,-144,2,-38,150
81376,-967,-279,50,13,877,-1300,-125,-125,3,-11,-2,-16,1,328,3568,759,-315,-284,14787,1569,1510,1669,1677,67,-388,50,-294,0,-396,255,188,-132,4,-37,148
81426,-1176,-249,-97,76,899,3155,3475,-1712,27,-24,0,-17,2,329,3590,740,-345,-284,14397,1619,1568,1727,1736,35,-381,25,-282,0,-468,244,162,-138,5,-35,150
81476,-876,47,74,28,923,7794,2254,-3543,0,18,0,-16,1,327,3546,721,-289,-292,11091,1531,1463,1657,1645,3,-518,2,-374,-33,-635,224,156,-168,7,-33,144
81526,-1209,-453,-199,15,1065,1690,2498,-2689,26,-53,10,-16,1,327,3546,696,-352,-292,16452,1645,1631,1755,1752,37,-583,26,-405,-33,-632,234,166,-182,8,-31,155
81576,-1052,-863,-212,83,1085,-3802,7930,-3421,19,-93,2,-16,1,306,3105,702,-290,-328,12181,1404,1396,1576,1557,-84,-580,-59,-407,-166,-644,204,93,-238,10,-29,158
81626,-583,-219,85,-81,790,1812,3292,-186,-41,-3,0,-16,1,291,2808,675,-355,-435,9489,1349,1318,1469,1450,-102,-731,-69,-493,-144,-660,204,32,-356,11,-27,153
81676,-391,-102,-20,11,492,-3253,-1712,1583,-47,74,2,-16,17,292,2828,674,-500,-435,19794,1674,1625,1750,1735,-81,-869,-54,-586,-9,-557,234,-40,-408,11,-26,155
81726,-767,-410,171,-137,860,-12225,-9219,-675,-36,106,2,-16,23,292,2828,643,-460,-432,15408,1536,1580,1670,1716,-179,-772,-115,-496,0,-451,234,-68,-455,12,-25,160
81776,-1662,-890,76,-158,1103,-6549,-7938,-1956,39,56,2,-18,25,291,2808,631,-411,-432,12333,1512,1437,1634,1616,-160,-876,-101,-553,-111,-958,214,-13,-389,12,-24,162
81826,-1789,-852,-79,28,902,3643,-3116,-736,118,185,0,-9,53,291,2808,582,-383,-435,12234,1438,1435,1617,1555,-188,-993,-109,-578,-134,-1041,204,-31,-437,13,-22,160
81876,-1386,-770,31,-148,1271,3826,-6900,-1651,137,265,0,4,65,292,2828,564,-397,-432,14539,1408,1387,1567,1575,-287,-1125,-162,-635,0,-1204,163,-130,-499,14,-20,161
81926,-1351,-1445,220,-233,736,6695,-13675,-1346,140,374,-2,9,93,292,2828,552,-403,-432,13176,1490,1526,1675,1623,-343,-1264,-189,-698,-43,-1370,122,-186,-594,14,-19,166
81976,-723,-2155,49,-142,653,14324,-17276,-125,268,451,2,43,125,293,2847,547,-460,-435,16757,1613,1546,1710,1717,-447,-1313,-244,-718,-94,-1585,122,-194,-668,14,-18,165
82176,1470,-2660,38,-48,1005,14691,-9403,-1773,97,266,2,45,99,291,2808,420,-550,-432,17374,1650,1608,1764,1748,-1256,-1802,-527,-757,-1140,-1997,153,-382,-790,19,-16,166
82226,1541,-2772,108,138,1430,9320,240,-3116,103,375,-2,45,122,292,2828,402,-499,-432,13757,1518,1484,1718,1619,-1444,-1902,-580,-764,-1425,-2066,122,-515,-764,20,-16,167
82276,1394,-2271,134,-258,1148,9136,-7083,-1407,84,455,0,45,128,292,2828,434,-391,-432,13883,1563,1492,1688,1681,-1891,-1993,-820,-865,-1633,-2136,153,-603,-784,22,-15,168
82326,1284,-2470,60,-85,505,9564,-20389,-1651,103,258,0,46,91,292,2828,345,-436,-432,13478,1606,1591,1697,1746,-1989,-1890,-686,-652,-1624,-1976,112,-679,-780,23,-16,166
82376,1187,-3104,156,-225,636,3277,-14407,-1773,94,106,0,46,70,291,2808,349,-493,-432,16771,1582,1543,1724,1691,-1989,-1890,-694,-659,-1624,-1976,0,-757,-816,23,-18,165
82426,1643,-2040,-151,50,935,6451,6405,-736,95,-8,0,46,38,292,2828,331,-358,-432,8619,1395,1358,1622,1545,-1989,-1890,-658,-625,-1624,-1976,0,-772,-825,23,-19,159
82476,1684,-1425,48,94,646,836,9090,911,88,2,0,44,25,292,2828,325,-455,-435,18602,1624,1608,1698,1675,-1989,-1890,-646,-614,-1624,-1976,0,-741,-736,21,-20,155
82526,1311,-1333,-29,-53,895,1446,11776,-1651,62,-29,2,37,19,292,2828,287,-506,-432,18243,1689,1703,1825,1786,-1989,-1890,-571,-542,-1624,-1976,0,-752,-724,20,-22,163
82576,1029,-878,-58,-178,1343,-4473,12508,-308,53,9,2,32,19,291,2808,304,-444,-435,19969,1535,1457,1663,1624,-1989,-1890,-604,-574,-1624,-1976,0,-666,-710,18,-25,162
82626,1104,187,-77,-59,1137,-1300,9945,2987,24,92,2,25,17,291,2808,250,-427,-435,17055,1574,1565,1696,1676,-1989,-1890,-499,-474,-1624,-1976,0,-692,-637,16,-27,160
82676,942,490,-178,-131,821,-13629,1217,-1773,-8,98,2,19,15,291,2808,202,-416,-435,12069,1530,1525,1660,1667,-1989,-1890,-401,-381,-1624,-1976,0,-568,-619,13,-30,162
82726,575,418,23,0,801,-4901,2559,-552,41,59,0,18,4,292,2828,146,-447,-432,12532,1717,1697,1805,1787,-1989,-1890,-290,-276,-1624,-1976,0,-578,-516,11,-31,154
82776,354,593,-119,-217,1133,1507,-4215,-3238,141,64,2,38,4,293,2847,152,-407,-427,11185,1490,1433,1628,1627,-1989,-1890,-302,-287,-1624,-1976,0,-515,-527,8,-34,161
82826,769,-155,83,35,1520,-5267,-247,-3726,85,5,2,30,2,290,2789,144,-317,-440,6900,1401,1443,1566,1547,-1989,-1890,-286,-272,-1624,-1976,0,-480,-433,7,-36,155
82876,164,-220,-25,-172,739,-1727,-6778,1156,69,-2,0,21,3,291,2808,150,-357,-435,13331,1622,1508,1664,1667,-1989,-1890,-298,-283,-1624,-1976,0,-497,-395,4,-38,159
82926,721,-456,304,-79,874,3826,240,1156,43,3,2,23,2,292,2828,146,-331,-432,13119,1529,1545,1667,1639,-1989,-1890,-290,-276,-1624,-1976,0,-486,-387,2,-39,154
82976,364,-798,94,-153,340,2484,667,1827,40,-29,0,23,2,291,2808,63,-431,-435,13936,1591,1546,1687,1689,-1989,-1890,-125,-119,-1624,-1976,0,-398,-320,0,-41,155
83026,496,-677,-93,56,1166,958,2376,972,72,-62,2,22,1,291,2808,78,-362,-435,9595,1583,1526,1705,1669,-1989,-1890,-155,-147,-1624,-1976,0,-364,-323,-2,-42,154
83076,606,-622,-197,105,941,-3741,-2567,2742,46,-71,0,18,0,292,2828,42,-273,-432,8365,1544,1518,1727,1587,1027,-1312,43,-55,-856,-1105,112,71,-217,-3,-44,154
83126,783,3371,1697,-214,855,-22601,102291,15194,16,253,2,18,0,291,2808,91,-236,-435,13615,1496,1164,1467,1150,1027,-1312,93,-119,-856,-1105,0,-24,-274,-4,-46,159
83176,369,7361,-588,-323,409,-17779,-84171,21968,-18,597,0,18,0,291,2808,47,-2,-440,5374,1150,1150,1899,1571,1027,-1312,48,-61,-856,-1105,0,-40,-40,-4,-48,155
83226,779,7146,1216,-1768,208,-50372,-31375,13240,0,640,0,18,0,292,2828,72,-297,-432,10638,1808,1603,1413,1150,-214,-123,-15,-8,-559,-447,132,114,-81,-3,-48,157
83276,1125,4652,515,315,476,21710,-3970,-3421,63,500,0,18,0,292,2828,68,-198,-432,5374,1729,1765,1423,1150,-214,-123,-14,-8,-559,-447,0,586,-281,0,-49,151
