FMT, 128, 89, FMT, BBnNZ, Type,Length,Name,Format,Columns
FMT, 129, 23, PARM, Nf, Name,Value
FMT, 130, 45, GPS, BIHBcLLeeEefI, Status,TimeMS,Week,NSats,HDop,Lat,Lng,RelAlt,Alt,Spd,GCrs,VZ,T
FMT, 131, 31, IMU, Iffffff, TimeMS,GyrX,GyrY,GyrZ,AccX,AccY,AccZ
FMT, 132, 67, MSG, Z, Message
FMT, 133, 35, RCIN, Ihhhhhhhhhhhhhh, TimeMS,C1,C2,C3,C4,C5,C6,C7,C8,C9,C10,C11,C12,C13,C14
FMT, 134, 23, RCOU, Ihhhhhhhh, TimeMS,Chan1,Chan2,Chan3,Chan4,Chan5,Chan6,Chan7,Chan8
FMT, 136, 21, BARO, Iffcf, TimeMS,Alt,Press,Temp,CRt
FMT, 137, 13, POWR, ICCH, TimeMS,Vcc,VServo,Flags
FMT, 145, 41, CMD, IHHHfffffff, TimeMS,CTot,CNum,CId,Prm1,Prm2,Prm3,Prm4,Lat,Lng,Alt
FMT, 146, 16, RAD, IBBBBBHH, TimeMS,RSSI,RemRSSI,TxBuf,Noise,RemNoise,RxErrors,Fixed
FMT, 148, 31, CAM, IHLLeeccC, GPSTime,GPSWeek,Lat,Lng,Alt,RelAlt,Roll,Pitch,Yaw
FMT, 25, 25, ATUN, BBfffff, Axis,TuneStep,RateMin,RateMax,RPGain,RDGain,SPGain
FMT, 26, 9, ATDE, cf, Angle,Rate
FMT, 9, 23, CURR, IhIhhhf, TimeMS,ThrOut,ThrInt,Volt,Curr,Vcc,CurrTot
FMT, 12, 20, OF, hhBccee, Dx,Dy,SQual,X,Y,Roll,Pitch
FMT, 5, 47, NTUN, Iffffffffff, TimeMS,DPosX,DPosY,PosX,PosY,DVelX,DVelY,VelX,VelY,DAccX,DAccY
FMT, 4, 33, CTUN, Ihhhffecchh, TimeMS,ThrIn,AngBst,ThrOut,DAlt,Alt,BarAlt,DSAlt,SAlt,DCRt,CRt
FMT, 15, 25, MAG, Ihhhhhhhhh, TimeMS,MagX,MagY,MagZ,OfsX,OfsY,OfsZ,MOfsX,MOfsY,MOfsZ
FMT, 6, 17, PM, HHIhBHB, NLon,NLoop,MaxT,PMT,I2CErr,INSErr,INAVErr
FMT, 1, 23, ATT, IccccCCCC, TimeMS,DesRoll,Roll,DesPitch,Pitch,DesYaw,Yaw,ErrRP,ErrYaw
FMT, 3, 6, MODE, Mh, Mode,ThrCrs
FMT, 10, 3, STRT, , 
FMT, 13, 4, EV, B, Id
FMT, 20, 6, D16, Bh, Id,Value
FMT, 21, 6, DU16, BH, Id,Value
FMT, 22, 8, D32, Bi, Id,Value
FMT, 23, 8, DU32, BI, Id,Value
FMT, 24, 8, DFLT, Bf, Id,Value
FMT, 19, 5, ERR, BB, Subsys,ECode
PARM, SYSID_SW_MREV, 120
PARM, SYSID_SW_TYPE, 10
PARM, SYSID_THISMAV, 1
PARM, SYSID_MYGCS, 255
PARM, SERIAL0_BAUD, 115
PARM, SERIAL1_BAUD, 57
PARM, TELEM_DELAY, 0
PARM, RTL_ALT, 1000
PARM, RNGFND_GAIN, 0.8
PARM, FS_BATT_ENABLE, 2
PARM, FS_BATT_VOLTAGE, 11
PARM, FS_BATT_MAH, 0
PARM, FS_GPS_ENABLE, 1
PARM, FS_GCS_ENABLE, 1
PARM, GPS_HDOP_GOOD, 230
PARM, MAG_ENABLE, 1
PARM, FLOW_ENABLE, 0
PARM, SUPER_SIMPLE, 0
PARM, RTL_ALT_FINAL, 0
PARM, RSSI_PIN, -1
PARM, RSSI_RANGE, 5
PARM, WP_YAW_BEHAVIOR, 2
PARM, RTL_LOIT_TIME, 5000
PARM, LAND_SPEED, 50
PARM, PILOT_VELZ_MAX, 250
PARM, PILOT_ACCEL_Z, 250
PARM, THR_MIN, 130
PARM, THR_MAX, 1000
PARM, FS_THR_ENABLE, 0
PARM, FS_THR_VALUE, 990
PARM, TRIM_THROTTLE, 378
PARM, THR_MID, 500
PARM, THR_DZ, 100
PARM, FLTMODE1, 0
PARM, FLTMODE2, 0
PARM, FLTMODE3, 0
PARM, FLTMODE4, 0
PARM, FLTMODE5, 0
PARM, FLTMODE6, 0
PARM, SIMPLE, 1
PARM, LOG_BITMASK, 894
PARM, ESC, 0
PARM, TUNE, 0
PARM, TUNE_LOW, 0
PARM, TUNE_HIGH, 1000
PARM, FRAME, 1
PARM, CH7_OPT, 28
PARM, CH8_OPT, 0
PARM, ARMING_CHECK, 1
PARM, ANGLE_MAX, 4500
PARM, RC_FEEL_RP, 100
PARM, PHLD_BRAKE_RATE, 8
PARM, PHLD_BRAKE_ANGLE, 3000
PARM, LAND_REPOSITION, 1
PARM, EKF_CHECK_THRESH, 0.8
PARM, DCM_CHECK_THRESH, 0.8
PARM, RC1_MIN, 1102
PARM, RC1_TRIM, 1571
PARM, RC1_MAX, 2065
PARM, RC1_REV, 1
PARM, RC1_DZ, 30
PARM, RC2_MIN, 1170
PARM, RC2_TRIM, 1655
PARM, RC2_MAX, 2076
PARM, RC2_REV, 1
PARM, RC2_DZ, 30
PARM, RC3_MIN, 1004
PARM, RC3_TRIM, 1008
PARM, RC3_MAX, 2008
PARM, RC3_REV, 1
PARM, RC3_DZ, 30
PARM, RC4_MIN, 1188
PARM, RC4_TRIM, 1489
PARM, RC4_MAX, 1789
PARM, RC4_REV, 1
PARM, RC4_DZ, 40
PARM, RC5_MIN, 1000
PARM, RC5_TRIM, 2004
PARM, RC5_MAX, 2005
PARM, RC5_REV, 1
PARM, RC5_DZ, 0
PARM, RC5_FUNCTION, 0
PARM, RC6_MIN, 1500
PARM, RC6_TRIM, 1500
PARM, RC6_MAX, 1501
PARM, RC6_REV, 1
PARM, RC6_DZ, 0
PARM, RC6_FUNCTION, 0
PARM, RC7_MIN, 1500
PARM, RC7_TRIM, 1500
PARM, RC7_MAX, 1501
PARM, RC7_REV, 1
PARM, RC7_DZ, 0
PARM, RC7_FUNCTION, 0
PARM, RC8_MIN, 1500
PARM, RC8_TRIM, 1500
PARM, RC8_MAX, 1501
PARM, RC8_REV, 1
PARM, RC8_DZ, 0
PARM, RC8_FUNCTION, 0
PARM, RC10_MIN, 1100
PARM, RC10_TRIM, 1500
PARM, RC10_MAX, 1900
PARM, RC10_REV, 1
PARM, RC10_DZ, 0
PARM, RC10_FUNCTION, 0
PARM, RC11_MIN, 1100
PARM, RC11_TRIM, 1500
PARM, RC11_MAX, 1900
PARM, RC11_REV, 1
PARM, RC11_DZ, 0
PARM, RC11_FUNCTION, 0
PARM, RC_SPEED, 490
PARM, ACRO_RP_P, 4.5
PARM, ACRO_YAW_P, 4.5
PARM, ACRO_BAL_ROLL, 1
PARM, ACRO_BAL_PITCH, 1
PARM, ACRO_TRAINER, 2
PARM, ACRO_EXPO, 0.3
PARM, RATE_RLL_P, 0.15
PARM, RATE_RLL_I, 0.1
PARM, RATE_RLL_D, 0.004
PARM, RATE_RLL_IMAX, 1000
PARM, RATE_PIT_P, 0.15
PARM, RATE_PIT_I, 0.1
PARM, RATE_PIT_D, 0.004
PARM, RATE_PIT_IMAX, 1000
PARM, RATE_YAW_P, 0.196
PARM, RATE_YAW_I, 0.02
PARM, RATE_YAW_D, 0
PARM, RATE_YAW_IMAX, 1000
PARM, LOITER_LAT_P, 1
PARM, LOITER_LAT_I, 0.5
PARM, LOITER_LAT_D, 0
PARM, LOITER_LAT_IMAX, 1000
PARM, LOITER_LON_P, 1
PARM, LOITER_LON_I, 0.5
PARM, LOITER_LON_D, 0
PARM, LOITER_LON_IMAX, 1000
PARM, THR_RATE_P, 5
PARM, THR_ACCEL_P, 0.5
PARM, THR_ACCEL_I, 1
PARM, THR_ACCEL_D, 0
PARM, THR_ACCEL_IMAX, 800
PARM, OF_RLL_P, 2.5
PARM, OF_RLL_I, 0.5
PARM, OF_RLL_D, 0.12
PARM, OF_RLL_IMAX, 100
PARM, OF_PIT_P, 2.5
PARM, OF_PIT_I, 0.5
PARM, OF_PIT_D, 0.12
PARM, OF_PIT_IMAX, 100
PARM, STB_RLL_P, 4.5
PARM, STB_PIT_P, 4.5
PARM, STB_YAW_P, 4.5
PARM, THR_ALT_P, 1
PARM, HLD_LAT_P, 1
PARM, CAM_TRIGG_TYPE, 0
PARM, CAM_DURATION, 10
PARM, CAM_SERVO_ON, 1300
PARM, CAM_SERVO_OFF, 1100
PARM, CAM_TRIGG_DIST, 0
PARM, RELAY_PIN, 13
PARM, RELAY_PIN2, -1
PARM, COMPASS_OFS_X, -52
PARM, COMPASS_OFS_Y, 54
PARM, COMPASS_OFS_Z, -40
PARM, COMPASS_DEC, 0
PARM, COMPASS_LEARN, 0
PARM, COMPASS_USE, 1
PARM, COMPASS_AUTODEC, 1
PARM, COMPASS_MOTCT, 1
PARM, COMPASS_MOT_X, -1.865996
PARM, COMPASS_MOT_Y, -1.598155
PARM, COMPASS_MOT_Z, -1.755396
PARM, COMPASS_ORIENT, 8
PARM, COMPASS_EXTERNAL, 1
PARM, INS_PRODUCT_ID, 0
PARM, INS_ACCSCAL_X, 1.00223
PARM, INS_ACCSCAL_Y, 0.9959154
PARM, INS_ACCSCAL_Z, 0.9945582
PARM, INS_ACCOFFS_X, 0.02107259
PARM, INS_ACCOFFS_Y, 0.115267
PARM, INS_ACCOFFS_Z, -0.03659893
PARM, INS_GYROFFS_X, 0.0152343
PARM, INS_GYROFFS_Y, -0.04894345
PARM, INS_GYROFFS_Z, 0.01611229
PARM, INS_MPU6K_FILTER, 0
PARM, INAV_TC_XY, 2.5
PARM, INAV_TC_Z, 5
PARM, WPNAV_SPEED, 500
PARM, WPNAV_RADIUS, 200
PARM, WPNAV_SPEED_UP, 250
PARM, WPNAV_SPEED_DN, 150
PARM, WPNAV_LOIT_SPEED, 500
PARM, WPNAV_ACCEL, 100
PARM, WPNAV_ACCEL_Z, 100
PARM, WPNAV_LOIT_JERK, 1000
PARM, CIRCLE_RADIUS, 200
PARM, CIRCLE_RATE, 20
PARM, ATC_RATE_RP_MAX, 18000
PARM, ATC_RATE_Y_MAX, 9000
PARM, ATC_SLEW_YAW, 1000
PARM, ATC_ACCEL_RP_MAX, 0
PARM, ATC_ACCEL_Y_MAX, 0
PARM, ATC_RATE_FF_ENAB, 0
PARM, POSCON_THR_HOVER, 378
PARM, SR0_RAW_SENS, 0
PARM, SR0_EXT_STAT, 0
PARM, SR0_RC_CHAN, 0
PARM, SR0_RAW_CTRL, 0
PARM, SR0_POSITION, 0
PARM, SR0_EXTRA1, 0
PARM, SR0_EXTRA2, 0
PARM, SR0_EXTRA3, 0
PARM, SR0_PARAMS, 0
PARM, SR1_RAW_SENS, 0
PARM, SR1_EXT_STAT, 0
PARM, SR1_RC_CHAN, 0
PARM, SR1_RAW_CTRL, 0
PARM, SR1_POSITION, 0
PARM, SR1_EXTRA1, 0
PARM, SR1_EXTRA2, 0
PARM, SR1_EXTRA3, 0
PARM, SR1_PARAMS, 0
PARM, AHRS_GPS_GAIN, 1
PARM, AHRS_GPS_USE, 1
PARM, AHRS_YAW_P, 0.1
PARM, AHRS_RP_P, 0.1
PARM, AHRS_WIND_MAX, 0
PARM, AHRS_TRIM_X, 0.03520381
PARM, AHRS_TRIM_Y, 0.001582212
PARM, AHRS_TRIM_Z, 0
PARM, AHRS_ORIENTATION, 0
PARM, AHRS_COMP_BETA, 0.1
PARM, AHRS_GPS_MINSATS, 6
PARM, MNT_MODE, 0
PARM, MNT_RETRACT_X, 0
PARM, MNT_RETRACT_Y, 0
PARM, MNT_RETRACT_Z, 0
PARM, MNT_NEUTRAL_X, 0
PARM, MNT_NEUTRAL_Y, 0
PARM, MNT_NEUTRAL_Z, 0
PARM, MNT_CONTROL_X, 0
PARM, MNT_CONTROL_Y, 0
PARM, MNT_CONTROL_Z, 0
PARM, MNT_STAB_ROLL, 0
PARM, MNT_STAB_TILT, 0
PARM, MNT_STAB_PAN, 0
PARM, MNT_RC_IN_ROLL, 0
PARM, MNT_ANGMIN_ROL, -4500
PARM, MNT_ANGMAX_ROL, 4500
PARM, MNT_RC_IN_TILT, 0
PARM, MNT_ANGMIN_TIL, -4500
PARM, MNT_ANGMAX_TIL, 4500
PARM, MNT_RC_IN_PAN, 0
PARM, MNT_ANGMIN_PAN, -4500
PARM, MNT_ANGMAX_PAN, 4500
PARM, MNT_JSTICK_SPD, 0
PARM, BATT_MONITOR, 0
PARM, BATT_VOLT_PIN, -1
PARM, BATT_CURR_PIN, -1
PARM, BATT_VOLT_MULT, 10.1
PARM, BATT_AMP_PERVOLT, 17
PARM, BATT_AMP_OFFSET, 0
PARM, BATT_CAPACITY, 3300
PARM, BATT_VOLT2_PIN, -1
PARM, BATT_VOLT2_MULT, 1
PARM, GND_ABS_PRESS, 100586.5
PARM, GND_TEMP, 34.49717
PARM, GND_ALT_OFFSET, 0
PARM, GPS_TYPE, 1
PARM, GPS_NAVFILTER, 8
PARM, SCHED_DEBUG, 0
PARM, FENCE_ENABLE, 0
PARM, FENCE_TYPE, 3
PARM, FENCE_ACTION, 1
PARM, FENCE_ALT_MAX, 30
PARM, FENCE_RADIUS, 100
PARM, FENCE_MARGIN, 2
PARM, GPSGLITCH_ENABLE, 1
PARM, GPSGLITCH_RADIUS, 200
PARM, GPSGLITCH_ACCEL, 1000
PARM, BAROGLTCH_ENABLE, 1
PARM, BAROGLTCH_DIST, 500
PARM, BAROGLTCH_ACCEL, 1500
PARM, MOT_TCRV_ENABLE, 1
PARM, MOT_TCRV_MIDPCT, 52
PARM, MOT_TCRV_MAXPCT, 93
PARM, MOT_SPIN_ARMED, 0
PARM, RCMAP_ROLL, 1
PARM, RCMAP_PITCH, 2
PARM, RCMAP_THROTTLE, 3
PARM, RCMAP_YAW, 4
PARM, MIS_TOTAL, 6
PARM, MIS_RESTART, 0
PARM, RNGFND_TYPE, 0
PARM, RNGFND_PIN, -1
PARM, RNGFND_SCALING, 3
PARM, RNGFND_OFFSET, 0
PARM, RNGFND_FUNCTION, 0
PARM, RNGFND_MIN_CM, 20
PARM, RNGFND_MAX_CM, 700
PARM, RNGFND_STOP_PIN, -1
PARM, RNGFND_SETTLE_MS, 0
PARM, RNGFND_RMETRIC, 1
MSG, ArduCopter V3.2.1 (36b405fb)
MSG, Frame: QUAD
MODE, Stabilize, 378
EV, 10
MODE, Stabilize, 378
CTUN, 13448, 0, 0, 0, 0, -0.06, 0.00, 0.00, 0.00, 0, -23
ATT, 13450, 0.00, -2.63, 0.00, -0.61, 5.06, 5.06, 0.00, 0.00
RCIN, 13450, 1488, 1500, 993, 1505, 2005, 1500, 1500, 1500, 0, 0, 0, 0, 0, 0
GPS, 1, 0, 0, 0, 0.00, 0, 0, 0.00, 0.00, 0.00, 0.00, 0, 13478
DU32, 7, 936920
CURR, 13538, 0, 0, 0, 0, 4505, 0
CTUN, 13549, 0, 0, 0, 0, 0, 0.08, 0.00, 0.00, 0, -23
ATT, 13551, 0.00, -2.63, 0.00, -0.61, 5.06, 5.06, 0.00, 0.00
RCIN, 13551, 1488, 1500, 993, 1505, 2004, 1500, 1500, 1500, 0, 0, 0, 0, 0, 0
CTUN, 13649, 0, 0, 0, 0, -0.02, -0.08, 0.00, 0.00, 0, -23
ATT, 13650, 0.00, -2.63, 0.00, -0.60, 5.06, 5.06, 0.00, 0.00
RCIN, 13651, 1488, 1500, 993, 1505, 2005, 1500, 1500, 1500, 0, 0, 0, 0, 0, 0
CTUN, 13749, 0, 0, 0, 0, -0.05, -0.10, 0.00, 0.00, 0, -24
ATT, 13751, 0.00, -2.63, 0.00, -0.60, 5.06, 5.06, 0.00, 0.00
RCIN, 13751, 1488, 1500, 993, 1505, 2004, 1500, 1500, 1500, 0, 0, 0, 0, 0, 0
CTUN, 13849, 0, 0, 0, 0, -0.08, -0.12, 0.00, 0.00, 0, -25
ATT, 13851, 0.00, -2.63, 0.00, -0.60, 5.06, 5.06, 0.00, 0.00
RCIN, 13851, 1488, 1500, 993, 1505, 2004, 1500, 1500, 1500, 0, 0, 0, 0, 0, 0
CTUN, 13949, 0, 0, 0, 0, -0.11, -0.01, 0.00, 0.00, 0, -25
ATT, 13951, 0.00, -2.62, 0.00, -0.60, 5.06, 5.06, 0.00, 0.00
RCIN, 13951, 1488, 1500, 993, 1505, 2004, 1500, 1500, 1500, 0, 0, 0, 0, 0, 0
CTUN, 14049, 0, 0, 0, 0, -0.13, -0.05, 0.00, 0.00, 0, -25
ATT, 14051, 0.00, -2.62, 0.00, -0.60, 5.06, 5.06, 0.00, 0.00
RCIN, 14051, 1488, 1500, 993, 1505, 2004, 1500, 1500, 1500, 0, 0, 0, 0, 0, 0
CTUN, 14149, 0, 0, 0, 0, -0.15, -0.09, 0.00, 0.00, 0, -26
ATT, 14150, 0.00, -2.63, 0.00, -0.60, 5.06, 5.06, 0.00, 0.00
RCIN, 14151, 1488, 1500, 993, 1505, 2004, 1500, 1500, 1500, 0, 0, 0, 0, 0, 0
CTUN, 14249, 0, 0, 0, 0, -0.18, 0.04, 0.00, 0.00, 0, -26
ATT, 14250, 0.00, -2.63, 0.00, -0.60, 5.07, 5.07, 0.00, 0.00
RCIN, 14251, 1488, 1500, 993, 1505, 2005, 1500, 1500, 1500, 0, 0, 0, 0, 0, 0
CTUN, 14349, 0, 0, 0, 0, -0.19, -0.07, 0.00, 0.00, 0, -26
ATT, 14351, 0.00, -2.63, 0.00, -0.60, 5.07, 5.07, 0.00, 0.00
RCIN, 14351, 1488, 1500, 993, 1505, 2004, 1500, 1500, 1500, 0, 0, 0, 0, 0, 0
CTUN, 14449, 0, 0, 0, 0, -0.21, -0.06, 0.00, 0.00, 0, -27
ATT, 14451, 0.00, -2.63, 0.00, -0.60, 5.07, 5.07, 0.00, 0.00
RCIN, 14451, 1488, 1500, 993, 1505, 2005, 1500, 1500, 1500, 0, 0, 0, 0, 0, 0
GPS, 3, 494745000, 1904, 6, 3.51, 12.9919126, 80.2308634, -0.22, 24.48, 0.07, 0.00, 0.2, 14478
DU32, 7, 936920
CURR, 14538, 0, 0, 0, 0, 4523, 0
CTUN, 14549, 0, 0, 0, 0, -0.23, -0.06, 0.00, 0.00, 0, -27
ATT, 14551, 0.00, -2.62, 0.00, -0.60, 5.07, 5.07, 0.00, 0.00
RCIN, 14551, 1488, 1500, 993, 1505, 2004, 1500, 1500, 1500, 0, 0, 0, 0, 0, 0
CTUN, 14649, 0, 0, 0, 0, -0.25, -0.07, 0.00, 0.00, 0, -27
ATT, 14651, 0.00, -2.62, 0.00, -0.60, 5.07, 5.07, 0.00, 0.00
RCIN, 14651, 1488, 1500, 993, 1505, 2004, 1500, 1501, 1500, 0, 0, 0, 0, 0, 0
GPS, 3, 494745200, 1904, 6, 3.51, 12.9919087, 80.2308623, -0.26, 23.36, 0.17, 0.00, 0.29, 14678
CTUN, 14749, 0, 0, 0, 0, -0.27, -0.08, 0.00, 0.00, 0, -28
ATT, 14750, 0.00, -2.62, 0.00, -0.59, 5.07, 5.07, 0.04, 0.00
RCIN, 14751, 1488, 1500, 993, 1505, 2004, 1500, 1500, 1500, 0, 0, 0, 0, 0, 0
CTUN, 14849, 0, 0, 0, 0, -0.29, -0.09, 0.00, 0.00, 0, -28
ATT, 14851, 0.00, -2.61, 0.00, -0.57, 5.07, 5.07, 0.04, 0.00
RCIN, 14851, 1488, 1500, 993, 1505, 2005, 1500, 1500, 1500, 0, 0, 0, 0, 0, 0
GPS, 3, 494745400, 1904, 6, 3.51, 12.9919057, 80.230861, -0.30, 22.40, 0.18, 0.00, 0.39, 14878
CTUN, 14949, 0, 0, 0, 0, -0.31, -0.06, 0.00, 0.00, 0, -28
ATT, 14950, 0.00, -2.60, 0.00, -0.55, 5.07, 5.07, 0.02, 0.00
RCIN, 14951, 1488, 1500, 993, 1505, 2005, 1500, 1500, 1500, 0, 0, 0, 0, 0, 0
CTUN, 15049, 0, 0, 0, 0, -0.33, -0.08, 0.00, 0.00, 0, -28
ATT, 15051, 0.00, -2.61, 0.00, -0.54, 5.07, 5.07, 0.02, 0.00
RCIN, 15051, 1488, 1500, 993, 1505, 2004, 1500, 1500, 1500, 0, 0, 0, 0, 0, 0
GPS, 3, 494745600, 1904, 6, 3.51, 12.9919036, 80.2308595, -0.33, 21.70, 0.14, 0.00, 0.45, 15078
CTUN, 15149, 0, 0, 0, 0, -0.34, -0.12, 0.00, 0.00, 0, -29
ATT, 15151, 0.00, -2.62, 0.00, -0.54, 5.06, 5.06, 0.03, 0.00
RCIN, 15151, 1488, 1500, 993, 1505, 2004, 1500, 1500, 1500, 0, 0, 0, 0, 0, 0
CTUN, 15249, 0, 0, 0, 0, -0.36, 0.00, 0.00, 0.00, 0, -29
ATT, 15251, 0.00, -2.64, 0.00, -0.55, 5.07, 5.07, 0.03, 0.00
RCIN, 15251, 1488, 1500, 993, 1505, 2004, 1500, 1500, 1500, 0, 0, 0, 0, 0, 0
GPS, 3, 494745800, 1904, 6, 3.51, 12.9918997, 80.2308581, -0.37, 20.63, 0.19, 0.00, 0.61, 15278
CTUN, 15349, 0, 0, 0, 0, -0.37, -0.10, 0.00, 0.00, 0, -29
ATT, 15351, 0.00, -2.66, 0.00, -0.55, 5.07, 5.07, 0.04, 0.00
RCIN, 15351, 1488, 1500, 993, 1505, 2004, 1500, 1500, 1500, 0, 0, 0, 0, 0, 0
CTUN, 15450, 0, 0, 0, 0, -0.39, -0.08, 0.00, 0.00, 0, -29
ATT, 15451, 0.00, -2.69, 0.00, -0.54, 5.07, 5.07, 0.04, 0.00
RCIN, 15451, 1488, 1500, 993, 1505, 2005, 1500, 1500, 1500, 0, 0, 0, 0, 0, 0
GPS, 3, 494746000, 1904, 6, 3.51, 12.9918971, 80.2308573, -0.39, 20.02, 0.22, 0.00, 0.63, 15478
DU32, 7, 936920
CURR, 15538, 0, 0, 0, 0, 4487, 0
CTUN, 15549, 0, 0, 0, 0, -0.4, -0.11, 0.00, 0.00, 0, -29
ATT, 15551, 0.00, -2.71, 0.00, -0.53, 5.07, 5.07, 0.03, 0.00
RCIN, 15551, 1488, 1500, 993, 1505, 2004, 1500, 1500, 1500, 0, 0, 0, 0, 0, 0
CTUN, 15649, 0, 0, 0, 0, -0.41, -0.08, 0.00, 0.00, 0, -29
ATT, 15651, 0.00, -2.73, 0.00, -0.54, 5.07, 5.07, 0.03, 0.00
RCIN, 15651, 1488, 1500, 993, 1505, 2004, 1500, 1500, 1500, 0, 0, 0, 0, 0, 0
GPS, 3, 494746200, 1904, 6, 3.51, 12.9918954, 80.2308563, -0.42, 19.60, 0.22, 0.00, 0.6, 15678
CTUN, 15749, 0, 0, 0, 0, -0.43, -0.10, 0.00, 0.00, 0, -29
ATT, 15751, 0.00, -2.74, 0.00, -0.55, 5.07, 5.07, 0.03, 0.00
RCIN, 15751, 1488, 1500, 993, 1505, 2004, 1500, 1500, 1500, 0, 0, 0, 0, 0, 0
CTUN, 15849, 0, 0, 0, 0, -0.44, -0.19, 0.00, 0.00, 0, -29
ATT, 15851, 0.00, -2.75, 0.00, -0.56, 5.06, 5.06, 0.03, 0.00
RCIN, 15851, 1488, 1500, 993, 1505, 2005, 1500, 1500, 1500, 0, 0, 0, 0, 0, 0
GPS, 3, 494746400, 1904, 6, 3.51, 12.991894, 80.2308552, -0.45, 19.35, 0.18, 0.00, 0.51, 15878
CTUN, 15949, 0, 0, 0, 0, -0.46, 0.05, 0.00, 0.00, 0, -29
ATT, 15951, 0.00, -2.75, 0.00, -0.57, 5.07, 5.07, 0.02, 0.00
RCIN, 15951, 1488, 1500, 993, 1505, 2005, 1500, 1500, 1500, 0, 0, 0, 0, 0, 0
CTUN, 16049, 0, 0, 0, 0, -0.46, -0.09, 0.00, 0.00, 0, -29
ATT, 16051, 0.00, -2.74, 0.00, -0.59, 5.06, 5.06, 0.02, 0.00
RCIN, 16051, 1488, 1500, 993, 1505, 2004, 1500, 1500, 1500, 0, 0, 0, 0, 0, 0
GPS, 3, 494746600, 1904, 6, 3.51, 12.9918926, 80.2308546, -0.46, 19.16, 0.13, 0.00, 0.47, 16078
CTUN, 16149, 0, 0, 0, 0, -0.47, -0.06, 0.00, 0.00, 0, -29
ATT, 16150, 0.00, -2.73, 0.00, -0.60, 5.06, 5.06, 0.02, 0.00
RCIN, 16151, 1488, 1500, 993, 1505, 2004, 1500, 1500, 1500, 0, 0, 0, 0, 0, 0
CTUN, 16249, 0, 0, 0, 0, -0.48, -0.04, 0.00, 0.00, 0, -29
ATT, 16251, 0.00, -2.72, 0.00, -0.60, 5.06, 5.06, 0.02, 0.00
RCIN, 16251, 1488, 1500, 993, 1505, 2004, 1500, 1500, 1500, 0, 0, 0, 0, 0, 0
GPS, 3, 494746800, 1904, 6, 3.51, 12.9918909, 80.2308539, -0.48, 18.73, 0.13, 0.00, 0.48, 16278
CTUN, 16349, 0, 0, 0, 0, -0.48, -0.07, 0.00, 0.00, 0, -29
ATT, 16351, 0.00, -2.71, 0.00, -0.61, 5.06, 5.06, 0.00, 0.00
RCIN, 16351, 1488, 1500, 993, 1505, 2005, 1500, 1500, 1500, 0, 0, 0, 0, 0, 0
CTUN, 16449, 0, 0, 0, 0, -0.49, -0.12, 0.00, 0.00, 0, -29
ATT, 16451, 0.00, -2.70, 0.00, -0.60, 5.06, 5.06, 0.00, 0.00
RCIN, 16451, 1488, 1500, 993, 1505, 2004, 1500, 1500, 1500, 0, 0, 0, 0, 0, 0
GPS, 3, 494747000, 1904, 6, 3.51, 12.9918901, 80.2308533, -0.49, 18.64, 0.16, 0.00, 0.44, 16478
EV, 25
CMD, 16479, 6, 0, 16, 0, 0, 0, 0, 12.99189, 80.23086, 18.64
ERR, 7, 1
DU32, 7, 936921
CURR, 16538, 0, 0, 0, 0, 4523, 0
CTUN, 16549, 132, 0, 0, 0, -0.5, -0.04, 0.00, 0.00, 0, -29
ATT, 16551, 0.00, -2.70, 0.00, -0.59, 5.06, 5.06, 0.02, 0.02
RCIN, 16551, 1488, 1500, 1037, 1505, 2004, 1500, 1500, 1500, 0, 0, 0, 0, 0, 0
EV, 15
CTUN, 16651, 138, 0, 138, 0, -0.5, -0.17, 0.00, 0.00, 0, -29
ATT, 16662, -5.43, -2.70, -12.36, -0.57, 5.06, 5.05, 0.02, 0.02
RCIN, 16662, 1488, 1500, 1044, 1505, 2004, 1500, 1500, 1500, 0, 0, 0, 0, 0, 0
GPS, 3, 494747200, 1904, 6, 3.51, 12.9918894, 80.2308528, -0.51, 18.55, 0.12, 0.00, 0.36, 16680
ERR, 7, 0
CTUN, 16751, 138, 0, 138, 0, -0.51, -0.07, 0.00, 0.00, 0, -29
ATT, 16760, -5.43, -2.69, -12.36, -0.58, 5.06, 5.03, 0.02, 0.02
RCIN, 16761, 1488, 1500, 1044, 1505, 2004, 1500, 1500, 1500, 0, 0, 0, 0, 0, 0
CTUN, 16851, 138, 0, 138, 0, -0.52, -0.08, 0.00, 0.00, 0, -29
ATT, 16862, -5.43, -2.68, -12.36, -0.59, 5.06, 5.05, 0.02, 0.02
RCIN, 16862, 1488, 1500, 1044, 1505, 2004, 1500, 1500, 1500, 0, 0, 0, 0, 0, 0
GPS, 3, 494747400, 1904, 6, 3.51, 12.9918895, 80.2308526, -0.52, 18.65, 0.06, 0.00, 0.28, 16880
CTUN, 16951, 138, 0, 138, 0, -0.53, -0.15, 0.00, 0.00, 0, -29
ATT, 16960, -5.43, -2.66, -12.36, -0.59, 5.06, 5.01, 0.02, 0.02
RCIN, 16960, 1488, 1500, 1044, 1505, 2004, 1500, 1500, 1500, 0, 0, 0, 0, 0, 0
CTUN, 17051, 138, 0, 138, 0, -0.53, -0.26, 0.00, 0.00, 0, -28
ATT, 17062, -5.43, -2.66, -12.36, -0.61, 5.06, 5.01, 0.02, 0.02
RCIN, 17062, 1488, 1500, 1043, 1505, 2004, 1500, 1500, 1500, 0, 0, 0, 0, 0, 0
GPS, 3, 494747600, 1904, 6, 3.51, 12.9918888, 80.2308522, -0.54, 18.45, 0.09, 0.00, 0.29, 17080
CTUN, 17151, 136, 0, 136, 0, -0.55, -0.18, 0.00, 0.00, 0, -29
ATT, 17160, -5.43, -2.65, -12.36, -0.61, 5.06, 5.00, 0.01, 0.02
RCIN, 17160, 1488, 1500, 1041, 1505, 2005, 1500, 1500, 1500, 0, 0, 0, 0, 0, 0
CTUN, 17251, 137, 0, 137, 0, -0.56, -0.40, 0.00, 0.00, 0, -28
ATT, 17262, -5.43, -2.65, -12.36, -0.61, 5.06, 5.02, 0.01, 0.02
RCIN, 17262, 1488, 1500, 1040, 1505, 2004, 1500, 1500, 1500, 0, 0, 0, 0, 0, 0
GPS, 3, 494747800, 1904, 6, 3.51, 12.9918882, 80.2308521, -0.57, 18.21, 0.06, 0.00, 0.29, 17280
CTUN, 17349, 0, 0, 0, 0, -0.58, -0.54, 0.00, 0.00, 0, -27
ATT, 17358, -5.43, -2.66, -12.36, -0.62, 5.07, 5.07, 0.01, 0.02
RCIN, 17359, 1488, 1500, 1018, 1505, 2005, 1500, 1500, 1500, 0, 0, 0, 0, 0, 0
CTUN, 17450, 0, 0, 0, 0, -0.61, -0.47, 0.00, 0.00, 0, -28
ATT, 17460, -5.43, -2.64, -12.36, -0.61, 5.12, 5.12, 0.01, 0.02
RCIN, 17460, 1488, 1500, 1018, 1505, 2004, 1500, 1500, 1500, 0, 0, 0, 0, 0, 0
GPS, 3, 494748000, 1904, 6, 3.51, 12.9918877, 80.2308521, -0.61, 18.06, 0.09, 0.00, 0.31, 17478
DU32, 7, 412665
CURR, 17539, 0, 964, 0, 0, 4505, 0
PM, 26, 1000, 5732610, 0, 0, 0, 0
CTUN, 17549, 0, 0, 0, 0, -0.63, -0.45, 0.00, 0.00, 0, -28
ATT, 17558, -5.43, -2.67, -12.36, -0.62, 5.09, 5.09, 0.01, 0.02
RCIN, 17559, 1488, 1500, 1018, 1505, 2005, 1500, 1500, 1500, 0, 0, 0, 0, 0, 0
CTUN, 17649, 0, 0, 0, 0, -0.65, -0.45, 0.00, 0.00, 0, -28
ATT, 17660, -5.43, -2.65, -12.36, -0.61, 5.10, 5.10, 0.01, 0.02
RCIN, 17660, 1488, 1500, 1019, 1505, 2004, 1500, 1500, 1500, 0, 0, 0, 0, 0, 0
GPS, 3, 494748200, 1904, 6, 3.51, 12.991888, 80.2308524, -0.66, 18.10, 0.04, 0.00, 0.29, 17678
CTUN, 17749, 0, 0, 0, 0, -0.67, -0.29, 0.00, 0.00, 0, -28
ATT, 17758, -5.43, -2.65, -12.36, -0.61, 5.10, 5.10, 0.02, 0.01
RCIN, 17758, 1488, 1500, 1019, 1505, 2004, 1500, 1500, 1500, 0, 0, 0, 0, 0, 0
CTUN, 17850, 0, 0, 0, 0, -0.68, -0.19, 0.00, 0.00, 0, -28
ATT, 17860, -5.43, -2.63, -12.36, -0.62, 5.09, 5.09, 0.02, 0.02
RCIN, 17860, 1488, 1500, 1033, 1505, 2004, 1500, 1500, 1500, 0, 0, 0, 0, 0, 0
EV, 15
GPS, 3, 494748400, 1904, 6, 3.51, 12.9918878, 80.2308525, -0.68, 18.02, 0.07, 0.00, 0.3, 17878
CTUN, 17951, 139, 0, 139, 0, -0.68, -0.25, 0.00, 0.00, 0, -28
ATT, 17960, -5.43, -2.63, -12.36, -0.62, 5.09, 5.04, 0.02, 0.02
RCIN, 17960, 1488, 1500, 1045, 1505, 2004, 1500, 1500, 1500, 0, 0, 0, 0, 0, 0
CTUN, 18051, 138, 0, 138, 0, -0.68, -0.34, 0.00, 0.00, 0, -28
ATT, 18062, -5.43, -2.61, -12.36, -0.62, 5.09, 5.06, 0.02, 0.02
RCIN, 18062, 1488, 1500, 1045, 1505, 2004, 1500, 1500, 1500, 0, 0, 0, 0, 0, 0
GPS, 3, 494748600, 1904, 6, 3.51, 12.9918879, 80.2308526, -0.69, 18.02, 0.09, 0.00, 0.29, 18080
CTUN, 18151, 162, 0, 162, 0, -0.69, -0.32, 0.00, 0.00, 0, -27
ATT, 18160, -5.43, -2.58, -12.36, -0.61, 5.09, 5.10, 0.01, 0.02
RCIN, 18161, 1488, 1500, 1070, 1505, 2005, 1500, 1500, 1500, 0, 0, 0, 0, 0, 0
CTUN, 18251, 162, 0, 162, 0, -0.7, -0.60, 0.00, 0.00, 0, -28
ATT, 18262, -5.43, -2.57, -12.36, -0.59, 5.09, 5.14, 0.01, 0.02
RCIN, 18262, 1488, 1500, 1070, 1505, 2004, 1500, 1500, 1500, 0, 0, 0, 0, 0, 0
GPS, 3, 494748800, 1904, 6, 3.51, 12.9918877, 80.2308528, -0.71, 17.93, 0.09, 0.00, 0.29, 18280
CTUN, 18351, 162, 0, 162, 0, -0.72, -0.42, 0.00, 0.00, 0, -23
ATT, 18360, -5.43, -2.58, -12.36, -0.57, 5.09, 5.16, 0.01, 0.02
RCIN, 18361, 1488, 1500, 1070, 1505, 2004, 1500, 1500, 1500, 0, 0, 0, 0, 0, 0
CTUN, 18451, 162, 0, 162, 0, -0.73, -0.54, 0.00, 0.00, 0, -24
ATT, 18462, -5.43, -2.55, -12.36, -0.57, 5.09, 5.13, 0.01, 0.02
RCIN, 18462, 1488, 1500, 1070, 1505, 2005, 1500, 1500, 1500, 0, 0, 0, 0, 0, 0
GPS, 3, 494749000, 1904, 6, 3.51, 12.9918871, 80.2308527, -0.74, 17.71, 0.09, 0.00, 0.3, 18480
DU32, 7, 412665
CURR, 18541, 162, 2052, 0, 0, 4523, 0
CTUN, 18551, 162, 0, 162, 0, -0.75, -0.74, 0.00, 0.00, 0, -27
ATT, 18560, -5.43, -2.54, -12.36, -0.60, 5.09, 5.12, 0.02, 0.02
RCIN, 18560, 1488, 1500, 1070, 1505, 2005, 1500, 1500, 1500, 0, 0, 0, 0, 0, 0
CTUN, 18651, 163, 0, 163, 0, -0.77, -0.72, 0.00, 0.00, 0, -26
ATT, 18662, -5.43, -2.63, -12.36, -0.60, 5.09, 5.00, 0.02, 0.02
RCIN, 18662, 1488, 1500, 1102, 1505, 2004, 1500, 1500, 1500, 0, 0, 0, 0, 0, 0
GPS, 3, 494749200, 1904, 6, 3.51, 12.9918862, 80.2308525, -0.78, 17.45, 0.14, 0.00, 0.34, 18680
CTUN, 18751, 191, 0, 191, 0, -0.8, -0.80, 0.00, 0.00, 0, -26
ATT, 18760, -5.43, -2.58, -12.36, -0.62, 5.09, 5.05, 0.05, 0.02
RCIN, 18760, 1488, 1500, 1103, 1505, 2004, 1500, 1500, 1500, 0, 0, 0, 0, 0, 0
CTUN, 18851, 191, 0, 191, 0, -0.83, -0.73, 0.00, 0.00, 0, -26
ATT, 18862, -5.43, -2.68, -12.36, -0.53, 5.09, 5.17, 0.05, 0.02
RCIN, 18862, 1488, 1500, 1103, 1505, 2004, 1500, 1500, 1500, 0, 0, 0, 0, 0, 0
GPS, 3, 494749400, 1904, 6, 3.52, 12.9918857, 80.2308524, -0.84, 17.30, 0.14, 0.00, 0.35, 18880
CTUN, 18951, 220, 0, 220, 0, -0.85, -0.90, 0.00, 0.00, 0, -33
ATT, 18960, -5.43, -2.63, -12.36, -0.59, 5.09, 5.12, 0.00, 0.02
RCIN, 18961, 1488, 1500, 1135, 1505, 2004, 1500, 1501, 1500, 0, 0, 0, 0, 0, 0
CTUN, 19051, 221, 0, 221, 0, -0.9, -0.80, 0.00, 0.00, 0, -37
ATT, 19062, -5.43, -2.64, -12.36, -0.63, 5.09, 5.11, 0.00, 0.02
RCIN, 19062, 1488, 1500, 1136, 1505, 2004, 1500, 1500, 1500, 0, 0, 0, 0, 0, 0
GPS, 3, 494749600, 1904, 6, 3.52, 12.9918853, 80.2308526, -0.91, 17.18, 0.13, 0.00, 0.33, 19080
CTUN, 19151, 222, 0, 222, 0, -0.93, -0.70, 0.00, 0.00, 0, -45
ATT, 19160, -5.43, -2.63, -12.36, -0.57, 5.09, 5.02, 0.02, 0.02
RCIN, 19161, 1488, 1500, 1151, 1505, 2004, 1500, 1500, 1500, 0, 0, 0, 0, 0, 0
CTUN, 19251, 251, 0, 251, 0, -0.98, -0.66, 0.00, 0.00, 0, -65
EV, 28
ATT, 19262, -5.43, -2.70, -12.36, -0.59, 5.09, 4.92, 0.02, 0.02
RCIN, 19262, 1488, 1500, 1169, 1505, 2005, 1500, 1500, 1500, 0, 0, 0, 0, 0, 0
GPS, 3, 494749800, 1904, 6, 3.52, 12.991885, 80.2308525, -1.00, 17.04, 0.13, 0.00, 0.35, 19280
CTUN, 19351, 250, 0, 251, 0, -1.04, -0.73, 0.00, 0.00, 0, -87
ATT, 19360, -5.43, -2.74, -12.36, -0.65, 5.09, 4.77, 0.05, 0.02
RCIN, 19361, 1488, 1500, 1169, 1505, 2005, 1500, 1500, 1500, 0, 0, 0, 0, 0, 0
CTUN, 19451, 264, 0, 264, 0, -1.12, -0.78, 0.00, 0.00, 0, -97
ATT, 19462, -5.43, -2.74, -12.36, -0.64, 5.09, 4.69, 0.05, 0.02
RCIN, 19462, 1488, 1500, 1193, 1505, 2005, 1500, 1500, 1500, 0, 0, 0, 0, 0, 0
GPS, 3, 494750000, 1904, 6, 3.52, 12.9918854, 80.2308524, -1.16, 17.10, 0.11, 0.00, 0.34, 19480
DU32, 7, 150393
CURR, 19541, 282, 4273, 0, 0, 4505, 0
CTUN, 19551, 282, 0, 282, 0, -1.22, -0.91, 0.00, 0.00, 0, -108
ATT, 19560, -5.43, -2.81, -12.36, -0.70, 5.09, 4.41, 0.17, 0.02
RCIN, 19560, 1488, 1500, 1205, 1505, 2004, 1500, 1500, 1500, 0, 0, 0, 0, 0, 0
CTUN, 19651, 291, 0, 283, 0, -1.33, -0.84, 0.00, 0.00, 0, -136
ATT, 19662, -5.43, -2.86, -12.36, -0.72, 5.09, 4.33, 0.17, 0.02
RCIN, 19662, 1488, 1500, 1215, 1505, 2004, 1500, 1500, 1500, 0, 0, 0, 0, 0, 0
GPS, 3, 494750200, 1904, 6, 3.52, 12.9918857, 80.2308521, -1.37, 17.08, 0.14, 0.00, 0.33, 19680
CTUN, 19751, 312, 0, 312, 0, -1.45, -0.93, 0.00, 0.00, 0, -150
ATT, 19760, -5.43, -2.88, -12.36, -0.69, 5.09, 4.19, 0.07, 0.02
RCIN, 19760, 1488, 1500, 1237, 1505, 2004, 1500, 1500, 1500, 0, 0, 0, 0, 0, 0
CTUN, 19851, 312, 0, 312, 0, -1.59, -0.84, 0.00, 0.00, 0, -152
ATT, 19862, -5.43, -2.96, -12.36, -0.76, 5.09, 4.29, 0.07, 0.02
RCIN, 19862, 1488, 1500, 1240, 1505, 2004, 1500, 1500, 1500, 0, 0, 0, 0, 0, 0
GPS, 3, 494750400, 1904, 6, 3.52, 12.9918867, 80.230852, -1.64, 17.21, 0.09, 0.00, 0.31, 19880
CTUN, 19951, 340, 0, 338, 0, -1.72, -0.74, 0.00, 0.00, 0, -169
ATT, 19960, -5.43, -2.91, -12.36, -0.75, 5.09, 4.26, 0.04, 0.01
RCIN, 19961, 1488, 1500, 1270, 1505, 2004, 1500, 1500, 1500, 0, 0, 0, 0, 0, 0
CTUN, 20051, 340, 0, 340, 0, -1.86, -0.81, 0.00, 0.00, 0, -200
ATT, 20062, -5.43, -3.04, -12.36, -1.30, 5.09, 4.35, 0.04, 0.02
RCIN, 20062, 1488, 1500, 1276, 1505, 2005, 1500, 1500, 1500, 0, 0, 0, 0, 0, 0
GPS, 3, 494750600, 1904, 6, 3.52, 12.9918875, 80.2308517, -1.93, 17.30, 0.14, 0.00, 0.3, 20080
CTUN, 20151, 364, 0, 364, 0, -2.01, -1.11, 0.00, 0.00, 0, -174
ATT, 20160, -5.43, -3.13, -12.36, -1.97, 5.09, 4.44, 0.13, 0.02
RCIN, 20161, 1488, 1500, 1297, 1505, 2005, 1500, 1500, 1500, 0, 0, 0, 0, 0, 0
CTUN, 20251, 364, 0, 364, 0, -2.13, -0.91, 0.00, 0.00, 0, -151
ATT, 20262, -5.43, -3.28, -12.36, -3.29, 5.09, 4.32, 0.13, 0.02
RCIN, 20262, 1488, 1500, 1297, 1505, 2005, 1500, 1500, 1500, 0, 0, 0, 0, 0, 0
GPS, 3, 494750800, 1904, 6, 3.52, 12.9918882, 80.2308515, -2.17, 17.37, 0.14, 0.00, 0.29, 20281
CTUN, 20351, 364, 1, 365, 0, -2.22, -0.87, 0.00, 0.00, 0, -132
ATT, 20360, -5.43, -3.58, -12.36, -5.25, 5.09, 4.14, 0.09, 0.02
RCIN, 20360, 1488, 1500, 1297, 1505, 2004, 1500, 1500, 1500, 0, 0, 0, 0, 0, 0
CTUN, 20451, 364, 1, 365, 0, -2.29, -0.68, 0.00, 0.00, 0, -155
ATT, 20462, -5.43, -3.69, -12.36, -6.69, 5.09, 3.70, 0.09, 0.02
RCIN, 20462, 1488, 1500, 1297, 1505, 2005, 1500, 1500, 1500, 0, 0, 0, 0, 0, 0
GPS, 3, 494751000, 1904, 6, 3.52, 12.9918897, 80.2308513, -2.32, 17.67, 0.12, 0.00, 0.24, 20480
DU32, 7, 150393
CURR, 20541, 366, 7675, 0, 0, 4487, 0
CTUN, 20551, 364, 2, 366, 0, -2.35, -0.50, 0.00, 0.00, 0, -131
ATT, 20560, -5.43, -3.75, -2.17, -7.59, 5.09, 3.41, 0.11, 0.02
RCIN, 20561, 1488, 1603, 1297, 1505, 2004, 1500, 1500, 1500, 0, 0, 0, 0, 0, 0
CTUN, 20651, 364, 2, 366, 0, -2.38, -0.91, 0.00, 0.00, 0, -118
ATT, 20662, -5.43, -3.88, 0.00, -7.18, 5.09, 3.11, 0.11, 0.02
RCIN, 20662, 1488, 1678, 1297, 1505, 2005, 1500, 1500, 1500, 0, 0, 0, 0, 0, 0
GPS, 3, 494751200, 1904, 6, 3.52, 12.9918925, 80.2308508, -2.40, 18.17, 0.17, 0.00, 0.22, 20680
CTUN, 20751, 363, 0, 363, 0, -2.44, -1.32, 0.00, 0.00, 0, -173
ATT, 20760, -5.43, -3.41, 2.30, -4.03, 5.09, 2.68, 0.25, 0.02
RCIN, 20760, 1488, 1709, 1297, 1505, 2004, 1500, 1500, 1500, 0, 0, 0, 0, 0, 0
CTUN, 20851, 364, 0, 364, 0, -2.55, -1.58, 0.00, 0.00, 0, -153
ATT, 20862, -5.43, -3.17, 3.45, -1.10, 5.09, 2.72, 0.25, 0.02
RCIN, 20862, 1488, 1724, 1297, 1505, 2004, 1500, 1500, 1500, 0, 0, 0, 0, 0, 0
GPS, 3, 494751400, 1904, 6, 3.52, 12.9918947, 80.2308497, -2.59, 18.35, 0.28, 0.00, 0.21, 20880
CTUN, 20951, 364, 0, 364, 0, -2.67, -1.31, 0.00, 0.00, 0, -203
ATT, 20960, -5.43, -3.27, 5.40, -1.45, 5.09, 3.50, 0.05, 0.02
RCIN, 20960, 1488, 1732, 1297, 1505, 2004, 1500, 1500, 1500, 0, 0, 0, 0, 0, 0
CTUN, 21051, 365, 0, 364, 0, -2.82, -1.75, 0.00, 0.00, 0, -216
ATT, 21062, -5.43, -3.31, 5.40, -1.28, 5.09, 4.08, 0.05, 0.03
RCIN, 21062, 1488, 1732, 1298, 1505, 2004, 1500, 1500, 1500, 0, 0, 0, 0, 0, 0
GPS, 3, 494751600, 1904, 6, 3.52, 12.9918969, 80.2308486, -2.88, 18.51, 0.28, 0.00, 0.18, 21080
CTUN, 21151, 389, 0, 389, 0, -2.98, -1.96, 0.00, 0.00, 0, -210
ATT, 21160, -5.43, -3.35, 4.94, -1.21, 5.09, 4.64, 0.27, 0.03
RCIN, 21160, 1488, 1728, 1327, 1505, 2004, 1500, 1500, 1500, 0, 0, 0, 0, 0, 0
CTUN, 21251, 391, 0, 391, 0, -3.14, -1.82, 0.00, 0.00, 0, -197
ATT, 21261, -5.43, -3.15, 4.94, -0.95, 5.09, 5.17, 0.27, 0.02
RCIN, 21262, 1488, 1728, 1328, 1505, 2005, 1500, 1500, 1500, 0, 0, 0, 0, 0, 0
GPS, 3, 494751800, 1904, 6, 3.52, 12.991899, 80.2308476, -3.19, 18.76, 0.28, 0.00, 0.15, 21281
CTUN, 21351, 409, 0, 406, 0, -3.27, -1.86, 0.00, 0.00, 0, -188
ATT, 21360, -5.43, -3.59, 5.17, -1.09, 5.09, 5.48, 0.06, 0.03
RCIN, 21361, 1488, 1730, 1347, 1505, 2005, 1500, 1500, 1500, 0, 0, 0, 0, 0, 0
CTUN, 21451, 418, 0, 416, 0, -3.39, -2.35, 0.00, 0.00, 0, -197
ATT, 21462, -5.43, -3.23, 5.29, -1.02, 5.09, 6.31, 0.06, 0.03
RCIN, 21462, 1488, 1730, 1357, 1505, 2005, 1500, 1500, 1500, 0, 0, 0, 0, 0, 0
GPS, 3, 494752000, 1904, 6, 3.52, 12.9918979, 80.2308463, -3.45, 18.42, 0.22, 0.00, 0.07, 21480
DU32, 7, 150393
CURR, 21541, 419, 11519, 0, 0, 4505, 0
CTUN, 21551, 419, 0, 419, 0, -3.55, -2.35, 0.00, 0.00, 0, -192
ATT, 21560, -5.43, -3.22, 6.32, -1.13, 5.09, 7.27, 0.17, 0.03
RCIN, 21561, 1488, 1740, 1358, 1505, 2004, 1500, 1500, 1500, 0, 0, 0, 0, 0, 0
CTUN, 21651, 419, 0, 419, 0, -3.7, -2.51, 0.00, 0.00, 0, -198
ATT, 21662, -5.43, -3.18, 12.89, -0.68, 5.09, 8.13, 0.17, 0.03
RCIN, 21662, 1488, 1797, 1358, 1505, 2004, 1500, 1500, 1500, 0, 0, 0, 0, 0, 0
GPS, 3, 494752200, 1904, 6, 3.52, 12.9918933, 80.2308466, -3.75, 18.00, 1.00, 162.23, 0.05, 21680
CTUN, 21751, 419, 0, 419, 0, -3.83, -2.53, 0.00, 0.00, 0, -175
ATT, 21760, -5.43, -3.44, 13.81, -0.59, 5.09, 8.77, 0.18, 0.03
RCIN, 21760, 1488, 1805, 1358, 1505, 2005, 1500, 1500, 1500, 0, 0, 0, 0, 0, 0
CTUN, 21851, 419, 0, 419, 0, -3.94, -2.24, 0.00, 0.00, 0, -170
ATT, 21862, -5.43, -3.71, 15.53, -0.36, 5.09, 9.20, 0.18, 0.03
RCIN, 21862, 1488, 1822, 1358, 1505, 2004, 1500, 1500, 1500, 0, 0, 0, 0, 0, 0
GPS, 3, 494752400, 1904, 6, 3.52, 12.9918877, 80.2308467, -3.97, 17.39, 1.55, 167.44, 0.09, 21880
CTUN, 21951, 419, 0, 419, 0, -4.03, -2.55, 0.00, 0.00, 0, -177
ATT, 21960, -5.43, -3.80, 15.88, -0.22, 5.09, 9.27, 0.33, 0.02
RCIN, 21960, 1488, 1823, 1358, 1505, 2004, 1500, 1500, 1500, 0, 0, 0, 0, 0, 0
CTUN, 22051, 419, 0, 419, 0, -4.12, -2.43, 0.00, 0.00, 0, -172
ATT, 22062, -5.43, -3.52, 15.88, 0.10, 5.09, 8.95, 0.33, 0.02
RCIN, 22062, 1488, 1823, 1358, 1505, 2005, 1500, 1500, 1500, 0, 0, 0, 0, 0, 0
GPS, 3, 494752600, 1904, 6, 3.52, 12.9918826, 80.2308478, -4.16, 17.12, 1.88, 167.49, 0.14, 22080
CTUN, 22151, 419, 0, 419, 0, -4.22, -2.55, 0.00, 0.00, 0, -194
ATT, 22160, -5.43, -3.34, 15.88, 0.04, 5.09, 8.35, 0.17, 0.02
RCIN, 22161, 1488, 1823, 1358, 1505, 2004, 1500, 1500, 1500, 0, 0, 0, 0, 0, 0
CTUN, 22251, 439, 0, 431, 0, -4.33, -2.29, 0.00, 0.00, 0, -186
ATT, 22262, -5.43, -3.34, 16.11, 0.11, 5.09, 7.39, 0.17, 0.01
RCIN, 22262, 1488, 1825, 1381, 1505, 2005, 1500, 1500, 1500, 0, 0, 0, 0, 0, 0
GPS, 3, 494752800, 1904, 6, 3.52, 12.9918776, 80.230849, -4.36, 16.90, 2.09, 166.73, 0.18, 22280
CTUN, 22351, 445, 0, 445, 0, -4.38, -2.39, 0.00, 0.00, 0, -142
ATT, 22360, -5.43, -4.29, 16.68, 0.51, 5.09, 6.20, 0.20, 0.01
RCIN, 22361, 1488, 1830, 1387, 1505, 2004, 1500, 1500, 1500, 0, 0, 0, 0, 0, 0
CTUN, 22451, 445, 1, 446, 0, -4.42, -2.19, 0.00, 0.00, 0, -120
ATT, 22462, -5.43, -4.81, 16.91, 1.72, 5.09, 5.25, 0.20, 0.02
RCIN, 22462, 1488, 1832, 1387, 1505, 2004, 1500, 1500, 1500, 0, 0, 0, 0, 0, 0
GPS, 3, 494753000, 1904, 6, 3.52, 12.9918727, 80.2308499, -4.42, 16.62, 2.16, 165.77, 0.2, 22481
DU32, 7, 150393
CURR, 22541, 446, 15801, 0, 0, 4505, 0
CTUN, 22551, 444, 1, 446, 0, -4.43, -2.33, 0.00, 0.00, 0, -152
ATT, 22561, -5.43, -5.37, 15.53, 3.88, 5.09, 4.97, 0.10, 0.02
RCIN, 22561, 1488, 1820, 1386, 1505, 2005, 1500, 1500, 1500, 0, 0, 0, 0, 0, 0
CTUN, 22651, 445, 3, 448, 0, -4.46, -2.07, 0.00, 0.00, 0, -141
ATT, 22669, -1.12, -7.44, 1.49, 6.07, 5.09, 4.94, 0.10, 0.03
RCIN, 22669, 1578, 1653, 1387, 1505, 2004, 1500, 1500, 1500, 0, 0, 0, 0, 0, 0
GPS, 3, 494753200, 1904, 6, 3.52, 12.9918677, 80.2308506, -4.46, 16.28, 2.20, 165.28, 0.23, 22680
CTUN, 22751, 445, 5, 450, 0, -4.45, -1.95, 0.00, 0.00, 0, -118
ATT, 22769, 2.13, -9.20, -4.05, 5.04, 5.09, 5.81, 0.02, 0.04
RCIN, 22770, 1623, 1584, 1387, 1505, 2004, 1500, 1500, 1500, 0, 0, 0, 0, 0, 0
CTUN, 22851, 445, 4, 449, 0, -4.43, -1.73, 0.00, 0.00, 0, -152
ATT, 22869, 6.88, -8.91, -10.28, 0.82, 5.09, 6.89, 0.02, 0.04
RCIN, 22870, 1672, 1521, 1387, 1505, 2004, 1500, 1500, 1500, 0, 0, 0, 0, 0, 0
GPS, 3, 494753400, 1904, 6, 3.52, 12.991863, 80.2308498, -4.44, 15.59, 2.08, 167.16, 0.26, 22880
CTUN, 22951, 445, 2, 446, 0, -4.47, -2.11, 0.00, 0.00, 0, -207
ATT, 22969, 8.82, -4.86, -12.36, -6.07, 5.09, 7.93, 0.13, 0.03
RCIN, 22970, 1695, 1500, 1387, 1505, 2005, 1500, 1500, 1500, 0, 0, 0, 0, 0, 0
CTUN, 23051, 445, 1, 446, 0, -4.57, -1.99, 0.00, 0.00, 0, -236
ATT, 23070, 9.89, -3.02, -12.36, -4.60, 5.09, 8.83, 0.13, 0.03
RCIN, 23070, 1703, 1500, 1387, 1505, 2005, 1500, 1500, 1500, 0, 0, 0, 0, 0, 0
GPS, 3, 494753600, 1904, 6, 3.52, 12.9918595, 80.2308501, -4.61, 15.33, 1.95, 168.20, 0.29, 23080
CTUN, 23151, 445, 1, 446, 0, -4.66, -2.64, 0.00, 0.00, 0, -212
ATT, 23169, 9.89, -2.68, -10.78, -5.52, 5.09, 10.35, 0.10, 0.03
RCIN, 23170, 1703, 1516, 1386, 1505, 2005, 1500, 1500, 1500, 0, 0, 0, 0, 0, 0
CTUN, 23251, 445, 2, 447, 0, -4.74, -2.18, 0.00, 0.00, 0, -183
ATT, 23270, 7.17, -2.74, -6.62, -6.98, 5.09, 12.06, 0.10, 0.04
RCIN, 23270, 1675, 1558, 1387, 1505, 2004, 1500, 1500, 1500, 0, 0, 0, 0, 0, 0
GPS, 3, 494753800, 1904, 6, 3.52, 12.9918564, 80.2308501, -4.76, 15.01, 1.77, 169.74, 0.33, 23280
CTUN, 23351, 445, 3, 448, 0, -4.77, -0.97, 0.00, 0.00, 0, -146
ATT, 23370, 7.17, -2.13, -6.62, -8.25, 5.09, 12.84, 0.22, 0.04
RCIN, 23370, 1675, 1558, 1387, 1505, 2004, 1500, 1500, 1500, 0, 0, 0, 0, 0, 0
CTUN, 23451, 445, 2, 447, 0, -4.72, -1.16, 0.00, 0.00, 0, -139
ATT, 23469, 1.35, -0.79, -1.68, -7.06, 5.09, 13.55, 0.22, 0.03
RCIN, 23470, 1596, 1618, 1387, 1505, 2004, 1500, 1500, 1500, 0, 0, 0, 0, 0, 0
GPS, 3, 494754000, 1904, 6, 3.52, 12.9918546, 80.2308503, -4.69, 15.11, 1.58, 173.63, 0.34, 23480
DU32, 7, 150393
CURR, 23541, 447, 20274, 0, 0, 4505, 0
CTUN, 23551, 445, 2, 447, 0, -4.64, -0.83, 0.00, 0.00, 0, -116
ATT, 23570, -4.30, -2.42, 3.10, -7.36, 5.09, 13.98, 0.15, 0.03
RCIN, 23570, 1499, 1712, 1387, 1505, 2004, 1501, 1500, 1500, 0, 0, 0, 0, 0, 0
CTUN, 23651, 445, 3, 448, 0, -4.54, -0.93, 0.00, 0.00, 0, -130
ATT, 23670, -4.30, -4.94, 4.02, -5.83, 5.09, 13.91, 0.15, 0.03
RCIN, 23670, 1499, 1720, 1387, 1505, 2005, 1500, 1500, 1500, 0, 0, 0, 0, 0, 0
GPS, 3, 494754200, 1904, 6, 3.52, 12.9918523, 80.2308515, -4.51, 15.07, 1.49, 172.68, 0.37, 23681
CTUN, 23751, 445, 1, 446, 0, -4.46, -0.99, 0.00, 0.00, 0, -128
ATT, 23770, -4.30, -5.47, 6.90, -0.08, 5.09, 13.07, 0.03, 0.03
RCIN, 23770, 1499, 1753, 1387, 1505, 2005, 1500, 1500, 1500, 0, 0, 0, 0, 0, 0
CTUN, 23851, 445, 0, 445, 0, -4.4, -1.49, 0.00, 0.00, 0, -138
ATT, 23870, -4.30, -4.09, 8.86, -0.30, 5.09, 12.15, 0.03, 0.01
RCIN, 23870, 1499, 1762, 1387, 1505, 2005, 1500, 1500, 1500, 0, 0, 0, 0, 0, 0
GPS, 3, 494754400, 1904, 6, 3.52, 12.9918511, 80.2308521, -4.38, 14.85, 1.37, 168.33, 0.39, 23881
CTUN, 23951, 445, 0, 445, 0, -4.37, -1.59, 0.00, 0.00, 0, -156
ATT, 23970, -4.30, -2.38, 9.66, 0.44, 5.09, 11.19, 0.04, 0.01
RCIN, 23970, 1499, 1769, 1386, 1505, 2005, 1500, 1500, 1500, 0, 0, 0, 0, 0, 0
CTUN, 24051, 445, 0, 445, 0, -4.34, -2.18, 0.00, 0.00, 0, -131
ATT, 24070, -4.30, -3.03, 9.66, 0.63, 5.09, 9.89, 0.04, 0.00
RCIN, 24070, 1499, 1769, 1387, 1505, 2004, 1500, 1500, 1500, 0, 0, 0, 0, 0, 0
GPS, 3, 494754600, 1904, 6, 3.52, 12.9918499, 80.2308534, -4.34, 14.97, 1.27, 164.68, 0.39, 24081
CTUN, 24151, 445, 0, 445, 0, -4.33, -2.29, 0.00, 0.00, 0, -118
ATT, 24170, -4.30, -2.91, 12.08, 1.70, 5.09, 8.29, 0.11, 0.00
RCIN, 24170, 1499, 1793, 1387, 1505, 2004, 1500, 1500, 1500, 0, 0, 0, 0, 0, 0
CTUN, 24251, 445, 0, 445, 0, -4.33, -1.97, 0.00, 0.00, 0, -114
ATT, 24270, -4.30, -2.92, 13.58, 2.79, 5.09, 6.81, 0.11, 0.00
RCIN, 24271, 1499, 1808, 1387, 1505, 2004, 1500, 1500, 1500, 0, 0, 0, 0, 0, 0
GPS, 3, 494754800, 1904, 6, 3.52, 12.9918501, 80.2308537, -4.32, 15.06, 0.90, 162.99, 0.41, 24281
CTUN, 24351, 445, 0, 445, 0, -4.29, -2.03, 0.00, 0.00, 0, -79
ATT, 24370, -4.30, -2.65, 16.11, 4.05, 5.09, 5.56, 0.22, 0.00
RCIN, 24370, 1499, 1829, 1387, 1505, 2004, 1500, 1500, 1500, 0, 0, 0, 0, 0, 0
CTUN, 24451, 445, 1, 446, 0, -4.24, -2.28, 0.00, 0.00, 0, -64
ATT, 24470, -4.30, -2.42, 16.68, 5.64, 5.09, 4.57, 0.22, 0.00
RCIN, 24470, 1499, 1830, 1387, 1505, 2004, 1500, 1501, 1500, 0, 0, 0, 0, 0, 0
GPS, 3, 494755000, 1904, 6, 3.52, 12.9918506, 80.2308556, -4.22, 15.49, 0.75, 162.99, 0.4, 24481
DU32, 7, 150393
CURR, 24541, 447, 24731, 0, 0, 4523, 0
CTUN, 24551, 445, 2, 447, 0, -4.21, -2.31, 0.00, 0.00, 0, -85
ATT, 24570, -4.30, -3.00, 15.88, 7.62, 5.09, 3.86, 0.09, 0.00
RCIN, 24570, 1499, 1823, 1387, 1505, 2004, 1500, 1500, 1500, 0, 0, 0, 0, 0, 0
CTUN, 24651, 445, 4, 449, 0, -4.17, -2.11, 0.00, 0.00, 0, -77
ATT, 24669, -4.30, -3.23, 8.97, 9.89, 5.09, 3.54, 0.09, 0.00
RCIN, 24670, 1499, 1741, 1387, 1505, 2004, 1500, 1500, 1500, 0, 0, 0, 0, 0, 0
GPS, 3, 494755200, 1904, 6, 3.52, 12.9918502, 80.2308545, -4.16, 15.00, 0.52, 162.99, 0.39, 24681
CTUN, 24751, 445, 6, 451, 0, -4.16, -1.93, 0.00, 0.00, 0, -139
ATT, 24770, 0.00, -4.53, 1.26, 10.67, 5.09, 3.83, 0.35, 0.00
RCIN, 24770, 1574, 1675, 1387, 1505, 2004, 1500, 1500, 1500, 0, 0, 0, 0, 0, 0
CTUN, 24851, 445, 5, 450, 0, -4.18, -1.65, 0.00, 0.00, 0, -155
ATT, 24870, 0.00, -6.95, 0.00, 7.23, 5.09, 4.60, 0.35, 0.03
RCIN, 24870, 1594, 1653, 1387, 1505, 2004, 1500, 1500, 1500, 0, 0, 0, 0, 0, 0
GPS, 3, 494755400, 1904, 6, 3.52, 12.9918482, 80.2308533, -4.18, 14.22, 0.52, 162.99, 0.4, 24881
CTUN, 24951, 445, 2, 447, 0, -4.19, -1.81, 0.00, 0.00, 0, -171
ATT, 24970, 2.03, -5.92, -0.98, 3.03, 5.09, 5.59, 0.18, 0.02
RCIN, 24970, 1622, 1615, 1387, 1505, 2004, 1500, 1500, 1500, 0, 0, 0, 0, 0, 0
CTUN, 25051, 445, 0, 445, 0, -4.26, -2.10, 0.00, 0.00, 0, -235
ATT, 25070, 2.03, -2.70, -0.98, 0.71, 5.09, 6.17, 0.18, 0.00
RCIN, 25070, 1624, 1615, 1387, 1505, 2004, 1500, 1500, 1500, 0, 0, 0, 0, 0, 0
GPS, 3, 494755600, 1904, 6, 3.52, 12.9918464, 80.230851, -4.31, 13.18, 0.42, 162.99, 0.4, 25081
CTUN, 25151, 445, 0, 445, 0, -4.38, -2.88, 0.00, 0.00, 0, -215
ATT, 25170, 2.23, -2.82, -0.98, -0.87, 5.09, 6.59, 0.15, 0.01
RCIN, 25170, 1624, 1618, 1387, 1505, 2004, 1500, 1500, 1500, 0, 0, 0, 0, 0, 0
CTUN, 25252, 445, 0, 445, 0, -4.52, -3.04, 0.00, 0.00, 0, -214
ATT, 25270, 2.23, -2.17, -0.69, -0.08, 5.09, 6.81, 0.15, 0.01
RCIN, 25271, 1624, 1618, 1387, 1505, 2004, 1500, 1500, 1500, 0, 0, 0, 0, 0, 0
GPS, 3, 494755800, 1904, 6, 3.52, 12.9918459, 80.2308503, -4.61, 13.11, 0.44, 162.99, 0.38, 25300
CTUN, 25351, 445, 0, 445, 0, -4.66, -3.11, 0.00, 0.00, 0, -190
ATT, 25370, 2.23, -2.61, -0.09, -0.77, 5.09, 7.07, 0.54, 0.01
RCIN, 25370, 1624, 1624, 1387, 1505, 2005, 1500, 1500, 1500, 0, 0, 0, 0, 0, 0
CTUN, 25451, 445, 0, 445, 0, -4.78, -3.20, 0.00, 0.00, 0, -197
ATT, 25471, 2.23, -2.79, 0.00, -1.43, 5.09, 7.15, 0.54, 0.01
RCIN, 25471, 1624, 1626, 1387, 1505, 2004, 1500, 1500, 1500, 0, 0, 0, 0, 0, 0
GPS, 3, 494756000, 1904, 6, 3.52, 12.9918448, 80.2308506, -4.83, 12.96, 0.41, 162.99, 0.35, 25481
DU32, 7, 150393
CURR, 25541, 445, 29196, 0, 0, 4505, 0
CTUN, 25551, 447, 0, 447, 0, -4.89, -2.91, 0.00, 0.00, 0, -202
ATT, 25570, 2.23, -2.87, -0.09, -1.21, 5.09, 7.17, 0.22, 0.00
RCIN, 25570, 1624, 1624, 1402, 1505, 2004, 1500, 1500, 1500, 0, 0, 0, 0, 0, 0
CTUN, 25651, 472, 0, 472, 0, -5, -3.19, 0.00, 0.00, 0, -213
ATT, 25670, 2.23, -2.72, 0.00, -1.45, 5.09, 7.06, 0.22, 0.01
RCIN, 25670, 1624, 1632, 1418, 1505, 2004, 1500, 1500, 1500, 0, 0, 0, 0, 0, 0
GPS, 3, 494756200, 1904, 6, 3.52, 12.9918435, 80.2308509, -5.08, 12.77, 0.42, 162.99, 0.31, 25701
CTUN, 25751, 472, 0, 472, 0, -5.12, -3.09, 0.00, 0.00, 0, -195
ATT, 25770, 2.23, -2.65, 0.00, -1.16, 5.09, 7.16, 0.09, 0.00
RCIN, 25770, 1624, 1632, 1418, 1505, 2005, 1500, 1500, 1500, 0, 0, 0, 0, 0, 0
CTUN, 25851, 472, 0, 472, 0, -5.21, -3.15, 0.00, 0.00, 0, -206
ATT, 25870, 2.23, -1.48, 0.00, -1.68, 5.09, 7.39, 0.09, 0.00
RCIN, 25870, 1624, 1630, 1418, 1505, 2004, 1500, 1500, 1500, 0, 0, 0, 0, 0, 0
GPS, 3, 494756400, 1904, 6, 3.52, 12.9918419, 80.2308511, -5.26, 12.45, 0.48, 162.99, 0.3, 25881
CTUN, 25952, 472, 0, 472, 0, -5.34, -3.12, 0.00, 0.00, 0, -232
ATT, 25970, 2.32, -0.91, 0.00, -0.73, 5.09, 7.91, 0.38, 0.00
RCIN, 25971, 1625, 1627, 1418, 1505, 2004, 1500, 1500, 1500, 0, 0, 0, 0, 0, 0
CTUN, 26051, 472, 0, 472, 0, -5.46, -3.11, 0.00, 0.00, 0, -235
ATT, 26070, 5.91, -0.80, -1.78, -0.05, 5.09, 8.43, 0.38, 0.00
RCIN, 26070, 1662, 1607, 1418, 1505, 2004, 1500, 1500, 1500, 0, 0, 0, 0, 0, 0
GPS, 3, 494756600, 1904, 6, 3.52, 12.9918422, 80.2308508, -5.51, 12.42, 0.41, 162.99, 0.25, 26081
CTUN, 26151, 472, 0, 472, 0, -5.59, -2.60, 0.00, 0.00, 0, -250
ATT, 26169, 6.20, 0.84, -1.97, -0.25, 5.09, 8.75, 0.11, 0.00
RCIN, 26170, 1665, 1605, 1418, 1505, 2004, 1500, 1500, 1500, 0, 0, 0, 0, 0, 0
CTUN, 26251, 472, 0, 472, 0, -5.65, -2.01, 0.00, 0.00, 0, -198
ATT, 26270, 6.30, 2.13, -2.07, 0.10, 5.09, 9.06, 0.11, 0.00
RCIN, 26270, 1666, 1604, 1418, 1505, 2004, 1500, 1500, 1500, 0, 0, 0, 0, 0, 0
GPS, 3, 494756800, 1904, 6, 3.52, 12.9918423, 80.2308503, -5.65, 12.11, 0.32, 162.99, 0.23, 26281
CTUN, 26351, 472, 0, 472, 0, -5.66, -2.11, 0.00, 0.00, 0, -221
ATT, 26369, 5.72, 4.32, -2.47, 0.79, 5.09, 9.56, 0.10, 0.00
RCIN, 26370, 1652, 1600, 1418, 1505, 2005, 1500, 1500, 1500, 0, 0, 0, 0, 0, 0
CTUN, 26452, 472, 0, 472, 0, -5.69, -1.68, 0.00, 0.00, 0, -232
ATT, 26471, 3.29, 4.24, -2.86, 0.13, 5.09, 9.54, 0.10, 0.01
RCIN, 26471, 1635, 1596, 1418, 1505, 2005, 1500, 1500, 1500, 0, 0, 0, 0, 0, 0
GPS, 3, 494757000, 1904, 6, 3.52, 12.9918411, 80.2308496, -5.70, 11.44, 0.29, 162.99, 0.23, 26481
DU32, 7, 150393
CURR, 26541, 484, 33928, 0, 0, 4487, 0
CTUN, 26551, 492, 0, 492, 0, -5.7, -1.15, 0.00, 0.00, 0, -225
ATT, 26569, 3.29, 3.14, -3.16, -0.15, 5.09, 9.38, 0.08, 0.00
RCIN, 26570, 1635, 1593, 1448, 1505, 2004, 1500, 1500, 1500, 0, 0, 0, 0, 0, 0
CTUN, 26651, 501, 0, 501, 0, -5.66, -0.95, 0.00, 0.00, 0, -193
ATT, 26671, 2.71, 2.06, -3.16, -0.51, 5.09, 9.23, 0.08, 0.00
RCIN, 26671, 1627, 1593, 1450, 1505, 2004, 1500, 1500, 1500, 0, 0, 0, 0, 0, 0
GPS, 3, 494757200, 1904, 6, 3.52, 12.9918394, 80.2308487, -5.63, 10.63, 0.35, 162.99, 0.24, 26682
CTUN, 26752, 501, 0, 501, 0, -5.59, -1.04, 0.00, 0.00, 0, -217
ATT, 26771, 2.03, 2.31, -3.06, -1.91, 5.09, 9.10, 0.13, 0.00
RCIN, 26771, 1617, 1593, 1450, 1505, 2005, 1500, 1500, 1500, 0, 0, 0, 0, 0, 0
CTUN, 26852, 501, 0, 501, 0, -5.56, -1.51, 0.00, 0.00, 0, -212
ATT, 26871, 0.00, 2.36, -3.16, -2.34, 5.09, 8.96, 0.13, 0.00
RCIN, 26871, 1594, 1593, 1450, 1505, 2005, 1500, 1500, 1500, 0, 0, 0, 0, 0, 0
GPS, 3, 494757400, 1904, 6, 3.52, 12.9918398, 80.2308496, -5.55, 10.61, 0.37, 162.99, 0.23, 26901
CTUN, 26952, 501, 0, 501, 0, -5.55, -0.72, 0.00, 0.00, 0, -204
ATT, 26971, -0.41, 0.88, -2.96, -2.59, 5.09, 8.51, 0.08, 0.00
RCIN, 26971, 1537, 1595, 1450, 1505, 2004, 1500, 1500, 1500, 0, 0, 0, 0, 0, 0
CTUN, 27052, 501, 0, 501, 0, -5.49, -0.56, 0.00, 0.00, 0, -206
ATT, 27071, -4.30, 0.39, -2.76, -2.76, 5.09, 8.36, 0.08, 0.00
RCIN, 27072, 1499, 1597, 1450, 1505, 2004, 1500, 1500, 1500, 0, 0, 0, 0, 0, 0
GPS, 3, 494757600, 1904, 6, 3.52, 12.9918393, 80.2308496, -5.46, 10.48, 0.44, 162.99, 0.24, 27082
CTUN, 27152, 501, 0, 501, 0, -5.4, -0.56, 0.00, 0.00, 0, -165
ATT, 27171, -4.30, -1.90, -2.76, -3.07, 5.09, 8.40, 0.20, 0.00
RCIN, 27171, 1499, 1595, 1450, 1505, 2005, 1500, 1500, 1500, 0, 0, 0, 0, 0, 0
CTUN, 27252, 501, 1, 502, 0, -5.28, -0.38, 0.00, 0.00, 0, -157
ATT, 27271, -4.30, -3.83, -2.96, -3.22, 5.09, 8.55, 0.20, 0.02
RCIN, 27271, 1499, 1595, 1450, 1505, 2005, 1500, 1500, 1500, 0, 0, 0, 0, 0, 0
GPS, 3, 494757800, 1904, 6, 3.52, 12.9918406, 80.23085, -5.23, 10.69, 0.42, 162.99, 0.2, 27282
CTUN, 27352, 501, 1, 502, 0, -5.15, -0.31, 0.00, 0.00, 0, -137
ATT, 27371, -4.30, -3.60, -3.36, -3.37, 5.09, 8.80, 0.12, 0.01
RCIN, 27371, 1499, 1591, 1450, 1505, 2005, 1500, 1500, 1500, 0, 0, 0, 0, 0, 0
CTUN, 27453, 501, 1, 502, 0, -5.02, -0.26, 0.00, 0.00, 0, -161
ATT, 27471, -4.30, -4.11, -3.36, -2.92, 5.09, 8.80, 0.12, 0.02
RCIN, 27471, 1499, 1593, 1450, 1505, 2005, 1500, 1500, 1500, 0, 0, 0, 0, 0, 0
GPS, 3, 494758000, 1904, 6, 3.52, 12.9918414, 80.2308517, -4.97, 11.05, 0.59, 162.99, 0.18, 27482
DU32, 7, 150393
CURR, 27543, 502, 38942, 0, 0, 4505, 0
PM, 14, 1000, 11193, 0, 0, 0, 0
CTUN, 27552, 501, 1, 502, 0, -4.9, -0.14, 0.00, 0.00, 0, -137
ATT, 27571, -4.30, -5.21, -3.16, -2.24, 5.09, 9.01, 0.20, 0.02
RCIN, 27571, 1499, 1593, 1450, 1505, 2005, 1500, 1500, 1500, 0, 0, 0, 0, 0, 0
CTUN, 27652, 501, 1, 502, 0, -4.76, -0.14, 0.00, 0.00, 0, -103
ATT, 27671, -4.30, -6.06, -1.18, -1.62, 5.09, 8.96, 0.20, 0.02
RCIN, 27671, 1499, 1613, 1450, 1505, 2005, 1500, 1500, 1500, 0, 0, 0, 0, 0, 0
GPS, 3, 494758200, 1904, 6, 3.52, 12.991842, 80.2308531, -4.66, 11.26, 0.70, 162.99, 0.16, 27701
CTUN, 27752, 501, 1, 502, 0, -4.59, 0.03, 0.00, 0.00, 0, -99
ATT, 27771, -4.30, -5.42, -0.59, -0.41, 5.09, 8.73, 0.12, 0.02
RCIN, 27771, 1499, 1619, 1450, 1505, 2004, 1500, 1500, 1500, 0, 0, 0, 0, 0, 0
CTUN, 27852, 501, 1, 502, 0, -4.43, -0.06, 0.00, 0.00, 0, -91
ATT, 27871, -4.30, -5.71, -0.69, 0.51, 5.09, 8.42, 0.12, 0.02
RCIN, 27871, 1499, 1618, 1450, 1505, 2004, 1500, 1500, 1500, 0, 0, 0, 0, 0, 0
GPS, 3, 494758400, 1904, 6, 3.52, 12.9918409, 80.2308546, -4.33, 11.26, 0.74, 151.26, 0.21, 27901
CTUN, 27952, 501, 1, 502, 0, -4.28, 0.16, 0.00, 0.00, 0, -119
ATT, 27971, -4.20, -5.58, -0.98, 0.44, 5.09, 8.13, 0.18, 0.02
RCIN, 27971, 1500, 1615, 1450, 1505, 2004, 1500, 1500, 1500, 0, 0, 0, 0, 0, 0
CTUN, 28052, 501, 1, 502, 0, -4.14, 0.28, 0.00, 0.00, 0, -112
ATT, 28071, -4.30, -5.19, -5.24, -0.19, 5.09, 8.15, 0.18, 0.01
RCIN, 28071, 1499, 1572, 1450, 1505, 2005, 1500, 1500, 1500, 0, 0, 0, 0, 0, 0
GPS, 3, 494758600, 1904, 6, 3.52, 12.991841, 80.230856, -4.05, 11.30, 0.71, 151.26, 0.19, 28101
CTUN, 28152, 501, 1, 502, 0, -3.99, 0.31, 0.00, 0.00, 0, -89
ATT, 28171, -4.30, -5.15, -6.62, -1.64, 5.09, 8.02, 0.00, 0.02
RCIN, 28171, 1499, 1558, 1450, 1505, 2004, 1500, 1500, 1501, 0, 0, 0, 0, 0, 0
CTUN, 28252, 501, 2, 503, 0, -3.82, 0.24, 0.00, 0.00, 0, -60
ATT, 28271, -4.30, -5.50, -6.62, -3.87, 5.09, 8.16, 0.00, 0.02
RCIN, 28271, 1499, 1558, 1450, 1505, 2004, 1500, 1500, 1500, 0, 0, 0, 0, 0, 0
GPS, 3, 494758800, 1904, 6, 3.52, 12.9918416, 80.230859, -3.70, 11.32, 0.76, 151.26, 0.16, 28301
CTUN, 28352, 501, 2, 503, 0, -3.63, 0.24, 0.00, 0.00, 0, -64
ATT, 28371, -4.30, -4.38, -6.62, -5.23, 5.09, 8.08, 0.19, 0.02
RCIN, 28371, 1499, 1558, 1450, 1505, 2005, 1500, 1500, 1500, 0, 0, 0, 0, 0, 0
CTUN, 28453, 501, 2, 503, 0, -3.46, 0.41, 0.00, 0.00, 0, -45
ATT, 28471, -4.30, -4.09, -5.73, -5.47, 5.09, 8.15, 0.19, 0.02
RCIN, 28471, 1499, 1567, 1450, 1505, 2004, 1500, 1500, 1500, 0, 0, 0, 0, 0, 0
GPS, 3, 494759000, 1904, 6, 3.52, 12.9918413, 80.23086, -3.35, 11.27, 0.63, 151.26, 0.16, 28501
DU32, 7, 150393
CURR, 28543, 503, 43966, 0, 0, 4469, 0
CTUN, 28552, 501, 2, 503, 0, -3.28, 0.27, 0.00, 0.00, 0, -54
ATT, 28571, -4.30, -3.48, -3.56, -5.04, 5.09, 7.98, 0.07, 0.01
RCIN, 28571, 1499, 1589, 1450, 1505, 2004, 1500, 1500, 1500, 0, 0, 0, 0, 0, 0
CTUN, 28652, 501, 1, 502, 0, -3.12, 0.24, 0.00, 0.00, 0, -54
ATT, 28671, -4.30, -3.55, -3.56, -3.55, 5.09, 8.19, 0.07, 0.02
RCIN, 28671, 1499, 1589, 1460, 1505, 2005, 1500, 1500, 1500, 0, 0, 0, 0, 0, 0
GPS, 3, 494759200, 1904, 6, 3.52, 12.9918417, 80.2308607, -3.03, 11.20, 0.48, 151.26, 0.16, 28701
CTUN, 28752, 512, 1, 513, 0, -2.97, 0.27, 0.00, 0.00, 0, -25
ATT, 28771, -4.30, -4.73, -2.96, -2.87, 5.09, 8.35, 0.16, 0.02
RCIN, 28771, 1499, 1595, 1462, 1505, 2004, 1500, 1500, 1500, 0, 0, 0, 0, 0, 0
CTUN, 28853, 512, 1, 513, 0, -2.77, 0.39, 0.00, 0.00, 0, 8
ATT, 28871, -4.30, -5.14, -2.96, -3.33, 5.09, 8.23, 0.16, 0.02
RCIN, 28871, 1499, 1595, 1462, 1505, 2004, 1500, 1500, 1500, 0, 0, 0, 0, 0, 0
GPS, 3, 494759400, 1904, 6, 3.52, 12.9918418, 80.2308617, -2.65, 11.21, 0.44, 151.26, 0.15, 28901
CTUN, 28952, 513, 1, 514, 0, -2.56, 0.30, 0.00, 0.00, 0, 13
ATT, 28971, -4.30, -4.98, -2.96, -2.59, 5.09, 8.30, 0.10, 0.02
RCIN, 28971, 1499, 1595, 1463, 1505, 2004, 1500, 1500, 1500, 0, 0, 0, 0, 0, 0
CTUN, 29052, 513, 1, 514, 0, -2.36, 0.12, 0.00, 0.00, 0, 39
ATT, 29072, -4.30, -4.48, -2.96, -2.37, 5.09, 8.07, 0.10, 0.02
RCIN, 29072, 1499, 1595, 1463, 1505, 2005, 1500, 1500, 1500, 0, 0, 0, 0, 0, 0
GPS, 3, 494759600, 1904, 6, 3.52, 12.9918418, 80.2308626, -2.24, 11.20, 0.39, 151.26, 0.16, 29101
CTUN, 29152, 513, 0, 513, 0, -2.16, 0.12, 0.00, 0.00, 0, 49
ATT, 29171, -4.30, -3.65, -2.96, -2.21, 5.09, 8.01, 0.13, 0.02
RCIN, 29171, 1499, 1595, 1463, 1505, 2005, 1500, 1500, 1500, 0, 0, 0, 0, 0, 0
CTUN, 29252, 528, 0, 528, 0, -1.96, 0.20, 0.00, 0.00, 0, 47
ATT, 29271, -4.30, -3.88, -2.96, -2.26, 5.09, 7.90, 0.13, 0.01
RCIN, 29271, 1499, 1595, 1491, 1505, 2005, 1500, 1500, 1500, 0, 0, 0, 0, 0, 0
GPS, 3, 494759800, 1904, 6, 3.52, 12.9918418, 80.2308628, -1.85, 11.18, 0.29, 151.26, 0.16, 29302
CTUN, 29352, 538, 1, 539, 0, -1.77, 0.30, 0.00, 0.00, 0, 60
ATT, 29371, -4.30, -4.34, -2.47, -2.33, 5.09, 8.05, 0.07, 0.02
RCIN, 29371, 1499, 1603, 1491, 1505, 2005, 1500, 1500, 1500, 0, 0, 0, 0, 0, 0
CTUN, 29453, 538, 1, 539, 0, -1.57, 0.31, 0.00, 0.00, 0, 83
ATT, 29471, -4.30, -4.60, -2.17, -1.64, 5.09, 8.13, 0.07, 0.02
RCIN, 29471, 1499, 1604, 1491, 1505, 2004, 1500, 1500, 1500, 0, 0, 0, 0, 0, 0
GPS, 3, 494760000, 1904, 6, 3.52, 12.991842, 80.2308632, -1.45, 11.10, 0.22, 151.26, 0.17, 29501
DU32, 7, 150393
CURR, 29543, 539, 49180, 0, 0, 4487, 0
CTUN, 29553, 538, 1, 539, 0, -1.36, 0.45, 0.00, 0.00, 0, 96
ATT, 29571, -4.30, -4.61, -1.18, -1.02, 5.09, 8.21, 0.03, 0.02
RCIN, 29571, 1499, 1613, 1491, 1505, 2004, 1500, 1500, 1500, 0, 0, 0, 0, 0, 0
CTUN, 29652, 538, 0, 538, 0, -1.15, 0.39, 0.00, 0.00, 0, 110
ATT, 29671, -4.30, -4.26, 0.00, -0.61, 5.09, 8.32, 0.03, 0.02
RCIN, 29671, 1499, 1632, 1491, 1505, 2004, 1500, 1500, 1500, 0, 0, 0, 0, 0, 0
GPS, 3, 494760200, 1904, 6, 3.52, 12.9918419, 80.2308642, -1.02, 10.96, 0.22, 151.26, 0.18, 29701
CTUN, 29752, 538, 0, 538, 0, -0.94, 0.28, 0.00, 0.00, 0, 109
ATT, 29771, -4.30, -3.78, 0.00, 0.05, 5.09, 8.33, 0.06, 0.02
RCIN, 29771, 1499, 1632, 1491, 1505, 2004, 1500, 1500, 1500, 0, 0, 0, 0, 0, 0
CTUN, 29852, 538, 0, 538, 0, -0.73, 0.49, 0.00, 0.00, 0, 131
ATT, 29871, -4.30, -3.40, 0.00, 0.59, 5.09, 8.16, 0.06, 0.01
RCIN, 29871, 1499, 1630, 1491, 1505, 2004, 1500, 1500, 1500, 0, 0, 0, 0, 0, 0
GPS, 3, 494760400, 1904, 6, 3.52, 12.9918456, 80.230864, -0.61, 11.55, 0.14, 151.26, 0.16, 29901
CTUN, 29952, 538, 0, 538, 0, -0.52, 0.55, 0.00, 0.00, 0, 123
ATT, 29971, -4.30, -3.28, -0.19, 0.71, 5.09, 8.15, 0.04, 0.01
RCIN, 29971, 1499, 1623, 1491, 1505, 2005, 1500, 1500, 1500, 0, 0, 0, 0, 0, 0
CTUN, 30053, 538, 0, 538, 0, -0.32, 0.34, 0.00, 0.00, 0, 131
ATT, 30071, -4.30, -3.34, -2.57, 0.51, 5.09, 8.13, 0.04, 0.01
RCIN, 30072, 1499, 1599, 1491, 1505, 2005, 1500, 1500, 1500, 0, 0, 0, 0, 0, 0
GPS, 3, 494760600, 1904, 6, 3.52, 12.9918498, 80.2308647, -0.21, 12.04, 0.19, 151.26, 0.13, 30101
CTUN, 30152, 538, 0, 538, 0, -0.13, 0.43, 0.00, 0.00, 0, 141
ATT, 30171, -4.30, -3.81, -4.15, -1.20, 5.09, 7.95, 0.03, 0.01
RCIN, 30171, 1499, 1583, 1491, 1505, 2005, 1500, 1500, 1500, 0, 0, 0, 0, 0, 0
CTUN, 30252, 539, 1, 540, 0, 0.04, 0.48, 0.00, 0.00, 0, 131
ATT, 30272, -4.30, -4.04, -4.45, -3.02, 5.09, 7.94, 0.03, 0.01
RCIN, 30272, 1499, 1580, 1491, 1505, 2004, 1500, 1500, 1500, 0, 0, 0, 0, 0, 0
GPS, 3, 494760800, 1904, 6, 3.52, 12.9918518, 80.2308645, 0.14, 12.22, 0.29, 151.26, 0.09999999, 30302
CTUN, 30352, 538, 1, 539, 0, 0.21, 0.47, 0.00, 0.00, 0, 139
ATT, 30371, -4.30, -3.87, -4.45, -3.25, 5.09, 7.92, 0.11, 0.01
RCIN, 30371, 1499, 1580, 1491, 1505, 2004, 1500, 1500, 1500, 0, 0, 0, 0, 0, 0
CTUN, 30453, 538, 1, 539, 0, 0.38, 0.52, 0.00, 0.00, 0, 137
ATT, 30471, -4.30, -3.64, -4.25, -3.37, 5.09, 7.94, 0.11, 0.02
RCIN, 30471, 1499, 1582, 1491, 1505, 2004, 1500, 1500, 1500, 0, 0, 0, 0, 0, 0
GPS, 3, 494761000, 1904, 6, 3.52, 12.9918515, 80.2308657, 0.47, 12.41, 0.22, 151.26, 0.07, 30502
DU32, 7, 150393
CURR, 30543, 539, 54564, 0, 0, 4469, 0
CTUN, 30553, 538, 1, 539, 0, 0.53, 0.50, 0.00, 0.00, 0, 134
ATT, 30571, -4.30, -3.74, -4.05, -3.68, 5.09, 7.95, 0.15, 0.01
RCIN, 30571, 1499, 1584, 1491, 1505, 2004, 1500, 1500, 1500, 0, 0, 0, 0, 0, 0
CTUN, 30652, 538, 1, 539, 0, 0.68, 0.51, 0.00, 0.00, 0, 141
ATT, 30671, -4.30, -3.85, -3.46, -3.53, 5.09, 7.93, 0.15, 0.01
RCIN, 30671, 1499, 1593, 1491, 1505, 2004, 1500, 1500, 1500, 0, 0, 0, 0, 0, 0
GPS, 3, 494761200, 1904, 6, 3.52, 12.9918519, 80.2308662, 0.76, 12.62, 0.18, 151.26, 0.04, 30701
CTUN, 30753, 538, 1, 539, 0, 0.82, 0.54, 0.00, 0.00, 0, 131
ATT, 30771, -4.30, -3.85, -2.67, -2.73, 5.09, 7.96, 0.10, 0.01
RCIN, 30772, 1499, 1598, 1491, 1505, 2004, 1500, 1500, 1500, 0, 0, 0, 0, 0, 0
CTUN, 30852, 538, 0, 538, 0, 0.95, 0.50, 0.00, 0.00, 0, 142
ATT, 30871, -4.30, -3.81, -2.07, -1.97, 5.09, 8.05, 0.10, 0.01
RCIN, 30871, 1499, 1604, 1491, 1505, 2004, 1500, 1500, 1500, 0, 0, 0, 0, 0, 0
GPS, 3, 494761400, 1904, 6, 3.52, 12.9918537, 80.2308664, 1.03, 12.96, 0.16, 151.26, 0.04, 30901
CTUN, 30952, 538, 0, 538, 0, 1.07, 0.59, 0.00, 0.00, 0, 142
ATT, 30971, -4.30, -3.71, -1.68, -1.56, 5.09, 8.05, 0.02, 0.01
RCIN, 30971, 1499, 1608, 1491, 1505, 2005, 1500, 1500, 1500, 0, 0, 0, 0, 0, 0
CTUN, 31053, 538, 0, 538, 0, 1.21, 0.64, 0.00, 0.00, 0, 147
ATT, 31071, -4.30, -3.79, -0.69, -0.97, 5.09, 8.04, 0.02, 0.01
RCIN, 31072, 1499, 1618, 1491, 1505, 2004, 1500, 1500, 1500, 0, 0, 0, 0, 0, 0
GPS, 3, 494761600, 1904, 6, 3.52, 12.9918553, 80.2308653, 1.28, 13.34, 0.16, 151.26, 0, 31101
CTUN, 31152, 538, 0, 538, 0, 1.33, 0.60, 0.00, 0.00, 0, 153
ATT, 31171, -4.30, -4.10, -0.19, -0.29, 5.09, 8.03, 0.03, 0.01
RCIN, 31171, 1499, 1623, 1491, 1505, 2005, 1500, 1500, 1500, 0, 0, 0, 0, 0, 0
CTUN, 31253, 538, 0, 538, 0, 1.45, 0.56, 0.00, 0.00, 0, 147
ATT, 31271, -4.30, -4.31, -0.19, 0.23, 5.09, 8.09, 0.03, 0.01
RCIN, 31272, 1499, 1623, 1491, 1505, 2005, 1500, 1500, 1500, 0, 0, 0, 0, 0, 0
GPS, 3, 494761800, 1904, 6, 3.52, 12.9918554, 80.2308667, 1.51, 13.31, 0.28, 151.26, -0.02, 31302
CTUN, 31352, 538, 0, 538, 0, 1.55, 0.62, 0.00, 0.00, 0, 143
ATT, 31371, -4.30, -4.13, 0.00, 0.40, 5.09, 8.07, 0.08, 0.01
RCIN, 31371, 1499, 1632, 1493, 1505, 2005, 1500, 1500, 1500, 0, 0, 0, 0, 0, 0
CTUN, 31453, 538, 0, 538, 0, 1.65, 0.65, 0.00, 0.00, 0, 144
ATT, 31472, -4.30, -4.04, 0.00, 0.81, 5.09, 8.14, 0.08, 0.01
RCIN, 31472, 1499, 1633, 1491, 1505, 2004, 1500, 1500, 1500, 0, 0, 0, 0, 0, 0
GPS, 3, 494762000, 1904, 6, 3.52, 12.9918566, 80.2308663, 1.71, 13.36, 0.18, 151.26, -0.02, 31502
DU32, 7, 150393
CURR, 31543, 538, 59946, 0, 0, 4505, 0
CTUN, 31553, 538, 0, 538, 0, 1.74, 0.78, 0.00, 0.00, 0, 131
ATT, 31571, -4.30, -4.02, 0.00, 1.01, 5.09, 8.24, 0.03, 0.01
RCIN, 31571, 1499, 1633, 1491, 1505, 2004, 1501, 1500, 1500, 0, 0, 0, 0, 0, 0
CTUN, 31652, 538, 0, 538, 0, 1.83, 0.70, 0.00, 0.00, 0, 125
ATT, 31671, -4.30, -4.06, 0.00, 0.82, 5.09, 8.21, 0.03, 0.01
RCIN, 31671, 1499, 1633, 1491, 1505, 2005, 1500, 1500, 1500, 0, 0, 0, 0, 0, 0
GPS, 3, 494762200, 1904, 6, 3.52, 12.9918579, 80.230866, 1.87, 13.44, 0.21, 151.26, -0.03, 31703
CTUN, 31753, 538, 0, 538, 0, 1.9, 0.80, 0.00, 0.00, 0, 129
ATT, 31771, -4.30, -4.11, 0.00, 0.57, 5.09, 8.47, 0.08, 0.01
RCIN, 31771, 1499, 1633, 1491, 1505, 2005, 1500, 1500, 1500, 0, 0, 0, 0, 0, 0
CTUN, 31852, 538, 0, 538, 0, 1.97, 0.69, 0.00, 0.00, 0, 123
ATT, 31871, -4.30, -4.17, 0.00, 0.36, 5.09, 8.51, 0.08, 0.01
RCIN, 31871, 1499, 1633, 1491, 1505, 2005, 1500, 1500, 1500, 0, 0, 0, 0, 0, 0
GPS, 3, 494762400, 1904, 6, 3.52, 12.9918606, 80.2308663, 2.01, 13.68, 0.52, 151.26, -0.07, 31901
CTUN, 31953, 538, 0, 538, 0, 2.04, 0.69, 0.00, 0.00, 0, 122
ATT, 31971, -4.30, -4.04, 0.00, 0.17, 5.09, 8.52, 0.26, 0.01
RCIN, 31972, 1499, 1633, 1491, 1505, 2005, 1500, 1500, 1500, 0, 0, 0, 0, 0, 0
CTUN, 32053, 538, 0, 538, 0, 2.09, 0.68, 0.00, 0.00, 0, 124
ATT, 32071, -4.30, -3.93, 0.00, 0.00, 5.09, 8.72, 0.26, 0.01
RCIN, 32071, 1499, 1632, 1491, 1505, 2005, 1500, 1500, 1500, 0, 0, 0, 0, 0, 0
GPS, 3, 494762600, 1904, 6, 3.52, 12.9918656, 80.2308671, 2.12, 14.16, 1.10, 86.84, -0.15, 32101
CTUN, 32152, 538, 0, 538, 0, 2.14, 0.71, 0.00, 0.00, 0, 128
ATT, 32172, -4.30, -3.72, 0.00, -0.07, 5.09, 8.65, 0.28, 0.01
RCIN, 32172, 1499, 1632, 1491, 1505, 2005, 1500, 1500, 1500, 0, 0, 0, 0, 0, 0
CTUN, 32253, 538, 0, 538, 0, 2.19, 0.73, 0.00, 0.00, 0, 120
ATT, 32271, -4.30, -3.81, 0.00, -0.12, 5.09, 8.62, 0.28, 0.01
RCIN, 32272, 1499, 1632, 1491, 1505, 2004, 1500, 1500, 1500, 0, 0, 0, 0, 0, 0
GPS, 3, 494762800, 1904, 6, 3.52, 12.991868, 80.2308655, 2.21, 14.65, 0.84, 55.36, -0.24, 32302
CTUN, 32352, 538, 0, 538, 0, 2.22, 0.73, 0.00, 0.00, 0, 110
ATT, 32371, -4.30, -4.15, 0.00, -0.24, 5.09, 8.56, 0.14, 0.01
RCIN, 32371, 1499, 1634, 1491, 1505, 2004, 1500, 1500, 1500, 0, 0, 0, 0, 0, 0
CTUN, 32453, 538, 0, 538, 0, 2.25, 0.67, 0.00, 0.00, 0, 103
ATT, 32472, -4.30, -4.32, 0.00, -0.47, 5.09, 8.45, 0.14, 0.01
RCIN, 32472, 1499, 1645, 1491, 1505, 2004, 1500, 1500, 1500, 0, 0, 0, 0, 0, 0
GPS, 3, 494763000, 1904, 6, 3.52, 12.9918711, 80.2308651, 2.27, 15.02, 0.84, 27.76, -0.3, 32502
DU32, 7, 150393
CURR, 32543, 538, 65326, 0, 0, 4487, 0
CTUN, 32552, 538, 0, 538, 0, 2.28, 0.61, 0.00, 0.00, 0, 105
ATT, 32571, -4.30, -4.31, 0.00, -0.57, 5.09, 8.36, 0.11, 0.01
RCIN, 32571, 1499, 1645, 1491, 1505, 2004, 1500, 1500, 1500, 0, 0, 0, 0, 0, 0
CTUN, 32654, 538, 1, 539, 0, 2.3, 0.58, 0.00, 0.00, 0, 113
ATT, 32672, -4.30, -4.58, 0.00, -0.43, 5.09, 8.41, 0.11, 0.01
RCIN, 32673, 1499, 1632, 1491, 1505, 2005, 1500, 1500, 1500, 0, 0, 0, 0, 0, 0
GPS, 3, 494763200, 1904, 6, 3.52, 12.9918739, 80.2308643, 2.32, 15.36, 0.90, 2.12, -0.33, 32703
CTUN, 32753, 538, 1, 539, 0, 2.32, 0.67, 0.00, 0.00, 0, 121
ATT, 32771, -0.20, -4.29, -2.67, -0.62, 5.09, 8.32, 0.12, 0.01
RCIN, 32771, 1539, 1598, 1491, 1505, 2004, 1500, 1500, 1500, 0, 0, 0, 0, 0, 0
CTUN, 32852, 538, 0, 538, 0, 2.34, 0.53, 0.00, 0.00, 0, 106
ATT, 32871, 0.00, -2.54, -3.65, -1.86, 5.09, 8.38, 0.12, 0.00
RCIN, 32871, 1552, 1588, 1491, 1505, 2004, 1500, 1500, 1500, 0, 0, 0, 0, 0, 0
GPS, 3, 494763400, 1904, 6, 3.52, 12.9918762, 80.2308635, 2.35, 15.82, 0.89, 352.03, -0.37, 32903
CTUN, 32954, 538, 0, 538, 0, 2.35, 0.48, 0.00, 0.00, 0, 100
ATT, 32972, 0.00, -0.66, -3.65, -3.22, 5.09, 8.30, 0.01, 0.00
RCIN, 32973, 1573, 1588, 1491, 1505, 2004, 1500, 1500, 1500, 0, 0, 0, 0, 0, 0
CTUN, 33054, 538, 0, 538, 0, 2.36, 0.53, 0.00, 0.00, 0, 94
ATT, 33073, 0.00, -0.41, -3.65, -3.56, 5.09, 8.44, 0.01, 0.00
RCIN, 33073, 1573, 1588, 1491, 1505, 2004, 1500, 1500, 1500, 0, 0, 0, 0, 0, 0
GPS, 3, 494763600, 1904, 6, 3.52, 12.9918789, 80.2308622, 2.36, 16.40, 0.97, 345.93, -0.43, 33103
CTUN, 33154, 538, 0, 538, 0, 2.36, 0.61, 0.00, 0.00, 0, 94
ATT, 33172, -3.28, -0.40, 0.00, -3.67, 5.09, 8.43, 0.05, 0.00
RCIN, 33173, 1509, 1635, 1491, 1505, 2004, 1500, 1500, 1500, 0, 0, 0, 0, 0, 0
CTUN, 33254, 538, 0, 538, 0, 2.36, 0.62, 0.00, 0.00, 0, 103
ATT, 33272, -4.30, -1.01, 0.00, -2.74, 5.09, 8.52, 0.05, 0.00
RCIN, 33273, 1499, 1664, 1491, 1505, 2004, 1500, 1500, 1500, 0, 0, 0, 0, 0, 0
GPS, 3, 494763800, 1904, 6, 3.52, 12.9918812, 80.2308614, 2.37, 16.91, 0.94, 343.59, -0.49, 33303
CTUN, 33354, 538, 0, 538, 0, 2.37, 0.54, 0.00, 0.00, 0, 97
ATT, 33372, -4.30, -3.03, 0.00, -1.06, 5.09, 8.57, 0.06, 0.01
RCIN, 33373, 1499, 1664, 1491, 1505, 2005, 1500, 1500, 1500, 0, 0, 0, 0, 0, 0
CTUN, 33454, 538, 0, 538, 0, 2.37, 0.49, 0.00, 0.00, 0, 112
ATT, 33472, -4.30, -3.82, 0.00, -0.71, 5.09, 8.59, 0.06, 0.01
RCIN, 33473, 1499, 1657, 1491, 1505, 2004, 1500, 1500, 1500, 0, 0, 0, 0, 0, 0
GPS, 3, 494764000, 1904, 6, 3.52, 12.9918825, 80.2308609, 2.37, 17.32, 0.84, 339.83, -0.53, 33503
DU32, 7, 150393
CURR, 33544, 538, 70706, 0, 0, 4505, 0
CTUN, 33554, 538, 0, 538, 0, 2.38, 0.38, 0.00, 0.00, 0, 112
ATT, 33573, -4.30, -3.75, 0.00, -0.44, 5.09, 8.42, 0.13, 0.01
RCIN, 33573, 1499, 1643, 1491, 1505, 2004, 1500, 1500, 1500, 0, 0, 0, 0, 0, 0
CTUN, 33654, 538, 0, 538, 0, 2.38, 0.44, 0.00, 0.00, 0, 108
ATT, 33673, -4.30, -3.87, 0.00, 0.00, 5.09, 8.43, 0.13, 0.01
RCIN, 33673, 1499, 1646, 1491, 1505, 2004, 1500, 1500, 1500, 0, 0, 0, 0, 0, 0
GPS, 3, 494764200, 1904, 6, 3.52, 12.991884, 80.2308595, 2.38, 17.59, 0.79, 339.82, -0.55, 33703
CTUN, 33754, 538, 0, 538, 0, 2.38, 0.49, 0.00, 0.00, 0, 109
ATT, 33773, -4.30, -3.80, 0.00, 0.06, 5.09, 8.37, 0.11, 0.01
RCIN, 33773, 1499, 1654, 1491, 1505, 2004, 1500, 1500, 1500, 0, 0, 0, 0, 0, 0
CTUN, 33854, 538, 0, 538, 0, 2.38, 0.45, 0.00, 0.00, 0, 108
ATT, 33873, -4.30, -3.56, 0.00, 0.15, 5.09, 8.24, 0.11, 0.00
RCIN, 33873, 1499, 1654, 1491, 1505, 2005, 1500, 1500, 1500, 0, 0, 0, 0, 0, 0
GPS, 3, 494764400, 1904, 6, 3.52, 12.9918849, 80.2308598, 2.39, 18.08, 0.63, 343.36, -0.57, 33903
CTUN, 33954, 538, 0, 538, 0, 2.39, 0.50, 0.00, 0.00, 0, 112
ATT, 33973, -4.30, -3.63, 0.00, -0.08, 5.09, 8.22, 0.13, 0.01
RCIN, 33973, 1499, 1654, 1491, 1505, 2005, 1500, 1500, 1500, 0, 0, 0, 0, 0, 0
CTUN, 34054, 538, 0, 538, 0, 2.4, 0.51, 0.00, 0.00, 0, 108
ATT, 34073, -3.28, -3.71, 0.00, -0.04, 5.09, 8.14, 0.13, 0.01
RCIN, 34073, 1509, 1654, 1491, 1505, 2005, 1500, 1500, 1500, 0, 0, 0, 0, 0, 0
GPS, 3, 494764600, 1904, 6, 3.52, 12.9918856, 80.2308585, 2.40, 18.32, 0.65, 338.12, -0.57, 34103
CTUN, 34154, 538, 0, 538, 0, 2.41, 0.44, 0.00, 0.00, 0, 117
ATT, 34173, -4.30, -3.65, 0.00, 0.05, 5.09, 8.12, 0.05, 0.00
RCIN, 34173, 1499, 1654, 1491, 1505, 2004, 1500, 1500, 1500, 0, 0, 0, 0, 0, 0
CTUN, 34254, 538, 0, 538, 0, 2.41, 0.42, 0.00, 0.00, 0, 111
ATT, 34272, -4.30, -4.06, 0.00, -0.29, 5.09, 8.07, 0.05, 0.00
RCIN, 34273, 1499, 1652, 1491, 1505, 2005, 1500, 1500, 1500, 0, 0, 0, 0, 0, 0
GPS, 3, 494764800, 1904, 6, 3.52, 12.9918867, 80.2308579, 2.41, 19.02, 0.57, 338.12, -0.63, 34303
CTUN, 34354, 538, 0, 538, 0, 2.41, 0.41, 0.00, 0.00, 0, 122
ATT, 34372, -4.30, -4.24, 0.00, -0.79, 5.09, 7.97, 0.03, 0.00
RCIN, 34373, 1499, 1653, 1491, 1505, 2004, 1500, 1500, 1500, 0, 0, 0, 0, 0, 0
CTUN, 34454, 538, 0, 538, 0, 2.41, 0.36, 0.00, 0.00, 0, 110
ATT, 34472, -4.30, -4.07, 0.00, -0.27, 5.09, 7.91, 0.03, 0.00
RCIN, 34472, 1499, 1651, 1491, 1505, 2004, 1500, 1500, 1500, 0, 0, 0, 0, 0, 0
GPS, 3, 494765000, 1904, 6, 3.52, 12.9918873, 80.2308585, 2.41, 19.58, 0.47, 338.12, -0.64, 34503
DU32, 7, 150393
CURR, 34544, 548, 76096, 0, 0, 4487, 0
CTUN, 34554, 549, 0, 548, 0, 2.41, 0.15, 0.00, 0.00, 0, 118
ATT, 34573, -4.30, -4.10, 0.00, -0.15, 5.09, 7.78, 0.07, 0.01
RCIN, 34573, 1499, 1645, 1503, 1505, 2004, 1500, 1500, 1500, 0, 0, 0, 0, 0, 0
CTUN, 34654, 548, 1, 549, 0, 2.4, 0.43, 0.00, 0.00, 0, 117
ATT, 34673, -4.30, -4.32, 0.00, -1.02, 5.09, 7.80, 0.07, 0.01
RCIN, 34673, 1499, 1645, 1503, 1505, 2005, 1500, 1500, 1500, 0, 0, 0, 0, 0, 0
GPS, 3, 494765200, 1904, 6, 3.52, 12.9918879, 80.2308572, 2.40, 19.89, 0.55, 338.12, -0.64, 34703
CTUN, 34754, 548, 0, 548, 0, 2.41, 0.12, 0.00, 0.00, 0, 129
ATT, 34773, -4.30, -4.20, 0.00, -0.84, 5.09, 7.80, 0.05, 0.00
RCIN, 34773, 1499, 1645, 1503, 1505, 2005, 1500, 1500, 1500, 0, 0, 0, 0, 0, 0
CTUN, 34854, 548, 0, 548, 0, 2.41, 0.30, 0.00, 0.00, 0, 125
ATT, 34873, -4.30, -3.97, 0.00, 0.24, 5.09, 7.96, 0.05, 0.00
RCIN, 34873, 1499, 1626, 1503, 1505, 2005, 1500, 1500, 1500, 0, 0, 0, 0, 0, 0
GPS, 3, 494765400, 1904, 6, 3.52, 12.9918882, 80.2308568, 2.41, 20.21, 0.41, 338.12, -0.65, 34903
CTUN, 34954, 548, 0, 548, 0, 2.42, 0.48, 0.00, 0.00, 0, 125
ATT, 34973, -4.30, -4.27, -0.19, 0.35, 5.09, 7.98, 0.09, 0.01
RCIN, 34973, 1499, 1618, 1503, 1505, 2004, 1500, 1500, 1500, 0, 0, 0, 0, 0, 0
CTUN, 35054, 548, 0, 548, 0, 2.44, 0.23, 0.00, 0.00, 0, 139
ATT, 35073, -4.30, -4.17, -1.87, -0.44, 5.09, 8.09, 0.09, 0.00
RCIN, 35073, 1499, 1603, 1503, 1505, 2005, 1500, 1500, 1500, 0, 0, 0, 0, 0, 0
GPS, 3, 494765600, 1904, 6, 3.52, 12.991888, 80.2308564, 2.45, 20.33, 0.34, 338.12, -0.64, 35103
CTUN, 35154, 548, 0, 548, 0, 2.46, 0.41, 0.00, 0.00, 0, 138
ATT, 35173, -4.30, -3.87, -3.65, -1.08, 5.09, 8.19, 0.11, 0.00
RCIN, 35173, 1499, 1588, 1503, 1505, 2005, 1500, 1500, 1500, 0, 0, 0, 0, 0, 0
CTUN, 35254, 548, 0, 548, 0, 2.48, 0.27, 0.00, 0.00, 0, 140
ATT, 35273, -4.30, -4.01, -5.63, -1.86, 5.09, 8.13, 0.11, 0.00
RCIN, 35273, 1499, 1568, 1503, 1505, 2004, 1500, 1500, 1500, 0, 0, 0, 0, 0, 0
GPS, 3, 494765800, 1904, 6, 3.52, 12.9918879, 80.2308561, 2.48, 20.44, 0.33, 338.12, -0.62, 35304
CTUN, 35354, 548, 1, 549, 0, 2.49, 0.38, 0.00, 0.00, 0, 133
ATT, 35373, -4.30, -4.57, -6.32, -3.74, 5.09, 8.24, 0.01, 0.00
RCIN, 35373, 1499, 1561, 1503, 1505, 2004, 1500, 1500, 1500, 0, 0, 0, 0, 0, 0
CTUN, 35454, 548, 3, 551, 0, 2.51, 0.23, 0.00, 0.00, 0, 127
ATT, 35473, -4.30, -4.81, -6.32, -5.63, 5.09, 8.22, 0.01, 0.00
RCIN, 35473, 1499, 1561, 1503, 1505, 2004, 1500, 1500, 1500, 0, 0, 0, 0, 0, 0
GPS, 3, 494766000, 1904, 6, 3.52, 12.9918883, 80.2308561, 2.52, 20.54, 0.24, 338.12, -0.61, 35503
DU32, 7, 150393
CURR, 35544, 551, 81583, 0, 0, 4505, 0
CTUN, 35554, 548, 3, 551, 0, 2.53, 0.20, 0.00, 0.00, 0, 132
ATT, 35573, -4.30, -4.90, -6.32, -6.11, 5.09, 8.21, 0.08, 0.00
RCIN, 35573, 1499, 1561, 1503, 1505, 2005, 1500, 1500, 1500, 0, 0, 0, 0, 0, 0
CTUN, 35654, 549, 3, 552, 0, 2.54, 0.23, 0.00, 0.00, 0, 132
ATT, 35673, -4.30, -4.98, -4.15, -6.36, 5.09, 8.31, 0.08, 0.00
RCIN, 35673, 1499, 1583, 1503, 1505, 2004, 1500, 1500, 1500, 0, 0, 0, 0, 0, 0
GPS, 3, 494766200, 1904, 6, 3.52, 12.9918902, 80.230856, 2.54, 20.86, 0.41, 338.12, -0.6, 35703
CTUN, 35754, 548, 3, 551, 0, 2.55, 0.31, 0.00, 0.00, 0, 127
ATT, 35773, -4.30, -4.94, -1.38, -6.25, 5.09, 8.42, 0.03, 0.00
RCIN, 35773, 1499, 1618, 1503, 1505, 2004, 1500, 1500, 1500, 0, 0, 0, 0, 0, 0
CTUN, 35854, 548, 2, 550, 0, 2.56, 0.39, 0.00, 0.00, 0, 145
ATT, 35873, -4.30, -4.71, 0.00, -4.31, 5.09, 8.56, 0.03, 0.00
RCIN, 35873, 1499, 1630, 1503, 1505, 2004, 1500, 1500, 1500, 0, 0, 0, 0, 0, 0
GPS, 3, 494766400, 1904, 6, 3.52, 12.9918909, 80.2308556, 2.57, 21.02, 0.42, 338.12, -0.6, 35903
CTUN, 35954, 548, 1, 549, 0, 2.58, 0.29, 0.00, 0.00, 0, 138
ATT, 35973, -4.30, -4.74, 0.00, -1.64, 5.09, 8.60, 0.11, 0.00
RCIN, 35973, 1499, 1662, 1503, 1505, 2004, 1500, 1500, 1500, 0, 0, 0, 0, 0, 0
CTUN, 36054, 548, 1, 549, 0, 2.59, 0.32, 0.00, 0.00, 0, 130
ATT, 36073, -4.30, -4.64, 0.00, -0.34, 5.09, 8.62, 0.11, 0.00
RCIN, 36073, 1499, 1668, 1503, 1505, 2004, 1500, 1500, 1500, 0, 0, 0, 0, 0, 0
GPS, 3, 494766600, 1904, 6, 3.52, 12.9918907, 80.2308552, 2.58, 21.10, 0.39, 338.12, -0.58, 36103
CTUN, 36154, 548, 0, 548, 0, 2.59, 0.32, 0.00, 0.00, 0, 126
ATT, 36173, -4.30, -4.37, 0.00, 0.32, 5.09, 8.58, 0.13, 0.00
RCIN, 36173, 1499, 1669, 1503, 1505, 2005, 1500, 1500, 1500, 0, 0, 0, 0, 0, 0
CTUN, 36255, 548, 0, 548, 0, 2.59, 0.40, 0.00, 0.00, 0, 123
ATT, 36273, -4.30, -4.19, 0.00, 0.81, 5.09, 8.62, 0.13, 0.00
RCIN, 36274, 1499, 1663, 1503, 1505, 2004, 1500, 1500, 1500, 0, 0, 0, 0, 0, 0
GPS, 3, 494766800, 1904, 6, 3.52, 12.9918916, 80.2308539, 2.59, 21.40, 0.48, 338.12, -0.61, 36304
CTUN, 36354, 548, 0, 548, 0, 2.59, 0.32, 0.00, 0.00, 0, 124
ATT, 36373, -1.53, -4.32, 0.00, 0.88, 5.09, 8.54, 0.06, 0.00
RCIN, 36373, 1526, 1653, 1503, 1505, 2005, 1500, 1500, 1500, 0, 0, 0, 0, 0, 0
CTUN, 36454, 548, 0, 548, 0, 2.59, 0.38, 0.00, 0.00, 0, 121
ATT, 36473, 0.00, -3.72, 0.00, 0.54, 5.09, 8.49, 0.06, 0.00
RCIN, 36473, 1547, 1639, 1503, 1505, 2005, 1500, 1500, 1500, 0, 0, 0, 0, 0, 0
GPS, 3, 494767000, 1904, 6, 3.52, 12.9918909, 80.230853, 2.59, 21.32, 0.45, 338.12, -0.58, 36504
DU32, 7, 150393
CURR, 36544, 548, 87074, 0, 0, 4523, 0
CTUN, 36554, 549, 0, 548, 0, 2.59, 0.43, 0.00, 0.00, 0, 121
ATT, 36573, 0.00, -1.73, 0.00, 0.39, 5.09, 8.39, 0.02, 0.01
RCIN, 36573, 1549, 1639, 1503, 1505, 2004, 1500, 1500, 1500, 0, 0, 0, 0, 0, 0
CTUN, 36654, 548, 0, 548, 0, 2.59, 0.35, 0.00, 0.00, 0, 123
ATT, 36673, 0.00, -0.65, 0.00, 0.67, 5.09, 8.32, 0.02, 0.01
RCIN, 36673, 1549, 1640, 1503, 1505, 2005, 1500, 1500, 1500, 0, 0, 0, 0, 0, 0
GPS, 3, 494767200, 1904, 6, 3.52, 12.9918911, 80.2308522, 2.59, 21.16, 0.39, 338.12, -0.56, 36703
CTUN, 36754, 548, 0, 548, 0, 2.59, 0.37, 0.00, 0.00, 0, 120
ATT, 36773, 0.00, -0.52, 0.00, 0.54, 5.09, 8.30, 0.13, 0.01
RCIN, 36773, 1549, 1641, 1503, 1505, 2004, 1500, 1500, 1500, 0, 0, 0, 0, 0, 0
CTUN, 36854, 548, 0, 548, 0, 2.59, 0.41, 0.00, 0.00, 0, 119
ATT, 36873, 0.00, -0.29, 0.00, 0.10, 5.09, 8.19, 0.13, 0.01
RCIN, 36873, 1547, 1645, 1503, 1505, 2004, 1500, 1500, 1500, 0, 0, 0, 0, 0, 0
GPS, 3, 494767400, 1904, 6, 3.52, 12.9918917, 80.2308511, 2.59, 21.15, 0.44, 338.12, -0.54, 36904
CTUN, 36954, 549, 0, 548, 0, 2.59, 0.48, 0.00, 0.00, 0, 122
ATT, 36973, 0.00, -0.37, 0.00, 0.00, 5.09, 8.29, 0.06, 0.01
RCIN, 36974, 1547, 1646, 1504, 1505, 2004, 1500, 1500, 1500, 0, 0, 0, 0, 0, 0
CTUN, 37054, 548, 0, 548, 0, 2.6, 0.44, 0.00, 0.00, 0, 127
ATT, 37073, 0.00, -0.46, 0.00, 0.07, 5.09, 8.17, 0.06, 0.01
RCIN, 37073, 1547, 1646, 1503, 1505, 2005, 1500, 1500, 1500, 0, 0, 0, 0, 0, 0
GPS, 3, 494767600, 1904, 6, 3.52, 12.9918916, 80.2308503, 2.61, 21.28, 0.36, 338.12, -0.54, 37104
CTUN, 37154, 548, 0, 548, 0, 2.61, 0.40, 0.00, 0.00, 0, 133
ATT, 37173, 0.00, -0.54, 0.00, 0.11, 5.09, 8.30, 0.05, 0.01
RCIN, 37173, 1547, 1650, 1503, 1505, 2005, 1500, 1500, 1500, 0, 0, 0, 0, 0, 0
CTUN, 37254, 548, 0, 548, 0, 2.62, 0.35, 0.00, 0.00, 0, 138
ATT, 37273, 0.00, -0.54, 0.00, -0.14, 5.09, 8.32, 0.05, 0.01
RCIN, 37273, 1547, 1653, 1503, 1505, 2005, 1500, 1500, 1500, 0, 0, 0, 0, 0, 0
GPS, 3, 494767800, 1904, 6, 3.52, 12.9918902, 80.2308502, 2.62, 21.53, 0.18, 338.12, -0.56, 37304
CTUN, 37354, 548, 0, 548, 0, 2.62, 0.33, 0.00, 0.00, 0, 132
ATT, 37373, 0.00, -0.63, 0.00, -0.35, 5.09, 8.23, 0.20, 0.01
RCIN, 37373, 1541, 1653, 1503, 1505, 2005, 1500, 1500, 1500, 0, 0, 0, 0, 0, 0
CTUN, 37455, 550, 0, 548, 0, 2.62, 0.31, 0.00, 0.00, 0, 124
ATT, 37474, -1.64, -0.85, 0.00, -0.46, 5.09, 8.25, 0.20, 0.01
RCIN, 37474, 1524, 1653, 1505, 1505, 2004, 1500, 1500, 1500, 0, 0, 0, 0, 0, 0
GPS, 3, 494768000, 1904, 6, 3.52, 12.9918904, 80.2308498, 2.62, 21.70, 0.14, 338.12, -0.57, 37504
DU32, 7, 150393
CURR, 37544, 558, 92564, 0, 0, 4487, 0
PM, 29, 1000, 11626, 0, 0, 0, 0
CTUN, 37554, 562, 0, 562, 0, 2.62, 0.28, 0.00, 0.00, 0, 115
ATT, 37573, -4.30, -1.43, 0.00, -0.77, 5.09, 8.25, 0.05, 0.01
RCIN, 37573, 1499, 1665, 1518, 1505, 2004, 1500, 1500, 1500, 0, 0, 0, 0, 0, 0
CTUN, 37654, 562, 0, 562, 0, 2.61, 0.35, 0.00, 0.00, 0, 117
ATT, 37673, -4.30, -3.14, 0.00, -1.09, 5.09, 8.33, 0.05, 0.00
RCIN, 37673, 1499, 1673, 1518, 1505, 2004, 1500, 1500, 1500, 0, 0, 0, 0, 0, 0
GPS, 3, 494768200, 1904, 6, 3.52, 12.9918898, 80.2308498, 2.60, 21.95, 0.06, 338.12, -0.6, 37704
CTUN, 37754, 562, 1, 563, 0, 2.59, 0.46, 0.00, 0.00, 0, 114
ATT, 37773, -4.30, -4.66, 0.00, -1.11, 5.09, 8.41, 0.07, 0.00
RCIN, 37773, 1499, 1673, 1518, 1505, 2005, 1500, 1500, 1500, 0, 0, 0, 0, 0, 0
CTUN, 37854, 562, 1, 563, 0, 2.59, 0.31, 0.00, 0.00, 0, 110
ATT, 37873, -4.30, -4.97, 0.00, -0.90, 5.09, 8.47, 0.07, 0.00
RCIN, 37873, 1499, 1675, 1518, 1505, 2005, 1500, 1500, 1500, 0, 0, 0, 0, 0, 0
GPS, 3, 494768400, 1904, 6, 3.52, 12.9918894, 80.23085, 2.59, 22.00, 0.04, 338.12, -0.6, 37904
CTUN, 37955, 562, 1, 563, 0, 2.58, 0.28, 0.00, 0.00, 0, 110
ATT, 37973, -4.30, -4.96, 0.00, -0.51, 5.09, 8.52, 0.04, 0.00
RCIN, 37974, 1499, 1680, 1518, 1505, 2004, 1500, 1500, 1500, 0, 0, 0, 0, 0, 0
CTUN, 38054, 564, 1, 565, 0, 2.57, 0.50, 0.00, 0.00, 0, 115
ATT, 38073, -3.28, -4.80, 0.00, -0.29, 5.09, 8.68, 0.04, 0.00
RCIN, 38073, 1509, 1685, 1520, 1505, 2004, 1500, 1500, 1500, 0, 0, 0, 0, 0, 0
GPS, 3, 494768600, 1904, 6, 3.52, 12.9918891, 80.2308492, 2.57, 22.03, 0.08, 338.12, -0.62, 38104
CTUN, 38154, 564, 1, 565, 0, 2.57, 0.30, 0.00, 0.00, 0, 125
ATT, 38174, -3.28, -4.45, 0.34, -0.03, 5.09, 8.83, 0.08, 0.00
RCIN, 38174, 1509, 1688, 1526, 1505, 2005, 1500, 1500, 1500, 0, 0, 0, 0, 0, 0
CTUN, 38255, 574, 0, 574, 0, 2.57, 0.31, 0.00, 0.00, 0, 128
ATT, 38273, -3.28, -4.03, 0.57, 0.14, 5.09, 9.04, 0.08, 0.00
RCIN, 38273, 1499, 1690, 1532, 1505, 2005, 1500, 1500, 1500, 0, 0, 0, 0, 0, 0
GPS, 3, 494768800, 1904, 6, 3.52, 12.991889, 80.2308485, 2.56, 22.21, 0.18, 338.12, -0.64, 38304
CTUN, 38354, 575, 0, 575, 0, 2.56, 0.43, 0.00, 0.00, 0, 127
ATT, 38373, -4.30, -4.01, 0.34, 0.37, 5.09, 9.29, 0.03, 0.00
RCIN, 38373, 1509, 1688, 1532, 1505, 2004, 1500, 1500, 1500, 0, 0, 0, 0, 0, 0
CTUN, 38455, 574, 0, 574, 0, 2.56, 0.34, 0.00, 0.00, 0, 131
ATT, 38474, -1.12, -4.12, 0.00, 0.32, 5.09, 9.52, 0.03, 0.00
RCIN, 38474, 1530, 1673, 1532, 1505, 2004, 1500, 1500, 1500, 0, 0, 0, 0, 0, 0
GPS, 3, 494769000, 1904, 6, 3.52, 12.9918883, 80.2308482, 2.56, 22.20, 0.18, 338.12, -0.63, 38504
DU32, 7, 150393
CURR, 38544, 574, 98242, 0, 0, 4487, 0
CTUN, 38554, 574, 0, 574, 0, 2.56, 0.33, 0.00, 0.00, 0, 132
ATT, 38572, 0.00, -3.52, 0.00, -0.06, 5.09, 9.72, 0.03, 0.00
RCIN, 38573, 1557, 1655, 1532, 1505, 2005, 1500, 1500, 1500, 0, 0, 0, 0, 0, 0
CTUN, 38654, 574, 0, 574, 0, 2.57, 0.35, 0.00, 0.00, 0, 128
ATT, 38674, 0.00, -1.79, 0.00, -0.28, 5.09, 10.02, 0.03, 0.01
RCIN, 38674, 1573, 1635, 1532, 1505, 2004, 1500, 1500, 1500, 0, 0, 0, 0, 0, 0
GPS, 3, 494769200, 1904, 6, 3.52, 12.9918877, 80.2308479, 2.56, 22.52, 0.24, 338.12, -0.65, 38704
CTUN, 38754, 574, 0, 574, 0, 2.57, 0.41, 0.00, 0.00, 0, 144
ATT, 38773, 0.00, -1.00, 0.00, -0.14, 5.09, 10.38, 0.07, 0.02
RCIN, 38773, 1582, 1630, 1532, 1505, 2004, 1500, 1500, 1500, 0, 0, 0, 0, 0, 0
CTUN, 38854, 574, 0, 574, 0, 2.58, 0.39, 0.00, 0.00, 0, 107
ATT, 38873, 0.00, -0.89, 0.00, -0.19, 5.09, 10.73, 0.07, 0.01
RCIN, 38873, 1582, 1629, 1532, 1505, 2004, 1500, 1500, 1500, 0, 0, 0, 0, 0, 0
GPS, 3, 494769400, 1904, 6, 3.52, 12.9918881, 80.2308474, 2.58, 22.92, 0.19, 338.12, -0.68, 38905
CTUN, 38955, 574, 0, 574, 0, 2.6, 0.54, 0.00, 0.00, 0, 157
ATT, 38973, 0.00, -0.80, 0.00, -0.33, 5.09, 10.98, 0.08, 0.02
RCIN, 38974, 1582, 1629, 1532, 1505, 2004, 1500, 1500, 1500, 0, 0, 0, 0, 0, 0
CTUN, 39054, 574, 0, 574, 0, 2.61, 0.38, 0.00, 0.00, 0, 103
ATT, 39073, 0.00, -0.88, 0.00, -0.36, 5.09, 11.23, 0.08, 0.01
RCIN, 39073, 1582, 1629, 1532, 1505, 2004, 1500, 1500, 1500, 0, 0, 0, 0, 0, 0
GPS, 3, 494769600, 1904, 6, 3.53, 12.9918875, 80.2308478, 2.61, 23.05, 0.17, 338.12, -0.68, 39104
CTUN, 39155, 574, 0, 574, 0, 2.62, 0.48, 0.00, 0.00, 0, 170
ATT, 39174, 0.00, -1.02, -0.39, -0.42, 5.09, 11.43, 0.13, 0.02
RCIN, 39174, 1582, 1616, 1532, 1505, 2005, 1500, 1500, 1500, 0, 0, 0, 0, 0, 0
CTUN, 39255, 574, 0, 574, 0, 2.67, 0.50, 0.00, 0.00, 0, 132
ATT, 39274, 0.00, -1.22, -1.48, -0.57, 5.09, 11.47, 0.13, 0.01
RCIN, 39274, 1582, 1610, 1532, 1505, 2005, 1500, 1500, 1500, 0, 0, 0, 0, 0, 0
GPS, 3, 494769800, 1904, 6, 3.53, 12.991888, 80.2308471, 2.67, 23.18, 0.26, 338.12, -0.67, 39305
CTUN, 39355, 574, 0, 574, 0, 2.66, 0.60, 0.00, 0.00, 0, 91
ATT, 39374, 0.00, -0.82, -1.68, -1.26, 5.09, 11.52, 0.15, 0.01
RCIN, 39374, 1582, 1608, 1532, 1505, 2004, 1500, 1500, 1500, 0, 0, 0, 0, 0, 0
CTUN, 39455, 574, 0, 574, 0, 2.64, 0.58, 0.00, 0.00, 0, 102
ATT, 39474, 0.00, -0.60, -1.68, -2.07, 5.09, 11.57, 0.15, 0.01
RCIN, 39474, 1582, 1608, 1532, 1505, 2004, 1500, 1500, 1500, 0, 0, 0, 0, 0, 0
GPS, 3, 494770000, 1904, 6, 3.53, 12.9918877, 80.2308477, 2.63, 23.30, 0.11, 338.12, -0.67, 39505
DU32, 7, 150393
CURR, 39546, 574, 103981, 0, 0, 4505, 0
CTUN, 39555, 574, 0, 574, 0, 2.63, 0.58, 0.00, 0.00, 0, 94
ATT, 39574, 0.00, -1.17, -1.68, -2.10, 5.09, 11.50, 0.18, 0.02
RCIN, 39574, 1582, 1608, 1532, 1505, 2005, 1500, 1500, 1500, 0, 0, 0, 0, 0, 0
CTUN, 39655, 574, 0, 573, 0, 2.57, 0.80, 0.00, 0.00, 0, 30
ATT, 39674, 0.00, -1.20, -1.78, -2.05, 5.09, 11.28, 0.18, 0.02
RCIN, 39675, 1582, 1607, 1532, 1505, 2004, 1500, 1500, 1500, 0, 0, 0, 0, 0, 0
GPS, 3, 494770200, 1904, 6, 3.53, 12.9918874, 80.2308491, 2.53, 23.40, 0.07, 338.12, -0.67, 39705
CTUN, 39755, 574, 0, 574, 0, 2.5, 0.71, 0.00, 0.00, 0, 38
ATT, 39774, 0.00, -0.72, -1.87, -2.22, 5.09, 11.06, 0.29, 0.01
RCIN, 39774, 1582, 1606, 1532, 1505, 2005, 1500, 1500, 1500, 0, 0, 0, 0, 0, 0
CTUN, 39856, 574, 0, 574, 0, 2.43, 0.73, 0.00, 0.00, 0, 17
ATT, 39874, 0.00, -0.39, -1.87, -2.06, 5.09, 10.87, 0.29, 0.02
RCIN, 39874, 1582, 1606, 1532, 1505, 2005, 1500, 1500, 1500, 0, 0, 0, 0, 0, 0
GPS, 3, 494770400, 1904, 6, 3.53, 12.991887, 80.2308497, 2.38, 23.57, 0.07, 338.12, -0.68, 39905
CTUN, 39955, 574, 0, 574, 0, 2.35, 0.82, 0.00, 0.00, 0, 44
ATT, 39974, 0.00, -0.20, -1.87, -1.90, 5.09, 10.54, 0.37, 0.02
RCIN, 39974, 1582, 1608, 1532, 1505, 2004, 1500, 1500, 1500, 0, 0, 0, 0, 0, 0
CTUN, 40055, 574, 0, 574, 0, 2.3, 0.84, 0.00, 0.00, 0, 7
ATT, 40074, 0.00, 0.09, -1.87, -1.52, 5.09, 10.36, 0.37, 0.02
RCIN, 40074, 1582, 1607, 1532, 1505, 2004, 1500, 1500, 1500, 0, 0, 0, 0, 0, 0
GPS, 3, 494770600, 1904, 6, 3.53, 12.991888, 80.23085, 2.24, 23.79, 0.19, 338.12, -0.68, 40124
CTUN, 40155, 574, 0, 574, 0, 2.24, 0.79, 0.00, 0.00, 0, 46
ATT, 40174, 0.00, -0.35, -1.78, -1.38, 5.09, 10.00, 0.11, 0.03
RCIN, 40174, 1547, 1607, 1532, 1505, 2004, 1500, 1500, 1500, 0, 0, 0, 0, 0, 0
CTUN, 40255, 574, 0, 574, 0, 2.18, 0.93, 0.00, 0.00, 0, 42
ATT, 40274, -4.30, -0.23, -1.68, -1.10, 5.09, 9.58, 0.11, 0.02
RCIN, 40274, 1499, 1608, 1532, 1505, 2004, 1500, 1500, 1500, 0, 0, 0, 0, 0, 0
GPS, 3, 494770800, 1904, 6, 3.53, 12.9918886, 80.2308502, 2.15, 24.11, 0.18, 338.12, -0.71, 40305
CTUN, 40355, 574, 0, 574, 0, 2.13, 0.93, 0.00, 0.00, 0, 36
ATT, 40374, -4.30, -0.92, -2.47, -0.59, 5.09, 9.12, 0.12, 0.03
RCIN, 40374, 1499, 1600, 1532, 1505, 2004, 1500, 1500, 1500, 0, 0, 0, 0, 0, 0
CTUN, 40455, 574, 0, 574, 0, 2.1, 0.91, 0.00, 0.00, 0, 42
ATT, 40474, -4.30, -2.62, -2.96, -0.27, 5.09, 8.78, 0.12, 0.02
RCIN, 40474, 1499, 1595, 1532, 1505, 2005, 1500, 1500, 1500, 0, 0, 0, 0, 0, 0
GPS, 3, 494771000, 1904, 6, 3.53, 12.9918893, 80.2308506, 2.08, 24.19, 0.33, 338.12, -0.69, 40505
DU32, 7, 150393
CURR, 40545, 574, 109720, 0, 0, 4505, 0
CTUN, 40555, 574, 0, 574, 0, 2.06, 1.08, 0.00, 0.00, 0, 26
ATT, 40574, -4.30, -3.36, -2.96, -1.31, 5.09, 8.39, 0.23, 0.02
RCIN, 40574, 1499, 1595, 1532, 1505, 2004, 1500, 1500, 1500, 0, 0, 0, 0, 0, 0
CTUN, 40655, 574, 0, 574, 0, 2.04, 1.22, 0.00, 0.00, 0, 30
ATT, 40674, -4.30, -3.57, -2.96, -2.10, 5.09, 8.03, 0.23, 0.02
RCIN, 40674, 1499, 1595, 1532, 1505, 2004, 1500, 1500, 1500, 0, 0, 0, 0, 0, 0
GPS, 3, 494771200, 1904, 6, 3.53, 12.991888, 80.2308514, 2.03, 24.37, 0.25, 338.12, -0.7, 40705
CTUN, 40756, 574, 1, 575, 0, 2.02, 1.31, 0.00, 0.00, 0, 36
ATT, 40774, -4.30, -3.73, -2.96, -1.97, 5.09, 7.84, 0.17, 0.02
RCIN, 40774, 1499, 1595, 1532, 1505, 2004, 1500, 1500, 1500, 0, 0, 0, 0, 0, 0
CTUN, 40855, 574, 1, 575, 0, 2.01, 1.23, 0.00, 0.00, 0, 23
ATT, 40874, -4.30, -3.93, -2.96, -2.00, 5.09, 7.63, 0.17, 0.02
RCIN, 40874, 1499, 1596, 1532, 1505, 2004, 1500, 1500, 1500, 0, 0, 0, 0, 0, 0
GPS, 3, 494771400, 1904, 6, 3.53, 12.9918887, 80.2308512, 2.00, 24.65, 0.22, 338.12, -0.72, 40905
CTUN, 40955, 574, 1, 575, 0, 1.99, 1.24, 0.00, 0.00, 0, 30
ATT, 40974, -2.97, -4.00, -2.96, -2.13, 5.09, 7.65, 0.09, 0.01
RCIN, 40974, 1512, 1596, 1532, 1505, 2004, 1500, 1500, 1500, 0, 0, 0, 0, 0, 0
CTUN, 41056, 574, 1, 575, 0, 1.98, 1.35, 0.00, 0.00, 0, 35
ATT, 41074, 0.00, -3.99, -3.16, -2.25, 5.09, 7.76, 0.09, 0.01
RCIN, 41075, 1594, 1593, 1532, 1505, 2004, 1500, 1500, 1500, 0, 0, 0, 0, 0, 0
GPS, 3, 494771600, 1904, 6, 3.53, 12.9918888, 80.2308517, 1.98, 24.82, 0.28, 338.12, -0.72, 41105
CTUN, 41155, 574, 0, 574, 0, 1.98, 1.42, 0.00, 0.00, 0, 32
ATT, 41174, 2.23, -2.08, -3.95, -2.69, 5.09, 7.76, 0.06, 0.02
RCIN, 41174, 1637, 1585, 1532, 1505, 2004, 1500, 1500, 1500, 0, 0, 0, 0, 0, 0
CTUN, 41255, 574, 0, 574, 0, 1.98, 1.46, 0.00, 0.00, 0, 28
ATT, 41274, 5.91, 0.03, -3.95, -3.11, 5.09, 7.76, 0.06, 0.03
RCIN, 41274, 1662, 1585, 1532, 1505, 2004, 1500, 1500, 1500, 0, 0, 0, 0, 0, 0
GPS, 3, 494771800, 1904, 6, 3.53, 12.9918884, 80.2308511, 1.98, 25.24, 0.04, 338.12, -0.75, 41325
CTUN, 41355, 574, 0, 574, 0, 1.98, 1.59, 0.00, 0.00, 0, 33
ATT, 41374, 5.91, 2.32, -3.95, -3.49, 5.09, 7.85, 0.10, 0.03
RCIN, 41374, 1662, 1585, 1532, 1505, 2004, 1500, 1500, 1500, 0, 0, 0, 0, 0, 0
CTUN, 41455, 574, 1, 575, 0, 2, 1.60, 0.00, 0.00, 0, 37
ATT, 41474, 6.10, 3.83, -3.95, -3.46, 5.09, 7.87, 0.10, 0.04
RCIN, 41474, 1664, 1585, 1532, 1505, 2004, 1500, 1500, 1500, 0, 0, 0, 0, 0, 0
GPS, 3, 494772000, 1904, 6, 3.53, 12.9918891, 80.2308517, 2.01, 25.51, 0.22, 338.12, -0.76, 41525
DU32, 7, 150393
CURR, 41546, 575, 115464, 0, 0, 4505, 0
CTUN, 41556, 574, 1, 575, 0, 2.01, 1.75, 0.00, 0.00, 0, 37
ATT, 41574, 8.14, 4.39, -3.95, -3.35, 5.09, 7.82, 0.04, 0.04
RCIN, 41574, 1685, 1585, 1532, 1505, 2005, 1500, 1500, 1500, 0, 0, 0, 0, 0, 0
CTUN, 41655, 574, 2, 576, 0, 2.03, 1.72, 0.00, 0.00, 0, 29
ATT, 41674, 9.69, 5.68, -3.95, -3.34, 5.09, 7.72, 0.04, 0.04
RCIN, 41674, 1703, 1585, 1532, 1505, 2005, 1500, 1500, 1500, 0, 0, 0, 0, 0, 0
GPS, 3, 494772200, 1904, 6, 3.53, 12.9918895, 80.2308523, 2.05, 25.66, 0.29, 338.12, -0.76, 41724
CTUN, 41755, 574, 3, 577, 0, 2.05, 1.86, 0.00, 0.00, 0, 39
ATT, 41775, 10.47, 6.95, -3.95, -3.09, 5.09, 7.43, 0.09, 0.05
RCIN, 41775, 1709, 1586, 1532, 1505, 2004, 1500, 1500, 1500, 0, 0, 0, 0, 0, 0
CTUN, 41855, 574, 4, 578, 0, 2.08, 1.95, 0.00, 0.00, 0, 34
ATT, 41874, 10.76, 7.75, -3.95, -2.71, 5.09, 7.21, 0.09, 0.06
RCIN, 41875, 1712, 1585, 1532, 1505, 2004, 1500, 1500, 1500, 0, 0, 0, 0, 0, 0
GPS, 3, 494772400, 1904, 6, 3.53, 12.9918892, 80.2308529, 2.10, 25.86, 0.26, 338.12, -0.77, 41925
CTUN, 41955, 574, 4, 578, 0, 2.11, 1.85, 0.00, 0.00, 0, 40
ATT, 41974, 10.95, 8.28, -3.95, -2.75, 5.09, 6.87, 0.10, 0.06
RCIN, 41974, 1714, 1585, 1532, 1505, 2005, 1500, 1500, 1500, 0, 0, 0, 0, 0, 0
CTUN, 42056, 574, 5, 579, 0, 2.13, 2.00, 0.00, 0.00, 0, 37
ATT, 42074, 10.95, 8.26, -3.95, -3.03, 5.09, 6.30, 0.10, 0.06
RCIN, 42074, 1714, 1585, 1532, 1505, 2004, 1500, 1500, 1500, 0, 0, 0, 0, 0, 0
GPS, 3, 494772600, 1904, 6, 3.53, 12.9918905, 80.2308545, 2.16, 26.24, 0.58, 338.12, -0.8, 42125
CTUN, 42155, 574, 5, 579, 0, 2.17, 2.20, 0.00, 0.00, 0, 41
ATT, 42174, 10.76, 8.37, -3.95, -3.27, 5.09, 6.00, 0.04, 0.06
RCIN, 42174, 1714, 1585, 1532, 1505, 2005, 1500, 1500, 1500, 0, 0, 0, 0, 0, 0
CTUN, 42256, 574, 5, 579, 0, 2.21, 2.27, 0.00, 0.00, 0, 38
ATT, 42275, 6.59, 8.53, -2.67, -3.18, 5.09, 5.61, 0.04, 0.06
RCIN, 42275, 1561, 1603, 1532, 1505, 2005, 1500, 1500, 1500, 0, 0, 0, 0, 0, 0
GPS, 3, 494772800, 1904, 6, 3.53, 12.9918925, 80.2308567, 2.25, 26.70, 0.96, 338.12, -0.84, 42325
CTUN, 42355, 574, 4, 578, 0, 2.25, 2.29, 0.00, 0.00, 0, 43
ATT, 42374, -11.48, 7.05, -2.27, -2.72, 5.09, 5.47, 0.04, 0.06
RCIN, 42374, 1429, 1602, 1532, 1505, 2004, 1500, 1500, 1500, 0, 0, 0, 0, 0, 0
CTUN, 42455, 574, 0, 574, 0, 2.3, 2.34, 0.00, 0.00, 0, 46
ATT, 42474, -24.70, -2.13, -1.97, -1.51, 5.09, 5.37, 0.04, 0.03
RCIN, 42474, 1300, 1605, 1532, 1505, 2005, 1500, 1500, 1500, 0, 0, 0, 0, 0, 0
GPS, 3, 494773000, 1904, 6, 3.53, 12.9918933, 80.2308591, 2.35, 27.08, 1.09, 23.66, -0.87, 42525
DU32, 7, 150393
CURR, 42546, 581, 121243, 0, 0, 4487, 0
CTUN, 42556, 574, 9, 583, 0, 2.36, 2.48, 0.00, 0.00, 0, 61
ATT, 42574, -38.33, -14.26, -1.97, -1.54, 5.09, 5.28, 0.07, 0.01
RCIN, 42574, 1158, 1605, 1532, 1505, 2005, 1500, 1500, 1500, 0, 0, 0, 0, 0, 0
CTUN, 42655, 574, 43, 617, 0, 2.43, 2.70, 0.00, 0.00, 0, 56
ATT, 42674, -39.97, -26.68, -2.17, -1.94, 5.09, 5.52, 0.07, 0.05
RCIN, 42674, 1151, 1603, 1532, 1505, 2004, 1500, 1500, 1500, 0, 0, 0, 0, 0, 0
GPS, 3, 494773200, 1904, 6, 3.53, 12.9918945, 80.2308614, 2.49, 27.73, 1.22, 53.26, -0.94, 42726
CTUN, 42756, 574, 88, 662, 0, 2.5, 2.95, 0.00, 0.00, 0, 54
ATT, 42775, -38.74, -34.48, -2.47, -1.93, 5.09, 5.46, 0.12, 0.07
RCIN, 42775, 1163, 1600, 1532, 1505, 2004, 1500, 1500, 1500, 0, 0, 0, 0, 0, 0
CTUN, 42855, 574, 112, 686, 0, 2.58, 2.81, 0.00, 0.00, 0, 49
ATT, 42874, -29.21, -37.34, -6.62, -1.78, 5.09, 5.18, 0.12, 0.07
RCIN, 42874, 1265, 1554, 1532, 1505, 2005, 1500, 1500, 1500, 0, 0, 0, 0, 0, 0
GPS, 3, 494773400, 1904, 6, 3.53, 12.9918976, 80.2308616, 2.64, 28.32, 1.04, 57.27, -0.9899999, 42925
CTUN, 42956, 574, 105, 679, 0, 2.66, 2.91, 0.00, 0.00, 0, 48
ATT, 42975, -15.27, -35.04, -12.36, -3.39, 5.09, 5.88, 0.24, 0.06
RCIN, 42975, 1392, 1500, 1532, 1505, 2005, 1500, 1500, 1500, 0, 0, 0, 0, 0, 0
CTUN, 43056, 574, 63, 637, 0, 2.73, 2.88, 0.00, 0.00, 0, 52
ATT, 43074, -5.94, -26.50, -12.36, -6.38, 5.09, 6.29, 0.24, 0.02
RCIN, 43074, 1483, 1500, 1532, 1505, 2004, 1500, 1500, 1500, 0, 0, 0, 0, 0, 0
GPS, 3, 494773600, 1904, 6, 3.53, 12.9919027, 80.2308613, 2.78, 28.96, 1.12, 46.21, -1.05, 43124
CTUN, 43155, 573, 28, 601, 0, 2.8, 2.82, 0.00, 0.00, 0, 67
ATT, 43174, -2.35, -16.54, -12.36, -8.37, 5.09, 5.76, 0.51, 0.00
RCIN, 43174, 1518, 1500, 1530, 1505, 2005, 1500, 1500, 1500, 0, 0, 0, 0, 0, 0
CTUN, 43256, 573, 10, 583, 0, 2.87, 2.80, 0.00, 0.00, 0, 74
ATT, 43275, 3.87, -7.29, -12.36, -9.17, 5.09, 4.89, 0.51, 0.04
RCIN, 43275, 1660, 1517, 1530, 1505, 2005, 1500, 1500, 1500, 0, 0, 0, 0, 0, 0
GPS, 3, 494773800, 1904, 6, 3.53, 12.991907, 80.2308604, 2.93, 29.36, 1.28, 27.87, -1.07, 43325
CTUN, 43355, 573, 6, 579, 0, 2.95, 3.05, 0.00, 0.00, 0, 75
ATT, 43374, 7.85, 0.55, -10.38, -9.33, 5.09, 4.31, 0.30, 0.06
RCIN, 43374, 1682, 1520, 1530, 1505, 2005, 1500, 1500, 1500, 0, 0, 0, 0, 0, 0
CTUN, 43455, 573, 7, 580, 0, 3.04, 3.08, 0.00, 0.00, 0, 76
ATT, 43475, 6.30, 7.33, -9.09, -8.66, 5.09, 4.34, 0.30, 0.07
RCIN, 43475, 1666, 1533, 1530, 1505, 2005, 1500, 1500, 1500, 0, 0, 0, 0, 0, 0
GPS, 3, 494774000, 1904, 6, 3.53, 12.9919072, 80.2308585, 3.11, 29.46, 0.95, 14.87, -1.06, 43525
DU32, 7, 150393
CURR, 43545, 583, 127450, 0, 0, 4487, 0
CTUN, 43556, 573, 10, 583, 0, 3.12, 3.24, 0.00, 0.00, 0, 73
ATT, 43574, -4.30, 9.25, -8.90, -7.40, 5.09, 4.90, 0.32, 0.08
RCIN, 43574, 1499, 1535, 1526, 1505, 2004, 1500, 1500, 1500, 0, 0, 0, 0, 0, 0
CTUN, 43655, 538, 4, 542, 0, 3.22, 3.31, 0.00, 0.00, 0, 79
ATT, 43674, -4.30, 4.39, -6.03, -6.00, 5.09, 5.52, 0.32, 0.05
RCIN, 43674, 1499, 1573, 1491, 1505, 2004, 1500, 1500, 1500, 0, 0, 0, 0, 0, 0
GPS, 3, 494774200, 1904, 6, 3.53, 12.9919076, 80.2308568, 3.29, 29.67, 0.77, 354.59, -1.06, 43725
CTUN, 43756, 487, 1, 488, 0, 3.31, 3.44, 0.00, 0.00, 0, 79
ATT, 43774, -4.30, 0.20, -3.95, -5.37, 5.09, 5.94, 0.42, 0.04
RCIN, 43775, 1499, 1585, 1434, 1505, 2004, 1500, 1500, 1500, 0, 0, 0, 0, 0, 0
CTUN, 43855, 487, 0, 487, 0, 3.4, 3.38, 0.00, 0.00, 0, 65
ATT, 43874, -4.30, 0.18, -3.95, -3.61, 5.09, 6.08, 0.42, 0.05
RCIN, 43874, 1499, 1585, 1434, 1505, 2004, 1500, 1500, 1500, 0, 0, 0, 0, 0, 0
GPS, 3, 494774400, 1904, 6, 3.53, 12.991906, 80.2308543, 3.43, 29.85, 0.79, 354.59, -1.05, 43926
CTUN, 43956, 487, 0, 487, 0, 3.43, 3.59, 0.00, 0.00, 0, -1
ATT, 43975, -4.30, 0.22, -0.98, -2.06, 5.09, 6.05, 0.46, 0.05
RCIN, 43975, 1499, 1615, 1434, 1505, 2005, 1500, 1500, 1500, 0, 0, 0, 0, 0, 0
CTUN, 44056, 487, 0, 487, 0, 3.44, 3.72, 0.00, 0.00, 0, 6
ATT, 44074, -4.30, -0.80, 0.00, -0.86, 5.09, 5.89, 0.46, 0.05
RCIN, 44074, 1499, 1693, 1434, 1505, 2004, 1500, 1500, 1500, 0, 0, 0, 0, 0, 0
GPS, 3, 494774600, 1904, 6, 3.53, 12.9919063, 80.230855, 3.47, 29.93, 0.52, 354.59, -1.03, 44125
CTUN, 44155, 487, 0, 487, 0, 3.47, 3.60, 0.00, 0.00, 0, -17
ATT, 44175, -4.30, -1.94, 3.10, 0.72, 5.09, 5.72, 0.13, 0.04
RCIN, 44176, 1499, 1716, 1434, 1505, 2004, 1500, 1500, 1500, 0, 0, 0, 0, 0, 0
CTUN, 44256, 487, 0, 487, 0, 3.45, 3.71, 0.00, 0.00, 0, -34
ATT, 44275, -4.30, -2.10, 5.17, 2.36, 5.09, 5.52, 0.13, 0.04
RCIN, 44275, 1499, 1730, 1434, 1505, 2004, 1500, 1500, 1500, 0, 0, 0, 0, 0, 0
GPS, 3, 494774800, 1904, 6, 3.53, 12.9919103, 80.2308526, 3.44, 30.38, 0.85, 333.18, -1.05, 44325
CTUN, 44355, 487, 0, 487, 0, 3.43, 3.81, 0.00, 0.00, 0, -27
ATT, 44374, -4.30, -1.77, 9.09, 4.72, 5.09, 5.31, 0.20, 0.05
RCIN, 44374, 1499, 1764, 1435, 1505, 2004, 1500, 1500, 1500, 0, 0, 0, 0, 0, 0
CTUN, 44456, 488, 2, 490, 0, 3.4, 3.73, 0.00, 0.00, 0, -65
ATT, 44475, -4.30, -1.92, 11.85, 7.72, 5.09, 5.00, 0.20, 0.04
RCIN, 44475, 1499, 1789, 1435, 1505, 2004, 1500, 1500, 1500, 0, 0, 0, 0, 0, 0
GPS, 3, 494775000, 1904, 6, 3.53, 12.9919115, 80.2308513, 3.34, 30.51, 0.89, 325.55, -1.04, 44525
DU32, 7, 150393
CURR, 44546, 493, 132402, 0, 0, 4487, 0
CTUN, 44556, 488, 5, 493, 0, 3.32, 3.68, 0.00, 0.00, 0, -123
ATT, 44574, -4.30, -2.32, 15.07, 10.61, 5.09, 4.91, 0.03, 0.04
RCIN, 44574, 1499, 1821, 1435, 1505, 2004, 1500, 1500, 1500, 0, 0, 0, 0, 0, 0
CTUN, 44657, 488, 9, 497, 0, 3.22, 3.69, 0.00, 0.00, 0, -97
ATT, 44675, -4.30, -2.34, 15.76, 13.24, 5.09, 4.71, 0.03, 0.04
RCIN, 44675, 1499, 1822, 1435, 1505, 2004, 1500, 1500, 1500, 0, 0, 0, 0, 0, 0
GPS, 3, 494775200, 1904, 6, 3.53, 12.9919141, 80.23085, 3.15, 30.84, 0.89, 324.68, -1.04, 44725
CTUN, 44756, 489, 12, 501, 0, 3.13, 3.54, 0.00, 0.00, 0, -116
ATT, 44774, -4.30, -2.10, 15.76, 15.23, 5.09, 4.57, 0.33, 0.04
RCIN, 44775, 1499, 1822, 1437, 1505, 2004, 1500, 1500, 1500, 0, 0, 0, 0, 0, 0
CTUN, 44855, 489, 13, 502, 0, 2.99, 3.57, 0.00, 0.00, 0, -200
ATT, 44874, -4.30, -2.14, 15.76, 15.59, 5.09, 4.45, 0.33, 0.04
RCIN, 44874, 1499, 1822, 1437, 1505, 2004, 1500, 1500, 1500, 0, 0, 0, 0, 0, 0
GPS, 3, 494775400, 1904, 6, 3.53, 12.9919154, 80.2308482, 2.86, 30.76, 0.97, 323.98, -1, 44926
CTUN, 44957, 489, 13, 502, 0, 2.83, 3.46, 0.00, 0.00, 0, -144
ATT, 44976, -4.30, -2.10, 13.35, 15.57, 5.09, 4.21, 0.25, 0.05
RCIN, 44976, 1499, 1768, 1437, 1505, 2004, 1500, 1500, 1500, 0, 0, 0, 0, 0, 0
CTUN, 45057, 489, 12, 501, 0, 2.7, 3.24, 0.00, 0.00, 0, -146
ATT, 45075, -4.30, -2.80, -2.76, 13.89, 5.09, 4.12, 0.25, 0.04
RCIN, 45076, 1499, 1597, 1437, 1505, 2004, 1500, 1500, 1500, 0, 0, 0, 0, 0, 0
GPS, 3, 494775600, 1904, 6, 3.53, 12.9919157, 80.2308464, 2.62, 30.69, 0.97, 321.42, -0.96, 45126
CTUN, 45157, 501, 3, 504, 0, 2.6, 3.01, 0.00, 0.00, 0, -116
ATT, 45175, -4.30, -3.02, -14.53, 5.58, 5.09, 4.01, 0.35, 0.04
RCIN, 45176, 1499, 1478, 1450, 1505, 2005, 1500, 1500, 1500, 0, 0, 0, 0, 0, 0
CTUN, 45257, 500, 1, 502, 0, 2.49, 3.10, 0.00, 0.00, 0, -123
ATT, 45276, -4.30, -2.66, -22.74, -7.01, 5.09, 4.07, 0.35, 0.05
RCIN, 45276, 1499, 1368, 1450, 1505, 2005, 1500, 1500, 1500, 0, 0, 0, 0, 0, 0
GPS, 3, 494775800, 1904, 6, 3.53, 12.9919158, 80.2308448, 2.40, 30.51, 0.97, 318.34, -0.92, 45326
CTUN, 45357, 501, 12, 513, 0, 2.38, 2.93, 0.00, 0.00, 0, -130
ATT, 45376, -4.30, -2.83, -30.36, -16.35, 5.09, 4.12, 0.11, 0.04
RCIN, 45376, 1499, 1300, 1450, 1505, 2004, 1500, 1500, 1500, 0, 0, 0, 0, 0, 0
CTUN, 45457, 501, 29, 530, 0, 2.28, 2.85, 0.00, 0.00, 0, -137
ATT, 45476, -4.30, -3.38, -32.24, -23.22, 5.09, 4.39, 0.11, 0.04
RCIN, 45476, 1499, 1299, 1450, 1505, 2004, 1500, 1500, 1500, 0, 0, 0, 0, 0, 0
GPS, 3, 494776000, 1904, 6, 3.53, 12.9919156, 80.2308444, 2.18, 30.11, 0.93, 318.61, -0.84, 45526
DU32, 7, 150393
CURR, 45547, 544, 137494, 0, 0, 4487, 0
CTUN, 45557, 501, 44, 545, 0, 2.15, 2.69, 0.00, 0.00, 0, -150
ATT, 45575, -4.30, -2.87, -23.83, -27.27, 5.09, 4.72, 0.24, 0.03
RCIN, 45576, 1499, 1397, 1450, 1505, 2004, 1500, 1500, 1500, 0, 0, 0, 0, 0, 0
CTUN, 45657, 503, 44, 545, 0, 2, 2.53, 0.00, 0.00, 0, -193
ATT, 45676, -4.30, -2.99, -18.49, -26.06, 5.09, 5.59, 0.24, 0.01
RCIN, 45676, 1499, 1500, 1492, 1505, 2005, 1500, 1500, 1500, 0, 0, 0, 0, 0, 0
GPS, 3, 494776200, 1904, 6, 3.53, 12.9919153, 80.2308442, 1.85, 29.45, 1.07, 324.21, -0.73, 45726
CTUN, 45757, 539, 30, 569, 0, 1.81, 2.24, 0.00, 0.00, 0, -209
ATT, 45775, -4.30, -3.22, 0.00, -19.80, 5.09, 6.40, 0.10, 0.00
RCIN, 45776, 1499, 1633, 1492, 1505, 2004, 1500, 1500, 1500, 0, 0, 0, 0, 0, 0
CTUN, 45857, 539, 8, 547, 0, 1.61, 2.41, 0.00, 0.00, 0, -206
ATT, 45875, -4.30, -2.96, 0.00, -8.99, 5.09, 7.36, 0.10, 0.00
RCIN, 45876, 1499, 1682, 1513, 1505, 2005, 1500, 1500, 1500, 0, 0, 0, 0, 0, 0
GPS, 3, 494776400, 1904, 6, 3.53, 12.9919159, 80.2308443, 1.47, 28.97, 1.13, 331.59, -0.65, 45926
CTUN, 45957, 574, 0, 568, 0, 1.44, 2.27, 0.00, 0.00, 0, -169
ATT, 45975, -4.30, -3.71, 0.00, -0.03, 5.09, 8.11, 0.49, 0.00
RCIN, 45976, 1499, 1683, 1532, 1505, 2005, 1500, 1500, 1500, 0, 0, 0, 0, 0, 0
CTUN, 46057, 576, 0, 576, 0, 1.3, 2.08, 0.00, 0.00, 0, -168
ATT, 46075, -4.30, -3.62, 0.00, 1.87, 5.09, 8.46, 0.49, 0.01
RCIN, 46076, 1499, 1683, 1534, 1505, 2004, 1500, 1500, 1500, 0, 0, 0, 0, 0, 0
GPS, 3, 494776600, 1904, 6, 3.53, 12.9919169, 80.2308458, 1.21, 28.65, 1.22, 346.04, -0.59, 46126
CTUN, 46157, 576, 0, 576, 0, 1.18, 1.90, 0.00, 0.00, 0, -155
ATT, 46176, -4.30, -1.90, 0.00, 3.16, 5.09, 8.35, 0.27, 0.02
RCIN, 46176, 1499, 1683, 1534, 1505, 2004, 1500, 1500, 1500, 0, 0, 0, 0, 0, 0
CTUN, 46257, 591, 1, 592, 0, 1.07, 1.84, 0.00, 0.00, 0, -127
ATT, 46276, -4.30, -2.56, 0.00, 5.32, 5.09, 7.78, 0.27, 0.02
RCIN, 46276, 1499, 1684, 1551, 1505, 2004, 1500, 1500, 1500, 0, 0, 0, 0, 0, 0
GPS, 3, 494776800, 1904, 6, 3.53, 12.9919184, 80.2308462, 0.99, 28.46, 1.29, 351.83, -0.56, 46326
CTUN, 46357, 591, 2, 593, 0, 0.98, 1.62, 0.00, 0.00, 0, -123
ATT, 46375, -4.30, -4.66, 0.00, 4.58, 5.09, 7.21, 0.13, 0.01
RCIN, 46376, 1499, 1681, 1551, 1505, 2004, 1500, 1500, 1500, 0, 0, 0, 0, 0, 0
CTUN, 46457, 591, 1, 592, 0, 0.88, 1.61, 0.00, 0.00, 0, -122
ATT, 46476, -4.30, -4.89, 0.00, 1.81, 5.09, 6.72, 0.13, 0.01
RCIN, 46476, 1499, 1679, 1551, 1505, 2004, 1500, 1500, 1500, 0, 0, 0, 0, 0, 0
GPS, 3, 494777001, 1904, 6, 3.53, 12.9919194, 80.2308462, 0.82, 28.25, 1.23, 350.36, -0.52, 46526
DU32, 7, 150393
CURR, 46547, 592, 143253, 0, 0, 4523, 0
CTUN, 46557, 593, 0, 593, 0, 0.8, 1.47, 0.00, 0.00, 0, -101
ATT, 46576, -4.30, -3.96, 0.00, 1.63, 5.09, 6.01, 0.18, 0.03
RCIN, 46576, 1499, 1680, 1553, 1505, 2004, 1500, 1500, 1500, 0, 0, 0, 0, 0, 0
CTUN, 46657, 591, 1, 592, 0, 0.73, 1.29, 0.00, 0.00, 0, -90
ATT, 46676, -4.30, -4.83, 0.00, 2.71, 5.09, 5.30, 0.18, 0.02
RCIN, 46676, 1499, 1680, 1551, 1505, 2004, 1500, 1500, 1500, 0, 0, 0, 0, 0, 0
GPS, 3, 494777200, 1904, 6, 3.53, 12.9919197, 80.230846, 0.69, 27.87, 1.20, 344.29, -0.47, 46726
CTUN, 46757, 591, 2, 593, 0, 0.68, 1.30, 0.00, 0.00, 0, -82
ATT, 46775, -4.30, -6.05, 0.00, 2.21, 5.09, 5.01, 0.07, 0.01
RCIN, 46776, 1499, 1685, 1551, 1505, 2005, 1500, 1500, 1500, 0, 0, 0, 0, 0, 0
CTUN, 46857, 591, 2, 593, 0, 0.63, 1.22, 0.00, 0.00, 0, -67
ATT, 46875, 0.00, -5.91, 0.00, 0.69, 5.09, 4.64, 0.07, 0.01
RCIN, 46876, 1584, 1648, 1551, 1505, 2005, 1500, 1500, 1500, 0, 0, 0, 0, 0, 0
GPS, 3, 494777400, 1904, 6, 3.53, 12.9919209, 80.2308459, 0.61, 27.73, 1.17, 342.28, -0.44, 46926
CTUN, 46957, 591, 1, 592, 0, 0.6, 0.97, 0.00, 0.00, 0, -59
ATT, 46975, 0.00, -4.61, 0.00, -0.56, 5.09, 4.60, 0.05, 0.01
RCIN, 46976, 1594, 1646, 1551, 1505, 2005, 1500, 1500, 1500, 0, 0, 0, 0, 0, 0
CTUN, 47057, 591, 0, 591, 0, 0.57, 0.98, 0.00, 0.00, 0, -45
ATT, 47076, 0.00, -2.58, 0.00, -0.86, 5.09, 4.46, 0.05, 0.02
RCIN, 47076, 1595, 1640, 1551, 1505, 2005, 1500, 1500, 1500, 0, 0, 0, 0, 0, 0
GPS, 3, 494777600, 1904, 6, 3.53, 12.9919205, 80.2308457, 0.55, 27.52, 0.91, 338.47, -0.41, 47126
CTUN, 47157, 591, 0, 591, 0, 0.55, 0.97, 0.00, 0.00, 0, -31
ATT, 47175, 0.00, -1.97, 0.00, -1.02, 5.09, 4.46, 0.09, 0.02
RCIN, 47176, 1596, 1640, 1551, 1505, 2005, 1500, 1500, 1500, 0, 0, 0, 0, 0, 0
CTUN, 47257, 591, 0, 591, 0, 0.54, 0.78, 0.00, 0.00, 0, -27
ATT, 47276, 0.00, -2.00, 0.00, -0.95, 5.09, 4.67, 0.09, 0.02
RCIN, 47276, 1596, 1640, 1551, 1505, 2005, 1500, 1500, 1500, 0, 0, 0, 0, 0, 0
GPS, 3, 494777800, 1904, 6, 3.53, 12.9919203, 80.2308453, 0.53, 27.33, 0.79, 332.90, -0.38, 47326
CTUN, 47357, 591, 0, 592, 0, 0.53, 0.81, 0.00, 0.00, 0, -16
ATT, 47375, 0.00, -1.67, 0.00, -1.31, 5.09, 5.01, 0.08, 0.01
RCIN, 47376, 1557, 1630, 1551, 1505, 2004, 1500, 1500, 1500, 0, 0, 0, 0, 0, 0
CTUN, 47457, 591, 0, 591, 0, 0.53, 0.79, 0.00, 0.00, 0, -11
ATT, 47476, -4.30, -1.43, -3.46, -1.82, 5.09, 5.20, 0.08, 0.03
RCIN, 47476, 1499, 1590, 1551, 1505, 2004, 1500, 1500, 1500, 0, 0, 0, 0, 0, 0
GPS, 3, 494778000, 1904, 6, 3.53, 12.9919209, 80.2308441, 0.54, 27.31, 0.84, 322.72, -0.37, 47527
DU32, 7, 150393
CURR, 47547, 591, 149172, 0, 0, 4505, 0
PM, 30, 1000, 11637, 0, 0, 0, 0
CTUN, 47557, 591, 0, 591, 0, 0.54, 0.73, 0.00, 0.00, 0, 0
ATT, 47576, -4.30, -2.60, -3.65, -2.70, 5.09, 5.30, 0.10, 0.02
RCIN, 47576, 1499, 1588, 1551, 1505, 2004, 1500, 1500, 1500, 0, 0, 0, 0, 0, 0
CTUN, 47657, 591, 2, 593, 0, 0.56, 0.71, 0.00, 0.00, 0, 7
ATT, 47676, -4.30, -4.70, -2.57, -4.42, 5.09, 5.59, 0.10, 0.01
RCIN, 47676, 1532, 1599, 1551, 1505, 2004, 1500, 1500, 1500, 0, 0, 0, 0, 0, 0
GPS, 3, 494778200, 1904, 6, 3.53, 12.9919208, 80.2308437, 0.57, 27.18, 0.75, 322.72, -0.36, 47726
CTUN, 47757, 591, 3, 594, 0, 0.58, 0.79, 0.00, 0.00, 0, 19
ATT, 47776, 0.00, -4.95, -2.57, -4.76, 5.09, 5.80, 0.09, 0.01
RCIN, 47776, 1555, 1598, 1551, 1505, 2004, 1500, 1500, 1500, 0, 0, 0, 0, 0, 0
CTUN, 47857, 591, 1, 592, 0, 0.61, 0.72, 0.00, 0.00, 0, 26
ATT, 47875, 0.00, -3.25, -2.67, -4.36, 5.09, 6.01, 0.09, 0.01
RCIN, 47876, 1557, 1598, 1551, 1505, 2004, 1500, 1500, 1500, 0, 0, 0, 0, 0, 0
GPS, 3, 494778400, 1904, 6, 3.53, 12.9919205, 80.2308439, 0.65, 27.12, 0.58, 322.72, -0.35, 47926
CTUN, 47957, 591, 1, 592, 0, 0.66, 0.71, 0.00, 0.00, 0, 36
ATT, 47976, 0.00, -1.85, -2.67, -4.09, 5.09, 6.08, 0.09, 0.02
RCIN, 47976, 1557, 1598, 1551, 1505, 2004, 1500, 1500, 1500, 0, 0, 0, 0, 0, 0
CTUN, 48057, 591, 1, 592, 0, 0.7, 0.85, 0.00, 0.00, 0, 45
ATT, 48076, 0.00, -1.51, -2.67, -3.78, 5.09, 6.31, 0.09, 0.02
RCIN, 48076, 1557, 1598, 1551, 1505, 2004, 1500, 1500, 1500, 0, 0, 0, 0, 0, 0
GPS, 3, 494778600, 1904, 6, 3.53, 12.9919208, 80.2308438, 0.75, 27.05, 0.53, 322.72, -0.35, 48126
CTUN, 48157, 591, 1, 592, 0, 0.76, 0.84, 0.00, 0.00, 0, 54
ATT, 48176, 0.00, -1.38, -2.67, -3.81, 5.09, 6.59, 0.14, 0.02
RCIN, 48176, 1563, 1598, 1551, 1505, 2004, 1500, 1500, 1500, 0, 0, 0, 0, 0, 0
CTUN, 48258, 591, 1, 592, 0, 0.83, 0.88, 0.00, 0.00, 0, 60
ATT, 48276, 0.00, -1.34, -2.67, -3.82, 5.09, 6.70, 0.14, 0.02
RCIN, 48276, 1574, 1598, 1551, 1505, 2004, 1500, 1500, 1500, 0, 0, 0, 0, 0, 0
GPS, 3, 494778800, 1904, 6, 3.53, 12.9919204, 80.2308442, 0.89, 26.86, 0.41, 322.72, -0.33, 48326
CTUN, 48357, 591, 0, 591, 0, 0.91, 0.96, 0.00, 0.00, 0, 63
ATT, 48375, 2.71, -1.13, -4.15, -3.81, 5.09, 6.77, 0.06, 0.02
RCIN, 48376, 1629, 1583, 1551, 1505, 2004, 1500, 1500, 1500, 0, 0, 0, 0, 0, 0
CTUN, 48457, 591, 1, 592, 0, 0.99, 0.89, 0.00, 0.00, 0, 75
ATT, 48476, 4.84, -0.57, -5.53, -4.30, 5.09, 6.77, 0.06, 0.02
RCIN, 48476, 1651, 1569, 1551, 1505, 2004, 1500, 1500, 1500, 0, 0, 0, 0, 0, 0
GPS, 3, 494779000, 1904, 6, 3.53, 12.9919215, 80.2308436, 1.06, 26.90, 0.48, 322.72, -0.34, 48527
DU32, 7, 150393
CURR, 48547, 592, 155096, 0, 0, 4487, 0
CTUN, 48557, 591, 1, 592, 0, 1.07, 0.95, 0.00, 0.00, 0, 79
ATT, 48576, 6.10, 1.46, -5.93, -5.34, 5.09, 6.74, 0.05, 0.02
RCIN, 48576, 1664, 1565, 1551, 1505, 2004, 1500, 1500, 1500, 0, 0, 0, 0, 0, 0
CTUN, 48657, 591, 2, 593, 0, 1.16, 1.08, 0.00, 0.00, 0, 84
ATT, 48676, 6.88, 3.32, -6.62, -6.16, 5.09, 6.65, 0.05, 0.03
RCIN, 48676, 1672, 1558, 1551, 1505, 2004, 1500, 1500, 1500, 0, 0, 0, 0, 0, 0
GPS, 3, 494779200, 1904, 6, 3.53, 12.9919224, 80.2308433, 1.23, 26.87, 0.51, 322.72, -0.34, 48727
CTUN, 48758, 591, 3, 594, 0, 1.24, 1.09, 0.00, 0.00, 0, 83
ATT, 48776, 0.00, 4.32, -6.62, -6.29, 5.09, 6.57, 0.03, 0.03
RCIN, 48776, 1556, 1558, 1551, 1505, 2004, 1500, 1500, 1500, 0, 0, 0, 0, 0, 0
CTUN, 48857, 591, 4, 595, 0, 1.33, 1.09, 0.00, 0.00, 0, 89
ATT, 48875, -4.30, 3.82, -7.21, -6.45, 5.09, 6.60, 0.03, 0.03
RCIN, 48876, 1499, 1552, 1551, 1505, 2005, 1500, 1500, 1500, 0, 0, 0, 0, 0, 0
GPS, 3, 494779400, 1904, 6, 3.53, 12.9919232, 80.2308437, 1.40, 26.69, 0.56, 322.72, -0.32, 48926
CTUN, 48957, 591, 2, 593, 0, 1.41, 1.39, 0.00, 0.00, 0, 98
ATT, 48976, -5.94, -0.59, -7.91, -6.64, 5.09, 6.63, 0.06, 0.01
RCIN, 48977, 1482, 1545, 1551, 1505, 2004, 1500, 1500, 1500, 0, 0, 0, 0, 0, 0
CTUN, 49057, 591, 4, 595, 0, 1.52, 1.22, 0.00, 0.00, 0, 107
ATT, 49076, -5.94, -4.33, 0.00, -7.51, 5.09, 6.65, 0.06, 0.01
RCIN, 49076, 1483, 1643, 1551, 1505, 2005, 1500, 1500, 1500, 0, 0, 0, 0, 0, 0
GPS, 3, 494779600, 1904, 6, 3.53, 12.9919245, 80.2308436, 1.59, 26.69, 0.61, 322.72, -0.32, 49126
CTUN, 49157, 591, 4, 595, 0, 1.61, 1.13, 0.00, 0.00, 0, 105
ATT, 49176, -5.74, -5.39, 4.25, -5.54, 5.09, 6.62, 0.11, 0.00
RCIN, 49176, 1485, 1750, 1551, 1505, 2005, 1500, 1500, 1500, 0, 0, 0, 0, 0, 0
CTUN, 49258, 591, 2, 593, 0, 1.69, 1.35, 0.00, 0.00, 0, 101
ATT, 49276, -5.53, -5.86, 13.12, -0.22, 5.09, 6.40, 0.11, 0.00
RCIN, 49276, 1487, 1799, 1551, 1505, 2004, 1500, 1500, 1500, 0, 0, 0, 0, 0, 0
GPS, 3, 494779800, 1904, 6, 3.53, 12.9919259, 80.2308444, 1.75, 26.74, 0.65, 322.72, -0.33, 49326
CTUN, 49357, 591, 4, 595, 0, 1.77, 1.47, 0.00, 0.00, 0, 94
ATT, 49375, -5.43, -6.37, 14.96, 6.34, 5.09, 6.29, 0.09, 0.00
RCIN, 49376, 1488, 1815, 1551, 1505, 2004, 1500, 1500, 1500, 0, 0, 0, 0, 0, 0
CTUN, 49458, 591, 10, 601, 0, 1.86, 1.43, 0.00, 0.00, 0, 92
ATT, 49476, -5.43, -6.10, 15.53, 11.24, 5.09, 6.31, 0.09, 0.01
RCIN, 49477, 1488, 1812, 1551, 1505, 2005, 1500, 1500, 1500, 0, 0, 0, 0, 0, 0
GPS, 3, 494780000, 1904, 6, 3.53, 12.9919252, 80.2308453, 1.92, 26.87, 0.36, 322.72, -0.34, 49527
DU32, 7, 150393
CURR, 49547, 605, 161053, 0, 0, 4487, 0
CTUN, 49557, 591, 14, 605, 0, 1.94, 1.65, 0.00, 0.00, 0, 99
ATT, 49575, -4.30, -5.59, 12.65, 13.40, 5.09, 6.52, 0.10, 0.01
RCIN, 49576, 1489, 1794, 1551, 1505, 2004, 1500, 1500, 1500, 0, 0, 0, 0, 0, 0
CTUN, 49657, 591, 14, 605, 0, 2.04, 1.75, 0.00, 0.00, 0, 108
ATT, 49676, -4.30, -5.19, 12.42, 13.24, 5.09, 6.53, 0.10, 0.01
RCIN, 49676, 1499, 1793, 1551, 1505, 2004, 1500, 1500, 1500, 0, 0, 0, 0, 0, 0
GPS, 3, 494780200, 1904, 6, 3.53, 12.9919246, 80.2308463, 2.12, 26.84, 0.29, 322.72, -0.33, 49727
CTUN, 49757, 591, 12, 603, 0, 2.14, 1.70, 0.00, 0.00, 0, 114
ATT, 49776, -4.30, -4.55, 0.00, 12.07, 5.09, 6.87, 0.15, 0.02
RCIN, 49776, 1499, 1665, 1551, 1505, 2004, 1500, 1500, 1500, 0, 0, 0, 0, 0, 0
CTUN, 49857, 591, 6, 597, 0, 2.23, 1.83, 0.00, 0.00, 0, 119
ATT, 49875, -4.30, -4.46, -7.41, 7.31, 5.09, 6.77, 0.15, 0.02
RCIN, 49876, 1499, 1550, 1551, 1505, 2004, 1500, 1500, 1500, 0, 0, 0, 0, 0, 0
GPS, 3, 494780400, 1904, 6, 3.53, 12.991926, 80.2308447, 2.32, 26.90, 0.36, 322.72, -0.33, 49928
CTUN, 49958, 591, 1, 592, 0, 2.34, 1.83, 0.00, 0.00, 0, 115
ATT, 49977, -4.30, -4.21, -12.36, -0.46, 5.09, 6.89, 0.25, 0.03
RCIN, 49977, 1499, 1500, 1551, 1505, 2004, 1500, 1500, 1500, 0, 0, 0, 0, 0, 0
CTUN, 50058, 591, 3, 594, 0, 2.44, 2.01, 0.00, 0.00, 0, 124
ATT, 50077, -4.30, -3.67, -12.36, -7.14, 5.09, 6.77, 0.25, 0.02
RCIN, 50077, 1499, 1500, 1551, 1505, 2004, 1500, 1500, 1500, 0, 0, 0, 0, 0, 0
GPS, 3, 494780600, 1904, 6, 3.53, 12.9919267, 80.2308436, 2.52, 27.04, 0.39, 322.72, -0.34, 50128
CTUN, 50158, 591, 8, 599, 0, 2.54, 1.98, 0.00, 0.00, 0, 120
ATT, 50177, 0.00, -3.22, -12.36, -10.82, 5.09, 6.66, 0.16, 0.01
RCIN, 50177, 1569, 1500, 1551, 1505, 2004, 1500, 1500, 1500, 0, 0, 0, 0, 0, 0
CTUN, 50258, 591, 10, 601, 0, 2.64, 2.19, 0.00, 0.00, 0, 125
ATT, 50277, 2.42, -1.54, -12.36, -12.51, 5.09, 6.66, 0.16, 0.02
RCIN, 50277, 1626, 1500, 1551, 1505, 2005, 1500, 1500, 1500, 0, 0, 0, 0, 0, 0
GPS, 3, 494780800, 1904, 6, 3.53, 12.9919271, 80.2308424, 2.72, 27.03, 0.45, 322.72, -0.34, 50328
CTUN, 50358, 591, 12, 603, 0, 2.74, 2.23, 0.00, 0.00, 0, 122
ATT, 50377, 2.42, 0.20, -12.36, -13.44, 5.09, 6.51, 0.07, 0.04
RCIN, 50378, 1626, 1500, 1551, 1505, 2004, 1500, 1500, 1500, 0, 0, 0, 0, 0, 0
CTUN, 50458, 591, 13, 604, 0, 2.85, 2.18, 0.00, 0.00, 0, 122
ATT, 50477, 2.42, 0.88, -12.36, -13.95, 5.09, 6.31, 0.07, 0.04
RCIN, 50477, 1626, 1500, 1551, 1505, 2005, 1500, 1500, 1500, 0, 0, 0, 0, 0, 0
GPS, 3, 494781000, 1904, 6, 3.53, 12.9919255, 80.230842, 2.92, 27.04, 0.36, 322.72, -0.33, 50528
DU32, 7, 150393
CURR, 50548, 603, 167053, 0, 0, 4452, 0
CTUN, 50558, 590, 13, 603, 0, 2.94, 2.39, 0.00, 0.00, 0, 128
ATT, 50577, 2.42, 1.23, -12.36, -13.88, 5.09, 6.29, 0.25, 0.04
RCIN, 50577, 1626, 1500, 1550, 1505, 2004, 1500, 1500, 1500, 0, 0, 0, 0, 0, 0
CTUN, 50658, 592, 12, 602, 0, 3.05, 2.63, 0.00, 0.00, 0, 133
ATT, 50677, 0.00, 1.63, -0.98, -13.23, 5.09, 6.26, 0.25, 0.04
RCIN, 50677, 1593, 1615, 1552, 1505, 2004, 1500, 1500, 1500, 0, 0, 0, 0, 0, 0
GPS, 3, 494781200, 1904, 6, 3.53, 12.9919267, 80.2308405, 3.14, 27.47, 0.44, 322.72, -0.39, 50728
CTUN, 50758, 592, 8, 600, 0, 3.16, 2.70, 0.00, 0.00, 0, 130
ATT, 50777, 0.00, 1.20, 3.45, -9.82, 5.09, 6.40, 0.24, 0.03
RCIN, 50777, 1572, 1733, 1552, 1505, 2004, 1500, 1500, 1500, 0, 0, 0, 0, 0, 0
CTUN, 50858, 592, 1, 593, 0, 3.27, 2.83, 0.00, 0.00, 0, 125
ATT, 50877, 0.00, 0.06, 9.55, -2.84, 5.09, 6.65, 0.24, 0.02
RCIN, 50877, 1542, 1778, 1552, 1505, 2004, 1500, 1500, 1500, 0, 0, 0, 0, 0, 0
GPS, 3, 494781400, 1904, 6, 3.53, 12.9919277, 80.2308429, 3.36, 27.54, 0.38, 322.72, -0.4, 50928
CTUN, 50958, 592, 0, 592, 0, 3.39, 2.82, 0.00, 0.00, 0, 133
ATT, 50977, -1.94, -0.38, 13.23, 4.06, 5.09, 6.85, 0.13, 0.02
RCIN, 50977, 1522, 1800, 1552, 1505, 2005, 1500, 1500, 1500, 0, 0, 0, 0, 0, 0
CTUN, 51058, 592, 4, 596, 0, 3.5, 3.02, 0.00, 0.00, 0, 131
ATT, 51077, -4.30, -0.86, 14.61, 8.62, 5.09, 6.70, 0.13, 0.03
RCIN, 51077, 1499, 1812, 1552, 1505, 2004, 1500, 1500, 1500, 0, 0, 0, 0, 0, 0
GPS, 3, 494781600, 1904, 6, 3.53, 12.9919262, 80.2308469, 3.59, 27.73, 0.52, 322.72, -0.43, 51128
CTUN, 51158, 592, 9, 601, 0, 3.62, 3.22, 0.00, 0.00, 0, 132
ATT, 51177, -4.30, -2.55, 14.73, 11.79, 5.09, 6.55, 0.21, 0.01
RCIN, 51177, 1499, 1813, 1552, 1505, 2004, 1500, 1500, 1500, 0, 0, 0, 0, 0, 0
CTUN, 51258, 592, 13, 605, 0, 3.74, 3.27, 0.00, 0.00, 0, 132
ATT, 51277, -4.30, -3.81, 14.73, 13.65, 5.09, 6.31, 0.21, 0.02
RCIN, 51277, 1499, 1813, 1552, 1505, 2004, 1500, 1500, 1500, 0, 0, 0, 0, 0, 0
GPS, 3, 494781800, 1904, 6, 3.53, 12.991922, 80.230851, 3.83, 28.13, 0.91, 51.55, -0.49, 51328
CTUN, 51358, 592, 15, 607, 0, 3.86, 3.19, 0.00, 0.00, 0, 144
ATT, 51377, -4.30, -4.15, 14.73, 14.26, 5.09, 6.24, 0.19, 0.02
RCIN, 51378, 1499, 1813, 1552, 1505, 2004, 1500, 1500, 1500, 0, 0, 0, 0, 0, 0
CTUN, 51458, 590, 15, 605, 0, 3.97, 3.52, 0.00, 0.00, 0, 143
ATT, 51477, -4.30, -4.09, 6.32, 14.48, 5.09, 6.22, 0.19, 0.02
RCIN, 51478, 1499, 1740, 1550, 1505, 2004, 1500, 1500, 1500, 0, 0, 0, 0, 0, 0
GPS, 3, 494782000, 1904, 6, 3.53, 12.9919229, 80.2308515, 4.07, 28.46, 0.77, 51.55, -0.53, 51528
DU32, 7, 150393
CURR, 51548, 603, 173058, 0, 0, 4469, 0
CTUN, 51558, 589, 13, 602, 0, 4.1, 3.51, 0.00, 0.00, 0, 148
ATT, 51577, -4.30, -4.05, -1.78, 12.65, 5.09, 6.22, 0.29, 0.03
RCIN, 51577, 1499, 1607, 1530, 1505, 2005, 1500, 1500, 1500, 0, 0, 0, 0, 0, 0
CTUN, 51658, 548, 3, 551, 0, 4.22, 3.48, 0.00, 0.00, 0, 150
ATT, 51677, -4.30, -4.40, -4.05, 5.18, 5.09, 6.21, 0.29, 0.03
RCIN, 51677, 1499, 1580, 1503, 1505, 2004, 1500, 1500, 1500, 0, 0, 0, 0, 0, 0
GPS, 3, 494782200, 1904, 6, 3.53, 12.9919236, 80.2308511, 4.31, 28.61, 0.50, 51.55, -0.55, 51728
CTUN, 51759, 506, 0, 506, 0, 4.33, 3.74, 0.00, 0.00, 0, 136
ATT, 51778, -4.30, -4.16, -4.94, -1.68, 5.09, 6.11, 0.34, 0.03
RCIN, 51778, 1499, 1575, 1446, 1505, 2004, 1500, 1500, 1500, 0, 0, 0, 0, 0, 0
CTUN, 51859, 488, 1, 489, 0, 4.44, 3.93, 0.00, 0.00, 0, 115
ATT, 51877, -4.30, -4.03, -4.94, -4.60, 5.09, 5.59, 0.34, 0.04
RCIN, 51877, 1499, 1575, 1435, 1505, 2005, 1500, 1500, 1500, 0, 0, 0, 0, 0, 0
GPS, 3, 494782400, 1904, 6, 3.53, 12.9919237, 80.2308513, 4.51, 28.88, 0.42, 51.55, -0.58, 51928
CTUN, 51958, 486, 2, 490, 0, 4.52, 3.89, 0.00, 0.00, 0, 80
ATT, 51977, -4.30, -3.83, -3.26, -5.72, 5.09, 5.20, 0.07, 0.04
RCIN, 51978, 1499, 1592, 1433, 1505, 2004, 1500, 1500, 1500, 0, 0, 0, 0, 0, 0
CTUN, 52058, 462, 2, 464, 0, 4.59, 4.07, 0.00, 0.00, 0, 82
ATT, 52077, -4.30, -3.91, 0.00, -5.92, 5.09, 4.74, 0.07, 0.04
RCIN, 52077, 1499, 1625, 1406, 1505, 2004, 1500, 1500, 1500, 0, 0, 0, 0, 0, 0
GPS, 3, 494782600, 1904, 6, 3.53, 12.9919232, 80.2308514, 4.64, 29.12, 0.42, 51.55, -0.61, 52128
CTUN, 52158, 462, 1, 463, 0, 4.65, 4.17, 0.00, 0.00, 0, 69
ATT, 52177, -4.30, -3.66, 0.00, -4.43, 5.09, 4.37, 0.24, 0.04
RCIN, 52177, 1499, 1648, 1406, 1505, 2004, 1500, 1500, 1500, 0, 0, 0, 0, 0, 0
CTUN, 52258, 463, 0, 463, 0, 4.7, 4.05, 0.00, 0.00, 0, 86
ATT, 52277, -4.30, -3.68, 3.79, -2.76, 5.09, 3.81, 0.24, 0.04
RCIN, 52277, 1499, 1718, 1408, 1505, 2005, 1500, 1500, 1500, 0, 0, 0, 0, 0, 0
GPS, 3, 494782800, 1904, 6, 3.53, 12.9919243, 80.230851, 4.75, 29.17, 0.29, 51.55, -0.62, 52328
CTUN, 52359, 464, 0, 464, 0, 4.75, 4.27, 0.00, 0.00, 0, 63
ATT, 52377, -4.30, -4.19, 6.32, -1.74, 5.09, 3.55, 0.26, 0.04
RCIN, 52377, 1499, 1740, 1408, 1505, 2004, 1500, 1500, 1500, 0, 0, 0, 0, 0, 0
CTUN, 52458, 474, 0, 474, 0, 4.79, 4.18, 0.00, 0.00, 0, 53
ATT, 52477, -4.30, -4.35, 9.78, 0.78, 5.09, 3.30, 0.26, 0.04
RCIN, 52477, 1499, 1770, 1420, 1505, 2004, 1500, 1500, 1500, 0, 0, 0, 0, 0, 0
GPS, 3, 494783000, 1904, 6, 3.53, 12.9919251, 80.2308511, 4.81, 29.07, 0.13, 51.55, -0.6, 52528
DU32, 7, 150393
CURR, 52549, 475, 177903, 0, 0, 4505, 0
CTUN, 52558, 474, 1, 475, 0, 4.81, 4.23, 0.00, 0.00, 0, 23
ATT, 52577, -4.30, -3.60, 9.66, 4.76, 5.09, 3.11, 0.21, 0.04
RCIN, 52578, 1499, 1768, 1420, 1505, 2005, 1500, 1500, 1500, 0, 0, 0, 0, 0, 0
CTUN, 52658, 500, 3, 503, 0, 4.77, 4.13, 0.00, 0.00, 0, -22
ATT, 52677, -4.30, -3.33, 9.32, 7.14, 5.09, 3.18, 0.21, 0.05
RCIN, 52677, 1499, 1766, 1453, 1505, 2004, 1500, 1500, 1500, 0, 0, 0, 0, 0, 0
GPS, 3, 494783200, 1904, 6, 3.53, 12.9919261, 80.2308505, 4.70, 28.97, 0.17, 51.55, -0.58, 52728
CTUN, 52758, 504, 3, 507, 0, 4.68, 4.16, 0.00, 0.00, 0, -74
ATT, 52777, -4.30, -3.80, 9.32, 7.15, 5.09, 3.22, 0.11, 0.04
RCIN, 52777, 1499, 1766, 1453, 1505, 2004, 1500, 1500, 1500, 0, 0, 0, 0, 0, 0
CTUN, 52859, 504, 3, 507, 0, 4.6, 3.96, 0.00, 0.00, 0, -49
ATT, 52877, -4.30, -3.71, 8.63, 6.97, 5.09, 3.50, 0.11, 0.04
RCIN, 52877, 1499, 1757, 1453, 1505, 2004, 1500, 1500, 1500, 0, 0, 0, 0, 0, 0
GPS, 3, 494783400, 1904, 6, 3.53, 12.9919249, 80.2308518, 4.51, 28.38, 0.31, 51.55, -0.52, 52928
CTUN, 52958, 510, 3, 507, 0, 4.48, 3.94, 0.00, 0.00, 0, -84
ATT, 52977, -4.30, -3.55, 7.25, 7.00, 5.09, 3.69, 0.51, 0.04
RCIN, 52977, 1499, 1748, 1464, 1505, 2005, 1500, 1500, 1500, 0, 0, 0, 0, 0, 0
CTUN, 53059, 515, 2, 517, 0, 4.34, 3.83, 0.00, 0.00, 0, -115
ATT, 53077, -4.30, -3.74, 7.25, 5.76, 5.09, 4.06, 0.51, 0.04
RCIN, 53077, 1499, 1748, 1466, 1505, 2005, 1500, 1500, 1500, 0, 0, 0, 0, 0, 0
GPS, 3, 494783600, 1904, 6, 3.53, 12.991922, 80.2308549, 4.22, 27.60, 0.24, 51.55, -0.42, 53128
CTUN, 53158, 517, 2, 519, 0, 4.2, 3.72, 0.00, 0.00, 0, -101
ATT, 53177, -4.30, -4.06, 7.25, 4.32, 5.09, 4.16, 0.27, 0.04
RCIN, 53177, 1499, 1748, 1468, 1505, 2004, 1500, 1500, 1500, 0, 0, 0, 0, 0, 0
CTUN, 53258, 517, 1, 518, 0, 4.02, 3.59, 0.00, 0.00, 0, -167
ATT, 53277, -4.30, -3.32, 4.94, 3.34, 5.09, 4.51, 0.27, 0.04
RCIN, 53277, 1514, 1713, 1468, 1505, 2004, 1500, 1500, 1500, 0, 0, 0, 0, 0, 0
GPS, 3, 494783800, 1904, 6, 3.53, 12.9919225, 80.2308542, 3.85, 27.38, 0.45, 51.55, -0.38, 53329
CTUN, 53358, 516, 0, 517, 0, 3.81, 3.63, 0.00, 0.00, 0, -183
ATT, 53377, 0.00, -2.77, 0.00, 1.97, 5.09, 4.62, 0.14, 0.04
RCIN, 53377, 1593, 1638, 1468, 1505, 2005, 1500, 1500, 1500, 0, 0, 0, 0, 0, 0
CTUN, 53458, 517, 0, 517, 0, 3.6, 3.45, 0.00, 0.00, 0, -193
ATT, 53477, 0.96, -1.20, 0.00, -1.48, 5.09, 4.76, 0.14, 0.05
RCIN, 53477, 1611, 1625, 1468, 1505, 2004, 1500, 1500, 1500, 0, 0, 0, 0, 0, 0
GPS, 3, 494784000, 1904, 6, 3.53, 12.9919225, 80.2308534, 3.42, 27.22, 0.52, 51.55, -0.35, 53529
DU32, 7, 150393
CURR, 53549, 517, 183005, 0, 0, 4505, 0
CTUN, 53559, 517, 0, 517, 0, 3.37, 3.20, 0.00, 0.00, 0, -210
ATT, 53577, 1.16, 0.49, 0.00, -3.95, 5.09, 4.80, 0.23, 0.05
RCIN, 53577, 1613, 1625, 1468, 1505, 2004, 1500, 1500, 1500, 0, 0, 0, 0, 0, 0
CTUN, 53658, 517, 0, 517, 0, 3.14, 3.19, 0.00, 0.00, 0, -211
ATT, 53677, 1.16, 0.87, 0.00, -3.46, 5.09, 5.17, 0.23, 0.05
RCIN, 53677, 1613, 1629, 1468, 1505, 2004, 1500, 1500, 1500, 0, 0, 0, 0, 0, 0
GPS, 3, 494784200, 1904, 6, 3.53, 12.9919229, 80.2308531, 2.95, 27.12, 0.45, 51.55, -0.33, 53728
CTUN, 53758, 517, 0, 517, 0, 2.9, 2.96, 0.00, 0.00, 0, -246
ATT, 53778, 0.48, 1.09, 0.00, -2.77, 5.09, 5.36, 0.16, 0.04
RCIN, 53778, 1591, 1680, 1468, 1505, 2004, 1500, 1500, 1500, 0, 0, 0, 0, 0, 0
CTUN, 53858, 517, 0, 517, 0, 2.63, 2.85, 0.00, 0.00, 0, -242
ATT, 53877, 0.00, 1.22, 4.02, -3.00, 5.09, 5.61, 0.16, 0.04
RCIN, 53877, 1567, 1720, 1468, 1505, 2005, 1500, 1500, 1500, 0, 0, 0, 0, 0, 0
GPS, 3, 494784400, 1904, 6, 3.53, 12.9919237, 80.2308528, 2.43, 27.04, 0.45, 51.55, -0.32, 53928
CTUN, 53958, 517, 0, 517, 0, 2.38, 2.76, 0.00, 0.00, 0, -270
ATT, 53977, 0.00, 0.43, 4.37, -1.89, 5.09, 5.84, 0.09, 0.03
RCIN, 53977, 1555, 1723, 1470, 1505, 2005, 1500, 1500, 1500, 0, 0, 0, 0, 0, 0
CTUN, 54059, 538, 0, 538, 0, 2.12, 2.57, 0.00, 0.00, 0, -242
ATT, 54077, 0.00, -0.25, 4.37, 0.00, 5.09, 6.09, 0.09, 0.03
RCIN, 54077, 1554, 1723, 1491, 1505, 2005, 1500, 1500, 1500, 0, 0, 0, 0, 0, 0
GPS, 3, 494784600, 1904, 6, 3.53, 12.9919233, 80.2308527, 1.93, 26.68, 0.47, 51.55, -0.26, 54128
CTUN, 54158, 538, 0, 538, 0, 1.87, 2.26, 0.00, 0.00, 0, -298
ATT, 54177, 0.00, -0.93, 4.48, 0.28, 5.09, 6.21, 0.15, 0.03
RCIN, 54177, 1546, 1723, 1491, 1505, 2004, 1500, 1500, 1500, 0, 0, 0, 0, 0, 0
CTUN, 54260, 557, 0, 557, 0, 1.55, 2.17, 0.00, 0.00, 0, -346
ATT, 54278, 0.00, -1.05, 4.37, 0.16, 5.09, 6.43, 0.15, 0.03
RCIN, 54278, 1544, 1723, 1518, 1505, 2005, 1500, 1500, 1500, 0, 0, 0, 0, 0, 0
GPS, 3, 494784800, 1904, 6, 3.53, 12.9919223, 80.2308528, 1.21, 26.14, 0.48, 51.55, -0.19, 54348
CTUN, 54370, 562, 0, 562, 0, 1.14, 1.89, 0.00, 0.00, 0, -374
ATT, 54378, 0.00, -1.47, 4.60, 0.54, 5.09, 6.64, 0.31, 0.02
RCIN, 54378, 1542, 1725, 1518, 1505, 2004, 1500, 1500, 1500, 0, 0, 0, 0, 0, 0
CTUN, 54468, 562, 0, 562, 0, 0.76, 1.74, 0.00, 0.00, 0, -406
ATT, 54478, 0.00, -1.89, 4.60, 0.56, 5.09, 6.94, 0.31, 0.02
RCIN, 54478, 1542, 1725, 1518, 1505, 2004, 1500, 1500, 1500, 0, 0, 0, 0, 0, 0
GPS, 3, 494785000, 1904, 6, 3.53, 12.9919211, 80.2308532, 0.45, 25.84, 0.32, 51.55, -0.14, 54548
DU32, 7, 150393
CURR, 54549, 562, 188373, 0, 0, 4487, 0
CTUN, 54569, 562, 0, 562, 0, 0.37, 1.62, 0.00, 0.00, 0, -415
ATT, 54578, 0.00, -2.52, 4.60, 0.70, 5.09, 7.16, 0.19, 0.02
RCIN, 54578, 1558, 1723, 1518, 1505, 2004, 1500, 1500, 1500, 0, 0, 0, 0, 0, 0
CTUN, 54668, 562, 0, 562, 0, -0.01, 1.54, 0.00, 0.00, 0, -461
ATT, 54677, 0.00, -3.21, 3.79, 1.25, 5.09, 7.36, 0.19, 0.01
RCIN, 54677, 1562, 1719, 1518, 1505, 2004, 1500, 1500, 1500, 0, 0, 0, 0, 0, 0
GPS, 3, 494785200, 1904, 6, 3.53, 12.9919217, 80.2308531, -0.26, 25.63, 0.32, 51.55, -0.11, 54729
CTUN, 54769, 562, 0, 562, 0, -0.41, 1.42, 0.00, 0.00, 0, -438
ATT, 54778, 0.00, -3.28, 3.91, 1.44, 5.09, 7.64, 0.04, 0.01
RCIN, 54778, 1563, 1719, 1518, 1505, 2004, 1500, 1500, 1500, 0, 0, 0, 0, 0, 0
CTUN, 54868, 564, 0, 564, 0, -0.77, 1.36, 0.00, 0.00, 0, -422
ATT, 54877, 0.00, -2.98, 4.02, 1.35, 5.09, 7.90, 0.04, 0.01
RCIN, 54878, 1562, 1720, 1520, 1505, 2004, 1500, 1500, 1500, 0, 0, 0, 0, 0, 0
GPS, 3, 494785400, 1904, 6, 3.53, 12.991923, 80.230852, -1.02, 25.67, 0.51, 51.55, -0.12, 54947
CTUN, 54969, 581, 0, 581, 0, -1.08, 1.34, 0.00, 0.00, 0, -391
ATT, 54978, 0.00, -2.88, 4.14, 1.71, 5.09, 7.93, 0.32, 0.01
RCIN, 54979, 1564, 1721, 1540, 1505, 2004, 1500, 1500, 1500, 0, 0, 0, 0, 0, 0
CTUN, 55069, 586, 0, 586, 0, -1.33, 1.08, 0.00, 0.00, 0, -361
ATT, 55078, 0.00, -2.75, 4.14, 1.73, 5.09, 8.05, 0.32, 0.01
RCIN, 55078, 1562, 1721, 1545, 1505, 2004, 1500, 1500, 1500, 0, 0, 0, 0, 0, 0
GPS, 3, 494785600, 1904, 6, 3.53, 12.9919236, 80.2308526, -1.48, 25.56, 0.53, 51.55, -0.11, 55128
CTUN, 55168, 588, 0, 588, 0, -1.58, 1.01, 0.00, 0.00, 0, -348
ATT, 55177, 0.00, -2.30, 4.14, 1.93, 5.09, 8.13, 0.14, 0.02
RCIN, 55177, 1563, 1721, 1547, 1505, 2004, 1500, 1500, 1500, 0, 0, 0, 0, 0, 0
CTUN, 55269, 588, 0, 588, 0, -1.8, 0.87, 0.00, 0.00, 0, -336
ATT, 55278, 0.00, -1.72, 4.14, 2.39, 5.09, 8.14, 0.14, 0.02
RCIN, 55278, 1563, 1721, 1547, 1505, 2004, 1500, 1500, 1500, 0, 0, 0, 0, 0, 0
GPS, 3, 494785800, 1904, 6, 3.53, 12.991925, 80.2308519, -1.96, 25.54, 0.72, 51.55, -0.09999999, 55347
CTUN, 55368, 588, 0, 588, 0, -2, 0.70, 0.00, 0.00, 0, -310
ATT, 55377, 0.00, -1.57, 2.76, 2.68, 5.09, 8.19, 0.09, 0.01
RCIN, 55377, 1565, 1709, 1547, 1505, 2004, 1500, 1500, 1500, 0, 0, 0, 0, 0, 0
CTUN, 55469, 588, 0, 588, 0, -2.19, 0.53, 0.00, 0.00, 0, -313
ATT, 55478, 1.35, -1.60, 0.00, 2.30, 5.09, 8.29, 0.09, 0.01
RCIN, 55479, 1615, 1656, 1547, 1505, 2004, 1500, 1500, 1500, 0, 0, 0, 0, 0, 0
GPS, 3, 494786000, 1904, 6, 3.53, 12.9919239, 80.2308539, -2.33, 25.15, 0.53, 51.55, -0.05, 55548
DU32, 7, 150393
CURR, 55549, 586, 194160, 0, 0, 4487, 0
CTUN, 55569, 588, 0, 588, 0, -2.37, 0.49, 0.00, 0.00, 0, -304
ATT, 55578, 3.49, -1.10, 0.00, 0.76, 5.09, 8.22, 0.16, 0.02
RCIN, 55578, 1638, 1635, 1547, 1505, 2004, 1500, 1500, 1500, 0, 0, 0, 0, 0, 0
CTUN, 55668, 588, 0, 588, 0, -2.52, 0.51, 0.00, 0.00, 0, -295
ATT, 55677, 3.78, 0.30, 0.00, -0.04, 5.09, 8.25, 0.16, 0.03
RCIN, 55678, 1640, 1633, 1547, 1505, 2004, 1500, 1500, 1500, 0, 0, 0, 0, 0, 0
GPS, 3, 494786200, 1904, 6, 3.53, 12.9919222, 80.2308549, -2.63, 25.09, 0.13, 51.55, -0.05, 55748
CTUN, 55769, 586, 0, 588, 0, -2.66, 0.26, 0.00, 0.00, 0, -286
ATT, 55778, 3.97, 1.70, 0.00, 0.17, 5.09, 8.19, 0.10, 0.03
RCIN, 55778, 1642, 1630, 1545, 1505, 2004, 1500, 1500, 1500, 0, 0, 0, 0, 0, 0
CTUN, 55868, 588, 0, 586, 0, -2.79, 0.18, 0.00, 0.00, 0, -293
ATT, 55877, 3.97, 1.97, 0.00, 0.47, 5.09, 8.05, 0.10, 0.02
RCIN, 55878, 1642, 1628, 1547, 1505, 2004, 1500, 1500, 1500, 0, 0, 0, 0, 0, 0
GPS, 3, 494786400, 1904, 6, 3.53, 12.9919202, 80.2308557, -2.90, 25.18, 0.25, 51.55, -0.07, 55948
CTUN, 55969, 588, 0, 588, 0, -2.92, 0.14, 0.00, 0.00, 0, -282
ATT, 55979, 3.87, 2.54, 0.00, 0.41, 5.09, 7.69, 0.14, 0.03
RCIN, 55980, 1640, 1635, 1545, 1505, 2004, 1500, 1500, 1500, 0, 0, 0, 0, 0, 0
CTUN, 56070, 588, 0, 588, 0, -3.03, 0.00, 0.00, 0.00, 0, -270
ATT, 56079, 0.58, 3.28, 0.00, 0.55, 5.09, 7.42, 0.14, 0.04
RCIN, 56079, 1582, 1683, 1545, 1505, 2004, 1500, 1500, 1500, 0, 0, 0, 0, 0, 0
GPS, 3, 494786600, 1904, 6, 3.53, 12.9919197, 80.2308548, -3.11, 25.24, 0.36, 51.55, -0.08, 56149
CTUN, 56170, 588, 0, 588, 0, -3.13, 0.20, 0.00, 0.00, 0, -256
ATT, 56179, -4.30, 2.93, 5.86, 1.17, 5.09, 6.93, 0.21, 0.04
RCIN, 56180, 1499, 1736, 1547, 1505, 2004, 1500, 1500, 1500, 0, 0, 0, 0, 0, 0
CTUN, 56270, 588, 0, 588, 0, -3.22, 0.02, 0.00, 0.00, 0, -248
ATT, 56279, -4.30, 0.74, 5.75, 3.55, 5.09, 6.63, 0.21, 0.03
RCIN, 56280, 1499, 1735, 1547, 1505, 2004, 1500, 1500, 1500, 0, 0, 0, 0, 0, 0
GPS, 3, 494786800, 1904, 6, 3.53, 12.9919191, 80.2308559, -3.27, 24.88, 0.09, 51.55, -0.04, 56349
CTUN, 56370, 588, 2, 590, 0, -3.29, 0.12, 0.00, 0.00, 0, -239
ATT, 56378, -4.30, -2.19, 5.86, 5.65, 5.09, 6.52, 0.05, 0.02
RCIN, 56379, 1499, 1736, 1547, 1505, 2004, 1500, 1500, 1500, 0, 0, 0, 0, 0, 0
CTUN, 56470, 588, 2, 590, 0, -3.33, 0.03, 0.00, 0.00, 0, -222
ATT, 56479, -4.30, -3.16, 5.52, 6.06, 5.09, 6.59, 0.05, 0.02
RCIN, 56480, 1499, 1730, 1547, 1505, 2005, 1500, 1500, 1500, 0, 0, 0, 0, 0, 0
GPS, 3, 494787000, 1904, 6, 3.53, 12.9919194, 80.2308559, -3.36, 24.89, 0.06, 51.55, -0.05, 56549
DU32, 7, 150393
CURR, 56551, 591, 200043, 0, 0, 4487, 0
CTUN, 56570, 588, 3, 591, 0, -3.37, -0.13, 0.00, 0.00, 0, -217
ATT, 56579, -4.30, -3.08, 3.45, 6.68, 5.09, 6.71, 0.15, 0.03
RCIN, 56579, 1499, 1706, 1547, 1505, 2004, 1500, 1500, 1500, 0, 0, 0, 0, 0, 0
CTUN, 56670, 588, 3, 591, 0, -3.4, -0.09, 0.00, 0.00, 0, -197
ATT, 56679, -4.30, -3.33, 0.00, 6.48, 5.09, 6.62, 0.15, 0.02
RCIN, 56680, 1499, 1660, 1547, 1505, 2004, 1500, 1500, 1500, 0, 0, 0, 0, 0, 0
GPS, 3, 494787200, 1904, 6, 3.53, 12.9919194, 80.230856, -3.41, 24.85, 0.06, 51.55, -0.05, 56749
CTUN, 56770, 588, 2, 590, 0, -3.41, -0.14, 0.00, 0.00, 0, -192
ATT, 56778, -4.30, -4.38, -7.12, 4.58, 5.09, 6.69, 0.11, 0.02
RCIN, 56778, 1499, 1553, 1547, 1505, 2004, 1500, 1500, 1500, 0, 0, 0, 0, 0, 0
CTUN, 56870, 588, 2, 590, 0, -3.42, 0.00, 0.00, 0.00, 0, -171
ATT, 56879, -4.30, -6.38, -12.36, 0.53, 5.09, 6.78, 0.11, 0.01
RCIN, 56880, 1499, 1490, 1547, 1505, 2004, 1500, 1500, 1500, 0, 0, 0, 0, 0, 0
GPS, 3, 494787400, 1904, 6, 3.53, 12.99192, 80.2308554, -3.39, 25.20, 0.14, 51.55, -0.09999999, 56949
CTUN, 56969, 588, 5, 593, 0, -3.38, 0.02, 0.00, 0.00, 0, -137
ATT, 56979, -4.30, -6.27, -14.04, -7.73, 5.09, 6.89, 0.04, 0.01
RCIN, 56979, 1499, 1480, 1547, 1505, 2004, 1500, 1500, 1500, 0, 0, 0, 0, 0, 0
CTUN, 57070, 588, 13, 601, 0, -3.31, 0.00, 0.00, 0.00, 0, -97
ATT, 57079, -4.30, -5.02, -14.34, -12.91, 5.09, 6.94, 0.04, 0.02
RCIN, 57079, 1499, 1480, 1547, 1505, 2005, 1500, 1500, 1500, 0, 0, 0, 0, 0, 0
GPS, 3, 494787600, 1904, 6, 3.53, 12.9919184, 80.2308545, -3.26, 25.36, 0.45, 51.55, -0.12, 57130
CTUN, 57170, 588, 15, 603, 0, -3.22, 0.40, 0.00, 0.00, 0, -94
ATT, 57179, -4.30, -5.10, -13.35, -13.75, 5.09, 6.82, 0.22, 0.02
RCIN, 57180, 1499, 1490, 1547, 1505, 2004, 1500, 1500, 1500, 0, 0, 0, 0, 0, 0
CTUN, 57270, 588, 15, 603, 0, -3.09, 0.24, 0.00, 0.00, 0, -82
ATT, 57279, -4.30, -5.86, -12.36, -13.72, 5.09, 6.86, 0.22, 0.02
RCIN, 57280, 1499, 1500, 1547, 1505, 2004, 1500, 1500, 1500, 0, 0, 0, 0, 0, 0
GPS, 3, 494787800, 1904, 6, 3.53, 12.9919183, 80.2308543, -3.00, 25.62, 0.37, 51.55, -0.15, 57349
CTUN, 57370, 588, 14, 602, 0, -2.98, 0.41, 0.00, 0.00, 0, -76
ATT, 57379, -4.30, -5.31, -12.36, -13.56, 5.09, 6.94, 0.39, 0.02
RCIN, 57380, 1499, 1500, 1547, 1505, 2004, 1500, 1500, 1500, 0, 0, 0, 0, 0, 0
CTUN, 57470, 588, 13, 601, 0, -2.86, 0.43, 0.00, 0.00, 0, -71
ATT, 57479, -4.30, -4.50, -12.36, -13.10, 5.09, 6.82, 0.39, 0.02
RCIN, 57480, 1499, 1500, 1547, 1505, 2005, 1500, 1500, 1500, 0, 0, 0, 0, 0, 0
GPS, 3, 494788000, 1904, 6, 3.53, 12.9919176, 80.2308551, -2.76, 25.86, 0.31, 51.55, -0.18, 57549
PM, 27, 1000, 11511, 0, 0, 0, 0
CTUN, 57570, 586, 11, 597, 0, -2.74, 0.38, 0.00, 0.00, 0, -73
DU32, 7, 150393
CURR, 57571, 597, 206015, 0, 0, 4505, 0
ATT, 57580, -4.30, -4.39, -12.36, -12.06, 5.09, 6.91, 0.31, 0.02
RCIN, 57580, 1499, 1500, 1545, 1505, 2004, 1500, 1500, 1500, 0, 0, 0, 0, 0, 0
CTUN, 57670, 586, 9, 595, 0, -2.62, 0.50, 0.00, 0.00, 0, -62
ATT, 57679, -4.30, -4.01, -12.36, -11.26, 5.09, 6.75, 0.31, 0.02
RCIN, 57680, 1499, 1500, 1545, 1505, 2004, 1500, 1500, 1500, 0, 0, 0, 0, 0, 0
GPS, 3, 494788200, 1904, 6, 3.53, 12.9919185, 80.2308555, -2.53, 26.05, 0.12, 51.55, -0.22, 57749
CTUN, 57770, 586, 9, 595, 0, -2.5, 0.52, 0.00, 0.00, 0, -56
ATT, 57778, -4.30, -3.69, -10.58, -11.08, 5.09, 6.68, 0.11, 0.03
RCIN, 57779, 1499, 1518, 1545, 1505, 2004, 1500, 1500, 1500, 0, 0, 0, 0, 0, 0
CTUN, 57870, 586, 8, 594, 0, -2.38, 0.59, 0.00, 0.00, 0, -54
ATT, 57879, -4.30, -3.69, -7.12, -10.41, 5.09, 6.84, 0.11, 0.03
RCIN, 57880, 1499, 1553, 1545, 1505, 2005, 1500, 1500, 1500, 0, 0, 0, 0, 0, 0
GPS, 3, 494788400, 1904, 6, 3.53, 12.9919179, 80.230857, -2.28, 26.13, 0.19, 51.55, -0.23, 57949
CTUN, 57969, 586, 5, 591, 0, -2.26, 0.70, 0.00, 0.00, 0, -41
ATT, 57979, -4.30, -3.76, -0.49, -7.75, 5.09, 7.14, 0.24, 0.02
RCIN, 57979, 1499, 1620, 1545, 1505, 2004, 1500, 1500, 1500, 0, 0, 0, 0, 0, 0
CTUN, 58070, 588, 1, 589, 0, -2.13, 0.76, 0.00, 0.00, 0, -34
ATT, 58080, -4.30, -3.99, 0.00, -3.20, 5.09, 7.22, 0.24, 0.02
RCIN, 58080, 1499, 1688, 1547, 1505, 2004, 1500, 1500, 1500, 0, 0, 0, 0, 0, 0
GPS, 3, 494788600, 1904, 6, 3.53, 12.9919167, 80.2308587, -2.02, 26.01, 0.24, 51.55, -0.24, 58149
CTUN, 58170, 588, 0, 588, 0, -1.99, 0.84, 0.00, 0.00, 0, -46
ATT, 58178, -4.30, -4.28, 1.26, 0.65, 5.09, 7.27, 0.22, 0.03
RCIN, 58179, 1499, 1696, 1547, 1505, 2005, 1500, 1500, 1500, 0, 0, 0, 0, 0, 0
CTUN, 58270, 588, 1, 589, 0, -1.86, 0.69, 0.00, 0.00, 0, -21
ATT, 58279, -4.30, -3.82, 1.26, 2.54, 5.09, 7.23, 0.22, 0.03
RCIN, 58280, 1499, 1696, 1547, 1505, 2005, 1500, 1500, 1500, 0, 0, 0, 0, 0, 0
GPS, 3, 494788800, 1904, 6, 3.53, 12.9919168, 80.2308603, -1.76, 26.00, 0.25, 51.55, -0.26, 58349
CTUN, 58370, 586, 1, 587, 0, -1.74, 0.84, 0.00, 0.00, 0, -29
ATT, 58379, -4.30, -3.35, 0.00, 3.59, 5.09, 7.34, 0.06, 0.03
RCIN, 58379, 1499, 1680, 1545, 1505, 2004, 1500, 1500, 1500, 0, 0, 0, 0, 0, 0
CTUN, 58470, 586, 1, 587, 0, -1.6, 0.91, 0.00, 0.00, 0, -22
ATT, 58479, -4.30, -3.67, 0.00, 3.71, 5.09, 7.30, 0.06, 0.03
RCIN, 58480, 1499, 1661, 1545, 1505, 2004, 1500, 1500, 1500, 0, 0, 0, 0, 0, 0
GPS, 3, 494789000, 1904, 6, 3.53, 12.9919167, 80.2308617, -1.50, 25.96, 0.22, 51.55, -0.27, 58549
CTUN, 58570, 586, 1, 587, 0, -1.48, 0.94, 0.00, 0.00, 0, -16
DU32, 7, 150393
CURR, 58571, 587, 211920, 0, 0, 4523, 0
ATT, 58580, -4.30, -3.78, 0.00, 3.34, 5.09, 7.28, 0.05, 0.03
RCIN, 58580, 1499, 1656, 1547, 1505, 2005, 1500, 1500, 1500, 0, 0, 0, 0, 0, 0
CTUN, 58670, 586, 1, 587, 0, -1.35, 1.16, 0.00, 0.00, 0, -24
ATT, 58679, -4.30, -3.64, 0.00, 3.19, 5.09, 7.11, 0.05, 0.03
RCIN, 58680, 1499, 1642, 1545, 1505, 2004, 1500, 1500, 1500, 0, 0, 0, 0, 0, 0
GPS, 3, 494789200, 1904, 6, 3.53, 12.9919172, 80.230863, -1.25, 26.12, 0.22, 51.55, -0.28, 58749
CTUN, 58769, 586, 1, 587, 0, -1.22, 1.16, 0.00, 0.00, 0, -13
ATT, 58778, -4.30, -3.93, 0.00, 2.76, 5.09, 6.98, 0.09, 0.03
RCIN, 58779, 1499, 1637, 1545, 1505, 2004, 1500, 1500, 1500, 0, 0, 0, 0, 0, 0
CTUN, 58870, 586, 1, 587, 0, -1.09, 1.12, 0.00, 0.00, 0, -6
ATT, 58879, -4.30, -4.12, 0.00, 2.01, 5.09, 6.88, 0.09, 0.03
RCIN, 58880, 1499, 1680, 1545, 1505, 2005, 1500, 1500, 1500, 0, 0, 0, 0, 0, 0
GPS, 3, 494789400, 1904, 6, 3.53, 12.9919174, 80.2308642, -1.00, 26.25, 0.22, 51.55, -0.29, 58949
CTUN, 58970, 586, 0, 586, 0, -0.97, 1.23, 0.00, 0.00, 0, -4
ATT, 58979, -4.30, -3.87, 0.00, 1.68, 5.09, 6.84, 0.03, 0.03
RCIN, 58979, 1499, 1672, 1545, 1505, 2005, 1500, 1500, 1500, 0, 0, 0, 0, 0, 0
CTUN, 59070, 586, 0, 586, 0, -0.84, 1.33, 0.00, 0.00, 0, -2
ATT, 59080, -4.30, -3.44, -1.97, 1.59, 5.09, 6.69, 0.03, 0.03
RCIN, 59080, 1499, 1605, 1545, 1505, 2004, 1500, 1500, 1500, 0, 0, 0, 0, 0, 0
GPS, 3, 494789600, 1904, 6, 3.53, 12.9919169, 80.2308646, -0.74, 26.26, 0.16, 51.55, -0.29, 59149
CTUN, 59170, 586, 0, 586, 0, -0.71, 1.46, 0.00, 0.00, 0, 0
ATT, 59179, -4.30, -3.31, -9.00, 1.11, 5.09, 6.42, 0.06, 0.04
RCIN, 59179, 1499, 1534, 1545, 1505, 2005, 1500, 1500, 1500, 0, 0, 0, 0, 0, 0
CTUN, 59270, 586, 0, 586, 0, -0.57, 1.45, 0.00, 0.00, 0, 3
ATT, 59280, -4.30, -3.29, -12.36, -2.35, 5.09, 6.06, 0.06, 0.04
RCIN, 59280, 1499, 1500, 1545, 1505, 2005, 1500, 1500, 1500, 0, 0, 0, 0, 0, 0
GPS, 3, 494789800, 1904, 6, 3.54, 12.9919172, 80.2308639, -0.48, 26.60, 0.18, 51.55, -0.32, 59349
CTUN, 59370, 584, 3, 587, 0, -0.46, 1.58, 0.00, 0.00, 0, -9
ATT, 59379, -4.30, -3.29, -12.36, -7.23, 5.09, 5.79, 0.07, 0.04
RCIN, 59379, 1499, 1500, 1543, 1505, 2005, 1500, 1500, 1500, 0, 0, 0, 0, 0, 0
CTUN, 59470, 580, 6, 588, 0, -0.33, 1.62, 0.00, 0.00, 0, -2
ATT, 59479, -4.30, -3.35, -12.36, -9.36, 5.09, 5.57, 0.07, 0.04
RCIN, 59480, 1499, 1500, 1538, 1505, 2004, 1500, 1500, 1500, 0, 0, 0, 0, 0, 0
GPS, 3, 494790000, 1904, 6, 3.54, 12.9919174, 80.2308635, -0.23, 26.62, 0.13, 51.55, -0.32, 59550
CTUN, 59570, 553, 6, 559, 0, -0.21, 1.69, 0.00, 0.00, 0, 16
DU32, 7, 150393
CURR, 59571, 559, 217763, 0, 0, 4523, 0
ATT, 59580, -4.30, -3.45, -8.30, -9.59, 5.09, 5.38, 0.07, 0.04
RCIN, 59580, 1499, 1541, 1508, 1505, 2004, 1500, 1500, 1500, 0, 0, 0, 0, 0, 0
CTUN, 59670, 553, 5, 558, 0, -0.08, 1.71, 0.00, 0.00, 0, 9
ATT, 59679, -4.30, -3.55, -5.53, -8.49, 5.09, 5.24, 0.07, 0.04
RCIN, 59680, 1499, 1570, 1508, 1505, 2005, 1500, 1500, 1500, 0, 0, 0, 0, 0, 0
GPS, 3, 494790200, 1904, 6, 3.54, 12.9919182, 80.230863, 0.02, 26.69, 0.16, 51.55, -0.34, 59770
CTUN, 59772, 553, 3, 556, 0, 0.02, 1.80, 0.00, 0.00, 0, -4
ATT, 59782, -4.30, -3.41, -5.24, -6.01, 5.09, 5.11, 0.08, 0.03
RCIN, 59783, 1499, 1574, 1508, 1505, 2005, 1500, 1500, 1500, 0, 0, 0, 0, 0, 0
CTUN, 59871, 553, 1, 554, 0, 0.14, 1.81, 0.00, 0.00, 0, 6
ATT, 59881, -4.30, -3.51, -5.04, -4.36, 5.09, 4.97, 0.08, 0.04
RCIN, 59881, 1499, 1574, 1508, 1505, 2005, 1500, 1500, 1500, 0, 0, 0, 0, 0, 0
GPS, 3, 494790400, 1904, 6, 3.54, 12.9919178, 80.2308617, 0.23, 26.76, 0.17, 51.55, -0.35, 59950
CTUN, 59971, 553, 1, 554, 0, 0.25, 1.79, 0.00, 0.00, 0, -19
ATT, 59980, -4.30, -3.66, -5.04, -3.87, 5.09, 5.09, 0.26, 0.04
RCIN, 59981, 1499, 1574, 1508, 1505, 2004, 1500, 1500, 1500, 0, 0, 0, 0, 0, 0
CTUN, 60071, 553, 1, 554, 0, 0.31, 1.88, 0.00, 0.00, 0, -37
ATT, 60081, -4.30, -3.20, -5.04, -3.74, 5.09, 5.07, 0.26, 0.04
RCIN, 60081, 1499, 1574, 1508, 1505, 2004, 1500, 1500, 1500, 0, 0, 0, 0, 0, 0
GPS, 3, 494790600, 1904, 6, 3.54, 12.9919197, 80.23086, 0.36, 26.85, 0.07, 51.55, -0.36, 60151
CTUN, 60171, 553, 1, 554, 0, 0.37, 1.92, 0.00, 0.00, 0, -15
ATT, 60180, -4.30, -2.91, -5.04, -3.24, 5.09, 5.44, 0.14, 0.04
RCIN, 60181, 1499, 1583, 1508, 1505, 2004, 1500, 1500, 1500, 0, 0, 0, 0, 0, 0
CTUN, 60271, 553, 0, 553, 0, 0.44, 2.02, 0.00, 0.00, 0, -45
ATT, 60281, -1.43, -3.19, -1.48, -3.15, 5.09, 5.61, 0.14, 0.04
RCIN, 60281, 1527, 1610, 1508, 1505, 2004, 1500, 1500, 1500, 0, 0, 0, 0, 0, 0
GPS, 3, 494790800, 1904, 6, 3.54, 12.9919199, 80.2308596, 0.47, 27.04, 0.04, 51.55, -0.37, 60350
CTUN, 60371, 553, 0, 553, 0, 0.48, 1.93, 0.00, 0.00, 0, -40
ATT, 60380, -1.23, -2.09, -0.29, -2.40, 5.09, 5.73, 0.11, 0.04
RCIN, 60380, 1529, 1622, 1508, 1505, 2004, 1500, 1500, 1500, 0, 0, 0, 0, 0, 0
CTUN, 60471, 555, 0, 555, 0, 0.54, 1.89, 0.00, 0.00, 0, -9
ATT, 60481, -1.23, -0.48, 0.00, -0.43, 5.09, 5.88, 0.11, 0.05
RCIN, 60481, 1529, 1635, 1510, 1505, 2005, 1500, 1500, 1500, 0, 0, 0, 0, 0, 0
GPS, 3, 494791000, 1904, 6, 3.54, 12.9919201, 80.2308596, 0.60, 27.44, 0.11, 51.55, -0.38, 60550
CTUN, 60571, 555, 0, 555, 0, 0.62, 2.08, 0.00, 0.00, 0, 13
DU32, 7, 150393
CURR, 60572, 555, 223308, 0, 0, 4487, 0
ATT, 60581, -1.23, -0.08, 0.00, 0.83, 5.09, 5.87, 0.26, 0.05
RCIN, 60581, 1529, 1634, 1510, 1505, 2004, 1500, 1500, 1500, 0, 0, 0, 0, 0, 0
CTUN, 60671, 555, 0, 555, 0, 0.72, 2.01, 0.00, 0.00, 0, -1
ATT, 60680, -1.23, -0.25, 0.00, 0.86, 5.09, 5.80, 0.26, 0.05
RCIN, 60681, 1529, 1633, 1510, 1505, 2005, 1500, 1500, 1500, 0, 0, 0, 0, 0, 0
GPS, 3, 494791200, 1904, 6, 3.54, 12.9919223, 80.2308579, 0.79, 27.96, 0.22, 51.55, -0.43, 60750
CTUN, 60771, 555, 0, 555, 0, 0.82, 1.96, 0.00, 0.00, 0, 45
ATT, 60780, -1.23, -0.01, 0.00, 0.85, 5.09, 5.59, 0.16, 0.04
RCIN, 60781, 1529, 1633, 1510, 1505, 2004, 1500, 1500, 1500, 0, 0, 0, 0, 0, 0
CTUN, 60871, 555, 0, 555, 0, 0.92, 1.97, 0.00, 0.00, 0, 9
ATT, 60881, -1.23, 0.33, 0.00, 1.31, 5.09, 5.39, 0.16, 0.05
RCIN, 60881, 1529, 1635, 1510, 1505, 2005, 1500, 1500, 1500, 0, 0, 0, 0, 0, 0
GPS, 3, 494791400, 1904, 6, 3.54, 12.9919224, 80.2308579, 0.98, 27.86, 0.19, 51.55, -0.41, 60950
CTUN, 60971, 555, 0, 555, 0, 1, 2.05, 0.00, 0.00, 0, 34
ATT, 60980, -1.23, 0.39, 0.00, 1.54, 5.09, 5.23, 0.11, 0.05
RCIN, 60980, 1529, 1635, 1510, 1505, 2004, 1500, 1500, 1500, 0, 0, 0, 0, 0, 0
CTUN, 61071, 555, 0, 555, 0, 1.09, 2.10, 0.00, 0.00, 0, 6
ATT, 61081, -1.64, 0.21, 0.00, 1.50, 5.09, 5.11, 0.11, 0.05
RCIN, 61081, 1525, 1635, 1510, 1505, 2005, 1500, 1500, 1500, 0, 0, 0, 0, 0, 0
GPS, 3, 494791600, 1904, 6, 3.54, 12.9919229, 80.2308584, 1.16, 27.80, 0.37, 51.55, -0.39, 61150
CTUN, 61171, 555, 0, 555, 0, 1.18, 2.08, 0.00, 0.00, 0, 21
ATT, 61180, -4.30, -0.07, 0.00, 1.35, 5.09, 5.06, 0.12, 0.05
RCIN, 61181, 1499, 1636, 1510, 1505, 2004, 1500, 1500, 1500, 0, 0, 0, 0, 0, 0
CTUN, 61271, 556, 0, 556, 0, 1.24, 1.93, 0.00, 0.00, 0, 10
ATT, 61281, -4.30, -1.47, 0.00, 1.31, 5.09, 5.05, 0.12, 0.04
RCIN, 61281, 1499, 1662, 1511, 1505, 2004, 1500, 1500, 1500, 0, 0, 0, 0, 0, 0
GPS, 3, 494791800, 1904, 6, 3.54, 12.9919239, 80.2308582, 1.29, 27.86, 0.45, 27.82, -0.38, 61350
CTUN, 61371, 557, 0, 557, 0, 1.3, 1.96, 0.00, 0.00, 0, 3
ATT, 61380, -4.30, -2.69, 0.00, 1.28, 5.09, 5.10, 0.17, 0.04
RCIN, 61380, 1499, 1674, 1513, 1505, 2004, 1500, 1500, 1500, 0, 0, 0, 0, 0, 0
CTUN, 61471, 562, 0, 562, 0, 1.36, 2.12, 0.00, 0.00, 0, 5
ATT, 61481, -4.30, -3.18, 0.00, 1.26, 5.09, 4.93, 0.17, 0.04
RCIN, 61481, 1499, 1677, 1518, 1505, 2004, 1500, 1500, 1500, 0, 0, 0, 0, 0, 0
GPS, 3, 494792000, 1904, 6, 3.54, 12.9919255, 80.2308583, 1.39, 28.00, 0.59, 18.27, -0.39, 61550
CTUN, 61571, 562, 0, 562, 0, 1.41, 1.92, 0.00, 0.00, 0, 20
DU32, 7, 150393
CURR, 61572, 562, 228871, 0, 0, 4487, 0
ATT, 61581, -4.30, -3.65, 0.00, 0.95, 5.09, 4.79, 0.20, 0.03
RCIN, 61581, 1499, 1675, 1518, 1505, 2005, 1500, 1500, 1500, 0, 0, 0, 0, 0, 0
CTUN, 61671, 562, 0, 562, 0, 1.45, 1.81, 0.00, 0.00, 0, 13
ATT, 61680, -4.30, -4.09, 0.00, 0.30, 5.09, 4.64, 0.20, 0.03
RCIN, 61681, 1499, 1676, 1518, 1505, 2004, 1500, 1500, 1500, 0, 0, 0, 0, 0, 0
GPS, 3, 494792200, 1904, 6, 3.54, 12.9919253, 80.2308607, 1.48, 27.82, 0.58, 18.27, -0.39, 61750
CTUN, 61771, 562, 1, 563, 0, 1.49, 1.85, 0.00, 0.00, 0, 24
ATT, 61780, -4.30, -4.43, 0.00, 0.03, 5.09, 4.52, 0.08, 0.04
RCIN, 61781, 1499, 1675, 1518, 1505, 2005, 1500, 1500, 1500, 0, 0, 0, 0, 0, 0
CTUN, 61871, 562, 1, 563, 0, 1.53, 1.94, 0.00, 0.00, 0, 18
ATT, 61881, -4.30, -4.42, 0.00, 0.08, 5.09, 4.43, 0.08, 0.04
RCIN, 61881, 1499, 1680, 1518, 1505, 2004, 1500, 1500, 1500, 0, 0, 0, 0, 0, 0
GPS, 3, 494792400, 1904, 6, 3.54, 12.9919256, 80.2308614, 1.58, 27.76, 0.57, 18.27, -0.38, 61951
CTUN, 61971, 562, 1, 563, 0, 1.59, 1.76, 0.00, 0.00, 0, 21
ATT, 61980, -4.30, -4.36, 1.95, 0.11, 5.09, 4.53, 0.04, 0.03
RCIN, 61981, 1499, 1702, 1518, 1505, 2005, 1500, 1500, 1500, 0, 0, 0, 0, 0, 0
CTUN, 62071, 562, 0, 562, 0, 1.62, 1.88, 0.00, 0.00, 0, 25
ATT, 62081, -4.30, -4.16, 4.60, 0.65, 5.09, 4.54, 0.04, 0.04
RCIN, 62081, 1499, 1725, 1518, 1505, 2004, 1500, 1500, 1500, 0, 0, 0, 0, 0, 0
GPS, 3, 494792600, 1904, 6, 3.54, 12.9919255, 80.2308622, 1.65, 27.65, 0.48, 18.27, -0.36, 62150
CTUN, 62171, 562, 1, 563, 0, 1.66, 1.75, 0.00, 0.00, 0, 32
ATT, 62181, -4.30, -4.00, 4.94, 2.24, 5.09, 4.68, 0.03, 0.04
RCIN, 62181, 1499, 1728, 1518, 1505, 2004, 1500, 1500, 1500, 0, 0, 0, 0, 0, 0
CTUN, 62271, 562, 1, 563, 0, 1.69, 1.65, 0.00, 0.00, 0, 31
ATT, 62281, -4.30, -4.21, 4.94, 3.68, 5.09, 4.75, 0.03, 0.03
RCIN, 62281, 1499, 1728, 1518, 1505, 2005, 1500, 1500, 1500, 0, 0, 0, 0, 0, 0
GPS, 3, 494792800, 1904, 6, 3.54, 12.9919255, 80.2308631, 1.72, 27.51, 0.48, 18.27, -0.33, 62350
CTUN, 62371, 562, 2, 564, 0, 1.72, 1.74, 0.00, 0.00, 0, 35
ATT, 62380, -4.30, -4.34, 4.94, 4.10, 5.09, 4.89, 0.07, 0.03
RCIN, 62381, 1499, 1728, 1518, 1505, 2005, 1500, 1500, 1500, 0, 0, 0, 0, 0, 0
CTUN, 62471, 562, 2, 564, 0, 1.77, 1.77, 0.00, 0.00, 0, 34
ATT, 62481, -4.30, -4.01, 4.94, 4.21, 5.09, 5.07, 0.07, 0.04
RCIN, 62481, 1499, 1728, 1518, 1505, 2004, 1500, 1500, 1500, 0, 0, 0, 0, 0, 0
GPS, 3, 494793000, 1904, 6, 3.54, 12.9919252, 80.2308636, 1.81, 27.38, 0.36, 18.27, -0.32, 62550
CTUN, 62571, 562, 2, 564, 0, 1.81, 1.60, 0.00, 0.00, 0, 25
DU32, 7, 150393
CURR, 62572, 564, 234497, 0, 0, 4505, 0
ATT, 62581, -4.30, -3.78, 4.71, 4.41, 5.09, 5.10, 0.04, 0.03
RCIN, 62582, 1499, 1727, 1518, 1505, 2004, 1500, 1500, 1500, 0, 0, 0, 0, 0, 0
CTUN, 62671, 562, 2, 564, 0, 1.83, 1.76, 0.00, 0.00, 0, 42
ATT, 62681, -4.30, -3.88, 4.60, 4.53, 5.09, 5.19, 0.04, 0.03
RCIN, 62681, 1499, 1725, 1518, 1505, 2005, 1500, 1500, 1500, 0, 0, 0, 0, 0, 0
GPS, 3, 494793200, 1904, 6, 3.54, 12.9919244, 80.2308639, 1.85, 27.09, 0.25, 18.27, -0.29, 62751
CTUN, 62771, 562, 1, 563, 0, 1.86, 1.62, 0.00, 0.00, 0, 20
ATT, 62781, -4.30, -3.69, 3.79, 4.36, 5.09, 5.27, 0.14, 0.03
RCIN, 62781, 1499, 1718, 1518, 1505, 2005, 1500, 1500, 1500, 0, 0, 0, 0, 0, 0
CTUN, 62871, 562, 1, 563, 0, 1.88, 1.68, 0.00, 0.00, 0, 20
ATT, 62881, -4.30, -3.52, 3.45, 3.82, 5.09, 5.32, 0.14, 0.04
RCIN, 62881, 1499, 1715, 1518, 1505, 2004, 1500, 1500, 1500, 0, 0, 0, 0, 0, 0
GPS, 3, 494793400, 1904, 6, 3.54, 12.9919231, 80.2308649, 1.88, 26.73, 0.14, 18.27, -0.25, 62950
CTUN, 62971, 562, 1, 563, 0, 1.88, 1.52, 0.00, 0.00, 0, 10
ATT, 62980, -4.30, -3.56, 3.10, 3.10, 5.09, 5.61, 0.20, 0.03
RCIN, 62981, 1499, 1710, 1518, 1505, 2004, 1500, 1500, 1500, 0, 0, 0, 0, 0, 0
CTUN, 63071, 562, 0, 562, 0, 1.88, 1.54, 0.00, 0.00, 0, 21
ATT, 63081, -4.30, -3.62, 2.30, 2.00, 5.09, 5.93, 0.20, 0.03
RCIN, 63081, 1499, 1702, 1518, 1505, 2004, 1500, 1500, 1500, 0, 0, 0, 0, 0, 0
GPS, 3, 494793600, 1904, 6, 3.54, 12.9919215, 80.2308657, 1.90, 26.47, 0.14, 18.27, -0.22, 63151
CTUN, 63171, 562, 0, 562, 0, 1.91, 1.46, 0.00, 0.00, 0, 86
ATT, 63181, -4.30, -4.15, 0.69, 0.80, 5.09, 6.32, 0.04, 0.03
RCIN, 63181, 1499, 1691, 1518, 1505, 2004, 1500, 1500, 1500, 0, 0, 0, 0, 0, 0
CTUN, 63271, 562, 1, 563, 0, 1.99, 1.48, 0.00, 0.00, 0, 108
ATT, 63281, -4.30, -4.76, 0.00, -0.47, 5.09, 6.68, 0.04, 0.02
RCIN, 63281, 1499, 1683, 1518, 1505, 2004, 1500, 1500, 1500, 0, 0, 0, 0, 0, 0
GPS, 3, 494793800, 1904, 6, 3.54, 12.991921, 80.2308657, 2.06, 26.35, 0.16, 18.27, -0.2, 63351
CTUN, 63372, 562, 1, 563, 0, 2.07, 1.41, 0.00, 0.00, 0, 87
ATT, 63381, -4.30, -5.27, 0.00, -1.89, 5.09, 7.07, 0.03, 0.02
RCIN, 63381, 1499, 1661, 1518, 1505, 2005, 1500, 1500, 1500, 0, 0, 0, 0, 0, 0
CTUN, 63471, 562, 2, 564, 0, 2.11, 1.34, 0.00, 0.00, 0, 61
ATT, 63481, -4.30, -5.66, 0.00, -2.69, 5.09, 7.42, 0.03, 0.01
RCIN, 63481, 1499, 1640, 1518, 1505, 2004, 1500, 1500, 1500, 0, 0, 0, 0, 0, 0
GPS, 3, 494794000, 1904, 6, 3.54, 12.9919207, 80.2308654, 2.13, 26.30, 0.19, 18.27, -0.2, 63551
CTUN, 63571, 562, 2, 564, 0, 2.14, 1.38, 0.00, 0.00, 0, 77
DU32, 7, 150393
CURR, 63580, 564, 240128, 0, 0, 4505, 0
ATT, 63581, -4.30, -5.91, 0.00, -2.66, 5.09, 7.88, 0.08, 0.02
RCIN, 63582, 1499, 1621, 1518, 1505, 2004, 1500, 1500, 1500, 0, 0, 0, 0, 0, 0
CTUN, 63671, 562, 2, 564, 0, 2.17, 1.32, 0.00, 0.00, 0, 73
ATT, 63681, -4.30, -5.94, -0.39, -2.05, 5.09, 7.97, 0.08, 0.02
RCIN, 63681, 1499, 1621, 1518, 1505, 2005, 1500, 1500, 1500, 0, 0, 0, 0, 0, 0
GPS, 3, 494794200, 1904, 6, 3.54, 12.9919203, 80.2308646, 2.19, 26.22, 0.38, 18.27, -0.2, 63751
CTUN, 63771, 562, 2, 564, 0, 2.2, 1.17, 0.00, 0.00, 0, 78
ATT, 63781, -3.28, -5.80, -0.59, -2.24, 5.09, 8.34, 0.15, 0.02
RCIN, 63781, 1523, 1619, 1518, 1505, 2004, 1500, 1500, 1500, 0, 0, 0, 0, 0, 0
CTUN, 63872, 562, 2, 564, 0, 2.21, 1.29, 0.00, 0.00, 0, 49
ATT, 63881, 0.00, -5.73, -1.48, -2.68, 5.09, 8.71, 0.15, 0.01
RCIN, 63881, 1545, 1611, 1518, 1505, 2005, 1500, 1500, 1500, 0, 0, 0, 0, 0, 0
GPS, 3, 494794400, 1904, 6, 3.54, 12.9919196, 80.2308643, 2.21, 26.08, 0.39, 18.27, -0.19, 63951
CTUN, 63971, 562, 1, 563, 0, 2.21, 1.40, 0.00, 0.00, 0, 56
ATT, 63980, 0.00, -3.60, -2.17, -2.81, 5.09, 8.88, 0.22, 0.02
RCIN, 63981, 1590, 1594, 1518, 1505, 2004, 1500, 1500, 1500, 0, 0, 0, 0, 0, 0
CTUN, 64071, 562, 0, 562, 0, 2.24, 1.33, 0.00, 0.00, 0, 64
ATT, 64081, 0.00, -1.68, -4.45, -2.76, 5.09, 8.99, 0.22, 0.04
RCIN, 64082, 1594, 1580, 1518, 1505, 2005, 1500, 1500, 1500, 0, 0, 0, 0, 0, 0
GPS, 3, 494794600, 1904, 6, 3.54, 12.9919199, 80.2308638, 2.25, 25.89, 0.39, 18.27, -0.18, 64151
CTUN, 64171, 560, 0, 560, 0, 2.25, 1.03, 0.00, 0.00, 0, 63
ATT, 64181, -2.15, -1.36, -5.83, -3.57, 5.09, 8.90, 0.16, 0.03
RCIN, 64181, 1520, 1566, 1516, 1505, 2004, 1500, 1500, 1500, 0, 0, 0, 0, 0, 0
CTUN, 64271, 560, 1, 561, 0, 2.24, 1.12, 0.00, 0.00, 0, 56
ATT, 64281, -4.30, -1.55, -5.83, -4.99, 5.09, 8.76, 0.16, 0.03
RCIN, 64281, 1499, 1566, 1515, 1505, 2004, 1500, 1500, 1500, 0, 0, 0, 0, 0, 0
GPS, 3, 494794800, 1904, 6, 3.54, 12.9919202, 80.2308625, 2.24, 25.77, 0.42, 18.27, -0.18, 64351
CTUN, 64372, 559, 2, 561, 0, 2.25, 1.08, 0.00, 0.00, 0, 79
ATT, 64381, -4.30, -3.22, -5.83, -5.44, 5.09, 8.66, 0.17, 0.03
RCIN, 64381, 1499, 1566, 1515, 1482, 2005, 1500, 1500, 1500, 0, 0, 0, 0, 0, 0
CTUN, 64471, 559, 2, 561, 0, 2.26, 0.99, 0.00, 0.00, 0, 73
ATT, 64480, -4.30, -3.82, -5.93, -4.93, 5.09, 8.55, 0.17, 0.03
RCIN, 64481, 1499, 1565, 1515, 1472, 2005, 1500, 1500, 1500, 0, 0, 0, 0, 0, 0
GPS, 3, 494795000, 1904, 6, 3.54, 12.9919205, 80.2308611, 2.27, 25.47, 0.38, 18.27, -0.16, 64551
CTUN, 64572, 559, 2, 561, 0, 2.27, 1.06, 0.00, 0.00, 0, 85
DU32, 7, 150393
CURR, 64581, 561, 245749, 0, 0, 4469, 0
ATT, 64582, -4.30, -3.94, -5.83, -4.96, 5.09, 8.32, 0.06, 0.02
RCIN, 64582, 1499, 1568, 1515, 1466, 2005, 1500, 1500, 1500, 0, 0, 0, 0, 0, 0
CTUN, 64671, 557, 2, 559, 0, 2.28, 0.99, 0.00, 0.00, 0, 82
ATT, 64681, -4.30, -3.79, -5.83, -4.86, 5.09, 8.02, 0.06, 0.03
RCIN, 64681, 1499, 1568, 1513, 1450, 2004, 1500, 1500, 1500, 0, 0, 0, 0, 0, 0
GPS, 3, 494795200, 1904, 6, 3.54, 12.9919208, 80.2308599, 2.31, 25.12, 0.44, 18.27, -0.13, 64751
CTUN, 64771, 557, 2, 559, 0, 2.32, 0.95, 0.00, 0.00, 0, 136
ATT, 64781, -4.30, -3.88, -5.63, -4.56, 4.81, 7.88, 0.03, 0.03
RCIN, 64781, 1499, 1568, 1513, 1445, 2004, 1500, 1500, 1500, 0, 0, 0, 0, 0, 0
CTUN, 64872, 557, 1, 558, 0, 2.37, 0.83, 0.00, 0.00, 0, 89
ATT, 64881, -4.30, -4.05, -5.83, -4.12, 4.41, 7.38, 0.03, 0.03
RCIN, 64881, 1499, 1566, 1513, 1445, 2005, 1500, 1500, 1500, 0, 0, 0, 0, 0, 0
GPS, 3, 494795400, 1904, 6, 3.54, 12.99192, 80.23086, 2.36, 24.49, 0.39, 18.27, -0.08, 64951
CTUN, 64971, 557, 1, 558, 0, 2.36, 0.76, 0.00, 0.00, 0, 75
ATT, 64981, -4.30, -3.45, -5.73, -4.25, 3.72, 6.82, 0.27, 0.04
RCIN, 64981, 1499, 1566, 1513, 1435, 2005, 1500, 1500, 1500, 0, 0, 0, 0, 0, 0
CTUN, 65072, 557, 1, 558, 0, 2.37, 0.70, 0.00, 0.00, 0, 92
ATT, 65081, -4.30, -3.24, -5.83, -4.04, 1.48, 5.78, 0.27, 0.05
RCIN, 65082, 1499, 1566, 1513, 1393, 2004, 1500, 1500, 1500, 0, 0, 0, 0, 0, 0
GPS, 3, 494795600, 1904, 6, 3.54, 12.9919198, 80.2308598, 2.36, 24.14, 0.36, 18.27, -0.06, 65151
CTUN, 65171, 557, 1, 558, 0, 2.35, 0.81, 0.00, 0.00, 0, 77
ATT, 65181, -4.30, -3.38, -5.83, -3.63, 356.80, 3.65, 0.14, 0.05
RCIN, 65181, 1499, 1566, 1513, 1386, 2004, 1500, 1500, 1500, 0, 0, 0, 0, 0, 0
CTUN, 65271, 557, 1, 558, 0, 2.34, 0.70, 0.00, 0.00, 0, 73
ATT, 65281, -4.30, -3.71, -5.83, -3.40, 352.33, 359.81, 0.14, 0.08
RCIN, 65282, 1499, 1566, 1513, 1412, 2004, 1500, 1500, 1500, 0, 0, 0, 0, 0, 0
GPS, 3, 494795800, 1904, 6, 3.54, 12.9919191, 80.2308603, 2.33, 23.66, 0.33, 18.27, -0.02, 65351
CTUN, 65371, 559, 1, 560, 0, 2.32, 0.67, 0.00, 0.00, 0, 70
ATT, 65381, -4.30, -3.30, -5.34, -3.00, 351.67, 355.75, 0.10, 0.09
RCIN, 65381, 1499, 1582, 1515, 1505, 2004, 1500, 1500, 1500, 0, 0, 0, 0, 0, 0
CTUN, 65471, 559, 0, 559, 0, 2.34, 0.63, 0.00, 0.00, 0, 143
ATT, 65480, -4.30, -2.15, -2.67, -2.30, 351.67, 353.31, 0.10, 0.09
RCIN, 65481, 1499, 1614, 1515, 1505, 2004, 1500, 1500, 1500, 0, 0, 0, 0, 0, 0
GPS, 3, 494796000, 1904, 6, 3.54, 12.9919188, 80.2308605, 2.39, 23.35, 0.35, 18.27, 0, 65551
CTUN, 65572, 559, 0, 559, 0, 2.39, 0.66, 0.00, 0.00, 0, 132
DU32, 7, 150393
CURR, 65581, 559, 251335, 0, 0, 4487, 0
ATT, 65582, -4.30, -1.95, 0.00, -0.69, 351.67, 351.45, 0.05, 0.09
RCIN, 65582, 1499, 1648, 1515, 1505, 2004, 1500, 1500, 1500, 0, 0, 0, 0, 0, 0
CTUN, 65671, 560, 0, 560, 0, 2.44, 0.59, 0.00, 0.00, 0, 139
ATT, 65680, -4.40, -2.54, 0.00, 1.22, 351.67, 350.31, 0.05, 0.08
RCIN, 65680, 1498, 1660, 1516, 1505, 2005, 1500, 1500, 1500, 0, 0, 0, 0, 0, 0
GPS, 3, 494796200, 1904, 6, 3.54, 12.9919186, 80.2308608, 2.47, 23.06, 0.36, 18.27, 0.01, 65751
CTUN, 65772, 560, 0, 560, 0, 2.48, 0.57, 0.00, 0.00, 0, 134
ATT, 65782, -4.40, -2.70, 0.00, 1.87, 351.67, 349.51, 0.20, 0.08
RCIN, 65782, 1499, 1658, 1516, 1505, 2004, 1500, 1500, 1500, 0, 0, 0, 0, 0, 0
CTUN, 65872, 560, 0, 560, 0, 2.51, 0.52, 0.00, 0.00, 0, 137
ATT, 65882, -4.30, -2.87, 0.00, 1.46, 351.67, 349.26, 0.20, 0.08
RCIN, 65882, 1499, 1639, 1516, 1505, 2004, 1500, 1500, 1500, 0, 0, 0, 0, 0, 0
GPS, 3, 494796400, 1904, 6, 3.54, 12.9919179, 80.2308614, 2.54, 22.79, 0.26, 18.27, 0.01, 65952
CTUN, 65973, 562, 0, 562, 0, 2.55, 0.51, 0.00, 0.00, 0, 145
ATT, 65982, -4.30, -3.08, -0.49, 0.93, 351.67, 349.15, 0.06, 0.07
RCIN, 65982, 1499, 1620, 1518, 1505, 2004, 1500, 1500, 1500, 0, 0, 0, 0, 0, 0
CTUN, 66072, 560, 0, 562, 0, 2.57, 0.30, 0.00, 0.00, 0, 138
ATT, 66082, -4.30, -3.22, -1.48, 0.71, 351.67, 349.32, 0.06, 0.07
RCIN, 66082, 1499, 1610, 1516, 1505, 2004, 1500, 1500, 1500, 0, 0, 0, 0, 0, 0
GPS, 3, 494796600, 1904, 6, 3.54, 12.9919169, 80.2308615, 2.59, 22.46, 0.21, 18.27, 0.04, 66152
CTUN, 66172, 562, 0, 562, 0, 2.59, 0.50, 0.00, 0.00, 0, 132
ATT, 66182, -4.30, -3.43, -1.48, -0.01, 351.67, 349.49, 0.03, 0.07
RCIN, 66182, 1499, 1610, 1516, 1505, 2004, 1500, 1500, 1500, 0, 0, 0, 0, 0, 0
CTUN, 66272, 561, 0, 561, 0, 2.62, 0.44, 0.00, 0.00, 0, 133
ATT, 66282, -4.30, -3.21, -1.38, -0.58, 351.67, 349.81, 0.03, 0.06
RCIN, 66282, 1499, 1615, 1517, 1505, 2004, 1500, 1500, 1500, 0, 0, 0, 0, 0, 0
GPS, 3, 494796800, 1904, 6, 3.54, 12.9919165, 80.2308617, 2.64, 22.18, 0.24, 18.27, 0.06, 66352
CTUN, 66372, 561, 0, 561, 0, 2.65, 0.24, 0.00, 0.00, 0, 160
ATT, 66382, -4.30, -3.26, 0.00, -0.66, 351.67, 349.99, 0.03, 0.06
RCIN, 66382, 1499, 1638, 1517, 1505, 2004, 1500, 1500, 1500, 0, 0, 0, 0, 0, 0
CTUN, 66472, 562, 0, 562, 0, 2.66, 0.35, 0.00, 0.00, 0, 154
ATT, 66482, -4.30, -3.53, 0.00, 0.45, 351.67, 350.34, 0.03, 0.06
RCIN, 66482, 1499, 1658, 1518, 1505, 2005, 1500, 1500, 1500, 0, 0, 0, 0, 0, 0
GPS, 3, 494797000, 1904, 6, 3.54, 12.9919164, 80.2308619, 2.68, 21.91, 0.29, 18.27, 0.07, 66552
CTUN, 66572, 562, 0, 562, 0, 2.69, 0.30, 0.00, 0.00, 0, 145
DU32, 7, 150393
CURR, 66582, 562, 256948, 0, 0, 4469, 0
ATT, 66583, -4.30, -3.86, 0.00, 0.71, 351.67, 350.42, 0.04, 0.06
RCIN, 66583, 1499, 1658, 1518, 1505, 2004, 1500, 1500, 1500, 0, 0, 0, 0, 0, 0
CTUN, 66672, 592, 0, 592, 0, 2.7, 0.28, 0.00, 0.00, 0, 141
ATT, 66682, -4.30, -3.91, 0.00, -0.08, 351.67, 350.65, 0.04, 0.06
RCIN, 66682, 1499, 1633, 1553, 1505, 2005, 1500, 1500, 1500, 0, 0, 0, 0, 0, 0
GPS, 3, 494797200, 1904, 6, 3.54, 12.9919166, 80.2308616, 2.72, 21.79, 0.31, 18.27, 0.08, 66752
CTUN, 66772, 593, 0, 593, 0, 2.72, 0.32, 0.00, 0.00, 0, 153
ATT, 66782, -4.30, -3.90, 0.00, -0.21, 351.67, 350.86, 0.10, 0.06
RCIN, 66782, 1499, 1628, 1553, 1505, 2004, 1500, 1500, 1500, 0, 0, 0, 0, 0, 0
CTUN, 66872, 594, 1, 594, 0, 2.75, 0.33, 0.00, 0.00, 0, 164
ATT, 66882, -4.30, -4.37, 0.00, 0.40, 351.67, 351.08, 0.10, 0.06
RCIN, 66882, 1499, 1626, 1554, 1504, 2005, 1500, 1500, 1500, 0, 0, 0, 0, 0, 0
GPS, 3, 494797400, 1904, 6, 3.54, 12.9919164, 80.2308611, 2.77, 21.60, 0.33, 18.27, 0.09999999, 66952
CTUN, 66973, 593, 1, 594, 0, 2.78, 0.28, 0.00, 0.00, 0, 169
ATT, 66982, -4.30, -4.24, 0.00, 0.84, 351.67, 351.24, 0.07, 0.06
RCIN, 66982, 1499, 1626, 1553, 1505, 2004, 1500, 1500, 1500, 0, 0, 0, 0, 0, 0
CTUN, 67072, 593, 0, 593, 0, 2.82, 0.26, 0.00, 0.00, 0, 186
ATT, 67082, -4.30, -4.07, -0.39, 0.91, 351.67, 351.31, 0.07, 0.07
RCIN, 67082, 1524, 1610, 1553, 1505, 2005, 1500, 1500, 1500, 0, 0, 0, 0, 0, 0
GPS, 3, 494797600, 1904, 6, 3.54, 12.9919157, 80.2308607, 2.86, 21.39, 0.26, 18.27, 0.11, 67152
CTUN, 67172, 593, 0, 593, 0, 2.87, 0.28, 0.00, 0.00, 0, 192
ATT, 67182, 0.00, -4.05, -4.15, -0.11, 351.67, 351.33, 0.06, 0.06
RCIN, 67182, 1561, 1583, 1553, 1505, 2004, 1500, 1500, 1500, 0, 0, 0, 0, 0, 0
CTUN, 67272, 591, 0, 593, 0, 2.92, 0.27, 0.00, 0.00, 0, 189
ATT, 67282, 0.00, -2.38, -4.45, -2.51, 351.67, 351.14, 0.06, 0.07
RCIN, 67282, 1562, 1580, 1551, 1505, 2004, 1500, 1500, 1500, 0, 0, 0, 0, 0, 0
GPS, 3, 494797800, 1904, 6, 3.54, 12.9919146, 80.2308599, 2.96, 21.17, 0.35, 18.27, 0.11, 67352
CTUN, 67372, 591, 1, 592, 0, 2.97, 0.30, 0.00, 0.00, 0, 201
ATT, 67382, 0.00, -1.05, -5.34, -3.97, 351.67, 350.95, 0.06, 0.07
RCIN, 67382, 1561, 1571, 1551, 1505, 2004, 1500, 1500, 1500, 0, 0, 0, 0, 0, 0
CTUN, 67472, 591, 1, 592, 0, 3.03, 0.36, 0.00, 0.00, 0, 200
ATT, 67482, 0.00, -1.15, -5.34, -4.60, 351.67, 350.66, 0.06, 0.07
RCIN, 67482, 1557, 1571, 1551, 1505, 2005, 1500, 1500, 1500, 0, 0, 0, 0, 0, 0
GPS, 3, 494798000, 1904, 6, 3.54, 12.9919136, 80.23086, 3.08, 21.00, 0.25, 18.27, 0.12, 67552
PM, 21, 1000, 11209, 0, 0, 0, 0
CTUN, 67572, 591, 2, 593, 0, 3.09, 0.44, 0.00, 0.00, 0, 206
DU32, 7, 150393
CURR, 67582, 593, 262856, 0, 0, 4487, 0
ATT, 67583, 0.00, -0.99, -5.34, -5.47, 351.67, 350.52, 0.10, 0.07
RCIN, 67583, 1558, 1571, 1551, 1505, 2004, 1500, 1500, 1500, 0, 0, 0, 0, 0, 0
CTUN, 67672, 591, 2, 593, 0, 3.15, 0.53, 0.00, 0.00, 0, 212
ATT, 67681, 0.00, -0.29, -3.95, -6.00, 351.67, 350.25, 0.10, 0.07
RCIN, 67682, 1545, 1585, 1551, 1505, 2004, 1500, 1500, 1500, 0, 0, 0, 0, 0, 0
GPS, 3, 494798200, 1904, 6, 3.54, 12.9919126, 80.2308594, 3.21, 20.95, 0.34, 18.27, 0.11, 67752
CTUN, 67772, 591, 2, 593, 0, 3.23, 0.43, 0.00, 0.00, 0, 208
ATT, 67782, -4.30, -0.59, -1.68, -5.44, 351.67, 350.12, 0.14, 0.07
RCIN, 67782, 1499, 1608, 1551, 1505, 2005, 1500, 1500, 1500, 0, 0, 0, 0, 0, 0
CTUN, 67873, 593, 1, 594, 0, 3.29, 0.45, 0.00, 0.00, 0, 218
ATT, 67882, -4.30, -2.32, 0.00, -3.60, 351.67, 350.05, 0.14, 0.06
RCIN, 67882, 1499, 1665, 1553, 1505, 2004, 1500, 1500, 1500, 0, 0, 0, 0, 0, 0
GPS, 3, 494798400, 1904, 6, 3.54, 12.9919121, 80.230859, 3.34, 21.06, 0.32, 18.27, 0.08, 67953
CTUN, 67973, 593, 1, 594, 0, 3.35, 0.50, 0.00, 0.00, 0, 220
ATT, 67982, -4.30, -4.51, 0.34, -1.48, 351.67, 349.91, 0.18, 0.06
RCIN, 67982, 1499, 1697, 1553, 1505, 2004, 1500, 1500, 1500, 0, 0, 0, 0, 0, 0
CTUN, 68072, 593, 1, 594, 0, 3.42, 0.68, 0.00, 0.00, 0, 222
ATT, 68082, -4.30, -5.50, 2.30, -0.47, 351.67, 349.89, 0.18, 0.05
RCIN, 68082, 1499, 1705, 1553, 1505, 2005, 1500, 1500, 1500, 0, 0, 0, 0, 0, 0
GPS, 3, 494798600, 1904, 6, 3.54, 12.9919112, 80.2308595, 3.48, 21.04, 0.25, 18.27, 0.08, 68153
CTUN, 68173, 593, 1, 594, 0, 3.5, 0.49, 0.00, 0.00, 0, 220
ATT, 68183, -4.30, -5.63, 1.84, 0.88, 351.67, 350.10, 0.10, 0.05
RCIN, 68183, 1499, 1701, 1553, 1505, 2004, 1500, 1500, 1500, 0, 0, 0, 0, 0, 0
CTUN, 68272, 593, 2, 595, 0, 3.56, 0.63, 0.00, 0.00, 0, 228
ATT, 68282, -4.30, -5.65, 0.69, 1.44, 351.67, 350.17, 0.10, 0.05
RCIN, 68282, 1499, 1695, 1553, 1505, 2004, 1500, 1500, 1500, 0, 0, 0, 0, 0, 0
GPS, 3, 494798800, 1904, 6, 3.54, 12.9919112, 80.23086, 3.61, 21.10, 0.09, 18.27, 0.06, 68352
CTUN, 68372, 593, 1, 594, 0, 3.62, 0.73, 0.00, 0.00, 0, 219
ATT, 68382, -4.30, -5.34, 1.72, 1.25, 351.67, 350.32, 0.16, 0.06
RCIN, 68382, 1499, 1702, 1553, 1505, 2004, 1500, 1500, 1500, 0, 0, 0, 0, 0, 0
CTUN, 68472, 593, 1, 594, 0, 3.69, 0.67, 0.00, 0.00, 0, 226
ATT, 68482, -4.30, -5.07, 1.72, 1.38, 351.67, 350.52, 0.16, 0.06
RCIN, 68482, 1499, 1700, 1553, 1505, 2004, 1500, 1500, 1500, 0, 0, 0, 0, 0, 0
GPS, 3, 494799000, 1904, 6, 3.54, 12.9919106, 80.2308602, 3.76, 21.11, 0.11, 18.27, 0.05, 68572
CTUN, 68573, 593, 1, 594, 0, 3.76, 0.80, 0.00, 0.00, 0, 228
DU32, 7, 150393
CURR, 68592, 594, 268793, 0, 0, 4434, 0
ATT, 68593, -4.30, -4.94, 1.72, 1.95, 351.67, 350.81, 0.05, 0.05
RCIN, 68593, 1499, 1700, 1553, 1532, 2004, 1500, 1500, 1500, 0, 0, 0, 0, 0, 0
CTUN, 68673, 591, 1, 592, 0, 3.82, 0.92, 0.00, 0.00, 0, 231
ATT, 68692, -4.30, -4.97, 1.49, 1.88, 352.50, 351.08, 0.05, 0.06
RCIN, 68692, 1499, 1698, 1551, 1546, 2004, 1500, 1500, 1500, 0, 0, 0, 0, 0, 0
GPS, 3, 494799200, 1904, 6, 3.54, 12.9919098, 80.2308606, 3.90, 21.13, 0.17, 18.27, 0.03, 68772
CTUN, 68773, 591, 1, 592, 0, 3.9, 0.93, 0.00, 0.00, 0, 236
ATT, 68792, -4.30, -4.93, 0.00, 1.35, 353.80, 351.57, 0.03, 0.04
RCIN, 68793, 1499, 1682, 1551, 1546, 2005, 1500, 1500, 1500, 0, 0, 0, 0, 0, 0
CTUN, 68873, 591, 1, 592, 0, 3.97, 0.88, 0.00, 0.00, 0, 227
ATT, 68892, -0.71, -4.31, 0.00, 0.76, 355.10, 352.60, 0.03, 0.05
RCIN, 68893, 1534, 1658, 1551, 1546, 2004, 1500, 1500, 1500, 0, 0, 0, 0, 0, 0
GPS, 3, 494799400, 1904, 6, 3.54, 12.9919092, 80.2308606, 4.03, 21.21, 0.24, 18.27, 0, 68971
CTUN, 68973, 591, 0, 591, 0, 4.03, 1.03, 0.00, 0.00, 0, 232
ATT, 68992, 0.00, -2.43, 0.00, 0.05, 356.40, 353.58, 0.03, 0.05
RCIN, 68992, 1566, 1651, 1551, 1546, 2004, 1500, 1500, 1500, 0, 0, 0, 0, 0, 0
CTUN, 69073, 591, 0, 591, 0, 4.1, 1.30, 0.00, 0.00, 0, 230
ATT, 69092, 1.35, -0.66, -1.48, -0.34, 357.70, 354.94, 0.03, 0.05
RCIN, 69092, 1620, 1608, 1551, 1546, 2004, 1500, 1500, 1500, 0, 0, 0, 0, 0, 0
GPS, 3, 494799600, 1904, 6, 3.54, 12.9919085, 80.2308605, 4.17, 21.21, 0.26, 18.27, -0.01, 69153
CTUN, 69173, 591, 0, 591, 0, 4.18, 1.26, 0.00, 0.00, 0, 235
ATT, 69192, 2.52, 0.70, -1.87, -0.66, 359.00, 356.27, 0.06, 0.05
RCIN, 69192, 1627, 1606, 1551, 1546, 2004, 1500, 1500, 1500, 0, 0, 0, 0, 0, 0
CTUN, 69272, 591, 0, 591, 0, 4.26, 1.30, 0.00, 0.00, 0, 227
ATT, 69292, 0.96, 1.61, -1.68, -1.50, 0.30, 357.71, 0.06, 0.05
RCIN, 69292, 1611, 1608, 1551, 1546, 2004, 1500, 1500, 1500, 0, 0, 0, 0, 0, 0
GPS, 3, 494799800, 1904, 6, 3.54, 12.9919082, 80.2308603, 4.32, 21.29, 0.26, 18.27, -0.03, 69353
CTUN, 69374, 591, 0, 591, 0, 4.33, 1.46, 0.00, 0.00, 0, 229
ATT, 69392, 0.00, 2.22, -0.59, -1.51, 1.60, 359.32, 0.04, 0.04
RCIN, 69393, 1589, 1619, 1551, 1546, 2004, 1500, 1500, 1500, 0, 0, 0, 0, 0, 0
CTUN, 69473, 592, 0, 591, 0, 4.41, 1.52, 0.00, 0.00, 0, 231
ATT, 69492, 0.00, 1.00, 0.00, -0.71, 2.68, 1.09, 0.04, 0.03
RCIN, 69492, 1542, 1659, 1551, 1541, 2004, 1500, 1500, 1500, 0, 0, 0, 0, 0, 0
GPS, 3, 494800000, 1904, 6, 3.54, 12.9919082, 80.2308606, 4.47, 21.39, 0.18, 18.27, -0.05, 69552
CTUN, 69573, 591, 0, 591, 0, 4.48, 1.58, 0.00, 0.00, 0, 235
DU32, 7, 150393
CURR, 69592, 591, 274706, 0, 0, 4469, 0
ATT, 69593, -4.30, 0.13, 0.00, -0.22, 3.26, 2.54, 0.04, 0.03
RCIN, 69593, 1499, 1664, 1551, 1536, 2004, 1500, 1500, 1500, 0, 0, 0, 0, 0, 0
CTUN, 69673, 591, 0, 591, 0, 4.56, 1.67, 0.00, 0.00, 0, 229
ATT, 69692, -4.30, -1.12, 0.00, 0.10, 3.48, 3.73, 0.04, 0.02
RCIN, 69692, 1499, 1660, 1551, 1518, 2005, 1500, 1500, 1500, 0, 0, 0, 0, 0, 0
GPS, 3, 494800200, 1904, 6, 3.54, 12.9919087, 80.2308605, 4.63, 21.47, 0.11, 18.27, -0.05, 69772
CTUN, 69774, 591, 0, 591, 0, 4.63, 1.75, 0.00, 0.00, 0, 222
ATT, 69792, -4.30, -3.15, 0.00, 0.09, 3.48, 4.43, 0.19, 0.01
RCIN, 69793, 1499, 1660, 1551, 1517, 2004, 1500, 1500, 1500, 0, 0, 0, 0, 0, 0
CTUN, 69874, 591, 0, 591, 0, 4.7, 1.81, 0.00, 0.00, 0, 216
ATT, 69892, 0.00, -3.84, 0.00, 0.03, 3.48, 4.82, 0.19, 0.01
RCIN, 69892, 1557, 1629, 1551, 1517, 2004, 1500, 1500, 1500, 0, 0, 0, 0, 0, 0
GPS, 3, 494800400, 1904, 6, 3.54, 12.9919101, 80.2308611, 4.76, 21.90, 0.12, 18.27, -0.07, 69952
CTUN, 69973, 591, 0, 591, 0, 4.78, 1.88, 0.00, 0.00, 0, 245
ATT, 69992, 0.00, -2.39, 0.00, 0.05, 3.48, 4.95, 0.06, 0.02
RCIN, 69992, 1558, 1629, 1551, 1515, 2004, 1500, 1500, 1500, 0, 0, 0, 0, 0, 0
CTUN, 70073, 591, 0, 591, 0, 4.86, 2.00, 0.00, 0.00, 0, 237
ATT, 70093, -1.74, -1.13, -0.09, 0.15, 3.48, 5.03, 0.06, 0.04
RCIN, 70093, 1524, 1624, 1551, 1517, 2004, 1500, 1500, 1500, 0, 0, 0, 0, 0, 0
GPS, 3, 494800600, 1904, 6, 3.54, 12.9919077, 80.2308633, 4.93, 21.84, 0.48, 18.27, -0.05, 70153
CTUN, 70173, 591, 0, 591, 0, 4.94, 1.97, 0.00, 0.00, 0, 237
ATT, 70192, -2.25, -1.46, 0.00, 0.03, 3.48, 5.06, 0.21, 0.04
RCIN, 70192, 1519, 1655, 1551, 1517, 2005, 1500, 1500, 1500, 0, 0, 0, 0, 0, 0
CTUN, 70273, 591, 0, 591, 0, 5.02, 2.09, 0.00, 0.00, 0, 239
ATT, 70292, -1.23, -2.15, 0.00, 0.01, 3.48, 5.11, 0.21, 0.03
RCIN, 70292, 1563, 1658, 1551, 1515, 2004, 1500, 1500, 1500, 0, 0, 0, 0, 0, 0
GPS, 3, 494800800, 1904, 6, 3.54, 12.9919074, 80.2308643, 5.08, 21.84, 0.45, 18.27, -0.04, 70353
CTUN, 70374, 591, 0, 591, 0, 5.1, 2.04, 0.00, 0.00, 0, 230
ATT, 70392, 0.00, -1.84, 0.00, -0.01, 3.48, 5.05, 0.05, 0.03
RCIN, 70393, 1572, 1634, 1553, 1515, 2004, 1500, 1500, 1500, 0, 0, 0, 0, 0, 0
CTUN, 70473, 593, 0, 593, 0, 5.17, 2.26, 0.00, 0.00, 0, 234
ATT, 70492, 0.00, -0.83, -0.19, -0.06, 3.48, 5.03, 0.05, 0.04
RCIN, 70492, 1592, 1623, 1553, 1515, 2005, 1500, 1500, 1500, 0, 0, 0, 0, 0, 0
GPS, 3, 494801000, 1904, 6, 3.54, 12.991907, 80.2308645, 5.25, 21.81, 0.38, 18.27, -0.04, 70573
CTUN, 70575, 593, 0, 593, 0, 5.25, 2.31, 0.00, 0.00, 0, 236
DU32, 7, 150393
CURR, 70593, 593, 280620, 0, 0, 4505, 0
ATT, 70594, 0.00, -0.87, -0.49, -0.45, 3.48, 4.87, 0.05, 0.04
RCIN, 70595, 1592, 1620, 1553, 1515, 2004, 1500, 1500, 1500, 0, 0, 0, 0, 0, 0
CTUN, 70675, 593, 0, 593, 0, 5.33, 2.40, 0.00, 0.00, 0, 243
ATT, 70693, 0.00, -0.97, -0.49, -1.02, 3.48, 4.57, 0.05, 0.04
RCIN, 70693, 1592, 1620, 1553, 1515, 2004, 1500, 1500, 1500, 0, 0, 0, 0, 0, 0
GPS, 3, 494801200, 1904, 6, 3.54, 12.9919064, 80.2308654, 5.39, 21.84, 0.42, 18.27, -0.05, 70754
CTUN, 70774, 593, 0, 593, 0, 5.41, 2.39, 0.00, 0.00, 0, 235
ATT, 70793, 0.00, -0.80, -0.19, -1.27, 3.48, 4.34, 0.00, 0.04
RCIN, 70793, 1573, 1635, 1553, 1515, 2005, 1500, 1500, 1500, 0, 0, 0, 0, 0, 0
CTUN, 70875, 593, 0, 593, 0, 5.49, 2.60, 0.00, 0.00, 0, 231
ATT, 70893, 0.00, -0.63, 0.00, -1.43, 3.48, 4.06, 0.00, 0.04
RCIN, 70893, 1554, 1658, 1550, 1515, 2004, 1500, 1500, 1500, 0, 0, 0, 0, 0, 0
GPS, 3, 494801400, 1904, 6, 3.54, 12.9919064, 80.2308648, 5.55, 21.78, 0.22, 18.27, -0.04, 70954
CTUN, 70974, 551, 0, 551, 0, 5.57, 2.63, 0.00, 0.00, 0, 236
ATT, 70993, 0.00, -0.34, 0.00, -1.27, 3.48, 3.98, 0.13, 0.04
RCIN, 70993, 1544, 1658, 1506, 1515, 2005, 1500, 1500, 1500, 0, 0, 0, 0, 0, 0
CTUN, 71074, 548, 0, 548, 0, 5.64, 2.75, 0.00, 0.00, 0, 227
ATT, 71093, 0.00, -0.19, 0.00, -0.87, 3.48, 3.69, 0.13, 0.05
RCIN, 71093, 1544, 1658, 1492, 1515, 2004, 1500, 1500, 1500, 0, 0, 0, 0, 0, 0
GPS, 3, 494801600, 1904, 6, 3.54, 12.9919058, 80.2308646, 5.70, 21.62, 0.06, 18.27, -0.02, 71154
CTUN, 71174, 514, 0, 514, 0, 5.71, 2.81, 0.00, 0.00, 0, 209
ATT, 71193, 0.00, -0.07, 0.00, -0.34, 3.48, 3.47, 0.17, 0.05
RCIN, 71193, 1544, 1660, 1465, 1515, 2005, 1500, 1500, 1500, 0, 0, 0, 0, 0, 0
CTUN, 71274, 514, 0, 514, 0, 5.75, 2.91, 0.00, 0.00, 0, 178
ATT, 71293, 0.00, -0.24, 2.30, 0.09, 3.48, 3.06, 0.17, 0.05
RCIN, 71293, 1544, 1715, 1465, 1515, 2004, 1500, 1500, 1500, 0, 0, 0, 0, 0, 0
GPS, 3, 494801800, 1904, 6, 3.54, 12.9919055, 80.2308647, 5.77, 21.58, 0.03, 18.27, -0.02, 71373
CTUN, 71375, 516, 0, 516, 0, 5.77, 3.02, 0.00, 0.00, 0, 169
ATT, 71394, 0.00, -0.70, 5.75, 0.70, 3.48, 2.68, 0.08, 0.05
RCIN, 71394, 1544, 1735, 1467, 1515, 2005, 1500, 1500, 1500, 0, 0, 0, 0, 0, 0
CTUN, 71474, 515, 0, 515, 0, 5.79, 3.18, 0.00, 0.00, 0, 164
ATT, 71493, 0.00, -0.75, 6.67, 2.59, 3.48, 2.45, 0.08, 0.06
RCIN, 71494, 1544, 1743, 1467, 1515, 2004, 1500, 1500, 1500, 0, 0, 0, 0, 0, 0
GPS, 3, 494802000, 1904, 6, 3.54, 12.9919046, 80.2308662, 5.79, 21.40, 0.21, 18.27, 0.01, 71554
CTUN, 71574, 516, 1, 517, 0, 5.79, 3.11, 0.00, 0.00, 0, 126
DU32, 7, 150393
CURR, 71593, 518, 286091, 0, 0, 4505, 0
ATT, 71593, 0.00, -0.82, 6.90, 4.54, 3.48, 2.39, 0.15, 0.05
RCIN, 71594, 1544, 1745, 1468, 1515, 2004, 1500, 1500, 1500, 0, 0, 0, 0, 0, 0
CTUN, 71674, 517, 1, 518, 0, 5.77, 3.05, 0.00, 0.00, 0, 132
ATT, 71693, -0.71, -0.82, 6.67, 5.40, 3.48, 2.07, 0.15, 0.06
RCIN, 71693, 1525, 1733, 1468, 1515, 2004, 1500, 1500, 1500, 0, 0, 0, 0, 0, 0
GPS, 3, 494802200, 1904, 6, 3.54, 12.9919055, 80.2308652, 5.79, 21.41, 0.14, 18.27, 0, 71774
CTUN, 71775, 539, 1, 540, 0, 5.79, 3.11, 0.00, 0.00, 0, 188
ATT, 71794, -1.74, -0.79, 2.53, 5.63, 3.48, 1.85, 0.20, 0.05
RCIN, 71794, 1524, 1685, 1492, 1515, 2004, 1500, 1500, 1500, 0, 0, 0, 0, 0, 0
CTUN, 71874, 539, 1, 540, 0, 5.82, 3.14, 0.00, 0.00, 0, 177
ATT, 71893, -4.30, -1.90, 0.00, 4.01, 3.48, 1.58, 0.20, 0.05
RCIN, 71893, 1499, 1639, 1492, 1515, 2005, 1500, 1500, 1500, 0, 0, 0, 0, 0, 0
GPS, 3, 494802400, 1904, 6, 3.54, 12.9919048, 80.2308662, 5.85, 21.37, 0.14, 18.27, 0, 71974
CTUN, 71985, 539, 0, 539, 0, 5.85, 3.16, 0.00, 0.00, 0, 155
ATT, 71994, -4.30, -3.75, -0.19, 0.89, 3.48, 1.65, 0.14, 0.05
RCIN, 71995, 1499, 1623, 1492, 1515, 2005, 1500, 1500, 1500, 0, 0, 0, 0, 0, 0
CTUN, 72084, 539, 1, 540, 0, 5.85, 3.09, 0.00, 0.00, 0, 127
ATT, 72094, -4.30, -4.86, -1.58, -0.92, 3.48, 1.76, 0.14, 0.04
RCIN, 72094, 1499, 1604, 1492, 1515, 2004, 1500, 1500, 1500, 0, 0, 0, 0, 0, 0
GPS, 3, 494802600, 1904, 6, 3.54, 12.9919053, 80.2308663, 5.83, 21.34, 0.19, 18.27, 0, 72174
CTUN, 72194, 539, 1, 540, 0, 5.83, 3.03, 0.00, 0.00, 0, 159
ATT, 72203, -4.30, -4.61, -2.67, -2.31, 3.48, 2.05, 0.12, 0.04
RCIN, 72204, 1499, 1598, 1492, 1515, 2005, 1500, 1500, 1500, 0, 0, 0, 0, 0, 0
CTUN, 72294, 539, 1, 540, 0, 5.82, 3.13, 0.00, 0.00, 0, 115
ATT, 72303, -4.30, -5.01, -2.17, -3.20, 3.48, 2.28, 0.12, 0.04
RCIN, 72303, 1499, 1611, 1492, 1515, 2005, 1500, 1500, 1500, 0, 0, 0, 0, 0, 0
GPS, 3, 494802800, 1904, 6, 3.54, 12.9919044, 80.2308665, 5.77, 21.35, 0.12, 18.27, -0.01, 72374
CTUN, 72394, 539, 2, 541, 0, 5.75, 3.00, 0.00, 0.00, 0, 44
ATT, 72403, -4.30, -5.51, -1.38, -3.48, 3.48, 2.59, 0.04, 0.03
RCIN, 72404, 1499, 1611, 1492, 1515, 2004, 1500, 1500, 1500, 0, 0, 0, 0, 0, 0
CTUN, 72494, 539, 2, 541, 0, 5.62, 2.97, 0.00, 0.00, 0, 21
ATT, 72504, -4.30, -5.19, -1.38, -2.97, 3.48, 2.88, 0.04, 0.03
RCIN, 72504, 1499, 1611, 1492, 1542, 2004, 1500, 1500, 1500, 0, 0, 0, 0, 0, 0
GPS, 3, 494803000, 1904, 6, 3.54, 12.991904, 80.2308675, 5.51, 21.28, 0.21, 18.27, 0, 72574
CTUN, 72594, 539, 1, 540, 0, 5.49, 3.04, 0.00, 0.00, 0, 31
DU32, 7, 150393
CURR, 72603, 540, 291471, 0, 0, 4487, 0
ATT, 72604, -4.30, -4.40, -1.38, -2.54, 5.87, 3.23, 0.10, 0.03
RCIN, 72604, 1499, 1611, 1492, 1580, 2004, 1500, 1500, 1500, 0, 0, 0, 0, 0, 0
CTUN, 72694, 539, 1, 540, 0, 5.38, 2.86, 0.00, 0.00, 0, 39
ATT, 72703, -4.30, -4.23, -1.38, -2.35, 9.81, 4.91, 0.10, 0.02
RCIN, 72704, 1498, 1612, 1492, 1581, 2004, 1500, 1500, 1500, 0, 0, 0, 0, 0, 0
GPS, 3, 494803200, 1904, 6, 3.54, 12.9919045, 80.2308679, 5.29, 21.27, 0.19, 18.27, -0.01, 72774
CTUN, 72794, 539, 1, 540, 0, 5.27, 2.78, 0.00, 0.00, 0, 26
ATT, 72803, -4.30, -4.28, -1.38, -2.69, 13.81, 7.38, 0.46, 0.01
RCIN, 72804, 1499, 1611, 1492, 1581, 2004, 1500, 1500, 1500, 0, 0, 0, 0, 0, 0
CTUN, 72894, 539, 1, 540, 0, 5.15, 2.77, 0.00, 0.00, 0, 17
ATT, 72903, -4.30, -3.85, -0.59, -3.12, 17.76, 10.65, 0.46, 0.00
RCIN, 72904, 1499, 1619, 1491, 1571, 2004, 1500, 1500, 1500, 0, 0, 0, 0, 0, 0
GPS, 3, 494803400, 1904, 6, 3.54, 12.9919035, 80.2308684, 5.05, 21.16, 0.11, 18.27, 0, 72974
CTUN, 72994, 539, 1, 540, 0, 5.03, 2.69, 0.00, 0.00, 0, 15
ATT, 73004, -4.30, -3.61, -0.49, -3.06, 19.47, 14.00, 0.20, 0.01
RCIN, 73004, 1499, 1620, 1492, 1539, 2004, 1500, 1500, 1500, 0, 0, 0, 0, 0, 0
CTUN, 73094, 539, 0, 539, 0, 4.9, 2.70, 0.00, 0.00, 0, 5
ATT, 73103, -4.30, -3.80, -0.49, -2.03, 20.17, 16.51, 0.20, 0.01
RCIN, 73104, 1499, 1620, 1492, 1539, 2004, 1500, 1500, 1500, 0, 0, 0, 0, 0, 0
GPS, 3, 494803600, 1904, 6, 3.54, 12.991903, 80.2308694, 4.80, 21.05, 0.16, 18.27, 0, 73174
CTUN, 73194, 539, 0, 539, 0, 4.78, 2.62, 0.00, 0.00, 0, 10
ATT, 73204, -4.30, -4.04, -1.68, -1.63, 21.17, 18.26, 0.04, 0.01
RCIN, 73204, 1499, 1606, 1492, 1557, 2004, 1500, 1500, 1500, 0, 0, 0, 0, 0, 0
CTUN, 73294, 539, 0, 539, 0, 4.65, 2.48, 0.00, 0.00, 0, -7
ATT, 73303, -4.30, -3.78, -2.67, -1.96, 23.91, 19.90, 0.04, 0.00
RCIN, 73304, 1499, 1598, 1492, 1570, 2004, 1500, 1500, 1500, 0, 0, 0, 0, 0, 0
GPS, 3, 494803800, 1904, 6, 3.54, 12.9919034, 80.2308697, 4.53, 20.98, 0.11, 18.27, 0, 73374
CTUN, 73394, 539, 0, 539, 0, 4.5, 2.54, 0.00, 0.00, 0, -17
ATT, 73403, -4.30, -3.09, -2.96, -2.31, 27.03, 22.52, 0.03, 0.02
RCIN, 73404, 1499, 1595, 1492, 1570, 2005, 1500, 1500, 1500, 0, 0, 0, 0, 0, 0
CTUN, 73494, 539, 0, 539, 0, 4.36, 2.50, 0.00, 0.00, 0, -33
ATT, 73504, -4.30, -2.67, -2.96, -2.18, 30.13, 25.08, 0.03, 0.03
RCIN, 73504, 1499, 1595, 1492, 1570, 2005, 1500, 1500, 1500, 0, 0, 0, 0, 0, 0
GPS, 3, 494804000, 1904, 6, 3.54, 12.9919033, 80.2308699, 4.25, 20.87, 0.06, 18.27, 0.01, 73574
CTUN, 73594, 539, 0, 539, 0, 4.22, 2.30, 0.00, 0.00, 0, -15
DU32, 7, 150393
CURR, 73603, 539, 296864, 0, 0, 4505, 0
ATT, 73604, -4.30, -2.91, -2.96, -1.84, 33.26, 28.10, 0.02, 0.04
RCIN, 73604, 1512, 1595, 1492, 1570, 2005, 1500, 1500, 1500, 0, 0, 0, 0, 0, 0
CTUN, 73694, 539, 0, 539, 0, 4.08, 2.32, 0.00, 0.00, 0, -28
ATT, 73704, -2.76, -3.11, -2.96, -1.90, 36.36, 31.25, 0.02, 0.04
RCIN, 73704, 1514, 1595, 1492, 1570, 2004, 1500, 1500, 1500, 0, 0, 0, 0, 0, 0
GPS, 3, 494804200, 1904, 6, 3.54, 12.9919043, 80.2308692, 3.97, 20.86, 0.14, 18.27, 0, 73774
CTUN, 73794, 539, 0, 539, 0, 3.94, 2.17, 0.00, 0.00, 0, -26
ATT, 73804, -2.76, -2.29, -2.96, -2.12, 39.46, 34.41, 0.08, 0.04
RCIN, 73804, 1514, 1595, 1492, 1570, 2005, 1500, 1500, 1500, 0, 0, 0, 0, 0, 0
CTUN, 73894, 539, 0, 539, 0, 3.8, 2.09, 0.00, 0.00, 0, -37
ATT, 73903, -2.76, -1.51, -2.96, -2.11, 42.56, 37.56, 0.08, 0.05
RCIN, 73904, 1514, 1595, 1492, 1570, 2004, 1500, 1500, 1500, 0, 0, 0, 0, 0, 0
GPS, 3, 494804400, 1904, 6, 3.54, 12.9919054, 80.2308692, 3.69, 20.96, 0.22, 18.27, -0.01, 73974
CTUN, 73994, 539, 0, 539, 0, 3.67, 2.02, 0.00, 0.00, 0, -27
ATT, 74004, -2.76, -1.78, -3.16, -1.75, 45.66, 40.76, 0.03, 0.06
RCIN, 74004, 1514, 1593, 1492, 1570, 2004, 1500, 1500, 1500, 0, 0, 0, 0, 0, 0
CTUN, 74094, 539, 0, 539, 0, 3.52, 1.97, 0.00, 0.00, 0, -46
ATT, 74103, -2.76, -2.26, -3.16, -1.49, 48.76, 43.99, 0.03, 0.08
RCIN, 74103, 1514, 1593, 1492, 1570, 2004, 1500, 1500, 1500, 0, 0, 0, 0, 0, 0
GPS, 3, 494804600, 1904, 6, 3.54, 12.9919065, 80.2308685, 3.41, 20.94, 0.36, 18.27, -0.01, 74174
CTUN, 74194, 539, 0, 539, 0, 3.39, 1.77, 0.00, 0.00, 0, -38
ATT, 74204, -2.76, -2.34, -3.16, -1.81, 51.86, 47.03, 0.08, 0.08
RCIN, 74204, 1514, 1593, 1492, 1570, 2005, 1500, 1500, 1500, 0, 0, 0, 0, 0, 0
CTUN, 74294, 539, 0, 539, 0, 3.24, 1.74, 0.00, 0.00, 0, -42
ATT, 74303, -2.76, -2.29, -3.16, -2.12, 54.96, 50.25, 0.08, 0.08
RCIN, 74304, 1514, 1593, 1492, 1570, 2004, 1500, 1500, 1500, 0, 0, 0, 0, 0, 0
GPS, 3, 494804800, 1904, 6, 3.54, 12.9919066, 80.2308685, 3.13, 20.81, 0.29, 18.27, 0, 74374
CTUN, 74395, 539, 0, 539, 0, 3.1, 1.73, 0.00, 0.00, 0, -55
ATT, 74405, -2.76, -2.47, -3.16, -2.04, 58.06, 53.39, 0.07, 0.09
RCIN, 74405, 1514, 1593, 1492, 1570, 2005, 1500, 1500, 1500, 0, 0, 0, 0, 0, 0
CTUN, 74494, 539, 0, 539, 0, 2.96, 1.56, 0.00, 0.00, 0, -49
ATT, 74504, -2.76, -2.60, -3.16, -1.86, 61.16, 56.43, 0.07, 0.10
RCIN, 74504, 1514, 1593, 1492, 1570, 2005, 1500, 1500, 1500, 0, 0, 0, 0, 0, 0
GPS, 3, 494805000, 1904, 6, 3.54, 12.9919066, 80.2308693, 2.85, 20.79, 0.22, 18.27, 0, 74574
CTUN, 74594, 539, 0, 539, 0, 2.82, 1.45, 0.00, 0.00, 0, -68
DU32, 7, 150393
CURR, 74604, 539, 302254, 0, 0, 4505, 0
ATT, 74605, -2.76, -2.85, -2.96, -1.53, 64.26, 59.34, 0.05, 0.11
RCIN, 74605, 1514, 1595, 1492, 1570, 2004, 1500, 1500, 1500, 0, 0, 0, 0, 0, 0
CTUN, 74694, 539, 0, 539, 0, 2.66, 1.35, 0.00, 0.00, 0, -77
ATT, 74704, -2.76, -2.94, -2.96, -0.94, 67.36, 62.43, 0.05, 0.13
RCIN, 74704, 1514, 1595, 1492, 1570, 2005, 1500, 1500, 1500, 0, 0, 0, 0, 0, 0
GPS, 3, 494805200, 1904, 6, 3.54, 12.9919059, 80.2308707, 2.54, 20.82, 0.22, 18.27, -0.01, 74774
CTUN, 74794, 539, 0, 539, 0, 2.51, 1.25, 0.00, 0.00, 0, -75
ATT, 74804, -3.17, -2.64, -2.96, -0.30, 70.46, 65.40, 0.14, 0.13
RCIN, 74804, 1510, 1595, 1492, 1570, 2004, 1500, 1500, 1500, 0, 0, 0, 0, 0, 0
CTUN, 74895, 564, 0, 564, 0, 2.35, 1.17, 0.00, 0.00, 0, -75
ATT, 74904, -3.17, -3.41, -2.96, -0.42, 73.37, 68.70, 0.14, 0.13
RCIN, 74905, 1509, 1595, 1529, 1558, 2004, 1500, 1500, 1500, 0, 0, 0, 0, 0, 0
GPS, 3, 494805400, 1904, 6, 3.54, 12.9919077, 80.2308701, 2.23, 20.72, 0.29, 18.27, 0, 74974
CTUN, 74994, 582, 1, 583, 0, 2.2, 1.09, 0.00, 0.00, 0, -77
ATT, 75004, -4.30, -4.44, -2.76, -1.19, 75.33, 71.44, 0.07, 0.14
RCIN, 75004, 1499, 1597, 1541, 1554, 2004, 1500, 1500, 1500, 0, 0, 0, 0, 0, 0
CTUN, 75094, 592, 1, 593, 0, 2.05, 1.02, 0.00, 0.00, 0, -72
ATT, 75103, -4.30, -4.80, -2.96, -1.48, 77.23, 74.31, 0.07, 0.14
RCIN, 75103, 1499, 1595, 1552, 1554, 2004, 1500, 1500, 1500, 0, 0, 0, 0, 0, 0
GPS, 3, 494805600, 1904, 6, 3.54, 12.9919094, 80.2308686, 1.95, 20.22, 0.45, 18.27, 0.04, 75174
CTUN, 75194, 592, 1, 593, 0, 1.92, 0.70, 0.00, 0.00, 0, -59
ATT, 75204, -4.30, -4.78, -2.96, -1.18, 79.13, 76.60, 0.08, 0.14
RCIN, 75204, 1499, 1595, 1552, 1554, 2005, 1500, 1500, 1500, 0, 0, 0, 0, 0, 0
CTUN, 75294, 592, 1, 593, 0, 1.78, 0.73, 0.00, 0.00, 0, -55
ATT, 75303, -4.30, -4.39, -2.96, -1.68, 81.03, 78.97, 0.08, 0.14
RCIN, 75304, 1499, 1595, 1552, 1554, 2005, 1500, 1500, 1500, 0, 0, 0, 0, 0, 0
GPS, 3, 494805800, 1904, 6, 3.54, 12.9919111, 80.2308672, 1.69, 19.83, 0.57, 18.27, 0.07, 75375
CTUN, 75395, 592, 1, 593, 0, 1.67, 0.70, 0.00, 0.00, 0, -40
ATT, 75405, -4.30, -4.07, -2.76, -2.53, 82.93, 81.21, 0.06, 0.14
RCIN, 75405, 1499, 1597, 1552, 1554, 2004, 1500, 1500, 1500, 0, 0, 0, 0, 0, 0
CTUN, 75494, 592, 1, 593, 0, 1.57, 0.56, 0.00, 0.00, 0, -31
ATT, 75504, -4.40, -4.08, -2.76, -2.97, 84.83, 83.51, 0.06, 0.15
RCIN, 75504, 1498, 1597, 1552, 1554, 2004, 1500, 1500, 1500, 0, 0, 0, 0, 0, 0
GPS, 3, 494806000, 1904, 6, 3.54, 12.9919105, 80.2308675, 1.49, 19.32, 0.45, 18.27, 0.13, 75574
CTUN, 75595, 592, 1, 593, 0, 1.47, 0.41, 0.00, 0.00, 0, -33
DU32, 7, 150393
CURR, 75605, 593, 308034, 0, 0, 4541, 0
ATT, 75605, -4.30, -3.82, -2.17, -2.81, 86.79, 85.79, 0.08, 0.15
RCIN, 75606, 1499, 1603, 1552, 1558, 2004, 1500, 1500, 1500, 0, 0, 0, 0, 0, 0
CTUN, 75694, 592, 0, 592, 0, 1.38, 0.32, 0.00, 0.00, 0, -24
ATT, 75704, -4.30, -3.49, -2.17, -2.27, 90.08, 88.17, 0.08, 0.16
RCIN, 75704, 1499, 1603, 1552, 1592, 2005, 1500, 1500, 1500, 0, 0, 0, 0, 0, 0
GPS, 3, 494806200, 1904, 6, 3.54, 12.9919112, 80.2308672, 1.32, 19.12, 0.48, 18.27, 0.15, 75774
CTUN, 75794, 592, 0, 592, 0, 1.3, 0.26, 0.00, 0.00, 0, -11
ATT, 75804, -4.30, -3.62, -2.17, -2.25, 95.25, 91.41, 0.09, 0.17
RCIN, 75804, 1499, 1603, 1552, 1599, 2004, 1500, 1500, 1500, 0, 0, 0, 0, 0, 0
CTUN, 75895, 592, 0, 592, 0, 1.23, 0.37, 0.00, 0.00, 0, -5
ATT, 75904, -4.30, -3.18, -2.17, -2.04, 100.87, 95.81, 0.09, 0.18
RCIN, 75904, 1499, 1603, 1552, 1604, 2004, 1500, 1500, 1500, 0, 0, 0, 0, 0, 0
GPS, 3, 494806400, 1904, 6, 3.54, 12.9919121, 80.2308674, 1.19, 19.09, 0.48, 18.27, 0.14, 75974
CTUN, 75994, 592, 0, 592, 0, 1.18, 0.21, 0.00, 0.00, 0, 5
ATT, 76004, -4.30, -2.93, -2.17, -2.06, 106.87, 101.07, 0.02, 0.20
RCIN, 76004, 1499, 1603, 1552, 1608, 2005, 1500, 1500, 1500, 0, 0, 0, 0, 0, 0
CTUN, 76095, 592, 0, 592, 0, 1.13, 0.15, 0.00, 0.00, 0, 16
ATT, 76105, -4.30, -2.78, -2.37, -2.16, 112.97, 107.16, 0.02, 0.21
RCIN, 76105, 1498, 1602, 1552, 1608, 2004, 1500, 1500, 1500, 0, 0, 0, 0, 0, 0
GPS, 3, 494806600, 1904, 6, 3.54, 12.991912, 80.2308686, 1.10, 18.95, 0.41, 18.27, 0.14, 76174
CTUN, 76194, 592, 0, 592, 0, 1.09, 0.14, 0.00, 0.00, 0, 19
ATT, 76204, -4.30, -2.80, -2.76, -2.16, 119.07, 113.52, 0.06, 0.22
RCIN, 76204, 1499, 1596, 1552, 1608, 2005, 1500, 1500, 1500, 0, 0, 0, 0, 0, 0
CTUN, 76294, 592, 0, 592, 0, 1.07, 0.19, 0.00, 0.00, 0, 34
ATT, 76303, -4.30, -2.51, -2.96, -2.56, 125.17, 120.42, 0.06, 0.23
RCIN, 76304, 1499, 1595, 1552, 1608, 2004, 1500, 1500, 1500, 0, 0, 0, 0, 0, 0
GPS, 3, 494806800, 1904, 6, 3.54, 12.9919125, 80.2308685, 1.05, 18.67, 0.34, 18.27, 0.15, 76375
CTUN, 76395, 592, 0, 592, 0, 1.05, 0.15, 0.00, 0.00, 0, 34
ATT, 76405, -4.30, -2.61, -5.43, -3.44, 131.43, 127.46, 0.06, 0.22
RCIN, 76405, 1499, 1570, 1552, 1610, 2005, 1500, 1500, 1500, 0, 0, 0, 0, 0, 0
CTUN, 76494, 592, 1, 593, 0, 1.03, 0.20, 0.00, 0.00, 0, 36
ATT, 76503, -4.30, -3.04, -7.51, -3.93, 137.73, 134.46, 0.06, 0.22
RCIN, 76504, 1499, 1523, 1552, 1610, 2004, 1500, 1500, 1500, 0, 0, 0, 0, 0, 0
GPS, 3, 494807000, 1904, 6, 3.54, 12.9919133, 80.2308683, 1.03, 18.54, 0.31, 18.27, 0.13, 76575
CTUN, 76595, 592, 2, 594, 0, 1.03, 0.25, 0.00, 0.00, 0, 44
DU32, 7, 150393
CURR, 76605, 594, 313959, 0, 0, 4487, 0
ATT, 76605, -4.30, -3.37, -12.36, -5.84, 144.11, 141.57, 0.01, 0.21
RCIN, 76606, 1499, 1483, 1552, 1612, 2005, 1500, 1500, 1500, 0, 0, 0, 0, 0, 0
CTUN, 76694, 590, 7, 597, 0, 1.03, 0.08, 0.00, 0.00, 0, 49
ATT, 76704, -4.30, -4.42, -16.81, -9.90, 148.86, 148.65, 0.01, 0.20
RCIN, 76704, 1499, 1455, 1550, 1575, 2004, 1500, 1500, 1500, 0, 0, 0, 0, 0, 0
GPS, 3, 494807200, 1904, 6, 3.54, 12.991914, 80.2308693, 1.03, 18.75, 0.39, 18.27, 0.08, 76774
CTUN, 76795, 590, 16, 606, 0, 1.03, 0.16, 0.00, 0.00, 0, 49
ATT, 76805, -4.30, -5.55, -16.81, -14.38, 152.15, 154.75, 0.06, 0.18
RCIN, 76806, 1499, 1455, 1550, 1570, 2004, 1500, 1500, 1500, 0, 0, 0, 0, 0, 0
CTUN, 76895, 590, 20, 610, 0, 1.01, 0.38, 0.00, 0.00, 0, 25
ATT, 76904, -4.30, -5.51, -16.61, -16.13, 155.25, 159.80, 0.06, 0.17
RCIN, 76904, 1567, 1459, 1550, 1570, 2004, 1500, 1500, 1500, 0, 0, 0, 0, 0, 0
GPS, 3, 494807400, 1904, 6, 3.54, 12.9919122, 80.2308703, 0.99, 18.55, 0.39, 18.27, 0.09, 76974
CTUN, 76994, 590, 12, 602, 0, 0.98, 0.20, 0.00, 0.00, 0, -37
ATT, 77004, 4.17, -1.04, -16.41, -12.71, 158.25, 164.53, 0.08, 0.19
RCIN, 77004, 1657, 1459, 1550, 1551, 2004, 1500, 1500, 1500, 0, 0, 0, 0, 0, 0
CTUN, 77095, 591, 12, 602, 0, 0.88, 0.16, 0.00, 0.00, 0, -60
ATT, 77105, 6.88, 0.65, -16.41, -13.82, 159.46, 167.26, 0.08, 0.17
RCIN, 77105, 1672, 1459, 1551, 1542, 2004, 1500, 1500, 1500, 0, 0, 0, 0, 0, 0
GPS, 3, 494807600, 1904, 6, 3.54, 12.9919105, 80.2308714, 0.79, 18.32, 0.48, 18.27, 0.11, 77174
CTUN, 77194, 590, 24, 614, 0, 0.76, 0.38, 0.00, 0.00, 0, -85
ATT, 77204, 6.88, 0.80, -15.13, -18.66, 160.46, 168.63, 0.28, 0.12
RCIN, 77204, 1672, 1472, 1550, 1542, 2005, 1500, 1500, 1500, 0, 0, 0, 0, 0, 0
CTUN, 77295, 590, 26, 616, 0, 0.64, 0.37, 0.00, 0.00, 0, -111
ATT, 77305, 6.69, 2.85, -14.93, -18.74, 161.46, 169.54, 0.28, 0.14
RCIN, 77305, 1670, 1474, 1550, 1543, 2004, 1500, 1500, 1500, 0, 0, 0, 0, 0, 0
GPS, 3, 494807800, 1904, 6, 3.54, 12.9919066, 80.2308747, 0.53, 17.85, 1.05, 93.79, 0.14, 77375
CTUN, 77395, 590, 21, 611, 0, 0.5, 0.30, 0.00, 0.00, 0, -120
ATT, 77405, 6.69, 3.46, -14.93, -16.84, 162.46, 170.12, 0.45, 0.14
RCIN, 77405, 1670, 1474, 1550, 1543, 2004, 1500, 1500, 1500, 0, 0, 0, 0, 0, 0
CTUN, 77494, 590, 19, 609, 0, 0.38, 0.54, 0.00, 0.00, 0, -87
ATT, 77504, 11.73, 4.00, -14.93, -16.21, 163.46, 170.18, 0.45, 0.12
RCIN, 77504, 1722, 1474, 1550, 1543, 2005, 1500, 1500, 1500, 0, 0, 0, 0, 0, 0
PM, 32, 1000, 11687, 0, 0, 0, 0
GPS, 3, 494808000, 1904, 6, 3.54, 12.9919031, 80.2308772, 0.31, 17.55, 1.30, 120.48, 0.16, 77575
CTUN, 77595, 590, 20, 610, 0, 0.29, 0.60, 0.00, 0.00, 0, -76
DU32, 7, 150393
CURR, 77605, 610, 320034, 0, 0, 4469, 0
ATT, 77605, 11.73, 6.38, -14.93, -15.87, 164.46, 170.15, 0.26, 0.13
RCIN, 77606, 1722, 1474, 1550, 1543, 2004, 1500, 1500, 1500, 0, 0, 0, 0, 0, 0
CTUN, 77694, 590, 19, 609, 0, 0.23, 0.64, 0.00, 0.00, 0, -73
ATT, 77704, 0.00, 8.24, -13.94, -14.38, 165.46, 170.17, 0.26, 0.14
RCIN, 77704, 1569, 1484, 1550, 1543, 2004, 1500, 1500, 1500, 0, 0, 0, 0, 0, 0
GPS, 3, 494808200, 1904, 6, 3.54, 12.9919018, 80.2308779, 0.18, 17.42, 1.04, 129.12, 0.16, 77776
CTUN, 77796, 551, 13, 564, 0, 0.16, 0.66, 0.00, 0.00, 0, -84
ATT, 77805, -4.30, 6.04, -13.35, -12.46, 166.46, 170.35, 0.33, 0.11
RCIN, 77806, 1499, 1490, 1503, 1545, 2005, 1500, 1500, 1500, 0, 0, 0, 0, 0, 0
CTUN, 77896, 548, 7, 555, 0, 0.11, 0.91, 0.00, 0.00, 0, -63
ATT, 77905, -4.30, -0.96, -13.35, -10.52, 167.66, 170.31, 0.33, 0.08
RCIN, 77905, 1499, 1490, 1503, 1545, 2005, 1500, 1500, 1500, 0, 0, 0, 0, 0, 0
GPS, 3, 494808400, 1904, 6, 3.54, 12.9919007, 80.2308787, 0.09, 17.46, 0.94, 138.19, 0.13, 77976
CTUN, 77996, 548, 7, 555, 0, 0.08, 0.93, 0.00, 0.00, 0, -69
ATT, 78006, -4.30, -4.59, -10.68, -9.85, 168.86, 170.26, 0.34, 0.07
RCIN, 78006, 1499, 1517, 1503, 1545, 2004, 1500, 1500, 1500, 0, 0, 0, 0, 0, 0
CTUN, 78096, 548, 6, 554, 0, 0.07, 1.03, 0.00, 0.00, 0, -57
ATT, 78105, -4.30, -4.32, -4.05, -9.11, 170.06, 170.33, 0.34, 0.10
RCIN, 78105, 1509, 1584, 1503, 1545, 2005, 1500, 1500, 1500, 0, 0, 0, 0, 0, 0
GPS, 3, 494808600, 1904, 6, 3.54, 12.9918984, 80.2308802, 0.08, 17.78, 1.22, 146.76, 0.06, 78176
CTUN, 78195, 548, 2, 550, 0, 0.08, 1.17, 0.00, 0.00, 0, -50
ATT, 78206, -3.17, -4.26, 0.00, -4.95, 171.26, 170.71, 0.07, 0.11
RCIN, 78206, 1499, 1714, 1503, 1545, 2005, 1500, 1500, 1500, 0, 0, 0, 0, 0, 0
CTUN, 78296, 548, 1, 549, 0, 0.09, 1.24, 0.00, 0.00, 0, -30
ATT, 78305, -4.30, -4.50, 7.36, 0.58, 172.46, 171.17, 0.07, 0.10
RCIN, 78305, 1499, 1753, 1503, 1545, 2004, 1500, 1500, 1500, 0, 0, 0, 0, 0, 0
GPS, 3, 494808800, 1904, 6, 3.54, 12.9918958, 80.2308822, 0.12, 18.10, 1.41, 151.65, -0.04, 78376
CTUN, 78395, 548, 2, 550, 0, 0.13, 1.40, 0.00, 0.00, 0, -6
ATT, 78405, -4.30, -4.35, 8.74, 5.85, 173.66, 171.96, 0.11, 0.10
RCIN, 78406, 1499, 1761, 1503, 1545, 2004, 1500, 1500, 1500, 0, 0, 0, 0, 0, 0
CTUN, 78496, 548, 6, 554, 0, 0.21, 1.31, 0.00, 0.00, 0, 24
ATT, 78505, -4.30, -4.11, 8.74, 9.81, 174.86, 172.88, 0.11, 0.08
RCIN, 78506, 1499, 1761, 1503, 1545, 2005, 1500, 1500, 1500, 0, 0, 0, 0, 0, 0
GPS, 3, 494809000, 1904, 6, 3.54, 12.9918938, 80.2308835, 0.28, 18.07, 1.30, 153.96, -0.06, 78576
CTUN, 78595, 548, 8, 556, 0, 0.3, 1.18, 0.00, 0.00, 0, 30
DU32, 7, 150393
CURR, 78605, 556, 325655, 0, 0, 4523, 0
ATT, 78606, -4.30, -3.38, 8.74, 11.20, 176.06, 174.01, 0.21, 0.07
RCIN, 78606, 1499, 1761, 1503, 1545, 2004, 1500, 1500, 1500, 0, 0, 0, 0, 0, 0
CTUN, 78696, 548, 9, 557, 0, 0.38, 1.26, 0.00, 0.00, 0, 48
ATT, 78705, -4.40, -2.73, 8.74, 11.86, 177.26, 175.17, 0.21, 0.08
RCIN, 78705, 1499, 1761, 1503, 1545, 2005, 1500, 1500, 1500, 0, 0, 0, 0, 0, 0
GPS, 3, 494809200, 1904, 6, 3.54, 12.9918916, 80.2308846, 0.45, 17.97, 1.24, 155.92, -0.07, 78776
CTUN, 78795, 548, 9, 557, 0, 0.47, 1.27, 0.00, 0.00, 0, 29
ATT, 78806, -4.30, -3.62, 8.74, 12.15, 178.46, 176.46, 0.05, 0.07
RCIN, 78806, 1499, 1761, 1503, 1545, 2004, 1500, 1500, 1500, 0, 0, 0, 0, 0, 0
CTUN, 78896, 548, 9, 557, 0, 0.55, 1.29, 0.00, 0.00, 0, 34
ATT, 78905, -4.30, -4.24, 8.74, 11.65, 179.66, 177.79, 0.05, 0.07
RCIN, 78905, 1499, 1761, 1503, 1545, 2004, 1500, 1500, 1500, 0, 0, 0, 0, 0, 0
GPS, 3, 494809400, 1904, 6, 3.54, 12.9918889, 80.2308863, 0.63, 17.88, 1.31, 153.88, -0.06, 78976
CTUN, 78996, 548, 7, 555, 0, 0.65, 1.26, 0.00, 0.00, 0, 50
ATT, 79006, -4.30, -3.48, 8.74, 10.32, 180.86, 179.03, 0.21, 0.07
RCIN, 79006, 1499, 1761, 1503, 1545, 2005, 1500, 1500, 1500, 0, 0, 0, 0, 0, 0
CTUN, 79096, 548, 6, 554, 0, 0.74, 1.40, 0.00, 0.00, 0, 51
ATT, 79105, -4.30, -2.74, 0.00, 9.45, 182.12, 180.60, 0.21, 0.07
RCIN, 79105, 1531, 1654, 1503, 1548, 2004, 1500, 1500, 1500, 0, 0, 0, 0, 0, 0
GPS, 3, 494809600, 1904, 6, 3.54, 12.9918864, 80.2308871, 0.82, 17.87, 1.33, 153.54, -0.06, 79176
CTUN, 79195, 548, 2, 550, 0, 0.85, 1.32, 0.00, 0.00, 0, 65
ATT, 79206, 2.90, -2.11, -7.21, 6.10, 183.52, 182.00, 0.20, 0.06
RCIN, 79206, 1673, 1523, 1503, 1548, 2005, 1500, 1500, 1500, 0, 0, 0, 0, 0, 0
CTUN, 79296, 548, 0, 548, 0, 0.95, 1.38, 0.00, 0.00, 0, 73
ATT, 79305, 17.16, 0.90, -12.36, -1.06, 184.94, 183.24, 0.20, 0.07
RCIN, 79305, 1778, 1500, 1503, 1550, 2004, 1500, 1500, 1500, 0, 0, 0, 0, 0, 0
GPS, 3, 494809800, 1904, 6, 3.55, 12.9918865, 80.2308873, 1.05, 17.75, 0.95, 149.99, -0.04, 79376
CTUN, 79396, 548, 8, 556, 0, 1.07, 1.22, 0.00, 0.00, 0, 98
ATT, 79406, 19.59, 8.43, -12.36, -9.07, 186.70, 183.97, 0.12, 0.09
RCIN, 79406, 1803, 1500, 1503, 1553, 2004, 1500, 1500, 1500, 0, 0, 0, 0, 0, 0
CTUN, 79496, 548, 24, 572, 0, 1.18, 1.18, 0.00, 0.00, 0, 71
ATT, 79505, 19.59, 15.98, -12.36, -12.09, 188.50, 185.36, 0.12, 0.13
RCIN, 79506, 1803, 1500, 1503, 1553, 2004, 1500, 1500, 1500, 0, 0, 0, 0, 0, 0
GPS, 3, 494810000, 1904, 6, 3.55, 12.9918855, 80.2308874, 1.23, 17.65, 0.87, 144.33, -0.02, 79576
CTUN, 79595, 548, 30, 578, 0, 1.25, 1.26, 0.00, 0.00, 0, 53
DU32, 7, 150393
CURR, 79605, 577, 331232, 0, 0, 4452, 0
ATT, 79606, 9.60, 17.72, -12.36, -11.68, 190.30, 187.85, 0.19, 0.12
RCIN, 79606, 1612, 1500, 1503, 1553, 2004, 1500, 1500, 1500, 0, 0, 0, 0, 0, 0
CTUN, 79696, 548, 22, 570, 0, 1.31, 1.21, 0.00, 0.00, 0, 44
ATT, 79706, -4.30, 14.01, -12.36, -11.60, 192.10, 190.16, 0.19, 0.07
RCIN, 79706, 1499, 1500, 1503, 1553, 2004, 1500, 1500, 1500, 0, 0, 0, 0, 0, 0
GPS, 3, 494810200, 1904, 6, 3.55, 12.991886, 80.2308866, 1.35, 17.71, 0.61, 144.33, -0.02, 79776
CTUN, 79795, 548, 9, 557, 0, 1.35, 1.03, 0.00, 0.00, 0, 49
ATT, 79806, -4.30, 4.28, -12.36, -10.80, 193.90, 192.51, 0.41, 0.02
RCIN, 79806, 1499, 1500, 1503, 1553, 2004, 1500, 1500, 1500, 0, 0, 0, 0, 0, 0
CTUN, 79896, 548, 6, 554, 0, 1.4, 0.98, 0.00, 0.00, 0, 63
ATT, 79906, -4.30, -2.57, -12.36, -10.47, 195.70, 194.68, 0.41, 0.02
RCIN, 79906, 1499, 1500, 1503, 1553, 2004, 1500, 1500, 1500, 0, 0, 0, 0, 0, 0
GPS, 3, 494810400, 1904, 6, 3.55, 12.991886, 80.230886, 1.43, 17.74, 0.38, 144.33, -0.01, 79976
CTUN, 79996, 548, 8, 556, 0, 1.43, 1.00, 0.00, 0.00, 0, 49
ATT, 80006, -4.30, -4.26, -12.36, -10.61, 197.50, 196.38, 0.33, 0.03
RCIN, 80006, 1499, 1500, 1503, 1553, 2005, 1500, 1500, 1500, 0, 0, 0, 0, 0, 0
CTUN, 80096, 548, 8, 556, 0, 1.45, 0.95, 0.00, 0.00, 0, 20
ATT, 80105, -4.30, -4.61, -12.36, -10.68, 199.30, 198.26, 0.33, 0.03
RCIN, 80105, 1499, 1500, 1503, 1553, 2005, 1500, 1500, 1500, 0, 0, 0, 0, 0, 0
GPS, 3, 494810600, 1904, 6, 3.55, 12.9918851, 80.230885, 1.43, 17.43, 0.26, 144.33, 0.03, 80176
CTUN, 80196, 548, 8, 556, 0, 1.43, 0.94, 0.00, 0.00, 0, 0
ATT, 80206, -4.30, -5.09, -12.36, -10.83, 201.10, 200.11, 0.26, 0.02
RCIN, 80206, 1499, 1500, 1503, 1553, 2005, 1500, 1500, 1500, 0, 0, 0, 0, 0, 0
CTUN, 80296, 548, 8, 556, 0, 1.38, 1.00, 0.00, 0.00, 0, -23
ATT, 80305, 0.00, -4.79, -12.36, -10.20, 202.90, 201.81, 0.26, 0.02
RCIN, 80305, 1565, 1500, 1503, 1553, 2004, 1500, 1500, 1500, 0, 0, 0, 0, 0, 0
GPS, 3, 494810800, 1904, 6, 3.55, 12.9918865, 80.2308822, 1.34, 17.62, 0.26, 144.33, 0.03, 80376
CTUN, 80396, 548, 5, 553, 0, 1.32, 1.10, 0.00, 0.00, 0, -39
ATT, 80406, -1.02, -2.40, -4.15, -9.41, 204.70, 203.46, 0.03, 0.02
RCIN, 80407, 1531, 1605, 1503, 1553, 2004, 1500, 1500, 1500, 0, 0, 0, 0, 0, 0
CTUN, 80496, 548, 3, 551, 0, 1.26, 1.12, 0.00, 0.00, 0, -55
ATT, 80505, -1.23, -1.22, 3.33, -6.95, 206.50, 205.37, 0.03, 0.01
RCIN, 80506, 1529, 1714, 1503, 1553, 2005, 1500, 1500, 1500, 0, 0, 0, 0, 0, 0
GPS, 3, 494811000, 1904, 6, 3.55, 12.9918877, 80.230879, 1.20, 17.42, 0.62, 144.33, 0.07, 80576
CTUN, 80595, 548, 0, 548, 0, 1.18, 1.00, 0.00, 0.00, 0, -57
DU32, 7, 150393
CURR, 80605, 548, 336798, 0, 0, 4487, 0
ATT, 80606, -4.30, -1.28, 11.85, 0.08, 208.30, 207.39, 0.26, 0.00
RCIN, 80606, 1499, 1788, 1503, 1553, 2004, 1500, 1500, 1500, 0, 0, 0, 0, 0, 0
CTUN, 80696, 548, 4, 552, 0, 1.12, 0.92, 0.00, 0.00, 0, -28
ATT, 80705, -4.30, -2.20, 12.65, 9.04, 210.10, 209.39, 0.26, 0.03
RCIN, 80706, 1499, 1795, 1503, 1553, 2004, 1500, 1500, 1500, 0, 0, 0, 0, 0, 0
GPS, 3, 494811200, 1904, 6, 3.55, 12.9918891, 80.2308772, 1.07, 17.17, 0.79, 207.60, 0.08, 80776
CTUN, 80795, 548, 12, 560, 0, 1.05, 0.83, 0.00, 0.00, 0, -59
ATT, 80806, -4.30, -3.19, 12.42, 13.73, 211.90, 211.18, 0.07, 0.02
RCIN, 80806, 1499, 1790, 1503, 1553, 2005, 1500, 1500, 1500, 0, 0, 0, 0, 0, 0
CTUN, 80896, 548, 15, 563, 0, 0.98, 0.93, 0.00, 0.00, 0, -39
ATT, 80906, -4.30, -4.51, 10.12, 14.96, 213.70, 212.92, 0.07, 0.02
RCIN, 80906, 1499, 1774, 1503, 1553, 2004, 1500, 1500, 1500, 0, 0, 0, 0, 0, 0
GPS, 3, 494811400, 1904, 6, 3.55, 12.9918897, 80.2308761, 0.93, 17.36, 0.72, 207.60, 0.05, 80976
CTUN, 80996, 548, 15, 563, 0, 0.92, 0.84, 0.00, 0.00, 0, -45
ATT, 81005, -4.30, -4.64, 9.09, 14.75, 215.50, 214.66, 0.25, 0.02
RCIN, 81006, 1499, 1764, 1503, 1553, 2005, 1500, 1500, 1500, 0, 0, 0, 0, 0, 0
CTUN, 81096, 548, 11, 559, 0, 0.86, 0.68, 0.00, 0.00, 0, -39
ATT, 81106, -4.30, -4.57, 8.63, 11.94, 217.30, 216.53, 0.25, 0.03
RCIN, 81106, 1499, 1760, 1503, 1553, 2004, 1500, 1500, 1500, 0, 0, 0, 0, 0, 0
GPS, 3, 494811600, 1904, 6, 3.55, 12.9918892, 80.2308743, 0.82, 17.39, 0.81, 207.60, 0.04, 81176
CTUN, 81196, 548, 6, 554, 0, 0.81, 0.79, 0.00, 0.00, 0, -36
ATT, 81206, -4.30, -4.61, 5.17, 9.04, 219.10, 218.38, 0.32, 0.03
RCIN, 81206, 1499, 1718, 1503, 1553, 2005, 1500, 1500, 1500, 0, 0, 0, 0, 0, 0
CTUN, 81295, 548, 3, 551, 0, 0.76, 0.65, 0.00, 0.00, 0, -53
ATT, 81305, -4.30, -4.95, 0.00, 6.04, 220.90, 219.99, 0.32, 0.03
RCIN, 81305, 1472, 1610, 1503, 1553, 2005, 1500, 1500, 1500, 0, 0, 0, 0, 0, 0
GPS, 3, 494811800, 1904, 6, 3.55, 12.9918857, 80.2308748, 0.71, 17.02, 0.52, 207.60, 0.08, 81377
CTUN, 81396, 548, 1, 549, 0, 0.69, 0.45, 0.00, 0.00, 0, -55
ATT, 81406, -7.99, -5.82, -3.85, 1.43, 222.70, 221.79, 0.26, 0.04
RCIN, 81407, 1463, 1586, 1503, 1553, 2004, 1500, 1500, 1500, 0, 0, 0, 0, 0, 0
CTUN, 81496, 548, 3, 551, 0, 0.62, 0.50, 0.00, 0.00, 0, -67
ATT, 81505, -7.27, -7.90, -4.84, -2.54, 224.50, 223.36, 0.26, 0.04
RCIN, 81506, 1470, 1576, 1503, 1553, 2004, 1500, 1500, 1500, 0, 0, 0, 0, 0, 0
GPS, 3, 494812000, 1904, 6, 3.55, 12.9918831, 80.2308753, 0.55, 16.77, 0.42, 207.60, 0.09999999, 81576
CTUN, 81596, 539, 6, 545, 0, 0.54, 0.56, 0.00, 0.00, 0, -58
DU32, 7, 150393
CURR, 81606, 545, 342352, 0, 0, 4469, 0
ATT, 81607, -7.07, -9.05, 0.00, -5.18, 226.10, 225.21, 0.29, 0.04
RCIN, 81607, 1472, 1643, 1492, 1549, 2004, 1500, 1500, 1500, 0, 0, 0, 0, 0, 0
CTUN, 81696, 539, 6, 545, 0, 0.47, 0.48, 0.00, 0.00, 0, -66
ATT, 81705, -9.53, -8.05, 0.00, -5.50, 227.60, 226.67, 0.29, 0.05
RCIN, 81706, 1405, 1623, 1492, 1549, 2004, 1500, 1500, 1500, 0, 0, 0, 0, 0, 0
GPS, 3, 494812200, 1904, 6, 3.55, 12.9918807, 80.2308764, 0.42, 16.37, 0.31, 207.60, 0.14, 81776
CTUN, 81795, 539, 4, 543, 0, 0.41, 0.39, 0.00, 0.00, 0, -44
ATT, 81805, -19.47, -7.86, -5.24, -3.39, 229.10, 228.06, 0.11, 0.06
RCIN, 81806, 1351, 1572, 1491, 1549, 2004, 1500, 1500, 1500, 0, 0, 0, 0, 0, 0
CTUN, 81896, 539, 10, 549, 0, 0.34, 0.39, 0.00, 0.00, 0, -45
ATT, 81906, -20.19, -12.85, -6.13, -3.80, 230.60, 229.46, 0.11, 0.08
RCIN, 81906, 1344, 1563, 1492, 1549, 2004, 1500, 1500, 1500, 0, 0, 0, 0, 0, 0
GPS, 3, 494812400, 1904, 6, 3.55, 12.9918792, 80.230877, 0.30, 16.21, 0.32, 207.60, 0.16, 81976
CTUN, 81996, 539, 20, 559, 0, 0.29, 0.19, 0.00, 0.00, 0, -31
ATT, 82006, -20.19, -16.64, -6.42, -6.85, 232.10, 231.61, 0.19, 0.06
RCIN, 82006, 1344, 1553, 1492, 1549, 2004, 1500, 1500, 1500, 0, 0, 0, 0, 0, 0
CTUN, 82097, 539, 24, 563, 0, 0.25, 0.21, 0.00, 0.00, 0, -38
ATT, 82107, -20.29, -17.19, -12.36, -8.93, 233.60, 233.71, 0.19, 0.06
RCIN, 82107, 1343, 1500, 1503, 1549, 2005, 1500, 1500, 1500, 0, 0, 0, 0, 0, 0
GPS, 3, 494812600, 1904, 6, 3.55, 12.9918802, 80.2308762, 0.22, 16.15, 0.08, 207.60, 0.15, 82176
CTUN, 82196, 548, 29, 577, 0, 0.21, 0.28, 0.00, 0.00, 0, -42
ATT, 82206, -4.30, -17.86, -4.94, -11.24, 235.10, 235.73, 0.44, 0.06
RCIN, 82206, 1499, 1575, 1503, 1549, 2005, 1500, 1500, 1500, 0, 0, 0, 0, 0, 0
CTUN, 82296, 305, 21, 491, 0, 0.17, 0.01, 0.00, 0.00, 0, -33
ATT, 82307, -4.30, -13.36, -23.53, -13.94, 236.63, 238.19, 0.44, 0.04
RCIN, 82307, 1498, 1387, 1230, 1550, 2004, 1500, 1500, 1500, 0, 0, 0, 0, 0, 0
GPS, 3, 494812800, 1904, 6, 3.55, 12.9918782, 80.2308765, 0.13, 16.15, 0.26, 207.60, 0.14, 82375
CTUN, 82395, 0, 0, 0, 0, 0.11, -0.15, 0.00, 0.00, 0, -63
ATT, 82405, -4.30, -5.57, -16.81, -10.73, 239.95, 239.95, 0.11, 0.01
RCIN, 82405, 1499, 1500, 993, 1585, 2004, 1500, 1500, 1500, 0, 0, 0, 0, 0, 0
CTUN, 82494, 0, 0, 0, 0, 0.02, -0.15, 0.00, 0.00, 0, -75
ATT, 82504, -4.30, 1.03, -16.81, -7.99, 242.12, 242.12, 0.11, 0.01
RCIN, 82504, 1499, 1500, 993, 1585, 2004, 1500, 1500, 1500, 0, 0, 0, 0, 0, 0
GPS, 3, 494813000, 1904, 6, 3.55, 12.9918749, 80.2308776, -0.03, 15.99, 0.55, 207.60, 0.15, 82575
CTUN, 82595, 0, 0, 0, 0, -0.02, -1.06, 0.00, 0.00, 0, 24
DU32, 7, 150393
CURR, 82605, 0, 346233, 0, 0, 4523, 0
ATT, 82606, -4.30, -1.08, -16.81, 0.89, 246.89, 246.89, 0.33, 0.02
RCIN, 82606, 1499, 1500, 993, 1585, 2005, 1500, 1500, 1500, 0, 0, 0, 0, 0, 0
CTUN, 82694, 0, 0, 0, 0, -0.08, -0.40, 0.00, 0.00, 0, -13
ATT, 82704, -4.30, -1.03, -16.81, 2.20, 251.44, 251.44, 0.33, 0.08
RCIN, 82704, 1498, 1500, 993, 1585, 2004, 1500, 1500, 1500, 0, 0, 0, 0, 0, 0
GPS, 3, 494813200, 1904, 6, 3.55, 12.9918707, 80.2308787, -0.08, 15.68, 0.84, 189.94, 0.17, 82795
CTUN, 82796, 0, 0, 0, 0, -0.08, -0.39, 0.00, 0.00, 0, 13
ATT, 82807, -4.30, -0.76, -16.81, 1.50, 255.04, 255.04, 0.24, 0.08
RCIN, 82807, 1499, 1500, 993, 1585, 2004, 1500, 1500, 1500, 0, 0, 0, 0, 0, 0
CTUN, 82895, 0, 0, 0, 0, -0.1, -0.33, 0.00, 0.00, 0, 0
ATT, 82904, -4.30, -0.77, -16.81, 1.29, 258.34, 258.34, 0.24, 0.06
RCIN, 82905, 1499, 1500, 993, 1585, 2005, 1500, 1500, 1500, 0, 0, 0, 0, 0, 0
GPS, 3, 494813400, 1904, 6, 3.55, 12.9918689, 80.2308788, -0.11, 15.55, 0.75, 189.94, 0.17, 82993
CTUN, 82995, 0, 0, 0, 0, -0.11, -0.47, 0.00, 0.00, 0, -2
ATT, 83006, -4.30, -0.57, -16.81, 1.16, 261.20, 261.20, 0.17, 0.02
RCIN, 83006, 1499, 1500, 993, 1587, 2004, 1500, 1500, 1500, 0, 0, 0, 0, 0, 0
CTUN, 83095, 0, 0, 0, 0, -0.14, -0.47, 0.00, 0.00, 0, -2
ATT, 83105, -4.30, -0.75, -16.81, 1.03, 263.33, 263.33, 0.17, 0.02
RCIN, 83105, 1499, 1500, 993, 1587, 2004, 1500, 1500, 1500, 0, 0, 0, 0, 0, 0
EV, 17
GPS, 3, 494813600, 1904, 6, 3.55, 12.9918652, 80.2308798, -0.16, 15.23, 0.91, 182.29, 0.21, 83175
CTUN, 83194, 0, 0, 0, 0, -0.16, -0.34, 0.00, 0.00, 0, -2
ATT, 83204, -4.30, -0.86, -16.81, 0.93, 264.92, 264.92, 0.38, 0.05
RCIN, 83205, 1499, 1500, 993, 1587, 2005, 1500, 1500, 1500, 0, 0, 0, 0, 0, 0
CTUN, 83295, 0, 0, 0, 0, -0.19, -0.33, 0.00, 0.00, 0, -34
ATT, 83305, -4.30, -0.86, -16.81, 0.93, 266.71, 266.71, 0.38, 0.05
RCIN, 83305, 1499, 1500, 993, 1587, 2005, 1500, 1500, 1500, 0, 0, 0, 0, 0, 0
GPS, 3, 494813800, 1904, 6, 3.55, 12.9918646, 80.2308798, -0.23, 15.00, 0.59, 182.29, 0.24, 83375
CTUN, 83395, 0, 0, 0, 0, -0.24, -0.38, 0.00, 0.00, 0, -55
ATT, 83405, -4.30, 0.28, -16.81, 0.33, 273.69, 273.69, 0.11, 0.08
RCIN, 83405, 1499, 1500, 993, 1585, 2004, 1500, 1500, 1500, 0, 0, 0, 0, 0, 0
CTUN, 83494, 0, 0, 0, 0, -0.3, -0.27, 0.00, 0.00, 0, -50
ATT, 83505, -4.30, 0.10, -16.81, 0.32, 274.01, 274.01, 0.11, 0.00
RCIN, 83506, 1499, 1500, 993, 1585, 2004, 1500, 1500, 1500, 0, 0, 0, 0, 0, 0
GPS, 3, 494814000, 1904, 6, 3.55, 12.991869, 80.2308774, -0.34, 14.73, 0.42, 182.29, 0.27, 83576
CTUN, 83595, 0, 0, 0, 0, -0.35, -0.36, 0.00, 0.00, 0, -50
DU32, 7, 674649
CURR, 83605, 0, 346233, 0, 0, 4452, 0
ATT, 83606, -4.30, 0.06, -16.81, 0.37, 274.03, 274.03, 0.31, 0.01
RCIN, 83606, 1499, 1500, 993, 1587, 2004, 1500, 1500, 1500, 0, 0, 0, 0, 0, 0
CTUN, 83694, 0, 0, 0, 0, -0.4, -0.29, 0.00, 0.00, 0, -50
ATT, 83704, -4.30, -0.08, -16.81, 0.30, 274.04, 274.04, 0.31, 0.01
RCIN, 83704, 1499, 1500, 993, 1585, 2005, 1500, 1500, 1500, 0, 0, 0, 0, 0, 0
GPS, 3, 494814200, 1904, 6, 3.55, 12.9918731, 80.2308753, -0.44, 14.65, 1.01, 274.65, 0.27, 83776
CTUN, 83795, 0, 0, 0, 0, -0.45, -0.30, 0.00, 0.00, 0, -49
ATT, 83805, -4.30, -0.15, -16.81, 0.23, 274.06, 274.06, 0.23, 0.01
RCIN, 83806, 1499, 1500, 993, 1585, 2004, 1500, 1500, 1500, 0, 0, 0, 0, 0, 0
CTUN, 83894, 0, 0, 0, 0, -0.5, -0.36, 0.00, 0.00, 0, -50
ATT, 83904, -4.30, 0.00, -16.81, 0.19, 274.07, 274.07, 0.23, 0.01
RCIN, 83905, 1499, 1500, 993, 1585, 2004, 1500, 1500, 1500, 0, 0, 0, 0, 0, 0
GPS, 3, 494814400, 1904, 6, 3.55, 12.9918762, 80.2308739, -0.55, 14.62, 1.28, 311.18, 0.26, 83995
CTUN, 83996, 0, 0, 0, 0, -0.55, -0.31, 0.00, 0.00, 0, -51
ATT, 84008, -4.30, 0.11, -16.81, 0.14, 274.09, 274.09, 0.10, 0.00
RCIN, 84008, 1499, 1500, 993, 1505, 2005, 1500, 1500, 1500, 0, 0, 0, 0, 0, 0
CTUN, 84095, 0, 0, 0, 0, -0.59, -0.29, 0.00, 0.00, 0, -51
ATT, 84105, -4.30, 0.14, -16.81, 0.10, 274.09, 274.09, 0.10, 0.00
RCIN, 84106, 1499, 1500, 993, 1505, 2004, 1500, 1500, 1500, 0, 0, 0, 0, 0, 0
GPS, 3, 494814600, 1904, 6, 3.55, 12.9918787, 80.2308727, -0.62, 14.62, 1.37, 323.02, 0.25, 84176
CTUN, 84195, 0, 0, 0, 0, -0.63, -0.42, 0.00, 0.00, 0, -52
ATT, 84206, -4.30, 0.16, -16.81, 0.06, 274.10, 274.10, 0.04, 0.00
RCIN, 84206, 1499, 1500, 993, 1505, 2005, 1500, 1500, 1500, 0, 0, 0, 0, 0, 0
CTUN, 84295, 0, 0, 0, 0, -0.67, -0.32, 0.00, 0.00, 0, -52
ATT, 84305, -4.30, 0.16, -16.81, 0.03, 274.11, 274.11, 0.04, 0.01
RCIN, 84305, 1499, 1500, 993, 1505, 2004, 1500, 1500, 1500, 0, 0, 0, 0, 0, 0
GPS, 3, 494814800, 1904, 6, 3.55, 12.9918787, 80.2308728, -0.70, 14.55, 1.04, 326.49, 0.24, 84376
CTUN, 84395, 0, 0, 0, 0, -0.7, -0.39, 0.00, 0.00, 0, -52
ATT, 84406, -4.30, 0.16, -16.81, 0.02, 274.12, 274.12, 0.18, 0.01
RCIN, 84406, 1499, 1500, 993, 1505, 2005, 1500, 1500, 1500, 0, 0, 0, 0, 0, 0
CTUN, 84496, 0, 0, 0, 0, -0.74, -0.33, 0.00, 0.00, 0, -52
ATT, 84505, -4.30, 0.06, -16.81, 0.06, 274.13, 274.13, 0.18, 0.00
RCIN, 84506, 1499, 1500, 993, 1505, 2004, 1500, 1500, 1500, 0, 0, 0, 0, 0, 0
GPS, 3, 494815000, 1904, 6, 3.55, 12.9918788, 80.230873, -0.78, 14.50, 0.82, 328.97, 0.23, 84595
CTUN, 84596, 0, 0, 0, 0, -0.78, -0.45, 0.00, 0.00, 0, -52
DU32, 7, 674649
CURR, 84607, 0, 346233, 0, 0, 4505, 0
ATT, 84608, -4.30, -0.04, -16.81, 0.10, 274.15, 274.15, 0.12, 0.01
RCIN, 84608, 1499, 1500, 993, 1504, 2005, 1500, 1500, 1500, 0, 0, 0, 0, 0, 0
CTUN, 84695, 0, 0, 0, 0, -0.81, -0.27, 0.00, 0.00, 0, -53
ATT, 84705, -4.30, -0.11, -16.81, 0.12, 274.16, 274.16, 0.12, 0.01
RCIN, 84706, 1499, 1500, 993, 1505, 2004, 1500, 1500, 1500, 0, 0, 0, 0, 0, 0
GPS, 3, 494815200, 1904, 6, 3.55, 12.9918792, 80.2308729, -0.84, 14.42, 0.70, 330.51, 0.23, 84794
CTUN, 84796, 0, 0, 0, 0, -0.84, -0.38, 0.00, 0.00, 0, -52
ATT, 84807, -4.30, -0.18, -16.81, 0.15, 274.17, 274.17, 0.08, 0.01
RCIN, 84807, 1499, 1500, 993, 1505, 2005, 1500, 1500, 1500, 0, 0, 0, 0, 0, 0
CTUN, 84895, 0, 0, 0, 0, -0.87, -0.41, 0.00, 0.00, 0, -52
ATT, 84905, -4.30, -0.23, -16.81, 0.15, 274.18, 274.18, 0.08, 0.01
RCIN, 84905, 1498, 1500, 993, 1505, 2004, 1500, 1500, 1500, 0, 0, 0, 0, 0, 0
GPS, 3, 494815400, 1904, 6, 3.55, 12.9918793, 80.230873, -0.90, 14.34, 0.57, 330.51, 0.22, 84995
CTUN, 84996, 0, 0, 0, 0, -0.9, -0.37, 0.00, 0.00, 0, -52
ATT, 85007, -4.30, -0.28, -16.81, 0.16, 274.19, 274.19, 0.08, 0.01
RCIN, 85008, 1499, 1500, 993, 1505, 2004, 1500, 1500, 1500, 0, 0, 0, 0, 0, 0
CTUN, 85095, 0, 0, 0, 0, -0.92, -0.30, 0.00, 0.00, 0, -52
ATT, 85105, -4.30, -0.34, -16.81, 0.17, 274.21, 274.21, 0.08, 0.01
RCIN, 85105, 1499, 1500, 993, 1505, 2004, 1500, 1500, 1500, 0, 0, 0, 0, 0, 0
GPS, 3, 494815600, 1904, 6, 3.55, 12.9918788, 80.2308732, -0.94, 14.28, 0.39, 330.51, 0.22, 85195
CTUN, 85197, 0, 0, 0, 0, -0.94, -0.52, 0.00, 0.00, 0, -52
ATT, 85208, -4.30, -0.39, -16.81, 0.18, 274.22, 274.22, 0.11, 0.00
RCIN, 85208, 1499, 1500, 993, 1505, 2005, 1500, 1500, 1500, 0, 0, 0, 0, 0, 0
CTUN, 85295, 0, 0, 0, 0, -0.97, -0.42, 0.00, 0.00, 0, -52
ATT, 85305, -4.30, -0.46, -16.81, 0.19, 274.22, 274.22, 0.11, 0.01
RCIN, 85306, 1499, 1500, 993, 1505, 2004, 1500, 1500, 1500, 0, 0, 0, 0, 0, 0
GPS, 3, 494815800, 1904, 6, 3.55, 12.9918784, 80.2308732, -1.00, 14.19, 0.29, 330.51, 0.22, 85395
CTUN, 85396, 0, 0, 0, 0, -1, -0.29, 0.00, 0.00, 0, -52
ATT, 85407, -4.30, -0.53, -16.81, 0.20, 274.24, 274.24, 0.07, 0.00
RCIN, 85408, 1499, 1500, 993, 1505, 2004, 1500, 1500, 1500, 0, 0, 0, 0, 0, 0
CTUN, 85495, 0, 0, 0, 0, -1.01, -0.44, 0.00, 0.00, 0, -52
ATT, 85505, -4.30, -0.58, -16.81, 0.20, 274.24, 274.24, 0.07, 0.00
RCIN, 85506, 1499, 1500, 993, 1505, 2005, 1500, 1500, 1500, 0, 0, 0, 0, 0, 0
GPS, 3, 494816000, 1904, 6, 3.55, 12.9918778, 80.2308728, -1.03, 14.02, 0.31, 330.51, 0.22, 85595
CTUN, 85596, 0, 0, 0, 0, -1.03, -0.40, 0.00, 0.00, 0, -52
DU32, 7, 674649
CURR, 85607, 0, 346233, 0, 0, 4487, 0
ATT, 85608, -4.30, -0.62, -16.81, 0.20, 274.26, 274.26, 0.09, 0.00
RCIN, 85608, 1499, 1500, 993, 1505, 2004, 1500, 1500, 1500, 0, 0, 0, 0, 0, 0
CTUN, 85696, 0, 0, 0, 0, -1.05, -0.40, 0.00, 0.00, 0, -52
ATT, 85706, -4.30, -0.67, -16.81, 0.16, 274.27, 274.27, 0.09, 0.00
RCIN, 85706, 1499, 1500, 993, 1505, 2004, 1500, 1500, 1500, 0, 0, 0, 0, 0, 0
GPS, 3, 494816200, 1904, 6, 3.55, 12.9918776, 80.2308728, -1.07, 13.89, 0.26, 330.51, 0.23, 85795
CTUN, 85796, 0, 0, 0, 0, -1.07, -0.32, 0.00, 0.00, 0, -51
ATT, 85807, -4.30, -0.71, -16.81, 0.13, 274.28, 274.28, 0.02, 0.00
RCIN, 85808, 1499, 1500, 993, 1505, 2005, 1500, 1500, 1500, 0, 0, 0, 0, 0, 0
CTUN, 85895, 0, 0, 0, 0, -1.08, -0.49, 0.00, 0.00, 0, -51
ATT, 85906, -4.30, -0.73, -16.81, 0.14, 274.28, 274.28, 0.02, 0.01
RCIN, 85906, 1499, 1500, 993, 1505, 2004, 1500, 1500, 1500, 0, 0, 0, 0, 0, 0
GPS, 3, 494816400, 1904, 6, 3.55, 12.9918764, 80.2308739, -1.10, 14.03, 0.04, 330.51, 0.18, 85995
CTUN, 85996, 0, 0, 0, 0, -1.1, -0.39, 0.00, 0.00, 0, -51
ATT, 86007, -4.30, -0.74, -16.81, 0.14, 274.30, 274.30, 0.14, 0.00
RCIN, 86008, 1499, 1500, 993, 1505, 2005, 1500, 1500, 1500, 0, 0, 0, 0, 0, 0
CTUN, 86095, 0, 0, 0, 0, -1.11, -0.52, 0.00, 0.00, 0, -50
ATT, 86105, -4.30, -0.80, -16.81, 0.20, 274.31, 274.31, 0.14, 0.01
RCIN, 86105, 1499, 1500, 993, 1505, 2004, 1500, 1500, 1500, 0, 0, 0, 0, 0, 0
GPS, 3, 494816600, 1904, 6, 3.55, 12.9918757, 80.2308743, -1.13, 13.90, 0.13, 330.51, 0.16, 86195
CTUN, 86196, 0, 0, 0, 0, -1.13, -0.40, 0.00, 0.00, 0, -50
ATT, 86208, -4.30, -0.86, -16.81, 0.26, 274.32, 274.32, 0.05, 0.00
RCIN, 86208, 1499, 1500, 993, 1505, 2004, 1500, 1500, 1500, 0, 0, 0, 0, 0, 0
CTUN, 86295, 0, 0, 0, 0, -1.14, -0.38, 0.00, 0.00, 0, -50
ATT, 86305, -4.30, -0.89, -16.81, 0.27, 274.33, 274.33, 0.05, 0.00
RCIN, 86305, 1499, 1500, 993, 1505, 2005, 1500, 1500, 1500, 0, 0, 0, 0, 0, 0
GPS, 3, 494816800, 1904, 6, 3.55, 12.9918759, 80.2308748, -1.15, 13.80, 0.09, 330.51, 0.16, 86395
CTUN, 86397, 0, 0, 0, 0, -1.15, -0.39, 0.00, 0.00, 0, -49
ATT, 86408, -4.30, -0.92, -16.81, 0.28, 274.34, 274.34, 0.04, 0.00
RCIN, 86408, 1499, 1500, 993, 1505, 2004, 1500, 1500, 1500, 0, 0, 0, 0, 0, 0
CTUN, 86496, 0, 0, 0, 0, -1.16, -0.42, 0.00, 0.00, 0, -49
ATT, 86505, -4.30, -0.90, -16.81, 0.28, 274.35, 274.35, 0.04, 0.01
RCIN, 86505, 1499, 1500, 993, 1505, 2004, 1500, 1500, 1500, 0, 0, 0, 0, 0, 0
GPS, 3, 494817000, 1904, 6, 3.55, 12.9918759, 80.2308752, -1.17, 13.69, 0.08, 330.51, 0.16, 86595
CTUN, 86596, 0, 0, 0, 0, -1.17, -0.41, 0.00, 0.00, 0, -48
DU32, 7, 674649
CURR, 86607, 0, 346233, 0, 0, 4487, 0
ATT, 86608, -4.30, -0.88, -16.81, 0.27, 274.36, 274.36, 0.03, 0.00
RCIN, 86608, 1499, 1500, 993, 1505, 2004, 1500, 1500, 1500, 0, 0, 0, 0, 0, 0
CTUN, 86696, 0, 0, 0, 0, -1.18, -0.42, 0.00, 0.00, 0, -48
ATT, 86706, -4.30, -0.89, -16.81, 0.26, 274.37, 274.37, 0.03, 0.00
RCIN, 86706, 1499, 1500, 993, 1505, 2005, 1500, 1500, 1500, 0, 0, 0, 0, 0, 0
GPS, 3, 494817200, 1904, 6, 3.55, 12.9918757, 80.2308757, -1.18, 13.67, 0.12, 330.51, 0.14, 86795
CTUN, 86796, 0, 0, 0, 0, -1.18, -0.40, 0.00, 0.00, 0, -48
ATT, 86807, -4.30, -0.89, -16.81, 0.24, 274.38, 274.38, 0.04, 0.00
RCIN, 86807, 1499, 1500, 993, 1505, 2004, 1500, 1500, 1500, 0, 0, 0, 0, 0, 0
CTUN, 86896, 0, 0, 0, 0, -1.19, -0.37, 0.00, 0.00, 0, -47
ATT, 86906, -4.30, -0.93, -16.81, 0.25, 274.38, 274.38, 0.04, 0.00
RCIN, 86906, 1499, 1500, 993, 1505, 2004, 1500, 1500, 1500, 0, 0, 0, 0, 0, 0
GPS, 3, 494817400, 1904, 6, 3.55, 12.9918749, 80.2308765, -1.19, 13.62, 0.19, 330.51, 0.14, 86995
CTUN, 86996, 0, 0, 0, 0, -1.19, -0.51, 0.00, 0.00, 0, -47
ATT, 87007, -4.30, -0.96, -16.81, 0.26, 274.39, 274.39, 0.06, 0.00
RCIN, 87007, 1499, 1500, 993, 1505, 2004, 1500, 1500, 1500, 0, 0, 0, 0, 0, 0
CTUN, 87095, 0, 0, 0, 0, -1.2, -0.49, 0.00, 0.00, 0, -46
ATT, 87106, -4.30, -1.00, -16.81, 0.27, 274.41, 274.41, 0.06, 0.01
RCIN, 87107, 1499, 1500, 993, 1505, 2004, 1500, 1500, 1500, 0, 0, 0, 0, 0, 0
GPS, 3, 494817600, 1904, 6, 3.55, 12.9918744, 80.230877, -1.21, 13.59, 0.19, 330.51, 0.13, 87195
CTUN, 87197, 0, 0, 0, 0, -1.21, -0.44, 0.00, 0.00, 0, -46
ATT, 87207, -4.30, -1.04, -16.81, 0.28, 274.42, 274.42, 0.03, 0.00
RCIN, 87208, 1499, 1500, 993, 1505, 2005, 1500, 1500, 1500, 0, 0, 0, 0, 0, 0
CTUN, 87295, 0, 0, 0, 0, -1.21, -0.41, 0.00, 0.00, 0, -45
ATT, 87305, -4.30, -1.06, -16.81, 0.27, 274.43, 274.43, 0.03, 0.00
RCIN, 87305, 1499, 1500, 993, 1505, 2004, 1500, 1500, 1500, 0, 0, 0, 0, 0, 0
GPS, 3, 494817800, 1904, 6, 3.55, 12.9918741, 80.2308775, -1.21, 13.54, 0.18, 330.51, 0.12, 87396
CTUN, 87397, 0, 0, 0, 0, -1.21, -0.56, 0.00, 0.00, 0, -45
ATT, 87408, -4.30, -1.08, -16.81, 0.26, 274.44, 274.44, 0.03, 0.00
RCIN, 87408, 1499, 1500, 993, 1505, 2004, 1500, 1500, 1500, 0, 0, 0, 0, 0, 0
CTUN, 87495, 0, 0, 0, 0, -1.22, -0.36, 0.00, 0.00, 0, -44
ATT, 87505, -4.30, -1.09, -16.81, 0.25, 274.45, 274.45, 0.03, 0.00
RCIN, 87505, 1499, 1500, 993, 1505, 2004, 1500, 1500, 1500, 0, 0, 0, 0, 0, 0
PM, 32, 1000, 11808, 0, 0, 0, 0
GPS, 3, 494818000, 1904, 6, 3.55, 12.991874, 80.2308778, -1.22, 13.49, 0.09, 330.51, 0.12, 87596
CTUN, 87597, 0, 0, 0, 0, -1.22, -0.44, 0.00, 0.00, 0, -44
DU32, 7, 674649
CURR, 87608, 0, 346233, 0, 0, 4505, 0
ATT, 87609, -4.30, -1.10, -16.81, 0.24, 274.46, 274.46, 0.05, 0.00
RCIN, 87609, 1499, 1500, 993, 1505, 2004, 1500, 1500, 1500, 0, 0, 0, 0, 0, 0
CTUN, 87697, 0, 0, 0, 0, -1.22, -0.52, 0.00, 0.00, 0, -43
ATT, 87706, -4.30, -1.10, -16.81, 0.21, 274.47, 274.47, 0.05, 0.00
RCIN, 87707, 1499, 1500, 993, 1505, 2004, 1500, 1500, 1500, 0, 0, 0, 0, 0, 0
GPS, 3, 494818200, 1904, 6, 3.55, 12.9918745, 80.2308778, -1.22, 13.48, 0.04, 330.51, 0.11, 87796
CTUN, 87798, 0, 0, 0, 0, -1.22, -0.42, 0.00, 0.00, 0, -43
ATT, 87808, -4.30, -1.09, -16.81, 0.18, 274.47, 274.47, 0.05, 0.00
RCIN, 87809, 1499, 1500, 993, 1505, 2004, 1500, 1500, 1500, 0, 0, 0, 0, 0, 0
CTUN, 87897, 0, 0, 0, 0, -1.22, -0.38, 0.00, 0.00, 0, -42
ATT, 87907, -4.30, -1.08, -16.81, 0.16, 274.49, 274.49, 0.05, 0.00
RCIN, 87907, 1499, 1500, 992, 1505, 2005, 1500, 1500, 1500, 0, 0, 0, 0, 0, 0
GPS, 3, 494818400, 1904, 6, 3.55, 12.9918748, 80.2308778, -1.22, 13.42, 0.12, 330.51, 0.11, 87996
CTUN, 87998, 0, 0, 0, 0, -1.22, -0.49, 0.00, 0.00, 0, -42
ATT, 88008, -4.30, -1.06, -16.81, 0.14, 274.50, 274.50, 0.05, 0.00
RCIN, 88009, 1499, 1500, 993, 1505, 2004, 1500, 1500, 1500, 0, 0, 0, 0, 0, 0
CTUN, 88097, 0, 0, 0, 0, -1.22, -0.41, 0.00, 0.00, 0, -41
ATT, 88106, -4.30, -1.06, -16.81, 0.12, 274.50, 274.50, 0.05, 0.00
RCIN, 88107, 1499, 1500, 993, 1505, 2005, 1500, 1500, 1500, 0, 0, 0, 0, 0, 0
GPS, 3, 494818600, 1904, 6, 3.55, 12.9918742, 80.2308781, -1.22, 13.31, 0.08, 330.51, 0.12, 88196
CTUN, 88198, 0, 0, 0, 0, -1.22, -0.36, 0.00, 0.00, 0, -40
ATT, 88209, -4.30, -1.05, -16.81, 0.10, 274.52, 274.52, 0.04, 0.00
RCIN, 88209, 1499, 1500, 993, 1505, 2004, 1500, 1500, 1500, 0, 0, 0, 0, 0, 0
CTUN, 88297, 0, 0, 0, 0, -1.21, -0.47, 0.00, 0.00, 0, -40
ATT, 88306, -4.30, -1.08, -16.81, 0.09, 274.53, 274.53, 0.04, 0.00
RCIN, 88307, 1499, 1500, 993, 1505, 2005, 1500, 1500, 1500, 0, 0, 0, 0, 0, 0
GPS, 3, 494818800, 1904, 6, 3.55, 12.9918739, 80.2308782, -1.21, 13.24, 0.07, 330.51, 0.12, 88396
CTUN, 88398, 0, 0, 0, 0, -1.21, -0.52, 0.00, 0.00, 0, -39
ATT, 88409, -4.30, -1.10, -16.81, 0.08, 274.54, 274.54, 0.02, 0.00
RCIN, 88409, 1499, 1500, 993, 1505, 2004, 1500, 1500, 1500, 0, 0, 0, 0, 0, 0
CTUN, 88497, 0, 0, 0, 0, -1.21, -0.45, 0.00, 0.00, 0, -38
ATT, 88507, -4.30, -1.12, -16.81, 0.08, 274.54, 274.54, 0.02, 0.00
RCIN, 88507, 1499, 1500, 993, 1505, 2004, 1500, 1500, 1500, 0, 0, 0, 0, 0, 0
GPS, 3, 494819000, 1904, 6, 3.55, 12.9918734, 80.2308786, -1.21, 13.12, 0.02, 330.51, 0.13, 88596
CTUN, 88598, 0, 0, 0, 0, -1.21, -0.52, 0.00, 0.00, 0, -38
DU32, 7, 674649
CURR, 88608, 0, 346233, 0, 0, 4487, 0
ATT, 88609, -4.30, -1.14, -16.81, 0.07, 274.55, 274.55, 0.03, 0.00
RCIN, 88610, 1499, 1500, 993, 1505, 2005, 1500, 1500, 1500, 0, 0, 0, 0, 0, 0
CTUN, 88697, 0, 0, 0, 0, -1.21, -0.48, 0.00, 0.00, 0, -37
ATT, 88707, -4.30, -1.16, -16.81, 0.08, 274.56, 274.56, 0.03, 0.00
RCIN, 88707, 1499, 1500, 993, 1505, 2004, 1500, 1500, 1500, 0, 0, 0, 0, 0, 0
GPS, 3, 494819200, 1904, 6, 3.55, 12.9918728, 80.2308789, -1.20, 13.04, 0.02, 330.51, 0.13, 88796
CTUN, 88798, 0, 0, 0, 0, -1.2, -0.48, 0.00, 0.00, 0, -37
ATT, 88809, -4.30, -1.19, -16.81, 0.08, 274.57, 274.57, 0.02, 0.00
RCIN, 88809, 1499, 1500, 993, 1505, 2005, 1500, 1500, 1500, 0, 0, 0, 0, 0, 0
CTUN, 88897, 0, 0, 0, 0, -1.2, -0.58, 0.00, 0.00, 0, -37
ATT, 88907, -4.30, -1.21, -16.81, 0.09, 274.58, 274.58, 0.02, 0.00
RCIN, 88907, 1499, 1500, 993, 1505, 2004, 1500, 1500, 1500, 0, 0, 0, 0, 0, 0
GPS, 3, 494819400, 1904, 6, 3.55, 12.9918722, 80.2308792, -1.20, 12.96, 0.04, 330.51, 0.13, 88996
CTUN, 88998, 0, 0, 0, 0, -1.2, -0.40, 0.00, 0.00, 0, -36
ATT, 89009, -4.30, -1.23, -16.81, 0.09, 274.59, 274.59, 0.03, 0.00
RCIN, 89009, 1499, 1500, 993, 1505, 2005, 1500, 1500, 1500, 0, 0, 0, 0, 0, 0
CTUN, 89097, 0, 0, 0, 0, -1.19, -0.43, 0.00, 0.00, 0, -35
ATT, 89107, -4.30, -1.26, -16.81, 0.08, 274.60, 274.60, 0.03, 0.00
RCIN, 89107, 1499, 1500, 993, 1505, 2004, 1500, 1500, 1500, 0, 0, 0, 0, 0, 0
GPS, 3, 494819600, 1904, 6, 3.55, 12.9918712, 80.2308795, -1.19, 12.87, 0.09, 330.51, 0.13, 89196
CTUN, 89198, 0, 0, 0, 0, -1.19, -0.55, 0.00, 0.00, 0, -35
ATT, 89209, -4.30, -1.28, -16.81, 0.08, 274.61, 274.61, 0.04, 0.00
RCIN, 89209, 1499, 1500, 993, 1505, 2004, 1500, 1500, 1500, 0, 0, 0, 0, 0, 0
CTUN, 89297, 0, 0, 0, 0, -1.19, -0.51, 0.00, 0.00, 0, -34
ATT, 89306, -4.30, -1.31, -16.81, 0.07, 274.62, 274.62, 0.04, 0.00
RCIN, 89307, 1499, 1500, 993, 1505, 2004, 1500, 1500, 1500, 0, 0, 0, 0, 0, 0
GPS, 3, 494819800, 1904, 6, 3.55, 12.9918704, 80.2308795, -1.18, 12.82, 0.14, 330.51, 0.13, 89396
CTUN, 89398, 0, 0, 0, 0, -1.18, -0.40, 0.00, 0.00, 0, -34
ATT, 89409, -4.30, -1.34, -16.81, 0.06, 274.62, 274.62, 0.04, 0.00
RCIN, 89409, 1499, 1500, 993, 1505, 2004, 1500, 1500, 1500, 0, 0, 0, 0, 0, 0
CTUN, 89497, 0, 0, 0, 0, -1.17, -0.56, 0.00, 0.00, 0, -33
ATT, 89507, -4.30, -1.37, -16.81, 0.05, 274.63, 274.63, 0.04, 0.00
RCIN, 89507, 1499, 1500, 993, 1505, 2005, 1500, 1500, 1500, 0, 0, 0, 0, 0, 0
GPS, 3, 494820000, 1904, 6, 3.55, 12.9918695, 80.23088, -1.17, 12.77, 0.18, 330.51, 0.13, 89596
CTUN, 89598, 0, 0, 0, 0, -1.17, -0.51, 0.00, 0.00, 0, -33
DU32, 7, 674649
CURR, 89609, 0, 346233, 0, 0, 4487, 0
ATT, 89609, -4.30, -1.39, -16.81, 0.05, 274.64, 274.64, 0.03, 0.00
RCIN, 89610, 1499, 1500, 993, 1505, 2004, 1500, 1500, 1500, 0, 0, 0, 0, 0, 0
CTUN, 89697, 0, 0, 0, 0, -1.17, -0.39, 0.00, 0.00, 0, -32
ATT, 89707, -4.30, -1.38, -16.81, 0.07, 274.64, 274.64, 0.03, 0.00
RCIN, 89707, 1499, 1500, 993, 1505, 2004, 1500, 1500, 1500, 0, 0, 0, 0, 0, 0
GPS, 3, 494820200, 1904, 6, 3.55, 12.9918684, 80.2308804, -1.16, 12.72, 0.25, 330.51, 0.13, 89796
CTUN, 89798, 0, 0, 0, 0, -1.16, -0.54, 0.00, 0.00, 0, -32
ATT, 89809, -4.30, -1.47, -16.81, 0.06, 274.66, 274.66, 0.04, 0.01
RCIN, 89809, 1499, 1500, 993, 1505, 2004, 1500, 1500, 1500, 0, 0, 0, 0, 0, 0
CTUN, 89897, 0, 0, 0, 0, -1.15, -0.56, 0.00, 0.00, 0, -31
ATT, 89907, -4.30, -1.61, -16.81, 0.02, 274.67, 274.67, 0.04, 0.00
RCIN, 89907, 1499, 1500, 993, 1505, 2005, 1500, 1500, 1500, 0, 0, 0, 0, 0, 0
GPS, 3, 494820400, 1904, 6, 3.55, 12.9918682, 80.2308808, -1.15, 12.80, 0.22, 330.51, 0.11, 89997
CTUN, 89998, 0, 0, 0, 0, -1.15, -0.45, 0.00, 0.00, 0, -31
ATT, 90009, -4.30, -1.66, -16.81, 0.02, 274.68, 274.68, 0.01, 0.01
RCIN, 90009, 1499, 1500, 993, 1505, 2005, 1500, 1500, 1500, 0, 0, 0, 0, 0, 0
CTUN, 90097, 0, 0, 0, 0, -1.14, -0.59, 0.00, 0.00, 0, -30
ATT, 90107, -4.30, -1.66, -16.81, 0.03, 274.68, 274.68, 0.01, 0.00
RCIN, 90107, 1499, 1500, 993, 1505, 2004, 1500, 1500, 1500, 0, 0, 0, 0, 0, 0
GPS, 3, 494820600, 1904, 6, 3.55, 12.9918677, 80.2308812, -1.14, 12.82, 0.18, 330.51, 0.09999999, 90196
CTUN, 90198, 0, 0, 0, 0, -1.14, -0.51, 0.00, 0.00, 0, -29
ATT, 90209, -4.30, -1.65, -16.81, 0.04, 274.68, 274.68, 0.02, 0.01
RCIN, 90209, 1499, 1500, 993, 1505, 2004, 1500, 1500, 1500, 0, 0, 0, 0, 0, 0
CTUN, 90297, 0, 0, 0, 0, -1.14, -0.33, 0.00, 0.00, 0, -29
ATT, 90307, -4.30, -1.66, -16.81, 0.02, 274.69, 274.69, 0.02, 0.00
RCIN, 90307, 1499, 1500, 993, 1505, 2005, 1500, 1500, 1500, 0, 0, 0, 0, 0, 0
EV, 17
GPS, 3, 494820800, 1904, 6, 3.55, 12.9918665, 80.2308814, -1.12, 12.67, 0.12, 330.51, 0.11, 90396
CTUN, 90398, 0, 0, 0, 0, -1.12, -0.53, 0.00, 0.00, 0, -28
ATT, 90409, -4.30, -1.65, -16.81, 0.01, 274.70, 274.70, 0.05, 0.00
RCIN, 90409, 1499, 1500, 993, 1505, 2004, 1500, 1500, 1500, 0, 0, 0, 0, 0, 0
CTUN, 90497, 0, 0, 0, 0, -1.12, -0.59, 0.00, 0.00, 0, -28
ATT, 90507, -4.30, -1.54, -16.81, 0.03, 274.70, 274.70, 0.05, 0.00
RCIN, 90507, 1499, 1500, 993, 1505, 2005, 1500, 1500, 1500, 0, 0, 0, 0, 0, 0
GPS, 3, 494821000, 1904, 6, 3.55, 12.9918659, 80.2308815, -1.11, 12.70, 0.06, 330.51, 0.09, 90596
CTUN, 90598, 0, 0, 0, 0, -1.11, -0.46, 0.00, 0.00, 0, -27
DU32, 7, 936793
CURR, 90608, 0, 346233, 0, 0, 4487, 0
ATT, 90609, -4.30, -1.53, -16.81, 0.01, 274.70, 274.70, 0.08, 0.00
RCIN, 90610, 1499, 1500, 993, 1505, 2005, 1500, 1500, 1500, 0, 0, 0, 0, 0, 0
CTUN, 90697, 0, 0, 0, 0, -1.1, -0.39, 0.00, 0.00, 0, -26
ATT, 90707, -4.30, -1.49, -16.81, -0.01, 274.70, 274.70, 0.08, 0.00
RCIN, 90707, 1499, 1500, 993, 1505, 2004, 1500, 1500, 1500, 0, 0, 0, 0, 0, 0
GPS, 3, 494821200, 1904, 6, 3.55, 12.9918646, 80.2308821, -1.09, 12.78, 0.04, 330.51, 0.07, 90796
CTUN, 90798, 0, 0, 0, 0, -1.09, -0.55, 0.00, 0.00, 0, -26
ATT, 90809, -4.30, -1.46, -16.81, -0.03, 274.70, 274.70, 0.00, 0.00
RCIN, 90809, 1499, 1500, 993, 1505, 2004, 1500, 1500, 1500, 0, 0, 0, 0, 0, 0
CTUN, 90897, 0, 0, 0, 0, -1.09, -0.48, 0.00, 0.00, 0, -25
ATT, 90907, -4.30, -1.47, -16.81, -0.02, 274.70, 274.70, 0.00, 0.00
RCIN, 90907, 1499, 1500, 993, 1505, 2004, 1500, 1500, 1500, 0, 0, 0, 0, 0, 0
GPS, 3, 494821400, 1904, 6, 3.55, 12.9918634, 80.2308826, -1.08, 12.75, 0.06, 330.51, 0.06, 90997
CTUN, 90998, 0, 0, 0, 0, -1.08, -0.40, 0.00, 0.00, 0, -24
ATT, 91009, -4.30, -1.47, -16.81, -0.03, 274.70, 274.70, 0.02, 0.01
RCIN, 91009, 1499, 1500, 993, 1505, 2005, 1500, 1500, 1500, 0, 0, 0, 0, 0, 0
CTUN, 91097, 0, 0, 0, 0, -1.06, -0.44, 0.00, 0.00, 0, -23
ATT, 91106, -4.30, -1.47, -16.81, -0.03, 274.71, 274.71, 0.02, 0.00
RCIN, 91107, 1499, 1500, 993, 1505, 2005, 1500, 1500, 1500, 0, 0, 0, 0, 0, 0
EV, 18
GPS, 3, 494821600, 1904, 6, 3.55, 12.991862, 80.2308834, -1.05, 12.70, 0.03, 330.51, 0.06, 91197
CTUN, 91199, 0, 0, 0, 0, -1.05, -0.58, 0.00, 0.00, 0, -23
ATT, 91209, -4.30, -1.52, -16.81, -0.05, 274.72, 274.72, 0.01, 0.01
RCIN, 91210, 1499, 1500, 993, 1505, 2004, 1500, 1500, 1500, 0, 0, 0, 0, 0, 0
CTUN, 91297, 0, 0, 0, 0, -1.05, -0.50, 0.00, 0.00, 0, -23
ATT, 91307, -4.30, -1.54, -16.81, -0.06, 274.72, 274.72, 0.01, 0.00
RCIN, 91307, 1499, 1500, 993, 1505, 2004, 1500, 1500, 1500, 0, 0, 0, 0, 0, 0
GPS, 3, 494821800, 1904, 6, 3.55, 12.9918609, 80.2308841, -1.04, 12.75, 0.03, 330.51, 0.04, 91396
CTUN, 91398, 0, 0, 0, 0, -1.04, -0.54, 0.00, 0.00, 0, -22
ATT, 91408, -4.30, -1.50, -16.81, -0.03, 274.72, 274.72, 0.00, 0.00
RCIN, 91409, 1499, 1500, 993, 1505, 2005, 1500, 1500, 1500, 0, 0, 0, 0, 0, 0
CTUN, 91497, 0, 0, 0, 0, -1.03, -0.51, 0.00, 0.00, 0, -22
ATT, 91507, -4.30, -1.51, -16.81, -0.03, 274.73, 274.73, 0.00, 0.00
RCIN, 91507, 1499, 1500, 993, 1505, 2004, 1500, 1500, 1500, 0, 0, 0, 0, 0, 0
GPS, 3, 494822000, 1904, 6, 3.55, 12.9918595, 80.2308845, -1.03, 12.72, 0.06, 330.51, 0.03, 91596
CTUN, 91598, 0, 0, 0, 0, -1.03, -0.39, 0.00, 0.00, 0, -21
DU32, 7, 936921
CURR, 91609, 0, 346233, 0, 0, 4505, 0
ATT, 91609, -4.30, -1.57, -16.81, -0.04, 274.75, 274.75, 0.05, 0.00
RCIN, 91610, 1498, 1500, 993, 1505, 2004, 1500, 1500, 1500, 0, 0, 0, 0, 0, 0
CTUN, 91697, 0, 0, 0, 0, -1.01, -0.54, 0.00, 0.00, 0, -21
ATT, 91707, -4.30, -1.60, -16.81, -0.07, 274.76, 274.76, 0.05, 0.00
RCIN, 91708, 1499, 1500, 993, 1505, 2005, 1500, 1500, 1500, 0, 0, 0, 0, 0, 0
GPS, 3, 494822200, 1904, 6, 3.55, 12.9918581, 80.230885, -1.01, 12.64, 0.07, 330.51, 0.03, 91796
CTUN, 91798, 0, 0, 0, 0, -1.01, -0.53, 0.00, 0.00, 0, -20
ATT, 91808, -4.30, -1.61, -16.81, -0.08, 274.76, 274.76, 0.01, 0.01
RCIN, 91809, 1499, 1500, 993, 1505, 2004, 1500, 1500, 1500, 0, 0, 0, 0, 0, 0
CTUN, 91898, 0, 0, 0, 0, -1, -0.50, 0.00, 0.00, 0, -20
ATT, 91908, -4.30, -1.59, -16.81, -0.08, 274.76, 274.76, 0.01, 0.00
RCIN, 91908, 1499, 1500, 993, 1505, 2004, 1500, 1500, 1500, 0, 0, 0, 0, 0, 0
GPS, 3, 494822400, 1904, 6, 3.55, 12.9918568, 80.2308856, -0.99, 12.60, 0.03, 330.51, 0.03, 91997
CTUN, 91998, 0, 0, 0, 0, -0.99, -0.41, 0.00, 0.00, 0, -19
ATT, 92009, -4.30, -1.59, -16.81, -0.09, 274.76, 274.76, 0.01, 0.00
RCIN, 92009, 1499, 1500, 993, 1505, 2004, 1500, 1500, 1500, 0, 0, 0, 0, 0, 0
CTUN, 92097, 0, 0, 0, 0, -0.98, -0.53, 0.00, 0.00, 0, -19
ATT, 92106, -4.30, -1.60, -16.81, -0.09, 274.77, 274.77, 0.01, 0.00
RCIN, 92107, 1499, 1500, 993, 1505, 2004, 1500, 1500, 1500, 0, 0, 0, 0, 0, 0
GPS, 3, 494822600, 1904, 6, 3.55, 12.9918559, 80.2308862, -0.97, 12.64, 0.01, 330.51, 0.02, 92197
CTUN, 92199, 0, 0, 0, 0, -0.97, -0.38, 0.00, 0.00, 0, -18
ATT, 92209, -4.30, -1.62, -16.81, -0.09, 274.77, 274.77, 0.00, 0.00
RCIN, 92209, 1499, 1500, 993, 1505, 2005, 1500, 1500, 1500, 0, 0, 0, 0, 0, 0
CTUN, 92297, 0, 0, 0, 0, -0.96, -0.48, 0.00, 0.00, 0, -18
ATT, 92307, -4.30, -1.63, -16.81, -0.09, 274.78, 274.78, 0.00, 0.00
RCIN, 92307, 1499, 1500, 993, 1505, 2004, 1500, 1500, 1500, 0, 0, 0, 0, 0, 0
GPS, 3, 494822800, 1904, 6, 3.55, 12.9918551, 80.230887, -0.95, 12.68, 0.08, 330.51, 0.01, 92397
CTUN, 92399, 0, 0, 0, 0, -0.95, -0.51, 0.00, 0.00, 0, -17
ATT, 92409, -4.30, -1.63, -16.81, -0.08, 274.79, 274.79, 0.02, 0.00
RCIN, 92410, 1499, 1500, 993, 1505, 2004, 1500, 1500, 1500, 0, 0, 0, 0, 0, 0
CTUN, 92497, 0, 0, 0, 0, -0.94, -0.45, 0.00, 0.00, 0, -17
ATT, 92507, -4.30, -1.63, -16.81, -0.07, 274.79, 274.79, 0.02, 0.00
RCIN, 92507, 1499, 1500, 993, 1505, 2005, 1500, 1500, 1500, 0, 0, 0, 0, 0, 0
GPS, 3, 494823000, 1904, 6, 3.55, 12.9918547, 80.2308874, -0.93, 12.72, 0.12, 330.51, 0.01, 92596
CTUN, 92598, 0, 0, 0, 0, -0.93, -0.43, 0.00, 0.00, 0, -16
DU32, 7, 936921
CURR, 92608, 0, 346233, 0, 0, 4505, 0
ATT, 92609, -4.30, -1.64, -16.81, -0.06, 274.80, 274.80, 0.02, 0.00
RCIN, 92609, 1499, 1500, 993, 1505, 2004, 1500, 1500, 1500, 0, 0, 0, 0, 0, 0
CTUN, 92697, 0, 0, 0, 0, -0.92, -0.58, 0.00, 0.00, 0, -15
ATT, 92707, -4.30, -1.63, -16.81, -0.06, 274.80, 274.80, 0.02, 0.00
RCIN, 92707, 1499, 1500, 993, 1505, 2005, 1500, 1500, 1500, 0, 0, 0, 0, 0, 0
GPS, 3, 494823200, 1904, 6, 3.55, 12.9918543, 80.2308882, -0.91, 12.85, 0.16, 330.51, -0.01, 92796
CTUN, 92798, 0, 0, 0, 0, -0.91, -0.45, 0.00, 0.00, 0, -15
ATT, 92808, -4.30, -1.63, -16.81, -0.07, 274.81, 274.81, 0.01, 0.00
RCIN, 92809, 1499, 1500, 993, 1505, 2004, 1500, 1500, 1500, 0, 0, 0, 0, 0, 0
CTUN, 92898, 0, 0, 0, 0, -0.9, -0.54, 0.00, 0.00, 0, -15
ATT, 92908, -4.30, -1.64, -16.81, -0.06, 274.81, 274.81, 0.01, 0.00
RCIN, 92908, 1499, 1500, 993, 1505, 2004, 1500, 1500, 1500, 0, 0, 0, 0, 0, 0
GPS, 3, 494823400, 1904, 6, 3.55, 12.9918525, 80.2308886, -0.90, 12.76, 0.09, 330.51, 0, 92997
CTUN, 92998, 0, 0, 0, 0, -0.9, -0.52, 0.00, 0.00, 0, -14
ATT, 93009, -4.30, -1.65, -16.81, -0.05, 274.82, 274.82, 0.09, 0.01
RCIN, 93009, 1499, 1500, 993, 1505, 2004, 1500, 1500, 1500, 0, 0, 0, 0, 0, 0
CTUN, 93098, 0, 0, 0, 0, -0.89, -0.57, 0.00, 0.00, 0, -14
ATT, 93108, -4.30, -1.71, -16.81, -0.07, 274.82, 274.82, 0.09, 0.00
RCIN, 93108, 1499, 1500, 993, 1505, 2004, 1500, 1500, 1500, 0, 0, 0, 0, 0, 0
GPS, 3, 494823600, 1904, 6, 3.55, 12.9918511, 80.2308896, -0.89, 12.59, 0.21, 330.51, 0.02, 93197
CTUN, 93198, 0, 0, 0, 0, -0.89, -0.49, 0.00, 0.00, 0, -13
ATT, 93209, -4.30, -1.77, -16.81, -0.09, 274.83, 274.83, 0.04, 0.00
RCIN, 93209, 1499, 1500, 993, 1505, 2004, 1500, 1500, 1500, 0, 0, 0, 0, 0, 0
CTUN, 93297, 0, 0, 0, 0, -0.88, -0.55, 0.00, 0.00, 0, -13
ATT, 93306, -4.30, -1.78, -16.81, -0.07, 274.84, 274.84, 0.04, 0.00
RCIN, 93307, 1499, 1500, 993, 1505, 2005, 1500, 1500, 1500, 0, 0, 0, 0, 0, 0
GPS, 3, 494823800, 1904, 6, 3.55, 12.99185, 80.2308902, -0.87, 12.59, 0.19, 330.51, 0.02, 93397
CTUN, 93399, 0, 0, 0, 0, -0.87, -0.48, 0.00, 0.00, 0, -13
ATT, 93409, -4.30, -1.79, -16.81, -0.04, 274.84, 274.84, 0.01, 0.00
RCIN, 93410, 1499, 1500, 993, 1505, 2004, 1500, 1500, 1500, 0, 0, 0, 0, 0, 0
CTUN, 93497, 0, 0, 0, 0, -0.86, -0.44, 0.00, 0.00, 0, -12
ATT, 93507, -4.30, -1.80, -16.81, -0.05, 274.85, 274.85, 0.01, 0.00
RCIN, 93507, 1498, 1500, 993, 1505, 2004, 1500, 1500, 1500, 0, 0, 0, 0, 0, 0
GPS, 3, 494824000, 1904, 6, 3.55, 12.991849, 80.2308902, -0.85, 12.61, 0.12, 330.51, 0.02, 93598
CTUN, 93600, 0, 0, 0, 0, -0.85, -0.44, 0.00, 0.00, 0, -12
DU32, 7, 936921
CURR, 93610, 0, 346233, 0, 0, 4560, 0
ATT, 93610, -4.30, -1.81, -16.81, -0.06, 274.86, 274.86, 0.04, 0.00
RCIN, 93611, 1499, 1500, 993, 1505, 2005, 1500, 1500, 1500, 0, 0, 0, 0, 0, 0
CTUN, 93698, 0, 0, 0, 0, -0.84, -0.42, 0.00, 0.00, 0, -11
ATT, 93708, -4.30, -1.81, -16.81, -0.09, 274.86, 274.86, 0.04, 0.00
RCIN, 93708, 1499, 1500, 993, 1505, 2004, 1500, 1500, 1500, 0, 0, 0, 0, 0, 0
GPS, 3, 494824200, 1904, 6, 3.55, 12.9918481, 80.2308905, -0.83, 12.62, 0.09, 330.51, 0.02, 93798
CTUN, 93800, 0, 0, 0, 0, -0.83, -0.35, 0.00, 0.00, 0, -11
ATT, 93810, -4.30, -1.82, -16.81, -0.12, 274.87, 274.87, 0.02, 0.00
RCIN, 93810, 1499, 1500, 993, 1505, 2005, 1500, 1500, 1500, 0, 0, 0, 0, 0, 0
CTUN, 93898, 0, 0, 0, 0, -0.81, -0.50, 0.00, 0.00, 0, -10
ATT, 93908, -4.30, -1.83, -16.81, -0.13, 274.88, 274.88, 0.02, 0.00
RCIN, 93908, 1499, 1500, 993, 1505, 2004, 1500, 1500, 1500, 0, 0, 0, 0, 0, 0
GPS, 3, 494824400, 1904, 6, 3.55, 12.9918477, 80.2308906, -0.80, 12.65, 0.08, 330.51, 0.02, 93998
CTUN, 94000, 0, 0, 0, 0, -0.8, -0.58, 0.00, 0.00, 0, -10
ATT, 94010, -4.30, -1.85, -16.81, -0.15, 274.88, 274.88, 0.01, 0.01
RCIN, 94010, 1499, 1500, 993, 1505, 2004, 1500, 1500, 1500, 0, 0, 0, 0, 0, 0
CTUN, 94098, 0, 0, 0, 0, -0.8, -0.37, 0.00, 0.00, 0, -10
ATT, 94108, -4.30, -1.85, -16.81, -0.15, 274.88, 274.88, 0.01, 0.01
RCIN, 94108, 1499, 1500, 993, 1505, 2004, 1500, 1500, 1500, 0, 0, 0, 0, 0, 0
GPS, 3, 494824600, 1904, 6, 3.55, 12.9918474, 80.2308908, -0.79, 12.70, 0.09, 330.51, 0.02, 94198
CTUN, 94200, 0, 0, 0, 0, -0.79, -0.42, 0.00, 0.00, 0, -9
ATT, 94210, -4.30, -1.85, -16.81, -0.16, 274.88, 274.88, 0.00, 0.01
RCIN, 94210, 1499, 1500, 993, 1505, 2004, 1500, 1500, 1500, 0, 0, 0, 0, 0, 0
CTUN, 94298, 0, 0, 0, 0, -0.77, -0.41, 0.00, 0.00, 0, -9
ATT, 94308, -4.30, -1.86, -16.81, -0.16, 274.89, 274.89, 0.00, 0.01
RCIN, 94308, 1499, 1500, 993, 1505, 2004, 1500, 1500, 1500, 0, 0, 0, 0, 0, 0
GPS, 3, 494824800, 1904, 6, 3.55, 12.9918469, 80.2308908, -0.76, 12.72, 0.06, 330.51, 0.02, 94398
CTUN, 94400, 0, 0, 0, 0, -0.76, -0.34, 0.00, 0.00, 0, -8
ATT, 94410, -4.30, -1.86, -16.81, -0.16, 274.89, 274.89, 0.03, 0.01
RCIN, 94410, 1499, 1500, 993, 1505, 2004, 1500, 1500, 1500, 0, 0, 0, 0, 0, 0
CTUN, 94498, 0, 0, 0, 0, -0.75, -0.50, 0.00, 0.00, 0, -8
ATT, 94508, -4.30, -1.87, -16.81, -0.18, 274.89, 274.89, 0.03, 0.01
RCIN, 94508, 1499, 1500, 993, 1505, 2005, 1500, 1500, 1500, 0, 0, 0, 0, 0, 0
GPS, 3, 494825000, 1904, 6, 3.55, 12.9918461, 80.2308906, -0.74, 12.74, 0.09, 330.51, 0.01, 94598
CTUN, 94600, 0, 0, 0, 0, -0.74, -0.47, 0.00, 0.00, 0, -8
DU32, 7, 936921
CURR, 94610, 0, 346233, 0, 0, 4505, 0
ATT, 94610, -4.30, -1.89, -16.81, -0.20, 274.89, 274.89, 0.08, 0.01
RCIN, 94611, 1499, 1500, 993, 1504, 2005, 1500, 1500, 1500, 0, 0, 0, 0, 0, 0
CTUN, 94698, 0, 0, 0, 0, -0.73, -0.40, 0.00, 0.00, 0, -7
ATT, 94708, -4.30, -1.91, -16.81, -0.24, 274.89, 274.89, 0.08, 0.00
RCIN, 94708, 1499, 1500, 993, 1505, 2004, 1500, 1500, 1500, 0, 0, 0, 0, 0, 0
GPS, 3, 494825200, 1904, 6, 3.55, 12.9918456, 80.2308909, -0.72, 12.72, 0.04, 330.51, 0.01, 94798
CTUN, 94800, 0, 0, 0, 0, -0.72, -0.42, 0.00, 0.00, 0, -7
ATT, 94810, -4.30, -1.93, -16.81, -0.29, 274.90, 274.90, 0.02, 0.01
RCIN, 94811, 1499, 1500, 993, 1505, 2005, 1500, 1500, 1500, 0, 0, 0, 0, 0, 0
CTUN, 94898, 0, 0, 0, 0, -0.71, -0.53, 0.00, 0.00, 0, -6
ATT, 94908, -4.30, -1.93, -16.81, -0.29, 274.90, 274.90, 0.02, 0.00
RCIN, 94908, 1499, 1500, 993, 1505, 2004, 1500, 1500, 1500, 0, 0, 0, 0, 0, 0
GPS, 3, 494825400, 1904, 6, 3.55, 12.9918452, 80.2308912, -0.71, 12.70, 0.07, 330.51, 0, 94998
CTUN, 95000, 0, 0, 0, 0, -0.71, -0.34, 0.00, 0.00, 0, -6
ATT, 95010, -4.30, -1.92, -16.81, -0.29, 274.90, 274.90, 0.02, 0.01
RCIN, 95010, 1499, 1500, 993, 1505, 2004, 1500, 1500, 1500, 0, 0, 0, 0, 0, 0
CTUN, 95098, 0, 0, 0, 0, -0.69, -0.48, 0.00, 0.00, 0, -6
ATT, 95108, -4.30, -1.91, -16.81, -0.30, 274.91, 274.91, 0.02, 0.01
RCIN, 95108, 1499, 1500, 993, 1505, 2004, 1500, 1500, 1500, 0, 0, 0, 0, 0, 0
GPS, 3, 494825600, 1904, 6, 3.55, 12.9918448, 80.2308913, -0.69, 12.71, 0.09, 330.51, 0, 95198
CTUN, 95200, 0, 0, 0, 0, -0.69, -0.50, 0.00, 0.00, 0, -5
ATT, 95210, -4.30, -1.90, -16.81, -0.30, 274.91, 274.91, 0.02, 0.01
RCIN, 95210, 1499, 1500, 993, 1505, 2004, 1500, 1500, 1500, 0, 0, 0, 0, 0, 0
CTUN, 95298, 0, 0, 0, 0, -0.68, -0.42, 0.00, 0.00, 0, -5
ATT, 95308, -4.30, -1.91, -16.81, -0.31, 274.91, 274.91, 0.02, 0.00
RCIN, 95308, 1499, 1500, 993, 1505, 2005, 1500, 1500, 1500, 0, 0, 0, 0, 0, 0
GPS, 3, 494825800, 1904, 6, 3.55, 12.9918437, 80.2308914, -0.67, 12.67, 0.07, 330.51, 0, 95398
CTUN, 95400, 0, 0, 0, 0, -0.67, -0.49, 0.00, 0.00, 0, -5
ATT, 95410, -4.30, -1.91, -16.81, -0.32, 274.91, 274.91, 0.04, 0.01
RCIN, 95410, 1499, 1500, 993, 1505, 2005, 1500, 1500, 1500, 0, 0, 0, 0, 0, 0
CTUN, 95499, 0, 0, 0, 0, -0.67, -0.40, 0.00, 0.00, 0, -4
ATT, 95509, -4.30, -1.94, -16.81, -0.33, 274.91, 274.91, 0.04, 0.01
RCIN, 95509, 1499, 1500, 993, 1505, 2005, 1500, 1500, 1500, 0, 0, 0, 0, 0, 0
GPS, 3, 494826000, 1904, 6, 3.55, 12.9918435, 80.2308913, -0.66, 12.71, 0.07, 330.51, -0.01, 95598
CTUN, 95600, 0, 0, 0, 0, -0.66, -0.32, 0.00, 0.00, 0, -4
DU32, 7, 936921
CURR, 95610, 0, 346233, 0, 0, 4487, 0
ATT, 95611, -4.30, -1.97, -16.81, -0.33, 274.92, 274.92, 0.01, 0.01
RCIN, 95611, 1499, 1500, 993, 1505, 2004, 1500, 1500, 1500, 0, 0, 0, 0, 0, 0
CTUN, 95698, 0, 0, 0, 0, -0.64, -0.39, 0.00, 0.00, 0, -3
ATT, 95708, -4.30, -1.98, -16.81, -0.34, 274.92, 274.92, 0.01, 0.01
RCIN, 95708, 1499, 1500, 993, 1505, 2004, 1500, 1500, 1500, 0, 0, 0, 0, 0, 0
GPS, 3, 494826200, 1904, 6, 3.55, 12.9918429, 80.2308918, -0.63, 12.68, 0.02, 330.51, -0.01, 95798
CTUN, 95800, 0, 0, 0, 0, -0.63, -0.39, 0.00, 0.00, 0, -3
ATT, 95810, -4.30, -1.98, -16.81, -0.34, 274.92, 274.92, 0.01, 0.01
RCIN, 95810, 1499, 1500, 993, 1505, 2005, 1500, 1500, 1500, 0, 0, 0, 0, 0, 0
CTUN, 95898, 0, 0, 0, 0, -0.62, -0.38, 0.00, 0.00, 0, -3
ATT, 95908, -4.30, -1.99, -16.81, -0.33, 274.92, 274.92, 0.01, 0.00
RCIN, 95908, 1499, 1500, 993, 1505, 2004, 1500, 1500, 1500, 0, 0, 0, 0, 0, 0
GPS, 3, 494826400, 1904, 6, 3.55, 12.9918445, 80.2308907, -0.61, 12.72, 0.33, 330.51, -0.02, 95998
CTUN, 96001, 0, 0, 0, 0, -0.61, -0.38, 0.00, 0.00, 0, -2
ATT, 96011, -4.30, -2.00, -16.81, -0.32, 274.93, 274.93, 0.15, 0.01
RCIN, 96011, 1499, 1500, 993, 1505, 2004, 1500, 1500, 1500, 0, 0, 0, 0, 0, 0
CTUN, 96098, 0, 0, 0, 0, -0.6, -0.43, 0.00, 0.00, 0, -2
ATT, 96108, -4.30, -1.94, -16.81, -0.38, 274.93, 274.93, 0.15, 0.01
RCIN, 96108, 1498, 1500, 993, 1505, 2004, 1500, 1500, 1500, 0, 0, 0, 0, 0, 0
GPS, 3, 494826600, 1904, 6, 3.55, 12.9918457, 80.23089, -0.59, 12.89, 0.44, 330.51, -0.04, 96198
CTUN, 96201, 0, 0, 0, 0, -0.59, -0.28, 0.00, 0.00, 0, -2
ATT, 96210, -4.30, -1.88, -16.81, -0.43, 274.93, 274.93, 0.06, 0.02
RCIN, 96210, 1499, 1500, 993, 1505, 2005, 1500, 1500, 1500, 0, 0, 0, 0, 0, 0
CTUN, 96298, 0, 0, 0, 0, -0.57, -0.30, 0.00, 0.00, 0, -1
ATT, 96308, -4.30, -1.86, -16.81, -0.46, 274.93, 274.93, 0.06, 0.01
RCIN, 96308, 1499, 1500, 993, 1505, 2004, 1500, 1500, 1500, 0, 0, 0, 0, 0, 0
GPS, 3, 494826800, 1904, 6, 3.55, 12.9918455, 80.2308897, -0.56, 13.08, 0.35, 330.51, -0.06, 96398
CTUN, 96400, 0, 0, 0, 0, -0.56, -0.39, 0.00, 0.00, 0, -1
ATT, 96410, -4.30, -1.84, -16.81, -0.49, 274.93, 274.93, 0.06, 0.01
RCIN, 96410, 1499, 1500, 993, 1505, 2004, 1500, 1500, 1500, 0, 0, 0, 0, 0, 0
CTUN, 96499, 0, 0, 0, 0, -0.55, -0.40, 0.00, 0.00, 0, 0
ATT, 96508, -4.30, -1.89, -16.81, -0.49, 274.93, 274.93, 0.06, 0.01
RCIN, 96509, 1499, 1500, 993, 1505, 2005, 1500, 1500, 1500, 0, 0, 0, 0, 0, 0
GPS, 3, 494827000, 1904, 6, 3.55, 12.9918455, 80.23089, -0.54, 13.19, 0.26, 330.51, -0.07, 96598
CTUN, 96600, 0, 0, 0, 0, -0.54, -0.24, 0.00, 0.00, 0, 0
DU32, 7, 936921
CURR, 96610, 0, 346233, 0, 0, 4505, 0
ATT, 96611, -4.30, -1.94, -16.81, -0.50, 274.94, 274.94, 0.04, 0.01
RCIN, 96611, 1499, 1500, 993, 1505, 2004, 1500, 1500, 1500, 0, 0, 0, 0, 0, 0
CTUN, 96698, 0, 0, 0, 0, -0.52, -0.37, 0.00, 0.00, 0, 0
ATT, 96709, -4.30, -1.95, -16.81, -0.47, 274.94, 274.94, 0.04, 0.01
RCIN, 96709, 1499, 1500, 993, 1505, 2004, 1500, 1500, 1500, 0, 0, 0, 0, 0, 0
GPS, 3, 494827200, 1904, 6, 3.55, 12.9918448, 80.2308903, -0.51, 13.19, 0.14, 330.51, -0.07, 96798
CTUN, 96800, 0, 0, 0, 0, -0.51, -0.29, 0.00, 0.00, 0, 0
ATT, 96810, -4.30, -1.97, -16.81, -0.45, 274.94, 274.94, 0.05, 0.01
RCIN, 96810, 1499, 1500, 993, 1505, 2005, 1500, 1500, 1500, 0, 0, 0, 0, 0, 0
CTUN, 96898, 0, 0, 0, 0, -0.5, -0.35, 0.00, 0.00, 0, 0
ATT, 96908, -4.30, -2.00, -16.81, -0.43, 274.94, 274.94, 0.05, 0.01
RCIN, 96908, 1499, 1500, 993, 1505, 2004, 1500, 1500, 1500, 0, 0, 0, 0, 0, 0
GPS, 3, 494827400, 1904, 6, 3.55, 12.9918443, 80.2308911, -0.49, 13.13, 0.12, 330.51, -0.06, 96998
CTUN, 97001, 0, 0, 0, 0, -0.49, -0.31, 0.00, 0.00, 0, 0
ATT, 97010, -4.30, -2.02, -16.81, -0.42, 274.94, 274.94, 0.06, 0.01
RCIN, 97011, 1499, 1500, 993, 1505, 2004, 1500, 1500, 1500, 0, 0, 0, 0, 0, 0
CTUN, 97098, 0, 0, 0, 0, -0.48, -0.37, 0.00, 0.00, 0, 0
ATT, 97108, -4.30, -2.04, -16.81, -0.38, 274.94, 274.94, 0.06, 0.00
RCIN, 97108, 1499, 1500, 993, 1505, 2005, 1500, 1500, 1500, 0, 0, 0, 0, 0, 0
GPS, 3, 494827600, 1904, 6, 3.55, 12.9918442, 80.230891, -0.47, 13.22, 0.08, 330.51, -0.06, 97200
CTUN, 97201, 0, 0, 0, 0, -0.47, -0.24, 0.00, 0.00, 0, 0
ATT, 97211, -4.30, -2.04, -16.81, -0.35, 274.94, 274.94, 0.03, 0.01
RCIN, 97211, 1499, 1500, 993, 1505, 2004, 1500, 1500, 1500, 0, 0, 0, 0, 0, 0
CTUN, 97298, 0, 0, 0, 0, -0.46, -0.34, 0.00, 0.00, 0, 1
ATT, 97308, -4.30, -2.12, -16.81, -0.38, 274.94, 274.94, 0.03, 0.01
RCIN, 97308, 1499, 1500, 993, 1505, 2004, 1500, 1500, 1500, 0, 0, 0, 0, 0, 0
CTUN, 97400, 0, 0, 0, 0, -0.45, -0.30, 0.00, 0.00, 0, 1
ATT, 97408, -4.30, -2.10, -16.81, -0.39, 274.93, 274.93, 0.03, 0.01
RCIN, 97409, 1499, 1500, 993, 1505, 2004, 1500, 1500, 1500, 0, 0, 0, 0, 0, 0
GPS, 3, 494827800, 1904, 6, 3.55, 12.9918441, 80.2308909, -0.45, 13.19, 0.08, 330.51, -0.05, 97418
CTUN, 97499, 0, 0, 0, 0, -0.44, -0.30, 0.00, 0.00, 0, 1
ATT, 97509, -4.30, -2.11, -16.81, -0.41, 274.92, 274.92, 0.00, 0.01
RCIN, 97509, 1499, 1500, 993, 1505, 2004, 1500, 1500, 1500, 0, 0, 0, 0, 0, 0
PM, 27, 1000, 11410, 0, 0, 0, 255
