ISO-10303-21;
HEADER;
FILE_DESCRIPTION (( 'STEP AP203' ),
    '1' );
FILE_NAME ('PROPELLER - 8x4_Default_sldprt.STEP',
    '2016-07-31T01:44:15',
    ( '' ),
    ( '' ),
    'SwSTEP 2.0',
    'SolidWorks 2016',
    '' );
FILE_SCHEMA (( 'CONFIG_CONTROL_DESIGN' ));
ENDSEC;

DATA;
#1 = CARTESIAN_POINT ( 'NONE',  ( 43.77558780787501300, -1.560127702845586200, 4.004602686629704400 ) ) ;
#2 = CARTESIAN_POINT ( 'NONE',  ( 46.53814528698729400, -3.396775291034118000, 96.76968006617255500 ) ) ;
#3 = CARTESIAN_POINT ( 'NONE',  ( 45.65032434652300000, -0.9963514374856179400, -91.59999999999992300 ) ) ;
#4 = CARTESIAN_POINT ( 'NONE',  ( 33.68877165252085600, -3.188020217679367300, -91.60000000000000900 ) ) ;
#5 = CARTESIAN_POINT ( 'NONE',  ( 33.70108032677284600, -0.04068574578858128600, 91.60000000000008000 ) ) ;
#6 = CARTESIAN_POINT ( 'NONE',  ( 33.80083305727639200, 1.550928559442399800, 80.96421532136454900 ) ) ;
#7 = CARTESIAN_POINT ( 'NONE',  ( 35.88035896255482300, 1.048037814065636300, -64.99999999999994300 ) ) ;
#8 = CARTESIAN_POINT ( 'NONE',  ( 33.31428300126570700, 1.257985358694052600, 64.99999999999998600 ) ) ;
#9 = CARTESIAN_POINT ( 'NONE',  ( 32.29239111543758900, 2.152647796179195400, 70.44955128996092200 ) ) ;
#10 = CARTESIAN_POINT ( 'NONE',  ( 34.68565266269162400, -3.451720834566144500, 0.0000000000000000000 ) ) ;
#11 = CARTESIAN_POINT ( 'NONE',  ( 45.90357643147864800, -3.354652234528068700, 96.79244758730421000 ) ) ;
#12 = ORIENTED_EDGE ( 'NONE', *, *, #139, .F. ) ;
#13 = CARTESIAN_POINT ( 'NONE',  ( 34.50000000000000000, -3.500000000000000000, -101.5999999999999900 ) ) ;
#14 = CARTESIAN_POINT ( 'NONE',  ( 52.09009442355287700, -3.404695970668889100, 67.56360674686470700 ) ) ;
#15 = CARTESIAN_POINT ( 'NONE',  ( 46.99524848729421900, 0.8069349028784216200, -70.35970668522564600 ) ) ;
#16 = CARTESIAN_POINT ( 'NONE',  ( 46.28273582092958100, 0.4417012794083412500, 35.00000000000000000 ) ) ;
#17 = CARTESIAN_POINT ( 'NONE',  ( 31.16726517173967200, -3.496675217658396000, -84.95874026601454400 ) ) ;
#18 = CARTESIAN_POINT ( 'NONE',  ( 29.84585786086704900, -3.501729322662282300, -78.30777135554414800 ) ) ;
#19 = CARTESIAN_POINT ( 'NONE',  ( 43.30704979762831600, -1.120859104896046100, 4.399150543617826900 ) ) ;
#20 = CARTESIAN_POINT ( 'NONE',  ( 46.60136730610313500, 0.7832377970834293300, -70.32665417930998300 ) ) ;
#21 = CARTESIAN_POINT ( 'NONE',  ( 32.52210498611147200, -3.478853459834970500, -91.59999999999998000 ) ) ;
#22 = CARTESIAN_POINT ( 'NONE',  ( 32.92039573687231500, 2.336571919619184100, 75.88671430661254600 ) ) ;
#23 = CARTESIAN_POINT ( 'NONE',  ( 33.45362896293588100, 2.051464759414991100, 75.63473780016907700 ) ) ;
#24 = CARTESIAN_POINT ( 'NONE',  ( 36.55675380313796600, 0.7427238252604905200, -71.56753185437116800 ) ) ;
#25 = CARTESIAN_POINT ( 'NONE',  ( 36.88543184866360700, 0.4578395495828923000, -65.00000000000000000 ) ) ;
#26 = CARTESIAN_POINT ( 'NONE',  ( 32.29122740973735300, 2.150072725995233000, 70.44957159396672400 ) ) ;
#27 = CARTESIAN_POINT ( 'NONE',  ( 34.78351220772056300, -3.431835659856597800, 0.0000000000000000000 ) ) ;
#28 = CARTESIAN_POINT ( 'NONE',  ( 45.50000000000000000, -3.500000000000000000, 101.5999999999999900 ) ) ;
#29 = CARTESIAN_POINT ( 'NONE',  ( 34.50000000000000000, -3.500000000000000000, -101.5999999999999900 ) ) ;
#30 = CARTESIAN_POINT ( 'NONE',  ( 52.16630261225316200, -3.322234127128258100, 65.00000000000000000 ) ) ;
#31 = CARTESIAN_POINT ( 'NONE',  ( 34.54228209241321000, -3.388672195207312200, -0.7264460483414857400 ) ) ;
#32 = CARTESIAN_POINT ( 'NONE',  ( 47.62105212350775200, 1.136561707596037900, -75.83850305404818900 ) ) ;
#33 = CARTESIAN_POINT ( 'NONE',  ( 39.58463077131548900, 2.073557489836881800, 54.60882798274941100 ) ) ;
#34 = CARTESIAN_POINT ( 'NONE',  ( 27.89752829870410300, -3.496575226439445000, -65.00000000000000000 ) ) ;
#35 = CARTESIAN_POINT ( 'NONE',  ( 46.30715286295728800, -3.209304469056137900, 91.98489517460844000 ) ) ;
#36 = CARTESIAN_POINT ( 'NONE',  ( 45.90494533327275700, -0.5607253286008335700, -86.28448210160222200 ) ) ;
#37 = EDGE_CURVE ( 'NONE', #832, #3286, #4386, .T. ) ;
#38 = CARTESIAN_POINT ( 'NONE',  ( 34.50000000000000000, -3.500000000000000000, -101.5999999999999900 ) ) ;
#39 = CARTESIAN_POINT ( 'NONE',  ( 32.41425757252059700, 2.359498728389946000, 70.44498772180637000 ) ) ;
#40 = CARTESIAN_POINT ( 'NONE',  ( 33.32126100890849300, 2.650732962765480300, 70.31736896577534400 ) ) ;
#41 = CARTESIAN_POINT ( 'NONE',  ( 35.87547954856930900, -0.4415934080907471500, -78.39142766351277200 ) ) ;
#42 = CARTESIAN_POINT ( 'NONE',  ( 48.16288174068910900, 5.209115622387726000, -35.00000000000000000 ) ) ;
#43 = CARTESIAN_POINT ( 'NONE',  ( 32.88488473171957300, 1.217241557879603400, 81.08949643050291900 ) ) ;
#44 = CARTESIAN_POINT ( 'NONE',  ( 44.25000000000000000, 1.500000000000000000, 0.0000000000000000000 ) ) ;
#45 = CARTESIAN_POINT ( 'NONE',  ( 45.50000000000000000, -3.500000000000000000, 101.5999999999999900 ) ) ;
#46 = CARTESIAN_POINT ( 'NONE',  ( 39.94947580747297900, -1.627316599414467600, -91.59999999999998000 ) ) ;
#47 = CARTESIAN_POINT ( 'NONE',  ( 50.26486684371341300, -3.432247612396968500, 78.21365813640650800 ) ) ;
#48 = CARTESIAN_POINT ( 'NONE',  ( 34.63668793173654600, -3.444152956821207000, -1.225199181404830200 ) ) ;
#49 = CARTESIAN_POINT ( 'NONE',  ( 47.35385400168036800, 1.411463800705353000, -65.00000000000000000 ) ) ;
#50 = CARTESIAN_POINT ( 'NONE',  ( 46.28273582092958100, 0.4417012794083413100, 42.86279592904925600 ) ) ;
#51 = CARTESIAN_POINT ( 'NONE',  ( 29.00311360683909000, -3.167836915715867000, -70.35373732120969200 ) ) ;
#52 = CARTESIAN_POINT ( 'NONE',  ( 31.07782920389331900, -3.478510246068841700, -84.93913517184272200 ) ) ;
#53 = CARTESIAN_POINT ( 'NONE',  ( 45.49979207799295000, -3.240446405009691100, 0.04844347165084534500 ) ) ;
#54 = FACE_OUTER_BOUND ( 'NONE', #2003, .T. ) ;
#55 = LINE ( 'NONE', #2818, #4240 ) ;
#56 = CARTESIAN_POINT ( 'NONE',  ( 45.21146266865736900, -3.189792391704306100, 96.86851599800185400 ) ) ;
#57 = CARTESIAN_POINT ( 'NONE',  ( 47.46649616030777000, -1.978936909505438500, 78.18701539812403200 ) ) ;
#58 = CARTESIAN_POINT ( 'NONE',  ( 34.49430322370084000, -3.017552498776584300, -92.06314416388509900 ) ) ;
#59 = ORIENTED_EDGE ( 'NONE', *, *, #1749, .T. ) ;
#60 = CARTESIAN_POINT ( 'NONE',  ( 33.79492975734208200, 1.551413197221335200, 80.96635275645428500 ) ) ;
#61 = CARTESIAN_POINT ( 'NONE',  ( 37.44843902728584300, -0.5592765421640639700, -84.99571383175639000 ) ) ;
#62 = CARTESIAN_POINT ( 'NONE',  ( 47.38051476201196300, 2.140148145524146900, -55.01816993512505900 ) ) ;
#63 = CARTESIAN_POINT ( 'NONE',  ( 33.80961763785289500, -0.5173117446935735500, 86.30233181615834300 ) ) ;
#64 = CARTESIAN_POINT ( 'NONE',  ( 40.00000000000000000, -3.500000000000000000, 0.0000000000000000000 ) ) ;
#65 = CARTESIAN_POINT ( 'NONE',  ( 40.00000000000000000, -3.926777784743245500, -2.500000000000000000 ) ) ;
#66 = CARTESIAN_POINT ( 'NONE',  ( 40.07395546124652000, -1.862147600767278800, 93.61623552985697900 ) ) ;
#67 = ORIENTED_EDGE ( 'NONE', *, *, #4068, .F. ) ;
#68 = CARTESIAN_POINT ( 'NONE',  ( 45.40670350760651500, -0.2360741792325806400, -98.42039891338988900 ) ) ;
#69 = CARTESIAN_POINT ( 'NONE',  ( 47.67142853006178200, -3.375061224639781500, 91.60000000000000900 ) ) ;
#70 = CARTESIAN_POINT ( 'NONE',  ( 47.62606695464864300, 1.162084518823669000, -75.84106334109311800 ) ) ;
#71 = CARTESIAN_POINT ( 'NONE',  ( 31.83711825931089100, 5.209115622387726000, 45.04888591020164100 ) ) ;
#72 = CARTESIAN_POINT ( 'NONE',  ( 45.24613964021876500, 0.7014085854242362300, -1.690739151486504000 ) ) ;
#73 = CARTESIAN_POINT ( 'NONE',  ( 28.06036755163770700, -3.501791265136455800, -67.67101059883704300 ) ) ;
#74 = CARTESIAN_POINT ( 'NONE',  ( 43.24923460399703900, -2.497995535183740000, 92.46980101515865200 ) ) ;
#75 = CARTESIAN_POINT ( 'NONE',  ( 43.80805562389245700, -1.051725551664988200, -91.60000000000012200 ) ) ;
#76 = AXIS2_PLACEMENT_3D ( 'NONE', #4210, #2226, #3002 ) ;
#77 = CARTESIAN_POINT ( 'NONE',  ( 33.81585987694001700, 1.552308680257471000, 80.95884489512198500 ) ) ;
#78 = CARTESIAN_POINT ( 'NONE',  ( 32.42440075045878000, -0.6955032015643718400, -65.00000000000000000 ) ) ;
#79 = CARTESIAN_POINT ( 'NONE',  ( 47.73948181860871600, 3.033438695126689400, -34.99999999999995000 ) ) ;
#80 = CARTESIAN_POINT ( 'NONE',  ( 33.47009921523002900, -0.08561787321504903100, 80.99970668522560400 ) ) ;
#81 = CARTESIAN_POINT ( 'NONE',  ( 31.46509539683761900, 4.625023821766148100, 23.25540309655908500 ) ) ;
#82 = EDGE_CURVE ( 'NONE', #1946, #4887, #3617, .T. ) ;
#83 = CARTESIAN_POINT ( 'NONE',  ( 26.73084485828932300, -3.492244288815582900, -35.00000000000000000 ) ) ;
#84 = CARTESIAN_POINT ( 'NONE',  ( 45.50000000000000000, -3.500000000000000000, 101.5999999999999900 ) ) ;
#85 = CARTESIAN_POINT ( 'NONE',  ( 42.48718918707814400, -1.173076867064040100, -91.59999999999983800 ) ) ;
#86 = CARTESIAN_POINT ( 'NONE',  ( 52.01972085856009200, -3.471793218467273500, 67.63827034368542000 ) ) ;
#87 = CARTESIAN_POINT ( 'NONE',  ( 39.78793432444060600, 1.895165735473918400, -5.500000000000558700 ) ) ;
#88 = CARTESIAN_POINT ( 'NONE',  ( 47.61982004333192700, 1.131689195822640000, -75.83799996633804600 ) ) ;
#89 = CARTESIAN_POINT ( 'NONE',  ( 32.54301224289044800, 5.500000000000005300, 45.03262229995771500 ) ) ;
#90 = CARTESIAN_POINT ( 'NONE',  ( 32.80865640055988300, -1.556214409828279100, -70.35092256225625800 ) ) ;
#91 = ORIENTED_EDGE ( 'NONE', *, *, #3399, .F. ) ;
#92 = CARTESIAN_POINT ( 'NONE',  ( 39.70263146191150800, -1.796070606107766000, -99.96752272332165000 ) ) ;
#93 = CARTESIAN_POINT ( 'NONE',  ( 32.47611528743840400, 2.952115580790032100, 64.99999999999997200 ) ) ;
#94 = CARTESIAN_POINT ( 'NONE',  ( 32.79775953968945100, 3.004872362403155700, 35.00000000000000000 ) ) ;
#95 = CARTESIAN_POINT ( 'NONE',  ( 39.09216249489728100, -1.721121880917405800, 94.11631880615279000 ) ) ;
#96 = CARTESIAN_POINT ( 'NONE',  ( 34.50000000000000000, -3.500000000000000000, -101.5999999999999900 ) ) ;
#97 = CARTESIAN_POINT ( 'NONE',  ( 33.68341314773842800, 2.655098022408563600, 70.27777195253126800 ) ) ;
#98 = CARTESIAN_POINT ( 'NONE',  ( 32.45552800712739100, -1.001070964203598000, -70.25970356848381500 ) ) ;
#99 = CARTESIAN_POINT ( 'NONE',  ( 47.82678881719457600, 2.073798295717659700, -64.99999999999997200 ) ) ;
#100 = CARTESIAN_POINT ( 'NONE',  ( 32.66441428937117300, 0.9596999446554543800, 70.38918682754686500 ) ) ;
#101 = CARTESIAN_POINT ( 'NONE',  ( 47.55081168072558700, -3.497030537516179600, 91.59999999999999400 ) ) ;
#102 = CARTESIAN_POINT ( 'NONE',  ( 34.43326427979269500, 0.4999544664041345500, 91.59999999999999400 ) ) ;
#103 = EDGE_CURVE ( 'NONE', #993, #524, #493, .T. ) ;
#104 = CARTESIAN_POINT ( 'NONE',  ( 34.50000000000000000, -3.500000000000000000, -101.5999999999999900 ) ) ;
#105 = CARTESIAN_POINT ( 'NONE',  ( 52.13318786544493800, -3.482662800778712600, 65.00000000000000000 ) ) ;
#106 = CARTESIAN_POINT ( 'NONE',  ( 34.51650679378097700, -3.165717355800002700, -0.4436115203625166600 ) ) ;
#107 = CARTESIAN_POINT ( 'NONE',  ( 47.64038441921542200, 1.229422329665369900, -75.84769623111040500 ) ) ;
#108 = CARTESIAN_POINT ( 'NONE',  ( 47.14383768337673800, 2.631524067894735400, -70.40269887043103800 ) ) ;
#109 = CARTESIAN_POINT ( 'NONE',  ( 36.40107973445372400, -1.579894265190986400, 95.90880774196703800 ) ) ;
#110 = CARTESIAN_POINT ( 'NONE',  ( 39.99999999999999300, 2.034576191987961000, 5.500000000000000000 ) ) ;
#111 = CARTESIAN_POINT ( 'NONE',  ( 36.07911088822837800, 2.021256488415351400, 74.86876329537159300 ) ) ;
#112 = CARTESIAN_POINT ( 'NONE',  ( 37.05347664456712000, -1.449263251698913900, -91.59999999999999400 ) ) ;
#113 = CARTESIAN_POINT ( 'NONE',  ( 46.81249999999992200, -24.92412854073873500, -65.00000000000000000 ) ) ;
#114 = CARTESIAN_POINT ( 'NONE',  ( 33.19864683780863900, 1.249824110709331100, 64.99999999999998600 ) ) ;
#115 = CARTESIAN_POINT ( 'NONE',  ( 45.57500000000000300, -0.2499999999999997800, -91.59999999999999400 ) ) ;
#116 = CARTESIAN_POINT ( 'NONE',  ( 34.25745642913797400, -0.4731011181199776800, 98.04236158657549500 ) ) ;
#117 = CIRCLE ( 'NONE', #2851, 1.250000000000001100 ) ;
#118 = CARTESIAN_POINT ( 'NONE',  ( 32.68750000000007100, 5.500000000000001800, 23.25785260307938500 ) ) ;
#119 = CARTESIAN_POINT ( 'NONE',  ( 52.10247170129589700, -3.496575226439445000, 65.00000000000000000 ) ) ;
#120 = CARTESIAN_POINT ( 'NONE',  ( 43.17033280837467400, 3.092486487216391700, -65.00000000000009900 ) ) ;
#121 = CARTESIAN_POINT ( 'NONE',  ( 46.31085095309306600, -0.3985518718915080400, -91.59999999999989500 ) ) ;
#122 = CARTESIAN_POINT ( 'NONE',  ( 35.75000000000000700, 1.500000000000000000, 0.0000000000000000000 ) ) ;
#123 = CARTESIAN_POINT ( 'NONE',  ( 37.00708286014365500, -1.715163262314656200, -84.95681617320035200 ) ) ;
#124 = ORIENTED_EDGE ( 'NONE', *, *, #1525, .F. ) ;
#125 = CARTESIAN_POINT ( 'NONE',  ( 46.08956986884265900, 0.2942611143748803400, -91.60000000000026400 ) ) ;
#126 = CARTESIAN_POINT ( 'NONE',  ( 37.61460152366160500, -1.614645444064277000, 95.01857166327359000 ) ) ;
#127 = VERTEX_POINT ( 'NONE', #3016 ) ;
#128 = CARTESIAN_POINT ( 'NONE',  ( 40.90783750510271900, -1.721121880917405800, -94.11631880615279000 ) ) ;
#129 = CARTESIAN_POINT ( 'NONE',  ( 33.82259129317015600, 2.060235033420366500, 75.55554089358226100 ) ) ;
#130 = CARTESIAN_POINT ( 'NONE',  ( 32.74593678985017700, -0.5123797038784514400, -65.00000000000000000 ) ) ;
#131 = ORIENTED_EDGE ( 'NONE', *, *, #3246, .F. ) ;
#132 = CARTESIAN_POINT ( 'NONE',  ( 40.00000000000000000, -3.500000000000000000, 5.500000000000000000 ) ) ;
#133 = CARTESIAN_POINT ( 'NONE',  ( 33.84170553452656800, 0.3436141235815725600, 91.60000000000002300 ) ) ;
#134 = CARTESIAN_POINT ( 'NONE',  ( 50.21727310661961500, -3.472525925007758500, 78.27827034368542100 ) ) ;
#135 = CARTESIAN_POINT ( 'NONE',  ( 46.24706695854757800, 1.558773547450306200, -80.98072553602078500 ) ) ;
#136 = CARTESIAN_POINT ( 'NONE',  ( 35.05892028630405800, -2.642467703322794100, -2.426544726353799600 ) ) ;
#137 = CARTESIAN_POINT ( 'NONE',  ( 47.79298568320179200, 2.053377310124329100, -65.00000000000002800 ) ) ;
#138 = CARTESIAN_POINT ( 'NONE',  ( 32.93750000000007800, 4.375000000000001800, 55.01473523173899600 ) ) ;
#139 = EDGE_CURVE ( 'NONE', #2897, #4498, #3761, .T. ) ;
#140 = CARTESIAN_POINT ( 'NONE',  ( 47.60291544787060000, 2.859445760795120700, -64.99999999999995700 ) ) ;
#141 = CARTESIAN_POINT ( 'NONE',  ( 41.57050823872862100, -1.275399761486496500, 84.95516856332004400 ) ) ;
#142 = ORIENTED_EDGE ( 'NONE', *, *, #2696, .T. ) ;
#143 = CARTESIAN_POINT ( 'NONE',  ( 42.38539847633839500, -1.614645444064277000, -95.01857166327359000 ) ) ;
#144 = CARTESIAN_POINT ( 'NONE',  ( 34.12895051914553300, 1.025423365042032800, 86.27853137749254100 ) ) ;
#145 = CARTESIAN_POINT ( 'NONE',  ( 36.17782884648487900, -1.100629168772294700, -84.93493680762129800 ) ) ;
#146 = CARTESIAN_POINT ( 'NONE',  ( 45.35585879556387600, 2.202293069614229500, -1.278338088417464900 ) ) ;
#147 = CARTESIAN_POINT ( 'NONE',  ( 38.47504181453335500, -1.261291078911410200, -84.96418725079072900 ) ) ;
#148 = CARTESIAN_POINT ( 'NONE',  ( 32.84733134484343300, 2.629615217531823500, 70.40386737226397400 ) ) ;
#149 = CARTESIAN_POINT ( 'NONE',  ( 48.94557469376776000, -3.452276345958110900, 84.92644557582563900 ) ) ;
#150 = CARTESIAN_POINT ( 'NONE',  ( 46.83775228502407400, 2.653050298449298100, -70.35074997370833200 ) ) ;
#151 = CARTESIAN_POINT ( 'NONE',  ( 35.27761876890353000, -2.439996045668901400, -2.828692905615710200 ) ) ;
#152 = CARTESIAN_POINT ( 'NONE',  ( 47.56715798377703700, 1.904281594847090400, -75.89469614019620300 ) ) ;
#153 = CARTESIAN_POINT ( 'NONE',  ( 40.00000000000000000, -3.500000000000000000, -5.500000000000000000 ) ) ;
#154 = CARTESIAN_POINT ( 'NONE',  ( 46.38024042567914100, 0.9163090829247027000, -86.32632687306109200 ) ) ;
#155 = CARTESIAN_POINT ( 'NONE',  ( 32.38800443981480700, -3.307095056500830100, -91.60000000000000900 ) ) ;
#156 = CARTESIAN_POINT ( 'NONE',  ( 27.92880706044934800, -3.202275457983076100, -52.61018983562218700 ) ) ;
#157 = CARTESIAN_POINT ( 'NONE',  ( 40.81242653804552800, 2.492197029952127400, -5.457946530109466300 ) ) ;
#158 = CARTESIAN_POINT ( 'NONE',  ( 38.57339613965260100, 2.283645218729234200, 69.39108366916887900 ) ) ;
#159 = CARTESIAN_POINT ( 'NONE',  ( 29.70778843882383300, -3.353738925625876300, -78.19796246428974500 ) ) ;
#160 = CARTESIAN_POINT ( 'NONE',  ( 33.99539039474877500, -0.8634990112084355300, 91.59999999999971000 ) ) ;
#161 = CARTESIAN_POINT ( 'NONE',  ( 44.04282393634895200, 0.04683820488519256600, 65.00000000000000000 ) ) ;
#162 = CARTESIAN_POINT ( 'NONE',  ( 36.03404613596774900, -0.07022559427114281900, -67.67710555057726700 ) ) ;
#163 = CARTESIAN_POINT ( 'NONE',  ( 33.49370544322061200, 2.265449377616698600, 75.79022768431247000 ) ) ;
#164 = CARTESIAN_POINT ( 'NONE',  ( 47.55081168072558700, -3.497030537516180100, 91.59999999999999400 ) ) ;
#165 = CARTESIAN_POINT ( 'NONE',  ( 46.49143004921283800, 2.080041040758979800, -75.69652591683258400 ) ) ;
#166 = CARTESIAN_POINT ( 'NONE',  ( 30.99149736648950400, -0.8463118392531696600, -53.34520522423023400 ) ) ;
#167 = CARTESIAN_POINT ( 'NONE',  ( 47.77644373765884500, 1.983534977106965900, -65.00000000000004300 ) ) ;
#168 = CARTESIAN_POINT ( 'NONE',  ( 37.58019241856903400, -0.2249859100612356400, 0.0000000000000000000 ) ) ;
#169 = CARTESIAN_POINT ( 'NONE',  ( 46.09621352912476800, 0.2879017730269637900, -91.60000000000026400 ) ) ;
#170 = PRODUCT_DEFINITION ( 'UNKNOWN', '', #2671, #2520 ) ;
#171 = CARTESIAN_POINT ( 'NONE',  ( 33.89730818218115600, 0.5430812962098321400, -35.00000000000000000 ) ) ;
#172 = LINE ( 'NONE', #4349, #1353 ) ;
#173 = CARTESIAN_POINT ( 'NONE',  ( 28.25985564418435600, -2.631281765846673200, -34.99999999999997900 ) ) ;
#174 = CARTESIAN_POINT ( 'NONE',  ( 43.84859983865582200, 3.006491934517160100, -3.936157108322142100 ) ) ;
#175 = ORIENTED_EDGE ( 'NONE', *, *, #2980, .F. ) ;
#176 = FACE_OUTER_BOUND ( 'NONE', #967, .T. ) ;
#177 = CIRCLE ( 'NONE', #3411, 17.99999999999999600 ) ;
#178 = CARTESIAN_POINT ( 'NONE',  ( 41.70964931413978100, 1.934179348758109600, 64.99999999999998600 ) ) ;
#179 = CARTESIAN_POINT ( 'NONE',  ( 32.53350383969223000, -1.978936909505438500, -78.18701539812403200 ) ) ;
#180 = CARTESIAN_POINT ( 'NONE',  ( 47.42449556015208900, -3.232430917835104300, 91.59999999999998000 ) ) ;
#181 = CARTESIAN_POINT ( 'NONE',  ( 34.07082139477883200, -0.9109617970203784900, 91.59999999999976700 ) ) ;
#182 = CARTESIAN_POINT ( 'NONE',  ( 36.27404794896731500, 0.1839622008480167000, -65.00000000000000000 ) ) ;
#183 = CARTESIAN_POINT ( 'NONE',  ( 33.88551794909150100, 0.2696579355849730300, 91.60000000000026400 ) ) ;
#184 = CARTESIAN_POINT ( 'NONE',  ( 31.68791438996726500, 5.053453130918208900, 23.25257406693531300 ) ) ;
#185 = ORIENTED_EDGE ( 'NONE', *, *, #3798, .F. ) ;
#186 = CARTESIAN_POINT ( 'NONE',  ( 51.91146287807707400, -3.495627888606577000, 67.67748053202908000 ) ) ;
#187 = CARTESIAN_POINT ( 'NONE',  ( 46.47692169098859000, 2.107954231667514400, -75.71734380613284500 ) ) ;
#188 = CARTESIAN_POINT ( 'NONE',  ( 46.31813457719040600, -0.3519692570995622800, -91.59999999999990900 ) ) ;
#189 = CARTESIAN_POINT ( 'NONE',  ( 44.65649936647439900, -3.153307385241527400, 0.0000000000000000000 ) ) ;
#190 = CARTESIAN_POINT ( 'NONE',  ( 47.58526780281931000, 2.881714694686961000, -64.99999999999997200 ) ) ;
#191 = CARTESIAN_POINT ( 'NONE',  ( 37.36024877862973200, -2.150212758095498600, -22.88156924917728200 ) ) ;
#192 = CARTESIAN_POINT ( 'NONE',  ( 30.87293689865879600, -1.755202108929919000, -53.15101810504420900 ) ) ;
#193 = CARTESIAN_POINT ( 'NONE',  ( 48.10609740793077500, -3.274669800041051500, 84.95843284160471900 ) ) ;
#194 = CARTESIAN_POINT ( 'NONE',  ( 46.01284391429365400, -0.04679952940236827000, 67.77687040799854400 ) ) ;
#195 = CARTESIAN_POINT ( 'NONE',  ( 33.26183865990630300, -1.643133977699772900, -78.20729161852366900 ) ) ;
#196 = ORIENTED_EDGE ( 'NONE', *, *, #4108, .F. ) ;
#197 = CARTESIAN_POINT ( 'NONE',  ( 41.55342439377424300, -1.270096972333065500, 84.95855277528863800 ) ) ;
#198 = CARTESIAN_POINT ( 'NONE',  ( 33.03983011183811400, 0.1808461862446944500, 81.04270111377657300 ) ) ;
#199 = EDGE_CURVE ( 'NONE', #4887, #1946, #4790, .T. ) ;
#200 = CARTESIAN_POINT ( 'NONE',  ( 52.78236428029541800, -3.297441780198733200, 52.50180841888239100 ) ) ;
#201 = CARTESIAN_POINT ( 'NONE',  ( 36.22454196254613400, 0.01016806734913096300, -67.73785311825051300 ) ) ;
#202 = CARTESIAN_POINT ( 'NONE',  ( 32.39238786297038800, 2.853296867367342700, 64.99999999999994300 ) ) ;
#203 = CARTESIAN_POINT ( 'NONE',  ( 27.95717606356943500, -3.495300514531105100, -65.00000000000000000 ) ) ;
#204 = CARTESIAN_POINT ( 'NONE',  ( 45.97875328863669600, 1.023511695293171300, -86.29036276801043900 ) ) ;
#205 = CARTESIAN_POINT ( 'NONE',  ( 49.91919928469410200, -0.7419513609521681800, 35.00000000000000000 ) ) ;
#206 = CARTESIAN_POINT ( 'NONE',  ( 46.32364342534757600, -0.2952657016641445100, -91.59999999999993700 ) ) ;
#207 = CARTESIAN_POINT ( 'NONE',  ( 43.70965456563202900, 1.643812679281249500, 35.00000000000001400 ) ) ;
#208 = APPLICATION_CONTEXT ( 'configuration controlled 3d designs of mechanical parts and assemblies' ) ;
#209 = CARTESIAN_POINT ( 'NONE',  ( 47.58852780773040100, 2.877699812167158600, -64.99999999999997200 ) ) ;
#210 = CARTESIAN_POINT ( 'NONE',  ( 32.30601264329253300, -0.3529528159032009900, -23.22325450490696100 ) ) ;
#211 = CARTESIAN_POINT ( 'NONE',  ( 45.50000000000000000, -3.500000000000000000, 101.5999999999999900 ) ) ;
#212 = CARTESIAN_POINT ( 'NONE',  ( 49.47559286056377200, -2.524148729762156300, 70.35239488166720900 ) ) ;
#213 = CARTESIAN_POINT ( 'NONE',  ( 45.54111271250214100, 0.4003503166141035900, 64.99999999999997200 ) ) ;
#214 = CARTESIAN_POINT ( 'NONE',  ( 29.30306737583726600, -2.473187239989410400, -65.00000000000002800 ) ) ;
#215 = CARTESIAN_POINT ( 'NONE',  ( 40.52501039177671100, -1.745611812738473200, 91.59999999999998000 ) ) ;
#216 = CARTESIAN_POINT ( 'NONE',  ( 36.11458421424651300, -0.1796416769483043800, -70.37256937397201300 ) ) ;
#217 = CARTESIAN_POINT ( 'NONE',  ( 32.29612570146055400, 2.702217739350506700, 64.99999999999994300 ) ) ;
#218 = CARTESIAN_POINT ( 'NONE',  ( 35.34696022396040900, 0.4131993951358937100, 2.933940741811093200 ) ) ;
#219 = CARTESIAN_POINT ( 'NONE',  ( 33.68186542280960100, -0.3519692570995622800, 91.59999999999990900 ) ) ;
#220 = DIRECTION ( 'NONE',  ( 1.000000000000000000, 0.0000000000000000000, 0.0000000000000000000 ) ) ;
#221 = CARTESIAN_POINT ( 'NONE',  ( 45.38620080214946000, 1.023707619174317100, -86.23600614581225400 ) ) ;
#222 = CARTESIAN_POINT ( 'NONE',  ( 38.62169215393469600, 2.414775042353970700, 7.192876580974879800 ) ) ;
#223 = CARTESIAN_POINT ( 'NONE',  ( 46.32464942817315300, -0.2736824674321704500, -91.59999999999996600 ) ) ;
#224 = CARTESIAN_POINT ( 'NONE',  ( 44.20179484901000000, -2.927145452471276800, 24.24837447618146800 ) ) ;
#225 = PERSON_AND_ORGANIZATION_ROLE ( 'classification_officer' ) ;
#226 = B_SPLINE_SURFACE_WITH_KNOTS ( 'NONE', 5, 5, ( 
 ( #568, #3846, #3114, #4289, #635, #587 ),
 ( #1449, #1821, #5140, #3454, #3489, #4735 ),
 ( #4663, #2646, #3915, #1020, #3096, #603 ),
 ( #4323, #162, #4304, #2221, #1875, #2679 ),
 ( #2287, #5164, #2698, #5126, #5094, #968 ),
 ( #4679, #2250, #216, #3900, #1434, #2625 ),
 ( #1803, #4273, #2663, #2235, #147, #985 ),
 ( #1837, #3045, #3865, #1399, #5109, #3061 ),
 ( #3469, #201, #1002, #3884, #1417, #4700 ),
 ( #182, #3078, #1854, #616, #4718, #2270 ),
 ( #3505, #1042, #3150, #4001, #2355, #305 ),
 ( #3196, #3134, #4775, #5233, #2771, #3575 ),
 ( #2753, #3952, #5183, #1110, #1923, #1058 ),
 ( #686, #1126, #4344, #2790, #2340, #4396 ),
 ( #1909, #3935, #1077, #3523, #1468, #2720 ),
 ( #706, #1894, #1959, #3984, #4755, #3589 ),
 ( #2305, #4792, #5247, #289, #1521, #1945 ),
 ( #235, #658, #4825, #256, #3542, #1489 ),
 ( #4362, #2323, #5198, #2734, #1504, #672 ),
 ( #2370, #1538, #3558, #3181, #1094, #4808 ),
 ( #273, #3965, #4379, #4409, #5213, #3166 ),
 ( #3678, #2404, #4073, #1974, #1213, #2437 ),
 ( #4090, #1632, #4500, #4876, #4425, #722 ),
 ( #1577, #2012, #2049, #3251, #3657, #4841 ),
 ( #3607, #4033, #2421, #4444, #4918, #324 ),
 ( #4054, #2389, #4018, #2453, #1143, #2877 ),
 ( #338, #357, #1992, #1559, #3213, #740 ),
 ( #2843, #5332, #779, #5263, #398, #2805 ),
 ( #3625, #1611, #1197, #5298, #378, #4858 ),
 ( #1163, #5283, #2820, #3231, #5315, #2862 ),
 ( #4461, #4479, #759, #3640, #2032, #4901 ),
 ( #3267, #1179, #1593, #796, #4130, #2932 ),
 ( #3337, #20, #2914, #856, #3714, #2510 ),
 ( #813, #3732, #2488, #3285, #36, #415 ),
 ( #434, #835, #456, #1269, #3695, #2067 ),
 ( #4107, #1231, #1650, #4954, #4517, #1249 ),
 ( #1666, #4533, #4932, #2471, #4147, #3 ),
 ( #2894, #3303, #1689, #2087, #2109, #3320 ),
 ( #4552, #873, #4973, #2079, #4511, #1243 ),
 ( #3651, #4946, #790, #2465, #351, #2482 ),
 ( #2061, #15, #2908, #4142, #827, #5309 ),
 ( #4455, #2888, #428, #4492, #3708, #3672 ),
 ( #4928, #1225, #5293, #1191, #4084, #1643 ),
 ( #2857, #3261, #4472, #5345, #370, #1208 ),
 ( #2432, #3298, #2044, #4066, #1263, #4912 ),
 ( #1626, #2448, #391, #4124, #3278, #850 ),
 ( #5327, #2007, #2872, #3314, #1660, #4868 ),
 ( #4891, #2414, #4528, #3726, #2835, #3243 ),
 ( #409, #4100, #773, #1605, #2026, #809 ),
 ( #3689, #4618, #2502, #941, #486, #2559 ),
 ( #49, #4545, #4568, #3818, #1683, #3331 ),
 ( #5027, #905, #2103, #2177, #4986, #1358 ),
 ( #2943, #2580, #88, #4967, #449, #469 ),
 ( #2984, #2160, #32, #3782, #884, #2961 ),
 ( #4175, #504, #4159, #1322, #3353, #2926 ),
 ( #3387, #925, #867, #1715, #3371, #3802 ),
 ( #3763, #1303, #70, #4194, #3746, #1338 ),
 ( #4583, #1756, #2142, #5005, #522, #2540 ),
 ( #1283, #1700, #1734, #5045, #4600, #4209 ),
 ( #2121, #2524, #107, #3001, #3406, #591 ),
 ( #3851, #1826, #990, #5061, #954, #1388 ),
 ( #2225, #539, #2193, #4706, #4634, #1027 ),
 ( #2210, #3066, #4262, #3834, #3904, #1809 ),
 ( #972, #2613, #152, #3475, #3051, #607 ),
 ( #4667, #4225, #5098, #2259, #1007, #1773 ),
 ( #4649, #2596, #3888, #3494, #5130, #1423 ),
 ( #2652, #3871, #4687, #1373, #2240, #121 ),
 ( #167, #3442, #4244, #5114, #2630, #188 ),
 ( #3017, #1404, #4278, #4294, #576, #2668 ),
 ( #3424, #1843, #3459, #1791, #3083, #5079 ),
 ( #137, #3033, #556, #2330, #1118, #206 ),
 ( #1861, #696, #5225, #3530, #3172, #3512 ),
 ( #622, #1048, #4311, #3581, #4763, #1439 ),
 ( #2760, #1933, #2293, #264, #3923, #3957 ),
 ( #664, #5149, #3121, #4388, #1496, #3567 ),
 ( #1455, #4800, #644, #4782, #2686, #2347 ),
 ( #3103, #4725, #245, #1512, #3940, #223 ),
 ( #2276, #4330, #5203, #280, #1478, #3157 ),
 ( #1067, #4370, #3549, #1883, #4742, #4354 ),
 ( #5172, #2707, #1901, #2313, #1915, #5188 ),
 ( #2744, #2726, #679, #3141, #1083, #1102 ),
 ( #3974, #2021, #747, #4816, #2428, #4884 ),
 ( #1951, #4864, #4451, #330, #3647, #4833 ),
 ( #3993, #787, #3597, #5254, #347, #3240 ),
 ( #2395, #3222, #4416, #295, #4040, #5270 ),
 ( #1567, #1170, #1601, #2362, #3258, #2812 ),
 ( #1965, #2377, #1529, #1548, #3666, #4402 ),
 ( #1584, #1186, #5239, #5305, #2001, #2781 ),
 ( #3188, #713, #3631, #366, #768, #2411 ),
 ( #1133, #4008, #2797, #2852, #730, #313 ),
 ( #3203, #1151, #5289, #3613, #2829, #4024 ),
 ( #4432, #4468, #1981, #4062, #4848, #4703 ),
 ( #2357, #5082, #2195, #3428, #154, #3036 ),
 ( #994, #5064, #1391, #4620, #3873, #5102 ),
 ( #1406, #4281, #2634, #3069, #3053, #4228 ),
 ( #1776, #4653, #1829, #559, #977, #1759 ),
 ( #3390, #1362, #2213, #4637, #4690, #3004 ),
 ( #1375, #5048, #1341, #2242, #3806, #169 ),
 ( #3020, #3445, #2599, #4212, #526, #3409 ),
 ( #140, #5118, #3853, #2181, #2654, #927 ),
 ( #2584, #4265, #1814, #2617, #578, #125 ),
 ( #3820, #108, #2227, #943, #542, #3461 ),
 ( #4670, #957, #3838, #4247, #1794, #1010 ),
 ( #209, #4744, #3891, #647, #2278, #3514 ),
 ( #190, #595, #5133, #3532, #3478, #2670 ),
 ( #2709, #1426, #4296, #4334, #2262, #3123 ),
 ( #3085, #624, #1845, #4710, #227, #609 ),
 ( #1030, #3497, #3906, #1885, #1442, #3106 ),
 ( #1051, #3925, #4313, #1863, #4727, #5151 ),
 ( #2689, #1457, #2295, #5174, #1386, #4292 ),
 ( #1005, #970, #3472, #572, #1824, #3903 ),
 ( #988, #1858, #3869, #5112, #620, #2650 ),
 ( #554, #2208, #589, #4723, #4276, #3457 ),
 ( #4647, #1789, #187, #3101, #4683, #3493 ),
 ( #1402, #4704, #3886, #2611, #3848, #2238 ),
 ( #5075, #150, #165, #1806, #2255, #3049 ),
 ( #3082, #5096, #606, #3064, #4260, #3920 ),
 ( #1421, #5145, #1841, #135, #204, #2683 ),
 ( #3030, #2667, #5129, #1024, #1437, #2628 ),
 ( #3440, #1453, #4665, #4309, #2274, #3509 ),
 ( #1046, #2223, #4761, #640, #4384, #2740 ),
 ( #276, #3546, #1065, #1928, #1913, #292 ),
 ( #1130, #3971, #1509, #5221, #3955, #2359 ),
 ( #4740, #2344, #3564, #1880, #4812, #2310 ),
 ( #261, #242, #5236, #2757, #4005, #3119 ),
 ( #2291, #3169, #4796, #4327, #1099, #1081 ),
 ( #3138, #1494, #691, #1474, #3578, #2724 ),
 ( #3528, #1115, #3990, #3938, #4367, #676 ),
 ( #1526, #662, #4780, #5187, #4399, #5169 ),
 ( #1948, #2327, #2776, #5201, #3154, #3185 ),
 ( #710, #4352, #2704, #3593, #221, #1899 ),
 ( #4412, #1544, #5301, #2865, #1581, #3254 ),
 ( #1167, #4464, #3643, #2373, #3610, #4036 ),
 ( #1962, #5267, #327, #1563, #2015, #2808 ),
 ( #2847, #4844, #361, #4448, #1147, #3682 ),
 ( #1182, #3628, #3218, #2823, #783, #342 ),
 ( #4830, #1998, #1217, #4861, #2037, #3661 ),
 ( #2441, #1978, #5250, #1201, #800, #4905 ),
 ( #4021, #4076, #4058, #4880, #4429, #2424 ),
 ( #1616, #4482, #744, #2392, #5318, #2408 ),
 ( #383, #2794, #1596, #3270, #310, #5286 ),
 ( #3199, #726, #3236, #764, #4152, #4921 ),
 ( #4093, #2457, #24, #478, #877, #1693 ),
 ( #3363, #4504, #894, #2532, #841, #3774 ),
 ( #7, #1255, #4558, #1235, #3738, #2475 ),
 ( #401, #2113, #2514, #3290, #4134, #439 ),
 ( #859, #2900, #420, #4521, #2935, #1635 ),
 ( #460, #3307, #4166, #3718, #2093, #2952 ),
 ( #1672, #2881, #2053, #2919, #1708, #4537 ),
 ( #5336, #817, #3700, #41, #61, #4960 ),
 ( #2493, #3324, #4978, #1273, #4113, #1653 ),
 ( #3341, #3754, #2071, #4937, #4576, #1294 ),
 ( #2132, #4996, #948, #4608, #1724, #915 ),
 ( #2550, #3417, #4658, #3826, #2149, #5091 ),
 ( #3009, #4591, #2200, #1782, #531, #963 ),
 ( #1366, #1313, #3450, #3790, #2567, #3025 ),
 ( #4234, #5053, #4642, #1745, #2973, #5069 ),
 ( #4186, #4217, #2603, #4254, #5015, #565 ),
 ( #130, #982, #548, #3433, #3843, #933 ),
 ( #78, #495, #1380, #1800, #3379, #2218 ),
 ( #1330, #2589, #98, #2622, #145, #4202 ),
 ( #3041, #2169, #5037, #2992, #3395, #514 ),
 ( #3812, #1347, #1765, #4626, #2186, #112 ),
 ( #3484, #2301, #4339, #4697, #2694, #3466 ),
 ( #5178, #3093, #3058, #195, #2659, #3896 ),
 ( #3502, #584, #1464, #179, #1871, #5107 ),
 ( #214, #1446, #1889, #4750, #3111, #3538 ),
 ( #2247, #5122, #3074, #5137, #2716, #1038 ),
 ( #2232, #2676, #3862, #1834, #613, #600 ),
 ( #999, #631, #1851, #159, #1818, #231 ),
 ( #653, #3912, #1016, #4320, #1431, #4270 ),
 ( #2642, #4732, #3130, #2283, #4676, #1396 ),
 ( #5160, #3881, #3519, #1055, #3931, #1413 ),
 ( #4286, #4303, #4715, #2266, #2336, #2786 ),
 ( #1122, #4804, #284, #1500, #2730, #3997 ),
 ( #3948, #3980, #3585, #4014, #1905, #320 ),
 ( #1955, #4375, #4787, #1484, #3961, #3209 ),
 ( #252, #1534, #3604, #736, #4837, #4405 ),
 ( #1139, #1073, #4771, #2351, #2802, #3192 ),
 ( #4821, #4358, #2319, #5194, #2384, #3163 ),
 ( #3146, #668, #3554, #1089, #1919, #5209 ),
 ( #2749, #268, #2366, #5243, #682, #1106 ),
 ( #301, #3177, #3571, #1517, #4392, #718 ),
 ( #1555, #4422, #1941, #1970, #5229, #2767 ),
 ( #702, #5259, #2401, #4030, #2434, #3692 ),
 ( #4458, #2010, #4873, #4897, #4104, #793 ),
 ( #1988, #5312, #3621, #1590, #2859, #2418 ),
 ( #3228, #2450, #1608, #5279, #1573, #1646 ),
 ( #412, #374, #3248, #3264, #5295, #4441 ),
 ( #3637, #4854, #3675, #4514, #1210, #2817 ),
 ( #2064, #4087, #335, #4496, #1629, #2046 ),
 ( #3301, #4930, #4050, #1159, #5329, #2891 ),
 ( #2873, #756, #4915, #394, #3281, #1176 ),
 ( #2839, #811, #1228, #354, #776, #2468 ),
 ( #5347, #3654, #1194, #4070, #4476, #2030 ),
 ( #4197, #3711, #1247, #4178, #52, #4127 ),
 ( #4145, #2987, #4571, #2106, #1737, #1718 ),
 ( #4949, #4970, #1663, #4585, #1306, #830 ),
 ( #34, #2124, #2505, #3334, #2144, #3317 ),
 ( #507, #452, #4602, #1325, #1686, #5008 ),
 ( #3356, #2164, #2946, #18, #2526, #2929 ),
 ( #2543, #73, #870, #909, #3749, #4161 ),
 ( #1703, #1286, #2485, #4530, #4990, #3785 ),
 ( #472, #2083, #2911, #431, #2964, #5031 ) ),
 .UNSPECIFIED., .F., .F., .F.,
 ( 6, 3, 3, 1, 3, 3, 3, 3, 4, 3, 3, 3, 3, 3, 3, 3, 3, 3, 3, 3, 3, 3, 3, 3, 3, 3, 3, 3, 3, 3, 3, 3, 3, 3, 3, 3, 3, 3, 3, 3, 3, 2, 4, 3, 3, 3, 3, 3, 3, 3, 2, 3, 4, 3, 3, 3, 4, 3, 3, 3, 3, 3, 3, 3, 3, 3, 3, 6 ),
 ( 6, 6 ),
 ( 0.0000000000000000000, 0.001143221307158447400, 0.002286442614316894700, 0.009145770457267579000, 0.01829154091453515800, 0.03658308182907031600, 0.07316616365814063200, 0.1463323273162812600, 0.2926646546325625300, 0.2928596958542818400, 0.2934448195194397400, 0.2942249844063169500, 0.2957853141800713100, 0.2989059737275801000, 0.3051472928225976700, 0.3113886119176152400, 0.3145092714651240300, 0.3152894363520012400, 0.3156795187954398200, 0.3160696012388783900, 0.3176299310126328200, 0.3301125692026679600, 0.3363538882976855300, 0.3394745478451942600, 0.3404497539537907300, 0.3406447951755100500, 0.3408398363972293700, 0.3410348776189486800, 0.3425952073927030500, 0.3550778455827381400, 0.3613191646777557100, 0.3644398242252645000, 0.3660001539990188600, 0.3663902364424575000, 0.3667803188858960700, 0.3675604837727732800, 0.3738018028677908600, 0.3769224624152996400, 0.3800431219628084300, 0.3862844410578260000, 0.3894051006053347900, 0.3909654303790891500, 0.3925257601528435700, 0.3927070445572892200, 0.4389345676909319800, 0.4853433752290203800, 0.5781609903051971900, 0.6245697978432855900, 0.6709786053813739900, 0.7173874129194624000, 0.7405918166885066000, 0.7521940185730287000, 0.7637962204575506900, 0.7708236128448195900, 0.8200153595557027100, 0.8762344986538548300, 0.9886727768501588600, 0.9888497647118751300, 0.9893807282970239500, 0.9900886797438890300, 0.9911506069141866600, 0.9915045826376192000, 0.9929204855313493700, 0.9943363884250794300, 0.9964602427656745800, 0.9971681942125396600, 0.9985840971062698300, 1.000000000000000000 ),
 ( 0.0000000000000000000, 1.000000000000000000 ),
 .UNSPECIFIED. ) ;
#227 = CARTESIAN_POINT ( 'NONE',  ( 46.24868852443689300, 0.9754051228051946500, -86.31604888900467600 ) ) ;
#228 = CARTESIAN_POINT ( 'NONE',  ( 43.63062387887045200, 3.153323766124595600, -34.99999999999997200 ) ) ;
#229 = CARTESIAN_POINT ( 'NONE',  ( 35.68238534051956600, 2.941970477357746600, 3.415032071104048100 ) ) ;
#230 = CARTESIAN_POINT ( 'NONE',  ( 38.34315291944059800, 0.07129772257941643900, 91.59999999999998000 ) ) ;
#231 = CARTESIAN_POINT ( 'NONE',  ( 32.38706207152233700, -3.307470315790514100, -91.60000000000000900 ) ) ;
#232 = CARTESIAN_POINT ( 'NONE',  ( 41.48511257264677000, -1.248997359055809000, 84.97206947942324000 ) ) ;
#233 = CARTESIAN_POINT ( 'NONE',  ( 33.50230634762360200, -0.3266498913587523300, 86.32242001810009000 ) ) ;
#234 = CARTESIAN_POINT ( 'NONE',  ( 53.26915514171067700, -3.492244288815582900, 35.00000000000000000 ) ) ;
#235 = CARTESIAN_POINT ( 'NONE',  ( 38.65915177114625600, 1.003892119221319000, -65.00000000000002800 ) ) ;
#236 = CARTESIAN_POINT ( 'NONE',  ( 33.45847417431547700, 1.603447768602186900, 81.04293333198117500 ) ) ;
#237 = ADVANCED_FACE ( 'NONE', ( #545 ), #272, .F. ) ;
#238 = LOCAL_TIME ( 7, 14, 15.00000000000000000, #3917 ) ;
#239 = DIRECTION ( 'NONE',  ( 1.000000000000000000, 0.0000000000000000000, 0.0000000000000000000 ) ) ;
#240 = CARTESIAN_POINT ( 'NONE',  ( 32.24057479566492600, 1.558134605271621400, 70.43707583891975300 ) ) ;
#241 = CARTESIAN_POINT ( 'NONE',  ( 44.41661660775724800, -2.106566525355265900, 92.34736042099463300 ) ) ;
#242 = CARTESIAN_POINT ( 'NONE',  ( 46.68980101675661100, 2.650605643743658000, -70.31980054116272100 ) ) ;
#243 = CARTESIAN_POINT ( 'NONE',  ( 49.02370061880549900, -0.08793353458758541900, 23.00867411803021400 ) ) ;
#244 = LINE ( 'NONE', #2784, #1804 ) ;
#245 = CARTESIAN_POINT ( 'NONE',  ( 47.11919322465651300, 2.316325423979154400, -75.88956017581222100 ) ) ;
#246 = CARTESIAN_POINT ( 'NONE',  ( 47.40586519631300200, 2.986840821713614400, -35.00000000000000000 ) ) ;
#247 = ORIENTED_EDGE ( 'NONE', *, *, #5181, .T. ) ;
#248 = CARTESIAN_POINT ( 'NONE',  ( 45.22522384064014000, -3.429184591355484400, 1.716693279303529000 ) ) ;
#249 = EDGE_CURVE ( 'NONE', #3809, #4694, #1289, .T. ) ;
#250 = ORIENTED_EDGE ( 'NONE', *, *, #5117, .F. ) ;
#251 = CARTESIAN_POINT ( 'NONE',  ( 41.11987784217277700, -0.03655926486981942600, 85.15444147810623600 ) ) ;
#252 = CARTESIAN_POINT ( 'NONE',  ( 27.84584158899278700, -3.307679960089096500, -65.00000000000000000 ) ) ;
#253 = CARTESIAN_POINT ( 'NONE',  ( 43.95190087707101900, -0.06423741917270404900, 67.68161502529865500 ) ) ;
#254 = CARTESIAN_POINT ( 'NONE',  ( 32.63123331347430400, 1.421334025035282400, 65.00000000000000000 ) ) ;
#255 = CARTESIAN_POINT ( 'NONE',  ( 44.88894465325203200, 2.662847721955357000, 35.00000000000000000 ) ) ;
#256 = CARTESIAN_POINT ( 'NONE',  ( 39.67812792999458100, -0.1277316043184999500, -79.11455797756634900 ) ) ;
#257 = MANIFOLD_SOLID_BREP ( 'Stock-PROPELLER - 8x4.5 CCW-1', #593 ) ;
#258 = CARTESIAN_POINT ( 'NONE',  ( 35.77193763162176800, -2.908887779590178200, -3.529686771095622800 ) ) ;
#259 = CARTESIAN_POINT ( 'NONE',  ( 33.78468317115021300, -0.6455560552760246700, 91.59999999999971000 ) ) ;
#260 = CARTESIAN_POINT ( 'NONE',  ( 42.11199556251587900, -1.116946991387025600, 91.59999999999998000 ) ) ;
#261 = CARTESIAN_POINT ( 'NONE',  ( 46.83614317516642700, 3.249825630778890900, -64.99999999999997200 ) ) ;
#262 = CARTESIAN_POINT ( 'NONE',  ( 38.06030345026729800, -1.259390440055667700, 91.60000000000005100 ) ) ;
#263 = CARTESIAN_POINT ( 'NONE',  ( 45.31434733730838400, -3.451720834566144500, 0.0000000000000000000 ) ) ;
#264 = CARTESIAN_POINT ( 'NONE',  ( 47.12037554630874300, 1.207729769979427400, -81.08958147240127800 ) ) ;
#265 = CARTESIAN_POINT ( 'NONE',  ( 34.50000000000000000, -3.500000000000000000, -101.5999999999999900 ) ) ;
#266 = CARTESIAN_POINT ( 'NONE',  ( 46.74682112440456900, -3.316136826881716600, 91.95943845209420400 ) ) ;
#267 = CARTESIAN_POINT ( 'NONE',  ( 47.17229213694327000, -0.4658088592432440600, 65.00000000000000000 ) ) ;
#268 = CARTESIAN_POINT ( 'NONE',  ( 27.91371672866196000, -3.410572397911004300, -67.56524795891698400 ) ) ;
#269 = CARTESIAN_POINT ( 'NONE',  ( 41.24063388738981200, -1.175204631573433700, 85.02025008753678000 ) ) ;
#270 = CARTESIAN_POINT ( 'NONE',  ( 32.38323544658511100, 1.116012248012482300, 75.83640949013695800 ) ) ;
#271 = CARTESIAN_POINT ( 'NONE',  ( 53.29785949944605500, -3.502856202887450800, 40.00382185745043300 ) ) ;
#272 = B_SPLINE_SURFACE_WITH_KNOTS ( 'NONE', 3, 3, ( 
 ( #503, #3870, #924, #3000 ),
 ( #3817, #3423, #1356, #1772 ),
 ( #4633, #5060, #2595, #120 ),
 ( #538, #1372, #1006, #3887 ),
 ( #590, #1422, #1403, #4293 ),
 ( #2651, #3473, #1842, #4277 ),
 ( #4705, #2256, #4684, #1825 ),
 ( #2239, #5113, #166, #3065 ),
 ( #1195, #395, #738, #375 ),
 ( #4016, #1141, #4898, #2451 ),
 ( #4839, #5296, #1591, #1557 ),
 ( #4477, #2386, #3249, #4071 ),
 ( #2435, #1177, #355, #1990 ),
 ( #3655, #5280, #4459, #336 ),
 ( #5330, #4051, #777, #3229 ),
 ( #2419, #5313, #2840, #2874 ),
 ( #4856, #3282, #4874, #3265 ) ),
 .UNSPECIFIED., .F., .F., .F.,
 ( 4, 1, 1, 1, 2, 1, 1, 1, 2, 1, 1, 1, 4 ),
 ( 4, 4 ),
 ( 0.0000000000000000000, 0.1781379411091100800, 0.3562758822182201500, 0.5344138233273303400, 0.7125517644364403000, 0.7805111709524961100, 0.8484705774685519200, 0.9164299839846077300, 0.9843893905006636500, 0.9882920428754977700, 0.9921946952503317700, 0.9960973476251660000, 1.000000000000000000 ),
 ( 0.0000000000000000000, 1.000000000000000000 ),
 .UNSPECIFIED. ) ;
#273 = CARTESIAN_POINT ( 'NONE',  ( 41.65941355034399900, 1.564445737700937500, -65.00000000000012800 ) ) ;
#274 = CARTESIAN_POINT ( 'NONE',  ( 36.59881834841141300, -2.475969392197312900, -4.331381501165685300 ) ) ;
#275 = CARTESIAN_POINT ( 'NONE',  ( 35.09473707617698300, -0.09214121221553189800, 98.33504544664333500 ) ) ;
#276 = CARTESIAN_POINT ( 'NONE',  ( 46.90608506483764700, 3.245722201704868600, -65.00000000000000000 ) ) ;
#277 = CARTESIAN_POINT ( 'NONE',  ( 33.37252130802489300, 1.267264018388921200, 65.00000000000000000 ) ) ;
#278 = CARTESIAN_POINT ( 'NONE',  ( 45.50830229623571200, -3.199822055969844900, 0.0000000000000000000 ) ) ;
#279 = AXIS2_PLACEMENT_3D ( 'NONE', #4101, #371, #1985 ) ;
#280 = CARTESIAN_POINT ( 'NONE',  ( 47.11643953648437800, 1.214873352792427600, -81.08951892045810400 ) ) ;
#281 = CARTESIAN_POINT ( 'NONE',  ( 46.81249201079148700, 3.249999999999999600, -65.00000000000000000 ) ) ;
#282 = CARTESIAN_POINT ( 'NONE',  ( 43.71303649983740800, -1.936278057290624400, 84.95734815647485000 ) ) ;
#283 = CARTESIAN_POINT ( 'NONE',  ( 44.46142117014527900, -0.5922802570593296300, 78.35014774712657000 ) ) ;
#284 = CARTESIAN_POINT ( 'NONE',  ( 27.94598513208935800, -3.428813497694549500, -70.11705068533839800 ) ) ;
#285 = CARTESIAN_POINT ( 'NONE',  ( 41.88580074898104000, -0.5568058030227585100, 78.56103883184869100 ) ) ;
#286 = CARTESIAN_POINT ( 'NONE',  ( 33.45234475389213500, -0.2722398280421636800, 86.32598163442337100 ) ) ;
#287 = CARTESIAN_POINT ( 'NONE',  ( 44.03285146046962200, -2.807047847109726700, 3.750856762938812300 ) ) ;
#288 = B_SPLINE_SURFACE_WITH_KNOTS ( 'NONE', 3, 3, ( 
 ( #1117, #2811, #3220, #1950 ),
 ( #1583, #712, #4450, #3595 ),
 ( #4414, #728, #1132, #1964 ),
 ( #2000, #678, #4540, #2478 ),
 ( #364, #1204, #4080, #4467 ),
 ( #1638, #1185, #2826, #1620 ),
 ( #4096, #3310, #5339, #404 ),
 ( #4507, #3273, #345, #386 ),
 ( #2019, #3239, #2056, #2903 ),
 ( #844, #3293, #767, #4963 ),
 ( #2444, #2460, #3257, #2097 ),
 ( #803, #4924, #4908, #4485 ),
 ( #1656, #2884, #2496, #1675 ),
 ( #4137, #1220, #786, #820 ),
 ( #3685, #3646, #4061, #1599 ),
 ( #3721, #2074, #5304, #1238 ),
 ( #3703, #2850, #4116, #4883 ),
 ( #4524, #424, #2427, #3664 ),
 ( #4940, #2040, #5321, #2868 ),
 ( #10, #1258, #2956, #1696 ),
 ( #4170, #4561, #3758, #862 ),
 ( #3778, #1298, #936, #920 ),
 ( #3794, #2554, #481, #898 ),
 ( #27, #4595, #4579, #2116 ),
 ( #3400, #3741, #5041, #83 ) ),
 .UNSPECIFIED., .F., .F., .F.,
 ( 4, 1, 1, 1, 1, 1, 1, 2, 1, 1, 1, 2, 1, 1, 1, 1, 1, 1, 1, 1, 4 ),
 ( 4, 4 ),
 ( 0.0000000000000000000, 0.1424368362388512300, 0.2136552543582768400, 0.2848736724777024600, 0.3560920905971279300, 0.4273105087165536800, 0.4985289268359791600, 0.5697473449554049100, 0.6696249598889492100, 0.7695025748224934000, 0.8693801897560375900, 0.9692578046895817800, 0.9769433535171863100, 0.9807861279309886300, 0.9846289023447909500, 0.9884716767585931500, 0.9923144511723955800, 0.9942358383792965200, 0.9961572255861977900, 0.9980786127930989500, 1.000000000000000000 ),
 ( 0.0000000000000000000, 1.000000000000000000 ),
 .UNSPECIFIED. ) ;
#289 = CARTESIAN_POINT ( 'NONE',  ( 39.04451265582589100, -0.2846749504638596000, -78.88710329366605800 ) ) ;
#290 = CARTESIAN_POINT ( 'NONE',  ( 34.49999490057705000, 1.492001305332441700, 0.0000000000000000000 ) ) ;
#291 = CARTESIAN_POINT ( 'NONE',  ( 44.95830830387861700, -2.803283262677633400, 96.97368021049730700 ) ) ;
#292 = CARTESIAN_POINT ( 'NONE',  ( 45.61855826036430300, 0.4987594352989396800, -91.59999999999998000 ) ) ;
#293 = CARTESIAN_POINT ( 'NONE',  ( 37.53543310074563500, -0.4547099936650947400, 85.78470724610939200 ) ) ;
#294 = CARTESIAN_POINT ( 'NONE',  ( 45.21093249851060800, -3.429072555626031500, 0.0000000000000000000 ) ) ;
#295 = CARTESIAN_POINT ( 'NONE',  ( 47.04368440460133600, 1.331248208886296700, -81.08769957515149000 ) ) ;
#296 = CARTESIAN_POINT ( 'NONE',  ( 34.50000000000000000, -3.500000000000000000, -101.5999999999999900 ) ) ;
#297 = COORDINATED_UNIVERSAL_TIME_OFFSET ( 5, 30, .AHEAD. ) ;
#298 = CARTESIAN_POINT ( 'NONE',  ( 53.26915514171067700, -3.492244288815582900, 35.00000000000000000 ) ) ;
#299 = CIRCLE ( 'NONE', #3942, 2.500000000000000000 ) ;
#300 = CARTESIAN_POINT ( 'NONE',  ( 45.19997779819832600, -0.9364358007925448500, 78.28633856719344000 ) ) ;
#301 = CARTESIAN_POINT ( 'NONE',  ( 27.82363211762928000, -3.340941518501682000, -65.00000000000000000 ) ) ;
#302 = CARTESIAN_POINT ( 'NONE',  ( 40.57046687999607600, -0.9880066259223340100, 85.15210568802577000 ) ) ;
#303 = CARTESIAN_POINT ( 'NONE',  ( 32.62279433266573400, 1.427079499118825600, 65.00000000000000000 ) ) ;
#304 = CARTESIAN_POINT ( 'NONE',  ( 41.40044487631808300, -1.490975019163578700, 5.326060683699579600 ) ) ;
#305 = CARTESIAN_POINT ( 'NONE',  ( 39.74607828588935400, -1.679770672132076400, -91.59999999999998000 ) ) ;
#306 = CARTESIAN_POINT ( 'NONE',  ( 34.50000000000000000, -3.500000000000000000, -101.5999999999999900 ) ) ;
#307 = FACE_OUTER_BOUND ( 'NONE', #3352, .T. ) ;
#308 = CARTESIAN_POINT ( 'NONE',  ( 45.50000000000000000, -3.500000000000000000, 101.5999999999999900 ) ) ;
#309 = EDGE_CURVE ( 'NONE', #865, #4498, #762, .T. ) ;
#310 = CARTESIAN_POINT ( 'NONE',  ( 40.43030315825086500, 0.4014669507882640500, -85.42212010025598100 ) ) ;
#311 = CARTESIAN_POINT ( 'NONE',  ( 39.99709583456380100, 1.301999407988037700, 65.00000000000008500 ) ) ;
#312 = CARTESIAN_POINT ( 'NONE',  ( 53.36064268990514100, -3.490970175769123600, 34.99999999999999300 ) ) ;
#313 = CARTESIAN_POINT ( 'NONE',  ( 46.20764122317884700, 0.1529815583158529400, -91.60000000000022200 ) ) ;
#314 = CARTESIAN_POINT ( 'NONE',  ( 47.31249999999992200, 5.500000000000005300, -35.00000000000000000 ) ) ;
#315 = CARTESIAN_POINT ( 'NONE',  ( 52.06340006411512200, -3.413562894670909600, 70.11649881232453700 ) ) ;
#316 = VERTEX_POINT ( 'NONE', #3623 ) ;
#317 = CARTESIAN_POINT ( 'NONE',  ( 34.64414120443614600, 2.202293069614234400, 1.278338088417458900 ) ) ;
#318 = B_SPLINE_CURVE_WITH_KNOTS ( 'NONE', 3,
 ( #2273, #2723, #1045, #1473 ),
 .UNSPECIFIED., .F., .F.,
 ( 4, 4 ),
 ( 0.0000000000000000000, 1.000000000000000000 ),
 .UNSPECIFIED. ) ;
#319 = CARTESIAN_POINT ( 'NONE',  ( 43.07249505739267200, -0.7763641147537959600, 84.96374534769582000 ) ) ;
#320 = CARTESIAN_POINT ( 'NONE',  ( 32.36931437707220000, -3.316829817236568400, -91.59999999999999400 ) ) ;
#321 = CARTESIAN_POINT ( 'NONE',  ( 32.33115281758471600, 1.403014359377056300, 75.86395098747186700 ) ) ;
#322 = DIRECTION ( 'NONE',  ( -1.000000000000000000, 0.0000000000000000000, 0.0000000000000000000 ) ) ;
#323 = CARTESIAN_POINT ( 'NONE',  ( 45.50000000000000000, -3.500000000000000000, 101.5999999999999900 ) ) ;
#324 = CARTESIAN_POINT ( 'NONE',  ( 45.57584924368222800, -1.000000000000000400, -91.59999999999998000 ) ) ;
#325 = CARTESIAN_POINT ( 'NONE',  ( 33.94677506486130600, -3.219023498586314000, -96.79169207297772500 ) ) ;
#326 = CARTESIAN_POINT ( 'NONE',  ( 32.65717978183960900, 3.097260252069106800, 64.99999999999998600 ) ) ;
#327 = CARTESIAN_POINT ( 'NONE',  ( 43.92088911177162200, 2.021256488415351400, -74.86876329537159300 ) ) ;
#328 = CARTESIAN_POINT ( 'NONE',  ( 34.90905528504085700, -0.4694860310435334800, 86.20699973526377800 ) ) ;
#329 = CARTESIAN_POINT ( 'NONE',  ( 45.49510895970239900, -3.314217173722037400, 0.0000000000000000000 ) ) ;
#330 = CARTESIAN_POINT ( 'NONE',  ( 47.10089470380678700, 1.241755032694963600, -81.08921668904641000 ) ) ;
#331 = CARTESIAN_POINT ( 'NONE',  ( 34.19768455741572000, -3.122671246747942100, -96.81852066005116300 ) ) ;
#332 = CARTESIAN_POINT ( 'NONE',  ( 48.95753431727006700, -3.338610833661416400, 84.89923064677337500 ) ) ;
#333 = CARTESIAN_POINT ( 'NONE',  ( 52.65598953907062500, -3.493772401673342900, 52.50208787477462400 ) ) ;
#334 = CARTESIAN_POINT ( 'NONE',  ( 46.41665822163599800, -0.2465062408579819000, 67.72921327587282300 ) ) ;
#335 = CARTESIAN_POINT ( 'NONE',  ( 28.09691801384750700, -3.453846919859142600, -70.20519569396235200 ) ) ;
#336 = CARTESIAN_POINT ( 'NONE',  ( 27.81249690702152600, -3.437483214734717900, -64.99999999999994300 ) ) ;
#337 = CARTESIAN_POINT ( 'NONE',  ( 45.50000000000000000, -3.500000000000000000, 101.5999999999999900 ) ) ;
#338 = CARTESIAN_POINT ( 'NONE',  ( 46.62886693018442900, 1.267003708484707000, -65.00000000000000000 ) ) ;
#339 = CARTESIAN_POINT ( 'NONE',  ( 40.11806733493590800, -0.2896717723429190800, -91.60000000000002300 ) ) ;
#340 = VERTEX_POINT ( 'NONE', #989 ) ;
#341 = CARTESIAN_POINT ( 'NONE',  ( 33.90870353614946700, 1.013132768926845200, 86.30159633380044700 ) ) ;
#342 = CARTESIAN_POINT ( 'NONE',  ( 43.56088507344345100, 0.3820660766622955800, -91.60000000000006500 ) ) ;
#343 = CARTESIAN_POINT ( 'NONE',  ( 34.41309336022007400, -0.9999109580733647200, 91.59999999999996600 ) ) ;
#344 = CARTESIAN_POINT ( 'NONE',  ( 33.25875957435666000, 0.3809282834357070600, 86.34486761787540800 ) ) ;
#345 = CARTESIAN_POINT ( 'NONE',  ( 33.03675883413964000, 1.373699929695051200, -23.09339618067864200 ) ) ;
#346 = AXIS2_PLACEMENT_3D ( 'NONE', #1245, #4570, #411 ) ;
#347 = CARTESIAN_POINT ( 'NONE',  ( 46.71018237796969400, 0.5042968166443385600, -86.34454089731272600 ) ) ;
#348 = EDGE_CURVE ( 'NONE', #1816, #1291, #55, .T. ) ;
#349 = CARTESIAN_POINT ( 'NONE',  ( 33.58663374930262800, -3.469883757836846400, -96.76966179609121400 ) ) ;
#350 = CARTESIAN_POINT ( 'NONE',  ( 52.09900545601551900, -3.349671957799528000, 67.55803802298281400 ) ) ;
#351 = CARTESIAN_POINT ( 'NONE',  ( 46.08518539410830800, -0.5460765632072309700, -86.29601873208369500 ) ) ;
#352 = CARTESIAN_POINT ( 'NONE',  ( 40.00000000000000000, 3.500000000000000000, 0.0000000000000000000 ) ) ;
#353 = CARTESIAN_POINT ( 'NONE',  ( 49.06350509698967200, -1.542905948478297400, 65.00000000000000000 ) ) ;
#354 = CARTESIAN_POINT ( 'NONE',  ( 29.77385607450457500, -3.462190723718860500, -78.26781773001948700 ) ) ;
#355 = CARTESIAN_POINT ( 'NONE',  ( 27.18157326963122200, -3.346424057976369300, -52.50133064449435200 ) ) ;
#356 = CARTESIAN_POINT ( 'NONE',  ( 36.75133390351241800, -0.09638074286544820500, 96.66333298583774100 ) ) ;
#357 = CARTESIAN_POINT ( 'NONE',  ( 46.54022084988113100, 0.7917613981688966800, -70.32087535899336200 ) ) ;
#358 = CARTESIAN_POINT ( 'NONE',  ( 33.88800443917916300, -2.709781947833429500, -91.59999999999998000 ) ) ;
#359 = AXIS2_PLACEMENT_3D ( 'NONE', #4198, #1326, #4603 ) ;
#360 = CARTESIAN_POINT ( 'NONE',  ( 33.06551228300623500, 2.654045482346203000, 70.36945793217202500 ) ) ;
#361 = CARTESIAN_POINT ( 'NONE',  ( 43.53685022110966000, 2.000024045857273800, -74.72757693756534500 ) ) ;
#362 = CARTESIAN_POINT ( 'NONE',  ( 34.42330127028719700, -0.9999987838830194400, 91.59999999999998000 ) ) ;
#363 = CARTESIAN_POINT ( 'NONE',  ( 32.25943262898846300, 2.070259132719761500, 70.44981649104740000 ) ) ;
#364 = CARTESIAN_POINT ( 'NONE',  ( 41.96058851731577000, 2.604610318927721700, 0.0000000000000000000 ) ) ;
#365 = DATE_AND_TIME ( #4364, #953 ) ;
#366 = CARTESIAN_POINT ( 'NONE',  ( 46.74948333719029800, 1.557673123991738700, -81.06700917066260100 ) ) ;
#367 = CARTESIAN_POINT ( 'NONE',  ( 33.10543831927542200, -3.333436838767325700, -91.59999999999999400 ) ) ;
#368 = CARTESIAN_POINT ( 'NONE',  ( 50.29298231911951000, -3.365499198823409100, 78.19846129354675700 ) ) ;
#369 = FACE_OUTER_BOUND ( 'NONE', #4958, .T. ) ;
#370 = CARTESIAN_POINT ( 'NONE',  ( 46.34683504317159500, -0.4446047206246392900, -86.31220833854443700 ) ) ;
#371 = DIRECTION ( 'NONE',  ( 0.0000000000000000000, 1.000000000000000000, 0.0000000000000000000 ) ) ;
#372 = EDGE_CURVE ( 'NONE', #4307, #832, #3698, .T. ) ;
#373 = CARTESIAN_POINT ( 'NONE',  ( 49.58229213661820000, -1.949647561176319100, 67.54701539812400300 ) ) ;
#374 = CARTESIAN_POINT ( 'NONE',  ( 27.94928918148545800, -3.438653025691208200, -67.58958386454320100 ) ) ;
#375 = CARTESIAN_POINT ( 'NONE',  ( 30.38571799460268600, -1.856588340359330600, -65.00000000000008500 ) ) ;
#376 = ORIENTED_EDGE ( 'NONE', *, *, #874, .F. ) ;
#377 = CARTESIAN_POINT ( 'NONE',  ( 46.36715027815297700, -3.340552441766227300, 96.77279941328799900 ) ) ;
#378 = CARTESIAN_POINT ( 'NONE',  ( 45.85954124000462400, -0.5587161770044695200, -86.28122352985778300 ) ) ;
#379 = ORIENTED_EDGE ( 'NONE', *, *, #2633, .T. ) ;
#380 = CARTESIAN_POINT ( 'NONE',  ( 43.50010363451541200, 0.3890674239539849100, -91.59999999999998000 ) ) ;
#381 = CARTESIAN_POINT ( 'NONE',  ( 33.68145376702497600, 0.9475206675808367500, 86.32170065376757900 ) ) ;
#382 = CARTESIAN_POINT ( 'NONE',  ( 33.13140582039332600, 2.653958671395515000, 70.35687234300580400 ) ) ;
#383 = CARTESIAN_POINT ( 'NONE',  ( 38.29035068586022600, 1.934179348758109600, -64.99999999999998600 ) ) ;
#384 = CARTESIAN_POINT ( 'NONE',  ( 33.52715217944187700, 0.3056898166041294200, 75.64431195566984900 ) ) ;
#385 = CARTESIAN_POINT ( 'NONE',  ( 33.67531881169189500, -0.2727009766986720500, 91.59999999999996600 ) ) ;
#386 = CARTESIAN_POINT ( 'NONE',  ( 33.03675883413964000, 1.373699929695051200, -35.00000000000000700 ) ) ;
#387 = CARTESIAN_POINT ( 'NONE',  ( 45.21146266865736900, -3.189792391704306100, 96.86851599800185400 ) ) ;
#388 = CARTESIAN_POINT ( 'NONE',  ( 33.51085368935741800, 2.239103471499720200, 75.78076872519277200 ) ) ;
#389 = CARTESIAN_POINT ( 'NONE',  ( 34.50000000000000000, -3.500000000000000000, -101.5999999999999900 ) ) ;
#390 = CARTESIAN_POINT ( 'NONE',  ( 52.07095665833383400, -3.401247546154780600, 70.11615771178567500 ) ) ;
#391 = CARTESIAN_POINT ( 'NONE',  ( 47.51768657208743500, 0.8303959714752510200, -75.80340039903732900 ) ) ;
#392 = CARTESIAN_POINT ( 'NONE',  ( 37.40979520375906700, -0.7987684386529359000, -78.31033712664007900 ) ) ;
#393 = CARTESIAN_POINT ( 'NONE',  ( 44.02594726424940300, 0.3260886170578313800, -3.751883451177555200 ) ) ;
#394 = CARTESIAN_POINT ( 'NONE',  ( 29.76972956647740200, -3.454923758496593900, -78.25925899209077800 ) ) ;
#395 = CARTESIAN_POINT ( 'NONE',  ( 29.09770481992114800, -1.459944882438274800, -40.86192774581265000 ) ) ;
#396 = CARTESIAN_POINT ( 'NONE',  ( 45.50000000000000000, -3.500000000000000000, 101.5999999999999900 ) ) ;
#397 = B_SPLINE_SURFACE_WITH_KNOTS ( 'NONE', 3, 3, ( 
 ( #1438, #2292, #118, #3120 ),
 ( #3014, #2311, #1354, #3402 ),
 ( #4353, #4368, #3102, #4762 ),
 ( #3529, #536, #1047, #5170 ),
 ( #1770, #2705, #642, #3510 ),
 ( #3921, #222, #4310, #4724 ),
 ( #950, #1454, #2275, #1066 ),
 ( #4631, #3939, #3956, #1900 ),
 ( #1495, #1914, #4741, #2725 ),
 ( #5146, #3421, #243, #2684 ),
 ( #3139, #1882, #939, #205 ),
 ( #663, #3831, #3548, #4781 ),
 ( #1859, #5202, #5058, #2743 ),
 ( #4814, #2346, #3202, #3187 ),
 ( #1149, #2410, #5252, #2796 ),
 ( #278, #1930, #4863, #5238 ),
 ( #329, #1511, #746, #3580 ),
 ( #4007, #1528, #1169, #4023 ),
 ( #3566, #4038, #4798, #1980 ),
 ( #263, #4832, #2361, #5224 ),
 ( #3630, #3973, #5269, #312 ),
 ( #2759, #3612, #1565, #3171 ),
 ( #4847, #1101, #2394, #2779 ),
 ( #1547, #2375, #4401, #693 ),
 ( #294, #4387, #5288, #3156 ) ),
 .UNSPECIFIED., .F., .F., .F.,
 ( 4, 1, 1, 1, 1, 1, 1, 2, 1, 1, 1, 2, 1, 1, 1, 1, 1, 1, 1, 1, 4 ),
 ( 4, 4 ),
 ( 0.0000000000000000000, 0.1424368362388512300, 0.2136552543582768400, 0.2848736724777024600, 0.3560920905971279300, 0.4273105087165536800, 0.4985289268359791600, 0.5697473449554049100, 0.6696249598889492100, 0.7695025748224934000, 0.8693801897560375900, 0.9692578046895817800, 0.9769433535171863100, 0.9807861279309886300, 0.9846289023447909500, 0.9884716767585931500, 0.9923144511723955800, 0.9942358383792965200, 0.9961572255861977900, 0.9980786127930989500, 1.000000000000000000 ),
 ( 0.0000000000000000000, 1.000000000000000000 ),
 .UNSPECIFIED. ) ;
#398 = CARTESIAN_POINT ( 'NONE',  ( 45.85406892586340900, -0.5581933740062078300, -86.28082747077067400 ) ) ;
#399 = CARTESIAN_POINT ( 'NONE',  ( 34.50000000000000000, -3.500000000000000000, -101.5999999999999900 ) ) ;
#400 = CARTESIAN_POINT ( 'NONE',  ( 33.21171997606944600, 2.651268891939269500, 70.34072553602074200 ) ) ;
#401 = CARTESIAN_POINT ( 'NONE',  ( 35.23704942026292700, 0.7653733966317504100, -64.99999999999995700 ) ) ;
#402 = CARTESIAN_POINT ( 'NONE',  ( 33.53843738789773700, 0.3075705330883804500, 75.64271764530195700 ) ) ;
#403 = CARTESIAN_POINT ( 'NONE',  ( 32.88804021356805400, 2.320311472625807600, 75.88905113691208700 ) ) ;
#404 = CARTESIAN_POINT ( 'NONE',  ( 34.68394557826913200, 2.341894158340885200, -35.00000000000001400 ) ) ;
#405 = CARTESIAN_POINT ( 'NONE',  ( 46.55786037785085100, -3.421796275631846300, 96.76830229557577900 ) ) ;
#406 = CARTESIAN_POINT ( 'NONE',  ( 34.50000000000000000, -3.500000000000000000, -101.5999999999999900 ) ) ;
#407 = CARTESIAN_POINT ( 'NONE',  ( 48.96371289580262200, -3.418697374789730200, 84.91131407846513900 ) ) ;
#408 = CARTESIAN_POINT ( 'NONE',  ( 26.73084485828932300, -3.492244288815582900, -40.00417574954925500 ) ) ;
#409 = CARTESIAN_POINT ( 'NONE',  ( 47.32796375857016400, 1.394970038538826400, -65.00000000000000000 ) ) ;
#410 = CARTESIAN_POINT ( 'NONE',  ( 48.91727040529646300, -1.041764738967407000, 41.94144337423019000 ) ) ;
#411 = DIRECTION ( 'NONE',  ( 0.0000000000000000000, 0.0000000000000000000, 1.000000000000000000 ) ) ;
#412 = CARTESIAN_POINT ( 'NONE',  ( 27.81510336258801500, -3.401443045118024400, -65.00000000000000000 ) ) ;
#413 = CARTESIAN_POINT ( 'NONE',  ( 45.49210035288151500, -3.188670276275254800, 0.3197656788464068300 ) ) ;
#414 = CARTESIAN_POINT ( 'NONE',  ( 45.50000000000000000, -3.500000000000000000, 101.5999999999999900 ) ) ;
#415 = CARTESIAN_POINT ( 'NONE',  ( 45.61252979025842800, -0.9990960840769516100, -91.59999999999995200 ) ) ;
#416 = EDGE_CURVE ( 'NONE', #2333, #2545, #177, .T. ) ;
#417 = CARTESIAN_POINT ( 'NONE',  ( 34.50000000000000000, -3.500000000000000000, -101.5999999999999900 ) ) ;
#418 = CARTESIAN_POINT ( 'NONE',  ( 32.18397521105671900, 2.297420356611036500, 64.99999999999998600 ) ) ;
#419 = CARTESIAN_POINT ( 'NONE',  ( 33.47165543607524500, 2.052911910354219900, 75.65844214945096300 ) ) ;
#420 = CARTESIAN_POINT ( 'NONE',  ( 34.74873985935520400, 0.08365937844901308300, -70.80212474772787300 ) ) ;
#421 = CARTESIAN_POINT ( 'NONE',  ( 33.54959911903697600, 0.3102504006572623400, 75.64117134083827000 ) ) ;
#422 = CARTESIAN_POINT ( 'NONE',  ( 33.67535057182684700, -0.2736824674321704500, 91.59999999999996600 ) ) ;
#423 = MANIFOLD_SOLID_BREP ( 'Stock-PROPELLER - 8x4.5 CCW-2', #512 ) ;
#424 = CARTESIAN_POINT ( 'NONE',  ( 34.54762002128323000, -3.390714092315537900, -23.94753839101931800 ) ) ;
#425 = CARTESIAN_POINT ( 'NONE',  ( 45.94664501417137400, -3.097134829492069300, 91.60000000000000900 ) ) ;
#426 = CARTESIAN_POINT ( 'NONE',  ( 40.90783750510271900, -1.721121880917405800, -94.11631880615279000 ) ) ;
#427 = CARTESIAN_POINT ( 'NONE',  ( 52.06543051443945600, -3.429830764303477300, 67.57648902189134800 ) ) ;
#428 = CARTESIAN_POINT ( 'NONE',  ( 47.13150294415690700, 0.4440671511152337600, -75.73414849712610000 ) ) ;
#429 = CARTESIAN_POINT ( 'NONE',  ( 31.90733586869902500, 2.735701323569667700, 55.02815715864551300 ) ) ;
#430 = DIRECTION ( 'NONE',  ( 0.0000000000000000000, 0.0000000000000000000, -1.000000000000000000 ) ) ;
#431 = CARTESIAN_POINT ( 'NONE',  ( 29.88534202420492400, -3.496319897800608300, -78.31748053202910900 ) ) ;
#432 = CARTESIAN_POINT ( 'NONE',  ( 45.48349320622307300, -3.165717355809162900, 0.4436115203124002000 ) ) ;
#433 = CARTESIAN_POINT ( 'NONE',  ( 47.42449556015208900, -3.232430917835104300, 91.59999999999998000 ) ) ;
#434 = CARTESIAN_POINT ( 'NONE',  ( 46.70231701073225100, 1.256013156907107800, -64.99999999999998600 ) ) ;
#435 = CARTESIAN_POINT ( 'NONE',  ( 34.50000000000000000, -3.500000000000000000, -101.5999999999999900 ) ) ;
#436 = CARTESIAN_POINT ( 'NONE',  ( 33.07167240904459500, 1.450999990674205000, 81.08157155341567100 ) ) ;
#437 = FACE_OUTER_BOUND ( 'NONE', #4955, .T. ) ;
#438 = CARTESIAN_POINT ( 'NONE',  ( 34.12665998983212000, 1.025328843450403500, 86.27868448288768400 ) ) ;
#439 = CARTESIAN_POINT ( 'NONE',  ( 39.90073203178121000, -0.3824172440725708300, -91.60000000000000900 ) ) ;
#440 = CARTESIAN_POINT ( 'NONE',  ( 37.27159343332682100, 1.271011514644623300, -54.23187544343253600 ) ) ;
#441 = CARTESIAN_POINT ( 'NONE',  ( 32.89291612609356000, 1.231356522517754500, 81.08934976443546800 ) ) ;
#442 = DIRECTION ( 'NONE',  ( 0.0000000000000000000, 0.0000000000000000000, 1.000000000000000000 ) ) ;
#443 = CARTESIAN_POINT ( 'NONE',  ( 47.11331168067398800, -3.387968071670915300, 91.59999999999998000 ) ) ;
#444 = ORIENTED_EDGE ( 'NONE', *, *, #4553, .F. ) ;
#445 = LINE ( 'NONE', #2244, #1288 ) ;
#446 = EDGE_LOOP ( 'NONE', ( #1669, #904 ) ) ;
#447 = CARTESIAN_POINT ( 'NONE',  ( 36.67921484172161700, -2.780127480640186100, -97.37007836625018300 ) ) ;
#448 = CARTESIAN_POINT ( 'NONE',  ( 48.97049385785874900, -3.388451212429430400, 84.90361540284905600 ) ) ;
#449 = CARTESIAN_POINT ( 'NONE',  ( 46.54765524610786500, -0.2722398280421636800, -86.32598163442337100 ) ) ;
#450 = CARTESIAN_POINT ( 'NONE',  ( 34.02920052922123500, 3.113919911072501500, 44.97209484074124900 ) ) ;
#451 = CARTESIAN_POINT ( 'NONE',  ( 42.23598304377522100, -0.08827933499353903000, -5.028192898469653100 ) ) ;
#452 = CARTESIAN_POINT ( 'NONE',  ( 28.02349978750452700, -3.498352212771990800, -67.66115943843915700 ) ) ;
#453 = CARTESIAN_POINT ( 'NONE',  ( 45.37309975702853400, -3.042226386244778300, 1.181062772324600300 ) ) ;
#454 = CARTESIAN_POINT ( 'NONE',  ( 47.47789501388852800, -3.478853459834970500, 91.59999999999998000 ) ) ;
#455 = ORIENTED_EDGE ( 'NONE', *, *, #4383, .T. ) ;
#456 = CARTESIAN_POINT ( 'NONE',  ( 46.60168066550646400, 0.3040364376700361900, -75.66272048376394800 ) ) ;
#457 = CARTESIAN_POINT ( 'NONE',  ( 36.75076539600296100, -2.497995535183740000, -92.46980101515865200 ) ) ;
#458 = AXIS2_PLACEMENT_3D ( 'NONE', #3710, #4989, #430 ) ;
#459 = CARTESIAN_POINT ( 'NONE',  ( 33.32187220483699300, 2.650530485186439300, 70.31721038716362700 ) ) ;
#460 = CARTESIAN_POINT ( 'NONE',  ( 34.45888728749785900, 0.4003503166141035900, -64.99999999999997200 ) ) ;
#461 = CARTESIAN_POINT ( 'NONE',  ( 47.81070033178626500, 2.494236761034255100, -65.00000000000000000 ) ) ;
#462 = CARTESIAN_POINT ( 'NONE',  ( 32.87572580752559000, 1.200547536383984400, 81.08963910048619500 ) ) ;
#463 = CARTESIAN_POINT ( 'NONE',  ( 51.91146287807707400, -3.495627888606581900, 67.67748053202908000 ) ) ;
#464 = CARTESIAN_POINT ( 'NONE',  ( 45.72141615661615100, -3.310948840702010500, 96.80783556360094600 ) ) ;
#465 = VECTOR ( 'NONE', #1719, 1000.000000000000000 ) ;
#466 = CARTESIAN_POINT ( 'NONE',  ( 46.15829446547343200, 0.3436141235815725600, -91.60000000000002300 ) ) ;
#467 = CARTESIAN_POINT ( 'NONE',  ( 50.26071366622994000, -3.435132581585471200, 78.21648902189134800 ) ) ;
#468 = CARTESIAN_POINT ( 'NONE',  ( 34.73515408261554400, -3.449872081623330400, -1.596092690650876600 ) ) ;
#469 = CARTESIAN_POINT ( 'NONE',  ( 46.05794468414080000, -0.8220127014080629300, -91.59999999999968200 ) ) ;
#470 = CARTESIAN_POINT ( 'NONE',  ( 33.24600435039341300, 1.243073357919904900, 65.00000000000000000 ) ) ;
#471 = CARTESIAN_POINT ( 'NONE',  ( 41.39244142876518100, -0.3563023516062824900, -5.332688114651919200 ) ) ;
#472 = CARTESIAN_POINT ( 'NONE',  ( 27.95717606356943500, -3.495300514531104700, -65.00000000000000000 ) ) ;
#473 = CARTESIAN_POINT ( 'NONE',  ( 45.49989902749483400, -3.252912044323067700, 0.03355098056033289200 ) ) ;
#474 = CARTESIAN_POINT ( 'NONE',  ( 45.90357643147864800, -3.354652234528068700, 96.79244758730421000 ) ) ;
#475 = CARTESIAN_POINT ( 'NONE',  ( 50.27488029085789400, -2.330537429458599400, 67.51513579244570500 ) ) ;
#476 = CARTESIAN_POINT ( 'NONE',  ( 34.05716768676769800, -3.121897681404020000, -92.01567112720192700 ) ) ;
#477 = CARTESIAN_POINT ( 'NONE',  ( 33.75293304145242200, 1.558773547450306200, 80.98072553602078500 ) ) ;
#478 = CARTESIAN_POINT ( 'NONE',  ( 38.28421039583216200, 0.4586261559157099300, -78.92334292090511400 ) ) ;
#479 = CARTESIAN_POINT ( 'NONE',  ( 47.62742370835771800, 2.884069422438128200, -65.00000000000001400 ) ) ;
#480 = CARTESIAN_POINT ( 'NONE',  ( 34.77024616343342700, 0.6794399671886728300, 0.0000000000000000000 ) ) ;
#481 = CARTESIAN_POINT ( 'NONE',  ( 26.69063616971369900, -3.500815289903507200, -23.02627647373728000 ) ) ;
#482 = CARTESIAN_POINT ( 'NONE',  ( 45.50000000000000000, -3.500000000000000000, 101.5999999999999900 ) ) ;
#483 = EDGE_CURVE ( 'NONE', #1070, #1062, #1996, .T. ) ;
#484 = CARTESIAN_POINT ( 'NONE',  ( 45.35402943780147900, -1.000000000000003600, -91.59999999999998000 ) ) ;
#485 = CARTESIAN_POINT ( 'NONE',  ( 47.65856940312031000, -3.454159413723937500, 91.60000000000005100 ) ) ;
#486 = CARTESIAN_POINT ( 'NONE',  ( 46.53383502660359700, -0.2881415343209994800, -86.32498767742852400 ) ) ;
#487 = CARTESIAN_POINT ( 'NONE',  ( 34.02920052922123500, 3.113919911072501500, 35.00000000000000000 ) ) ;
#488 = CARTESIAN_POINT ( 'NONE',  ( 35.86908309412144300, -1.353200623068171000, -78.31363234640065200 ) ) ;
#489 = CARTESIAN_POINT ( 'NONE',  ( 45.33678595192274900, 0.4974204868938179600, -91.59999999999999400 ) ) ;
#490 = CARTESIAN_POINT ( 'NONE',  ( 45.45771790758234900, -3.388672195211847300, 0.7264460483722141600 ) ) ;
#491 = CARTESIAN_POINT ( 'NONE',  ( 40.05052419252702800, -1.627316599414467600, 91.59999999999998000 ) ) ;
#492 = CARTESIAN_POINT ( 'NONE',  ( 34.50000000000000000, -3.500000000000000000, -101.5999999999999900 ) ) ;
#493 = B_SPLINE_CURVE_WITH_KNOTS ( 'NONE', 3,
 ( #2500, #468, #4122, #48, #3351, #31, #3745, #1280, #4985, #2942, #971, #1733, #3050, #2612, #1387, #573, #3849, #2176, #1755, #2578, #106, #4242, #3458, #3801, #3441, #5025, #4599, #4193, #136, #151, #4224, #555, #3404, #4648, #4208, #2192, #952, #2209, #2558, #3833, #1790, #5076, #2224, #3031, #2159, #5097, #87, #4261 ),
 .UNSPECIFIED., .F., .F.,
 ( 4, 2, 2, 2, 2, 2, 2, 2, 2, 2, 2, 2, 2, 2, 2, 2, 2, 2, 2, 2, 2, 2, 2, 4 ),
 ( 6.992893892674702500E-018, 0.0003851643061665123000, 0.0007703286123330175400, 0.001540657224666028100, 0.001733239377749280100, 0.001745275762316983500, 0.001757312146884686900, 0.001781384916020093600, 0.001829530454290906100, 0.001925821530832531200, 0.002310985836999031100, 0.002696150143165532000, 0.003081314449332032400, 0.003851643061665034300, 0.004621971673998035200, 0.005392300286331036200, 0.006162628898664037100, 0.006932957510997038100, 0.007703286123330039900, 0.009243943347996025400, 0.01078460057266201300, 0.01116976487882850300, 0.01155492918499499500, 0.01232525779732797200 ),
 .UNSPECIFIED. ) ;
#494 = CARTESIAN_POINT ( 'NONE',  ( 33.78608370561853000, 1.552311678695190900, 80.96952931684941700 ) ) ;
#495 = CARTESIAN_POINT ( 'NONE',  ( 32.54918115488632000, -0.7939009660209788200, -67.64633856719345300 ) ) ;
#496 = CARTESIAN_POINT ( 'NONE',  ( 48.21202780913225900, 3.191262802768008100, -55.02937824372975200 ) ) ;
#497 = CARTESIAN_POINT ( 'NONE',  ( 33.85117633814080300, -0.5304573572836411800, 86.29985334261273500 ) ) ;
#498 = CARTESIAN_POINT ( 'NONE',  ( 32.22339387870549400, 3.050896305807777200, 35.00000000000000000 ) ) ;
#499 = DIRECTION ( 'NONE',  ( 0.0000000000000000000, 1.000000000000000000, 0.0000000000000000000 ) ) ;
#500 = CARTESIAN_POINT ( 'NONE',  ( 45.50000000000000000, -3.500000000000000000, 101.5999999999999900 ) ) ;
#501 = CARTESIAN_POINT ( 'NONE',  ( 37.21302226937674400, -2.681073800383639000, -97.60811776492849400 ) ) ;
#502 = CARTESIAN_POINT ( 'NONE',  ( 48.95756778264319600, -3.432532790867731000, 84.91664208830303600 ) ) ;
#503 = CARTESIAN_POINT ( 'NONE',  ( 47.31249999999992900, 5.500000000000001800, -35.00000000000000000 ) ) ;
#504 = CARTESIAN_POINT ( 'NONE',  ( 47.56752056607469100, 1.182952985592119000, -70.41269793781570700 ) ) ;
#505 = CARTESIAN_POINT ( 'NONE',  ( 32.48321415609925800, 4.310138884025779000, 55.01946298645856400 ) ) ;
#506 = CARTESIAN_POINT ( 'NONE',  ( 47.55081168072558700, -3.497030537516180100, 91.59999999999999400 ) ) ;
#507 = CARTESIAN_POINT ( 'NONE',  ( 27.91432207820885500, -3.500033375735298200, -65.00000000000000000 ) ) ;
#508 = CARTESIAN_POINT ( 'NONE',  ( 26.73084485828932700, -3.492244288815582000, -35.00000000000000000 ) ) ;
#509 = FACE_OUTER_BOUND ( 'NONE', #3536, .T. ) ;
#510 = CARTESIAN_POINT ( 'NONE',  ( 42.78697773062326300, -2.681073800383639000, 97.60811776492849400 ) ) ;
#511 = CARTESIAN_POINT ( 'NONE',  ( 47.13067544836357600, -0.4421070260389650100, 65.00000000000000000 ) ) ;
#512 = CLOSED_SHELL ( 'NONE', ( #3142, #3614, #1539, #1952, #1975, #4347, #1134, #1036, #237, #2791, #3591, #5264, #1084, #2710 ) ) ;
#513 = CARTESIAN_POINT ( 'NONE',  ( 34.19194497216472700, 2.064300999287797200, 75.46402653936841900 ) ) ;
#514 = CARTESIAN_POINT ( 'NONE',  ( 37.56539843034634900, -1.245411522773622700, -91.59999999999998000 ) ) ;
#515 = CARTESIAN_POINT ( 'NONE',  ( 45.97079947077877200, 3.113919911072501500, -35.00000000000000000 ) ) ;
#516 = CARTESIAN_POINT ( 'NONE',  ( 33.72874112907112500, -0.4859008960557099600, 86.30733488950944800 ) ) ;
#517 = CARTESIAN_POINT ( 'NONE',  ( 34.59835654500216900, 2.056579181121865200, 0.0000000000000000000 ) ) ;
#518 = CARTESIAN_POINT ( 'NONE',  ( 35.16156983278753500, -1.006750071235392100, 91.60000000000000900 ) ) ;
#519 = CARTESIAN_POINT ( 'NONE',  ( 45.17531588435112900, -0.1696569241813815600, -98.38101291942410900 ) ) ;
#520 = CARTESIAN_POINT ( 'NONE',  ( 50.20188091528621800, -3.485557032649426300, 78.29033390789820100 ) ) ;
#521 = DIRECTION ( 'NONE',  ( 0.0000000000000000000, 0.0000000000000000000, -1.000000000000000000 ) ) ;
#522 = CARTESIAN_POINT ( 'NONE',  ( 46.56603800180595700, -0.2499289414310919000, -86.32731500707956200 ) ) ;
#523 = CARTESIAN_POINT ( 'NONE',  ( 45.21093249851060800, -3.429072555626031500, 23.94381333070548500 ) ) ;
#524 = VERTEX_POINT ( 'NONE', #3335 ) ;
#525 = CARTESIAN_POINT ( 'NONE',  ( 34.23870162475358100, -0.7140461511498397100, -64.99999999999998600 ) ) ;
#526 = CARTESIAN_POINT ( 'NONE',  ( 46.32154721814593000, 0.9461643315097270100, -86.32193368613218400 ) ) ;
#527 = CARTESIAN_POINT ( 'NONE',  ( 35.34350063352560100, -3.153307385241527400, 0.0000000000000000000 ) ) ;
#528 = CARTESIAN_POINT ( 'NONE',  ( 43.24872834769383400, -2.424582956906062000, 91.59999999999999400 ) ) ;
#529 = CARTESIAN_POINT ( 'NONE',  ( 45.56673572020730500, 0.4999544664041345500, -91.59999999999999400 ) ) ;
#530 = CARTESIAN_POINT ( 'NONE',  ( 34.41288177894136900, 2.648215097801457600, 70.18057983664458300 ) ) ;
#531 = CARTESIAN_POINT ( 'NONE',  ( 36.87553242698439200, -0.7987444083604793300, -84.96125572851787000 ) ) ;
#532 = DIRECTION ( 'NONE',  ( -0.0000000000000000000, -0.0000000000000000000, -1.000000000000000000 ) ) ;
#533 = EDGE_CURVE ( 'NONE', #127, #641, #4181, .T. ) ;
#534 = CARTESIAN_POINT ( 'NONE',  ( 32.93750000000007100, 4.375000000000001800, 55.01473523173899600 ) ) ;
#535 = CARTESIAN_POINT ( 'NONE',  ( 39.87872821456898700, -1.986550559059989000, 99.82118079328773800 ) ) ;
#536 = CARTESIAN_POINT ( 'NONE',  ( 37.45052331996458200, 2.733200515065060500, 6.059905726805790300 ) ) ;
#537 = CARTESIAN_POINT ( 'NONE',  ( 48.94115920408294300, -3.459061189909045100, 84.92962949604540800 ) ) ;
#538 = CARTESIAN_POINT ( 'NONE',  ( 39.00223918918769100, 4.286552377158776600, -35.00000000000000000 ) ) ;
#539 = CARTESIAN_POINT ( 'NONE',  ( 47.72738821257387800, 1.454817587760580000, -70.43192107918541500 ) ) ;
#540 = DIRECTION ( 'NONE',  ( 0.0000000000000000000, -1.000000000000000000, -0.0000000000000000000 ) ) ;
#541 = CARTESIAN_POINT ( 'NONE',  ( 36.75022998019640900, -2.424842630800643700, -91.60000000000012200 ) ) ;
#542 = CARTESIAN_POINT ( 'NONE',  ( 46.31404935049353400, 0.9495157005253096500, -86.32134943521572300 ) ) ;
#543 = CARTESIAN_POINT ( 'NONE',  ( 29.67937842594796600, -1.831970258777327700, -35.00000000000000000 ) ) ;
#544 = CARTESIAN_POINT ( 'NONE',  ( 33.59252300865249200, -0.2454133121814425800, 91.59999999999998000 ) ) ;
#545 = FACE_OUTER_BOUND ( 'NONE', #1425, .T. ) ;
#546 = CARTESIAN_POINT ( 'NONE',  ( 38.85842968344323400, -2.060254961280371800, -93.14015673250037300 ) ) ;
#547 = CARTESIAN_POINT ( 'NONE',  ( 33.90159628258295000, 3.244279201044522900, 64.99999999999997200 ) ) ;
#548 = CARTESIAN_POINT ( 'NONE',  ( 32.92604649588544400, -0.7638466909734974400, -70.33202004421448800 ) ) ;
#549 = DIRECTION ( 'NONE',  ( -1.000000000000000000, 0.0000000000000000000, 0.0000000000000000000 ) ) ;
#550 = CARTESIAN_POINT ( 'NONE',  ( 33.30779432463409500, 0.3089669036976657700, 75.67506726877249400 ) ) ;
#551 = DIRECTION ( 'NONE',  ( 1.000000000000000000, 0.0000000000000000000, 0.0000000000000000000 ) ) ;
#552 = CARTESIAN_POINT ( 'NONE',  ( 34.23623799929037400, 0.5021256386628032400, 91.59999999999999400 ) ) ;
#553 = CARTESIAN_POINT ( 'NONE',  ( 52.12236998639176700, -3.489132808493520300, 65.00000000000000000 ) ) ;
#554 = CARTESIAN_POINT ( 'NONE',  ( 47.30590756274449400, 3.119204873651812100, -65.00000000000000000 ) ) ;
#555 = CARTESIAN_POINT ( 'NONE',  ( 35.65599089357889500, -2.089210432591618500, -3.380585774248976000 ) ) ;
#556 = CARTESIAN_POINT ( 'NONE',  ( 47.15775536753257300, 2.298350186991991300, -75.89152359647401600 ) ) ;
#557 = DIRECTION ( 'NONE',  ( 0.9143797892797629300, 0.4048575069783149600, 0.0000000000000000000 ) ) ;
#558 = B_SPLINE_CURVE_WITH_KNOTS ( 'NONE', 3,
 ( #3262, #2581, #2985, #5115 ),
 .UNSPECIFIED., .F., .F.,
 ( 4, 4 ),
 ( 0.02451514697369290900, 1.000000000000000000 ),
 .UNSPECIFIED. ) ;
#559 = CARTESIAN_POINT ( 'NONE',  ( 46.56682806685000700, 1.601933981731048100, -81.04640833689943200 ) ) ;
#560 = AXIS2_PLACEMENT_3D ( 'NONE', #973, #3018, #1405 ) ;
#561 = CARTESIAN_POINT ( 'NONE',  ( 34.82468411564887100, -0.1696569241813815600, 98.38101291942410900 ) ) ;
#562 = CARTESIAN_POINT ( 'NONE',  ( 47.31249999999992200, -21.11747082298127500, -35.00000000000000000 ) ) ;
#563 = CARTESIAN_POINT ( 'NONE',  ( 43.32478064258261700, 3.033451537194821900, -4.406364451187743100 ) ) ;
#564 = CARTESIAN_POINT ( 'NONE',  ( 37.10809606263968200, 1.408466340067337200, 80.28105014963637100 ) ) ;
#565 = CARTESIAN_POINT ( 'NONE',  ( 38.32740635070787500, -0.9419733094848231600, -91.59999999999999400 ) ) ;
#566 = CARTESIAN_POINT ( 'NONE',  ( 44.04282468618878000, 0.04683787287838525600, 65.00000000000000000 ) ) ;
#567 = CARTESIAN_POINT ( 'NONE',  ( 32.52650100250788500, 1.074995622217624200, 70.40270111377668600 ) ) ;
#568 = CARTESIAN_POINT ( 'NONE',  ( 35.95717531381122000, 0.04683787287838525600, -65.00000000000000000 ) ) ;
#569 = CARTESIAN_POINT ( 'NONE',  ( 33.77651234112075700, 0.1271022182066587900, 91.60000000000019300 ) ) ;
#570 = FACE_OUTER_BOUND ( 'NONE', #5034, .T. ) ;
#571 = CARTESIAN_POINT ( 'NONE',  ( 51.95262711332264200, -3.501695169439779800, 67.66777135554414700 ) ) ;
#572 = CARTESIAN_POINT ( 'NONE',  ( 46.37358570328316200, 1.590411155545548900, -81.01363580137035600 ) ) ;
#573 = CARTESIAN_POINT ( 'NONE',  ( 34.50044458361663400, -3.235529499503049200, -0.07161638448307795800 ) ) ;
#574 = ORIENTED_EDGE ( 'NONE', *, *, #199, .F. ) ;
#575 = VECTOR ( 'NONE', #3060, 1000.000000000000000 ) ;
#576 = CARTESIAN_POINT ( 'NONE',  ( 46.73807232214583300, 0.3991327400285057400, -86.34490824552362700 ) ) ;
#577 = ORIENTED_EDGE ( 'NONE', *, *, #1146, .T. ) ;
#578 = CARTESIAN_POINT ( 'NONE',  ( 46.31554784726359500, 0.9488544414885336000, -86.32146666599072700 ) ) ;
#579 = PLANE ( 'NONE',  #359 ) ;
#580 = CARTESIAN_POINT ( 'NONE',  ( 39.87872821456898700, -1.986550559059989000, 99.82118079328773800 ) ) ;
#581 = EDGE_LOOP ( 'NONE', ( #961, #4758 ) ) ;
#582 = CARTESIAN_POINT ( 'NONE',  ( 50.11465797579507600, -3.496319897800611800, 78.31748053202910900 ) ) ;
#583 = CARTESIAN_POINT ( 'NONE',  ( 34.41226571850144500, 1.553954600205484900, 80.87201229162450000 ) ) ;
#584 = CARTESIAN_POINT ( 'NONE',  ( 30.41770786338180000, -1.949647561176319100, -67.54701539812400300 ) ) ;
#585 = CARTESIAN_POINT ( 'NONE',  ( 45.49422618823609800, 1.646656890334615500, -0.2600344868026366300 ) ) ;
#586 = CARTESIAN_POINT ( 'NONE',  ( 40.00000000000000000, 3.500000000000000000, 5.500000000000000000 ) ) ;
#587 = CARTESIAN_POINT ( 'NONE',  ( 39.44918831878369800, -1.752031084320056800, -91.59999999999998000 ) ) ;
#588 = CARTESIAN_POINT ( 'NONE',  ( 32.37702229133726200, 2.832618299263363100, 64.99999999999994300 ) ) ;
#589 = CARTESIAN_POINT ( 'NONE',  ( 46.47567960600376600, 2.114039807575883500, -75.72088057688313300 ) ) ;
#590 = CARTESIAN_POINT ( 'NONE',  ( 35.11105534674797500, 2.662847721955357000, -35.00000000000000000 ) ) ;
#591 = CARTESIAN_POINT ( 'NONE',  ( 46.08620677712306700, -0.7969271835119912100, -91.59999999999968200 ) ) ;
#592 = CARTESIAN_POINT ( 'NONE',  ( 36.36937612112955500, 3.153323766124595600, 23.27590886402343200 ) ) ;
#593 = CLOSED_SHELL ( 'NONE', ( #651, #2378, #5190, #4826, #749, #2736, #1112, #4776, #2331, #4445, #3189, #3967, #3568, #1490 ) ) ;
#594 = EDGE_CURVE ( 'NONE', #5030, #340, #2609, .T. ) ;
#595 = CARTESIAN_POINT ( 'NONE',  ( 47.12984094810003200, 2.634323737102044900, -70.40081065677524900 ) ) ;
#596 = CARTESIAN_POINT ( 'NONE',  ( 48.31208561003273900, 5.053453130918208900, -35.00000000000001400 ) ) ;
#597 = CARTESIAN_POINT ( 'NONE',  ( 29.09365908175837800, -2.627101893737120000, -52.82639375731731900 ) ) ;
#598 = CARTESIAN_POINT ( 'NONE',  ( 40.00000000000000000, 3.500000000000000000, -5.500000000000000000 ) ) ;
#599 = CARTESIAN_POINT ( 'NONE',  ( 41.34930580313869100, 2.046140262461224200, 65.00000000000000000 ) ) ;
#600 = CARTESIAN_POINT ( 'NONE',  ( 32.98667977949714500, -3.068697304247694400, -91.59999999999999400 ) ) ;
#601 = CARTESIAN_POINT ( 'NONE',  ( 45.49998342332958900, 1.511335797240829200, 0.0000000000000000000 ) ) ;
#602 = CARTESIAN_POINT ( 'NONE',  ( 34.40368003737008700, 3.250000000000002700, 65.00000000000001400 ) ) ;
#603 = CARTESIAN_POINT ( 'NONE',  ( 39.45951442324612700, -1.749458338471516500, -91.59999999999998000 ) ) ;
#604 = CARTESIAN_POINT ( 'NONE',  ( 32.79873820211117400, 2.617199410488108700, 70.41002487730516200 ) ) ;
#605 = CARTESIAN_POINT ( 'NONE',  ( 50.14172525223163700, -3.501967708371569000, 78.31101059883705800 ) ) ;
#606 = CARTESIAN_POINT ( 'NONE',  ( 46.49762931597831500, 2.072521118444269100, -75.68954623505582900 ) ) ;
#607 = CARTESIAN_POINT ( 'NONE',  ( 46.25979218699755100, -0.5631076162855686000, -91.59999999999976700 ) ) ;
#608 = CARTESIAN_POINT ( 'NONE',  ( 40.03834867992640800, 2.685545651007120100, 35.00000000000002100 ) ) ;
#609 = CARTESIAN_POINT ( 'NONE',  ( 46.02737056712423700, 0.3480709075861673800, -91.60000000000029300 ) ) ;
#610 = CARTESIAN_POINT ( 'NONE',  ( 44.55284617161689200, 2.718282363560556200, 0.0000000000000000000 ) ) ;
#611 = CARTESIAN_POINT ( 'NONE',  ( 32.08815329471376300, -1.666238714616831800, -65.00000000000005700 ) ) ;
#612 = CARTESIAN_POINT ( 'NONE',  ( 45.07817957728256900, 0.6209759716901776000, 64.99999999999997200 ) ) ;
#613 = CARTESIAN_POINT ( 'NONE',  ( 31.72304489717285500, -3.021238824830460700, -84.87607048162031700 ) ) ;
#614 = CARTESIAN_POINT ( 'NONE',  ( 42.31534208404363500, -0.7009816567022247900, 78.40921146435664500 ) ) ;
#615 = CARTESIAN_POINT ( 'NONE',  ( 53.44483379002171100, -3.343927464517825900, 40.00266128898864800 ) ) ;
#616 = CARTESIAN_POINT ( 'NONE',  ( 37.68465791595637200, -0.7009816567022247900, -78.40921146435664500 ) ) ;
#617 = CARTESIAN_POINT ( 'NONE',  ( 33.42808347710013800, 2.327642394770359500, 75.81319226473746700 ) ) ;
#618 = CARTESIAN_POINT ( 'NONE',  ( 34.77024616343342700, 0.6794399671886728300, 5.448849002921631000 ) ) ;
#619 = DIRECTION ( 'NONE',  ( -0.0000000000000000000, -1.000000000000000000, -0.0000000000000000000 ) ) ;
#620 = CARTESIAN_POINT ( 'NONE',  ( 46.12377062829952500, 1.007801853363019500, -86.30472896608617400 ) ) ;
#621 = CARTESIAN_POINT ( 'NONE',  ( 40.00000000000000000, -3.926777784743245500, 2.500000000000000000 ) ) ;
#622 = CARTESIAN_POINT ( 'NONE',  ( 47.79558830634245200, 2.066738329282708200, -65.00000000000002800 ) ) ;
#623 = CARTESIAN_POINT ( 'NONE',  ( 44.20179484901000000, -2.927145452471277200, 0.0000000000000000000 ) ) ;
#624 = CARTESIAN_POINT ( 'NONE',  ( 47.06861213992449000, 2.644357207305768000, -70.39209777800893200 ) ) ;
#625 = CARTESIAN_POINT ( 'NONE',  ( 48.47291163877637400, 3.713797404061414100, -34.99999999999998600 ) ) ;
#626 = CARTESIAN_POINT ( 'NONE',  ( 26.61377622342014200, -3.274055437160718500, -35.00000000000000000 ) ) ;
#627 = CARTESIAN_POINT ( 'NONE',  ( 45.40568443463253300, -2.962281127268910500, 91.60000000000009400 ) ) ;
#628 = EDGE_CURVE ( 'NONE', #938, #1154, #3384, .T. ) ;
#629 = CIRCLE ( 'NONE', #3140, 25.32549538158371400 ) ;
#630 = CARTESIAN_POINT ( 'NONE',  ( 46.22732073791139800, -0.3475896502577191000, 70.50331196721822400 ) ) ;
#631 = CARTESIAN_POINT ( 'NONE',  ( 27.90038561644897500, -3.346823178263799400, -67.55796246428971600 ) ) ;
#632 = CARTESIAN_POINT ( 'NONE',  ( 40.53532575363809100, -1.748174874056613600, 91.59999999999998000 ) ) ;
#633 = CARTESIAN_POINT ( 'NONE',  ( 32.43188454476513300, 0.9473495702130605400, 75.81784345939784900 ) ) ;
#634 = CARTESIAN_POINT ( 'NONE',  ( 52.68310727074662500, -3.502888593200705900, 52.50191092872521600 ) ) ;
#635 = CARTESIAN_POINT ( 'NONE',  ( 38.42949176127137900, -1.275399761486496700, -84.95516856332004400 ) ) ;
#636 = CARTESIAN_POINT ( 'NONE',  ( 33.90378647087523200, 0.2879017730269637900, 91.60000000000026400 ) ) ;
#637 = CARTESIAN_POINT ( 'NONE',  ( 36.65576303104992900, 0.1987054267567937600, 4.381955201679949700 ) ) ;
#638 = CARTESIAN_POINT ( 'NONE',  ( 32.21347673743531500, 1.711995033765072000, 70.44330349631209700 ) ) ;
#639 = CARTESIAN_POINT ( 'NONE',  ( 34.82468411564887100, -0.1696569241813815600, 98.38101291942410900 ) ) ;
#640 = CARTESIAN_POINT ( 'NONE',  ( 46.21391629438147000, 1.552311678695190900, -80.96952931684941700 ) ) ;
#641 = VERTEX_POINT ( 'NONE', #2065 ) ;
#642 = CARTESIAN_POINT ( 'NONE',  ( 41.41908541641003400, 4.061546986379974000, 23.27328101857091600 ) ) ;
#643 = AXIS2_PLACEMENT_3D ( 'NONE', #2860, #1972, #794 ) ;
#644 = CARTESIAN_POINT ( 'NONE',  ( 47.12342692111045700, 2.314653353606155300, -75.88976217538969100 ) ) ;
#645 = EDGE_LOOP ( 'NONE', ( #3128, #1679, #1743, #2608, #3995, #770, #4256 ) ) ;
#646 = APPLICATION_PROTOCOL_DEFINITION ( 'international standard', 'config_control_design', 1994, #208 ) ;
#647 = CARTESIAN_POINT ( 'NONE',  ( 46.52997680986255300, 1.603778474662447700, -81.04128508892414100 ) ) ;
#648 = CARTESIAN_POINT ( 'NONE',  ( 47.40586519631300200, 2.986840821713614400, -23.26270183871196200 ) ) ;
#649 = ORIENTED_EDGE ( 'NONE', *, *, #1146, .F. ) ;
#650 = DIRECTION ( 'NONE',  ( 0.0000000000000000000, 0.0000000000000000000, 1.000000000000000000 ) ) ;
#651 = ADVANCED_FACE ( 'NONE', ( #2527 ), #1730, .F. ) ;
#652 = CARTESIAN_POINT ( 'NONE',  ( 39.21189081550979000, -0.1319369204841387100, 91.59999999999998000 ) ) ;
#653 = CARTESIAN_POINT ( 'NONE',  ( 27.86776556339357200, -3.290641616042996100, -65.00000000000000000 ) ) ;
#654 = ORIENTED_EDGE ( 'NONE', *, *, #4318, .T. ) ;
#655 = CARTESIAN_POINT ( 'NONE',  ( 43.93546425949234200, 0.09402822856297864100, 65.00000000000000000 ) ) ;
#656 = CARTESIAN_POINT ( 'NONE',  ( 33.94061767513413500, -0.8207927445222676900, 91.59999999999968200 ) ) ;
#657 = CARTESIAN_POINT ( 'NONE',  ( 40.28396424198088300, -1.001630237515225100, 5.500000000001038300 ) ) ;
#658 = CARTESIAN_POINT ( 'NONE',  ( 38.66704948405897800, 0.8257623464292911400, -68.47455797756634900 ) ) ;
#659 = ADVANCED_BREP_SHAPE_REPRESENTATION ( 'PROPELLER - 8x4_Default_sldprt', ( #257, #423, #2490 ), #3054 ) ;
#660 = CARTESIAN_POINT ( 'NONE',  ( 32.86877281558116000, 1.187187843435921800, 81.08971980031125800 ) ) ;
#661 = CARTESIAN_POINT ( 'NONE',  ( 46.11199556082083700, -2.709781947833429500, 91.59999999999998000 ) ) ;
#662 = CARTESIAN_POINT ( 'NONE',  ( 46.67514841108345500, 2.650945102439330000, -70.31706275498503100 ) ) ;
#663 = CARTESIAN_POINT ( 'NONE',  ( 42.64931131899881200, -0.6477401337526967900, 0.0000000000000000000 ) ) ;
#664 = CARTESIAN_POINT ( 'NONE',  ( 47.79713158762689300, 2.075262011488318700, -65.00000000000002800 ) ) ;
#665 = CARTESIAN_POINT ( 'NONE',  ( 34.50000000000000000, -3.500000000000000000, -101.5999999999999900 ) ) ;
#666 = CARTESIAN_POINT ( 'NONE',  ( 53.26915514171067700, -3.492244288815582900, 40.00417574954925500 ) ) ;
#667 = CARTESIAN_POINT ( 'NONE',  ( 38.86277806289969300, -0.04459202387191412600, 91.59999999999996600 ) ) ;
#668 = CARTESIAN_POINT ( 'NONE',  ( 27.90990557644712300, -3.404695970668889100, -67.56360674686470700 ) ) ;
#669 = CARTESIAN_POINT ( 'NONE',  ( 41.54203680185662500, -1.266569315274540500, 84.96080751264931100 ) ) ;
#670 = CARTESIAN_POINT ( 'NONE',  ( 33.95073094333177700, -0.8292596109046197500, 91.59999999999968200 ) ) ;
#671 = CARTESIAN_POINT ( 'NONE',  ( 52.19201967071585100, -3.348920651434912400, 65.00000000000005700 ) ) ;
#672 = CARTESIAN_POINT ( 'NONE',  ( 41.64004452704107000, -1.304552257151461600, -91.60000000000003700 ) ) ;
#673 = CARTESIAN_POINT ( 'NONE',  ( 35.84758252085711700, 0.3461543157590714100, 3.611446626202715800 ) ) ;
#674 = CARTESIAN_POINT ( 'NONE',  ( 32.78978558570600700, 0.9368330561144021500, 81.08715264414978200 ) ) ;
#675 = CARTESIAN_POINT ( 'NONE',  ( 39.88193266506409900, -0.2896717723429190800, 91.60000000000002300 ) ) ;
#676 = CARTESIAN_POINT ( 'NONE',  ( 45.56524118897463900, 0.4999379630442487000, -91.59999999999999400 ) ) ;
#677 = CARTESIAN_POINT ( 'NONE',  ( 40.95548734417410900, -0.2846749504638596000, 78.88710329366605800 ) ) ;
#678 = CARTESIAN_POINT ( 'NONE',  ( 42.54947668003541800, 2.733200515065060500, -6.059905726805790300 ) ) ;
#679 = CARTESIAN_POINT ( 'NONE',  ( 47.11195978643194600, 2.320311472625807600, -75.88905113691208700 ) ) ;
#680 = CARTESIAN_POINT ( 'NONE',  ( 33.02209043584160500, -3.085472570157330500, -91.95697146355861700 ) ) ;
#681 = CARTESIAN_POINT ( 'NONE',  ( 41.46305839455439500, -0.8590833059379647800, 91.60000000000000900 ) ) ;
#682 = CARTESIAN_POINT ( 'NONE',  ( 31.02912978145767300, -3.382600657848847000, -84.90262397945849700 ) ) ;
#683 = CARTESIAN_POINT ( 'NONE',  ( 43.40238199627013000, 0.3163546224133589300, 65.00000000000000000 ) ) ;
#684 = CARTESIAN_POINT ( 'NONE',  ( 33.93346998185071300, -0.8146350257671234300, 91.59999999999968200 ) ) ;
#685 = CARTESIAN_POINT ( 'NONE',  ( 53.26915514171067700, -3.492244288815582900, 40.00417574954925500 ) ) ;
#686 = CARTESIAN_POINT ( 'NONE',  ( 36.89752307614553200, 0.4322654118848899300, -65.00000000000000000 ) ) ;
#687 = PERSON_AND_ORGANIZATION ( #4895, #1865 ) ;
#688 = CARTESIAN_POINT ( 'NONE',  ( 38.60755857123482600, -0.3563023516062875900, 5.332688114651918300 ) ) ;
#689 = CARTESIAN_POINT ( 'NONE',  ( 45.50000000000000000, -3.500000000000000000, 101.5999999999999900 ) ) ;
#690 = EDGE_CURVE ( 'NONE', #4012, #1062, #2473, .T. ) ;
#691 = CARTESIAN_POINT ( 'NONE',  ( 46.54637103706411900, 2.051464759414991100, -75.63473780016907700 ) ) ;
#692 = CARTESIAN_POINT ( 'NONE',  ( 35.67486574052150400, -1.019707216853843000, 91.60000000000000900 ) ) ;
#693 = CARTESIAN_POINT ( 'NONE',  ( 53.28631023885851200, -3.498586476245995500, 35.00000000000000000 ) ) ;
#694 = ORIENTED_EDGE ( 'NONE', *, *, #2023, .F. ) ;
#695 = VECTOR ( 'NONE', #2123, 1000.000000000000000 ) ;
#696 = CARTESIAN_POINT ( 'NONE',  ( 47.71620150291469300, 2.133212055309198000, -70.44968686675632300 ) ) ;
#697 = CARTESIAN_POINT ( 'NONE',  ( 43.24866609648759000, -0.09638074286544820500, -96.66333298583774100 ) ) ;
#698 = CYLINDRICAL_SURFACE ( 'NONE', #2020, 2.500000000000000000 ) ;
#699 = CARTESIAN_POINT ( 'NONE',  ( 47.35647751368668400, -1.420339374977566800, 64.99999999999994300 ) ) ;
#700 = ORIENTED_EDGE ( 'NONE', *, *, #2854, .F. ) ;
#701 = CARTESIAN_POINT ( 'NONE',  ( 46.64167535797221800, -0.1698116158812811000, 65.00000000000000000 ) ) ;
#702 = CARTESIAN_POINT ( 'NONE',  ( 27.81929495090457000, -3.351825034023381300, -65.00000000000000000 ) ) ;
#703 = CARTESIAN_POINT ( 'NONE',  ( 40.84313478781300700, -1.061663178730185600, 85.09843044722774200 ) ) ;
#704 = CARTESIAN_POINT ( 'NONE',  ( 32.96067305814047900, 0.2803299657135582300, 81.05220875969934000 ) ) ;
#705 = CARTESIAN_POINT ( 'NONE',  ( 44.57790814756351900, -3.091346004255190600, 3.062345030432573000 ) ) ;
#706 = CARTESIAN_POINT ( 'NONE',  ( 37.63619695609718700, 0.6939293055735059600, -65.00000000000001400 ) ) ;
#707 = CARTESIAN_POINT ( 'NONE',  ( 34.75386035978122800, 0.7014085854242363400, 1.690739151486491600 ) ) ;
#708 = EDGE_LOOP ( 'NONE', ( #67, #4333 ) ) ;
#709 = CARTESIAN_POINT ( 'NONE',  ( 41.85522308440764000, -1.876771981872852300, 98.48528102659125200 ) ) ;
#710 = CARTESIAN_POINT ( 'NONE',  ( 46.09840371741705000, 3.244279201044522900, -64.99999999999997200 ) ) ;
#711 = CARTESIAN_POINT ( 'NONE',  ( 40.54540494537297900, 0.9978282895530242700, 68.70906233126451900 ) ) ;
#712 = CARTESIAN_POINT ( 'NONE',  ( 43.98358338239049900, 2.805021401942735100, -5.844137577975714300 ) ) ;
#713 = CARTESIAN_POINT ( 'NONE',  ( 47.35824472959006200, 2.550694317508848600, -70.42700917066251500 ) ) ;
#714 = CARTESIAN_POINT ( 'NONE',  ( 47.06249999999992900, 4.375000000000001800, -55.01473523173899600 ) ) ;
#715 = CARTESIAN_POINT ( 'NONE',  ( 52.13920569160297400, -3.295081517450658900, 65.00000000000000000 ) ) ;
#716 = CARTESIAN_POINT ( 'NONE',  ( 44.68080442383126900, -2.781578952616098600, 91.60000000000012200 ) ) ;
#717 = CARTESIAN_POINT ( 'NONE',  ( 46.58327216923773100, -0.5184448742554737000, 70.42064639903445300 ) ) ;
#718 = CARTESIAN_POINT ( 'NONE',  ( 32.33603824760133000, -3.355523901087058100, -91.60000000000000900 ) ) ;
#719 = CARTESIAN_POINT ( 'NONE',  ( 41.47643208847063800, -0.4290888756436229100, 78.70421137605153200 ) ) ;
#720 = CARTESIAN_POINT ( 'NONE',  ( 32.42809573975468100, 1.188755645738921500, 70.41318348199449400 ) ) ;
#721 = CARTESIAN_POINT ( 'NONE',  ( 35.09473707617698300, -0.09214121221553189800, 98.33504544664333500 ) ) ;
#722 = CARTESIAN_POINT ( 'NONE',  ( 44.32513425947849600, -1.019707216853843000, -91.60000000000000900 ) ) ;
#723 = CARTESIAN_POINT ( 'NONE',  ( 34.50000000000000000, -3.500000000000000000, -101.5999999999999900 ) ) ;
#724 = EDGE_CURVE ( 'NONE', #5093, #3419, #4764, .T. ) ;
#725 = CARTESIAN_POINT ( 'NONE',  ( 32.68750000000007100, 5.500000000000001800, 24.87452441242750800 ) ) ;
#726 = CARTESIAN_POINT ( 'NONE',  ( 37.39875325568867500, 1.318156570350203200, -68.43801269933077000 ) ) ;
#727 = CARTESIAN_POINT ( 'NONE',  ( 39.42997596316068600, -1.498465376580942600, 91.59999999999999400 ) ) ;
#728 = CARTESIAN_POINT ( 'NONE',  ( 43.35214728696485800, 2.824631478723828700, -5.803733397248822500 ) ) ;
#729 = AXIS2_PLACEMENT_3D ( 'NONE', #113, #4643, #5070 ) ;
#730 = CARTESIAN_POINT ( 'NONE',  ( 46.46343989264408200, 0.8611738803630938400, -86.33203674871680300 ) ) ;
#731 = CARTESIAN_POINT ( 'NONE',  ( 32.85616231662326200, 2.631524067894735400, 70.40269887043103800 ) ) ;
#732 = CARTESIAN_POINT ( 'NONE',  ( 34.50000000000000000, -3.500000000000000000, -101.5999999999999900 ) ) ;
#733 = CARTESIAN_POINT ( 'NONE',  ( 52.09830017326376600, -3.381256343089069200, 67.56004431758357500 ) ) ;
#734 = CARTESIAN_POINT ( 'NONE',  ( 34.52281190930727900, 1.789020910303740900, 0.5166740199717817500 ) ) ;
#735 = CARTESIAN_POINT ( 'NONE',  ( 46.92328277288623900, -0.3249535840537120000, 65.00000000000000000 ) ) ;
#736 = CARTESIAN_POINT ( 'NONE',  ( 29.70763346639765600, -3.387569744326610600, -78.20004431758356100 ) ) ;
#737 = CARTESIAN_POINT ( 'NONE',  ( 33.86431105110693100, -0.7499239795212731000, 91.59999999999968200 ) ) ;
#738 = CARTESIAN_POINT ( 'NONE',  ( 29.74171140726191700, -1.658266611398802700, -52.93096387290636100 ) ) ;
#739 = CARTESIAN_POINT ( 'NONE',  ( 42.71272705170859800, -2.117652668695241900, 4.817335496506477600 ) ) ;
#740 = CARTESIAN_POINT ( 'NONE',  ( 45.57754845507130900, -0.9999963500917606900, -91.59999999999998000 ) ) ;
#741 = CARTESIAN_POINT ( 'NONE',  ( 33.02209043584160500, -3.085472570157330500, -91.95697146355861700 ) ) ;
#742 = AXIS2_PLACEMENT_3D ( 'NONE', #3767, #1664, #1248 ) ;
#743 = CARTESIAN_POINT ( 'NONE',  ( 33.52660984115154000, 2.126031503723137700, 75.72789715189415500 ) ) ;
#744 = CARTESIAN_POINT ( 'NONE',  ( 38.25773743114214700, 1.221658706743933300, -72.37997313043105400 ) ) ;
#745 = CARTESIAN_POINT ( 'NONE',  ( 39.66450167152151400, -1.546924376201045200, 91.59999999999999400 ) ) ;
#746 = CARTESIAN_POINT ( 'NONE',  ( 53.43918027289603100, -3.386841064597006000, 23.03659905653087800 ) ) ;
#747 = CARTESIAN_POINT ( 'NONE',  ( 47.10076371979634000, 2.326237577894280300, -75.88827071501459900 ) ) ;
#748 = CARTESIAN_POINT ( 'NONE',  ( 32.41147219226959900, 2.877699812167158600, 64.99999999999997200 ) ) ;
#749 = ADVANCED_FACE ( 'NONE', ( #4708, #1156 ), #579, .T. ) ;
#750 = CARTESIAN_POINT ( 'NONE',  ( 32.42487458827424300, -3.503091601416670600, -91.59999999999998000 ) ) ;
#751 = CARTESIAN_POINT ( 'NONE',  ( 48.87744857396037200, -2.647442818004510600, 78.14247128482487900 ) ) ;
#752 = CARTESIAN_POINT ( 'NONE',  ( 52.72778490315996400, -3.187407010529113500, 34.99999999999999300 ) ) ;
#753 = EDGE_CURVE ( 'NONE', #641, #2035, #4952, .T. ) ;
#754 = DATE_AND_TIME ( #5328, #238 ) ;
#755 = CARTESIAN_POINT ( 'NONE',  ( 42.70815609692753200, -0.6229873655166848800, 84.98460663793642300 ) ) ;
#756 = CARTESIAN_POINT ( 'NONE',  ( 27.96590603436473200, -3.452902464448212200, -67.61925899209073500 ) ) ;
#757 = DIRECTION ( 'NONE',  ( -0.0000000000000000000, 0.0000000000000000000, 1.000000000000000000 ) ) ;
#758 = CARTESIAN_POINT ( 'NONE',  ( 45.22522384064014000, -3.429184591355484400, 1.716693279303529000 ) ) ;
#759 = CARTESIAN_POINT ( 'NONE',  ( 46.50134174118914400, 0.3029796947992076700, -75.64840067936155800 ) ) ;
#760 = CARTESIAN_POINT ( 'NONE',  ( 36.88800443790788100, -1.515155730498627600, -91.60000000000003700 ) ) ;
#761 = LINE ( 'NONE', #3037, #1678 ) ;
#762 = CIRCLE ( 'NONE', #5171, 1.250000000000001100 ) ;
#763 = CARTESIAN_POINT ( 'NONE',  ( 33.09889608584150300, 2.654311310581519900, 70.36319266760054300 ) ) ;
#764 = CARTESIAN_POINT ( 'NONE',  ( 38.82202813371335300, 0.6202680958717926600, -79.07801269933075600 ) ) ;
#765 = CARTESIAN_POINT ( 'NONE',  ( 33.87281045204024800, -0.1164050099558741300, 80.96165494154139700 ) ) ;
#766 = CARTESIAN_POINT ( 'NONE',  ( 32.36332076235721200, 1.711310004182867100, 75.88545356344464200 ) ) ;
#767 = CARTESIAN_POINT ( 'NONE',  ( 30.97629938119450400, -0.08793353458758541900, -23.00867411803021400 ) ) ;
#768 = CARTESIAN_POINT ( 'NONE',  ( 46.48648549803477400, 0.8423876710991987600, -86.33350458533139700 ) ) ;
#769 = ORIENTED_EDGE ( 'NONE', *, *, #594, .T. ) ;
#770 = ORIENTED_EDGE ( 'NONE', *, *, #753, .F. ) ;
#771 = CARTESIAN_POINT ( 'NONE',  ( 33.44595593300901700, -3.453884755073608000, -96.76691597222581700 ) ) ;
#772 = CARTESIAN_POINT ( 'NONE',  ( 52.05853164192906500, -3.422171029329296400, 70.11681672218236400 ) ) ;
#773 = CARTESIAN_POINT ( 'NONE',  ( 47.59858415511067900, 1.038215962506129600, -75.82823995624487200 ) ) ;
#774 = DIRECTION ( 'NONE',  ( 0.0000000000000000000, 0.0000000000000000000, -1.000000000000000000 ) ) ;
#775 = CARTESIAN_POINT ( 'NONE',  ( 50.69693262416273400, -2.473187239989410400, 65.00000000000002800 ) ) ;
#776 = CARTESIAN_POINT ( 'NONE',  ( 31.06599111250603300, -3.468040811311905000, -84.93390886500975500 ) ) ;
#777 = CARTESIAN_POINT ( 'NONE',  ( 27.25598859161852500, -3.500636023863865200, -52.50155703662636600 ) ) ;
#778 = CARTESIAN_POINT ( 'NONE',  ( 45.50000000000000000, -3.500000000000000000, 101.5999999999999900 ) ) ;
#779 = CARTESIAN_POINT ( 'NONE',  ( 46.46156261210226300, 0.3075705330883804500, -75.64271764530195700 ) ) ;
#780 = CARTESIAN_POINT ( 'NONE',  ( 34.50000000000000000, -3.500000000000000000, -101.5999999999999900 ) ) ;
#781 = ORIENTED_EDGE ( 'NONE', *, *, #4042, .F. ) ;
#782 = CARTESIAN_POINT ( 'NONE',  ( 33.52802731527523900, 2.164913676540974700, 75.74847266839776700 ) ) ;
#783 = CARTESIAN_POINT ( 'NONE',  ( 43.22639450540188500, 0.8952662083648163000, -85.94052507481822500 ) ) ;
#784 = CARTESIAN_POINT ( 'NONE',  ( 33.37336424032255900, 0.7804780039836859400, 70.32896420320452100 ) ) ;
#785 = CARTESIAN_POINT ( 'NONE',  ( 32.25233006171635000, 2.048027517653587800, 70.44973523575096400 ) ) ;
#786 = CARTESIAN_POINT ( 'NONE',  ( 27.02304920389744700, -2.975147314482604200, -23.02619614562116400 ) ) ;
#787 = CARTESIAN_POINT ( 'NONE',  ( 47.68687823069962700, 2.195480880604116600, -70.44908179462555600 ) ) ;
#788 = CARTESIAN_POINT ( 'NONE',  ( 32.88668831932601200, -3.387968071670915300, -91.59999999999998000 ) ) ;
#789 = CARTESIAN_POINT ( 'NONE',  ( 50.29342629221402200, -3.376342897652287800, 78.19909717194892100 ) ) ;
#790 = CARTESIAN_POINT ( 'NONE',  ( 46.93253386055415200, 0.3549753044369269300, -75.70676095495193200 ) ) ;
#791 = CARTESIAN_POINT ( 'NONE',  ( 34.50577381176389500, 1.646656890334591500, 0.2600344868026423500 ) ) ;
#792 = CARTESIAN_POINT ( 'NONE',  ( 47.71738241995066000, -1.088512154467719900, 70.23479956508967300 ) ) ;
#793 = CARTESIAN_POINT ( 'NONE',  ( 32.32857146993821800, -3.375061224639781500, -91.60000000000000900 ) ) ;
#794 = DIRECTION ( 'NONE',  ( 0.0000000000000000000, 0.0000000000000000000, 1.000000000000000000 ) ) ;
#795 = CARTESIAN_POINT ( 'NONE',  ( 45.50000000000000000, -3.500000000000000000, 101.5999999999999900 ) ) ;
#796 = CARTESIAN_POINT ( 'NONE',  ( 46.16699998041762100, -0.1203858579863107500, -80.96584826533941700 ) ) ;
#797 = ORIENTED_EDGE ( 'NONE', *, *, #199, .T. ) ;
#798 = CARTESIAN_POINT ( 'NONE',  ( 33.43906547742708600, -3.477768990570127400, -96.76848412973112100 ) ) ;
#799 = CARTESIAN_POINT ( 'NONE',  ( 34.24997961154372200, 0.4798059209331626000, 91.60000000000015100 ) ) ;
#800 = CARTESIAN_POINT ( 'NONE',  ( 42.04340738629120700, 0.7350091117518754400, -85.72938925496504200 ) ) ;
#801 = CARTESIAN_POINT ( 'NONE',  ( 34.37031116526259200, -0.9980255190178704000, 91.59999999999993700 ) ) ;
#802 = CARTESIAN_POINT ( 'NONE',  ( 32.88430887603415400, 2.318315128689098200, 75.88930934396849200 ) ) ;
#803 = CARTESIAN_POINT ( 'NONE',  ( 37.35068868100118800, -0.6477401337526967900, 0.0000000000000000000 ) ) ;
#804 = CARTESIAN_POINT ( 'NONE',  ( 46.08574037644405800, -3.399194561495446200, 96.78146330470583800 ) ) ;
#805 = CARTESIAN_POINT ( 'NONE',  ( 33.46013439720000100, 1.603509288224376700, 81.04269887043116700 ) ) ;
#806 = EDGE_CURVE ( 'NONE', #4243, #5216, #5214, .T. ) ;
#807 = CARTESIAN_POINT ( 'NONE',  ( 33.32418831923657600, -3.278905605860806400, -91.60000000000000900 ) ) ;
#808 = CARTESIAN_POINT ( 'NONE',  ( 51.92014866741161000, -3.519237336298652900, 70.13224966682892600 ) ) ;
#809 = CARTESIAN_POINT ( 'NONE',  ( 46.03171588672788100, -0.8434505782200969500, -91.59999999999969600 ) ) ;
#810 = CARTESIAN_POINT ( 'NONE',  ( 42.72439299351391600, 0.04769320525473152300, -4.781339242736590800 ) ) ;
#811 = CARTESIAN_POINT ( 'NONE',  ( 27.97053626643769400, -3.460804824644049900, -67.62781773001950100 ) ) ;
#812 = CARTESIAN_POINT ( 'NONE',  ( 46.19501029377046600, -3.424981596098041000, 96.77619747656956400 ) ) ;
#813 = CARTESIAN_POINT ( 'NONE',  ( 46.68571699873429300, 1.257985358694052600, -64.99999999999998600 ) ) ;
#814 = CARTESIAN_POINT ( 'NONE',  ( 33.80498970622953400, -3.424981596098041000, -96.77619747656956400 ) ) ;
#815 = CARTESIAN_POINT ( 'NONE',  ( 33.16954439268089800, 2.401672315662577900, 75.86185827574406900 ) ) ;
#816 = CARTESIAN_POINT ( 'NONE',  ( 32.77037262364217400, 3.159804358365207600, 65.00000000000000000 ) ) ;
#817 = CARTESIAN_POINT ( 'NONE',  ( 33.78278065089331500, -0.1464961342496459700, -67.75142766351277100 ) ) ;
#818 = CARTESIAN_POINT ( 'NONE',  ( 34.14045875999537600, -0.5587161770044695200, 86.28122352985778300 ) ) ;
#819 = CARTESIAN_POINT ( 'NONE',  ( 33.67549069692022100, -0.2776081218954847300, 91.59999999999995200 ) ) ;
#820 = CARTESIAN_POINT ( 'NONE',  ( 27.02304920389744700, -2.975147314482604200, -34.99999999999999300 ) ) ;
#821 = PERSON_AND_ORGANIZATION ( #4895, #1865 ) ;
#822 = CARTESIAN_POINT ( 'NONE',  ( 47.62835843917939400, -3.496058060785116200, 91.60000000000002300 ) ) ;
#823 = CARTESIAN_POINT ( 'NONE',  ( 33.44213962214914900, -3.421796275631846300, -96.76830229557577900 ) ) ;
#824 = CARTESIAN_POINT ( 'NONE',  ( 52.18489663741198800, -3.401443045118024400, 65.00000000000000000 ) ) ;
#825 = VERTEX_POINT ( 'NONE', #3839 ) ;
#826 = FACE_OUTER_BOUND ( 'NONE', #1623, .T. ) ;
#827 = CARTESIAN_POINT ( 'NONE',  ( 46.14882366185919700, -0.5304573572836411800, -86.29985334261273500 ) ) ;
#828 = CARTESIAN_POINT ( 'NONE',  ( 47.37652445196685800, -0.8943941281142757700, 53.47072168711505200 ) ) ;
#829 = CARTESIAN_POINT ( 'NONE',  ( 28.21989818027643100, -3.495955262682059600, -70.35496106405817300 ) ) ;
#830 = CARTESIAN_POINT ( 'NONE',  ( 32.39231720032724100, -3.494381338622723400, -91.59999999999999400 ) ) ;
#831 = DIRECTION ( 'NONE',  ( 0.0000000000000000000, 0.0000000000000000000, 1.000000000000000000 ) ) ;
#832 = VERTEX_POINT ( 'NONE', #3005 ) ;
#833 = LINE ( 'NONE', #626, #3988 ) ;
#834 = CARTESIAN_POINT ( 'NONE',  ( 46.23895478207919800, -3.292736285078665200, 96.77848573177931300 ) ) ;
#835 = CARTESIAN_POINT ( 'NONE',  ( 46.65187127618536800, 0.7784697272294401900, -70.33122065485262900 ) ) ;
#836 = ORIENTED_EDGE ( 'NONE', *, *, #348, .T. ) ;
#837 = CARTESIAN_POINT ( 'NONE',  ( 33.69564025924027800, -3.454829074453073200, -96.77228008868436900 ) ) ;
#838 = AXIS2_PLACEMENT_3D ( 'NONE', #4220, #2995, #5143 ) ;
#839 = CARTESIAN_POINT ( 'NONE',  ( 32.55236525113780000, 2.495020498499820800, 70.43523485591092000 ) ) ;
#840 = CARTESIAN_POINT ( 'NONE',  ( 34.02124671136330400, 1.023511695293171300, 86.29036276801043900 ) ) ;
#841 = CARTESIAN_POINT ( 'NONE',  ( 39.31626966009006500, 0.09842912211703736000, -85.22558042773305000 ) ) ;
#842 = CARTESIAN_POINT ( 'NONE',  ( 33.49865825881085600, 0.3029796947992076700, 75.64840067936155800 ) ) ;
#843 = CARTESIAN_POINT ( 'NONE',  ( 32.30806751424148600, 2.185588763430502000, 70.44921668904642300 ) ) ;
#844 = CARTESIAN_POINT ( 'NONE',  ( 39.26096494786034400, 1.035527476884599500, 0.0000000000000000000 ) ) ;
#845 = ORIENTED_EDGE ( 'NONE', *, *, #1640, .T. ) ;
#846 = CARTESIAN_POINT ( 'NONE',  ( 47.40201991531049700, -3.261640489513562900, 91.93887023107065200 ) ) ;
#847 = ORIENTED_EDGE ( 'NONE', *, *, #249, .T. ) ;
#848 = CARTESIAN_POINT ( 'NONE',  ( 39.04946013277314200, -2.539947132595493000, -98.75440387098350900 ) ) ;
#849 = CARTESIAN_POINT ( 'NONE',  ( 50.27598351154716000, -3.422557455080991000, 78.20774484972240300 ) ) ;
#850 = CARTESIAN_POINT ( 'NONE',  ( 45.96762539769560600, -0.8887164503897334600, -91.59999999999973900 ) ) ;
#851 = CARTESIAN_POINT ( 'NONE',  ( 32.32616258893974500, 1.693134873432807600, 64.99999999999998600 ) ) ;
#852 = CARTESIAN_POINT ( 'NONE',  ( 28.75542395414855100, -3.141862419420625900, -65.00000000000000000 ) ) ;
#853 = CARTESIAN_POINT ( 'NONE',  ( 45.43827670364574100, 1.065356815630254900, -0.8395466967193671000 ) ) ;
#854 = CARTESIAN_POINT ( 'NONE',  ( 41.80740308492258400, 0.3279063277495813900, 5.207596178272401800 ) ) ;
#855 = CARTESIAN_POINT ( 'NONE',  ( 45.50000000000000000, -3.500000000000000000, 101.5999999999999900 ) ) ;
#856 = CARTESIAN_POINT ( 'NONE',  ( 46.17463657848308100, -0.1206932989281622700, -80.96665417930998400 ) ) ;
#857 = CARTESIAN_POINT ( 'NONE',  ( 33.69284713704271900, -3.209304469056137900, -91.98489517460844000 ) ) ;
#858 = CARTESIAN_POINT ( 'NONE',  ( 33.45957027299991900, 2.051048481296022800, 75.64400218728909000 ) ) ;
#859 = CARTESIAN_POINT ( 'NONE',  ( 34.92182042271743100, 0.6209759716901776000, -64.99999999999997200 ) ) ;
#860 = CARTESIAN_POINT ( 'NONE',  ( 48.20827351621197500, 3.323024600393545700, -35.00000000000002800 ) ) ;
#861 = CARTESIAN_POINT ( 'NONE',  ( 33.27757672613309100, 0.4645701602343478800, 86.34479073620062200 ) ) ;
#862 = CARTESIAN_POINT ( 'NONE',  ( 26.63935731009486200, -3.490970175769123600, -34.99999999999999300 ) ) ;
#863 = CARTESIAN_POINT ( 'NONE',  ( 45.50000000000000000, -3.500000000000000000, 101.5999999999999900 ) ) ;
#864 = CARTESIAN_POINT ( 'NONE',  ( 40.00275359449103300, -2.458931589830675600, -99.43733406778260100 ) ) ;
#865 = VERTEX_POINT ( 'NONE', #94 ) ;
#866 = CARTESIAN_POINT ( 'NONE',  ( 52.17319802478244400, -3.333834472861840800, 65.00000000000000000 ) ) ;
#867 = CARTESIAN_POINT ( 'NONE',  ( 47.62473699038594800, 1.157524644621472000, -75.84059318009144600 ) ) ;
#868 = CARTESIAN_POINT ( 'NONE',  ( 45.83577849863724700, -0.7470235172611444700, 64.99999999999990100 ) ) ;
#869 = CARTESIAN_POINT ( 'NONE',  ( 43.34423696895005700, 0.1987054267567928700, -4.381955201679948800 ) ) ;
#870 = CARTESIAN_POINT ( 'NONE',  ( 28.18030440369561900, -3.503043152006073900, -70.34202773989282800 ) ) ;
#871 = CARTESIAN_POINT ( 'NONE',  ( 41.03775875074023800, 1.133609295780230000, 5.401907247274221100 ) ) ;
#872 = CARTESIAN_POINT ( 'NONE',  ( 47.62835843917939400, -3.496058060785116200, 91.60000000000002300 ) ) ;
#873 = CARTESIAN_POINT ( 'NONE',  ( 46.80193795571407400, 0.7780832919103667400, -70.34403245519907000 ) ) ;
#874 = EDGE_CURVE ( 'NONE', #5273, #4243, #2706, .T. ) ;
#875 = CARTESIAN_POINT ( 'NONE',  ( 33.44595593300901700, -3.453884755073608000, -96.76691597222581700 ) ) ;
#876 = CARTESIAN_POINT ( 'NONE',  ( 34.12721322928121700, 1.025221833771809100, 86.27860519358182500 ) ) ;
#877 = CARTESIAN_POINT ( 'NONE',  ( 39.53615979016118600, 0.1633446177157856200, -85.26167146045253300 ) ) ;
#878 = CARTESIAN_POINT ( 'NONE',  ( 47.37785152164561000, 2.989321511066711500, -45.02523161244585000 ) ) ;
#879 = CARTESIAN_POINT ( 'NONE',  ( 32.87175021849865400, 2.312368313644595400, 75.89003133751924700 ) ) ;
#880 = DIRECTION ( 'NONE',  ( -1.000000000000000000, 0.0000000000000000000, 0.0000000000000000000 ) ) ;
#881 = CARTESIAN_POINT ( 'NONE',  ( 47.61351884152608700, -3.394623430052362300, 91.93448385855174400 ) ) ;
#882 = CARTESIAN_POINT ( 'NONE',  ( 37.91793831889104600, -2.133749714706710200, -91.59999999999996600 ) ) ;
#883 = CARTESIAN_POINT ( 'NONE',  ( 48.96683057209895700, -3.408811202317005900, 84.90824451094567800 ) ) ;
#884 = CARTESIAN_POINT ( 'NONE',  ( 46.54935463336269000, -0.2702313894043547000, -86.32610437984951100 ) ) ;
#885 = CARTESIAN_POINT ( 'NONE',  ( 32.60797069130381900, 1.401177603670517500, 65.00000000000001400 ) ) ;
#886 = CARTESIAN_POINT ( 'NONE',  ( 31.16726517173967200, -3.496675217658396000, -84.95874026601454400 ) ) ;
#887 = CARTESIAN_POINT ( 'NONE',  ( 39.83765794217556800, -1.834828462090690900, -99.99050645971205100 ) ) ;
#888 = CARTESIAN_POINT ( 'NONE',  ( 37.51281081292185600, -1.173076867064040100, 91.59999999999983800 ) ) ;
#889 = CARTESIAN_POINT ( 'NONE',  ( 48.57522573300188600, -1.529501592389309600, 70.13415675375561900 ) ) ;
#890 = CARTESIAN_POINT ( 'NONE',  ( 44.83843016721246500, -1.006750071235392100, -91.60000000000000900 ) ) ;
#891 = B_SPLINE_CURVE_WITH_KNOTS ( 'NONE', 3,
 ( #290, #4810, #1506, #1877, #3576, #1044, #4737, #5199, #2772, #3167, #1925, #4793, #3182, #1451, #707, #2356, #3135, #4325, #3116, #2289, #218, #2341, #3525, #673, #4757, #5166, #637, #5215, #2755, #1061, #1078, #2737, #688, #3151, #5185, #2721 ),
 .UNSPECIFIED., .F., .F.,
 ( 4, 2, 2, 2, 2, 2, 2, 2, 2, 2, 2, 2, 2, 2, 2, 2, 2, 4 ),
 ( 0.0000000000000000000, 3.523397945286339800E-005, 7.046795890572679600E-005, 0.0001409359178114536200, 0.0002818718356229068600, 0.0005637436712458141500, 0.001127487342491627000, 0.002254974684983252700, 0.002818718356229065300, 0.003100590191851971700, 0.003382462027474877600, 0.003946205698720690200, 0.004509949369966502800, 0.005637436712458129000, 0.006201180383703950300, 0.006764924054949771600, 0.007892411397441434100, 0.009019898739933094100 ),
 .UNSPECIFIED. ) ;
#892 = VECTOR ( 'NONE', #557, 1000.000000000000000 ) ;
#893 = CARTESIAN_POINT ( 'NONE',  ( 34.32904946228537600, 0.4939394645588031100, 91.60000000000003700 ) ) ;
#894 = CARTESIAN_POINT ( 'NONE',  ( 36.23614572481493900, 0.6378896535929208200, -71.42315322807601800 ) ) ;
#895 = CARTESIAN_POINT ( 'NONE',  ( 46.75399564960658700, 1.243073357919904900, -65.00000000000000000 ) ) ;
#896 = CARTESIAN_POINT ( 'NONE',  ( 33.06746613944584800, 0.3549753044369269300, 75.70676095495193200 ) ) ;
#897 = CARTESIAN_POINT ( 'NONE',  ( 31.41239197027101300, 4.163413077083399500, 34.99999999999996400 ) ) ;
#898 = CARTESIAN_POINT ( 'NONE',  ( 26.69063616971369900, -3.500815289903507700, -34.99999999999998600 ) ) ;
#899 = CARTESIAN_POINT ( 'NONE',  ( 34.99977734706972400, -1.511864834312181700, 97.00901297692681200 ) ) ;
#900 = VERTEX_POINT ( 'NONE', #1342 ) ;
#901 = CIRCLE ( 'NONE', #5051, 1.250000000000001100 ) ;
#902 = CARTESIAN_POINT ( 'NONE',  ( 34.50000000000000000, -3.500000000000000000, -101.5999999999999900 ) ) ;
#903 = CARTESIAN_POINT ( 'NONE',  ( 51.90726362579578500, -3.447092324581084300, 70.23855313287803900 ) ) ;
#904 = ORIENTED_EDGE ( 'NONE', *, *, #4280, .T. ) ;
#905 = CARTESIAN_POINT ( 'NONE',  ( 47.55410267572133900, 1.165690647575246400, -70.41122411097846600 ) ) ;
#906 = CARTESIAN_POINT ( 'NONE',  ( 32.62214847835439700, 2.989321511066711500, 45.02523161244585000 ) ) ;
#907 = CARTESIAN_POINT ( 'NONE',  ( 36.62923925194520100, -1.079523503200108300, -78.31217879788810900 ) ) ;
#908 = VERTEX_POINT ( 'NONE', #2214 ) ;
#909 = CARTESIAN_POINT ( 'NONE',  ( 29.85827474776837000, -3.501967708371569000, -78.31101059883705800 ) ) ;
#910 = CARTESIAN_POINT ( 'NONE',  ( 44.19664501429404900, -2.660884966193036000, 91.60000000000003700 ) ) ;
#911 = ORIENTED_EDGE ( 'NONE', *, *, #4933, .F. ) ;
#912 = CARTESIAN_POINT ( 'NONE',  ( 40.32195167799427800, -2.285281847031448400, -99.54086229423693100 ) ) ;
#913 = AXIS2_PLACEMENT_3D ( 'NONE', #983, #1414, #3010 ) ;
#914 = CARTESIAN_POINT ( 'NONE',  ( 33.16385682483357300, 3.249825630778890900, 64.99999999999997200 ) ) ;
#915 = CARTESIAN_POINT ( 'NONE',  ( 38.63524319154741700, -0.8210243847211671200, -91.60000000000000900 ) ) ;
#916 = CARTESIAN_POINT ( 'NONE',  ( 48.13911574676311700, 3.652219117492258700, -55.02796668370977100 ) ) ;
#917 = CARTESIAN_POINT ( 'NONE',  ( 32.86315205690613800, 1.303933014010735900, 65.00000000000000000 ) ) ;
#918 = CARTESIAN_POINT ( 'NONE',  ( 35.21042356889603300, 2.649599163913951600, 0.0000000000000000000 ) ) ;
#919 = EDGE_CURVE ( 'NONE', #4694, #3419, #761, .T. ) ;
#920 = CARTESIAN_POINT ( 'NONE',  ( 26.66205741493863700, -3.498520748388761700, -35.00000000000001400 ) ) ;
#921 = CARTESIAN_POINT ( 'NONE',  ( 45.50000000000000000, -3.500000000000000000, 101.5999999999999900 ) ) ;
#922 = CARTESIAN_POINT ( 'NONE',  ( 34.78853733134263800, -3.189792391704306100, -96.86851599800185400 ) ) ;
#923 = CARTESIAN_POINT ( 'NONE',  ( 52.16881461355006900, -3.447846360933811500, 65.00000000000001400 ) ) ;
#924 = CARTESIAN_POINT ( 'NONE',  ( 47.06249999999992900, 4.375000000000001800, -55.01473523173899600 ) ) ;
#925 = CARTESIAN_POINT ( 'NONE',  ( 47.57190426024532600, 1.188755645738921500, -70.41318348199449400 ) ) ;
#926 = CARTESIAN_POINT ( 'NONE',  ( 36.01299000177007800, -0.07922085577355933400, -67.67033712664007800 ) ) ;
#927 = CARTESIAN_POINT ( 'NONE',  ( 46.09223674273066300, 0.2917300450999967800, -91.60000000000026400 ) ) ;
#928 = CARTESIAN_POINT ( 'NONE',  ( 27.13732412659240000, -3.263362047041262800, -35.00000000000000000 ) ) ;
#929 = AXIS2_PLACEMENT_3D ( 'NONE', #3357, #3750, #2107 ) ;
#930 = CARTESIAN_POINT ( 'NONE',  ( 45.50569677629916000, -3.017552498776584300, 92.06314416388509900 ) ) ;
#931 = CARTESIAN_POINT ( 'NONE',  ( 39.18757346196763100, 2.492197029946518100, 5.457946530111526900 ) ) ;
#932 = CARTESIAN_POINT ( 'NONE',  ( 34.43550601428803000, 0.4999296609657583600, 91.60000000000000900 ) ) ;
#933 = CARTESIAN_POINT ( 'NONE',  ( 38.29688422317335000, -0.9541274874104979100, -91.59999999999998000 ) ) ;
#934 = CARTESIAN_POINT ( 'NONE',  ( 45.71824207746087900, 1.441093611720883200, -65.00000000000000000 ) ) ;
#935 = CARTESIAN_POINT ( 'NONE',  ( 33.09978237499705500, 0.7872052373602341800, 70.35203746416755200 ) ) ;
#936 = CARTESIAN_POINT ( 'NONE',  ( 26.66205741493864100, -3.498520748388761700, -23.02588622144453700 ) ) ;
#937 = CARTESIAN_POINT ( 'NONE',  ( 33.83519988948172100, -0.8371507394188374400, 91.59999999999999400 ) ) ;
#938 = VERTEX_POINT ( 'NONE', #155 ) ;
#939 = CARTESIAN_POINT ( 'NONE',  ( 49.91919928469410200, -0.7419513609521681800, 22.98579453260733600 ) ) ;
#940 = CARTESIAN_POINT ( 'NONE',  ( 47.60768279967276600, -3.494381338622723400, 91.59999999999999400 ) ) ;
#941 = CARTESIAN_POINT ( 'NONE',  ( 47.02131583231733500, 0.2553580612880960700, -81.04997535485736600 ) ) ;
#942 = CARTESIAN_POINT ( 'NONE',  ( 53.26915514171066900, -3.492244288815582000, 35.00000000000000000 ) ) ;
#943 = CARTESIAN_POINT ( 'NONE',  ( 46.53986560280000600, 1.603509288224376700, -81.04269887043116700 ) ) ;
#944 = CARTESIAN_POINT ( 'NONE',  ( 29.67937842594796600, -1.831970258777327400, -23.15442164759888800 ) ) ;
#945 = CARTESIAN_POINT ( 'NONE',  ( 44.37461730199851900, -2.998997767591870200, 97.03490050757930900 ) ) ;
#946 = CARTESIAN_POINT ( 'NONE',  ( 45.17531588435112900, -0.1696569241813815600, -98.38101291942410900 ) ) ;
#947 = CARTESIAN_POINT ( 'NONE',  ( 37.42617029876328900, 2.444384813700364800, 69.64105014963634200 ) ) ;
#948 = CARTESIAN_POINT ( 'NONE',  ( 33.30150675056715000, -0.5749753268492728800, -70.39657582580939300 ) ) ;
#949 = CARTESIAN_POINT ( 'NONE',  ( 45.50000000000000000, -3.500000000000000000, 101.5999999999999900 ) ) ;
#950 = CARTESIAN_POINT ( 'NONE',  ( 39.20534652059731000, 2.155801105530697400, 0.0000000000000000000 ) ) ;
#951 = CARTESIAN_POINT ( 'NONE',  ( 47.67212524792675100, -3.419776468158328300, 91.60000000000003700 ) ) ;
#952 = CARTESIAN_POINT ( 'NONE',  ( 36.69295020239289300, -1.120859104876067400, -4.399150543633726200 ) ) ;
#953 = LOCAL_TIME ( 7, 14, 15.00000000000000000, #297 ) ;
#954 = CARTESIAN_POINT ( 'NONE',  ( 46.63615070750511600, -0.1552963716024248500, -86.33248244236638400 ) ) ;
#955 = CARTESIAN_POINT ( 'NONE',  ( 40.00000000000000000, -3.500000000000000000, 2.500000000000000000 ) ) ;
#956 = CARTESIAN_POINT ( 'NONE',  ( 37.71954569220950800, -1.495465957731330300, -84.95608939894405900 ) ) ;
#957 = CARTESIAN_POINT ( 'NONE',  ( 47.13856481068663100, 2.632617157671500100, -70.40199407626023700 ) ) ;
#958 = CARTESIAN_POINT ( 'NONE',  ( 36.24885102552081400, -2.703002216448096500, 0.0000000000000000000 ) ) ;
#959 = CARTESIAN_POINT ( 'NONE',  ( 34.25745642913797400, -0.4731011181199776800, 98.04236158657549500 ) ) ;
#960 = CARTESIAN_POINT ( 'NONE',  ( 34.50000000000000000, -3.500000000000000000, -101.5999999999999900 ) ) ;
#961 = ORIENTED_EDGE ( 'NONE', *, *, #3399, .T. ) ;
#962 = CARTESIAN_POINT ( 'NONE',  ( 36.77360549459811500, 0.8952662083648163000, 85.94052507481822500 ) ) ;
#963 = CARTESIAN_POINT ( 'NONE',  ( 38.48754894644354600, -0.8783870594269301800, -91.60000000000000900 ) ) ;
#964 = DIRECTION ( 'NONE',  ( -0.0000000000000000000, -0.0000000000000000000, -1.000000000000000000 ) ) ;
#965 = CARTESIAN_POINT ( 'NONE',  ( 33.19806204428592600, 0.7780832919103667400, 70.34403245519907000 ) ) ;
#966 = DIRECTION ( 'NONE',  ( 0.0000000000000000000, 1.000000000000000000, 0.0000000000000000000 ) ) ;
#967 = EDGE_LOOP ( 'NONE', ( #1281, #2178, #1260, #4783, #3173, #124, #3551, #4206, #2583, #3359, #3796, #2328 ) ) ;
#968 = CARTESIAN_POINT ( 'NONE',  ( 39.47498960822329700, -1.745611812738473200, -91.59999999999998000 ) ) ;
#969 = CARTESIAN_POINT ( 'NONE',  ( 47.67339581589366300, -3.412410280164596400, 91.60000000000003700 ) ) ;
#970 = CARTESIAN_POINT ( 'NONE',  ( 46.95760968864365000, 2.653311606673002900, -70.37363580137024100 ) ) ;
#971 = CARTESIAN_POINT ( 'NONE',  ( 34.50007809761542200, -3.252158485175087800, -0.02950898025549694000 ) ) ;
#972 = CARTESIAN_POINT ( 'NONE',  ( 47.66920805400776100, 1.727546476458545800, -65.00000000000002800 ) ) ;
#973 = CARTESIAN_POINT ( 'NONE',  ( 35.75000000000000700, 1.500000000000000000, 0.0000000000000000000 ) ) ;
#974 = ORIENTED_EDGE ( 'NONE', *, *, #5181, .F. ) ;
#975 = CARTESIAN_POINT ( 'NONE',  ( 35.13476680743884400, -0.4526997273211050800, -67.67217879788810800 ) ) ;
#976 = EDGE_CURVE ( 'NONE', #1505, #3477, #629, .T. ) ;
#977 = CARTESIAN_POINT ( 'NONE',  ( 46.33807763641704700, 0.9384436906602012800, -86.32320416844984800 ) ) ;
#978 = DIRECTION ( 'NONE',  ( -0.0000000000000000000, -0.0000000000000000000, -1.000000000000000000 ) ) ;
#979 = CARTESIAN_POINT ( 'NONE',  ( 43.98700999822992200, -0.07922085577355933400, 67.67033712664007800 ) ) ;
#980 = CARTESIAN_POINT ( 'NONE',  ( 32.44918831927442000, -3.497030537516180100, -91.59999999999999400 ) ) ;
#981 = CARTESIAN_POINT ( 'NONE',  ( 36.96160281278658000, 0.3163165766397309500, 91.60000000000005100 ) ) ;
#982 = CARTESIAN_POINT ( 'NONE',  ( 32.83676892761284400, -0.6394779869911262300, -67.66591850289836400 ) ) ;
#983 = CARTESIAN_POINT ( 'NONE',  ( 27.92499999999992600, -3.387499999999999700, -65.00000000000000000 ) ) ;
#984 = DIRECTION ( 'NONE',  ( 0.0000000000000000000, 0.0000000000000000000, 1.000000000000000000 ) ) ;
#985 = CARTESIAN_POINT ( 'NONE',  ( 39.49044771879118800, -1.741780725707052100, -91.59999999999998000 ) ) ;
#986 = CARTESIAN_POINT ( 'NONE',  ( 33.45179575125205000, 1.603147789367734200, 81.04386737226410300 ) ) ;
#987 = CARTESIAN_POINT ( 'NONE',  ( 51.81969559630437800, -3.503043152006073900, 70.34202773989282800 ) ) ;
#988 = CARTESIAN_POINT ( 'NONE',  ( 47.34282021816039100, 3.097260252069106800, -64.99999999999998600 ) ) ;
#989 = CARTESIAN_POINT ( 'NONE',  ( 47.20224046031055600, 3.004872362403155700, -35.00000000000000000 ) ) ;
#990 = CARTESIAN_POINT ( 'NONE',  ( 47.66884718241528400, 1.403014359377056300, -75.86395098747186700 ) ) ;
#991 = CARTESIAN_POINT ( 'NONE',  ( 32.10484727547658700, 4.046592522412926700, 55.02444295510083100 ) ) ;
#992 = MECHANICAL_CONTEXT ( 'NONE', #208, 'mechanical' ) ;
#993 = VERTEX_POINT ( 'NONE', #2988 ) ;
#994 = CARTESIAN_POINT ( 'NONE',  ( 47.64649605389174500, 2.798889936207276600, -64.99999999999994300 ) ) ;
#995 = CARTESIAN_POINT ( 'NONE',  ( 48.19963710954979800, 3.326263060902202800, -35.00000000000002100 ) ) ;
#996 = ORIENTED_EDGE ( 'NONE', *, *, #3460, .T. ) ;
#997 = CARTESIAN_POINT ( 'NONE',  ( 50.46380385298802900, -2.796161992501015700, 64.99999999999997200 ) ) ;
#998 = CARTESIAN_POINT ( 'NONE',  ( 35.30446363694881700, 1.533983956194866000, 80.70692317393572100 ) ) ;
#999 = CARTESIAN_POINT ( 'NONE',  ( 27.86855501558519800, -3.290180947385321600, -65.00000000000000000 ) ) ;
#1000 = CARTESIAN_POINT ( 'NONE',  ( 32.41716543509092900, 0.9872971788641214900, 75.82253754868980900 ) ) ;
#1001 = DIRECTION ( 'NONE',  ( -0.0000000000000000000, -0.0000000000000000000, 1.000000000000000000 ) ) ;
#1002 = CARTESIAN_POINT ( 'NONE',  ( 36.27463457293896500, -0.1158816018885672300, -70.47596358434007900 ) ) ;
#1003 = CARTESIAN_POINT ( 'NONE',  ( 32.37105798348849800, 2.824235552641646500, 64.99999999999994300 ) ) ;
#1004 = CARTESIAN_POINT ( 'NONE',  ( 50.11465797579507600, -3.496319897800608300, 78.31748053202910900 ) ) ;
#1005 = CARTESIAN_POINT ( 'NONE',  ( 47.37827492445600800, 3.073528924094794100, -64.99999999999997200 ) ) ;
#1006 = CARTESIAN_POINT ( 'NONE',  ( 39.29978037987023500, 3.338994065169126100, -54.94790748116015800 ) ) ;
#1007 = CARTESIAN_POINT ( 'NONE',  ( 46.75062455766415300, 0.2311620537453197000, -86.34357632207479600 ) ) ;
#1008 = CARTESIAN_POINT ( 'NONE',  ( 51.96426923553686100, -2.757483048195332300, 23.08157454901314400 ) ) ;
#1009 = DATE_TIME_ROLE ( 'classification_date' ) ;
#1010 = CARTESIAN_POINT ( 'NONE',  ( 46.08421285587326800, 0.2992914682499146500, -91.60000000000027900 ) ) ;
#1011 = CC_DESIGN_PERSON_AND_ORGANIZATION_ASSIGNMENT ( #687, #5132, ( #2671 ) ) ;
#1012 = CARTESIAN_POINT ( 'NONE',  ( 44.88779301470965100, 0.3980046945130480400, -5.598203160062026600 ) ) ;
#1013 = CARTESIAN_POINT ( 'NONE',  ( 29.65772050260383700, -1.844165503243006400, -35.00000000000003600 ) ) ;
#1014 = CARTESIAN_POINT ( 'NONE',  ( 47.37343222744473100, -3.051594379601573000, 84.95822831752110500 ) ) ;
#1015 = CARTESIAN_POINT ( 'NONE',  ( 42.49941513266143300, 0.2016658034442799500, 78.70888295621244900 ) ) ;
#1016 = CARTESIAN_POINT ( 'NONE',  ( 27.92904334166616600, -3.401247546154780600, -70.11615771178567500 ) ) ;
#1017 = CARTESIAN_POINT ( 'NONE',  ( 35.95717606365104800, 0.04683820488519256600, -65.00000000000000000 ) ) ;
#1018 = CARTESIAN_POINT ( 'NONE',  ( 34.03237460230440100, -0.8887164503897334600, 91.59999999999973900 ) ) ;
#1019 = CARTESIAN_POINT ( 'NONE',  ( 36.89012166315756500, 5.278925673685591800, 35.00000000000002800 ) ) ;
#1020 = CARTESIAN_POINT ( 'NONE',  ( 37.42224838831444300, -0.7942670375992503300, -78.31485012061081400 ) ) ;
#1021 = CARTESIAN_POINT ( 'NONE',  ( 33.39015496929254600, 2.350319778117861100, 75.82267771736425700 ) ) ;
#1022 = CARTESIAN_POINT ( 'NONE',  ( 38.87220971067298300, -1.367487112023791700, -5.390543744730962300 ) ) ;
#1023 = CARTESIAN_POINT ( 'NONE',  ( 51.92582391886935500, -3.499898416530387900, 67.67423102496660200 ) ) ;
#1024 = CARTESIAN_POINT ( 'NONE',  ( 46.22878885971810100, 1.554842589628582500, -80.97466533855346400 ) ) ;
#1025 = AXIS2_PLACEMENT_3D ( 'NONE', #2977, #4155, #880 ) ;
#1026 = CIRCLE ( 'NONE', #3680, 28.17412854073873900 ) ;
#1027 = CARTESIAN_POINT ( 'NONE',  ( 46.18030397416599400, -0.6969285755904497400, -91.59999999999968200 ) ) ;
#1028 = CARTESIAN_POINT ( 'NONE',  ( 32.59413480368700500, 2.986840821713614400, 23.26270183871196200 ) ) ;
#1029 = PERSON_AND_ORGANIZATION_ROLE ( 'creator' ) ;
#1030 = CARTESIAN_POINT ( 'NONE',  ( 47.49392700418680100, 2.981388297509371300, -64.99999999999997200 ) ) ;
#1031 = CARTESIAN_POINT ( 'NONE',  ( 31.36499199518199500, -0.8828271103404621300, -34.99999999999998600 ) ) ;
#1032 = CARTESIAN_POINT ( 'NONE',  ( 31.08272959470353700, -1.041764738967407000, -41.94144337423019000 ) ) ;
#1033 = ORIENTED_EDGE ( 'NONE', *, *, #5117, .T. ) ;
#1034 = DIRECTION ( 'NONE',  ( 0.0000000000000000000, -1.000000000000000000, 0.0000000000000000000 ) ) ;
#1035 = VERTEX_POINT ( 'NONE', #5032 ) ;
#1036 = ADVANCED_FACE ( 'NONE', ( #3860 ), #2152, .F. ) ;
#1037 = CARTESIAN_POINT ( 'NONE',  ( 42.39448476815903900, -0.4970092324879854500, 85.00843520399928400 ) ) ;
#1038 = CARTESIAN_POINT ( 'NONE',  ( 33.62456931130897400, -2.814684117984775500, -91.60000000000003700 ) ) ;
#1039 = CARTESIAN_POINT ( 'NONE',  ( 43.35812893104229500, 0.1776455855681314000, 67.86748083780776100 ) ) ;
#1040 = EDGE_CURVE ( 'NONE', #2204, #4238, #2810, .T. ) ;
#1041 = CARTESIAN_POINT ( 'NONE',  ( 53.36243348000059700, -3.501910596087584700, 40.00311407325270400 ) ) ;
#1042 = CARTESIAN_POINT ( 'NONE',  ( 36.42480100731451400, 0.09187056109056887500, -67.80050017507353700 ) ) ;
#1043 = CARTESIAN_POINT ( 'NONE',  ( 32.77665057893568000, 2.610235832997209700, 70.41265374612179100 ) ) ;
#1044 = CARTESIAN_POINT ( 'NONE',  ( 34.50062815723153900, 1.453130053870890700, 0.08570260544208740900 ) ) ;
#1045 = CARTESIAN_POINT ( 'NONE',  ( 39.83765794217556800, -1.834828462090690900, -99.99050645971205100 ) ) ;
#1046 = CARTESIAN_POINT ( 'NONE',  ( 46.94057926425052300, 3.242176048693420100, -65.00000000000000000 ) ) ;
#1047 = CARTESIAN_POINT ( 'NONE',  ( 39.23109956909399900, 4.716700250569106200, 23.30396550313230700 ) ) ;
#1048 = CARTESIAN_POINT ( 'NONE',  ( 47.71281696146505900, 2.141033715012869500, -70.44963910048619500 ) ) ;
#1049 = CARTESIAN_POINT ( 'NONE',  ( 48.63500800481800500, -0.8828271103404621300, 34.99999999999998600 ) ) ;
#1050 = DATE_TIME_ROLE ( 'creation_date' ) ;
#1051 = CARTESIAN_POINT ( 'NONE',  ( 47.44653939098894600, 3.023102039866678100, -64.99999999999997200 ) ) ;
#1052 = CARTESIAN_POINT ( 'NONE',  ( 48.53490460316238100, 4.625023821766148100, -35.00000000000002800 ) ) ;
#1053 = CARTESIAN_POINT ( 'NONE',  ( 44.31761465948124400, 2.941970477357566300, -3.415032071102917400 ) ) ;
#1054 = CARTESIAN_POINT ( 'NONE',  ( 41.54449544635068000, 1.629634402615424400, 68.68957326396821400 ) ) ;
#1055 = CARTESIAN_POINT ( 'NONE',  ( 29.70751662770781500, -3.361049326536175400, -78.19824085790259000 ) ) ;
#1056 = CARTESIAN_POINT ( 'NONE',  ( 40.50955228120881200, -1.741780725707052100, 91.59999999999998000 ) ) ;
#1057 = CARTESIAN_POINT ( 'NONE',  ( 44.88894465325203200, 2.662847721955357500, 44.17831464003693000 ) ) ;
#1058 = CARTESIAN_POINT ( 'NONE',  ( 40.01785865227413600, -1.616904621234853500, -91.59999999999998000 ) ) ;
#1059 = UNCERTAINTY_MEASURE_WITH_UNIT (LENGTH_MEASURE( 1.000000000000000100E-005 ), #3034, 'distance_accuracy_value', 'NONE');
#1060 = CARTESIAN_POINT ( 'NONE',  ( 33.67845278185407000, 0.9461643315097270100, 86.32193368613218400 ) ) ;
#1061 = CARTESIAN_POINT ( 'NONE',  ( 37.59961989689448800, -0.04072456114269599300, 4.951938761521165400 ) ) ;
#1062 = VERTEX_POINT ( 'NONE', #5085 ) ;
#1063 = CARTESIAN_POINT ( 'NONE',  ( 32.84400731605157400, 1.134641903022692600, 81.08981649104734400 ) ) ;
#1064 = DIRECTION ( 'NONE',  ( 0.9703053751617990400, 0.2418831927441851500, 0.0000000000000000000 ) ) ;
#1065 = CARTESIAN_POINT ( 'NONE',  ( 46.53366361988805300, 2.051772578565271400, -75.65236937956700600 ) ) ;
#1066 = CARTESIAN_POINT ( 'NONE',  ( 45.31605442173086800, 2.341894158340885200, 35.00000000000001400 ) ) ;
#1067 = CARTESIAN_POINT ( 'NONE',  ( 47.79862108993340500, 2.083795400386835500, -65.00000000000002800 ) ) ;
#1068 = SECURITY_CLASSIFICATION_LEVEL ( 'unclassified' ) ;
#1069 = CARTESIAN_POINT ( 'NONE',  ( 44.78957643110396700, 2.649599163913952000, -5.719227204834493400 ) ) ;
#1070 = VERTEX_POINT ( 'NONE', #2618 ) ;
#1071 = CARTESIAN_POINT ( 'NONE',  ( 43.37076074805479900, -1.079523503200108300, 78.31217879788810900 ) ) ;
#1072 = CARTESIAN_POINT ( 'NONE',  ( 39.38728858194895800, -0.1779070455900585200, 91.59999999999998000 ) ) ;
#1073 = CARTESIAN_POINT ( 'NONE',  ( 27.90388577389547500, -3.391049202607356900, -67.56108394198794500 ) ) ;
#1074 = CARTESIAN_POINT ( 'NONE',  ( 43.87780007321311600, -0.1783943080360548500, 70.37698489508213100 ) ) ;
#1075 = CARTESIAN_POINT ( 'NONE',  ( 33.44391486332270300, -0.2621500712806172900, 86.32659174099701700 ) ) ;
#1076 = CARTESIAN_POINT ( 'NONE',  ( 47.53741051030439000, -0.6737536785109018400, 65.00000000000000000 ) ) ;
#1077 = CARTESIAN_POINT ( 'NONE',  ( 37.32319887676897700, 0.2745489856260103800, -71.12887899841656700 ) ) ;
#1078 = CARTESIAN_POINT ( 'NONE',  ( 37.76401695622477200, -0.08827933499353941800, 5.028192898469658400 ) ) ;
#1079 = CARTESIAN_POINT ( 'NONE',  ( 32.76985298010798400, 2.258627208278180600, 75.89463540757986900 ) ) ;
#1080 = CARTESIAN_POINT ( 'NONE',  ( 43.80275081128566900, -2.391710323619127700, 97.37052488504970400 ) ) ;
#1081 = CARTESIAN_POINT ( 'NONE',  ( 45.57316767534451400, 0.5000253446774638500, -91.59999999999998000 ) ) ;
#1082 = DIRECTION ( 'NONE',  ( 0.0000000000000000000, 1.000000000000000000, 0.0000000000000000000 ) ) ;
#1083 = CARTESIAN_POINT ( 'NONE',  ( 46.71896759520584700, 0.4764926895378841500, -86.34473039298582400 ) ) ;
#1084 = ADVANCED_FACE ( 'NONE', ( #54 ), #3909, .F. ) ;
#1085 = CARTESIAN_POINT ( 'NONE',  ( 33.38800443939105400, -2.908886317389230300, -91.59999999999998000 ) ) ;
#1086 = CARTESIAN_POINT ( 'NONE',  ( 42.59020479624093300, -0.7987684386529359000, 78.31033712664007900 ) ) ;
#1087 = EDGE_CURVE ( 'NONE', #4887, #3159, #1739, .T. ) ;
#1088 = CARTESIAN_POINT ( 'NONE',  ( 44.76295057973707300, 0.7653733966317504100, 64.99999999999995700 ) ) ;
#1089 = CARTESIAN_POINT ( 'NONE',  ( 29.71511512044078900, -3.410728668850930400, -78.20360674686470800 ) ) ;
#1090 = CARTESIAN_POINT ( 'NONE',  ( 43.93079411812771400, -0.05527055938436172000, 67.68837450158146400 ) ) ;
#1091 = CARTESIAN_POINT ( 'NONE',  ( 32.36824489650892600, 1.186123482563021400, 75.84348695971333100 ) ) ;
#1092 = CARTESIAN_POINT ( 'NONE',  ( 52.34177851702005300, -3.011075928254519000, 52.50881159439824600 ) ) ;
#1093 = ORIENTED_EDGE ( 'NONE', *, *, #483, .F. ) ;
#1094 = CARTESIAN_POINT ( 'NONE',  ( 41.35268682832600000, -0.5959596388164969400, -85.55244554793309000 ) ) ;
#1095 = CARTESIAN_POINT ( 'NONE',  ( 36.38061555630623200, -2.590929775573575600, -4.151249644028117900 ) ) ;
#1096 = ORIENTED_EDGE ( 'NONE', *, *, #1462, .F. ) ;
#1097 = CARTESIAN_POINT ( 'NONE',  ( 32.85586554526711500, 1.161351121987985300, 81.08982916283969200 ) ) ;
#1098 = CARTESIAN_POINT ( 'NONE',  ( 45.80231544258428800, -3.122671246747942100, 96.81852066005116300 ) ) ;
#1099 = CARTESIAN_POINT ( 'NONE',  ( 45.87865389920225600, 1.026167012467467300, -86.27942244756098900 ) ) ;
#1100 = CARTESIAN_POINT ( 'NONE',  ( 33.88474998767654300, -0.1141293804510270800, 80.96049127167033500 ) ) ;
#1101 = CARTESIAN_POINT ( 'NONE',  ( 45.22852012488179700, -3.437037112749414400, 23.95002637645679800 ) ) ;
#1102 = CARTESIAN_POINT ( 'NONE',  ( 46.32482035280960300, -0.2677931760928932100, -91.59999999999998000 ) ) ;
#1103 = CARTESIAN_POINT ( 'NONE',  ( 43.50010363451541200, 0.3890674239539849100, -91.59999999999998000 ) ) ;
#1104 = ORIENTED_EDGE ( 'NONE', *, *, #628, .T. ) ;
#1105 = CARTESIAN_POINT ( 'NONE',  ( 43.29122695269105500, -0.8714555436749686900, 84.95423552326438700 ) ) ;
#1106 = CARTESIAN_POINT ( 'NONE',  ( 32.33947401738600300, -3.348687647808161700, -91.60000000000000900 ) ) ;
#1107 = CARTESIAN_POINT ( 'NONE',  ( 41.52495818546665200, -1.261291078911410200, 84.96418725079072900 ) ) ;
#1108 = CARTESIAN_POINT ( 'NONE',  ( 32.37393304535136500, 1.162084518823669000, 75.84106334109311800 ) ) ;
#1109 = CARTESIAN_POINT ( 'NONE',  ( 40.56932249518522600, -1.122683895436626300, 5.477749966640923100 ) ) ;
#1110 = CARTESIAN_POINT ( 'NONE',  ( 38.11419925101896700, -0.5568058030227585100, -78.56103883184869100 ) ) ;
#1111 = CARTESIAN_POINT ( 'NONE',  ( 33.68445215273640500, 0.9488544414885336000, 86.32146666599072700 ) ) ;
#1112 = ADVANCED_FACE ( 'NONE', ( #1411 ), #397, .F. ) ;
#1113 = CARTESIAN_POINT ( 'NONE',  ( 45.49996324818605600, 1.485941119275519900, -0.02273467613357338400 ) ) ;
#1114 = CARTESIAN_POINT ( 'NONE',  ( 46.36715027815297700, -3.340552441766227300, 96.77279941328799900 ) ) ;
#1115 = CARTESIAN_POINT ( 'NONE',  ( 46.67812779516301400, 2.650530485186439300, -70.31721038716362700 ) ) ;
#1116 = CARTESIAN_POINT ( 'NONE',  ( 36.27483155776695200, -1.057080620693898700, 91.60000000000005100 ) ) ;
#1117 = CARTESIAN_POINT ( 'NONE',  ( 44.43829031172954600, 2.735737333946334000, 0.0000000000000000000 ) ) ;
#1118 = CARTESIAN_POINT ( 'NONE',  ( 46.72743530488320800, 0.4459610708858886600, -86.34485990015558300 ) ) ;
#1119 = CARTESIAN_POINT ( 'NONE',  ( 39.83765794217556800, -1.834828462090690900, -99.99050645971205100 ) ) ;
#1120 = CARTESIAN_POINT ( 'NONE',  ( 47.12347028586920300, -2.426840238338845000, 78.31593008818033800 ) ) ;
#1121 = CARTESIAN_POINT ( 'NONE',  ( 47.07395350411455600, -0.7638466909734974400, 70.33202004421448800 ) ) ;
#1122 = CARTESIAN_POINT ( 'NONE',  ( 27.85854208913271500, -3.296702739210108500, -65.00000000000000000 ) ) ;
#1123 = CARTESIAN_POINT ( 'NONE',  ( 43.02792928353412100, 0.1514627372581398000, 70.91410312602917500 ) ) ;
#1124 = CARTESIAN_POINT ( 'NONE',  ( 33.48382397370930600, -0.3077260800753554600, 86.32372505457793500 ) ) ;
#1125 = CARTESIAN_POINT ( 'NONE',  ( 41.04226843493540100, -0.6909723004562056100, 91.59999999999998000 ) ) ;
#1126 = CARTESIAN_POINT ( 'NONE',  ( 36.93613963725927400, 0.2883077361362449400, -67.95686089445553100 ) ) ;
#1127 = CARTESIAN_POINT ( 'NONE',  ( 34.50000000000000000, -3.500000000000000000, -101.5999999999999900 ) ) ;
#1128 = ORIENTED_EDGE ( 'NONE', *, *, #4342, .F. ) ;
#1129 = CARTESIAN_POINT ( 'NONE',  ( 42.10550162257134600, -1.283420647238255000, 93.14104977009940000 ) ) ;
#1130 = CARTESIAN_POINT ( 'NONE',  ( 46.88297913333126100, 3.247758944071403400, -65.00000000000000000 ) ) ;
#1131 = CARTESIAN_POINT ( 'NONE',  ( 42.31663960314469400, 0.3892316496010324600, 71.34784493958852600 ) ) ;
#1132 = CARTESIAN_POINT ( 'NONE',  ( 43.76559169366514400, 5.340489078674536000, -23.31378015437135800 ) ) ;
#1133 = CARTESIAN_POINT ( 'NONE',  ( 47.72993344988854100, 2.647106955164929800, -64.99999999999994300 ) ) ;
#1134 = ADVANCED_FACE ( 'NONE', ( #2774 ), #288, .F. ) ;
#1135 = CARTESIAN_POINT ( 'NONE',  ( 36.72402694429020900, -2.206130419742017500, -97.62043125803933200 ) ) ;
#1136 = CARTESIAN_POINT ( 'NONE',  ( 52.14145791086728800, -3.296702739210108500, 65.00000000000000000 ) ) ;
#1137 = CARTESIAN_POINT ( 'NONE',  ( 47.19134359944011700, -1.556214409828279100, 70.35092256225625800 ) ) ;
#1138 = CARTESIAN_POINT ( 'NONE',  ( 47.21341496879008300, -0.4892294276398458400, 65.00000000000000000 ) ) ;
#1139 = CARTESIAN_POINT ( 'NONE',  ( 27.83940461641191200, -3.314580652250296300, -65.00000000000000000 ) ) ;
#1140 = CARTESIAN_POINT ( 'NONE',  ( 32.93242216843940900, 0.3228786590141863300, 81.05581147553545000 ) ) ;
#1141 = CARTESIAN_POINT ( 'NONE',  ( 27.85909383758922100, -2.364551101557721000, -40.21567056942785700 ) ) ;
#1142 = CARTESIAN_POINT ( 'NONE',  ( 45.50000000000000000, -3.500000000000000000, 101.5999999999999900 ) ) ;
#1143 = CARTESIAN_POINT ( 'NONE',  ( 45.84655422646497400, -0.5571796470870112900, -86.28034308778367700 ) ) ;
#1144 = CARTESIAN_POINT ( 'NONE',  ( 34.50000000000000000, -3.500000000000000000, -101.5999999999999900 ) ) ;
#1145 = CARTESIAN_POINT ( 'NONE',  ( 35.41326115848836100, 2.878507268367561000, 3.035099141670409000 ) ) ;
#1146 = EDGE_CURVE ( 'NONE', #3090, #2085, #3216, .T. ) ;
#1147 = CARTESIAN_POINT ( 'NONE',  ( 43.94414031903730200, 0.9563297866297830700, -86.05185464210214300 ) ) ;
#1148 = CARTESIAN_POINT ( 'NONE',  ( 38.34058644965600100, 1.564445737700937500, 65.00000000000012800 ) ) ;
#1149 = CARTESIAN_POINT ( 'NONE',  ( 45.46456944261225200, -3.128445619799244100, 0.0000000000000000000 ) ) ;
#1150 = CYLINDRICAL_SURFACE ( 'NONE', #458, 5.500000000000000000 ) ;
#1151 = CARTESIAN_POINT ( 'NONE',  ( 47.28294631494632900, 2.588321695835204200, -70.41940348444075000 ) ) ;
#1152 = CARTESIAN_POINT ( 'NONE',  ( 32.12596843765160800, -0.4543329467462974300, -34.99999999999999300 ) ) ;
#1153 = CARTESIAN_POINT ( 'NONE',  ( 52.10073248186724000, -3.347459988467541800, 67.55803456745334800 ) ) ;
#1154 = VERTEX_POINT ( 'NONE', #4981 ) ;
#1155 = CYLINDRICAL_SURFACE ( 'NONE', #2685, 5.500000000000000000 ) ;
#1156 = FACE_OUTER_BOUND ( 'NONE', #708, .T. ) ;
#1157 = CARTESIAN_POINT ( 'NONE',  ( 40.00000000000000000, 3.500000000000000000, -5.500000000000000000 ) ) ;
#1158 = CARTESIAN_POINT ( 'NONE',  ( 46.69849324943285000, -0.5749753268492728800, 70.39657582580939300 ) ) ;
#1159 = CARTESIAN_POINT ( 'NONE',  ( 29.76742001558480100, -3.450393278192283900, -78.25289115165121200 ) ) ;
#1160 = CARTESIAN_POINT ( 'NONE',  ( 32.59168059912804000, 1.449281616144596900, 65.00000000000000000 ) ) ;
#1161 = ORIENTED_EDGE ( 'NONE', *, *, #2915, .T. ) ;
#1162 = CARTESIAN_POINT ( 'NONE',  ( 35.27629670733595200, 0.4800804721186269800, 91.59999999999999400 ) ) ;
#1163 = CARTESIAN_POINT ( 'NONE',  ( 46.64413367071831800, 1.264262982704586400, -64.99999999999998600 ) ) ;
#1164 = CARTESIAN_POINT ( 'NONE',  ( 37.88800443748412100, -1.116946991387025600, -91.59999999999998000 ) ) ;
#1165 = ORIENTED_EDGE ( 'NONE', *, *, #1188, .T. ) ;
#1166 = CARTESIAN_POINT ( 'NONE',  ( 33.08789447321144900, 2.654280857868339900, 70.36527011294697300 ) ) ;
#1167 = CARTESIAN_POINT ( 'NONE',  ( 45.00900075067685400, 3.197687695426675100, -64.99999999999998600 ) ) ;
#1168 = CARTESIAN_POINT ( 'NONE',  ( 33.37390961743030700, 1.267526890229387700, 65.00000000000000000 ) ) ;
#1169 = CARTESIAN_POINT ( 'NONE',  ( 53.42971025364486300, -3.422871903549387100, 23.03412524527423600 ) ) ;
#1170 = CARTESIAN_POINT ( 'NONE',  ( 47.58574242747941000, 2.359498728389946000, -70.44498772180637000 ) ) ;
#1171 = CARTESIAN_POINT ( 'NONE',  ( 33.47002319013744700, 1.603778474662447700, 81.04128508892414100 ) ) ;
#1172 = CARTESIAN_POINT ( 'NONE',  ( 34.50000000000000000, -3.500000000000000000, -101.5999999999999900 ) ) ;
#1173 = CARTESIAN_POINT ( 'NONE',  ( 48.95549076057793100, -3.335473738477718400, 84.89912042895129200 ) ) ;
#1174 = CARTESIAN_POINT ( 'NONE',  ( 26.61377622342040200, -3.274055437160528800, -35.00000000000000000 ) ) ;
#1175 = CARTESIAN_POINT ( 'NONE',  ( 41.51245105355645400, -0.8783870594269301800, 91.60000000000000900 ) ) ;
#1176 = CARTESIAN_POINT ( 'NONE',  ( 32.34795202535671200, -3.463198621321495800, -91.60000000000003700 ) ) ;
#1177 = CARTESIAN_POINT ( 'NONE',  ( 26.55516620997828900, -3.343927464517825900, -40.00266128898864800 ) ) ;
#1178 = CARTESIAN_POINT ( 'NONE',  ( 45.50000000000000000, -3.500000000000000000, 101.5999999999999900 ) ) ;
#1179 = CARTESIAN_POINT ( 'NONE',  ( 46.59288048270073500, 0.7839195207360785100, -70.32584826533945900 ) ) ;
#1180 = CARTESIAN_POINT ( 'NONE',  ( 40.06692549524274900, -0.5607342222052168500, -94.25483705900106200 ) ) ;
#1181 = CARTESIAN_POINT ( 'NONE',  ( 34.22363300159909700, 0.4729246156365278800, 91.60000000000017900 ) ) ;
#1182 = CARTESIAN_POINT ( 'NONE',  ( 42.76569948313444100, 2.971862260744864600, -65.00000000000000000 ) ) ;
#1183 = CARTESIAN_POINT ( 'NONE',  ( 33.46697257287168300, 0.3029253424768124100, 75.65300821239624400 ) ) ;
#1184 = CARTESIAN_POINT ( 'NONE',  ( 32.74289890550166100, 2.241127700781188300, 75.89553453997122300 ) ) ;
#1185 = CARTESIAN_POINT ( 'NONE',  ( 41.37830784606530400, 2.414775042353970700, -7.192876580974879800 ) ) ;
#1186 = CARTESIAN_POINT ( 'NONE',  ( 47.44763474886220700, 2.495020498499820800, -70.43523485591092000 ) ) ;
#1187 = CARTESIAN_POINT ( 'NONE',  ( 32.44431871840525600, 2.917680725551460100, 64.99999999999997200 ) ) ;
#1188 = EDGE_CURVE ( 'NONE', #4719, #3215, #3091, .T. ) ;
#1189 = CARTESIAN_POINT ( 'NONE',  ( 32.39191186601803500, -3.407769510147216100, -91.93383194445166900 ) ) ;
#1190 = CARTESIAN_POINT ( 'NONE',  ( 52.06648375445480800, -3.405457489023364200, 70.11614927074758400 ) ) ;
#1191 = CARTESIAN_POINT ( 'NONE',  ( 46.69273491209667500, -0.02315658714890818400, -81.01466977901910100 ) ) ;
#1192 = CARTESIAN_POINT ( 'NONE',  ( 39.44918831878369800, -1.752031084320057100, -91.59999999999999400 ) ) ;
#1193 = CARTESIAN_POINT ( 'NONE',  ( 44.99853181153382300, -1.601132867192234200, 84.90838864676324200 ) ) ;
#1194 = CARTESIAN_POINT ( 'NONE',  ( 28.09523769550081300, -3.454891051480024200, -70.27229691655192300 ) ) ;
#1195 = CARTESIAN_POINT ( 'NONE',  ( 29.09770481992115200, -1.459944882438274800, -35.00000000000002800 ) ) ;
#1196 = CARTESIAN_POINT ( 'NONE',  ( 44.95830830387861700, -2.803283262677633400, 96.97368021049730700 ) ) ;
#1197 = CARTESIAN_POINT ( 'NONE',  ( 46.47284782055812300, 0.3056898166041294200, -75.64431195566984900 ) ) ;
#1198 = CARTESIAN_POINT ( 'NONE',  ( 34.50000000000000000, -3.500000000000000000, -101.5999999999999900 ) ) ;
#1199 = AXIS2_PLACEMENT_3D ( 'NONE', #1630, #3676, #1211 ) ;
#1200 = CARTESIAN_POINT ( 'NONE',  ( 32.95724775006907200, 2.647406324255696200, 70.38807641077707400 ) ) ;
#1201 = CARTESIAN_POINT ( 'NONE',  ( 41.39427157994280300, 1.204896510763769200, -79.85877850993006200 ) ) ;
#1202 = CARTESIAN_POINT ( 'NONE',  ( 33.77992788225891700, -0.1233364098327204800, 80.97122065485260100 ) ) ;
#1203 = CARTESIAN_POINT ( 'NONE',  ( 32.59339586157319200, 2.116375729984144800, 75.89819710834360900 ) ) ;
#1204 = CARTESIAN_POINT ( 'NONE',  ( 41.96058851731577000, 2.604610318927721700, -6.477235281265006300 ) ) ;
#1205 = CARTESIAN_POINT ( 'NONE',  ( 47.56962922191158300, -3.504677565909957600, 91.93723738121686000 ) ) ;
#1206 = CARTESIAN_POINT ( 'NONE',  ( 33.91425962355594200, -3.399194561495446200, -96.78146330470583800 ) ) ;
#1207 = CARTESIAN_POINT ( 'NONE',  ( 47.61387417688649000, -3.307857466264385100, 91.59999999999999400 ) ) ;
#1208 = CARTESIAN_POINT ( 'NONE',  ( 45.90300381988609500, -0.9244383766664797700, -91.59999999999979500 ) ) ;
#1209 = CARTESIAN_POINT ( 'NONE',  ( 45.26631145513842800, -1.715026818441012700, 84.90364580926184600 ) ) ;
#1210 = CARTESIAN_POINT ( 'NONE',  ( 31.04243221735680800, -3.432532790867731000, -84.91664208830303600 ) ) ;
#1211 = DIRECTION ( 'NONE',  ( 1.000000000000000000, 0.0000000000000000000, 0.0000000000000000000 ) ) ;
#1212 = CARTESIAN_POINT ( 'NONE',  ( 46.98699556041989200, -3.058214594534034900, 91.59999999999998000 ) ) ;
#1213 = CARTESIAN_POINT ( 'NONE',  ( 43.58770246650843200, -0.4077846779806804100, -85.98903052102846800 ) ) ;
#1214 = CARTESIAN_POINT ( 'NONE',  ( 32.32037228282215600, -3.433820798119975300, -91.59999999999999400 ) ) ;
#1215 = CIRCLE ( 'NONE', #4691, 1.000000000000000900 ) ;
#1216 = CARTESIAN_POINT ( 'NONE',  ( 33.04239031135635000, 2.653311606673002900, 70.37363580137024100 ) ) ;
#1217 = CARTESIAN_POINT ( 'NONE',  ( 41.22475491173887700, 1.788146781834018700, -73.78264846993040700 ) ) ;
#1218 = CARTESIAN_POINT ( 'NONE',  ( 34.40712770269500000, -0.9997996483548975400, 91.59999999999996600 ) ) ;
#1219 = CARTESIAN_POINT ( 'NONE',  ( 32.87962445369126400, 1.207729769979427400, 81.08958147240127800 ) ) ;
#1220 = CARTESIAN_POINT ( 'NONE',  ( 34.98812108382750800, -2.729550803369758900, -23.85831162089521800 ) ) ;
#1221 = CARTESIAN_POINT ( 'NONE',  ( 47.33206168060929300, -3.442499304570989100, 91.59999999999998000 ) ) ;
#1222 = ORIENTED_EDGE ( 'NONE', *, *, #3127, .F. ) ;
#1223 = CARTESIAN_POINT ( 'NONE',  ( 34.50000000000000000, -3.500000000000000000, -101.5999999999999900 ) ) ;
#1224 = CARTESIAN_POINT ( 'NONE',  ( 50.27029494409882200, -3.427920974687204600, 78.21046105570758300 ) ) ;
#1225 = CARTESIAN_POINT ( 'NONE',  ( 47.17552053788393400, 0.8678555606868695300, -70.37466977901918600 ) ) ;
#1226 = CARTESIAN_POINT ( 'NONE',  ( 34.88473138085377900, 2.566817859842585900, 2.039800455801734600 ) ) ;
#1227 = CARTESIAN_POINT ( 'NONE',  ( 41.73609496855121400, -0.2408337396261444300, -5.231190136599433800 ) ) ;
#1228 = CARTESIAN_POINT ( 'NONE',  ( 28.09229217145127300, -3.449422053367337900, -70.25558499713639500 ) ) ;
#1229 = CARTESIAN_POINT ( 'NONE',  ( 45.45781475814658300, -3.122393844324810700, 0.6911924402118828600 ) ) ;
#1230 = CARTESIAN_POINT ( 'NONE',  ( 47.11331168067398800, -3.387968071670915300, 91.59999999999998000 ) ) ;
#1231 = CARTESIAN_POINT ( 'NONE',  ( 46.66867061471264600, 0.7774610760289261100, -70.33270248011047000 ) ) ;
#1232 = CARTESIAN_POINT ( 'NONE',  ( 34.50000000000000000, -3.500000000000000000, -101.5999999999999900 ) ) ;
#1233 = CARTESIAN_POINT ( 'NONE',  ( 33.73276357243001700, 0.04680062874617391100, 91.60000000000015100 ) ) ;
#1234 = CARTESIAN_POINT ( 'NONE',  ( 33.69697952352213800, 1.574316210526413700, 80.99687234300590400 ) ) ;
#1235 = CARTESIAN_POINT ( 'NONE',  ( 37.50058486733856700, 0.2016658034442799500, -78.70888295621244900 ) ) ;
#1236 = CARTESIAN_POINT ( 'NONE',  ( 34.41905169623293400, -0.9999817380565414500, 91.59999999999998000 ) ) ;
#1237 = CARTESIAN_POINT ( 'NONE',  ( 33.67576861613416400, -0.2844771172895041400, 91.59999999999995200 ) ) ;
#1238 = CARTESIAN_POINT ( 'NONE',  ( 26.56488687979186700, -3.336622343617651400, -34.99999999999999300 ) ) ;
#1239 = CARTESIAN_POINT ( 'NONE',  ( 45.50000000000000000, -3.500000000000000000, 101.5999999999999900 ) ) ;
#1240 = CARTESIAN_POINT ( 'NONE',  ( 32.76569944369404700, -3.181104883532454200, -91.94559882657600300 ) ) ;
#1241 = CARTESIAN_POINT ( 'NONE',  ( 52.06962107777203400, -3.426772632153663300, 67.57365813640650700 ) ) ;
#1242 = CARTESIAN_POINT ( 'NONE',  ( 27.95717606356943500, -3.495300514531105100, -65.00000000000000000 ) ) ;
#1243 = CARTESIAN_POINT ( 'NONE',  ( 45.68484550082124000, -0.9920000778399279400, -91.59999999999990900 ) ) ;
#1244 = CARTESIAN_POINT ( 'NONE',  ( 36.05894007241931800, 1.638235923333909400, 65.00000000000005700 ) ) ;
#1245 = CARTESIAN_POINT ( 'NONE',  ( 40.00000000000000000, 3.500000000000000000, 0.0000000000000000000 ) ) ;
#1246 = PRODUCT_RELATED_PRODUCT_CATEGORY ( 'detail', '', ( #3619 ) ) ;
#1247 = CARTESIAN_POINT ( 'NONE',  ( 28.09634859524597100, -3.456939033324491800, -70.27641215338658800 ) ) ;
#1248 = DIRECTION ( 'NONE',  ( 1.000000000000000000, 0.0000000000000000000, 0.0000000000000000000 ) ) ;
#1249 = CARTESIAN_POINT ( 'NONE',  ( 45.62968883473741500, -0.9980255190178704000, -91.59999999999993700 ) ) ;
#1250 = EDGE_CURVE ( 'NONE', #2897, #3667, #1026, .T. ) ;
#1251 = ORIENTED_EDGE ( 'NONE', *, *, #4612, .T. ) ;
#1252 = CARTESIAN_POINT ( 'NONE',  ( 36.20583721938543700, -2.873037202515628800, -97.19525869655981900 ) ) ;
#1253 = CARTESIAN_POINT ( 'NONE',  ( 33.38637636790871700, 0.7051571224428119200, 86.34078577670786100 ) ) ;
#1254 = CARTESIAN_POINT ( 'NONE',  ( 33.17566336807907800, 3.250000000000000400, 64.99999999999997200 ) ) ;
#1255 = CARTESIAN_POINT ( 'NONE',  ( 35.74886467303414200, 0.7307946623441019500, -68.06888295621240600 ) ) ;
#1256 = CARTESIAN_POINT ( 'NONE',  ( 33.86526942115663300, -0.1174847599364391100, 80.96244705971561500 ) ) ;
#1257 = CARTESIAN_POINT ( 'NONE',  ( 32.20179734310754300, 2.081356020957780400, 65.00000000000002800 ) ) ;
#1258 = CARTESIAN_POINT ( 'NONE',  ( 34.68565266269162400, -3.451720834566145000, -23.95630204710258600 ) ) ;
#1259 = CARTESIAN_POINT ( 'NONE',  ( 45.50000000000000000, -3.500000000000000000, 101.5999999999999900 ) ) ;
#1260 = ORIENTED_EDGE ( 'NONE', *, *, #3127, .T. ) ;
#1261 = CARTESIAN_POINT ( 'NONE',  ( 34.50000000000000000, -3.500000000000000000, -101.5999999999999900 ) ) ;
#1262 = CARTESIAN_POINT ( 'NONE',  ( 48.97064895103442000, -3.376443654399636300, 84.90180337343237200 ) ) ;
#1263 = CARTESIAN_POINT ( 'NONE',  ( 46.38301933910270900, -0.4215157709221767900, -86.31459341377328100 ) ) ;
#1264 = CARTESIAN_POINT ( 'NONE',  ( 31.79172648378802900, 3.323024600393545700, 35.00000000000002800 ) ) ;
#1265 = CARTESIAN_POINT ( 'NONE',  ( 30.63734401420795500, -3.227126311283343300, -78.31686568320941400 ) ) ;
#1266 = CARTESIAN_POINT ( 'NONE',  ( 45.56673572020730500, 0.4999544664041345500, -91.59999999999999400 ) ) ;
#1267 = CARTESIAN_POINT ( 'NONE',  ( 40.95362246552584700, 1.225440209200773200, 5.417406191834348100 ) ) ;
#1268 = CARTESIAN_POINT ( 'NONE',  ( 45.50000000000000000, -3.500000000000000000, 101.5999999999999900 ) ) ;
#1269 = CARTESIAN_POINT ( 'NONE',  ( 46.22007211774108300, -0.1233364098327204800, -80.97122065485260100 ) ) ;
#1270 = CARTESIAN_POINT ( 'NONE',  ( 34.50000000000000000, -3.500000000000000000, -101.5999999999999900 ) ) ;
#1271 = CARTESIAN_POINT ( 'NONE',  ( 32.19119946201938400, 2.377205253589175900, 64.99999999999997200 ) ) ;
#1272 = CARTESIAN_POINT ( 'NONE',  ( 34.43401156621985800, 0.4999462315252330400, 91.59999999999998000 ) ) ;
#1273 = CARTESIAN_POINT ( 'NONE',  ( 35.70570441499548100, -0.5166289285316958400, -78.36921327587280900 ) ) ;
#1274 = CARTESIAN_POINT ( 'NONE',  ( 48.20827351621197500, 3.323024600393546200, -45.04881468346339100 ) ) ;
#1275 = CARTESIAN_POINT ( 'NONE',  ( 33.28103240479416100, 0.4764926895378841500, 86.34473039298582400 ) ) ;
#1276 = DIRECTION ( 'NONE',  ( 1.000000000000000000, 0.0000000000000000000, 0.0000000000000000000 ) ) ;
#1277 = CARTESIAN_POINT ( 'NONE',  ( 47.67962771717784400, -3.433820798119975300, 91.59999999999999400 ) ) ;
#1278 = CARTESIAN_POINT ( 'NONE',  ( 45.77203824310480200, -1.000000000000002000, -91.59999999999999400 ) ) ;
#1279 = CARTESIAN_POINT ( 'NONE',  ( 52.09611422610452500, -3.391049202607356900, 67.56108394198794500 ) ) ;
#1280 = CARTESIAN_POINT ( 'NONE',  ( 34.50204729206458200, -3.279910869060642200, -0.1626422395119918000 ) ) ;
#1281 = ORIENTED_EDGE ( 'NONE', *, *, #2156, .T. ) ;
#1282 = LINE ( 'NONE', #1917, #1532 ) ;
#1283 = CARTESIAN_POINT ( 'NONE',  ( 47.40012487148453600, 1.443237217222281600, -65.00000000000000000 ) ) ;
#1284 = CARTESIAN_POINT ( 'NONE',  ( 36.59094445151894300, 3.154286419249737100, 35.00000000000000000 ) ) ;
#1285 = CARTESIAN_POINT ( 'NONE',  ( 44.70242088693772300, 0.4191362411869967700, -2.854119033133482900 ) ) ;
#1286 = CARTESIAN_POINT ( 'NONE',  ( 28.07417608113065200, -3.499898416530387900, -67.67423102496660200 ) ) ;
#1287 = ORIENTED_EDGE ( 'NONE', *, *, #3348, .F. ) ;
#1288 = VECTOR ( 'NONE', #3927, 1000.000000000000100 ) ;
#1289 = CIRCLE ( 'NONE', #643, 2.500000000000000000 ) ;
#1290 = CARTESIAN_POINT ( 'NONE',  ( 45.50000000000000000, -3.500000000000000000, 101.5999999999999900 ) ) ;
#1291 = VERTEX_POINT ( 'NONE', #3344 ) ;
#1292 = CARTESIAN_POINT ( 'NONE',  ( 34.50000000000000000, -3.500000000000000000, -101.5999999999999900 ) ) ;
#1293 = CARTESIAN_POINT ( 'NONE',  ( 33.09391493516235300, 3.245722201704868600, 65.00000000000000000 ) ) ;
#1294 = CARTESIAN_POINT ( 'NONE',  ( 38.73260993677273200, -0.7840383633704196600, -91.60000000000000900 ) ) ;
#1295 = CARTESIAN_POINT ( 'NONE',  ( 47.75476098737017600, 5.447362335066740600, -34.99999999999999300 ) ) ;
#1296 = CARTESIAN_POINT ( 'NONE',  ( 32.20076472792955300, 2.087456809847491700, 65.00000000000002800 ) ) ;
#1297 = CARTESIAN_POINT ( 'NONE',  ( 34.86857120164132300, 2.420568593374853100, 0.0000000000000000000 ) ) ;
#1298 = CARTESIAN_POINT ( 'NONE',  ( 34.75024171593369000, -3.443762529998077900, -23.95332616803729300 ) ) ;
#1299 = CARTESIAN_POINT ( 'NONE',  ( 44.37461730199851900, -2.998997767591870200, 97.03490050757930900 ) ) ;
#1300 = ORIENTED_EDGE ( 'NONE', *, *, #2980, .T. ) ;
#1301 = CARTESIAN_POINT ( 'NONE',  ( 40.25787222793594800, -2.091461178630876500, -99.85288951088232100 ) ) ;
#1302 = CARTESIAN_POINT ( 'NONE',  ( 51.93421857605520800, -3.519978851631858900, 70.12722263355212200 ) ) ;
#1303 = CARTESIAN_POINT ( 'NONE',  ( 47.57408205374535700, 1.191664413927693100, -70.41342533890930600 ) ) ;
#1304 = CARTESIAN_POINT ( 'NONE',  ( 32.97845229458479100, 1.246857595921604200, 65.00000000000000000 ) ) ;
#1305 = CARTESIAN_POINT ( 'NONE',  ( 31.89390259206922800, -3.274669800041051500, -84.95843284160471900 ) ) ;
#1306 = CARTESIAN_POINT ( 'NONE',  ( 31.09521814252051200, -3.489969185636074800, -84.94516695394909800 ) ) ;
#1307 = DIRECTION ( 'NONE',  ( 0.0000000000000000000, 1.000000000000000000, 0.0000000000000000000 ) ) ;
#1308 = AXIS2_PLACEMENT_3D ( 'NONE', #1802, #1785, #2220 ) ;
#1309 = CARTESIAN_POINT ( 'NONE',  ( 44.92292533731473700, -2.879584783408612100, 92.13703199600371400 ) ) ;
#1310 = CARTESIAN_POINT ( 'NONE',  ( 47.70695693204444200, -0.9315315608978729200, 67.62987361524267300 ) ) ;
#1311 = CARTESIAN_POINT ( 'NONE',  ( 39.55833051633839400, -2.496975873700542500, -99.10883661267729400 ) ) ;
#1312 = CARTESIAN_POINT ( 'NONE',  ( 34.08818574848889000, 1.025086316260137400, 86.28317637822713900 ) ) ;
#1313 = CARTESIAN_POINT ( 'NONE',  ( 33.00929737446357800, -0.5466120152795376200, -67.67787031441582700 ) ) ;
#1314 = CARTESIAN_POINT ( 'NONE',  ( 39.51384904930326800, 2.597976161845658700, -44.21765596549889900 ) ) ;
#1315 = CARTESIAN_POINT ( 'NONE',  ( 32.86849705584310000, 0.4440671511152337600, 75.73414849712610000 ) ) ;
#1316 = CARTESIAN_POINT ( 'NONE',  ( 40.00000000000000000, -3.500000000000000000, 2.500000000000000000 ) ) ;
#1317 = PRODUCT_DEFINITION_SHAPE ( 'NONE', 'NONE',  #170 ) ;
#1318 = CARTESIAN_POINT ( 'NONE',  ( 45.50000000000000000, -3.500000000000000000, 101.5999999999999900 ) ) ;
#1319 = AXIS2_PLACEMENT_3D ( 'NONE', #4141, #4544, #2101 ) ;
#1320 = CARTESIAN_POINT ( 'NONE',  ( 36.20583721938543700, -2.873037202515628800, -97.19525869655981900 ) ) ;
#1321 = CARTESIAN_POINT ( 'NONE',  ( 47.65204797464329500, -3.463198621321495800, 91.60000000000003700 ) ) ;
#1322 = CARTESIAN_POINT ( 'NONE',  ( 47.04322243898486300, 0.2859380727417338300, -81.05269793781558000 ) ) ;
#1323 = CARTESIAN_POINT ( 'NONE',  ( 47.87403156234839200, -0.4543329467462974300, 42.34747105268888800 ) ) ;
#1324 = CARTESIAN_POINT ( 'NONE',  ( 36.06350504069958900, -0.1933102078443929300, -70.34135006407326800 ) ) ;
#1325 = CARTESIAN_POINT ( 'NONE',  ( 29.82312453385825500, -3.498245635986641000, -78.30115943843915700 ) ) ;
#1326 = DIRECTION ( 'NONE',  ( 0.0000000000000000000, 1.000000000000000000, 0.0000000000000000000 ) ) ;
#1327 = CARTESIAN_POINT ( 'NONE',  ( 40.44166948366161300, -2.496975873700542500, 99.10883661267729400 ) ) ;
#1328 = CARTESIAN_POINT ( 'NONE',  ( 45.49756448606244400, 1.407885015741182000, -0.1688646442633690600 ) ) ;
#1329 = CARTESIAN_POINT ( 'NONE',  ( 34.05013030128363700, 1.024391027093692700, 86.28733266927675100 ) ) ;
#1330 = CARTESIAN_POINT ( 'NONE',  ( 32.13092898941705000, -0.8626433313480498200, -65.00000000000000000 ) ) ;
#1331 = CARTESIAN_POINT ( 'NONE',  ( 47.06249999999992200, 4.375000000000001800, -55.01473523173899600 ) ) ;
#1332 = CARTESIAN_POINT ( 'NONE',  ( 33.55595167253681400, -0.1069805570946760300, 80.99203746416751000 ) ) ;
#1333 = CARTESIAN_POINT ( 'NONE',  ( 40.00000000000000000, 3.500000000000000000, 0.0000000000000000000 ) ) ;
#1334 = CARTESIAN_POINT ( 'NONE',  ( 45.50000000000000000, -3.500000000000000000, 101.5999999999999900 ) ) ;
#1335 = CARTESIAN_POINT ( 'NONE',  ( 39.75011132646513800, -2.505932417156091100, -99.30450648846338900 ) ) ;
#1336 = CARTESIAN_POINT ( 'NONE',  ( 48.92217079610668400, -3.478510246068841700, 84.93913517184272200 ) ) ;
#1337 = CARTESIAN_POINT ( 'NONE',  ( 40.00000000000000000, -3.500000000000000000, 0.0000000000000000000 ) ) ;
#1338 = CARTESIAN_POINT ( 'NONE',  ( 46.06653001814928700, -0.8146350257671234300, -91.59999999999968200 ) ) ;
#1339 = CARTESIAN_POINT ( 'NONE',  ( 40.00000000000000000, 3.500000000000000000, 0.0000000000000000000 ) ) ;
#1340 = CARTESIAN_POINT ( 'NONE',  ( 32.62656777255526900, -3.051594379601573000, -84.95822831752110500 ) ) ;
#1341 = CARTESIAN_POINT ( 'NONE',  ( 46.49481795940074100, 2.249126979495306600, -75.78442511719356400 ) ) ;
#1342 = CARTESIAN_POINT ( 'NONE',  ( 34.49998286091410900, 1.498826231819932600, 0.0000000000000000000 ) ) ;
#1343 = CARTESIAN_POINT ( 'NONE',  ( 45.50000000000000000, -3.500000000000000000, 101.5999999999999900 ) ) ;
#1344 = CARTESIAN_POINT ( 'NONE',  ( 44.61666103267678800, -1.493951747401085500, -96.61767322535457900 ) ) ;
#1345 = APPROVAL_DATE_TIME ( #4871, #3874 ) ;
#1346 = CARTESIAN_POINT ( 'NONE',  ( 35.00075449242352500, 0.4870453316923605300, 91.60000000000003700 ) ) ;
#1347 = CARTESIAN_POINT ( 'NONE',  ( 31.66325691036150000, -1.271097987354326200, -67.59431797477203900 ) ) ;
#1348 = CARTESIAN_POINT ( 'NONE',  ( 47.37785152164561000, 2.989321511066712000, -34.99999999999999300 ) ) ;
#1349 = CARTESIAN_POINT ( 'NONE',  ( 33.91481460589169200, -0.5460765632072309700, 86.29601873208369500 ) ) ;
#1350 = CARTESIAN_POINT ( 'NONE',  ( 31.61377622342009300, 0.3776408259240731100, -35.00000000000000000 ) ) ;
#1351 = DIRECTION ( 'NONE',  ( -0.0000000000000000000, -0.0000000000000000000, -1.000000000000000000 ) ) ;
#1352 = CARTESIAN_POINT ( 'NONE',  ( 42.78697773062326300, -2.681073800383639000, 97.60811776492849400 ) ) ;
#1353 = VECTOR ( 'NONE', #3543, 1000.000000000000000 ) ;
#1354 = CARTESIAN_POINT ( 'NONE',  ( 34.04337271799299500, 5.500000000000001800, 23.28022362359615400 ) ) ;
#1355 = CARTESIAN_POINT ( 'NONE',  ( 51.88623464759692200, -3.477630528262851700, 70.30809078125713500 ) ) ;
#1356 = CARTESIAN_POINT ( 'NONE',  ( 45.75519580216171500, 4.375000000000001800, -55.02539745077142900 ) ) ;
#1357 = ORIENTED_EDGE ( 'NONE', *, *, #2633, .F. ) ;
#1358 = CARTESIAN_POINT ( 'NONE',  ( 46.05362175997959900, -0.8256580272503963900, -91.59999999999968200 ) ) ;
#1359 = CARTESIAN_POINT ( 'NONE',  ( 45.50001713908589100, 1.498826231819932600, 0.0000000000000000000 ) ) ;
#1360 = CARTESIAN_POINT ( 'NONE',  ( 37.40979520375906700, -0.7987684386529359000, -78.31033712664007900 ) ) ;
#1361 = VERTEX_POINT ( 'NONE', #1750 ) ;
#1362 = CARTESIAN_POINT ( 'NONE',  ( 47.16332747370137200, 2.627193720877369000, -70.40526024875684600 ) ) ;
#1363 = CARTESIAN_POINT ( 'NONE',  ( 41.55730076183080300, -2.557322722032138600, 98.30928583163678500 ) ) ;
#1364 = CARTESIAN_POINT ( 'NONE',  ( 46.40747699134750800, -0.2454133121814425800, -91.59999999999998000 ) ) ;
#1365 = CARTESIAN_POINT ( 'NONE',  ( 37.61840101873804800, 1.919710567582341600, 74.28240470174210900 ) ) ;
#1366 = CARTESIAN_POINT ( 'NONE',  ( 32.93803281141850200, -0.4029758080423087000, -65.00000000000000000 ) ) ;
#1367 = CARTESIAN_POINT ( 'NONE',  ( 33.64466510883397600, -0.1186463835093369800, 80.98403245519902800 ) ) ;
#1368 = ORIENTED_EDGE ( 'NONE', *, *, #1040, .T. ) ;
#1369 = EDGE_CURVE ( 'NONE', #3122, #1816, #2138, .T. ) ;
#1370 = CARTESIAN_POINT ( 'NONE',  ( 42.08206168110896100, -2.133749714706710200, 91.59999999999996600 ) ) ;
#1371 = CARTESIAN_POINT ( 'NONE',  ( 52.16160680492496500, -3.458145386200543100, 65.00000000000001400 ) ) ;
#1372 = CARTESIAN_POINT ( 'NONE',  ( 39.00223918918769100, 4.286552377158776600, -44.89581496232038700 ) ) ;
#1373 = CARTESIAN_POINT ( 'NONE',  ( 47.18714853985419200, 1.050098805338632000, -81.08927438863092600 ) ) ;
#1374 = CARTESIAN_POINT ( 'NONE',  ( 34.36980498255781700, -1.892410213393801900, -78.31536923830654500 ) ) ;
#1375 = CARTESIAN_POINT ( 'NONE',  ( 47.60761213702961200, 2.853296867367342700, -64.99999999999994300 ) ) ;
#1376 = DIRECTION ( 'NONE',  ( 0.0000000000000000000, 0.0000000000000000000, 1.000000000000000000 ) ) ;
#1377 = CARTESIAN_POINT ( 'NONE',  ( 45.50000000000000000, -3.500000000000000000, 101.5999999999999900 ) ) ;
#1378 = CARTESIAN_POINT ( 'NONE',  ( 40.12127178543101300, -1.986550559059989000, -99.82118079328773800 ) ) ;
#1379 = CARTESIAN_POINT ( 'NONE',  ( 37.48534730945242900, 0.8065061206032324600, 85.81554183458447900 ) ) ;
#1380 = CARTESIAN_POINT ( 'NONE',  ( 32.67336109179020600, -0.8912444047144534300, -70.29274089193096100 ) ) ;
#1381 = CARTESIAN_POINT ( 'NONE',  ( 45.40964684150226600, 2.068735829641979800, -1.025482422186820800 ) ) ;
#1382 = PLANE ( 'NONE',  #3233 ) ;
#1383 = CARTESIAN_POINT ( 'NONE',  ( 34.50000000000000000, -3.500000000000000000, -101.5999999999999900 ) ) ;
#1384 = B_SPLINE_CURVE_WITH_KNOTS ( 'NONE', 3,
 ( #5346, #4067, #4456, #1226, #4085, #317, #4438, #2008, #734, #3673, #791, #3206, #4892, #4869, #1606, #2415, #2836, #1627 ),
 .UNSPECIFIED., .F., .F.,
 ( 4, 2, 2, 2, 2, 2, 2, 2, 4 ),
 ( 0.0000000000000000000, 0.0008769245444300117700, 0.001753849088860023500, 0.002630773633290035300, 0.003069235905505042500, 0.003288467041612545700, 0.003398082609666298100, 0.003452890393693174100, 0.003507698177720050100 ),
 .UNSPECIFIED. ) ;
#1385 = CARTESIAN_POINT ( 'NONE',  ( 48.90478185747949200, -3.489969185636074800, 84.94516695394909800 ) ) ;
#1386 = CARTESIAN_POINT ( 'NONE',  ( 46.15706173402863000, 1.000909793370937000, -86.30785974153977200 ) ) ;
#1387 = CARTESIAN_POINT ( 'NONE',  ( 34.50020792200751200, -3.240446404998557700, -0.04844347170216773600 ) ) ;
#1388 = CARTESIAN_POINT ( 'NONE',  ( 46.13568894889306900, -0.7499239795212731000, -91.59999999999968200 ) ) ;
#1389 = DIRECTION ( 'NONE',  ( -1.000000000000000000, 0.0000000000000000000, 0.0000000000000000000 ) ) ;
#1390 = CARTESIAN_POINT ( 'NONE',  ( 35.95717531381122000, 0.04683787287838525600, -65.00000000000000000 ) ) ;
#1391 = CARTESIAN_POINT ( 'NONE',  ( 46.51759905335482900, 2.279342903484146400, -75.79519563293634100 ) ) ;
#1392 = CC_DESIGN_PERSON_AND_ORGANIZATION_ASSIGNMENT ( #1924, #3941, ( #3619 ) ) ;
#1393 = CARTESIAN_POINT ( 'NONE',  ( 35.00719339190718000, -3.320580620601477000, 0.0000000000000000000 ) ) ;
#1394 = CARTESIAN_POINT ( 'NONE',  ( 32.93138786007551000, 2.644357207305768000, 70.39209777800893200 ) ) ;
#1395 = CARTESIAN_POINT ( 'NONE',  ( 37.30745680736039600, 0.2651217127399817500, 91.60000000000000900 ) ) ;
#1396 = CARTESIAN_POINT ( 'NONE',  ( 32.38519586464114000, -3.308256347538579800, -91.59999999999998000 ) ) ;
#1397 = DIRECTION ( 'NONE',  ( 0.0000000000000000000, 0.0000000000000000000, -1.000000000000000000 ) ) ;
#1398 = DIRECTION ( 'NONE',  ( 0.0000000000000000000, 0.0000000000000000000, -1.000000000000000000 ) ) ;
#1399 = CARTESIAN_POINT ( 'NONE',  ( 37.50328296446618000, -0.7651307537329781200, -78.34413895884648600 ) ) ;
#1400 = CARTESIAN_POINT ( 'NONE',  ( 33.90510981245608900, 0.2891808736517198500, 91.60000000000026400 ) ) ;
#1401 = CARTESIAN_POINT ( 'NONE',  ( 48.85332815930132700, -3.500912847619883200, 84.95550529941853300 ) ) ;
#1402 = CARTESIAN_POINT ( 'NONE',  ( 47.22962737635783300, 3.159804358365207600, -65.00000000000000000 ) ) ;
#1403 = CARTESIAN_POINT ( 'NONE',  ( 35.62384781198596800, 1.948546025271767700, -54.58915732001847900 ) ) ;
#1404 = CARTESIAN_POINT ( 'NONE',  ( 47.74056737101153700, 2.070259132719761500, -70.44981649104740000 ) ) ;
#1405 = DIRECTION ( 'NONE',  ( -1.000000000000000000, 0.0000000000000000000, 0.0000000000000000000 ) ) ;
#1406 = CARTESIAN_POINT ( 'NONE',  ( 47.62894201651150200, 2.824235552641646500, -64.99999999999994300 ) ) ;
#1407 = CARTESIAN_POINT ( 'NONE',  ( 43.63062387887045200, 3.153323766124595600, -23.27590886402343200 ) ) ;
#1408 = VECTOR ( 'NONE', #1727, 1000.000000000000100 ) ;
#1409 = CARTESIAN_POINT ( 'NONE',  ( 34.43326427979269500, 0.4999544664041345500, 91.59999999999999400 ) ) ;
#1410 = CARTESIAN_POINT ( 'NONE',  ( 44.45798793927703200, 2.912209220751937900, -3.229671620720967700 ) ) ;
#1411 = FACE_OUTER_BOUND ( 'NONE', #1936, .T. ) ;
#1412 = CARTESIAN_POINT ( 'NONE',  ( 35.33628269666931500, 1.002055867054804100, 86.15346158696789300 ) ) ;
#1413 = CARTESIAN_POINT ( 'NONE',  ( 32.38150185113632100, -3.309898150419261900, -91.59999999999999400 ) ) ;
#1414 = DIRECTION ( 'NONE',  ( -0.0000000000000000000, -0.0000000000000000000, 1.000000000000000000 ) ) ;
#1415 = CARTESIAN_POINT ( 'NONE',  ( 33.02137455432451000, 0.2014672731021806000, 81.04484003620046900 ) ) ;
#1416 = CARTESIAN_POINT ( 'NONE',  ( 40.00000000000000000, -3.500000000000000000, 5.500000000000000000 ) ) ;
#1417 = CARTESIAN_POINT ( 'NONE',  ( 38.60023154569042700, -1.222853877143723800, -84.98892655912523300 ) ) ;
#1418 = CARTESIAN_POINT ( 'NONE',  ( 32.82049864139205700, 2.623134194680240700, 70.40731872362432900 ) ) ;
#1419 = ORIENTED_EDGE ( 'NONE', *, *, #4553, .T. ) ;
#1420 = CARTESIAN_POINT ( 'NONE',  ( 40.00000000000000000, 3.500000000000000000, 0.0000000000000000000 ) ) ;
#1421 = CARTESIAN_POINT ( 'NONE',  ( 47.06347228218326300, 3.219488204358445000, -65.00000000000000000 ) ) ;
#1422 = CARTESIAN_POINT ( 'NONE',  ( 35.11105534674797500, 2.662847721955357500, -44.17831464003693000 ) ) ;
#1423 = CARTESIAN_POINT ( 'NONE',  ( 46.29991372535123900, -0.4444001595011705700, -91.59999999999985200 ) ) ;
#1424 = CARTESIAN_POINT ( 'NONE',  ( 36.19123592851369200, 0.1250870961561772700, 0.0000000000000000000 ) ) ;
#1425 = EDGE_LOOP ( 'NONE', ( #3346, #4258, #1300, #379, #4635, #4685, #3234, #1480 ) ) ;
#1426 = CARTESIAN_POINT ( 'NONE',  ( 47.09865974806306400, 2.639954927174565000, -70.39652351278549200 ) ) ;
#1427 = CARTESIAN_POINT ( 'NONE',  ( 44.88779301470965100, 0.3980046945130481000, 0.0000000000000000000 ) ) ;
#1428 = PLANE ( 'NONE',  #4589 ) ;
#1429 = CARTESIAN_POINT ( 'NONE',  ( 49.58264613135602900, -2.489814680665105100, 67.67617192440614800 ) ) ;
#1430 = CARTESIAN_POINT ( 'NONE',  ( 43.44324619686204200, 0.7427238252604905200, 71.56753185437116800 ) ) ;
#1431 = CARTESIAN_POINT ( 'NONE',  ( 31.04636872256712700, -3.331101897410240700, -84.89901728372667800 ) ) ;
#1432 = CARTESIAN_POINT ( 'NONE',  ( 43.98700999822992200, -0.07922085577355937600, 67.67033712664007800 ) ) ;
#1433 = CARTESIAN_POINT ( 'NONE',  ( 36.89012166315756500, 5.278925673685592700, 45.09344377767258300 ) ) ;
#1434 = CARTESIAN_POINT ( 'NONE',  ( 38.46934920207443300, -1.263049226414871800, -84.96306089290877100 ) ) ;
#1435 = CARTESIAN_POINT ( 'NONE',  ( 32.83667252629862800, 2.627193720877369000, 70.40526024875684600 ) ) ;
#1436 = CARTESIAN_POINT ( 'NONE',  ( 38.59955512368318200, -1.490975019162992200, -5.326060683699886900 ) ) ;
#1437 = CARTESIAN_POINT ( 'NONE',  ( 45.94986969871637000, 1.024391027093692700, -86.28733266927675100 ) ) ;
#1438 = CARTESIAN_POINT ( 'NONE',  ( 35.56170968827046200, 2.735737333946334000, 0.0000000000000000000 ) ) ;
#1439 = CARTESIAN_POINT ( 'NONE',  ( 46.32423138386583600, -0.2844771172895041400, -91.59999999999995200 ) ) ;
#1440 = CARTESIAN_POINT ( 'NONE',  ( 36.19123592851369200, 0.1250870961561772700, 6.462173173609989400 ) ) ;
#1441 = APPLICATION_CONTEXT ( 'configuration controlled 3d designs of mechanical parts and assemblies' ) ;
#1442 = CARTESIAN_POINT ( 'NONE',  ( 46.22535752713547900, 0.9830035291979860600, -86.31403820538874100 ) ) ;
#1443 = CARTESIAN_POINT ( 'NONE',  ( 44.43829031172954600, 2.735737333946335300, 0.0000000000000000000 ) ) ;
#1444 = CARTESIAN_POINT ( 'NONE',  ( 51.78010181972357600, -3.495955262682059600, 70.35496106405817300 ) ) ;
#1445 = CARTESIAN_POINT ( 'NONE',  ( 43.60593115524859800, 0.9726813750880400900, 68.21116085546610500 ) ) ;
#1446 = CARTESIAN_POINT ( 'NONE',  ( 29.72511970914210600, -2.330537429458599400, -67.51513579244570500 ) ) ;
#1447 = CARTESIAN_POINT ( 'NONE',  ( 43.31625315964791400, 0.04490724156681704500, 70.73528651428350100 ) ) ;
#1448 = CARTESIAN_POINT ( 'NONE',  ( 53.36243348000059700, -3.501910596087584700, 34.99999999999994300 ) ) ;
#1449 = CARTESIAN_POINT ( 'NONE',  ( 35.96431167215347100, 0.04999761927829515800, -65.00000000000000000 ) ) ;
#1450 = CARTESIAN_POINT ( 'NONE',  ( 32.82771173207853400, 2.624999941600651100, 70.40640833689933200 ) ) ;
#1451 = CARTESIAN_POINT ( 'NONE',  ( 34.65655278309250100, 0.8368971562733494900, 1.347716767602864300 ) ) ;
#1452 = CARTESIAN_POINT ( 'NONE',  ( 50.15414213913295100, -3.501729322662282300, 78.30777135554414800 ) ) ;
#1453 = CARTESIAN_POINT ( 'NONE',  ( 46.74950133383117600, 2.650365843319332400, -70.33262691061068500 ) ) ;
#1454 = CARTESIAN_POINT ( 'NONE',  ( 39.20534652059731000, 2.155801105530697400, 8.281370285117992200 ) ) ;
#1455 = CARTESIAN_POINT ( 'NONE',  ( 47.79756539469612900, 2.077698650129524300, -65.00000000000002800 ) ) ;
#1456 = CARTESIAN_POINT ( 'NONE',  ( 46.10269181781885100, 0.5430812962098321400, 23.24749349164519400 ) ) ;
#1457 = CARTESIAN_POINT ( 'NONE',  ( 46.96935845401566900, 2.652807170889680800, -70.37571948307918000 ) ) ;
#1458 = AXIS2_PLACEMENT_3D ( 'NONE', #5054, #964, #549 ) ;
#1459 = CARTESIAN_POINT ( 'NONE',  ( 39.96165132007359200, 2.685545651007119600, -23.27765147276359100 ) ) ;
#1460 = CARTESIAN_POINT ( 'NONE',  ( 40.55081168121630200, -1.752031084320057100, 91.59999999999999400 ) ) ;
#1461 = CARTESIAN_POINT ( 'NONE',  ( 48.91794936917506900, -2.111708114796207300, 64.99999999999994300 ) ) ;
#1462 = EDGE_CURVE ( 'NONE', #3809, #5093, #2382, .T. ) ;
#1463 = CARTESIAN_POINT ( 'NONE',  ( 40.46384020983881400, 0.1633446177157856200, 85.26167146045253300 ) ) ;
#1464 = CARTESIAN_POINT ( 'NONE',  ( 30.85437548564967600, -1.826328535366277700, -70.09355696151260400 ) ) ;
#1465 = CARTESIAN_POINT ( 'NONE',  ( 42.57775161168556400, -0.7942670375992503300, 78.31485012061081400 ) ) ;
#1466 = CARTESIAN_POINT ( 'NONE',  ( 32.45276757498682900, 1.157151344658460500, 70.41047695738592400 ) ) ;
#1467 = CARTESIAN_POINT ( 'NONE',  ( 44.37615218801403900, 1.948546025271767700, 54.58915732001847900 ) ) ;
#1468 = CARTESIAN_POINT ( 'NONE',  ( 39.42953312000392400, -0.9880066259223340100, -85.15210568802577000 ) ) ;
#1469 = CARTESIAN_POINT ( 'NONE',  ( 32.84555745721188900, 2.629217285328263400, 70.40409992298948800 ) ) ;
#1470 = COORDINATED_UNIVERSAL_TIME_OFFSET ( 5, 30, .AHEAD. ) ;
#1471 = CARTESIAN_POINT ( 'NONE',  ( 35.42209185243931600, -3.091346004253710900, -3.062345030436822900 ) ) ;
#1472 = CARTESIAN_POINT ( 'NONE',  ( 33.26192767785417500, 0.3991327400285057400, 86.34490824552362700 ) ) ;
#1473 = CARTESIAN_POINT ( 'NONE',  ( 34.50000000000000000, -3.500000000000000000, -101.5999999999999900 ) ) ;
#1474 = CARTESIAN_POINT ( 'NONE',  ( 46.18069158655561100, 1.550711455375574300, -80.95736896577535900 ) ) ;
#1475 = CARTESIAN_POINT ( 'NONE',  ( 34.50000000000000000, -3.500000000000000000, -101.5999999999999900 ) ) ;
#1476 = AXIS2_PLACEMENT_3D ( 'NONE', #5000, #2517, #1276 ) ;
#1477 = CIRCLE ( 'NONE', #1860, 0.7500000000000006700 ) ;
#1478 = CARTESIAN_POINT ( 'NONE',  ( 46.72056036239624900, 0.4710861880468777400, -86.34475946022902800 ) ) ;
#1479 = CARTESIAN_POINT ( 'NONE',  ( 48.47291163877637400, 3.713797404061414100, -23.25790015865194600 ) ) ;
#1480 = ORIENTED_EDGE ( 'NONE', *, *, #2696, .F. ) ;
#1481 = CARTESIAN_POINT ( 'NONE',  ( 41.57050823872862100, -1.275399761486496500, 84.95516856332004400 ) ) ;
#1482 = ORIENTED_EDGE ( 'NONE', *, *, #3563, .T. ) ;
#1483 = CARTESIAN_POINT ( 'NONE',  ( 39.74034055168412000, -0.2747843331839187600, 91.60000000000000900 ) ) ;
#1484 = CARTESIAN_POINT ( 'NONE',  ( 29.70709359935602100, -3.383567558176026900, -78.19966644558428500 ) ) ;
#1485 = CARTESIAN_POINT ( 'NONE',  ( 41.39976845430957300, -1.222853877143723800, 84.98892655912523300 ) ) ;
#1486 = CARTESIAN_POINT ( 'NONE',  ( 32.95102808424925200, 0.2943990107154806400, 81.05342533890920700 ) ) ;
#1487 = ORIENTED_EDGE ( 'NONE', *, *, #2088, .F. ) ;
#1488 = CARTESIAN_POINT ( 'NONE',  ( 49.61428200539731400, -1.856588340359330600, 65.00000000000008500 ) ) ;
#1489 = CARTESIAN_POINT ( 'NONE',  ( 41.18684788598527300, -1.379842757648159100, -91.60000000000000900 ) ) ;
#1490 = ADVANCED_FACE ( 'NONE', ( #2640 ), #1808, .F. ) ;
#1491 = CARTESIAN_POINT ( 'NONE',  ( 40.00000000000000000, 3.500000000000000000, -2.500000000000000000 ) ) ;
#1492 = CARTESIAN_POINT ( 'NONE',  ( 32.87190323869742800, 1.193288753042539300, 81.08968686675628100 ) ) ;
#1493 = CARTESIAN_POINT ( 'NONE',  ( 46.05322493513869400, -3.219023498586314000, 96.79169207297772500 ) ) ;
#1494 = CARTESIAN_POINT ( 'NONE',  ( 46.67873899109150700, 2.650732962765480300, -70.31736896577534400 ) ) ;
#1495 = CARTESIAN_POINT ( 'NONE',  ( 40.21345032574501500, 1.498654073772275800, 0.0000000000000000000 ) ) ;
#1496 = CARTESIAN_POINT ( 'NONE',  ( 46.72211648976179500, 0.4656582753731132200, -86.34478579698331700 ) ) ;
#1497 = CARTESIAN_POINT ( 'NONE',  ( 34.50000000000000000, -3.500000000000000000, -101.5999999999999900 ) ) ;
#1498 = CARTESIAN_POINT ( 'NONE',  ( 46.56752081017128100, -1.071015114047760400, 64.99999999999997200 ) ) ;
#1499 = CARTESIAN_POINT ( 'NONE',  ( 41.74226256885785300, 1.221658706743933300, 72.37997313043105400 ) ) ;
#1500 = CARTESIAN_POINT ( 'NONE',  ( 29.70678687109082400, -3.368789827932107400, -78.19864013613961600 ) ) ;
#1501 = CARTESIAN_POINT ( 'NONE',  ( 43.92961658711030300, -0.1904210394183396300, 70.34586690625101800 ) ) ;
#1502 = CARTESIAN_POINT ( 'NONE',  ( 32.41509928235646500, 1.206244700770510200, 70.41463001415957000 ) ) ;
#1503 = CARTESIAN_POINT ( 'NONE',  ( 53.43328611421113500, -3.437700506014824200, 40.00246811756703400 ) ) ;
#1504 = CARTESIAN_POINT ( 'NONE',  ( 40.98356664260099100, -0.6531093931092922800, -85.47453116563227100 ) ) ;
#1505 = VERTEX_POINT ( 'NONE', #3327 ) ;
#1506 = CARTESIAN_POINT ( 'NONE',  ( 34.50003675181394400, 1.485941119276174700, 0.02273467613389997700 ) ) ;
#1507 = CARTESIAN_POINT ( 'NONE',  ( 32.85092027161537200, 2.302637162982001900, 75.89110255650749100 ) ) ;
#1508 = CARTESIAN_POINT ( 'NONE',  ( 45.50000000000000000, -3.500000000000000000, 101.5999999999999900 ) ) ;
#1509 = CARTESIAN_POINT ( 'NONE',  ( 46.53713744963654600, 2.051210960185524600, -75.64825575200225700 ) ) ;
#1510 = CARTESIAN_POINT ( 'NONE',  ( 38.35995547295893000, -1.304552257151461600, 91.60000000000003700 ) ) ;
#1511 = CARTESIAN_POINT ( 'NONE',  ( 45.49510895970239900, -3.314217173722037400, 23.94290938275108300 ) ) ;
#1512 = CARTESIAN_POINT ( 'NONE',  ( 47.11709964619126400, 1.213687074382420800, -81.08952989242389700 ) ) ;
#1513 = CARTESIAN_POINT ( 'NONE',  ( 38.95773156506459900, -0.6909723004562056100, -91.59999999999998000 ) ) ;
#1514 = CARTESIAN_POINT ( 'NONE',  ( 46.12341056220228800, -3.408068413440858500, 96.77971922604707800 ) ) ;
#1515 = B_SPLINE_CURVE_WITH_KNOTS ( 'NONE', 3,
 ( #3434, #3827, #2604, #4235, #2623, #146, #1381, #2661, #4255, #3485, #585, #1801, #3075, #4660, #2219, #1819, #5092, #601 ),
 .UNSPECIFIED., .F., .F.,
 ( 4, 2, 2, 2, 2, 2, 2, 2, 4 ),
 ( 0.0000000000000000000, 0.0008769245444300132900, 0.001753849088860026600, 0.002630773633290040100, 0.003069235905505045500, 0.003288467041612547800, 0.003398082609666299800, 0.003452890393693175000, 0.003507698177720050100 ),
 .UNSPECIFIED. ) ;
#1516 = CARTESIAN_POINT ( 'NONE',  ( 47.25406321014983000, -0.5123797038784514400, 65.00000000000000000 ) ) ;
#1517 = CARTESIAN_POINT ( 'NONE',  ( 29.72297403668117300, -3.421378523771802200, -78.20723080569810300 ) ) ;
#1518 = CARTESIAN_POINT ( 'NONE',  ( 44.03568832784652900, 0.04999761927829515800, 65.00000000000000000 ) ) ;
#1519 = CARTESIAN_POINT ( 'NONE',  ( 33.98323814092269400, -0.8547670558196852600, 91.59999999999971000 ) ) ;
#1520 = CARTESIAN_POINT ( 'NONE',  ( 49.65652141524319800, -0.5501074020983604000, 41.69041044846055400 ) ) ;
#1521 = CARTESIAN_POINT ( 'NONE',  ( 39.88479143538109600, -0.8761921930293372600, -85.24355164683302600 ) ) ;
#1522 = CC_DESIGN_SECURITY_CLASSIFICATION ( #1566, ( #2671 ) ) ;
#1523 = CARTESIAN_POINT ( 'NONE',  ( 45.49974087926853600, 1.469883846861510700, -0.05439817374097437300 ) ) ;
#1524 = CARTESIAN_POINT ( 'NONE',  ( 45.50000000000000000, -3.500000000000000000, 101.5999999999999900 ) ) ;
#1525 = EDGE_CURVE ( 'NONE', #1361, #1816, #1787, .T. ) ;
#1526 = CARTESIAN_POINT ( 'NONE',  ( 46.80835257342816600, 3.249999744268315300, -64.99999999999997200 ) ) ;
#1527 = CARTESIAN_POINT ( 'NONE',  ( 34.42415075631777200, -1.000000000000000400, 91.59999999999998000 ) ) ;
#1528 = CARTESIAN_POINT ( 'NONE',  ( 45.45237997871677700, -3.390714092315537900, 23.94753839101931800 ) ) ;
#1529 = CARTESIAN_POINT ( 'NONE',  ( 46.83045560731910200, 2.401672315662577900, -75.86185827574406900 ) ) ;
#1530 = CARTESIAN_POINT ( 'NONE',  ( 35.04169169612138300, -2.803283262677633400, -96.97368021049730700 ) ) ;
#1531 = CARTESIAN_POINT ( 'NONE',  ( 44.13091690587855700, -1.353200623068171000, 78.31363234640065200 ) ) ;
#1532 = VECTOR ( 'NONE', #1968, 1000.000000000000100 ) ;
#1533 = CARTESIAN_POINT ( 'NONE',  ( 46.92863828948360800, -0.5133160626245719700, 67.68251145703571600 ) ) ;
#1534 = CARTESIAN_POINT ( 'NONE',  ( 27.90169982673623700, -3.381256343089069200, -67.56004431758357500 ) ) ;
#1535 = CARTESIAN_POINT ( 'NONE',  ( 39.98214134772586400, -1.616904621234853500, 91.59999999999998000 ) ) ;
#1536 = CARTESIAN_POINT ( 'NONE',  ( 32.43691931347655100, 1.177180673536578400, 70.41220875969946700 ) ) ;
#1537 = CARTESIAN_POINT ( 'NONE',  ( 39.88193266506409900, -0.2896717723429190800, 91.60000000000002300 ) ) ;
#1538 = CARTESIAN_POINT ( 'NONE',  ( 39.99096015320070300, 1.092027101640156200, -68.86489109586612800 ) ) ;
#1539 = ADVANCED_FACE ( 'NONE', ( #2258 ), #1155, .T. ) ;
#1540 = CARTESIAN_POINT ( 'NONE',  ( 34.58255176361295500, -2.482231842833345400, -92.14071003057451000 ) ) ;
#1541 = ORIENTED_EDGE ( 'NONE', *, *, #4612, .F. ) ;
#1542 = FACE_OUTER_BOUND ( 'NONE', #2004, .T. ) ;
#1543 = CARTESIAN_POINT ( 'NONE',  ( 43.27597305570979100, -2.206130419742017500, 97.62043125803933200 ) ) ;
#1544 = CARTESIAN_POINT ( 'NONE',  ( 45.58711822105863100, 2.648215097801457600, -70.18057983664458300 ) ) ;
#1545 = ORIENTED_EDGE ( 'NONE', *, *, #724, .T. ) ;
#1546 = CARTESIAN_POINT ( 'NONE',  ( 41.34084822885375100, 1.003892119221319000, 65.00000000000002800 ) ) ;
#1547 = CARTESIAN_POINT ( 'NONE',  ( 45.21648779227943700, -3.431835659856597800, 0.0000000000000000000 ) ) ;
#1548 = CARTESIAN_POINT ( 'NONE',  ( 46.92832759095540500, 1.450999990674205000, -81.08157155341567100 ) ) ;
#1549 = VERTEX_POINT ( 'NONE', #3829 ) ;
#1550 = CARTESIAN_POINT ( 'NONE',  ( 37.89449837742865400, -1.283420647238255000, -93.14104977009940000 ) ) ;
#1551 = CARTESIAN_POINT ( 'NONE',  ( 47.61480413535886000, -3.308256347538579800, 91.59999999999998000 ) ) ;
#1552 = VERTEX_POINT ( 'NONE', #5125 ) ;
#1553 = CARTESIAN_POINT ( 'NONE',  ( 44.92632897879209300, -0.3443489725650449300, 65.00000000000000000 ) ) ;
#1554 = CARTESIAN_POINT ( 'NONE',  ( 47.00844409765692000, -0.7310944616935094500, 70.34212506173065500 ) ) ;
#1555 = CARTESIAN_POINT ( 'NONE',  ( 27.82287731904894200, -3.342739053428265700, -65.00000000000000000 ) ) ;
#1556 = CARTESIAN_POINT ( 'NONE',  ( 32.35961558078458500, 1.229422329665369900, 75.84769623111040500 ) ) ;
#1557 = CARTESIAN_POINT ( 'NONE',  ( 28.28581216081851900, -3.052541683012570700, -65.00000000000000000 ) ) ;
#1558 = CARTESIAN_POINT ( 'NONE',  ( 44.42449556153593400, -2.037804700582602500, 91.59999999999996600 ) ) ;
#1559 = CARTESIAN_POINT ( 'NONE',  ( 46.11969345983587900, -0.1150386252616902900, -80.96087535899336300 ) ) ;
#1560 = CARTESIAN_POINT ( 'NONE',  ( 34.57550443888782600, -2.436013439694203700, -91.59999999999996600 ) ) ;
#1561 = EDGE_LOOP ( 'NONE', ( #4123, #797, #1820, #1614 ) ) ;
#1562 = CARTESIAN_POINT ( 'NONE',  ( 46.10463088516856100, -2.745342493495884600, 92.03704132010233300 ) ) ;
#1563 = CARTESIAN_POINT ( 'NONE',  ( 44.09600293080153200, 1.501954506270182200, -80.57432127443152600 ) ) ;
#1564 = CARTESIAN_POINT ( 'NONE',  ( 39.56751209201007700, -0.7537871809833294200, 85.35727898878317900 ) ) ;
#1565 = CARTESIAN_POINT ( 'NONE',  ( 53.33794258506136300, -3.498520748388761700, 23.02588622144453700 ) ) ;
#1566 = SECURITY_CLASSIFICATION ( '', '', #1068 ) ;
#1567 = CARTESIAN_POINT ( 'NONE',  ( 47.81602478894328100, 2.297420356611036500, -64.99999999999998600 ) ) ;
#1568 = CARTESIAN_POINT ( 'NONE',  ( 33.91176690181293900, 0.2955221128262427400, 91.60000000000027900 ) ) ;
#1569 = CARTESIAN_POINT ( 'NONE',  ( 47.31249999999992200, 5.500000000000005300, -35.00000000000000000 ) ) ;
#1570 = CARTESIAN_POINT ( 'NONE',  ( 48.95257474482691900, -3.330604620708195200, 84.89898123214487700 ) ) ;
#1571 = CARTESIAN_POINT ( 'NONE',  ( 53.26915514171066900, -3.492244288815581100, 35.00000000000000000 ) ) ;
#1572 = CARTESIAN_POINT ( 'NONE',  ( 41.36475680845258300, -0.8210243847211671200, 91.60000000000000900 ) ) ;
#1573 = CARTESIAN_POINT ( 'NONE',  ( 31.03628710419737800, -3.418697374789730200, -84.91131407846513900 ) ) ;
#1574 = CARTESIAN_POINT ( 'NONE',  ( 32.27261178742612200, 1.454817587760580000, 70.43192107918541500 ) ) ;
#1575 = CARTESIAN_POINT ( 'NONE',  ( 40.00000000000000000, 3.500000000000000000, -5.500000000000000000 ) ) ;
#1576 = CARTESIAN_POINT ( 'NONE',  ( 42.71653725237862900, -2.030367111102608500, 97.92741852950052800 ) ) ;
#1577 = CARTESIAN_POINT ( 'NONE',  ( 45.58305369607941100, 1.466939564186818800, -64.99999999999998600 ) ) ;
#1578 = CARTESIAN_POINT ( 'NONE',  ( 32.38427924429829100, -3.343592551263692600, -91.93660459115156400 ) ) ;
#1579 = AXIS2_PLACEMENT_3D ( 'NONE', #4249, #3821, #2229 ) ;
#1580 = CARTESIAN_POINT ( 'NONE',  ( 33.52307830901141000, 2.107954231667514400, 75.71734380613284500 ) ) ;
#1581 = CARTESIAN_POINT ( 'NONE',  ( 45.14539051172025100, 1.018477009852119000, -86.21028991832233100 ) ) ;
#1582 = CARTESIAN_POINT ( 'NONE',  ( 40.55392391019223900, 0.8210079288703429100, 72.41915125447540900 ) ) ;
#1583 = CARTESIAN_POINT ( 'NONE',  ( 43.98358338239049900, 2.805021401942735100, 0.0000000000000000000 ) ) ;
#1584 = CARTESIAN_POINT ( 'NONE',  ( 47.78593381740566300, 2.495533697805040400, -64.99999999999995700 ) ) ;
#1585 = CARTESIAN_POINT ( 'NONE',  ( 33.63284972184702300, -3.340552441766227300, -96.77279941328799900 ) ) ;
#1586 = CARTESIAN_POINT ( 'NONE',  ( 50.29236653360234800, -3.387569744326610600, 78.20004431758356100 ) ) ;
#1587 = CARTESIAN_POINT ( 'NONE',  ( 45.50000000000000000, -3.500000000000000000, 101.5999999999999900 ) ) ;
#1588 = AXIS2_PLACEMENT_3D ( 'NONE', #1337, #4615, #521 ) ;
#1589 = CARTESIAN_POINT ( 'NONE',  ( 44.57225452325634100, -0.6428427282068833700, 78.33813125231266400 ) ) ;
#1590 = CARTESIAN_POINT ( 'NONE',  ( 29.73928633377006400, -3.435132581585471200, -78.21648902189134800 ) ) ;
#1591 = CARTESIAN_POINT ( 'NONE',  ( 27.65822148297995000, -3.011075928254519000, -52.50881159439824600 ) ) ;
#1592 = CARTESIAN_POINT ( 'NONE',  ( 45.01020745032616300, -3.316846972379340100, 2.288229516156634600 ) ) ;
#1593 = CARTESIAN_POINT ( 'NONE',  ( 46.52146447668462100, 0.3026130392090759500, -75.65131771553022600 ) ) ;
#1594 = CARTESIAN_POINT ( 'NONE',  ( 35.58338339224275900, -2.106566525355265900, -92.34736042099463300 ) ) ;
#1595 = CARTESIAN_POINT ( 'NONE',  ( 33.18229184742489200, 2.652342573476639000, 70.34669606204029400 ) ) ;
#1596 = CARTESIAN_POINT ( 'NONE',  ( 37.90544436973668500, 1.132547951797691100, -72.20932403200944800 ) ) ;
#1597 = CARTESIAN_POINT ( 'NONE',  ( 33.80263912371290000, -0.1223545731247156100, 80.96896420320449300 ) ) ;
#1598 = CARTESIAN_POINT ( 'NONE',  ( 33.25100025352637100, 0.3257734667235619400, 86.34463719431541100 ) ) ;
#1599 = CARTESIAN_POINT ( 'NONE',  ( 26.58228280570084600, -3.297056316320183800, -35.00000000000000000 ) ) ;
#1600 = APPROVAL_PERSON_ORGANIZATION ( #3405, #2228, #3052 ) ;
#1601 = CARTESIAN_POINT ( 'NONE',  ( 46.90435459886281700, 2.396899441540767400, -75.87102676846659200 ) ) ;
#1602 = CARTESIAN_POINT ( 'NONE',  ( 34.50000000000000000, -3.500000000000000000, -101.5999999999999900 ) ) ;
#1603 = CARTESIAN_POINT ( 'NONE',  ( 50.29248337229218200, -3.361049326536175400, 78.19824085790259000 ) ) ;
#1604 = CIRCLE ( 'NONE', #4799, 19.99999999999999600 ) ;
#1605 = CARTESIAN_POINT ( 'NONE',  ( 47.00063616585351400, 0.2279984180693859800, -81.04745010915615900 ) ) ;
#1606 = CARTESIAN_POINT ( 'NONE',  ( 34.50038417375434100, 1.540237350613266500, 0.06700533601019799400 ) ) ;
#1607 = CARTESIAN_POINT ( 'NONE',  ( 45.71496302442282900, -2.551680122061100500, 91.60000000000003700 ) ) ;
#1608 = CARTESIAN_POINT ( 'NONE',  ( 28.09514613845954800, -3.484410013876452400, -70.16405867307123900 ) ) ;
#1609 = ORIENTED_EDGE ( 'NONE', *, *, #5323, .F. ) ;
#1610 = CARTESIAN_POINT ( 'NONE',  ( 46.05322493513869400, -3.219023498586314000, 96.79169207297772500 ) ) ;
#1611 = CARTESIAN_POINT ( 'NONE',  ( 46.55697820316878200, 0.7884873225891708700, -70.32244705971562800 ) ) ;
#1612 = VERTEX_POINT ( 'NONE', #3488 ) ;
#1613 = CARTESIAN_POINT ( 'NONE',  ( 41.78955383118472600, -0.2535439637457045400, -95.37056205318251000 ) ) ;
#1614 = ORIENTED_EDGE ( 'NONE', *, *, #4280, .F. ) ;
#1615 = CARTESIAN_POINT ( 'NONE',  ( 34.13260528371366600, 0.4402472501814538900, 91.60000000000023600 ) ) ;
#1616 = CARTESIAN_POINT ( 'NONE',  ( 38.65069419686130900, 2.046140262461224200, -65.00000000000000000 ) ) ;
#1617 = CARTESIAN_POINT ( 'NONE',  ( 34.37718088537847900, -0.9985021857482939700, 91.59999999999993700 ) ) ;
#1618 = CARTESIAN_POINT ( 'NONE',  ( 32.20286841237311400, 2.075262011488318700, 65.00000000000002800 ) ) ;
#1619 = B_SPLINE_CURVE_WITH_KNOTS ( 'NONE', 5,
 ( #4028, #4913, #5275, #392, #3652, #1192 ),
 .UNSPECIFIED., .F., .F.,
 ( 6, 6 ),
 ( 0.0000000000000000000, 1.000000000000000000 ),
 .UNSPECIFIED. ) ;
#1620 = CARTESIAN_POINT ( 'NONE',  ( 36.54229689706512800, 3.253894066436547200, -35.00000000000000000 ) ) ;
#1621 = CARTESIAN_POINT ( 'NONE',  ( 46.56093452257291400, -3.477768990570127400, 96.76848412973112100 ) ) ;
#1622 = CARTESIAN_POINT ( 'NONE',  ( 32.40662341419273000, 2.871649872416140300, 64.99999999999997200 ) ) ;
#1623 = EDGE_LOOP ( 'NONE', ( #4622, #974, #3547, #836, #3099 ) ) ;
#1624 = CARTESIAN_POINT ( 'NONE',  ( 32.57550443984791100, -3.232430917835104300, -91.59999999999998000 ) ) ;
#1625 = CARTESIAN_POINT ( 'NONE',  ( 48.95896335060557200, -3.340989409574568500, 84.89932006806981200 ) ) ;
#1626 = CARTESIAN_POINT ( 'NONE',  ( 47.23320020903131000, 1.343124616011312800, -65.00000000000000000 ) ) ;
#1627 = CARTESIAN_POINT ( 'NONE',  ( 34.50001657667041100, 1.511335797240829200, 0.0000000000000000000 ) ) ;
#1628 = CARTESIAN_POINT ( 'NONE',  ( 45.64418026604526800, -1.141373657701496300, 78.25746359927246900 ) ) ;
#1629 = CARTESIAN_POINT ( 'NONE',  ( 31.04810172130636300, -3.441467693421170500, -84.92130417507345900 ) ) ;
#1630 = CARTESIAN_POINT ( 'NONE',  ( 26.68749999999992500, -3.375000000000000400, -35.00000000000000000 ) ) ;
#1631 = CARTESIAN_POINT ( 'NONE',  ( 46.56093452257291400, -3.477768990570127400, 96.76848412973112100 ) ) ;
#1632 = CARTESIAN_POINT ( 'NONE',  ( 44.41961318047908900, 1.229358977622461200, -69.97705262769400700 ) ) ;
#1633 = CARTESIAN_POINT ( 'NONE',  ( 32.37164156082060600, -3.496058060785116200, -91.60000000000002300 ) ) ;
#1634 = CARTESIAN_POINT ( 'NONE',  ( 33.99604742427518300, 0.3651114665314460500, 91.60000000000029300 ) ) ;
#1635 = CARTESIAN_POINT ( 'NONE',  ( 39.71945881854252700, -0.4391429924732824800, -91.60000000000000900 ) ) ;
#1636 = CARTESIAN_POINT ( 'NONE',  ( 33.43263460484352100, 0.3026143729517862800, 75.65789158512423300 ) ) ;
#1637 = CARTESIAN_POINT ( 'NONE',  ( 32.20243460530387100, 2.077698650129524300, 65.00000000000002800 ) ) ;
#1638 = CARTESIAN_POINT ( 'NONE',  ( 41.37830784606530400, 2.414775042353970700, 0.0000000000000000000 ) ) ;
#1639 = CARTESIAN_POINT ( 'NONE',  ( 44.92581168090960400, -2.842655742567634200, 91.60000000000000900 ) ) ;
#1640 = EDGE_CURVE ( 'NONE', #2545, #2897, #4301, .T. ) ;
#1641 = CARTESIAN_POINT ( 'NONE',  ( 33.46518538904420800, -3.502338782954979500, -96.76861869060842000 ) ) ;
#1642 = CARTESIAN_POINT ( 'NONE',  ( 47.66052598261399700, -3.348687647808161700, 91.60000000000000900 ) ) ;
#1643 = CARTESIAN_POINT ( 'NONE',  ( 45.84978282976107500, -0.9486452049625117000, -91.59999999999982400 ) ) ;
#1644 = DIRECTION ( 'NONE',  ( -1.000000000000000000, 0.0000000000000000000, 0.0000000000000000000 ) ) ;
#1645 = CARTESIAN_POINT ( 'NONE',  ( 53.26915514171067700, -3.492244288815582900, 35.00000000000000000 ) ) ;
#1646 = CARTESIAN_POINT ( 'NONE',  ( 32.32543359513263700, -3.397481256814082000, -91.60000000000002300 ) ) ;
#1647 = CARTESIAN_POINT ( 'NONE',  ( 45.49995436672520600, -3.248008700757238500, 0.02266442555011800900 ) ) ;
#1648 = ORIENTED_EDGE ( 'NONE', *, *, #4487, .F. ) ;
#1649 = CARTESIAN_POINT ( 'NONE',  ( 47.62186904514582900, -3.455537981140254500, 91.93696825946224700 ) ) ;
#1650 = CARTESIAN_POINT ( 'NONE',  ( 46.62459401710208300, 0.3061588068195224600, -75.66595592359784900 ) ) ;
#1651 = CARTESIAN_POINT ( 'NONE',  ( 35.80335498570595100, -2.660884966193036000, -91.60000000000003700 ) ) ;
#1652 = CARTESIAN_POINT ( 'NONE',  ( 33.58627240751158600, 1.597121882075710700, 81.02194647338524200 ) ) ;
#1653 = CARTESIAN_POINT ( 'NONE',  ( 38.87798339114944900, -0.7293458025016740200, -91.60000000000000900 ) ) ;
#1654 = CARTESIAN_POINT ( 'NONE',  ( 34.14593107413659100, -0.5581933740062078300, 86.28082747077067400 ) ) ;
#1655 = CARTESIAN_POINT ( 'NONE',  ( 32.88027632355620300, 1.208924672641711100, 81.08957159396671000 ) ) ;
#1656 = CARTESIAN_POINT ( 'NONE',  ( 35.90964397208491500, -1.917537558387645700, 0.0000000000000000000 ) ) ;
#1657 = CARTESIAN_POINT ( 'NONE',  ( 46.19501029377046600, -3.424981596098041000, 96.77619747656956400 ) ) ;
#1658 = CARTESIAN_POINT ( 'NONE',  ( 32.37813095485417100, -3.455537981140254500, -91.93696825946224700 ) ) ;
#1659 = CARTESIAN_POINT ( 'NONE',  ( 52.17636788237072000, -3.340941518501682000, 65.00000000000000000 ) ) ;
#1660 = CARTESIAN_POINT ( 'NONE',  ( 46.48238974670655900, -0.3413264124818705700, -86.32135055688813500 ) ) ;
#1661 = CARTESIAN_POINT ( 'NONE',  ( 36.32494226196912700, 2.396261171291823400, 54.88653246951085400 ) ) ;
#1662 = CARTESIAN_POINT ( 'NONE',  ( 34.42499999999999700, -1.000000000000004400, 91.59999999999999400 ) ) ;
#1663 = CARTESIAN_POINT ( 'NONE',  ( 28.10692604488082600, -3.469786775825646000, -70.30054656601929300 ) ) ;
#1664 = DIRECTION ( 'NONE',  ( -0.0000000000000000000, -0.0000000000000000000, 1.000000000000000000 ) ) ;
#1665 = CARTESIAN_POINT ( 'NONE',  ( 47.33206168060929300, -3.442499304570989100, 91.59999999999998000 ) ) ;
#1666 = CARTESIAN_POINT ( 'NONE',  ( 46.74648918809256100, 1.251861539461966100, -64.99999999999998600 ) ) ;
#1667 = CARTESIAN_POINT ( 'NONE',  ( 33.44324057923695600, -3.447311715026180900, -96.76724192927586900 ) ) ;
#1668 = CARTESIAN_POINT ( 'NONE',  ( 33.36245687401293500, 2.363444543733380900, 75.82881275239206800 ) ) ;
#1669 = ORIENTED_EDGE ( 'NONE', *, *, #4342, .T. ) ;
#1670 = VECTOR ( 'NONE', #3872, 1000.000000000000100 ) ;
#1671 = CARTESIAN_POINT ( 'NONE',  ( 34.42683232465548600, 0.5000253446774638500, 91.59999999999998000 ) ) ;
#1672 = CARTESIAN_POINT ( 'NONE',  ( 34.01104127929613000, 0.1745063670565523100, -64.99999999999998600 ) ) ;
#1673 = CARTESIAN_POINT ( 'NONE',  ( 33.33645043282917400, 1.261135580644581900, 64.99999999999998600 ) ) ;
#1674 = CARTESIAN_POINT ( 'NONE',  ( 32.29064774868764000, 2.148783166107241600, 70.44958147240132000 ) ) ;
#1675 = CARTESIAN_POINT ( 'NONE',  ( 27.78858989055979500, -2.416042901537755100, -35.00000000000003600 ) ) ;
#1676 = CARTESIAN_POINT ( 'NONE',  ( 46.48684958786633800, -3.516968981466880100, 96.76894068899616700 ) ) ;
#1677 = ORIENTED_EDGE ( 'NONE', *, *, #806, .T. ) ;
#1678 = VECTOR ( 'NONE', #2196, 1000.000000000000000 ) ;
#1679 = ORIENTED_EDGE ( 'NONE', *, *, #483, .T. ) ;
#1680 = CARTESIAN_POINT ( 'NONE',  ( 34.50000000000000000, -3.500000000000000000, -101.5999999999999900 ) ) ;
#1681 = CARTESIAN_POINT ( 'NONE',  ( 47.63932431185366300, -3.323463463182948700, 91.59999999999999400 ) ) ;
#1682 = ORIENTED_EDGE ( 'NONE', *, *, #2156, .F. ) ;
#1683 = CARTESIAN_POINT ( 'NONE',  ( 46.53733375183826800, -0.2841988154450740300, -86.32523847869275400 ) ) ;
#1684 = CARTESIAN_POINT ( 'NONE',  ( 34.15547922588017800, 2.277506761396692200, 54.98604742037063200 ) ) ;
#1685 = CARTESIAN_POINT ( 'NONE',  ( 40.00000000002011500, -0.8858127422981090200, -5.500000000000000000 ) ) ;
#1686 = CARTESIAN_POINT ( 'NONE',  ( 31.11825423897571600, -3.499006284879282400, -84.95057971921957600 ) ) ;
#1687 = CARTESIAN_POINT ( 'NONE',  ( 40.78047918201838200, 1.404412074655093000, 5.445047098099029100 ) ) ;
#1688 = CARTESIAN_POINT ( 'NONE',  ( 45.50000000000000000, -3.500000000000000000, 101.5999999999999900 ) ) ;
#1689 = CARTESIAN_POINT ( 'NONE',  ( 46.75891862748125000, 0.3171759964551070800, -75.68390413031986000 ) ) ;
#1690 = CARTESIAN_POINT ( 'NONE',  ( 34.78853733134263800, -3.189792391704306100, -96.86851599800185400 ) ) ;
#1691 = CARTESIAN_POINT ( 'NONE',  ( 33.28981762203030600, 0.5042968166443385600, 86.34454089731272600 ) ) ;
#1692 = CARTESIAN_POINT ( 'NONE',  ( 33.31539229430946100, 2.652298542386485500, 70.31884489512195600 ) ) ;
#1693 = CARTESIAN_POINT ( 'NONE',  ( 40.78810918449021000, -0.1319369204841387100, -91.59999999999998000 ) ) ;
#1694 = CARTESIAN_POINT ( 'NONE',  ( 35.30134801386701300, 0.4497704144956168300, -53.93139796452462800 ) ) ;
#1695 = CARTESIAN_POINT ( 'NONE',  ( 32.91044155679839600, 2.331823395037076800, 75.88745905699413200 ) ) ;
#1696 = CARTESIAN_POINT ( 'NONE',  ( 26.61353783633631300, -3.477555676979774200, -35.00000000000000000 ) ) ;
#1697 = CARTESIAN_POINT ( 'NONE',  ( 47.47789501388852800, -3.478853459834970500, 91.59999999999998000 ) ) ;
#1698 = CARTESIAN_POINT ( 'NONE',  ( 46.40747699134750800, -0.2454133121814425800, -91.59999999999998000 ) ) ;
#1699 = CARTESIAN_POINT ( 'NONE',  ( 51.99166852849862200, -3.489724016988297300, 70.12014765095723600 ) ) ;
#1700 = CARTESIAN_POINT ( 'NONE',  ( 47.59536768777844200, 1.221003493014359600, -70.41581147553557700 ) ) ;
#1701 = CARTESIAN_POINT ( 'NONE',  ( 32.26051818139128400, 3.033438695126689400, 34.99999999999995000 ) ) ;
#1702 = CARTESIAN_POINT ( 'NONE',  ( 29.88534202420492400, -3.496319897800611800, -78.31748053202910900 ) ) ;
#1703 = CARTESIAN_POINT ( 'NONE',  ( 27.94886446061656200, -3.497781343738082700, -65.00000000000000000 ) ) ;
#1704 = CARTESIAN_POINT ( 'NONE',  ( 45.49955541638402700, -3.235529499513149600, 0.07161638443159749900 ) ) ;
#1705 = CARTESIAN_POINT ( 'NONE',  ( 47.63527550753628500, -3.316365334926254500, 91.59999999999998000 ) ) ;
#1706 = CARTESIAN_POINT ( 'NONE',  ( 34.27858384338384900, -3.310948840702010500, -96.80783556360094600 ) ) ;
#1707 = CARTESIAN_POINT ( 'NONE',  ( 33.80677344216068300, 1.550681834139615600, 80.96203413774398400 ) ) ;
#1708 = CARTESIAN_POINT ( 'NONE',  ( 37.60551523184096100, -0.4970092324879854500, -85.00843520399928400 ) ) ;
#1709 = CARTESIAN_POINT ( 'NONE',  ( 47.45698775710955200, 5.500000000000005300, -45.03262229995771500 ) ) ;
#1710 = CARTESIAN_POINT ( 'NONE',  ( 34.32897383997251900, -0.9939399868418477000, 91.59999999999990900 ) ) ;
#1711 = CARTESIAN_POINT ( 'NONE',  ( 32.68750000000007800, 5.500000000000005300, 23.25785260307938500 ) ) ;
#1712 = CARTESIAN_POINT ( 'NONE',  ( 36.40107973445372400, -1.579894265190986400, 95.90880774196703800 ) ) ;
#1713 = CARTESIAN_POINT ( 'NONE',  ( 45.00022265293027600, -1.511864834312181700, -97.00901297692681200 ) ) ;
#1714 = CARTESIAN_POINT ( 'NONE',  ( 50.27702596331882700, -3.421378523771802200, 78.20723080569810300 ) ) ;
#1715 = CARTESIAN_POINT ( 'NONE',  ( 47.04706435903818100, 0.2915741350477837300, -81.05318348199435300 ) ) ;
#1716 = CARTESIAN_POINT ( 'NONE',  ( 44.14080363421359000, 1.470674568676444400, 43.46375088686501400 ) ) ;
#1717 = CARTESIAN_POINT ( 'NONE',  ( 44.79679627443345400, 0.4401737676583982200, -2.692490140146141600 ) ) ;
#1718 = CARTESIAN_POINT ( 'NONE',  ( 32.38228656938265700, -3.490099978400008400, -91.59999999999999400 ) ) ;
#1719 = DIRECTION ( 'NONE',  ( 0.0000000000000000000, -1.000000000000000000, -0.0000000000000000000 ) ) ;
#1720 = CARTESIAN_POINT ( 'NONE',  ( 39.99724640550896700, -2.458931589830675600, 99.43733406778260100 ) ) ;
#1721 = CARTESIAN_POINT ( 'NONE',  ( 50.01289762004582000, -2.083610747318200800, 64.99999999999998600 ) ) ;
#1722 = CARTESIAN_POINT ( 'NONE',  ( 34.50000000000000000, -3.500000000000000000, -101.5999999999999900 ) ) ;
#1723 = CARTESIAN_POINT ( 'NONE',  ( 34.28956038127419200, 0.4882498431360366400, 91.60000000000009400 ) ) ;
#1724 = CARTESIAN_POINT ( 'NONE',  ( 37.03149433414553500, -0.7319335564640252500, -84.96906562615633600 ) ) ;
#1725 = CARTESIAN_POINT ( 'NONE',  ( 48.51149085154169400, 3.778267773706527800, -35.00000000000003600 ) ) ;
#1726 = CARTESIAN_POINT ( 'NONE',  ( 33.41447685766556900, -0.06728734190480922800, 81.00466363231682000 ) ) ;
#1727 = DIRECTION ( 'NONE',  ( 0.8689539937079592300, -0.4948928740838647900, -0.0000000000000000000 ) ) ;
#1728 = CARTESIAN_POINT ( 'NONE',  ( 33.71726417907041900, 0.4417012794083412500, -35.00000000000000000 ) ) ;
#1729 = CARTESIAN_POINT ( 'NONE',  ( 41.13414501450873900, -1.897447705419733800, 91.59999999999999400 ) ) ;
#1730 = CYLINDRICAL_SURFACE ( 'NONE', #1761, 2.500000000000000000 ) ;
#1731 = CARTESIAN_POINT ( 'NONE',  ( 36.75076539600296100, -2.497995535183740000, -92.46980101515865200 ) ) ;
#1732 = CARTESIAN_POINT ( 'NONE',  ( 52.13668167213277400, -3.480340951438110100, 65.00000000000000000 ) ) ;
#1733 = CARTESIAN_POINT ( 'NONE',  ( 34.50004563327465900, -3.248008700704947000, -0.02266442551783090200 ) ) ;
#1734 = CARTESIAN_POINT ( 'NONE',  ( 47.63677708975594500, 1.210199352822791700, -75.84584804485034200 ) ) ;
#1735 = CARTESIAN_POINT ( 'NONE',  ( 31.79172648378802900, 3.323024600393546200, 45.04881468346339100 ) ) ;
#1736 = DIRECTION ( 'NONE',  ( -0.9703053751617990400, 0.2418831927441851500, 0.0000000000000000000 ) ) ;
#1737 = CARTESIAN_POINT ( 'NONE',  ( 31.08563050826880700, -3.484248782748050400, -84.94224995604624000 ) ) ;
#1738 = EDGE_LOOP ( 'NONE', ( #3823, #2076, #444, #1751, #142, #3600, #1648 ) ) ;
#1739 = LINE ( 'NONE', #621, #5148 ) ;
#1740 = CARTESIAN_POINT ( 'NONE',  ( 45.50000000000000000, -3.500000000000000000, 101.5999999999999900 ) ) ;
#1741 = CARTESIAN_POINT ( 'NONE',  ( 45.76376200070962600, 0.5021256386628032400, -91.59999999999999400 ) ) ;
#1742 = AXIS2_PLACEMENT_3D ( 'NONE', #4287, #2201, #3882 ) ;
#1743 = ORIENTED_EDGE ( 'NONE', *, *, #690, .F. ) ;
#1744 = CARTESIAN_POINT ( 'NONE',  ( 33.27991903555274400, 2.650198303783706200, 70.32635275645427000 ) ) ;
#1745 = CARTESIAN_POINT ( 'NONE',  ( 35.12255612266624600, -0.7856455752632678400, -78.31095620701019300 ) ) ;
#1746 = CARTESIAN_POINT ( 'NONE',  ( 47.39202930869618100, 1.401177603670517500, -65.00000000000001400 ) ) ;
#1747 = CARTESIAN_POINT ( 'NONE',  ( 33.19716433794000900, 0.3249121850196134400, 75.68970611918258800 ) ) ;
#1748 = CARTESIAN_POINT ( 'NONE',  ( 34.53384235952837900, 1.095957696284068000, 5.385918619472200000 ) ) ;
#1749 = EDGE_CURVE ( 'NONE', #3477, #4886, #1477, .T. ) ;
#1750 = CARTESIAN_POINT ( 'NONE',  ( 52.04282393643056500, -3.495300514531105100, 65.00000000000000000 ) ) ;
#1751 = ORIENTED_EDGE ( 'NONE', *, *, #2571, .T. ) ;
#1752 = CARTESIAN_POINT ( 'NONE',  ( 45.50000000000000000, -3.500000000000000000, 101.5999999999999900 ) ) ;
#1753 = CARTESIAN_POINT ( 'NONE',  ( 37.91167443877088100, -2.246074405031257100, -92.79051739311965700 ) ) ;
#1754 = CARTESIAN_POINT ( 'NONE',  ( 50.21102555284503700, -3.478397587096092400, 78.28449991209248500 ) ) ;
#1755 = CARTESIAN_POINT ( 'NONE',  ( 34.50237774845167800, -3.217702581599198200, -0.1646605682868568200 ) ) ;
#1756 = CARTESIAN_POINT ( 'NONE',  ( 47.58490071764353500, 1.206244700770510200, -70.41463001415957000 ) ) ;
#1757 = VERTEX_POINT ( 'NONE', #2624 ) ;
#1758 = CARTESIAN_POINT ( 'NONE',  ( 53.26915514171067700, -3.492244288815582900, 35.00000000000000000 ) ) ;
#1759 = CARTESIAN_POINT ( 'NONE',  ( 46.10932720598408700, 0.2749533995893548300, -91.60000000000026400 ) ) ;
#1760 = CARTESIAN_POINT ( 'NONE',  ( 40.16234205782443900, -1.834828462090690900, 99.99050645971205100 ) ) ;
#1761 = AXIS2_PLACEMENT_3D ( 'NONE', #4515, #1307, #831 ) ;
#1762 = CARTESIAN_POINT ( 'NONE',  ( 43.32078515827838300, -2.780127480640186100, 97.37007836625018300 ) ) ;
#1763 = CARTESIAN_POINT ( 'NONE',  ( 37.06047151145177300, 3.018642228183906700, 4.671985586325105200 ) ) ;
#1764 = CARTESIAN_POINT ( 'NONE',  ( 35.31626770311739000, 2.052807794062179600, 75.13390020506669500 ) ) ;
#1765 = CARTESIAN_POINT ( 'NONE',  ( 31.93394503782521500, -1.265789677325184000, -70.18835186290465300 ) ) ;
#1766 = CARTESIAN_POINT ( 'NONE',  ( 48.46753116173997700, 4.810201473950261400, -35.00000000000002800 ) ) ;
#1767 = CARTESIAN_POINT ( 'NONE',  ( 34.20475841804022100, -0.9673361474823379800, 91.59999999999986600 ) ) ;
#1768 = DIRECTION ( 'NONE',  ( -1.000000000000000000, 0.0000000000000000000, 0.0000000000000000000 ) ) ;
#1769 = CARTESIAN_POINT ( 'NONE',  ( 40.95053986722685800, -2.539947132595493000, 98.75440387098350900 ) ) ;
#1770 = CARTESIAN_POINT ( 'NONE',  ( 38.03941148268423000, 2.604610318927721700, 0.0000000000000000000 ) ) ;
#1771 = CARTESIAN_POINT ( 'NONE',  ( 51.90770782854873000, -3.449422053367337900, 70.25558499713639500 ) ) ;
#1772 = CARTESIAN_POINT ( 'NONE',  ( 45.59631996262992000, 3.250000000000002700, -65.00000000000001400 ) ) ;
#1773 = CARTESIAN_POINT ( 'NONE',  ( 46.29103470103432000, -0.4745089486237626400, -91.59999999999982400 ) ) ;
#1774 = CARTESIAN_POINT ( 'NONE',  ( 52.86267587340760300, -3.263362047041263200, 23.04592040610254200 ) ) ;
#1775 = CARTESIAN_POINT ( 'NONE',  ( 30.30953547885195600, -2.453752593685040800, -64.99999999999994300 ) ) ;
#1776 = CARTESIAN_POINT ( 'NONE',  ( 47.62297770866273800, 2.832618299263363100, -64.99999999999994300 ) ) ;
#1777 = CARTESIAN_POINT ( 'NONE',  ( 33.72476255260082200, 0.9657101012564463000, 86.31826175639295700 ) ) ;
#1778 = CARTESIAN_POINT ( 'NONE',  ( 45.57500000000000300, -26.32549538158371000, -91.59999999999999400 ) ) ;
#1779 = CARTESIAN_POINT ( 'NONE',  ( 34.64597056219852100, -1.000000000000003600, 91.59999999999998000 ) ) ;
#1780 = CARTESIAN_POINT ( 'NONE',  ( 36.15140016134669300, 3.006491934517395000, 3.936157108324635600 ) ) ;
#1781 = CARTESIAN_POINT ( 'NONE',  ( 38.77524508826113000, 1.788146781834018700, 73.78264846993040700 ) ) ;
#1782 = CARTESIAN_POINT ( 'NONE',  ( 35.26351590752525300, -0.7191017572940284800, -78.32251145703573100 ) ) ;
#1783 = DIRECTION ( 'NONE',  ( 0.0000000000000000000, 1.000000000000000000, 0.0000000000000000000 ) ) ;
#1784 = CARTESIAN_POINT ( 'NONE',  ( 34.15021717023892500, -0.9486452049625117000, 91.59999999999982400 ) ) ;
#1785 = DIRECTION ( 'NONE',  ( -0.0000000000000000000, -0.0000000000000000000, -1.000000000000000000 ) ) ;
#1786 = CARTESIAN_POINT ( 'NONE',  ( 33.59252300865249200, -0.2454133121814425800, 91.59999999999998000 ) ) ;
#1787 = B_SPLINE_CURVE_WITH_KNOTS ( 'NONE', 5,
 ( #2189, #463, #2536, #3382, #4611, #101 ),
 .UNSPECIFIED., .F., .F.,
 ( 6, 6 ),
 ( 0.0000000000000000000, 1.000000000000000000 ),
 .UNSPECIFIED. ) ;
#1788 = CARTESIAN_POINT ( 'NONE',  ( 52.04091100025431200, -3.441830638634747700, 67.60260835014685200 ) ) ;
#1789 = CARTESIAN_POINT ( 'NONE',  ( 46.90110391415849700, 2.654311310581519900, -70.36319266760054300 ) ) ;
#1790 = CARTESIAN_POINT ( 'NONE',  ( 38.53707389783134100, 0.6809640227392681500, -5.313244709766322200 ) ) ;
#1791 = CARTESIAN_POINT ( 'NONE',  ( 47.14413445473288500, 1.161351121987985300, -81.08982916283969200 ) ) ;
#1792 = CARTESIAN_POINT ( 'NONE',  ( 32.37257629164228900, 2.884069422438128200, 65.00000000000001400 ) ) ;
#1793 = CARTESIAN_POINT ( 'NONE',  ( 31.08205063082493400, -2.111708114796207300, -64.99999999999994300 ) ) ;
#1794 = CARTESIAN_POINT ( 'NONE',  ( 46.30955608729314600, 0.9514826321274622000, -86.32099703813032900 ) ) ;
#1795 = CARTESIAN_POINT ( 'NONE',  ( 40.00000000000000000, 3.500000000000000000, 0.0000000000000000000 ) ) ;
#1796 = CARTESIAN_POINT ( 'NONE',  ( 42.29608124744864700, -2.610560940458703300, 97.85815940307638500 ) ) ;
#1797 = CARTESIAN_POINT ( 'NONE',  ( 34.50000000000000000, -3.500000000000000000, -101.5999999999999900 ) ) ;
#1798 = CALENDAR_DATE ( 2016, 31, 7 ) ;
#1799 = CARTESIAN_POINT ( 'NONE',  ( 37.23430051686555900, 2.971862260744864600, 65.00000000000000000 ) ) ;
#1800 = CARTESIAN_POINT ( 'NONE',  ( 34.80002220180168100, -0.9364358007925448500, -78.28633856719344000 ) ) ;
#1801 = CARTESIAN_POINT ( 'NONE',  ( 45.49766072611763000, 1.593373963148326100, -0.1635890459662100200 ) ) ;
#1802 = CARTESIAN_POINT ( 'NONE',  ( 33.18750000000007800, 2.250000000000000000, 65.00000000000000000 ) ) ;
#1803 = CARTESIAN_POINT ( 'NONE',  ( 36.01437264778311900, 0.07204645612146455500, -65.00000000000000000 ) ) ;
#1804 = VECTOR ( 'NONE', #5227, 1000.000000000000100 ) ;
#1805 = CARTESIAN_POINT ( 'NONE',  ( 50.21926126814619800, -3.470320326632038400, 78.27620627501872300 ) ) ;
#1806 = CARTESIAN_POINT ( 'NONE',  ( 46.28063979472221900, 1.568047104868194500, -80.99074997370839000 ) ) ;
#1807 = CARTESIAN_POINT ( 'NONE',  ( 32.93750000000007100, 4.375000000000001800, 55.01473523173899600 ) ) ;
#1808 = CYLINDRICAL_SURFACE ( 'NONE', #2406, 2.500000000000000000 ) ;
#1809 = CARTESIAN_POINT ( 'NONE',  ( 46.21531682884978700, -0.6455560552760246700, -91.59999999999971000 ) ) ;
#1810 = CARTESIAN_POINT ( 'NONE',  ( 32.68750000000007800, 5.500000000000005300, 35.00000000000000000 ) ) ;
#1811 = CARTESIAN_POINT ( 'NONE',  ( 39.44918831878369800, -1.752031084320056800, -91.59999999999998000 ) ) ;
#1812 = EDGE_CURVE ( 'NONE', #316, #1887, #3032, .T. ) ;
#1813 = ORIENTED_EDGE ( 'NONE', *, *, #4439, .F. ) ;
#1814 = CARTESIAN_POINT ( 'NONE',  ( 46.49115917888327900, 2.243238944795370200, -75.78234551818705700 ) ) ;
#1815 = CARTESIAN_POINT ( 'NONE',  ( 35.79820515099000700, -2.927145452471277200, 0.0000000000000000000 ) ) ;
#1816 = VERTEX_POINT ( 'NONE', #2203 ) ;
#1817 = CARTESIAN_POINT ( 'NONE',  ( 36.05585968096269800, 0.9563297866297830700, 86.05185464210214300 ) ) ;
#1818 = CARTESIAN_POINT ( 'NONE',  ( 31.04742525517308500, -3.330604620708195200, -84.89898123214487700 ) ) ;
#1819 = CARTESIAN_POINT ( 'NONE',  ( 45.49991570530552600, 1.523060095548836500, -0.03451356081233052100 ) ) ;
#1820 = ORIENTED_EDGE ( 'NONE', *, *, #2299, .T. ) ;
#1821 = CARTESIAN_POINT ( 'NONE',  ( 36.02000482545182100, -0.07622028756386360600, -67.67259398398344700 ) ) ;
#1822 = CARTESIAN_POINT ( 'NONE',  ( 32.85087279472463700, 2.630397576339726500, 70.40340130753477900 ) ) ;
#1823 = CARTESIAN_POINT ( 'NONE',  ( 51.97650021249547300, -3.498352212771990800, 67.66115943843915700 ) ) ;
#1824 = CARTESIAN_POINT ( 'NONE',  ( 46.14590033216897100, 1.003344475910855000, -86.30681790068531700 ) ) ;
#1825 = CARTESIAN_POINT ( 'NONE',  ( 32.46258948969561000, -0.6737536785109018400, -65.00000000000000000 ) ) ;
#1826 = CARTESIAN_POINT ( 'NONE',  ( 47.67486330162098800, 1.341122117860140200, -70.42496488473321400 ) ) ;
#1827 = CARTESIAN_POINT ( 'NONE',  ( 32.24523901262982400, 5.447362335066739700, 45.03892597291714100 ) ) ;
#1828 = ORIENTED_EDGE ( 'NONE', *, *, #2915, .F. ) ;
#1829 = CARTESIAN_POINT ( 'NONE',  ( 46.50274912660803700, 2.260796333787532300, -75.78857016844418100 ) ) ;
#1830 = CARTESIAN_POINT ( 'NONE',  ( 48.19963710954979800, 3.326263060902202800, -23.25820054325658100 ) ) ;
#1831 = CARTESIAN_POINT ( 'NONE',  ( 40.00000000002011500, -0.8858127422981090200, -5.500000000000000000 ) ) ;
#1832 = CARTESIAN_POINT ( 'NONE',  ( 35.41326115848836100, 2.878507268367561000, 3.035099141670409000 ) ) ;
#1833 = CARTESIAN_POINT ( 'NONE',  ( 38.00909180611829200, 1.296695664566734200, 80.03108366916892200 ) ) ;
#1834 = CARTESIAN_POINT ( 'NONE',  ( 30.45941001484855400, -2.973780345413226600, -78.15214096324062600 ) ) ;
#1835 = CARTESIAN_POINT ( 'NONE',  ( 40.00000000000000000, -3.926777784743245500, 0.0000000000000000000 ) ) ;
#1836 = CARTESIAN_POINT ( 'NONE',  ( 32.68750000000007100, 5.500000000000001800, 35.00000000000000000 ) ) ;
#1837 = CARTESIAN_POINT ( 'NONE',  ( 36.06453574050765800, 0.09402822856297864100, -65.00000000000000000 ) ) ;
#1838 = CARTESIAN_POINT ( 'NONE',  ( 32.27006655011146600, 2.647106955164929800, 64.99999999999994300 ) ) ;
#1839 = CARTESIAN_POINT ( 'NONE',  ( 39.71603575801938700, -1.001630237515116900, -5.500000000001040100 ) ) ;
#1840 = DIRECTION ( 'NONE',  ( 0.0000000000000000000, 0.0000000000000000000, -1.000000000000000000 ) ) ;
#1841 = CARTESIAN_POINT ( 'NONE',  ( 46.50796623254414900, 2.063014694047892800, -75.67906369058027800 ) ) ;
#1842 = CARTESIAN_POINT ( 'NONE',  ( 33.33437644803193900, 0.6801757168677998700, -54.09047272086995400 ) ) ;
#1843 = CARTESIAN_POINT ( 'NONE',  ( 47.73031470612047400, 2.098862979336994600, -70.44982916283973400 ) ) ;
#1844 = CARTESIAN_POINT ( 'NONE',  ( 50.32062157405204100, -1.831970258777327700, 35.00000000000000000 ) ) ;
#1845 = CARTESIAN_POINT ( 'NONE',  ( 46.47756067931126700, 2.200571816618072800, -75.76491813733530000 ) ) ;
#1846 = CC_DESIGN_PERSON_AND_ORGANIZATION_ASSIGNMENT ( #4941, #225, ( #1566 ) ) ;
#1847 = CARTESIAN_POINT ( 'NONE',  ( 47.77660612129450600, 3.050896305807777200, -23.26039490698691700 ) ) ;
#1848 = CARTESIAN_POINT ( 'NONE',  ( 27.27221509684003900, -3.187407010529113500, -34.99999999999999300 ) ) ;
#1849 = CARTESIAN_POINT ( 'NONE',  ( 45.49038875074493400, 1.318359123160451700, -0.3355597073665749800 ) ) ;
#1850 = CARTESIAN_POINT ( 'NONE',  ( 38.51610799808467800, 0.03404023510690354400, 91.59999999999996600 ) ) ;
#1851 = CARTESIAN_POINT ( 'NONE',  ( 27.93049598973372100, -3.400444960255726700, -70.11601321798120500 ) ) ;
#1852 = CARTESIAN_POINT ( 'NONE',  ( 39.99999999997989200, -0.8858127422981143500, 5.500000000000002700 ) ) ;
#1853 = CARTESIAN_POINT ( 'NONE',  ( 40.00000000000000000, 3.500000000000000000, 0.0000000000000000000 ) ) ;
#1854 = CARTESIAN_POINT ( 'NONE',  ( 36.37245177052135100, -0.07649391439254367400, -70.53869513230077400 ) ) ;
#1855 = CARTESIAN_POINT ( 'NONE',  ( 33.66944341704270700, 0.9420330759860114900, 86.32263012437862000 ) ) ;
#1856 = CARTESIAN_POINT ( 'NONE',  ( 37.80024554137607100, -1.863538655634612100, -5.071858964323355100 ) ) ;
#1857 = CARTESIAN_POINT ( 'NONE',  ( 52.05969905669766000, -3.499416878780418300, 65.00000000000000000 ) ) ;
#1858 = CARTESIAN_POINT ( 'NONE',  ( 46.93448771699376500, 2.654045482346203000, -70.36945793217202500 ) ) ;
#1859 = CARTESIAN_POINT ( 'NONE',  ( 44.09035602791508500, -1.917537558387645700, 0.0000000000000000000 ) ) ;
#1860 = AXIS2_PLACEMENT_3D ( 'NONE', #115, #1001, #551 ) ;
#1861 = CARTESIAN_POINT ( 'NONE',  ( 47.79419478945290200, 2.059445417220787900, -65.00000000000002800 ) ) ;
#1862 = CARTESIAN_POINT ( 'NONE',  ( 35.11220698529034900, 0.3980046945130481000, 0.0000000000000000000 ) ) ;
#1863 = CARTESIAN_POINT ( 'NONE',  ( 46.41372759248841400, 1.597121882075710700, -81.02194647338524200 ) ) ;
#1864 = CARTESIAN_POINT ( 'NONE',  ( 43.80876407148630800, 0.1250870961561772700, -6.462173173609989400 ) ) ;
#1865 = ORGANIZATION ( 'UNSPECIFIED', 'UNSPECIFIED', '' ) ;
#1866 = CARTESIAN_POINT ( 'NONE',  ( 28.58539902405866000, -3.217143905437039700, -64.99999999999998600 ) ) ;
#1867 = CARTESIAN_POINT ( 'NONE',  ( 50.34781850454925200, -2.821033886147007200, 67.67645663504215700 ) ) ;
#1868 = ORIENTED_EDGE ( 'NONE', *, *, #2299, .F. ) ;
#1869 = LINE ( 'NONE', #4291, #5021 ) ;
#1870 = CARTESIAN_POINT ( 'NONE',  ( 40.62328568541359200, 0.7688936664696245400, 79.24424020051199600 ) ) ;
#1871 = CARTESIAN_POINT ( 'NONE',  ( 33.90504808021124500, -2.067885513823218600, -84.89350769906204200 ) ) ;
#1872 = CARTESIAN_POINT ( 'NONE',  ( 43.97999517454817900, -0.07622028756386360600, 67.67259398398344700 ) ) ;
#1873 = CC_DESIGN_APPROVAL ( #4039, ( #1566 ) ) ;
#1874 = CARTESIAN_POINT ( 'NONE',  ( 46.66562355196806800, 0.6801757168677998700, 54.09047272086995400 ) ) ;
#1875 = CARTESIAN_POINT ( 'NONE',  ( 38.44657560622576400, -1.270096972333065500, -84.95855277528863800 ) ) ;
#1876 = CARTESIAN_POINT ( 'NONE',  ( 33.81789582306929300, 0.1903542751827066400, 91.60000000000023600 ) ) ;
#1877 = CARTESIAN_POINT ( 'NONE',  ( 34.50016541956133400, 1.475455863459073300, 0.04395662302201684000 ) ) ;
#1878 = CARTESIAN_POINT ( 'NONE',  ( 33.25872544862092200, 0.1163128901909287100, 86.34165174815589700 ) ) ;
#1879 = CARTESIAN_POINT ( 'NONE',  ( 52.05113553938343800, -3.497781343738082700, 65.00000000000000000 ) ) ;
#1880 = CARTESIAN_POINT ( 'NONE',  ( 46.19322655783931700, 1.550681834139615600, -80.96203413774398400 ) ) ;
#1881 = ORIENTED_EDGE ( 'NONE', *, *, #806, .F. ) ;
#1882 = CARTESIAN_POINT ( 'NONE',  ( 41.41143573778902000, 0.4430318702753954200, 15.62139053613845300 ) ) ;
#1883 = CARTESIAN_POINT ( 'NONE',  ( 47.11511526828043400, 1.217241557879603400, -81.08949643050291900 ) ) ;
#1884 = CARTESIAN_POINT ( 'NONE',  ( 39.57199524315677800, -0.8652004700196656000, 0.0000000000000000000 ) ) ;
#1885 = CARTESIAN_POINT ( 'NONE',  ( 46.44676247854613400, 1.600895591864526200, -81.02807641077718900 ) ) ;
#1886 = CARTESIAN_POINT ( 'NONE',  ( 39.96165132007359200, 2.685545651007120100, -35.00000000000002100 ) ) ;
#1887 = VERTEX_POINT ( 'NONE', #1416 ) ;
#1888 = CARTESIAN_POINT ( 'NONE',  ( 41.98017209787091300, 0.3747652898241332600, 78.85116085546610500 ) ) ;
#1889 = CARTESIAN_POINT ( 'NONE',  ( 30.15279667453529600, -2.197763591662127900, -70.02989909491600400 ) ) ;
#1890 = ORIENTED_EDGE ( 'NONE', *, *, #4221, .F. ) ;
#1891 = CARTESIAN_POINT ( 'NONE',  ( 43.91513532275757100, -0.1862724915137599400, 70.35480379427288300 ) ) ;
#1892 = CARTESIAN_POINT ( 'NONE',  ( 32.96855772154491900, 0.2691641161552798500, 81.05122411097833900 ) ) ;
#1893 = CARTESIAN_POINT ( 'NONE',  ( 48.81331334032803700, 0.06572055313576348500, 42.25315435262296400 ) ) ;
#1894 = CARTESIAN_POINT ( 'NONE',  ( 37.66151051879563000, 0.5363426728578472000, -68.17364871362056500 ) ) ;
#1895 = CARTESIAN_POINT ( 'NONE',  ( 33.45944930204221600, 2.301833406219072400, 75.80342282092208000 ) ) ;
#1896 = CARTESIAN_POINT ( 'NONE',  ( 45.78711651782291600, -19.49883130433810800, -91.59999999999999400 ) ) ;
#1897 = CARTESIAN_POINT ( 'NONE',  ( 32.22205463100166900, 1.908992604750640300, 70.44815545950476100 ) ) ;
#1898 = CARTESIAN_POINT ( 'NONE',  ( 47.56493106637101700, -3.499857986868197400, 91.59999999999999400 ) ) ;
#1899 = CARTESIAN_POINT ( 'NONE',  ( 45.18466732280035100, 0.4934606381431493900, -91.60000000000002300 ) ) ;
#1900 = CARTESIAN_POINT ( 'NONE',  ( 46.96324116586036000, 1.373699929695051200, 35.00000000000000700 ) ) ;
#1901 = CARTESIAN_POINT ( 'NONE',  ( 47.11320368122954200, 2.319648816655895300, -75.88913746409774300 ) ) ;
#1902 = CARTESIAN_POINT ( 'NONE',  ( 37.36024877862973200, -2.150212758095498600, 0.0000000000000000000 ) ) ;
#1903 = CARTESIAN_POINT ( 'NONE',  ( 47.31249999999992200, 5.500000000000005300, -35.00000000000000000 ) ) ;
#1904 = CARTESIAN_POINT ( 'NONE',  ( 40.34203429287143900, 0.8396973866627010000, 79.32957326396820000 ) ) ;
#1905 = CARTESIAN_POINT ( 'NONE',  ( 31.03794404242909300, -3.346586357444428100, -84.89954858597445800 ) ) ;
#1906 = CARTESIAN_POINT ( 'NONE',  ( 41.53065079792556700, -1.263049226414871800, 84.96306089290877100 ) ) ;
#1907 = CARTESIAN_POINT ( 'NONE',  ( 32.61022143509890000, 1.435804755371729000, 65.00000000000000000 ) ) ;
#1908 = CARTESIAN_POINT ( 'NONE',  ( 40.99776081081231600, 4.286552377158776600, 35.00000000000000000 ) ) ;
#1909 = CARTESIAN_POINT ( 'NONE',  ( 37.26235618116018600, 0.5671970574908137300, -65.00000000000000000 ) ) ;
#1910 = CARTESIAN_POINT ( 'NONE',  ( 45.50000509942295000, 1.492001305332441700, 0.0000000000000000000 ) ) ;
#1911 = CARTESIAN_POINT ( 'NONE',  ( 33.81969602583400600, -0.6969285755904497400, 91.59999999999968200 ) ) ;
#1912 = CARTESIAN_POINT ( 'NONE',  ( 45.41744823638704500, -2.482231842833345400, 92.14071003057451000 ) ) ;
#1913 = CARTESIAN_POINT ( 'NONE',  ( 45.91181425151111000, 1.025086316260137400, -86.28317637822713900 ) ) ;
#1914 = CARTESIAN_POINT ( 'NONE',  ( 40.21345032574501500, 1.498654073772275800, 11.18764369610210900 ) ) ;
#1915 = CARTESIAN_POINT ( 'NONE',  ( 46.71928905610781200, 0.4754131216698849700, -86.34473642462128900 ) ) ;
#1916 = CARTESIAN_POINT ( 'NONE',  ( 33.94677506486130600, -3.219023498586314000, -96.79169207297772500 ) ) ;
#1917 = CARTESIAN_POINT ( 'NONE',  ( 53.38622377657986100, -3.274055437160718500, 35.00000000000000000 ) ) ;
#1918 = CARTESIAN_POINT ( 'NONE',  ( 39.56969684174913500, 0.4014669507882640500, 85.42212010025598100 ) ) ;
#1919 = CARTESIAN_POINT ( 'NONE',  ( 31.02935104896558000, -3.376443654399636300, -84.90180337343237200 ) ) ;
#1920 = CARTESIAN_POINT ( 'NONE',  ( 43.72536542706103500, -0.1158816018885672300, 70.47596358434007900 ) ) ;
#1921 = CARTESIAN_POINT ( 'NONE',  ( 33.92636663433656700, -0.8084147724885731900, 91.59999999999968200 ) ) ;
#1922 = CARTESIAN_POINT ( 'NONE',  ( 52.81039460359480100, -3.437591860374771300, 52.50123405878348800 ) ) ;
#1923 = CARTESIAN_POINT ( 'NONE',  ( 39.06602895164655100, -1.086855212128806000, -85.08051941592434300 ) ) ;
#1924 = PERSON_AND_ORGANIZATION ( #4895, #1865 ) ;
#1925 = CARTESIAN_POINT ( 'NONE',  ( 34.51536050732106300, 1.274435565630551900, 0.4193113466800214600 ) ) ;
#1926 = CARTESIAN_POINT ( 'NONE',  ( 32.43284201622296300, 1.904281594847090400, 75.89469614019620300 ) ) ;
#1927 = CARTESIAN_POINT ( 'NONE',  ( 40.16234205782443900, -1.834828462090690900, 99.99050645971205100 ) ) ;
#1928 = CARTESIAN_POINT ( 'NONE',  ( 46.20507024265792500, 1.551413197221335200, -80.96635275645428500 ) ) ;
#1929 = CARTESIAN_POINT ( 'NONE',  ( 42.11075336362732500, 0.7745193499756066700, 65.00000000000001400 ) ) ;
#1930 = CARTESIAN_POINT ( 'NONE',  ( 45.50830229623571200, -3.199822055969844900, 23.93804279555126900 ) ) ;
#1931 = ORIENTED_EDGE ( 'NONE', *, *, #4318, .F. ) ;
#1932 = FACE_OUTER_BOUND ( 'NONE', #3736, .T. ) ;
#1933 = CARTESIAN_POINT ( 'NONE',  ( 47.70935225131236000, 2.148783166107241600, -70.44958147240132000 ) ) ;
#1934 = ORIENTED_EDGE ( 'NONE', *, *, #4769, .T. ) ;
#1935 = CARTESIAN_POINT ( 'NONE',  ( 34.50000000000000000, -3.500000000000000000, -101.5999999999999900 ) ) ;
#1936 = EDGE_LOOP ( 'NONE', ( #4110, #3415, #2081, #2841, #2773, #1161, #1994 ) ) ;
#1937 = CIRCLE ( 'NONE', #4248, 26.61747082298127200 ) ;
#1938 = CARTESIAN_POINT ( 'NONE',  ( 45.76129837524642600, -0.7140461511498397100, 64.99999999999998600 ) ) ;
#1939 = ORIENTED_EDGE ( 'NONE', *, *, #3460, .F. ) ;
#1940 = CARTESIAN_POINT ( 'NONE',  ( 42.55156097271416400, -0.5592765421640639700, 84.99571383175639000 ) ) ;
#1941 = CARTESIAN_POINT ( 'NONE',  ( 28.07985133258838700, -3.519237336298652900, -70.13224966682892600 ) ) ;
#1942 = CARTESIAN_POINT ( 'NONE',  ( 43.57519899268548600, 0.09187056109056887500, 67.80050017507353700 ) ) ;
#1943 = CARTESIAN_POINT ( 'NONE',  ( 32.63972724685476800, 1.415658301299520300, 65.00000000000000000 ) ) ;
#1944 = CARTESIAN_POINT ( 'NONE',  ( 46.06452508712490600, 0.1650945292786877300, 65.00000000000000000 ) ) ;
#1945 = CARTESIAN_POINT ( 'NONE',  ( 40.72507021493630200, -1.467709435594815000, -91.60000000000000900 ) ) ;
#1946 = VERTEX_POINT ( 'NONE', #5072 ) ;
#1947 = CARTESIAN_POINT ( 'NONE',  ( 45.50000000000000000, -3.500000000000000000, 101.5999999999999900 ) ) ;
#1948 = CARTESIAN_POINT ( 'NONE',  ( 46.45576501036521900, 3.249934268025708000, -64.99999999999997200 ) ) ;
#1949 = CARTESIAN_POINT ( 'NONE',  ( 39.27492978506370500, -1.467709435594815000, 91.60000000000000900 ) ) ;
#1950 = CARTESIAN_POINT ( 'NONE',  ( 47.31249999999992900, 5.500000000000001800, -35.00000000000000000 ) ) ;
#1951 = CARTESIAN_POINT ( 'NONE',  ( 47.80270656412037100, 2.109461425837337400, -65.00000000000002800 ) ) ;
#1952 = ADVANCED_FACE ( 'NONE', ( #5274 ), #4818, .T. ) ;
#1953 = CARTESIAN_POINT ( 'NONE',  ( 44.72370329266404800, 0.4800804721186269800, -91.59999999999999400 ) ) ;
#1954 = CARTESIAN_POINT ( 'NONE',  ( 43.17642362518888200, -0.8212907945899093900, 84.95893515720791800 ) ) ;
#1955 = CARTESIAN_POINT ( 'NONE',  ( 27.84852503063722700, -3.305046149004432700, -65.00000000000000000 ) ) ;
#1956 = CARTESIAN_POINT ( 'NONE',  ( 41.78384101674953400, -0.5242349797156140600, 78.59686089445550300 ) ) ;
#1957 = CARTESIAN_POINT ( 'NONE',  ( 33.44726333648895200, -0.2662025429009796100, 86.32634896890763800 ) ) ;
#1958 = CARTESIAN_POINT ( 'NONE',  ( 45.50000000000000000, -3.500000000000000000, 101.5999999999999900 ) ) ;
#1959 = CARTESIAN_POINT ( 'NONE',  ( 37.68336039685531300, 0.3892316496010324600, -71.34784493958852600 ) ) ;
#1960 = CARTESIAN_POINT ( 'NONE',  ( 34.50000000000000000, -3.500000000000000000, -101.5999999999999900 ) ) ;
#1961 = CARTESIAN_POINT ( 'NONE',  ( 42.71653725237862900, -2.030367111102608500, 97.92741852950052800 ) ) ;
#1962 = CARTESIAN_POINT ( 'NONE',  ( 44.26739870284308900, 3.137589174562621000, -65.00000000000000000 ) ) ;
#1963 = CARTESIAN_POINT ( 'NONE',  ( 34.75595356732291900, 0.06102793791293807000, 80.81399947052756300 ) ) ;
#1964 = CARTESIAN_POINT ( 'NONE',  ( 43.76559169366514400, 5.340489078674536000, -35.00000000000001400 ) ) ;
#1965 = CARTESIAN_POINT ( 'NONE',  ( 47.80880053798061600, 2.377205253589175900, -64.99999999999997200 ) ) ;
#1966 = CARTESIAN_POINT ( 'NONE',  ( 41.78955383118472600, -0.2535439637457045400, -95.37056205318251000 ) ) ;
#1967 = CARTESIAN_POINT ( 'NONE',  ( 52.02628232033350000, -3.460227747236818400, 70.11830220041571200 ) ) ;
#1968 = DIRECTION ( 'NONE',  ( 0.8075565027142513900, -0.5897902126382969000, -0.0000000000000000000 ) ) ;
#1969 = CARTESIAN_POINT ( 'NONE',  ( 46.40837983122595000, -0.4333752437519615100, 70.45883241180341400 ) ) ;
#1970 = CARTESIAN_POINT ( 'NONE',  ( 29.72401648845284000, -3.422557455080991000, -78.20774484972240300 ) ) ;
#1971 = CARTESIAN_POINT ( 'NONE',  ( 33.91379322287694000, -0.7969271835119912100, 91.59999999999968200 ) ) ;
#1972 = DIRECTION ( 'NONE',  ( -0.0000000000000000000, -1.000000000000000000, -0.0000000000000000000 ) ) ;
#1973 = CARTESIAN_POINT ( 'NONE',  ( 42.11199556251587900, -1.116946991387025600, 91.59999999999998000 ) ) ;
#1974 = CARTESIAN_POINT ( 'NONE',  ( 43.45023649078383000, 0.2415112647325381400, -80.37806104205687100 ) ) ;
#1975 = ADVANCED_FACE ( 'NONE', ( #2574, #509 ), #1382, .T. ) ;
#1976 = CARTESIAN_POINT ( 'NONE',  ( 32.76300443972624500, -3.157766779282542600, -91.59999999999998000 ) ) ;
#1977 = CARTESIAN_POINT ( 'NONE',  ( 36.75133390351241800, -0.09638074286544820500, 96.66333298583774100 ) ) ;
#1978 = CARTESIAN_POINT ( 'NONE',  ( 40.66521350584391600, 2.151568139762039400, -69.21877850993004700 ) ) ;
#1979 = CARTESIAN_POINT ( 'NONE',  ( 39.23432289308070200, 0.06747116242267377200, 79.50489109586611400 ) ) ;
#1980 = CARTESIAN_POINT ( 'NONE',  ( 53.41105885505465500, -3.455010291813798600, 35.00000000000005000 ) ) ;
#1981 = CARTESIAN_POINT ( 'NONE',  ( 46.54055069795778400, 2.301833406219072400, -75.80342282092208000 ) ) ;
#1982 = CARTESIAN_POINT ( 'NONE',  ( 32.86143518931336900, 2.632617157671500100, 70.40199407626023700 ) ) ;
#1983 = CARTESIAN_POINT ( 'NONE',  ( 40.11806733493590800, -0.2896717723429190800, -91.60000000000002300 ) ) ;
#1984 = CARTESIAN_POINT ( 'NONE',  ( 52.09961438355102800, -3.346823178263799400, 67.55796246428971600 ) ) ;
#1985 = DIRECTION ( 'NONE',  ( 0.0000000000000000000, 0.0000000000000000000, -1.000000000000000000 ) ) ;
#1986 = CIRCLE ( 'NONE', #3771, 5.500000000000000000 ) ;
#1987 = CARTESIAN_POINT ( 'NONE',  ( 47.08947244459567100, -0.6000177017122805300, 67.67095620701017800 ) ) ;
#1988 = CARTESIAN_POINT ( 'NONE',  ( 27.81526040150823700, -3.369235279843554800, -65.00000000000000000 ) ) ;
#1989 = CARTESIAN_POINT ( 'NONE',  ( 32.36322291024405500, 1.210199352822791700, 75.84584804485034200 ) ) ;
#1990 = CARTESIAN_POINT ( 'NONE',  ( 27.80798032928414900, -3.348920651434912400, -65.00000000000005700 ) ) ;
#1991 = CARTESIAN_POINT ( 'NONE',  ( 42.10550162257134600, -1.283420647238255000, 93.14104977009940000 ) ) ;
#1992 = CARTESIAN_POINT ( 'NONE',  ( 46.45040088096303100, 0.3102504006572623400, -75.64117134083827000 ) ) ;
#1993 = CARTESIAN_POINT ( 'NONE',  ( 34.54127588180647700, -2.991115921416672900, -96.87035501528724500 ) ) ;
#1994 = ORIENTED_EDGE ( 'NONE', *, *, #5276, .F. ) ;
#1995 = FACE_OUTER_BOUND ( 'NONE', #4300, .T. ) ;
#1996 = LINE ( 'NONE', #4497, #4988 ) ;
#1997 = CARTESIAN_POINT ( 'NONE',  ( 34.14548034710341500, 0.4455999427191610400, 91.60000000000023600 ) ) ;
#1998 = CARTESIAN_POINT ( 'NONE',  ( 41.42660386034740600, 2.283645218729234200, -69.39108366916887900 ) ) ;
#1999 = CARTESIAN_POINT ( 'NONE',  ( 40.00903984679930400, 1.092027101640156200, 68.86489109586612800 ) ) ;
#2000 = CARTESIAN_POINT ( 'NONE',  ( 42.54947668003541800, 2.733200515065060900, 0.0000000000000000000 ) ) ;
#2001 = CARTESIAN_POINT ( 'NONE',  ( 46.55369611024896400, 0.7811639498112239500, -86.33761742795557800 ) ) ;
#2002 = CARTESIAN_POINT ( 'NONE',  ( 33.51253534169509200, 2.234451296713401400, 75.77887106673466600 ) ) ;
#2003 = EDGE_LOOP ( 'NONE', ( #3859, #4567, #2579, #781, #3451, #3978 ) ) ;
#2004 = EDGE_LOOP ( 'NONE', ( #694, #2519, #3283, #577, #2660, #1368, #5022, #2827 ) ) ;
#2005 = CARTESIAN_POINT ( 'NONE',  ( 34.50000000000000000, -3.500000000000000000, -101.5999999999999900 ) ) ;
#2006 = CARTESIAN_POINT ( 'NONE',  ( 49.54058998515144200, -2.973780345413226600, 78.15214096324062600 ) ) ;
#2007 = CARTESIAN_POINT ( 'NONE',  ( 47.47349899749212200, 1.074995622217624200, -70.40270111377668600 ) ) ;
#2008 = CARTESIAN_POINT ( 'NONE',  ( 34.53635427638237600, 1.859896454552727000, 0.6442427289400887200 ) ) ;
#2009 = CARTESIAN_POINT ( 'NONE',  ( 47.06196718858149800, -0.4029758080423087000, 65.00000000000000000 ) ) ;
#2010 = CARTESIAN_POINT ( 'NONE',  ( 27.93037892222797000, -3.426772632153663300, -67.57365813640650700 ) ) ;
#2011 = CARTESIAN_POINT ( 'NONE',  ( 45.50000000000000000, -3.500000000000000000, 101.5999999999999900 ) ) ;
#2012 = CARTESIAN_POINT ( 'NONE',  ( 45.50213071221237000, 1.047803763587667600, -70.17399947052757600 ) ) ;
#2013 = CARTESIAN_POINT ( 'NONE',  ( 36.89094732680258900, -1.623752969793905500, -92.73665145521403000 ) ) ;
#2014 = CARTESIAN_POINT ( 'NONE',  ( 34.08178503894522700, 0.4162777962761608500, 91.60000000000026400 ) ) ;
#2015 = CARTESIAN_POINT ( 'NONE',  ( 44.18396751317580100, 0.9736196835288133400, -86.08716063721580300 ) ) ;
#2016 = CARTESIAN_POINT ( 'NONE',  ( 33.36002903802059900, 1.264982612241525100, 65.00000000000000000 ) ) ;
#2017 = CARTESIAN_POINT ( 'NONE',  ( 32.27751365709252700, 1.834423572835391300, 65.00000000000005700 ) ) ;
#2018 = B_SPLINE_CURVE_WITH_KNOTS ( 'NONE', 5,
 ( #4729, #979, #2619, #5154, #141, #1460 ),
 .UNSPECIFIED., .F., .F.,
 ( 6, 6 ),
 ( 0.0000000000000000000, 1.000000000000000000 ),
 .UNSPECIFIED. ) ;
#2019 = CARTESIAN_POINT ( 'NONE',  ( 39.78654967425499200, 1.498654073772275800, 0.0000000000000000000 ) ) ;
#2020 = AXIS2_PLACEMENT_3D ( 'NONE', #3088, #2637, #4283 ) ;
#2021 = CARTESIAN_POINT ( 'NONE',  ( 47.69749043106053000, 2.174318355896260000, -70.44934976443546800 ) ) ;
#2022 = CARTESIAN_POINT ( 'NONE',  ( 32.87015905189996800, 2.634323737102044900, 70.40081065677524900 ) ) ;
#2023 = EDGE_CURVE ( 'NONE', #832, #5030, #5217, .T. ) ;
#2024 = CARTESIAN_POINT ( 'NONE',  ( 34.05716768676769800, -3.121897681404020000, -92.01567112720192700 ) ) ;
#2025 = CARTESIAN_POINT ( 'NONE',  ( 52.13302004088619400, -3.291111225364293800, 65.00000000000000000 ) ) ;
#2026 = CARTESIAN_POINT ( 'NONE',  ( 46.51617602629070100, -0.3077260800753554600, -86.32372505457793500 ) ) ;
#2027 = B_SPLINE_SURFACE_WITH_KNOTS ( 'NONE', 5, 5, ( 
 ( #3056, #3910, #1444, #582, #2674, #2657 ),
 ( #4695, #3482, #4317, #3464, #193, #2245 ),
 ( #997, #1867, #2281, #3879, #1014, #3500 ),
 ( #2692, #1429, #212, #4299, #3109, #627 ),
 ( #1461, #4746, #4785, #1120, #4356, #716 ),
 ( #699, #3601, #1137, #2364, #2800, #4819 ),
 ( #1498, #3959, #4390, #4011, #282, #3583 ),
 ( #1938, #3945, #5241, #1531, #4802, #4373 ),
 ( #1553, #3175, #4768, #1071, #4419, #3535 ),
 ( #2349, #2747, #2763, #1086, #1481, #2728 ) ),
 .UNSPECIFIED., .F., .F., .F.,
 ( 6, 4, 6 ),
 ( 6, 6 ),
 ( 0.0000000000000000000, 0.5000000000000000000, 1.000000000000000000 ),
 ( 0.0000000000000000000, 1.000000000000000000 ),
 .UNSPECIFIED. ) ;
#2028 = EDGE_LOOP ( 'NONE', ( #1813, #4754, #4903, #4055, #2645 ) ) ;
#2029 = CARTESIAN_POINT ( 'NONE',  ( 46.09495191978875500, -2.067885513823218600, 84.89350769906204200 ) ) ;
#2030 = CARTESIAN_POINT ( 'NONE',  ( 32.36989686640310300, -3.482483584105702700, -91.59999999999998000 ) ) ;
#2031 = CARTESIAN_POINT ( 'NONE',  ( 43.61938444369650400, -2.590929775575021600, 4.151249644025712700 ) ) ;
#2032 = CARTESIAN_POINT ( 'NONE',  ( 45.87327652265251000, -0.5596443489168209100, -86.28222388385120200 ) ) ;
#2033 = CARTESIAN_POINT ( 'NONE',  ( 34.50000000000000000, -3.500000000000000000, -101.5999999999999900 ) ) ;
#2034 = AXIS2_PLACEMENT_3D ( 'NONE', #2165, #3446, #3391 ) ;
#2035 = VERTEX_POINT ( 'NONE', #132 ) ;
#2036 = CARTESIAN_POINT ( 'NONE',  ( 33.49203376745585100, 2.063014694047892800, 75.67906369058027800 ) ) ;
#2037 = CARTESIAN_POINT ( 'NONE',  ( 42.51465269054757100, 0.8065061206032324600, -85.81554183458447900 ) ) ;
#2038 = CARTESIAN_POINT ( 'NONE',  ( 33.39863269389687200, 0.7832377970834293300, 70.32665417930998300 ) ) ;
#2039 = CARTESIAN_POINT ( 'NONE',  ( 32.20308723606587600, 2.074044040808804600, 65.00000000000002800 ) ) ;
#2040 = CARTESIAN_POINT ( 'NONE',  ( 34.62026505542449700, -3.438998903372055200, -23.95328996164648300 ) ) ;
#2041 = CARTESIAN_POINT ( 'NONE',  ( 44.92292533731473700, -2.879584783408612100, 92.13703199600371400 ) ) ;
#2042 = CARTESIAN_POINT ( 'NONE',  ( 33.43906547742708600, -3.477768990570127400, -96.76848412973112100 ) ) ;
#2043 = CARTESIAN_POINT ( 'NONE',  ( 52.06950401026627900, -3.400444960255726700, 70.11601321798120500 ) ) ;
#2044 = CARTESIAN_POINT ( 'NONE',  ( 47.44841705206913900, 0.7240337262817211400, -75.78800316188554100 ) ) ;
#2045 = B_SPLINE_SURFACE_WITH_KNOTS ( 'NONE', 3, 3, ( 
 ( #3118, #639, #1927, #4003 ),
 ( #4411, #275, #2326, #2391 ),
 ( #5235, #2343, #3970, #1524 ),
 ( #4398, #1977, #4428, #1508 ),
 ( #3989, #3562, #709, #1947 ),
 ( #675, #5266, #1961, #4843 ),
 ( #4828, #2739, #1543, #2775 ),
 ( #260, #1129, #1080, #2372 ),
 ( #4795, #3153, #5249, #3168 ),
 ( #2793, #241, #291, #308 ),
 ( #3137, #1912, #3198, #4020 ),
 ( #661, #1562, #1098, #3545 ),
 ( #4382, #3954, #1493, #4366 ),
 ( #5219, #4779, #2756, #689 ),
 ( #4811, #3577, #1114, #3042 ),
 ( #180, #846, #4925, #4081 ),
 ( #4541, #4964, #2869, #1239 ),
 ( #2098, #3311, #405, #2885 ),
 ( #3722, #881, #2497, #28 ),
 ( #1277, #3294, #4525, #45 ),
 ( #822, #5322, #1621, #1259 ),
 ( #4909, #1205, #2462, #2057 ),
 ( #1697, #4138, #1676, #2445 ),
 ( #1221, #2075, #2922, #3274 ),
 ( #443, #4486, #5340, #3704 ),
 ( #3328, #4117, #1657, #863 ),
 ( #3742, #4942, #804, #3345 ),
 ( #4156, #2479, #11, #2904 ),
 ( #425, #2939, #464, #4562 ),
 ( #2117, #4508, #4982, #2518 ),
 ( #1639, #2041, #387, #3686 ),
 ( #4097, #2173, #2997, #4190 ),
 ( #3814, #5042, #1299, #1334 ),
 ( #1370, #4580, #3027, #2573 ),
 ( #1729, #2155, #4171, #1318 ),
 ( #3759, #66, #1352, #949 ),
 ( #2205, #4222, #2136, #3830 ),
 ( #5019, #4645, #4629, #3437 ),
 ( #2555, #1712, #1769, #2190 ),
 ( #518, #2979, #2957, #500 ),
 ( #5001, #899, #3401, #84 ),
 ( #5073, #4237, #4596, #2592 ),
 ( #937, #2607, #5057, #2537 ),
 ( #1786, #116, #535, #3013 ),
 ( #133, #3383, #3420, #482 ),
 ( #552, #3368, #3779, #921 ),
 ( #102, #3795, #4204, #1752 ) ),
 .UNSPECIFIED., .T., .F., .F.,
 ( 4, 1, 1, 1, 1, 2, 1, 1, 1, 1, 1, 1, 1, 1, 2, 1, 1, 1, 2, 1, 1, 1, 1, 1, 1, 1, 1, 1, 1, 1, 2, 1, 1, 1, 1, 2, 1, 1, 1, 4 ),
 ( 4, 4 ),
 ( 0.0000000000000000000, 0.02308594244383046400, 0.06156251318354790500, 0.1231250263670958100, 0.1846875395506437100, 0.2462500527341916200, 0.3002781212404546100, 0.3543061897467175700, 0.3880737325631319300, 0.4083342582529805300, 0.4285947839428291300, 0.4421018010693949000, 0.4488553096326777200, 0.4556088181959606100, 0.4623623267592434900, 0.4648778679603207100, 0.4673934091613979300, 0.4699089503624752600, 0.4724244915635524800, 0.4799685775639622200, 0.4875126635643719500, 0.4950567495647816800, 0.5026008355651914200, 0.5101449215656010900, 0.5327771795668303500, 0.5403212655672401400, 0.5554094375680596100, 0.5931298675701082200, 0.6157621255713374700, 0.6534825555733860800, 0.7138352435766639500, 0.7655958631888616400, 0.8173564828010593300, 0.8691171024132569000, 0.8986945993345126800, 0.9208777220254545900, 0.9406582915190908600, 0.9604388610127272400, 0.9802194305063636200, 1.000000000000000000 ),
 ( 0.0000000000000000000, 1.000000000000000000 ),
 .UNSPECIFIED. ) ;
#2046 = CARTESIAN_POINT ( 'NONE',  ( 32.33270155357217800, -3.437748760219582000, -91.60000000000005100 ) ) ;
#2047 = CARTESIAN_POINT ( 'NONE',  ( 36.75538881082089700, -16.41199800218667400, 65.00000000000000000 ) ) ;
#2048 = CARTESIAN_POINT ( 'NONE',  ( 47.56962922191158300, -3.504677565909957600, 91.93723738121686000 ) ) ;
#2049 = CARTESIAN_POINT ( 'NONE',  ( 45.42218643384484300, 0.6318281322102052800, -75.34834741916859000 ) ) ;
#2050 = CARTESIAN_POINT ( 'NONE',  ( 33.58663374930262800, -3.469883757836846400, -96.76966179609121400 ) ) ;
#2051 = CARTESIAN_POINT ( 'NONE',  ( 32.40024803736562100, 2.863524281417919600, 64.99999999999997200 ) ) ;
#2052 = CARTESIAN_POINT ( 'NONE',  ( 33.84293826597137000, 1.000909793370937000, 86.30785974153977200 ) ) ;
#2053 = CARTESIAN_POINT ( 'NONE',  ( 33.95985001433469800, -0.2614064926106425300, -70.55424436417233400 ) ) ;
#2054 = CARTESIAN_POINT ( 'NONE',  ( 33.33132938528735400, 0.7774610760289261100, 70.33270248011047000 ) ) ;
#2055 = CARTESIAN_POINT ( 'NONE',  ( 32.20096817218255600, 2.086236119115049800, 65.00000000000002800 ) ) ;
#2056 = CARTESIAN_POINT ( 'NONE',  ( 32.06833345264718800, 0.7096218129894285000, -23.04838997685159900 ) ) ;
#2057 = CARTESIAN_POINT ( 'NONE',  ( 45.50000000000000000, -3.500000000000000000, 101.5999999999999900 ) ) ;
#2058 = CARTESIAN_POINT ( 'NONE',  ( 33.10997941245906200, -3.349963192196080600, -91.95239495313916200 ) ) ;
#2059 = CARTESIAN_POINT ( 'NONE',  ( 50.25285938673788900, -3.439913492765378500, 78.22262815693025600 ) ) ;
#2060 = FACE_BOUND ( 'NONE', #4079, .T. ) ;
#2061 = CARTESIAN_POINT ( 'NONE',  ( 46.93111579525903900, 1.256085098881443600, -64.99999999999998600 ) ) ;
#2062 = CARTESIAN_POINT ( 'NONE',  ( 47.26915514171067700, -0.1137363113263521500, 35.00000000000000000 ) ) ;
#2063 = CARTESIAN_POINT ( 'NONE',  ( 43.63026752518313600, 0.2568862225816774300, -4.148575769893828800 ) ) ;
#2064 = CARTESIAN_POINT ( 'NONE',  ( 27.82166933033502700, -3.429358790249550400, -65.00000000000000000 ) ) ;
#2065 = CARTESIAN_POINT ( 'NONE',  ( 40.00000000000000000, -3.500000000000000000, -5.500000000000000000 ) ) ;
#2066 = CARTESIAN_POINT ( 'NONE',  ( 46.67148075288811500, -3.298389122990891900, 91.96292660941169600 ) ) ;
#2067 = CARTESIAN_POINT ( 'NONE',  ( 45.62281911462152100, -0.9985021857482939700, -91.59999999999993700 ) ) ;
#2068 = ORIENTED_EDGE ( 'NONE', *, *, #2358, .T. ) ;
#2069 = CARTESIAN_POINT ( 'NONE',  ( 36.75127165230617300, -2.424582956906062000, -91.59999999999999400 ) ) ;
#2070 = CARTESIAN_POINT ( 'NONE',  ( 33.52809753404315500, 2.144984873022814000, 75.73823792957206500 ) ) ;
#2071 = CARTESIAN_POINT ( 'NONE',  ( 33.41672783076226900, -0.5184448742554737000, -70.42064639903445300 ) ) ;
#2072 = CARTESIAN_POINT ( 'NONE',  ( 33.43670326321360900, 0.7875089157286255800, 70.32304575654137600 ) ) ;
#2073 = CARTESIAN_POINT ( 'NONE',  ( 33.28394178943641200, 0.4861989583503629800, 86.34467488221773100 ) ) ;
#2074 = CARTESIAN_POINT ( 'NONE',  ( 34.49169770376429500, -3.199822055969844900, -23.93804279555126900 ) ) ;
#2075 = CARTESIAN_POINT ( 'NONE',  ( 47.32673250139475100, -3.439767515673693300, 91.93932359218244700 ) ) ;
#2076 = ORIENTED_EDGE ( 'NONE', *, *, #3837, .T. ) ;
#2077 = CARTESIAN_POINT ( 'NONE',  ( 33.32851924711188500, -3.298389122990891900, -91.96292660941169600 ) ) ;
#2078 = CARTESIAN_POINT ( 'NONE',  ( 52.05751920069534600, -3.435015512788734500, 67.58262815693024100 ) ) ;
#2079 = CARTESIAN_POINT ( 'NONE',  ( 46.35533489116603100, -0.1186463835093369800, -80.98403245519902800 ) ) ;
#2080 = CARTESIAN_POINT ( 'NONE',  ( 32.19984858754592200, 2.362101102032031700, 55.02440734173170300 ) ) ;
#2081 = ORIENTED_EDGE ( 'NONE', *, *, #3563, .F. ) ;
#2082 = CARTESIAN_POINT ( 'NONE',  ( 27.95717606356943500, -3.495300514531104700, -65.00000000000000000 ) ) ;
#2083 = CARTESIAN_POINT ( 'NONE',  ( 28.08853712192292900, -3.495627888606577000, -67.67748053202908000 ) ) ;
#2084 = CARTESIAN_POINT ( 'NONE',  ( 45.39830008897664700, -3.065548844880963600, 1.060103803936196700 ) ) ;
#2085 = VERTEX_POINT ( 'NONE', #3436 ) ;
#2086 = CARTESIAN_POINT ( 'NONE',  ( 47.23699556027375500, -3.157766779282542600, 91.59999999999998000 ) ) ;
#2087 = CARTESIAN_POINT ( 'NONE',  ( 46.32552242440666400, -0.1214198515688798600, -80.98128885883903600 ) ) ;
#2088 = EDGE_CURVE ( 'NONE', #4437, #316, #2834, .T. ) ;
#2089 = CARTESIAN_POINT ( 'NONE',  ( 38.86585498549126100, -1.897447705419733800, -91.59999999999999400 ) ) ;
#2090 = B_SPLINE_CURVE_WITH_KNOTS ( 'NONE', 3,
 ( #1910, #3560, #1113, #3986, #1523, #4397, #5234, #1328, #5120, #1849, #3977, #2562, #853, #4929, #72, #2467, #3333, #3316, #1717, #1285, #2542, #3280, #3300, #5007, #393, #2063, #869, #2945, #810, #4177, #451, #1227, #471, #3691, #4102, #1685 ),
 .UNSPECIFIED., .F., .F.,
 ( 4, 2, 2, 2, 2, 2, 2, 2, 2, 2, 2, 2, 2, 2, 2, 2, 2, 4 ),
 ( 0.0000000000000000000, 3.523397945287817000E-005, 7.046795890575634100E-005, 0.0001409359178115123800, 0.0002818718356230252500, 0.0005637436712460500800, 0.001127487342492101900, 0.002254974684984209400, 0.002818718356230263200, 0.003100590191853290100, 0.003382462027476317400, 0.003946205698722372000, 0.004509949369968427500, 0.005637436712460535900, 0.006201180383706582700, 0.006764924054952629500, 0.007892411397444721400, 0.009019898739936815100 ),
 .UNSPECIFIED. ) ;
#2091 = CARTESIAN_POINT ( 'NONE',  ( 32.31312176930037300, 2.195480880604116600, 70.44908179462555600 ) ) ;
#2092 = CARTESIAN_POINT ( 'NONE',  ( 33.24079900960931200, 2.650552092334512700, 70.33466533855343500 ) ) ;
#2093 = CARTESIAN_POINT ( 'NONE',  ( 37.92041826278447300, -0.3743904918860281900, -85.03606551880545800 ) ) ;
#2094 = CARTESIAN_POINT ( 'NONE',  ( 34.41564809883411900, -0.9999475940724998900, 91.59999999999996600 ) ) ;
#2095 = CARTESIAN_POINT ( 'NONE',  ( 32.88621702630728500, 1.219601019862717000, 81.08947284924259700 ) ) ;
#2096 = B_SPLINE_SURFACE_WITH_KNOTS ( 'NONE', 3, 3, ( 
 ( #1836, #3845, #534, #4272 ),
 ( #3899, #3883, #4288, #602 ),
 ( #1019, #1433, #4717, #2269 ),
 ( #1908, #2733, #3522, #3934 ),
 ( #255, #1057, #1467, #3557 ),
 ( #3964, #5182, #1874, #1944 ),
 ( #4774, #1893, #4343, #1076 ),
 ( #3951, #1520, #3983, #4753 ),
 ( #3541, #3113, #3149, #1488 ),
 ( #4807, #3095, #2678, #3504 ),
 ( #4378, #2286, #1092, #2322 ),
 ( #5197, #4361, #200, #2719 ),
 ( #2752, #615, #4395, #671 ),
 ( #5139, #1503, #1922, #3914 ),
 ( #1448, #1041, #2304, #4791 ),
 ( #4322, #271, #634, #4734 ),
 ( #234, #685, #2339, #5163 ) ),
 .UNSPECIFIED., .F., .F., .F.,
 ( 4, 1, 1, 1, 2, 1, 1, 1, 2, 1, 1, 1, 4 ),
 ( 4, 4 ),
 ( 0.0000000000000000000, 0.1781379411091100800, 0.3562758822182201500, 0.5344138233273303400, 0.7125517644364403000, 0.7805111709524961100, 0.8484705774685519200, 0.9164299839846077300, 0.9843893905006636500, 0.9882920428754977700, 0.9921946952503317700, 0.9960973476251660000, 1.000000000000000000 ),
 ( 0.0000000000000000000, 1.000000000000000000 ),
 .UNSPECIFIED. ) ;
#2097 = CARTESIAN_POINT ( 'NONE',  ( 30.08080071530590200, -0.7419513609521681800, -35.00000000000000000 ) ) ;
#2098 = CARTESIAN_POINT ( 'NONE',  ( 47.63527550753628500, -3.316365334926254500, 91.59999999999998000 ) ) ;
#2099 = CARTESIAN_POINT ( 'NONE',  ( 34.50000000000000000, -3.500000000000000000, -101.5999999999999900 ) ) ;
#2100 = CARTESIAN_POINT ( 'NONE',  ( 48.97087021854233100, -3.382600657848847000, 84.90262397945849700 ) ) ;
#2101 = DIRECTION ( 'NONE',  ( 0.0000000000000000000, 0.0000000000000000000, -1.000000000000000000 ) ) ;
#2102 = VERTEX_POINT ( 'NONE', #3077 ) ;
#2103 = CARTESIAN_POINT ( 'NONE',  ( 47.61676455341488900, 1.116012248012482300, -75.83640949013695800 ) ) ;
#2104 = CARTESIAN_POINT ( 'NONE',  ( 40.48615095069673200, 2.597976161845658700, 34.99999999999999300 ) ) ;
#2105 = CARTESIAN_POINT ( 'NONE',  ( 29.65218149545075500, -2.821033886147007200, -67.67645663504215700 ) ) ;
#2106 = CARTESIAN_POINT ( 'NONE',  ( 29.78897444715496000, -3.478397587096092400, -78.28449991209248500 ) ) ;
#2107 = DIRECTION ( 'NONE',  ( 1.000000000000000000, 0.0000000000000000000, 0.0000000000000000000 ) ) ;
#2108 = CARTESIAN_POINT ( 'NONE',  ( 46.30435974075972200, -3.454829074453073200, 96.77228008868436900 ) ) ;
#2109 = CARTESIAN_POINT ( 'NONE',  ( 45.99827429221706900, -0.5576799192053637500, -86.29064442941947300 ) ) ;
#2110 = CARTESIAN_POINT ( 'NONE',  ( 35.07418831909039600, -2.842655742567634200, -91.60000000000000900 ) ) ;
#2111 = CARTESIAN_POINT ( 'NONE',  ( 33.15984420707206900, 1.515527270876274100, 81.07523485591102000 ) ) ;
#2112 = CARTESIAN_POINT ( 'NONE',  ( 33.46286255036345400, 2.051210960185524600, 75.64825575200225700 ) ) ;
#2113 = CARTESIAN_POINT ( 'NONE',  ( 35.13557596015443400, 0.4772476029195476000, -67.95257729464056200 ) ) ;
#2114 = CARTESIAN_POINT ( 'NONE',  ( 43.40905554848106400, 3.154286419249737100, -44.77306493902164400 ) ) ;
#2115 = CARTESIAN_POINT ( 'NONE',  ( 32.88080677534348700, 2.316325423979154400, 75.88956017581222100 ) ) ;
#2116 = CARTESIAN_POINT ( 'NONE',  ( 26.71368976114148800, -3.498586476245995500, -35.00000000000000000 ) ) ;
#2117 = CARTESIAN_POINT ( 'NONE',  ( 45.50914501420204100, -2.988072363667311200, 91.60000000000000900 ) ) ;
#2118 = CARTESIAN_POINT ( 'NONE',  ( 40.32195167799427800, -2.285281847031448400, -99.54086229423693100 ) ) ;
#2119 = CARTESIAN_POINT ( 'NONE',  ( 52.16943688249379800, -3.327076894493239800, 65.00000000000000000 ) ) ;
#2120 = CARTESIAN_POINT ( 'NONE',  ( 26.73084485828932300, -3.492244288815582900, -35.00000000000000000 ) ) ;
#2121 = CARTESIAN_POINT ( 'NONE',  ( 47.40831940087196700, 1.449281616144596900, -65.00000000000000000 ) ) ;
#2122 = CARTESIAN_POINT ( 'NONE',  ( 43.11456815133639300, 0.4578395495828923000, 65.00000000000000000 ) ) ;
#2123 = DIRECTION ( 'NONE',  ( -0.9143797892797629300, 0.4048575069783149600, 0.0000000000000000000 ) ) ;
#2124 = CARTESIAN_POINT ( 'NONE',  ( 28.00477026970985900, -3.490438158462971800, -67.65408906791071800 ) ) ;
#2125 = CARTESIAN_POINT ( 'NONE',  ( 45.21173325981869300, -2.892902860233451400, 1.773202749257980500 ) ) ;
#2126 = CARTESIAN_POINT ( 'NONE',  ( 45.50000000000000000, -3.500000000000000000, 101.5999999999999900 ) ) ;
#2127 = CARTESIAN_POINT ( 'NONE',  ( 48.39583009175068900, -1.435845837258726200, 70.15316868681284700 ) ) ;
#2128 = CARTESIAN_POINT ( 'NONE',  ( 33.51315041213366900, -3.516968981466880100, -96.76894068899616700 ) ) ;
#2129 = CC_DESIGN_DATE_AND_TIME_ASSIGNMENT ( #2960, #1009, ( #1566 ) ) ;
#2130 = CIRCLE ( 'NONE', #346, 2.500000000000000000 ) ;
#2131 = CARTESIAN_POINT ( 'NONE',  ( 33.19164742657184100, 3.249999744268315300, 64.99999999999997200 ) ) ;
#2132 = CARTESIAN_POINT ( 'NONE',  ( 33.21667246157645800, -0.2471934027116899900, -65.00000000000000000 ) ) ;
#2133 = CARTESIAN_POINT ( 'NONE',  ( 40.41536922868451900, 2.073557489836881800, -54.60882798274941100 ) ) ;
#2134 = CARTESIAN_POINT ( 'NONE',  ( 32.94319221107701200, 0.8245374824465325800, 70.36466363231689100 ) ) ;
#2135 = CARTESIAN_POINT ( 'NONE',  ( 32.68750000000007800, 5.500000000000005300, 35.00000000000000000 ) ) ;
#2136 = CARTESIAN_POINT ( 'NONE',  ( 42.29608124744864700, -2.610560940458703300, 97.85815940307638500 ) ) ;
#2137 = ORIENTED_EDGE ( 'NONE', *, *, #4221, .T. ) ;
#2138 = CIRCLE ( 'NONE', #1025, 0.1000000000000028600 ) ;
#2139 = CARTESIAN_POINT ( 'NONE',  ( 45.76376200070962600, 0.5021256386628032400, -91.59999999999999400 ) ) ;
#2140 = CARTESIAN_POINT ( 'NONE',  ( 47.65641302250962500, -3.342158639948342300, 91.60000000000000900 ) ) ;
#2141 = ORIENTED_EDGE ( 'NONE', *, *, #976, .F. ) ;
#2142 = CARTESIAN_POINT ( 'NONE',  ( 47.63175510349107400, 1.186123482563021400, -75.84348695971333100 ) ) ;
#2143 = CARTESIAN_POINT ( 'NONE',  ( 31.83711825931089100, 5.209115622387726000, 35.00000000000000000 ) ) ;
#2144 = CARTESIAN_POINT ( 'NONE',  ( 31.10234427354933500, -3.493531228670705900, -84.94704453395536300 ) ) ;
#2145 = CARTESIAN_POINT ( 'NONE',  ( 44.19490422148542300, -2.710598173594952700, 92.26053410948124200 ) ) ;
#2146 = CARTESIAN_POINT ( 'NONE',  ( 44.51003247850177000, -1.393732167215711200, 84.91715898738603100 ) ) ;
#2147 = CARTESIAN_POINT ( 'NONE',  ( 34.50000000000000000, -3.500000000000000000, -101.5999999999999900 ) ) ;
#2148 = CARTESIAN_POINT ( 'NONE',  ( 33.46633638011194700, 2.051772578565271400, 75.65236937956700600 ) ) ;
#2149 = CARTESIAN_POINT ( 'NONE',  ( 36.92750494260733500, -0.7763641147537959600, -84.96374534769582000 ) ) ;
#2150 = CARTESIAN_POINT ( 'NONE',  ( 41.31688940806576200, 1.549138817828105400, -64.99999999999992900 ) ) ;
#2151 = CARTESIAN_POINT ( 'NONE',  ( 33.02654680156882700, 1.262225913396016800, 64.99999999999998600 ) ) ;
#2152 = B_SPLINE_SURFACE_WITH_KNOTS ( 'NONE', 3, 3, ( 
 ( #3429, #3854, #2563, #508 ),
 ( #1393, #2182, #2585, #928 ),
 ( #527, #4229, #3021, #3410 ),
 ( #1815, #4671, #944, #543 ),
 ( #958, #5103, #4745, #1031 ),
 ( #5153, #4335, #210, #3943 ),
 ( #1902, #191, #5191, #171 ),
 ( #2727, #3462, #3926, #4297 ),
 ( #4355, #5119, #1459, #1886 ),
 ( #4728, #5175, #1407, #228 ),
 ( #5134, #1864, #3107, #4282 ),
 ( #2315, #2297, #648, #246 ),
 ( #1427, #1012, #1847, #4711 ),
 ( #4766, #2279, #1830, #995 ),
 ( #2263, #2690, #1479, #625 ),
 ( #4692, #3515, #3907, #3875 ),
 ( #2243, #2655, #3070, #1052 ),
 ( #2711, #3143, #3125, #596 ),
 ( #3533, #1069, #3479, #3892 ),
 ( #610, #2672, #3086, #3498 ),
 ( #1443, #4315, #4435, #1569 ) ),
 .UNSPECIFIED., .F., .F., .F.,
 ( 4, 1, 1, 1, 2, 1, 1, 1, 2, 1, 1, 1, 1, 1, 1, 1, 4 ),
 ( 4, 4 ),
 ( 0.0000000000000000000, 0.05322528655803803600, 0.1064505731160760700, 0.1596758596741141000, 0.2129011462321520900, 0.3590420061121262200, 0.5051828659921002700, 0.6513237258720743200, 0.7974645857520482600, 0.8227815125330422100, 0.8480984393140361700, 0.8734153660950301200, 0.8987322928760241900, 0.9240492196570181400, 0.9493661464380122000, 0.9746830732190060500, 1.000000000000000000 ),
 ( 0.0000000000000000000, 1.000000000000000000 ),
 .UNSPECIFIED. ) ;
#2153 = DIRECTION ( 'NONE',  ( 0.0000000000000000000, 0.0000000000000000000, -1.000000000000000000 ) ) ;
#2154 = DIRECTION ( 'NONE',  ( 1.000000000000000000, 0.0000000000000000000, 0.0000000000000000000 ) ) ;
#2155 = CARTESIAN_POINT ( 'NONE',  ( 41.14157031655676600, -2.060254961280371800, 93.14015673250037300 ) ) ;
#2156 = EDGE_CURVE ( 'NONE', #4630, #5273, #4119, .T. ) ;
#2157 = CARTESIAN_POINT ( 'NONE',  ( 36.75127165230617300, -2.424582956906062000, -91.59999999999999400 ) ) ;
#2158 = CARTESIAN_POINT ( 'NONE',  ( 51.90476230449918700, -3.454891051480024200, 70.27229691655192300 ) ) ;
#2159 = CARTESIAN_POINT ( 'NONE',  ( 39.30906519860054300, 1.490972618361429100, -5.457228716753565600 ) ) ;
#2160 = CARTESIAN_POINT ( 'NONE',  ( 47.56308068652344900, 1.177180673536578400, -70.41220875969946700 ) ) ;
#2161 = CARTESIAN_POINT ( 'NONE',  ( 51.74014435581564400, -2.631281765846673200, 40.65278751463463200 ) ) ;
#2162 = B_SPLINE_SURFACE_WITH_KNOTS ( 'NONE', 5, 5, ( 
 ( #566, #1432, #3452, #2233, #3026, #2677 ),
 ( #1518, #1872, #1501, #3094, #5138, #2267 ),
 ( #3572, #2302, #3962, #1465, #2731, #2284 ),
 ( #4359, #4321, #1891, #4772, #197, #632 ),
 ( #5161, #253, #3520, #3932, #669, #215 ),
 ( #5179, #4733, #4393, #2717, #1906, #4340 ),
 ( #3539, #1090, #1074, #3981, #1107, #1056 ),
 ( #655, #3112, #5195, #3949, #232, #2695 ),
 ( #4751, #4376, #1920, #2320, #1485, #3147 ),
 ( #3913, #3555, #4788, #614, #3131, #2337 ),
 ( #3503, #1942, #5210, #2750, #269, #3164 ),
 ( #683, #1039, #1447, #4805, #2352, #5244 ),
 ( #5230, #2768, #3998, #285, #2367, #1535 ),
 ( #3193, #3178, #1123, #1956, #703, #3586 ),
 ( #4406, #4822, #2787, #719, #302, #745 ),
 ( #2393, #2795, #1131, #3629, #4385, #727 ),
 ( #1929, #4006, #4430, #677, #4845, #1949 ),
 ( #1546, #4831, #2409, #3611, #1564, #4813 ),
 ( #2360, #711, #1582, #3594, #5237, #1510 ),
 ( #311, #1999, #2345, #1979, #3565, #262 ),
 ( #1148, #4037, #2778, #5268, #293, #3200 ),
 ( #2374, #4797, #3186, #5251, #3155, #1116 ),
 ( #2758, #4022, #3992, #4400, #2809, #692 ),
 ( #4413, #5223, #4862, #1963, #328, #3219 ),
 ( #1168, #4449, #2741, #1100, #3972, #1527 ),
 ( #277, #3579, #3170, #3683, #2866, #362 ),
 ( #4114, #4538, #421, #4522, #2425, #3701 ),
 ( #2882, #5302, #402, #765, #1654, #1236 ),
 ( #2016, #3291, #384, #1256, #818, #2094 ),
 ( #2458, #2072, #4906, #3308, #2824, #343 ),
 ( #4505, #3237, #842, #3255, #4961, #1218 ),
 ( #1673, #4938, #5337, #2476, #5287, #3644 ),
 ( #3719, #2038, #1183, #4881, #2442, #4059 ),
 ( #8, #784, #1636, #1597, #2901, #4135 ),
 ( #3662, #4465, #2848, #1202, #4077, #1617 ),
 ( #4094, #2054, #4483, #5319, #3271, #801 ),
 ( #4922, #2170, #550, #5039, #3792, #2954 ),
 ( #4219, #3435, #3776, #3828, #4998, #1710 ),
 ( #114, #965, #1747, #1367, #3380, #2188 ),
 ( #2569, #935, #896, #1332, #1349, #4577 ),
 ( #2975, #4188, #5055, #80, #497, #3011 ),
 ( #2151, #2134, #1315, #1726, #63, #1767 ),
 ( #4236, #2534, #2605, #5071, #516, #1784 ),
 ( #917, #4592, #3844, #4609, #3365, #4168 ),
 ( #5016, #100, #2552, #2994, #3397, #181 ),
 ( #4677, #3043, #2268, #3486, #4661, #1018 ),
 ( #2285, #567, #633, #198, #3863, #160 ),
 ( #4271, #3467, #1000, #1415, #233, #1519 ),
 ( #3194, #2368, #3982, #4752, #1124, #3933 ),
 ( #4823, #4806, #3605, #2718, #5196, #4341 ),
 ( #4394, #1466, #3165, #3148, #3132, #670 ),
 ( #1943, #4773, #270, #1892, #2353, #5245 ),
 ( #2321, #2769, #3540, #5231, #286, #3999 ),
 ( #254, #1536, #3179, #704, #3573, #656 ),
 ( #3556, #3587, #5180, #4407, #1957, #2788 ),
 ( #303, #720, #2751, #2303, #1075, #2732 ),
 ( #5211, #3950, #1108, #1486, #4360, #684 ),
 ( #1907, #1502, #1091, #3963, #4377, #1921 ),
 ( #4789, #2338, #1989, #1140, #4015, #3622 ),
 ( #1160, #5260, #1556, #2385, #2803, #1971 ),
 ( #4423, #4442, #321, #4838, #3210, #737 ),
 ( #4031, #1574, #4855, #2402, #2738, #1911 ),
 ( #3937, #240, #766, #3645, #4380, #259 ),
 ( #4759, #638, #1926, #3152, #1878, #4778 ),
 ( #2017, #5167, #3663, #674, #5218, #2308 ),
 ( #4738, #1897, #1203, #4326, #3526, #4794 ),
 ( #4078, #2849, #2342, #2702, #1598, #2290 ),
 ( #3561, #785, #1184, #2825, #344, #219 ),
 ( #3117, #363, #1079, #1063, #1472, #3953 ),
 ( #4350, #3238, #5186, #1097, #2722, #4060 ),
 ( #4882, #3136, #4466, #660, #2426, #5303 ),
 ( #3544, #3969, #1507, #1492, #3256, #4365 ),
 ( #2325, #5200, #4939, #462, #2477, #1237 ),
 ( #2039, #1674, #879, #1219, #861, #2443 ),
 ( #1618, #26, #2937, #1655, #3326, #819 ),
 ( #1637, #9, #3720, #3684, #4115, #4136 ),
 ( #3272, #4907, #2115, #5320, #3756, #422 ),
 ( #1257, #4923, #2867, #4095, #4506, #385 ),
 ( #4980, #4539, #802, #43, #2516, #3309 ),
 ( #2055, #3702, #2459, #2095, #4523, #5338 ),
 ( #1296, #2883, #403, #3740, #1275, #4962 ),
 ( #2495, #2921, #3292, #441, #2073, #4154 ),
 ( #2902, #843, #1695, #4560, #3343, #4484 ),
 ( #4535, #2091, #22, #2896, #1691, #2455 ),
 ( #2917, #4957, #5334, #4555, #4935, #2879 ),
 ( #418, #39, #3735, #3288, #4519, #3305 ),
 ( #1271, #4150, #815, #436, #1253, #5 ),
 ( #3697, #839, #2512, #2111, #4976, #1233 ),
 ( #3716, #4132, #1668, #2491, #4324, #569 ),
 ( #1838, #4290, #1021, #4720, #2306, #3506 ),
 ( #217, #4701, #617, #3866, #3115, #1876 ),
 ( #3047, #2680, #1895, #2236, #4736, #3455 ),
 ( #2626, #1043, #3936, #2664, #2288, #2251 ),
 ( #2647, #604, #2271, #4680, #5127, #5141 ),
 ( #1003, #1418, #163, #3097, #3885, #183 ),
 ( #588, #1450, #3079, #5110, #4756, #3490 ),
 ( #3901, #1435, #4305, #5165, #1855, #4345 ),
 ( #202, #1469, #3916, #3470, #2699, #636 ),
 ( #3062, #148, #3524, #986, #1060, #1400 ),
 ( #4274, #1822, #3590, #2735, #381, #4363 ),
 ( #2051, #2754, #3559, #236, #1111, #3966 ),
 ( #3985, #731, #4433, #805, #4025, #1568 ),
 ( #1622, #1982, #388, #4469, #4849, #2396 ),
 ( #748, #3632, #2429, #1171, #4041, #4452 ),
 ( #4885, #2022, #2002, #3648, #5290, #2830 ),
 ( #1187, #4063, #5306, #2853, #1777, #5084 ),
 ( #93, #1394, #2656, #2461, #3772, #4904 ),
 ( #4463, #1200, #2440, #2474, #3681, #1634 ),
 ( #2880, #4879, #782, #1652, #3660, #2423 ),
 ( #3217, #2864, #2070, #2407, #2052, #3627 ),
 ( #2807, #1216, #4112, #2846, #4503, #2014 ),
 ( #326, #360, #743, #4520, #5285, #4920 ),
 ( #4447, #1166, #3289, #4035, #4936, #1615 ),
 ( #5317, #763, #1580, #2822, #341, #1997 ),
 ( #816, #382, #4860, #1234, #3699, #4481 ),
 ( #3235, #5300, #3642, #3269, #3253, #1181 ),
 ( #4057, #1595, #4075, #2456, #5335, #799 ),
 ( #4092, #400, #2036, #477, #840, #1723 ),
 ( #4557, #2092, #2951, #2934, #1329, #893 ),
 ( #4995, #2531, #3773, #4977, #3378, #2899 ),
 ( #3362, #4575, #419, #494, #3323, #2168 ),
 ( #1293, #1744, #2148, #60, #1312, #4607 ),
 ( #5036, #3789, #2112, #6, #4959, #2513 ),
 ( #3306, #4185, #858, #1707, #3717, #4590 ),
 ( #914, #3737, #5014, #2492, #2549, #4201 ),
 ( #1254, #1692, #2972, #77, #4133, #1671 ),
 ( #4536, #40, #23, #2918, #438, #1272 ),
 ( #4151, #459, #3340, #4165, #876, #3753 ),
 ( #2131, #3842, #3057, #5090, #144, #932 ),
 ( #3024, #97, #129, #2991, #3880, #2185 ),
 ( #547, #4216, #513, #583, #3394, #4696 ),
 ( #2217, #530, #3811, #5052, #2588, #1346 ),
 ( #3465, #4657, #1764, #998, #1412, #4253 ),
 ( #3008, #4641, #111, #2621, #2199, #4625 ),
 ( #2246, #3416, #3825, #4269, #1817, #3040 ),
 ( #1799, #947, #1365, #564, #962, #4233 ),
 ( #3449, #158, #1781, #1833, #1379, #981 ),
 ( #5068, #2602, #3432, #2566, #3861, #1395 ),
 ( #5106, #4675, #4285, #2231, #2641, #2318 ),
 ( #599, #1054, #1499, #1904, #5177, #230 ),
 ( #178, #4374, #3553, #1870, #1918, #1850 ),
 ( #3145, #3483, #4770, #2715, #3518, #667 ),
 ( #3129, #3537, #1430, #5159, #1463, #652 ),
 ( #4319, #1445, #3930, #1888, #4786, #1072 ),
 ( #2729, #4731, #3947, #1015, #251, #1483 ),
 ( #1088, #3960, #5121, #4338, #3895, #2658 ),
 ( #612, #4749, #3073, #2300, #4357, #4302 ),
 ( #213, #4714, #2693, #2265, #5136, #2675 ),
 ( #3110, #194, #3092, #3501, #1037, #3911 ),
 ( #2282, #5193, #630, #2748, #1940, #2350 ),
 ( #4421, #334, #1969, #3162, #755, #3227 ),
 ( #701, #3636, #717, #283, #5258, #3603 ),
 ( #2766, #4457, #1158, #1589, #2816, #1572 ),
 ( #735, #4836, #2801, #4803, #319, #681 ),
 ( #3620, #1533, #4391, #3208, #5242, #1175 ),
 ( #2009, #2383, #4029, #4440, #1954, #4049 ),
 ( #267, #1987, #1554, #5208, #2335, #3176 ),
 ( #1138, #3584, #3570, #4853, #1105, #3979 ),
 ( #1516, #5228, #1121, #4404, #3996, #4820 ),
 ( #2365, #2785, #2400, #300, #4013, #3191 ),
 ( #5278, #1310, #4475, #2949, #3653, #4495 ),
 ( #2433, #4896, #792, #1628, #2547, #2529 ),
 ( #5311, #3769, #2858, #3263, #2146, #3674 ),
 ( #353, #2417, #2127, #5011, #1193, #3360 ),
 ( #4872, #5294, #889, #2838, #1209, #4183 ),
 ( #1721, #373, #4993, #57, #2029, #4086 ),
 ( #775, #475, #4587, #3247, #4069, #1607 ),
 ( #4471, #4027, #4889, #751, #2799, #2871 ),
 ( #2832, #2814, #4436, #2006, #2431, #4867 ),
 ( #4911, #1984, #2043, #4454, #1570, #3650 ),
 ( #3634, #1153, #390, #5308, #5325, #1207 ),
 ( #2025, #350, #1190, #3205, #4065, #1551 ),
 ( #2856, #5272, #315, #1603, #1173, #2447 ),
 ( #715, #3242, #772, #368, #332, #4083 ),
 ( #1136, #3260, #5292, #3599, #1625, #4851 ),
 ( #2413, #2398, #4489, #789, #4010, #4835 ),
 ( #4418, #3671, #1967, #2380, #5256, #3225 ),
 ( #4044, #733, #3616, #1586, #3330, #1681 ),
 ( #4927, #1279, #1699, #2464, #3313, #4966 ),
 ( #30, #2481, #4944, #4543, #2925, #2959 ),
 ( #2119, #14, #3350, #2907, #1262, #2140 ),
 ( #866, #3762, #1302, #4174, #2100, #1642 ),
 ( #1659, #4121, #2499, #1714, #448, #3744 ),
 ( #4158, #3724, #808, #849, #3688, #4582 ),
 ( #4984, #4140, #5344, #1224, #5004, #4099 ),
 ( #4566, #1241, #2522, #47, #2887, #69 ),
 ( #2941, #427, #4527, #467, #883, #2539 ),
 ( #3276, #2078, #4510, #2059, #407, #3297 ),
 ( #824, #3706, #2627, #4646, #5095, #969 ),
 ( #2983, #4241, #2594, #3422, #502, #951 ),
 ( #2207, #1788, #5044, #2557, #3832, #3403 ),
 ( #923, #4207, #3370, #3386, #149, #485 ),
 ( #1371, #3029, #903, #4259, #537, #1321 ),
 ( #3781, #4192, #1771, #2222, #2610, #5074 ),
 ( #1732, #4598, #2158, #1805, #2577, #5024 ),
 ( #105, #86, #3800, #134, #1336, #2191 ),
 ( #553, #4664, #3847, #1754, #3439, #4614 ),
 ( #2175, #5059, #2999, #520, #1385, #940 ),
 ( #119, #3816, #1355, #4223, #4632, #3015 ),
 ( #2666, #1823, #3456, #3100, #2309, #2649 ),
 ( #3868, #571, #3048, #1452, #4351, #3081 ),
 ( #1857, #3492, #987, #605, #1401, #1898 ),
 ( #1879, #1023, #4682, #4275, #3527, #2237 ),
 ( #4722, #186, #2682, #1004, #5111, #164 ) ),
 .UNSPECIFIED., .F., .F., .F.,
 ( 6, 3, 3, 1, 3, 3, 3, 3, 4, 3, 3, 3, 3, 3, 3, 3, 3, 3, 3, 3, 3, 3, 3, 3, 3, 3, 3, 3, 3, 3, 3, 3, 3, 3, 3, 3, 3, 3, 3, 3, 3, 2, 4, 3, 3, 3, 3, 3, 3, 3, 2, 3, 4, 3, 3, 3, 4, 3, 3, 3, 3, 3, 3, 3, 3, 3, 3, 6 ),
 ( 6, 6 ),
 ( 0.0000000000000000000, 0.001143221307158447400, 0.002286442614316894700, 0.009145770457267579000, 0.01829154091453515800, 0.03658308182907031600, 0.07316616365814063200, 0.1463323273162812600, 0.2926646546325625300, 0.2928596958542818400, 0.2934448195194397400, 0.2942249844063169500, 0.2957853141800713100, 0.2989059737275801000, 0.3051472928225976700, 0.3113886119176152400, 0.3145092714651240300, 0.3152894363520012400, 0.3156795187954398200, 0.3160696012388783900, 0.3176299310126328200, 0.3301125692026679600, 0.3363538882976855300, 0.3394745478451942600, 0.3404497539537907300, 0.3406447951755100500, 0.3408398363972293700, 0.3410348776189486800, 0.3425952073927030500, 0.3550778455827381400, 0.3613191646777557100, 0.3644398242252645000, 0.3660001539990188600, 0.3663902364424575000, 0.3667803188858960700, 0.3675604837727732800, 0.3738018028677908600, 0.3769224624152996400, 0.3800431219628084300, 0.3862844410578260000, 0.3894051006053347900, 0.3909654303790891500, 0.3925257601528435700, 0.3927070445572892200, 0.4389345676909319800, 0.4853433752290203800, 0.5781609903051971900, 0.6245697978432855900, 0.6709786053813739900, 0.7173874129194624000, 0.7405918166885066000, 0.7521940185730287000, 0.7637962204575506900, 0.7708236128448195900, 0.8200153595557027100, 0.8762344986538548300, 0.9886727768501588600, 0.9888497647118751300, 0.9893807282970239500, 0.9900886797438890300, 0.9911506069141866600, 0.9915045826376192000, 0.9929204855313493700, 0.9943363884250794300, 0.9964602427656745800, 0.9971681942125396600, 0.9985840971062698300, 1.000000000000000000 ),
 ( 0.0000000000000000000, 1.000000000000000000 ),
 .UNSPECIFIED. ) ;
#2163 = CARTESIAN_POINT ( 'NONE',  ( 33.36279073430882400, -2.827753610683781300, -84.95808596220315700 ) ) ;
#2164 = CARTESIAN_POINT ( 'NONE',  ( 28.04737288667735500, -3.501695169439779800, -67.66777135554414700 ) ) ;
#2165 = CARTESIAN_POINT ( 'NONE',  ( 34.42499999999999700, -0.2499999999999997800, 91.59999999999999400 ) ) ;
#2166 = CARTESIAN_POINT ( 'NONE',  ( 45.50000000000000000, -3.500000000000000000, 101.5999999999999900 ) ) ;
#2167 = CARTESIAN_POINT ( 'NONE',  ( 34.50000000000000000, -3.500000000000000000, -101.5999999999999900 ) ) ;
#2168 = CARTESIAN_POINT ( 'NONE',  ( 34.36186105642458000, 0.4974768202577069500, 91.60000000000000900 ) ) ;
#2169 = CARTESIAN_POINT ( 'NONE',  ( 32.08547868418043000, -1.043256089818274800, -67.61746359927248300 ) ) ;
#2170 = CARTESIAN_POINT ( 'NONE',  ( 33.28102620571090100, 0.7754125465397886400, 70.33708468698097200 ) ) ;
#2171 = CARTESIAN_POINT ( 'NONE',  ( 32.08462336270942900, 5.388116888409729000, 34.99999999999997200 ) ) ;
#2172 = CARTESIAN_POINT ( 'NONE',  ( 40.00000000000000000, -3.926777784743245500, 0.0000000000000000000 ) ) ;
#2173 = CARTESIAN_POINT ( 'NONE',  ( 44.19490422148542300, -2.710598173594952700, 92.26053410948124200 ) ) ;
#2174 = CARTESIAN_POINT ( 'NONE',  ( 34.50000000000000000, -3.500000000000000000, -101.5999999999999900 ) ) ;
#2175 = CARTESIAN_POINT ( 'NONE',  ( 52.11063020378982500, -3.494048693186965000, 65.00000000000000000 ) ) ;
#2176 = CARTESIAN_POINT ( 'NONE',  ( 34.50153597019962600, -3.223514804786209900, -0.1336222005882920500 ) ) ;
#2177 = CARTESIAN_POINT ( 'NONE',  ( 47.03144227845508900, 0.2691641161552798500, -81.05122411097833900 ) ) ;
#2178 = ORIENTED_EDGE ( 'NONE', *, *, #874, .T. ) ;
#2179 = B_SPLINE_SURFACE_WITH_KNOTS ( 'NONE', 3, 3, ( 
 ( #1266, #4549, #887, #3766 ),
 ( #489, #3374, #92, #1383 ),
 ( #4257, #2792, #3232, #4074 ),
 ( #380, #4480, #4019, #3268 ),
 ( #2863, #1613, #2845, #723 ),
 ( #339, #1180, #3608, #4056 ),
 ( #5299, #4877, #2806, #306 ),
 ( #1164, #4902, #4462, #3592 ),
 ( #760, #2013, #3214, #2033 ),
 ( #4002, #1594, #2821, #1127 ),
 ( #1560, #1540, #1993, #4842 ),
 ( #358, #3641, #2422, #5316 ),
 ( #4410, #2438, #325, #1960 ),
 ( #2390, #741, #3252, #1144 ),
 ( #1976, #4827, #5248, #780 ),
 ( #3197, #3626, #5284, #3658 ),
 ( #5265, #4034, #4426, #1198 ),
 ( #2371, #1578, #4446, #4859 ),
 ( #2405, #4994, #1667, #417 ),
 ( #1214, #4956, #875, #3304 ),
 ( #1633, #3679, #798, #4554 ),
 ( #3734, #4502, #2489, #4091 ),
 ( #21, #4518, #2128, #399 ),
 ( #4131, #2454, #2050, #1292 ),
 ( #2950, #2916, #837, #435 ),
 ( #4919, #3287, #814, #5333 ),
 ( #4164, #3321, #2878, #4574 ),
 ( #4, #857, #3696, #1270 ),
 ( #4974, #476, #1706, #1232 ),
 ( #2511, #58, #2530, #38 ),
 ( #2110, #4148, #1690, #4109 ),
 ( #1651, #3715, #2933, #3752 ),
 ( #2069, #457, #3338, #4934 ),
 ( #2472, #2895, #1252, #4534 ),
 ( #2089, #546, #2620, #1797 ),
 ( #4184, #3431, #3361, #1722 ),
 ( #5088, #128, #3414, #3824 ),
 ( #3770, #143, #4656, #96 ),
 ( #75, #3039, #2548, #2970 ),
 ( #890, #1344, #1311, #2990 ),
 ( #3841, #4200, #2198, #492 ),
 ( #2587, #3377, #5050, #2167 ),
 ( #3023, #3007, #912, #960 ),
 ( #1364, #4588, #1378, #5067 ),
 ( #4252, #2216, #2601, #2147 ),
 ( #1741, #4606, #5035, #4624 ),
 ( #529, #946, #5012, #2184 ) ),
 .UNSPECIFIED., .T., .F., .F.,
 ( 4, 1, 1, 1, 1, 2, 1, 1, 1, 1, 1, 1, 1, 1, 2, 1, 1, 1, 2, 1, 1, 1, 1, 1, 1, 1, 1, 1, 1, 1, 2, 1, 1, 1, 1, 2, 1, 1, 1, 4 ),
 ( 4, 4 ),
 ( 0.0000000000000000000, 0.02308594244383046400, 0.06156251318354790500, 0.1231250263670958100, 0.1846875395506437100, 0.2462500527341916200, 0.3002781212404546100, 0.3543061897467175700, 0.3880737325631319300, 0.4083342582529805300, 0.4285947839428291300, 0.4421018010693949000, 0.4488553096326777200, 0.4556088181959606100, 0.4623623267592434900, 0.4648778679603207100, 0.4673934091613979300, 0.4699089503624752600, 0.4724244915635524800, 0.4799685775639622200, 0.4875126635643719500, 0.4950567495647816800, 0.5026008355651914200, 0.5101449215656010900, 0.5327771795668303500, 0.5403212655672401400, 0.5554094375680596100, 0.5931298675701082200, 0.6157621255713374700, 0.6534825555733860800, 0.7138352435766639500, 0.7655958631888616400, 0.8173564828010593300, 0.8691171024132569000, 0.8986945993345126800, 0.9208777220254545900, 0.9406582915190908600, 0.9604388610127272400, 0.9802194305063636200, 1.000000000000000000 ),
 ( 0.0000000000000000000, 1.000000000000000000 ),
 .UNSPECIFIED. ) ;
#2180 = CARTESIAN_POINT ( 'NONE',  ( 30.52440713943623200, -2.524148729762156300, -70.35239488166720900 ) ) ;
#2181 = CARTESIAN_POINT ( 'NONE',  ( 46.54485572321939200, 1.603311290061676800, -81.04340130753492100 ) ) ;
#2182 = CARTESIAN_POINT ( 'NONE',  ( 35.00719339190718000, -3.320580620601477000, -24.02336082407670000 ) ) ;
#2183 = CARTESIAN_POINT ( 'NONE',  ( 39.04232806002462300, -1.408451403349630900, 91.60000000000013600 ) ) ;
#2184 = CARTESIAN_POINT ( 'NONE',  ( 34.50000000000000000, -3.500000000000000000, -101.5999999999999900 ) ) ;
#2185 = CARTESIAN_POINT ( 'NONE',  ( 34.62677941926486400, 0.4977957292524653500, 91.60000000000000900 ) ) ;
#2186 = CARTESIAN_POINT ( 'NONE',  ( 35.48996752149823000, -1.393732167215711200, -84.91715898738603100 ) ) ;
#2187 = CARTESIAN_POINT ( 'NONE',  ( 47.02154770541520900, 1.246857595921604200, -65.00000000000000000 ) ) ;
#2188 = CARTESIAN_POINT ( 'NONE',  ( 34.31515449917876000, -0.9920000778399279400, 91.59999999999990900 ) ) ;
#2189 = CARTESIAN_POINT ( 'NONE',  ( 52.04282393643056500, -3.495300514531105100, 65.00000000000000000 ) ) ;
#2190 = CARTESIAN_POINT ( 'NONE',  ( 45.50000000000000000, -3.500000000000000000, 101.5999999999999900 ) ) ;
#2191 = CARTESIAN_POINT ( 'NONE',  ( 47.62706848559373900, -3.484494567129924600, 91.59999999999999400 ) ) ;
#2192 = CARTESIAN_POINT ( 'NONE',  ( 36.53254800249825300, -1.271595388613925500, -4.274187948342527600 ) ) ;
#2193 = CARTESIAN_POINT ( 'NONE',  ( 47.66463973007687800, 1.570258109074861300, -75.87677274795665000 ) ) ;
#2194 = CARTESIAN_POINT ( 'NONE',  ( 38.80985213247380000, -1.911408412262552500, -91.59999999999999400 ) ) ;
#2195 = CARTESIAN_POINT ( 'NONE',  ( 46.53087092621932200, 2.292957994011311400, -75.80014218580352300 ) ) ;
#2196 = DIRECTION ( 'NONE',  ( 0.0000000000000000000, 1.000000000000000000, 0.0000000000000000000 ) ) ;
#2197 = CARTESIAN_POINT ( 'NONE',  ( 33.83519988948172100, -0.8371507394188374400, 91.59999999999999400 ) ) ;
#2198 = CARTESIAN_POINT ( 'NONE',  ( 39.75011132646513800, -2.505932417156091100, -99.30450648846338900 ) ) ;
#2199 = CARTESIAN_POINT ( 'NONE',  ( 35.81603248682420600, 0.9736196835288133400, 86.08716063721580300 ) ) ;
#2200 = CARTESIAN_POINT ( 'NONE',  ( 33.13352429477038200, -0.6590898386838134300, -70.36527296117219500 ) ) ;
#2201 = DIRECTION ( 'NONE',  ( -0.0000000000000000000, -0.0000000000000000000, -1.000000000000000000 ) ) ;
#2202 = B_SPLINE_SURFACE_WITH_KNOTS ( 'NONE', 3, 3, ( 
 ( #2230, #4693, #3516, #4712 ),
 ( #1848, #5104, #156, #1866 ),
 ( #173, #3071, #597, #3480 ),
 ( #1013, #2264, #192, #611 ),
 ( #3499, #1032, #3908, #5326 ),
 ( #1152, #5226, #4328, #4431 ),
 ( #1728, #3468, #1694, #25 ),
 ( #2568, #4153, #440, #2993 ),
 ( #4627, #1314, #2133, #2150 ),
 ( #2920, #2114, #2515, #3739 ),
 ( #515, #2551, #3325, #934 ),
 ( #1348, #878, #3813, #895 ),
 ( #79, #3775, #62, #2187 ),
 ( #860, #1274, #3396, #1746 ),
 ( #1725, #2936, #4559, #2974 ),
 ( #4979, #2953, #496, #99 ),
 ( #1766, #4187, #916, #461 ),
 ( #42, #3342, #3755, #479 ),
 ( #1295, #5038, #2494, #4218 ),
 ( #4167, #1709, #4997, #2533 ),
 ( #3364, #3791, #1331, #4203 ) ),
 .UNSPECIFIED., .F., .F., .F.,
 ( 4, 1, 1, 1, 2, 1, 1, 1, 2, 1, 1, 1, 1, 1, 1, 1, 4 ),
 ( 4, 4 ),
 ( 0.0000000000000000000, 0.08075097211383125400, 0.1615019442276625100, 0.2422529163414937600, 0.3230038884553250200, 0.4546910722870358700, 0.5863782561187467200, 0.7180654399504578000, 0.8497526237821685400, 0.8685335458093974600, 0.8873144678366264900, 0.9060953898638552900, 0.9248763118910842100, 0.9436572339183132400, 0.9624381559455421600, 0.9812190779727709700, 1.000000000000000000 ),
 ( 0.0000000000000000000, 1.000000000000000000 ),
 .UNSPECIFIED. ) ;
#2203 = CARTESIAN_POINT ( 'NONE',  ( 47.55081168072558700, -3.497030537516179600, 91.59999999999999400 ) ) ;
#2204 = VERTEX_POINT ( 'NONE', #3864 ) ;
#2205 = CARTESIAN_POINT ( 'NONE',  ( 39.04232806002462300, -1.408451403349630900, 91.60000000000013600 ) ) ;
#2206 = ORIENTED_EDGE ( 'NONE', *, *, #1462, .T. ) ;
#2207 = CARTESIAN_POINT ( 'NONE',  ( 52.17833066966497300, -3.429358790249550400, 65.00000000000000000 ) ) ;
#2208 = CARTESIAN_POINT ( 'NONE',  ( 46.91210552678855100, 2.654280857868339900, -70.36527011294697300 ) ) ;
#2209 = CARTESIAN_POINT ( 'NONE',  ( 37.17964715962273200, -0.6606301824192953900, -4.738356817864173300 ) ) ;
#2210 = CARTESIAN_POINT ( 'NONE',  ( 47.60010500867924300, 1.628853572893237600, -65.00000000000001400 ) ) ;
#2211 = CARTESIAN_POINT ( 'NONE',  ( 32.24523901262982400, 5.447362335066740600, 34.99999999999999300 ) ) ;
#2212 = CARTESIAN_POINT ( 'NONE',  ( 32.72712198500458000, -1.490608911064571700, -67.67536923830650200 ) ) ;
#2213 = CARTESIAN_POINT ( 'NONE',  ( 46.49860251106017700, 2.254964449777561600, -75.78649749540453200 ) ) ;
#2214 = CARTESIAN_POINT ( 'NONE',  ( 35.41326115848836100, 2.878507268367561000, 3.035099141670409000 ) ) ;
#2215 = ORIENTED_EDGE ( 'NONE', *, *, #3076, .F. ) ;
#2216 = CARTESIAN_POINT ( 'NONE',  ( 46.01574445587189600, -0.6829223572617525400, -98.10577902176464700 ) ) ;
#2217 = CARTESIAN_POINT ( 'NONE',  ( 34.26179772943700600, 3.232811356166312300, 64.99999999999997200 ) ) ;
#2218 = CARTESIAN_POINT ( 'NONE',  ( 38.05150336774718100, -1.051840288493286700, -91.59999999999998000 ) ) ;
#2219 = CARTESIAN_POINT ( 'NONE',  ( 45.49961582624570200, 1.540237350612703600, -0.06700533601051506000 ) ) ;
#2220 = DIRECTION ( 'NONE',  ( -1.000000000000000000, 0.0000000000000000000, 0.0000000000000000000 ) ) ;
#2221 = CARTESIAN_POINT ( 'NONE',  ( 37.42847696608961900, -0.7920190706095172600, -78.31710555057728100 ) ) ;
#2222 = CARTESIAN_POINT ( 'NONE',  ( 50.22614392549542800, -3.462190723718860500, 78.26781773001948700 ) ) ;
#2223 = CARTESIAN_POINT ( 'NONE',  ( 46.73489242265151200, 2.650191370069476400, -70.32952931684940300 ) ) ;
#2224 = CARTESIAN_POINT ( 'NONE',  ( 39.04637753448836400, 1.225440209216128100, -5.417406191836852800 ) ) ;
#2225 = CARTESIAN_POINT ( 'NONE',  ( 47.54742433527753300, 1.567547782638999900, -65.00000000000000000 ) ) ;
#2226 = DIRECTION ( 'NONE',  ( -0.0000000000000000000, -1.000000000000000000, -0.0000000000000000000 ) ) ;
#2227 = CARTESIAN_POINT ( 'NONE',  ( 46.49021631219743300, 2.241868967693481500, -75.78190063152148100 ) ) ;
#2228 = APPROVAL ( #5116, 'UNSPECIFIED' ) ;
#2229 = DIRECTION ( 'NONE',  ( 0.0000000000000000000, 0.0000000000000000000, 1.000000000000000000 ) ) ;
#2230 = CARTESIAN_POINT ( 'NONE',  ( 26.73084485828933100, -3.492244288815581100, -35.00000000000000000 ) ) ;
#2231 = CARTESIAN_POINT ( 'NONE',  ( 39.48770015494643100, 1.040737583510074500, 79.59022003946365900 ) ) ;
#2232 = CARTESIAN_POINT ( 'NONE',  ( 28.37321108272550800, -3.002765625858827600, -65.00000000000000000 ) ) ;
#2233 = CARTESIAN_POINT ( 'NONE',  ( 42.59020479624093300, -0.7987684386529365600, 78.31033712664007900 ) ) ;
#2234 = DIRECTION ( 'NONE',  ( -1.000000000000000000, 0.0000000000000000000, 0.0000000000000000000 ) ) ;
#2235 = CARTESIAN_POINT ( 'NONE',  ( 37.45963591027552300, -0.7808014321157682500, -78.32837450158147900 ) ) ;
#2236 = CARTESIAN_POINT ( 'NONE',  ( 33.36959981297119500, 1.593107552740434400, 81.05436996283192700 ) ) ;
#2237 = CARTESIAN_POINT ( 'NONE',  ( 47.55778758735897300, -3.498769530839275900, 91.59999999999999400 ) ) ;
#2238 = CARTESIAN_POINT ( 'NONE',  ( 45.81569311853580500, 0.4606982061924536600, -91.60000000000020700 ) ) ;
#2239 = CARTESIAN_POINT ( 'NONE',  ( 30.34347858475680600, -0.5501074020983604000, -34.99999999999999300 ) ) ;
#2240 = CARTESIAN_POINT ( 'NONE',  ( 46.74899974647362900, 0.3257734667235619400, -86.34463719431541100 ) ) ;
#2241 = CARTESIAN_POINT ( 'NONE',  ( 32.78535988214164800, 4.375000000000001800, 55.01631114997885400 ) ) ;
#2242 = CARTESIAN_POINT ( 'NONE',  ( 46.54988309962617900, 1.603059247592111500, -81.04409992298963100 ) ) ;
#2243 = CARTESIAN_POINT ( 'NONE',  ( 45.40164345499783100, 2.056579181121865200, 0.0000000000000000000 ) ) ;
#2244 = CARTESIAN_POINT ( 'NONE',  ( 27.86932455166549300, -3.289742675707854500, -65.00000000000000000 ) ) ;
#2245 = CARTESIAN_POINT ( 'NONE',  ( 46.84953883006949800, -3.322213288798760100, 91.59999999999999400 ) ) ;
#2246 = CARTESIAN_POINT ( 'NONE',  ( 36.10663537759910500, 3.101051363338989100, 65.00000000000000000 ) ) ;
#2247 = CARTESIAN_POINT ( 'NONE',  ( 28.84577792609462300, -2.733625987851395300, -65.00000000000002800 ) ) ;
#2248 = DIRECTION ( 'NONE',  ( -1.000000000000000000, 0.0000000000000000000, 0.0000000000000000000 ) ) ;
#2249 = DIRECTION ( 'NONE',  ( -0.0000000000000000000, -1.000000000000000000, -0.0000000000000000000 ) ) ;
#2250 = CARTESIAN_POINT ( 'NONE',  ( 36.06216769576345600, -0.05825803499628843400, -67.68612178581753400 ) ) ;
#2251 = CARTESIAN_POINT ( 'NONE',  ( 33.85546977309999800, 0.2368358839599092900, 91.60000000000026400 ) ) ;
#2252 = LINE ( 'NONE', #3355, #695 ) ;
#2253 = CARTESIAN_POINT ( 'NONE',  ( 39.43067750481532100, -1.122683895436394900, -5.477749966640965700 ) ) ;
#2254 = CARTESIAN_POINT ( 'NONE',  ( 40.00000000000000000, 3.500000000000000000, 2.500000000000000000 ) ) ;
#2255 = CARTESIAN_POINT ( 'NONE',  ( 46.02850339656156100, 1.020485860252361200, -86.29537498685428400 ) ) ;
#2256 = CARTESIAN_POINT ( 'NONE',  ( 31.18668665967196700, 0.06572055313576348500, -42.25315435262296400 ) ) ;
#2257 = EDGE_LOOP ( 'NONE', ( #1093, #1934, #4372, #4490, #3295, #911, #2648, #1251, #1931, #5040 ) ) ;
#2258 = FACE_OUTER_BOUND ( 'NONE', #3991, .T. ) ;
#2259 = CARTESIAN_POINT ( 'NONE',  ( 47.21021441429399300, 0.9368330561144021500, -81.08715264414978200 ) ) ;
#2260 = CARTESIAN_POINT ( 'NONE',  ( 33.97317448123927600, 3.108958647604744400, 35.00000000000000000 ) ) ;
#2261 = ORIENTED_EDGE ( 'NONE', *, *, #3898, .F. ) ;
#2262 = CARTESIAN_POINT ( 'NONE',  ( 46.27523744739917800, 0.9657101012564463000, -86.31826175639295700 ) ) ;
#2263 = CARTESIAN_POINT ( 'NONE',  ( 45.46615764047162100, 1.095957696284068000, 0.0000000000000000000 ) ) ;
#2264 = CARTESIAN_POINT ( 'NONE',  ( 29.65772050260383700, -1.844165503243006400, -41.30203621008836700 ) ) ;
#2265 = CARTESIAN_POINT ( 'NONE',  ( 43.60340652828558900, -0.2197805307018690400, 78.47213103761093600 ) ) ;
#2266 = CARTESIAN_POINT ( 'NONE',  ( 29.70701768088049000, -3.365499198823409100, -78.19846129354675700 ) ) ;
#2267 = CARTESIAN_POINT ( 'NONE',  ( 40.54564754996660300, -1.750743740576115900, 91.59999999999998000 ) ) ;
#2268 = CARTESIAN_POINT ( 'NONE',  ( 32.48231342791256500, 0.8303959714752510200, 75.80340039903732900 ) ) ;
#2269 = CARTESIAN_POINT ( 'NONE',  ( 36.82966719162533300, 3.092486487216391700, 65.00000000000009900 ) ) ;
#2270 = CARTESIAN_POINT ( 'NONE',  ( 39.67498476685769800, -1.696683859300798900, -91.59999999999998000 ) ) ;
#2271 = CARTESIAN_POINT ( 'NONE',  ( 33.48240094664517100, 2.279342903484146400, 75.79519563293634100 ) ) ;
#2272 = CARTESIAN_POINT ( 'NONE',  ( 32.22339387870549400, 3.050896305807777200, 23.26039490698691700 ) ) ;
#2273 = CARTESIAN_POINT ( 'NONE',  ( 45.56673572008482200, 0.4999544664027813500, -91.59999999999999400 ) ) ;
#2274 = CARTESIAN_POINT ( 'NONE',  ( 45.94030334032638800, 1.024621163768027800, -86.28631345530536100 ) ) ;
#2275 = CARTESIAN_POINT ( 'NONE',  ( 45.31605442173086800, 2.341894158340885200, 23.15914934196612400 ) ) ;
#2276 = CARTESIAN_POINT ( 'NONE',  ( 47.79820265689245700, 2.081356020957780400, -65.00000000000002800 ) ) ;
#2277 = CARTESIAN_POINT ( 'NONE',  ( 43.41895978968448600, -2.537777229246541900, 23.78055256083094400 ) ) ;
#2278 = CARTESIAN_POINT ( 'NONE',  ( 46.30506992253395300, 0.9533991430456355600, -86.32064254446221700 ) ) ;
#2279 = CARTESIAN_POINT ( 'NONE',  ( 45.22975383656658000, 0.6794399671886728300, -5.448849002921631000 ) ) ;
#2280 = CARTESIAN_POINT ( 'NONE',  ( 40.00000000000000000, -3.500000000000000000, 0.0000000000000000000 ) ) ;
#2281 = CARTESIAN_POINT ( 'NONE',  ( 50.23222477039665500, -2.845021310412859900, 70.35293642492540300 ) ) ;
#2282 = CARTESIAN_POINT ( 'NONE',  ( 46.21034873818761200, 0.06078350836537170500, 65.00000000000000000 ) ) ;
#2283 = CARTESIAN_POINT ( 'NONE',  ( 29.70828090619541200, -3.356530006669240500, -78.19803802298280000 ) ) ;
#2284 = CARTESIAN_POINT ( 'NONE',  ( 40.54048557675387300, -1.749458338471516500, 91.59999999999998000 ) ) ;
#2285 = CARTESIAN_POINT ( 'NONE',  ( 32.71206762142320900, 1.371874578723889100, 65.00000000000000000 ) ) ;
#2286 = CARTESIAN_POINT ( 'NONE',  ( 52.96936919485861500, -2.969610173496466800, 40.01762318879649900 ) ) ;
#2287 = CARTESIAN_POINT ( 'NONE',  ( 35.99289544538710600, 0.06261168385628486400, -65.00000000000000000 ) ) ;
#2288 = CARTESIAN_POINT ( 'NONE',  ( 33.61975957432085900, 0.9163090829247027000, 86.32632687306109200 ) ) ;
#2289 = CARTESIAN_POINT ( 'NONE',  ( 35.29757911306222000, 0.4191362411870013800, 2.854119033133481100 ) ) ;
#2290 = CARTESIAN_POINT ( 'NONE',  ( 33.68914904690694100, -0.3985518718915080400, 91.59999999999989500 ) ) ;
#2291 = CARTESIAN_POINT ( 'NONE',  ( 46.82433663192092900, 3.250000000000000400, -64.99999999999997200 ) ) ;
#2292 = CARTESIAN_POINT ( 'NONE',  ( 35.56170968827046200, 2.735737333946334000, 5.871073698460308200 ) ) ;
#2293 = CARTESIAN_POINT ( 'NONE',  ( 47.12824978150134600, 2.312368313644595400, -75.89003133751924700 ) ) ;
#2294 = CARTESIAN_POINT ( 'NONE',  ( 43.70965456563202900, 1.643812679281249700, 23.26334147378031500 ) ) ;
#2295 = CARTESIAN_POINT ( 'NONE',  ( 46.47190246595684500, 2.144984873022814000, -75.73823792957206500 ) ) ;
#2296 = AXIS2_PLACEMENT_3D ( 'NONE', #352, #2449, #5310 ) ;
#2297 = CARTESIAN_POINT ( 'NONE',  ( 44.63758109871220400, 0.3050256012237314000, -5.765207112172456400 ) ) ;
#2298 = DIRECTION ( 'NONE',  ( -0.0000000000000000000, -0.0000000000000000000, 1.000000000000000000 ) ) ;
#2299 = EDGE_CURVE ( 'NONE', #1946, #1549, #4748, .T. ) ;
#2300 = CARTESIAN_POINT ( 'NONE',  ( 43.24372587855108900, -0.07588453309606539600, 78.54072908368480900 ) ) ;
#2301 = CARTESIAN_POINT ( 'NONE',  ( 31.26819346376458200, -1.485620247608861800, -67.57677729352649000 ) ) ;
#2302 = CARTESIAN_POINT ( 'NONE',  ( 43.97297646426784500, -0.07322186080509268700, 67.67485012061081300 ) ) ;
#2303 = CARTESIAN_POINT ( 'NONE',  ( 32.95293564096181900, 0.2915741350477837300, 81.05318348199435300 ) ) ;
#2304 = CARTESIAN_POINT ( 'NONE',  ( 52.74401140838147500, -3.500636023863865200, 52.50155703662636600 ) ) ;
#2305 = CARTESIAN_POINT ( 'NONE',  ( 37.88924663637267500, 0.7745193499756066700, -65.00000000000001400 ) ) ;
#2306 = CARTESIAN_POINT ( 'NONE',  ( 33.53656010735592500, 0.8611738803630938400, 86.33203674871680300 ) ) ;
#2307 = DIRECTION ( 'NONE',  ( -0.0000000000000000000, -0.0000000000000000000, 1.000000000000000000 ) ) ;
#2308 = CARTESIAN_POINT ( 'NONE',  ( 33.70896529896568000, -0.4745089486237626400, 91.59999999999982400 ) ) ;
#2309 = CARTESIAN_POINT ( 'NONE',  ( 48.88174576102429100, -3.499006284879282400, 84.95057971921957600 ) ) ;
#2310 = CARTESIAN_POINT ( 'NONE',  ( 45.59254270974024300, 0.4998895431517681500, -91.59999999999998000 ) ) ;
#2311 = CARTESIAN_POINT ( 'NONE',  ( 36.01641661760950100, 2.805021401942735100, 5.844137577975714300 ) ) ;
#2312 = AXIS2_PLACEMENT_3D ( 'NONE', #44, #3367, #2154 ) ;
#2313 = CARTESIAN_POINT ( 'NONE',  ( 47.11378297369271500, 1.219601019862717000, -81.08947284924259700 ) ) ;
#2314 = DIRECTION ( 'NONE',  ( 1.000000000000000000, 0.0000000000000000000, 0.0000000000000000000 ) ) ;
#2315 = CARTESIAN_POINT ( 'NONE',  ( 44.63758109871220400, 0.3050256012237314000, 0.0000000000000000000 ) ) ;
#2316 = COORDINATED_UNIVERSAL_TIME_OFFSET ( 5, 30, .AHEAD. ) ;
#2317 = FACE_OUTER_BOUND ( 'NONE', #4563, .T. ) ;
#2318 = CARTESIAN_POINT ( 'NONE',  ( 37.82490372056941700, 0.1770988376213935600, 91.59999999999998000 ) ) ;
#2319 = CARTESIAN_POINT ( 'NONE',  ( 28.03416995841049100, -3.506225285905156100, -70.12243686704181300 ) ) ;
#2320 = CARTESIAN_POINT ( 'NONE',  ( 42.40304468213550100, -0.7317497319137694600, 78.37785311825048500 ) ) ;
#2321 = CARTESIAN_POINT ( 'NONE',  ( 32.63335306693945600, 1.419910318880267800, 65.00000000000000000 ) ) ;
#2322 = CARTESIAN_POINT ( 'NONE',  ( 51.71418783918148400, -3.052541683012570700, 65.00000000000000000 ) ) ;
#2323 = CARTESIAN_POINT ( 'NONE',  ( 39.45459505462702100, 0.9978282895530242700, -68.70906233126451900 ) ) ;
#2324 = CARTESIAN_POINT ( 'NONE',  ( 34.87048593673021900, -3.379163543254379800, -2.008012070218151600 ) ) ;
#2325 = CARTESIAN_POINT ( 'NONE',  ( 32.20441169365754800, 2.066738329282708200, 65.00000000000002800 ) ) ;
#2326 = CARTESIAN_POINT ( 'NONE',  ( 40.29736853808849200, -1.796070606107766000, 99.96752272332165000 ) ) ;
#2327 = CARTESIAN_POINT ( 'NONE',  ( 46.31658685226157200, 2.655098022408563600, -70.27777195253126800 ) ) ;
#2328 = ORIENTED_EDGE ( 'NONE', *, *, #2416, .T. ) ;
#2329 = CARTESIAN_POINT ( 'NONE',  ( 39.95335175380325400, -1.868037089616290300, -100.0101994566949300 ) ) ;
#2330 = CARTESIAN_POINT ( 'NONE',  ( 47.13122718441884000, 1.187187843435921800, -81.08971980031125800 ) ) ;
#2331 = ADVANCED_FACE ( 'NONE', ( #1995 ), #2096, .F. ) ;
#2332 = CARTESIAN_POINT ( 'NONE',  ( 38.94805388858041800, -0.9122608394840346900, -93.64086251607868400 ) ) ;
#2333 = VERTEX_POINT ( 'NONE', #161 ) ;
#2334 = DIRECTION ( 'NONE',  ( -0.0000000000000000000, -1.000000000000000000, -0.0000000000000000000 ) ) ;
#2335 = CARTESIAN_POINT ( 'NONE',  ( 43.25983229806111300, -0.8577620591919898900, 84.95547810350510100 ) ) ;
#2336 = CARTESIAN_POINT ( 'NONE',  ( 31.04246568272992900, -3.338610833661416400, -84.89923064677337500 ) ) ;
#2337 = CARTESIAN_POINT ( 'NONE',  ( 40.32501523314230200, -1.696683859300798900, 91.59999999999998000 ) ) ;
#2338 = CARTESIAN_POINT ( 'NONE',  ( 32.40463231222155800, 1.221003493014359600, 70.41581147553557700 ) ) ;
#2339 = CARTESIAN_POINT ( 'NONE',  ( 52.65598953907062500, -3.493772401673344200, 52.50208787477462400 ) ) ;
#2340 = CARTESIAN_POINT ( 'NONE',  ( 39.15686521218699300, -1.061663178730185600, -85.09843044722774200 ) ) ;
#2341 = CARTESIAN_POINT ( 'NONE',  ( 35.50098767538330000, 0.3948857285784678200, 3.169233004752065600 ) ) ;
#2342 = CARTESIAN_POINT ( 'NONE',  ( 32.66405092103547500, 2.184587085928809000, 75.89769668342718500 ) ) ;
#2343 = CARTESIAN_POINT ( 'NONE',  ( 35.54998986542407400, -0.1705472125655154700, 97.49799919643973600 ) ) ;
#2344 = CARTESIAN_POINT ( 'NONE',  ( 46.70007367128477000, 2.650378996277289000, -70.32203413774399800 ) ) ;
#2345 = CARTESIAN_POINT ( 'NONE',  ( 40.02516502865302800, 0.9041067581409625300, 72.73096454418418900 ) ) ;
#2346 = CARTESIAN_POINT ( 'NONE',  ( 45.01187891617249200, -2.729550803369758900, 23.85831162089521800 ) ) ;
#2347 = CARTESIAN_POINT ( 'NONE',  ( 46.32458263638635300, -0.2756453762229534300, -91.59999999999996600 ) ) ;
#2348 = CARTESIAN_POINT ( 'NONE',  ( 34.50000000000000000, -3.500000000000000000, -101.5999999999999900 ) ) ;
#2349 = CARTESIAN_POINT ( 'NONE',  ( 44.04282468618878000, 0.04683787287838525600, 65.00000000000000000 ) ) ;
#2350 = CARTESIAN_POINT ( 'NONE',  ( 40.97860149399763000, -0.6769596762373809600, 91.60000000000000900 ) ) ;
#2351 = CARTESIAN_POINT ( 'NONE',  ( 29.70948159010080800, -3.397246091402566400, -78.20108394198791800 ) ) ;
#2352 = CARTESIAN_POINT ( 'NONE',  ( 41.07023820051744400, -1.125444562142694300, 85.05374041890387100 ) ) ;
#2353 = CARTESIAN_POINT ( 'NONE',  ( 33.45746798078266000, -0.2782469555475582400, 86.32561205548901700 ) ) ;
#2354 = CARTESIAN_POINT ( 'NONE',  ( 40.52499493271204000, -1.835273606282757900, 99.54899959821987900 ) ) ;
#2355 = CARTESIAN_POINT ( 'NONE',  ( 38.75936611261018800, -1.175204631573433700, -85.02025008753678000 ) ) ;
#2356 = CARTESIAN_POINT ( 'NONE',  ( 34.95359343166966700, 0.5472311556513109700, 2.194635675430735200 ) ) ;
#2357 = CARTESIAN_POINT ( 'NONE',  ( 47.66302721841510200, 2.772969761729192000, -64.99999999999994300 ) ) ;
#2358 = EDGE_CURVE ( 'NONE', #2875, #4012, #2982, .T. ) ;
#2359 = CARTESIAN_POINT ( 'NONE',  ( 45.60552636848575500, 0.4994688674827784100, -91.59999999999998000 ) ) ;
#2360 = CARTESIAN_POINT ( 'NONE',  ( 40.54118973179365800, 1.194184789398906200, 65.00000000000005700 ) ) ;
#2361 = CARTESIAN_POINT ( 'NONE',  ( 53.38646216366368700, -3.477555676979774200, 23.02707477314376300 ) ) ;
#2362 = CARTESIAN_POINT ( 'NONE',  ( 46.98495754205477200, 1.399935842589649100, -81.08498772180637100 ) ) ;
#2363 = CARTESIAN_POINT ( 'NONE',  ( 39.47500506728796000, -1.835273606282757900, -99.54899959821987900 ) ) ;
#2364 = CARTESIAN_POINT ( 'NONE',  ( 45.63019501744218300, -1.892410213393801900, 78.31536923830654500 ) ) ;
#2365 = CARTESIAN_POINT ( 'NONE',  ( 47.57559924954122700, -0.6955032015643718400, 65.00000000000000000 ) ) ;
#2366 = CARTESIAN_POINT ( 'NONE',  ( 28.06578142394479200, -3.519978851631858900, -70.12722263355212200 ) ) ;
#2367 = CARTESIAN_POINT ( 'NONE',  ( 40.93397104835345600, -1.086855212128806000, 85.08051941592434300 ) ) ;
#2368 = CARTESIAN_POINT ( 'NONE',  ( 32.48086468540957100, 1.123366664772955200, 70.40745010915628700 ) ) ;
#2369 = CARTESIAN_POINT ( 'NONE',  ( 43.11199556209212600, -1.515155730498627600, 91.60000000000003700 ) ) ;
#2370 = CARTESIAN_POINT ( 'NONE',  ( 40.00290416543619900, 1.301999407988037700, -65.00000000000008500 ) ) ;
#2371 = CARTESIAN_POINT ( 'NONE',  ( 32.36472449246371500, -3.316365334926254500, -91.59999999999998000 ) ) ;
#2372 = CARTESIAN_POINT ( 'NONE',  ( 45.50000000000000000, -3.500000000000000000, 101.5999999999999900 ) ) ;
#2373 = CARTESIAN_POINT ( 'NONE',  ( 44.69553636305119000, 1.533983956194866000, -80.70692317393572100 ) ) ;
#2374 = CARTESIAN_POINT ( 'NONE',  ( 36.63968847409231700, 1.637291299168804000, 65.00000000000011400 ) ) ;
#2375 = CARTESIAN_POINT ( 'NONE',  ( 45.21648779227943700, -3.431835659856597800, 23.94588434595592100 ) ) ;
#2376 = LINE ( 'NONE', #598, #4815 ) ;
#2377 = CARTESIAN_POINT ( 'NONE',  ( 47.53227993685678900, 2.418156390425308300, -70.44157155341561300 ) ) ;
#2378 = ADVANCED_FACE ( 'NONE', ( #369 ), #3867, .F. ) ;
#2379 = CARTESIAN_POINT ( 'NONE',  ( 36.88800443790788100, -1.515155730498627600, -91.60000000000003700 ) ) ;
#2380 = CARTESIAN_POINT ( 'NONE',  ( 50.29290640064397900, -3.383567558176026900, 78.19966644558428500 ) ) ;
#2381 = ORIENTED_EDGE ( 'NONE', *, *, #139, .T. ) ;
#2382 = LINE ( 'NONE', #65, #3347 ) ;
#2383 = CARTESIAN_POINT ( 'NONE',  ( 46.99070262553642200, -0.5466120152795376200, 67.67787031441582700 ) ) ;
#2384 = CARTESIAN_POINT ( 'NONE',  ( 31.02988575500695100, -3.371699922788969200, -84.90127791072826800 ) ) ;
#2385 = CARTESIAN_POINT ( 'NONE',  ( 32.92533542018110600, 0.3344136330778622600, 81.05674186111588100 ) ) ;
#2386 = CARTESIAN_POINT ( 'NONE',  ( 26.58986419993402700, -3.291519326522031700, -40.00361683776478100 ) ) ;
#2387 = VERTEX_POINT ( 'NONE', #3133 ) ;
#2388 = CARTESIAN_POINT ( 'NONE',  ( 45.45872411819352300, -2.991115921416672900, 96.87035501528724500 ) ) ;
#2389 = CARTESIAN_POINT ( 'NONE',  ( 46.53672170812208000, 0.7925446106177731500, -70.32068617556738800 ) ) ;
#2390 = CARTESIAN_POINT ( 'NONE',  ( 33.01300443958010800, -3.058214594534034900, -91.59999999999998000 ) ) ;
#2391 = CARTESIAN_POINT ( 'NONE',  ( 45.50000000000000000, -3.500000000000000000, 101.5999999999999900 ) ) ;
#2392 = CARTESIAN_POINT ( 'NONE',  ( 39.65796570712856100, 0.8396973866627010000, -79.32957326396820000 ) ) ;
#2393 = CARTESIAN_POINT ( 'NONE',  ( 42.36380304390282000, 0.6939293055735059600, 65.00000000000001400 ) ) ;
#2394 = CARTESIAN_POINT ( 'NONE',  ( 53.30936383028630100, -3.500815289903507200, 23.02627647373728000 ) ) ;
#2395 = CARTESIAN_POINT ( 'NONE',  ( 47.81508593260424100, 2.207721375224171600, -65.00000000000000000 ) ) ;
#2396 = CARTESIAN_POINT ( 'NONE',  ( 33.91578714412673200, 0.2992914682499146500, 91.60000000000027900 ) ) ;
#2397 = CARTESIAN_POINT ( 'NONE',  ( 34.50000000000000000, -3.500000000000000000, -101.5999999999999900 ) ) ;
#2398 = CARTESIAN_POINT ( 'NONE',  ( 52.09979379412483500, -3.369877819041294600, 67.55909717194889200 ) ) ;
#2399 = CARTESIAN_POINT ( 'NONE',  ( 35.00295033347690300, -21.89768038953364400, 35.00000000000000000 ) ) ;
#2400 = CARTESIAN_POINT ( 'NONE',  ( 47.32663890820979400, -0.8912444047144534300, 70.29274089193096100 ) ) ;
#2401 = CARTESIAN_POINT ( 'NONE',  ( 28.08905024945866600, -3.511665730242716300, -70.13798802247397600 ) ) ;
#2402 = CARTESIAN_POINT ( 'NONE',  ( 32.81945993187073900, 0.5490270444688003500, 81.07192107918528700 ) ) ;
#2403 = CARTESIAN_POINT ( 'NONE',  ( 45.50000000000000000, -3.500000000000000000, 101.5999999999999900 ) ) ;
#2404 = CARTESIAN_POINT ( 'NONE',  ( 43.30429372425367500, 1.319260032677619600, -69.73806104205688400 ) ) ;
#2405 = CARTESIAN_POINT ( 'NONE',  ( 32.32556191603302400, -3.353084818829482400, -91.60000000000003700 ) ) ;
#2406 = AXIS2_PLACEMENT_3D ( 'NONE', #2172, #2572, #442 ) ;
#2407 = CARTESIAN_POINT ( 'NONE',  ( 33.61660248105776100, 1.592172758270775400, 81.01571948307928000 ) ) ;
#2408 = CARTESIAN_POINT ( 'NONE',  ( 41.65684708055940200, 0.07129772257941643900, -91.59999999999998000 ) ) ;
#2409 = CARTESIAN_POINT ( 'NONE',  ( 41.32952372541097900, 0.6641625032265096000, 71.94997084584257200 ) ) ;
#2410 = CARTESIAN_POINT ( 'NONE',  ( 45.46456944261225200, -3.128445619799244100, 23.93397022511259900 ) ) ;
#2411 = CARTESIAN_POINT ( 'NONE',  ( 46.22348765887924300, 0.1271022182066587900, -91.60000000000019300 ) ) ;
#2412 = CARTESIAN_POINT ( 'NONE',  ( 32.45050443993840600, -3.282207010196621000, -91.59999999999998000 ) ) ;
#2413 = CARTESIAN_POINT ( 'NONE',  ( 52.14660437770483300, -3.300667120709090500, 65.00000000000000000 ) ) ;
#2414 = CARTESIAN_POINT ( 'NONE',  ( 47.49427657422644700, 1.096134171162186800, -70.40484003620059600 ) ) ;
#2415 = CARTESIAN_POINT ( 'NONE',  ( 34.50008429469454500, 1.523060095549946000, 0.03451356081171493000 ) ) ;
#2416 = EDGE_CURVE ( 'NONE', #2333, #4630, #2018, .T. ) ;
#2417 = CARTESIAN_POINT ( 'NONE',  ( 48.73180653623541800, -1.485620247608861800, 67.57677729352649000 ) ) ;
#2418 = CARTESIAN_POINT ( 'NONE',  ( 32.32705252203204100, -3.382489823048541000, -91.60000000000000900 ) ) ;
#2419 = CARTESIAN_POINT ( 'NONE',  ( 26.70214050055394800, -3.502856202887451300, -35.00000000000000000 ) ) ;
#2420 = CARTESIAN_POINT ( 'NONE',  ( 45.50000000000000000, -3.500000000000000000, 101.5999999999999900 ) ) ;
#2421 = CARTESIAN_POINT ( 'NONE',  ( 46.44344048536701300, 0.3121601993113121100, -75.64042070885649600 ) ) ;
#2422 = CARTESIAN_POINT ( 'NONE',  ( 34.19768455741572000, -3.122671246747942100, -96.81852066005116300 ) ) ;
#2423 = CARTESIAN_POINT ( 'NONE',  ( 34.03208685650130900, 0.3888005105753441500, 91.60000000000029300 ) ) ;
#2424 = CARTESIAN_POINT ( 'NONE',  ( 42.17509627943058300, 0.1770988376213935600, -91.59999999999998000 ) ) ;
#2425 = CARTESIAN_POINT ( 'NONE',  ( 34.15137904254640900, -0.5575174876767254900, 86.28043767949668600 ) ) ;
#2426 = CARTESIAN_POINT ( 'NONE',  ( 33.27256469511679200, 0.4459610708858886600, 86.34485990015558300 ) ) ;
#2427 = CARTESIAN_POINT ( 'NONE',  ( 26.57028974635514000, -3.422871903549387100, -23.03412524527423600 ) ) ;
#2428 = CARTESIAN_POINT ( 'NONE',  ( 46.71605821056359500, 0.4861989583503629800, -86.34467488221773100 ) ) ;
#2429 = CARTESIAN_POINT ( 'NONE',  ( 33.51187022128280500, 2.236309692341624800, 75.77963198324610500 ) ) ;
#2430 = CARTESIAN_POINT ( 'NONE',  ( 34.50000000000000000, -3.500000000000000000, -101.5999999999999900 ) ) ;
#2431 = CARTESIAN_POINT ( 'NONE',  ( 48.27695510282714500, -3.021238824830460700, 84.87607048162031700 ) ) ;
#2432 = CARTESIAN_POINT ( 'NONE',  ( 47.17599269933261800, 1.318462426678195900, -65.00000000000000000 ) ) ;
#2433 = CARTESIAN_POINT ( 'NONE',  ( 48.11045419408942100, -1.000117603065569200, 65.00000000000000000 ) ) ;
#2434 = CARTESIAN_POINT ( 'NONE',  ( 31.03053046447698500, -3.396944233871669500, -84.90523052785380300 ) ) ;
#2435 = CARTESIAN_POINT ( 'NONE',  ( 26.55516620997828900, -3.343927464517826300, -34.99999999999995000 ) ) ;
#2436 = CARTESIAN_POINT ( 'NONE',  ( 45.50000000000000000, -3.500000000000000000, 101.5999999999999900 ) ) ;
#2437 = CARTESIAN_POINT ( 'NONE',  ( 43.72516844223304800, -1.057080620693898700, -91.60000000000005100 ) ) ;
#2438 = CARTESIAN_POINT ( 'NONE',  ( 33.39355012972261200, -2.938046997172626600, -91.98338414595545500 ) ) ;
#2439 = CIRCLE ( 'NONE', #3393, 5.500000000000000000 ) ;
#2440 = CARTESIAN_POINT ( 'NONE',  ( 33.52532183220624500, 2.186103880194783400, 75.75843629278449500 ) ) ;
#2441 = CARTESIAN_POINT ( 'NONE',  ( 40.86989800739238600, 2.631800785235657500, -65.00000000000000000 ) ) ;
#2442 = CARTESIAN_POINT ( 'NONE',  ( 34.11154851391980000, -0.5601015826109907400, 86.28332708965497500 ) ) ;
#2443 = CARTESIAN_POINT ( 'NONE',  ( 33.67552899857493300, -0.2785894495107314500, 91.59999999999995200 ) ) ;
#2444 = CARTESIAN_POINT ( 'NONE',  ( 38.58856426221098000, 0.4430318702753954800, 0.0000000000000000000 ) ) ;
#2445 = CARTESIAN_POINT ( 'NONE',  ( 45.50000000000000000, -3.500000000000000000, 101.5999999999999900 ) ) ;
#2446 = CARTESIAN_POINT ( 'NONE',  ( 33.76104521792080200, -3.292736285078665200, -96.77848573177931300 ) ) ;
#2447 = CARTESIAN_POINT ( 'NONE',  ( 47.61849814886367900, -3.309898150419261900, 91.59999999999999400 ) ) ;
#2448 = CARTESIAN_POINT ( 'NONE',  ( 47.40850789537748300, 1.013750431886375900, -70.39614203047735000 ) ) ;
#2449 = DIRECTION ( 'NONE',  ( -0.0000000000000000000, -1.000000000000000000, -0.0000000000000000000 ) ) ;
#2450 = CARTESIAN_POINT ( 'NONE',  ( 27.94248079930465400, -3.435015512788734500, -67.58262815693024100 ) ) ;
#2451 = CARTESIAN_POINT ( 'NONE',  ( 29.12407929621095800, -2.575125807271929600, -64.99999999999992900 ) ) ;
#2452 = ORIENTED_EDGE ( 'NONE', *, *, #4616, .T. ) ;
#2453 = CARTESIAN_POINT ( 'NONE',  ( 46.11640972321716000, -0.1143605102910030100, -80.96068617556736100 ) ) ;
#2454 = CARTESIAN_POINT ( 'NONE',  ( 32.67326749860525600, -3.439767515673693300, -91.93932359218244700 ) ) ;
#2455 = CARTESIAN_POINT ( 'NONE',  ( 33.67492212211318000, -0.2422703399451262800, 91.59999999999995200 ) ) ;
#2456 = CARTESIAN_POINT ( 'NONE',  ( 33.73331366313974700, 1.564103567689203200, 80.98669606204033800 ) ) ;
#2457 = CARTESIAN_POINT ( 'NONE',  ( 36.72424193880107200, 1.090385535541952700, -68.28334292090507100 ) ) ;
#2458 = CARTESIAN_POINT ( 'NONE',  ( 33.35586632928168200, 1.264262982704586400, 64.99999999999998600 ) ) ;
#2459 = CARTESIAN_POINT ( 'NONE',  ( 32.88679631877045800, 2.319648816655895300, 75.88913746409774300 ) ) ;
#2460 = CARTESIAN_POINT ( 'NONE',  ( 38.58856426221098000, 0.4430318702753954200, -15.62139053613845300 ) ) ;
#2461 = CARTESIAN_POINT ( 'NONE',  ( 33.52999351825045700, 1.602739338024222100, 81.03209777800907400 ) ) ;
#2462 = CARTESIAN_POINT ( 'NONE',  ( 46.53481461095579200, -3.502338782954979500, 96.76861869060842000 ) ) ;
#2463 = CARTESIAN_POINT ( 'NONE',  ( 32.52210498611147200, -3.478853459834970500, -91.59999999999998000 ) ) ;
#2464 = CARTESIAN_POINT ( 'NONE',  ( 50.29051840989919200, -3.397246091402566400, 78.20108394198791800 ) ) ;
#2465 = CARTESIAN_POINT ( 'NONE',  ( 46.44404832746319300, -0.1069805570946760300, -80.99203746416751000 ) ) ;
#2466 = CARTESIAN_POINT ( 'NONE',  ( 34.43326427991517800, 0.4999544664027813500, 91.59999999999999400 ) ) ;
#2467 = CARTESIAN_POINT ( 'NONE',  ( 45.04640656833033300, 0.5472311556513085300, -2.194635675430746800 ) ) ;
#2468 = CARTESIAN_POINT ( 'NONE',  ( 32.35812615050749500, -3.473890898904950000, -91.60000000000000900 ) ) ;
#2469 = CARTESIAN_POINT ( 'NONE',  ( 43.92399510216855400, -1.698558109779519900, 3.859636546285444100 ) ) ;
#2470 = CARTESIAN_POINT ( 'NONE',  ( 47.57629057397458200, -3.293550582068236500, 91.93936013234511500 ) ) ;
#2471 = CARTESIAN_POINT ( 'NONE',  ( 46.28050785766127700, -0.1238726442392451400, -80.97708468698093000 ) ) ;
#2472 = CARTESIAN_POINT ( 'NONE',  ( 37.91793831889104600, -2.133749714706710200, -91.59999999999996600 ) ) ;
#2473 = B_SPLINE_CURVE_WITH_KNOTS ( 'NONE', 3,
 ( #4550, #2947, #4971, #4179, #4531, #490, #2506, #3318, #4162, #473, #5009, #1647, #2544, #2892, #53, #1704, #3693, #2930, #2912, #413, #432, #1229, #4572, #2084, #453, #3375, #2125, #2965, #4105, #4950, #4931, #3302, #4991, #2469, #1, #3712, #19, #4128, #2486, #854, #3729, #871, #1267, #1687, #3786, #4654, #4213, #4621 ),
 .UNSPECIFIED., .F., .F.,
 ( 4, 2, 2, 2, 2, 2, 2, 2, 2, 2, 2, 2, 2, 2, 2, 2, 2, 2, 2, 2, 2, 2, 2, 4 ),
 ( 6.992893892674702500E-018, 0.0003851643061547487600, 0.0007703286123094904700, 0.001540657224618974000, 0.001733239377696344800, 0.001745275762263680700, 0.001757312146831016100, 0.001781384915965687200, 0.001829530454235029100, 0.001925821530773713300, 0.002310985836928449900, 0.002696150143083185900, 0.003081314449237922400, 0.003851643061547394900, 0.004621971673856867800, 0.005392300286166339800, 0.006162628898475811800, 0.006932957510785284700, 0.007703286123094756800, 0.009243943347713700800, 0.01078460057233264500, 0.01116976487848738600, 0.01155492918464212600, 0.01232525779695160600 ),
 .UNSPECIFIED. ) ;
#2474 = CARTESIAN_POINT ( 'NONE',  ( 33.55323752145386600, 1.600895591864526200, 81.02807641077718900 ) ) ;
#2475 = CARTESIAN_POINT ( 'NONE',  ( 40.25965944831588000, -0.2747843331839187600, -91.60000000000000900 ) ) ;
#2476 = CARTESIAN_POINT ( 'NONE',  ( 33.83300001958237900, -0.1203858579863107500, 80.96584826533941700 ) ) ;
#2477 = CARTESIAN_POINT ( 'NONE',  ( 33.27574721182987400, 0.4580352095472402000, 86.34481955024305900 ) ) ;
#2478 = CARTESIAN_POINT ( 'NONE',  ( 40.76890043090600100, 4.716700250569106200, -35.00000000000000000 ) ) ;
#2479 = CARTESIAN_POINT ( 'NONE',  ( 46.30715286295728800, -3.209304469056137900, 91.98489517460844000 ) ) ;
#2480 = CARTESIAN_POINT ( 'NONE',  ( 34.09642356852135200, -3.354652234528068700, -96.79244758730421000 ) ) ;
#2481 = CARTESIAN_POINT ( 'NONE',  ( 52.09260896911150200, -3.399832857539963900, 67.56255582145651300 ) ) ;
#2482 = CARTESIAN_POINT ( 'NONE',  ( 45.72632246075343700, -0.9851725693197860300, -91.59999999999989500 ) ) ;
#2483 = CARTESIAN_POINT ( 'NONE',  ( 48.91727040529646300, -1.041764738967407000, 34.99999999999997900 ) ) ;
#2484 = CARTESIAN_POINT ( 'NONE',  ( 29.88534202420492400, -3.496319897800611800, -78.31748053202910900 ) ) ;
#2485 = CARTESIAN_POINT ( 'NONE',  ( 28.19945295532902600, -3.501899077608619400, -70.34846376887118400 ) ) ;
#2486 = CARTESIAN_POINT ( 'NONE',  ( 42.48587952432394100, -0.3409502216252431300, 4.919976306639293600 ) ) ;
#2487 = CARTESIAN_POINT ( 'NONE',  ( 46.55786037785085100, -3.421796275631846300, 96.76830229557577900 ) ) ;
#2488 = CARTESIAN_POINT ( 'NONE',  ( 46.56736539515648600, 0.3026143729517862800, -75.65789158512423300 ) ) ;
#2489 = CARTESIAN_POINT ( 'NONE',  ( 33.46518538904420800, -3.502338782954979500, -96.76861869060842000 ) ) ;
#2490 = AXIS2_PLACEMENT_3D ( 'NONE', #5047, #3496, #2314 ) ;
#2491 = CARTESIAN_POINT ( 'NONE',  ( 33.25051666280970200, 1.557673123991738700, 81.06700917066260100 ) ) ;
#2492 = CARTESIAN_POINT ( 'NONE',  ( 33.81280990854714500, 1.550686125364394200, 80.95980054116273500 ) ) ;
#2493 = CARTESIAN_POINT ( 'NONE',  ( 33.57207679957074500, -0.05403908331738876300, -65.00000000000000000 ) ) ;
#2494 = CARTESIAN_POINT ( 'NONE',  ( 47.51678584390074900, 4.310138884025779000, -55.01946298645856400 ) ) ;
#2495 = CARTESIAN_POINT ( 'NONE',  ( 32.19895105989405000, 2.098445977629234800, 65.00000000000002800 ) ) ;
#2496 = CARTESIAN_POINT ( 'NONE',  ( 27.78858989055979500, -2.416042901537755100, -23.02661838522486100 ) ) ;
#2497 = CARTESIAN_POINT ( 'NONE',  ( 46.55675942076304400, -3.447311715026180900, 96.76724192927586900 ) ) ;
#2498 = CARTESIAN_POINT ( 'NONE',  ( 34.50000000000000000, -3.500000000000000000, -101.5999999999999900 ) ) ;
#2499 = CARTESIAN_POINT ( 'NONE',  ( 51.92280823526557800, -3.519389287181667700, 70.13120948544549500 ) ) ;
#2500 = CARTESIAN_POINT ( 'NONE',  ( 34.77477615935986000, -3.429184591355484400, -1.716693279303529000 ) ) ;
#2501 = VECTOR ( 'NONE', #1736, 999.9999999999998900 ) ;
#2502 = CARTESIAN_POINT ( 'NONE',  ( 47.61105316741186800, 1.090000917744527800, -75.83371176929703900 ) ) ;
#2503 = CARTESIAN_POINT ( 'NONE',  ( 47.87403156234839200, -0.4543329467462974300, 34.99999999999999300 ) ) ;
#2504 = CARTESIAN_POINT ( 'NONE',  ( 45.50000000000000000, -3.500000000000000000, 101.5999999999999900 ) ) ;
#2505 = CARTESIAN_POINT ( 'NONE',  ( 28.11376535240307800, -3.477630528262851700, -70.30809078125713500 ) ) ;
#2506 = CARTESIAN_POINT ( 'NONE',  ( 45.48510037601737800, -3.341852423677259300, 0.4760855945110283300 ) ) ;
#2507 = VERTEX_POINT ( 'NONE', #3195 ) ;
#2508 = CIRCLE ( 'NONE', #1458, 0.1250000000000001100 ) ;
#2509 = CARTESIAN_POINT ( 'NONE',  ( 47.23430055630595300, -3.181104883532454200, 91.94559882657600300 ) ) ;
#2510 = CARTESIAN_POINT ( 'NONE',  ( 45.60226639367731800, -0.9995098662938192200, -91.59999999999996600 ) ) ;
#2511 = CARTESIAN_POINT ( 'NONE',  ( 34.49085498579795900, -2.988072363667311200, -91.60000000000000900 ) ) ;
#2512 = CARTESIAN_POINT ( 'NONE',  ( 33.27321774727161600, 2.395673277076114400, 75.84655849139515700 ) ) ;
#2513 = CARTESIAN_POINT ( 'NONE',  ( 34.39447363151424500, 0.4994688674827784100, 91.59999999999998000 ) ) ;
#2514 = CARTESIAN_POINT ( 'NONE',  ( 35.03019036659193800, 0.1977891055578922300, -70.90586465312273400 ) ) ;
#2515 = CARTESIAN_POINT ( 'NONE',  ( 43.67505773803087300, 2.396261171291823400, -54.88653246951085400 ) ) ;
#2516 = CARTESIAN_POINT ( 'NONE',  ( 33.28007164768997200, 0.4732518132102580500, 86.34474821525144300 ) ) ;
#2517 = DIRECTION ( 'NONE',  ( -0.0000000000000000000, -0.0000000000000000000, -1.000000000000000000 ) ) ;
#2518 = CARTESIAN_POINT ( 'NONE',  ( 45.50000000000000000, -3.500000000000000000, 101.5999999999999900 ) ) ;
#2519 = ORIENTED_EDGE ( 'NONE', *, *, #37, .T. ) ;
#2520 = DESIGN_CONTEXT ( 'detailed design', #1441, 'design' ) ;
#2521 = CARTESIAN_POINT ( 'NONE',  ( 44.61666103267678800, -1.493951747401085500, -96.61767322535457900 ) ) ;
#2522 = CARTESIAN_POINT ( 'NONE',  ( 51.90869439451040500, -3.502582292349657700, 70.14494848357341500 ) ) ;
#2523 = CARTESIAN_POINT ( 'NONE',  ( 33.18750798920851300, 3.249999999999999600, 65.00000000000000000 ) ) ;
#2524 = CARTESIAN_POINT ( 'NONE',  ( 47.60350962931845200, 1.232897152940497700, -70.41674186111602300 ) ) ;
#2525 = CARTESIAN_POINT ( 'NONE',  ( 31.40273319893006800, 4.308727309818356900, 45.05875648745953300 ) ) ;
#2526 = CARTESIAN_POINT ( 'NONE',  ( 31.13684972280114500, -3.501002820499041300, -84.95388567777207800 ) ) ;
#2527 = FACE_OUTER_BOUND ( 'NONE', #4689, .T. ) ;
#2528 = CARTESIAN_POINT ( 'NONE',  ( 44.92581168090960400, -2.842655742567634200, 91.60000000000000900 ) ) ;
#2529 = CARTESIAN_POINT ( 'NONE',  ( 42.43460156965365100, -1.245411522773622700, 91.59999999999998000 ) ) ;
#2530 = CARTESIAN_POINT ( 'NONE',  ( 34.49715161185042000, -3.258776249388292800, -96.83157208194253900 ) ) ;
#2531 = CARTESIAN_POINT ( 'NONE',  ( 33.25049866616882400, 2.650365843319332400, 70.33262691061068500 ) ) ;
#2532 = CARTESIAN_POINT ( 'NONE',  ( 38.01982790212908700, 0.3747652898241332600, -78.85116085546610500 ) ) ;
#2533 = CARTESIAN_POINT ( 'NONE',  ( 46.97229247860713700, 3.249999999999999600, -65.00000000000000000 ) ) ;
#2534 = CARTESIAN_POINT ( 'NONE',  ( 32.82447946211607400, 0.8678555606868695300, 70.37466977901918600 ) ) ;
#2535 = CARTESIAN_POINT ( 'NONE',  ( 35.44715382838310800, 2.718282363560556200, 0.0000000000000000000 ) ) ;
#2536 = CARTESIAN_POINT ( 'NONE',  ( 51.78010181972357600, -3.495955262682059600, 70.35496106405817300 ) ) ;
#2537 = CARTESIAN_POINT ( 'NONE',  ( 45.50000000000000000, -3.500000000000000000, 101.5999999999999900 ) ) ;
#2538 = CARTESIAN_POINT ( 'NONE',  ( 35.80335498570595100, -2.660884966193036000, -91.60000000000003700 ) ) ;
#2539 = CARTESIAN_POINT ( 'NONE',  ( 47.67294747796796600, -3.382489823048541000, 91.60000000000000900 ) ) ;
#2540 = CARTESIAN_POINT ( 'NONE',  ( 46.07363336566343300, -0.8084147724885731900, -91.59999999999968200 ) ) ;
#2541 = CARTESIAN_POINT ( 'NONE',  ( 32.61948523798803700, 2.140148145524146900, 55.01816993512505900 ) ) ;
#2542 = CARTESIAN_POINT ( 'NONE',  ( 44.65303977603959900, 0.4131993951358934300, -2.933940741811104300 ) ) ;
#2543 = CARTESIAN_POINT ( 'NONE',  ( 27.94030094330233600, -3.499416878780418300, -65.00000000000000000 ) ) ;
#2544 = CARTESIAN_POINT ( 'NONE',  ( 45.49992317570233500, -3.245335416013336500, 0.02931697463527729500 ) ) ;
#2545 = VERTEX_POINT ( 'NONE', #3055 ) ;
#2546 = CARTESIAN_POINT ( 'NONE',  ( 40.24988867353486200, -2.505932417156091100, 99.30450648846338900 ) ) ;
#2547 = CARTESIAN_POINT ( 'NONE',  ( 44.03939091784946000, -1.193392590237559500, 84.92873179963621100 ) ) ;
#2548 = CARTESIAN_POINT ( 'NONE',  ( 39.04946013277314200, -2.539947132595493000, -98.75440387098350900 ) ) ;
#2549 = CARTESIAN_POINT ( 'NONE',  ( 34.11659702332005400, 1.025356480097562300, 86.27990027058136500 ) ) ;
#2550 = CARTESIAN_POINT ( 'NONE',  ( 33.07671722711376100, -0.3249535840537120000, -65.00000000000000000 ) ) ;
#2551 = CARTESIAN_POINT ( 'NONE',  ( 45.97079947077877200, 3.113919911072501500, -44.97209484074124900 ) ) ;
#2552 = CARTESIAN_POINT ( 'NONE',  ( 32.55158294793086100, 0.7240337262817211400, 75.78800316188554100 ) ) ;
#2553 = CARTESIAN_POINT ( 'NONE',  ( 34.59835654500216900, 2.056579181121865200, 5.464696221094448500 ) ) ;
#2554 = CARTESIAN_POINT ( 'NONE',  ( 34.77147987511821000, -3.437037112749414400, -23.95002637645679800 ) ) ;
#2555 = CARTESIAN_POINT ( 'NONE',  ( 36.19194437610754300, -1.051725551664988200, 91.60000000000012200 ) ) ;
#2556 = CARTESIAN_POINT ( 'NONE',  ( 39.92604453875348000, -1.862147600767278800, -93.61623552985697900 ) ) ;
#2557 = CARTESIAN_POINT ( 'NONE',  ( 50.23649811095945200, -3.445186626622759100, 78.24260835014688100 ) ) ;
#2558 = CARTESIAN_POINT ( 'NONE',  ( 37.51412047569536400, -0.3409502216065907800, -4.919976306648937500 ) ) ;
#2559 = CARTESIAN_POINT ( 'NONE',  ( 46.04635422088986000, -0.8316411299300952000, -91.59999999999968200 ) ) ;
#2560 = CARTESIAN_POINT ( 'NONE',  ( 50.34227949739617000, -1.844165503243006400, 41.30203621008836700 ) ) ;
#2561 = CARTESIAN_POINT ( 'NONE',  ( 37.45638437342281400, -2.248808483637999800, -91.60000000000009400 ) ) ;
#2562 = CARTESIAN_POINT ( 'NONE',  ( 45.46152561644613900, 1.146111165177867900, -0.6709004556172969400 ) ) ;
#2563 = CARTESIAN_POINT ( 'NONE',  ( 26.73084485828933100, -3.492244288815582500, -23.02809333464725600 ) ) ;
#2564 = CARTESIAN_POINT ( 'NONE',  ( 45.50284838814958000, -3.258776249388292800, 96.83157208194253900 ) ) ;
#2565 = AXIS2_PLACEMENT_3D ( 'NONE', #4852, #3279, #774 ) ;
#2566 = CARTESIAN_POINT ( 'NONE',  ( 38.60572842005719700, 1.204896510763769200, 79.85877850993006200 ) ) ;
#2567 = CARTESIAN_POINT ( 'NONE',  ( 36.82357637481112500, -0.8212907945899093900, -84.95893515720791800 ) ) ;
#2568 = CARTESIAN_POINT ( 'NONE',  ( 35.85919636578641000, 1.470674568676444400, -35.00000000000001400 ) ) ;
#2569 = CARTESIAN_POINT ( 'NONE',  ( 33.13325429539718000, 1.250291916817489700, 64.99999999999998600 ) ) ;
#2570 = CARTESIAN_POINT ( 'NONE',  ( 32.46561146186043300, 5.500000000000005300, 23.25554171221604000 ) ) ;
#2571 = EDGE_CURVE ( 'NONE', #4238, #4890, #1937, .T. ) ;
#2572 = DIRECTION ( 'NONE',  ( 0.0000000000000000000, 1.000000000000000000, 0.0000000000000000000 ) ) ;
#2573 = CARTESIAN_POINT ( 'NONE',  ( 45.50000000000000000, -3.500000000000000000, 101.5999999999999900 ) ) ;
#2574 = FACE_BOUND ( 'NONE', #446, .T. ) ;
#2575 = CARTESIAN_POINT ( 'NONE',  ( 34.50000000000000000, -3.500000000000000000, -101.5999999999999900 ) ) ;
#2576 = B_SPLINE_CURVE_WITH_KNOTS ( 'NONE', 5,
 ( #4513, #2890, #829, #1702, #886, #4126 ),
 .UNSPECIFIED., .F., .F.,
 ( 6, 6 ),
 ( 0.0000000000000000000, 1.000000000000000000 ),
 .UNSPECIFIED. ) ;
#2577 = CARTESIAN_POINT ( 'NONE',  ( 48.92468220087154400, -3.476401955368870300, 84.93810313750935800 ) ) ;
#2578 = CARTESIAN_POINT ( 'NONE',  ( 34.50789964712145500, -3.188670276265908000, -0.3197656788970046900 ) ) ;
#2579 = ORIENTED_EDGE ( 'NONE', *, *, #628, .F. ) ;
#2580 = CARTESIAN_POINT ( 'NONE',  ( 47.56084670764281700, 1.174302253439068100, -70.41196326884718800 ) ) ;
#2581 = CARTESIAN_POINT ( 'NONE',  ( 34.39881340741682400, -3.432131918539971200, -23.90666067620413700 ) ) ;
#2582 = CARTESIAN_POINT ( 'NONE',  ( 35.07367102120791500, -0.3443489725650449300, -65.00000000000000000 ) ) ;
#2583 = ORIENTED_EDGE ( 'NONE', *, *, #1250, .F. ) ;
#2584 = CARTESIAN_POINT ( 'NONE',  ( 47.59975196263437900, 2.863524281417919600, -64.99999999999997200 ) ) ;
#2585 = CARTESIAN_POINT ( 'NONE',  ( 27.13732412659240000, -3.263362047041263200, -23.04592040610254200 ) ) ;
#2586 = CARTESIAN_POINT ( 'NONE',  ( 44.84745211074270800, -3.105299086797476300, 96.93026705474061100 ) ) ;
#2587 = CARTESIAN_POINT ( 'NONE',  ( 45.77203824310480200, -1.000000000000002000, -91.59999999999999400 ) ) ;
#2588 = CARTESIAN_POINT ( 'NONE',  ( 34.85460948827974900, 1.018477009852119000, 86.21028991832233100 ) ) ;
#2589 = CARTESIAN_POINT ( 'NONE',  ( 32.29304306795555800, -0.9315315608978729200, -67.62987361524267300 ) ) ;
#2590 = CARTESIAN_POINT ( 'NONE',  ( 47.61199556018519300, -3.307095056500830100, 91.60000000000000900 ) ) ;
#2591 = ORIENTED_EDGE ( 'NONE', *, *, #4894, .F. ) ;
#2592 = CARTESIAN_POINT ( 'NONE',  ( 45.50000000000000000, -3.500000000000000000, 101.5999999999999900 ) ) ;
#2593 = CARTESIAN_POINT ( 'NONE',  ( 34.50000000000000000, -3.500000000000000000, -101.5999999999999900 ) ) ;
#2594 = CARTESIAN_POINT ( 'NONE',  ( 51.90239876217470500, -3.470295008435116700, 70.18610862025423100 ) ) ;
#2595 = CARTESIAN_POINT ( 'NONE',  ( 43.14010557260855400, 4.185706080450992200, -55.04672188883633800 ) ) ;
#2596 = CARTESIAN_POINT ( 'NONE',  ( 47.77794536899833100, 1.908992604750640300, -70.44815545950476100 ) ) ;
#2597 = CARTESIAN_POINT ( 'NONE',  ( 40.55081168121630200, -1.752031084320057100, 91.59999999999999400 ) ) ;
#2598 = CARTESIAN_POINT ( 'NONE',  ( 34.59431556536746700, -2.962281127268910500, -91.60000000000009400 ) ) ;
#2599 = CARTESIAN_POINT ( 'NONE',  ( 46.49401170717088400, 2.247908345917574400, -75.78400298564785900 ) ) ;
#2600 = CARTESIAN_POINT ( 'NONE',  ( 45.72141615661615100, -3.310948840702010500, 96.80783556360094600 ) ) ;
#2601 = CARTESIAN_POINT ( 'NONE',  ( 40.25787222793594800, -2.091461178630876500, -99.85288951088232100 ) ) ;
#2602 = CARTESIAN_POINT ( 'NONE',  ( 39.33478649415608400, 2.151568139762039400, 69.21877850993004700 ) ) ;
#2603 = CARTESIAN_POINT ( 'NONE',  ( 32.95946215676102000, -0.7477110926982506500, -70.33712667903152700 ) ) ;
#2604 = CARTESIAN_POINT ( 'NONE',  ( 44.88439099815698100, 2.759449248230526000, -2.543517942267001300 ) ) ;
#2605 = CARTESIAN_POINT ( 'NONE',  ( 32.72457555936722400, 0.5375576309081008300, 75.75597131325396600 ) ) ;
#2606 = CARTESIAN_POINT ( 'NONE',  ( 40.00000000000000000, 3.500000000000000000, 0.0000000000000000000 ) ) ;
#2607 = CARTESIAN_POINT ( 'NONE',  ( 33.85609664401143700, -1.070563694062896900, 97.48172458847388100 ) ) ;
#2608 = ORIENTED_EDGE ( 'NONE', *, *, #2358, .F. ) ;
#2609 = CIRCLE ( 'NONE', #929, 24.99999999999999300 ) ;
#2610 = CARTESIAN_POINT ( 'NONE',  ( 48.93400888749396700, -3.468040811311905000, 84.93390886500975500 ) ) ;
#2611 = CARTESIAN_POINT ( 'NONE',  ( 46.30302047647786200, 1.574316210526413700, -80.99687234300590400 ) ) ;
#2612 = CARTESIAN_POINT ( 'NONE',  ( 34.50014542322875100, -3.242047998879133100, -0.04071030443478129700 ) ) ;
#2613 = CARTESIAN_POINT ( 'NONE',  ( 47.78652326256469300, 1.711995033765072000, -70.44330349631209700 ) ) ;
#2614 = CARTESIAN_POINT ( 'NONE',  ( 44.58673884151163900, 2.878507268367561000, -3.035099141670409000 ) ) ;
#2615 = ORIENTED_EDGE ( 'NONE', *, *, #1369, .F. ) ;
#2616 = CARTESIAN_POINT ( 'NONE',  ( 33.24877391121554400, -3.297705334542097200, -91.59999999999999400 ) ) ;
#2617 = CARTESIAN_POINT ( 'NONE',  ( 46.54152582568453100, 1.603447768602186900, -81.04293333198117500 ) ) ;
#2618 = CARTESIAN_POINT ( 'NONE',  ( 40.00000000000000000, 3.500000000000000000, 5.500000000000000000 ) ) ;
#2619 = CARTESIAN_POINT ( 'NONE',  ( 43.93649495930041800, -0.1933102078443929300, 70.34135006407326800 ) ) ;
#2620 = CARTESIAN_POINT ( 'NONE',  ( 36.67921484172161700, -2.780127480640186100, -97.37007836625018300 ) ) ;
#2621 = CARTESIAN_POINT ( 'NONE',  ( 35.90399706919846800, 1.501954506270182200, 80.57432127443152600 ) ) ;
#2622 = CARTESIAN_POINT ( 'NONE',  ( 34.55923896384045700, -1.047841116697492100, -78.26987361524264500 ) ) ;
#2623 = CARTESIAN_POINT ( 'NONE',  ( 45.20919555645207300, 2.450857846071472900, -1.784279507520497800 ) ) ;
#2624 = CARTESIAN_POINT ( 'NONE',  ( 53.38622377657960500, -3.274055437160528800, 35.00000000000000000 ) ) ;
#2625 = CARTESIAN_POINT ( 'NONE',  ( 39.48529643288004800, -1.743056470771144000, -91.59999999999998000 ) ) ;
#2626 = CARTESIAN_POINT ( 'NONE',  ( 32.33697278158489800, 2.772969761729192000, 64.99999999999994300 ) ) ;
#2627 = CARTESIAN_POINT ( 'NONE',  ( 51.90313734521569000, -3.473804978938547400, 70.17849965094855200 ) ) ;
#2628 = CARTESIAN_POINT ( 'NONE',  ( 45.67095053771462400, 0.4939394645588031100, -91.60000000000003700 ) ) ;
#2629 = CARTESIAN_POINT ( 'NONE',  ( 32.68750000000007800, 5.500000000000005300, 35.00000000000000000 ) ) ;
#2630 = CARTESIAN_POINT ( 'NONE',  ( 46.74124042564334000, 0.3809282834357070600, -86.34486761787540800 ) ) ;
#2631 = CARTESIAN_POINT ( 'NONE',  ( 33.25317887559543100, -3.316136826881716600, -91.95943845209420400 ) ) ;
#2632 = CARTESIAN_POINT ( 'NONE',  ( 34.09786264514976800, -2.604209595477471800, -84.95796504409023000 ) ) ;
#2633 = EDGE_CURVE ( 'NONE', #2971, #4048, #445, .T. ) ;
#2634 = CARTESIAN_POINT ( 'NONE',  ( 46.50629455677938800, 2.265449377616698600, -75.79022768431247000 ) ) ;
#2635 = CARTESIAN_POINT ( 'NONE',  ( 34.43326427991517800, 0.4999544664027813500, 91.59999999999999400 ) ) ;
#2636 = FACE_OUTER_BOUND ( 'NONE', #5212, .T. ) ;
#2637 = DIRECTION ( 'NONE',  ( 0.0000000000000000000, 1.000000000000000000, 0.0000000000000000000 ) ) ;
#2638 = CARTESIAN_POINT ( 'NONE',  ( 40.39356186107868000, 2.293300941171267000, -5.499999999998995500 ) ) ;
#2639 = ORIENTED_EDGE ( 'NONE', *, *, #3946, .F. ) ;
#2640 = FACE_OUTER_BOUND ( 'NONE', #2745, .T. ) ;
#2641 = CARTESIAN_POINT ( 'NONE',  ( 38.65630193775792400, 0.6089182105657340300, 85.59511001973182000 ) ) ;
#2642 = CARTESIAN_POINT ( 'NONE',  ( 27.86697995911380900, -3.291111225364293800, -65.00000000000000000 ) ) ;
#2643 = CARTESIAN_POINT ( 'NONE',  ( 34.21288348217708400, -19.49883130433810800, 91.59999999999999400 ) ) ;
#2644 = DIRECTION ( 'NONE',  ( 0.0000000000000000000, -1.000000000000000000, 0.0000000000000000000 ) ) ;
#2645 = ORIENTED_EDGE ( 'NONE', *, *, #3898, .T. ) ;
#2646 = CARTESIAN_POINT ( 'NONE',  ( 36.02702353573215500, -0.07322186080509268700, -67.67485012061081300 ) ) ;
#2647 = CARTESIAN_POINT ( 'NONE',  ( 32.35350394610825500, 2.798889936207276600, 64.99999999999994300 ) ) ;
#2648 = ORIENTED_EDGE ( 'NONE', *, *, #4652, .T. ) ;
#2649 = CARTESIAN_POINT ( 'NONE',  ( 47.58661605590682300, -3.499766933771923900, 91.59999999999999400 ) ) ;
#2650 = CARTESIAN_POINT ( 'NONE',  ( 45.89298687633530700, 0.4289016608624850500, -91.60000000000025000 ) ) ;
#2651 = CARTESIAN_POINT ( 'NONE',  ( 32.73327798318877100, 1.195256904456912400, -35.00000000000000000 ) ) ;
#2652 = CARTESIAN_POINT ( 'NONE',  ( 47.75957225259863000, 1.926536549829178200, -65.00000000000005700 ) ) ;
#2653 = CARTESIAN_POINT ( 'NONE',  ( 40.03834867992640800, 2.685545651007119600, 23.27765147276359100 ) ) ;
#2654 = CARTESIAN_POINT ( 'NONE',  ( 46.31854623297502400, 0.9475206675808367500, -86.32170065376757900 ) ) ;
#2655 = CARTESIAN_POINT ( 'NONE',  ( 45.40164345499783100, 2.056579181121865200, -5.464696221094448500 ) ) ;
#2656 = CARTESIAN_POINT ( 'NONE',  ( 33.52243932068873300, 2.200571816618072800, 75.76491813733530000 ) ) ;
#2657 = CARTESIAN_POINT ( 'NONE',  ( 47.55081168072558700, -3.497030537516180100, 91.59999999999999400 ) ) ;
#2658 = CARTESIAN_POINT ( 'NONE',  ( 40.09926796821879000, -0.3824172440725708300, 91.60000000000000900 ) ) ;
#2659 = CARTESIAN_POINT ( 'NONE',  ( 34.73368854486157200, -1.715026818441012700, -84.90364580926184600 ) ) ;
#2660 = ORIENTED_EDGE ( 'NONE', *, *, #3946, .T. ) ;
#2661 = CARTESIAN_POINT ( 'NONE',  ( 45.46364572361764500, 1.859896454552712800, -0.6442427289401022600 ) ) ;
#2662 = DIRECTION ( 'NONE',  ( -0.0000000000000000000, 0.0000000000000000000, 1.000000000000000000 ) ) ;
#2663 = CARTESIAN_POINT ( 'NONE',  ( 36.12219992678688400, -0.1783943080360548500, -70.37698489508213100 ) ) ;
#2664 = CARTESIAN_POINT ( 'NONE',  ( 33.38404937554172100, 1.595782281889496200, 81.05265374612191900 ) ) ;
#2665 = CARTESIAN_POINT ( 'NONE',  ( 31.41239197027101300, 4.163413077083399500, 23.25746102708412300 ) ) ;
#2666 = CARTESIAN_POINT ( 'NONE',  ( 52.08567792179114500, -3.500033375735298200, 65.00000000000000000 ) ) ;
#2667 = CARTESIAN_POINT ( 'NONE',  ( 46.75920099039068800, 2.650552092334512700, -70.33466533855343500 ) ) ;
#2668 = CARTESIAN_POINT ( 'NONE',  ( 46.32015196034323900, -0.3363764229656812700, -91.59999999999992300 ) ) ;
#2669 = CARTESIAN_POINT ( 'NONE',  ( 35.36241890128780300, 0.3050256012237314000, 5.765207112172456400 ) ) ;
#2670 = CARTESIAN_POINT ( 'NONE',  ( 46.07745019787986300, 0.3054870637028526700, -91.60000000000029300 ) ) ;
#2671 = PRODUCT_DEFINITION_FORMATION_WITH_SPECIFIED_SOURCE ( 'ANY', '', #3619, .NOT_KNOWN. ) ;
#2672 = CARTESIAN_POINT ( 'NONE',  ( 44.55284617161689200, 2.718282363560556200, -5.820458200585034300 ) ) ;
#2673 = DIRECTION ( 'NONE',  ( -0.8075565027142513900, -0.5897902126382969000, 0.0000000000000000000 ) ) ;
#2674 = CARTESIAN_POINT ( 'NONE',  ( 48.83273482826032800, -3.496675217658396000, 84.95874026601454400 ) ) ;
#2675 = CARTESIAN_POINT ( 'NONE',  ( 40.55575694614546500, -0.5290004530701872800, 91.60000000000000900 ) ) ;
#2676 = CARTESIAN_POINT ( 'NONE',  ( 28.61402253613989900, -2.947407674057680400, -67.51214096324061100 ) ) ;
#2677 = CARTESIAN_POINT ( 'NONE',  ( 40.55081168121630200, -1.752031084320056800, 91.59999999999998000 ) ) ;
#2678 = CARTESIAN_POINT ( 'NONE',  ( 51.50841343309991100, -2.469838454414825500, 52.60783528471389300 ) ) ;
#2679 = CARTESIAN_POINT ( 'NONE',  ( 39.46467424636190900, -1.748174874056613600, -91.59999999999998000 ) ) ;
#2680 = CARTESIAN_POINT ( 'NONE',  ( 32.76181236421641800, 2.605121839420653900, 70.41436996283179900 ) ) ;
#2681 = CARTESIAN_POINT ( 'NONE',  ( 32.08462336270942900, 5.388116888409729000, 23.25091993048927500 ) ) ;
#2682 = CARTESIAN_POINT ( 'NONE',  ( 51.78010181972357600, -3.495955262682049400, 70.35496106405817300 ) ) ;
#2683 = CARTESIAN_POINT ( 'NONE',  ( 45.71043961872581500, 0.4882498431360366400, -91.60000000000009400 ) ) ;
#2684 = CARTESIAN_POINT ( 'NONE',  ( 49.02370061880549900, -0.08793353458758543200, 34.99999999999999300 ) ) ;
#2685 = AXIS2_PLACEMENT_3D ( 'NONE', #1333, #5018, #2996 ) ;
#2686 = CARTESIAN_POINT ( 'NONE',  ( 46.72149920881242500, 0.4678324047076254400, -86.34477564498041600 ) ) ;
#2687 = CARTESIAN_POINT ( 'NONE',  ( 41.45823308107348000, -1.603710014415314500, 0.0000000000000000000 ) ) ;
#2688 = APPROVAL_STATUS ( 'not_yet_approved' ) ;
#2689 = CARTESIAN_POINT ( 'NONE',  ( 47.39562828679858300, 3.061232860018361800, -64.99999999999997200 ) ) ;
#2690 = CARTESIAN_POINT ( 'NONE',  ( 45.46615764047162100, 1.095957696284068000, -5.385918619472200000 ) ) ;
#2691 = CARTESIAN_POINT ( 'NONE',  ( 34.82468411564887100, -0.1696569241813815600, 98.38101291942410900 ) ) ;
#2692 = CARTESIAN_POINT ( 'NONE',  ( 49.69046452114804400, -2.453752593685040800, 64.99999999999994300 ) ) ;
#2693 = CARTESIAN_POINT ( 'NONE',  ( 45.65772006357551800, -0.08879999274258683400, 70.66485439059654500 ) ) ;
#2694 = CARTESIAN_POINT ( 'NONE',  ( 35.00146818846618400, -1.601132867192234200, -84.90838864676324200 ) ) ;
#2695 = CARTESIAN_POINT ( 'NONE',  ( 40.47350810975971300, -1.732863964378639700, 91.59999999999998000 ) ) ;
#2696 = EDGE_CURVE ( 'NONE', #4890, #4307, #833, .T. ) ;
#2697 = CARTESIAN_POINT ( 'NONE',  ( 39.99999999997989200, -0.8858127422981143500, 5.500000000000002700 ) ) ;
#2698 = CARTESIAN_POINT ( 'NONE',  ( 36.09971516346077200, -0.1829466578808035000, -70.36368984126843900 ) ) ;
#2699 = CARTESIAN_POINT ( 'NONE',  ( 33.67695168562452300, 0.9454805103095376100, 86.32204996149494000 ) ) ;
#2700 = LOCAL_TIME ( 7, 14, 15.00000000000000000, #2316 ) ;
#2701 = CARTESIAN_POINT ( 'NONE',  ( 35.26527555109614600, -3.173104921006576300, -2.814348487104295400 ) ) ;
#2702 = CARTESIAN_POINT ( 'NONE',  ( 32.81285146014580800, 1.050098805338632000, 81.08927438863092600 ) ) ;
#2703 = DIRECTION ( 'NONE',  ( -0.0000000000000000000, -0.0000000000000000000, 1.000000000000000000 ) ) ;
#2704 = CARTESIAN_POINT ( 'NONE',  ( 45.80805502783527300, 2.064300999287797200, -75.46402653936841900 ) ) ;
#2705 = CARTESIAN_POINT ( 'NONE',  ( 38.03941148268423000, 2.604610318927721700, 6.477235281265006300 ) ) ;
#2706 = CIRCLE ( 'NONE', #2034, 0.7500000000000006700 ) ;
#2707 = CARTESIAN_POINT ( 'NONE',  ( 47.70347764941053700, 2.161605378117915900, -70.44947284924263900 ) ) ;
#2708 = CARTESIAN_POINT ( 'NONE',  ( 43.75114897447918600, -2.703002216448096500, 24.09625883010560400 ) ) ;
#2709 = CARTESIAN_POINT ( 'NONE',  ( 47.55568128159474400, 2.917680725551460100, -64.99999999999997200 ) ) ;
#2710 = ADVANCED_FACE ( 'NONE', ( #2905 ), #698, .F. ) ;
#2711 = CARTESIAN_POINT ( 'NONE',  ( 45.13142879835867700, 2.420568593374853100, 0.0000000000000000000 ) ) ;
#2712 = VERTEX_POINT ( 'NONE', #1831 ) ;
#2713 = CARTESIAN_POINT ( 'NONE',  ( 42.10936673453566200, 2.900577097471858800, -5.100867478483383600 ) ) ;
#2714 = ORIENTED_EDGE ( 'NONE', *, *, #5220, .F. ) ;
#2715 = CARTESIAN_POINT ( 'NONE',  ( 41.17797186628664700, 0.6202680958717926600, 79.07801269933075600 ) ) ;
#2716 = CARTESIAN_POINT ( 'NONE',  ( 32.37356036867430500, -2.731063467994643300, -84.87123564241245800 ) ) ;
#2717 = CARTESIAN_POINT ( 'NONE',  ( 42.54659802873118900, -0.7830419820585996500, 78.32612178581754800 ) ) ;
#2718 = CARTESIAN_POINT ( 'NONE',  ( 32.97868416768266500, 0.2553580612880960700, 81.04997535485736600 ) ) ;
#2719 = CARTESIAN_POINT ( 'NONE',  ( 52.15459276052485600, -3.303364233875434300, 65.00000000000000000 ) ) ;
#2720 = CARTESIAN_POINT ( 'NONE',  ( 40.33549832847848600, -1.546924376201045200, -91.59999999999999400 ) ) ;
#2721 = CARTESIAN_POINT ( 'NONE',  ( 39.99999999997989200, -0.8858127422981143500, 5.500000000000002700 ) ) ;
#2722 = CARTESIAN_POINT ( 'NONE',  ( 33.26680458566657700, 0.4227518434964501700, 86.34491458141981500 ) ) ;
#2723 = CARTESIAN_POINT ( 'NONE',  ( 45.17531588435112900, -0.1696569241813815600, -98.38101291942410900 ) ) ;
#2724 = CARTESIAN_POINT ( 'NONE',  ( 45.56598843378014900, 0.4999462315252330400, -91.59999999999998000 ) ) ;
#2725 = CARTESIAN_POINT ( 'NONE',  ( 47.93166654735281200, 0.7096218129894285000, 35.00000000000000000 ) ) ;
#2726 = CARTESIAN_POINT ( 'NONE',  ( 47.70288080530641400, 2.162878549544815500, -70.44946078597166700 ) ) ;
#2727 = CARTESIAN_POINT ( 'NONE',  ( 38.54176691892652700, -1.603710014415314500, 0.0000000000000000000 ) ) ;
#2728 = CARTESIAN_POINT ( 'NONE',  ( 40.55081168121630200, -1.752031084320056800, 91.59999999999998000 ) ) ;
#2729 = CARTESIAN_POINT ( 'NONE',  ( 44.11964103744517700, 1.048037814065636300, 64.99999999999994300 ) ) ;
#2730 = CARTESIAN_POINT ( 'NONE',  ( 31.04103664939442800, -3.340989409574568500, -84.89932006806981200 ) ) ;
#2731 = CARTESIAN_POINT ( 'NONE',  ( 41.55911859421971100, -1.271862688035383600, 84.95742506030539700 ) ) ;
#2732 = CARTESIAN_POINT ( 'NONE',  ( 33.93489408568358800, -0.8158742776090184300, 91.59999999999968200 ) ) ;
#2733 = CARTESIAN_POINT ( 'NONE',  ( 40.99776081081231600, 4.286552377158776600, 44.89581496232038700 ) ) ;
#2734 = CARTESIAN_POINT ( 'NONE',  ( 40.32708875816091200, -0.001666529067122918300, -79.34906233126453400 ) ) ;
#2735 = CARTESIAN_POINT ( 'NONE',  ( 33.45514427678060800, 1.603311290061676800, 81.04340130753492100 ) ) ;
#2736 = ADVANCED_FACE ( 'NONE', ( #4180, #3730 ), #1428, .F. ) ;
#2737 = CARTESIAN_POINT ( 'NONE',  ( 38.26390503144874300, -0.2408337396261429600, 5.231190136599443500 ) ) ;
#2738 = CARTESIAN_POINT ( 'NONE',  ( 33.31957797885237200, -0.07395076556082469400, 86.33596053959249200 ) ) ;
#2739 = CARTESIAN_POINT ( 'NONE',  ( 41.05194611141958200, -0.9122608394840346900, 93.64086251607868400 ) ) ;
#2740 = CARTESIAN_POINT ( 'NONE',  ( 45.63813894357542000, 0.4974768202577069500, -91.60000000000000900 ) ) ;
#2741 = CARTESIAN_POINT ( 'NONE',  ( 33.55655951463298700, 0.3121601993113121100, 75.64042070885649600 ) ) ;
#2742 = ORIENTED_EDGE ( 'NONE', *, *, #3733, .T. ) ;
#2743 = CARTESIAN_POINT ( 'NONE',  ( 52.21141010944020900, -2.416042901537755100, 35.00000000000003600 ) ) ;
#2744 = CARTESIAN_POINT ( 'NONE',  ( 47.79923527207045500, 2.087456809847491700, -65.00000000000002800 ) ) ;
#2745 = EDGE_LOOP ( 'NONE', ( #1096, #847, #4494, #3805 ) ) ;
#2746 = CARTESIAN_POINT ( 'NONE',  ( 34.54127588180647700, -2.991115921416672900, -96.87035501528724500 ) ) ;
#2747 = CARTESIAN_POINT ( 'NONE',  ( 43.98700999822992200, -0.07922085577355933400, 67.67033712664007800 ) ) ;
#2748 = CARTESIAN_POINT ( 'NONE',  ( 44.12452045143069100, -0.4415934080907471500, 78.39142766351277200 ) ) ;
#2749 = CARTESIAN_POINT ( 'NONE',  ( 27.82680197521755600, -3.333834472861840800, -65.00000000000000000 ) ) ;
#2750 = CARTESIAN_POINT ( 'NONE',  ( 42.22734606066897100, -0.6706385910147907300, 78.44050017507356600 ) ) ;
#2751 = CARTESIAN_POINT ( 'NONE',  ( 32.37526300961405200, 1.157524644621472000, 75.84059318009144600 ) ) ;
#2752 = CARTESIAN_POINT ( 'NONE',  ( 53.44483379002171100, -3.343927464517826300, 34.99999999999995000 ) ) ;
#2753 = CARTESIAN_POINT ( 'NONE',  ( 36.77693550733801700, 0.3864088955523384800, -65.00000000000000000 ) ) ;
#2754 = CARTESIAN_POINT ( 'NONE',  ( 32.85440133679878000, 2.631153035419402400, 70.40293333198108900 ) ) ;
#2755 = CARTESIAN_POINT ( 'NONE',  ( 37.27560700648609800, 0.04769320525473221000, 4.781339242736589900 ) ) ;
#2756 = CARTESIAN_POINT ( 'NONE',  ( 46.23895478207919800, -3.292736285078665200, 96.77848573177931300 ) ) ;
#2757 = CARTESIAN_POINT ( 'NONE',  ( 46.18719009145285500, 1.550686125364394200, -80.95980054116273500 ) ) ;
#2758 = CARTESIAN_POINT ( 'NONE',  ( 35.51117888475732800, 1.595714051965992700, 65.00000000000007100 ) ) ;
#2759 = CARTESIAN_POINT ( 'NONE',  ( 45.24975828406631000, -3.443762529998077900, 0.0000000000000000000 ) ) ;
#2760 = CARTESIAN_POINT ( 'NONE',  ( 47.79691276393413100, 2.074044040808804600, -65.00000000000002800 ) ) ;
#2761 = CARTESIAN_POINT ( 'NONE',  ( 34.50000000000000000, -3.500000000000000000, -101.5999999999999900 ) ) ;
#2762 = APPROVAL_PERSON_ORGANIZATION ( #4674, #4039, #3105 ) ;
#2763 = CARTESIAN_POINT ( 'NONE',  ( 43.93649495930041800, -0.1933102078443929300, 70.34135006407326800 ) ) ;
#2764 = ORIENTED_EDGE ( 'NONE', *, *, #3348, .T. ) ;
#2765 = LINE ( 'NONE', #2062, #1670 ) ;
#2766 = CARTESIAN_POINT ( 'NONE',  ( 46.78332753842354200, -0.2471934027116899900, 65.00000000000000000 ) ) ;
#2767 = CARTESIAN_POINT ( 'NONE',  ( 32.33522200599852400, -3.357250790381801000, -91.60000000000000900 ) ) ;
#2768 = CARTESIAN_POINT ( 'NONE',  ( 43.18217000695548100, 0.2445196036921183400, 67.92103883184871900 ) ) ;
#2769 = CARTESIAN_POINT ( 'NONE',  ( 32.43915329235718300, 1.174302253439068100, 70.41196326884718800 ) ) ;
#2770 = CARTESIAN_POINT ( 'NONE',  ( 41.85522308440764000, -1.876771981872852300, 98.48528102659125200 ) ) ;
#2771 = CARTESIAN_POINT ( 'NONE',  ( 38.92976179948255600, -1.125444562142694300, -85.05374041890387100 ) ) ;
#2772 = CARTESIAN_POINT ( 'NONE',  ( 34.50387007178948600, 1.385351436380204900, 0.2104710196300779400 ) ) ;
#2773 = ORIENTED_EDGE ( 'NONE', *, *, #4004, .T. ) ;
#2774 = FACE_OUTER_BOUND ( 'NONE', #1738, .T. ) ;
#2775 = CARTESIAN_POINT ( 'NONE',  ( 45.50000000000000000, -3.500000000000000000, 101.5999999999999900 ) ) ;
#2776 = CARTESIAN_POINT ( 'NONE',  ( 46.17740870682985100, 2.060235033420366500, -75.55554089358226100 ) ) ;
#2777 = ORIENTED_EDGE ( 'NONE', *, *, #4487, .T. ) ;
#2778 = CARTESIAN_POINT ( 'NONE',  ( 38.41240721436069800, 1.081626734045285000, 73.66039144466176900 ) ) ;
#2779 = CARTESIAN_POINT ( 'NONE',  ( 53.30936383028630100, -3.500815289903507700, 34.99999999999998600 ) ) ;
#2780 = CC_DESIGN_PERSON_AND_ORGANIZATION_ASSIGNMENT ( #821, #3531, ( #170 ) ) ;
#2781 = CARTESIAN_POINT ( 'NONE',  ( 46.26723642756998300, 0.04680062874617391100, -91.60000000000015100 ) ) ;
#2782 = ORIENTED_EDGE ( 'NONE', *, *, #1812, .T. ) ;
#2783 = CARTESIAN_POINT ( 'NONE',  ( 39.70263146191150800, -1.796070606107766000, -99.96752272332165000 ) ) ;
#2784 = CARTESIAN_POINT ( 'NONE',  ( 38.38800443960892700, -0.9178426209007341000, -91.59999999999999400 ) ) ;
#2785 = CARTESIAN_POINT ( 'NONE',  ( 47.45081884511368000, -0.7939009660209788200, 67.64633856719345300 ) ) ;
#2786 = CARTESIAN_POINT ( 'NONE',  ( 32.37791368457937600, -3.311722468499423800, -91.60000000000000900 ) ) ;
#2787 = CARTESIAN_POINT ( 'NONE',  ( 42.67680112323102300, 0.2745489856260103800, 71.12887899841656700 ) ) ;
#2788 = CARTESIAN_POINT ( 'NONE',  ( 33.93774911196276600, -0.8183431585436929900, 91.59999999999968200 ) ) ;
#2789 = CARTESIAN_POINT ( 'NONE',  ( 43.10905267319741100, -1.623752969793905500, 92.73665145521403000 ) ) ;
#2790 = CARTESIAN_POINT ( 'NONE',  ( 38.21615898325046600, -0.5242349797156140600, -78.59686089445550300 ) ) ;
#2791 = ADVANCED_FACE ( 'NONE', ( #1542 ), #2202, .F. ) ;
#2792 = CARTESIAN_POINT ( 'NONE',  ( 44.45001013457592600, -0.1705472125655154700, -97.49799919643973600 ) ) ;
#2793 = CARTESIAN_POINT ( 'NONE',  ( 44.42449556153593400, -2.037804700582602500, 91.59999999999996600 ) ) ;
#2794 = CARTESIAN_POINT ( 'NONE',  ( 38.09929778816437100, 1.528949311930107000, -68.60424020051199500 ) ) ;
#2795 = CARTESIAN_POINT ( 'NONE',  ( 42.33848948120437000, 0.5363426728578472000, 68.17364871362056500 ) ) ;
#2796 = CARTESIAN_POINT ( 'NONE',  ( 53.41771719429915800, -3.297056316320183800, 35.00000000000000000 ) ) ;
#2797 = CARTESIAN_POINT ( 'NONE',  ( 46.60984503070745400, 2.350319778117861100, -75.82267771736425700 ) ) ;
#2798 = CARTESIAN_POINT ( 'NONE',  ( 40.06692549524274900, -0.5607342222052168500, -94.25483705900106200 ) ) ;
#2799 = CARTESIAN_POINT ( 'NONE',  ( 47.62643963132570200, -2.731063467994643300, 84.87123564241245800 ) ) ;
#2800 = CARTESIAN_POINT ( 'NONE',  ( 44.43998251862289100, -2.158626422097222900, 84.95768461915334100 ) ) ;
#2801 = CARTESIAN_POINT ( 'NONE',  ( 46.81096081439560700, -0.6310940460536120800, 70.37525518175421300 ) ) ;
#2802 = CARTESIAN_POINT ( 'NONE',  ( 31.03143787351302100, -3.363659482820444700, -84.90054197099397000 ) ) ;
#2803 = CARTESIAN_POINT ( 'NONE',  ( 33.41956432152902300, -0.2312567752170645000, 86.32837093055778200 ) ) ;
#2804 = CARTESIAN_POINT ( 'NONE',  ( 38.21044616881527400, -0.2535439637457045400, 95.37056205318251000 ) ) ;
#2805 = CARTESIAN_POINT ( 'NONE',  ( 45.58094830376707300, -0.9999817380565414500, -91.59999999999998000 ) ) ;
#2806 = CARTESIAN_POINT ( 'NONE',  ( 36.72402694429020900, -2.206130419742017500, -97.62043125803933200 ) ) ;
#2807 = CARTESIAN_POINT ( 'NONE',  ( 32.62172507554399200, 3.073528924094794100, 64.99999999999997200 ) ) ;
#2808 = CARTESIAN_POINT ( 'NONE',  ( 44.27193209555007100, 0.4452848607874442800, -91.60000000000006500 ) ) ;
#2809 = CARTESIAN_POINT ( 'NONE',  ( 35.66036365117404500, -0.4182583733796581000, 86.10852631384699400 ) ) ;
#2810 = B_SPLINE_CURVE_WITH_KNOTS ( 'NONE', 3,
 ( #281, #714, #5255, #314 ),
 .UNSPECIFIED., .F., .F.,
 ( 4, 4 ),
 ( 0.0000000000000000000, 1.000000000000000000 ),
 .UNSPECIFIED. ) ;
#2811 = CARTESIAN_POINT ( 'NONE',  ( 44.43829031172954600, 2.735737333946334000, -5.871073698460308200 ) ) ;
#2812 = CARTESIAN_POINT ( 'NONE',  ( 46.31406257538171200, -0.1014868578897044900, -91.60000000000002300 ) ) ;
#2813 = CARTESIAN_POINT ( 'NONE',  ( 33.88800443917916300, -2.709781947833429500, -91.59999999999998000 ) ) ;
#2814 = CARTESIAN_POINT ( 'NONE',  ( 51.38597746386010100, -2.947407674057680400, 67.51214096324061100 ) ) ;
#2815 = CARTESIAN_POINT ( 'NONE',  ( 53.26915514171066900, -3.492244288815581100, 40.00417574954925500 ) ) ;
#2816 = CARTESIAN_POINT ( 'NONE',  ( 42.96850566585446500, -0.7319335564640252500, 84.96906562615633600 ) ) ;
#2817 = CARTESIAN_POINT ( 'NONE',  ( 32.32787475207324900, -3.419776468158328300, -91.60000000000003700 ) ) ;
#2818 = CARTESIAN_POINT ( 'NONE',  ( 47.55081168072558700, -3.497030537516180100, 91.59999999999999400 ) ) ;
#2819 = CARTESIAN_POINT ( 'NONE',  ( 45.50000000000000000, -3.500000000000000000, 101.5999999999999900 ) ) ;
#2820 = CARTESIAN_POINT ( 'NONE',  ( 46.48136709717496000, 0.3046593486798787600, -75.64552843288588200 ) ) ;
#2821 = CARTESIAN_POINT ( 'NONE',  ( 35.04169169612138300, -2.803283262677633400, -96.97368021049730700 ) ) ;
#2822 = CARTESIAN_POINT ( 'NONE',  ( 33.67192672519552600, 1.580665595134529600, 81.00319266760062900 ) ) ;
#2823 = CARTESIAN_POINT ( 'NONE',  ( 42.89190393736032500, 1.408466340067337200, -80.28105014963637100 ) ) ;
#2824 = CARTESIAN_POINT ( 'NONE',  ( 34.13634371790452300, -0.5590358093279599300, 86.28152287827065000 ) ) ;
#2825 = CARTESIAN_POINT ( 'NONE',  ( 32.83565372590372500, 1.113825823970976400, 81.08973523575090800 ) ) ;
#2826 = CARTESIAN_POINT ( 'NONE',  ( 36.54229689706512800, 3.253894066436547200, -23.22278503917813800 ) ) ;
#2827 = ORIENTED_EDGE ( 'NONE', *, *, #594, .F. ) ;
#2828 = APPROVAL_DATE_TIME ( #754, #4039 ) ;
#2829 = CARTESIAN_POINT ( 'NONE',  ( 46.42817122161677200, 0.8869652926753953700, -86.32970174222056400 ) ) ;
#2830 = CARTESIAN_POINT ( 'NONE',  ( 33.92254980212013700, 0.3054870637028526700, 91.60000000000029300 ) ) ;
#2831 = CARTESIAN_POINT ( 'NONE',  ( 32.37164156082060600, -3.496058060785116200, -91.60000000000002300 ) ) ;
#2832 = CARTESIAN_POINT ( 'NONE',  ( 51.62678891727449600, -3.002765625858827600, 65.00000000000000000 ) ) ;
#2833 = ORIENTED_EDGE ( 'NONE', *, *, #348, .F. ) ;
#2834 = CIRCLE ( 'NONE', #2966, 5.500000000000000000 ) ;
#2835 = CARTESIAN_POINT ( 'NONE',  ( 46.49769365237640500, -0.3266498913587523300, -86.32242001810009000 ) ) ;
#2836 = CARTESIAN_POINT ( 'NONE',  ( 34.50000000000000700, 1.511333873039346400, 0.01863705324913229900 ) ) ;
#2837 = ORIENTED_EDGE ( 'NONE', *, *, #2023, .T. ) ;
#2838 = CARTESIAN_POINT ( 'NONE',  ( 46.73816134009369700, -1.643133977699772900, 78.20729161852366900 ) ) ;
#2839 = CARTESIAN_POINT ( 'NONE',  ( 27.84982663034029600, -3.470426151217923700, -65.00000000000001400 ) ) ;
#2840 = CARTESIAN_POINT ( 'NONE',  ( 27.31689272925337500, -3.502888593200705900, -52.50191092872521600 ) ) ;
#2841 = ORIENTED_EDGE ( 'NONE', *, *, #3076, .T. ) ;
#2842 = CARTESIAN_POINT ( 'NONE',  ( 44.73472444890661800, -3.173104921008009800, 2.814348487099642700 ) ) ;
#2843 = CARTESIAN_POINT ( 'NONE',  ( 46.63441958170921700, 1.265972706267507500, -65.00000000000000000 ) ) ;
#2844 = ORIENTED_EDGE ( 'NONE', *, *, #2088, .T. ) ;
#2845 = CARTESIAN_POINT ( 'NONE',  ( 38.14477691559236700, -1.876771981872852300, -98.48528102659125200 ) ) ;
#2846 = CARTESIAN_POINT ( 'NONE',  ( 33.62641429671683800, 1.590411155545548900, 81.01363580137035600 ) ) ;
#2847 = CARTESIAN_POINT ( 'NONE',  ( 43.89336462240089500, 3.101051363338989100, -65.00000000000000000 ) ) ;
#2848 = CARTESIAN_POINT ( 'NONE',  ( 33.39831933449354300, 0.3040364376700361900, 75.66272048376394800 ) ) ;
#2849 = CARTESIAN_POINT ( 'NONE',  ( 32.23336294034358200, 1.980134174026906300, 70.44927438863099700 ) ) ;
#2850 = CARTESIAN_POINT ( 'NONE',  ( 34.50489104029760100, -3.314217173722037400, -23.94290938275108300 ) ) ;
#2851 = AXIS2_PLACEMENT_3D ( 'NONE', #122, #3443, #1389 ) ;
#2852 = CARTESIAN_POINT ( 'NONE',  ( 46.71923856210930400, 1.569366202410334800, -81.06407349743337000 ) ) ;
#2853 = CARTESIAN_POINT ( 'NONE',  ( 33.50244486189678400, 1.603893369970812900, 81.03652351278562100 ) ) ;
#2854 = EDGE_CURVE ( 'NONE', #4048, #3286, #4686, .T. ) ;
#2855 = CARTESIAN_POINT ( 'NONE',  ( 32.52630082426733100, -3.533937962933759700, -91.93788137799234100 ) ) ;
#2856 = CARTESIAN_POINT ( 'NONE',  ( 52.13614637825615700, -3.293025317545518000, 65.00000000000000000 ) ) ;
#2857 = CARTESIAN_POINT ( 'NONE',  ( 47.13684794309386200, 1.303933014010735900, -65.00000000000000000 ) ) ;
#2858 = CARTESIAN_POINT ( 'NONE',  ( 48.06605496217478900, -1.265789677325184000, 70.18835186290465300 ) ) ;
#2859 = CARTESIAN_POINT ( 'NONE',  ( 31.03316942790105100, -3.408811202317005900, -84.90824451094567800 ) ) ;
#2860 = CARTESIAN_POINT ( 'NONE',  ( 40.00000000000000000, -3.500000000000000000, 0.0000000000000000000 ) ) ;
#2861 = CARTESIAN_POINT ( 'NONE',  ( 45.50000000000000000, -3.500000000000000000, 101.5999999999999900 ) ) ;
#2862 = CARTESIAN_POINT ( 'NONE',  ( 45.58690663977992600, -0.9999109580733647200, -91.59999999999996600 ) ) ;
#2863 = CARTESIAN_POINT ( 'NONE',  ( 41.90650840615784000, 0.1498497930718353200, -91.59999999999996600 ) ) ;
#2864 = CARTESIAN_POINT ( 'NONE',  ( 33.03064154598433100, 2.652807170889680800, 70.37571948307918000 ) ) ;
#2865 = CARTESIAN_POINT ( 'NONE',  ( 45.29153551586402700, 1.549908688011877500, -80.82057983664462600 ) ) ;
#2866 = CARTESIAN_POINT ( 'NONE',  ( 34.15344577353502600, -0.5571796470870112900, 86.28034308778367700 ) ) ;
#2867 = CARTESIAN_POINT ( 'NONE',  ( 32.88182220514558900, 2.316964707766989000, 75.88947967170942400 ) ) ;
#2868 = CARTESIAN_POINT ( 'NONE',  ( 26.58894114494534500, -3.455010291813798600, -35.00000000000005000 ) ) ;
#2869 = CARTESIAN_POINT ( 'NONE',  ( 46.53814528698729400, -3.396775291034118000, 96.76968006617255500 ) ) ;
#2870 = CARTESIAN_POINT ( 'NONE',  ( 34.50000000000000000, -3.500000000000000000, -101.5999999999999900 ) ) ;
#2871 = CARTESIAN_POINT ( 'NONE',  ( 46.37543068869103300, -2.814684117984775500, 91.60000000000003700 ) ) ;
#2872 = CARTESIAN_POINT ( 'NONE',  ( 47.56811545523487400, 0.9473495702130605400, -75.81784345939784900 ) ) ;
#2873 = CARTESIAN_POINT ( 'NONE',  ( 27.83839319507503500, -3.458145386200543100, -65.00000000000001400 ) ) ;
#2874 = CARTESIAN_POINT ( 'NONE',  ( 27.93164495795281300, -3.502920983513961000, -65.00000000000000000 ) ) ;
#2875 = VERTEX_POINT ( 'NONE', #1852 ) ;
#2876 = CARTESIAN_POINT ( 'NONE',  ( 46.41336625069737900, -3.469883757836846400, 96.76966179609121400 ) ) ;
#2877 = CARTESIAN_POINT ( 'NONE',  ( 45.57669872971280300, -0.9999987838830194400, -91.59999999999998000 ) ) ;
#2878 = CARTESIAN_POINT ( 'NONE',  ( 33.91425962355594200, -3.399194561495446200, -96.78146330470583800 ) ) ;
#2879 = CARTESIAN_POINT ( 'NONE',  ( 33.67617553432785400, -0.1716309170086853800, 91.59999999999998000 ) ) ;
#2880 = CARTESIAN_POINT ( 'NONE',  ( 32.55346060901105400, 3.023102039866678100, 64.99999999999997200 ) ) ;
#2881 = CARTESIAN_POINT ( 'NONE',  ( 33.98715608570634600, -0.04679952940236827000, -67.77687040799854400 ) ) ;
#2882 = CARTESIAN_POINT ( 'NONE',  ( 33.36558041829078300, 1.265972706267507500, 65.00000000000000000 ) ) ;
#2883 = CARTESIAN_POINT ( 'NONE',  ( 32.29711919469358600, 2.162878549544815500, 70.44946078597166700 ) ) ;
#2884 = CARTESIAN_POINT ( 'NONE',  ( 35.90964397208491500, -1.917537558387645700, -22.80891941351469400 ) ) ;
#2885 = CARTESIAN_POINT ( 'NONE',  ( 45.50000000000000000, -3.500000000000000000, 101.5999999999999900 ) ) ;
#2886 = CARTESIAN_POINT ( 'NONE',  ( 34.50000000000000000, -3.500000000000000000, -101.5999999999999900 ) ) ;
#2887 = CARTESIAN_POINT ( 'NONE',  ( 48.96814768688759000, -3.403654418518375000, 84.90682906820326500 ) ) ;
#2888 = CARTESIAN_POINT ( 'NONE',  ( 47.05680778892298800, 0.8245374824465325800, -70.36466363231689100 ) ) ;
#2889 = CARTESIAN_POINT ( 'NONE',  ( 47.91184670528623700, -1.666238714616831800, 65.00000000000005700 ) ) ;
#2890 = CARTESIAN_POINT ( 'NONE',  ( 28.08853712192292900, -3.495627888606581900, -67.67748053202908000 ) ) ;
#2891 = CARTESIAN_POINT ( 'NONE',  ( 32.34143059687969000, -3.454159413723937500, -91.60000000000005100 ) ) ;
#2892 = CARTESIAN_POINT ( 'NONE',  ( 45.49985457677166100, -3.242047998889536300, 0.04071030438326101600 ) ) ;
#2893 = CARTESIAN_POINT ( 'NONE',  ( 46.08574037644405800, -3.399194561495446200, 96.78146330470583800 ) ) ;
#2894 = CARTESIAN_POINT ( 'NONE',  ( 46.77945723825316500, 1.250270901356918700, -64.99999999999998600 ) ) ;
#2895 = CARTESIAN_POINT ( 'NONE',  ( 37.91167443877088100, -2.246074405031257100, -92.79051739311965700 ) ) ;
#2896 = CARTESIAN_POINT ( 'NONE',  ( 32.90471312194743800, 1.250863973233803400, 81.08908179462548600 ) ) ;
#2897 = VERTEX_POINT ( 'NONE', #4698 ) ;
#2898 = CYLINDRICAL_SURFACE ( 'NONE', #5253, 5.500000000000000000 ) ;
#2899 = CARTESIAN_POINT ( 'NONE',  ( 34.34219213660143300, 0.4955334578815471800, 91.60000000000002300 ) ) ;
#2900 = CARTESIAN_POINT ( 'NONE',  ( 34.83721876311887700, 0.3481630525693187300, -67.90072908368479400 ) ) ;
#2901 = CARTESIAN_POINT ( 'NONE',  ( 34.09505466672724300, -0.5607253286008335700, 86.28448210160222200 ) ) ;
#2902 = CARTESIAN_POINT ( 'NONE',  ( 32.19729343587962900, 2.109461425837337400, 65.00000000000002800 ) ) ;
#2903 = CARTESIAN_POINT ( 'NONE',  ( 32.06833345264718800, 0.7096218129894285000, -35.00000000000000000 ) ) ;
#2904 = CARTESIAN_POINT ( 'NONE',  ( 45.50000000000000000, -3.500000000000000000, 101.5999999999999900 ) ) ;
#2905 = FACE_OUTER_BOUND ( 'NONE', #1561, .T. ) ;
#2906 = CARTESIAN_POINT ( 'NONE',  ( 34.05335498582862600, -3.097134829492069300, -91.60000000000000900 ) ) ;
#2907 = CARTESIAN_POINT ( 'NONE',  ( 50.28488487955921500, -3.410728668850930400, 78.20360674686470800 ) ) ;
#2908 = CARTESIAN_POINT ( 'NONE',  ( 47.05450600182914700, 0.4036541274428615000, -75.72332945721737500 ) ) ;
#2909 = CARTESIAN_POINT ( 'NONE',  ( 31.48850914845830600, 3.778267773706527800, 35.00000000000003600 ) ) ;
#2910 = CARTESIAN_POINT ( 'NONE',  ( 32.44918831927442000, -3.497030537516180100, -91.59999999999999400 ) ) ;
#2911 = CARTESIAN_POINT ( 'NONE',  ( 28.21989818027642700, -3.495955262682049400, -70.35496106405817300 ) ) ;
#2912 = CARTESIAN_POINT ( 'NONE',  ( 45.49762225154988500, -3.217702581608910000, 0.1646605682356770700 ) ) ;
#2913 = CARTESIAN_POINT ( 'NONE',  ( 47.67962771717784400, -3.433820798119975300, 91.59999999999999400 ) ) ;
#2914 = CARTESIAN_POINT ( 'NONE',  ( 46.53302742712831700, 0.3029253424768124100, -75.65300821239624400 ) ) ;
#2915 = EDGE_CURVE ( 'NONE', #1757, #5147, #2508, .T. ) ;
#2916 = CARTESIAN_POINT ( 'NONE',  ( 32.89128051848055600, -3.409658148906145000, -91.94456017736872900 ) ) ;
#2917 = CARTESIAN_POINT ( 'NONE',  ( 32.18491406739575900, 2.207721375224171600, 65.00000000000000000 ) ) ;
#2918 = CARTESIAN_POINT ( 'NONE',  ( 33.81930841344438900, 1.550711455375574300, 80.95736896577535900 ) ) ;
#2919 = CARTESIAN_POINT ( 'NONE',  ( 36.04796554247190000, -0.3672924730109839400, -78.41687040799853000 ) ) ;
#2920 = CARTESIAN_POINT ( 'NONE',  ( 43.40905554848106400, 3.154286419249737100, -35.00000000000000000 ) ) ;
#2921 = CARTESIAN_POINT ( 'NONE',  ( 32.30250956893947000, 2.174318355896260000, 70.44934976443546800 ) ) ;
#2922 = CARTESIAN_POINT ( 'NONE',  ( 46.41336625069737900, -3.469883757836846400, 96.76966179609121400 ) ) ;
#2923 = ORIENTED_EDGE ( 'NONE', *, *, #3668, .T. ) ;
#2924 = CARTESIAN_POINT ( 'NONE',  ( 35.15254788925729200, -3.105299086797476300, -96.93026705474061100 ) ) ;
#2925 = CARTESIAN_POINT ( 'NONE',  ( 48.97011424499304900, -3.371699922788969200, 84.90127791072826800 ) ) ;
#2926 = CARTESIAN_POINT ( 'NONE',  ( 46.06225088803723400, -0.8183431585436929900, -91.59999999999968200 ) ) ;
#2927 = CARTESIAN_POINT ( 'NONE',  ( 36.59094445151894300, 3.154286419249737100, 44.77306493902164400 ) ) ;
#2928 = CARTESIAN_POINT ( 'NONE',  ( 29.76777522960334800, -2.845021310412859900, -70.35293642492540300 ) ) ;
#2929 = CARTESIAN_POINT ( 'NONE',  ( 32.42784158473524800, -3.500276318335800300, -91.59999999999999400 ) ) ;
#2930 = CARTESIAN_POINT ( 'NONE',  ( 45.49846402980159600, -3.223514804795759100, 0.1336222005369652700 ) ) ;
#2931 = CARTESIAN_POINT ( 'NONE',  ( 47.57512541172575700, -3.503091601416670600, 91.59999999999998000 ) ) ;
#2932 = CARTESIAN_POINT ( 'NONE',  ( 45.59884831146304400, -0.9996278661613914300, -91.59999999999996600 ) ) ;
#2933 = CARTESIAN_POINT ( 'NONE',  ( 35.15254788925729200, -3.105299086797476300, -96.93026705474061100 ) ) ;
#2934 = CARTESIAN_POINT ( 'NONE',  ( 33.77121114028189900, 1.554842589628582500, 80.97466533855346400 ) ) ;
#2935 = CARTESIAN_POINT ( 'NONE',  ( 38.23786646999571600, -0.2575137627846739200, -85.07036454184240900 ) ) ;
#2936 = CARTESIAN_POINT ( 'NONE',  ( 48.51149085154169400, 3.778267773706527800, -45.05631431729104700 ) ) ;
#2937 = CARTESIAN_POINT ( 'NONE',  ( 32.87386796341632300, 2.313221918943848500, 75.88993219447084500 ) ) ;
#2938 = CARTESIAN_POINT ( 'NONE',  ( 33.18750000000007800, -24.92412854073873500, 65.00000000000000000 ) ) ;
#2939 = CARTESIAN_POINT ( 'NONE',  ( 45.94283231323230200, -3.121897681404020000, 92.01567112720192700 ) ) ;
#2940 = CARTESIAN_POINT ( 'NONE',  ( 34.50000000000000000, -3.500000000000000000, -101.5999999999999900 ) ) ;
#2941 = CARTESIAN_POINT ( 'NONE',  ( 52.18473959849176700, -3.369235279843554800, 65.00000000000000000 ) ) ;
#2942 = CARTESIAN_POINT ( 'NONE',  ( 34.50010097250486800, -3.252912044309207200, -0.03355098050924651400 ) ) ;
#2943 = CARTESIAN_POINT ( 'NONE',  ( 47.36664693306054400, 1.419910318880267800, -65.00000000000000000 ) ) ;
#2944 = CARTESIAN_POINT ( 'NONE',  ( 32.93407641437390500, 2.116197434493308100, 55.01261580622293200 ) ) ;
#2945 = CARTESIAN_POINT ( 'NONE',  ( 42.88400085349451300, 0.08851395561133303100, -4.686832848582120900 ) ) ;
#2946 = CARTESIAN_POINT ( 'NONE',  ( 28.16295724801534600, -3.500623066878259900, -70.33555084614485500 ) ) ;
#2947 = CARTESIAN_POINT ( 'NONE',  ( 45.26484591738323400, -3.449872081622699800, 1.596092690654559600 ) ) ;
#2948 = CARTESIAN_POINT ( 'NONE',  ( 45.50000000000000000, -3.500000000000000000, 101.5999999999999900 ) ) ;
#2949 = CARTESIAN_POINT ( 'NONE',  ( 45.44076103615954300, -1.047841116697492100, 78.26987361524264500 ) ) ;
#2950 = CARTESIAN_POINT ( 'NONE',  ( 32.88668831932601200, -3.387968071670915300, -91.59999999999998000 ) ) ;
#2951 = CARTESIAN_POINT ( 'NONE',  ( 33.48092472605412700, 2.056686933191700400, 75.66801077817361000 ) ) ;
#2952 = CARTESIAN_POINT ( 'NONE',  ( 39.44424305385453500, -0.5290004530701872800, -91.60000000000000900 ) ) ;
#2953 = CARTESIAN_POINT ( 'NONE',  ( 48.59726680106993500, 4.308727309818356900, -45.05875648745953300 ) ) ;
#2954 = CARTESIAN_POINT ( 'NONE',  ( 34.34967565347700700, -0.9963514374856179400, 91.59999999999992300 ) ) ;
#2955 = CARTESIAN_POINT ( 'NONE',  ( 31.80036289045020600, 3.326263060902202800, 23.25820054325658100 ) ) ;
#2956 = CARTESIAN_POINT ( 'NONE',  ( 26.61353783633631300, -3.477555676979774200, -23.02707477314376300 ) ) ;
#2957 = CARTESIAN_POINT ( 'NONE',  ( 40.44166948366161300, -2.496975873700542500, 99.10883661267729400 ) ) ;
#2958 = CARTESIAN_POINT ( 'NONE',  ( 38.86585498549126100, -1.897447705419733800, -91.59999999999999400 ) ) ;
#2959 = CARTESIAN_POINT ( 'NONE',  ( 47.65295754698274800, -3.337471884920913300, 91.60000000000000900 ) ) ;
#2960 = DATE_AND_TIME ( #4617, #5013 ) ;
#2961 = CARTESIAN_POINT ( 'NONE',  ( 46.05938232486586500, -0.8207927445222676900, -91.59999999999968200 ) ) ;
#2962 = CARTESIAN_POINT ( 'NONE',  ( 40.48615095069673200, 2.597976161845658700, 44.21765596549889900 ) ) ;
#2963 = CARTESIAN_POINT ( 'NONE',  ( 36.28696350016259900, -1.936278057290624400, -84.95734815647485000 ) ) ;
#2964 = CARTESIAN_POINT ( 'NONE',  ( 31.16726517173967200, -3.496675217658393700, -84.95874026601454400 ) ) ;
#2965 = CARTESIAN_POINT ( 'NONE',  ( 45.03946890916635200, -2.733506237995314300, 2.215889138703090600 ) ) ;
#2966 = AXIS2_PLACEMENT_3D ( 'NONE', #1853, #2249, #1398 ) ;
#2967 = CYLINDRICAL_SURFACE ( 'NONE', #3124, 2.500000000000000000 ) ;
#2968 = CARTESIAN_POINT ( 'NONE',  ( 45.94664501417137400, -3.097134829492069300, 91.60000000000000900 ) ) ;
#2969 = ORIENTED_EDGE ( 'NONE', *, *, #82, .F. ) ;
#2970 = CARTESIAN_POINT ( 'NONE',  ( 34.50000000000000000, -3.500000000000000000, -101.5999999999999900 ) ) ;
#2971 = VERTEX_POINT ( 'NONE', #5124 ) ;
#2972 = CARTESIAN_POINT ( 'NONE',  ( 33.45512122054825700, 2.054607114753219700, 75.63769092028184100 ) ) ;
#2973 = CARTESIAN_POINT ( 'NONE',  ( 36.74016770193888700, -0.8577620591919898900, -84.95547810350510100 ) ) ;
#2974 = CARTESIAN_POINT ( 'NONE',  ( 47.67383741106026200, 1.693134873432807600, -64.99999999999998600 ) ) ;
#2975 = CARTESIAN_POINT ( 'NONE',  ( 33.06888420474096100, 1.256085098881443600, 64.99999999999998600 ) ) ;
#2976 = CARTESIAN_POINT ( 'NONE',  ( 31.68791438996726500, 5.053453130918208900, 35.00000000000001400 ) ) ;
#2977 = CARTESIAN_POINT ( 'NONE',  ( 47.57499999999999600, -3.400000000000000400, 91.59999999999999400 ) ) ;
#2978 = ORIENTED_EDGE ( 'NONE', *, *, #3668, .F. ) ;
#2979 = CARTESIAN_POINT ( 'NONE',  ( 35.38333896732321200, -1.493951747401085500, 96.61767322535457900 ) ) ;
#2980 = EDGE_CURVE ( 'NONE', #2204, #2971, #4564, .T. ) ;
#2981 = CARTESIAN_POINT ( 'NONE',  ( 42.38539847633839500, -1.614645444064277000, -95.01857166327359000 ) ) ;
#2982 = B_SPLINE_CURVE_WITH_KNOTS ( 'NONE', 3,
 ( #2697, #657, #1109, #3574, #304, #5282, #739, #5262, #2031, #287, #5232, #705, #2842, #1592, #4824, #758 ),
 .UNSPECIFIED., .F., .F.,
 ( 4, 2, 2, 2, 2, 2, 2, 4 ),
 ( 0.009019898739933094100, 0.009943663569286992700, 0.01086742839864089300, 0.01271495805734869000, 0.01363872288670258200, 0.01456248771605647500, 0.01548625254541036900, 0.01641001737476426000 ),
 .UNSPECIFIED. ) ;
#2983 = CARTESIAN_POINT ( 'NONE',  ( 52.18352647707713700, -3.409510262146695100, 65.00000000000000000 ) ) ;
#2984 = CARTESIAN_POINT ( 'NONE',  ( 47.36876668652569600, 1.421334025035282400, -65.00000000000000000 ) ) ;
#2985 = CARTESIAN_POINT ( 'NONE',  ( 26.73084485828932300, -3.492244288815582900, -23.32158638610371400 ) ) ;
#2986 =( NAMED_UNIT ( * ) PLANE_ANGLE_UNIT ( ) SI_UNIT ( $, .RADIAN. ) );
#2987 = CARTESIAN_POINT ( 'NONE',  ( 27.98711182484519000, -3.478010719133497000, -67.64449991209247100 ) ) ;
#2988 = CARTESIAN_POINT ( 'NONE',  ( 34.77477615935986000, -3.429184591355484400, -1.716693279303529000 ) ) ;
#2989 = CARTESIAN_POINT ( 'NONE',  ( 39.67804832200572200, -2.285281847031448400, 99.54086229423693100 ) ) ;
#2990 = CARTESIAN_POINT ( 'NONE',  ( 34.50000000000000000, -3.500000000000000000, -101.5999999999999900 ) ) ;
#2991 = CARTESIAN_POINT ( 'NONE',  ( 34.11643091959045600, 1.554242606899266500, 80.91777195253128200 ) ) ;
#2992 = CARTESIAN_POINT ( 'NONE',  ( 34.35581973395473200, -1.141373657701496300, -78.25746359927246900 ) ) ;
#2993 = CARTESIAN_POINT ( 'NONE',  ( 38.68399050086723200, 1.071348460612802100, -65.00000000000005700 ) ) ;
#2994 = CARTESIAN_POINT ( 'NONE',  ( 33.16313992701575600, 0.06793025517602482900, 81.02918682754678100 ) ) ;
#2995 = DIRECTION ( 'NONE',  ( -0.0000000000000000000, -0.0000000000000000000, -1.000000000000000000 ) ) ;
#2996 = DIRECTION ( 'NONE',  ( 0.0000000000000000000, 0.0000000000000000000, 1.000000000000000000 ) ) ;
#2997 = CARTESIAN_POINT ( 'NONE',  ( 44.84745211074270800, -3.105299086797476300, 96.93026705474061100 ) ) ;
#2998 = CARTESIAN_POINT ( 'NONE',  ( 39.83765794217556800, -1.834828462090690900, -99.99050645971205100 ) ) ;
#2999 = CARTESIAN_POINT ( 'NONE',  ( 51.89307395511917800, -3.469786775825646000, 70.30054656601929300 ) ) ;
#3000 = CARTESIAN_POINT ( 'NONE',  ( 46.81249999999992900, 3.250000000000002700, -65.00000000000000000 ) ) ;
#3001 = CARTESIAN_POINT ( 'NONE',  ( 47.07466457981889400, 0.3344136330778622600, -81.05674186111588100 ) ) ;
#3002 = DIRECTION ( 'NONE',  ( 0.0000000000000000000, 0.0000000000000000000, 1.000000000000000000 ) ) ;
#3003 =( NAMED_UNIT ( * ) SI_UNIT ( $, .STERADIAN. ) SOLID_ANGLE_UNIT ( ) );
#3004 = CARTESIAN_POINT ( 'NONE',  ( 46.10281321530916900, 0.2814837495404421400, -91.60000000000026400 ) ) ;
#3005 = CARTESIAN_POINT ( 'NONE',  ( 26.73084485828932300, -3.492244288815582900, -35.00000000000000000 ) ) ;
#3006 = CARTESIAN_POINT ( 'NONE',  ( 45.50000000000000000, -3.500000000000000000, 101.5999999999999900 ) ) ;
#3007 = CARTESIAN_POINT ( 'NONE',  ( 46.14390335598856300, -1.070563694062896900, -97.48172458847388100 ) ) ;
#3008 = CARTESIAN_POINT ( 'NONE',  ( 35.73260129715691100, 3.137589174562621000, 65.00000000000000000 ) ) ;
#3009 = CARTESIAN_POINT ( 'NONE',  ( 33.00716345392142200, -0.3639228227532886900, -65.00000000000000000 ) ) ;
#3010 = DIRECTION ( 'NONE',  ( 1.000000000000000000, 0.0000000000000000000, 0.0000000000000000000 ) ) ;
#3011 = CARTESIAN_POINT ( 'NONE',  ( 34.23225346105157700, -0.9752968413522333800, 91.59999999999988100 ) ) ;
#3012 = DIRECTION ( 'NONE',  ( 0.0000000000000000000, -1.000000000000000000, 0.0000000000000000000 ) ) ;
#3013 = CARTESIAN_POINT ( 'NONE',  ( 45.50000000000000000, -3.500000000000000000, 101.5999999999999900 ) ) ;
#3014 = CARTESIAN_POINT ( 'NONE',  ( 36.01641661760950100, 2.805021401942735100, 0.0000000000000000000 ) ) ;
#3015 = CARTESIAN_POINT ( 'NONE',  ( 47.60076457366395900, -3.496610278181584000, 91.59999999999999400 ) ) ;
#3016 = CARTESIAN_POINT ( 'NONE',  ( 40.00000000000000000, 3.500000000000000000, -5.500000000000000000 ) ) ;
#3017 = CARTESIAN_POINT ( 'NONE',  ( 47.78158867800101500, 2.002666651276991500, -65.00000000000002800 ) ) ;
#3018 = DIRECTION ( 'NONE',  ( -0.0000000000000000000, -0.0000000000000000000, -1.000000000000000000 ) ) ;
#3019 = CARTESIAN_POINT ( 'NONE',  ( 38.14508262616586600, -2.077125901561141900, -91.60000000000003700 ) ) ;
#3020 = CARTESIAN_POINT ( 'NONE',  ( 47.60605120356547100, 2.855349444061943100, -64.99999999999994300 ) ) ;
#3021 = CARTESIAN_POINT ( 'NONE',  ( 28.03573076446313900, -2.757483048195332300, -23.08157454901314400 ) ) ;
#3022 = CARTESIAN_POINT ( 'NONE',  ( 45.50000000000000000, -3.500000000000000000, 101.5999999999999900 ) ) ;
#3023 = CARTESIAN_POINT ( 'NONE',  ( 46.16480011051827900, -0.8371507394188374400, -91.59999999999999400 ) ) ;
#3024 = CARTESIAN_POINT ( 'NONE',  ( 33.54423498963478100, 3.249934268025708000, 64.99999999999997200 ) ) ;
#3025 = CARTESIAN_POINT ( 'NONE',  ( 38.43790607123290900, -0.8979713550837173900, -91.60000000000000900 ) ) ;
#3026 = CARTESIAN_POINT ( 'NONE',  ( 41.57050823872862100, -1.275399761486496700, 84.95516856332004400 ) ) ;
#3027 = CARTESIAN_POINT ( 'NONE',  ( 43.79416278061456300, -2.873037202515628800, 97.19525869655981900 ) ) ;
#3028 = CIRCLE ( 'NONE', #2296, 2.500000000000000000 ) ;
#3029 = CARTESIAN_POINT ( 'NONE',  ( 52.03409396563527200, -3.452902464448212200, 67.61925899209073500 ) ) ;
#3030 = CARTESIAN_POINT ( 'NONE',  ( 46.99698086439608600, 3.233213221323628900, -65.00000000000000000 ) ) ;
#3031 = CARTESIAN_POINT ( 'NONE',  ( 39.21952081799588500, 1.404412074669192600, -5.445047098101076300 ) ) ;
#3032 = LINE ( 'NONE', #586, #5089 ) ;
#3033 = CARTESIAN_POINT ( 'NONE',  ( 47.71896408756052200, 2.126645048151311300, -70.44971980031131400 ) ) ;
#3034 =( LENGTH_UNIT ( ) NAMED_UNIT ( * ) SI_UNIT ( .MILLI., .METRE. ) );
#3035 = ORIENTED_EDGE ( 'NONE', *, *, #1749, .F. ) ;
#3036 = CARTESIAN_POINT ( 'NONE',  ( 46.14453022690000200, 0.2368358839599092900, -91.60000000000026400 ) ) ;
#3037 = CARTESIAN_POINT ( 'NONE',  ( 40.00000000000000000, -3.926777784743245500, 2.500000000000000000 ) ) ;
#3038 = CARTESIAN_POINT ( 'NONE',  ( 40.16234205782443900, -1.834828462090690900, 99.99050645971205100 ) ) ;
#3039 = CARTESIAN_POINT ( 'NONE',  ( 43.59892026554627600, -1.579894265190986400, -95.90880774196703800 ) ) ;
#3040 = CARTESIAN_POINT ( 'NONE',  ( 35.90682343032828800, 0.4309039440911763800, 91.60000000000006500 ) ) ;
#3041 = CARTESIAN_POINT ( 'NONE',  ( 31.88954580591057900, -1.000117603065569200, -65.00000000000000000 ) ) ;
#3042 = CARTESIAN_POINT ( 'NONE',  ( 45.50000000000000000, -3.500000000000000000, 101.5999999999999900 ) ) ;
#3043 = CARTESIAN_POINT ( 'NONE',  ( 32.59149210462251700, 1.013750431886375900, 70.39614203047735000 ) ) ;
#3044 = ORIENTED_EDGE ( 'NONE', *, *, #1812, .F. ) ;
#3045 = CARTESIAN_POINT ( 'NONE',  ( 36.11850050457312700, -0.03437387655633051400, -67.70413895884649900 ) ) ;
#3046 = B_SPLINE_CURVE_WITH_KNOTS ( 'NONE', 3,
 ( #4279, #2631, #3803, #4688 ),
 .UNSPECIFIED., .F., .F.,
 ( 4, 4 ),
 ( 0.0000000000000000000, 1.000000000000000000 ),
 .UNSPECIFIED. ) ;
#3047 = CARTESIAN_POINT ( 'NONE',  ( 32.32641213926912400, 2.755449905536768300, 64.99999999999994300 ) ) ;
#3048 = CARTESIAN_POINT ( 'NONE',  ( 51.83704275198465400, -3.500623066878259900, 70.33555084614485500 ) ) ;
#3049 = CARTESIAN_POINT ( 'NONE',  ( 45.77636699840090300, 0.4729246156365278800, -91.60000000000017900 ) ) ;
#3050 = CARTESIAN_POINT ( 'NONE',  ( 34.50007682429795600, -3.245335415997023800, -0.02931697468545957700 ) ) ;
#3051 = CARTESIAN_POINT ( 'NONE',  ( 46.74127455137907800, 0.1163128901909287100, -86.34165174815589700 ) ) ;
#3052 = APPROVAL_ROLE ( '' ) ;
#3053 = CARTESIAN_POINT ( 'NONE',  ( 46.34409971163762500, 0.9354805417212723700, -86.32365936181237500 ) ) ;
#3054 =( GEOMETRIC_REPRESENTATION_CONTEXT ( 3 ) GLOBAL_UNCERTAINTY_ASSIGNED_CONTEXT ( ( #1059 ) ) GLOBAL_UNIT_ASSIGNED_CONTEXT ( ( #3034, #2986, #3003 ) ) REPRESENTATION_CONTEXT ( 'NONE', 'WORKASPACE' ) );
#3055 = CARTESIAN_POINT ( 'NONE',  ( 33.37529080775765800, 1.267790952711550700, 65.00000000000000000 ) ) ;
#3056 = CARTESIAN_POINT ( 'NONE',  ( 52.04282393643056500, -3.495300514531104700, 65.00000000000000000 ) ) ;
#3057 = CARTESIAN_POINT ( 'NONE',  ( 33.45805575121134000, 2.051890143860482000, 75.63412547428936300 ) ) ;
#3058 = CARTESIAN_POINT ( 'NONE',  ( 31.42477426699811400, -1.529501592389309600, -70.13415675375561900 ) ) ;
#3059 = CARTESIAN_POINT ( 'NONE',  ( 40.00000000000000000, 3.500000000000000000, 2.500000000000000000 ) ) ;
#3060 = DIRECTION ( 'NONE',  ( 0.0000000000000000000, 1.000000000000000000, 0.0000000000000000000 ) ) ;
#3061 = CARTESIAN_POINT ( 'NONE',  ( 39.52649189024028700, -1.732863964378639700, -91.59999999999998000 ) ) ;
#3062 = CARTESIAN_POINT ( 'NONE',  ( 32.39394879643452900, 2.855349444061943100, 64.99999999999994300 ) ) ;
#3063 = CARTESIAN_POINT ( 'NONE',  ( 41.61199556039107300, -0.9178426209007341000, 91.59999999999999400 ) ) ;
#3064 = CARTESIAN_POINT ( 'NONE',  ( 46.26668633686025300, 1.564103567689203200, -80.98669606204033800 ) ) ;
#3065 = CARTESIAN_POINT ( 'NONE',  ( 31.63951614822220600, -1.142516276407978600, -64.99999999999991500 ) ) ;
#3066 = CARTESIAN_POINT ( 'NONE',  ( 47.75942520433508100, 1.558134605271621400, -70.43707583891975300 ) ) ;
#3067 = CARTESIAN_POINT ( 'NONE',  ( 42.63975122137027500, -2.150212758095498600, 0.0000000000000000000 ) ) ;
#3068 = ORIENTED_EDGE ( 'NONE', *, *, #4894, .T. ) ;
#3069 = CARTESIAN_POINT ( 'NONE',  ( 46.57371737236674400, 1.601303147857571700, -81.04731872362447100 ) ) ;
#3070 = CARTESIAN_POINT ( 'NONE',  ( 48.53490460316238100, 4.625023821766148100, -23.25540309655908500 ) ) ;
#3071 = CARTESIAN_POINT ( 'NONE',  ( 28.25985564418435900, -2.631281765846673200, -40.65278751463463200 ) ) ;
#3072 = DIRECTION ( 'NONE',  ( 0.0000000000000000000, 0.0000000000000000000, 1.000000000000000000 ) ) ;
#3073 = CARTESIAN_POINT ( 'NONE',  ( 45.25126014064479600, 0.08365937844901308300, 70.80212474772787300 ) ) ;
#3074 = CARTESIAN_POINT ( 'NONE',  ( 29.58069724918575700, -2.504148395586232900, -70.00468985797240900 ) ) ;
#3075 = CARTESIAN_POINT ( 'NONE',  ( 45.49852375951776700, 1.575596719706736200, -0.1314324065031622400 ) ) ;
#3076 = EDGE_CURVE ( 'NONE', #4498, #2507, #4878, .T. ) ;
#3077 = CARTESIAN_POINT ( 'NONE',  ( 41.61199556272776300, -0.9178426218312254500, 91.60000000000000900 ) ) ;
#3078 = CARTESIAN_POINT ( 'NONE',  ( 36.32428318880021600, 0.05127676735730138400, -67.76921146435665800 ) ) ;
#3079 = CARTESIAN_POINT ( 'NONE',  ( 33.49725087339196300, 2.260796333787532300, 75.78857016844418100 ) ) ;
#3080 = CARTESIAN_POINT ( 'NONE',  ( 32.73084485829009800, -0.1137363113259167900, -35.00000000000000000 ) ) ;
#3081 = CARTESIAN_POINT ( 'NONE',  ( 47.57215841526475900, -3.500276318335800300, 91.59999999999999400 ) ) ;
#3082 = CARTESIAN_POINT ( 'NONE',  ( 47.12757492774341700, 3.200403435401751700, -65.00000000000000000 ) ) ;
#3083 = CARTESIAN_POINT ( 'NONE',  ( 46.73319541433343000, 0.4227518434964501700, -86.34491458141981500 ) ) ;
#3084 = CARTESIAN_POINT ( 'NONE',  ( 46.10269181781885100, 0.5430812962098321400, 35.00000000000000000 ) ) ;
#3085 = CARTESIAN_POINT ( 'NONE',  ( 47.52388471256159600, 2.952115580790032100, -64.99999999999997200 ) ) ;
#3086 = CARTESIAN_POINT ( 'NONE',  ( 47.53438853813957400, 5.500000000000005300, -23.25554171221604000 ) ) ;
#3087 = CIRCLE ( 'NONE', #5083, 5.500000000000000000 ) ;
#3088 = CARTESIAN_POINT ( 'NONE',  ( 40.00000000000000000, -3.926777784743245500, 0.0000000000000000000 ) ) ;
#3089 = DIRECTION ( 'NONE',  ( 0.0000000000000000000, -1.000000000000000000, 0.0000000000000000000 ) ) ;
#3090 = VERTEX_POINT ( 'NONE', #1017 ) ;
#3091 = CIRCLE ( 'NONE', #2312, 1.250000000000001100 ) ;
#3092 = CARTESIAN_POINT ( 'NONE',  ( 46.04014998566530200, -0.2614064926106425300, 70.55424436417233400 ) ) ;
#3093 = CARTESIAN_POINT ( 'NONE',  ( 31.05840442886740500, -1.600098772092630500, -67.56729161852368300 ) ) ;
#3094 = CARTESIAN_POINT ( 'NONE',  ( 42.58397886339621200, -0.7965168315056281300, 78.31259398398344700 ) ) ;
#3095 = CARTESIAN_POINT ( 'NONE',  ( 52.14090616241077900, -2.364551101557721000, 40.21567056942785700 ) ) ;
#3096 = CARTESIAN_POINT ( 'NONE',  ( 38.44088140578028900, -1.271862688035383600, -84.95742506030539700 ) ) ;
#3097 = CARTESIAN_POINT ( 'NONE',  ( 33.42628262763325600, 1.601303147857571700, 81.04731872362447100 ) ) ;
#3098 = CARTESIAN_POINT ( 'NONE',  ( 35.11220698529034900, 0.3980046945130480400, 5.598203160062026600 ) ) ;
#3099 = ORIENTED_EDGE ( 'NONE', *, *, #5323, .T. ) ;
#3100 = CARTESIAN_POINT ( 'NONE',  ( 50.17687546614174500, -3.498245635986641000, 78.30115943843915700 ) ) ;
#3101 = CARTESIAN_POINT ( 'NONE',  ( 46.32807327480447400, 1.580665595134529600, -81.00319266760062900 ) ) ;
#3102 = CARTESIAN_POINT ( 'NONE',  ( 36.23440830633485600, 5.340489078674536000, 23.31378015437135800 ) ) ;
#3103 = CARTESIAN_POINT ( 'NONE',  ( 47.79799151748252900, 2.080136669524498000, -65.00000000000002800 ) ) ;
#3104 = CARTESIAN_POINT ( 'NONE',  ( 43.41895978968448600, -2.537777229246541900, 0.0000000000000000000 ) ) ;
#3105 = APPROVAL_ROLE ( '' ) ;
#3106 = CARTESIAN_POINT ( 'NONE',  ( 46.00395257572481700, 0.3651114665314460500, -91.60000000000029300 ) ) ;
#3107 = CARTESIAN_POINT ( 'NONE',  ( 46.02682551876072400, 3.108958647604744400, -23.26988219014421600 ) ) ;
#3108 = DIRECTION ( 'NONE',  ( 1.000000000000000000, 0.0000000000000000000, 0.0000000000000000000 ) ) ;
#3109 = CARTESIAN_POINT ( 'NONE',  ( 46.63720926569117600, -2.827753610683781300, 84.95808596220315700 ) ) ;
#3110 = CARTESIAN_POINT ( 'NONE',  ( 45.98895872070387700, 0.1745063670565523100, 64.99999999999998600 ) ) ;
#3111 = CARTESIAN_POINT ( 'NONE',  ( 33.00147226230762200, -2.456807352174188400, -84.87756789622287100 ) ) ;
#3112 = CARTESIAN_POINT ( 'NONE',  ( 43.88149949542688000, -0.03437387655633051400, 67.70413895884649900 ) ) ;
#3113 = CARTESIAN_POINT ( 'NONE',  ( 50.90229518007885200, -1.459944882438274800, 40.86192774581265000 ) ) ;
#3114 = CARTESIAN_POINT ( 'NONE',  ( 36.06350504069958900, -0.1933102078443932600, -70.34135006407326800 ) ) ;
#3115 = CARTESIAN_POINT ( 'NONE',  ( 33.57182877838322800, 0.8869652926753953700, 86.32970174222056400 ) ) ;
#3116 = CARTESIAN_POINT ( 'NONE',  ( 35.20320372556648900, 0.4401737676584094300, 2.692490140146140300 ) ) ;
#3117 = CARTESIAN_POINT ( 'NONE',  ( 32.21841132199898500, 2.002666651276991500, 65.00000000000002800 ) ) ;
#3118 = CARTESIAN_POINT ( 'NONE',  ( 34.43326427979269500, 0.4999544664041345500, 91.59999999999999400 ) ) ;
#3119 = CARTESIAN_POINT ( 'NONE',  ( 45.57961586190704400, 0.5000268348307304000, -91.59999999999998000 ) ) ;
#3120 = CARTESIAN_POINT ( 'NONE',  ( 32.68750000000007100, 5.500000000000001800, 35.00000000000000000 ) ) ;
#3121 = CARTESIAN_POINT ( 'NONE',  ( 47.12613203658368400, 2.313221918943848500, -75.88993219447084500 ) ) ;
#3122 = VERTEX_POINT ( 'NONE', #2590 ) ;
#3123 = CARTESIAN_POINT ( 'NONE',  ( 46.05291975669512500, 0.3275268325420799800, -91.60000000000029300 ) ) ;
#3124 = AXIS2_PLACEMENT_3D ( 'NONE', #1835, #1783, #1397 ) ;
#3125 = CARTESIAN_POINT ( 'NONE',  ( 48.31208561003273900, 5.053453130918208900, -23.25257406693531300 ) ) ;
#3126 = CARTESIAN_POINT ( 'NONE',  ( 40.00000000000000000, -3.500000000000000000, 0.0000000000000000000 ) ) ;
#3127 = EDGE_CURVE ( 'NONE', #4243, #2102, #1604, .T. ) ;
#3128 = ORIENTED_EDGE ( 'NONE', *, *, #4068, .T. ) ;
#3129 = CARTESIAN_POINT ( 'NONE',  ( 43.11181195808754300, 1.447461528581468000, 64.99999999999995700 ) ) ;
#3130 = CARTESIAN_POINT ( 'NONE',  ( 27.93351624554519200, -3.405457489023364200, -70.11614927074758400 ) ) ;
#3131 = CARTESIAN_POINT ( 'NONE',  ( 41.32017865859297200, -1.198832758001511700, 85.00460573217831900 ) ) ;
#3132 = CARTESIAN_POINT ( 'NONE',  ( 33.46266624816173900, -0.2841988154450740300, 86.32523847869275400 ) ) ;
#3133 = CARTESIAN_POINT ( 'NONE',  ( 38.38800443727223700, -0.9178426218312254500, -91.60000000000000900 ) ) ;
#3134 = CARTESIAN_POINT ( 'NONE',  ( 36.64187106895770500, 0.1776455855681314000, -67.86748083780776100 ) ) ;
#3135 = CARTESIAN_POINT ( 'NONE',  ( 35.02923386070084200, 0.5035469641032795900, 2.361450317288405800 ) ) ;
#3136 = CARTESIAN_POINT ( 'NONE',  ( 32.28103591243947800, 2.126645048151311300, 70.44971980031131400 ) ) ;
#3137 = CARTESIAN_POINT ( 'NONE',  ( 45.42449556111217400, -2.436013439694203700, 91.59999999999996600 ) ) ;
#3138 = CARTESIAN_POINT ( 'NONE',  ( 46.81110694511986700, 3.250000000000000400, -64.99999999999997200 ) ) ;
#3139 = CARTESIAN_POINT ( 'NONE',  ( 41.41143573778902000, 0.4430318702753954800, 0.0000000000000000000 ) ) ;
#3140 = AXIS2_PLACEMENT_3D ( 'NONE', #1778, #978, #5065 ) ;
#3141 = CARTESIAN_POINT ( 'NONE',  ( 47.11311483760207600, 1.220778555168661600, -81.08946078597168100 ) ) ;
#3142 = ADVANCED_FACE ( 'NONE', ( #307 ), #2967, .F. ) ;
#3143 = CARTESIAN_POINT ( 'NONE',  ( 45.13142879835867700, 2.420568593374853100, -5.577632776552707800 ) ) ;
#3144 = CARTESIAN_POINT ( 'NONE',  ( 46.75122608878445600, -3.297705334542097200, 91.59999999999999400 ) ) ;
#3145 = CARTESIAN_POINT ( 'NONE',  ( 42.42096525796139200, 1.700129162324111300, 64.99999999999997200 ) ) ;
#3146 = CARTESIAN_POINT ( 'NONE',  ( 27.83056311750620500, -3.327076894493239800, -65.00000000000000000 ) ) ;
#3147 = CARTESIAN_POINT ( 'NONE',  ( 40.39649222648364500, -1.713958022373678100, 91.59999999999998000 ) ) ;
#3148 = CARTESIAN_POINT ( 'NONE',  ( 32.97460155299169300, 0.2608619800144715800, 81.05047695738584000 ) ) ;
#3149 = CARTESIAN_POINT ( 'NONE',  ( 50.25828859273808300, -1.658266611398802700, 52.93096387290636100 ) ) ;
#3150 = CARTESIAN_POINT ( 'NONE',  ( 36.47099316518040300, -0.03752655080310460900, -70.60128852799923000 ) ) ;
#3151 = CARTESIAN_POINT ( 'NONE',  ( 39.30585800368579900, -0.6095126783241215900, 5.467597511672229500 ) ) ;
#3152 = CARTESIAN_POINT ( 'NONE',  ( 32.77724308423939400, 0.7957333966674259300, 81.08330349631201300 ) ) ;
#3153 = CARTESIAN_POINT ( 'NONE',  ( 43.10905267319741100, -1.623752969793905500, 92.73665145521403000 ) ) ;
#3154 = CARTESIAN_POINT ( 'NONE',  ( 45.62839483057234000, 1.026019168075865900, -86.25888597626566000 ) ) ;
#3155 = CARTESIAN_POINT ( 'NONE',  ( 36.41229753349156800, -0.4077846779806804100, 85.98903052102846800 ) ) ;
#3156 = CARTESIAN_POINT ( 'NONE',  ( 53.26915514171067700, -3.492244288815582900, 35.00000000000000000 ) ) ;
#3157 = CARTESIAN_POINT ( 'NONE',  ( 46.32468118830810500, -0.2727009766986720500, -91.59999999999996600 ) ) ;
#3158 = CARTESIAN_POINT ( 'NONE',  ( 38.87433304824379800, -1.798190371432724100, -99.13166649291886800 ) ) ;
#3159 = VERTEX_POINT ( 'NONE', #3059 ) ;
#3160 = CARTESIAN_POINT ( 'NONE',  ( 52.04282393643056500, -3.495300514531105100, 65.00000000000000000 ) ) ;
#3161 = ORIENTED_EDGE ( 'NONE', *, *, #4616, .F. ) ;
#3162 = CARTESIAN_POINT ( 'NONE',  ( 44.29429558500451900, -0.5166289285316958400, 78.36921327587280900 ) ) ;
#3163 = CARTESIAN_POINT ( 'NONE',  ( 32.34704245301725200, -3.337471884920913300, -91.60000000000000900 ) ) ;
#3164 = CARTESIAN_POINT ( 'NONE',  ( 40.25392171411065300, -1.679770672132076400, 91.59999999999998000 ) ) ;
#3165 = CARTESIAN_POINT ( 'NONE',  ( 32.38658388612304200, 1.100388927126827500, 75.83479667158646000 ) ) ;
#3166 = CARTESIAN_POINT ( 'NONE',  ( 42.83439557461407800, -1.137966978114028900, -91.60000000000006500 ) ) ;
#3167 = CARTESIAN_POINT ( 'NONE',  ( 34.50961124925501600, 1.318359123160579300, 0.3355597073666287100 ) ) ;
#3168 = CARTESIAN_POINT ( 'NONE',  ( 45.50000000000000000, -3.500000000000000000, 101.5999999999999900 ) ) ;
#3169 = CARTESIAN_POINT ( 'NONE',  ( 46.68460770569054600, 2.652298542386485500, -70.31884489512195600 ) ) ;
#3170 = CARTESIAN_POINT ( 'NONE',  ( 33.55520019560911700, 0.3117372490200217600, 75.64080930465655700 ) ) ;
#3171 = CARTESIAN_POINT ( 'NONE',  ( 53.33794258506136300, -3.498520748388761700, 35.00000000000001400 ) ) ;
#3172 = CARTESIAN_POINT ( 'NONE',  ( 46.72601484836257400, 0.4514629572983406800, -86.34484343337811700 ) ) ;
#3173 = ORIENTED_EDGE ( 'NONE', *, *, #1369, .T. ) ;
#3174 = CARTESIAN_POINT ( 'NONE',  ( 34.50000000000000000, -3.500000000000000000, -101.5999999999999900 ) ) ;
#3175 = CARTESIAN_POINT ( 'NONE',  ( 44.86523319256115600, -0.4526997273211050800, 67.67217879788810800 ) ) ;
#3176 = CARTESIAN_POINT ( 'NONE',  ( 41.64222071878847200, -0.9298785431207121600, 91.60000000000000900 ) ) ;
#3177 = CARTESIAN_POINT ( 'NONE',  ( 27.91801158469235100, -3.415545570737652100, -67.56723080569810200 ) ) ;
#3178 = CARTESIAN_POINT ( 'NONE',  ( 43.06386036274072600, 0.2883077361362449400, 67.95686089445553100 ) ) ;
#3179 = CARTESIAN_POINT ( 'NONE',  ( 32.37894787649225500, 1.136561707596037900, 75.83850305404818900 ) ) ;
#3180 = CARTESIAN_POINT ( 'NONE',  ( 39.93307450475725800, -0.5607342222052168500, 94.25483705900106200 ) ) ;
#3181 = CARTESIAN_POINT ( 'NONE',  ( 40.76567710691929800, 0.06747116242267377200, -79.50489109586611400 ) ) ;
#3182 = CARTESIAN_POINT ( 'NONE',  ( 34.56172329635423800, 1.065356815630281700, 0.8395466967193677700 ) ) ;
#3183 = CARTESIAN_POINT ( 'NONE',  ( 32.68750000000007800, 5.500000000000005300, 35.00000000000000000 ) ) ;
#3184 = EDGE_CURVE ( 'NONE', #1552, #3215, #1515, .T. ) ;
#3185 = CARTESIAN_POINT ( 'NONE',  ( 45.37322058073513600, 0.4977957292524653500, -91.60000000000000900 ) ) ;
#3186 = CARTESIAN_POINT ( 'NONE',  ( 36.75116753221192300, 1.023441375383721900, 74.47766400896067300 ) ) ;
#3187 = CARTESIAN_POINT ( 'NONE',  ( 52.97695079610255700, -2.975147314482604200, 34.99999999999999300 ) ) ;
#3188 = CARTESIAN_POINT ( 'NONE',  ( 47.74539113987864900, 2.609655201999432800, -64.99999999999994300 ) ) ;
#3189 = ADVANCED_FACE ( 'NONE', ( #176 ), #2162, .F. ) ;
#3190 = CARTESIAN_POINT ( 'NONE',  ( 34.50000000000000000, -3.500000000000000000, -101.5999999999999900 ) ) ;
#3191 = CARTESIAN_POINT ( 'NONE',  ( 41.94849663225281900, -1.051840288493286700, 91.59999999999998000 ) ) ;
#3192 = CARTESIAN_POINT ( 'NONE',  ( 32.35339415692524100, -3.330072874238323400, -91.60000000000000900 ) ) ;
#3193 = CARTESIAN_POINT ( 'NONE',  ( 43.10247692385447500, 0.4322654118848899300, 65.00000000000000000 ) ) ;
#3194 = CARTESIAN_POINT ( 'NONE',  ( 32.67203624142983600, 1.394970038538826400, 65.00000000000000000 ) ) ;
#3195 = CARTESIAN_POINT ( 'NONE',  ( 48.38622377657991100, 0.3776408259240731100, 35.00000000000000000 ) ) ;
#3196 = CARTESIAN_POINT ( 'NONE',  ( 36.59761800372987000, 0.3163546224133589300, -65.00000000000000000 ) ) ;
#3197 = CARTESIAN_POINT ( 'NONE',  ( 32.57550443984791100, -3.232430917835104300, -91.59999999999998000 ) ) ;
#3198 = CARTESIAN_POINT ( 'NONE',  ( 45.45872411819352300, -2.991115921416672900, 96.87035501528724500 ) ) ;
#3199 = CARTESIAN_POINT ( 'NONE',  ( 37.57903474203860800, 1.700129162324111300, -64.99999999999997200 ) ) ;
#3200 = CARTESIAN_POINT ( 'NONE',  ( 37.16560442538592900, -1.137966978114028900, 91.60000000000006500 ) ) ;
#3201 = B_SPLINE_CURVE_WITH_KNOTS ( 'NONE', 3,
 ( #3388, #4245, #5062, #2614 ),
 .UNSPECIFIED., .F., .F.,
 ( 4, 4 ),
 ( 0.0000000000000000000, 0.8623188966464435700 ),
 .UNSPECIFIED. ) ;
#3202 = CARTESIAN_POINT ( 'NONE',  ( 52.97695079610255700, -2.975147314482604200, 23.02619614562116400 ) ) ;
#3203 = CARTESIAN_POINT ( 'NONE',  ( 47.70387429853945300, 2.702217739350506700, -64.99999999999994300 ) ) ;
#3204 = CARTESIAN_POINT ( 'NONE',  ( 36.89094732680258900, -1.623752969793905500, -92.73665145521403000 ) ) ;
#3205 = CARTESIAN_POINT ( 'NONE',  ( 50.29171909380458800, -3.356530006669240500, 78.19803802298280000 ) ) ;
#3206 = CARTESIAN_POINT ( 'NONE',  ( 34.50233927388236300, 1.593373963148300400, 0.1635890459662161500 ) ) ;
#3207 = LINE ( 'NONE', #980, #3725 ) ;
#3208 = CARTESIAN_POINT ( 'NONE',  ( 44.73648409247474700, -0.7191017572940284800, 78.32251145703573100 ) ) ;
#3209 = CARTESIAN_POINT ( 'NONE',  ( 32.36373090737964000, -3.320956970182019000, -91.59999999999999400 ) ) ;
#3210 = CARTESIAN_POINT ( 'NONE',  ( 33.36384929249488400, -0.1552963716024248500, 86.33248244236638400 ) ) ;
#3211 = DIRECTION ( 'NONE',  ( 0.0000000000000000000, -1.000000000000000000, -0.0000000000000000000 ) ) ;
#3212 = CARTESIAN_POINT ( 'NONE',  ( 46.11199556082083700, -2.709781947833429500, 91.59999999999998000 ) ) ;
#3213 = CARTESIAN_POINT ( 'NONE',  ( 45.84862095745359800, -0.5575174876767254900, -86.28043767949668600 ) ) ;
#3214 = CARTESIAN_POINT ( 'NONE',  ( 35.69547366340129500, -2.561876484896953100, -97.16832572760701200 ) ) ;
#3215 = VERTEX_POINT ( 'NONE', #4760 ) ;
#3216 = CIRCLE ( 'NONE', #1476, 17.99999999999999600 ) ;
#3217 = CARTESIAN_POINT ( 'NONE',  ( 32.60437171320142400, 3.061232860018361800, 64.99999999999997200 ) ) ;
#3218 = CARTESIAN_POINT ( 'NONE',  ( 42.38159898126195200, 1.919710567582341600, -74.28240470174210900 ) ) ;
#3219 = CARTESIAN_POINT ( 'NONE',  ( 35.06215700275880200, -1.000000000000005100, 91.59999999999998000 ) ) ;
#3220 = CARTESIAN_POINT ( 'NONE',  ( 47.31249999999992900, 5.500000000000001800, -23.25785260307938500 ) ) ;
#3221 = CC_DESIGN_PERSON_AND_ORGANIZATION_ASSIGNMENT ( #3976, #1029, ( #2671 ) ) ;
#3222 = CARTESIAN_POINT ( 'NONE',  ( 47.64018899137416700, 2.282989125779439500, -70.44769957515151800 ) ) ;
#3223 = VERTEX_POINT ( 'NONE', #5128 ) ;
#3224 = CARTESIAN_POINT ( 'NONE',  ( 32.43037077808841700, -3.504677565909957600, -91.93723738121686000 ) ) ;
#3225 = CARTESIAN_POINT ( 'NONE',  ( 47.63626909262036700, -3.320956970182019000, 91.59999999999999400 ) ) ;
#3226 = CARTESIAN_POINT ( 'NONE',  ( 52.04282393643056500, -3.495300514531104700, 65.00000000000000000 ) ) ;
#3227 = CARTESIAN_POINT ( 'NONE',  ( 41.12201660885055100, -0.7293458025016740200, 91.60000000000000900 ) ) ;
#3228 = CARTESIAN_POINT ( 'NONE',  ( 27.81378406023899400, -3.385236306872472700, -65.00000000000000000 ) ) ;
#3229 = CARTESIAN_POINT ( 'NONE',  ( 27.87441066323764700, -3.499361451640145200, -65.00000000000002800 ) ) ;
#3230 = CARTESIAN_POINT ( 'NONE',  ( 46.10463088516856100, -2.745342493495884600, 92.03704132010233300 ) ) ;
#3231 = CARTESIAN_POINT ( 'NONE',  ( 46.14040592441102700, -0.1181606605825551200, -80.96304575654133400 ) ) ;
#3232 = CARTESIAN_POINT ( 'NONE',  ( 39.47500506728796000, -1.835273606282757900, -99.54899959821987900 ) ) ;
#3233 = AXIS2_PLACEMENT_3D ( 'NONE', #2606, #966, #3418 ) ;
#3234 = ORIENTED_EDGE ( 'NONE', *, *, #372, .F. ) ;
#3235 = CARTESIAN_POINT ( 'NONE',  ( 32.83085177584445800, 3.185432599589286300, 65.00000000000000000 ) ) ;
#3236 = CARTESIAN_POINT ( 'NONE',  ( 37.21525638357174200, 0.9454610534041878500, -71.87688641509738800 ) ) ;
#3237 = CARTESIAN_POINT ( 'NONE',  ( 33.42193038262727400, 0.7854856949547166500, 70.32444776770246600 ) ) ;
#3238 = CARTESIAN_POINT ( 'NONE',  ( 32.26968529387953300, 2.098862979336994600, 70.44982916283973400 ) ) ;
#3239 = CARTESIAN_POINT ( 'NONE',  ( 39.78654967425499200, 1.498654073772275800, -11.18764369610210900 ) ) ;
#3240 = CARTESIAN_POINT ( 'NONE',  ( 46.32507787788682000, -0.2422703399451262800, -91.59999999999995200 ) ) ;
#3241 = CARTESIAN_POINT ( 'NONE',  ( 34.50000000000000000, -3.500000000000000000, -101.5999999999999900 ) ) ;
#3242 = CARTESIAN_POINT ( 'NONE',  ( 52.09983006959245000, -3.358842818403903000, 67.55846129354672800 ) ) ;
#3243 = CARTESIAN_POINT ( 'NONE',  ( 46.01676185907730600, -0.8547670558196852600, -91.59999999999971000 ) ) ;
#3244 = CARTESIAN_POINT ( 'NONE',  ( 47.31249999999992200, 4.250000000000000000, -35.00000000000000000 ) ) ;
#3245 = EDGE_CURVE ( 'NONE', #1154, #5342, #1869, .T. ) ;
#3246 = EDGE_CURVE ( 'NONE', #4886, #825, #318, .T. ) ;
#3247 = CARTESIAN_POINT ( 'NONE',  ( 48.28209245096193300, -2.361934582287275500, 78.15513579244570500 ) ) ;
#3248 = CARTESIAN_POINT ( 'NONE',  ( 28.09686265478430700, -3.473804978938547400, -70.17849965094855200 ) ) ;
#3249 = CARTESIAN_POINT ( 'NONE',  ( 27.21763571970458500, -3.297441780198733200, -52.50180841888239100 ) ) ;
#3250 = CARTESIAN_POINT ( 'NONE',  ( 41.05194611141958200, -0.9122608394840346900, 93.64086251607868400 ) ) ;
#3251 = CARTESIAN_POINT ( 'NONE',  ( 45.24404643267708800, 0.06102793791293807000, -80.81399947052756300 ) ) ;
#3252 = CARTESIAN_POINT ( 'NONE',  ( 33.76104521792080200, -3.292736285078665200, -96.77848573177931300 ) ) ;
#3253 = CARTESIAN_POINT ( 'NONE',  ( 33.97149660343843900, 1.020485860252361200, 86.29537498685428400 ) ) ;
#3254 = CARTESIAN_POINT ( 'NONE',  ( 44.99924550757647500, 0.4870453316923605300, -91.60000000000003700 ) ) ;
#3255 = CARTESIAN_POINT ( 'NONE',  ( 33.84631925199998600, -0.1194890494787442400, 80.96444776770245300 ) ) ;
#3256 = CARTESIAN_POINT ( 'NONE',  ( 33.27398515163743300, 0.4514629572983406800, 86.34484343337811700 ) ) ;
#3257 = CARTESIAN_POINT ( 'NONE',  ( 30.08080071530590200, -0.7419513609521681800, -22.98579453260733600 ) ) ;
#3258 = CARTESIAN_POINT ( 'NONE',  ( 46.64951005871824200, 0.6492244923499722600, -86.34249386090320400 ) ) ;
#3259 = CARTESIAN_POINT ( 'NONE',  ( 33.69564025924027800, -3.454829074453073200, -96.77228008868436900 ) ) ;
#3260 = CARTESIAN_POINT ( 'NONE',  ( 52.09991086433530700, -3.362195327129340300, 67.55864013613963000 ) ) ;
#3261 = CARTESIAN_POINT ( 'NONE',  ( 47.28420391574020000, 0.9265774916880872300, -70.38441667708913500 ) ) ;
#3262 = CARTESIAN_POINT ( 'NONE',  ( 34.77477615935986000, -3.429184591355484400, -1.716693279303529000 ) ) ;
#3263 = CARTESIAN_POINT ( 'NONE',  ( 46.07354160157066000, -1.338201082732508600, 78.23431797477206800 ) ) ;
#3264 = CARTESIAN_POINT ( 'NONE',  ( 29.75388951009278700, -3.443039919709836500, -78.22958386454317300 ) ) ;
#3265 = CARTESIAN_POINT ( 'NONE',  ( 27.95717606356943500, -3.495300514531105100, -65.00000000000000000 ) ) ;
#3266 = CARTESIAN_POINT ( 'NONE',  ( 47.54949556006160100, -3.282207010196621000, 91.59999999999998000 ) ) ;
#3267 = CARTESIAN_POINT ( 'NONE',  ( 46.66354956717083300, 1.261135580644581900, -64.99999999999998600 ) ) ;
#3268 = CARTESIAN_POINT ( 'NONE',  ( 34.50000000000000000, -3.500000000000000000, -101.5999999999999900 ) ) ;
#3269 = CARTESIAN_POINT ( 'NONE',  ( 33.71936020527778800, 1.568047104868194500, 80.99074997370839000 ) ) ;
#3270 = CARTESIAN_POINT ( 'NONE',  ( 39.37671431458641500, 0.7688936664696245400, -79.24424020051199600 ) ) ;
#3271 = CARTESIAN_POINT ( 'NONE',  ( 34.06755671935824400, -0.5608587569424999800, 86.28635124005518300 ) ) ;
#3272 = CARTESIAN_POINT ( 'NONE',  ( 32.20200848251747800, 2.080136669524498000, 65.00000000000002800 ) ) ;
#3273 = CARTESIAN_POINT ( 'NONE',  ( 40.20036057979356100, 1.809459859870980800, -9.814524093659249700 ) ) ;
#3274 = CARTESIAN_POINT ( 'NONE',  ( 45.50000000000000000, -3.500000000000000000, 101.5999999999999900 ) ) ;
#3275 = CARTESIAN_POINT ( 'NONE',  ( 34.50000000000000000, -3.500000000000000000, -101.5999999999999900 ) ) ;
#3276 = CARTESIAN_POINT ( 'NONE',  ( 52.18621593976100600, -3.385236306872472700, 65.00000000000000000 ) ) ;
#3277 = CIRCLE ( 'NONE', #838, 0.1125000000000014900 ) ;
#3278 = CARTESIAN_POINT ( 'NONE',  ( 46.43495168426940000, -0.3838512225318878600, -86.31807101523848800 ) ) ;
#3279 = DIRECTION ( 'NONE',  ( -0.0000000000000000000, -1.000000000000000000, -0.0000000000000000000 ) ) ;
#3280 = CARTESIAN_POINT ( 'NONE',  ( 44.49901232461672200, 0.3948857285784672700, -3.169233004752075800 ) ) ;
#3281 = CARTESIAN_POINT ( 'NONE',  ( 31.05884079591705700, -3.459061189909045100, -84.92962949604540800 ) ) ;
#3282 = CARTESIAN_POINT ( 'NONE',  ( 26.73084485828932300, -3.492244288815582900, -40.00417574954925500 ) ) ;
#3283 = ORIENTED_EDGE ( 'NONE', *, *, #4594, .T. ) ;
#3284 = CARTESIAN_POINT ( 'NONE',  ( 46.45100995765524500, -3.380820244756781900, 96.76943511553531600 ) ) ;
#3285 = CARTESIAN_POINT ( 'NONE',  ( 46.19736087628710000, -0.1223545731247156100, -80.96896420320449300 ) ) ;
#3286 = VERTEX_POINT ( 'NONE', #203 ) ;
#3287 = CARTESIAN_POINT ( 'NONE',  ( 33.10997941245906200, -3.349963192196080600, -91.95239495313916200 ) ) ;
#3288 = CARTESIAN_POINT ( 'NONE',  ( 33.01504245794523500, 1.399935842589649100, 81.08498772180637100 ) ) ;
#3289 = CARTESIAN_POINT ( 'NONE',  ( 33.52432039399623400, 2.114039807575883500, 75.72088057688313300 ) ) ;
#3290 = CARTESIAN_POINT ( 'NONE',  ( 37.00104900476174000, 0.01813134663781901900, -78.59257729464060600 ) ) ;
#3291 = CARTESIAN_POINT ( 'NONE',  ( 33.44302179683122500, 0.7884873225891708700, 70.32244705971562800 ) ) ;
#3292 = CARTESIAN_POINT ( 'NONE',  ( 32.89923628020366700, 2.326237577894280300, 75.88827071501459900 ) ) ;
#3293 = CARTESIAN_POINT ( 'NONE',  ( 39.26096494786034400, 1.035527476884599500, -13.06272197092776300 ) ) ;
#3294 = CARTESIAN_POINT ( 'NONE',  ( 47.60808813398196500, -3.407769510147216100, 91.93383194445166900 ) ) ;
#3295 = ORIENTED_EDGE ( 'NONE', *, *, #5056, .F. ) ;
#3296 = CARTESIAN_POINT ( 'NONE',  ( 32.32037228282215600, -3.433820798119975300, -91.59999999999999400 ) ) ;
#3297 = CARTESIAN_POINT ( 'NONE',  ( 47.67456640486736300, -3.397481256814082000, 91.60000000000002300 ) ) ;
#3298 = CARTESIAN_POINT ( 'NONE',  ( 47.33558571062882700, 0.9596999446554543800, -70.38918682754686500 ) ) ;
#3299 = CARTESIAN_POINT ( 'NONE',  ( 50.90634091824162500, -2.627101893737120000, 52.82639375731731900 ) ) ;
#3300 = CARTESIAN_POINT ( 'NONE',  ( 44.38860188845109900, 0.3804868997347643500, -3.320435381043580500 ) ) ;
#3301 = CARTESIAN_POINT ( 'NONE',  ( 27.83118538644993100, -3.447846360933811500, -65.00000000000001400 ) ) ;
#3302 = CARTESIAN_POINT ( 'NONE',  ( 44.34400910644195900, -2.089210432610960000, 3.380585774222287100 ) ) ;
#3303 = CARTESIAN_POINT ( 'NONE',  ( 46.76889485569693500, 0.7762645037106268300, -70.34128885883907900 ) ) ;
#3304 = CARTESIAN_POINT ( 'NONE',  ( 34.50000000000000000, -3.500000000000000000, -101.5999999999999900 ) ) ;
#3305 = CARTESIAN_POINT ( 'NONE',  ( 33.68593742461828800, -0.1014868578897044900, 91.60000000000002300 ) ) ;
#3306 = CARTESIAN_POINT ( 'NONE',  ( 33.14033950664612100, 3.249132448495952300, 64.99999999999998600 ) ) ;
#3307 = CARTESIAN_POINT ( 'NONE',  ( 34.40245116517174800, 0.1519597771718472500, -67.83213103761090700 ) ) ;
#3308 = CARTESIAN_POINT ( 'NONE',  ( 33.85959407558897300, -0.1181606605825551200, 80.96304575654133400 ) ) ;
#3309 = CARTESIAN_POINT ( 'NONE',  ( 33.67525856366037800, -0.2707379314590873100, 91.59999999999996600 ) ) ;
#3310 = CARTESIAN_POINT ( 'NONE',  ( 40.79465347940269000, 2.155801105530697400, -8.281370285117992200 ) ) ;
#3311 = CARTESIAN_POINT ( 'NONE',  ( 47.61572075570170900, -3.343592551263692600, 91.93660459115156400 ) ) ;
#3312 = CARTESIAN_POINT ( 'NONE',  ( 35.07418831909039600, -2.842655742567634200, -91.60000000000000900 ) ) ;
#3313 = CARTESIAN_POINT ( 'NONE',  ( 48.96856212648697900, -3.363659482820444700, 84.90054197099397000 ) ) ;
#3314 = CARTESIAN_POINT ( 'NONE',  ( 46.96016988816188600, 0.1808461862446944500, -81.04270111377657300 ) ) ;
#3315 = CARTESIAN_POINT ( 'NONE',  ( 44.14080363421359000, 1.470674568676444400, 35.00000000000001400 ) ) ;
#3316 = CARTESIAN_POINT ( 'NONE',  ( 44.84187244816092000, 0.4538870151256338400, -2.610557813743272800 ) ) ;
#3317 = CARTESIAN_POINT ( 'NONE',  ( 32.39923542633604100, -3.496610278181584000, -91.59999999999999400 ) ) ;
#3318 = CARTESIAN_POINT ( 'NONE',  ( 45.49795270793399000, -3.279910869070142200, 0.1626422395599145000 ) ) ;
#3319 = CARTESIAN_POINT ( 'NONE',  ( 47.60808813398196500, -3.407769510147216100, 91.93383194445166900 ) ) ;
#3320 = CARTESIAN_POINT ( 'NONE',  ( 45.67102616002748100, -0.9939399868418477000, -91.59999999999990900 ) ) ;
#3321 = CARTESIAN_POINT ( 'NONE',  ( 33.32851924711188500, -3.298389122990891900, -91.96292660941169600 ) ) ;
#3322 = CC_DESIGN_APPROVAL ( #2228, ( #170 ) ) ;
#3323 = CARTESIAN_POINT ( 'NONE',  ( 34.07397238102155500, 1.024894249476449000, 86.28476465842472000 ) ) ;
#3324 = CARTESIAN_POINT ( 'NONE',  ( 33.58334177836400200, -0.2465062408579819000, -67.72921327587282300 ) ) ;
#3325 = CARTESIAN_POINT ( 'NONE',  ( 45.84452077411982200, 2.277506761396692200, -54.98604742037063200 ) ) ;
#3326 = CARTESIAN_POINT ( 'NONE',  ( 33.27788351023820500, 0.4656582753731132200, 86.34478579698331700 ) ) ;
#3327 = CARTESIAN_POINT ( 'NONE',  ( 39.44918831878369800, -1.752031084320057100, -91.59999999999999400 ) ) ;
#3328 = CARTESIAN_POINT ( 'NONE',  ( 46.89456168072458600, -3.333436838767325700, 91.59999999999999400 ) ) ;
#3329 = CARTESIAN_POINT ( 'NONE',  ( 34.50000000000000000, -3.500000000000000000, -101.5999999999999900 ) ) ;
#3330 = CARTESIAN_POINT ( 'NONE',  ( 48.96584542272800200, -3.355516603754779700, 84.90002215879178500 ) ) ;
#3331 = CARTESIAN_POINT ( 'NONE',  ( 46.04926905666822300, -0.8292596109046197500, -91.59999999999968200 ) ) ;
#3332 = CARTESIAN_POINT ( 'NONE',  ( 31.40273319893006800, 4.308727309818356900, 34.99999999999995000 ) ) ;
#3333 = CARTESIAN_POINT ( 'NONE',  ( 44.97076613929913700, 0.5035469641032689300, -2.361450317288414300 ) ) ;
#3334 = CARTESIAN_POINT ( 'NONE',  ( 29.80545312076263200, -3.490452179159827300, -78.29408906791071800 ) ) ;
#3335 = CARTESIAN_POINT ( 'NONE',  ( 40.00000000001417500, 2.034576191997279800, -5.500000000000000000 ) ) ;
#3336 = CARTESIAN_POINT ( 'NONE',  ( 47.61572075570170900, -3.343592551263692600, 91.93660459115156400 ) ) ;
#3337 = CARTESIAN_POINT ( 'NONE',  ( 46.66909321272744600, 1.260317873735159700, -64.99999999999998600 ) ) ;
#3338 = CARTESIAN_POINT ( 'NONE',  ( 35.62538269800148100, -2.998997767591870200, -97.03490050757930900 ) ) ;
#3339 = LINE ( 'NONE', #4263, #892 ) ;
#3340 = CARTESIAN_POINT ( 'NONE',  ( 33.45347433499817000, 2.051057037844410800, 75.63442031950411600 ) ) ;
#3341 = CARTESIAN_POINT ( 'NONE',  ( 33.35832464202778900, -0.1698116158812811000, -65.00000000000000000 ) ) ;
#3342 = CARTESIAN_POINT ( 'NONE',  ( 48.16288174068910900, 5.209115622387726000, -45.04888591020164100 ) ) ;
#3343 = CARTESIAN_POINT ( 'NONE',  ( 33.28699659347608300, 0.4958160658467275500, 86.34460834452320900 ) ) ;
#3344 = CARTESIAN_POINT ( 'NONE',  ( 46.75122608878445600, -3.297705334542097200, 91.59999999999999400 ) ) ;
#3345 = CARTESIAN_POINT ( 'NONE',  ( 45.50000000000000000, -3.500000000000000000, 101.5999999999999900 ) ) ;
#3346 = ORIENTED_EDGE ( 'NONE', *, *, #2571, .F. ) ;
#3347 = VECTOR ( 'NONE', #499, 1000.000000000000000 ) ;
#3348 = EDGE_CURVE ( 'NONE', #316, #4437, #3797, .T. ) ;
#3349 = CARTESIAN_POINT ( 'NONE',  ( 34.49715161185042000, -3.258776249388292800, -96.83157208194253900 ) ) ;
#3350 = CARTESIAN_POINT ( 'NONE',  ( 51.95115759503745100, -3.513849097385651100, 70.12421495472344200 ) ) ;
#3351 = CARTESIAN_POINT ( 'NONE',  ( 34.60985017475279300, -3.433084091954831800, -1.101084472859873700 ) ) ;
#3352 = EDGE_LOOP ( 'NONE', ( #3669, #4251, #1128, #1868 ) ) ;
#3353 = CARTESIAN_POINT ( 'NONE',  ( 46.55273666351104800, -0.2662025429009796100, -86.32634896890763800 ) ) ;
#3354 = CARTESIAN_POINT ( 'NONE',  ( 51.74014435581564400, -2.631281765846673200, 34.99999999999997900 ) ) ;
#3355 = CARTESIAN_POINT ( 'NONE',  ( 44.04282393643056500, 0.04683820484905505000, 65.00000000000000000 ) ) ;
#3356 = CARTESIAN_POINT ( 'NONE',  ( 27.93162914926101000, -3.500190935279544400, -65.00000000000000000 ) ) ;
#3357 = CARTESIAN_POINT ( 'NONE',  ( 44.99704966652309700, -21.89768038953364400, -35.00000000000000000 ) ) ;
#3358 = CARTESIAN_POINT ( 'NONE',  ( 45.50914501420204100, -2.988072363667311200, 91.60000000000000900 ) ) ;
#3359 = ORIENTED_EDGE ( 'NONE', *, *, #1640, .F. ) ;
#3360 = CARTESIAN_POINT ( 'NONE',  ( 43.49332794687720800, -1.667005618690661400, 91.60000000000000900 ) ) ;
#3361 = CARTESIAN_POINT ( 'NONE',  ( 37.21302226937674400, -2.681073800383639000, -97.60811776492849400 ) ) ;
#3362 = CARTESIAN_POINT ( 'NONE',  ( 33.05942073574948400, 3.242176048693420100, 65.00000000000000000 ) ) ;
#3363 = CARTESIAN_POINT ( 'NONE',  ( 36.54831377460683900, 1.316883167569708800, -64.99999999999995700 ) ) ;
#3364 = CARTESIAN_POINT ( 'NONE',  ( 47.31249999999992200, 5.500000000000005300, -35.00000000000000000 ) ) ;
#3365 = CARTESIAN_POINT ( 'NONE',  ( 33.65316495682840500, -0.4446047206246392900, 86.31220833854443700 ) ) ;
#3366 = CARTESIAN_POINT ( 'NONE',  ( 31.80036289045020600, 3.326263060902202800, 35.00000000000002100 ) ) ;
#3367 = DIRECTION ( 'NONE',  ( -0.0000000000000000000, -0.0000000000000000000, 1.000000000000000000 ) ) ;
#3368 = CARTESIAN_POINT ( 'NONE',  ( 34.59329649239349200, -0.2360741792325806400, 98.42039891338988900 ) ) ;
#3369 = CARTESIAN_POINT ( 'NONE',  ( 35.80509577851458400, -2.710598173594952700, -92.26053410948124200 ) ) ;
#3370 = CARTESIAN_POINT ( 'NONE',  ( 51.90583012651492100, -3.447723289113967700, 70.22584695823610400 ) ) ;
#3371 = CARTESIAN_POINT ( 'NONE',  ( 46.55608513667729700, -0.2621500712806172900, -86.32659174099701700 ) ) ;
#3372 = CARTESIAN_POINT ( 'NONE',  ( 46.24303235355401400, -0.3297609944642538300, 53.67373552634443000 ) ) ;
#3373 = CARTESIAN_POINT ( 'NONE',  ( 35.19179847502682200, -0.5518715852301239200, -70.34480649329047700 ) ) ;
#3374 = CARTESIAN_POINT ( 'NONE',  ( 44.90526292382301700, -0.09214121221553189800, -98.33504544664333500 ) ) ;
#3375 = CARTESIAN_POINT ( 'NONE',  ( 45.28590199891147000, -2.961531500970679100, 1.539376868251753000 ) ) ;
#3376 = CARTESIAN_POINT ( 'NONE',  ( 45.50000000000000000, -3.500000000000000000, 101.5999999999999900 ) ) ;
#3377 = CARTESIAN_POINT ( 'NONE',  ( 45.50550718898206500, -1.417863179661351200, -97.27466813556522100 ) ) ;
#3378 = CARTESIAN_POINT ( 'NONE',  ( 34.05969665967361200, 1.024621163768027800, 86.28631345530536100 ) ) ;
#3379 = CARTESIAN_POINT ( 'NONE',  ( 36.42576278477443500, -0.9941380446429157700, -84.94316928359671700 ) ) ;
#3380 = CARTESIAN_POINT ( 'NONE',  ( 33.97990980400636100, -0.5553232306746324100, 86.29201622759946100 ) ) ;
#3381 = CARTESIAN_POINT ( 'NONE',  ( 31.52708836122363000, 3.713797404061414100, 34.99999999999998600 ) ) ;
#3382 = CARTESIAN_POINT ( 'NONE',  ( 50.11465797579507600, -3.496319897800611800, 78.31748053202910900 ) ) ;
#3383 = CARTESIAN_POINT ( 'NONE',  ( 33.98425554412811100, -0.6829223572617525400, 98.10577902176464700 ) ) ;
#3384 = CIRCLE ( 'NONE', #742, 0.1000000000000028600 ) ;
#3385 = CARTESIAN_POINT ( 'NONE',  ( 43.80805562389245700, -1.051725551664988200, -91.60000000000012200 ) ) ;
#3386 = CARTESIAN_POINT ( 'NONE',  ( 50.23257998441520300, -3.450393278192283900, 78.25289115165121200 ) ) ;
#3387 = CARTESIAN_POINT ( 'NONE',  ( 47.37720566733427300, 1.427079499118825600, -65.00000000000000000 ) ) ;
#3388 = CARTESIAN_POINT ( 'NONE',  ( 47.31249999999992200, 5.500000000000005300, -35.00000000000000000 ) ) ;
#3389 = CARTESIAN_POINT ( 'NONE',  ( 32.87652971413079700, -2.426840238338845000, -78.31593008818033800 ) ) ;
#3390 = CARTESIAN_POINT ( 'NONE',  ( 47.61538202304903700, 2.843012045654912200, -64.99999999999994300 ) ) ;
#3391 = DIRECTION ( 'NONE',  ( -1.000000000000000000, 0.0000000000000000000, 0.0000000000000000000 ) ) ;
#3392 = CARTESIAN_POINT ( 'NONE',  ( 45.94283231323230200, -3.121897681404020000, 92.01567112720192700 ) ) ;
#3393 = AXIS2_PLACEMENT_3D ( 'NONE', #4713, #3517, #3072 ) ;
#3394 = CARTESIAN_POINT ( 'NONE',  ( 34.61379919785054000, 1.023707619174317100, 86.23600614581225400 ) ) ;
#3395 = CARTESIAN_POINT ( 'NONE',  ( 35.96060908215054000, -1.193392590237559500, -84.92873179963621100 ) ) ;
#3396 = CARTESIAN_POINT ( 'NONE',  ( 47.80015141245407800, 2.362101102032031700, -55.02440734173170300 ) ) ;
#3397 = CARTESIAN_POINT ( 'NONE',  ( 33.61698066089729100, -0.4215157709221767900, 86.31459341377328100 ) ) ;
#3398 = CARTESIAN_POINT ( 'NONE',  ( 45.56673572008482200, 0.4999544664027813500, -91.59999999999999400 ) ) ;
#3399 = EDGE_CURVE ( 'NONE', #1887, #4767, #3474, .T. ) ;
#3400 = CARTESIAN_POINT ( 'NONE',  ( 34.78906750148939200, -3.429072555626031500, 0.0000000000000000000 ) ) ;
#3401 = CARTESIAN_POINT ( 'NONE',  ( 40.24988867353486200, -2.505932417156091100, 99.30450648846338900 ) ) ;
#3402 = CARTESIAN_POINT ( 'NONE',  ( 34.04337271799299500, 5.500000000000001800, 35.00000000000000000 ) ) ;
#3403 = CARTESIAN_POINT ( 'NONE',  ( 47.66729844642782200, -3.437748760219582000, 91.60000000000005100 ) ) ;
#3404 = CARTESIAN_POINT ( 'NONE',  ( 35.79180111060643600, -1.963095102027825600, -3.547618065487213400 ) ) ;
#3405 = PERSON_AND_ORGANIZATION ( #4895, #1865 ) ;
#3406 = CARTESIAN_POINT ( 'NONE',  ( 46.58043567847097700, -0.2312567752170645000, -86.32837093055778200 ) ) ;
#3407 = CARTESIAN_POINT ( 'NONE',  ( 53.26915514171066900, -3.492244288815582500, 23.02809333464725600 ) ) ;
#3408 = CARTESIAN_POINT ( 'NONE',  ( 33.58093350234349100, -1.228489802778739200, -70.34962503206385500 ) ) ;
#3409 = CARTESIAN_POINT ( 'NONE',  ( 46.09489018754391100, 0.2891808736517198500, -91.60000000000026400 ) ) ;
#3410 = CARTESIAN_POINT ( 'NONE',  ( 28.03573076446313900, -2.757483048195332300, -35.00000000000000700 ) ) ;
#3411 = AXIS2_PLACEMENT_3D ( 'NONE', #2047, #757, #3638 ) ;
#3412 = LINE ( 'NONE', #506, #2501 ) ;
#3413 = CARTESIAN_POINT ( 'NONE',  ( 35.38333896732321200, -1.493951747401085500, 96.61767322535457900 ) ) ;
#3414 = CARTESIAN_POINT ( 'NONE',  ( 37.70391875255136000, -2.610560940458703300, -97.85815940307638500 ) ) ;
#3415 = ORIENTED_EDGE ( 'NONE', *, *, #3618, .T. ) ;
#3416 = CARTESIAN_POINT ( 'NONE',  ( 36.28482071050544300, 2.549814596867514500, 69.86370928420419100 ) ) ;
#3417 = CARTESIAN_POINT ( 'NONE',  ( 33.13397852843630900, -0.4799930348159259200, -67.68749069539161700 ) ) ;
#3418 = DIRECTION ( 'NONE',  ( 0.0000000000000000000, 0.0000000000000000000, -1.000000000000000000 ) ) ;
#3419 = VERTEX_POINT ( 'NONE', #2254 ) ;
#3420 = CARTESIAN_POINT ( 'NONE',  ( 39.74212777206405200, -2.091461178630876500, 99.85288951088232100 ) ) ;
#3421 = CARTESIAN_POINT ( 'NONE',  ( 40.73903505213966300, 1.035527476884599500, 13.06272197092776300 ) ) ;
#3422 = CARTESIAN_POINT ( 'NONE',  ( 50.24301031735963400, -3.445289113577133700, 78.23328417660602000 ) ) ;
#3423 = CARTESIAN_POINT ( 'NONE',  ( 45.91407164169351800, 5.500000000000001800, -45.05079490154284400 ) ) ;
#3424 = CARTESIAN_POINT ( 'NONE',  ( 47.78770700240293200, 2.027932208377438300, -65.00000000000002800 ) ) ;
#3425 = CARTESIAN_POINT ( 'NONE',  ( 52.86267587340760300, -3.263362047041262800, 35.00000000000000000 ) ) ;
#3426 = EDGE_LOOP ( 'NONE', ( #1033, #3068, #2777, #2837, #769, #4900, #1419, #5077, #5222, #1939 ) ) ;
#3427 = CARTESIAN_POINT ( 'NONE',  ( 33.43247918982872600, -1.071015114047760400, -64.99999999999997200 ) ) ;
#3428 = CARTESIAN_POINT ( 'NONE',  ( 46.61595062445827900, 1.595782281889496200, -81.05265374612191900 ) ) ;
#3429 = CARTESIAN_POINT ( 'NONE',  ( 34.78906750148939200, -3.429072555626031500, 0.0000000000000000000 ) ) ;
#3430 = CARTESIAN_POINT ( 'NONE',  ( 40.07395546124652000, -1.862147600767278800, 93.61623552985697900 ) ) ;
#3431 = CARTESIAN_POINT ( 'NONE',  ( 39.92604453875348000, -1.862147600767278800, -93.61623552985697900 ) ) ;
#3432 = CARTESIAN_POINT ( 'NONE',  ( 39.54063078803896000, 1.677043496898074700, 73.43815069250250400 ) ) ;
#3433 = CARTESIAN_POINT ( 'NONE',  ( 35.05714790094212000, -0.8161771004039448700, -78.30591850289833600 ) ) ;
#3434 = CARTESIAN_POINT ( 'NONE',  ( 44.58673884151163900, 2.878507268367561000, -3.035099141670409000 ) ) ;
#3435 = CARTESIAN_POINT ( 'NONE',  ( 33.23110514430306500, 0.7762645037106268300, 70.34128885883907900 ) ) ;
#3436 = CARTESIAN_POINT ( 'NONE',  ( 46.62470919224234900, 1.267790952711550700, -65.00000000000000000 ) ) ;
#3437 = CARTESIAN_POINT ( 'NONE',  ( 45.50000000000000000, -3.500000000000000000, 101.5999999999999900 ) ) ;
#3438 = B_SPLINE_CURVE_WITH_KNOTS ( 'NONE', 3,
 ( #110, #3788, #931, #3810, #4215, #1763, #4231, #1780, #4639, #229, #4673, #1832 ),
 .UNSPECIFIED., .F., .F.,
 ( 4, 2, 2, 2, 2, 4 ),
 ( 0.01232525779695160600, 0.01375487134224432800, 0.01518448488753705200, 0.01661409843282977600, 0.01732890520547613500, 0.01804371197812249700 ),
 .UNSPECIFIED. ) ;
#3439 = CARTESIAN_POINT ( 'NONE',  ( 48.91436949173119300, -3.484248782748050400, 84.94224995604624000 ) ) ;
#3440 = CARTESIAN_POINT ( 'NONE',  ( 46.97456415484101900, 3.237175892043605800, -65.00000000000000000 ) ) ;
#3441 = CARTESIAN_POINT ( 'NONE',  ( 34.62690024298166900, -3.042226386235341800, -1.181062772370872400 ) ) ;
#3442 = CARTESIAN_POINT ( 'NONE',  ( 47.74766993828365000, 2.048027517653587800, -70.44973523575096400 ) ) ;
#3443 = DIRECTION ( 'NONE',  ( -0.0000000000000000000, -0.0000000000000000000, -1.000000000000000000 ) ) ;
#3444 = CARTESIAN_POINT ( 'NONE',  ( 32.64352248631331600, -1.420339374977566800, -64.99999999999994300 ) ) ;
#3445 = CARTESIAN_POINT ( 'NONE',  ( 47.15266865515656700, 2.629615217531823500, -70.40386737226397400 ) ) ;
#3446 = DIRECTION ( 'NONE',  ( -0.0000000000000000000, -0.0000000000000000000, -1.000000000000000000 ) ) ;
#3447 = CARTESIAN_POINT ( 'NONE',  ( 33.98425554412811100, -0.6829223572617525400, 98.10577902176464700 ) ) ;
#3448 = CARTESIAN_POINT ( 'NONE',  ( 41.68184962425817000, 2.800057761511312500, -5.255530329722896400 ) ) ;
#3449 = CARTESIAN_POINT ( 'NONE',  ( 38.37236364662235400, 2.783690462045981500, 65.00000000000000000 ) ) ;
#3450 = CARTESIAN_POINT ( 'NONE',  ( 33.07845622982843300, -0.6865290751911890000, -70.35599623766505300 ) ) ;
#3451 = ORIENTED_EDGE ( 'NONE', *, *, #5002, .F. ) ;
#3452 = CARTESIAN_POINT ( 'NONE',  ( 43.93649495930041800, -0.1933102078443932600, 70.34135006407326800 ) ) ;
#3453 = DIRECTION ( 'NONE',  ( 0.8713577631282917200, 0.4906481923293509700, 0.0000000000000000000 ) ) ;
#3454 = CARTESIAN_POINT ( 'NONE',  ( 37.41602113660378800, -0.7965168315056281300, -78.31259398398344700 ) ) ;
#3455 = CARTESIAN_POINT ( 'NONE',  ( 33.84588076115608900, 0.2254141888362178300, 91.60000000000026400 ) ) ;
#3456 = CARTESIAN_POINT ( 'NONE',  ( 51.86715903094447800, -3.491175392880836000, 70.32231106715319400 ) ) ;
#3457 = CARTESIAN_POINT ( 'NONE',  ( 45.86739471628633400, 0.4402472501814538900, -91.60000000000023600 ) ) ;
#3458 = CARTESIAN_POINT ( 'NONE',  ( 34.55930332961924700, -3.104786526012834000, -0.8150359910291072900 ) ) ;
#3459 = CARTESIAN_POINT ( 'NONE',  ( 47.19413805883630900, 2.279742555208047200, -75.89322415161674900 ) ) ;
#3460 = EDGE_CURVE ( 'NONE', #3223, #4719, #901, .T. ) ;
#3461 = CARTESIAN_POINT ( 'NONE',  ( 46.08823309818706100, 0.2955221128262427400, -91.60000000000027900 ) ) ;
#3462 = CARTESIAN_POINT ( 'NONE',  ( 38.54176691892652700, -1.603710014415314700, -20.32496010687508600 ) ) ;
#3463 = CARTESIAN_POINT ( 'NONE',  ( 39.74212777206405200, -2.091461178630876500, 99.85288951088232100 ) ) ;
#3464 = CARTESIAN_POINT ( 'NONE',  ( 49.36265598579205300, -3.227126311283343300, 78.31686568320941400 ) ) ;
#3465 = CARTESIAN_POINT ( 'NONE',  ( 34.99099924932314600, 3.197687695426675100, 64.99999999999998600 ) ) ;
#3466 = CARTESIAN_POINT ( 'NONE',  ( 36.50667205312279200, -1.667005618690661400, -91.60000000000000900 ) ) ;
#3467 = CARTESIAN_POINT ( 'NONE',  ( 32.50572342577355300, 1.096134171162186800, 70.40484003620059600 ) ) ;
#3468 = CARTESIAN_POINT ( 'NONE',  ( 33.71726417907041900, 0.4417012794083413100, -42.86279592904925600 ) ) ;
#3469 = CARTESIAN_POINT ( 'NONE',  ( 36.17247438522043300, 0.1408364757835729500, -65.00000000000000000 ) ) ;
#3470 = CARTESIAN_POINT ( 'NONE',  ( 33.45011690037382800, 1.603059247592111500, 81.04409992298963100 ) ) ;
#3471 = FACE_OUTER_BOUND ( 'NONE', #2257, .T. ) ;
#3472 = CARTESIAN_POINT ( 'NONE',  ( 46.47212213132274200, 2.138388209618946200, -75.73478582970129500 ) ) ;
#3473 = CARTESIAN_POINT ( 'NONE',  ( 32.73327798318877100, 1.195256904456912400, -43.18094544173991500 ) ) ;
#3474 = CIRCLE ( 'NONE', #4149, 5.500000000000000000 ) ;
#3475 = CARTESIAN_POINT ( 'NONE',  ( 47.22275691576060600, 0.7957333966674259300, -81.08330349631201300 ) ) ;
#3476 = CARTESIAN_POINT ( 'NONE',  ( 37.58019241856903400, -0.2249859100612356400, 8.943804574258264100 ) ) ;
#3477 = VERTEX_POINT ( 'NONE', #3508 ) ;
#3478 = CARTESIAN_POINT ( 'NONE',  ( 46.30208205200206400, 0.9546598742056270300, -86.32040532838783500 ) ) ;
#3479 = CARTESIAN_POINT ( 'NONE',  ( 47.91537663729057100, 5.388116888409729000, -23.25091993048927500 ) ) ;
#3480 = CARTESIAN_POINT ( 'NONE',  ( 29.92746251933240100, -2.622922021627566800, -65.00000000000000000 ) ) ;
#3481 = ORIENTED_EDGE ( 'NONE', *, *, #416, .T. ) ;
#3482 = CARTESIAN_POINT ( 'NONE',  ( 51.12067087210482400, -3.154985963532089200, 67.67686568320944200 ) ) ;
#3483 = CARTESIAN_POINT ( 'NONE',  ( 42.60124674431133200, 1.318156570350203200, 68.43801269933077000 ) ) ;
#3484 = CARTESIAN_POINT ( 'NONE',  ( 30.93649490301033100, -1.542905948478297400, -65.00000000000000000 ) ) ;
#3485 = CARTESIAN_POINT ( 'NONE',  ( 45.49081111961452700, 1.682250299404920200, -0.3242354154820890600 ) ) ;
#3486 = CARTESIAN_POINT ( 'NONE',  ( 33.09772202915679900, 0.1210140053259577500, 81.03614203047723700 ) ) ;
#3487 = ORIENTED_EDGE ( 'NONE', *, *, #4383, .F. ) ;
#3488 = CARTESIAN_POINT ( 'NONE',  ( 47.26915514170990200, -0.1137363113259167900, 35.00000000000000000 ) ) ;
#3489 = CARTESIAN_POINT ( 'NONE',  ( 38.43518679331859300, -1.273630286040872100, -84.95629699199172100 ) ) ;
#3490 = CARTESIAN_POINT ( 'NONE',  ( 33.89067279401591300, 0.2749533995893548300, 91.60000000000026400 ) ) ;
#3491 = DIRECTION ( 'NONE',  ( -0.0000000000000000000, -1.000000000000000000, -0.0000000000000000000 ) ) ;
#3492 = CARTESIAN_POINT ( 'NONE',  ( 51.93963244836228900, -3.501791265136455800, 67.67101059883704300 ) ) ;
#3493 = CARTESIAN_POINT ( 'NONE',  ( 45.85451965289658500, 0.4455999427191610400, -91.60000000000023600 ) ) ;
#3494 = CARTESIAN_POINT ( 'NONE',  ( 47.20253693505866000, 0.9828916933844655800, -81.08815545950467700 ) ) ;
#3495 = CARTESIAN_POINT ( 'NONE',  ( 41.45823308107348000, -1.603710014415314700, 20.32496010687508600 ) ) ;
#3496 = DIRECTION ( 'NONE',  ( 0.0000000000000000000, 0.0000000000000000000, 1.000000000000000000 ) ) ;
#3497 = CARTESIAN_POINT ( 'NONE',  ( 47.04275224993092800, 2.647406324255696200, -70.38807641077707400 ) ) ;
#3498 = CARTESIAN_POINT ( 'NONE',  ( 47.53438853813957400, 5.500000000000005300, -35.00000000000000000 ) ) ;
#3499 = CARTESIAN_POINT ( 'NONE',  ( 31.08272959470353700, -1.041764738967407000, -34.99999999999997900 ) ) ;
#3500 = CARTESIAN_POINT ( 'NONE',  ( 46.13183392252530300, -3.143299764326104000, 91.60000000000003700 ) ) ;
#3501 = CARTESIAN_POINT ( 'NONE',  ( 43.95203445752810000, -0.3672924730109839400, 78.41687040799853000 ) ) ;
#3502 = CARTESIAN_POINT ( 'NONE',  ( 29.98710237995418000, -2.083610747318200800, -64.99999999999998600 ) ) ;
#3503 = CARTESIAN_POINT ( 'NONE',  ( 43.62355404415195200, 0.2265022081313223500, 65.00000000000000000 ) ) ;
#3504 = CARTESIAN_POINT ( 'NONE',  ( 50.87592070378904900, -2.575125807271929600, 64.99999999999992900 ) ) ;
#3505 = CARTESIAN_POINT ( 'NONE',  ( 36.37644595584804800, 0.2265022081313223500, -65.00000000000000000 ) ) ;
#3506 = CARTESIAN_POINT ( 'NONE',  ( 33.79235877682116000, 0.1529815583158529400, 91.60000000000022200 ) ) ;
#3507 = CARTESIAN_POINT ( 'NONE',  ( 34.53384235952837900, 1.095957696284068000, 0.0000000000000000000 ) ) ;
#3508 = CARTESIAN_POINT ( 'NONE',  ( 45.57500000000000300, -1.000000000000004400, -91.59999999999999400 ) ) ;
#3509 = CARTESIAN_POINT ( 'NONE',  ( 45.65780786339856700, 0.4955334578815471800, -91.60000000000002300 ) ) ;
#3510 = CARTESIAN_POINT ( 'NONE',  ( 41.41908541641003400, 4.061546986379974000, 34.99999999999999300 ) ) ;
#3511 = AXIS2_PLACEMENT_3D ( 'NONE', #4644, #2644, #984 ) ;
#3512 = CARTESIAN_POINT ( 'NONE',  ( 46.32393293542257600, -0.2903628384458580800, -91.59999999999995200 ) ) ;
#3513 = CARTESIAN_POINT ( 'NONE',  ( 43.75114897447918600, -2.703002216448096500, 0.0000000000000000000 ) ) ;
#3514 = CARTESIAN_POINT ( 'NONE',  ( 46.08016303520535900, 0.3030198114288231200, -91.60000000000027900 ) ) ;
#3515 = CARTESIAN_POINT ( 'NONE',  ( 45.52898175433106300, 1.587890443033218100, -5.395821586454505200 ) ) ;
#3516 = CARTESIAN_POINT ( 'NONE',  ( 27.34401046092937900, -3.493772401673342900, -52.50208787477462400 ) ) ;
#3517 = DIRECTION ( 'NONE',  ( -0.0000000000000000000, -1.000000000000000000, -0.0000000000000000000 ) ) ;
#3518 = CARTESIAN_POINT ( 'NONE',  ( 40.02037496459317400, 0.2878380359999392900, 85.33900634966536800 ) ) ;
#3519 = CARTESIAN_POINT ( 'NONE',  ( 27.93659993588488200, -3.413562894670909600, -70.11649881232453700 ) ) ;
#3520 = CARTESIAN_POINT ( 'NONE',  ( 43.90028483653922800, -0.1829466578808035000, 70.36368984126843900 ) ) ;
#3521 = EDGE_CURVE ( 'NONE', #2102, #3122, #4046, .T. ) ;
#3522 = CARTESIAN_POINT ( 'NONE',  ( 40.70021962012977200, 3.338994065169126100, 54.94790748116015800 ) ) ;
#3523 = CARTESIAN_POINT ( 'NONE',  ( 38.52356791152936200, -0.4290888756436229100, -78.70421137605153200 ) ) ;
#3524 = CARTESIAN_POINT ( 'NONE',  ( 33.50598829282911600, 2.247908345917574400, 75.78400298564785900 ) ) ;
#3525 = CARTESIAN_POINT ( 'NONE',  ( 35.61139811154893700, 0.3804868997347667400, 3.320435381043573400 ) ) ;
#3526 = CARTESIAN_POINT ( 'NONE',  ( 33.24877466979505400, 0.2692457669416474800, 86.34407772975225700 ) ) ;
#3527 = CARTESIAN_POINT ( 'NONE',  ( 48.84313616270927100, -3.499531611105070300, 84.95711551248331300 ) ) ;
#3528 = CARTESIAN_POINT ( 'NONE',  ( 46.80972979572485600, 3.249999914761922500, -64.99999999999997200 ) ) ;
#3529 = CARTESIAN_POINT ( 'NONE',  ( 37.45052331996458200, 2.733200515065060900, 0.0000000000000000000 ) ) ;
#3530 = CARTESIAN_POINT ( 'NONE',  ( 47.12809676130257200, 1.193288753042539300, -81.08968686675628100 ) ) ;
#3531 = PERSON_AND_ORGANIZATION_ROLE ( 'creator' ) ;
#3532 = CARTESIAN_POINT ( 'NONE',  ( 46.52671390612426400, 1.603832684708401200, -81.04081065677536300 ) ) ;
#3533 = CARTESIAN_POINT ( 'NONE',  ( 44.78957643110396700, 2.649599163913951600, 0.0000000000000000000 ) ) ;
#3534 = PERSON_AND_ORGANIZATION ( #4895, #1865 ) ;
#3535 = CARTESIAN_POINT ( 'NONE',  ( 41.19014786752620000, -1.911408412262552500, 91.59999999999999400 ) ) ;
#3536 = EDGE_LOOP ( 'NONE', ( #1287, #1487 ) ) ;
#3537 = CARTESIAN_POINT ( 'NONE',  ( 43.27575806119893500, 1.090385535541952700, 68.28334292090507100 ) ) ;
#3538 = CARTESIAN_POINT ( 'NONE',  ( 34.28503697557717100, -2.551680122061100500, -91.60000000000003700 ) ) ;
#3539 = CARTESIAN_POINT ( 'NONE',  ( 43.98562735221688100, 0.07204645612146455500, 65.00000000000000000 ) ) ;
#3540 = CARTESIAN_POINT ( 'NONE',  ( 32.38017995666807300, 1.131689195822640000, 75.83799996633804600 ) ) ;
#3541 = CARTESIAN_POINT ( 'NONE',  ( 50.90229518007885200, -1.459944882438274800, 35.00000000000002800 ) ) ;
#3542 = CARTESIAN_POINT ( 'NONE',  ( 40.43248790798992300, -0.7537871809833294200, -85.35727898878317900 ) ) ;
#3543 = DIRECTION ( 'NONE',  ( 0.0000000000000000000, -1.000000000000000000, -0.0000000000000000000 ) ) ;
#3544 = CARTESIAN_POINT ( 'NONE',  ( 32.20580521054709800, 2.059445417220787900, 65.00000000000002800 ) ) ;
#3545 = CARTESIAN_POINT ( 'NONE',  ( 45.50000000000000000, -3.500000000000000000, 101.5999999999999900 ) ) ;
#3546 = CARTESIAN_POINT ( 'NONE',  ( 46.72008096444725600, 2.650198303783706200, -70.32635275645427000 ) ) ;
#3547 = ORIENTED_EDGE ( 'NONE', *, *, #1525, .T. ) ;
#3548 = CARTESIAN_POINT ( 'NONE',  ( 51.11302621422801500, -1.613850028421954400, 22.99238707864483900 ) ) ;
#3549 = CARTESIAN_POINT ( 'NONE',  ( 47.11569112396584600, 2.318315128689098200, -75.88930934396849200 ) ) ;
#3550 = CARTESIAN_POINT ( 'NONE',  ( 34.50000000000000000, -3.500000000000000000, -101.5999999999999900 ) ) ;
#3551 = ORIENTED_EDGE ( 'NONE', *, *, #4865, .F. ) ;
#3552 = CARTESIAN_POINT ( 'NONE',  ( 52.65598953907062500, -3.493772401673344200, 52.50208787477462400 ) ) ;
#3553 = CARTESIAN_POINT ( 'NONE',  ( 42.09455563026332200, 1.132547951797691100, 72.20932403200944800 ) ) ;
#3554 = CARTESIAN_POINT ( 'NONE',  ( 28.04884240496255300, -3.513849097385651100, -70.12421495472344200 ) ) ;
#3555 = CARTESIAN_POINT ( 'NONE',  ( 43.67571681119978400, 0.05127676735730138400, 67.76921146435665800 ) ) ;
#3556 = CARTESIAN_POINT ( 'NONE',  ( 32.62700379423821300, 1.424194123582270400, 65.00000000000000000 ) ) ;
#3557 = CARTESIAN_POINT ( 'NONE',  ( 43.86335972277605300, 1.234244328588178100, 65.00000000000001400 ) ) ;
#3558 = CARTESIAN_POINT ( 'NONE',  ( 39.97483497134697900, 0.9041067581409625300, -72.73096454418418900 ) ) ;
#3559 = CARTESIAN_POINT ( 'NONE',  ( 33.50884082111672100, 2.243238944795370200, 75.78234551818705700 ) ) ;
#3560 = CARTESIAN_POINT ( 'NONE',  ( 45.50000000000056800, 1.492003218558841900, -0.01209336135277823800 ) ) ;
#3561 = CARTESIAN_POINT ( 'NONE',  ( 32.22355626234115500, 1.983534977106965900, 65.00000000000004300 ) ) ;
#3562 = CARTESIAN_POINT ( 'NONE',  ( 38.21044616881527400, -0.2535439637457045400, 95.37056205318251000 ) ) ;
#3563 = EDGE_CURVE ( 'NONE', #4498, #908, #4709, .T. ) ;
#3564 = CARTESIAN_POINT ( 'NONE',  ( 46.54042972700008100, 2.051048481296022800, -75.64400218728909000 ) ) ;
#3565 = CARTESIAN_POINT ( 'NONE',  ( 38.64731317167400700, -0.5959596388164969400, 85.55244554793309000 ) ) ;
#3566 = CARTESIAN_POINT ( 'NONE',  ( 45.37973494457550300, -3.438998903372055200, 0.0000000000000000000 ) ) ;
#3567 = CARTESIAN_POINT ( 'NONE',  ( 46.32450930307978600, -0.2776081218954847300, -91.59999999999995200 ) ) ;
#3568 = ADVANCED_FACE ( 'NONE', ( #1932 ), #2045, .F. ) ;
#3569 = CARTESIAN_POINT ( 'NONE',  ( 35.57550443846406600, -2.037804700582602500, -91.59999999999996600 ) ) ;
#3570 = CARTESIAN_POINT ( 'NONE',  ( 47.04053784323898000, -0.7477110926982506500, 70.33712667903152700 ) ) ;
#3571 = CARTESIAN_POINT ( 'NONE',  ( 28.07719176473442200, -3.519389287181667700, -70.13120948544549500 ) ) ;
#3572 = CARTESIAN_POINT ( 'NONE',  ( 44.02854770820957200, 0.05315460351387792100, 65.00000000000000000 ) ) ;
#3573 = CARTESIAN_POINT ( 'NONE',  ( 33.45064536663731000, -0.2702313894043547000, 86.32610437984951100 ) ) ;
#3574 = CARTESIAN_POINT ( 'NONE',  ( 41.12779028932803300, -1.367487112024260000, 5.390543744730761600 ) ) ;
#3575 = CARTESIAN_POINT ( 'NONE',  ( 39.89764266535667800, -1.644280614920126100, -91.59999999999998000 ) ) ;
#3576 = CARTESIAN_POINT ( 'NONE',  ( 34.50025912073148500, 1.469883846860889500, 0.05439817374064629500 ) ) ;
#3577 = CARTESIAN_POINT ( 'NONE',  ( 47.23430055630595300, -3.181104883532454200, 91.94559882657600300 ) ) ;
#3578 = CARTESIAN_POINT ( 'NONE',  ( 45.87334001016788000, 1.025328843450403500, -86.27868448288768400 ) ) ;
#3579 = CARTESIAN_POINT ( 'NONE',  ( 33.46327829187792700, 0.7925446106177731500, 70.32068617556738800 ) ) ;
#3580 = CARTESIAN_POINT ( 'NONE',  ( 53.43918027289603100, -3.386841064597006000, 35.00000000000001400 ) ) ;
#3581 = CARTESIAN_POINT ( 'NONE',  ( 47.12427419247441000, 1.200547536383984400, -81.08963910048619500 ) ) ;
#3582 = CARTESIAN_POINT ( 'NONE',  ( 44.90526292382301700, -0.09214121221553189800, -98.33504544664333500 ) ) ;
#3583 = CARTESIAN_POINT ( 'NONE',  ( 42.54361562657718600, -2.248808483637999800, 91.60000000000009400 ) ) ;
#3584 = CARTESIAN_POINT ( 'NONE',  ( 47.12618878388915500, -0.6198402251271233300, 67.66847104652882200 ) ) ;
#3585 = CARTESIAN_POINT ( 'NONE',  ( 27.95823033124477400, -3.444526936924092300, -70.11761678628840900 ) ) ;
#3586 = CARTESIAN_POINT ( 'NONE',  ( 39.90242855887648000, -1.599091377744757300, 91.59999999999998000 ) ) ;
#3587 = CARTESIAN_POINT ( 'NONE',  ( 32.43247943392531600, 1.182952985592119000, 70.41269793781570700 ) ) ;
#3588 = CARTESIAN_POINT ( 'NONE',  ( 35.54998986542407400, -0.1705472125655154700, 97.49799919643973600 ) ) ;
#3589 = CARTESIAN_POINT ( 'NONE',  ( 40.57002403683931400, -1.498465376580942600, -91.59999999999999400 ) ) ;
#3590 = CARTESIAN_POINT ( 'NONE',  ( 33.50731609397588800, 2.245675381711405500, 75.78318951479280900 ) ) ;
#3591 = ADVANCED_FACE ( 'NONE', ( #570 ), #226, .F. ) ;
#3592 = CARTESIAN_POINT ( 'NONE',  ( 34.50000000000000000, -3.500000000000000000, -101.5999999999999900 ) ) ;
#3593 = CARTESIAN_POINT ( 'NONE',  ( 45.58773428149855500, 1.553954600205484900, -80.87201229162450000 ) ) ;
#3594 = CARTESIAN_POINT ( 'NONE',  ( 39.67291124183908800, -0.001666529067122918300, 79.34906233126453400 ) ) ;
#3595 = CARTESIAN_POINT ( 'NONE',  ( 45.95662728200700500, 5.500000000000001800, -35.00000000000000000 ) ) ;
#3596 = CC_DESIGN_DATE_AND_TIME_ASSIGNMENT ( #5205, #1050, ( #170 ) ) ;
#3597 = CARTESIAN_POINT ( 'NONE',  ( 47.07960426312768500, 2.336571919619184100, -75.88671430661254600 ) ) ;
#3598 = CARTESIAN_POINT ( 'NONE',  ( 37.28346274762137100, -2.030367111102608500, -97.92741852950052800 ) ) ;
#3599 = CARTESIAN_POINT ( 'NONE',  ( 50.29321312890918000, -3.368789827932107400, 78.19864013613961600 ) ) ;
#3600 = ORIENTED_EDGE ( 'NONE', *, *, #372, .T. ) ;
#3601 = CARTESIAN_POINT ( 'NONE',  ( 47.27287801499542000, -1.490608911064571700, 67.67536923830650200 ) ) ;
#3602 = EDGE_LOOP ( 'NONE', ( #4659, #2742 ) ) ;
#3603 = CARTESIAN_POINT ( 'NONE',  ( 41.26739006322727500, -0.7840383633704196600, 91.60000000000000900 ) ) ;
#3604 = CARTESIAN_POINT ( 'NONE',  ( 27.98333431388571300, -3.468966218542814100, -70.11877911437804300 ) ) ;
#3605 = CARTESIAN_POINT ( 'NONE',  ( 32.38894683258813200, 1.090000917744527800, 75.83371176929703900 ) ) ;
#3606 = CARTESIAN_POINT ( 'NONE',  ( 40.29736853808849200, -1.796070606107766000, 99.96752272332165000 ) ) ;
#3607 = CARTESIAN_POINT ( 'NONE',  ( 46.62609038256969300, 1.267526890229387700, -65.00000000000000000 ) ) ;
#3608 = CARTESIAN_POINT ( 'NONE',  ( 37.28346274762137100, -2.030367111102608500, -97.92741852950052800 ) ) ;
#3609 = CARTESIAN_POINT ( 'NONE',  ( 34.82474473263645400, 3.444511200154714900, 10.55173538362115000 ) ) ;
#3610 = CARTESIAN_POINT ( 'NONE',  ( 44.66371730333068500, 1.002055867054804100, -86.15346158696789300 ) ) ;
#3611 = CARTESIAN_POINT ( 'NONE',  ( 40.32187207000541900, -0.1277316043184999500, 79.11455797756634900 ) ) ;
#3612 = CARTESIAN_POINT ( 'NONE',  ( 45.24975828406631000, -3.443762529998077900, 23.95332616803729300 ) ) ;
#3613 = CARTESIAN_POINT ( 'NONE',  ( 46.67423826630283700, 1.583576310168084200, -81.05940348444087800 ) ) ;
#3614 = ADVANCED_FACE ( 'NONE', ( #437 ), #2179, .F. ) ;
#3615 = CARTESIAN_POINT ( 'NONE',  ( 36.19724918871433100, -2.391710323619127700, -97.37052488504970400 ) ) ;
#3616 = CARTESIAN_POINT ( 'NONE',  ( 52.01666568611428700, -3.468966218542814100, 70.11877911437804300 ) ) ;
#3617 = CIRCLE ( 'NONE', #1319, 2.500000000000000000 ) ;
#3618 = EDGE_CURVE ( 'NONE', #1062, #908, #3438, .T. ) ;
#3619 = PRODUCT ( 'PROPELLER - 8x4_Default_sldprt', 'PROPELLER - 8x4_Default_sldprt', '', ( #992 ) ) ;
#3620 = CARTESIAN_POINT ( 'NONE',  ( 46.99283654607857800, -0.3639228227532886900, 65.00000000000000000 ) ) ;
#3621 = CARTESIAN_POINT ( 'NONE',  ( 28.09222857300494900, -3.496066098990042300, -70.15105668274678400 ) ) ;
#3622 = CARTESIAN_POINT ( 'NONE',  ( 33.91934976906010500, -0.8020748677781510700, 91.59999999999968200 ) ) ;
#3623 = CARTESIAN_POINT ( 'NONE',  ( 40.00000000000000000, 3.500000000000000000, 5.500000000000000000 ) ) ;
#3624 = CARTESIAN_POINT ( 'NONE',  ( 36.49989636548458800, 0.3890674239539849100, 91.59999999999998000 ) ) ;
#3625 = CARTESIAN_POINT ( 'NONE',  ( 46.63997096197940100, 1.264982612241525100, -65.00000000000000000 ) ) ;
#3626 = CARTESIAN_POINT ( 'NONE',  ( 32.59798008468950300, -3.261640489513562900, -91.93887023107065200 ) ) ;
#3627 = CARTESIAN_POINT ( 'NONE',  ( 34.06927405088498500, 0.4096468284710984000, 91.60000000000026400 ) ) ;
#3628 = CARTESIAN_POINT ( 'NONE',  ( 42.57382970123671800, 2.444384813700364800, -69.64105014963634200 ) ) ;
#3629 = CARTESIAN_POINT ( 'NONE',  ( 41.16495864890752200, -0.3406152000039321900, 78.81364871362056600 ) ) ;
#3630 = CARTESIAN_POINT ( 'NONE',  ( 45.27461052861866600, -3.449308689770564500, 0.0000000000000000000 ) ) ;
#3631 = CARTESIAN_POINT ( 'NONE',  ( 46.63754312598706500, 2.363444543733380900, -75.82881275239206800 ) ) ;
#3632 = CARTESIAN_POINT ( 'NONE',  ( 32.86667728112743000, 2.633650474957781800, 70.40128508892404100 ) ) ;
#3633 = CARTESIAN_POINT ( 'NONE',  ( 34.27858384338384900, -3.310948840702010500, -96.80783556360094600 ) ) ;
#3634 = CARTESIAN_POINT ( 'NONE',  ( 52.13223443660643100, -3.290641616042996100, 65.00000000000000000 ) ) ;
#3635 = CARTESIAN_POINT ( 'NONE',  ( 52.72778490315996400, -3.187407010529113500, 40.22037967124438800 ) ) ;
#3636 = CARTESIAN_POINT ( 'NONE',  ( 46.61113528804325100, -0.3465895580636743600, 67.71014774712655500 ) ) ;
#3637 = CARTESIAN_POINT ( 'NONE',  ( 27.81647352292286600, -3.409510262146695100, -65.00000000000000000 ) ) ;
#3638 = DIRECTION ( 'NONE',  ( -1.000000000000000000, 0.0000000000000000000, 0.0000000000000000000 ) ) ;
#3639 = CARTESIAN_POINT ( 'NONE',  ( 45.80231544258428800, -3.122671246747942100, 96.81852066005116300 ) ) ;
#3640 = CARTESIAN_POINT ( 'NONE',  ( 46.15368074800001400, -0.1194890494787442400, -80.96444776770245300 ) ) ;
#3641 = CARTESIAN_POINT ( 'NONE',  ( 33.89536911483143900, -2.745342493495884600, -92.03704132010233300 ) ) ;
#3642 = CARTESIAN_POINT ( 'NONE',  ( 33.50856995078716900, 2.080041040758979800, 75.69652591683258400 ) ) ;
#3643 = CARTESIAN_POINT ( 'NONE',  ( 44.68373229688261000, 2.052807794062179600, -75.13390020506669500 ) ) ;
#3644 = CARTESIAN_POINT ( 'NONE',  ( 34.40115168853695600, -0.9996278661613914300, 91.59999999999996600 ) ) ;
#3645 = CARTESIAN_POINT ( 'NONE',  ( 32.79449006759670500, 0.6483707540039165300, 81.07707583891962600 ) ) ;
#3646 = CARTESIAN_POINT ( 'NONE',  ( 34.53543055738775500, -3.128445619799244100, -23.93397022511259900 ) ) ;
#3647 = CARTESIAN_POINT ( 'NONE',  ( 46.71300340652392400, 0.4958160658467275500, -86.34460834452320900 ) ) ;
#3648 = CARTESIAN_POINT ( 'NONE',  ( 33.47328609387573600, 1.603832684708401200, 81.04081065677536300 ) ) ;
#3649 = CARTESIAN_POINT ( 'NONE',  ( 34.49085498579795900, -2.988072363667311200, -91.60000000000000900 ) ) ;
#3650 = CARTESIAN_POINT ( 'NONE',  ( 47.61293792847766300, -3.307470315790514100, 91.60000000000000900 ) ) ;
#3651 = CARTESIAN_POINT ( 'NONE',  ( 46.86674570460282000, 1.250291916817489700, -64.99999999999998600 ) ) ;
#3652 = CARTESIAN_POINT ( 'NONE',  ( 38.42949176127137900, -1.275399761486496500, -84.95516856332004400 ) ) ;
#3653 = CARTESIAN_POINT ( 'NONE',  ( 43.82217115351512100, -1.100629168772294700, 84.93493680762129800 ) ) ;
#3654 = CARTESIAN_POINT ( 'NONE',  ( 27.97810731643944800, -3.469463273565001900, -67.63620627501872200 ) ) ;
#3655 = CARTESIAN_POINT ( 'NONE',  ( 26.56671388578886800, -3.437700506014824200, -35.00000000000008500 ) ) ;
#3656 = CARTESIAN_POINT ( 'NONE',  ( 44.41661660775724800, -2.106566525355265900, 92.34736042099463300 ) ) ;
#3657 = CARTESIAN_POINT ( 'NONE',  ( 45.09094471495914300, -0.4694860310435334800, -86.20699973526377800 ) ) ;
#3658 = CARTESIAN_POINT ( 'NONE',  ( 34.50000000000000000, -3.500000000000000000, -101.5999999999999900 ) ) ;
#3659 = VECTOR ( 'NONE', #3453, 1000.000000000000100 ) ;
#3660 = CARTESIAN_POINT ( 'NONE',  ( 33.80917963200644700, 0.9929611963255273700, 86.31097323669276000 ) ) ;
#3661 = CARTESIAN_POINT ( 'NONE',  ( 43.03839718721342700, 0.3163165766397309500, -91.60000000000005100 ) ) ;
#3662 = CARTESIAN_POINT ( 'NONE',  ( 33.29768298926775600, 1.256013156907107800, 64.99999999999998600 ) ) ;
#3663 = CARTESIAN_POINT ( 'NONE',  ( 32.54954678468221400, 2.066376901069473200, 75.89785197517363700 ) ) ;
#3664 = CARTESIAN_POINT ( 'NONE',  ( 26.57028974635514000, -3.422871903549387100, -34.99999999999996400 ) ) ;
#3665 = AXIS2_PLACEMENT_3D ( 'NONE', #3244, #4473, #4493 ) ;
#3666 = CARTESIAN_POINT ( 'NONE',  ( 46.61362363209128300, 0.7051571224428119200, -86.34078577670786100 ) ) ;
#3667 = VERTEX_POINT ( 'NONE', #511 ) ;
#3668 = EDGE_CURVE ( 'NONE', #2712, #4767, #2376, .T. ) ;
#3669 = ORIENTED_EDGE ( 'NONE', *, *, #82, .T. ) ;
#3670 = CARTESIAN_POINT ( 'NONE',  ( 34.50000000000000000, -3.500000000000000000, -101.5999999999999900 ) ) ;
#3671 = CARTESIAN_POINT ( 'NONE',  ( 52.09898875134094700, -3.377203229704993400, 67.55966644558428400 ) ) ;
#3672 = CARTESIAN_POINT ( 'NONE',  ( 45.79524158195977900, -0.9673361474823379800, -91.59999999999986600 ) ) ;
#3673 = CARTESIAN_POINT ( 'NONE',  ( 34.50918888038550800, 1.682250299404885100, 0.3242354154821009400 ) ) ;
#3674 = CARTESIAN_POINT ( 'NONE',  ( 42.94652335543288800, -1.449263251698913900, 91.59999999999999400 ) ) ;
#3675 = CARTESIAN_POINT ( 'NONE',  ( 28.09760123782529500, -3.470295008435116700, -70.18610862025423100 ) ) ;
#3676 = DIRECTION ( 'NONE',  ( -0.0000000000000000000, -0.0000000000000000000, 1.000000000000000000 ) ) ;
#3677 = CARTESIAN_POINT ( 'NONE',  ( 47.61351884152608700, -3.394623430052362300, 91.93448385855174400 ) ) ;
#3678 = CARTESIAN_POINT ( 'NONE',  ( 43.36031152590768300, 1.637291299168804000, -65.00000000000011400 ) ) ;
#3679 = CARTESIAN_POINT ( 'NONE',  ( 32.37813095485417100, -3.455537981140254500, -91.93696825946224700 ) ) ;
#3680 = AXIS2_PLACEMENT_3D ( 'NONE', #2938, #1351, #1768 ) ;
#3681 = CARTESIAN_POINT ( 'NONE',  ( 33.77464247286452800, 0.9830035291979860600, 86.31403820538874100 ) ) ;
#3682 = CARTESIAN_POINT ( 'NONE',  ( 44.09317656967171900, 0.4309039440911763800, -91.60000000000006500 ) ) ;
#3683 = CARTESIAN_POINT ( 'NONE',  ( 33.88359027678284700, -0.1143605102910030100, 80.96068617556736100 ) ) ;
#3684 = CARTESIAN_POINT ( 'NONE',  ( 32.88158421876150300, 1.211310185638204700, 81.08955128996088000 ) ) ;
#3685 = CARTESIAN_POINT ( 'NONE',  ( 34.53543055738775500, -3.128445619799244100, 0.0000000000000000000 ) ) ;
#3686 = CARTESIAN_POINT ( 'NONE',  ( 45.50000000000000000, -3.500000000000000000, 101.5999999999999900 ) ) ;
#3687 = CARTESIAN_POINT ( 'NONE',  ( 33.51315041213366900, -3.516968981466880100, -96.76894068899616700 ) ) ;
#3688 = CARTESIAN_POINT ( 'NONE',  ( 48.97038075277432500, -3.389904122731395700, 84.90387242486120600 ) ) ;
#3689 = CARTESIAN_POINT ( 'NONE',  ( 47.34955519069062300, 1.408693220599892100, -65.00000000000000000 ) ) ;
#3690 = DIRECTION ( 'NONE',  ( -0.0000000000000000000, 0.0000000000000000000, 1.000000000000000000 ) ) ;
#3691 = CARTESIAN_POINT ( 'NONE',  ( 40.69414199631420800, -0.6095126783241200400, -5.467597511672230400 ) ) ;
#3692 = CARTESIAN_POINT ( 'NONE',  ( 32.33135587305278600, -3.365967493056134100, -91.60000000000000900 ) ) ;
#3693 = CARTESIAN_POINT ( 'NONE',  ( 45.49933188203287700, -3.232506869410969800, 0.08711627936905763600 ) ) ;
#3694 = CARTESIAN_POINT ( 'NONE',  ( 45.50000000000000000, -3.500000000000000000, 101.5999999999999900 ) ) ;
#3695 = CARTESIAN_POINT ( 'NONE',  ( 45.92144561618130200, -0.5609192977905072000, -86.28561032742626900 ) ) ;
#3696 = CARTESIAN_POINT ( 'NONE',  ( 34.09642356852135200, -3.354652234528068700, -96.79244758730421000 ) ) ;
#3697 = CARTESIAN_POINT ( 'NONE',  ( 32.21406618259433700, 2.495533697805040400, 64.99999999999995700 ) ) ;
#3698 = CIRCLE ( 'NONE', #1199, 0.1250000000000001100 ) ;
#3699 = CARTESIAN_POINT ( 'NONE',  ( 33.94064320249317000, 1.017507208359433600, 86.29843617150305600 ) ) ;
#3700 = CARTESIAN_POINT ( 'NONE',  ( 33.77267926208860200, -0.3475896502577191000, -70.50331196721822400 ) ) ;
#3701 = CARTESIAN_POINT ( 'NONE',  ( 34.42245154492869100, -0.9999963500917606900, 91.59999999999998000 ) ) ;
#3702 = CARTESIAN_POINT ( 'NONE',  ( 32.29652235058946300, 2.161605378117915900, 70.44947284924263900 ) ) ;
#3703 = CARTESIAN_POINT ( 'NONE',  ( 34.50489104029760100, -3.314217173722037400, 0.0000000000000000000 ) ) ;
#3704 = CARTESIAN_POINT ( 'NONE',  ( 45.50000000000000000, -3.500000000000000000, 101.5999999999999900 ) ) ;
#3705 = CARTESIAN_POINT ( 'NONE',  ( 34.50000000000000000, -3.500000000000000000, -101.5999999999999900 ) ) ;
#3706 = CARTESIAN_POINT ( 'NONE',  ( 52.05071081851454600, -3.438653025691208200, 67.58958386454320100 ) ) ;
#3707 = CARTESIAN_POINT ( 'NONE',  ( 27.34401046092937900, -3.493772401673344200, -52.50208787477462400 ) ) ;
#3708 = CARTESIAN_POINT ( 'NONE',  ( 46.19038236214710500, -0.5173117446935735500, -86.30233181615834300 ) ) ;
#3709 = CARTESIAN_POINT ( 'NONE',  ( 42.72840656667318600, 1.271011514644623300, 54.23187544343253600 ) ) ;
#3710 = CARTESIAN_POINT ( 'NONE',  ( 40.00000000000000000, 3.500000000000000000, 0.0000000000000000000 ) ) ;
#3711 = CARTESIAN_POINT ( 'NONE',  ( 27.98027914143990800, -3.471793218467273500, -67.63827034368542000 ) ) ;
#3712 = CARTESIAN_POINT ( 'NONE',  ( 43.46745199752321300, -1.271595388634030500, 4.274187948325226700 ) ) ;
#3713 = CARTESIAN_POINT ( 'NONE',  ( 46.55675942076304400, -3.447311715026180900, 96.76724192927586900 ) ) ;
#3714 = CARTESIAN_POINT ( 'NONE',  ( 45.88845148608020000, -0.5601015826109907400, -86.28332708965497500 ) ) ;
#3715 = CARTESIAN_POINT ( 'NONE',  ( 35.80509577851458400, -2.710598173594952700, -92.26053410948124200 ) ) ;
#3716 = CARTESIAN_POINT ( 'NONE',  ( 32.25460886012135100, 2.609655201999432800, 64.99999999999994300 ) ) ;
#3717 = CARTESIAN_POINT ( 'NONE',  ( 34.10711536621021600, 1.025285688645692000, 86.28101706887198900 ) ) ;
#3718 = CARTESIAN_POINT ( 'NONE',  ( 36.39659347171441800, -0.2197805307018690400, -78.47213103761093600 ) ) ;
#3719 = CARTESIAN_POINT ( 'NONE',  ( 33.33090678727255400, 1.260317873735159700, 64.99999999999998600 ) ) ;
#3720 = CARTESIAN_POINT ( 'NONE',  ( 32.87657307888955000, 2.314653353606155300, 75.88976217538969100 ) ) ;
#3721 = CARTESIAN_POINT ( 'NONE',  ( 34.49169770376429500, -3.199822055969844900, 0.0000000000000000000 ) ) ;
#3722 = CARTESIAN_POINT ( 'NONE',  ( 47.67443808396697600, -3.353084818829482400, 91.60000000000003700 ) ) ;
#3723 = CARTESIAN_POINT ( 'NONE',  ( 38.44269923816919700, -2.557322722032138600, -98.30928583163678500 ) ) ;
#3724 = CARTESIAN_POINT ( 'NONE',  ( 52.08092138632699900, -3.416752760299575500, 67.56774484972237400 ) ) ;
#3725 = VECTOR ( 'NONE', #5156, 999.9999999999998900 ) ;
#3726 = CARTESIAN_POINT ( 'NONE',  ( 46.97862544567549000, 0.2014672731021806000, -81.04484003620046900 ) ) ;
#3727 = CARTESIAN_POINT ( 'NONE',  ( 44.61203314475963600, -0.2051890421822103200, 64.99999999999998600 ) ) ;
#3728 = CARTESIAN_POINT ( 'NONE',  ( 28.87932912789517200, -3.154985963532089200, -67.67686568320944200 ) ) ;
#3729 = CARTESIAN_POINT ( 'NONE',  ( 41.46292610218472400, 0.6809640227223856500, 5.313244709761991500 ) ) ;
#3730 = FACE_OUTER_BOUND ( 'NONE', #3602, .T. ) ;
#3731 = CARTESIAN_POINT ( 'NONE',  ( 46.48684958786633800, -3.516968981466880100, 96.76894068899616700 ) ) ;
#3732 = CARTESIAN_POINT ( 'NONE',  ( 46.62663575967744800, 0.7804780039836859400, -70.32896420320452100 ) ) ;
#3733 = EDGE_CURVE ( 'NONE', #2035, #641, #2439, .T. ) ;
#3734 = CARTESIAN_POINT ( 'NONE',  ( 32.42487458827424300, -3.503091601416670600, -91.59999999999998000 ) ) ;
#3735 = CARTESIAN_POINT ( 'NONE',  ( 33.09564540113718300, 2.396899441540767400, 75.87102676846659200 ) ) ;
#3736 = EDGE_LOOP ( 'NONE', ( #1890, #2833, #2615, #4846, #1222, #1677 ) ) ;
#3737 = CARTESIAN_POINT ( 'NONE',  ( 33.31019898324338900, 2.650605643743658000, 70.31980054116272100 ) ) ;
#3738 = CARTESIAN_POINT ( 'NONE',  ( 38.88012215782722300, -0.03655926486981942600, -85.15444147810623600 ) ) ;
#3739 = CARTESIAN_POINT ( 'NONE',  ( 43.94105992758068200, 1.638235923333909400, -65.00000000000005700 ) ) ;
#3740 = CARTESIAN_POINT ( 'NONE',  ( 32.88688516239792400, 1.220778555168661600, 81.08946078597168100 ) ) ;
#3741 = CARTESIAN_POINT ( 'NONE',  ( 34.78906750148939200, -3.429072555626031500, -23.94381333070548100 ) ) ;
#3742 = CARTESIAN_POINT ( 'NONE',  ( 46.67581168076342400, -3.278905605860806400, 91.60000000000000900 ) ) ;
#3743 = CARTESIAN_POINT ( 'NONE',  ( 40.95767193997537700, -1.408451403349630900, -91.60000000000013600 ) ) ;
#3744 = CARTESIAN_POINT ( 'NONE',  ( 47.66396175239867000, -3.355523901087058100, 91.60000000000000900 ) ) ;
#3745 = CARTESIAN_POINT ( 'NONE',  ( 34.51489962397894100, -3.341852423669780400, -0.4760855944727517800 ) ) ;
#3746 = CARTESIAN_POINT ( 'NONE',  ( 46.55775096695002400, -0.2601180075258214300, -86.32671266945443700 ) ) ;
#3747 = CARTESIAN_POINT ( 'NONE',  ( 38.68311059193423800, 1.549138817828105400, 64.99999999999992900 ) ) ;
#3748 = CARTESIAN_POINT ( 'NONE',  ( 52.13066365381073600, -3.289735958407718400, 64.99999999999998600 ) ) ;
#3749 = CARTESIAN_POINT ( 'NONE',  ( 31.14667184069867600, -3.500912847619883200, -84.95550529941853300 ) ) ;
#3750 = DIRECTION ( 'NONE',  ( -0.0000000000000000000, -0.0000000000000000000, -1.000000000000000000 ) ) ;
#3751 = CARTESIAN_POINT ( 'NONE',  ( 46.31122834747914400, -3.188020217679367300, 91.60000000000000900 ) ) ;
#3752 = CARTESIAN_POINT ( 'NONE',  ( 34.50000000000000000, -3.500000000000000000, -101.5999999999999900 ) ) ;
#3753 = CARTESIAN_POINT ( 'NONE',  ( 34.43475881102536100, 0.4999379630442487000, 91.59999999999999400 ) ) ;
#3754 = CARTESIAN_POINT ( 'NONE',  ( 33.38886471195674900, -0.3465895580636743600, -67.71014774712655500 ) ) ;
#3755 = CARTESIAN_POINT ( 'NONE',  ( 47.89515272452342000, 4.046592522412926700, -55.02444295510083100 ) ) ;
#3756 = CARTESIAN_POINT ( 'NONE',  ( 33.27912546281778800, 0.4700023034751251700, 86.34476494621193900 ) ) ;
#3757 = CARTESIAN_POINT ( 'NONE',  ( 31.52708836122363000, 3.713797404061414100, 23.25790015865194600 ) ) ;
#3758 = CARTESIAN_POINT ( 'NONE',  ( 26.63935731009486200, -3.490970175769123200, -23.02601229959659800 ) ) ;
#3759 = CARTESIAN_POINT ( 'NONE',  ( 40.05052419252702800, -1.627316599414467600, 91.59999999999998000 ) ) ;
#3760 = CARTESIAN_POINT ( 'NONE',  ( 46.01574445587189600, -0.6829223572617525400, -98.10577902176464700 ) ) ;
#3761 = B_SPLINE_CURVE_WITH_KNOTS ( 'NONE', 3,
 ( #2523, #1807, #4666, #2629 ),
 .UNSPECIFIED., .F., .F.,
 ( 4, 4 ),
 ( 0.0000000000000000000, 1.000000000000000000 ),
 .UNSPECIFIED. ) ;
#3762 = CARTESIAN_POINT ( 'NONE',  ( 52.08628327133804700, -3.410572397911004300, 67.56524795891698400 ) ) ;
#3763 = CARTESIAN_POINT ( 'NONE',  ( 47.37930536313579900, 1.428528482263407700, -65.00000000000000000 ) ) ;
#3764 = CARTESIAN_POINT ( 'NONE',  ( 41.31600949913276800, 1.071348460612802100, 65.00000000000005700 ) ) ;
#3765 = CARTESIAN_POINT ( 'NONE',  ( 28.21989818027643100, -3.495955262682059600, -70.35496106405817300 ) ) ;
#3766 = CARTESIAN_POINT ( 'NONE',  ( 34.50000000000000000, -3.500000000000000000, -101.5999999999999900 ) ) ;
#3767 = CARTESIAN_POINT ( 'NONE',  ( 32.42500000000000400, -3.400000000000000400, -91.59999999999999400 ) ) ;
#3768 = CARTESIAN_POINT ( 'NONE',  ( 34.22796175689519800, -1.000000000000002000, 91.59999999999999400 ) ) ;
#3769 = CARTESIAN_POINT ( 'NONE',  ( 48.33674308963849600, -1.271097987354326200, 67.59431797477203900 ) ) ;
#3770 = CARTESIAN_POINT ( 'NONE',  ( 42.48718918707814400, -1.173076867064040100, -91.59999999999983800 ) ) ;
#3771 = AXIS2_PLACEMENT_3D ( 'NONE', #64, #3491, #2153 ) ;
#3772 = CARTESIAN_POINT ( 'NONE',  ( 33.75131147556310700, 0.9754051228051946500, 86.31604888900467600 ) ) ;
#3773 = CARTESIAN_POINT ( 'NONE',  ( 33.47720283693822600, 2.054944060622234700, 75.66424405435611800 ) ) ;
#3774 = CARTESIAN_POINT ( 'NONE',  ( 40.61271141805104200, -0.1779070455900585200, -91.59999999999998000 ) ) ;
#3775 = CARTESIAN_POINT ( 'NONE',  ( 47.73948181860871600, 3.033438695126689400, -45.03633987025011000 ) ) ;
#3776 = CARTESIAN_POINT ( 'NONE',  ( 33.24108137251875000, 0.3171759964551070800, 75.68390413031986000 ) ) ;
#3777 = CARTESIAN_POINT ( 'NONE',  ( 52.13067544833450700, -3.289742675707854500, 65.00000000000000000 ) ) ;
#3778 = CARTESIAN_POINT ( 'NONE',  ( 34.75024171593369000, -3.443762529998077900, 0.0000000000000000000 ) ) ;
#3779 = CARTESIAN_POINT ( 'NONE',  ( 40.04664824619674600, -1.868037089616290300, 100.0101994566949300 ) ) ;
#3780 = CARTESIAN_POINT ( 'NONE',  ( 43.59892026554627600, -1.579894265190986400, -95.90880774196703800 ) ) ;
#3781 = CARTESIAN_POINT ( 'NONE',  ( 52.15017336965970400, -3.470426151217923700, 65.00000000000001400 ) ) ;
#3782 = CARTESIAN_POINT ( 'NONE',  ( 47.03932694185952100, 0.2803299657135582300, -81.05220875969934000 ) ) ;
#3783 = CARTESIAN_POINT ( 'NONE',  ( 31.48850914845830600, 3.778267773706527800, 45.05631431729104700 ) ) ;
#3784 = CARTESIAN_POINT ( 'NONE',  ( 33.50798055346474800, -1.152630283107153500, -67.67469631294950700 ) ) ;
#3785 = CARTESIAN_POINT ( 'NONE',  ( 32.44221241264103400, -3.498769530839275900, -91.59999999999999400 ) ) ;
#3786 = CARTESIAN_POINT ( 'NONE',  ( 40.69093480141378200, 1.490972618347959200, 5.457228716751758100 ) ) ;
#3787 = CARTESIAN_POINT ( 'NONE',  ( 45.50000000000000000, -3.500000000000000000, 101.5999999999999900 ) ) ;
#3788 = CARTESIAN_POINT ( 'NONE',  ( 39.60643813893494100, 2.293300941164175400, 5.500000000000013300 ) ) ;
#3789 = CARTESIAN_POINT ( 'NONE',  ( 33.28985195133820000, 2.650244590077850000, 70.32421532136456200 ) ) ;
#3790 = CARTESIAN_POINT ( 'NONE',  ( 35.20924667838934100, -0.7446102340961012800, -78.31787031441581300 ) ) ;
#3791 = CARTESIAN_POINT ( 'NONE',  ( 47.31249999999992200, 5.500000000000005300, -45.02947046347799900 ) ) ;
#3792 = CARTESIAN_POINT ( 'NONE',  ( 34.03458389790786500, -0.5601120408624316000, 86.28854234349042000 ) ) ;
#3793 = CARTESIAN_POINT ( 'NONE',  ( 35.56170968827046200, 2.735737333946335300, 0.0000000000000000000 ) ) ;
#3794 = CARTESIAN_POINT ( 'NONE',  ( 34.77147987511821000, -3.437037112749414400, 0.0000000000000000000 ) ) ;
#3795 = CARTESIAN_POINT ( 'NONE',  ( 34.82468411564887100, -0.1696569241813815600, 98.38101291942410900 ) ) ;
#3796 = ORIENTED_EDGE ( 'NONE', *, *, #416, .F. ) ;
#3797 = CIRCLE ( 'NONE', #4314, 5.500000000000000000 ) ;
#3798 = EDGE_CURVE ( 'NONE', #4437, #524, #4111, .T. ) ;
#3799 = CARTESIAN_POINT ( 'NONE',  ( 39.55833051633839400, -2.496975873700542500, -99.10883661267729400 ) ) ;
#3800 = CARTESIAN_POINT ( 'NONE',  ( 51.90365140475402900, -3.456939033324491800, 70.27641215338658800 ) ) ;
#3801 = CARTESIAN_POINT ( 'NONE',  ( 34.60169991103261100, -3.065548844872393100, -1.060103803983283700 ) ) ;
#3802 = CARTESIAN_POINT ( 'NONE',  ( 46.06510591431641900, -0.8158742776090184300, -91.59999999999968200 ) ) ;
#3803 = CARTESIAN_POINT ( 'NONE',  ( 33.87658943779771200, -3.408068413440858500, -96.77971922604707800 ) ) ;
#3804 = CARTESIAN_POINT ( 'NONE',  ( 53.26915514171067700, -3.492244288815582900, 23.32158638610371400 ) ) ;
#3805 = ORIENTED_EDGE ( 'NONE', *, *, #724, .F. ) ;
#3806 = CARTESIAN_POINT ( 'NONE',  ( 46.32304831437547700, 0.9454805103095376100, -86.32204996149494000 ) ) ;
#3807 = CARTESIAN_POINT ( 'NONE',  ( 45.50000000000000000, -3.500000000000000000, 101.5999999999999900 ) ) ;
#3808 = CARTESIAN_POINT ( 'NONE',  ( 41.13414501450873900, -1.897447705419733800, 91.59999999999999400 ) ) ;
#3809 = VERTEX_POINT ( 'NONE', #4284 ) ;
#3810 = CARTESIAN_POINT ( 'NONE',  ( 38.31815037575213300, 2.800057761508612000, 5.255530329726299000 ) ) ;
#3811 = CARTESIAN_POINT ( 'NONE',  ( 34.56396711123287700, 2.063745169313767800, 75.36117411221459900 ) ) ;
#3812 = CARTESIAN_POINT ( 'NONE',  ( 31.39547292439749500, -1.281505513253458300, -65.00000000000001400 ) ) ;
#3813 = CARTESIAN_POINT ( 'NONE',  ( 47.06592358562610200, 2.116197434493308100, -55.01261580622293200 ) ) ;
#3814 = CARTESIAN_POINT ( 'NONE',  ( 43.24872834769383400, -2.424582956906062000, 91.59999999999999400 ) ) ;
#3815 = CARTESIAN_POINT ( 'NONE',  ( 45.56673572020730500, 0.4999544664041345500, -91.59999999999999400 ) ) ;
#3816 = CARTESIAN_POINT ( 'NONE',  ( 51.99522973029014100, -3.490438158462971800, 67.65408906791071800 ) ) ;
#3817 = CARTESIAN_POINT ( 'NONE',  ( 45.91407164169351800, 5.500000000000001800, -35.00000000000000000 ) ) ;
#3818 = CARTESIAN_POINT ( 'NONE',  ( 47.02539844700830700, 0.2608619800144715800, -81.05047695738584000 ) ) ;
#3819 = CARTESIAN_POINT ( 'NONE',  ( 44.99280660809282000, -3.320580620601477000, 0.0000000000000000000 ) ) ;
#3820 = CARTESIAN_POINT ( 'NONE',  ( 47.59816329962889400, 2.865559062002140100, -64.99999999999997200 ) ) ;
#3821 = DIRECTION ( 'NONE',  ( -0.0000000000000000000, -1.000000000000000000, -0.0000000000000000000 ) ) ;
#3822 = CARTESIAN_POINT ( 'NONE',  ( 41.14157031655676600, -2.060254961280371800, 93.14015673250037300 ) ) ;
#3823 = ORIENTED_EDGE ( 'NONE', *, *, #103, .T. ) ;
#3824 = CARTESIAN_POINT ( 'NONE',  ( 34.50000000000000000, -3.500000000000000000, -101.5999999999999900 ) ) ;
#3825 = CARTESIAN_POINT ( 'NONE',  ( 36.46314977889034000, 2.000024045857273800, 74.72757693756534500 ) ) ;
#3826 = CARTESIAN_POINT ( 'NONE',  ( 35.31806827976905100, -0.6936449235696270400, -78.32749069539161700 ) ) ;
#3827 = CARTESIAN_POINT ( 'NONE',  ( 44.74860484752266400, 2.837148999236452300, -2.790482059250357000 ) ) ;
#3828 = CARTESIAN_POINT ( 'NONE',  ( 33.67447757559333600, -0.1214198515688798600, 80.98128885883903600 ) ) ;
#3829 = CARTESIAN_POINT ( 'NONE',  ( 40.00000000000000000, 3.500000000000000000, -2.500000000000000000 ) ) ;
#3830 = CARTESIAN_POINT ( 'NONE',  ( 45.50000000000000000, -3.500000000000000000, 101.5999999999999900 ) ) ;
#3831 = CARTESIAN_POINT ( 'NONE',  ( 42.64931131899881200, -0.6477401337526967900, 19.61580784746437800 ) ) ;
#3832 = CARTESIAN_POINT ( 'NONE',  ( 48.95189827869364100, -3.441467693421170500, 84.92130417507345900 ) ) ;
#3833 = CARTESIAN_POINT ( 'NONE',  ( 38.19259691509471100, 0.3279063277670412600, -5.207596178278305600 ) ) ;
#3834 = CARTESIAN_POINT ( 'NONE',  ( 47.20550993240330200, 0.6483707540039165300, -81.07707583891962600 ) ) ;
#3835 = CARTESIAN_POINT ( 'NONE',  ( 33.18750000000007800, 3.249999999999999600, 65.00000000000000000 ) ) ;
#3836 = CARTESIAN_POINT ( 'NONE',  ( 34.37117886212021000, -0.8947071661516296000, -70.34757557918128200 ) ) ;
#3837 = EDGE_CURVE ( 'NONE', #524, #1552, #4474, .T. ) ;
#3838 = CARTESIAN_POINT ( 'NONE',  ( 46.48914631064258200, 2.239103471499720200, -75.78076872519277200 ) ) ;
#3839 = CARTESIAN_POINT ( 'NONE',  ( 34.50000000000000000, -3.500000000000000000, -101.5999999999999900 ) ) ;
#3840 = CARTESIAN_POINT ( 'NONE',  ( 45.50000000000000000, -3.500000000000000000, 101.5999999999999900 ) ) ;
#3841 = CARTESIAN_POINT ( 'NONE',  ( 45.35402943780147900, -1.000000000000003600, -91.59999999999998000 ) ) ;
#3842 = CARTESIAN_POINT ( 'NONE',  ( 33.32485158891654500, 2.650945102439330000, 70.31706275498503100 ) ) ;
#3843 = CARTESIAN_POINT ( 'NONE',  ( 36.67701606205773100, -0.8851522939072213900, -84.95295925144915800 ) ) ;
#3844 = CARTESIAN_POINT ( 'NONE',  ( 32.60459632960934300, 0.6577369003178139600, 75.77746272888983000 ) ) ;
#3845 = CARTESIAN_POINT ( 'NONE',  ( 32.68750000000007100, 5.500000000000001800, 45.02947046347799900 ) ) ;
#3846 = CARTESIAN_POINT ( 'NONE',  ( 36.01299000177007800, -0.07922085577355937600, -67.67033712664007800 ) ) ;
#3847 = CARTESIAN_POINT ( 'NONE',  ( 51.90030361876833400, -3.460494181924651100, 70.28884426746479600 ) ) ;
#3848 = CARTESIAN_POINT ( 'NONE',  ( 46.05935679750683700, 1.017507208359433600, -86.29843617150305600 ) ) ;
#3849 = CARTESIAN_POINT ( 'NONE',  ( 34.50066811796791200, -3.232506869401056800, -0.08711627942048777400 ) ) ;
#3850 = APPROVAL_PERSON_ORGANIZATION ( #3534, #3874, #5189 ) ;
#3851 = CARTESIAN_POINT ( 'NONE',  ( 47.48131603765259700, 1.504553224338018600, -65.00000000000000000 ) ) ;
#3852 = CARTESIAN_POINT ( 'NONE',  ( 31.28009927166891700, -2.203379988663610100, -70.35194919789700000 ) ) ;
#3853 = CARTESIAN_POINT ( 'NONE',  ( 46.49268390602411900, 2.245675381711405500, -75.78318951479280900 ) ) ;
#3854 = CARTESIAN_POINT ( 'NONE',  ( 34.78906750148939200, -3.429072555626031500, -23.94381333070548500 ) ) ;
#3855 = ORIENTED_EDGE ( 'NONE', *, *, #4829, .F. ) ;
#3856 = SHAPE_DEFINITION_REPRESENTATION ( #1317, #659 ) ;
#3857 = DIRECTION ( 'NONE',  ( -0.0000000000000000000, -0.0000000000000000000, 1.000000000000000000 ) ) ;
#3858 = CARTESIAN_POINT ( 'NONE',  ( 40.00000000000000000, 3.500000000000000000, -5.500000000000000000 ) ) ;
#3859 = ORIENTED_EDGE ( 'NONE', *, *, #4716, .F. ) ;
#3860 = FACE_OUTER_BOUND ( 'NONE', #3426, .T. ) ;
#3861 = CARTESIAN_POINT ( 'NONE',  ( 37.95659261370880000, 0.7350091117518754400, 85.72938925496504200 ) ) ;
#3862 = CARTESIAN_POINT ( 'NONE',  ( 28.85686799849823500, -2.895621129018439700, -70.02418733614972300 ) ) ;
#3863 = CARTESIAN_POINT ( 'NONE',  ( 33.51761025329344800, -0.3413264124818705700, 86.32135055688813500 ) ) ;
#3864 = CARTESIAN_POINT ( 'NONE',  ( 46.81249201079148700, 3.249999999999999600, -65.00000000000000000 ) ) ;
#3865 = CARTESIAN_POINT ( 'NONE',  ( 36.17058366847213300, -0.1584509771498687800, -70.40852046335473300 ) ) ;
#3866 = CARTESIAN_POINT ( 'NONE',  ( 33.32576173369717100, 1.583576310168084200, 81.05940348444087800 ) ) ;
#3867 = B_SPLINE_SURFACE_WITH_KNOTS ( 'NONE', 3, 3, ( 
 ( #5297, #4875, #4072, #2011 ),
 ( #5246, #721, #3606, #4000 ),
 ( #1162, #3588, #2354, #1142 ),
 ( #3624, #356, #4857, #2819 ),
 ( #4032, #2804, #2770, #323 ),
 ( #1537, #3180, #1576, #2420 ),
 ( #1125, #3250, #4408, #4478 ),
 ( #1973, #1991, #4017, #1958 ),
 ( #2369, #2789, #4443, #778 ),
 ( #1558, #3656, #1196, #2403 ),
 ( #4424, #4840, #2388, #337 ),
 ( #3212, #3230, #3639, #1178 ),
 ( #4460, #4053, #1610, #4129 ),
 ( #1212, #4953, #834, #2436 ),
 ( #2086, #2509, #377, #4163 ),
 ( #433, #5331, #3284, #5314 ),
 ( #3266, #2470, #2, #4089 ),
 ( #1705, #3336, #2487, #795 ),
 ( #4899, #3677, #3713, #1290 ),
 ( #2913, #3319, #4573, #2861 ),
 ( #872, #1649, #1631, #4499 ),
 ( #2931, #2048, #4551, #855 ),
 ( #454, #4917, #3731, #1268 ),
 ( #1665, #4146, #2876, #1688 ),
 ( #1230, #4532, #2108, #396 ),
 ( #4972, #4106, #812, #3694 ),
 ( #4516, #2066, #2893, #414 ),
 ( #3751, #35, #474, #2126 ),
 ( #2968, #3392, #2600, #4623 ),
 ( #3358, #930, #2564, #4992 ),
 ( #2528, #1309, #56, #1343 ),
 ( #910, #2145, #2586, #3376 ),
 ( #528, #74, #945, #2166 ),
 ( #4250, #5033, #4214, #4199 ),
 ( #3808, #3822, #1762, #3840 ),
 ( #491, #3430, #510, #3787 ),
 ( #2183, #95, #1796, #2948 ),
 ( #888, #126, #1363, #4586 ),
 ( #5049, #109, #5010, #3006 ),
 ( #4230, #3413, #1327, #4182 ),
 ( #1779, #4638, #2546, #1740 ),
 ( #3768, #4605, #1720, #1377 ),
 ( #2197, #5066, #2989, #3022 ),
 ( #544, #959, #580, #211 ),
 ( #4336, #3447, #3463, #5087 ),
 ( #5135, #4655, #3893, #3876 ),
 ( #1409, #2691, #3038, #4316 ) ),
 .UNSPECIFIED., .T., .F., .F.,
 ( 4, 1, 1, 1, 1, 2, 1, 1, 1, 1, 1, 1, 1, 1, 2, 1, 1, 1, 2, 1, 1, 1, 1, 1, 1, 1, 1, 1, 1, 1, 2, 1, 1, 1, 1, 2, 1, 1, 1, 4 ),
 ( 4, 4 ),
 ( 0.0000000000000000000, 0.02308594244383046400, 0.06156251318354790500, 0.1231250263670958100, 0.1846875395506437100, 0.2462500527341916200, 0.3002781212404546100, 0.3543061897467175700, 0.3880737325631319300, 0.4083342582529805300, 0.4285947839428291300, 0.4421018010693949000, 0.4488553096326777200, 0.4556088181959606100, 0.4623623267592434900, 0.4648778679603207100, 0.4673934091613979300, 0.4699089503624752600, 0.4724244915635524800, 0.4799685775639622200, 0.4875126635643719500, 0.4950567495647816800, 0.5026008355651914200, 0.5101449215656010900, 0.5327771795668303500, 0.5403212655672401400, 0.5554094375680596100, 0.5931298675701082200, 0.6157621255713374700, 0.6534825555733860800, 0.7138352435766639500, 0.7655958631888616400, 0.8173564828010593300, 0.8691171024132569000, 0.8986945993345126800, 0.9208777220254545900, 0.9406582915190908600, 0.9604388610127272400, 0.9802194305063636200, 1.000000000000000000 ),
 ( 0.0000000000000000000, 1.000000000000000000 ),
 .UNSPECIFIED. ) ;
#3868 = CARTESIAN_POINT ( 'NONE',  ( 52.06837085073899400, -3.500190935279544400, 65.00000000000000000 ) ) ;
#3869 = CARTESIAN_POINT ( 'NONE',  ( 46.47339015884846000, 2.126031503723137700, -75.72789715189415500 ) ) ;
#3870 = CARTESIAN_POINT ( 'NONE',  ( 47.31249999999992900, 5.500000000000001800, -45.02947046347799900 ) ) ;
#3871 = CARTESIAN_POINT ( 'NONE',  ( 47.76663705965641800, 1.980134174026906300, -70.44927438863099700 ) ) ;
#3872 = DIRECTION ( 'NONE',  ( -0.8713577631282917200, 0.4906481923293509700, 0.0000000000000000000 ) ) ;
#3873 = CARTESIAN_POINT ( 'NONE',  ( 46.36217283540268100, 0.9263138922265730100, -86.32501243865277700 ) ) ;
#3874 = APPROVAL ( #4332, 'UNSPECIFIED' ) ;
#3875 = CARTESIAN_POINT ( 'NONE',  ( 48.58760802972899000, 4.163413077083399500, -34.99999999999996400 ) ) ;
#3876 = CARTESIAN_POINT ( 'NONE',  ( 45.50000000000000000, -3.500000000000000000, 101.5999999999999900 ) ) ;
#3877 = B_SPLINE_SURFACE_WITH_KNOTS ( 'NONE', 3, 3, ( 
 ( #4619, #523, #3407, #942 ),
 ( #3819, #4226, #1774, #3425 ),
 ( #189, #4312, #1008, #4726 ),
 ( #623, #224, #4743, #1844 ),
 ( #3513, #2708, #4331, #1049 ),
 ( #3104, #2277, #5150, #4295 ),
 ( #3067, #3924, #1456, #3084 ),
 ( #2687, #3495, #2294, #207 ),
 ( #1884, #5173, #2653, #608 ),
 ( #168, #3476, #592, #3889 ),
 ( #1424, #1440, #4707, #2260 ),
 ( #5131, #2669, #1028, #3905 ),
 ( #1862, #3098, #2272, #498 ),
 ( #480, #618, #2955, #3366 ),
 ( #3507, #1748, #3757, #3381 ),
 ( #4306, #4593, #2665, #897 ),
 ( #517, #2553, #81, #4189 ),
 ( #1297, #4702, #184, #2976 ),
 ( #918, #4610, #2681, #2171 ),
 ( #2535, #4169, #2570, #3902 ),
 ( #3793, #4578, #1711, #2135 ) ),
 .UNSPECIFIED., .F., .F., .F.,
 ( 4, 1, 1, 1, 2, 1, 1, 1, 2, 1, 1, 1, 1, 1, 1, 1, 4 ),
 ( 4, 4 ),
 ( 0.0000000000000000000, 0.05322528655803803600, 0.1064505731160760700, 0.1596758596741141000, 0.2129011462321520900, 0.3590420061121262200, 0.5051828659921002700, 0.6513237258720743200, 0.7974645857520482600, 0.8227815125330422100, 0.8480984393140361700, 0.8734153660950301200, 0.8987322928760241900, 0.9240492196570181400, 0.9493661464380122000, 0.9746830732190060500, 1.000000000000000000 ),
 ( 0.0000000000000000000, 1.000000000000000000 ),
 .UNSPECIFIED. ) ;
#3878 = ORIENTED_EDGE ( 'NONE', *, *, #1250, .T. ) ;
#3879 = CARTESIAN_POINT ( 'NONE',  ( 48.61503053236415900, -2.959888994877042800, 78.31645663504215800 ) ) ;
#3880 = CARTESIAN_POINT ( 'NONE',  ( 34.37160516942766000, 1.026019168075865900, 86.25888597626566000 ) ) ;
#3881 = CARTESIAN_POINT ( 'NONE',  ( 27.90045733595082600, -3.354300193386678100, -67.55824085790254700 ) ) ;
#3882 = DIRECTION ( 'NONE',  ( -1.000000000000000000, 0.0000000000000000000, 0.0000000000000000000 ) ) ;
#3883 = CARTESIAN_POINT ( 'NONE',  ( 34.08592835830648200, 5.500000000000001800, 45.05079490154284400 ) ) ;
#3884 = CARTESIAN_POINT ( 'NONE',  ( 37.59695531786449900, -0.7317497319137694600, -78.37785311825048500 ) ) ;
#3885 = CARTESIAN_POINT ( 'NONE',  ( 33.65590028836237500, 0.9354805417212723700, 86.32365936181237500 ) ) ;
#3886 = CARTESIAN_POINT ( 'NONE',  ( 46.48314490920154200, 2.092968709196150200, -75.70687171689466800 ) ) ;
#3887 = CARTESIAN_POINT ( 'NONE',  ( 39.59732157055277900, 2.391435753179474800, -64.99999999999992900 ) ) ;
#3888 = CARTESIAN_POINT ( 'NONE',  ( 47.40660413842680800, 2.116375729984144800, -75.89819710834360900 ) ) ;
#3889 = CARTESIAN_POINT ( 'NONE',  ( 36.36937612112955500, 3.153323766124595600, 34.99999999999997200 ) ) ;
#3890 = EDGE_LOOP ( 'NONE', ( #4434, #1545 ) ) ;
#3891 = CARTESIAN_POINT ( 'NONE',  ( 46.48812977871719500, 2.236309692341624800, -75.77963198324610500 ) ) ;
#3892 = CARTESIAN_POINT ( 'NONE',  ( 47.91537663729057100, 5.388116888409729000, -34.99999999999997200 ) ) ;
#3893 = CARTESIAN_POINT ( 'NONE',  ( 40.04664824619674600, -1.868037089616290300, 100.0101994566949300 ) ) ;
#3894 = CARTESIAN_POINT ( 'NONE',  ( 42.93952848855431600, 3.018642228184284200, -4.671985586321166100 ) ) ;
#3895 = CARTESIAN_POINT ( 'NONE',  ( 41.54910948172852900, -0.1821429487173759100, 85.09628864732030700 ) ) ;
#3896 = CARTESIAN_POINT ( 'NONE',  ( 36.20553842981683300, -1.786919659182252300, -91.60000000000002300 ) ) ;
#3897 = B_SPLINE_SURFACE_WITH_KNOTS ( 'NONE', 5, 5, ( 
 ( #2082, #4948, #3765, #2484, #17, #2910 ),
 ( #852, #3728, #51, #1265, #1305, #4144 ),
 ( #4547, #2105, #2928, #4969, #1340, #4227 ),
 ( #1775, #4669, #2180, #4636, #2163, #2598 ),
 ( #1793, #5101, #3852, #3389, #2632, #4651 ),
 ( #3444, #2212, #90, #1374, #5063, #541 ),
 ( #3427, #3784, #3408, #5029, #2963, #2561 ),
 ( #525, #4264, #3836, #488, #123, #3019 ),
 ( #2582, #975, #3373, #907, #956, #2194 ),
 ( #1390, #926, #1324, #1360, #4211, #1811 ) ),
 .UNSPECIFIED., .F., .F., .F.,
 ( 6, 4, 6 ),
 ( 6, 6 ),
 ( 0.0000000000000000000, 0.5000000000000000000, 1.000000000000000000 ),
 ( 0.0000000000000000000, 1.000000000000000000 ),
 .UNSPECIFIED. ) ;
#3898 = EDGE_CURVE ( 'NONE', #5342, #1505, #3207, .T. ) ;
#3899 = CARTESIAN_POINT ( 'NONE',  ( 34.08592835830648200, 5.500000000000001800, 35.00000000000000000 ) ) ;
#3900 = CARTESIAN_POINT ( 'NONE',  ( 37.45340197126881100, -0.7830419820585996500, -78.32612178581754800 ) ) ;
#3901 = CARTESIAN_POINT ( 'NONE',  ( 32.38461797695096300, 2.843012045654912200, 64.99999999999994300 ) ) ;
#3902 = CARTESIAN_POINT ( 'NONE',  ( 32.46561146186043300, 5.500000000000005300, 35.00000000000000000 ) ) ;
#3903 = CARTESIAN_POINT ( 'NONE',  ( 45.91821496105478000, 0.4162777962761608500, -91.60000000000026400 ) ) ;
#3904 = CARTESIAN_POINT ( 'NONE',  ( 46.71041338062654100, 0.001407349363945903400, -86.33853791945966800 ) ) ;
#3905 = CARTESIAN_POINT ( 'NONE',  ( 32.59413480368700500, 2.986840821713614400, 35.00000000000000000 ) ) ;
#3906 = CARTESIAN_POINT ( 'NONE',  ( 46.47467816779375500, 2.186103880194783400, -75.75843629278449500 ) ) ;
#3907 = CARTESIAN_POINT ( 'NONE',  ( 48.58760802972899000, 4.163413077083399500, -23.25746102708412300 ) ) ;
#3908 = CARTESIAN_POINT ( 'NONE',  ( 32.62347554803314900, -0.8943941281142757700, -53.47072168711505200 ) ) ;
#3909 = B_SPLINE_SURFACE_WITH_KNOTS ( 'NONE', 3, 3, ( 
 ( #4417, #3975, #1119, #2761 ),
 ( #4850, #3582, #2783, #3174 ),
 ( #1953, #4834, #2363, #2397 ),
 ( #1103, #697, #3158, #296 ),
 ( #5204, #1966, #5240, #665 ),
 ( #1983, #2798, #3598, #3190 ),
 ( #1513, #2332, #1135, #4009 ),
 ( #3994, #1550, #3615, #1497 ),
 ( #2379, #3204, #4389, #1935 ),
 ( #3569, #4371, #1530, #732 ),
 ( #4026, #4801, #2746, #2348 ),
 ( #2813, #5271, #331, #3550 ),
 ( #1085, #3958, #1916, #265 ),
 ( #4784, #680, #2446, #2430 ),
 ( #5307, #1240, #1585, #2886 ),
 ( #1624, #4120, #4866, #1223 ),
 ( #2412, #4488, #4926, #1172 ),
 ( #4453, #4888, #823, #3275 ),
 ( #4943, #5291, #5343, #406 ),
 ( #3296, #1189, #771, #1602 ),
 ( #2831, #1658, #2042, #2005 ),
 ( #750, #3224, #1641, #4526 ),
 ( #2463, #2855, #3687, #3241 ),
 ( #5324, #4098, #349, #2870 ),
 ( #788, #4509, #3259, #389 ),
 ( #367, #2058, #4064, #3670 ),
 ( #807, #2077, #1206, #3705 ),
 ( #4470, #4910, #2480, #13 ),
 ( #2906, #2024, #3633, #4043 ),
 ( #3649, #4082, #3349, #104 ),
 ( #3312, #4139, #922, #5023 ),
 ( #2538, #3369, #2924, #902 ),
 ( #2157, #1731, #4983, #2498 ),
 ( #882, #1753, #1320, #2575 ),
 ( #2958, #4542, #447, #2099 ),
 ( #46, #2556, #501, #1680 ),
 ( #3743, #426, #4173, #2940 ),
 ( #85, #2981, #3723, #4205 ),
 ( #3385, #3780, #848, #5003 ),
 ( #4965, #2521, #3799, #29 ),
 ( #484, #1713, #1335, #3329 ),
 ( #1278, #4597, #864, #4191 ),
 ( #4613, #4157, #2118, #2174 ),
 ( #1698, #5043, #4565, #1261 ),
 ( #466, #3760, #1301, #4581 ),
 ( #2139, #68, #2329, #2593 ),
 ( #3815, #519, #2998, #1475 ) ),
 .UNSPECIFIED., .T., .F., .F.,
 ( 4, 1, 1, 1, 1, 2, 1, 1, 1, 1, 1, 1, 1, 1, 2, 1, 1, 1, 2, 1, 1, 1, 1, 1, 1, 1, 1, 1, 1, 1, 2, 1, 1, 1, 1, 2, 1, 1, 1, 4 ),
 ( 4, 4 ),
 ( 0.0000000000000000000, 0.02308594244383046400, 0.06156251318354790500, 0.1231250263670958100, 0.1846875395506437100, 0.2462500527341916200, 0.3002781212404546100, 0.3543061897467175700, 0.3880737325631319300, 0.4083342582529805300, 0.4285947839428291300, 0.4421018010693949000, 0.4488553096326777200, 0.4556088181959606100, 0.4623623267592434900, 0.4648778679603207100, 0.4673934091613979300, 0.4699089503624752600, 0.4724244915635524800, 0.4799685775639622200, 0.4875126635643719500, 0.4950567495647816800, 0.5026008355651914200, 0.5101449215656010900, 0.5327771795668303500, 0.5403212655672401400, 0.5554094375680596100, 0.5931298675701082200, 0.6157621255713374700, 0.6534825555733860800, 0.7138352435766639500, 0.7655958631888616400, 0.8173564828010593300, 0.8691171024132569000, 0.8986945993345126800, 0.9208777220254545900, 0.9406582915190908600, 0.9604388610127272400, 0.9802194305063636200, 1.000000000000000000 ),
 ( 0.0000000000000000000, 1.000000000000000000 ),
 .UNSPECIFIED. ) ;
#3910 = CARTESIAN_POINT ( 'NONE',  ( 51.91146287807707400, -3.495627888606581900, 67.67748053202908000 ) ) ;
#3911 = CARTESIAN_POINT ( 'NONE',  ( 40.83693507878998500, -0.6267259919649870200, 91.60000000000000900 ) ) ;
#3912 = CARTESIAN_POINT ( 'NONE',  ( 27.89926751813276300, -3.347459988467541800, -67.55803456745334800 ) ) ;
#3913 = CARTESIAN_POINT ( 'NONE',  ( 43.72595205103268500, 0.1839622008480167000, 65.00000000000000000 ) ) ;
#3914 = CARTESIAN_POINT ( 'NONE',  ( 52.18750309297847400, -3.437483214734717900, 64.99999999999994300 ) ) ;
#3915 = CARTESIAN_POINT ( 'NONE',  ( 36.07753289990174000, -0.1881423901954560600, -70.35034765337528000 ) ) ;
#3916 = CARTESIAN_POINT ( 'NONE',  ( 33.50518204059925900, 2.249126979495306600, 75.78442511719356400 ) ) ;
#3917 = COORDINATED_UNIVERSAL_TIME_OFFSET ( 5, 30, .AHEAD. ) ;
#3918 = CARTESIAN_POINT ( 'NONE',  ( 34.77477615935986000, -3.429184591355484400, -1.716693279303529000 ) ) ;
#3919 = DIRECTION ( 'NONE',  ( 0.0000000000000000000, 0.0000000000000000000, -1.000000000000000000 ) ) ;
#3920 = CARTESIAN_POINT ( 'NONE',  ( 45.75002038845627800, 0.4798059209331626000, -91.60000000000015100 ) ) ;
#3921 = CARTESIAN_POINT ( 'NONE',  ( 38.62169215393469600, 2.414775042353970700, 0.0000000000000000000 ) ) ;
#3922 = VECTOR ( 'NONE', #4739, 1000.000000000000100 ) ;
#3923 = CARTESIAN_POINT ( 'NONE',  ( 46.72242327386690900, 0.4645701602343478800, -86.34479073620062200 ) ) ;
#3924 = CARTESIAN_POINT ( 'NONE',  ( 42.63975122137027500, -2.150212758095498600, 22.88156924917728200 ) ) ;
#3925 = CARTESIAN_POINT ( 'NONE',  ( 47.00517809148451700, 2.650842493792244300, -70.38194647338507100 ) ) ;
#3926 = CARTESIAN_POINT ( 'NONE',  ( 36.29034543436797100, 1.643812679281249700, -23.26334147378031500 ) ) ;
#3927 = DIRECTION ( 'NONE',  ( -0.8689539937079592300, -0.4948928740838647900, 0.0000000000000000000 ) ) ;
#3928 = ORIENTED_EDGE ( 'NONE', *, *, #309, .F. ) ;
#3929 = ORIENTED_EDGE ( 'NONE', *, *, #4108, .T. ) ;
#3930 = CARTESIAN_POINT ( 'NONE',  ( 43.76385427518506100, 0.6378896535929208200, 71.42315322807601800 ) ) ;
#3931 = CARTESIAN_POINT ( 'NONE',  ( 31.04450923942206900, -3.335473738477718400, -84.89912042895129200 ) ) ;
#3932 = CARTESIAN_POINT ( 'NONE',  ( 42.55906321193654700, -0.7875268178106076300, 78.32161502529864100 ) ) ;
#3933 = CARTESIAN_POINT ( 'NONE',  ( 33.96828411327211900, -0.8434505782200969500, 91.59999999999969600 ) ) ;
#3934 = CARTESIAN_POINT ( 'NONE',  ( 40.40267842944722800, 2.391435753179474800, 64.99999999999992900 ) ) ;
#3935 = CARTESIAN_POINT ( 'NONE',  ( 37.29431105260204000, 0.4165596978331203600, -68.06421137605153100 ) ) ;
#3936 = CARTESIAN_POINT ( 'NONE',  ( 33.46912907378068500, 2.292957994011311400, 75.80014218580352300 ) ) ;
#3937 = CARTESIAN_POINT ( 'NONE',  ( 32.39989499132075700, 1.628853572893237600, 65.00000000000001400 ) ) ;
#3938 = CARTESIAN_POINT ( 'NONE',  ( 46.18033235246292600, 1.550505704499369500, -80.95721038716365600 ) ) ;
#3939 = CARTESIAN_POINT ( 'NONE',  ( 39.79963942020644700, 1.809459859870980800, 9.814524093659249700 ) ) ;
#3940 = CARTESIAN_POINT ( 'NONE',  ( 46.72087453718221200, 0.4700023034751251700, -86.34476494621193900 ) ) ;
#3941 = PERSON_AND_ORGANIZATION_ROLE ( 'design_owner' ) ;
#3942 = AXIS2_PLACEMENT_3D ( 'NONE', #3126, #2334, #5206 ) ;
#3943 = CARTESIAN_POINT ( 'NONE',  ( 32.30601264329253300, -0.3529528159032009900, -35.00000000000000700 ) ) ;
#3944 = B_SPLINE_SURFACE_WITH_KNOTS ( 'NONE', 3, 3, ( 
 ( #1571, #2815, #333, #3226 ),
 ( #752, #3635, #4601, #5006 ),
 ( #3354, #2161, #3299, #5028 ),
 ( #4968, #2560, #4947, #2889 ),
 ( #2483, #410, #828, #868 ),
 ( #2503, #1323, #3372, #3727 ),
 ( #16, #50, #4195, #2122 ),
 ( #3315, #1716, #3709, #3764 ),
 ( #2104, #2962, #33, #3747 ),
 ( #1284, #2927, #1661, #1244 ),
 ( #487, #450, #1684, #4125 ),
 ( #4160, #906, #2944, #470 ),
 ( #1701, #4529, #2541, #1304 ),
 ( #1264, #1735, #2080, #885 ),
 ( #2909, #3783, #429, #851 ),
 ( #3332, #2525, #4143, #4546 ),
 ( #4569, #4987, #4176, #4584 ),
 ( #2143, #71, #991, #1792 ),
 ( #2211, #1827, #505, #5099 ),
 ( #5080, #89, #2241, #5046 ),
 ( #1810, #4668, #138, #3835 ) ),
 .UNSPECIFIED., .F., .F., .F.,
 ( 4, 1, 1, 1, 2, 1, 1, 1, 2, 1, 1, 1, 1, 1, 1, 1, 4 ),
 ( 4, 4 ),
 ( 0.0000000000000000000, 0.08075097211383125400, 0.1615019442276625100, 0.2422529163414937600, 0.3230038884553250200, 0.4546910722870358700, 0.5863782561187467200, 0.7180654399504578000, 0.8497526237821685400, 0.8685335458093974600, 0.8873144678366264900, 0.9060953898638552900, 0.9248763118910842100, 0.9436572339183132400, 0.9624381559455421600, 0.9812190779727709700, 1.000000000000000000 ),
 ( 0.0000000000000000000, 1.000000000000000000 ),
 .UNSPECIFIED. ) ;
#3945 = CARTESIAN_POINT ( 'NONE',  ( 45.69346930644347500, -0.8079687229036501800, 67.67363234640063800 ) ) ;
#3946 = EDGE_CURVE ( 'NONE', #2085, #2204, #1215, .T. ) ;
#3947 = CARTESIAN_POINT ( 'NONE',  ( 44.38650489255429200, 0.4227497619459305600, 71.13854973613990800 ) ) ;
#3948 = CARTESIAN_POINT ( 'NONE',  ( 27.85339562229517100, -3.300667120709090500, -65.00000000000000000 ) ) ;
#3949 = CARTESIAN_POINT ( 'NONE',  ( 42.49671703553382000, -0.7651307537329781200, 78.34413895884648600 ) ) ;
#3950 = CARTESIAN_POINT ( 'NONE',  ( 32.42591794625464300, 1.191664413927693100, 70.41342533890930600 ) ) ;
#3951 = CARTESIAN_POINT ( 'NONE',  ( 49.65652141524319800, -0.5501074020983604000, 34.99999999999999300 ) ) ;
#3952 = CARTESIAN_POINT ( 'NONE',  ( 36.81782999304451900, 0.2445196036921183400, -67.92103883184871900 ) ) ;
#3953 = CARTESIAN_POINT ( 'NONE',  ( 33.67984803965676100, -0.3363764229656812700, 91.59999999999992300 ) ) ;
#3954 = CARTESIAN_POINT ( 'NONE',  ( 46.60644987027738800, -2.938046997172626600, 91.98338414595545500 ) ) ;
#3955 = CARTESIAN_POINT ( 'NONE',  ( 45.90234665560468800, 1.025198713462589100, -86.28210766068227100 ) ) ;
#3956 = CARTESIAN_POINT ( 'NONE',  ( 46.96324116586036000, 1.373699929695051200, 23.09339618067864200 ) ) ;
#3957 = CARTESIAN_POINT ( 'NONE',  ( 46.32447100142506700, -0.2785894495107314500, -91.59999999999995200 ) ) ;
#3958 = CARTESIAN_POINT ( 'NONE',  ( 33.39355012972261200, -2.938046997172626600, -91.98338414595545500 ) ) ;
#3959 = CARTESIAN_POINT ( 'NONE',  ( 46.49201944653525200, -1.152630283107153500, 67.67469631294950700 ) ) ;
#3960 = CARTESIAN_POINT ( 'NONE',  ( 44.86442403984557400, 0.4772476029195476000, 67.95257729464056200 ) ) ;
#3961 = CARTESIAN_POINT ( 'NONE',  ( 31.03541225336782400, -3.352262264179022700, -84.89983322279214000 ) ) ;
#3962 = CARTESIAN_POINT ( 'NONE',  ( 43.92246710009826000, -0.1881423901954560600, 70.35034765337528000 ) ) ;
#3963 = CARTESIAN_POINT ( 'NONE',  ( 32.94155736205153300, 0.3085568896263893300, 81.05463001415944300 ) ) ;
#3964 = CARTESIAN_POINT ( 'NONE',  ( 47.26672201681122900, 1.195256904456912400, 35.00000000000000000 ) ) ;
#3965 = CARTESIAN_POINT ( 'NONE',  ( 41.62474541418662000, 1.309512077109826100, -69.32941449221870300 ) ) ;
#3966 = CARTESIAN_POINT ( 'NONE',  ( 33.91043013115734100, 0.2942611143748803400, 91.60000000000026400 ) ) ;
#3967 = ADVANCED_FACE ( 'NONE', ( #826 ), #2027, .F. ) ;
#3968 = CARTESIAN_POINT ( 'NONE',  ( 34.98979254967636600, -3.316846972378015800, -2.288229516162156400 ) ) ;
#3969 = CARTESIAN_POINT ( 'NONE',  ( 32.28379849708530700, 2.133212055309198000, 70.44968686675632300 ) ) ;
#3970 = CARTESIAN_POINT ( 'NONE',  ( 40.52499493271204000, -1.835273606282757900, 99.54899959821987900 ) ) ;
#3971 = CARTESIAN_POINT ( 'NONE',  ( 46.71014804866180700, 2.650244590077850000, -70.32421532136456200 ) ) ;
#3972 = CARTESIAN_POINT ( 'NONE',  ( 34.15445037199715700, -0.5570646902255138600, 86.28024563583517200 ) ) ;
#3973 = CARTESIAN_POINT ( 'NONE',  ( 45.27461052861866600, -3.449308689770564000, 23.95547209840502800 ) ) ;
#3974 = CARTESIAN_POINT ( 'NONE',  ( 47.80104894010595000, 2.098445977629234800, -65.00000000000002800 ) ) ;
#3975 = CARTESIAN_POINT ( 'NONE',  ( 45.17531588435112900, -0.1696569241813815600, -98.38101291942410900 ) ) ;
#3976 = PERSON_AND_ORGANIZATION ( #4895, #1865 ) ;
#3977 = CARTESIAN_POINT ( 'NONE',  ( 45.48463949267893700, 1.274435565630558400, -0.4193113466800392800 ) ) ;
#3978 = ORIENTED_EDGE ( 'NONE', *, *, #3246, .T. ) ;
#3979 = CARTESIAN_POINT ( 'NONE',  ( 41.67259364929212500, -0.9419733094848231600, 91.59999999999999400 ) ) ;
#3980 = CARTESIAN_POINT ( 'NONE',  ( 27.90020620587516800, -3.369877819041294600, -67.55909717194889200 ) ) ;
#3981 = CARTESIAN_POINT ( 'NONE',  ( 42.54036408972448400, -0.7808014321157682500, 78.32837450158147900 ) ) ;
#3982 = CARTESIAN_POINT ( 'NONE',  ( 32.40141584488932100, 1.038215962506129600, 75.82823995624487200 ) ) ;
#3983 = CARTESIAN_POINT ( 'NONE',  ( 49.00850263351049600, -0.8463118392531696600, 53.34520522423023400 ) ) ;
#3984 = CARTESIAN_POINT ( 'NONE',  ( 38.83504135109248500, -0.3406152000039321900, -78.81364871362056600 ) ) ;
#3985 = CARTESIAN_POINT ( 'NONE',  ( 32.40183670037110600, 2.865559062002140100, 64.99999999999997200 ) ) ;
#3986 = CARTESIAN_POINT ( 'NONE',  ( 45.49983458043863000, 1.475455863458710900, -0.04395662302184082100 ) ) ;
#3987 = ORIENTED_EDGE ( 'NONE', *, *, #976, .T. ) ;
#3988 = VECTOR ( 'NONE', #2673, 1000.000000000000100 ) ;
#3989 = CARTESIAN_POINT ( 'NONE',  ( 38.09349159384216000, 0.1498497930718353200, 91.59999999999996600 ) ) ;
#3990 = CARTESIAN_POINT ( 'NONE',  ( 46.54652566500183000, 2.051057037844410800, -75.63442031950411600 ) ) ;
#3991 = EDGE_LOOP ( 'NONE', ( #2764, #4817, #5155, #2591, #2923, #91, #3044 ) ) ;
#3992 = CARTESIAN_POINT ( 'NONE',  ( 35.64788224576145800, 0.8763125125787497600, 74.95520219224901800 ) ) ;
#3993 = CARTESIAN_POINT ( 'NONE',  ( 47.80405625950449900, 2.119271928480658000, -65.00000000000002800 ) ) ;
#3994 = CARTESIAN_POINT ( 'NONE',  ( 37.88800443748412100, -1.116946991387025600, -91.59999999999998000 ) ) ;
#3995 = ORIENTED_EDGE ( 'NONE', *, *, #5056, .T. ) ;
#3996 = CARTESIAN_POINT ( 'NONE',  ( 43.32298393794226900, -0.8851522939072213900, 84.95295925144915800 ) ) ;
#3997 = CARTESIAN_POINT ( 'NONE',  ( 32.37528642769802900, -3.313188991217029600, -91.60000000000000900 ) ) ;
#3998 = CARTESIAN_POINT ( 'NONE',  ( 43.14383510011050800, 0.1092640972156425500, 70.84243535766847800 ) ) ;
#3999 = CARTESIAN_POINT ( 'NONE',  ( 33.94205531585920000, -0.8220127014080629300, 91.59999999999968200 ) ) ;
#4000 = CARTESIAN_POINT ( 'NONE',  ( 45.50000000000000000, -3.500000000000000000, 101.5999999999999900 ) ) ;
#4001 = CARTESIAN_POINT ( 'NONE',  ( 37.77265393933103600, -0.6706385910147907300, -78.44050017507356600 ) ) ;
#4002 = CARTESIAN_POINT ( 'NONE',  ( 35.57550443846406600, -2.037804700582602500, -91.59999999999996600 ) ) ;
#4003 = CARTESIAN_POINT ( 'NONE',  ( 45.50000000000000000, -3.500000000000000000, 101.5999999999999900 ) ) ;
#4004 = EDGE_CURVE ( 'NONE', #2507, #1757, #1282, .T. ) ;
#4005 = CARTESIAN_POINT ( 'NONE',  ( 45.88340297667994600, 1.025356480097562300, -86.27990027058136500 ) ) ;
#4006 = CARTESIAN_POINT ( 'NONE',  ( 42.08981677559956600, 0.6122165637643094400, 68.24710329366604400 ) ) ;
#4007 = CARTESIAN_POINT ( 'NONE',  ( 45.45237997871677700, -3.390714092315537900, 0.0000000000000000000 ) ) ;
#4008 = CARTESIAN_POINT ( 'NONE',  ( 47.32815545279318300, 2.567016361149965200, -70.42407349743327000 ) ) ;
#4009 = CARTESIAN_POINT ( 'NONE',  ( 34.50000000000000000, -3.500000000000000000, -101.5999999999999900 ) ) ;
#4010 = CARTESIAN_POINT ( 'NONE',  ( 48.96205595757091100, -3.346586357444428100, 84.89954858597445800 ) ) ;
#4011 = CARTESIAN_POINT ( 'NONE',  ( 44.88245737309762300, -1.623747630943249000, 78.31469631294959300 ) ) ;
#4012 = VERTEX_POINT ( 'NONE', #248 ) ;
#4013 = CARTESIAN_POINT ( 'NONE',  ( 43.57423721522556500, -0.9941380446429157700, 84.94316928359671700 ) ) ;
#4014 = CARTESIAN_POINT ( 'NONE',  ( 29.70657370778598100, -3.376342897652287800, -78.19909717194892100 ) ) ;
#4015 = CARTESIAN_POINT ( 'NONE',  ( 33.42588596874975300, -0.2395981043819823700, 86.32790573776756600 ) ) ;
#4016 = CARTESIAN_POINT ( 'NONE',  ( 27.85909383758922400, -2.364551101557721000, -34.99999999999998600 ) ) ;
#4017 = CARTESIAN_POINT ( 'NONE',  ( 43.80275081128566900, -2.391710323619127700, 97.37052488504970400 ) ) ;
#4018 = CARTESIAN_POINT ( 'NONE',  ( 46.44479980439088300, 0.3117372490200217600, -75.64080930465655700 ) ) ;
#4019 = CARTESIAN_POINT ( 'NONE',  ( 38.87433304824379800, -1.798190371432724100, -99.13166649291886800 ) ) ;
#4020 = CARTESIAN_POINT ( 'NONE',  ( 45.50000000000000000, -3.500000000000000000, 101.5999999999999900 ) ) ;
#4021 = CARTESIAN_POINT ( 'NONE',  ( 39.74423405170045200, 2.365572244109053200, -65.00000000000001400 ) ) ;
#4022 = CARTESIAN_POINT ( 'NONE',  ( 35.58038681952091800, 1.229358977622461200, 69.97705262769400700 ) ) ;
#4023 = CARTESIAN_POINT ( 'NONE',  ( 53.42971025364486300, -3.422871903549387100, 34.99999999999996400 ) ) ;
#4024 = CARTESIAN_POINT ( 'NONE',  ( 46.18210417693070700, 0.1903542751827066400, -91.60000000000023600 ) ) ;
#4025 = CARTESIAN_POINT ( 'NONE',  ( 33.68595064950646600, 0.9495157005253096500, 86.32134943521572300 ) ) ;
#4026 = CARTESIAN_POINT ( 'NONE',  ( 34.57550443888782600, -2.436013439694203700, -91.59999999999996600 ) ) ;
#4027 = CARTESIAN_POINT ( 'NONE',  ( 50.78896512804610800, -2.615019565951158100, 67.50247128482489200 ) ) ;
#4028 = CARTESIAN_POINT ( 'NONE',  ( 35.95717606365104800, 0.04683820488519256600, -65.00000000000000000 ) ) ;
#4029 = CARTESIAN_POINT ( 'NONE',  ( 46.92154377017156700, -0.6865290751911890000, 70.35599623766505300 ) ) ;
#4030 = CARTESIAN_POINT ( 'NONE',  ( 29.72970505590117800, -3.427920974687204600, -78.21046105570758300 ) ) ;
#4031 = CARTESIAN_POINT ( 'NONE',  ( 32.45257566472246700, 1.567547782638999900, 65.00000000000000000 ) ) ;
#4032 = CARTESIAN_POINT ( 'NONE',  ( 38.09349159384216000, 0.1498497930718353200, 91.59999999999996600 ) ) ;
#4033 = CARTESIAN_POINT ( 'NONE',  ( 46.53534646787844100, 0.7928813756407284700, -70.32049127167033500 ) ) ;
#4034 = CARTESIAN_POINT ( 'NONE',  ( 32.42370942602541800, -3.293550582068236500, -91.93936013234511500 ) ) ;
#4035 = CARTESIAN_POINT ( 'NONE',  ( 33.66329961179471300, 1.582697808480197000, 81.00527011294704500 ) ) ;
#4036 = CARTESIAN_POINT ( 'NONE',  ( 44.63189824361018800, 0.4701277779147421400, -91.60000000000005100 ) ) ;
#4037 = CARTESIAN_POINT ( 'NONE',  ( 38.37525458581338000, 1.309512077109826100, 69.32941449221870300 ) ) ;
#4038 = CARTESIAN_POINT ( 'NONE',  ( 45.37973494457550300, -3.438998903372055200, 23.95328996164648300 ) ) ;
#4039 = APPROVAL ( #2688, 'UNSPECIFIED' ) ;
#4040 = CARTESIAN_POINT ( 'NONE',  ( 46.68375443513674100, 0.5798086459388056600, -86.34384978757573500 ) ) ;
#4041 = CARTESIAN_POINT ( 'NONE',  ( 33.69493007746604700, 0.9533991430456355600, 86.32064254446221700 ) ) ;
#4042 = EDGE_CURVE ( 'NONE', #2387, #938, #244, .T. ) ;
#4043 = CARTESIAN_POINT ( 'NONE',  ( 34.50000000000000000, -3.500000000000000000, -101.5999999999999900 ) ) ;
#4044 = CARTESIAN_POINT ( 'NONE',  ( 52.15415841100721700, -3.307679960089096500, 65.00000000000000000 ) ) ;
#4045 = ORIENTED_EDGE ( 'NONE', *, *, #4042, .T. ) ;
#4046 = LINE ( 'NONE', #3063, #3922 ) ;
#4047 = CARTESIAN_POINT ( 'NONE',  ( 34.49999490057705000, 1.492001305332441700, 0.0000000000000000000 ) ) ;
#4048 = VERTEX_POINT ( 'NONE', #4403 ) ;
#4049 = CARTESIAN_POINT ( 'NONE',  ( 41.56209392876709100, -0.8979713550837173900, 91.60000000000000900 ) ) ;
#4050 = CARTESIAN_POINT ( 'NONE',  ( 28.09416987348507500, -3.447723289113967700, -70.22584695823610400 ) ) ;
#4051 = CARTESIAN_POINT ( 'NONE',  ( 26.63756651999940700, -3.501910596087584700, -40.00311407325270400 ) ) ;
#4052 = ORIENTED_EDGE ( 'NONE', *, *, #4865, .T. ) ;
#4053 = CARTESIAN_POINT ( 'NONE',  ( 46.60644987027738800, -2.938046997172626600, 91.98338414595545500 ) ) ;
#4054 = CARTESIAN_POINT ( 'NONE',  ( 46.62747869197510700, 1.267264018388921200, -65.00000000000000000 ) ) ;
#4055 = ORIENTED_EDGE ( 'NONE', *, *, #3245, .T. ) ;
#4056 = CARTESIAN_POINT ( 'NONE',  ( 34.50000000000000000, -3.500000000000000000, -101.5999999999999900 ) ) ;
#4057 = CARTESIAN_POINT ( 'NONE',  ( 32.87242507225659000, 3.200403435401751700, 65.00000000000000000 ) ) ;
#4058 = CARTESIAN_POINT ( 'NONE',  ( 39.33379499106390400, 1.474103785532560500, -72.90118987334980700 ) ) ;
#4059 = CARTESIAN_POINT ( 'NONE',  ( 34.39773360632268900, -0.9995098662938192200, 91.59999999999996600 ) ) ;
#4060 = CARTESIAN_POINT ( 'NONE',  ( 33.67774362606602500, -0.3158474349950853900, 91.59999999999993700 ) ) ;
#4061 = CARTESIAN_POINT ( 'NONE',  ( 26.58228280570084600, -3.297056316320183800, -23.03645053938556600 ) ) ;
#4062 = CARTESIAN_POINT ( 'NONE',  ( 46.63040018702880500, 1.593107552740434400, -81.05436996283192700 ) ) ;
#4063 = CARTESIAN_POINT ( 'NONE',  ( 32.90134025193693600, 2.639954927174565000, 70.39652351278549200 ) ) ;
#4064 = CARTESIAN_POINT ( 'NONE',  ( 33.80498970622953400, -3.424981596098041000, -96.77619747656956400 ) ) ;
#4065 = CARTESIAN_POINT ( 'NONE',  ( 48.95326161458172000, -3.332393177103909900, 84.89901901149140400 ) ) ;
#4066 = CARTESIAN_POINT ( 'NONE',  ( 46.83686007298424400, 0.06793025517602482900, -81.02918682754678100 ) ) ;
#4067 = CARTESIAN_POINT ( 'NONE',  ( 35.25139515247737200, 2.837148999236452300, 2.790482059250357900 ) ) ;
#4068 = EDGE_CURVE ( 'NONE', #127, #1070, #3087, .T. ) ;
#4069 = CARTESIAN_POINT ( 'NONE',  ( 46.99852773769237800, -2.456807352174188400, 84.87756789622287100 ) ) ;
#4070 = CARTESIAN_POINT ( 'NONE',  ( 29.78073873185380500, -3.470320326632038400, -78.27620627501872300 ) ) ;
#4071 = CARTESIAN_POINT ( 'NONE',  ( 27.84540723947514400, -3.303364233875434300, -65.00000000000000000 ) ) ;
#4072 = CARTESIAN_POINT ( 'NONE',  ( 40.16234205782443900, -1.834828462090690900, 99.99050645971205100 ) ) ;
#4073 = CARTESIAN_POINT ( 'NONE',  ( 43.24883246778807700, 1.023441375383721900, -74.47766400896067300 ) ) ;
#4074 = CARTESIAN_POINT ( 'NONE',  ( 34.50000000000000000, -3.500000000000000000, -101.5999999999999900 ) ) ;
#4075 = CARTESIAN_POINT ( 'NONE',  ( 33.50237068402168500, 2.072521118444269100, 75.68954623505582900 ) ) ;
#4076 = CARTESIAN_POINT ( 'NONE',  ( 39.53995495396151900, 1.916126946105138200, -68.95022003946367300 ) ) ;
#4077 = CARTESIAN_POINT ( 'NONE',  ( 34.07855438381870500, -0.5609192977905072000, 86.28561032742626900 ) ) ;
#4078 = CARTESIAN_POINT ( 'NONE',  ( 32.24042774740137000, 1.926536549829178200, 65.00000000000005700 ) ) ;
#4079 = EDGE_LOOP ( 'NONE', ( #2969, #574 ) ) ;
#4080 = CARTESIAN_POINT ( 'NONE',  ( 38.58091458358996600, 4.061546986379974000, -23.27328101857091600 ) ) ;
#4081 = CARTESIAN_POINT ( 'NONE',  ( 45.50000000000000000, -3.500000000000000000, 101.5999999999999900 ) ) ;
#4082 = CARTESIAN_POINT ( 'NONE',  ( 34.49430322370084000, -3.017552498776584300, -92.06314416388509900 ) ) ;
#4083 = CARTESIAN_POINT ( 'NONE',  ( 47.62208631542063100, -3.311722468499423800, 91.60000000000000900 ) ) ;
#4084 = CARTESIAN_POINT ( 'NONE',  ( 46.27125887092888200, -0.4859008960557099600, -86.30733488950944800 ) ) ;
#4085 = CARTESIAN_POINT ( 'NONE',  ( 34.79080444354794100, 2.450857846071452100, 1.784279507520506200 ) ) ;
#4086 = CARTESIAN_POINT ( 'NONE',  ( 44.72340767926974100, -2.156834118140998700, 91.60000000000002300 ) ) ;
#4087 = CARTESIAN_POINT ( 'NONE',  ( 27.95908899974568800, -3.441830638634747700, -67.60260835014685200 ) ) ;
#4088 = DIRECTION ( 'NONE',  ( -0.9703053751617990400, 0.2418831927441851500, 0.0000000000000000000 ) ) ;
#4089 = CARTESIAN_POINT ( 'NONE',  ( 45.50000000000000000, -3.500000000000000000, 101.5999999999999900 ) ) ;
#4090 = CARTESIAN_POINT ( 'NONE',  ( 44.48882111524267200, 1.595714051965992700, -65.00000000000007100 ) ) ;
#4091 = CARTESIAN_POINT ( 'NONE',  ( 34.50000000000000000, -3.500000000000000000, -101.5999999999999900 ) ) ;
#4092 = CARTESIAN_POINT ( 'NONE',  ( 32.93652771781673700, 3.219488204358445000, 65.00000000000000000 ) ) ;
#4093 = CARTESIAN_POINT ( 'NONE',  ( 36.88818804191246400, 1.447461528581468000, -64.99999999999995700 ) ) ;
#4094 = CARTESIAN_POINT ( 'NONE',  ( 33.28662894484623500, 1.254857158222269600, 64.99999999999998600 ) ) ;
#4095 = CARTESIAN_POINT ( 'NONE',  ( 32.88356046351562200, 1.214873352792427600, 81.08951892045810400 ) ) ;
#4096 = CARTESIAN_POINT ( 'NONE',  ( 40.79465347940269000, 2.155801105530697400, 0.0000000000000000000 ) ) ;
#4097 = CARTESIAN_POINT ( 'NONE',  ( 44.19664501429404900, -2.660884966193036000, 91.60000000000003700 ) ) ;
#4098 = CARTESIAN_POINT ( 'NONE',  ( 32.67326749860525600, -3.439767515673693300, -91.93932359218244700 ) ) ;
#4099 = CARTESIAN_POINT ( 'NONE',  ( 47.66864412694721400, -3.365967493056134100, 91.60000000000000900 ) ) ;
#4100 = CARTESIAN_POINT ( 'NONE',  ( 47.51913531459042900, 1.123366664772955200, -70.40745010915628700 ) ) ;
#4101 = CARTESIAN_POINT ( 'NONE',  ( 40.00000000000000000, -3.500000000000000000, 0.0000000000000000000 ) ) ;
#4102 = CARTESIAN_POINT ( 'NONE',  ( 40.34658830734969100, -0.7444534311975695700, -5.499999999998730800 ) ) ;
#4103 = LOCAL_TIME ( 7, 14, 15.00000000000000000, #5078 ) ;
#4104 = CARTESIAN_POINT ( 'NONE',  ( 31.03185231311240600, -3.403654418518375000, -84.90682906820326500 ) ) ;
#4105 = CARTESIAN_POINT ( 'NONE',  ( 44.94107971371364100, -2.642467703339174800, 2.426544726317879400 ) ) ;
#4106 = CARTESIAN_POINT ( 'NONE',  ( 46.89002058754093800, -3.349963192196080600, 91.95239495313916200 ) ) ;
#4107 = CARTESIAN_POINT ( 'NONE',  ( 46.71337105515376500, 1.254857158222269600, -64.99999999999998600 ) ) ;
#4108 = EDGE_CURVE ( 'NONE', #4694, #3809, #299, .T. ) ;
#4109 = CARTESIAN_POINT ( 'NONE',  ( 34.50000000000000000, -3.500000000000000000, -101.5999999999999900 ) ) ;
#4110 = ORIENTED_EDGE ( 'NONE', *, *, #690, .T. ) ;
#4111 = LINE ( 'NONE', #3858, #4298 ) ;
#4112 = CARTESIAN_POINT ( 'NONE',  ( 33.52787786867725800, 2.138388209618946200, 75.73478582970129500 ) ) ;
#4113 = CARTESIAN_POINT ( 'NONE',  ( 37.29184390307246800, -0.6229873655166848800, -84.98460663793642300 ) ) ;
#4114 = CARTESIAN_POINT ( 'NONE',  ( 33.37113306981557800, 1.267003708484707000, 65.00000000000000000 ) ) ;
#4115 = CARTESIAN_POINT ( 'NONE',  ( 33.27850079118757500, 0.4678324047076254400, 86.34477564498041600 ) ) ;
#4116 = CARTESIAN_POINT ( 'NONE',  ( 26.56081972710396500, -3.386841064597006000, -23.03659905653087800 ) ) ;
#4117 = CARTESIAN_POINT ( 'NONE',  ( 46.89002058754093800, -3.349963192196080600, 91.95239495313916200 ) ) ;
#4118 = ORIENTED_EDGE ( 'NONE', *, *, #4933, .T. ) ;
#4119 = CIRCLE ( 'NONE', #4329, 25.32549538158370700 ) ;
#4120 = CARTESIAN_POINT ( 'NONE',  ( 32.59798008468950300, -3.261640489513562900, -91.93887023107065200 ) ) ;
#4121 = CARTESIAN_POINT ( 'NONE',  ( 52.08198841530764900, -3.415545570737652100, 67.56723080569810200 ) ) ;
#4122 = CARTESIAN_POINT ( 'NONE',  ( 34.69916704997751800, -3.452909573147952200, -1.472209024443015900 ) ) ;
#4123 = ORIENTED_EDGE ( 'NONE', *, *, #1087, .F. ) ;
#4124 = CARTESIAN_POINT ( 'NONE',  ( 46.90227797084320100, 0.1210140053259577500, -81.03614203047723700 ) ) ;
#4125 = CARTESIAN_POINT ( 'NONE',  ( 34.28175792253912100, 1.441093611720883200, 65.00000000000000000 ) ) ;
#4126 = CARTESIAN_POINT ( 'NONE',  ( 32.44918831927442000, -3.497030537516179600, -91.59999999999999400 ) ) ;
#4127 = CARTESIAN_POINT ( 'NONE',  ( 32.37293151440626100, -3.484494567129924600, -91.59999999999999400 ) ) ;
#4128 = CARTESIAN_POINT ( 'NONE',  ( 42.82035284039747600, -0.6606301824385425500, 4.738356817852333900 ) ) ;
#4129 = CARTESIAN_POINT ( 'NONE',  ( 45.50000000000000000, -3.500000000000000000, 101.5999999999999900 ) ) ;
#4130 = CARTESIAN_POINT ( 'NONE',  ( 45.88292414594033600, -0.5600068620738510900, -86.28292413266969200 ) ) ;
#4131 = CARTESIAN_POINT ( 'NONE',  ( 32.66793831939070700, -3.442499304570989100, -91.59999999999998000 ) ) ;
#4132 = CARTESIAN_POINT ( 'NONE',  ( 32.64175527040993800, 2.550694317508848600, 70.42700917066251500 ) ) ;
#4133 = CARTESIAN_POINT ( 'NONE',  ( 34.12134610079775100, 1.026167012467467300, 86.27942244756098900 ) ) ;
#4134 = CARTESIAN_POINT ( 'NONE',  ( 38.45089051827147800, -0.1821429487173759100, -85.09628864732030700 ) ) ;
#4135 = CARTESIAN_POINT ( 'NONE',  ( 34.38747020974157200, -0.9990960840769516100, 91.59999999999995200 ) ) ;
#4136 = CARTESIAN_POINT ( 'NONE',  ( 33.67541736361365400, -0.2756453762229534300, 91.59999999999996600 ) ) ;
#4137 = CARTESIAN_POINT ( 'NONE',  ( 34.98812108382750800, -2.729550803369759300, 0.0000000000000000000 ) ) ;
#4138 = CARTESIAN_POINT ( 'NONE',  ( 47.47369917573266900, -3.533937962933759700, 91.93788137799234100 ) ) ;
#4139 = CARTESIAN_POINT ( 'NONE',  ( 35.07707466268527000, -2.879584783408612100, -92.13703199600371400 ) ) ;
#4140 = CARTESIAN_POINT ( 'NONE',  ( 52.07511931295810800, -3.422263991074103700, 67.57046105570758200 ) ) ;
#4141 = CARTESIAN_POINT ( 'NONE',  ( 40.00000000000000000, -3.500000000000000000, 0.0000000000000000000 ) ) ;
#4142 = CARTESIAN_POINT ( 'NONE',  ( 46.52990078476997100, -0.08561787321504903100, -80.99970668522560400 ) ) ;
#4143 = CARTESIAN_POINT ( 'NONE',  ( 31.78797219086774500, 3.191262802768008100, 55.02937824372975200 ) ) ;
#4144 = CARTESIAN_POINT ( 'NONE',  ( 33.15046116993050900, -3.322213288798760100, -91.59999999999999400 ) ) ;
#4145 = CARTESIAN_POINT ( 'NONE',  ( 27.87763001360823300, -3.489132808493520300, -65.00000000000000000 ) ) ;
#4146 = CARTESIAN_POINT ( 'NONE',  ( 47.32673250139475100, -3.439767515673693300, 91.93932359218244700 ) ) ;
#4147 = CARTESIAN_POINT ( 'NONE',  ( 45.96541610209213500, -0.5601120408624316000, -86.28854234349042000 ) ) ;
#4148 = CARTESIAN_POINT ( 'NONE',  ( 35.07707466268527000, -2.879584783408612100, -92.13703199600371400 ) ) ;
#4149 = AXIS2_PLACEMENT_3D ( 'NONE', #4308, #619, #3919 ) ;
#4150 = CARTESIAN_POINT ( 'NONE',  ( 32.46772006314321100, 2.418156390425308300, 70.44157155341561300 ) ) ;
#4151 = CARTESIAN_POINT ( 'NONE',  ( 33.19027020427514400, 3.249999914761922500, 64.99999999999997200 ) ) ;
#4152 = CARTESIAN_POINT ( 'NONE',  ( 39.97962503540682600, 0.2878380359999392900, -85.33900634966536800 ) ) ;
#4153 = CARTESIAN_POINT ( 'NONE',  ( 35.85919636578641000, 1.470674568676444400, -43.46375088686501400 ) ) ;
#4154 = CARTESIAN_POINT ( 'NONE',  ( 33.67496745277926400, -0.2589586058170286200, 91.59999999999998000 ) ) ;
#4155 = DIRECTION ( 'NONE',  ( -0.0000000000000000000, -0.0000000000000000000, -1.000000000000000000 ) ) ;
#4156 = CARTESIAN_POINT ( 'NONE',  ( 46.31122834747914400, -3.188020217679367300, 91.60000000000000900 ) ) ;
#4157 = CARTESIAN_POINT ( 'NONE',  ( 46.14390335598856300, -1.070563694062896900, -97.48172458847388100 ) ) ;
#4158 = CARTESIAN_POINT ( 'NONE',  ( 52.17712268095105800, -3.342739053428265700, 65.00000000000000000 ) ) ;
#4159 = CARTESIAN_POINT ( 'NONE',  ( 47.62246714288696100, 1.147751311632570400, -75.83960237896566500 ) ) ;
#4160 = CARTESIAN_POINT ( 'NONE',  ( 32.62214847835439700, 2.989321511066712000, 34.99999999999999300 ) ) ;
#4161 = CARTESIAN_POINT ( 'NONE',  ( 32.43506893362898300, -3.499857986868197400, -91.59999999999999400 ) ) ;
#4162 = CARTESIAN_POINT ( 'NONE',  ( 45.49945133831764100, -3.269916917968403800, 0.09934841962365054100 ) ) ;
#4163 = CARTESIAN_POINT ( 'NONE',  ( 45.50000000000000000, -3.500000000000000000, 101.5999999999999900 ) ) ;
#4164 = CARTESIAN_POINT ( 'NONE',  ( 33.32418831923657600, -3.278905605860806400, -91.60000000000000900 ) ) ;
#4165 = CARTESIAN_POINT ( 'NONE',  ( 33.81966764753707400, 1.550505704499369500, 80.95721038716365600 ) ) ;
#4166 = CARTESIAN_POINT ( 'NONE',  ( 34.34227993642448200, -0.08879999274258683400, -70.66485439059654500 ) ) ;
#4167 = CARTESIAN_POINT ( 'NONE',  ( 47.45698775710955200, 5.500000000000005300, -35.00000000000000000 ) ) ;
#4168 = CARTESIAN_POINT ( 'NONE',  ( 34.09699618011390500, -0.9244383766664797700, 91.59999999999979500 ) ) ;
#4169 = CARTESIAN_POINT ( 'NONE',  ( 35.44715382838310800, 2.718282363560556200, 5.820458200585034300 ) ) ;
#4170 = CARTESIAN_POINT ( 'NONE',  ( 34.72538947138133400, -3.449308689770564500, 0.0000000000000000000 ) ) ;
#4171 = CARTESIAN_POINT ( 'NONE',  ( 43.32078515827838300, -2.780127480640186100, 97.37007836625018300 ) ) ;
#4172 = EDGE_CURVE ( 'NONE', #5147, #1361, #4809, .T. ) ;
#4173 = CARTESIAN_POINT ( 'NONE',  ( 37.70391875255136000, -2.610560940458703300, -97.85815940307638500 ) ) ;
#4174 = CARTESIAN_POINT ( 'NONE',  ( 50.28121445447065700, -3.416513667889532700, 78.20524795891697100 ) ) ;
#4175 = CARTESIAN_POINT ( 'NONE',  ( 47.37299620576178700, 1.424194123582270400, -65.00000000000000000 ) ) ;
#4176 = CARTESIAN_POINT ( 'NONE',  ( 31.86088425323688300, 3.652219117492258700, 55.02796668370977100 ) ) ;
#4177 = CARTESIAN_POINT ( 'NONE',  ( 42.40038010310549800, -0.04072456114269737400, -4.951938761521162700 ) ) ;
#4178 = CARTESIAN_POINT ( 'NONE',  ( 29.78272689338038500, -3.472525925007758500, -78.27827034368542100 ) ) ;
#4179 = CARTESIAN_POINT ( 'NONE',  ( 45.36331206825990800, -3.444152956822191600, 1.225199181419964500 ) ) ;
#4180 = FACE_BOUND ( 'NONE', #4699, .T. ) ;
#4181 = LINE ( 'NONE', #1575, #465 ) ;
#4182 = CARTESIAN_POINT ( 'NONE',  ( 45.50000000000000000, -3.500000000000000000, 101.5999999999999900 ) ) ;
#4183 = CARTESIAN_POINT ( 'NONE',  ( 43.79446157018317400, -1.786919659182252300, 91.60000000000002300 ) ) ;
#4184 = CARTESIAN_POINT ( 'NONE',  ( 39.94947580747297900, -1.627316599414467600, -91.59999999999998000 ) ) ;
#4185 = CARTESIAN_POINT ( 'NONE',  ( 33.29992632871523000, 2.650378996277289000, 70.32203413774399800 ) ) ;
#4186 = CARTESIAN_POINT ( 'NONE',  ( 32.78658503120991700, -0.4892294276398458400, -65.00000000000000000 ) ) ;
#4187 = CARTESIAN_POINT ( 'NONE',  ( 48.46753116173997700, 4.810201473950261400, -45.05593336741956300 ) ) ;
#4188 = CARTESIAN_POINT ( 'NONE',  ( 33.00475151270578100, 0.8069349028784216200, 70.35970668522564600 ) ) ;
#4189 = CARTESIAN_POINT ( 'NONE',  ( 31.46509539683761900, 4.625023821766148100, 35.00000000000002800 ) ) ;
#4190 = CARTESIAN_POINT ( 'NONE',  ( 45.50000000000000000, -3.500000000000000000, 101.5999999999999900 ) ) ;
#4191 = CARTESIAN_POINT ( 'NONE',  ( 34.50000000000000000, -3.500000000000000000, -101.5999999999999900 ) ) ;
#4192 = CARTESIAN_POINT ( 'NONE',  ( 52.02946373356230900, -3.460804824644049900, 67.62781773001950100 ) ) ;
#4193 = CARTESIAN_POINT ( 'NONE',  ( 34.96053109085037400, -2.733506237979858700, -2.215889138740896800 ) ) ;
#4194 = CARTESIAN_POINT ( 'NONE',  ( 47.04897191575074800, 0.2943990107154806400, -81.05342533890920700 ) ) ;
#4195 = CARTESIAN_POINT ( 'NONE',  ( 44.69865198613298700, 0.4497704144956168300, 53.93139796452462800 ) ) ;
#4196 = CARTESIAN_POINT ( 'NONE',  ( 45.22522384064014000, -3.429184591355484400, 1.716693279303529000 ) ) ;
#4197 = CARTESIAN_POINT ( 'NONE',  ( 27.86681213455506500, -3.482662800778712600, -65.00000000000000000 ) ) ;
#4198 = CARTESIAN_POINT ( 'NONE',  ( 40.00000000000000000, 3.500000000000000000, 0.0000000000000000000 ) ) ;
#4199 = CARTESIAN_POINT ( 'NONE',  ( 45.50000000000000000, -3.500000000000000000, 101.5999999999999900 ) ) ;
#4200 = CARTESIAN_POINT ( 'NONE',  ( 45.00022265293027600, -1.511864834312181700, -97.00901297692681200 ) ) ;
#4201 = CARTESIAN_POINT ( 'NONE',  ( 34.42038413809295600, 0.5000268348307304000, 91.59999999999998000 ) ) ;
#4202 = CARTESIAN_POINT ( 'NONE',  ( 37.79641872912930000, -1.153417220847097200, -91.59999999999996600 ) ) ;
#4203 = CARTESIAN_POINT ( 'NONE',  ( 46.81249999999992200, 3.249999999999999600, -65.00000000000000000 ) ) ;
#4204 = CARTESIAN_POINT ( 'NONE',  ( 40.16234205782443900, -1.834828462090690900, 99.99050645971205100 ) ) ;
#4205 = CARTESIAN_POINT ( 'NONE',  ( 34.50000000000000000, -3.500000000000000000, -101.5999999999999900 ) ) ;
#4206 = ORIENTED_EDGE ( 'NONE', *, *, #4893, .F. ) ;
#4207 = CARTESIAN_POINT ( 'NONE',  ( 52.03667806858710100, -3.447868057076233200, 67.61289115165119800 ) ) ;
#4208 = CARTESIAN_POINT ( 'NONE',  ( 36.22441219214643100, -1.560127702825589800, -4.004602686649827900 ) ) ;
#4209 = CARTESIAN_POINT ( 'NONE',  ( 46.08065023093990200, -0.8020748677781510700, -91.59999999999968200 ) ) ;
#4210 = CARTESIAN_POINT ( 'NONE',  ( 40.00000000000000000, 3.500000000000000000, 0.0000000000000000000 ) ) ;
#4211 = CARTESIAN_POINT ( 'NONE',  ( 38.42949176127137900, -1.275399761486496500, -84.95516856332004400 ) ) ;
#4212 = CARTESIAN_POINT ( 'NONE',  ( 46.54820424874795000, 1.603147789367734200, -81.04386737226410300 ) ) ;
#4213 = CARTESIAN_POINT ( 'NONE',  ( 40.21206567557398200, 1.895165735463338200, 5.500000000000012400 ) ) ;
#4214 = CARTESIAN_POINT ( 'NONE',  ( 43.79416278061456300, -2.873037202515628800, 97.19525869655981900 ) ) ;
#4215 = CARTESIAN_POINT ( 'NONE',  ( 37.89063326547320500, 2.900577097470110800, 5.100867478487156600 ) ) ;
#4216 = CARTESIAN_POINT ( 'NONE',  ( 34.04677116065477100, 2.654282025366034900, 70.23201229162448600 ) ) ;
#4217 = CARTESIAN_POINT ( 'NONE',  ( 32.87381121611084500, -0.6198402251271233300, -67.66847104652882200 ) ) ;
#4218 = CARTESIAN_POINT ( 'NONE',  ( 47.27881070043131500, 3.172915432984817900, -64.99999999999998600 ) ) ;
#4219 = CARTESIAN_POINT ( 'NONE',  ( 33.22054276174683500, 1.250270901356918700, 64.99999999999998600 ) ) ;
#4220 = CARTESIAN_POINT ( 'NONE',  ( 52.07500000000008100, -3.387499999999999700, 65.00000000000000000 ) ) ;
#4221 = EDGE_CURVE ( 'NONE', #1291, #5216, #4640, .T. ) ;
#4222 = CARTESIAN_POINT ( 'NONE',  ( 39.09216249489728100, -1.721121880917405800, 94.11631880615279000 ) ) ;
#4223 = CARTESIAN_POINT ( 'NONE',  ( 50.19454687923737200, -3.490452179159827300, 78.29408906791071800 ) ) ;
#4224 = CARTESIAN_POINT ( 'NONE',  ( 35.39892065143839500, -2.327642597481205400, -3.021397709995154100 ) ) ;
#4225 = CARTESIAN_POINT ( 'NONE',  ( 47.78279507104326700, 1.860406064698063800, -70.44715264414988100 ) ) ;
#4226 = CARTESIAN_POINT ( 'NONE',  ( 44.99280660809282000, -3.320580620601477000, 24.02336082407670000 ) ) ;
#4227 = CARTESIAN_POINT ( 'NONE',  ( 33.86816607747469700, -3.143299764326104000, -91.60000000000003700 ) ) ;
#4228 = CARTESIAN_POINT ( 'NONE',  ( 46.11448205090849900, 0.2696579355849730300, -91.60000000000026400 ) ) ;
#4229 = CARTESIAN_POINT ( 'NONE',  ( 35.34350063352560100, -3.153307385241527400, -24.18245581081911100 ) ) ;
#4230 = CARTESIAN_POINT ( 'NONE',  ( 35.16156983278753500, -1.006750071235392100, 91.60000000000000900 ) ) ;
#4231 = CARTESIAN_POINT ( 'NONE',  ( 36.67521935742178800, 3.033451537194836500, 4.406364451191199900 ) ) ;
#4232 = CALENDAR_DATE ( 2016, 31, 7 ) ;
#4233 = CARTESIAN_POINT ( 'NONE',  ( 36.43911492655654900, 0.3820660766622955800, 91.60000000000006500 ) ) ;
#4234 = CARTESIAN_POINT ( 'NONE',  ( 32.82770786305673700, -0.4658088592432440600, -65.00000000000000000 ) ) ;
#4235 = CARTESIAN_POINT ( 'NONE',  ( 45.11526861914622800, 2.566817859842570800, -2.039800455801738200 ) ) ;
#4236 = CARTESIAN_POINT ( 'NONE',  ( 32.94325310577079300, 1.278885164626932800, 65.00000000000000000 ) ) ;
#4237 = CARTESIAN_POINT ( 'NONE',  ( 34.49449281101793500, -1.417863179661351200, 97.27466813556522100 ) ) ;
#4238 = VERTEX_POINT ( 'NONE', #1903 ) ;
#4239 = CIRCLE ( 'NONE', #5152, 24.99999999999999300 ) ;
#4240 = VECTOR ( 'NONE', #4088, 999.9999999999998900 ) ;
#4241 = CARTESIAN_POINT ( 'NONE',  ( 52.04757080901978800, -3.441182631172480900, 67.59328417660600500 ) ) ;
#4242 = CARTESIAN_POINT ( 'NONE',  ( 34.54218524185966300, -3.122393844316603900, -0.6911924402611413500 ) ) ;
#4243 = VERTEX_POINT ( 'NONE', #2466 ) ;
#4244 = CARTESIAN_POINT ( 'NONE',  ( 47.25710109449834600, 2.241127700781188300, -75.89553453997122300 ) ) ;
#4245 = CARTESIAN_POINT ( 'NONE',  ( 47.31249999999992900, 5.500000000000001800, -24.87452441242750800 ) ) ;
#4246 = ORIENTED_EDGE ( 'NONE', *, *, #249, .F. ) ;
#4247 = CARTESIAN_POINT ( 'NONE',  ( 46.53489931871302300, 1.603673796005009600, -81.04199407626038000 ) ) ;
#4248 = AXIS2_PLACEMENT_3D ( 'NONE', #562, #3857, #3108 ) ;
#4249 = CARTESIAN_POINT ( 'NONE',  ( 40.00000000000000000, -3.500000000000000000, 0.0000000000000000000 ) ) ;
#4250 = CARTESIAN_POINT ( 'NONE',  ( 42.08206168110896100, -2.133749714706710200, 91.59999999999996600 ) ) ;
#4251 = ORIENTED_EDGE ( 'NONE', *, *, #1087, .T. ) ;
#4252 = CARTESIAN_POINT ( 'NONE',  ( 46.15829446547343200, 0.3436141235815725600, -91.60000000000002300 ) ) ;
#4253 = CARTESIAN_POINT ( 'NONE',  ( 35.36810175638981200, 0.4701277779147421400, 91.60000000000005100 ) ) ;
#4254 = CARTESIAN_POINT ( 'NONE',  ( 35.09013974391002900, -0.8009377778651141100, -78.30847104652879400 ) ) ;
#4255 = CARTESIAN_POINT ( 'NONE',  ( 45.47718809069272800, 1.789020910303789100, -0.5166740199717599900 ) ) ;
#4256 = ORIENTED_EDGE ( 'NONE', *, *, #533, .F. ) ;
#4257 = CARTESIAN_POINT ( 'NONE',  ( 44.72370329266404800, 0.4800804721186269800, -91.59999999999999400 ) ) ;
#4258 = ORIENTED_EDGE ( 'NONE', *, *, #1040, .F. ) ;
#4259 = CARTESIAN_POINT ( 'NONE',  ( 50.23027043352259800, -3.454923758496593900, 78.25925899209077800 ) ) ;
#4260 = CARTESIAN_POINT ( 'NONE',  ( 46.00835336265826900, 1.021954744311182900, -86.29334803102024400 ) ) ;
#4261 = CARTESIAN_POINT ( 'NONE',  ( 40.00000000001417500, 2.034576191997279800, -5.500000000000000000 ) ) ;
#4262 = CARTESIAN_POINT ( 'NONE',  ( 47.63667923764278800, 1.711310004182867100, -75.88545356344464200 ) ) ;
#4263 = CARTESIAN_POINT ( 'NONE',  ( 35.95717606356943500, 0.04683820484905505000, -65.00000000000000000 ) ) ;
#4264 = CARTESIAN_POINT ( 'NONE',  ( 34.30653069355652500, -0.8079687229036501800, -67.67363234640063800 ) ) ;
#4265 = CARTESIAN_POINT ( 'NONE',  ( 47.14559866320122000, 2.631153035419402400, -70.40293333198108900 ) ) ;
#4266 = DIRECTION ( 'NONE',  ( -0.0000000000000000000, -1.000000000000000000, -0.0000000000000000000 ) ) ;
#4267 = DIRECTION ( 'NONE',  ( 0.0000000000000000000, 1.000000000000000000, 0.0000000000000000000 ) ) ;
#4268 = CARTESIAN_POINT ( 'NONE',  ( 46.81249999999992200, 2.250000000000000000, -65.00000000000000000 ) ) ;
#4269 = CARTESIAN_POINT ( 'NONE',  ( 36.20489593159711500, 1.481755629168389800, 80.50370928420422000 ) ) ;
#4270 = CARTESIAN_POINT ( 'NONE',  ( 32.38612582311351000, -3.307857466264385100, -91.59999999999999400 ) ) ;
#4271 = CARTESIAN_POINT ( 'NONE',  ( 32.69411031954529500, 1.381900189330330400, 65.00000000000000000 ) ) ;
#4272 = CARTESIAN_POINT ( 'NONE',  ( 33.18750000000007100, 3.250000000000002700, 65.00000000000000000 ) ) ;
#4273 = CARTESIAN_POINT ( 'NONE',  ( 36.06920588187229300, -0.05527055938436172000, -67.68837450158146400 ) ) ;
#4274 = CARTESIAN_POINT ( 'NONE',  ( 32.39708455212940700, 2.859445760795120700, 64.99999999999995700 ) ) ;
#4275 = CARTESIAN_POINT ( 'NONE',  ( 50.12848473805956900, -3.500293691370864700, 78.31423102496661700 ) ) ;
#4276 = CARTESIAN_POINT ( 'NONE',  ( 46.10204755224581400, 1.011472529330825500, -86.30263505647364800 ) ) ;
#4277 = CARTESIAN_POINT ( 'NONE',  ( 33.93547491287509400, 0.1650945292786877300, -65.00000000000000000 ) ) ;
#4278 = CARTESIAN_POINT ( 'NONE',  ( 47.23014701989201600, 2.258627208278180600, -75.89463540757986900 ) ) ;
#4279 = CARTESIAN_POINT ( 'NONE',  ( 33.24877391121554400, -3.297705334542097200, -91.59999999999999400 ) ) ;
#4280 = EDGE_CURVE ( 'NONE', #3159, #1549, #3028, .T. ) ;
#4281 = CARTESIAN_POINT ( 'NONE',  ( 47.17950135860795100, 2.623134194680240700, -70.40731872362432900 ) ) ;
#4282 = CARTESIAN_POINT ( 'NONE',  ( 46.02682551876072400, 3.108958647604744400, -35.00000000000000000 ) ) ;
#4283 = DIRECTION ( 'NONE',  ( 0.0000000000000000000, 0.0000000000000000000, -1.000000000000000000 ) ) ;
#4284 = CARTESIAN_POINT ( 'NONE',  ( 40.00000000000000000, -3.500000000000000000, -2.500000000000000000 ) ) ;
#4285 = CARTESIAN_POINT ( 'NONE',  ( 40.66620500893609600, 1.474103785532560500, 72.90118987334980700 ) ) ;
#4286 = CARTESIAN_POINT ( 'NONE',  ( 27.86079430839702600, -3.295081517450658900, -65.00000000000000000 ) ) ;
#4287 = CARTESIAN_POINT ( 'NONE',  ( 32.68750000000007800, -21.11747082298127500, 35.00000000000000000 ) ) ;
#4288 = CARTESIAN_POINT ( 'NONE',  ( 34.24480419783828500, 4.375000000000001800, 55.02539745077142900 ) ) ;
#4289 = CARTESIAN_POINT ( 'NONE',  ( 37.40979520375906700, -0.7987684386529365600, -78.31033712664007900 ) ) ;
#4290 = CARTESIAN_POINT ( 'NONE',  ( 32.67184454720681700, 2.567016361149965200, 70.42407349743327000 ) ) ;
#4291 = CARTESIAN_POINT ( 'NONE',  ( 32.44918831927442000, -3.497030537516180100, -91.59999999999999400 ) ) ;
#4292 = CARTESIAN_POINT ( 'NONE',  ( 45.93072594911501500, 0.4096468284710984000, -91.60000000000026400 ) ) ;
#4293 = CARTESIAN_POINT ( 'NONE',  ( 36.13664027722394700, 1.234244328588178100, -65.00000000000001400 ) ) ;
#4294 = CARTESIAN_POINT ( 'NONE',  ( 47.15599268394842600, 1.134641903022692600, -81.08981649104734400 ) ) ;
#4295 = CARTESIAN_POINT ( 'NONE',  ( 47.69398735670746700, -0.3529528159032009900, 35.00000000000000700 ) ) ;
#4296 = CARTESIAN_POINT ( 'NONE',  ( 46.48192768458720500, 2.217322100243971100, -75.77202017029335900 ) ) ;
#4297 = CARTESIAN_POINT ( 'NONE',  ( 36.29034543436797100, 1.643812679281249500, -35.00000000000001400 ) ) ;
#4298 = VECTOR ( 'NONE', #1034, 1000.000000000000000 ) ;
#4299 = CARTESIAN_POINT ( 'NONE',  ( 47.86873409674982600, -2.693226094098652500, 78.31617192440620600 ) ) ;
#4300 = EDGE_LOOP ( 'NONE', ( #2215, #12, #3878, #4427, #4052, #4501, #1828, #5158 ) ) ;
#4301 = CIRCLE ( 'NONE', #1308, 1.000000000000000900 ) ;
#4302 = CARTESIAN_POINT ( 'NONE',  ( 40.28054118145748000, -0.4391429924732824800, 91.60000000000000900 ) ) ;
#4303 = CARTESIAN_POINT ( 'NONE',  ( 27.90016993040755400, -3.358842818403903000, -67.55846129354672800 ) ) ;
#4304 = CARTESIAN_POINT ( 'NONE',  ( 36.08486467724242900, -0.1862724915137599400, -70.35480379427288300 ) ) ;
#4305 = CARTESIAN_POINT ( 'NONE',  ( 33.50139748893982300, 2.254964449777561600, 75.78649749540453200 ) ) ;
#4306 = CARTESIAN_POINT ( 'NONE',  ( 34.47101824566893700, 1.587890443033218100, 0.0000000000000000000 ) ) ;
#4307 = VERTEX_POINT ( 'NONE', #1174 ) ;
#4308 = CARTESIAN_POINT ( 'NONE',  ( 40.00000000000000000, -3.500000000000000000, 0.0000000000000000000 ) ) ;
#4309 = CARTESIAN_POINT ( 'NONE',  ( 46.22279881725420100, 1.553708869654508500, -80.97262691061070000 ) ) ;
#4310 = CARTESIAN_POINT ( 'NONE',  ( 43.45770310293487900, 3.253894066436547200, 23.22278503917813800 ) ) ;
#4311 = CARTESIAN_POINT ( 'NONE',  ( 47.13866257855043100, 2.307607740141465000, -75.89057819754329200 ) ) ;
#4312 = CARTESIAN_POINT ( 'NONE',  ( 44.65649936647439900, -3.153307385241527400, 24.18245581081911100 ) ) ;
#4313 = CARTESIAN_POINT ( 'NONE',  ( 46.47197268472476100, 2.164913676540974700, -75.74847266839776700 ) ) ;
#4314 = AXIS2_PLACEMENT_3D ( 'NONE', #1420, #5144, #1840 ) ;
#4315 = CARTESIAN_POINT ( 'NONE',  ( 44.43829031172954600, 2.735737333946335800, -5.871073698460308200 ) ) ;
#4316 = CARTESIAN_POINT ( 'NONE',  ( 45.50000000000000000, -3.500000000000000000, 101.5999999999999900 ) ) ;
#4317 = CARTESIAN_POINT ( 'NONE',  ( 50.99688639316091400, -3.167836915715867000, 70.35373732120969200 ) ) ;
#4318 = EDGE_CURVE ( 'NONE', #908, #1035, #1384, .T. ) ;
#4319 = CARTESIAN_POINT ( 'NONE',  ( 43.45168622539316800, 1.316883167569708800, 64.99999999999995700 ) ) ;
#4320 = CARTESIAN_POINT ( 'NONE',  ( 29.70661162202074100, -3.354346328556096600, -78.19803456745334800 ) ) ;
#4321 = CARTESIAN_POINT ( 'NONE',  ( 43.96595386403225100, -0.07022559427114281900, 67.67710555057726700 ) ) ;
#4322 = CARTESIAN_POINT ( 'NONE',  ( 53.29785949944605500, -3.502856202887451300, 35.00000000000000000 ) ) ;
#4323 = CARTESIAN_POINT ( 'NONE',  ( 35.97859717105723100, 0.05630881678932223700, -65.00000000000000000 ) ) ;
#4324 = CARTESIAN_POINT ( 'NONE',  ( 33.51351450196522600, 0.8423876710991987600, 86.33350458533139700 ) ) ;
#4325 = CARTESIAN_POINT ( 'NONE',  ( 35.15812755183905100, 0.4538870151256386200, 2.610557813743262100 ) ) ;
#4326 = CARTESIAN_POINT ( 'NONE',  ( 32.79746306494134000, 0.9828916933844655800, 81.08815545950467700 ) ) ;
#4327 = CARTESIAN_POINT ( 'NONE',  ( 46.18414012305998300, 1.552308680257471000, -80.95884489512198500 ) ) ;
#4328 = CARTESIAN_POINT ( 'NONE',  ( 33.75696764644598600, -0.3297609944642538300, -53.67373552634443000 ) ) ;
#4329 = AXIS2_PLACEMENT_3D ( 'NONE', #4678, #2662, #2234 ) ;
#4330 = CARTESIAN_POINT ( 'NONE',  ( 47.70584812391812300, 2.156496151855008300, -70.44951892045811800 ) ) ;
#4331 = CARTESIAN_POINT ( 'NONE',  ( 48.63500800481800500, -0.8828271103404621300, 23.20770073081612500 ) ) ;
#4332 = APPROVAL_STATUS ( 'not_yet_approved' ) ;
#4333 = ORIENTED_EDGE ( 'NONE', *, *, #4769, .F. ) ;
#4334 = CARTESIAN_POINT ( 'NONE',  ( 46.49755513810321600, 1.603893369970812900, -81.03652351278562100 ) ) ;
#4335 = CARTESIAN_POINT ( 'NONE',  ( 36.58104021031551400, -2.537777229246541900, -23.78055256083094400 ) ) ;
#4336 = CARTESIAN_POINT ( 'NONE',  ( 33.84170553452656800, 0.3436141235815725600, 91.60000000000002300 ) ) ;
#4337 = CARTESIAN_POINT ( 'NONE',  ( 44.01345965555823600, 2.989082619949186400, -3.767808645305012100 ) ) ;
#4338 = CARTESIAN_POINT ( 'NONE',  ( 42.99895099523826000, 0.01813134663781901900, 78.59257729464060600 ) ) ;
#4339 = CARTESIAN_POINT ( 'NONE',  ( 31.60416990824931100, -1.435845837258726200, -70.15316868681284700 ) ) ;
#4340 = CARTESIAN_POINT ( 'NONE',  ( 40.51470356711995200, -1.743056470771144000, 91.59999999999998000 ) ) ;
#4341 = CARTESIAN_POINT ( 'NONE',  ( 33.95364577911014000, -0.8316411299300952000, 91.59999999999968200 ) ) ;
#4342 = EDGE_CURVE ( 'NONE', #1549, #3159, #4681, .T. ) ;
#4343 = CARTESIAN_POINT ( 'NONE',  ( 48.17536192531621000, -0.3040165626875691600, 53.62657717631147800 ) ) ;
#4344 = CARTESIAN_POINT ( 'NONE',  ( 36.97207071646587900, 0.1514627372581398000, -70.91410312602917500 ) ) ;
#4345 = CARTESIAN_POINT ( 'NONE',  ( 33.89718678469083800, 0.2814837495404421400, 91.60000000000026400 ) ) ;
#4346 = VERTEX_POINT ( 'NONE', #4047 ) ;
#4347 = ADVANCED_FACE ( 'NONE', ( #2060, #4556 ), #4512, .F. ) ;
#4348 = EDGE_CURVE ( 'NONE', #340, #4238, #5086, .T. ) ;
#4349 = CARTESIAN_POINT ( 'NONE',  ( 40.00000000000000000, 3.500000000000000000, 5.500000000000000000 ) ) ;
#4350 = CARTESIAN_POINT ( 'NONE',  ( 32.21229299759706800, 2.027932208377438300, 65.00000000000002800 ) ) ;
#4351 = CARTESIAN_POINT ( 'NONE',  ( 48.86315027719885500, -3.501002820499041300, 84.95388567777207800 ) ) ;
#4352 = CARTESIAN_POINT ( 'NONE',  ( 45.95322883934522900, 2.654282025366034900, -70.23201229162448600 ) ) ;
#4353 = CARTESIAN_POINT ( 'NONE',  ( 36.64785271303514900, 2.824631478723828700, 0.0000000000000000000 ) ) ;
#4354 = CARTESIAN_POINT ( 'NONE',  ( 46.32474143633962200, -0.2707379314590873100, -91.59999999999996600 ) ) ;
#4355 = CARTESIAN_POINT ( 'NONE',  ( 40.42800475684322200, -0.8652004700196656000, 0.0000000000000000000 ) ) ;
#4356 = CARTESIAN_POINT ( 'NONE',  ( 45.90213735485023200, -2.604209595477471800, 84.95796504409023000 ) ) ;
#4357 = CARTESIAN_POINT ( 'NONE',  ( 41.76213353000428400, -0.2575137627846739200, 85.07036454184240900 ) ) ;
#4358 = CARTESIAN_POINT ( 'NONE',  ( 27.90739103088849800, -3.399832857539963900, -67.56255582145651300 ) ) ;
#4359 = CARTESIAN_POINT ( 'NONE',  ( 44.02140282894276900, 0.05630881678932223700, 65.00000000000000000 ) ) ;
#4360 = CARTESIAN_POINT ( 'NONE',  ( 33.44224903304998300, -0.2601180075258214300, 86.32671266945443700 ) ) ;
#4361 = CARTESIAN_POINT ( 'NONE',  ( 53.41013580006597300, -3.291519326522031700, 40.00361683776478100 ) ) ;
#4362 = CARTESIAN_POINT ( 'NONE',  ( 39.45881026820634200, 1.194184789398906200, -65.00000000000005700 ) ) ;
#4363 = CARTESIAN_POINT ( 'NONE',  ( 33.90776325726933700, 0.2917300450999967800, 91.60000000000026400 ) ) ;
#4364 = CALENDAR_DATE ( 2016, 31, 7 ) ;
#4365 = CARTESIAN_POINT ( 'NONE',  ( 33.67606706457742400, -0.2903628384458580800, 91.59999999999995200 ) ) ;
#4366 = CARTESIAN_POINT ( 'NONE',  ( 45.50000000000000000, -3.500000000000000000, 101.5999999999999900 ) ) ;
#4367 = CARTESIAN_POINT ( 'NONE',  ( 45.87278677071878300, 1.025221833771809100, -86.27860519358182500 ) ) ;
#4368 = CARTESIAN_POINT ( 'NONE',  ( 36.64785271303514900, 2.824631478723828700, 5.803733397248822500 ) ) ;
#4369 = CIRCLE ( 'NONE', #560, 1.250000000000001100 ) ;
#4370 = CARTESIAN_POINT ( 'NONE',  ( 47.70466712971794700, 2.159054890617972500, -70.44949643050296100 ) ) ;
#4371 = CARTESIAN_POINT ( 'NONE',  ( 35.58338339224275900, -2.106566525355265900, -92.34736042099463300 ) ) ;
#4372 = ORIENTED_EDGE ( 'NONE', *, *, #533, .T. ) ;
#4373 = CARTESIAN_POINT ( 'NONE',  ( 41.85491737383413400, -2.077125901561141900, 91.60000000000003700 ) ) ;
#4374 = CARTESIAN_POINT ( 'NONE',  ( 41.90070221183562900, 1.528949311930107000, 68.60424020051199500 ) ) ;
#4375 = CARTESIAN_POINT ( 'NONE',  ( 27.90101124865906000, -3.377203229704993400, -67.55966644558428400 ) ) ;
#4376 = CARTESIAN_POINT ( 'NONE',  ( 43.77545803745386600, 0.01016806734913096300, 67.73785311825051300 ) ) ;
#4377 = CARTESIAN_POINT ( 'NONE',  ( 33.43396199819404300, -0.2499289414310919000, 86.32731500707956200 ) ) ;
#4378 = CARTESIAN_POINT ( 'NONE',  ( 52.96936919485861500, -2.969610173496467300, 35.00000000000000000 ) ) ;
#4379 = CARTESIAN_POINT ( 'NONE',  ( 41.58759278563930200, 1.081626734045285000, -73.66039144466176900 ) ) ;
#4380 = CARTESIAN_POINT ( 'NONE',  ( 33.28958661937345900, 0.001407349363945903400, 86.33853791945966800 ) ) ;
#4381 = ORIENTED_EDGE ( 'NONE', *, *, #919, .F. ) ;
#4382 = CARTESIAN_POINT ( 'NONE',  ( 46.61199556060895300, -2.908886317389230300, 91.59999999999998000 ) ) ;
#4383 = EDGE_CURVE ( 'NONE', #1612, #865, #4239, .T. ) ;
#4384 = CARTESIAN_POINT ( 'NONE',  ( 45.92602761897844500, 1.024894249476449000, -86.28476465842472000 ) ) ;
#4385 = CARTESIAN_POINT ( 'NONE',  ( 40.29746730603410800, -0.9195402882924373900, 85.20682435681028700 ) ) ;
#4386 = B_SPLINE_CURVE_WITH_KNOTS ( 'NONE', 3,
 ( #2120, #408, #3707, #1242 ),
 .UNSPECIFIED., .F., .F.,
 ( 4, 4 ),
 ( 0.0000000000000000000, 1.000000000000000000 ),
 .UNSPECIFIED. ) ;
#4387 = CARTESIAN_POINT ( 'NONE',  ( 45.21093249851060800, -3.429072555626031500, 23.94381333070548100 ) ) ;
#4388 = CARTESIAN_POINT ( 'NONE',  ( 47.11972367644379700, 1.208924672641711100, -81.08957159396671000 ) ) ;
#4389 = CARTESIAN_POINT ( 'NONE',  ( 35.69547366340129500, -2.561876484896953100, -97.16832572760701200 ) ) ;
#4390 = CARTESIAN_POINT ( 'NONE',  ( 46.41906649765650900, -1.228489802778739200, 70.34962503206385500 ) ) ;
#4391 = CARTESIAN_POINT ( 'NONE',  ( 46.86647570522962500, -0.6590898386838134300, 70.36527296117219500 ) ) ;
#4392 = CARTESIAN_POINT ( 'NONE',  ( 31.02950614214125100, -3.388451212429430400, -84.90361540284905600 ) ) ;
#4393 = CARTESIAN_POINT ( 'NONE',  ( 43.88541578575348700, -0.1796416769483043800, 70.37256937397201300 ) ) ;
#4394 = CARTESIAN_POINT ( 'NONE',  ( 32.64614599831963900, 1.411463800705353000, 65.00000000000000000 ) ) ;
#4395 = CARTESIAN_POINT ( 'NONE',  ( 52.81842673036877800, -3.346424057976369300, 52.50133064449435200 ) ) ;
#4396 = CARTESIAN_POINT ( 'NONE',  ( 40.09757144112352700, -1.599091377744757300, -91.59999999999998000 ) ) ;
#4397 = CARTESIAN_POINT ( 'NONE',  ( 45.49937184276848300, 1.453130053871304300, -0.08570260544231032800 ) ) ;
#4398 = CARTESIAN_POINT ( 'NONE',  ( 36.49989636548458800, 0.3890674239539849100, 91.59999999999998000 ) ) ;
#4399 = CARTESIAN_POINT ( 'NONE',  ( 45.87104948085447400, 1.025423365042032800, -86.27853137749254100 ) ) ;
#4400 = CARTESIAN_POINT ( 'NONE',  ( 35.64586156182658500, 0.1831904700945267700, 80.61705262769399400 ) ) ;
#4401 = CARTESIAN_POINT ( 'NONE',  ( 53.28631023885851200, -3.498586476245995500, 23.02748771434393000 ) ) ;
#4402 = CARTESIAN_POINT ( 'NONE',  ( 46.29891967322715400, -0.04068574578858128600, -91.60000000000008000 ) ) ;
#4403 = CARTESIAN_POINT ( 'NONE',  ( 27.86933634618926400, -3.289735958407718400, -64.99999999999998600 ) ) ;
#4404 = CARTESIAN_POINT ( 'NONE',  ( 44.94285209905788700, -0.8161771004039448700, 78.30591850289833600 ) ) ;
#4405 = CARTESIAN_POINT ( 'NONE',  ( 32.36067568814633700, -3.323463463182948700, -91.59999999999999400 ) ) ;
#4406 = CARTESIAN_POINT ( 'NONE',  ( 42.73764381883981400, 0.5671970574908137300, 65.00000000000000000 ) ) ;
#4407 = CARTESIAN_POINT ( 'NONE',  ( 32.95677756101513700, 0.2859380727417338300, 81.05269793781558000 ) ) ;
#4408 = CARTESIAN_POINT ( 'NONE',  ( 43.27597305570979100, -2.206130419742017500, 97.62043125803933200 ) ) ;
#4409 = CARTESIAN_POINT ( 'NONE',  ( 42.09473822389465200, 0.2285469907838393000, -79.96941449221870400 ) ) ;
#4410 = CARTESIAN_POINT ( 'NONE',  ( 33.38800443939105400, -2.908886317389230300, -91.59999999999998000 ) ) ;
#4411 = CARTESIAN_POINT ( 'NONE',  ( 34.66321404807725800, 0.4974204868938179600, 91.59999999999999400 ) ) ;
#4412 = CARTESIAN_POINT ( 'NONE',  ( 45.73820227056299400, 3.232811356166312300, -64.99999999999997200 ) ) ;
#4413 = CARTESIAN_POINT ( 'NONE',  ( 34.41694630392059700, 1.466939564186818800, 64.99999999999998600 ) ) ;
#4414 = CARTESIAN_POINT ( 'NONE',  ( 43.35214728696485800, 2.824631478723828700, 0.0000000000000000000 ) ) ;
#4415 = CC_DESIGN_APPROVAL ( #3874, ( #2671 ) ) ;
#4416 = CARTESIAN_POINT ( 'NONE',  ( 46.99033256033168700, 2.375813977721021900, -75.87977926206748700 ) ) ;
#4417 = CARTESIAN_POINT ( 'NONE',  ( 45.56673572020730500, 0.4999544664041345500, -91.59999999999999400 ) ) ;
#4418 = CARTESIAN_POINT ( 'NONE',  ( 52.15147496936277300, -3.305046149004432700, 65.00000000000000000 ) ) ;
#4419 = CARTESIAN_POINT ( 'NONE',  ( 42.28045430779050000, -1.495465957731330300, 84.95608939894405900 ) ) ;
#4420 = CIRCLE ( 'NONE', #4975, 19.99999999999999600 ) ;
#4421 = CARTESIAN_POINT ( 'NONE',  ( 46.42792320042926200, -0.05403908331738876300, 65.00000000000000000 ) ) ;
#4422 = CARTESIAN_POINT ( 'NONE',  ( 27.91907861367300500, -3.416752760299575500, -67.56774484972237400 ) ) ;
#4423 = CARTESIAN_POINT ( 'NONE',  ( 32.51868396234740300, 1.504553224338018600, 65.00000000000000000 ) ) ;
#4424 = CARTESIAN_POINT ( 'NONE',  ( 45.42449556111217400, -2.436013439694203700, 91.59999999999996600 ) ) ;
#4425 = CARTESIAN_POINT ( 'NONE',  ( 44.33963634882595500, -0.4182583733796581000, -86.10852631384699400 ) ) ;
#4426 = CARTESIAN_POINT ( 'NONE',  ( 33.46185471301271300, -3.396775291034118000, -96.76968006617255500 ) ) ;
#4427 = ORIENTED_EDGE ( 'NONE', *, *, #4893, .T. ) ;
#4428 = CARTESIAN_POINT ( 'NONE',  ( 41.12566695175620900, -1.798190371432724100, 99.13166649291886800 ) ) ;
#4429 = CARTESIAN_POINT ( 'NONE',  ( 41.34369806224207600, 0.6089182105657340300, -85.59511001973182000 ) ) ;
#4430 = CARTESIAN_POINT ( 'NONE',  ( 42.07254067355968600, 0.4614864690042545500, 71.49480833502201400 ) ) ;
#4431 = CARTESIAN_POINT ( 'NONE',  ( 35.38796685524036400, -0.2051890421822103200, -64.99999999999998600 ) ) ;
#4432 = CARTESIAN_POINT ( 'NONE',  ( 47.67358786073087600, 2.755449905536768300, -64.99999999999994300 ) ) ;
#4433 = CARTESIAN_POINT ( 'NONE',  ( 33.50978368780256700, 2.241868967693481500, 75.78190063152148100 ) ) ;
#4434 = ORIENTED_EDGE ( 'NONE', *, *, #5157, .T. ) ;
#4435 = CARTESIAN_POINT ( 'NONE',  ( 47.31249999999992200, 5.500000000000005300, -23.25785260307938500 ) ) ;
#4436 = CARTESIAN_POINT ( 'NONE',  ( 51.14313200150176200, -2.895621129018439700, 70.02418733614972300 ) ) ;
#4437 = VERTEX_POINT ( 'NONE', #1157 ) ;
#4438 = CARTESIAN_POINT ( 'NONE',  ( 34.59035315849774200, 2.068735829641966000, 1.025482422186822400 ) ) ;
#4439 = EDGE_CURVE ( 'NONE', #3090, #1505, #1619, .T. ) ;
#4440 = CARTESIAN_POINT ( 'NONE',  ( 44.79075332161065900, -0.7446102340961012800, 78.31787031441581300 ) ) ;
#4441 = CARTESIAN_POINT ( 'NONE',  ( 32.32660418410633700, -3.412410280164596400, -91.60000000000003700 ) ) ;
#4442 = CARTESIAN_POINT ( 'NONE',  ( 32.32513669837901200, 1.341122117860140200, 70.42496488473321400 ) ) ;
#4443 = CARTESIAN_POINT ( 'NONE',  ( 44.30452633659870500, -2.561876484896953100, 97.16832572760701200 ) ) ;
#4444 = CARTESIAN_POINT ( 'NONE',  ( 46.11525001232345700, -0.1141293804510270800, -80.96049127167033500 ) ) ;
#4445 = ADVANCED_FACE ( 'NONE', ( #2317 ), #3944, .F. ) ;
#4446 = CARTESIAN_POINT ( 'NONE',  ( 33.44213962214914900, -3.421796275631846300, -96.76830229557577900 ) ) ;
#4447 = CARTESIAN_POINT ( 'NONE',  ( 32.69409243725551300, 3.119204873651812100, 65.00000000000000000 ) ) ;
#4448 = CARTESIAN_POINT ( 'NONE',  ( 43.79510406840288500, 1.481755629168389800, -80.50370928420422000 ) ) ;
#4449 = CARTESIAN_POINT ( 'NONE',  ( 33.46465353212155900, 0.7928813756407284700, 70.32049127167033500 ) ) ;
#4450 = CARTESIAN_POINT ( 'NONE',  ( 45.95662728200700500, 5.500000000000001800, -23.28022362359615400 ) ) ;
#4451 = CARTESIAN_POINT ( 'NONE',  ( 47.08955844320160400, 2.331823395037076800, -75.88745905699413200 ) ) ;
#4452 = CARTESIAN_POINT ( 'NONE',  ( 33.91983696479464100, 0.3030198114288231200, 91.60000000000027900 ) ) ;
#4453 = CARTESIAN_POINT ( 'NONE',  ( 32.36472449246371500, -3.316365334926254500, -91.59999999999998000 ) ) ;
#4454 = CARTESIAN_POINT ( 'NONE',  ( 50.29221156117616700, -3.353738925625876300, 78.19796246428974500 ) ) ;
#4455 = CARTESIAN_POINT ( 'NONE',  ( 46.97345319843117300, 1.262225913396016800, -64.99999999999998600 ) ) ;
#4456 = CARTESIAN_POINT ( 'NONE',  ( 35.11560900184302600, 2.759449248230518000, 2.543517942267004000 ) ) ;
#4457 = CARTESIAN_POINT ( 'NONE',  ( 46.73968281524472700, -0.4133103354030923700, 67.69813125231266300 ) ) ;
#4458 = CARTESIAN_POINT ( 'NONE',  ( 27.81668588479164900, -3.361373774031518400, -65.00000000000000000 ) ) ;
#4459 = CARTESIAN_POINT ( 'NONE',  ( 27.18960539640519900, -3.437591860374771300, -52.50123405878348800 ) ) ;
#4460 = CARTESIAN_POINT ( 'NONE',  ( 46.61199556060895300, -2.908886317389230300, 91.59999999999998000 ) ) ;
#4461 = CARTESIAN_POINT ( 'NONE',  ( 46.65384447073680000, 1.262637212728754800, -64.99999999999998600 ) ) ;
#4462 = CARTESIAN_POINT ( 'NONE',  ( 36.19724918871433100, -2.391710323619127700, -97.37052488504970400 ) ) ;
#4463 = CARTESIAN_POINT ( 'NONE',  ( 32.50607299581319900, 2.981388297509371300, 64.99999999999997200 ) ) ;
#4464 = CARTESIAN_POINT ( 'NONE',  ( 44.84637736587785600, 2.625007923199639000, -70.06692317393572000 ) ) ;
#4465 = CARTESIAN_POINT ( 'NONE',  ( 33.34812872381463200, 0.7784697272294401900, 70.33122065485262900 ) ) ;
#4466 = CARTESIAN_POINT ( 'NONE',  ( 32.84224463246742700, 2.298350186991991300, 75.89152359647401600 ) ) ;
#4467 = CARTESIAN_POINT ( 'NONE',  ( 38.58091458358996600, 4.061546986379974000, -34.99999999999999300 ) ) ;
#4468 = CARTESIAN_POINT ( 'NONE',  ( 47.23818763578358900, 2.605121839420653900, -70.41436996283179900 ) ) ;
#4469 = CARTESIAN_POINT ( 'NONE',  ( 33.46510068128697700, 1.603673796005009600, 81.04199407626038000 ) ) ;
#4470 = CARTESIAN_POINT ( 'NONE',  ( 33.68877165252085600, -3.188020217679367300, -91.60000000000000900 ) ) ;
#4471 = CARTESIAN_POINT ( 'NONE',  ( 51.15422207390538000, -2.733625987851395300, 65.00000000000002800 ) ) ;
#4472 = CARTESIAN_POINT ( 'NONE',  ( 47.39540367039065700, 0.6577369003178139600, -75.77746272888983000 ) ) ;
#4473 = DIRECTION ( 'NONE',  ( -0.0000000000000000000, -0.0000000000000000000, 1.000000000000000000 ) ) ;
#4474 = B_SPLINE_CURVE_WITH_KNOTS ( 'NONE', 3,
 ( #5176, #2638, #157, #3448, #2713, #3894, #563, #174, #4337, #1053, #1410, #4730 ),
 .UNSPECIFIED., .F., .F.,
 ( 4, 2, 2, 2, 2, 4 ),
 ( 0.01232525779732797200, 0.01375487134266494300, 0.01518448488800191500, 0.01661409843333888600, 0.01732890520600736300, 0.01804371197867584200 ),
 .UNSPECIFIED. ) ;
#4475 = CARTESIAN_POINT ( 'NONE',  ( 47.54447199287260900, -1.001070964203598000, 70.25970356848381500 ) ) ;
#4476 = CARTESIAN_POINT ( 'NONE',  ( 31.07531779912845600, -3.476401955368870300, -84.93810313750935800 ) ) ;
#4477 = CARTESIAN_POINT ( 'NONE',  ( 26.58986419993402700, -3.291519326522031700, -35.00000000000000000 ) ) ;
#4478 = CARTESIAN_POINT ( 'NONE',  ( 45.50000000000000000, -3.500000000000000000, 101.5999999999999900 ) ) ;
#4479 = CARTESIAN_POINT ( 'NONE',  ( 46.57806961737272600, 0.7854856949547166500, -70.32444776770246600 ) ) ;
#4480 = CARTESIAN_POINT ( 'NONE',  ( 43.24866609648759000, -0.09638074286544820500, -96.66333298583774100 ) ) ;
#4481 = CARTESIAN_POINT ( 'NONE',  ( 34.18430688146419500, 0.4606982061924536600, 91.60000000000020700 ) ) ;
#4482 = CARTESIAN_POINT ( 'NONE',  ( 38.45550455364932000, 1.629634402615424400, -68.68957326396821400 ) ) ;
#4483 = CARTESIAN_POINT ( 'NONE',  ( 33.37540598289791700, 0.3061588068195224600, 75.66595592359784900 ) ) ;
#4484 = CARTESIAN_POINT ( 'NONE',  ( 33.67488789075894600, -0.2501229010015084700, 91.59999999999998000 ) ) ;
#4485 = CARTESIAN_POINT ( 'NONE',  ( 28.88697378577198500, -1.613850028421954400, -35.00000000000000000 ) ) ;
#4486 = CARTESIAN_POINT ( 'NONE',  ( 47.10871948151944400, -3.409658148906145000, 91.94456017736872900 ) ) ;
#4487 = EDGE_CURVE ( 'NONE', #993, #832, #558, .T. ) ;
#4488 = CARTESIAN_POINT ( 'NONE',  ( 32.42370942602541800, -3.293550582068236500, -91.93936013234511500 ) ) ;
#4489 = CARTESIAN_POINT ( 'NONE',  ( 52.04176966875522900, -3.444526936924092300, 70.11761678628840900 ) ) ;
#4490 = ORIENTED_EDGE ( 'NONE', *, *, #3733, .F. ) ;
#4491 = CIRCLE ( 'NONE', #76, 5.500000000000000000 ) ;
#4492 = CARTESIAN_POINT ( 'NONE',  ( 46.58552314233443100, -0.06728734190480922800, -81.00466363231682000 ) ) ;
#4493 = DIRECTION ( 'NONE',  ( 1.000000000000000000, 0.0000000000000000000, 0.0000000000000000000 ) ) ;
#4494 = ORIENTED_EDGE ( 'NONE', *, *, #919, .T. ) ;
#4495 = CARTESIAN_POINT ( 'NONE',  ( 42.20358127087070700, -1.153417220847097200, 91.59999999999996600 ) ) ;
#4496 = CARTESIAN_POINT ( 'NONE',  ( 29.76350188904055100, -3.445186626622759100, -78.24260835014688100 ) ) ;
#4497 = CARTESIAN_POINT ( 'NONE',  ( 40.00000000000000000, 3.500000000000000000, 5.500000000000000000 ) ) ;
#4498 = VERTEX_POINT ( 'NONE', #4650 ) ;
#4499 = CARTESIAN_POINT ( 'NONE',  ( 45.50000000000000000, -3.500000000000000000, 101.5999999999999900 ) ) ;
#4500 = CARTESIAN_POINT ( 'NONE',  ( 44.35211775423854200, 0.8763125125787497600, -74.95520219224901800 ) ) ;
#4501 = ORIENTED_EDGE ( 'NONE', *, *, #4172, .F. ) ;
#4502 = CARTESIAN_POINT ( 'NONE',  ( 32.43037077808841700, -3.504677565909957600, -91.93723738121686000 ) ) ;
#4503 = CARTESIAN_POINT ( 'NONE',  ( 33.85409966783102900, 1.003344475910855000, 86.30681790068531700 ) ) ;
#4504 = CARTESIAN_POINT ( 'NONE',  ( 36.39406884475140200, 0.9726813750880400900, -68.21116085546610500 ) ) ;
#4505 = CARTESIAN_POINT ( 'NONE',  ( 33.34615552926320700, 1.262637212728754800, 64.99999999999998600 ) ) ;
#4506 = CARTESIAN_POINT ( 'NONE',  ( 33.27943963760375800, 0.4710861880468777400, 86.34475946022902800 ) ) ;
#4507 = CARTESIAN_POINT ( 'NONE',  ( 40.20036057979356100, 1.809459859870980800, 0.0000000000000000000 ) ) ;
#4508 = CARTESIAN_POINT ( 'NONE',  ( 45.50569677629916000, -3.017552498776584300, 92.06314416388509900 ) ) ;
#4509 = CARTESIAN_POINT ( 'NONE',  ( 32.89128051848055600, -3.409658148906145000, -91.94456017736872900 ) ) ;
#4510 = CARTESIAN_POINT ( 'NONE',  ( 51.90485386154045200, -3.484410013876452400, 70.16405867307123900 ) ) ;
#4511 = CARTESIAN_POINT ( 'NONE',  ( 46.02009019599363900, -0.5553232306746324100, -86.29201622759946100 ) ) ;
#4512 = PLANE ( 'NONE',  #279 ) ;
#4513 = CARTESIAN_POINT ( 'NONE',  ( 27.95717606356943500, -3.495300514531105100, -65.00000000000000000 ) ) ;
#4514 = CARTESIAN_POINT ( 'NONE',  ( 29.75698968264036600, -3.445289113577133700, -78.23328417660602000 ) ) ;
#4515 = CARTESIAN_POINT ( 'NONE',  ( 40.00000000000000000, -3.926777784743245500, 0.0000000000000000000 ) ) ;
#4516 = CARTESIAN_POINT ( 'NONE',  ( 46.67581168076342400, -3.278905605860806400, 91.60000000000000900 ) ) ;
#4517 = CARTESIAN_POINT ( 'NONE',  ( 45.93244328064175600, -0.5608587569424999800, -86.28635124005518300 ) ) ;
#4518 = CARTESIAN_POINT ( 'NONE',  ( 32.52630082426733100, -3.533937962933759700, -91.93788137799234100 ) ) ;
#4519 = CARTESIAN_POINT ( 'NONE',  ( 33.35048994128175800, 0.6492244923499722600, 86.34249386090320400 ) ) ;
#4520 = CARTESIAN_POINT ( 'NONE',  ( 33.64544561973626500, 1.586702045863554100, 81.00945793217212600 ) ) ;
#4521 = CARTESIAN_POINT ( 'NONE',  ( 36.75627412144891100, -0.07588453309606539600, -78.54072908368480900 ) ) ;
#4522 = CARTESIAN_POINT ( 'NONE',  ( 33.88030654016412100, -0.1150386252616902900, 80.96087535899336300 ) ) ;
#4523 = CARTESIAN_POINT ( 'NONE',  ( 33.28071094389218800, 0.4754131216698849700, 86.34473642462128900 ) ) ;
#4524 = CARTESIAN_POINT ( 'NONE',  ( 34.54762002128323000, -3.390714092315537900, 0.0000000000000000000 ) ) ;
#4525 = CARTESIAN_POINT ( 'NONE',  ( 46.55404406699098300, -3.453884755073608000, 96.76691597222581700 ) ) ;
#4526 = CARTESIAN_POINT ( 'NONE',  ( 34.50000000000000000, -3.500000000000000000, -101.5999999999999900 ) ) ;
#4527 = CARTESIAN_POINT ( 'NONE',  ( 51.90777142699505500, -3.496066098990042300, 70.15105668274678400 ) ) ;
#4528 = CARTESIAN_POINT ( 'NONE',  ( 47.58283456490907800, 0.9872971788641214900, -75.82253754868980900 ) ) ;
#4529 = CARTESIAN_POINT ( 'NONE',  ( 32.26051818139128400, 3.033438695126689400, 45.03633987025011000 ) ) ;
#4530 = CARTESIAN_POINT ( 'NONE',  ( 29.87151526194043400, -3.500293691370864700, -78.31423102496661700 ) ) ;
#4531 = CARTESIAN_POINT ( 'NONE',  ( 45.39014982524324200, -3.433084091956641000, 1.101084472878864700 ) ) ;
#4532 = CARTESIAN_POINT ( 'NONE',  ( 47.10871948151944400, -3.409658148906145000, 91.94456017736872900 ) ) ;
#4533 = CARTESIAN_POINT ( 'NONE',  ( 46.71897379428910600, 0.7754125465397886400, -70.33708468698097200 ) ) ;
#4534 = CARTESIAN_POINT ( 'NONE',  ( 34.50000000000000000, -3.500000000000000000, -101.5999999999999900 ) ) ;
#4535 = CARTESIAN_POINT ( 'NONE',  ( 32.19594374049550100, 2.119271928480658000, 65.00000000000002800 ) ) ;
#4536 = CARTESIAN_POINT ( 'NONE',  ( 33.18889305488013300, 3.250000000000000400, 64.99999999999997200 ) ) ;
#4537 = CARTESIAN_POINT ( 'NONE',  ( 39.16306492121001500, -0.6267259919649870200, -91.60000000000000900 ) ) ;
#4538 = CARTESIAN_POINT ( 'NONE',  ( 33.45977915011886900, 0.7917613981688966800, 70.32087535899336200 ) ) ;
#4539 = CARTESIAN_POINT ( 'NONE',  ( 32.29533287028206000, 2.159054890617972500, 70.44949643050296100 ) ) ;
#4540 = CARTESIAN_POINT ( 'NONE',  ( 40.76890043090600100, 4.716700250569106200, -23.30396550313230700 ) ) ;
#4541 = CARTESIAN_POINT ( 'NONE',  ( 47.54949556006160100, -3.282207010196621000, 91.59999999999998000 ) ) ;
#4542 = CARTESIAN_POINT ( 'NONE',  ( 38.85842968344323400, -2.060254961280371800, -93.14015673250037300 ) ) ;
#4543 = CARTESIAN_POINT ( 'NONE',  ( 50.28727094300334200, -3.405927960657024700, 78.20255582145651400 ) ) ;
#4544 = DIRECTION ( 'NONE',  ( -0.0000000000000000000, -1.000000000000000000, -0.0000000000000000000 ) ) ;
#4545 = CARTESIAN_POINT ( 'NONE',  ( 47.54723242501317100, 1.157151344658460500, -70.41047695738592400 ) ) ;
#4546 = CARTESIAN_POINT ( 'NONE',  ( 32.17321118280542400, 2.073798295717659700, 64.99999999999997200 ) ) ;
#4547 = CARTESIAN_POINT ( 'NONE',  ( 29.53619614701197100, -2.796161992501015700, -64.99999999999997200 ) ) ;
#4548 = APPROVAL_DATE_TIME ( #365, #2228 ) ;
#4549 = CARTESIAN_POINT ( 'NONE',  ( 45.17531588435112900, -0.1696569241813815600, -98.38101291942410900 ) ) ;
#4550 = CARTESIAN_POINT ( 'NONE',  ( 45.22522384064014000, -3.429184591355484400, 1.716693279303529000 ) ) ;
#4551 = CARTESIAN_POINT ( 'NONE',  ( 46.53481461095579200, -3.502338782954979500, 96.76861869060842000 ) ) ;
#4552 = CARTESIAN_POINT ( 'NONE',  ( 46.80135316219136100, 1.249824110709331100, -64.99999999999998600 ) ) ;
#4553 = EDGE_CURVE ( 'NONE', #4238, #1552, #3201, .T. ) ;
#4554 = CARTESIAN_POINT ( 'NONE',  ( 34.50000000000000000, -3.500000000000000000, -101.5999999999999900 ) ) ;
#4555 = CARTESIAN_POINT ( 'NONE',  ( 32.95631559539867100, 1.331248208886296700, 81.08769957515149000 ) ) ;
#4556 = FACE_OUTER_BOUND ( 'NONE', #581, .T. ) ;
#4557 = CARTESIAN_POINT ( 'NONE',  ( 33.00301913560392100, 3.233213221323628900, 65.00000000000000000 ) ) ;
#4558 = CARTESIAN_POINT ( 'NONE',  ( 35.61349510744570800, 0.4227497619459305600, -71.13854973613990800 ) ) ;
#4559 = CARTESIAN_POINT ( 'NONE',  ( 48.09266413130097800, 2.735701323569667700, -55.02815715864551300 ) ) ;
#4560 = CARTESIAN_POINT ( 'NONE',  ( 32.89910529619321300, 1.241755032694963600, 81.08921668904641000 ) ) ;
#4561 = CARTESIAN_POINT ( 'NONE',  ( 34.72538947138133400, -3.449308689770564000, -23.95547209840502800 ) ) ;
#4562 = CARTESIAN_POINT ( 'NONE',  ( 45.50000000000000000, -3.500000000000000000, 101.5999999999999900 ) ) ;
#4563 = EDGE_LOOP ( 'NONE', ( #3161, #5341, #247, #3481, #845, #2381, #3928, #3487 ) ) ;
#4564 = CIRCLE ( 'NONE', #729, 28.17412854073873900 ) ;
#4565 = CARTESIAN_POINT ( 'NONE',  ( 40.12127178543101300, -1.986550559059989000, -99.82118079328773800 ) ) ;
#4566 = CARTESIAN_POINT ( 'NONE',  ( 52.18331411520835400, -3.361373774031518400, 65.00000000000000000 ) ) ;
#4567 = ORIENTED_EDGE ( 'NONE', *, *, #3245, .F. ) ;
#4568 = CARTESIAN_POINT ( 'NONE',  ( 47.61341611387696600, 1.100388927126827500, -75.83479667158646000 ) ) ;
#4569 = CARTESIAN_POINT ( 'NONE',  ( 31.53246883826002600, 4.810201473950261400, 35.00000000000002800 ) ) ;
#4570 = DIRECTION ( 'NONE',  ( -0.0000000000000000000, -1.000000000000000000, -0.0000000000000000000 ) ) ;
#4571 = CARTESIAN_POINT ( 'NONE',  ( 28.09969638123166600, -3.460494181924651100, -70.28884426746479600 ) ) ;
#4572 = CARTESIAN_POINT ( 'NONE',  ( 45.44069667038808500, -3.104786526019608100, 0.8150359909803566200 ) ) ;
#4573 = CARTESIAN_POINT ( 'NONE',  ( 46.55404406699098300, -3.453884755073608000, 96.76691597222581700 ) ) ;
#4574 = CARTESIAN_POINT ( 'NONE',  ( 34.50000000000000000, -3.500000000000000000, -101.5999999999999900 ) ) ;
#4575 = CARTESIAN_POINT ( 'NONE',  ( 33.26510757734848800, 2.650191370069476400, 70.32952931684940300 ) ) ;
#4576 = CARTESIAN_POINT ( 'NONE',  ( 37.13559438331372300, -0.6881593102148746400, -84.97507387356328900 ) ) ;
#4577 = CARTESIAN_POINT ( 'NONE',  ( 34.27367753924656300, -0.9851725693197860300, 91.59999999999989500 ) ) ;
#4578 = CARTESIAN_POINT ( 'NONE',  ( 35.56170968827046200, 2.735737333946335800, 5.871073698460308200 ) ) ;
#4579 = CARTESIAN_POINT ( 'NONE',  ( 26.71368976114148800, -3.498586476245995500, -23.02748771434393000 ) ) ;
#4580 = CARTESIAN_POINT ( 'NONE',  ( 42.08832556122911900, -2.246074405031257100, 92.79051739311965700 ) ) ;
#4581 = CARTESIAN_POINT ( 'NONE',  ( 34.50000000000000000, -3.500000000000000000, -101.5999999999999900 ) ) ;
#4582 = CARTESIAN_POINT ( 'NONE',  ( 47.66477799400147600, -3.357250790381801000, 91.60000000000000900 ) ) ;
#4583 = CARTESIAN_POINT ( 'NONE',  ( 47.38977856490110000, 1.435804755371729000, -65.00000000000000000 ) ) ;
#4584 = CARTESIAN_POINT ( 'NONE',  ( 32.18929966821374200, 2.494236761034255100, 65.00000000000000000 ) ) ;
#4585 = CARTESIAN_POINT ( 'NONE',  ( 29.79811908471378200, -3.485557032649426300, -78.29033390789820100 ) ) ;
#4586 = CARTESIAN_POINT ( 'NONE',  ( 45.50000000000000000, -3.500000000000000000, 101.5999999999999900 ) ) ;
#4587 = CARTESIAN_POINT ( 'NONE',  ( 49.84720332546470400, -2.197763591662127900, 70.02989909491600400 ) ) ;
#4588 = CARTESIAN_POINT ( 'NONE',  ( 45.74254357086202600, -0.4731011181199776800, -98.04236158657549500 ) ) ;
#4589 = AXIS2_PLACEMENT_3D ( 'NONE', #2280, #4267, #4672 ) ;
#4590 = CARTESIAN_POINT ( 'NONE',  ( 34.40745729025975700, 0.4998895431517681500, 91.59999999999998000 ) ) ;
#4591 = CARTESIAN_POINT ( 'NONE',  ( 33.07136171051639900, -0.5133160626245719700, -67.68251145703571600 ) ) ;
#4592 = CARTESIAN_POINT ( 'NONE',  ( 32.71579608425980000, 0.9265774916880872300, 70.38441667708913500 ) ) ;
#4593 = CARTESIAN_POINT ( 'NONE',  ( 34.47101824566893700, 1.587890443033218100, 5.395821586454505200 ) ) ;
#4594 = EDGE_CURVE ( 'NONE', #3286, #3090, #3339, .T. ) ;
#4595 = CARTESIAN_POINT ( 'NONE',  ( 34.78351220772056300, -3.431835659856597800, -23.94588434595592100 ) ) ;
#4596 = CARTESIAN_POINT ( 'NONE',  ( 39.99724640550896700, -2.458931589830675600, 99.43733406778260100 ) ) ;
#4597 = CARTESIAN_POINT ( 'NONE',  ( 45.50550718898206500, -1.417863179661351200, -97.27466813556522100 ) ) ;
#4598 = CARTESIAN_POINT ( 'NONE',  ( 52.02189268356055900, -3.469463273565001900, 67.63620627501872200 ) ) ;
#4599 = CARTESIAN_POINT ( 'NONE',  ( 34.78826674019566000, -2.892902860220198500, -1.773202749299891200 ) ) ;
#4600 = CARTESIAN_POINT ( 'NONE',  ( 46.57411403125024700, -0.2395981043819823700, -86.32790573776756600 ) ) ;
#4601 = CARTESIAN_POINT ( 'NONE',  ( 52.07119293955065600, -3.202275457983076100, 52.61018983562218700 ) ) ;
#4602 = CARTESIAN_POINT ( 'NONE',  ( 28.13284096905552500, -3.491175392880836000, -70.32231106715319400 ) ) ;
#4603 = DIRECTION ( 'NONE',  ( 0.0000000000000000000, 0.0000000000000000000, 1.000000000000000000 ) ) ;
#4604 = AXIS2_PLACEMENT_3D ( 'NONE', #1795, #4266, #1376 ) ;
#4605 = CARTESIAN_POINT ( 'NONE',  ( 34.49449281101793500, -1.417863179661351200, 97.27466813556522100 ) ) ;
#4606 = CARTESIAN_POINT ( 'NONE',  ( 45.40670350760651500, -0.2360741792325806400, -98.42039891338988900 ) ) ;
#4607 = CARTESIAN_POINT ( 'NONE',  ( 34.38144173963569700, 0.4987594352989396800, 91.59999999999998000 ) ) ;
#4608 = CARTESIAN_POINT ( 'NONE',  ( 35.42774547674365900, -0.6428427282068833700, -78.33813125231266400 ) ) ;
#4609 = CARTESIAN_POINT ( 'NONE',  ( 33.20933373354290600, 0.03522893541720115800, 81.02441667708906400 ) ) ;
#4610 = CARTESIAN_POINT ( 'NONE',  ( 35.21042356889603300, 2.649599163913952000, 5.719227204834493400 ) ) ;
#4611 = CARTESIAN_POINT ( 'NONE',  ( 48.83273482826032800, -3.496675217658396000, 84.95874026601454400 ) ) ;
#4612 = EDGE_CURVE ( 'NONE', #900, #1035, #4369, .T. ) ;
#4613 = CARTESIAN_POINT ( 'NONE',  ( 46.16480011051827900, -0.8371507394188374400, -91.59999999999999400 ) ) ;
#4614 = CARTESIAN_POINT ( 'NONE',  ( 47.61771343061734300, -3.490099978400008400, 91.59999999999999400 ) ) ;
#4615 = DIRECTION ( 'NONE',  ( -0.0000000000000000000, -1.000000000000000000, -0.0000000000000000000 ) ) ;
#4616 = EDGE_CURVE ( 'NONE', #5147, #1612, #2765, .T. ) ;
#4617 = CALENDAR_DATE ( 2016, 31, 7 ) ;
#4618 = CARTESIAN_POINT ( 'NONE',  ( 47.54259622023764100, 1.151491801500090800, -70.40997535485749400 ) ) ;
#4619 = CARTESIAN_POINT ( 'NONE',  ( 45.21093249851060800, -3.429072555626031500, 0.0000000000000000000 ) ) ;
#4620 = CARTESIAN_POINT ( 'NONE',  ( 46.59457260332448000, 1.599067535561754500, -81.05002487730527600 ) ) ;
#4621 = CARTESIAN_POINT ( 'NONE',  ( 39.99999999999999300, 2.034576191987961000, 5.500000000000000000 ) ) ;
#4622 = ORIENTED_EDGE ( 'NONE', *, *, #2416, .F. ) ;
#4623 = CARTESIAN_POINT ( 'NONE',  ( 45.50000000000000000, -3.500000000000000000, 101.5999999999999900 ) ) ;
#4624 = CARTESIAN_POINT ( 'NONE',  ( 34.50000000000000000, -3.500000000000000000, -101.5999999999999900 ) ) ;
#4625 = CARTESIAN_POINT ( 'NONE',  ( 35.72806790444993700, 0.4452848607874442800, 91.60000000000006500 ) ) ;
#4626 = CARTESIAN_POINT ( 'NONE',  ( 33.92645839842934700, -1.338201082732508600, -78.23431797477206800 ) ) ;
#4627 = CARTESIAN_POINT ( 'NONE',  ( 39.51384904930326800, 2.597976161845658700, -34.99999999999999300 ) ) ;
#4628 = ORIENTED_EDGE ( 'NONE', *, *, #309, .T. ) ;
#4629 = CARTESIAN_POINT ( 'NONE',  ( 41.55730076183080300, -2.557322722032138600, 98.30928583163678500 ) ) ;
#4630 = VERTEX_POINT ( 'NONE', #2597 ) ;
#4631 = CARTESIAN_POINT ( 'NONE',  ( 39.79963942020644700, 1.809459859870980800, 0.0000000000000000000 ) ) ;
#4632 = CARTESIAN_POINT ( 'NONE',  ( 48.89765572645066500, -3.493531228670705900, 84.94704453395536300 ) ) ;
#4633 = CARTESIAN_POINT ( 'NONE',  ( 43.10987833684244200, 5.278925673685591800, -35.00000000000002800 ) ) ;
#4634 = CARTESIAN_POINT ( 'NONE',  ( 46.68042202114763500, -0.07395076556082469400, -86.33596053959249200 ) ) ;
#4635 = ORIENTED_EDGE ( 'NONE', *, *, #2854, .T. ) ;
#4636 = CARTESIAN_POINT ( 'NONE',  ( 32.13126590325017400, -2.693226094098652500, -78.31617192440620600 ) ) ;
#4637 = CARTESIAN_POINT ( 'NONE',  ( 46.55829995060542400, 1.602582402431580700, -81.04526024875697500 ) ) ;
#4638 = CARTESIAN_POINT ( 'NONE',  ( 34.99977734706972400, -1.511864834312181700, 97.00901297692681200 ) ) ;
#4639 = CARTESIAN_POINT ( 'NONE',  ( 35.98654034444361100, 2.989082619949432000, 3.767808645307094500 ) ) ;
#4640 = B_SPLINE_CURVE_WITH_KNOTS ( 'NONE', 3,
 ( #3144, #266, #1514, #1587 ),
 .UNSPECIFIED., .F., .F.,
 ( 4, 4 ),
 ( 0.0000000000000000000, 1.000000000000000000 ),
 .UNSPECIFIED. ) ;
#4641 = CARTESIAN_POINT ( 'NONE',  ( 35.90581042628125600, 2.578876231780252900, 69.93432127443152500 ) ) ;
#4642 = CARTESIAN_POINT ( 'NONE',  ( 32.99155590234308000, -0.7310944616935094500, -70.34212506173065500 ) ) ;
#4643 = DIRECTION ( 'NONE',  ( -0.0000000000000000000, -0.0000000000000000000, 1.000000000000000000 ) ) ;
#4644 = CARTESIAN_POINT ( 'NONE',  ( 40.00000000000000000, 3.500000000000000000, 0.0000000000000000000 ) ) ;
#4645 = CARTESIAN_POINT ( 'NONE',  ( 37.61460152366160500, -1.614645444064277000, 95.01857166327359000 ) ) ;
#4646 = CARTESIAN_POINT ( 'NONE',  ( 50.24611048990721700, -3.443039919709836500, 78.22958386454317300 ) ) ;
#4647 = CARTESIAN_POINT ( 'NONE',  ( 47.28709625128163900, 3.129714231336636400, -65.00000000000000000 ) ) ;
#4648 = CARTESIAN_POINT ( 'NONE',  ( 36.07600489785279800, -1.698558109759620700, -3.859636546307085400 ) ) ;
#4649 = CARTESIAN_POINT ( 'NONE',  ( 47.73843481020041700, 1.870852118914267100, -65.00000000000005700 ) ) ;
#4650 = CARTESIAN_POINT ( 'NONE',  ( 32.68750000000007800, 5.500000000000005300, 35.00000000000000000 ) ) ;
#4651 = CARTESIAN_POINT ( 'NONE',  ( 35.31919557616873800, -2.781578952616098600, -91.60000000000012200 ) ) ;
#4652 = EDGE_CURVE ( 'NONE', #4346, #900, #117, .T. ) ;
#4653 = CARTESIAN_POINT ( 'NONE',  ( 47.17228826792146600, 2.624999941600651100, -70.40640833689933200 ) ) ;
#4654 = CARTESIAN_POINT ( 'NONE',  ( 40.41219486325957900, 1.740782857215950900, 5.487717199499377000 ) ) ;
#4655 = CARTESIAN_POINT ( 'NONE',  ( 34.59329649239349200, -0.2360741792325806400, 98.42039891338988900 ) ) ;
#4656 = CARTESIAN_POINT ( 'NONE',  ( 38.44269923816919700, -2.557322722032138600, -98.30928583163678500 ) ) ;
#4657 = CARTESIAN_POINT ( 'NONE',  ( 35.15362263412214400, 2.625007923199639000, 70.06692317393572000 ) ) ;
#4658 = CARTESIAN_POINT ( 'NONE',  ( 33.18903918560439300, -0.6310940460536120800, -70.37525518175421300 ) ) ;
#4659 = ORIENTED_EDGE ( 'NONE', *, *, #753, .T. ) ;
#4660 = CARTESIAN_POINT ( 'NONE',  ( 45.49939557890264300, 1.549077229301412600, -0.08311299303497975100 ) ) ;
#4661 = CARTESIAN_POINT ( 'NONE',  ( 33.56504831573060000, -0.3838512225318878600, 86.31807101523848800 ) ) ;
#4662 = CARTESIAN_POINT ( 'NONE',  ( 32.73084485828932300, -0.1137363113263521500, -35.00000000000000000 ) ) ;
#4663 = CARTESIAN_POINT ( 'NONE',  ( 35.97145229179042800, 0.05315460351387792100, -65.00000000000000000 ) ) ;
#4664 = CARTESIAN_POINT ( 'NONE',  ( 52.01288817515481400, -3.478010719133497000, 67.64449991209247100 ) ) ;
#4665 = CARTESIAN_POINT ( 'NONE',  ( 46.52279716306177400, 2.054944060622234700, -75.66424405435611800 ) ) ;
#4666 = CARTESIAN_POINT ( 'NONE',  ( 32.68750000000007100, 5.500000000000001800, 45.02947046347799900 ) ) ;
#4667 = CARTESIAN_POINT ( 'NONE',  ( 47.72248634290747300, 1.834423572835391300, -65.00000000000005700 ) ) ;
#4668 = CARTESIAN_POINT ( 'NONE',  ( 32.68750000000007800, 5.500000000000005300, 45.02947046347799900 ) ) ;
#4669 = CARTESIAN_POINT ( 'NONE',  ( 30.41735386864397100, -2.489814680665105100, -67.67617192440614800 ) ) ;
#4670 = CARTESIAN_POINT ( 'NONE',  ( 47.59337658580727000, 2.871649872416140300, -64.99999999999997200 ) ) ;
#4671 = CARTESIAN_POINT ( 'NONE',  ( 35.79820515099000700, -2.927145452471276800, -24.24837447618146800 ) ) ;
#4672 = DIRECTION ( 'NONE',  ( 0.0000000000000000000, 0.0000000000000000000, 1.000000000000000000 ) ) ;
#4673 = CARTESIAN_POINT ( 'NONE',  ( 35.54201206072333700, 2.912209220752040000, 3.229671620721553400 ) ) ;
#4674 = PERSON_AND_ORGANIZATION ( #4895, #1865 ) ;
#4675 = CARTESIAN_POINT ( 'NONE',  ( 40.46004504603848800, 1.916126946105138200, 68.95022003946367300 ) ) ;
#4676 = CARTESIAN_POINT ( 'NONE',  ( 31.04673838541828000, -3.332393177103909900, -84.89901901149140400 ) ) ;
#4677 = CARTESIAN_POINT ( 'NONE',  ( 32.76679979096869000, 1.343124616011312800, 65.00000000000000000 ) ) ;
#4678 = CARTESIAN_POINT ( 'NONE',  ( 34.42499999999999700, -26.32549538158371000, 91.59999999999999400 ) ) ;
#4679 = CARTESIAN_POINT ( 'NONE',  ( 36.00721074411664100, 0.06890339688463387200, -65.00000000000000000 ) ) ;
#4680 = CARTESIAN_POINT ( 'NONE',  ( 33.40542739667552000, 1.599067535561754500, 81.05002487730527600 ) ) ;
#4681 = CIRCLE ( 'NONE', #2565, 2.500000000000000000 ) ;
#4682 = CARTESIAN_POINT ( 'NONE',  ( 51.80054704467097800, -3.501899077608619400, 70.34846376887118400 ) ) ;
#4683 = CARTESIAN_POINT ( 'NONE',  ( 46.09129646385053300, 1.013132768926845200, -86.30159633380044700 ) ) ;
#4684 = CARTESIAN_POINT ( 'NONE',  ( 31.82463807468379000, -0.3040165626875691600, -53.62657717631147800 ) ) ;
#4685 = ORIENTED_EDGE ( 'NONE', *, *, #37, .F. ) ;
#4686 = CIRCLE ( 'NONE', #913, 0.1125000000000014900 ) ;
#4687 = CARTESIAN_POINT ( 'NONE',  ( 47.33594907896452500, 2.184587085928809000, -75.89769668342718500 ) ) ;
#4688 = CARTESIAN_POINT ( 'NONE',  ( 34.50000000000000000, -3.500000000000000000, -101.5999999999999900 ) ) ;
#4689 = EDGE_LOOP ( 'NONE', ( #3929, #2206, #5020, #4381 ) ) ;
#4690 = CARTESIAN_POINT ( 'NONE',  ( 46.33055658295729300, 0.9420330759860114900, -86.32263012437862000 ) ) ;
#4691 = AXIS2_PLACEMENT_3D ( 'NONE', #4268, #2298, #5105 ) ;
#4692 = CARTESIAN_POINT ( 'NONE',  ( 45.52898175433106300, 1.587890443033218100, 0.0000000000000000000 ) ) ;
#4693 = CARTESIAN_POINT ( 'NONE',  ( 26.73084485828933100, -3.492244288815581100, -40.00417574954925500 ) ) ;
#4694 = VERTEX_POINT ( 'NONE', #955 ) ;
#4695 = CARTESIAN_POINT ( 'NONE',  ( 51.24457604585144600, -3.141862419420625900, 65.00000000000000000 ) ) ;
#4696 = CARTESIAN_POINT ( 'NONE',  ( 34.81533267719964900, 0.4934606381431493900, 91.60000000000002300 ) ) ;
#4697 = CARTESIAN_POINT ( 'NONE',  ( 33.49626432380956900, -1.535260115693807000, -78.21677729352646200 ) ) ;
#4698 = CARTESIAN_POINT ( 'NONE',  ( 33.18750798920851300, 3.249999999999999600, 65.00000000000000000 ) ) ;
#4699 = EDGE_LOOP ( 'NONE', ( #196, #4246 ) ) ;
#4700 = CARTESIAN_POINT ( 'NONE',  ( 39.60350777351635500, -1.713958022373678100, -91.59999999999998000 ) ) ;
#4701 = CARTESIAN_POINT ( 'NONE',  ( 32.71705368505367100, 2.588321695835204200, 70.41940348444075000 ) ) ;
#4702 = CARTESIAN_POINT ( 'NONE',  ( 34.86857120164132300, 2.420568593374853100, 5.577632776552707800 ) ) ;
#4703 = CARTESIAN_POINT ( 'NONE',  ( 46.15411923884391100, 0.2254141888362178300, -91.60000000000026400 ) ) ;
#4704 = CARTESIAN_POINT ( 'NONE',  ( 46.86859417960667400, 2.653958671395515000, -70.35687234300580400 ) ) ;
#4705 = CARTESIAN_POINT ( 'NONE',  ( 31.18668665967196700, 0.06572055313576348500, -35.00000000000000000 ) ) ;
#4706 = CARTESIAN_POINT ( 'NONE',  ( 47.18054006812926800, 0.5490270444688003500, -81.07192107918528700 ) ) ;
#4707 = CARTESIAN_POINT ( 'NONE',  ( 33.97317448123927600, 3.108958647604744400, 23.26988219014421600 ) ) ;
#4708 = FACE_BOUND ( 'NONE', #3890, .T. ) ;
#4709 = B_SPLINE_CURVE_WITH_KNOTS ( 'NONE', 3,
 ( #3183, #725, #3609, #1145 ),
 .UNSPECIFIED., .F., .F.,
 ( 4, 4 ),
 ( 0.0000000000000000000, 0.8623188966464435700 ),
 .UNSPECIFIED. ) ;
#4710 = CARTESIAN_POINT ( 'NONE',  ( 46.47000648174954300, 1.602739338024222100, -81.03209777800907400 ) ) ;
#4711 = CARTESIAN_POINT ( 'NONE',  ( 47.77660612129450600, 3.050896305807777200, -35.00000000000000000 ) ) ;
#4712 = CARTESIAN_POINT ( 'NONE',  ( 27.95717606356943500, -3.495300514531104700, -65.00000000000000000 ) ) ;
#4713 = CARTESIAN_POINT ( 'NONE',  ( 40.00000000000000000, -3.500000000000000000, 0.0000000000000000000 ) ) ;
#4714 = CARTESIAN_POINT ( 'NONE',  ( 45.59754883482826000, 0.1519597771718472500, 67.83213103761090700 ) ) ;
#4715 = CARTESIAN_POINT ( 'NONE',  ( 27.94146835807093900, -3.422171029329296400, -70.11681672218236400 ) ) ;
#4716 = EDGE_CURVE ( 'NONE', #5342, #825, #3046, .T. ) ;
#4717 = CARTESIAN_POINT ( 'NONE',  ( 36.85989442739144600, 4.185706080450992200, 55.04672188883633800 ) ) ;
#4718 = CARTESIAN_POINT ( 'NONE',  ( 38.67982134140702800, -1.198832758001511700, -85.00460573217831900 ) ) ;
#4719 = VERTEX_POINT ( 'NONE', #1359 ) ;
#4720 = CARTESIAN_POINT ( 'NONE',  ( 33.28076143789069600, 1.569366202410334800, 81.06407349743337000 ) ) ;
#4721 = CARTESIAN_POINT ( 'NONE',  ( 37.28727294829367600, -2.117652668694102000, -4.817335496507710400 ) ) ;
#4722 = CARTESIAN_POINT ( 'NONE',  ( 52.04282393643056500, -3.495300514531104700, 65.00000000000000000 ) ) ;
#4723 = CARTESIAN_POINT ( 'NONE',  ( 46.33670038820528700, 1.582697808480197000, -81.00527011294704500 ) ) ;
#4724 = CARTESIAN_POINT ( 'NONE',  ( 43.45770310293487900, 3.253894066436547200, 35.00000000000000000 ) ) ;
#4725 = CARTESIAN_POINT ( 'NONE',  ( 47.70643648191501300, 2.155214729165087800, -70.44952989242391100 ) ) ;
#4726 = CARTESIAN_POINT ( 'NONE',  ( 51.96426923553686100, -2.757483048195332300, 35.00000000000000700 ) ) ;
#4727 = CARTESIAN_POINT ( 'NONE',  ( 46.19082036799355300, 0.9929611963255273700, -86.31097323669276000 ) ) ;
#4728 = CARTESIAN_POINT ( 'NONE',  ( 42.41980758143097300, -0.2249859100612356400, 0.0000000000000000000 ) ) ;
#4729 = CARTESIAN_POINT ( 'NONE',  ( 44.04282393634895200, 0.04683820488519256600, 65.00000000000000000 ) ) ;
#4730 = CARTESIAN_POINT ( 'NONE',  ( 44.58673884151163900, 2.878507268367561000, -3.035099141670409000 ) ) ;
#4731 = CARTESIAN_POINT ( 'NONE',  ( 44.25113532696585800, 0.7307946623441019500, 68.06888295621240600 ) ) ;
#4732 = CARTESIAN_POINT ( 'NONE',  ( 27.90099454398448100, -3.349671957799528000, -67.55803802298281400 ) ) ;
#4733 = CARTESIAN_POINT ( 'NONE',  ( 43.93783230423655100, -0.05825803499628843400, 67.68612178581753400 ) ) ;
#4734 = CARTESIAN_POINT ( 'NONE',  ( 52.06835504204718700, -3.502920983513961000, 65.00000000000000000 ) ) ;
#4735 = CARTESIAN_POINT ( 'NONE',  ( 39.45435245003339700, -1.750743740576115900, -91.59999999999998000 ) ) ;
#4736 = CARTESIAN_POINT ( 'NONE',  ( 33.60774028706364900, 0.9092608707883260700, 86.32718498141608200 ) ) ;
#4737 = CARTESIAN_POINT ( 'NONE',  ( 34.50099151610403700, 1.441787242512726900, 0.1064815977743901000 ) ) ;
#4738 = CARTESIAN_POINT ( 'NONE',  ( 32.26156518979958300, 1.870852118914267100, 65.00000000000005700 ) ) ;
#4739 = DIRECTION ( 'NONE',  ( 0.9290494341718689200, -0.3699556039106990900, 0.0000000000000000000 ) ) ;
#4740 = CARTESIAN_POINT ( 'NONE',  ( 46.85966049335388600, 3.249132448495952300, -64.99999999999998600 ) ) ;
#4741 = CARTESIAN_POINT ( 'NONE',  ( 47.93166654735281200, 0.7096218129894285000, 23.04838997685159900 ) ) ;
#4742 = CARTESIAN_POINT ( 'NONE',  ( 46.71992835231002800, 0.4732518132102580500, -86.34474821525144300 ) ) ;
#4743 = CARTESIAN_POINT ( 'NONE',  ( 50.32062157405204100, -1.831970258777327400, 23.15442164759888800 ) ) ;
#4744 = CARTESIAN_POINT ( 'NONE',  ( 47.13332271887257000, 2.633650474957781800, -70.40128508892404100 ) ) ;
#4745 = CARTESIAN_POINT ( 'NONE',  ( 31.36499199518199500, -0.8828271103404621300, -23.20770073081612500 ) ) ;
#4746 = CARTESIAN_POINT ( 'NONE',  ( 48.81832826400673000, -2.158891903210888000, 67.67593008818026600 ) ) ;
#4747 = ORIENTED_EDGE ( 'NONE', *, *, #5276, .T. ) ;
#4748 = LINE ( 'NONE', #5108, #575 ) ;
#4749 = CARTESIAN_POINT ( 'NONE',  ( 45.16278123688112300, 0.3481630525693187300, 67.90072908368479400 ) ) ;
#4750 = CARTESIAN_POINT ( 'NONE',  ( 31.71790754903806700, -2.361934582287275500, -78.15513579244570500 ) ) ;
#4751 = CARTESIAN_POINT ( 'NONE',  ( 43.82752561477956700, 0.1408364757835729500, 65.00000000000000000 ) ) ;
#4752 = CARTESIAN_POINT ( 'NONE',  ( 32.99936383414648600, 0.2279984180693859800, 81.04745010915615900 ) ) ;
#4753 = CARTESIAN_POINT ( 'NONE',  ( 48.36048385177779400, -1.142516276407978600, 64.99999999999991500 ) ) ;
#4754 = ORIENTED_EDGE ( 'NONE', *, *, #4594, .F. ) ;
#4755 = CARTESIAN_POINT ( 'NONE',  ( 39.70253269396590000, -0.9195402882924373900, -85.20682435681028700 ) ) ;
#4756 = CARTESIAN_POINT ( 'NONE',  ( 33.66192236358295300, 0.9384436906602012800, 86.32320416844984800 ) ) ;
#4757 = CARTESIAN_POINT ( 'NONE',  ( 35.97405273575058300, 0.3260886170578321500, 3.751883451177551200 ) ) ;
#4758 = ORIENTED_EDGE ( 'NONE', *, *, #4829, .T. ) ;
#4759 = CARTESIAN_POINT ( 'NONE',  ( 32.33079194599223900, 1.727546476458545800, 65.00000000000002800 ) ) ;
#4760 = CARTESIAN_POINT ( 'NONE',  ( 45.49998342332958900, 1.511335797240829200, 0.0000000000000000000 ) ) ;
#4761 = CARTESIAN_POINT ( 'NONE',  ( 46.52834456392475500, 2.052911910354219900, -75.65844214945096300 ) ) ;
#4762 = CARTESIAN_POINT ( 'NONE',  ( 36.23440830633485600, 5.340489078674536000, 35.00000000000001400 ) ) ;
#4763 = CARTESIAN_POINT ( 'NONE',  ( 46.72425278817012600, 0.4580352095472402000, -86.34481955024305900 ) ) ;
#4764 = CIRCLE ( 'NONE', #4604, 2.500000000000000000 ) ;
#4765 = APPLICATION_PROTOCOL_DEFINITION ( 'international standard', 'config_control_design', 1994, #1441 ) ;
#4766 = CARTESIAN_POINT ( 'NONE',  ( 45.22975383656658000, 0.6794399671886728300, 0.0000000000000000000 ) ) ;
#4767 = VERTEX_POINT ( 'NONE', #153 ) ;
#4768 = CARTESIAN_POINT ( 'NONE',  ( 44.80820152497318500, -0.5518715852301239200, 70.34480649329047700 ) ) ;
#4769 = EDGE_CURVE ( 'NONE', #1070, #127, #4491, .T. ) ;
#4770 = CARTESIAN_POINT ( 'NONE',  ( 42.78474361642826600, 0.9454610534041878500, 71.87688641509738800 ) ) ;
#4771 = CARTESIAN_POINT ( 'NONE',  ( 28.00833147150138200, -3.489724016988297300, -70.12014765095723600 ) ) ;
#4772 = CARTESIAN_POINT ( 'NONE',  ( 42.57152303391038100, -0.7920190706095172600, 78.31710555057728100 ) ) ;
#4773 = CARTESIAN_POINT ( 'NONE',  ( 32.44589732427866100, 1.165690647575246400, 70.41122411097846600 ) ) ;
#4774 = CARTESIAN_POINT ( 'NONE',  ( 48.81331334032803700, 0.06572055313576348500, 35.00000000000000000 ) ) ;
#4775 = CARTESIAN_POINT ( 'NONE',  ( 36.68374684035209300, 0.04490724156681704500, -70.73528651428350100 ) ) ;
#4776 = ADVANCED_FACE ( 'NONE', ( #2636 ), #3877, .F. ) ;
#4777 = CARTESIAN_POINT ( 'NONE',  ( 35.96714853953327700, -2.807047847108201700, -3.750856762941952500 ) ) ;
#4778 = CARTESIAN_POINT ( 'NONE',  ( 33.74020781300244900, -0.5631076162855686000, 91.59999999999976700 ) ) ;
#4779 = CARTESIAN_POINT ( 'NONE',  ( 46.97790956415840200, -3.085472570157330500, 91.95697146355861700 ) ) ;
#4780 = CARTESIAN_POINT ( 'NONE',  ( 46.54194424878866700, 2.051890143860482000, -75.63412547428936300 ) ) ;
#4781 = CARTESIAN_POINT ( 'NONE',  ( 51.11302621422801500, -1.613850028421954400, 35.00000000000000000 ) ) ;
#4782 = CARTESIAN_POINT ( 'NONE',  ( 47.11841578123850400, 1.211310185638204700, -81.08955128996088000 ) ) ;
#4783 = ORIENTED_EDGE ( 'NONE', *, *, #3521, .T. ) ;
#4784 = CARTESIAN_POINT ( 'NONE',  ( 33.01300443958010800, -3.058214594534034900, -91.59999999999998000 ) ) ;
#4785 = CARTESIAN_POINT ( 'NONE',  ( 48.71990072833108300, -2.203379988663610100, 70.35194919789700000 ) ) ;
#4786 = CARTESIAN_POINT ( 'NONE',  ( 40.68373033990993500, 0.09842912211703736000, 85.22558042773305000 ) ) ;
#4787 = CARTESIAN_POINT ( 'NONE',  ( 27.97371767966650000, -3.460227747236818400, -70.11830220041571200 ) ) ;
#4788 = CARTESIAN_POINT ( 'NONE',  ( 43.62754822947865600, -0.07649391439254367400, 70.53869513230077400 ) ) ;
#4789 = CARTESIAN_POINT ( 'NONE',  ( 32.59987512851546400, 1.443237217222281600, 65.00000000000000000 ) ) ;
#4790 = CIRCLE ( 'NONE', #1588, 2.500000000000000000 ) ;
#4791 = CARTESIAN_POINT ( 'NONE',  ( 52.12558933676235300, -3.499361451640145200, 65.00000000000002800 ) ) ;
#4792 = CARTESIAN_POINT ( 'NONE',  ( 37.91018322440043400, 0.6122165637643094400, -68.24710329366604400 ) ) ;
#4793 = CARTESIAN_POINT ( 'NONE',  ( 34.53847438355386100, 1.146111165177919000, 0.6709004556173067100 ) ) ;
#4794 = CARTESIAN_POINT ( 'NONE',  ( 33.70008627464876800, -0.4444001595011705700, 91.59999999999985200 ) ) ;
#4795 = CARTESIAN_POINT ( 'NONE',  ( 43.11199556209212600, -1.515155730498627600, 91.60000000000003700 ) ) ;
#4796 = CARTESIAN_POINT ( 'NONE',  ( 46.54487877945174300, 2.054607114753219700, -75.63769092028184100 ) ) ;
#4797 = CARTESIAN_POINT ( 'NONE',  ( 36.69570627574632500, 1.319260032677619600, 69.73806104205688400 ) ) ;
#4798 = CARTESIAN_POINT ( 'NONE',  ( 53.41105885505465500, -3.455010291813798600, 23.03012406593136100 ) ) ;
#4799 = AXIS2_PLACEMENT_3D ( 'NONE', #2643, #532, #2248 ) ;
#4800 = CARTESIAN_POINT ( 'NONE',  ( 47.70760888456241800, 2.152647796179195400, -70.44955128996092200 ) ) ;
#4801 = CARTESIAN_POINT ( 'NONE',  ( 34.58255176361295500, -2.482231842833345400, -92.14071003057451000 ) ) ;
#4802 = CARTESIAN_POINT ( 'NONE',  ( 42.99291713985634500, -1.715163262314656200, 84.95681617320035200 ) ) ;
#4803 = CARTESIAN_POINT ( 'NONE',  ( 44.68193172023094900, -0.6936449235696270400, 78.32749069539161700 ) ) ;
#4804 = CARTESIAN_POINT ( 'NONE',  ( 27.90008913566469700, -3.362195327129340300, -67.55864013613963000 ) ) ;
#4805 = CARTESIAN_POINT ( 'NONE',  ( 42.03811906639156600, -0.6066085093652626700, 78.50748083780776200 ) ) ;
#4806 = CARTESIAN_POINT ( 'NONE',  ( 32.45740377976235900, 1.151491801500090800, 70.40997535485749400 ) ) ;
#4807 = CARTESIAN_POINT ( 'NONE',  ( 52.14090616241077900, -2.364551101557721000, 34.99999999999998600 ) ) ;
#4808 = CARTESIAN_POINT ( 'NONE',  ( 41.93969654973270200, -1.259390440055667700, -91.60000000000005100 ) ) ;
#4809 = B_SPLINE_CURVE_WITH_KNOTS ( 'NONE', 3,
 ( #298, #666, #3552, #3160 ),
 .UNSPECIFIED., .F., .F.,
 ( 4, 4 ),
 ( 0.0000000000000000000, 1.000000000000000000 ),
 .UNSPECIFIED. ) ;
#4810 = CARTESIAN_POINT ( 'NONE',  ( 34.49999999999943900, 1.492003218558841700, 0.01209336135277325000 ) ) ;
#4811 = CARTESIAN_POINT ( 'NONE',  ( 47.23699556027375500, -3.157766779282542600, 91.59999999999998000 ) ) ;
#4812 = CARTESIAN_POINT ( 'NONE',  ( 45.89288463378978400, 1.025285688645692000, -86.28101706887198900 ) ) ;
#4813 = CARTESIAN_POINT ( 'NONE',  ( 38.81315211401473400, -1.379842757648159100, 91.60000000000000900 ) ) ;
#4814 = CARTESIAN_POINT ( 'NONE',  ( 45.01187891617249200, -2.729550803369759300, 0.0000000000000000000 ) ) ;
#4815 = VECTOR ( 'NONE', #3089, 1000.000000000000000 ) ;
#4816 = CARTESIAN_POINT ( 'NONE',  ( 47.10708387390644000, 1.231356522517754500, -81.08934976443546800 ) ) ;
#4817 = ORIENTED_EDGE ( 'NONE', *, *, #3798, .T. ) ;
#4818 = CYLINDRICAL_SURFACE ( 'NONE', #3511, 5.500000000000000000 ) ;
#4819 = CARTESIAN_POINT ( 'NONE',  ( 43.24977001980359900, -2.424842630800643700, 91.60000000000012200 ) ) ;
#4820 = CARTESIAN_POINT ( 'NONE',  ( 41.70311577682665000, -0.9541274874104979100, 91.59999999999998000 ) ) ;
#4821 = CARTESIAN_POINT ( 'NONE',  ( 27.83369738774683800, -3.322234127128258100, -65.00000000000000000 ) ) ;
#4822 = CARTESIAN_POINT ( 'NONE',  ( 42.70568894739796700, 0.4165596978331203600, 68.06421137605153100 ) ) ;
#4823 = CARTESIAN_POINT ( 'NONE',  ( 32.65044480930937700, 1.408693220599892100, 65.00000000000000000 ) ) ;
#4824 = CARTESIAN_POINT ( 'NONE',  ( 45.12951406326971000, -3.379163543254335000, 2.008012070218418500 ) ) ;
#4825 = CARTESIAN_POINT ( 'NONE',  ( 38.67047627458902100, 0.6641625032265096000, -71.94997084584257200 ) ) ;
#4826 = ADVANCED_FACE ( 'NONE', ( #3471 ), #2898, .T. ) ;
#4827 = CARTESIAN_POINT ( 'NONE',  ( 32.76569944369404700, -3.181104883532454200, -91.94559882657600300 ) ) ;
#4828 = CARTESIAN_POINT ( 'NONE',  ( 41.04226843493540100, -0.6909723004562056100, 91.59999999999998000 ) ) ;
#4829 = EDGE_CURVE ( 'NONE', #4767, #1887, #1986, .T. ) ;
#4830 = CARTESIAN_POINT ( 'NONE',  ( 41.62763635337764600, 2.783690462045981500, -65.00000000000000000 ) ) ;
#4831 = CARTESIAN_POINT ( 'NONE',  ( 41.33295051594102900, 0.8257623464292911400, 68.47455797756634900 ) ) ;
#4832 = CARTESIAN_POINT ( 'NONE',  ( 45.31434733730838400, -3.451720834566145000, 23.95630204710258600 ) ) ;
#4833 = CARTESIAN_POINT ( 'NONE',  ( 46.32511210924105400, -0.2501229010015084700, -91.59999999999998000 ) ) ;
#4834 = CARTESIAN_POINT ( 'NONE',  ( 44.45001013457592600, -0.1705472125655154700, -97.49799919643973600 ) ) ;
#4835 = CARTESIAN_POINT ( 'NONE',  ( 47.63068562292780000, -3.316829817236568400, 91.59999999999999400 ) ) ;
#4836 = CARTESIAN_POINT ( 'NONE',  ( 46.86602147156369100, -0.4799930348159259200, 67.68749069539161700 ) ) ;
#4837 = CARTESIAN_POINT ( 'NONE',  ( 31.03415457727199800, -3.355516603754779700, -84.90002215879178500 ) ) ;
#4838 = CARTESIAN_POINT ( 'NONE',  ( 32.86338753388282900, 0.4393312363164232900, 81.06496488473307200 ) ) ;
#4839 = CARTESIAN_POINT ( 'NONE',  ( 27.03063080514138900, -2.969610173496467300, -35.00000000000000000 ) ) ;
#4840 = CARTESIAN_POINT ( 'NONE',  ( 45.41744823638704500, -2.482231842833345400, 92.14071003057451000 ) ) ;
#4841 = CARTESIAN_POINT ( 'NONE',  ( 44.93784299724119800, -1.000000000000005100, -91.59999999999998000 ) ) ;
#4842 = CARTESIAN_POINT ( 'NONE',  ( 34.50000000000000000, -3.500000000000000000, -101.5999999999999900 ) ) ;
#4843 = CARTESIAN_POINT ( 'NONE',  ( 45.50000000000000000, -3.500000000000000000, 101.5999999999999900 ) ) ;
#4844 = CARTESIAN_POINT ( 'NONE',  ( 43.71517928949455700, 2.549814596867514500, -69.86370928420419100 ) ) ;
#4845 = CARTESIAN_POINT ( 'NONE',  ( 40.11520856461890400, -0.8761921930293372600, 85.24355164683302600 ) ) ;
#4846 = ORIENTED_EDGE ( 'NONE', *, *, #3521, .F. ) ;
#4847 = CARTESIAN_POINT ( 'NONE',  ( 45.22852012488179700, -3.437037112749414400, 0.0000000000000000000 ) ) ;
#4848 = CARTESIAN_POINT ( 'NONE',  ( 46.39225971293635100, 0.9092608707883260700, -86.32718498141608200 ) ) ;
#4849 = CARTESIAN_POINT ( 'NONE',  ( 33.69044391270685400, 0.9514826321274622000, 86.32099703813032900 ) ) ;
#4850 = CARTESIAN_POINT ( 'NONE',  ( 45.33678595192274900, 0.4974204868938179600, -91.59999999999999400 ) ) ;
#4851 = CARTESIAN_POINT ( 'NONE',  ( 47.62471357230197800, -3.313188991217029600, 91.60000000000000900 ) ) ;
#4852 = CARTESIAN_POINT ( 'NONE',  ( 40.00000000000000000, 3.500000000000000000, 0.0000000000000000000 ) ) ;
#4853 = CARTESIAN_POINT ( 'NONE',  ( 44.90986025608997100, -0.8009377778651141100, 78.30847104652879400 ) ) ;
#4854 = CARTESIAN_POINT ( 'NONE',  ( 27.95242919098021200, -3.441182631172480900, -67.59328417660600500 ) ) ;
#4855 = CARTESIAN_POINT ( 'NONE',  ( 32.33536026992312900, 1.570258109074861300, 75.87677274795665000 ) ) ;
#4856 = CARTESIAN_POINT ( 'NONE',  ( 26.73084485828932300, -3.492244288815582900, -35.00000000000000000 ) ) ;
#4857 = CARTESIAN_POINT ( 'NONE',  ( 41.12566695175620900, -1.798190371432724100, 99.13166649291886800 ) ) ;
#4858 = CARTESIAN_POINT ( 'NONE',  ( 45.58435190116588100, -0.9999475940724998900, -91.59999999999996600 ) ) ;
#4859 = CARTESIAN_POINT ( 'NONE',  ( 34.50000000000000000, -3.500000000000000000, -101.5999999999999900 ) ) ;
#4860 = CARTESIAN_POINT ( 'NONE',  ( 33.51685509079845800, 2.092968709196150200, 75.70687171689466800 ) ) ;
#4861 = CARTESIAN_POINT ( 'NONE',  ( 41.99090819388170800, 1.296695664566734200, -80.03108366916892200 ) ) ;
#4862 = CARTESIAN_POINT ( 'NONE',  ( 34.57781356615515700, 0.6318281322102052800, 75.34834741916859000 ) ) ;
#4863 = CARTESIAN_POINT ( 'NONE',  ( 53.43511312020813600, -3.336622343617651400, 23.03763602274474600 ) ) ;
#4864 = CARTESIAN_POINT ( 'NONE',  ( 47.69193248575851400, 2.185588763430502000, -70.44921668904642300 ) ) ;
#4865 = EDGE_CURVE ( 'NONE', #5162, #1361, #3277, .T. ) ;
#4866 = CARTESIAN_POINT ( 'NONE',  ( 33.54899004234475500, -3.380820244756781900, -96.76943511553531600 ) ) ;
#4867 = CARTESIAN_POINT ( 'NONE',  ( 47.01332022050285500, -3.068697304247694400, 91.59999999999999400 ) ) ;
#4868 = CARTESIAN_POINT ( 'NONE',  ( 46.00460960525122500, -0.8634990112084355300, -91.59999999999971000 ) ) ;
#4869 = CARTESIAN_POINT ( 'NONE',  ( 34.50060442109735700, 1.549077229301434800, 0.08311299303495814400 ) ) ;
#4870 = B_SPLINE_CURVE_WITH_KNOTS ( 'NONE', 3,
 ( #5017, #1839, #2253, #1022, #1436, #1856, #4721, #274, #1095, #4777, #258, #1471, #2701, #3968, #2324, #3918 ),
 .UNSPECIFIED., .F., .F.,
 ( 4, 2, 2, 2, 2, 2, 2, 4 ),
 ( 0.009019898739936815100, 0.009943663569290250500, 0.01086742839864368600, 0.01271495805735055500, 0.01363872288670398400, 0.01456248771605740900, 0.01548625254541083400, 0.01641001737476426000 ),
 .UNSPECIFIED. ) ;
#4871 = DATE_AND_TIME ( #1798, #4103 ) ;
#4872 = CARTESIAN_POINT ( 'NONE',  ( 49.30304714778041800, -1.679331645164397600, 65.00000000000000000 ) ) ;
#4873 = CARTESIAN_POINT ( 'NONE',  ( 28.09130560548959500, -3.502582292349657700, -70.14494848357341500 ) ) ;
#4874 = CARTESIAN_POINT ( 'NONE',  ( 27.34401046092937900, -3.493772401673344200, -52.50208787477462400 ) ) ;
#4875 = CARTESIAN_POINT ( 'NONE',  ( 34.82468411564887100, -0.1696569241813815600, 98.38101291942410900 ) ) ;
#4876 = CARTESIAN_POINT ( 'NONE',  ( 44.35413843817341500, 0.1831904700945267700, -80.61705262769399400 ) ) ;
#4877 = CARTESIAN_POINT ( 'NONE',  ( 38.94805388858041800, -0.9122608394840346900, -93.64086251607868400 ) ) ;
#4878 = CIRCLE ( 'NONE', #1742, 26.61747082298127900 ) ;
#4879 = CARTESIAN_POINT ( 'NONE',  ( 32.99482190851548300, 2.650842493792244300, 70.38194647338507100 ) ) ;
#4880 = CARTESIAN_POINT ( 'NONE',  ( 40.51229984505356900, 1.040737583510074500, -79.59022003946365900 ) ) ;
#4881 = CARTESIAN_POINT ( 'NONE',  ( 33.82536342151692600, -0.1206932989281622700, 80.96665417930998400 ) ) ;
#4882 = CARTESIAN_POINT ( 'NONE',  ( 32.20701431679821500, 2.053377310124329100, 65.00000000000002800 ) ) ;
#4883 = CARTESIAN_POINT ( 'NONE',  ( 26.56081972710396500, -3.386841064597006000, -35.00000000000001400 ) ) ;
#4884 = CARTESIAN_POINT ( 'NONE',  ( 46.32503254722073600, -0.2589586058170286200, -91.59999999999998000 ) ) ;
#4885 = CARTESIAN_POINT ( 'NONE',  ( 32.41473219718069000, 2.881714694686961000, 64.99999999999997200 ) ) ;
#4886 = VERTEX_POINT ( 'NONE', #3398 ) ;
#4887 = VERTEX_POINT ( 'NONE', #1316 ) ;
#4888 = CARTESIAN_POINT ( 'NONE',  ( 32.38427924429829100, -3.343592551263692600, -91.93660459115156400 ) ) ;
#4889 = CARTESIAN_POINT ( 'NONE',  ( 50.41930275081424600, -2.504148395586232900, 70.00468985797240900 ) ) ;
#4890 = VERTEX_POINT ( 'NONE', #1350 ) ;
#4891 = CARTESIAN_POINT ( 'NONE',  ( 47.30588968045470500, 1.381900189330330400, -65.00000000000000000 ) ) ;
#4892 = CARTESIAN_POINT ( 'NONE',  ( 34.50147624048221900, 1.575596719706754900, 0.1314324065031435000 ) ) ;
#4893 = EDGE_CURVE ( 'NONE', #3667, #5162, #5142, .T. ) ;
#4894 = EDGE_CURVE ( 'NONE', #2712, #993, #4870, .T. ) ;
#4895 = PERSON ( 'UNSPECIFIED', 'UNSPECIFIED', 'UNSPECIFIED', ('UNSPECIFIED'), ('UNSPECIFIED'), ('UNSPECIFIED') ) ;
#4896 = CARTESIAN_POINT ( 'NONE',  ( 47.91452131581957000, -1.043256089818274800, 67.61746359927248300 ) ) ;
#4897 = CARTESIAN_POINT ( 'NONE',  ( 29.73513315628659000, -3.432247612396968500, -78.21365813640650800 ) ) ;
#4898 = CARTESIAN_POINT ( 'NONE',  ( 28.49158656690008900, -2.469838454414825500, -52.60783528471389300 ) ) ;
#4899 = CARTESIAN_POINT ( 'NONE',  ( 47.67443808396697600, -3.353084818829482400, 91.60000000000003700 ) ) ;
#4900 = ORIENTED_EDGE ( 'NONE', *, *, #4348, .T. ) ;
#4901 = CARTESIAN_POINT ( 'NONE',  ( 45.59287229730500000, -0.9997996483548975400, -91.59999999999996600 ) ) ;
#4902 = CARTESIAN_POINT ( 'NONE',  ( 37.89449837742865400, -1.283420647238255000, -93.14104977009940000 ) ) ;
#4903 = ORIENTED_EDGE ( 'NONE', *, *, #5220, .T. ) ;
#4904 = CARTESIAN_POINT ( 'NONE',  ( 33.97262943287577000, 0.3480709075861673800, 91.60000000000029300 ) ) ;
#4905 = CARTESIAN_POINT ( 'NONE',  ( 42.69254319263960400, 0.2651217127399817500, -91.60000000000000900 ) ) ;
#4906 = CARTESIAN_POINT ( 'NONE',  ( 33.51863290282504700, 0.3046593486798787600, 75.64552843288588200 ) ) ;
#4907 = CARTESIAN_POINT ( 'NONE',  ( 32.29356351808498700, 2.155214729165087800, 70.44952989242391100 ) ) ;
#4908 = CARTESIAN_POINT ( 'NONE',  ( 28.88697378577198500, -1.613850028421954400, -22.99238707864483900 ) ) ;
#4909 = CARTESIAN_POINT ( 'NONE',  ( 47.57512541172575700, -3.503091601416670600, 91.59999999999998000 ) ) ;
#4910 = CARTESIAN_POINT ( 'NONE',  ( 33.69284713704271900, -3.209304469056137900, -91.98489517460844000 ) ) ;
#4911 = CARTESIAN_POINT ( 'NONE',  ( 52.13144498441479900, -3.290180947385321600, 65.00000000000000000 ) ) ;
#4912 = CARTESIAN_POINT ( 'NONE',  ( 45.92917860522116800, -0.9109617970203784900, -91.59999999999976700 ) ) ;
#4913 = CARTESIAN_POINT ( 'NONE',  ( 36.01299000177007800, -0.07922085577355933400, -67.67033712664007800 ) ) ;
#4914 = ORIENTED_EDGE ( 'NONE', *, *, #4652, .F. ) ;
#4915 = CARTESIAN_POINT ( 'NONE',  ( 28.09273637420421500, -3.447092324581084300, -70.23855313287803900 ) ) ;
#4916 = DIRECTION ( 'NONE',  ( -0.0000000000000000000, -0.0000000000000000000, -1.000000000000000000 ) ) ;
#4917 = CARTESIAN_POINT ( 'NONE',  ( 47.47369917573266900, -3.533937962933759700, 91.93788137799234100 ) ) ;
#4918 = CARTESIAN_POINT ( 'NONE',  ( 45.84554962800284300, -0.5570646902255138600, -86.28024563583517200 ) ) ;
#4919 = CARTESIAN_POINT ( 'NONE',  ( 33.10543831927542200, -3.333436838767325700, -91.59999999999999400 ) ) ;
#4920 = CARTESIAN_POINT ( 'NONE',  ( 34.10701312366469300, 0.4289016608624850500, 91.60000000000025000 ) ) ;
#4921 = CARTESIAN_POINT ( 'NONE',  ( 41.13722193710030700, -0.04459202387191412600, -91.59999999999996600 ) ) ;
#4922 = CARTESIAN_POINT ( 'NONE',  ( 33.25351081190744700, 1.251861539461966100, 64.99999999999998600 ) ) ;
#4923 = CARTESIAN_POINT ( 'NONE',  ( 32.29415187608188400, 2.156496151855008300, 70.44951892045811800 ) ) ;
#4924 = CARTESIAN_POINT ( 'NONE',  ( 37.35068868100118800, -0.6477401337526967900, -19.61580784746437800 ) ) ;
#4925 = CARTESIAN_POINT ( 'NONE',  ( 46.45100995765524500, -3.380820244756781900, 96.76943511553531600 ) ) ;
#4926 = CARTESIAN_POINT ( 'NONE',  ( 33.46185471301271300, -3.396775291034118000, -96.76968006617255500 ) ) ;
#4927 = CARTESIAN_POINT ( 'NONE',  ( 52.16059538358808800, -3.314580652250296300, 65.00000000000000000 ) ) ;
#4928 = CARTESIAN_POINT ( 'NONE',  ( 47.05674689422920700, 1.278885164626932800, -65.00000000000000000 ) ) ;
#4929 = CARTESIAN_POINT ( 'NONE',  ( 45.34344721690745700, 0.8368971562733637000, -1.347716767602879600 ) ) ;
#4930 = CARTESIAN_POINT ( 'NONE',  ( 27.96332193141289600, -3.447868057076233200, -67.61289115165119800 ) ) ;
#4931 = CARTESIAN_POINT ( 'NONE',  ( 44.60107934858178400, -2.327642597499892200, 3.021397709964543900 ) ) ;
#4932 = CARTESIAN_POINT ( 'NONE',  ( 46.69220567536591200, 0.3089669036976657700, -75.67506726877249400 ) ) ;
#4933 = EDGE_CURVE ( 'NONE', #4346, #2875, #891, .T. ) ;
#4934 = CARTESIAN_POINT ( 'NONE',  ( 34.50000000000000000, -3.500000000000000000, -101.5999999999999900 ) ) ;
#4935 = CARTESIAN_POINT ( 'NONE',  ( 33.31624556486325900, 0.5798086459388056600, 86.34384978757573500 ) ) ;
#4936 = CARTESIAN_POINT ( 'NONE',  ( 33.89795244775419300, 1.011472529330825500, 86.30263505647364800 ) ) ;
#4937 = CARTESIAN_POINT ( 'NONE',  ( 35.53857882985472100, -0.5922802570593296300, -78.35014774712657000 ) ) ;
#4938 = CARTESIAN_POINT ( 'NONE',  ( 33.40711951729926500, 0.7839195207360785100, 70.32584826533945900 ) ) ;
#4939 = CARTESIAN_POINT ( 'NONE',  ( 32.86133742144957600, 2.307607740141465000, 75.89057819754329200 ) ) ;
#4940 = CARTESIAN_POINT ( 'NONE',  ( 34.62026505542449700, -3.438998903372055200, 0.0000000000000000000 ) ) ;
#4941 = PERSON_AND_ORGANIZATION ( #4895, #1865 ) ;
#4942 = CARTESIAN_POINT ( 'NONE',  ( 46.67148075288811500, -3.298389122990891900, 91.96292660941169600 ) ) ;
#4943 = CARTESIAN_POINT ( 'NONE',  ( 32.32556191603302400, -3.353084818829482400, -91.60000000000003700 ) ) ;
#4944 = CARTESIAN_POINT ( 'NONE',  ( 51.96583004158951300, -3.506225285905156100, 70.12243686704181300 ) ) ;
#4945 = FACE_OUTER_BOUND ( 'NONE', #645, .T. ) ;
#4946 = CARTESIAN_POINT ( 'NONE',  ( 46.90021762500294500, 0.7872052373602341800, -70.35203746416755200 ) ) ;
#4947 = CARTESIAN_POINT ( 'NONE',  ( 49.12706310134120700, -1.755202108929919000, 53.15101810504420900 ) ) ;
#4948 = CARTESIAN_POINT ( 'NONE',  ( 28.08853712192292900, -3.495627888606581900, -67.67748053202908000 ) ) ;
#4949 = CARTESIAN_POINT ( 'NONE',  ( 27.88936979621017500, -3.494048693186965000, -65.00000000000000000 ) ) ;
#4950 = CARTESIAN_POINT ( 'NONE',  ( 44.72238123111593900, -2.439996045686900300, 2.828692905583347600 ) ) ;
#4951 = EDGE_LOOP ( 'NONE', ( #185, #2844, #2782, #3855, #2978, #250, #996, #1165, #5123, #5100 ) ) ;
#4952 = CIRCLE ( 'NONE', #1579, 5.500000000000000000 ) ;
#4953 = CARTESIAN_POINT ( 'NONE',  ( 46.97790956415840200, -3.085472570157330500, 91.95697146355861700 ) ) ;
#4954 = CARTESIAN_POINT ( 'NONE',  ( 46.23519772654609700, -0.1236919948671297300, -80.97270248011042800 ) ) ;
#4955 = EDGE_LOOP ( 'NONE', ( #2261, #5281, #131, #3035, #2141 ) ) ;
#4956 = CARTESIAN_POINT ( 'NONE',  ( 32.39191186601803500, -3.407769510147216100, -91.93383194445166900 ) ) ;
#4957 = CARTESIAN_POINT ( 'NONE',  ( 32.35981100862583300, 2.282989125779439500, 70.44769957515151800 ) ) ;
#4958 = EDGE_LOOP ( 'NONE', ( #1609, #2137, #1881, #376, #1682 ) ) ;
#4959 = CARTESIAN_POINT ( 'NONE',  ( 34.09765334439531900, 1.025198713462589100, 86.28210766068227100 ) ) ;
#4960 = CARTESIAN_POINT ( 'NONE',  ( 39.02139850600237000, -0.6769596762373809600, -91.60000000000000900 ) ) ;
#4961 = CARTESIAN_POINT ( 'NONE',  ( 34.12672347734749000, -0.5596443489168209100, 86.28222388385120200 ) ) ;
#4962 = CARTESIAN_POINT ( 'NONE',  ( 33.67517964719039700, -0.2677931760928932100, 91.59999999999998000 ) ) ;
#4963 = CARTESIAN_POINT ( 'NONE',  ( 30.97629938119450400, -0.08793353458758543200, -34.99999999999999300 ) ) ;
#4964 = CARTESIAN_POINT ( 'NONE',  ( 47.57629057397458200, -3.293550582068236500, 91.93936013234511500 ) ) ;
#4965 = CARTESIAN_POINT ( 'NONE',  ( 44.83843016721246500, -1.006750071235392100, -91.60000000000000900 ) ) ;
#4966 = CARTESIAN_POINT ( 'NONE',  ( 47.64660584307476700, -3.330072874238323400, 91.60000000000000900 ) ) ;
#4967 = CARTESIAN_POINT ( 'NONE',  ( 47.03736580807491700, 0.2775330453237356800, -81.05196326884707500 ) ) ;
#4968 = CARTESIAN_POINT ( 'NONE',  ( 50.34227949739617000, -1.844165503243006400, 35.00000000000003600 ) ) ;
#4969 = CARTESIAN_POINT ( 'NONE',  ( 31.38496946763584500, -2.959888994877042800, -78.31645663504215800 ) ) ;
#4970 = CARTESIAN_POINT ( 'NONE',  ( 27.99694012306695600, -3.485423974475123600, -67.65033390789820100 ) ) ;
#4971 = CARTESIAN_POINT ( 'NONE',  ( 45.30083295002030800, -3.452909573147767900, 1.472209024450526800 ) ) ;
#4972 = CARTESIAN_POINT ( 'NONE',  ( 46.89456168072458600, -3.333436838767325700, 91.59999999999999400 ) ) ;
#4973 = CARTESIAN_POINT ( 'NONE',  ( 46.80283566205999100, 0.3249121850196134400, -75.68970611918258800 ) ) ;
#4974 = CARTESIAN_POINT ( 'NONE',  ( 34.05335498582862600, -3.097134829492069300, -91.60000000000000900 ) ) ;
#4975 = AXIS2_PLACEMENT_3D ( 'NONE', #1896, #2307, #239 ) ;
#4976 = CARTESIAN_POINT ( 'NONE',  ( 33.44630388975104300, 0.7811639498112239500, 86.33761742795557800 ) ) ;
#4977 = CARTESIAN_POINT ( 'NONE',  ( 33.77720118274579900, 1.553708869654508500, 80.97262691061070000 ) ) ;
#4978 = CARTESIAN_POINT ( 'NONE',  ( 33.59162016877405000, -0.4333752437519615100, -70.45883241180341400 ) ) ;
#4979 = CARTESIAN_POINT ( 'NONE',  ( 48.59726680106993500, 4.308727309818356900, -34.99999999999995000 ) ) ;
#4980 = CARTESIAN_POINT ( 'NONE',  ( 32.20137891006659500, 2.083795400386835500, 65.00000000000002800 ) ) ;
#4981 = CARTESIAN_POINT ( 'NONE',  ( 32.44918831927442000, -3.497030537516179600, -91.59999999999999400 ) ) ;
#4982 = CARTESIAN_POINT ( 'NONE',  ( 45.50284838814958000, -3.258776249388292800, 96.83157208194253900 ) ) ;
#4983 = CARTESIAN_POINT ( 'NONE',  ( 35.62538269800148100, -2.998997767591870200, -97.03490050757930900 ) ) ;
#4984 = CARTESIAN_POINT ( 'NONE',  ( 52.18070504909543000, -3.351825034023381300, 65.00000000000000000 ) ) ;
#4985 = CARTESIAN_POINT ( 'NONE',  ( 34.50054866168144200, -3.269916917970746800, -0.09934841957084193700 ) ) ;
#4986 = CARTESIAN_POINT ( 'NONE',  ( 46.54253201921734000, -0.2782469555475582400, -86.32561205548901700 ) ) ;
#4987 = CARTESIAN_POINT ( 'NONE',  ( 31.53246883826002600, 4.810201473950261400, 45.05593336741956300 ) ) ;
#4988 = VECTOR ( 'NONE', #3211, 1000.000000000000000 ) ;
#4989 = DIRECTION ( 'NONE',  ( 0.0000000000000000000, -1.000000000000000000, -0.0000000000000000000 ) ) ;
#4990 = CARTESIAN_POINT ( 'NONE',  ( 31.15686383729072900, -3.499531611105070300, -84.95711551248331300 ) ) ;
#4991 = CARTESIAN_POINT ( 'NONE',  ( 44.20819888941465300, -1.963095102047390800, 3.547618065462289300 ) ) ;
#4992 = CARTESIAN_POINT ( 'NONE',  ( 45.50000000000000000, -3.500000000000000000, 101.5999999999999900 ) ) ;
#4993 = CARTESIAN_POINT ( 'NONE',  ( 49.14562451435032400, -1.826328535366277700, 70.09355696151260400 ) ) ;
#4994 = CARTESIAN_POINT ( 'NONE',  ( 32.38648115847391300, -3.394623430052362300, -91.93448385855174400 ) ) ;
#4995 = CARTESIAN_POINT ( 'NONE',  ( 33.02543584515898100, 3.237175892043605800, 65.00000000000000000 ) ) ;
#4996 = CARTESIAN_POINT ( 'NONE',  ( 33.26031718475528000, -0.4133103354030923700, -67.69813125231266300 ) ) ;
#4997 = CARTESIAN_POINT ( 'NONE',  ( 47.21464011785835200, 4.375000000000001800, -55.01631114997885400 ) ) ;
#4998 = CARTESIAN_POINT ( 'NONE',  ( 34.00172570778293100, -0.5576799192053637500, 86.29064442941947300 ) ) ;
#4999 = DIRECTION ( 'NONE',  ( 0.0000000000000000000, 0.0000000000000000000, -1.000000000000000000 ) ) ;
#5000 = CARTESIAN_POINT ( 'NONE',  ( 43.24461118917910300, -16.41199800218667400, -65.00000000000000000 ) ) ;
#5001 = CARTESIAN_POINT ( 'NONE',  ( 34.64597056219852100, -1.000000000000003600, 91.59999999999998000 ) ) ;
#5002 = EDGE_CURVE ( 'NONE', #4886, #2387, #4420, .T. ) ;
#5003 = CARTESIAN_POINT ( 'NONE',  ( 34.50000000000000000, -3.500000000000000000, -101.5999999999999900 ) ) ;
#5004 = CARTESIAN_POINT ( 'NONE',  ( 48.96946953552301800, -3.396944233871669500, 84.90523052785380300 ) ) ;
#5005 = CARTESIAN_POINT ( 'NONE',  ( 47.05844263794847400, 0.3085568896263893300, -81.05463001415944300 ) ) ;
#5006 = CARTESIAN_POINT ( 'NONE',  ( 51.41460097594134700, -3.217143905437039700, 64.99999999999998600 ) ) ;
#5007 = CARTESIAN_POINT ( 'NONE',  ( 44.15241747914289000, 0.3461543157590692400, -3.611446626202721200 ) ) ;
#5008 = CARTESIAN_POINT ( 'NONE',  ( 32.41338394409317700, -3.499766933771923900, -91.59999999999999400 ) ) ;
#5009 = CARTESIAN_POINT ( 'NONE',  ( 45.49992190238428700, -3.252158485178580100, 0.02950898031391073100 ) ) ;
#5010 = CARTESIAN_POINT ( 'NONE',  ( 40.95053986722685800, -2.539947132595493000, 98.75440387098350900 ) ) ;
#5011 = CARTESIAN_POINT ( 'NONE',  ( 46.50373567619043800, -1.535260115693807000, 78.21677729352646200 ) ) ;
#5012 = CARTESIAN_POINT ( 'NONE',  ( 39.83765794217556800, -1.834828462090690900, -99.99050645971205100 ) ) ;
#5013 = LOCAL_TIME ( 7, 14, 15.00000000000000000, #1470 ) ;
#5014 = CARTESIAN_POINT ( 'NONE',  ( 33.45655074277512100, 2.051280796818420800, 75.63958910835263800 ) ) ;
#5015 = CARTESIAN_POINT ( 'NONE',  ( 36.70877304730894500, -0.8714555436749686900, -84.95423552326438700 ) ) ;
#5016 = CARTESIAN_POINT ( 'NONE',  ( 32.82400730066738200, 1.318462426678195900, 65.00000000000000000 ) ) ;
#5017 = CARTESIAN_POINT ( 'NONE',  ( 40.00000000002011500, -0.8858127422981090200, -5.500000000000000000 ) ) ;
#5018 = DIRECTION ( 'NONE',  ( 0.0000000000000000000, -1.000000000000000000, 0.0000000000000000000 ) ) ;
#5019 = CARTESIAN_POINT ( 'NONE',  ( 37.51281081292185600, -1.173076867064040100, 91.59999999999983800 ) ) ;
#5020 = ORIENTED_EDGE ( 'NONE', *, *, #5157, .F. ) ;
#5021 = VECTOR ( 'NONE', #1064, 999.9999999999998900 ) ;
#5022 = ORIENTED_EDGE ( 'NONE', *, *, #4348, .F. ) ;
#5023 = CARTESIAN_POINT ( 'NONE',  ( 34.50000000000000000, -3.500000000000000000, -101.5999999999999900 ) ) ;
#5024 = CARTESIAN_POINT ( 'NONE',  ( 47.63010313359689700, -3.482483584105702700, 91.59999999999998000 ) ) ;
#5025 = CARTESIAN_POINT ( 'NONE',  ( 34.71409800110139100, -2.961531500958796100, -1.539376868295635700 ) ) ;
#5026 = ORIENTED_EDGE ( 'NONE', *, *, #4439, .T. ) ;
#5027 = CARTESIAN_POINT ( 'NONE',  ( 47.36027275314523900, 1.415658301299520300, -65.00000000000000000 ) ) ;
#5028 = CARTESIAN_POINT ( 'NONE',  ( 50.07253748066760600, -2.622922021627566800, 65.00000000000000000 ) ) ;
#5029 = CARTESIAN_POINT ( 'NONE',  ( 35.11754262690237700, -1.623747630943249000, -78.31469631294959300 ) ) ;
#5030 = VERTEX_POINT ( 'NONE', #3080 ) ;
#5031 = CARTESIAN_POINT ( 'NONE',  ( 32.44918831927442000, -3.497030537516180100, -91.59999999999999400 ) ) ;
#5032 = CARTESIAN_POINT ( 'NONE',  ( 34.50001657667041100, 1.511335797240829200, 0.0000000000000000000 ) ) ;
#5033 = CARTESIAN_POINT ( 'NONE',  ( 42.08832556122911900, -2.246074405031257100, 92.79051739311965700 ) ) ;
#5034 = EDGE_LOOP ( 'NONE', ( #3987, #59, #5184, #4045, #1104, #2714, #700, #1357, #175, #2639, #649, #5026 ) ) ;
#5035 = CARTESIAN_POINT ( 'NONE',  ( 39.95335175380325400, -1.868037089616290300, -100.0101994566949300 ) ) ;
#5036 = CARTESIAN_POINT ( 'NONE',  ( 33.11702086666873900, 3.247758944071403400, 65.00000000000000000 ) ) ;
#5037 = CARTESIAN_POINT ( 'NONE',  ( 32.28261758004934000, -1.088512154467719900, -70.23479956508967300 ) ) ;
#5038 = CARTESIAN_POINT ( 'NONE',  ( 47.75476098737017600, 5.447362335066739700, -45.03892597291714100 ) ) ;
#5039 = CARTESIAN_POINT ( 'NONE',  ( 33.71949214233873000, -0.1238726442392451400, 80.97708468698093000 ) ) ;
#5040 = ORIENTED_EDGE ( 'NONE', *, *, #3618, .F. ) ;
#5041 = CARTESIAN_POINT ( 'NONE',  ( 26.73084485828932300, -3.492244288815582900, -23.02809333464725600 ) ) ;
#5042 = CARTESIAN_POINT ( 'NONE',  ( 43.24923460399703900, -2.497995535183740000, 92.46980101515865200 ) ) ;
#5043 = CARTESIAN_POINT ( 'NONE',  ( 45.74254357086202600, -0.4731011181199776800, -98.04236158657549500 ) ) ;
#5044 = CARTESIAN_POINT ( 'NONE',  ( 51.90308198615249300, -3.453846919859142600, 70.20519569396235200 ) ) ;
#5045 = CARTESIAN_POINT ( 'NONE',  ( 47.06757783156059100, 0.3228786590141863300, -81.05581147553545000 ) ) ;
#5046 = CARTESIAN_POINT ( 'NONE',  ( 33.02770752139286300, 3.249999999999999600, 65.00000000000000000 ) ) ;
#5047 = CARTESIAN_POINT ( 'NONE',  ( 0.0000000000000000000, 0.0000000000000000000, 0.0000000000000000000 ) ) ;
#5048 = CARTESIAN_POINT ( 'NONE',  ( 47.15444254278811100, 2.629217285328263400, -70.40409992298948800 ) ) ;
#5049 = CARTESIAN_POINT ( 'NONE',  ( 36.19194437610754300, -1.051725551664988200, 91.60000000000012200 ) ) ;
#5050 = CARTESIAN_POINT ( 'NONE',  ( 40.00275359449103300, -2.458931589830675600, -99.43733406778260100 ) ) ;
#5051 = AXIS2_PLACEMENT_3D ( 'NONE', #5168, #2703, #220 ) ;
#5052 = CARTESIAN_POINT ( 'NONE',  ( 34.70846448413597300, 1.549908688011877500, 80.82057983664462600 ) ) ;
#5053 = CARTESIAN_POINT ( 'NONE',  ( 32.91052755540432900, -0.6000177017122805300, -67.67095620701017800 ) ) ;
#5054 = CARTESIAN_POINT ( 'NONE',  ( 53.31250000000007800, -3.375000000000000400, 35.00000000000000000 ) ) ;
#5055 = CARTESIAN_POINT ( 'NONE',  ( 32.94549399817086100, 0.4036541274428615000, 75.72332945721737500 ) ) ;
#5056 = EDGE_CURVE ( 'NONE', #2875, #2035, #172, .T. ) ;
#5057 = CARTESIAN_POINT ( 'NONE',  ( 39.67804832200572200, -2.285281847031448400, 99.54086229423693100 ) ) ;
#5058 = CARTESIAN_POINT ( 'NONE',  ( 52.21141010944020900, -2.416042901537755100, 23.02661838522486100 ) ) ;
#5059 = CARTESIAN_POINT ( 'NONE',  ( 52.00305987693304400, -3.485423974475123600, 67.65033390789820100 ) ) ;
#5060 = CARTESIAN_POINT ( 'NONE',  ( 43.10987833684244200, 5.278925673685592700, -45.09344377767258300 ) ) ;
#5061 = CARTESIAN_POINT ( 'NONE',  ( 47.13661246611717100, 0.4393312363164232900, -81.06496488473307200 ) ) ;
#5062 = CARTESIAN_POINT ( 'NONE',  ( 45.17525526736354600, 3.444511200154714900, -10.55173538362115000 ) ) ;
#5063 = CARTESIAN_POINT ( 'NONE',  ( 35.56001748137710900, -2.158626422097222900, -84.95768461915334100 ) ) ;
#5064 = CARTESIAN_POINT ( 'NONE',  ( 47.20126179788882600, 2.617199410488108700, -70.41002487730516200 ) ) ;
#5065 = DIRECTION ( 'NONE',  ( 1.000000000000000000, 0.0000000000000000000, 0.0000000000000000000 ) ) ;
#5066 = CARTESIAN_POINT ( 'NONE',  ( 33.85609664401143700, -1.070563694062896900, 97.48172458847388100 ) ) ;
#5067 = CARTESIAN_POINT ( 'NONE',  ( 34.50000000000000000, -3.500000000000000000, -101.5999999999999900 ) ) ;
#5068 = CARTESIAN_POINT ( 'NONE',  ( 39.13010199260761400, 2.631800785235657500, 65.00000000000000000 ) ) ;
#5069 = CARTESIAN_POINT ( 'NONE',  ( 38.35777928121152800, -0.9298785431207121600, -91.60000000000000900 ) ) ;
#5070 = DIRECTION ( 'NONE',  ( 1.000000000000000000, 0.0000000000000000000, 0.0000000000000000000 ) ) ;
#5071 = CARTESIAN_POINT ( 'NONE',  ( 33.30726508790332500, -0.02315658714890818400, 81.01466977901910100 ) ) ;
#5072 = CARTESIAN_POINT ( 'NONE',  ( 40.00000000000000000, -3.500000000000000000, -2.500000000000000000 ) ) ;
#5073 = CARTESIAN_POINT ( 'NONE',  ( 34.22796175689519800, -1.000000000000002000, 91.59999999999999400 ) ) ;
#5074 = CARTESIAN_POINT ( 'NONE',  ( 47.64187384949250500, -3.473890898904950000, 91.60000000000000900 ) ) ;
#5075 = CARTESIAN_POINT ( 'NONE',  ( 47.16914822415554200, 3.185432599589286300, -65.00000000000000000 ) ) ;
#5076 = CARTESIAN_POINT ( 'NONE',  ( 38.96224124927431400, 1.133609295795794600, -5.401907247277012700 ) ) ;
#5077 = ORIENTED_EDGE ( 'NONE', *, *, #3184, .T. ) ;
#5078 = COORDINATED_UNIVERSAL_TIME_OFFSET ( 5, 30, .AHEAD. ) ;
#5079 = CARTESIAN_POINT ( 'NONE',  ( 46.32225637393397500, -0.3158474349950853900, -91.59999999999993700 ) ) ;
#5080 = CARTESIAN_POINT ( 'NONE',  ( 32.54301224289044800, 5.500000000000005300, 35.00000000000000000 ) ) ;
#5081 = CARTESIAN_POINT ( 'NONE',  ( 45.60118659258316100, -3.432131918539971200, 23.90666067620413700 ) ) ;
#5082 = CARTESIAN_POINT ( 'NONE',  ( 47.22334942106432000, 2.610235832997209700, -70.41265374612179100 ) ) ;
#5083 = AXIS2_PLACEMENT_3D ( 'NONE', #5192, #5257, #650 ) ;
#5084 = CARTESIAN_POINT ( 'NONE',  ( 33.94708024330487500, 0.3275268325420799800, 91.60000000000029300 ) ) ;
#5085 = CARTESIAN_POINT ( 'NONE',  ( 39.99999999999999300, 2.034576191987961000, 5.500000000000000000 ) ) ;
#5086 = CIRCLE ( 'NONE', #3665, 1.250000000000001100 ) ;
#5087 = CARTESIAN_POINT ( 'NONE',  ( 45.50000000000000000, -3.500000000000000000, 101.5999999999999900 ) ) ;
#5088 = CARTESIAN_POINT ( 'NONE',  ( 40.95767193997537700, -1.408451403349630900, -91.60000000000013600 ) ) ;
#5089 = VECTOR ( 'NONE', #3012, 1000.000000000000000 ) ;
#5090 = CARTESIAN_POINT ( 'NONE',  ( 33.82239502400302900, 1.550917069118307000, 80.95706275498507400 ) ) ;
#5091 = CARTESIAN_POINT ( 'NONE',  ( 38.53694160544560500, -0.8590833059379647800, -91.60000000000000900 ) ) ;
#5092 = CARTESIAN_POINT ( 'NONE',  ( 45.50000000000001400, 1.511333873039346400, -0.01863705324915429500 ) ) ;
#5093 = VERTEX_POINT ( 'NONE', #1491 ) ;
#5094 = CARTESIAN_POINT ( 'NONE',  ( 38.45796319814337500, -1.266569315274540500, -84.96080751264931100 ) ) ;
#5095 = CARTESIAN_POINT ( 'NONE',  ( 48.95975315290044000, -3.427725099937216400, 84.91479193227161200 ) ) ;
#5096 = CARTESIAN_POINT ( 'NONE',  ( 46.81770815257511500, 2.652342573476639000, -70.34669606204029400 ) ) ;
#5097 = CARTESIAN_POINT ( 'NONE',  ( 39.58780513675480300, 1.740782857227574100, -5.487717199500452600 ) ) ;
#5098 = CARTESIAN_POINT ( 'NONE',  ( 47.45045321531778600, 2.066376901069473200, -75.89785197517363700 ) ) ;
#5099 = CARTESIAN_POINT ( 'NONE',  ( 32.72118929956868500, 3.172915432984817900, 64.99999999999998600 ) ) ;
#5100 = ORIENTED_EDGE ( 'NONE', *, *, #3837, .F. ) ;
#5101 = CARTESIAN_POINT ( 'NONE',  ( 31.18167173599327300, -2.158891903210888000, -67.67593008818026600 ) ) ;
#5102 = CARTESIAN_POINT ( 'NONE',  ( 46.12977306748089700, 0.2535602488913912300, -91.60000000000026400 ) ) ;
#5103 = CARTESIAN_POINT ( 'NONE',  ( 36.24885102552081400, -2.703002216448096500, -24.09625883010560400 ) ) ;
#5104 = CARTESIAN_POINT ( 'NONE',  ( 27.27221509684003900, -3.187407010529113500, -40.22037967124438800 ) ) ;
#5105 = DIRECTION ( 'NONE',  ( 1.000000000000000000, 0.0000000000000000000, 0.0000000000000000000 ) ) ;
#5106 = CARTESIAN_POINT ( 'NONE',  ( 40.25576594829954800, 2.365572244109053200, 65.00000000000001400 ) ) ;
#5107 = CARTESIAN_POINT ( 'NONE',  ( 35.27659232073026600, -2.156834118140998700, -91.60000000000002300 ) ) ;
#5108 = CARTESIAN_POINT ( 'NONE',  ( 40.00000000000000000, -3.926777784743245500, -2.500000000000000000 ) ) ;
#5109 = CARTESIAN_POINT ( 'NONE',  ( 38.51488742735323700, -1.248997359055809000, -84.97206947942324000 ) ) ;
#5110 = CARTESIAN_POINT ( 'NONE',  ( 33.43317193314999300, 1.601933981731048100, 81.04640833689943200 ) ) ;
#5111 = CARTESIAN_POINT ( 'NONE',  ( 48.83273482826032800, -3.496675217658393700, 84.95874026601454400 ) ) ;
#5112 = CARTESIAN_POINT ( 'NONE',  ( 46.35455438026373500, 1.586702045863554100, -81.00945793217212600 ) ) ;
#5113 = CARTESIAN_POINT ( 'NONE',  ( 30.34347858475680600, -0.5501074020983604000, -41.69041044846055400 ) ) ;
#5114 = CARTESIAN_POINT ( 'NONE',  ( 47.16434627409627500, 1.113825823970976400, -81.08973523575090800 ) ) ;
#5115 = CARTESIAN_POINT ( 'NONE',  ( 26.73084485828932300, -3.492244288815582900, -35.00000000000000000 ) ) ;
#5116 = APPROVAL_STATUS ( 'not_yet_approved' ) ;
#5117 = EDGE_CURVE ( 'NONE', #3223, #2712, #2090, .T. ) ;
#5118 = CARTESIAN_POINT ( 'NONE',  ( 47.14912720527536300, 2.630397576339726500, -70.40340130753477900 ) ) ;
#5119 = CARTESIAN_POINT ( 'NONE',  ( 40.42800475684322200, -0.8652004700196656000, -14.61195414614757100 ) ) ;
#5120 = CARTESIAN_POINT ( 'NONE',  ( 45.49612992821050000, 1.385351436379982600, -0.2104710196299714200 ) ) ;
#5121 = CARTESIAN_POINT ( 'NONE',  ( 44.96980963340806200, 0.1977891055578922300, 70.90586465312273400 ) ) ;
#5122 = CARTESIAN_POINT ( 'NONE',  ( 29.21103487195389200, -2.615019565951158100, -67.50247128482489200 ) ) ;
#5123 = ORIENTED_EDGE ( 'NONE', *, *, #3184, .F. ) ;
#5124 = CARTESIAN_POINT ( 'NONE',  ( 32.86932455163642400, -0.4421070260389650100, -65.00000000000000000 ) ) ;
#5125 = CARTESIAN_POINT ( 'NONE',  ( 44.58673884151163900, 2.878507268367561000, -3.035099141670409000 ) ) ;
#5126 = CARTESIAN_POINT ( 'NONE',  ( 37.44093678806345300, -0.7875268178106076300, -78.32161502529864100 ) ) ;
#5127 = CARTESIAN_POINT ( 'NONE',  ( 33.63782716459731900, 0.9263138922265730100, 86.32501243865277700 ) ) ;
#5128 = CARTESIAN_POINT ( 'NONE',  ( 45.50000509942295000, 1.492001305332441700, 0.0000000000000000000 ) ) ;
#5129 = CARTESIAN_POINT ( 'NONE',  ( 46.51907527394587300, 2.056686933191700400, -75.66801077817361000 ) ) ;
#5130 = CARTESIAN_POINT ( 'NONE',  ( 46.75122533020494600, 0.2692457669416474800, -86.34407772975225700 ) ) ;
#5131 = CARTESIAN_POINT ( 'NONE',  ( 35.36241890128780300, 0.3050256012237314000, 0.0000000000000000000 ) ) ;
#5132 = PERSON_AND_ORGANIZATION_ROLE ( 'design_supplier' ) ;
#5133 = CARTESIAN_POINT ( 'NONE',  ( 46.48746465830490800, 2.234451296713401400, -75.77887106673466600 ) ) ;
#5134 = CARTESIAN_POINT ( 'NONE',  ( 43.80876407148630800, 0.1250870961561772700, 0.0000000000000000000 ) ) ;
#5135 = CARTESIAN_POINT ( 'NONE',  ( 34.23623799929037400, 0.5021256386628032400, 91.59999999999999400 ) ) ;
#5136 = CARTESIAN_POINT ( 'NONE',  ( 42.07958173721552700, -0.3743904918860281900, 85.03606551880545800 ) ) ;
#5137 = CARTESIAN_POINT ( 'NONE',  ( 31.12255142603962800, -2.647442818004510600, -78.14247128482487900 ) ) ;
#5138 = CARTESIAN_POINT ( 'NONE',  ( 41.56481320668140700, -1.273630286040872100, 84.95629699199172100 ) ) ;
#5139 = CARTESIAN_POINT ( 'NONE',  ( 53.43328611421113500, -3.437700506014824200, 35.00000000000008500 ) ) ;
#5140 = CARTESIAN_POINT ( 'NONE',  ( 36.07038341288969700, -0.1904210394183396300, -70.34586690625101800 ) ) ;
#5141 = CARTESIAN_POINT ( 'NONE',  ( 33.87022693251911000, 0.2535602488913912300, 91.60000000000026400 ) ) ;
#5142 = LINE ( 'NONE', #3777, #1408 ) ;
#5143 = DIRECTION ( 'NONE',  ( -1.000000000000000000, 0.0000000000000000000, 0.0000000000000000000 ) ) ;
#5144 = DIRECTION ( 'NONE',  ( -0.0000000000000000000, -1.000000000000000000, -0.0000000000000000000 ) ) ;
#5145 = CARTESIAN_POINT ( 'NONE',  ( 46.78828002393055400, 2.651268891939269500, -70.34072553602074200 ) ) ;
#5146 = CARTESIAN_POINT ( 'NONE',  ( 40.73903505213966300, 1.035527476884599500, 0.0000000000000000000 ) ) ;
#5147 = VERTEX_POINT ( 'NONE', #1645 ) ;
#5148 = VECTOR ( 'NONE', #1082, 1000.000000000000000 ) ;
#5149 = CARTESIAN_POINT ( 'NONE',  ( 47.70877259026264700, 2.150072725995233000, -70.44957159396672400 ) ) ;
#5150 = CARTESIAN_POINT ( 'NONE',  ( 47.69398735670746700, -0.3529528159032009900, 23.22325450490696100 ) ) ;
#5151 = CARTESIAN_POINT ( 'NONE',  ( 45.96791314349869100, 0.3888005105753441500, -91.60000000000029300 ) ) ;
#5152 = AXIS2_PLACEMENT_3D ( 'NONE', #2399, #3690, #1644 ) ;
#5153 = CARTESIAN_POINT ( 'NONE',  ( 36.58104021031551400, -2.537777229246541900, 0.0000000000000000000 ) ) ;
#5154 = CARTESIAN_POINT ( 'NONE',  ( 42.59020479624093300, -0.7987684386529359000, 78.31033712664007900 ) ) ;
#5155 = ORIENTED_EDGE ( 'NONE', *, *, #103, .F. ) ;
#5156 = DIRECTION ( 'NONE',  ( 0.9703053751617990400, 0.2418831927441851500, 0.0000000000000000000 ) ) ;
#5157 = EDGE_CURVE ( 'NONE', #3419, #5093, #2130, .T. ) ;
#5158 = ORIENTED_EDGE ( 'NONE', *, *, #4004, .F. ) ;
#5159 = CARTESIAN_POINT ( 'NONE',  ( 41.71578960416783800, 0.4586261559157099300, 78.92334292090511400 ) ) ;
#5160 = CARTESIAN_POINT ( 'NONE',  ( 27.86385362174384600, -3.293025317545518000, -65.00000000000000000 ) ) ;
#5161 = CARTESIAN_POINT ( 'NONE',  ( 44.00710455461289400, 0.06261168385628486400, 65.00000000000000000 ) ) ;
#5162 = VERTEX_POINT ( 'NONE', #3748 ) ;
#5163 = CARTESIAN_POINT ( 'NONE',  ( 52.04282393643056500, -3.495300514531105100, 65.00000000000000000 ) ) ;
#5164 = CARTESIAN_POINT ( 'NONE',  ( 36.04809912292898100, -0.06423741917270404900, -67.68161502529865500 ) ) ;
#5165 = CARTESIAN_POINT ( 'NONE',  ( 33.44170004939457600, 1.602582402431580700, 81.04526024875697500 ) ) ;
#5166 = CARTESIAN_POINT ( 'NONE',  ( 36.36973247481687100, 0.2568862225816805300, 4.148575769893826100 ) ) ;
#5167 = CARTESIAN_POINT ( 'NONE',  ( 32.21720492895674000, 1.860406064698063800, 70.44715264414988100 ) ) ;
#5168 = CARTESIAN_POINT ( 'NONE',  ( 44.25000000000000000, 1.500000000000000000, 0.0000000000000000000 ) ) ;
#5169 = CARTESIAN_POINT ( 'NONE',  ( 45.56449398571197000, 0.4999296609657583600, -91.60000000000000900 ) ) ;
#5170 = CARTESIAN_POINT ( 'NONE',  ( 39.23109956909399900, 4.716700250569106200, 35.00000000000000000 ) ) ;
#5171 = AXIS2_PLACEMENT_3D ( 'NONE', #5261, #4916, #322 ) ;
#5172 = CARTESIAN_POINT ( 'NONE',  ( 47.79903182781744400, 2.086236119115049800, -65.00000000000002800 ) ) ;
#5173 = CARTESIAN_POINT ( 'NONE',  ( 39.57199524315677800, -0.8652004700196656000, 14.61195414614757100 ) ) ;
#5174 = CARTESIAN_POINT ( 'NONE',  ( 46.38339751894224600, 1.592172758270775400, -81.01571948307928000 ) ) ;
#5175 = CARTESIAN_POINT ( 'NONE',  ( 42.41980758143097300, -0.2249859100612356400, -8.943804574258264100 ) ) ;
#5176 = CARTESIAN_POINT ( 'NONE',  ( 40.00000000001417500, 2.034576191997279800, -5.500000000000000000 ) ) ;
#5177 = CARTESIAN_POINT ( 'NONE',  ( 39.34259360615601500, 0.4554975546210587300, 85.46478663198408300 ) ) ;
#5178 = CARTESIAN_POINT ( 'NONE',  ( 30.69695285221958500, -1.679331645164397600, -65.00000000000000000 ) ) ;
#5179 = CARTESIAN_POINT ( 'NONE',  ( 43.99278925588335900, 0.06890339688463387200, 65.00000000000000000 ) ) ;
#5180 = CARTESIAN_POINT ( 'NONE',  ( 32.37753285711303900, 1.147751311632570400, 75.83960237896566500 ) ) ;
#5181 = EDGE_CURVE ( 'NONE', #1361, #2333, #2252, .T. ) ;
#5182 = CARTESIAN_POINT ( 'NONE',  ( 47.26672201681122900, 1.195256904456912400, 43.18094544173991500 ) ) ;
#5183 = CARTESIAN_POINT ( 'NONE',  ( 36.85616489988949200, 0.1092640972156425500, -70.84243535766847800 ) ) ;
#5184 = ORIENTED_EDGE ( 'NONE', *, *, #5002, .T. ) ;
#5185 = CARTESIAN_POINT ( 'NONE',  ( 39.65341169265033000, -0.7444534311975651300, 5.499999999998731700 ) ) ;
#5186 = CARTESIAN_POINT ( 'NONE',  ( 32.80586194116369100, 2.279742555208047200, 75.89322415161674900 ) ) ;
#5187 = CARTESIAN_POINT ( 'NONE',  ( 46.17760497599697800, 1.550917069118307000, -80.95706275498507400 ) ) ;
#5188 = CARTESIAN_POINT ( 'NONE',  ( 46.32479513852289400, -0.2687747765229471200, -91.59999999999996600 ) ) ;
#5189 = APPROVAL_ROLE ( '' ) ;
#5190 = ADVANCED_FACE ( 'NONE', ( #4945 ), #1150, .T. ) ;
#5191 = CARTESIAN_POINT ( 'NONE',  ( 33.89730818218115600, 0.5430812962098321400, -23.24749349164519400 ) ) ;
#5192 = CARTESIAN_POINT ( 'NONE',  ( 40.00000000000000000, 3.500000000000000000, 0.0000000000000000000 ) ) ;
#5193 = CARTESIAN_POINT ( 'NONE',  ( 46.21721934910668500, -0.1464961342496459700, 67.75142766351277100 ) ) ;
#5194 = CARTESIAN_POINT ( 'NONE',  ( 29.71272905699665800, -3.405927960657024700, -78.20255582145651400 ) ) ;
#5195 = CARTESIAN_POINT ( 'NONE',  ( 43.82941633152787400, -0.1584509771498687800, 70.40852046335473300 ) ) ;
#5196 = CARTESIAN_POINT ( 'NONE',  ( 33.46616497339640300, -0.2881415343209994800, 86.32498767742852400 ) ) ;
#5197 = CARTESIAN_POINT ( 'NONE',  ( 53.41013580006597300, -3.291519326522031700, 35.00000000000000000 ) ) ;
#5198 = CARTESIAN_POINT ( 'NONE',  ( 39.44607608980776100, 0.8210079288703429100, -72.41915125447540900 ) ) ;
#5199 = CARTESIAN_POINT ( 'NONE',  ( 34.50243551393753400, 1.407885015741225500, 0.1688646442633804400 ) ) ;
#5200 = CARTESIAN_POINT ( 'NONE',  ( 32.28718303853494100, 2.141033715012869500, 70.44963910048619500 ) ) ;
#5201 = CARTESIAN_POINT ( 'NONE',  ( 45.88356908040954400, 1.554242606899266500, -80.91777195253128200 ) ) ;
#5202 = CARTESIAN_POINT ( 'NONE',  ( 44.09035602791508500, -1.917537558387645700, 22.80891941351469400 ) ) ;
#5203 = CARTESIAN_POINT ( 'NONE',  ( 47.11817779485441800, 2.316964707766989000, -75.88947967170942400 ) ) ;
#5204 = CARTESIAN_POINT ( 'NONE',  ( 41.90650840615784000, 0.1498497930718353200, -91.59999999999996600 ) ) ;
#5205 = DATE_AND_TIME ( #4232, #2700 ) ;
#5206 = DIRECTION ( 'NONE',  ( 0.0000000000000000000, 0.0000000000000000000, 1.000000000000000000 ) ) ;
#5207 = FACE_OUTER_BOUND ( 'NONE', #2028, .T. ) ;
#5208 = CARTESIAN_POINT ( 'NONE',  ( 44.87744387733376100, -0.7856455752632678400, 78.31095620701019300 ) ) ;
#5209 = CARTESIAN_POINT ( 'NONE',  ( 32.34358697749037500, -3.342158639948342300, -91.60000000000000900 ) ) ;
#5210 = CARTESIAN_POINT ( 'NONE',  ( 43.52900683481959700, -0.03752655080310460900, 70.60128852799923000 ) ) ;
#5211 = CARTESIAN_POINT ( 'NONE',  ( 32.62069463686420100, 1.428528482263407700, 65.00000000000000000 ) ) ;
#5212 = EDGE_LOOP ( 'NONE', ( #4118, #2068, #4747, #2452, #455, #4628, #1482, #654, #1541, #4914 ) ) ;
#5213 = CARTESIAN_POINT ( 'NONE',  ( 42.46456689925436500, -0.4547099936650947400, -85.78470724610939200 ) ) ;
#5214 = B_SPLINE_CURVE_WITH_KNOTS ( 'NONE', 3,
 ( #2635, #561, #1760, #3807 ),
 .UNSPECIFIED., .F., .F.,
 ( 4, 4 ),
 ( 0.0000000000000000000, 1.000000000000000000 ),
 .UNSPECIFIED. ) ;
#5215 = CARTESIAN_POINT ( 'NONE',  ( 37.11599914650550100, 0.08851395561132964500, 4.686832848582125300 ) ) ;
#5216 = VERTEX_POINT ( 'NONE', #2504 ) ;
#5217 = LINE ( 'NONE', #4662, #3659 ) ;
#5218 = CARTESIAN_POINT ( 'NONE',  ( 33.24937544233584700, 0.2311620537453197000, 86.34357632207479600 ) ) ;
#5219 = CARTESIAN_POINT ( 'NONE',  ( 46.98699556041989200, -3.058214594534034900, 91.59999999999998000 ) ) ;
#5220 = EDGE_CURVE ( 'NONE', #3286, #1154, #2576, .T. ) ;
#5221 = CARTESIAN_POINT ( 'NONE',  ( 46.19916694272360800, 1.550928559442399800, -80.96421532136454900 ) ) ;
#5222 = ORIENTED_EDGE ( 'NONE', *, *, #1188, .F. ) ;
#5223 = CARTESIAN_POINT ( 'NONE',  ( 34.49786928778763700, 1.047803763587667600, 70.17399947052757600 ) ) ;
#5224 = CARTESIAN_POINT ( 'NONE',  ( 53.38646216366368700, -3.477555676979774200, 35.00000000000000000 ) ) ;
#5225 = CARTESIAN_POINT ( 'NONE',  ( 47.14907972838462800, 2.302637162982001900, -75.89110255650749100 ) ) ;
#5226 = CARTESIAN_POINT ( 'NONE',  ( 32.12596843765160800, -0.4543329467462974300, -42.34747105268888800 ) ) ;
#5227 = DIRECTION ( 'NONE',  ( -0.9290494341718689200, -0.3699556039106990900, 0.0000000000000000000 ) ) ;
#5228 = CARTESIAN_POINT ( 'NONE',  ( 47.16323107238715600, -0.6394779869911262300, 67.66591850289836400 ) ) ;
#5229 = CARTESIAN_POINT ( 'NONE',  ( 31.02961924722568200, -3.389904122731395700, -84.90387242486120600 ) ) ;
#5230 = CARTESIAN_POINT ( 'NONE',  ( 43.22306449266198300, 0.3864088955523384800, 65.00000000000000000 ) ) ;
#5231 = CARTESIAN_POINT ( 'NONE',  ( 32.96263419192508300, 0.2775330453237356800, 81.05196326884707500 ) ) ;
#5232 = CARTESIAN_POINT ( 'NONE',  ( 44.22806236838114600, -2.908887779591701400, 3.529686771092117600 ) ) ;
#5233 = CARTESIAN_POINT ( 'NONE',  ( 37.96188093360843400, -0.6066085093652626700, -78.50748083780776200 ) ) ;
#5234 = CARTESIAN_POINT ( 'NONE',  ( 45.49900848389594900, 1.441787242512609300, -0.1064815977743382000 ) ) ;
#5235 = CARTESIAN_POINT ( 'NONE',  ( 35.27629670733595200, 0.4800804721186269800, 91.59999999999999400 ) ) ;
#5236 = CARTESIAN_POINT ( 'NONE',  ( 46.54344925722487900, 2.051280796818420800, -75.63958910835263800 ) ) ;
#5237 = CARTESIAN_POINT ( 'NONE',  ( 39.01643335739900900, -0.6531093931092922800, 85.47453116563227100 ) ) ;
#5238 = CARTESIAN_POINT ( 'NONE',  ( 53.43511312020813600, -3.336622343617651400, 34.99999999999999300 ) ) ;
#5239 = CARTESIAN_POINT ( 'NONE',  ( 46.72678225272839100, 2.395673277076114400, -75.84655849139515700 ) ) ;
#5240 = CARTESIAN_POINT ( 'NONE',  ( 38.14477691559236700, -1.876771981872852300, -98.48528102659125200 ) ) ;
#5241 = CARTESIAN_POINT ( 'NONE',  ( 45.62882113787979000, -0.8947071661516296000, 70.34757557918128200 ) ) ;
#5242 = CARTESIAN_POINT ( 'NONE',  ( 43.12446757301560800, -0.7987444083604793300, 84.96125572851787000 ) ) ;
#5243 = CARTESIAN_POINT ( 'NONE',  ( 29.71878554552934300, -3.416513667889532700, -78.20524795891697100 ) ) ;
#5244 = CARTESIAN_POINT ( 'NONE',  ( 40.10235733464332200, -1.644280614920126100, 91.59999999999998000 ) ) ;
#5245 = CARTESIAN_POINT ( 'NONE',  ( 33.94637824002040800, -0.8256580272503963900, 91.59999999999968200 ) ) ;
#5246 = CARTESIAN_POINT ( 'NONE',  ( 34.66321404807725800, 0.4974204868938179600, 91.59999999999999400 ) ) ;
#5247 = CARTESIAN_POINT ( 'NONE',  ( 37.92745932644031400, 0.4614864690042545500, -71.49480833502201400 ) ) ;
#5248 = CARTESIAN_POINT ( 'NONE',  ( 33.63284972184702300, -3.340552441766227300, -96.77279941328799900 ) ) ;
#5249 = CARTESIAN_POINT ( 'NONE',  ( 44.30452633659870500, -2.561876484896953100, 97.16832572760701200 ) ) ;
#5250 = CARTESIAN_POINT ( 'NONE',  ( 40.45936921196104000, 1.677043496898074700, -73.43815069250250400 ) ) ;
#5251 = CARTESIAN_POINT ( 'NONE',  ( 36.54976350921617700, 0.2415112647325381400, 80.37806104205687100 ) ) ;
#5252 = CARTESIAN_POINT ( 'NONE',  ( 53.41771719429915800, -3.297056316320183800, 23.03645053938556600 ) ) ;
#5253 = AXIS2_PLACEMENT_3D ( 'NONE', #1339, #540, #4999 ) ;
#5254 = CARTESIAN_POINT ( 'NONE',  ( 47.09528687805256200, 1.250863973233803400, -81.08908179462548600 ) ) ;
#5255 = CARTESIAN_POINT ( 'NONE',  ( 47.31249999999992900, 5.500000000000001800, -45.02947046347799900 ) ) ;
#5256 = CARTESIAN_POINT ( 'NONE',  ( 48.96458774663217600, -3.352262264179022700, 84.89983322279214000 ) ) ;
#5257 = DIRECTION ( 'NONE',  ( -0.0000000000000000000, -1.000000000000000000, -0.0000000000000000000 ) ) ;
#5258 = CARTESIAN_POINT ( 'NONE',  ( 42.86440561668627700, -0.6881593102148746400, 84.97507387356328900 ) ) ;
#5259 = CARTESIAN_POINT ( 'NONE',  ( 27.92488068704189200, -3.422263991074103700, -67.57046105570758200 ) ) ;
#5260 = CARTESIAN_POINT ( 'NONE',  ( 32.39649037068154800, 1.232897152940497700, 70.41674186111602300 ) ) ;
#5261 = CARTESIAN_POINT ( 'NONE',  ( 32.68750000000007800, 4.250000000000000000, 35.00000000000000000 ) ) ;
#5262 = CARTESIAN_POINT ( 'NONE',  ( 43.40118165159125100, -2.475969392198718000, 4.331381501163611400 ) ) ;
#5263 = CARTESIAN_POINT ( 'NONE',  ( 46.12718954795975200, -0.1164050099558741300, -80.96165494154139700 ) ) ;
#5264 = ADVANCED_FACE ( 'NONE', ( #5207 ), #3897, .F. ) ;
#5265 = CARTESIAN_POINT ( 'NONE',  ( 32.45050443993840600, -3.282207010196621000, -91.59999999999998000 ) ) ;
#5266 = CARTESIAN_POINT ( 'NONE',  ( 39.93307450475725800, -0.5607342222052168500, 94.25483705900106200 ) ) ;
#5267 = CARTESIAN_POINT ( 'NONE',  ( 44.09418957371874400, 2.578876231780252900, -69.93432127443152500 ) ) ;
#5268 = CARTESIAN_POINT ( 'NONE',  ( 37.90526177610534800, 0.2285469907838393000, 79.96941449221870400 ) ) ;
#5269 = CARTESIAN_POINT ( 'NONE',  ( 53.36064268990514100, -3.490970175769123200, 23.02601229959659800 ) ) ;
#5270 = CARTESIAN_POINT ( 'NONE',  ( 46.32382446567214600, -0.1716309170086853800, -91.59999999999998000 ) ) ;
#5271 = CARTESIAN_POINT ( 'NONE',  ( 33.89536911483143900, -2.745342493495884600, -92.03704132010233300 ) ) ;
#5272 = CARTESIAN_POINT ( 'NONE',  ( 52.09954266404917400, -3.354300193386678100, 67.55824085790254700 ) ) ;
#5273 = VERTEX_POINT ( 'NONE', #1662 ) ;
#5274 = FACE_OUTER_BOUND ( 'NONE', #4951, .T. ) ;
#5275 = CARTESIAN_POINT ( 'NONE',  ( 36.06350504069958900, -0.1933102078443929300, -70.34135006407326800 ) ) ;
#5276 = EDGE_CURVE ( 'NONE', #4012, #5147, #5277, .T. ) ;
#5277 = B_SPLINE_CURVE_WITH_KNOTS ( 'NONE', 3,
 ( #4196, #5081, #3804, #1758 ),
 .UNSPECIFIED., .F., .F.,
 ( 4, 4 ),
 ( 0.02451514697369290900, 1.000000000000000000 ),
 .UNSPECIFIED. ) ;
#5278 = CARTESIAN_POINT ( 'NONE',  ( 47.86907101058295000, -0.8626433313480498200, 65.00000000000000000 ) ) ;
#5279 = CARTESIAN_POINT ( 'NONE',  ( 29.74714061326211100, -3.439913492765378500, -78.22262815693025600 ) ) ;
#5280 = CARTESIAN_POINT ( 'NONE',  ( 26.56671388578886500, -3.437700506014824200, -40.00246811756703400 ) ) ;
#5281 = ORIENTED_EDGE ( 'NONE', *, *, #4716, .T. ) ;
#5282 = CARTESIAN_POINT ( 'NONE',  ( 42.19975445862587500, -1.863538655635541100, 5.071858964322578900 ) ) ;
#5283 = CARTESIAN_POINT ( 'NONE',  ( 46.56329673678639100, 0.7875089157286255800, -70.32304575654137600 ) ) ;
#5284 = CARTESIAN_POINT ( 'NONE',  ( 33.54899004234475500, -3.380820244756781900, -96.76943511553531600 ) ) ;
#5285 = CARTESIAN_POINT ( 'NONE',  ( 33.87622937170047500, 1.007801853363019500, 86.30472896608617400 ) ) ;
#5286 = CARTESIAN_POINT ( 'NONE',  ( 41.48389200191532200, 0.03404023510690354400, -91.59999999999996600 ) ) ;
#5287 = CARTESIAN_POINT ( 'NONE',  ( 34.11707585405966400, -0.5600068620738510900, 86.28292413266969200 ) ) ;
#5288 = CARTESIAN_POINT ( 'NONE',  ( 53.26915514171067700, -3.492244288815582900, 23.02809333464725600 ) ) ;
#5289 = CARTESIAN_POINT ( 'NONE',  ( 46.57191652289986200, 2.327642394770359500, -75.81319226473746700 ) ) ;
#5290 = CARTESIAN_POINT ( 'NONE',  ( 33.69791794799793600, 0.9546598742056270300, 86.32040532838783500 ) ) ;
#5291 = CARTESIAN_POINT ( 'NONE',  ( 32.38648115847391300, -3.394623430052362300, -91.93448385855174400 ) ) ;
#5292 = CARTESIAN_POINT ( 'NONE',  ( 52.05401486791064500, -3.428813497694549500, 70.11705068533839800 ) ) ;
#5293 = CARTESIAN_POINT ( 'NONE',  ( 47.27542444063277600, 0.5375576309081008300, -75.75597131325396600 ) ) ;
#5294 = CARTESIAN_POINT ( 'NONE',  ( 48.94159557113259500, -1.600098772092630500, 67.56729161852368300 ) ) ;
#5295 = CARTESIAN_POINT ( 'NONE',  ( 31.04024684709956000, -3.427725099937216400, -84.91479193227161200 ) ) ;
#5296 = CARTESIAN_POINT ( 'NONE',  ( 27.03063080514138500, -2.969610173496466800, -40.01762318879649900 ) ) ;
#5297 = CARTESIAN_POINT ( 'NONE',  ( 34.43326427979269500, 0.4999544664041345500, 91.59999999999999400 ) ) ;
#5298 = CARTESIAN_POINT ( 'NONE',  ( 46.13473057884336700, -0.1174847599364391100, -80.96244705971561500 ) ) ;
#5299 = CARTESIAN_POINT ( 'NONE',  ( 38.95773156506459900, -0.6909723004562056100, -91.59999999999998000 ) ) ;
#5300 = CARTESIAN_POINT ( 'NONE',  ( 33.16224771497592600, 2.653050298449298100, 70.35074997370833200 ) ) ;
#5301 = CARTESIAN_POINT ( 'NONE',  ( 45.43603288876712300, 2.063745169313767800, -75.36117411221459900 ) ) ;
#5302 = CARTESIAN_POINT ( 'NONE',  ( 33.45142194086339100, 0.7899767677737457000, 70.32165494154138200 ) ) ;
#5303 = CARTESIAN_POINT ( 'NONE',  ( 33.67635657465243100, -0.2952657016641445100, 91.59999999999993700 ) ) ;
#5304 = CARTESIAN_POINT ( 'NONE',  ( 26.56488687979186700, -3.336622343617651400, -23.03763602274474600 ) ) ;
#5305 = CARTESIAN_POINT ( 'NONE',  ( 46.84015579292793100, 1.515527270876274100, -81.07523485591102000 ) ) ;
#5306 = CARTESIAN_POINT ( 'NONE',  ( 33.51807231541279500, 2.217322100243971100, 75.77202017029335900 ) ) ;
#5307 = CARTESIAN_POINT ( 'NONE',  ( 32.76300443972624500, -3.157766779282542600, -91.59999999999998000 ) ) ;
#5308 = CARTESIAN_POINT ( 'NONE',  ( 50.29338837797926200, -3.354346328556096600, 78.19803456745334800 ) ) ;
#5309 = CARTESIAN_POINT ( 'NONE',  ( 45.76774653894842300, -0.9752968413522333800, -91.59999999999988100 ) ) ;
#5310 = DIRECTION ( 'NONE',  ( 0.0000000000000000000, 0.0000000000000000000, -1.000000000000000000 ) ) ;
#5311 = CARTESIAN_POINT ( 'NONE',  ( 48.60452707560250500, -1.281505513253458300, 65.00000000000001400 ) ) ;
#5312 = CARTESIAN_POINT ( 'NONE',  ( 27.93456948556054100, -3.429830764303477300, -67.57648902189134800 ) ) ;
#5313 = CARTESIAN_POINT ( 'NONE',  ( 26.70214050055394500, -3.502856202887450800, -40.00382185745043300 ) ) ;
#5314 = CARTESIAN_POINT ( 'NONE',  ( 45.50000000000000000, -3.500000000000000000, 101.5999999999999900 ) ) ;
#5315 = CARTESIAN_POINT ( 'NONE',  ( 45.86365628209548400, -0.5590358093279599300, -86.28152287827065000 ) ) ;
#5316 = CARTESIAN_POINT ( 'NONE',  ( 34.50000000000000000, -3.500000000000000000, -101.5999999999999900 ) ) ;
#5317 = CARTESIAN_POINT ( 'NONE',  ( 32.71290374871836100, 3.129714231336636400, 65.00000000000000000 ) ) ;
#5318 = CARTESIAN_POINT ( 'NONE',  ( 40.65740639384398500, 0.4554975546210587300, -85.46478663198408300 ) ) ;
#5319 = CARTESIAN_POINT ( 'NONE',  ( 33.76480227345390300, -0.1236919948671297300, 80.97270248011042800 ) ) ;
#5320 = CARTESIAN_POINT ( 'NONE',  ( 32.88290035380873600, 1.213687074382420800, 81.08952989242389700 ) ) ;
#5321 = CARTESIAN_POINT ( 'NONE',  ( 26.58894114494534500, -3.455010291813798600, -23.03012406593136100 ) ) ;
#5322 = CARTESIAN_POINT ( 'NONE',  ( 47.62186904514582900, -3.455537981140254500, 91.93696825946224700 ) ) ;
#5323 = EDGE_CURVE ( 'NONE', #1291, #4630, #3412, .T. ) ;
#5324 = CARTESIAN_POINT ( 'NONE',  ( 32.66793831939070700, -3.442499304570989100, -91.59999999999998000 ) ) ;
#5325 = CARTESIAN_POINT ( 'NONE',  ( 48.95363127743286900, -3.331101897410240700, 84.89901728372667800 ) ) ;
#5326 = CARTESIAN_POINT ( 'NONE',  ( 34.16422150136276100, -0.7470235172611444700, -64.99999999999990100 ) ) ;
#5327 = CARTESIAN_POINT ( 'NONE',  ( 47.28793237857679100, 1.371874578723889100, -65.00000000000000000 ) ) ;
#5328 = CALENDAR_DATE ( 2016, 31, 7 ) ;
#5329 = CARTESIAN_POINT ( 'NONE',  ( 31.05442530623224300, -3.452276345958110900, -84.92644557582563900 ) ) ;
#5330 = CARTESIAN_POINT ( 'NONE',  ( 26.63756651999940700, -3.501910596087584700, -34.99999999999994300 ) ) ;
#5331 = CARTESIAN_POINT ( 'NONE',  ( 47.40201991531049700, -3.261640489513562900, 91.93887023107065200 ) ) ;
#5332 = CARTESIAN_POINT ( 'NONE',  ( 46.54857805913660900, 0.7899767677737457000, -70.32165494154138200 ) ) ;
#5333 = CARTESIAN_POINT ( 'NONE',  ( 34.50000000000000000, -3.500000000000000000, -101.5999999999999900 ) ) ;
#5334 = CARTESIAN_POINT ( 'NONE',  ( 33.00966743966831300, 2.375813977721021900, 75.87977926206748700 ) ) ;
#5335 = CARTESIAN_POINT ( 'NONE',  ( 33.99164663734173800, 1.021954744311182900, 86.29334803102024400 ) ) ;
#5336 = CARTESIAN_POINT ( 'NONE',  ( 33.78965126181238800, 0.06078350836537170500, -65.00000000000000000 ) ) ;
#5337 = CARTESIAN_POINT ( 'NONE',  ( 33.47853552331537900, 0.3026130392090759500, 75.65131771553022600 ) ) ;
#5338 = CARTESIAN_POINT ( 'NONE',  ( 33.67520486147710600, -0.2687747765229471200, 91.59999999999996600 ) ) ;
#5339 = CARTESIAN_POINT ( 'NONE',  ( 34.68394557826913200, 2.341894158340885200, -23.15914934196612400 ) ) ;
#5340 = CARTESIAN_POINT ( 'NONE',  ( 46.30435974075972200, -3.454829074453073200, 96.77228008868436900 ) ) ;
#5341 = ORIENTED_EDGE ( 'NONE', *, *, #4172, .T. ) ;
#5342 = VERTEX_POINT ( 'NONE', #2616 ) ;
#5343 = CARTESIAN_POINT ( 'NONE',  ( 33.44324057923695600, -3.447311715026180900, -96.76724192927586900 ) ) ;
#5344 = CARTESIAN_POINT ( 'NONE',  ( 51.91094975054133400, -3.511665730242716300, 70.13798802247397600 ) ) ;
#5345 = CARTESIAN_POINT ( 'NONE',  ( 46.79066626645709400, 0.03522893541720115800, -81.02441667708906400 ) ) ;
#5346 = CARTESIAN_POINT ( 'NONE',  ( 35.41326115848836100, 2.878507268367561000, 3.035099141670409000 ) ) ;
#5347 = CARTESIAN_POINT ( 'NONE',  ( 27.86331832786722300, -3.480340951438110100, -65.00000000000000000 ) ) ;
ENDSEC;
END-ISO-10303-21;
