ISO-10303-21;
HEADER;
FILE_DESCRIPTION (( 'STEP AP203' ),
    '1' );
FILE_NAME ('PROPELLER - 8x4_Défaut_sldprt.STEP',
    '2016-07-31T01:44:16',
    ( '' ),
    ( '' ),
    'SwSTEP 2.0',
    'SolidWorks 2016',
    '' );
FILE_SCHEMA (( 'CONFIG_CONTROL_DESIGN' ));
ENDSEC;

DATA;
#1 = CARTESIAN_POINT ( 'NONE',  ( 8.957567782643190300, -3.432532790867731000, -84.91664208830303600 ) ) ;
#2 = CARTESIAN_POINT ( 'NONE',  ( 6.812499999999927200, 3.250000000000002700, 65.00000000000000000 ) ) ;
#3 = CARTESIAN_POINT ( 'NONE',  ( 5.373220580735140800, 0.4977957292524653500, 91.60000000000000900 ) ) ;
#4 = CARTESIAN_POINT ( 'NONE',  ( 5.767746538948427900, -0.9752968413522333800, 91.59999999999988100 ) ) ;
#5 = CARTESIAN_POINT ( 'NONE',  ( -7.039326941859516600, 0.2803299657135582300, -81.05220875969934000 ) ) ;
#6 = CARTESIAN_POINT ( 'NONE',  ( 2.094555630263320400, 1.132547951797691100, -72.20932403200944800 ) ) ;
#7 = ORIENTED_EDGE ( 'NONE', *, *, #186, .F. ) ;
#8 = CARTESIAN_POINT ( 'NONE',  ( 7.123470285869204900, -2.426840238338845000, -78.31593008818033800 ) ) ;
#9 = CARTESIAN_POINT ( 'NONE',  ( -0.5249949327120372300, -1.835273606282757900, 99.54899959821987900 ) ) ;
#10 = FACE_OUTER_BOUND ( 'NONE', #2869, .T. ) ;
#11 = CARTESIAN_POINT ( 'NONE',  ( 13.36243348000059700, -3.501910596087584700, -40.00311407325270400 ) ) ;
#12 = DIRECTION ( 'NONE',  ( 0.0000000000000000000, 1.000000000000000000, 0.0000000000000000000 ) ) ;
#13 = CARTESIAN_POINT ( 'NONE',  ( -12.02628232033350200, -3.460227747236818400, 70.11830220041571200 ) ) ;
#14 = CARTESIAN_POINT ( 'NONE',  ( 7.095286878052560200, 1.250863973233803400, 81.08908179462548600 ) ) ;
#15 = CARTESIAN_POINT ( 'NONE',  ( 0.0000000000000000000, -3.500000000000000000, -2.500000000000000000 ) ) ;
#16 = EDGE_CURVE ( 'NONE', #956, #3685, #1747, .T. ) ;
#17 = CARTESIAN_POINT ( 'NONE',  ( 7.652047974643293700, -3.463198621321495800, -91.60000000000003700 ) ) ;
#18 = APPROVAL_PERSON_ORGANIZATION ( #4975, #150, #452 ) ;
#19 = CARTESIAN_POINT ( 'NONE',  ( 12.07500000000007600, -3.387499999999999700, -65.00000000000000000 ) ) ;
#20 = CARTESIAN_POINT ( 'NONE',  ( 5.872786770718782600, 1.025221833771809100, 86.27860519358182500 ) ) ;
#21 = CARTESIAN_POINT ( 'NONE',  ( 6.383019339102705000, -0.4215157709221767900, 86.31459341377328100 ) ) ;
#22 = CIRCLE ( 'NONE', #2561, 0.1250000000000001100 ) ;
#23 = CARTESIAN_POINT ( 'NONE',  ( 6.210348738187612100, 0.06078350836537170500, -65.00000000000000000 ) ) ;
#24 = CARTESIAN_POINT ( 'NONE',  ( 2.992917139856345000, -1.715163262314656200, -84.95681617320035200 ) ) ;
#25 = CARTESIAN_POINT ( 'NONE',  ( 3.248666096487583800, -0.09638074286544820500, 96.66333298583774100 ) ) ;
#26 = DIRECTION ( 'NONE',  ( -0.9143797892797629300, 0.4048575069783149600, 0.0000000000000000000 ) ) ;
#27 = CARTESIAN_POINT ( 'NONE',  ( 0.4153692286845136500, 2.073557489836881800, 54.60882798274941100 ) ) ;
#28 = CARTESIAN_POINT ( 'NONE',  ( 11.71418783918148400, -3.052541683012570700, -65.00000000000000000 ) ) ;
#29 = CARTESIAN_POINT ( 'NONE',  ( 5.401643454997826900, 2.056579181121865200, 0.0000000000000000000 ) ) ;
#30 = CARTESIAN_POINT ( 'NONE',  ( -12.17319802478244600, -3.333834472861840800, 65.00000000000000000 ) ) ;
#31 = CARTESIAN_POINT ( 'NONE',  ( 6.144530226899998800, 0.2368358839599092900, 91.60000000000026400 ) ) ;
#32 = CARTESIAN_POINT ( 'NONE',  ( -7.025398447008310400, 0.2608619800144715800, -81.05047695738584000 ) ) ;
#33 = CARTESIAN_POINT ( 'NONE',  ( -5.500000000000000000, -3.500000000000000000, 101.5999999999999900 ) ) ;
#34 = CARTESIAN_POINT ( 'NONE',  ( 8.863150277198853300, -3.501002820499041300, -84.95388567777207800 ) ) ;
#35 = CARTESIAN_POINT ( 'NONE',  ( -3.863359722776050600, 1.234244328588178100, 65.00000000000001400 ) ) ;
#36 = CARTESIAN_POINT ( 'NONE',  ( -1.177971866286647000, 0.6202680958717926600, 79.07801269933075600 ) ) ;
#37 = CARTESIAN_POINT ( 'NONE',  ( 6.482389746706553900, -0.3413264124818705700, 86.32135055688813500 ) ) ;
#38 = CARTESIAN_POINT ( 'NONE',  ( -7.287932378576790000, 1.371874578723889100, -65.00000000000000000 ) ) ;
#39 = CARTESIAN_POINT ( 'NONE',  ( 6.012843914293650700, -0.04679952940236827000, -67.77687040799854400 ) ) ;
#40 = CARTESIAN_POINT ( 'NONE',  ( 7.356477513686684200, -1.420339374977566800, -64.99999999999994300 ) ) ;
#41 = CARTESIAN_POINT ( 'NONE',  ( -5.566735720207312000, 0.4999544664041345500, -91.59999999999999400 ) ) ;
#42 = CARTESIAN_POINT ( 'NONE',  ( 7.895152724523414100, 4.046592522412926700, 55.02444295510083100 ) ) ;
#43 = CARTESIAN_POINT ( 'NONE',  ( 12.81039460359480100, -3.437591860374771300, -52.50123405878348800 ) ) ;
#44 = EDGE_CURVE ( 'NONE', #3220, #1134, #3436, .T. ) ;
#45 = CARTESIAN_POINT ( 'NONE',  ( 6.026825518760718500, 3.108958647604744400, 35.00000000000000000 ) ) ;
#46 = CARTESIAN_POINT ( 'NONE',  ( -12.06543051443946100, -3.429830764303477300, 67.57648902189134800 ) ) ;
#47 = VERTEX_POINT ( 'NONE', #4485 ) ;
#48 = CARTESIAN_POINT ( 'NONE',  ( 6.544855723219389400, 1.603311290061676800, 81.04340130753492100 ) ) ;
#49 = CARTESIAN_POINT ( 'NONE',  ( -6.104630885168563600, -2.745342493495884600, 92.03704132010233300 ) ) ;
#50 = CARTESIAN_POINT ( 'NONE',  ( -7.611995560185191000, -3.307095056500830100, 91.60000000000000900 ) ) ;
#51 = FACE_OUTER_BOUND ( 'NONE', #2082, .T. ) ;
#52 = CARTESIAN_POINT ( 'NONE',  ( 1.627636353377647700, 2.783690462045981500, 65.00000000000000000 ) ) ;
#53 = CARTESIAN_POINT ( 'NONE',  ( 7.598584155110677900, 1.038215962506129600, 75.82823995624487200 ) ) ;
#54 = APPLICATION_PROTOCOL_DEFINITION ( 'international standard', 'config_control_design', 1994, #4989 ) ;
#55 = ORIENTED_EDGE ( 'NONE', *, *, #398, .F. ) ;
#56 = B_SPLINE_CURVE_WITH_KNOTS ( 'NONE', 3,
 ( #886, #4622, #3759, #3386 ),
 .UNSPECIFIED., .F., .F.,
 ( 4, 4 ),
 ( 0.0000000000000000000, 1.000000000000000000 ),
 .UNSPECIFIED. ) ;
#57 = CARTESIAN_POINT ( 'NONE',  ( -0.6127114180510429000, -0.1779070455900585200, -91.59999999999998000 ) ) ;
#58 = CARTESIAN_POINT ( 'NONE',  ( 4.680804423831263600, -2.781578952616098600, -91.60000000000012200 ) ) ;
#59 = CARTESIAN_POINT ( 'NONE',  ( -6.111995560820832700, -2.709781947833429500, 91.59999999999998000 ) ) ;
#60 = CARTESIAN_POINT ( 'NONE',  ( 5.500000000000000000, -3.500000000000000000, -101.5999999999999900 ) ) ;
#61 = CARTESIAN_POINT ( 'NONE',  ( 3.409055548481061000, 3.154286419249737100, 35.00000000000000000 ) ) ;
#62 = VERTEX_POINT ( 'NONE', #1277 ) ;
#63 = CARTESIAN_POINT ( 'NONE',  ( -5.497564486062443300, 1.407885015740916600, -0.1688646442637471200 ) ) ;
#64 = CARTESIAN_POINT ( 'NONE',  ( 5.229753836566577400, 0.6794399671886728300, 0.0000000000000000000 ) ) ;
#65 = CARTESIAN_POINT ( 'NONE',  ( -7.672947477967961800, -3.382489823048541000, 91.60000000000000900 ) ) ;
#66 = CARTESIAN_POINT ( 'NONE',  ( 6.541525825684529700, 1.603447768602186900, 81.04293333198117500 ) ) ;
#67 = CARTESIAN_POINT ( 'NONE',  ( -7.424495560152087700, -3.232430917835104300, 91.59999999999998000 ) ) ;
#68 = ORIENTED_EDGE ( 'NONE', *, *, #4380, .T. ) ;
#69 = DIRECTION ( 'NONE',  ( 1.000000000000000000, 0.0000000000000000000, 0.0000000000000000000 ) ) ;
#70 = CARTESIAN_POINT ( 'NONE',  ( -13.26915514171067500, -3.492244288815582900, 23.32158638610371400 ) ) ;
#71 = CARTESIAN_POINT ( 'NONE',  ( 0.6574063938439833600, 0.4554975546210587300, 85.46478663198408300 ) ) ;
#72 = CARTESIAN_POINT ( 'NONE',  ( 6.932533860554155300, 0.3549753044369269300, 75.70676095495193200 ) ) ;
#73 = CARTESIAN_POINT ( 'NONE',  ( 6.583272169237727000, -0.5184448742554737000, -70.42064639903445300 ) ) ;
#74 = CARTESIAN_POINT ( 'NONE',  ( -6.741240425643340500, 0.3809282834357070600, -86.34486761787540800 ) ) ;
#75 = CARTESIAN_POINT ( 'NONE',  ( -7.608088133981962800, -3.407769510147216100, 91.93383194445166900 ) ) ;
#76 = CARTESIAN_POINT ( 'NONE',  ( 6.123410562202287200, -3.408068413440858500, -96.77971922604707800 ) ) ;
#77 = CARTESIAN_POINT ( 'NONE',  ( -0.8124265380323695300, 2.492197029946514600, -5.457946530111527700 ) ) ;
#78 = CARTESIAN_POINT ( 'NONE',  ( -1.736094968535548500, -0.2408337396312378300, -5.231190136604697100 ) ) ;
#79 = CARTESIAN_POINT ( 'NONE',  ( 0.4280047568432220300, -0.8652004700196656000, 0.0000000000000000000 ) ) ;
#80 = CARTESIAN_POINT ( 'NONE',  ( -7.068612139924490600, 2.644357207305768000, -70.39209777800893200 ) ) ;
#81 = CARTESIAN_POINT ( 'NONE',  ( 0.1623420578244355900, -1.834828462090690900, -99.99050645971205100 ) ) ;
#82 = CARTESIAN_POINT ( 'NONE',  ( 6.344099711637619900, 0.9354805417212723700, 86.32365936181237500 ) ) ;
#83 = CYLINDRICAL_SURFACE ( 'NONE', #914, 5.500000000000000000 ) ;
#84 = CARTESIAN_POINT ( 'NONE',  ( -5.500000000000000000, -3.500000000000000000, 101.5999999999999900 ) ) ;
#85 = EDGE_CURVE ( 'NONE', #4169, #4494, #612, .T. ) ;
#86 = VERTEX_POINT ( 'NONE', #3681 ) ;
#87 = CARTESIAN_POINT ( 'NONE',  ( 10.20188091528621600, -3.485557032649426300, -78.29033390789820100 ) ) ;
#88 = CARTESIAN_POINT ( 'NONE',  ( -7.537410510304390200, -0.6737536785109018400, 65.00000000000000000 ) ) ;
#89 = CARTESIAN_POINT ( 'NONE',  ( -3.605931155248595800, 0.9726813750880400900, 68.21116085546610500 ) ) ;
#90 = CARTESIAN_POINT ( 'NONE',  ( 7.616764553414889800, 1.116012248012482300, 75.83640949013695800 ) ) ;
#91 = CARTESIAN_POINT ( 'NONE',  ( 0.2805411814574738600, -0.4391429924732824800, -91.60000000000000900 ) ) ;
#92 = CARTESIAN_POINT ( 'NONE',  ( -7.730314706120466900, 2.098862979336994600, -70.44982916283973400 ) ) ;
#93 = CARTESIAN_POINT ( 'NONE',  ( -7.628358439179398200, -3.496058060785116200, 91.60000000000002300 ) ) ;
#94 = CARTESIAN_POINT ( 'NONE',  ( -3.992789255883359500, 0.06890339688463387200, 65.00000000000000000 ) ) ;
#95 = CARTESIAN_POINT ( 'NONE',  ( -2.590204796240931400, -0.7987684386529359000, 78.31033712664007900 ) ) ;
#96 = CARTESIAN_POINT ( 'NONE',  ( -3.352147286964856300, 2.824631478723828700, 0.0000000000000000000 ) ) ;
#97 = CARTESIAN_POINT ( 'NONE',  ( 3.808764071486309400, 0.1250870961561772700, 6.462173173609989400 ) ) ;
#98 = CARTESIAN_POINT ( 'NONE',  ( -6.969358454015670100, 2.652807170889680800, -70.37571948307918000 ) ) ;
#99 = CARTESIAN_POINT ( 'NONE',  ( -5.336785951922745900, 0.4974204868938179600, -91.59999999999999400 ) ) ;
#100 = CARTESIAN_POINT ( 'NONE',  ( 6.330556582957292700, 0.9420330759860114900, 86.32263012437862000 ) ) ;
#101 = CARTESIAN_POINT ( 'NONE',  ( -6.556759420763041700, -3.447311715026180900, 96.76724192927586900 ) ) ;
#102 = CARTESIAN_POINT ( 'NONE',  ( 8.914369491731193300, -3.484248782748050400, -84.94224995604624000 ) ) ;
#103 = CARTESIAN_POINT ( 'NONE',  ( -8.175361925316210000, -0.3040165626875691600, 53.62657717631147800 ) ) ;
#104 = CARTESIAN_POINT ( 'NONE',  ( -0.2557659482995503500, 2.365572244109053200, 65.00000000000001400 ) ) ;
#105 = CARTESIAN_POINT ( 'NONE',  ( 6.057944684140805300, -0.8220127014080629300, 91.59999999999968200 ) ) ;
#106 = CARTESIAN_POINT ( 'NONE',  ( -7.395403670390652300, 0.6577369003178139600, -75.77746272888983000 ) ) ;
#107 = CARTESIAN_POINT ( 'NONE',  ( 2.434601569653649400, -1.245411522773622700, -91.59999999999998000 ) ) ;
#108 = CARTESIAN_POINT ( 'NONE',  ( -7.797131587626891400, 2.075262011488318700, -65.00000000000002800 ) ) ;
#109 = CARTESIAN_POINT ( 'NONE',  ( -6.611995560608952400, -2.908886317389230300, 91.59999999999998000 ) ) ;
#110 = CARTESIAN_POINT ( 'NONE',  ( -3.936494959300416600, -0.1933102078443932600, 70.34135006407326800 ) ) ;
#111 = CARTESIAN_POINT ( 'NONE',  ( -1.563419532724097100E-013, -0.8858127423063783000, 5.499999999999997300 ) ) ;
#112 = EDGE_CURVE ( 'NONE', #956, #441, #1070, .T. ) ;
#113 = CARTESIAN_POINT ( 'NONE',  ( 11.74014435581564400, -2.631281765846673200, -34.99999999999997900 ) ) ;
#114 = CARTESIAN_POINT ( 'NONE',  ( -6.472122131322740800, 2.138388209618946200, -75.73478582970129500 ) ) ;
#115 = CARTESIAN_POINT ( 'NONE',  ( -6.560934522572912500, -3.477768990570127400, 96.76848412973112100 ) ) ;
#116 = CLOSED_SHELL ( 'NONE', ( #3977, #4466, #1889, #233, #4738, #3684, #287, #1477, #654, #4827, #3862, #1044, #263, #1132 ) ) ;
#117 = CARTESIAN_POINT ( 'NONE',  ( -4.637581098712199300, 0.3050256012237314000, -5.765207112172456400 ) ) ;
#118 = CARTESIAN_POINT ( 'NONE',  ( 0.5454049453729784600, 0.9978282895530242700, -68.70906233126451900 ) ) ;
#119 = CARTESIAN_POINT ( 'NONE',  ( -12.15459276052485800, -3.303364233875434300, 65.00000000000000000 ) ) ;
#120 = CARTESIAN_POINT ( 'NONE',  ( -0.2805411814574738600, -0.4391429924732824800, 91.60000000000000900 ) ) ;
#121 = CARTESIAN_POINT ( 'NONE',  ( 7.039326941859516600, 0.2803299657135582300, 81.05220875969934000 ) ) ;
#122 = CARTESIAN_POINT ( 'NONE',  ( -11.90365140475402800, -3.456939033324491800, 70.27641215338658800 ) ) ;
#123 = CARTESIAN_POINT ( 'NONE',  ( -6.482389746706553900, -0.3413264124818705700, -86.32135055688813500 ) ) ;
#124 = CARTESIAN_POINT ( 'NONE',  ( 8.731806536235417600, -1.485620247608861800, -67.57677729352649000 ) ) ;
#125 = CARTESIAN_POINT ( 'NONE',  ( -7.128249781501347500, 2.312368313644595400, -75.89003133751924700 ) ) ;
#126 = CARTESIAN_POINT ( 'NONE',  ( -7.569629221911583300, -3.504677565909957600, 91.93723738121686000 ) ) ;
#127 = CARTESIAN_POINT ( 'NONE',  ( -5.566735720207312000, 0.4999544664041345500, -91.59999999999999400 ) ) ;
#128 = CARTESIAN_POINT ( 'NONE',  ( -7.392029308696178800, 1.401177603670517500, -65.00000000000001400 ) ) ;
#129 = CARTESIAN_POINT ( 'NONE',  ( -7.042752249930929400, 2.647406324255696200, -70.38807641077707400 ) ) ;
#130 = CARTESIAN_POINT ( 'NONE',  ( -5.500000000000000000, -3.500000000000000000, 101.5999999999999900 ) ) ;
#131 = ORIENTED_EDGE ( 'NONE', *, *, #369, .F. ) ;
#132 = CARTESIAN_POINT ( 'NONE',  ( 5.500000000000000000, -3.500000000000000000, -101.5999999999999900 ) ) ;
#133 = CARTESIAN_POINT ( 'NONE',  ( -1.587592785639302800, 1.081626734045285000, -73.66039144466176900 ) ) ;
#134 = CARTESIAN_POINT ( 'NONE',  ( -12.65598953907062100, -3.493772401673344200, 52.50208787477462400 ) ) ;
#135 = CARTESIAN_POINT ( 'NONE',  ( -5.657720063575519400, -0.08879999274258683400, 70.66485439059654500 ) ) ;
#136 = CARTESIAN_POINT ( 'NONE',  ( 6.557750966950018200, -0.2601180075258214300, 86.32671266945443700 ) ) ;
#137 = ORIENTED_EDGE ( 'NONE', *, *, #665, .F. ) ;
#138 = CARTESIAN_POINT ( 'NONE',  ( -11.90030361876833400, -3.460494181924651100, 70.28884426746479600 ) ) ;
#139 = COORDINATED_UNIVERSAL_TIME_OFFSET ( 5, 30, .AHEAD. ) ;
#140 = CARTESIAN_POINT ( 'NONE',  ( 6.866021471563688500, -0.4799930348159259200, -67.68749069539161700 ) ) ;
#141 = CARTESIAN_POINT ( 'NONE',  ( -6.727435304883205600, 0.4459610708858886600, -86.34485990015558300 ) ) ;
#142 = CARTESIAN_POINT ( 'NONE',  ( -5.500000000000000000, -3.500000000000000000, 101.5999999999999900 ) ) ;
#143 = EDGE_CURVE ( 'NONE', #4690, #1509, #4654, .T. ) ;
#144 = CARTESIAN_POINT ( 'NONE',  ( -1.240633887389811100, -1.175204631573433700, 85.02025008753678000 ) ) ;
#145 = CARTESIAN_POINT ( 'NONE',  ( 0.5249949327120372300, -1.835273606282757900, -99.54899959821987900 ) ) ;
#146 = CARTESIAN_POINT ( 'NONE',  ( -7.065923585626098500, 2.116197434493308100, -55.01261580622293200 ) ) ;
#147 = CARTESIAN_POINT ( 'NONE',  ( -7.129840948100037300, 2.634323737102044900, -70.40081065677524900 ) ) ;
#148 = CARTESIAN_POINT ( 'NONE',  ( 6.556759420763041700, -3.447311715026180900, -96.76724192927586900 ) ) ;
#149 = CARTESIAN_POINT ( 'NONE',  ( -1.134145014508740600, -1.897447705419733800, 91.59999999999999400 ) ) ;
#150 = APPROVAL ( #880, 'UNSPECIFIED' ) ;
#151 = CARTESIAN_POINT ( 'NONE',  ( -3.630623878870445700, 3.153323766124595600, -34.99999999999997200 ) ) ;
#152 = CARTESIAN_POINT ( 'NONE',  ( -4.488821115242674700, 1.595714051965992700, -65.00000000000007100 ) ) ;
#153 = CARTESIAN_POINT ( 'NONE',  ( 5.046406568328056800, 0.5472311556498298300, 2.194635675436039400 ) ) ;
#154 = CARTESIAN_POINT ( 'NONE',  ( -6.227320737911400200, -0.3475896502577191000, 70.50331196721822400 ) ) ;
#155 = CARTESIAN_POINT ( 'NONE',  ( 6.533835026603593800, -0.2881415343209994800, 86.32498767742852400 ) ) ;
#156 = CARTESIAN_POINT ( 'NONE',  ( -11.90726362579578400, -3.447092324581084300, 70.23855313287803900 ) ) ;
#157 = CARTESIAN_POINT ( 'NONE',  ( -6.636150707505120000, -0.1552963716024248500, -86.33248244236638400 ) ) ;
#158 = CARTESIAN_POINT ( 'NONE',  ( -7.494276574226447900, 1.096134171162186800, -70.40484003620059600 ) ) ;
#159 = CARTESIAN_POINT ( 'NONE',  ( 3.259832298061113900, -0.8577620591919898900, -84.95547810350510100 ) ) ;
#160 = CARTESIAN_POINT ( 'NONE',  ( -7.113114837602074300, 1.220778555168661600, -81.08946078597168100 ) ) ;
#161 = CARTESIAN_POINT ( 'NONE',  ( -5.500000000000000000, -3.500000000000000000, 101.5999999999999900 ) ) ;
#162 = CARTESIAN_POINT ( 'NONE',  ( -3.402381996270134000, 0.3163546224133589300, 65.00000000000000000 ) ) ;
#163 = CARTESIAN_POINT ( 'NONE',  ( 5.500000000000000000, -3.500000000000000000, -101.5999999999999900 ) ) ;
#164 = CARTESIAN_POINT ( 'NONE',  ( 7.911846705286238900, -1.666238714616831800, -65.00000000000005700 ) ) ;
#165 = CARTESIAN_POINT ( 'NONE',  ( -6.974564154841015600, 3.237175892043605800, -65.00000000000000000 ) ) ;
#166 = CARTESIAN_POINT ( 'NONE',  ( 6.367150278152977600, -3.340552441766227300, -96.77279941328799900 ) ) ;
#167 = CARTESIAN_POINT ( 'NONE',  ( -5.500000000000000000, -3.500000000000000000, 101.5999999999999900 ) ) ;
#168 = B_SPLINE_SURFACE_WITH_KNOTS ( 'NONE', 5, 5, ( 
 ( #3422, #3792, #110, #1773, #2192, #2159 ),
 ( #2553, #3810, #1789, #1723, #3405, #507 ),
 ( #4659, #2174, #942, #4588, #2960, #4639 ),
 ( #5077, #491, #961, #5059, #905, #1329 ),
 ( #3826, #2588, #2941, #3354, #4185, #1740 ),
 ( #94, #2976, #926, #1345, #4201, #5043 ),
 ( #5115, #1828, #3922, #2645, #3884, #3902 ),
 ( #1056, #3440, #1468, #1868, #5172, #2684 ),
 ( #3493, #2224, #3861, #1429, #5095, #2263 ),
 ( #3044, #2626, #5134, #4677, #1847, #4268 ),
 ( #4331, #1410, #4287, #4757, #144, #4699 ),
 ( #162, #5154, #3512, #573, #3456, #1888 ),
 ( #223, #4250, #1395, #3028, #2666, #2299 ),
 ( #4737, #2243, #998, #183, #626, #555 ),
 ( #4718, #978, #3845, #3062, #591, #3474 ),
 ( #1014, #204, #1810, #3080, #610, #1036 ),
 ( #1449, #4306, #2280, #3101, #3976, #243 ),
 ( #2336, #2370, #4404, #4798, #4367, #1076 ),
 ( #3159, #3533, #1528, #1114, #1095, #1946 ),
 ( #3139, #281, #4818, #4016, #722, #2766 ),
 ( #4385, #262, #683, #4348, #2353, #3938 ),
 ( #1567, #1489, #316, #1131, #4775, #1906 ),
 ( #2317, #4857, #3121, #702, #5232, #646 ),
 ( #5193, #4837, #2727, #666, #3551, #4424 ),
 ( #3608, #2748, #3957, #1980, #1510, #1924 ),
 ( #3198, #5211, #298, #3571, #3588, #3177 ),
 ( #3996, #2390, #1546, #5253, #1963, #2787 ),
 ( #1150, #2709, #742, #4052, #1603, #352 ),
 ( #4518, #2452, #4937, #1221, #4501, #4465 ),
 ( #2052, #2407, #4924, #3280, #4446, #1999 ),
 ( #5270, #5334, #4032, #1170, #2805, #2036 ),
 ( #1633, #2021, #5288, #4890, #404, #4099 ),
 ( #4069, #333, #3213, #3646, #2422, #2821 ),
 ( #2837, #4876, #3693, #1587, #3230, #4906 ),
 ( #1207, #758, #5319, #3626, #1619, #1191 ),
 ( #5304, #2872, #807, #370, #3247, #776 ),
 ( #3659, #1238, #4480, #2437, #4086, #1652 ),
 ( #2854, #386, #792, #2067, #3264, #3676 ),
 ( #2482, #4181, #1700, #471, #418, #4535 ),
 ( #4132, #1253, #72, #879, #2088, #3297 ),
 ( #825, #4600, #2887, #3347, #4567, #4 ),
 ( #1734, #4116, #3709, #4582, #1684, #3315 ),
 ( #2109, #4548, #900, #4970, #863, #3754 ),
 ( #3366, #1666, #3770, #4163, #2154, #5002 ),
 ( #1306, #4952, #844, #3738, #21, #2124 ),
 ( #4988, #2902, #1272, #2499, #434, #1719 ),
 ( #2535, #2469, #2140, #2953, #37, #486 ),
 ( #3722, #1325, #2921, #451, #3331, #1291 ),
 ( #4148, #2517, #53, #2936, #1783, #993 ),
 ( #1390, #4211, #5038, #1358, #155, #3855 ),
 ( #3820, #2549, #5024, #3398, #3803, #2566 ),
 ( #4691, #920, #90, #2972, #3837, #4651 ),
 ( #4197, #502, #2218, #3788, #519, #105 ),
 ( #1753, #5088, #2990, #121, #3382, #1375 ),
 ( #3004, #1341, #4228, #3415, #937, #2202 ),
 ( #1768, #2582, #5070, #1405, #3039, #2603 ),
 ( #954, #4634, #535, #4617, #136, #2170 ),
 ( #2186, #5054, #4244, #1802, #4261, #3022 ),
 ( #550, #2618, #3433, #568, #1821, #3450 ),
 ( #971, #4671, #174, #1840, #2659, #3951 ),
 ( #255, #2274, #3486, #1088, #4709, #196 ),
 ( #3133, #3056, #659, #3932, #1918, #4769 ),
 ( #237, #4279, #604, #621, #2256, #4323 ),
 ( #5128, #3073, #1879, #1421, #3915, #1027 ),
 ( #3545, #3895, #3506, #1502, #2235, #1444 ),
 ( #4298, #4361, #4342, #639, #217, #5107 ),
 ( #3115, #1861, #2638, #2700, #585, #4730 ),
 ( #5165, #3467, #1048, #5147, #2293, #2678 ),
 ( #1008, #1482, #3094, #1462, #3877, #4748 ),
 ( #3525, #1069, #1900, #2311, #5186, #2721 ),
 ( #4378, #3968, #5204, #1992, #677, #291 ),
 ( #4397, #4438, #1162, #1539, #1125, #3151 ),
 ( #5245, #275, #3599, #3191, #3170, #4007 ),
 ( #5225, #2363, #1560, #752, #2813, #4849 ),
 ( #716, #2348, #2779, #1108, #1143, #1522 ),
 ( #3990, #1939, #4027, #1580, #4043, #4811 ),
 ( #2383, #4870, #5263, #2400, #1598, #3223 ),
 ( #310, #1184, #2759, #3564, #5281, #1957 ),
 ( #3639, #4831, #4416, #4456, #1974, #2798 ),
 ( #694, #346, #2741, #4791, #2329, #3582 ),
 ( #325, #3208, #736, #3619, #396, #4063 ),
 ( #2881, #4094, #2830, #786, #3670, #2431 ),
 ( #1265, #4528, #1678, #3291, #1247, #1216 ),
 ( #4111, #4475, #1661, #14, #1202, #1612 ),
 ( #2014, #2080, #770, #3241, #4885, #1644 ),
 ( #2046, #3703, #4079, #2029, #1628, #2478 ),
 ( #5298, #4946, #4901, #2446, #3653, #364 ),
 ( #2418, #5314, #2848, #379, #3258, #819 ),
 ( #4492, #4916, #5328, #2898, #2866, #3273 ),
 ( #412, #803, #428, #3688, #1231, #4512 ),
 ( #2060, #4932, #2462, #5345, #3308, #838 ),
 ( #3718, #4126, #5017, #2558, #446, #1729 ),
 ( #1694, #2984, #3361, #2149, #2491, #31 ),
 ( #2946, #3340, #3324, #4191, #2544, #3732 ),
 ( #482, #2913, #3392, #4963, #82, #893 ),
 ( #2966, #1284, #3377, #857, #4142, #2119 ),
 ( #513, #4611, #4158, #2930, #100, #4561 ),
 ( #912, #1746, #872, #3764, #4980, #497 ),
 ( #1319, #2100, #931, #2510, #1335, #4175 ),
 ( #4593, #3782, #2164, #48, #463, #3749 ),
 ( #1713, #5033, #1300, #66, #4543, #4575 ),
 ( #2133, #4997, #2527, #2316, #3473, #1013 ),
 ( #4266, #3937, #3061, #182, #3956, #1054 ),
 ( #4305, #645, #3492, #4286, #609, #4774 ),
 ( #3511, #3100, #1827, #4698, #2665, #3079 ),
 ( #4756, #1867, #3883, #2726, #590, #4716 ),
 ( #2707, #221, #1427, #4329, #2242, #625 ),
 ( #1488, #3900, #4346, #3531, #1035, #1448 ),
 ( #1846, #203, #1905, #5153, #3921, #3120 ),
 ( #4735, #1886, #2279, #5170, #261, #2261 ),
 ( #2683, #5133, #664, #1467, #2298, #5113 ),
 ( #242, #1075, #5191, #3138, #3550, #1094 ),
 ( #2644, #4422, #4031, #1979, #1585, #757 ),
 ( #2389, #3570, #3625, #4797, #1113, #1945 ),
 ( #3645, #4875, #1545, #2765, #351, #3974 ),
 ( #1169, #4444, #3176, #3197, #1527, #5268 ),
 ( #721, #4366, #3228, #2334, #1998, #3606 ),
 ( #4856, #2804, #1149, #5210, #296, #701 ),
 ( #331, #1190, #2405, #1507, #3212, #740 ),
 ( #5287, #2820, #4384, #1923, #2747, #682 ),
 ( #280, #3157, #4816, #2352, #5231, #3587 ),
 ( #4015, #1130, #3995, #315, #4403, #1566 ),
 ( #1962, #4836, #2369, #5252, #2784, #368 ),
 ( #4534, #4464, #3721, #5303, #1602, #2020 ),
 ( #806, #3658, #3246, #4889, #1252, #2836 ),
 ( #4479, #2467, #775, #4115, #2034, #4500 ),
 ( #403, #2421, #2051, #1205, #2871, #2450 ),
 ( #3263, #4098, #791, #4936, #20, #4068 ),
 ( #1632, #1618, #432, #3279, #2066, #4905 ),
 ( #2436, #3692, #385, #5318, #1665, #3 ),
 ( #2852, #1237, #3674, #843, #1220, #2886 ),
 ( #1650, #4923, #3314, #4085, #5332, #824 ),
 ( #4517, #2481, #417, #3295, #2901, #3708 ),
 ( #2087, #4950, #4051, #4547, #2169, #2971 ),
 ( #3787, #4131, #4599, #3330, #4987, #5001 ),
 ( #3365, #1290, #4147, #862, #899, #450 ),
 ( #52, #1305, #5037, #2516, #2534, #517 ),
 ( #2935, #470, #1699, #4616, #3381, #5023 ),
 ( #104, #2107, #2153, #3346, #936, #1733 ),
 ( #2123, #3769, #4180, #4969, #71, #3736 ),
 ( #877, #3753, #2498, #501, #4566, #1717 ),
 ( #1752, #1683, #1270, #36, #2919, #4162 ),
 ( #1324, #4580, #2139, #2952, #1339, #485 ),
 ( #2548, #89, #918, #4196, #2565, #2989 ),
 ( #3397, #1767, #4243, #4633, #2617, #2217 ),
 ( #3038, #3802, #4227, #1389, #566, #5127 ),
 ( #3854, #1403, #5086, #1374, #1800, #120 ),
 ( #3003, #4669, #135, #3414, #173, #584 ),
 ( #533, #2581, #4259, #1007, #1820, #3876 ),
 ( #2255, #4689, #154, #195, #953, #5053 ),
 ( #3021, #4650, #2658, #3432, #549, #3072 ),
 ( #1782, #3465, #1420, #970, #3449, #3819 ),
 ( #2201, #992, #1357, #603, #2185, #4278 ),
 ( #5069, #2234, #5106, #2637, #2602, #3836 ),
 ( #3055, #1839, #3484, #4708, #4210, #290 ),
 ( #2697, #5164, #3913, #4377, #3149, #4790 ),
 ( #5224, #1860, #1917, #236, #693, #1501 ),
 ( #1878, #3544, #3950, #4729, #5185, #3505 ),
 ( #3114, #638, #4297, #274, #1047, #1480 ),
 ( #2273, #1521, #1443, #1025, #5145, #3894 ),
 ( #5203, #3132, #620, #216, #2677, #3563 ),
 ( #3092, #676, #3524, #1107, #2740, #1068 ),
 ( #1461, #4322, #4747, #3967, #1899, #658 ),
 ( #1937, #3931, #1087, #4341, #2328, #2347 ),
 ( #4359, #4768, #2292, #2758, #253, #4810 ),
 ( #2310, #2720, #3169, #5262, #2362, #1201 ),
 ( #309, #4396, #2399, #1956, #378, #3989 ),
 ( #2812, #1124, #4455, #3190, #363, #1538 ),
 ( #2797, #4415, #2028, #3207, #324, #4900 ),
 ( #1991, #2013, #4848, #4474, #4829, #2430 ),
 ( #3257, #769, #5244, #1597, #715, #1973 ),
 ( #2381, #1183, #4884, #345, #2778, #734 ),
 ( #4006, #2417, #2847, #3652, #3581, #5297 ),
 ( #3618, #4062, #3240, #3597, #1611, #5313 ),
 ( #1142, #1559, #1159, #4026, #1579, #4437 ),
 ( #3222, #4869, #5279, #2828, #751, #3638 ),
 ( #4041, #4979, #13, #4945, #3669, #784 ),
 ( #4931, #802, #1264, #3702, #395, #4560 ),
 ( #1230, #427, #4542, #2079, #2445, #837 ),
 ( #2477, #1215, #445, #411, #3323, #2489 ),
 ( #2461, #4490, #4915, #4511, #3731, #1660 ),
 ( #30, #5344, #3717, #2880, #1677, #2118 ),
 ( #4125, #1246, #3687, #2509, #2897, #2099 ),
 ( #2045, #4093, #3307, #3290, #5327, #1282 ),
 ( #2865, #1627, #4962, #3272, #2929, #4078 ),
 ( #2912, #1643, #856, #2059, #4141, #817 ),
 ( #4110, #46, #462, #1693, #4527, #65 ),
 ( #2041, #4570, #5176, #4212, #1769, #2236 ),
 ( #2187, #5089, #3399, #2257, #3805, #3057 ),
 ( #1376, #3451, #1406, #2619, #1359, #4652 ),
 ( #955, #4692, #5129, #586, #198, #1822 ),
 ( #2204, #5071, #3417, #3878, #2639, #4262 ),
 ( #4280, #3005, #156, #520, #994, #2660 ),
 ( #3040, #3857, #4635, #4672, #536, #569 ),
 ( #2604, #5055, #5108, #3821, #973, #2583 ),
 ( #175, #3434, #122, #1841, #4229, #1784 ),
 ( #3468, #1803, #138, #1009, #3023, #2219 ),
 ( #1422, #551, #4710, #938, #3838, #1391 ),
 ( #4245, #1463, #678, #3933, #2722, #1919 ),
 ( #2294, #3134, #5166, #3952, #4379, #4300 ),
 ( #640, #3096, #4812, #2312, #1089, #1029 ),
 ( #1484, #4749, #2679, #4792, #5205, #2349 ),
 ( #1862, #660, #276, #3546, #3153, #5226 ),
 ( #1503, #3526, #2760, #4731, #2275, #2742 ) ),
 .UNSPECIFIED., .F., .F., .F.,
 ( 6, 3, 3, 1, 3, 3, 3, 3, 4, 3, 3, 3, 3, 3, 3, 3, 3, 3, 3, 3, 3, 3, 3, 3, 3, 3, 3, 3, 3, 3, 3, 3, 3, 3, 3, 3, 3, 3, 3, 3, 3, 2, 4, 3, 3, 3, 3, 3, 3, 3, 2, 3, 4, 3, 3, 3, 4, 3, 3, 3, 3, 3, 3, 3, 3, 3, 3, 6 ),
 ( 6, 6 ),
 ( 0.0000000000000000000, 0.001143221307158447400, 0.002286442614316894700, 0.009145770457267579000, 0.01829154091453515800, 0.03658308182907031600, 0.07316616365814063200, 0.1463323273162812600, 0.2926646546325625300, 0.2928596958542818400, 0.2934448195194397400, 0.2942249844063169500, 0.2957853141800713100, 0.2989059737275801000, 0.3051472928225976700, 0.3113886119176152400, 0.3145092714651240300, 0.3152894363520012400, 0.3156795187954398200, 0.3160696012388783900, 0.3176299310126328200, 0.3301125692026679600, 0.3363538882976855300, 0.3394745478451942600, 0.3404497539537907300, 0.3406447951755100500, 0.3408398363972293700, 0.3410348776189486800, 0.3425952073927030500, 0.3550778455827381400, 0.3613191646777557100, 0.3644398242252645000, 0.3660001539990188600, 0.3663902364424575000, 0.3667803188858960700, 0.3675604837727732800, 0.3738018028677908600, 0.3769224624152996400, 0.3800431219628084300, 0.3862844410578260000, 0.3894051006053347900, 0.3909654303790891500, 0.3925257601528435700, 0.3927070445572892200, 0.4389345676909319800, 0.4853433752290203800, 0.5781609903051971900, 0.6245697978432855900, 0.6709786053813739900, 0.7173874129194624000, 0.7405918166885066000, 0.7521940185730287000, 0.7637962204575506900, 0.7708236128448195900, 0.8200153595557027100, 0.8762344986538548300, 0.9886727768501588600, 0.9888497647118751300, 0.9893807282970239500, 0.9900886797438890300, 0.9911506069141866600, 0.9915045826376192000, 0.9929204855313493700, 0.9943363884250794300, 0.9964602427656745800, 0.9971681942125396600, 0.9985840971062698300, 1.000000000000000000 ),
 ( 0.0000000000000000000, 1.000000000000000000 ),
 .UNSPECIFIED. ) ;
#169 = CARTESIAN_POINT ( 'NONE',  ( 4.656499366474401200, -3.153307385241527400, -0.0000000000000000000 ) ) ;
#170 = CARTESIAN_POINT ( 'NONE',  ( -6.116409723217153700, -0.1143605102910030100, -80.96068617556736100 ) ) ;
#171 = VERTEX_POINT ( 'NONE', #456 ) ;
#172 = CARTESIAN_POINT ( 'NONE',  ( 6.735557395310442000E-016, 3.500000000000000000, 5.500000000000000000 ) ) ;
#173 = CARTESIAN_POINT ( 'NONE',  ( -2.079581737215527900, -0.3743904918860281900, 85.03606551880545800 ) ) ;
#174 = CARTESIAN_POINT ( 'NONE',  ( 7.640384419215419800, 1.229422329665369900, 75.84769623111040500 ) ) ;
#175 = CARTESIAN_POINT ( 'NONE',  ( -12.13318786544493700, -3.482662800778712600, 65.00000000000000000 ) ) ;
#176 = CARTESIAN_POINT ( 'NONE',  ( -7.074664579818895400, 0.3344136330778622600, -81.05674186111588100 ) ) ;
#177 = VERTEX_POINT ( 'NONE', #3286 ) ;
#178 = VECTOR ( 'NONE', #12, 1000.000000000000000 ) ;
#179 = CARTESIAN_POINT ( 'NONE',  ( 6.738161340093694400, -1.643133977699772900, -78.20729161852366900 ) ) ;
#180 = CARTESIAN_POINT ( 'NONE',  ( -7.815085932604241700, 2.207721375224171600, -65.00000000000000000 ) ) ;
#181 = CARTESIAN_POINT ( 'NONE',  ( -5.500000000000000000, -3.500000000000000000, 101.5999999999999900 ) ) ;
#182 = CARTESIAN_POINT ( 'NONE',  ( 6.534899318713026900, 1.603673796005009600, 81.04199407626038000 ) ) ;
#183 = CARTESIAN_POINT ( 'NONE',  ( -1.783841016749530700, -0.5242349797156140600, 78.59686089445550300 ) ) ;
#184 = CARTESIAN_POINT ( 'NONE',  ( 5.500000000000000000, -3.500000000000000000, -101.5999999999999900 ) ) ;
#185 = VERTEX_POINT ( 'NONE', #4928 ) ;
#186 = EDGE_CURVE ( 'NONE', #3600, #3979, #2597, .T. ) ;
#187 = CARTESIAN_POINT ( 'NONE',  ( 7.874031562348395000, -0.4543329467462974300, -42.34747105268888800 ) ) ;
#188 = CARTESIAN_POINT ( 'NONE',  ( -6.328073274804474100, 1.580665595134529600, -81.00319266760062900 ) ) ;
#189 = CARTESIAN_POINT ( 'NONE',  ( 5.417448236387047100, -2.482231842833345400, -92.14071003057451000 ) ) ;
#190 = CARTESIAN_POINT ( 'NONE',  ( -5.499371842768467500, 1.453130053870948000, -0.08570260544238356100 ) ) ;
#191 = CARTESIAN_POINT ( 'NONE',  ( -5.500000000000000000, -3.500000000000000000, 101.5999999999999900 ) ) ;
#192 = CARTESIAN_POINT ( 'NONE',  ( 4.201794849009997900, -2.927145452471277200, -0.0000000000000000000 ) ) ;
#193 = CARTESIAN_POINT ( 'NONE',  ( -2.834395574614077900, -1.137966978114028900, -91.60000000000006500 ) ) ;
#194 = CARTESIAN_POINT ( 'NONE',  ( 4.653039776035336100, 0.4131993951354069300, 2.933940741817871800 ) ) ;
#195 = CARTESIAN_POINT ( 'NONE',  ( -4.124520451430692300, -0.4415934080907471500, 78.39142766351277200 ) ) ;
#196 = CARTESIAN_POINT ( 'NONE',  ( 6.135688948893065500, -0.7499239795212731000, 91.59999999999968200 ) ) ;
#197 = ORIENTED_EDGE ( 'NONE', *, *, #143, .F. ) ;
#198 = CARTESIAN_POINT ( 'NONE',  ( -8.951898278693635200, -3.441467693421170500, 84.92130417507345900 ) ) ;
#199 = FACE_OUTER_BOUND ( 'NONE', #3358, .T. ) ;
#200 = CARTESIAN_POINT ( 'NONE',  ( 5.714963024422827300, -2.551680122061100500, -91.60000000000003700 ) ) ;
#201 = CARTESIAN_POINT ( 'NONE',  ( -7.118415781238502000, 1.211310185638204700, -81.08955128996088000 ) ) ;
#202 = CARTESIAN_POINT ( 'NONE',  ( -6.671480752888114400, -3.298389122990891900, 91.96292660941169600 ) ) ;
#203 = CARTESIAN_POINT ( 'NONE',  ( 7.005178091484513200, 2.650842493792244300, 70.38194647338507100 ) ) ;
#204 = CARTESIAN_POINT ( 'NONE',  ( -2.338489481204369300, 0.5363426728578472000, 68.17364871362056500 ) ) ;
#205 = CARTESIAN_POINT ( 'NONE',  ( 5.500000000000000000, -3.500000000000000000, -101.5999999999999900 ) ) ;
#206 = CARTESIAN_POINT ( 'NONE',  ( 4.021402828942767000, 0.05630881678932223700, -65.00000000000000000 ) ) ;
#207 = CARTESIAN_POINT ( 'NONE',  ( -5.949869698716364400, 1.024391027093692700, -86.28733266927675100 ) ) ;
#208 = CARTESIAN_POINT ( 'NONE',  ( 5.500000000000000000, -3.500000000000000000, -101.5999999999999900 ) ) ;
#209 = DIRECTION ( 'NONE',  ( 1.000000000000000000, 0.0000000000000000000, 0.0000000000000000000 ) ) ;
#210 = CALENDAR_DATE ( 2016, 31, 7 ) ;
#211 = CARTESIAN_POINT ( 'NONE',  ( -6.311228347479147500, -3.188020217679367300, 91.60000000000000900 ) ) ;
#212 = CARTESIAN_POINT ( 'NONE',  ( -8.534904603162383200, 4.625023821766148100, -35.00000000000002800 ) ) ;
#213 = CARTESIAN_POINT ( 'NONE',  ( -6.592880482700737200, 0.7839195207360785100, -70.32584826533945900 ) ) ;
#214 = CARTESIAN_POINT ( 'NONE',  ( 7.269155141709900300, -0.1137363113259167900, -35.00000000000000000 ) ) ;
#215 = VECTOR ( 'NONE', #1575, 1000.000000000000000 ) ;
#216 = CARTESIAN_POINT ( 'NONE',  ( -5.440761036159545800, -1.047841116697492100, 78.26987361524264500 ) ) ;
#217 = CARTESIAN_POINT ( 'NONE',  ( 6.751225330204945900, 0.2692457669416474800, 86.34407772975225700 ) ) ;
#218 = CARTESIAN_POINT ( 'NONE',  ( 7.466496160307767300, -1.978936909505438500, -78.18701539812403200 ) ) ;
#219 = CARTESIAN_POINT ( 'NONE',  ( -7.095286878052560200, 1.250863973233803400, -81.08908179462548600 ) ) ;
#220 = CARTESIAN_POINT ( 'NONE',  ( -6.413366250697373900, -3.469883757836846400, 96.76966179609121400 ) ) ;
#221 = CARTESIAN_POINT ( 'NONE',  ( 7.068612139924490600, 2.644357207305768000, 70.39209777800893200 ) ) ;
#222 = EDGE_CURVE ( 'NONE', #4044, #908, #2038, .T. ) ;
#223 = CARTESIAN_POINT ( 'NONE',  ( -3.223064492661988500, 0.3864088955523384800, 65.00000000000000000 ) ) ;
#224 = CARTESIAN_POINT ( 'NONE',  ( 5.500000000000000000, -3.500000000000000000, -101.5999999999999900 ) ) ;
#225 = B_SPLINE_CURVE_WITH_KNOTS ( 'NONE', 3,
 ( #431, #861, #70, #2122 ),
 .UNSPECIFIED., .F., .F.,
 ( 4, 4 ),
 ( 0.02451514697369290900, 1.000000000000000000 ),
 .UNSPECIFIED. ) ;
#226 = CARTESIAN_POINT ( 'NONE',  ( -7.754760987370175900, 5.447362335066739700, -45.03892597291714100 ) ) ;
#227 = CARTESIAN_POINT ( 'NONE',  ( -5.670950537714625200, 0.4939394645588031100, -91.60000000000003700 ) ) ;
#228 = CARTESIAN_POINT ( 'NONE',  ( 7.608088133981962800, -3.407769510147216100, -91.93383194445166900 ) ) ;
#229 = CARTESIAN_POINT ( 'NONE',  ( 13.43918027289603300, -3.386841064597006000, -23.03659905653087800 ) ) ;
#230 = DESIGN_CONTEXT ( 'detailed design', #4989, 'design' ) ;
#231 = CARTESIAN_POINT ( 'NONE',  ( 0.3219516779942819800, -2.285281847031448400, 99.54086229423693100 ) ) ;
#232 = CC_DESIGN_APPROVAL ( #1404, ( #1172 ) ) ;
#233 = ADVANCED_FACE ( 'NONE', ( #2532 ), #2590, .T. ) ;
#234 = CARTESIAN_POINT ( 'NONE',  ( -5.671026160027477800, -0.9939399868418477000, -91.59999999999990900 ) ) ;
#235 = CARTESIAN_POINT ( 'NONE',  ( -5.575000000000001100, -0.2499999999999997800, -91.59999999999999400 ) ) ;
#236 = CARTESIAN_POINT ( 'NONE',  ( -4.877443877333754500, -0.7856455752632678400, 78.31095620701019300 ) ) ;
#237 = CARTESIAN_POINT ( 'NONE',  ( 7.600105008679240500, 1.628853572893237600, 65.00000000000001400 ) ) ;
#238 = CARTESIAN_POINT ( 'NONE',  ( -5.363312068258555800, -3.444152956822558400, 1.225199181425698600 ) ) ;
#239 = CARTESIAN_POINT ( 'NONE',  ( 10.69693262416273600, -2.473187239989410400, -65.00000000000002800 ) ) ;
#240 = CARTESIAN_POINT ( 'NONE',  ( -7.079604263127681200, 2.336571919619184100, -75.88671430661254600 ) ) ;
#241 = CARTESIAN_POINT ( 'NONE',  ( 5.505507188982068800, -1.417863179661351200, 97.27466813556522100 ) ) ;
#242 = CARTESIAN_POINT ( 'NONE',  ( 7.342820218160389900, 3.097260252069106800, 64.99999999999998600 ) ) ;
#243 = CARTESIAN_POINT ( 'NONE',  ( 0.7250702149362999700, -1.467709435594815000, 91.60000000000000900 ) ) ;
#244 = CARTESIAN_POINT ( 'NONE',  ( 6.556759420763041700, -3.447311715026180900, -96.76724192927586900 ) ) ;
#245 = CARTESIAN_POINT ( 'NONE',  ( 6.735557395310442000E-016, 3.500000000000000000, 5.500000000000000000 ) ) ;
#246 = CARTESIAN_POINT ( 'NONE',  ( -6.222798817254201300, 1.553708869654508500, -80.97262691061070000 ) ) ;
#247 = CARTESIAN_POINT ( 'NONE',  ( 3.248728347693834000, -2.424582956906062000, -91.59999999999999400 ) ) ;
#248 = CARTESIAN_POINT ( 'NONE',  ( -1.960588517315774400, 2.604610318927721700, 0.0000000000000000000 ) ) ;
#249 = CARTESIAN_POINT ( 'NONE',  ( 5.763762000709626900, 0.5021256386628032400, 91.59999999999999400 ) ) ;
#250 = CARTESIAN_POINT ( 'NONE',  ( 11.91146287807707100, -3.495627888606581900, -67.67748053202908000 ) ) ;
#251 = CARTESIAN_POINT ( 'NONE',  ( -6.624594017102083400, 0.3061588068195224600, -75.66595592359784900 ) ) ;
#252 = CARTESIAN_POINT ( 'NONE',  ( 6.624709192242344900, 1.267790952711550700, 65.00000000000000000 ) ) ;
#253 = CARTESIAN_POINT ( 'NONE',  ( -5.266311455138431800, -1.715026818441012700, 84.90364580926184600 ) ) ;
#254 = VERTEX_POINT ( 'NONE', #2092 ) ;
#255 = CARTESIAN_POINT ( 'NONE',  ( 7.481316037652601600, 1.504553224338018600, 65.00000000000000000 ) ) ;
#256 = ORIENTED_EDGE ( 'NONE', *, *, #1887, .T. ) ;
#257 = CARTESIAN_POINT ( 'NONE',  ( -10.11465797579507600, -3.496319897800611800, 78.31748053202910900 ) ) ;
#258 = CARTESIAN_POINT ( 'NONE',  ( 12.14145791086728800, -3.296702739210108500, -65.00000000000000000 ) ) ;
#259 = CARTESIAN_POINT ( 'NONE',  ( -6.553696110248957900, 0.7811639498112239500, -86.33761742795557800 ) ) ;
#260 = CARTESIAN_POINT ( 'NONE',  ( 5.354029437801478300, -1.000000000000003600, 91.59999999999998000 ) ) ;
#261 = CARTESIAN_POINT ( 'NONE',  ( 6.157061734028627800, 1.000909793370937000, 86.30785974153977200 ) ) ;
#262 = CARTESIAN_POINT ( 'NONE',  ( 1.624745414186618900, 1.309512077109826100, 69.32941449221870300 ) ) ;
#263 = ADVANCED_FACE ( 'NONE', ( #989 ), #2655, .T. ) ;
#264 = CARTESIAN_POINT ( 'NONE',  ( 7.108719481519441000, -3.409658148906145000, -91.94456017736872900 ) ) ;
#265 = CARTESIAN_POINT ( 'NONE',  ( 4.042824686188778200, 0.04683787287838525600, -65.00000000000000000 ) ) ;
#266 = CARTESIAN_POINT ( 'NONE',  ( -6.808352573428159400, 3.249999744268315300, -64.99999999999997200 ) ) ;
#267 = CARTESIAN_POINT ( 'NONE',  ( 5.500000000000000000, -3.500000000000000000, -101.5999999999999900 ) ) ;
#268 = CARTESIAN_POINT ( 'NONE',  ( 13.43511312020813300, -3.336622343617651400, -23.03763602274474600 ) ) ;
#269 = CARTESIAN_POINT ( 'NONE',  ( 5.566735720207312000, 0.4999544664041345500, 91.59999999999999400 ) ) ;
#270 = ORIENTED_EDGE ( 'NONE', *, *, #5300, .T. ) ;
#271 = CARTESIAN_POINT ( 'NONE',  ( -8.534904603162383200, 4.625023821766148100, -23.25540309655908500 ) ) ;
#272 = CARTESIAN_POINT ( 'NONE',  ( -6.521464476684617900, 0.3026130392090759500, -75.65131771553022600 ) ) ;
#273 = CARTESIAN_POINT ( 'NONE',  ( -1.190147867526198500, -1.911408412262552500, 91.59999999999999400 ) ) ;
#274 = CARTESIAN_POINT ( 'NONE',  ( -4.942852099057882100, -0.8161771004039448700, 78.30591850289833600 ) ) ;
#275 = CARTESIAN_POINT ( 'NONE',  ( 7.712816961465055200, 2.141033715012869500, 70.44963910048619500 ) ) ;
#276 = CARTESIAN_POINT ( 'NONE',  ( -11.80054704467097400, -3.501899077608619400, 70.34846376887118400 ) ) ;
#277 = CARTESIAN_POINT ( 'NONE',  ( 12.04176966875522800, -3.444526936924092300, -70.11761678628840900 ) ) ;
#278 = CARTESIAN_POINT ( 'NONE',  ( -6.392259712936355400, 0.9092608707883260700, -86.32718498141608200 ) ) ;
#279 = CARTESIAN_POINT ( 'NONE',  ( 0.7689004309060036800, 4.716700250569106200, 35.00000000000000000 ) ) ;
#280 = CARTESIAN_POINT ( 'NONE',  ( 6.940579264250523300, 3.242176048693420100, 65.00000000000000000 ) ) ;
#281 = CARTESIAN_POINT ( 'NONE',  ( -0.009039846799301627300, 1.092027101640156200, 68.86489109586612800 ) ) ;
#282 = CARTESIAN_POINT ( 'NONE',  ( 4.922925337314735500, -2.879584783408612100, -92.13703199600371400 ) ) ;
#283 = CARTESIAN_POINT ( 'NONE',  ( -5.628394830572341700, 1.026019168075865900, -86.25888597626566000 ) ) ;
#284 = CARTESIAN_POINT ( 'NONE',  ( 4.194904221485423100, -2.710598173594952700, -92.26053410948124200 ) ) ;
#285 = CARTESIAN_POINT ( 'NONE',  ( 5.495108959702397700, -3.314217173722037400, -0.0000000000000000000 ) ) ;
#286 = CARTESIAN_POINT ( 'NONE',  ( -5.499915705305475900, 1.523060095549865400, -0.03451356081176395300 ) ) ;
#287 = ADVANCED_FACE ( 'NONE', ( #10 ), #2579, .T. ) ;
#288 = CARTESIAN_POINT ( 'NONE',  ( -5.863656282095479200, -0.5590358093279599300, -86.28152287827065000 ) ) ;
#289 = CARTESIAN_POINT ( 'NONE',  ( -8.719900728331081700, -2.203379988663610100, 70.35194919789700000 ) ) ;
#290 = CARTESIAN_POINT ( 'NONE',  ( -1.512451053556452800, -0.8783870594269301800, 91.60000000000000900 ) ) ;
#291 = CARTESIAN_POINT ( 'NONE',  ( 6.323643425347572000, -0.2952657016641445100, 91.59999999999993700 ) ) ;
#292 = CARTESIAN_POINT ( 'NONE',  ( -5.492100352882647300, -3.188670276278762200, 0.3197656788274306200 ) ) ;
#293 = CARTESIAN_POINT ( 'NONE',  ( 12.08198841530765000, -3.415545570737652100, -67.56723080569810200 ) ) ;
#294 = CARTESIAN_POINT ( 'NONE',  ( -6.428171221616768300, 0.8869652926753953700, -86.32970174222056400 ) ) ;
#295 = CARTESIAN_POINT ( 'NONE',  ( 2.549476680035415400, 2.733200515065060500, 6.059905726805790300 ) ) ;
#296 = CARTESIAN_POINT ( 'NONE',  ( 5.978753288636692500, 1.023511695293171300, 86.29036276801043900 ) ) ;
#297 = EDGE_CURVE ( 'NONE', #4222, #332, #2908, .T. ) ;
#298 = CARTESIAN_POINT ( 'NONE',  ( 6.444799804390879000, 0.3117372490200217600, 75.64080930465655700 ) ) ;
#299 = CARTESIAN_POINT ( 'NONE',  ( 2.088325561229120300, -2.246074405031257100, -92.79051739311965700 ) ) ;
#300 = CARTESIAN_POINT ( 'NONE',  ( 0.5250103917767042800, -1.745611812738473200, -91.59999999999998000 ) ) ;
#301 = CARTESIAN_POINT ( 'NONE',  ( -6.455765010365214000, 3.249934268025708000, -64.99999999999997200 ) ) ;
#302 = CARTESIAN_POINT ( 'NONE',  ( 6.413366250697373900, -3.469883757836846400, -96.76966179609121400 ) ) ;
#303 = CARTESIAN_POINT ( 'NONE',  ( 6.963241165860361000, 1.373699929695051200, -35.00000000000000700 ) ) ;
#304 = CARTESIAN_POINT ( 'NONE',  ( -6.556085136677299200, -0.2621500712806172900, -86.32659174099701700 ) ) ;
#305 = CARTESIAN_POINT ( 'NONE',  ( 6.143903355988563900, -1.070563694062896900, 97.48172458847388100 ) ) ;
#306 = PRODUCT_RELATED_PRODUCT_CATEGORY ( 'detail', '', ( #4800 ) ) ;
#307 = CARTESIAN_POINT ( 'NONE',  ( 5.457717907580650300, -3.388672195213603600, -0.7264460483838475200 ) ) ;
#308 = CARTESIAN_POINT ( 'NONE',  ( -4.680804423831263600, -2.781578952616098600, 91.60000000000012200 ) ) ;
#309 = CARTESIAN_POINT ( 'NONE',  ( -10.69693262416273600, -2.473187239989410400, 65.00000000000002800 ) ) ;
#310 = CARTESIAN_POINT ( 'NONE',  ( 7.798202656892454100, 2.081356020957780400, 65.00000000000002800 ) ) ;
#311 = CARTESIAN_POINT ( 'NONE',  ( -5.499923175702436500, -3.245335416019970800, 0.02931697461638157000 ) ) ;
#312 = CARTESIAN_POINT ( 'NONE',  ( 10.27598351154716200, -3.422557455080991000, -78.20774484972240300 ) ) ;
#313 = CARTESIAN_POINT ( 'NONE',  ( -6.517599053354827800, 2.279342903484146400, -75.79519563293634100 ) ) ;
#314 = CARTESIAN_POINT ( 'NONE',  ( 0.7946534794026892700, 2.155801105530697400, 8.281370285117992200 ) ) ;
#315 = CARTESIAN_POINT ( 'NONE',  ( 6.205070242657917800, 1.551413197221335200, 80.96635275645428500 ) ) ;
#316 = CARTESIAN_POINT ( 'NONE',  ( 3.248832467788079100, 1.023441375383721900, 74.47766400896067300 ) ) ;
#317 = CARTESIAN_POINT ( 'NONE',  ( 5.500000000000000000, -3.500000000000000000, -101.5999999999999900 ) ) ;
#318 = CARTESIAN_POINT ( 'NONE',  ( 0.8431347878130017700, -1.061663178730185600, -85.09843044722774200 ) ) ;
#319 = CARTESIAN_POINT ( 'NONE',  ( -6.177604975996977100, 1.550917069118307000, -80.95706275498507400 ) ) ;
#320 = CARTESIAN_POINT ( 'NONE',  ( 7.202240460310553000, 3.004872362403155700, 35.00000000000000000 ) ) ;
#321 = CARTESIAN_POINT ( 'NONE',  ( 5.228520124881789000, -3.437037112749414400, -23.95002637645679800 ) ) ;
#322 = CARTESIAN_POINT ( 'NONE',  ( 4.577908147563846300, -3.091346004255367300, -3.062345030431993500 ) ) ;
#323 = CARTESIAN_POINT ( 'NONE',  ( -8.106097407930771900, -3.274669800041051500, 84.95843284160471900 ) ) ;
#324 = CARTESIAN_POINT ( 'NONE',  ( -8.276955102827148600, -3.021238824830460700, 84.87607048162031700 ) ) ;
#325 = CARTESIAN_POINT ( 'NONE',  ( 7.799235272070451900, 2.087456809847491700, 65.00000000000002800 ) ) ;
#326 = CARTESIAN_POINT ( 'NONE',  ( -5.499899027494703500, -3.252912044328662800, 0.03355098057960232600 ) ) ;
#327 = EDGE_CURVE ( 'NONE', #4494, #711, #2086, .T. ) ;
#328 = CARTESIAN_POINT ( 'NONE',  ( 10.28727094300334200, -3.405927960657024700, -78.20255582145651400 ) ) ;
#329 = CARTESIAN_POINT ( 'NONE',  ( -6.928327590955409400, 1.450999990674205000, -81.08157155341567100 ) ) ;
#330 = CARTESIAN_POINT ( 'NONE',  ( -5.508302296235712000, -3.199822055969844900, 23.93804279555126900 ) ) ;
#331 = CARTESIAN_POINT ( 'NONE',  ( 6.996980864396083400, 3.233213221323628900, 65.00000000000000000 ) ) ;
#332 = VERTEX_POINT ( 'NONE', #3329 ) ;
#333 = CARTESIAN_POINT ( 'NONE',  ( 6.601367306103134600, 0.7832377970834293300, 70.32665417930998300 ) ) ;
#334 = CARTESIAN_POINT ( 'NONE',  ( 5.505696776299161300, -3.017552498776584300, -92.06314416388509900 ) ) ;
#335 = APPROVAL ( #2500, 'UNSPECIFIED' ) ;
#336 = CARTESIAN_POINT ( 'NONE',  ( 3.827525614779567800, 0.1408364757835729500, -65.00000000000000000 ) ) ;
#337 = CARTESIAN_POINT ( 'NONE',  ( -5.892884633789782900, 1.025285688645692000, -86.28101706887198900 ) ) ;
#338 = CARTESIAN_POINT ( 'NONE',  ( -4.228062368382893500, -2.908887779592605600, 3.529686771089948700 ) ) ;
#339 = CARTESIAN_POINT ( 'NONE',  ( 5.409646841502265600, 2.068735829641974000, 1.025482422186821100 ) ) ;
#340 = CARTESIAN_POINT ( 'NONE',  ( -7.626066954648639000, 1.162084518823669000, -75.84106334109311800 ) ) ;
#341 = CARTESIAN_POINT ( 'NONE',  ( -4.586738841511640400, 2.878507268367561000, -3.035099141670409000 ) ) ;
#342 = CARTESIAN_POINT ( 'NONE',  ( 5.373099757032242100, -3.042226386248210200, -1.181062772307778500 ) ) ;
#343 = CARTESIAN_POINT ( 'NONE',  ( -8.917949369175069300, -2.111708114796207300, 64.99999999999994300 ) ) ;
#344 = LOCAL_TIME ( 7, 14, 16.00000000000000000, #3179 ) ;
#345 = CARTESIAN_POINT ( 'NONE',  ( -10.29171909380458600, -3.356530006669240500, 78.19803802298280000 ) ) ;
#346 = CARTESIAN_POINT ( 'NONE',  ( 7.703477649410538100, 2.161605378117915900, 70.44947284924263900 ) ) ;
#347 = CARTESIAN_POINT ( 'NONE',  ( 8.965845422728001800, -3.355516603754779700, -84.90002215879178500 ) ) ;
#348 = CIRCLE ( 'NONE', #2108, 2.500000000000000000 ) ;
#349 = CARTESIAN_POINT ( 'NONE',  ( -6.096213529124771200, 0.2879017730269637900, -91.60000000000026400 ) ) ;
#350 = CARTESIAN_POINT ( 'NONE',  ( -13.43918027289603300, -3.386841064597006000, 35.00000000000001400 ) ) ;
#351 = CARTESIAN_POINT ( 'NONE',  ( 6.059356797506832300, 1.017507208359433600, 86.29843617150305600 ) ) ;
#352 = CARTESIAN_POINT ( 'NONE',  ( 5.580948303767071300, -0.9999817380565414500, 91.59999999999998000 ) ) ;
#353 = CARTESIAN_POINT ( 'NONE',  ( 5.500000000000000000, -3.500000000000000000, -101.5999999999999900 ) ) ;
#354 = FACE_OUTER_BOUND ( 'NONE', #4896, .T. ) ;
#355 = VECTOR ( 'NONE', #5338, 1000.000000000000100 ) ;
#356 = CARTESIAN_POINT ( 'NONE',  ( 0.1023573346433221700, -1.644280614920126100, -91.59999999999998000 ) ) ;
#357 = CARTESIAN_POINT ( 'NONE',  ( 0.3420342928714386600, 0.8396973866627010000, -79.32957326396820000 ) ) ;
#358 = CARTESIAN_POINT ( 'NONE',  ( 13.38622377657959800, -3.274055437160528800, -35.00000000000000000 ) ) ;
#359 = CARTESIAN_POINT ( 'NONE',  ( 6.812492010791485700, 3.249999999999999600, 65.00000000000000000 ) ) ;
#360 = CARTESIAN_POINT ( 'NONE',  ( -9.127063101341201800, -1.755202108929919000, 53.15101810504420900 ) ) ;
#361 = CARTESIAN_POINT ( 'NONE',  ( 5.211733259823773800, -2.892902860238163200, -1.773202749243130600 ) ) ;
#362 = CARTESIAN_POINT ( 'NONE',  ( -4.997049666523097700, -21.89768038953364400, -35.00000000000000000 ) ) ;
#363 = CARTESIAN_POINT ( 'NONE',  ( -7.626439631325698800, -2.731063467994643300, 84.87123564241245800 ) ) ;
#364 = CARTESIAN_POINT ( 'NONE',  ( 6.298919673227152800, -0.04068574578858128600, 91.60000000000008000 ) ) ;
#365 = CARTESIAN_POINT ( 'NONE',  ( -1.807403084925898600, 0.3279063277462635500, 5.207596178271328000 ) ) ;
#366 = CARTESIAN_POINT ( 'NONE',  ( 12.03409396563526600, -3.452902464448212200, -67.61925899209073500 ) ) ;
#367 = CARTESIAN_POINT ( 'NONE',  ( -0.7390350521396605900, 1.035527476884599500, 0.0000000000000000000 ) ) ;
#368 = CARTESIAN_POINT ( 'NONE',  ( 5.605526368485757700, 0.4994688674827784100, 91.59999999999998000 ) ) ;
#369 = EDGE_CURVE ( 'NONE', #4494, #332, #5249, .T. ) ;
#370 = CARTESIAN_POINT ( 'NONE',  ( 6.235197726546100900, -0.1236919948671297300, 80.97270248011042800 ) ) ;
#371 = CARTESIAN_POINT ( 'NONE',  ( 0.5704668799960772600, -0.9880066259223340100, -85.15210568802577000 ) ) ;
#372 = CARTESIAN_POINT ( 'NONE',  ( -2.765699483134438800, 2.971862260744864600, -65.00000000000000000 ) ) ;
#373 = DIRECTION ( 'NONE',  ( 0.0000000000000000000, -1.000000000000000000, 0.0000000000000000000 ) ) ;
#374 = ORIENTED_EDGE ( 'NONE', *, *, #4625, .F. ) ;
#375 = CARTESIAN_POINT ( 'NONE',  ( -7.874031562348395000, -0.4543329467462974300, 42.34747105268888800 ) ) ;
#376 = CARTESIAN_POINT ( 'NONE',  ( 4.249999999999999100, 1.500000000000000000, 0.0000000000000000000 ) ) ;
#377 = CARTESIAN_POINT ( 'NONE',  ( -4.656499366474401200, -3.153307385241527400, 0.0000000000000000000 ) ) ;
#378 = CARTESIAN_POINT ( 'NONE',  ( -6.998527737692379300, -2.456807352174188400, 84.87756789622287100 ) ) ;
#379 = CARTESIAN_POINT ( 'NONE',  ( 6.840155792927929700, 1.515527270876274100, 81.07523485591102000 ) ) ;
#380 = CARTESIAN_POINT ( 'NONE',  ( 3.500103634515409300, 0.3890674239539849100, 91.59999999999998000 ) ) ;
#381 = CARTESIAN_POINT ( 'NONE',  ( -7.349555190690622000, 1.408693220599892100, -65.00000000000000000 ) ) ;
#382 = CARTESIAN_POINT ( 'NONE',  ( 12.06543051443946100, -3.429830764303477300, -67.57648902189134800 ) ) ;
#383 = ORIENTED_EDGE ( 'NONE', *, *, #4851, .F. ) ;
#384 = CARTESIAN_POINT ( 'NONE',  ( -13.43918027289603300, -3.386841064597006000, 23.03659905653087800 ) ) ;
#385 = CARTESIAN_POINT ( 'NONE',  ( 6.177408706829849500, 2.060235033420366500, 75.55554089358226100 ) ) ;
#386 = CARTESIAN_POINT ( 'NONE',  ( 6.768894855696934200, 0.7762645037106268300, 70.34128885883907900 ) ) ;
#387 = VERTEX_POINT ( 'NONE', #484 ) ;
#388 = CARTESIAN_POINT ( 'NONE',  ( 2.296081247448642100, -2.610560940458703300, -97.85815940307638500 ) ) ;
#389 = CARTESIAN_POINT ( 'NONE',  ( 1.164958648907515900, -0.3406152000039321900, -78.81364871362056600 ) ) ;
#390 = CARTESIAN_POINT ( 'NONE',  ( -2.573829701236715300, 2.444384813700364800, -69.64105014963634200 ) ) ;
#391 = CARTESIAN_POINT ( 'NONE',  ( 5.499999999999998200, 1.511333873039345300, 0.01863705324913501900 ) ) ;
#392 = DIRECTION ( 'NONE',  ( 1.000000000000000000, 0.0000000000000000000, 0.0000000000000000000 ) ) ;
#393 = CARTESIAN_POINT ( 'NONE',  ( -7.062499999999927200, 4.375000000000001800, -55.01473523173899600 ) ) ;
#394 = CARTESIAN_POINT ( 'NONE',  ( -3.418959789684481400, -2.537777229246541900, 23.78055256083094400 ) ) ;
#395 = CARTESIAN_POINT ( 'NONE',  ( -8.965845422728001800, -3.355516603754779700, 84.90002215879178500 ) ) ;
#396 = CARTESIAN_POINT ( 'NONE',  ( 6.718967595205839400, 0.4764926895378841500, 86.34473039298582400 ) ) ;
#397 = CARTESIAN_POINT ( 'NONE',  ( 1.906508406157840600, 0.1498497930718353200, 91.59999999999996600 ) ) ;
#398 = EDGE_CURVE ( 'NONE', #1097, #1735, #4908, .T. ) ;
#399 = ORIENTED_EDGE ( 'NONE', *, *, #5227, .T. ) ;
#400 = CARTESIAN_POINT ( 'NONE',  ( -7.542596220237639300, 1.151491801500090800, -70.40997535485749400 ) ) ;
#401 = CARTESIAN_POINT ( 'NONE',  ( 12.16160680492496500, -3.458145386200543100, -65.00000000000001400 ) ) ;
#402 = CARTESIAN_POINT ( 'NONE',  ( -12.21141010944020700, -2.416042901537755100, 23.02661838522486100 ) ) ;
#403 = CARTESIAN_POINT ( 'NONE',  ( 6.811106945119870900, 3.250000000000000400, 64.99999999999997200 ) ) ;
#404 = CARTESIAN_POINT ( 'NONE',  ( 5.882924145940334500, -0.5600068620738510900, 86.28292413266969200 ) ) ;
#405 = CARTESIAN_POINT ( 'NONE',  ( -6.158294465473434600, 0.3436141235815725600, -91.60000000000002300 ) ) ;
#406 = CARTESIAN_POINT ( 'NONE',  ( -4.631898243610186800, 0.4701277779147421400, -91.60000000000005100 ) ) ;
#407 = PERSON_AND_ORGANIZATION ( #3553, #851 ) ;
#408 = CARTESIAN_POINT ( 'NONE',  ( 6.753995649606591400, 1.243073357919904900, 65.00000000000000000 ) ) ;
#409 = CARTESIAN_POINT ( 'NONE',  ( 9.656521415243194200, -0.5501074020983604000, -41.69041044846055400 ) ) ;
#410 = DIRECTION ( 'NONE',  ( -0.9703053751617990400, 0.2418831927441851500, 0.0000000000000000000 ) ) ;
#411 = CARTESIAN_POINT ( 'NONE',  ( -10.28727094300334200, -3.405927960657024700, 78.20255582145651400 ) ) ;
#412 = CARTESIAN_POINT ( 'NONE',  ( 7.729933449888538800, 2.647106955164929800, 64.99999999999994300 ) ) ;
#413 = CARTESIAN_POINT ( 'NONE',  ( -2.105501622571343700, -1.283420647238255000, 93.14104977009940000 ) ) ;
#414 = CARTESIAN_POINT ( 'NONE',  ( -6.062250888037233700, -0.8183431585436929900, -91.59999999999968200 ) ) ;
#415 = CARTESIAN_POINT ( 'NONE',  ( 10.26486684371340800, -3.432247612396968500, -78.21365813640650800 ) ) ;
#416 = CARTESIAN_POINT ( 'NONE',  ( -13.30936383028630100, -3.500815289903507700, 34.99999999999998600 ) ) ;
#417 = CARTESIAN_POINT ( 'NONE',  ( 4.683732296882611800, 2.052807794062179600, 75.13390020506669500 ) ) ;
#418 = CARTESIAN_POINT ( 'NONE',  ( 6.020090195993635300, -0.5553232306746324100, 86.29201622759946100 ) ) ;
#419 = CARTESIAN_POINT ( 'NONE',  ( -5.505507188982068800, -1.417863179661351200, -97.27466813556522100 ) ) ;
#420 = CARTESIAN_POINT ( 'NONE',  ( 0.4638402098388116900, 0.1633446177157856200, -85.26167146045253300 ) ) ;
#421 = CARTESIAN_POINT ( 'NONE',  ( 11.91146287807707100, -3.495627888606581900, -67.67748053202908000 ) ) ;
#422 = CARTESIAN_POINT ( 'NONE',  ( -5.500000000000000000, -3.500000000000000000, 101.5999999999999900 ) ) ;
#423 = DIRECTION ( 'NONE',  ( 0.0000000000000000000, -1.000000000000000000, 0.0000000000000000000 ) ) ;
#424 = CARTESIAN_POINT ( 'NONE',  ( 1.681849624247868200, 2.800057761508612900, 5.255530329726299900 ) ) ;
#425 = CARTESIAN_POINT ( 'NONE',  ( 12.74401140838147500, -3.500636023863865200, -52.50155703662636600 ) ) ;
#426 = CARTESIAN_POINT ( 'NONE',  ( -6.812499999999925400, -24.92412854073873500, -65.00000000000000000 ) ) ;
#427 = CARTESIAN_POINT ( 'NONE',  ( -12.09611422610452500, -3.391049202607356900, 67.56108394198794500 ) ) ;
#428 = CARTESIAN_POINT ( 'NONE',  ( 6.609845030707455200, 2.350319778117861100, 75.82267771736425700 ) ) ;
#429 = ORIENTED_EDGE ( 'NONE', *, *, #3795, .F. ) ;
#430 = CARTESIAN_POINT ( 'NONE',  ( 11.90239876217470900, -3.470295008435116700, -70.18610862025423100 ) ) ;
#431 = CARTESIAN_POINT ( 'NONE',  ( -5.225223840640141200, -3.429184591355484400, 1.716693279303529000 ) ) ;
#432 = CARTESIAN_POINT ( 'NONE',  ( 6.541944248788661700, 2.051890143860482000, 75.63412547428936300 ) ) ;
#433 = CC_DESIGN_PERSON_AND_ORGANIZATION_ASSIGNMENT ( #1050, #1273, ( #2468 ) ) ;
#434 = CARTESIAN_POINT ( 'NONE',  ( 6.434951684269401000, -0.3838512225318878600, 86.31807101523848800 ) ) ;
#435 = ORIENTED_EDGE ( 'NONE', *, *, #4108, .T. ) ;
#436 = CARTESIAN_POINT ( 'NONE',  ( 3.763854275185061700, 0.6378896535929208200, -71.42315322807601800 ) ) ;
#437 = CARTESIAN_POINT ( 'NONE',  ( 7.373432227444727300, -3.051594379601573000, -84.95822831752110500 ) ) ;
#438 = DIRECTION ( 'NONE',  ( 1.000000000000000000, 0.0000000000000000000, 0.0000000000000000000 ) ) ;
#439 = CARTESIAN_POINT ( 'NONE',  ( 5.500000000000000000, -3.500000000000000000, -101.5999999999999900 ) ) ;
#440 = CARTESIAN_POINT ( 'NONE',  ( 7.810700331786265800, 2.494236761034255100, 65.00000000000000000 ) ) ;
#441 = VERTEX_POINT ( 'NONE', #4546 ) ;
#442 = CARTESIAN_POINT ( 'NONE',  ( 12.15459276052485800, -3.303364233875434300, -65.00000000000000000 ) ) ;
#443 = ORIENTED_EDGE ( 'NONE', *, *, #4944, .T. ) ;
#444 = CARTESIAN_POINT ( 'NONE',  ( 4.637581098712199300, 0.3050256012237314000, 0.0000000000000000000 ) ) ;
#445 = CARTESIAN_POINT ( 'NONE',  ( -11.96583004158950900, -3.506225285905156100, 70.12243686704181300 ) ) ;
#446 = CARTESIAN_POINT ( 'NONE',  ( 6.392259712936355400, 0.9092608707883260700, 86.32718498141608200 ) ) ;
#447 = DIRECTION ( 'NONE',  ( 0.0000000000000000000, 1.000000000000000000, 0.0000000000000000000 ) ) ;
#448 = CARTESIAN_POINT ( 'NONE',  ( 8.843136162709269500, -3.499531611105070300, -84.95711551248331300 ) ) ;
#449 = CARTESIAN_POINT ( 'NONE',  ( -7.266722016811225900, 1.195256904456912400, 43.18094544173991500 ) ) ;
#450 = CARTESIAN_POINT ( 'NONE',  ( 3.560885073443453400, 0.3820660766622955800, 91.60000000000006500 ) ) ;
#451 = CARTESIAN_POINT ( 'NONE',  ( 6.978625445675492100, 0.2014672731021806000, 81.04484003620046900 ) ) ;
#452 = APPROVAL_ROLE ( '' ) ;
#453 = CARTESIAN_POINT ( 'NONE',  ( -7.568115455234868200, 0.9473495702130605400, -75.81784345939784900 ) ) ;
#454 = CARTESIAN_POINT ( 'NONE',  ( 4.386504892554291300, 0.4227497619459305600, -71.13854973613990800 ) ) ;
#455 = CARTESIAN_POINT ( 'NONE',  ( 4.439982518622888300, -2.158626422097222900, -84.95768461915334100 ) ) ;
#456 = CARTESIAN_POINT ( 'NONE',  ( 5.500005099422955000, 1.492001305332441700, 0.0000000000000000000 ) ) ;
#457 = CARTESIAN_POINT ( 'NONE',  ( -0.2578722279359448300, -2.091461178630876500, -99.85288951088232100 ) ) ;
#458 = CARTESIAN_POINT ( 'NONE',  ( 7.312499999999926300, 5.500000000000005300, 45.02947046347799900 ) ) ;
#459 = FACE_OUTER_BOUND ( 'NONE', #509, .T. ) ;
#460 = CARTESIAN_POINT ( 'NONE',  ( 12.06835504204718900, -3.502920983513961000, -65.00000000000000000 ) ) ;
#461 = CARTESIAN_POINT ( 'NONE',  ( 7.405865196312994700, 2.986840821713614400, 23.26270183871196200 ) ) ;
#462 = CARTESIAN_POINT ( 'NONE',  ( -11.90777142699505100, -3.496066098990042300, 70.15105668274678400 ) ) ;
#463 = CARTESIAN_POINT ( 'NONE',  ( 6.318546232975025500, 0.9475206675808367500, 86.32170065376757900 ) ) ;
#464 = CARTESIAN_POINT ( 'NONE',  ( -7.031442278455085800, 0.2691641161552798500, -81.05122411097833900 ) ) ;
#465 = CARTESIAN_POINT ( 'NONE',  ( -7.576290573974581800, -3.293550582068236500, 91.93936013234511500 ) ) ;
#466 = EDGE_CURVE ( 'NONE', #5342, #695, #3620, .T. ) ;
#467 = CARTESIAN_POINT ( 'NONE',  ( 0.0000000000000000000, 3.500000000000000000, 0.0000000000000000000 ) ) ;
#468 = FACE_OUTER_BOUND ( 'NONE', #3598, .T. ) ;
#469 = CARTESIAN_POINT ( 'NONE',  ( -5.210932498510612000, -3.429072555626031500, 23.94381333070548100 ) ) ;
#470 = CARTESIAN_POINT ( 'NONE',  ( 0.6652135058439155900, 2.151568139762039400, 69.21877850993004700 ) ) ;
#471 = CARTESIAN_POINT ( 'NONE',  ( 6.355334891166029000, -0.1186463835093369800, 80.98403245519902800 ) ) ;
#472 = APPROVAL_ROLE ( '' ) ;
#473 = LINE ( 'NONE', #4607, #4981 ) ;
#474 = CARTESIAN_POINT ( 'NONE',  ( 5.988958720703872800, 0.1745063670565523100, -64.99999999999998600 ) ) ;
#475 = CARTESIAN_POINT ( 'NONE',  ( 11.24457604585145100, -3.141862419420625900, -65.00000000000000000 ) ) ;
#476 = CARTESIAN_POINT ( 'NONE',  ( -1.051946111419579200, -0.9122608394840346900, 93.64086251607868400 ) ) ;
#477 = CARTESIAN_POINT ( 'NONE',  ( -5.499983423329586800, 1.511335797240829200, 0.0000000000000000000 ) ) ;
#478 = CARTESIAN_POINT ( 'NONE',  ( 0.3935618610650683000, 2.293300941164175400, 5.500000000000008900 ) ) ;
#479 = CARTESIAN_POINT ( 'NONE',  ( -0.3465883073302139000, -0.7444534312052337700, -5.500000000000009800 ) ) ;
#480 = CARTESIAN_POINT ( 'NONE',  ( 8.312085610032735200, 5.053453130918208900, 23.25257406693531300 ) ) ;
#481 = CARTESIAN_POINT ( 'NONE',  ( 1.855223084407636900, -1.876771981872852300, -98.48528102659125200 ) ) ;
#482 = CARTESIAN_POINT ( 'NONE',  ( 7.628942016511497400, 2.824235552641646500, 64.99999999999994300 ) ) ;
#483 = CARTESIAN_POINT ( 'NONE',  ( -5.424495561112171200, -2.436013439694203700, 91.59999999999996600 ) ) ;
#484 = CARTESIAN_POINT ( 'NONE',  ( 3.061616997868383100E-016, -3.500000000000000000, -2.500000000000000000 ) ) ;
#485 = CARTESIAN_POINT ( 'NONE',  ( 0.7881091844902099500, -0.1319369204841387100, 91.59999999999998000 ) ) ;
#486 = CARTESIAN_POINT ( 'NONE',  ( 6.004609605251221900, -0.8634990112084355300, 91.59999999999971000 ) ) ;
#487 = CARTESIAN_POINT ( 'NONE',  ( -7.595367687778446200, 1.221003493014359600, -70.41581147553557700 ) ) ;
#488 = CARTESIAN_POINT ( 'NONE',  ( 6.739682815244720800, -0.4133103354030923700, -67.69813125231266300 ) ) ;
#489 = CARTESIAN_POINT ( 'NONE',  ( -7.164346274096275600, 1.113825823970976400, -81.08973523575090800 ) ) ;
#490 = CARTESIAN_POINT ( 'NONE',  ( -5.500000000000000000, -3.500000000000000000, 101.5999999999999900 ) ) ;
#491 = CARTESIAN_POINT ( 'NONE',  ( -3.965953864032248700, -0.07022559427114281900, 67.67710555057726700 ) ) ;
#492 = CARTESIAN_POINT ( 'NONE',  ( -4.013459655556380800, 2.989082619949431100, -3.767808645307090000 ) ) ;
#493 = EDGE_CURVE ( 'NONE', #5220, #4044, #225, .T. ) ;
#494 = CARTESIAN_POINT ( 'NONE',  ( 4.887793014709653300, 0.3980046945130480400, 5.598203160062026600 ) ) ;
#495 = CARTESIAN_POINT ( 'NONE',  ( -6.080163035205360200, 0.3030198114288231200, -91.60000000000027900 ) ) ;
#496 = CARTESIAN_POINT ( 'NONE',  ( 5.500000000000000000, -3.500000000000000000, -101.5999999999999900 ) ) ;
#497 = CARTESIAN_POINT ( 'NONE',  ( 6.096213529124771200, 0.2879017730269637900, 91.60000000000026400 ) ) ;
#498 = CARTESIAN_POINT ( 'NONE',  ( -5.500000000000000000, -3.500000000000000000, 101.5999999999999900 ) ) ;
#499 = CARTESIAN_POINT ( 'NONE',  ( 12.11063020378982600, -3.494048693186965000, -65.00000000000000000 ) ) ;
#500 = CARTESIAN_POINT ( 'NONE',  ( -13.41013580006597300, -3.291519326522031700, 40.00361683776478100 ) ) ;
#501 = CARTESIAN_POINT ( 'NONE',  ( -0.6232856854135905300, 0.7688936664696245400, 79.24424020051199600 ) ) ;
#502 = CARTESIAN_POINT ( 'NONE',  ( 7.560846707642813400, 1.174302253439068100, 70.41196326884718800 ) ) ;
#503 = VERTEX_POINT ( 'NONE', #3364 ) ;
#504 = CARTESIAN_POINT ( 'NONE',  ( 7.172292136943269700, -0.4658088592432440600, -65.00000000000000000 ) ) ;
#505 = CARTESIAN_POINT ( 'NONE',  ( -7.712816961465055200, 2.141033715012869500, -70.44963910048619500 ) ) ;
#506 = CARTESIAN_POINT ( 'NONE',  ( -7.621869045145825100, -3.455537981140254500, 91.93696825946224700 ) ) ;
#507 = CARTESIAN_POINT ( 'NONE',  ( -0.5456475499666044700, -1.750743740576115900, 91.59999999999998000 ) ) ;
#508 = CARTESIAN_POINT ( 'NONE',  ( -0.5508116812163014200, -1.752031084320057100, 91.59999999999999400 ) ) ;
#509 = EDGE_LOOP ( 'NONE', ( #4785, #4562, #2030, #5213, #1858, #826, #3215, #443, #2245, #3981 ) ) ;
#510 = CARTESIAN_POINT ( 'NONE',  ( -5.046406568328056800, 0.5472311556498298300, -2.194635675436039400 ) ) ;
#511 = CARTESIAN_POINT ( 'NONE',  ( 8.312085610032735200, 5.053453130918208900, 35.00000000000001400 ) ) ;
#512 = CARTESIAN_POINT ( 'NONE',  ( -6.157061734028627800, 1.000909793370937000, -86.30785974153977200 ) ) ;
#513 = CARTESIAN_POINT ( 'NONE',  ( 7.615382023049038600, 2.843012045654912200, 64.99999999999994300 ) ) ;
#514 = CARTESIAN_POINT ( 'NONE',  ( -7.615720755701706100, -3.343592551263692600, 91.93660459115156400 ) ) ;
#515 = CARTESIAN_POINT ( 'NONE',  ( 11.92582391886934800, -3.499898416530387900, -67.67423102496660200 ) ) ;
#516 = CARTESIAN_POINT ( 'NONE',  ( -8.360483851777795300, -1.142516276407978600, 64.99999999999991500 ) ) ;
#517 = CARTESIAN_POINT ( 'NONE',  ( 3.038397187213422300, 0.3163165766397309500, 91.60000000000005100 ) ) ;
#518 = ADVANCED_BREP_SHAPE_REPRESENTATION ( 'PROPELLER - 8x4_DTfaut_sldprt', ( #1593, #2931, #1370 ), #3296 ) ;
#519 = CARTESIAN_POINT ( 'NONE',  ( 6.547655246107862800, -0.2722398280421636800, 86.32598163442337100 ) ) ;
#520 = CARTESIAN_POINT ( 'NONE',  ( -10.23027043352260000, -3.454923758496593900, 78.25925899209077800 ) ) ;
#521 = CARTESIAN_POINT ( 'NONE',  ( -7.448417052069137500, 0.7240337262817211400, -75.78800316188554100 ) ) ;
#522 = CARTESIAN_POINT ( 'NONE',  ( 3.124467573015603100, -0.7987444083604793300, -84.96125572851787000 ) ) ;
#523 = CARTESIAN_POINT ( 'NONE',  ( -7.777945368998335800, 1.908992604750640300, -70.44815545950476100 ) ) ;
#524 = CARTESIAN_POINT ( 'NONE',  ( -5.500000000000000000, -3.500000000000000000, 101.5999999999999900 ) ) ;
#525 = CARTESIAN_POINT ( 'NONE',  ( 6.282735820929575600, 0.4417012794083413100, -42.86279592904925600 ) ) ;
#526 = CARTESIAN_POINT ( 'NONE',  ( -6.088233098187057400, 0.2955221128262427400, -91.60000000000027900 ) ) ;
#527 = CIRCLE ( 'NONE', #4665, 0.1000000000000002600 ) ;
#528 = CARTESIAN_POINT ( 'NONE',  ( -6.451009957655247500, -3.380820244756781900, 96.76943511553531600 ) ) ;
#529 = AXIS2_PLACEMENT_3D ( 'NONE', #2862, #731, #4023 ) ;
#530 = CARTESIAN_POINT ( 'NONE',  ( -5.229753836566577400, 0.6794399671886728300, 0.0000000000000000000 ) ) ;
#531 = CARTESIAN_POINT ( 'NONE',  ( -6.134730578843367300, -0.1174847599364391100, -80.96244705971561500 ) ) ;
#532 = CARTESIAN_POINT ( 'NONE',  ( -9.614282005397315700, -1.856588340359330600, 65.00000000000008500 ) ) ;
#533 = CARTESIAN_POINT ( 'NONE',  ( -5.988958720703872800, 0.1745063670565523100, 64.99999999999998600 ) ) ;
#534 = LINE ( 'NONE', #768, #178 ) ;
#535 = CARTESIAN_POINT ( 'NONE',  ( 7.626066954648639000, 1.162084518823669000, 75.84106334109311800 ) ) ;
#536 = CARTESIAN_POINT ( 'NONE',  ( -8.934008887493964900, -3.468040811311905000, 84.93390886500975500 ) ) ;
#537 = CARTESIAN_POINT ( 'NONE',  ( -6.004609605251221900, -0.8634990112084355300, -91.59999999999971000 ) ) ;
#538 = CARTESIAN_POINT ( 'NONE',  ( 3.072495057392669700, -0.7763641147537959600, -84.96374534769582000 ) ) ;
#539 = CARTESIAN_POINT ( 'NONE',  ( -7.119723676443801000, 1.208924672641711100, -81.08957159396671000 ) ) ;
#540 = CARTESIAN_POINT ( 'NONE',  ( -5.417448236387047100, -2.482231842833345400, 92.14071003057451000 ) ) ;
#541 = PLANE ( 'NONE',  #3737 ) ;
#542 = CARTESIAN_POINT ( 'NONE',  ( -5.500000000000000000, -3.500000000000000000, 101.5999999999999900 ) ) ;
#543 = CARTESIAN_POINT ( 'NONE',  ( -7.380514762011962700, 2.140148145524146900, -55.01816993512505900 ) ) ;
#544 = CARTESIAN_POINT ( 'NONE',  ( -7.098659748063065300, 2.639954927174565000, -70.39652351278549200 ) ) ;
#545 = CARTESIAN_POINT ( 'NONE',  ( 4.304526336598703700, -2.561876484896953100, -97.16832572760701200 ) ) ;
#546 = CARTESIAN_POINT ( 'NONE',  ( -5.509145014202041500, -2.988072363667311200, 91.60000000000000900 ) ) ;
#547 = CARTESIAN_POINT ( 'NONE',  ( -1.352686828325999800, -0.5959596388164969400, -85.55244554793309000 ) ) ;
#548 = CARTESIAN_POINT ( 'NONE',  ( 5.499740879268513200, 1.469883846861060000, 0.05439817374090261100 ) ) ;
#549 = CARTESIAN_POINT ( 'NONE',  ( -2.708156096927535100, -0.6229873655166848800, 84.98460663793642300 ) ) ;
#550 = CARTESIAN_POINT ( 'NONE',  ( 7.400124871484538700, 1.443237217222281600, 65.00000000000000000 ) ) ;
#551 = CARTESIAN_POINT ( 'NONE',  ( -12.00305987693304200, -3.485423974475123600, 67.65033390789820100 ) ) ;
#552 = CARTESIAN_POINT ( 'NONE',  ( 6.866475705229619900, -0.6590898386838134300, -70.36527296117219500 ) ) ;
#553 = CARTESIAN_POINT ( 'NONE',  ( -7.257101094498342100, 2.241127700781188300, -75.89553453997122300 ) ) ;
#554 = CARTESIAN_POINT ( 'NONE',  ( 2.385398476338394000, -1.614645444064277000, 95.01857166327359000 ) ) ;
#555 = CARTESIAN_POINT ( 'NONE',  ( 0.09757144112352700300, -1.599091377744757300, 91.59999999999998000 ) ) ;
#556 = AXIS2_PLACEMENT_3D ( 'NONE', #3268, #4507, #438 ) ;
#557 = CARTESIAN_POINT ( 'NONE',  ( 5.835778498637243000, -0.7470235172611444700, -64.99999999999990100 ) ) ;
#558 = CARTESIAN_POINT ( 'NONE',  ( -6.534899318713026900, 1.603673796005009600, -81.04199407626038000 ) ) ;
#559 = CARTESIAN_POINT ( 'NONE',  ( 2.111995562515883100, -1.116946991387025600, -91.59999999999998000 ) ) ;
#560 = ORIENTED_EDGE ( 'NONE', *, *, #2815, .T. ) ;
#561 = CARTESIAN_POINT ( 'NONE',  ( -1.141570316556769000, -2.060254961280371800, 93.14015673250037300 ) ) ;
#562 = ORIENTED_EDGE ( 'NONE', *, *, #4081, .F. ) ;
#563 = CARTESIAN_POINT ( 'NONE',  ( -4.887793014709653300, 0.3980046945130480400, -5.598203160062026600 ) ) ;
#564 = CARTESIAN_POINT ( 'NONE',  ( -5.576698729712803400, -0.9999987838830194400, -91.59999999999998000 ) ) ;
#565 = CARTESIAN_POINT ( 'NONE',  ( -12.96936919485861500, -2.969610173496466800, 40.01762318879649900 ) ) ;
#566 = CARTESIAN_POINT ( 'NONE',  ( -1.549109481728525600, -0.1821429487173759100, 85.09628864732030700 ) ) ;
#567 = ORIENTED_EDGE ( 'NONE', *, *, #466, .T. ) ;
#568 = CARTESIAN_POINT ( 'NONE',  ( 7.067577831560589300, 0.3228786590141863300, 81.05581147553545000 ) ) ;
#569 = CARTESIAN_POINT ( 'NONE',  ( -7.641873849492504300, -3.473890898904950000, 91.60000000000000900 ) ) ;
#570 = CARTESIAN_POINT ( 'NONE',  ( 8.066054962174789000, -1.265789677325184000, -70.18835186290465300 ) ) ;
#571 = CARTESIAN_POINT ( 'NONE',  ( -7.115691123965842000, 2.318315128689098200, -75.88930934396849200 ) ) ;
#572 = CARTESIAN_POINT ( 'NONE',  ( -3.248728347693834000, -2.424582956906062000, 91.59999999999999400 ) ) ;
#573 = CARTESIAN_POINT ( 'NONE',  ( -2.038119066391566500, -0.6066085093652626700, 78.50748083780776200 ) ) ;
#574 = CARTESIAN_POINT ( 'NONE',  ( 5.458724118193523500, -2.991115921416672900, -96.87035501528724500 ) ) ;
#575 = CARTESIAN_POINT ( 'NONE',  ( -3.941059927580680800, 1.638235923333909400, -65.00000000000005700 ) ) ;
#576 = CARTESIAN_POINT ( 'NONE',  ( -5.926027618978443100, 1.024894249476449000, -86.28476465842472000 ) ) ;
#577 = CARTESIAN_POINT ( 'NONE',  ( 7.569629221911583300, -3.504677565909957600, -91.93723738121686000 ) ) ;
#578 = CYLINDRICAL_SURFACE ( 'NONE', #2785, 2.500000000000000000 ) ;
#579 = CARTESIAN_POINT ( 'NONE',  ( -3.249234603997036800, -2.497995535183740000, 92.46980101515865200 ) ) ;
#580 = CARTESIAN_POINT ( 'NONE',  ( 13.26915514171067100, -3.492244288815582500, -23.02809333464725600 ) ) ;
#581 = CALENDAR_DATE ( 2016, 31, 7 ) ;
#582 = CARTESIAN_POINT ( 'NONE',  ( -6.627478691975110100, 1.267264018388921200, -65.00000000000000000 ) ) ;
#583 = CARTESIAN_POINT ( 'NONE',  ( 4.796796274429932600, 0.4401737676574153400, 2.692490140152501900 ) ) ;
#584 = CARTESIAN_POINT ( 'NONE',  ( -0.5557569461454675600, -0.5290004530701872800, 91.60000000000000900 ) ) ;
#585 = CARTESIAN_POINT ( 'NONE',  ( 6.748999746473630000, 0.3257734667235619400, 86.34463719431541100 ) ) ;
#586 = CARTESIAN_POINT ( 'NONE',  ( -10.23649811095945100, -3.445186626622759100, 78.24260835014688100 ) ) ;
#587 = CARTESIAN_POINT ( 'NONE',  ( 8.877448573960371900, -2.647442818004510600, -78.14247128482487900 ) ) ;
#588 = CARTESIAN_POINT ( 'NONE',  ( -7.797991517482529400, 2.080136669524498000, -65.00000000000002800 ) ) ;
#589 = CARTESIAN_POINT ( 'NONE',  ( -5.500000000000000000, -3.500000000000000000, 101.5999999999999900 ) ) ;
#590 = CARTESIAN_POINT ( 'NONE',  ( 6.275237447399173400, 0.9657101012564463000, 86.31826175639295700 ) ) ;
#591 = CARTESIAN_POINT ( 'NONE',  ( -0.5704668799960772600, -0.9880066259223340100, 85.15210568802577000 ) ) ;
#592 = CARTESIAN_POINT ( 'NONE',  ( -3.248666096487583800, -0.09638074286544820500, -96.66333298583774100 ) ) ;
#593 = VECTOR ( 'NONE', #2208, 1000.000000000000100 ) ;
#594 = CARTESIAN_POINT ( 'NONE',  ( -5.970799470778768400, 3.113919911072501500, -44.97209484074124900 ) ) ;
#595 = CARTESIAN_POINT ( 'NONE',  ( -5.776366998400899200, 0.4729246156365278800, -91.60000000000017900 ) ) ;
#596 = CARTESIAN_POINT ( 'NONE',  ( 5.500000000000000000, -3.500000000000000000, -101.5999999999999900 ) ) ;
#597 = CARTESIAN_POINT ( 'NONE',  ( -3.344236968940117000, 0.1987054267546621300, -4.381955201687623500 ) ) ;
#598 = CARTESIAN_POINT ( 'NONE',  ( -6.585523142334428900, -0.06728734190480922800, -81.00466363231682000 ) ) ;
#599 = CARTESIAN_POINT ( 'NONE',  ( -5.500000000000000000, -3.500000000000000000, 101.5999999999999900 ) ) ;
#600 = DIRECTION ( 'NONE',  ( -1.000000000000000000, 0.0000000000000000000, 0.0000000000000000000 ) ) ;
#601 = CARTESIAN_POINT ( 'NONE',  ( -2.094738223894651300, 0.2285469907838393000, -79.96941449221870400 ) ) ;
#602 = CARTESIAN_POINT ( 'NONE',  ( 0.0000000000000000000, -3.500000000000000000, 0.0000000000000000000 ) ) ;
#603 = CARTESIAN_POINT ( 'NONE',  ( -4.572254523256340500, -0.6428427282068833700, 78.33813125231266400 ) ) ;
#604 = CARTESIAN_POINT ( 'NONE',  ( 7.636679237642790800, 1.711310004182867100, 75.88545356344464200 ) ) ;
#605 = CARTESIAN_POINT ( 'NONE',  ( -7.575000000000000200, -3.400000000000000400, 91.59999999999999400 ) ) ;
#606 = CARTESIAN_POINT ( 'NONE',  ( 12.06950401026627900, -3.400444960255726700, -70.11601321798120500 ) ) ;
#607 = CARTESIAN_POINT ( 'NONE',  ( -7.799235272070451900, 2.087456809847491700, -65.00000000000002800 ) ) ;
#608 = CARTESIAN_POINT ( 'NONE',  ( -4.194904221485423100, -2.710598173594952700, 92.26053410948124200 ) ) ;
#609 = CARTESIAN_POINT ( 'NONE',  ( 6.305069922533955500, 0.9533991430456355600, 86.32064254446221700 ) ) ;
#610 = CARTESIAN_POINT ( 'NONE',  ( -0.2974673060341009900, -0.9195402882924373900, 85.20682435681028700 ) ) ;
#611 = CARTESIAN_POINT ( 'NONE',  ( 1.125666951756208300, -1.798190371432724100, -99.13166649291886800 ) ) ;
#612 = B_SPLINE_CURVE_WITH_KNOTS ( 'NONE', 3,
 ( #2860, #4992, #2456, #4104 ),
 .UNSPECIFIED., .F., .F.,
 ( 4, 4 ),
 ( 0.02451514697369290900, 1.000000000000000000 ),
 .UNSPECIFIED. ) ;
#613 = CARTESIAN_POINT ( 'NONE',  ( -7.278810700431313000, 3.172915432984817900, -64.99999999999998600 ) ) ;
#614 = CARTESIAN_POINT ( 'NONE',  ( -6.940579264250523300, 3.242176048693420100, -65.00000000000000000 ) ) ;
#615 = CARTESIAN_POINT ( 'NONE',  ( 7.621869045145825100, -3.455537981140254500, -91.93696825946224700 ) ) ;
#616 = DIRECTION ( 'NONE',  ( 1.000000000000000000, 0.0000000000000000000, 0.0000000000000000000 ) ) ;
#617 = CARTESIAN_POINT ( 'NONE',  ( -4.925811680909601100, -2.842655742567634200, 91.60000000000000900 ) ) ;
#618 = CARTESIAN_POINT ( 'NONE',  ( -7.312499999999926300, 5.500000000000005300, -35.00000000000000000 ) ) ;
#619 = CARTESIAN_POINT ( 'NONE',  ( -5.602266393677314000, -0.9995098662938192200, -91.59999999999996600 ) ) ;
#620 = CARTESIAN_POINT ( 'NONE',  ( -7.544471992872605200, -1.001070964203598000, 70.25970356848381500 ) ) ;
#621 = CARTESIAN_POINT ( 'NONE',  ( 7.205509932403297800, 0.6483707540039165300, 81.07707583891962600 ) ) ;
#622 = CARTESIAN_POINT ( 'NONE',  ( 12.13223443660643100, -3.290641616042996100, -65.00000000000000000 ) ) ;
#623 = CARTESIAN_POINT ( 'NONE',  ( -7.119193224656513900, 2.316325423979154400, -75.88956017581222100 ) ) ;
#624 = CARTESIAN_POINT ( 'NONE',  ( -6.085740376444058500, -3.399194561495446200, 96.78146330470583800 ) ) ;
#625 = CARTESIAN_POINT ( 'NONE',  ( 6.027370567124235900, 0.3480709075861673800, 91.60000000000029300 ) ) ;
#626 = CARTESIAN_POINT ( 'NONE',  ( -0.8431347878130017700, -1.061663178730185600, 85.09843044722774200 ) ) ;
#627 = ADVANCED_FACE ( 'NONE', ( #459 ), #1569, .T. ) ;
#628 = CARTESIAN_POINT ( 'NONE',  ( 6.104630885168563600, -2.745342493495884600, -92.03704132010233300 ) ) ;
#629 = AXIS2_PLACEMENT_3D ( 'NONE', #3964, #1476, #5142 ) ;
#630 = DIRECTION ( 'NONE',  ( -0.0000000000000000000, -1.000000000000000000, -0.0000000000000000000 ) ) ;
#631 = ORIENTED_EDGE ( 'NONE', *, *, #3455, .F. ) ;
#632 = CARTESIAN_POINT ( 'NONE',  ( -6.837752285024074600, 2.653050298449298100, -70.35074997370833200 ) ) ;
#633 = CARTESIAN_POINT ( 'NONE',  ( 5.505696776299161300, -3.017552498776584300, -92.06314416388509900 ) ) ;
#634 = CARTESIAN_POINT ( 'NONE',  ( 1.419085416410033300, 4.061546986379974000, -34.99999999999999300 ) ) ;
#635 = CARTESIAN_POINT ( 'NONE',  ( 6.407476991347506300, -0.2454133121814425800, 91.59999999999998000 ) ) ;
#636 = CARTESIAN_POINT ( 'NONE',  ( -6.746821124404576200, -3.316136826881716600, 91.95943845209420400 ) ) ;
#637 = CARTESIAN_POINT ( 'NONE',  ( -6.758918627481253200, 0.3171759964551070800, -75.68390413031986000 ) ) ;
#638 = CARTESIAN_POINT ( 'NONE',  ( -7.163231072387155500, -0.6394779869911262300, 67.66591850289836400 ) ) ;
#639 = CARTESIAN_POINT ( 'NONE',  ( 7.202536935058660100, 0.9828916933844655800, 81.08815545950467700 ) ) ;
#640 = CARTESIAN_POINT ( 'NONE',  ( -12.06837085073899200, -3.500190935279544400, 65.00000000000000000 ) ) ;
#641 = VECTOR ( 'NONE', #2934, 1000.000000000000100 ) ;
#642 = CARTESIAN_POINT ( 'NONE',  ( 12.09954266404917400, -3.354300193386678100, -67.55824085790254700 ) ) ;
#643 = CARTESIAN_POINT ( 'NONE',  ( -6.323824465672143600, -0.1716309170086853800, -91.59999999999998000 ) ) ;
#644 = CARTESIAN_POINT ( 'NONE',  ( 4.616661032676786300, -1.493951747401085500, 96.61767322535457900 ) ) ;
#645 = CARTESIAN_POINT ( 'NONE',  ( 7.133322718872568300, 2.633650474957781800, 70.40128508892404100 ) ) ;
#646 = CARTESIAN_POINT ( 'NONE',  ( 4.325134259478497600, -1.019707216853843000, 91.60000000000000900 ) ) ;
#647 = CARTESIAN_POINT ( 'NONE',  ( 5.500000000000000000, -3.500000000000000000, -101.5999999999999900 ) ) ;
#648 = CARTESIAN_POINT ( 'NONE',  ( -7.456987757109556200, 5.500000000000005300, -35.00000000000000000 ) ) ;
#649 = CARTESIAN_POINT ( 'NONE',  ( -6.543449257224878600, 2.051280796818420800, -75.63958910835263800 ) ) ;
#650 = CARTESIAN_POINT ( 'NONE',  ( 2.088325561229120300, -2.246074405031257100, -92.79051739311965700 ) ) ;
#651 = CARTESIAN_POINT ( 'NONE',  ( 5.011878916172491000, -2.729550803369758900, -23.85831162089521800 ) ) ;
#652 = CARTESIAN_POINT ( 'NONE',  ( -6.215316828849786600, -0.6455560552760246700, -91.59999999999971000 ) ) ;
#653 = CARTESIAN_POINT ( 'NONE',  ( -5.497660726117635100, 1.593373963148305300, -0.1635890459662168700 ) ) ;
#654 = ADVANCED_FACE ( 'NONE', ( #4704 ), #4418, .T. ) ;
#655 = CARTESIAN_POINT ( 'NONE',  ( -5.904945333272760200, -0.5607253286008335700, -86.28448210160222200 ) ) ;
#656 = CARTESIAN_POINT ( 'NONE',  ( 0.0000000000000000000, 3.500000000000000000, 0.0000000000000000000 ) ) ;
#657 = CIRCLE ( 'NONE', #2853, 1.250000000000002000 ) ;
#658 = CARTESIAN_POINT ( 'NONE',  ( -2.946523355432882200, -1.449263251698913900, 91.59999999999999400 ) ) ;
#659 = CARTESIAN_POINT ( 'NONE',  ( 7.664639730076877400, 1.570258109074861300, 75.87677274795665000 ) ) ;
#660 = CARTESIAN_POINT ( 'NONE',  ( -11.92582391886934800, -3.499898416530387900, 67.67423102496660200 ) ) ;
#661 = CARTESIAN_POINT ( 'NONE',  ( 10.41930275081424500, -2.504148395586232900, -70.00468985797240900 ) ) ;
#662 = CARTESIAN_POINT ( 'NONE',  ( -6.719238562109303800, 1.569366202410334800, -81.06407349743337000 ) ) ;
#663 = CARTESIAN_POINT ( 'NONE',  ( 7.269155141710674800, -0.1137363113263521500, -35.00000000000000000 ) ) ;
#664 = CARTESIAN_POINT ( 'NONE',  ( 6.472122131322740800, 2.138388209618946200, 75.73478582970129500 ) ) ;
#665 = EDGE_CURVE ( 'NONE', #171, #5020, #1988, .T. ) ;
#666 = CARTESIAN_POINT ( 'NONE',  ( 5.244046432677080800, 0.06102793791293807000, 80.81399947052756300 ) ) ;
#667 = CARTESIAN_POINT ( 'NONE',  ( 5.946645014171371800, -3.097134829492069300, -91.60000000000000900 ) ) ;
#668 = CARTESIAN_POINT ( 'NONE',  ( 0.5508116812163015300, -1.752031084320056800, -91.59999999999998000 ) ) ;
#669 = CARTESIAN_POINT ( 'NONE',  ( -5.564493985711966000, 0.4999296609657583600, -91.60000000000000900 ) ) ;
#670 = CARTESIAN_POINT ( 'NONE',  ( 5.500000000000000000, -3.500000000000000000, -101.5999999999999900 ) ) ;
#671 = CARTESIAN_POINT ( 'NONE',  ( -0.7689004309060035700, 4.716700250569106200, -23.30396550313230700 ) ) ;
#672 = CARTESIAN_POINT ( 'NONE',  ( 2.590204796240931400, -0.7987684386529359000, -78.31033712664007900 ) ) ;
#673 = CARTESIAN_POINT ( 'NONE',  ( -8.312085610032735200, 5.053453130918208900, -35.00000000000001400 ) ) ;
#674 = CARTESIAN_POINT ( 'NONE',  ( -6.501341741189143900, 0.3029796947992076700, -75.64840067936155800 ) ) ;
#675 = CARTESIAN_POINT ( 'NONE',  ( -4.042824686188778200, 0.04683787287838525600, 65.00000000000000000 ) ) ;
#676 = CARTESIAN_POINT ( 'NONE',  ( -7.914521315819572900, -1.043256089818274800, 67.61746359927248300 ) ) ;
#677 = CARTESIAN_POINT ( 'NONE',  ( 6.727435304883205600, 0.4459610708858886600, 86.34485990015558300 ) ) ;
#678 = CARTESIAN_POINT ( 'NONE',  ( -11.88623464759692200, -3.477630528262851700, 70.30809078125713500 ) ) ;
#679 = CARTESIAN_POINT ( 'NONE',  ( 12.17636788237071800, -3.340941518501682000, -65.00000000000000000 ) ) ;
#680 = CARTESIAN_POINT ( 'NONE',  ( -6.362172835402686700, 0.9263138922265730100, -86.32501243865277700 ) ) ;
#681 = CARTESIAN_POINT ( 'NONE',  ( 1.960588517315774400, 2.604610318927721700, 6.477235281265006300 ) ) ;
#682 = CARTESIAN_POINT ( 'NONE',  ( 5.657807863398571300, 0.4955334578815471800, 91.60000000000002300 ) ) ;
#683 = CARTESIAN_POINT ( 'NONE',  ( 1.587592785639302800, 1.081626734045285000, 73.66039144466176900 ) ) ;
#684 = ADVANCED_FACE ( 'NONE', ( #2515, #1815 ), #5036, .F. ) ;
#685 = CARTESIAN_POINT ( 'NONE',  ( 5.903576431478642300, -3.354652234528068700, -96.79244758730421000 ) ) ;
#686 = CARTESIAN_POINT ( 'NONE',  ( 2.583978863396210600, -0.7965168315056281300, -78.31259398398344700 ) ) ;
#687 = CARTESIAN_POINT ( 'NONE',  ( -6.177408706829849500, 2.060235033420366500, -75.55554089358226100 ) ) ;
#688 = CARTESIAN_POINT ( 'NONE',  ( 5.500000000000000000, -3.500000000000000000, -101.5999999999999900 ) ) ;
#689 = CARTESIAN_POINT ( 'NONE',  ( 9.919199284694100200, -0.7419513609521681800, -35.00000000000000000 ) ) ;
#690 = VERTEX_POINT ( 'NONE', #2900 ) ;
#691 = CARTESIAN_POINT ( 'NONE',  ( -5.499983423329586800, 1.511335797240829200, 0.0000000000000000000 ) ) ;
#692 = CARTESIAN_POINT ( 'NONE',  ( -6.492019446535257600, -1.152630283107153500, 67.67469631294950700 ) ) ;
#693 = CARTESIAN_POINT ( 'NONE',  ( -3.259832298061113900, -0.8577620591919898900, 84.95547810350510100 ) ) ;
#694 = CARTESIAN_POINT ( 'NONE',  ( 7.799031827817442400, 2.086236119115049800, 65.00000000000002800 ) ) ;
#695 = VERTEX_POINT ( 'NONE', #5104 ) ;
#696 = CARTESIAN_POINT ( 'NONE',  ( -5.398300088980041900, -3.065548844884101100, 1.060103803918998700 ) ) ;
#697 = EDGE_CURVE ( 'NONE', #503, #2015, #3695, .T. ) ;
#698 = CARTESIAN_POINT ( 'NONE',  ( 12.01666568611428900, -3.468966218542814100, -70.11877911437804300 ) ) ;
#699 = CARTESIAN_POINT ( 'NONE',  ( -7.622977708662735300, 2.832618299263363100, -64.99999999999994300 ) ) ;
#700 = CARTESIAN_POINT ( 'NONE',  ( -5.500000000000000000, -3.500000000000000000, 101.5999999999999900 ) ) ;
#701 = CARTESIAN_POINT ( 'NONE',  ( 5.710439618725811100, 0.4882498431360366400, 91.60000000000009400 ) ) ;
#702 = CARTESIAN_POINT ( 'NONE',  ( 4.354138438173416500, 0.1831904700945267700, 80.61705262769399400 ) ) ;
#703 = CARTESIAN_POINT ( 'NONE',  ( 5.500000000000000000, -3.500000000000000000, -101.5999999999999900 ) ) ;
#704 = CARTESIAN_POINT ( 'NONE',  ( -6.073633365663435600, -0.8084147724885731900, -91.59999999999968200 ) ) ;
#705 = AXIS2_PLACEMENT_3D ( 'NONE', #467, #3891, #4256 ) ;
#706 = CARTESIAN_POINT ( 'NONE',  ( 3.829416331527867100, -0.1584509771498687800, -70.40852046335473300 ) ) ;
#707 = CARTESIAN_POINT ( 'NONE',  ( -6.720080964447257400, 2.650198303783706200, -70.32635275645427000 ) ) ;
#708 = CARTESIAN_POINT ( 'NONE',  ( 6.894561680724578400, -3.333436838767325700, -91.59999999999999400 ) ) ;
#709 = CARTESIAN_POINT ( 'NONE',  ( 13.43511312020813300, -3.336622343617651400, -34.99999999999999300 ) ) ;
#710 = CARTESIAN_POINT ( 'NONE',  ( 3.987009998229922700, -0.07922085577355933400, -67.67033712664007800 ) ) ;
#711 = VERTEX_POINT ( 'NONE', #214 ) ;
#712 = CARTESIAN_POINT ( 'NONE',  ( 5.457814758148871600, -3.122393844327875800, -0.6911924401936490000 ) ) ;
#713 = CARTESIAN_POINT ( 'NONE',  ( -6.085185394108310500, -0.5460765632072309700, -86.29601873208369500 ) ) ;
#714 = CARTESIAN_POINT ( 'NONE',  ( -3.249770019803592400, -2.424842630800643700, 91.60000000000012200 ) ) ;
#715 = CARTESIAN_POINT ( 'NONE',  ( -8.953631277432872800, -3.331101897410240700, 84.89901728372667800 ) ) ;
#716 = CARTESIAN_POINT ( 'NONE',  ( 7.797131587626891400, 2.075262011488318700, 65.00000000000002800 ) ) ;
#717 = CARTESIAN_POINT ( 'NONE',  ( -3.307049797634146000, -1.120859104901538800, 4.399150543613458800 ) ) ;
#718 = CARTESIAN_POINT ( 'NONE',  ( 7.656413022509625000, -3.342158639948342300, -91.60000000000000900 ) ) ;
#719 = CARTESIAN_POINT ( 'NONE',  ( -7.238187635783588400, 2.605121839420653900, -70.41436996283179900 ) ) ;
#720 = CARTESIAN_POINT ( 'NONE',  ( -5.316054421730868300, 2.341894158340885200, 23.15914934196612400 ) ) ;
#721 = CARTESIAN_POINT ( 'NONE',  ( 7.127574927743416400, 3.200403435401751700, 65.00000000000000000 ) ) ;
#722 = CARTESIAN_POINT ( 'NONE',  ( 1.352686828325999800, -0.5959596388164969400, 85.55244554793309000 ) ) ;
#723 = CARTESIAN_POINT ( 'NONE',  ( 5.500000000000000000, -3.500000000000000000, -101.5999999999999900 ) ) ;
#724 = CIRCLE ( 'NONE', #1098, 24.99999999999999300 ) ;
#725 = CARTESIAN_POINT ( 'NONE',  ( 2.705688947397963100, 0.4165596978331203600, -68.06421137605153100 ) ) ;
#726 = CARTESIAN_POINT ( 'NONE',  ( -6.546371037064115100, 2.051464759414991100, -75.63473780016907700 ) ) ;
#727 = CARTESIAN_POINT ( 'NONE',  ( -3.619384443700886000, -2.590929775577309100, 4.151249644021852700 ) ) ;
#728 = CARTESIAN_POINT ( 'NONE',  ( 13.38646216366368700, -3.477555676979774200, -35.00000000000000000 ) ) ;
#729 = CARTESIAN_POINT ( 'NONE',  ( -7.389778564901099000, 1.435804755371729000, -65.00000000000000000 ) ) ;
#730 = LINE ( 'NONE', #1071, #789 ) ;
#731 = DIRECTION ( 'NONE',  ( 0.0000000000000000000, 1.000000000000000000, 0.0000000000000000000 ) ) ;
#732 = CARTESIAN_POINT ( 'NONE',  ( 0.2120656755743774200, 1.895165735463071100, -5.500000000000006200 ) ) ;
#733 = CARTESIAN_POINT ( 'NONE',  ( -7.356477513686684200, -1.420339374977566800, 64.99999999999994300 ) ) ;
#734 = CARTESIAN_POINT ( 'NONE',  ( -7.614804135358855100, -3.308256347538579800, 91.59999999999998000 ) ) ;
#735 = CARTESIAN_POINT ( 'NONE',  ( -7.567157983777036600, 1.904281594847090400, -75.89469614019620300 ) ) ;
#736 = CARTESIAN_POINT ( 'NONE',  ( 7.111959786431945900, 2.320311472625807600, 75.88905113691208700 ) ) ;
#737 = CARTESIAN_POINT ( 'NONE',  ( 12.14660437770483100, -3.300667120709090500, -65.00000000000000000 ) ) ;
#738 = CARTESIAN_POINT ( 'NONE',  ( -6.267236427569985200, 0.04680062874617391100, -91.60000000000015100 ) ) ;
#739 = CARTESIAN_POINT ( 'NONE',  ( -5.011878916172491000, -2.729550803369759300, -0.0000000000000000000 ) ) ;
#740 = CARTESIAN_POINT ( 'NONE',  ( 5.670950537714625200, 0.4939394645588031100, 91.60000000000003700 ) ) ;
#741 = AXIS2_PLACEMENT_3D ( 'NONE', #235, #1500, #4320 ) ;
#742 = CARTESIAN_POINT ( 'NONE',  ( 6.461562612102260200, 0.3075705330883804500, 75.64271764530195700 ) ) ;
#743 = CARTESIAN_POINT ( 'NONE',  ( 7.326732501394746900, -3.439767515673693300, -91.93932359218244700 ) ) ;
#744 = CARTESIAN_POINT ( 'NONE',  ( 3.985627352216881900, 0.07204645612146455500, -65.00000000000000000 ) ) ;
#745 = CARTESIAN_POINT ( 'NONE',  ( 0.2557659482995503500, 2.365572244109053200, -65.00000000000001400 ) ) ;
#746 = CARTESIAN_POINT ( 'NONE',  ( -4.734724448906395500, -3.173104921007892100, 2.814348487099963300 ) ) ;
#747 = CARTESIAN_POINT ( 'NONE',  ( 5.463645723617629500, 1.859896454552714600, 0.6442427289400984900 ) ) ;
#748 = CARTESIAN_POINT ( 'NONE',  ( -12.07119293955065400, -3.202275457983076100, 52.61018983562218700 ) ) ;
#749 = CARTESIAN_POINT ( 'NONE',  ( 5.497622251550462000, -3.217702581612571900, -0.1646605682163835300 ) ) ;
#750 = CARTESIAN_POINT ( 'NONE',  ( -4.130916905878558000, -1.353200623068171000, 78.31363234640065200 ) ) ;
#751 = CARTESIAN_POINT ( 'NONE',  ( -8.962055957570905600, -3.346586357444428100, 84.89954858597445800 ) ) ;
#752 = CARTESIAN_POINT ( 'NONE',  ( 7.120375546308739700, 1.207729769979427400, 81.08958147240127800 ) ) ;
#753 = CARTESIAN_POINT ( 'NONE',  ( -7.312499999999927200, 5.500000000000001800, -45.02947046347799900 ) ) ;
#754 = CARTESIAN_POINT ( 'NONE',  ( 11.93421857605521000, -3.519978851631858900, -70.12722263355212200 ) ) ;
#755 = CARTESIAN_POINT ( 'NONE',  ( -7.606051203565474600, 2.855349444061943100, -64.99999999999994300 ) ) ;
#756 = CARTESIAN_POINT ( 'NONE',  ( -13.41771719429915600, -3.297056316320183800, 35.00000000000000000 ) ) ;
#757 = CARTESIAN_POINT ( 'NONE',  ( 5.867394716286332500, 0.4402472501814538900, 91.60000000000023600 ) ) ;
#758 = CARTESIAN_POINT ( 'NONE',  ( 6.651871276185367800, 0.7784697272294401900, 70.33122065485262900 ) ) ;
#759 = CARTESIAN_POINT ( 'NONE',  ( 5.500000000000000000, -3.500000000000000000, -101.5999999999999900 ) ) ;
#760 = FACE_OUTER_BOUND ( 'NONE', #2496, .T. ) ;
#761 = CARTESIAN_POINT ( 'NONE',  ( 3.223064492661988500, 0.3864088955523384800, -65.00000000000000000 ) ) ;
#762 = CARTESIAN_POINT ( 'NONE',  ( -2.514652690547567000, 0.8065061206032324600, -85.81554183458447900 ) ) ;
#763 = CARTESIAN_POINT ( 'NONE',  ( 5.210932498510612000, -3.429072555626031500, -0.0000000000000000000 ) ) ;
#764 = CARTESIAN_POINT ( 'NONE',  ( 5.225223840640141200, -3.429184591355484400, -1.716693279303529000 ) ) ;
#765 = ORIENTED_EDGE ( 'NONE', *, *, #943, .T. ) ;
#766 = CARTESIAN_POINT ( 'NONE',  ( 2.485879524328468400, -0.3409502216296218000, -4.919976306637082100 ) ) ;
#767 = VERTEX_POINT ( 'NONE', #5163 ) ;
#768 = CARTESIAN_POINT ( 'NONE',  ( -3.061616997868383100E-016, -3.926777784743245500, 2.500000000000000000 ) ) ;
#769 = CARTESIAN_POINT ( 'NONE',  ( -12.10073248186723700, -3.347459988467541800, 67.55803456745334800 ) ) ;
#770 = CARTESIAN_POINT ( 'NONE',  ( 6.990332560331685500, 2.375813977721021900, 75.87977926206748700 ) ) ;
#771 = CARTESIAN_POINT ( 'NONE',  ( -5.499792077993110000, -3.240446405013968100, 0.04844347163143961100 ) ) ;
#772 = EDGE_CURVE ( 'NONE', #1134, #3017, #4794, .T. ) ;
#773 = CARTESIAN_POINT ( 'NONE',  ( 11.90583012651492600, -3.447723289113967700, -70.22584695823610400 ) ) ;
#774 = CARTESIAN_POINT ( 'NONE',  ( -13.30936383028630100, -3.500815289903507200, 23.02627647373728000 ) ) ;
#775 = CARTESIAN_POINT ( 'NONE',  ( 6.544878779451744700, 2.054607114753219700, 75.63769092028184100 ) ) ;
#776 = CARTESIAN_POINT ( 'NONE',  ( 5.629688834737411400, -0.9980255190178704000, 91.59999999999993700 ) ) ;
#777 = CARTESIAN_POINT ( 'NONE',  ( 5.500000000000000000, -3.500000000000000000, -101.5999999999999900 ) ) ;
#778 = VECTOR ( 'NONE', #1251, 1000.000000000000000 ) ;
#779 = CARTESIAN_POINT ( 'NONE',  ( 3.885415785753489000, -0.1796416769483043800, -70.37256937397201300 ) ) ;
#780 = CARTESIAN_POINT ( 'NONE',  ( -3.226394505401886500, 0.8952662083648163000, -85.94052507481822500 ) ) ;
#781 = CARTESIAN_POINT ( 'NONE',  ( -7.550811680725582100, -3.497030537516180100, 91.59999999999999400 ) ) ;
#782 = CARTESIAN_POINT ( 'NONE',  ( -8.917270405296465100, -1.041764738967407000, 41.94144337423019000 ) ) ;
#783 = CARTESIAN_POINT ( 'NONE',  ( 5.499792077993110000, -3.240446405013968100, -0.04844347163143961100 ) ) ;
#784 = CARTESIAN_POINT ( 'NONE',  ( -7.636269092620366900, -3.320956970182019000, 91.59999999999999400 ) ) ;
#785 = B_SPLINE_SURFACE_WITH_KNOTS ( 'NONE', 5, 5, ( 
 ( #4358, #1558, #5223, #2327, #1520, #1936 ),
 ( #4004, #5278, #4414, #2345, #323, #1106 ),
 ( #3206, #3637, #1577, #4868, #4436, #2757 ),
 ( #1916, #2811, #2795, #2777, #5261, #1141 ),
 ( #343, #5242, #289, #3561, #1972, #308 ),
 ( #733, #3189, #3221, #2739, #1182, #714 ),
 ( #3168, #692, #4788, #4809, #4040, #5202 ),
 ( #4847, #1990, #1596, #750, #2380, #4828 ),
 ( #3966, #3148, #4025, #3580, #1122, #273 ),
 ( #675, #4376, #3988, #1537, #4395, #1955 ) ),
 .UNSPECIFIED., .F., .F., .F.,
 ( 6, 4, 6 ),
 ( 6, 6 ),
 ( 0.0000000000000000000, 0.5000000000000000000, 1.000000000000000000 ),
 ( 0.0000000000000000000, 1.000000000000000000 ),
 .UNSPECIFIED. ) ;
#786 = CARTESIAN_POINT ( 'NONE',  ( 7.107083873906442600, 1.231356522517754500, 81.08934976443546800 ) ) ;
#787 = DIRECTION ( 'NONE',  ( 0.9290494341718689200, -0.3699556039106990900, -0.0000000000000000000 ) ) ;
#788 = CARTESIAN_POINT ( 'NONE',  ( 11.90726362579578400, -3.447092324581084300, -70.23855313287803900 ) ) ;
#789 = VECTOR ( 'NONE', #5187, 1000.000000000000100 ) ;
#790 = CARTESIAN_POINT ( 'NONE',  ( -5.379734944575508500, -3.438998903372055200, 0.0000000000000000000 ) ) ;
#791 = CARTESIAN_POINT ( 'NONE',  ( 6.546525665001830400, 2.051057037844410800, 75.63442031950411600 ) ) ;
#792 = CARTESIAN_POINT ( 'NONE',  ( 6.758918627481253200, 0.3171759964551070800, 75.68390413031986000 ) ) ;
#793 = CARTESIAN_POINT ( 'NONE',  ( -6.164800110518277700, -0.8371507394188374400, -91.59999999999999400 ) ) ;
#794 = ORIENTED_EDGE ( 'NONE', *, *, #697, .T. ) ;
#795 = CARTESIAN_POINT ( 'NONE',  ( -0.7250702149362999700, -1.467709435594815000, -91.60000000000000900 ) ) ;
#796 = CARTESIAN_POINT ( 'NONE',  ( -1.224754911738876500, 1.788146781834018700, -73.78264846993040700 ) ) ;
#797 = CARTESIAN_POINT ( 'NONE',  ( 4.586738841511640400, 2.878507268367561000, 3.035099141670409000 ) ) ;
#798 = CARTESIAN_POINT ( 'NONE',  ( 5.566735720207312000, 0.4999544664041345500, 91.59999999999999400 ) ) ;
#799 = CARTESIAN_POINT ( 'NONE',  ( -11.74014435581564400, -2.631281765846673200, 40.65278751463463200 ) ) ;
#800 = CARTESIAN_POINT ( 'NONE',  ( 7.266722016811225900, 1.195256904456912400, -43.18094544173991500 ) ) ;
#801 = CARTESIAN_POINT ( 'NONE',  ( -7.693987356707471500, -0.3529528159032009900, 35.00000000000000700 ) ) ;
#802 = CARTESIAN_POINT ( 'NONE',  ( -12.09830017326376300, -3.381256343089069200, 67.56004431758357500 ) ) ;
#803 = CARTESIAN_POINT ( 'NONE',  ( 7.328155452793180500, 2.567016361149965200, 70.42407349743327000 ) ) ;
#804 = CARTESIAN_POINT ( 'NONE',  ( 12.02189268356055200, -3.469463273565001900, -67.63620627501872200 ) ) ;
#805 = CARTESIAN_POINT ( 'NONE',  ( -13.43511312020813300, -3.336622343617651400, 23.03763602274474600 ) ) ;
#806 = CARTESIAN_POINT ( 'NONE',  ( 6.836143175166427000, 3.249825630778890900, 64.99999999999997200 ) ) ;
#807 = CARTESIAN_POINT ( 'NONE',  ( 6.624594017102083400, 0.3061588068195224600, 75.66595592359784900 ) ) ;
#808 = CARTESIAN_POINT ( 'NONE',  ( -3.598920265546281100, -1.579894265190986400, -95.90880774196703800 ) ) ;
#809 = CARTESIAN_POINT ( 'NONE',  ( -6.547655246107862800, -0.2722398280421636800, -86.32598163442337100 ) ) ;
#810 = CARTESIAN_POINT ( 'NONE',  ( -1.343698062242075100, 0.6089182105657340300, -85.59511001973182000 ) ) ;
#811 = CARTESIAN_POINT ( 'NONE',  ( 5.630195017442184200, -1.892410213393801900, -78.31536923830654500 ) ) ;
#812 = DIRECTION ( 'NONE',  ( 0.0000000000000000000, 0.0000000000000000000, -1.000000000000000000 ) ) ;
#813 = ORIENTED_EDGE ( 'NONE', *, *, #2161, .F. ) ;
#814 = CARTESIAN_POINT ( 'NONE',  ( 3.941059927580680800, 1.638235923333909400, 65.00000000000005700 ) ) ;
#815 = CARTESIAN_POINT ( 'NONE',  ( -5.914071641693515100, 5.500000000000001800, -45.05079490154284400 ) ) ;
#816 = CARTESIAN_POINT ( 'NONE',  ( -5.849782829761077000, -0.9486452049625117000, -91.59999999999982400 ) ) ;
#817 = CARTESIAN_POINT ( 'NONE',  ( -7.671428530061782600, -3.375061224639781500, 91.60000000000000900 ) ) ;
#818 = ORIENTED_EDGE ( 'NONE', *, *, #4817, .F. ) ;
#819 = CARTESIAN_POINT ( 'NONE',  ( 6.267236427569985200, 0.04680062874617391100, 91.60000000000015100 ) ) ;
#820 = CARTESIAN_POINT ( 'NONE',  ( -3.111995562092119800, -1.515155730498627600, 91.60000000000003700 ) ) ;
#821 = CARTESIAN_POINT ( 'NONE',  ( 12.18352647707713600, -3.409510262146695100, -65.00000000000000000 ) ) ;
#822 = VERTEX_POINT ( 'NONE', #2656 ) ;
#823 = CARTESIAN_POINT ( 'NONE',  ( 5.914071641693516000, 5.500000000000001800, 35.00000000000000000 ) ) ;
#824 = CARTESIAN_POINT ( 'NONE',  ( 4.999245507576471700, 0.4870453316923605300, 91.60000000000003700 ) ) ;
#825 = CARTESIAN_POINT ( 'NONE',  ( 6.931115795259041900, 1.256085098881443600, 64.99999999999998600 ) ) ;
#826 = ORIENTED_EDGE ( 'NONE', *, *, #4108, .F. ) ;
#827 = DIRECTION ( 'NONE',  ( 0.0000000000000000000, 0.0000000000000000000, -1.000000000000000000 ) ) ;
#828 = ORIENTED_EDGE ( 'NONE', *, *, #943, .F. ) ;
#829 = CARTESIAN_POINT ( 'NONE',  ( 4.124520451430692300, -0.4415934080907471500, -78.39142766351277200 ) ) ;
#830 = CARTESIAN_POINT ( 'NONE',  ( 9.362655985792045500, -3.227126311283343300, -78.31686568320941400 ) ) ;
#831 = DIRECTION ( 'NONE',  ( -1.000000000000000000, 0.0000000000000000000, 0.0000000000000000000 ) ) ;
#832 = EDGE_LOOP ( 'NONE', ( #1186, #5280, #3777, #4445, #1483, #2701, #5171, #1351, #5215, #55, #2382, #2698 ) ) ;
#833 = CARTESIAN_POINT ( 'NONE',  ( 5.500000000000000000, -3.500000000000000000, -101.5999999999999900 ) ) ;
#834 = CARTESIAN_POINT ( 'NONE',  ( 2.109366734526803000, 2.900577097470105900, 5.100867478487161900 ) ) ;
#835 = CARTESIAN_POINT ( 'NONE',  ( -6.812499999999927200, 3.250000000000002700, -65.00000000000000000 ) ) ;
#836 = CARTESIAN_POINT ( 'NONE',  ( -4.586738841511640400, 2.878507268367561000, -3.035099141670409000 ) ) ;
#837 = CARTESIAN_POINT ( 'NONE',  ( -7.646605843074763900, -3.330072874238323400, 91.60000000000000900 ) ) ;
#838 = CARTESIAN_POINT ( 'NONE',  ( 6.182104176930703700, 0.1903542751827066400, 91.60000000000023600 ) ) ;
#839 = CARTESIAN_POINT ( 'NONE',  ( -5.500000000000000000, -3.500000000000000000, 101.5999999999999900 ) ) ;
#840 = AXIS2_PLACEMENT_3D ( 'NONE', #3318, #3334, #867 ) ;
#841 = CARTESIAN_POINT ( 'NONE',  ( 11.90365140475402800, -3.456939033324491800, -70.27641215338658800 ) ) ;
#842 = CARTESIAN_POINT ( 'NONE',  ( 5.596319962629918300, 3.250000000000002700, 65.00000000000001400 ) ) ;
#843 = CARTESIAN_POINT ( 'NONE',  ( 5.587734281498556200, 1.553954600205484900, 80.87201229162450000 ) ) ;
#844 = CARTESIAN_POINT ( 'NONE',  ( 7.448417052069137500, 0.7240337262817211400, 75.78800316188554100 ) ) ;
#845 = MECHANICAL_CONTEXT ( 'NONE', #1634, 'mechanical' ) ;
#846 = CARTESIAN_POINT ( 'NONE',  ( -6.383019339102705000, -0.4215157709221767900, -86.31459341377328100 ) ) ;
#847 = CARTESIAN_POINT ( 'NONE',  ( 2.998950995238259100, 0.01813134663781901900, -78.59257729464060600 ) ) ;
#848 = CARTESIAN_POINT ( 'NONE',  ( 4.865233192561156300, -0.4526997273211050800, -67.67217879788810800 ) ) ;
#849 = CARTESIAN_POINT ( 'NONE',  ( 5.336785951922745900, 0.4974204868938179600, 91.59999999999999400 ) ) ;
#850 = CARTESIAN_POINT ( 'NONE',  ( -6.015744455871889300, -0.6829223572617525400, -98.10577902176464700 ) ) ;
#851 = ORGANIZATION ( 'UNSPECIFIED', 'UNSPECIFIED', '' ) ;
#852 = CARTESIAN_POINT ( 'NONE',  ( 7.065923585626098500, 2.116197434493308100, 55.01261580622293200 ) ) ;
#853 = CARTESIAN_POINT ( 'NONE',  ( 4.888944653252027100, 2.662847721955357000, -35.00000000000000000 ) ) ;
#854 = ORIENTED_EDGE ( 'NONE', *, *, #1774, .F. ) ;
#855 = CARTESIAN_POINT ( 'NONE',  ( 7.915376637290567200, 5.388116888409729000, 23.25091993048927500 ) ) ;
#856 = CARTESIAN_POINT ( 'NONE',  ( -11.90869439451040700, -3.502582292349657700, 70.14494848357341500 ) ) ;
#857 = CARTESIAN_POINT ( 'NONE',  ( 6.566828066850008300, 1.601933981731048100, 81.04640833689943200 ) ) ;
#858 = VECTOR ( 'NONE', #2007, 1000.000000000000100 ) ;
#859 = CARTESIAN_POINT ( 'NONE',  ( 5.336785951922745900, 0.4974204868938179600, 91.59999999999999400 ) ) ;
#860 = CARTESIAN_POINT ( 'NONE',  ( 7.564931066371014100, -3.499857986868197400, -91.59999999999999400 ) ) ;
#861 = CARTESIAN_POINT ( 'NONE',  ( -5.601186592583172100, -3.432131918539971200, 23.90666067620413700 ) ) ;
#862 = CARTESIAN_POINT ( 'NONE',  ( 2.891903937360320100, 1.408466340067337200, 80.28105014963637100 ) ) ;
#863 = CARTESIAN_POINT ( 'NONE',  ( 6.271258870928877000, -0.4859008960557099600, 86.30733488950944800 ) ) ;
#864 = APPROVAL_ROLE ( '' ) ;
#865 = CARTESIAN_POINT ( 'NONE',  ( 1.122016608850552300, -0.7293458025016740200, -91.60000000000000900 ) ) ;
#866 = CARTESIAN_POINT ( 'NONE',  ( 7.868734096749824000, -2.693226094098652500, -78.31617192440620600 ) ) ;
#867 = DIRECTION ( 'NONE',  ( -1.000000000000000000, 0.0000000000000000000, 0.0000000000000000000 ) ) ;
#868 = CARTESIAN_POINT ( 'NONE',  ( 7.214640117858346400, 4.375000000000001800, 55.01631114997885400 ) ) ;
#869 = CARTESIAN_POINT ( 'NONE',  ( 12.14090616241077700, -2.364551101557721000, -40.21567056942785700 ) ) ;
#870 = EDGE_CURVE ( 'NONE', #5064, #3784, #1288, .T. ) ;
#871 = CARTESIAN_POINT ( 'NONE',  ( 7.405865196312994700, 2.986840821713614400, 35.00000000000000000 ) ) ;
#872 = CARTESIAN_POINT ( 'NONE',  ( 6.494817959400737800, 2.249126979495306600, 75.78442511719356400 ) ) ;
#873 = CARTESIAN_POINT ( 'NONE',  ( -6.542532019217340200, -0.2782469555475582400, -86.32561205548901700 ) ) ;
#874 = CARTESIAN_POINT ( 'NONE',  ( -4.958308303878621500, -2.803283262677633400, 96.97368021049730700 ) ) ;
#875 = CARTESIAN_POINT ( 'NONE',  ( 0.0000000000000000000, 3.500000000000000000, -5.500000000000000000 ) ) ;
#876 = DIRECTION ( 'NONE',  ( 0.0000000000000000000, -1.000000000000000000, 0.0000000000000000000 ) ) ;
#877 = CARTESIAN_POINT ( 'NONE',  ( -1.709649314139779100, 1.934179348758109600, 64.99999999999998600 ) ) ;
#878 = CC_DESIGN_PERSON_AND_ORGANIZATION_ASSIGNMENT ( #407, #2089, ( #2468 ) ) ;
#879 = CARTESIAN_POINT ( 'NONE',  ( 6.444048327463189500, -0.1069805570946760300, 80.99203746416751000 ) ) ;
#880 = APPROVAL_STATUS ( 'not_yet_approved' ) ;
#881 = B_SPLINE_SURFACE_WITH_KNOTS ( 'NONE', 3, 3, ( 
 ( #2078, #2896, #3701, #1642 ),
 ( #2429, #2459, #2846, #4914 ),
 ( #377, #3668, #3289, #2444 ),
 ( #1245, #1214, #4510, #4109 ),
 ( #1626, #3306, #4489, #2864 ),
 ( #3686, #394, #1659, #801 ),
 ( #2911, #3779, #3339, #2508 ),
 ( #2146, #3389, #2098, #928 ),
 ( #79, #2928, #2555, #1348 ),
 ( #3796, #2963, #1676, #4995 ),
 ( #1298, #97, #2162, #45 ),
 ( #444, #4541, #461, #871 ),
 ( #2117, #494, #1743, #4590 ),
 ( #64, #909, #3747, #5030 ),
 ( #2526, #4156, #3322, #4961 ),
 ( #4608, #1711, #4574, #2488 ),
 ( #29, #3374, #2981, #2131 ),
 ( #2944, #1692, #480, #511 ),
 ( #890, #3359, #855, #3730 ),
 ( #3762, #4559, #5014, #1316 ),
 ( #4172, #1726, #1281, #2542 ) ),
 .UNSPECIFIED., .F., .F., .F.,
 ( 4, 1, 1, 1, 2, 1, 1, 1, 2, 1, 1, 1, 1, 1, 1, 1, 4 ),
 ( 4, 4 ),
 ( 0.0000000000000000000, 0.05322528655803803600, 0.1064505731160760700, 0.1596758596741141000, 0.2129011462321520900, 0.3590420061121262200, 0.5051828659921002700, 0.6513237258720743200, 0.7974645857520482600, 0.8227815125330422100, 0.8480984393140361700, 0.8734153660950301200, 0.8987322928760241900, 0.9240492196570181400, 0.9493661464380122000, 0.9746830732190060500, 1.000000000000000000 ),
 ( 0.0000000000000000000, 1.000000000000000000 ),
 .UNSPECIFIED. ) ;
#882 = CARTESIAN_POINT ( 'NONE',  ( -6.346835043171594700, -0.4446047206246392900, -86.31220833854443700 ) ) ;
#883 = CARTESIAN_POINT ( 'NONE',  ( 6.427923200429257000, -0.05403908331738876300, -65.00000000000000000 ) ) ;
#884 = CARTESIAN_POINT ( 'NONE',  ( 3.987009998229922700, -0.07922085577355933400, -67.67033712664007800 ) ) ;
#885 = CARTESIAN_POINT ( 'NONE',  ( -5.424495561112171200, -2.436013439694203700, 91.59999999999996600 ) ) ;
#886 = CARTESIAN_POINT ( 'NONE',  ( -5.566735720084823300, 0.4999544664027813500, -91.59999999999999400 ) ) ;
#887 = CARTESIAN_POINT ( 'NONE',  ( 8.212027809132255400, 3.191262802768008100, 55.02937824372975200 ) ) ;
#888 = ORIENTED_EDGE ( 'NONE', *, *, #4530, .T. ) ;
#889 = CARTESIAN_POINT ( 'NONE',  ( -5.500005099422955000, 1.492001305332441700, 0.0000000000000000000 ) ) ;
#890 = CARTESIAN_POINT ( 'NONE',  ( 4.789576431103972400, 2.649599163913951600, 0.0000000000000000000 ) ) ;
#891 = CARTESIAN_POINT ( 'NONE',  ( -6.497555138103220600, 1.603893369970812900, -81.03652351278562100 ) ) ;
#892 = CARTESIAN_POINT ( 'NONE',  ( 5.500000000000000000, -3.500000000000000000, -101.5999999999999900 ) ) ;
#893 = CARTESIAN_POINT ( 'NONE',  ( 6.114482050908494900, 0.2696579355849730300, 91.60000000000026400 ) ) ;
#894 = ORIENTED_EDGE ( 'NONE', *, *, #3825, .F. ) ;
#895 = CARTESIAN_POINT ( 'NONE',  ( -7.234300556305955300, -3.181104883532454200, 91.94559882657600300 ) ) ;
#896 = ORIENTED_EDGE ( 'NONE', *, *, #3864, .T. ) ;
#897 = CARTESIAN_POINT ( 'NONE',  ( 12.08567792179114700, -3.500033375735298200, -65.00000000000000000 ) ) ;
#898 = CARTESIAN_POINT ( 'NONE',  ( -5.210932498510612000, -3.429072555626031500, 0.0000000000000000000 ) ) ;
#899 = CARTESIAN_POINT ( 'NONE',  ( 3.226394505401886500, 0.8952662083648163000, 85.94052507481822500 ) ) ;
#900 = CARTESIAN_POINT ( 'NONE',  ( 7.275424440632773900, 0.5375576309081008300, 75.75597131325396600 ) ) ;
#901 = CARTESIAN_POINT ( 'NONE',  ( -7.636777089755940800, 1.210199352822791700, -75.84584804485034200 ) ) ;
#902 = CARTESIAN_POINT ( 'NONE',  ( 6.227320737911400200, -0.3475896502577191000, -70.50331196721822400 ) ) ;
#903 = CARTESIAN_POINT ( 'NONE',  ( -7.718964087560524800, 2.126645048151311300, -70.44971980031131400 ) ) ;
#904 = CARTESIAN_POINT ( 'NONE',  ( -7.424495560152087700, -3.232430917835104300, 91.59999999999998000 ) ) ;
#905 = CARTESIAN_POINT ( 'NONE',  ( -1.553424393774237800, -1.270096972333065500, 84.95855277528863800 ) ) ;
#906 = CARTESIAN_POINT ( 'NONE',  ( -5.175315884351128700, -0.1696569241813815600, -98.38101291942410900 ) ) ;
#907 = CARTESIAN_POINT ( 'NONE',  ( -5.490388750744920700, 1.318359123160094200, -0.3355597073674244600 ) ) ;
#908 = VERTEX_POINT ( 'NONE', #2719 ) ;
#909 = CARTESIAN_POINT ( 'NONE',  ( 5.229753836566577400, 0.6794399671886728300, 5.448849002921631000 ) ) ;
#910 = CARTESIAN_POINT ( 'NONE',  ( -7.493927004186798700, 2.981388297509371300, -64.99999999999997200 ) ) ;
#911 = CARTESIAN_POINT ( 'NONE',  ( 2.716537252378629300, -2.030367111102608500, -97.92741852950052800 ) ) ;
#912 = CARTESIAN_POINT ( 'NONE',  ( 7.607612137029612100, 2.853296867367342700, 64.99999999999994300 ) ) ;
#913 = CARTESIAN_POINT ( 'NONE',  ( -7.326732501394746900, -3.439767515673693300, 91.93932359218244700 ) ) ;
#914 = AXIS2_PLACEMENT_3D ( 'NONE', #2412, #423, #2485 ) ;
#915 = CARTESIAN_POINT ( 'NONE',  ( 12.00305987693304200, -3.485423974475123600, -67.65033390789820100 ) ) ;
#916 = LOCAL_TIME ( 7, 14, 16.00000000000000000, #1578 ) ;
#917 = CARTESIAN_POINT ( 'NONE',  ( -13.26915514171067500, -3.492244288815582900, 35.00000000000000000 ) ) ;
#918 = CARTESIAN_POINT ( 'NONE',  ( -3.763854275185061700, 0.6378896535929208200, 71.42315322807601800 ) ) ;
#919 = B_SPLINE_CURVE_WITH_KNOTS ( 'NONE', 5,
 ( #3406, #5028, #4641, #95, #2978, #508 ),
 .UNSPECIFIED., .F., .F.,
 ( 6, 6 ),
 ( 0.0000000000000000000, 1.000000000000000000 ),
 .UNSPECIFIED. ) ;
#920 = CARTESIAN_POINT ( 'NONE',  ( 7.554102675721341400, 1.165690647575246400, 70.41122411097846600 ) ) ;
#921 = FACE_BOUND ( 'NONE', #4235, .T. ) ;
#922 = CARTESIAN_POINT ( 'NONE',  ( 7.869071010582949600, -0.8626433313480498200, -65.00000000000000000 ) ) ;
#923 = CARTESIAN_POINT ( 'NONE',  ( -6.324231383865837900, -0.2844771172895041400, -91.59999999999995200 ) ) ;
#924 = CARTESIAN_POINT ( 'NONE',  ( -5.500000000000000000, -3.500000000000000000, 101.5999999999999900 ) ) ;
#925 = ORIENTED_EDGE ( 'NONE', *, *, #1055, .T. ) ;
#926 = CARTESIAN_POINT ( 'NONE',  ( -3.885415785753489000, -0.1796416769483043800, 70.37256937397201300 ) ) ;
#927 = CARTESIAN_POINT ( 'NONE',  ( 0.1623420578244355900, -1.834828462090690900, -99.99050645971205100 ) ) ;
#928 = CARTESIAN_POINT ( 'NONE',  ( -3.709654565632028300, 1.643812679281249500, 35.00000000000001400 ) ) ;
#929 = CARTESIAN_POINT ( 'NONE',  ( -5.930725949115013900, 0.4096468284710984000, -91.60000000000026400 ) ) ;
#930 = DIRECTION ( 'NONE',  ( 0.0000000000000000000, 0.0000000000000000000, 1.000000000000000000 ) ) ;
#931 = CARTESIAN_POINT ( 'NONE',  ( 6.494011707170883200, 2.247908345917574400, 75.78400298564785900 ) ) ;
#932 = CARTESIAN_POINT ( 'NONE',  ( -4.424495561535934500, -2.037804700582602500, 91.59999999999996600 ) ) ;
#933 = CARTESIAN_POINT ( 'NONE',  ( 7.557787587358974200, -3.498769530839275900, -91.59999999999999400 ) ) ;
#934 = CARTESIAN_POINT ( 'NONE',  ( -1.640044527041072000, -1.304552257151461600, -91.60000000000003700 ) ) ;
#935 = CARTESIAN_POINT ( 'NONE',  ( -12.74401140838147500, -3.500636023863865200, 52.50155703662636600 ) ) ;
#936 = CARTESIAN_POINT ( 'NONE',  ( 1.343698062242075100, 0.6089182105657340300, 85.59511001973182000 ) ) ;
#937 = CARTESIAN_POINT ( 'NONE',  ( 6.552736663511048200, -0.2662025429009796100, 86.32634896890763800 ) ) ;
#938 = CARTESIAN_POINT ( 'NONE',  ( -10.20188091528621600, -3.485557032649426300, 78.29033390789820100 ) ) ;
#939 = CARTESIAN_POINT ( 'NONE',  ( 1.562093928767093600, -0.8979713550837173900, -91.60000000000000900 ) ) ;
#940 = CARTESIAN_POINT ( 'NONE',  ( -7.124274192474408600, 1.200547536383984400, -81.08963910048619500 ) ) ;
#941 = CARTESIAN_POINT ( 'NONE',  ( -6.538145286987290000, -3.396775291034118000, 96.76968006617255500 ) ) ;
#942 = CARTESIAN_POINT ( 'NONE',  ( -3.922467100098260100, -0.1881423901954560600, 70.35034765337528000 ) ) ;
#943 = EDGE_CURVE ( 'NONE', #4044, #5342, #3656, .T. ) ;
#944 = CARTESIAN_POINT ( 'NONE',  ( 0.4861509506967343100, 2.597976161845658700, -44.21765596549889900 ) ) ;
#945 = CARTESIAN_POINT ( 'NONE',  ( -7.599751962634377000, 2.863524281417919600, -64.99999999999997200 ) ) ;
#946 = CARTESIAN_POINT ( 'NONE',  ( 0.5249949327120372300, -1.835273606282757900, -99.54899959821987900 ) ) ;
#947 = ORIENTED_EDGE ( 'NONE', *, *, #2097, .T. ) ;
#948 = CARTESIAN_POINT ( 'NONE',  ( -7.366646933060542000, 1.419910318880267800, -65.00000000000000000 ) ) ;
#949 = CARTESIAN_POINT ( 'NONE',  ( -7.113311680673986900, -3.387968071670915300, 91.59999999999998000 ) ) ;
#950 = CARTESIAN_POINT ( 'NONE',  ( 3.418959789684481400, -2.537777229246541900, -23.78055256083094400 ) ) ;
#951 = CARTESIAN_POINT ( 'NONE',  ( -3.450236490783826300, 0.2415112647325381400, -80.37806104205687100 ) ) ;
#952 = CARTESIAN_POINT ( 'NONE',  ( -13.43328611421113200, -3.437700506014824200, 35.00000000000008500 ) ) ;
#953 = CARTESIAN_POINT ( 'NONE',  ( -2.551560972714160600, -0.5592765421640639700, 84.99571383175639000 ) ) ;
#954 = CARTESIAN_POINT ( 'NONE',  ( 7.379305363135803700, 1.428528482263407700, 65.00000000000000000 ) ) ;
#955 = CARTESIAN_POINT ( 'NONE',  ( -12.17833066966497300, -3.429358790249550400, 65.00000000000000000 ) ) ;
#956 = VERTEX_POINT ( 'NONE', #2696 ) ;
#957 = CARTESIAN_POINT ( 'NONE',  ( 4.909860256089972500, -0.8009377778651141100, -78.30847104652879400 ) ) ;
#958 = CARTESIAN_POINT ( 'NONE',  ( -6.318134577190406300, -0.3519692570995622800, -91.59999999999990900 ) ) ;
#959 = CARTESIAN_POINT ( 'NONE',  ( -5.500000000000000000, -3.500000000000000000, 101.5999999999999900 ) ) ;
#960 = EDGE_LOOP ( 'NONE', ( #4053, #4101 ) ) ;
#961 = CARTESIAN_POINT ( 'NONE',  ( -3.915135322757573400, -0.1862724915137599400, 70.35480379427288300 ) ) ;
#962 = CARTESIAN_POINT ( 'NONE',  ( -4.317614659480442500, 2.941970477357747100, -3.415032071104044100 ) ) ;
#963 = CARTESIAN_POINT ( 'NONE',  ( -8.092664131300974600, 2.735701323569667700, -55.02815715864551300 ) ) ;
#964 = CARTESIAN_POINT ( 'NONE',  ( -7.005178091484513200, 2.650842493792244300, -70.38194647338507100 ) ) ;
#965 = CARTESIAN_POINT ( 'NONE',  ( 5.802315442584281300, -3.122671246747942100, -96.81852066005116300 ) ) ;
#966 = CARTESIAN_POINT ( 'NONE',  ( 3.808055623892455000, -1.051725551664988200, 91.60000000000012200 ) ) ;
#967 = DIRECTION ( 'NONE',  ( 0.0000000000000000000, 0.0000000000000000000, -1.000000000000000000 ) ) ;
#968 = CARTESIAN_POINT ( 'NONE',  ( 0.5411897317936561500, 1.194184789398906200, -65.00000000000005700 ) ) ;
#969 = CARTESIAN_POINT ( 'NONE',  ( -10.87592070378904200, -2.575125807271929600, 64.99999999999992900 ) ) ;
#970 = CARTESIAN_POINT ( 'NONE',  ( -4.461421170145278800, -0.5922802570593296300, 78.35014774712657000 ) ) ;
#971 = CARTESIAN_POINT ( 'NONE',  ( 7.408319400871965500, 1.449281616144596900, 65.00000000000000000 ) ) ;
#972 = ORIENTED_EDGE ( 'NONE', *, *, #2525, .T. ) ;
#973 = CARTESIAN_POINT ( 'NONE',  ( -8.924682200871545800, -3.476401955368870300, 84.93810313750935800 ) ) ;
#974 = CARTESIAN_POINT ( 'NONE',  ( 1.642220718788473000, -0.9298785431207121600, -91.60000000000000900 ) ) ;
#975 = CARTESIAN_POINT ( 'NONE',  ( -6.310850953093063400, -0.3985518718915080400, -91.59999999999989500 ) ) ;
#976 = CARTESIAN_POINT ( 'NONE',  ( -0.07395546124651723700, -1.862147600767278800, 93.61623552985697900 ) ) ;
#977 = EDGE_CURVE ( 'NONE', #3229, #254, #2002, .T. ) ;
#978 = CARTESIAN_POINT ( 'NONE',  ( -2.705688947397963100, 0.4165596978331203600, 68.06421137605153100 ) ) ;
#979 = DIRECTION ( 'NONE',  ( 0.0000000000000000000, 1.000000000000000000, 0.0000000000000000000 ) ) ;
#980 = CARTESIAN_POINT ( 'NONE',  ( 11.74014435581564400, -2.631281765846673200, -40.65278751463463200 ) ) ;
#981 = CARTESIAN_POINT ( 'NONE',  ( -6.336700388205286100, 1.582697808480197000, -81.00527011294704500 ) ) ;
#982 = CARTESIAN_POINT ( 'NONE',  ( 4.958308303878621500, -2.803283262677633400, -96.97368021049730700 ) ) ;
#983 = CIRCLE ( 'NONE', #4388, 0.1250000000000001100 ) ;
#984 = CARTESIAN_POINT ( 'NONE',  ( -2.088325561229120300, -2.246074405031257100, 92.79051739311965700 ) ) ;
#985 = AXIS2_PLACEMENT_3D ( 'NONE', #4897, #2428, #5311 ) ;
#986 = VERTEX_POINT ( 'NONE', #252 ) ;
#987 = CARTESIAN_POINT ( 'NONE',  ( -6.026825518760718500, 3.108958647604744400, -23.26988219014421600 ) ) ;
#988 = CARTESIAN_POINT ( 'NONE',  ( -6.115250012323455700, -0.1141293804510270800, -80.96049127167033500 ) ) ;
#989 = FACE_OUTER_BOUND ( 'NONE', #1791, .T. ) ;
#990 = CARTESIAN_POINT ( 'NONE',  ( -12.34177851702005000, -3.011075928254519000, 52.50881159439824600 ) ) ;
#991 = CIRCLE ( 'NONE', #4596, 0.9999999999999991100 ) ;
#992 = CARTESIAN_POINT ( 'NONE',  ( -6.739682815244720800, -0.4133103354030923700, 67.69813125231266300 ) ) ;
#993 = CARTESIAN_POINT ( 'NONE',  ( 6.031715886727881500, -0.8434505782200969500, 91.59999999999969600 ) ) ;
#994 = CARTESIAN_POINT ( 'NONE',  ( -8.941159204082945100, -3.459061189909045100, 84.92962949604540800 ) ) ;
#995 = CARTESIAN_POINT ( 'NONE',  ( 6.992836546078583700, -0.3639228227532886900, -65.00000000000000000 ) ) ;
#996 = CARTESIAN_POINT ( 'NONE',  ( -7.704667129717945400, 2.159054890617972500, -70.44949643050296100 ) ) ;
#997 = CARTESIAN_POINT ( 'NONE',  ( -5.903576431478642300, -3.354652234528068700, 96.79244758730421000 ) ) ;
#998 = CARTESIAN_POINT ( 'NONE',  ( -3.027929283534118700, 0.1514627372581398000, 70.91410312602917500 ) ) ;
#999 = CARTESIAN_POINT ( 'NONE',  ( 4.958308303878621500, -2.803283262677633400, -96.97368021049730700 ) ) ;
#1000 = CARTESIAN_POINT ( 'NONE',  ( -7.739481818608713800, 3.033438695126689400, -45.03633987025011000 ) ) ;
#1001 = CARTESIAN_POINT ( 'NONE',  ( -7.287096251281642600, 3.129714231336636400, -65.00000000000000000 ) ) ;
#1002 = CARTESIAN_POINT ( 'NONE',  ( 6.534814610955791600, -3.502338782954979500, -96.76861869060842000 ) ) ;
#1003 = CARTESIAN_POINT ( 'NONE',  ( -3.794162780614560600, -2.873037202515628800, 97.19525869655981900 ) ) ;
#1004 = CARTESIAN_POINT ( 'NONE',  ( -3.630623878870446100, 3.153323766124595600, -23.27590886402343200 ) ) ;
#1005 = CARTESIAN_POINT ( 'NONE',  ( -6.634419581709220600, 1.265972706267507500, -65.00000000000000000 ) ) ;
#1006 = CARTESIAN_POINT ( 'NONE',  ( 4.970766139296475900, 0.5035469641018854900, 2.361450317294095900 ) ) ;
#1007 = CARTESIAN_POINT ( 'NONE',  ( -3.952034457528095200, -0.3672924730109839400, 78.41687040799853000 ) ) ;
#1008 = CARTESIAN_POINT ( 'NONE',  ( 7.781588678001011900, 2.002666651276991500, 65.00000000000002800 ) ) ;
#1009 = CARTESIAN_POINT ( 'NONE',  ( -10.21102555284504200, -3.478397587096092400, 78.28449991209248500 ) ) ;
#1010 = CARTESIAN_POINT ( 'NONE',  ( 10.78896512804611000, -2.615019565951158100, -67.50247128482489200 ) ) ;
#1011 = CARTESIAN_POINT ( 'NONE',  ( -6.720560362396243500, 0.4710861880468777400, -86.34475946022902800 ) ) ;
#1012 = CARTESIAN_POINT ( 'NONE',  ( -3.794162780614560600, -2.873037202515628800, 97.19525869655981900 ) ) ;
#1013 = CARTESIAN_POINT ( 'NONE',  ( 6.088233098187057400, 0.2955221128262427400, 91.60000000000027900 ) ) ;
#1014 = CARTESIAN_POINT ( 'NONE',  ( -2.363803043902819500, 0.6939293055735059600, 65.00000000000001400 ) ) ;
#1015 = CARTESIAN_POINT ( 'NONE',  ( -1.906508406157840600, 0.1498497930718353200, -91.59999999999996600 ) ) ;
#1016 = B_SPLINE_CURVE_WITH_KNOTS ( 'NONE', 5,
 ( #4807, #250, #2289, #2271, #2343, #1458 ),
 .UNSPECIFIED., .F., .F.,
 ( 6, 6 ),
 ( 0.0000000000000000000, 1.000000000000000000 ),
 .UNSPECIFIED. ) ;
#1017 = EDGE_CURVE ( 'NONE', #4059, #1180, #1161, .T. ) ;
#1018 = CARTESIAN_POINT ( 'NONE',  ( -6.788280023930554700, 2.651268891939269500, -70.34072553602074200 ) ) ;
#1019 = CARTESIAN_POINT ( 'NONE',  ( 4.416616607757243100, -2.106566525355265900, -92.34736042099463300 ) ) ;
#1020 = CARTESIAN_POINT ( 'NONE',  ( -2.400380103091954700, -0.04072456114653959900, -4.951938761527745000 ) ) ;
#1021 = CARTESIAN_POINT ( 'NONE',  ( -4.196645014294048800, -2.660884966193036000, 91.60000000000003700 ) ) ;
#1022 = CARTESIAN_POINT ( 'NONE',  ( -7.776606121294507000, 3.050896305807777200, -23.26039490698691700 ) ) ;
#1023 = CARTESIAN_POINT ( 'NONE',  ( -6.567365395156482300, 0.3026143729517862800, -75.65789158512423300 ) ) ;
#1024 = CARTESIAN_POINT ( 'NONE',  ( 2.235983043761152100, -0.08827933499768164700, 5.028192898475930800 ) ) ;
#1025 = CARTESIAN_POINT ( 'NONE',  ( -5.199977798198320400, -0.9364358007925448500, 78.28633856719344000 ) ) ;
#1026 = ORIENTED_EDGE ( 'NONE', *, *, #3009, .F. ) ;
#1027 = CARTESIAN_POINT ( 'NONE',  ( 6.259792186997551700, -0.5631076162855686000, 91.59999999999976700 ) ) ;
#1028 = EDGE_LOOP ( 'NONE', ( #3665, #435, #1673, #2624, #2335, #2786, #5012, #5146, #4073, #374 ) ) ;
#1029 = CARTESIAN_POINT ( 'NONE',  ( -7.572158415264754100, -3.500276318335800300, 91.59999999999999400 ) ) ;
#1030 = CARTESIAN_POINT ( 'NONE',  ( -7.603509629318455900, 1.232897152940497700, -70.41674186111602300 ) ) ;
#1031 = CARTESIAN_POINT ( 'NONE',  ( 12.09961438355102800, -3.346823178263799400, -67.55796246428971600 ) ) ;
#1032 = VERTEX_POINT ( 'NONE', #4340 ) ;
#1033 = CARTESIAN_POINT ( 'NONE',  ( -6.324681188308105100, -0.2727009766986720500, -91.59999999999996600 ) ) ;
#1034 = CARTESIAN_POINT ( 'NONE',  ( -0.05052419252702244200, -1.627316599414467600, 91.59999999999998000 ) ) ;
#1035 = CARTESIAN_POINT ( 'NONE',  ( 6.225357527135473700, 0.9830035291979860600, 86.31403820538874100 ) ) ;
#1036 = CARTESIAN_POINT ( 'NONE',  ( 0.5700240368393139100, -1.498465376580942600, 91.59999999999999400 ) ) ;
#1037 = CARTESIAN_POINT ( 'NONE',  ( 5.802315442584281300, -3.122671246747942100, -96.81852066005116300 ) ) ;
#1038 = CARTESIAN_POINT ( 'NONE',  ( 3.915135322757573400, -0.1862724915137599400, -70.35480379427288300 ) ) ;
#1039 = CARTESIAN_POINT ( 'NONE',  ( -6.507966232544145400, 2.063014694047892800, -75.67906369058027800 ) ) ;
#1040 = CARTESIAN_POINT ( 'NONE',  ( 3.802750811285671600, -2.391710323619127700, -97.37052488504970400 ) ) ;
#1041 = CARTESIAN_POINT ( 'NONE',  ( 13.26915514171067500, -3.492244288815582900, -35.00000000000000000 ) ) ;
#1042 = CARTESIAN_POINT ( 'NONE',  ( -5.942832313232300700, -3.121897681404020000, 92.01567112720192700 ) ) ;
#1043 = CARTESIAN_POINT ( 'NONE',  ( 7.130675448363576600, -0.4421070260389650100, -65.00000000000000000 ) ) ;
#1044 = ADVANCED_FACE ( 'NONE', ( #760 ), #785, .T. ) ;
#1045 = CARTESIAN_POINT ( 'NONE',  ( -5.650324346522995500, -0.9963514374856179400, -91.59999999999992300 ) ) ;
#1046 = CARTESIAN_POINT ( 'NONE',  ( 4.388601888445580600, 0.3804868997340238900, 3.320435381050861800 ) ) ;
#1047 = CARTESIAN_POINT ( 'NONE',  ( -3.322983937942265900, -0.8851522939072213900, 84.95295925144915800 ) ) ;
#1048 = CARTESIAN_POINT ( 'NONE',  ( 7.257101094498342100, 2.241127700781188300, 75.89553453997122300 ) ) ;
#1049 = CARTESIAN_POINT ( 'NONE',  ( -5.225223840640141200, -3.429184591355484400, 1.716693279303529000 ) ) ;
#1050 = PERSON_AND_ORGANIZATION ( #3553, #851 ) ;
#1051 = CARTESIAN_POINT ( 'NONE',  ( 12.13920569160297400, -3.295081517450658900, -65.00000000000000000 ) ) ;
#1052 = CARTESIAN_POINT ( 'NONE',  ( -7.043684404601330900, 1.331248208886296700, -81.08769957515149000 ) ) ;
#1053 = CARTESIAN_POINT ( 'NONE',  ( -5.500000000000000000, -3.500000000000000000, 101.5999999999999900 ) ) ;
#1054 = CARTESIAN_POINT ( 'NONE',  ( 6.084212855873268200, 0.2992914682499146500, 91.60000000000027900 ) ) ;
#1055 = EDGE_CURVE ( 'NONE', #711, #4898, #4983, .T. ) ;
#1056 = CARTESIAN_POINT ( 'NONE',  ( -3.935464259492342400, 0.09402822856297864100, 65.00000000000000000 ) ) ;
#1057 = CARTESIAN_POINT ( 'NONE',  ( 6.977909564158400400, -3.085472570157330500, -91.95697146355861700 ) ) ;
#1058 = LINE ( 'NONE', #4883, #3232 ) ;
#1059 = LINE ( 'NONE', #4074, #858 ) ;
#1060 = CARTESIAN_POINT ( 'NONE',  ( -8.467531161739978900, 4.810201473950261400, -35.00000000000002800 ) ) ;
#1061 = CARTESIAN_POINT ( 'NONE',  ( -6.266686336860257000, 1.564103567689203200, -80.98669606204033800 ) ) ;
#1062 = CARTESIAN_POINT ( 'NONE',  ( 5.500000000000000000, -3.500000000000000000, -101.5999999999999900 ) ) ;
#1063 = CARTESIAN_POINT ( 'NONE',  ( 5.316054421730868300, 2.341894158340885200, -35.00000000000001400 ) ) ;
#1064 = CARTESIAN_POINT ( 'NONE',  ( 6.015744455871889300, -0.6829223572617525400, 98.10577902176464700 ) ) ;
#1065 = CC_DESIGN_DATE_AND_TIME_ASSIGNMENT ( #2856, #3435, ( #1172 ) ) ;
#1066 = CARTESIAN_POINT ( 'NONE',  ( -6.563296736786389500, 0.7875089157286255800, -70.32304575654137600 ) ) ;
#1067 = CARTESIAN_POINT ( 'NONE',  ( 0.6941419962955418500, -0.6095126783311918300, 5.467597511674634700 ) ) ;
#1068 = CARTESIAN_POINT ( 'NONE',  ( -2.434601569653649400, -1.245411522773622700, 91.59999999999998000 ) ) ;
#1069 = CARTESIAN_POINT ( 'NONE',  ( 7.730314706120466900, 2.098862979336994600, 70.44982916283973400 ) ) ;
#1070 = CIRCLE ( 'NONE', #556, 28.17412854073873500 ) ;
#1071 = CARTESIAN_POINT ( 'NONE',  ( 12.13067544833451100, -3.289742675707854500, -65.00000000000000000 ) ) ;
#1072 = CARTESIAN_POINT ( 'NONE',  ( 7.614804135358855100, -3.308256347538579800, -91.59999999999998000 ) ) ;
#1073 = CARTESIAN_POINT ( 'NONE',  ( -6.710182377969689900, 0.5042968166443385600, -86.34454089731272600 ) ) ;
#1074 = CARTESIAN_POINT ( 'NONE',  ( 6.015744455871889300, -0.6829223572617525400, 98.10577902176464700 ) ) ;
#1075 = CARTESIAN_POINT ( 'NONE',  ( 6.934487716993764600, 2.654045482346203000, 70.36945793217202500 ) ) ;
#1076 = CARTESIAN_POINT ( 'NONE',  ( 1.186847885985267400, -1.379842757648159100, 91.60000000000000900 ) ) ;
#1077 = ADVANCED_FACE ( 'NONE', ( #51 ), #578, .F. ) ;
#1078 = CARTESIAN_POINT ( 'NONE',  ( 5.500000000000000000, -3.500000000000000000, -101.5999999999999900 ) ) ;
#1079 = CARTESIAN_POINT ( 'NONE',  ( -8.162881740689112300, 5.209115622387726000, -35.00000000000000000 ) ) ;
#1080 = CARTESIAN_POINT ( 'NONE',  ( -5.605526368485757700, 0.4994688674827784100, -91.59999999999998000 ) ) ;
#1081 = CARTESIAN_POINT ( 'NONE',  ( 3.320785158278384900, -2.780127480640186100, -97.37007836625018300 ) ) ;
#1082 = CARTESIAN_POINT ( 'NONE',  ( 5.464569442612244600, -3.128445619799244100, -23.93397022511259900 ) ) ;
#1083 = CARTESIAN_POINT ( 'NONE',  ( 4.042823936348948900, 0.04683820488519256600, -65.00000000000000000 ) ) ;
#1084 = CARTESIAN_POINT ( 'NONE',  ( -7.915376637290567200, 5.388116888409729000, -34.99999999999997200 ) ) ;
#1085 = CARTESIAN_POINT ( 'NONE',  ( -6.644133670718318300, 1.264262982704586400, -64.99999999999998600 ) ) ;
#1086 = DIRECTION ( 'NONE',  ( 0.0000000000000000000, 1.000000000000000000, 0.0000000000000000000 ) ) ;
#1087 = CARTESIAN_POINT ( 'NONE',  ( -8.395830091750694300, -1.435845837258726200, 70.15316868681284700 ) ) ;
#1088 = CARTESIAN_POINT ( 'NONE',  ( 7.136612466117175500, 0.4393312363164232900, 81.06496488473307200 ) ) ;
#1089 = CARTESIAN_POINT ( 'NONE',  ( -8.863150277198853300, -3.501002820499041300, 84.95388567777207800 ) ) ;
#1090 = CARTESIAN_POINT ( 'NONE',  ( 12.05401486791064200, -3.428813497694549500, -70.11705068533839800 ) ) ;
#1091 = CARTESIAN_POINT ( 'NONE',  ( -6.615950624458279500, 1.595782281889496200, -81.05265374612191900 ) ) ;
#1092 = CARTESIAN_POINT ( 'NONE',  ( 5.000222652930276000, -1.511864834312181700, 97.00901297692681200 ) ) ;
#1093 = ORIENTED_EDGE ( 'NONE', *, *, #1428, .F. ) ;
#1094 = CARTESIAN_POINT ( 'NONE',  ( 5.892986876335308800, 0.4289016608624850500, 91.60000000000025000 ) ) ;
#1095 = CARTESIAN_POINT ( 'NONE',  ( 0.9835666426009925800, -0.6531093931092922800, 85.47453116563227100 ) ) ;
#1096 = CARTESIAN_POINT ( 'NONE',  ( 6.894561680724578400, -3.333436838767325700, -91.59999999999999400 ) ) ;
#1097 = VERTEX_POINT ( 'NONE', #3271 ) ;
#1098 = AXIS2_PLACEMENT_3D ( 'NONE', #4038, #1156, #5324 ) ;
#1099 = CARTESIAN_POINT ( 'NONE',  ( 0.0000000000000000000, -3.500000000000000000, 0.0000000000000000000 ) ) ;
#1100 = CARTESIAN_POINT ( 'NONE',  ( -6.811106945119870900, 3.250000000000000400, -64.99999999999997200 ) ) ;
#1101 = CARTESIAN_POINT ( 'NONE',  ( -0.9576719399753763600, -1.408451403349630900, -91.60000000000013600 ) ) ;
#1102 = CARTESIAN_POINT ( 'NONE',  ( 12.21141010944020700, -2.416042901537755100, -35.00000000000003600 ) ) ;
#1103 = CARTESIAN_POINT ( 'NONE',  ( -7.312499999999926300, 5.500000000000005300, -35.00000000000000000 ) ) ;
#1104 = CARTESIAN_POINT ( 'NONE',  ( -4.438290311729540200, 2.735737333946335300, 0.0000000000000000000 ) ) ;
#1105 = CARTESIAN_POINT ( 'NONE',  ( -6.626635759677442100, 0.7804780039836859400, -70.32896420320452100 ) ) ;
#1106 = CARTESIAN_POINT ( 'NONE',  ( -6.849538830069498400, -3.322213288798760100, 91.59999999999999400 ) ) ;
#1107 = CARTESIAN_POINT ( 'NONE',  ( -5.644180266045265300, -1.141373657701496300, 78.25746359927246900 ) ) ;
#1108 = CARTESIAN_POINT ( 'NONE',  ( 7.119723676443801000, 1.208924672641711100, 81.08957159396671000 ) ) ;
#1109 = DIRECTION ( 'NONE',  ( 0.0000000000000000000, 0.0000000000000000000, 1.000000000000000000 ) ) ;
#1110 = CARTESIAN_POINT ( 'NONE',  ( 8.958963350605573700, -3.340989409574568500, -84.89932006806981200 ) ) ;
#1111 = CARTESIAN_POINT ( 'NONE',  ( -6.540550697957782800, 2.301833406219072400, -75.80342282092208000 ) ) ;
#1112 = CARTESIAN_POINT ( 'NONE',  ( -1.419085416410033100, 4.061546986379974000, 23.27328101857091600 ) ) ;
#1113 = CARTESIAN_POINT ( 'NONE',  ( 6.091296463850532000, 1.013132768926845200, 86.30159633380044700 ) ) ;
#1114 = CARTESIAN_POINT ( 'NONE',  ( 0.3270887581609129300, -0.001666529067122918300, 79.34906233126453400 ) ) ;
#1115 = CARTESIAN_POINT ( 'NONE',  ( 5.509145014202041500, -2.988072363667311200, -91.60000000000000900 ) ) ;
#1116 = CARTESIAN_POINT ( 'NONE',  ( 0.5456475499666044700, -1.750743740576115900, -91.59999999999998000 ) ) ;
#1117 = CARTESIAN_POINT ( 'NONE',  ( -5.386200802149455800, 1.023707619174317100, -86.23600614581225400 ) ) ;
#1118 = CARTESIAN_POINT ( 'NONE',  ( -3.808055623892455000, -1.051725551664988200, -91.60000000000012200 ) ) ;
#1119 = CARTESIAN_POINT ( 'NONE',  ( 5.452379978716774800, -3.390714092315537900, -23.94753839101931800 ) ) ;
#1120 = CARTESIAN_POINT ( 'NONE',  ( -5.494226188236088300, 1.646656890334613700, -0.2600344868026330800 ) ) ;
#1121 = CARTESIAN_POINT ( 'NONE',  ( -8.312085610032735200, 5.053453130918208900, -23.25257406693531300 ) ) ;
#1122 = CARTESIAN_POINT ( 'NONE',  ( -2.280454307790498600, -1.495465957731330300, 84.95608939894405900 ) ) ;
#1123 = DATE_AND_TIME ( #3239, #1823 ) ;
#1124 = CARTESIAN_POINT ( 'NONE',  ( -10.78896512804611000, -2.615019565951158100, 67.50247128482489200 ) ) ;
#1125 = CARTESIAN_POINT ( 'NONE',  ( 6.726014848362571500, 0.4514629572983406800, 86.34484343337811700 ) ) ;
#1126 = CARTESIAN_POINT ( 'NONE',  ( -5.373099757032242100, -3.042226386248210200, 1.181062772307778500 ) ) ;
#1127 = CARTESIAN_POINT ( 'NONE',  ( 11.92014866741161300, -3.519237336298652900, -70.13224966682892600 ) ) ;
#1128 = CARTESIAN_POINT ( 'NONE',  ( -6.502749126608038400, 2.260796333787532300, -75.78857016844418100 ) ) ;
#1129 = CARTESIAN_POINT ( 'NONE',  ( 0.2578722279359448300, -2.091461178630876500, 99.85288951088232100 ) ) ;
#1130 = CARTESIAN_POINT ( 'NONE',  ( 6.720080964447257400, 2.650198303783706200, 70.32635275645427000 ) ) ;
#1131 = CARTESIAN_POINT ( 'NONE',  ( 3.450236490783826300, 0.2415112647325381400, 80.37806104205687100 ) ) ;
#1132 = ADVANCED_FACE ( 'NONE', ( #199 ), #1261, .F. ) ;
#1133 = CARTESIAN_POINT ( 'NONE',  ( 6.890020587540935700, -3.349963192196080600, -91.95239495313916200 ) ) ;
#1134 = VERTEX_POINT ( 'NONE', #2879 ) ;
#1135 = CARTESIAN_POINT ( 'NONE',  ( 3.182170006955480400, 0.2445196036921183400, -67.92103883184871900 ) ) ;
#1136 = CARTESIAN_POINT ( 'NONE',  ( -6.199166942723604900, 1.550928559442399800, -80.96421532136454900 ) ) ;
#1137 = CARTESIAN_POINT ( 'NONE',  ( 5.721416156616150800, -3.310948840702010500, -96.80783556360094600 ) ) ;
#1138 = CARTESIAN_POINT ( 'NONE',  ( -2.549476680035415400, 2.733200515065060500, -6.059905726805790300 ) ) ;
#1139 = CARTESIAN_POINT ( 'NONE',  ( 2.712727051717077800, -2.117652668699539800, -4.817335496501476300 ) ) ;
#1140 = CARTESIAN_POINT ( 'NONE',  ( 4.208198889421247200, -1.963095102053526300, -3.547618065454492900 ) ) ;
#1141 = CARTESIAN_POINT ( 'NONE',  ( -5.405684434632529900, -2.962281127268910500, 91.60000000000009400 ) ) ;
#1142 = CARTESIAN_POINT ( 'NONE',  ( -12.14145791086728800, -3.296702739210108500, 65.00000000000000000 ) ) ;
#1143 = CARTESIAN_POINT ( 'NONE',  ( 6.722116489761791800, 0.4656582753731132200, 86.34478579698331700 ) ) ;
#1144 = CARTESIAN_POINT ( 'NONE',  ( -3.467451997529236200, -1.271595388639702200, 4.274187948320340900 ) ) ;
#1145 = CARTESIAN_POINT ( 'NONE',  ( -7.722486342907477500, 1.834423572835391300, -65.00000000000005700 ) ) ;
#1146 = CARTESIAN_POINT ( 'NONE',  ( 7.668644126947210500, -3.365967493056134100, -91.60000000000000900 ) ) ;
#1147 = CARTESIAN_POINT ( 'NONE',  ( -6.498602511060180800, 2.254964449777561600, -75.78649749540453200 ) ) ;
#1148 = CARTESIAN_POINT ( 'NONE',  ( 3.983583382390500900, 2.805021401942735100, 5.844137577975714300 ) ) ;
#1149 = CARTESIAN_POINT ( 'NONE',  ( 6.507966232544145400, 2.063014694047892800, 75.67906369058027800 ) ) ;
#1150 = CARTESIAN_POINT ( 'NONE',  ( 6.634419581709220600, 1.265972706267507500, 65.00000000000000000 ) ) ;
#1151 = CARTESIAN_POINT ( 'NONE',  ( 3.249234603997036800, -2.497995535183740000, -92.46980101515865200 ) ) ;
#1152 = CARTESIAN_POINT ( 'NONE',  ( 3.675716811199783300, 0.05127676735730138400, -67.76921146435665800 ) ) ;
#1153 = CARTESIAN_POINT ( 'NONE',  ( -6.678127795163009100, 2.650530485186439300, -70.31721038716362700 ) ) ;
#1154 = CARTESIAN_POINT ( 'NONE',  ( -6.164800110518277700, -0.8371507394188374400, -91.59999999999999400 ) ) ;
#1155 = CARTESIAN_POINT ( 'NONE',  ( 5.216487792279433900, -3.431835659856597800, -0.0000000000000000000 ) ) ;
#1156 = DIRECTION ( 'NONE',  ( -0.0000000000000000000, -0.0000000000000000000, -1.000000000000000000 ) ) ;
#1157 = DIRECTION ( 'NONE',  ( 0.0000000000000000000, 1.000000000000000000, 0.0000000000000000000 ) ) ;
#1158 = DIRECTION ( 'NONE',  ( 0.0000000000000000000, 0.0000000000000000000, -1.000000000000000000 ) ) ;
#1159 = CARTESIAN_POINT ( 'NONE',  ( -12.05401486791064200, -3.428813497694549500, 70.11705068533839800 ) ) ;
#1160 = VERTEX_POINT ( 'NONE', #5296 ) ;
#1161 = CIRCLE ( 'NONE', #2949, 2.500000000000000000 ) ;
#1162 = CARTESIAN_POINT ( 'NONE',  ( 7.149079728384628600, 2.302637162982001900, 75.89110255650749100 ) ) ;
#1163 = CARTESIAN_POINT ( 'NONE',  ( -0.2120656755743774200, 1.895165735463071100, 5.500000000000006200 ) ) ;
#1164 = EDGE_CURVE ( 'NONE', #4755, #4695, #2699, .T. ) ;
#1165 = CARTESIAN_POINT ( 'NONE',  ( 12.15415841100721500, -3.307679960089096500, -65.00000000000000000 ) ) ;
#1166 = EDGE_LOOP ( 'NONE', ( #1353, #1551, #4751, #765, #1940, #2711, #4502, #2165 ) ) ;
#1167 = CARTESIAN_POINT ( 'NONE',  ( -6.102813215309161900, 0.2814837495404421400, -91.60000000000026400 ) ) ;
#1168 = CARTESIAN_POINT ( 'NONE',  ( -5.228520124881789000, -3.437037112749414400, 0.0000000000000000000 ) ) ;
#1169 = CARTESIAN_POINT ( 'NONE',  ( 7.169148224155540200, 3.185432599589286300, 65.00000000000000000 ) ) ;
#1170 = CARTESIAN_POINT ( 'NONE',  ( 6.153680748000009100, -0.1194890494787442400, 80.96444776770245300 ) ) ;
#1171 = CARTESIAN_POINT ( 'NONE',  ( 7.608088133981962800, -3.407769510147216100, -91.93383194445166900 ) ) ;
#1172 = SECURITY_CLASSIFICATION ( '', '', #2220 ) ;
#1173 = ORIENTED_EDGE ( 'NONE', *, *, #1164, .T. ) ;
#1174 = CARTESIAN_POINT ( 'NONE',  ( 3.725952051032681100, 0.1839622008480167000, -65.00000000000000000 ) ) ;
#1175 = CARTESIAN_POINT ( 'NONE',  ( -3.893364622400897100, 3.101051363338989100, -65.00000000000000000 ) ) ;
#1176 = CARTESIAN_POINT ( 'NONE',  ( 0.1623420578244355900, -1.834828462090690900, -99.99050645971205100 ) ) ;
#1177 = CARTESIAN_POINT ( 'NONE',  ( 5.490811119614493300, 1.682250299404923800, 0.3242354154820829000 ) ) ;
#1178 = CARTESIAN_POINT ( 'NONE',  ( -7.631755103491073600, 1.186123482563021400, -75.84348695971333100 ) ) ;
#1179 = DIRECTION ( 'NONE',  ( 0.0000000000000000000, 0.0000000000000000000, 1.000000000000000000 ) ) ;
#1180 = VERTEX_POINT ( 'NONE', #3238 ) ;
#1181 = CARTESIAN_POINT ( 'NONE',  ( 4.344009106448598200, -2.089210432617129700, -3.380585774213791700 ) ) ;
#1182 = CARTESIAN_POINT ( 'NONE',  ( -4.439982518622888300, -2.158626422097222900, 84.95768461915334100 ) ) ;
#1183 = CARTESIAN_POINT ( 'NONE',  ( -12.09900545601552000, -3.349671957799528000, 67.55803802298281400 ) ) ;
#1184 = CARTESIAN_POINT ( 'NONE',  ( 7.705848123918121600, 2.156496151855008300, 70.44951892045811800 ) ) ;
#1185 = CARTESIAN_POINT ( 'NONE',  ( -7.312499999999926300, 5.500000000000005300, -35.00000000000000000 ) ) ;
#1186 = ORIENTED_EDGE ( 'NONE', *, *, #2097, .F. ) ;
#1187 = CARTESIAN_POINT ( 'NONE',  ( 7.660525982613998000, -3.348687647808161700, -91.60000000000000900 ) ) ;
#1188 = CARTESIAN_POINT ( 'NONE',  ( -7.602915447870597800, 2.859445760795120700, -64.99999999999995700 ) ) ;
#1189 = CARTESIAN_POINT ( 'NONE',  ( -7.931666547352816300, 0.7096218129894285000, 23.04838997685159900 ) ) ;
#1190 = CARTESIAN_POINT ( 'NONE',  ( 6.759200990390687600, 2.650552092334512700, 70.33466533855343500 ) ) ;
#1191 = CARTESIAN_POINT ( 'NONE',  ( 5.622819114621520100, -0.9985021857482939700, 91.59999999999993700 ) ) ;
#1192 = CARTESIAN_POINT ( 'NONE',  ( -6.407476991347506300, -0.2454133121814425800, -91.59999999999998000 ) ) ;
#1193 = CARTESIAN_POINT ( 'NONE',  ( 1.524958185466646500, -1.261291078911410200, -84.96418725079072900 ) ) ;
#1194 = CARTESIAN_POINT ( 'NONE',  ( -4.271932095550065300, 0.4452848607874442800, -91.60000000000006500 ) ) ;
#1195 = CARTESIAN_POINT ( 'NONE',  ( 5.249758284066310000, -3.443762529998077900, -23.95332616803729300 ) ) ;
#1196 = CARTESIAN_POINT ( 'NONE',  ( 7.062499999999927200, 4.375000000000001800, 55.01473523173899600 ) ) ;
#1197 = FACE_OUTER_BOUND ( 'NONE', #1028, .T. ) ;
#1198 = CARTESIAN_POINT ( 'NONE',  ( 5.129514063270048200, -3.379163543254514400, -2.008012070217357200 ) ) ;
#1199 = B_SPLINE_CURVE_WITH_KNOTS ( 'NONE', 3,
 ( #5323, #4090, #1985, #797 ),
 .UNSPECIFIED., .F., .F.,
 ( 4, 4 ),
 ( 0.0000000000000000000, 0.8623188966464435700 ),
 .UNSPECIFIED. ) ;
#1200 = DIRECTION ( 'NONE',  ( 0.0000000000000000000, 0.0000000000000000000, -1.000000000000000000 ) ) ;
#1201 = CARTESIAN_POINT ( 'NONE',  ( -4.723407679269733700, -2.156834118140998700, 91.60000000000002300 ) ) ;
#1202 = CARTESIAN_POINT ( 'NONE',  ( 6.710182377969689900, 0.5042968166443385600, 86.34454089731272600 ) ) ;
#1203 = CARTESIAN_POINT ( 'NONE',  ( 12.04091100025431200, -3.441830638634747700, -67.60260835014685200 ) ) ;
#1204 = CARTESIAN_POINT ( 'NONE',  ( -2.649311318998816700, -0.6477401337526967900, 0.0000000000000000000 ) ) ;
#1205 = CARTESIAN_POINT ( 'NONE',  ( 6.180691586555612500, 1.550711455375574300, 80.95736896577535900 ) ) ;
#1206 = AXIS2_PLACEMENT_3D ( 'NONE', #1687, #4927, #2905 ) ;
#1207 = CARTESIAN_POINT ( 'NONE',  ( 6.702317010732246100, 1.256013156907107800, 64.99999999999998600 ) ) ;
#1208 = CARTESIAN_POINT ( 'NONE',  ( 0.9505398672268596800, -2.539947132595493000, -98.75440387098350900 ) ) ;
#1209 = CARTESIAN_POINT ( 'NONE',  ( -0.5700240368393139100, -1.498465376580942600, -91.59999999999999400 ) ) ;
#1210 = CARTESIAN_POINT ( 'NONE',  ( -3.038397187213422300, 0.3163165766397309500, -91.60000000000005100 ) ) ;
#1211 = CARTESIAN_POINT ( 'NONE',  ( -6.282735820929575600, 0.4417012794083413100, 42.86279592904925600 ) ) ;
#1212 = CARTESIAN_POINT ( 'NONE',  ( -7.450453215317784500, 2.066376901069473200, -75.89785197517363700 ) ) ;
#1213 = CARTESIAN_POINT ( 'NONE',  ( 0.7804791820197343200, 1.404412074653758500, -5.445047098098835500 ) ) ;
#1214 = CARTESIAN_POINT ( 'NONE',  ( -4.201794849009997900, -2.927145452471276800, 24.24837447618146800 ) ) ;
#1215 = CARTESIAN_POINT ( 'NONE',  ( -12.09260896911150600, -3.399832857539963900, 67.56255582145651300 ) ) ;
#1216 = CARTESIAN_POINT ( 'NONE',  ( 6.325112109241051600, -0.2501229010015084700, 91.59999999999998000 ) ) ;
#1217 = CARTESIAN_POINT ( 'NONE',  ( 12.13066365381073600, -3.289735958407718400, -64.99999999999998600 ) ) ;
#1218 = CARTESIAN_POINT ( 'NONE',  ( 8.968147686887594000, -3.403654418518375000, -84.90682906820326500 ) ) ;
#1219 = CARTESIAN_POINT ( 'NONE',  ( 0.2003605797935595100, 1.809459859870980800, 0.0000000000000000000 ) ) ;
#1220 = CARTESIAN_POINT ( 'NONE',  ( 5.386200802149455800, 1.023707619174317100, 86.23600614581225400 ) ) ;
#1221 = CARTESIAN_POINT ( 'NONE',  ( 6.134730578843367300, -0.1174847599364391100, 80.96244705971561500 ) ) ;
#1222 = CARTESIAN_POINT ( 'NONE',  ( 5.500000000000000000, -3.500000000000000000, -101.5999999999999900 ) ) ;
#1223 = CARTESIAN_POINT ( 'NONE',  ( 2.363803043902819500, 0.6939293055735059600, -65.00000000000001400 ) ) ;
#1224 = CARTESIAN_POINT ( 'NONE',  ( -0.5122998450535689600, 1.040737583510074500, -79.59022003946365900 ) ) ;
#1225 = CARTESIAN_POINT ( 'NONE',  ( 13.36064268990514000, -3.490970175769123200, -23.02601229959659800 ) ) ;
#1226 = CARTESIAN_POINT ( 'NONE',  ( -0.4861509506967343100, 2.597976161845658700, 34.99999999999999300 ) ) ;
#1227 = ORIENTED_EDGE ( 'NONE', *, *, #2433, .F. ) ;
#1228 = CARTESIAN_POINT ( 'NONE',  ( 3.863359722776050600, 1.234244328588178100, -65.00000000000001400 ) ) ;
#1229 = DIRECTION ( 'NONE',  ( 0.0000000000000000000, 0.0000000000000000000, 1.000000000000000000 ) ) ;
#1230 = CARTESIAN_POINT ( 'NONE',  ( -12.16059538358808800, -3.314580652250296300, 65.00000000000000000 ) ) ;
#1231 = CARTESIAN_POINT ( 'NONE',  ( 6.463439892644075300, 0.8611738803630938400, 86.33203674871680300 ) ) ;
#1232 = ORIENTED_EDGE ( 'NONE', *, *, #4144, .F. ) ;
#1233 = CARTESIAN_POINT ( 'NONE',  ( 0.0000000000000000000, 3.500000000000000000, 0.0000000000000000000 ) ) ;
#1234 = EDGE_CURVE ( 'NONE', #767, #3804, #534, .T. ) ;
#1235 = CARTESIAN_POINT ( 'NONE',  ( 8.966830572098949400, -3.408811202317005900, -84.90824451094567800 ) ) ;
#1236 = CARTESIAN_POINT ( 'NONE',  ( -5.249758284066310000, -3.443762529998077900, 23.95332616803729300 ) ) ;
#1237 = CARTESIAN_POINT ( 'NONE',  ( 5.953228839345233500, 2.654282025366034900, 70.23201229162448600 ) ) ;
#1238 = CARTESIAN_POINT ( 'NONE',  ( 6.718973794289101200, 0.7754125465397886400, 70.33708468698097200 ) ) ;
#1239 = CARTESIAN_POINT ( 'NONE',  ( -0.2578722279359448300, -2.091461178630876500, -99.85288951088232100 ) ) ;
#1240 = CARTESIAN_POINT ( 'NONE',  ( -1.627636353377647700, 2.783690462045981500, -65.00000000000000000 ) ) ;
#1241 = CARTESIAN_POINT ( 'NONE',  ( 5.761298375246422400, -0.7140461511498397100, -64.99999999999998600 ) ) ;
#1242 = CARTESIAN_POINT ( 'NONE',  ( -5.500000000000000000, -3.500000000000000000, 101.5999999999999900 ) ) ;
#1243 = CARTESIAN_POINT ( 'NONE',  ( 1.316889408065761600, 1.549138817828105400, 64.99999999999992900 ) ) ;
#1244 = CARTESIAN_POINT ( 'NONE',  ( -5.755195802161717100, 4.375000000000001800, -55.02539745077142900 ) ) ;
#1245 = CARTESIAN_POINT ( 'NONE',  ( -4.201794849009997900, -2.927145452471277200, 0.0000000000000000000 ) ) ;
#1246 = CARTESIAN_POINT ( 'NONE',  ( -12.08198841530765000, -3.415545570737652100, 67.56723080569810200 ) ) ;
#1247 = CARTESIAN_POINT ( 'NONE',  ( 6.713003406523920800, 0.4958160658467275500, 86.34460834452320900 ) ) ;
#1248 = CARTESIAN_POINT ( 'NONE',  ( -0.1623420578244355900, -1.834828462090690900, 99.99050645971205100 ) ) ;
#1249 = CARTESIAN_POINT ( 'NONE',  ( 7.658569403120310400, -3.454159413723937500, -91.60000000000005100 ) ) ;
#1250 = PERSON_AND_ORGANIZATION ( #3553, #851 ) ;
#1251 = DIRECTION ( 'NONE',  ( 0.9143797892797629300, 0.4048575069783149600, -0.0000000000000000000 ) ) ;
#1252 = CARTESIAN_POINT ( 'NONE',  ( 5.883402976679949600, 1.025356480097562300, 86.27990027058136500 ) ) ;
#1253 = CARTESIAN_POINT ( 'NONE',  ( 6.900217625002943200, 0.7872052373602341800, 70.35203746416755200 ) ) ;
#1254 =( LENGTH_UNIT ( ) NAMED_UNIT ( * ) SI_UNIT ( .MILLI., .METRE. ) );
#1255 = ORIENTED_EDGE ( 'NONE', *, *, #3607, .T. ) ;
#1256 = CARTESIAN_POINT ( 'NONE',  ( 5.251260140644793900, 0.08365937844901308300, -70.80212474772787300 ) ) ;
#1257 = CARTESIAN_POINT ( 'NONE',  ( 9.690464521148044200, -2.453752593685040800, -64.99999999999994300 ) ) ;
#1258 = CARTESIAN_POINT ( 'NONE',  ( 0.1180673349359078600, -0.2896717723429190800, 91.60000000000002300 ) ) ;
#1259 = CARTESIAN_POINT ( 'NONE',  ( -4.616661032676786300, -1.493951747401085500, -96.61767322535457900 ) ) ;
#1260 = CARTESIAN_POINT ( 'NONE',  ( 7.627423708357715900, 2.884069422438128200, 65.00000000000001400 ) ) ;
#1261 = CYLINDRICAL_SURFACE ( 'NONE', #3047, 2.500000000000000000 ) ;
#1262 = CARTESIAN_POINT ( 'NONE',  ( 12.34177851702005000, -3.011075928254519000, -52.50881159439824600 ) ) ;
#1263 = EDGE_CURVE ( 'NONE', #3979, #690, #4218, .T. ) ;
#1264 = CARTESIAN_POINT ( 'NONE',  ( -12.01666568611428900, -3.468966218542814100, 70.11877911437804300 ) ) ;
#1265 = CARTESIAN_POINT ( 'NONE',  ( 7.802706564120370600, 2.109461425837337400, 65.00000000000002800 ) ) ;
#1266 = CARTESIAN_POINT ( 'NONE',  ( -6.046354220889855700, -0.8316411299300952000, -91.59999999999968200 ) ) ;
#1267 = CARTESIAN_POINT ( 'NONE',  ( 4.905262923823018500, -0.09214121221553189800, 98.33504544664333500 ) ) ;
#1268 = CARTESIAN_POINT ( 'NONE',  ( 12.17833066966497300, -3.429358790249550400, -65.00000000000000000 ) ) ;
#1269 = CARTESIAN_POINT ( 'NONE',  ( -0.9977608108123169300, 4.286552377158776600, 44.89581496232038700 ) ) ;
#1270 = CARTESIAN_POINT ( 'NONE',  ( -2.784743616428259700, 0.9454610534041878500, 71.87688641509738800 ) ) ;
#1271 = AXIS2_PLACEMENT_3D ( 'NONE', #3010, #2539, #3775 ) ;
#1272 = CARTESIAN_POINT ( 'NONE',  ( 7.517686572087437300, 0.8303959714752510200, 75.80340039903732900 ) ) ;
#1273 = PERSON_AND_ORGANIZATION_ROLE ( 'creator' ) ;
#1274 = CARTESIAN_POINT ( 'NONE',  ( -5.929178605221165900, -0.9109617970203784900, -91.59999999999976700 ) ) ;
#1275 = CARTESIAN_POINT ( 'NONE',  ( 3.451686225393161900, 1.316883167569708800, -64.99999999999995700 ) ) ;
#1276 = CARTESIAN_POINT ( 'NONE',  ( 10.11465797579507600, -3.496319897800611800, -78.31748053202910900 ) ) ;
#1277 = CARTESIAN_POINT ( 'NONE',  ( -5.500000000000000000, -3.500000000000000000, 101.5999999999999900 ) ) ;
#1278 = CARTESIAN_POINT ( 'NONE',  ( -5.354029437801478300, -1.000000000000003600, -91.59999999999998000 ) ) ;
#1279 = CARTESIAN_POINT ( 'NONE',  ( 8.208273516211974700, 3.323024600393545700, 35.00000000000002800 ) ) ;
#1280 = CARTESIAN_POINT ( 'NONE',  ( 13.36243348000059700, -3.501910596087584700, -34.99999999999994300 ) ) ;
#1281 = CARTESIAN_POINT ( 'NONE',  ( 7.312499999999926300, 5.500000000000005300, 23.25785260307938500 ) ) ;
#1282 = CARTESIAN_POINT ( 'NONE',  ( -7.664777994001474900, -3.357250790381801000, 91.60000000000000900 ) ) ;
#1283 = EDGE_LOOP ( 'NONE', ( #894, #3594 ) ) ;
#1284 = CARTESIAN_POINT ( 'NONE',  ( 7.172288267921467200, 2.624999941600651100, 70.40640833689933200 ) ) ;
#1285 = CARTESIAN_POINT ( 'NONE',  ( -1.051946111419579200, -0.9122608394840346900, 93.64086251607868400 ) ) ;
#1286 = DIRECTION ( 'NONE',  ( -0.0000000000000000000, -1.000000000000000000, -0.0000000000000000000 ) ) ;
#1287 = ORIENTED_EDGE ( 'NONE', *, *, #4736, .T. ) ;
#1288 = CIRCLE ( 'NONE', #2883, 1.250000000000002000 ) ;
#1289 = CARTESIAN_POINT ( 'NONE',  ( -0.9977608108123169300, 4.286552377158776600, 35.00000000000000000 ) ) ;
#1290 = CARTESIAN_POINT ( 'NONE',  ( 2.573829701236715300, 2.444384813700364800, 69.64105014963634200 ) ) ;
#1291 = CARTESIAN_POINT ( 'NONE',  ( 6.016761859077306900, -0.8547670558196852600, 91.59999999999971000 ) ) ;
#1292 = ORIENTED_EDGE ( 'NONE', *, *, #44, .F. ) ;
#1293 = CARTESIAN_POINT ( 'NONE',  ( 6.611135288043255900, -0.3465895580636743600, -67.71014774712655500 ) ) ;
#1294 = CARTESIAN_POINT ( 'NONE',  ( 6.492019446535257600, -1.152630283107153500, -67.67469631294950700 ) ) ;
#1295 = DIRECTION ( 'NONE',  ( -0.0000000000000000000, -1.000000000000000000, -0.0000000000000000000 ) ) ;
#1296 = CARTESIAN_POINT ( 'NONE',  ( 7.380514762011962700, 2.140148145524146900, 55.01816993512505900 ) ) ;
#1297 = CARTESIAN_POINT ( 'NONE',  ( 10.90229518007885000, -1.459944882438274800, -35.00000000000002800 ) ) ;
#1298 = CARTESIAN_POINT ( 'NONE',  ( 3.808764071486309400, 0.1250870961561772700, -0.0000000000000000000 ) ) ;
#1299 = CARTESIAN_POINT ( 'NONE',  ( -4.450010134575926200, -0.1705472125655154700, -97.49799919643973600 ) ) ;
#1300 = CARTESIAN_POINT ( 'NONE',  ( 6.491159178883281200, 2.243238944795370200, 75.78234551818705700 ) ) ;
#1301 = CARTESIAN_POINT ( 'NONE',  ( -7.674438083966977700, -3.353084818829482400, 91.60000000000003700 ) ) ;
#1302 = AXIS2_PLACEMENT_3D ( 'NONE', #2892, #2057, #831 ) ;
#1303 = CARTESIAN_POINT ( 'NONE',  ( 12.10247170129589900, -3.496575226439445000, -65.00000000000000000 ) ) ;
#1304 = CARTESIAN_POINT ( 'NONE',  ( 7.312499999999928100, 5.500000000000001800, 35.00000000000000000 ) ) ;
#1305 = CARTESIAN_POINT ( 'NONE',  ( 1.426603860347402500, 2.283645218729234200, 69.39108366916887900 ) ) ;
#1306 = CARTESIAN_POINT ( 'NONE',  ( 7.175992699332614900, 1.318462426678195900, 65.00000000000000000 ) ) ;
#1307 = ORIENTED_EDGE ( 'NONE', *, *, #222, .F. ) ;
#1308 = CARTESIAN_POINT ( 'NONE',  ( -5.903003819886094100, -0.9244383766664797700, -91.59999999999979500 ) ) ;
#1309 = CARTESIAN_POINT ( 'NONE',  ( 1.549109481728525600, -0.1821429487173759100, -85.09628864732030700 ) ) ;
#1310 = CARTESIAN_POINT ( 'NONE',  ( 8.106097407930771900, -3.274669800041051500, -84.95843284160471900 ) ) ;
#1311 = CARTESIAN_POINT ( 'NONE',  ( -3.111995562092119800, -1.515155730498627600, 91.60000000000003700 ) ) ;
#1312 = DIRECTION ( 'NONE',  ( 0.0000000000000000000, 0.0000000000000000000, 1.000000000000000000 ) ) ;
#1313 = APPROVAL_DATE_TIME ( #2409, #150 ) ;
#1314 = CARTESIAN_POINT ( 'NONE',  ( 6.812499999999925400, 3.249999999999999600, 65.00000000000000000 ) ) ;
#1315 = CARTESIAN_POINT ( 'NONE',  ( -4.499012324611739700, 0.3948857285778399900, -3.169233004759167900 ) ) ;
#1316 = CARTESIAN_POINT ( 'NONE',  ( 7.534388538139571900, 5.500000000000005300, 35.00000000000000000 ) ) ;
#1317 = CARTESIAN_POINT ( 'NONE',  ( -6.309556087293147500, 0.9514826321274622000, -86.32099703813032900 ) ) ;
#1318 = CARTESIAN_POINT ( 'NONE',  ( -0.1180673349359078600, -0.2896717723429190800, -91.60000000000002300 ) ) ;
#1319 = CARTESIAN_POINT ( 'NONE',  ( 7.606051203565474600, 2.855349444061943100, 64.99999999999994300 ) ) ;
#1320 = CIRCLE ( 'NONE', #4777, 1.250000000000004700 ) ;
#1321 = CARTESIAN_POINT ( 'NONE',  ( -6.486849587866337300, -3.516968981466880100, 96.76894068899616700 ) ) ;
#1322 = CARTESIAN_POINT ( 'NONE',  ( 6.812499999999925400, 2.250000000000000000, 65.00000000000000000 ) ) ;
#1323 = DIRECTION ( 'NONE',  ( 0.0000000000000000000, 0.0000000000000000000, -1.000000000000000000 ) ) ;
#1324 = CARTESIAN_POINT ( 'NONE',  ( -3.111811958087539000, 1.447461528581468000, 64.99999999999995700 ) ) ;
#1325 = CARTESIAN_POINT ( 'NONE',  ( 7.494276574226447900, 1.096134171162186800, 70.40484003620059600 ) ) ;
#1326 = CARTESIAN_POINT ( 'NONE',  ( 2.968505665854463100, -0.7319335564640252500, -84.96906562615633600 ) ) ;
#1327 = CARTESIAN_POINT ( 'NONE',  ( -7.131227184418840200, 1.187187843435921800, -81.08971980031125800 ) ) ;
#1328 = CARTESIAN_POINT ( 'NONE',  ( -5.802315442584281300, -3.122671246747942100, 96.81852066005116300 ) ) ;
#1329 = CARTESIAN_POINT ( 'NONE',  ( -0.5353257536380956500, -1.748174874056613600, 91.59999999999998000 ) ) ;
#1330 = CARTESIAN_POINT ( 'NONE',  ( -5.500017139085892700, 1.498826231819932600, 0.0000000000000000000 ) ) ;
#1331 = CARTESIAN_POINT ( 'NONE',  ( -2.884000853482684400, 0.08851395560837255200, -4.686832848589429700 ) ) ;
#1332 = EDGE_CURVE ( 'NONE', #1509, #3220, #1058, .T. ) ;
#1333 = CARTESIAN_POINT ( 'NONE',  ( -7.555681281594739400, 2.917680725551460100, -64.99999999999997200 ) ) ;
#1334 = CARTESIAN_POINT ( 'NONE',  ( 1.051946111419579200, -0.9122608394840346900, -93.64086251607868400 ) ) ;
#1335 = CARTESIAN_POINT ( 'NONE',  ( 6.321547218145928700, 0.9461643315097270100, 86.32193368613218400 ) ) ;
#1336 = CARTESIAN_POINT ( 'NONE',  ( -5.500000000000000000, -3.500000000000000000, 101.5999999999999900 ) ) ;
#1337 = CARTESIAN_POINT ( 'NONE',  ( 7.617713430617347300, -3.490099978400008400, -91.59999999999999400 ) ) ;
#1338 = CARTESIAN_POINT ( 'NONE',  ( -11.71418783918148400, -3.052541683012570700, 65.00000000000000000 ) ) ;
#1339 = CARTESIAN_POINT ( 'NONE',  ( -0.4638402098388116900, 0.1633446177157856200, 85.26167146045253300 ) ) ;
#1340 = CARTESIAN_POINT ( 'NONE',  ( -6.741274551379077300, 0.1163128901909287100, -86.34165174815589700 ) ) ;
#1341 = CARTESIAN_POINT ( 'NONE',  ( 7.567520566074685800, 1.182952985592119000, 70.41269793781570700 ) ) ;
#1342 = CARTESIAN_POINT ( 'NONE',  ( 7.544471992872605200, -1.001070964203598000, -70.25970356848381500 ) ) ;
#1343 = CARTESIAN_POINT ( 'NONE',  ( -7.709352251312362000, 2.148783166107241600, -70.44958147240132000 ) ) ;
#1344 = CARTESIAN_POINT ( 'NONE',  ( -6.606449870277383100, -2.938046997172626600, 91.98338414595545500 ) ) ;
#1345 = CARTESIAN_POINT ( 'NONE',  ( -2.546598028731186700, -0.7830419820585996500, 78.32612178581754800 ) ) ;
#1346 = CARTESIAN_POINT ( 'NONE',  ( 5.566735720084823300, 0.4999544664027813500, 91.59999999999999400 ) ) ;
#1347 = CARTESIAN_POINT ( 'NONE',  ( -5.499008483895957000, 1.441787242512382300, -0.1064815977745409000 ) ) ;
#1348 = CARTESIAN_POINT ( 'NONE',  ( -0.03834867992640955700, 2.685545651007120100, 35.00000000000002100 ) ) ;
#1349 = CARTESIAN_POINT ( 'NONE',  ( -6.315547847263595700, 0.9488544414885336000, -86.32146666599072700 ) ) ;
#1350 = CARTESIAN_POINT ( 'NONE',  ( 5.500000000000000000, -3.500000000000000000, -101.5999999999999900 ) ) ;
#1351 = ORIENTED_EDGE ( 'NONE', *, *, #3975, .T. ) ;
#1352 = CARTESIAN_POINT ( 'NONE',  ( -5.500000000000000000, -3.500000000000000000, 101.5999999999999900 ) ) ;
#1353 = ORIENTED_EDGE ( 'NONE', *, *, #3193, .T. ) ;
#1354 = CARTESIAN_POINT ( 'NONE',  ( 10.15414213913295100, -3.501729322662282300, -78.30777135554414800 ) ) ;
#1355 = CARTESIAN_POINT ( 'NONE',  ( -4.354138438173416500, 0.1831904700945267700, -80.61705262769399400 ) ) ;
#1356 = CARTESIAN_POINT ( 'NONE',  ( 5.499834580438649000, 1.475455863458865300, 0.04395662302204639300 ) ) ;
#1357 = CARTESIAN_POINT ( 'NONE',  ( -6.698493249432847700, -0.5749753268492728800, 70.39657582580939300 ) ) ;
#1358 = CARTESIAN_POINT ( 'NONE',  ( 7.021315832317331900, 0.2553580612880960700, 81.04997535485736600 ) ) ;
#1359 = CARTESIAN_POINT ( 'NONE',  ( -8.957567782643190300, -3.432532790867731000, 84.91664208830303600 ) ) ;
#1360 = CARTESIAN_POINT ( 'NONE',  ( 7.073953504114558500, -0.7638466909734974400, -70.33202004421448800 ) ) ;
#1361 = CARTESIAN_POINT ( 'NONE',  ( -7.126132036583678400, 2.313221918943848500, -75.88993219447084500 ) ) ;
#1362 = CARTESIAN_POINT ( 'NONE',  ( -7.679627717177846900, -3.433820798119975300, 91.59999999999999400 ) ) ;
#1363 = CARTESIAN_POINT ( 'NONE',  ( 0.0000000000000000000, -3.500000000000000000, 0.0000000000000000000 ) ) ;
#1364 = DIRECTION ( 'NONE',  ( 0.0000000000000000000, 1.000000000000000000, -0.0000000000000000000 ) ) ;
#1365 = ORIENTED_EDGE ( 'NONE', *, *, #5013, .F. ) ;
#1366 = CARTESIAN_POINT ( 'NONE',  ( 4.140803634213592800, 1.470674568676444400, -35.00000000000001400 ) ) ;
#1367 = CARTESIAN_POINT ( 'NONE',  ( -7.598163299628895500, 2.865559062002140100, -64.99999999999997200 ) ) ;
#1368 = DIRECTION ( 'NONE',  ( 0.0000000000000000000, 0.0000000000000000000, -1.000000000000000000 ) ) ;
#1369 = CARTESIAN_POINT ( 'NONE',  ( -5.500000000000000000, -3.500000000000000000, 101.5999999999999900 ) ) ;
#1370 = AXIS2_PLACEMENT_3D ( 'NONE', #3298, #4549, #1701 ) ;
#1371 = CARTESIAN_POINT ( 'NONE',  ( 5.210932498510611100, -3.429072555626031500, -0.0000000000000000000 ) ) ;
#1372 = CARTESIAN_POINT ( 'NONE',  ( -0.9835666426009925800, -0.6531093931092922800, -85.47453116563227100 ) ) ;
#1373 = CARTESIAN_POINT ( 'NONE',  ( -13.41013580006597300, -3.291519326522031700, 35.00000000000000000 ) ) ;
#1374 = CARTESIAN_POINT ( 'NONE',  ( -3.243725878551087400, -0.07588453309606539600, 78.54072908368480900 ) ) ;
#1375 = CARTESIAN_POINT ( 'NONE',  ( 6.059382324865863400, -0.8207927445222676900, 91.59999999999968200 ) ) ;
#1376 = CARTESIAN_POINT ( 'NONE',  ( -12.18352647707713600, -3.409510262146695100, 65.00000000000000000 ) ) ;
#1377 = CIRCLE ( 'NONE', #4860, 2.500000000000000000 ) ;
#1378 = CARTESIAN_POINT ( 'NONE',  ( 7.450818845113680300, -0.7939009660209788200, -67.64633856719345300 ) ) ;
#1379 = CARTESIAN_POINT ( 'NONE',  ( -7.335949078964521400, 2.184587085928809000, -75.89769668342718500 ) ) ;
#1380 = CARTESIAN_POINT ( 'NONE',  ( -7.635275507536288600, -3.316365334926254500, 91.59999999999998000 ) ) ;
#1381 = CARTESIAN_POINT ( 'NONE',  ( 7.312499999999926300, 5.500000000000005300, 35.00000000000000000 ) ) ;
#1382 = CARTESIAN_POINT ( 'NONE',  ( -7.673837411060255900, 1.693134873432807600, -64.99999999999998600 ) ) ;
#1383 = CARTESIAN_POINT ( 'NONE',  ( -6.477560679311269000, 2.200571816618072800, -75.76491813733530000 ) ) ;
#1384 = CARTESIAN_POINT ( 'NONE',  ( 5.500000000000000000, -3.500000000000000000, -101.5999999999999900 ) ) ;
#1385 = CARTESIAN_POINT ( 'NONE',  ( 4.616661032676786300, -1.493951747401085500, 96.61767322535457900 ) ) ;
#1386 = CARTESIAN_POINT ( 'NONE',  ( 4.992806608092823100, -3.320580620601477000, -24.02336082407670000 ) ) ;
#1387 = CARTESIAN_POINT ( 'NONE',  ( -5.422186433844844400, 0.6318281322102052800, -75.34834741916859000 ) ) ;
#1388 = CARTESIAN_POINT ( 'NONE',  ( 5.461525616445960000, 1.146111165177060100, 0.6709004556189337400 ) ) ;
#1389 = CARTESIAN_POINT ( 'NONE',  ( -2.998950995238259100, 0.01813134663781901900, 78.59257729464060600 ) ) ;
#1390 = CARTESIAN_POINT ( 'NONE',  ( 7.349555190690622000, 1.408693220599892100, 65.00000000000000000 ) ) ;
#1391 = CARTESIAN_POINT ( 'NONE',  ( -7.607682799672765000, -3.494381338622723400, 91.59999999999999400 ) ) ;
#1392 = CARTESIAN_POINT ( 'NONE',  ( 7.040537843238975100, -0.7477110926982506500, -70.33712667903152700 ) ) ;
#1393 = CARTESIAN_POINT ( 'NONE',  ( -6.904354598862813200, 2.396899441540767400, -75.87102676846659200 ) ) ;
#1394 = CARTESIAN_POINT ( 'NONE',  ( -5.500000000000000000, -3.500000000000000000, 101.5999999999999900 ) ) ;
#1395 = CARTESIAN_POINT ( 'NONE',  ( -3.143835100110508500, 0.1092640972156425500, 70.84243535766847800 ) ) ;
#1396 = CARTESIAN_POINT ( 'NONE',  ( 10.07253748066759900, -2.622922021627566800, -65.00000000000000000 ) ) ;
#1397 = CARTESIAN_POINT ( 'NONE',  ( -5.815693118535804700, 0.4606982061924536600, -91.60000000000020700 ) ) ;
#1398 = CARTESIAN_POINT ( 'NONE',  ( 5.424495561112171200, -2.436013439694203700, -91.59999999999996600 ) ) ;
#1399 = CARTESIAN_POINT ( 'NONE',  ( -4.194904221485423100, -2.710598173594952700, 92.26053410948124200 ) ) ;
#1400 = CARTESIAN_POINT ( 'NONE',  ( 3.709654565632028300, 1.643812679281249500, -35.00000000000001400 ) ) ;
#1401 = CARTESIAN_POINT ( 'NONE',  ( -2.464566899254364800, -0.4547099936650947400, -85.78470724610939200 ) ) ;
#1402 = CARTESIAN_POINT ( 'NONE',  ( -12.18750309297847200, -3.437483214734717900, 64.99999999999994300 ) ) ;
#1403 = CARTESIAN_POINT ( 'NONE',  ( -5.162781236881126100, 0.3481630525693187300, 67.90072908368479400 ) ) ;
#1404 = APPROVAL ( #5091, 'UNSPECIFIED' ) ;
#1405 = CARTESIAN_POINT ( 'NONE',  ( 7.047064359038182100, 0.2915741350477837300, 81.05318348199435300 ) ) ;
#1406 = CARTESIAN_POINT ( 'NONE',  ( -11.90239876217470900, -3.470295008435116700, 70.18610862025423100 ) ) ;
#1407 = CARTESIAN_POINT ( 'NONE',  ( 7.126188783889153600, -0.6198402251271233300, -67.66847104652882200 ) ) ;
#1408 = CARTESIAN_POINT ( 'NONE',  ( -7.117099646191263700, 1.213687074382420800, -81.08952989242389700 ) ) ;
#1409 = CARTESIAN_POINT ( 'NONE',  ( -7.113311680673986900, -3.387968071670915300, 91.59999999999998000 ) ) ;
#1410 = CARTESIAN_POINT ( 'NONE',  ( -3.575198992685486600, 0.09187056109056887500, 67.80050017507353700 ) ) ;
#1411 = CARTESIAN_POINT ( 'NONE',  ( 6.611995560608952400, -2.908886317389230300, -91.59999999999998000 ) ) ;
#1412 = ORIENTED_EDGE ( 'NONE', *, *, #4009, .T. ) ;
#1413 = CARTESIAN_POINT ( 'NONE',  ( 11.41460097594134200, -3.217143905437039700, -64.99999999999998600 ) ) ;
#1414 = CARTESIAN_POINT ( 'NONE',  ( -5.854519652896589000, 0.4455999427191610400, -91.60000000000023600 ) ) ;
#1415 = CARTESIAN_POINT ( 'NONE',  ( 5.500000000000000000, -3.500000000000000000, -101.5999999999999900 ) ) ;
#1416 = CARTESIAN_POINT ( 'NONE',  ( -6.890020587540935700, -3.349963192196080600, 91.95239495313916200 ) ) ;
#1417 = CARTESIAN_POINT ( 'NONE',  ( 2.639751221370270100, -2.150212758095498600, -22.88156924917728200 ) ) ;
#1418 = CARTESIAN_POINT ( 'NONE',  ( -3.725168442233047500, -1.057080620693898700, -91.60000000000005100 ) ) ;
#1419 = CARTESIAN_POINT ( 'NONE',  ( 3.630267525174327000, 0.2568862225799827300, 4.148575769901597700 ) ) ;
#1420 = CARTESIAN_POINT ( 'NONE',  ( -6.583272169237727000, -0.5184448742554737000, 70.42064639903445300 ) ) ;
#1421 = CARTESIAN_POINT ( 'NONE',  ( 7.222756915760602900, 0.7957333966674259300, 81.08330349631201300 ) ) ;
#1422 = CARTESIAN_POINT ( 'NONE',  ( -12.11063020378982600, -3.494048693186965000, 65.00000000000000000 ) ) ;
#1423 = CARTESIAN_POINT ( 'NONE',  ( -6.016761859077306900, -0.8547670558196852600, -91.59999999999971000 ) ) ;
#1424 = CARTESIAN_POINT ( 'NONE',  ( 12.13144498441480000, -3.290180947385321600, -65.00000000000000000 ) ) ;
#1425 = CARTESIAN_POINT ( 'NONE',  ( -6.649510058718241200, 0.6492244923499722600, -86.34249386090320400 ) ) ;
#1426 = CARTESIAN_POINT ( 'NONE',  ( -5.509145014202041500, -2.988072363667311200, 91.60000000000000900 ) ) ;
#1427 = CARTESIAN_POINT ( 'NONE',  ( 6.477560679311269000, 2.200571816618072800, 75.76491813733530000 ) ) ;
#1428 = EDGE_CURVE ( 'NONE', #690, #2134, #3371, .T. ) ;
#1429 = CARTESIAN_POINT ( 'NONE',  ( -2.403044682135500000, -0.7317497319137694600, 78.37785311825048500 ) ) ;
#1430 = CARTESIAN_POINT ( 'NONE',  ( 4.304526336598703700, -2.561876484896953100, -97.16832572760701200 ) ) ;
#1431 = CARTESIAN_POINT ( 'NONE',  ( -7.214640117858346400, 4.375000000000001800, -55.01631114997885400 ) ) ;
#1432 = CARTESIAN_POINT ( 'NONE',  ( -6.759200990390687600, 2.650552092334512700, -70.33466533855343500 ) ) ;
#1433 = CARTESIAN_POINT ( 'NONE',  ( 7.424495560152087700, -3.232430917835104300, -91.59999999999998000 ) ) ;
#1434 = CARTESIAN_POINT ( 'NONE',  ( -4.702420886933732700, 0.4191362411863028800, -2.854119033140118100 ) ) ;
#1435 = PERSON_AND_ORGANIZATION ( #3553, #851 ) ;
#1436 = CARTESIAN_POINT ( 'NONE',  ( -7.547424335277528800, 1.567547782638999900, -65.00000000000000000 ) ) ;
#1437 = CARTESIAN_POINT ( 'NONE',  ( -5.500000000000000000, -3.500000000000000000, 101.5999999999999900 ) ) ;
#1438 = AXIS2_PLACEMENT_3D ( 'NONE', #2104, #4933, #3326 ) ;
#1439 = CARTESIAN_POINT ( 'NONE',  ( 3.751148974479190400, -2.703002216448096500, -0.0000000000000000000 ) ) ;
#1440 = CARTESIAN_POINT ( 'NONE',  ( -6.166999980417624100, -0.1203858579863107500, -80.96584826533941700 ) ) ;
#1441 = DIRECTION ( 'NONE',  ( 0.0000000000000000000, 1.000000000000000000, 0.0000000000000000000 ) ) ;
#1442 = FACE_OUTER_BOUND ( 'NONE', #4864, .T. ) ;
#1443 = CARTESIAN_POINT ( 'NONE',  ( -7.326638908209793600, -0.8912444047144534300, 70.29274089193096100 ) ) ;
#1444 = CARTESIAN_POINT ( 'NONE',  ( 6.291034701034318400, -0.4745089486237626400, 91.59999999999982400 ) ) ;
#1445 = CARTESIAN_POINT ( 'NONE',  ( 12.13614637825615400, -3.293025317545518000, -65.00000000000000000 ) ) ;
#1446 = CARTESIAN_POINT ( 'NONE',  ( -6.324582636386352000, -0.2756453762229534300, -91.59999999999996600 ) ) ;
#1447 = CARTESIAN_POINT ( 'NONE',  ( -5.500000000000000000, -3.500000000000000000, 101.5999999999999900 ) ) ;
#1448 = CARTESIAN_POINT ( 'NONE',  ( 6.003952575724813600, 0.3651114665314460500, 91.60000000000029300 ) ) ;
#1449 = CARTESIAN_POINT ( 'NONE',  ( -2.110753363627321500, 0.7745193499756066700, 65.00000000000001400 ) ) ;
#1450 = ADVANCED_FACE ( 'NONE', ( #2640, #2101 ), #4077, .T. ) ;
#1451 = CARTESIAN_POINT ( 'NONE',  ( 7.635275507536288600, -3.316365334926254500, -91.59999999999998000 ) ) ;
#1452 = CARTESIAN_POINT ( 'NONE',  ( 0.5353257536380956500, -1.748174874056613600, -91.59999999999998000 ) ) ;
#1453 = CARTESIAN_POINT ( 'NONE',  ( -6.996980864396083400, 3.233213221323628900, -65.00000000000000000 ) ) ;
#1454 = CARTESIAN_POINT ( 'NONE',  ( 7.674438083966977700, -3.353084818829482400, -91.60000000000003700 ) ) ;
#1455 = CARTESIAN_POINT ( 'NONE',  ( -2.235983043761152100, -0.08827933499768164700, -5.028192898475930800 ) ) ;
#1456 = CARTESIAN_POINT ( 'NONE',  ( -6.180303974165998000, -0.6969285755904497400, -91.59999999999968200 ) ) ;
#1457 = CARTESIAN_POINT ( 'NONE',  ( -5.500000000000000000, -3.500000000000000000, 101.5999999999999900 ) ) ;
#1458 = CARTESIAN_POINT ( 'NONE',  ( 7.550811680725583000, -3.497030537516179600, -91.59999999999999400 ) ) ;
#1459 = CARTESIAN_POINT ( 'NONE',  ( -6.779457238253163700, 1.250270901356918700, -64.99999999999998600 ) ) ;
#1460 = CARTESIAN_POINT ( 'NONE',  ( -4.249999999999999100, 1.500000000000000000, 0.0000000000000000000 ) ) ;
#1461 = CARTESIAN_POINT ( 'NONE',  ( -8.604527075602501200, -1.281505513253458300, 65.00000000000001400 ) ) ;
#1462 = CARTESIAN_POINT ( 'NONE',  ( 7.155992683948428000, 1.134641903022692600, 81.08981649104734400 ) ) ;
#1463 = CARTESIAN_POINT ( 'NONE',  ( -11.99522973029014100, -3.490438158462971800, 67.65408906791071800 ) ) ;
#1464 = CARTESIAN_POINT ( 'NONE',  ( 10.29298231911951200, -3.365499198823409100, -78.19846129354675700 ) ) ;
#1465 = CARTESIAN_POINT ( 'NONE',  ( -7.113782973692718100, 1.219601019862717000, -81.08947284924259700 ) ) ;
#1466 = CARTESIAN_POINT ( 'NONE',  ( -2.786977730623259000, -2.681073800383639000, 97.60811776492849400 ) ) ;
#1467 = CARTESIAN_POINT ( 'NONE',  ( 6.373585703283160000, 1.590411155545548900, 81.01363580137035600 ) ) ;
#1468 = CARTESIAN_POINT ( 'NONE',  ( -3.829416331527867100, -0.1584509771498687800, 70.40852046335473300 ) ) ;
#1469 = CARTESIAN_POINT ( 'NONE',  ( 7.549495560061596500, -3.282207010196621000, -91.59999999999998000 ) ) ;
#1470 = AXIS2_PLACEMENT_3D ( 'NONE', #4362, #5149, #1109 ) ;
#1471 = CARTESIAN_POINT ( 'NONE',  ( -7.516785843900743600, 4.310138884025779000, -55.01946298645856400 ) ) ;
#1472 = CARTESIAN_POINT ( 'NONE',  ( -6.749501333831178200, 2.650365843319332400, -70.33262691061068500 ) ) ;
#1473 = CARTESIAN_POINT ( 'NONE',  ( 6.671480752888114400, -3.298389122990891900, -91.96292660941169600 ) ) ;
#1474 = CARTESIAN_POINT ( 'NONE',  ( 12.21141010944020700, -2.416042901537755100, -23.02661838522486100 ) ) ;
#1475 = CARTESIAN_POINT ( 'NONE',  ( 5.175315884351128700, -0.1696569241813815600, 98.38101291942410900 ) ) ;
#1476 = DIRECTION ( 'NONE',  ( -0.0000000000000000000, -0.0000000000000000000, -1.000000000000000000 ) ) ;
#1477 = ADVANCED_FACE ( 'NONE', ( #354 ), #881, .T. ) ;
#1478 = CARTESIAN_POINT ( 'NONE',  ( -6.355334891166029000, -0.1186463835093369800, -80.98403245519902800 ) ) ;
#1479 = CARTESIAN_POINT ( 'NONE',  ( 0.0000000000000000000, -3.926777784743245500, 0.0000000000000000000 ) ) ;
#1480 = CARTESIAN_POINT ( 'NONE',  ( -1.703115776826649400, -0.9541274874104979100, 91.59999999999998000 ) ) ;
#1481 = ORIENTED_EDGE ( 'NONE', *, *, #4009, .F. ) ;
#1482 = CARTESIAN_POINT ( 'NONE',  ( 7.740567371011539200, 2.070259132719761500, 70.44981649104740000 ) ) ;
#1483 = ORIENTED_EDGE ( 'NONE', *, *, #112, .T. ) ;
#1484 = CARTESIAN_POINT ( 'NONE',  ( -12.05969905669766400, -3.499416878780418300, 65.00000000000000000 ) ) ;
#1485 = CARTESIAN_POINT ( 'NONE',  ( 8.957534317270070500, -3.338610833661416400, -84.89923064677337500 ) ) ;
#1486 = CARTESIAN_POINT ( 'NONE',  ( -6.637543125987060800, 2.363444543733380900, -75.82881275239206800 ) ) ;
#1487 = CARTESIAN_POINT ( 'NONE',  ( 4.438290311729540200, 2.735737333946334000, 5.871073698460308200 ) ) ;
#1488 = CARTESIAN_POINT ( 'NONE',  ( 7.493927004186798700, 2.981388297509371300, 64.99999999999997200 ) ) ;
#1489 = CARTESIAN_POINT ( 'NONE',  ( 3.304293724253680100, 1.319260032677619600, 69.73806104205688400 ) ) ;
#1490 = CARTESIAN_POINT ( 'NONE',  ( 2.716537252378629300, -2.030367111102608500, -97.92741852950052800 ) ) ;
#1491 = CARTESIAN_POINT ( 'NONE',  ( 2.590204796240931400, -0.7987684386529365600, -78.31033712664007900 ) ) ;
#1492 = CARTESIAN_POINT ( 'NONE',  ( -6.689801016756609500, 2.650605643743658000, -70.31980054116272100 ) ) ;
#1493 = CARTESIAN_POINT ( 'NONE',  ( 4.196645014294048800, -2.660884966193036000, -91.60000000000003700 ) ) ;
#1494 = CARTESIAN_POINT ( 'NONE',  ( 13.41771719429915600, -3.297056316320183800, -35.00000000000000000 ) ) ;
#1495 = CARTESIAN_POINT ( 'NONE',  ( -7.669208054007760300, 1.727546476458545800, -65.00000000000002800 ) ) ;
#1496 = CARTESIAN_POINT ( 'NONE',  ( 0.2839642420000842400, -1.001630237523277300, -5.499999999999990200 ) ) ;
#1497 = ORIENTED_EDGE ( 'NONE', *, *, #2910, .F. ) ;
#1498 = CARTESIAN_POINT ( 'NONE',  ( -5.401643454997826100, 2.056579181121865200, -5.464696221094448500 ) ) ;
#1499 = CARTESIAN_POINT ( 'NONE',  ( -6.153680748000009100, -0.1194890494787442400, -80.96444776770245300 ) ) ;
#1500 = DIRECTION ( 'NONE',  ( 0.0000000000000000000, 0.0000000000000000000, -1.000000000000000000 ) ) ;
#1501 = CARTESIAN_POINT ( 'NONE',  ( -1.642220718788473000, -0.9298785431207121600, 91.60000000000000900 ) ) ;
#1502 = CARTESIAN_POINT ( 'NONE',  ( 7.210214414293997000, 0.9368330561144021500, 81.08715264414978200 ) ) ;
#1503 = CARTESIAN_POINT ( 'NONE',  ( -12.04282393643056700, -3.495300514531104700, 65.00000000000000000 ) ) ;
#1504 = CARTESIAN_POINT ( 'NONE',  ( 9.145624514350323900, -1.826328535366277700, -70.09355696151260400 ) ) ;
#1505 = CARTESIAN_POINT ( 'NONE',  ( -6.609845030707455200, 2.350319778117861100, -75.82267771736425700 ) ) ;
#1506 = CARTESIAN_POINT ( 'NONE',  ( 5.763762000709626900, 0.5021256386628032400, 91.59999999999999400 ) ) ;
#1507 = CARTESIAN_POINT ( 'NONE',  ( 6.228788859718103600, 1.554842589628582500, 80.97466533855346400 ) ) ;
#1508 = EDGE_CURVE ( 'NONE', #387, #4059, #4161, .T. ) ;
#1509 = VERTEX_POINT ( 'NONE', #4978 ) ;
#1510 = CARTESIAN_POINT ( 'NONE',  ( 5.845549628002840100, -0.5570646902255138600, 86.28024563583517200 ) ) ;
#1511 = CARTESIAN_POINT ( 'NONE',  ( 5.721416156616150800, -3.310948840702010500, -96.80783556360094600 ) ) ;
#1512 = COORDINATED_UNIVERSAL_TIME_OFFSET ( 5, 30, .AHEAD. ) ;
#1513 = CARTESIAN_POINT ( 'NONE',  ( 3.987009998229922700, -0.07922085577355937600, -67.67033712664007800 ) ) ;
#1514 = CARTESIAN_POINT ( 'NONE',  ( -6.710148048661805500, 2.650244590077850000, -70.32421532136456200 ) ) ;
#1515 = CARTESIAN_POINT ( 'NONE',  ( 5.500000000000000000, -3.500000000000000000, -101.5999999999999900 ) ) ;
#1516 = CARTESIAN_POINT ( 'NONE',  ( 4.090356027915085200, -1.917537558387645700, -22.80891941351469400 ) ) ;
#1517 = CARTESIAN_POINT ( 'NONE',  ( -0.1623420578244355900, -1.834828462090690900, 99.99050645971205100 ) ) ;
#1518 = DIRECTION ( 'NONE',  ( -1.000000000000000000, 0.0000000000000000000, 0.0000000000000000000 ) ) ;
#1519 = CARTESIAN_POINT ( 'NONE',  ( -6.713371055153766400, 1.254857158222269600, -64.99999999999998600 ) ) ;
#1520 = CARTESIAN_POINT ( 'NONE',  ( -8.832734828260328200, -3.496675217658396000, 84.95874026601454400 ) ) ;
#1521 = CARTESIAN_POINT ( 'NONE',  ( -7.450818845113680300, -0.7939009660209788200, 67.64633856719345300 ) ) ;
#1522 = CARTESIAN_POINT ( 'NONE',  ( 6.324509303079784300, -0.2776081218954847300, 91.59999999999995200 ) ) ;
#1523 = CARTESIAN_POINT ( 'NONE',  ( -5.264845917382781500, -3.449872081622491000, 1.596092690655961600 ) ) ;
#1524 = CARTESIAN_POINT ( 'NONE',  ( 8.964587746632174600, -3.352262264179022700, -84.89983322279214000 ) ) ;
#1525 = CARTESIAN_POINT ( 'NONE',  ( -7.201261797888827600, 2.617199410488108700, -70.41002487730516200 ) ) ;
#1526 = CARTESIAN_POINT ( 'NONE',  ( -5.500000000000000000, -3.500000000000000000, 101.5999999999999900 ) ) ;
#1527 = CARTESIAN_POINT ( 'NONE',  ( 6.028503396561559300, 1.020485860252361200, 86.29537498685428400 ) ) ;
#1528 = CARTESIAN_POINT ( 'NONE',  ( -0.5539239101922386300, 0.8210079288703429100, 72.41915125447540900 ) ) ;
#1529 = CARTESIAN_POINT ( 'NONE',  ( 4.196645014294048800, -2.660884966193036000, -91.60000000000003700 ) ) ;
#1530 = CARTESIAN_POINT ( 'NONE',  ( -0.3354983284784873700, -1.546924376201045200, -91.59999999999999400 ) ) ;
#1531 = CARTESIAN_POINT ( 'NONE',  ( -5.738202270562997100, 3.232811356166312300, -64.99999999999997200 ) ) ;
#1532 = CARTESIAN_POINT ( 'NONE',  ( -2.487189187078144400, -1.173076867064040100, -91.59999999999983800 ) ) ;
#1533 = CARTESIAN_POINT ( 'NONE',  ( 13.42971025364485800, -3.422871903549387100, -23.03412524527423600 ) ) ;
#1534 = CARTESIAN_POINT ( 'NONE',  ( -5.498523759517777200, 1.575596719706731500, -0.1314324065031604900 ) ) ;
#1535 = DIRECTION ( 'NONE',  ( 0.0000000000000000000, 0.0000000000000000000, -1.000000000000000000 ) ) ;
#1536 = ADVANCED_FACE ( 'NONE', ( #3495 ), #4393, .T. ) ;
#1537 = CARTESIAN_POINT ( 'NONE',  ( -2.590204796240931400, -0.7987684386529359000, 78.31033712664007900 ) ) ;
#1538 = CARTESIAN_POINT ( 'NONE',  ( -6.375430688691025700, -2.814684117984775500, 91.60000000000003700 ) ) ;
#1539 = CARTESIAN_POINT ( 'NONE',  ( 7.128096761302567900, 1.193288753042539300, 81.08968686675628100 ) ) ;
#1540 = CARTESIAN_POINT ( 'NONE',  ( -5.457717907580650300, -3.388672195213603600, 0.7264460483838475200 ) ) ;
#1541 = EDGE_CURVE ( 'NONE', #5020, #47, #2657, .T. ) ;
#1542 = CARTESIAN_POINT ( 'NONE',  ( 11.95115759503744500, -3.513849097385651100, -70.12421495472344200 ) ) ;
#1543 = CARTESIAN_POINT ( 'NONE',  ( -6.109327205984086200, 0.2749533995893548300, -91.60000000000026400 ) ) ;
#1544 = CARTESIAN_POINT ( 'NONE',  ( 1.378307846065301800, 2.414775042353970700, 0.0000000000000000000 ) ) ;
#1545 = CARTESIAN_POINT ( 'NONE',  ( 6.483144909201541900, 2.092968709196150200, 75.70687171689466800 ) ) ;
#1546 = CARTESIAN_POINT ( 'NONE',  ( 6.450400880963025300, 0.3102504006572623400, 75.64117134083827000 ) ) ;
#1547 = CARTESIAN_POINT ( 'NONE',  ( 5.500000000000000000, -3.500000000000000000, -101.5999999999999900 ) ) ;
#1548 = ORIENTED_EDGE ( 'NONE', *, *, #4347, .T. ) ;
#1549 = CC_DESIGN_PERSON_AND_ORGANIZATION_ASSIGNMENT ( #1250, #1804, ( #4951 ) ) ;
#1550 = CARTESIAN_POINT ( 'NONE',  ( 1.885800748981033800, -0.5568058030227585100, -78.56103883184869100 ) ) ;
#1551 = ORIENTED_EDGE ( 'NONE', *, *, #2910, .T. ) ;
#1552 = CARTESIAN_POINT ( 'NONE',  ( -6.544878779451744700, 2.054607114753219700, -75.63769092028184100 ) ) ;
#1553 = CARTESIAN_POINT ( 'NONE',  ( 2.082061681108955800, -2.133749714706710200, -91.59999999999996600 ) ) ;
#1554 = CARTESIAN_POINT ( 'NONE',  ( 0.7390350521396605900, 1.035527476884599500, -13.06272197092776300 ) ) ;
#1555 = CARTESIAN_POINT ( 'NONE',  ( -4.586738841511640400, 2.878507268367561000, -3.035099141670409000 ) ) ;
#1556 = VERTEX_POINT ( 'NONE', #2731 ) ;
#1557 = CARTESIAN_POINT ( 'NONE',  ( 5.440696670390790000, -3.104786526022111000, -0.8150359909623881000 ) ) ;
#1558 = CARTESIAN_POINT ( 'NONE',  ( -11.91146287807707100, -3.495627888606581900, 67.67748053202908000 ) ) ;
#1559 = CARTESIAN_POINT ( 'NONE',  ( -12.09991086433530100, -3.362195327129340300, 67.55864013613963000 ) ) ;
#1560 = CARTESIAN_POINT ( 'NONE',  ( 7.128249781501347500, 2.312368313644595400, 75.89003133751924700 ) ) ;
#1561 = ORIENTED_EDGE ( 'NONE', *, *, #5300, .F. ) ;
#1562 = CARTESIAN_POINT ( 'NONE',  ( -1.462926102187331200, 0.6809640227196338500, 5.313244709761314700 ) ) ;
#1563 = CARTESIAN_POINT ( 'NONE',  ( 10.29321312890917600, -3.368789827932107400, -78.19864013613961600 ) ) ;
#1564 = CARTESIAN_POINT ( 'NONE',  ( -6.330556582957292700, 0.9420330759860114900, -86.32263012437862000 ) ) ;
#1565 = CARTESIAN_POINT ( 'NONE',  ( 0.1212717854310145500, -1.986550559059989000, 99.82118079328773800 ) ) ;
#1566 = CARTESIAN_POINT ( 'NONE',  ( 5.618558260364305400, 0.4987594352989396800, 91.59999999999998000 ) ) ;
#1567 = CARTESIAN_POINT ( 'NONE',  ( 3.360311525907682600, 1.637291299168804000, 65.00000000000011400 ) ) ;
#1568 = CARTESIAN_POINT ( 'NONE',  ( 6.534814610955791600, -3.502338782954979500, -96.76861869060842000 ) ) ;
#1569 = CYLINDRICAL_SURFACE ( 'NONE', #2668, 5.500000000000000000 ) ;
#1570 = CARTESIAN_POINT ( 'NONE',  ( 2.315342084043631400, -0.7009816567022247900, -78.40921146435664500 ) ) ;
#1571 = CARTESIAN_POINT ( 'NONE',  ( -6.193226557839322400, 1.550681834139615600, -80.96203413774398400 ) ) ;
#1572 = CARTESIAN_POINT ( 'NONE',  ( 0.2498886735348620200, -2.505932417156091100, -99.30450648846338900 ) ) ;
#1573 = CARTESIAN_POINT ( 'NONE',  ( 4.586738841511640400, 2.878507268367561000, 3.035099141670409000 ) ) ;
#1574 = PERSON_AND_ORGANIZATION ( #3553, #851 ) ;
#1575 = DIRECTION ( 'NONE',  ( 0.0000000000000000000, 1.000000000000000000, 0.0000000000000000000 ) ) ;
#1576 = CARTESIAN_POINT ( 'NONE',  ( -5.726322460753430700, -0.9851725693197860300, -91.59999999999989500 ) ) ;
#1577 = CARTESIAN_POINT ( 'NONE',  ( -10.23222477039665400, -2.845021310412859900, 70.35293642492540300 ) ) ;
#1578 = COORDINATED_UNIVERSAL_TIME_OFFSET ( 5, 30, .AHEAD. ) ;
#1579 = CARTESIAN_POINT ( 'NONE',  ( -8.958963350605573700, -3.340989409574568500, 84.89932006806981200 ) ) ;
#1580 = CARTESIAN_POINT ( 'NONE',  ( 7.118415781238502000, 1.211310185638204700, 81.08955128996088000 ) ) ;
#1581 = CARTESIAN_POINT ( 'NONE',  ( 7.646605843074763900, -3.330072874238323400, -91.60000000000000900 ) ) ;
#1582 = CIRCLE ( 'NONE', #2750, 1.250000000000002000 ) ;
#1583 = CARTESIAN_POINT ( 'NONE',  ( -7.152668655156570100, 2.629615217531823500, -70.40386737226397400 ) ) ;
#1584 = CARTESIAN_POINT ( 'NONE',  ( -0.2134503257450141900, 1.498654073772275800, -0.0000000000000000000 ) ) ;
#1585 = CARTESIAN_POINT ( 'NONE',  ( 6.102047552245808900, 1.011472529330825500, 86.30263505647364800 ) ) ;
#1586 = EDGE_CURVE ( 'NONE', #387, #2203, #4251, .T. ) ;
#1587 = CARTESIAN_POINT ( 'NONE',  ( 6.197360876287095100, -0.1223545731247156100, 80.96896420320449300 ) ) ;
#1588 = CARTESIAN_POINT ( 'NONE',  ( 6.486849587866337300, -3.516968981466880100, -96.76894068899616700 ) ) ;
#1589 = CARTESIAN_POINT ( 'NONE',  ( 3.623554044151950500, 0.2265022081313223500, -65.00000000000000000 ) ) ;
#1590 = CARTESIAN_POINT ( 'NONE',  ( -3.944140319037300600, 0.9563297866297830700, -86.05185464210214300 ) ) ;
#1591 = DIRECTION ( 'NONE',  ( -0.8689539937079592300, -0.4948928740838647900, -0.0000000000000000000 ) ) ;
#1592 = DIRECTION ( 'NONE',  ( 0.9703053751617990400, 0.2418831927441851500, 0.0000000000000000000 ) ) ;
#1593 = MANIFOLD_SOLID_BREP ( 'Enlèv. mat.-Extru.1', #116 ) ;
#1594 = CARTESIAN_POINT ( 'NONE',  ( 3.307049797634146000, -1.120859104901538800, -4.399150543613458800 ) ) ;
#1595 = CARTESIAN_POINT ( 'NONE',  ( -6.995248487294218400, 0.8069349028784216200, -70.35970668522564600 ) ) ;
#1596 = CARTESIAN_POINT ( 'NONE',  ( -5.628821137879788800, -0.8947071661516296000, 70.34757557918128200 ) ) ;
#1597 = CARTESIAN_POINT ( 'NONE',  ( -10.29338837797925700, -3.354346328556096600, 78.19803456745334800 ) ) ;
#1598 = CARTESIAN_POINT ( 'NONE',  ( 6.720874537182208300, 0.4700023034751251700, 86.34476494621193900 ) ) ;
#1599 = CARTESIAN_POINT ( 'NONE',  ( 11.92280823526557600, -3.519389287181667700, -70.13120948544549500 ) ) ;
#1600 = CARTESIAN_POINT ( 'NONE',  ( -6.323048314375472300, 0.9454805103095376100, -86.32204996149494000 ) ) ;
#1601 = CARTESIAN_POINT ( 'NONE',  ( -11.11302621422801600, -1.613850028421954400, 35.00000000000000000 ) ) ;
#1602 = CARTESIAN_POINT ( 'NONE',  ( 5.892884633789782900, 1.025285688645692000, 86.28101706887198900 ) ) ;
#1603 = CARTESIAN_POINT ( 'NONE',  ( 5.854068925863412400, -0.5581933740062078300, 86.28082747077067400 ) ) ;
#1604 = CARTESIAN_POINT ( 'NONE',  ( 5.500000000000000000, -3.500000000000000000, -101.5999999999999900 ) ) ;
#1605 = CARTESIAN_POINT ( 'NONE',  ( -0.01785865227413020700, -1.616904621234853500, -91.59999999999998000 ) ) ;
#1606 = CARTESIAN_POINT ( 'NONE',  ( -2.891903937360320100, 1.408466340067337200, -80.28105014963637100 ) ) ;
#1607 = CARTESIAN_POINT ( 'NONE',  ( 7.312499999999927200, 5.500000000000001800, 45.02947046347799900 ) ) ;
#1608 = CARTESIAN_POINT ( 'NONE',  ( -11.41460097594134200, -3.217143905437039700, 64.99999999999998600 ) ) ;
#1609 = CARTESIAN_POINT ( 'NONE',  ( 1.462926102187331200, 0.6809640227196338500, -5.313244709761314700 ) ) ;
#1610 = DIRECTION ( 'NONE',  ( -1.000000000000000000, 0.0000000000000000000, 0.0000000000000000000 ) ) ;
#1611 = CARTESIAN_POINT ( 'NONE',  ( -8.957534317270070500, -3.338610833661416400, 84.89923064677337500 ) ) ;
#1612 = CARTESIAN_POINT ( 'NONE',  ( 6.325077877886817700, -0.2422703399451262800, 91.59999999999995200 ) ) ;
#1613 = CARTESIAN_POINT ( 'NONE',  ( -5.499451338317272500, -3.269916917967140300, 0.09934841964374800700 ) ) ;
#1614 = EDGE_CURVE ( 'NONE', #2959, #4514, #2282, .T. ) ;
#1615 = CARTESIAN_POINT ( 'NONE',  ( 7.672947477967961800, -3.382489823048541000, -91.60000000000000900 ) ) ;
#1616 = ORIENTED_EDGE ( 'NONE', *, *, #3424, .T. ) ;
#1617 = CARTESIAN_POINT ( 'NONE',  ( -0.7390350521396605900, 1.035527476884599500, 13.06272197092776300 ) ) ;
#1618 = CARTESIAN_POINT ( 'NONE',  ( 6.675148411083455400, 2.650945102439330000, 70.31706275498503100 ) ) ;
#1619 = CARTESIAN_POINT ( 'NONE',  ( 5.921445616181299200, -0.5609192977905072000, 86.28561032742626900 ) ) ;
#1620 = ORIENTED_EDGE ( 'NONE', *, *, #977, .F. ) ;
#1621 = CARTESIAN_POINT ( 'NONE',  ( 2.089816775599562200, 0.6122165637643094400, -68.24710329366604400 ) ) ;
#1622 = CARTESIAN_POINT ( 'NONE',  ( 2.420965257961393800, 1.700129162324111300, -64.99999999999997200 ) ) ;
#1623 = CARTESIAN_POINT ( 'NONE',  ( 5.228520124881789000, -3.437037112749414400, -0.0000000000000000000 ) ) ;
#1624 = CARTESIAN_POINT ( 'NONE',  ( -4.698651986132983200, 0.4497704144956168300, 53.93139796452462800 ) ) ;
#1625 = CARTESIAN_POINT ( 'NONE',  ( 5.039468909172123600, -2.733506238000674500, -2.215889138689990800 ) ) ;
#1626 = CARTESIAN_POINT ( 'NONE',  ( -3.751148974479190400, -2.703002216448096500, 0.0000000000000000000 ) ) ;
#1627 = CARTESIAN_POINT ( 'NONE',  ( -12.07511931295811000, -3.422263991074103700, 67.57046105570758200 ) ) ;
#1628 = CARTESIAN_POINT ( 'NONE',  ( 6.649510058718241200, 0.6492244923499722600, 86.34249386090320400 ) ) ;
#1629 = CARTESIAN_POINT ( 'NONE',  ( -5.500000000000000000, -3.500000000000000000, 101.5999999999999900 ) ) ;
#1630 = CARTESIAN_POINT ( 'NONE',  ( 7.671428530061782600, -3.375061224639781500, -91.60000000000000900 ) ) ;
#1631 = CARTESIAN_POINT ( 'NONE',  ( -5.314347337308381800, -3.451720834566144500, 0.0000000000000000000 ) ) ;
#1632 = CARTESIAN_POINT ( 'NONE',  ( 6.808352573428159400, 3.249999744268315300, 64.99999999999997200 ) ) ;
#1633 = CARTESIAN_POINT ( 'NONE',  ( 6.663549567170828200, 1.261135580644581900, 64.99999999999998600 ) ) ;
#1634 = APPLICATION_CONTEXT ( 'configuration controlled 3d designs of mechanical parts and assemblies' ) ;
#1635 = CARTESIAN_POINT ( 'NONE',  ( 2.338489481204369300, 0.5363426728578472000, -68.17364871362056500 ) ) ;
#1636 = CARTESIAN_POINT ( 'NONE',  ( -3.920889111771626900, 2.021256488415351400, -74.86876329537159300 ) ) ;
#1637 = CARTESIAN_POINT ( 'NONE',  ( 2.590204796240931400, -0.7987684386529359000, -78.31033712664007900 ) ) ;
#1638 = CARTESIAN_POINT ( 'NONE',  ( -5.500000000000000000, -3.500000000000000000, 101.5999999999999900 ) ) ;
#1639 = LINE ( 'NONE', #875, #3185 ) ;
#1640 = PLANE ( 'NONE',  #4274 ) ;
#1641 = CARTESIAN_POINT ( 'NONE',  ( 4.376152188014038400, 1.948546025271767700, -54.58915732001847900 ) ) ;
#1642 = CARTESIAN_POINT ( 'NONE',  ( -13.26915514171067300, -3.492244288815582000, 35.00000000000000000 ) ) ;
#1643 = CARTESIAN_POINT ( 'NONE',  ( -12.06962107777203000, -3.426772632153663300, 67.57365813640650700 ) ) ;
#1644 = CARTESIAN_POINT ( 'NONE',  ( 6.323824465672143600, -0.1716309170086853800, 91.59999999999998000 ) ) ;
#1645 = CARTESIAN_POINT ( 'NONE',  ( 1.789553831184726300, -0.2535439637457045400, 95.37056205318251000 ) ) ;
#1646 = CARTESIAN_POINT ( 'NONE',  ( -7.021315832317331900, 0.2553580612880960700, -81.04997535485736600 ) ) ;
#1647 = CARTESIAN_POINT ( 'NONE',  ( 12.03667806858710200, -3.447868057076233200, -67.61289115165119800 ) ) ;
#1648 = ORIENTED_EDGE ( 'NONE', *, *, #3193, .F. ) ;
#1649 = CARTESIAN_POINT ( 'NONE',  ( -13.33794258506136100, -3.498520748388761700, 23.02588622144453700 ) ) ;
#1650 = CARTESIAN_POINT ( 'NONE',  ( 5.738202270562997100, 3.232811356166312300, 64.99999999999997200 ) ) ;
#1651 = AXIS2_PLACEMENT_3D ( 'NONE', #5044, #1364, #3441 ) ;
#1652 = CARTESIAN_POINT ( 'NONE',  ( 5.650324346522995500, -0.9963514374856179400, 91.59999999999992300 ) ) ;
#1653 = CARTESIAN_POINT ( 'NONE',  ( -3.808055623892455000, -1.051725551664988200, -91.60000000000012200 ) ) ;
#1654 = CARTESIAN_POINT ( 'NONE',  ( -1.137221937100307800, -0.04459202387191412600, -91.59999999999996600 ) ) ;
#1655 = CARTESIAN_POINT ( 'NONE',  ( 6.637209265691177000, -2.827753610683781300, -84.95808596220315700 ) ) ;
#1656 = CARTESIAN_POINT ( 'NONE',  ( -0.1623420578244355900, -1.834828462090690900, 99.99050645971205100 ) ) ;
#1657 = CARTESIAN_POINT ( 'NONE',  ( 7.278810700431313000, 3.172915432984817900, 64.99999999999998600 ) ) ;
#1658 = CARTESIAN_POINT ( 'NONE',  ( 0.4026784294472274300, 2.391435753179474800, -64.99999999999992900 ) ) ;
#1659 = CARTESIAN_POINT ( 'NONE',  ( -7.693987356707471500, -0.3529528159032009900, 23.22325450490696100 ) ) ;
#1660 = CARTESIAN_POINT ( 'NONE',  ( -7.656413022509625000, -3.342158639948342300, 91.60000000000000900 ) ) ;
#1661 = CARTESIAN_POINT ( 'NONE',  ( 7.079604263127681200, 2.336571919619184100, 75.88671430661254600 ) ) ;
#1662 = CARTESIAN_POINT ( 'NONE',  ( -6.031715886727881500, -0.8434505782200969500, -91.59999999999969600 ) ) ;
#1663 = CARTESIAN_POINT ( 'NONE',  ( 10.22614392549542700, -3.462190723718860500, -78.26781773001948700 ) ) ;
#1664 = CARTESIAN_POINT ( 'NONE',  ( -13.28631023885851000, -3.498586476245995500, 23.02748771434393000 ) ) ;
#1665 = CARTESIAN_POINT ( 'NONE',  ( 5.628394830572341700, 1.026019168075865900, 86.25888597626566000 ) ) ;
#1666 = CARTESIAN_POINT ( 'NONE',  ( 7.284203915740203400, 0.9265774916880872300, 70.38441667708913500 ) ) ;
#1667 = ADVANCED_FACE ( 'NONE', ( #3244 ), #2628, .T. ) ;
#1668 = VERTEX_POINT ( 'NONE', #3767 ) ;
#1669 = CARTESIAN_POINT ( 'NONE',  ( 6.217219349106686700, -0.1464961342496459700, -67.75142766351277100 ) ) ;
#1670 = CARTESIAN_POINT ( 'NONE',  ( 5.902137354850234300, -2.604209595477471800, -84.95796504409023000 ) ) ;
#1671 = CARTESIAN_POINT ( 'NONE',  ( -5.772038243104801400, -1.000000000000002000, -91.59999999999999400 ) ) ;
#1672 = CARTESIAN_POINT ( 'NONE',  ( 7.021547705415210700, 1.246857595921604200, 65.00000000000000000 ) ) ;
#1673 = ORIENTED_EDGE ( 'NONE', *, *, #870, .T. ) ;
#1674 = CARTESIAN_POINT ( 'NONE',  ( 12.78236428029541600, -3.297441780198733200, -52.50180841888239100 ) ) ;
#1675 = ORIENTED_EDGE ( 'NONE', *, *, #5192, .T. ) ;
#1676 = CARTESIAN_POINT ( 'NONE',  ( 3.630623878870446100, 3.153323766124595600, 23.27590886402343200 ) ) ;
#1677 = CARTESIAN_POINT ( 'NONE',  ( -8.970870218542328800, -3.382600657848847000, 84.90262397945849700 ) ) ;
#1678 = CARTESIAN_POINT ( 'NONE',  ( 7.089558443201604600, 2.331823395037076800, 75.88745905699413200 ) ) ;
#1679 = ORIENTED_EDGE ( 'NONE', *, *, #1774, .T. ) ;
#1680 = CARTESIAN_POINT ( 'NONE',  ( 4.586738841511640400, 2.878507268367561000, 3.035099141670409000 ) ) ;
#1681 = CARTESIAN_POINT ( 'NONE',  ( 7.667298446427821500, -3.437748760219582000, -91.60000000000005100 ) ) ;
#1682 = CARTESIAN_POINT ( 'NONE',  ( -4.888944653252027100, 2.662847721955357000, 35.00000000000000000 ) ) ;
#1683 = CARTESIAN_POINT ( 'NONE',  ( -2.601246744311327400, 1.318156570350203200, 68.43801269933077000 ) ) ;
#1684 = CARTESIAN_POINT ( 'NONE',  ( 6.190382362147103000, -0.5173117446935735500, 86.30233181615834300 ) ) ;
#1685 = CARTESIAN_POINT ( 'NONE',  ( -6.902277970843200300, 0.1210140053259577500, -81.03614203047723700 ) ) ;
#1686 = CARTESIAN_POINT ( 'NONE',  ( 4.294295585004517700, -0.5166289285316958400, -78.36921327587280900 ) ) ;
#1687 = CARTESIAN_POINT ( 'NONE',  ( 3.244611189179100700, -16.41199800218667400, 65.00000000000000000 ) ) ;
#1688 = CARTESIAN_POINT ( 'NONE',  ( -1.125666951756208300, -1.798190371432724100, 99.13166649291886800 ) ) ;
#1689 = CARTESIAN_POINT ( 'NONE',  ( -2.199754458636715700, -1.863538655640830700, 5.071858964317655700 ) ) ;
#1690 = CARTESIAN_POINT ( 'NONE',  ( 5.844520774119822600, 2.277506761396692200, 54.98604742037063200 ) ) ;
#1691 = CARTESIAN_POINT ( 'NONE',  ( 8.813313340328031500, 0.06572055313576348500, -35.00000000000000000 ) ) ;
#1692 = CARTESIAN_POINT ( 'NONE',  ( 5.131428798358680200, 2.420568593374853100, 5.577632776552707800 ) ) ;
#1693 = CARTESIAN_POINT ( 'NONE',  ( -10.26071366622993600, -3.435132581585471200, 78.21648902189134800 ) ) ;
#1694 = CARTESIAN_POINT ( 'NONE',  ( 7.663027218415099800, 2.772969761729192000, 64.99999999999994300 ) ) ;
#1695 = CARTESIAN_POINT ( 'NONE',  ( 1.611995560391069600, -0.9178426209007341000, -91.59999999999999400 ) ) ;
#1696 = CARTESIAN_POINT ( 'NONE',  ( 11.83704275198465400, -3.500623066878259900, -70.33555084614485500 ) ) ;
#1697 = SHAPE_DEFINITION_REPRESENTATION ( #3249, #518 ) ;
#1698 = DIRECTION ( 'NONE',  ( -0.9290494341718689200, -0.3699556039106990900, 0.0000000000000000000 ) ) ;
#1699 = CARTESIAN_POINT ( 'NONE',  ( 0.4593692119610436300, 1.677043496898074700, 73.43815069250250400 ) ) ;
#1700 = CARTESIAN_POINT ( 'NONE',  ( 6.802835662059991700, 0.3249121850196134400, 75.68970611918258800 ) ) ;
#1701 = DIRECTION ( 'NONE',  ( 1.000000000000000000, 0.0000000000000000000, 0.0000000000000000000 ) ) ;
#1702 = CARTESIAN_POINT ( 'NONE',  ( -6.960169888161888500, 0.1808461862446944500, -81.04270111377657300 ) ) ;
#1703 = VECTOR ( 'NONE', #1591, 1000.000000000000100 ) ;
#1704 = CARTESIAN_POINT ( 'NONE',  ( 6.641675357972213000, -0.1698116158812811000, -65.00000000000000000 ) ) ;
#1705 = CARTESIAN_POINT ( 'NONE',  ( 4.808201524973177300, -0.5518715852301239200, -70.34480649329047700 ) ) ;
#1706 = CARTESIAN_POINT ( 'NONE',  ( 7.550811680725582100, -3.497030537516180100, -91.59999999999999400 ) ) ;
#1707 = CARTESIAN_POINT ( 'NONE',  ( -5.000222652930276000, -1.511864834312181700, -97.00901297692681200 ) ) ;
#1708 = CARTESIAN_POINT ( 'NONE',  ( 7.754760987370175900, 5.447362335066739700, 45.03892597291714100 ) ) ;
#1709 = CARTESIAN_POINT ( 'NONE',  ( 13.41013580006597300, -3.291519326522031700, -40.00361683776478100 ) ) ;
#1710 = EDGE_CURVE ( 'NONE', #986, #956, #991, .T. ) ;
#1711 = CARTESIAN_POINT ( 'NONE',  ( 5.528981754331067800, 1.587890443033218100, 5.395821586454505200 ) ) ;
#1712 = CARTESIAN_POINT ( 'NONE',  ( 5.500000000000000000, -3.500000000000000000, -101.5999999999999900 ) ) ;
#1713 = CARTESIAN_POINT ( 'NONE',  ( 7.599751962634377000, 2.863524281417919600, 64.99999999999997200 ) ) ;
#1714 = CARTESIAN_POINT ( 'NONE',  ( -7.679627717177846900, -3.433820798119975300, 91.59999999999999400 ) ) ;
#1715 = CARTESIAN_POINT ( 'NONE',  ( 11.86715903094447500, -3.491175392880836000, -70.32231106715319400 ) ) ;
#1716 = CARTESIAN_POINT ( 'NONE',  ( 5.914071641693515100, 5.500000000000001800, 45.05079490154284400 ) ) ;
#1717 = CARTESIAN_POINT ( 'NONE',  ( 1.483892001915322100, 0.03404023510690354400, 91.59999999999996600 ) ) ;
#1718 = AXIS2_PLACEMENT_3D ( 'NONE', #5060, #3846, #2175 ) ;
#1719 = CARTESIAN_POINT ( 'NONE',  ( 5.967625397695600900, -0.8887164503897334600, 91.59999999999973900 ) ) ;
#1720 = CARTESIAN_POINT ( 'NONE',  ( 6.783327538423542100, -0.2471934027116899900, -65.00000000000000000 ) ) ;
#1721 = CARTESIAN_POINT ( 'NONE',  ( -6.299913725351233400, -0.4444001595011705700, -91.59999999999985200 ) ) ;
#1722 = CARTESIAN_POINT ( 'NONE',  ( -7.576290573974581800, -3.293550582068236500, 91.93936013234511500 ) ) ;
#1723 = CARTESIAN_POINT ( 'NONE',  ( -2.583978863396210600, -0.7965168315056281300, 78.31259398398344700 ) ) ;
#1724 = CARTESIAN_POINT ( 'NONE',  ( 4.586738841511640400, 2.878507268367561000, 3.035099141670409000 ) ) ;
#1725 = CARTESIAN_POINT ( 'NONE',  ( -4.152417479136288700, 0.3461543157580551100, -3.611446626210322600 ) ) ;
#1726 = CARTESIAN_POINT ( 'NONE',  ( 4.438290311729540200, 2.735737333946335800, 5.871073698460308200 ) ) ;
#1727 = CARTESIAN_POINT ( 'NONE',  ( -7.593376585807272100, 2.871649872416140300, -64.99999999999997200 ) ) ;
#1728 = DIRECTION ( 'NONE',  ( -1.000000000000000000, 0.0000000000000000000, 0.0000000000000000000 ) ) ;
#1729 = CARTESIAN_POINT ( 'NONE',  ( 6.154119238843909700, 0.2254141888362178300, 91.60000000000026400 ) ) ;
#1730 = CARTESIAN_POINT ( 'NONE',  ( -5.802315442584281300, -3.122671246747942100, 96.81852066005116300 ) ) ;
#1731 = ORIENTED_EDGE ( 'NONE', *, *, #4459, .T. ) ;
#1732 = CARTESIAN_POINT ( 'NONE',  ( -13.26915514171067500, -3.492244288815582900, 23.02809333464725600 ) ) ;
#1733 = CARTESIAN_POINT ( 'NONE',  ( 2.175096279430581700, 0.1770988376213935600, 91.59999999999998000 ) ) ;
#1734 = CARTESIAN_POINT ( 'NONE',  ( 6.973453198431170300, 1.262225913396016800, 64.99999999999998600 ) ) ;
#1735 = VERTEX_POINT ( 'NONE', #50 ) ;
#1736 = CARTESIAN_POINT ( 'NONE',  ( 1.364756808452586100, -0.8210243847211671200, -91.60000000000000900 ) ) ;
#1737 = CARTESIAN_POINT ( 'NONE',  ( -7.716201502914696400, 2.133212055309198000, -70.44968686675632300 ) ) ;
#1738 = CARTESIAN_POINT ( 'NONE',  ( -6.556759420763041700, -3.447311715026180900, 96.76724192927586900 ) ) ;
#1739 = EDGE_LOOP ( 'NONE', ( #2775, #3536, #4330, #4954, #68, #2704 ) ) ;
#1740 = CARTESIAN_POINT ( 'NONE',  ( -0.5250103917767042800, -1.745611812738473200, 91.59999999999998000 ) ) ;
#1741 = CARTESIAN_POINT ( 'NONE',  ( -4.586738841511640400, 2.878507268367561000, -3.035099141670409000 ) ) ;
#1742 = CARTESIAN_POINT ( 'NONE',  ( -4.653039776035336100, 0.4131993951354069300, -2.933940741817871800 ) ) ;
#1743 = CARTESIAN_POINT ( 'NONE',  ( 7.776606121294507000, 3.050896305807777200, 23.26039490698691700 ) ) ;
#1744 = CARTESIAN_POINT ( 'NONE',  ( -7.446539390988944800, 3.023102039866678100, -64.99999999999997200 ) ) ;
#1745 = CARTESIAN_POINT ( 'NONE',  ( 3.275973055709789300, -2.206130419742017500, -97.62043125803933200 ) ) ;
#1746 = CARTESIAN_POINT ( 'NONE',  ( 7.154442542788108200, 2.629217285328263400, 70.40409992298948800 ) ) ;
#1747 = B_SPLINE_CURVE_WITH_KNOTS ( 'NONE', 3,
 ( #359, #1196, #1607, #3253 ),
 .UNSPECIFIED., .F., .F.,
 ( 4, 4 ),
 ( 0.0000000000000000000, 1.000000000000000000 ),
 .UNSPECIFIED. ) ;
#1748 = CARTESIAN_POINT ( 'NONE',  ( -7.569629221911583300, -3.504677565909957600, 91.93723738121686000 ) ) ;
#1749 = AXIS2_PLACEMENT_3D ( 'NONE', #1233, #447, #3704 ) ;
#1750 = CARTESIAN_POINT ( 'NONE',  ( 11.97650021249547500, -3.498352212771990800, -67.66115943843915700 ) ) ;
#1751 = CARTESIAN_POINT ( 'NONE',  ( -13.26915514171067500, -3.492244288815582900, 40.00417574954925500 ) ) ;
#1752 = CARTESIAN_POINT ( 'NONE',  ( -2.420965257961393800, 1.700129162324111300, 64.99999999999997200 ) ) ;
#1753 = CARTESIAN_POINT ( 'NONE',  ( 7.368766686525694000, 1.421334025035282400, 65.00000000000000000 ) ) ;
#1754 = CARTESIAN_POINT ( 'NONE',  ( 7.008444097656921600, -0.7310944616935094500, -70.34212506173065500 ) ) ;
#1755 = CARTESIAN_POINT ( 'NONE',  ( -7.747669938283650900, 2.048027517653587800, -70.44973523575096400 ) ) ;
#1756 = CARTESIAN_POINT ( 'NONE',  ( -6.977909564158400400, -3.085472570157330500, 91.95697146355861700 ) ) ;
#1757 = CARTESIAN_POINT ( 'NONE',  ( 6.746821124404576200, -3.316136826881716600, -91.95943845209420400 ) ) ;
#1758 = CARTESIAN_POINT ( 'NONE',  ( -5.225223840640141200, -3.429184591355484400, 1.716693279303529000 ) ) ;
#1759 = CARTESIAN_POINT ( 'NONE',  ( -1.392441428748096600, -0.3563023516121678900, -5.332688114656416000 ) ) ;
#1760 = CARTESIAN_POINT ( 'NONE',  ( -3.409055548481061400, 3.154286419249737100, -44.77306493902164400 ) ) ;
#1761 = CARTESIAN_POINT ( 'NONE',  ( -6.957609688643654700, 2.653311606673002900, -70.37363580137024100 ) ) ;
#1762 = DIRECTION ( 'NONE',  ( 1.000000000000000000, 0.0000000000000000000, 0.0000000000000000000 ) ) ;
#1763 = CARTESIAN_POINT ( 'NONE',  ( -5.500000000000000000, -3.500000000000000000, 101.5999999999999900 ) ) ;
#1764 = CARTESIAN_POINT ( 'NONE',  ( 11.93963244836229400, -3.501791265136455800, -67.67101059883704300 ) ) ;
#1765 = CARTESIAN_POINT ( 'NONE',  ( -1.659413550343998600, 1.564445737700937500, -65.00000000000012800 ) ) ;
#1766 = CARTESIAN_POINT ( 'NONE',  ( -8.813313340328031500, 0.06572055313576348500, 35.00000000000000000 ) ) ;
#1767 = CARTESIAN_POINT ( 'NONE',  ( -4.251135326965861200, 0.7307946623441019500, 68.06888295621240600 ) ) ;
#1768 = CARTESIAN_POINT ( 'NONE',  ( 7.377205667334266100, 1.427079499118825600, 65.00000000000000000 ) ) ;
#1769 = CARTESIAN_POINT ( 'NONE',  ( -8.963712895802622400, -3.418697374789730200, 84.91131407846513900 ) ) ;
#1770 = CARTESIAN_POINT ( 'NONE',  ( 8.604527075602501200, -1.281505513253458300, -65.00000000000001400 ) ) ;
#1771 = CARTESIAN_POINT ( 'NONE',  ( -7.766637059656421400, 1.980134174026906300, -70.44927438863099700 ) ) ;
#1772 = CARTESIAN_POINT ( 'NONE',  ( -5.500000000000000000, -3.500000000000000000, 101.5999999999999900 ) ) ;
#1773 = CARTESIAN_POINT ( 'NONE',  ( -2.590204796240931400, -0.7987684386529365600, 78.31033712664007900 ) ) ;
#1774 = EDGE_CURVE ( 'NONE', #3466, #4360, #1639, .T. ) ;
#1775 = CARTESIAN_POINT ( 'NONE',  ( -7.739481818608713800, 3.033438695126689400, -34.99999999999995000 ) ) ;
#1776 = CARTESIAN_POINT ( 'NONE',  ( -6.539865602800005300, 1.603509288224376700, -81.04269887043116700 ) ) ;
#1777 = DIRECTION ( 'NONE',  ( 0.0000000000000000000, 0.0000000000000000000, -1.000000000000000000 ) ) ;
#1778 = CARTESIAN_POINT ( 'NONE',  ( -7.108719481519441000, -3.409658148906145000, 91.94456017736872900 ) ) ;
#1779 = CARTESIAN_POINT ( 'NONE',  ( 2.710505431213761100E-016, 2.034576191987957500, 5.500000000000000000 ) ) ;
#1780 = CARTESIAN_POINT ( 'NONE',  ( -4.937842997241200600, -1.000000000000005100, -91.59999999999998000 ) ) ;
#1781 = CARTESIAN_POINT ( 'NONE',  ( -8.813313340328031500, 0.06572055313576348500, 42.25315435262296400 ) ) ;
#1782 = CARTESIAN_POINT ( 'NONE',  ( -6.641675357972213000, -0.1698116158812811000, 65.00000000000000000 ) ) ;
#1783 = CARTESIAN_POINT ( 'NONE',  ( 6.516176026290697400, -0.3077260800753554600, 86.32372505457793500 ) ) ;
#1784 = CARTESIAN_POINT ( 'NONE',  ( -7.627068485593742500, -3.484494567129924600, 91.59999999999999400 ) ) ;
#1785 = CARTESIAN_POINT ( 'NONE',  ( -6.497693652376399100, -0.3266498913587523300, -86.32242001810009000 ) ) ;
#1786 = CARTESIAN_POINT ( 'NONE',  ( 7.061967188581501600, -0.4029758080423087000, -65.00000000000000000 ) ) ;
#1787 = CARTESIAN_POINT ( 'NONE',  ( -7.797565394696129600, 2.077698650129524300, -65.00000000000002800 ) ) ;
#1788 = CARTESIAN_POINT ( 'NONE',  ( -5.500000000000000000, -3.500000000000000000, 101.5999999999999900 ) ) ;
#1789 = CARTESIAN_POINT ( 'NONE',  ( -3.929616587110299300, -0.1904210394183396300, 70.34586690625101800 ) ) ;
#1790 = CARTESIAN_POINT ( 'NONE',  ( 5.500000000000000000, -3.500000000000000000, -101.5999999999999900 ) ) ;
#1791 = EDGE_LOOP ( 'NONE', ( #813, #560, #947, #2904, #1675 ) ) ;
#1792 = CARTESIAN_POINT ( 'NONE',  ( 12.07119293955065400, -3.202275457983076100, -52.61018983562218700 ) ) ;
#1793 = CARTESIAN_POINT ( 'NONE',  ( -7.523884712561598000, 2.952115580790032100, -64.99999999999997200 ) ) ;
#1794 = CARTESIAN_POINT ( 'NONE',  ( 6.451009957655247500, -3.380820244756781900, -96.76943511553531600 ) ) ;
#1795 = CARTESIAN_POINT ( 'NONE',  ( -6.195010293770467400, -3.424981596098041000, 96.77619747656956400 ) ) ;
#1796 = ORIENTED_EDGE ( 'NONE', *, *, #2136, .T. ) ;
#1797 = CARTESIAN_POINT ( 'NONE',  ( 0.03834867992640955700, 2.685545651007119600, -23.27765147276359100 ) ) ;
#1798 = CARTESIAN_POINT ( 'NONE',  ( -6.536721708122074800, 0.7925446106177731500, -70.32068617556738800 ) ) ;
#1799 = CARTESIAN_POINT ( 'NONE',  ( -10.90229518007885000, -1.459944882438274800, 35.00000000000002800 ) ) ;
#1800 = CARTESIAN_POINT ( 'NONE',  ( -1.762133530004280900, -0.2575137627846739200, 85.07036454184240900 ) ) ;
#1801 = ORIENTED_EDGE ( 'NONE', *, *, #5114, .T. ) ;
#1802 = CARTESIAN_POINT ( 'NONE',  ( 7.058442637948467700, 0.3085568896263893300, 81.05463001415944300 ) ) ;
#1803 = CARTESIAN_POINT ( 'NONE',  ( -12.01288817515481000, -3.478010719133497000, 67.64449991209247100 ) ) ;
#1804 = PERSON_AND_ORGANIZATION_ROLE ( 'creator' ) ;
#1805 = CARTESIAN_POINT ( 'NONE',  ( 7.326638908209793600, -0.8912444047144534300, -70.29274089193096100 ) ) ;
#1806 = ORIENTED_EDGE ( 'NONE', *, *, #1428, .T. ) ;
#1807 = CARTESIAN_POINT ( 'NONE',  ( -7.705848123918121600, 2.156496151855008300, -70.44951892045811800 ) ) ;
#1808 = CARTESIAN_POINT ( 'NONE',  ( -5.500000000000000000, -3.500000000000000000, 101.5999999999999900 ) ) ;
#1809 = EDGE_CURVE ( 'NONE', #4898, #4755, #1320, .T. ) ;
#1810 = CARTESIAN_POINT ( 'NONE',  ( -2.316639603144688300, 0.3892316496010324600, 71.34784493958852600 ) ) ;
#1811 = CARTESIAN_POINT ( 'NONE',  ( -2.939528488548233600, 3.018642228183911100, -4.671985586325110500 ) ) ;
#1812 = CARTESIAN_POINT ( 'NONE',  ( -0.4153692286845136500, 2.073557489836881800, -54.60882798274941100 ) ) ;
#1813 = CARTESIAN_POINT ( 'NONE',  ( -7.127574927743416400, 3.200403435401751700, -65.00000000000000000 ) ) ;
#1814 = CARTESIAN_POINT ( 'NONE',  ( 6.977909564158400400, -3.085472570157330500, -91.95697146355861700 ) ) ;
#1815 = FACE_OUTER_BOUND ( 'NONE', #5148, .T. ) ;
#1816 = CARTESIAN_POINT ( 'NONE',  ( -5.500000000000000000, -3.500000000000000000, 101.5999999999999900 ) ) ;
#1817 = CARTESIAN_POINT ( 'NONE',  ( 13.26915514171067300, -3.492244288815582000, -35.00000000000000000 ) ) ;
#1818 = CARTESIAN_POINT ( 'NONE',  ( 0.02516502865302195500, 0.9041067581409625300, -72.73096454418418900 ) ) ;
#1819 = CARTESIAN_POINT ( 'NONE',  ( -13.29785949944605300, -3.502856202887451300, 35.00000000000000000 ) ) ;
#1820 = CARTESIAN_POINT ( 'NONE',  ( -2.394484768159039800, -0.4970092324879854500, 85.00843520399928400 ) ) ;
#1821 = CARTESIAN_POINT ( 'NONE',  ( 6.574114031250244800, -0.2395981043819823700, 86.32790573776756600 ) ) ;
#1822 = CARTESIAN_POINT ( 'NONE',  ( -7.667298446427821500, -3.437748760219582000, 91.60000000000005100 ) ) ;
#1823 = LOCAL_TIME ( 7, 14, 16.00000000000000000, #139 ) ;
#1824 = CARTESIAN_POINT ( 'NONE',  ( 4.510032478501768700, -1.393732167215711200, -84.91715898738603100 ) ) ;
#1825 = CARTESIAN_POINT ( 'NONE',  ( -7.799031827817442400, 2.086236119115049800, -65.00000000000002800 ) ) ;
#1826 = CARTESIAN_POINT ( 'NONE',  ( -5.500000000000000000, -3.500000000000000000, 101.5999999999999900 ) ) ;
#1827 = CARTESIAN_POINT ( 'NONE',  ( 6.487464658304908500, 2.234451296713401400, 75.77887106673466600 ) ) ;
#1828 = CARTESIAN_POINT ( 'NONE',  ( -3.930794118127710400, -0.05527055938436172000, 67.68837450158146400 ) ) ;
#1829 = CARTESIAN_POINT ( 'NONE',  ( 7.236995560273752100, -3.157766779282542600, -91.59999999999998000 ) ) ;
#1830 = FACE_OUTER_BOUND ( 'NONE', #4679, .T. ) ;
#1831 = CARTESIAN_POINT ( 'NONE',  ( 12.72778490315996400, -3.187407010529113500, -40.22037967124438800 ) ) ;
#1832 = CARTESIAN_POINT ( 'NONE',  ( -5.867394716286332500, 0.4402472501814538900, -91.60000000000023600 ) ) ;
#1833 = CARTESIAN_POINT ( 'NONE',  ( 5.500000000000000000, -3.500000000000000000, -101.5999999999999900 ) ) ;
#1834 = CARTESIAN_POINT ( 'NONE',  ( -7.056807788922984800, 0.8245374824465325800, -70.36466363231689100 ) ) ;
#1835 = CARTESIAN_POINT ( 'NONE',  ( -3.248728347693834000, -2.424582956906062000, 91.59999999999999400 ) ) ;
#1836 = CARTESIAN_POINT ( 'NONE',  ( 4.201794849009997900, -2.927145452471276800, -24.24837447618146800 ) ) ;
#1837 = CARTESIAN_POINT ( 'NONE',  ( -6.461562612102260200, 0.3075705330883804500, -75.64271764530195700 ) ) ;
#1838 = DIRECTION ( 'NONE',  ( -1.000000000000000000, 0.0000000000000000000, 0.0000000000000000000 ) ) ;
#1839 = CARTESIAN_POINT ( 'NONE',  ( -6.928638289483606300, -0.5133160626245719700, 67.68251145703571600 ) ) ;
#1840 = CARTESIAN_POINT ( 'NONE',  ( 7.074664579818895400, 0.3344136330778622600, 81.05674186111588100 ) ) ;
#1841 = CARTESIAN_POINT ( 'NONE',  ( -10.21727310661961700, -3.472525925007758500, 78.27827034368542100 ) ) ;
#1842 = CARTESIAN_POINT ( 'NONE',  ( -7.000636165853513200, 0.2279984180693859800, -81.04745010915615900 ) ) ;
#1843 = CARTESIAN_POINT ( 'NONE',  ( 11.15422207390537700, -2.733625987851395300, -65.00000000000002800 ) ) ;
#1844 = CARTESIAN_POINT ( 'NONE',  ( -6.720874537182208300, 0.4700023034751251700, -86.34476494621193900 ) ) ;
#1845 = CARTESIAN_POINT ( 'NONE',  ( -5.500000000000000000, -3.500000000000000000, 101.5999999999999900 ) ) ;
#1846 = CARTESIAN_POINT ( 'NONE',  ( 7.446539390988944800, 3.023102039866678100, 64.99999999999997200 ) ) ;
#1847 = CARTESIAN_POINT ( 'NONE',  ( -1.320178658592967300, -1.198832758001511700, 85.00460573217831900 ) ) ;
#1848 = CARTESIAN_POINT ( 'NONE',  ( 5.500000000000000000, -3.500000000000000000, -101.5999999999999900 ) ) ;
#1849 = AXIS2_PLACEMENT_3D ( 'NONE', #19, #1323, #4179 ) ;
#1850 = CARTESIAN_POINT ( 'NONE',  ( 3.972976464267841600, -0.07322186080509268700, -67.67485012061081300 ) ) ;
#1851 = CARTESIAN_POINT ( 'NONE',  ( -6.522797163061778000, 2.054944060622234700, -75.66424405435611800 ) ) ;
#1852 = CARTESIAN_POINT ( 'NONE',  ( 7.615720755701706100, -3.343592551263692600, -91.93660459115156400 ) ) ;
#1853 = CARTESIAN_POINT ( 'NONE',  ( -4.438290311729540200, 2.735737333946334000, -5.871073698460308200 ) ) ;
#1854 = CARTESIAN_POINT ( 'NONE',  ( -6.680422021147630400, -0.07395076556082469400, -86.33596053959249200 ) ) ;
#1855 = CARTESIAN_POINT ( 'NONE',  ( -0.2498886735348620200, -2.505932417156091100, 99.30450648846338900 ) ) ;
#1856 = CARTESIAN_POINT ( 'NONE',  ( 1.458233081073477800, -1.603710014415314700, -20.32496010687508600 ) ) ;
#1857 = CARTESIAN_POINT ( 'NONE',  ( -6.702317010732246100, 1.256013156907107800, -64.99999999999998600 ) ) ;
#1858 = ORIENTED_EDGE ( 'NONE', *, *, #870, .F. ) ;
#1859 = CARTESIAN_POINT ( 'NONE',  ( -13.26915514171067500, -3.492244288815582900, 35.00000000000000000 ) ) ;
#1860 = CARTESIAN_POINT ( 'NONE',  ( -7.089472444595673800, -0.6000177017122805300, 67.67095620701017800 ) ) ;
#1861 = CARTESIAN_POINT ( 'NONE',  ( 7.766637059656421400, 1.980134174026906300, 70.44927438863099700 ) ) ;
#1862 = CARTESIAN_POINT ( 'NONE',  ( -12.05113553938343600, -3.497781343738082700, 65.00000000000000000 ) ) ;
#1863 = ORIENTED_EDGE ( 'NONE', *, *, #493, .T. ) ;
#1864 = CARTESIAN_POINT ( 'NONE',  ( 10.29248337229218500, -3.361049326536175400, -78.19824085790259000 ) ) ;
#1865 = CARTESIAN_POINT ( 'NONE',  ( -7.100894703806790000, 1.241755032694963600, -81.08921668904641000 ) ) ;
#1866 = CARTESIAN_POINT ( 'NONE',  ( -6.307152862957285500, -3.209304469056137900, 91.98489517460844000 ) ) ;
#1867 = CARTESIAN_POINT ( 'NONE',  ( 7.098659748063065300, 2.639954927174565000, 70.39652351278549200 ) ) ;
#1868 = CARTESIAN_POINT ( 'NONE',  ( -2.496717035533822400, -0.7651307537329781200, 78.34413895884648600 ) ) ;
#1869 = CARTESIAN_POINT ( 'NONE',  ( 2.111995562515883100, -1.116946991387025600, -91.59999999999998000 ) ) ;
#1870 = CARTESIAN_POINT ( 'NONE',  ( -7.456987757109556200, 5.500000000000005300, -45.03262229995771500 ) ) ;
#1871 = ORIENTED_EDGE ( 'NONE', *, *, #4530, .F. ) ;
#1872 = CARTESIAN_POINT ( 'NONE',  ( -6.091296463850532000, 1.013132768926845200, -86.30159633380044700 ) ) ;
#1873 = CARTESIAN_POINT ( 'NONE',  ( 7.402019915310493300, -3.261640489513562900, -91.93887023107065200 ) ) ;
#1874 = CARTESIAN_POINT ( 'NONE',  ( 1.411435737789017700, 0.4430318702753954200, -15.62139053613845300 ) ) ;
#1875 = CARTESIAN_POINT ( 'NONE',  ( -5.500000000000000000, -3.500000000000000000, 101.5999999999999900 ) ) ;
#1876 = CARTESIAN_POINT ( 'NONE',  ( -6.325522424406660300, -0.1214198515688798600, -80.98128885883903600 ) ) ;
#1877 = DIRECTION ( 'NONE',  ( 0.0000000000000000000, 0.0000000000000000000, -1.000000000000000000 ) ) ;
#1878 = CARTESIAN_POINT ( 'NONE',  ( -7.213414968790083900, -0.4892294276398458400, 65.00000000000000000 ) ) ;
#1879 = CARTESIAN_POINT ( 'NONE',  ( 7.567157983777036600, 1.904281594847090400, 75.89469614019620300 ) ) ;
#1880 = ORIENTED_EDGE ( 'NONE', *, *, #665, .T. ) ;
#1881 = DIRECTION ( 'NONE',  ( 1.000000000000000000, 0.0000000000000000000, 0.0000000000000000000 ) ) ;
#1882 = VECTOR ( 'NONE', #1698, 1000.000000000000100 ) ;
#1883 = CARTESIAN_POINT ( 'NONE',  ( 12.07095665833383600, -3.401247546154780600, -70.11615771178567500 ) ) ;
#1884 = CARTESIAN_POINT ( 'NONE',  ( -7.798202656892454100, 2.081356020957780400, -65.00000000000002800 ) ) ;
#1885 = CARTESIAN_POINT ( 'NONE',  ( -2.296081247448642100, -2.610560940458703300, 97.85815940307638500 ) ) ;
#1886 = CARTESIAN_POINT ( 'NONE',  ( 6.969358454015670100, 2.652807170889680800, 70.37571948307918000 ) ) ;
#1887 = EDGE_CURVE ( 'NONE', #1938, #1032, #3634, .T. ) ;
#1888 = CARTESIAN_POINT ( 'NONE',  ( -0.1023573346433221700, -1.644280614920126100, 91.59999999999998000 ) ) ;
#1889 = ADVANCED_FACE ( 'NONE', ( #4921 ), #3750, .T. ) ;
#1890 = CARTESIAN_POINT ( 'NONE',  ( 6.986995560419892100, -3.058214594534034900, -91.59999999999998000 ) ) ;
#1891 = CARTESIAN_POINT ( 'NONE',  ( 3.929616587110299300, -0.1904210394183396300, -70.34586690625101800 ) ) ;
#1892 = CARTESIAN_POINT ( 'NONE',  ( -6.906085064837651700, 3.245722201704868600, -65.00000000000000000 ) ) ;
#1893 = CARTESIAN_POINT ( 'NONE',  ( 5.211462668657368600, -3.189792391704306100, -96.86851599800185400 ) ) ;
#1894 = CARTESIAN_POINT ( 'NONE',  ( 11.11302621422801600, -1.613850028421954400, -35.00000000000000000 ) ) ;
#1895 = CARTESIAN_POINT ( 'NONE',  ( -7.727388212573875300, 1.454817587760580000, -70.43192107918541500 ) ) ;
#1896 = CARTESIAN_POINT ( 'NONE',  ( -0.04664824619674337600, -1.868037089616290300, 100.0101994566949300 ) ) ;
#1897 = CARTESIAN_POINT ( 'NONE',  ( -5.466157640471617000, 1.095957696284068000, -5.385918619472200000 ) ) ;
#1898 = CARTESIAN_POINT ( 'NONE',  ( -5.965416102092135000, -0.5601120408624316000, -86.28854234349042000 ) ) ;
#1899 = CARTESIAN_POINT ( 'NONE',  ( -4.510032478501768700, -1.393732167215711200, 84.91715898738603100 ) ) ;
#1900 = CARTESIAN_POINT ( 'NONE',  ( 7.194138058836306200, 2.279742555208047200, 75.89322415161674900 ) ) ;
#1901 = CARTESIAN_POINT ( 'NONE',  ( -12.04282393643056700, -3.495300514531105100, 65.00000000000000000 ) ) ;
#1902 = CARTESIAN_POINT ( 'NONE',  ( 6.094951919788750900, -2.067885513823218600, -84.89350769906204200 ) ) ;
#1903 = CARTESIAN_POINT ( 'NONE',  ( -6.749483337190296700, 1.557673123991738700, -81.06700917066260100 ) ) ;
#1904 = CARTESIAN_POINT ( 'NONE',  ( 0.3219516779942819800, -2.285281847031448400, 99.54086229423693100 ) ) ;
#1905 = CARTESIAN_POINT ( 'NONE',  ( 6.471972684724759600, 2.164913676540974700, 75.74847266839776700 ) ) ;
#1906 = CARTESIAN_POINT ( 'NONE',  ( 3.725168442233047500, -1.057080620693898700, 91.60000000000005100 ) ) ;
#1907 = CARTESIAN_POINT ( 'NONE',  ( 7.628358439179398200, -3.496058060785116200, -91.60000000000002300 ) ) ;
#1908 = CARTESIAN_POINT ( 'NONE',  ( 3.936494959300416600, -0.1933102078443932600, -70.34135006407326800 ) ) ;
#1909 = CARTESIAN_POINT ( 'NONE',  ( -5.618558260364305400, 0.4987594352989396800, -91.59999999999998000 ) ) ;
#1910 = CARTESIAN_POINT ( 'NONE',  ( 6.085740376444058500, -3.399194561495446200, -96.78146330470583800 ) ) ;
#1911 = B_SPLINE_SURFACE_WITH_KNOTS ( 'NONE', 3, 3, ( 
 ( #3651, #1987, #2026, #5276 ),
 ( #4867, #4895, #748, #1608 ),
 ( #5294, #799, #3635, #2427 ),
 ( #5259, #4881, #360, #3236 ),
 ( #4486, #782, #5310, #4508 ),
 ( #2844, #375, #2793, #3254 ),
 ( #3664, #1211, #1624, #2042 ),
 ( #4912, #2441, #3269, #3682 ),
 ( #1226, #4091, #27, #1243 ),
 ( #61, #5339, #4589, #814 ),
 ( #2457, #3745, #1690, #4525 ),
 ( #4976, #2877, #852, #408 ),
 ( #4539, #4573, #1296, #1672 ),
 ( #1279, #3287, #2907, #3698 ),
 ( #3320, #3304, #4139, #4929 ),
 ( #2486, #4555, #887, #2942 ),
 ( #2506, #3727, #2474, #440 ),
 ( #2115, #4105, #42, #1260 ),
 ( #4154, #1708, #4168, #1657 ),
 ( #2926, #2075, #868, #2129 ),
 ( #3355, #458, #3336, #1314 ) ),
 .UNSPECIFIED., .F., .F., .F.,
 ( 4, 1, 1, 1, 2, 1, 1, 1, 2, 1, 1, 1, 1, 1, 1, 1, 4 ),
 ( 4, 4 ),
 ( 0.0000000000000000000, 0.08075097211383125400, 0.1615019442276625100, 0.2422529163414937600, 0.3230038884553250200, 0.4546910722870358700, 0.5863782561187467200, 0.7180654399504578000, 0.8497526237821685400, 0.8685335458093974600, 0.8873144678366264900, 0.9060953898638552900, 0.9248763118910842100, 0.9436572339183132400, 0.9624381559455421600, 0.9812190779727709700, 1.000000000000000000 ),
 ( 0.0000000000000000000, 1.000000000000000000 ),
 .UNSPECIFIED. ) ;
#1912 = CARTESIAN_POINT ( 'NONE',  ( 5.011878916172491000, -2.729550803369759300, 0.0000000000000000000 ) ) ;
#1913 = CARTESIAN_POINT ( 'NONE',  ( 13.26915514171067500, -3.492244288815582900, -35.00000000000000000 ) ) ;
#1914 = CARTESIAN_POINT ( 'NONE',  ( -4.789576431103972400, 2.649599163913951600, 0.0000000000000000000 ) ) ;
#1915 = CARTESIAN_POINT ( 'NONE',  ( -6.663549567170828200, 1.261135580644581900, -64.99999999999998600 ) ) ;
#1916 = CARTESIAN_POINT ( 'NONE',  ( -9.690464521148044200, -2.453752593685040800, 64.99999999999994300 ) ) ;
#1917 = CARTESIAN_POINT ( 'NONE',  ( -7.008444097656921600, -0.7310944616935094500, 70.34212506173065500 ) ) ;
#1918 = CARTESIAN_POINT ( 'NONE',  ( 6.680422021147630400, -0.07395076556082469400, 86.33596053959249200 ) ) ;
#1919 = CARTESIAN_POINT ( 'NONE',  ( -7.600764573663960600, -3.496610278181584000, 91.59999999999999400 ) ) ;
#1920 = CARTESIAN_POINT ( 'NONE',  ( 9.303047147780416600, -1.679331645164397600, -65.00000000000000000 ) ) ;
#1921 = CARTESIAN_POINT ( 'NONE',  ( -6.380240425679138700, 0.9163090829247027000, -86.32632687306109200 ) ) ;
#1922 = CARTESIAN_POINT ( 'NONE',  ( 3.352147286964856300, 2.824631478723828700, 0.0000000000000000000 ) ) ;
#1923 = CARTESIAN_POINT ( 'NONE',  ( 6.222798817254201300, 1.553708869654508500, 80.97262691061070000 ) ) ;
#1924 = CARTESIAN_POINT ( 'NONE',  ( 5.575849243682224500, -1.000000000000000400, 91.59999999999998000 ) ) ;
#1925 = CARTESIAN_POINT ( 'NONE',  ( 5.500000000000000000, -3.500000000000000000, -101.5999999999999900 ) ) ;
#1926 = AXIS2_PLACEMENT_3D ( 'NONE', #5329, #3274, #4966 ) ;
#1927 = CARTESIAN_POINT ( 'NONE',  ( -8.139115746763122800, 3.652219117492258700, -55.02796668370977100 ) ) ;
#1928 = CARTESIAN_POINT ( 'NONE',  ( -6.540429727000076600, 2.051048481296022800, -75.64400218728909000 ) ) ;
#1929 = CARTESIAN_POINT ( 'NONE',  ( -2.385398476338394000, -1.614645444064277000, -95.01857166327359000 ) ) ;
#1930 = CARTESIAN_POINT ( 'NONE',  ( -0.7946534794026892700, 2.155801105530697400, 0.0000000000000000000 ) ) ;
#1931 = ORIENTED_EDGE ( 'NONE', *, *, #1263, .T. ) ;
#1932 = CARTESIAN_POINT ( 'NONE',  ( -5.500000000000000000, -3.500000000000000000, 101.5999999999999900 ) ) ;
#1933 = ORIENTED_EDGE ( 'NONE', *, *, #2136, .F. ) ;
#1934 = CARTESIAN_POINT ( 'NONE',  ( -6.123410562202287200, -3.408068413440858500, 96.77971922604707800 ) ) ;
#1935 = CARTESIAN_POINT ( 'NONE',  ( -6.746489188092560600, 1.251861539461966100, -64.99999999999998600 ) ) ;
#1936 = CARTESIAN_POINT ( 'NONE',  ( -7.550811680725582100, -3.497030537516180100, 91.59999999999999400 ) ) ;
#1937 = CARTESIAN_POINT ( 'NONE',  ( -9.063505096989668900, -1.542905948478297400, 65.00000000000000000 ) ) ;
#1938 = VERTEX_POINT ( 'NONE', #3851 ) ;
#1939 = CARTESIAN_POINT ( 'NONE',  ( 7.707608884562414000, 2.152647796179195400, 70.44955128996092200 ) ) ;
#1940 = ORIENTED_EDGE ( 'NONE', *, *, #2406, .F. ) ;
#1941 = CARTESIAN_POINT ( 'NONE',  ( 3.061616997868383100E-016, 3.500000000000000000, -2.500000000000000000 ) ) ;
#1942 = CARTESIAN_POINT ( 'NONE',  ( 12.16943688249379600, -3.327076894493239800, -65.00000000000000000 ) ) ;
#1943 = CARTESIAN_POINT ( 'NONE',  ( -6.674238266302834800, 1.583576310168084200, -81.05940348444087800 ) ) ;
#1944 = CARTESIAN_POINT ( 'NONE',  ( -1.419085416410033300, 4.061546986379974000, 34.99999999999999300 ) ) ;
#1945 = CARTESIAN_POINT ( 'NONE',  ( 5.854519652896589000, 0.4455999427191610400, 91.60000000000023600 ) ) ;
#1946 = CARTESIAN_POINT ( 'NONE',  ( 1.640044527041072000, -1.304552257151461600, 91.60000000000003700 ) ) ;
#1947 = ADVANCED_FACE ( 'NONE', ( #1197 ), #4410, .T. ) ;
#1948 = CARTESIAN_POINT ( 'NONE',  ( 4.847452110742711500, -3.105299086797476300, -96.93026705474061100 ) ) ;
#1949 = CARTESIAN_POINT ( 'NONE',  ( 2.540364089724481500, -0.7808014321157682500, -78.32837450158147900 ) ) ;
#1950 = CARTESIAN_POINT ( 'NONE',  ( -5.565988433780144200, 0.4999462315252330400, -91.59999999999998000 ) ) ;
#1951 = CARTESIAN_POINT ( 'NONE',  ( 6.311228347479147500, -3.188020217679367300, -91.60000000000000900 ) ) ;
#1952 = CARTESIAN_POINT ( 'NONE',  ( 3.457703102934873900, 3.253894066436547200, -23.22278503917813800 ) ) ;
#1953 = CARTESIAN_POINT ( 'NONE',  ( 1.400444876332448400, -1.490975019170152300, -5.326060683695746300 ) ) ;
#1954 = CARTESIAN_POINT ( 'NONE',  ( -6.529900784769971300, -0.08561787321504903100, -80.99970668522560400 ) ) ;
#1955 = CARTESIAN_POINT ( 'NONE',  ( -0.5508116812163015300, -1.752031084320056800, 91.59999999999998000 ) ) ;
#1956 = CARTESIAN_POINT ( 'NONE',  ( -8.282092450961931400, -2.361934582287275500, 78.15513579244570500 ) ) ;
#1957 = CARTESIAN_POINT ( 'NONE',  ( 6.324681188308105100, -0.2727009766986720500, 91.59999999999996600 ) ) ;
#1958 = CARTESIAN_POINT ( 'NONE',  ( -5.285901998916067200, -2.961531500974945000, 1.539376868236037600 ) ) ;
#1959 = CARTESIAN_POINT ( 'NONE',  ( 8.970380752774318000, -3.389904122731395700, -84.90387242486120600 ) ) ;
#1960 = CARTESIAN_POINT ( 'NONE',  ( -7.172288267921467200, 2.624999941600651100, -70.40640833689933200 ) ) ;
#1961 = CARTESIAN_POINT ( 'NONE',  ( -5.500000000000000000, -3.500000000000000000, 101.5999999999999900 ) ) ;
#1962 = CARTESIAN_POINT ( 'NONE',  ( 6.882979133331260400, 3.247758944071403400, 65.00000000000000000 ) ) ;
#1963 = CARTESIAN_POINT ( 'NONE',  ( 5.848620957453592300, -0.5575174876767254900, 86.28043767949668600 ) ) ;
#1964 = CARTESIAN_POINT ( 'NONE',  ( 1.141570316556769000, -2.060254961280371800, -93.14015673250037300 ) ) ;
#1965 = CARTESIAN_POINT ( 'NONE',  ( 1.485112572646767500, -1.248997359055809000, -84.97206947942324000 ) ) ;
#1966 = CARTESIAN_POINT ( 'NONE',  ( -6.836143175166427000, 3.249825630778890900, -64.99999999999997200 ) ) ;
#1967 = CARTESIAN_POINT ( 'NONE',  ( -0.9078375051027158800, -1.721121880917405800, -94.11631880615279000 ) ) ;
#1968 = CARTESIAN_POINT ( 'NONE',  ( 5.477188090692726200, 1.789020910303784900, 0.5166740199717598800 ) ) ;
#1969 = VECTOR ( 'NONE', #1592, 999.9999999999998900 ) ;
#1970 = CARTESIAN_POINT ( 'NONE',  ( 4.032851460472246100, -2.807047847111086000, -3.750856762935957300 ) ) ;
#1971 = CARTESIAN_POINT ( 'NONE',  ( 1.037758750742042500, 1.133609295778317000, -5.401907247273878300 ) ) ;
#1972 = CARTESIAN_POINT ( 'NONE',  ( -5.902137354850234300, -2.604209595477471800, 84.95796504409023000 ) ) ;
#1973 = CARTESIAN_POINT ( 'NONE',  ( -7.613874176886488600, -3.307857466264385100, 91.59999999999999400 ) ) ;
#1974 = CARTESIAN_POINT ( 'NONE',  ( 6.719928352310025900, 0.4732518132102580500, 86.34474821525144300 ) ) ;
#1975 = CARTESIAN_POINT ( 'NONE',  ( -5.499854576771783200, -3.242047998893700100, 0.04071030436381234400 ) ) ;
#1976 = CARTESIAN_POINT ( 'NONE',  ( 12.09979379412483300, -3.369877819041294600, -67.55909717194889200 ) ) ;
#1977 = CARTESIAN_POINT ( 'NONE',  ( -7.673587860730875400, 2.755449905536768300, -64.99999999999994300 ) ) ;
#1978 = CARTESIAN_POINT ( 'NONE',  ( -5.500000000000000000, -3.500000000000000000, 101.5999999999999900 ) ) ;
#1979 = CARTESIAN_POINT ( 'NONE',  ( 6.336700388205286100, 1.582697808480197000, 81.00527011294704500 ) ) ;
#1980 = CARTESIAN_POINT ( 'NONE',  ( 6.115250012323455700, -0.1141293804510270800, 80.96049127167033500 ) ) ;
#1981 = CARTESIAN_POINT ( 'NONE',  ( 6.675811680763419400, -3.278905605860806400, -91.60000000000000900 ) ) ;
#1982 = CARTESIAN_POINT ( 'NONE',  ( 0.4735081097597123000, -1.732863964378639700, -91.59999999999998000 ) ) ;
#1983 = CARTESIAN_POINT ( 'NONE',  ( -5.579615861907044800, 0.5000268348307304000, -91.59999999999998000 ) ) ;
#1984 = CARTESIAN_POINT ( 'NONE',  ( 5.500000000000000000, -3.500000000000000000, -101.5999999999999900 ) ) ;
#1985 = CARTESIAN_POINT ( 'NONE',  ( 5.175255267363547200, 3.444511200154714900, 10.55173538362115000 ) ) ;
#1986 = CARTESIAN_POINT ( 'NONE',  ( -7.058442637948467700, 0.3085568896263893300, -81.05463001415944300 ) ) ;
#1987 = CARTESIAN_POINT ( 'NONE',  ( -13.26915514171067100, -3.492244288815581100, 40.00417574954925500 ) ) ;
#1988 = B_SPLINE_CURVE_WITH_KNOTS ( 'NONE', 3,
 ( #4146, #3818, #4615, #1356, #548, #2988, #4649, #3431, #2184, #3002, #3835, #1388, #4242, #2216, #5085, #153, #1006, #3071, #583, #2233, #194, #3874, #1046, #3483, #4728, #1419, #2676, #3912, #5126, #4688, #1024, #3893, #2254, #1067, #2291, #5184 ),
 .UNSPECIFIED., .F., .F.,
 ( 4, 2, 2, 2, 2, 2, 2, 2, 2, 2, 2, 2, 2, 2, 2, 2, 2, 4 ),
 ( 0.0000000000000000000, 3.523397945295991900E-005, 7.046795890591983900E-005, 0.0001409359178118397000, 0.0002818718356236797300, 0.0005637436712473594700, 0.001127487342494719400, 0.002254974684989438700, 0.002818718356236798300, 0.003100590191860478300, 0.003382462027484157900, 0.003946205698731517500, 0.004509949369978877500, 0.005637436712473599200, 0.006201180383720958400, 0.006764924054968317500, 0.007892411397463036700, 0.009019898739957756700 ),
 .UNSPECIFIED. ) ;
#1989 = CARTESIAN_POINT ( 'NONE',  ( 5.499451338317272500, -3.269916917967140300, -0.09934841964374800700 ) ) ;
#1990 = CARTESIAN_POINT ( 'NONE',  ( -5.693469306443474500, -0.8079687229036501800, 67.67363234640063800 ) ) ;
#1991 = CARTESIAN_POINT ( 'NONE',  ( -12.13144498441480000, -3.290180947385321600, 65.00000000000000000 ) ) ;
#1992 = CARTESIAN_POINT ( 'NONE',  ( 7.131227184418840200, 1.187187843435921800, 81.08971980031125800 ) ) ;
#1993 = CARTESIAN_POINT ( 'NONE',  ( 5.225223840640141200, -3.429184591355484400, -1.716693279303529000 ) ) ;
#1994 = EDGE_CURVE ( 'NONE', #3522, #4690, #527, .T. ) ;
#1995 = CARTESIAN_POINT ( 'NONE',  ( 8.970114244993046900, -3.371699922788969200, -84.90127791072826800 ) ) ;
#1996 = CARTESIAN_POINT ( 'NONE',  ( -6.548204248747945000, 1.603147789367734200, -81.04386737226410300 ) ) ;
#1997 = CARTESIAN_POINT ( 'NONE',  ( -5.452379978716774800, -3.390714092315537900, 0.0000000000000000000 ) ) ;
#1998 = CARTESIAN_POINT ( 'NONE',  ( 6.008353362658267500, 1.021954744311182900, 86.29334803102024400 ) ) ;
#1999 = CARTESIAN_POINT ( 'NONE',  ( 5.586906639779927600, -0.9999109580733647200, 91.59999999999996600 ) ) ;
#2000 = CARTESIAN_POINT ( 'NONE',  ( 1.557300761830803200, -2.557322722032138600, -98.30928583163678500 ) ) ;
#2001 = ORIENTED_EDGE ( 'NONE', *, *, #3825, .T. ) ;
#2002 = CIRCLE ( 'NONE', #5269, 1.250000000000002000 ) ;
#2003 = CC_DESIGN_APPROVAL ( #150, ( #2468 ) ) ;
#2004 = CARTESIAN_POINT ( 'NONE',  ( 1.240633887389811100, -1.175204631573433700, -85.02025008753678000 ) ) ;
#2005 = CARTESIAN_POINT ( 'NONE',  ( 0.6662050089360999100, 1.474103785532560500, -72.90118987334980700 ) ) ;
#2006 = CARTESIAN_POINT ( 'NONE',  ( -5.175315884351128700, -0.1696569241813815600, -98.38101291942410900 ) ) ;
#2007 = DIRECTION ( 'NONE',  ( -0.8075565027142513900, -0.5897902126382969000, -0.0000000000000000000 ) ) ;
#2008 = DIRECTION ( 'NONE',  ( 0.0000000000000000000, 0.0000000000000000000, 1.000000000000000000 ) ) ;
#2009 = ORIENTED_EDGE ( 'NONE', *, *, #4267, .T. ) ;
#2010 = CARTESIAN_POINT ( 'NONE',  ( 5.499899027494703500, -3.252912044328662800, -0.03355098057960232600 ) ) ;
#2011 = VERTEX_POINT ( 'NONE', #3947 ) ;
#2012 = DIRECTION ( 'NONE',  ( 0.0000000000000000000, -0.0000000000000000000, 1.000000000000000000 ) ) ;
#2013 = CARTESIAN_POINT ( 'NONE',  ( -12.09961438355102800, -3.346823178263799400, 67.55796246428971600 ) ) ;
#2014 = CARTESIAN_POINT ( 'NONE',  ( 7.815085932604241700, 2.207721375224171600, 65.00000000000000000 ) ) ;
#2015 = VERTEX_POINT ( 'NONE', #1779 ) ;
#2016 = CARTESIAN_POINT ( 'NONE',  ( -5.499921902384163500, -3.252158485179836000, 0.02950898033606895800 ) ) ;
#2017 = CARTESIAN_POINT ( 'NONE',  ( 10.29290640064398100, -3.383567558176026900, -78.19966644558428500 ) ) ;
#2018 = CARTESIAN_POINT ( 'NONE',  ( -6.549883099626172500, 1.603059247592111500, -81.04409992298963100 ) ) ;
#2019 = CARTESIAN_POINT ( 'NONE',  ( -5.495108959702396800, -3.314217173722037400, 23.94290938275108300 ) ) ;
#2020 = CARTESIAN_POINT ( 'NONE',  ( 5.592542709740243400, 0.4998895431517681500, 91.59999999999998000 ) ) ;
#2021 = CARTESIAN_POINT ( 'NONE',  ( 6.592880482700737200, 0.7839195207360785100, 70.32584826533945900 ) ) ;
#2022 = CARTESIAN_POINT ( 'NONE',  ( -6.143903355988563900, -1.070563694062896900, -97.48172458847388100 ) ) ;
#2023 = CARTESIAN_POINT ( 'NONE',  ( 3.102476923854471800, 0.4322654118848899300, -65.00000000000000000 ) ) ;
#2024 = CARTESIAN_POINT ( 'NONE',  ( 0.4600450460384835600, 1.916126946105138200, -68.95022003946367300 ) ) ;
#2025 = CARTESIAN_POINT ( 'NONE',  ( 5.497660726117635100, 1.593373963148305300, 0.1635890459662168700 ) ) ;
#2026 = CARTESIAN_POINT ( 'NONE',  ( -12.65598953907061900, -3.493772401673342900, 52.50208787477462400 ) ) ;
#2027 = DIRECTION ( 'NONE',  ( 0.0000000000000000000, 0.0000000000000000000, -1.000000000000000000 ) ) ;
#2028 = CARTESIAN_POINT ( 'NONE',  ( -11.14313200150176700, -2.895621129018439700, 70.02418733614972300 ) ) ;
#2029 = CARTESIAN_POINT ( 'NONE',  ( 6.984957542054771400, 1.399935842589649100, 81.08498772180637100 ) ) ;
#2030 = ORIENTED_EDGE ( 'NONE', *, *, #5013, .T. ) ;
#2031 = CARTESIAN_POINT ( 'NONE',  ( 10.23027043352260000, -3.454923758496593900, -78.25925899209077800 ) ) ;
#2032 = LINE ( 'NONE', #4024, #215 ) ;
#2033 = CARTESIAN_POINT ( 'NONE',  ( 0.2003605797935595100, 1.809459859870980800, 9.814524093659249700 ) ) ;
#2034 = CARTESIAN_POINT ( 'NONE',  ( 5.878653899202250300, 1.026167012467467300, 86.27942244756098900 ) ) ;
#2035 = AXIS2_PLACEMENT_3D ( 'NONE', #2672, #3086, #616 ) ;
#2036 = CARTESIAN_POINT ( 'NONE',  ( 5.592872297305001800, -0.9997996483548975400, 91.59999999999996600 ) ) ;
#2037 = CARTESIAN_POINT ( 'NONE',  ( 0.05052419252702244200, -1.627316599414467600, -91.59999999999998000 ) ) ;
#2038 = LINE ( 'NONE', #2113, #355 ) ;
#2039 = CARTESIAN_POINT ( 'NONE',  ( 0.9554873441741139600, -0.2846749504638596000, -78.88710329366605800 ) ) ;
#2040 = CARTESIAN_POINT ( 'NONE',  ( -4.093176569671714800, 0.4309039440911763800, -91.60000000000006500 ) ) ;
#2041 = CARTESIAN_POINT ( 'NONE',  ( -12.18621593976100400, -3.385236306872472700, 65.00000000000000000 ) ) ;
#2042 = CARTESIAN_POINT ( 'NONE',  ( -3.114568151336391600, 0.4578395495828923000, 65.00000000000000000 ) ) ;
#2043 = CARTESIAN_POINT ( 'NONE',  ( 12.18750309297847200, -3.437483214734717900, -64.99999999999994300 ) ) ;
#2044 = DIRECTION ( 'NONE',  ( -0.0000000000000000000, 1.000000000000000000, -0.0000000000000000000 ) ) ;
#2045 = CARTESIAN_POINT ( 'NONE',  ( -12.17712268095105800, -3.342739053428265700, 65.00000000000000000 ) ) ;
#2046 = CARTESIAN_POINT ( 'NONE',  ( 7.816024788943287200, 2.297420356611036500, 64.99999999999998600 ) ) ;
#2047 = CARTESIAN_POINT ( 'NONE',  ( -7.567520566074685800, 1.182952985592119000, -70.41269793781570700 ) ) ;
#2048 = CARTESIAN_POINT ( 'NONE',  ( 0.0000000000000000000, -3.500000000000000000, 0.0000000000000000000 ) ) ;
#2049 = CARTESIAN_POINT ( 'NONE',  ( 12.18489663741198300, -3.401443045118024400, -65.00000000000000000 ) ) ;
#2050 = CARTESIAN_POINT ( 'NONE',  ( -13.38646216366368700, -3.477555676979774200, 23.02707477314376300 ) ) ;
#2051 = CARTESIAN_POINT ( 'NONE',  ( 6.546371037064115100, 2.051464759414991100, 75.63473780016907700 ) ) ;
#2052 = CARTESIAN_POINT ( 'NONE',  ( 6.644133670718318300, 1.264262982704586400, 64.99999999999998600 ) ) ;
#2053 = CARTESIAN_POINT ( 'NONE',  ( 5.500000000000000000, -3.500000000000000000, -101.5999999999999900 ) ) ;
#2054 = CARTESIAN_POINT ( 'NONE',  ( 2.316639603144688300, 0.3892316496010324600, -71.34784493958852600 ) ) ;
#2055 = CARTESIAN_POINT ( 'NONE',  ( -5.009000750676852600, 3.197687695426675100, -64.99999999999998600 ) ) ;
#2056 = CARTESIAN_POINT ( 'NONE',  ( 1.570508238728616200, -1.275399761486496500, -84.95516856332004400 ) ) ;
#2057 = DIRECTION ( 'NONE',  ( 0.0000000000000000000, -0.0000000000000000000, 1.000000000000000000 ) ) ;
#2058 = CARTESIAN_POINT ( 'NONE',  ( -3.109878336842438500, 5.278925673685591800, -35.00000000000002800 ) ) ;
#2059 = CARTESIAN_POINT ( 'NONE',  ( -10.26486684371340800, -3.432247612396968500, 78.21365813640650800 ) ) ;
#2060 = CARTESIAN_POINT ( 'NONE',  ( 7.703874298539448200, 2.702217739350506700, 64.99999999999994300 ) ) ;
#2061 = CARTESIAN_POINT ( 'NONE',  ( -6.552736663511048200, -0.2662025429009796100, -86.32634896890763800 ) ) ;
#2062 = CARTESIAN_POINT ( 'NONE',  ( -5.500000000000000000, -3.500000000000000000, 101.5999999999999900 ) ) ;
#2063 = AXIS2_PLACEMENT_3D ( 'NONE', #602, #1441, #3112 ) ;
#2064 = CARTESIAN_POINT ( 'NONE',  ( 12.02946373356230800, -3.460804824644049900, -67.62781773001950100 ) ) ;
#2065 = CARTESIAN_POINT ( 'NONE',  ( -13.33794258506136300, -3.498520748388761700, 35.00000000000001400 ) ) ;
#2066 = CARTESIAN_POINT ( 'NONE',  ( 5.871049480854472000, 1.025423365042032800, 86.27853137749254100 ) ) ;
#2067 = CARTESIAN_POINT ( 'NONE',  ( 6.325522424406660300, -0.1214198515688798600, 80.98128885883903600 ) ) ;
#2068 = ORIENTED_EDGE ( 'NONE', *, *, #1234, .T. ) ;
#2069 = CARTESIAN_POINT ( 'NONE',  ( 0.4416694836616071300, -2.496975873700542500, -99.10883661267729400 ) ) ;
#2070 = CARTESIAN_POINT ( 'NONE',  ( -7.563080686523447200, 1.177180673536578400, -70.41220875969946700 ) ) ;
#2071 = ORIENTED_EDGE ( 'NONE', *, *, #697, .F. ) ;
#2072 = CARTESIAN_POINT ( 'NONE',  ( 3.275758061198933600, 1.090385535541952700, -68.28334292090507100 ) ) ;
#2073 = CARTESIAN_POINT ( 'NONE',  ( 8.917949369175069300, -2.111708114796207300, -64.99999999999994300 ) ) ;
#2074 = DIRECTION ( 'NONE',  ( -0.9703053751617990400, 0.2418831927441851500, 0.0000000000000000000 ) ) ;
#2075 = CARTESIAN_POINT ( 'NONE',  ( 7.456987757109556200, 5.500000000000005300, 45.03262229995771500 ) ) ;
#2076 = VERTEX_POINT ( 'NONE', #3929 ) ;
#2077 = CARTESIAN_POINT ( 'NONE',  ( 12.81842673036878100, -3.346424057976369300, -52.50133064449435200 ) ) ;
#2078 = CARTESIAN_POINT ( 'NONE',  ( -5.210932498510611100, -3.429072555626031500, 0.0000000000000000000 ) ) ;
#2079 = CARTESIAN_POINT ( 'NONE',  ( -10.29051840989919200, -3.397246091402566400, 78.20108394198791800 ) ) ;
#2080 = CARTESIAN_POINT ( 'NONE',  ( 7.640188991374171400, 2.282989125779439500, 70.44769957515151800 ) ) ;
#2081 = CARTESIAN_POINT ( 'NONE',  ( -3.802750811285671600, -2.391710323619127700, 97.37052488504970400 ) ) ;
#2082 = EDGE_LOOP ( 'NONE', ( #4717, #2068, #2768, #2386 ) ) ;
#2083 = CARTESIAN_POINT ( 'NONE',  ( -6.533835026603593800, -0.2881415343209994800, -86.32498767742852400 ) ) ;
#2084 = CARTESIAN_POINT ( 'NONE',  ( 7.641873849492504300, -3.473890898904950000, -91.60000000000000900 ) ) ;
#2085 = CARTESIAN_POINT ( 'NONE',  ( -4.042823936430568000, 0.04683820484905505000, 65.00000000000000000 ) ) ;
#2086 = LINE ( 'NONE', #663, #641 ) ;
#2087 = CARTESIAN_POINT ( 'NONE',  ( 4.267398702843086000, 3.137589174562621000, 65.00000000000000000 ) ) ;
#2088 = CARTESIAN_POINT ( 'NONE',  ( 6.085185394108310500, -0.5460765632072309700, 86.29601873208369500 ) ) ;
#2089 = PERSON_AND_ORGANIZATION_ROLE ( 'design_supplier' ) ;
#2090 = CARTESIAN_POINT ( 'NONE',  ( 0.09926796821879206600, -0.3824172440725708300, -91.60000000000000900 ) ) ;
#2091 = CARTESIAN_POINT ( 'NONE',  ( 5.405684434632529900, -2.962281127268910500, -91.60000000000009400 ) ) ;
#2092 = CARTESIAN_POINT ( 'NONE',  ( 5.499983423329586800, 1.511335797240829200, 0.0000000000000000000 ) ) ;
#2093 = CARTESIAN_POINT ( 'NONE',  ( -0.2839642420000842400, -1.001630237523277300, 5.499999999999990200 ) ) ;
#2094 = FACE_OUTER_BOUND ( 'NONE', #2270, .T. ) ;
#2095 = CARTESIAN_POINT ( 'NONE',  ( 4.317614659480442500, 2.941970477357747100, 3.415032071104044100 ) ) ;
#2096 = CARTESIAN_POINT ( 'NONE',  ( -5.914071641693516000, 5.500000000000001800, -35.00000000000000000 ) ) ;
#2097 = EDGE_CURVE ( 'NONE', #2011, #2959, #5248, .T. ) ;
#2098 = CARTESIAN_POINT ( 'NONE',  ( -3.709654565632028300, 1.643812679281249700, 23.26334147378031500 ) ) ;
#2099 = CARTESIAN_POINT ( 'NONE',  ( -7.663961752398668300, -3.355523901087058100, 91.60000000000000900 ) ) ;
#2100 = CARTESIAN_POINT ( 'NONE',  ( 7.152668655156570100, 2.629615217531823500, 70.40386737226397400 ) ) ;
#2101 = FACE_OUTER_BOUND ( 'NONE', #3341, .T. ) ;
#2102 = CARTESIAN_POINT ( 'NONE',  ( -7.054506001829140300, 0.4036541274428615000, -75.72332945721737500 ) ) ;
#2103 = CIRCLE ( 'NONE', #985, 0.1124999999999997500 ) ;
#2104 = CARTESIAN_POINT ( 'NONE',  ( 0.0000000000000000000, -3.500000000000000000, 0.0000000000000000000 ) ) ;
#2105 = CARTESIAN_POINT ( 'NONE',  ( 10.23257998441519900, -3.450393278192283900, -78.25289115165121200 ) ) ;
#2106 = CARTESIAN_POINT ( 'NONE',  ( -4.888944653252027100, 2.662847721955357500, 44.17831464003693000 ) ) ;
#2107 = CARTESIAN_POINT ( 'NONE',  ( -0.4600450460384835600, 1.916126946105138200, 68.95022003946367300 ) ) ;
#2108 = AXIS2_PLACEMENT_3D ( 'NONE', #2557, #4644, #1368 ) ;
#2109 = CARTESIAN_POINT ( 'NONE',  ( 7.056746894229207500, 1.278885164626932800, 65.00000000000000000 ) ) ;
#2110 = CARTESIAN_POINT ( 'NONE',  ( -5.967625397695600900, -0.8887164503897334600, -91.59999999999973900 ) ) ;
#2111 = CARTESIAN_POINT ( 'NONE',  ( 4.864424039845571800, 0.4772476029195476000, -67.95257729464056200 ) ) ;
#2112 = CARTESIAN_POINT ( 'NONE',  ( 6.849538830069498400, -3.322213288798760100, -91.59999999999999400 ) ) ;
#2113 = CARTESIAN_POINT ( 'NONE',  ( -7.269155141710674800, -0.1137363113263521500, 35.00000000000000000 ) ) ;
#2114 = CARTESIAN_POINT ( 'NONE',  ( -2.712727051717077800, -2.117652668699539800, 4.817335496501476300 ) ) ;
#2115 = CARTESIAN_POINT ( 'NONE',  ( 8.162881740689112300, 5.209115622387726000, 35.00000000000000000 ) ) ;
#2116 = CARTESIAN_POINT ( 'NONE',  ( 13.43328611421113200, -3.437700506014824200, -35.00000000000008500 ) ) ;
#2117 = CARTESIAN_POINT ( 'NONE',  ( 4.887793014709653300, 0.3980046945130481000, 0.0000000000000000000 ) ) ;
#2118 = CARTESIAN_POINT ( 'NONE',  ( -7.660525982613998000, -3.348687647808161700, 91.60000000000000900 ) ) ;
#2119 = CARTESIAN_POINT ( 'NONE',  ( 6.109327205984086200, 0.2749533995893548300, 91.60000000000026400 ) ) ;
#2120 = CARTESIAN_POINT ( 'NONE',  ( -1.855223084407636900, -1.876771981872852300, 98.48528102659125200 ) ) ;
#2121 = DIRECTION ( 'NONE',  ( 0.0000000000000000000, 0.0000000000000000000, 1.000000000000000000 ) ) ;
#2122 = CARTESIAN_POINT ( 'NONE',  ( -13.26915514171067500, -3.492244288815582900, 35.00000000000000000 ) ) ;
#2123 = CARTESIAN_POINT ( 'NONE',  ( -1.349305803138686400, 2.046140262461224200, 65.00000000000000000 ) ) ;
#2124 = CARTESIAN_POINT ( 'NONE',  ( 5.929178605221165900, -0.9109617970203784900, 91.59999999999976700 ) ) ;
#2125 = CARTESIAN_POINT ( 'NONE',  ( 4.119641037445180000, 1.048037814065636300, -64.99999999999994300 ) ) ;
#2126 = CARTESIAN_POINT ( 'NONE',  ( 4.130916905878558000, -1.353200623068171000, -78.31363234640065200 ) ) ;
#2127 = CARTESIAN_POINT ( 'NONE',  ( -1.042268434935401200, -0.6909723004562056100, 91.59999999999998000 ) ) ;
#2128 = CARTESIAN_POINT ( 'NONE',  ( 0.04664824619674337600, -1.868037089616290300, -100.0101994566949300 ) ) ;
#2129 = CARTESIAN_POINT ( 'NONE',  ( 6.972292478607136500, 3.249999999999999600, 65.00000000000000000 ) ) ;
#2130 = VERTEX_POINT ( 'NONE', #132 ) ;
#2131 = CARTESIAN_POINT ( 'NONE',  ( 8.534904603162383200, 4.625023821766148100, 35.00000000000002800 ) ) ;
#2132 = CARTESIAN_POINT ( 'NONE',  ( -8.386223776579909000, 0.3776408259240731100, 35.00000000000000000 ) ) ;
#2133 = CARTESIAN_POINT ( 'NONE',  ( 7.598163299628895500, 2.865559062002140100, 64.99999999999997200 ) ) ;
#2134 = VERTEX_POINT ( 'NONE', #1043 ) ;
#2135 = CARTESIAN_POINT ( 'NONE',  ( -6.304359740759720100, -3.454829074453073200, 96.77228008868436900 ) ) ;
#2136 = EDGE_CURVE ( 'NONE', #332, #4690, #1016, .T. ) ;
#2137 = CARTESIAN_POINT ( 'NONE',  ( 11.80054704467097400, -3.501899077608619400, -70.34846376887118400 ) ) ;
#2138 = CARTESIAN_POINT ( 'NONE',  ( 0.0000000000000000000, 3.500000000000000000, 0.0000000000000000000 ) ) ;
#2139 = CARTESIAN_POINT ( 'NONE',  ( -3.443246196862034900, 0.7427238252604905200, 71.56753185437116800 ) ) ;
#2140 = CARTESIAN_POINT ( 'NONE',  ( 7.568115455234868200, 0.9473495702130605400, 75.81784345939784900 ) ) ;
#2141 = CARTESIAN_POINT ( 'NONE',  ( -7.233200209031307900, 1.343124616011312800, -65.00000000000000000 ) ) ;
#2142 = CARTESIAN_POINT ( 'NONE',  ( 6.416658221636000200, -0.2465062408579819000, -67.72921327587282300 ) ) ;
#2143 = ORIENTED_EDGE ( 'NONE', *, *, #1508, .F. ) ;
#2144 = CARTESIAN_POINT ( 'NONE',  ( -7.144134454732885300, 1.161351121987985300, -81.08982916283969200 ) ) ;
#2145 = CARTESIAN_POINT ( 'NONE',  ( -5.500000000000000000, -3.500000000000000000, 101.5999999999999900 ) ) ;
#2146 = CARTESIAN_POINT ( 'NONE',  ( -1.458233081073477800, -1.603710014415314500, 0.0000000000000000000 ) ) ;
#2147 = CARTESIAN_POINT ( 'NONE',  ( -6.302082052002060000, 0.9546598742056270300, -86.32040532838783500 ) ) ;
#2148 = CARTESIAN_POINT ( 'NONE',  ( 7.312499999999926300, -21.11747082298127500, 35.00000000000000000 ) ) ;
#2149 = CARTESIAN_POINT ( 'NONE',  ( 6.615950624458279500, 1.595782281889496200, 81.05265374612191900 ) ) ;
#2150 = B_SPLINE_CURVE_WITH_KNOTS ( 'NONE', 3,
 ( #889, #2649, #3067, #3761, #2176, #190, #1347, #63, #3373, #907, #5011, #3479, #4724, #5120, #4624, #510, #3889, #3778, #5139, #1434, #1742, #1315, #4187, #1725, #3500, #2943, #597, #1331, #4312, #1020, #1455, #78, #1759, #4292, #479, #3388 ),
 .UNSPECIFIED., .F., .F.,
 ( 4, 2, 2, 2, 2, 2, 2, 2, 2, 2, 2, 2, 2, 2, 2, 2, 2, 4 ),
 ( 0.0000000000000000000, 3.523397945295991900E-005, 7.046795890591983900E-005, 0.0001409359178118397000, 0.0002818718356236797300, 0.0005637436712473594700, 0.001127487342494719400, 0.002254974684989438700, 0.002818718356236798300, 0.003100590191860478300, 0.003382462027484157900, 0.003946205698731517500, 0.004509949369978877500, 0.005637436712473599200, 0.006201180383720958400, 0.006764924054968317500, 0.007892411397463036700, 0.009019898739957756700 ),
 .UNSPECIFIED. ) ;
#2151 = CARTESIAN_POINT ( 'NONE',  ( -7.402019915310493300, -3.261640489513562900, 91.93887023107065200 ) ) ;
#2152 = CARTESIAN_POINT ( 'NONE',  ( -13.29785949944605500, -3.502856202887450800, 40.00382185745043300 ) ) ;
#2153 = CARTESIAN_POINT ( 'NONE',  ( -0.6662050089360999100, 1.474103785532560500, 72.90118987334980700 ) ) ;
#2154 = CARTESIAN_POINT ( 'NONE',  ( 6.346835043171594700, -0.4446047206246392900, 86.31220833854443700 ) ) ;
#2155 = CIRCLE ( 'NONE', #2035, 19.99999999999999600 ) ;
#2156 = CARTESIAN_POINT ( 'NONE',  ( 6.923282772886235400, -0.3249535840537120000, -65.00000000000000000 ) ) ;
#2157 = CARTESIAN_POINT ( 'NONE',  ( -7.149079728384628600, 2.302637162982001900, -75.89110255650749100 ) ) ;
#2158 = CARTESIAN_POINT ( 'NONE',  ( -6.554044066990981900, -3.453884755073608000, 96.76691597222581700 ) ) ;
#2159 = CARTESIAN_POINT ( 'NONE',  ( -0.5508116812163015300, -1.752031084320056800, 91.59999999999998000 ) ) ;
#2160 = DIRECTION ( 'NONE',  ( -0.0000000000000000000, 1.000000000000000000, -0.0000000000000000000 ) ) ;
#2161 = EDGE_CURVE ( 'NONE', #2076, #62, #3093, .T. ) ;
#2162 = CARTESIAN_POINT ( 'NONE',  ( 6.026825518760718500, 3.108958647604744400, 23.26988219014421600 ) ) ;
#2163 = CARTESIAN_POINT ( 'NONE',  ( -6.526713906124260100, 1.603832684708401200, -81.04081065677536300 ) ) ;
#2164 = CARTESIAN_POINT ( 'NONE',  ( 6.492683906024118400, 2.245675381711405500, 75.78318951479280900 ) ) ;
#2165 = ORIENTED_EDGE ( 'NONE', *, *, #16, .T. ) ;
#2166 = CARTESIAN_POINT ( 'NONE',  ( -4.416616607757243100, -2.106566525355265900, 92.34736042099463300 ) ) ;
#2167 = CARTESIAN_POINT ( 'NONE',  ( 7.572158415264754100, -3.500276318335800300, -91.59999999999999400 ) ) ;
#2168 = CARTESIAN_POINT ( 'NONE',  ( -6.692734912096676100, -0.02315658714890818400, -81.01466977901910100 ) ) ;
#2169 = CARTESIAN_POINT ( 'NONE',  ( 4.183967513175799600, 0.9736196835288133400, 86.08716063721580300 ) ) ;
#2170 = CARTESIAN_POINT ( 'NONE',  ( 6.066530018149286700, -0.8146350257671234300, 91.59999999999968200 ) ) ;
#2171 = CARTESIAN_POINT ( 'NONE',  ( 3.822171153515124600, -1.100629168772294700, -84.93493680762129800 ) ) ;
#2172 = CARTESIAN_POINT ( 'NONE',  ( -7.138662578550427200, 2.307607740141465000, -75.89057819754329200 ) ) ;
#2173 = CARTESIAN_POINT ( 'NONE',  ( -3.109052673197406900, -1.623752969793905500, 92.73665145521403000 ) ) ;
#2174 = CARTESIAN_POINT ( 'NONE',  ( -3.972976464267841600, -0.07322186080509268700, 67.67485012061081300 ) ) ;
#2175 = DIRECTION ( 'NONE',  ( 0.0000000000000000000, 0.0000000000000000000, -1.000000000000000000 ) ) ;
#2176 = CARTESIAN_POINT ( 'NONE',  ( -5.499740879268513200, 1.469883846861060000, -0.05439817374090261100 ) ) ;
#2177 = CARTESIAN_POINT ( 'NONE',  ( -5.844520774119822600, 2.277506761396692200, -54.98604742037063200 ) ) ;
#2178 = CARTESIAN_POINT ( 'NONE',  ( -6.491159178883281200, 2.243238944795370200, -75.78234551818705700 ) ) ;
#2179 = CARTESIAN_POINT ( 'NONE',  ( -4.723703292664049900, 0.4800804721186269800, -91.59999999999999400 ) ) ;
#2180 = ORIENTED_EDGE ( 'NONE', *, *, #4171, .F. ) ;
#2181 = CARTESIAN_POINT ( 'NONE',  ( -6.606449870277383100, -2.938046997172626600, 91.98338414595545500 ) ) ;
#2182 = CARTESIAN_POINT ( 'NONE',  ( 10.21102555284504200, -3.478397587096092400, -78.28449991209248500 ) ) ;
#2183 = CARTESIAN_POINT ( 'NONE',  ( -5.580948303767071300, -0.9999817380565414500, -91.59999999999998000 ) ) ;
#2184 = CARTESIAN_POINT ( 'NONE',  ( 5.496129928210492300, 1.385351436379871300, 0.2104710196305623900 ) ) ;
#2185 = CARTESIAN_POINT ( 'NONE',  ( -2.968505665854463100, -0.7319335564640252500, 84.96906562615633600 ) ) ;
#2186 = CARTESIAN_POINT ( 'NONE',  ( 7.389778564901099000, 1.435804755371729000, 65.00000000000000000 ) ) ;
#2187 = CARTESIAN_POINT ( 'NONE',  ( -12.18489663741198300, -3.401443045118024400, 65.00000000000000000 ) ) ;
#2188 = CARTESIAN_POINT ( 'NONE',  ( 8.336743089638499500, -1.271097987354326200, -67.59431797477203900 ) ) ;
#2189 = CARTESIAN_POINT ( 'NONE',  ( -7.230147019892015700, 2.258627208278180600, -75.89463540757986900 ) ) ;
#2190 = CARTESIAN_POINT ( 'NONE',  ( -7.613518841526084400, -3.394623430052362300, 91.93448385855174400 ) ) ;
#2191 = ORIENTED_EDGE ( 'NONE', *, *, #2708, .T. ) ;
#2192 = CARTESIAN_POINT ( 'NONE',  ( -1.570508238728616200, -1.275399761486496700, 84.95516856332004400 ) ) ;
#2193 = CARTESIAN_POINT ( 'NONE',  ( -8.208273516211974700, 3.323024600393546200, -45.04881468346339100 ) ) ;
#2194 = CARTESIAN_POINT ( 'NONE',  ( -6.077450197879860700, 0.3054870637028526700, -91.60000000000029300 ) ) ;
#2195 = CARTESIAN_POINT ( 'NONE',  ( -0.06692549524274162000, -0.5607342222052168500, -94.25483705900106200 ) ) ;
#2196 = CARTESIAN_POINT ( 'NONE',  ( -6.111995560820832700, -2.709781947833429500, 91.59999999999998000 ) ) ;
#2197 = AXIS2_PLACEMENT_3D ( 'NONE', #2048, #2914, #3689 ) ;
#2198 = CARTESIAN_POINT ( 'NONE',  ( -6.026825518760718500, 3.108958647604744400, -35.00000000000000000 ) ) ;
#2199 = CARTESIAN_POINT ( 'NONE',  ( -5.502130712212363900, 1.047803763587667600, -70.17399947052757600 ) ) ;
#2200 = CARTESIAN_POINT ( 'NONE',  ( -13.44483379002171300, -3.343927464517825900, 40.00266128898864800 ) ) ;
#2201 = CARTESIAN_POINT ( 'NONE',  ( -6.783327538423542100, -0.2471934027116899900, 65.00000000000000000 ) ) ;
#2202 = CARTESIAN_POINT ( 'NONE',  ( 6.062250888037233700, -0.8183431585436929900, 91.59999999999968200 ) ) ;
#2203 = VERTEX_POINT ( 'NONE', #2307 ) ;
#2204 = CARTESIAN_POINT ( 'NONE',  ( -12.16881461355006900, -3.447846360933811500, 65.00000000000001400 ) ) ;
#2205 = CARTESIAN_POINT ( 'NONE',  ( 1.463058394554389800, -0.8590833059379647800, -91.60000000000000900 ) ) ;
#2206 = CARTESIAN_POINT ( 'NONE',  ( -7.707608884562414000, 2.152647796179195400, -70.44955128996092200 ) ) ;
#2207 = CARTESIAN_POINT ( 'NONE',  ( -3.275973055709789300, -2.206130419742017500, 97.62043125803933200 ) ) ;
#2208 = DIRECTION ( 'NONE',  ( 0.8075565027142513900, -0.5897902126382969000, 0.0000000000000000000 ) ) ;
#2209 = CARTESIAN_POINT ( 'NONE',  ( -4.450010134575926200, -0.1705472125655154700, -97.49799919643973600 ) ) ;
#2210 = CARTESIAN_POINT ( 'NONE',  ( 3.114568151336391600, 0.4578395495828923000, -65.00000000000000000 ) ) ;
#2211 = CARTESIAN_POINT ( 'NONE',  ( -6.092236742730660700, 0.2917300450999967800, -91.60000000000026400 ) ) ;
#2212 = CARTESIAN_POINT ( 'NONE',  ( 6.554044066990981900, -3.453884755073608000, -96.76691597222581700 ) ) ;
#2213 = CARTESIAN_POINT ( 'NONE',  ( -6.675811680763419400, -3.278905605860806400, 91.60000000000000900 ) ) ;
#2214 = CARTESIAN_POINT ( 'NONE',  ( 10.32062157405203400, -1.831970258777327400, -23.15442164759888800 ) ) ;
#2215 = CARTESIAN_POINT ( 'NONE',  ( -6.535346467878443200, 0.7928813756407284700, -70.32049127167033500 ) ) ;
#2216 = CARTESIAN_POINT ( 'NONE',  ( 5.343447216906693800, 0.8368971562719675900, 1.347716767606197200 ) ) ;
#2217 = CARTESIAN_POINT ( 'NONE',  ( 0.2596594483158828900, -0.2747843331839187600, 91.60000000000000900 ) ) ;
#2218 = CARTESIAN_POINT ( 'NONE',  ( 7.619820043331929900, 1.131689195822640000, 75.83799996633804600 ) ) ;
#2219 = CARTESIAN_POINT ( 'NONE',  ( -7.617713430617347300, -3.490099978400008400, 91.59999999999999400 ) ) ;
#2220 = SECURITY_CLASSIFICATION_LEVEL ( 'unclassified' ) ;
#2221 = CARTESIAN_POINT ( 'NONE',  ( 8.110454194089422600, -1.000117603065569200, -65.00000000000000000 ) ) ;
#2222 = CARTESIAN_POINT ( 'NONE',  ( -7.115115268280432800, 1.217241557879603400, -81.08949643050291900 ) ) ;
#2223 = CARTESIAN_POINT ( 'NONE',  ( -6.304359740759720100, -3.454829074453073200, 96.77228008868436900 ) ) ;
#2224 = CARTESIAN_POINT ( 'NONE',  ( -3.775458037453868900, 0.01016806734913096300, 67.73785311825051300 ) ) ;
#2225 = CARTESIAN_POINT ( 'NONE',  ( 5.417448236387047100, -2.482231842833345400, -92.14071003057451000 ) ) ;
#2226 = EDGE_CURVE ( 'NONE', #4169, #3723, #4601, .T. ) ;
#2227 = CARTESIAN_POINT ( 'NONE',  ( 7.376524451966854000, -0.8943941281142757700, -53.47072168711505200 ) ) ;
#2228 = CARTESIAN_POINT ( 'NONE',  ( -6.145900332168970700, 1.003344475910855000, -86.30681790068531700 ) ) ;
#2229 = CARTESIAN_POINT ( 'NONE',  ( 2.105501622571343700, -1.283420647238255000, -93.14104977009940000 ) ) ;
#2230 = CARTESIAN_POINT ( 'NONE',  ( -0.9505398672268596800, -2.539947132595493000, 98.75440387098350900 ) ) ;
#2231 = CARTESIAN_POINT ( 'NONE',  ( 3.709654565632028300, 1.643812679281249700, -23.26334147378031500 ) ) ;
#2232 = CARTESIAN_POINT ( 'NONE',  ( -5.244046432677080800, 0.06102793791293807000, -80.81399947052756300 ) ) ;
#2233 = CARTESIAN_POINT ( 'NONE',  ( 4.702420886933732700, 0.4191362411863028800, 2.854119033140118100 ) ) ;
#2234 = CARTESIAN_POINT ( 'NONE',  ( -6.866021471563688500, -0.4799930348159259200, 67.68749069539161700 ) ) ;
#2235 = CARTESIAN_POINT ( 'NONE',  ( 6.750624557664156800, 0.2311620537453197000, 86.34357632207479600 ) ) ;
#2236 = CARTESIAN_POINT ( 'NONE',  ( -7.674566404867358700, -3.397481256814082000, 91.60000000000002300 ) ) ;
#2237 = CARTESIAN_POINT ( 'NONE',  ( -7.640384419215419800, 1.229422329665369900, -75.84769623111040500 ) ) ;
#2238 = CARTESIAN_POINT ( 'NONE',  ( -7.305889680454702000, 1.381900189330330400, -65.00000000000000000 ) ) ;
#2239 = CARTESIAN_POINT ( 'NONE',  ( 6.921543770171569900, -0.6865290751911890000, -70.35599623766505300 ) ) ;
#2240 = CARTESIAN_POINT ( 'NONE',  ( -6.325032547220736500, -0.2589586058170286200, -91.59999999999998000 ) ) ;
#2241 = CARTESIAN_POINT ( 'NONE',  ( -5.211462668657368600, -3.189792391704306100, 96.86851599800185400 ) ) ;
#2242 = CARTESIAN_POINT ( 'NONE',  ( 6.248688524436889900, 0.9754051228051946500, 86.31604888900467600 ) ) ;
#2243 = CARTESIAN_POINT ( 'NONE',  ( -3.063860362740729900, 0.2883077361362449400, 67.95686089445553100 ) ) ;
#2244 = CARTESIAN_POINT ( 'NONE',  ( 1.855223084407636900, -1.876771981872852300, -98.48528102659125200 ) ) ;
#2245 = ORIENTED_EDGE ( 'NONE', *, *, #2262, .T. ) ;
#2246 = CARTESIAN_POINT ( 'NONE',  ( 10.90634091824162200, -2.627101893737120000, -52.82639375731731900 ) ) ;
#2247 = CARTESIAN_POINT ( 'NONE',  ( -6.497629315978318100, 2.072521118444269100, -75.68954623505582900 ) ) ;
#2248 = CARTESIAN_POINT ( 'NONE',  ( 6.104630885168563600, -2.745342493495884600, -92.03704132010233300 ) ) ;
#2249 = ORIENTED_EDGE ( 'NONE', *, *, #1710, .F. ) ;
#2250 = CARTESIAN_POINT ( 'NONE',  ( -6.307152862957285500, -3.209304469056137900, 91.98489517460844000 ) ) ;
#2251 = ORIENTED_EDGE ( 'NONE', *, *, #398, .T. ) ;
#2252 = CARTESIAN_POINT ( 'NONE',  ( -4.637581098712199300, 0.3050256012237314000, 0.0000000000000000000 ) ) ;
#2253 = CARTESIAN_POINT ( 'NONE',  ( -5.854068925863412400, -0.5581933740062078300, -86.28082747077067400 ) ) ;
#2254 = CARTESIAN_POINT ( 'NONE',  ( 1.392441428748096600, -0.3563023516121678900, 5.332688114656416000 ) ) ;
#2255 = CARTESIAN_POINT ( 'NONE',  ( -6.210348738187612100, 0.06078350836537170500, 65.00000000000000000 ) ) ;
#2256 = CARTESIAN_POINT ( 'NONE',  ( 6.710413380626542700, 0.001407349363945903400, 86.33853791945966800 ) ) ;
#2257 = CARTESIAN_POINT ( 'NONE',  ( -10.24611048990721700, -3.443039919709836500, 78.22958386454317300 ) ) ;
#2258 = CARTESIAN_POINT ( 'NONE',  ( 8.276955102827148600, -3.021238824830460700, -84.87607048162031700 ) ) ;
#2259 = CARTESIAN_POINT ( 'NONE',  ( -7.111959786431945900, 2.320311472625807600, -75.88905113691208700 ) ) ;
#2260 = CARTESIAN_POINT ( 'NONE',  ( -1.141570316556769000, -2.060254961280371800, 93.14015673250037300 ) ) ;
#2261 = CARTESIAN_POINT ( 'NONE',  ( 5.930725949115013900, 0.4096468284710984000, 91.60000000000026400 ) ) ;
#2262 = EDGE_CURVE ( 'NONE', #1668, #1032, #4866, .T. ) ;
#2263 = CARTESIAN_POINT ( 'NONE',  ( -0.3964922264836423500, -1.713958022373678100, 91.59999999999998000 ) ) ;
#2264 = CARTESIAN_POINT ( 'NONE',  ( 7.674438083966977700, -3.353084818829482400, -91.60000000000003700 ) ) ;
#2265 = CARTESIAN_POINT ( 'NONE',  ( 4.028547708209576900, 0.05315460351387792100, -65.00000000000000000 ) ) ;
#2266 = CARTESIAN_POINT ( 'NONE',  ( -6.475679606003765800, 2.114039807575883500, -75.72088057688313300 ) ) ;
#2267 = CARTESIAN_POINT ( 'NONE',  ( 5.500000000000000000, -3.500000000000000000, -101.5999999999999900 ) ) ;
#2268 = CARTESIAN_POINT ( 'NONE',  ( -3.983583382390500900, 2.805021401942735100, 0.0000000000000000000 ) ) ;
#2269 = CARTESIAN_POINT ( 'NONE',  ( -1.557300761830803200, -2.557322722032138600, 98.30928583163678500 ) ) ;
#2270 = EDGE_LOOP ( 'NONE', ( #4498, #3088, #5140, #5209, #2251, #2955 ) ) ;
#2271 = CARTESIAN_POINT ( 'NONE',  ( 10.11465797579507600, -3.496319897800611800, -78.31748053202910900 ) ) ;
#2272 = CARTESIAN_POINT ( 'NONE',  ( -6.653844470736795600, 1.262637212728754800, -64.99999999999998600 ) ) ;
#2273 = CARTESIAN_POINT ( 'NONE',  ( -7.575599249541222800, -0.6955032015643718400, 65.00000000000000000 ) ) ;
#2274 = CARTESIAN_POINT ( 'NONE',  ( 7.674863301620990600, 1.341122117860140200, 70.42496488473321400 ) ) ;
#2275 = CARTESIAN_POINT ( 'NONE',  ( -8.832734828260328200, -3.496675217658393700, 84.95874026601454400 ) ) ;
#2276 = CARTESIAN_POINT ( 'NONE',  ( 9.847203325464706200, -2.197763591662127900, -70.02989909491600400 ) ) ;
#2277 = CARTESIAN_POINT ( 'NONE',  ( -7.107083873906442600, 1.231356522517754500, -81.08934976443546800 ) ) ;
#2278 = CARTESIAN_POINT ( 'NONE',  ( -1.134145014508740600, -1.897447705419733800, 91.59999999999999400 ) ) ;
#2279 = CARTESIAN_POINT ( 'NONE',  ( 6.471902465956846500, 2.144984873022814000, 75.73823792957206500 ) ) ;
#2280 = CARTESIAN_POINT ( 'NONE',  ( -2.072540673559688100, 0.4614864690042545500, 71.49480833502201400 ) ) ;
#2281 = CARTESIAN_POINT ( 'NONE',  ( 2.105501622571343700, -1.283420647238255000, -93.14104977009940000 ) ) ;
#2282 = CIRCLE ( 'NONE', #4308, 0.7499999999999997800 ) ;
#2283 = CARTESIAN_POINT ( 'NONE',  ( -7.810700331786265800, 2.494236761034255100, -65.00000000000000000 ) ) ;
#2284 = CARTESIAN_POINT ( 'NONE',  ( -5.978753288636692500, 1.023511695293171300, -86.29036276801043900 ) ) ;
#2285 = CARTESIAN_POINT ( 'NONE',  ( 7.576290573974581800, -3.293550582068236500, -91.93936013234511500 ) ) ;
#2286 = CARTESIAN_POINT ( 'NONE',  ( 0.2134503257450141900, 1.498654073772275800, 0.0000000000000000000 ) ) ;
#2287 = CARTESIAN_POINT ( 'NONE',  ( -7.636679237642790800, 1.711310004182867100, -75.88545356344464200 ) ) ;
#2288 = CARTESIAN_POINT ( 'NONE',  ( 0.9078375051027158800, -1.721121880917405800, 94.11631880615279000 ) ) ;
#2289 = CARTESIAN_POINT ( 'NONE',  ( 11.78010181972357100, -3.495955262682059600, -70.35496106405817300 ) ) ;
#2290 = CARTESIAN_POINT ( 'NONE',  ( -5.932443280641756200, -0.5608587569424999800, -86.28635124005518300 ) ) ;
#2291 = CARTESIAN_POINT ( 'NONE',  ( 0.3465883073302139000, -0.7444534312052337700, 5.500000000000009800 ) ) ;
#2292 = CARTESIAN_POINT ( 'NONE',  ( -8.575225733001888200, -1.529501592389309600, 70.13415675375561900 ) ) ;
#2293 = CARTESIAN_POINT ( 'NONE',  ( 6.741240425643340500, 0.3809282834357070600, 86.34486761787540800 ) ) ;
#2294 = CARTESIAN_POINT ( 'NONE',  ( -12.08567792179114700, -3.500033375735298200, 65.00000000000000000 ) ) ;
#2295 = CARTESIAN_POINT ( 'NONE',  ( 9.582292136618200100, -1.949647561176319100, -67.54701539812400300 ) ) ;
#2296 = CARTESIAN_POINT ( 'NONE',  ( -7.816024788943287200, 2.297420356611036500, -64.99999999999998600 ) ) ;
#2297 = CARTESIAN_POINT ( 'NONE',  ( -6.311228347479147500, -3.188020217679367300, 91.60000000000000900 ) ) ;
#2298 = CARTESIAN_POINT ( 'NONE',  ( 6.145900332168970700, 1.003344475910855000, 86.30681790068531700 ) ) ;
#2299 = CARTESIAN_POINT ( 'NONE',  ( 0.01785865227413020700, -1.616904621234853500, 91.59999999999998000 ) ) ;
#2300 = CARTESIAN_POINT ( 'NONE',  ( 6.367150278152977600, -3.340552441766227300, -96.77279941328799900 ) ) ;
#2301 = CARTESIAN_POINT ( 'NONE',  ( 3.922467100098260100, -0.1881423901954560600, -70.35034765337528000 ) ) ;
#2302 = CARTESIAN_POINT ( 'NONE',  ( -7.305907562744490500, 3.119204873651812100, -65.00000000000000000 ) ) ;
#2303 = CARTESIAN_POINT ( 'NONE',  ( 5.500000000000000000, -3.500000000000000000, -101.5999999999999900 ) ) ;
#2304 = CARTESIAN_POINT ( 'NONE',  ( 1.419085416410033100, 4.061546986379974000, -23.27328101857091600 ) ) ;
#2305 = CARTESIAN_POINT ( 'NONE',  ( -7.180540068129263700, 0.5490270444688003500, -81.07192107918528700 ) ) ;
#2306 = CARTESIAN_POINT ( 'NONE',  ( -5.115268619146227100, 2.566817859842578400, -2.039800455801734200 ) ) ;
#2307 = CARTESIAN_POINT ( 'NONE',  ( 0.0000000000000000000, -3.500000000000000000, 2.500000000000000000 ) ) ;
#2308 = CARTESIAN_POINT ( 'NONE',  ( -6.866745704602823100, 1.250291916817489700, -64.99999999999998600 ) ) ;
#2309 = DIRECTION ( 'NONE',  ( 0.0000000000000000000, 0.0000000000000000000, 1.000000000000000000 ) ) ;
#2310 = CARTESIAN_POINT ( 'NONE',  ( -10.01289762004581800, -2.083610747318200800, 64.99999999999998600 ) ) ;
#2311 = CARTESIAN_POINT ( 'NONE',  ( 7.144134454732885300, 1.161351121987985300, 81.08982916283969200 ) ) ;
#2312 = CARTESIAN_POINT ( 'NONE',  ( -10.15414213913295100, -3.501729322662282300, 78.30777135554414800 ) ) ;
#2313 = CARTESIAN_POINT ( 'NONE',  ( 7.622086315420630400, -3.311722468499423800, -91.60000000000000900 ) ) ;
#2314 = CARTESIAN_POINT ( 'NONE',  ( -6.154119238843909700, 0.2254141888362178300, -91.60000000000026400 ) ) ;
#2315 = CARTESIAN_POINT ( 'NONE',  ( 5.175315884351128700, -0.1696569241813815600, 98.38101291942410900 ) ) ;
#2316 = CARTESIAN_POINT ( 'NONE',  ( 6.539865602800005300, 1.603509288224376700, 81.04269887043116700 ) ) ;
#2317 = CARTESIAN_POINT ( 'NONE',  ( 4.488821115242674700, 1.595714051965992700, 65.00000000000007100 ) ) ;
#2318 = CARTESIAN_POINT ( 'NONE',  ( 5.500000000000000000, -3.500000000000000000, -101.5999999999999900 ) ) ;
#2319 = DIRECTION ( 'NONE',  ( 0.0000000000000000000, 0.0000000000000000000, 1.000000000000000000 ) ) ;
#2320 = VERTEX_POINT ( 'NONE', #2694 ) ;
#2321 = CARTESIAN_POINT ( 'NONE',  ( -5.911814251511112100, 1.025086316260137400, -86.28317637822713900 ) ) ;
#2322 = CARTESIAN_POINT ( 'NONE',  ( 5.942832313232300700, -3.121897681404020000, -92.01567112720192700 ) ) ;
#2323 = CARTESIAN_POINT ( 'NONE',  ( -3.765591693665141500, 5.340489078674536000, -23.31378015437135800 ) ) ;
#2324 = CARTESIAN_POINT ( 'NONE',  ( -5.499999999999998200, 1.511333873039345300, -0.01863705324913501900 ) ) ;
#2325 = CARTESIAN_POINT ( 'NONE',  ( -8.472911638776375700, 3.713797404061414100, -23.25790015865194600 ) ) ;
#2326 = CARTESIAN_POINT ( 'NONE',  ( -6.601680665506458800, 0.3040364376700361900, -75.66272048376394800 ) ) ;
#2327 = CARTESIAN_POINT ( 'NONE',  ( -10.11465797579507600, -3.496319897800611800, 78.31748053202910900 ) ) ;
#2328 = CARTESIAN_POINT ( 'NONE',  ( -4.998531811533817800, -1.601132867192234200, 84.90838864676324200 ) ) ;
#2329 = CARTESIAN_POINT ( 'NONE',  ( 6.719289056107806200, 0.4754131216698849700, 86.34473642462128900 ) ) ;
#2330 = ORIENTED_EDGE ( 'NONE', *, *, #1508, .T. ) ;
#2331 = CARTESIAN_POINT ( 'NONE',  ( 7.626439631325698800, -2.731063467994643300, -84.87123564241245800 ) ) ;
#2332 = CARTESIAN_POINT ( 'NONE',  ( -7.646496053891751500, 2.798889936207276600, -64.99999999999994300 ) ) ;
#2333 = CARTESIAN_POINT ( 'NONE',  ( 3.765591693665141500, 5.340489078674536000, 35.00000000000001400 ) ) ;
#2334 = CARTESIAN_POINT ( 'NONE',  ( 6.266686336860257000, 1.564103567689203200, 80.98669606204033800 ) ) ;
#2335 = ORIENTED_EDGE ( 'NONE', *, *, #1164, .F. ) ;
#2336 = CARTESIAN_POINT ( 'NONE',  ( -1.340848228853743800, 1.003892119221319000, 65.00000000000002800 ) ) ;
#2337 = CARTESIAN_POINT ( 'NONE',  ( 7.477895013888527800, -3.478853459834970500, -91.59999999999998000 ) ) ;
#2338 = CARTESIAN_POINT ( 'NONE',  ( -7.895152724523414100, 4.046592522412926700, -55.02444295510083100 ) ) ;
#2339 = CARTESIAN_POINT ( 'NONE',  ( -6.882979133331260400, 3.247758944071403400, -65.00000000000000000 ) ) ;
#2340 = CARTESIAN_POINT ( 'NONE',  ( 5.500000000000000000, -3.500000000000000000, -101.5999999999999900 ) ) ;
#2341 = CARTESIAN_POINT ( 'NONE',  ( 13.43918027289603300, -3.386841064597006000, -35.00000000000001400 ) ) ;
#2342 = CARTESIAN_POINT ( 'NONE',  ( 1.570508238728616200, -1.275399761486496500, -84.95516856332004400 ) ) ;
#2343 = CARTESIAN_POINT ( 'NONE',  ( 8.832734828260328200, -3.496675217658396000, -84.95874026601454400 ) ) ;
#2344 = CARTESIAN_POINT ( 'NONE',  ( -6.718973794289101200, 0.7754125465397886400, -70.33708468698097200 ) ) ;
#2345 = CARTESIAN_POINT ( 'NONE',  ( -9.362655985792045500, -3.227126311283343300, 78.31686568320941400 ) ) ;
#2346 = VECTOR ( 'NONE', #2479, 999.9999999999998900 ) ;
#2347 = CARTESIAN_POINT ( 'NONE',  ( -3.493327946877204500, -1.667005618690661400, 91.60000000000000900 ) ) ;
#2348 = CARTESIAN_POINT ( 'NONE',  ( 7.708772590262644700, 2.150072725995233000, 70.44957159396672400 ) ) ;
#2349 = CARTESIAN_POINT ( 'NONE',  ( -7.564931066371014100, -3.499857986868197400, 91.59999999999999400 ) ) ;
#2350 = CARTESIAN_POINT ( 'NONE',  ( 12.15147496936277300, -3.305046149004432700, -65.00000000000000000 ) ) ;
#2351 = CARTESIAN_POINT ( 'NONE',  ( -6.344099711637619900, 0.9354805417212723700, -86.32365936181237500 ) ) ;
#2352 = CARTESIAN_POINT ( 'NONE',  ( 6.213916294381470500, 1.552311678695190900, 80.96952931684941700 ) ) ;
#2353 = CARTESIAN_POINT ( 'NONE',  ( 2.464566899254364800, -0.4547099936650947400, 85.78470724610939200 ) ) ;
#2354 = CARTESIAN_POINT ( 'NONE',  ( 4.374617301998518400, -2.998997767591870200, -97.03490050757930900 ) ) ;
#2355 = CARTESIAN_POINT ( 'NONE',  ( 2.403044682135500000, -0.7317497319137694600, -78.37785311825048500 ) ) ;
#2356 = CARTESIAN_POINT ( 'NONE',  ( -5.587118221058632100, 2.648215097801457600, -70.18057983664458300 ) ) ;
#2357 = CARTESIAN_POINT ( 'NONE',  ( 5.946645014171371800, -3.097134829492069300, -91.60000000000000900 ) ) ;
#2358 = CARTESIAN_POINT ( 'NONE',  ( 9.919199284694100200, -0.7419513609521681800, -22.98579453260733600 ) ) ;
#2359 = CARTESIAN_POINT ( 'NONE',  ( 0.2578722279359448300, -2.091461178630876500, 99.85288951088232100 ) ) ;
#2360 = CARTESIAN_POINT ( 'NONE',  ( 2.820352840402538000, -0.6606301824433897800, -4.738356817849393100 ) ) ;
#2361 = CARTESIAN_POINT ( 'NONE',  ( -6.271258870928877000, -0.4859008960557099600, -86.30733488950944800 ) ) ;
#2362 = CARTESIAN_POINT ( 'NONE',  ( -6.094951919788750900, -2.067885513823218600, 84.89350769906204200 ) ) ;
#2363 = CARTESIAN_POINT ( 'NONE',  ( 7.709352251312362000, 2.148783166107241600, 70.44958147240132000 ) ) ;
#2364 = CARTESIAN_POINT ( 'NONE',  ( -4.344009106448598200, -2.089210432617129700, 3.380585774213791700 ) ) ;
#2365 = EDGE_CURVE ( 'NONE', #4317, #4683, #2032, .T. ) ;
#2366 = CARTESIAN_POINT ( 'NONE',  ( 12.18070504909543000, -3.351825034023381300, -65.00000000000000000 ) ) ;
#2367 = CARTESIAN_POINT ( 'NONE',  ( -7.785933817405665800, 2.495533697805040400, -64.99999999999995700 ) ) ;
#2368 = CARTESIAN_POINT ( 'NONE',  ( -3.457703102934873900, 3.253894066436547200, 23.22278503917813800 ) ) ;
#2369 = CARTESIAN_POINT ( 'NONE',  ( 6.537137449636546200, 2.051210960185524600, 75.64825575200225700 ) ) ;
#2370 = CARTESIAN_POINT ( 'NONE',  ( -1.332950515941026400, 0.8257623464292911400, 68.47455797756634900 ) ) ;
#2371 = CARTESIAN_POINT ( 'NONE',  ( 3.320785158278384900, -2.780127480640186100, -97.37007836625018300 ) ) ;
#2372 = CARTESIAN_POINT ( 'NONE',  ( 2.227346060668968800, -0.6706385910147907300, -78.44050017507356600 ) ) ;
#2373 = CARTESIAN_POINT ( 'NONE',  ( -5.873340010167877900, 1.025328843450403500, -86.27868448288768400 ) ) ;
#2374 = CARTESIAN_POINT ( 'NONE',  ( 5.500000000000000000, -3.500000000000000000, -101.5999999999999900 ) ) ;
#2375 = CARTESIAN_POINT ( 'NONE',  ( 5.210932498510612000, -3.429072555626031500, -23.94381333070548100 ) ) ;
#2376 = CARTESIAN_POINT ( 'NONE',  ( -6.557750966950018200, -0.2601180075258214300, -86.32671266945443700 ) ) ;
#2377 = CARTESIAN_POINT ( 'NONE',  ( 0.0000000000000000000, 3.500000000000000000, 0.0000000000000000000 ) ) ;
#2378 = B_SPLINE_CURVE_WITH_KNOTS ( 'NONE', 3,
 ( #1555, #5219, #3165, #2306, #5181, #3129, #2754, #4354, #2716, #3186, #1120, #653, #1534, #3540, #4784, #286, #2324, #691 ),
 .UNSPECIFIED., .F., .F.,
 ( 4, 2, 2, 2, 2, 2, 2, 2, 4 ),
 ( 0.0000000000000000000, 0.0008769245444300127500, 0.001753849088860025500, 0.002630773633290038300, 0.003069235905505044700, 0.003288467041612547400, 0.003398082609666299000, 0.003452890393693174500, 0.003507698177720050100 ),
 .UNSPECIFIED. ) ;
#2379 = CARTESIAN_POINT ( 'NONE',  ( 5.492100352882647300, -3.188670276278762200, -0.3197656788274306200 ) ) ;
#2380 = CARTESIAN_POINT ( 'NONE',  ( -2.992917139856345000, -1.715163262314656200, 84.95681617320035200 ) ) ;
#2381 = CARTESIAN_POINT ( 'NONE',  ( -12.13302004088619200, -3.291111225364293800, 65.00000000000000000 ) ) ;
#2382 = ORIENTED_EDGE ( 'NONE', *, *, #2625, .F. ) ;
#2383 = CARTESIAN_POINT ( 'NONE',  ( 7.797991517482529400, 2.080136669524498000, 65.00000000000002800 ) ) ;
#2384 = CARTESIAN_POINT ( 'NONE',  ( -1.037758750742042500, 1.133609295778317000, 5.401907247273878300 ) ) ;
#2385 = CARTESIAN_POINT ( 'NONE',  ( 12.08092138632699500, -3.416752760299575500, -67.56774484972237400 ) ) ;
#2386 = ORIENTED_EDGE ( 'NONE', *, *, #2365, .F. ) ;
#2387 = CARTESIAN_POINT ( 'NONE',  ( -7.532279936856792100, 2.418156390425308300, -70.44157155341561300 ) ) ;
#2388 = CARTESIAN_POINT ( 'NONE',  ( -9.023700618805493800, -0.08793353458758543200, 34.99999999999999300 ) ) ;
#2389 = CARTESIAN_POINT ( 'NONE',  ( 7.287096251281642600, 3.129714231336636400, 65.00000000000000000 ) ) ;
#2390 = CARTESIAN_POINT ( 'NONE',  ( 6.540220849881127800, 0.7917613981688966800, 70.32087535899336200 ) ) ;
#2391 = CARTESIAN_POINT ( 'NONE',  ( 7.113311680673986900, -3.387968071670915300, -91.59999999999998000 ) ) ;
#2392 = CARTESIAN_POINT ( 'NONE',  ( 0.2539217141106531700, -1.679770672132076400, -91.59999999999998000 ) ) ;
#2393 = CARTESIAN_POINT ( 'NONE',  ( -6.205070242657917800, 1.551413197221335200, -80.96635275645428500 ) ) ;
#2394 = CARTESIAN_POINT ( 'NONE',  ( 5.500000000000000000, -3.500000000000000000, -101.5999999999999900 ) ) ;
#2395 = CARTESIAN_POINT ( 'NONE',  ( 13.28631023885851000, -3.498586476245995500, -23.02748771434393000 ) ) ;
#2396 = CARTESIAN_POINT ( 'NONE',  ( -6.066530018149286700, -0.8146350257671234300, -91.59999999999968200 ) ) ;
#2397 = CARTESIAN_POINT ( 'NONE',  ( -13.31250000000007500, -3.375000000000000400, 35.00000000000000000 ) ) ;
#2398 = CARTESIAN_POINT ( 'NONE',  ( 5.499923175702436500, -3.245335416019970800, -0.02931697461638157000 ) ) ;
#2399 = CARTESIAN_POINT ( 'NONE',  ( -9.847203325464706200, -2.197763591662127900, 70.02989909491600400 ) ) ;
#2400 = CARTESIAN_POINT ( 'NONE',  ( 7.117099646191263700, 1.213687074382420800, 81.08952989242389700 ) ) ;
#2401 = CARTESIAN_POINT ( 'NONE',  ( -5.497952707933458200, -3.279910869073725100, 0.1626422395780707000 ) ) ;
#2402 = CARTESIAN_POINT ( 'NONE',  ( 10.29236653360234400, -3.387569744326610600, -78.20004431758356100 ) ) ;
#2403 = CARTESIAN_POINT ( 'NONE',  ( -6.318546232975025500, 0.9475206675808367500, -86.32170065376757900 ) ) ;
#2404 = CARTESIAN_POINT ( 'NONE',  ( -5.452379978716774800, -3.390714092315537900, 23.94753839101931800 ) ) ;
#2405 = CARTESIAN_POINT ( 'NONE',  ( 6.519075273945873900, 2.056686933191700400, 75.66801077817361000 ) ) ;
#2406 = EDGE_CURVE ( 'NONE', #3914, #5342, #2103, .T. ) ;
#2407 = CARTESIAN_POINT ( 'NONE',  ( 6.563296736786389500, 0.7875089157286255800, 70.32304575654137600 ) ) ;
#2408 = CARTESIAN_POINT ( 'NONE',  ( -2.487189187078144400, -1.173076867064040100, -91.59999999999983800 ) ) ;
#2409 = DATE_AND_TIME ( #210, #344 ) ;
#2410 = CARTESIAN_POINT ( 'NONE',  ( 3.881499495426875300, -0.03437387655633051400, -67.70413895884649900 ) ) ;
#2411 = CARTESIAN_POINT ( 'NONE',  ( -4.695536363051185300, 1.533983956194866000, -80.70692317393572100 ) ) ;
#2412 = CARTESIAN_POINT ( 'NONE',  ( 0.0000000000000000000, 3.500000000000000000, 0.0000000000000000000 ) ) ;
#2413 = CARTESIAN_POINT ( 'NONE',  ( 13.28631023885851000, -3.498586476245995500, -35.00000000000000000 ) ) ;
#2414 = VECTOR ( 'NONE', #2572, 1000.000000000000000 ) ;
#2415 = CARTESIAN_POINT ( 'NONE',  ( 5.498464029802058000, -3.223514804799417100, -0.1336222005176074300 ) ) ;
#2416 = CARTESIAN_POINT ( 'NONE',  ( -7.312499999999926300, 5.500000000000005300, -35.00000000000000000 ) ) ;
#2417 = CARTESIAN_POINT ( 'NONE',  ( -12.09954266404917400, -3.354300193386678100, 67.55824085790254700 ) ) ;
#2418 = CARTESIAN_POINT ( 'NONE',  ( 7.785933817405665800, 2.495533697805040400, 64.99999999999995700 ) ) ;
#2419 = CARTESIAN_POINT ( 'NONE',  ( 7.639324311853663100, -3.323463463182948700, -91.59999999999999400 ) ) ;
#2420 = CARTESIAN_POINT ( 'NONE',  ( -7.931666547352816300, 0.7096218129894285000, 35.00000000000000000 ) ) ;
#2421 = CARTESIAN_POINT ( 'NONE',  ( 6.678738991091504000, 2.650732962765480300, 70.31736896577534400 ) ) ;
#2422 = CARTESIAN_POINT ( 'NONE',  ( 5.888451486080197300, -0.5601015826109907400, 86.28332708965497500 ) ) ;
#2423 = CARTESIAN_POINT ( 'NONE',  ( -5.175315884351128700, -0.1696569241813815600, -98.38101291942410900 ) ) ;
#2424 = CARTESIAN_POINT ( 'NONE',  ( 1.476432088470641900, -0.4290888756436229100, -78.70421137605153200 ) ) ;
#2425 = CARTESIAN_POINT ( 'NONE',  ( 0.6232856854135905300, 0.7688936664696245400, -79.24424020051199600 ) ) ;
#2426 = CARTESIAN_POINT ( 'NONE',  ( 5.499983423329586800, 1.511335797240829200, 0.0000000000000000000 ) ) ;
#2427 = CARTESIAN_POINT ( 'NONE',  ( -10.07253748066759900, -2.622922021627566800, 65.00000000000000000 ) ) ;
#2428 = DIRECTION ( 'NONE',  ( 0.0000000000000000000, 0.0000000000000000000, 1.000000000000000000 ) ) ;
#2429 = CARTESIAN_POINT ( 'NONE',  ( -4.992806608092823100, -3.320580620601477000, 0.0000000000000000000 ) ) ;
#2430 = CARTESIAN_POINT ( 'NONE',  ( -7.612937928477665000, -3.307470315790514100, 91.60000000000000900 ) ) ;
#2431 = CARTESIAN_POINT ( 'NONE',  ( 6.325032547220736500, -0.2589586058170286200, 91.59999999999998000 ) ) ;
#2432 = DIRECTION ( 'NONE',  ( 0.0000000000000000000, 0.0000000000000000000, -1.000000000000000000 ) ) ;
#2433 = EDGE_CURVE ( 'NONE', #171, #3229, #1582, .T. ) ;
#2434 = CARTESIAN_POINT ( 'NONE',  ( 8.934008887493964900, -3.468040811311905000, -84.93390886500975500 ) ) ;
#2435 = CARTESIAN_POINT ( 'NONE',  ( -12.97695079610255100, -2.975147314482604200, 34.99999999999999300 ) ) ;
#2436 = CARTESIAN_POINT ( 'NONE',  ( 6.455765010365214000, 3.249934268025708000, 64.99999999999997200 ) ) ;
#2437 = CARTESIAN_POINT ( 'NONE',  ( 6.280507857661274500, -0.1238726442392451400, 80.97708468698093000 ) ) ;
#2438 = CARTESIAN_POINT ( 'NONE',  ( -0.4324879079899226500, -0.7537871809833294200, -85.35727898878317900 ) ) ;
#2439 = CARTESIAN_POINT ( 'NONE',  ( -3.560885073443453400, 0.3820660766622955800, -91.60000000000006500 ) ) ;
#2440 = CARTESIAN_POINT ( 'NONE',  ( 5.498523759517777200, 1.575596719706731500, 0.1314324065031604900 ) ) ;
#2441 = CARTESIAN_POINT ( 'NONE',  ( -4.140803634213592800, 1.470674568676444400, 43.46375088686501400 ) ) ;
#2442 = CARTESIAN_POINT ( 'NONE',  ( 0.9977608108123169300, 4.286552377158776600, -35.00000000000000000 ) ) ;
#2443 = ADVANCED_FACE ( 'NONE', ( #4461 ), #4471, .T. ) ;
#2444 = CARTESIAN_POINT ( 'NONE',  ( -11.96426923553686100, -2.757483048195332300, 35.00000000000000700 ) ) ;
#2445 = CARTESIAN_POINT ( 'NONE',  ( -8.968562126486977700, -3.363659482820444700, 84.90054197099397000 ) ) ;
#2446 = CARTESIAN_POINT ( 'NONE',  ( 6.928327590955409400, 1.450999990674205000, 81.08157155341567100 ) ) ;
#2447 = CARTESIAN_POINT ( 'NONE',  ( -0.2973685380884908400, -1.796070606107766000, 99.96752272332165000 ) ) ;
#2448 = CARTESIAN_POINT ( 'NONE',  ( 10.24301031735963400, -3.445289113577133700, -78.23328417660602000 ) ) ;
#2449 = CARTESIAN_POINT ( 'NONE',  ( -2.649311318998816700, -0.6477401337526967900, 19.61580784746437800 ) ) ;
#2450 = CARTESIAN_POINT ( 'NONE',  ( 5.565988433780144200, 0.4999462315252330400, 91.59999999999998000 ) ) ;
#2451 = ORIENTED_EDGE ( 'NONE', *, *, #1809, .T. ) ;
#2452 = CARTESIAN_POINT ( 'NONE',  ( 6.556978203168776900, 0.7884873225891708700, 70.32244705971562800 ) ) ;
#2453 = CARTESIAN_POINT ( 'NONE',  ( 0.04664824619674337600, -1.868037089616290300, -100.0101994566949300 ) ) ;
#2454 = CARTESIAN_POINT ( 'NONE',  ( 1.742262568857854600, 1.221658706743933300, -72.37997313043105400 ) ) ;
#2455 = CARTESIAN_POINT ( 'NONE',  ( 11.12067087210482800, -3.154985963532089200, -67.67686568320944200 ) ) ;
#2456 = CARTESIAN_POINT ( 'NONE',  ( 13.26915514171067500, -3.492244288815582900, -23.32158638610371400 ) ) ;
#2457 = CARTESIAN_POINT ( 'NONE',  ( 5.970799470778768400, 3.113919911072501500, 35.00000000000000000 ) ) ;
#2458 = CARTESIAN_POINT ( 'NONE',  ( 6.064525087124903500, 0.1650945292786877300, -65.00000000000000000 ) ) ;
#2459 = CARTESIAN_POINT ( 'NONE',  ( -4.992806608092823100, -3.320580620601477000, 24.02336082407670000 ) ) ;
#2460 = APPROVAL_PERSON_ORGANIZATION ( #1574, #1404, #864 ) ;
#2461 = CARTESIAN_POINT ( 'NONE',  ( -12.16943688249379600, -3.327076894493239800, 65.00000000000000000 ) ) ;
#2462 = CARTESIAN_POINT ( 'NONE',  ( 6.571916522899861100, 2.327642394770359500, 75.81319226473746700 ) ) ;
#2463 = CARTESIAN_POINT ( 'NONE',  ( 0.06692549524274162000, -0.5607342222052168500, 94.25483705900106200 ) ) ;
#2464 = CARTESIAN_POINT ( 'NONE',  ( 7.630103133596894500, -3.482483584105702700, -91.59999999999998000 ) ) ;
#2465 = CIRCLE ( 'NONE', #1749, 5.500000000000000000 ) ;
#2466 = DIRECTION ( 'NONE',  ( 0.0000000000000000000, 0.0000000000000000000, 1.000000000000000000 ) ) ;
#2467 = CARTESIAN_POINT ( 'NONE',  ( 6.684607705690544900, 2.652298542386485500, 70.31884489512195600 ) ) ;
#2468 = PRODUCT_DEFINITION_FORMATION_WITH_SPECIFIED_SOURCE ( 'ANY', '', #4800, .NOT_KNOWN. ) ;
#2469 = CARTESIAN_POINT ( 'NONE',  ( 7.473498997492115800, 1.074995622217624200, 70.40270111377668600 ) ) ;
#2470 = CARTESIAN_POINT ( 'NONE',  ( -0.002753594491033961600, -2.458931589830675600, -99.43733406778260100 ) ) ;
#2471 = CARTESIAN_POINT ( 'NONE',  ( -0.4593692119610436300, 1.677043496898074700, -73.43815069250250400 ) ) ;
#2472 = CARTESIAN_POINT ( 'NONE',  ( 10.46380385298803100, -2.796161992501015700, -64.99999999999997200 ) ) ;
#2473 = CARTESIAN_POINT ( 'NONE',  ( 4.450010134575926200, -0.1705472125655154700, 97.49799919643973600 ) ) ;
#2474 = CARTESIAN_POINT ( 'NONE',  ( 8.139115746763122800, 3.652219117492258700, 55.02796668370977100 ) ) ;
#2475 = CARTESIAN_POINT ( 'NONE',  ( -3.109878336842438100, 5.278925673685592700, -45.09344377767258300 ) ) ;
#2476 = CARTESIAN_POINT ( 'NONE',  ( 0.0000000000000000000, 3.500000000000000000, 0.0000000000000000000 ) ) ;
#2477 = CARTESIAN_POINT ( 'NONE',  ( -12.16630261225316200, -3.322234127128258100, 65.00000000000000000 ) ) ;
#2478 = CARTESIAN_POINT ( 'NONE',  ( 6.314062575381711000, -0.1014868578897044900, 91.60000000000002300 ) ) ;
#2479 = DIRECTION ( 'NONE',  ( 0.9703053751617990400, 0.2418831927441851500, 0.0000000000000000000 ) ) ;
#2480 = CARTESIAN_POINT ( 'NONE',  ( 7.674566404867358700, -3.397481256814082000, -91.60000000000002300 ) ) ;
#2481 = CARTESIAN_POINT ( 'NONE',  ( 4.846377365877853700, 2.625007923199639000, 70.06692317393572000 ) ) ;
#2482 = CARTESIAN_POINT ( 'NONE',  ( 6.801353162191357000, 1.249824110709331100, 64.99999999999998600 ) ) ;
#2483 = CARTESIAN_POINT ( 'NONE',  ( 0.6837303399099351500, 0.09842912211703736000, -85.22558042773305000 ) ) ;
#2484 = CARTESIAN_POINT ( 'NONE',  ( 5.628821137879788800, -0.8947071661516296000, -70.34757557918128200 ) ) ;
#2485 = DIRECTION ( 'NONE',  ( 0.0000000000000000000, 0.0000000000000000000, 1.000000000000000000 ) ) ;
#2486 = CARTESIAN_POINT ( 'NONE',  ( 8.597266801069935100, 4.308727309818356900, 34.99999999999995000 ) ) ;
#2487 = CARTESIAN_POINT ( 'NONE',  ( 10.87592070378904200, -2.575125807271929600, -64.99999999999992900 ) ) ;
#2488 = CARTESIAN_POINT ( 'NONE',  ( 8.587608029728986700, 4.163413077083399500, 34.99999999999996400 ) ) ;
#2489 = CARTESIAN_POINT ( 'NONE',  ( -7.652957546982749500, -3.337471884920913300, 91.60000000000000900 ) ) ;
#2490 = ORIENTED_EDGE ( 'NONE', *, *, #1541, .F. ) ;
#2491 = CARTESIAN_POINT ( 'NONE',  ( 6.380240425679138700, 0.9163090829247027000, 86.32632687306109200 ) ) ;
#2492 = CARTESIAN_POINT ( 'NONE',  ( 5.566735720084823300, 0.4999544664027813500, 91.59999999999999400 ) ) ;
#2493 = EDGE_CURVE ( 'NONE', #2320, #177, #2150, .T. ) ;
#2494 = CARTESIAN_POINT ( 'NONE',  ( -7.571904260245323000, 1.188755645738921500, -70.41318348199449400 ) ) ;
#2495 = CARTESIAN_POINT ( 'NONE',  ( 12.01288817515481000, -3.478010719133497000, -67.64449991209247100 ) ) ;
#2496 = EDGE_LOOP ( 'NONE', ( #3667, #4824, #4188, #4621, #567 ) ) ;
#2497 = CARTESIAN_POINT ( 'NONE',  ( -4.376152188014038400, 1.948546025271767700, 54.58915732001847900 ) ) ;
#2498 = CARTESIAN_POINT ( 'NONE',  ( -2.094555630263320400, 1.132547951797691100, 72.20932403200944800 ) ) ;
#2499 = CARTESIAN_POINT ( 'NONE',  ( 6.902277970843200300, 0.1210140053259577500, 81.03614203047723700 ) ) ;
#2500 = APPROVAL_STATUS ( 'not_yet_approved' ) ;
#2501 = CARTESIAN_POINT ( 'NONE',  ( -7.175992699332614900, 1.318462426678195900, -65.00000000000000000 ) ) ;
#2502 = CARTESIAN_POINT ( 'NONE',  ( 1.762133530004280900, -0.2575137627846739200, -85.07036454184240900 ) ) ;
#2503 = CARTESIAN_POINT ( 'NONE',  ( 10.99688639316091400, -3.167836915715867000, -70.35373732120969200 ) ) ;
#2504 = CARTESIAN_POINT ( 'NONE',  ( -5.500000000000000000, -3.500000000000000000, 101.5999999999999900 ) ) ;
#2505 = CARTESIAN_POINT ( 'NONE',  ( -6.407476991347506300, -0.2454133121814425800, -91.59999999999998000 ) ) ;
#2506 = CARTESIAN_POINT ( 'NONE',  ( 8.467531161739978900, 4.810201473950261400, 35.00000000000002800 ) ) ;
#2507 = CARTESIAN_POINT ( 'NONE',  ( 10.90229518007885200, -1.459944882438274800, -40.86192774581265000 ) ) ;
#2508 = CARTESIAN_POINT ( 'NONE',  ( -6.102691817818849200, 0.5430812962098321400, 35.00000000000000000 ) ) ;
#2509 = CARTESIAN_POINT ( 'NONE',  ( -10.27702596331883100, -3.421378523771802200, 78.20723080569810300 ) ) ;
#2510 = CARTESIAN_POINT ( 'NONE',  ( 6.548204248747945000, 1.603147789367734200, 81.04386737226410300 ) ) ;
#2511 = CARTESIAN_POINT ( 'NONE',  ( -7.616764553414889800, 1.116012248012482300, -75.83640949013695800 ) ) ;
#2512 = ORIENTED_EDGE ( 'NONE', *, *, #327, .T. ) ;
#2513 = CARTESIAN_POINT ( 'NONE',  ( 0.0000000000000000000, 3.500000000000000000, 5.500000000000000000 ) ) ;
#2514 = CARTESIAN_POINT ( 'NONE',  ( -13.28631023885851000, -3.498586476245995500, 35.00000000000000000 ) ) ;
#2515 = FACE_BOUND ( 'NONE', #3082, .T. ) ;
#2516 = CARTESIAN_POINT ( 'NONE',  ( 1.990908193881711500, 1.296695664566734200, 80.03108366916892200 ) ) ;
#2517 = CARTESIAN_POINT ( 'NONE',  ( 7.519135314590424300, 1.123366664772955200, 70.40745010915628700 ) ) ;
#2518 = APPLICATION_PROTOCOL_DEFINITION ( 'international standard', 'config_control_design', 1994, #1634 ) ;
#2519 = CARTESIAN_POINT ( 'NONE',  ( 0.9786014939976278600, -0.6769596762373809600, -91.60000000000000900 ) ) ;
#2520 = CARTESIAN_POINT ( 'NONE',  ( 2.280454307790498600, -1.495465957731330300, -84.95608939894405900 ) ) ;
#2521 = CARTESIAN_POINT ( 'NONE',  ( 0.0000000000000000000, 3.500000000000000000, 0.0000000000000000000 ) ) ;
#2522 = CARTESIAN_POINT ( 'NONE',  ( -5.742543570862030000, -0.4731011181199776800, -98.04236158657549500 ) ) ;
#2523 = CARTESIAN_POINT ( 'NONE',  ( 3.848599838653296200, 3.006491934517394600, 3.936157108324641800 ) ) ;
#2524 = CARTESIAN_POINT ( 'NONE',  ( -3.983583382390500900, 2.805021401942735100, -5.844137577975714300 ) ) ;
#2525 = EDGE_CURVE ( 'NONE', #3527, #3685, #5309, .T. ) ;
#2526 = CARTESIAN_POINT ( 'NONE',  ( 5.466157640471617900, 1.095957696284068000, 0.0000000000000000000 ) ) ;
#2527 = CARTESIAN_POINT ( 'NONE',  ( 6.490216312197436100, 2.241868967693481500, 75.78190063152148100 ) ) ;
#2528 = LINE ( 'NONE', #4037, #3875 ) ;
#2529 = B_SPLINE_CURVE_WITH_KNOTS ( 'NONE', 5,
 ( #1901, #3896, #4770, #257, #4324, #3565 ),
 .UNSPECIFIED., .F., .F.,
 ( 6, 6 ),
 ( 0.0000000000000000000, 1.000000000000000000 ),
 .UNSPECIFIED. ) ;
#2530 = CARTESIAN_POINT ( 'NONE',  ( -6.977909564158400400, -3.085472570157330500, 91.95697146355861700 ) ) ;
#2531 = CARTESIAN_POINT ( 'NONE',  ( 10.12848473805956600, -3.500293691370864700, -78.31423102496661700 ) ) ;
#2532 = FACE_OUTER_BOUND ( 'NONE', #5076, .T. ) ;
#2533 = CARTESIAN_POINT ( 'NONE',  ( -0.7002196201297720100, 3.338994065169126100, 54.94790748116015800 ) ) ;
#2534 = CARTESIAN_POINT ( 'NONE',  ( 2.514652690547567000, 0.8065061206032324600, 85.81554183458447900 ) ) ;
#2535 = CARTESIAN_POINT ( 'NONE',  ( 7.287932378576790000, 1.371874578723889100, 65.00000000000000000 ) ) ;
#2536 = CARTESIAN_POINT ( 'NONE',  ( 1.267390063227272800, -0.7840383633704196600, -91.60000000000000900 ) ) ;
#2537 = CARTESIAN_POINT ( 'NONE',  ( -7.792985683201791000, 2.053377310124329100, -65.00000000000002800 ) ) ;
#2538 = CARTESIAN_POINT ( 'NONE',  ( -6.104630885168563600, -2.745342493495884600, 92.03704132010233300 ) ) ;
#2539 = DIRECTION ( 'NONE',  ( 0.0000000000000000000, 1.000000000000000000, 0.0000000000000000000 ) ) ;
#2540 = CARTESIAN_POINT ( 'NONE',  ( -2.109366734526803000, 2.900577097470105900, -5.100867478487161900 ) ) ;
#2541 = CARTESIAN_POINT ( 'NONE',  ( -7.312499999999928100, 5.500000000000001800, -35.00000000000000000 ) ) ;
#2542 = CARTESIAN_POINT ( 'NONE',  ( 7.312499999999926300, 5.500000000000005300, 35.00000000000000000 ) ) ;
#2543 = CARTESIAN_POINT ( 'NONE',  ( -6.089569868842662700, 0.2942611143748803400, -91.60000000000026400 ) ) ;
#2544 = CARTESIAN_POINT ( 'NONE',  ( 6.362172835402686700, 0.9263138922265730100, 86.32501243865277700 ) ) ;
#2545 = CARTESIAN_POINT ( 'NONE',  ( -7.332061680609292000, -3.442499304570989100, 91.59999999999998000 ) ) ;
#2546 = CARTESIAN_POINT ( 'NONE',  ( 10.14172525223163200, -3.501967708371569000, -78.31101059883705800 ) ) ;
#2547 = CARTESIAN_POINT ( 'NONE',  ( -6.665623551968064200, 0.6801757168677998700, 54.09047272086995400 ) ) ;
#2548 = CARTESIAN_POINT ( 'NONE',  ( -3.451686225393161900, 1.316883167569708800, 64.99999999999995700 ) ) ;
#2549 = CARTESIAN_POINT ( 'NONE',  ( 7.547232425013168800, 1.157151344658460500, 70.41047695738592400 ) ) ;
#2550 = CARTESIAN_POINT ( 'NONE',  ( 5.541112712502142700, 0.4003503166141035900, -64.99999999999997200 ) ) ;
#2551 = CARTESIAN_POINT ( 'NONE',  ( -6.751225330204945900, 0.2692457669416474800, -86.34407772975225700 ) ) ;
#2552 = CARTESIAN_POINT ( 'NONE',  ( -5.500000000000000000, -3.500000000000000000, 101.5999999999999900 ) ) ;
#2553 = CARTESIAN_POINT ( 'NONE',  ( -4.035688327846529000, 0.04999761927829515800, 65.00000000000000000 ) ) ;
#2554 = CARTESIAN_POINT ( 'NONE',  ( -7.312499999999927200, 5.500000000000001800, -23.25785260307938500 ) ) ;
#2555 = CARTESIAN_POINT ( 'NONE',  ( -0.03834867992640955700, 2.685545651007119600, 23.27765147276359100 ) ) ;
#2556 = CARTESIAN_POINT ( 'NONE',  ( -7.395628286798579900, 3.061232860018361800, -64.99999999999997200 ) ) ;
#2557 = CARTESIAN_POINT ( 'NONE',  ( 0.0000000000000000000, 3.500000000000000000, 0.0000000000000000000 ) ) ;
#2558 = CARTESIAN_POINT ( 'NONE',  ( 6.630400187028802100, 1.593107552740434400, 81.05436996283192700 ) ) ;
#2559 = ORIENTED_EDGE ( 'NONE', *, *, #2525, .F. ) ;
#2560 = CARTESIAN_POINT ( 'NONE',  ( -6.367150278152977600, -3.340552441766227300, 96.77279941328799900 ) ) ;
#2561 = AXIS2_PLACEMENT_3D ( 'NONE', #3798, #2595, #1728 ) ;
#2562 = ORIENTED_EDGE ( 'NONE', *, *, #3566, .F. ) ;
#2563 = CARTESIAN_POINT ( 'NONE',  ( 8.897655726450663500, -3.493531228670705900, -84.94704453395536300 ) ) ;
#2564 = CARTESIAN_POINT ( 'NONE',  ( -13.36243348000059700, -3.501910596087584700, 40.00311407325270400 ) ) ;
#2565 = CARTESIAN_POINT ( 'NONE',  ( -0.6837303399099351500, 0.09842912211703736000, 85.22558042773305000 ) ) ;
#2566 = CARTESIAN_POINT ( 'NONE',  ( 6.049269056668221000, -0.8292596109046197500, 91.59999999999968200 ) ) ;
#2567 = CARTESIAN_POINT ( 'NONE',  ( 7.914521315819572900, -1.043256089818274800, -67.61746359927248300 ) ) ;
#2568 = CARTESIAN_POINT ( 'NONE',  ( -6.324471001425068000, -0.2785894495107314500, -91.59999999999995200 ) ) ;
#2569 = CARTESIAN_POINT ( 'NONE',  ( -5.500000000000000000, -3.500000000000000000, 101.5999999999999900 ) ) ;
#2570 = CARTESIAN_POINT ( 'NONE',  ( -2.710505431213761100E-016, 2.034576191987957500, -5.500000000000000000 ) ) ;
#2571 = CARTESIAN_POINT ( 'NONE',  ( -2.710505431213761100E-016, 2.034576191987957500, -5.500000000000000000 ) ) ;
#2572 = DIRECTION ( 'NONE',  ( -0.0000000000000000000, 1.000000000000000000, -0.0000000000000000000 ) ) ;
#2573 = CARTESIAN_POINT ( 'NONE',  ( -6.275237447399173400, 0.9657101012564463000, -86.31826175639295700 ) ) ;
#2574 = CARTESIAN_POINT ( 'NONE',  ( -3.500103634515409300, 0.3890674239539849100, -91.59999999999998000 ) ) ;
#2575 = CARTESIAN_POINT ( 'NONE',  ( -5.500000000000000000, -3.500000000000000000, 101.5999999999999900 ) ) ;
#2576 = CARTESIAN_POINT ( 'NONE',  ( -0.4280047568432220300, -0.8652004700196656000, 0.0000000000000000000 ) ) ;
#2577 = COORDINATED_UNIVERSAL_TIME_OFFSET ( 5, 30, .AHEAD. ) ;
#2578 = CARTESIAN_POINT ( 'NONE',  ( -0.7656771069192998000, 0.06747116242267377200, -79.50489109586611400 ) ) ;
#2579 = B_SPLINE_SURFACE_WITH_KNOTS ( 'NONE', 3, 3, ( 
 ( #3936, #1487, #4345, #2764 ),
 ( #5190, #1148, #5230, #2746 ),
 ( #1922, #4796, #4835, #2333 ),
 ( #4014, #295, #5208, #279 ),
 ( #3156, #681, #1112, #1944 ),
 ( #1544, #4402, #2368, #5251 ),
 ( #2783, #314, #720, #2870 ),
 ( #1219, #2033, #4443, #3278 ),
 ( #1584, #4067, #1189, #2420 ),
 ( #367, #1617, #2819, #2388 ),
 ( #4050, #5286, #4084, #5317 ),
 ( #1204, #2449, #4888, #1601 ),
 ( #3227, #3657, #402, #4904 ),
 ( #739, #4478, #4874, #2435 ),
 ( #4463, #4516, #3211, #756 ),
 ( #4030, #330, #805, #2803 ),
 ( #2851, #2019, #384, #350 ),
 ( #1997, #2404, #3624, #3262 ),
 ( #790, #3644, #3673, #5302 ),
 ( #1631, #4097, #2050, #5331 ),
 ( #2835, #4499, #5267, #3691 ),
 ( #4922, #1236, #1649, #2065 ),
 ( #1168, #3245, #774, #416 ),
 ( #4114, #4598, #1664, #2514 ),
 ( #898, #469, #1732, #4565 ) ),
 .UNSPECIFIED., .F., .F., .F.,
 ( 4, 1, 1, 1, 1, 1, 1, 2, 1, 1, 1, 2, 1, 1, 1, 1, 1, 1, 1, 1, 4 ),
 ( 4, 4 ),
 ( 0.0000000000000000000, 0.1424368362388512300, 0.2136552543582768400, 0.2848736724777024600, 0.3560920905971279300, 0.4273105087165536800, 0.4985289268359791600, 0.5697473449554049100, 0.6696249598889492100, 0.7695025748224934000, 0.8693801897560375900, 0.9692578046895817800, 0.9769433535171863100, 0.9807861279309886300, 0.9846289023447909500, 0.9884716767585931500, 0.9923144511723955800, 0.9942358383792965200, 0.9961572255861977900, 0.9980786127930989500, 1.000000000000000000 ),
 ( 0.0000000000000000000, 1.000000000000000000 ),
 .UNSPECIFIED. ) ;
#2580 = CARTESIAN_POINT ( 'NONE',  ( -12.04282393643056700, -3.495300514531105100, 65.00000000000000000 ) ) ;
#2581 = CARTESIAN_POINT ( 'NONE',  ( -6.012843914293650700, -0.04679952940236827000, 67.77687040799854400 ) ) ;
#2582 = CARTESIAN_POINT ( 'NONE',  ( 7.571904260245323000, 1.188755645738921500, 70.41318348199449400 ) ) ;
#2583 = CARTESIAN_POINT ( 'NONE',  ( -7.630103133596894500, -3.482483584105702700, 91.59999999999998000 ) ) ;
#2584 = CYLINDRICAL_SURFACE ( 'NONE', #1718, 2.500000000000000000 ) ;
#2585 = CARTESIAN_POINT ( 'NONE',  ( 6.810960814395602200, -0.6310940460536120800, -70.37525518175421300 ) ) ;
#2586 = CARTESIAN_POINT ( 'NONE',  ( -7.787707002402931300, 2.027932208377438300, -65.00000000000002800 ) ) ;
#2587 = CARTESIAN_POINT ( 'NONE',  ( -5.500000000000000000, -3.500000000000000000, 101.5999999999999900 ) ) ;
#2588 = CARTESIAN_POINT ( 'NONE',  ( -3.951900877071023100, -0.06423741917270404900, 67.68161502529865500 ) ) ;
#2589 = CARTESIAN_POINT ( 'NONE',  ( 5.175315884351128700, -0.1696569241813815600, 98.38101291942410900 ) ) ;
#2590 = CYLINDRICAL_SURFACE ( 'NONE', #5078, 5.500000000000000000 ) ;
#2591 = VECTOR ( 'NONE', #4767, 1000.000000000000000 ) ;
#2592 = EDGE_CURVE ( 'NONE', #2203, #1180, #473, .T. ) ;
#2593 = CARTESIAN_POINT ( 'NONE',  ( -7.800151412454075800, 2.362101102032031700, -55.02440734173170300 ) ) ;
#2594 = CARTESIAN_POINT ( 'NONE',  ( -6.027370567124235900, 0.3480709075861673800, -91.60000000000029300 ) ) ;
#2595 = DIRECTION ( 'NONE',  ( 0.0000000000000000000, 0.0000000000000000000, -1.000000000000000000 ) ) ;
#2596 = CARTESIAN_POINT ( 'NONE',  ( -6.973453198431170300, 1.262225913396016800, -64.99999999999998600 ) ) ;
#2597 = CIRCLE ( 'NONE', #840, 17.99999999999999600 ) ;
#2598 = CARTESIAN_POINT ( 'NONE',  ( -5.903576431478642300, -3.354652234528068700, 96.79244758730421000 ) ) ;
#2599 = CARTESIAN_POINT ( 'NONE',  ( 0.03834867992640955700, 2.685545651007120100, -35.00000000000002100 ) ) ;
#2600 = CARTESIAN_POINT ( 'NONE',  ( -3.587702466508436900, -0.4077846779806804100, -85.98903052102846800 ) ) ;
#2601 = CARTESIAN_POINT ( 'NONE',  ( -12.14090616241077600, -2.364551101557721000, 34.99999999999998600 ) ) ;
#2602 = CARTESIAN_POINT ( 'NONE',  ( -3.072495057392669700, -0.7763641147537959600, 84.96374534769582000 ) ) ;
#2603 = CARTESIAN_POINT ( 'NONE',  ( 6.065105914316416300, -0.8158742776090184300, 91.59999999999968200 ) ) ;
#2604 = CARTESIAN_POINT ( 'NONE',  ( -12.13668167213277700, -3.480340951438110100, 65.00000000000000000 ) ) ;
#2605 = CARTESIAN_POINT ( 'NONE',  ( 4.998531811533817800, -1.601132867192234200, -84.90838864676324200 ) ) ;
#2606 = CARTESIAN_POINT ( 'NONE',  ( -7.740567371011539200, 2.070259132719761500, -70.44981649104740000 ) ) ;
#2607 = CARTESIAN_POINT ( 'NONE',  ( -6.890020587540935700, -3.349963192196080600, 91.95239495313916200 ) ) ;
#2608 = CARTESIAN_POINT ( 'NONE',  ( -3.061616997868383100E-016, 3.500000000000000000, 2.500000000000000000 ) ) ;
#2609 = CARTESIAN_POINT ( 'NONE',  ( -1.681849624247868200, 2.800057761508612900, -5.255530329726299900 ) ) ;
#2610 = CARTESIAN_POINT ( 'NONE',  ( -1.316889408065761600, 1.549138817828105400, -64.99999999999992900 ) ) ;
#2611 = CARTESIAN_POINT ( 'NONE',  ( -7.585267802819307000, 2.881714694686961000, -64.99999999999997200 ) ) ;
#2612 = CARTESIAN_POINT ( 'NONE',  ( 7.635275507536288600, -3.316365334926254500, -91.59999999999998000 ) ) ;
#2613 = CARTESIAN_POINT ( 'NONE',  ( -5.500000000000000000, -3.500000000000000000, 101.5999999999999900 ) ) ;
#2614 = CARTESIAN_POINT ( 'NONE',  ( -2.419807581430968700, -0.2249859100612356400, -8.943804574258264100 ) ) ;
#2615 = CARTESIAN_POINT ( 'NONE',  ( -0.3270887581609129300, -0.001666529067122918300, -79.34906233126453400 ) ) ;
#2616 = CARTESIAN_POINT ( 'NONE',  ( -11.50841343309991100, -2.469838454414825500, 52.60783528471389300 ) ) ;
#2617 = CARTESIAN_POINT ( 'NONE',  ( -1.119877842172776600, -0.03655926486981942600, 85.15444147810623600 ) ) ;
#2618 = CARTESIAN_POINT ( 'NONE',  ( 7.595367687778446200, 1.221003493014359600, 70.41581147553557700 ) ) ;
#2619 = CARTESIAN_POINT ( 'NONE',  ( -10.24301031735963400, -3.445289113577133700, 78.23328417660602000 ) ) ;
#2620 = ORIENTED_EDGE ( 'NONE', *, *, #297, .T. ) ;
#2621 = CARTESIAN_POINT ( 'NONE',  ( 7.717382419950659800, -1.088512154467719900, -70.23479956508967300 ) ) ;
#2622 = CARTESIAN_POINT ( 'NONE',  ( -6.324741436339619000, -0.2707379314590873100, -91.59999999999996600 ) ) ;
#2623 = CARTESIAN_POINT ( 'NONE',  ( -4.196645014294048800, -2.660884966193036000, 91.60000000000003700 ) ) ;
#2624 = ORIENTED_EDGE ( 'NONE', *, *, #4558, .F. ) ;
#2625 = EDGE_CURVE ( 'NONE', #4514, #1097, #2155, .T. ) ;
#2626 = CARTESIAN_POINT ( 'NONE',  ( -3.675716811199783300, 0.05127676735730138400, 67.76921146435665800 ) ) ;
#2627 = CARTESIAN_POINT ( 'NONE',  ( 5.500000000000000000, -3.500000000000000000, -101.5999999999999900 ) ) ;
#2628 = B_SPLINE_SURFACE_WITH_KNOTS ( 'NONE', 5, 5, ( 
 ( #265, #1513, #1908, #1491, #2712, #668 ),
 ( #3161, #3554, #1891, #686, #3514, #1116 ),
 ( #2265, #1850, #2301, #4721, #4778, #5136 ),
 ( #206, #3083, #1038, #3535, #3904, #1452 ),
 ( #4740, #2687, #3233, #3998, #4427, #300 ),
 ( #4468, #4389, #779, #2807, #3610, #3630 ),
 ( #744, #3590, #3180, #1949, #1193, #5236 ),
 ( #4406, #2410, #706, #4055, #1965, #1982 ),
 ( #336, #4820, #4861, #2355, #3216, #2769 ),
 ( #1174, #1152, #4840, #1570, #4034, #5306 ),
 ( #1589, #4447, #5272, #2372, #2004, #2392 ),
 ( #4878, #5291, #2842, #2822, #3661, #356 ),
 ( #761, #1135, #3980, #1550, #3648, #1605 ),
 ( #2023, #5255, #4892, #2789, #318, #3201 ),
 ( #3250, #725, #4019, #2424, #371, #1530 ),
 ( #1223, #1635, #2054, #389, #3266, #1209 ),
 ( #4071, #1621, #4482, #2039, #4909, #795 ),
 ( #3678, #4088, #2857, #4504, #2438, #5321 ),
 ( #968, #118, #4241, #2615, #1372, #934 ),
 ( #5067, #3817, #1818, #2578, #547, #3412 ),
 ( #1765, #4687, #133, #601, #1401, #193 ),
 ( #3833, #2636, #3019, #951, #2600, #1418 ),
 ( #152, #5084, #3801, #1355, #4648, #3430 ),
 ( #4257, #2199, #1387, #2232, #4225, #1780 ),
 ( #5103, #2215, #3001, #988, #4208, #3036 ),
 ( #582, #1798, #3464, #170, #4667, #564 ),
 ( #5051, #3447, #3873, #3852, #3054, #3070 ),
 ( #1005, #4276, #1837, #4707, #2253, #2183 ),
 ( #5125, #2654, #4631, #531, #2675, #3167 ),
 ( #1085, #1066, #4808, #4357, #288, #3131 ),
 ( #2272, #3948, #674, #1499, #3560, #2756 ),
 ( #1915, #213, #272, #1440, #3091, #3911 ),
 ( #3482, #5143, #4746, #3892, #4787, #619 ),
 ( #3147, #1105, #1023, #5183, #655, #4296 ),
 ( #1857, #3965, #2326, #3503, #5201, #2738 ),
 ( #1519, #4375, #251, #4727, #2290, #5162 ),
 ( #1935, #2344, #5222, #3542, #1898, #1045 ),
 ( #1459, #4319, #637, #1876, #2695, #234 ),
 ( #3111, #3521, #3930, #1478, #4339, #4766 ),
 ( #2308, #2718, #3309, #3616, #713, #1576 ),
 ( #4964, #1595, #2102, #1954, #3188, #4435 ),
 ( #2596, #1834, #2650, #598, #3908, #4313 ),
 ( #2691, #2825, #4137, #2168, #2361, #816 ),
 ( #3716, #3349, #106, #2991, #882, #1308 ),
 ( #2501, #4568, #521, #4583, #846, #1274 ),
 ( #2141, #4133, #5003, #1685, #4550, #2110 ),
 ( #38, #4149, #453, #1702, #123, #537 ),
 ( #2238, #158, #3418, #3879, #1785, #1423 ),
 ( #5072, #4281, #3024, #1842, #4496, #1662 ),
 ( #381, #400, #4531, #1646, #2083, #1266 ),
 ( #4594, #5346, #4965, #32, #4563, #3342 ),
 ( #2947, #4982, #2511, #464, #873, #2967 ),
 ( #948, #3033, #5121, #3283, #809, #3739 ),
 ( #4520, #2070, #4939, #5, #4493, #4457 ),
 ( #4064, #2047, #4095, #4513, #2061, #414 ),
 ( #3311, #2494, #2915, #3275, #304, #4411 ),
 ( #4805, #3184, #340, #4844, #2376, #2396 ),
 ( #729, #4431, #1178, #1986, #3941, #704 ),
 ( #4082, #487, #901, #3771, #3839, #4693 ),
 ( #5090, #1030, #2237, #176, #4301, #3469 ),
 ( #4711, #4325, #4750, #4673, #157, #3869 ),
 ( #1436, #1895, #5122, #2305, #1854, #1456 ),
 ( #4315, #4744, #2287, #5180, #3128, #652 ),
 ( #1495, #4783, #735, #4581, #1340, #3602 ),
 ( #1145, #2816, #1212, #4487, #4398, #2993 ),
 ( #3438, #523, #5057, #4603, #2551, #1721 ),
 ( #2957, #1771, #1379, #4637, #4231, #975 ),
 ( #4214, #1755, #553, #489, #74, #958 ),
 ( #5026, #2606, #2189, #3843, #4586, #4165 ),
 ( #2586, #92, #5074, #2144, #3369, #5006 ),
 ( #2537, #903, #3773, #1327, #141, #4656 ),
 ( #4183, #1737, #2157, #3808, #2974, #3402 ),
 ( #4199, #505, #2172, #940, #3384, #923 ),
 ( #3790, #1343, #125, #4619, #5041, #2568 ),
 ( #108, #3007, #1361, #539, #3420, #3823 ),
 ( #1787, #2206, #3026, #201, #3859, #1446 ),
 ( #588, #4675, #623, #1408, #1844, #3042 ),
 ( #1884, #1807, #3529, #3077, #1011, #1033 ),
 ( #3490, #996, #571, #2222, #3919, #2622 ),
 ( #1825, #5151, #3453, #1465, #4696, #4714 ),
 ( #607, #5093, #2259, #160, #3898, #4264 ),
 ( #3881, #4303, #3471, #2277, #2705, #2240 ),
 ( #4284, #5111, #3118, #1865, #4733, #2642 ),
 ( #2681, #5131, #240, #219, #1073, #3098 ),
 ( #180, #3509, #4327, #1052, #4753, #643 ),
 ( #2296, #2663, #1393, #3059, #1425, #5168 ),
 ( #4248, #2387, #4401, #329, #4344, #3210 ),
 ( #2367, #5207, #4854, #3623, #259, #738 ),
 ( #4772, #3935, #1486, #1903, #5266, #4420 ),
 ( #2782, #3954, #1505, #662, #3585, #3136 ),
 ( #2745, #3972, #3548, #1943, #294, #4364 ),
 ( #1977, #719, #1111, #2802, #278, #2314 ),
 ( #5189, #2724, #3604, #1091, #1921, #4795 ),
 ( #2332, #1525, #313, #3155, #680, #3568 ),
 ( #4382, #3174, #2763, #4814, #2351, #5229 ),
 ( #699, #1960, #1128, #3993, #5250, #1543 ),
 ( #4834, #3195, #1147, #4013, #1564, #1167 ),
 ( #4029, #4462, #2818, #2018, #1600, #349 ),
 ( #755, #1583, #3226, #1996, #3643, #4873 ),
 ( #1188, #4049, #5285, #4442, #2403, #2211 ),
 ( #945, #3813, #2178, #3780, #1349, #2543 ),
 ( #1367, #3797, #5080, #1776, #3031, #526 ),
 ( #1727, #5046, #4591, #558, #1317, #4220 ),
 ( #3763, #4643, #2964, #3013, #4173, #495 ),
 ( #2611, #147, #5015, #2163, #2147, #2194 ),
 ( #1333, #544, #3829, #891, #2573, #3408 ),
 ( #1793, #80, #1383, #5062, #3375, #2594 ),
 ( #910, #129, #3426, #2998, #4190, #5031 ),
 ( #1744, #964, #4237, #4662, #4609, #4627 ),
 ( #2556, #98, #2982, #3390, #512, #929 ),
 ( #4204, #1761, #114, #3104, #2228, #4681 ),
 ( #4761, #3477, #5157, #2647, #3459, #5118 ),
 ( #2302, #2670, #2266, #981, #3443, #1832 ),
 ( #1001, #3905, #4702, #188, #1872, #1414 ),
 ( #3084, #4741, #4722, #5098, #3498, #1397 ),
 ( #3848, #632, #3065, #3515, #2688, #595 ),
 ( #1813, #2631, #2247, #1061, #4290, #4310 ),
 ( #3925, #1018, #1039, #3887, #2284, #5177 ),
 ( #1453, #1432, #3866, #2713, #207, #227 ),
 ( #165, #1472, #1851, #246, #4334, #3125 ),
 ( #614, #4253, #5137, #3049, #576, #4271 ),
 ( #1892, #707, #3574, #2393, #2321, #1909 ),
 ( #2339, #1514, #4428, #1136, #5273, #1080 ),
 ( #4390, #4407, #1928, #1571, #337, #5196 ),
 ( #1966, #1492, #649, #2808, #3537, #1983 ),
 ( #2732, #3591, #1552, #2771, #4351, #4802 ),
 ( #1100, #4841, #726, #3999, #2373, #1950 ),
 ( #5216, #1153, #2790, #3162, #4862, #2751 ),
 ( #266, #3944, #4779, #319, #3142, #669 ),
 ( #301, #3555, #687, #5256, #283, #3960 ),
 ( #4020, #4370, #5237, #4821, #1117, #3982 ),
 ( #1531, #2356, #3181, #3202, #3611, #2843 ),
 ( #2055, #5322, #2823, #2411, #3631, #406 ),
 ( #4056, #3649, #1636, #5292, #3284, #1194 ),
 ( #1175, #4910, #4035, #3662, #1590, #2040 ),
 ( #372, #390, #3251, #1606, #780, #2439 ),
 ( #1240, #3267, #796, #4483, #762, #1210 ),
 ( #2858, #4448, #2471, #3679, #4089, #4469 ),
 ( #745, #2024, #2005, #1224, #810, #4505 ),
 ( #4926, #4879, #2454, #357, #5336, #3234 ),
 ( #4893, #4940, #6, #2425, #5307, #4072 ),
 ( #1622, #2874, #3696, #4102, #2890, #1654 ),
 ( #4521, #2072, #3217, #5025, #420, #4182 ),
 ( #1275, #4585, #436, #3316, #2483, #57 ),
 ( #2125, #4551, #454, #4955, #3741, #4990 ),
 ( #3299, #2111, #4971, #847, #1309, #2090 ),
 ( #2903, #4602, #1256, #4164, #2502, #91 ),
 ( #2550, #4135, #2938, #3350, #4118, #4569 ),
 ( #474, #39, #2923, #3710, #5005, #3724 ),
 ( #23, #1669, #902, #829, #4536, #2519 ),
 ( #883, #2142, #3756, #1686, #3332, #865 ),
 ( #1704, #1293, #73, #4150, #2956, #2536 ),
 ( #1720, #488, #3368, #3772, #1326, #1736 ),
 ( #2156, #140, #2585, #3401, #538, #2205 ),
 ( #995, #3025, #552, #4230, #522, #3419 ),
 ( #1786, #3789, #2239, #4655, #3841, #939 ),
 ( #504, #3807, #1754, #3437, #159, #974 ),
 ( #5110, #1407, #1392, #957, #4694, #4618 ),
 ( #5092, #4636, #1360, #4263, #4247, #2641 ),
 ( #2973, #1378, #1805, #4213, #3858, #3383 ),
 ( #922, #4674, #1342, #4198, #2171, #5040 ),
 ( #2221, #2567, #2621, #3041, #5073, #107 ),
 ( #1770, #2188, #570, #3452, #1824, #2992 ),
 ( #5056, #124, #3006, #3822, #2605, #3953 ),
 ( #1920, #4713, #4363, #179, #5188, #4283 ),
 ( #5206, #2295, #1504, #218, #1902, #4732 ),
 ( #239, #4302, #2276, #3470, #4771, #200 ),
 ( #1843, #1010, #661, #587, #2331, #4326 ),
 ( #5167, #4343, #2703, #5130, #2258, #3880 ),
 ( #1424, #1031, #606, #3934, #2661, #2723 ),
 ( #622, #3076, #1883, #3489, #3508, #3897 ),
 ( #4793, #3547, #5150, #3117, #2680, #1072 ),
 ( #1445, #642, #3097, #1864, #3058, #4752 ),
 ( #1051, #3918, #3528, #1464, #1485, #2313 ),
 ( #258, #3135, #1090, #1563, #1110, #4887 ),
 ( #737, #1976, #277, #3622, #4813, #4872 ),
 ( #2350, #3173, #4460, #2017, #1524, #3992 ),
 ( #1165, #5228, #698, #2402, #347, #2419 ),
 ( #5265, #2744, #3642, #3154, #3225, #1581 ),
 ( #4028, #4440, #4381, #328, #1995, #4852 ),
 ( #1942, #4419, #1542, #2781, #2762, #718 ),
 ( #5283, #4400, #754, #2817, #5247, #1187 ),
 ( #679, #293, #1599, #3567, #4046, #3584 ),
 ( #3971, #2385, #1127, #312, #1959, #4833 ),
 ( #2366, #3194, #3603, #2800, #3209, #1146 ),
 ( #4011, #4083, #5316, #415, #1218, #1630 ),
 ( #3261, #382, #4934, #3706, #1235, #1615 ),
 ( #3243, #4096, #2833, #4948, #4920, #2480 ),
 ( #2049, #4497, #3655, #4066, #3672, #2899 ),
 ( #821, #4545, #430, #2448, #1, #5330 ),
 ( #1268, #1203, #2885, #2868, #2850, #1681 ),
 ( #4477, #1647, #773, #2105, #4515, #1249 ),
 ( #401, #366, #788, #2031, #3294, #17 ),
 ( #4113, #2064, #4903, #1663, #2434, #2084 ),
 ( #3276, #804, #4967, #5301, #3690, #2464 ),
 ( #4532, #3312, #841, #3720, #4128, #4630 ),
 ( #5021, #2495, #3395, #2182, #102, #1337 ),
 ( #499, #915, #4145, #87, #3379, #4597 ),
 ( #1303, #4160, #2933, #4194, #2563, #2969 ),
 ( #897, #1750, #1715, #2987, #4613, #4999 ),
 ( #4577, #4207, #1696, #1354, #34, #2167 ),
 ( #3785, #1764, #3344, #2546, #5035, #860 ),
 ( #4986, #515, #2137, #2531, #448, #933 ),
 ( #2950, #4564, #3328, #3800, #2916, #3734 ) ),
 .UNSPECIFIED., .F., .F., .F.,
 ( 6, 3, 3, 1, 3, 3, 3, 3, 4, 3, 3, 3, 3, 3, 3, 3, 3, 3, 3, 3, 3, 3, 3, 3, 3, 3, 3, 3, 3, 3, 3, 3, 3, 3, 3, 3, 3, 3, 3, 3, 3, 2, 4, 3, 3, 3, 3, 3, 3, 3, 2, 3, 4, 3, 3, 3, 4, 3, 3, 3, 3, 3, 3, 3, 3, 3, 3, 6 ),
 ( 6, 6 ),
 ( 0.0000000000000000000, 0.001143221307158447400, 0.002286442614316894700, 0.009145770457267579000, 0.01829154091453515800, 0.03658308182907031600, 0.07316616365814063200, 0.1463323273162812600, 0.2926646546325625300, 0.2928596958542818400, 0.2934448195194397400, 0.2942249844063169500, 0.2957853141800713100, 0.2989059737275801000, 0.3051472928225976700, 0.3113886119176152400, 0.3145092714651240300, 0.3152894363520012400, 0.3156795187954398200, 0.3160696012388783900, 0.3176299310126328200, 0.3301125692026679600, 0.3363538882976855300, 0.3394745478451942600, 0.3404497539537907300, 0.3406447951755100500, 0.3408398363972293700, 0.3410348776189486800, 0.3425952073927030500, 0.3550778455827381400, 0.3613191646777557100, 0.3644398242252645000, 0.3660001539990188600, 0.3663902364424575000, 0.3667803188858960700, 0.3675604837727732800, 0.3738018028677908600, 0.3769224624152996400, 0.3800431219628084300, 0.3862844410578260000, 0.3894051006053347900, 0.3909654303790891500, 0.3925257601528435700, 0.3927070445572892200, 0.4389345676909319800, 0.4853433752290203800, 0.5781609903051971900, 0.6245697978432855900, 0.6709786053813739900, 0.7173874129194624000, 0.7405918166885066000, 0.7521940185730287000, 0.7637962204575506900, 0.7708236128448195900, 0.8200153595557027100, 0.8762344986538548300, 0.9886727768501588600, 0.9888497647118751300, 0.9893807282970239500, 0.9900886797438890300, 0.9911506069141866600, 0.9915045826376192000, 0.9929204855313493700, 0.9943363884250794300, 0.9964602427656745800, 0.9971681942125396600, 0.9985840971062698300, 1.000000000000000000 ),
 ( 0.0000000000000000000, 1.000000000000000000 ),
 .UNSPECIFIED. ) ;
#2629 = ORIENTED_EDGE ( 'NONE', *, *, #1586, .F. ) ;
#2630 = CARTESIAN_POINT ( 'NONE',  ( 10.34227949739616500, -1.844165503243006400, -35.00000000000003600 ) ) ;
#2631 = CARTESIAN_POINT ( 'NONE',  ( -6.817708152575113100, 2.652342573476639000, -70.34669606204029400 ) ) ;
#2632 = CARTESIAN_POINT ( 'NONE',  ( 6.053224935138692000, -3.219023498586314000, -96.79169207297772500 ) ) ;
#2633 = CARTESIAN_POINT ( 'NONE',  ( -4.922925337314735500, -2.879584783408612100, 92.13703199600371400 ) ) ;
#2634 = AXIS2_PLACEMENT_3D ( 'NONE', #3793, #3423, #4233 ) ;
#2635 = CARTESIAN_POINT ( 'NONE',  ( 5.210932498510612000, -3.429072555626031500, -23.94381333070548500 ) ) ;
#2636 = CARTESIAN_POINT ( 'NONE',  ( -3.304293724253680100, 1.319260032677619600, -69.73806104205688400 ) ) ;
#2637 = CARTESIAN_POINT ( 'NONE',  ( -4.681931720230950100, -0.6936449235696270400, 78.32749069539161700 ) ) ;
#2638 = CARTESIAN_POINT ( 'NONE',  ( 7.335949078964521400, 2.184587085928809000, 75.89769668342718500 ) ) ;
#2639 = CARTESIAN_POINT ( 'NONE',  ( -8.945574693767754900, -3.452276345958110900, 84.92644557582563900 ) ) ;
#2640 = FACE_BOUND ( 'NONE', #960, .T. ) ;
#2641 = CARTESIAN_POINT ( 'NONE',  ( 1.703115776826649400, -0.9541274874104979100, -91.59999999999998000 ) ) ;
#2642 = CARTESIAN_POINT ( 'NONE',  ( -6.325112109241051600, -0.2501229010015084700, -91.59999999999998000 ) ) ;
#2643 = CARTESIAN_POINT ( 'NONE',  ( -7.108719481519441000, -3.409658148906145000, 91.94456017736872900 ) ) ;
#2644 = CARTESIAN_POINT ( 'NONE',  ( 7.305907562744490500, 3.119204873651812100, 65.00000000000000000 ) ) ;
#2645 = CARTESIAN_POINT ( 'NONE',  ( -2.540364089724481500, -0.7808014321157682500, 78.32837450158147900 ) ) ;
#2646 = CARTESIAN_POINT ( 'NONE',  ( 7.615720755701706100, -3.343592551263692600, -91.93660459115156400 ) ) ;
#2647 = CARTESIAN_POINT ( 'NONE',  ( -6.354554380263732800, 1.586702045863554100, -81.00945793217212600 ) ) ;
#2648 = CARTESIAN_POINT ( 'NONE',  ( 7.473699175732674500, -3.533937962933759700, -91.93788137799234100 ) ) ;
#2649 = CARTESIAN_POINT ( 'NONE',  ( -5.500000000000563100, 1.492003218558841900, -0.01209336135280631400 ) ) ;
#2650 = CARTESIAN_POINT ( 'NONE',  ( -7.131502944156905800, 0.4440671511152337600, -75.73414849712610000 ) ) ;
#2651 = PERSON_AND_ORGANIZATION ( #3553, #851 ) ;
#2652 = CARTESIAN_POINT ( 'NONE',  ( -5.721416156616150800, -3.310948840702010500, 96.80783556360094600 ) ) ;
#2653 = CARTESIAN_POINT ( 'NONE',  ( -4.887793014709653300, 0.3980046945130481000, 0.0000000000000000000 ) ) ;
#2654 = CARTESIAN_POINT ( 'NONE',  ( -6.556978203168776900, 0.7884873225891708700, -70.32244705971562800 ) ) ;
#2655 = B_SPLINE_SURFACE_WITH_KNOTS ( 'NONE', 3, 3, ( 
 ( #798, #4523, #1656, #1242 ),
 ( #849, #3743, #4152, #4973 ),
 ( #4553, #2473, #9, #422 ),
 ( #4571, #25, #1688, #1638 ),
 ( #2876, #2906, #3301, #3712 ),
 ( #1258, #4120, #4957, #2504 ),
 ( #2127, #476, #2207, #4200 ),
 ( #5042, #3370, #3353, #5007 ),
 ( #1311, #2173, #3421, #2569 ),
 ( #5027, #5058, #3791, #2145 ),
 ( #885, #540, #4215, #5075 ),
 ( #59, #2538, #1328, #1772 ),
 ( #109, #1344, #4620, #490 ),
 ( #2994, #1756, #3774, #3403 ),
 ( #3824, #3758, #4657, #524 ),
 ( #904, #4184, #2940, #2958 ),
 ( #4166, #1722, #941, #2587 ),
 ( #1380, #3809, #2975, #1788 ),
 ( #4587, #2190, #1738, #4604 ),
 ( #1362, #75, #2158, #2552 ),
 ( #93, #506, #3385, #924 ),
 ( #4638, #126, #3008, #959 ),
 ( #4232, #3099, #3454, #1447 ),
 ( #4676, #3510, #220, #1808 ),
 ( #1409, #2643, #2223, #589 ),
 ( #3043, #2607, #4265, #1826 ),
 ( #4304, #202, #624, #1053 ),
 ( #2297, #1866, #997, #3860 ),
 ( #3882, #3920, #5132, #3078 ),
 ( #1426, #5094, #2664, #4697 ),
 ( #4754, #3439, #2241, #4285 ),
 ( #2623, #608, #5112, #181 ),
 ( #572, #4734, #3060, #161 ),
 ( #3472, #4715, #1012, #1845 ),
 ( #2278, #2260, #5152, #3491 ),
 ( #1034, #976, #1466, #2682 ),
 ( #4328, #3899, #1885, #142 ),
 ( #3027, #554, #3844, #1394 ),
 ( #4249, #3569, #3549, #3175 ),
 ( #3605, #644, #4421, #3973 ),
 ( #260, #1092, #2706, #2725 ),
 ( #3196, #241, #3119, #700 ),
 ( #3530, #3586, #1904, #1961 ),
 ( #4773, #3137, #1565, #1978 ),
 ( #3955, #1074, #1129, #1526 ),
 ( #1506, #3994, #4855, #4383 ),
 ( #5169, #2315, #4815, #4365 ) ),
 .UNSPECIFIED., .T., .F., .F.,
 ( 4, 1, 1, 1, 1, 2, 1, 1, 1, 1, 1, 1, 1, 1, 2, 1, 1, 1, 2, 1, 1, 1, 1, 1, 1, 1, 1, 1, 1, 1, 2, 1, 1, 1, 1, 2, 1, 1, 1, 4 ),
 ( 4, 4 ),
 ( 0.0000000000000000000, 0.02308594244383046400, 0.06156251318354790500, 0.1231250263670958100, 0.1846875395506437100, 0.2462500527341916200, 0.3002781212404546100, 0.3543061897467175700, 0.3880737325631319300, 0.4083342582529805300, 0.4285947839428291300, 0.4421018010693949000, 0.4488553096326777200, 0.4556088181959606100, 0.4623623267592434900, 0.4648778679603207100, 0.4673934091613979300, 0.4699089503624752600, 0.4724244915635524800, 0.4799685775639622200, 0.4875126635643719500, 0.4950567495647816800, 0.5026008355651914200, 0.5101449215656010900, 0.5327771795668303500, 0.5403212655672401400, 0.5554094375680596100, 0.5931298675701082200, 0.6157621255713374700, 0.6534825555733860800, 0.7138352435766639500, 0.7655958631888616400, 0.8173564828010593300, 0.8691171024132569000, 0.8986945993345126800, 0.9208777220254545900, 0.9406582915190908600, 0.9604388610127272400, 0.9802194305063636200, 1.000000000000000000 ),
 ( 0.0000000000000000000, 1.000000000000000000 ),
 .UNSPECIFIED. ) ;
#2656 = CARTESIAN_POINT ( 'NONE',  ( -13.38622377657959800, -3.274055437160528800, 35.00000000000000000 ) ) ;
#2657 = LINE ( 'NONE', #245, #2922 ) ;
#2658 = CARTESIAN_POINT ( 'NONE',  ( -6.408379831225945900, -0.4333752437519615100, 70.45883241180341400 ) ) ;
#2659 = CARTESIAN_POINT ( 'NONE',  ( 6.580435678470978500, -0.2312567752170645000, 86.32837093055778200 ) ) ;
#2660 = CARTESIAN_POINT ( 'NONE',  ( -7.652047974643293700, -3.463198621321495800, 91.60000000000003700 ) ) ;
#2661 = CARTESIAN_POINT ( 'NONE',  ( 8.952574744826916800, -3.330604620708195200, -84.89898123214487700 ) ) ;
#2662 = UNCERTAINTY_MEASURE_WITH_UNIT (LENGTH_MEASURE( 1.000000000000000100E-005 ), #1254, 'distance_accuracy_value', 'NONE');
#2663 = CARTESIAN_POINT ( 'NONE',  ( -7.585742427479402700, 2.359498728389946000, -70.44498772180637000 ) ) ;
#2664 = CARTESIAN_POINT ( 'NONE',  ( -5.502848388149580200, -3.258776249388292800, 96.83157208194253900 ) ) ;
#2665 = CARTESIAN_POINT ( 'NONE',  ( 6.302082052002060000, 0.9546598742056270300, 86.32040532838783500 ) ) ;
#2666 = CARTESIAN_POINT ( 'NONE',  ( -0.9339710483534516800, -1.086855212128806000, 85.08051941592434300 ) ) ;
#2667 = CARTESIAN_POINT ( 'NONE',  ( -0.06692549524274162000, -0.5607342222052168500, -94.25483705900106200 ) ) ;
#2668 = AXIS2_PLACEMENT_3D ( 'NONE', #2138, #876, #2466 ) ;
#2669 = CARTESIAN_POINT ( 'NONE',  ( 0.5508116812163015300, -1.752031084320056800, -91.59999999999998000 ) ) ;
#2670 = CARTESIAN_POINT ( 'NONE',  ( -6.912105526788550100, 2.654280857868339900, -70.36527011294697300 ) ) ;
#2671 = CARTESIAN_POINT ( 'NONE',  ( 5.500000000000000000, -3.500000000000000000, -101.5999999999999900 ) ) ;
#2672 = CARTESIAN_POINT ( 'NONE',  ( 5.787116517822916300, -19.49883130433810800, 91.59999999999999400 ) ) ;
#2673 = CARTESIAN_POINT ( 'NONE',  ( -4.374617301998518400, -2.998997767591870200, 97.03490050757930900 ) ) ;
#2674 = CARTESIAN_POINT ( 'NONE',  ( -4.552846171616891100, 2.718282363560556200, -5.820458200585034300 ) ) ;
#2675 = CARTESIAN_POINT ( 'NONE',  ( -5.859541240004621600, -0.5587161770044695200, -86.28122352985778300 ) ) ;
#2676 = CARTESIAN_POINT ( 'NONE',  ( 3.344236968940117000, 0.1987054267546621300, 4.381955201687623500 ) ) ;
#2677 = CARTESIAN_POINT ( 'NONE',  ( -3.822171153515124600, -1.100629168772294700, 84.93493680762129800 ) ) ;
#2678 = CARTESIAN_POINT ( 'NONE',  ( 6.318134577190406300, -0.3519692570995622800, 91.59999999999990900 ) ) ;
#2679 = CARTESIAN_POINT ( 'NONE',  ( -11.81969559630438300, -3.503043152006073900, 70.34202773989282800 ) ) ;
#2680 = CARTESIAN_POINT ( 'NONE',  ( 8.953261614581720100, -3.332393177103909900, -84.89901901149140400 ) ) ;
#2681 = CARTESIAN_POINT ( 'NONE',  ( -7.804056259504495300, 2.119271928480658000, -65.00000000000002800 ) ) ;
#2682 = CARTESIAN_POINT ( 'NONE',  ( -5.500000000000000000, -3.500000000000000000, 101.5999999999999900 ) ) ;
#2683 = CARTESIAN_POINT ( 'NONE',  ( 7.378274924456011500, 3.073528924094794100, 64.99999999999997200 ) ) ;
#2684 = CARTESIAN_POINT ( 'NONE',  ( -0.4735081097597123000, -1.732863964378639700, 91.59999999999998000 ) ) ;
#2685 = ADVANCED_FACE ( 'NONE', ( #3046 ), #4451, .T. ) ;
#2686 = CARTESIAN_POINT ( 'NONE',  ( 6.111995560820832700, -2.709781947833429500, -91.59999999999998000 ) ) ;
#2687 = CARTESIAN_POINT ( 'NONE',  ( 3.951900877071023100, -0.06423741917270404900, -67.68161502529865500 ) ) ;
#2688 = CARTESIAN_POINT ( 'NONE',  ( -6.028503396561559300, 1.020485860252361200, -86.29537498685428400 ) ) ;
#2689 = CARTESIAN_POINT ( 'NONE',  ( 5.500000000000000000, -3.500000000000000000, -101.5999999999999900 ) ) ;
#2690 = CARTESIAN_POINT ( 'NONE',  ( -2.549476680035415400, 2.733200515065060900, 0.0000000000000000000 ) ) ;
#2691 = CARTESIAN_POINT ( 'NONE',  ( -7.056746894229207500, 1.278885164626932800, -65.00000000000000000 ) ) ;
#2692 = ORIENTED_EDGE ( 'NONE', *, *, #1332, .T. ) ;
#2693 = CARTESIAN_POINT ( 'NONE',  ( 0.002753594491033961600, -2.458931589830675600, 99.43733406778260100 ) ) ;
#2694 = CARTESIAN_POINT ( 'NONE',  ( -5.500005099422955000, 1.492001305332441700, 0.0000000000000000000 ) ) ;
#2695 = CARTESIAN_POINT ( 'NONE',  ( -5.998274292217069500, -0.5576799192053637500, -86.29064442941947300 ) ) ;
#2696 = CARTESIAN_POINT ( 'NONE',  ( 6.812492010791485700, 3.249999999999999600, 65.00000000000000000 ) ) ;
#2697 = CARTESIAN_POINT ( 'NONE',  ( -7.061967188581501600, -0.4029758080423087000, 65.00000000000000000 ) ) ;
#2698 = ORIENTED_EDGE ( 'NONE', *, *, #1614, .F. ) ;
#2699 = B_SPLINE_CURVE_WITH_KNOTS ( 'NONE', 3,
 ( #2416, #4061, #4899, #836 ),
 .UNSPECIFIED., .F., .F.,
 ( 4, 4 ),
 ( 0.0000000000000000000, 0.8623188966464435700 ),
 .UNSPECIFIED. ) ;
#2700 = CARTESIAN_POINT ( 'NONE',  ( 7.187148539854195700, 1.050098805338632000, 81.08927438863092600 ) ) ;
#2701 = ORIENTED_EDGE ( 'NONE', *, *, #3532, .T. ) ;
#2702 = DIRECTION ( 'NONE',  ( 0.0000000000000000000, 0.0000000000000000000, 1.000000000000000000 ) ) ;
#2703 = CARTESIAN_POINT ( 'NONE',  ( 11.14313200150176700, -2.895621129018439700, -70.02418733614972300 ) ) ;
#2704 = ORIENTED_EDGE ( 'NONE', *, *, #1994, .T. ) ;
#2705 = CARTESIAN_POINT ( 'NONE',  ( -6.716058210563590000, 0.4861989583503629800, -86.34467488221773100 ) ) ;
#2706 = CARTESIAN_POINT ( 'NONE',  ( -0.2498886735348620200, -2.505932417156091100, 99.30450648846338900 ) ) ;
#2707 = CARTESIAN_POINT ( 'NONE',  ( 7.523884712561598000, 2.952115580790032100, 64.99999999999997200 ) ) ;
#2708 = EDGE_CURVE ( 'NONE', #3685, #4433, #1199, .T. ) ;
#2709 = CARTESIAN_POINT ( 'NONE',  ( 6.548578059136613800, 0.7899767677737457000, 70.32165494154138200 ) ) ;
#2710 = CARTESIAN_POINT ( 'NONE',  ( 5.500000000000000000, -3.500000000000000000, -101.5999999999999900 ) ) ;
#2711 = ORIENTED_EDGE ( 'NONE', *, *, #3532, .F. ) ;
#2712 = CARTESIAN_POINT ( 'NONE',  ( 1.570508238728616200, -1.275399761486496700, -84.95516856332004400 ) ) ;
#2713 = CARTESIAN_POINT ( 'NONE',  ( -6.228788859718103600, 1.554842589628582500, -80.97466533855346400 ) ) ;
#2714 = CARTESIAN_POINT ( 'NONE',  ( 5.502848388149580200, -3.258776249388292800, -96.83157208194253900 ) ) ;
#2715 = CARTESIAN_POINT ( 'NONE',  ( 6.963241165860361000, 1.373699929695051200, -23.09339618067864200 ) ) ;
#2716 = CARTESIAN_POINT ( 'NONE',  ( -5.477188090692726200, 1.789020910303784900, -0.5166740199717598800 ) ) ;
#2717 = CARTESIAN_POINT ( 'NONE',  ( -5.131428798358680200, 2.420568593374853100, -5.577632776552707800 ) ) ;
#2718 = CARTESIAN_POINT ( 'NONE',  ( -6.900217625002943200, 0.7872052373602341800, -70.35203746416755200 ) ) ;
#2719 = CARTESIAN_POINT ( 'NONE',  ( -7.269155141709900300, -0.1137363113259167900, 35.00000000000000000 ) ) ;
#2720 = CARTESIAN_POINT ( 'NONE',  ( -9.582292136618200100, -1.949647561176319100, 67.54701539812400300 ) ) ;
#2721 = CARTESIAN_POINT ( 'NONE',  ( 6.322256373933972100, -0.3158474349950853900, 91.59999999999993700 ) ) ;
#2722 = CARTESIAN_POINT ( 'NONE',  ( -8.897655726450663500, -3.493531228670705900, 84.94704453395536300 ) ) ;
#2723 = CARTESIAN_POINT ( 'NONE',  ( 7.612937928477665000, -3.307470315790514100, -91.60000000000000900 ) ) ;
#2724 = CARTESIAN_POINT ( 'NONE',  ( -7.223349421064321000, 2.610235832997209700, -70.41265374612179100 ) ) ;
#2725 = CARTESIAN_POINT ( 'NONE',  ( -5.500000000000000000, -3.500000000000000000, 101.5999999999999900 ) ) ;
#2726 = CARTESIAN_POINT ( 'NONE',  ( 6.497555138103220600, 1.603893369970812900, 81.03652351278562100 ) ) ;
#2727 = CARTESIAN_POINT ( 'NONE',  ( 5.422186433844844400, 0.6318281322102052800, 75.34834741916859000 ) ) ;
#2728 = CARTESIAN_POINT ( 'NONE',  ( 6.307152862957285500, -3.209304469056137900, -91.98489517460844000 ) ) ;
#2729 = B_SPLINE_SURFACE_WITH_KNOTS ( 'NONE', 5, 5, ( 
 ( #3300, #421, #4522, #1276, #3711, #2875 ),
 ( #475, #2455, #2503, #830, #1310, #2112 ),
 ( #2472, #4136, #4552, #5337, #437, #4103 ),
 ( #1257, #4119, #3285, #866, #1655, #2091 ),
 ( #2073, #4972, #4941, #8, #1670, #58 ),
 ( #40, #2924, #3317, #811, #455, #3697 ),
 ( #4506, #1294, #4537, #4151, #3333, #4956 ),
 ( #1241, #2891, #2484, #2126, #24, #3742 ),
 ( #4991, #848, #1705, #3725, #2520, #2939 ),
 ( #3352, #884, #3757, #1637, #2056, #2669 ) ),
 .UNSPECIFIED., .F., .F., .F.,
 ( 6, 4, 6 ),
 ( 6, 6 ),
 ( 0.0000000000000000000, 0.5000000000000000000, 1.000000000000000000 ),
 ( 0.0000000000000000000, 1.000000000000000000 ),
 .UNSPECIFIED. ) ;
#2730 = LINE ( 'NONE', #781, #1969 ) ;
#2731 = CARTESIAN_POINT ( 'NONE',  ( -7.550811680725583000, -3.497030537516179600, 91.59999999999999400 ) ) ;
#2732 = CARTESIAN_POINT ( 'NONE',  ( -6.824336631920922400, 3.250000000000000400, -64.99999999999997200 ) ) ;
#2733 = CARTESIAN_POINT ( 'NONE',  ( 5.500000000000000000, -3.500000000000000000, -101.5999999999999900 ) ) ;
#2734 = ORIENTED_EDGE ( 'NONE', *, *, #3864, .F. ) ;
#2735 = CARTESIAN_POINT ( 'NONE',  ( 5.508302296235712000, -3.199822055969844900, -23.93804279555126900 ) ) ;
#2736 = VECTOR ( 'NONE', #2074, 999.9999999999998900 ) ;
#2737 = CARTESIAN_POINT ( 'NONE',  ( -5.131428798358680200, 2.420568593374853100, 0.0000000000000000000 ) ) ;
#2738 = CARTESIAN_POINT ( 'NONE',  ( -5.622819114621520100, -0.9985021857482939700, -91.59999999999993700 ) ) ;
#2739 = CARTESIAN_POINT ( 'NONE',  ( -5.630195017442184200, -1.892410213393801900, 78.31536923830654500 ) ) ;
#2740 = CARTESIAN_POINT ( 'NONE',  ( -4.039390917849457800, -1.193392590237559500, 84.92873179963621100 ) ) ;
#2741 = CARTESIAN_POINT ( 'NONE',  ( 7.113203681229541600, 2.319648816655895300, 75.88913746409774300 ) ) ;
#2742 = CARTESIAN_POINT ( 'NONE',  ( -7.550811680725582100, -3.497030537516180100, 91.59999999999999400 ) ) ;
#2743 = EDGE_CURVE ( 'NONE', #4433, #254, #4441, .T. ) ;
#2744 = CARTESIAN_POINT ( 'NONE',  ( 12.09611422610452500, -3.391049202607356900, -67.56108394198794500 ) ) ;
#2745 = CARTESIAN_POINT ( 'NONE',  ( -7.703874298539448200, 2.702217739350506700, -64.99999999999994300 ) ) ;
#2746 = CARTESIAN_POINT ( 'NONE',  ( 5.956627282007008100, 5.500000000000001800, 35.00000000000000000 ) ) ;
#2747 = CARTESIAN_POINT ( 'NONE',  ( 5.940303340326385900, 1.024621163768027800, 86.28631345530536100 ) ) ;
#2748 = CARTESIAN_POINT ( 'NONE',  ( 6.535346467878443200, 0.7928813756407284700, 70.32049127167033500 ) ) ;
#2749 = CARTESIAN_POINT ( 'NONE',  ( 6.085740376444058500, -3.399194561495446200, -96.78146330470583800 ) ) ;
#2750 = AXIS2_PLACEMENT_3D ( 'NONE', #376, #3338, #3270 ) ;
#2751 = CARTESIAN_POINT ( 'NONE',  ( -5.565241188974642500, 0.4999379630442487000, -91.59999999999999400 ) ) ;
#2752 = CARTESIAN_POINT ( 'NONE',  ( 2.786977730623259000, -2.681073800383639000, -97.60811776492849400 ) ) ;
#2753 = CARTESIAN_POINT ( 'NONE',  ( -0.7689004309060036800, 4.716700250569106200, -35.00000000000000000 ) ) ;
#2754 = CARTESIAN_POINT ( 'NONE',  ( -5.409646841502265600, 2.068735829641974000, -1.025482422186821100 ) ) ;
#2755 = CARTESIAN_POINT ( 'NONE',  ( -5.466157640471617900, 1.095957696284068000, 0.0000000000000000000 ) ) ;
#2756 = CARTESIAN_POINT ( 'NONE',  ( -5.592872297305001800, -0.9997996483548975400, -91.59999999999996600 ) ) ;
#2757 = CARTESIAN_POINT ( 'NONE',  ( -6.131833922525300900, -3.143299764326104000, 91.60000000000003700 ) ) ;
#2758 = CARTESIAN_POINT ( 'NONE',  ( -6.738161340093694400, -1.643133977699772900, 78.20729161852366900 ) ) ;
#2759 = CARTESIAN_POINT ( 'NONE',  ( 7.118177794854412700, 2.316964707766989000, 75.88947967170942400 ) ) ;
#2760 = CARTESIAN_POINT ( 'NONE',  ( -11.78010181972357500, -3.495955262682049400, 70.35496106405817300 ) ) ;
#2761 = ORIENTED_EDGE ( 'NONE', *, *, #4918, .F. ) ;
#2762 = CARTESIAN_POINT ( 'NONE',  ( 8.970648951034419800, -3.376443654399636300, -84.90180337343237200 ) ) ;
#2763 = CARTESIAN_POINT ( 'NONE',  ( -6.506294556779386600, 2.265449377616698600, -75.79022768431247000 ) ) ;
#2764 = CARTESIAN_POINT ( 'NONE',  ( 7.312499999999928100, 5.500000000000001800, 35.00000000000000000 ) ) ;
#2765 = CARTESIAN_POINT ( 'NONE',  ( 6.303020476477860800, 1.574316210526413700, 80.99687234300590400 ) ) ;
#2766 = CARTESIAN_POINT ( 'NONE',  ( 1.939696549732699900, -1.259390440055667700, 91.60000000000005100 ) ) ;
#2767 = CARTESIAN_POINT ( 'NONE',  ( 2.082061681108955800, -2.133749714706710200, -91.59999999999996600 ) ) ;
#2768 = ORIENTED_EDGE ( 'NONE', *, *, #3158, .T. ) ;
#2769 = CARTESIAN_POINT ( 'NONE',  ( 0.3964922264836423500, -1.713958022373678100, -91.59999999999998000 ) ) ;
#2770 = ORIENTED_EDGE ( 'NONE', *, *, #4459, .F. ) ;
#2771 = CARTESIAN_POINT ( 'NONE',  ( -6.184140123059984600, 1.552308680257471000, -80.95884489512198500 ) ) ;
#2772 = CARTESIAN_POINT ( 'NONE',  ( 4.922925337314735500, -2.879584783408612100, -92.13703199600371400 ) ) ;
#2773 = CARTESIAN_POINT ( 'NONE',  ( 1.411435737789017700, 0.4430318702753954800, 0.0000000000000000000 ) ) ;
#2774 = CARTESIAN_POINT ( 'NONE',  ( 3.936494959300416600, -0.1933102078443929300, -70.34135006407326800 ) ) ;
#2775 = ORIENTED_EDGE ( 'NONE', *, *, #143, .T. ) ;
#2776 = CARTESIAN_POINT ( 'NONE',  ( 5.363312068258555800, -3.444152956822558400, -1.225199181425698600 ) ) ;
#2777 = CARTESIAN_POINT ( 'NONE',  ( -7.868734096749824000, -2.693226094098652500, 78.31617192440620600 ) ) ;
#2778 = CARTESIAN_POINT ( 'NONE',  ( -8.953261614581720100, -3.332393177103909900, 84.89901901149140400 ) ) ;
#2779 = CARTESIAN_POINT ( 'NONE',  ( 7.126132036583678400, 2.313221918943848500, 75.88993219447084500 ) ) ;
#2780 = CARTESIAN_POINT ( 'NONE',  ( -4.208198889421247200, -1.963095102053526300, 3.547618065454492900 ) ) ;
#2781 = CARTESIAN_POINT ( 'NONE',  ( 10.28488487955921100, -3.410728668850930400, -78.20360674686470800 ) ) ;
#2782 = CARTESIAN_POINT ( 'NONE',  ( -7.729933449888538800, 2.647106955164929800, -64.99999999999994300 ) ) ;
#2783 = CARTESIAN_POINT ( 'NONE',  ( 0.7946534794026892700, 2.155801105530697400, 0.0000000000000000000 ) ) ;
#2784 = CARTESIAN_POINT ( 'NONE',  ( 5.902346655604682200, 1.025198713462589100, 86.28210766068227100 ) ) ;
#2785 = AXIS2_PLACEMENT_3D ( 'NONE', #1479, #3617, #1158 ) ;
#2786 = ORIENTED_EDGE ( 'NONE', *, *, #1809, .F. ) ;
#2787 = CARTESIAN_POINT ( 'NONE',  ( 5.577548455071305300, -0.9999963500917606900, 91.59999999999998000 ) ) ;
#2788 = CARTESIAN_POINT ( 'NONE',  ( 7.575125411725758300, -3.503091601416670600, -91.59999999999998000 ) ) ;
#2789 = CARTESIAN_POINT ( 'NONE',  ( 1.783841016749530700, -0.5242349797156140600, -78.59686089445550300 ) ) ;
#2790 = CARTESIAN_POINT ( 'NONE',  ( -6.546525665001830400, 2.051057037844410800, -75.63442031950411600 ) ) ;
#2791 = CARTESIAN_POINT ( 'NONE',  ( 5.500000000000000000, -3.500000000000000000, -101.5999999999999900 ) ) ;
#2792 = CARTESIAN_POINT ( 'NONE',  ( 4.884390998156982600, 2.759449248230522400, 2.543517942267000900 ) ) ;
#2793 = CARTESIAN_POINT ( 'NONE',  ( -6.243032353554017500, -0.3297609944642538300, 53.67373552634443000 ) ) ;
#2794 = CARTESIAN_POINT ( 'NONE',  ( 0.9536224655274729800, 1.225440209199033500, -5.417406191834065700 ) ) ;
#2795 = CARTESIAN_POINT ( 'NONE',  ( -9.475592860563770300, -2.524148729762156300, 70.35239488166720900 ) ) ;
#2796 = FACE_BOUND ( 'NONE', #1283, .T. ) ;
#2797 = CARTESIAN_POINT ( 'NONE',  ( -11.62678891727449200, -3.002765625858827600, 65.00000000000000000 ) ) ;
#2798 = CARTESIAN_POINT ( 'NONE',  ( 6.324741436339619000, -0.2707379314590873100, 91.59999999999996600 ) ) ;
#2799 = CARTESIAN_POINT ( 'NONE',  ( -0.6909348014149893100, 1.490972618346815900, 5.457228716751601800 ) ) ;
#2800 = CARTESIAN_POINT ( 'NONE',  ( 10.27029494409882200, -3.427920974687204600, -78.21046105570758300 ) ) ;
#2801 = LINE ( 'NONE', #4605, #593 ) ;
#2802 = CARTESIAN_POINT ( 'NONE',  ( -6.630400187028802100, 1.593107552740434400, -81.05436996283192700 ) ) ;
#2803 = CARTESIAN_POINT ( 'NONE',  ( -13.43511312020813300, -3.336622343617651400, 34.99999999999999300 ) ) ;
#2804 = CARTESIAN_POINT ( 'NONE',  ( 6.788280023930554700, 2.651268891939269500, 70.34072553602074200 ) ) ;
#2805 = CARTESIAN_POINT ( 'NONE',  ( 5.873276522652505900, -0.5596443489168209100, 86.28222388385120200 ) ) ;
#2806 = CARTESIAN_POINT ( 'NONE',  ( 5.942832313232300700, -3.121897681404020000, -92.01567112720192700 ) ) ;
#2807 = CARTESIAN_POINT ( 'NONE',  ( 2.546598028731186700, -0.7830419820585996500, -78.32612178581754800 ) ) ;
#2808 = CARTESIAN_POINT ( 'NONE',  ( -6.187190091452854400, 1.550686125364394200, -80.95980054116273500 ) ) ;
#2809 = CARTESIAN_POINT ( 'NONE',  ( -4.032851460472246100, -2.807047847111086000, 3.750856762935957300 ) ) ;
#2810 = CARTESIAN_POINT ( 'NONE',  ( 5.483493206224590500, -3.165717355812586400, -0.4436115202936831700 ) ) ;
#2811 = CARTESIAN_POINT ( 'NONE',  ( -9.582646131356030500, -2.489814680665105100, 67.67617192440614800 ) ) ;
#2812 = CARTESIAN_POINT ( 'NONE',  ( -11.15422207390537700, -2.733625987851395300, 65.00000000000002800 ) ) ;
#2813 = CARTESIAN_POINT ( 'NONE',  ( 6.722423273866904300, 0.4645701602343478800, 86.34479073620062200 ) ) ;
#2814 = CARTESIAN_POINT ( 'NONE',  ( 2.710505431213761100E-016, 2.034576191987957500, 5.500000000000000000 ) ) ;
#2815 = EDGE_CURVE ( 'NONE', #2076, #2011, #2730, .T. ) ;
#2816 = CARTESIAN_POINT ( 'NONE',  ( -7.782795071043262100, 1.860406064698063800, -70.44715264414988100 ) ) ;
#2817 = CARTESIAN_POINT ( 'NONE',  ( 10.28121445447066100, -3.416513667889532700, -78.20524795891697100 ) ) ;
#2818 = CARTESIAN_POINT ( 'NONE',  ( -6.494817959400737800, 2.249126979495306600, -75.78442511719356400 ) ) ;
#2819 = CARTESIAN_POINT ( 'NONE',  ( -9.023700618805493800, -0.08793353458758541900, 23.00867411803021400 ) ) ;
#2820 = CARTESIAN_POINT ( 'NONE',  ( 6.749501333831178200, 2.650365843319332400, 70.33262691061068500 ) ) ;
#2821 = CARTESIAN_POINT ( 'NONE',  ( 5.602266393677314000, -0.9995098662938192200, 91.59999999999996600 ) ) ;
#2822 = CARTESIAN_POINT ( 'NONE',  ( 2.038119066391566500, -0.6066085093652626700, -78.50748083780776200 ) ) ;
#2823 = CARTESIAN_POINT ( 'NONE',  ( -4.683732296882611800, 2.052807794062179600, -75.13390020506669500 ) ) ;
#2824 = CARTESIAN_POINT ( 'NONE',  ( 5.575000000000002800, -1.000000000000004400, 91.59999999999999400 ) ) ;
#2825 = CARTESIAN_POINT ( 'NONE',  ( -7.175520537883930000, 0.8678555606868695300, -70.37466977901918600 ) ) ;
#2826 = CARTESIAN_POINT ( 'NONE',  ( 4.734724448906395500, -3.173104921007892100, -2.814348487099963300 ) ) ;
#2827 = CARTESIAN_POINT ( 'NONE',  ( 4.722381231122407800, -2.439996045692902200, -2.828692905572556700 ) ) ;
#2828 = CARTESIAN_POINT ( 'NONE',  ( -10.29342629221402000, -3.376342897652287800, 78.19909717194892100 ) ) ;
#2829 = VERTEX_POINT ( 'NONE', #358 ) ;
#2830 = CARTESIAN_POINT ( 'NONE',  ( 7.100763719796335100, 2.326237577894280300, 75.88827071501459900 ) ) ;
#2831 = ORIENTED_EDGE ( 'NONE', *, *, #2592, .F. ) ;
#2832 = CARTESIAN_POINT ( 'NONE',  ( -3.923995102174998800, -1.698558109785529300, 3.859636546278925300 ) ) ;
#2833 = CARTESIAN_POINT ( 'NONE',  ( 11.90485386154045400, -3.484410013876452400, -70.16405867307123900 ) ) ;
#2834 = ORIENTED_EDGE ( 'NONE', *, *, #297, .F. ) ;
#2835 = CARTESIAN_POINT ( 'NONE',  ( -5.274610528618672400, -3.449308689770564500, 0.0000000000000000000 ) ) ;
#2836 = CARTESIAN_POINT ( 'NONE',  ( 5.579615861907044800, 0.5000268348307304000, 91.59999999999998000 ) ) ;
#2837 = CARTESIAN_POINT ( 'NONE',  ( 6.685716998734289300, 1.257985358694052600, 64.99999999999998600 ) ) ;
#2838 = EDGE_LOOP ( 'NONE', ( #4047, #2884, #3095, #4294, #4289, #1173, #1365 ) ) ;
#2839 = CARTESIAN_POINT ( 'NONE',  ( -4.616661032676786300, -1.493951747401085500, -96.61767322535457900 ) ) ;
#2840 = CLOSED_SHELL ( 'NONE', ( #1077, #5233, #627, #3579, #1450, #684, #2685, #1947, #2443, #1536, #1667, #3090, #3520, #5173 ) ) ;
#2841 = B_SPLINE_CURVE_WITH_KNOTS ( 'NONE', 3,
 ( #4942, #478, #2894, #424, #834, #3714, #4122, #2523, #3760, #2095, #4959, #1724 ),
 .UNSPECIFIED., .F., .F.,
 ( 4, 2, 2, 2, 2, 4 ),
 ( 0.01232525779680860100, 0.01375487134208199700, 0.01518448488735539000, 0.01661409843262878800, 0.01732890520526548400, 0.01804371197790218000 ),
 .UNSPECIFIED. ) ;
#2842 = CARTESIAN_POINT ( 'NONE',  ( 3.316253159647913700, 0.04490724156681704500, -70.73528651428350100 ) ) ;
#2843 = CARTESIAN_POINT ( 'NONE',  ( -4.999245507576471700, 0.4870453316923605300, -91.60000000000003700 ) ) ;
#2844 = CARTESIAN_POINT ( 'NONE',  ( -7.874031562348395000, -0.4543329467462974300, 34.99999999999999300 ) ) ;
#2845 = CARTESIAN_POINT ( 'NONE',  ( 5.499555416384282600, -3.235529499516978500, -0.07161638441213474800 ) ) ;
#2846 = CARTESIAN_POINT ( 'NONE',  ( -12.86267587340760000, -3.263362047041263200, 23.04592040610254200 ) ) ;
#2847 = CARTESIAN_POINT ( 'NONE',  ( -12.06340006411512000, -3.413562894670909600, 70.11649881232453700 ) ) ;
#2848 = CARTESIAN_POINT ( 'NONE',  ( 6.726782252728390300, 2.395673277076114400, 75.84655849139515700 ) ) ;
#2849 = CARTESIAN_POINT ( 'NONE',  ( 4.723703292664049900, 0.4800804721186269800, 91.59999999999999400 ) ) ;
#2850 = CARTESIAN_POINT ( 'NONE',  ( 8.951898278693635200, -3.441467693421170500, -84.92130417507345900 ) ) ;
#2851 = CARTESIAN_POINT ( 'NONE',  ( -5.495108959702397700, -3.314217173722037400, 0.0000000000000000000 ) ) ;
#2852 = CARTESIAN_POINT ( 'NONE',  ( 6.098403717417051300, 3.244279201044522900, 64.99999999999997200 ) ) ;
#2853 = AXIS2_PLACEMENT_3D ( 'NONE', #4902, #2432, #3621 ) ;
#2854 = CARTESIAN_POINT ( 'NONE',  ( 6.779457238253163700, 1.250270901356918700, 64.99999999999998600 ) ) ;
#2855 = CARTESIAN_POINT ( 'NONE',  ( -5.742543570862030000, -0.4731011181199776800, -98.04236158657549500 ) ) ;
#2856 = DATE_AND_TIME ( #2977, #916 ) ;
#2857 = CARTESIAN_POINT ( 'NONE',  ( 1.329523725410979100, 0.6641625032265096000, -71.94997084584257200 ) ) ;
#2858 = CARTESIAN_POINT ( 'NONE',  ( -0.8698980073923887600, 2.631800785235657500, -65.00000000000000000 ) ) ;
#2859 = CARTESIAN_POINT ( 'NONE',  ( 5.499615826245675800, 1.540237350613237200, 0.06700533601021989300 ) ) ;
#2860 = CARTESIAN_POINT ( 'NONE',  ( 5.225223840640141200, -3.429184591355484400, -1.716693279303529000 ) ) ;
#2861 = CIRCLE ( 'NONE', #3200, 0.1000000000000002600 ) ;
#2862 = CARTESIAN_POINT ( 'NONE',  ( 0.0000000000000000000, -3.500000000000000000, 0.0000000000000000000 ) ) ;
#2863 = CARTESIAN_POINT ( 'NONE',  ( -3.170332808374668200, 3.092486487216391700, -65.00000000000009900 ) ) ;
#2864 = CARTESIAN_POINT ( 'NONE',  ( -8.635008004818004700, -0.8828271103404621300, 34.99999999999998600 ) ) ;
#2865 = CARTESIAN_POINT ( 'NONE',  ( -12.18070504909543000, -3.351825034023381300, 65.00000000000000000 ) ) ;
#2866 = CARTESIAN_POINT ( 'NONE',  ( 6.486485498034770800, 0.8423876710991987600, 86.33350458533139700 ) ) ;
#2867 = CARTESIAN_POINT ( 'NONE',  ( -1.125666951756208300, -1.798190371432724100, 99.13166649291886800 ) ) ;
#2868 = CARTESIAN_POINT ( 'NONE',  ( 10.23649811095945100, -3.445186626622759100, -78.24260835014688100 ) ) ;
#2869 = EDGE_LOOP ( 'NONE', ( #1481, #1863, #818, #1497, #1648, #2191, #383 ) ) ;
#2870 = CARTESIAN_POINT ( 'NONE',  ( -5.316054421730868300, 2.341894158340885200, 35.00000000000001400 ) ) ;
#2871 = CARTESIAN_POINT ( 'NONE',  ( 5.873340010167877900, 1.025328843450403500, 86.27868448288768400 ) ) ;
#2872 = CARTESIAN_POINT ( 'NONE',  ( 6.668670614712641300, 0.7774610760289261100, 70.33270248011047000 ) ) ;
#2873 = CARTESIAN_POINT ( 'NONE',  ( -0.9078375051027158800, -1.721121880917405800, -94.11631880615279000 ) ) ;
#2874 = CARTESIAN_POINT ( 'NONE',  ( 2.601246744311327400, 1.318156570350203200, -68.43801269933077000 ) ) ;
#2875 = CARTESIAN_POINT ( 'NONE',  ( 7.550811680725582100, -3.497030537516180100, -91.59999999999999400 ) ) ;
#2876 = CARTESIAN_POINT ( 'NONE',  ( 1.906508406157840600, 0.1498497930718353200, 91.59999999999996600 ) ) ;
#2877 = CARTESIAN_POINT ( 'NONE',  ( 7.377851521645606400, 2.989321511066711500, 45.02523161244585000 ) ) ;
#2878 = CARTESIAN_POINT ( 'NONE',  ( 6.665623551968064200, 0.6801757168677998700, -54.09047272086995400 ) ) ;
#2879 = CARTESIAN_POINT ( 'NONE',  ( -5.575000000000002800, -1.000000000000004400, -91.59999999999999400 ) ) ;
#2880 = CARTESIAN_POINT ( 'NONE',  ( -10.28121445447066100, -3.416513667889532700, 78.20524795891697100 ) ) ;
#2881 = CARTESIAN_POINT ( 'NONE',  ( 7.801048940105946600, 2.098445977629234800, 65.00000000000002800 ) ) ;
#2882 = CARTESIAN_POINT ( 'NONE',  ( 0.1180673349359078600, -0.2896717723429190800, 91.60000000000002300 ) ) ;
#2883 = AXIS2_PLACEMENT_3D ( 'NONE', #1460, #1877, #1838 ) ;
#2884 = ORIENTED_EDGE ( 'NONE', *, *, #85, .T. ) ;
#2885 = CARTESIAN_POINT ( 'NONE',  ( 11.90308198615249700, -3.453846919859142600, -70.20519569396235200 ) ) ;
#2886 = CARTESIAN_POINT ( 'NONE',  ( 5.184667322800356400, 0.4934606381431493900, 91.60000000000002300 ) ) ;
#2887 = CARTESIAN_POINT ( 'NONE',  ( 7.054506001829140300, 0.4036541274428615000, 75.72332945721737500 ) ) ;
#2888 = CARTESIAN_POINT ( 'NONE',  ( 2.786977730623259000, -2.681073800383639000, -97.60811776492849400 ) ) ;
#2889 = ORIENTED_EDGE ( 'NONE', *, *, #369, .T. ) ;
#2890 = CARTESIAN_POINT ( 'NONE',  ( 0.02037496459316966200, 0.2878380359999392900, -85.33900634966536800 ) ) ;
#2891 = CARTESIAN_POINT ( 'NONE',  ( 5.693469306443474500, -0.8079687229036501800, -67.67363234640063800 ) ) ;
#2892 = CARTESIAN_POINT ( 'NONE',  ( -5.575000000000001100, -26.32549538158371000, -91.59999999999999400 ) ) ;
#2893 = CARTESIAN_POINT ( 'NONE',  ( 4.042823936430568000, 0.04683820484905505000, -65.00000000000000000 ) ) ;
#2894 = CARTESIAN_POINT ( 'NONE',  ( 0.8124265380323695300, 2.492197029946514600, 5.457946530111527700 ) ) ;
#2895 = CARTESIAN_POINT ( 'NONE',  ( 8.360483851777795300, -1.142516276407978600, -64.99999999999991500 ) ) ;
#2896 = CARTESIAN_POINT ( 'NONE',  ( -5.210932498510612000, -3.429072555626031500, 23.94381333070548500 ) ) ;
#2897 = CARTESIAN_POINT ( 'NONE',  ( -8.970493857858748800, -3.388451212429430400, 84.90361540284905600 ) ) ;
#2898 = CARTESIAN_POINT ( 'NONE',  ( 6.749483337190296700, 1.557673123991738700, 81.06700917066260100 ) ) ;
#2899 = CARTESIAN_POINT ( 'NONE',  ( 7.673395815893664800, -3.412410280164596400, -91.60000000000003700 ) ) ;
#2900 = CARTESIAN_POINT ( 'NONE',  ( -6.812492010791485700, 3.249999999999999600, -65.00000000000000000 ) ) ;
#2901 = CARTESIAN_POINT ( 'NONE',  ( 4.663717303330686900, 1.002055867054804100, 86.15346158696789300 ) ) ;
#2902 = CARTESIAN_POINT ( 'NONE',  ( 7.408507895377482600, 1.013750431886375900, 70.39614203047735000 ) ) ;
#2903 = CARTESIAN_POINT ( 'NONE',  ( 5.078179577282570600, 0.6209759716901776000, -64.99999999999997200 ) ) ;
#2904 = ORIENTED_EDGE ( 'NONE', *, *, #1614, .T. ) ;
#2905 = DIRECTION ( 'NONE',  ( 1.000000000000000000, 0.0000000000000000000, 0.0000000000000000000 ) ) ;
#2906 = CARTESIAN_POINT ( 'NONE',  ( 1.789553831184726300, -0.2535439637457045400, 95.37056205318251000 ) ) ;
#2907 = CARTESIAN_POINT ( 'NONE',  ( 7.800151412454075800, 2.362101102032031700, 55.02440734173170300 ) ) ;
#2908 = CIRCLE ( 'NONE', #1849, 0.1124999999999997500 ) ;
#2909 = CARTESIAN_POINT ( 'NONE',  ( 12.14090616241077600, -2.364551101557721000, -34.99999999999998600 ) ) ;
#2910 = EDGE_CURVE ( 'NONE', #3109, #822, #1059, .T. ) ;
#2911 = CARTESIAN_POINT ( 'NONE',  ( -2.639751221370270100, -2.150212758095498600, 0.0000000000000000000 ) ) ;
#2912 = CARTESIAN_POINT ( 'NONE',  ( -12.18331411520835100, -3.361373774031518400, 65.00000000000000000 ) ) ;
#2913 = CARTESIAN_POINT ( 'NONE',  ( 7.179501358607944400, 2.623134194680240700, 70.40731872362432900 ) ) ;
#2914 = DIRECTION ( 'NONE',  ( 0.0000000000000000000, 1.000000000000000000, -0.0000000000000000000 ) ) ;
#2915 = CARTESIAN_POINT ( 'NONE',  ( -7.624736990385947000, 1.157524644621472000, -75.84059318009144600 ) ) ;
#2916 = CARTESIAN_POINT ( 'NONE',  ( 8.832734828260328200, -3.496675217658393700, -84.95874026601454400 ) ) ;
#2917 = APPROVAL_DATE_TIME ( #4005, #335 ) ;
#2918 = CARTESIAN_POINT ( 'NONE',  ( -7.266722016811225900, 1.195256904456912400, 35.00000000000000000 ) ) ;
#2919 = CARTESIAN_POINT ( 'NONE',  ( -0.02037496459316966200, 0.2878380359999392900, 85.33900634966536800 ) ) ;
#2920 = CC_DESIGN_APPROVAL ( #335, ( #4951 ) ) ;
#2921 = CARTESIAN_POINT ( 'NONE',  ( 7.582834564909076900, 0.9872971788641214900, 75.82253754868980900 ) ) ;
#2922 = VECTOR ( 'NONE', #630, 1000.000000000000000 ) ;
#2923 = CARTESIAN_POINT ( 'NONE',  ( 6.040149985665302700, -0.2614064926106425300, -70.55424436417233400 ) ) ;
#2924 = CARTESIAN_POINT ( 'NONE',  ( 7.272878014995420400, -1.490608911064571700, -67.67536923830650200 ) ) ;
#2925 = CARTESIAN_POINT ( 'NONE',  ( -6.158294465473434600, 0.3436141235815725600, -91.60000000000002300 ) ) ;
#2926 = CARTESIAN_POINT ( 'NONE',  ( 7.456987757109556200, 5.500000000000005300, 35.00000000000000000 ) ) ;
#2927 = CARTESIAN_POINT ( 'NONE',  ( 12.68310727074662300, -3.502888593200705900, -52.50191092872521600 ) ) ;
#2928 = CARTESIAN_POINT ( 'NONE',  ( 0.4280047568432220300, -0.8652004700196656000, 14.61195414614757100 ) ) ;
#2929 = CARTESIAN_POINT ( 'NONE',  ( -8.969469535523018100, -3.396944233871669500, 84.90523052785380300 ) ) ;
#2930 = CARTESIAN_POINT ( 'NONE',  ( 6.558299950605426300, 1.602582402431580700, 81.04526024875697500 ) ) ;
#2931 = MANIFOLD_SOLID_BREP ( 'Répétition circulaire3', #2840 ) ;
#2932 = CARTESIAN_POINT ( 'NONE',  ( -7.236995560273752100, -3.157766779282542600, 91.59999999999998000 ) ) ;
#2933 = CARTESIAN_POINT ( 'NONE',  ( 11.88623464759692200, -3.477630528262851700, -70.30809078125713500 ) ) ;
#2934 = DIRECTION ( 'NONE',  ( -0.8713577631282917200, 0.4906481923293509700, 0.0000000000000000000 ) ) ;
#2935 = CARTESIAN_POINT ( 'NONE',  ( 0.8698980073923887600, 2.631800785235657500, 65.00000000000000000 ) ) ;
#2936 = CARTESIAN_POINT ( 'NONE',  ( 7.000636165853513200, 0.2279984180693859800, 81.04745010915615900 ) ) ;
#2937 = PERSON_AND_ORGANIZATION_ROLE ( 'design_owner' ) ;
#2938 = CARTESIAN_POINT ( 'NONE',  ( 5.657720063575519400, -0.08879999274258683400, -70.66485439059654500 ) ) ;
#2939 = CARTESIAN_POINT ( 'NONE',  ( 1.190147867526198500, -1.911408412262552500, -91.59999999999999400 ) ) ;
#2940 = CARTESIAN_POINT ( 'NONE',  ( -6.451009957655247500, -3.380820244756781900, 96.76943511553531600 ) ) ;
#2941 = CARTESIAN_POINT ( 'NONE',  ( -3.900284836539228600, -0.1829466578808035000, 70.36368984126843900 ) ) ;
#2942 = CARTESIAN_POINT ( 'NONE',  ( 7.826788817194575600, 2.073798295717659700, 64.99999999999997200 ) ) ;
#2943 = CARTESIAN_POINT ( 'NONE',  ( -3.630267525174327000, 0.2568862225799827300, -4.148575769901597700 ) ) ;
#2944 = CARTESIAN_POINT ( 'NONE',  ( 5.131428798358680200, 2.420568593374853100, 0.0000000000000000000 ) ) ;
#2945 = CARTESIAN_POINT ( 'NONE',  ( -1.789553831184726300, -0.2535439637457045400, -95.37056205318251000 ) ) ;
#2946 = CARTESIAN_POINT ( 'NONE',  ( 7.646496053891751500, 2.798889936207276600, 64.99999999999994300 ) ) ;
#2947 = CARTESIAN_POINT ( 'NONE',  ( -7.360272753145236100, 1.415658301299520300, -65.00000000000000000 ) ) ;
#2948 = CARTESIAN_POINT ( 'NONE',  ( -7.635275507536288600, -3.316365334926254500, 91.59999999999998000 ) ) ;
#2949 = AXIS2_PLACEMENT_3D ( 'NONE', #656, #1086, #3949 ) ;
#2950 = CARTESIAN_POINT ( 'NONE',  ( 12.04282393643056700, -3.495300514531104700, -65.00000000000000000 ) ) ;
#2951 = CARTESIAN_POINT ( 'NONE',  ( 7.062499999999927200, 4.375000000000001800, 55.01473523173899600 ) ) ;
#2952 = CARTESIAN_POINT ( 'NONE',  ( -1.715789604167833300, 0.4586261559157099300, 78.92334292090511400 ) ) ;
#2953 = CARTESIAN_POINT ( 'NONE',  ( 6.960169888161888500, 0.1808461862446944500, 81.04270111377657300 ) ) ;
#2954 = ORIENTED_EDGE ( 'NONE', *, *, #4171, .T. ) ;
#2955 = ORIENTED_EDGE ( 'NONE', *, *, #3901, .T. ) ;
#2956 = CARTESIAN_POINT ( 'NONE',  ( 2.864405616686276400, -0.6881593102148746400, -84.97507387356328900 ) ) ;
#2957 = CARTESIAN_POINT ( 'NONE',  ( -7.759572252598631300, 1.926536549829178200, -65.00000000000005700 ) ) ;
#2958 = CARTESIAN_POINT ( 'NONE',  ( -5.500000000000000000, -3.500000000000000000, 101.5999999999999900 ) ) ;
#2959 = VERTEX_POINT ( 'NONE', #2824 ) ;
#2960 = CARTESIAN_POINT ( 'NONE',  ( -1.559118594219715700, -1.271862688035383600, 84.95742506030539700 ) ) ;
#2961 = CARTESIAN_POINT ( 'NONE',  ( -3.848599838653296200, 3.006491934517394600, -3.936157108324641800 ) ) ;
#2962 = CARTESIAN_POINT ( 'NONE',  ( -5.956627282007008100, 5.500000000000001800, -35.00000000000000000 ) ) ;
#2963 = CARTESIAN_POINT ( 'NONE',  ( 2.419807581430968700, -0.2249859100612356400, 8.943804574258264100 ) ) ;
#2964 = CARTESIAN_POINT ( 'NONE',  ( -6.488129778717199900, 2.236309692341624800, -75.77963198324610500 ) ) ;
#2965 = CARTESIAN_POINT ( 'NONE',  ( 0.2973685380884908400, -1.796070606107766000, -99.96752272332165000 ) ) ;
#2966 = CARTESIAN_POINT ( 'NONE',  ( 7.622977708662735300, 2.832618299263363100, 64.99999999999994300 ) ) ;
#2967 = CARTESIAN_POINT ( 'NONE',  ( -6.053621759979593600, -0.8256580272503963900, -91.59999999999968200 ) ) ;
#2968 = CARTESIAN_POINT ( 'NONE',  ( -6.557860377850853500, -3.421796275631846300, 96.76830229557577900 ) ) ;
#2969 = CARTESIAN_POINT ( 'NONE',  ( 7.600764573663960600, -3.496610278181584000, -91.59999999999999400 ) ) ;
#2970 = CARTESIAN_POINT ( 'NONE',  ( -12.14090616241077700, -2.364551101557721000, 40.21567056942785700 ) ) ;
#2971 = CARTESIAN_POINT ( 'NONE',  ( 4.271932095550065300, 0.4452848607874442800, 91.60000000000006500 ) ) ;
#2972 = CARTESIAN_POINT ( 'NONE',  ( 7.031442278455085800, 0.2691641161552798500, 81.05122411097833900 ) ) ;
#2973 = CARTESIAN_POINT ( 'NONE',  ( 7.575599249541222800, -0.6955032015643718400, -65.00000000000000000 ) ) ;
#2974 = CARTESIAN_POINT ( 'NONE',  ( -6.726014848362571500, 0.4514629572983406800, -86.34484343337811700 ) ) ;
#2975 = CARTESIAN_POINT ( 'NONE',  ( -6.557860377850853500, -3.421796275631846300, 96.76830229557577900 ) ) ;
#2976 = CARTESIAN_POINT ( 'NONE',  ( -3.937832304236549500, -0.05825803499628843400, 67.68612178581753400 ) ) ;
#2977 = CALENDAR_DATE ( 2016, 31, 7 ) ;
#2978 = CARTESIAN_POINT ( 'NONE',  ( -1.570508238728616200, -1.275399761486496500, 84.95516856332004400 ) ) ;
#2979 = CARTESIAN_POINT ( 'NONE',  ( 12.04282393643056700, -3.495300514531105100, -65.00000000000000000 ) ) ;
#2980 = EDGE_CURVE ( 'NONE', #695, #986, #5105, .T. ) ;
#2981 = CARTESIAN_POINT ( 'NONE',  ( 8.534904603162383200, 4.625023821766148100, 23.25540309655908500 ) ) ;
#2982 = CARTESIAN_POINT ( 'NONE',  ( -6.471902465956846500, 2.144984873022814000, -75.73823792957206500 ) ) ;
#2983 = CARTESIAN_POINT ( 'NONE',  ( 5.500017139085892700, 1.498826231819932600, 0.0000000000000000000 ) ) ;
#2984 = CARTESIAN_POINT ( 'NONE',  ( 7.223349421064321000, 2.610235832997209700, 70.41265374612179100 ) ) ;
#2985 = LINE ( 'NONE', #4121, #1703 ) ;
#2986 = CARTESIAN_POINT ( 'NONE',  ( -5.500000000000000000, -3.500000000000000000, 101.5999999999999900 ) ) ;
#2987 = CARTESIAN_POINT ( 'NONE',  ( 10.17687546614174300, -3.498245635986641000, -78.30115943843915700 ) ) ;
#2988 = CARTESIAN_POINT ( 'NONE',  ( 5.499371842768467500, 1.453130053870948000, 0.08570260544238356100 ) ) ;
#2989 = CARTESIAN_POINT ( 'NONE',  ( 0.6127114180510429000, -0.1779070455900585200, 91.59999999999998000 ) ) ;
#2990 = CARTESIAN_POINT ( 'NONE',  ( 7.621052123507751300, 1.136561707596037900, 75.83850305404818900 ) ) ;
#2991 = CARTESIAN_POINT ( 'NONE',  ( -6.790666266457096300, 0.03522893541720115800, -81.02441667708906400 ) ) ;
#2992 = CARTESIAN_POINT ( 'NONE',  ( 2.946523355432882200, -1.449263251698913900, -91.59999999999999400 ) ) ;
#2993 = CARTESIAN_POINT ( 'NONE',  ( -6.291034701034318400, -0.4745089486237626400, -91.59999999999982400 ) ) ;
#2994 = CARTESIAN_POINT ( 'NONE',  ( -6.986995560419892100, -3.058214594534034900, 91.59999999999998000 ) ) ;
#2995 = CARTESIAN_POINT ( 'NONE',  ( 5.500000000000000000, -3.500000000000000000, -101.5999999999999900 ) ) ;
#2996 = CARTESIAN_POINT ( 'NONE',  ( -4.905262923823018500, -0.09214121221553189800, -98.33504544664333500 ) ) ;
#2997 = CARTESIAN_POINT ( 'NONE',  ( 7.874031562348395000, -0.4543329467462974300, -34.99999999999999300 ) ) ;
#2998 = CARTESIAN_POINT ( 'NONE',  ( -6.446762478546134800, 1.600895591864526200, -81.02807641077718900 ) ) ;
#2999 = CARTESIAN_POINT ( 'NONE',  ( 5.500000000000000000, -3.500000000000000000, -101.5999999999999900 ) ) ;
#3000 = CARTESIAN_POINT ( 'NONE',  ( -6.413366250697373900, -3.469883757836846400, 96.76966179609121400 ) ) ;
#3001 = CARTESIAN_POINT ( 'NONE',  ( -6.443440485367010400, 0.3121601993113121100, -75.64042070885649600 ) ) ;
#3002 = CARTESIAN_POINT ( 'NONE',  ( 5.490388750744920700, 1.318359123160094200, 0.3355597073674244600 ) ) ;
#3003 = CARTESIAN_POINT ( 'NONE',  ( -5.541112712502142700, 0.4003503166141035900, 64.99999999999997200 ) ) ;
#3004 = CARTESIAN_POINT ( 'NONE',  ( 7.372996205761786800, 1.424194123582270400, 65.00000000000000000 ) ) ;
#3005 = CARTESIAN_POINT ( 'NONE',  ( -12.03409396563526600, -3.452902464448212200, 67.61925899209073500 ) ) ;
#3006 = CARTESIAN_POINT ( 'NONE',  ( 8.395830091750694300, -1.435845837258726200, -70.15316868681284700 ) ) ;
#3007 = CARTESIAN_POINT ( 'NONE',  ( -7.708772590262644700, 2.150072725995233000, -70.44957159396672400 ) ) ;
#3008 = CARTESIAN_POINT ( 'NONE',  ( -6.534814610955791600, -3.502338782954979500, 96.76861869060842000 ) ) ;
#3009 = EDGE_CURVE ( 'NONE', #86, #3723, #2528, .T. ) ;
#3010 = CARTESIAN_POINT ( 'NONE',  ( 0.0000000000000000000, 3.500000000000000000, 0.0000000000000000000 ) ) ;
#3011 = CARTESIAN_POINT ( 'NONE',  ( 0.0000000000000000000, 3.500000000000000000, 0.0000000000000000000 ) ) ;
#3012 = CARTESIAN_POINT ( 'NONE',  ( -8.511490851541692500, 3.778267773706527800, -35.00000000000003600 ) ) ;
#3013 = CARTESIAN_POINT ( 'NONE',  ( -6.529976809862549900, 1.603778474662447700, -81.04128508892414100 ) ) ;
#3014 = CARTESIAN_POINT ( 'NONE',  ( -5.787116517822916300, -19.49883130433810800, -91.59999999999999400 ) ) ;
#3015 = CARTESIAN_POINT ( 'NONE',  ( -2.296081247448642100, -2.610560940458703300, 97.85815940307638500 ) ) ;
#3016 = AXIS2_PLACEMENT_3D ( 'NONE', #3011, #979, #4186 ) ;
#3017 = VERTEX_POINT ( 'NONE', #4450 ) ;
#3018 = CARTESIAN_POINT ( 'NONE',  ( 12.86267587340760000, -3.263362047041263200, -23.04592040610254200 ) ) ;
#3019 = CARTESIAN_POINT ( 'NONE',  ( -3.248832467788079100, 1.023441375383721900, -74.47766400896067300 ) ) ;
#3020 = CARTESIAN_POINT ( 'NONE',  ( -13.36243348000059700, -3.501910596087584700, 34.99999999999994300 ) ) ;
#3021 = CARTESIAN_POINT ( 'NONE',  ( -6.427923200429257000, -0.05403908331738876300, 65.00000000000000000 ) ) ;
#3022 = CARTESIAN_POINT ( 'NONE',  ( 6.073633365663435600, -0.8084147724885731900, 91.59999999999968200 ) ) ;
#3023 = CARTESIAN_POINT ( 'NONE',  ( -8.914369491731193300, -3.484248782748050400, 84.94224995604624000 ) ) ;
#3024 = CARTESIAN_POINT ( 'NONE',  ( -7.598584155110677900, 1.038215962506129600, -75.82823995624487200 ) ) ;
#3025 = CARTESIAN_POINT ( 'NONE',  ( 6.928638289483606300, -0.5133160626245719700, -67.68251145703571600 ) ) ;
#3026 = CARTESIAN_POINT ( 'NONE',  ( -7.123426921110452200, 2.314653353606155300, -75.88976217538969100 ) ) ;
#3027 = CARTESIAN_POINT ( 'NONE',  ( 2.487189187078144400, -1.173076867064040100, 91.59999999999983800 ) ) ;
#3028 = CARTESIAN_POINT ( 'NONE',  ( -1.885800748981033800, -0.5568058030227585100, 78.56103883184869100 ) ) ;
#3029 = CARTESIAN_POINT ( 'NONE',  ( 5.500000000000000000, -3.500000000000000000, -101.5999999999999900 ) ) ;
#3030 = CARTESIAN_POINT ( 'NONE',  ( 12.04282393643056700, -3.495300514531104700, -65.00000000000000000 ) ) ;
#3031 = CARTESIAN_POINT ( 'NONE',  ( -6.314049350493530000, 0.9495157005253096500, -86.32134943521572300 ) ) ;
#3032 = CARTESIAN_POINT ( 'NONE',  ( 6.560934522572912500, -3.477768990570127400, -96.76848412973112100 ) ) ;
#3033 = CARTESIAN_POINT ( 'NONE',  ( -7.560846707642813400, 1.174302253439068100, -70.41196326884718800 ) ) ;
#3034 = CARTESIAN_POINT ( 'NONE',  ( -5.502848388149580200, -3.258776249388292800, 96.83157208194253900 ) ) ;
#3035 = CARTESIAN_POINT ( 'NONE',  ( -7.405865196312994700, 2.986840821713614400, -35.00000000000000000 ) ) ;
#3036 = CARTESIAN_POINT ( 'NONE',  ( -5.575849243682224500, -1.000000000000000400, -91.59999999999998000 ) ) ;
#3037 = CARTESIAN_POINT ( 'NONE',  ( -12.96936919485861300, -2.969610173496467300, 35.00000000000000000 ) ) ;
#3038 = CARTESIAN_POINT ( 'NONE',  ( -4.762950579737072600, 0.7653733966317504100, 64.99999999999995700 ) ) ;
#3039 = CARTESIAN_POINT ( 'NONE',  ( 6.556085136677299200, -0.2621500712806172900, 86.32659174099701700 ) ) ;
#3040 = CARTESIAN_POINT ( 'NONE',  ( -12.15017336965970600, -3.470426151217923700, 65.00000000000001400 ) ) ;
#3041 = CARTESIAN_POINT ( 'NONE',  ( 5.644180266045265300, -1.141373657701496300, -78.25746359927246900 ) ) ;
#3042 = CARTESIAN_POINT ( 'NONE',  ( -6.324649428173153800, -0.2736824674321704500, -91.59999999999996600 ) ) ;
#3043 = CARTESIAN_POINT ( 'NONE',  ( -6.894561680724578400, -3.333436838767325700, 91.59999999999999400 ) ) ;
#3044 = CARTESIAN_POINT ( 'NONE',  ( -3.725952051032681100, 0.1839622008480167000, 65.00000000000000000 ) ) ;
#3045 = CARTESIAN_POINT ( 'NONE',  ( 3.802750811285671600, -2.391710323619127700, -97.37052488504970400 ) ) ;
#3046 = FACE_OUTER_BOUND ( 'NONE', #2838, .T. ) ;
#3047 = AXIS2_PLACEMENT_3D ( 'NONE', #4124, #2044, #1229 ) ;
#3048 = CARTESIAN_POINT ( 'NONE',  ( -3.409055548481061000, 3.154286419249737100, -35.00000000000000000 ) ) ;
#3049 = CARTESIAN_POINT ( 'NONE',  ( -6.213916294381470500, 1.552311678695190900, -80.96952931684941700 ) ) ;
#3050 = CARTESIAN_POINT ( 'NONE',  ( 7.575125411725758300, -3.503091601416670600, -91.59999999999998000 ) ) ;
#3051 = EDGE_LOOP ( 'NONE', ( #1026, #2180, #256, #1287, #3986, #4426, #3400 ) ) ;
#3052 = CARTESIAN_POINT ( 'NONE',  ( -2.786977730623259000, -2.681073800383639000, 97.60811776492849400 ) ) ;
#3053 = CARTESIAN_POINT ( 'NONE',  ( -3.808764071486309400, 0.1250870961561772700, 0.0000000000000000000 ) ) ;
#3054 = CARTESIAN_POINT ( 'NONE',  ( -5.848620957453592300, -0.5575174876767254900, -86.28043767949668600 ) ) ;
#3055 = CARTESIAN_POINT ( 'NONE',  ( -6.992836546078583700, -0.3639228227532886900, 65.00000000000000000 ) ) ;
#3056 = CARTESIAN_POINT ( 'NONE',  ( 7.727388212573875300, 1.454817587760580000, 70.43192107918541500 ) ) ;
#3057 = CARTESIAN_POINT ( 'NONE',  ( -7.673395815893664800, -3.412410280164596400, 91.60000000000003700 ) ) ;
#3058 = CARTESIAN_POINT ( 'NONE',  ( 8.955490760577932400, -3.335473738477718400, -84.89912042895129200 ) ) ;
#3059 = CARTESIAN_POINT ( 'NONE',  ( -6.984957542054771400, 1.399935842589649100, -81.08498772180637100 ) ) ;
#3060 = CARTESIAN_POINT ( 'NONE',  ( -4.374617301998518400, -2.998997767591870200, 97.03490050757930900 ) ) ;
#3061 = CARTESIAN_POINT ( 'NONE',  ( 6.489146310642580900, 2.239103471499720200, 75.78076872519277200 ) ) ;
#3062 = CARTESIAN_POINT ( 'NONE',  ( -1.476432088470641900, -0.4290888756436229100, 78.70421137605153200 ) ) ;
#3063 = CARTESIAN_POINT ( 'NONE',  ( 7.234300556305955300, -3.181104883532454200, -91.94559882657600300 ) ) ;
#3064 = CARTESIAN_POINT ( 'NONE',  ( 4.698651986132983200, 0.4497704144956168300, -53.93139796452462800 ) ) ;
#3065 = CARTESIAN_POINT ( 'NONE',  ( -6.491430049212833200, 2.080041040758979800, -75.69652591683258400 ) ) ;
#3066 = CARTESIAN_POINT ( 'NONE',  ( 6.486849587866337300, -3.516968981466880100, -96.76894068899616700 ) ) ;
#3067 = CARTESIAN_POINT ( 'NONE',  ( -5.499963248186062100, 1.485941119275866300, -0.02273467613381275100 ) ) ;
#3068 = CARTESIAN_POINT ( 'NONE',  ( 4.838430167212462300, -1.006750071235392100, 91.60000000000000900 ) ) ;
#3069 = CARTESIAN_POINT ( 'NONE',  ( 1.458233081073477800, -1.603710014415314500, -0.0000000000000000000 ) ) ;
#3070 = CARTESIAN_POINT ( 'NONE',  ( -5.577548455071305300, -0.9999963500917606900, -91.59999999999998000 ) ) ;
#3071 = CARTESIAN_POINT ( 'NONE',  ( 4.841872448157576300, 0.4538870151245159600, 2.610557813749531300 ) ) ;
#3072 = CARTESIAN_POINT ( 'NONE',  ( -1.122016608850552300, -0.7293458025016740200, 91.60000000000000900 ) ) ;
#3073 = CARTESIAN_POINT ( 'NONE',  ( 7.786523262564686300, 1.711995033765072000, 70.44330349631209700 ) ) ;
#3074 = CARTESIAN_POINT ( 'NONE',  ( -6.812492010791485700, 3.249999999999999600, -65.00000000000000000 ) ) ;
#3075 = EDGE_LOOP ( 'NONE', ( #2512, #925, #2451, #562, #3281, #7, #5290, #131 ) ) ;
#3076 = CARTESIAN_POINT ( 'NONE',  ( 12.10073248186723700, -3.347459988467541800, -67.55803456745334800 ) ) ;
#3077 = CARTESIAN_POINT ( 'NONE',  ( -7.116439536484382900, 1.214873352792427600, -81.08951892045810400 ) ) ;
#3078 = CARTESIAN_POINT ( 'NONE',  ( -5.500000000000000000, -3.500000000000000000, 101.5999999999999900 ) ) ;
#3079 = CARTESIAN_POINT ( 'NONE',  ( 6.077450197879860700, 0.3054870637028526700, 91.60000000000029300 ) ) ;
#3080 = CARTESIAN_POINT ( 'NONE',  ( -1.164958648907515900, -0.3406152000039321900, 78.81364871362056600 ) ) ;
#3081 = CARTESIAN_POINT ( 'NONE',  ( 6.557860377850853500, -3.421796275631846300, -96.76830229557577900 ) ) ;
#3082 = EDGE_LOOP ( 'NONE', ( #270, #1548 ) ) ;
#3083 = CARTESIAN_POINT ( 'NONE',  ( 3.965953864032248700, -0.07022559427114281900, -67.67710555057726700 ) ) ;
#3084 = CARTESIAN_POINT ( 'NONE',  ( -7.229627376357832700, 3.159804358365207600, -65.00000000000000000 ) ) ;
#3085 = CARTESIAN_POINT ( 'NONE',  ( 6.611995560608952400, -2.908886317389230300, -91.59999999999998000 ) ) ;
#3086 = DIRECTION ( 'NONE',  ( 0.0000000000000000000, 0.0000000000000000000, 1.000000000000000000 ) ) ;
#3087 = CARTESIAN_POINT ( 'NONE',  ( -5.500000000000000000, -3.500000000000000000, 101.5999999999999900 ) ) ;
#3088 = ORIENTED_EDGE ( 'NONE', *, *, #2161, .T. ) ;
#3089 = CARTESIAN_POINT ( 'NONE',  ( -7.915376637290567200, 5.388116888409729000, -23.25091993048927500 ) ) ;
#3090 = ADVANCED_FACE ( 'NONE', ( #1442 ), #2729, .T. ) ;
#3091 = CARTESIAN_POINT ( 'NONE',  ( -5.882924145940334500, -0.5600068620738510900, -86.28292413266969200 ) ) ;
#3092 = CARTESIAN_POINT ( 'NONE',  ( -8.110454194089422600, -1.000117603065569200, 65.00000000000000000 ) ) ;
#3093 = B_SPLINE_CURVE_WITH_KNOTS ( 'NONE', 3,
 ( #5161, #636, #1934, #3519 ),
 .UNSPECIFIED., .F., .F.,
 ( 4, 4 ),
 ( 0.0000000000000000000, 1.000000000000000000 ),
 .UNSPECIFIED. ) ;
#3094 = CARTESIAN_POINT ( 'NONE',  ( 7.230147019892015700, 2.258627208278180600, 75.89463540757986900 ) ) ;
#3095 = ORIENTED_EDGE ( 'NONE', *, *, #3260, .F. ) ;
#3096 = CARTESIAN_POINT ( 'NONE',  ( -11.95262711332264700, -3.501695169439779800, 67.66777135554414700 ) ) ;
#3097 = CARTESIAN_POINT ( 'NONE',  ( 12.06340006411512000, -3.413562894670909600, -70.11649881232453700 ) ) ;
#3098 = CARTESIAN_POINT ( 'NONE',  ( -6.325077877886817700, -0.2422703399451262800, -91.59999999999995200 ) ) ;
#3099 = CARTESIAN_POINT ( 'NONE',  ( -7.473699175732674500, -3.533937962933759700, 91.93788137799234100 ) ) ;
#3100 = CARTESIAN_POINT ( 'NONE',  ( 7.129840948100037300, 2.634323737102044900, 70.40081065677524900 ) ) ;
#3101 = CARTESIAN_POINT ( 'NONE',  ( -0.9554873441741139600, -0.2846749504638596000, 78.88710329366605800 ) ) ;
#3102 = CARTESIAN_POINT ( 'NONE',  ( -0.1180673349359078600, -0.2896717723429190800, -91.60000000000002300 ) ) ;
#3103 = CARTESIAN_POINT ( 'NONE',  ( -6.972292478607136500, 3.249999999999999600, -65.00000000000000000 ) ) ;
#3104 = CARTESIAN_POINT ( 'NONE',  ( -6.373585703283160000, 1.590411155545548900, -81.01363580137035600 ) ) ;
#3105 = CARTESIAN_POINT ( 'NONE',  ( 6.304359740759720100, -3.454829074453073200, -96.77228008868436900 ) ) ;
#3106 = ORIENTED_EDGE ( 'NONE', *, *, #2365, .T. ) ;
#3107 = CARTESIAN_POINT ( 'NONE',  ( 13.42971025364485800, -3.422871903549387100, -34.99999999999996400 ) ) ;
#3108 = CARTESIAN_POINT ( 'NONE',  ( 6.164800110518277700, -0.8371507394188374400, 91.59999999999999400 ) ) ;
#3109 = VERTEX_POINT ( 'NONE', #2132 ) ;
#3110 = CARTESIAN_POINT ( 'NONE',  ( 5.264845917382781500, -3.449872081622491000, -1.596092690655961600 ) ) ;
#3111 = CARTESIAN_POINT ( 'NONE',  ( -6.801353162191357000, 1.249824110709331100, -64.99999999999998600 ) ) ;
#3112 = DIRECTION ( 'NONE',  ( 0.0000000000000000000, 0.0000000000000000000, -1.000000000000000000 ) ) ;
#3113 = LINE ( 'NONE', #2893, #4134 ) ;
#3114 = CARTESIAN_POINT ( 'NONE',  ( -7.254063210149828600, -0.5123797038784514400, 65.00000000000000000 ) ) ;
#3115 = CARTESIAN_POINT ( 'NONE',  ( 7.759572252598631300, 1.926536549829178200, 65.00000000000005700 ) ) ;
#3116 = ORIENTED_EDGE ( 'NONE', *, *, #1017, .T. ) ;
#3117 = CARTESIAN_POINT ( 'NONE',  ( 10.29171909380458600, -3.356530006669240500, -78.19803802298280000 ) ) ;
#3118 = CARTESIAN_POINT ( 'NONE',  ( -7.089558443201604600, 2.331823395037076800, -75.88745905699413200 ) ) ;
#3119 = CARTESIAN_POINT ( 'NONE',  ( 0.002753594491033961600, -2.458931589830675600, 99.43733406778260100 ) ) ;
#3120 = CARTESIAN_POINT ( 'NONE',  ( 5.967913143498689600, 0.3888005105753441500, 91.60000000000029300 ) ) ;
#3121 = CARTESIAN_POINT ( 'NONE',  ( 4.352117754238544300, 0.8763125125787497600, 74.95520219224901800 ) ) ;
#3122 = CARTESIAN_POINT ( 'NONE',  ( -3.500103634515409300, 0.3890674239539849100, -91.59999999999998000 ) ) ;
#3123 = AXIS2_PLACEMENT_3D ( 'NONE', #3615, #1157, #4060 ) ;
#3124 = CARTESIAN_POINT ( 'NONE',  ( -7.754760987370175900, 5.447362335066740600, -34.99999999999999300 ) ) ;
#3125 = CARTESIAN_POINT ( 'NONE',  ( -5.657807863398571300, 0.4955334578815471800, -91.60000000000002300 ) ) ;
#3126 = CARTESIAN_POINT ( 'NONE',  ( 5.509145014202041500, -2.988072363667311200, -91.60000000000000900 ) ) ;
#3127 = CARTESIAN_POINT ( 'NONE',  ( 2.649311318998816700, -0.6477401337526967900, -19.61580784746437800 ) ) ;
#3128 = CARTESIAN_POINT ( 'NONE',  ( -6.710413380626542700, 0.001407349363945903400, -86.33853791945966800 ) ) ;
#3129 = CARTESIAN_POINT ( 'NONE',  ( -5.355858795563871200, 2.202293069614227300, -1.278338088417464400 ) ) ;
#3130 = CARTESIAN_POINT ( 'NONE',  ( -8.199637109549797700, 3.326263060902202800, -23.25820054325658100 ) ) ;
#3131 = CARTESIAN_POINT ( 'NONE',  ( -5.586906639779927600, -0.9999109580733647200, -91.59999999999996600 ) ) ;
#3132 = CARTESIAN_POINT ( 'NONE',  ( -7.706956932044444200, -0.9315315608978729200, 67.62987361524267300 ) ) ;
#3133 = CARTESIAN_POINT ( 'NONE',  ( 7.547424335277528800, 1.567547782638999900, 65.00000000000000000 ) ) ;
#3134 = CARTESIAN_POINT ( 'NONE',  ( -11.97650021249547500, -3.498352212771990800, 67.66115943843915700 ) ) ;
#3135 = CARTESIAN_POINT ( 'NONE',  ( 12.09991086433530100, -3.362195327129340300, -67.55864013613963000 ) ) ;
#3136 = CARTESIAN_POINT ( 'NONE',  ( -6.207641223178845800, 0.1529815583158529400, -91.60000000000022200 ) ) ;
#3137 = CARTESIAN_POINT ( 'NONE',  ( 5.742543570862030000, -0.4731011181199776800, 98.04236158657549500 ) ) ;
#3138 = CARTESIAN_POINT ( 'NONE',  ( 6.354554380263732800, 1.586702045863554100, 81.00945793217212600 ) ) ;
#3139 = CARTESIAN_POINT ( 'NONE',  ( 0.002904165436197426900, 1.301999407988037700, 65.00000000000008500 ) ) ;
#3140 = CARTESIAN_POINT ( 'NONE',  ( 6.304359740759720100, -3.454829074453073200, -96.77228008868436900 ) ) ;
#3141 = CARTESIAN_POINT ( 'NONE',  ( -7.312499999999926300, 5.500000000000005300, -45.02947046347799900 ) ) ;
#3142 = CARTESIAN_POINT ( 'NONE',  ( -5.871049480854472000, 1.025423365042032800, -86.27853137749254100 ) ) ;
#3143 = CARTESIAN_POINT ( 'NONE',  ( 0.05052419252702244200, -1.627316599414467600, -91.59999999999998000 ) ) ;
#3144 = CARTESIAN_POINT ( 'NONE',  ( 5.495108959702396800, -3.314217173722037400, -23.94290938275108300 ) ) ;
#3145 = ORIENTED_EDGE ( 'NONE', *, *, #3566, .T. ) ;
#3146 = CARTESIAN_POINT ( 'NONE',  ( -8.199637109549797700, 3.326263060902202800, -35.00000000000002100 ) ) ;
#3147 = CARTESIAN_POINT ( 'NONE',  ( -6.685716998734289300, 1.257985358694052600, -64.99999999999998600 ) ) ;
#3148 = CARTESIAN_POINT ( 'NONE',  ( -4.865233192561156300, -0.4526997273211050800, 67.67217879788810800 ) ) ;
#3149 = CARTESIAN_POINT ( 'NONE',  ( -3.176423625188876000, -0.8212907945899093900, 84.95893515720791800 ) ) ;
#3150 = ORIENTED_EDGE ( 'NONE', *, *, #4918, .T. ) ;
#3151 = CARTESIAN_POINT ( 'NONE',  ( 6.323932935422575100, -0.2903628384458580800, 91.59999999999995200 ) ) ;
#3152 = ORIENTED_EDGE ( 'NONE', *, *, #3357, .T. ) ;
#3153 = CARTESIAN_POINT ( 'NONE',  ( -8.843136162709269500, -3.499531611105070300, 84.95711551248331300 ) ) ;
#3154 = CARTESIAN_POINT ( 'NONE',  ( 10.29051840989919200, -3.397246091402566400, -78.20108394198791800 ) ) ;
#3155 = CARTESIAN_POINT ( 'NONE',  ( -6.594572603324483100, 1.599067535561754500, -81.05002487730527600 ) ) ;
#3156 = CARTESIAN_POINT ( 'NONE',  ( 1.960588517315774400, 2.604610318927721700, 0.0000000000000000000 ) ) ;
#3157 = CARTESIAN_POINT ( 'NONE',  ( 6.734892422651513200, 2.650191370069476400, 70.32952931684940300 ) ) ;
#3158 = EDGE_CURVE ( 'NONE', #3804, #4683, #5175, .T. ) ;
#3159 = CARTESIAN_POINT ( 'NONE',  ( -0.5411897317936561500, 1.194184789398906200, 65.00000000000005700 ) ) ;
#3160 = CARTESIAN_POINT ( 'NONE',  ( 7.332061680609292000, -3.442499304570989100, -91.59999999999998000 ) ) ;
#3161 = CARTESIAN_POINT ( 'NONE',  ( 4.035688327846529000, 0.04999761927829515800, -65.00000000000000000 ) ) ;
#3162 = CARTESIAN_POINT ( 'NONE',  ( -6.180332352462921900, 1.550505704499369500, -80.95721038716365600 ) ) ;
#3163 = CARTESIAN_POINT ( 'NONE',  ( 3.249234603997036800, -2.497995535183740000, -92.46980101515865200 ) ) ;
#3164 = CARTESIAN_POINT ( 'NONE',  ( 5.452379978716774800, -3.390714092315537900, -0.0000000000000000000 ) ) ;
#3165 = CARTESIAN_POINT ( 'NONE',  ( -4.884390998156982600, 2.759449248230522400, -2.543517942267000900 ) ) ;
#3166 = ORIENTED_EDGE ( 'NONE', *, *, #2708, .F. ) ;
#3167 = CARTESIAN_POINT ( 'NONE',  ( -5.584351901165877800, -0.9999475940724998900, -91.59999999999996600 ) ) ;
#3168 = CARTESIAN_POINT ( 'NONE',  ( -6.567520810171275900, -1.071015114047760400, 64.99999999999997200 ) ) ;
#3169 = CARTESIAN_POINT ( 'NONE',  ( -9.145624514350323900, -1.826328535366277700, 70.09355696151260400 ) ) ;
#3170 = CARTESIAN_POINT ( 'NONE',  ( 6.724252788170123700, 0.4580352095472402000, 86.34481955024305900 ) ) ;
#3171 = CARTESIAN_POINT ( 'NONE',  ( -5.497622251550462000, -3.217702581612571900, 0.1646605682163835300 ) ) ;
#3172 = EDGE_LOOP ( 'NONE', ( #4224, #2761 ) ) ;
#3173 = CARTESIAN_POINT ( 'NONE',  ( 12.09898875134094200, -3.377203229704993400, -67.55966644558428400 ) ) ;
#3174 = CARTESIAN_POINT ( 'NONE',  ( -7.179501358607944400, 2.623134194680240700, -70.40731872362432900 ) ) ;
#3175 = CARTESIAN_POINT ( 'NONE',  ( -5.500000000000000000, -3.500000000000000000, 101.5999999999999900 ) ) ;
#3176 = CARTESIAN_POINT ( 'NONE',  ( 6.491430049212833200, 2.080041040758979800, 75.69652591683258400 ) ) ;
#3177 = CARTESIAN_POINT ( 'NONE',  ( 5.576698729712803400, -0.9999987838830194400, 91.59999999999998000 ) ) ;
#3178 = CARTESIAN_POINT ( 'NONE',  ( 1.134145014508740600, -1.897447705419733800, -91.59999999999999400 ) ) ;
#3179 = COORDINATED_UNIVERSAL_TIME_OFFSET ( 5, 30, .AHEAD. ) ;
#3180 = CARTESIAN_POINT ( 'NONE',  ( 3.877800073213117500, -0.1783943080360548500, -70.37698489508213100 ) ) ;
#3181 = CARTESIAN_POINT ( 'NONE',  ( -5.436032888767121200, 2.063745169313767800, -75.36117411221459900 ) ) ;
#3182 = CARTESIAN_POINT ( 'NONE',  ( 7.113311680673986900, -3.387968071670915300, -91.59999999999998000 ) ) ;
#3183 = CARTESIAN_POINT ( 'NONE',  ( 5.379734944575508500, -3.438998903372055200, -0.0000000000000000000 ) ) ;
#3184 = CARTESIAN_POINT ( 'NONE',  ( -7.574082053745355500, 1.191664413927693100, -70.41342533890930600 ) ) ;
#3185 = VECTOR ( 'NONE', #1286, 1000.000000000000000 ) ;
#3186 = CARTESIAN_POINT ( 'NONE',  ( -5.490811119614493300, 1.682250299404923800, -0.3242354154820829000 ) ) ;
#3187 = CARTESIAN_POINT ( 'NONE',  ( 5.497952707933458200, -3.279910869073725100, -0.1626422395780707000 ) ) ;
#3188 = CARTESIAN_POINT ( 'NONE',  ( -6.148823661859199600, -0.5304573572836411800, -86.29985334261273500 ) ) ;
#3189 = CARTESIAN_POINT ( 'NONE',  ( -7.272878014995420400, -1.490608911064571700, 67.67536923830650200 ) ) ;
#3190 = CARTESIAN_POINT ( 'NONE',  ( -8.877448573960371900, -2.647442818004510600, 78.14247128482487900 ) ) ;
#3191 = CARTESIAN_POINT ( 'NONE',  ( 7.124274192474408600, 1.200547536383984400, 81.08963910048619500 ) ) ;
#3192 = CARTESIAN_POINT ( 'NONE',  ( -3.775587807881327400, -1.560127702851500400, 4.004602686623754500 ) ) ;
#3193 = EDGE_CURVE ( 'NONE', #3685, #3109, #3367, .T. ) ;
#3194 = CARTESIAN_POINT ( 'NONE',  ( 12.07511931295811000, -3.422263991074103700, -67.57046105570758200 ) ) ;
#3195 = CARTESIAN_POINT ( 'NONE',  ( -7.163327473701373900, 2.627193720877369000, -70.40526024875684600 ) ) ;
#3196 = CARTESIAN_POINT ( 'NONE',  ( 5.772038243104801400, -1.000000000000002000, 91.59999999999999400 ) ) ;
#3197 = CARTESIAN_POINT ( 'NONE',  ( 6.280639794722218600, 1.568047104868194500, 80.99074997370839000 ) ) ;
#3198 = CARTESIAN_POINT ( 'NONE',  ( 6.627478691975110100, 1.267264018388921200, 65.00000000000000000 ) ) ;
#3199 = CARTESIAN_POINT ( 'NONE',  ( 7.621869045145825100, -3.455537981140254500, -91.93696825946224700 ) ) ;
#3200 = AXIS2_PLACEMENT_3D ( 'NONE', #605, #2702, #1881 ) ;
#3201 = CARTESIAN_POINT ( 'NONE',  ( -0.09757144112352700300, -1.599091377744757300, -91.59999999999998000 ) ) ;
#3202 = CARTESIAN_POINT ( 'NONE',  ( -5.291535515864023200, 1.549908688011877500, -80.82057983664462600 ) ) ;
#3203 = CARTESIAN_POINT ( 'NONE',  ( -1.127790289343627800, -1.367487112031255500, 5.390543744727435400 ) ) ;
#3204 = CARTESIAN_POINT ( 'NONE',  ( 5.494226188236088300, 1.646656890334613700, 0.2600344868026330800 ) ) ;
#3205 = CARTESIAN_POINT ( 'NONE',  ( 5.010207450325055800, -3.316846972378756600, -2.288229516158967400 ) ) ;
#3206 = CARTESIAN_POINT ( 'NONE',  ( -10.46380385298803100, -2.796161992501015700, 64.99999999999997200 ) ) ;
#3207 = CARTESIAN_POINT ( 'NONE',  ( -9.540589985151445500, -2.973780345413226600, 78.15214096324062600 ) ) ;
#3208 = CARTESIAN_POINT ( 'NONE',  ( 7.702880805306413900, 2.162878549544815500, 70.44946078597166700 ) ) ;
#3209 = CARTESIAN_POINT ( 'NONE',  ( 8.969469535523018100, -3.396944233871669500, -84.90523052785380300 ) ) ;
#3210 = CARTESIAN_POINT ( 'NONE',  ( -6.298919673227152800, -0.04068574578858128600, -91.60000000000008000 ) ) ;
#3211 = CARTESIAN_POINT ( 'NONE',  ( -13.41771719429915600, -3.297056316320183800, 23.03645053938556600 ) ) ;
#3212 = CARTESIAN_POINT ( 'NONE',  ( 5.949869698716364400, 1.024391027093692700, 86.28733266927675100 ) ) ;
#3213 = CARTESIAN_POINT ( 'NONE',  ( 6.533027427128313700, 0.3029253424768124100, 75.65300821239624400 ) ) ;
#3214 = CARTESIAN_POINT ( 'NONE',  ( 5.502848388149580200, -3.258776249388292800, -96.83157208194253900 ) ) ;
#3215 = ORIENTED_EDGE ( 'NONE', *, *, #2493, .T. ) ;
#3216 = CARTESIAN_POINT ( 'NONE',  ( 1.399768454309571200, -1.222853877143723800, -84.98892655912523300 ) ) ;
#3217 = CARTESIAN_POINT ( 'NONE',  ( 3.443246196862034900, 0.7427238252604905200, -71.56753185437116800 ) ) ;
#3218 = CARTESIAN_POINT ( 'NONE',  ( -5.505507188982068800, -1.417863179661351200, -97.27466813556522100 ) ) ;
#3219 = CARTESIAN_POINT ( 'NONE',  ( 13.41105885505465500, -3.455010291813798600, -23.03012406593136100 ) ) ;
#3220 = VERTEX_POINT ( 'NONE', #3814 ) ;
#3221 = CARTESIAN_POINT ( 'NONE',  ( -7.191343599440116000, -1.556214409828279100, 70.35092256225625800 ) ) ;
#3222 = CARTESIAN_POINT ( 'NONE',  ( -12.14660437770483100, -3.300667120709090500, 65.00000000000000000 ) ) ;
#3223 = CARTESIAN_POINT ( 'NONE',  ( 6.324649428173153800, -0.2736824674321704500, 91.59999999999996600 ) ) ;
#3224 = CARTESIAN_POINT ( 'NONE',  ( -7.550811680725582100, -3.497030537516180100, 91.59999999999999400 ) ) ;
#3225 = CARTESIAN_POINT ( 'NONE',  ( 8.968562126486977700, -3.363659482820444700, -84.90054197099397000 ) ) ;
#3226 = CARTESIAN_POINT ( 'NONE',  ( -6.494011707170883200, 2.247908345917574400, -75.78400298564785900 ) ) ;
#3227 = CARTESIAN_POINT ( 'NONE',  ( -4.090356027915085200, -1.917537558387645700, 0.0000000000000000000 ) ) ;
#3228 = CARTESIAN_POINT ( 'NONE',  ( 6.497629315978318100, 2.072521118444269100, 75.68954623505582900 ) ) ;
#3229 = VERTEX_POINT ( 'NONE', #2983 ) ;
#3230 = CARTESIAN_POINT ( 'NONE',  ( 5.904945333272760200, -0.5607253286008335700, 86.28448210160222200 ) ) ;
#3231 = CARTESIAN_POINT ( 'NONE',  ( -4.838430167212462300, -1.006750071235392100, -91.60000000000000900 ) ) ;
#3232 = VECTOR ( 'NONE', #410, 999.9999999999998900 ) ;
#3233 = CARTESIAN_POINT ( 'NONE',  ( 3.900284836539228600, -0.1829466578808035000, -70.36368984126843900 ) ) ;
#3234 = CARTESIAN_POINT ( 'NONE',  ( -1.656847080559405300, 0.07129772257941643900, -91.59999999999998000 ) ) ;
#3235 = CARTESIAN_POINT ( 'NONE',  ( 13.36064268990514000, -3.490970175769123600, -34.99999999999999300 ) ) ;
#3236 = CARTESIAN_POINT ( 'NONE',  ( -7.911846705286238900, -1.666238714616831800, 65.00000000000005700 ) ) ;
#3237 = CARTESIAN_POINT ( 'NONE',  ( 3.467451997529236200, -1.271595388639702200, -4.274187948320340900 ) ) ;
#3238 = CARTESIAN_POINT ( 'NONE',  ( 0.0000000000000000000, 3.500000000000000000, 2.500000000000000000 ) ) ;
#3239 = CALENDAR_DATE ( 2016, 31, 7 ) ;
#3240 = CARTESIAN_POINT ( 'NONE',  ( -12.05853164192906100, -3.422171029329296400, 70.11681672218236400 ) ) ;
#3241 = CARTESIAN_POINT ( 'NONE',  ( 7.043684404601330900, 1.331248208886296700, 81.08769957515149000 ) ) ;
#3242 = CARTESIAN_POINT ( 'NONE',  ( -0.4121948632603468200, 1.740782857215374100, 5.487717199499326300 ) ) ;
#3243 = CARTESIAN_POINT ( 'NONE',  ( 12.18621593976100400, -3.385236306872472700, -65.00000000000000000 ) ) ;
#3244 = FACE_OUTER_BOUND ( 'NONE', #4949, .T. ) ;
#3245 = CARTESIAN_POINT ( 'NONE',  ( -5.228520124881789000, -3.437037112749414400, 23.95002637645679800 ) ) ;
#3246 = CARTESIAN_POINT ( 'NONE',  ( 6.543449257224878600, 2.051280796818420800, 75.63958910835263800 ) ) ;
#3247 = CARTESIAN_POINT ( 'NONE',  ( 5.932443280641756200, -0.5608587569424999800, 86.28635124005518300 ) ) ;
#3248 = DIRECTION ( 'NONE',  ( 0.0000000000000000000, 1.000000000000000000, 0.0000000000000000000 ) ) ;
#3249 = PRODUCT_DEFINITION_SHAPE ( 'NONE', 'NONE',  #4951 ) ;
#3250 = CARTESIAN_POINT ( 'NONE',  ( 2.737643818839815300, 0.5671970574908137300, -65.00000000000000000 ) ) ;
#3251 = CARTESIAN_POINT ( 'NONE',  ( -2.381598981261954700, 1.919710567582341600, -74.28240470174210900 ) ) ;
#3252 = CARTESIAN_POINT ( 'NONE',  ( 5.249758284066310000, -3.443762529998077900, -0.0000000000000000000 ) ) ;
#3253 = CARTESIAN_POINT ( 'NONE',  ( 7.312499999999926300, 5.500000000000005300, 35.00000000000000000 ) ) ;
#3254 = CARTESIAN_POINT ( 'NONE',  ( -4.612033144759637400, -0.2051890421822103200, 64.99999999999998600 ) ) ;
#3255 = CARTESIAN_POINT ( 'NONE',  ( -7.312499999999928100, 5.500000000000001800, -35.00000000000000000 ) ) ;
#3256 = CARTESIAN_POINT ( 'NONE',  ( -6.812499999999925400, 2.250000000000000000, -65.00000000000000000 ) ) ;
#3257 = CARTESIAN_POINT ( 'NONE',  ( -12.13223443660643100, -3.290641616042996100, 65.00000000000000000 ) ) ;
#3258 = CARTESIAN_POINT ( 'NONE',  ( 6.553696110248957900, 0.7811639498112239500, 86.33761742795557800 ) ) ;
#3259 = CARTESIAN_POINT ( 'NONE',  ( -0.5249949327120372300, -1.835273606282757900, 99.54899959821987900 ) ) ;
#3260 = EDGE_CURVE ( 'NONE', #2829, #4494, #22, .T. ) ;
#3261 = CARTESIAN_POINT ( 'NONE',  ( 12.18473959849176300, -3.369235279843554800, -65.00000000000000000 ) ) ;
#3262 = CARTESIAN_POINT ( 'NONE',  ( -13.42971025364485800, -3.422871903549387100, 34.99999999999996400 ) ) ;
#3263 = CARTESIAN_POINT ( 'NONE',  ( 6.809729795724857500, 3.249999914761922500, 64.99999999999997200 ) ) ;
#3264 = CARTESIAN_POINT ( 'NONE',  ( 5.998274292217069500, -0.5576799192053637500, 86.29064442941947300 ) ) ;
#3265 = CARTESIAN_POINT ( 'NONE',  ( -2.385398476338394000, -1.614645444064277000, -95.01857166327359000 ) ) ;
#3266 = CARTESIAN_POINT ( 'NONE',  ( 0.2974673060341009900, -0.9195402882924373900, -85.20682435681028700 ) ) ;
#3267 = CARTESIAN_POINT ( 'NONE',  ( -1.426603860347402500, 2.283645218729234200, -69.39108366916887900 ) ) ;
#3268 = CARTESIAN_POINT ( 'NONE',  ( 6.812499999999925400, -24.92412854073873500, 65.00000000000000000 ) ) ;
#3269 = CARTESIAN_POINT ( 'NONE',  ( -2.728406566673180900, 1.271011514644623300, 54.23187544343253600 ) ) ;
#3270 = DIRECTION ( 'NONE',  ( 1.000000000000000000, 0.0000000000000000000, 0.0000000000000000000 ) ) ;
#3271 = CARTESIAN_POINT ( 'NONE',  ( -1.611995562727764700, -0.9178426218312254500, 91.60000000000000900 ) ) ;
#3272 = CARTESIAN_POINT ( 'NONE',  ( -10.27029494409882200, -3.427920974687204600, 78.21046105570758300 ) ) ;
#3273 = CARTESIAN_POINT ( 'NONE',  ( 6.223487658879244000, 0.1271022182066587900, 91.60000000000019300 ) ) ;
#3274 = DIRECTION ( 'NONE',  ( 0.0000000000000000000, 1.000000000000000000, -0.0000000000000000000 ) ) ;
#3275 = CARTESIAN_POINT ( 'NONE',  ( -7.047064359038182100, 0.2915741350477837300, -81.05318348199435300 ) ) ;
#3276 = CARTESIAN_POINT ( 'NONE',  ( 12.13668167213277700, -3.480340951438110100, -65.00000000000000000 ) ) ;
#3277 = ORIENTED_EDGE ( 'NONE', *, *, #4851, .T. ) ;
#3278 = CARTESIAN_POINT ( 'NONE',  ( -6.963241165860361000, 1.373699929695051200, 35.00000000000000700 ) ) ;
#3279 = CARTESIAN_POINT ( 'NONE',  ( 6.177604975996977100, 1.550917069118307000, 80.95706275498507400 ) ) ;
#3280 = CARTESIAN_POINT ( 'NONE',  ( 6.140405924411030700, -0.1181606605825551200, 80.96304575654133400 ) ) ;
#3281 = ORIENTED_EDGE ( 'NONE', *, *, #1263, .F. ) ;
#3282 = CARTESIAN_POINT ( 'NONE',  ( -5.354029437801478300, -1.000000000000003600, -91.59999999999998000 ) ) ;
#3283 = CARTESIAN_POINT ( 'NONE',  ( -7.037365808074919300, 0.2775330453237356800, -81.05196326884707500 ) ) ;
#3284 = CARTESIAN_POINT ( 'NONE',  ( -4.183967513175799600, 0.9736196835288133400, -86.08716063721580300 ) ) ;
#3285 = CARTESIAN_POINT ( 'NONE',  ( 9.475592860563770300, -2.524148729762156300, -70.35239488166720900 ) ) ;
#3286 = CARTESIAN_POINT ( 'NONE',  ( 1.563419532724097100E-013, -0.8858127423063783000, -5.499999999999997300 ) ) ;
#3287 = CARTESIAN_POINT ( 'NONE',  ( 8.208273516211974700, 3.323024600393546200, 45.04881468346339100 ) ) ;
#3288 = CARTESIAN_POINT ( 'NONE',  ( 13.44483379002171300, -3.343927464517826300, -34.99999999999995000 ) ) ;
#3289 = CARTESIAN_POINT ( 'NONE',  ( -11.96426923553686100, -2.757483048195332300, 23.08157454901314400 ) ) ;
#3290 = CARTESIAN_POINT ( 'NONE',  ( -10.27598351154716200, -3.422557455080991000, 78.20774484972240300 ) ) ;
#3291 = CARTESIAN_POINT ( 'NONE',  ( 7.100894703806790000, 1.241755032694963600, 81.08921668904641000 ) ) ;
#3292 = CARTESIAN_POINT ( 'NONE',  ( -5.500000000000000000, -3.500000000000000000, 101.5999999999999900 ) ) ;
#3293 = ORIENTED_EDGE ( 'NONE', *, *, #2743, .F. ) ;
#3294 = CARTESIAN_POINT ( 'NONE',  ( 8.941159204082945100, -3.459061189909045100, -84.92962949604540800 ) ) ;
#3295 = CARTESIAN_POINT ( 'NONE',  ( 4.695536363051185300, 1.533983956194866000, 80.70692317393572100 ) ) ;
#3296 =( GEOMETRIC_REPRESENTATION_CONTEXT ( 3 ) GLOBAL_UNCERTAINTY_ASSIGNED_CONTEXT ( ( #2662 ) ) GLOBAL_UNIT_ASSIGNED_CONTEXT ( ( #1254, #4117, #4481 ) ) REPRESENTATION_CONTEXT ( 'NONE', 'WORKASPACE' ) );
#3297 = CARTESIAN_POINT ( 'NONE',  ( 5.726322460753430700, -0.9851725693197860300, 91.59999999999989500 ) ) ;
#3298 = CARTESIAN_POINT ( 'NONE',  ( 0.0000000000000000000, 0.0000000000000000000, 0.0000000000000000000 ) ) ;
#3299 = CARTESIAN_POINT ( 'NONE',  ( 4.762950579737072600, 0.7653733966317504100, -64.99999999999995700 ) ) ;
#3300 = CARTESIAN_POINT ( 'NONE',  ( 12.04282393643056700, -3.495300514531104700, -65.00000000000000000 ) ) ;
#3301 = CARTESIAN_POINT ( 'NONE',  ( -1.855223084407636900, -1.876771981872852300, 98.48528102659125200 ) ) ;
#3302 = CARTESIAN_POINT ( 'NONE',  ( -5.406703507606513500, -0.2360741792325806400, -98.42039891338988900 ) ) ;
#3303 = CALENDAR_DATE ( 2016, 31, 7 ) ;
#3304 = CARTESIAN_POINT ( 'NONE',  ( 8.511490851541692500, 3.778267773706527800, 45.05631431729104700 ) ) ;
#3305 = CARTESIAN_POINT ( 'NONE',  ( 12.12558933676235100, -3.499361451640145200, -65.00000000000002800 ) ) ;
#3306 = CARTESIAN_POINT ( 'NONE',  ( -3.751148974479189900, -2.703002216448096500, 24.09625883010560400 ) ) ;
#3307 = CARTESIAN_POINT ( 'NONE',  ( -11.92014866741161300, -3.519237336298652900, 70.13224966682892600 ) ) ;
#3308 = CARTESIAN_POINT ( 'NONE',  ( 6.428171221616768300, 0.8869652926753953700, 86.32970174222056400 ) ) ;
#3309 = CARTESIAN_POINT ( 'NONE',  ( -6.932533860554155300, 0.3549753044369269300, -75.70676095495193200 ) ) ;
#3310 = CARTESIAN_POINT ( 'NONE',  ( 4.450010134575926200, -0.1705472125655154700, 97.49799919643973600 ) ) ;
#3311 = CARTESIAN_POINT ( 'NONE',  ( -7.377205667334266100, 1.427079499118825600, -65.00000000000000000 ) ) ;
#3312 = CARTESIAN_POINT ( 'NONE',  ( 12.01972085856009200, -3.471793218467273500, -67.63827034368542000 ) ) ;
#3313 = CARTESIAN_POINT ( 'NONE',  ( 5.755195802161717100, 4.375000000000001800, 55.02539745077142900 ) ) ;
#3314 = CARTESIAN_POINT ( 'NONE',  ( 5.436032888767121200, 2.063745169313767800, 75.36117411221459900 ) ) ;
#3315 = CARTESIAN_POINT ( 'NONE',  ( 5.795241581959779800, -0.9673361474823379800, 91.59999999999986600 ) ) ;
#3316 = CARTESIAN_POINT ( 'NONE',  ( 1.980172097870913200, 0.3747652898241332600, -78.85116085546610500 ) ) ;
#3317 = CARTESIAN_POINT ( 'NONE',  ( 7.191343599440116000, -1.556214409828279100, -70.35092256225625800 ) ) ;
#3318 = CARTESIAN_POINT ( 'NONE',  ( -3.244611189179100700, -16.41199800218667400, -65.00000000000000000 ) ) ;
#3319 = CARTESIAN_POINT ( 'NONE',  ( 5.500000000000000000, -3.500000000000000000, -101.5999999999999900 ) ) ;
#3320 = CARTESIAN_POINT ( 'NONE',  ( 8.511490851541692500, 3.778267773706527800, 35.00000000000003600 ) ) ;
#3321 = CARTESIAN_POINT ( 'NONE',  ( 13.43328611421113400, -3.437700506014824200, -40.00246811756703400 ) ) ;
#3322 = CARTESIAN_POINT ( 'NONE',  ( 8.472911638776375700, 3.713797404061414100, 23.25790015865194600 ) ) ;
#3323 = CARTESIAN_POINT ( 'NONE',  ( -8.970114244993046900, -3.371699922788969200, 84.90127791072826800 ) ) ;
#3324 = CARTESIAN_POINT ( 'NONE',  ( 6.517599053354827800, 2.279342903484146400, 75.79519563293634100 ) ) ;
#3325 = B_SPLINE_CURVE_WITH_KNOTS ( 'NONE', 3,
 ( #3074, #3507, #753, #1185 ),
 .UNSPECIFIED., .F., .F.,
 ( 4, 4 ),
 ( 0.0000000000000000000, 1.000000000000000000 ),
 .UNSPECIFIED. ) ;
#3326 = DIRECTION ( 'NONE',  ( 0.0000000000000000000, 0.0000000000000000000, -1.000000000000000000 ) ) ;
#3327 = AXIS2_PLACEMENT_3D ( 'NONE', #2476, #4473, #2027 ) ;
#3328 = CARTESIAN_POINT ( 'NONE',  ( 11.78010181972357500, -3.495955262682049400, -70.35496106405817300 ) ) ;
#3329 = CARTESIAN_POINT ( 'NONE',  ( 12.04282393643056700, -3.495300514531105100, -65.00000000000000000 ) ) ;
#3330 = CARTESIAN_POINT ( 'NONE',  ( 3.795104068402886700, 1.481755629168389800, 80.50370928420422000 ) ) ;
#3331 = CARTESIAN_POINT ( 'NONE',  ( 6.497693652376399100, -0.3266498913587523300, 86.32242001810009000 ) ) ;
#3332 = CARTESIAN_POINT ( 'NONE',  ( 2.708156096927535100, -0.6229873655166848800, -84.98460663793642300 ) ) ;
#3333 = CARTESIAN_POINT ( 'NONE',  ( 3.713036499837402800, -1.936278057290624400, -84.95734815647485000 ) ) ;
#3334 = DIRECTION ( 'NONE',  ( 0.0000000000000000000, -0.0000000000000000000, 1.000000000000000000 ) ) ;
#3335 = CARTESIAN_POINT ( 'NONE',  ( 4.042823936348948900, 0.04683820488519256600, -65.00000000000000000 ) ) ;
#3336 = CARTESIAN_POINT ( 'NONE',  ( 7.062499999999925400, 4.375000000000001800, 55.01473523173899600 ) ) ;
#3337 = ORIENTED_EDGE ( 'NONE', *, *, #3705, .T. ) ;
#3338 = DIRECTION ( 'NONE',  ( 0.0000000000000000000, 0.0000000000000000000, 1.000000000000000000 ) ) ;
#3339 = CARTESIAN_POINT ( 'NONE',  ( -6.102691817818850100, 0.5430812962098321400, 23.24749349164519400 ) ) ;
#3340 = CARTESIAN_POINT ( 'NONE',  ( 7.201261797888827600, 2.617199410488108700, 70.41002487730516200 ) ) ;
#3341 = EDGE_LOOP ( 'NONE', ( #2954, #1801 ) ) ;
#3342 = CARTESIAN_POINT ( 'NONE',  ( -6.049269056668221000, -0.8292596109046197500, -91.59999999999968200 ) ) ;
#3343 = CARTESIAN_POINT ( 'NONE',  ( -6.538145286987290000, -3.396775291034118000, 96.76968006617255500 ) ) ;
#3344 = CARTESIAN_POINT ( 'NONE',  ( 11.81969559630438300, -3.503043152006073900, -70.34202773989282800 ) ) ;
#3345 = CARTESIAN_POINT ( 'NONE',  ( 7.312499999999927200, 5.500000000000001800, 45.02947046347799900 ) ) ;
#3346 = CARTESIAN_POINT ( 'NONE',  ( 0.5122998450535689600, 1.040737583510074500, 79.59022003946365900 ) ) ;
#3347 = CARTESIAN_POINT ( 'NONE',  ( 6.529900784769971300, -0.08561787321504903100, 80.99970668522560400 ) ) ;
#3348 = DATE_TIME_ROLE ( 'creation_date' ) ;
#3349 = CARTESIAN_POINT ( 'NONE',  ( -7.284203915740203400, 0.9265774916880872300, -70.38441667708913500 ) ) ;
#3350 = CARTESIAN_POINT ( 'NONE',  ( 3.603406528285587800, -0.2197805307018690400, -78.47213103761093600 ) ) ;
#3351 = ORIENTED_EDGE ( 'NONE', *, *, #2262, .F. ) ;
#3352 = CARTESIAN_POINT ( 'NONE',  ( 4.042824686188778200, 0.04683787287838525600, -65.00000000000000000 ) ) ;
#3353 = CARTESIAN_POINT ( 'NONE',  ( -3.802750811285671600, -2.391710323619127700, 97.37052488504970400 ) ) ;
#3354 = CARTESIAN_POINT ( 'NONE',  ( -2.559063211936545700, -0.7875268178106076300, 78.32161502529864100 ) ) ;
#3355 = CARTESIAN_POINT ( 'NONE',  ( 7.312499999999926300, 5.500000000000005300, 35.00000000000000000 ) ) ;
#3356 = CARTESIAN_POINT ( 'NONE',  ( -5.956627282007008100, 5.500000000000001800, -23.28022362359615400 ) ) ;
#3357 = EDGE_CURVE ( 'NONE', #4755, #185, #4192, .T. ) ;
#3358 = EDGE_LOOP ( 'NONE', ( #2143, #2770, #4217, #2001 ) ) ;
#3359 = CARTESIAN_POINT ( 'NONE',  ( 4.789576431103972400, 2.649599163913952000, 5.719227204834493400 ) ) ;
#3360 = CARTESIAN_POINT ( 'NONE',  ( -1.906508406157840600, 0.1498497930718353200, -91.59999999999996600 ) ) ;
#3361 = CARTESIAN_POINT ( 'NONE',  ( 6.530870926219315600, 2.292957994011311400, 75.80014218580352300 ) ) ;
#3362 = CARTESIAN_POINT ( 'NONE',  ( -7.613518841526084400, -3.394623430052362300, 91.93448385855174400 ) ) ;
#3363 = FACE_OUTER_BOUND ( 'NONE', #5018, .T. ) ;
#3364 = CARTESIAN_POINT ( 'NONE',  ( 6.735557395310442000E-016, 3.500000000000000000, 5.500000000000000000 ) ) ;
#3365 = CARTESIAN_POINT ( 'NONE',  ( 2.765699483134438800, 2.971862260744864600, 65.00000000000000000 ) ) ;
#3366 = CARTESIAN_POINT ( 'NONE',  ( 7.136847943093864700, 1.303933014010735900, 65.00000000000000000 ) ) ;
#3367 = CIRCLE ( 'NONE', #3394, 26.61747082298127500 ) ;
#3368 = CARTESIAN_POINT ( 'NONE',  ( 6.698493249432847700, -0.5749753268492728800, -70.39657582580939300 ) ) ;
#3369 = CARTESIAN_POINT ( 'NONE',  ( -6.733195414333428300, 0.4227518434964501700, -86.34491458141981500 ) ) ;
#3370 = CARTESIAN_POINT ( 'NONE',  ( -2.105501622571343700, -1.283420647238255000, 93.14104977009940000 ) ) ;
#3371 = CIRCLE ( 'NONE', #3766, 28.17412854073873500 ) ;
#3372 = CARTESIAN_POINT ( 'NONE',  ( -3.324780642578197400, 3.033451537194835600, -4.406364451191202600 ) ) ;
#3373 = CARTESIAN_POINT ( 'NONE',  ( -5.496129928210492300, 1.385351436379871300, -0.2104710196305623900 ) ) ;
#3374 = CARTESIAN_POINT ( 'NONE',  ( 5.401643454997826100, 2.056579181121865200, 5.464696221094448500 ) ) ;
#3375 = CARTESIAN_POINT ( 'NONE',  ( -6.248688524436889900, 0.9754051228051946500, -86.31604888900467600 ) ) ;
#3376 = CARTESIAN_POINT ( 'NONE',  ( -3.248666096487583800, -0.09638074286544820500, -96.66333298583774100 ) ) ;
#3377 = CARTESIAN_POINT ( 'NONE',  ( 6.502749126608038400, 2.260796333787532300, 75.78857016844418100 ) ) ;
#3378 = CARTESIAN_POINT ( 'NONE',  ( -5.500000000000000000, -3.500000000000000000, 101.5999999999999900 ) ) ;
#3379 = CARTESIAN_POINT ( 'NONE',  ( 8.904781857479489900, -3.489969185636074800, -84.94516695394909800 ) ) ;
#3380 = CARTESIAN_POINT ( 'NONE',  ( -12.81039460359480100, -3.437591860374771300, 52.50123405878348800 ) ) ;
#3381 = CARTESIAN_POINT ( 'NONE',  ( 2.043407386291204600, 0.7350091117518754400, 85.72938925496504200 ) ) ;
#3382 = CARTESIAN_POINT ( 'NONE',  ( 6.549354633362690400, -0.2702313894043547000, 86.32610437984951100 ) ) ;
#3383 = CARTESIAN_POINT ( 'NONE',  ( 1.948496632252819700, -1.051840288493286700, -91.59999999999998000 ) ) ;
#3384 = CARTESIAN_POINT ( 'NONE',  ( -6.724252788170123700, 0.4580352095472402000, -86.34481955024305900 ) ) ;
#3385 = CARTESIAN_POINT ( 'NONE',  ( -6.560934522572912500, -3.477768990570127400, 96.76848412973112100 ) ) ;
#3386 = CARTESIAN_POINT ( 'NONE',  ( 5.500000000000000000, -3.500000000000000000, -101.5999999999999900 ) ) ;
#3387 = CARTESIAN_POINT ( 'NONE',  ( -12.04282393643056700, -3.495300514531105100, 65.00000000000000000 ) ) ;
#3388 = CARTESIAN_POINT ( 'NONE',  ( 1.563419532724097100E-013, -0.8858127423063783000, -5.499999999999997300 ) ) ;
#3389 = CARTESIAN_POINT ( 'NONE',  ( -1.458233081073477800, -1.603710014415314700, 20.32496010687508600 ) ) ;
#3390 = CARTESIAN_POINT ( 'NONE',  ( -6.383397518942242500, 1.592172758270775400, -81.01571948307928000 ) ) ;
#3391 = DIRECTION ( 'NONE',  ( -1.000000000000000000, 0.0000000000000000000, 0.0000000000000000000 ) ) ;
#3392 = CARTESIAN_POINT ( 'NONE',  ( 6.506294556779386600, 2.265449377616698600, 75.79022768431247000 ) ) ;
#3393 = CARTESIAN_POINT ( 'NONE',  ( -7.608088133981962800, -3.407769510147216100, 91.93383194445166900 ) ) ;
#3394 = AXIS2_PLACEMENT_3D ( 'NONE', #2148, #930, #1762 ) ;
#3395 = CARTESIAN_POINT ( 'NONE',  ( 11.90030361876833400, -3.460494181924651100, -70.28884426746479600 ) ) ;
#3396 = CARTESIAN_POINT ( 'NONE',  ( -12.19201967071585300, -3.348920651434912400, 65.00000000000005700 ) ) ;
#3397 = CARTESIAN_POINT ( 'NONE',  ( -4.119641037445180000, 1.048037814065636300, 64.99999999999994300 ) ) ;
#3398 = CARTESIAN_POINT ( 'NONE',  ( 7.025398447008310400, 0.2608619800144715800, 81.05047695738584000 ) ) ;
#3399 = CARTESIAN_POINT ( 'NONE',  ( -11.90313734521569300, -3.473804978938547400, 70.17849965094855200 ) ) ;
#3400 = ORIENTED_EDGE ( 'NONE', *, *, #2226, .T. ) ;
#3401 = CARTESIAN_POINT ( 'NONE',  ( 4.681931720230950100, -0.6936449235696270400, -78.32749069539161700 ) ) ;
#3402 = CARTESIAN_POINT ( 'NONE',  ( -6.323932935422575100, -0.2903628384458580800, -91.59999999999995200 ) ) ;
#3403 = CARTESIAN_POINT ( 'NONE',  ( -5.500000000000000000, -3.500000000000000000, 101.5999999999999900 ) ) ;
#3404 = ORIENTED_EDGE ( 'NONE', *, *, #4658, .F. ) ;
#3405 = CARTESIAN_POINT ( 'NONE',  ( -1.564813206681407600, -1.273630286040872100, 84.95629699199172100 ) ) ;
#3406 = CARTESIAN_POINT ( 'NONE',  ( -4.042823936348948900, 0.04683820488519256600, 65.00000000000000000 ) ) ;
#3407 = CARTESIAN_POINT ( 'NONE',  ( 10.34227949739616500, -1.844165503243006400, -41.30203621008836700 ) ) ;
#3408 = CARTESIAN_POINT ( 'NONE',  ( -6.052919756695125400, 0.3275268325420799800, -91.60000000000029300 ) ) ;
#3409 = CARTESIAN_POINT ( 'NONE',  ( -5.566735720207312000, 0.4999544664041345500, -91.59999999999999400 ) ) ;
#3410 = CARTESIAN_POINT ( 'NONE',  ( -6.611995560608952400, -2.908886317389230300, 91.59999999999998000 ) ) ;
#3411 = CARTESIAN_POINT ( 'NONE',  ( -7.776606121294507000, 3.050896305807777200, -35.00000000000000000 ) ) ;
#3412 = CARTESIAN_POINT ( 'NONE',  ( -1.939696549732699900, -1.259390440055667700, -91.60000000000005100 ) ) ;
#3413 = CARTESIAN_POINT ( 'NONE',  ( -12.81842673036878100, -3.346424057976369300, 52.50133064449435200 ) ) ;
#3414 = CARTESIAN_POINT ( 'NONE',  ( -3.603406528285587800, -0.2197805307018690400, 78.47213103761093600 ) ) ;
#3415 = CARTESIAN_POINT ( 'NONE',  ( 7.043222438984862800, 0.2859380727417338300, 81.05269793781558000 ) ) ;
#3416 = ORIENTED_EDGE ( 'NONE', *, *, #3260, .T. ) ;
#3417 = CARTESIAN_POINT ( 'NONE',  ( -11.90583012651492600, -3.447723289113967700, 70.22584695823610400 ) ) ;
#3418 = CARTESIAN_POINT ( 'NONE',  ( -7.582834564909076900, 0.9872971788641214900, -75.82253754868980900 ) ) ;
#3419 = CARTESIAN_POINT ( 'NONE',  ( 1.512451053556452800, -0.8783870594269301800, -91.60000000000000900 ) ) ;
#3420 = CARTESIAN_POINT ( 'NONE',  ( -6.722116489761791800, 0.4656582753731132200, -86.34478579698331700 ) ) ;
#3421 = CARTESIAN_POINT ( 'NONE',  ( -4.304526336598703700, -2.561876484896953100, 97.16832572760701200 ) ) ;
#3422 = CARTESIAN_POINT ( 'NONE',  ( -4.042824686188778200, 0.04683787287838525600, 65.00000000000000000 ) ) ;
#3423 = DIRECTION ( 'NONE',  ( 0.0000000000000000000, 1.000000000000000000, -0.0000000000000000000 ) ) ;
#3424 = EDGE_CURVE ( 'NONE', #4683, #3804, #348, .T. ) ;
#3425 = CARTESIAN_POINT ( 'NONE',  ( -8.511490851541692500, 3.778267773706527800, -45.05631431729104700 ) ) ;
#3426 = CARTESIAN_POINT ( 'NONE',  ( -6.474678167793757500, 2.186103880194783400, -75.75843629278449500 ) ) ;
#3427 = CARTESIAN_POINT ( 'NONE',  ( 3.109052673197406900, -1.623752969793905500, -92.73665145521403000 ) ) ;
#3428 = CARTESIAN_POINT ( 'NONE',  ( 2.385398476338394000, -1.614645444064277000, 95.01857166327359000 ) ) ;
#3429 = CARTESIAN_POINT ( 'NONE',  ( -0.4280047568432220300, -0.8652004700196656000, -14.61195414614757100 ) ) ;
#3430 = CARTESIAN_POINT ( 'NONE',  ( -4.325134259478497600, -1.019707216853843000, -91.60000000000000900 ) ) ;
#3431 = CARTESIAN_POINT ( 'NONE',  ( 5.497564486062443300, 1.407885015740916600, 0.1688646442637471200 ) ) ;
#3432 = CARTESIAN_POINT ( 'NONE',  ( -4.294295585004517700, -0.5166289285316958400, 78.36921327587280900 ) ) ;
#3433 = CARTESIAN_POINT ( 'NONE',  ( 7.636777089755940800, 1.210199352822791700, 75.84584804485034200 ) ) ;
#3434 = CARTESIAN_POINT ( 'NONE',  ( -12.01972085856009200, -3.471793218467273500, 67.63827034368542000 ) ) ;
#3435 = DATE_TIME_ROLE ( 'classification_date' ) ;
#3436 = CIRCLE ( 'NONE', #1302, 25.32549538158370700 ) ;
#3437 = CARTESIAN_POINT ( 'NONE',  ( 4.877443877333754500, -0.7856455752632678400, -78.31095620701019300 ) ) ;
#3438 = CARTESIAN_POINT ( 'NONE',  ( -7.738434810200419500, 1.870852118914267100, -65.00000000000005700 ) ) ;
#3439 = CARTESIAN_POINT ( 'NONE',  ( -4.922925337314735500, -2.879584783408612100, 92.13703199600371400 ) ) ;
#3440 = CARTESIAN_POINT ( 'NONE',  ( -3.881499495426875300, -0.03437387655633051400, 67.70413895884649900 ) ) ;
#3441 = DIRECTION ( 'NONE',  ( 0.0000000000000000000, 0.0000000000000000000, 1.000000000000000000 ) ) ;
#3442 = CARTESIAN_POINT ( 'NONE',  ( 6.282735820929575600, 0.4417012794083412500, -35.00000000000000000 ) ) ;
#3443 = CARTESIAN_POINT ( 'NONE',  ( -6.102047552245808900, 1.011472529330825500, -86.30263505647364800 ) ) ;
#3444 = CARTESIAN_POINT ( 'NONE',  ( 4.424495561535934500, -2.037804700582602500, -91.59999999999996600 ) ) ;
#3445 = CARTESIAN_POINT ( 'NONE',  ( -3.320785158278384900, -2.780127480640186100, 97.37007836625018300 ) ) ;
#3446 = CARTESIAN_POINT ( 'NONE',  ( 11.96426923553686100, -2.757483048195332300, -23.08157454901314400 ) ) ;
#3447 = CARTESIAN_POINT ( 'NONE',  ( -6.540220849881127800, 0.7917613981688966800, -70.32087535899336200 ) ) ;
#3448 = CARTESIAN_POINT ( 'NONE',  ( -12.78236428029541600, -3.297441780198733200, 52.50180841888239100 ) ) ;
#3449 = CARTESIAN_POINT ( 'NONE',  ( -2.864405616686276400, -0.6881593102148746400, 84.97507387356328900 ) ) ;
#3450 = CARTESIAN_POINT ( 'NONE',  ( 6.080650230939898600, -0.8020748677781510700, 91.59999999999968200 ) ) ;
#3451 = CARTESIAN_POINT ( 'NONE',  ( -12.04757080901978800, -3.441182631172480900, 67.59328417660600500 ) ) ;
#3452 = CARTESIAN_POINT ( 'NONE',  ( 6.073541601570654300, -1.338201082732508600, -78.23431797477206800 ) ) ;
#3453 = CARTESIAN_POINT ( 'NONE',  ( -7.113203681229541600, 2.319648816655895300, -75.88913746409774300 ) ) ;
#3454 = CARTESIAN_POINT ( 'NONE',  ( -6.486849587866337300, -3.516968981466880100, 96.76894068899616700 ) ) ;
#3455 = EDGE_CURVE ( 'NONE', #3017, #1160, #4012, .T. ) ;
#3456 = CARTESIAN_POINT ( 'NONE',  ( -1.070238200517444200, -1.125444562142694300, 85.05374041890387100 ) ) ;
#3457 = CARTESIAN_POINT ( 'NONE',  ( 5.500000000000000000, -3.500000000000000000, -101.5999999999999900 ) ) ;
#3458 = CARTESIAN_POINT ( 'NONE',  ( -7.377851521645606400, 2.989321511066711500, -45.02523161244585000 ) ) ;
#3459 = CARTESIAN_POINT ( 'NONE',  ( -6.123770628299521200, 1.007801853363019500, -86.30472896608617400 ) ) ;
#3460 = CARTESIAN_POINT ( 'NONE',  ( 6.557860377850853500, -3.421796275631846300, -96.76830229557577900 ) ) ;
#3461 = CARTESIAN_POINT ( 'NONE',  ( -5.500000000000000000, -3.500000000000000000, 101.5999999999999900 ) ) ;
#3462 = ORIENTED_EDGE ( 'NONE', *, *, #4736, .F. ) ;
#3463 = CARTESIAN_POINT ( 'NONE',  ( -7.312499999999926300, 4.250000000000000000, -35.00000000000000000 ) ) ;
#3464 = CARTESIAN_POINT ( 'NONE',  ( -6.444799804390879000, 0.3117372490200217600, -75.64080930465655700 ) ) ;
#3465 = CARTESIAN_POINT ( 'NONE',  ( -6.611135288043255900, -0.3465895580636743600, 67.71014774712655500 ) ) ;
#3466 = VERTEX_POINT ( 'NONE', #4592 ) ;
#3467 = CARTESIAN_POINT ( 'NONE',  ( 7.747669938283650900, 2.048027517653587800, 70.44973523575096400 ) ) ;
#3468 = CARTESIAN_POINT ( 'NONE',  ( -12.12236998639176700, -3.489132808493520300, 65.00000000000000000 ) ) ;
#3469 = CARTESIAN_POINT ( 'NONE',  ( -6.086206777123063500, -0.7969271835119912100, -91.59999999999968200 ) ) ;
#3470 = CARTESIAN_POINT ( 'NONE',  ( 8.282092450961931400, -2.361934582287275500, -78.15513579244570500 ) ) ;
#3471 = CARTESIAN_POINT ( 'NONE',  ( -7.100763719796335100, 2.326237577894280300, -75.88827071501459900 ) ) ;
#3472 = CARTESIAN_POINT ( 'NONE',  ( -2.082061681108955800, -2.133749714706710200, 91.59999999999996600 ) ) ;
#3473 = CARTESIAN_POINT ( 'NONE',  ( 6.314049350493530000, 0.9495157005253096500, 86.32134943521572300 ) ) ;
#3474 = CARTESIAN_POINT ( 'NONE',  ( 0.3354983284784873700, -1.546924376201045200, 91.59999999999999400 ) ) ;
#3475 = CARTESIAN_POINT ( 'NONE',  ( -1.789553831184726300, -0.2535439637457045400, -95.37056205318251000 ) ) ;
#3476 = CARTESIAN_POINT ( 'NONE',  ( -7.377851521645606400, 2.989321511066712000, -34.99999999999999300 ) ) ;
#3477 = CARTESIAN_POINT ( 'NONE',  ( -6.934487716993764600, 2.654045482346203000, -70.36945793217202500 ) ) ;
#3478 = CARTESIAN_POINT ( 'NONE',  ( 5.500000000000000000, -3.500000000000000000, -101.5999999999999900 ) ) ;
#3479 = CARTESIAN_POINT ( 'NONE',  ( -5.461525616445960000, 1.146111165177060100, -0.6709004556189337400 ) ) ;
#3480 = CARTESIAN_POINT ( 'NONE',  ( 5.000222652930276000, -1.511864834312181700, 97.00901297692681200 ) ) ;
#3481 = CARTESIAN_POINT ( 'NONE',  ( 10.32062157405203400, -1.831970258777327700, -35.00000000000000000 ) ) ;
#3482 = CARTESIAN_POINT ( 'NONE',  ( -6.669093212727449100, 1.260317873735159700, -64.99999999999998600 ) ) ;
#3483 = CARTESIAN_POINT ( 'NONE',  ( 4.152417479136288700, 0.3461543157580551100, 3.611446626210322600 ) ) ;
#3484 = CARTESIAN_POINT ( 'NONE',  ( -6.866475705229619900, -0.6590898386838134300, 70.36527296117219500 ) ) ;
#3485 = B_SPLINE_CURVE_WITH_KNOTS ( 'NONE', 3,
 ( #5274, #2093, #4021, #3203, #4958, #1689, #2114, #4572, #727, #2809, #338, #4554, #746, #4974, #3632, #4449 ),
 .UNSPECIFIED., .F., .F.,
 ( 4, 2, 2, 2, 2, 2, 2, 4 ),
 ( 0.009019898739957756700, 0.009943663569308569200, 0.01086742839865938200, 0.01271495805736100700, 0.01363872288671182100, 0.01456248771606263300, 0.01548625254541344600, 0.01641001737476426000 ),
 .UNSPECIFIED. ) ;
#3486 = CARTESIAN_POINT ( 'NONE',  ( 7.668847182415285100, 1.403014359377056300, 75.86395098747186700 ) ) ;
#3487 = CARTESIAN_POINT ( 'NONE',  ( -12.13066365381073600, -3.289735958407718400, 64.99999999999998600 ) ) ;
#3488 = ORIENTED_EDGE ( 'NONE', *, *, #2743, .T. ) ;
#3489 = CARTESIAN_POINT ( 'NONE',  ( 10.29338837797925700, -3.354346328556096600, -78.19803456745334800 ) ) ;
#3490 = CARTESIAN_POINT ( 'NONE',  ( -7.798621089933406300, 2.083795400386835500, -65.00000000000002800 ) ) ;
#3491 = CARTESIAN_POINT ( 'NONE',  ( -5.500000000000000000, -3.500000000000000000, 101.5999999999999900 ) ) ;
#3492 = CARTESIAN_POINT ( 'NONE',  ( 6.488129778717199900, 2.236309692341624800, 75.77963198324610500 ) ) ;
#3493 = CARTESIAN_POINT ( 'NONE',  ( -3.827525614779567800, 0.1408364757835729500, 65.00000000000000000 ) ) ;
#3494 = CARTESIAN_POINT ( 'NONE',  ( 5.500000000000000000, -3.500000000000000000, -101.5999999999999900 ) ) ;
#3495 = FACE_OUTER_BOUND ( 'NONE', #3075, .T. ) ;
#3496 = AXIS2_PLACEMENT_3D ( 'NONE', #3256, #1200, #1610 ) ;
#3497 = CARTESIAN_POINT ( 'NONE',  ( -8.162881740689112300, 5.209115622387726000, -45.04888591020164100 ) ) ;
#3498 = CARTESIAN_POINT ( 'NONE',  ( -6.059356797506832300, 1.017507208359433600, -86.29843617150305600 ) ) ;
#3499 = CARTESIAN_POINT ( 'NONE',  ( 6.238954782079200200, -3.292736285078665200, -96.77848573177931300 ) ) ;
#3500 = CARTESIAN_POINT ( 'NONE',  ( -4.025947264242243600, 0.3260886170566560900, -3.751883451185273000 ) ) ;
#3501 = CARTESIAN_POINT ( 'NONE',  ( -4.847452110742711500, -3.105299086797476300, 96.93026705474061100 ) ) ;
#3502 = CARTESIAN_POINT ( 'NONE',  ( -5.528981754331067800, 1.587890443033218100, -5.395821586454505200 ) ) ;
#3503 = CARTESIAN_POINT ( 'NONE',  ( -6.220072117741078300, -0.1233364098327204800, -80.97122065485260100 ) ) ;
#3504 = CARTESIAN_POINT ( 'NONE',  ( 4.249999999999999100, 1.500000000000000000, 0.0000000000000000000 ) ) ;
#3505 = CARTESIAN_POINT ( 'NONE',  ( -1.672593649292130500, -0.9419733094848231600, 91.59999999999999400 ) ) ;
#3506 = CARTESIAN_POINT ( 'NONE',  ( 7.450453215317784500, 2.066376901069473200, 75.89785197517363700 ) ) ;
#3507 = CARTESIAN_POINT ( 'NONE',  ( -7.062499999999927200, 4.375000000000001800, -55.01473523173899600 ) ) ;
#3508 = CARTESIAN_POINT ( 'NONE',  ( 8.953631277432872800, -3.331101897410240700, -84.89901728372667800 ) ) ;
#3509 = CARTESIAN_POINT ( 'NONE',  ( -7.640188991374171400, 2.282989125779439500, -70.44769957515151800 ) ) ;
#3510 = CARTESIAN_POINT ( 'NONE',  ( -7.326732501394746900, -3.439767515673693300, 91.93932359218244700 ) ) ;
#3511 = CARTESIAN_POINT ( 'NONE',  ( 7.585267802819307000, 2.881714694686961000, 64.99999999999997200 ) ) ;
#3512 = CARTESIAN_POINT ( 'NONE',  ( -3.316253159647913700, 0.04490724156681704500, 70.73528651428350100 ) ) ;
#3513 = CARTESIAN_POINT ( 'NONE',  ( 7.424495560152087700, -3.232430917835104300, -91.59999999999998000 ) ) ;
#3514 = CARTESIAN_POINT ( 'NONE',  ( 1.564813206681407600, -1.273630286040872100, -84.95629699199172100 ) ) ;
#3515 = CARTESIAN_POINT ( 'NONE',  ( -6.280639794722218600, 1.568047104868194500, -80.99074997370839000 ) ) ;
#3516 = CARTESIAN_POINT ( 'NONE',  ( 4.925811680909601100, -2.842655742567634200, -91.60000000000000900 ) ) ;
#3517 = CARTESIAN_POINT ( 'NONE',  ( -3.765591693665141500, 5.340489078674536000, -35.00000000000001400 ) ) ;
#3518 = CARTESIAN_POINT ( 'NONE',  ( 5.742543570862030000, -0.4731011181199776800, 98.04236158657549500 ) ) ;
#3519 = CARTESIAN_POINT ( 'NONE',  ( -5.500000000000000000, -3.500000000000000000, 101.5999999999999900 ) ) ;
#3520 = ADVANCED_FACE ( 'NONE', ( #1830 ), #3700, .T. ) ;
#3521 = CARTESIAN_POINT ( 'NONE',  ( -6.801937955714072900, 0.7780832919103667400, -70.34403245519907000 ) ) ;
#3522 = VERTEX_POINT ( 'NONE', #5047 ) ;
#3523 = CARTESIAN_POINT ( 'NONE',  ( -13.26915514171067500, -3.492244288815582900, 40.00417574954925500 ) ) ;
#3524 = CARTESIAN_POINT ( 'NONE',  ( -7.717382419950659800, -1.088512154467719900, 70.23479956508967300 ) ) ;
#3525 = CARTESIAN_POINT ( 'NONE',  ( 7.787707002402931300, 2.027932208377438300, 65.00000000000002800 ) ) ;
#3526 = CARTESIAN_POINT ( 'NONE',  ( -11.91146287807707100, -3.495627888606577000, 67.67748053202908000 ) ) ;
#3527 = VERTEX_POINT ( 'NONE', #320 ) ;
#3528 = CARTESIAN_POINT ( 'NONE',  ( 12.05853164192906100, -3.422171029329296400, -70.11681672218236400 ) ) ;
#3529 = CARTESIAN_POINT ( 'NONE',  ( -7.118177794854412700, 2.316964707766989000, -75.88947967170942400 ) ) ;
#3530 = CARTESIAN_POINT ( 'NONE',  ( 6.164800110518277700, -0.8371507394188374400, 91.59999999999999400 ) ) ;
#3531 = CARTESIAN_POINT ( 'NONE',  ( 6.446762478546134800, 1.600895591864526200, 81.02807641077718900 ) ) ;
#3532 = EDGE_CURVE ( 'NONE', #441, #3914, #2985, .T. ) ;
#3533 = CARTESIAN_POINT ( 'NONE',  ( -0.5454049453729784600, 0.9978282895530242700, 68.70906233126451900 ) ) ;
#3534 = CARTESIAN_POINT ( 'NONE',  ( 7.576290573974581800, -3.293550582068236500, -91.93936013234511500 ) ) ;
#3535 = CARTESIAN_POINT ( 'NONE',  ( 2.571523033910379800, -0.7920190706095172600, -78.31710555057728100 ) ) ;
#3536 = ORIENTED_EDGE ( 'NONE', *, *, #3795, .T. ) ;
#3537 = CARTESIAN_POINT ( 'NONE',  ( -5.883402976679949600, 1.025356480097562300, -86.27990027058136500 ) ) ;
#3538 = CARTESIAN_POINT ( 'NONE',  ( 1.141570316556769000, -2.060254961280371800, -93.14015673250037300 ) ) ;
#3539 = CARTESIAN_POINT ( 'NONE',  ( -0.2003605797935595100, 1.809459859870980800, -9.814524093659249700 ) ) ;
#3540 = CARTESIAN_POINT ( 'NONE',  ( -5.499395578902635900, 1.549077229301442800, -0.08311299303495850400 ) ) ;
#3541 = CARTESIAN_POINT ( 'NONE',  ( 5.225223840640141200, -3.429184591355484400, -1.716693279303529000 ) ) ;
#3542 = CARTESIAN_POINT ( 'NONE',  ( -6.280507857661274500, -0.1238726442392451400, -80.97708468698093000 ) ) ;
#3543 = DIRECTION ( 'NONE',  ( 1.000000000000000000, 0.0000000000000000000, 0.0000000000000000000 ) ) ;
#3544 = CARTESIAN_POINT ( 'NONE',  ( -7.126188783889153600, -0.6198402251271233300, 67.66847104652882200 ) ) ;
#3545 = CARTESIAN_POINT ( 'NONE',  ( 7.722486342907477500, 1.834423572835391300, 65.00000000000005700 ) ) ;
#3546 = CARTESIAN_POINT ( 'NONE',  ( -10.12848473805956600, -3.500293691370864700, 78.31423102496661700 ) ) ;
#3547 = CARTESIAN_POINT ( 'NONE',  ( 12.09900545601552000, -3.349671957799528000, -67.55803802298281400 ) ) ;
#3548 = CARTESIAN_POINT ( 'NONE',  ( -6.571916522899861100, 2.327642394770359500, -75.81319226473746700 ) ) ;
#3549 = CARTESIAN_POINT ( 'NONE',  ( -0.9505398672268596800, -2.539947132595493000, 98.75440387098350900 ) ) ;
#3550 = CARTESIAN_POINT ( 'NONE',  ( 6.123770628299521200, 1.007801853363019500, 86.30472896608617400 ) ) ;
#3551 = CARTESIAN_POINT ( 'NONE',  ( 5.090944714959140200, -0.4694860310435334800, 86.20699973526377800 ) ) ;
#3552 = CARTESIAN_POINT ( 'NONE',  ( 6.554044066990981900, -3.453884755073608000, -96.76691597222581700 ) ) ;
#3553 = PERSON ( 'UNSPECIFIED', 'UNSPECIFIED', 'UNSPECIFIED', ('UNSPECIFIED'), ('UNSPECIFIED'), ('UNSPECIFIED') ) ;
#3554 = CARTESIAN_POINT ( 'NONE',  ( 3.979995174548181400, -0.07622028756386360600, -67.67259398398344700 ) ) ;
#3555 = CARTESIAN_POINT ( 'NONE',  ( -6.316586852261570700, 2.655098022408563600, -70.27777195253126800 ) ) ;
#3556 = CARTESIAN_POINT ( 'NONE',  ( 3.794162780614560600, -2.873037202515628800, -97.19525869655981900 ) ) ;
#3557 = CARTESIAN_POINT ( 'NONE',  ( 9.023700618805493800, -0.08793353458758541900, -23.00867411803021400 ) ) ;
#3558 = CARTESIAN_POINT ( 'NONE',  ( 0.5508116812163014200, -1.752031084320057100, -91.59999999999999400 ) ) ;
#3559 = CARTESIAN_POINT ( 'NONE',  ( -7.534388538139571900, 5.500000000000005300, -23.25554171221604000 ) ) ;
#3560 = CARTESIAN_POINT ( 'NONE',  ( -5.873276522652505900, -0.5596443489168209100, -86.28222388385120200 ) ) ;
#3561 = CARTESIAN_POINT ( 'NONE',  ( -7.123470285869204900, -2.426840238338845000, 78.31593008818033800 ) ) ;
#3562 = FACE_OUTER_BOUND ( 'NONE', #4556, .T. ) ;
#3563 = CARTESIAN_POINT ( 'NONE',  ( -2.203581270870703900, -1.153417220847097200, 91.59999999999996600 ) ) ;
#3564 = CARTESIAN_POINT ( 'NONE',  ( 7.116439536484382900, 1.214873352792427600, 81.08951892045810400 ) ) ;
#3565 = CARTESIAN_POINT ( 'NONE',  ( -7.550811680725583000, -3.497030537516179600, 91.59999999999999400 ) ) ;
#3566 = EDGE_CURVE ( 'NONE', #5020, #5220, #3485, .T. ) ;
#3567 = CARTESIAN_POINT ( 'NONE',  ( 10.27702596331883100, -3.421378523771802200, -78.20723080569810300 ) ) ;
#3568 = CARTESIAN_POINT ( 'NONE',  ( -6.129773067480890300, 0.2535602488913912300, -91.60000000000026400 ) ) ;
#3569 = CARTESIAN_POINT ( 'NONE',  ( 3.598920265546281100, -1.579894265190986400, 95.90880774196703800 ) ) ;
#3570 = CARTESIAN_POINT ( 'NONE',  ( 6.901103914158494700, 2.654311310581519900, 70.36319266760054300 ) ) ;
#3571 = CARTESIAN_POINT ( 'NONE',  ( 6.116409723217153700, -0.1143605102910030100, 80.96068617556736100 ) ) ;
#3572 = CARTESIAN_POINT ( 'NONE',  ( 5.500000000000000000, -3.500000000000000000, -101.5999999999999900 ) ) ;
#3573 = CARTESIAN_POINT ( 'NONE',  ( -8.212027809132255400, 3.191262802768008100, -55.02937824372975200 ) ) ;
#3574 = CARTESIAN_POINT ( 'NONE',  ( -6.533663619888054400, 2.051772578565271400, -75.65236937956700600 ) ) ;
#3575 = CARTESIAN_POINT ( 'NONE',  ( 4.847452110742711500, -3.105299086797476300, -96.93026705474061100 ) ) ;
#3576 = CARTESIAN_POINT ( 'NONE',  ( 11.11302621422801600, -1.613850028421954400, -22.99238707864483900 ) ) ;
#3577 = CARTESIAN_POINT ( 'NONE',  ( 5.406703507606513500, -0.2360741792325806400, 98.42039891338988900 ) ) ;
#3578 = CARTESIAN_POINT ( 'NONE',  ( -5.528981754331067800, 1.587890443033218100, 0.0000000000000000000 ) ) ;
#3579 = ADVANCED_FACE ( 'NONE', ( #3940 ), #83, .T. ) ;
#3580 = CARTESIAN_POINT ( 'NONE',  ( -3.370760748054799200, -1.079523503200108300, 78.31217879788810900 ) ) ;
#3581 = CARTESIAN_POINT ( 'NONE',  ( -8.955490760577932400, -3.335473738477718400, 84.89912042895129200 ) ) ;
#3582 = CARTESIAN_POINT ( 'NONE',  ( 6.324795138522893500, -0.2687747765229471200, 91.59999999999996600 ) ) ;
#3583 = CARTESIAN_POINT ( 'NONE',  ( -5.457814758148871600, -3.122393844327875800, 0.6911924401936490000 ) ) ;
#3584 = CARTESIAN_POINT ( 'NONE',  ( 7.663961752398668300, -3.355523901087058100, -91.60000000000000900 ) ) ;
#3585 = CARTESIAN_POINT ( 'NONE',  ( -6.463439892644075300, 0.8611738803630938400, -86.33203674871680300 ) ) ;
#3586 = CARTESIAN_POINT ( 'NONE',  ( 6.143903355988563900, -1.070563694062896900, 97.48172458847388100 ) ) ;
#3587 = CARTESIAN_POINT ( 'NONE',  ( 5.638138943575417400, 0.4974768202577069500, 91.60000000000000900 ) ) ;
#3588 = CARTESIAN_POINT ( 'NONE',  ( 5.846554226464978600, -0.5571796470870112900, 86.28034308778367700 ) ) ;
#3589 = CARTESIAN_POINT ( 'NONE',  ( 6.671480752888114400, -3.298389122990891900, -91.96292660941169600 ) ) ;
#3590 = CARTESIAN_POINT ( 'NONE',  ( 3.930794118127710400, -0.05527055938436172000, -67.68837450158146400 ) ) ;
#3591 = CARTESIAN_POINT ( 'NONE',  ( -6.684607705690544900, 2.652298542386485500, -70.31884489512195600 ) ) ;
#3592 = CARTESIAN_POINT ( 'NONE',  ( 5.903576431478642300, -3.354652234528068700, -96.79244758730421000 ) ) ;
#3593 = CARTESIAN_POINT ( 'NONE',  ( 5.316054421730868300, 2.341894158340885200, -23.15914934196612400 ) ) ;
#3594 = ORIENTED_EDGE ( 'NONE', *, *, #1017, .F. ) ;
#3595 = CARTESIAN_POINT ( 'NONE',  ( 1.563419532724097100E-013, -0.8858127423063783000, -5.499999999999997300 ) ) ;
#3596 = CARTESIAN_POINT ( 'NONE',  ( 4.601079348588411800, -2.327642597506036200, -3.021397709954490600 ) ) ;
#3597 = CARTESIAN_POINT ( 'NONE',  ( -10.29298231911951200, -3.365499198823409100, 78.19846129354675700 ) ) ;
#3598 = EDGE_LOOP ( 'NONE', ( #4010, #399 ) ) ;
#3599 = CARTESIAN_POINT ( 'NONE',  ( 7.138662578550427200, 2.307607740141465000, 75.89057819754329200 ) ) ;
#3600 = VERTEX_POINT ( 'NONE', #3335 ) ;
#3601 = CARTESIAN_POINT ( 'NONE',  ( -2.485879524328468400, -0.3409502216296218000, 4.919976306637082100 ) ) ;
#3602 = CARTESIAN_POINT ( 'NONE',  ( -6.259792186997551700, -0.5631076162855686000, -91.59999999999976700 ) ) ;
#3603 = CARTESIAN_POINT ( 'NONE',  ( 11.91094975054133400, -3.511665730242716300, -70.13798802247397600 ) ) ;
#3604 = CARTESIAN_POINT ( 'NONE',  ( -6.530870926219315600, 2.292957994011311400, -75.80014218580352300 ) ) ;
#3605 = CARTESIAN_POINT ( 'NONE',  ( 4.838430167212462300, -1.006750071235392100, 91.60000000000000900 ) ) ;
#3606 = CARTESIAN_POINT ( 'NONE',  ( 5.750020388456277100, 0.4798059209331626000, 91.60000000000015100 ) ) ;
#3607 = EDGE_CURVE ( 'NONE', #332, #3600, #3113, .T. ) ;
#3608 = CARTESIAN_POINT ( 'NONE',  ( 6.626090382569693700, 1.267526890229387700, 65.00000000000000000 ) ) ;
#3609 = CARTESIAN_POINT ( 'NONE',  ( 5.500000000000000000, -3.500000000000000000, -101.5999999999999900 ) ) ;
#3610 = CARTESIAN_POINT ( 'NONE',  ( 1.530650797925568600, -1.263049226414871800, -84.96306089290877100 ) ) ;
#3611 = CARTESIAN_POINT ( 'NONE',  ( -5.145390511720247400, 1.018477009852119000, -86.21028991832233100 ) ) ;
#3612 = CARTESIAN_POINT ( 'NONE',  ( 0.4416694836616071300, -2.496975873700542500, -99.10883661267729400 ) ) ;
#3613 = CARTESIAN_POINT ( 'NONE',  ( 13.33794258506136300, -3.498520748388761700, -35.00000000000001400 ) ) ;
#3614 = CARTESIAN_POINT ( 'NONE',  ( 7.550811680725583000, -3.497030537516179600, -91.59999999999999400 ) ) ;
#3615 = CARTESIAN_POINT ( 'NONE',  ( 0.0000000000000000000, -3.500000000000000000, 0.0000000000000000000 ) ) ;
#3616 = CARTESIAN_POINT ( 'NONE',  ( -6.444048327463189500, -0.1069805570946760300, -80.99203746416751000 ) ) ;
#3617 = DIRECTION ( 'NONE',  ( 0.0000000000000000000, 1.000000000000000000, 0.0000000000000000000 ) ) ;
#3618 = CARTESIAN_POINT ( 'NONE',  ( -12.13920569160297400, -3.295081517450658900, 65.00000000000000000 ) ) ;
#3619 = CARTESIAN_POINT ( 'NONE',  ( 7.113114837602074300, 1.220778555168661600, 81.08946078597168100 ) ) ;
#3620 = LINE ( 'NONE', #2085, #778 ) ;
#3621 = DIRECTION ( 'NONE',  ( -1.000000000000000000, 0.0000000000000000000, 0.0000000000000000000 ) ) ;
#3622 = CARTESIAN_POINT ( 'NONE',  ( 10.29342629221402000, -3.376342897652287800, -78.19909717194892100 ) ) ;
#3623 = CARTESIAN_POINT ( 'NONE',  ( -6.840155792927929700, 1.515527270876274100, -81.07523485591102000 ) ) ;
#3624 = CARTESIAN_POINT ( 'NONE',  ( -13.42971025364485800, -3.422871903549387100, 23.03412524527423600 ) ) ;
#3625 = CARTESIAN_POINT ( 'NONE',  ( 6.476921690988590700, 2.107954231667514400, 75.71734380613284500 ) ) ;
#3626 = CARTESIAN_POINT ( 'NONE',  ( 6.220072117741078300, -0.1233364098327204800, 80.97122065485260100 ) ) ;
#3627 = CARTESIAN_POINT ( 'NONE',  ( 7.473699175732674500, -3.533937962933759700, -91.93788137799234100 ) ) ;
#3628 = ORIENTED_EDGE ( 'NONE', *, *, #1994, .F. ) ;
#3629 = CIRCLE ( 'NONE', #1438, 2.500000000000000000 ) ;
#3630 = CARTESIAN_POINT ( 'NONE',  ( 0.5147035671199506900, -1.743056470771144000, -91.59999999999998000 ) ) ;
#3631 = CARTESIAN_POINT ( 'NONE',  ( -4.663717303330686900, 1.002055867054804100, -86.15346158696789300 ) ) ;
#3632 = CARTESIAN_POINT ( 'NONE',  ( -5.129514063270048200, -3.379163543254514400, 2.008012070217357200 ) ) ;
#3633 = CARTESIAN_POINT ( 'NONE',  ( 13.41105885505465500, -3.455010291813798600, -35.00000000000005000 ) ) ;
#3634 = LINE ( 'NONE', #2513, #4321 ) ;
#3635 = CARTESIAN_POINT ( 'NONE',  ( -10.90634091824162200, -2.627101893737120000, 52.82639375731731900 ) ) ;
#3636 = CARTESIAN_POINT ( 'NONE',  ( 5.485100376016002400, -3.341852423679902500, -0.4760855945255575400 ) ) ;
#3637 = CARTESIAN_POINT ( 'NONE',  ( -10.34781850454924700, -2.821033886147007200, 67.67645663504215700 ) ) ;
#3638 = CARTESIAN_POINT ( 'NONE',  ( -7.630685622927794400, -3.316829817236568400, 91.59999999999999400 ) ) ;
#3639 = CARTESIAN_POINT ( 'NONE',  ( 7.798621089933406300, 2.083795400386835500, 65.00000000000002800 ) ) ;
#3640 = CARTESIAN_POINT ( 'NONE',  ( -13.26915514171067500, -3.492244288815582900, 35.00000000000000000 ) ) ;
#3641 = EDGE_CURVE ( 'NONE', #3017, #2130, #56, .T. ) ;
#3642 = CARTESIAN_POINT ( 'NONE',  ( 11.99166852849862000, -3.489724016988297300, -70.12014765095723600 ) ) ;
#3643 = CARTESIAN_POINT ( 'NONE',  ( -6.321547218145928700, 0.9461643315097270100, -86.32193368613218400 ) ) ;
#3644 = CARTESIAN_POINT ( 'NONE',  ( -5.379734944575508500, -3.438998903372055200, 23.95328996164648300 ) ) ;
#3645 = CARTESIAN_POINT ( 'NONE',  ( 7.229627376357832700, 3.159804358365207600, 65.00000000000000000 ) ) ;
#3646 = CARTESIAN_POINT ( 'NONE',  ( 6.174636578483079700, -0.1206932989281622700, 80.96665417930998400 ) ) ;
#3647 = CARTESIAN_POINT ( 'NONE',  ( 5.500000000000000000, -3.500000000000000000, -101.5999999999999900 ) ) ;
#3648 = CARTESIAN_POINT ( 'NONE',  ( 0.9339710483534516800, -1.086855212128806000, -85.08051941592434300 ) ) ;
#3649 = CARTESIAN_POINT ( 'NONE',  ( -4.094189573718742800, 2.578876231780252900, -69.93432127443152500 ) ) ;
#3650 = CARTESIAN_POINT ( 'NONE',  ( 4.748604847522644300, 2.837148999236450900, 2.790482059250357400 ) ) ;
#3651 = CARTESIAN_POINT ( 'NONE',  ( -13.26915514171067100, -3.492244288815581100, 35.00000000000000000 ) ) ;
#3652 = CARTESIAN_POINT ( 'NONE',  ( -10.29248337229218500, -3.361049326536175400, 78.19824085790259000 ) ) ;
#3653 = CARTESIAN_POINT ( 'NONE',  ( 6.613623632091281100, 0.7051571224428119200, 86.34078577670786100 ) ) ;
#3654 = CARTESIAN_POINT ( 'NONE',  ( -5.440696670390790000, -3.104786526022111000, 0.8150359909623881000 ) ) ;
#3655 = CARTESIAN_POINT ( 'NONE',  ( 11.90313734521569300, -3.473804978938547400, -70.17849965094855200 ) ) ;
#3656 = B_SPLINE_CURVE_WITH_KNOTS ( 'NONE', 3,
 ( #1859, #3523, #5144, #4277 ),
 .UNSPECIFIED., .F., .F.,
 ( 4, 4 ),
 ( 0.0000000000000000000, 1.000000000000000000 ),
 .UNSPECIFIED. ) ;
#3657 = CARTESIAN_POINT ( 'NONE',  ( -4.090356027915085200, -1.917537558387645700, 22.80891941351469400 ) ) ;
#3658 = CARTESIAN_POINT ( 'NONE',  ( 6.689801016756609500, 2.650605643743658000, 70.31980054116272100 ) ) ;
#3659 = CARTESIAN_POINT ( 'NONE',  ( 6.746489188092560600, 1.251861539461966100, 64.99999999999998600 ) ) ;
#3660 = CARTESIAN_POINT ( 'NONE',  ( 0.2498886735348620200, -2.505932417156091100, -99.30450648846338900 ) ) ;
#3661 = CARTESIAN_POINT ( 'NONE',  ( 1.070238200517444200, -1.125444562142694300, -85.05374041890387100 ) ) ;
#3662 = CARTESIAN_POINT ( 'NONE',  ( -3.795104068402886700, 1.481755629168389800, -80.50370928420422000 ) ) ;
#3663 = CARTESIAN_POINT ( 'NONE',  ( 5.314347337308381800, -3.451720834566144500, -0.0000000000000000000 ) ) ;
#3664 = CARTESIAN_POINT ( 'NONE',  ( -6.282735820929575600, 0.4417012794083412500, 35.00000000000000000 ) ) ;
#3665 = ORIENTED_EDGE ( 'NONE', *, *, #2493, .F. ) ;
#3666 = CARTESIAN_POINT ( 'NONE',  ( 5.285901998916067200, -2.961531500974945000, -1.539376868236037600 ) ) ;
#3667 = ORIENTED_EDGE ( 'NONE', *, *, #5156, .T. ) ;
#3668 = CARTESIAN_POINT ( 'NONE',  ( -4.656499366474401200, -3.153307385241527400, 24.18245581081911100 ) ) ;
#3669 = CARTESIAN_POINT ( 'NONE',  ( -8.964587746632174600, -3.352262264179022700, 84.89983322279214000 ) ) ;
#3670 = CARTESIAN_POINT ( 'NONE',  ( 6.716058210563590000, 0.4861989583503629800, 86.34467488221773100 ) ) ;
#3671 = CARTESIAN_POINT ( 'NONE',  ( -2.716537252378629300, -2.030367111102608500, 97.92741852950052800 ) ) ;
#3672 = CARTESIAN_POINT ( 'NONE',  ( 8.959753152900439900, -3.427725099937216400, -84.91479193227161200 ) ) ;
#3673 = CARTESIAN_POINT ( 'NONE',  ( -13.41105885505465500, -3.455010291813798600, 23.03012406593136100 ) ) ;
#3674 = CARTESIAN_POINT ( 'NONE',  ( 5.808055027835277600, 2.064300999287797200, 75.46402653936841900 ) ) ;
#3675 = AXIS2_PLACEMENT_3D ( 'NONE', #3794, #4170, #209 ) ;
#3676 = CARTESIAN_POINT ( 'NONE',  ( 5.671026160027477800, -0.9939399868418477000, 91.59999999999990900 ) ) ;
#3677 = CARTESIAN_POINT ( 'NONE',  ( -5.772038243104801400, -1.000000000000002000, -91.59999999999999400 ) ) ;
#3678 = CARTESIAN_POINT ( 'NONE',  ( 1.340848228853743800, 1.003892119221319000, -65.00000000000002800 ) ) ;
#3679 = CARTESIAN_POINT ( 'NONE',  ( -1.394271579942802500, 1.204896510763769200, -79.85877850993006200 ) ) ;
#3680 = CARTESIAN_POINT ( 'NONE',  ( 5.115268619146227100, 2.566817859842578400, 2.039800455801734200 ) ) ;
#3681 = CARTESIAN_POINT ( 'NONE',  ( -6.735557395310442000E-016, 3.500000000000000000, -5.500000000000000000 ) ) ;
#3682 = CARTESIAN_POINT ( 'NONE',  ( -1.316009499132770000, 1.071348460612802100, 65.00000000000005700 ) ) ;
#3683 = CARTESIAN_POINT ( 'NONE',  ( -3.140105572608553200, 4.185706080450992200, -55.04672188883633800 ) ) ;
#3684 = ADVANCED_FACE ( 'NONE', ( #921, #4075 ), #541, .F. ) ;
#3685 = VERTEX_POINT ( 'NONE', #1381 ) ;
#3686 = CARTESIAN_POINT ( 'NONE',  ( -3.418959789684481400, -2.537777229246541900, -0.0000000000000000000 ) ) ;
#3687 = CARTESIAN_POINT ( 'NONE',  ( -11.92280823526557600, -3.519389287181667700, 70.13120948544549500 ) ) ;
#3688 = CARTESIAN_POINT ( 'NONE',  ( 6.719238562109303800, 1.569366202410334800, 81.06407349743337000 ) ) ;
#3689 = DIRECTION ( 'NONE',  ( 0.0000000000000000000, 0.0000000000000000000, 1.000000000000000000 ) ) ;
#3690 = CARTESIAN_POINT ( 'NONE',  ( 8.924682200871545800, -3.476401955368870300, -84.93810313750935800 ) ) ;
#3691 = CARTESIAN_POINT ( 'NONE',  ( -13.36064268990514000, -3.490970175769123600, 34.99999999999999300 ) ) ;
#3692 = CARTESIAN_POINT ( 'NONE',  ( 6.316586852261570700, 2.655098022408563600, 70.27777195253126800 ) ) ;
#3693 = CARTESIAN_POINT ( 'NONE',  ( 6.567365395156482300, 0.3026143729517862800, 75.65789158512423300 ) ) ;
#3694 = CARTESIAN_POINT ( 'NONE',  ( -5.000222652930276000, -1.511864834312181700, -97.00901297692681200 ) ) ;
#3695 = LINE ( 'NONE', #172, #2591 ) ;
#3696 = CARTESIAN_POINT ( 'NONE',  ( 2.784743616428259700, 0.9454610534041878500, -71.87688641509738800 ) ) ;
#3697 = CARTESIAN_POINT ( 'NONE',  ( 3.249770019803592400, -2.424842630800643700, -91.60000000000012200 ) ) ;
#3698 = CARTESIAN_POINT ( 'NONE',  ( 7.392029308696178800, 1.401177603670517500, 65.00000000000001400 ) ) ;
#3699 = CARTESIAN_POINT ( 'NONE',  ( 7.537410510304390200, -0.6737536785109018400, -65.00000000000000000 ) ) ;
#3700 = B_SPLINE_SURFACE_WITH_KNOTS ( 'NONE', 3, 3, ( 
 ( #3409, #5032, #81, #1350 ),
 ( #99, #4157, #2965, #496 ),
 ( #2179, #1299, #946, #1712 ),
 ( #2574, #3376, #4221, #2999 ),
 ( #3360, #2945, #481, #892 ),
 ( #1318, #2195, #911, #3781 ),
 ( #5063, #1334, #1745, #2267 ),
 ( #559, #2229, #1040, #4742 ),
 ( #4703, #3427, #545, #4254 ),
 ( #3444, #1019, #982, #3849 ),
 ( #1398, #189, #4291, #1833 ),
 ( #3830, #2248, #965, #208 ),
 ( #3085, #5138, #2632, #5099 ),
 ( #4663, #1814, #3499, #1415 ),
 ( #5158, #3906, #166, #596 ),
 ( #1433, #1873, #1794, #3478 ),
 ( #4682, #2285, #5119, #3888 ),
 ( #2612, #1852, #3460, #2689 ),
 ( #1454, #4723, #148, #1384 ),
 ( #4238, #228, #2212, #2671 ),
 ( #5081, #615, #3032, #4311 ),
 ( #3050, #577, #1002, #3867 ),
 ( #4272, #2648, #3066, #1515 ),
 ( #4352, #4000, #302, #1062 ),
 ( #3182, #3926, #3105, #2374 ),
 ( #708, #4803, #3945, #688 ),
 ( #5217, #1473, #1910, #4780 ),
 ( #1951, #5257, #3592, #2791 ),
 ( #2357, #2322, #1137, #5238 ),
 ( #3126, #633, #2714, #2303 ),
 ( #3516, #2772, #1893, #4335 ),
 ( #1493, #284, #3575, #4762 ),
 ( #247, #3163, #5197, #2733 ),
 ( #1553, #650, #3556, #5178 ),
 ( #4408, #3538, #1081, #267 ),
 ( #3143, #4822, #2752, #670 ),
 ( #1101, #1967, #3961, #4371 ),
 ( #1532, #1929, #4842, #2340 ),
 ( #1118, #3983, #4391, #833 ),
 ( #4036, #1259, #3612, #439 ),
 ( #1278, #1707, #1572, #3319 ),
 ( #1671, #3218, #3713, #1984 ),
 ( #1154, #4993, #4538, #4138 ),
 ( #2505, #2522, #4863, #4429 ),
 ( #2925, #850, #457, #60 ),
 ( #3726, #3302, #2128, #2394 ),
 ( #41, #2006, #1176, #4153 ) ),
 .UNSPECIFIED., .T., .F., .F.,
 ( 4, 1, 1, 1, 1, 2, 1, 1, 1, 1, 1, 1, 1, 1, 2, 1, 1, 1, 2, 1, 1, 1, 1, 1, 1, 1, 1, 1, 1, 1, 2, 1, 1, 1, 1, 2, 1, 1, 1, 4 ),
 ( 4, 4 ),
 ( 0.0000000000000000000, 0.02308594244383046400, 0.06156251318354790500, 0.1231250263670958100, 0.1846875395506437100, 0.2462500527341916200, 0.3002781212404546100, 0.3543061897467175700, 0.3880737325631319300, 0.4083342582529805300, 0.4285947839428291300, 0.4421018010693949000, 0.4488553096326777200, 0.4556088181959606100, 0.4623623267592434900, 0.4648778679603207100, 0.4673934091613979300, 0.4699089503624752600, 0.4724244915635524800, 0.4799685775639622200, 0.4875126635643719500, 0.4950567495647816800, 0.5026008355651914200, 0.5101449215656010900, 0.5327771795668303500, 0.5403212655672401400, 0.5554094375680596100, 0.5931298675701082200, 0.6157621255713374700, 0.6534825555733860800, 0.7138352435766639500, 0.7655958631888616400, 0.8173564828010593300, 0.8691171024132569000, 0.8986945993345126800, 0.9208777220254545900, 0.9406582915190908600, 0.9604388610127272400, 0.9802194305063636200, 1.000000000000000000 ),
 ( 0.0000000000000000000, 1.000000000000000000 ),
 .UNSPECIFIED. ) ;
#3701 = CARTESIAN_POINT ( 'NONE',  ( -13.26915514171067100, -3.492244288815582500, 23.02809333464725600 ) ) ;
#3702 = CARTESIAN_POINT ( 'NONE',  ( -10.29236653360234400, -3.387569744326610600, 78.20004431758356100 ) ) ;
#3703 = CARTESIAN_POINT ( 'NONE',  ( 7.585742427479402700, 2.359498728389946000, 70.44498772180637000 ) ) ;
#3704 = DIRECTION ( 'NONE',  ( 0.0000000000000000000, 0.0000000000000000000, -1.000000000000000000 ) ) ;
#3705 = EDGE_CURVE ( 'NONE', #185, #2829, #2801, .T. ) ;
#3706 = CARTESIAN_POINT ( 'NONE',  ( 10.26071366622993600, -3.435132581585471200, -78.21648902189134800 ) ) ;
#3707 = CARTESIAN_POINT ( 'NONE',  ( 3.109878336842438100, 5.278925673685592700, 45.09344377767258300 ) ) ;
#3708 = CARTESIAN_POINT ( 'NONE',  ( 4.631898243610186800, 0.4701277779147421400, 91.60000000000005100 ) ) ;
#3709 = CARTESIAN_POINT ( 'NONE',  ( 7.131502944156905800, 0.4440671511152337600, 75.73414849712610000 ) ) ;
#3710 = CARTESIAN_POINT ( 'NONE',  ( 3.952034457528095200, -0.3672924730109839400, -78.41687040799853000 ) ) ;
#3711 = CARTESIAN_POINT ( 'NONE',  ( 8.832734828260328200, -3.496675217658396000, -84.95874026601454400 ) ) ;
#3712 = CARTESIAN_POINT ( 'NONE',  ( -5.500000000000000000, -3.500000000000000000, 101.5999999999999900 ) ) ;
#3713 = CARTESIAN_POINT ( 'NONE',  ( -0.002753594491033961600, -2.458931589830675600, -99.43733406778260100 ) ) ;
#3714 = CARTESIAN_POINT ( 'NONE',  ( 2.939528488548233600, 3.018642228183911100, 4.671985586325110500 ) ) ;
#3715 = CARTESIAN_POINT ( 'NONE',  ( 0.7002196201297720100, 3.338994065169126100, -54.94790748116015800 ) ) ;
#3716 = CARTESIAN_POINT ( 'NONE',  ( -7.136847943093864700, 1.303933014010735900, -65.00000000000000000 ) ) ;
#3717 = CARTESIAN_POINT ( 'NONE',  ( -11.93421857605521000, -3.519978851631858900, 70.12722263355212200 ) ) ;
#3718 = CARTESIAN_POINT ( 'NONE',  ( 7.673587860730875400, 2.755449905536768300, 64.99999999999994300 ) ) ;
#3719 = CARTESIAN_POINT ( 'NONE',  ( 3.248666096487583800, -0.09638074286544820500, 96.66333298583774100 ) ) ;
#3720 = CARTESIAN_POINT ( 'NONE',  ( 10.21727310661961700, -3.472525925007758500, -78.27827034368542100 ) ) ;
#3721 = CARTESIAN_POINT ( 'NONE',  ( 6.540429727000076600, 2.051048481296022800, 75.64400218728909000 ) ) ;
#3722 = CARTESIAN_POINT ( 'NONE',  ( 7.305889680454702000, 1.381900189330330400, 65.00000000000000000 ) ) ;
#3723 = VERTEX_POINT ( 'NONE', #2570 ) ;
#3724 = CARTESIAN_POINT ( 'NONE',  ( 0.8369350787899848500, -0.6267259919649870200, -91.60000000000000900 ) ) ;
#3725 = CARTESIAN_POINT ( 'NONE',  ( 3.370760748054799200, -1.079523503200108300, -78.31217879788810900 ) ) ;
#3726 = CARTESIAN_POINT ( 'NONE',  ( -5.763762000709626900, 0.5021256386628032400, -91.59999999999999400 ) ) ;
#3727 = CARTESIAN_POINT ( 'NONE',  ( 8.467531161739978900, 4.810201473950261400, 45.05593336741956300 ) ) ;
#3728 = CARTESIAN_POINT ( 'NONE',  ( 8.813313340328031500, 0.06572055313576348500, -42.25315435262296400 ) ) ;
#3729 = B_SPLINE_SURFACE_WITH_KNOTS ( 'NONE', 3, 3, ( 
 ( #127, #906, #927, #4623 ),
 ( #3811, #2996, #3827, #1790 ),
 ( #4660, #2209, #145, #3029 ),
 ( #3122, #592, #611, #3939 ),
 ( #1015, #3475, #2244, #2710 ),
 ( #3102, #2667, #1490, #647 ),
 ( #4307, #4349, #5155, #4678 ),
 ( #1869, #2281, #3045, #3494 ),
 ( #4739, #3885, #1430, #2627 ),
 ( #4700, #5135, #999, #163 ),
 ( #5096, #2225, #574, #3457 ),
 ( #2686, #628, #1037, #3863 ),
 ( #1411, #3903, #4269, #4332 ),
 ( #1890, #1057, #4288, #1848 ),
 ( #1829, #3063, #2300, #205 ),
 ( #3513, #3923, #4719, #224 ),
 ( #1469, #3534, #5116, #4758 ),
 ( #1451, #2646, #3081, #184 ),
 ( #2264, #5174, #244, #1078 ),
 ( #4017, #1171, #3552, #4858 ),
 ( #1907, #3199, #4425, #4033 ),
 ( #2788, #3958, #1568, #5194 ),
 ( #2337, #3627, #1588, #5271 ),
 ( #3160, #743, #4368, #5212 ),
 ( #2391, #264, #3140, #3609 ),
 ( #1096, #1133, #4776, #2318 ),
 ( #1981, #3589, #2749, #4838 ),
 ( #3997, #2728, #685, #3572 ),
 ( #667, #2806, #1511, #723 ),
 ( #1115, #334, #3214, #1925 ),
 ( #4799, #282, #3978, #317 ),
 ( #1529, #4386, #1948, #1547 ),
 ( #4819, #1151, #2354, #5234 ),
 ( #2767, #299, #4405, #703 ),
 ( #3178, #1964, #2371, #5254 ),
 ( #2037, #4054, #2888, #353 ),
 ( #4087, #2873, #388, #759 ),
 ( #2408, #3265, #2000, #4100 ),
 ( #1653, #808, #1208, #777 ),
 ( #3231, #2839, #2069, #5320 ),
 ( #3282, #3694, #3660, #4503 ),
 ( #3677, #419, #2470, #2053 ),
 ( #793, #2022, #4907, #3647 ),
 ( #1192, #2855, #4070, #1604 ),
 ( #405, #4467, #1239, #4891 ),
 ( #4925, #4877, #2453, #1222 ),
 ( #5335, #2423, #4519, #5289 ) ),
 .UNSPECIFIED., .T., .F., .F.,
 ( 4, 1, 1, 1, 1, 2, 1, 1, 1, 1, 1, 1, 1, 1, 2, 1, 1, 1, 2, 1, 1, 1, 1, 1, 1, 1, 1, 1, 1, 1, 2, 1, 1, 1, 1, 2, 1, 1, 1, 4 ),
 ( 4, 4 ),
 ( 0.0000000000000000000, 0.02308594244383046400, 0.06156251318354790500, 0.1231250263670958100, 0.1846875395506437100, 0.2462500527341916200, 0.3002781212404546100, 0.3543061897467175700, 0.3880737325631319300, 0.4083342582529805300, 0.4285947839428291300, 0.4421018010693949000, 0.4488553096326777200, 0.4556088181959606100, 0.4623623267592434900, 0.4648778679603207100, 0.4673934091613979300, 0.4699089503624752600, 0.4724244915635524800, 0.4799685775639622200, 0.4875126635643719500, 0.4950567495647816800, 0.5026008355651914200, 0.5101449215656010900, 0.5327771795668303500, 0.5403212655672401400, 0.5554094375680596100, 0.5931298675701082200, 0.6157621255713374700, 0.6534825555733860800, 0.7138352435766639500, 0.7655958631888616400, 0.8173564828010593300, 0.8691171024132569000, 0.8986945993345126800, 0.9208777220254545900, 0.9406582915190908600, 0.9604388610127272400, 0.9802194305063636200, 1.000000000000000000 ),
 ( 0.0000000000000000000, 1.000000000000000000 ),
 .UNSPECIFIED. ) ;
#3730 = CARTESIAN_POINT ( 'NONE',  ( 7.915376637290567200, 5.388116888409729000, 34.99999999999997200 ) ) ;
#3731 = CARTESIAN_POINT ( 'NONE',  ( -8.970648951034419800, -3.376443654399636300, 84.90180337343237200 ) ) ;
#3732 = CARTESIAN_POINT ( 'NONE',  ( 6.129773067480890300, 0.2535602488913912300, 91.60000000000026400 ) ) ;
#3733 = CARTESIAN_POINT ( 'NONE',  ( -1.042268434935401200, -0.6909723004562056100, 91.59999999999998000 ) ) ;
#3734 = CARTESIAN_POINT ( 'NONE',  ( 7.550811680725582100, -3.497030537516180100, -91.59999999999999400 ) ) ;
#3735 = CARTESIAN_POINT ( 'NONE',  ( 3.109878336842438500, 5.278925673685591800, 35.00000000000002800 ) ) ;
#3736 = CARTESIAN_POINT ( 'NONE',  ( 1.656847080559405300, 0.07129772257941643900, 91.59999999999998000 ) ) ;
#3737 = AXIS2_PLACEMENT_3D ( 'NONE', #1363, #5008, #1312 ) ;
#3738 = CARTESIAN_POINT ( 'NONE',  ( 6.836860072984244100, 0.06793025517602482900, 81.02918682754678100 ) ) ;
#3739 = CARTESIAN_POINT ( 'NONE',  ( -6.057944684140805300, -0.8220127014080629300, -91.59999999999968200 ) ) ;
#3740 = DATE_AND_TIME ( #581, #4782 ) ;
#3741 = CARTESIAN_POINT ( 'NONE',  ( 1.119877842172776600, -0.03655926486981942600, -85.15444147810623600 ) ) ;
#3742 = CARTESIAN_POINT ( 'NONE',  ( 1.854917373834132200, -2.077125901561141900, -91.60000000000003700 ) ) ;
#3743 = CARTESIAN_POINT ( 'NONE',  ( 4.905262923823018500, -0.09214121221553189800, 98.33504544664333500 ) ) ;
#3744 = CIRCLE ( 'NONE', #2634, 5.500000000000000000 ) ;
#3745 = CARTESIAN_POINT ( 'NONE',  ( 5.970799470778768400, 3.113919911072501500, 44.97209484074124900 ) ) ;
#3746 = CARTESIAN_POINT ( 'NONE',  ( 12.96936919485861500, -2.969610173496466800, -40.01762318879649900 ) ) ;
#3747 = CARTESIAN_POINT ( 'NONE',  ( 8.199637109549797700, 3.326263060902202800, 23.25820054325658100 ) ) ;
#3748 = DIRECTION ( 'NONE',  ( 0.0000000000000000000, 0.0000000000000000000, -1.000000000000000000 ) ) ;
#3749 = CARTESIAN_POINT ( 'NONE',  ( 6.092236742730660700, 0.2917300450999967800, 91.60000000000026400 ) ) ;
#3750 = CYLINDRICAL_SURFACE ( 'NONE', #705, 5.500000000000000000 ) ;
#3751 = CARTESIAN_POINT ( 'NONE',  ( -6.554044066990981900, -3.453884755073608000, 96.76691597222581700 ) ) ;
#3752 = CARTESIAN_POINT ( 'NONE',  ( 13.26915514171067500, -3.492244288815582900, -35.00000000000000000 ) ) ;
#3753 = CARTESIAN_POINT ( 'NONE',  ( -1.900702211835630900, 1.528949311930107000, 68.60424020051199500 ) ) ;
#3754 = CARTESIAN_POINT ( 'NONE',  ( 5.849782829761077000, -0.9486452049625117000, 91.59999999999982400 ) ) ;
#3755 = B_SPLINE_SURFACE_WITH_KNOTS ( 'NONE', 3, 3, ( 
 ( #4529, #4917, #1248, #2062 ),
 ( #859, #1267, #2447, #4544 ),
 ( #2849, #3310, #3259, #839 ),
 ( #380, #3719, #2867, #33 ),
 ( #397, #1645, #2120, #4984 ),
 ( #2882, #2463, #3671, #5347 ),
 ( #3733, #1285, #4080, #1629 ),
 ( #4495, #413, #2081, #3292 ),
 ( #820, #4112, #4947, #4127 ),
 ( #932, #2166, #874, #4176 ),
 ( #483, #4205, #4646, #2575 ),
 ( #2196, #49, #1730, #4595 ),
 ( #3410, #2181, #3799, #3378 ),
 ( #3815, #2530, #5034, #5065 ),
 ( #2932, #895, #2560, #2986 ),
 ( #67, #2151, #528, #4223 ),
 ( #4193, #465, #3343, #3765 ),
 ( #2948, #514, #2968, #4998 ),
 ( #1301, #3362, #101, #1352 ),
 ( #1714, #3393, #3751, #1336 ),
 ( #5048, #5019, #115, #1763 ),
 ( #4159, #1748, #4576, #498 ),
 ( #4612, #3783, #1321, #4629 ),
 ( #2545, #913, #3000, #1369 ),
 ( #949, #1778, #2135, #84 ),
 ( #4239, #1416, #1795, #3461 ),
 ( #2213, #4293, #4725, #1875 ),
 ( #211, #2250, #2598, #3890 ),
 ( #4745, #1042, #2652, #167 ),
 ( #546, #5082, #3034, #4316 ),
 ( #617, #2633, #3850, #1457 ),
 ( #1021, #1399, #3501, #5141 ),
 ( #1835, #579, #2673, #130 ),
 ( #4664, #984, #1003, #2613 ),
 ( #149, #561, #3445, #5123 ),
 ( #4273, #4255, #3052, #3909 ),
 ( #3870, #2288, #3015, #1816 ),
 ( #4684, #3428, #2269, #1437 ),
 ( #966, #3831, #2230, #191 ),
 ( #3068, #1385, #5101, #599 ),
 ( #4705, #3480, #1855, #3087 ),
 ( #4373, #3963, #2693, #5160 ),
 ( #3108, #305, #231, #4845 ),
 ( #635, #3518, #3985, #1932 ),
 ( #4337, #1064, #2359, #3928 ),
 ( #249, #3577, #1896, #5240 ),
 ( #269, #1475, #1517, #4764 ) ),
 .UNSPECIFIED., .T., .F., .F.,
 ( 4, 1, 1, 1, 1, 2, 1, 1, 1, 1, 1, 1, 1, 1, 2, 1, 1, 1, 2, 1, 1, 1, 1, 1, 1, 1, 1, 1, 1, 1, 2, 1, 1, 1, 1, 2, 1, 1, 1, 4 ),
 ( 4, 4 ),
 ( 0.0000000000000000000, 0.02308594244383046400, 0.06156251318354790500, 0.1231250263670958100, 0.1846875395506437100, 0.2462500527341916200, 0.3002781212404546100, 0.3543061897467175700, 0.3880737325631319300, 0.4083342582529805300, 0.4285947839428291300, 0.4421018010693949000, 0.4488553096326777200, 0.4556088181959606100, 0.4623623267592434900, 0.4648778679603207100, 0.4673934091613979300, 0.4699089503624752600, 0.4724244915635524800, 0.4799685775639622200, 0.4875126635643719500, 0.4950567495647816800, 0.5026008355651914200, 0.5101449215656010900, 0.5327771795668303500, 0.5403212655672401400, 0.5554094375680596100, 0.5931298675701082200, 0.6157621255713374700, 0.6534825555733860800, 0.7138352435766639500, 0.7655958631888616400, 0.8173564828010593300, 0.8691171024132569000, 0.8986945993345126800, 0.9208777220254545900, 0.9406582915190908600, 0.9604388610127272400, 0.9802194305063636200, 1.000000000000000000 ),
 ( 0.0000000000000000000, 1.000000000000000000 ),
 .UNSPECIFIED. ) ;
#3756 = CARTESIAN_POINT ( 'NONE',  ( 6.408379831225945900, -0.4333752437519615100, -70.45883241180341400 ) ) ;
#3757 = CARTESIAN_POINT ( 'NONE',  ( 3.936494959300416600, -0.1933102078443929300, -70.34135006407326800 ) ) ;
#3758 = CARTESIAN_POINT ( 'NONE',  ( -7.234300556305955300, -3.181104883532454200, 91.94559882657600300 ) ) ;
#3759 = CARTESIAN_POINT ( 'NONE',  ( 0.1623420578244355900, -1.834828462090690900, -99.99050645971205100 ) ) ;
#3760 = CARTESIAN_POINT ( 'NONE',  ( 4.013459655556380800, 2.989082619949431100, 3.767808645307090000 ) ) ;
#3761 = CARTESIAN_POINT ( 'NONE',  ( -5.499834580438649000, 1.475455863458865300, -0.04395662302204639300 ) ) ;
#3762 = CARTESIAN_POINT ( 'NONE',  ( 4.552846171616891100, 2.718282363560556200, -0.0000000000000000000 ) ) ;
#3763 = CARTESIAN_POINT ( 'NONE',  ( -7.588527807730404400, 2.877699812167158600, -64.99999999999997200 ) ) ;
#3764 = CARTESIAN_POINT ( 'NONE',  ( 6.549883099626172500, 1.603059247592111500, 81.04409992298963100 ) ) ;
#3765 = CARTESIAN_POINT ( 'NONE',  ( -5.500000000000000000, -3.500000000000000000, 101.5999999999999900 ) ) ;
#3766 = AXIS2_PLACEMENT_3D ( 'NONE', #426, #5343, #5326 ) ;
#3767 = CARTESIAN_POINT ( 'NONE',  ( -6.735557395310442000E-016, -3.500000000000000000, -5.500000000000000000 ) ) ;
#3768 = CARTESIAN_POINT ( 'NONE',  ( -1.611995560391069600, -0.9178426209007341000, 91.59999999999999400 ) ) ;
#3769 = CARTESIAN_POINT ( 'NONE',  ( -1.544495446350675500, 1.629634402615424400, 68.68957326396821400 ) ) ;
#3770 = CARTESIAN_POINT ( 'NONE',  ( 7.395403670390652300, 0.6577369003178139600, 75.77746272888983000 ) ) ;
#3771 = CARTESIAN_POINT ( 'NONE',  ( -7.067577831560589300, 0.3228786590141863300, -81.05581147553545000 ) ) ;
#3772 = CARTESIAN_POINT ( 'NONE',  ( 4.572254523256340500, -0.6428427282068833700, -78.33813125231266400 ) ) ;
#3773 = CARTESIAN_POINT ( 'NONE',  ( -7.157755367532578500, 2.298350186991991300, -75.89152359647401600 ) ) ;
#3774 = CARTESIAN_POINT ( 'NONE',  ( -6.238954782079200200, -3.292736285078665200, 96.77848573177931300 ) ) ;
#3775 = DIRECTION ( 'NONE',  ( 0.0000000000000000000, 0.0000000000000000000, 1.000000000000000000 ) ) ;
#3776 = CARTESIAN_POINT ( 'NONE',  ( -0.3935618610650683000, 2.293300941164175400, -5.500000000000008900 ) ) ;
#3777 = ORIENTED_EDGE ( 'NONE', *, *, #2980, .T. ) ;
#3778 = CARTESIAN_POINT ( 'NONE',  ( -4.841872448157576300, 0.4538870151245159600, -2.610557813749531300 ) ) ;
#3779 = CARTESIAN_POINT ( 'NONE',  ( -2.639751221370270100, -2.150212758095498600, 22.88156924917728200 ) ) ;
#3780 = CARTESIAN_POINT ( 'NONE',  ( -6.541525825684529700, 1.603447768602186900, -81.04293333198117500 ) ) ;
#3781 = CARTESIAN_POINT ( 'NONE',  ( 5.500000000000000000, -3.500000000000000000, -101.5999999999999900 ) ) ;
#3782 = CARTESIAN_POINT ( 'NONE',  ( 7.149127205275364700, 2.630397576339726500, 70.40340130753477900 ) ) ;
#3783 = CARTESIAN_POINT ( 'NONE',  ( -7.473699175732674500, -3.533937962933759700, 91.93788137799234100 ) ) ;
#3784 = VERTEX_POINT ( 'NONE', #477 ) ;
#3785 = CARTESIAN_POINT ( 'NONE',  ( 12.05969905669766400, -3.499416878780418300, -65.00000000000000000 ) ) ;
#3786 = CARTESIAN_POINT ( 'NONE',  ( -13.44483379002171300, -3.343927464517826300, 34.99999999999995000 ) ) ;
#3787 = CARTESIAN_POINT ( 'NONE',  ( 3.893364622400897100, 3.101051363338989100, 65.00000000000000000 ) ) ;
#3788 = CARTESIAN_POINT ( 'NONE',  ( 7.037365808074919300, 0.2775330453237356800, 81.05196326884707500 ) ) ;
#3789 = CARTESIAN_POINT ( 'NONE',  ( 6.990702625536420600, -0.5466120152795376200, -67.67787031441582700 ) ) ;
#3790 = CARTESIAN_POINT ( 'NONE',  ( -7.796912763934129100, 2.074044040808804600, -65.00000000000002800 ) ) ;
#3791 = CARTESIAN_POINT ( 'NONE',  ( -4.958308303878621500, -2.803283262677633400, 96.97368021049730700 ) ) ;
#3792 = CARTESIAN_POINT ( 'NONE',  ( -3.987009998229922700, -0.07922085577355937600, 67.67033712664007800 ) ) ;
#3793 = CARTESIAN_POINT ( 'NONE',  ( 0.0000000000000000000, 3.500000000000000000, 0.0000000000000000000 ) ) ;
#3794 = CARTESIAN_POINT ( 'NONE',  ( 7.312499999999926300, 4.250000000000000000, 35.00000000000000000 ) ) ;
#3795 = EDGE_CURVE ( 'NONE', #1509, #2130, #4260, .T. ) ;
#3796 = CARTESIAN_POINT ( 'NONE',  ( 2.419807581430968700, -0.2249859100612356400, 0.0000000000000000000 ) ) ;
#3797 = CARTESIAN_POINT ( 'NONE',  ( -7.143837683376738700, 2.631524067894735400, -70.40269887043103800 ) ) ;
#3798 = CARTESIAN_POINT ( 'NONE',  ( 13.31250000000007500, -3.375000000000000400, -35.00000000000000000 ) ) ;
#3799 = CARTESIAN_POINT ( 'NONE',  ( -6.053224935138692000, -3.219023498586314000, 96.79169207297772500 ) ) ;
#3800 = CARTESIAN_POINT ( 'NONE',  ( 10.11465797579507600, -3.496319897800608300, -78.31748053202910900 ) ) ;
#3801 = CARTESIAN_POINT ( 'NONE',  ( -4.352117754238544300, 0.8763125125787497600, -74.95520219224901800 ) ) ;
#3802 = CARTESIAN_POINT ( 'NONE',  ( -4.864424039845571800, 0.4772476029195476000, 67.95257729464056200 ) ) ;
#3803 = CARTESIAN_POINT ( 'NONE',  ( 6.537333751838266600, -0.2841988154450740300, 86.32523847869275400 ) ) ;
#3804 = VERTEX_POINT ( 'NONE', #2608 ) ;
#3805 = CARTESIAN_POINT ( 'NONE',  ( -8.959753152900439900, -3.427725099937216400, 84.91479193227161200 ) ) ;
#3806 = CIRCLE ( 'NONE', #4206, 5.500000000000000000 ) ;
#3807 = CARTESIAN_POINT ( 'NONE',  ( 7.089472444595673800, -0.6000177017122805300, -67.67095620701017800 ) ) ;
#3808 = CARTESIAN_POINT ( 'NONE',  ( -7.128096761302567900, 1.193288753042539300, -81.08968686675628100 ) ) ;
#3809 = CARTESIAN_POINT ( 'NONE',  ( -7.615720755701706100, -3.343592551263692600, 91.93660459115156400 ) ) ;
#3810 = CARTESIAN_POINT ( 'NONE',  ( -3.979995174548181400, -0.07622028756386360600, 67.67259398398344700 ) ) ;
#3811 = CARTESIAN_POINT ( 'NONE',  ( -5.336785951922745900, 0.4974204868938179600, -91.59999999999999400 ) ) ;
#3812 = CARTESIAN_POINT ( 'NONE',  ( -5.718242077460877800, 1.441093611720883200, -65.00000000000000000 ) ) ;
#3813 = CARTESIAN_POINT ( 'NONE',  ( -7.145598663201216300, 2.631153035419402400, -70.40293333198108900 ) ) ;
#3814 = CARTESIAN_POINT ( 'NONE',  ( 0.5508116812163014200, -1.752031084320057100, -91.59999999999999400 ) ) ;
#3815 = CARTESIAN_POINT ( 'NONE',  ( -6.986995560419892100, -3.058214594534034900, 91.59999999999998000 ) ) ;
#3816 = CARTESIAN_POINT ( 'NONE',  ( 3.418959789684481400, -2.537777229246541900, 0.0000000000000000000 ) ) ;
#3817 = CARTESIAN_POINT ( 'NONE',  ( 0.009039846799301627300, 1.092027101640156200, -68.86489109586612800 ) ) ;
#3818 = CARTESIAN_POINT ( 'NONE',  ( 5.500000000000563100, 1.492003218558841900, 0.01209336135280631400 ) ) ;
#3819 = CARTESIAN_POINT ( 'NONE',  ( -1.267390063227272800, -0.7840383633704196600, 91.60000000000000900 ) ) ;
#3820 = CARTESIAN_POINT ( 'NONE',  ( 7.353854001680362600, 1.411463800705353000, 65.00000000000000000 ) ) ;
#3821 = CARTESIAN_POINT ( 'NONE',  ( -10.21926126814619600, -3.470320326632038400, 78.27620627501872300 ) ) ;
#3822 = CARTESIAN_POINT ( 'NONE',  ( 6.503735676190431500, -1.535260115693807000, -78.21677729352646200 ) ) ;
#3823 = CARTESIAN_POINT ( 'NONE',  ( -6.324509303079784300, -0.2776081218954847300, -91.59999999999995200 ) ) ;
#3824 = CARTESIAN_POINT ( 'NONE',  ( -7.236995560273752100, -3.157766779282542600, 91.59999999999998000 ) ) ;
#3825 = EDGE_CURVE ( 'NONE', #1180, #4059, #4584, .T. ) ;
#3826 = CARTESIAN_POINT ( 'NONE',  ( -4.007104554612896900, 0.06261168385628486400, 65.00000000000000000 ) ) ;
#3827 = CARTESIAN_POINT ( 'NONE',  ( 0.2973685380884908400, -1.796070606107766000, -99.96752272332165000 ) ) ;
#3828 = CARTESIAN_POINT ( 'NONE',  ( -5.970799470778768400, 3.113919911072501500, -35.00000000000000000 ) ) ;
#3829 = CARTESIAN_POINT ( 'NONE',  ( -6.481927684587204500, 2.217322100243971100, -75.77202017029335900 ) ) ;
#3830 = CARTESIAN_POINT ( 'NONE',  ( 6.111995560820832700, -2.709781947833429500, -91.59999999999998000 ) ) ;
#3831 = CARTESIAN_POINT ( 'NONE',  ( 3.598920265546281100, -1.579894265190986400, 95.90880774196703800 ) ) ;
#3832 = CARTESIAN_POINT ( 'NONE',  ( 4.992806608092823100, -3.320580620601477000, -0.0000000000000000000 ) ) ;
#3833 = CARTESIAN_POINT ( 'NONE',  ( -3.360311525907682600, 1.637291299168804000, -65.00000000000011400 ) ) ;
#3834 = ORIENTED_EDGE ( 'NONE', *, *, #493, .F. ) ;
#3835 = CARTESIAN_POINT ( 'NONE',  ( 5.484639492678873300, 1.274435565630001900, 0.4193113466810433100 ) ) ;
#3836 = CARTESIAN_POINT ( 'NONE',  ( -1.463058394554389800, -0.8590833059379647800, 91.60000000000000900 ) ) ;
#3837 = CARTESIAN_POINT ( 'NONE',  ( 6.542532019217340200, -0.2782469555475582400, 86.32561205548901700 ) ) ;
#3838 = CARTESIAN_POINT ( 'NONE',  ( -8.904781857479489900, -3.489969185636074800, 84.94516695394909800 ) ) ;
#3839 = CARTESIAN_POINT ( 'NONE',  ( -6.574114031250244800, -0.2395981043819823700, -86.32790573776756600 ) ) ;
#3840 = ORIENTED_EDGE ( 'NONE', *, *, #16, .F. ) ;
#3841 = CARTESIAN_POINT ( 'NONE',  ( 3.176423625188876000, -0.8212907945899093900, -84.95893515720791800 ) ) ;
#3842 = B_SPLINE_CURVE_WITH_KNOTS ( 'NONE', 3,
 ( #1346, #2589, #4202, #542 ),
 .UNSPECIFIED., .F., .F.,
 ( 4, 4 ),
 ( 0.0000000000000000000, 1.000000000000000000 ),
 .UNSPECIFIED. ) ;
#3843 = CARTESIAN_POINT ( 'NONE',  ( -7.155992683948428000, 1.134641903022692600, -81.08981649104734400 ) ) ;
#3844 = CARTESIAN_POINT ( 'NONE',  ( -1.557300761830803200, -2.557322722032138600, 98.30928583163678500 ) ) ;
#3845 = CARTESIAN_POINT ( 'NONE',  ( -2.676801123231022500, 0.2745489856260103800, 71.12887899841656700 ) ) ;
#3846 = DIRECTION ( 'NONE',  ( 0.0000000000000000000, 1.000000000000000000, 0.0000000000000000000 ) ) ;
#3847 = CARTESIAN_POINT ( 'NONE',  ( 12.72778490315996400, -3.187407010529113500, -34.99999999999999300 ) ) ;
#3848 = CARTESIAN_POINT ( 'NONE',  ( -7.169148224155540200, 3.185432599589286300, -65.00000000000000000 ) ) ;
#3849 = CARTESIAN_POINT ( 'NONE',  ( 5.500000000000000000, -3.500000000000000000, -101.5999999999999900 ) ) ;
#3850 = CARTESIAN_POINT ( 'NONE',  ( -5.211462668657368600, -3.189792391704306100, 96.86851599800185400 ) ) ;
#3851 = CARTESIAN_POINT ( 'NONE',  ( 0.0000000000000000000, 3.500000000000000000, 5.500000000000000000 ) ) ;
#3852 = CARTESIAN_POINT ( 'NONE',  ( -6.119693459835881200, -0.1150386252616902900, -80.96087535899336300 ) ) ;
#3853 = CARTESIAN_POINT ( 'NONE',  ( -13.43328611421113400, -3.437700506014824200, 40.00246811756703400 ) ) ;
#3854 = CARTESIAN_POINT ( 'NONE',  ( -5.078179577282570600, 0.6209759716901776000, 64.99999999999997200 ) ) ;
#3855 = CARTESIAN_POINT ( 'NONE',  ( 6.046354220889855700, -0.8316411299300952000, 91.59999999999968200 ) ) ;
#3856 = ORIENTED_EDGE ( 'NONE', *, *, #977, .T. ) ;
#3857 = CARTESIAN_POINT ( 'NONE',  ( -12.02946373356230800, -3.460804824644049900, 67.62781773001950100 ) ) ;
#3858 = CARTESIAN_POINT ( 'NONE',  ( 3.574237215225569900, -0.9941380446429157700, -84.94316928359671700 ) ) ;
#3859 = CARTESIAN_POINT ( 'NONE',  ( -6.721499208812427500, 0.4678324047076254400, -86.34477564498041600 ) ) ;
#3860 = CARTESIAN_POINT ( 'NONE',  ( -5.500000000000000000, -3.500000000000000000, 101.5999999999999900 ) ) ;
#3861 = CARTESIAN_POINT ( 'NONE',  ( -3.725365427061033700, -0.1158816018885672300, 70.47596358434007900 ) ) ;
#3862 = ADVANCED_FACE ( 'NONE', ( #4720 ), #168, .T. ) ;
#3863 = CARTESIAN_POINT ( 'NONE',  ( 5.500000000000000000, -3.500000000000000000, -101.5999999999999900 ) ) ;
#3864 = EDGE_CURVE ( 'NONE', #2134, #4222, #730, .T. ) ;
#3865 = CARTESIAN_POINT ( 'NONE',  ( 8.917270405296465100, -1.041764738967407000, -34.99999999999997900 ) ) ;
#3866 = CARTESIAN_POINT ( 'NONE',  ( -6.519075273945873900, 2.056686933191700400, -75.66801077817361000 ) ) ;
#3867 = CARTESIAN_POINT ( 'NONE',  ( 5.500000000000000000, -3.500000000000000000, -101.5999999999999900 ) ) ;
#3868 = VECTOR ( 'NONE', #787, 1000.000000000000100 ) ;
#3869 = CARTESIAN_POINT ( 'NONE',  ( -6.135688948893065500, -0.7499239795212731000, -91.59999999999968200 ) ) ;
#3870 = CARTESIAN_POINT ( 'NONE',  ( 0.9576719399753763600, -1.408451403349630900, 91.60000000000013600 ) ) ;
#3871 = ORIENTED_EDGE ( 'NONE', *, *, #2980, .F. ) ;
#3872 = CARTESIAN_POINT ( 'NONE',  ( 12.86267587340760000, -3.263362047041262800, -35.00000000000000000 ) ) ;
#3873 = CARTESIAN_POINT ( 'NONE',  ( -6.450400880963025300, 0.3102504006572623400, -75.64117134083827000 ) ) ;
#3874 = CARTESIAN_POINT ( 'NONE',  ( 4.499012324611739700, 0.3948857285778399900, 3.169233004759167900 ) ) ;
#3875 = VECTOR ( 'NONE', #373, 1000.000000000000000 ) ;
#3876 = CARTESIAN_POINT ( 'NONE',  ( -0.8369350787899848500, -0.6267259919649870200, 91.60000000000000900 ) ) ;
#3877 = CARTESIAN_POINT ( 'NONE',  ( 6.738072322145830700, 0.3991327400285057400, 86.34490824552362700 ) ) ;
#3878 = CARTESIAN_POINT ( 'NONE',  ( -10.23257998441519900, -3.450393278192283900, 78.25289115165121200 ) ) ;
#3879 = CARTESIAN_POINT ( 'NONE',  ( -6.978625445675492100, 0.2014672731021806000, -81.04484003620046900 ) ) ;
#3880 = CARTESIAN_POINT ( 'NONE',  ( 7.013320220502854400, -3.068697304247694400, -91.59999999999999400 ) ) ;
#3881 = CARTESIAN_POINT ( 'NONE',  ( -7.801048940105946600, 2.098445977629234800, -65.00000000000002800 ) ) ;
#3882 = CARTESIAN_POINT ( 'NONE',  ( -5.946645014171371800, -3.097134829492069300, 91.60000000000000900 ) ) ;
#3883 = CARTESIAN_POINT ( 'NONE',  ( 6.481927684587204500, 2.217322100243971100, 75.77202017029335900 ) ) ;
#3884 = CARTESIAN_POINT ( 'NONE',  ( -1.524958185466646500, -1.261291078911410200, 84.96418725079072900 ) ) ;
#3885 = CARTESIAN_POINT ( 'NONE',  ( 3.109052673197406900, -1.623752969793905500, -92.73665145521403000 ) ) ;
#3886 = CARTESIAN_POINT ( 'NONE',  ( 12.65598953907061900, -3.493772401673342900, -52.50208787477462400 ) ) ;
#3887 = CARTESIAN_POINT ( 'NONE',  ( -6.247066958547574900, 1.558773547450306200, -80.98072553602078500 ) ) ;
#3888 = CARTESIAN_POINT ( 'NONE',  ( 5.500000000000000000, -3.500000000000000000, -101.5999999999999900 ) ) ;
#3889 = CARTESIAN_POINT ( 'NONE',  ( -4.970766139296475900, 0.5035469641018854900, -2.361450317294095900 ) ) ;
#3890 = CARTESIAN_POINT ( 'NONE',  ( -5.500000000000000000, -3.500000000000000000, 101.5999999999999900 ) ) ;
#3891 = DIRECTION ( 'NONE',  ( -0.0000000000000000000, -1.000000000000000000, -0.0000000000000000000 ) ) ;
#3892 = CARTESIAN_POINT ( 'NONE',  ( -6.174636578483079700, -0.1206932989281622700, -80.96665417930998400 ) ) ;
#3893 = CARTESIAN_POINT ( 'NONE',  ( 1.736094968535548500, -0.2408337396312378300, 5.231190136604697100 ) ) ;
#3894 = CARTESIAN_POINT ( 'NONE',  ( -1.948496632252819700, -1.051840288493286700, 91.59999999999998000 ) ) ;
#3895 = CARTESIAN_POINT ( 'NONE',  ( 7.782795071043262100, 1.860406064698063800, 70.44715264414988100 ) ) ;
#3896 = CARTESIAN_POINT ( 'NONE',  ( -11.91146287807707100, -3.495627888606581900, 67.67748053202908000 ) ) ;
#3897 = CARTESIAN_POINT ( 'NONE',  ( 7.613874176886488600, -3.307857466264385100, -91.59999999999999400 ) ) ;
#3898 = CARTESIAN_POINT ( 'NONE',  ( -6.718967595205839400, 0.4764926895378841500, -86.34473039298582400 ) ) ;
#3899 = CARTESIAN_POINT ( 'NONE',  ( 0.9078375051027158800, -1.721121880917405800, 94.11631880615279000 ) ) ;
#3900 = CARTESIAN_POINT ( 'NONE',  ( 7.042752249930929400, 2.647406324255696200, 70.38807641077707400 ) ) ;
#3901 = EDGE_CURVE ( 'NONE', #1735, #1556, #2861, .T. ) ;
#3902 = CARTESIAN_POINT ( 'NONE',  ( -0.5095522812088113500, -1.741780725707052100, 91.59999999999998000 ) ) ;
#3903 = CARTESIAN_POINT ( 'NONE',  ( 6.606449870277383100, -2.938046997172626600, -91.98338414595545500 ) ) ;
#3904 = CARTESIAN_POINT ( 'NONE',  ( 1.553424393774237800, -1.270096972333065500, -84.95855277528863800 ) ) ;
#3905 = CARTESIAN_POINT ( 'NONE',  ( -6.901103914158494700, 2.654311310581519900, -70.36319266760054300 ) ) ;
#3906 = CARTESIAN_POINT ( 'NONE',  ( 7.234300556305955300, -3.181104883532454200, -91.94559882657600300 ) ) ;
#3907 = CARTESIAN_POINT ( 'NONE',  ( 12.65598953907062100, -3.493772401673344200, -52.50208787477462400 ) ) ;
#3908 = CARTESIAN_POINT ( 'NONE',  ( -6.190382362147103000, -0.5173117446935735500, -86.30233181615834300 ) ) ;
#3909 = CARTESIAN_POINT ( 'NONE',  ( -5.500000000000000000, -3.500000000000000000, 101.5999999999999900 ) ) ;
#3910 = CARTESIAN_POINT ( 'NONE',  ( 7.575000000000000200, -3.400000000000000400, -91.59999999999999400 ) ) ;
#3911 = CARTESIAN_POINT ( 'NONE',  ( -5.598848311463045000, -0.9996278661613914300, -91.59999999999996600 ) ) ;
#3912 = CARTESIAN_POINT ( 'NONE',  ( 2.884000853482684400, 0.08851395560837255200, 4.686832848589429700 ) ) ;
#3913 = CARTESIAN_POINT ( 'NONE',  ( -6.921543770171569900, -0.6865290751911890000, 70.35599623766505300 ) ) ;
#3914 = VERTEX_POINT ( 'NONE', #3487 ) ;
#3915 = CARTESIAN_POINT ( 'NONE',  ( 6.741274551379077300, 0.1163128901909287100, 86.34165174815589700 ) ) ;
#3916 = ORIENTED_EDGE ( 'NONE', *, *, #1332, .F. ) ;
#3917 = CARTESIAN_POINT ( 'NONE',  ( -5.300832950019472600, -3.452909573147706600, 1.472209024453376100 ) ) ;
#3918 = CARTESIAN_POINT ( 'NONE',  ( 12.09983006959245000, -3.358842818403903000, -67.55846129354672800 ) ) ;
#3919 = CARTESIAN_POINT ( 'NONE',  ( -6.719928352310025900, 0.4732518132102580500, -86.34474821525144300 ) ) ;
#3920 = CARTESIAN_POINT ( 'NONE',  ( -5.942832313232300700, -3.121897681404020000, 92.01567112720192700 ) ) ;
#3921 = CARTESIAN_POINT ( 'NONE',  ( 6.190820367993549800, 0.9929611963255273700, 86.31097323669276000 ) ) ;
#3922 = CARTESIAN_POINT ( 'NONE',  ( -3.877800073213117500, -0.1783943080360548500, 70.37698489508213100 ) ) ;
#3923 = CARTESIAN_POINT ( 'NONE',  ( 7.402019915310493300, -3.261640489513562900, -91.93887023107065200 ) ) ;
#3924 = DIRECTION ( 'NONE',  ( 0.0000000000000000000, 1.000000000000000000, -0.0000000000000000000 ) ) ;
#3925 = CARTESIAN_POINT ( 'NONE',  ( -7.063472282183264300, 3.219488204358445000, -65.00000000000000000 ) ) ;
#3926 = CARTESIAN_POINT ( 'NONE',  ( 7.108719481519441000, -3.409658148906145000, -91.94456017736872900 ) ) ;
#3927 = CARTESIAN_POINT ( 'NONE',  ( 4.090356027915085200, -1.917537558387645700, -0.0000000000000000000 ) ) ;
#3928 = CARTESIAN_POINT ( 'NONE',  ( -5.500000000000000000, -3.500000000000000000, 101.5999999999999900 ) ) ;
#3929 = CARTESIAN_POINT ( 'NONE',  ( -6.751226088784453500, -3.297705334542096800, 91.59999999999999400 ) ) ;
#3930 = CARTESIAN_POINT ( 'NONE',  ( -6.802835662059991700, 0.3249121850196134400, -75.68970611918258800 ) ) ;
#3931 = CARTESIAN_POINT ( 'NONE',  ( -8.731806536235417600, -1.485620247608861800, 67.57677729352649000 ) ) ;
#3932 = CARTESIAN_POINT ( 'NONE',  ( 7.180540068129263700, 0.5490270444688003500, 81.07192107918528700 ) ) ;
#3933 = CARTESIAN_POINT ( 'NONE',  ( -10.19454687923737000, -3.490452179159827300, 78.29408906791071800 ) ) ;
#3934 = CARTESIAN_POINT ( 'NONE',  ( 10.29221156117616700, -3.353738925625876300, -78.19796246428974500 ) ) ;
#3935 = CARTESIAN_POINT ( 'NONE',  ( -7.358244729590059500, 2.550694317508848600, -70.42700917066251500 ) ) ;
#3936 = CARTESIAN_POINT ( 'NONE',  ( 4.438290311729540200, 2.735737333946334000, 0.0000000000000000000 ) ) ;
#3937 = CARTESIAN_POINT ( 'NONE',  ( 7.138564810686628600, 2.632617157671500100, 70.40199407626023700 ) ) ;
#3938 = CARTESIAN_POINT ( 'NONE',  ( 2.834395574614077900, -1.137966978114028900, 91.60000000000006500 ) ) ;
#3939 = CARTESIAN_POINT ( 'NONE',  ( 5.500000000000000000, -3.500000000000000000, -101.5999999999999900 ) ) ;
#3940 = FACE_OUTER_BOUND ( 'NONE', #3051, .T. ) ;
#3941 = CARTESIAN_POINT ( 'NONE',  ( -6.566038001805951700, -0.2499289414310919000, -86.32731500707956200 ) ) ;
#3942 = AXIS2_PLACEMENT_3D ( 'NONE', #4610, #4996, #3391 ) ;
#3943 = CARTESIAN_POINT ( 'NONE',  ( 5.575000000000001100, -0.2499999999999997800, 91.59999999999999400 ) ) ;
#3944 = CARTESIAN_POINT ( 'NONE',  ( -6.675148411083455400, 2.650945102439330000, -70.31706275498503100 ) ) ;
#3945 = CARTESIAN_POINT ( 'NONE',  ( 6.195010293770467400, -3.424981596098041000, -96.77619747656956400 ) ) ;
#3946 = CARTESIAN_POINT ( 'NONE',  ( 13.41771719429915600, -3.297056316320183800, -23.03645053938556600 ) ) ;
#3947 = CARTESIAN_POINT ( 'NONE',  ( -0.5508116812163014200, -1.752031084320057100, 91.59999999999999400 ) ) ;
#3948 = CARTESIAN_POINT ( 'NONE',  ( -6.578069617372726400, 0.7854856949547166500, -70.32444776770246600 ) ) ;
#3949 = DIRECTION ( 'NONE',  ( 0.0000000000000000000, 0.0000000000000000000, 1.000000000000000000 ) ) ;
#3950 = CARTESIAN_POINT ( 'NONE',  ( -7.040537843238975100, -0.7477110926982506500, 70.33712667903152700 ) ) ;
#3951 = CARTESIAN_POINT ( 'NONE',  ( 6.086206777123063500, -0.7969271835119912100, 91.59999999999968200 ) ) ;
#3952 = CARTESIAN_POINT ( 'NONE',  ( -10.17687546614174300, -3.498245635986641000, 78.30115943843915700 ) ) ;
#3953 = CARTESIAN_POINT ( 'NONE',  ( 3.493327946877204500, -1.667005618690661400, -91.60000000000000900 ) ) ;
#3954 = CARTESIAN_POINT ( 'NONE',  ( -7.328155452793180500, 2.567016361149965200, -70.42407349743327000 ) ) ;
#3955 = CARTESIAN_POINT ( 'NONE',  ( 6.158294465473434600, 0.3436141235815725600, 91.60000000000002300 ) ) ;
#3956 = CARTESIAN_POINT ( 'NONE',  ( 6.309556087293147500, 0.9514826321274622000, 86.32099703813032900 ) ) ;
#3957 = CARTESIAN_POINT ( 'NONE',  ( 6.443440485367010400, 0.3121601993113121100, 75.64042070885649600 ) ) ;
#3958 = CARTESIAN_POINT ( 'NONE',  ( 7.569629221911583300, -3.504677565909957600, -91.93723738121686000 ) ) ;
#3959 = DIRECTION ( 'NONE',  ( 0.0000000000000000000, 0.0000000000000000000, 1.000000000000000000 ) ) ;
#3960 = CARTESIAN_POINT ( 'NONE',  ( -5.373220580735140800, 0.4977957292524653500, -91.60000000000000900 ) ) ;
#3961 = CARTESIAN_POINT ( 'NONE',  ( 2.296081247448642100, -2.610560940458703300, -97.85815940307638500 ) ) ;
#3962 = CARTESIAN_POINT ( 'NONE',  ( 12.97695079610255100, -2.975147314482604200, -34.99999999999999300 ) ) ;
#3963 = CARTESIAN_POINT ( 'NONE',  ( 5.505507188982068800, -1.417863179661351200, 97.27466813556522100 ) ) ;
#3964 = CARTESIAN_POINT ( 'NONE',  ( 5.575000000000001100, -26.32549538158371000, 91.59999999999999400 ) ) ;
#3965 = CARTESIAN_POINT ( 'NONE',  ( -6.651871276185367800, 0.7784697272294401900, -70.33122065485262900 ) ) ;
#3966 = CARTESIAN_POINT ( 'NONE',  ( -4.926328978792089000, -0.3443489725650449300, 65.00000000000000000 ) ) ;
#3967 = CARTESIAN_POINT ( 'NONE',  ( -6.073541601570654300, -1.338201082732508600, 78.23431797477206800 ) ) ;
#3968 = CARTESIAN_POINT ( 'NONE',  ( 7.718964087560524800, 2.126645048151311300, 70.44971980031131400 ) ) ;
#3969 = CARTESIAN_POINT ( 'NONE',  ( -6.624709192242344900, 1.267790952711550700, -65.00000000000000000 ) ) ;
#3970 = ORIENTED_EDGE ( 'NONE', *, *, #3641, .T. ) ;
#3971 = CARTESIAN_POINT ( 'NONE',  ( 12.17712268095105800, -3.342739053428265700, -65.00000000000000000 ) ) ;
#3972 = CARTESIAN_POINT ( 'NONE',  ( -7.282946314946333800, 2.588321695835204200, -70.41940348444075000 ) ) ;
#3973 = CARTESIAN_POINT ( 'NONE',  ( -5.500000000000000000, -3.500000000000000000, 101.5999999999999900 ) ) ;
#3974 = CARTESIAN_POINT ( 'NONE',  ( 5.815693118535804700, 0.4606982061924536600, 91.60000000000020700 ) ) ;
#3975 = EDGE_CURVE ( 'NONE', #5342, #1556, #2529, .T. ) ;
#3976 = CARTESIAN_POINT ( 'NONE',  ( -0.1152085646189070800, -0.8761921930293372600, 85.24355164683302600 ) ) ;
#3977 = ADVANCED_FACE ( 'NONE', ( #5039 ), #5305, .F. ) ;
#3978 = CARTESIAN_POINT ( 'NONE',  ( 5.211462668657368600, -3.189792391704306100, -96.86851599800185400 ) ) ;
#3979 = VERTEX_POINT ( 'NONE', #3969 ) ;
#3980 = CARTESIAN_POINT ( 'NONE',  ( 3.143835100110508500, 0.1092640972156425500, -70.84243535766847800 ) ) ;
#3981 = ORIENTED_EDGE ( 'NONE', *, *, #1887, .F. ) ;
#3982 = CARTESIAN_POINT ( 'NONE',  ( -5.184667322800356400, 0.4934606381431493900, -91.60000000000002300 ) ) ;
#3983 = CARTESIAN_POINT ( 'NONE',  ( -3.598920265546281100, -1.579894265190986400, -95.90880774196703800 ) ) ;
#3984 = CARTESIAN_POINT ( 'NONE',  ( -0.2003605797935595100, 1.809459859870980800, 0.0000000000000000000 ) ) ;
#3985 = CARTESIAN_POINT ( 'NONE',  ( 0.1212717854310145500, -1.986550559059989000, 99.82118079328773800 ) ) ;
#3986 = ORIENTED_EDGE ( 'NONE', *, *, #4944, .F. ) ;
#3987 = CARTESIAN_POINT ( 'NONE',  ( -5.401643454997826900, 2.056579181121865200, 0.0000000000000000000 ) ) ;
#3988 = CARTESIAN_POINT ( 'NONE',  ( -3.936494959300416600, -0.1933102078443929300, 70.34135006407326800 ) ) ;
#3989 = CARTESIAN_POINT ( 'NONE',  ( -5.714963024422827300, -2.551680122061100500, 91.60000000000003700 ) ) ;
#3990 = CARTESIAN_POINT ( 'NONE',  ( 7.797565394696129600, 2.077698650129524300, 65.00000000000002800 ) ) ;
#3991 = CARTESIAN_POINT ( 'NONE',  ( -5.211733259823773800, -2.892902860238163200, 1.773202749243130600 ) ) ;
#3992 = CARTESIAN_POINT ( 'NONE',  ( 7.636269092620366900, -3.320956970182019000, -91.59999999999999400 ) ) ;
#3993 = CARTESIAN_POINT ( 'NONE',  ( -6.566828066850008300, 1.601933981731048100, -81.04640833689943200 ) ) ;
#3994 = CARTESIAN_POINT ( 'NONE',  ( 5.406703507606513500, -0.2360741792325806400, 98.42039891338988900 ) ) ;
#3995 = CARTESIAN_POINT ( 'NONE',  ( 6.533663619888054400, 2.051772578565271400, 75.65236937956700600 ) ) ;
#3996 = CARTESIAN_POINT ( 'NONE',  ( 6.628866930184425900, 1.267003708484707000, 65.00000000000000000 ) ) ;
#3997 = CARTESIAN_POINT ( 'NONE',  ( 6.311228347479147500, -3.188020217679367300, -91.60000000000000900 ) ) ;
#3998 = CARTESIAN_POINT ( 'NONE',  ( 2.559063211936545700, -0.7875268178106076300, -78.32161502529864100 ) ) ;
#3999 = CARTESIAN_POINT ( 'NONE',  ( -6.180691586555612500, 1.550711455375574300, -80.95736896577535900 ) ) ;
#4000 = CARTESIAN_POINT ( 'NONE',  ( 7.326732501394746900, -3.439767515673693300, -91.93932359218244700 ) ) ;
#4001 = CARTESIAN_POINT ( 'NONE',  ( 3.457703102934874400, 3.253894066436547200, -35.00000000000000000 ) ) ;
#4002 = CARTESIAN_POINT ( 'NONE',  ( 3.401181651596549400, -2.475969392201541600, -4.331381501159379300 ) ) ;
#4003 = CARTESIAN_POINT ( 'NONE',  ( 0.4121948632603468200, 1.740782857215374100, -5.487717199499326300 ) ) ;
#4004 = CARTESIAN_POINT ( 'NONE',  ( -11.24457604585145100, -3.141862419420625900, 65.00000000000000000 ) ) ;
#4005 = DATE_AND_TIME ( #3303, #4859 ) ;
#4006 = CARTESIAN_POINT ( 'NONE',  ( -12.13614637825615400, -3.293025317545518000, 65.00000000000000000 ) ) ;
#4007 = CARTESIAN_POINT ( 'NONE',  ( 6.324231383865837900, -0.2844771172895041400, 91.59999999999995200 ) ) ;
#4008 = CARTESIAN_POINT ( 'NONE',  ( -5.483493206224590500, -3.165717355812586400, 0.4436115202936831700 ) ) ;
#4009 = EDGE_CURVE ( 'NONE', #5220, #2015, #5004, .T. ) ;
#4010 = ORIENTED_EDGE ( 'NONE', *, *, #4144, .T. ) ;
#4011 = CARTESIAN_POINT ( 'NONE',  ( 12.18331411520835100, -3.361373774031518400, -65.00000000000000000 ) ) ;
#4012 = CIRCLE ( 'NONE', #4018, 19.99999999999999600 ) ;
#4013 = CARTESIAN_POINT ( 'NONE',  ( -6.558299950605426300, 1.602582402431580700, -81.04526024875697500 ) ) ;
#4014 = CARTESIAN_POINT ( 'NONE',  ( 2.549476680035415400, 2.733200515065060900, 0.0000000000000000000 ) ) ;
#4015 = CARTESIAN_POINT ( 'NONE',  ( 6.906085064837651700, 3.245722201704868600, 65.00000000000000000 ) ) ;
#4016 = CARTESIAN_POINT ( 'NONE',  ( 0.7656771069192998000, 0.06747116242267377200, 79.50489109586611400 ) ) ;
#4017 = CARTESIAN_POINT ( 'NONE',  ( 7.679627717177846900, -3.433820798119975300, -91.59999999999999400 ) ) ;
#4018 = AXIS2_PLACEMENT_3D ( 'NONE', #3014, #3748, #4628 ) ;
#4019 = CARTESIAN_POINT ( 'NONE',  ( 2.676801123231022500, 0.2745489856260103800, -71.12887899841656700 ) ) ;
#4020 = CARTESIAN_POINT ( 'NONE',  ( -6.098403717417051300, 3.244279201044522900, -64.99999999999997200 ) ) ;
#4021 = CARTESIAN_POINT ( 'NONE',  ( -0.5693224952033819600, -1.122683895444421800, 5.477749966638972600 ) ) ;
#4022 = CARTESIAN_POINT ( 'NONE',  ( 13.33794258506136100, -3.498520748388761700, -23.02588622144453700 ) ) ;
#4023 = DIRECTION ( 'NONE',  ( 0.0000000000000000000, 0.0000000000000000000, -1.000000000000000000 ) ) ;
#4024 = CARTESIAN_POINT ( 'NONE',  ( 0.0000000000000000000, -3.926777784743245500, -2.500000000000000000 ) ) ;
#4025 = CARTESIAN_POINT ( 'NONE',  ( -4.808201524973177300, -0.5518715852301239200, 70.34480649329047700 ) ) ;
#4026 = CARTESIAN_POINT ( 'NONE',  ( -10.29321312890917600, -3.368789827932107400, 78.19864013613961600 ) ) ;
#4027 = CARTESIAN_POINT ( 'NONE',  ( 7.123426921110452200, 2.314653353606155300, 75.88976217538969100 ) ) ;
#4028 = CARTESIAN_POINT ( 'NONE',  ( 12.16630261225316200, -3.322234127128258100, -65.00000000000000000 ) ) ;
#4029 = CARTESIAN_POINT ( 'NONE',  ( -7.607612137029612100, 2.853296867367342700, -64.99999999999994300 ) ) ;
#4030 = CARTESIAN_POINT ( 'NONE',  ( -5.508302296235711100, -3.199822055969844900, 0.0000000000000000000 ) ) ;
#4031 = CARTESIAN_POINT ( 'NONE',  ( 6.475679606003765800, 2.114039807575883500, 75.72088057688313300 ) ) ;
#4032 = CARTESIAN_POINT ( 'NONE',  ( 6.501341741189143900, 0.3029796947992076700, 75.64840067936155800 ) ) ;
#4033 = CARTESIAN_POINT ( 'NONE',  ( 5.500000000000000000, -3.500000000000000000, -101.5999999999999900 ) ) ;
#4034 = CARTESIAN_POINT ( 'NONE',  ( 1.320178658592967300, -1.198832758001511700, -85.00460573217831900 ) ) ;
#4035 = CARTESIAN_POINT ( 'NONE',  ( -3.536850221109658000, 2.000024045857273800, -74.72757693756534500 ) ) ;
#4036 = CARTESIAN_POINT ( 'NONE',  ( -4.838430167212462300, -1.006750071235392100, -91.60000000000000900 ) ) ;
#4037 = CARTESIAN_POINT ( 'NONE',  ( -6.735557395310442000E-016, 3.500000000000000000, -5.500000000000000000 ) ) ;
#4038 = CARTESIAN_POINT ( 'NONE',  ( 4.997049666523097700, -21.89768038953364400, 35.00000000000000000 ) ) ;
#4039 = CARTESIAN_POINT ( 'NONE',  ( 5.499854576771783200, -3.242047998893700100, -0.04071030436381234400 ) ) ;
#4040 = CARTESIAN_POINT ( 'NONE',  ( -3.713036499837402800, -1.936278057290624400, 84.95734815647485000 ) ) ;
#4041 = CARTESIAN_POINT ( 'NONE',  ( -12.15147496936277300, -3.305046149004432700, 65.00000000000000000 ) ) ;
#4042 = ORIENTED_EDGE ( 'NONE', *, *, #186, .T. ) ;
#4043 = CARTESIAN_POINT ( 'NONE',  ( 6.721499208812427500, 0.4678324047076254400, 86.34477564498041600 ) ) ;
#4044 = VERTEX_POINT ( 'NONE', #3640 ) ;
#4045 = CARTESIAN_POINT ( 'NONE',  ( -2.820352840402538000, -0.6606301824433897800, 4.738356817849393100 ) ) ;
#4046 = CARTESIAN_POINT ( 'NONE',  ( 8.970493857858748800, -3.388451212429430400, -84.90361540284905600 ) ) ;
#4047 = ORIENTED_EDGE ( 'NONE', *, *, #2226, .F. ) ;
#4048 = B_SPLINE_CURVE_WITH_KNOTS ( 'NONE', 5,
 ( #1083, #710, #2774, #672, #2342, #3558 ),
 .UNSPECIFIED., .F., .F.,
 ( 6, 6 ),
 ( 0.0000000000000000000, 1.000000000000000000 ),
 .UNSPECIFIED. ) ;
#4049 = CARTESIAN_POINT ( 'NONE',  ( -7.149127205275364700, 2.630397576339726500, -70.40340130753477900 ) ) ;
#4050 = CARTESIAN_POINT ( 'NONE',  ( -1.411435737789017700, 0.4430318702753954800, 0.0000000000000000000 ) ) ;
#4051 = CARTESIAN_POINT ( 'NONE',  ( 3.920889111771626900, 2.021256488415351400, 74.86876329537159300 ) ) ;
#4052 = CARTESIAN_POINT ( 'NONE',  ( 6.127189547959753600, -0.1164050099558741300, 80.96165494154139700 ) ) ;
#4053 = ORIENTED_EDGE ( 'NONE', *, *, #3424, .F. ) ;
#4054 = CARTESIAN_POINT ( 'NONE',  ( 0.07395546124651723700, -1.862147600767278800, -93.61623552985697900 ) ) ;
#4055 = CARTESIAN_POINT ( 'NONE',  ( 2.496717035533822400, -0.7651307537329781200, -78.34413895884648600 ) ) ;
#4056 = CARTESIAN_POINT ( 'NONE',  ( -4.267398702843086000, 3.137589174562621000, -65.00000000000000000 ) ) ;
#4057 = CARTESIAN_POINT ( 'NONE',  ( 5.209195556452081100, 2.450857846071467600, 1.784279507520499600 ) ) ;
#4058 = CARTESIAN_POINT ( 'NONE',  ( 4.228062368382893500, -2.908887779592605600, -3.529686771089948700 ) ) ;
#4059 = VERTEX_POINT ( 'NONE', #1941 ) ;
#4060 = DIRECTION ( 'NONE',  ( 0.0000000000000000000, 0.0000000000000000000, -1.000000000000000000 ) ) ;
#4061 = CARTESIAN_POINT ( 'NONE',  ( -7.312499999999927200, 5.500000000000001800, -24.87452441242750800 ) ) ;
#4062 = CARTESIAN_POINT ( 'NONE',  ( -12.09983006959245000, -3.358842818403903000, 67.55846129354672800 ) ) ;
#4063 = CARTESIAN_POINT ( 'NONE',  ( 6.324820352809604500, -0.2677931760928932100, 91.59999999999998000 ) ) ;
#4064 = CARTESIAN_POINT ( 'NONE',  ( -7.372996205761786800, 1.424194123582270400, -65.00000000000000000 ) ) ;
#4065 = DIRECTION ( 'NONE',  ( 0.0000000000000000000, 0.0000000000000000000, 1.000000000000000000 ) ) ;
#4066 = CARTESIAN_POINT ( 'NONE',  ( 10.24611048990721700, -3.443039919709836500, -78.22958386454317300 ) ) ;
#4067 = CARTESIAN_POINT ( 'NONE',  ( -0.2134503257450141900, 1.498654073772275800, 11.18764369610210900 ) ) ;
#4068 = CARTESIAN_POINT ( 'NONE',  ( 5.565241188974642500, 0.4999379630442487000, 91.59999999999999400 ) ) ;
#4069 = CARTESIAN_POINT ( 'NONE',  ( 6.669093212727449100, 1.260317873735159700, 64.99999999999998600 ) ) ;
#4070 = CARTESIAN_POINT ( 'NONE',  ( -0.1212717854310145500, -1.986550559059989000, -99.82118079328773800 ) ) ;
#4071 = CARTESIAN_POINT ( 'NONE',  ( 2.110753363627321500, 0.7745193499756066700, -65.00000000000001400 ) ) ;
#4072 = CARTESIAN_POINT ( 'NONE',  ( -1.483892001915322100, 0.03404023510690354400, -91.59999999999996600 ) ) ;
#4073 = ORIENTED_EDGE ( 'NONE', *, *, #85, .F. ) ;
#4074 = CARTESIAN_POINT ( 'NONE',  ( -13.38622377657985900, -3.274055437160718500, 35.00000000000000000 ) ) ;
#4075 = FACE_OUTER_BOUND ( 'NONE', #3172, .T. ) ;
#4076 = CARTESIAN_POINT ( 'NONE',  ( 0.6909348014149893100, 1.490972618346815900, -5.457228716751601800 ) ) ;
#4077 = PLANE ( 'NONE',  #3327 ) ;
#4078 = CARTESIAN_POINT ( 'NONE',  ( -7.668644126947210500, -3.365967493056134100, 91.60000000000000900 ) ) ;
#4079 = CARTESIAN_POINT ( 'NONE',  ( 6.904354598862813200, 2.396899441540767400, 75.87102676846659200 ) ) ;
#4080 = CARTESIAN_POINT ( 'NONE',  ( -3.275973055709789300, -2.206130419742017500, 97.62043125803933200 ) ) ;
#4081 = EDGE_CURVE ( 'NONE', #690, #4755, #3325, .T. ) ;
#4082 = CARTESIAN_POINT ( 'NONE',  ( -7.400124871484538700, 1.443237217222281600, -65.00000000000000000 ) ) ;
#4083 = CARTESIAN_POINT ( 'NONE',  ( 12.06962107777203000, -3.426772632153663300, -67.57365813640650700 ) ) ;
#4084 = CARTESIAN_POINT ( 'NONE',  ( -9.919199284694100200, -0.7419513609521681800, 22.98579453260733600 ) ) ;
#4085 = CARTESIAN_POINT ( 'NONE',  ( 5.291535515864023200, 1.549908688011877500, 80.82057983664462600 ) ) ;
#4086 = CARTESIAN_POINT ( 'NONE',  ( 5.965416102092135000, -0.5601120408624316000, 86.28854234349042000 ) ) ;
#4087 = CARTESIAN_POINT ( 'NONE',  ( -0.9576719399753763600, -1.408451403349630900, -91.60000000000013600 ) ) ;
#4088 = CARTESIAN_POINT ( 'NONE',  ( 1.332950515941026400, 0.8257623464292911400, -68.47455797756634900 ) ) ;
#4089 = CARTESIAN_POINT ( 'NONE',  ( -2.043407386291204600, 0.7350091117518754400, -85.72938925496504200 ) ) ;
#4090 = CARTESIAN_POINT ( 'NONE',  ( 7.312499999999927200, 5.500000000000001800, 24.87452441242750800 ) ) ;
#4091 = CARTESIAN_POINT ( 'NONE',  ( -0.4861509506967343100, 2.597976161845658700, 44.21765596549889900 ) ) ;
#4092 = CARTESIAN_POINT ( 'NONE',  ( 9.656521415243194200, -0.5501074020983604000, -34.99999999999999300 ) ) ;
#4093 = CARTESIAN_POINT ( 'NONE',  ( -12.08092138632699500, -3.416752760299575500, 67.56774484972237400 ) ) ;
#4094 = CARTESIAN_POINT ( 'NONE',  ( 7.697490431060526100, 2.174318355896260000, 70.44934976443546800 ) ) ;
#4095 = CARTESIAN_POINT ( 'NONE',  ( -7.622467142886963000, 1.147751311632570400, -75.83960237896566500 ) ) ;
#4096 = CARTESIAN_POINT ( 'NONE',  ( 12.05751920069534400, -3.435015512788734500, -67.58262815693024100 ) ) ;
#4097 = CARTESIAN_POINT ( 'NONE',  ( -5.314347337308381800, -3.451720834566145000, 23.95630204710258600 ) ) ;
#4098 = CARTESIAN_POINT ( 'NONE',  ( 6.678127795163009100, 2.650530485186439300, 70.31721038716362700 ) ) ;
#4099 = CARTESIAN_POINT ( 'NONE',  ( 5.598848311463045000, -0.9996278661613914300, 91.59999999999996600 ) ) ;
#4100 = CARTESIAN_POINT ( 'NONE',  ( 5.500000000000000000, -3.500000000000000000, -101.5999999999999900 ) ) ;
#4101 = ORIENTED_EDGE ( 'NONE', *, *, #3158, .F. ) ;
#4102 = CARTESIAN_POINT ( 'NONE',  ( 1.177971866286647000, 0.6202680958717926600, -79.07801269933075600 ) ) ;
#4103 = CARTESIAN_POINT ( 'NONE',  ( 6.131833922525300900, -3.143299764326104000, -91.60000000000003700 ) ) ;
#4104 = CARTESIAN_POINT ( 'NONE',  ( 13.26915514171067500, -3.492244288815582900, -35.00000000000000000 ) ) ;
#4105 = CARTESIAN_POINT ( 'NONE',  ( 8.162881740689112300, 5.209115622387726000, 45.04888591020164100 ) ) ;
#4106 = EDGE_LOOP ( 'NONE', ( #4839, #794, #3277, #3488, #1620, #1227, #1880, #4953, #3150, #854 ) ) ;
#4107 = CARTESIAN_POINT ( 'NONE',  ( 8.175361925316210000, -0.3040165626875691600, -53.62657717631147800 ) ) ;
#4108 = EDGE_CURVE ( 'NONE', #2320, #5064, #657, .T. ) ;
#4109 = CARTESIAN_POINT ( 'NONE',  ( -10.32062157405203400, -1.831970258777327700, 35.00000000000000000 ) ) ;
#4110 = CARTESIAN_POINT ( 'NONE',  ( -12.18473959849176300, -3.369235279843554800, 65.00000000000000000 ) ) ;
#4111 = CARTESIAN_POINT ( 'NONE',  ( 7.804056259504495300, 2.119271928480658000, 65.00000000000002800 ) ) ;
#4112 = CARTESIAN_POINT ( 'NONE',  ( -3.109052673197406900, -1.623752969793905500, 92.73665145521403000 ) ) ;
#4113 = CARTESIAN_POINT ( 'NONE',  ( 12.15017336965970600, -3.470426151217923700, -65.00000000000001400 ) ) ;
#4114 = CARTESIAN_POINT ( 'NONE',  ( -5.216487792279433900, -3.431835659856597800, 0.0000000000000000000 ) ) ;
#4115 = CARTESIAN_POINT ( 'NONE',  ( 6.184140123059984600, 1.552308680257471000, 80.95884489512198500 ) ) ;
#4116 = CARTESIAN_POINT ( 'NONE',  ( 7.056807788922984800, 0.8245374824465325800, 70.36466363231689100 ) ) ;
#4117 =( NAMED_UNIT ( * ) PLANE_ANGLE_UNIT ( ) SI_UNIT ( $, .RADIAN. ) );
#4118 = CARTESIAN_POINT ( 'NONE',  ( 2.079581737215527900, -0.3743904918860281900, -85.03606551880545800 ) ) ;
#4119 = CARTESIAN_POINT ( 'NONE',  ( 9.582646131356030500, -2.489814680665105100, -67.67617192440614800 ) ) ;
#4120 = CARTESIAN_POINT ( 'NONE',  ( 0.06692549524274162000, -0.5607342222052168500, 94.25483705900106200 ) ) ;
#4121 = CARTESIAN_POINT ( 'NONE',  ( -12.13067544833451100, -3.289742675707854500, 65.00000000000000000 ) ) ;
#4122 = CARTESIAN_POINT ( 'NONE',  ( 3.324780642578197400, 3.033451537194835600, 4.406364451191202600 ) ) ;
#4123 = CARTESIAN_POINT ( 'NONE',  ( 4.888944653252027100, 2.662847721955357500, -44.17831464003693000 ) ) ;
#4124 = CARTESIAN_POINT ( 'NONE',  ( 0.0000000000000000000, -3.926777784743245500, 0.0000000000000000000 ) ) ;
#4125 = CARTESIAN_POINT ( 'NONE',  ( -12.17636788237071800, -3.340941518501682000, 65.00000000000000000 ) ) ;
#4126 = CARTESIAN_POINT ( 'NONE',  ( 7.238187635783588400, 2.605121839420653900, 70.41436996283179900 ) ) ;
#4127 = CARTESIAN_POINT ( 'NONE',  ( -5.500000000000000000, -3.500000000000000000, 101.5999999999999900 ) ) ;
#4128 = CARTESIAN_POINT ( 'NONE',  ( 8.922170796106678700, -3.478510246068841700, -84.93913517184272200 ) ) ;
#4129 = CIRCLE ( 'NONE', #3016, 5.500000000000000000 ) ;
#4130 = CARTESIAN_POINT ( 'NONE',  ( -0.4026784294472274300, 2.391435753179474800, 64.99999999999992900 ) ) ;
#4131 = CARTESIAN_POINT ( 'NONE',  ( 3.715179289494559400, 2.549814596867514500, 69.86370928420419100 ) ) ;
#4132 = CARTESIAN_POINT ( 'NONE',  ( 6.866745704602823100, 1.250291916817489700, 64.99999999999998600 ) ) ;
#4133 = CARTESIAN_POINT ( 'NONE',  ( -7.408507895377482600, 1.013750431886375900, -70.39614203047735000 ) ) ;
#4134 = VECTOR ( 'NONE', #26, 1000.000000000000000 ) ;
#4135 = CARTESIAN_POINT ( 'NONE',  ( 5.597548834828257800, 0.1519597771718472500, -67.83213103761090700 ) ) ;
#4136 = CARTESIAN_POINT ( 'NONE',  ( 10.34781850454924700, -2.821033886147007200, -67.67645663504215700 ) ) ;
#4137 = CARTESIAN_POINT ( 'NONE',  ( -7.275424440632773900, 0.5375576309081008300, -75.75597131325396600 ) ) ;
#4138 = CARTESIAN_POINT ( 'NONE',  ( 5.500000000000000000, -3.500000000000000000, -101.5999999999999900 ) ) ;
#4139 = CARTESIAN_POINT ( 'NONE',  ( 8.092664131300974600, 2.735701323569667700, 55.02815715864551300 ) ) ;
#4140 = CARTESIAN_POINT ( 'NONE',  ( 13.29785949944605300, -3.502856202887451300, -35.00000000000000000 ) ) ;
#4141 = CARTESIAN_POINT ( 'NONE',  ( -8.968147686887594000, -3.403654418518375000, 84.90682906820326500 ) ) ;
#4142 = CARTESIAN_POINT ( 'NONE',  ( 6.338077636417046400, 0.9384436906602012800, 86.32320416844984800 ) ) ;
#4143 = CARTESIAN_POINT ( 'NONE',  ( 0.0000000000000000000, -3.500000000000000000, -5.500000000000000000 ) ) ;
#4144 = EDGE_CURVE ( 'NONE', #3466, #503, #3806, .T. ) ;
#4145 = CARTESIAN_POINT ( 'NONE',  ( 11.89307395511917400, -3.469786775825646000, -70.30054656601929300 ) ) ;
#4146 = CARTESIAN_POINT ( 'NONE',  ( 5.500005099422955000, 1.492001305332441700, 0.0000000000000000000 ) ) ;
#4147 = CARTESIAN_POINT ( 'NONE',  ( 2.381598981261954700, 1.919710567582341600, 74.28240470174210900 ) ) ;
#4148 = CARTESIAN_POINT ( 'NONE',  ( 7.327963758570162700, 1.394970038538826400, 65.00000000000000000 ) ) ;
#4149 = CARTESIAN_POINT ( 'NONE',  ( -7.473498997492115800, 1.074995622217624200, -70.40270111377668600 ) ) ;
#4150 = CARTESIAN_POINT ( 'NONE',  ( 4.461421170145278800, -0.5922802570593296300, -78.35014774712657000 ) ) ;
#4151 = CARTESIAN_POINT ( 'NONE',  ( 4.882457373097620000, -1.623747630943249000, -78.31469631294959300 ) ) ;
#4152 = CARTESIAN_POINT ( 'NONE',  ( -0.2973685380884908400, -1.796070606107766000, 99.96752272332165000 ) ) ;
#4153 = CARTESIAN_POINT ( 'NONE',  ( 5.500000000000000000, -3.500000000000000000, -101.5999999999999900 ) ) ;
#4154 = CARTESIAN_POINT ( 'NONE',  ( 7.754760987370175900, 5.447362335066740600, 34.99999999999999300 ) ) ;
#4155 = CARTESIAN_POINT ( 'NONE',  ( 0.9977608108123169300, 4.286552377158776600, -44.89581496232038700 ) ) ;
#4156 = CARTESIAN_POINT ( 'NONE',  ( 5.466157640471617000, 1.095957696284068000, 5.385918619472200000 ) ) ;
#4157 = CARTESIAN_POINT ( 'NONE',  ( -4.905262923823018500, -0.09214121221553189800, -98.33504544664333500 ) ) ;
#4158 = CARTESIAN_POINT ( 'NONE',  ( 6.498602511060180800, 2.254964449777561600, 75.78649749540453200 ) ) ;
#4159 = CARTESIAN_POINT ( 'NONE',  ( -7.575125411725758300, -3.503091601416670600, 91.59999999999998000 ) ) ;
#4160 = CARTESIAN_POINT ( 'NONE',  ( 11.99522973029014100, -3.490438158462971800, -67.65408906791071800 ) ) ;
#4161 = LINE ( 'NONE', #4189, #2414 ) ;
#4162 = CARTESIAN_POINT ( 'NONE',  ( 1.137221937100307800, -0.04459202387191412600, 91.59999999999996600 ) ) ;
#4163 = CARTESIAN_POINT ( 'NONE',  ( 6.790666266457096300, 0.03522893541720115800, 81.02441667708906400 ) ) ;
#4164 = CARTESIAN_POINT ( 'NONE',  ( 3.243725878551087400, -0.07588453309606539600, -78.54072908368480900 ) ) ;
#4165 = CARTESIAN_POINT ( 'NONE',  ( -6.320151960343235200, -0.3363764229656812700, -91.59999999999992300 ) ) ;
#4166 = CARTESIAN_POINT ( 'NONE',  ( -7.549495560061596500, -3.282207010196621000, 91.59999999999998000 ) ) ;
#4167 = CARTESIAN_POINT ( 'NONE',  ( 6.751226088784453500, -3.297705334542096800, -91.59999999999999400 ) ) ;
#4168 = CARTESIAN_POINT ( 'NONE',  ( 7.516785843900743600, 4.310138884025779000, 55.01946298645856400 ) ) ;
#4169 = VERTEX_POINT ( 'NONE', #1993 ) ;
#4170 = DIRECTION ( 'NONE',  ( 0.0000000000000000000, 0.0000000000000000000, 1.000000000000000000 ) ) ;
#4171 = EDGE_CURVE ( 'NONE', #1938, #86, #2465, .T. ) ;
#4172 = CARTESIAN_POINT ( 'NONE',  ( 4.438290311729540200, 2.735737333946335300, 0.0000000000000000000 ) ) ;
#4173 = CARTESIAN_POINT ( 'NONE',  ( -6.305069922533955500, 0.9533991430456355600, -86.32064254446221700 ) ) ;
#4174 = DIRECTION ( 'NONE',  ( 0.0000000000000000000, 1.000000000000000000, 0.0000000000000000000 ) ) ;
#4175 = CARTESIAN_POINT ( 'NONE',  ( 6.094890187543912300, 0.2891808736517198500, 91.60000000000026400 ) ) ;
#4176 = CARTESIAN_POINT ( 'NONE',  ( -5.500000000000000000, -3.500000000000000000, 101.5999999999999900 ) ) ;
#4177 = ORIENTED_EDGE ( 'NONE', *, *, #1234, .F. ) ;
#4178 = DIRECTION ( 'NONE',  ( 0.0000000000000000000, -1.000000000000000000, 0.0000000000000000000 ) ) ;
#4179 = DIRECTION ( 'NONE',  ( -1.000000000000000000, 0.0000000000000000000, 0.0000000000000000000 ) ) ;
#4180 = CARTESIAN_POINT ( 'NONE',  ( -1.742262568857854600, 1.221658706743933300, 72.37997313043105400 ) ) ;
#4181 = CARTESIAN_POINT ( 'NONE',  ( 6.801937955714072900, 0.7780832919103667400, 70.34403245519907000 ) ) ;
#4182 = CARTESIAN_POINT ( 'NONE',  ( -0.7881091844902099500, -0.1319369204841387100, -91.59999999999998000 ) ) ;
#4183 = CARTESIAN_POINT ( 'NONE',  ( -7.794194789452899600, 2.059445417220787900, -65.00000000000002800 ) ) ;
#4184 = CARTESIAN_POINT ( 'NONE',  ( -7.402019915310493300, -3.261640489513562900, 91.93887023107065200 ) ) ;
#4185 = CARTESIAN_POINT ( 'NONE',  ( -1.542036801856625100, -1.266569315274540500, 84.96080751264931100 ) ) ;
#4186 = DIRECTION ( 'NONE',  ( 0.0000000000000000000, 0.0000000000000000000, -1.000000000000000000 ) ) ;
#4187 = CARTESIAN_POINT ( 'NONE',  ( -4.388601888445580600, 0.3804868997340238900, -3.320435381050861800 ) ) ;
#4188 = ORIENTED_EDGE ( 'NONE', *, *, #4234, .F. ) ;
#4189 = CARTESIAN_POINT ( 'NONE',  ( 3.061616997868383100E-016, -3.926777784743245500, -2.500000000000000000 ) ) ;
#4190 = CARTESIAN_POINT ( 'NONE',  ( -6.225357527135473700, 0.9830035291979860600, -86.31403820538874100 ) ) ;
#4191 = CARTESIAN_POINT ( 'NONE',  ( 6.594572603324483100, 1.599067535561754500, 81.05002487730527600 ) ) ;
#4192 = CIRCLE ( 'NONE', #3942, 26.61747082298127500 ) ;
#4193 = CARTESIAN_POINT ( 'NONE',  ( -7.549495560061596500, -3.282207010196621000, 91.59999999999998000 ) ) ;
#4194 = CARTESIAN_POINT ( 'NONE',  ( 10.19454687923737000, -3.490452179159827300, -78.29408906791071800 ) ) ;
#4195 = CARTESIAN_POINT ( 'NONE',  ( -12.68310727074662300, -3.502888593200705900, 52.50191092872521600 ) ) ;
#4196 = CARTESIAN_POINT ( 'NONE',  ( -1.980172097870913200, 0.3747652898241332600, 78.85116085546610500 ) ) ;
#4197 = CARTESIAN_POINT ( 'NONE',  ( 7.366646933060542000, 1.419910318880267800, 65.00000000000000000 ) ) ;
#4198 = CARTESIAN_POINT ( 'NONE',  ( 5.440761036159545800, -1.047841116697492100, -78.26987361524264500 ) ) ;
#4199 = CARTESIAN_POINT ( 'NONE',  ( -7.795588306342452300, 2.066738329282708200, -65.00000000000002800 ) ) ;
#4200 = CARTESIAN_POINT ( 'NONE',  ( -5.500000000000000000, -3.500000000000000000, 101.5999999999999900 ) ) ;
#4201 = CARTESIAN_POINT ( 'NONE',  ( -1.530650797925568600, -1.263049226414871800, 84.96306089290877100 ) ) ;
#4202 = CARTESIAN_POINT ( 'NONE',  ( -0.1623420578244355900, -1.834828462090690900, 99.99050645971205100 ) ) ;
#4203 = CARTESIAN_POINT ( 'NONE',  ( 0.4861509506967343100, 2.597976161845658700, -34.99999999999999300 ) ) ;
#4204 = CARTESIAN_POINT ( 'NONE',  ( -7.378274924456011500, 3.073528924094794100, -64.99999999999997200 ) ) ;
#4205 = CARTESIAN_POINT ( 'NONE',  ( -5.417448236387047100, -2.482231842833345400, 92.14071003057451000 ) ) ;
#4206 = AXIS2_PLACEMENT_3D ( 'NONE', #4886, #5299, #4065 ) ;
#4207 = CARTESIAN_POINT ( 'NONE',  ( 11.95262711332264700, -3.501695169439779800, -67.66777135554414700 ) ) ;
#4208 = CARTESIAN_POINT ( 'NONE',  ( -5.845549628002840100, -0.5570646902255138600, -86.28024563583517200 ) ) ;
#4209 = CARTESIAN_POINT ( 'NONE',  ( -9.008502633510493900, -0.8463118392531696600, 53.34520522423023400 ) ) ;
#4210 = CARTESIAN_POINT ( 'NONE',  ( -3.124467573015603100, -0.7987444083604793300, 84.96125572851787000 ) ) ;
#4211 = CARTESIAN_POINT ( 'NONE',  ( 7.542596220237639300, 1.151491801500090800, 70.40997535485749400 ) ) ;
#4212 = CARTESIAN_POINT ( 'NONE',  ( -10.25285938673788500, -3.439913492765378500, 78.22262815693025600 ) ) ;
#4213 = CARTESIAN_POINT ( 'NONE',  ( 5.199977798198320400, -0.9364358007925448500, -78.28633856719344000 ) ) ;
#4214 = CARTESIAN_POINT ( 'NONE',  ( -7.776443737658842900, 1.983534977106965900, -65.00000000000004300 ) ) ;
#4215 = CARTESIAN_POINT ( 'NONE',  ( -5.458724118193523500, -2.991115921416672900, 96.87035501528724500 ) ) ;
#4216 = CARTESIAN_POINT ( 'NONE',  ( -4.457987939276669000, 2.912209220752040900, -3.229671620721552100 ) ) ;
#4217 = ORIENTED_EDGE ( 'NONE', *, *, #2592, .T. ) ;
#4218 = CIRCLE ( 'NONE', #3496, 0.9999999999999991100 ) ;
#4219 = CARTESIAN_POINT ( 'NONE',  ( -6.753995649606591400, 1.243073357919904900, -65.00000000000000000 ) ) ;
#4220 = CARTESIAN_POINT ( 'NONE',  ( -6.084212855873268200, 0.2992914682499146500, -91.60000000000027900 ) ) ;
#4221 = CARTESIAN_POINT ( 'NONE',  ( 1.125666951756208300, -1.798190371432724100, -99.13166649291886800 ) ) ;
#4222 = VERTEX_POINT ( 'NONE', #1217 ) ;
#4223 = CARTESIAN_POINT ( 'NONE',  ( -5.500000000000000000, -3.500000000000000000, 101.5999999999999900 ) ) ;
#4224 = ORIENTED_EDGE ( 'NONE', *, *, #4267, .F. ) ;
#4225 = CARTESIAN_POINT ( 'NONE',  ( -5.090944714959140200, -0.4694860310435334800, -86.20699973526377800 ) ) ;
#4226 = CARTESIAN_POINT ( 'NONE',  ( -9.656521415243194200, -0.5501074020983604000, 41.69041044846055400 ) ) ;
#4227 = CARTESIAN_POINT ( 'NONE',  ( -4.969809633408057300, 0.1977891055578922300, 70.90586465312273400 ) ) ;
#4228 = CARTESIAN_POINT ( 'NONE',  ( 7.622467142886963000, 1.147751311632570400, 75.83960237896566500 ) ) ;
#4229 = CARTESIAN_POINT ( 'NONE',  ( -8.922170796106678700, -3.478510246068841700, 84.93913517184272200 ) ) ;
#4230 = CARTESIAN_POINT ( 'NONE',  ( 4.736484092474752200, -0.7191017572940284800, -78.32251145703573100 ) ) ;
#4231 = CARTESIAN_POINT ( 'NONE',  ( -6.748999746473630000, 0.3257734667235619400, -86.34463719431541100 ) ) ;
#4232 = CARTESIAN_POINT ( 'NONE',  ( -7.477895013888527800, -3.478853459834970500, 91.59999999999998000 ) ) ;
#4233 = DIRECTION ( 'NONE',  ( 0.0000000000000000000, 0.0000000000000000000, 1.000000000000000000 ) ) ;
#4234 = EDGE_CURVE ( 'NONE', #1556, #2076, #4524, .T. ) ;
#4235 = EDGE_LOOP ( 'NONE', ( #1731, #4299 ) ) ;
#4236 = CARTESIAN_POINT ( 'NONE',  ( -8.597266801069935100, 4.308727309818356900, -34.99999999999995000 ) ) ;
#4237 = CARTESIAN_POINT ( 'NONE',  ( -6.471972684724759600, 2.164913676540974700, -75.74847266839776700 ) ) ;
#4238 = CARTESIAN_POINT ( 'NONE',  ( 7.679627717177846900, -3.433820798119975300, -91.59999999999999400 ) ) ;
#4239 = CARTESIAN_POINT ( 'NONE',  ( -6.894561680724578400, -3.333436838767325700, 91.59999999999999400 ) ) ;
#4240 = CARTESIAN_POINT ( 'NONE',  ( 6.102691817818850100, 0.5430812962098321400, -23.24749349164519400 ) ) ;
#4241 = CARTESIAN_POINT ( 'NONE',  ( 0.5539239101922386300, 0.8210079288703429100, -72.41915125447540900 ) ) ;
#4242 = CARTESIAN_POINT ( 'NONE',  ( 5.438276703645452200, 1.065356815629277000, 0.8395466967214205700 ) ) ;
#4243 = CARTESIAN_POINT ( 'NONE',  ( -4.386504892554291300, 0.4227497619459305600, 71.13854973613990800 ) ) ;
#4244 = CARTESIAN_POINT ( 'NONE',  ( 7.631755103491073600, 1.186123482563021400, 75.84348695971333100 ) ) ;
#4245 = CARTESIAN_POINT ( 'NONE',  ( -12.10247170129589900, -3.496575226439445000, 65.00000000000000000 ) ) ;
#4246 = LINE ( 'NONE', #1695, #3868 ) ;
#4247 = CARTESIAN_POINT ( 'NONE',  ( 3.322983937942265900, -0.8851522939072213900, -84.95295925144915800 ) ) ;
#4248 = CARTESIAN_POINT ( 'NONE',  ( -7.808800537980612700, 2.377205253589175900, -64.99999999999997200 ) ) ;
#4249 = CARTESIAN_POINT ( 'NONE',  ( 3.808055623892455000, -1.051725551664988200, 91.60000000000012200 ) ) ;
#4250 = CARTESIAN_POINT ( 'NONE',  ( -3.182170006955480400, 0.2445196036921183400, 67.92103883184871900 ) ) ;
#4251 = CIRCLE ( 'NONE', #4985, 2.500000000000000000 ) ;
#4252 = CARTESIAN_POINT ( 'NONE',  ( -3.675057738030871300, 2.396261171291823400, -54.88653246951085400 ) ) ;
#4253 = CARTESIAN_POINT ( 'NONE',  ( -6.734892422651513200, 2.650191370069476400, -70.32952931684940300 ) ) ;
#4254 = CARTESIAN_POINT ( 'NONE',  ( 5.500000000000000000, -3.500000000000000000, -101.5999999999999900 ) ) ;
#4255 = CARTESIAN_POINT ( 'NONE',  ( -0.07395546124651723700, -1.862147600767278800, 93.61623552985697900 ) ) ;
#4256 = DIRECTION ( 'NONE',  ( 0.0000000000000000000, 0.0000000000000000000, -1.000000000000000000 ) ) ;
#4257 = CARTESIAN_POINT ( 'NONE',  ( -5.583053696079408800, 1.466939564186818800, -64.99999999999998600 ) ) ;
#4258 = CARTESIAN_POINT ( 'NONE',  ( -6.064525087124903500, 0.1650945292786877300, 65.00000000000000000 ) ) ;
#4259 = CARTESIAN_POINT ( 'NONE',  ( -6.040149985665302700, -0.2614064926106425300, 70.55424436417233400 ) ) ;
#4260 = B_SPLINE_CURVE_WITH_KNOTS ( 'NONE', 3,
 ( #4167, #1757, #76, #2995 ),
 .UNSPECIFIED., .F., .F.,
 ( 4, 4 ),
 ( 0.0000000000000000000, 1.000000000000000000 ),
 .UNSPECIFIED. ) ;
#4261 = CARTESIAN_POINT ( 'NONE',  ( 6.566038001805951700, -0.2499289414310919000, 86.32731500707956200 ) ) ;
#4262 = CARTESIAN_POINT ( 'NONE',  ( -7.658569403120310400, -3.454159413723937500, 91.60000000000005100 ) ) ;
#4263 = CARTESIAN_POINT ( 'NONE',  ( 4.942852099057882100, -0.8161771004039448700, -78.30591850289833600 ) ) ;
#4264 = CARTESIAN_POINT ( 'NONE',  ( -6.324820352809604500, -0.2677931760928932100, -91.59999999999998000 ) ) ;
#4265 = CARTESIAN_POINT ( 'NONE',  ( -6.195010293770467400, -3.424981596098041000, 96.77619747656956400 ) ) ;
#4266 = CARTESIAN_POINT ( 'NONE',  ( 7.593376585807272100, 2.871649872416140300, 64.99999999999997200 ) ) ;
#4267 = EDGE_CURVE ( 'NONE', #4360, #47, #4314, .T. ) ;
#4268 = CARTESIAN_POINT ( 'NONE',  ( -0.3250152331423030200, -1.696683859300798900, 91.59999999999998000 ) ) ;
#4269 = CARTESIAN_POINT ( 'NONE',  ( 6.053224935138692000, -3.219023498586314000, -96.79169207297772500 ) ) ;
#4270 = CARTESIAN_POINT ( 'NONE',  ( 9.127063101341201800, -1.755202108929919000, -53.15101810504420900 ) ) ;
#4271 = CARTESIAN_POINT ( 'NONE',  ( -5.638138943575417400, 0.4974768202577069500, -91.60000000000000900 ) ) ;
#4272 = CARTESIAN_POINT ( 'NONE',  ( 7.477895013888527800, -3.478853459834970500, -91.59999999999998000 ) ) ;
#4273 = CARTESIAN_POINT ( 'NONE',  ( -0.05052419252702244200, -1.627316599414467600, 91.59999999999998000 ) ) ;
#4274 = AXIS2_PLACEMENT_3D ( 'NONE', #2377, #4452, #1179 ) ;
#4275 = CARTESIAN_POINT ( 'NONE',  ( 11.96426923553686100, -2.757483048195332300, -35.00000000000000700 ) ) ;
#4276 = CARTESIAN_POINT ( 'NONE',  ( -6.548578059136613800, 0.7899767677737457000, -70.32165494154138200 ) ) ;
#4277 = CARTESIAN_POINT ( 'NONE',  ( -12.04282393643056700, -3.495300514531105100, 65.00000000000000000 ) ) ;
#4278 = CARTESIAN_POINT ( 'NONE',  ( -1.364756808452586100, -0.8210243847211671200, 91.60000000000000900 ) ) ;
#4279 = CARTESIAN_POINT ( 'NONE',  ( 7.759425204335078900, 1.558134605271621400, 70.43707583891975300 ) ) ;
#4280 = CARTESIAN_POINT ( 'NONE',  ( -12.16160680492496500, -3.458145386200543100, 65.00000000000001400 ) ) ;
#4281 = CARTESIAN_POINT ( 'NONE',  ( -7.519135314590424300, 1.123366664772955200, -70.40745010915628700 ) ) ;
#4282 = ORIENTED_EDGE ( 'NONE', *, *, #466, .F. ) ;
#4283 = CARTESIAN_POINT ( 'NONE',  ( 3.794461570183167900, -1.786919659182252300, -91.60000000000002300 ) ) ;
#4284 = CARTESIAN_POINT ( 'NONE',  ( -7.802706564120370600, 2.109461425837337400, -65.00000000000002800 ) ) ;
#4285 = CARTESIAN_POINT ( 'NONE',  ( -5.500000000000000000, -3.500000000000000000, 101.5999999999999900 ) ) ;
#4286 = CARTESIAN_POINT ( 'NONE',  ( 6.529976809862549900, 1.603778474662447700, 81.04128508892414100 ) ) ;
#4287 = CARTESIAN_POINT ( 'NONE',  ( -3.529006834819595500, -0.03752655080310460900, 70.60128852799923000 ) ) ;
#4288 = CARTESIAN_POINT ( 'NONE',  ( 6.238954782079200200, -3.292736285078665200, -96.77848573177931300 ) ) ;
#4289 = ORIENTED_EDGE ( 'NONE', *, *, #3357, .F. ) ;
#4290 = CARTESIAN_POINT ( 'NONE',  ( -6.008353362658267500, 1.021954744311182900, -86.29334803102024400 ) ) ;
#4291 = CARTESIAN_POINT ( 'NONE',  ( 5.458724118193523500, -2.991115921416672900, -96.87035501528724500 ) ) ;
#4292 = CARTESIAN_POINT ( 'NONE',  ( -0.6941419962955418500, -0.6095126783311918300, -5.467597511674634700 ) ) ;
#4293 = CARTESIAN_POINT ( 'NONE',  ( -6.671480752888114400, -3.298389122990891900, 91.96292660941169600 ) ) ;
#4294 = ORIENTED_EDGE ( 'NONE', *, *, #3705, .F. ) ;
#4295 = CARTESIAN_POINT ( 'NONE',  ( 8.635008004818004700, -0.8828271103404621300, -23.20770073081612500 ) ) ;
#4296 = CARTESIAN_POINT ( 'NONE',  ( -5.612529790258424400, -0.9990960840769516100, -91.59999999999995200 ) ) ;
#4297 = CARTESIAN_POINT ( 'NONE',  ( -7.073953504114558500, -0.7638466909734974400, 70.33202004421448800 ) ) ;
#4298 = CARTESIAN_POINT ( 'NONE',  ( 7.738434810200419500, 1.870852118914267100, 65.00000000000005700 ) ) ;
#4299 = ORIENTED_EDGE ( 'NONE', *, *, #1586, .T. ) ;
#4300 = CARTESIAN_POINT ( 'NONE',  ( -7.586616055906825200, -3.499766933771923900, 91.59999999999999400 ) ) ;
#4301 = CARTESIAN_POINT ( 'NONE',  ( -6.580435678470978500, -0.2312567752170645000, -86.32837093055778200 ) ) ;
#4302 = CARTESIAN_POINT ( 'NONE',  ( 10.27488029085789400, -2.330537429458599400, -67.51513579244570500 ) ) ;
#4303 = CARTESIAN_POINT ( 'NONE',  ( -7.697490431060526100, 2.174318355896260000, -70.44934976443546800 ) ) ;
#4304 = CARTESIAN_POINT ( 'NONE',  ( -6.675811680763419400, -3.278905605860806400, 91.60000000000000900 ) ) ;
#4305 = CARTESIAN_POINT ( 'NONE',  ( 7.588527807730404400, 2.877699812167158600, 64.99999999999997200 ) ) ;
#4306 = CARTESIAN_POINT ( 'NONE',  ( -2.089816775599562200, 0.6122165637643094400, 68.24710329366604400 ) ) ;
#4307 = CARTESIAN_POINT ( 'NONE',  ( 1.042268434935401200, -0.6909723004562056100, -91.59999999999998000 ) ) ;
#4308 = AXIS2_PLACEMENT_3D ( 'NONE', #3943, #2319, #4333 ) ;
#4309 = CARTESIAN_POINT ( 'NONE',  ( -7.312499999999926300, 5.500000000000005300, -35.00000000000000000 ) ) ;
#4310 = CARTESIAN_POINT ( 'NONE',  ( -5.750020388456277100, 0.4798059209331626000, -91.60000000000015100 ) ) ;
#4311 = CARTESIAN_POINT ( 'NONE',  ( 5.500000000000000000, -3.500000000000000000, -101.5999999999999900 ) ) ;
#4312 = CARTESIAN_POINT ( 'NONE',  ( -2.724392993501400200, 0.04769320525146207600, -4.781339242743729100 ) ) ;
#4313 = CARTESIAN_POINT ( 'NONE',  ( -5.795241581959779800, -0.9673361474823379800, -91.59999999999986600 ) ) ;
#4314 = CIRCLE ( 'NONE', #1926, 5.500000000000000000 ) ;
#4315 = CARTESIAN_POINT ( 'NONE',  ( -7.600105008679240500, 1.628853572893237600, -65.00000000000001400 ) ) ;
#4316 = CARTESIAN_POINT ( 'NONE',  ( -5.500000000000000000, -3.500000000000000000, 101.5999999999999900 ) ) ;
#4317 = VERTEX_POINT ( 'NONE', #15 ) ;
#4318 = CARTESIAN_POINT ( 'NONE',  ( -4.438290311729540200, 2.735737333946335800, -5.871073698460308200 ) ) ;
#4319 = CARTESIAN_POINT ( 'NONE',  ( -6.768894855696934200, 0.7762645037106268300, -70.34128885883907900 ) ) ;
#4320 = DIRECTION ( 'NONE',  ( -1.000000000000000000, 0.0000000000000000000, 0.0000000000000000000 ) ) ;
#4321 = VECTOR ( 'NONE', #4178, 1000.000000000000000 ) ;
#4322 = CARTESIAN_POINT ( 'NONE',  ( -8.336743089638499500, -1.271097987354326200, 67.59431797477203900 ) ) ;
#4323 = CARTESIAN_POINT ( 'NONE',  ( 6.215316828849786600, -0.6455560552760246700, 91.59999999999971000 ) ) ;
#4324 = CARTESIAN_POINT ( 'NONE',  ( -8.832734828260328200, -3.496675217658396000, 84.95874026601454400 ) ) ;
#4325 = CARTESIAN_POINT ( 'NONE',  ( -7.674863301620990600, 1.341122117860140200, -70.42496488473321400 ) ) ;
#4326 = CARTESIAN_POINT ( 'NONE',  ( 6.375430688691025700, -2.814684117984775500, -91.60000000000003700 ) ) ;
#4327 = CARTESIAN_POINT ( 'NONE',  ( -6.990332560331685500, 2.375813977721021900, -75.87977926206748700 ) ) ;
#4328 = CARTESIAN_POINT ( 'NONE',  ( 0.9576719399753763600, -1.408451403349630900, 91.60000000000013600 ) ) ;
#4329 = CARTESIAN_POINT ( 'NONE',  ( 6.470006481749544800, 1.602739338024222100, 81.03209777800907400 ) ) ;
#4330 = ORIENTED_EDGE ( 'NONE', *, *, #3641, .F. ) ;
#4331 = CARTESIAN_POINT ( 'NONE',  ( -3.623554044151950500, 0.2265022081313223500, 65.00000000000000000 ) ) ;
#4332 = CARTESIAN_POINT ( 'NONE',  ( 5.500000000000000000, -3.500000000000000000, -101.5999999999999900 ) ) ;
#4333 = DIRECTION ( 'NONE',  ( 1.000000000000000000, 0.0000000000000000000, 0.0000000000000000000 ) ) ;
#4334 = CARTESIAN_POINT ( 'NONE',  ( -5.940303340326385900, 1.024621163768027800, -86.28631345530536100 ) ) ;
#4335 = CARTESIAN_POINT ( 'NONE',  ( 5.500000000000000000, -3.500000000000000000, -101.5999999999999900 ) ) ;
#4336 = CARTESIAN_POINT ( 'NONE',  ( 7.931666547352816300, 0.7096218129894285000, -23.04838997685159900 ) ) ;
#4337 = CARTESIAN_POINT ( 'NONE',  ( 6.158294465473434600, 0.3436141235815725600, 91.60000000000002300 ) ) ;
#4338 = CARTESIAN_POINT ( 'NONE',  ( -8.472911638776375700, 3.713797404061414100, -34.99999999999998600 ) ) ;
#4339 = CARTESIAN_POINT ( 'NONE',  ( -6.020090195993635300, -0.5553232306746324100, -86.29201622759946100 ) ) ;
#4340 = CARTESIAN_POINT ( 'NONE',  ( 0.0000000000000000000, -3.500000000000000000, 5.500000000000000000 ) ) ;
#4341 = CARTESIAN_POINT ( 'NONE',  ( -6.503735676190431500, -1.535260115693807000, 78.21677729352646200 ) ) ;
#4342 = CARTESIAN_POINT ( 'NONE',  ( 7.406604138426806600, 2.116375729984144800, 75.89819710834360900 ) ) ;
#4343 = CARTESIAN_POINT ( 'NONE',  ( 11.38597746386010100, -2.947407674057680400, -67.51214096324061100 ) ) ;
#4344 = CARTESIAN_POINT ( 'NONE',  ( -6.613623632091281100, 0.7051571224428119200, -86.34078577670786100 ) ) ;
#4345 = CARTESIAN_POINT ( 'NONE',  ( 7.312499999999927200, 5.500000000000001800, 23.25785260307938500 ) ) ;
#4346 = CARTESIAN_POINT ( 'NONE',  ( 6.474678167793757500, 2.186103880194783400, 75.75843629278449500 ) ) ;
#4347 = EDGE_CURVE ( 'NONE', #767, #4317, #3629, .T. ) ;
#4348 = CARTESIAN_POINT ( 'NONE',  ( 2.094738223894651300, 0.2285469907838393000, 79.96941449221870400 ) ) ;
#4349 = CARTESIAN_POINT ( 'NONE',  ( 1.051946111419579200, -0.9122608394840346900, -93.64086251607868400 ) ) ;
#4350 = CARTESIAN_POINT ( 'NONE',  ( -7.062499999999925400, 4.375000000000001800, -55.01473523173899600 ) ) ;
#4351 = CARTESIAN_POINT ( 'NONE',  ( -5.878653899202250300, 1.026167012467467300, -86.27942244756098900 ) ) ;
#4352 = CARTESIAN_POINT ( 'NONE',  ( 7.332061680609292000, -3.442499304570989100, -91.59999999999998000 ) ) ;
#4353 = CARTESIAN_POINT ( 'NONE',  ( 5.508302296235711100, -3.199822055969844900, -0.0000000000000000000 ) ) ;
#4354 = CARTESIAN_POINT ( 'NONE',  ( -5.463645723617629500, 1.859896454552714600, -0.6442427289400984900 ) ) ;
#4355 = CC_DESIGN_PERSON_AND_ORGANIZATION_ASSIGNMENT ( #2651, #4653, ( #1172 ) ) ;
#4356 = CARTESIAN_POINT ( 'NONE',  ( -7.534388538139571900, 5.500000000000005300, -35.00000000000000000 ) ) ;
#4357 = CARTESIAN_POINT ( 'NONE',  ( -6.140405924411030700, -0.1181606605825551200, -80.96304575654133400 ) ) ;
#4358 = CARTESIAN_POINT ( 'NONE',  ( -12.04282393643056700, -3.495300514531104700, 65.00000000000000000 ) ) ;
#4359 = CARTESIAN_POINT ( 'NONE',  ( -9.303047147780416600, -1.679331645164397600, 65.00000000000000000 ) ) ;
#4360 = VERTEX_POINT ( 'NONE', #4143 ) ;
#4361 = CARTESIAN_POINT ( 'NONE',  ( 7.777945368998335800, 1.908992604750640300, 70.44815545950476100 ) ) ;
#4362 = CARTESIAN_POINT ( 'NONE',  ( 0.0000000000000000000, -3.926777784743245500, 0.0000000000000000000 ) ) ;
#4363 = CARTESIAN_POINT ( 'NONE',  ( 8.575225733001888200, -1.529501592389309600, -70.13415675375561900 ) ) ;
#4364 = CARTESIAN_POINT ( 'NONE',  ( -6.182104176930703700, 0.1903542751827066400, -91.60000000000023600 ) ) ;
#4365 = CARTESIAN_POINT ( 'NONE',  ( -5.500000000000000000, -3.500000000000000000, 101.5999999999999900 ) ) ;
#4366 = CARTESIAN_POINT ( 'NONE',  ( 6.817708152575113100, 2.652342573476639000, 70.34669606204029400 ) ) ;
#4367 = CARTESIAN_POINT ( 'NONE',  ( 0.4324879079899226500, -0.7537871809833294200, 85.35727898878317900 ) ) ;
#4368 = CARTESIAN_POINT ( 'NONE',  ( 6.413366250697373900, -3.469883757836846400, -96.76966179609121400 ) ) ;
#4369 = CARTESIAN_POINT ( 'NONE',  ( -7.627423708357715900, 2.884069422438128200, -65.00000000000001400 ) ) ;
#4370 = CARTESIAN_POINT ( 'NONE',  ( -5.953228839345233500, 2.654282025366034900, -70.23201229162448600 ) ) ;
#4371 = CARTESIAN_POINT ( 'NONE',  ( 5.500000000000000000, -3.500000000000000000, -101.5999999999999900 ) ) ;
#4372 = CARTESIAN_POINT ( 'NONE',  ( 9.023700618805493800, -0.08793353458758543200, -34.99999999999999300 ) ) ;
#4373 = CARTESIAN_POINT ( 'NONE',  ( 5.772038243104801400, -1.000000000000002000, 91.59999999999999400 ) ) ;
#4374 = CARTESIAN_POINT ( 'NONE',  ( -7.312499999999926300, 5.500000000000005300, -23.25785260307938500 ) ) ;
#4375 = CARTESIAN_POINT ( 'NONE',  ( -6.668670614712641300, 0.7774610760289261100, -70.33270248011047000 ) ) ;
#4376 = CARTESIAN_POINT ( 'NONE',  ( -3.987009998229922700, -0.07922085577355933400, 67.67033712664007800 ) ) ;
#4377 = CARTESIAN_POINT ( 'NONE',  ( -4.790753321610658600, -0.7446102340961012800, 78.31787031441581300 ) ) ;
#4378 = CARTESIAN_POINT ( 'NONE',  ( 7.792985683201791000, 2.053377310124329100, 65.00000000000002800 ) ) ;
#4379 = CARTESIAN_POINT ( 'NONE',  ( -8.881745761024285800, -3.499006284879282400, 84.95057971921957600 ) ) ;
#4380 = EDGE_CURVE ( 'NONE', #1160, #3522, #4246, .T. ) ;
#4381 = CARTESIAN_POINT ( 'NONE',  ( 11.96583004158950900, -3.506225285905156100, -70.12243686704181300 ) ) ;
#4382 = CARTESIAN_POINT ( 'NONE',  ( -7.628942016511497400, 2.824235552641646500, -64.99999999999994300 ) ) ;
#4383 = CARTESIAN_POINT ( 'NONE',  ( -5.500000000000000000, -3.500000000000000000, 101.5999999999999900 ) ) ;
#4384 = CARTESIAN_POINT ( 'NONE',  ( 6.522797163061778000, 2.054944060622234700, 75.66424405435611800 ) ) ;
#4385 = CARTESIAN_POINT ( 'NONE',  ( 1.659413550343998600, 1.564445737700937500, 65.00000000000012800 ) ) ;
#4386 = CARTESIAN_POINT ( 'NONE',  ( 4.194904221485423100, -2.710598173594952700, -92.26053410948124200 ) ) ;
#4387 = CIRCLE ( 'NONE', #1651, 5.500000000000000000 ) ;
#4388 = AXIS2_PLACEMENT_3D ( 'NONE', #2397, #2008, #392 ) ;
#4389 = CARTESIAN_POINT ( 'NONE',  ( 3.937832304236549500, -0.05825803499628843400, -67.68612178581753400 ) ) ;
#4390 = CARTESIAN_POINT ( 'NONE',  ( -6.859660493353878500, 3.249132448495952300, -64.99999999999998600 ) ) ;
#4391 = CARTESIAN_POINT ( 'NONE',  ( 0.9505398672268596800, -2.539947132595493000, -98.75440387098350900 ) ) ;
#4392 = CARTESIAN_POINT ( 'NONE',  ( -1.378307846065301800, 2.414775042353970700, 0.0000000000000000000 ) ) ;
#4393 = B_SPLINE_SURFACE_WITH_KNOTS ( 'NONE', 3, 3, ( 
 ( #4701, #4626, #3886, #3030 ),
 ( #3847, #1831, #1792, #1413 ),
 ( #113, #980, #2246, #1396 ),
 ( #2630, #3407, #4270, #164 ),
 ( #3865, #5117, #2227, #557 ),
 ( #2997, #187, #5097, #5079 ),
 ( #3442, #525, #3064, #2210 ),
 ( #1366, #4680, #5045, #4661 ),
 ( #4203, #944, #1812, #2610 ),
 ( #3048, #1760, #4252, #575 ),
 ( #3828, #594, #2177, #3812 ),
 ( #3476, #3458, #146, #4219 ),
 ( #1775, #1000, #543, #5061 ),
 ( #4642, #2193, #2593, #128 ),
 ( #3012, #3425, #963, #1382 ),
 ( #4236, #5195, #3573, #4760 ),
 ( #1060, #5214, #1927, #2283 ),
 ( #1079, #3497, #2338, #4369 ),
 ( #3124, #226, #1471, #613 ),
 ( #648, #1870, #1431, #3103 ),
 ( #4309, #3141, #4350, #4801 ) ),
 .UNSPECIFIED., .F., .F., .F.,
 ( 4, 1, 1, 1, 2, 1, 1, 1, 2, 1, 1, 1, 1, 1, 1, 1, 4 ),
 ( 4, 4 ),
 ( 0.0000000000000000000, 0.08075097211383125400, 0.1615019442276625100, 0.2422529163414937600, 0.3230038884553250200, 0.4546910722870358700, 0.5863782561187467200, 0.7180654399504578000, 0.8497526237821685400, 0.8685335458093974600, 0.8873144678366264900, 0.9060953898638552900, 0.9248763118910842100, 0.9436572339183132400, 0.9624381559455421600, 0.9812190779727709700, 1.000000000000000000 ),
 ( 0.0000000000000000000, 1.000000000000000000 ),
 .UNSPECIFIED. ) ;
#4394 = CARTESIAN_POINT ( 'NONE',  ( -4.552846171616891100, 2.718282363560556200, 0.0000000000000000000 ) ) ;
#4395 = CARTESIAN_POINT ( 'NONE',  ( -1.570508238728616200, -1.275399761486496500, 84.95516856332004400 ) ) ;
#4396 = CARTESIAN_POINT ( 'NONE',  ( -10.27488029085789400, -2.330537429458599400, 67.51513579244570500 ) ) ;
#4397 = CARTESIAN_POINT ( 'NONE',  ( 7.794194789452899600, 2.059445417220787900, 65.00000000000002800 ) ) ;
#4398 = CARTESIAN_POINT ( 'NONE',  ( -6.750624557664156800, 0.2311620537453197000, -86.34357632207479600 ) ) ;
#4399 = CARTESIAN_POINT ( 'NONE',  ( -5.390149825241728400, -3.433084091957305400, 1.101084472886060700 ) ) ;
#4400 = CARTESIAN_POINT ( 'NONE',  ( 12.08628327133804200, -3.410572397911004300, -67.56524795891698400 ) ) ;
#4401 = CARTESIAN_POINT ( 'NONE',  ( -6.830455607319101400, 2.401672315662577900, -75.86185827574406900 ) ) ;
#4402 = CARTESIAN_POINT ( 'NONE',  ( 1.378307846065301800, 2.414775042353970700, 7.192876580974879800 ) ) ;
#4403 = CARTESIAN_POINT ( 'NONE',  ( 5.911814251511112100, 1.025086316260137400, 86.28317637822713900 ) ) ;
#4404 = CARTESIAN_POINT ( 'NONE',  ( -1.329523725410979100, 0.6641625032265096000, 71.94997084584257200 ) ) ;
#4405 = CARTESIAN_POINT ( 'NONE',  ( 3.794162780614560600, -2.873037202515628800, -97.19525869655981900 ) ) ;
#4406 = CARTESIAN_POINT ( 'NONE',  ( 3.935464259492342400, 0.09402822856297864100, -65.00000000000000000 ) ) ;
#4407 = CARTESIAN_POINT ( 'NONE',  ( -6.700073671284774200, 2.650378996277289000, -70.32203413774399800 ) ) ;
#4408 = CARTESIAN_POINT ( 'NONE',  ( 1.134145014508740600, -1.897447705419733800, -91.59999999999999400 ) ) ;
#4409 = CARTESIAN_POINT ( 'NONE',  ( 5.499915705305475900, 1.523060095549865400, 0.03451356081176395300 ) ) ;
#4410 = B_SPLINE_SURFACE_WITH_KNOTS ( 'NONE', 3, 3, ( 
 ( #1371, #2635, #580, #1817 ),
 ( #3832, #1386, #3018, #3872 ),
 ( #169, #5102, #3446, #4275 ),
 ( #192, #1836, #2214, #3481 ),
 ( #1439, #4647, #4295, #5050 ),
 ( #3816, #950, #4726, #4686 ),
 ( #5083, #1417, #4240, #5066 ),
 ( #3069, #1856, #2231, #1400 ),
 ( #2576, #3429, #1797, #2599 ),
 ( #4666, #2614, #1004, #151 ),
 ( #3053, #4706, #987, #2198 ),
 ( #2252, #117, #5124, #3035 ),
 ( #2653, #563, #1022, #3411 ),
 ( #530, #5221, #3130, #3146 ),
 ( #2755, #1897, #2325, #4338 ),
 ( #3578, #3502, #5200, #5182 ),
 ( #3987, #1498, #271, #212 ),
 ( #2737, #2717, #1121, #673 ),
 ( #1914, #4786, #3089, #1084 ),
 ( #4394, #2674, #3559, #4356 ),
 ( #1104, #4318, #4374, #618 ) ),
 .UNSPECIFIED., .F., .F., .F.,
 ( 4, 1, 1, 1, 2, 1, 1, 1, 2, 1, 1, 1, 1, 1, 1, 1, 4 ),
 ( 4, 4 ),
 ( 0.0000000000000000000, 0.05322528655803803600, 0.1064505731160760700, 0.1596758596741141000, 0.2129011462321520900, 0.3590420061121262200, 0.5051828659921002700, 0.6513237258720743200, 0.7974645857520482600, 0.8227815125330422100, 0.8480984393140361700, 0.8734153660950301200, 0.8987322928760241900, 0.9240492196570181400, 0.9493661464380122000, 0.9746830732190060500, 1.000000000000000000 ),
 ( 0.0000000000000000000, 1.000000000000000000 ),
 .UNSPECIFIED. ) ;
#4411 = CARTESIAN_POINT ( 'NONE',  ( -6.065105914316416300, -0.8158742776090184300, -91.59999999999968200 ) ) ;
#4412 = CARTESIAN_POINT ( 'NONE',  ( 3.619384443700886000, -2.590929775577309100, -4.151249644021852700 ) ) ;
#4413 = CARTESIAN_POINT ( 'NONE',  ( 1.807403084925898600, 0.3279063277462635500, -5.207596178271328000 ) ) ;
#4414 = CARTESIAN_POINT ( 'NONE',  ( -10.99688639316091400, -3.167836915715867000, 70.35373732120969200 ) ) ;
#4415 = CARTESIAN_POINT ( 'NONE',  ( -11.38597746386010100, -2.947407674057680400, 67.51214096324061100 ) ) ;
#4416 = CARTESIAN_POINT ( 'NONE',  ( 7.115691123965842000, 2.318315128689098200, 75.88930934396849200 ) ) ;
#4417 = CARTESIAN_POINT ( 'NONE',  ( -0.9536224655274729800, 1.225440209199033500, 5.417406191834065700 ) ) ;
#4418 = B_SPLINE_SURFACE_WITH_KNOTS ( 'NONE', 3, 3, ( 
 ( #1304, #3345, #2951, #2 ),
 ( #823, #1716, #3313, #842 ),
 ( #3735, #3707, #4579, #5000 ),
 ( #1289, #1269, #2533, #4130 ),
 ( #1682, #2106, #2497, #35 ),
 ( #2918, #449, #2547, #4258 ),
 ( #1766, #1781, #103, #88 ),
 ( #5052, #4226, #4209, #516 ),
 ( #1799, #4632, #4668, #532 ),
 ( #2601, #2970, #2616, #969 ),
 ( #3037, #565, #990, #1338 ),
 ( #1373, #500, #3448, #119 ),
 ( #3786, #2200, #3413, #3396 ),
 ( #952, #3853, #3380, #1402 ),
 ( #3020, #2564, #935, #5022 ),
 ( #1819, #2152, #4195, #5068 ),
 ( #917, #1751, #134, #2580 ) ),
 .UNSPECIFIED., .F., .F., .F.,
 ( 4, 1, 1, 1, 2, 1, 1, 1, 2, 1, 1, 1, 4 ),
 ( 4, 4 ),
 ( 0.0000000000000000000, 0.1781379411091100800, 0.3562758822182201500, 0.5344138233273303400, 0.7125517644364403000, 0.7805111709524961100, 0.8484705774685519200, 0.9164299839846077300, 0.9843893905006636500, 0.9882920428754977700, 0.9921946952503317700, 0.9960973476251660000, 1.000000000000000000 ),
 ( 0.0000000000000000000, 1.000000000000000000 ),
 .UNSPECIFIED. ) ;
#4419 = CARTESIAN_POINT ( 'NONE',  ( 12.09009442355287900, -3.404695970668889100, -67.56360674686470700 ) ) ;
#4420 = CARTESIAN_POINT ( 'NONE',  ( -6.223487658879244000, 0.1271022182066587900, -91.60000000000019300 ) ) ;
#4421 = CARTESIAN_POINT ( 'NONE',  ( -0.4416694836616071300, -2.496975873700542500, 99.10883661267729400 ) ) ;
#4422 = CARTESIAN_POINT ( 'NONE',  ( 6.912105526788550100, 2.654280857868339900, 70.36527011294697300 ) ) ;
#4423 = AXIS2_PLACEMENT_3D ( 'NONE', #362, #2012, #5312 ) ;
#4424 = CARTESIAN_POINT ( 'NONE',  ( 4.937842997241200600, -1.000000000000005100, 91.59999999999998000 ) ) ;
#4425 = CARTESIAN_POINT ( 'NONE',  ( 6.560934522572912500, -3.477768990570127400, -96.76848412973112100 ) ) ;
#4426 = ORIENTED_EDGE ( 'NONE', *, *, #4625, .T. ) ;
#4427 = CARTESIAN_POINT ( 'NONE',  ( 1.542036801856625100, -1.266569315274540500, -84.96080751264931100 ) ) ;
#4428 = CARTESIAN_POINT ( 'NONE',  ( -6.537137449636546200, 2.051210960185524600, -75.64825575200225700 ) ) ;
#4429 = CARTESIAN_POINT ( 'NONE',  ( 5.500000000000000000, -3.500000000000000000, -101.5999999999999900 ) ) ;
#4430 = CARTESIAN_POINT ( 'NONE',  ( 5.314347337308381800, -3.451720834566145000, -23.95630204710258600 ) ) ;
#4431 = CARTESIAN_POINT ( 'NONE',  ( -7.584900717643533200, 1.206244700770510200, -70.41463001415957000 ) ) ;
#4432 = CARTESIAN_POINT ( 'NONE',  ( 0.0000000000000000000, 3.500000000000000000, -2.500000000000000000 ) ) ;
#4433 = VERTEX_POINT ( 'NONE', #1680 ) ;
#4434 = CARTESIAN_POINT ( 'NONE',  ( 5.499921902384163500, -3.252158485179836000, -0.02950898033606895800 ) ) ;
#4435 = CARTESIAN_POINT ( 'NONE',  ( -5.767746538948427900, -0.9752968413522333800, -91.59999999999988100 ) ) ;
#4436 = CARTESIAN_POINT ( 'NONE',  ( -7.373432227444727300, -3.051594379601573000, 84.95822831752110500 ) ) ;
#4437 = CARTESIAN_POINT ( 'NONE',  ( -7.624713572301971900, -3.313188991217029600, 91.60000000000000900 ) ) ;
#4438 = CARTESIAN_POINT ( 'NONE',  ( 7.716201502914696400, 2.133212055309198000, 70.44968686675632300 ) ) ;
#4439 = CARTESIAN_POINT ( 'NONE',  ( -5.498464029802058000, -3.223514804799417100, 0.1336222005176074300 ) ) ;
#4440 = CARTESIAN_POINT ( 'NONE',  ( 12.09260896911150600, -3.399832857539963900, -67.56255582145651300 ) ) ;
#4441 = B_SPLINE_CURVE_WITH_KNOTS ( 'NONE', 3,
 ( #1573, #3650, #2792, #3680, #4057, #5308, #339, #747, #1968, #1177, #3204, #2025, #2440, #4894, #2859, #4409, #391, #2426 ),
 .UNSPECIFIED., .F., .F.,
 ( 4, 2, 2, 2, 2, 2, 2, 2, 4 ),
 ( 0.0000000000000000000, 0.0008769245444300127500, 0.001753849088860025500, 0.002630773633290038300, 0.003069235905505044700, 0.003288467041612547400, 0.003398082609666299000, 0.003452890393693174500, 0.003507698177720050100 ),
 .UNSPECIFIED. ) ;
#4442 = CARTESIAN_POINT ( 'NONE',  ( -6.544855723219389400, 1.603311290061676800, -81.04340130753492100 ) ) ;
#4443 = CARTESIAN_POINT ( 'NONE',  ( -6.963241165860361000, 1.373699929695051200, 23.09339618067864200 ) ) ;
#4444 = CARTESIAN_POINT ( 'NONE',  ( 6.837752285024074600, 2.653050298449298100, 70.35074997370833200 ) ) ;
#4445 = ORIENTED_EDGE ( 'NONE', *, *, #1710, .T. ) ;
#4446 = CARTESIAN_POINT ( 'NONE',  ( 5.863656282095479200, -0.5590358093279599300, 86.28152287827065000 ) ) ;
#4447 = CARTESIAN_POINT ( 'NONE',  ( 3.575198992685486600, 0.09187056109056887500, -67.80050017507353700 ) ) ;
#4448 = CARTESIAN_POINT ( 'NONE',  ( -0.6652135058439155900, 2.151568139762039400, -69.21877850993004700 ) ) ;
#4449 = CARTESIAN_POINT ( 'NONE',  ( -5.225223840640141200, -3.429184591355484400, 1.716693279303529000 ) ) ;
#4450 = CARTESIAN_POINT ( 'NONE',  ( -5.566735720084823300, 0.4999544664027813500, -91.59999999999999400 ) ) ;
#4451 = B_SPLINE_SURFACE_WITH_KNOTS ( 'NONE', 3, 3, ( 
 ( #5029, #1853, #2554, #2541 ),
 ( #2268, #2524, #3356, #2962 ),
 ( #96, #4763, #2323, #3517 ),
 ( #2690, #1138, #671, #2753 ),
 ( #248, #4743, #2304, #634 ),
 ( #4392, #4804, #1952, #4001 ),
 ( #1930, #4781, #3593, #1063 ),
 ( #3984, #3539, #2715, #303 ),
 ( #2286, #5218, #4336, #5179 ),
 ( #4823, #1554, #3557, #4372 ),
 ( #2773, #1874, #2358, #689 ),
 ( #5239, #3127, #3576, #1894 ),
 ( #3927, #1516, #1474, #1102 ),
 ( #1912, #651, #5198, #3962 ),
 ( #5159, #1082, #3946, #1494 ),
 ( #4353, #2735, #268, #709 ),
 ( #285, #3144, #229, #2341 ),
 ( #3164, #1119, #1533, #3107 ),
 ( #3183, #4470, #3219, #3633 ),
 ( #3663, #4430, #4880, #728 ),
 ( #4911, #4843, #1225, #3235 ),
 ( #3252, #1195, #4022, #3613 ),
 ( #1623, #321, #5275, #4865 ),
 ( #1155, #4484, #2395, #2413 ),
 ( #763, #2375, #5293, #5258 ) ),
 .UNSPECIFIED., .F., .F., .F.,
 ( 4, 1, 1, 1, 1, 1, 1, 2, 1, 1, 1, 2, 1, 1, 1, 1, 1, 1, 1, 1, 4 ),
 ( 4, 4 ),
 ( 0.0000000000000000000, 0.1424368362388512300, 0.2136552543582768400, 0.2848736724777024600, 0.3560920905971279300, 0.4273105087165536800, 0.4985289268359791600, 0.5697473449554049100, 0.6696249598889492100, 0.7695025748224934000, 0.8693801897560375900, 0.9692578046895817800, 0.9769433535171863100, 0.9807861279309886300, 0.9846289023447909500, 0.9884716767585931500, 0.9923144511723955800, 0.9942358383792965200, 0.9961572255861977900, 0.9980786127930989500, 1.000000000000000000 ),
 ( 0.0000000000000000000, 1.000000000000000000 ),
 .UNSPECIFIED. ) ;
#4452 = DIRECTION ( 'NONE',  ( 0.0000000000000000000, 1.000000000000000000, -0.0000000000000000000 ) ) ;
#4453 = CARTESIAN_POINT ( 'NONE',  ( 4.941079713719694200, -2.642467703344775700, -2.426544726305580400 ) ) ;
#4454 = LINE ( 'NONE', #4606, #4789 ) ;
#4455 = CARTESIAN_POINT ( 'NONE',  ( -10.41930275081424500, -2.504148395586232900, 70.00468985797240900 ) ) ;
#4456 = CARTESIAN_POINT ( 'NONE',  ( 7.115115268280432800, 1.217241557879603400, 81.08949643050291900 ) ) ;
#4457 = CARTESIAN_POINT ( 'NONE',  ( -6.059382324865863400, -0.8207927445222676900, -91.59999999999968200 ) ) ;
#4458 = CARTESIAN_POINT ( 'NONE',  ( -4.941079713719694200, -2.642467703344775700, 2.426544726305580400 ) ) ;
#4459 = EDGE_CURVE ( 'NONE', #2203, #387, #4712, .T. ) ;
#4460 = CARTESIAN_POINT ( 'NONE',  ( 12.02628232033350200, -3.460227747236818400, -70.11830220041571200 ) ) ;
#4461 = FACE_OUTER_BOUND ( 'NONE', #4614, .T. ) ;
#4462 = CARTESIAN_POINT ( 'NONE',  ( -7.154442542788108200, 2.629217285328263400, -70.40409992298948800 ) ) ;
#4463 = CARTESIAN_POINT ( 'NONE',  ( -5.464569442612244600, -3.128445619799244100, 0.0000000000000000000 ) ) ;
#4464 = CARTESIAN_POINT ( 'NONE',  ( 6.700073671284774200, 2.650378996277289000, 70.32203413774399800 ) ) ;
#4465 = CARTESIAN_POINT ( 'NONE',  ( 5.584351901165877800, -0.9999475940724998900, 91.59999999999996600 ) ) ;
#4466 = ADVANCED_FACE ( 'NONE', ( #2094 ), #3755, .T. ) ;
#4467 = CARTESIAN_POINT ( 'NONE',  ( -6.015744455871889300, -0.6829223572617525400, -98.10577902176464700 ) ) ;
#4468 = CARTESIAN_POINT ( 'NONE',  ( 3.992789255883359500, 0.06890339688463387200, -65.00000000000000000 ) ) ;
#4469 = CARTESIAN_POINT ( 'NONE',  ( -2.692543192639606600, 0.2651217127399817500, -91.60000000000000900 ) ) ;
#4470 = CARTESIAN_POINT ( 'NONE',  ( 5.379734944575508500, -3.438998903372055200, -23.95328996164648300 ) ) ;
#4471 = B_SPLINE_SURFACE_WITH_KNOTS ( 'NONE', 3, 3, ( 
 ( #3255, #4826, #393, #835 ),
 ( #2096, #815, #1244, #5325 ),
 ( #2058, #2475, #3683, #2863 ),
 ( #2442, #4155, #3715, #1658 ),
 ( #853, #4123, #1641, #1228 ),
 ( #4557, #800, #2878, #2458 ),
 ( #1691, #3728, #4107, #3699 ),
 ( #4092, #409, #4977, #2895 ),
 ( #1297, #2507, #4526, #4960 ),
 ( #2909, #869, #4509, #2487 ),
 ( #4930, #3746, #1262, #28 ),
 ( #5341, #1709, #1674, #442 ),
 ( #3288, #4913, #2077, #4943 ),
 ( #2116, #3321, #43, #2043 ),
 ( #1280, #11, #425, #3305 ),
 ( #4140, #4540, #2927, #460 ),
 ( #1041, #4994, #3907, #2979 ) ),
 .UNSPECIFIED., .F., .F., .F.,
 ( 4, 1, 1, 1, 2, 1, 1, 1, 2, 1, 1, 1, 4 ),
 ( 4, 4 ),
 ( 0.0000000000000000000, 0.1781379411091100800, 0.3562758822182201500, 0.5344138233273303400, 0.7125517644364403000, 0.7805111709524961100, 0.8484705774685519200, 0.9164299839846077300, 0.9843893905006636500, 0.9882920428754977700, 0.9921946952503317700, 0.9960973476251660000, 1.000000000000000000 ),
 ( 0.0000000000000000000, 1.000000000000000000 ),
 .UNSPECIFIED. ) ;
#4472 = CARTESIAN_POINT ( 'NONE',  ( -7.202240460310553000, 3.004872362403155700, -35.00000000000000000 ) ) ;
#4473 = DIRECTION ( 'NONE',  ( 0.0000000000000000000, 1.000000000000000000, 0.0000000000000000000 ) ) ;
#4474 = CARTESIAN_POINT ( 'NONE',  ( -10.29221156117616700, -3.353738925625876300, 78.19796246428974500 ) ) ;
#4475 = CARTESIAN_POINT ( 'NONE',  ( 7.686878230699629300, 2.195480880604116600, 70.44908179462555600 ) ) ;
#4476 = CARTESIAN_POINT ( 'NONE',  ( -5.499555416384282600, -3.235529499516978500, 0.07161638441213474800 ) ) ;
#4477 = CARTESIAN_POINT ( 'NONE',  ( 12.16881461355006900, -3.447846360933811500, -65.00000000000001400 ) ) ;
#4478 = CARTESIAN_POINT ( 'NONE',  ( -5.011878916172491000, -2.729550803369758900, 23.85831162089521800 ) ) ;
#4479 = CARTESIAN_POINT ( 'NONE',  ( 6.824336631920922400, 3.250000000000000400, 64.99999999999997200 ) ) ;
#4480 = CARTESIAN_POINT ( 'NONE',  ( 6.692205675365906700, 0.3089669036976657700, 75.67506726877249400 ) ) ;
#4481 =( NAMED_UNIT ( * ) SI_UNIT ( $, .STERADIAN. ) SOLID_ANGLE_UNIT ( ) );
#4482 = CARTESIAN_POINT ( 'NONE',  ( 2.072540673559688100, 0.4614864690042545500, -71.49480833502201400 ) ) ;
#4483 = CARTESIAN_POINT ( 'NONE',  ( -1.990908193881711500, 1.296695664566734200, -80.03108366916892200 ) ) ;
#4484 = CARTESIAN_POINT ( 'NONE',  ( 5.216487792279433000, -3.431835659856597800, -23.94588434595592100 ) ) ;
#4485 = CARTESIAN_POINT ( 'NONE',  ( 6.735557395310442000E-016, -3.500000000000000000, 5.500000000000000000 ) ) ;
#4486 = CARTESIAN_POINT ( 'NONE',  ( -8.917270405296465100, -1.041764738967407000, 34.99999999999997900 ) ) ;
#4487 = CARTESIAN_POINT ( 'NONE',  ( -7.210214414293997000, 0.9368330561144021500, -81.08715264414978200 ) ) ;
#4488 = CARTESIAN_POINT ( 'NONE',  ( 3.923995102174998800, -1.698558109785529300, -3.859636546278925300 ) ) ;
#4489 = CARTESIAN_POINT ( 'NONE',  ( -8.635008004818004700, -0.8828271103404621300, 23.20770073081612500 ) ) ;
#4490 = CARTESIAN_POINT ( 'NONE',  ( -12.09009442355287900, -3.404695970668889100, 67.56360674686470700 ) ) ;
#4491 = ORIENTED_EDGE ( 'NONE', *, *, #4380, .F. ) ;
#4492 = CARTESIAN_POINT ( 'NONE',  ( 7.745391139878647000, 2.609655201999432800, 64.99999999999994300 ) ) ;
#4493 = CARTESIAN_POINT ( 'NONE',  ( -6.549354633362690400, -0.2702313894043547000, -86.32610437984951100 ) ) ;
#4494 = VERTEX_POINT ( 'NONE', #1913 ) ;
#4495 = CARTESIAN_POINT ( 'NONE',  ( -2.111995562515883100, -1.116946991387025600, 91.59999999999998000 ) ) ;
#4496 = CARTESIAN_POINT ( 'NONE',  ( -6.516176026290697400, -0.3077260800753554600, -86.32372505457793500 ) ) ;
#4497 = CARTESIAN_POINT ( 'NONE',  ( 12.05071081851454400, -3.438653025691208200, -67.58958386454320100 ) ) ;
#4498 = ORIENTED_EDGE ( 'NONE', *, *, #4234, .T. ) ;
#4499 = CARTESIAN_POINT ( 'NONE',  ( -5.274610528618672400, -3.449308689770564000, 23.95547209840502800 ) ) ;
#4500 = CARTESIAN_POINT ( 'NONE',  ( 5.573167675344517000, 0.5000253446774638500, 91.59999999999998000 ) ) ;
#4501 = CARTESIAN_POINT ( 'NONE',  ( 5.859541240004621600, -0.5587161770044695200, 86.28122352985778300 ) ) ;
#4502 = ORIENTED_EDGE ( 'NONE', *, *, #112, .F. ) ;
#4503 = CARTESIAN_POINT ( 'NONE',  ( 5.500000000000000000, -3.500000000000000000, -101.5999999999999900 ) ) ;
#4504 = CARTESIAN_POINT ( 'NONE',  ( 0.3218720700054221200, -0.1277316043184999500, -79.11455797756634900 ) ) ;
#4505 = CARTESIAN_POINT ( 'NONE',  ( -2.175096279430581700, 0.1770988376213935600, -91.59999999999998000 ) ) ;
#4506 = CARTESIAN_POINT ( 'NONE',  ( 6.567520810171275900, -1.071015114047760400, -64.99999999999997200 ) ) ;
#4507 = DIRECTION ( 'NONE',  ( 0.0000000000000000000, 0.0000000000000000000, 1.000000000000000000 ) ) ;
#4508 = CARTESIAN_POINT ( 'NONE',  ( -5.835778498637243000, -0.7470235172611444700, 64.99999999999990100 ) ) ;
#4509 = CARTESIAN_POINT ( 'NONE',  ( 11.50841343309991100, -2.469838454414825500, -52.60783528471389300 ) ) ;
#4510 = CARTESIAN_POINT ( 'NONE',  ( -10.32062157405203400, -1.831970258777327400, 23.15442164759888800 ) ) ;
#4511 = CARTESIAN_POINT ( 'NONE',  ( -10.28488487955921100, -3.410728668850930400, 78.20360674686470800 ) ) ;
#4512 = CARTESIAN_POINT ( 'NONE',  ( 6.207641223178845800, 0.1529815583158529400, 91.60000000000022200 ) ) ;
#4513 = CARTESIAN_POINT ( 'NONE',  ( -7.043222438984862800, 0.2859380727417338300, -81.05269793781558000 ) ) ;
#4514 = VERTEX_POINT ( 'NONE', #2492 ) ;
#4515 = CARTESIAN_POINT ( 'NONE',  ( 8.945574693767754900, -3.452276345958110900, -84.92644557582563900 ) ) ;
#4516 = CARTESIAN_POINT ( 'NONE',  ( -5.464569442612244600, -3.128445619799244100, 23.93397022511259900 ) ) ;
#4517 = CARTESIAN_POINT ( 'NONE',  ( 5.009000750676852600, 3.197687695426675100, 64.99999999999998600 ) ) ;
#4518 = CARTESIAN_POINT ( 'NONE',  ( 6.639970961979404500, 1.264982612241525100, 65.00000000000000000 ) ) ;
#4519 = CARTESIAN_POINT ( 'NONE',  ( 0.1623420578244355900, -1.834828462090690900, -99.99050645971205100 ) ) ;
#4520 = CARTESIAN_POINT ( 'NONE',  ( -7.368766686525694000, 1.421334025035282400, -65.00000000000000000 ) ) ;
#4521 = CARTESIAN_POINT ( 'NONE',  ( 3.111811958087539000, 1.447461528581468000, -64.99999999999995700 ) ) ;
#4522 = CARTESIAN_POINT ( 'NONE',  ( 11.78010181972357100, -3.495955262682059600, -70.35496106405817300 ) ) ;
#4523 = CARTESIAN_POINT ( 'NONE',  ( 5.175315884351128700, -0.1696569241813815600, 98.38101291942410900 ) ) ;
#4524 = LINE ( 'NONE', #3224, #2346 ) ;
#4525 = CARTESIAN_POINT ( 'NONE',  ( 5.718242077460877800, 1.441093611720883200, 65.00000000000000000 ) ) ;
#4526 = CARTESIAN_POINT ( 'NONE',  ( 10.25828859273808300, -1.658266611398802700, -52.93096387290636100 ) ) ;
#4527 = CARTESIAN_POINT ( 'NONE',  ( -8.966830572098949400, -3.408811202317005900, 84.90824451094567800 ) ) ;
#4528 = CARTESIAN_POINT ( 'NONE',  ( 7.691932485758518300, 2.185588763430502000, 70.44921668904642300 ) ) ;
#4529 = CARTESIAN_POINT ( 'NONE',  ( 5.566735720207312000, 0.4999544664041345500, 91.59999999999999400 ) ) ;
#4530 = EDGE_CURVE ( 'NONE', #3600, #3220, #4048, .T. ) ;
#4531 = CARTESIAN_POINT ( 'NONE',  ( -7.611053167411868400, 1.090000917744527800, -75.83371176929703900 ) ) ;
#4532 = CARTESIAN_POINT ( 'NONE',  ( 12.13318786544493700, -3.482662800778712600, -65.00000000000000000 ) ) ;
#4533 = CARTESIAN_POINT ( 'NONE',  ( 12.65598953907062100, -3.493772401673344200, -52.50208787477462400 ) ) ;
#4534 = CARTESIAN_POINT ( 'NONE',  ( 6.859660493353878500, 3.249132448495952300, 64.99999999999998600 ) ) ;
#4535 = CARTESIAN_POINT ( 'NONE',  ( 5.684845500821242400, -0.9920000778399279400, 91.59999999999990900 ) ) ;
#4536 = CARTESIAN_POINT ( 'NONE',  ( 2.551560972714160600, -0.5592765421640639700, -84.99571383175639000 ) ) ;
#4537 = CARTESIAN_POINT ( 'NONE',  ( 6.419066497656505300, -1.228489802778739200, -70.34962503206385500 ) ) ;
#4538 = CARTESIAN_POINT ( 'NONE',  ( -0.3219516779942819800, -2.285281847031448400, -99.54086229423693100 ) ) ;
#4539 = CARTESIAN_POINT ( 'NONE',  ( 7.739481818608713800, 3.033438695126689400, 34.99999999999995000 ) ) ;
#4540 = CARTESIAN_POINT ( 'NONE',  ( 13.29785949944605500, -3.502856202887450800, -40.00382185745043300 ) ) ;
#4541 = CARTESIAN_POINT ( 'NONE',  ( 4.637581098712199300, 0.3050256012237314000, 5.765207112172456400 ) ) ;
#4542 = CARTESIAN_POINT ( 'NONE',  ( -11.99166852849862000, -3.489724016988297300, 70.12014765095723600 ) ) ;
#4543 = CARTESIAN_POINT ( 'NONE',  ( 6.315547847263595700, 0.9488544414885336000, 86.32146666599072700 ) ) ;
#4544 = CARTESIAN_POINT ( 'NONE',  ( -5.500000000000000000, -3.500000000000000000, 101.5999999999999900 ) ) ;
#4545 = CARTESIAN_POINT ( 'NONE',  ( 12.04757080901978800, -3.441182631172480900, -67.59328417660600500 ) ) ;
#4546 = CARTESIAN_POINT ( 'NONE',  ( -7.130675448363576600, -0.4421070260389650100, 65.00000000000000000 ) ) ;
#4547 = CARTESIAN_POINT ( 'NONE',  ( 4.096002930801534000, 1.501954506270182200, 80.57432127443152600 ) ) ;
#4548 = CARTESIAN_POINT ( 'NONE',  ( 7.175520537883930000, 0.8678555606868695300, 70.37466977901918600 ) ) ;
#4549 = DIRECTION ( 'NONE',  ( 0.0000000000000000000, 0.0000000000000000000, 1.000000000000000000 ) ) ;
#4550 = CARTESIAN_POINT ( 'NONE',  ( -6.434951684269401000, -0.3838512225318878600, -86.31807101523848800 ) ) ;
#4551 = CARTESIAN_POINT ( 'NONE',  ( 4.251135326965861200, 0.7307946623441019500, -68.06888295621240600 ) ) ;
#4552 = CARTESIAN_POINT ( 'NONE',  ( 10.23222477039665400, -2.845021310412859900, -70.35293642492540300 ) ) ;
#4553 = CARTESIAN_POINT ( 'NONE',  ( 4.723703292664049900, 0.4800804721186269800, 91.59999999999999400 ) ) ;
#4554 = CARTESIAN_POINT ( 'NONE',  ( -4.577908147563846300, -3.091346004255367300, 3.062345030431993500 ) ) ;
#4555 = CARTESIAN_POINT ( 'NONE',  ( 8.597266801069935100, 4.308727309818356900, 45.05875648745953300 ) ) ;
#4556 = EDGE_LOOP ( 'NONE', ( #5109, #4919, #972, #3840, #2249, #3871, #4282, #828 ) ) ;
#4557 = CARTESIAN_POINT ( 'NONE',  ( 7.266722016811225900, 1.195256904456912400, -35.00000000000000000 ) ) ;
#4558 = EDGE_CURVE ( 'NONE', #4695, #3784, #2378, .T. ) ;
#4559 = CARTESIAN_POINT ( 'NONE',  ( 4.552846171616891100, 2.718282363560556200, 5.820458200585034300 ) ) ;
#4560 = CARTESIAN_POINT ( 'NONE',  ( -7.639324311853663100, -3.323463463182948700, 91.59999999999999400 ) ) ;
#4561 = CARTESIAN_POINT ( 'NONE',  ( 6.102813215309161900, 0.2814837495404421400, 91.60000000000026400 ) ) ;
#4562 = ORIENTED_EDGE ( 'NONE', *, *, #3009, .T. ) ;
#4563 = CARTESIAN_POINT ( 'NONE',  ( -6.537333751838266600, -0.2841988154450740300, -86.32523847869275400 ) ) ;
#4564 = CARTESIAN_POINT ( 'NONE',  ( 11.91146287807707100, -3.495627888606577000, -67.67748053202908000 ) ) ;
#4565 = CARTESIAN_POINT ( 'NONE',  ( -13.26915514171067500, -3.492244288815582900, 35.00000000000000000 ) ) ;
#4566 = CARTESIAN_POINT ( 'NONE',  ( 0.4303031582508657900, 0.4014669507882640500, 85.42212010025598100 ) ) ;
#4567 = CARTESIAN_POINT ( 'NONE',  ( 6.148823661859199600, -0.5304573572836411800, 86.29985334261273500 ) ) ;
#4568 = CARTESIAN_POINT ( 'NONE',  ( -7.335585710628822500, 0.9596999446554543800, -70.38918682754686500 ) ) ;
#4569 = CARTESIAN_POINT ( 'NONE',  ( 0.5557569461454675600, -0.5290004530701872800, -91.60000000000000900 ) ) ;
#4570 = CARTESIAN_POINT ( 'NONE',  ( -12.05751920069534400, -3.435015512788734500, 67.58262815693024100 ) ) ;
#4571 = CARTESIAN_POINT ( 'NONE',  ( 3.500103634515409300, 0.3890674239539849100, 91.59999999999998000 ) ) ;
#4572 = CARTESIAN_POINT ( 'NONE',  ( -3.401181651596549400, -2.475969392201541600, 4.331381501159379300 ) ) ;
#4573 = CARTESIAN_POINT ( 'NONE',  ( 7.739481818608713800, 3.033438695126689400, 45.03633987025011000 ) ) ;
#4574 = CARTESIAN_POINT ( 'NONE',  ( 8.587608029728986700, 4.163413077083399500, 23.25746102708412300 ) ) ;
#4575 = CARTESIAN_POINT ( 'NONE',  ( 6.089569868842662700, 0.2942611143748803400, 91.60000000000026400 ) ) ;
#4576 = CARTESIAN_POINT ( 'NONE',  ( -6.534814610955791600, -3.502338782954979500, 96.76861869060842000 ) ) ;
#4577 = CARTESIAN_POINT ( 'NONE',  ( 12.06837085073899200, -3.500190935279544400, -65.00000000000000000 ) ) ;
#4578 = CIRCLE ( 'NONE', #529, 5.500000000000000000 ) ;
#4579 = CARTESIAN_POINT ( 'NONE',  ( 3.140105572608553200, 4.185706080450992200, 55.04672188883633800 ) ) ;
#4580 = CARTESIAN_POINT ( 'NONE',  ( -3.275758061198933600, 1.090385535541952700, 68.28334292090507100 ) ) ;
#4581 = CARTESIAN_POINT ( 'NONE',  ( -7.222756915760602900, 0.7957333966674259300, -81.08330349631201300 ) ) ;
#4582 = CARTESIAN_POINT ( 'NONE',  ( 6.585523142334428900, -0.06728734190480922800, 81.00466363231682000 ) ) ;
#4583 = CARTESIAN_POINT ( 'NONE',  ( -6.836860072984244100, 0.06793025517602482900, -81.02918682754678100 ) ) ;
#4584 = CIRCLE ( 'NONE', #1271, 2.500000000000000000 ) ;
#4585 = CARTESIAN_POINT ( 'NONE',  ( 3.605931155248595800, 0.9726813750880400900, -68.21116085546610500 ) ) ;
#4586 = CARTESIAN_POINT ( 'NONE',  ( -6.738072322145830700, 0.3991327400285057400, -86.34490824552362700 ) ) ;
#4587 = CARTESIAN_POINT ( 'NONE',  ( -7.674438083966977700, -3.353084818829482400, 91.60000000000003700 ) ) ;
#4588 = CARTESIAN_POINT ( 'NONE',  ( -2.577751611685559200, -0.7942670375992503300, 78.31485012061081400 ) ) ;
#4589 = CARTESIAN_POINT ( 'NONE',  ( 3.675057738030871300, 2.396261171291823400, 54.88653246951085400 ) ) ;
#4590 = CARTESIAN_POINT ( 'NONE',  ( 7.776606121294507000, 3.050896305807777200, 35.00000000000000000 ) ) ;
#4591 = CARTESIAN_POINT ( 'NONE',  ( -6.489146310642580900, 2.239103471499720200, -75.78076872519277200 ) ) ;
#4592 = CARTESIAN_POINT ( 'NONE',  ( 0.0000000000000000000, 3.500000000000000000, -5.500000000000000000 ) ) ;
#4593 = CARTESIAN_POINT ( 'NONE',  ( 7.602915447870597800, 2.859445760795120700, 64.99999999999995700 ) ) ;
#4594 = CARTESIAN_POINT ( 'NONE',  ( -7.353854001680362600, 1.411463800705353000, -65.00000000000000000 ) ) ;
#4595 = CARTESIAN_POINT ( 'NONE',  ( -5.500000000000000000, -3.500000000000000000, 101.5999999999999900 ) ) ;
#4596 = AXIS2_PLACEMENT_3D ( 'NONE', #1322, #2121, #69 ) ;
#4597 = CARTESIAN_POINT ( 'NONE',  ( 7.607682799672765000, -3.494381338622723400, -91.59999999999999400 ) ) ;
#4598 = CARTESIAN_POINT ( 'NONE',  ( -5.216487792279433000, -3.431835659856597800, 23.94588434595592100 ) ) ;
#4599 = CARTESIAN_POINT ( 'NONE',  ( 3.536850221109658000, 2.000024045857273800, 74.72757693756534500 ) ) ;
#4600 = CARTESIAN_POINT ( 'NONE',  ( 6.995248487294218400, 0.8069349028784216200, 70.35970668522564600 ) ) ;
#4601 = B_SPLINE_CURVE_WITH_KNOTS ( 'NONE', 3,
 ( #3541, #3110, #4765, #2776, #5277, #307, #3636, #3187, #1989, #2010, #4434, #5260, #2398, #4039, #783, #2845, #4882, #2415, #749, #2379, #2810, #712, #1557, #5295, #342, #3666, #361, #1625, #4453, #2827, #3596, #1181, #1140, #4488, #5241, #3237, #1594, #2360, #766, #4413, #1609, #1971, #2794, #1213, #4076, #4003, #732, #4846 ),
 .UNSPECIFIED., .F., .F.,
 ( 4, 2, 2, 2, 2, 2, 2, 2, 2, 2, 2, 2, 2, 2, 2, 2, 2, 2, 2, 2, 2, 2, 2, 4 ),
 ( 7.663399883020687300E-018, 0.0003851643061502645000, 0.0007703286123005214000, 0.001540657224601035000, 0.001733239377676163500, 0.001745275762243359300, 0.001757312146810555300, 0.001781384915944947300, 0.001829530454213731300, 0.001925821530751299300, 0.002310985836901570000, 0.002696150143051840800, 0.003081314449202111600, 0.003851643061502653700, 0.004621971673803194600, 0.005392300286103736200, 0.006162628898404277000, 0.006932957510704818700, 0.007703286123005359500, 0.009243943347606439400, 0.01078460057220751900, 0.01116976487835779100, 0.01155492918450806200, 0.01232525779680860100 ),
 .UNSPECIFIED. ) ;
#4602 = CARTESIAN_POINT ( 'NONE',  ( 5.162781236881126100, 0.3481630525693187300, -67.90072908368479400 ) ) ;
#4603 = CARTESIAN_POINT ( 'NONE',  ( -7.202536935058660100, 0.9828916933844655800, -81.08815545950467700 ) ) ;
#4604 = CARTESIAN_POINT ( 'NONE',  ( -5.500000000000000000, -3.500000000000000000, 101.5999999999999900 ) ) ;
#4605 = CARTESIAN_POINT ( 'NONE',  ( 13.38622377657985900, -3.274055437160718500, -35.00000000000000000 ) ) ;
#4606 = CARTESIAN_POINT ( 'NONE',  ( -6.735557395310442000E-016, 3.500000000000000000, -5.500000000000000000 ) ) ;
#4607 = CARTESIAN_POINT ( 'NONE',  ( 0.0000000000000000000, -3.926777784743245500, 2.500000000000000000 ) ) ;
#4608 = CARTESIAN_POINT ( 'NONE',  ( 5.528981754331067800, 1.587890443033218100, 0.0000000000000000000 ) ) ;
#4609 = CARTESIAN_POINT ( 'NONE',  ( -6.190820367993549800, 0.9929611963255273700, -86.31097323669276000 ) ) ;
#4610 = CARTESIAN_POINT ( 'NONE',  ( -7.312499999999926300, -21.11747082298127500, -35.00000000000000000 ) ) ;
#4611 = CARTESIAN_POINT ( 'NONE',  ( 7.163327473701373900, 2.627193720877369000, 70.40526024875684600 ) ) ;
#4612 = CARTESIAN_POINT ( 'NONE',  ( -7.477895013888527800, -3.478853459834970500, 91.59999999999998000 ) ) ;
#4613 = CARTESIAN_POINT ( 'NONE',  ( 8.881745761024285800, -3.499006284879282400, -84.95057971921957600 ) ) ;
#4614 = EDGE_LOOP ( 'NONE', ( #3152, #3337, #3416, #2889, #2834, #2734, #1093, #4685 ) ) ;
#4615 = CARTESIAN_POINT ( 'NONE',  ( 5.499963248186062100, 1.485941119275866300, 0.02273467613381275100 ) ) ;
#4616 = CARTESIAN_POINT ( 'NONE',  ( 1.394271579942802500, 1.204896510763769200, 79.85877850993006200 ) ) ;
#4617 = CARTESIAN_POINT ( 'NONE',  ( 7.048971915750749800, 0.2943990107154806400, 81.05342533890920700 ) ) ;
#4618 = CARTESIAN_POINT ( 'NONE',  ( 1.672593649292130500, -0.9419733094848231600, -91.59999999999999400 ) ) ;
#4619 = CARTESIAN_POINT ( 'NONE',  ( -7.120375546308739700, 1.207729769979427400, -81.08958147240127800 ) ) ;
#4620 = CARTESIAN_POINT ( 'NONE',  ( -6.053224935138692000, -3.219023498586314000, 96.79169207297772500 ) ) ;
#4621 = ORIENTED_EDGE ( 'NONE', *, *, #3975, .F. ) ;
#4622 = CARTESIAN_POINT ( 'NONE',  ( -5.175315884351128700, -0.1696569241813815600, -98.38101291942410900 ) ) ;
#4623 = CARTESIAN_POINT ( 'NONE',  ( 5.500000000000000000, -3.500000000000000000, -101.5999999999999900 ) ) ;
#4624 = CARTESIAN_POINT ( 'NONE',  ( -5.246139640217502500, 0.7014085854226807000, -1.690739151490640200 ) ) ;
#4625 = EDGE_CURVE ( 'NONE', #177, #4169, #4853, .T. ) ;
#4626 = CARTESIAN_POINT ( 'NONE',  ( 13.26915514171067100, -3.492244288815581100, -40.00417574954925500 ) ) ;
#4627 = CARTESIAN_POINT ( 'NONE',  ( -5.967913143498689600, 0.3888005105753441500, -91.60000000000029300 ) ) ;
#4628 = DIRECTION ( 'NONE',  ( -1.000000000000000000, 0.0000000000000000000, 0.0000000000000000000 ) ) ;
#4629 = CARTESIAN_POINT ( 'NONE',  ( -5.500000000000000000, -3.500000000000000000, 101.5999999999999900 ) ) ;
#4630 = CARTESIAN_POINT ( 'NONE',  ( 7.627068485593742500, -3.484494567129924600, -91.59999999999999400 ) ) ;
#4631 = CARTESIAN_POINT ( 'NONE',  ( -6.472847820558123500, 0.3056898166041294200, -75.64431195566984900 ) ) ;
#4632 = CARTESIAN_POINT ( 'NONE',  ( -10.90229518007885200, -1.459944882438274800, 40.86192774581265000 ) ) ;
#4633 = CARTESIAN_POINT ( 'NONE',  ( -2.499415132661436000, 0.2016658034442799500, 78.70888295621244900 ) ) ;
#4634 = CARTESIAN_POINT ( 'NONE',  ( 7.574082053745355500, 1.191664413927693100, 70.41342533890930600 ) ) ;
#4635 = CARTESIAN_POINT ( 'NONE',  ( -11.90770782854872900, -3.449422053367337900, 70.25558499713639500 ) ) ;
#4636 = CARTESIAN_POINT ( 'NONE',  ( 7.163231072387155500, -0.6394779869911262300, -67.66591850289836400 ) ) ;
#4637 = CARTESIAN_POINT ( 'NONE',  ( -7.187148539854195700, 1.050098805338632000, -81.08927438863092600 ) ) ;
#4638 = CARTESIAN_POINT ( 'NONE',  ( -7.575125411725758300, -3.503091601416670600, 91.59999999999998000 ) ) ;
#4639 = CARTESIAN_POINT ( 'NONE',  ( -0.5404855767538724300, -1.749458338471516500, 91.59999999999998000 ) ) ;
#4640 = APPROVAL_DATE_TIME ( #3740, #1404 ) ;
#4641 = CARTESIAN_POINT ( 'NONE',  ( -3.936494959300416600, -0.1933102078443929300, 70.34135006407326800 ) ) ;
#4642 = CARTESIAN_POINT ( 'NONE',  ( -8.208273516211974700, 3.323024600393545700, -35.00000000000002800 ) ) ;
#4643 = CARTESIAN_POINT ( 'NONE',  ( -7.133322718872568300, 2.633650474957781800, -70.40128508892404100 ) ) ;
#4644 = DIRECTION ( 'NONE',  ( 0.0000000000000000000, 1.000000000000000000, 0.0000000000000000000 ) ) ;
#4645 = PERSON_AND_ORGANIZATION ( #3553, #851 ) ;
#4646 = CARTESIAN_POINT ( 'NONE',  ( -5.458724118193523500, -2.991115921416672900, 96.87035501528724500 ) ) ;
#4647 = CARTESIAN_POINT ( 'NONE',  ( 3.751148974479189900, -2.703002216448096500, -24.09625883010560400 ) ) ;
#4648 = CARTESIAN_POINT ( 'NONE',  ( -4.339636348825957100, -0.4182583733796581000, -86.10852631384699400 ) ) ;
#4649 = CARTESIAN_POINT ( 'NONE',  ( 5.499008483895957000, 1.441787242512382300, 0.1064815977745409000 ) ) ;
#4650 = CARTESIAN_POINT ( 'NONE',  ( -6.416658221636000200, -0.2465062408579819000, 67.72921327587282300 ) ) ;
#4651 = CARTESIAN_POINT ( 'NONE',  ( 6.053621759979593600, -0.8256580272503963900, 91.59999999999968200 ) ) ;
#4652 = CARTESIAN_POINT ( 'NONE',  ( -7.672125247926749700, -3.419776468158328300, 91.60000000000003700 ) ) ;
#4653 = PERSON_AND_ORGANIZATION_ROLE ( 'classification_officer' ) ;
#4654 = LINE ( 'NONE', #1706, #2736 ) ;
#4655 = CARTESIAN_POINT ( 'NONE',  ( 4.790753321610658600, -0.7446102340961012800, -78.31787031441581300 ) ) ;
#4656 = CARTESIAN_POINT ( 'NONE',  ( -6.323643425347572000, -0.2952657016641445100, -91.59999999999993700 ) ) ;
#4657 = CARTESIAN_POINT ( 'NONE',  ( -6.367150278152977600, -3.340552441766227300, 96.77279941328799900 ) ) ;
#4658 = EDGE_CURVE ( 'NONE', #908, #3527, #724, .T. ) ;
#4659 = CARTESIAN_POINT ( 'NONE',  ( -4.028547708209576900, 0.05315460351387792100, 65.00000000000000000 ) ) ;
#4660 = CARTESIAN_POINT ( 'NONE',  ( -4.723703292664049900, 0.4800804721186269800, -91.59999999999999400 ) ) ;
#4661 = CARTESIAN_POINT ( 'NONE',  ( 1.316009499132770000, 1.071348460612802100, -65.00000000000005700 ) ) ;
#4662 = CARTESIAN_POINT ( 'NONE',  ( -6.413727592488411000, 1.597121882075710700, -81.02194647338524200 ) ) ;
#4663 = CARTESIAN_POINT ( 'NONE',  ( 6.986995560419892100, -3.058214594534034900, -91.59999999999998000 ) ) ;
#4664 = CARTESIAN_POINT ( 'NONE',  ( -2.082061681108955800, -2.133749714706710200, 91.59999999999996600 ) ) ;
#4665 = AXIS2_PLACEMENT_3D ( 'NONE', #3910, #1535, #1518 ) ;
#4666 = CARTESIAN_POINT ( 'NONE',  ( -2.419807581430968700, -0.2249859100612356400, 0.0000000000000000000 ) ) ;
#4667 = CARTESIAN_POINT ( 'NONE',  ( -5.846554226464978600, -0.5571796470870112900, -86.28034308778367700 ) ) ;
#4668 = CARTESIAN_POINT ( 'NONE',  ( -10.25828859273808300, -1.658266611398802700, 52.93096387290636100 ) ) ;
#4669 = CARTESIAN_POINT ( 'NONE',  ( -5.597548834828257800, 0.1519597771718472500, 67.83213103761090700 ) ) ;
#4670 = B_SPLINE_CURVE_WITH_KNOTS ( 'NONE', 3,
 ( #2571, #3776, #77, #2609, #2540, #1811, #3372, #2961, #492, #962, #4216, #1741 ),
 .UNSPECIFIED., .F., .F.,
 ( 4, 2, 2, 2, 2, 4 ),
 ( 0.01232525779680860100, 0.01375487134208199700, 0.01518448488735539000, 0.01661409843262878800, 0.01732890520526548400, 0.01804371197790218000 ),
 .UNSPECIFIED. ) ;
#4671 = CARTESIAN_POINT ( 'NONE',  ( 7.603509629318455900, 1.232897152940497700, 70.41674186111602300 ) ) ;
#4672 = CARTESIAN_POINT ( 'NONE',  ( -10.22614392549542700, -3.462190723718860500, 78.26781773001948700 ) ) ;
#4673 = CARTESIAN_POINT ( 'NONE',  ( -7.136612466117175500, 0.4393312363164232900, -81.06496488473307200 ) ) ;
#4674 = CARTESIAN_POINT ( 'NONE',  ( 7.706956932044444200, -0.9315315608978729200, -67.62987361524267300 ) ) ;
#4675 = CARTESIAN_POINT ( 'NONE',  ( -7.706436481915013700, 2.155214729165087800, -70.44952989242391100 ) ) ;
#4676 = CARTESIAN_POINT ( 'NONE',  ( -7.332061680609292000, -3.442499304570989100, 91.59999999999998000 ) ) ;
#4677 = CARTESIAN_POINT ( 'NONE',  ( -2.315342084043631400, -0.7009816567022247900, 78.40921146435664500 ) ) ;
#4678 = CARTESIAN_POINT ( 'NONE',  ( 5.500000000000000000, -3.500000000000000000, -101.5999999999999900 ) ) ;
#4679 = EDGE_LOOP ( 'NONE', ( #429, #2692, #4830, #5010, #3970 ) ) ;
#4680 = CARTESIAN_POINT ( 'NONE',  ( 4.140803634213592800, 1.470674568676444400, -43.46375088686501400 ) ) ;
#4681 = CARTESIAN_POINT ( 'NONE',  ( -5.918214961054778700, 0.4162777962761608500, -91.60000000000026400 ) ) ;
#4682 = CARTESIAN_POINT ( 'NONE',  ( 7.549495560061596500, -3.282207010196621000, -91.59999999999998000 ) ) ;
#4683 = VERTEX_POINT ( 'NONE', #4432 ) ;
#4684 = CARTESIAN_POINT ( 'NONE',  ( 2.487189187078144400, -1.173076867064040100, 91.59999999999983800 ) ) ;
#4685 = ORIENTED_EDGE ( 'NONE', *, *, #4081, .T. ) ;
#4686 = CARTESIAN_POINT ( 'NONE',  ( 7.693987356707471500, -0.3529528159032009900, -35.00000000000000700 ) ) ;
#4687 = CARTESIAN_POINT ( 'NONE',  ( -1.624745414186618900, 1.309512077109826100, -69.32941449221870300 ) ) ;
#4688 = CARTESIAN_POINT ( 'NONE',  ( 2.400380103091954700, -0.04072456114653959900, 4.951938761527745000 ) ) ;
#4689 = CARTESIAN_POINT ( 'NONE',  ( -6.217219349106686700, -0.1464961342496459700, 67.75142766351277100 ) ) ;
#4690 = VERTEX_POINT ( 'NONE', #3614 ) ;
#4691 = CARTESIAN_POINT ( 'NONE',  ( 7.360272753145236100, 1.415658301299520300, 65.00000000000000000 ) ) ;
#4692 = CARTESIAN_POINT ( 'NONE',  ( -12.04091100025431200, -3.441830638634747700, 67.60260835014685200 ) ) ;
#4693 = CARTESIAN_POINT ( 'NONE',  ( -6.080650230939898600, -0.8020748677781510700, -91.59999999999968200 ) ) ;
#4694 = CARTESIAN_POINT ( 'NONE',  ( 3.291226952691051400, -0.8714555436749686900, -84.95423552326438700 ) ) ;
#4695 = VERTEX_POINT ( 'NONE', #341 ) ;
#4696 = CARTESIAN_POINT ( 'NONE',  ( -6.719289056107806200, 0.4754131216698849700, -86.34473642462128900 ) ) ;
#4697 = CARTESIAN_POINT ( 'NONE',  ( -5.500000000000000000, -3.500000000000000000, 101.5999999999999900 ) ) ;
#4698 = CARTESIAN_POINT ( 'NONE',  ( 6.526713906124260100, 1.603832684708401200, 81.04081065677536300 ) ) ;
#4699 = CARTESIAN_POINT ( 'NONE',  ( -0.2539217141106531700, -1.679770672132076400, 91.59999999999998000 ) ) ;
#4700 = CARTESIAN_POINT ( 'NONE',  ( 4.424495561535934500, -2.037804700582602500, -91.59999999999996600 ) ) ;
#4701 = CARTESIAN_POINT ( 'NONE',  ( 13.26915514171067100, -3.492244288815581100, -35.00000000000000000 ) ) ;
#4702 = CARTESIAN_POINT ( 'NONE',  ( -6.476921690988590700, 2.107954231667514400, -75.71734380613284500 ) ) ;
#4703 = CARTESIAN_POINT ( 'NONE',  ( 3.111995562092119800, -1.515155730498627600, -91.60000000000003700 ) ) ;
#4704 = FACE_OUTER_BOUND ( 'NONE', #1166, .T. ) ;
#4705 = CARTESIAN_POINT ( 'NONE',  ( 5.354029437801478300, -1.000000000000003600, 91.59999999999998000 ) ) ;
#4706 = CARTESIAN_POINT ( 'NONE',  ( -3.808764071486309400, 0.1250870961561772700, -6.462173173609989400 ) ) ;
#4707 = CARTESIAN_POINT ( 'NONE',  ( -6.127189547959753600, -0.1164050099558741300, -80.96165494154139700 ) ) ;
#4708 = CARTESIAN_POINT ( 'NONE',  ( -4.736484092474752200, -0.7191017572940284800, 78.32251145703573100 ) ) ;
#4709 = CARTESIAN_POINT ( 'NONE',  ( 6.636150707505120000, -0.1552963716024248500, 86.33248244236638400 ) ) ;
#4710 = CARTESIAN_POINT ( 'NONE',  ( -11.89307395511917400, -3.469786775825646000, 70.30054656601929300 ) ) ;
#4711 = CARTESIAN_POINT ( 'NONE',  ( -7.481316037652601600, 1.504553224338018600, -65.00000000000000000 ) ) ;
#4712 = CIRCLE ( 'NONE', #2197, 2.500000000000000000 ) ;
#4713 = CARTESIAN_POINT ( 'NONE',  ( 8.941595571132595000, -1.600098772092630500, -67.56729161852368300 ) ) ;
#4714 = CARTESIAN_POINT ( 'NONE',  ( -6.324795138522893500, -0.2687747765229471200, -91.59999999999996600 ) ) ;
#4715 = CARTESIAN_POINT ( 'NONE',  ( -2.088325561229120300, -2.246074405031257100, 92.79051739311965700 ) ) ;
#4716 = CARTESIAN_POINT ( 'NONE',  ( 6.052919756695125400, 0.3275268325420799800, 91.60000000000029300 ) ) ;
#4717 = ORIENTED_EDGE ( 'NONE', *, *, #4347, .F. ) ;
#4718 = CARTESIAN_POINT ( 'NONE',  ( -2.737643818839815300, 0.5671970574908137300, 65.00000000000000000 ) ) ;
#4719 = CARTESIAN_POINT ( 'NONE',  ( 6.451009957655247500, -3.380820244756781900, -96.76943511553531600 ) ) ;
#4720 = FACE_OUTER_BOUND ( 'NONE', #832, .T. ) ;
#4721 = CARTESIAN_POINT ( 'NONE',  ( 2.577751611685559200, -0.7942670375992503300, -78.31485012061081400 ) ) ;
#4722 = CARTESIAN_POINT ( 'NONE',  ( -6.483144909201541900, 2.092968709196150200, -75.70687171689466800 ) ) ;
#4723 = CARTESIAN_POINT ( 'NONE',  ( 7.613518841526084400, -3.394623430052362300, -91.93448385855174400 ) ) ;
#4724 = CARTESIAN_POINT ( 'NONE',  ( -5.438276703645452200, 1.065356815629277000, -0.8395466967214205700 ) ) ;
#4725 = CARTESIAN_POINT ( 'NONE',  ( -6.085740376444058500, -3.399194561495446200, 96.78146330470583800 ) ) ;
#4726 = CARTESIAN_POINT ( 'NONE',  ( 7.693987356707471500, -0.3529528159032009900, -23.22325450490696100 ) ) ;
#4727 = CARTESIAN_POINT ( 'NONE',  ( -6.235197726546100900, -0.1236919948671297300, -80.97270248011042800 ) ) ;
#4728 = CARTESIAN_POINT ( 'NONE',  ( 4.025947264242243600, 0.3260886170566560900, 3.751883451185273000 ) ) ;
#4729 = CARTESIAN_POINT ( 'NONE',  ( -4.909860256089972500, -0.8009377778651141100, 78.30847104652879400 ) ) ;
#4730 = CARTESIAN_POINT ( 'NONE',  ( 6.310850953093063400, -0.3985518718915080400, 91.59999999999989500 ) ) ;
#4731 = CARTESIAN_POINT ( 'NONE',  ( -10.11465797579507600, -3.496319897800608300, 78.31748053202910900 ) ) ;
#4732 = CARTESIAN_POINT ( 'NONE',  ( 4.723407679269733700, -2.156834118140998700, -91.60000000000002300 ) ) ;
#4733 = CARTESIAN_POINT ( 'NONE',  ( -6.713003406523920800, 0.4958160658467275500, -86.34460834452320900 ) ) ;
#4734 = CARTESIAN_POINT ( 'NONE',  ( -3.249234603997036800, -2.497995535183740000, 92.46980101515865200 ) ) ;
#4735 = CARTESIAN_POINT ( 'NONE',  ( 7.395628286798579900, 3.061232860018361800, 64.99999999999997200 ) ) ;
#4736 = EDGE_CURVE ( 'NONE', #1032, #1668, #4578, .T. ) ;
#4737 = CARTESIAN_POINT ( 'NONE',  ( -3.102476923854471800, 0.4322654118848899300, 65.00000000000000000 ) ) ;
#4738 = ADVANCED_FACE ( 'NONE', ( #2796, #468 ), #1640, .T. ) ;
#4739 = CARTESIAN_POINT ( 'NONE',  ( 3.111995562092119800, -1.515155730498627600, -91.60000000000003700 ) ) ;
#4740 = CARTESIAN_POINT ( 'NONE',  ( 4.007104554612896900, 0.06261168385628486400, -65.00000000000000000 ) ) ;
#4741 = CARTESIAN_POINT ( 'NONE',  ( -6.868594179606672500, 2.653958671395515000, -70.35687234300580400 ) ) ;
#4742 = CARTESIAN_POINT ( 'NONE',  ( 5.500000000000000000, -3.500000000000000000, -101.5999999999999900 ) ) ;
#4743 = CARTESIAN_POINT ( 'NONE',  ( -1.960588517315774400, 2.604610318927721700, -6.477235281265006300 ) ) ;
#4744 = CARTESIAN_POINT ( 'NONE',  ( -7.759425204335078900, 1.558134605271621400, -70.43707583891975300 ) ) ;
#4745 = CARTESIAN_POINT ( 'NONE',  ( -5.946645014171371800, -3.097134829492069300, 91.60000000000000900 ) ) ;
#4746 = CARTESIAN_POINT ( 'NONE',  ( -6.533027427128313700, 0.3029253424768124100, -75.65300821239624400 ) ) ;
#4747 = CARTESIAN_POINT ( 'NONE',  ( -8.066054962174789000, -1.265789677325184000, 70.18835186290465300 ) ) ;
#4748 = CARTESIAN_POINT ( 'NONE',  ( 6.320151960343235200, -0.3363764229656812700, 91.59999999999992300 ) ) ;
#4749 = CARTESIAN_POINT ( 'NONE',  ( -11.93963244836229400, -3.501791265136455800, 67.67101059883704300 ) ) ;
#4750 = CARTESIAN_POINT ( 'NONE',  ( -7.668847182415285100, 1.403014359377056300, -75.86395098747186700 ) ) ;
#4751 = ORIENTED_EDGE ( 'NONE', *, *, #4817, .T. ) ;
#4752 = CARTESIAN_POINT ( 'NONE',  ( 7.618498148863679400, -3.309898150419261900, -91.59999999999999400 ) ) ;
#4753 = CARTESIAN_POINT ( 'NONE',  ( -6.683754435136737700, 0.5798086459388056600, -86.34384978757573500 ) ) ;
#4754 = CARTESIAN_POINT ( 'NONE',  ( -4.925811680909601100, -2.842655742567634200, 91.60000000000000900 ) ) ;
#4755 = VERTEX_POINT ( 'NONE', #1103 ) ;
#4756 = CARTESIAN_POINT ( 'NONE',  ( 7.555681281594739400, 2.917680725551460100, 64.99999999999997200 ) ) ;
#4757 = CARTESIAN_POINT ( 'NONE',  ( -2.227346060668968800, -0.6706385910147907300, 78.44050017507356600 ) ) ;
#4758 = CARTESIAN_POINT ( 'NONE',  ( 5.500000000000000000, -3.500000000000000000, -101.5999999999999900 ) ) ;
#4759 = EDGE_LOOP ( 'NONE', ( #2629, #2330, #3116, #2831 ) ) ;
#4760 = CARTESIAN_POINT ( 'NONE',  ( -7.826788817194575600, 2.073798295717659700, -64.99999999999997200 ) ) ;
#4761 = CARTESIAN_POINT ( 'NONE',  ( -7.342820218160389900, 3.097260252069106800, -64.99999999999998600 ) ) ;
#4762 = CARTESIAN_POINT ( 'NONE',  ( 5.500000000000000000, -3.500000000000000000, -101.5999999999999900 ) ) ;
#4763 = CARTESIAN_POINT ( 'NONE',  ( -3.352147286964856300, 2.824631478723828700, -5.803733397248822500 ) ) ;
#4764 = CARTESIAN_POINT ( 'NONE',  ( -5.500000000000000000, -3.500000000000000000, 101.5999999999999900 ) ) ;
#4765 = CARTESIAN_POINT ( 'NONE',  ( 5.300832950019472600, -3.452909573147706600, -1.472209024453376100 ) ) ;
#4766 = CARTESIAN_POINT ( 'NONE',  ( -5.684845500821242400, -0.9920000778399279400, -91.59999999999990900 ) ) ;
#4767 = DIRECTION ( 'NONE',  ( -0.0000000000000000000, -1.000000000000000000, -0.0000000000000000000 ) ) ;
#4768 = CARTESIAN_POINT ( 'NONE',  ( -8.941595571132595000, -1.600098772092630500, 67.56729161852368300 ) ) ;
#4769 = CARTESIAN_POINT ( 'NONE',  ( 6.180303974165998000, -0.6969285755904497400, 91.59999999999968200 ) ) ;
#4770 = CARTESIAN_POINT ( 'NONE',  ( -11.78010181972357100, -3.495955262682059600, 70.35496106405817300 ) ) ;
#4771 = CARTESIAN_POINT ( 'NONE',  ( 6.998527737692379300, -2.456807352174188400, -84.87756789622287100 ) ) ;
#4772 = CARTESIAN_POINT ( 'NONE',  ( -7.745391139878647000, 2.609655201999432800, -64.99999999999994300 ) ) ;
#4773 = CARTESIAN_POINT ( 'NONE',  ( 6.407476991347506300, -0.2454133121814425800, 91.59999999999998000 ) ) ;
#4774 = CARTESIAN_POINT ( 'NONE',  ( 6.080163035205360200, 0.3030198114288231200, 91.60000000000027900 ) ) ;
#4775 = CARTESIAN_POINT ( 'NONE',  ( 3.587702466508436900, -0.4077846779806804100, 85.98903052102846800 ) ) ;
#4776 = CARTESIAN_POINT ( 'NONE',  ( 6.195010293770467400, -3.424981596098041000, -96.77619747656956400 ) ) ;
#4777 = AXIS2_PLACEMENT_3D ( 'NONE', #3463, #967, #600 ) ;
#4778 = CARTESIAN_POINT ( 'NONE',  ( 1.559118594219715700, -1.271862688035383600, -84.95742506030539700 ) ) ;
#4779 = CARTESIAN_POINT ( 'NONE',  ( -6.541944248788661700, 2.051890143860482000, -75.63412547428936300 ) ) ;
#4780 = CARTESIAN_POINT ( 'NONE',  ( 5.500000000000000000, -3.500000000000000000, -101.5999999999999900 ) ) ;
#4781 = CARTESIAN_POINT ( 'NONE',  ( -0.7946534794026892700, 2.155801105530697400, -8.281370285117992200 ) ) ;
#4782 = LOCAL_TIME ( 7, 14, 16.00000000000000000, #2577 ) ;
#4783 = CARTESIAN_POINT ( 'NONE',  ( -7.786523262564686300, 1.711995033765072000, -70.44330349631209700 ) ) ;
#4784 = CARTESIAN_POINT ( 'NONE',  ( -5.499615826245675800, 1.540237350613237200, -0.06700533601021989300 ) ) ;
#4785 = ORIENTED_EDGE ( 'NONE', *, *, #5114, .F. ) ;
#4786 = CARTESIAN_POINT ( 'NONE',  ( -4.789576431103972400, 2.649599163913952000, -5.719227204834493400 ) ) ;
#4787 = CARTESIAN_POINT ( 'NONE',  ( -5.888451486080197300, -0.5601015826109907400, -86.28332708965497500 ) ) ;
#4788 = CARTESIAN_POINT ( 'NONE',  ( -6.419066497656505300, -1.228489802778739200, 70.34962503206385500 ) ) ;
#4789 = VECTOR ( 'NONE', #5009, 1000.000000000000000 ) ;
#4790 = CARTESIAN_POINT ( 'NONE',  ( -1.562093928767093600, -0.8979713550837173900, 91.60000000000000900 ) ) ;
#4791 = CARTESIAN_POINT ( 'NONE',  ( 7.113782973692718100, 1.219601019862717000, 81.08947284924259700 ) ) ;
#4792 = CARTESIAN_POINT ( 'NONE',  ( -10.14172525223163200, -3.501967708371569000, 78.31101059883705800 ) ) ;
#4793 = CARTESIAN_POINT ( 'NONE',  ( 12.13302004088619200, -3.291111225364293800, -65.00000000000000000 ) ) ;
#4794 = CIRCLE ( 'NONE', #741, 0.7499999999999997800 ) ;
#4795 = CARTESIAN_POINT ( 'NONE',  ( -6.144530226899998800, 0.2368358839599092900, -91.60000000000026400 ) ) ;
#4796 = CARTESIAN_POINT ( 'NONE',  ( 3.352147286964856300, 2.824631478723828700, 5.803733397248822500 ) ) ;
#4797 = CARTESIAN_POINT ( 'NONE',  ( 6.328073274804474100, 1.580665595134529600, 81.00319266760062900 ) ) ;
#4798 = CARTESIAN_POINT ( 'NONE',  ( -0.3218720700054221200, -0.1277316043184999500, 79.11455797756634900 ) ) ;
#4799 = CARTESIAN_POINT ( 'NONE',  ( 4.925811680909601100, -2.842655742567634200, -91.60000000000000900 ) ) ;
#4800 = PRODUCT ( 'PROPELLER - 8x4_Défaut_sldprt', 'PROPELLER - 8x4_Défaut_sldprt', '', ( #845 ) ) ;
#4801 = CARTESIAN_POINT ( 'NONE',  ( -6.812499999999925400, 3.249999999999999600, -65.00000000000000000 ) ) ;
#4802 = CARTESIAN_POINT ( 'NONE',  ( -5.573167675344517000, 0.5000253446774638500, -91.59999999999998000 ) ) ;
#4803 = CARTESIAN_POINT ( 'NONE',  ( 6.890020587540935700, -3.349963192196080600, -91.95239495313916200 ) ) ;
#4804 = CARTESIAN_POINT ( 'NONE',  ( -1.378307846065301800, 2.414775042353970700, -7.192876580974879800 ) ) ;
#4805 = CARTESIAN_POINT ( 'NONE',  ( -7.379305363135803700, 1.428528482263407700, -65.00000000000000000 ) ) ;
#4806 = CARTESIAN_POINT ( 'NONE',  ( 1.127790289343627800, -1.367487112031255500, -5.390543744727435400 ) ) ;
#4807 = CARTESIAN_POINT ( 'NONE',  ( 12.04282393643056700, -3.495300514531105100, -65.00000000000000000 ) ) ;
#4808 = CARTESIAN_POINT ( 'NONE',  ( -6.481367097174954800, 0.3046593486798787600, -75.64552843288588200 ) ) ;
#4809 = CARTESIAN_POINT ( 'NONE',  ( -4.882457373097620000, -1.623747630943249000, 78.31469631294959300 ) ) ;
#4810 = CARTESIAN_POINT ( 'NONE',  ( -3.794461570183167900, -1.786919659182252300, 91.60000000000002300 ) ) ;
#4811 = CARTESIAN_POINT ( 'NONE',  ( 6.324582636386352000, -0.2756453762229534300, 91.59999999999996600 ) ) ;
#4812 = CARTESIAN_POINT ( 'NONE',  ( -11.83704275198465400, -3.500623066878259900, 70.33555084614485500 ) ) ;
#4813 = CARTESIAN_POINT ( 'NONE',  ( 8.962055957570905600, -3.346586357444428100, -84.89954858597445800 ) ) ;
#4814 = CARTESIAN_POINT ( 'NONE',  ( -6.573717372366743900, 1.601303147857571700, -81.04731872362447100 ) ) ;
#4815 = CARTESIAN_POINT ( 'NONE',  ( -0.1623420578244355900, -1.834828462090690900, 99.99050645971205100 ) ) ;
#4816 = CARTESIAN_POINT ( 'NONE',  ( 6.528344563924750200, 2.052911910354219900, 75.65844214945096300 ) ) ;
#4817 = EDGE_CURVE ( 'NONE', #822, #4044, #983, .T. ) ;
#4818 = CARTESIAN_POINT ( 'NONE',  ( -0.02516502865302195500, 0.9041067581409625300, 72.73096454418418900 ) ) ;
#4819 = CARTESIAN_POINT ( 'NONE',  ( 3.248728347693834000, -2.424582956906062000, -91.59999999999999400 ) ) ;
#4820 = CARTESIAN_POINT ( 'NONE',  ( 3.775458037453868900, 0.01016806734913096300, -67.73785311825051300 ) ) ;
#4821 = CARTESIAN_POINT ( 'NONE',  ( -5.587734281498556200, 1.553954600205484900, -80.87201229162450000 ) ) ;
#4822 = CARTESIAN_POINT ( 'NONE',  ( 0.07395546124651723700, -1.862147600767278800, -93.61623552985697900 ) ) ;
#4823 = CARTESIAN_POINT ( 'NONE',  ( 0.7390350521396605900, 1.035527476884599500, 0.0000000000000000000 ) ) ;
#4824 = ORIENTED_EDGE ( 'NONE', *, *, #2815, .F. ) ;
#4825 = CARTESIAN_POINT ( 'NONE',  ( 2.199754458636715700, -1.863538655640830700, -5.071858964317655700 ) ) ;
#4826 = CARTESIAN_POINT ( 'NONE',  ( -7.312499999999927200, 5.500000000000001800, -45.02947046347799900 ) ) ;
#4827 = ADVANCED_FACE ( 'NONE', ( #3562 ), #1911, .T. ) ;
#4828 = CARTESIAN_POINT ( 'NONE',  ( -1.854917373834132200, -2.077125901561141900, 91.60000000000003700 ) ) ;
#4829 = CARTESIAN_POINT ( 'NONE',  ( -8.952574744826916800, -3.330604620708195200, 84.89898123214487700 ) ) ;
#4830 = ORIENTED_EDGE ( 'NONE', *, *, #44, .T. ) ;
#4831 = CARTESIAN_POINT ( 'NONE',  ( 7.704667129717945400, 2.159054890617972500, 70.44949643050296100 ) ) ;
#4832 = CARTESIAN_POINT ( 'NONE',  ( -5.039468909172123600, -2.733506238000674500, 2.215889138689990800 ) ) ;
#4833 = CARTESIAN_POINT ( 'NONE',  ( 7.664777994001474900, -3.357250790381801000, -91.60000000000000900 ) ) ;
#4834 = CARTESIAN_POINT ( 'NONE',  ( -7.615382023049038600, 2.843012045654912200, -64.99999999999994300 ) ) ;
#4835 = CARTESIAN_POINT ( 'NONE',  ( 3.765591693665141500, 5.340489078674536000, 23.31378015437135800 ) ) ;
#4836 = CARTESIAN_POINT ( 'NONE',  ( 6.710148048661805500, 2.650244590077850000, 70.32421532136456200 ) ) ;
#4837 = CARTESIAN_POINT ( 'NONE',  ( 5.502130712212363900, 1.047803763587667600, 70.17399947052757600 ) ) ;
#4838 = CARTESIAN_POINT ( 'NONE',  ( 5.500000000000000000, -3.500000000000000000, -101.5999999999999900 ) ) ;
#4839 = ORIENTED_EDGE ( 'NONE', *, *, #5227, .F. ) ;
#4840 = CARTESIAN_POINT ( 'NONE',  ( 3.627548229478651600, -0.07649391439254367400, -70.53869513230077400 ) ) ;
#4841 = CARTESIAN_POINT ( 'NONE',  ( -6.678738991091504000, 2.650732962765480300, -70.31736896577534400 ) ) ;
#4842 = CARTESIAN_POINT ( 'NONE',  ( 1.557300761830803200, -2.557322722032138600, -98.30928583163678500 ) ) ;
#4843 = CARTESIAN_POINT ( 'NONE',  ( 5.274610528618672400, -3.449308689770564000, -23.95547209840502800 ) ) ;
#4844 = CARTESIAN_POINT ( 'NONE',  ( -7.048971915750749800, 0.2943990107154806400, -81.05342533890920700 ) ) ;
#4845 = CARTESIAN_POINT ( 'NONE',  ( -5.500000000000000000, -3.500000000000000000, 101.5999999999999900 ) ) ;
#4846 = CARTESIAN_POINT ( 'NONE',  ( -2.710505431213761100E-016, 2.034576191987957500, -5.500000000000000000 ) ) ;
#4847 = CARTESIAN_POINT ( 'NONE',  ( -5.761298375246422400, -0.7140461511498397100, 64.99999999999998600 ) ) ;
#4848 = CARTESIAN_POINT ( 'NONE',  ( -12.06950401026627900, -3.400444960255726700, 70.11601321798120500 ) ) ;
#4849 = CARTESIAN_POINT ( 'NONE',  ( 6.324471001425068000, -0.2785894495107314500, 91.59999999999995200 ) ) ;
#4850 = CARTESIAN_POINT ( 'NONE',  ( -5.499954366725181600, -3.248008700776063400, 0.02266442556289231500 ) ) ;
#4851 = EDGE_CURVE ( 'NONE', #2015, #4433, #2841, .T. ) ;
#4852 = CARTESIAN_POINT ( 'NONE',  ( 7.652957546982749500, -3.337471884920913300, -91.60000000000000900 ) ) ;
#4853 = B_SPLINE_CURVE_WITH_KNOTS ( 'NONE', 3,
 ( #3595, #1496, #5199, #4806, #1953, #4825, #1139, #4002, #4412, #1970, #4058, #322, #2826, #3205, #1198, #764 ),
 .UNSPECIFIED., .F., .F.,
 ( 4, 2, 2, 2, 2, 2, 2, 4 ),
 ( 0.009019898739957756700, 0.009943663569308569200, 0.01086742839865938200, 0.01271495805736100700, 0.01363872288671182100, 0.01456248771606263300, 0.01548625254541344600, 0.01641001737476426000 ),
 .UNSPECIFIED. ) ;
#4854 = CARTESIAN_POINT ( 'NONE',  ( -6.726782252728390300, 2.395673277076114400, -75.84655849139515700 ) ) ;
#4855 = CARTESIAN_POINT ( 'NONE',  ( -0.04664824619674337600, -1.868037089616290300, 100.0101994566949300 ) ) ;
#4856 = CARTESIAN_POINT ( 'NONE',  ( 7.063472282183264300, 3.219488204358445000, 65.00000000000000000 ) ) ;
#4857 = CARTESIAN_POINT ( 'NONE',  ( 4.419613180479089500, 1.229358977622461200, 69.97705262769400700 ) ) ;
#4858 = CARTESIAN_POINT ( 'NONE',  ( 5.500000000000000000, -3.500000000000000000, -101.5999999999999900 ) ) ;
#4859 = LOCAL_TIME ( 7, 14, 16.00000000000000000, #1512 ) ;
#4860 = AXIS2_PLACEMENT_3D ( 'NONE', #4938, #3248, #827 ) ;
#4861 = CARTESIAN_POINT ( 'NONE',  ( 3.725365427061033700, -0.1158816018885672300, -70.47596358434007900 ) ) ;
#4862 = CARTESIAN_POINT ( 'NONE',  ( -5.872786770718782600, 1.025221833771809100, -86.27860519358182500 ) ) ;
#4863 = CARTESIAN_POINT ( 'NONE',  ( -0.1212717854310145500, -1.986550559059989000, -99.82118079328773800 ) ) ;
#4864 = EDGE_LOOP ( 'NONE', ( #888, #3916, #197, #1933, #1255 ) ) ;
#4865 = CARTESIAN_POINT ( 'NONE',  ( 13.30936383028630100, -3.500815289903507700, -34.99999999999998600 ) ) ;
#4866 = CIRCLE ( 'NONE', #3123, 5.500000000000000000 ) ;
#4867 = CARTESIAN_POINT ( 'NONE',  ( -12.72778490315996400, -3.187407010529113500, 34.99999999999999300 ) ) ;
#4868 = CARTESIAN_POINT ( 'NONE',  ( -8.615030532364153600, -2.959888994877042800, 78.31645663504215800 ) ) ;
#4869 = CARTESIAN_POINT ( 'NONE',  ( -12.09979379412483300, -3.369877819041294600, 67.55909717194889200 ) ) ;
#4870 = CARTESIAN_POINT ( 'NONE',  ( 7.706436481915013700, 2.155214729165087800, 70.44952989242391100 ) ) ;
#4871 = CARTESIAN_POINT ( 'NONE',  ( -5.499331882033201800, -3.232506869414817400, 0.08711627934964023800 ) ) ;
#4872 = CARTESIAN_POINT ( 'NONE',  ( 7.630685622927794400, -3.316829817236568400, -91.59999999999999400 ) ) ;
#4873 = CARTESIAN_POINT ( 'NONE',  ( -6.094890187543912300, 0.2891808736517198500, -91.60000000000026400 ) ) ;
#4874 = CARTESIAN_POINT ( 'NONE',  ( -12.97695079610255100, -2.975147314482604200, 23.02619614562116400 ) ) ;
#4875 = CARTESIAN_POINT ( 'NONE',  ( 6.868594179606672500, 2.653958671395515000, 70.35687234300580400 ) ) ;
#4876 = CARTESIAN_POINT ( 'NONE',  ( 6.626635759677442100, 0.7804780039836859400, 70.32896420320452100 ) ) ;
#4877 = CARTESIAN_POINT ( 'NONE',  ( -5.406703507606513500, -0.2360741792325806400, -98.42039891338988900 ) ) ;
#4878 = CARTESIAN_POINT ( 'NONE',  ( 3.402381996270134000, 0.3163546224133589300, -65.00000000000000000 ) ) ;
#4879 = CARTESIAN_POINT ( 'NONE',  ( 1.544495446350675500, 1.629634402615424400, -68.68957326396821400 ) ) ;
#4880 = CARTESIAN_POINT ( 'NONE',  ( 13.38646216366368700, -3.477555676979774200, -23.02707477314376300 ) ) ;
#4881 = CARTESIAN_POINT ( 'NONE',  ( -10.34227949739616500, -1.844165503243006400, 41.30203621008836700 ) ) ;
#4882 = CARTESIAN_POINT ( 'NONE',  ( 5.499331882033201800, -3.232506869414817400, -0.08711627934964023800 ) ) ;
#4883 = CARTESIAN_POINT ( 'NONE',  ( 7.550811680725582100, -3.497030537516180100, -91.59999999999999400 ) ) ;
#4884 = CARTESIAN_POINT ( 'NONE',  ( -12.06648375445481000, -3.405457489023364200, 70.11614927074758400 ) ) ;
#4885 = CARTESIAN_POINT ( 'NONE',  ( 6.683754435136737700, 0.5798086459388056600, 86.34384978757573500 ) ) ;
#4886 = CARTESIAN_POINT ( 'NONE',  ( 0.0000000000000000000, 3.500000000000000000, 0.0000000000000000000 ) ) ;
#4887 = CARTESIAN_POINT ( 'NONE',  ( 7.624713572301971900, -3.313188991217029600, -91.60000000000000900 ) ) ;
#4888 = CARTESIAN_POINT ( 'NONE',  ( -11.11302621422801600, -1.613850028421954400, 22.99238707864483900 ) ) ;
#4889 = CARTESIAN_POINT ( 'NONE',  ( 6.187190091452854400, 1.550686125364394200, 80.95980054116273500 ) ) ;
#4890 = CARTESIAN_POINT ( 'NONE',  ( 6.166999980417624100, -0.1203858579863107500, 80.96584826533941700 ) ) ;
#4891 = CARTESIAN_POINT ( 'NONE',  ( 5.500000000000000000, -3.500000000000000000, -101.5999999999999900 ) ) ;
#4892 = CARTESIAN_POINT ( 'NONE',  ( 3.027929283534118700, 0.1514627372581398000, -70.91410312602917500 ) ) ;
#4893 = CARTESIAN_POINT ( 'NONE',  ( 1.709649314139779100, 1.934179348758109600, -64.99999999999998600 ) ) ;
#4894 = CARTESIAN_POINT ( 'NONE',  ( 5.499395578902635900, 1.549077229301442800, 0.08311299303495850400 ) ) ;
#4895 = CARTESIAN_POINT ( 'NONE',  ( -12.72778490315996400, -3.187407010529113500, 40.22037967124438800 ) ) ;
#4896 = EDGE_LOOP ( 'NONE', ( #137, #5340, #3856, #3293, #3166, #2559, #3404, #1307, #3834, #2562 ) ) ;
#4897 = CARTESIAN_POINT ( 'NONE',  ( -12.07500000000007600, -3.387499999999999700, 65.00000000000000000 ) ) ;
#4898 = VERTEX_POINT ( 'NONE', #4472 ) ;
#4899 = CARTESIAN_POINT ( 'NONE',  ( -5.175255267363547200, 3.444511200154714900, -10.55173538362115000 ) ) ;
#4900 = CARTESIAN_POINT ( 'NONE',  ( -7.013320220502854400, -3.068697304247694400, 91.59999999999999400 ) ) ;
#4901 = CARTESIAN_POINT ( 'NONE',  ( 6.830455607319101400, 2.401672315662577900, 75.86185827574406900 ) ) ;
#4902 = CARTESIAN_POINT ( 'NONE',  ( -4.249999999999999100, 1.500000000000000000, 0.0000000000000000000 ) ) ;
#4903 = CARTESIAN_POINT ( 'NONE',  ( 11.90770782854872900, -3.449422053367337900, -70.25558499713639500 ) ) ;
#4904 = CARTESIAN_POINT ( 'NONE',  ( -12.21141010944020700, -2.416042901537755100, 35.00000000000003600 ) ) ;
#4905 = CARTESIAN_POINT ( 'NONE',  ( 5.564493985711966000, 0.4999296609657583600, 91.60000000000000900 ) ) ;
#4906 = CARTESIAN_POINT ( 'NONE',  ( 5.612529790258424400, -0.9990960840769516100, 91.59999999999995200 ) ) ;
#4907 = CARTESIAN_POINT ( 'NONE',  ( -0.3219516779942819800, -2.285281847031448400, -99.54086229423693100 ) ) ;
#4908 = LINE ( 'NONE', #3768, #1882 ) ;
#4909 = CARTESIAN_POINT ( 'NONE',  ( 0.1152085646189070800, -0.8761921930293372600, -85.24355164683302600 ) ) ;
#4910 = CARTESIAN_POINT ( 'NONE',  ( -3.715179289494559400, 2.549814596867514500, -69.86370928420419100 ) ) ;
#4911 = CARTESIAN_POINT ( 'NONE',  ( 5.274610528618672400, -3.449308689770564500, -0.0000000000000000000 ) ) ;
#4912 = CARTESIAN_POINT ( 'NONE',  ( -4.140803634213592800, 1.470674568676444400, 35.00000000000001400 ) ) ;
#4913 = CARTESIAN_POINT ( 'NONE',  ( 13.44483379002171300, -3.343927464517825900, -40.00266128898864800 ) ) ;
#4914 = CARTESIAN_POINT ( 'NONE',  ( -12.86267587340760000, -3.263362047041262800, 35.00000000000000000 ) ) ;
#4915 = CARTESIAN_POINT ( 'NONE',  ( -11.95115759503744500, -3.513849097385651100, 70.12421495472344200 ) ) ;
#4916 = CARTESIAN_POINT ( 'NONE',  ( 7.358244729590059500, 2.550694317508848600, 70.42700917066251500 ) ) ;
#4917 = CARTESIAN_POINT ( 'NONE',  ( 5.175315884351128700, -0.1696569241813815600, 98.38101291942410900 ) ) ;
#4918 = EDGE_CURVE ( 'NONE', #47, #4360, #4387, .T. ) ;
#4919 = ORIENTED_EDGE ( 'NONE', *, *, #4658, .T. ) ;
#4920 = CARTESIAN_POINT ( 'NONE',  ( 8.963712895802622400, -3.418697374789730200, -84.91131407846513900 ) ) ;
#4921 = FACE_OUTER_BOUND ( 'NONE', #4106, .T. ) ;
#4922 = CARTESIAN_POINT ( 'NONE',  ( -5.249758284066310000, -3.443762529998077900, 0.0000000000000000000 ) ) ;
#4923 = CARTESIAN_POINT ( 'NONE',  ( 5.587118221058632100, 2.648215097801457600, 70.18057983664458300 ) ) ;
#4924 = CARTESIAN_POINT ( 'NONE',  ( 6.481367097174954800, 0.3046593486798787600, 75.64552843288588200 ) ) ;
#4925 = CARTESIAN_POINT ( 'NONE',  ( -5.763762000709626900, 0.5021256386628032400, -91.59999999999999400 ) ) ;
#4926 = CARTESIAN_POINT ( 'NONE',  ( 1.349305803138686400, 2.046140262461224200, -65.00000000000000000 ) ) ;
#4927 = DIRECTION ( 'NONE',  ( -0.0000000000000000000, -0.0000000000000000000, -1.000000000000000000 ) ) ;
#4928 = CARTESIAN_POINT ( 'NONE',  ( 8.386223776579909000, 0.3776408259240731100, -35.00000000000000000 ) ) ;
#4929 = CARTESIAN_POINT ( 'NONE',  ( 7.673837411060255900, 1.693134873432807600, 64.99999999999998600 ) ) ;
#4930 = CARTESIAN_POINT ( 'NONE',  ( 12.96936919485861300, -2.969610173496467300, -35.00000000000000000 ) ) ;
#4931 = CARTESIAN_POINT ( 'NONE',  ( -12.15415841100721500, -3.307679960089096500, 65.00000000000000000 ) ) ;
#4932 = CARTESIAN_POINT ( 'NONE',  ( 7.282946314946333800, 2.588321695835204200, 70.41940348444075000 ) ) ;
#4933 = DIRECTION ( 'NONE',  ( 0.0000000000000000000, 1.000000000000000000, 0.0000000000000000000 ) ) ;
#4934 = CARTESIAN_POINT ( 'NONE',  ( 11.90777142699505100, -3.496066098990042300, -70.15105668274678400 ) ) ;
#4935 = CARTESIAN_POINT ( 'NONE',  ( 12.04282393643056700, -3.495300514531105100, -65.00000000000000000 ) ) ;
#4936 = CARTESIAN_POINT ( 'NONE',  ( 6.180332352462921900, 1.550505704499369500, 80.95721038716365600 ) ) ;
#4937 = CARTESIAN_POINT ( 'NONE',  ( 6.472847820558123500, 0.3056898166041294200, 75.64431195566984900 ) ) ;
#4938 = CARTESIAN_POINT ( 'NONE',  ( 0.0000000000000000000, -3.500000000000000000, 0.0000000000000000000 ) ) ;
#4939 = CARTESIAN_POINT ( 'NONE',  ( -7.621052123507751300, 1.136561707596037900, -75.83850305404818900 ) ) ;
#4940 = CARTESIAN_POINT ( 'NONE',  ( 1.900702211835630900, 1.528949311930107000, -68.60424020051199500 ) ) ;
#4941 = CARTESIAN_POINT ( 'NONE',  ( 8.719900728331081700, -2.203379988663610100, -70.35194919789700000 ) ) ;
#4942 = CARTESIAN_POINT ( 'NONE',  ( 2.710505431213761100E-016, 2.034576191987957500, 5.500000000000000000 ) ) ;
#4943 = CARTESIAN_POINT ( 'NONE',  ( 12.19201967071585300, -3.348920651434912400, -65.00000000000005700 ) ) ;
#4944 = EDGE_CURVE ( 'NONE', #177, #1668, #4454, .T. ) ;
#4945 = CARTESIAN_POINT ( 'NONE',  ( -10.29290640064398100, -3.383567558176026900, 78.19966644558428500 ) ) ;
#4946 = CARTESIAN_POINT ( 'NONE',  ( 7.532279936856792100, 2.418156390425308300, 70.44157155341561300 ) ) ;
#4947 = CARTESIAN_POINT ( 'NONE',  ( -4.304526336598703700, -2.561876484896953100, 97.16832572760701200 ) ) ;
#4948 = CARTESIAN_POINT ( 'NONE',  ( 10.25285938673788500, -3.439913492765378500, -78.22262815693025600 ) ) ;
#4949 = EDGE_LOOP ( 'NONE', ( #1292, #1871, #4042, #1931, #1806, #896, #2620, #1796, #3628, #4491, #631, #5284 ) ) ;
#4950 = CARTESIAN_POINT ( 'NONE',  ( 4.094189573718742800, 2.578876231780252900, 69.93432127443152500 ) ) ;
#4951 = PRODUCT_DEFINITION ( 'UNKNOWN', '', #2468, #230 ) ;
#4952 = CARTESIAN_POINT ( 'NONE',  ( 7.335585710628822500, 0.9596999446554543800, 70.38918682754686500 ) ) ;
#4953 = ORIENTED_EDGE ( 'NONE', *, *, #1541, .T. ) ;
#4954 = ORIENTED_EDGE ( 'NONE', *, *, #3455, .T. ) ;
#4955 = CARTESIAN_POINT ( 'NONE',  ( 2.499415132661436000, 0.2016658034442799500, -78.70888295621244900 ) ) ;
#4956 = CARTESIAN_POINT ( 'NONE',  ( 2.543615626577186100, -2.248808483637999800, -91.60000000000009400 ) ) ;
#4957 = CARTESIAN_POINT ( 'NONE',  ( -2.716537252378629300, -2.030367111102608500, 97.92741852950052800 ) ) ;
#4958 = CARTESIAN_POINT ( 'NONE',  ( -1.400444876332448400, -1.490975019170152300, 5.326060683695746300 ) ) ;
#4959 = CARTESIAN_POINT ( 'NONE',  ( 4.457987939276669000, 2.912209220752040900, 3.229671620721552100 ) ) ;
#4960 = CARTESIAN_POINT ( 'NONE',  ( 9.614282005397315700, -1.856588340359330600, -65.00000000000008500 ) ) ;
#4961 = CARTESIAN_POINT ( 'NONE',  ( 8.472911638776375700, 3.713797404061414100, 34.99999999999998600 ) ) ;
#4962 = CARTESIAN_POINT ( 'NONE',  ( -11.91094975054133400, -3.511665730242716300, 70.13798802247397600 ) ) ;
#4963 = CARTESIAN_POINT ( 'NONE',  ( 6.573717372366743900, 1.601303147857571700, 81.04731872362447100 ) ) ;
#4964 = CARTESIAN_POINT ( 'NONE',  ( -6.931115795259041900, 1.256085098881443600, -64.99999999999998600 ) ) ;
#4965 = CARTESIAN_POINT ( 'NONE',  ( -7.613416113876958500, 1.100388927126827500, -75.83479667158646000 ) ) ;
#4966 = DIRECTION ( 'NONE',  ( 0.0000000000000000000, 0.0000000000000000000, 1.000000000000000000 ) ) ;
#4967 = CARTESIAN_POINT ( 'NONE',  ( 11.90476230449918800, -3.454891051480024200, -70.27229691655192300 ) ) ;
#4968 = CARTESIAN_POINT ( 'NONE',  ( 13.26915514171067500, -3.492244288815582900, -40.00417574954925500 ) ) ;
#4969 = CARTESIAN_POINT ( 'NONE',  ( -0.3420342928714386600, 0.8396973866627010000, 79.32957326396820000 ) ) ;
#4970 = CARTESIAN_POINT ( 'NONE',  ( 6.692734912096676100, -0.02315658714890818400, 81.01466977901910100 ) ) ;
#4971 = CARTESIAN_POINT ( 'NONE',  ( 4.969809633408057300, 0.1977891055578922300, -70.90586465312273400 ) ) ;
#4972 = CARTESIAN_POINT ( 'NONE',  ( 8.818328264006725100, -2.158891903210888000, -67.67593008818026600 ) ) ;
#4973 = CARTESIAN_POINT ( 'NONE',  ( -5.500000000000000000, -3.500000000000000000, 101.5999999999999900 ) ) ;
#4974 = CARTESIAN_POINT ( 'NONE',  ( -5.010207450325055800, -3.316846972378756600, 2.288229516158967400 ) ) ;
#4975 = PERSON_AND_ORGANIZATION ( #3553, #851 ) ;
#4976 = CARTESIAN_POINT ( 'NONE',  ( 7.377851521645606400, 2.989321511066712000, 34.99999999999999300 ) ) ;
#4977 = CARTESIAN_POINT ( 'NONE',  ( 9.008502633510493900, -0.8463118392531696600, -53.34520522423023400 ) ) ;
#4978 = CARTESIAN_POINT ( 'NONE',  ( 6.751226088784453500, -3.297705334542096800, -91.59999999999999400 ) ) ;
#4979 = CARTESIAN_POINT ( 'NONE',  ( -12.09898875134094200, -3.377203229704993400, 67.55966644558428400 ) ) ;
#4980 = CARTESIAN_POINT ( 'NONE',  ( 6.323048314375472300, 0.9454805103095376100, 86.32204996149494000 ) ) ;
#4981 = VECTOR ( 'NONE', #2160, 1000.000000000000000 ) ;
#4982 = CARTESIAN_POINT ( 'NONE',  ( -7.554102675721341400, 1.165690647575246400, -70.41122411097846600 ) ) ;
#4983 = CIRCLE ( 'NONE', #4423, 24.99999999999999300 ) ;
#4984 = CARTESIAN_POINT ( 'NONE',  ( -5.500000000000000000, -3.500000000000000000, 101.5999999999999900 ) ) ;
#4985 = AXIS2_PLACEMENT_3D ( 'NONE', #1099, #3924, #3959 ) ;
#4986 = CARTESIAN_POINT ( 'NONE',  ( 12.05113553938343600, -3.497781343738082700, -65.00000000000000000 ) ) ;
#4987 = CARTESIAN_POINT ( 'NONE',  ( 3.944140319037300600, 0.9563297866297830700, 86.05185464210214300 ) ) ;
#4988 = CARTESIAN_POINT ( 'NONE',  ( 7.233200209031307900, 1.343124616011312800, 65.00000000000000000 ) ) ;
#4989 = APPLICATION_CONTEXT ( 'configuration controlled 3d designs of mechanical parts and assemblies' ) ;
#4990 = CARTESIAN_POINT ( 'NONE',  ( -0.2596594483158828900, -0.2747843331839187600, -91.60000000000000900 ) ) ;
#4991 = CARTESIAN_POINT ( 'NONE',  ( 4.926328978792089000, -0.3443489725650449300, -65.00000000000000000 ) ) ;
#4992 = CARTESIAN_POINT ( 'NONE',  ( 5.601186592583172100, -3.432131918539971200, -23.90666067620413700 ) ) ;
#4993 = CARTESIAN_POINT ( 'NONE',  ( -6.143903355988563900, -1.070563694062896900, -97.48172458847388100 ) ) ;
#4994 = CARTESIAN_POINT ( 'NONE',  ( 13.26915514171067500, -3.492244288815582900, -40.00417574954925500 ) ) ;
#4995 = CARTESIAN_POINT ( 'NONE',  ( 3.630623878870445700, 3.153323766124595600, 34.99999999999997200 ) ) ;
#4996 = DIRECTION ( 'NONE',  ( 0.0000000000000000000, 0.0000000000000000000, -1.000000000000000000 ) ) ;
#4997 = CARTESIAN_POINT ( 'NONE',  ( 7.143837683376738700, 2.631524067894735400, 70.40269887043103800 ) ) ;
#4998 = CARTESIAN_POINT ( 'NONE',  ( -5.500000000000000000, -3.500000000000000000, 101.5999999999999900 ) ) ;
#4999 = CARTESIAN_POINT ( 'NONE',  ( 7.586616055906825200, -3.499766933771923900, -91.59999999999999400 ) ) ;
#5000 = CARTESIAN_POINT ( 'NONE',  ( 3.170332808374668200, 3.092486487216391700, 65.00000000000009900 ) ) ;
#5001 = CARTESIAN_POINT ( 'NONE',  ( 4.093176569671714800, 0.4309039440911763800, 91.60000000000006500 ) ) ;
#5002 = CARTESIAN_POINT ( 'NONE',  ( 5.903003819886094100, -0.9244383766664797700, 91.59999999999979500 ) ) ;
#5003 = CARTESIAN_POINT ( 'NONE',  ( -7.517686572087437300, 0.8303959714752510200, -75.80340039903732900 ) ) ;
#5004 = B_SPLINE_CURVE_WITH_KNOTS ( 'NONE', 3,
 ( #1049, #1523, #3917, #238, #4399, #1540, #5315, #2401, #1613, #326, #2016, #4850, #311, #1975, #771, #4476, #4871, #4439, #3171, #292, #4008, #3583, #3654, #696, #1126, #1958, #3991, #4832, #4458, #5282, #5246, #2364, #2780, #2832, #3192, #1144, #717, #4045, #3601, #365, #1562, #2384, #4417, #5264, #2799, #3242, #1163, #2814 ),
 .UNSPECIFIED., .F., .F.,
 ( 4, 2, 2, 2, 2, 2, 2, 2, 2, 2, 2, 2, 2, 2, 2, 2, 2, 2, 2, 2, 2, 2, 2, 4 ),
 ( 7.663399883020687300E-018, 0.0003851643061502645000, 0.0007703286123005214000, 0.001540657224601035000, 0.001733239377676163500, 0.001745275762243359300, 0.001757312146810555300, 0.001781384915944947300, 0.001829530454213731300, 0.001925821530751299300, 0.002310985836901570000, 0.002696150143051840800, 0.003081314449202111600, 0.003851643061502653700, 0.004621971673803194600, 0.005392300286103736200, 0.006162628898404277000, 0.006932957510704818700, 0.007703286123005359500, 0.009243943347606439400, 0.01078460057220751900, 0.01116976487835779100, 0.01155492918450806200, 0.01232525779680860100 ),
 .UNSPECIFIED. ) ;
#5005 = CARTESIAN_POINT ( 'NONE',  ( 2.394484768159039800, -0.4970092324879854500, -85.00843520399928400 ) ) ;
#5006 = CARTESIAN_POINT ( 'NONE',  ( -6.322256373933972100, -0.3158474349950853900, -91.59999999999993700 ) ) ;
#5007 = CARTESIAN_POINT ( 'NONE',  ( -5.500000000000000000, -3.500000000000000000, 101.5999999999999900 ) ) ;
#5008 = DIRECTION ( 'NONE',  ( 0.0000000000000000000, 1.000000000000000000, -0.0000000000000000000 ) ) ;
#5009 = DIRECTION ( 'NONE',  ( 0.0000000000000000000, -1.000000000000000000, 0.0000000000000000000 ) ) ;
#5010 = ORIENTED_EDGE ( 'NONE', *, *, #772, .T. ) ;
#5011 = CARTESIAN_POINT ( 'NONE',  ( -5.484639492678873300, 1.274435565630001900, -0.4193113466810433100 ) ) ;
#5012 = ORIENTED_EDGE ( 'NONE', *, *, #1055, .F. ) ;
#5013 = EDGE_CURVE ( 'NONE', #3723, #4695, #4670, .T. ) ;
#5014 = CARTESIAN_POINT ( 'NONE',  ( 7.534388538139571900, 5.500000000000005300, 23.25554171221604000 ) ) ;
#5015 = CARTESIAN_POINT ( 'NONE',  ( -6.487464658304908500, 2.234451296713401400, -75.77887106673466600 ) ) ;
#5016 = CARTESIAN_POINT ( 'NONE',  ( 0.0000000000000000000, 3.500000000000000000, 0.0000000000000000000 ) ) ;
#5017 = CARTESIAN_POINT ( 'NONE',  ( 6.540550697957782800, 2.301833406219072400, 75.80342282092208000 ) ) ;
#5018 = EDGE_LOOP ( 'NONE', ( #4177, #1561, #3106, #1616 ) ) ;
#5019 = CARTESIAN_POINT ( 'NONE',  ( -7.621869045145825100, -3.455537981140254500, 91.93696825946224700 ) ) ;
#5020 = VERTEX_POINT ( 'NONE', #111 ) ;
#5021 = CARTESIAN_POINT ( 'NONE',  ( 12.12236998639176700, -3.489132808493520300, -65.00000000000000000 ) ) ;
#5022 = CARTESIAN_POINT ( 'NONE',  ( -12.12558933676235100, -3.499361451640145200, 65.00000000000002800 ) ) ;
#5023 = CARTESIAN_POINT ( 'NONE',  ( 2.692543192639606600, 0.2651217127399817500, 91.60000000000000900 ) ) ;
#5024 = CARTESIAN_POINT ( 'NONE',  ( 7.613416113876958500, 1.100388927126827500, 75.83479667158646000 ) ) ;
#5025 = CARTESIAN_POINT ( 'NONE',  ( 1.715789604167833300, 0.4586261559157099300, -78.92334292090511400 ) ) ;
#5026 = CARTESIAN_POINT ( 'NONE',  ( -7.781588678001011900, 2.002666651276991500, -65.00000000000002800 ) ) ;
#5027 = CARTESIAN_POINT ( 'NONE',  ( -4.424495561535934500, -2.037804700582602500, 91.59999999999996600 ) ) ;
#5028 = CARTESIAN_POINT ( 'NONE',  ( -3.987009998229922700, -0.07922085577355933400, 67.67033712664007800 ) ) ;
#5029 = CARTESIAN_POINT ( 'NONE',  ( -4.438290311729540200, 2.735737333946334000, 0.0000000000000000000 ) ) ;
#5030 = CARTESIAN_POINT ( 'NONE',  ( 8.199637109549797700, 3.326263060902202800, 35.00000000000002100 ) ) ;
#5031 = CARTESIAN_POINT ( 'NONE',  ( -6.003952575724813600, 0.3651114665314460500, -91.60000000000029300 ) ) ;
#5032 = CARTESIAN_POINT ( 'NONE',  ( -5.175315884351128700, -0.1696569241813815600, -98.38101291942410900 ) ) ;
#5033 = CARTESIAN_POINT ( 'NONE',  ( 7.145598663201216300, 2.631153035419402400, 70.40293333198108900 ) ) ;
#5034 = CARTESIAN_POINT ( 'NONE',  ( -6.238954782079200200, -3.292736285078665200, 96.77848573177931300 ) ) ;
#5035 = CARTESIAN_POINT ( 'NONE',  ( 8.853328159301323600, -3.500912847619883200, -84.95550529941853300 ) ) ;
#5036 = PLANE ( 'NONE',  #2063 ) ;
#5037 = CARTESIAN_POINT ( 'NONE',  ( 1.224754911738876500, 1.788146781834018700, 73.78264846993040700 ) ) ;
#5038 = CARTESIAN_POINT ( 'NONE',  ( 7.611053167411868400, 1.090000917744527800, 75.83371176929703900 ) ) ;
#5039 = FACE_OUTER_BOUND ( 'NONE', #4759, .T. ) ;
#5040 = CARTESIAN_POINT ( 'NONE',  ( 2.203581270870703900, -1.153417220847097200, -91.59999999999996600 ) ) ;
#5041 = CARTESIAN_POINT ( 'NONE',  ( -6.722423273866904300, 0.4645701602343478800, -86.34479073620062200 ) ) ;
#5042 = CARTESIAN_POINT ( 'NONE',  ( -2.111995562515883100, -1.116946991387025600, 91.59999999999998000 ) ) ;
#5043 = CARTESIAN_POINT ( 'NONE',  ( -0.5147035671199506900, -1.743056470771144000, 91.59999999999998000 ) ) ;
#5044 = CARTESIAN_POINT ( 'NONE',  ( 0.0000000000000000000, -3.500000000000000000, 0.0000000000000000000 ) ) ;
#5045 = CARTESIAN_POINT ( 'NONE',  ( 2.728406566673180900, 1.271011514644623300, -54.23187544343253600 ) ) ;
#5046 = CARTESIAN_POINT ( 'NONE',  ( -7.138564810686628600, 2.632617157671500100, -70.40199407626023700 ) ) ;
#5047 = CARTESIAN_POINT ( 'NONE',  ( 7.611995560185191000, -3.307095056500830100, -91.60000000000000900 ) ) ;
#5048 = CARTESIAN_POINT ( 'NONE',  ( -7.628358439179398200, -3.496058060785116200, 91.60000000000002300 ) ) ;
#5049 = AXIS2_PLACEMENT_3D ( 'NONE', #5016, #4174, #1777 ) ;
#5050 = CARTESIAN_POINT ( 'NONE',  ( 8.635008004818004700, -0.8828271103404621300, -34.99999999999998600 ) ) ;
#5051 = CARTESIAN_POINT ( 'NONE',  ( -6.628866930184425900, 1.267003708484707000, -65.00000000000000000 ) ) ;
#5052 = CARTESIAN_POINT ( 'NONE',  ( -9.656521415243194200, -0.5501074020983604000, 34.99999999999999300 ) ) ;
#5053 = CARTESIAN_POINT ( 'NONE',  ( -0.9786014939976278600, -0.6769596762373809600, 91.60000000000000900 ) ) ;
#5054 = CARTESIAN_POINT ( 'NONE',  ( 7.584900717643533200, 1.206244700770510200, 70.41463001415957000 ) ) ;
#5055 = CARTESIAN_POINT ( 'NONE',  ( -12.02189268356055200, -3.469463273565001900, 67.63620627501872200 ) ) ;
#5056 = CARTESIAN_POINT ( 'NONE',  ( 9.063505096989668900, -1.542905948478297400, -65.00000000000000000 ) ) ;
#5057 = CARTESIAN_POINT ( 'NONE',  ( -7.406604138426806600, 2.116375729984144800, -75.89819710834360900 ) ) ;
#5058 = CARTESIAN_POINT ( 'NONE',  ( -4.416616607757243100, -2.106566525355265900, 92.34736042099463300 ) ) ;
#5059 = CARTESIAN_POINT ( 'NONE',  ( -2.571523033910379800, -0.7920190706095172600, 78.31710555057728100 ) ) ;
#5060 = CARTESIAN_POINT ( 'NONE',  ( 0.0000000000000000000, -3.926777784743245500, 0.0000000000000000000 ) ) ;
#5061 = CARTESIAN_POINT ( 'NONE',  ( -7.021547705415210700, 1.246857595921604200, -65.00000000000000000 ) ) ;
#5062 = CARTESIAN_POINT ( 'NONE',  ( -6.470006481749544800, 1.602739338024222100, -81.03209777800907400 ) ) ;
#5063 = CARTESIAN_POINT ( 'NONE',  ( 1.042268434935401200, -0.6909723004562056100, -91.59999999999998000 ) ) ;
#5064 = VERTEX_POINT ( 'NONE', #1330 ) ;
#5065 = CARTESIAN_POINT ( 'NONE',  ( -5.500000000000000000, -3.500000000000000000, 101.5999999999999900 ) ) ;
#5066 = CARTESIAN_POINT ( 'NONE',  ( 6.102691817818849200, 0.5430812962098321400, -35.00000000000000000 ) ) ;
#5067 = CARTESIAN_POINT ( 'NONE',  ( -0.002904165436197426900, 1.301999407988037700, -65.00000000000008500 ) ) ;
#5068 = CARTESIAN_POINT ( 'NONE',  ( -12.06835504204718900, -3.502920983513961000, 65.00000000000000000 ) ) ;
#5069 = CARTESIAN_POINT ( 'NONE',  ( -6.923282772886235400, -0.3249535840537120000, 65.00000000000000000 ) ) ;
#5070 = CARTESIAN_POINT ( 'NONE',  ( 7.624736990385947000, 1.157524644621472000, 75.84059318009144600 ) ) ;
#5071 = CARTESIAN_POINT ( 'NONE',  ( -12.03667806858710200, -3.447868057076233200, 67.61289115165119800 ) ) ;
#5072 = CARTESIAN_POINT ( 'NONE',  ( -7.327963758570162700, 1.394970038538826400, -65.00000000000000000 ) ) ;
#5073 = CARTESIAN_POINT ( 'NONE',  ( 4.039390917849457800, -1.193392590237559500, -84.92873179963621100 ) ) ;
#5074 = CARTESIAN_POINT ( 'NONE',  ( -7.194138058836306200, 2.279742555208047200, -75.89322415161674900 ) ) ;
#5075 = CARTESIAN_POINT ( 'NONE',  ( -5.500000000000000000, -3.500000000000000000, 101.5999999999999900 ) ) ;
#5076 = EDGE_LOOP ( 'NONE', ( #2071, #1232, #1679, #2009, #2490, #3145, #1412 ) ) ;
#5077 = CARTESIAN_POINT ( 'NONE',  ( -4.021402828942767000, 0.05630881678932223700, 65.00000000000000000 ) ) ;
#5078 = AXIS2_PLACEMENT_3D ( 'NONE', #2521, #1295, #812 ) ;
#5079 = CARTESIAN_POINT ( 'NONE',  ( 4.612033144759637400, -0.2051890421822103200, -64.99999999999998600 ) ) ;
#5080 = CARTESIAN_POINT ( 'NONE',  ( -6.490216312197436100, 2.241868967693481500, -75.78190063152148100 ) ) ;
#5081 = CARTESIAN_POINT ( 'NONE',  ( 7.628358439179398200, -3.496058060785116200, -91.60000000000002300 ) ) ;
#5082 = CARTESIAN_POINT ( 'NONE',  ( -5.505696776299161300, -3.017552498776584300, 92.06314416388509900 ) ) ;
#5083 = CARTESIAN_POINT ( 'NONE',  ( 2.639751221370270100, -2.150212758095498600, -0.0000000000000000000 ) ) ;
#5084 = CARTESIAN_POINT ( 'NONE',  ( -4.419613180479089500, 1.229358977622461200, -69.97705262769400700 ) ) ;
#5085 = CARTESIAN_POINT ( 'NONE',  ( 5.246139640217502500, 0.7014085854226807000, 1.690739151490640200 ) ) ;
#5086 = CARTESIAN_POINT ( 'NONE',  ( -5.251260140644793900, 0.08365937844901308300, 70.80212474772787300 ) ) ;
#5087 = CC_DESIGN_SECURITY_CLASSIFICATION ( #1172, ( #2468 ) ) ;
#5088 = CARTESIAN_POINT ( 'NONE',  ( 7.563080686523447200, 1.177180673536578400, 70.41220875969946700 ) ) ;
#5089 = CARTESIAN_POINT ( 'NONE',  ( -12.05071081851454400, -3.438653025691208200, 67.58958386454320100 ) ) ;
#5090 = CARTESIAN_POINT ( 'NONE',  ( -7.408319400871965500, 1.449281616144596900, -65.00000000000000000 ) ) ;
#5091 = APPROVAL_STATUS ( 'not_yet_approved' ) ;
#5092 = CARTESIAN_POINT ( 'NONE',  ( 7.254063210149828600, -0.5123797038784514400, -65.00000000000000000 ) ) ;
#5093 = CARTESIAN_POINT ( 'NONE',  ( -7.702880805306413900, 2.162878549544815500, -70.44946078597166700 ) ) ;
#5094 = CARTESIAN_POINT ( 'NONE',  ( -5.505696776299161300, -3.017552498776584300, 92.06314416388509900 ) ) ;
#5095 = CARTESIAN_POINT ( 'NONE',  ( -1.399768454309571200, -1.222853877143723800, 84.98892655912523300 ) ) ;
#5096 = CARTESIAN_POINT ( 'NONE',  ( 5.424495561112171200, -2.436013439694203700, -91.59999999999996600 ) ) ;
#5097 = CARTESIAN_POINT ( 'NONE',  ( 6.243032353554017500, -0.3297609944642538300, -53.67373552634443000 ) ) ;
#5098 = CARTESIAN_POINT ( 'NONE',  ( -6.303020476477860800, 1.574316210526413700, -80.99687234300590400 ) ) ;
#5099 = CARTESIAN_POINT ( 'NONE',  ( 5.500000000000000000, -3.500000000000000000, -101.5999999999999900 ) ) ;
#5100 = APPROVAL_PERSON_ORGANIZATION ( #1435, #335, #472 ) ;
#5101 = CARTESIAN_POINT ( 'NONE',  ( -0.4416694836616071300, -2.496975873700542500, 99.10883661267729400 ) ) ;
#5102 = CARTESIAN_POINT ( 'NONE',  ( 4.656499366474401200, -3.153307385241527400, -24.18245581081911100 ) ) ;
#5103 = CARTESIAN_POINT ( 'NONE',  ( -6.626090382569693700, 1.267526890229387700, -65.00000000000000000 ) ) ;
#5104 = CARTESIAN_POINT ( 'NONE',  ( -4.042823936348948900, 0.04683820488519256600, 65.00000000000000000 ) ) ;
#5105 = CIRCLE ( 'NONE', #1206, 17.99999999999999600 ) ;
#5106 = CARTESIAN_POINT ( 'NONE',  ( -6.810960814395602200, -0.6310940460536120800, 70.37525518175421300 ) ) ;
#5107 = CARTESIAN_POINT ( 'NONE',  ( 6.299913725351233400, -0.4444001595011705700, 91.59999999999985200 ) ) ;
#5108 = CARTESIAN_POINT ( 'NONE',  ( -11.90476230449918800, -3.454891051480024200, 70.27229691655192300 ) ) ;
#5109 = ORIENTED_EDGE ( 'NONE', *, *, #222, .T. ) ;
#5110 = CARTESIAN_POINT ( 'NONE',  ( 7.213414968790083900, -0.4892294276398458400, -65.00000000000000000 ) ) ;
#5111 = CARTESIAN_POINT ( 'NONE',  ( -7.691932485758518300, 2.185588763430502000, -70.44921668904642300 ) ) ;
#5112 = CARTESIAN_POINT ( 'NONE',  ( -4.847452110742711500, -3.105299086797476300, 96.93026705474061100 ) ) ;
#5113 = CARTESIAN_POINT ( 'NONE',  ( 5.918214961054778700, 0.4162777962761608500, 91.60000000000026400 ) ) ;
#5114 = EDGE_CURVE ( 'NONE', #86, #1938, #4129, .T. ) ;
#5115 = CARTESIAN_POINT ( 'NONE',  ( -3.985627352216881900, 0.07204645612146455500, 65.00000000000000000 ) ) ;
#5116 = CARTESIAN_POINT ( 'NONE',  ( 6.538145286987290000, -3.396775291034118000, -96.76968006617255500 ) ) ;
#5117 = CARTESIAN_POINT ( 'NONE',  ( 8.917270405296465100, -1.041764738967407000, -41.94144337423019000 ) ) ;
#5118 = CARTESIAN_POINT ( 'NONE',  ( -5.892986876335308800, 0.4289016608624850500, -91.60000000000025000 ) ) ;
#5119 = CARTESIAN_POINT ( 'NONE',  ( 6.538145286987290000, -3.396775291034118000, -96.76968006617255500 ) ) ;
#5120 = CARTESIAN_POINT ( 'NONE',  ( -5.343447216906693800, 0.8368971562719675900, -1.347716767606197200 ) ) ;
#5121 = CARTESIAN_POINT ( 'NONE',  ( -7.619820043331929900, 1.131689195822640000, -75.83799996633804600 ) ) ;
#5122 = CARTESIAN_POINT ( 'NONE',  ( -7.664639730076877400, 1.570258109074861300, -75.87677274795665000 ) ) ;
#5123 = CARTESIAN_POINT ( 'NONE',  ( -5.500000000000000000, -3.500000000000000000, 101.5999999999999900 ) ) ;
#5124 = CARTESIAN_POINT ( 'NONE',  ( -7.405865196312994700, 2.986840821713614400, -23.26270183871196200 ) ) ;
#5125 = CARTESIAN_POINT ( 'NONE',  ( -6.639970961979404500, 1.264982612241525100, -65.00000000000000000 ) ) ;
#5126 = CARTESIAN_POINT ( 'NONE',  ( 2.724392993501400200, 0.04769320525146207600, 4.781339242743729100 ) ) ;
#5127 = CARTESIAN_POINT ( 'NONE',  ( -0.09926796821879206600, -0.3824172440725708300, 91.60000000000000900 ) ) ;
#5128 = CARTESIAN_POINT ( 'NONE',  ( 7.669208054007760300, 1.727546476458545800, 65.00000000000002800 ) ) ;
#5129 = CARTESIAN_POINT ( 'NONE',  ( -11.90308198615249700, -3.453846919859142600, 70.20519569396235200 ) ) ;
#5130 = CARTESIAN_POINT ( 'NONE',  ( 9.540589985151445500, -2.973780345413226600, -78.15214096324062600 ) ) ;
#5131 = CARTESIAN_POINT ( 'NONE',  ( -7.686878230699629300, 2.195480880604116600, -70.44908179462555600 ) ) ;
#5132 = CARTESIAN_POINT ( 'NONE',  ( -5.721416156616150800, -3.310948840702010500, 96.80783556360094600 ) ) ;
#5133 = CARTESIAN_POINT ( 'NONE',  ( 6.957609688643654700, 2.653311606673002900, 70.37363580137024100 ) ) ;
#5134 = CARTESIAN_POINT ( 'NONE',  ( -3.627548229478651600, -0.07649391439254367400, 70.53869513230077400 ) ) ;
#5135 = CARTESIAN_POINT ( 'NONE',  ( 4.416616607757243100, -2.106566525355265900, -92.34736042099463300 ) ) ;
#5136 = CARTESIAN_POINT ( 'NONE',  ( 0.5404855767538724300, -1.749458338471516500, -91.59999999999998000 ) ) ;
#5137 = CARTESIAN_POINT ( 'NONE',  ( -6.528344563924750200, 2.052911910354219900, -75.65844214945096300 ) ) ;
#5138 = CARTESIAN_POINT ( 'NONE',  ( 6.606449870277383100, -2.938046997172626600, -91.98338414595545500 ) ) ;
#5139 = CARTESIAN_POINT ( 'NONE',  ( -4.796796274429932600, 0.4401737676574153400, -2.692490140152501900 ) ) ;
#5140 = ORIENTED_EDGE ( 'NONE', *, *, #5192, .F. ) ;
#5141 = CARTESIAN_POINT ( 'NONE',  ( -5.500000000000000000, -3.500000000000000000, 101.5999999999999900 ) ) ;
#5142 = DIRECTION ( 'NONE',  ( 1.000000000000000000, 0.0000000000000000000, 0.0000000000000000000 ) ) ;
#5143 = CARTESIAN_POINT ( 'NONE',  ( -6.601367306103134600, 0.7832377970834293300, -70.32665417930998300 ) ) ;
#5144 = CARTESIAN_POINT ( 'NONE',  ( -12.65598953907062100, -3.493772401673344200, 52.50208787477462400 ) ) ;
#5145 = CARTESIAN_POINT ( 'NONE',  ( -3.574237215225569900, -0.9941380446429157700, 84.94316928359671700 ) ) ;
#5146 = ORIENTED_EDGE ( 'NONE', *, *, #327, .F. ) ;
#5147 = CARTESIAN_POINT ( 'NONE',  ( 7.164346274096275600, 1.113825823970976400, 81.08973523575090800 ) ) ;
#5148 = EDGE_LOOP ( 'NONE', ( #3462, #3351 ) ) ;
#5149 = DIRECTION ( 'NONE',  ( -0.0000000000000000000, 1.000000000000000000, -0.0000000000000000000 ) ) ;
#5150 = CARTESIAN_POINT ( 'NONE',  ( 12.06648375445481000, -3.405457489023364200, -70.11614927074758400 ) ) ;
#5151 = CARTESIAN_POINT ( 'NONE',  ( -7.703477649410538100, 2.161605378117915900, -70.44947284924263900 ) ) ;
#5152 = CARTESIAN_POINT ( 'NONE',  ( -3.320785158278384900, -2.780127480640186100, 97.37007836625018300 ) ) ;
#5153 = CARTESIAN_POINT ( 'NONE',  ( 6.413727592488411000, 1.597121882075710700, 81.02194647338524200 ) ) ;
#5154 = CARTESIAN_POINT ( 'NONE',  ( -3.358128931042291000, 0.1776455855681314000, 67.86748083780776100 ) ) ;
#5155 = CARTESIAN_POINT ( 'NONE',  ( 3.275973055709789300, -2.206130419742017500, -97.62043125803933200 ) ) ;
#5156 = EDGE_CURVE ( 'NONE', #695, #2011, #919, .T. ) ;
#5157 = CARTESIAN_POINT ( 'NONE',  ( -6.473390158848458100, 2.126031503723137700, -75.72789715189415500 ) ) ;
#5158 = CARTESIAN_POINT ( 'NONE',  ( 7.236995560273752100, -3.157766779282542600, -91.59999999999998000 ) ) ;
#5159 = CARTESIAN_POINT ( 'NONE',  ( 5.464569442612244600, -3.128445619799244100, -0.0000000000000000000 ) ) ;
#5160 = CARTESIAN_POINT ( 'NONE',  ( -5.500000000000000000, -3.500000000000000000, 101.5999999999999900 ) ) ;
#5161 = CARTESIAN_POINT ( 'NONE',  ( -6.751226088784453500, -3.297705334542096800, 91.59999999999999400 ) ) ;
#5162 = CARTESIAN_POINT ( 'NONE',  ( -5.629688834737411400, -0.9980255190178704000, -91.59999999999993700 ) ) ;
#5163 = CARTESIAN_POINT ( 'NONE',  ( -3.061616997868383100E-016, -3.500000000000000000, 2.500000000000000000 ) ) ;
#5164 = CARTESIAN_POINT ( 'NONE',  ( -6.990702625536420600, -0.5466120152795376200, 67.67787031441582700 ) ) ;
#5165 = CARTESIAN_POINT ( 'NONE',  ( 7.776443737658842900, 1.983534977106965900, 65.00000000000004300 ) ) ;
#5166 = CARTESIAN_POINT ( 'NONE',  ( -11.86715903094447500, -3.491175392880836000, 70.32231106715319400 ) ) ;
#5167 = CARTESIAN_POINT ( 'NONE',  ( 11.62678891727449200, -3.002765625858827600, -65.00000000000000000 ) ) ;
#5168 = CARTESIAN_POINT ( 'NONE',  ( -6.314062575381711000, -0.1014868578897044900, -91.60000000000002300 ) ) ;
#5169 = CARTESIAN_POINT ( 'NONE',  ( 5.566735720207312000, 0.4999544664041345500, 91.59999999999999400 ) ) ;
#5170 = CARTESIAN_POINT ( 'NONE',  ( 6.383397518942242500, 1.592172758270775400, 81.01571948307928000 ) ) ;
#5171 = ORIENTED_EDGE ( 'NONE', *, *, #2406, .T. ) ;
#5172 = CARTESIAN_POINT ( 'NONE',  ( -1.485112572646767500, -1.248997359055809000, 84.97206947942324000 ) ) ;
#5173 = ADVANCED_FACE ( 'NONE', ( #3363 ), #2584, .F. ) ;
#5174 = CARTESIAN_POINT ( 'NONE',  ( 7.613518841526084400, -3.394623430052362300, -91.93448385855174400 ) ) ;
#5175 = CIRCLE ( 'NONE', #5049, 2.500000000000000000 ) ;
#5176 = CARTESIAN_POINT ( 'NONE',  ( -11.90485386154045400, -3.484410013876452400, 70.16405867307123900 ) ) ;
#5177 = CARTESIAN_POINT ( 'NONE',  ( -5.710439618725811100, 0.4882498431360366400, -91.60000000000009400 ) ) ;
#5178 = CARTESIAN_POINT ( 'NONE',  ( 5.500000000000000000, -3.500000000000000000, -101.5999999999999900 ) ) ;
#5179 = CARTESIAN_POINT ( 'NONE',  ( 7.931666547352816300, 0.7096218129894285000, -35.00000000000000000 ) ) ;
#5180 = CARTESIAN_POINT ( 'NONE',  ( -7.205509932403297800, 0.6483707540039165300, -81.07707583891962600 ) ) ;
#5181 = CARTESIAN_POINT ( 'NONE',  ( -5.209195556452081100, 2.450857846071467600, -1.784279507520499600 ) ) ;
#5182 = CARTESIAN_POINT ( 'NONE',  ( -8.587608029728986700, 4.163413077083399500, -34.99999999999996400 ) ) ;
#5183 = CARTESIAN_POINT ( 'NONE',  ( -6.197360876287095100, -0.1223545731247156100, -80.96896420320449300 ) ) ;
#5184 = CARTESIAN_POINT ( 'NONE',  ( -1.563419532724097100E-013, -0.8858127423063783000, 5.499999999999997300 ) ) ;
#5185 = CARTESIAN_POINT ( 'NONE',  ( -3.291226952691051400, -0.8714555436749686900, 84.95423552326438700 ) ) ;
#5186 = CARTESIAN_POINT ( 'NONE',  ( 6.733195414333428300, 0.4227518434964501700, 86.34491458141981500 ) ) ;
#5187 = DIRECTION ( 'NONE',  ( 0.8689539937079592300, -0.4948928740838647900, 0.0000000000000000000 ) ) ;
#5188 = CARTESIAN_POINT ( 'NONE',  ( 5.266311455138431800, -1.715026818441012700, -84.90364580926184600 ) ) ;
#5189 = CARTESIAN_POINT ( 'NONE',  ( -7.663027218415099800, 2.772969761729192000, -64.99999999999994300 ) ) ;
#5190 = CARTESIAN_POINT ( 'NONE',  ( 3.983583382390500900, 2.805021401942735100, 0.0000000000000000000 ) ) ;
#5191 = CARTESIAN_POINT ( 'NONE',  ( 6.473390158848458100, 2.126031503723137700, 75.72789715189415500 ) ) ;
#5192 = EDGE_CURVE ( 'NONE', #4514, #62, #3842, .T. ) ;
#5193 = CARTESIAN_POINT ( 'NONE',  ( 5.583053696079408800, 1.466939564186818800, 64.99999999999998600 ) ) ;
#5194 = CARTESIAN_POINT ( 'NONE',  ( 5.500000000000000000, -3.500000000000000000, -101.5999999999999900 ) ) ;
#5195 = CARTESIAN_POINT ( 'NONE',  ( -8.597266801069935100, 4.308727309818356900, -45.05875648745953300 ) ) ;
#5196 = CARTESIAN_POINT ( 'NONE',  ( -5.592542709740243400, 0.4998895431517681500, -91.59999999999998000 ) ) ;
#5197 = CARTESIAN_POINT ( 'NONE',  ( 4.374617301998518400, -2.998997767591870200, -97.03490050757930900 ) ) ;
#5198 = CARTESIAN_POINT ( 'NONE',  ( 12.97695079610255100, -2.975147314482604200, -23.02619614562116400 ) ) ;
#5199 = CARTESIAN_POINT ( 'NONE',  ( 0.5693224952033819600, -1.122683895444421800, -5.477749966638972600 ) ) ;
#5200 = CARTESIAN_POINT ( 'NONE',  ( -8.587608029728986700, 4.163413077083399500, -23.25746102708412300 ) ) ;
#5201 = CARTESIAN_POINT ( 'NONE',  ( -5.921445616181299200, -0.5609192977905072000, -86.28561032742626900 ) ) ;
#5202 = CARTESIAN_POINT ( 'NONE',  ( -2.543615626577186100, -2.248808483637999800, 91.60000000000009400 ) ) ;
#5203 = CARTESIAN_POINT ( 'NONE',  ( -7.869071010582949600, -0.8626433313480498200, 65.00000000000000000 ) ) ;
#5204 = CARTESIAN_POINT ( 'NONE',  ( 7.157755367532578500, 2.298350186991991300, 75.89152359647401600 ) ) ;
#5205 = CARTESIAN_POINT ( 'NONE',  ( -8.853328159301323600, -3.500912847619883200, 84.95550529941853300 ) ) ;
#5206 = CARTESIAN_POINT ( 'NONE',  ( 10.01289762004581800, -2.083610747318200800, -64.99999999999998600 ) ) ;
#5207 = CARTESIAN_POINT ( 'NONE',  ( -7.447634748862201400, 2.495020498499820800, -70.43523485591092000 ) ) ;
#5208 = CARTESIAN_POINT ( 'NONE',  ( 0.7689004309060035700, 4.716700250569106200, 23.30396550313230700 ) ) ;
#5209 = ORIENTED_EDGE ( 'NONE', *, *, #2625, .T. ) ;
#5210 = CARTESIAN_POINT ( 'NONE',  ( 6.247066958547574900, 1.558773547450306200, 80.98072553602078500 ) ) ;
#5211 = CARTESIAN_POINT ( 'NONE',  ( 6.536721708122074800, 0.7925446106177731500, 70.32068617556738800 ) ) ;
#5212 = CARTESIAN_POINT ( 'NONE',  ( 5.500000000000000000, -3.500000000000000000, -101.5999999999999900 ) ) ;
#5213 = ORIENTED_EDGE ( 'NONE', *, *, #4558, .T. ) ;
#5214 = CARTESIAN_POINT ( 'NONE',  ( -8.467531161739978900, 4.810201473950261400, -45.05593336741956300 ) ) ;
#5215 = ORIENTED_EDGE ( 'NONE', *, *, #3901, .F. ) ;
#5216 = CARTESIAN_POINT ( 'NONE',  ( -6.809729795724857500, 3.249999914761922500, -64.99999999999997200 ) ) ;
#5217 = CARTESIAN_POINT ( 'NONE',  ( 6.675811680763419400, -3.278905605860806400, -91.60000000000000900 ) ) ;
#5218 = CARTESIAN_POINT ( 'NONE',  ( 0.2134503257450141900, 1.498654073772275800, -11.18764369610210900 ) ) ;
#5219 = CARTESIAN_POINT ( 'NONE',  ( -4.748604847522644300, 2.837148999236450900, -2.790482059250357400 ) ) ;
#5220 = VERTEX_POINT ( 'NONE', #1758 ) ;
#5221 = CARTESIAN_POINT ( 'NONE',  ( -5.229753836566577400, 0.6794399671886728300, -5.448849002921631000 ) ) ;
#5222 = CARTESIAN_POINT ( 'NONE',  ( -6.692205675365906700, 0.3089669036976657700, -75.67506726877249400 ) ) ;
#5223 = CARTESIAN_POINT ( 'NONE',  ( -11.78010181972357100, -3.495955262682059600, 70.35496106405817300 ) ) ;
#5224 = CARTESIAN_POINT ( 'NONE',  ( -7.172292136943269700, -0.4658088592432440600, 65.00000000000000000 ) ) ;
#5225 = CARTESIAN_POINT ( 'NONE',  ( 7.796912763934129100, 2.074044040808804600, 65.00000000000002800 ) ) ;
#5226 = CARTESIAN_POINT ( 'NONE',  ( -7.557787587358974200, -3.498769530839275900, 91.59999999999999400 ) ) ;
#5227 = EDGE_CURVE ( 'NONE', #503, #3466, #3744, .T. ) ;
#5228 = CARTESIAN_POINT ( 'NONE',  ( 12.09830017326376300, -3.381256343089069200, -67.56004431758357500 ) ) ;
#5229 = CARTESIAN_POINT ( 'NONE',  ( -6.114482050908494900, 0.2696579355849730300, -91.60000000000026400 ) ) ;
#5230 = CARTESIAN_POINT ( 'NONE',  ( 5.956627282007008100, 5.500000000000001800, 23.28022362359615400 ) ) ;
#5231 = CARTESIAN_POINT ( 'NONE',  ( 5.926027618978443100, 1.024894249476449000, 86.28476465842472000 ) ) ;
#5232 = CARTESIAN_POINT ( 'NONE',  ( 4.339636348825957100, -0.4182583733796581000, 86.10852631384699400 ) ) ;
#5233 = ADVANCED_FACE ( 'NONE', ( #5243 ), #3729, .T. ) ;
#5234 = CARTESIAN_POINT ( 'NONE',  ( 5.500000000000000000, -3.500000000000000000, -101.5999999999999900 ) ) ;
#5235 = CC_DESIGN_DATE_AND_TIME_ASSIGNMENT ( #1123, #3348, ( #4951 ) ) ;
#5236 = CARTESIAN_POINT ( 'NONE',  ( 0.5095522812088113500, -1.741780725707052100, -91.59999999999998000 ) ) ;
#5237 = CARTESIAN_POINT ( 'NONE',  ( -5.808055027835277600, 2.064300999287797200, -75.46402653936841900 ) ) ;
#5238 = CARTESIAN_POINT ( 'NONE',  ( 5.500000000000000000, -3.500000000000000000, -101.5999999999999900 ) ) ;
#5239 = CARTESIAN_POINT ( 'NONE',  ( 2.649311318998816700, -0.6477401337526967900, -0.0000000000000000000 ) ) ;
#5240 = CARTESIAN_POINT ( 'NONE',  ( -5.500000000000000000, -3.500000000000000000, 101.5999999999999900 ) ) ;
#5241 = CARTESIAN_POINT ( 'NONE',  ( 3.775587807881327400, -1.560127702851500400, -4.004602686623754500 ) ) ;
#5242 = CARTESIAN_POINT ( 'NONE',  ( -8.818328264006725100, -2.158891903210888000, 67.67593008818026600 ) ) ;
#5243 = FACE_OUTER_BOUND ( 'NONE', #1739, .T. ) ;
#5244 = CARTESIAN_POINT ( 'NONE',  ( -12.07095665833383600, -3.401247546154780600, 70.11615771178567500 ) ) ;
#5245 = CARTESIAN_POINT ( 'NONE',  ( 7.795588306342452300, 2.066738329282708200, 65.00000000000002800 ) ) ;
#5246 = CARTESIAN_POINT ( 'NONE',  ( -4.601079348588411800, -2.327642597506036200, 3.021397709954490600 ) ) ;
#5247 = CARTESIAN_POINT ( 'NONE',  ( 8.970870218542328800, -3.382600657848847000, -84.90262397945849700 ) ) ;
#5248 = CIRCLE ( 'NONE', #629, 25.32549538158370700 ) ;
#5249 = B_SPLINE_CURVE_WITH_KNOTS ( 'NONE', 3,
 ( #3752, #4968, #4533, #4935 ),
 .UNSPECIFIED., .F., .F.,
 ( 4, 4 ),
 ( 0.0000000000000000000, 1.000000000000000000 ),
 .UNSPECIFIED. ) ;
#5250 = CARTESIAN_POINT ( 'NONE',  ( -6.338077636417046400, 0.9384436906602012800, -86.32320416844984800 ) ) ;
#5251 = CARTESIAN_POINT ( 'NONE',  ( -3.457703102934874400, 3.253894066436547200, 35.00000000000000000 ) ) ;
#5252 = CARTESIAN_POINT ( 'NONE',  ( 6.199166942723604900, 1.550928559442399800, 80.96421532136454900 ) ) ;
#5253 = CARTESIAN_POINT ( 'NONE',  ( 6.119693459835881200, -0.1150386252616902900, 80.96087535899336300 ) ) ;
#5254 = CARTESIAN_POINT ( 'NONE',  ( 5.500000000000000000, -3.500000000000000000, -101.5999999999999900 ) ) ;
#5255 = CARTESIAN_POINT ( 'NONE',  ( 3.063860362740729900, 0.2883077361362449400, -67.95686089445553100 ) ) ;
#5256 = CARTESIAN_POINT ( 'NONE',  ( -5.883569080409542600, 1.554242606899266500, -80.91777195253128200 ) ) ;
#5257 = CARTESIAN_POINT ( 'NONE',  ( 6.307152862957285500, -3.209304469056137900, -91.98489517460844000 ) ) ;
#5258 = CARTESIAN_POINT ( 'NONE',  ( 13.26915514171067500, -3.492244288815582900, -35.00000000000000000 ) ) ;
#5259 = CARTESIAN_POINT ( 'NONE',  ( -10.34227949739616500, -1.844165503243006400, 35.00000000000003600 ) ) ;
#5260 = CARTESIAN_POINT ( 'NONE',  ( 5.499954366725181600, -3.248008700776063400, -0.02266442556289231500 ) ) ;
#5261 = CARTESIAN_POINT ( 'NONE',  ( -6.637209265691177000, -2.827753610683781300, 84.95808596220315700 ) ) ;
#5262 = CARTESIAN_POINT ( 'NONE',  ( -7.466496160307767300, -1.978936909505438500, 78.18701539812403200 ) ) ;
#5263 = CARTESIAN_POINT ( 'NONE',  ( 7.119193224656513900, 2.316325423979154400, 75.88956017581222100 ) ) ;
#5264 = CARTESIAN_POINT ( 'NONE',  ( -0.7804791820197343200, 1.404412074653758500, 5.445047098098835500 ) ) ;
#5265 = CARTESIAN_POINT ( 'NONE',  ( 12.16059538358808800, -3.314580652250296300, -65.00000000000000000 ) ) ;
#5266 = CARTESIAN_POINT ( 'NONE',  ( -6.486485498034770800, 0.8423876710991987600, -86.33350458533139700 ) ) ;
#5267 = CARTESIAN_POINT ( 'NONE',  ( -13.36064268990514000, -3.490970175769123200, 23.02601229959659800 ) ) ;
#5268 = CARTESIAN_POINT ( 'NONE',  ( 5.776366998400899200, 0.4729246156365278800, 91.60000000000017900 ) ) ;
#5269 = AXIS2_PLACEMENT_3D ( 'NONE', #3504, #2309, #3543 ) ;
#5270 = CARTESIAN_POINT ( 'NONE',  ( 6.653844470736795600, 1.262637212728754800, 64.99999999999998600 ) ) ;
#5271 = CARTESIAN_POINT ( 'NONE',  ( 5.500000000000000000, -3.500000000000000000, -101.5999999999999900 ) ) ;
#5272 = CARTESIAN_POINT ( 'NONE',  ( 3.529006834819595500, -0.03752655080310460900, -70.60128852799923000 ) ) ;
#5273 = CARTESIAN_POINT ( 'NONE',  ( -5.902346655604682200, 1.025198713462589100, -86.28210766068227100 ) ) ;
#5274 = CARTESIAN_POINT ( 'NONE',  ( -1.563419532724097100E-013, -0.8858127423063783000, 5.499999999999997300 ) ) ;
#5275 = CARTESIAN_POINT ( 'NONE',  ( 13.30936383028630100, -3.500815289903507200, -23.02627647373728000 ) ) ;
#5276 = CARTESIAN_POINT ( 'NONE',  ( -12.04282393643056700, -3.495300514531104700, 65.00000000000000000 ) ) ;
#5277 = CARTESIAN_POINT ( 'NONE',  ( 5.390149825241728400, -3.433084091957305400, -1.101084472886060700 ) ) ;
#5278 = CARTESIAN_POINT ( 'NONE',  ( -11.12067087210482800, -3.154985963532089200, 67.67686568320944200 ) ) ;
#5279 = CARTESIAN_POINT ( 'NONE',  ( -12.04176966875522800, -3.444526936924092300, 70.11761678628840900 ) ) ;
#5280 = ORIENTED_EDGE ( 'NONE', *, *, #5156, .F. ) ;
#5281 = CARTESIAN_POINT ( 'NONE',  ( 6.720560362396243500, 0.4710861880468777400, 86.34475946022902800 ) ) ;
#5282 = CARTESIAN_POINT ( 'NONE',  ( -4.722381231122407800, -2.439996045692902200, 2.828692905572556700 ) ) ;
#5283 = CARTESIAN_POINT ( 'NONE',  ( 12.17319802478244600, -3.333834472861840800, -65.00000000000000000 ) ) ;
#5284 = ORIENTED_EDGE ( 'NONE', *, *, #772, .F. ) ;
#5285 = CARTESIAN_POINT ( 'NONE',  ( -6.492683906024118400, 2.245675381711405500, -75.78318951479280900 ) ) ;
#5286 = CARTESIAN_POINT ( 'NONE',  ( -1.411435737789017700, 0.4430318702753954200, 15.62139053613845300 ) ) ;
#5287 = CARTESIAN_POINT ( 'NONE',  ( 6.974564154841015600, 3.237175892043605800, 65.00000000000000000 ) ) ;
#5288 = CARTESIAN_POINT ( 'NONE',  ( 6.521464476684617900, 0.3026130392090759500, 75.65131771553022600 ) ) ;
#5289 = CARTESIAN_POINT ( 'NONE',  ( 5.500000000000000000, -3.500000000000000000, -101.5999999999999900 ) ) ;
#5290 = ORIENTED_EDGE ( 'NONE', *, *, #3607, .F. ) ;
#5291 = CARTESIAN_POINT ( 'NONE',  ( 3.358128931042291000, 0.1776455855681314000, -67.86748083780776100 ) ) ;
#5292 = CARTESIAN_POINT ( 'NONE',  ( -4.096002930801534000, 1.501954506270182200, -80.57432127443152600 ) ) ;
#5293 = CARTESIAN_POINT ( 'NONE',  ( 13.26915514171067500, -3.492244288815582900, -23.02809333464725600 ) ) ;
#5294 = CARTESIAN_POINT ( 'NONE',  ( -11.74014435581564400, -2.631281765846673200, 34.99999999999997900 ) ) ;
#5295 = CARTESIAN_POINT ( 'NONE',  ( 5.398300088980041900, -3.065548844884101100, -1.060103803918998700 ) ) ;
#5296 = CARTESIAN_POINT ( 'NONE',  ( 1.611995562727764700, -0.9178426218312254500, -91.60000000000000900 ) ) ;
#5297 = CARTESIAN_POINT ( 'NONE',  ( -7.618498148863679400, -3.309898150419261900, 91.59999999999999400 ) ) ;
#5298 = CARTESIAN_POINT ( 'NONE',  ( 7.808800537980612700, 2.377205253589175900, 64.99999999999997200 ) ) ;
#5299 = DIRECTION ( 'NONE',  ( 0.0000000000000000000, 1.000000000000000000, -0.0000000000000000000 ) ) ;
#5300 = EDGE_CURVE ( 'NONE', #4317, #767, #1377, .T. ) ;
#5301 = CARTESIAN_POINT ( 'NONE',  ( 10.21926126814619600, -3.470320326632038400, -78.27620627501872300 ) ) ;
#5302 = CARTESIAN_POINT ( 'NONE',  ( -13.41105885505465500, -3.455010291813798600, 35.00000000000005000 ) ) ;
#5303 = CARTESIAN_POINT ( 'NONE',  ( 6.193226557839322400, 1.550681834139615600, 80.96203413774398400 ) ) ;
#5304 = CARTESIAN_POINT ( 'NONE',  ( 6.713371055153766400, 1.254857158222269600, 64.99999999999998600 ) ) ;
#5305 = CYLINDRICAL_SURFACE ( 'NONE', #1470, 2.500000000000000000 ) ;
#5306 = CARTESIAN_POINT ( 'NONE',  ( 0.3250152331423030200, -1.696683859300798900, -91.59999999999998000 ) ) ;
#5307 = CARTESIAN_POINT ( 'NONE',  ( -0.4303031582508657900, 0.4014669507882640500, -85.42212010025598100 ) ) ;
#5308 = CARTESIAN_POINT ( 'NONE',  ( 5.355858795563871200, 2.202293069614227300, 1.278338088417464400 ) ) ;
#5309 = CIRCLE ( 'NONE', #3675, 1.250000000000004700 ) ;
#5310 = CARTESIAN_POINT ( 'NONE',  ( -7.376524451966854000, -0.8943941281142757700, 53.47072168711505200 ) ) ;
#5311 = DIRECTION ( 'NONE',  ( 1.000000000000000000, 0.0000000000000000000, 0.0000000000000000000 ) ) ;
#5312 = DIRECTION ( 'NONE',  ( -1.000000000000000000, 0.0000000000000000000, 0.0000000000000000000 ) ) ;
#5313 = CARTESIAN_POINT ( 'NONE',  ( -7.622086315420630400, -3.311722468499423800, 91.60000000000000900 ) ) ;
#5314 = CARTESIAN_POINT ( 'NONE',  ( 7.447634748862201400, 2.495020498499820800, 70.43523485591092000 ) ) ;
#5315 = CARTESIAN_POINT ( 'NONE',  ( -5.485100376016002400, -3.341852423679902500, 0.4760855945255575400 ) ) ;
#5316 = CARTESIAN_POINT ( 'NONE',  ( 11.90869439451040700, -3.502582292349657700, -70.14494848357341500 ) ) ;
#5317 = CARTESIAN_POINT ( 'NONE',  ( -9.919199284694100200, -0.7419513609521681800, 35.00000000000000000 ) ) ;
#5318 = CARTESIAN_POINT ( 'NONE',  ( 5.883569080409542600, 1.554242606899266500, 80.91777195253128200 ) ) ;
#5319 = CARTESIAN_POINT ( 'NONE',  ( 6.601680665506458800, 0.3040364376700361900, 75.66272048376394800 ) ) ;
#5320 = CARTESIAN_POINT ( 'NONE',  ( 5.500000000000000000, -3.500000000000000000, -101.5999999999999900 ) ) ;
#5321 = CARTESIAN_POINT ( 'NONE',  ( -1.186847885985267400, -1.379842757648159100, -91.60000000000000900 ) ) ;
#5322 = CARTESIAN_POINT ( 'NONE',  ( -4.846377365877853700, 2.625007923199639000, -70.06692317393572000 ) ) ;
#5323 = CARTESIAN_POINT ( 'NONE',  ( 7.312499999999926300, 5.500000000000005300, 35.00000000000000000 ) ) ;
#5324 = DIRECTION ( 'NONE',  ( 1.000000000000000000, 0.0000000000000000000, 0.0000000000000000000 ) ) ;
#5325 = CARTESIAN_POINT ( 'NONE',  ( -5.596319962629918300, 3.250000000000002700, -65.00000000000001400 ) ) ;
#5326 = DIRECTION ( 'NONE',  ( -1.000000000000000000, 0.0000000000000000000, 0.0000000000000000000 ) ) ;
#5327 = CARTESIAN_POINT ( 'NONE',  ( -8.970380752774318000, -3.389904122731395700, 84.90387242486120600 ) ) ;
#5328 = CARTESIAN_POINT ( 'NONE',  ( 6.637543125987060800, 2.363444543733380900, 75.82881275239206800 ) ) ;
#5329 = CARTESIAN_POINT ( 'NONE',  ( 0.0000000000000000000, -3.500000000000000000, 0.0000000000000000000 ) ) ;
#5330 = CARTESIAN_POINT ( 'NONE',  ( 7.672125247926749700, -3.419776468158328300, -91.60000000000003700 ) ) ;
#5331 = CARTESIAN_POINT ( 'NONE',  ( -13.38646216366368700, -3.477555676979774200, 35.00000000000000000 ) ) ;
#5332 = CARTESIAN_POINT ( 'NONE',  ( 5.145390511720247400, 1.018477009852119000, 86.21028991832233100 ) ) ;
#5333 = CC_DESIGN_PERSON_AND_ORGANIZATION_ASSIGNMENT ( #4645, #2937, ( #4800 ) ) ;
#5334 = CARTESIAN_POINT ( 'NONE',  ( 6.578069617372726400, 0.7854856949547166500, 70.32444776770246600 ) ) ;
#5335 = CARTESIAN_POINT ( 'NONE',  ( -5.566735720207312000, 0.4999544664041345500, -91.59999999999999400 ) ) ;
#5336 = CARTESIAN_POINT ( 'NONE',  ( -0.6574063938439833600, 0.4554975546210587300, -85.46478663198408300 ) ) ;
#5337 = CARTESIAN_POINT ( 'NONE',  ( 8.615030532364153600, -2.959888994877042800, -78.31645663504215800 ) ) ;
#5338 = DIRECTION ( 'NONE',  ( 0.8713577631282917200, 0.4906481923293509700, -0.0000000000000000000 ) ) ;
#5339 = CARTESIAN_POINT ( 'NONE',  ( 3.409055548481061400, 3.154286419249737100, 44.77306493902164400 ) ) ;
#5340 = ORIENTED_EDGE ( 'NONE', *, *, #2433, .T. ) ;
#5341 = CARTESIAN_POINT ( 'NONE',  ( 13.41013580006597300, -3.291519326522031700, -35.00000000000000000 ) ) ;
#5342 = VERTEX_POINT ( 'NONE', #3387 ) ;
#5343 = DIRECTION ( 'NONE',  ( 0.0000000000000000000, 0.0000000000000000000, -1.000000000000000000 ) ) ;
#5344 = CARTESIAN_POINT ( 'NONE',  ( -12.08628327133804200, -3.410572397911004300, 67.56524795891698400 ) ) ;
#5345 = CARTESIAN_POINT ( 'NONE',  ( 6.674238266302834800, 1.583576310168084200, 81.05940348444087800 ) ) ;
#5346 = CARTESIAN_POINT ( 'NONE',  ( -7.547232425013168800, 1.157151344658460500, -70.41047695738592400 ) ) ;
#5347 = CARTESIAN_POINT ( 'NONE',  ( -5.500000000000000000, -3.500000000000000000, 101.5999999999999900 ) ) ;
ENDSEC;
END-ISO-10303-21;
