c1,c2,c3,c4,c5,c6,c7,c8,c9,c10,c11,c12,c13,c14,c15,c16,c17,c18,c19,c20,c21,c22,c23,c24,c25,c26,c27,c28,c29,c30,c31,c32
50,332,-433,152,192,954,204,-1383,-2807,-28,-37,-2,0,0,0,0,47,302,-1600,0,1150,1150,1150,1150,0,0,0,0,0,0,0,108
103,385,29,-171,-128,999,-527,-834,4882,-33,2,0,0,0,0,29,70,266,-1480,29,1153,1150,1150,1150,0,0,0,0,0,0,0,107
150,5,-34,133,-90,983,143,874,-6042,0,0,-2,0,39,0,55,72,248,-1436,55,1150,1150,1184,1170,0,0,0,0,0,0,0,103
203,496,-446,-51,156,1043,265,874,3723,-39,-38,0,39,0,0,33,52,122,-1472,33,1150,1150,1150,1150,0,0,0,0,0,0,0,109
250,177,83,-56,-167,1015,-1565,1301,2075,-15,14,-37,0,79,0,16,61,106,-1512,16,1150,1150,1150,1150,0,0,0,0,0,0,0,112
303,162,-334,-50,97,1013,997,-1017,4760,-7,-39,-14,79,-120,0,17,43,54,-1508,17,1151,1150,1150,1150,0,0,0,0,0,0,0,113
350,125,135,-25,3,1068,-527,264,-6958,-10,8,-14,0,-40,0,16,64,88,-1512,16,1150,1150,1217,1192,0,0,0,0,0,0,0,108
403,83,-251,4,-46,1026,-772,1729,3845,-7,-21,-10,0,0,0,107,43,32,-1372,107,1150,1150,1150,1150,0,0,0,0,0,0,0,109
450,-155,16,-57,-70,1012,-894,1729,8300,10,4,-6,-39,39,0,119,35,-38,-1360,119,1191,1232,1150,1150,0,0,0,0,0,0,0,112
503,129,-111,-142,13,1085,1181,1484,4577,-11,-9,-4,0,0,0,127,54,-22,-1352,127,1163,1150,1150,1150,0,0,0,0,0,0,0,112
550,72,55,93,42,1025,387,-834,-12451,-6,4,-6,0,0,0,181,74,-28,-1304,181,1150,1150,1277,1285,0,0,0,0,0,0,0,106
603,-16,21,-7,-69,965,448,752,3234,4,5,-4,39,39,0,659,68,14,-1036,659,1150,1150,1150,1150,0,0,0,0,0,0,0,104
650,-115,-198,49,23,1010,509,630,6774,13,-13,-6,39,39,0,796,54,-27,-980,796,1228,1227,1150,1150,0,0,0,0,0,0,0,110
703,-83,107,-10,53,1026,82,-1261,-2929,7,12,-6,0,39,0,1074,67,30,-880,1074,1150,1150,1169,1214,0,0,0,0,0,0,0,109
750,6,225,7,-20,971,-1992,-1383,-10192,2,23,-4,39,39,0,1235,45,-24,-828,1235,1150,1150,1291,1312,0,0,0,0,0,0,0,111
803,-45,-98,95,-33,1131,1852,-2055,-1464,3,-5,0,0,39,0,1694,48,7,-696,1694,1177,1150,1173,1227,0,0,0,0,0,0,0,109
850,78,-93,-42,59,1099,814,4841,13977,-3,-1,0,39,79,0,1694,90,4,-696,1694,1365,1351,1150,1150,0,0,0,0,0,0,0,108
903,-19,450,-146,16,1080,3195,3865,14709,1,39,-2,0,0,0,2259,47,-36,-556,2259,1407,1360,1150,1150,0,0,0,0,0,0,0,111
950,45,377,-20,-49,1033,875,2461,1220,-7,39,0,-39,79,0,2906,89,28,-415,2906,1269,1255,1259,1193,0,0,0,0,0,0,0,110
1003,-77,10,85,14,973,-283,-468,-7141,10,4,-2,39,39,0,3503,69,23,-300,3503,1150,1171,1347,1369,0,0,0,0,0,0,0,109
1050,-241,38,-14,-54,948,-3457,-40,-9277,24,6,-2,39,39,0,4565,42,-3,-116,4565,1150,1219,1399,1401,0,0,0,0,0,0,0,112
1103,2,-85,24,36,1175,387,-162,-8300,-3,0,-2,-39,79,0,5122,78,-2,-27,5122,1225,1190,1398,1415,0,0,0,0,0,0,0,108
1150,-30,-118,97,71,895,-405,-101,1342,2,-6,-2,0,39,0,7048,42,-15,0,7048,1422,1418,1395,1408,0,0,0,0,0,0,0,107
1203,106,15,-58,-39,1235,-5593,11494,1647,-9,4,-6,0,39,0,8391,42,50,0,8391,1420,1484,1497,1363,0,0,0,0,0,0,0,109
1250,48,-170,102,-96,964,-8950,-9867,1831,-4,-7,-4,0,79,0,8425,52,-65,0,8425,1400,1522,1393,1488,0,0,0,0,0,0,0,111
1303,54,372,-66,-11,1135,7406,386,366,-4,32,-4,0,0,0,9211,40,-70,0,9211,1508,1442,1494,1461,0,0,0,0,0,0,0,106
1350,-35,290,127,30,787,-650,-4862,-5493,6,21,-2,39,-40,0,9281,67,-5,0,9281,1432,1431,1501,1543,0,0,0,0,0,0,0,110
1403,-320,392,53,101,935,1913,-834,-6164,27,37,-2,0,39,0,9316,118,45,0,9316,1432,1424,1536,1522,0,0,0,0,0,0,0,110
1450,-750,305,-200,-5,1136,1242,3010,427,68,30,-2,39,39,0,9996,55,-21,0,9996,1491,1510,1519,1475,0,0,0,0,0,0,0,111
1503,-424,232,-106,159,1406,143,813,2807,33,23,2,-39,39,0,10738,52,34,0,10738,1542,1537,1505,1491,0,0,0,0,0,0,0,112
1550,-530,-76,-13,-59,1328,-1504,-2421,183,42,-3,2,-39,39,0,11081,81,-41,0,11081,1518,1542,1516,1535,0,0,0,0,0,0,0,115
1603,-473,20,-51,141,986,-4922,1668,-1586,37,1,-2,-39,0,0,11081,70,-39,0,11081,1481,1549,1547,1532,0,0,0,0,0,0,0,113
1650,-569,352,-109,54,1032,1852,-2360,2990,49,30,0,0,0,0,11781,79,39,0,11781,1568,1566,1523,1526,0,0,0,0,0,0,0,111
1703,-41,-107,-60,-127,1294,6063,7954,3051,7,-2,-2,39,79,0,11900,83,33,0,11900,1596,1541,1557,1498,0,0,0,0,0,0,0,113
1750,84,-195,-58,-83,803,-3823,3926,-4089,-7,-10,-2,0,79,0,11940,48,20,0,11940,1496,1544,1598,1557,0,0,0,0,0,0,0,113
1803,-16,-352,19,55,1043,936,-7365,-2624,1,-27,0,0,39,0,11980,50,21,4,11980,1528,1533,1547,1585,0,0,0,0,0,0,0,110
1850,432,-712,-204,-228,1064,936,3926,-3784,-62,-58,-4,-279,39,0,13500,33,-33,152,13500,1568,1553,1620,1609,0,0,0,0,0,0,0,122
1903,983,-1183,96,-47,968,4293,-7365,-3051,-89,-99,-6,-39,39,0,13500,51,-17,152,13500,1581,1548,1586,1634,0,0,0,0,0,0,0,120
1950,870,-1802,8,180,1007,7650,-2543,-4028,-75,-150,-6,0,79,0,14978,42,43,287,14978,1597,1549,1611,1658,0,0,0,0,0,0,0,118
2003,1400,-1386,-180,93,1159,7711,14485,-6591,-122,-114,-4,0,79,0,15022,46,40,291,15022,1601,1548,1689,1646,0,0,0,0,0,0,0,122
2050,1578,-550,88,68,822,7223,15034,-7080,-137,-41,-4,0,79,0,15067,90,125,296,15067,1603,1537,1679,1667,0,0,0,0,0,0,0,118
2103,1904,327,-106,115,911,19613,18452,-6774,-169,28,-6,-39,0,0,15975,62,163,376,15975,1630,1505,1704,1645,0,0,0,0,0,0,0,121
2150,2679,7,355,2,829,22360,15462,-2929,-233,7,-2,0,79,0,16438,86,270,415,16438,1671,1575,1698,1662,0,0,0,0,0,0,0,114
2203,3639,1178,94,147,1076,3500,30293,-9277,-317,102,-4,0,0,0,16485,106,390,419,16485,1610,1555,1775,1661,0,0,0,0,0,0,0,120
2250,2752,2578,246,-36,1018,-161,14912,-6713,-299,228,-2,-680,39,0,16532,143,418,423,16532,1647,1548,1724,1693,0,0,0,0,0,0,0,125
2303,2544,2702,168,103,836,5331,-17313,-8789,-497,347,4,-3159,1280,0,16767,147,338,444,16767,1679,1480,1712,1728,0,0,0,0,0,0,0,127
2350,2044,1423,-333,-316,1237,-17800,-26347,-6713,-475,319,-6,-3400,2239,0,16579,180,473,428,16579,1597,1592,1724,1704,0,0,0,0,0,0,0,133
2403,1306,-683,-166,-311,1261,-27871,-23844,-7446,-442,209,-4,-3760,3079,0,16673,174,503,435,16673,1611,1568,1718,1726,0,0,0,0,0,0,0,133
2450,638,-2615,66,208,1121,-30557,-37394,-9521,-415,127,-4,-4120,4080,0,16673,236,611,435,16673,1596,1552,1701,1767,0,0,0,0,0,0,0,130
2503,-933,-3797,243,-117,1125,-49111,-20670,-5004,-243,-3,-4,-3719,3759,0,16626,274,757,432,16626,1560,1634,1699,1720,0,0,0,0,0,0,0,132
2550,-2668,-3550,25,-86,1250,-26651,-9501,-5493,16,-110,-2,-2480,2279,0,16720,342,887,439,16720,1611,1582,1708,1724,0,0,0,0,0,0,0,130
2603,-3029,-3285,169,2,998,-9439,-1383,-8239,173,-157,-2,-1040,1480,0,16626,377,830,432,16626,1585,1566,1734,1729,-882,1345,-332,507,-700,1761,0,145
2650,-2060,-2420,-27,61,1186,-1382,6367,-7324,96,-89,-4,-960,1399,0,16673,416,947,435,16673,1597,1562,1745,1716,-882,1345,-367,559,-700,1761,0,143
2703,-1576,-1309,72,-18,794,-9805,6550,-8911,85,-89,0,-600,279,0,16673,488,1004,435,16673,1559,1577,1740,1739,610,306,297,149,496,477,193,138
2750,-1551,-828,-111,25,982,-5899,-1078,-7385,90,-51,0,-520,239,0,16720,538,1084,439,16720,1582,1566,1730,1735,444,51,239,27,488,188,234,137
2803,-1306,-532,32,-116,1316,4660,-285,-9338,96,-28,0,-199,199,0,16626,569,1047,432,16626,1587,1528,1748,1742,450,-102,256,-58,455,-183,234,140
2850,-682,-229,-33,6,1158,4415,-529,-5981,45,-6,0,-160,160,0,16626,602,1073,432,16626,1596,1561,1738,1720,383,-170,230,-102,428,-235,255,137
2903,-388,-66,-197,119,1247,-1382,-3092,-6164,19,4,0,-160,119,0,16673,666,1098,435,16673,1581,1572,1728,1738,326,-252,217,-168,380,-228,255,140
2950,-311,-477,139,42,939,-2664,-4435,-4760,9,-31,-2,-199,119,0,14800,712,1104,271,14800,1540,1534,1682,1698,307,-284,219,-202,348,-287,234,140
3003,-555,-397,-131,-14,842,1119,-2909,-3417,38,-24,0,-120,119,0,13374,773,1093,139,13374,1522,1493,1651,1656,288,-192,223,-148,339,-212,244,141
3050,-505,-448,-87,-65,812,1181,-4679,-2563,40,-35,-2,-39,39,0,13374,834,1073,139,13374,1525,1500,1646,1654,193,-436,161,-363,295,-438,244,139
3103,-471,-730,30,112,1052,936,1973,-3540,142,-60,-2,1159,39,0,13374,902,1099,139,13374,1493,1515,1660,1654,212,-488,191,-440,178,-505,255,139
3150,-608,-776,41,122,952,7711,2766,-3051,227,-36,0,2000,360,0,13332,951,1009,136,13332,1518,1495,1650,1655,234,-457,223,-435,101,-539,255,139
3203,-465,-556,85,18,1276,18148,3499,-2197,382,80,0,3919,1480,0,13332,964,913,136,13332,1525,1499,1666,1630,128,-526,124,-507,67,-843,244,138
3250,-7,-246,-1,115,1055,30661,-2726,-976,786,166,-8,8999,2159,0,13332,1020,794,136,13332,1508,1526,1646,1642,163,-608,167,-620,136,-1026,255,142
3303,979,-709,-5,-89,1148,50802,-13407,732,692,-2,-6,8920,679,0,13416,1046,697,143,13416,1591,1470,1596,1673,163,-695,171,-727,397,-1581,244,141
3350,3256,-1358,133,55,976,50924,-2726,-488,228,-101,-4,5880,199,0,13416,1069,618,143,13416,1599,1440,1645,1638,159,260,170,278,270,-695,255,141
3403,5085,-1119,-68,68,1094,16256,6184,0,-133,-83,-4,3559,160,0,13416,1105,609,143,13416,1543,1514,1653,1623,125,-669,138,-739,17,-952,255,139
3450,4225,-283,-183,-36,1050,-6692,1484,1647,-253,-7,-4,1319,199,0,13416,1147,608,143,13416,1565,1512,1619,1636,145,-539,166,-618,0,-372,255,141
3503,2785,-909,-40,81,1101,-5349,2888,0,-222,-65,-4,239,160,0,13458,1176,590,148,13458,1563,1493,1644,1632,137,-324,161,-382,86,-231,255,137
3550,1967,-1507,222,48,702,-4495,-1322,3173,-161,-124,-2,120,79,0,13374,1211,588,139,13374,1577,1525,1607,1626,56,-211,68,-256,112,-144,255,140
3603,1008,-643,-213,-118,975,-7180,8809,915,-77,-49,-4,120,79,0,13416,1238,566,143,13416,1553,1519,1645,1618,17,-415,21,-514,-136,-290,255,139
3650,377,-136,-190,-38,1200,-1382,6795,854,-29,-4,-4,39,79,0,13458,1259,537,148,13458,1567,1504,1653,1610,1,-325,1,-410,0,-251,255,131
3703,-176,-494,269,-59,682,3134,-9989,1892,15,-36,-4,0,79,0,13416,1299,484,143,13416,1571,1526,1599,1657,-106,-286,-137,-372,68,-341,255,137
3750,-149,-778,-23,-63,998,4537,-3092,1098,13,-60,-4,0,79,0,13458,1282,406,148,13458,1580,1497,1613,1647,54,-296,70,-380,59,-273,255,133
3803,-94,-1180,74,48,841,2035,3438,793,4,-92,-4,-39,119,0,11781,1301,275,0,11781,1522,1464,1594,1593,34,-192,45,-250,-25,-227,255,130
3850,-260,-1302,137,-104,694,4171,-2543,3479,19,-106,-4,-39,79,0,10738,1310,228,0,10738,1522,1447,1514,1584,-47,-284,-61,-372,-108,-314,255,140
3903,-143,-1157,80,28,634,2035,11250,2502,2,-94,-6,-120,79,0,10663,1316,49,0,10663,1510,1440,1568,1541,-7,-197,-10,-260,-204,-233,255,134
3950,-327,-1152,5,-102,348,-2481,5025,3784,21,-90,-6,-80,119,0,11389,1333,-53,0,11389,1519,1495,1526,1599,45,-68,60,-91,-228,-59,244,133
4003,-576,-940,-23,61,696,753,3071,3540,43,-75,-8,-80,79,0,12873,1330,-107,92,12873,1562,1506,1585,1598,-116,-106,-155,-141,-170,-119,255,138
4050,-753,-804,-49,-168,847,2828,8076,2746,55,-59,-4,-120,119,0,13374,1308,-189,139,13374,1582,1524,1617,1613,-25,-60,-33,-78,-189,-86,244,139
4103,-623,-647,19,-139,852,2890,6611,1586,40,-52,-6,-160,39,0,13458,1311,-242,148,13458,1572,1523,1627,1620,-3,263,-4,345,-119,212,234,135
4150,-70,-545,145,88,838,3134,1057,2258,-4,-40,-4,-120,79,0,13458,1284,-267,148,13458,1583,1523,1612,1625,-131,-121,-169,-156,-128,-189,255,140
4203,-160,-256,-111,-27,1246,-6570,3560,732,-115,12,-4,-1480,399,0,13543,1279,-280,155,13543,1564,1519,1635,1619,-14,10,-19,13,-77,125,255,139
4250,-340,-188,-175,-118,1097,-11636,-162,-244,-190,53,-6,-2519,799,0,13500,1266,-316,152,13500,1545,1528,1650,1620,-68,69,-87,87,25,144,224,141
4303,-646,-533,-26,-91,858,-16336,-8097,1098,-198,26,-4,-2920,839,0,14273,1245,-350,224,14273,1577,1555,1625,1661,-193,-267,-240,-333,-51,17,255,145
4350,-1407,-758,-124,-47,1092,-17800,-162,-2258,-100,7,-4,-2560,839,0,15022,1227,-377,291,15022,1563,1561,1687,1671,-34,142,-42,175,28,463,255,143
4403,-1899,-864,32,-5,651,-6509,-8585,-1220,-61,-2,-4,-2600,839,0,15022,1203,-370,291,15022,1595,1538,1654,1691,-124,140,-149,168,25,253,255,141
4450,-1726,-1418,239,-59,749,631,-11820,-2075,-6,-109,-4,-1800,160,0,15022,1207,-365,291,15022,1601,1520,1630,1725,-53,50,-65,61,17,162,255,140
4503,-1671,-1966,151,-93,771,-4006,1240,-2929,51,-161,-6,-1080,119,0,15067,1180,-378,296,15067,1566,1545,1681,1691,-37,216,-44,254,-59,286,255,143
4550,-1033,-1799,132,57,543,2706,447,-1647,51,-146,-2,-440,119,0,15112,1154,-373,300,15112,1591,1540,1653,1704,-130,74,-150,86,-228,42,255,139
4603,-892,-901,-363,-144,1351,2096,11433,-4699,49,-68,-6,-320,119,0,15112,1153,-278,300,15112,1558,1525,1712,1685,-77,62,-89,72,-277,25,244,140
4650,-671,-710,-189,-102,1146,3683,5635,-4455,34,-55,-6,-279,79,0,15112,1138,-238,300,15112,1569,1515,1696,1701,-189,123,-215,141,-272,68,255,142
4703,-433,-297,-195,-33,1224,4354,6001,-5432,20,-15,-4,-199,119,0,15157,1117,-236,304,15157,1567,1502,1707,1703,-97,126,-108,141,-202,50,255,141
4750,-161,-105,-203,160,1170,4232,4231,-4577,-6,-2,0,-240,79,0,15022,1127,-184,291,15022,1575,1505,1701,1698,-122,171,-137,193,-162,144,255,140
4803,-365,-231,64,-120,853,143,-2909,-4516,14,-13,-4,-199,79,0,15067,1096,-219,296,15067,1550,1521,1683,1716,-153,139,-167,152,-102,136,255,140
4850,-320,-309,121,-126,931,3805,-2726,-5065,10,-19,-2,-199,79,0,14978,1089,-229,287,14978,1564,1494,1693,1712,-154,186,-167,203,-93,161,255,141
4903,-90,-58,-179,0,1058,4049,5391,-5981,-9,1,0,-199,79,0,15022,1067,-281,291,15022,1555,1491,1718,1700,111,207,118,220,17,136,255,131
4950,300,89,-169,28,1278,5941,5330,-5798,-71,14,-2,-520,79,0,14978,1064,-291,287,14978,1567,1470,1714,1705,-64,235,-68,250,-128,137,255,136
5003,251,251,79,-122,1119,3561,386,-4211,-60,25,-2,-440,39,0,15022,1040,-276,291,15022,1566,1496,1696,1710,-119,357,-124,371,-126,295,255,138
5050,261,287,-64,-65,1227,-1626,2705,-4394,-92,32,-6,-800,79,0,15022,1020,-307,291,15022,1557,1497,1707,1705,-120,379,-122,387,-154,369,255,140
5103,245,182,117,157,904,692,5269,-4028,-167,19,-6,-1679,39,0,14978,1015,-270,287,14978,1580,1469,1708,1702,-62,414,-62,420,-153,402,255,137
5150,131,301,190,77,948,-6082,2217,-3356,-252,33,-4,-2760,79,0,14978,1007,-228,287,14978,1572,1492,1702,1702,-122,380,-123,382,-152,424,255,140
5203,-268,616,-260,-103,1231,-15176,4780,-3417,-283,60,-4,-3520,79,0,15022,988,-241,291,15022,1555,1508,1713,1693,-78,399,-77,394,-161,664,255,143
5250,-830,495,-111,32,1032,-15359,5574,-3173,-245,50,-4,-3640,79,0,15022,986,-188,291,15022,1557,1506,1710,1696,85,129,84,127,-25,367,255,138
5303,-1199,633,113,38,849,-12796,752,-1220,-216,62,-4,-3680,79,0,15022,969,-175,291,15022,1574,1515,1689,1696,-93,463,-90,449,-106,686,255,139
5350,-1479,646,-127,-137,1125,-11392,1118,-1342,-157,63,-2,-3280,79,0,15022,968,-141,291,15022,1562,1517,1687,1692,-29,458,-28,443,-119,640,255,144
5403,-1392,828,99,76,825,-7485,5879,-976,-168,79,-6,-3320,79,0,14978,974,-121,287,14978,1583,1501,1710,1674,-25,543,-24,529,-127,674,255,137
5450,-1439,1057,37,-2,968,-6265,3804,-427,-129,99,-4,-2920,79,0,14978,954,-127,287,14978,1584,1510,1700,1676,-81,379,-78,361,-116,523,255,138
5503,-1432,1184,-127,-42,1141,-8279,-3825,-671,-192,110,-2,-3640,79,0,15022,960,-115,291,15022,1589,1505,1696,1684,50,371,48,356,116,516,255,141
5550,-1434,925,-135,45,852,-8767,-3397,-366,-234,94,0,-4120,160,0,15022,946,-115,291,15022,1589,1512,1697,1678,83,433,78,410,170,553,255,137
5603,-1413,223,182,-3,870,-14321,-5473,3234,-236,33,-2,-4120,160,0,15022,923,-132,291,15022,1597,1553,1658,1676,49,388,45,358,145,638,255,138
,,,,,,,,,,,,,,,,,,,,,,,,,,,,,,,
5803,-1152,-999,15,64,778,2157,-4618,2929,16,10,-2,-960,1119,0,14978,915,-180,287,14978,1611,1535,1660,1672,91,252,83,230,171,214,255,134
5850,-610,-1130,307,133,882,8566,-9928,2502,25,100,0,-320,2279,0,14978,922,-117,287,14978,1625,1519,1666,1670,79,184,73,170,256,76,255,135
5903,-48,-963,-102,-64,943,2401,-5167,732,-20,146,-2,-279,2639,0,14978,928,-64,287,14978,1593,1529,1693,1664,179,84,166,78,269,42,255,134
5950,137,-1062,-121,-214,1205,1913,-12186,2624,26,270,0,439,4159,0,15022,918,-43,291,15022,1615,1535,1676,1657,109,37,100,34,247,106,255,137
6003,553,-1652,227,234,746,4782,-11759,2685,101,288,0,1719,4960,0,15022,900,-80,291,15022,1613,1540,1674,1657,141,93,127,83,346,9,244,134
6050,768,-1283,-121,52,920,10153,-18351,2136,124,306,-4,2200,4800,0,15022,922,-58,291,15022,1618,1524,1656,1683,88,8,81,7,354,-168,244,135
6103,1154,-2302,390,0,1104,16744,-29642,4455,-13,186,-2,999,4440,0,15022,907,-14,291,15022,1652,1521,1623,1684,78,62,71,56,596,-230,255,136
6150,1589,-2961,-243,-221,1045,-3091,-12308,61,-117,-17,0,239,2760,0,15022,916,37,291,15022,1584,1539,1675,1682,85,-86,77,-79,382,-93,255,138
6203,762,-3234,115,-210,893,-7852,-12675,2563,-49,-198,0,199,959,0,15022,921,-30,291,15022,1603,1555,1634,1692,-42,-26,-38,-24,178,110,255,139
6250,743,-3581,281,207,736,3256,3743,1037,-61,-288,0,39,279,0,14978,912,-1,287,14978,1634,1496,1671,1671,-53,-48,-48,-44,-42,25,255,132
6303,471,-1954,-171,-193,925,-4251,17232,122,-41,-149,-2,0,239,0,15022,903,-32,291,15022,1589,1535,1689,1664,-253,-171,-229,-154,-554,-97,255,142
6350,226,-1284,196,-173,1173,-100,630,1953,-19,-101,0,0,119,0,15022,906,-70,291,15022,1618,1533,1643,1688,-187,-69,-169,-62,-240,-25,255,137
6403,594,-1335,170,143,882,-2542,8137,732,-55,-106,-2,-39,119,0,15022,912,-10,291,15022,1601,1533,1680,1667,-267,-121,-244,-110,-409,-76,255,141
6450,93,-429,-85,-233,1080,-5471,8381,732,-8,-30,0,0,79,0,14978,911,27,287,14978,1594,1543,1669,1676,-319,-201,-291,-183,-530,-107,255,135
6503,38,-187,261,157,975,1974,-529,610,-10,-5,-2,-80,119,0,15022,897,19,291,15022,1613,1518,1660,1688,-400,-50,-359,-45,-391,-85,255,133
6550,19,95,-222,-15,1453,-4556,1301,183,-8,15,0,-80,79,0,14978,904,24,287,14978,1592,1535,1658,1692,-337,-179,-304,-162,-469,-119,255,134
6603,67,-901,645,84,700,936,-5778,-183,32,-71,-2,439,79,0,14978,895,-33,287,14978,1598,1520,1654,1701,-334,-3,-299,-2,-233,-19,255,131
6650,516,-1589,-13,76,1205,265,1912,-305,21,-131,0,759,79,0,15022,902,-71,291,15022,1607,1507,1657,1697,-399,-253,-360,-228,-485,-170,255,138
6703,522,-1392,116,17,809,5392,2583,-2075,17,-111,0,720,119,0,15022,907,-34,291,15022,1595,1502,1691,1689,-473,-186,-429,-169,-518,-280,255,140
6750,764,-787,-47,-41,1184,3866,5208,-1464,44,-61,0,1280,79,0,15022,910,-19,291,15022,1599,1502,1669,1703,-513,-453,-466,-412,-763,-411,255,140
6803,286,-204,18,64,843,6857,5879,-3906,114,-10,-2,1600,79,0,15022,914,20,291,15022,1576,1486,1706,1695,-519,-216,-474,-197,-621,-336,244,138
6850,469,347,-212,3,1414,11557,4170,-2990,95,33,-2,1559,39,0,15022,921,40,291,15022,1596,1476,1697,1697,-576,-414,-530,-382,-647,-532,234,138
6903,673,233,4,-26,879,2706,-5595,-1953,73,23,-2,1519,39,0,15022,928,104,291,15022,1565,1526,1680,1704,-568,-398,-527,-369,-470,-445,255,137
6950,472,-38,114,-58,1014,-772,-101,-4089,227,-94,0,3079,-1040,0,15067,932,93,296,15067,1532,1531,1691,1719,-465,-81,-433,-75,-421,-118,255,140
7003,-16,87,-214,108,1370,12777,-2909,-1831,580,-170,-2,6640,-2040,0,15022,935,113,291,15022,1549,1542,1670,1717,-648,-323,-605,-302,-597,-546,255,147
7050,295,-205,-115,205,1099,34140,3743,-3540,532,-150,0,6399,-1520,0,14978,940,77,287,14978,1600,1458,1692,1715,-586,-338,-551,-317,-739,-849,255,146
7103,1841,-40,76,83,857,36947,12532,-3479,80,-7,-2,2760,-40,0,15022,942,83,291,15022,1622,1422,1719,1688,-421,82,-396,77,-639,-562,255,135
7150,3044,439,-54,-8,1295,8627,447,-2624,-195,34,0,799,-40,0,15067,954,131,296,15067,1565,1509,1686,1715,-670,-427,-639,-408,-730,-730,255,139
7203,2236,30,215,31,1028,-22012,1484,-3906,-205,0,0,-120,-40,0,15022,949,134,291,15022,1521,1532,1709,1706,-592,-109,-562,-103,-618,274,255,140
7250,137,-103,201,-144,673,-14566,3926,-4577,-25,-12,-2,-160,-40,0,15022,959,93,291,15022,1545,1494,1715,1712,-648,-225,-622,-216,-707,116,255,143
7303,-446,174,-187,69,1057,2279,3132,-2746,25,15,0,-160,0,0,14978,956,68,287,14978,1582,1475,1705,1700,-702,-166,-671,-159,-757,-206,255,137
7350,-202,265,-98,235,1146,-405,2888,-3479,-90,23,-2,-1240,0,0,14978,948,53,287,14978,1568,1475,1707,1708,-663,-57,-629,-54,-751,-128,255,138
7403,-385,63,24,23,863,-10476,5208,-4150,-137,2,-2,-1959,-40,0,15022,967,42,291,15022,1544,1491,1716,1712,-600,-65,-580,-63,-691,116,255,137
7450,-1063,322,-17,-30,960,-14749,3621,-3845,-74,24,-4,-1920,-40,0,15022,935,-18,291,15022,1533,1502,1719,1708,-672,-32,-628,-30,-699,233,255,142
7503,-1732,343,-57,36,1303,-11453,2583,-5065,8,30,0,-1640,0,0,15067,974,76,296,15067,1533,1486,1726,1716,-669,-80,-652,-78,-714,119,255,136
7550,-1964,405,-49,-108,943,-3213,2461,-4333,35,35,0,-1560,0,0,15022,963,50,291,15022,1544,1480,1722,1713,-718,-16,-692,-16,-733,39,255,136
7603,-1755,220,137,-48,1385,-1992,3193,-4943,51,-43,-2,-1160,-720,0,15022,939,14,291,15022,1530,1482,1727,1718,-635,-102,-596,-96,-691,-68,255,143
7650,-1568,312,-30,34,1313,-5532,7893,-4577,35,-39,-2,-1160,-760,0,14978,949,37,287,14978,1524,1487,1727,1714,-535,25,-507,24,-729,102,244,139
7703,-1943,458,33,-120,927,-3884,5940,-3540,68,12,-2,-1160,-320,0,15022,973,58,291,15022,1534,1492,1721,1713,-635,-59,-618,-57,-739,8,255,138
7750,-1982,273,-6,-107,1316,-1443,-895,-4577,134,0,-2,-440,-279,0,15067,959,89,296,15067,1514,1491,1715,1731,-548,60,-526,57,-598,68,255,137
7803,-1757,-129,0,-18,830,1608,3682,-4516,118,-28,-2,-400,-200,0,15022,974,18,291,15022,1529,1473,1735,1712,-496,-65,-483,-63,-560,-93,255,139
7850,-1415,-61,-84,-138,1073,5026,8381,-5187,88,-15,0,-400,-120,0,15022,970,17,291,15022,1533,1458,1745,1712,-442,-38,-429,-37,-628,-107,255,141
7903,-1019,-446,-181,24,1306,2279,12044,-5310,61,-42,0,-320,-40,0,14978,983,52,287,14978,1519,1466,1751,1708,-469,-79,-461,-77,-680,-119,255,141
7950,-847,55,-65,240,1080,-405,11677,-4821,77,1,0,39,-40,0,15022,984,63,291,15022,1509,1483,1747,1711,-437,-43,-430,-42,-656,-76,255,133
8003,-729,358,-108,71,1230,82,1118,-4577,199,31,-2,1559,0,0,15022,991,87,291,15022,1504,1485,1732,1725,-465,-83,-461,-82,-484,-85,255,134
8050,-706,30,21,85,980,10885,-2848,-3723,229,0,0,1919,-40,0,15067,1006,101,296,15067,1542,1461,1725,1728,-372,-59,-374,-60,-341,-179,255,137
8103,-178,-114,-233,183,1233,13388,2400,-5310,183,77,-2,1919,999,0,15022,1003,125,291,15022,1525,1447,1764,1706,-279,-107,-280,-107,-321,-340,255,146
8150,346,-576,108,69,706,8505,-2299,-2563,140,68,0,1959,1359,0,15022,1010,106,291,15022,1523,1491,1721,1722,-133,82,-135,83,-187,-102,255,138
8203,412,-599,-32,192,989,2951,-5289,-3784,51,129,-2,999,2079,0,15022,1033,158,291,15022,1518,1475,1736,1724,-314,-93,-324,-96,-221,-144,255,141
8250,152,-1196,161,-96,865,2828,-13773,-2014,46,77,0,680,2079,0,15022,1030,151,291,15022,1533,1484,1705,1735,-15,-34,-15,-35,156,-19,255,137
8303,253,-1559,-54,110,957,-344,-5167,-3784,-8,10,-2,160,1679,0,14978,1051,169,287,14978,1516,1468,1732,1728,-174,-90,-183,-95,-84,-84,255,139
8350,-139,-1856,122,-15,674,-2908,-6022,-732,22,-39,0,120,1399,0,15022,1051,149,291,15022,1522,1508,1697,1730,-125,-58,-131,-61,-127,-34,255,141
8403,-436,-2434,89,83,832,-772,1240,-2197,38,-125,0,0,999,0,15022,1061,132,291,15022,1524,1485,1720,1726,-192,-39,-204,-41,-214,-25,255,136
8450,-655,-2321,374,-55,694,692,4353,122,60,-139,0,39,720,0,15022,1059,133,291,15022,1537,1505,1702,1720,-154,-61,-163,-64,-331,-51,255,136
8503,-457,-1737,103,59,896,5697,9480,-1403,36,-116,-2,-39,399,0,15022,1074,164,291,15022,1543,1472,1728,1713,-236,-71,-253,-76,-401,-171,255,141
8550,-588,-1126,257,-163,883,3134,8565,549,51,-63,-2,0,399,0,14978,1085,157,287,14978,1539,1506,1715,1704,-220,-97,-239,-105,-427,-145,255,139
8603,-257,36,-93,49,820,3073,9724,-1281,15,31,0,-80,320,0,15022,1081,179,291,15022,1536,1483,1739,1700,-137,-65,-148,-71,-307,-119,255,135
8650,-40,78,-45,-60,634,2462,-773,1586,-3,34,0,-80,320,0,15022,1103,153,291,15022,1553,1507,1702,1706,-106,-51,-117,-57,-170,-102,255,134
8703,-52,-126,99,172,1312,326,447,61,-5,6,-2,-120,199,0,14978,1102,227,287,14978,1535,1502,1721,1704,-9,-28,-10,-31,-17,-34,255,128
8750,-229,-214,21,62,1097,692,-4923,3234,20,-8,-2,0,119,0,14978,1120,199,287,14978,1563,1520,1690,1700,-18,-45,-21,-50,25,0,255,128
8803,-369,-731,104,37,1320,2340,81,-549,18,-53,-2,-160,119,0,14978,1130,205,287,14978,1537,1490,1726,1704,87,-53,98,-60,85,-94,255,131
8850,-130,-950,153,35,1021,997,-223,3112,-2,-65,-2,-160,199,0,14933,1152,186,284,14933,1556,1523,1704,1683,13,179,15,206,51,144,255,132
8903,-96,-723,-18,-24,849,-1199,-40,-549,-9,-17,2,-199,520,0,11980,1167,191,4,11980,1449,1411,1668,1633,76,-78,89,-91,77,-57,255,129
8950,-429,-953,-141,-106,927,-1443,569,1464,23,28,-2,-160,1280,0,11980,1164,211,4,11980,1456,1432,1655,1623,62,-51,72,-60,51,-25,255,133
9003,-295,-1267,116,166,1017,-283,-1932,3051,15,4,0,-120,1319,0,11940,1177,139,0,11940,1484,1434,1633,1624,102,37,120,44,136,42,255,132
9050,-1212,-1296,-84,90,879,-4067,-5289,854,91,36,0,-160,1719,0,11940,1179,60,0,11940,1432,1452,1640,1642,144,-25,170,-29,178,25,255,133
9103,-1305,-1765,210,-32,417,2951,-15849,2990,103,93,-2,-120,2839,0,12585,1171,-21,63,12585,1491,1449,1615,1657,55,-25,64,-29,331,-76,255,138
9150,-1019,-1344,97,107,1226,-955,-6449,1525,78,123,-2,-120,2760,0,13290,1161,-91,132,13290,1484,1492,1690,1640,140,14,162,17,394,-68,255,138
9203,-1053,-1706,-35,27,1368,387,-6876,2868,78,91,-2,-160,2760,0,13374,1160,-140,139,13374,1509,1493,1665,1653,230,-61,267,-71,350,-68,255,139
9250,-985,-1976,197,174,607,4537,-8341,793,72,-1,0,-160,1959,0,13416,1142,-188,143,13416,1515,1459,1659,1682,249,-17,285,-20,377,-17,255,137
9303,-964,-2628,35,-90,814,4660,-4679,366,70,-86,-2,-160,1640,0,15067,1130,-289,296,15067,1544,1514,1701,1713,233,-12,263,-13,315,-93,255,138
9350,-707,-2693,71,-48,423,5148,1423,-1098,47,-165,-2,-160,799,0,15067,1111,-290,296,15067,1539,1497,1701,1730,296,-89,329,-99,166,-147,255,140
9403,-626,-2119,218,83,823,7101,14424,-1525,47,-118,-2,-80,759,0,15112,1094,-319,300,15112,1539,1490,1736,1701,251,65,275,71,0,-58,255,135
9450,-352,-1167,244,-7,864,4171,9297,-1098,20,-49,-2,-120,599,0,15202,1082,-307,307,15202,1533,1507,1719,1719,165,21,178,23,-34,-102,255,137
9503,12,-443,87,46,992,5148,-1627,-2136,-11,17,-2,-120,639,0,15202,1071,-339,307,15202,1535,1486,1716,1732,72,64,78,69,101,-25,255,131
9550,-92,-417,195,-90,1094,265,-8402,-1403,-5,15,0,-160,599,0,16345,1037,-329,408,16345,1553,1541,1728,1757,293,46,304,48,360,29,255,133
9603,-21,-522,-7,157,905,265,935,-4089,-8,6,-2,-120,599,0,16392,1026,-304,412,16392,1547,1506,1769,1749,356,30,365,30,340,25,255,129
9650,32,-439,-40,-108,1236,1242,-1810,-2990,-48,146,-2,-520,2119,0,16485,1008,-294,419,16485,1561,1507,1770,1741,374,132,377,133,369,116,255,141
9703,147,-160,-27,-2,1200,-2053,-9867,-3723,-100,244,-2,-1000,2960,0,16485,995,-278,419,16485,1541,1515,1764,1757,371,83,369,82,543,118,255,140
9750,85,-476,-79,83,1234,-5838,-12797,-4882,-174,317,0,-1920,4119,0,16532,980,-209,423,16532,1546,1496,1785,1752,266,7,260,7,492,101,255,137
9803,-305,-1020,37,20,936,-10842,-13102,-4760,-140,277,0,-1920,4199,0,16579,981,-143,428,16579,1530,1514,1777,1762,360,160,353,157,589,350,255,143
9850,-853,-1177,-106,-262,1156,-8889,-12064,-5554,-96,260,-4,-1959,4159,0,16485,981,-116,419,16485,1526,1495,1784,1765,389,148,382,145,630,349,255,147
9903,-935,-1546,28,-111,915,-6021,-13590,-4333,-61,203,0,-1640,3880,0,16532,985,-17,423,16532,1530,1510,1773,1765,191,-19,188,-19,428,85,244,141
9950,-1204,-1583,64,-74,984,-4861,-5778,-5004,-6,203,-2,-1280,3919,0,16532,960,-17,423,16532,1520,1506,1794,1754,404,89,387,85,544,161,255,139
10003,-1077,-1320,149,16,1003,-1260,-9440,-4150,-21,223,-2,-1320,3880,0,16532,974,40,423,16532,1545,1490,1778,1764,357,114,348,111,522,136,255,143
10050,-890,-1287,-40,-45,780,-2420,-10966,-4394,28,198,-2,-559,3559,0,16532,961,53,423,16532,1519,1511,1781,1766,375,47,360,46,586,93,255,138
10103,-905,-1460,-28,-18,1207,631,-9013,-4455,30,172,-2,-559,3439,0,16532,968,84,423,16532,1529,1497,1788,1760,288,-169,279,-163,445,-180,255,142
10150,-637,-1846,146,-7,936,4232,-9928,-2746,13,135,0,-479,3399,0,16532,985,173,423,16532,1552,1497,1767,1765,385,38,379,38,510,0,255,134
10203,-182,-1820,-42,29,991,3683,-3764,-3540,-22,85,0,-440,2799,0,16532,995,176,423,16532,1548,1486,1779,1762,268,74,266,73,333,9,255,134
10250,-145,-1684,3,91,1041,-1626,-1322,-2990,-18,55,-2,-360,2319,0,16532,1006,164,423,16532,1527,1511,1777,1760,258,101,260,102,239,76,244,139
10303,-227,-1674,-121,137,1029,-2359,203,-1953,-8,28,-2,-320,2000,0,15518,1027,212,336,15518,1540,1514,1778,1751,262,71,269,73,259,112,255,139
10350,-254,-1604,-102,49,1107,1669,-1505,305,1,-28,0,-240,1280,0,14933,1027,240,284,14933,1526,1475,1724,1721,216,95,222,98,188,94,255,135
10403,-196,-1205,-18,105,1354,-588,3560,671,-3,-52,-2,-240,599,0,13500,1040,267,152,13500,1479,1462,1709,1688,137,48,143,50,75,58,255,134
10450,-302,-1325,-92,-78,915,143,1118,1647,1,-63,-2,-279,599,0,13458,1052,221,148,13458,1488,1449,1687,1685,100,28,105,29,0,59,255,131
10503,-280,-1433,155,23,791,5148,2644,3479,7,-72,0,-199,599,0,13374,1076,213,139,13374,1515,1447,1673,1673,2,72,2,77,-43,-17,234,129
10550,-754,-1458,121,-312,680,1181,-1200,3723,44,-74,-2,-240,599,0,13458,1070,202,148,13458,1486,1488,1674,1672,-104,25,-112,26,-50,-59,244,140
10603,-1099,-1357,-111,-166,699,3744,4902,2319,78,-76,-4,-199,479,0,13416,1091,178,143,13416,1492,1460,1705,1657,42,99,46,108,-42,34,255,137
10650,-964,-1725,-139,155,1247,7955,11067,3662,63,-112,0,-240,439,0,13416,1094,115,143,13416,1519,1458,1700,1642,-42,48,-46,52,-145,-59,255,140
10703,-843,-1402,71,201,1164,10031,5330,5371,52,-84,-2,-240,439,0,13458,1100,115,148,13458,1531,1474,1672,1651,8,23,9,25,-84,-151,255,134
10750,-386,-881,-43,36,1004,11862,325,5004,12,-42,0,-240,399,0,14978,1120,89,287,14978,1588,1493,1697,1689,-44,3,-50,3,-60,-104,244,132
10803,-214,-1093,-257,146,1440,3317,5940,2685,-5,-57,-2,-279,439,0,14978,1120,103,287,14978,1548,1506,1733,1679,61,15,68,17,-42,-42,255,136
10850,-256,-949,-182,179,1280,875,10823,2868,1,-44,-2,-240,439,0,15022,1136,122,291,15022,1548,1513,1734,1676,-2,181,-3,205,-135,115,255,137
10903,-499,-670,-5,-122,624,2645,691,4455,26,-23,0,-199,399,0,15067,1136,49,296,15067,1562,1526,1695,1696,-143,124,-163,141,-156,78,255,136
10950,-249,-354,-119,-18,876,-1687,-2604,3051,4,10,-2,-199,479,0,15112,1142,78,300,15112,1541,1530,1710,1697,-114,166,-130,189,-77,102,255,139
11003,-100,-614,160,-63,1122,82,-4862,4638,-12,-4,-2,-240,559,0,15157,1152,135,304,15157,1567,1528,1689,1699,-152,78,-175,90,-67,77,255,136
11050,-116,-671,42,-48,929,-4495,-6083,3356,-14,-13,-2,-279,520,0,15202,1150,143,307,15202,1552,1532,1695,1710,-112,160,-129,184,-76,213,255,141
11103,-163,-802,92,45,1193,-3396,1057,2746,-73,-49,0,-1000,239,0,15291,1141,78,316,15291,1566,1517,1716,1696,-92,213,-105,243,-110,272,255,139
11150,-61,-660,202,-63,1052,-7424,142,3662,-221,-47,0,-2600,119,0,15291,1131,66,316,15291,1578,1517,1706,1695,-114,234,-129,265,-106,348,255,141
11203,-347,-519,20,27,1263,-15176,2217,976,-315,-31,-2,-3960,160,0,16438,1156,118,415,16438,1577,1538,1752,1721,-157,264,-181,305,-195,529,255,143
11250,-1181,-288,81,37,994,-20486,5391,122,-242,-11,0,-3960,160,0,17290,1152,111,488,17290,1580,1569,1766,1749,-227,271,-262,313,-374,646,255,142
11303,-1880,179,-112,14,1300,-14016,6123,-549,-146,29,-2,-3560,160,0,18409,1156,148,580,18409,1615,1577,1803,1760,-253,310,-292,358,-360,554,255,145
11350,-2147,-80,209,49,998,-9683,7161,122,-102,-3,-4,-3320,39,0,18409,1159,223,580,18409,1615,1582,1798,1758,-211,-34,-245,-39,-292,107,255,140
11403,-1992,175,125,-103,997,-2542,5391,-1159,-56,18,0,-2640,39,0,18906,1170,274,620,18906,1615,1572,1799,1772,-334,58,-391,68,-428,102,255,140
11450,-1228,79,-42,356,962,-2603,-40,-183,-91,10,-2,-2280,39,0,20024,1206,404,708,20024,1652,1617,1815,1803,-302,185,-364,223,-282,194,255,139
11503,-754,-334,201,166,823,-1443,1484,-2380,-94,-4,0,-1840,279,0,19767,1223,474,688,19767,1636,1595,1823,1807,-162,9,-198,11,-188,34,255,138
11550,-151,-1169,-338,51,1616,997,-6571,-183,-119,-95,-2,-1520,79,0,20024,1268,588,708,20024,1654,1613,1801,1819,-259,198,-329,251,-127,85,255,143
11603,123,-651,-224,84,1259,-5654,1790,-1586,-108,-53,-2,-1119,39,0,20024,1289,680,708,20024,1641,1608,1828,1806,-299,70,-385,91,-330,169,255,142
11650,-81,-811,197,70,1154,-2297,325,-1403,-59,-67,0,-759,39,0,20076,1313,798,712,20076,1650,1604,1819,1815,-119,307,-156,404,-97,359,255,138
11703,782,-1786,265,205,604,4171,-8097,-793,-103,-145,0,-400,119,0,19767,1349,769,688,19767,1653,1594,1794,1823,-201,-63,-271,-86,-59,-136,255,143
11750,942,-2183,-313,-227,1356,753,-4191,976,-120,-187,-4,-440,39,0,14978,1392,837,287,14978,1577,1526,1732,1743,-215,63,-300,88,-136,0,255,140
11803,595,-2187,-199,-62,1154,-9988,8992,1647,-79,-183,-2,-320,79,0,12873,1460,892,92,12873,1493,1473,1693,1659,-225,29,-329,43,-382,204,255,141
11850,-132,-1031,-171,3,1123,-6814,8992,3906,-9,-83,-2,-240,79,0,12020,1497,942,7,12020,1487,1433,1638,1624,-364,-34,-546,-51,-537,145,255,139
11903,-632,-887,40,42,970,-1138,447,2746,34,-73,-4,-240,39,0,10364,1546,890,0,10364,1440,1374,1597,1616,-306,-36,-474,-57,-314,-17,255,135
11950,-1758,-1914,-33,11,715,-3762,-1627,6286,136,-160,-2,-199,79,0,9493,1611,800,0,9493,1412,1426,1534,1591,-258,-58,-416,-94,-330,-17,255,140
12003,-2380,-1515,-68,-232,359,5148,12776,7446,186,-128,0,-240,39,0,9458,1645,676,0,9458,1442,1395,1576,1506,-258,47,-424,78,-481,-42,255,138
12050,-2619,-784,-31,-75,814,9054,8198,6042,211,-64,-2,-199,39,0,9458,1670,541,0,9458,1445,1367,1548,1553,-180,-141,-300,-236,-480,-84,255,139
12103,-2473,-361,-33,-145,695,1364,6489,6591,194,-28,-2,-240,39,0,9422,1699,388,0,9422,1400,1431,1558,1530,-228,-206,-387,-350,-341,-230,255,141
12150,-1924,-76,64,67,801,8383,-1078,9948,146,0,-2,-240,79,0,9387,1719,235,0,9387,1473,1417,1499,1535,-193,-89,-332,-153,-313,-215,255,135
12203,-2228,-470,20,-80,718,9848,9602,6469,183,-34,0,-120,79,0,9422,1717,105,0,9422,1438,1401,1573,1503,-34,-22,-60,-38,-202,-194,255,134
12250,-1603,319,130,210,673,14547,6306,6591,129,34,0,-120,79,0,9671,1729,0,0,9671,1513,1333,1574,1510,-333,-312,-576,-539,-308,-248,255,136
12303,-2343,-562,-80,18,960,2279,1668,4882,284,-42,0,920,79,0,11004,1709,-169,0,11004,1402,1492,1563,1588,-151,-321,-258,-548,-180,-360,234,140
12350,-1713,-608,101,54,676,19369,-4130,8300,526,-49,-2,4319,39,0,11821,1702,-282,0,11821,1517,1505,1578,1584,-235,-192,-400,-327,-109,-469,255,144
12403,-1993,-1096,-184,-53,1262,38656,9175,4272,1029,-92,-2,9800,39,0,11861,1661,-390,0,11861,1488,1479,1628,1584,-52,-143,-87,-237,-212,-817,255,146
12450,-532,-1973,313,7,457,77963,-5473,5798,1275,-165,-2,14080,79,0,11861,1651,-511,0,11861,1538,1453,1548,1638,-11,-153,-19,-253,-136,-1442,255,145
12503,3594,-1790,159,216,317,85287,8442,4638,942,-149,0,14400,79,0,12873,1643,-559,92,12873,1576,1423,1616,1608,-164,147,-270,241,-312,-1341,255,145
12550,6931,-1541,140,138,447,65634,5269,4760,540,-127,-2,13120,79,0,13798,1625,-533,179,13798,1600,1481,1627,1658,-221,-222,-360,-361,-391,-1446,255,149
12603,8070,-911,-159,28,1062,28952,9114,2563,119,-76,2,9440,39,0,15518,1590,-538,336,15518,1590,1557,1703,1675,-80,-85,-128,-136,-239,-590,255,143
12650,7441,-603,-99,-212,1008,5697,8992,1770,-551,-45,10,1119,79,0,17821,1558,-544,531,17821,1697,1546,1760,1711,-160,250,-250,390,-212,-16,255,144
12703,6423,-99,-160,-3,1144,-23233,8504,122,-532,-5,-2,320,39,0,18508,1508,-548,587,18508,1631,1620,1773,1747,-22,150,-34,227,-171,556,255,139
12750,4323,-436,111,217,1172,-27566,-1994,1098,-447,-31,-4,-800,79,0,18458,1488,-557,584,18458,1652,1609,1743,1768,-68,551,-101,820,-102,1052,255,146
12803,2124,-657,24,196,1273,-28665,3193,488,-356,-53,-4,-1959,39,0,18508,1425,-497,587,18508,1641,1615,1772,1748,240,343,342,489,184,843,255,141
12850,534,-23,123,-175,1191,-34280,8626,793,-374,4,-4,-3760,79,0,18508,1390,-497,587,18508,1633,1627,1779,1737,-166,806,-231,1120,-263,1318,255,144
12903,-602,73,19,-169,1275,-35073,-651,732,-300,13,-4,-4040,79,0,18508,1339,-547,587,18508,1634,1625,1752,1765,-88,826,-118,1106,-77,1438,255,142
12950,-881,-664,-38,20,1302,-25674,-9196,2990,-307,-54,-4,-4400,39,0,18508,1315,-480,587,18508,1666,1620,1728,1765,-111,832,-146,1094,0,1334,255,145
13003,-1135,-1420,112,181,1358,-30740,3865,2441,-295,-120,-4,-4520,39,0,18508,1288,-377,587,18508,1638,1643,1760,1739,-10,227,-14,292,-78,763,255,146
13050,-2116,-762,-88,-129,1105,-36355,15706,-61,-237,-63,-4,-4840,39,0,18458,1263,-312,584,18458,1617,1632,1789,1732,-100,1002,-126,1266,-323,1651,255,151
13103,-2597,-155,-338,-74,1541,-24148,2461,2075,-195,-10,-4,-4840,39,0,18458,1247,-230,584,18458,1643,1630,1749,1749,101,491,126,612,58,912,255,144
13150,-1983,-678,257,458,885,-17495,-5167,2197,-259,-52,-4,-4960,79,0,18458,1243,-106,584,18458,1653,1625,1740,1757,-85,1093,-106,1359,17,1351,234,147
13203,-2125,-598,234,472,1183,-27383,4719,1586,-240,-48,-4,-4880,39,0,18508,1247,48,587,18508,1632,1643,1765,1739,-36,962,-46,1200,-119,1440,255,145
13250,-2638,228,-51,-219,1385,-25979,6672,2868,-240,180,-6,-5400,1840,0,18409,1251,140,580,18409,1652,1635,1775,1714,-77,964,-97,1206,-164,1461,255,148
13303,-2280,125,-222,-96,1542,-17251,-14628,2136,-394,213,-2,-6800,2319,0,18359,1267,194,576,18359,1663,1617,1734,1757,202,808,256,1024,457,1109,255,149
13350,-1617,-1188,71,458,845,-29946,-18473,3173,-602,227,-2,-8520,3799,0,18310,1282,278,571,18310,1651,1639,1740,1736,84,795,108,1019,385,1233,255,147
13403,-1943,-1592,5,298,1420,-48379,-9745,3051,-772,293,-6,-10800,4960,0,15929,1293,407,372,15929,1592,1601,1717,1681,25,953,33,1232,195,1797,255,146
13450,-3533,-1211,-155,4,1402,-56497,-10050,854,-728,403,2,-11879,5839,0,15022,1322,509,291,15022,1539,1571,1714,1650,-47,257,-62,340,196,1217,255,147
13503,-4751,-1431,79,-172,1248,-43679,-33427,3662,-650,489,-2,-12200,7040,0,13970,1354,558,195,13970,1554,1543,1628,1663,98,737,133,998,681,1500,255,149
13550,-5046,-2499,-239,41,1243,-42092,-37821,2014,-659,504,0,-12600,8279,0,10513,1388,569,0,10513,1450,1434,1575,1577,257,738,357,1025,921,1483,255,148
13603,-5657,-3857,-5,-121,1074,-43191,-30802,2502,-609,392,-10,-12640,8360,0,10438,1429,548,0,10438,1436,1448,1582,1570,198,650,284,929,736,1404,255,149
13650,-6298,-4533,15,100,1112,-39651,-22318,4211,-553,330,2,-12640,8320,0,10513,1445,460,0,10513,1459,1466,1570,1545,-110,304,-160,439,344,1025,255,148
13703,-7309,-5314,97,84,570,-36538,-22623,2502,-465,258,0,-12640,8279,0,10476,1481,408,0,10476,1434,1463,1551,1587,3,150,5,223,398,788,244,139
13750,-7024,-5496,201,111,988,-27444,-13651,4638,-458,-15,-4,-12280,5320,0,10476,1511,332,0,10476,1476,1455,1542,1568,-54,217,-82,328,384,744,255,146
13803,-6729,-5556,-95,-77,872,-27078,8198,1281,-320,-240,-2,-10400,2799,0,10476,1509,181,0,10476,1411,1466,1577,1575,94,61,142,92,-48,533,244,142
13850,-6669,-4240,-42,92,870,-20303,19246,2868,-49,-359,0,-7240,119,0,11585,1511,62,0,11585,1444,1528,1606,1573,-99,-84,-149,-127,-269,261,255,143
13903,-6477,-3289,-60,-108,1019,4232,22481,4150,265,-273,0,-3439,160,0,11900,1487,-115,0,11900,1500,1514,1611,1564,-42,-250,-63,-372,-435,-324,255,147
13950,-5569,-2196,-39,-47,971,31576,22236,2624,321,-184,0,-1880,79,0,15022,1450,-326,291,15022,1576,1504,1656,1614,-207,-389,-300,-564,-567,-836,255,149
14003,-2989,-765,-19,82,669,30783,15217,2136,156,-59,0,-1200,79,0,15382,1408,-470,323,15382,1607,1542,1680,1658,-164,-634,-231,-893,-429,-1171,255,147
14050,-860,-477,193,147,672,26205,3987,1342,106,-31,-2,360,119,0,18113,1376,-583,556,18113,1659,1620,1719,1751,221,-237,304,-326,42,-684,255,141
14103,288,-297,119,-36,692,27609,4536,1831,285,-18,-2,3559,79,0,20127,1319,-672,715,20127,1696,1676,1770,1770,-135,-911,-179,-1201,-214,-1393,255,146
14150,1734,-40,-229,69,1649,47262,-6754,1586,281,6,-2,4960,119,0,21121,1279,-628,791,21121,1754,1633,1763,1797,-151,-1129,-194,-1444,-134,-1856,255,148
14203,3274,-280,-192,-330,1277,52816,-3764,-1586,216,-17,-2,5759,79,0,21815,1243,-599,844,21815,1752,1647,1818,1814,-22,-1276,-28,-1586,43,-2198,255,149
14250,4760,-227,-282,-325,1779,44760,-1444,-3173,209,-16,0,7160,39,0,22248,1200,-501,876,22248,1741,1659,1834,1828,-115,-1198,-139,-1437,-110,-1972,255,152
14303,5729,-38,20,239,1517,50070,-4252,-4516,184,10,-2,7839,160,0,22139,1202,-266,867,22139,1759,1613,1836,1839,-209,-1463,-251,-1758,-134,-2337,255,149
14350,6528,-368,-47,162,984,46896,-8524,-5676,180,-25,0,8599,79,0,22411,1161,-168,888,22411,1744,1625,1837,1857,-263,-1426,-306,-1656,-119,-2311,255,149
14403,6953,-603,40,17,1045,33407,-223,-10253,171,-42,0,8920,119,0,22356,1185,-38,883,22356,1707,1607,1872,1867,-320,-1562,-379,-1852,-316,-2146,255,148
14450,6480,-719,91,6,1390,30294,569,-8911,247,-55,-2,9320,79,0,22411,1200,176,888,22411,1708,1617,1865,1869,-329,-1470,-395,-1764,-331,-2039,255,145
14503,5962,-732,4,173,1219,27975,6123,-8544,289,-56,-2,9280,79,0,21815,1231,383,844,21815,1701,1597,1864,1851,-430,-1642,-529,-2022,-536,-2130,255,147
14550,5445,-168,117,123,1293,27548,8137,-7934,170,-74,-2,7400,-680,0,18163,1265,567,560,18163,1644,1484,1793,1794,-521,-1132,-660,-1432,-690,-1622,255,151
14603,5215,209,-159,-318,1464,13204,12898,-7812,43,-156,-2,5720,-2000,0,10700,1284,691,0,10700,1546,1393,1733,1727,-417,-1007,-536,-1293,-642,-1237,255,152
14650,4989,323,118,192,748,1242,20955,-2502,18,-278,-2,5200,-3520,0,9176,1334,755,0,9176,1403,1263,1605,1561,-596,-1490,-795,-1988,-864,-1490,255,146
14703,3155,551,104,-59,400,-13040,17171,671,373,-297,-2,7439,-3960,0,8159,1359,615,0,8159,1346,1320,1534,1541,-644,-1112,-876,-1512,-944,-885,255,146
14750,-75,530,-95,-259,797,6124,23762,-1403,1193,-302,-2,13599,-4000,0,8159,1393,457,0,8159,1241,1369,1573,1529,-490,-827,-683,-1153,-779,-916,255,147
14803,67,751,-85,9,879,65939,7954,4150,1355,-77,0,15599,-1640,0,8094,1394,251,0,8094,1468,1243,1530,1488,-558,-1094,-778,-1526,-697,-2245,255,142
14850,1786,1402,-240,179,1050,69357,23152,-1586,1456,73,-2,18480,-559,0,8159,1417,85,0,8159,1373,1237,1642,1443,-601,-1454,-851,-2061,-588,-2465,255,149
14903,3746,1000,-106,-208,945,60812,-16581,1159,1240,83,0,17960,-40,0,8225,1414,-24,0,8225,1358,1335,1487,1573,-357,-1298,-505,-1836,-67,-2360,255,147
14950,7059,-542,57,13,1094,64474,-13102,2197,685,-50,-2,14919,-40,0,8292,1415,-167,0,8292,1458,1216,1494,1553,-86,-1356,-121,-1919,-42,-2381,255,145
15003,7792,-791,-137,120,435,6979,37984,793,803,-69,-2,17000,0,0,9352,1415,-354,0,9352,1250,1486,1671,1430,-111,-1078,-157,-1525,-774,-1199,255,144
15050,6979,653,-184,184,1022,27304,48970,2319,521,53,0,12960,-40,0,10700,1393,-573,0,10700,1550,1308,1696,1446,-550,-780,-766,-1087,-1084,-976,255,147
15103,6729,2301,-228,226,1518,36337,11555,4333,-405,204,-2,2079,39,0,12341,1353,-626,40,12341,1626,1355,1640,1575,-138,-650,-187,-879,-340,-1284,255,149
15150,6327,1415,-157,-111,999,-39102,-4618,-2075,-531,92,-2,239,-360,0,15112,1300,-823,300,15112,1420,1588,1708,1663,-155,-635,-201,-826,-8,-341,255,149
15203,2788,1502,110,33,976,-70291,9602,1098,-386,92,2,-1640,-440,0,16485,1218,-1069,419,16485,1524,1651,1726,1698,-313,-365,-381,-445,-481,861,255,147
15250,-970,1568,-74,-19,1436,-28665,-20487,244,-163,133,0,-2840,-40,0,16532,1154,-1140,423,16532,1622,1548,1685,1752,-194,-94,-224,-108,0,536,255,146
15303,-1390,-247,-101,81,908,-5960,-13651,-2075,-301,-21,-2,-4840,0,0,16626,1096,-1149,432,16626,1635,1501,1745,1724,42,-316,46,-347,280,-212,255,146
15350,-1392,-843,100,163,1037,-18777,325,-3051,-370,-77,-2,-5640,-40,0,16673,1048,-1049,435,16673,1592,1538,1753,1729,-37,-318,-39,-333,-68,17,255,147
15403,-2039,-883,-33,39,1107,-30984,-2848,-3479,-125,58,-2,-3480,1559,0,16673,1000,-978,435,16673,1547,1581,1760,1732,-109,-94,-109,-94,-60,446,255,148
15450,-3000,-787,82,-173,896,-8767,-14994,-3112,62,98,0,-2280,1919,0,16720,939,-929,439,16720,1592,1537,1738,1748,-128,-81,-120,-76,136,196,255,144
15503,-2468,-1460,-45,36,989,1303,-22135,-4150,225,183,-4,120,3559,0,16814,911,-926,448,16814,1571,1545,1749,1755,2,-70,2,-63,388,-92,255,138
15550,-1553,-2084,-3,43,1116,8566,-22318,-3723,177,132,0,479,3599,0,16814,855,-900,448,16814,1586,1533,1742,1756,-17,-22,-14,-19,366,-153,255,142
15603,-791,-2738,76,-48,1111,3744,-19694,-5187,114,5,0,520,2799,0,16861,828,-831,452,16861,1566,1537,1748,1770,-34,65,-28,54,308,0,255,135
15650,-462,-2784,2,18,738,814,-10966,-3845,89,64,-2,559,3520,0,16956,772,-812,459,16956,1577,1544,1762,1749,-74,27,-57,20,161,76,255,133
15703,-363,-2662,-21,148,1174,-2236,-13651,-3662,-34,127,-6,-759,4119,0,16909,719,-780,455,16909,1584,1531,1751,1761,-169,226,-122,162,68,265,255,146
15750,-214,-2556,93,49,1242,-1443,-14323,-4821,-152,112,-4,-1959,3840,0,16861,688,-714,452,16861,1583,1509,1751,1769,-165,433,-113,298,87,458,255,146
15803,23,-2533,134,152,821,-14993,-10416,-2807,-176,37,-4,-2000,2960,0,16861,650,-693,452,16861,1554,1571,1747,1758,-282,594,-183,386,-100,855,255,147
15850,-707,-2204,54,6,1056,-16641,-3703,-4455,-182,17,-4,-2800,2400,0,16814,624,-616,448,16814,1558,1536,1761,1760,-303,725,-189,452,-258,1052,234,147
15903,-1081,-1562,26,83,1052,-15298,569,-2929,-230,69,-6,-3719,2360,0,17290,608,-566,488,17290,1567,1545,1760,1748,-529,769,-321,467,-539,1036,255,147
15950,-957,-918,-226,80,1312,-14810,-2421,-2990,-276,90,-4,-4120,1959,0,19309,593,-449,652,19309,1603,1572,1774,1782,-522,961,-309,570,-503,1250,244,149
16003,-1085,-1190,-36,95,918,-18899,-2787,-3601,-275,67,-2,-4240,1959,0,20076,579,-395,712,20076,1638,1618,1819,1813,-393,519,-227,300,-345,849,244,148
16050,-1329,-1015,-93,-52,1459,-14077,-1444,-4638,-205,19,-4,-3680,1239,0,20127,547,-349,715,20127,1636,1606,1816,1830,-820,748,-448,409,-834,1075,204,151
16103,-1513,-1011,79,-10,1331,-12551,2095,-4882,-157,-81,-6,-3320,79,0,20076,513,-247,712,20076,1616,1602,1814,1826,-692,660,-355,339,-729,880,224,147
16150,-1111,-594,-131,36,1589,-3091,9724,-4882,-95,-48,-4,-2200,39,0,20127,525,-124,715,20127,1637,1596,1835,1819,-917,1118,-481,587,-1146,1246,183,148
16203,-694,-39,-175,-72,1528,875,12044,-4089,-72,0,-2,-1520,39,0,18163,527,8,560,18163,1592,1558,1802,1776,-1105,1143,-582,602,-1316,1128,204,142
16250,-41,304,69,185,1070,-4006,16011,-5371,-10,-116,-6,-160,-1640,0,18113,519,-18,556,18113,1569,1555,1805,1789,-820,1194,-425,619,-1096,1302,163,147
16303,278,783,34,-24,1021,3439,13753,-3784,-41,-99,-8,-199,-1920,0,14889,532,126,280,14889,1530,1488,1761,1733,-1113,1022,-592,543,-1353,962,214,145
16350,800,1551,-205,-66,1033,-3335,13692,-3173,-83,-91,-4,-160,-2600,0,14933,546,165,284,14933,1494,1492,1738,1721,-1066,1195,-582,652,-1361,1180,244,150
16403,562,2214,-341,105,1180,-2359,9907,-1953,-31,-89,-10,199,-3240,0,14623,576,261,255,14623,1502,1476,1724,1713,-964,853,-555,491,-1137,894,234,146
16450,-102,1780,157,77,1168,-6204,6856,-2319,50,-158,0,479,-3600,0,13543,580,210,155,13543,1434,1483,1694,1700,-975,1075,-565,623,-1156,1071,193,145
16503,-288,2101,-134,115,1131,4476,8137,-671,74,-162,-2,559,-3960,0,13543,549,170,155,13543,1494,1443,1689,1687,-1085,1229,-595,675,-1227,1151,204,147
16550,166,2099,62,74,1109,-161,12715,-1770,23,-134,-2,439,-3640,0,13585,594,167,159,13585,1462,1463,1727,1664,-1048,1231,-623,731,-1153,1124,214,145
16603,419,2295,46,43,992,-650,9236,-1220,-57,-5,0,-240,-2360,0,13500,600,155,152,13500,1480,1449,1708,1674,-518,854,-310,512,-679,866,234,138
16650,501,2088,129,-71,388,-6570,-7670,1464,-281,168,0,-2720,-160,0,13458,587,76,148,13458,1513,1452,1663,1685,-830,1118,-487,656,-781,1235,255,144
16703,17,1015,153,-56,583,-24087,-22745,122,-238,78,-2,-2720,-120,0,13458,581,2,148,13458,1444,1498,1659,1706,-697,1151,-405,668,-300,1571,255,143
16750,-758,-533,-60,143,1334,-20913,-6876,915,-139,-53,0,-2360,-80,0,13458,599,27,148,13458,1478,1482,1701,1655,-682,1156,-408,692,-332,1583,255,145
16803,-1724,-1504,21,-4,586,-10232,-8219,183,-48,-134,0,-2280,-40,0,13884,594,-71,188,13884,1496,1477,1679,1703,-663,1108,-394,658,-519,1287,234,145
16850,-1613,-1901,75,-111,960,-3274,-3764,793,8,-169,-2,-1520,-40,0,13416,580,-115,143,13416,1475,1480,1672,1685,-683,903,-396,523,-589,937,244,144
16903,-1311,-1504,-61,89,1306,-1504,3499,122,58,-260,-2,-640,-1480,0,13500,568,-181,152,13500,1470,1474,1683,1682,-584,1063,-331,604,-645,1090,255,147
16950,-1083,-1487,-173,-1,983,3927,16804,-366,119,-566,0,279,-5000,0,13500,561,-219,152,13500,1481,1462,1674,1697,-639,1029,-358,577,-842,1004,255,147
17003,-841,-895,181,160,943,12960,13997,1037,199,-668,0,1440,-6760,0,13500,545,-268,152,13500,1497,1466,1637,1715,-688,870,-375,474,-932,644,214,145
17050,-536,276,192,53,926,12045,16316,1647,165,-666,0,1359,-7920,0,13458,537,-327,148,13458,1507,1471,1642,1706,-468,872,-251,468,-743,611,214,143
17103,66,1106,221,27,850,13632,22053,1953,109,-681,0,1319,-8920,0,13458,522,-347,148,13458,1509,1470,1656,1686,92,783,48,408,-292,545,214,138
17150,158,1544,-112,35,1011,9603,37007,1281,101,-601,-2,1319,-8440,0,13500,495,-340,152,13500,1496,1474,1698,1654,-285,1235,-141,611,-803,1030,142,147
17203,184,2486,-105,51,847,8810,34443,3356,-57,-299,0,-479,-5920,0,13500,497,-349,152,13500,1545,1458,1682,1643,-465,1059,-231,526,-1066,905,204,145
17250,407,3892,106,88,1106,7772,12837,2929,-147,35,0,-1280,-3480,0,13884,457,-419,188,13884,1548,1473,1673,1672,-195,1243,-89,568,-490,1134,132,144
17303,535,3320,-316,-31,1071,-5044,-4618,2990,-189,192,-2,-1640,-1120,0,14889,399,-494,280,14889,1548,1529,1689,1695,539,144,215,57,620,232,193,144
17350,202,2125,-277,-66,1252,-2114,-12614,3906,-122,181,2,-1200,-40,0,15791,403,-515,359,15791,1584,1556,1693,1713,345,1416,139,570,626,1457,112,145
17403,120,527,110,-52,707,3134,-12858,3234,-146,307,-18,-1560,2999,0,16579,354,-592,428,16579,1609,1526,1738,1704,266,791,94,280,491,736,122,141
17450,359,439,-123,-118,1032,875,-3641,4455,-97,568,-2,-759,6080,0,16720,336,-528,439,16720,1611,1581,1745,1691,777,851,261,286,724,771,0,138
17503,467,321,112,16,1098,-1443,-26957,5432,-271,673,-4,-2640,7400,0,17194,257,-645,480,17194,1649,1576,1706,1738,777,851,199,218,724,771,0,140
17550,738,-877,-201,-95,1465,-9011,-41605,3662,-298,502,-4,-2680,6640,0,18261,259,-577,567,18261,1653,1601,1715,1786,777,851,201,220,724,771,0,143
17603,239,-2520,248,5,1122,-13528,-29642,3540,-251,356,-4,-2640,6599,0,18261,161,-606,567,18261,1639,1613,1744,1757,777,851,125,137,724,771,0,142
17650,-127,-3010,175,-34,1090,-12368,-19450,3051,-187,208,-4,-2280,5399,0,18261,153,-578,567,18261,1634,1617,1746,1760,777,851,119,130,724,771,0,145
17703,15,-3601,153,-33,773,-7974,-18961,3662,-172,87,-6,-1959,4600,0,18310,150,-426,571,18310,1655,1604,1725,1775,777,851,116,127,724,771,0,140
17750,543,-3922,-194,-113,1519,-8401,-17496,4943,-180,-223,-4,-1520,1359,0,18359,161,-292,576,18359,1663,1618,1693,1791,777,851,125,137,724,771,0,146
17803,363,-4028,-16,-47,1481,-12246,19978,4516,-164,-257,-6,-1520,1080,0,18310,159,-82,571,18310,1652,1624,1780,1710,777,851,123,135,724,771,0,143
17850,-106,-2242,241,104,1012,-11331,22236,4394,-116,-185,-6,-1440,119,0,16767,166,28,444,16767,1623,1582,1722,1707,777,851,129,141,724,771,0,142
17903,-685,-686,92,168,982,-9927,17659,2319,-34,-49,-4,-1080,119,0,16861,181,151,452,16861,1608,1580,1735,1717,777,851,140,154,724,771,0,137
17950,-675,-155,8,101,1412,-7363,4536,5126,-38,-6,-6,-1119,79,0,16720,199,359,439,16720,1629,1589,1688,1726,777,851,154,169,724,771,0,134
18003,-922,-101,-99,-72,1227,2279,7466,5126,-48,1,-6,-1480,119,0,16298,264,458,403,16298,1657,1561,1714,1698,777,851,205,224,724,771,0,135
18050,-278,433,-208,55,1136,2584,3377,4089,-101,44,-20,-1440,79,0,13798,289,519,179,13798,1559,1495,1642,1669,777,851,224,246,724,771,0,136
18103,230,81,4,-7,1236,-894,-7243,5554,-86,14,-8,-759,79,0,12914,321,534,96,12914,1544,1499,1600,1643,777,851,249,273,724,771,0,128
18150,426,32,-119,179,1042,-10964,15278,3356,-75,9,-6,-440,79,0,12060,289,396,11,12060,1487,1482,1662,1563,777,851,224,246,724,771,0,133
18203,-509,683,154,26,551,-12857,-162,5126,16,66,-4,-320,79,0,12020,353,450,7,12020,1498,1500,1581,1616,777,851,274,300,724,771,0,130
18250,-1125,648,-52,-48,1040,-6692,-9196,6347,94,63,-4,-39,79,0,12060,369,367,11,12060,1521,1502,1571,1611,1360,430,501,158,1517,561,153,137
18303,-1183,-201,76,-144,881,2645,-3214,5676,99,-7,-4,-39,119,0,12100,356,211,15,12100,1534,1485,1596,1594,1235,572,439,203,1342,651,0,135
18350,-772,830,-199,217,1115,-955,2522,5371,63,110,-4,-39,439,0,14013,383,162,199,14013,1552,1540,1648,1606,1235,572,473,219,1342,651,0,136
18403,-1110,357,12,-19,732,82,-18900,5554,86,73,-4,-120,479,0,14404,374,97,235,14404,1575,1547,1595,1674,1235,572,461,213,1342,651,0,133
18450,-1019,-861,-31,-65,649,4293,-21464,4943,78,-36,-4,-120,439,0,14933,366,-92,284,14933,1601,1561,1614,1700,1235,572,452,209,1342,651,0,139
18503,-465,-1566,-236,-209,1044,692,-10233,4394,72,-98,-6,360,439,0,14978,377,-127,287,14978,1577,1580,1644,1677,1235,572,465,215,1342,651,0,141
18550,-49,-1681,102,93,851,570,3010,3906,35,-136,-6,360,119,0,14933,351,-123,284,14933,1576,1578,1672,1656,1235,572,433,200,1342,651,0,135
18603,235,-1139,-101,-137,1233,8810,-2482,3784,21,-88,-6,479,119,0,14978,329,-107,287,14978,1610,1543,1634,1692,1235,572,406,188,1342,651,0,140
18650,845,-1290,-195,-22,1179,11007,-773,1708,-28,-105,-4,520,79,0,13927,309,-224,192,13927,1564,1512,1646,1658,1235,572,381,176,1342,651,0,140
18703,1403,-1206,-22,-31,988,4415,-3092,3417,-84,-98,-4,439,79,0,13500,291,-232,152,13500,1558,1524,1608,1655,1235,572,359,166,1342,651,0,138
18750,1176,-458,-204,-127,981,-6997,8320,2197,-60,-36,-2,479,39,0,13500,359,-144,152,13500,1530,1540,1643,1634,1235,572,443,205,1342,651,0,139
18803,280,-361,108,-135,840,2767,-6998,4333,17,-24,-4,479,79,0,13500,313,-170,152,13500,1576,1521,1589,1659,1235,572,386,179,1342,651,0,136
18850,256,-253,183,31,700,5819,-5656,2624,23,2,-2,520,279,0,13884,318,-237,188,13884,1581,1514,1605,1677,1235,572,392,181,1342,651,0,133
18903,626,-294,-173,90,953,7528,5696,1953,-12,-22,0,479,39,0,14360,268,-320,231,14360,1587,1526,1651,1658,1235,572,331,153,1342,651,0,134
18950,764,-63,34,128,1110,-344,81,793,-21,1,0,520,79,0,14448,201,-397,240,14448,1553,1547,1652,1670,1235,572,248,115,1342,651,0,128
19003,471,-93,-95,-194,1207,-2236,935,1892,-2,-4,0,439,39,0,14360,233,-351,231,14360,1577,1539,1640,1668,1235,572,287,133,1342,651,0,133
19050,494,-449,-248,-152,1234,2951,7771,976,-1,-28,-2,479,119,0,14317,211,-380,228,14317,1583,1517,1667,1650,1235,572,260,120,1342,651,0,137
19103,356,-502,385,-96,787,5880,10762,244,3,-36,-2,399,79,0,14404,171,-433,235,14404,1577,1519,1661,1667,1235,572,211,97,1342,651,0,132
19150,483,529,97,-63,839,5453,12166,1647,-10,53,-2,360,79,0,14800,138,-429,271,14800,1603,1530,1654,1675,1235,572,170,78,1342,651,0,132
19203,819,1070,66,-35,748,4782,4963,2319,284,103,-2,4080,119,0,14800,162,-453,271,14800,1573,1573,1656,1664,1235,572,200,92,1342,651,0,135
19250,850,1120,31,-72,1071,25167,-13224,3295,519,104,0,6800,79,0,14933,108,-291,284,14933,1612,1554,1606,1703,1235,572,133,61,1342,651,0,137
19303,1918,795,-307,-131,1323,36459,-9196,2075,694,76,0,9879,79,0,16438,183,-156,415,16438,1605,1589,1671,1693,1235,572,226,104,1342,651,0,139
19350,3446,-185,-126,-213,1509,41159,1546,427,620,-9,-4,10559,79,0,16532,104,-182,423,16532,1627,1576,1720,1692,1235,572,128,59,1342,651,0,139
19403,4765,152,-177,60,1160,36398,1668,1342,317,90,-2,8400,880,0,16861,126,-15,452,16861,1660,1569,1700,1714,1235,572,155,72,1342,651,0,136
19450,5879,-48,-17,386,872,29318,-8341,-427,-160,156,-2,4040,1840,0,18261,103,10,567,18261,1705,1560,1728,1759,1235,572,127,58,1342,651,0,138
19503,5785,-123,103,40,1336,-2542,12105,-1708,-319,247,-2,2119,2960,0,18261,142,194,567,18261,1654,1599,1790,1708,1235,572,175,81,1342,651,0,141
19550,4470,169,-37,234,927,-9988,17720,-1892,-285,276,-4,1199,2999,0,18310,162,292,571,18310,1652,1601,1789,1716,1235,572,200,92,1342,651,0,140
19603,3652,1194,112,157,982,-9194,-10050,-2563,-273,306,0,520,2319,0,18310,158,399,571,18310,1663,1582,1728,1783,1235,572,195,90,1342,651,0,140
19650,2395,610,-2,89,1247,-11087,-8036,-1037,-198,259,-2,120,2360,0,18261,165,494,567,18261,1664,1596,1756,1740,1235,572,203,94,1342,651,0,139
19703,1900,-314,-65,-44,986,-19937,-21342,-244,-155,168,-6,120,2239,0,18310,196,518,571,18310,1655,1617,1727,1768,1235,572,242,112,1342,651,0,142
19750,1048,-1335,-102,26,1509,-8645,-25309,-3051,-143,145,-4,-600,2999,0,18359,273,752,576,18359,1663,1571,1741,1782,1235,572,337,156,1342,651,0,145
19803,557,-2160,-180,-90,1442,-15298,-2665,-2563,-132,139,-4,-960,3759,0,18310,344,851,571,18310,1636,1604,1780,1738,1235,572,424,196,1342,651,0,145
19850,599,-2718,169,177,519,-10964,-8158,-793,-237,202,-6,-2120,5039,0,18310,334,907,571,18310,1667,1590,1749,1754,2247,587,750,196,2372,724,132,145
19903,55,-2156,213,-43,1073,-14199,-12492,-3906,-186,694,-6,-2080,10119,0,16814,359,915,448,16814,1620,1572,1795,1720,1847,598,663,214,2065,846,183,148
19950,-414,-1642,-270,-5,1073,-17007,-36173,-2990,-148,865,-6,-2120,11559,0,16814,438,957,448,16814,1591,1566,1741,1731,1681,647,736,283,2264,846,153,150
20003,-468,-3343,-205,122,982,-11514,-59428,-1892,-144,720,-4,-2120,11599,0,16767,478,997,444,16767,1613,1555,1698,1760,809,335,386,160,1846,536,204,149
20050,-479,-5296,-39,185,1183,-18594,-52286,-2502,-87,438,0,-1480,10320,0,16673,547,936,435,16673,1584,1575,1706,1754,1388,461,759,252,2322,751,224,148
20103,-1385,-6201,52,-58,690,-11697,-33305,-2319,-8,355,0,-1480,10279,0,16673,570,973,435,16673,1599,1557,1727,1731,1097,472,625,269,1679,676,214,146
20150,-1462,-6299,-65,-30,972,-7669,-31901,-549,26,89,-2,-1160,7319,0,16673,624,935,435,16673,1609,1572,1677,1764,447,301,278,187,983,444,244,142
20203,-1303,-6312,125,-54,1100,-2908,-19938,-1159,23,-159,-2,-1040,4479,0,16626,701,1027,432,16626,1611,1558,1697,1750,552,365,387,256,900,416,255,147
20250,-991,-5829,215,141,872,-5960,12044,-2807,34,-383,0,-600,1440,0,15883,735,1032,367,15883,1572,1540,1724,1712,321,269,236,198,171,394,255,142
20303,-823,-3166,-301,-59,1312,-7241,22542,-671,26,-262,2,-520,160,0,14800,799,1055,271,14800,1557,1529,1690,1676,-109,-194,-87,-155,-503,-67,255,146
20350,-1060,-1217,-341,-17,1261,-3640,14912,854,50,-92,-2,-479,160,0,14756,848,1034,267,14756,1570,1534,1662,1690,-224,182,-189,155,-582,282,255,145
20403,-623,-1110,218,112,747,-4190,18208,-1708,22,-198,-2,-360,-1160,0,14800,878,925,271,14800,1549,1521,1691,1691,-350,149,-307,131,-668,222,255,146
20450,-654,-856,-14,-22,892,692,29683,244,130,-748,0,839,-7720,0,14800,932,853,271,14800,1581,1516,1646,1713,-457,45,-426,42,-899,102,255,138
20503,-248,848,3,153,1153,7406,64595,-1647,412,-770,0,4479,-9680,0,14800,973,798,271,14800,1528,1548,1730,1653,-272,148,-265,144,-1400,19,255,142
20550,155,3400,-28,205,764,21871,65449,-488,419,-820,-2,4960,-12799,0,14933,1018,794,284,14933,1579,1512,1692,1684,-447,148,-455,151,-1703,-187,255,148
20603,1559,5430,-68,-234,824,30783,60872,610,167,-719,0,3480,-13680,0,14933,1061,753,284,14933,1622,1479,1697,1665,-870,-84,-923,-89,-1932,-621,255,148
20650,2874,6791,-104,86,699,9603,54829,-61,-156,-444,-2,1080,-11879,0,14844,1074,742,276,14844,1580,1512,1722,1644,-921,-33,-989,-36,-1840,-332,255,148
20703,2663,7098,32,84,1020,-10232,27974,-610,-138,-193,-2,1080,-9320,0,14889,1106,644,280,14889,1537,1554,1689,1688,-816,-101,-903,-112,-1304,76,255,149
20750,1373,6449,107,-11,1127,-10842,13325,-488,-95,49,-2,279,-5880,0,14889,1147,644,280,14889,1556,1534,1702,1672,-604,184,-693,211,-884,369,255,145
20803,634,5301,-9,-5,1117,-3701,4414,854,-62,145,-2,-80,-3640,0,14978,1177,657,287,14978,1575,1537,1698,1665,-554,90,-652,106,-631,155,255,139
20850,391,4298,-35,-10,1009,-6814,-1749,549,-48,155,-2,-160,-2520,0,14978,1205,633,287,14978,1563,1545,1698,1669,-506,-46,-609,-56,-458,84,255,143
20903,-110,3148,47,-54,1300,-4922,-4801,-1525,0,142,0,-120,-1520,0,14978,1233,582,287,14978,1556,1524,1704,1685,-383,17,-473,20,-300,102,255,141
20950,-128,2137,-90,-212,1263,997,-7426,-1586,0,172,-2,-120,-160,0,15022,1265,580,291,15022,1571,1507,1705,1689,-295,53,-374,67,-194,126,255,141
21003,427,541,-176,-169,1117,1181,-9196,-1403,-47,33,-6,-120,-160,0,14933,1301,529,284,14933,1557,1516,1701,1690,-194,3,-253,4,-34,-17,255,139
21050,684,-306,-149,-149,885,-5715,-1383,-854,-66,-26,-4,-80,0,0,14978,1315,551,287,14978,1545,1537,1713,1671,-168,-20,-221,-26,-84,50,255,139
21103,220,-725,60,18,823,-6692,3132,-488,-29,-63,-6,-120,0,0,14978,1324,449,287,14978,1550,1536,1696,1689,-212,-65,-281,-86,-267,51,255,136
21150,-218,-784,37,9,800,-650,-2909,-732,40,-71,-4,239,-40,0,14978,1361,375,287,14978,1554,1530,1684,1702,-96,33,-131,45,-110,42,255,133
21203,-314,-997,-158,54,1354,-527,1423,-1220,72,-80,-4,520,79,0,14933,1387,372,284,14933,1549,1527,1711,1681,-51,32,-70,45,-75,42,255,134
21250,-326,-686,-229,8,1195,4476,8198,-2075,73,-59,-4,520,0,0,14978,1397,337,287,14978,1555,1508,1724,1678,-35,-16,-50,-23,-136,-59,255,136
21303,436,-986,353,225,626,4171,1484,-1281,-45,-82,-2,-80,39,0,14978,1410,340,287,14978,1567,1506,1692,1701,-42,-107,-60,-150,-68,-179,255,139
21350,631,-902,322,28,748,-7241,-2421,-1037,-55,-75,-2,0,39,0,14978,1412,332,287,14978,1532,1546,1684,1707,-3,-12,-5,-17,0,25,255,130
21403,274,-491,-186,139,1020,-11148,142,-1159,84,30,-2,1240,839,0,14978,1450,345,287,14978,1506,1566,1714,1677,79,-49,115,-71,76,145,255,137
21450,-183,-658,-203,76,752,-3274,-5961,-732,190,78,-2,2000,1559,0,14889,1477,343,280,14889,1533,1542,1691,1695,156,-8,231,-12,170,51,255,138
21503,-128,-1135,18,148,1345,11190,-13102,732,367,120,-2,4080,2519,0,13970,1476,306,195,13970,1527,1522,1660,1671,175,-99,258,-146,404,-294,255,144
21550,308,-1501,-216,97,888,17599,-19877,305,245,186,-4,3120,3639,0,13543,1475,228,155,13543,1553,1461,1652,1667,215,-200,318,-295,546,-444,255,144
21603,1375,-2533,-13,47,1109,16073,-16947,-1647,-67,103,-6,599,3719,0,13543,1503,178,155,13543,1563,1416,1673,1672,336,-157,505,-235,632,-437,255,146
21650,1485,-2807,-69,87,1098,-1687,-8341,2075,-105,37,-4,279,3239,0,13585,1517,171,159,13585,1523,1524,1659,1641,257,-220,390,-334,479,-248,255,144
21703,566,-2620,-1,-120,623,-13955,-8097,122,-35,54,-2,160,3239,0,13543,1508,120,155,13543,1492,1525,1658,1662,215,-81,325,-123,357,161,255,140
21750,-208,-2209,121,-4,1258,-2969,-3519,732,28,-35,-4,120,1800,0,13585,1530,104,159,13585,1533,1493,1649,1667,187,-93,287,-143,255,29,255,139
21803,-128,-1481,83,45,1192,5331,3804,183,18,3,0,79,1519,0,13585,1529,63,159,13585,1537,1483,1671,1649,236,-102,362,-157,170,-196,255,134
21850,-5,-1004,-214,121,981,-955,2461,-183,3,13,-2,39,1159,0,13543,1543,44,155,13543,1509,1503,1667,1657,201,-159,310,-245,145,-162,255,136
21903,138,-702,-20,198,1196,-3457,813,488,-8,-57,-2,39,39,0,13585,1537,-2,159,13585,1522,1502,1660,1659,295,-128,453,-197,280,-68,255,134
21950,-551,-504,-324,-95,939,-4129,9663,122,48,-40,-2,0,39,0,13543,1525,-55,155,13543,1501,1515,1688,1632,137,-47,209,-72,127,-8,255,133
22003,-473,68,-213,170,1332,1303,935,122,37,12,0,-39,79,0,14056,1523,-88,204,14056,1518,1500,1663,1656,382,-198,581,-302,365,-221,255,134
22050,-95,-433,-111,-106,1030,875,-7182,-793,4,-27,0,-39,119,0,15472,1529,-113,332,15472,1555,1551,1695,1715,343,-184,525,-282,457,-214,255,140
22103,239,-441,-154,177,1001,-8279,2095,-1281,289,-28,0,3559,119,0,15472,1519,-155,332,15472,1493,1601,1714,1700,334,-212,507,-322,297,-68,255,143
22150,-122,108,-265,20,1207,10214,-1932,-61,527,215,0,5920,2360,0,15563,1478,-231,340,15563,1535,1581,1718,1685,333,-45,492,-66,314,-195,255,141
22203,401,-253,-147,31,1232,29806,-19205,-549,596,250,-2,7240,3120,0,15563,1488,-215,340,15563,1562,1547,1686,1724,318,-235,474,-350,653,-755,255,146
22250,1752,-1015,-192,-25,1068,34872,-20182,61,510,194,-2,7600,3239,0,14978,1478,-233,287,14978,1558,1533,1684,1698,114,2,168,3,495,-606,255,141
22303,3514,-1752,56,173,868,30294,-9928,-671,175,-13,0,5520,1599,0,14978,1477,-184,287,14978,1582,1496,1684,1705,396,-219,585,-324,569,-748,255,144
22350,4549,-1847,4,157,941,11557,569,488,-47,-53,-2,3999,1239,0,15022,1455,-185,291,15022,1544,1553,1690,1690,313,-279,456,-406,306,-630,255,141
22403,4071,-1061,-140,41,1426,-3396,-346,1037,21,19,0,4319,1280,0,15022,1434,-160,291,15022,1533,1569,1677,1694,169,-156,242,-224,175,-97,255,142
22450,2968,-780,-125,-17,878,3195,-7120,-488,37,40,0,3399,1239,0,15022,1434,-184,291,15022,1560,1524,1681,1709,45,82,65,117,161,59,255,135
22503,2836,-1089,-57,147,1449,7284,-1139,-3295,-170,-84,0,880,119,0,14978,1428,-119,287,14978,1560,1478,1710,1711,391,-69,558,-99,411,-196,255,143
22550,2668,-925,-129,120,1372,-10293,7283,-2075,-159,-73,-2,839,79,0,15022,1430,-111,291,15022,1516,1540,1724,1687,188,-77,270,-111,204,48,255,143
22603,1672,-493,88,-73,839,-14688,-3031,-1770,-104,-39,-2,479,39,0,15022,1418,-167,291,15022,1515,1542,1679,1728,114,9,162,13,167,265,255,138
22650,541,-448,6,-217,489,-4006,-8646,-1159,-8,-32,-2,439,79,0,15022,1417,-170,291,15022,1543,1524,1675,1728,185,34,262,48,297,178,255,135
22703,219,-806,47,55,790,-4739,2766,-3051,8,-56,-2,320,160,0,15022,1393,-206,291,15022,1516,1522,1713,1712,154,-34,215,-48,106,48,255,134
22750,84,-313,-44,-59,536,387,5147,-1892,125,-20,0,1519,79,0,15022,1380,-203,291,15022,1509,1545,1701,1711,124,15,171,21,19,0,255,130
22803,-44,-309,283,-192,1165,4110,-6083,-488,223,-20,-2,2519,79,0,15022,1362,-256,291,15022,1531,1544,1668,1731,73,63,99,86,179,-8,255,135
22850,505,-452,171,-147,1097,7467,-7609,-1159,273,-28,-2,3640,119,0,15022,1367,-237,291,15022,1523,1539,1678,1728,35,73,48,99,174,-58,255,138
22903,732,-713,-15,170,763,17721,-3519,-1770,511,-58,-2,6600,39,0,14978,1354,-234,287,14978,1513,1537,1687,1725,109,79,147,107,170,-230,255,140
22950,2158,-52,-128,140,373,29501,-1566,-1708,328,-1,-2,5920,39,0,14978,1356,-179,287,14978,1570,1475,1693,1720,111,89,151,121,77,-411,255,139
23003,3452,-37,253,133,730,24679,-4313,-183,30,7,-2,3799,119,0,14978,1352,-169,287,14978,1565,1506,1670,1727,0,92,1,124,76,-338,255,132
23050,3818,217,200,-77,956,204,-6144,-1159,-270,29,-2,720,119,0,15022,1338,-187,291,15022,1545,1513,1679,1730,3,103,4,138,60,68,255,132
23103,3044,202,-126,175,1565,-20181,-773,-1342,-272,28,0,-80,119,0,15337,1328,-137,320,15337,1509,1563,1711,1713,37,272,50,361,51,624,255,138
23150,1729,187,-210,148,1258,-22561,4597,-1403,-210,23,-2,-680,79,0,16579,1318,-203,428,16579,1556,1577,1742,1735,35,250,46,329,0,582,255,138
23203,906,357,105,-73,1098,-6692,1607,-61,-299,34,-52,-2519,39,0,16626,1293,-230,432,16626,1590,1519,1736,1758,-6,488,-7,632,-34,605,255,137
23250,1019,430,-24,-75,1062,-21401,-1627,915,-451,44,-117,-4160,79,0,16626,1288,-190,432,16626,1544,1525,1755,1770,-42,377,-54,485,25,727,255,142
23303,90,695,9,-69,1023,-32449,1790,2929,-475,74,2,-5360,160,0,16438,1266,-210,415,16438,1591,1591,1710,1717,14,227,18,287,-16,793,255,135
23350,-1261,1110,-110,-268,1301,-34036,935,-2319,-389,110,2,-5720,160,0,16392,1278,-158,412,16392,1544,1566,1738,1743,-108,500,-138,640,-119,1143,255,150
23403,-1958,742,164,181,1192,-26040,-4008,305,-251,71,10,-4840,79,0,16579,1240,-143,428,16579,1570,1588,1711,1742,-217,205,-269,254,-147,659,255,145
23450,-2584,284,39,-52,1417,-22561,-5045,-854,71,35,-2,-1760,119,0,16392,1243,-91,412,16392,1531,1592,1727,1740,-160,541,-199,672,0,1028,255,141
23503,-2065,-189,28,158,590,-3518,142,-1464,86,-9,0,-1080,79,0,16298,1242,-94,403,16298,1573,1542,1728,1742,-176,517,-218,642,-178,578,255,139
23550,-1419,-23,127,74,650,6246,1607,-1647,102,8,0,-240,119,0,16252,1252,-52,399,16252,1557,1554,1729,1743,-206,395,-258,495,-214,272,255,138
23603,-914,398,-129,-160,1249,1913,935,-1098,58,41,-2,-240,79,0,16345,1233,-28,408,16345,1551,1566,1730,1738,-262,269,-323,332,-278,236,255,140
23650,-207,216,-95,-58,1118,3439,2827,0,0,29,0,-199,119,0,16298,1229,-35,403,16298,1567,1563,1723,1732,-218,376,-268,463,-290,307,255,134
23703,474,316,-67,-204,1436,1974,9358,-1464,-55,34,-2,-160,79,0,16298,1270,87,403,16298,1559,1552,1750,1723,-256,342,-325,435,-419,308,255,139
23750,1017,712,-214,-135,1376,-2542,10213,-2258,-106,69,-2,-199,79,0,16298,1261,90,403,16298,1553,1543,1757,1724,-355,270,-448,340,-510,357,255,144
23803,1204,680,140,40,984,-7791,2583,122,-122,69,-2,-199,119,0,16298,1269,129,403,16298,1550,1579,1716,1739,-501,248,-636,314,-546,384,255,139
23850,961,848,142,95,1279,-6875,3071,-1281,-94,81,0,-120,79,0,16345,1263,183,408,16345,1549,1564,1729,1742,-346,236,-437,298,-495,349,255,138
23903,1122,1107,-181,142,1138,-4861,6856,122,-101,103,-2,-39,79,0,16298,1270,193,403,16298,1560,1569,1740,1716,-385,86,-489,109,-504,171,255,141
23950,1173,1403,-257,325,1337,-6143,7771,-915,-112,129,-2,-120,79,0,16345,1287,216,408,16345,1550,1566,1754,1715,-255,242,-328,312,-374,297,255,144
24003,817,1520,-65,-113,990,-2786,1240,-549,-5,143,-2,759,119,0,16252,1281,237,399,16252,1547,1570,1735,1726,-398,217,-510,278,-420,265,255,140
24050,687,1654,-223,-10,832,1242,2461,-2624,268,154,-8,3759,119,0,16345,1315,283,408,16345,1506,1579,1762,1728,-376,36,-495,48,-409,42,255,139
24103,109,1606,86,11,1075,14791,-5411,-183,468,147,-2,5479,79,0,16345,1325,259,408,16345,1545,1578,1731,1729,-395,42,-524,56,-301,-215,255,139
24150,1075,909,147,2,1132,31515,-5839,-1159,426,82,-2,5959,39,0,15022,1324,260,291,15022,1547,1497,1705,1716,-319,-16,-423,-21,-281,-537,255,141
24203,3107,436,-222,31,1029,26266,-4313,1037,126,45,0,4559,79,0,15022,1338,239,291,15022,1552,1526,1700,1695,-431,15,-577,20,-356,-443,255,139
24250,4072,643,-338,237,987,5087,508,-671,-215,63,0,1600,79,0,15067,1363,253,296,15067,1538,1518,1728,1687,-315,101,-430,138,-280,-76,255,138
24299,3538,591,-200,122,1283,-9072,-2726,1220,-212,50,-2,1199,39,0,15067,1364,234,296,15067,1531,1548,1701,1696,-371,-59,-506,-80,-289,25,255,142
24350,2236,-90,-61,-168,990,-10415,-9501,2502,-188,0,-2,79,79,0,14933,1386,304,284,14933,1541,1553,1681,1693,-392,12,-544,16,-205,205,255,138
24403,1425,-580,113,102,1007,-9317,-4435,2197,-120,-40,0,39,119,0,15022,1399,231,291,15022,1541,1557,1688,1691,-291,100,-408,140,-214,262,255,142
24450,1250,-1059,113,148,683,-7119,-2238,1464,-112,-88,-2,-39,39,0,14978,1398,176,287,14978,1541,1541,1691,1693,-410,13,-573,19,-325,102,255,141
24503,1384,-896,-68,81,1151,-5349,4719,1586,-124,-71,0,-39,79,0,14978,1420,188,287,14978,1550,1540,1702,1680,-413,-44,-587,-63,-495,48,255,139
24550,1290,-511,-108,132,1010,-8889,5452,1281,-116,-37,-2,-39,79,0,14978,1401,154,287,14978,1535,1549,1698,1688,-411,8,-576,12,-533,94,244,139
24603,917,-306,-109,-57,1523,-5654,-407,1953,-83,-19,2,-39,79,0,15022,1420,145,291,15022,1551,1550,1685,1692,-314,-81,-446,-115,-307,17,244,140
24650,933,-285,-19,83,1154,-8462,-285,1464,-88,-17,-4,-80,79,0,14933,1415,185,284,14933,1538,1550,1697,1687,-160,-48,-226,-67,-154,106,255,139
24703,914,-707,325,134,515,-8523,9419,366,-86,-51,-2,-80,119,0,14933,1436,158,284,14933,1538,1538,1716,1679,-360,-2,-517,-4,-524,145,255,137
24750,353,-238,55,-17,601,-7791,9663,366,-37,-13,0,-80,79,0,14978,1435,134,287,14978,1530,1546,1720,1671,-432,-91,-620,-130,-505,17,255,136
24803,-100,-41,176,41,914,-1931,81,-61,1,0,-4,-80,39,0,14933,1463,197,284,14933,1533,1532,1694,1703,-304,-101,-445,-148,-306,-68,255,133
24850,669,319,26,150,561,204,-407,793,74,-87,0,1519,-1320,0,14978,1480,196,287,14978,1529,1555,1686,1701,-393,-194,-582,-287,-341,-97,255,138
24903,344,-316,136,-133,899,-5288,6856,1098,416,-209,0,5120,-2080,0,14978,1459,126,287,14978,1478,1603,1698,1686,-432,-211,-631,-308,-552,-118,255,147
24950,377,78,194,9,463,22665,17598,3112,497,-209,0,6080,-2480,0,14933,1465,138,284,14933,1575,1539,1694,1664,-485,-185,-710,-271,-757,-476,255,143
25003,1428,948,88,8,1167,39389,10884,1098,241,47,-2,4200,-400,0,15022,1480,129,291,15022,1601,1480,1720,1662,-507,-231,-751,-342,-697,-918,255,143
25050,3206,1724,-76,-34,1070,24374,325,1953,-56,150,-2,2560,0,0,14978,1476,84,287,14978,1578,1519,1697,1674,-479,-298,-707,-440,-510,-757,255,142
25103,3479,1065,-124,-146,988,-3213,-9440,488,66,89,2,4240,-40,0,15022,1483,47,291,15022,1502,1581,1688,1701,-376,-242,-558,-359,-212,-186,255,143
25150,2720,650,-164,-130,1284,2890,-7304,305,132,63,0,4240,79,0,14933,1478,60,284,14933,1547,1530,1701,1687,-344,-149,-509,-221,-187,-85,255,141
25203,2340,-264,7,66,736,11434,-4618,0,-12,-23,-2,2200,0,0,14933,1466,20,284,14933,1566,1504,1700,1693,-258,-96,-379,-142,-177,-296,255,136
25250,2578,-574,29,144,771,1425,3316,183,-109,-43,-2,1319,79,0,14933,1482,53,284,14933,1538,1541,1718,1676,-362,-286,-537,-424,-345,-379,255,141
25303,2112,-620,-101,-155,1114,-8828,1912,-549,-65,-50,-4,1359,39,0,14933,1489,4,284,14933,1521,1541,1701,1699,-420,-171,-625,-254,-453,-17,255,144
25350,1490,-1004,148,20,698,-4495,264,305,26,-84,-2,1800,39,0,14978,1484,-7,287,14978,1538,1541,1696,1695,-496,-184,-737,-274,-456,-77,255,139
25403,1274,-1079,47,9,641,2279,1484,-1708,405,-87,-2,5920,79,0,13458,1495,-28,148,13458,1439,1527,1683,1670,-392,-164,-586,-246,-418,-204,255,142
25450,876,-772,-157,-128,867,23031,7527,-1342,440,-63,0,5920,39,0,13500,1489,-41,152,13500,1501,1467,1691,1651,-448,-226,-668,-336,-511,-588,255,145
25503,1975,-715,147,22,1198,31515,4841,1525,239,-55,0,4719,79,0,13458,1488,-14,148,13458,1540,1476,1661,1652,-306,-193,-456,-288,-391,-743,255,143
25550,3104,-387,47,394,1348,13143,1546,976,67,-30,0,3880,39,0,13500,1485,-58,152,13500,1505,1507,1675,1646,-340,-103,-506,-153,-263,-331,255,141
25603,2574,-854,130,-72,1381,-4067,569,183,-67,-67,0,1800,79,0,13458,1478,-131,148,13458,1490,1510,1669,1661,-348,-139,-514,-205,-358,-68,255,142
25650,1888,-910,-128,179,953,-2908,1546,-183,-49,-72,-2,1319,79,0,13500,1459,-187,152,13500,1499,1497,1669,1668,-308,-111,-450,-162,-391,-48,255,145
25703,1018,-507,-392,-131,866,-3640,9663,-1403,19,-37,0,1240,79,0,14844,1441,-210,276,14844,1518,1532,1730,1671,-313,-63,-452,-91,-482,0,255,141
25750,92,-418,271,123,1114,-405,11128,-122,68,-33,-2,880,39,0,14933,1435,-261,284,14933,1539,1533,1707,1686,-311,-116,-446,-167,-564,-59,255,141
25803,863,684,-20,-96,1230,4476,8015,-2868,-29,63,0,520,39,0,14978,1423,-181,287,14978,1532,1501,1725,1696,-404,-58,-575,-82,-544,-136,255,139
25850,1155,1040,-10,94,789,-3396,2705,-183,-86,90,0,160,0,0,15022,1418,-232,291,15022,1542,1534,1706,1690,-188,-188,-267,-267,-257,-68,255,139
25903,997,924,56,-276,981,-11819,-7487,2075,-80,52,0,79,-320,0,15067,1385,-300,296,15067,1534,1575,1676,1697,-351,-78,-487,-108,-221,127,255,141
25950,605,607,-16,-200,1028,-13772,-7120,1220,-45,21,-2,79,-360,0,15067,1365,-293,296,15067,1517,1578,1691,1693,-236,58,-322,80,-170,273,255,141
26003,685,660,-171,40,1273,-5838,-895,1037,-59,29,0,0,-320,0,15067,1367,-282,296,15067,1547,1547,1702,1684,-257,33,-351,45,-241,135,255,136
26050,712,-77,259,213,1051,-3457,-6388,-854,-65,-6,0,-39,0,0,15022,1339,-342,291,15022,1530,1535,1692,1713,-193,-19,-259,-26,-136,85,255,137
26103,1249,-17,-382,-136,1470,-6631,-5106,-1953,-116,-1,-2,-80,0,0,15067,1326,-290,296,15067,1528,1521,1714,1707,-285,-56,-378,-74,-195,59,255,143
26150,924,-287,64,-28,994,-5899,996,-3051,-87,-25,-2,-80,0,0,15112,1321,-279,300,15112,1517,1517,1724,1712,-218,-55,-288,-72,-255,85,255,137
26203,818,134,6,-75,845,-4922,-2970,-1647,-85,18,-4,-160,79,0,15112,1316,-251,300,15112,1514,1537,1707,1716,-353,-115,-465,-151,-301,-29,255,141
26250,839,-177,40,100,791,-10049,-6998,-1159,-80,-11,-2,-80,39,0,15067,1285,-313,296,15067,1511,1545,1695,1720,-305,-108,-392,-139,-213,127,255,144
26303,246,-204,228,115,1230,-6875,-3580,-3356,-39,-10,-4,-199,79,0,15067,1275,-284,296,15067,1500,1520,1721,1721,-178,-23,-227,-29,-116,96,255,143
26350,212,-207,150,-147,611,-7669,-8952,-427,5,-56,-2,279,-440,0,15112,1260,-295,300,15112,1492,1568,1675,1734,-256,31,-322,39,-187,42,255,139
26403,191,-380,-34,4,482,-3213,-712,-2685,140,-207,2,1800,-2000,0,15157,1243,-330,304,15157,1496,1538,1706,1729,-148,-81,-184,-101,-136,-25,255,144
26450,383,-215,58,355,1558,4354,15584,-1953,238,-284,0,3120,-3040,0,15112,1226,-318,300,15112,1501,1540,1729,1700,-388,-39,-476,-48,-544,-116,255,146
26503,1385,678,-20,216,1051,16500,4597,0,154,-237,-2,3159,-3400,0,15112,1203,-388,300,15112,1539,1529,1682,1727,-398,-239,-479,-288,-478,-527,255,146
26550,2049,720,-225,-122,743,16378,-2848,793,41,-230,-2,2519,-3360,0,15067,1186,-353,296,15067,1559,1519,1675,1726,-272,-271,-322,-321,-272,-502,255,149
26603,2620,376,69,279,1417,2584,4780,-1281,-12,-263,-2,2479,-3400,0,15067,1160,-332,296,15067,1500,1547,1712,1713,-144,-208,-167,-241,-228,-253,255,148
,,,,,,,,,,,,,,,,,,,,,,,,,,,,,,,
26750,2705,1336,-176,158,1166,-5654,14119,671,-124,-57,0,1280,-2000,0,15157,1147,-268,304,15157,1525,1552,1710,1688,-263,-122,-302,-140,-505,-87,255,149
26803,2508,1693,48,23,917,-3030,8381,-854,-114,-19,-2,1199,-1920,0,15067,1146,-283,296,15067,1533,1521,1710,1707,-187,-52,-214,-60,-333,0,255,142
26850,2178,642,81,273,1513,-5593,7466,854,-57,-111,0,1519,-1920,0,15067,1137,-269,296,15067,1534,1547,1698,1698,-300,-228,-342,-259,-323,-85,255,145
26903,888,1439,-23,-252,1103,-7669,6367,671,55,-45,-2,1519,-1960,0,15067,1113,-254,296,15067,1515,1567,1705,1697,-203,-167,-226,-186,-314,-33,255,146
26950,1198,1007,100,-87,1261,-39,10823,1770,28,-90,-2,1519,-2040,0,15112,1073,-382,300,15112,1545,1549,1700,1685,-224,-205,-241,-220,-332,-187,255,147
27003,1545,1505,-122,9,513,2279,13081,732,4,-53,-2,1600,-2120,0,15112,1061,-351,300,15112,1537,1546,1714,1684,-1,-233,-2,-247,-230,-272,255,140
27050,1403,1765,-31,-176,1450,1974,13386,1159,-45,35,-2,880,-1360,0,15112,1055,-370,300,15112,1555,1534,1720,1672,-56,-274,-59,-289,-255,-230,255,146
27103,2011,1837,54,73,453,-344,4475,4516,-175,156,-2,0,-40,0,15112,1018,-388,300,15112,1576,1563,1690,1663,-32,-321,-33,-327,-110,-315,255,139
27150,2361,1528,105,49,1354,-3823,203,4455,-171,136,-2,399,39,0,15112,1011,-355,300,15112,1559,1578,1674,1676,131,-349,133,-353,51,-257,255,140
27203,2099,1529,-28,298,1134,-10232,3499,2929,-148,130,-4,399,-40,0,15067,981,-399,296,15067,1545,1571,1701,1666,162,-288,159,-282,101,-109,255,144
27250,1458,1317,-174,275,896,-12124,-651,122,-92,118,-2,399,39,0,15112,964,-385,300,15112,1523,1558,1710,1688,188,-311,181,-300,231,-120,255,141
27303,869,606,67,-89,1229,-9500,-10844,1098,-30,77,0,520,279,0,15112,949,-386,300,15112,1529,1568,1685,1701,277,-321,263,-304,466,-155,255,139
27350,840,88,-56,112,1132,-5227,-5289,1281,-62,126,0,120,1359,0,15157,929,-412,304,15157,1548,1555,1713,1671,472,-385,438,-357,613,-238,255,140
27403,415,-271,-47,-103,843,-5105,-2299,-244,-25,210,0,120,2679,0,15067,939,-346,296,15067,1525,1552,1719,1679,503,-395,472,-370,543,-305,255,142
27450,634,-221,39,17,1012,-1382,-16825,610,-48,340,8,79,4119,0,15291,886,-347,316,15291,1548,1560,1702,1690,420,-410,372,-363,774,-383,255,139
27503,991,-1283,-11,76,726,-3701,-28971,-2136,-79,422,-2,79,6120,0,15067,887,-361,296,15067,1513,1539,1720,1703,669,-549,593,-487,1175,-485,255,144
27550,938,-1969,-54,-26,923,-1992,-19755,-3112,96,390,-2,2040,6440,0,15112,892,-321,300,15112,1489,1545,1733,1700,730,-479,651,-427,1108,-443,255,146
27603,272,-2900,122,-253,467,13327,-25248,-2441,258,239,0,3239,5639,0,15112,834,-413,300,15112,1518,1527,1694,1732,702,-612,586,-510,1143,-844,255,147
27650,1326,-2668,-220,36,1232,28585,-18839,-6103,411,172,0,6039,4640,0,15067,814,-446,296,15067,1491,1495,1741,1725,678,-692,552,-563,1107,-1150,255,149
27703,2297,-2927,100,-13,834,38473,-18046,-5615,410,-63,0,7000,2200,0,15112,804,-426,300,15112,1511,1480,1698,1767,758,-728,610,-585,1073,-1400,255,148
27750,3598,-2986,-155,45,1229,50009,-20304,-5615,300,-208,-2,7040,599,0,15067,788,-390,296,15067,1554,1420,1701,1766,646,-805,509,-634,1074,-1586,255,150
27803,5117,-3364,30,226,1505,38900,-4557,-6408,167,-283,0,7040,119,0,15067,757,-382,296,15067,1517,1448,1737,1742,747,-654,566,-495,827,-1333,255,146
27850,5599,-2507,-121,226,1214,24801,-2665,-5187,-3,-208,-2,5560,119,0,15112,749,-366,300,15112,1533,1446,1725,1747,533,-605,399,-453,629,-1037,255,148
27903,4991,-1897,-3,-36,1350,4843,-2970,-6103,-100,-158,-2,3840,79,0,15608,728,-354,343,15608,1508,1479,1734,1765,448,-459,326,-334,500,-543,244,145
27950,4772,-1147,-214,304,1065,2462,6367,-4821,-172,-93,-2,2799,79,0,16206,729,-281,396,16206,1535,1471,1752,1740,464,-174,338,-127,442,-192,255,145
,,,,,,,,,,,,,,,,,,,,,,,,,,,,,,,
,,,,,,,,,,,,,,,,,,,,,,,,,,,,,,,
28203,459,1097,-126,-115,1099,-2359,-2909,-8544,57,102,0,1119,79,0,16438,611,-299,415,16438,1492,1486,1782,1792,202,220,123,134,253,261,255,140
28250,709,849,85,130,1149,-4800,-3153,-7934,28,81,-2,1039,79,0,16532,619,-235,423,16532,1475,1508,1776,1801,277,346,172,214,201,307,244,136
28303,945,1150,45,93,876,-2175,3071,-7690,4,103,0,999,39,0,16532,596,-321,423,16532,1498,1485,1791,1786,10,547,6,326,-43,585,234,129
28350,572,1132,167,-37,1465,1974,10640,-6530,37,105,0,999,79,0,16626,571,-265,432,16626,1519,1482,1808,1764,-69,535,-39,306,-135,582,255,137
28403,618,1113,58,85,1409,4843,10335,-4760,29,107,-2,959,119,0,16673,585,-150,435,16673,1521,1503,1795,1766,411,421,240,246,231,336,234,136
28450,1006,1364,-199,62,1093,-344,3255,-3784,-7,129,-2,920,119,0,16626,569,-177,432,16626,1530,1503,1783,1768,86,574,48,327,-9,606,224,135
28503,556,1684,-218,31,1116,-9561,-651,-4333,35,153,0,959,79,0,16720,562,-107,439,16720,1504,1525,1789,1771,299,414,168,232,310,581,153,136
28550,-207,1939,30,143,1363,-10110,-9562,-3112,70,176,-2,599,79,0,16720,535,-93,439,16720,1501,1541,1771,1780,133,648,71,347,215,817,204,137
28603,-22,1337,118,144,1038,-8767,-8524,1220,26,127,0,279,119,0,16720,571,4,439,16720,1530,1574,1751,1755,10,1001,5,571,158,1154,244,133
28650,371,696,139,223,482,-3274,-5473,4211,-123,71,-4,-1040,119,0,16767,547,42,444,16767,1591,1549,1732,1743,-121,1171,-66,640,-58,1163,204,140
28703,780,592,-121,-124,1298,-5776,-4984,3784,-385,58,0,-3640,79,0,16720,553,27,439,16720,1602,1540,1738,1738,-44,1095,-24,605,42,1196,193,139
28750,782,563,-29,99,1284,-22988,-2665,6652,-462,24,0,-4520,-279,0,16814,569,124,448,16814,1591,1598,1725,1722,-119,1087,-67,618,-68,1487,214,142
28803,111,461,16,201,998,-33853,-1688,8483,-219,-15,0,-2400,-640,0,16814,562,148,448,16814,1548,1664,1710,1713,-199,1309,-111,736,-169,1900,204,144
28850,-1212,446,40,-40,1223,-23233,-3397,9826,88,-159,-4,-199,-2280,0,16767,569,195,444,16767,1579,1653,1681,1723,-138,931,-78,530,-106,1380,214,145
28903,-1394,109,-34,-82,1314,-2847,7466,9826,104,-259,-4,-199,-3080,0,16814,567,215,448,16814,1625,1616,1694,1708,-148,923,-84,523,-279,973,204,144
28950,-339,458,-91,71,871,1486,18757,7263,158,-406,0,1480,-5120,0,16720,619,249,439,16720,1585,1626,1710,1710,39,618,24,382,-222,571,214,137
29003,432,1317,119,220,701,10946,20222,3967,91,-405,-2,1480,-5960,0,16626,593,236,432,16626,1605,1561,1720,1730,-319,998,-189,591,-672,807,255,143
29050,1870,2009,104,165,729,7894,15828,3723,-37,-397,-4,1440,-6560,0,16673,624,271,435,16673,1583,1585,1713,1740,-65,798,-41,497,-340,535,255,142
29103,2273,2493,-123,175,820,6491,10518,2380,-2,-354,-2,2239,-6560,0,16626,645,317,432,16626,1577,1573,1717,1746,-65,576,-42,372,-248,463,255,142
29150,2540,2431,50,88,1141,-1321,18086,3356,-29,-384,-4,2200,-6840,0,16626,637,343,432,16626,1567,1597,1730,1723,-317,885,-202,564,-590,860,255,144
29203,2641,3235,-64,-211,1083,-4434,30903,2014,-164,-160,-6,759,-5080,0,16626,655,308,432,16626,1581,1566,1769,1699,-322,963,-211,631,-861,1040,255,148
29250,2213,4444,-214,-86,827,-15176,9297,-122,-168,-30,0,279,-4800,0,16673,684,380,435,16673,1535,1580,1724,1756,-323,830,-221,568,-578,1105,255,145
29303,1718,3942,-173,-142,1163,-22988,-11088,1586,-125,-36,-2,279,-4360,0,16673,696,418,435,16673,1542,1604,1706,1763,-193,903,-134,629,0,1305,255,147
29350,680,2880,-118,-116,1061,-17312,-2238,1831,-45,-90,0,160,-3920,0,16626,754,514,432,16626,1552,1597,1730,1734,-74,656,-56,495,-8,1021,255,142
29403,543,2236,-44,-27,918,-5349,3560,1892,-43,-63,0,39,-2960,0,16673,757,564,435,16673,1577,1577,1739,1725,53,767,40,580,-8,860,255,133
29450,724,1976,-87,139,793,3500,2766,2258,-56,-26,-2,79,-2280,0,16673,785,608,435,16673,1594,1561,1735,1724,11,548,9,430,25,625,255,132
29503,1267,1665,-123,70,824,-5960,6306,854,-114,44,0,-39,-1160,0,14978,842,605,287,14978,1516,1541,1718,1690,152,341,128,287,42,445,255,136
29550,1816,1797,-234,103,1155,-4983,447,4699,-158,62,2,0,-1080,0,14978,852,600,287,14978,1557,1557,1673,1689,171,411,146,350,93,486,255,136
29603,1566,1249,164,-61,1241,-17739,4231,3906,-143,7,-2,-80,-1160,0,14978,902,625,287,14978,1514,1589,1697,1676,183,289,165,261,109,599,255,140
29650,1334,850,229,252,1195,-23477,13569,5798,-126,-51,-2,-120,-1440,0,14978,921,589,287,14978,1517,1611,1694,1652,143,67,131,62,-68,409,255,141
29703,806,1955,103,308,1310,-10476,12593,5554,-42,38,0,320,-1520,0,15022,926,570,291,15022,1559,1576,1687,1661,279,303,258,281,59,486,255,138
29750,1152,1906,-64,39,772,-1931,-1871,2319,7,9,-2,1240,-1800,0,15022,982,535,291,15022,1544,1549,1683,1701,362,211,356,207,371,278,255,136
29803,1049,1516,-141,152,1071,-4556,-2421,1647,58,38,-2,1719,-1080,0,14933,988,512,284,14933,1497,1584,1706,1680,392,116,387,115,434,196,255,141
29850,1017,1249,-327,23,1217,-3701,508,5615,221,98,0,3559,-120,0,15022,1027,531,291,15022,1523,1617,1695,1645,383,-38,393,-39,436,59,255,137
29903,1384,1222,-134,390,1383,11373,-101,3967,346,96,-2,5360,-120,0,15022,1043,502,291,15022,1546,1575,1694,1665,562,-44,586,-46,563,-243,255,142
29950,2198,1111,-157,-275,937,26205,-3336,2685,586,89,-2,8920,-80,0,15157,1062,473,304,15157,1521,1587,1693,1684,586,-155,622,-164,640,-546,255,144
30003,3327,783,-18,405,937,31332,-4374,4638,529,71,0,9400,39,0,15112,1084,454,300,15112,1564,1578,1676,1677,467,-167,507,-181,544,-714,255,139
30050,4310,1396,-40,-142,903,37741,-5778,4638,622,156,0,11440,399,0,15112,1091,407,300,15112,1546,1595,1680,1670,483,-241,527,-263,564,-864,255,144
30103,5737,489,8,279,1563,33163,-18961,4333,581,77,-2,12400,399,0,15202,1111,424,307,15202,1543,1598,1654,1702,778,-102,864,-113,1109,-681,255,143
30150,6227,14,-297,81,1183,39694,-12492,183,290,74,0,9559,839,0,15112,1124,410,300,15112,1574,1508,1703,1693,775,-365,871,-410,1060,-1077,255,142
30203,7263,-349,114,-100,974,26022,-4618,-427,85,42,-2,8239,839,0,15067,1161,494,296,15067,1537,1539,1710,1693,756,-470,877,-545,836,-924,255,142
30250,7520,-956,16,67,600,2096,-2238,3784,-62,-10,-2,6800,839,0,15112,1192,436,300,15112,1533,1600,1669,1686,747,-306,891,-365,725,-452,255,140
30303,5828,-718,159,-197,1263,387,2644,1525,49,-52,0,6399,119,0,15157,1218,444,304,15157,1536,1573,1681,1699,598,-61,728,-74,552,-67,255,137
30350,5410,-646,240,211,1152,6185,1423,1647,41,-45,0,5880,119,0,15067,1233,375,296,15067,1554,1554,1683,1691,615,-316,758,-390,594,-351,255,140
30403,5369,-90,-273,-81,1251,7406,2827,3112,13,6,-2,5520,160,0,15022,1261,375,291,15022,1557,1571,1680,1678,661,-230,834,-290,612,-359,255,139
30450,5061,353,-348,-113,1108,631,569,2685,-47,41,10,4519,119,0,15291,1274,364,316,15291,1550,1593,1689,1674,761,-161,970,-206,730,-220,255,140
30503,5026,-523,155,199,1538,-7363,3987,-1159,-40,-35,-2,4559,119,0,15022,1296,343,291,15022,1509,1559,1706,1697,866,-109,1122,-141,796,19,255,143
30550,4068,-129,-209,353,1227,-2420,1546,854,39,0,0,4519,119,0,14230,1315,308,219,14230,1504,1554,1688,1657,711,-30,935,-39,836,-48,255,136
30603,3335,-738,274,116,1535,14730,-407,1464,37,-57,-4,3759,79,0,13458,1316,289,148,13458,1547,1474,1647,1661,791,87,1041,114,798,-169,255,139
30650,3589,-170,-160,300,1230,7223,3682,3967,18,-7,-6,3799,79,0,13416,1339,259,143,13416,1523,1535,1661,1614,748,55,1001,74,865,-58,255,136
30703,3702,1,149,338,1240,1730,-1261,2868,-1,35,-4,3680,399,0,13416,1332,211,143,13416,1509,1535,1642,1646,841,47,1120,63,863,17,255,133
30750,2741,553,-198,-153,1037,-588,-8829,-305,106,114,-2,3959,759,0,14230,1350,122,219,14230,1489,1554,1672,1685,804,123,1086,166,926,102,255,142
30803,2386,40,-61,-89,978,2096,-14323,549,74,69,0,3239,759,0,14800,1345,76,271,14800,1536,1547,1659,1703,805,79,1083,106,1055,42,255,133
30850,2358,-493,198,198,915,1425,-8097,854,73,30,-4,3199,839,0,14756,1344,0,267,14756,1514,1573,1668,1697,807,114,1085,153,961,0,255,133
30903,3069,-471,-211,-43,1295,-466,-9379,1403,-54,35,0,2439,880,0,14800,1349,29,271,14800,1546,1556,1660,1696,770,86,1038,116,933,94,255,137
30950,3102,-466,-145,-100,964,-7852,-7853,3356,-89,91,-2,2079,1519,0,14933,1369,53,284,14933,1531,1603,1675,1665,668,240,914,329,879,281,255,141
31003,2779,-1060,124,440,1337,-5593,-11820,2929,-246,109,0,-39,2319,0,15337,1355,-35,320,15337,1581,1549,1659,1682,767,338,1040,458,974,435,255,144
31050,2617,-1419,109,348,1034,-14260,-13651,-2197,-231,78,0,-39,2319,0,16298,1355,-69,403,16298,1538,1592,1712,1741,730,245,989,333,1060,398,255,145
31103,1771,-1951,59,-87,528,-17556,-13529,183,-161,32,-2,-80,2319,0,16673,1361,-94,435,16673,1558,1621,1699,1744,769,358,1047,487,1005,664,255,143
31150,1732,-1822,11,237,1010,-14138,-5717,2258,-154,39,-2,-39,2279,0,16673,1355,-50,435,16673,1592,1617,1695,1727,773,408,1047,553,866,662,255,143
31203,1401,-970,-197,197,1371,-10903,2949,488,-164,54,2,-479,1599,0,16767,1362,32,444,16767,1583,1605,1720,1717,810,315,1103,429,758,505,255,141
31250,1300,-254,-227,153,1581,-11392,7283,915,-200,79,0,-1000,1159,0,16673,1360,33,435,16673,1583,1608,1726,1708,395,-54,538,-74,326,180,255,141
31303,1108,-55,99,208,885,-17190,-3214,2319,-187,33,0,-1040,439,0,16720,1362,38,439,16720,1575,1635,1685,1734,607,278,827,379,663,578,255,138
31350,754,268,96,-89,1427,-19815,-651,-2929,-118,30,-2,-600,79,0,16673,1363,86,435,16673,1530,1610,1726,1751,571,294,778,401,567,685,255,137
31403,608,1059,-174,320,1264,-12002,9297,-2197,-74,95,-2,-240,39,0,16626,1378,167,432,16626,1552,1599,1749,1721,604,189,832,261,441,399,255,140
31450,646,1453,117,343,1479,-2542,1057,-427,-77,133,0,-240,79,0,16626,1385,181,432,16626,1577,1594,1718,1729,502,247,696,342,487,290,255,137
31503,1065,1459,-72,273,637,-6570,-7365,-2380,-120,134,0,-320,79,0,16579,1408,221,428,16579,1551,1591,1720,1746,606,226,853,319,734,341,244,140
31550,1217,1006,60,220,1295,-8157,-8585,-1281,-120,94,0,-160,79,0,16626,1427,320,432,16626,1549,1609,1713,1744,541,252,772,360,724,332,255,139
31603,1331,615,-197,36,1303,-9133,-10172,-732,9,64,-2,1440,119,0,16532,1446,322,423,16532,1544,1619,1711,1744,531,207,767,300,708,367,255,138
31650,1626,197,-220,223,1246,1242,-6327,-1525,15,59,-2,1800,479,0,14978,1437,311,287,14978,1521,1548,1689,1709,256,386,368,555,361,331,255,139
31703,2236,288,169,1,1397,9237,-1749,-1525,-6,35,0,2160,119,0,14978,1458,353,287,14978,1537,1532,1692,1706,351,390,512,569,382,229,255,135
31750,3052,-183,49,365,1352,7467,386,-671,-77,-9,0,2160,79,0,15022,1475,343,291,15022,1535,1546,1696,1693,315,73,465,108,477,-34,255,133
31803,2962,303,-154,-72,1046,1058,203,-1892,-104,36,0,1759,119,0,14933,1496,321,284,14933,1513,1547,1700,1701,362,78,541,117,358,59,255,136
31850,3038,639,7,96,1556,2645,-895,-1220,-115,66,0,1719,119,0,14889,1499,307,280,14889,1531,1536,1691,1701,351,60,527,90,351,19,244,132
31903,2954,1027,-48,-4,983,4782,1851,-2197,-107,96,0,1719,79,0,14978,1515,276,287,14978,1533,1516,1696,1707,304,180,461,272,272,96,244,135
31950,3003,1088,-158,254,1451,6124,325,-2014,-136,101,-2,1440,79,0,14889,1518,228,280,14889,1545,1505,1703,1702,151,96,229,145,272,93,234,138
32003,2438,168,-33,-199,951,1791,-12003,0,-125,18,0,999,39,0,14889,1536,166,280,14889,1534,1547,1664,1717,265,40,408,62,475,9,255,130
32050,2673,-615,88,-38,1142,-772,-3336,-244,-153,-46,0,920,79,0,14933,1557,198,284,14933,1543,1537,1694,1692,186,70,289,109,357,127,255,136
32103,2369,-400,-126,-59,397,-5044,6978,732,-133,-24,-2,839,119,0,14844,1555,139,276,14844,1530,1561,1692,1685,147,117,229,182,25,205,255,138
32150,1870,-353,22,-167,718,-3152,1668,-122,-93,-20,0,799,119,0,14800,1559,117,271,14800,1535,1546,1673,1712,115,47,180,74,28,96,244,133
32203,2119,-127,26,185,737,-1748,2766,854,-118,-4,-2,759,79,0,14844,1569,59,276,14844,1551,1538,1671,1700,65,109,103,171,17,139,255,132
32250,2258,414,5,170,603,-2847,-3214,488,-134,46,0,720,119,0,14889,1584,18,280,14889,1546,1542,1667,1709,95,22,150,35,92,50,255,128
32303,1755,658,-20,-180,1188,-7180,-5350,0,-93,64,0,680,79,0,14978,1586,29,287,14978,1528,1558,1680,1704,25,61,39,96,118,186,244,129
32350,1127,229,8,5,978,-8645,-3764,1586,-98,26,-2,0,79,0,14978,1576,-23,287,14978,1542,1566,1676,1691,43,152,68,239,136,312,255,128
32403,531,55,-185,185,1299,-5471,1301,1770,-46,-19,0,0,-279,0,14978,1585,-3,287,14978,1547,1566,1676,1687,51,31,82,49,29,126,244,129
32450,523,431,-198,55,988,-3030,6367,1464,-49,-14,0,-39,-600,0,14978,1575,-54,287,14978,1554,1555,1693,1672,-89,60,-140,94,-118,109,255,136
32503,774,653,28,-101,1006,-1748,4292,244,-25,-68,-2,479,-1440,0,14933,1579,-45,284,14933,1535,1557,1675,1705,-64,-13,-101,-20,-139,17,244,139
32550,1283,746,136,-9,1247,-1565,813,1403,-42,-137,-2,799,-2320,0,14978,1566,-10,287,14978,1550,1557,1659,1707,-80,59,-126,92,-87,97,255,137
32603,1374,786,0,36,683,-1321,4841,732,26,-196,0,1679,-3040,0,15022,1586,17,291,15022,1550,1552,1667,1708,-167,52,-265,83,-251,75,255,134
32650,649,1330,-62,-270,1198,3500,11433,732,205,-194,-2,2999,-3560,0,15022,1565,-13,291,15022,1539,1561,1675,1702,-174,-114,-272,-178,-402,-111,255,148
32703,1553,1782,52,124,378,8688,9541,305,133,-151,-2,3079,-3520,0,14933,1560,-98,284,14933,1557,1535,1671,1708,-224,-94,-350,-148,-391,-246,255,144
32750,1583,1903,-37,1,383,10458,5818,1403,60,-78,-2,2279,-2800,0,14933,1572,-93,284,14933,1551,1554,1669,1696,-232,-132,-365,-207,-385,-403,255,144
32803,1634,1175,204,-20,845,4171,4048,1159,49,-82,-2,2200,-2120,0,14933,1579,-82,284,14933,1539,1562,1661,1708,-320,-97,-506,-153,-391,-170,255,144
32850,1445,552,230,77,427,4537,3377,1831,65,-112,-2,2200,-1840,0,14978,1558,-148,287,14978,1557,1554,1647,1713,-180,-120,-281,-188,-351,-154,255,145
32903,1583,486,-242,-131,1155,6735,14851,-1037,85,-114,-2,2560,-1800,0,15022,1567,-109,291,15022,1532,1541,1707,1688,-183,-112,-287,-175,-442,-229,255,151
32950,1764,659,-300,-245,1193,7894,15828,183,135,-144,-2,3320,-2320,0,14933,1563,-115,284,14933,1527,1560,1693,1687,-207,-178,-324,-279,-493,-363,244,150
33003,2343,1044,112,385,1198,14120,17171,1647,95,-139,-2,3439,-2640,0,14933,1558,-114,284,14933,1567,1540,1685,1678,12,-142,19,-221,-287,-388,255,146
33050,2548,1707,-83,338,998,13510,13997,61,77,-77,-2,3439,-2600,0,14933,1554,-117,284,14933,1551,1538,1702,1680,-49,-10,-76,-16,-218,-310,255,142
33103,2657,1952,9,-37,651,14364,3377,1525,33,-28,0,3039,-2280,0,14978,1526,-150,287,14978,1577,1539,1675,1692,-280,-29,-428,-45,-339,-280,255,142
33150,3050,1660,-21,196,1086,8871,9297,366,-109,15,0,1800,-1480,0,14933,1526,-158,284,14933,1571,1522,1706,1668,-327,-54,-500,-83,-371,-244,255,144
33203,2976,1993,-319,69,1042,1242,-4191,2075,-141,76,0,1359,-1120,0,14978,1520,-119,287,14978,1568,1553,1657,1699,-326,-12,-496,-18,-253,-33,255,145
33250,2207,1248,-218,17,1341,-4556,-4496,671,-154,70,0,439,-440,0,15022,1523,-126,291,15022,1567,1535,1674,1698,-105,-30,-160,-45,-129,112,244,143
33303,1937,-97,158,155,418,-6143,3682,-1220,-179,-36,-2,-120,-320,0,14933,1509,-185,284,14933,1550,1525,1703,1691,-105,11,-158,17,-169,118,255,143
33350,1640,-64,197,178,780,-8523,5452,1525,-150,-2,-2,-80,39,0,14933,1479,-248,284,14933,1561,1550,1690,1671,-216,-42,-320,-63,-254,118,244,140
33403,1169,799,-441,30,1355,-10537,81,549,-112,66,-2,-120,-40,0,14978,1486,-231,287,14978,1552,1547,1678,1696,-204,56,-304,83,-206,240,255,139
33450,1011,471,-277,-59,1320,-7180,-5778,2197,-102,37,0,-160,-40,0,15883,1461,-260,367,15883,1578,1573,1666,1709,-56,71,-82,104,-68,153,255,140
33503,1140,-246,77,-72,735,-6509,2156,549,-113,-25,-2,-160,-40,0,16438,1436,-316,415,16438,1589,1583,1719,1712,-97,97,-140,140,-135,211,255,140
33550,1034,-352,55,33,871,-10049,3255,-854,-100,-34,0,-120,-40,0,16438,1423,-271,415,16438,1573,1583,1733,1712,-199,92,-283,132,-171,282,255,141
33603,1132,-505,8,213,972,-10232,2888,-793,-109,-40,0,-120,39,0,16438,1428,-286,415,16438,1581,1579,1723,1725,-138,96,-197,137,-188,274,255,140
33650,655,34,77,12,906,-7363,3438,-1770,-64,6,-2,-80,39,0,16485,1412,-270,419,16485,1576,1572,1734,1728,-56,26,-80,36,-126,185,255,131
33703,644,342,-37,65,1201,-7913,-4069,244,-70,33,-2,-160,39,0,16532,1405,-213,423,16532,1583,1589,1712,1727,-62,93,-87,131,8,231,255,133
33750,226,109,51,-73,1022,-9255,-4618,-1953,-30,13,-2,-120,39,0,16579,1393,-197,428,16579,1554,1589,1723,1742,-41,34,-57,48,8,119,255,134
33803,372,107,-94,-155,1026,-4434,-468,-2014,-46,12,-2,-160,39,0,16579,1386,-158,428,16579,1577,1566,1735,1731,-17,-9,-24,-13,-9,67,255,136
33850,253,411,-127,-69,1126,-3335,-1322,610,-36,67,0,-160,360,0,16579,1375,-66,428,16579,1586,1591,1721,1717,-13,52,-18,72,17,110,255,134
33903,382,392,-123,-148,1082,-4312,-2299,-2563,-43,111,-2,-120,880,0,16579,1381,-31,428,16579,1564,1569,1740,1733,19,-49,27,-68,59,25,255,138
33950,372,287,-208,125,1213,-2725,-9196,-2258,30,293,-2,720,3079,0,16579,1373,-12,428,16579,1568,1569,1736,1736,-36,68,-50,94,106,165,255,138
34003,431,-381,-24,-80,1054,3256,-14628,-2075,227,266,0,3039,3439,0,16579,1372,25,428,16579,1545,1594,1735,1733,66,-11,90,-15,321,-68,255,138
34050,646,-892,-79,8,1124,12045,-7365,-1708,236,222,-2,3359,3439,0,16579,1381,71,428,16579,1582,1560,1749,1718,74,-77,103,-106,273,-222,255,140
34103,1302,-1021,-75,181,1011,17050,-9379,-854,395,224,0,5839,3599,0,16579,1381,130,428,16579,1568,1586,1735,1723,40,-149,55,-206,204,-447,255,143
34150,2356,-1333,194,134,803,25350,-10844,-854,314,222,-2,5959,3880,0,16579,1408,137,428,16579,1595,1556,1729,1730,25,-215,36,-303,216,-648,255,144
34203,3299,-870,-141,41,1327,23031,-13834,976,106,-23,-2,4519,599,0,16532,1413,169,423,16532,1607,1570,1699,1742,73,-194,104,-274,315,-596,255,143
34250,3780,-1285,-39,26,827,8566,-712,-2014,61,-98,0,4479,160,0,15067,1408,210,296,15067,1549,1572,1739,1719,218,-41,307,-57,294,-255,255,138
34303,3386,-763,-16,-153,1196,5514,7954,732,-68,-52,-4,2600,160,0,15022,1416,210,291,15022,1567,1526,1700,1683,-32,-100,-45,-142,-171,-196,255,143
34350,3213,-235,-262,-42,1227,3500,3682,305,-137,-3,-2,1640,199,0,14933,1428,216,284,14933,1559,1525,1691,1692,31,-56,44,-80,-59,-136,255,138
34403,3099,198,26,-93,1084,-4129,3377,-488,-158,20,0,1280,39,0,14978,1425,196,287,14978,1548,1531,1704,1690,33,-38,47,-54,-25,33,255,133
34450,2656,-102,123,-48,1122,-6509,2278,-61,-120,-5,0,1280,39,0,14978,1434,127,287,14978,1551,1532,1703,1684,-125,-80,-179,-115,-48,107,255,140
34503,2059,-817,91,-7,757,-9378,-2543,549,-137,-67,0,479,39,0,14933,1430,62,284,14933,1548,1542,1681,1697,-44,-35,-63,-51,0,127,255,132
34550,1567,-835,78,23,919,-8157,5269,488,-122,-65,-2,160,79,0,14933,1440,71,284,14933,1542,1545,1695,1686,-33,-28,-47,-41,-118,93,255,134
34603,1142,-152,-90,119,894,-5349,10579,427,-89,-6,-2,120,79,0,15022,1426,44,291,15022,1550,1533,1704,1675,-79,51,-113,73,-263,144,255,135
34650,610,-549,-40,43,987,-5593,6123,-488,-42,-40,-2,120,79,0,16673,1414,-18,435,16673,1577,1582,1727,1733,35,51,50,72,-110,127,255,132
34703,379,-274,-141,-96,1227,-2114,1668,305,-19,-23,0,160,0,0,16626,1430,27,432,16626,1593,1578,1727,1721,-89,5,-127,7,-118,42,255,131
34750,375,150,-169,-132,1026,-1626,5330,-1770,-22,23,0,120,119,0,16673,1428,81,435,16673,1583,1561,1753,1719,-69,-72,-98,-102,-127,0,255,137
34803,472,298,75,-3,1023,753,386,793,-27,29,-2,160,39,0,16673,1429,54,435,16673,1595,1583,1718,1730,-120,-35,-172,-51,-127,-49,255,131
34850,481,54,-34,0,1198,-2114,-1200,-244,-31,11,-4,120,79,0,16626,1446,106,432,16626,1581,1578,1732,1725,-27,28,-39,41,16,67,255,129
34903,578,137,119,28,970,-2297,-1078,-610,-43,18,-2,79,79,0,16673,1447,151,435,16673,1588,1569,1731,1731,-44,-40,-64,-58,-25,0,255,131
34950,555,384,-90,-76,940,-2908,-4069,1770,-38,37,-2,120,39,0,16673,1462,166,435,16673,1592,1596,1712,1724,-66,42,-97,62,-68,48,255,132
35003,771,555,64,51,878,-2420,-1688,-1586,-8,55,-2,680,79,0,16673,1458,194,435,16673,1575,1568,1742,1731,-12,25,-18,37,16,67,255,129
35050,578,395,259,40,980,-1443,-6205,549,40,41,-2,1039,79,0,16579,1471,235,428,16579,1585,1583,1715,1732,-21,-36,-32,-54,68,17,255,131
35103,647,291,-83,113,1554,997,-1261,-549,114,35,-2,1959,119,0,16206,1472,278,396,16206,1567,1568,1730,1713,37,-8,55,-12,60,-25,255,132
35150,875,42,112,-27,1039,8139,-1566,-610,63,7,0,1600,39,0,15022,1484,245,291,15022,1566,1506,1702,1692,-26,41,-39,60,59,-25,255,129
35203,1339,257,-52,5,756,1119,-4435,915,-68,29,0,559,79,0,15067,1495,264,296,15067,1557,1541,1691,1688,-94,-49,-141,-73,-17,-68,255,132
35250,1218,-111,-71,-52,1037,-6814,-223,854,-92,-2,0,160,79,0,14978,1511,277,287,14978,1537,1559,1685,1692,56,47,85,71,0,119,255,129
35303,913,-192,102,71,1109,-7424,2095,2075,-72,-9,0,79,79,0,14978,1526,250,287,14978,1558,1555,1685,1678,-13,81,-21,123,-50,210,255,132
35350,342,-463,162,120,1370,-3945,1607,2746,-22,-33,0,79,79,0,15022,1539,262,291,15022,1569,1556,1684,1672,-118,72,-183,112,-93,196,255,136
35403,-78,-665,-89,-116,733,-3152,-1688,-183,17,-58,-4,120,0,0,15022,1541,230,291,15022,1536,1547,1695,1697,-97,-63,-150,-97,-68,-8,255,136
35450,117,-769,34,-14,635,-283,-223,2258,7,-60,0,199,79,0,14978,1552,247,287,14978,1557,1561,1672,1687,-89,-76,-139,-118,-144,-127,255,135
35503,551,-723,-145,-58,988,3805,6978,427,32,-56,0,920,79,0,14978,1565,204,287,14978,1551,1542,1702,1677,-48,-52,-75,-82,-170,-119,255,135
35550,725,-960,-173,-46,1210,1669,7161,244,121,-111,0,2119,-320,0,14978,1576,219,287,14978,1527,1563,1689,1692,-1,-65,-2,-103,-146,-103,255,140
35603,940,-611,161,38,1233,5697,4170,1403,176,-77,-2,2960,-279,0,14933,1580,194,284,14933,1549,1557,1692,1677,-43,-84,-68,-133,-116,-184,255,141
35650,994,-401,128,164,1164,8139,4231,915,394,-97,0,5520,-720,0,14933,1602,148,284,14933,1514,1584,1695,1675,-124,-3,-198,-4,-120,-171,255,139
35703,1069,89,-79,-227,854,21871,5086,1586,419,-48,-4,5880,-640,0,14933,1599,176,284,14933,1559,1548,1688,1676,-133,-71,-213,-114,-222,-453,255,144
35750,2154,346,-95,-234,994,29562,2644,610,241,12,0,4919,-200,0,14978,1586,106,287,14978,1583,1511,1693,1680,0,-152,0,-241,-68,-690,255,136
35803,3356,685,19,18,866,17050,1607,183,63,42,-4,4080,-200,0,14933,1613,115,284,14933,1557,1530,1693,1688,-93,-119,-150,-192,-121,-416,244,139
35850,3668,768,-11,36,1131,7040,-1932,-305,-72,56,-2,2839,-120,0,14933,1625,120,284,14933,1564,1517,1690,1694,-54,-109,-88,-177,-50,-169,244,141
35903,3290,235,-141,-103,1102,-2603,-6449,488,-112,3,-2,2000,-200,0,14978,1636,139,287,14978,1553,1538,1682,1691,-45,-6,-74,-11,67,38,255,138
35950,2997,-505,42,-33,957,-4678,-2848,427,-191,-47,-2,799,-40,0,14933,1635,114,284,14933,1562,1529,1693,1680,-112,16,-184,26,0,99,255,135
36003,2703,-981,93,81,820,-12185,1057,1342,-190,-89,-2,520,-40,0,14978,1624,40,287,14978,1549,1560,1682,1685,-20,0,-32,0,-38,212,244,133
36050,1896,-559,-82,-52,964,-12185,3438,793,-151,-52,0,160,-40,0,14933,1630,34,284,14933,1548,1554,1683,1686,75,55,122,89,-38,243,234,134
36103,1441,-83,-57,290,1212,-8096,3438,1953,-115,-10,0,120,-40,0,14933,1626,14,284,14933,1571,1547,1676,1679,42,153,69,250,-17,295,255,135
36150,774,-577,-149,252,1025,-7791,-2848,2380,-60,-53,0,79,-40,0,15022,1627,-74,291,15022,1563,1567,1670,1683,-135,174,-221,284,-33,279,255,140
36203,417,-1535,226,21,435,-8340,-4801,3356,-25,-134,-2,120,0,0,15022,1621,-114,291,15022,1563,1580,1655,1686,-16,74,-26,120,67,220,255,136
36250,490,-1765,411,163,679,-2725,-651,2807,-39,-157,0,39,-40,0,15022,1632,-113,291,15022,1579,1559,1652,1692,-56,191,-91,312,-87,243,255,138
36303,579,-823,-391,14,1361,-3762,11189,1159,-47,-152,-12,39,-920,0,15427,1622,-69,327,15427,1566,1564,1699,1690,24,62,39,101,-171,128,255,139
36350,663,-1020,19,71,1276,-4556,12166,2258,-54,-357,-2,39,-3080,0,15427,1613,-90,327,15427,1576,1578,1684,1685,-92,142,-149,229,-177,202,255,142
36403,660,-590,16,28,843,-4129,19368,2441,-57,-362,0,0,-3560,0,15427,1614,-77,327,15427,1581,1574,1685,1676,-47,99,-76,160,-385,171,255,136
36450,672,228,17,-162,844,-894,23213,2258,-55,-315,0,39,-3840,0,15427,1602,-143,327,15427,1594,1562,1672,1692,-44,-40,-71,-64,-619,67,255,138
36503,808,1303,39,-117,861,-5227,23030,183,-77,-116,-2,-80,-2640,0,15427,1622,-76,327,15427,1565,1562,1720,1667,0,79,0,129,-401,170,255,136
36550,1206,1489,104,128,447,-6143,9358,3723,-112,11,-2,-80,-1360,0,15427,1622,-63,327,15427,1590,1586,1670,1677,0,172,0,280,-229,221,255,137
36603,1248,1554,-175,125,1168,-6631,1423,2563,-112,118,0,-39,-200,0,15518,1610,-69,336,15518,1588,1579,1677,1684,24,109,40,176,0,225,255,137
36650,1117,884,82,78,1332,-6936,-8219,1892,-111,66,-2,-160,-120,0,15427,1584,-148,327,15427,1577,1577,1679,1686,90,201,143,319,314,322,255,139
36703,1224,166,-17,-11,887,-8462,-13468,3173,-117,7,0,-120,-80,0,15563,1587,-110,340,15563,1587,1589,1658,1691,122,142,195,225,357,289,255,139
36750,1073,-558,-96,-186,1025,-8767,752,976,-100,63,-2,-80,1280,0,15427,1602,-103,327,15427,1580,1565,1699,1674,211,-78,339,-126,195,170,255,141
36803,891,-793,140,35,664,-9683,-3947,2136,-81,45,0,-39,1319,0,15472,1591,-112,332,15472,1578,1588,1673,1686,57,33,91,53,126,202,255,133
36850,405,-626,91,-26,823,-8767,-4130,1708,-35,63,-4,0,1359,0,15472,1601,-62,332,15472,1573,1583,1671,1693,241,-128,386,-205,208,52,255,136
36903,353,-456,-132,313,1016,-6814,7649,1831,-34,71,-2,-39,1280,0,15518,1583,-42,336,15518,1579,1585,1703,1660,327,-26,518,-41,194,92,255,138
36950,392,-287,49,-1,1033,-2053,4048,1586,-34,58,0,0,959,0,15472,1586,-59,332,15472,1585,1577,1703,1659,176,50,279,80,228,84,255,129
37003,836,-643,344,-164,982,-6509,-3825,2929,-73,27,0,0,959,0,15518,1590,-44,336,15518,1582,1601,1661,1686,282,14,448,22,349,127,255,133
37050,1019,-244,-70,190,1006,-10232,142,2807,-92,58,0,-39,920,0,15472,1582,-70,332,15472,1579,1602,1680,1666,360,138,569,218,373,275,255,137
37103,656,-905,193,-55,683,-8950,-6327,2014,-57,-33,0,0,520,0,15022,1564,-140,291,15022,1574,1598,1659,1694,51,-3,80,-4,161,153,255,132
37150,919,-999,116,142,1162,-2053,-3397,2441,-73,-69,-2,79,199,0,15067,1580,-42,296,15067,1592,1565,1644,1688,359,-108,567,-171,325,0,255,138
37203,967,-1154,-183,144,1393,-6753,8137,-366,-42,-83,-2,479,199,0,15067,1566,-21,296,15067,1540,1579,1700,1664,516,-228,809,-357,374,-110,255,143
37250,836,-835,8,64,1090,-4129,6611,1220,3,-58,0,880,160,0,15022,1564,-51,291,15022,1553,1588,1689,1653,389,-94,608,-147,349,-85,255,133
37303,954,-280,-42,52,732,3744,1790,854,91,-13,-2,2000,119,0,15022,1566,-74,291,15022,1568,1569,1673,1677,396,-113,621,-177,365,-178,255,137
37350,1205,11,101,91,1151,6857,-895,-366,181,14,0,3280,160,0,15022,1570,-67,291,15022,1545,1575,1674,1686,371,-152,583,-239,360,-292,255,137
37403,1739,-287,-56,111,1092,15158,-6937,610,406,-14,-2,6399,119,0,15022,1548,-119,291,15022,1551,1580,1660,1690,438,-63,678,-98,559,-328,255,142
37450,2427,-426,-244,128,893,28158,-6815,-366,346,4,-2,6399,479,0,15022,1561,-85,291,15022,1583,1538,1684,1680,567,-264,885,-412,727,-753,244,142
37503,3359,-994,276,-53,1065,26998,-5106,-1647,342,-83,-2,7279,39,0,15067,1557,-47,296,15067,1550,1553,1684,1694,479,-326,746,-508,568,-797,255,144
37550,4487,-1550,316,209,602,18759,2583,-122,250,-131,0,7360,39,0,15067,1545,-85,296,15067,1560,1566,1686,1673,519,-254,802,-393,615,-654,255,142
37603,4677,-1070,-336,-195,1027,22543,-3153,122,192,-89,0,6879,39,0,15067,1563,-56,296,15067,1587,1541,1660,1697,541,-272,847,-425,596,-665,255,144
37650,5337,-704,-175,21,1157,15585,142,-549,54,-57,-4,5959,39,0,15067,1549,-73,296,15067,1575,1540,1670,1698,663,-357,1027,-554,569,-645,255,141
37703,4830,-1143,67,-24,694,5514,3132,-549,-27,-57,-2,4519,479,0,15067,1546,-142,296,15067,1560,1559,1681,1687,650,-274,1005,-424,595,-371,255,143
37750,4115,-1184,-90,22,690,997,-2177,-1098,38,-30,-2,4559,839,0,15067,1542,-85,296,15067,1551,1559,1686,1687,314,-149,484,-230,448,-129,255,141
37803,3481,-706,-248,9,942,2218,-5778,610,-52,112,-2,2879,2000,0,15112,1552,-51,300,15112,1584,1549,1676,1680,621,-267,963,-414,721,-305,244,141
37850,3417,-546,-337,26,1001,814,-8097,-854,-43,151,0,2920,2279,0,15067,1535,-90,296,15067,1563,1550,1665,1705,751,-255,1153,-391,754,-261,255,143
37903,2828,-890,192,68,845,-7241,-2848,-2502,-2,114,0,2799,2200,0,15067,1525,-109,296,15067,1528,1561,1699,1690,870,-230,1327,-351,920,-104,244,144
37950,1646,-988,108,-12,805,-1626,-7487,-549,104,109,0,2839,2239,0,15067,1516,-94,296,15067,1552,1563,1687,1681,563,-15,853,-23,785,42,255,139
38003,1512,-1416,213,51,733,8078,-11332,183,112,29,-2,2799,1759,0,15067,1513,-96,296,15067,1577,1546,1656,1705,703,-86,1063,-130,900,-227,255,142
38050,1800,-1639,168,6,959,6124,-9745,427,146,-55,-2,3480,999,0,15022,1513,-146,291,15022,1554,1572,1643,1715,729,-208,1103,-315,829,-302,255,142
38103,2069,-1183,-140,175,893,1119,2034,-915,245,-47,-2,4879,639,0,15067,1496,-169,296,15067,1532,1575,1690,1685,750,-176,1122,-263,714,-195,255,145
38150,2108,-809,-22,173,986,6246,7039,-1037,357,-60,0,6199,119,0,15067,1487,-184,296,15067,1542,1565,1687,1688,785,-127,1167,-189,659,-231,255,143
38203,2357,95,24,-91,1614,21871,1118,732,335,18,-2,6199,119,0,15022,1491,-117,291,15022,1578,1549,1668,1687,793,-94,1182,-140,773,-476,255,139
38250,3370,218,-55,-133,989,16134,-1627,-1098,257,26,0,6319,79,0,15112,1487,-126,300,15112,1542,1564,1680,1696,846,-89,1259,-132,897,-418,255,142
38303,4068,-636,170,258,807,7772,-7914,-1342,196,-45,-2,6319,119,0,15022,1459,-141,291,15022,1536,1567,1666,1715,344,135,502,197,482,0,255,139
38350,3910,-639,67,0,818,5575,-773,854,217,-45,0,6399,119,0,15067,1452,-185,296,15067,1549,1583,1671,1683,475,98,690,142,568,0,255,131
38403,3900,131,-212,-57,994,9664,1851,-915,287,21,-2,7200,119,0,15022,1450,-194,291,15022,1533,1570,1686,1689,756,-61,1096,-88,723,-229,255,140
38450,3503,406,-201,-197,914,16622,-1139,-2502,346,42,2,7479,79,0,15067,1430,-162,296,15067,1538,1548,1680,1712,819,-54,1172,-77,751,-307,255,142
38503,3369,807,-35,6,1116,20407,1607,-2136,365,80,-2,7560,119,0,15022,1413,-199,291,15022,1539,1548,1695,1697,555,-35,785,-49,527,-391,255,139
38550,3949,682,72,47,1216,22543,-4191,-732,346,91,-2,7920,360,0,15067,1422,-195,296,15067,1550,1556,1658,1717,981,3,1396,5,853,-375,255,136
38603,5145,1031,-271,117,1128,19979,-2238,-1464,242,152,6,7920,720,0,15291,1433,-119,316,15291,1568,1545,1693,1695,734,170,1053,243,774,-178,255,145
38650,5802,819,-393,91,855,14669,-3641,1159,160,190,0,7639,1359,0,15022,1419,-147,291,15022,1569,1563,1689,1664,840,236,1192,335,925,-59,255,141
38703,5911,-32,288,79,919,9603,-12553,976,199,196,-2,8199,2279,0,15022,1420,-171,291,15022,1542,1586,1661,1696,540,498,767,708,759,331,255,139
38750,5547,-162,206,149,1091,9786,-20853,1159,259,209,-2,8520,2560,0,15067,1404,-136,296,15067,1559,1572,1655,1700,792,323,1112,453,1175,221,255,145
38803,4835,-932,6,34,915,9176,-20914,915,262,302,-2,7839,4400,0,15067,1397,-187,296,15067,1540,1586,1679,1680,793,373,1108,521,1158,212,255,140
38850,4757,-1172,177,45,207,6002,-18290,-1037,276,313,-2,7920,4759,0,15022,1389,-215,291,15022,1517,1581,1674,1706,807,566,1121,786,1047,430,255,145
38903,4496,-1771,-87,-342,1118,11251,-19328,-1892,173,138,-2,6480,3359,0,15022,1366,-247,291,15022,1551,1537,1646,1741,624,390,853,533,961,194,255,147
38950,4454,-2279,-70,-40,940,8932,-17924,-3051,65,34,0,5200,2679,0,15112,1366,-187,300,15112,1538,1537,1668,1735,586,615,801,840,825,510,255,141
39003,4767,-2140,-335,101,1018,-6143,1179,-2075,-129,-12,-2,3280,2000,0,15022,1357,-183,291,15022,1543,1539,1700,1692,781,773,1061,1050,761,881,255,148
39050,4236,-1364,-303,-105,1087,-9500,5757,-732,-205,-66,-2,1879,599,0,15112,1326,-240,300,15112,1550,1555,1684,1697,725,926,962,1227,636,1085,255,147
39103,3964,-313,-80,316,1271,-17556,4170,-1831,-321,21,0,279,559,0,15472,1330,-247,332,15472,1543,1563,1699,1706,731,1061,972,1411,658,1368,255,144
39150,2927,186,-160,302,1236,-24758,-1994,2624,-237,37,-2,199,239,0,15518,1298,-325,336,15518,1544,1622,1671,1689,600,1129,779,1465,698,1532,255,145
39203,1546,-440,187,-73,753,-23904,-3886,2685,-222,-20,2,-1000,199,0,16021,1279,-357,379,16021,1577,1618,1667,1710,580,1339,742,1713,648,1756,244,146
39250,1052,133,170,57,1457,-27078,5391,1708,-238,43,-2,-1679,360,0,16021,1257,-339,379,16021,1560,1618,1711,1677,524,1303,658,1638,552,1776,255,144
39303,1297,318,46,40,908,-24453,-2726,2929,-361,90,-2,-2840,720,0,16438,1235,-407,415,16438,1582,1615,1673,1703,558,1366,690,1688,606,1793,255,143
39350,1211,-107,207,41,957,-36233,-1261,-1403,-468,112,0,-4160,1399,0,16438,1217,-376,415,16438,1540,1621,1713,1726,432,1304,526,1587,450,1861,255,147
39403,403,386,-146,386,597,-42764,7405,-2319,-457,148,-4,-4840,1319,0,16532,1182,-403,423,16532,1528,1618,1744,1709,530,1423,627,1682,401,2169,255,147
39450,-925,-29,-87,491,1317,-36843,6672,2197,-334,105,0,-4760,1239,0,16485,1167,-450,419,16485,1561,1647,1712,1690,365,1130,426,1319,300,1768,255,146
39503,-1662,198,-65,-225,671,-26956,325,1770,-284,101,2,-4920,959,0,16579,1158,-454,428,16579,1575,1635,1699,1710,333,1564,386,1811,327,2034,255,145
39550,-1693,814,-90,-77,269,-22378,813,-2929,-288,130,-2,-5000,679,0,16532,1131,-453,423,16532,1545,1598,1735,1726,338,448,382,507,331,850,255,143
39603,-1824,783,103,-177,1044,-19876,-712,-2563,-179,99,-4,-3880,360,0,16532,1133,-385,423,16532,1532,1615,1733,1728,385,1464,436,1658,397,1811,234,148
39650,-2050,556,164,-237,1383,-17007,-1505,-4089,7,72,-2,-1959,279,0,16579,1103,-336,428,16579,1504,1621,1740,1736,121,1048,133,1156,96,1387,255,145
39703,-1148,770,-299,125,1293,-6753,8687,-2746,51,84,-2,-559,199,0,16579,1093,-312,428,16579,1532,1613,1749,1713,414,1207,453,1319,263,1325,255,144
39750,195,740,-109,-3,968,4415,-1383,-366,-41,75,-2,-279,119,0,16579,1085,-279,428,16579,1573,1605,1715,1722,307,1369,333,1485,257,1242,255,140
39803,1814,830,-78,71,1301,-2603,1973,-1159,-179,86,0,-240,160,0,16626,1079,-189,432,16626,1556,1612,1738,1706,5,60,5,65,-29,106,255,133
39850,1833,1173,-349,-258,1226,-8523,3377,-4455,-180,105,-2,-240,39,0,16579,1083,-77,428,16579,1529,1591,1755,1728,39,669,43,724,-39,826,255,141
39903,2222,507,111,213,789,-6692,-4374,-2380,-249,47,0,-640,39,0,16579,1069,-101,428,16579,1559,1592,1718,1741,145,1220,155,1304,221,1337,255,142
39950,2052,372,111,195,1358,-10537,-2482,-4455,-364,42,0,-2120,119,0,16579,1070,-77,428,16579,1540,1582,1737,1745,269,703,288,752,243,838,255,142
40003,2108,335,37,323,934,-14932,203,-1586,-515,64,-2,-3800,399,0,16579,1083,-12,428,16579,1569,1589,1735,1719,105,830,114,899,102,1091,255,140
40050,1504,786,22,-13,1123,-21035,-3825,-183,-508,107,-2,-4320,439,0,16626,1082,57,432,16626,1566,1612,1724,1717,-28,801,-30,867,34,1177,255,141
40103,1082,562,197,194,927,-22195,-7914,-122,-565,83,-2,-5400,399,0,16626,1086,123,432,16626,1583,1595,1713,1729,5,907,6,985,143,1294,255,138
40150,112,370,112,-208,1320,-25613,-5595,-1892,-543,70,-2,-6120,439,0,16626,1103,179,432,16626,1561,1593,1733,1728,-138,684,-152,754,-34,1182,244,146
40203,-448,-285,55,363,1482,-26589,3010,-2990,-522,13,0,-6440,439,0,16626,1114,224,432,16626,1549,1588,1748,1722,-35,665,-39,741,-87,1129,255,142
40250,-1019,-354,116,209,961,-21951,5818,-2380,-511,-23,0,-6880,79,0,16532,1111,210,423,16532,1573,1570,1748,1715,-61,605,-68,672,-84,1049,255,143
40303,-1072,48,-76,294,988,-22195,6001,-3234,-569,11,-2,-7600,79,0,16579,1157,342,428,16579,1563,1568,1754,1721,-158,471,-183,545,-263,859,255,143
40350,-1154,361,177,80,1015,-25064,7344,-1159,-604,38,-2,-8080,79,0,16579,1176,394,428,16579,1579,1578,1741,1714,-152,301,-179,354,-280,748,255,144
40403,-1622,680,-32,339,1341,-26467,-529,-1281,-594,66,0,-8440,79,0,16579,1209,463,428,16579,1570,1586,1734,1721,-195,224,-236,271,-186,686,255,144
40450,-1858,721,148,183,1304,-22744,569,-3417,-574,69,-2,-8440,79,0,16579,1215,522,428,16579,1562,1562,1756,1725,-257,140,-312,170,-204,511,255,144
40503,-1987,1199,-138,120,904,-20791,-1505,-4333,-493,108,-2,-7640,39,0,16626,1238,560,432,16626,1553,1557,1761,1730,-212,-28,-263,-35,-186,333,255,148
40550,-1954,1008,143,87,952,-17984,-2848,-1708,-415,94,-2,-6720,79,0,16579,1268,549,428,16579,1566,1577,1735,1730,-292,-194,-371,-247,-280,76,255,146
40603,-2144,695,-170,186,1475,-9622,-1322,-2502,-360,64,0,-6280,39,0,16626,1298,561,432,16626,1580,1556,1753,1723,-289,-339,-375,-440,-266,-171,255,148
40650,-1943,268,138,120,1294,-7485,2949,-3356,-350,26,0,-5960,39,0,16626,1322,555,432,16626,1579,1543,1767,1719,-299,-381,-395,-504,-243,-194,255,146
40703,-1592,179,118,189,884,-9927,447,-3845,-314,22,0,-5200,79,0,16579,1336,547,428,16579,1556,1558,1756,1736,-295,-636,-394,-850,-303,-463,255,144
40750,-1531,-11,218,45,982,-5105,-2543,-3051,-264,9,0,-4560,119,0,16579,1358,529,428,16579,1568,1553,1744,1739,-325,-615,-441,-835,-289,-527,255,145
40803,-1332,81,-47,178,1175,3317,4414,-4150,-110,14,0,-2600,79,0,16626,1388,501,432,16626,1581,1524,1771,1726,-284,-830,-394,-1152,-361,-888,255,145
40850,-1145,-177,136,-68,1137,14364,3193,-1586,96,-8,0,-39,79,0,16579,1398,453,428,16579,1594,1543,1751,1719,-120,-801,-168,-1120,-127,-969,255,144
40903,108,-263,223,211,964,19552,2888,-2075,74,-16,-2,959,79,0,16579,1385,379,428,16579,1582,1543,1747,1729,-307,-1116,-425,-1546,-357,-1457,255,145
40950,740,82,-22,-207,1294,15280,2400,-183,197,10,-2,2999,39,0,16579,1401,337,428,16579,1571,1581,1741,1718,-480,-1346,-673,-1886,-518,-1642,255,145
41003,1250,-131,86,-151,1017,26876,1912,-1647,194,-7,-2,3480,39,0,16626,1403,341,432,16626,1606,1525,1752,1725,-443,-1329,-622,-1865,-477,-1798,255,148
41050,2118,-150,22,-7,680,27426,-773,244,258,-6,0,5079,79,0,16579,1436,343,428,16579,1594,1562,1736,1718,-332,-1351,-477,-1940,-343,-1836,255,142
41103,2617,2,32,-15,1128,29501,5025,-1281,284,0,0,5880,0,0,16579,1429,295,428,16579,1596,1538,1748,1724,-519,-1425,-742,-2037,-607,-1940,255,141
41150,3117,85,-55,-298,961,34750,-2787,-427,321,-16,-2,6800,-279,0,16626,1446,287,432,16626,1605,1541,1737,1729,-477,-1500,-690,-2170,-399,-2090,244,149
41203,3942,-333,48,37,1151,38473,-3580,-305,416,-88,0,8719,-680,0,16579,1462,262,428,16579,1604,1542,1729,1733,-504,-1862,-737,-2722,-442,-2533,255,148
41250,4519,-527,47,-159,1143,39755,1912,488,436,-133,0,9519,-1000,0,16532,1464,245,423,16532,1609,1544,1741,1711,-505,-1868,-740,-2735,-478,-2589,255,150
41303,5038,-295,51,-47,1046,41708,7039,-1220,579,-147,0,11680,-1400,0,16579,1475,240,428,16579,1589,1544,1741,1733,-608,-1848,-898,-2725,-731,-2576,255,152
41350,5192,128,-70,14,1204,38290,9541,-671,674,-142,0,12920,-1760,0,16626,1484,253,432,16626,1583,1555,1749,1717,-305,-1371,-453,-2035,-428,-2053,255,150
41403,5750,278,145,-1,1061,47018,8198,-1037,691,-129,0,13680,-1760,0,16159,1503,279,392,16159,1595,1517,1738,1718,-574,-1676,-862,-2520,-717,-2497,255,151
41450,6478,407,-240,-38,1278,46347,7344,488,1054,-48,10,18560,-960,0,14273,1527,336,224,14273,1529,1519,1692,1665,-599,-815,-915,-1245,-781,-1610,255,150
41503,6710,349,0,-262,1097,70944,5696,-671,1062,-39,23,18880,-800,0,13248,1562,368,128,13248,1565,1408,1670,1647,-492,-947,-769,-1479,-592,-2185,255,149
41550,8512,118,25,-145,1068,72714,508,1281,936,6,35,19240,-40,0,11940,1581,312,0,11940,1570,1454,1664,1623,-442,-1119,-699,-1770,-377,-2395,234,144
41603,9252,-923,238,-33,476,55258,-9074,1525,896,-91,37,19519,-120,0,11940,1617,342,0,11940,1496,1468,1592,1629,-610,-1207,-986,-1952,-451,-2172,255,149
41650,9421,-1766,359,117,318,52816,-1566,610,605,-164,56,16359,-120,0,11389,1650,355,0,11389,1548,1375,1582,1610,-378,-1308,-623,-2158,-393,-2232,244,150
41703,9732,-1118,-49,19,691,36520,6856,122,665,-101,56,17360,-40,0,11081,1693,316,0,11081,1422,1489,1604,1578,-118,-817,-200,-1384,-238,-1455,224,146
41750,8430,-570,59,70,346,27548,2949,1403,810,-53,54,17720,-40,0,11042,1705,245,0,11042,1445,1487,1578,1585,-455,-1209,-776,-2061,-655,-1772,224,145
41803,6472,-866,176,-219,392,50131,-1078,610,908,-79,41,16880,-40,0,11081,1730,162,0,11081,1518,1382,1579,1603,-645,-988,-1116,-1709,-626,-1863,255,148
41850,6864,-803,-6,146,1179,57333,569,-2380,1132,-77,0,19840,-80,0,12060,1743,114,11,12060,1465,1416,1653,1641,-567,-732,-989,-1276,-548,-1783,255,147
41903,7442,-1290,-239,153,1046,62765,5452,2014,1057,-112,2,19559,0,0,12020,1777,117,7,12020,1530,1419,1620,1616,-659,-840,-1172,-1492,-755,-1935,193,149
41950,7440,-1931,204,-124,694,64352,11311,610,575,-165,0,14040,39,0,12020,1793,75,7,12020,1612,1283,1653,1613,-667,-854,-1196,-1531,-710,-1827,224,147
42003,8933,-1288,-65,-82,1039,26632,7954,1159,-399,-108,0,4359,39,0,12020,1792,85,7,12020,1566,1358,1628,1620,-594,-200,-1065,-358,-733,-665,214,145
42050,9144,-574,-126,222,1180,-37149,874,4638,-798,-46,2,0,39,0,12791,1753,-159,83,12791,1488,1551,1603,1632,-467,-188,-819,-329,-666,91,244,141
42103,5555,-1046,45,-96,985,-84756,6489,183,-523,-87,2,-440,39,0,14844,1634,-611,276,14844,1434,1634,1689,1687,-358,24,-586,40,-472,1503,255,141
42150,816,-85,39,180,1141,-50698,-6693,671,-242,-4,2,-1959,39,0,16673,1536,-1051,435,16673,1595,1540,1679,1727,-426,-207,-655,-319,-592,864,244,144
42203,-2001,-1381,-95,116,1588,-10537,-2238,-244,-104,-117,2,-3200,39,0,18409,1471,-1250,580,18409,1661,1556,1743,1754,-678,363,-998,534,-639,547,255,150
42250,-1872,-587,-104,-69,1065,-15847,14058,-610,-147,-47,2,-3560,39,0,18458,1386,-1242,584,18458,1626,1620,1792,1732,-746,431,-1034,598,-937,587,234,150
42303,-1569,-109,-109,-140,1461,-20852,8504,-3356,-250,-6,2,-4440,39,0,18409,1317,-1270,580,18409,1623,1584,1796,1756,-275,348,-362,459,-423,712,255,149
42350,-1283,-671,99,448,891,-31777,11983,-2258,-275,-58,2,-4440,0,0,18458,1274,-1219,584,18458,1607,1611,1799,1740,-797,604,-1015,770,-880,1143,255,148
42403,-2257,-270,-22,-18,1118,-31900,16743,-1586,-120,-100,-2,-3640,-880,0,18508,1183,-1151,587,18508,1604,1625,1796,1744,-669,583,-791,690,-961,1140,255,154
42450,-2266,-295,215,259,1040,-26223,20283,0,-8,-186,-2,-2360,-1840,0,18508,1142,-1094,587,18508,1617,1632,1790,1735,-839,1076,-958,1229,-1129,1566,255,152
42503,-2200,769,233,11,1006,-16763,23274,-488,24,-100,-2,-1920,-1920,0,19973,1117,-956,704,19973,1652,1650,1822,1757,-818,1153,-914,1288,-1224,1446,255,152
42550,-1894,1342,14,155,1328,-12124,14241,732,-9,26,0,-2000,-1040,0,19973,1062,-795,704,19973,1657,1666,1815,1755,-747,1376,-793,1461,-976,1576,255,148
42603,-1030,1316,117,436,828,-23110,5635,854,-234,100,-4,-3719,-160,0,19973,1029,-687,704,19973,1651,1670,1806,1766,-662,1548,-681,1593,-761,1951,255,150
42650,-1601,1045,-126,-211,1692,-30191,447,793,-212,115,-4,-4040,279,0,20024,1003,-546,708,20024,1639,1684,1809,1765,-420,1553,-421,1560,-474,2069,255,151
42703,-2056,626,-232,-91,1554,-25918,8442,2197,-169,232,0,-3999,2040,0,19921,952,-515,699,19921,1657,1682,1825,1725,-660,1902,-628,1811,-807,2355,255,150
42750,-2009,455,231,133,1221,-29519,5879,366,-51,217,0,-2600,2040,0,18163,941,-396,560,18163,1576,1663,1793,1711,-610,1515,-574,1426,-674,1983,255,147
42803,-2441,351,-160,195,1652,-19570,-14628,2136,10,282,0,-2320,2879,0,16067,923,-275,383,16067,1556,1612,1717,1687,-382,1573,-353,1452,-127,1914,255,150
42850,-2420,-831,10,-218,1060,-15847,-29215,3845,123,220,0,-1000,3359,0,14978,886,-328,287,14978,1505,1630,1679,1661,-499,1769,-442,1567,68,2004,255,149
42903,-2169,-1963,26,-140,1211,-9805,-21647,915,164,362,0,-279,6120,0,14978,881,-286,287,14978,1521,1582,1718,1654,-309,1691,-272,1490,68,1862,244,147
42950,-1138,-2333,198,282,1126,7406,-29765,854,71,470,0,-320,7719,0,15022,853,-295,291,15022,1559,1546,1707,1666,-352,2359,-301,2012,177,2261,255,146
43003,1144,-2949,-238,97,912,3622,-51066,2624,-99,503,2,0,8719,0,14978,854,-253,287,14978,1556,1574,1662,1687,-133,1578,-114,1347,757,1514,255,143
43050,2034,-4464,-280,15,692,-13833,-55949,1159,-177,339,2,0,8360,0,14933,824,-365,284,14933,1495,1608,1664,1699,-454,1415,-374,1166,530,1420,255,146
43103,1955,-5851,104,99,1117,-11575,-28300,2075,-177,295,-2,-80,9240,0,14978,794,-325,287,14978,1541,1579,1720,1633,-367,1337,-291,1062,126,1539,244,149
43150,1835,-5596,-145,107,1297,-6753,-19083,732,-135,230,-2,279,8239,0,15022,783,-311,291,15022,1553,1553,1704,1668,-584,1574,-457,1232,-195,1789,255,150
43203,1806,-6181,58,-53,223,-4373,-28422,3967,-129,-12,0,320,6039,0,15022,775,-343,291,15022,1562,1590,1637,1695,-539,2487,-417,1927,-43,2563,255,146
43250,1958,-6748,400,-10,692,-6326,-3519,-793,-212,-424,-2,-479,1879,0,16532,771,-293,423,16532,1576,1585,1726,1722,-408,1662,-314,1281,-183,1799,255,150
43303,1863,-5303,75,-15,803,-13955,27546,2014,-239,-386,-2,-880,880,0,16579,772,-240,428,16579,1578,1621,1742,1676,105,1127,81,870,-375,1371,255,145
43350,1497,-2795,19,-276,1286,-23233,29194,2197,-280,-219,-2,-1720,279,0,16767,726,-308,444,16767,1565,1644,1737,1686,-240,907,-174,658,-809,1239,255,150
43403,1255,-937,126,103,803,-25735,24129,-2502,-263,-57,0,-1760,279,0,16767,712,-301,444,16767,1544,1606,1765,1708,566,35,403,24,145,484,255,141
43450,521,463,49,-5,1338,-19082,10396,-610,-202,54,0,-1800,160,0,16909,696,-275,455,16909,1571,1609,1749,1711,-211,1228,-147,854,-444,1665,244,143
43503,322,350,-22,71,585,-23416,8687,-3417,-181,44,0,-1760,160,0,16861,673,-301,452,16861,1522,1617,1767,1724,-463,1155,-312,777,-615,1563,224,143
43550,151,1355,-311,84,413,-13223,-4740,-6286,-201,-105,-2,-2160,-2560,0,16814,662,-256,448,16814,1531,1564,1744,1776,-713,1424,-472,943,-715,1585,255,151
43603,422,-145,240,-102,1343,-13223,-2482,244,-176,-291,-2,-1600,-3200,0,16956,624,-242,459,16956,1558,1629,1718,1740,-1137,1966,-709,1226,-1094,2196,255,154
43650,-122,-89,103,-68,1293,-22683,8076,-3112,-202,-402,-4,-2440,-4520,0,16956,636,-217,459,16956,1523,1613,1737,1756,-121,499,-77,317,-301,954,163,148
43703,-280,677,-291,324,897,-29458,16011,-61,-244,-338,-2,-3080,-4560,0,16909,642,-107,455,16909,1544,1634,1758,1703,-896,1109,-575,712,-1175,1624,234,151
43750,-465,1380,-339,-33,1215,-16946,24800,-2136,-270,-214,-2,-3560,-3840,0,16767,639,-15,444,16767,1555,1590,1783,1693,-380,1123,-243,718,-792,1428,255,153
43803,107,1768,139,142,1145,-14749,13692,1770,-292,-145,0,-3240,-3440,0,16814,649,29,448,16814,1588,1611,1718,1720,-974,937,-632,608,-1213,1194,234,148
43850,-5,1723,-46,250,1047,-23355,874,2258,-303,-118,-2,-3480,-3080,0,16673,632,9,435,16673,1567,1634,1721,1711,-1151,2018,-727,1275,-1176,2462,255,148
43903,-650,1708,-83,0,729,-18838,5696,2807,-253,-67,-14,-3560,-2480,0,16673,651,81,435,16673,1567,1626,1736,1694,-1039,2166,-676,1410,-1138,2495,224,149
43950,-1051,2033,-15,-90,870,-12063,9724,-2258,-114,-38,-2,-2360,-2480,0,13332,684,236,136,13332,1435,1524,1697,1646,-1412,2472,-966,1691,-1516,2748,224,153
44003,-969,2001,-1,77,1071,-3274,-4923,2380,81,-38,0,-39,-2440,0,12220,675,243,27,12220,1443,1540,1608,1642,-1399,2087,-944,1408,-1313,2144,224,144
44050,-436,1224,-22,136,1384,12350,-6510,3051,38,-172,0,0,-3200,0,12060,692,267,11,12060,1500,1482,1603,1625,-1458,1491,-1009,1031,-1302,1427,204,146
44103,377,773,-163,-153,1131,9115,13325,1647,-29,-211,-4,39,-3200,0,12100,711,249,15,12100,1452,1501,1659,1584,-799,1413,-568,1005,-1032,1254,214,146
44150,522,484,160,-163,272,12167,17048,2807,-14,-181,2,360,-2560,0,12100,720,130,15,12100,1476,1502,1628,1596,-1240,1550,-893,1116,-1517,1383,255,146
44203,1147,1202,52,262,789,10397,9175,2014,4,-10,2,1199,-1320,0,12100,702,-52,15,12100,1466,1502,1654,1577,-1156,1507,-812,1057,-1316,1325,255,143
44250,1938,539,69,164,712,16073,264,4211,-130,-40,0,439,-1000,0,12504,689,-153,56,12504,1541,1481,1605,1618,-1029,1279,-709,881,-1196,1177,234,143
44303,2996,981,-16,137,471,6735,-1261,-244,-257,-1,-2,39,-1000,0,13756,676,-274,175,13756,1520,1506,1673,1658,-1184,1383,-800,935,-1162,1265,193,145
44350,2058,1271,-67,-286,1145,265,-1749,4455,-176,-7,0,39,-1360,0,15202,648,-340,307,15202,1579,1588,1678,1656,-1069,1219,-692,789,-1021,1294,255,146
44403,1563,1001,157,-59,540,4965,-11149,2868,-132,-31,-2,39,-1360,0,15202,639,-364,307,15202,1586,1560,1657,1695,-1123,1176,-717,751,-929,1089,255,147
44450,2146,69,7,141,703,5880,-4740,2258,-187,-109,-2,0,-1320,0,15246,598,-468,311,15246,1572,1570,1680,1681,-1016,1120,-607,669,-945,911,234,141
44503,3001,195,-212,290,894,-2175,6856,3295,-258,-108,-2,39,-1440,0,15291,583,-497,316,15291,1581,1578,1688,1662,-1128,1160,-657,676,-1248,1198,214,148
44550,2869,-419,171,230,1316,-3823,3071,1220,-257,-155,-2,-80,-1360,0,15291,540,-542,316,15291,1576,1555,1695,1675,-829,952,-447,514,-785,1063,193,147
44603,2349,-606,60,-163,1376,-7913,-4740,2624,-208,-161,0,-39,-1240,0,15246,550,-467,311,15246,1569,1583,1666,1686,-921,796,-506,438,-838,934,193,146
44650,1829,-1097,117,-97,827,-3701,9419,976,-163,-196,0,-39,-1160,0,15246,510,-467,311,15246,1569,1563,1692,1677,-1061,802,-542,409,-1262,881,132,146
44703,1291,-316,-117,-160,1115,-2847,19612,793,-116,-132,-2,-39,-1200,0,15202,487,-425,307,15202,1562,1564,1724,1644,176,166,85,81,-166,216,204,144
44750,1339,-107,-36,-41,487,692,9724,1953,-120,-110,-2,-39,-1160,0,15112,476,-477,300,15112,1578,1563,1679,1675,-632,469,-301,223,-896,429,214,143
44803,1740,21,-184,127,1009,-1565,16743,1342,-151,-102,-2,0,-1200,0,15112,446,-458,300,15112,1573,1558,1700,1658,-520,462,-232,206,-813,489,214,144
44850,1494,-364,53,200,1441,-772,12044,1220,-130,-133,0,0,-1160,0,15112,405,-520,300,15112,1573,1559,1702,1655,-434,134,-176,54,-523,126,214,141
44903,916,-320,68,-201,767,570,-10783,1647,-83,-125,-2,-39,-1120,0,15112,418,-536,300,15112,1572,1565,1647,1706,-581,-39,-243,-16,-393,-49,142,143
44950,1048,-784,-43,-155,888,5636,-11271,1708,-94,-110,-2,-39,-480,0,15112,387,-417,300,15112,1588,1546,1661,1687,-581,-39,-225,-15,-393,-49,0,143
45003,1031,-1751,150,-144,814,13510,2217,-61,-93,-156,0,-39,-40,0,15022,378,-460,291,15022,1596,1516,1697,1671,-581,-39,-219,-14,-393,-49,0,140
45050,1548,-1245,-91,-51,1244,20162,-3764,-366,-138,-108,14,-39,0,0,15067,314,-468,296,15067,1626,1488,1660,1702,-581,-39,-182,-12,-393,-49,0,142
45103,2092,-1579,-96,135,988,20590,3926,-4455,-49,-144,0,1519,-80,0,18212,232,-635,564,18212,1614,1545,1763,1740,-581,-39,-134,-9,-393,-49,0,141
45150,2902,-1578,100,129,1084,24801,3560,-366,-89,-109,2,1879,320,0,18212,282,-572,564,18212,1683,1573,1753,1745,-581,-39,-164,-11,-393,-49,0,142
45203,3254,-828,186,8,927,22604,-2116,-3540,-119,32,2,1879,1199,0,18163,211,-519,560,18163,1662,1549,1756,1771,-581,-39,-122,-8,-393,-49,0,139
45250,3765,-430,-208,-24,1098,11862,-5411,-6469,-98,136,2,2639,2000,0,18163,158,-468,560,18163,1617,1557,1785,1774,-581,-39,-91,-6,-393,-49,0,142
45303,3665,-1004,-159,70,1072,9725,-15238,-3906,-124,90,-4,2239,2040,0,18359,217,-293,576,18359,1649,1553,1756,1786,-581,-39,-126,-8,-393,-49,0,144
45350,3561,-2021,-141,-62,1326,5331,-12125,-7690,-111,39,-2,2279,2479,0,18310,190,-209,571,18310,1627,1525,1784,1801,-581,-39,-110,-7,-393,-49,0,145
45403,3023,-2294,-6,53,969,2218,-9989,-6164,-64,44,-2,2279,2799,0,18310,180,-126,571,18310,1624,1546,1783,1789,-581,-39,-104,-7,-393,-49,0,139
45450,2512,-2199,-66,34,1126,936,-9318,-2685,-65,52,-4,1759,2799,0,18310,194,-72,571,18310,1646,1564,1763,1778,-581,-39,-112,-7,-393,-49,0,139
45503,2135,-2577,67,18,1188,-5960,-6876,-4577,-99,-18,0,999,2360,0,17242,209,92,484,17242,1632,1552,1768,1789,-581,-39,-121,-8,-393,-49,0,138
45550,1529,-2415,-78,-33,1155,-13101,4963,-2746,-49,-1,0,959,2400,0,16579,254,359,428,16579,1576,1552,1753,1725,-581,-39,-147,-9,-393,-49,0,140
45603,1125,-1531,-68,60,917,-13223,569,-732,44,152,-2,1640,3279,0,15112,250,406,300,15112,1575,1573,1735,1723,-581,-39,-146,-9,-393,-49,0,138
45650,412,-1423,-29,-44,983,-14443,-5839,-2319,107,168,0,1640,3359,0,15112,263,456,300,15112,1539,1516,1704,1715,-581,-39,-153,-10,-393,-49,0,142
45703,-16,-1421,-167,-82,967,-10964,-5778,-305,81,190,-2,920,3599,0,13374,313,458,139,13374,1504,1484,1674,1651,-581,-39,-182,-12,-393,-49,0,141
45750,-411,-1448,-383,-137,1111,-11270,7344,-976,116,198,-2,920,3719,0,12708,335,388,76,12708,1490,1489,1704,1630,-581,-39,-194,-13,-393,-49,0,143
45803,-701,-749,-28,263,1163,-4129,-407,549,75,259,0,160,3719,0,12382,331,429,44,12382,1504,1442,1649,1624,-581,-39,-192,-12,-393,-49,0,136
45850,-1363,-1292,45,46,896,-5349,-20243,1586,132,176,-4,160,3320,0,12341,302,184,40,12341,1485,1474,1596,1664,-581,-39,-175,-11,-393,-49,0,140
45903,-1670,-2593,83,68,699,-8645,-13407,366,163,0,-2,199,2600,0,12301,345,186,36,12301,1459,1481,1623,1649,708,-150,244,-52,942,0,112,135
45950,-2295,-2570,-57,-105,625,-5166,-2177,2685,217,0,-2,199,2560,0,12341,372,142,40,12341,1484,1496,1632,1613,1238,-383,460,-142,1316,-295,142,144
46003,-2081,-2215,-99,81,1043,-1443,6367,3112,195,19,-6,160,2439,0,13500,348,118,152,13500,1528,1519,1670,1622,1406,-256,489,-89,1349,-170,0,141
46050,-1833,-2215,23,106,807,1730,203,1953,62,89,-2,-1119,3239,0,13458,405,143,148,13458,1532,1500,1658,1642,1406,-256,569,-103,1349,-170,0,140
46103,-1215,-1782,18,168,968,-6814,-8097,2929,-201,221,0,-3520,4319,0,13500,333,-44,152,13500,1550,1499,1647,1639,1406,-256,468,-85,1349,-170,0,144
46150,-1215,-2150,-32,93,949,-16152,-18168,976,-319,196,0,-4880,4400,0,13927,320,-56,192,13927,1530,1520,1652,1677,1406,-256,450,-82,1349,-170,0,145
46203,-1787,-2793,122,76,1177,-28298,-17435,1953,-304,59,-2,-5279,3480,0,14491,343,-172,244,14491,1529,1562,1651,1689,1406,-256,482,-87,1349,-170,0,148
46250,-2764,-3017,-160,68,1358,-21768,-6327,2624,49,-74,-2,-2200,2159,0,14933,350,-163,284,14933,1539,1583,1664,1686,1406,-256,492,-89,1349,-170,0,147
46303,-3065,-2882,190,151,1225,-6570,11128,915,162,-230,-4,-1200,239,0,15112,327,-281,300,15112,1544,1559,1692,1682,1406,-256,459,-83,1349,-170,0,146
46350,-2805,-1776,-98,233,1438,8749,16072,1647,202,-137,-4,-479,199,0,15157,301,-304,304,15157,1575,1546,1696,1675,1406,-256,423,-77,1349,-170,0,145
46403,-1830,-865,295,-17,755,13876,24922,-427,152,-65,0,-80,119,0,15563,261,-318,340,15563,1574,1542,1732,1675,1406,-256,367,-66,1349,-170,0,141
46450,-690,-43,285,44,725,15158,10945,-671,56,6,0,-39,119,0,15700,269,-387,352,15700,1588,1531,1718,1698,1406,-256,378,-68,1349,-170,0,135
46503,217,748,-157,72,1118,5697,-651,2136,-18,75,-4,0,119,0,15654,205,-353,347,15654,1581,1569,1686,1697,1406,-256,288,-52,1349,-170,0,135
46550,490,600,-59,-6,1066,-4129,6489,793,-46,62,-2,-39,119,0,15654,222,-344,347,15654,1561,1575,1715,1683,1406,-256,312,-56,1349,-170,0,136
46603,149,646,40,-221,1011,3561,2949,61,28,66,-2,479,119,0,15700,186,-357,352,15700,1581,1548,1711,1697,1406,-256,261,-47,1349,-170,0,134
46650,408,786,-140,-105,1210,13327,386,1953,79,75,-2,1319,79,0,17242,192,-278,484,17242,1642,1583,1730,1718,1406,-256,270,-49,1349,-170,0,138
46703,1232,551,168,195,1407,18026,5025,2929,4,121,-2,1280,839,0,20024,211,-53,708,20024,1709,1648,1804,1735,1406,-256,296,-54,1349,-170,0,138
46750,1523,320,10,-403,1354,18209,-5595,-1770,24,185,-4,1800,1800,0,20076,168,-90,712,20076,1679,1626,1795,1797,1406,-256,236,-43,1349,-170,0,142
46803,2638,-338,20,-206,1057,21078,-3031,1464,-48,130,-2,2079,1840,0,20076,222,82,712,20076,1714,1629,1794,1765,1406,-256,312,-56,1349,-170,0,142
46850,3094,91,-240,-170,1195,16439,-11149,1159,-102,175,-4,1919,1919,0,20076,257,320,712,20076,1707,1631,1781,1782,1406,-256,361,-65,1349,-170,0,145
46903,3152,-269,-67,34,1284,8444,-13224,732,-104,147,-2,1959,1959,0,20076,194,314,712,20076,1701,1637,1788,1780,1406,-256,272,-49,1349,-170,0,142
46950,2752,-1246,40,-104,969,1852,-14201,-2868,-76,58,-4,1879,1919,0,20076,255,549,712,20076,1671,1621,1797,1806,1406,-256,358,-65,1349,-170,0,143
47003,2269,-1924,238,21,1004,-5593,-4313,-2685,-30,-31,-2,1919,1559,0,20076,345,650,712,20076,1664,1630,1806,1796,1406,-256,485,-88,1349,-170,0,144
47050,1566,-1986,-308,-235,1748,-6448,-956,-2929,16,-124,-2,1759,559,0,19665,400,829,679,19665,1653,1619,1792,1799,1406,-256,562,-102,1349,-170,0,146
47103,1580,-1823,-383,-127,1389,-3274,7954,-3723,-50,-145,-2,999,160,0,18212,380,871,564,18212,1634,1555,1776,1770,138,-1488,52,-565,0,-1431,224,145
47150,1385,-1181,-179,-14,1218,-7485,17903,-3417,-99,-89,-2,239,160,0,16392,435,917,412,16392,1581,1526,1772,1705,138,-1488,60,-647,0,-1431,0,142
47203,998,-540,-162,26,1072,-5899,8381,-2258,-66,-40,-2,239,79,0,15022,480,955,291,15022,1547,1506,1715,1699,433,-2260,208,-1084,287,-2157,214,143
47250,807,-246,182,96,1084,-5654,5879,244,-56,-10,-4,160,119,0,14978,535,973,287,14978,1556,1526,1707,1677,430,-2216,230,-1186,379,-2167,234,141
47303,374,-141,-67,21,947,-7058,-223,-122,-18,-1,-2,160,119,0,13416,577,942,143,13416,1533,1502,1682,1670,479,-1941,276,-1120,483,-1818,234,140
47350,-314,-255,34,-22,951,-5776,-1932,427,34,-15,-2,79,79,0,13458,608,888,148,13458,1514,1494,1654,1666,150,-1701,91,-1034,98,-1630,255,137
47403,-385,-145,-57,72,1099,-3701,-2787,2624,72,-2,-2,439,119,0,13416,668,857,143,13416,1527,1513,1643,1648,479,-678,320,-453,527,-614,255,139
47450,-1070,-823,-55,22,827,-3030,-5289,1220,236,-64,-2,1640,79,0,13458,722,836,148,13458,1496,1526,1647,1661,346,-1430,250,-1032,432,-1383,244,144
47503,-1559,-1397,-57,85,883,7040,-4801,3234,366,-118,-4,2639,39,0,13416,772,838,143,13416,1529,1521,1634,1648,226,-1272,174,-982,310,-1395,255,144
47550,-1807,-1503,-17,-31,884,16073,813,2868,594,-127,0,5000,39,0,13458,823,750,148,13458,1507,1545,1643,1642,496,-1099,408,-904,449,-1391,244,143
47603,-1145,-1036,-110,122,1011,30844,3377,2624,843,-83,-2,8520,79,0,13458,868,787,148,13458,1519,1530,1645,1643,506,-988,439,-858,447,-1527,255,145
47650,-436,-1469,78,-57,870,46957,-1078,3662,980,-170,-4,10799,-480,0,13374,910,713,139,13374,1532,1530,1601,1670,476,-1588,433,-1445,369,-2354,255,148
47703,1977,-1367,4,-121,827,56600,7893,3234,857,-224,0,11800,-1200,0,13500,932,662,152,13500,1568,1493,1637,1638,637,-477,594,-445,500,-1465,255,145
47750,2964,-986,213,-168,808,50924,16865,3417,865,-211,-2,12879,-1440,0,13416,969,596,143,13416,1532,1533,1642,1628,379,-1500,367,-1454,-8,-2431,255,149
47803,4097,26,-109,179,1011,49642,18513,2685,277,-126,-4,7279,-1480,0,13416,965,444,143,13416,1643,1382,1654,1625,331,-1418,320,-1369,8,-2285,255,146
47850,5536,567,102,171,1273,32675,5513,4211,-231,46,-4,2879,-40,0,13798,988,436,179,13798,1624,1467,1647,1630,81,-1046,80,-1033,0,-1746,255,140
47903,5893,615,43,5,866,-14138,-9135,1464,-448,50,-2,759,-40,0,13841,1014,418,184,13841,1528,1535,1636,1669,294,-978,299,-992,454,-732,255,139
47950,3761,-252,-290,75,1321,-32998,1484,610,-303,-29,-2,279,-80,0,13841,1044,326,184,13841,1509,1544,1669,1647,402,-742,419,-775,444,-119,255,143
48003,1193,-270,38,19,1176,-19876,3926,2014,-93,-23,-2,120,0,0,13841,1053,259,184,13841,1549,1526,1667,1631,476,-512,502,-539,408,-165,255,139
48050,-67,-305,-208,140,1061,-8584,5147,2258,12,-26,-4,79,0,0,13927,1052,171,192,13927,1550,1531,1670,1626,327,-461,344,-485,342,-342,255,138
48103,-514,-679,-15,49,809,-2114,-285,3417,48,-59,-4,39,0,0,13927,1064,160,192,13927,1566,1537,1641,1645,428,-470,456,-500,433,-433,255,136
48150,-587,-877,111,-98,572,-2053,325,2990,54,-76,-4,39,0,0,13927,1062,98,192,13927,1559,1537,1639,1649,432,-476,458,-505,418,-410,255,135
48203,-512,-916,-55,46,932,-2847,5635,3540,48,-79,-2,39,0,0,14056,1066,53,204,14056,1562,1549,1645,1637,413,-356,440,-379,315,-306,255,135
48250,-639,-585,2,-150,1093,-2786,3377,3356,55,-47,0,0,39,0,14056,1051,-14,204,14056,1563,1551,1631,1652,596,-330,626,-347,392,-264,255,136
48303,-751,-746,-76,-3,1175,-4434,10518,2807,62,-65,-4,-39,0,0,14978,1052,-94,287,14978,1574,1577,1683,1646,572,-194,602,-204,388,-116,255,139
48350,-316,-905,41,17,998,-6021,11067,2868,24,-75,0,-39,39,0,15472,1055,-107,332,15472,1589,1592,1698,1647,452,-161,476,-170,383,-68,255,137
48403,-383,-663,50,-14,1059,-7669,4353,3845,33,-54,-4,0,39,0,16345,1040,-93,408,16345,1608,1622,1686,1684,543,-40,564,-42,467,93,255,133
48450,-374,-257,-109,-198,1318,-7608,6245,2075,29,-19,-2,-39,39,0,17194,1043,-89,480,17194,1620,1612,1710,1696,685,-140,715,-146,496,68,255,140
48503,75,-218,226,252,1052,-5715,4475,1403,-41,-15,-4,-400,39,0,18212,1035,-77,564,18212,1650,1638,1744,1726,673,138,696,143,595,238,255,137
48550,405,501,-325,-39,1576,-11636,5635,427,-98,47,-2,-720,39,0,18261,1028,-8,567,18261,1640,1640,1749,1732,749,19,770,20,586,237,255,134
48603,235,184,-36,-90,1217,-10171,-5289,1159,-149,16,0,-1480,0,0,18310,1025,55,571,18310,1647,1645,1729,1745,731,161,750,165,824,339,255,137
48650,-52,112,-29,-56,985,-21279,1118,-1220,-128,16,-4,-1520,79,0,18261,1027,167,567,18261,1598,1663,1770,1732,790,283,811,290,824,560,255,139
48703,-253,-143,-134,40,1352,-16213,-1322,-122,-141,18,-2,-1880,360,0,18359,1019,147,576,18359,1633,1643,1749,1742,886,150,902,153,909,433,255,143
48750,-432,-285,27,36,727,-12612,-5534,-1831,-129,9,-2,-1920,399,0,18359,1027,236,576,18359,1620,1635,1760,1750,902,231,927,237,1039,447,255,141
48803,-683,-513,192,-162,1056,-15481,-3580,-1159,-114,77,0,-2000,1399,0,18359,1047,232,576,18359,1613,1652,1757,1747,757,-133,793,-139,819,136,255,147
48850,-327,-551,-29,228,1134,-7058,-15910,-1281,-62,168,-2,-1040,2479,0,18409,1052,312,580,18409,1625,1637,1742,1765,898,66,945,69,1081,195,255,144
48903,-125,-1104,-20,-97,1265,-5044,-11332,-2197,-16,161,-2,-320,2960,0,18409,1067,337,580,18409,1618,1632,1765,1752,533,127,569,135,731,215,255,145
48950,81,-1395,23,67,1304,-100,-13590,-3784,0,129,-2,79,2879,0,18359,1087,409,576,18359,1616,1610,1759,1775,743,320,808,348,918,338,255,136
49003,746,-1307,-102,-56,909,1486,-12858,-1708,-58,60,-2,79,2000,0,18409,1082,402,580,18409,1627,1625,1749,1766,976,222,1056,241,1201,196,255,142
49050,980,-1535,32,61,1092,-1077,-10111,-3112,-82,-43,0,39,1039,0,18409,1113,450,580,18409,1617,1618,1748,1781,1010,107,1125,119,1148,127,255,142
49103,1303,-1553,-9,194,883,-4312,-7059,-2929,-106,-83,-2,79,599,0,18310,1156,570,571,18310,1608,1622,1758,1768,903,79,1044,92,1027,155,244,140
49150,1241,-1199,13,-3,1307,-2236,-407,-3479,-101,-76,-2,79,320,0,18261,1176,639,567,18261,1617,1602,1761,1771,944,190,1110,224,943,281,255,140
49203,1298,-824,-34,328,1051,-1443,-9257,-2868,-109,-54,0,39,199,0,18261,1236,776,567,18261,1621,1608,1750,1777,848,171,1048,212,1009,196,255,142
49250,1118,-848,-49,-13,1310,-2908,-2299,-3417,-90,-67,-2,79,79,0,14978,1272,870,287,14978,1533,1524,1699,1709,836,37,1063,47,892,135,255,138
49303,1144,-245,-138,95,802,-1382,-4252,-1953,-92,20,0,79,479,0,13543,1315,855,155,13543,1507,1494,1667,1666,835,181,1099,238,910,205,255,138
49350,1122,-82,-7,-18,448,-1565,-3825,-1831,-97,66,-2,0,839,0,13416,1372,869,143,13416,1497,1496,1656,1672,789,55,1083,76,793,42,255,133
49403,1830,-591,89,112,256,-4678,-9379,610,-156,25,-2,39,880,0,13416,1436,869,143,13416,1526,1502,1614,1685,613,112,880,161,776,194,255,136
49450,1281,-728,71,117,1093,-4251,-9806,1403,-108,13,-4,39,880,0,13374,1490,906,139,13374,1521,1516,1625,1665,708,44,1056,65,891,146,255,137
49503,1022,-796,147,16,811,-6143,-7304,1525,-89,10,0,0,920,0,13416,1522,828,143,13416,1524,1520,1632,1655,518,207,788,315,645,314,255,134
49550,503,-454,-90,184,1411,-9439,4353,1220,-40,30,-2,39,799,0,13458,1538,692,148,13458,1507,1532,1663,1629,582,65,896,100,667,215,255,135
49603,341,-381,89,372,1116,-4067,-4252,2258,-22,40,-2,79,839,0,13416,1568,592,143,13416,1523,1527,1630,1645,742,-12,1164,-19,816,58,255,136
49650,-192,-1120,-204,-188,890,-6875,-2970,854,20,-24,-2,39,839,0,13416,1576,441,143,13416,1496,1539,1637,1657,685,108,1080,170,741,170,255,140
49703,-626,-379,-239,-97,1129,-5654,11494,793,58,33,-2,39,759,0,13416,1625,479,143,13416,1503,1532,1670,1624,578,12,940,21,377,111,244,135
49750,-1315,-189,221,106,745,1425,10029,1586,114,140,-2,0,1800,0,13374,1626,361,139,13374,1523,1527,1663,1623,581,-84,945,-138,350,-34,255,139
49803,-1280,950,-20,-49,783,5880,-6388,-1098,115,313,-4,39,2639,0,13374,1654,330,139,13374,1496,1511,1651,1667,423,-50,700,-83,535,-152,255,140
49850,-720,171,183,-42,289,10031,-20243,793,300,461,-2,2720,5119,0,13416,1667,258,143,13416,1488,1547,1642,1653,408,-127,680,-212,721,-237,255,143
49903,-460,-553,-146,-299,992,15768,-23783,-2258,326,580,-4,3280,7200,0,13416,1691,258,143,13416,1485,1502,1680,1652,515,1,872,3,930,-273,244,142
49950,666,-1177,-119,196,991,24679,-27445,-1037,283,735,-4,3919,9600,0,13416,1705,231,143,13416,1510,1496,1702,1614,185,35,316,61,744,-426,244,143
50003,1568,-1741,-468,17,1465,22421,-40140,-976,320,762,-2,5239,10479,0,13458,1712,187,148,13458,1495,1511,1662,1655,463,-148,793,-254,1164,-539,255,149
50050,1972,-3494,250,138,800,18759,-45145,-244,260,641,0,4960,10839,0,13416,1747,261,143,13416,1508,1511,1639,1669,66,-214,115,-374,851,-553,255,145
50103,2382,-4461,81,66,744,18576,-44657,-1098,217,525,-2,4879,10479,0,13416,1739,191,143,13416,1506,1497,1631,1688,391,-179,680,-312,1170,-504,255,147
50250,3110,-5664,-166,0,973,9603,-15299,-1403,143,455,-4,4760,10880,0,13416,1777,104,143,13416,1493,1500,1690,1638,203,65,361,116,515,-160,255,143
50303,3036,-4905,-161,-85,1218,8505,-21586,-488,150,489,-2,4760,10520,0,13416,1777,88,143,13416,1498,1509,1656,1661,19,-20,34,-35,395,-168,255,143
50350,3168,-5805,239,130,364,8993,-21342,915,131,397,0,4679,10360,0,13416,1769,-9,143,13416,1525,1505,1643,1656,48,-26,85,-46,402,-107,234,139
50403,2917,-5065,104,-237,223,8261,-20243,915,157,462,-4,4719,10360,0,13416,1760,-119,143,13416,1513,1516,1657,1647,-183,0,-322,0,170,-144,234,143
50450,2904,-4785,132,67,1162,6002,-11820,488,147,455,-2,4600,10000,0,13458,1761,-149,148,13458,1502,1522,1686,1620,-227,39,-400,70,117,-66,255,143
50503,3108,-4721,-2,2,1349,5453,-14567,122,102,432,-2,4279,9679,0,13374,1758,-214,139,13374,1498,1516,1670,1638,-323,42,-569,75,-69,-52,224,140
50550,2762,-5210,-71,-120,1181,4965,-13285,-244,104,334,-2,3959,9040,0,13416,1736,-296,143,13416,1500,1512,1673,1641,-282,257,-490,446,-33,177,234,147
50603,1760,-4610,-293,-132,688,1058,-7670,488,90,184,-2,2799,6719,0,13374,1702,-366,139,13374,1501,1521,1658,1648,-640,8,-1090,14,-506,-9,224,142
50650,1933,-4638,228,32,480,5331,6550,-2746,2,150,-2,1959,6359,0,13416,1678,-514,143,13416,1499,1473,1702,1641,-219,92,-367,154,-234,8,244,139
50703,1868,-3363,112,195,856,1119,8320,0,-79,146,0,959,5039,0,13416,1634,-607,143,13416,1512,1504,1689,1620,328,169,536,276,183,149,255,136
50750,834,-2733,-241,-277,845,-8950,10823,2319,-23,61,-2,559,3439,0,13416,1613,-640,143,13416,1500,1548,1680,1601,-427,281,-689,454,-607,414,255,145
50803,204,-1184,2,-179,1248,-3518,19246,-1892,27,-23,-2,520,920,0,13458,1545,-775,148,13458,1494,1493,1698,1634,-453,455,-700,703,-789,516,255,143
50850,330,-496,-74,307,1164,6246,5208,3479,9,-15,-2,439,320,0,13543,1495,-900,155,13543,1548,1524,1636,1640,-425,267,-636,400,-720,197,255,139
50903,1080,-1109,-137,382,1124,2951,10823,-2319,-83,-72,-2,120,279,0,14056,1439,-1017,204,14056,1508,1507,1700,1665,-1394,379,-2006,546,-1583,328,255,150
50950,1256,121,-114,-47,427,-10903,24861,-488,-127,-129,-2,-199,-1600,0,14100,1377,-1179,208,14100,1503,1540,1722,1620,-1327,519,-1828,715,-1747,685,255,153
51003,1222,325,-160,-322,710,-6936,18818,-3784,1,-393,-2,1240,-4840,0,14889,1321,-1190,280,14889,1506,1532,1696,1722,-1184,304,-1565,401,-1513,425,255,151
51050,654,729,22,130,1064,387,29805,549,110,-610,-4,1919,-7720,0,14889,1251,-1224,280,14889,1524,1569,1706,1664,-1870,685,-2340,857,-2270,631,255,146
51103,755,1382,294,353,1116,570,50679,-3051,-10,-657,0,639,-8920,0,14889,1202,-1218,280,14889,1506,1537,1759,1647,-1593,624,-1915,750,-2478,614,255,148
51150,375,2572,204,-165,338,-1504,54463,-7324,30,-787,-2,720,-11600,0,14889,1149,-1138,280,14889,1468,1508,1748,1714,-1500,660,-1724,758,-2506,710,255,151
51203,1099,4138,-49,95,402,3561,65144,-4699,-109,-717,-4,-160,-12360,0,14889,1102,-1155,280,14889,1514,1497,1785,1647,-40,197,-44,217,-1177,135,255,148
51250,1104,5719,358,-106,1346,3195,65755,-8605,-288,-600,-2,-2200,-12600,0,14978,1043,-1108,287,14978,1496,1454,1802,1677,-470,358,-491,373,-1669,244,255,154
51303,1304,7265,64,-125,157,-13894,67586,-5004,-351,-633,-2,-2720,-14520,0,14978,996,-1144,287,14978,1491,1510,1790,1652,-541,269,-538,268,-1720,512,255,153
51350,538,8285,-53,424,1467,-15481,61116,-9338,-305,-564,-4,-2960,-14760,0,14978,939,-1146,287,14978,1460,1474,1811,1686,451,343,423,322,-626,510,255,150
51403,-698,8802,-102,411,1726,-15725,52937,-7629,-267,-537,-2,-3760,-14960,0,15022,884,-1033,291,15022,1467,1489,1801,1678,-977,1044,-863,923,-1901,1318,255,157
51450,-1077,9384,-191,-67,692,-25735,41890,-5676,-317,-416,-2,-4720,-14160,0,14978,804,-1182,287,14978,1466,1513,1790,1668,-1281,1179,-1030,948,-2089,1515,255,159
51503,-1488,8566,-199,-73,647,-26162,30293,-5859,-407,-306,-2,-6160,-12080,0,15022,758,-1271,291,15022,1492,1487,1794,1670,-2059,1497,-1561,1134,-2588,1953,255,160
51550,-2680,8129,104,-390,968,-20059,27485,-4882,-115,-121,-2,-3999,-9520,0,15112,705,-1275,300,15112,1459,1533,1811,1644,-2139,1719,-1508,1212,-2516,2037,255,159
51603,-2953,7547,-3,-289,1005,-15847,10945,-6713,-405,512,-4,-7600,-1680,0,15608,637,-1195,343,15608,1523,1467,1865,1621,-2007,1698,-1278,1082,-2198,1975,255,158
51650,-2851,6054,-174,-29,1626,-11270,-27018,-2014,203,629,-4,-520,1159,0,21923,588,-1200,852,21923,1557,1710,1849,1774,-2433,2584,-1431,1519,-2143,2829,244,157
51703,-2107,2938,10,205,1247,4354,-39774,793,222,570,2,439,3599,0,22302,540,-1180,880,22302,1702,1682,1852,1802,-2130,2552,-1150,1378,-1436,2476,112,149
51750,-1148,-42,-36,-356,1668,26388,-46671,-7446,135,376,-2,399,4359,0,23236,447,-1099,948,23236,1717,1620,1897,1882,-1556,1475,-695,659,-802,1135,173,151
51803,524,-2512,-191,-102,2177,39389,-56376,-2685,-17,196,0,320,4759,0,23292,387,-1035,952,23292,1750,1641,1863,1876,-2122,2427,-821,939,-1362,1959,0,150
51850,3047,-4638,89,234,1588,17721,-31351,-2075,-265,-38,-2,0,4199,0,23403,351,-848,959,23403,1721,1684,1895,1846,-2122,2427,-745,852,-1362,1959,0,147
51903,3675,-5282,284,299,795,4110,1484,-5371,-320,-317,-2,0,1640,0,23571,267,-838,972,23571,1724,1637,1899,1857,-2122,2427,-566,648,-1362,1959,0,145
51950,3649,-4546,200,153,744,16073,-1566,-3112,-332,-257,-2,-160,1599,0,23515,229,-726,968,23515,1757,1629,1896,1859,-2122,2427,-486,555,-1362,1959,0,150
52003,4014,-3767,-97,198,1605,2096,-7304,610,-395,-283,0,-520,520,0,23571,240,-528,972,23571,1751,1683,1870,1854,-2122,2427,-509,582,-1362,1959,0,146
52050,3556,-3405,140,42,1655,-30618,935,-1708,-436,-293,0,-1440,39,0,23459,204,-317,964,23459,1703,1707,1895,1850,-2122,2427,-433,495,-1362,1959,0,147
52103,1574,-2990,57,1,1071,-41848,4414,-1342,-528,-257,-2,-4480,39,0,23515,189,-123,968,23515,1720,1690,1885,1856,-2122,2427,-401,458,-1362,1959,0,147
52150,-199,-2521,-90,-53,1231,-45144,6306,-2868,-596,-216,-2,-7040,39,0,22629,260,158,903,22629,1694,1661,1888,1838,-2122,2427,-551,631,-1362,1959,0,149
52203,-1565,-1821,-18,176,1359,-54727,5208,-2868,-1161,60,-2,-14880,2519,0,21654,277,426,832,21654,1713,1595,1893,1801,-2122,2427,-588,672,-1362,1959,0,152
52250,-3525,-1403,-50,-92,1136,-86465,-7243,-2197,-1161,181,0,-16840,3480,0,21600,296,579,827,21600,1633,1687,1870,1819,-2122,2427,-628,718,-1362,1959,0,153
52303,-5446,-2729,373,218,747,-93301,-22684,-2258,-1043,61,0,-17400,3439,0,21600,372,761,827,21600,1643,1675,1834,1854,-2122,2427,-789,903,-1362,1959,0,152
52350,-7494,-3609,-92,-42,1365,-78591,-10844,-732,-860,-102,-2,-17360,2439,0,21654,393,839,832,21654,1668,1668,1843,1835,-2122,2427,-834,954,-1362,1959,0,154
52403,-8161,-3877,96,-254,1469,-60525,-11027,-1464,-422,-317,-2,-13000,239,0,21547,454,1008,824,21547,1625,1698,1833,1850,-281,-1761,-127,-799,-118,-515,0,155
52450,-8286,-3567,236,-43,824,-48318,11372,-3295,-146,-297,-2,-9960,160,0,19973,501,1230,704,19973,1579,1652,1858,1787,-978,1127,-490,565,-992,2058,244,152
52503,-7889,-2464,-71,-25,1448,-18411,1423,-366,112,-194,-2,-6600,239,0,19973,597,1363,704,19973,1637,1629,1810,1807,-938,2064,-560,1232,-962,2386,244,151
52550,-5788,-2250,88,88,1440,6185,-3031,549,187,-238,-2,-3640,-480,0,18261,659,1464,567,18261,1609,1591,1778,1769,-820,1437,-540,947,-729,1392,255,147
52603,-3438,-1644,-156,27,1284,-955,12044,-2807,69,-188,-2,-2640,-520,0,12341,735,1518,40,12341,1419,1467,1722,1667,-696,787,-511,578,-906,803,255,147
52650,-2507,-671,-11,86,1045,1486,3438,2929,100,-110,0,-1360,-600,0,12020,807,1526,7,12020,1442,1468,1644,1626,-636,556,-513,448,-680,603,255,142
52703,-2293,-847,-179,-33,1128,10641,-2360,2563,193,-94,0,-80,-240,0,12545,894,1479,60,12545,1475,1462,1652,1644,-450,-9,-402,-8,-409,-194,255,143
52750,-784,-1377,-84,49,800,21749,-895,3906,162,-127,0,1080,-80,0,13500,944,1332,152,13500,1523,1490,1674,1645,-428,-144,-404,-136,-332,-485,255,145
52803,269,-1933,-23,140,1164,13754,11616,3723,252,-172,-2,3159,-40,0,13884,998,1201,188,13884,1497,1539,1702,1637,-282,-482,-281,-482,-484,-723,255,148
52850,659,-1396,-37,-22,1023,20224,9846,3967,246,-132,-2,3480,-120,0,14756,1021,1048,267,14756,1541,1542,1695,1674,-306,-650,-312,-664,-535,-1028,255,150
52903,2134,-765,46,54,1009,28829,1118,4882,124,-66,0,3559,0,0,15382,1084,1023,323,15382,1596,1534,1682,1699,-342,-936,-371,-1014,-362,-1439,255,144
52950,2894,-907,100,105,731,21078,-2177,2014,93,-82,-2,3959,-40,0,16345,1114,900,408,16345,1552,1540,1697,1715,-215,-1042,-240,-1161,-213,-1440,255,148
53003,2911,-1040,-140,0,1296,17233,1179,2807,11,-90,0,3039,0,0,18261,1141,803,567,18261,1610,1564,1740,1715,-182,-1142,-208,-1303,-203,-1442,255,145
53050,2915,-895,-110,-104,946,16928,7771,1037,-13,-78,-2,2760,0,0,18557,1172,812,592,18557,1643,1591,1795,1745,-137,-1218,-160,-1428,-195,-1492,255,148
53103,2982,-228,-42,14,1406,18331,6611,610,-89,-16,-2,1959,39,0,18557,1227,855,592,18557,1648,1581,1783,1761,-99,-1431,-121,-1756,-214,-1751,255,145
53150,3424,-617,187,114,864,16500,-895,2563,-57,-53,-2,2760,0,0,18607,1255,898,596,18607,1646,1609,1757,1767,-95,-1354,-120,-1699,-125,-1704,255,145
53203,3609,-847,199,56,561,12838,7466,1342,100,-66,-2,4760,79,0,18508,1301,925,587,18508,1624,1619,1782,1756,-125,-1547,-163,-2013,-255,-1772,255,146
53250,3303,-481,-177,-38,1315,19125,7893,244,497,-38,-2,8999,39,0,18508,1342,1011,587,18508,1603,1622,1783,1762,-40,-1495,-54,-2006,-196,-1843,255,147
53303,3500,-409,-147,-144,1302,47079,-1749,488,605,-32,-2,10439,39,0,18508,1386,1018,587,18508,1665,1560,1774,1768,-22,-1630,-30,-2260,8,-2452,255,147
53350,4706,-483,120,-140,913,52267,2156,-366,831,-38,-2,14240,39,0,18458,1442,1020,584,18458,1621,1595,1787,1762,22,-1730,33,-2495,34,-2654,244,144
53403,5913,-528,-50,-93,1309,57455,1301,-1647,677,-42,-2,13680,39,0,17821,1483,1039,531,17821,1657,1539,1789,1776,99,-1734,148,-2572,77,-2737,255,146
53450,7190,-754,104,67,893,53610,-2970,-122,210,31,-2,9600,1119,0,14273,1543,1096,224,14273,1588,1407,1702,1684,71,-1302,110,-2009,126,-2327,255,145
53503,8294,-932,167,139,635,16561,-4496,1403,-151,16,-2,6559,1119,0,11861,1594,1094,0,11861,1484,1409,1625,1642,128,-1483,204,-2364,206,-1772,255,146
53550,6419,-1242,127,-232,507,-12246,-12980,2807,-207,-38,0,4040,799,0,10625,1635,1052,0,10625,1412,1433,1565,1625,117,-1577,192,-2579,251,-1490,234,149
53603,3549,-971,-101,-72,394,-14566,-1261,2807,-103,-14,0,2360,799,0,10625,1692,912,0,10625,1469,1377,1613,1578,138,-1309,234,-2215,160,-1055,244,146
53650,1427,-1145,-112,-33,1123,-11026,7588,793,-79,-30,-2,520,799,0,10625,1737,802,0,10625,1437,1373,1651,1561,84,-1260,145,-2189,166,-1123,255,144
53703,289,-1508,6,210,820,-20181,-651,3356,-18,-65,0,79,759,0,10588,1771,668,0,10588,1404,1455,1570,1606,200,-1374,355,-2434,212,-1022,255,139
53750,-1275,-1490,121,-275,739,-11941,-9623,6835,114,-74,-4,39,639,0,10663,1801,533,0,10663,1464,1455,1540,1593,192,-1250,346,-2252,327,-1058,255,146
53803,-2231,-1995,122,151,886,3012,8076,4150,194,-79,6,0,1080,0,10776,1803,315,0,10776,1486,1399,1619,1537,217,-1096,392,-1977,76,-1149,255,140
53850,-2810,-2618,101,-222,442,5575,1668,5249,276,-99,0,360,1480,0,11821,1809,160,0,11821,1499,1473,1589,1615,185,-1360,334,-2461,145,-1479,255,144
53903,-2749,-2011,-22,97,930,14608,2827,2990,452,-67,-2,2439,1239,0,12220,1825,48,27,12220,1470,1492,1632,1617,328,-1282,598,-2339,278,-1537,255,145
53950,-2481,-1401,-231,-51,1023,22665,-956,4150,855,-21,0,7319,1159,0,13884,1823,-81,188,13884,1482,1570,1640,1650,423,-1227,771,-2238,403,-1529,255,149
54003,-2157,-1881,-32,-85,1030,47323,-6571,1892,1005,-115,-2,9359,559,0,14889,1824,-86,280,14889,1562,1501,1658,1692,393,-1315,716,-2398,507,-2141,255,151
54050,-247,-2052,92,-188,528,68380,813,2990,1239,-168,0,13959,119,0,14933,1840,-72,284,14933,1570,1542,1673,1686,332,-1338,612,-2463,345,-2535,255,147
54103,2399,-1277,-205,-196,924,79061,7832,1098,1158,-97,0,15680,160,0,15837,1856,30,363,15837,1617,1512,1715,1701,417,-977,774,-1814,280,-2357,255,147
54150,5529,-675,-288,-87,1134,79489,3987,1037,557,-51,0,11919,79,0,16298,1864,84,403,16298,1682,1426,1706,1712,406,-1330,757,-2480,292,-2764,255,145
54203,7987,-494,-50,173,1308,51412,1973,-2197,1,-36,-2,7999,79,0,16626,1874,183,432,16626,1650,1458,1741,1740,439,-1137,823,-2130,405,-2034,255,144
54250,8138,-525,116,132,689,4110,-712,-1953,-266,-45,-2,5079,0,0,16673,1886,141,435,16673,1577,1554,1732,1751,426,-996,804,-1879,401,-1316,244,143
54303,6146,-301,-135,-65,1032,-18594,-3397,-1586,-431,-15,0,1199,119,0,17099,1871,137,471,17099,1603,1553,1737,1758,275,-771,515,-1442,335,-446,255,148
54350,4078,-413,37,58,786,-25003,-5717,-2807,-362,-29,-2,-80,79,0,17772,1864,69,528,17772,1596,1542,1742,1769,432,-558,805,-1040,543,-127,255,142
54403,1841,-367,-140,-166,1323,-23904,-6022,-2502,-171,-21,0,-120,119,0,18261,1849,41,567,18261,1611,1588,1769,1783,441,-528,815,-976,546,-110,255,147
54450,478,-469,-79,4,1051,-18228,-4618,-3234,-52,-30,0,-120,119,0,18359,1832,14,576,18359,1609,1580,1776,1787,457,-396,837,-725,552,-106,255,141
54503,-430,-442,-267,-278,1586,-12551,-834,-3356,23,-28,-2,-160,119,0,18261,1837,16,567,18261,1608,1571,1778,1785,546,-412,1004,-758,561,-193,255,146
54550,-545,-388,-5,84,1107,-6631,-3580,-3784,12,-23,-4,-400,119,0,18409,1835,76,580,18409,1614,1557,1782,1790,452,-289,830,-531,586,-220,255,141
54603,-673,-159,-185,59,995,-9317,-3886,-3173,23,-10,0,-400,39,0,18359,1826,102,576,18359,1608,1573,1770,1795,521,-290,952,-530,589,-128,255,141
54650,-894,-262,132,36,923,-6448,-7853,-4028,8,-15,0,-800,79,0,18359,1829,95,576,18359,1610,1560,1770,1807,450,-183,824,-335,609,-87,255,137
54703,-808,-429,-118,0,1015,-13772,-3825,-3234,-2,-37,-60,-839,0,0,16485,1832,146,419,16485,1528,1508,1758,1780,547,-279,1003,-511,614,-39,255,143
54750,-1004,-614,50,-32,967,-11880,-4496,1159,17,-50,-60,-800,39,0,14889,1822,143,280,14889,1516,1496,1700,1734,475,-105,865,-192,585,127,255,142
54803,-1289,-534,109,12,602,-12673,325,1464,7,-36,-20,-1200,119,0,14800,1854,128,271,14800,1536,1512,1692,1715,502,-45,931,-85,496,175,255,139
54850,-1855,-642,101,-50,927,-10598,2644,671,53,-52,-29,-1240,39,0,14933,1855,173,284,14933,1522,1511,1704,1718,421,3,781,5,442,195,255,136
54903,-1982,-898,-56,-177,610,-12612,2766,2563,26,-71,-69,-1679,79,0,13374,1860,176,139,13374,1475,1464,1669,1696,456,34,848,64,408,255,255,140
54950,-2035,-859,-79,45,1287,-12185,8442,3601,27,-71,-31,-1720,39,0,13458,1865,98,148,13458,1501,1491,1665,1664,478,131,891,244,392,353,255,140
55003,-2383,-335,-83,285,1275,-11392,10396,3051,54,-22,-33,-1760,79,0,13416,1862,17,143,13416,1484,1498,1666,1670,453,93,845,173,272,291,255,141
55050,-2198,532,5,16,888,-6875,203,3601,3,49,-29,-2160,39,0,13416,1877,-48,143,13416,1512,1482,1639,1687,465,146,874,275,359,299,255,133
55103,-2945,783,3,112,1045,-5593,-3519,2563,5,75,-12,-2879,79,0,13374,1877,-29,139,13374,1502,1494,1651,1675,411,172,771,323,472,270,255,137
55150,-2833,1109,-166,-321,570,-13772,4414,1037,-31,103,-58,-3200,79,0,13416,1865,-64,143,13416,1453,1479,1703,1670,466,225,870,419,530,441,255,144
55303,-2698,121,22,219,716,-7730,-9989,11169,-64,17,-458,-3439,79,0,13458,1837,-256,148,13458,1359,1335,1742,1778,524,325,963,597,698,460,255,142
55350,-2306,-103,-318,183,1179,-19082,-4984,25024,-15,-5,-506,-2480,39,0,13458,1812,-352,148,13458,1385,1499,1685,1720,437,175,793,317,434,337,255,147
55403,-2550,-17,110,133,1043,-1199,8076,24291,75,-1,-410,-1679,0,0,13458,1795,-402,148,13458,1502,1464,1690,1661,647,350,1162,629,506,371,255,142
55450,-2792,-127,157,-154,384,8016,1240,18066,180,58,-448,-720,799,0,14013,1799,-379,199,14013,1459,1400,1740,1727,519,131,934,236,647,221,255,143
55503,-2264,-98,-342,6,1186,-3274,-5411,27465,187,214,-502,-120,2560,0,14844,1778,-393,276,14844,1469,1537,1706,1730,511,69,908,124,605,127,255,144
55550,-1740,-315,-61,-33,533,5880,-8402,30761,137,178,-150,-160,2360,0,14933,1741,-494,284,14933,1660,1660,1578,1580,258,254,450,442,596,125,255,145
55603,-704,-832,17,104,688,-833,-10661,11413,51,59,-2,-120,1519,0,14933,1721,-501,284,14933,1584,1615,1624,1659,602,319,1037,550,789,334,255,141
55650,365,-943,-40,66,898,-1870,-529,5615,-42,-22,-2,-120,679,0,14933,1701,-507,284,14933,1553,1574,1680,1668,480,425,817,723,647,372,255,138
55703,424,-401,-200,140,1102,-10720,-162,5615,-50,-10,-2,-160,279,0,15022,1668,-502,291,15022,1546,1588,1656,1691,488,456,814,761,491,643,255,142
55750,246,-31,-57,228,885,-7363,1301,4699,-38,18,-4,-199,239,0,16720,1629,-513,439,16720,1597,1608,1700,1726,629,563,1025,918,569,730,255,138
55803,36,484,-218,-112,990,-4373,935,4760,-48,56,0,-520,160,0,16673,1624,-464,435,16673,1597,1613,1701,1717,633,511,1028,830,617,587,255,137
55850,879,547,-147,131,595,-7791,-1749,3295,-178,68,0,-1160,239,0,16720,1588,-511,439,16720,1588,1607,1712,1722,586,607,931,963,679,679,255,140
55903,290,64,100,-366,939,-17984,-5473,1953,-154,26,-2,-1480,239,0,16673,1549,-466,435,16673,1554,1620,1702,1744,609,504,943,780,704,818,255,141
55950,-23,207,-178,-189,1098,-15054,-285,2258,-158,80,0,-1840,720,0,16673,1539,-414,435,16673,1572,1610,1720,1721,607,729,935,1122,606,973,255,143
56003,70,858,32,-44,1062,-9194,1912,-976,-313,235,-2,-3520,1840,0,16532,1503,-404,423,16532,1579,1553,1745,1725,573,674,861,1013,539,834,255,141
56050,338,607,26,242,845,-15237,-12492,3295,-378,506,-2,-3999,5200,0,14978,1475,-437,287,14978,1554,1560,1677,1684,593,543,875,801,696,798,255,143
56103,-32,-140,-213,-60,1019,-26956,-29459,183,-342,553,0,-3960,6480,0,13713,1467,-384,172,13713,1481,1548,1671,1689,502,392,737,575,1016,863,255,146
56150,-759,-1450,-190,-222,1353,-23171,-30375,2502,-160,742,0,-2600,9960,0,13628,1451,-369,163,13628,1477,1558,1676,1634,704,668,1022,969,1230,1035,255,152
56203,-1294,-1971,-44,-13,1161,-5899,-37821,3295,-40,763,-2,-1760,10720,0,13670,1418,-365,168,13670,1527,1525,1638,1665,576,519,817,736,1236,622,255,149
56250,-853,-3994,0,-116,450,-772,-49235,5004,18,548,-4,-640,10279,0,13670,1398,-471,168,13670,1521,1554,1590,1690,606,469,848,656,1378,505,255,143
56303,-376,-5436,-41,-108,526,-2481,-31596,2563,1,415,-2,-360,10200,0,13628,1374,-478,163,13628,1502,1543,1654,1657,299,142,411,195,850,185,255,144
56350,48,-5396,185,112,1364,5453,-18046,2136,-11,293,-2,-80,8759,0,13628,1372,-452,163,13628,1533,1503,1663,1648,361,346,495,475,810,387,244,141
56403,227,-5685,199,-48,1231,1181,-10722,-305,-12,187,-2,79,7839,0,13585,1347,-455,159,13585,1485,1514,1668,1670,313,360,422,485,500,339,255,141
56450,859,-5204,-128,37,918,5758,-3153,915,-47,97,0,320,6319,0,13670,1339,-468,168,13670,1519,1505,1668,1657,198,407,265,546,303,354,255,137
56503,1528,-4598,-24,-26,749,3805,6856,-488,-101,21,-2,360,4839,0,13585,1297,-542,159,13585,1506,1496,1676,1666,111,342,144,444,-8,276,255,139
56550,1627,-3490,28,188,724,-1931,13447,732,-114,79,-2,320,4400,0,13585,1265,-575,159,13585,1499,1517,1686,1638,-55,313,-70,397,-231,326,255,141
56603,1641,-2688,213,128,463,-100,-2604,1220,-115,142,-2,320,4319,0,13628,1232,-678,163,13628,1517,1508,1641,1680,-258,201,-318,247,-212,203,255,145
56650,1454,-2634,238,70,765,-1443,-5167,2868,-109,150,-2,199,4359,0,13841,1203,-688,184,13841,1523,1526,1655,1646,-220,321,-264,387,-42,333,255,144
56703,1346,-2629,-80,-123,1155,-2786,1546,366,-110,489,-2,79,8239,0,14978,1150,-698,287,14978,1514,1522,1753,1587,-305,283,-350,325,-332,332,255,145
56750,539,-2225,-185,-51,1114,-1992,-7304,-1220,-40,702,-2,79,10279,0,14978,1108,-750,287,14978,1523,1538,1732,1671,-246,274,-273,304,-224,331,255,147
56803,629,-2238,-204,432,1073,4171,-22807,-1220,-13,740,0,479,10720,0,14933,1068,-824,284,14933,1537,1522,1723,1679,-115,82,-123,88,282,9,255,142
56850,968,-3150,-10,-104,984,13815,-28056,-5249,-39,384,-2,520,7560,0,16720,1016,-917,439,16720,1569,1522,1751,1765,-537,186,-546,189,0,-85,255,144
56903,1869,-3961,-41,30,1409,1791,-11576,-1220,-117,55,-2,520,4600,0,20076,971,-901,712,20076,1621,1649,1778,1796,-452,185,-439,180,-250,154,255,145
56950,1888,-4343,61,-1,438,-6936,-1505,-3723,-115,-148,-2,559,2639,0,20076,924,-887,712,20076,1621,1647,1807,1816,-681,120,-629,111,-661,214,255,145
57003,1177,-3499,25,-150,1821,-2297,22053,-3234,-64,-249,0,439,639,0,20076,862,-859,712,20076,1634,1640,1837,1781,-776,45,-668,39,-1161,85,255,143
57050,1713,-2539,322,339,1172,7406,25166,-3601,-121,-204,-2,320,199,0,20076,797,-893,712,20076,1657,1608,1833,1792,-1246,51,-993,41,-1719,-87,255,146
57103,1816,-1151,362,257,1228,3073,25654,-2990,-134,-90,-2,279,119,0,20076,769,-772,712,20076,1653,1621,1838,1783,-1307,-92,-1005,-71,-1755,-146,255,149
57150,1961,24,8,-38,1268,204,22786,-4455,-153,12,-2,199,119,0,20076,724,-782,712,20076,1640,1612,1845,1790,-1828,-161,-1323,-116,-2241,-196,255,144
57203,1879,451,-153,102,1345,-588,12105,-3173,-150,49,-2,160,119,0,18409,672,-728,580,18409,1608,1581,1804,1761,-2090,-171,-1404,-114,-2301,-160,255,149
57250,2878,-645,264,424,832,-2114,9358,-5249,-237,-80,-2,160,-279,0,18458,663,-593,584,18458,1596,1565,1810,1780,-1386,-387,-919,-257,-1543,-426,255,149
57303,2320,-471,133,-4,942,-14321,23579,-4760,-195,-247,0,79,-2360,0,18359,677,-423,576,18359,1581,1581,1817,1766,-1473,113,-997,76,-1884,363,255,146
57350,1849,204,47,307,953,-5288,20466,-3051,-119,-355,-2,479,-4280,0,18261,630,-321,567,18261,1606,1569,1789,1777,-1685,-178,-1061,-112,-2106,-40,255,150
57403,1350,882,-97,106,1218,-2664,32368,-5126,273,-729,-2,4479,-9240,0,18310,622,-272,571,18310,1541,1605,1814,1777,-1249,-290,-777,-180,-1814,-244,163,152
57450,1397,1420,94,-258,1492,15951,48848,-4699,174,-930,-2,3399,-12080,0,18310,602,-166,571,18310,1623,1518,1821,1763,-442,348,-266,209,-1186,199,163,150
57503,2165,2898,192,-95,1150,13998,60322,-6225,3,-1024,0,2200,-14639,0,18261,634,-15,567,18261,1579,1543,1812,1790,401,235,254,149,-651,-8,234,143
57550,2571,4761,-100,115,1066,5514,64534,-6286,-112,-931,-2,1280,-15440,0,18212,632,69,564,18212,1586,1528,1830,1776,618,160,390,101,-577,107,255,146
57603,2408,6074,52,-54,826,-344,63618,-4211,-192,-827,-4,199,-15559,0,18310,646,96,571,18310,1594,1544,1834,1755,-252,146,-162,94,-1362,152,234,144
57650,2082,7324,-24,216,853,-8279,66792,-3784,-185,-711,-2,-39,-15480,0,18163,632,150,560,18163,1586,1558,1840,1744,-751,611,-474,386,-1955,752,214,148
57703,1474,8268,91,122,1385,-5532,57576,-2197,-125,-426,0,39,-13160,0,18261,646,209,567,18261,1600,1567,1836,1733,-789,-591,-510,-381,-1794,-494,224,149
57750,1191,8584,-5,-223,987,-4434,35847,-3540,-100,-277,-2,39,-11760,0,18212,664,349,564,18212,1577,1566,1835,1750,-2231,-511,-1482,-339,-2845,-513,234,152
57803,1189,7265,-21,-171,1342,-4678,23640,-3784,-82,183,-2,239,-5160,0,18212,690,389,564,18212,1599,1541,1871,1714,-1679,-537,-1159,-370,-2092,-455,255,152
57850,818,6274,8,124,1345,-3213,9419,-2136,-53,425,0,199,-1400,0,18212,726,433,564,18212,1598,1562,1851,1718,-2108,-669,-1530,-485,-2287,-610,234,146
57903,672,4884,84,55,866,265,-20731,-2075,-6,475,0,599,559,0,18261,726,516,567,18261,1599,1562,1807,1769,-1500,-653,-1089,-474,-1138,-657,255,142
57950,795,2456,-14,-121,1116,82,-35319,-549,-17,423,0,599,2400,0,18261,738,495,567,18261,1608,1573,1786,1775,-1072,-695,-791,-513,-573,-691,255,144
58003,1137,-61,175,95,805,3439,-34220,1342,166,364,0,3039,4240,0,18212,776,478,564,18212,1608,1597,1796,1747,-742,-689,-575,-534,-144,-749,255,143
58050,963,-1684,32,36,1048,6002,-33182,-1525,310,223,-2,4519,4240,0,18212,789,541,564,18212,1579,1582,1796,1773,-540,-849,-426,-669,0,-940,255,143
58103,1367,-2971,48,194,1328,16622,-28056,-915,481,243,-2,6879,5759,0,18261,851,598,567,18261,1592,1582,1814,1752,-371,-850,-316,-723,118,-1140,255,148
58150,1914,-3453,-29,-290,1135,26632,-36845,61,461,281,0,7200,6680,0,18212,853,622,564,18212,1613,1571,1788,1767,-272,-778,-232,-663,366,-1228,255,147
58203,3296,-4397,-268,-114,1739,19735,-40446,366,260,206,-2,6280,6759,0,18212,889,663,564,18212,1612,1578,1777,1778,-68,-854,-60,-759,637,-1198,255,148
58250,3957,-5531,129,114,852,12960,-30741,1159,167,107,0,5880,6759,0,18212,905,628,564,18212,1609,1596,1789,1758,83,-777,75,-703,722,-1079,255,143
58303,3882,-5963,-86,51,1209,8871,-24882,-488,94,69,0,4960,6759,0,18261,957,708,567,18261,1614,1567,1791,1771,160,-728,153,-697,594,-883,255,141
58350,3436,-5928,16,-215,1438,3866,-21342,793,84,69,0,4400,6719,0,17386,971,751,495,17386,1580,1577,1772,1744,75,-604,73,-586,510,-688,255,139
58403,3065,-5991,42,-174,1175,4049,-19266,488,116,77,0,4400,6879,0,15654,1020,768,347,15654,1560,1551,1748,1739,122,-651,125,-664,458,-722,255,143
58450,2900,-5608,-214,74,1107,4782,-14140,1647,22,9,-2,3159,5720,0,15202,1048,749,307,15202,1558,1502,1718,1707,200,-614,209,-643,467,-671,255,143
58503,2319,-5155,-7,-248,945,631,-12186,3662,66,7,0,3079,5239,0,13332,1116,776,136,13332,1493,1499,1671,1651,163,-656,182,-732,376,-667,255,140
58550,1963,-4543,-72,-70,1020,-222,-10722,3540,24,60,-4,2239,5239,0,11980,1133,737,4,11980,1473,1438,1653,1612,114,-581,130,-658,357,-553,255,142
58603,1001,-4525,-11,-58,581,2767,-11027,4272,41,20,-10,1480,4759,0,11900,1178,689,0,11900,1478,1439,1633,1625,160,-413,189,-486,353,-461,255,142
58650,389,-4252,-262,-86,1018,-222,-8707,3356,67,40,-4,1159,4719,0,11900,1182,551,0,11900,1453,1454,1639,1620,115,-434,135,-513,289,-476,255,141
58703,-306,-4414,-50,-54,616,3622,-10172,3173,127,16,0,1159,4600,0,11980,1216,472,4,11980,1470,1448,1625,1636,55,-402,67,-489,233,-466,255,139
58750,-288,-4159,116,42,743,5575,-2970,3723,119,10,0,1080,4279,0,12382,1258,455,44,12382,1490,1463,1650,1619,-63,-396,-79,-498,87,-477,255,139
58803,-180,-4441,-22,93,1327,3378,-712,4150,113,-14,-2,1119,4279,0,12020,1272,388,7,12020,1480,1484,1647,1618,30,-403,38,-512,42,-462,255,138
58850,-507,-4033,117,-9,868,6246,-4557,4089,208,11,-2,1879,4159,0,12020,1290,304,7,12020,1468,1474,1616,1630,86,-363,111,-468,58,-415,255,138
58903,-568,-3491,-26,-60,412,9542,-5473,3173,300,-7,-2,2879,3399,0,11980,1309,209,4,11980,1461,1467,1625,1629,-78,-346,-102,-454,17,-513,255,141
58950,-147,-3539,-117,-98,1019,21627,4414,4150,410,-88,-2,4559,2519,0,12020,1309,116,7,12020,1491,1458,1639,1601,-39,-268,-51,-351,-59,-614,255,144
59003,453,-3264,135,-23,644,27609,8198,2441,662,-124,0,8039,1840,0,12020,1310,8,7,12020,1421,1501,1624,1635,-227,-166,-298,-218,-370,-648,255,142
59050,1248,-2293,72,226,1202,37313,7344,3784,658,-39,-2,8799,1840,0,12020,1313,-58,7,12020,1502,1439,1637,1601,-266,-283,-350,-372,-333,-764,255,145
59103,2507,-1984,-119,7,934,40243,6001,3295,660,-12,0,10079,1840,0,12060,1316,-168,11,12060,1478,1469,1640,1606,-65,-310,-86,-409,-170,-1013,255,145
59150,4328,-2396,30,-142,55,38534,-1505,2990,533,-27,-2,10439,2079,0,12060,1307,-251,11,12060,1495,1446,1618,1632,-141,-251,-185,-328,-212,-959,255,148
59203,5334,-2366,-61,-293,656,32980,3560,3356,288,69,-6,8640,3159,0,12020,1291,-344,7,12020,1510,1431,1645,1599,-261,-54,-337,-70,-323,-630,255,144
59250,6194,-1830,-53,163,898,16867,-223,4211,143,189,-2,7839,3999,0,12060,1268,-407,11,12060,1487,1476,1643,1586,-284,82,-360,104,-274,-300,255,144
59303,5347,-1595,-94,146,843,4354,-8646,3295,-40,311,-4,4879,5160,0,12060,1240,-506,11,12060,1500,1449,1645,1597,-193,245,-239,303,-42,168,255,143
59350,4282,-2269,63,48,311,-6204,-15971,2380,-28,252,-4,3959,5160,0,12060,1213,-645,11,12060,1456,1482,1634,1619,-244,239,-296,290,77,274,255,142
59403,3188,-2864,18,31,342,-12857,-11515,3051,-149,235,-4,1480,5560,0,12708,1164,-828,76,12708,1494,1472,1655,1599,-278,633,-324,737,-77,857,255,145
59450,2277,-3496,-319,-33,777,-17922,-11698,610,-146,183,-27,599,5599,0,13290,1102,-974,132,13290,1471,1489,1675,1663,-365,826,-402,910,-204,1079,255,150
59503,973,-3100,-129,-95,892,-15054,-18412,1403,-70,190,-46,160,5279,0,15067,1050,-1015,296,15067,1529,1527,1693,1722,-619,936,-650,983,-297,1199,255,150
59550,475,-3367,-222,-278,144,-11392,-12431,2563,-34,166,-31,79,5279,0,15022,1001,-1075,291,15022,1541,1541,1709,1683,-741,1040,-742,1041,-366,1236,255,152
59603,1079,-3306,-304,130,445,-10110,-10477,-366,-90,172,-12,39,5279,0,15022,951,-1151,291,15022,1527,1532,1731,1681,-616,1107,-586,1053,-433,1283,255,151
59650,742,-3165,-69,-186,1183,-18655,-5961,2868,-85,177,-12,-240,5200,0,15157,888,-1183,304,15157,1528,1573,1708,1667,-863,1342,-766,1192,-774,1658,255,152
59703,480,-2515,-178,-58,994,-13589,2400,1831,-66,293,-6,-279,5880,0,16673,802,-1283,435,16673,1591,1582,1762,1685,-726,1065,-582,854,-768,1302,255,148
59750,-403,-2092,-26,-394,1099,-13406,-6998,2929,14,361,-6,-240,6239,0,16673,727,-1299,435,16673,1574,1613,1742,1695,-860,752,-625,547,-711,999,255,148
59803,734,-2609,207,205,524,-8706,-12003,2014,-88,313,-6,-279,6199,0,18359,667,-1266,576,18359,1629,1623,1770,1742,-1359,1762,-907,1175,-1150,1914,255,151
59850,758,-2445,29,-8,869,-5654,-9318,549,-90,299,-4,-279,5880,0,18806,582,-1216,612,18806,1619,1614,1781,1743,-1570,2013,-913,1171,-1387,2202,255,147
59903,801,-2438,109,-291,1501,-10903,-11210,305,-87,268,-4,-199,5520,0,18906,539,-1147,620,18906,1614,1641,1784,1765,-1465,1710,-790,921,-1270,1900,224,152
59950,806,-2291,145,175,960,-4190,-10111,-3295,-91,281,-6,-240,5520,0,18906,484,-1021,620,18906,1601,1607,1811,1776,-1757,1681,-850,813,-1561,1746,214,151
60003,710,-2590,-4,110,1118,3378,-23051,305,-82,189,-4,-240,4759,0,18956,422,-923,623,18956,1637,1620,1762,1789,-2761,2321,-1165,979,-2359,2262,112,148
60050,1160,-3223,115,211,1386,3866,-24454,1220,-153,-47,-2,-600,2679,0,19057,455,-791,632,19057,1653,1621,1745,1799,-1530,1533,-696,697,-1077,1462,163,151
60103,1704,-4377,303,152,1003,10031,-22135,2014,-295,-375,-2,-1679,79,0,19107,349,-807,636,19107,1682,1604,1732,1804,-1717,1367,-599,477,-1247,1306,0,150
60150,2175,-4703,54,5,1151,-2481,29927,732,-542,-445,0,-4040,-400,0,19158,348,-675,640,19158,1664,1611,1828,1719,-1717,1367,-597,475,-1247,1306,0,146
60203,2386,-2336,-119,24,1279,-26712,49580,-183,-777,-497,-2,-6520,-3360,0,19057,363,-614,632,19057,1636,1624,1814,1742,-1717,1367,-623,496,-1247,1306,0,153
60250,746,-500,96,-225,1524,-54910,52205,-183,-714,-392,-2,-7440,-4000,0,19107,289,-659,636,19107,1583,1677,1824,1735,-1717,1367,-496,395,-1247,1306,0,151
60303,-1084,1790,-215,-65,1341,-34951,36091,-1586,-397,-447,-2,-5640,-6920,0,19057,144,-543,632,19057,1624,1618,1789,1784,-1717,1367,-247,196,-1247,1306,0,155
60350,-1210,1854,291,115,1159,-15664,34138,-1403,-512,-648,-2,-7080,-9280,0,19057,166,-472,632,19057,1675,1563,1800,1771,-1717,1367,-285,227,-1247,1306,0,154
60403,-838,3245,-137,76,1414,-42153,55623,-2075,-583,-495,-2,-7519,-8920,0,18508,126,-476,587,18508,1563,1641,1833,1719,-1717,1367,-216,172,-1247,1306,0,153
60450,-1806,4000,-118,-250,1357,-53079,24617,-2563,-711,-394,-2,-9960,-8520,0,18508,136,-305,587,18508,1597,1604,1769,1795,-1717,1367,-233,185,-1247,1306,0,156
60503,-3789,3537,62,-141,1445,-48501,17842,-2990,-646,-364,-2,-11200,-7720,0,18508,177,-92,587,18508,1599,1595,1791,1779,-1717,1367,-304,242,-1247,1306,0,154
60550,-4452,3017,170,-33,1174,-31472,3926,-4516,-564,-368,-2,-10920,-7240,0,18409,154,-61,580,18409,1597,1570,1779,1804,-1717,1367,-264,210,-1247,1306,0,153
60603,-4124,2213,-35,294,1470,-25613,20039,-2807,-540,-375,-4,-10320,-6520,0,18458,164,139,584,18458,1600,1587,1804,1767,-1717,1367,-281,224,-1247,1306,0,154
60650,-4386,2197,55,-262,1284,-26345,17598,-4516,-413,-377,-4,-9120,-6520,0,19259,175,206,648,19259,1600,1599,1812,1807,-1717,1367,-300,239,-1247,1306,0,153
60703,-3940,2553,-224,-73,1634,-24209,15950,-5065,-291,-164,-2,-7280,-4440,0,21174,191,396,796,21174,1602,1635,1850,1811,-1717,1367,-328,261,-1247,1306,0,154
60750,-3927,2657,-28,18,1565,-14382,12227,-10314,157,60,-4,-2120,-1960,0,20231,208,462,724,20231,1551,1652,1899,1831,-1717,1367,-357,284,-1247,1306,0,150
60803,-2327,2445,124,342,847,3744,1484,-6652,171,213,-2,-360,0,0,19057,327,751,632,19057,1582,1568,1842,1799,-1717,1367,-561,447,-1247,1306,0,142
60850,-1058,1183,-71,-234,1243,17111,-10722,-7080,81,99,-2,-120,-40,0,18261,273,653,567,18261,1584,1515,1805,1815,-1717,1367,-468,373,-1247,1306,0,147
60903,382,304,105,-43,1239,2340,-3947,-4272,-36,30,-2,-39,39,0,15883,376,934,367,15883,1517,1540,1786,1754,-1717,1367,-645,514,-1247,1306,0,140
60950,249,-7,-11,-423,1051,-12185,-1932,-4638,44,2,-4,759,39,0,11980,363,825,4,11980,1392,1488,1737,1702,-1717,1367,-623,496,-1247,1306,0,138
61003,-7,-429,16,85,1460,13021,-101,549,175,-34,-2,2000,39,0,10663,389,872,0,10663,1429,1335,1644,1603,-1704,-291,-662,-113,-1655,-322,0,137
61050,-337,-480,-149,-375,398,20956,-4496,1098,176,-38,-4,1679,39,0,9246,495,923,0,9246,1379,1291,1597,1579,-1704,-291,-843,-144,-1655,-322,0,142
61103,456,92,-153,69,787,-344,8687,1892,312,8,-2,4040,0,0,7866,501,745,0,7866,1164,1399,1593,1511,-1590,579,-798,291,-1741,585,224,131
61150,949,-263,67,-94,784,19430,-1139,8300,255,-12,-2,3880,119,0,7079,510,523,0,7079,1394,1264,1492,1464,-2073,835,-1057,426,-2172,698,0,137
61203,1923,-922,-144,-34,673,31637,3743,5371,104,3,-2,3120,959,0,7048,545,324,0,7048,1391,1183,1546,1446,-2212,639,-1205,348,-2330,0,0,135
61250,3291,-529,-32,5,645,-2786,23274,1708,19,68,-4,3520,1319,0,7018,569,3,0,7018,1151,1336,1641,1373,-2402,57,-1366,32,-2315,-190,214,135
61303,1623,899,14,-159,407,1303,-30619,8239,113,333,0,2920,2920,0,5148,526,-242,-24,5148,1296,1342,1407,1494,-2908,-366,-1529,-192,-2373,-389,193,146
61350,1690,-618,248,124,329,6185,-53995,8911,264,239,-2,4719,3359,0,3375,546,-471,-323,3375,1150,1254,1199,1443,-2741,0,-1496,0,-1993,-153,0,141
61403,1715,-2815,142,27,607,13143,-16703,7995,59,12,-2,2400,2960,0,3525,497,-781,-295,3525,1280,1150,1407,1289,-2741,0,-1362,0,-1993,-153,0,140
61450,2137,-3680,-17,32,596,8505,8015,3784,-165,-216,10,239,1199,0,4814,418,-1123,-75,4814,1197,1150,1426,1369,-2362,-422,-987,-176,-2434,-691,173,147
61503,2533,-2894,38,92,181,-1504,9846,7568,-214,-144,-6,79,1239,0,5148,372,-1524,-24,5148,1287,1243,1427,1391,-2362,-422,-879,-157,-2434,-691,0,144
61550,2063,-1191,125,-12,55,-6814,1790,6286,-169,4,-6,120,1239,0,5122,226,-1860,-27,5122,1284,1214,1412,1422,-2362,-422,-534,-95,-2434,-691,0,142
61603,1510,-486,35,100,362,-8279,-13651,7446,-131,0,-4,0,479,0,6104,151,-2143,0,6104,1339,1291,1397,1468,-2362,-422,-356,-63,-2434,-691,0,138
61650,7005,-2845,1785,-2150,-1822,-414346,123494,-60913,-607,-241,-37,39,79,0,5201,68,-2166,-16,5201,1150,1150,1899,1692,-2362,-422,-160,-28,-2434,-691,0,154
61703,8839,1379,-2111,1849,-1176,123434,104085,215942,-771,127,-16,0,79,0,4689,174,-1625,-96,4689,1899,1899,1150,1150,-2362,-422,-411,-73,-2434,-691,0,151
61750,9088,4548,-51,1021,393,14791,13264,-109680,-800,403,-12,-80,79,0,4443,191,-1242,-136,4443,1150,1150,1899,1899,-2362,-422,-451,-80,-2434,-691,0,149
61803,8138,8591,-416,-491,832,32492,78511,-30822,-713,753,-6,-39,39,0,3678,165,-1164,-267,3678,1150,1150,1831,1497,-2362,-422,-389,-69,-2434,-691,0,148
61850,8872,13400,-62,330,729,48178,63069,-20935,-781,1176,-8,-80,79,0,3417,240,-1044,-315,3417,1150,1150,1789,1376,-2362,-422,-567,-101,-2434,-691,0,149
61903,10450,9063,-434,495,1990,71859,-186930,45410,-915,801,-4,-39,119,0,1974,182,-992,-624,1974,1683,1150,1150,1292,-2362,-422,-430,-76,-2434,-691,0,150
61950,3330,357,316,665,77,-214700,-124918,6225,-294,34,-2,-39,39,0,318,72,-1089,-1208,318,1150,1371,1281,1347,-2362,-422,-170,-30,-2434,-691,0,143
62003,4126,-1425,1125,-2150,-1260,12777,25960,-120910,-367,-113,4,-80,119,0,0,39,-1080,-1600,0,1150,1150,1899,1899,-2362,-422,-92,-16,-2434,-691,0,147
62050,3207,-2208,1040,1578,-547,-17617,-13407,2868,-283,-185,-2,-39,79,0,0,83,-943,-1600,0,1168,1150,1386,1249,-2362,-422,-196,-35,-2434,-691,0,144
62103,3120,-1535,-431,-703,1134,1669,-2482,-1220,-275,-130,-4,-39,39,0,0,100,-759,-1600,0,1150,1150,1474,1223,-2362,-422,-236,-42,-2434,-691,0,143
62150,2479,-1129,378,436,734,1425,-6937,-10620,-223,-91,-6,-80,79,0,0,75,-604,-1600,0,1150,1150,1504,1396,-2362,-422,-177,-31,-2434,-691,0,139
62203,1261,-303,-231,-304,1082,-5715,3438,-1831,-117,-23,-4,-80,39,0,0,56,-396,-1600,0,1150,1150,1502,1184,-2362,-422,-132,-23,-2434,-691,0,140
62250,1227,-757,88,56,861,-2175,-3703,-6164,-114,-59,-2,-80,79,0,0,54,-247,-1600,0,1150,1150,1491,1319,-2362,-422,-127,-22,-2434,-691,0,136
62303,369,-335,-39,-274,932,-8401,-223,-4821,-35,-22,0,-39,79,0,0,89,-125,-1600,0,1150,1150,1502,1267,-2362,-422,-210,-37,-2434,-691,0,135
62350,488,-426,24,149,1158,2523,-4496,-3906,-49,-33,-2,-80,39,0,0,88,-106,-1600,0,1150,1150,1470,1299,-2362,-422,-207,-37,-2434,-691,0,135
62403,418,-168,-87,40,1028,3500,-3519,-1892,-43,-7,-2,-80,79,0,0,101,-44,-1600,0,1150,1150,1469,1249,-2362,-422,-238,-42,-2434,-691,0,134
62450,-125,-260,57,-197,900,-5471,508,-4882,7,-19,-2,-39,39,0,0,64,-104,-1600,0,1150,1150,1507,1263,-2362,-422,-151,-27,-2434,-691,0,133
62503,-358,-93,79,86,883,-1931,142,-2746,27,-1,0,-39,79,0,0,68,-124,-1600,0,1150,1150,1491,1229,-2362,-422,-160,-28,-2434,-691,0,129
62550,30,19,-60,141,1159,1730,1423,-183,-9,5,0,-80,39,0,0,67,-63,-1600,0,1150,1150,1480,1168,-2362,-422,-158,-28,-2434,-691,0,126
62603,-259,-196,23,-12,1093,631,447,-2929,15,-13,0,-80,39,0,0,140,9,-1600,0,1150,1150,1489,1238,-2362,-422,-330,-59,-2434,-691,0,129
62650,-446,-47,37,12,817,-588,-651,-1525,31,0,-2,-80,39,0,0,101,52,-1600,0,1150,1150,1477,1224,-2362,-422,-238,-42,-2434,-691,0,128
62703,-131,-40,29,38,827,-1077,81,-610,7,-3,-2,-39,0,0,0,72,-100,-1600,0,1150,1150,1473,1202,-2362,-422,-170,-30,-2434,-691,0,126
62750,-528,172,-37,-143,959,-2847,-468,-3356,39,18,0,-80,39,0,0,68,-19,-1600,0,1150,1150,1495,1239,-2362,-422,-160,-28,-2434,-691,0,132
62803,-810,-23,18,64,990,265,447,-2380,63,8,-2,-80,119,0,0,68,-31,-1600,0,1150,1150,1490,1224,-2362,-422,-160,-28,-2434,-691,0,127
62850,-324,-89,-22,175,906,2401,203,2685,24,-4,-2,-39,39,0,0,97,-67,-1600,0,1150,1150,1446,1150,-2362,-422,-229,-41,-2434,-691,0,129
62903,-470,53,4,-112,830,-466,-712,-976,23,11,8,-199,79,0,0,57,-55,-1600,0,1150,1150,1470,1200,-2362,-422,-134,-24,-2434,-691,0,128
62950,-681,116,45,-132,939,-2664,386,-2075,52,13,-2,-80,39,0,0,56,-43,-1600,0,1150,1150,1488,1218,-2362,-422,-132,-23,-2434,-691,0,131
63003,-374,-69,-27,50,976,-1870,447,2502,29,0,0,-39,79,0,0,75,58,-1600,0,1150,1150,1449,1150,-2362,-422,-177,-31,-2434,-691,0,126
63050,-246,-128,7,5,1097,4537,-285,-1525,18,-7,-2,-39,39,0,0,76,51,-1600,0,1150,1150,1476,1225,-2362,-422,-179,-32,-2434,-691,0,128
63103,-722,67,13,56,911,1364,1179,-1586,56,9,0,-80,39,0,0,44,-31,-1600,0,1150,1150,1484,1206,-2362,-422,-103,-18,-2434,-691,0,126
63150,-367,-57,91,127,713,-2603,81,3723,25,1,0,-80,79,0,0,84,31,-1600,0,1150,1150,1434,1150,-2362,-422,-198,-35,-2434,-691,0,125
63203,-95,-13,-5,-154,935,-1687,752,854,4,5,-2,-39,79,0,0,75,-65,-1600,0,1150,1150,1468,1162,-2362,-422,-177,-31,-2434,-691,0,126
