c1,c2,c3,c4,c5,c6,c7,c8,c9,c10,c11,c12,c13,c14,c15,c16,c17,c18,c19,c20,c21,c22,c23,c24,c25,c26,c27,c28,c29,c30,c31,c32
50,90,-32,65,67,1048,1802,-1848,-553,-7,-2,0,0,0,0,2259,82,377,-556,2259,1221,1181,1197,1241,0,0,0,0,0,0,0,107
103,49,0,-52,-30,979,215,287,5061,-4,6,2,0,79,0,2276,92,333,-552,2276,1284,1284,1150,1150,0,0,0,0,0,0,0,104
150,90,-28,17,98,1105,1314,1752,7258,-4,-2,0,39,0,0,2224,66,308,-564,2224,1321,1295,1150,1150,0,0,0,0,0,0,0,108
203,-132,101,-24,-16,916,-2592,287,6648,15,15,2,39,79,0,2242,83,231,-560,2242,1276,1326,1150,1150,0,0,0,0,0,0,0,112
250,289,-41,-39,9,1004,-700,-1360,6038,-25,0,2,0,39,0,2259,88,61,-556,2259,1297,1293,1150,1150,0,0,0,0,0,0,0,109
303,162,15,-73,21,926,-944,-2642,6526,-7,1,4,79,0,0,1605,95,83,-720,1605,1283,1300,1150,1150,0,0,0,0,0,0,0,107
350,207,-258,80,41,929,2717,-1482,12080,-18,-19,2,0,39,0,1619,77,93,-716,1619,1359,1312,1150,1150,0,0,0,0,0,0,0,112
403,173,-131,-23,-21,909,2107,-1177,11165,-15,-7,2,0,39,0,1590,105,125,-724,1590,1344,1307,1150,1150,0,0,0,0,0,0,0,115
450,28,-223,-27,60,999,2473,104,11531,-2,-15,-2,0,39,0,1605,75,93,-720,1605,1345,1310,1150,1150,0,0,0,0,0,0,0,110
503,-374,-230,87,-53,861,-1188,-3679,9456,32,-16,2,0,39,0,1649,81,81,-708,1649,1291,1324,1150,1150,0,0,0,0,0,0,0,113
550,6,-107,-64,-26,1035,581,836,12996,0,-9,2,0,0,0,1724,116,112,-688,1724,1359,1342,1150,1150,0,0,0,0,0,0,0,108
603,36,-196,-128,-39,954,-1005,2545,9883,-3,-13,4,0,39,0,2925,137,126,-412,2925,1345,1349,1150,1150,0,0,0,0,0,0,0,114
650,17,-674,97,92,894,2351,-1543,7503,-1,-58,2,0,0,0,3312,112,-12,-335,3312,1362,1324,1150,1173,0,0,0,0,0,0,0,110
703,-146,-697,32,-41,835,-822,-1482,9089,16,-60,0,39,0,0,4443,94,-81,-136,4443,1404,1412,1150,1238,0,0,0,0,0,0,0,113
750,-82,-715,53,-33,964,-150,-1177,9639,10,-62,4,39,0,0,4467,109,-7,-131,4467,1410,1420,1150,1216,0,0,0,0,0,0,0,112
803,23,-724,13,-9,1014,-2592,3400,14033,-2,-63,2,0,0,0,5096,102,-78,-32,5096,1451,1480,1150,1150,0,0,0,0,0,0,0,111
850,-85,-398,-55,20,1089,-1249,-1604,15986,10,-34,2,39,0,0,5148,85,-18,-24,5148,1477,1497,1150,1150,0,0,0,0,0,0,0,114
903,66,-198,-69,9,932,3755,-383,18550,-5,-17,2,0,0,0,5521,62,72,0,5521,1535,1499,1150,1150,0,0,0,0,0,0,0,105
950,73,-403,-27,37,1051,-1554,4498,5183,-6,-35,4,0,0,0,6075,78,-106,0,6075,1422,1434,1339,1304,0,0,0,0,0,0,0,109
1003,29,-422,10,29,918,4915,-6792,5733,-30,-33,0,-320,39,0,7110,65,-117,0,7110,1491,1404,1280,1395,0,0,0,0,0,0,0,113
1050,60,-406,14,41,1159,1008,5292,-6779,-99,-35,0,-1080,0,0,8292,63,31,0,8292,1421,1356,1515,1491,0,0,0,0,0,0,0,112
1103,-65,-97,100,108,1052,-4057,6818,-7633,-18,-8,4,-279,0,0,9458,122,39,0,9458,1374,1469,1564,1510,0,0,0,0,0,0,0,114
1150,156,-114,232,-76,914,-4362,-16314,-9464,-17,-9,2,-39,0,0,10700,129,64,0,10700,1392,1462,1496,1630,0,0,0,0,0,0,0,117
1203,-243,-380,-168,-4,1303,-5094,-1299,-3971,21,-33,0,0,0,0,10663,53,-20,0,10663,1473,1510,1535,1557,0,0,0,0,0,0,0,116
1250,-574,-825,110,-101,361,2229,5963,-2079,50,-68,2,0,39,0,11042,77,39,0,11042,1516,1514,1538,1539,0,0,0,0,0,0,0,114
1303,-717,-952,67,-35,748,-3385,6085,1948,59,-83,0,-39,0,0,12463,74,125,51,12463,1546,1573,1529,1526,0,0,0,0,0,0,0,115
1350,-955,-908,144,-2,384,337,-567,-1286,79,-75,-2,-39,39,0,13500,50,16,152,13500,1567,1571,1558,1610,0,0,0,0,0,0,0,116
1403,-741,-521,-182,131,1251,1924,-5327,-3605,64,-45,-2,0,0,0,13585,75,38,159,13585,1573,1561,1589,1635,0,0,0,0,0,0,0,118
1450,-768,-516,-187,-63,1158,2290,-444,-4215,67,-48,0,0,-39,0,15022,51,-43,291,15022,1600,1594,1639,1657,0,0,0,0,0,0,0,119
1503,-307,-362,132,217,873,9981,3522,-6290,26,-31,-2,0,0,0,16626,87,31,432,16626,1618,1562,1677,1664,0,0,0,0,0,0,0,115
1550,366,-558,-337,-200,1497,17976,-1299,-6596,-28,-48,-2,39,0,0,16673,90,130,435,16673,1648,1582,1686,1712,0,0,0,0,0,0,0,122
1603,1529,-624,114,77,1410,13704,14020,-5070,-130,-51,0,39,39,0,16673,104,205,435,16673,1641,1607,1712,1671,0,0,0,0,0,0,0,122
1650,2176,424,-158,109,1332,14375,35687,-5009,-186,37,0,39,0,0,16720,139,431,439,16720,1657,1589,1761,1620,0,0,0,0,0,0,0,121
1703,1920,2068,-285,31,880,14741,19208,-5619,-164,114,0,39,-759,0,16720,182,481,439,16720,1665,1567,1718,1680,0,0,0,0,0,0,0,124
1750,2779,2254,-46,94,1175,11812,5231,-5741,-242,133,-2,0,-720,0,16720,154,395,439,16720,1657,1573,1714,1692,0,0,0,0,0,0,0,123
1803,2446,2280,-348,-259,1556,1130,-17,-4459,-237,167,-2,-279,-360,0,16673,143,390,435,16673,1655,1584,1704,1686,0,0,0,0,0,0,0,127
1850,2367,1696,160,252,1113,-9672,-7280,-6718,-450,148,0,-2800,0,0,16626,185,407,432,16626,1647,1559,1714,1702,0,0,0,0,0,0,0,125
1903,1713,879,186,120,469,-25968,1019,-7450,-537,251,-2,-4440,2000,0,16626,258,525,432,16626,1625,1569,1762,1666,0,0,0,0,0,0,0,127
1950,520,665,-168,-202,1295,-19987,-13933,-7694,-509,372,0,-5320,3599,0,16673,286,597,435,16673,1633,1554,1725,1710,0,0,0,0,0,0,0,130
2003,-251,-523,-135,-12,1341,-37077,-30596,-8305,-456,275,0,-5479,3680,0,16673,286,691,435,16673,1580,1598,1704,1740,0,0,0,0,0,0,0,131
2050,-1684,-1311,-181,69,1073,-40189,-16558,-8976,-139,-83,4,-3280,360,0,16720,325,650,439,16720,1551,1616,1717,1739,0,0,0,0,0,0,0,131
2103,-2880,-1952,120,-33,1233,-19376,-5388,-6412,129,-170,4,-1399,0,0,16673,388,795,435,16673,1599,1599,1712,1720,-498,-55,-193,-21,-404,282,214,145
2150,-2850,-1597,193,15,964,-4911,-1604,-6596,154,-135,2,-1080,39,0,16626,446,766,432,16626,1609,1576,1710,1725,341,237,152,106,339,365,204,140
2203,-2267,-919,-37,45,1075,-1066,1813,-10441,169,-80,2,-320,0,0,16673,487,808,435,16673,1577,1554,1749,1733,-18,-100,-9,-49,-34,-25,0,135
2250,-1699,-727,79,52,914,-2103,-4839,-8305,294,-129,6,1679,-759,0,16673,534,874,435,16673,1555,1602,1712,1749,537,448,287,239,605,467,173,139
2303,-1268,-717,-110,4,1112,8272,-2214,-7877,142,-184,-2,360,-1399,0,15246,545,817,311,15246,1600,1538,1715,1740,68,268,37,146,107,124,153,139
2350,-552,-519,-41,90,1223,10164,3400,-8060,83,-198,0,399,-1760,0,15246,562,777,311,15246,1564,1510,1705,1710,317,8,178,5,299,-135,163,135
2403,-237,-561,44,-71,517,2962,5231,-6657,52,-258,0,360,-2400,0,15067,602,757,296,15067,1547,1534,1686,1709,309,-284,186,-171,218,-336,224,139
2450,-28,-634,177,-75,654,3877,11884,-5802,26,-292,4,279,-2719,0,15112,631,694,300,15112,1561,1532,1688,1698,336,-103,212,-65,152,-160,234,139
2503,144,125,-327,16,1008,3572,20245,-6046,11,-167,0,279,-2040,0,15157,652,700,304,15157,1558,1526,1720,1676,353,-159,230,-103,0,-221,255,138
2550,184,839,-364,1,1114,1680,14325,-6718,-33,-34,2,-199,-1239,0,15112,716,679,300,15112,1551,1522,1719,1686,365,-88,261,-63,105,-163,255,138
2603,428,932,176,29,865,-700,2606,-4398,-30,56,2,79,-279,0,15067,766,754,296,15067,1558,1543,1686,1694,290,-239,222,-183,244,-227,255,134
2650,299,526,172,-5,717,-3812,-4473,-3849,-12,28,0,160,-199,0,14978,753,676,287,14978,1549,1554,1682,1696,303,-208,228,-156,417,-221,255,137
2703,11,-332,-169,-177,915,-1432,-689,-3361,12,-39,-2,160,-119,0,14978,817,692,287,14978,1565,1539,1680,1694,366,-267,299,-218,378,-242,255,140
2750,-178,-542,-228,-216,1203,-883,3766,-3544,33,-61,2,199,-160,0,15067,867,693,296,15067,1561,1543,1683,1694,451,-250,391,-217,331,-246,255,141
2803,84,-655,-57,184,916,2351,6940,-2689,10,-71,2,199,-160,0,13543,891,643,155,13543,1538,1495,1659,1644,470,-291,418,-259,349,-332,255,136
2850,189,-697,36,124,1241,1069,3278,-919,-2,-64,2,160,-39,0,13543,904,633,155,13543,1540,1513,1642,1638,422,-280,381,-253,399,-340,255,135
2903,207,-814,103,64,515,2107,-1787,-797,-4,-78,4,160,-80,0,13543,943,549,155,13543,1555,1507,1622,1661,333,-353,314,-333,365,-390,255,135
2950,-187,-864,77,-97,593,1619,-1726,117,30,-78,4,160,-39,0,13543,972,463,155,13543,1551,1524,1612,1660,443,-444,431,-431,373,-475,255,135
3003,-235,-949,-24,-69,854,3572,-750,545,38,-89,2,199,-80,0,13543,983,413,155,13543,1558,1521,1617,1651,448,-330,440,-325,461,-393,255,135
3050,-293,-939,148,-96,630,5647,226,178,43,-85,2,199,-39,0,13543,1005,380,155,13543,1557,1515,1613,1657,559,-517,562,-519,424,-594,255,135
3103,-107,-800,-144,-61,1033,1192,7794,728,26,-73,2,199,-39,0,13500,1015,306,152,13500,1547,1533,1638,1627,639,-260,648,-264,503,-281,244,138
3150,-163,-563,-99,-35,860,-1005,8893,-675,31,-52,2,199,-39,0,13500,1040,246,152,13500,1529,1532,1650,1631,613,-361,637,-375,472,-413,255,138
3203,-58,-246,73,115,1087,2351,6635,300,15,-21,4,120,0,0,14978,1041,149,287,14978,1581,1540,1660,1647,649,-337,675,-350,533,-378,244,133
3250,-133,123,-105,-15,973,32,4132,361,22,73,0,120,720,0,14978,1036,116,287,14978,1580,1568,1687,1646,582,-392,602,-406,590,-462,255,133
3303,96,-201,-61,32,973,2717,-5999,178,-1,101,2,79,1359,0,14978,1024,45,287,14978,1598,1549,1654,1680,704,-205,721,-210,809,-252,255,133
3350,334,-557,-226,-102,1149,-639,-4046,361,-22,115,2,79,1879,0,14978,1021,-41,287,14978,1597,1551,1664,1668,495,-342,505,-349,522,-280,255,140
3403,459,-1047,133,82,787,-3812,-6426,-1347,5,100,4,520,2200,0,14978,1031,-63,287,14978,1562,1564,1674,1674,649,-366,670,-377,762,-299,244,139
3450,448,-1507,54,118,470,-639,-12285,850,41,126,4,920,2960,0,15022,1024,-45,291,15022,1595,1564,1649,1677,762,-570,781,-584,903,-557,255,138
3503,629,-2062,-157,99,1081,5769,-8623,-492,123,148,4,2040,3759,0,15022,1015,-82,291,15022,1594,1546,1670,1673,794,-63,806,-64,945,-163,255,140
3550,556,-2180,-209,95,1255,8821,-8806,-2140,331,169,4,4359,4119,0,15022,1024,-94,291,15022,1536,1582,1694,1667,732,-64,750,-66,970,-245,255,141
3603,1132,-2520,204,94,797,16145,-20403,-492,337,328,6,5000,6280,0,15067,1011,-74,296,15067,1588,1554,1655,1686,799,-574,809,-581,1156,-856,255,144
3650,1457,-2601,29,-24,1165,19502,-24309,-492,277,230,2,4640,5239,0,15067,1003,-96,296,15067,1593,1547,1643,1703,329,-97,330,-97,706,-455,255,142
3703,2224,-3136,136,109,1007,16694,-14910,-1591,214,180,2,4679,5200,0,15067,1008,-115,296,15067,1577,1548,1683,1677,511,145,515,146,771,-145,244,145
3750,2255,-2862,96,100,928,13887,-9600,-2262,208,165,2,4640,4760,0,15067,1011,-72,296,15067,1570,1544,1695,1674,875,-528,884,-534,1143,-816,255,144
3803,2395,-2877,52,-152,1247,12483,-10088,-2201,-100,-27,4,1240,2560,0,15067,985,-95,296,15067,1620,1487,1657,1708,-328,-579,-323,-570,-152,-797,244,149
3850,2932,-2641,-188,59,1005,-6620,4193,-4337,-175,-7,2,920,2560,0,15067,994,-65,296,15067,1540,1541,1711,1682,718,-627,714,-624,680,-568,244,142
3903,1478,-2183,-70,-239,1197,-13334,3583,-3849,-48,-40,2,920,1719,0,15067,988,-79,296,15067,1534,1554,1698,1692,776,-419,767,-414,713,-186,255,144
3950,312,-1768,24,-203,738,-4545,2911,-2933,56,-28,2,959,1440,0,15022,976,-137,291,15022,1557,1539,1692,1688,682,-427,666,-416,629,-306,255,140
4003,-109,-1189,-168,48,792,1314,3400,-4215,82,14,4,839,1359,0,15067,956,-177,296,15067,1556,1524,1704,1693,773,-444,739,-425,714,-467,255,139
4050,12,-920,-39,-57,959,1802,1813,-3727,9,-34,2,120,520,0,15067,984,-99,296,15067,1557,1525,1692,1703,766,-517,753,-508,727,-564,255,134
4103,40,-743,-23,78,886,-5582,3339,-3239,10,-19,4,160,520,0,15067,973,-100,296,15067,1538,1550,1693,1697,696,-525,678,-511,638,-428,255,136
4150,21,-501,56,55,1138,-883,4376,-3483,5,-29,4,79,160,0,15067,959,-178,296,15067,1555,1527,1697,1697,658,-97,631,-93,569,-68,255,130
4203,-126,126,-111,-108,1035,-1859,4132,-4093,18,77,4,79,759,0,15563,964,-174,340,15563,1543,1531,1719,1685,587,-158,566,-153,515,-126,255,139
4250,93,-19,-158,3,1002,-2592,1325,-4398,-4,64,2,39,759,0,16485,929,-227,419,16485,1572,1563,1742,1723,513,-229,477,-212,527,-221,255,134
4303,449,-244,142,132,944,581,-2459,-5375,-32,17,2,79,439,0,16438,944,-203,415,16438,1578,1538,1733,1743,772,-380,729,-359,815,-390,255,136
4350,367,-209,210,-28,1156,-3751,-2398,-3666,-28,-11,4,39,79,0,16579,912,-233,428,16579,1571,1574,1727,1737,798,-401,728,-366,814,-390,255,139
4403,176,47,-191,244,997,-822,4987,-5314,-11,11,4,39,79,0,16532,876,-231,423,16532,1575,1545,1757,1727,479,-236,420,-207,392,-221,255,134
4450,-9,160,-18,244,1001,1680,1874,-4581,28,-3,2,320,-199,0,16579,893,-235,428,16579,1581,1544,1742,1738,760,-407,678,-363,747,-416,255,136
4503,95,-13,-96,17,1026,-1981,-200,-4703,-4,2,2,39,39,0,16532,889,-174,423,16532,1565,1554,1744,1738,780,-416,693,-370,783,-382,255,132
4550,69,-89,-24,0,1137,-2775,2545,-3788,-2,-7,2,39,0,0,16626,891,-172,432,16626,1568,1564,1743,1732,793,-372,706,-331,758,-383,255,131
4603,137,182,-111,-13,1043,-333,-322,-2201,200,19,2,2439,39,0,16626,862,-186,432,16626,1546,1606,1734,1728,458,-126,395,-108,464,-120,255,138
4650,86,393,-98,76,935,11262,409,-2994,575,34,4,6680,0,0,16626,869,-151,432,16626,1563,1578,1739,1732,801,-275,696,-239,747,-368,255,133
4703,660,321,-38,-123,1003,34273,-1116,-2689,556,28,4,7040,0,0,16626,858,-145,432,16626,1602,1541,1738,1730,765,-375,657,-321,785,-973,255,139
4750,2088,282,-105,24,838,31709,-1848,-3239,596,87,0,8920,720,0,16579,872,-116,428,16579,1567,1563,1747,1730,789,-436,688,-380,833,-995,255,140
4803,3356,87,32,91,1005,35493,-5205,-1774,485,80,2,8920,840,0,16626,860,-3,432,16626,1599,1552,1729,1734,786,-419,676,-361,877,-1039,255,137
4850,4138,31,-66,66,1110,30610,-4839,-1530,427,103,0,9040,1159,0,16579,879,28,428,16579,1592,1557,1737,1724,800,-326,703,-286,917,-832,255,139
4903,4435,-207,179,73,924,28230,-7769,-3056,478,114,4,9919,1519,0,16673,855,0,435,16673,1580,1555,1736,1744,693,-88,593,-75,829,-581,255,137
4950,4676,-648,134,-186,1251,28352,-10332,-2201,227,103,4,7279,1840,0,16626,914,177,432,16626,1615,1525,1728,1742,700,-192,640,-176,872,-667,255,145
5003,5272,-704,-41,185,1131,13643,-5144,-3788,80,78,4,6199,1600,0,16673,893,166,435,16673,1571,1549,1751,1736,713,25,637,22,803,-212,255,137
5050,4731,-766,176,26,761,6013,-7158,-2628,131,76,4,6240,1640,0,16673,875,164,435,16673,1569,1568,1738,1741,626,249,548,217,785,153,255,136
5103,3833,-873,-74,-40,1187,4426,-8806,-1347,178,73,2,5880,1719,0,16626,880,81,432,16626,1574,1575,1727,1738,542,365,477,321,696,288,255,137
5150,3386,-915,52,-33,1065,6502,-8257,-1530,210,101,4,5799,2079,0,16626,897,120,432,16626,1578,1569,1728,1739,562,423,504,380,658,342,255,138
5203,3294,-833,-98,14,931,6685,-7036,-980,85,112,2,4279,2119,0,16626,890,103,432,16626,1600,1551,1730,1733,539,532,480,474,662,416,255,135
5250,3203,-791,-55,41,860,-1737,-7769,-736,62,112,0,3919,2079,0,16626,889,123,432,16626,1561,1591,1734,1728,413,673,367,598,602,628,255,136
5303,2461,-840,22,-218,1148,-5094,-6548,-2445,60,80,4,3159,1760,0,16626,907,146,432,16626,1560,1572,1740,1738,591,1009,536,915,705,1098,255,140
5350,2210,-1137,-51,-200,1113,-1737,-5632,-1163,-126,-15,4,759,959,0,16626,923,135,432,16626,1606,1541,1722,1742,505,1000,466,923,588,1048,255,143
5403,2217,-1156,161,36,863,-14616,348,-1286,-165,-76,4,320,280,0,16626,886,33,432,16626,1560,1587,1734,1732,380,1181,336,1046,374,1436,255,139
5450,1515,-866,176,61,1031,-17667,5719,-553,-118,-54,2,160,239,0,16626,911,92,432,16626,1563,1592,1741,1719,434,1388,395,1265,371,1669,255,139
5503,482,-314,-131,-129,1367,-10160,1325,911,-21,-13,2,239,160,0,16626,902,127,432,16626,1586,1587,1716,1729,149,1595,135,1439,126,1772,255,140
5550,350,-90,1,9,791,-9550,2973,-248,-20,9,2,120,199,0,16626,898,58,432,16626,1570,1588,1734,1724,145,1530,130,1374,93,1713,255,128
5603,117,-91,-94,-106,1383,-7536,4987,-309,-3,-1,4,79,79,0,16626,896,114,432,16626,1576,1586,1735,1724,154,1718,138,1540,67,1850,255,133
5650,354,268,-256,-81,1106,-7169,2728,-187,-23,30,2,79,79,0,16579,892,110,428,16579,1571,1586,1733,1722,70,1870,63,1668,29,1979,244,132
5703,199,20,331,79,963,-10343,1264,-1835,-13,8,4,39,79,0,16626,888,117,432,16626,1551,1588,1738,1734,-37,1831,-33,1625,-59,2011,255,132
5750,185,249,74,-193,1143,-4301,-1787,484,-12,28,2,39,79,0,16626,903,81,432,16626,1581,1587,1719,1730,60,1917,55,1731,50,2009,255,130
5803,783,94,-126,245,976,-7536,-3435,1033,-68,15,4,0,79,0,16579,903,98,428,16579,1574,1600,1715,1725,-17,1678,-15,1515,42,1809,255,131
5850,1070,-272,67,164,944,-9122,226,-248,-96,-23,2,-39,0,0,16626,906,133,432,16626,1563,1596,1730,1727,-13,1746,-11,1581,-42,1847,255,134
5903,746,-33,122,-58,1209,-4301,4437,361,-155,4,6,-1040,79,0,16626,921,141,432,16626,1605,1565,1734,1714,-15,2215,-14,2040,-92,2291,255,136
5950,827,143,189,-110,974,-10770,1874,300,-278,12,4,-2360,0,0,16626,911,114,432,16626,1595,1571,1729,1718,130,1650,119,1503,127,1884,255,137
6003,816,324,-215,52,988,-21452,3461,422,-441,28,6,-4240,0,0,16626,932,191,432,16626,1580,1589,1734,1711,43,1876,40,1748,-17,2250,255,134
6050,461,292,-68,208,1119,-29264,1630,-431,-644,29,2,-6920,39,0,16626,941,211,432,16626,1587,1570,1732,1726,-115,2287,-108,2152,-160,2710,255,142
6103,-569,296,-90,17,1120,-45194,-933,-187,-749,29,0,-9160,39,0,16579,937,180,428,16579,1551,1605,1730,1724,-209,2120,-195,1986,-192,2909,244,142
6150,-1708,341,-90,220,898,-52274,3705,-553,-842,33,4,-11360,39,0,16579,963,193,428,16579,1573,1583,1740,1716,-76,1971,-73,1898,-126,2873,244,142
6203,-2847,190,-197,-137,1271,-50932,-139,361,-781,16,4,-11800,0,0,16673,967,197,435,16673,1570,1601,1726,1724,5,1023,5,989,8,1912,255,135
6250,-3610,-96,-157,14,1261,-51664,1325,972,-742,-8,2,-12120,0,0,16626,949,199,432,16626,1570,1606,1731,1712,-302,1715,-286,1627,-297,2611,255,143
6303,-4659,-180,125,30,855,-45011,2362,361,-647,-15,4,-12080,0,0,16626,960,171,432,16626,1577,1592,1728,1721,-105,1409,-100,1353,-146,2195,255,143
6350,-5082,-93,145,-32,764,-43607,653,-309,-582,-4,4,-11760,39,0,16626,996,218,432,16626,1564,1598,1737,1720,-367,1530,-366,1524,-330,2287,255,143
6403,-5259,-293,77,71,830,-38297,1141,-797,-560,-22,4,-11680,39,0,16626,1001,230,432,16626,1564,1590,1737,1723,-329,1757,-329,1758,-348,2425,255,145
6450,-5284,-39,81,-144,1485,-33536,2301,-2140,-523,-6,4,-11280,-39,0,16673,1028,334,435,16673,1560,1578,1743,1734,-276,1661,-284,1707,-343,2287,255,148
6503,-4649,-233,-124,208,1010,-33170,714,-492,-613,-16,4,-11680,39,0,16626,1054,359,432,16626,1570,1588,1734,1723,-336,1359,-354,1432,-348,1938,255,148
6550,-4528,-265,-181,156,1130,-33475,2057,-248,-624,-23,4,-11680,0,0,16626,1042,320,432,16626,1575,1587,1736,1718,-624,766,-650,798,-665,1348,234,146
6603,-4653,-596,242,73,988,-31889,1080,-4,-539,-48,2,-10840,39,0,16626,1069,289,432,16626,1564,1598,1723,1730,-327,912,-349,975,-346,1468,255,142
6650,-4519,-689,169,-18,762,-25968,-1787,56,-408,-56,2,-9200,39,0,16579,1088,309,428,16579,1549,1611,1718,1733,-332,336,-362,366,-321,804,244,142
6703,-4054,-682,-121,-1,1158,-15287,2423,-1347,-173,-59,0,-6040,0,0,16579,1104,329,428,16579,1562,1581,1739,1731,-348,463,-384,512,-390,730,255,144
6750,-3468,-899,57,-20,1059,947,2362,-187,100,-78,2,-2320,0,0,16626,1105,320,432,16626,1562,1598,1730,1726,-378,399,-418,441,-400,390,255,138
6803,-2671,-686,-139,-76,1579,22615,5414,-675,229,-59,4,-39,0,0,16626,1126,324,432,16626,1602,1552,1744,1715,-364,62,-410,70,-459,-331,255,139
6850,-664,-481,-76,-74,1391,29695,6635,-1163,54,-42,4,-39,0,0,16626,1124,274,432,16626,1610,1534,1745,1718,-33,-53,-37,-59,-146,-550,255,137
6903,1134,-457,-58,-196,1091,17549,1386,56,-102,-32,0,-39,79,0,16579,1130,241,428,16579,1599,1562,1726,1729,-409,-433,-462,-489,-433,-739,255,142
6950,1881,-464,-162,-47,1189,8333,5902,-492,-174,-37,2,-120,39,0,16626,1130,181,432,16626,1588,1567,1744,1716,-443,-473,-501,-534,-505,-665,255,144
7003,2109,-341,125,197,1006,10591,5841,-2079,-184,-29,0,0,0,0,16673,1132,131,435,16673,1596,1529,1744,1731,-433,-648,-490,-733,-535,-833,255,141
7050,1815,-325,119,-45,1022,7722,2423,-797,-161,-28,4,-39,0,0,16626,1132,84,432,16626,1598,1556,1731,1733,-431,-848,-488,-960,-497,-995,255,140
7103,1639,-24,-47,84,1049,8211,7367,-2628,-146,1,2,-39,39,0,14756,1118,45,267,14756,1550,1476,1727,1684,-376,-895,-420,-1000,-504,-1038,255,140
7150,1490,-467,86,34,935,10103,3522,-1102,-133,-40,2,-39,0,0,13374,1127,-29,139,13374,1534,1437,1674,1665,178,-420,200,-474,144,-560,255,137
7203,1062,-815,120,-124,814,4793,1569,239,-92,-71,2,0,0,0,12956,1136,-76,100,12956,1508,1469,1655,1653,-297,-1009,-337,-1146,-324,-1093,255,140
7250,620,-781,105,-210,635,5159,2057,-4,-54,-68,2,0,0,0,12956,1123,-108,100,12956,1514,1452,1650,1658,-407,-1465,-457,-1645,-495,-1526,255,139
7303,-150,-1095,104,-102,427,6196,714,361,-14,-92,2,-320,39,0,12914,1130,-182,96,12914,1512,1458,1651,1651,-477,-1607,-539,-1816,-490,-1715,255,144
7350,-257,-1321,114,-150,942,6380,5109,117,-5,-111,2,-320,39,0,13458,1093,-261,148,13458,1529,1468,1678,1650,-462,-1707,-505,-1866,-467,-1820,255,146
7403,-867,-1948,97,-77,673,10286,6329,-126,44,-166,4,-360,39,0,13756,1086,-357,175,13756,1544,1469,1675,1668,-34,-1631,-36,-1771,-144,-1811,255,144
7450,-833,-1961,-35,71,1081,16694,8954,789,65,-167,2,-80,39,0,13798,1073,-380,179,13798,1568,1454,1674,1659,159,-1481,171,-1590,-34,-1679,255,142
7503,-496,-1350,53,-77,406,16694,11273,361,36,-117,4,-80,0,0,13798,1035,-456,179,13798,1560,1459,1688,1648,-407,-2090,-421,-2163,-603,-2381,255,144
7550,-222,-1169,61,-129,984,12971,10297,239,120,-98,4,1159,39,0,14844,1014,-486,276,14844,1550,1527,1705,1677,-430,-2269,-436,-2300,-607,-2557,255,147
7603,181,-797,-110,7,605,15413,6268,-980,382,-20,2,4559,559,0,16767,989,-579,444,16767,1552,1558,1733,1705,-336,-2561,-332,-2533,-445,-2830,255,144
7650,270,-666,-46,-162,1269,35982,5292,-1530,367,18,2,4479,880,0,16767,963,-599,444,16767,1640,1497,1753,1726,-216,-1986,-208,-1912,-307,-2574,255,147
7703,1750,-143,-47,-309,962,38362,3888,-1163,231,102,4,4400,1319,0,16814,939,-596,448,16814,1636,1510,1758,1717,-16,-492,-15,-462,-84,-1162,255,144
7750,2870,-647,128,45,801,25484,-4473,-1041,126,62,4,4319,1359,0,16767,889,-566,444,16767,1615,1533,1737,1737,-173,-1303,-154,-1159,-154,-1893,255,147
7803,2755,-862,6,-79,933,23042,-200,-2201,126,50,6,4200,1440,0,16767,846,-592,444,16767,1630,1500,1751,1734,-312,-1719,-264,-1454,-308,-2121,255,145
7850,2734,-978,220,143,867,26216,-5877,-1163,347,-22,2,6719,720,0,16767,817,-624,444,16767,1629,1512,1728,1750,-314,-1820,-256,-1487,-278,-2155,244,148
7903,2707,-493,40,-207,1260,34028,4315,-1591,388,-4,2,7160,439,0,16720,771,-600,439,16720,1635,1494,1766,1714,-171,-1169,-132,-901,-247,-1763,255,146
7950,3964,-1113,265,178,772,34944,-6853,-1469,540,-58,4,10160,439,0,16767,778,-467,444,16767,1615,1524,1727,1754,-59,-443,-46,-345,0,-1098,255,143
8003,4342,-1111,76,99,702,37874,165,-1591,504,-9,4,10120,999,0,16673,740,-460,435,16673,1631,1494,1754,1723,-267,-579,-197,-428,-269,-1240,255,143
8050,4627,-1516,259,-69,932,43794,-3801,-675,636,-17,4,11919,1319,0,16673,704,-559,435,16673,1631,1511,1732,1737,-267,-421,-187,-296,-201,-1114,214,148
8103,4526,-1212,-53,-159,947,39644,-1787,-1469,662,47,2,12119,1760,0,16673,667,-493,435,16673,1623,1507,1757,1723,-82,-1044,-54,-696,-51,-1736,234,147
8150,5096,-1596,159,184,749,44526,-6731,-1163,476,14,2,10559,1760,0,16673,650,-495,435,16673,1649,1477,1734,1743,-23,-188,-15,-122,75,-944,255,143
8203,5808,-1823,-108,234,733,28963,-5205,-675,376,-61,2,10120,1119,0,16720,632,-417,439,16720,1621,1523,1740,1733,518,-1651,327,-1043,608,-2157,255,148
8250,5970,-1967,-257,-108,1431,25606,-322,422,253,-70,2,8880,1159,0,16720,648,-333,439,16720,1654,1500,1731,1733,65,-1468,42,-951,16,-1937,244,143
8303,5659,-2163,112,-38,1193,21516,-9295,1643,148,-91,2,7360,1119,0,16767,626,-268,444,16767,1652,1521,1709,1741,166,-2248,104,-1407,329,-2623,255,147
,,,,,,,,,,,,,,,,,,,,,,,,,,,,,,,
8403,3341,-1955,61,137,1040,3267,4743,-1102,249,-111,4,6199,680,0,16767,623,-201,444,16767,1615,1527,1745,1734,219,-2694,136,-1678,136,-2751,183,145
8450,2298,-1866,54,-258,1117,642,592,-431,336,-100,2,6159,720,0,16720,602,-211,439,16720,1581,1566,1736,1734,169,-2379,101,-1432,210,-2554,214,143
8503,1903,-1280,-200,111,955,5830,2728,-2140,340,-59,2,5799,599,0,16814,593,-190,448,16814,1611,1516,1753,1740,319,-2270,189,-1346,272,-2372,234,145
8550,1323,-1216,-80,-41,852,4732,1080,239,313,-81,4,4919,280,0,16814,578,-231,448,16814,1608,1555,1733,1734,249,-1689,144,-976,283,-1841,244,141
8603,1181,-1136,-61,-30,1100,215,1264,56,67,-85,4,1959,160,0,16814,553,-223,448,16814,1626,1531,1737,1729,377,-1367,208,-756,355,-1371,163,139
8650,625,-738,-218,-53,1228,-11198,8954,-736,-26,-53,4,320,120,0,16814,536,-187,448,16814,1600,1551,1758,1719,392,-1461,210,-783,295,-1351,224,143
8703,-165,-714,81,-81,973,-12601,-261,239,14,-51,4,0,120,0,18064,535,-257,551,18064,1629,1594,1743,1771,419,-1195,224,-639,424,-975,224,136
8750,-727,-624,-39,-22,1247,-16813,2057,-187,63,-40,4,0,160,0,18458,510,-163,584,18458,1623,1612,1770,1763,503,-926,257,-473,497,-696,163,138
8803,-783,-341,-65,42,1078,-6193,2606,-1774,68,-22,2,0,79,0,18409,520,-145,580,18409,1645,1566,1777,1775,530,-269,275,-140,484,-161,173,136
8850,-1088,-352,-88,-182,1289,-12113,6085,-1469,95,-23,2,0,79,0,18458,500,-119,584,18458,1619,1597,1791,1758,375,-504,187,-252,351,-276,214,140
8903,-1245,-405,68,-116,1247,-10953,5719,-919,108,-28,2,0,79,0,18409,493,-23,580,18409,1623,1597,1772,1770,99,-33,49,-16,0,157,142,131
8950,-1302,95,-120,-12,1171,-9916,7062,-980,113,15,2,0,79,0,18458,522,59,584,18458,1622,1599,1785,1760,676,102,352,53,555,282,204,130
9003,-1530,82,-32,-265,1356,-4179,2973,-1347,133,45,4,0,439,0,18458,477,70,584,18458,1635,1581,1782,1766,892,584,425,278,840,657,173,133
9050,-1173,312,-77,147,848,-3385,1630,-858,95,100,4,-80,840,0,18458,474,80,584,18458,1635,1587,1781,1762,671,644,318,305,633,698,0,131
9103,-456,5,-269,-179,1565,947,-2520,-2201,32,77,4,-80,880,0,18409,522,138,580,18409,1631,1570,1782,1774,210,435,110,227,254,418,173,133
9150,-211,-357,69,106,1024,-11137,1080,-2506,11,80,4,-80,1280,0,18508,488,2,587,18508,1606,1597,1792,1770,1059,732,516,357,996,953,163,135
9203,-333,-132,-10,36,1298,-10038,-7586,-1224,22,155,4,-80,1919,0,18458,470,100,584,18458,1616,1600,1781,1768,798,1119,375,526,864,1292,0,138
9350,-107,-1457,-210,-112,1268,11445,-24553,117,515,333,4,5799,5280,0,18458,499,231,584,18458,1608,1622,1760,1777,894,1062,446,530,1256,853,122,144
9403,715,-2115,59,-83,913,23469,-17168,-797,681,216,2,8520,4600,0,18359,555,286,576,18359,1606,1606,1774,1770,1353,1582,751,878,1653,1172,204,142
9450,2279,-2609,-22,119,1046,36043,-19732,239,652,138,2,9760,4200,0,18359,549,300,576,18359,1627,1598,1761,1773,1044,1667,573,915,1422,1024,153,144
9503,3779,-2562,-107,-102,1033,36592,-13689,-1469,574,87,4,10360,3559,0,18359,587,377,576,18359,1623,1582,1776,1774,950,1559,557,915,1188,921,224,146
9550,5104,-2882,18,349,974,29146,-13933,-370,462,6,4,10400,2960,0,18359,603,465,576,18359,1617,1602,1764,1775,1311,2005,790,1209,1603,1462,244,143
9603,5347,-2641,-77,35,821,26216,-10332,-675,297,24,2,8759,2920,0,18359,621,529,576,18359,1639,1572,1768,1776,971,1911,603,1187,1151,1453,214,142
9650,5652,-2671,-34,132,1024,15352,-9600,56,141,-48,2,7279,2119,0,18359,622,556,576,18359,1628,1593,1757,1779,1033,2128,643,1324,1255,1820,255,143
9703,5327,-2357,-73,64,1031,2901,-4717,-675,-307,-174,2,1800,360,0,18359,676,644,576,18359,1648,1564,1759,1787,956,2196,646,1485,1038,2146,255,143
9750,4916,-2311,156,83,990,-18034,-444,361,-415,-201,4,160,0,0,18409,721,643,580,18409,1602,1627,1756,1779,772,1337,557,964,781,1529,255,137
9803,3544,-1518,-59,-53,1098,-31950,7977,-1774,-606,-132,2,-3400,0,0,18359,745,553,576,18359,1627,1569,1780,1777,-13,916,-9,682,-152,1474,244,142
9850,1872,-647,-115,17,1161,-42936,3339,239,-673,-56,4,-5840,0,0,18359,751,607,576,18359,1616,1611,1771,1766,449,1454,337,1092,468,2128,255,140
9903,245,-386,71,109,1155,-50199,2484,-431,-775,-33,2,-8640,0,0,18359,752,547,576,18359,1610,1604,1766,1778,467,887,351,667,424,1763,255,137
9950,-1303,-290,-167,-120,1261,-62040,1996,117,-748,-21,2,-9880,39,0,18261,795,568,567,18261,1581,1635,1766,1768,353,565,280,449,345,1611,255,142
10003,-2591,-359,210,303,955,-58988,-1604,361,-838,-27,0,-12200,39,0,17051,836,523,468,17051,1617,1603,1753,1781,472,496,394,414,500,1525,244,142
10050,-4193,238,-29,-238,1411,-66557,653,484,-733,27,4,-12600,79,0,16579,820,466,428,16579,1541,1604,1729,1738,272,343,223,281,223,1528,255,140
10103,-5339,346,27,274,1364,-60087,1447,422,-748,30,4,-13920,0,0,16626,877,544,432,16626,1563,1583,1733,1735,304,296,266,259,279,1344,255,138
10150,-5958,546,54,238,1026,-58561,-2764,1399,-754,51,2,-14600,39,0,16626,918,648,432,16626,1564,1593,1721,1737,98,940,90,863,127,1949,255,139
10203,-6750,208,71,74,966,-58500,-1116,850,-688,21,0,-14639,39,0,16579,946,673,428,16579,1546,1603,1729,1735,285,551,269,521,304,1572,255,138
10250,-6687,210,-34,237,1271,-51542,3583,1948,-697,21,2,-14680,39,0,16579,983,668,428,16579,1574,1591,1736,1713,260,540,255,531,269,1501,255,141
10303,-7224,288,87,-55,1186,-47941,348,2376,-584,32,4,-13920,79,0,16579,1010,672,428,16579,1554,1618,1714,1728,-173,1798,-175,1816,-179,2634,255,145
10350,-7920,148,242,-121,632,-44340,-3374,2986,-390,16,2,-12400,39,0,16579,1039,669,428,16579,1542,1636,1701,1734,-14,1539,-15,1599,17,2333,244,144
10403,-7198,108,12,91,451,-30790,-139,1155,-453,12,0,-12400,39,0,16532,1097,674,423,16532,1582,1576,1727,1730,5,1697,6,1861,8,2234,255,135
10450,-6236,325,-79,34,908,-28837,958,1826,-391,35,2,-10720,79,0,16579,1109,761,428,16579,1552,1615,1724,1722,-3,1097,-3,1217,0,1560,255,137
10503,-5619,-23,91,-155,1072,-19682,897,2864,85,-2,4,-4640,0,0,16626,1177,752,432,16626,1515,1659,1709,1721,-35,970,-41,1142,-51,1313,255,138
10550,-5021,-293,206,-22,839,154,-2276,2620,141,-25,2,-3400,0,0,16579,1187,676,428,16579,1573,1607,1700,1735,17,1086,20,1289,-50,1124,255,138
10603,-2975,-263,-227,-127,1451,17122,4987,1216,238,-19,2,-240,39,0,16626,1193,602,432,16626,1577,1589,1730,1721,-66,699,-79,834,-153,400,255,142
10650,-1212,-321,-180,-81,1097,20479,5231,1277,88,-28,2,-199,0,0,16626,1210,500,432,16626,1587,1580,1727,1723,-72,575,-87,696,-163,180,255,139
10703,571,-757,132,-47,867,19624,4254,1460,-60,-62,2,-120,39,0,16532,1228,450,423,16532,1596,1571,1720,1725,-119,342,-146,420,-193,0,255,137
10750,1450,-306,57,-43,1068,12727,4743,-492,-137,-23,4,-120,39,0,16579,1241,440,428,16579,1587,1560,1737,1730,-117,177,-146,220,-206,-8,255,140
10803,1871,-75,-147,-89,892,7173,6085,-126,-247,-3,0,-960,39,0,16579,1264,382,428,16579,1591,1555,1740,1723,-140,-62,-178,-78,-247,-187,255,140
10850,2223,99,-154,65,822,2534,3278,56,-382,8,2,-2160,0,0,16579,1278,358,428,16579,1588,1562,1731,1729,-101,118,-130,151,-174,-9,255,133
10903,2071,-391,145,86,988,-4301,-1970,1338,-442,-34,4,-3000,0,0,16579,1296,339,428,16579,1603,1566,1712,1733,-122,-104,-158,-135,-87,-29,255,142
10950,1352,-314,135,-3,859,-10038,2057,728,-411,-20,4,-3360,79,0,16532,1321,346,423,16532,1591,1572,1725,1725,-149,-281,-198,-371,-196,-128,255,144
11003,581,173,-146,100,1178,-6315,5841,-614,-347,15,4,-3400,0,0,16579,1338,377,428,16579,1596,1547,1743,1721,-120,-332,-161,-444,-222,-222,255,143
11050,142,-47,45,101,962,-1920,1691,-187,-239,-4,4,-2600,0,0,16626,1351,355,432,16626,1597,1555,1731,1731,-172,-451,-232,-610,-179,-392,255,140
11103,-424,-318,-9,-258,1083,-211,653,117,-95,-24,4,-1520,39,0,16626,1366,334,432,16626,1586,1569,1729,1728,-151,-628,-206,-858,-162,-624,255,142
11150,-340,39,-102,-234,1073,8455,4926,117,22,3,2,-80,0,0,16579,1388,338,428,16579,1601,1551,1736,1721,-120,-725,-167,-1006,-231,-819,255,138
11203,279,261,55,127,746,18220,2973,-492,-34,26,4,-120,39,0,16532,1393,321,423,16532,1621,1519,1734,1727,-113,-559,-158,-779,-165,-877,255,139
11250,707,-79,101,38,835,12971,-2092,-65,-72,-3,4,-120,39,0,16579,1387,220,428,16579,1604,1547,1721,1737,-139,-1051,-194,-1457,-119,-1338,255,142
11303,881,-70,-147,-90,1127,9309,3461,-187,-83,-2,2,-80,39,0,14579,1413,204,251,14579,1571,1506,1715,1690,111,-814,157,-1151,50,-977,244,137
11350,957,10,-107,46,685,8821,226,-65,-87,7,2,-39,79,0,13585,1424,178,159,13585,1535,1460,1666,1674,-58,-886,-83,-1262,-156,-1075,255,134
11403,673,-256,91,-14,636,11018,-3496,1826,213,-18,4,3120,39,0,13670,1427,147,168,13670,1535,1497,1645,1674,-189,-1293,-269,-1845,-128,-1485,255,145
11450,-184,-764,142,-56,479,22859,287,1948,445,-66,4,4919,0,0,14273,1427,75,224,14273,1542,1487,1648,1665,-89,-1330,-128,-1898,-101,-1713,255,142
11503,335,-997,104,-122,856,33967,226,1765,689,-13,2,8239,840,0,15022,1427,7,291,15022,1553,1549,1683,1692,140,-1139,200,-1625,136,-1732,255,141
11550,1261,-1018,83,48,320,51118,-4412,1094,748,-12,2,9840,880,0,15067,1411,-108,296,15067,1605,1484,1668,1716,12,-1608,18,-2269,-67,-2350,255,143
11603,2836,-1120,-30,100,802,55818,-1787,2437,618,-90,4,9919,79,0,14933,1394,-208,284,14933,1615,1487,1673,1689,-22,-1420,-31,-1980,8,-2394,255,144
11650,4424,-1428,-151,-26,1267,48555,6452,-797,608,-121,4,11399,39,0,15022,1390,-218,291,15022,1574,1493,1717,1684,-126,-1754,-175,-2439,-145,-2610,255,152
11703,4957,-1489,274,104,1021,49348,3522,484,461,-122,2,10240,79,0,16673,1388,-231,435,16673,1658,1500,1720,1733,-56,-1578,-77,-2190,-117,-2439,255,148
11750,5562,-750,122,183,987,44038,2911,-980,170,-62,2,7519,39,0,16673,1378,-172,435,16673,1655,1482,1731,1738,-6,-1642,-9,-2262,-84,-2449,255,142
11803,5772,-882,140,-44,772,19441,470,-1774,93,-73,4,6840,39,0,16673,1346,-188,435,16673,1590,1548,1739,1738,-188,-1765,-253,-2375,-196,-2104,255,146
11850,4780,-308,-147,-113,1000,11751,7367,-2140,246,-23,4,7600,39,0,16720,1344,-160,439,16720,1581,1553,1751,1732,-63,-1754,-85,-2357,-246,-2009,255,149
11903,4253,-17,35,136,900,26887,2728,-2811,435,40,2,9240,480,0,16720,1338,-212,439,16720,1609,1512,1755,1739,-11,-1274,-15,-1705,-58,-1743,255,143
11950,4072,-135,42,-145,1058,31465,-17,-1835,580,57,4,10720,799,0,16720,1337,-212,439,16720,1614,1519,1742,1741,-92,-1630,-123,-2179,-128,-2151,255,148
12003,4110,-189,73,7,968,36592,1752,-2384,580,14,4,10760,360,0,16767,1325,-148,444,16767,1621,1502,1750,1742,-76,-1438,-101,-1906,-107,-2077,255,145
12050,4499,-230,315,99,847,33845,-994,-2567,619,-16,4,11600,39,0,16720,1313,-113,439,16720,1593,1528,1743,1749,-108,-1359,-142,-1784,-84,-2044,255,147
12103,4785,-106,-151,71,1103,33052,4682,-2750,559,-9,4,11199,0,0,16720,1322,-56,439,16720,1615,1501,1760,1737,-97,-1321,-128,-1747,-178,-1898,255,146
12150,4893,35,25,44,870,33784,6268,-3117,480,10,4,10400,79,0,16720,1322,25,439,16720,1613,1491,1767,1732,-87,-1111,-115,-1469,-108,-1704,255,141
12203,4949,29,-150,-100,1053,21272,4010,-3178,363,6,4,9119,39,0,16767,1334,32,444,16767,1596,1513,1766,1738,-56,-894,-75,-1192,-126,-1265,255,142
12250,4759,81,-152,-86,1148,10713,4010,-3117,174,17,2,6759,120,0,16626,1315,15,432,16626,1580,1521,1760,1741,9,-869,12,-1143,-111,-1181,255,140
12303,3980,-152,158,36,901,2962,-2398,-1896,22,-13,2,4240,0,0,16720,1330,26,439,16720,1619,1499,1740,1755,-50,-682,-67,-908,-8,-734,255,136
12350,2939,-65,-134,-131,1388,-5582,4559,-2872,-102,1,4,1759,79,0,16720,1303,-15,439,16720,1609,1498,1765,1740,0,-594,-1,-775,-76,-473,255,139
12403,1853,26,47,-106,962,-19743,531,-1896,-140,5,2,239,39,0,16767,1301,-58,444,16767,1577,1544,1751,1746,-7,-404,-10,-525,-17,-59,255,135
12450,618,124,32,-32,865,-19865,-3435,-2506,-36,17,2,199,79,0,16767,1286,-97,444,16767,1581,1529,1748,1756,26,-362,33,-466,8,42,255,132
12503,-620,-131,24,-28,1101,-11442,-2581,-1774,64,-8,4,120,39,0,16767,1277,-127,444,16767,1592,1528,1749,1748,64,-98,82,-125,109,101,255,137
12550,-1068,-406,-135,-141,1187,-9367,-3923,-1408,96,-31,4,39,39,0,16767,1267,-115,444,16767,1587,1537,1744,1750,-4,-77,-5,-97,34,93,255,137
12603,-1320,-699,90,18,1242,-6193,-1665,-2567,129,-54,4,160,79,0,17675,1272,-84,520,17675,1601,1551,1771,1770,64,19,82,25,93,127,255,133
12650,-1226,-621,92,-50,1133,-3873,-5510,-2323,117,-50,2,120,39,0,18212,1253,-105,564,18212,1615,1562,1775,1785,51,131,63,164,144,228,255,138
12703,-1045,-675,-44,103,1016,-2775,-1848,-3544,73,-55,2,-199,39,0,18163,1238,-94,560,18163,1617,1539,1787,1785,180,283,223,350,212,331,255,140
12750,-644,-868,-66,-25,1319,-5765,-4290,-2323,42,-72,4,-160,39,0,18212,1238,-105,564,18212,1606,1570,1777,1784,125,254,154,315,229,323,255,140
12803,-736,-930,88,57,1174,-7474,-4168,-2872,50,-77,2,-160,39,0,18212,1239,-87,564,18212,1602,1564,1777,1793,-72,345,-90,428,0,476,255,135
12850,-892,-782,77,-146,1349,-5399,-2703,-2933,63,-64,6,-160,39,0,18261,1214,-46,567,18261,1607,1562,1782,1789,111,408,135,495,204,519,255,139
12903,-427,-488,71,148,1095,-9611,-3008,-3239,19,-35,4,-199,79,0,18212,1195,-59,564,18212,1587,1576,1784,1792,144,475,172,567,197,642,255,138
12950,-436,-651,111,-63,718,-9611,-4107,-2933,20,-56,2,-199,0,0,18261,1201,-34,567,18261,1589,1575,1776,1798,167,596,201,716,212,754,255,137
13003,-632,-581,127,-66,1261,-9733,-7525,-1224,44,-47,4,-120,39,0,16909,1210,-17,455,16909,1566,1556,1739,1768,134,715,162,865,265,885,255,139
13050,-187,-845,-122,-115,1213,-8268,-4473,-1041,2,-63,4,-160,120,0,16485,1212,43,419,16485,1562,1540,1732,1759,138,799,168,968,204,902,255,140
13103,12,-845,-27,133,1109,-10709,-1787,1155,-8,-66,2,-80,79,0,15112,1212,52,300,15112,1533,1531,1696,1720,113,799,137,968,145,986,255,135
13150,-34,-780,-26,240,1157,-12968,-139,1094,0,-61,4,-39,79,0,15112,1213,22,300,15112,1523,1540,1693,1721,153,969,185,1176,68,1111,255,135
13203,-872,-530,-50,-172,988,-10282,1264,2742,69,-42,0,-80,39,0,13458,1220,25,148,13458,1492,1504,1649,1680,107,905,131,1104,85,1084,255,137
13250,-1419,-274,-282,184,1141,-7169,1325,2803,120,-16,2,-39,79,0,13416,1214,-30,143,13416,1495,1499,1648,1672,72,799,87,970,9,944,255,135
13303,-1432,-582,-320,-13,1150,-2714,897,3230,152,-12,4,320,439,0,13374,1213,-79,139,13374,1503,1504,1648,1665,75,977,91,1185,59,1024,255,138
13350,-1548,-1195,131,-81,304,-700,7733,3840,194,-65,4,680,439,0,13374,1214,-163,139,13374,1504,1515,1653,1652,86,1095,104,1329,43,1136,255,140
13403,-974,-1171,176,-134,506,2962,10175,3230,308,-60,2,2560,480,0,13374,1190,-261,139,13374,1485,1526,1664,1647,160,1165,191,1387,-16,1114,255,144
13450,-321,-872,-196,-172,1173,7722,1325,5183,377,-37,2,3999,439,0,13332,1171,-368,136,13332,1495,1547,1619,1665,187,1215,219,1423,8,1052,255,142
13503,291,-346,123,-130,1185,14131,3217,5061,369,-19,2,4519,120,0,13374,1162,-344,139,13374,1526,1519,1628,1656,7,1221,8,1419,-48,975,255,138
13550,844,170,113,-173,1128,13338,9442,3779,467,28,2,6199,160,0,13374,1148,-381,139,13374,1484,1543,1672,1625,28,1255,32,1440,33,994,255,137
13603,1524,269,125,115,994,18220,3034,2742,383,44,4,5920,239,0,13458,1135,-443,148,13458,1522,1499,1655,1655,189,1375,214,1561,136,1057,255,140
13650,2498,-129,-28,-170,95,20601,-2764,2986,200,2,4,4800,160,0,14491,1108,-547,244,14491,1557,1489,1635,1685,200,1237,222,1371,179,931,255,140
13703,3055,-488,-33,-172,903,4609,287,1521,-99,-25,2,1919,199,0,15518,1073,-648,336,15518,1543,1542,1693,1690,232,1548,249,1661,227,1468,255,141
13750,2881,-802,123,200,911,-10709,1569,1399,-234,-45,4,199,280,0,15929,1031,-733,372,15929,1565,1570,1712,1710,219,1216,226,1253,222,1426,255,143
13803,1841,-753,170,-44,567,-20170,-1116,2192,-153,-48,2,79,199,0,15929,999,-768,372,15929,1546,1598,1691,1722,-58,982,-58,981,-38,1334,255,140
13850,1051,-333,145,115,917,-15897,3156,56,-88,-15,4,39,160,0,15929,959,-746,372,15929,1548,1571,1729,1706,71,1666,68,1598,179,2007,255,136
13903,603,-645,21,-157,680,-14494,-4107,1094,-56,-42,2,-39,160,0,16438,925,-762,415,16438,1551,1609,1708,1740,234,2298,216,2126,306,2551,255,141
13950,361,-233,20,66,1129,-14982,-2153,-65,-31,-13,0,0,79,0,16532,894,-817,423,16532,1545,1598,1724,1737,185,1913,165,1710,185,2185,255,136
14003,-108,118,38,-147,668,-13517,-2825,-370,2,17,2,-80,79,0,16626,812,-910,432,16626,1534,1608,1722,1742,179,2460,145,1998,228,2696,255,137
14050,567,-446,59,244,963,-9672,-3740,1094,-52,-32,2,-39,79,0,16626,768,-927,432,16626,1570,1594,1710,1738,590,2348,453,1803,646,2593,255,138
14103,61,-757,190,-134,546,-10404,-3008,300,-8,-62,4,-39,39,0,16626,751,-906,432,16626,1552,1605,1711,1746,229,2440,172,1832,281,2622,255,138
14150,195,-606,183,140,1347,-6925,3766,-370,-23,-45,2,-80,79,0,16626,679,-901,432,16626,1561,1586,1743,1723,-16,2048,-11,1391,101,2252,255,139
14203,26,-87,-219,-294,1373,-10587,2667,-1041,-68,-4,0,-759,39,0,16579,650,-876,428,16579,1529,1601,1733,1738,72,1947,47,1265,25,2131,244,138
14250,256,23,38,69,992,-11198,1935,-4,-57,5,2,-400,39,0,16579,593,-800,428,16579,1547,1599,1722,1737,582,1133,345,672,544,1413,255,131
14303,128,294,195,0,1143,32,958,-919,-42,25,2,-360,0,0,16720,586,-723,439,16720,1569,1574,1735,1741,797,1527,467,895,780,1526,122,130
14350,110,45,-47,303,1619,-6498,5597,-1469,-198,38,2,-2160,399,0,16673,535,-667,435,16673,1552,1581,1753,1727,36,889,19,475,35,958,204,135
14403,292,258,101,-181,1499,-9489,-4534,1521,-531,99,4,-5800,880,0,16673,510,-619,435,16673,1612,1565,1714,1735,32,127,16,65,112,293,132,137
14450,555,404,16,-26,1219,-27860,-17412,2376,-701,59,2,-7480,280,0,16767,514,-578,444,16767,1577,1606,1680,1755,-239,-318,-123,-163,19,145,183,143
14503,-717,-641,14,76,1307,-45927,-12102,1033,-642,-42,4,-8080,160,0,18163,450,-577,560,18163,1574,1663,1737,1771,-36,-527,-16,-237,174,274,163,144
14550,-1743,-613,-64,235,447,-37321,-1177,1582,-542,-46,4,-7960,79,0,18212,384,-567,564,18212,1607,1641,1743,1760,-72,-398,-27,-152,-8,361,0,141
14603,-2177,-632,11,-67,1226,-26456,-8745,178,-389,-48,2,-6640,79,0,18212,375,-623,564,18212,1582,1647,1723,1794,868,165,325,62,1020,627,153,141
14650,-2405,-713,-59,109,1374,-22123,-8745,-2018,-191,-58,2,-4600,39,0,18261,326,-517,567,18261,1560,1642,1750,1793,868,165,283,54,1020,627,0,142
14703,-2380,-1051,120,-24,1205,-6376,1569,-2689,-221,-88,4,-4920,39,0,18310,301,-574,571,18310,1604,1595,1774,1777,868,165,261,49,1020,627,0,141
14750,-1548,-963,-29,103,1054,-10404,4071,-4093,-294,-80,4,-4920,39,0,18409,247,-524,580,18409,1572,1610,1775,1796,868,165,214,40,1020,627,0,141
14803,-1227,-399,89,-10,1196,-12052,17255,-4093,-322,-27,2,-4920,79,0,18409,233,-559,580,18409,1573,1606,1797,1776,868,165,202,38,1020,627,0,141
14850,-1073,625,40,129,1176,-3202,26654,-4337,-391,54,4,-5560,0,0,18409,170,-328,580,18409,1598,1578,1807,1770,868,165,147,28,1020,627,0,137
14903,-837,1444,-92,77,1368,-4545,9076,-4703,-478,129,4,-6320,39,0,18409,233,-196,580,18409,1604,1563,1790,1793,868,165,202,38,1020,627,0,138
14950,-606,1095,149,71,1237,1069,7428,-2079,-505,99,2,-6399,39,0,18409,198,-162,580,18409,1634,1560,1790,1767,868,165,171,32,1020,627,0,136
15003,-305,1329,-79,57,963,-7963,9931,-1041,-528,119,4,-6360,39,0,18458,236,-53,584,18458,1622,1591,1790,1758,868,165,204,39,1020,627,0,136
15050,-123,1539,5,18,1220,-13029,-10576,300,-551,137,4,-6440,39,0,18458,209,25,584,18458,1623,1609,1747,1789,868,165,181,34,1020,627,0,135
15103,-616,269,-147,74,1495,-13090,-17473,422,-511,26,2,-6480,39,0,18359,147,-103,576,18359,1643,1584,1740,1791,868,165,127,24,1020,627,0,138
15150,-674,-635,-44,-73,1137,-14188,-12774,1460,-363,-51,2,-4840,39,0,18409,258,142,580,18409,1618,1627,1745,1776,868,165,224,42,1020,627,0,140
15203,-474,-1622,28,-13,1143,-11991,-8074,3963,-213,-138,4,-2920,39,0,18409,191,36,580,18409,1637,1640,1727,1766,868,165,165,31,1020,627,0,139
15250,-970,-1480,-144,-178,1202,-4118,3278,728,49,-118,6,-400,120,0,18359,231,106,576,18359,1618,1621,1756,1767,868,165,200,38,1020,627,0,138
15303,-384,-515,123,70,1010,11506,-78,2803,23,-44,2,-120,0,0,18409,236,361,580,18409,1662,1602,1734,1770,868,165,204,39,1020,627,0,131
15350,253,-174,68,-223,1533,2534,-1360,239,-25,-15,2,-39,0,0,18310,310,480,571,18310,1624,1608,1753,1775,868,165,269,51,1020,627,0,131
15403,960,-42,-109,325,857,1497,10236,606,-97,0,2,-160,39,0,18359,320,440,576,18359,1633,1604,1775,1749,369,598,118,191,293,529,0,130
15450,724,360,-40,-129,1138,-700,9686,-4,-77,34,2,-160,39,0,18310,332,604,571,18310,1632,1596,1764,1765,369,598,122,198,293,529,0,130
15503,950,718,-8,74,735,4854,-5693,1704,-149,66,2,-759,39,0,16579,379,616,428,16579,1617,1554,1704,1741,369,598,140,226,293,529,0,130
15550,1200,565,-8,77,1068,-5582,2911,667,-230,52,2,-1440,39,0,16626,342,517,432,16626,1592,1567,1728,1729,369,598,126,204,293,529,0,132
15603,499,287,100,-78,957,-8634,-2398,1826,-197,28,2,-1760,39,0,16159,418,524,392,16159,1587,1565,1692,1733,369,598,154,250,293,529,0,134
15650,328,115,75,18,936,-9672,226,1399,-255,41,4,-2600,360,0,14933,407,421,284,14933,1568,1521,1691,1688,1190,-709,484,-288,1218,-505,142,138
15703,-561,-21,-124,-226,817,-16264,1935,361,-240,60,4,-3320,720,0,14800,471,368,271,14800,1542,1529,1693,1693,1305,-851,615,-400,1225,-572,0,142
15750,-1271,-193,-20,-179,703,-13334,-1055,850,-182,52,4,-3360,799,0,14756,536,422,267,14756,1549,1530,1678,1701,1305,-851,699,-456,1225,-572,0,144
15803,-1473,-499,-199,-151,1078,-10526,-933,-4,-175,22,4,-3480,759,0,14800,472,252,271,14800,1546,1519,1686,1701,1209,-1692,570,-798,1225,-1508,173,148
15850,-1628,-776,-44,-62,798,-7719,-2398,545,-161,36,4,-3480,1199,0,14844,472,311,276,14844,1554,1522,1680,1702,1278,-1880,603,-887,1250,-1705,214,147
15903,-2017,-1008,-251,-56,1203,-5277,592,56,-54,41,2,-2640,1480,0,14933,536,229,284,14933,1544,1526,1699,1691,1329,-2268,712,-1215,1319,-2176,163,147
15950,-2344,-1447,-158,-1,1134,-639,958,1460,71,65,4,-1520,2200,0,15291,525,75,316,15291,1565,1548,1703,1685,1305,-2452,685,-1287,1321,-2411,193,145
16003,-2841,-1684,-240,-21,1249,9981,3766,1033,244,45,4,-39,2200,0,16720,484,11,439,16720,1606,1571,1735,1714,1283,-2535,621,-1227,1217,-2709,255,146
16050,-2124,-1444,-325,-84,1235,21638,-1543,1155,202,146,4,199,3120,0,16767,514,73,444,16767,1628,1552,1734,1715,1161,-2495,597,-1282,1221,-2884,193,149
16103,-858,-1463,7,-14,824,21272,-8257,-4,95,141,4,239,3080,0,16861,508,-20,452,16861,1620,1550,1728,1737,997,-2225,506,-1130,1141,-2596,183,141
16150,-44,-1338,-182,10,1263,14863,-8501,1155,17,158,4,160,3159,0,16956,480,-11,459,16956,1633,1557,1720,1736,1059,-1872,508,-898,1162,-2073,193,145
16203,320,-1380,69,15,902,10042,-9172,361,-13,120,4,160,2760,0,16909,484,-43,455,16909,1621,1557,1721,1741,719,-1515,348,-733,858,-1742,0,138
16250,284,-1362,146,-63,1111,13765,-8318,-431,-10,62,4,160,2079,0,17051,477,-50,468,17051,1631,1542,1734,1741,491,-1411,234,-673,699,-1608,204,143
16303,445,-1012,-178,-55,687,9981,-3496,911,-24,61,4,160,1719,0,17003,473,-151,464,17003,1628,1564,1731,1730,491,-1411,232,-667,699,-1608,0,140
16350,811,-865,4,11,693,8760,-4412,178,-60,43,2,120,1359,0,17003,468,-97,464,17003,1621,1558,1724,1744,491,-1411,230,-660,699,-1608,0,134
16403,845,-704,38,-119,1298,6135,-1055,239,-63,57,2,120,1359,0,17003,459,8,464,17003,1627,1552,1731,1736,418,-842,191,-386,451,-1001,0,135
16450,873,-566,81,209,771,6929,-4351,-431,-69,69,4,79,1359,0,17003,431,-94,464,17003,1630,1542,1733,1740,-136,-1515,-58,-653,0,-1636,173,137
16503,589,-751,-2,-151,1445,5037,-5022,2070,-44,46,4,79,1280,0,17003,463,-92,464,17003,1638,1568,1714,1731,-212,-613,-98,-283,-144,-703,0,138
16550,465,-528,37,-45,1063,7417,-5510,1277,-30,69,2,120,1319,0,17051,455,-124,468,17051,1637,1559,1724,1734,-613,-515,-279,-234,-505,-674,142,142
16603,444,-736,-115,88,1019,4671,-3191,56,-31,43,4,79,1240,0,17099,408,-79,471,17099,1633,1552,1729,1741,-374,-420,-152,-171,-319,-501,112,139
16650,473,-897,19,151,862,4426,-8013,1826,-30,26,2,120,1199,0,17146,412,-76,475,17146,1641,1566,1710,1742,-374,-420,-154,-173,-319,-501,0,138
16703,-162,-1061,16,-185,1117,5891,-8318,972,199,-50,2,2119,480,0,17146,418,-170,475,17146,1613,1586,1698,1762,-145,-431,-60,-180,0,-533,163,141
16750,152,-1136,113,188,688,12544,-5022,1826,241,-57,4,2920,480,0,17146,360,-162,475,17146,1652,1559,1713,1739,14,-913,5,-328,176,-991,0,137
16803,271,-922,-81,-151,1294,22737,1203,1338,437,-77,2,5279,39,0,17146,396,-95,475,17146,1638,1568,1721,1736,14,-913,5,-361,176,-991,0,135
16850,505,-764,116,-188,798,33174,7001,911,500,-63,0,6240,39,0,17146,425,1,475,17146,1654,1537,1724,1734,410,-325,174,-138,322,-818,0,134
16903,1789,-240,-156,-92,911,37446,4376,2437,384,-14,4,6199,79,0,17099,416,-39,471,17099,1668,1549,1714,1727,972,521,404,217,903,-147,0,136
16950,2717,137,-7,198,817,27986,7489,-675,307,15,2,6240,39,0,17146,460,139,475,17146,1641,1539,1741,1735,-613,-131,-282,-60,-726,-575,112,138
17003,3040,0,40,-147,986,25972,5658,-980,244,0,2,5839,0,0,17099,407,19,471,17099,1642,1531,1737,1741,1237,-52,503,-21,1138,-506,142,132
17050,3339,295,186,139,705,16694,9320,-248,179,32,0,5399,79,0,17338,431,77,491,17338,1622,1561,1747,1725,1237,-52,533,-22,1138,-506,0,134
17103,3035,865,-31,21,1028,17488,6879,-858,241,82,4,5799,79,0,17099,420,117,471,17099,1635,1544,1744,1734,-50,186,-21,78,-170,-119,132,135
17150,2951,587,-8,160,850,25300,2973,-1041,283,54,4,6199,39,0,17146,429,53,475,17146,1655,1517,1744,1737,61,-235,26,-101,60,-542,112,133
17203,2720,95,179,-44,943,18281,7672,-919,429,8,0,7639,0,0,17146,438,4,475,17146,1617,1559,1752,1730,-235,226,-103,99,-369,-92,193,131
17250,2785,27,144,107,875,25728,12494,-614,577,5,2,9400,39,0,17051,416,14,468,17051,1618,1559,1756,1718,350,-51,145,-21,189,-517,142,133
17303,2971,900,27,-126,1159,32747,958,-1469,599,82,2,9840,39,0,17099,423,126,471,17099,1633,1533,1741,1744,119,524,50,222,102,-46,173,134
17350,3560,187,371,158,866,36531,348,-797,607,23,0,10520,79,0,17099,447,76,471,17099,1629,1544,1742,1737,356,-114,159,-51,381,-746,193,135
17403,3961,19,-190,-202,1104,35554,4132,2254,607,5,4,10920,39,0,17099,484,227,471,17099,1650,1567,1722,1721,20,-48,9,-23,-51,-669,153,134
17450,4305,274,121,159,838,37446,1691,1155,500,27,4,10039,39,0,17051,484,246,468,17051,1660,1538,1720,1733,20,-48,9,-23,-51,-669,0,131
17503,4639,53,168,-60,880,34456,-4107,-1041,418,11,4,9440,79,0,17099,523,234,471,17099,1649,1522,1734,1744,-498,-436,-260,-228,-426,-1037,183,142
17550,4841,-199,-1,-109,1001,22493,-2764,-1102,362,-13,2,8999,39,0,17003,529,345,464,17003,1607,1562,1746,1730,131,-754,69,-398,258,-1318,183,142
17603,4378,-578,-20,-118,938,13704,1996,-431,396,-46,2,8920,39,0,16909,526,289,455,16909,1608,1566,1737,1729,219,-2299,115,-1209,184,-2538,224,143
17650,3757,-67,-39,-232,977,16694,4437,-1286,450,-2,4,8920,39,0,16909,582,316,455,16909,1618,1544,1750,1724,184,-2674,107,-1556,144,-2899,183,142
17703,3350,-217,46,-45,1195,13032,2240,-1469,451,-12,4,8520,79,0,16814,513,263,448,16814,1602,1553,1740,1733,217,-2198,111,-1127,178,-2425,153,143
17750,3139,-3,-19,-29,960,13887,-1726,-1286,462,3,4,8439,39,0,16720,543,151,439,16720,1604,1556,1739,1735,153,-1665,83,-904,194,-1932,163,138
17803,2955,-531,-29,-48,923,13521,-3130,-1347,475,-42,4,8400,39,0,16767,542,127,444,16767,1601,1553,1733,1738,191,-1146,103,-621,245,-1382,163,143
17850,2615,-580,4,-135,928,12971,2057,-2262,501,-47,2,8360,39,0,16720,542,84,439,16720,1588,1549,1744,1737,140,-789,76,-427,125,-981,193,137
17903,2746,-549,38,161,826,12483,1935,-1713,322,-44,4,6440,39,0,16720,543,34,439,16720,1618,1523,1737,1738,240,-176,130,-95,207,-394,142,137
17950,2847,-455,125,32,1033,5342,409,-1957,156,-32,4,4640,79,0,16673,543,-11,435,16673,1598,1544,1746,1734,103,171,56,92,163,9,173,131
18003,2473,-442,31,-65,891,-7658,-3862,-1835,-173,-35,4,479,39,0,16767,519,-26,444,16767,1609,1533,1732,1748,94,853,48,442,161,987,193,135
18050,1581,-617,-149,-254,982,-25480,-689,-1835,-131,-50,-4,79,39,0,16767,528,-73,444,16767,1554,1583,1741,1744,124,1498,65,790,145,1890,132,141
18103,359,-613,126,0,1085,-25480,958,-2201,-561,-50,4,-6080,39,0,16767,477,-118,444,16767,1639,1487,1740,1744,108,1650,51,787,112,2107,0,137
18150,-149,-691,163,37,913,-43851,897,-1713,-622,-53,4,-7280,79,0,17194,467,-163,480,17194,1582,1581,1750,1747,108,1650,50,770,112,2107,0,138
18203,-2260,-303,-227,-95,922,-61063,1935,-1591,-507,-26,4,-8080,0,0,18163,416,-364,560,18163,1579,1629,1770,1763,-175,701,-72,291,-208,1767,142,145
18250,-4165,-72,-184,-82,1036,-51481,1141,-1286,-310,0,4,-7720,79,0,18212,464,-329,564,18212,1586,1628,1763,1769,-452,649,-209,301,-500,1652,0,143
18303,-5056,-318,19,6,1226,-35673,-1055,-1286,95,-20,2,-3960,79,0,18212,322,-454,564,18212,1545,1662,1759,1775,-186,90,-59,29,-178,802,0,137
18350,-4946,-752,-57,-3,1182,-19559,-567,-614,274,-65,4,-1800,0,0,18163,336,-433,560,18163,1590,1630,1759,1765,-2220,1660,-746,558,-2202,2079,132,146
18403,-3736,-1001,209,2,926,2656,2301,-1530,329,-80,4,39,79,0,18212,322,-383,564,18212,1617,1592,1766,1769,-232,2064,-74,664,-272,2017,112,139
18450,-2220,-532,231,174,1240,6257,3888,-492,455,-42,4,2999,39,0,18212,351,-239,564,18212,1573,1647,1764,1761,-232,2064,-81,724,-272,2017,0,140
18503,-765,272,-201,3,1212,12361,12250,-187,419,27,4,4040,39,0,18212,262,-287,564,18212,1607,1621,1781,1743,-232,2064,-60,540,-272,2017,0,138
18550,621,849,-265,346,901,15840,11212,-1286,301,74,2,4080,0,0,18261,401,-118,567,18261,1608,1605,1788,1748,-232,2064,-93,827,-272,2017,0,138
18603,2142,917,3,87,978,12727,-200,-492,312,83,2,5720,39,0,18261,259,-209,567,18261,1599,1625,1763,1765,-232,2064,-60,534,-272,2017,0,134
18650,2539,649,31,114,1030,12300,653,545,284,60,2,5799,39,0,18212,287,-296,564,18212,1609,1625,1764,1751,-232,2064,-66,592,-272,2017,0,135
18703,3281,370,71,57,1241,13704,2057,1216,184,39,4,5399,79,0,18261,224,-139,567,18261,1616,1630,1757,1753,-232,2064,-52,462,-272,2017,0,136
18750,4117,840,-99,49,987,10957,2667,-431,-66,80,0,3359,79,0,18212,285,-25,564,18212,1642,1577,1775,1751,-232,2064,-66,588,-272,2017,0,135
18803,4050,631,-120,119,1162,-7108,2973,545,-349,58,4,39,39,0,18261,185,-121,567,18261,1612,1626,1769,1746,-232,2064,-43,381,-272,2017,0,137
18850,3367,472,-74,57,1260,-19071,-1360,545,-290,48,4,39,79,0,18261,230,-50,567,18261,1603,1636,1761,1755,-232,2064,-53,474,-272,2017,0,136
18903,3239,-566,215,192,419,-16019,-10393,361,-338,-42,2,-640,79,0,18212,267,3,564,18212,1636,1598,1741,1778,-232,2064,-62,551,-272,2017,0,139
18950,2181,-754,121,-53,1072,-21329,-4900,-614,-246,-58,4,-640,79,0,18261,263,6,567,18261,1589,1634,1761,1767,-232,2064,-61,542,-272,2017,0,140
19003,1629,-839,65,237,900,-21268,2667,-1408,-170,-66,4,-320,79,0,18261,286,56,567,18261,1596,1617,1781,1756,-232,2064,-66,590,-272,2017,0,139
19050,1629,-526,227,206,793,-14677,-7097,-248,-163,-42,2,-240,39,0,18261,273,73,567,18261,1613,1613,1753,1773,-232,2064,-63,563,-272,2017,0,140
19103,1585,-539,-19,182,891,-19620,-628,-2079,-236,-43,2,-1119,39,0,18310,220,9,571,18310,1603,1597,1777,1767,-232,2064,-51,454,-272,2017,0,140
19150,1739,-171,-32,285,934,-23466,3522,-980,-619,-11,4,-5360,39,0,18310,266,104,571,18310,1631,1587,1773,1763,-232,2064,-61,549,-272,2017,0,141
19203,1143,46,-86,10,1072,-46781,287,-126,-804,7,4,-8080,39,0,18261,298,119,567,18261,1584,1641,1764,1762,-232,2064,-69,615,-272,2017,0,136
19250,-291,184,-59,-33,1051,-55631,-2825,-1835,-861,19,0,-10160,39,0,18212,293,147,564,18212,1590,1612,1770,1775,-232,2064,-68,604,-272,2017,0,143
19303,-1705,-280,134,-136,1488,-53800,-5449,-614,-744,-20,4,-10240,39,0,18261,319,100,567,18261,1583,1636,1757,1774,-232,2064,-74,658,-272,2017,0,146
19350,-2809,-250,45,-127,1061,-58988,-4107,-919,-672,-14,4,-10520,79,0,18261,366,238,567,18261,1565,1648,1761,1773,-453,-596,-218,-404,441,163,148,
19403,-3152,-618,22,283,1277,-50932,3278,-1835,-709,-53,2,-11280,0,0,18310,321,270,571,18310,1586,1615,1776,1769,-82,-857,-26,-275,-140,31,112,143
19450,-4127,-428,-129,296,867,-46842,-1299,178,-690,-33,4,-12040,39,0,18261,382,325,567,18261,1588,1638,1763,1759,-82,-857,-31,-327,-140,31,0,142
19503,-4272,-931,29,45,1071,-46781,-2703,-1774,-653,-77,2,-11760,39,0,18212,372,386,564,18212,1567,1632,1762,1781,-594,-378,-221,-140,-547,437,112,147
19550,-4638,-697,-126,-10,1366,-50321,3827,-1041,-593,-57,2,-11440,39,0,18261,427,403,567,18261,1565,1644,1772,1766,-552,-639,-236,-272,-615,205,153,149
19603,-5055,-471,-35,52,1022,-40800,1691,56,-462,-37,2,-10360,39,0,18261,482,479,567,18261,1578,1645,1759,1768,195,-148,94,-71,165,563,132,139
19650,-4982,9,39,136,422,-34269,-994,-126,-437,4,4,-10000,39,0,18310,454,451,571,18310,1588,1638,1754,1776,497,581,225,264,464,1174,122,136
19703,-4329,43,-234,-178,1233,-21696,-12896,1582,-418,10,4,-9120,79,0,18261,532,534,567,18261,1616,1629,1732,1777,64,916,34,487,289,1295,193,141
19750,-3808,-846,-163,-93,1157,-25419,-9234,1277,84,-70,4,-2840,39,0,18212,527,621,564,18212,1501,1722,1747,1764,64,916,34,483,289,1295,0,138
19803,-3246,-1318,6,26,1128,-6010,3339,361,94,-108,2,-2160,79,0,18261,550,504,567,18261,1596,1636,1764,1760,565,2576,310,1417,507,2681,214,139
19850,-1383,-1209,-40,365,953,14863,2240,-4,36,-102,2,-960,39,0,18212,570,507,564,18212,1623,1601,1756,1768,721,1843,411,1050,712,1709,173,139
19903,-353,-978,16,-13,792,10774,2484,1765,23,-81,2,-80,39,0,18261,597,523,567,18261,1612,1634,1748,1758,372,1282,222,765,329,1094,255,135
19950,722,-600,-1,25,974,12910,1874,422,-66,-48,0,-39,39,0,18212,621,586,564,18212,1615,1616,1749,1773,414,932,257,579,323,714,214,131
20003,1494,-121,82,123,1286,11079,5292,-919,-133,-3,4,-39,79,0,18261,621,525,567,18261,1611,1606,1764,1770,405,536,252,333,313,342,183,135
20050,1895,-85,208,-9,1090,10225,2667,-431,-168,0,2,-39,79,0,18212,643,500,564,18212,1612,1607,1762,1766,344,315,221,202,354,135,204,133
20103,1712,287,-85,-94,955,7051,4376,-1713,-142,32,4,79,79,0,18261,682,535,567,18261,1604,1603,1776,1766,361,-111,246,-76,285,-235,244,135
20150,1750,328,-205,-124,1066,10103,2667,-1163,-149,28,2,39,0,0,18261,713,517,567,18261,1617,1592,1767,1770,280,-107,200,-76,221,-280,234,138
20203,1923,259,17,-82,1061,11934,-2703,484,-167,26,4,0,39,0,18212,717,548,564,18212,1631,1602,1747,1773,312,-673,223,-482,359,-881,255,135
20250,2137,75,59,52,1036,13582,-1970,-309,-183,10,4,39,39,0,18261,743,527,567,18261,1642,1580,1750,1779,376,-998,279,-741,342,-1198,255,136
20303,2150,103,52,-15,875,13276,-383,728,-187,16,2,0,79,0,18261,767,506,567,18261,1647,1587,1753,1766,408,-1128,312,-865,414,-1359,255,135
20350,2161,-249,137,-55,876,14497,-3008,606,-181,-18,2,79,39,0,18261,769,422,567,18261,1654,1576,1749,1769,330,-1308,253,-1005,418,-1487,255,141
20403,2054,-26,-264,40,1136,8760,3461,178,-175,1,2,39,39,0,18261,824,501,567,18261,1636,1590,1770,1751,43,-257,35,-212,-16,-410,224,132
20450,1973,-271,-49,106,861,9981,-2825,484,-168,-20,4,39,39,0,18212,842,502,564,18212,1647,1585,1743,1774,441,-1511,372,-1272,435,-1733,255,140
20503,1697,-130,19,-159,1049,9797,-2459,1643,-141,-7,2,79,39,0,16626,849,492,432,16626,1623,1548,1712,1733,404,-1842,343,-1564,447,-2013,255,141
20550,1728,-274,142,100,928,8088,-3069,1033,-147,-16,2,39,79,0,15291,879,491,316,15291,1601,1516,1696,1716,311,-1819,273,-1599,376,-1943,255,141
20603,1218,-244,-103,-166,880,2473,714,1155,-99,-17,2,79,39,0,15291,911,440,316,15291,1579,1526,1696,1702,311,-2024,284,-1844,299,-2067,255,140
20650,959,-604,-130,-86,916,5220,-200,1643,-76,13,2,79,759,0,14844,911,357,276,14844,1584,1502,1673,1698,311,-2087,284,-1901,254,-2154,255,139
20703,711,-657,110,129,739,2901,3644,1521,11,110,2,839,1919,0,14844,932,319,276,14844,1567,1520,1697,1675,383,-2118,357,-1974,319,-2168,255,140
20750,353,-808,47,74,589,5159,43,545,49,97,4,920,1919,0,14889,924,263,280,14889,1562,1510,1693,1684,361,-2122,334,-1961,404,-2273,255,134
20803,98,-1456,195,-117,553,11140,-872,728,68,75,4,880,2320,0,14756,917,84,267,14756,1583,1492,1686,1690,140,-1380,128,-1266,155,-1575,255,139
20850,-142,-1667,284,2,774,8333,1935,1826,96,60,2,959,2360,0,14844,913,-12,276,14844,1574,1521,1694,1672,228,-1822,208,-1663,314,-2034,255,139
20903,88,-1467,-56,110,694,13704,-5571,1521,76,70,2,959,2279,0,14933,892,-114,284,14933,1596,1495,1672,1698,-97,-1765,-86,-1574,0,-2004,255,140
20950,161,-2280,72,41,1102,16267,-5327,2681,69,6,4,959,2360,0,14978,921,-142,287,14978,1613,1497,1659,1698,97,-2122,89,-1954,184,-2305,255,139
21003,276,-2249,69,134,703,7722,775,1460,59,2,4,959,2279,0,15022,911,-190,291,15022,1579,1520,1688,1682,370,-2358,337,-2148,357,-2493,255,138
21050,200,-1866,-120,81,1060,13826,-1421,1033,129,8,2,1679,1960,0,15022,890,-220,291,15022,1594,1501,1681,1698,569,-2034,506,-1810,511,-2223,255,145
21103,36,-2186,91,-3,960,17549,1691,1521,227,-93,0,2639,1119,0,15472,870,-334,332,15472,1588,1518,1680,1697,654,-2219,569,-1931,625,-2526,255,142
21150,361,-1483,118,-94,911,18953,5353,911,202,-31,2,2679,1119,0,16298,859,-377,403,16298,1625,1535,1729,1703,320,-2092,275,-1797,367,-2478,255,144
21203,769,-387,-234,-102,877,21882,-322,911,260,25,2,3759,680,0,16485,847,-369,419,16485,1629,1538,1712,1725,223,-1618,189,-1370,228,-2000,255,143
21250,906,-657,53,-130,863,24629,-383,-553,434,-36,2,5880,239,0,16861,815,-408,452,16861,1627,1539,1727,1740,510,-964,416,-785,553,-1371,255,141
21303,1669,-1026,-226,-150,1192,37568,-3008,56,475,-79,2,7119,120,0,17918,761,-452,540,17918,1645,1550,1722,1753,527,-553,401,-420,579,-1208,255,145
21350,2564,-731,-214,-20,608,37874,897,-492,453,-25,2,7760,439,0,18261,783,-379,567,18261,1668,1561,1759,1757,459,-76,360,-59,438,-768,255,139
21403,3413,-430,-71,-143,1543,44099,-811,-248,407,-23,4,8079,160,0,18261,756,-355,567,18261,1690,1542,1749,1765,105,265,79,200,119,-504,255,140
21450,3722,-42,-269,-210,1533,35676,592,-675,537,13,2,9879,199,0,18261,719,-309,567,18261,1642,1590,1762,1758,629,8,452,6,628,-658,255,135
21503,4208,-86,-29,34,1341,45564,653,-1041,592,6,2,10999,160,0,18261,707,-309,567,18261,1682,1539,1759,1765,324,118,229,83,312,-676,244,136
21650,6506,-713,-132,135,1175,40620,-4656,-2628,357,-9,2,10599,599,0,18409,680,-126,580,18409,1696,1502,1756,1792,326,-938,221,-638,397,-1531,255,146
21703,6758,-1222,219,166,560,19380,-2214,-1591,328,-57,4,10520,559,0,18409,661,-132,580,18409,1649,1575,1749,1788,202,-2179,134,-1440,241,-2517,255,148
21750,6083,-1221,-72,-195,1084,12605,2118,-2079,345,-54,4,10039,599,0,18409,644,-181,580,18409,1646,1565,1754,1785,441,-2213,284,-1425,314,-2479,244,149
21803,5393,-749,-3,182,883,18281,4926,-3056,377,-9,2,9719,639,0,18409,618,-136,580,18409,1659,1538,1780,1776,331,-2363,204,-1460,245,-2682,255,143
21850,4954,-712,-44,-53,1241,9553,5109,-2750,328,-41,4,8719,239,0,18409,625,-133,580,18409,1643,1562,1775,1777,401,-2335,251,-1459,367,-2533,244,145
21903,4125,-307,-145,127,1130,5037,4132,-2689,386,-23,4,8559,39,0,18409,613,-125,580,18409,1632,1574,1771,1782,155,-1687,95,-1034,82,-1775,255,143
21950,3303,115,-43,36,1244,7173,7001,-2811,437,13,4,8320,39,0,18359,619,-123,576,18359,1631,1568,1777,1777,389,-1763,241,-1091,278,-1881,255,141
22003,2490,324,-145,-177,1234,11934,348,-2140,508,35,2,8320,79,0,18409,612,-82,580,18409,1630,1576,1771,1778,421,-1573,257,-962,415,-1781,244,142
22050,2364,276,-150,-77,1282,10896,43,-2262,512,31,2,8239,79,0,18359,601,-72,576,18359,1623,1581,1767,1784,460,-1337,276,-803,399,-1537,224,140
22103,2430,95,215,-55,816,10347,-2520,-1163,510,18,4,8280,120,0,18508,595,-112,587,18508,1624,1601,1756,1788,412,-829,245,-493,456,-1010,234,141
22150,2435,39,54,19,965,9920,-2825,-1041,517,10,6,8360,79,0,18508,591,-80,587,18508,1629,1599,1757,1785,292,-565,172,-333,311,-727,244,135
22203,2359,-195,-34,223,1147,14192,1813,-1957,527,-10,2,8400,79,0,18458,602,-78,584,18458,1625,1585,1773,1780,495,-225,298,-135,464,-472,244,141
22250,2364,-146,110,-5,960,14497,165,-919,523,-9,4,8360,39,0,18458,579,-111,584,18458,1626,1598,1765,1777,416,76,241,44,428,-175,234,133
22303,2409,214,-126,-126,937,10713,1264,-2628,508,25,4,8239,79,0,18657,569,-87,600,18657,1610,1602,1783,1784,420,464,239,264,398,277,244,137
22350,2524,343,-149,57,1118,9309,1752,-1530,421,33,4,7360,39,0,18607,571,-41,596,18607,1611,1611,1778,1777,362,945,207,540,354,700,255,135
22403,2726,37,95,57,1135,8760,-3679,117,338,3,6,6600,0,0,18706,563,-129,604,18706,1636,1612,1755,1785,489,1277,275,719,553,1124,204,132
22450,2497,287,-3,-230,1254,1863,1447,-675,323,28,6,6199,39,0,18706,528,-155,604,18706,1618,1621,1773,1776,466,1772,246,935,418,1749,214,137
22503,2554,117,226,-26,1018,1253,409,361,206,10,4,4919,0,0,18806,512,-179,612,18806,1627,1627,1765,1779,524,2363,268,1210,517,2341,183,135
22550,2740,189,127,170,869,-2225,-1787,1033,151,20,2,4479,39,0,18806,525,-126,612,18806,1639,1622,1755,1782,504,2256,264,1184,482,2364,204,139
22603,2211,425,-134,177,1048,-5582,5841,-980,166,40,4,4119,39,0,18906,504,-94,620,18906,1614,1621,1788,1767,463,2115,233,1066,361,2213,204,139
22650,2056,757,73,307,1069,-2531,4987,-309,152,69,4,3799,39,0,18906,479,-68,620,18906,1619,1631,1788,1766,209,1935,100,926,210,1895,214,136
22703,1826,939,-166,38,1176,-3690,-444,-248,165,88,2,3719,79,0,19007,458,-112,628,19007,1620,1634,1779,1779,26,732,12,335,34,796,132,133
22750,1797,762,-130,-191,765,-2775,-2337,117,101,70,2,2960,39,0,19007,479,-80,628,19007,1622,1637,1772,1783,-974,1163,-466,557,-970,1181,112,141
22803,2313,224,-98,-203,1424,-5521,-3801,117,-16,26,4,2119,79,0,18956,457,-83,623,18956,1622,1637,1769,1782,-56,18,-25,8,9,115,214,131
22850,2170,260,28,69,867,-11564,-933,667,-11,26,2,2040,39,0,19107,435,-155,636,19107,1618,1646,1770,1776,420,939,183,408,423,1139,112,134
22903,1799,220,157,218,1153,-15958,-2214,667,-83,61,2,839,480,0,19057,424,-185,632,19057,1615,1653,1769,1780,420,939,178,398,423,1139,0,136
22950,1131,-45,177,-115,956,-19682,-2581,545,-81,69,2,199,840,0,19158,398,-295,640,19158,1613,1659,1776,1778,-178,525,-71,209,-97,894,183,138
23003,1111,221,-192,-42,1087,-17545,-1299,-309,-117,85,2,-240,759,0,19921,382,-352,699,19921,1644,1652,1797,1793,392,278,150,106,438,638,0,139
23050,1126,-64,-100,320,1043,-20170,-5571,484,-286,60,6,-2160,759,0,20024,370,-196,708,20024,1646,1663,1784,1795,392,278,145,103,438,638,0,139
23103,711,-167,-42,139,904,-30729,-3984,-492,-289,55,2,-2600,799,0,19973,370,-79,704,19973,1614,1681,1799,1794,392,278,145,103,438,638,0,137
23150,377,-688,29,35,852,-28104,-2031,300,-413,6,4,-4359,759,0,19973,376,-45,704,19973,1656,1651,1786,1798,392,278,147,104,438,638,0,133
23203,440,-901,-6,155,805,-34513,-2276,-614,-450,15,2,-4720,1080,0,19973,331,-82,704,19973,1620,1677,1800,1795,392,278,130,92,438,638,0,136
23250,-588,-782,-6,40,859,-32743,3827,-1102,-440,25,4,-5640,1080,0,20076,295,-106,712,20076,1638,1657,1802,1798,392,278,115,82,438,638,0,137
23303,-274,-375,51,-138,1105,-34635,-750,1094,-649,96,2,-7720,1480,0,20024,327,61,708,20024,1648,1670,1787,1791,392,278,128,91,438,638,0,137
23350,-63,-129,28,352,809,-49406,-3069,-1347,-793,131,4,-9160,1640,0,20076,283,28,712,20076,1624,1668,1802,1802,392,278,111,78,438,638,0,137
23403,-1555,-9,-1,49,773,-53312,-3801,-675,-729,138,2,-9920,1600,0,20024,309,100,708,20024,1617,1678,1801,1795,392,278,121,86,438,638,0,136
23450,-2331,-41,-42,170,891,-43302,-5816,1216,-686,143,2,-10200,1679,0,19870,292,181,696,19870,1646,1667,1787,1785,392,278,114,81,438,638,0,140
23503,-2335,-523,-172,-226,1408,-49467,-7036,1948,-682,111,2,-10160,1800,0,18212,368,289,564,18212,1585,1662,1746,1757,-655,296,-241,109,-533,1160,234,151
23550,-2671,-638,-252,221,971,-47025,-1421,-736,-597,101,2,-9520,1800,0,15157,460,401,304,15157,1573,1640,1777,1751,8,-210,3,-96,74,621,153,140
23603,-3635,-865,246,98,1028,-32682,-3984,1338,-485,78,2,-9200,1760,0,13332,434,528,136,13332,1521,1541,1687,1674,-284,-325,-123,-141,-214,245,132,147
23650,-3713,-960,-227,252,1267,-30119,-5449,3169,-538,101,4,-9880,2119,0,12301,465,476,36,12301,1477,1500,1632,1612,-972,262,-452,121,-818,799,183,147
23703,-4269,-988,-6,-69,1113,-32926,-4595,3779,-521,102,4,-10240,2160,0,8968,497,401,0,8968,1394,1463,1570,1560,-296,880,-147,437,-216,1455,132,144
23750,-4076,-566,-213,83,811,-31217,-9600,6831,-607,170,4,-11040,2520,0,8292,441,133,0,8292,1404,1397,1513,1476,92,-478,40,-211,372,186,163,140
23803,-3640,-1441,112,263,602,-26823,-16314,2009,-680,122,2,-11440,2839,0,8258,489,-23,0,8258,1398,1305,1509,1547,-1037,479,-507,234,-752,947,204,146
23850,-4411,-813,-295,-172,1076,-27189,-9905,1948,-473,148,4,-9840,2520,0,9387,429,-302,0,9387,1369,1423,1572,1537,-1557,236,-668,101,-1120,887,214,148
23903,-4729,-760,-340,-140,930,-21329,-15703,4207,-145,-41,2,-6399,280,0,10738,475,-335,0,10738,1360,1519,1544,1576,-16,1064,-7,505,257,1436,183,145
23950,-4081,-667,14,74,1304,-1615,-19304,5488,-41,-40,4,-4560,199,0,12140,447,-530,20,12140,1520,1505,1573,1615,-496,747,-221,333,-77,901,153,142
24003,-3785,753,71,71,1575,17549,-33526,6160,141,83,6,-2160,199,0,14491,361,-808,244,14491,1581,1577,1583,1695,-465,1239,-168,447,99,1188,0,140
24050,-2627,-210,-97,-234,677,26338,-60198,7808,128,-7,2,-1160,120,0,16767,293,-1009,444,16767,1671,1611,1556,1786,-465,1239,-136,363,99,1188,0,144
24103,-802,-3202,217,-219,61,21150,-41216,3779,-34,-269,2,-1200,120,0,18557,295,-1085,592,18557,1677,1634,1650,1814,-465,1239,-137,365,99,1188,0,145
24150,920,-4106,167,202,893,18648,-2092,300,-191,-358,0,-1280,0,0,18607,153,-1305,596,18607,1655,1618,1725,1786,-465,1239,-71,189,99,1188,0,140
24203,1546,-3104,1,14,876,1436,30499,-1835,-340,-263,4,-2360,79,0,18657,91,-1298,600,18657,1623,1631,1783,1749,-465,1239,-42,112,99,1188,0,139
24250,12440,8755,-1286,1737,2172,482149,354047,48152,-1371,767,4,-3280,39,0,18756,63,-1196,607,18756,1899,1727,1673,1150,-465,1239,-29,78,99,1188,0,148
24303,12086,6039,1907,1851,1860,-47269,-390947,24409,-1512,530,2,-5240,39,0,18706,99,-806,604,18706,1744,1786,1392,1805,-465,1239,-46,122,99,1188,0,148
24350,13064,8811,-271,759,2172,28840,22199,-86918,-1712,772,2,-6560,39,0,18706,82,-876,604,18706,1150,1150,1899,1899,-465,1239,-38,101,99,1188,0,145
24403,15083,10620,-98,15,1294,57039,-21990,16841,-1913,930,4,-6840,39,0,18756,36,-823,607,18756,1879,1522,1467,1846,-465,1239,-16,44,99,1188,0,143
24450,15724,7905,-106,1581,1602,-3568,-79058,-126,-1944,696,4,-6560,79,0,18310,42,-630,571,18310,1739,1484,1708,1829,-465,1239,-19,52,99,1188,0,144
24503,11183,5915,-323,-1370,-49,-24503,42890,4817,-1394,519,2,-4800,39,0,15654,76,-640,347,15654,1784,1349,1862,1494,-465,1239,-35,94,99,1188,0,144
,,,,,,,,,,,,,,,,,,,,,,,,,,,,,,,
24703,8743,4528,399,-2085,-1083,-39030,7062,-20817,-773,398,4,-120,39,0,1448,145,-249,-764,1448,1150,1150,1667,1274,-465,1239,-67,179,99,1188,0,144
24750,9470,3675,521,1627,541,46480,44293,-28141,-833,324,8,-80,39,0,299,82,-45,-1220,299,1150,1150,1726,1206,-465,1239,-38,101,99,1188,0,137
24803,8566,1622,385,-111,846,886,19696,-5009,-751,148,10,-39,79,0,0,61,-178,-1600,0,1150,1150,1492,1150,-465,1239,-28,75,99,1188,0,131
24850,8139,1362,533,1851,1405,33967,-15215,-49625,-713,122,8,-39,39,0,0,48,-214,-1600,0,1150,1150,1667,1650,-465,1239,-22,59,99,1188,0,135
24903,7037,1112,-1241,-138,1167,-10648,18781,-11845,-617,100,31,-39,39,0,0,45,-226,-1600,0,1150,1150,1577,1150,-465,1239,-20,55,99,1188,0,138
24950,4809,2848,825,510,1574,8027,-8928,-34855,-426,255,6,-80,79,0,0,120,-45,-1600,0,1150,1150,1601,1532,-465,1239,-55,148,99,1188,0,133
25003,4430,2098,-145,-448,1105,-7536,2301,3901,-386,186,8,0,39,0,0,44,-115,-1600,0,1181,1150,1336,1150,-465,1239,-20,54,99,1188,0,130
25050,2927,1654,28,51,1008,642,348,-2140,-252,144,6,39,0,0,0,43,-108,-1600,0,1150,1150,1389,1150,-465,1239,-20,53,99,1188,0,124
25103,2481,790,-48,37,1110,337,-1604,728,-216,75,6,0,79,0,0,86,-49,-1600,0,1190,1150,1342,1150,-465,1239,-40,106,99,1188,0,123
25150,1980,570,-7,-50,1102,1314,1813,4146,-172,53,6,0,39,0,0,98,55,-1600,0,1258,1150,1330,1150,-465,1239,-45,121,99,1188,0,123
25203,1296,-15,7,6,989,581,-750,-4276,-109,2,6,39,39,0,0,57,-46,-1600,0,1150,1150,1388,1206,-465,1239,-26,70,99,1188,0,119
25250,914,16,54,-91,1074,-3629,2545,1460,-79,8,8,0,79,0,0,90,13,-1600,0,1150,1150,1360,1150,-465,1239,-41,111,99,1188,0,120
25303,775,-620,-36,141,1044,-3507,1508,-492,-67,-54,8,0,0,0,0,94,44,-1600,0,1150,1150,1352,1150,-465,1239,-43,116,99,1188,0,124
25350,583,-520,-6,-77,950,32,-2520,3596,-54,-38,2,-39,79,0,0,121,92,-1600,0,1207,1150,1303,1150,-465,1239,-56,149,99,1188,0,124
25403,388,-944,85,56,942,1558,-4717,-2811,-37,-78,6,-39,39,0,0,91,63,-1600,0,1150,1150,1338,1237,-465,1239,-42,112,99,1188,0,125
25450,234,-741,1,-146,1040,1314,226,667,-16,-64,6,39,0,0,0,96,21,-1600,0,1189,1150,1339,1150,-465,1239,-44,118,99,1188,0,121
25503,-13,-1119,88,102,953,1253,1386,-858,1,-94,6,0,39,0,0,68,-20,-1600,0,1150,1150,1364,1150,-465,1239,-31,84,99,1188,0,121
25550,266,-1088,-91,36,1018,-3202,1569,5488,-26,-91,6,-39,39,0,0,123,48,-1600,0,1220,1150,1306,1150,-465,1239,-57,152,99,1188,0,128
25603,-196,-1216,79,-92,854,-3690,-2703,-6535,17,-99,2,0,79,0,0,116,52,-1600,0,1150,1150,1387,1277,-465,1239,-54,143,99,1188,0,127
25650,-46,-1172,23,0,1038,4609,-689,-370,0,-91,6,-39,120,0,0,128,60,-1600,0,1208,1150,1344,1150,-465,1239,-59,158,99,1188,0,124
25703,-371,-1426,163,32,1005,2046,-444,-2018,35,-121,4,39,39,0,0,61,18,-1600,0,1150,1150,1365,1173,-465,1239,-28,75,99,1188,0,126
25750,48,-1351,-138,143,941,-1249,3278,6831,0,-114,4,39,39,0,0,57,-66,-1600,0,1256,1150,1299,1150,-465,1239,-26,70,99,1188,0,125
25803,-173,-1206,37,-37,974,-3385,-689,-7511,18,-101,2,39,39,0,0,64,-37,-1600,0,1150,1150,1413,1267,-465,1239,-29,79,99,1188,0,127
25850,-64,-1321,-7,-48,1000,5525,-2398,-1408,2,-111,2,-39,39,0,0,75,-67,-1600,0,1190,1150,1344,1191,-465,1239,-34,92,99,1188,0,127
25903,-501,-1528,227,26,1047,2778,-933,-2628,47,-133,2,39,0,0,0,51,-60,-1600,0,1150,1150,1368,1194,-465,1239,-23,63,99,1188,0,126
25950,-1,-1379,-117,91,1065,-761,4376,9151,0,-116,0,0,39,0,0,112,67,-1600,0,1285,1150,1282,1150,-465,1239,-52,138,99,1188,0,124
26003,-243,-1384,0,63,1028,-3141,1691,-4887,24,-117,4,39,39,0,0,61,1,-1600,0,1150,1150,1394,1219,-465,1239,-28,75,99,1188,0,124
26050,37,-1097,-31,-110,932,2962,-4290,545,-3,-88,0,0,79,0,0,55,-10,-1600,0,1184,1150,1321,1165,-465,1239,-25,68,99,1188,0,123
26103,-315,-1644,174,74,884,4243,-3008,-1591,27,-140,4,0,39,0,0,57,-39,-1600,0,1158,1150,1341,1198,-465,1239,-26,70,99,1188,0,126
26150,-180,-1216,-45,-15,982,-2592,3705,5671,12,-102,2,-39,39,0,0,115,84,-1600,0,1222,1150,1318,1150,-465,1239,-53,142,99,1188,0,129
26203,55,-1272,-117,119,997,-1859,1569,789,-4,-111,2,0,0,0,0,65,9,-1600,0,1162,1150,1343,1150,-465,1239,-30,80,99,1188,0,121
26250,-133,-1026,44,-175,940,1008,-3618,-2750,11,-89,2,0,0,0,0,56,-49,-1600,0,1150,1150,1356,1217,-465,1239,-26,69,99,1188,0,125
26303,-310,-1587,144,90,929,4793,-2642,667,23,-135,2,-39,39,0,0,75,21,-1600,0,1214,1150,1319,1158,-465,1239,-34,92,99,1188,0,125
26350,-347,-1266,-6,5,945,-1981,5414,6282,30,-103,2,0,79,0,0,70,17,-1600,0,1234,1150,1320,1150,-465,1239,-32,86,99,1188,0,122
26403,19,-1433,-145,142,1052,-2225,3583,-248,-1,-121,4,0,39,0,0,49,-73,-1600,0,1150,1150,1362,1150,-465,1239,-22,60,99,1188,0,126
26450,-128,-1199,21,-172,996,154,-4961,-5070,7,-101,6,-39,39,0,0,110,34,-1600,0,1150,1150,1371,1255,-465,1239,-51,136,99,1188,0,128
26503,-212,-1593,104,64,1007,4060,-3740,1704,18,-135,6,0,39,0,586,72,-38,-1068,586,1261,1150,1324,1183,-465,1239,-33,89,99,1188,0,130
26550,-375,-1287,35,-14,1097,-1493,3888,3291,36,-84,4,39,320,0,2965,81,74,-404,2965,1288,1150,1410,1150,-465,1239,-37,100,99,1188,0,132
26603,109,-1166,-186,72,1071,-578,5353,4146,-9,-101,6,0,0,0,5712,34,-94,0,5712,1428,1150,1504,1291,-465,1239,-15,42,99,1188,0,126
26650,-256,-1269,-42,-78,1005,-1188,-1360,-4887,22,-107,4,0,39,0,6896,78,-34,0,6896,1391,1150,1583,1484,-465,1239,-36,96,99,1188,0,131
26703,-349,-1246,50,-72,963,-516,-1421,-4,26,-105,4,-39,39,0,7452,54,-32,0,7452,1461,1150,1561,1464,-465,1239,-25,66,99,1188,0,127
26750,-271,-1344,80,82,1040,459,3827,1887,27,-113,2,39,39,0,7420,124,67,0,7420,1483,1150,1565,1427,-465,1239,-57,153,99,1188,0,127
26803,-208,-1310,26,43,990,4732,-3191,-4,18,-110,8,0,39,0,7483,51,118,0,7483,1491,1150,1553,1471,-465,1239,-23,63,99,1188,0,124
26850,-186,-1665,192,-125,648,-455,-7097,-2018,16,-141,4,0,39,0,7452,55,-52,0,7452,1445,1150,1532,1526,-465,1239,-25,68,99,1188,0,130
26903,-346,-1635,-138,33,1237,93,5719,-1041,30,-135,6,0,79,0,7420,85,72,0,7420,1449,1150,1591,1442,-465,1239,-39,105,99,1188,0,127
26950,-382,-1722,171,-28,718,5037,-2337,-3910,33,-139,4,0,120,0,7452,95,2,0,7452,1462,1150,1569,1516,-465,1239,-44,117,99,1188,0,129
27003,-844,-1681,65,15,950,-5216,4559,-614,73,-143,4,0,39,0,7452,128,-40,0,7452,1415,1150,1576,1459,-465,1239,-59,158,99,1188,0,128
27050,-681,-1656,54,172,1121,3389,-872,667,59,-137,4,0,79,0,7769,52,-24,0,7769,1492,1150,1556,1483,-465,1239,-24,64,99,1188,0,126
27103,-581,-2111,23,-93,795,-761,-1787,117,54,-180,0,39,39,0,9996,119,18,0,9996,1477,1150,1573,1510,-465,1239,-55,147,99,1188,0,128
27150,-566,-2015,144,-88,942,-211,-4839,545,49,-172,-2,0,39,0,11273,46,112,0,11273,1557,1295,1613,1607,-465,1239,-21,57,99,1188,0,130
27203,-648,-1846,65,-95,569,-272,-1299,-2445,53,-157,0,-39,39,0,11861,109,15,0,11861,1545,1298,1668,1613,-465,1239,-50,135,99,1188,0,133
27250,-402,-1559,-46,28,1307,3389,-2459,-1347,35,-129,0,0,79,0,13500,76,94,152,13500,1619,1327,1697,1642,-465,1239,-35,94,99,1188,0,132
27303,-742,-2295,274,-171,1032,-3507,-2703,1094,64,-193,0,0,79,0,14579,46,-71,251,14579,1608,1414,1691,1637,-465,1239,-21,57,99,1188,0,135
27350,-678,-2150,-31,191,1311,-1737,-4168,-5741,59,-187,2,0,0,0,14978,68,42,287,14978,1616,1347,1744,1708,-465,1239,-31,84,99,1188,0,133
27403,-1047,-3250,229,-141,575,-21818,-2581,-10868,87,-280,4,-39,39,0,14978,133,21,287,14978,1497,1413,1766,1741,-465,1239,-61,164,99,1188,0,141
27450,-1485,-3131,98,-134,632,-19743,-9539,-4459,98,-269,2,-360,39,0,15067,110,81,296,15067,1586,1409,1694,1751,-465,1239,-51,136,99,1188,0,140
27503,-2247,-3188,31,66,650,-23161,-14727,-10319,7,-274,4,-2160,39,0,15157,93,44,304,15157,1579,1291,1724,1787,-465,1239,-43,115,99,1188,0,139
27550,-3291,-3712,196,63,1098,-21024,-200,-8732,-12,-306,2,-3439,199,0,14978,78,-16,287,14978,1598,1277,1764,1735,-465,1239,-36,96,99,1188,0,141
27603,-4387,-3771,95,-276,879,-27189,14630,-12577,19,-322,6,-4160,79,0,15157,107,105,304,15157,1524,1322,1821,1725,-465,1239,-49,132,99,1188,0,143
27650,-5873,-3090,-407,-112,1000,-43363,18414,-18742,205,-266,2,-3520,39,0,15067,116,56,296,15067,1375,1352,1836,1778,-465,1239,-54,143,99,1188,0,146
27703,-6347,-2643,60,196,1087,-28226,1752,-10075,466,-220,0,-1000,120,0,15022,85,-124,291,15022,1532,1316,1736,1799,-465,1239,-39,105,99,1188,0,144
27750,-8606,-1783,-359,162,1523,-15653,21954,-8976,744,-152,2,-80,39,0,15067,154,46,296,15067,1555,1300,1824,1702,-465,1239,-71,190,99,1188,0,142
27803,-7792,-2239,361,-202,655,-35001,-11309,-6718,725,-195,4,520,0,0,15112,155,155,300,15112,1453,1466,1696,1808,-465,1239,-72,192,99,1188,0,142
27850,-8244,-1659,-119,-239,1462,-4179,9076,-5314,914,-141,4,2239,39,0,15067,140,91,296,15067,1543,1385,1783,1713,-465,1239,-65,173,99,1188,0,142
27903,-6736,-2265,-181,506,736,14070,4559,-6596,961,-197,4,4279,0,0,15112,156,29,300,15112,1541,1353,1772,1746,-465,1239,-72,193,99,1188,0,139
27950,-5510,-2435,-40,18,1251,3450,16705,-9098,1000,-212,4,5959,0,0,15067,138,-117,296,15067,1451,1411,1826,1716,-465,1239,-64,171,99,1188,0,141
28003,-4255,-2933,197,-143,614,2717,9931,484,1083,-262,4,8160,-80,0,16021,83,-151,379,16021,1502,1535,1733,1732,-465,1239,-38,102,99,1188,0,140
28050,-4296,-2255,-171,23,1377,11751,16522,-248,975,-203,2,6879,-80,0,16298,153,-41,403,16298,1560,1507,1790,1713,-465,1239,-71,189,99,1188,0,142
28103,-2727,-1703,-172,74,1266,24141,12860,2254,618,-155,4,4359,-80,0,16392,112,-85,412,16392,1614,1487,1741,1738,-465,1239,-52,138,99,1188,0,142
28150,-1427,-1826,115,125,1230,25789,10602,3291,393,-159,2,3079,0,0,16485,166,-8,419,16485,1628,1490,1733,1739,-465,1239,-77,205,99,1188,0,139
28203,-640,-1208,196,21,1014,9187,2850,3474,233,-105,2,2040,0,0,16532,138,60,423,16532,1600,1526,1729,1738,-465,1239,-64,171,99,1188,0,135
28250,-573,-640,158,-24,1126,6441,2667,5122,325,-55,4,3159,0,0,17290,153,55,488,17290,1615,1551,1735,1722,-465,1239,-71,189,99,1188,0,134
28303,-780,-225,-168,-171,1064,7051,8954,3535,350,-19,4,3239,0,0,18261,142,58,567,18261,1639,1581,1785,1745,-465,1239,-66,175,99,1188,0,136
28350,-396,-61,-107,-32,1266,16694,8893,2070,310,-1,2,3159,39,0,18261,110,96,567,18261,1648,1550,1784,1761,-465,1239,-51,136,99,1188,0,135
28403,325,286,129,-23,983,16450,5780,4451,240,24,4,3079,0,0,18212,78,135,564,18212,1660,1574,1765,1753,-465,1239,-36,96,99,1188,0,130
28450,562,571,-96,-109,1466,8943,-689,4451,188,49,4,2720,0,0,18261,79,141,567,18261,1652,1582,1755,1759,-465,1239,-36,97,99,1188,0,131
28503,557,155,138,25,777,10774,-200,4024,230,10,4,3199,-39,0,18261,167,325,567,18261,1659,1574,1761,1757,-465,1239,-77,206,99,1188,0,133
28550,557,106,-44,50,1357,6624,43,3901,286,9,0,3840,0,0,18261,134,361,567,18261,1634,1599,1759,1761,-465,1239,-62,166,99,1188,0,128
28603,729,158,-90,-130,1055,15535,-6792,3901,306,73,4,4240,680,0,18261,163,384,567,18261,1665,1571,1750,1766,-465,1239,-75,201,99,1188,0,137
28650,801,-64,-202,-134,1434,19807,-14177,2803,300,196,2,4240,2320,0,18310,142,294,571,18310,1664,1557,1765,1761,-465,1239,-66,175,99,1188,0,141
28703,1449,-998,201,-4,848,19136,-18267,1033,243,251,4,4240,3880,0,18310,199,347,571,18310,1654,1551,1765,1778,-465,1239,-92,246,99,1188,0,139
28750,1575,-1688,-10,-4,1173,21760,-33526,1155,239,219,4,4319,4200,0,18310,231,408,571,18310,1661,1544,1738,1803,-465,1239,-107,286,99,1188,0,142
28803,1690,-2630,7,-2,1052,19197,-29985,1826,309,74,2,5239,3480,0,18261,213,355,567,18261,1639,1577,1739,1794,-465,1239,-99,263,99,1188,0,138
28850,1793,-3202,-154,-42,1145,18159,-20159,300,513,-84,4,7679,2239,0,18163,267,599,560,18163,1625,1575,1755,1792,-465,1239,-124,330,99,1188,0,143
28903,2032,-3470,157,90,1051,25850,-5571,300,416,-142,2,6800,1840,0,18212,286,434,564,18212,1650,1541,1766,1777,-465,1239,-133,354,99,1188,0,141
28950,2802,-3060,94,235,947,20784,-7525,-4,184,-232,2,4919,399,0,18212,351,530,564,18212,1645,1545,1743,1804,-465,1239,-163,434,99,1188,0,138
29003,2516,-2653,159,-71,984,3877,8893,850,192,-224,4,4719,79,0,18310,336,588,571,18310,1634,1576,1767,1775,-465,1239,-156,416,99,1188,0,137
29050,2018,-1917,122,-53,804,11201,19940,-858,85,-160,2,2999,79,0,18261,356,437,567,18261,1662,1521,1791,1771,-465,1239,-165,441,99,1188,0,139
29103,1721,-889,162,179,846,1802,21466,606,45,-74,0,2239,39,0,18261,412,422,567,18261,1634,1571,1781,1765,-503,-507,-207,-209,-847,-606,0,138
29150,1275,-98,163,-16,936,3328,17499,-126,17,-8,2,1480,0,0,18310,409,368,571,18310,1641,1555,1784,1768,-582,-2046,-238,-836,-867,-2111,173,140
29203,805,388,-147,0,737,-1127,11640,850,-45,2,2,279,-360,0,18261,472,531,567,18261,1654,1551,1765,1775,-316,-1049,-149,-495,-519,-1029,193,140
29250,445,-54,-24,6,980,642,10602,972,-10,-98,4,320,-1080,0,18310,499,440,571,18310,1652,1560,1764,1774,432,-1594,215,-795,278,-1552,244,137
29303,20,-78,173,-7,892,-700,21893,-309,22,-209,2,279,-2320,0,18310,552,543,571,18310,1639,1557,1789,1763,382,-1061,210,-585,0,-1049,173,137
29350,-44,1040,-65,-9,1190,1314,28363,1155,3,-83,4,0,-2000,0,18310,501,481,571,18310,1655,1561,1802,1732,-111,-1883,-55,-945,-550,-1907,122,140
29403,-276,1997,-226,-172,1425,3328,17499,-797,13,87,2,-120,-1000,0,18261,555,473,567,18261,1641,1546,1802,1752,-101,-1080,-56,-599,-407,-1139,193,147
29450,-129,2653,-254,13,909,1314,10419,-370,7,200,2,-39,-360,0,18212,573,501,564,18212,1638,1558,1800,1752,-541,-904,-310,-518,-752,-961,214,141
29503,-338,1990,-7,-157,950,2168,-4473,56,26,149,4,-39,-279,0,18310,588,473,571,18310,1642,1562,1770,1776,78,-89,46,-52,156,-127,224,133
29550,-512,1173,-199,-12,1030,-1432,-1116,-187,41,88,4,-39,-160,0,18212,592,345,564,18212,1637,1559,1783,1762,-393,-1431,-232,-847,-355,-1414,204,146
29603,-502,296,183,-7,678,6257,-3618,117,43,11,4,0,-160,0,16814,612,376,448,16814,1639,1531,1754,1766,-308,-1922,-189,-1176,-245,-2032,224,139
29650,-332,-79,60,-141,1005,1314,-1238,484,32,-6,2,39,0,0,16720,648,394,439,16720,1607,1527,1745,1740,-242,-1676,-157,-1086,-231,-1710,244,139
29703,-568,-142,-129,-15,1254,-2592,3156,-553,53,-19,4,39,-80,0,16720,666,453,439,16720,1598,1522,1760,1733,-139,-1332,-93,-887,-194,-1287,244,143
29750,-804,-206,-188,101,839,-2592,1325,-919,73,-18,4,39,0,0,16626,711,425,432,16626,1592,1518,1756,1737,-47,-1192,-33,-847,-38,-1160,244,138
29803,-770,-1190,283,-33,520,-2531,-4839,667,67,-75,2,0,320,0,16626,708,336,432,16626,1600,1528,1725,1751,-202,-1338,-143,-947,-117,-1294,255,142
29850,-819,-1322,249,-43,555,-6193,-17,300,75,-87,4,39,320,0,16532,693,288,423,16532,1588,1541,1736,1744,-84,-1188,-58,-823,-92,-1088,255,138
29903,-1030,-983,-118,-7,847,-6315,3705,239,93,-47,2,39,439,0,16485,727,257,419,16485,1585,1535,1748,1728,-41,-1094,-30,-795,-106,-984,255,139
29950,-1386,-1574,-130,-123,1283,-1676,-383,728,103,-99,4,-199,439,0,16532,753,241,423,16532,1602,1527,1721,1750,77,-1027,58,-773,-17,-929,255,143
30003,-1539,-1399,-146,97,1145,-3080,6207,-431,85,-80,4,-559,480,0,16485,766,155,419,16485,1583,1534,1758,1728,116,-488,89,-374,8,-434,255,139
30050,-1449,-1217,-310,57,1107,-3934,6635,-431,77,-64,4,-559,480,0,16485,757,125,419,16485,1581,1535,1760,1723,-61,-582,-46,-441,-87,-533,255,142
30103,-1553,-1346,140,-67,894,-1859,2484,-65,139,-110,4,39,79,0,16438,761,115,415,16438,1584,1532,1737,1739,111,-676,84,-514,68,-643,255,137
30150,-1378,-1916,227,164,760,2778,6940,545,127,-160,2,79,79,0,16392,773,44,412,16392,1599,1520,1750,1719,0,-739,0,-571,68,-730,255,132
30203,-1489,-2014,108,-112,507,2168,4437,1338,133,-172,4,39,39,0,16392,781,2,412,16392,1587,1545,1726,1730,135,-589,105,-460,57,-627,255,137
30250,-1241,-1576,212,-31,817,2168,4804,1338,111,-137,2,39,0,0,16392,758,-1,412,16392,1594,1538,1727,1732,134,-709,101,-537,49,-729,255,136
30303,-1270,-1269,8,-100,774,-28,1874,1338,117,-110,4,79,0,0,16345,753,-77,408,16345,1585,1549,1717,1738,228,-613,172,-462,195,-613,255,136
30350,-1228,-1198,72,-123,587,2107,-1604,545,114,-87,4,79,199,0,16438,742,-163,415,16438,1585,1542,1710,1756,373,-630,277,-467,240,-645,255,140
30403,-1244,-935,-138,-18,901,3694,43,300,122,-53,2,160,320,0,16861,749,-145,452,16861,1592,1550,1740,1745,400,-480,300,-359,399,-544,255,138
30450,-1208,-973,-140,-173,975,4121,-1543,-248,115,-57,2,120,320,0,16861,747,-171,452,16861,1591,1545,1732,1759,590,-402,441,-300,536,-458,255,143
30503,-724,-709,-213,40,1031,3450,-1604,117,73,119,2,120,2079,0,18163,719,-241,560,18163,1625,1579,1775,1762,630,-370,453,-266,658,-430,255,140
30550,-426,-980,-266,157,1195,4854,-9050,422,65,197,2,320,3239,0,18657,718,-254,600,18657,1642,1588,1780,1771,643,-171,462,-123,805,-245,244,141
30603,-313,-1703,30,-131,1176,3389,-15520,545,58,134,4,360,3239,0,18756,708,-251,607,18756,1639,1599,1767,1785,671,-147,475,-104,942,-206,244,142
30650,-109,-2014,70,-106,1038,-1310,-14421,361,30,93,2,239,3080,0,18756,695,-280,607,18756,1634,1602,1767,1788,690,-180,480,-125,927,-168,255,142
30703,105,-1822,-89,158,862,-516,-8135,-309,-30,109,2,-240,3080,0,18806,660,-252,612,18806,1642,1587,1785,1778,380,-125,251,-82,522,-116,193,141
30750,362,-1964,-54,83,902,-2714,-10820,-187,-167,174,4,-1560,3959,0,18856,667,-233,616,18856,1651,1582,1784,1778,625,-165,417,-110,827,-142,214,145
30803,318,-2295,15,-14,1128,-11137,-14666,1643,-244,208,0,-2480,4679,0,18806,638,-227,612,18806,1651,1603,1765,1781,787,74,502,47,1043,269,234,143
30850,-174,-2291,84,2,1057,-15470,-15825,361,-243,351,2,-2960,6319,0,18806,652,-200,612,18806,1638,1601,1787,1769,-152,-381,-99,-248,144,-118,244,146
30903,-786,-2185,-96,-80,1165,-14371,-20403,-919,-126,392,2,-2239,6680,0,18806,613,-231,612,18806,1627,1596,1779,1789,638,-4,391,-2,994,246,244,144
30950,-970,-2887,-16,-82,1285,-8878,-23516,-65,-131,365,6,-2480,7079,0,18856,614,-189,616,18856,1648,1590,1777,1783,792,329,486,202,1227,514,204,145
31003,-968,-3412,28,-18,913,-12907,-24736,422,-128,354,2,-2440,7479,0,18806,631,-140,612,18806,1626,1617,1772,1785,-904,-144,-570,-91,-473,80,153,146
31050,-1138,-3710,-24,-24,912,-12296,-23150,300,-106,363,2,-2360,7880,0,18856,616,-146,616,18856,1632,1609,1769,1789,378,169,233,104,712,364,224,145
31103,-1303,-3650,59,111,1097,-4850,-21868,422,5,505,4,-1240,9440,0,18806,575,-201,612,18806,1640,1601,1778,1776,407,318,234,183,789,402,255,141
31150,-1212,-3987,151,-12,1061,1985,-29314,728,84,507,4,-240,9800,0,18756,572,-176,607,18756,1646,1597,1768,1780,299,336,171,192,863,347,255,141
31203,-761,-4428,-81,-32,838,3999,-28704,-370,69,437,2,39,9440,0,18806,575,-102,612,18806,1636,1596,1776,1786,134,-55,77,-31,635,-125,244,138
31250,-212,-4470,-114,126,829,6441,-22478,300,88,499,2,799,10200,0,18806,606,-69,612,18806,1640,1600,1786,1768,-574,509,-348,308,-168,373,255,142
31303,510,-4901,295,117,1092,10774,-28887,1277,0,410,4,520,9600,0,18756,586,-33,607,18756,1662,1587,1752,1789,-446,371,-261,217,58,183,214,139
31350,646,-5119,97,-74,1317,2168,-20220,545,51,331,4,1240,8920,0,18806,571,-9,612,18806,1640,1605,1774,1776,-366,296,-209,169,0,287,244,136
31403,710,-4588,-152,-95,922,3389,-10881,-553,91,280,4,1759,7799,0,18806,584,-3,612,18806,1635,1597,1788,1773,-708,390,-413,227,-518,331,234,141
31450,958,-4247,-19,85,817,3511,-10942,-4,-45,215,4,439,6719,0,18806,599,-4,612,18806,1646,1592,1773,1783,-932,356,-558,213,-756,243,255,137
31503,1101,-4043,133,8,879,-3751,-6304,1826,-103,100,4,-80,5200,0,18856,593,18,616,18856,1645,1619,1762,1777,-1249,331,-741,196,-1139,396,255,142
31550,892,-3659,89,-18,721,-7169,-933,1338,-88,106,4,-120,4879,0,18856,586,58,616,18856,1637,1622,1778,1765,-1398,429,-819,251,-1387,496,204,141
31603,672,-2765,-99,51,1413,-6498,8771,-309,-62,100,4,-39,3919,0,18806,577,69,612,18806,1639,1600,1796,1763,-1404,363,-810,209,-1557,476,224,141
31650,277,-2005,-65,142,1069,-5643,8527,-492,-24,170,2,0,3959,0,18806,547,18,612,18806,1633,1602,1806,1756,-2127,446,-1163,244,-2227,539,173,141
31703,-109,-1643,66,-97,1246,-6498,3034,-4,9,167,4,0,3559,0,18906,549,-35,620,18906,1630,1616,1793,1765,-2540,496,-1394,272,-2593,609,234,138
31750,-247,-1250,-139,-101,1015,-4606,4804,-248,66,75,4,520,2119,0,18856,541,-54,616,18856,1626,1614,1786,1772,-1765,65,-955,35,-1901,126,255,142
31803,-370,-1203,207,-144,1208,1741,10602,-126,63,-98,2,360,79,0,18806,572,17,612,18806,1639,1598,1790,1767,-2831,593,-1619,339,-3016,562,244,142
31850,-247,-841,75,-101,953,1192,15790,-492,45,-62,2,279,120,0,18756,523,-18,607,18756,1639,1595,1807,1755,-2177,376,-1138,196,-2433,418,255,141
31903,-176,-55,40,-95,1003,3206,17987,-1957,43,-1,2,320,39,0,18806,526,3,612,18806,1631,1581,1812,1764,-1357,399,-714,209,-1671,343,153,136
31950,321,189,-75,116,962,3206,15363,-2323,-3,-32,4,279,-559,0,18856,527,-49,616,18856,1628,1582,1810,1771,-1082,-129,-570,-68,-1336,-167,244,142
32003,253,265,115,5,795,1680,21100,-4093,30,-510,2,599,-6120,0,18956,536,-18,623,18956,1618,1572,1804,1801,-1098,-4,-588,-2,-1466,-33,173,138
32050,125,668,224,-28,907,1558,37518,-2811,79,-650,2,1039,-8120,0,18956,537,37,623,18956,1617,1588,1817,1776,-94,364,-50,195,-648,298,214,138
32103,-40,1283,-14,-106,1049,10164,51679,-2750,279,-868,4,3159,-11240,0,19007,552,41,628,19007,1622,1586,1818,1776,647,206,357,114,-254,29,204,143
32150,410,2858,88,7,1039,18831,61444,-3422,100,-759,4,1559,-11560,0,19057,521,47,632,19057,1656,1539,1834,1769,-21,634,-11,330,-1169,357,132,141
32203,1135,4652,-25,-117,1387,10652,61261,-4093,2,-571,2,1159,-11200,0,19107,517,10,636,19107,1617,1571,1852,1760,525,394,271,203,-543,208,224,143
32250,1926,5512,194,-83,1145,8394,53021,-4154,-70,-566,2,1119,-12000,0,19107,526,23,636,19107,1633,1551,1840,1776,498,-115,262,-60,-410,-174,163,145
32303,1484,6169,217,-19,842,-2836,48688,-4459,-28,-508,2,1159,-12000,0,19107,541,35,636,19107,1603,1577,1845,1777,581,-246,314,-133,-268,-196,122,146
32350,831,6547,228,-159,966,-150,42584,-4398,-6,-276,2,759,-9720,0,19107,565,36,636,19107,1607,1568,1862,1757,-266,465,-150,262,-1078,477,255,142
32403,933,6579,-31,-26,1488,12178,31903,-3483,-221,-78,4,-1600,-7480,0,19107,527,27,636,19107,1660,1522,1858,1754,46,10,24,5,-510,-202,204,139
32450,1291,6042,10,196,1074,4304,15180,-2445,-283,59,4,-1959,-5360,0,19057,554,137,632,19057,1641,1555,1844,1759,-737,93,-408,52,-1035,26,122,142
32503,1217,5148,-102,-27,1112,-6681,-1665,-3239,-364,355,2,-2960,-1080,0,19208,551,94,643,19208,1625,1566,1854,1765,-2627,1174,-1447,647,-2598,1290,214,152
32550,622,3356,-15,-2,1155,-21635,-21685,-2567,-277,233,2,-2560,-679,0,19158,585,169,640,19158,1607,1592,1814,1802,-3241,1330,-1896,778,-3006,1717,132,151
32603,-70,1221,62,64,725,-16325,-20037,-797,-245,71,0,-2879,-399,0,19158,553,59,640,19158,1635,1584,1815,1785,-3125,1437,-1728,794,-2775,1722,193,146
32650,-597,-626,290,-31,918,-17606,-9478,-1102,-209,-89,4,-3000,-399,0,19208,540,55,643,19208,1626,1591,1830,1770,-2770,1405,-1495,758,-2468,1676,193,150
32703,-632,-1204,-80,265,777,-15775,-11126,-4,-314,-115,2,-4240,-119,0,19208,545,33,643,19208,1650,1576,1807,1783,-2911,1516,-1586,826,-2732,1758,0,148
32750,-1080,-1513,104,79,958,-21452,-4717,-1224,-275,-139,2,-4240,-80,0,19158,560,54,640,19158,1622,1591,1823,1779,-1700,719,-952,403,-1588,1105,224,149
32803,-1761,-1678,126,188,1397,-21268,-5755,361,-216,-142,4,-4240,39,0,19208,539,51,643,19208,1629,1608,1807,1780,-2230,1324,-1202,713,-2129,1695,255,150
32850,-2215,-1821,160,77,953,-17911,-5327,-4,-260,-158,4,-5200,0,0,19208,563,78,643,19208,1639,1592,1807,1783,-2157,1222,-1214,688,-2059,1516,204,146
32903,-2132,-1610,-198,40,1272,-19437,-5755,1948,-299,-140,2,-5560,0,0,19208,547,61,643,19208,1646,1608,1796,1776,-989,284,-541,155,-888,623,183,145
32950,-2488,-1575,76,74,1056,-26884,-7158,606,-205,-137,0,-4840,0,0,19158,560,122,640,19158,1612,1627,1806,1782,-1487,782,-832,438,-1330,1222,255,146
33003,-3087,-1542,-126,-198,1085,-15653,-10210,911,-27,-138,0,-3400,-39,0,19158,540,78,640,19158,1631,1607,1788,1793,-1521,915,-821,494,-1343,1189,204,151
33050,-2749,-1673,-199,-60,1088,-8512,-13018,361,23,-146,2,-2480,0,0,19158,559,36,640,19158,1631,1603,1784,1801,-1433,770,-801,430,-1252,932,204,145
33103,-2408,-1793,148,-64,1046,-3080,-6731,-370,203,-159,2,-80,-39,0,19208,552,36,643,19208,1614,1614,1803,1791,-1092,453,-603,250,-975,507,193,144
33150,-1920,-1895,75,-142,868,10591,-7219,1277,157,-161,2,-120,39,0,19208,539,35,643,19208,1650,1598,1787,1790,-1001,275,-539,148,-856,48,234,142
33203,-871,-1974,-128,7,1116,12300,-11675,2925,69,-168,2,-80,39,0,19158,547,65,640,19158,1662,1605,1766,1792,-1061,197,-580,108,-857,-16,244,141
33250,-237,-2070,-157,57,1208,6074,-7463,2192,13,-180,2,-80,0,0,19158,579,72,640,19158,1653,1606,1770,1793,-940,17,-544,10,-869,-57,255,136
33303,261,-2381,121,-33,743,5403,-1177,789,-29,-200,2,-80,79,0,19158,558,57,640,19158,1652,1593,1787,1792,-797,9,-444,5,-776,-84,255,133
33350,5,-2016,-9,42,908,4548,-2642,789,-10,-172,2,-120,39,0,19208,558,37,643,19208,1649,1597,1784,1794,-806,-221,-449,-123,-713,-276,255,137
33403,120,-2018,9,-32,1065,2534,-872,2192,-14,-176,0,-39,0,0,19208,562,76,643,19208,1650,1614,1774,1790,-800,-317,-449,-178,-784,-361,255,138
33450,190,-1778,-28,-33,881,1008,3400,2620,-27,-151,2,-120,39,0,19208,588,96,643,19208,1652,1620,1781,1777,-694,-331,-408,-195,-706,-378,255,141
33503,463,-1123,-127,48,1156,3389,5109,606,-47,-98,4,-80,0,0,19158,566,113,640,19158,1655,1594,1790,1786,-450,-384,-255,-217,-539,-443,234,139
33550,435,-882,-136,43,1204,2351,2850,972,-48,-52,4,-120,280,0,18856,617,172,616,18856,1653,1599,1782,1788,-507,-462,-313,-285,-580,-522,244,141
33603,195,-691,110,-127,1015,1069,-2764,2131,-24,-63,4,-80,-39,0,19208,571,141,643,19208,1654,1616,1764,1795,-460,-662,-262,-378,-412,-680,153,143
33650,19,-513,104,-156,1007,825,-750,1155,-5,-44,2,-39,0,0,19208,598,138,643,19208,1650,1608,1777,1793,-409,-693,-245,-414,-410,-692,153,137
33703,135,-395,-119,77,903,2473,1264,422,-18,-30,4,-80,39,0,19208,618,130,643,19208,1652,1598,1789,1786,-220,-806,-136,-498,-242,-849,142,138
33750,119,-529,-53,72,966,1314,-1238,667,-17,-46,2,-80,0,0,19208,608,100,643,19208,1646,1606,1777,1796,-217,-906,-132,-551,-214,-966,153,137
33803,269,-618,-40,16,1242,1863,165,1033,-30,-57,2,-80,-39,0,19158,614,133,640,19158,1655,1599,1775,1793,-131,-868,-80,-533,-134,-900,234,138
33850,152,-563,82,28,953,1253,-17,484,-16,-49,2,-39,0,0,19158,620,107,640,19158,1651,1597,1782,1791,-93,-990,-58,-614,-60,-1000,173,132
33903,-38,-495,-89,-105,1077,1497,1264,-309,-10,-43,2,-160,0,0,19158,609,91,640,19158,1648,1593,1785,1797,-26,-1036,-16,-631,-48,-1062,183,139
33950,-34,-231,-199,-117,1200,1314,3095,-492,-7,-20,2,-120,0,0,19208,617,122,643,19208,1643,1596,1791,1793,67,-959,41,-592,19,-1003,234,136
34003,-107,-396,227,6,884,4732,-1543,300,-1,-31,6,-120,39,0,19208,619,61,643,19208,1660,1592,1772,1801,64,-1037,40,-641,91,-1119,234,133
34050,-27,-505,186,1,974,3206,-811,545,-8,-44,4,-120,0,0,19259,601,4,648,19259,1655,1601,1774,1800,158,-1096,94,-658,176,-1167,244,131
34103,-123,-223,-45,-24,878,398,226,911,3,-22,4,-80,-39,0,19208,610,74,643,19208,1651,1608,1779,1789,206,-1122,125,-684,202,-1129,244,134
34150,-151,-172,-59,-56,810,2778,-933,1033,2,-18,2,-120,-39,0,19158,621,67,640,19158,1655,1602,1772,1794,231,-1301,143,-807,218,-1395,255,138
34203,-18,-153,-71,14,1218,4426,1874,-126,-5,-16,2,-80,-39,0,19158,642,129,640,19158,1658,1584,1781,1796,379,-1252,243,-804,346,-1330,255,138
34250,-78,-277,36,133,1024,4671,1569,-370,0,-20,2,-80,39,0,19107,650,131,636,19107,1656,1580,1786,1791,400,-1291,260,-839,448,-1352,224,136
34303,-180,-323,74,-79,1028,3450,-750,1033,12,-24,4,-39,39,0,19057,664,162,632,19057,1657,1602,1771,1793,289,-1056,192,-701,302,-1116,255,138
34350,-54,-351,-32,-107,1086,5403,1203,850,36,-2,2,360,320,0,19007,671,105,628,19007,1657,1591,1773,1789,525,-1323,352,-887,472,-1398,255,138
34403,-40,9,-108,-3,1159,7356,-78,-1102,62,63,2,680,720,0,18906,701,237,620,18906,1647,1572,1787,1791,403,-1179,282,-826,404,-1307,255,135
34450,216,-78,-62,102,1123,6624,-4107,-614,68,59,4,999,759,0,18956,663,157,623,18956,1651,1577,1772,1801,603,-1396,400,-925,634,-1518,255,138
34503,193,-211,14,42,962,6257,-6182,850,258,75,2,3159,1080,0,18906,687,161,620,18906,1618,1628,1766,1794,562,-1308,386,-899,670,-1417,255,138
34550,212,-134,91,24,1129,10652,-5877,178,327,40,2,3959,599,0,18458,696,176,584,18458,1636,1579,1764,1784,494,-1108,344,-771,613,-1226,255,139
34603,229,-152,-103,-135,1047,16755,-3496,-248,252,11,4,3120,280,0,18458,717,144,584,18458,1647,1562,1770,1782,746,-1160,535,-832,807,-1453,255,144
34650,908,-72,-193,-46,1163,11873,-1543,667,158,25,4,2720,360,0,18508,699,106,587,18508,1644,1581,1765,1779,753,-1396,526,-976,757,-1627,255,141
34703,1180,-361,-20,50,934,8760,-261,-370,43,3,2,1679,399,0,18409,703,165,580,18409,1650,1554,1770,1782,814,-1239,572,-871,818,-1392,255,137
34750,1112,-400,-34,82,826,3328,-3984,667,56,27,2,1759,720,0,18359,710,95,576,18359,1637,1581,1759,1781,775,-1327,550,-942,850,-1402,255,137
34803,966,-632,-22,-70,1172,2473,-3008,1094,100,32,4,2119,999,0,18409,709,80,580,18409,1638,1589,1755,1780,841,-1258,596,-892,893,-1301,255,140
34850,922,-809,37,106,733,4182,-3862,484,-7,-7,4,839,720,0,18458,761,134,584,18458,1655,1566,1757,1785,850,-1119,646,-851,922,-1213,255,136
34903,509,-741,-25,-169,863,764,-4961,239,-44,-61,4,0,39,0,18409,703,2,580,18409,1640,1582,1752,1795,493,-558,347,-392,580,-571,255,132
34950,472,-666,140,117,708,-5033,-628,606,-41,-51,4,0,79,0,18409,762,38,580,18409,1638,1585,1750,1789,867,-1047,660,-798,808,-969,255,134
35003,-206,-131,-198,-168,934,-2164,3644,117,18,-4,2,0,79,0,18359,712,-46,576,18359,1635,1578,1769,1774,990,-794,705,-565,927,-757,244,135
35050,-564,-204,-140,43,911,-1066,-994,911,42,195,2,-80,2439,0,18310,767,-38,571,18310,1641,1584,1778,1758,873,-994,670,-762,894,-963,244,138
35103,-679,-217,-129,-97,981,2351,-10942,-248,52,197,2,-80,2479,0,18359,725,-53,576,18359,1637,1570,1756,1788,907,-829,657,-601,1098,-870,255,142
35150,-378,-722,-32,88,879,3877,-15398,1460,26,149,2,-80,2439,0,18359,750,3,576,18359,1654,1576,1738,1790,768,-844,576,-633,975,-873,244,137
35203,-313,-836,-206,34,970,1314,-7952,178,20,139,4,-80,2439,0,18261,723,-30,567,18261,1636,1577,1764,1772,1128,-1038,815,-751,1267,-1061,214,142
35250,-314,-1193,-165,133,972,398,-8806,545,27,66,4,0,1960,0,18310,760,-9,571,18310,1636,1584,1756,1778,578,-554,439,-421,811,-594,244,135
35303,-281,-1518,22,42,942,2778,-8745,484,28,41,4,39,2000,0,18310,727,-72,571,18310,1642,1575,1747,1785,935,-895,679,-651,1087,-944,255,136
35350,-352,-1432,-178,100,976,215,-4778,606,30,53,4,0,2040,0,18310,736,-73,571,18310,1637,1585,1750,1782,983,-903,723,-665,1029,-910,255,137
35403,-173,-1845,111,145,956,2351,-2703,117,18,-17,4,39,1640,0,18261,744,-136,567,18261,1640,1574,1748,1787,984,-797,732,-593,1031,-838,255,140
35450,-253,-1733,-42,147,951,947,775,667,22,-50,2,0,1159,0,18359,736,-153,576,18359,1637,1585,1761,1771,599,-359,441,-264,674,-396,255,135
35503,-270,-1798,138,72,932,215,2973,911,27,-55,2,39,1159,0,18310,722,-178,571,18310,1638,1583,1747,1779,796,-740,575,-534,744,-744,244,136
35550,-352,-1281,-85,33,1192,-1798,5048,606,30,-10,4,0,1159,0,18310,685,-247,571,18310,1633,1591,1750,1780,774,-701,530,-480,596,-665,244,138
35603,-44,-1072,162,44,1036,-700,4376,422,10,11,4,79,1199,0,18310,691,-236,571,18310,1637,1585,1760,1772,787,-674,543,-465,710,-661,234,136
35650,-195,-698,125,139,973,-4057,5231,1399,17,-22,4,0,439,0,18310,662,-261,571,18310,1636,1597,1757,1763,772,-720,511,-476,735,-666,255,137
35703,-806,-335,19,-156,835,-2897,3278,1155,70,-29,4,0,0,0,18310,643,-278,571,18310,1634,1599,1744,1779,673,-674,432,-433,615,-624,255,135
35750,-698,-71,12,36,953,-1432,7550,789,64,67,4,39,840,0,18310,647,-285,571,18310,1638,1592,1768,1759,525,-538,339,-348,378,-485,255,133
35803,-712,-447,-39,-121,1128,-150,5048,1094,65,58,2,39,1119,0,18310,665,-323,571,18310,1636,1597,1759,1765,719,-604,478,-402,631,-602,255,139
35850,-326,-721,196,-17,671,1619,775,1155,28,45,0,0,1240,0,18806,645,-310,612,18806,1645,1590,1757,1768,661,-670,426,-432,682,-673,244,135
35903,-383,-655,-75,-176,1057,-2714,1264,728,36,40,2,39,1119,0,18856,594,-374,616,18856,1642,1613,1764,1782,736,-781,437,-464,714,-733,255,139
35950,-336,-660,-127,-274,1113,-578,1447,300,32,50,2,39,1240,0,18856,616,-322,616,18856,1646,1603,1768,1783,685,-517,422,-318,613,-502,234,139
36003,-19,-267,-17,79,993,-333,1141,-4,1,95,2,0,1359,0,18956,612,-242,623,18956,1644,1606,1784,1773,534,-618,327,-378,515,-612,224,131
36050,6,-482,75,9,795,-639,-1665,1582,2,101,2,39,1640,0,18856,569,-256,616,18856,1654,1614,1768,1771,896,-631,510,-359,912,-627,244,132
36103,69,-625,50,19,1044,2046,897,1399,-6,123,4,0,2040,0,18906,562,-289,620,18906,1665,1601,1770,1770,552,-613,310,-344,536,-648,255,133
36150,229,-819,-149,77,1186,520,-139,117,-16,347,4,39,4800,0,18906,544,-273,620,18906,1647,1605,1798,1754,1119,-579,609,-314,1139,-617,255,139
36203,146,-991,47,-22,905,-394,-18206,1033,39,381,4,599,5360,0,18906,546,-263,620,18906,1646,1618,1757,1785,746,-260,407,-142,1064,-253,244,140
36250,246,-1797,86,49,840,-761,-17473,2681,-21,220,0,0,4319,0,18906,545,-260,620,18906,1675,1606,1740,1786,1170,-788,638,-429,1430,-732,234,140
36303,-73,-1975,-278,-109,1181,-3995,-7647,-858,6,71,2,0,2799,0,18906,518,-244,620,18906,1634,1610,1777,1785,825,-976,427,-505,959,-906,183,140
36350,148,-2821,30,-71,752,-3995,-10332,2437,-16,-5,2,-39,2760,0,18906,514,-303,620,18906,1658,1625,1755,1772,1042,-682,535,-350,1260,-613,214,143
36403,-178,-2623,-107,-9,1066,-6925,-444,1765,12,11,0,-39,2760,0,18906,493,-348,620,18906,1649,1625,1773,1761,980,-738,483,-364,988,-617,214,141
36450,-449,-2300,-261,-168,1036,2168,-4900,2254,35,12,0,-39,2439,0,19973,505,-372,704,19973,1678,1622,1754,1790,851,-482,430,-243,814,-467,132,143
36503,-11,-2077,116,142,850,-3080,5292,1216,1,21,4,0,2320,0,20076,413,-449,712,20076,1665,1654,1798,1775,232,-304,95,-125,319,-344,0,133
36550,-165,-1399,-75,-5,1151,-2164,6635,2192,14,76,2,0,2279,0,20076,446,-270,712,20076,1684,1650,1796,1772,818,-833,365,-371,695,-772,153,138
36603,-225,-484,191,23,921,-2470,6329,-4,16,153,4,-39,2239,0,20127,372,-419,715,20127,1673,1640,1811,1779,860,-859,320,-319,750,-816,214,137
36650,-19,-624,224,88,989,-1798,3766,56,5,109,10,39,1879,0,20283,349,-473,728,20283,1664,1641,1801,1773,853,-720,297,-251,860,-776,142,135
36703,19,-216,-115,16,1069,1497,8405,2315,1,141,2,39,1840,0,20076,367,-255,712,20076,1690,1645,1802,1761,740,-567,271,-208,593,-593,142,136
36750,180,-43,106,128,830,-5704,10114,361,47,153,2,720,1800,0,20024,400,-229,708,20024,1654,1661,1815,1766,777,-729,310,-291,644,-730,0,136
36803,-53,-10,-85,-114,1197,3694,-4656,1094,123,121,4,1359,1400,0,20076,305,-285,712,20076,1684,1642,1787,1788,777,-729,237,-222,644,-730,0,140
36850,156,-344,-132,-162,996,11445,-7158,1216,101,95,2,1319,1440,0,20076,230,-428,712,20076,1695,1631,1790,1784,777,-729,178,-167,644,-730,0,141
36903,783,-272,-197,89,1117,10835,-11309,-4,18,94,2,999,1359,0,20076,287,-372,712,20076,1687,1626,1792,1794,777,-729,223,-209,644,-730,0,137
36950,1065,-648,-92,34,803,4548,-9966,1460,-5,58,2,999,1319,0,20076,301,-272,712,20076,1682,1649,1781,1790,777,-729,233,-219,644,-730,0,136
37003,1257,-1470,-20,0,1146,2534,-7463,361,-25,-13,2,959,1319,0,20076,287,-260,712,20076,1679,1639,1789,1794,777,-729,223,-209,644,-730,0,138
37050,918,-1383,-76,-96,1097,-2286,1080,-309,-3,1,4,880,1400,0,20024,262,-197,708,20024,1673,1638,1800,1788,777,-729,203,-191,644,-730,0,137
,,,,,,,,,,,,,,,,,,,,,,,,,,,,,,,
37250,494,-1817,70,3,928,-516,6696,-675,16,-36,2,680,1400,0,20076,266,-74,712,20076,1671,1633,1808,1781,777,-729,206,-193,644,-730,0,133
37303,330,-1016,-126,27,1242,-4484,7367,-65,34,29,4,720,1359,0,20024,227,-50,708,20024,1662,1649,1800,1780,777,-729,176,-165,644,-730,0,136
37350,251,-878,52,234,1052,-10038,7611,-1163,33,41,2,639,1359,0,20076,217,-100,712,20076,1642,1660,1820,1776,777,-729,168,-158,644,-730,0,138
37403,-342,-633,12,-149,956,-8207,531,2742,82,49,4,599,1199,0,20076,219,28,712,20076,1674,1675,1782,1773,777,-729,170,-159,644,-730,0,134
37450,-535,-522,-143,-197,1067,-7780,409,1460,99,31,2,599,880,0,20076,236,-21,712,20076,1660,1674,1788,1781,777,-729,183,-172,644,-730,0,137
37503,-468,-549,71,75,1060,459,-2337,117,93,25,2,599,840,0,20076,263,-9,712,20076,1671,1647,1794,1788,777,-729,204,-191,644,-730,0,131
37550,-183,-1056,215,126,735,703,-6121,-736,68,-25,2,599,759,0,20024,265,47,708,20024,1661,1645,1786,1803,777,-729,205,-193,644,-730,0,135
37603,-90,-1309,-171,55,1160,2351,1630,422,70,-51,2,720,720,0,20076,296,166,712,20076,1663,1659,1802,1777,777,-729,230,-215,644,-730,0,135
37650,-16,-1176,61,32,1133,2534,5719,239,123,-29,2,1399,840,0,20076,259,83,712,20076,1655,1662,1808,1771,777,-729,201,-188,644,-730,0,134
37703,88,-1096,-67,-57,993,7905,287,-1957,149,5,2,1800,1159,0,20076,289,210,712,20076,1657,1634,1804,1797,777,-729,224,-210,644,-730,0,135
37750,629,-1194,-105,-81,1104,3145,-4046,-1224,137,3,2,2200,1240,0,20024,299,96,708,20024,1644,1655,1796,1799,777,-729,232,-218,644,-730,0,139
37803,682,-1237,59,146,1393,5037,-7463,-1591,128,3,2,2160,1280,0,20024,248,-52,708,20024,1656,1638,1792,1807,777,-729,192,-180,644,-730,0,138
37850,612,-1492,82,18,1112,93,-9966,-2201,135,-11,2,2160,1359,0,20024,272,190,708,20024,1647,1641,1802,1805,777,-729,211,-198,644,-730,0,137
37903,406,-1832,156,-50,906,-5460,-8867,-309,93,-48,2,1480,1280,0,20076,260,111,712,20076,1646,1664,1782,1807,777,-729,202,-189,644,-730,0,139
37950,91,-1834,196,-68,890,-89,-6914,-492,121,-55,2,1480,1199,0,19921,264,18,699,19921,1655,1645,1768,1817,777,-729,205,-192,644,-730,0,136
38003,106,-1760,-271,-33,1156,2412,287,-2811,109,-76,2,1359,880,0,19973,292,62,704,19973,1639,1636,1806,1805,777,-729,226,-212,644,-730,0,138
38050,563,-1812,-223,-16,1186,6624,8222,-919,69,-112,4,1359,520,0,19973,274,67,704,19973,1652,1642,1808,1780,777,-729,212,-199,644,-730,0,138
38103,1049,-1829,183,166,896,6257,-200,-1041,34,-117,2,1440,480,0,19921,299,217,699,19921,1656,1634,1781,1810,777,-729,232,-218,644,-730,0,139
38150,1020,-1408,152,94,679,5830,7611,-1041,33,-112,4,1399,120,0,19921,219,-47,699,19921,1657,1636,1791,1801,777,-729,170,-159,644,-730,0,138
38203,1134,-781,-181,1,1029,5159,13715,239,16,-50,2,1319,199,0,18212,276,-69,564,18212,1621,1610,1773,1746,777,-729,214,-201,644,-730,0,136
38250,1108,-468,-158,-28,889,947,15912,-1896,14,-37,4,1280,39,0,18261,324,44,567,18261,1595,1611,1793,1746,777,-729,251,-236,644,-730,0,136
38303,1002,-137,48,101,980,1924,13348,-65,-3,-4,2,959,79,0,18163,347,83,560,18163,1621,1608,1778,1745,777,-729,269,-253,644,-730,0,131
38350,526,518,-45,63,1156,1863,10053,1399,37,52,4,959,79,0,18163,273,-67,560,18163,1624,1621,1767,1736,777,-729,212,-199,644,-730,0,132
38403,539,308,95,72,799,7356,2362,1033,33,33,2,920,79,0,18163,315,-20,560,18163,1636,1602,1758,1751,777,-729,244,-229,644,-730,0,129
38450,440,-142,-22,167,962,1802,4315,972,-27,-8,4,120,39,0,18113,375,-39,556,18113,1631,1608,1768,1740,777,-729,291,-273,644,-730,0,132
38503,68,-674,162,-26,616,1069,4804,-65,1,-58,2,79,0,0,18261,344,-159,567,18261,1623,1606,1765,1759,777,-729,267,-250,644,-730,0,129
38550,16,-519,80,183,1080,-333,11395,1338,5,-41,2,79,39,0,18261,317,-191,567,18261,1635,1611,1776,1733,777,-729,246,-231,644,-730,0,132
38603,-667,-300,-34,-223,964,6074,10419,-797,54,-19,2,-39,79,0,18359,298,-160,576,18359,1631,1592,1786,1749,777,-729,231,-217,644,-730,0,137
38650,-505,61,-61,-65,1084,5647,8588,1155,47,8,2,39,39,0,19921,300,-117,699,19921,1660,1629,1794,1756,777,-729,233,-218,644,-730,0,131
38703,-333,-32,25,-117,773,5708,5048,-492,25,-2,4,-39,0,0,20439,265,-200,740,20439,1679,1643,1816,1792,777,-729,205,-193,644,-730,0,132
38750,152,29,46,29,547,5891,5841,-919,-20,6,4,-80,39,0,20543,207,-283,748,20543,1681,1637,1818,1797,777,-729,160,-150,644,-730,0,129
38803,609,615,-107,-19,1252,-2653,11945,545,-56,53,4,-39,0,0,20543,249,-156,748,20543,1667,1669,1830,1769,777,-729,193,-181,644,-730,0,135
38850,800,706,-100,96,1145,-578,7977,-248,-76,65,4,-80,39,0,20648,235,-319,755,20648,1670,1660,1832,1777,777,-729,182,-171,644,-730,0,134
38903,756,465,53,32,891,3999,-13079,-2018,-73,47,2,-80,79,0,20648,173,-253,755,20648,1680,1631,1805,1826,777,-729,134,-126,644,-730,0,134
38950,1075,-564,101,102,997,4609,-10698,1643,-104,-45,2,-120,39,0,20805,182,-262,768,20805,1709,1648,1795,1804,777,-729,141,-132,644,-730,0,140
39003,1420,-1026,-14,64,1086,5098,-10637,-1163,-228,-82,4,-1200,79,0,21761,138,-316,840,21761,1722,1644,1821,1837,777,-729,107,-100,644,-730,0,143
39050,1907,-1682,211,226,825,-5338,-15947,1643,-410,-108,4,-2800,439,0,21761,138,-263,840,21761,1734,1667,1811,1821,777,-729,107,-100,644,-730,0,145
39103,1173,-1767,40,-21,1046,-10709,-13018,3230,-374,-112,2,-3120,480,0,21815,141,-184,844,21815,1730,1692,1800,1820,777,-729,109,-102,644,-730,0,146
39150,975,-2457,299,116,968,-6010,-12224,-492,-357,-176,4,-3120,439,0,21761,189,-56,840,21761,1736,1639,1809,1841,777,-729,146,-137,644,-730,0,143
39203,314,-1665,-211,-98,1142,-12296,14508,2315,-261,-113,2,-2680,360,0,21815,149,-92,844,21815,1716,1696,1841,1783,777,-729,115,-108,644,-730,0,145
39250,529,-1223,163,258,1020,-2470,1996,4390,-283,-68,2,-2720,439,0,21815,111,-63,844,21815,1760,1673,1788,1816,777,-729,86,-80,644,-730,0,139
39303,210,-727,97,-88,1203,-13151,14203,2620,-262,-18,4,-2800,520,0,21815,148,15,844,21815,1726,1692,1829,1790,777,-729,115,-107,644,-730,0,140
39350,-191,-143,177,146,1102,-12052,19086,3718,-231,32,4,-2840,520,0,21815,205,243,844,21815,1745,1686,1828,1778,777,-729,159,-149,644,-730,0,142
39403,-630,675,187,10,813,-12479,19574,1094,-161,65,-12,-2480,79,0,21761,158,47,840,21761,1714,1679,1844,1795,777,-729,122,-115,644,-730,0,139
39450,-521,1147,-63,84,871,-10343,11395,1033,-97,110,2,-1640,120,0,21708,202,205,836,21708,1719,1682,1830,1800,777,-729,156,-147,644,-730,0,140
39503,-771,1341,163,91,880,-9000,-4595,178,-75,127,4,-1640,120,0,21708,187,185,836,21708,1715,1676,1821,1815,777,-729,145,-136,644,-730,0,138
39550,-635,590,413,195,1066,-28,-18755,1887,-52,55,2,-1240,39,0,21761,180,311,840,21761,1744,1665,1789,1832,777,-729,139,-131,644,-730,0,137
39603,-749,50,-208,-136,979,-8207,-12041,-3788,16,7,4,-559,39,0,20076,185,324,712,20076,1642,1652,1825,1806,777,-729,143,-134,644,-730,0,137
39650,-730,-1229,203,-62,667,-5643,-11370,-65,21,-107,2,-479,0,0,19973,217,404,704,19973,1672,1642,1784,1793,777,-729,168,-158,644,-730,0,138
39703,-951,-1524,-100,-62,1039,-394,-2459,-1286,41,-126,4,-479,79,0,19973,213,296,704,19973,1668,1632,1794,1795,777,-729,165,-155,644,-730,0,141
39750,-877,-1651,-171,-130,773,2717,-4107,-675,3,-112,4,-839,360,0,20024,254,266,708,20024,1678,1631,1781,1804,777,-729,197,-185,644,-730,0,140
39803,-430,-1586,-44,27,1264,3633,-5877,-2384,-67,-65,2,-1200,840,0,19870,240,156,696,19870,1671,1610,1804,1797,777,-729,186,-175,644,-730,0,141
39850,-48,-1971,49,-40,638,1497,-8074,-4,-107,-91,4,-1280,920,0,19870,242,317,696,19870,1684,1628,1786,1793,777,-729,188,-176,644,-730,0,137
39903,-191,-2158,-24,-93,939,-4545,-8135,-614,-95,-108,2,-1280,920,0,19819,254,132,692,19819,1665,1633,1778,1803,777,-729,197,-185,644,-730,0,142
39950,-190,-2558,249,-14,594,-5704,-11004,-1163,-63,-142,4,-920,920,0,20024,212,23,708,20024,1670,1631,1763,1829,777,-729,164,-154,644,-730,0,142
40003,-697,-2139,-83,-26,1143,-7230,-2947,-431,43,-172,4,-199,160,0,19921,278,106,699,19921,1649,1659,1780,1803,777,-729,216,-202,644,-730,0,141
40050,-728,-1966,-145,78,1054,-6254,1325,-1163,46,-161,0,-199,120,0,19973,329,145,704,19973,1654,1644,1799,1796,777,-729,255,-239,644,-730,0,141
40103,-598,-2009,239,132,1042,-394,2850,117,38,-168,2,-160,79,0,19921,243,44,699,19921,1679,1630,1779,1799,777,-729,188,-177,644,-730,0,136
40150,-549,-1217,-99,206,968,-4850,4315,1399,30,-102,4,-199,39,0,19973,295,-37,704,19973,1674,1654,1788,1778,777,-729,229,-215,644,-730,0,138
40203,-1045,-1534,132,-65,673,1863,-8440,972,73,-130,2,-199,39,0,19973,314,28,704,19973,1688,1633,1750,1820,777,-729,244,-228,644,-730,0,137
40250,-1166,-1918,140,-145,493,4609,-8623,2559,84,-160,4,-199,79,0,19921,306,-134,699,19921,1691,1649,1742,1808,777,-729,237,-223,644,-730,0,141
40303,-898,-2038,77,-36,831,6318,1264,1460,67,-170,4,-120,79,0,19921,330,-137,699,19921,1685,1643,1766,1796,777,-729,256,-240,644,-730,0,137
40350,-687,-1745,-132,-17,1150,7051,8893,300,49,-148,4,-120,39,0,19973,220,-148,704,19973,1681,1636,1778,1797,777,-729,170,-160,644,-730,0,139
40403,-208,-1211,-85,246,953,4915,12372,850,4,-102,4,-160,39,0,19973,304,-228,704,19973,1689,1637,1787,1784,777,-729,236,-221,644,-730,0,137
40450,-383,-808,-33,72,878,5037,4437,-309,23,-67,2,-120,39,0,19973,367,89,704,19973,1683,1631,1781,1804,777,-729,285,-267,644,-730,0,133
40503,385,-1463,65,-15,464,2778,6024,56,-37,-124,2,-39,39,0,21869,298,-154,847,21869,1715,1679,1814,1830,777,-729,231,-217,644,-730,0,134
40550,599,-1447,108,122,692,-3446,10358,1033,-59,-122,2,-80,39,0,24645,237,-299,1048,24645,1768,1744,1867,1861,777,-729,184,-172,644,-730,0,140
40603,386,-1340,-155,23,1183,6380,4620,1643,-40,-116,4,-80,0,0,25568,239,-372,1112,25568,1809,1744,1865,1886,777,-729,185,-174,644,-730,0,138
40650,548,-1066,-180,58,1073,20357,2973,2315,-54,-86,4,-80,79,0,25568,228,-402,1112,25568,1834,1726,1853,1893,777,-729,177,-166,644,-730,0,139
40703,1113,-697,-10,-35,848,32991,10724,2315,-104,-57,2,-80,39,0,25568,123,-513,1112,25568,1848,1708,1879,1866,777,-729,95,-89,644,-730,0,138
40750,2046,-773,194,-133,715,39461,18475,3047,-185,-64,0,-80,39,0,25568,189,-353,1112,25568,1859,1703,1889,1848,777,-729,146,-137,644,-730,0,141
40803,3496,70,-40,-14,1228,45930,23847,5610,-312,9,4,-80,39,0,25510,164,-275,1107,25510,1898,1689,1875,1836,777,-729,127,-119,644,-730,0,137
40850,4592,917,54,-215,647,50020,23847,5061,-411,90,4,-120,120,0,25568,154,-227,1112,25568,1899,1669,1875,1840,777,-729,119,-112,644,-730,0,140
40903,6096,3271,-437,-121,656,-80595,34528,-5924,-538,292,2,-80,79,0,25510,159,-78,1107,25510,1549,1896,1899,1843,777,-729,123,-115,644,-730,0,143
40950,-193,4791,220,-285,1374,-61857,-32671,-36686,13,421,4,-39,39,0,24817,142,-31,1060,24817,1480,1588,1899,1899,777,-729,110,-103,644,-730,0,143
41003,-552,1653,-94,-120,900,-3446,-24004,2437,-49,269,2,-1119,1440,0,14978,80,-344,287,14978,1680,1481,1722,1699,777,-729,62,-58,644,-730,0,141
41050,727,674,9,272,951,-9977,-29558,-4703,-164,187,-69,-1160,1480,0,14933,95,-303,284,14933,1539,1390,1718,1769,777,-729,73,-69,644,-730,0,140
41103,323,198,40,-224,718,-66801,-76983,117,-126,142,-10,-1119,1440,0,14933,44,-335,284,14933,1392,1641,1550,1826,777,-729,34,-32,644,-730,0,141
41150,-2821,-2782,-1591,-109,956,-34757,-89739,12080,144,-110,-10,-1160,1519,0,15837,49,-434,363,15837,1656,1604,1423,1822,777,-729,38,-35,644,-730,0,150
41203,-2814,-4511,-287,784,741,-22733,-35479,-69218,147,-236,-69,-1119,1800,0,16206,79,-201,396,16206,1150,1150,1899,1899,777,-729,61,-57,644,-730,0,149
41250,-2201,-808,-699,199,1619,22798,15912,14400,59,97,-41,-1520,1919,0,16673,74,-291,435,16673,1730,1529,1668,1653,777,-729,57,-53,644,-730,0,143
41303,14,-489,-184,412,1591,1130,20917,2559,-172,156,4,-1959,2279,0,17772,50,-68,528,17772,1723,1489,1813,1663,777,-729,38,-36,644,-730,0,138
41350,-151,-286,74,-436,1599,-1737,-7586,-1591,-182,177,2,-2239,2320,0,18409,56,-136,580,18409,1655,1548,1758,1794,777,-729,43,-40,644,-730,0,142
41403,-531,-77,-91,-37,955,3572,43,2376,-152,202,2,-2280,2400,0,21869,39,-94,847,21869,1740,1577,1797,1774,777,-729,30,-28,644,-730,0,134
41450,-518,-90,-44,94,1042,10286,5353,-65,-97,173,4,-1640,2079,0,22031,46,-20,860,22031,1771,1604,1852,1811,777,-729,35,-33,644,-730,0,135
41503,-415,47,-26,52,1341,6807,4376,-675,-40,154,4,-880,1719,0,22031,48,23,860,22031,1751,1621,1862,1806,777,-729,37,-35,644,-730,0,132
41550,-551,-175,15,82,1266,7966,-2337,850,30,96,4,-199,1280,0,22139,90,121,867,22139,1766,1626,1828,1831,777,-729,69,-65,644,-730,0,132
41603,-677,-238,-54,-9,954,-4606,3583,1216,45,59,2,-160,920,0,22139,48,-34,867,22139,1724,1677,1840,1816,777,-729,37,-35,644,-730,0,132
41650,-926,-223,-177,121,990,-761,3644,2986,63,57,2,-199,880,0,22248,42,-83,876,22248,1748,1675,1841,1802,777,-729,32,-30,644,-730,0,133
41703,-1066,-598,140,24,872,-1676,-4656,728,75,24,4,-199,880,0,22248,58,-63,876,22248,1735,1665,1818,1845,777,-729,45,-42,644,-730,0,133
41750,-1042,-260,-98,155,1124,1253,4987,484,80,47,2,-120,799,0,22193,73,101,872,22193,1737,1657,1857,1807,777,-729,56,-53,644,-730,0,133
41803,-766,-663,25,9,682,-3507,-933,911,52,8,6,-160,759,0,22193,74,-9,872,22193,1733,1671,1831,1829,777,-729,57,-53,644,-730,0,127
41850,-1075,-319,-112,-5,1169,-1737,6696,361,83,24,2,-120,599,0,22248,42,0,876,22248,1718,1678,1861,1806,777,-729,32,-30,644,-730,0,132
41903,-859,-546,72,-43,698,703,-2337,789,61,-2,4,-160,520,0,24360,42,-13,1028,24360,1782,1701,1862,1871,777,-729,32,-30,644,-730,0,131
41950,-1134,-409,19,-75,1388,-944,2728,-1163,84,-18,2,-160,199,0,25162,63,37,1084,25162,1775,1717,1899,1874,777,-729,48,-45,644,-730,0,135
42003,-778,-583,80,-23,933,886,-3435,-2750,53,-36,2,-160,160,0,25394,49,-53,1100,25394,1779,1698,1888,1899,777,-729,38,-35,644,-730,0,134
42050,-824,-507,-124,-6,899,-3934,5841,-4,61,-37,4,-120,79,0,25510,43,-31,1107,25510,1771,1745,1899,1864,777,-729,33,-31,644,-730,0,132
42103,-355,-1132,-6,48,926,3389,-2764,3535,20,-88,4,-120,120,0,21493,41,-36,820,21493,1752,1647,1802,1808,777,-729,31,-29,644,-730,0,133
42150,-555,-1082,6,30,846,-9367,1935,1094,41,-84,-4,-80,120,0,12382,64,51,44,12382,1466,1465,1654,1632,777,-729,49,-46,644,-730,0,130
42203,-971,-931,46,-61,740,1314,-6060,2681,74,-74,2,-120,79,0,3208,61,-22,-356,3208,1385,1150,1472,1515,777,-729,47,-44,644,-730,0,131
42250,-2036,-915,30,-160,660,3877,-1787,117,167,-76,6,-120,39,0,577,111,53,-1072,577,1150,1150,1274,1337,777,-729,86,-80,644,-730,0,132
42303,-1325,-637,-65,12,1219,3328,5231,-4,108,-48,20,-80,79,0,0,44,58,-1600,0,1150,1150,1320,1217,777,-729,34,-32,644,-730,0,125
42350,-1342,-476,64,7,882,-3019,1203,-3483,99,-38,-14,-199,39,0,0,40,-87,-1600,0,1150,1150,1355,1318,777,-729,31,-29,644,-730,0,128
42403,-1018,-601,6,15,969,2595,-1238,3718,78,-52,-10,-120,0,0,0,55,-3,-1600,0,1150,1150,1228,1264,777,-729,42,-40,644,-730,0,125
42450,-1034,-367,-23,-76,929,-1066,1264,4268,79,-28,-10,-120,39,0,0,59,-6,-1600,0,1150,1150,1254,1223,777,-729,45,-43,644,-730,0,129
42503,-981,-300,-26,26,968,-272,-444,-2384,75,-19,-4,-120,79,0,0,53,-30,-1600,0,1150,1150,1320,1317,777,-729,41,-38,644,-730,0,127
42550,-870,-297,16,-7,968,-1127,-1116,-4398,65,-18,-2,-120,79,0,0,43,-40,-1600,0,1150,1150,1336,1342,777,-729,33,-31,644,-730,0,128
42603,-753,-254,-50,-29,1063,-1432,226,-431,58,-18,-2,-80,39,0,0,42,-72,-1600,0,1,,,,,,,,,,,
