time_ms,imu_roll,imu_pitch,ax,ay,az,gx,gy,gz,Setpoint_rollRate,"set_pitchRate,",Setpoint_yawRate,Setpoint_roll,Setpoint_pitch
101000,1819,-1602,105,272,1764,6691,-2896,100,-5579,-4808,599,-39,0
149000,2374,-2267,41,108,1172,-11069,1375,-2890,-7276,-6419,720,-39,39
201000,2893,-2660,130,30,560,-4660,-760,5349,-8800,-7982,599,-39,0
249000,3257,-3063,93,-92,829,-8567,-2591,954,-9638,-9106,599,0,-39
301000,3555,-3316,-19,125,1261,2785,1497,771,-10785,-10068,599,-39,-39
349000,3883,-3379,122,-10,1438,-2829,-1492,1503,-11637,-10190,720,-39,-39
401000,4146,-3545,42,28,970,1198,1314,710,-12560,-10757,720,-39,-39
449000,4351,-3564,69,56,1130,99,1619,100,-13001,-10799,599,0,-39
501000,4417,-3708,53,84,1003,-571,-1248,1320,-13253,-11126,480,0,0
549000,4495,-3787,7,167,845,-510,1253,-2463,-13594,-11487,599,-39,-39
601000,4621,-3775,-25,114,1113,2419,704,2907,-13985,-11327,599,-39,0
649000,4676,-3856,-5,101,1084,2297,32,1198,-14094,-11546,599,-39,0
701000,4700,-3822,-21,58,1017,1686,2230,1198,-14222,-11348,599,-39,39
749000,4712,-3756,31,-2,842,-998,277,527,-14139,-11294,480,0,0
801000,4755,-3736,32,62,918,-571,460,-327,-14266,-11210,480,0,0
849000,4840,-3663,93,-9,1334,343,399,-205,-14604,-11164,599,-39,-39
901000,4801,-3744,-13,168,815,1747,-3751,1747,-14523,-11594,599,-39,-119
949000,4797,-3780,76,146,978,-1120,-28,-4355,-14437,-14890,480,0,-1200
1001000,4795,-3819,248,179,451,-3928,-2225,-8261,-14387,-19499,480,0,-2680
1049000,4804,-3825,264,35,1073,-6308,-455,-4050,-14528,-23350,599,-39,-3960
1101000,4824,-3825,180,-187,991,-1670,-2042,-1547,-14593,-28035,599,-39,-5520
1149000,4829,-3760,-210,244,882,1442,3756,-1975,-14541,-29074,599,-39,-5880
1201000,4955,-3599,-142,173,2201,1747,1680,-6552,-14985,-32998,599,-39,-7400
1249000,5025,-3580,380,-212,995,-2707,-1431,11513,-15083,-35229,480,0,-8160
1301000,4917,-3442,190,203,1203,1076,3084,-1853,-14751,-33486,599,0,-7719
1349000,4840,-3392,66,230,796,-1853,-1676,-8078,-14733,-31024,480,-39,-6960
1401000,4736,-3313,59,316,2135,-3012,399,-14243,-14329,-26501,480,-39,-5520
1449000,4686,-3146,99,266,201,2480,-3079,-2829,-14199,-21138,599,-39,-3880
1501000,4739,-3161,40,187,119,-4721,-2164,-6430,-14339,-16203,599,-39,-2239
1549000,4795,-3021,151,147,673,-3623,-394,1198,-14558,-12927,599,-39,-1280
1601000,4807,-3088,-131,52,993,-693,-882,-1547,-14541,-10706,599,-39,-479
1649000,4738,-3183,146,193,1231,1015,-1492,1137,-14273,-11196,480,0,-559
1701000,4703,-3151,77,28,1475,1503,2718,222,-14109,-10895,480,0,-479
1749000,4654,-3269,71,197,504,3090,-2225,-876,-14021,-10947,599,-39,-399
1801000,4593,-3197,110,92,1123,-3196,2779,-632,-13899,-9952,599,-39,-119
1849000,4579,-3349,60,83,1101,3517,-3995,588,-13820,-10128,599,-39,-80
1901000,4592,-3471,142,30,1746,5043,5526,-1059,-13896,-10655,599,-39,-80
1949000,4710,-3388,178,129,393,-3501,-3140,-449,-14042,-10346,480,0,-80
2001000,5006,-3449,257,-65,1202,1015,-28,832,-15020,-10588,480,0,-80
2049000,5354,-3088,115,186,669,5715,4244,-632,-15880,-9874,599,-39,-119
2101000,5736,-3115,217,87,636,-2890,-5460,-1731,-17329,-9587,599,-39,-80
2149000,5914,-2976,29,146,65,-1914,5037,710,-17817,-9194,599,-39,-39
2201000,5962,-2853,80,-30,1663,1930,-1981,4311,-18008,-8561,599,-39,0
2249000,5880,-3000,-138,127,944,1503,1741,-937,-17680,-9116,480,0,-39
2301000,5741,-2650,283,36,1341,-3196,6014,1809,-17224,-8072,480,0,-39
2349000,5367,-2888,89,228,110,-2463,-4666,4128,-16325,-8528,599,-39,-39
2401000,5046,-2707,51,60,1297,-1609,17855,4555,-15260,-8122,599,-39,0
2449000,4826,-2140,291,235,667,-4172,10653,1137,-14755,-6632,599,-39,0
2501000,4245,-1884,76,69,195,-10154,10775,4982,-12856,-5652,599,-39,0
2549000,3829,-1654,178,-23,1517,-8139,10653,5471,-11739,-4901,480,0,39
2601000,3205,-1269,-38,-26,2201,-5027,20784,6935,-9617,-3807,480,0,0
2649000,2888,-780,8,-16,1020,-16257,17977,5410,-9003,-2522,599,0,0
2701000,1988,-520,-99,-43,1550,-16257,14925,4372,-925,-1681,599,1679,-39
2749000,1809,-439,54,-2,155,-754,9127,6813,-707,-1330,599,1559,0
2801000,1928,-356,107,80,1063,-3379,10653,4189,-5905,3851,599,-39,1640
2849000,1928,-168,53,169,1397,-4294,9371,6874,-5826,6661,480,0,2400
2901000,1797,-571,106,18,1291,-5149,-7230,8034,-5392,9084,480,0,3599
2949000,1617,-1016,48,211,1819,-6064,2535,6264,-5028,9742,480,-39,4240
3001000,1685,-1184,110,112,1888,-1670,-4178,5532,-5176,9286,480,-39,4279
3049000,1757,-1551,4,77,568,-2036,-4239,4250,-5220,8717,599,0,4400
3101000,1898,-1530,-261,75,95,-5332,3511,4738,-5696,9568,599,0,4719
3149000,1843,-1558,93,-63,1509,-6858,-5155,4555,-5178,10576,480,120,5039
3201000,1830,-1645,-31,23,270,3212,-2164,5165,-2851,12102,480,880,5680
3249000,2174,-1655,-30,-52,562,5959,-6925,3334,-3739,12062,359,880,5639
3301000,2550,-2030,193,127,411,282,-10587,3334,-4412,11069,480,1080,5720
3349000,2545,-2060,-15,225,78,-8200,-2408,2602,-3736,12209,480,1319,6159
3401000,2485,-2060,66,-1,1278,-8506,-8695,2785,-3256,14577,480,1400,6919
3449000,2447,-2382,122,133,936,-3562,-10831,1198,-2524,14507,480,1600,7160
3501000,2475,-2722,236,249,1463,-6919,-9488,1381,-705,15832,480,2239,7999
3549000,2307,-2936,-9,46,2188,-3623,-9000,1381,7,17302,480,2320,8680
3601000,2414,-3354,231,172,1010,1625,-19620,1442,1755,16457,480,2999,8840
3649000,2300,-3834,51,189,872,-8628,-13822,3456,5422,15186,599,4159,8840
3701000,2093,-3990,35,-61,821,-2341,-7779,2541,6560,14428,480,4279,8800
3749000,2505,-3855,111,106,1660,14870,-8512,2846,6258,14823,480,4479,8800
3801000,3326,-4034,4,44,1286,22316,-18033,2480,3699,14776,480,4560,8959
3849000,3644,-4397,-163,-44,992,10781,-15775,3029,3058,14889,480,4640,9320
3901000,3665,-4450,179,-16,188,10597,-8878,2846,3042,17969,359,4679,10439
3949000,3562,-4576,-283,62,-77,8461,-11075,4494,3333,17886,480,4679,10520
4001000,3549,-4608,19,34,2201,9926,-9488,4372,3510,17494,599,4719,10439
4049000,3369,-4531,-174,11,1539,7057,-10343,4616,3834,17679,480,4679,10439
4101000,3271,-4380,-62,-164,750,9682,-12784,3701,4226,19979,480,4679,11040
4149000,3355,-4133,21,28,540,8095,-10892,4494,4127,23233,480,4719,11919
4201000,3307,-4157,131,-121,838,7851,-20658,3762,4237,24006,480,4719,12160
4249000,3163,-4649,-64,2,660,8400,-18582,3273,4489,22764,480,4679,12160
4301000,3135,-4871,8,37,709,12306,-12357,4311,4634,21864,599,4679,12160
4349000,3171,-5159,237,-46,905,12245,-19376,2846,4644,21202,480,4719,12160
4401000,3136,-5318,278,45,2035,6752,-12296,2846,4149,17285,480,4519,11080
4449000,2901,-5460,99,7,1259,4494,-18949,2602,4141,10111,480,4319,8800
4501000,2690,-5458,138,41,548,4189,-7474,2785,-1111,-6895,480,2320,3159
4549000,2645,-4875,-69,158,278,7057,4488,2419,-3337,-11434,599,1519,1199
4601000,2517,-3954,293,154,1566,-1609,15047,1931,-6473,-11744,599,360,39
4649000,2154,-3118,204,232,2201,-3135,15169,2419,-6777,-9588,599,-39,39
4701000,1784,-2552,-85,20,1007,-3379,11324,1503,-5474,-7538,599,-39,39
4749000,1504,-2080,123,-66,2201,-4905,14681,832,-4677,-6463,480,0,0
4801000,1240,-1761,48,2,2201,-4599,9981,710,-3720,-5405,480,0,-39
4849000,1184,-1596,187,46,1267,-2036,10530,649,-3644,-4885,599,-39,0
4901000,1089,-1332,-5,111,1157,-7102,13460,1015,-3389,-3878,599,-39,39
4949000,1043,-1173,135,233,1439,-2585,8944,954,-3209,-3417,599,-39,39
5001000,1152,-1114,58,-34,1197,-3440,9981,893,-3576,-3224,599,-39,39
5049000,1182,-952,110,70,1568,-2341,11141,1015,-3509,-2933,480,0,0
5101000,1191,-837,394,208,423,-8017,10958,771,-3574,-2512,480,0,0
5149000,1150,-869,164,100,1985,-6980,6685,1137,-3563,-2444,599,-39,39
5201000,1196,-1092,161,6,375,-6369,3939,466,-3708,-3277,599,-39,0
5249000,1276,-1257,66,121,367,-4355,6624,-144,-3907,-3611,599,-39,39
5301000,1446,-1235,90,-51,859,-1487,9249,1015,-4459,-3346,599,-39,120
5349000,1589,-1247,181,-68,1001,-632,5159,466,-4706,-3097,480,0,199
5401000,1820,-1358,-177,175,184,-2402,6258,954,-5460,-3715,480,0,120
5449000,1901,-1273,-90,-82,691,-6369,10530,1625,-5840,-3858,599,-39,0
5501000,1873,-1352,15,-60,57,-3623,3084,2236,-5740,-4057,599,-39,0
5549000,1856,-1571,66,26,-257,-2646,6258,1076,-5719,-4502,599,-39,39
5601000,1804,-1553,-260,9,401,-3745,9859,1564,-5532,-4540,599,-39,39
5649000,1689,-1563,-132,-63,507,-5637,4915,1198,-5156,-4631,480,0,0
5701000,1569,-1634,-4,92,75,-1914,7418,588,-4709,-4903,480,0,0
5749000,1553,-1596,-144,86,540,-1792,7112,1015,-4789,-4687,599,-39,39
5801000,1515,-1580,34,-29,810,-3012,4427,832,-4665,-4740,599,-39,0
5849000,1437,-1482,73,-102,1155,-7468,7540,-144,-4510,-4417,599,-39,39
5901000,1378,-1432,-104,54,430,-998,1925,-510,-4254,-4298,599,-39,0
5949000,1407,-1597,50,117,568,-2158,3878,-1120,-4209,-5117,480,0,-119
6001000,1394,-1558,-178,-28,1436,-2402,5587,-1364,-4184,-5155,480,0,-160
6049000,1366,-1698,130,-102,1914,-1853,-1126,-1853,-4227,-5304,599,-39,-119
6101000,1384,-1842,182,107,1849,-1364,6136,-632,-4274,-5767,599,-39,-80
6149000,1511,-1833,59,-42,2201,4677,1436,-1425,-4511,-5673,359,-39,-80
6201000,1700,-1962,281,27,276,3822,4793,100,-5220,-6128,-239,-39,-80
6249000,1767,-1662,-231,-145,1202,-1487,8577,283,-5320,-5499,480,0,-119
6301000,1505,-1584,320,169,1345,-2036,1314,466,-4516,-5112,480,0,-119
6349000,1299,-1457,106,6,740,-3440,9127,344,-4111,-4847,480,-39,-119
6401000,1266,-1477,-70,199,1495,710,-1126,649,-3919,-4791,599,-39,-119
6449000,1132,-1630,-37,-3,1451,-5515,6380,1625,-3665,-5328,480,-39,-119
6501000,986,-1379,364,-80,1083,-2280,2108,2358,-3080,-4377,359,-39,-80
6549000,1027,-1710,-143,184,1469,-632,1741,2419,-3036,-5359,240,0,-119
6601000,890,-1370,-354,-116,317,-7895,14437,3151,-2670,-4470,119,0,-119
6649000,916,-1261,180,265,1379,-266,-2286,2297,-2744,-3898,119,-39,-80
6700000,1092,-1363,210,182,1209,-2524,6746,2663,-3398,-4450,0,-39,-119
6749000,1091,-1200,-302,-57,740,-3989,-1615,3029,-3411,-3779,-239,-39,-80
6801000,1159,-1532,140,-14,2004,-1914,-2286,3029,-3599,-4837,-360,-39,-80
6849000,1103,-1254,234,182,591,-4538,10469,3640,-3297,-4181,480,0,-80
6901000,1221,-1466,-180,42,1468,-1731,-14249,1931,-3664,-4760,480,0,-119
6949000,1216,-1632,105,-212,1025,-9299,11141,2419,-3867,-5499,599,-39,-119
7001000,801,-1083,34,47,1293,-7224,2474,2968,-2524,-3489,599,-39,-80
7049000,763,-1540,155,-158,1788,-4050,-11014,1381,-2421,-4443,599,-39,-39
7101000,609,-1237,243,90,382,-8811,12484,1320,-1949,-3833,599,-39,-39
7149000,718,-1209,87,-16,1827,6935,-13028,588,-1921,-3480,480,0,-39
7201000,1022,-1722,-103,288,1601,-6369,-2896,710,-3068,-5288,480,0,-39
7249000,526,-1375,195,123,541,-18332,10347,466,-1939,-4411,599,-39,-39
7301000,455,-1346,3,230,1141,-571,1925,-449,-1485,-4039,599,-39,0
7349000,711,-1178,-24,43,1051,-6736,11446,-327,-2217,-3636,599,-39,0
7401000,710,-842,17,53,517,-12778,9371,405,-2252,-2526,599,-39,0
7449000,724,-754,-82,6,1930,-7041,6990,-205,-2131,-2433,480,0,-39
7501000,972,-349,83,62,2201,3151,20296,-1853,-2917,-1169,480,0,-39
7549000,1586,-141,84,39,996,17677,7967,-876,-4494,-552,599,-39,-39
7601000,2375,-412,81,-20,1736,7668,4854,-815,-7127,-1357,599,0,-39
7649000,2152,-479,-105,179,1870,-7163,13155,2053,-6684,-1484,599,0,0
7701000,1486,-358,100,6,283,-11252,14193,2480,219,-1075,599,1559,0
7749000,975,-591,-216,-89,365,-11985,1863,1992,3241,-1554,-119,2200,-39
7801000,749,-1014,49,87,2026,-4843,6807,771,4470,-3163,-119,2239,-39
7849000,945,-903,299,203,2094,2175,16817,893,4285,-2809,240,2320,0
7901000,1081,-1126,50,185,1431,38,399,-144,6236,-3380,119,3159,0
7949000,1001,-1339,246,54,530,-6614,16817,2175,9593,-3925,-360,4240,39
8001000,1053,-1241,214,-102,-285,4616,7967,2663,12198,-3724,0,5120,0
8049000,1594,-1697,60,25,1462,13771,1497,222,10948,-4776,480,5160,39
8101000,2292,-1935,144,121,742,14870,8944,588,6201,-3407,-360,4360,799
8149000,2698,-2075,-99,194,1559,16396,2718,2846,1898,-1173,599,3280,1640
8201000,2837,-2236,-163,-16,1359,14382,6075,2236,728,1809,599,3080,2839
8249000,2912,-2329,-82,-107,-98,10964,-2469,1076,530,4354,-360,3080,3719
8301000,3061,-2864,-141,-26,1206,18044,-6497,2358,3416,4606,480,4200,4400
8349000,3312,-3107,-79,-106,58,14443,-3812,710,2980,4043,359,4279,4440
8401000,3471,-3102,-78,70,100,18166,-4422,1320,4584,5693,480,5000,5000
8449000,3590,-3154,46,-181,431,14748,-5033,1564,4464,6275,599,5079,5239
8501000,3651,-3213,-201,-32,983,22682,-8267,1931,4284,7280,599,5079,5639
8549000,3973,-3415,-106,-66,-295,25734,-13272,466,3509,7246,480,5079,5799
8601000,4067,-3634,-66,29,169,13771,-9915,2175,2918,7936,480,5039,6280
8649000,3538,-3784,76,10,502,-2341,-6253,1686,4378,7975,480,5120,6440
8701000,2735,-3541,-3,-195,837,-693,1802,1686,7154,9416,480,5120,6680
8749000,2568,-3354,119,24,-168,21523,-1248,39,7540,9884,599,5039,6680
8801000,3403,-3223,-299,16,555,42336,-2713,-754,3230,10488,480,4479,6719
8849000,4361,-3057,-93,-130,700,35805,-4605,-510,209,12030,480,4319,7079
8901000,4298,-3265,-77,-186,1646,9133,-9427,1320,-534,13722,480,4119,7839
8949000,3447,-3506,-127,71,-969,4677,-4361,2419,424,14884,359,3719,8440
9001000,3158,-3753,-180,-52,927,20119,-12174,1747,-476,14298,359,2999,8520
9049000,3307,-4256,-7,75,834,17067,-15408,710,-1373,13632,480,2839,8719
9101000,3004,-4488,12,27,195,5348,-8756,2968,-1693,13174,480,2439,8880
9149000,2639,-4612,-119,58,758,2846,-13455,3395,-1141,13718,480,2320,9159
9201000,2249,-4532,-136,-145,-52,-266,-12235,2602,212,15562,480,2320,9719
9249000,1948,-4472,48,-143,-80,1076,-13394,1625,-596,15876,480,1800,9760
9301000,1787,-4482,-212,-14,1360,4128,-20658,1076,-3802,16433,480,520,9960
9349000,1950,-4542,-28,-144,659,11574,-22794,-22,-5822,16445,599,-39,10000
9401000,2336,-5034,125,52,304,13893,-29386,-388,-8449,13457,240,-479,9519
9449000,2514,-5427,194,-1,834,4189,-19010,-510,-9473,12371,480,-640,9519
9501000,2344,-5383,-134,-33,-62,-3745,-16141,832,-9313,12408,-360,-759,9519
9549000,2027,-5455,121,29,1669,-7407,-22000,-510,-9165,12322,599,-959,9519
9601000,1642,-5563,-48,-61,1334,-10154,-16629,-693,-8287,10069,240,-1119,8920
9649000,1336,-5641,132,-17,-332,-7285,-19010,-1181,-8175,9092,119,-1360,8640
9701000,1370,-5675,-94,17,813,-4294,-14920,-1914,-10591,4692,599,-2159,7240
9749000,1358,-5481,21,82,1158,-8017,-9305,-1425,-11118,3282,480,-2320,6600
9801000,1218,-5202,-92,132,1203,-10031,-9305,-876,-12174,2752,480,-2840,6120
9849000,1103,-5167,-235,-25,23,-9665,-14188,-1731,-25395,2773,599,-7359,6080
9901000,890,-5245,-84,157,1414,-19187,-10098,-2829,-31231,-4936,599,-9520,3599
9949000,242,-5031,-119,-37,897,-32553,-5948,-2280,-29701,-6293,599,-9520,2960
10001000,-687,-4718,87,-136,705,-36460,-3507,-2890,-26498,-3955,599,-9520,3399
10049000,-1475,-4501,22,131,845,-34934,-2469,-3256,-23655,-513,480,-9240,4360
10101000,-2070,-4364,-56,62,1591,-31821,-8389,-3623,-21388,3585,480,-9200,5560
10149000,-2377,-4263,263,56,1304,-30967,-7657,-4294,-20735,5902,599,-9240,6240
10201000,-2534,-4176,55,289,-100,-29013,-8878,-3867,-17716,9070,599,-8440,7200
10249000,-2441,-4277,95,119,1903,-24253,-12845,-3562,-15752,11229,599,-7719,7999
10301000,-2252,-4415,119,44,1772,-21872,-13333,-4843,6636,13752,480,-39,9000
10349000,-1900,-4783,8,127,1006,-11679,-19925,-5454,5969,18252,480,0,10799
10401000,-1116,-5184,89,-84,1134,-3257,-21451,-5698,3349,21407,359,0,12320
10449000,-329,-5546,236,96,-73,-4294,-24686,-5332,1230,23651,599,-39,13360
10501000,327,-5899,116,52,251,-9421,-28470,-3745,-983,28140,599,0,15280
10549000,732,-6081,256,132,-271,-13144,-30301,-4355,-2009,28159,480,0,15439
10601000,1069,-6354,366,49,2108,-15036,-31461,-3623,-3088,27017,480,39,15360
10649000,969,-6795,-219,-39,1336,-14792,-32315,-3684,-2762,25694,480,79,15320
10701000,905,-6968,386,48,1254,-15525,-28043,-3989,-2475,25535,480,79,15480
10749000,771,-7169,53,4,1292,-14243,-27066,-2829,-1475,25136,480,280,15520
10801000,714,-7249,155,-141,1271,-13327,-24442,-2524,1816,23372,480,1319,15039
10849000,611,-7173,-193,-106,256,-9299,-19498,-3684,8078,20610,240,3320,14080
10901000,683,-6864,87,143,1399,-2890,-19864,-3378,15228,20567,-1440,5759,13719
10949000,999,-6448,49,120,1340,5837,-12906,-2585,18460,18375,-1440,7079,12679
11001000,1560,-5429,-47,107,399,11025,-3079,-1914,16558,19352,-1440,7079,11879
11049000,2134,-4586,61,108,683,15602,-7352,-2707,17296,20264,-1319,7799,11440
11101000,2761,-4390,80,140,412,15114,-6009,-3073,16675,20307,-1319,8320,11160
11149000,3084,-4350,75,194,1321,9865,1375,-1792,16322,20424,-1319,8480,11160
11201000,3206,-4521,158,32,1558,6142,-4056,-1669,14979,20155,-1319,8199,11240
11249000,3162,-4765,-96,-18,758,6569,-4910,-1853,13652,20240,-960,7720,11480
11301000,3265,-5010,95,-33,2193,12123,-8023,-2402,13123,20248,-960,7639,11760
11349000,3412,-5253,-29,13,1177,8095,-2896,-4294,12671,19515,-840,7639,11760
11401000,3139,-5025,125,-9,626,-1914,6929,-1792,14462,19842,-840,7960,11640
11449000,2796,-4836,16,-81,1197,-2524,5526,-4782,18580,20202,-960,9040,11600
11501000,2641,-4864,61,-46,963,-693,216,-5454,23755,19366,-840,10559,11320
11549000,2894,-5244,192,-97,926,8217,-7108,-4477,23653,18208,-480,10720,11240
11601000,3466,-5479,240,50,1448,16640,2596,-5332,22120,17401,-239,10840,11280
11649000,4198,-5751,111,73,489,24941,-1492,-4782,20358,16843,-239,10840,11280
11701000,4974,-6202,319,-124,1031,17922,-1798,-4111,18436,14511,-360,11120,11040
11749000,5163,-6141,-53,-107,1485,12123,12362,-2829,18633,12351,-360,11359,10320
11801000,5150,-5747,224,-45,911,11696,7906,-3195,19229,10356,-360,11559,9200
11849000,5276,-5698,461,59,1637,16030,13094,-2219,18830,9381,-360,11519,8840
11901000,5172,-5646,43,142,2091,13893,19075,-1853,18682,7899,-239,11400,8280
11949000,5171,-5561,225,61,123,15663,18038,-1425,18817,5183,0,11440,7279
12001000,5342,-5447,41,5,976,23964,25667,-2707,17811,4897,0,11280,7079
12049000,5513,-5228,316,182,379,19875,23958,-1975,17477,4770,119,11320,6840
12101000,5716,-5311,227,21,990,17006,21151,-2402,16810,4584,119,11320,6840
12149000,5736,-5395,354,30,-23,13527,19808,-1547,16560,4544,240,11280,6879
12201000,5679,-5323,148,235,178,13405,24813,-1792,16800,4548,359,11280,6840
12249000,5576,-5165,435,105,1508,9865,27254,283,16976,5019,240,11280,6879
12301000,5503,-5234,140,-80,-1100,14748,21395,2602,17328,4697,240,11280,6800
12349000,5793,-5498,178,-83,512,18654,23104,39,16692,3532,240,11320,6640
12401000,5894,-5465,202,127,945,19020,26522,1686,16157,3043,240,11280,6480
12449000,5926,-5541,69,115,-64,18593,22860,954,15462,2648,240,11080,6400
12501000,6012,-5675,91,134,-169,11574,23897,1076,13881,1333,240,10639,6120
12549000,5713,-5625,23,60,2016,2480,29329,954,13348,1474,240,10240,6159
12601000,5478,-5457,176,-22,630,7851,22860,527,11283,2108,240,9240,6159
12649000,5688,-5239,172,-131,-582,16823,22310,1320,6510,2753,240,7799,6199
12701000,6248,-5099,-77,-131,1366,25795,23836,1931,-3144,4020,119,5200,6440
12749000,6254,-4909,471,-18,1876,9010,19869,4494,-6011,6789,240,4319,7200
12801000,5571,-4731,-30,-29,-394,-6308,17366,3395,-8915,10886,-599,2600,8360
12849000,4587,-4887,221,-94,1361,-17112,10530,2114,-6941,10873,119,2439,8480
12901000,3683,-5052,-102,-148,77,-11679,12178,954,-4931,11241,0,2040,8800
12949000,3355,-5100,-100,-18,538,-8811,8760,588,-6533,12090,359,1199,9119
13001000,3355,-5288,192,77,1693,-7834,4305,-3073,-10065,13655,480,0,9840
13049000,3283,-5641,226,164,2201,-11557,3389,-2402,-10051,13030,359,-39,9920
13101000,2787,-5850,143,122,952,-21872,3878,-2402,-8483,11967,240,-39,9840
13149000,2214,-6068,229,197,1685,-20957,3572,-1242,-6869,10333,240,0,9480
13201000,1957,-6007,-35,26,975,-693,12484,-3073,-5992,11138,-360,-39,9719
13249000,2358,-5634,75,7,844,6813,13033,-2097,-6853,13414,359,0,10160
13301000,2625,-5583,215,-110,614,-3562,4793,-1975,-7996,16009,240,-39,10920
13349000,2259,-5637,240,193,2201,-19370,7906,-3623,-6949,15962,240,39,10959
13401000,1260,-5820,238,96,1407,-29868,-1981,-3684,-3662,15417,240,39,10959
13449000,697,-6291,264,273,1215,-24497,-6131,-3501,-2208,14420,240,39,10999
13501000,280,-6817,235,-89,792,-22239,-7169,-3684,-722,12308,-239,39,10920
13549000,143,-7173,139,273,1599,-14426,-4849,-4843,-278,10601,-719,39,10680
13601000,199,-7239,234,-50,1654,-21994,-2713,-4721,-598,10322,-840,0,10680
13649000,21,-7432,239,184,1309,-24131,-6986,-4111,-206,9607,-960,0,10599
13701000,-289,-7625,282,108,1191,-26267,-5216,-4599,869,9044,-960,0,10639
13749000,-336,-7673,181,52,1461,-24009,-2286,-3684,1000,8395,-960,0,10480
13801000,-180,-7814,-243,137,-308,-21506,-11685,-2402,420,5356,-1799,-39,9600
13849000,-253,-7968,226,-2,967,-37253,-5155,-2219,708,2718,-1319,39,8880
13901000,-542,-7731,113,-37,2028,-31577,5587,-2219,1747,2364,-840,39,8520
13949000,-498,-7480,32,53,1542,-20285,1314,-1120,1778,2328,-960,39,8280
14001000,-142,-7306,140,31,1247,-15036,8028,-2463,787,279,-960,120,7400
14049000,332,-7109,41,206,2201,-13633,-1187,-815,1906,303,-840,880,7200
14101000,552,-7234,111,177,1224,-22788,-3324,-2219,5421,-224,-1560,2360,7160
14149000,831,-7167,-1,92,124,-14121,-5155,-1486,10570,203,-960,4279,7240
14201000,1528,-7406,117,220,280,-14487,-12723,-632,8495,-380,-960,4360,7279
14249000,1603,-7184,202,254,-561,-29807,3633,-693,8120,3368,-960,4360,8400
14301000,1386,-6646,-78,-42,383,-24680,277,100,9161,6221,-960,4440,8719
14349000,1806,-6642,184,147,2060,-6675,-10709,-1120,10338,6201,-840,5160,8680
14401000,2526,-6878,218,-79,979,221,-3018,-937,12459,4925,-960,6680,8520
14449000,3523,-6846,6,-282,2038,24513,-5643,-388,12314,2371,-960,7400,7600
14501000,5086,-7625,9,18,784,40138,-13883,-327,11981,-4876,-960,9080,5999
14549000,6145,-7509,-62,24,1120,26833,12300,1992,10924,-6395,-960,9639,5480
14601000,6351,-6751,37,-9,2088,15541,13338,3640,12506,-6094,-960,10520,4719
14649000,6408,-6292,106,90,1300,17189,12545,5593,12840,-5151,-599,10680,4640
14701000,6655,-5890,-12,143,906,28725,11019,4738,12074,-3630,-719,10680,4679
14749000,7254,-5590,-110,117,-239,35134,9310,3701,8837,-2402,-599,10079,4839
14801000,7908,-5258,5,275,420,30678,4427,3212,4714,-774,-480,9480,5000
14849000,7815,-5247,-78,110,532,12489,-455,3762,5139,-1079,-360,9600,4879
14901000,7244,-5137,-3,190,569,10353,-333,4494,7666,-1013,-360,9800,4800
14949000,7004,-5323,70,91,120,15602,-10648,4555,8306,-1481,-480,9800,4760
15001000,6893,-5581,69,45,1485,17677,-5826,5165,8478,-2465,-360,9719,4760
15049000,6743,-5446,-11,-60,1330,14809,1253,5410,7158,-1585,-480,9159,4960
15101000,6625,-5414,26,-156,706,18654,-13944,5165,6524,315,-360,8800,5520
15149000,6513,-5800,17,-111,295,13588,-11624,3456,6985,-943,-239,8880,5439
15201000,6245,-5645,51,33,1411,13283,-821,3823,8144,-735,0,8959,5399
15249000,6095,-5655,42,106,1754,16640,-12723,3395,9337,-636,119,9240,5399
15301000,5840,-5757,31,-1,1364,6813,-5033,2968,11038,-1553,119,9519,5239
15349000,5134,-5454,-91,-57,2201,-1548,-2591,2846,15878,-1839,119,10559,4879
15401000,4633,-5357,266,41,1427,12673,-5521,2419,18380,-2151,0,10760,4640
15449000,4980,-5139,227,132,1101,26344,-272,4616,18806,-2693,240,11160,4279
15501000,5335,-5145,376,120,422,17800,-8512,6508,17354,-4397,359,11120,3680
15549000,5416,-5425,110,279,1743,16457,-3812,9377,17034,-5644,240,11080,3520
15601000,5541,-5144,13,-30,-58,17555,9554,12551,16375,-4872,359,10999,3520
15649000,5631,-4657,332,132,386,15053,9371,14443,15858,-3751,480,10920,3480
15701000,5596,-4461,191,178,1258,13466,399,15175,14889,-3064,480,10559,3440
15749000,5670,-4638,308,56,1911,16518,-5887,13955,13515,-3715,359,10160,3359
15801000,5508,-4948,165,-39,345,7851,-6741,16213,10473,-4284,119,9000,3520
15849000,5103,-5052,197,183,1241,1381,-3079,16640,8019,-3178,359,7839,4000
15901000,4972,-5102,193,65,1332,5470,-5826,16091,3203,-1746,359,6040,4519
15949000,4848,-5080,-153,85,1200,-1303,1925,18898,-727,-1201,480,4640,4719
16001000,4600,-4777,-90,228,825,2175,-89,23415,-1081,1148,480,4240,5160
16049000,4453,-4681,155,93,718,-4233,-2225,25368,-1637,1434,480,3959,5160
16101000,3691,-4552,172,-15,801,-19736,2230,29335,-633,1461,480,3480,5039
16149000,2946,-4449,281,77,1707,-13144,-638,30129,1094,1517,359,3399,4960
16201000,2535,-4667,-195,2,1326,-10154,-7901,30800,1872,996,359,3159,5000
16249000,2206,-4739,463,-5,683,-11435,4976,30190,2341,611,480,3039,4960
16301000,1863,-4532,38,-288,394,-815,4000,28969,2330,1403,480,2639,5000
16349000,2419,-4691,183,10,2184,20546,-150,25795,-157,1011,480,2239,5000
16401000,2674,-4565,183,142,452,-8750,10714,26894,-4904,703,359,1040,4800
16449000,1734,-4562,-91,-66,269,-27854,-6131,26345,-3901,-404,480,599,4360
16501000,1391,-4937,244,-49,156,7363,-6864,21096,-3454,-3052,480,239,3919
16549000,2074,-5011,57,158,1615,12428,5587,17189,-5761,-4190,599,39,3640
16601000,2398,-4574,26,37,1012,-1670,7906,18044,-7074,-2684,720,39,3680
16649000,2272,-4689,234,94,559,-6675,-12235,15908,-6875,-2883,599,0,3640
16701000,2112,-5283,41,-139,545,-10642,-14493,12062,-6457,-5050,1920,-39,3599
16749000,1740,-5275,36,69,438,-16257,6929,8644,-5305,-5457,2640,39,3520
16801000,1553,-4576,94,-102,392,-5942,14803,7241,-4660,-2809,3480,0,3640
16849000,1853,-4137,69,32,988,-4416,3878,4067,-5475,-1674,3359,0,3599
16901000,1687,-4256,24,-55,34,-23886,-1309,2480,-5182,-3050,3480,-39,3239
16949000,1122,-4205,58,-37,-754,-30783,6441,-2158,-3668,-3662,3359,0,3039
17001000,1058,-3784,-43,205,136,-12839,2230,-1608,-3174,-2472,3359,0,2960
17049000,1674,-3787,20,129,1420,-8567,-8389,-998,-4609,-3080,3600,39,2760
17101000,1941,-3717,22,-63,473,-19248,-3140,466,-5825,-4311,3719,0,2279
17149000,1707,-3662,95,83,1004,-27427,-2469,-1181,-5348,-5683,3719,0,1760
17201000,1386,-3712,175,252,1667,-24131,-4239,-449,-4160,-5978,4680,0,1719
17249000,1197,-3939,62,222,477,-24985,-10465,1015,-3762,-6779,4799,-39,1640
17301000,1204,-4072,-44,215,1126,-16806,-5704,1442,-3613,-9217,3240,0,999
17349000,1425,-4222,103,172,1364,-10093,-6619,4616,-4125,-10748,2519,0,599
17401000,1719,-4365,163,-35,1325,-12839,2047,4738,-5157,-12976,2279,0,39
17449000,1759,-4031,91,156,-357,-14670,10653,6142,-5287,-12210,2160,0,39
17501000,1841,-3597,36,-111,1207,-13327,9920,6508,-603,-10671,1439,1640,39
17549000,1559,-3430,-70,35,-257,-18943,3878,5043,10521,-10443,959,5120,-39
17601000,1646,-3298,16,102,691,-2463,4244,3823,15339,-9895,720,6760,0
17649000,2520,-2828,-87,-48,324,18166,9676,4799,13136,-8778,720,6719,0
17701000,3898,-2432,115,258,597,25673,6868,5715,8944,-7297,720,6879,0
17749000,4884,-2636,38,215,-321,12734,-12967,8339,6276,-7628,599,6879,0
17801000,4944,-3185,187,92,1244,-3684,-2469,8767,5686,-9677,599,6840,-39
17849000,4984,-2987,103,-95,1418,14687,4244,7668,5890,-9053,720,6879,0
17901000,5524,-3441,86,160,2201,20302,-14066,6203,4065,-10445,720,6879,-39
17949000,6023,-3692,412,62,991,25124,2718,6203,2653,-11072,599,6840,0
18001000,6179,-3601,-87,99,480,16274,3023,5837,2101,-10803,599,6879,0
18049000,6099,-3791,133,48,109,13283,-3812,4799,2417,-11824,720,6919,-199
18101000,6058,-3802,218,175,246,20302,1131,4006,2703,-12008,720,6960,-199
18149000,6182,-3891,-103,174,2171,17250,-3873,2480,2265,-11947,720,6919,-119
18201000,6272,-4046,92,-206,1658,20668,-2408,2297,1942,-12498,720,6919,-119
18249000,6239,-3894,131,126,701,15175,5281,2236,1893,-12046,599,6879,-80
18301000,6045,-3775,99,12,1526,12673,32,527,2023,-11565,599,6719,-80
18349000,5899,-3635,13,-43,1574,13100,3633,2175,620,-11294,720,6120,-80
18401000,5598,-3319,39,-50,559,9194,4976,3212,1323,-10199,720,6040,-80
18449000,5440,-3169,208,101,1020,12001,2230,2785,-1980,-10184,720,4800,-199
18501000,5186,-2896,321,62,1355,2052,8944,2419,-3199,-14209,720,4119,-1840
18549000,4890,-2695,-125,-12,1546,5837,6929,832,-6916,-15717,599,2600,-2519
18601000,4540,-2476,-32,-96,821,-1609,12850,893,-6182,-14868,720,2479,-2480
18649000,4230,-2128,122,-81,1571,2114,15657,1381,-5381,-13905,720,2479,-2439
18701000,4130,-1705,120,116,-118,-22,19136,222,-4832,-12555,720,2520,-2480
18749000,3870,-1317,333,7,606,-4233,15169,-83,-4482,-10433,480,2439,-2120
18801000,3677,-1333,220,71,821,-2768,15169,-1486,-3473,-9519,480,2520,-1840
18849000,3548,-1430,269,26,2002,-1975,14681,-1364,-1414,-9011,599,3120,-1599
18901000,3533,-1788,75,8,1015,-449,6807,-876,-159,-8246,599,3480,-959
18949000,3622,-2108,43,28,23,6630,13277,-876,-452,-9102,599,3440,-959
19001000,3898,-2248,-5,100,353,5531,9920,-1059,-1616,-9744,599,3359,-1000
19049000,3773,-2559,110,201,889,-7285,8638,-1608,-1648,-10052,480,3280,-839
19101000,3274,-2782,125,-83,1055,-10581,11202,-1669,-462,-9788,480,3120,-479
19149000,2999,-2926,46,-86,1084,-1548,8455,-2097,293,-10372,599,3120,-559
19201000,3105,-3169,15,218,42,6325,6441,-2890,-436,-12267,599,2960,-920
19249000,3497,-3313,87,168,86,8766,8638,-2524,-3191,-13122,480,2360,-1080
19301000,3903,-3347,103,197,654,11879,10347,-2585,-4751,-14241,480,2320,-1399
19349000,4270,-3382,54,35,543,11269,7235,-3073,-5418,-14799,599,2400,-1560
19401000,4594,-3419,65,41,22,9438,8272,-3928,-6462,-14698,599,2439,-1480
19449000,4740,-3376,61,118,1532,6874,9554,-4416,-6136,-14375,599,2679,-1399
19501000,4644,-3332,92,121,772,1198,7479,-4416,-5772,-14438,599,2720,-1480
19549000,4393,-3303,-85,81,1098,-4355,7601,-5759,-5315,-14366,480,2679,-1480
19601000,3935,-3250,53,93,-160,-11435,6990,-4721,-3407,-14191,480,2799,-1480
19649000,3490,-3178,10,33,1803,-8261,9005,-4599,-2077,-14187,599,2839,-1519
19701000,3157,-3001,-18,41,1834,-5271,8577,-3684,-1072,-12604,599,2799,-1200
19749000,3035,-2934,182,16,804,-4233,5526,-2707,-1561,-9176,599,2520,-119
19801000,3040,-2920,97,-117,1541,-937,3817,-3012,-2281,-9001,599,2279,-80
19849000,3095,-2861,-24,17,1507,-327,3328,-4782,-3034,-9509,599,2079,-279
19901000,3091,-2707,-182,7,386,-2890,4854,-5210,-3033,-10401,599,2079,-759
19949000,3029,-2531,40,-11,2136,-1426,6014,-6674,-2755,-9945,599,2119,-759
20001000,3015,-2476,166,89,1645,221,1314,-4721,-2086,-8510,599,2320,-360
20049000,3279,-2645,-175,-42,796,9560,-4056,-4904,-2679,-8337,480,2320,-160
20101000,3792,-2731,147,-102,1854,10719,-882,-3501,-4418,-8315,480,2320,-39
20149000,4044,-2959,114,170,1353,7973,-7779,-2951,-4886,-8792,599,2400,-39
20201000,4094,-3468,302,18,1216,3395,-10098,-1914,-5322,-10646,599,2320,-80
20249000,4002,-3712,54,-13,1692,3212,-4117,-571,-4995,-11209,599,2360,-39
20301000,3854,-3828,-32,75,1725,2785,-3873,-571,-6284,-11485,599,1760,0
20349000,3653,-3772,117,-174,460,-3012,-5704,2968,-6297,-11311,480,1600,0
20401000,3407,-3908,243,-107,876,-327,-7718,4433,-8183,-11845,480,680,-39
20449000,3691,-4032,49,41,2201,25429,-12540,8644,-10555,-12092,359,39,-39
20501000,5394,-4780,19,-131,2158,64858,-32376,10414,-16063,-14341,480,39,0
20549000,8224,-6119,298,-153,2201,102760,-49527,12429,-22915,-17764,480,39,-39
20601000,11397,-7203,445,-126,1204,94399,-19254,14504,-34192,-21731,480,0,-39
20649000,12346,-6163,-5,217,1472,42092,22860,14748,-36995,-19453,599,39,-39
20701000,10279,-4618,-13,122,2201,-27365,15657,11086,-30718,-14094,599,39,-80
20749000,6795,-3839,172,56,1253,-54831,7967,7485,-22100,-11970,720,0,-39
20801000,3821,-3288,15,-38,734,-38535,8577,5898,-14465,-9864,720,-1000,0
20849000,2490,-2853,-39,54,930,-21262,6563,8828,-17173,-8756,599,-3079,0
20901000,1692,-2503,-61,92,1446,-28220,3756,8889,-17556,-7390,599,-4160,39
20949000,633,-2148,-53,71,81,-44516,4183,7668,-16529,-6575,599,-4680,0
21001000,-363,-2140,164,73,609,-39084,-1065,8156,-14389,-6422,599,-5160,0
21049000,-929,-1980,170,163,2201,-44760,9188,8156,-14561,-6090,480,-5679,0
21101000,-1787,-1388,132,-37,721,-54038,20784,5776,-12756,-4165,480,-6040,0
21149000,-2603,-982,130,101,1116,-52390,18648,4555,-15189,-3196,599,-7560,-39
21201000,-2965,-988,226,77,1314,-41037,9798,1442,-14503,-3085,599,-7799,-39
21249000,-2721,-1379,-87,6,1345,-28159,154,1442,-14886,-3867,599,-7760,0
21301000,-2218,-1923,48,76,868,-28281,-89,405,-16504,-5770,599,-7719,0
21349000,-2069,-2256,31,283,728,-38108,-1065,2114,-16933,-6664,480,-7719,0
21401000,-2185,-2523,147,57,984,-42441,-882,771,-16483,-7449,480,-7680,39
21449000,-2725,-2648,241,142,1980,-49887,4427,-205,-15169,-7958,599,-7680,0
21501000,-3200,-2641,157,-65,1413,-42380,3145,-2097,-12718,-7923,599,-7439,0
21549000,-3048,-2526,-40,-177,506,-28891,5281,-2890,-13219,-6696,599,-7519,320
21601000,-2486,-2548,10,143,884,-21140,-821,-2585,-15219,-6685,599,-7560,320
21649000,-1795,-2799,94,25,1070,-15281,-3934,-2951,-16938,-6824,720,-7560,480
21701000,-1189,-2839,36,-42,386,-18149,3817,-2707,-18270,-7078,720,-7280,480
21749000,-902,-2845,-188,-1,1407,-19614,2840,-2158,-18759,-6506,599,-7200,680
21801000,-660,-2902,180,176,1058,-21445,2169,-2768,-18417,-5227,599,-6799,1159
21849000,-559,-2827,117,209,319,-20591,3695,-1303,-13160,-5641,480,-4960,959
21901000,-411,-2932,94,-23,756,-19065,-272,-1792,1233,-8557,599,0,79
21949000,-136,-3017,-15,-119,427,-8200,521,-2402,621,-8544,720,0,160
22001000,708,-2875,-56,-28,1236,7057,3633,-1059,-2125,-5745,720,0,959
22049000,1634,-2699,136,-53,1277,9133,-638,588,-4467,-4778,720,0,1119
22101000,2219,-2642,452,96,466,-83,1436,2846,-6659,-2048,720,0,1960
22149000,2405,-2762,166,189,189,-449,-7291,3518,-7224,-902,599,-39,2400
22201000,2780,-3280,326,72,1185,4799,-10526,3823,-8460,-481,599,-39,3120
22249000,3002,-3539,110,-44,1330,1503,-9854,3823,-8961,-59,599,0,3480
22301000,3002,-4010,92,-97,249,771,-20780,3334,-5048,209,599,1319,4080
22349000,2848,-4090,99,127,1020,-9116,-8817,3701,4582,-20,480,4440,4119
22401000,2316,-3990,215,129,-392,-9848,-13150,1686,7809,3148,480,4920,5039
22449000,2221,-4235,221,187,706,-1548,-13455,161,8092,3306,599,4920,5320
22501000,2396,-4023,110,106,707,6203,-3140,-83,8170,3529,599,5120,5200
22549000,2885,-3844,171,-72,994,17433,-9732,-144,13961,-342,599,7439,3719
22601000,3775,-3863,-85,-7,1520,36659,-2835,1686,16872,-5470,480,9400,2040
22649000,4946,-3591,18,-117,678,48378,2352,2358,13147,-4815,359,9119,2040
22701000,6249,-3342,261,41,1312,47829,-4788,2968,8251,-3788,359,9000,2079
22749000,6895,-3344,-272,1,832,40810,-2835,6813,2475,-3179,599,7639,2320
22801000,7061,-3028,28,-40,1616,28114,-1309,9255,-2825,-1644,599,6120,2479
22849000,6644,-2885,-130,32,655,17983,-11807,10353,-7375,-1220,480,4279,2479
22901000,6087,-2880,-42,85,2106,15968,-10159,10720,-10462,-1202,480,2600,2479
22949000,5061,-3015,82,67,444,-6003,-17728,7668,-8573,-1462,599,2439,2479
23001000,3687,-3304,-87,26,1088,-3135,-17179,6203,-5662,-2474,599,1800,2479
23049000,3320,-3172,-97,108,1413,15907,-12479,4616,-4691,-1692,599,1760,2639
23101000,3257,-3163,0,-170,616,9804,-22855,5104,-3051,3708,599,2239,4400
23149000,2893,-3396,9,172,206,1137,-19193,6142,3694,8232,480,4200,6120
23201000,2430,-3623,14,189,1332,-388,-31583,3823,8307,10248,480,5200,7040
23249000,2407,-4229,121,101,1380,9499,-32681,3640,14237,8738,599,7119,7079
23301000,2850,-4248,-159,141,1211,17372,-20780,2724,12569,8614,599,7040,7119
23349000,3569,-4097,-83,56,1962,25978,-25784,1137,10559,8456,480,6960,6919
23401000,4176,-3970,108,-86,932,18471,-12113,1198,13270,4049,480,8599,5320
23449000,4456,-3560,-109,83,-598,25124,-12967,1992,12638,4621,599,8599,5160
23501000,5055,-3270,95,-86,1192,29885,-13516,2724,10634,3508,599,8599,4440
23549000,5623,-2835,218,114,238,30678,-1004,1442,4896,1881,599,7160,3559
23601000,6042,-2230,110,-12,403,21523,-1676,2480,2991,3387,599,7040,3359
23649000,5812,-1913,75,-41,1302,9133,1680,3334,2985,4268,480,6879,3399
23701000,5508,-1556,8,-3,1219,19936,-2896,4311,3515,7929,480,6680,4200
23749000,5333,-1706,-139,110,77,18166,-6009,4189,4092,8797,599,6719,4600
23801000,5162,-1820,117,2,375,17067,-3079,4494,4673,9298,599,6719,4920
23849000,4953,-1827,121,160,154,8583,460,5165,4839,9596,480,6640,5039
23901000,4605,-1866,-29,-36,2201,12428,-3018,4311,3704,9521,480,5840,5039
23949000,4437,-1886,-79,-138,1136,14931,2779,4006,2481,9796,599,5280,5160
24001000,4254,-2001,-58,24,2179,14137,-3324,4006,435,10914,599,4400,5639
24049000,3961,-2513,69,-82,1038,6386,-9244,4250,881,10358,599,4319,5880
24101000,3378,-2930,272,30,1080,-388,-89,4128,-655,9808,599,3159,6199
24149000,2954,-2969,130,122,666,3578,2047,4799,-70,10070,480,2999,6319
24201000,2694,-3092,275,-64,636,3700,-211,4250,-4123,10523,480,1319,6600
24249000,2364,-3017,117,254,1514,-998,5587,3762,-4146,11251,599,1040,6800
24301000,1836,-2966,17,210,1939,-4477,-1920,3151,-4550,12821,599,320,7240
24349000,1617,-3219,109,-40,1751,2541,-2896,1320,-4617,12163,480,79,7240
24401000,1605,-3224,114,141,1260,1381,4793,954,-4695,11685,480,39,7119
24449000,1631,-3269,-49,193,1441,-510,887,893,-4912,10779,599,0,6840
24501000,1475,-3207,-1,107,1012,-4172,6441,1076,-4185,10297,599,79,6640
24549000,1331,-3016,38,40,797,-5027,6319,161,-3909,10088,599,39,6400
24601000,1234,-3008,169,-13,2187,-5332,2413,-876,-3583,8254,599,39,5759
24649000,1160,-2901,-104,-36,662,-9360,8883,-815,-3535,6034,480,0,4960
24701000,981,-2508,-87,-27,769,-8323,9981,-998,-2945,7233,480,0,4920
24749000,1087,-2241,253,-96,1828,-1487,10714,-2097,-3056,8155,599,39,5000
24801000,1037,-1942,307,10,772,-11802,17122,-1731,-3111,9891,599,0,5239
24849000,889,-1990,89,20,292,-12107,8333,-1975,-2720,11291,480,0,5720
24901000,683,-2161,102,-1,674,-15586,11873,-1792,-2049,10914,480,0,5799
24949000,618,-2274,197,4,1207,-5271,7418,-1486,-1787,10759,599,0,5840
25001000,848,-2589,105,6,246,-4111,5037,-1486,-2424,9631,599,39,5799
25049000,933,-2745,94,-117,568,-9482,7601,-571,-2840,9588,599,0,5920
25101000,651,-2939,100,-76,1605,-18760,1986,100,-1953,9541,599,0,6120
25149000,249,-3154,105,-75,-145,-17783,4610,-327,-921,8970,480,0,6120
25201000,153,-3180,123,109,1183,-12473,9981,-693,-940,7617,480,-160,5720
25249000,327,-3142,-49,-169,1071,-7468,9676,-1792,-1197,6777,480,-119,5399
25301000,750,-3186,52,-68,-77,-4233,6136,-2341,-2730,7000,480,-160,5520
25349000,1136,-3324,145,177,1376,-5332,5342,-1853,-3753,6549,359,-160,5480
25401000,1107,-3503,89,-191,1266,-10886,4000,-571,-3923,6049,480,-199,5520
25449000,950,-3761,79,187,72,-11985,216,-1425,-3267,5418,599,-119,5520
25501000,951,-3942,70,203,-388,-10215,3023,-815,-3333,4733,599,-160,5520
25549000,1058,-4054,-92,-53,759,-7346,582,-693,-3610,4321,599,-160,5480
25601000,1213,-4170,-23,127,840,-2219,1009,-1364,-4240,3689,599,-199,5399
25649000,1395,-3995,99,145,1682,282,7662,-1914,-5175,4208,480,-360,5439
25701000,1457,-3978,260,-30,1768,-6247,2962,-754,-9411,4384,480,-1679,5439
25749000,1261,-4258,305,-93,1280,-15769,1741,-1303,-9963,3719,599,-2000,5439
25801000,887,-4504,-55,93,1750,-16135,5037,-937,-8661,2446,599,-2000,5320
25849000,708,-4407,26,-9,803,-10581,7357,-327,-7993,2671,480,-1959,5320
25901000,816,-4419,330,-25,459,-7529,5159,-327,-7489,2342,359,-1679,5200
25949000,925,-4429,126,13,-598,-8994,6563,-144,-6476,1559,480,-1239,4960
26001000,873,-4335,200,40,243,-11496,7357,466,-6219,1634,480,-1200,4879
26049000,731,-4279,-4,90,1544,-8994,8272,771,-5709,1642,480,-1160,4839
26101000,869,-4017,70,-18,1766,649,6807,527,-6088,1267,480,-1160,4440
26149000,1227,-3944,166,56,1527,1320,2657,-144,-6986,1222,359,-1160,4360
26201000,1442,-3998,32,174,1348,-693,2108,-22,-7087,243,359,-920,4080
26249000,1498,-4009,64,191,1365,38,4854,1198,-7214,-77,599,-920,4000
26301000,1554,-4012,269,23,-14,1137,3572,222,-7422,-1957,480,-920,3359
26349000,1802,-4042,326,98,559,5043,3511,588,-8142,-3492,359,-959,2880
26401000,2039,-4032,-12,18,853,466,6746,893,-6599,-4897,359,-160,2400
26449000,2225,-3906,200,-121,1357,-2097,5892,710,-6990,-4693,599,-119,2360
26501000,2447,-3762,-201,-63,704,-1303,5098,2053,-7341,-4208,480,0,2360
26549000,2460,-3624,104,-189,-133,-2341,3633,2175,-7377,-3852,480,0,2360
26601000,2469,-3588,198,-109,534,-144,1680,1015,-7407,-3685,480,0,2360
26649000,2338,-3568,214,131,-294,-7407,5526,1015,-7124,-3638,359,0,2360
26701000,2000,-3318,-149,-58,-176,-8139,8089,832,-8042,-1676,359,-679,2760
26749000,1798,-3025,-185,-124,204,-4905,6807,-388,-8573,154,480,-1039,3120
26801000,1811,-2896,-18,33,584,-3012,1375,-1181,-8675,1871,480,-1080,3520
26849000,1757,-3017,24,64,876,-6125,826,283,-8574,3265,359,-1080,4080
26901000,1397,-3196,223,-12,968,-9299,-272,344,-5153,4571,359,-319,4719
26949000,1183,-3477,117,163,-188,-6797,-1981,161,-3493,3588,480,39,4640
27001000,1153,-3699,104,91,1516,-4111,93,954,-3461,3300,480,0,4800
27049000,1181,-3853,58,-41,1049,-3379,-1859,1076,-3533,4372,480,0,5280
27101000,1289,-4089,-80,205,1232,-1609,-3995,832,-3867,7891,480,0,6719
27149000,1317,-4355,-123,44,1050,-2890,-7047,1564,-3682,7242,599,79,6719
27201000,1314,-4630,140,-38,1074,771,-5765,1503,9016,5909,480,4319,6600
27249000,1603,-4746,155,185,234,10719,-5033,2419,10795,5119,480,5120,6440
27301000,2258,-4875,55,-85,778,15114,-6619,2907,10983,3973,599,5920,6199
27349000,2800,-4855,208,169,-379,12001,-3568,3273,7679,4191,480,5280,6280
27401000,3215,-4788,81,40,1905,8705,-6741,4372,-2566,4474,480,2360,6280
27449000,3357,-4861,90,-3,1564,9560,-8023,3762,-9908,4157,599,39,6240
27501000,3418,-4868,-84,16,74,4494,-7474,4433,-10135,4475,599,39,6359
27549000,3094,-4947,255,-9,2064,-3806,-8267,4982,-9540,4748,599,0,6519
27601000,2547,-5008,226,188,1561,-6125,-7108,5471,-7762,4414,480,-39,6480
27649000,2059,-4943,-113,-36,1617,-5088,-5399,5593,-6281,4550,599,39,6480
27701000,1722,-4936,208,54,1079,2114,-10037,5959,-1447,4509,599,1240,6440
27749000,1821,-5093,172,-16,1433,10658,-11685,5410,-1271,4450,599,1359,6559
27801000,2132,-5167,-135,76,1363,13893,-9671,6447,1403,5497,599,2600,7000
27849000,2424,-5228,-183,-99,6,14809,-11441,5776,1652,5369,480,2920,7000
27901000,2799,-5282,-106,-63,322,18410,-11258,5654,240,5273,480,2880,7040
27949000,3185,-5451,123,78,236,15846,-10892,5959,-1142,4627,599,2760,6960
28001000,3399,-5524,86,181,1549,11147,-8084,5288,-2999,4306,599,2400,6960
28049000,3321,-5428,-95,-136,1434,7424,-6925,5043,-5143,2861,480,1640,6400
28101000,3105,-5472,143,104,1423,7973,-11868,3579,-9316,-698,480,0,5239
28149000,2794,-5282,184,68,487,-632,3817,5471,-8481,701,599,39,5599
28201000,2358,-4770,24,41,2078,-1670,1070,5227,-6836,3207,599,79,5840
28249000,2069,-4696,-21,-33,-761,1137,-4300,4128,-6190,3464,599,39,5840
28301000,2048,-4750,-156,-49,135,8400,-6680,2968,-6026,1468,599,39,5239
28349000,2109,-4755,330,-81,664,7363,-4544,1625,-6195,-709,480,39,4519
28401000,2107,-4781,260,198,495,4616,-28,1381,-6322,-3784,480,0,3520
28449000,1814,-4690,117,58,1712,-1670,582,-632,-5629,-4186,599,0,3320
28501000,1395,-4517,-34,148,-453,-7956,1802,-1059,-4306,-4312,599,-39,3080
28549000,1149,-4268,121,72,1011,-8567,2535,-1364,-3625,-3549,480,-39,3120
28601000,1045,-4009,103,-128,287,-5576,338,-2585,-3135,-2667,480,0,3120
28649000,1095,-3928,167,72,1033,-1731,3267,-4538,-3241,-2574,599,0,3080
28701000,1306,-3805,2,47,1448,4555,582,-4904,-3918,-2057,599,0,3120
28749000,1460,-3801,133,14,1427,466,7357,-6369,-4341,-2077,599,0,3120
28801000,1349,-3706,-46,-38,1088,-6614,7601,-5698,-4048,-1399,599,0,3239
28849000,1133,-3730,172,-18,1368,-7773,4488,-5698,-3530,-1100,480,0,3359
28901000,766,-3603,72,-95,177,-15281,10775,-5820,-2420,-131,599,-39,3559
28949000,425,-3715,-77,-98,594,-11618,3023,-5576,-1393,1107,599,0,4040
29001000,321,-3991,-81,-109,1419,-4416,4610,-5515,-963,265,599,0,4080
29049000,413,-4026,-101,0,184,-1242,4732,-4477,-1118,-47,480,0,4000
29101000,512,-4203,99,53,857,-3318,3206,-4782,-1536,-611,480,0,4000
29149000,664,-4225,79,41,1295,-998,2596,-3378,-1892,-679,599,0,4000
29201000,832,-4429,167,74,2201,-2402,-3995,-3073,-2376,-1407,599,39,3959
29249000,959,-4486,48,39,1232,-998,4183,-2158,-2670,-1546,599,39,4000
29301000,1010,-4282,168,59,445,-4660,3023,-998,807,-847,480,1280,4000
29349000,999,-4301,260,123,1251,-815,3145,-998,967,-554,599,1319,4119
29401000,1111,-4183,290,108,1117,2419,6441,-510,864,-189,599,1400,4119
29449000,1274,-4167,269,113,1448,6142,2108,-571,258,-109,599,1319,4119
29501000,1540,-4370,187,-73,-93,3212,-4239,-205,-661,-751,599,1319,4119
29549000,1506,-4549,258,78,828,-2158,216,1809,-773,-1254,480,1280,4119
29601000,1324,-4705,212,153,1903,-327,-3446,2724,-13,-1637,480,1319,4159
29649000,1323,-4976,180,14,1617,2175,-6436,1931,142,-2462,599,1359,4119
29701000,1272,-4842,332,86,1354,-4172,5465,3945,382,-2406,599,1400,4040
29749000,1146,-4605,79,45,1368,2785,93,4860,775,-1728,480,1400,4040
29801000,1417,-4662,312,-15,1933,8644,-2347,3212,68,-1868,480,1440,4040
29849000,1492,-4562,-12,-6,1517,1869,5159,2663,-208,-1810,599,1440,4000
29901000,1383,-4479,-176,149,1589,1625,-1676,2785,289,-1557,599,1480,3959
29949000,1398,-4566,68,64,1564,3334,-4422,161,163,-1775,599,1440,3959
30001000,1283,-4403,-3,74,532,2175,5831,-1059,470,-1930,599,1440,3759
30049000,1323,-4289,-59,26,661,2602,-699,-388,254,-2206,480,1400,3559
30101000,1459,-4081,76,-110,2196,6020,8699,4250,-179,-1685,2039,1400,3520
30149000,2032,-3347,334,-158,1329,30800,26094,5410,-1467,607,2640,1359,3719
30201000,4506,-1812,105,-230,1462,90553,49532,4494,-11480,5121,720,680,3520
30249000,8306,144,19,-343,1789,126991,67293,7180,-21258,7923,359,559,2839
30301000,12271,2542,74,156,1948,127419,80172,11330,-35135,16028,-480,559,2799
30349000,14641,4271,359,-44,1938,106423,64852,10414,-40735,20662,480,759,2799
30401000,15782,4714,158,43,1584,86891,40987,12490,-45068,22423,599,759,2760
30449000,16019,4420,265,397,2201,70107,24691,14504,-45795,21963,599,759,2799
30501000,15211,2723,223,270,2001,39528,-25174,14809,-44314,16569,599,439,2799
30549000,12666,-549,-40,119,754,-23337,-60330,5898,-39505,8477,1199,79,2799
30601000,7674,-3798,-10,-84,545,-90110,-56180,2602,-22783,-2755,5399,79,2880
30649000,2400,-5676,-11,140,503,-118125,-38663,-2158,-9830,-7469,7559,0,2960
30701000,-2591,-6487,56,-71,2049,-118186,-17972,-7285,7773,-9503,7559,0,3320
30749000,-5716,-6235,111,76,586,-101767,-2164,-9055,15892,-7416,7079,0,3840
30801000,-7139,-5566,229,92,1441,-63987,6624,-12534,21418,-4578,6719,0,4040
30849000,-6924,-5008,48,106,621,-37070,5831,-11801,21009,-2900,6120,-39,4119
30901000,-5583,-4671,84,30,308,-18210,-638,-9848,16270,-814,4080,-160,4400
30949000,-3930,-4749,101,93,346,-12778,-14005,-8566,11964,-688,3480,-199,4479
31001000,-2474,-5267,41,120,553,-19919,-25418,-7834,6464,-2001,3480,-319,4600
31049000,-1772,-5906,-11,101,593,-34018,-27860,-6369,3525,-3600,3240,-679,4600
31101000,-1514,-6385,-80,51,436,-46469,-22794,-5087,1184,-3437,2400,-1119,5239
31149000,-1642,-6443,-71,3,329,-49460,-14066,-5637,-1936,-2584,2400,-2239,5599
31201000,-1887,-6238,127,83,1226,-47812,-14615,-3989,-2498,-835,2400,-2719,5959
31249000,-2052,-6194,78,86,1095,-38474,-17789,-3928,-2359,-108,1920,-2840,6159
31301000,-1922,-6274,-35,159,1008,-32614,-19132,-2951,-2872,496,720,-2879,6440
31349000,-1722,-6314,309,-35,1279,-38962,-20658,-3317,-3008,724,599,-2719,6519
31401000,-2037,-6556,-15,14,173,-40427,-20047,-3134,2633,1809,599,-1160,7160
31449000,-2255,-6772,67,-11,650,-38047,-23953,-3256,6176,2642,720,-160,7600
31501000,-2208,-7087,25,85,2200,-27610,-24259,-2585,6625,2738,720,0,7999
31549000,-1891,-7213,207,-60,1506,-18454,-19437,-1120,5861,2407,599,0,7999
31601000,-1097,-7231,103,14,1044,-4416,-25235,-1608,3291,2306,599,0,7999
31649000,-301,-7369,290,155,1118,-6797,-22550,-2402,1315,1647,720,39,7920
31701000,15,-7235,201,189,1036,-12778,-18949,-1669,74,1692,720,39,7799
31749000,116,-7421,225,105,1127,-7102,-25235,-1792,-370,190,720,-39,7439
31801000,408,-7332,92,-10,317,-876,-9488,-815,-1225,-396,839,0,7200
31849000,763,-6849,307,45,1655,-144,-12174,-1669,-2117,-129,839,0,6879
31901000,922,-6557,-85,-90,1907,-7163,-11563,-1364,-2648,-2032,1080,39,5880
31949000,929,-5883,-160,-82,1067,-4843,-1187,1015,3496,-4149,1199,2079,4640
32001000,1179,-4987,109,-241,607,6386,-6192,344,3542,-2361,1320,2360,4200
32049000,1734,-4601,275,-4,794,12673,-7901,710,2042,-1863,1199,2320,4040
32101000,2322,-4261,-216,-109,2201,13405,-5887,-144,1791,-3064,839,2920,3239
32149000,2678,-3892,216,-97,539,14137,-1126,-510,2311,-2987,480,3399,2960
32201000,3047,-3547,36,237,622,16579,2230,-3134,6336,-4041,480,5160,2200
32249000,3411,-3252,-25,91,609,22743,5098,-3867,8449,-3383,720,6159,2160
32301000,4048,-3322,-161,35,295,33180,-10037,-3073,6213,-3366,720,6120,2200
32349000,4692,-3392,202,178,292,32021,3695,-2219,4575,-3604,720,6120,2239
32401000,4918,-2575,154,106,1670,16762,17427,2114,3723,-1967,599,6159,1919
32449000,4364,-2142,177,14,1234,7668,12606,466,5026,-810,599,6159,1919
32501000,3729,-1498,-132,-218,1416,12673,22615,2480,6571,1503,480,5920,2000
32549000,3543,-1207,531,177,-341,13954,11690,2602,5246,2158,599,5320,1919
32601000,3045,-1245,-138,-349,1165,3700,16207,2663,6942,2384,599,5360,2040
32649000,2726,-1317,87,-201,1134,18471,8638,3273,8749,2747,599,5639,2200
32701000,2945,-1541,72,5,1814,23354,10530,2724,11684,2694,599,6840,2439
32749000,3159,-1698,-67,-105,1433,26467,3633,4982,11423,2273,480,6919,2400
32801000,3379,-2141,260,-78,482,24025,2413,3823,13742,656,480,7960,2360
32849000,3447,-2197,-65,185,1499,19875,12423,5776,14007,461,599,8120,2360
32901000,3639,-2207,-87,18,1486,28359,8394,4982,13202,696,599,8039,2439
32949000,3768,-2292,149,222,-150,23232,8333,3456,12287,612,599,7839,2479
33001000,3766,-2486,196,-21,736,20790,7967,3273,10059,1541,599,7119,2999
33049000,3945,-2606,36,-180,2188,22804,8760,3518,8696,2567,480,6800,3440
33101000,3976,-2696,275,-2,80,17128,8638,3945,2471,5949,480,4800,4679
33149000,3696,-2906,108,112,1171,7301,6197,3273,1738,6978,599,4360,5200
33201000,3350,-3088,77,-12,1749,7912,9981,3273,-90,9935,599,3320,6400
33249000,3074,-3200,158,-115,1061,12489,2718,5532,448,10112,720,3239,6519
33301000,2778,-3587,213,237,334,6386,3633,5043,1385,9637,599,3239,6800
33349000,2468,-3876,-178,-23,2034,6813,1314,4555,2050,9027,480,3199,6840
33401000,2345,-4228,20,-160,851,18227,-1737,4677,3042,9515,480,3359,7400
33449000,2735,-4536,313,3,542,21584,-4300,3090,2288,9108,599,3440,7520
33501000,2707,-4711,-45,-22,860,7729,2230,2602,2198,9504,599,3440,7880
33549000,2326,-4667,309,-30,149,3212,3206,3212,3035,10033,599,3399,7999
33601000,2274,-4820,166,-32,433,15724,-2164,2175,3615,10738,720,3480,8400
33649000,2337,-5121,155,137,2066,11818,2047,1625,3187,9812,599,3399,8360
33701000,2310,-5262,-54,-6,1799,12612,2352,2358,3028,9413,599,3320,8400
33749000,2052,-5295,141,-88,151,1564,3389,2846,3040,9385,720,3120,8400
33801000,1603,-5393,120,-90,1435,3151,-638,2602,3588,9499,720,2799,8559
33849000,1622,-5548,253,21,2201,8644,-1004,1686,2003,9685,720,2279,8759
33901000,1635,-5768,32,-130,2201,4006,-1981,1747,1092,9333,599,2000,8880
33949000,1600,-6076,-63,-103,-352,10048,-4422,1809,-60,8912,480,1559,9000
34001000,1668,-6222,-35,126,1134,10292,-2408,832,-2004,8813,480,999,9159
34049000,1734,-6362,96,85,950,6020,-8817,527,-3022,8635,599,720,9200
34101000,1726,-6606,193,-111,601,-449,-8450,-83,-4939,7779,599,79,9200
34149000,1393,-6389,359,35,1986,-10276,5953,649,-4333,8346,480,39,9240
34201000,697,-6037,177,125,393,-19858,1925,1809,-2213,9966,480,-39,9360
34249000,-77,-6046,-42,31,112,-21811,-1492,222,-116,9868,599,0,9320
34301000,-542,-6159,20,-3,720,-15464,-3568,710,1508,9481,599,-39,9320
34349000,-796,-6310,-18,40,703,-16745,-3568,-510,2293,9108,599,0,9320
34401000,-1007,-6418,-16,24,1554,-15281,-3690,-876,3023,8705,599,0,9320
34449000,-943,-6444,91,41,1589,-14426,-3018,-1120,2914,8758,480,0,9360
34501000,-807,-6361,152,47,1018,-14243,-2225,-937,2062,8995,480,-119,9360
34549000,-608,-6279,96,40,2201,-14487,-3201,-327,1081,9190,599,-279,9360
34601000,-520,-6219,103,-18,881,-18576,-2896,-327,840,9302,599,-240,9320
34649000,-413,-6185,214,-67,1739,-17295,-4300,-876,565,9529,599,-240,9360
34701000,-460,-6367,-47,-59,1,-18210,-10831,-1364,660,8977,599,-240,9360
34749000,-382,-6505,28,-95,837,-14975,-9671,-1608,382,8586,480,-279,9360
34801000,-123,-6379,247,97,791,-12351,-5948,-1303,-469,8821,480,-279,9320
34849000,54,-6506,110,90,2201,-10947,-8878,-1914,-686,7937,599,-199,9119
34901000,54,-6575,36,20,925,-18637,-4056,-1120,-884,6912,599,-240,8880
34949000,-218,-6472,0,-100,1840,-20041,-4971,-998,238,7027,599,-80,8840
35001000,-478,-6249,66,25,910,-16562,-5948,-632,1435,7052,599,0,8599
35049000,-648,-5951,210,40,897,-16684,-2896,-449,1893,7422,480,0,8480
35101000,-733,-5819,312,-49,1141,-15830,-5338,-1364,2080,5822,480,-39,7760
35149000,-520,-5858,268,39,591,-9726,-5948,-693,1851,5614,599,39,7720
35201000,-115,-5701,115,52,-175,-8017,-28,222,466,5576,599,39,7560
35249000,268,-5625,-30,-13,360,-6003,-4239,-22,-529,5551,599,39,7479
35301000,595,-5665,152,39,429,-7163,-4361,-266,5292,3162,599,2360,6719
35349000,845,-5474,119,-29,556,-4355,3206,-876,4907,3426,480,2439,6680
35401000,1133,-5095,-90,43,408,-1914,-577,-1364,4040,4993,480,2479,6760
35449000,1347,-5002,-7,-121,179,-3257,-1554,-2341,4427,5088,599,2799,6719
35501000,1418,-4707,154,-133,1470,-4966,6746,-3501,4865,5798,599,3039,6640
35549000,1433,-4357,-93,-42,0,-3867,7418,-2463,8322,5343,599,4200,6199
35601000,1488,-4197,197,152,984,-2280,2291,-2585,8254,5526,599,4240,6040
35649000,1648,-4228,71,24,634,-815,5648,-1914,7961,4882,480,4279,5840
35701000,1895,-4213,64,124,1687,2602,5892,-266,9554,1760,480,5079,4800
35749000,2191,-4345,-129,125,592,5898,3939,-449,12094,-645,599,6159,4119
35801000,2556,-4240,104,-150,1228,8888,10469,-693,13451,-1922,599,7040,3599
35849000,2874,-3905,74,-142,1006,8522,14376,222,12732,-1924,599,7079,3320
35901000,3106,-3746,-67,-130,576,10781,9432,-144,11801,-1878,599,7040,3120
35949000,3318,-3809,110,-147,1718,12856,9371,-1181,11295,-2098,480,7040,3080
36001000,3538,-3893,-127,-28,540,14076,12423,-1120,10383,-2321,480,7000,3120
36049000,3719,-3804,199,-29,2025,12856,15169,-327,9426,-2114,599,6840,3120
36101000,3756,-3767,335,54,101,5715,12423,405,4210,-1701,599,5160,3199
36149000,3752,-3895,257,57,335,7301,10958,588,3384,-956,599,4879,3559
36201000,3707,-4009,339,20,617,4738,11629,1137,3518,692,359,4879,4240
36249000,3577,-4197,131,10,1373,4982,4610,1137,3924,371,480,4920,4279
36301000,3507,-4491,297,89,828,6386,7174,710,7956,-995,480,6159,4159
36349000,3386,-4428,228,47,2027,5898,15108,2846,10161,-806,480,6800,4200
36401000,3519,-4335,201,-74,603,15663,6807,2968,9961,-47,480,6840,4319
36501000,4135,-4455,26,85,1465,17616,7235,1992,8113,-525,359,6840,4279
36549000,4319,-4615,-44,-116,834,15480,3633,1747,7518,-1043,480,6800,4240
36601000,4260,-4637,165,-153,12,7485,6502,1625,7737,-1312,480,6840,4200
36649000,4109,-4545,285,43,1445,7301,8028,1503,7596,-832,480,6680,4279
36701000,4012,-4570,95,-4,748,10658,5587,1442,7883,327,599,6640,4679
36749000,3859,-4733,248,132,1002,8339,3511,527,6301,528,480,5999,4879
36801000,3630,-4925,226,34,75,4250,3756,-327,4349,-377,480,5079,4800
36849000,3394,-4903,277,102,499,4555,7296,-144,4119,-801,599,4800,4640
36901000,3277,-4946,-121,76,579,7851,2291,-815,4688,-1038,599,4839,4600
36949000,3076,-4987,2,-28,555,1991,6319,-1059,5040,-1066,599,4800,4640
37001000,2873,-4780,45,-19,1699,3029,8211,222,5778,-62,599,4800,4760
37049000,2791,-4756,12,14,2201,1442,4427,-1669,5991,24,480,4800,4760
37101000,2573,-4712,102,-28,1597,-3135,7112,-632,6558,141,480,4760,4760
37149000,2396,-4662,211,-25,1451,-4355,4427,-266,7289,205,599,4839,4719
37201000,2255,-4751,116,88,1061,-2829,3450,-815,7754,-95,599,4839,4719
37249000,2234,-4803,-8,33,1216,-2524,6746,-998,7712,-346,599,4800,4679
37301000,2200,-4902,84,54,1505,-5698,4122,-1303,7799,-1028,599,4800,4560
37349000,2011,-4990,320,-52,1732,-9787,4183,-937,8159,-1511,480,4760,4479
37401000,1737,-5024,135,-80,1272,-9482,1863,-449,8827,-2714,480,4679,4119
37449000,1757,-5158,302,114,1671,-5698,1741,2297,8236,-3895,599,4479,3840
37501000,1907,-4744,89,111,1495,2907,32625,6203,7236,-3793,1439,4319,3480
37549000,2514,-2689,227,-109,1434,22072,76021,4677,5586,-187,599,4240,3080
37601000,3833,294,165,-49,1028,36232,72786,-1914,1340,10243,599,4279,3120
37649000,4658,873,403,185,1782,13649,10286,100,-1158,12154,480,4240,3039
37701000,3931,-1185,14,245,1610,-18088,-31156,1076,925,5683,480,4240,3080
37749000,2622,-3240,318,102,370,-32920,-31583,466,4238,308,599,4279,3039
37801000,1348,-4740,308,124,-174,-31638,-21512,-22,8794,-4982,599,4279,3080
37849000,949,-5526,97,40,410,-15281,-13272,466,9833,-6910,480,4240,3120
37901000,1338,-6240,-15,0,1495,38,-17056,5593,8823,-9481,480,4279,3080
37949000,2032,-6528,157,0,1442,16457,-4971,13466,7222,-10447,599,4279,3039
38001000,3198,-6117,136,106,2114,31105,6197,16396,3123,-9832,599,4240,2839
38049000,4737,-5291,48,215,1769,49111,15779,17434,-597,-8306,599,4240,2679
38101000,6757,-4281,-12,21,2201,64430,14986,17434,-7553,-4683,599,4240,2720
38149000,8466,-4289,-150,102,2059,50636,-20108,13588,-12013,-4031,480,4240,2839
38201000,8387,-5297,79,38,1080,1808,-25662,7851,-12563,-7372,480,4200,2839
38249000,6431,-5687,-135,-21,1352,-32798,-9549,3640,-7825,-8619,599,4200,2799
38301000,4262,-5488,101,52,304,-28464,-5460,1320,-2348,-8185,599,3480,2760
38349000,3029,-5332,240,5,1218,-27854,-7779,-1608,-623,-7536,599,2999,2839
38401000,2018,-5257,-40,8,461,-32065,-8512,-4050,-54,-6531,599,2000,3080
38449000,1447,-5173,-228,229,268,-29441,-8756,-5026,-2433,-4464,599,680,3719
38501000,1315,-5071,76,111,998,-24375,-10343,-6003,-3947,-573,599,0,4879
38549000,1393,-5004,-12,43,445,-24741,-10220,-4660,-3954,1038,720,79,5360
38601000,1383,-5052,-19,166,-115,-22483,-14859,-5148,-4029,3323,720,39,6159
38649000,1641,-5398,55,-64,1076,-23703,-24686,-4294,-4712,3731,720,39,6559
38701000,2284,-5694,-192,9,-873,-27304,-27432,-4660,-6734,5597,599,39,7560
38749000,3806,-5319,112,193,1281,-28586,-25052,-4050,-10368,9480,480,79,8559
38801000,4105,-5712,243,-81,2201,-30600,-31949,-4538,-9196,9982,480,1040,9040
38849000,3107,-6740,169,85,2201,-29685,-33658,-4111,-5584,7913,599,1440,9200
38901000,1720,-7790,125,95,2201,-31638,-32437,-3745,957,6267,599,2040,9879
38949000,578,-8545,92,77,1323,-27060,-31339,-5026,4840,4943,599,2360,10079
39001000,-1,-8931,15,36,67,-21262,-27005,-4782,7445,4044,480,2479,10280
39049000,59,-8975,87,178,293,-9909,-22550,-5759,7514,3616,599,2520,10200
39101000,659,-8781,-28,106,488,-4721,-21756,-4965,7980,2696,599,3320,9679
39149000,1412,-8446,32,122,1480,-3135,-20169,-3745,8751,1824,599,4240,9080
39201000,1921,-8348,100,-18,1338,588,-18216,-3623,9115,-206,599,4960,8280
39249000,2242,-8140,244,57,1216,-449,-11807,-2829,12837,-3694,480,6480,6960
39301000,2577,-7652,41,-36,2084,4677,-6497,-2341,15308,-8078,480,7679,4960
39349000,3013,-7235,230,-44,1865,8217,-5033,-3073,15932,-9353,599,8239,4200
39401000,3594,-6708,-9,-153,540,13527,1253,-2219,14057,-7884,480,8280,4080
39449000,4083,-6109,-97,-85,1102,15785,-3812,-1608,12675,-6185,480,8239,4119
39501000,4458,-5846,15,197,1292,15480,-3201,-1914,11345,-6500,480,8239,3680
39549000,4679,-5436,121,187,1189,14015,1619,-449,10759,-6472,359,8239,3359
39601000,4900,-4951,36,39,1467,16640,1497,-1120,10017,-5014,359,8239,3280
39649000,5188,-4347,217,-23,1622,17494,4854,-998,9278,-3565,480,8239,3239
39701000,5405,-4122,-8,70,1375,19325,460,100,8383,-2766,480,8199,3199
39749000,5522,-4200,86,1,1606,17800,-882,-327,7969,-2845,480,8160,3239
39801000,5559,-4213,290,188,1777,17739,1131,-83,7801,-2919,480,8160,3239
39849000,5633,-4265,-3,76,1133,19814,-3324,344,7640,-2921,359,8160,3280
39901000,5698,-4377,-13,49,112,17983,-2835,-571,7264,-3651,359,8120,3159
39949000,5739,-4400,-95,-66,1045,17067,4427,-83,7385,-4018,480,8199,3080
40001000,5750,-4129,-51,17,90,17433,4732,-205,7229,-3027,480,8160,3120
40049000,5763,-3899,130,173,1685,16640,3145,-754,7159,-2284,480,8160,3159
40101000,5690,-3784,20,-109,1281,15480,4488,222,7409,-2113,359,8160,3080
40149000,5603,-3720,101,6,404,14137,2291,-632,7444,-2364,480,8120,2920
40201000,5371,-3740,61,85,246,13100,5770,588,8124,-2340,480,8080,2960
40249000,5172,-3687,92,19,2201,18349,7601,1015,7562,-2329,480,7720,2920
40301000,5145,-3564,221,85,494,21034,6441,588,6283,-1694,480,7240,2999
40349000,5072,-3531,84,235,-77,15846,5037,-144,6316,-1613,359,7200,2999
40401000,4937,-3604,-29,196,1128,12551,2962,1137,6186,-1574,359,7000,3080
40449000,4928,-3662,182,215,1274,19203,7540,2175,6373,-1856,480,7040,3039
40501000,5024,-3507,215,13,1927,19814,11568,1809,5205,-1401,480,6760,3039
40549000,4927,-3465,54,-45,2201,15846,8272,1564,5299,-982,480,6719,3120
40601000,4781,-3481,122,-98,785,16335,9981,2114,1014,-843,480,5120,3199
40649000,4311,-3476,290,181,34,343,6990,1809,893,-541,359,4719,3280
40701000,3616,-3741,169,75,222,-2097,4427,3151,1749,-1265,359,4200,3320
40749000,3395,-3835,218,99,564,7118,5587,2053,-256,-1808,480,3320,3239
40801000,3280,-4050,85,180,2201,3029,-1187,2053,-1321,-2312,480,2839,3280
40849000,2983,-4179,38,135,435,-2402,9310,1564,-2020,-2874,480,2360,3239
40901000,2381,-3769,198,126,1776,-11313,17061,1809,-2705,-2548,599,1480,2920
40949000,1941,-3411,30,102,360,-9238,12667,771,-5649,-3672,480,120,2239
41001000,1686,-3425,97,-3,1652,-8933,5342,-388,-5180,-6556,480,-39,1240
41049000,1305,-3668,33,-103,1376,-13755,2840,-1853,-4121,-8465,599,0,799
41101000,935,-3868,-14,75,162,-10703,7845,-1914,-2805,-9565,599,0,680
41149000,772,-3697,186,228,2178,-10886,16207,-1669,-2497,-9098,480,-39,720
41201000,552,-3593,69,-56,1010,-11374,9859,-2951,-1657,-8501,480,0,759
41249000,517,-3675,180,192,1188,-11374,10897,-5210,-1689,-8633,599,-39,799
41301000,331,-3764,186,150,1459,-18454,10897,-6491,-995,-8052,599,0,1080
41349000,-48,-3908,205,59,1426,-22239,6990,-7285,-73,-8260,599,0,1119
41401000,-479,-4030,151,-27,580,-25718,11812,-9543,1438,-8731,599,0,1119
41449000,-677,-3763,70,-88,-157,-19004,20174,-7712,1902,-7997,480,-39,1159
41501000,-502,-3509,152,3,701,-14060,12484,-6796,-652,-6568,480,-720,1319
41549000,-360,-3329,40,58,610,-19248,19258,-6186,-5714,-5465,599,-2280,1559
41601000,-446,-2983,141,26,-336,-32248,16390,-5026,-7660,-2829,599,-2999,2040
41649000,-640,-3090,74,-82,1157,-32920,6746,-6186,-14231,-1218,599,-5360,2639
41701000,-803,-3349,70,15,1920,-32737,5159,-510,-20629,-2487,599,-7680,2520
41749000,-952,-3303,77,127,2201,-28281,19197,2419,-22161,-2469,599,-8320,2560
41801000,-1011,-1788,474,315,1262,-22605,73458,1198,-23124,2193,359,-8719,2520
41849000,-1130,1318,168,356,1164,-29929,106905,-2768,-39579,10818,480,-14280,2839
41901000,-1572,4641,-15,182,1975,-37192,105013,-9787,-39683,22803,480,-14800,2960
41949000,-2036,6410,134,-133,1942,-35239,76876,-14731,-12722,21034,480,-6200,759
42001000,-2136,6227,-369,399,1184,-22177,20845,-9665,6410,18681,599,0,0
42049000,-1566,3649,-2,54,1255,-11618,-38236,-7712,4907,12466,599,-39,-39
42101000,-694,-65,0,-25,1420,-6064,-53372,-8505,2082,-197,1199,0,0
42149000,-100,-2643,100,47,1873,-8872,-41654,-8566,545,-7019,1920,0,-39
42201000,228,-4181,-39,-74,642,-8994,-20413,-8994,-685,-12663,2039,0,-39
42249000,531,-4598,152,129,709,-10337,-4422,-8505,-1521,-13730,1799,-39,0
42301000,999,-4648,0,41,-562,-6675,-5765,-7712,-2999,-10586,599,0,1119
42349000,1538,-5016,53,43,1787,343,-15042,-7041,-6836,-9179,720,-839,1879
42401000,2026,-5456,-57,120,371,2663,-11136,-8444,-18079,-7848,599,-3999,2839
42449000,2276,-5667,238,7,1388,-4416,-13394,-9299,-33198,-6791,599,-8800,3359
42501000,2061,-6135,56,53,1519,-12656,-20658,-7651,-42664,-7606,599,-12160,3599
42549000,1146,-6643,-65,-17,1681,-32553,-18338,588,-40614,-8849,480,-12200,3640
42601000,436,-6943,-131,153,2201,-10581,-22977,-22,-16189,-16510,359,-4960,1440
42649000,1057,-7498,328,147,1758,23049,-37808,344,-3693,-19207,599,-360,999
42701000,2681,-8187,426,333,1820,32692,-27982,2480,-8643,-20603,720,-199,1319
42749000,3156,-7356,76,42,280,1686,4549,-998,-9555,-18740,720,0,1319
42801000,2551,-6290,-172,113,400,-6919,-3629,-1853,-7415,-16231,720,79,880
42849000,2320,-5741,170,-59,902,6813,-9793,-2402,6122,-17564,599,4360,-39
42901000,2501,-5295,258,-115,1232,9438,-7596,-3928,12775,-16007,599,6760,-39
42949000,3032,-5035,-82,-12,1014,28114,-3201,-4782,12439,-15425,720,7040,-39
43001000,4490,-4833,120,58,1173,54177,-8145,-4660,12689,-14740,720,8719,-80
43049000,5692,-4458,230,26,546,36843,4793,-3867,14946,-13931,599,10559,-80
43101000,5861,-3646,-3,-188,1200,21462,7906,-449,25136,-11299,480,14240,-119
43149000,5553,-3259,174,53,991,17189,4793,-266,30197,-10997,599,15680,-360
43201000,5387,-3111,47,6,935,36415,-516,-144,32916,-12575,599,16359,-1080
43249000,6187,-3070,-27,-39,1851,65651,3328,-83,31251,-12605,599,16400,-1119
43301000,7190,-3119,21,-49,513,55641,-5338,1503,32189,-12838,599,17920,-1160
43349000,7425,-3438,-132,-51,226,51186,-4239,3945,34582,-13730,480,18920,-1160
43401000,7611,-3135,21,-72,-166,55092,6563,6691,36924,-13605,480,19920,-1399
43449000,7897,-3064,52,-82,1605,54970,-2042,5654,36084,-13573,599,19880,-1480
43501000,8036,-3189,228,-114,1027,47585,-2042,7729,35529,-13887,599,19880,-1440
43549000,7809,-3013,-195,-51,1792,45632,1741,8644,30878,-10092,599,18120,-319
43601000,8375,-3342,274,-151,825,67421,-19010,13161,12674,-10148,599,12600,-39
43649000,9426,-3569,124,19,2201,87319,-6741,20363,-7731,-10790,359,6640,-39
43701000,11072,-3928,95,265,1530,95131,-24137,22499,-33216,-11905,359,0,-39
43749000,11701,-4432,130,-140,1308,62355,-25723,16884,-35137,-13128,480,0,-39
43801000,10204,-4778,-136,228,-636,1320,-24198,10353,-30614,-14336,480,0,0
43849000,7285,-4820,-162,-20,760,-33774,-22916,8156,-23471,-14337,119,-39,39
43901000,4231,-4506,-51,-49,1937,-27610,-15408,7973,-12693,-13520,-7799,0,0
43949000,2741,-4129,-214,186,604,-5637,-12479,10659,-8675,-12710,-14159,0,-39
44001000,2093,-3780,-156,-25,2089,-22,-12906,16396,-6279,-11461,-18960,0,-39
44049000,1567,-3469,-159,82,-53,-8506,-11685,19326,-5007,-10455,-19200,0,39
44101000,795,-3268,-76,-49,1327,-21445,-20535,19387,-2387,-9805,-18960,0,0
44149000,54,-3130,259,68,1164,-22666,-12113,18166,-491,-9507,-20039,0,0
44201000,-311,-2816,-219,-6,1055,-19553,-15225,20485,934,-8450,-25199,0,0
44249000,-569,-2835,121,104,985,-21262,-16507,23476,1579,-8506,-27000,0,0
44301000,-768,-2753,62,76,2201,-20346,-5704,25368,2304,-8261,-26279,0,0
44349000,-723,-2785,33,78,592,-16684,-18582,24025,1751,-8220,-18960,-160,0
44401000,-493,-3171,1,-148,1430,-20041,-23892,16030,-1399,-9513,599,-959,0
44449000,-517,-3453,38,45,425,-20530,-15042,5043,-4109,-10161,480,-1879,39
44501000,-550,-3278,-6,150,782,-25962,-6680,4067,-3867,-6355,599,-1840,1159
44549000,-872,-3052,-54,152,997,-34323,-9671,3701,-3621,-4280,599,-2000,1640
44601000,-1352,-3003,94,-18,1304,-36216,-8389,1564,-2783,-2049,599,-2280,2320
44649000,-1589,-3040,107,118,1735,-30112,-4300,-83,-7160,-1259,359,-3960,2639
44701000,-1474,-2805,-106,64,607,-26877,-2530,-693,-10576,-495,480,-5000,2639
44749000,-1194,-2455,17,87,1603,-26877,-699,710,-11344,303,480,-5000,2600
44801000,-1276,-2312,-12,201,1417,-33469,948,588,-11049,501,480,-4960,2479
44849000,-1579,-2222,59,53,329,-38291,887,-83,-10412,609,480,-5000,2439
44901000,-1992,-2373,-199,174,1439,-40976,-3568,-1486,-9141,-41,359,-5039,2360
44949000,-2259,-2557,288,19,-61,-40610,93,-2158,-8317,-496,480,-5000,2360
45001000,-2339,-2663,85,-7,1243,-30051,6075,-1059,-8702,-789,359,-5240,2400
45049000,-2067,-2740,383,59,463,-23886,277,-876,-9319,-1084,359,-5240,2360
45101000,-1767,-2960,187,152,2172,-27793,32,-998,-10418,-1680,240,-5240,2400
45149000,-1845,-3040,-169,70,2186,-32614,4549,-693,-10155,-1755,240,-5200,2479
45201000,-1996,-2906,123,88,-235,-33408,6807,-1242,-7570,-1040,480,-4520,2560
45249000,-1868,-2728,-24,101,987,-26938,8760,-1181,-2208,-704,359,-2640,2520
45301000,-1394,-2568,20,11,1293,-16989,8211,-1792,3822,-265,359,-119,2479
45349000,-915,-2498,84,32,664,-16623,8455,-2280,2976,34,359,0,2520
45401000,-351,-2408,12,69,2125,-15158,13094,-1792,1053,333,359,0,2520
45449000,7,-2140,132,-16,-173,-15586,17244,-2463,29,948,240,-39,2520
45501000,322,-1866,-68,-61,988,-14243,17611,-1608,-966,1839,240,0,2479
45549000,641,-1810,19,21,841,-11557,19014,-2707,-1744,1780,359,0,2400
45601000,930,-1796,162,-20,1022,-12656,24202,-2890,-2672,609,359,39,2000
45649000,1130,-1783,193,50,1120,-9055,20662,-1975,-3230,-276,359,0,1679
45701000,1272,-1775,194,143,960,-12595,24569,-2829,4221,-3286,359,2679,680
45749000,1355,-1578,132,2,814,-5759,31038,-1120,8709,-3637,240,4240,399
45801000,1830,-1424,42,80,1140,6935,25911,-1120,13828,-4153,240,6440,39
45849000,2623,-1364,227,212,1565,12001,24019,-1181,13771,-3863,359,7079,79
45901000,3508,-1079,381,150,550,14565,27620,-571,10715,-2878,359,7079,120
45949000,4115,-1099,150,76,1342,13161,17855,-144,9594,-2604,240,7240,199
46001000,4490,-1247,274,84,855,8217,21029,-83,8487,-3141,240,7320,199
46049000,4601,-1225,102,-27,150,9377,17061,-998,8184,-3030,359,7320,199
46101000,4895,-1606,75,20,430,14809,11202,-510,6794,-4339,359,7160,160
46149000,5145,-1740,105,0,-50,16701,20174,-2707,5780,-4401,359,7040,280
46201000,5460,-1807,36,-179,997,19875,11019,-3745,4737,-4701,359,7040,239
46249000,5737,-2032,200,-27,972,21401,16512,-5087,4044,-5345,240,7040,239
46301000,6035,-1694,102,-173,1677,23049,22676,-5271,2893,-4243,240,7000,280
46349000,6058,-1792,-59,-115,1103,19753,7357,-7346,3751,-4317,359,7320,280
46401000,5771,-2070,-66,-67,1047,14870,14803,-6796,5844,-5371,359,7720,280
46449000,5417,-1891,15,70,1227,13039,17366,-6796,7869,-4872,359,8080,280
46501000,5167,-2038,54,88,1877,16579,11141,-6857,8976,-5274,359,8160,280
46549000,5153,-1925,137,150,1649,18898,20845,-7102,9037,-4718,240,8160,399
46601000,5262,-1802,77,107,383,21523,9920,-8078,8333,-2767,359,8039,880
46649000,5453,-1904,362,15,245,18288,11873,-9055,7272,-1994,359,7880,1240
46701000,5524,-1768,-174,-67,22,15724,12545,-7224,7185,935,359,7920,2079
46749000,5416,-2004,0,59,1452,15602,2901,-9665,7715,1273,240,7999,2360
46801000,5516,-2226,26,83,461,23476,7174,-9421,9129,881,240,8559,2520
46849000,5929,-2207,20,-153,-258,25917,6075,-11252,8333,972,359,8640,2520
46901000,6343,-2267,75,-152,757,23415,1680,-10764,7008,758,359,8680,2520
46949000,6410,-2325,41,24,1893,15968,7357,-11496,6694,813,359,8640,2600
47001000,6169,-2308,196,243,2201,12612,1986,-9421,7290,873,359,8599,2600
47049000,6038,-2427,82,-128,1234,12428,-1065,-9299,6630,579,240,8280,2600
47101000,5912,-2437,230,85,1541,9865,2657,-8872,2183,367,240,6640,2560
47149000,5777,-2601,27,185,965,8522,-2591,-10336,-4450,-1196,359,4319,2160
47201000,5571,-2724,-164,-73,1428,6081,1253,-12168,-10353,-2653,359,2119,1840
47249000,5130,-2749,47,61,1272,160,-1004,-10642,-9953,-2471,-1919,1879,1919
47301000,4477,-2931,286,79,2201,-4843,-1309,-5454,-7673,-3034,-9960,1919,1919
47349000,4049,-3034,-3,137,1197,282,-2408,100,-6414,-3556,-14760,1960,1840
47401000,3868,-3084,-161,147,489,5043,-2896,4250,-5126,-3852,-17520,2160,1800
47449000,3734,-2999,-1,-8,251,-144,-455,5715,-4859,-3791,-18240,2160,1760
47501000,3427,-2981,-14,91,387,-3196,-6925,9438,-3803,-4863,-19800,2160,1359
47549000,3149,-2877,33,199,383,-4599,216,10170,-3247,-5510,-21720,2119,1080
47601000,3055,-2829,24,6,700,-388,-11380,10903,-4126,-5129,-21600,1679,1119
47649000,3052,-3203,207,-66,1087,-144,-9549,13222,-5272,-6314,-19320,1319,1080
47701000,2855,-2875,-28,120,967,-3867,3389,10598,-7247,-5386,-5759,439,1080
47749000,2510,-2776,-215,88,209,-9238,-10037,2724,-7469,-3688,-840,79,1519
47801000,2069,-3018,-133,-25,283,-14426,-11868,-2646,-6088,-3534,-1679,39,1840
47849000,1389,-2762,133,153,1317,-22177,1375,-3684,-4575,-2630,-2640,0,1960
47901000,715,-2386,147,-32,-129,-13022,-1737,-1853,-2027,519,-11879,39,2560
47949000,681,-2487,67,207,1350,38,-6925,1564,-1859,1539,-13200,39,2960
48001000,1038,-2701,-133,-60,1209,6020,-6558,3334,-3116,2334,-13200,0,3480
48049000,1458,-2826,98,-2,1494,5593,-10159,3456,-4183,2922,-12959,0,3759
48101000,1761,-3201,-112,-81,844,2602,-13394,5654,-5163,3114,-10079,39,4240
48149000,1853,-3535,191,-16,1087,-876,-12723,5654,-5430,2618,-10079,39,4360
48201000,1714,-3786,308,151,959,-10703,-13516,9011,-4902,3641,-10679,79,5000
48249000,1296,-4253,-33,68,1765,-18210,-15286,9621,-3921,3774,-10799,79,5439
48301000,894,-4591,86,-78,626,-10581,-14798,9072,-2443,4586,-9480,79,6120
48349000,914,-4920,22,-27,1185,-6491,-22489,8095,-2458,5716,-9599,79,6760
48401000,992,-5511,-52,222,1427,-4721,-28958,9499,-2616,4824,-9599,120,7119
48449000,1013,-6023,27,43,1821,-5454,-26029,9560,-2185,3628,-9119,280,7160
48501000,925,-6321,41,187,1877,-7224,-22733,7607,-975,2515,-4800,599,7160
48549000,955,-6339,160,-22,1507,-4233,-24259,3762,-44,2911,0,920,7320
48601000,1092,-6377,-159,199,323,-3257,-22122,1137,-398,2948,240,959,7360
48649000,1158,-6137,106,-84,1167,-7224,-17484,527,-250,3390,359,1080,7320
48701000,1240,-6062,161,-94,1770,-5515,-27188,3273,-600,4373,-1080,1040,7520
48749000,1230,-6116,48,168,525,-7529,-21146,3701,-608,4154,-1319,1040,7520
48801000,1174,-5771,110,-90,1202,-7895,-16629,3456,-404,5245,-1199,1040,7520
48849000,1176,-5601,223,78,625,-6125,-19620,2968,-416,5729,-1319,1040,7520
48901000,1220,-5511,-100,85,1168,-6308,-15286,2846,-1141,5784,-1319,840,7439
48949000,1151,-5254,-112,85,1666,-9482,-12601,2358,-856,6551,-1080,880,7479
49001000,1128,-5144,174,-121,268,-6614,-16263,1381,-624,7006,-1080,920,7479
49049000,1294,-5183,40,199,1119,-4599,-16202,527,-899,7114,-1080,959,7560
49101000,1523,-5051,107,-20,36,-2585,-13638,527,-1810,7405,-1080,920,7520
49149000,1931,-4804,208,54,1494,2602,-14066,161,-1487,8082,-960,1359,7520
49201000,2381,-4755,4,183,1861,3395,-13822,161,-2223,8294,-960,1640,7520
49249000,2670,-4789,97,122,1296,4860,-16873,-388,-2943,8236,-960,1640,7520
49301000,2914,-4742,135,242,671,954,-12784,-510,-3704,8212,-960,1679,7479
49349000,2920,-4578,137,148,1780,527,-8389,-815,-3526,8524,-1080,1760,7439
49401000,2894,-4595,259,127,1987,1991,-13516,-2341,-1962,8413,-1080,2239,7400
49449000,2844,-4571,-93,101,2201,832,-6253,-2646,-1476,8140,-960,2360,7320
49501000,2785,-4333,186,73,873,-2341,-5826,-2707,-1155,8478,-960,2400,7160
49549000,2697,-4275,57,10,2200,-1792,-5155,-3256,-813,8575,-960,2439,7160
49601000,2460,-4053,182,-27,2201,-3012,216,-3562,177,8238,-1080,2520,6800
49649000,2561,-3861,102,192,1883,6752,2840,-3745,50,7747,-960,2520,6480
49701000,2517,-3813,270,31,2201,-2646,4915,-4355,126,6318,-1080,2560,5920
49749000,2114,-3689,117,271,1199,-7712,11568,-3928,844,5415,-1199,2479,5520
49801000,1528,-3332,137,-98,1353,-12473,13643,-4965,4414,4763,-1199,2999,4920
49849000,1209,-2972,91,-83,1337,-7102,16085,-4050,8187,4439,-1199,3959,4519
49901000,1316,-2699,154,-121,1712,3273,15108,-3439,9249,2702,-1199,4400,3599
49949000,1713,-2611,105,-23,1883,10292,14254,-1547,10334,1028,-1080,5079,2960
50001000,2051,-2615,-108,-67,1152,11696,10408,-815,9324,192,-599,5160,2679
50049000,2433,-2618,26,-4,2193,15846,12972,-2463,8552,-582,-719,5200,2439
50101000,3010,-2343,126,2,1377,16823,14193,-1975,6929,-430,-960,5320,2200
50149000,3328,-2147,283,60,379,9072,17061,-3439,6042,-442,-840,5320,2040
50201000,2954,-1740,126,-4,1459,-10276,26888,-4965,7096,778,-840,5320,2000
50249000,2353,-1366,-16,-165,1844,-12534,27315,-8750,8612,1832,-1440,5320,2040
50301000,1976,-1119,130,-120,442,-3806,24874,-9055,12311,1442,-4440,6080,1600
50349000,2002,-1285,9,214,1835,1991,19808,-7346,12013,623,-6960,5959,1440
50401000,2343,-1387,152,106,884,4067,27559,-1792,10728,37,-12720,5920,1400
50449000,2651,-1346,195,-13,1156,-449,21151,3151,9923,194,-13559,5920,1400
50501000,2721,-1799,83,244,657,-5576,12911,4738,7315,-1678,-14760,5160,1240
50549000,2611,-2003,105,168,-480,-9665,23226,5776,7646,-3025,-15239,5200,999
50601000,2786,-1978,-198,-78,340,527,22249,6203,7000,-2454,-15960,5120,1159
50649000,3023,-1890,29,16,695,-3745,23592,8217,6368,-2428,-18479,5120,1119
50701000,3012,-1668,97,95,1562,-4538,24630,12978,6322,-1524,-18360,5120,1159
50749000,2883,-1800,438,107,247,-6064,13521,13527,6636,-1908,-18720,5120,1119
50801000,2968,-2226,-14,-95,-353,4799,18709,15297,6213,-3319,-18479,5039,1119
50849000,3362,-2334,79,128,209,9743,15841,16640,5256,-3518,-19079,5039,1119
50901000,3906,-2527,254,-18,1115,12367,15535,16884,1839,-4462,-18840,4519,1040
50949000,4106,-2594,245,-12,1084,7424,18709,18898,1239,-4870,-19320,4519,959
51001000,4225,-2630,184,83,164,9072,18221,18898,403,-5010,-20759,4360,959
51049000,4444,-2574,73,-3,-120,11025,19197,19265,-158,-4721,-21839,4360,999
51101000,4603,-2617,23,67,-869,7912,16512,19448,-1089,-4853,-21839,4240,999
51149000,4546,-2655,32,6,559,3945,14132,19631,-4490,-4683,-21960,3080,1080
51201000,4210,-2728,-76,162,1060,221,16146,19814,-5791,-3025,-21839,2279,1719
51249000,3720,-2682,-24,265,983,-5149,12300,20668,-5642,-2253,-21720,1919,1919
51301000,3302,-2895,158,116,1135,-4599,6685,20485,-6546,-1607,-21480,1119,2360
51349000,3010,-3046,270,137,1232,-4660,10225,20790,-6072,-467,-21359,1040,2880
51401000,2795,-3200,-93,-36,860,-632,3328,21340,-5385,2398,-19440,999,4000
51449000,2603,-3442,-110,-67,-341,-1609,1009,19997,-4639,3712,-18840,1080,4640
51501000,2551,-3690,-92,-149,1080,99,-2469,19875,-3813,4529,-15239,1280,5200
51549000,2560,-3946,-18,-91,466,2419,-4483,16823,-2737,6388,-15239,1640,6040
51601000,2584,-4062,-65,133,893,2602,-7047,16274,-2594,5932,-15119,1719,6040
51649000,2653,-4303,-81,82,1723,4433,-12906,16335,-1203,6073,-15360,2239,6280
51701000,2663,-4494,39,-39,1645,3517,-6925,16030,-1150,5835,-15360,2279,6440
51749000,2645,-4634,25,-36,1337,2968,-10220,16152,-1101,6606,-17040,2279,6800
51801000,2627,-5007,257,190,1268,160,-12723,18532,-1042,5736,-19559,2279,6919
51849000,2641,-5222,-16,106,1750,1686,-9671,20485,-1058,5165,-21720,2279,6919
51901000,2624,-5463,56,123,542,38,-13761,22805,-1032,4490,-23280,2279,6960
51949000,2496,-5655,-65,98,245,-2036,-10526,22988,-711,3832,-23280,2279,6919
52001000,2385,-5697,132,-37,966,-2036,-11197,23293,-195,3668,-23280,2320,6919
52049000,2341,-5875,25,41,1194,-1670,-12418,23171,-221,3224,-23519,2279,6919
52101000,2298,-5863,123,157,1119,-2585,-7962,23964,-896,3170,-24960,2000,6919
52149000,2244,-5920,118,70,999,-2219,-14859,24514,-3155,2383,-26759,1199,6680
52201000,2214,-5983,-42,-45,896,-1731,-10892,25612,-6523,1850,-26759,39,6600
52249000,2146,-5812,-138,24,716,-7102,-10098,24758,-6388,2531,-26759,39,6680
52301000,1872,-5854,-126,126,1130,-11008,-17423,24758,-5617,797,-25320,0,6120
52349000,1605,-5885,114,107,650,-12168,-12052,24697,-4926,629,-23640,0,6120
52401000,1411,-5609,209,24,-393,-13999,-8756,22560,-4355,1412,-10920,-39,6080
52449000,1416,-5434,30,102,489,-8933,-11685,15419,-4085,1627,-2279,39,5999
52501000,1523,-5447,239,-65,1239,-7590,-14676,8095,-4569,2016,-2160,0,6120
52549000,1480,-5543,49,74,-224,-9970,-15042,8156,-4450,1651,-1319,0,6080
52601000,1549,-5545,-249,124,718,-10459,-15286,5410,-4768,1003,359,-39,5880
52649000,1607,-5402,-28,89,387,-13022,-13150,3273,-4019,-434,359,280,5280
52701000,1606,-5187,107,-31,896,-11679,-12601,2602,-1100,-83,480,1240,5160
52749000,1903,-5033,127,218,1209,-6736,-11319,2907,-1909,-43,480,1199,5039
52801000,2204,-4865,-221,133,0,-5454,-12235,2602,-3014,284,480,1199,4960
52849000,2353,-4568,-137,-1,103,-6858,-12662,2114,-3437,662,480,1199,4839
52901000,2562,-4119,49,124,283,-2829,-12052,1442,-3726,1202,359,1319,4519
52949000,2742,-3744,18,28,1097,-3501,-15042,1442,-3358,1934,480,1600,4440
53001000,2935,-3602,-245,-40,68,-4905,-14249,2541,-4725,-8,359,1359,3599
53049000,3012,-3345,29,113,261,-4477,-9976,2419,-4841,1751,-480,1400,3959
53101000,3130,-3279,-62,16,1130,-2890,-14005,5288,-5312,3840,-1080,1359,4560
53149000,3328,-3441,-83,-83,290,-3073,-15408,4250,-5907,2587,-960,1319,4279
53201000,3608,-3387,-151,-10,1103,-876,-10404,4067,-6746,2918,-599,1359,4360
53249000,3953,-3332,-30,-76,174,282,-11380,2480,-7133,3104,240,1519,4360
53301000,4082,-3465,-133,106,1199,-388,-7779,1931,-5047,3164,240,2400,4519
53349000,3981,-3525,-182,-20,1502,282,-6741,1015,-4450,2686,119,2520,4400
53401000,3974,-3567,-25,3,2002,2419,-5216,649,-4364,1416,119,2520,4040
53449000,4016,-3391,-52,217,-373,3517,1253,-22,-4455,1724,240,2520,4040
53501000,4207,-2782,-76,-96,346,4982,-394,405,-5302,3292,-960,2439,3880
53549000,4362,-2314,279,64,1417,5226,-1554,2053,-5838,3986,-840,2400,3680
53601000,4308,-2119,30,-188,1291,3029,-1248,2175,-2366,2521,-1560,3520,2960
53649000,3984,-2202,162,47,1472,-388,2474,1686,737,433,-1440,4279,2320
53701000,3841,-2298,94,-25,1090,4128,8089,2358,6594,-5816,-1679,6040,360
53749000,3901,-2241,232,-60,327,7424,12178,3456,8962,-6717,-1799,6879,0
53801000,4059,-1998,-70,22,241,11391,16939,3945,8341,-5876,-1799,6840,39
53849000,4322,-1857,327,111,1511,11147,12667,3518,7811,-5500,-1799,6879,39
53901000,4542,-1777,-20,123,2201,8461,18831,3518,5452,-5093,-1919,6359,79
53949000,4494,-1514,25,5,1037,5593,17427,2297,5410,-4645,-1799,6319,0
54001000,4420,-1404,-150,52,1522,4799,17611,2785,4738,-3732,-4079,5999,160
54049000,4198,-1327,192,139,1441,5898,15779,3701,2905,-2646,-5520,5200,439
54101000,3945,-1365,1,-26,-388,4006,12850,4982,2203,-1696,-5639,4679,799
54149000,3635,-1537,47,90,314,-4843,10653,4616,1482,-904,-5039,4200,1199
54201000,3308,-1745,-133,141,377,1808,10591,3884,-3686,-796,-4679,2079,1480
54249000,3030,-1963,-55,121,815,-4966,9615,1870,-5196,-504,-2160,1359,1760
54301000,2640,-2018,66,32,1771,-4294,11751,344,-6842,-415,-2279,360,1879
54349000,2446,-2067,315,-101,2186,-3257,9554,161,-6719,-505,-2279,239,1879
54401000,2275,-2278,164,166,2201,-3562,8638,-205,-6106,-1315,-2279,239,1840
54449000,2099,-2528,20,-56,1582,-4966,6990,-327,-6128,-2184,-2399,79,1760
54501000,1920,-2724,88,21,530,-7102,9188,-754,-6480,-2534,-1319,-240,1879
54549000,1857,-2789,63,122,-558,-5637,10042,-1120,-19382,-3995,-1080,-4600,1440
54601000,1606,-2827,52,131,1838,-19614,11385,2358,-45019,-8481,359,-13400,0
54649000,603,-2470,-195,-13,1971,-37497,18526,4616,-49739,-6533,359,-15760,360
54701000,-574,-2047,299,-208,1705,-27243,21273,5104,-55755,-1461,480,-19160,1559
54749000,-536,-1064,110,92,1536,6081,44954,5043,-55643,1959,720,-19200,1960
54801000,1096,907,294,-23,1426,44777,68697,4311,-53569,4163,959,-16760,480
54849000,3726,3227,274,-25,1418,78652,90303,5043,-51716,8403,480,-14000,0
54901000,6557,5318,16,250,1111,71449,60518,5165,-41392,15596,0,-7240,-119
54949000,7448,4497,166,195,1296,21828,-9427,283,-44033,14029,359,-7200,-160
55001000,5635,1517,166,34,646,-35300,-38419,-1486,-34067,4311,480,-5720,-80
55049000,2722,-973,72,157,1754,-59897,-32926,-1669,-24669,-1988,599,-5000,-39
55101000,-197,-2542,-89,46,645,-61606,-14554,-2524,-11406,-7626,480,-3999,0
55149000,-2077,-3067,100,73,258,-48667,-2896,-1914,-5641,-9169,480,-3719,-39
55201000,-2928,-3141,70,27,468,-30600,3389,-2768,-2375,-9544,599,-3719,-39
55249000,-2783,-3053,-131,122,-272,-14731,3878,-1242,-3481,-9299,480,-3999,-39
55301000,-1955,-2935,273,-36,2201,-4721,-2347,-693,-19573,-8806,480,-8480,0
55349000,-1431,-3195,-136,-30,1175,-11069,-9549,4860,-36853,-9516,480,-13760,-39
55401000,-1681,-3494,-86,114,1409,-28647,-8084,13466,-42596,-10483,480,-15880,0
55449000,-1651,-3805,216,-134,1917,-327,-16080,16335,-42141,-11210,480,-15800,0
55501000,230,-4854,389,132,1805,60768,-40677,18959,-45212,-14683,480,-14840,-39
55549000,3801,-6507,456,71,2201,108010,-63626,23781,-47903,-18659,599,-12840,-39
55601000,7936,-8293,322,-69,932,108742,-47269,24697,-54408,-25000,480,-10200,-39
55649000,9808,-7737,-24,158,2086,60524,6319,20668,-56800,-24068,359,-9240,-39
55701000,8410,-5644,191,178,1546,-27854,27315,12307,-45870,-17053,480,-6879,-39
55749000,4578,-3809,310,-172,863,-78025,24874,7424,-24880,-12204,480,-2999,0
55801000,-34,-2618,-35,63,371,-87363,14315,4128,-15,-7976,480,-39,-39
55849000,-3034,-2194,25,64,1086,-69297,4183,344,7952,-6696,599,0,0
55901000,-4557,-2274,-363,-19,-941,-36765,-4239,-815,13673,-7062,720,0,-80
55949000,-4389,-2364,30,-79,866,-15097,-14249,-2585,13486,-7097,480,0,-39
56001000,-3323,-2698,-121,86,-46,3090,-18765,-2890,9969,-8214,480,0,-39
56049000,-2288,-2892,-139,74,16,649,-14188,-4355,7401,-8631,599,0,0
56101000,-1533,-2583,-20,-27,571,-2646,-394,-4416,4600,-7751,599,0,0
56149000,-800,-2331,68,-134,938,5348,-4483,-3867,2806,-7147,480,0,-39
56201000,89,-2290,-12,-33,-100,4494,-6314,-3562,-267,-5070,359,0,599
56249000,725,-1898,-61,40,1812,-2341,-3201,-571,-1979,-3067,359,0,920
56301000,858,-2318,-55,-77,172,-7834,-25357,3273,-2454,-716,359,39,2079
56349000,672,-2967,12,13,825,-12351,-17423,3823,-872,-1050,480,439,2520
56401000,305,-3552,-84,120,772,-14426,-20596,2236,3884,-2017,-960,1600,2880
56449000,160,-3987,96,98,967,-13449,-29630,1809,7279,-3057,-4679,2600,2880
56501000,301,-4014,-77,-2,1182,-4172,-18216,5898,9294,-3523,-13680,3399,2839
56549000,484,-3833,-8,-40,1541,-1975,-16995,10353,9077,-3170,-15480,3480,2799
56601000,854,-3919,-237,0,-47,5165,-23526,12856,7995,-4679,-19920,3520,2360
56649000,1300,-3862,38,77,890,7729,-9610,13161,5675,-7561,-20280,3120,1400
56701000,1696,-3342,53,4,1232,8583,-6741,14687,2590,-6308,-21839,2560,1240
56749000,2055,-3109,-139,-15,1515,9377,-9671,17922,-1908,-7032,-21720,1359,799
56801000,2145,-2677,-69,67,1271,5654,-2286,17373,-6437,-8032,-22680,0,0
56849000,2081,-2221,-388,189,-325,1442,-394,20363,-6153,-7074,-22680,39,-39
56901000,1703,-1950,81,102,113,-8078,-8878,19631,-5110,-5970,-23999,0,-39
56949000,1118,-2081,92,-87,810,-12351,-14005,22011,-3668,-6191,-23999,0,0
57001000,487,-2115,-101,-90,1372,-11008,-7718,22438,-1222,-6345,-23999,79,0
57049000,66,-1926,-43,16,625,-4050,-4056,21645,4635,-5967,-23999,1640,-39
57101000,229,-1823,-231,-1,230,3639,-7901,21340,6631,-5470,-19320,2439,0
57149000,448,-1336,41,-175,707,2175,-3262,20974,13402,-4353,-12479,4879,0
57201000,651,-558,224,-8,1305,7973,1986,15053,23605,-1675,-719,8520,0
57249000,1308,-517,66,-186,1439,20363,-11868,8400,30420,-1869,480,11320,-160
57301000,2372,-1007,9,121,578,29701,-11746,8217,30921,-5423,480,12679,-800
57349000,3052,-1055,4,-23,29,27626,3450,7424,29167,-5672,599,12679,-800
57401000,3969,-774,0,-116,606,40749,-272,7058,26011,-4482,599,12639,-720
57449000,5033,-903,122,-9,1067,42519,-4361,7790,23198,-4708,599,12600,-679
57501000,5779,-958,81,-74,1240,37392,1986,7119,22382,-4796,480,13239,-640
57549000,6202,-873,5,120,1186,38002,6014,6691,21345,-4863,599,13239,-720
57601000,6441,-912,260,11,1402,31044,704,7485,22315,-6577,599,13880,-1280
57649000,6545,-1231,50,-90,666,34584,-6680,8034,23164,-7680,599,14240,-1399
57701000,6694,-1726,54,124,1796,34096,-9427,8034,22275,-8540,599,14119,-1119
57749000,6993,-2129,-202,8,906,43617,-13761,7119,21827,-9631,480,14200,-1160
57801000,7491,-2751,130,-64,570,41969,-13883,6447,20005,-11974,480,14159,-1239
57849000,7267,-3082,177,168,1466,20546,-12784,6325,20578,-13205,599,14200,-1360
57901000,6828,-3240,208,49,657,26711,-1065,4982,22113,-14880,480,14200,-1720
57949000,6779,-2571,-65,103,2000,25978,18892,7912,22222,-14089,240,14200,-1959
58001000,6572,-1668,-1,-223,1089,25429,8883,7729,22643,-12325,240,14119,-2439
58049000,6446,-1039,-213,-167,2201,16091,19808,6813,16172,-12932,359,11879,-3120
58101000,6113,-347,234,-155,216,13771,7296,6874,10219,-12083,359,9519,-3680
58149000,5670,-448,73,-122,1112,14931,-9000,8217,11291,-14344,240,9480,-4400
58201000,5943,-670,46,118,1754,45876,12300,8461,10610,-16171,240,9480,-4720
58249000,6994,-92,51,61,588,47585,11202,4616,7821,-14418,240,9440,-4640
58301000,7307,28,-189,25,0,12673,9432,4921,6516,-13234,359,9480,-4440
58349000,6350,33,-291,20,520,-6369,3756,3884,8028,-12001,480,9240,-4040
58401000,4981,-11,213,-31,732,-8994,8821,1625,8576,-8675,480,7839,-2879
58449000,4028,-31,291,100,535,-2524,6868,283,5103,-4306,359,5840,-1440
58501000,3623,-540,56,187,1873,-4172,-333,283,-10989,-1741,119,-39,-39
58549000,2549,-512,346,166,762,-24253,4183,2846,-8331,-1740,-1440,0,-39
58601000,1410,-1015,-154,-181,1478,-17356,-13761,1992,-4231,-3285,-1919,0,-80
58649000,510,-956,-3,-179,1329,-27243,17000,2968,-2113,-3315,-4800,0,-39
58701000,-625,-663,-21,5,2048,-26328,-8450,7607,1757,-2109,-13439,-39,-39
58749000,-1091,-1194,278,331,1321,-19553,2230,11635,3226,-3728,-14760,39,-80
58801000,-1407,-750,-135,238,1532,-21262,16878,12490,4223,-2491,-19440,0,-80
58849000,-1530,-760,9,-52,323,-20163,-3507,15602,4511,-2332,-25440,0,-80
58901000,-1692,-654,134,274,587,-24985,16634,21218,5078,-2204,-28439,0,-80
58949000,-1785,-429,60,71,773,-23948,460,23232,5325,-1308,-30119,0,-39
59001000,-1772,-713,207,173,912,-28342,6258,23903,5317,-2379,-30360,0,-80
59049000,-1865,-397,107,48,1434,-28220,14681,24453,5527,-1577,-30239,0,-80
59101000,-1690,-615,-35,-70,360,-24741,-211,23781,5070,-1966,-25799,0,-39
59149000,-1674,-841,45,194,2058,-28586,10897,21218,4250,-2507,-24960,-240,0
59201000,-1835,-700,279,252,2201,-30356,15047,19387,4545,-2102,-9599,-319,0
59249000,-2015,-619,212,-62,607,-29929,14437,13039,2988,302,240,-1000,720
59301000,-2103,-558,105,75,1201,-26267,16207,4494,3310,8164,359,-1000,3280
59349000,-2053,-613,-126,164,376,-26694,10958,2724,5003,13480,480,-399,5079
59401000,-1904,-1007,-123,-18,1824,-26450,-2835,954,5714,17976,480,0,7000
59449000,-1759,-1724,56,177,1174,-28586,-8634,771,5316,17292,599,0,7360
59501000,-1683,-2586,104,175,1494,-25534,-9732,893,5050,14081,480,0,7279
59549000,-1628,-3258,77,26,501,-23337,-9488,-937,4924,13819,480,0,7760
59601000,-1329,-3751,-121,109,1130,-17661,-8512,-1181,3987,15146,480,0,8800
59649000,-859,-4111,27,88,-12,-17661,-11197,-1486,2811,15906,480,0,9360
59701000,-338,-4414,44,62,358,-16501,-9671,-754,895,17357,480,-39,10200
59749000,83,-4459,27,169,-13,-15769,-11807,-266,-78,17249,599,0,10200
59801000,495,-4519,-314,108,-22,-14853,-12235,-693,-1486,16680,599,0,10079
59849000,870,-4462,-89,18,733,-14731,-10159,-2097,-2293,15595,359,39,9679
59901000,1222,-4496,179,161,1667,-12290,-10343,-2646,-3666,14470,359,0,9320
59949000,1363,-4543,218,-102,1539,-8994,-5643,-2402,-3691,14366,480,120,9320
60001000,1423,-4675,211,21,1608,-5027,-3507,-3134,-1030,12974,480,1080,9000
60049000,1384,-4888,181,138,2201,-4599,-5338,-3623,2068,11865,480,2079,8800
60101000,1377,-5003,-78,53,-509,-4416,-1920,-3745,4387,10548,480,2839,8520
60149000,29,-150,-5210,6940,9050,480,4319,7679,,,,,
60249000,2446,-4495,156,-139,1783,8156,3878,-6918,5893,9579,480,4360,7720
60301000,2840,-4235,86,41,707,9987,4061,-7285,5997,8892,359,4839,7200
60349000,3097,-4151,171,-101,959,6386,1253,-6980,6644,6987,240,5280,6480
60401000,3284,-4013,-31,-35,1299,7851,6380,-8383,7667,7520,240,5840,6519
60449000,3422,-3626,329,163,740,7607,7479,-7895,8050,8800,359,6080,6600
60501000,3669,-3411,80,-76,1313,13222,4000,-7041,7231,9926,359,6080,6719
60549000,3918,-3443,217,29,1142,16396,5831,-7651,6255,9998,240,5959,6760
60601000,4003,-3663,196,12,1950,9438,4976,-6491,5869,10130,-960,5959,7040
60649000,3874,-3613,164,156,1599,6630,11812,-5332,6200,10073,-960,5959,7000
60701000,3712,-3583,223,32,2201,8034,4976,-6064,6741,10248,-1679,5959,7000
60749000,3670,-3639,0,-29,856,8278,12239,-7163,7520,10390,-2879,6199,7119
60801000,3580,-3403,35,-190,1786,6508,6624,-5820,10497,11268,-2760,7079,7160
60849000,3379,-3678,26,328,1514,5348,399,-5026,13396,10595,-2879,7880,7160
60901000,3198,-3505,115,210,1246,5165,16085,-6003,16804,10723,-2640,8800,7079
60949000,3463,-3060,168,120,-38,13771,14864,-3623,17174,12109,-2399,9119,7119
61001000,4134,-3015,55,83,-256,22377,9432,-4599,15557,12193,-1919,9320,7079
61049000,4516,-2986,103,106,-134,12734,11385,-3134,15198,11912,-2040,9560,6960
61101000,4541,-2982,88,-60,346,5715,9310,-1303,18175,10372,-2399,10599,6440
61149000,4413,-2959,163,-194,1729,6508,10347,466,18903,10292,-2760,10760,6400
61201000,4363,-2976,146,81,1038,10414,8944,1686,19189,10270,-3120,10760,6400
61249000,4463,-3104,124,60,-271,14198,5892,2480,18820,9729,-2879,10720,6319
61301000,4579,-3277,57,160,3,14382,5892,2297,18900,9127,-2879,10880,6319
61349000,4631,-3481,71,173,1164,14504,2596,1809,19726,8608,-3120,11199,6319
61401000,4771,-3704,130,-46,1489,18593,4732,2236,19886,6887,-3120,11400,5999
61449000,5163,-3814,72,-99,1594,24208,4732,2846,20641,6528,-3599,11960,5959
61501000,5594,-3894,182,-182,1210,23354,8333,5593,19216,6197,-3599,12000,5959
61549000,5999,-3459,76,7,913,28481,14986,5898,18137,7614,-3959,11960,6080
61601000,6413,-3309,214,5,701,27138,704,6020,16998,8192,-3840,12080,6040
61649000,6650,-3679,89,169,1544,21462,2291,6020,17793,6921,-3840,12560,5959
61701000,6706,-3421,197,113,2002,19814,10103,7241,17559,7135,-3959,12560,5799
61749000,6725,-3202,186,189,2013,21523,5648,6691,17665,6525,-4200,12600,5399
61801000,6609,-3168,-56,92,1196,18288,6746,6691,17850,6454,-4079,12560,5320
61849000,6583,-3047,5,141,1414,21523,6502,5898,16175,7402,-4079,11960,5520
61901000,6614,-3100,-37,9,1943,21523,1436,5654,10637,8938,-5280,10160,6080
61949000,6460,-3198,138,121,15,12551,32,6569,3679,10789,-5520,7720,6760
62001000,5700,-3450,99,73,-155,466,-5277,4738,899,10887,-5639,5999,7079
62049000,5012,-3801,186,-60,1187,-7468,-6925,3640,-2566,12123,-5520,4279,7799
62101000,4278,-4015,138,156,2201,-8261,-4483,1686,-5396,15672,-5520,2479,9240
62149000,3690,-4254,64,100,2201,-9116,-9305,1870,-5107,17774,-5520,2079,10120
62201000,3019,-4883,153,-116,712,-19980,-16446,1381,-3778,19548,-5520,1760,11400
62249000,2250,-5537,106,30,396,-19675,-19925,1809,-1965,18385,-5639,1719,11559
62301000,1656,-6318,261,47,1117,-15830,-24442,2907,551,15844,-6000,1840,11600
62349000,1470,-6885,188,172,1187,-12168,-19071,3884,1395,14340,-6120,1960,11600
62401000,1449,-7237,-28,97,759,-8384,-20230,4006,2011,13088,-6120,2119,11600
62449000,1467,-7659,12,24,371,-9970,-21085,2907,2937,11983,-6239,2439,11600
62501000,1432,-7694,146,13,2065,-10215,-14310,3029,4701,10996,-6359,2999,11359
62549000,1471,-7716,80,-35,1214,-8567,-18887,3701,5434,10360,-6239,3280,11160
62601000,1574,-7814,-175,180,649,-7773,-15653,2541,5477,9316,-6359,3399,10920
62649000,1596,-7521,213,308,899,-10276,-11868,3456,6340,9915,-6480,3719,10880
62701000,1675,-7360,448,147,877,-9055,-13089,3518,6853,10558,-6480,3959,10880
62749000,1827,-7380,125,74,-214,-7834,-10892,3273,6322,10242,-6600,3919,10799
62801000,2017,-7389,28,160,-165,-9299,-11624,3823,4987,9390,-6600,3680,10520
62849000,1995,-7248,162,142,797,-15891,-6680,2175,4229,9343,-6480,3440,10400
62901000,1779,-7020,253,161,721,-19614,-5826,2175,5102,9659,-6480,3480,10240
62949000,1532,-6896,169,55,968,-20652,-8267,2907,5794,10135,-6480,3520,10280
63001000,1378,-7039,142,130,517,-18515,-10648,4189,6303,9722,-6480,3480,10280
63049000,1323,-7164,48,-140,1943,-21262,-10648,4677,6480,9252,-6600,3480,10240
63101000,1290,-7215,-60,57,1530,-18149,-11075,4982,6569,8474,-6600,3480,10039
63149000,1383,-7197,184,80,-372,-16379,-9183,5471,6197,7199,-6480,3440,9600
63201000,1631,-6967,-5,45,1848,-12290,-2774,5471,5665,7777,-6359,3520,9560
63249000,1896,-6726,78,-103,199,-9055,-5277,5471,4904,8548,-6359,3480,9600
63301000,2266,-6597,89,147,1253,-5942,-6558,4982,6039,8886,-8160,4279,9560
63349000,2519,-6490,214,208,926,-9726,-6253,9194,10765,7376,-10920,6080,8959
63401000,2850,-6418,173,172,1523,832,-4971,11391,12688,6905,-11279,7079,8719
63449000,3326,-6386,127,205,1954,6142,-1798,10842,11433,6847,-11040,7040,8680
63501000,3931,-6266,132,261,1182,11330,32,10659,11485,6760,-11160,7760,8520
63549000,4422,-6080,-97,57,828,10903,1253,10231,12354,4361,-11160,8480,7560
63601000,4749,-5882,197,148,184,5348,2474,9865,14312,2512,-10679,9519,6719
63649000,4918,-5597,366,74,357,3700,8883,8095,15759,2815,-9719,10160,6600
63701000,5114,-5316,245,-139,1857,7057,13094,7424,15015,3851,-8999,10120,6600
63749000,5406,-5149,139,120,1734,16335,10408,6752,11821,4061,-7319,9280,6519
63801000,5633,-4942,131,-134,1213,12917,11812,3151,10338,4853,-4800,9080,6559
63849000,5523,-4531,125,171,1570,9499,14742,2358,10476,5887,-4559,9040,6559
63901000,5203,-4261,329,-37,1201,2236,11873,1076,11510,6295,-4200,9040,6359
63949000,4976,-4175,142,-12,-590,6325,11568,-83,12151,6554,-4320,9040,6359
64001000,5221,-4312,126,106,1674,13405,6014,283,11454,6262,-4440,9040,6400
64049000,5759,-4641,8,-7,2192,19814,2779,344,10425,5362,-4559,9119,6359
64101000,6304,-5069,167,-12,983,18471,3633,-83,8566,3990,-4559,9159,6400
64149000,6524,-5205,177,-115,224,14626,9981,-815,8302,3598,-4679,9280,6400
64201000,6458,-5187,222,117,-442,4616,12789,-937,10145,3636,-5400,9840,6400
64249000,6290,-5233,-64,12,356,4860,6197,-205,11281,3657,-5520,10079,6440
64301000,6272,-5405,303,-17,1119,8461,5953,-327,11662,3102,-5400,10160,6440
64349000,6360,-5505,87,-43,301,16091,10042,1442,11567,2773,-5280,10200,6440
64401000,6631,-5300,256,204,468,19692,13765,2419,10704,3659,-5280,10200,6519
64449000,6834,-5155,221,-10,975,13039,13094,3334,10122,3987,-5520,10200,6519
64501000,6552,-5088,298,-14,2201,4616,10347,3762,10823,4174,-5639,10160,6480
64549000,6193,-5029,155,99,343,11574,14559,3762,12214,4183,-5759,10280,6440
64601000,6296,-4868,128,85,2201,22194,13216,4067,12069,4595,-5639,10320,6400
64649000,6475,-4786,158,174,1482,19081,10530,5227,11712,4931,-5639,10360,6440
64701000,6389,-4811,131,18,32,11818,11934,5104,11670,4765,-5400,10280,6400
64749000,6407,-4858,140,81,1000,6081,14803,4921,11478,4716,-5400,10240,6440
64801000,6408,-4973,63,189,669,8278,8638,4738,11375,4398,-5400,10200,6440
64849000,6767,-5155,90,18,552,18776,7296,5349,10157,3625,-5280,10079,6359
64901000,7083,-5146,85,177,1713,14260,8516,5227,6470,3879,-4920,9240,6440
64949000,6895,-5118,130,16,1812,3517,11568,5165,2129,3922,-4559,7679,6440
65001000,6269,-5017,238,116,1694,-2890,13765,4982,2430,4268,-4200,7079,6440
65049000,5620,-5057,271,96,328,-3379,7601,5837,2097,4262,-4559,6440,6440
65101000,5153,-5437,133,81,62,-1853,6563,4677,3019,3126,-5520,6159,6480
65149000,4746,-5422,156,212,1028,-449,8638,4250,3248,3412,-5400,5880,6559
65201000,4538,-5659,97,118,553,-2341,-638,4799,-535,5701,-5280,4360,7560
65249000,4402,-6007,132,85,1266,-3257,-577,4555,-4277,8164,-5280,2999,8680
65301000,4219,-6250,106,162,735,-5759,-3324,5898,-8579,7647,-5400,1359,8800
65349000,3796,-6805,163,219,324,-19126,-8267,6142,-10045,5951,-5639,559,8680
65401000,3056,-7099,184,26,370,-29990,3084,7424,-9170,3300,-5639,0,8199
65449000,2223,-6896,198,17,792,-24619,5709,6264,-7003,3065,-5639,0,7960
65501000,1945,-6929,101,119,1211,-10825,-4361,8767,-5715,1891,-5639,39,7560
65549000,1828,-6914,264,104,-429,-16257,582,7790,-7530,1923,-5639,-640,7560
65601000,1619,-6697,-36,-42,159,-18027,521,8583,-8699,1867,-5639,-1280,7320
65649000,1555,-6581,86,-23,-242,-18149,-1370,7790,-8936,2135,-5520,-1399,7320
65701000,1471,-6266,192,72,1534,-21079,-1676,7973,-8975,3041,-5159,-1519,7279
65749000,1329,-6025,313,43,1206,-17051,-5216,6874,-8919,3837,-4559,-1640,7320
65801000,1358,-5963,61,-33,947,-16318,-3385,6630,-11756,4788,-3720,-2560,7560
65849000,1257,-5801,102,132,1048,-19797,-3018,7912,-12851,7641,-2999,-2999,8360
65901000,1072,-5904,-128,-58,1399,-18760,-14066,5471,-13777,10245,-2279,-3520,9320
65949000,937,-6314,-175,-53,1048,-20957,-14920,4921,-13440,9819,-2279,-3520,9519
66001000,836,-6628,146,117,1230,-18332,-13761,4677,-13070,8674,-2399,-3520,9519
66049000,861,-7154,172,148,939,-16501,-15775,4250,-12881,7222,-2279,-3439,9480
66101000,1073,-7439,-69,52,-647,-16257,-9793,4555,-11020,5402,-1440,-2600,9240
66149000,1328,-7474,139,-155,2077,-13755,-8328,4067,-4864,2181,-1319,-319,8199
66201000,1489,-7390,-56,-55,1260,-6736,-7657,2968,-4707,-212,-1440,-80,7320
66249000,1799,-7033,-65,-32,328,-4355,-2225,2663,-5213,-359,-1440,0,7000
66301000,2167,-6541,141,202,951,-7163,-1126,3579,-6503,-903,-1319,0,6240
66349000,2393,-6268,126,144,201,-7468,-2774,4128,-7127,-683,-1440,0,6080
66401000,2418,-6070,71,19,483,-10337,-2713,3945,-7254,-1530,-1440,0,5560
66449000,2289,-5923,-139,79,1214,-9665,-3079,3640,-6864,-2977,-1440,0,4960
66501000,2392,-5591,121,25,332,-5881,-2652,3212,-7177,-4055,-1199,0,4240
66549000,2648,-5094,199,68,814,-3928,-28,2785,-7807,-3582,-239,0,4000
66601000,2920,-4482,105,234,-311,-5454,3206,2419,-8761,-2767,0,0,3559
66649000,3104,-4372,-100,77,-323,-3257,-2408,2480,-9214,-3368,240,0,3239
66701000,3218,-4288,208,90,703,-4660,-1737,1686,-9655,-3625,240,0,3080
66749000,3225,-4153,215,218,618,-5454,2352,2236,-9705,-2994,240,0,3159
66801000,3245,-4069,133,6,1827,-3623,93,1870,-9736,-2727,240,0,3159
66849000,3185,-4025,244,-196,1812,282,-1370,466,-9579,-3521,240,0,2839
66901000,3158,-4139,199,253,1354,2846,93,1259,-9476,-4859,359,0,2520
66949000,3219,-4265,18,143,917,2236,826,466,-9744,-6644,359,-39,2040
67001000,3233,-4286,249,-121,1816,1747,3450,588,-9699,-8779,359,0,1359
67049000,3229,-4223,17,16,331,1869,6929,1015,-9688,-9363,480,0,1119
67101000,3231,-4044,26,2,451,-1059,8333,588,-9815,-8774,480,-39,1119
67149000,3026,-3985,134,-49,47,-3073,6258,954,-9221,-10404,480,0,520
67201000,2919,-3862,185,18,-18,-449,12362,344,-8757,-11707,359,0,-39
67249000,2957,-3455,57,-9,860,6142,19564,344,-8818,-10595,480,0,0
67301000,3259,-3104,119,61,1633,13588,13765,-205,-9898,-9312,480,-39,0
67349000,3564,-3117,69,17,1754,10536,7845,-1364,-10688,-9430,480,-39,-39
67401000,3601,-3197,177,1,1926,7424,12362,-1059,-10685,-9713,480,39,-39
67449000,3596,-3107,243,11,1432,6203,15718,405,-10848,-9477,480,0,-39
67501000,3555,-3085,75,85,-15,4494,9859,1259,-10666,-9375,480,0,-39
67549000,3482,-3335,-147,-23,-41,5654,4061,222,-10601,-9819,480,-39,0
67601000,3541,-3711,-11,-150,731,13222,3817,-754,-10623,-11134,599,0,0
67649000,3860,-3816,52,-84,1225,17189,8821,-1608,-11297,-11595,480,39,-39
67701000,4064,-3714,85,126,1029,14260,10103,-632,-12193,-11264,480,0,-39
67749000,4166,-3656,26,44,1145,11208,10042,-327,-12476,-11135,480,0,-39
67801000,3941,-3634,11,23,1638,6447,6136,-327,-11825,-11022,359,0,-39
67849000,3675,-3646,-51,-86,2201,5165,8638,-388,-11123,-10995,359,0,0
67901000,3398,-3398,-28,-82,704,6691,10347,-205,-10194,-10195,359,0,0
67949000,3365,-3402,14,-166,1811,9010,3572,-1364,-10068,-10276,240,0,-39
68001000,3297,-3546,-55,-170,1545,7973,4610,-1364,-9772,-10760,359,39,-39
68049000,3292,-3386,153,-195,181,8522,8211,-693,-9886,-10233,359,0,0
68101000,3271,-3488,-34,89,941,10781,-28,-1608,-9935,-10465,480,-39,0
68149000,3166,-3586,124,24,506,8400,4488,-876,-9587,-10858,359,0,-39
68201000,3028,-3660,34,11,682,10536,2901,-571,-9086,-11101,480,0,-39
68249000,3098,-3809,-166,41,-4,13100,-821,-1547,-9189,-11486,359,0,-39
68301000,3228,-3816,24,-135,439,11086,704,-2097,-9684,-11569,359,0,-39
68349000,3179,-3814,-89,14,522,5715,-760,-1731,-9749,-11441,480,-39,0
68401000,2974,-3734,130,103,-679,2907,-1431,-1547,-8922,-11204,480,0,0
68449000,2827,-3737,282,189,704,1320,-455,-1853,-8671,-11305,599,-39,-39
68501000,2757,-3691,-134,-20,462,3090,-2164,-1608,-8153,-11193,480,39,-39
68549000,2677,-3559,52,-140,311,-1975,1925,-1853,-8098,-10872,480,0,-39
68601000,2440,-3626,140,-134,1528,-2524,-4239,-1425,-7322,-10999,480,0,-39
68649000,2166,-3765,84,82,732,-5454,-760,-1303,-6652,-11296,480,0,0
68701000,1945,-3520,74,-75,1370,-3196,3145,-571,-5957,-10560,599,-39,0
68749000,1829,-3445,-200,-72,1342,-2768,-1798,-998,-5533,-10400,359,0,-39
68801000,1764,-3445,-160,-94,567,-1303,643,-571,-5174,-10456,480,39,-39
68849000,1799,-3189,-99,-11,845,-2402,765,39,-5382,-9805,480,0,-39
68901000,1747,-3149,-45,67,2157,-5393,-577,-388,-5243,-9568,480,0,-39
68949000,1594,-3192,-47,58,1976,-5515,-2347,-449,-4853,-9545,599,0,0
69001000,1505,-3260,173,-49,1825,-2097,-6558,-1120,-4515,-9781,480,0,0
69049000,1530,-3336,78,120,316,-1670,-2957,-1425,-4468,-10136,359,39,-39
69101000,1534,-3378,35,-42,1865,-5332,-6619,-693,-4483,-10255,480,39,-39
69149000,1461,-3469,172,-132,943,-5881,-7840,-1486,-4426,-10388,480,0,0
69201000,1394,-3465,48,36,758,-4905,-6009,-1669,-4184,-10397,480,0,0
69249000,1409,-3561,154,217,-96,-3135,-8023,-1853,-4318,-10725,480,-39,-39
69301000,1462,-3747,-131,-21,-258,-4599,-9366,-1914,-4388,-11361,599,0,-39
69349000,1355,-3859,-85,12,132,-8384,-8145,-2585,-4193,-11629,359,0,-39
69401000,1222,-3909,125,56,2201,-7895,-7230,-2341,-3668,-11848,480,0,-39
69449000,1190,-4047,-142,47,1165,-6125,-10282,-3073,-3523,-12067,599,0,0
69501000,1108,-4091,266,128,2201,-7956,-6436,-3317,-3324,-12273,480,0,0
69549000,997,-4150,148,21,1430,-4599,-10709,-2402,-2994,-12484,599,0,-39
69601000,995,-4340,274,-31,1093,-3257,-7291,-3501,-2987,-13142,599,0,-39
69649000,991,-4390,104,90,17,588,-4483,-2707,-2922,-13250,480,0,-39
69701000,1313,-4467,-145,-107,1519,5776,-7108,-3317,-3940,-13521,480,0,-39
69749000,1666,-4254,-56,64,291,2785,-3018,-2341,-4936,-12942,480,-39,0
69801000,1959,-4011,-51,168,484,1015,-8939,-2280,-5879,-12035,480,0,0
69849000,2027,-4166,-131,2,156,-4050,-9793,-1059,-6101,-12542,480,0,-39
69901000,2003,-4071,106,243,2201,-3867,-6314,-754,-5891,-12335,480,39,-39
69949000,1940,-3978,-215,43,1288,-3989,-9976,405,-5858,-12072,480,0,-39
70001000,1839,-3930,214,-8,964,-5088,-6619,1015,-5638,-11910,480,-39,-39
70049000,1747,-3770,-117,144,368,-6247,-6070,2419,-5261,-11391,599,0,0
70101000,1690,-3815,209,200,1241,-2585,-10770,2602,-5071,-11567,599,0,-39
70149000,1862,-3718,124,-27,1700,1137,-2469,4189,-5463,-11424,480,0,-39
70201000,1957,-3464,37,95,1770,-3684,-4910,4799,-5873,-10514,480,0,-39
70249000,1853,-3473,-170,50,1643,-5881,-9549,5104,-5748,-10399,480,-39,0
70301000,1573,-3490,-187,133,1314,-10215,-5460,4433,-4721,-10471,480,0,0
70349000,1372,-3314,-155,24,52,-9543,-4849,5165,-4302,-10153,599,-39,-39
70401000,1441,-3029,-98,19,1293,-3562,-3873,5043,-4443,-9208,480,-39,-39
70449000,1623,-2787,56,53,-286,-1487,-1554,4006,-4753,-8572,480,0,-39
70501000,1868,-2607,29,-80,427,-5332,-6253,5043,-5606,-7943,480,0,-39
70549000,1709,-2667,134,60,903,-16013,-6680,3395,-5280,-7979,599,0,0
70601000,1388,-2596,139,-74,1107,-13266,-2347,4128,-4166,-7789,480,0,0
70649000,1383,-2527,123,175,487,-6003,-5033,3579,-3976,-7687,359,39,-39
70701000,1381,-2549,30,85,1215,-9238,-1798,4067,-4143,-7769,480,0,-39
70749000,1232,-2316,-126,-123,667,-11374,4305,4006,-3788,-7190,480,0,-39
70801000,1092,-2265,106,-3,995,-10825,-1676,4555,-3277,-6916,480,0,-39
70849000,1016,-2318,-33,77,887,-8994,-211,4433,-3057,-6930,480,0,0
70901000,968,-2398,155,-166,1178,-11069,-4727,4616,-3025,-7195,599,-39,0
70949000,789,-2512,325,7,1365,-12473,-211,5593,-2464,-7612,359,0,-39
71001000,823,-2490,-145,159,90,-388,1192,6447,-2469,-7590,480,0,-39
71049000,1160,-2508,-62,-7,517,2724,-2652,7058,-3322,-7469,599,0,0
71101000,1416,-2401,148,28,117,-1548,3878,7485,-4368,-7203,480,-39,0
71149000,1391,-2261,79,-16,525,-5210,2535,8583,-4209,-6929,599,0,-39
71201000,1471,-2221,-139,12,77,-2829,4488,8767,-4414,-6783,480,0,-39
71249000,1534,-1951,73,5,261,-1609,7235,7851,-4548,-6101,480,0,-39
71301000,1684,-1881,167,130,1015,-998,1802,8095,-5053,-5764,480,0,-39
71349000,1583,-1943,59,-161,1543,-5942,-699,7729,-4877,-5795,480,0,0
71401000,1446,-1994,-21,56,1915,-1548,3328,7180,-4338,-5983,480,0,0
71449000,1432,-1952,-106,101,682,1015,4122,8034,-4304,-5938,599,0,-39
71501000,1646,-1817,-56,-181,1081,10231,6136,7363,-4939,-5573,359,0,-39
71549000,2122,-1714,75,147,738,13710,1619,5349,-6210,-5255,480,-39,-39
71601000,2571,-1599,192,73,322,10109,-211,6569,-3873,-4919,480,1280,-39
71649000,2800,-1447,197,107,2201,10903,6563,7607,1880,-4376,480,3399,0
71701000,2771,-1475,-139,-75,375,9621,7784,7058,11725,-4425,599,6680,0
71749000,3017,-1612,142,56,-953,21889,1863,5776,12702,-4806,359,7160,-39
71801000,3923,-1706,80,-113,69,33058,3267,4738,14748,-5238,480,8840,-39
71849000,4564,-1375,207,166,1591,27748,8760,6203,13987,-4300,599,9159,0
71901000,5035,-1356,-212,-70,1383,30312,2108,5532,15372,-4068,480,10160,0
71949000,5426,-1301,138,-4,-240,29823,6502,4189,14548,-4128,480,10200,-39
72001000,5628,-1055,82,-38,381,28298,13948,6386,13475,-3167,599,10120,0
72049000,5588,-1201,55,-36,1310,22133,-1859,3518,13757,-3063,359,10200,120
72101000,5432,-1837,-16,76,1443,22072,-1554,5165,11782,-5153,480,9360,120
72149000,5228,-1855,73,77,-1083,19936,9798,4189,10054,-5062,480,8599,199
72201000,5083,-1688,195,133,1100,21034,5098,3945,6590,-1346,720,7279,1240
72249000,4965,-1793,232,112,2201,16152,2230,2663,5963,274,1080,7000,1879
72301000,4651,-1845,-194,0,1975,15358,3450,2602,7166,5502,1199,7040,3680
72349000,4282,-2050,-116,22,-307,11208,-5643,2724,8106,7459,1199,7040,4479
72401000,3712,-2469,2,61,-350,5898,-9427,1198,9981,6271,1080,7040,4560
72449000,3428,-2752,208,183,345,9621,-11014,1381,10846,6663,1080,7079,4920
72501000,3468,-3050,-141,126,2198,13832,-12418,-693,10594,6809,1080,7000,5320
72549000,3358,-3185,-286,2,1269,10414,-13516,-266,10399,8137,959,6840,5880
72601000,3105,-3355,-152,121,1036,8034,-13699,-1547,6523,10693,959,5280,6919
72649000,3095,-3605,-186,98,1583,8034,-18399,405,5706,10708,1080,5000,7119
72701000,3059,-3925,-27,0,1100,2236,-17117,1381,5341,9584,1080,4839,7119
72749000,2886,-4111,15,-91,477,-3257,-14005,222,5864,8999,1080,4879,7079
72801000,2724,-4244,-56,14,2201,-1975,-16202,954,4906,8266,959,4360,7000
72849000,2571,-4402,58,-23,307,-3318,-14127,344,4814,7858,959,4200,7000
72901000,2343,-4481,-56,24,134,-7834,-11319,893,-69,7676,959,2320,7040
72949000,2068,-4520,-270,102,359,-12046,-13822,1442,-268,8240,1080,2000,7279
73001000,1879,-4484,239,165,1230,-13083,-10892,588,242,9107,1080,1960,7520
73049000,1656,-4471,-133,93,1874,-14365,-12601,1625,696,9267,1080,1919,7560
73101000,1264,-4547,73,-9,1513,-17356,-11258,1137,1007,9038,1080,1600,7560
73149000,974,-4517,162,235,684,-15891,-7901,1076,806,8966,959,1280,7520
73201000,794,-4540,-39,-51,615,-13755,-11624,1870,-1303,8939,959,360,7520
73249000,617,-4555,172,26,1392,-16379,-6131,1259,-1870,9002,839,39,7560
73301000,343,-4487,105,110,855,-16684,-8634,2358,-909,9098,1080,39,7520
73349000,194,-4601,4,-36,1810,-16074,-9610,2480,-521,8670,839,39,7479
73401000,92,-4485,124,194,1228,-14731,-1737,1992,-276,8864,720,0,7439
73449000,123,-4318,-79,225,543,-16013,-5338,2358,-354,9289,839,0,7439
73501000,303,-4061,130,75,980,-16562,-5887,1320,-911,10016,839,0,7400
73549000,648,-3804,181,73,1312,-15830,-4178,1076,-1822,10247,959,0,7240
73601000,783,-3878,-59,-9,832,-13633,-5948,1564,-2350,9964,839,0,7200
73649000,803,-3908,0,152,27,-14548,-3629,1137,-2275,9515,839,39,7079
73701000,1081,-3740,-72,233,397,-13022,-2652,1503,-2405,8339,839,280,6519
73749000,1772,-3454,153,12,1083,-11313,-1859,1442,-2808,7514,720,720,5999
73801000,2542,-3299,-306,172,-630,-11557,643,2541,-4267,6421,839,1119,5439
73849000,3129,-3029,-85,-56,1468,-11435,1375,2297,-5437,6636,599,1280,5280
73901000,3332,-2820,0,-53,1771,-10337,3756,1992,-3156,5577,359,2279,4679
73949000,3276,-2689,83,64,1261,-11985,5587,2602,-2976,5535,599,2320,4560
74001000,2942,-2642,249,-78,1386,-12717,6380,2602,653,5152,599,3159,4360
74049000,2685,-2564,123,12,913,-8384,5770,2358,2778,4289,720,3640,4000
74101000,2610,-2584,106,29,1263,-4538,5709,2785,4888,3647,720,4240,3800
74149000,2644,-2558,128,211,931,282,8760,3640,5100,2247,599,4319,3320
74201000,2871,-2513,-90,-99,2043,6203,9188,3884,5786,1820,359,4800,3120
74249000,3091,-2537,-30,-228,1880,5715,10714,2968,9179,1897,599,6120,3159
74301000,3327,-2526,72,-99,712,9987,11263,3212,10898,1421,599,6960,2999
74349000,3584,-2629,4,101,515,12306,9188,3212,10619,1079,599,7079,2960
74401000,3803,-2844,-73,-23,2147,14504,10530,2480,9830,586,599,7079,3039
74449000,3988,-2963,-37,-124,507,14626,9310,1686,9252,412,599,7040,3080
74501000,4135,-3062,193,-119,1025,15541,9554,1686,8353,1732,599,6919,3640
74549000,4211,-3029,68,-14,671,11757,12667,1931,5478,3212,599,6040,4119
74601000,4182,-3042,-170,74,996,11086,4183,2541,2933,4311,599,5160,4479
74649000,4067,-3270,262,31,1298,10048,3450,2419,3302,3913,599,5200,4519
74701000,3955,-3538,73,-20,404,10597,6502,2602,3612,2824,599,5160,4479
74749000,3870,-3752,86,-70,219,9377,4549,1076,3717,2155,599,5120,4440
74801000,3822,-3911,170,52,1672,10964,7479,-144,4013,1824,599,5160,4519
74849000,3746,-3866,-117,-122,78,11818,9371,710,5998,1791,599,5759,4479
74901000,3679,-3899,35,-44,629,13710,4305,222,6601,1981,720,5880,4560
74949000,3595,-3972,-108,112,-790,11818,7784,649,6815,1748,599,5880,4560
75001000,3619,-3878,125,52,1419,12306,8211,893,6780,1923,599,5880,4519
75049000,3695,-3788,26,179,-915,13771,6319,405,6389,2303,599,5799,4560
75101000,3803,-3724,134,46,1390,10475,8394,1564,6108,2506,599,5840,4560
75149000,3812,-3699,106,-95,1437,10170,5098,1564,5116,2234,720,5520,4440
75201000,3800,-3768,16,112,2201,8217,4000,1015,4318,2013,599,5239,4440
75249000,3696,-3683,10,-69,1458,8644,9981,1931,4201,2172,599,5120,4440
75301000,3624,-3560,0,-115,1114,11208,5953,1809,3527,2637,599,4800,4440
75349000,3669,-3628,-51,120,-480,9072,3084,1870,2457,2593,720,4479,4479
75401000,3574,-3491,15,70,1214,3639,9127,2358,2477,2845,599,4400,4440
75449000,3493,-3215,-90,0,1380,5776,5159,1747,2379,2995,480,4279,4240
75501000,3531,-3179,42,-69,1748,9743,3450,405,-393,1021,480,3399,3520
75549000,3574,-3115,-44,-63,1072,6508,9798,283,-1154,422,599,3199,3280
75601000,3340,-2980,175,212,1207,-998,4793,161,-4022,-1261,480,2000,2560
75649000,3017,-3047,-123,156,681,-4599,4793,954,-4662,-2118,480,1519,2360
75701000,2642,-2649,-14,-16,1729,-3501,9981,1137,-3727,-1349,480,1400,2200
75749000,2401,-2612,-61,-6,1881,-2402,-455,161,-4193,-2351,480,1040,1800
75801000,2031,-2847,31,-144,1686,-6797,3939,283,-3694,-3742,480,799,1600
75849000,1651,-2772,-195,-61,873,-8872,8211,405,-5120,-5540,480,0,959
75901000,1329,-2799,241,220,1734,-10642,2962,161,-3987,-8397,480,0,0
75949000,1114,-2782,-10,110,1219,-11802,11324,649,-3438,-8592,480,0,-39
2107,8944,1137,-2826,-7575,480,0,-39,,,,,,
76049000,985,-2383,242,18,1198,-9665,3817,832,-2929,-7307,480,0,-39
76101000,1014,-2178,111,125,666,-10825,10591,1870,-3043,-6536,480,0,0
76149000,974,-2334,188,26,887,-9116,4061,2053,-3038,-6921,480,-39,-39
76201000,1064,-2755,81,-74,-116,-8811,4976,2053,-3193,-8387,599,0,-39
76249000,1061,-2748,135,-86,1341,-12839,12362,1809,-3231,-8439,359,0,-39
76301000,968,-2648,-159,142,1317,-11069,4671,2419,-2905,-8064,480,0,-39
76349000,925,-2709,-99,71,869,-13083,6319,1992,-2891,-8103,480,-39,0
76401000,916,-2752,60,-28,1654,-12839,5465,1870,-2750,-8257,480,0,0
76449000,934,-3104,269,26,542,-13266,1131,1870,-2692,-9234,480,39,-39
76501000,861,-3338,200,31,1751,-17539,3633,1931,-2585,-10136,359,0,-39
76549000,803,-3386,320,-59,1085,-15708,521,1320,-2396,-10248,480,0,-39
76601000,805,-3516,139,170,555,-15708,1070,1564,-2537,-10669,480,-39,-39
76649000,765,-3412,-43,73,1301,-16684,3878,1809,-2345,-10311,599,0,0
76701000,773,-3319,-24,51,555,-12900,-211,344,-2441,-9959,599,-39,0
76749000,845,-3235,-59,270,461,-12046,3145,1137,-2381,-9900,359,39,-39
76801000,929,-3068,68,145,311,-12778,887,954,-2789,-9325,480,0,-39
76849000,1033,-3094,86,47,1355,-10947,-2713,-205,-3032,-9253,480,0,0
76901000,1122,-3059,137,56,2201,-10825,1253,100,-3366,-9177,480,0,0
76949000,1245,-3123,-101,-1,1034,-6797,-4239,-388,-3783,-9414,480,-39,-39
77001000,1330,-3179,-66,-62,951,-6552,826,-1425,-3870,-9658,599,39,-39
77049000,1375,-3104,18,-79,525,-6430,-516,-2097,-4083,-9461,599,0,-39
77101000,1490,-3029,-119,147,531,-2646,-2347,-2768,-4470,-9207,599,0,-39
77149000,1700,-2910,-39,15,1771,-998,-1492,-2463,-5113,-8796,599,-39,0
77201000,1917,-2823,93,-28,1011,1930,-8389,-2707,-5753,-8469,599,0,0
77249000,2112,-2899,133,127,1549,1015,-3873,-1731,-6292,-8831,480,0,-39
77301000,2157,-2673,210,-108,1063,-3928,-1309,-876,-6473,-8139,599,0,-39
77349000,2160,-2660,358,-40,649,-2402,-2835,-815,-6605,-7953,720,-39,0
77401000,2190,-2711,224,187,1776,-1609,-28,39,-6571,-8133,599,0,0
77449000,2164,-2702,103,92,1057,282,-4178,771,-6628,-8181,599,-39,-39
77501000,2151,-3000,200,-28,1188,771,-7474,1442,-6454,-9121,720,0,-39
77549000,2023,-3188,5,168,690,-510,-1981,2053,-6136,-9670,599,0,-39
77601000,1988,-3076,199,-31,888,954,-5277,1564,-5965,-9349,599,0,-39
77649000,2039,-2828,105,54,1938,3700,-2713,2053,-6219,-8622,720,-39,0
77701000,2067,-2562,223,34,1075,3578,-5155,2053,-6201,-7687,599,0,0
77749000,2100,-2538,82,150,1608,4006,-7596,2236,-6144,-7783,480,39,-39
77801000,2113,-2545,-174,-92,964,2663,-9610,1747,-6341,-7757,599,0,-39
77849000,2187,-2422,-118,-82,-134,4189,-8023,1076,-6641,-7419,599,-39,-39
77901000,2253,-2484,-92,-24,534,7057,-9976,588,-6761,-7454,599,0,0
77949000,2317,-2512,-150,15,1359,3578,-5948,2358,-6972,-7639,599,0,-39
78001000,2273,-2466,451,-82,1719,1686,-8756,2602,-6940,-7518,599,-39,-39
78049000,2208,-2518,241,176,854,2968,-4788,2358,-6639,-7675,480,0,-39
78101000,2243,-2271,48,75,445,1808,-1248,1503,-6731,-6933,599,0,-39
78149000,2302,-2049,18,274,985,5043,-5460,2602,-6866,-6216,480,0,0
78201000,2369,-2014,-144,-17,1088,1808,-4727,1747,-7109,-6042,480,0,0
78249000,2362,-1995,43,-45,350,1198,-6925,2724,-6955,-6103,599,39,-39
78301000,2288,-1953,-206,37,435,527,-7108,2419,-6744,-5981,359,39,-39
78349000,2239,-1871,-117,118,334,-937,-4605,3945,-6752,-5751,480,0,-39
78401000,2227,-1851,115,-38,341,-3196,-8328,3395,-6682,-5675,480,0,-39
78449000,2201,-1767,77,243,712,-2829,-4056,2175,-6641,-5390,599,0,0
78501000,2268,-1661,213,4,793,1259,-6131,2297,-6805,-5103,599,0,-39
78549000,2398,-1715,0,134,446,1381,-4056,1992,-7159,-5226,480,0,-39
78601000,2471,-1687,8,-3,728,1137,-3385,1442,-7414,-5182,480,0,-39
78649000,2588,-1686,-76,140,928,3090,-4361,1015,-7698,-5063,480,0,0
78701000,2567,-1837,-135,58,645,1137,-3934,588,-7702,-5512,480,0,0
78749000,2511,-1818,-186,68,1148,2236,-2225,1992,-7564,-5583,599,0,-39
78801000,2355,-1732,-122,-172,528,710,-394,1931,-6947,-5316,599,39,-39
78849000,2174,-1612,207,135,1375,-327,-2408,3212,-6627,-4944,480,0,-39
78901000,2030,-1615,128,-112,1094,2114,-1065,2968,-6091,-4966,480,0,-39
78949000,1924,-1540,268,196,1547,2175,1558,3701,-5965,-4657,599,-39,0
79001000,1832,-1601,51,-75,1550,2175,-3140,2968,-5617,-4804,480,-39,0
79049000,1803,-1611,-256,77,882,5043,2352,1931,-5264,-5028,359,39,-39
79101000,1955,-1459,-62,-121,1257,10536,216,1076,-5865,-4497,359,0,-39
79149000,2047,-1463,-45,15,-645,6691,2169,2175,-6147,-4433,599,0,0
79201000,1921,-1176,258,-79,1523,1442,5037,3518,-5763,-3650,480,0,-39
79249000,1627,-1052,136,-19,1344,-632,4183,2358,-5041,-3451,480,0,-80
79301000,1399,-1090,-93,196,1845,466,1253,2663,-4198,-3510,599,0,-80
79349000,1332,-1158,-17,11,957,4311,1253,1076,-3970,-3695,480,0,-80
79401000,1386,-1037,-73,20,1003,6203,7601,2053,-4158,-3351,480,0,-80
79449000,1462,-1044,-18,33,709,4677,1131,2541,-4356,-3195,480,0,-39
79501000,1571,-1114,46,50,-361,6813,6319,3029,-4834,-3463,480,-39,-39
79549000,1755,-890,82,115,981,10109,4061,2846,-5184,-3018,359,0,-80
79601000,1960,-780,-87,14,783,8095,32,1625,-5761,-2581,359,39,-80
79649000,1923,-568,85,-204,49,2968,3939,2846,-5809,-1917,480,0,-39
79701000,1720,-526,38,-75,764,1991,1497,3334,-5281,-1700,599,-39,-39
79749000,1692,-718,87,88,957,3334,-943,1442,-5139,-2218,599,0,-80
79801000,1569,-1060,-18,113,793,-632,1863,2419,-4707,-3421,480,0,-80
79849000,1362,-1203,82,-220,1676,3822,2230,1931,-4152,-3762,480,0,-80
79901000,1204,-1498,-275,-78,1646,4555,277,2419,-3614,-4735,480,0,-80
79949000,1217,-1585,49,-96,-733,8034,4183,2968,-3574,-4873,599,0,-39
80001000,1251,-1410,103,234,730,1930,3817,1625,-3873,-4351,480,-39,-39
80049000,1050,-1386,-148,-23,2201,649,4488,1686,-3250,-4432,359,0,-80
80101000,896,-1177,76,134,1549,5226,7967,710,-2688,-3772,480,0,-80
80149000,982,-1050,-143,-45,1713,11635,4427,1137,-2864,-3250,599,0,-39
80201000,1096,-1049,-10,-239,-498,8949,2962,1320,-3289,-3267,480,0,-39
80249000,1087,-990,96,163,538,3822,3450,1198,-3298,-3231,480,0,-80
80301000,1129,-985,3,65,-535,9926,2840,527,-3387,-3196,359,0,-80
80349000,1291,-847,46,106,1074,8522,2779,-266,-3800,-2893,119,0,-80
80401000,1324,-756,-29,-33,741,5776,1253,1809,-3973,-2509,-1919,0,-80
80449000,1322,-634,-120,134,552,7240,1009,4006,-3942,-2072,-2879,0,-39
80501000,1299,-831,74,159,365,6142,-4178,5165,-4017,-2613,-7080,-39,-39
80549000,1378,-1019,171,-109,1567,5715,-1065,8767,-3948,-3241,-7799,39,-80
80601000,1260,-1125,78,163,1229,-1120,-2896,8583,-3781,-3615,-11040,0,-80
80649000,1149,-1264,143,2,1499,-693,-5399,11025,-3469,-3836,-12479,0,-39
80701000,990,-1466,100,120,1127,-3135,-4239,11269,-2972,-4518,-14880,0,-39
80749000,801,-1427,-36,21,1882,-5576,-1920,13893,-2493,-4591,-15119,0,-80
80801000,680,-1378,152,217,598,-3318,-4849,13649,-2041,-4374,-15119,0,-80
80849000,767,-1309,46,65,2175,649,-760,12917,-2263,-4222,-15119,0,-80
80901000,721,-1131,125,27,142,-4782,-943,13893,-2285,-3634,-16199,-39,-80
80949000,513,-816,74,212,1413,-11008,-1859,15602,-1665,-2704,-19079,0,-39
81001000,145,-826,-97,22,-409,-13327,-1615,17617,-437,-2598,-19440,0,-39
81049000,-43,-639,0,34,148,-11252,-2286,17434,70,-2260,-19920,0,-80
81101000,-79,-506,44,-40,1169,-10642,-1615,16396,359,-1760,-19679,39,-80
81149000,-254,-445,22,-102,908,-12412,1253,15480,665,-1604,-19679,0,-80
81201000,-335,-721,-191,161,627,-7712,-3629,16213,1005,-2283,-19679,0,-39
81249000,-200,-867,-6,28,352,-6491,-7108,17006,670,-2777,-18840,0,-80
81301000,147,-1125,66,161,51,-693,-13028,17311,-563,-3616,-18479,-39,-80
81349000,473,-1555,203,39,687,-22,-12418,17250,-1286,-4716,-18479,0,-80
81401000,529,-1665,13,-110,533,-15097,-7047,17861,-1588,-5117,-18120,0,-39
81449000,67,-1431,47,128,2068,-20285,-1676,16579,-460,-4569,-17880,0,-39
81501000,-126,-1024,-117,-124,1436,-7956,-3507,15908,379,-3192,-17279,0,-39
81549000,60,-787,128,-1,875,-5210,-1615,14138,14,-2684,-16919,39,-80
81601000,125,-533,-38,-93,435,-8872,2169,14565,-256,-1839,-17040,39,-80
81649000,112,-327,173,189,260,-15464,-2469,14809,-505,-1169,-14880,-39,-39
81701000,-151,-364,51,106,1835,-18454,2169,13344,455,-1212,-14280,0,-39
81749000,-183,-169,21,82,1034,-10459,3511,12490,490,-813,-14039,-39,-80
81801000,75,-199,-178,-93,1239,-11435,-3873,13283,-226,-717,-13439,0,-39
81849000,184,-202,-107,45,-388,-12656,6136,12001,-525,-784,-13559,0,-39
81901000,426,-101,-196,96,-293,-9787,-1370,12246,-1278,-424,-13559,0,-39
81949000,805,-1,-279,11,1472,-9177,-3262,12368,-2195,-166,-13439,0,0
82001000,1057,307,-60,204,-82,-14182,3450,12123,-3172,923,-13439,0,0
82049000,1360,506,12,9,838,-10947,-2652,11330,-3726,1319,-13680,39,-39
82101000,1688,431,223,-11,653,-12900,-1492,9987,-5066,1174,-14159,0,-39
82149000,1701,495,242,39,2006,-15647,-1676,10537,-5185,1532,-14639,0,0
82201000,1546,74,-147,-50,508,-7041,-3812,8950,-4640,224,-18360,0,0
82249000,1615,-88,102,172,1225,-4233,-2896,12307,-4794,-325,-19800,0,-39
82301000,1691,-75,13,205,1648,-3073,1802,13955,-5195,-346,-19800,-39,-39
82349000,1705,12,-55,102,1065,-3501,-516,15236,-5107,-131,-19679,0,-39
82401000,1655,-61,92,107,-332,-4111,-1981,15236,-5086,-303,-18840,-39,-39
82449000,1498,-138,54,105,295,-5393,-2835,15236,-4617,-359,-18840,0,0
82501000,1329,-242,10,13,705,-2524,-3690,15114,-3989,-727,-18840,0,0
82549000,1458,-279,34,-180,1889,6020,-4361,14870,-4267,-900,-18840,0,-39
82601000,1697,-493,-308,88,1591,7363,-2408,14626,-4971,-1599,-18840,39,-39
82649000,1825,-443,-115,-156,-264,9621,-638,15725,-5520,-1360,-18840,-39,0
82701000,2077,-398,-35,-56,-208,11818,-5887,16030,-6232,-1196,-19079,0,0
82749000,2178,-138,172,205,880,1442,1863,15480,-6688,-711,-19320,-39,-39
82801000,1994,316,102,-102,703,-1059,-1187,16518,-5864,830,-19079,39,-39
82849000,1931,588,234,46,624,3273,2291,16762,-5789,1471,-19320,0,-39
82901000,2047,816,117,150,1223,8583,3145,17189,-6141,2328,-19800,0,-39
82949000,2206,793,-117,108,1705,9621,-882,17922,-6641,2382,-21000,-39,0
83001000,2260,583,165,106,-150,6447,1680,20302,-6660,1751,-21119,39,0
83049000,2230,367,-40,212,341,7851,2779,20363,-6450,1038,-21119,79,-39
83101000,2190,369,-285,-27,1349,7240,3756,20546,1228,1109,-19440,2600,0
83149000,2140,448,51,-155,533,4616,1863,19631,8905,3524,-18479,5120,720
83201000,2214,305,-296,16,911,15297,-2713,17311,13995,4277,-10559,6879,1119
83249000,2597,32,26,-134,49,19142,-2408,12917,13152,3850,-7560,6919,1199
83301000,3094,-189,72,222,1166,21218,-1370,11879,14116,5071,-5280,7799,1879
83349000,3461,-428,-143,17,1400,21767,-5948,9804,17615,6383,-1919,9280,2520
83401000,3793,-861,-311,-116,1303,21279,-9610,7424,20900,5095,-1440,10760,2560
83449000,4055,-1042,1,-107,350,27321,-2164,7607,21820,4817,-1440,11280,2639
83501000,4368,-910,-20,19,908,29213,-2408,7119,21694,5187,-1319,11600,2639
83549000,4708,-1012,63,-189,2201,31838,-9549,6081,21858,4864,-1080,11960,2600
83601000,5148,-1308,-231,-6,1341,32082,-8695,6569,22354,3873,0,12600,2600
83649000,5267,-1322,-34,44,-19,29335,-7657,7912,22129,4585,119,12639,2839
83701000,5146,-1422,254,-103,1593,23171,-9976,5410,23199,4973,480,12880,3080
83749000,5085,-1408,-134,-32,2201,31105,-6497,6569,23808,5094,480,13000,3120
83801000,5410,-1346,-309,70,1784,34157,-7901,4738,22887,5799,359,13039,3280
83849000,5511,-1346,249,30,-51,28053,-9976,5410,22465,5798,480,13000,3280
83901000,5559,-1380,-3,34,1449,24758,-5338,4555,22322,5579,359,13000,3239
83949000,5488,-1442,-167,-117,814,26344,-10648,5165,22881,6304,480,13120,3520
84001000,5206,-1484,-149,-92,807,16579,-9854,3212,22179,5266,359,12600,3239
84049000,4790,-1720,81,138,553,14260,-12479,1870,19533,4442,240,11359,3159
84101000,4805,-1949,179,5,2201,21584,-9854,1137,19544,3630,359,11320,3159
84149000,4836,-1660,-65,106,937,21645,4122,1259,18976,4448,359,11160,3239
84201000,4724,-1167,-101,-92,1980,7424,-5521,3090,18106,6217,359,10760,3239
84249000,4334,-1223,111,-156,1361,4250,-11075,1931,18948,6243,359,10720,3280
84301000,3556,-1352,-10,93,620,-6064,-4300,1076,19809,5661,240,10160,3239
84349000,2854,-1683,-19,11,2058,-2829,-12601,1992,15870,3589,359,8239,2799
84401000,2341,-1932,19,30,1125,-3989,-4178,710,11336,1043,359,6120,2279
84449000,1984,-1862,34,40,1544,-3318,2230,1625,11906,974,480,5999,2200
84501000,1798,-1857,130,-117,1832,-2890,-3262,1992,12485,666,359,5959,2079
84549000,1543,-1907,301,-222,947,-9299,582,1381,15809,1486,359,6879,2400
84601000,1251,-1769,-146,72,2037,-5332,521,2480,16765,1890,359,6840,2400
84649000,1247,-1910,-171,2,467,-1487,-2347,2053,16472,1587,359,6719,2400
84701000,1348,-1973,95,-110,1128,-3989,-211,3579,11555,920,240,5200,2279
84749000,1267,-1891,148,132,354,-13327,1131,1625,11473,1025,119,5120,2239
84801000,1128,-1841,-111,76,885,-16013,-1431,1870,11254,1315,-1919,4879,2279
84849000,1098,-1756,-77,-22,2037,-11008,826,4006,9678,1635,-6359,4319,2320
84901000,1116,-1539,104,-83,1054,-14365,1009,7668,9250,2221,-14639,4200,2279
84949000,1049,-1534,139,-113,1862,-17966,-3079,12246,9012,2301,-18720,4080,2279
85001000,822,-1582,171,153,1629,-17295,399,14199,5931,2573,-21600,2799,2439
85049000,610,-1488,256,114,938,-21689,2901,15786,5014,3282,-24360,2320,2600
85101000,138,-1609,58,127,1152,-29685,-150,19875,4745,3330,-27359,1719,2720
85149000,-227,-1690,-223,187,-707,-27671,1863,21401,4814,3521,-27359,1400,2880
85201000,-332,-1646,114,203,1505,-25473,2657,22622,4957,4541,-27240,1319,3159
85249000,-217,-1768,181,240,734,-22483,460,22988,4736,4826,-27120,1319,3359
85301000,-146,-1875,71,-76,643,-24009,1497,23232,3798,5772,-23280,1119,3800
85349000,-208,-2008,-73,82,1170,-24924,-2652,19265,3952,6548,-19079,1119,4159
85401000,-204,-2335,-102,39,1008,-23459,-3385,15908,3972,6674,-3720,1119,4560
85449000,17,-2443,104,132,1599,-17966,2352,6203,3453,7790,359,1119,5039
85501000,204,-2304,-49,13,1313,-19553,2535,2785,2747,13726,359,1119,6879
85549000,258,-2359,199,190,460,-23215,-7962,3823,2688,15359,359,1159,7439
85601000,168,-2653,96,165,1327,-24924,-6619,2480,3095,18079,359,1199,8680
85649000,152,-2620,-98,201,2009,-21018,-6192,1564,3582,18655,480,1319,8840
85701000,290,-2903,1,-26,871,-19553,-14554,283,5127,18650,359,2000,9119
85749000,523,-3126,-120,143,1164,-14975,-7840,527,5515,18605,359,2320,9320
85801000,767,-3088,42,-13,1004,-15219,-7230,-571,10536,18573,480,4279,9280
85849000,969,-3271,-18,106,-57,-12473,-11380,-815,12068,18416,480,4960,9360
85901000,1295,-3537,173,104,1743,-8933,-9000,-1181,14473,17587,480,6120,9400
85949000,1806,-3608,74,24,1697,-1975,-5277,-2402,14797,17281,480,6640,9360
86001000,2247,-3807,58,7,1810,588,-4910,-632,14016,16778,359,6919,9400
86049000,2705,-4102,178,68,1225,6325,-8450,-1364,13273,16070,359,7040,9400
86101000,3190,-4352,35,91,-437,5837,-6619,-754,13708,15262,359,7760,9440
86149000,3553,-4408,-113,107,974,4372,-5399,1320,14355,14859,359,8280,9360
86201000,3930,-4378,12,55,253,8339,-6253,710,13887,14703,359,8559,9280
86249000,4289,-4368,153,106,2201,9377,-5155,1686,13315,14722,359,8680,9280
86301000,4649,-4322,0,198,1174,12795,-2835,1747,14011,15951,359,9320,9639
86349000,4969,-4234,263,-1,1513,10109,-4483,1320,15570,15341,480,10120,9360
86401000,5150,-4334,274,77,295,11879,-4849,1442,18267,15195,359,11240,9400
86449000,5353,-4361,13,-72,1513,17861,-1859,1320,18649,14741,240,11519,9280
86501000,5883,-4391,34,134,1345,23354,-4300,1931,16908,14664,240,11519,9280
86549000,6506,-4443,11,-89,627,26283,-4239,1503,16072,14434,359,11760,9240
86601000,7175,-4417,-70,65,425,27870,-150,954,13753,13627,359,11760,8959
86649000,7515,-4379,70,-22,2201,26161,-577,2053,12833,13533,359,11760,8880
86701000,7502,-4521,210,234,61,22255,-2835,1320,12772,12475,359,11760,8680
86749000,7445,-4560,288,3,1681,19386,216,1503,11697,12002,359,11359,8559
86801000,7184,-4540,196,-34,1425,17739,-150,222,12165,12057,359,11240,8559
86849000,6986,-4451,202,162,-507,17983,4122,100,11162,11171,359,10720,8199
86901000,6931,-4221,205,-111,2049,19875,4061,-937,10046,11454,359,10280,8039
86949000,6846,-4211,71,-55,1989,17616,4244,-1914,9780,11124,240,10120,7920
87001000,6639,-4152,28,146,1056,14565,8760,-2890,7681,10103,359,9200,7520
87049000,6518,-4038,143,176,1689,16274,6868,-3073,7755,10402,359,9119,7520
87101000,6466,-3806,-80,71,765,11940,14254,-2158,5920,9459,359,8440,6960
87149000,6261,-3286,-85,124,1643,10536,14315,-2463,4256,8538,359,7720,6199
87201000,6066,-2990,117,99,1038,9072,10897,-2524,2440,6747,359,6879,5239
87249000,5581,-2732,-6,104,1045,405,20174,-1364,-221,6290,359,5599,4879
87301000,4979,-2290,263,162,1243,3700,19136,-937,-539,7648,359,4800,4839
87349000,4602,-2238,82,248,1972,1076,16451,-1731,38,7672,359,4679,4800
87449000,3757,-2222,-2,179,265,-5271,10347,-1547,3715,13679,359,5039,6760
87501000,3569,-2378,-39,203,1402,221,8333,-449,4530,14705,359,5079,7279
87549000,3436,-2609,238,266,1649,-1731,7784,-754,4719,15816,240,5039,7839
87601000,3248,-2997,340,220,1465,-4111,3633,-754,5253,16086,240,5000,8360
87649000,3165,-3499,-6,165,562,-5698,3572,-1975,5562,150200,2709,-4228,19
87801000,2625,-4512,140,99,-70,405,582,-2463,1963,15863,240,3280,9800
87849000,3106,-4844,64,51,658,12367,-6497,-2402,-8,15870,359,2999,10079
87901000,3549,-4904,171,191,1739,5104,3511,-1608,-2127,16726,480,2839,10480
87949000,3476,-4808,-42,164,2201,-13266,3206,-327,-2049,18211,359,2839,10880
88001000,2875,-4932,82,121,1580,-17417,-3812,-693,-226,18921,359,2799,11240
88049000,2660,-5200,104,202,1689,-9604,-4056,527,523,18508,480,2839,11320
88101000,2659,-5589,-26,13,1665,-6614,-10892,1870,421,17071,480,2799,11280
88149000,2629,-6027,14,-75,553,-8689,-12052,588,621,15951,359,2839,11280
88201000,2566,-6183,115,22,2133,-8689,-3018,100,819,15170,359,2839,11240
88249000,2511,-6100,119,85,870,-8994,-3140,649,962,15478,359,2839,11280
88301000,2538,-6022,-134,146,1074,-6675,-638,1015,543,15772,359,2720,11280
88349000,2760,-5907,-43,125,800,-3745,-1309,100,-357,15956,359,2600,11240
88401000,3144,-5870,61,159,-595,-3257,-2469,405,-1873,16227,359,2520,11280
88449000,3230,-5850,85,-26,1032,-11557,-1615,283,-2077,16258,359,2560,11280
88501000,2900,-5910,98,164,2201,-13144,-4056,-449,-1022,16228,359,2560,11320
88549000,2640,-5952,135,83,555,-11191,-3262,-266,-364,15940,359,2560,11280
88601000,2570,-5845,115,105,1225,-5698,-2713,-1547,207,16424,480,2639,11320
88649000,2661,-5871,97,58,1124,-2402,-6070,-1181,383,16421,359,2760,11320
88701000,2776,-6124,116,144,1487,-4233,-5033,-3501,-50,15585,359,2760,11320
88749000,2775,-6189,126,146,1796,-8323,-6253,-3317,-193,15520,359,2720,11359
88801000,2573,-6247,332,88,1038,-11496,-6009,-3806,438,15338,480,2720,11359
88849000,2420,-6430,17,147,938,-9970,-5094,-3623,960,14732,240,2760,11320
88901000,2394,-6598,52,246,948,-9787,-8450,-3867,1096,14164,359,2760,11320
88949000,2516,-6552,54,184,1560,-10337,-7047,-3806,685,14378,359,2720,11359
89001000,2832,-6556,1,84,586,-6247,-8512,-4050,-338,14410,359,2720,11359
89049000,3135,-6728,260,250,726,-7468,-9488,-5576,-1013,13877,359,2760,11320
89101000,3307,-6880,-12,127,1397,-9299,-8206,-4233,-1643,13198,240,2760,11280
89149000,3473,-6916,-80,206,504,-7224,-8756,-5942,-2025,13062,359,2760,11280
89201000,3668,-6854,135,282,421,-8200,-8267,-4660,-2604,13275,480,2799,11280
89249000,3732,-6762,338,149,1274,-8750,-7108,-3623,-1840,13433,359,3120,11240
89301000,3785,-6901,153,201,706,-2097,-10709,-3623,1002,12414,359,4119,11040
89349000,3836,-7167,23,208,768,-144,-8878,-3134,1461,11371,359,4319,10920
89401000,3908,-7173,253,202,291,-1914,-5521,-2707,1114,11119,359,4279,10880
89449000,3907,-7018,109,-23,745,-1364,-6558,-3012,1301,11231,480,4360,10799
89501000,3874,-6805,201,202,1037,-22,-4483,-3012,2777,11023,240,4800,10480
89549000,3894,-6789,76,44,1183,-2707,-9366,-1486,3052,10833,119,4920,10400
89601000,3837,-7038,134,-6,280,-1792,-11685,-693,6967,9845,240,6159,10320
89649000,3860,-7409,142,118,907,4311,-8939,-1547,6835,8898,240,6120,10320
89701000,4284,-7614,241,69,1243,14076,-394,-3378,7786,8115,240,6879,10320
89749000,4917,-7674,-128,44,282,14870,-3568,-3562,6509,7901,240,7000,10280
89801000,5413,-7733,-171,114,57,8644,-5582,-2280,5600,7520,359,7279,10240
89849000,5426,-7406,-30,160,1535,38,-638,-3378,7653,7090,240,7999,9840
89901000,5359,-7057,159,77,697,5776,-4727,-3867,12241,5828,240,9440,9000
89949000,5592,-6948,24,88,769,12306,-2286,-4355,11754,5446,240,9480,8800
90001000,5959,-6437,129,263,1267,18410,9371,-2646,10680,6607,359,9519,8640
90049000,6220,-6047,362,112,933,14992,2901,-3195,9977,7420,240,9519,8559
90101000,6328,-6013,25,47,205,9682,887,-3439,9575,7640,240,9519,8559
90149000,6272,-5868,55,172,360,10109,6807,-3378,9652,7042,359,9519,8239
90201000,6209,-5896,297,104,776,8461,-394,-4172,13652,4510,0,10760,7400
90249000,6022,-5995,246,-80,1138,6447,8272,-3317,15667,3944,-239,11280,7320
90301000,5921,-5962,59,40,1009,13832,9188,-3684,16195,3593,-239,11320,7160
90349000,6128,-5999,394,33,1678,22988,5220,-2890,15639,3293,-599,11280,7079
90401000,6362,-6108,253,46,1544,20058,10775,-3195,14632,2795,-719,11240,7040
90449000,6582,-6009,130,31,1746,22255,7906,-3684,14163,2971,-599,11280,7000
90501000,6633,-6077,268,191,1712,15236,5953,-5515,14298,2766,119,11400,7000
90549000,6391,-5939,39,44,327,8339,13155,-8689,15107,3067,240,11480,7000
90601000,6251,-5795,-44,-55,895,11086,6197,-8933,15804,3613,359,11519,7000
90649000,6189,-5999,59,134,1848,6996,1497,-9055,15932,3178,480,11519,7040
90701000,5946,-6023,117,205,943,3273,8760,-8383,16000,2089,359,11280,6719
90749000,5795,-5900,127,-17,433,7057,4915,-8078,13095,1501,359,10160,6400
90801000,5830,-5819,99,79,-233,7912,11446,-7163,8668,1620,480,8719,6359
90849000,5809,-5734,-19,-98,1219,3395,7906,-5271,8213,222,359,8559,5799
90901000,5411,-5796,373,330,2201,-4172,9737,-4843,9325,369,359,8520,5920
90949000,5044,-5623,167,60,900,-4233,12362,-4111,8572,2765,359,7960,6559
91001000,4971,-5576,169,186,833,5593,8883,-3073,6325,2829,359,7079,6519
91049000,5082,-5758,-51,52,-58,1869,3572,-2524,5761,1202,480,7000,6120
91101000,5046,-5766,56,-138,1910,-3135,13033,-3317,941,-139,480,5360,5720
91149000,4678,-5394,136,46,2201,-4782,14925,-2829,-1288,-798,599,4319,5200
91201000,4230,-5345,101,-70,1029,-9787,10530,-3928,-7652,-677,599,1679,5120
91249000,3966,-5023,88,6,1701,-5271,20113,-5271,-11861,-869,359,39,4800
91301000,3389,-4682,119,223,784,-20346,24019,-3501,-10167,-126,240,0,4640
91349000,2717,-4675,117,92,627,-28403,19075,-3501,-8488,189,240,0,4719
91401000,2002,-4863,264,126,1193,-28098,17550,-2524,-6128,-429,240,-39,4719
91449000,1772,-5123,172,127,2035,-16074,14559,-2890,-5373,-367,-960,0,4960
91501000,1863,-5278,180,220,376,-9360,16207,-1547,-5589,3,-3359,0,5280
91549000,2312,-5298,-23,180,2098,-4843,11934,1381,-6739,92,-6960,-39,5320
91601000,2512,-5527,247,84,2201,-16684,8455,4250,-7537,-742,-13680,0,5280
91649000,2122,-5801,152,125,397,-26023,9493,10414,-6628,-1832,-14639,0,5160
91701000,1939,-5917,224,175,535,-21323,10103,10414,-5817,-2152,-14880,0,5200
91749000,2293,-5976,215,56,882,-12900,15230,10781,-6666,-2150,-14880,0,5280
91801000,2952,-5777,248,107,1054,-5576,13765,12856,-8858,-771,-14880,0,5520
91849000,3403,-5791,81,30,-24,-9177,17366,12551,-10066,-241,-14880,0,5720
91901000,3762,-5549,41,-29,1133,-1364,18160,12062,-11168,991,-14760,39,5880
91949000,4020,-5125,347,168,1736,-2829,19442,12429,-12019,2169,-14639,0,5920
92001000,3837,-4741,283,-71,1968,-15158,13704,12917,-11512,4856,-14519,0,6359
92049000,3234,-4898,163,140,1669,-17478,643,12673,-10115,5161,-12000,-39,6559
92101000,2840,-5444,-101,99,1276,-9421,-1676,9987,-8640,4907,-6120,-39,7079
92149000,2919,-5895,160,-72,1583,-5942,-699,6691,-9073,3656,-480,-119,7040
92201000,2910,-6250,413,95,2201,-7407,4061,1686,-16531,689,-960,-2600,6480
92249000,2965,-6250,341,163,371,7240,2901,4128,-19118,-1233,-1199,-3480,5840
92301000,3351,-6197,397,223,1679,-12595,6868,100,-23733,-953,-1319,-4559,5880
92349000,2785,-5591,355,142,985,-16074,31588,-3073,-23695,205,-1679,-5039,5840
92401000,3173,-4128,-33,118,718,12489,31282,2114,-24761,5374,-1440,-5080,5920
92449000,3494,-4067,-216,-38,144,-7773,-1126,283,-24567,5995,-960,-4680,5999
92501000,2667,-4805,104,-109,2095,-33896,-14554,-815,-18922,5984,-840,-3639,6800
92549000,1354,-5068,160,1,1204,-43235,9920,-3562,-12285,7860,-960,-2519,7720
92601000,643,-4800,77,-219,434,-26206,5648,-327,-8411,11879,-1080,-2159,8759
92649000,627,-5199,-65,142,1503,-19126,-7291,-3806,-8227,14428,-960,-2120,9920
92701000,297,-5667,-15,135,825,-26633,-10709,-3806,-7613,15758,-960,-2239,10920
92749000,80,-6330,-12,-121,974,-23459,-18643,-1242,-7185,14226,-840,-2280,10959
92801000,314,-6661,30,-36,757,-16745,-5277,1015,-7784,13974,-480,-2280,11320
92849000,166,-6859,-6,99,1544,-19248,-16568,3579,-3322,15103,-480,-920,11840
92901000,463,-6846,56,269,182,-4599,4000,6325,-1389,17619,-360,0,12720
92949000,1024,-6447,-122,80,55,-3623,-10037,13893,-2863,22309,0,0,13880
93001000,1292,-6988,173,-72,627,-17173,-27982,18410,-3877,25953,359,0,15639
93049000,1502,-7293,74,62,163,7118,-22977,18715,-280,26963,240,1319,16240
93101000,2761,-8169,228,60,1182,23781,-56668,16640,-2045,27092,359,2079,17200
93149000,3704,-9676,-130,188,1434,19997,-59720,22499,-4024,20199,480,2239,16199
93201000,3957,-10428,-40,16,1184,16091,-45377,23720,-4311,15393,359,2520,15559
93249000,4301,-10907,-33,-29,-734,22438,-53678,24636,-3724,14074,480,2999,15520
93301000,4968,-11631,137,245,1003,31349,-55875,24086,-2306,11305,359,4200,15400
93349000,5948,-12242,-226,345,726,37880,-47513,19936,-4589,9607,240,4240,15400
93401000,6231,-11782,67,100,1479,1198,-29080,24331,-6093,10852,359,4200,15400
93449000,5970,-11379,338,-185,750,32448,-43790,18288,-5304,12066,359,4119,15439
93501000,7427,-11413,94,87,935,67909,-30362,18105,-11961,11960,359,3440,15400
93549000,8668,-10272,-10,32,1450,55336,-8145,17189,-16582,14659,480,2999,15360
93601000,8518,-9655,70,4,1150,8705,-28531,10720,-18115,16874,480,2479,15280
93649000,7092,-9276,55,11,1978,771,-15164,7729,-14379,16418,599,2520,14840
93701000,6090,-8694,202,53,-349,9560,-15714,7119,-5430,15556,3359,4279,13880
93749000,5495,-8474,259,49,1435,4128,-17179,2724,-2441,12385,6719,4800,12639
93801000,4730,-7925,273,-38,-458,2236,-8023,-998,328,12584,8999,4839,12119
93849000,4541,-7559,71,201,2015,9743,-11563,-2585,-349,12367,12240,4440,11719
93901000,4522,-7282,-45,1,161,12612,-7352,-3806,-4928,11393,15119,2880,11080
93949000,4613,-7101,168,144,322,12734,-12052,-6613,-6862,11944,15000,2320,11080
94001000,4478,-7515,215,151,1164,-3928,-21390,-5515,-11035,10814,14160,799,11120
94049000,3602,-7831,2,-8,214,-14853,-12479,-5210,-11306,12070,11999,0,11840
94101000,2635,-7609,118,-28,188,-12168,-6803,-2463,-7905,12930,11400,0,11919
94149000,2338,-7641,253,159,1562,-1303,-12540,-4965,-10041,12679,11519,-1000,11840
94201000,2389,-7807,128,-71,328,-1059,-9549,-5576,-16527,12217,11519,-3120,11879
94249000,2323,-7724,309,47,1147,-5393,-4727,-4782,-21493,11408,11640,-4800,11559
94301000,1852,-7589,0,-3,1565,-18760,-2042,-4233,-20558,7471,11280,-5000,10079
94349000,1002,-7432,-12,-26,640,-23093,-2103,-2402,-19829,-519,10200,-5479,7279
94401000,494,-7306,38,103,1091,-14243,-638,-2951,-16242,-13399,7920,-4920,2839
94449000,291,-7122,-30,63,373,-11618,13826,-1364,-9601,-21933,7200,-2879,-119
94501000,212,-6216,94,20,1055,-5027,26644,100,-10838,-20090,6600,-3400,-479
94549000,545,-5550,50,-82,1362,9255,19258,-2402,-12349,-18436,6120,-3680,-520
94601000,1225,-5076,38,-54,761,11208,22249,-4721,-15077,-25429,6000,-3800,-3400
94649000,1688,-4533,120,-237,459,3822,27437,-4233,-15726,-33462,5399,-3600,-6519
94701000,1611,-3746,358,-49,923,-12107,38485,-4111,-5193,-43398,4559,-119,-10720
94749000,1268,-2863,182,-59,1026,-4905,45565,-5454,-3858,-43367,4559,0,-11440
94801000,1705,-1916,140,-102,1001,12001,49837,-4904,-5117,-44148,4320,0,-12799
94849000,2238,-1129,89,-52,589,10903,44222,-6491,-6595,-45591,4440,-39,-13960
94901000,2288,-525,115,-139,1430,-3867,50997,-5210,-6985,-44295,4440,-39,-14240
94949000,1870,359,111,-83,2201,-12351,56307,-5454,-6694,-42312,4440,-279,-14320
95001000,1418,944,226,-18,1230,-9177,48128,-6064,-5816,-40965,4440,-520,-14599
95049000,1137,1055,352,33,1494,-15158,50447,-7041,-5093,-40790,3959,-520,-14639
95101000,702,1136,-30,153,106,-16318,49227,-7224,-3666,-40869,3600,-520,-14760
95149000,638,871,128,11,-805,-9238,41109,-7529,-3451,-43246,3480,-520,-15360
95201000,1142,934,380,131,473,-3928,63326,-6430,-4987,-43515,3480,-520,-15440
95249000,1426,1636,289,68,350,-8139,64669,-388,-5773,-41220,3719,-520,-15280
95301000,1787,1569,199,112,804,710,41170,-3684,-6801,-41010,3600,-479,-15240
95349000,2626,1331,287,195,1070,20607,49044,-3378,-8485,-41817,3480,-360,-15280
95401000,3392,1594,-155,-4,1628,12001,52950,-2158,-11137,-40577,3480,-319,-15120
95449000,3746,1816,127,6,2123,4311,50386,-693,-11512,-37447,3600,-119,-14280
95501000,3633,1801,31,0,809,-3989,39217,-1608,-11260,-26996,3600,-119,-10800
95549000,3476,1183,-96,104,-427,-7956,26094,-2890,-10700,-21981,3480,-80,-8639
95601000,3448,396,17,108,707,-3623,21151,-1425,-10586,-8530,3480,-80,-3240
95649000,3385,-303,58,-4,1596,-5942,9920,-1059,-10540,-3074,3600,-119,-839
95701000,3278,-1340,35,122,2201,-3745,-3324,-5637,-9834,-4140,3600,0,-39
95749000,3163,-2222,-15,67,2201,-6736,5465,-3378,-9540,-3824,3840,0,840
95801000,2921,-2818,-174,74,524,-6980,-2103,-3684,-8765,-4016,4680,0,1480
95849000,3020,-3661,-203,125,225,-5332,-15470,-5881,-8988,-2095,4559,0,2839
95901000,2984,-4108,121,67,1826,-7285,-4422,-6613,-8833,4235,4440,39,5520
95949000,2818,-4687,-19,279,688,-10154,-23099,-6491,-8541,7158,3959,0,6919
96001000,2760,-5836,160,77,181,-8445,-25479,-5576,-8162,7571,3359,39,8360
96049000,2578,-6406,-139,-14,1063,-15647,-21817,-7224,-7795,6696,2879,39,8559
96101000,2352,-7326,8,43,1931,-9787,-41532,-9482,-6217,4539,1799,280,8840
96149000,2467,-7914,-47,167,2091,1442,-27616,-9360,-6062,2924,599,399,8840
96201000,2690,-8171,-112,-124,-297,2846,-42142,-9604,-6751,1884,480,439,8800
96249000,2948,-9014,71,0,958,4616,-45621,-10214,-7515,-206,599,399,8840
96301000,3134,-8907,-196,-126,1091,7851,-28592,-7895,-9282,-923,720,39,8599
96349000,3421,-9029,320,300,1736,14015,-44705,-8689,-9877,-2270,599,79,8199
96401000,3671,-9319,51,284,1622,10536,-32132,-8200,-8855,-3238,599,720,8239
96449000,3566,-8878,10,106,1725,6996,-22672,-6308,-7782,-2050,599,999,8280
96501000,3432,-8700,-6,11,709,9316,-33048,-5637,-8497,-4260,1439,599,7279
96549000,3374,-8420,165,24,1811,6447,-27493,-5087,-10184,-9534,1560,0,5320
96601000,2959,-7811,24,256,636,-3073,-16751,-4965,-8878,-14794,1679,0,2880
96649000,2481,-6995,126,-39,1363,-3379,-15042,-4538,-7521,-15247,1799,39,2040
96701000,2331,-6258,-166,90,1056,5226,-15164,-3623,-6874,-14456,1679,39,1440
96749000,2410,-5749,51,-111,1511,6325,-16934,-3867,-7194,-13397,1679,0,1359
96801000,2441,-5282,-185,110,-49,1320,-16324,-2707,-7325,-11886,1679,0,1319
96849000,2083,-4857,-2,-115,1111,-11435,-15103,-2951,-6547,-10823,1799,0,1319
96901000,1627,-4528,69,-82,479,-5698,-15531,-5637,-4762,-9624,1799,39,1319
96949000,1736,-4295,154,5,1547,10109,-14432,-6857,-4939,-10156,1799,39,959
97001000,2367,-4031,34,-152,817,22682,-20963,-7285,-6861,-11374,1679,79,239
97049000,3221,-3904,-141,87,644,24269,-17850,-8261,-8818,-11831,1679,160,0
97101000,3436,-3540,95,4,350,10719,-9488,-5637,-8988,-10622,1560,439,0
97149000,3302,-3237,-115,166,323,10048,-5582,-2646,-9866,-9941,1679,39,-39
97201000,3120,-3091,-100,-52,1511,7485,-9488,-3439,-9361,-9394,1679,0,-39
97249000,2810,-3064,291,104,1473,710,-10098,-510,-8504,-9291,1560,39,-39
97301000,2283,-2974,-6,40,1425,-5515,-9122,-571,-6730,-9044,1560,39,-39
97349000,1762,-3143,-91,75,931,-7224,-19742,100,-5387,-9217,1439,39,0
97401000,1416,-3544,133,0,2046,-937,-11624,527,-4248,-10632,1080,0,0
97449000,1261,-3480,-176,-94,838,-144,-1981,161,-3973,-10669,1199,-39,-39
97501000,1306,-3380,7,61,2201,4433,-5460,-22,-3919,-10381,720,0,-80
97549000,1479,-3179,-109,-47,647,8705,-1004,-1120,-4328,-9946,599,0,-80
97601000,1709,-2830,77,157,-46,6447,-516,649,-5128,-8850,599,0,-119
97649000,1827,-2945,-40,6,1343,7363,-9305,1076,-5399,-10027,599,0,-440
97701000,2070,-3059,5,133,2201,10903,399,1992,-6332,-12539,599,-39,-1119
97749000,2250,-2890,190,-101,1937,8278,3206,1503,-6712,-13293,599,0,-1519
97801000,2144,-2769,-80,139,1423,1015,4427,1381,-6314,-12989,359,39,-1560
97849000,1782,-2621,-62,-22,476,-5759,-150,1259,-5521,-11753,480,0,-1280
97901000,1345,-2489,105,74,775,-4843,3145,-22,-4036,-9027,599,0,-520
97949000,1301,-2565,-215,133,1435,7118,-4300,-754,-3807,-10117,720,0,-839
98001000,1596,-2541,-34,-83,1079,7851,4549,-2158,-4788,-9905,599,0,-759
98049000,1769,-2273,-36,-153,716,6386,6014,-2341,-5231,-7421,480,0,-160
98101000,1942,-2389,-10,184,-42,10475,-7474,-3439,-5827,-7528,359,0,-119
98149000,2126,-2577,16,26,171,6142,4854,-2280,-6455,-8001,480,-39,-80
98201000,2188,-2117,72,246,343,3456,13460,-1608,-6564,-6471,480,0,-39
98249000,2164,-1840,164,245,1985,4555,5831,-2707,-6591,-5931,599,-39,-119
98301000,2164,-1683,256,31,2201,3639,10714,-3501,-6614,-5410,599,-39,-119
98349000,1995,-1715,-81,28,1808,1991,3756,-3256,-6075,-5407,480,0,-119
98401000,1672,-1997,91,-18,1237,1198,2535,-2829,-5016,-6352,359,0,-119
98449000,1486,-2060,120,232,186,-144,8028,-4538,-4635,-6277,480,-39,-39
98501000,1409,-2203,202,234,1026,2358,2962,-4050,-4227,-6609,480,0,0
98549000,1444,-2225,206,154,1063,-693,6197,-4538,-4380,-6823,480,0,-39
98601000,1366,-2169,-28,119,1262,-205,5953,-3745,-3978,-6269,480,39,79
98649000,1393,-2185,0,82,860,1747,2901,-3012,-4148,-6167,480,0,120
98701000,1328,-2314,103,129,1525,-4721,4122,-3317,-3986,-6702,480,0,79
98749000,1078,-2445,-56,-35,1169,-4966,3084,-2646,-3352,-6791,480,0,160
98801000,978,-2484,-175,25,1769,-144,3939,-3317,-2936,-6973,480,0,160
98849000,1086,-2400,-293,-68,1680,2052,3756,-3806,-3032,-6660,480,39,199
98901000,1172,-2281,38,82,889,649,2657,-5148,-3396,-2405,359,39,1480
98949000,1268,-2418,-32,146,924,-693,-516,-4172,-3780,-2683,480,0,1480
99001000,1254,-2705,-53,114,-7,-3073,1497,-4111,-3763,-3316,480,0,1600
99049000,1182,-2908,-117,62,238,-3684,3695,-2646,-3559,-852,599,0,2600
99101000,1144,-3183,225,-20,834,-3440,1314,-1425,-3434,-1269,480,0,2760
99149000,1098,-3302,140,45,826,-4294,4244,-693,-3345,-4617,480,0,1760
99201000,927,-3276,-82,-15,628,-6308,6319,-632,-2781,-4669,480,0,1719
99249000,806,-3128,44,-82,1003,-3989,9249,100,-2584,-2552,480,-39,2320
99301000,725,-2903,-39,124,2009,-3440,5953,1442,-2295,-2110,480,-39,2200
99349000,668,-2854,-202,0,799,-4538,3939,1259,-2034,-3911,599,0,1559
99401000,577,-2705,-42,-95,494,-4050,8516,1870,-1851,-556,480,-39,2520
99449000,613,-2446,-18,-136,709,-1426,6197,1747,-1673,6016,480,39,4479
99501000,667,-2591,-77,122,626,-2341,-3751,1992,-1882,13465,480,39,7079
99549000,697,-3056,-110,11,873,-5027,-10220,2785,-1964,16803,480,39,8559
99601000,690,-3938,113,-103,640,-2585,-17117,2724,-1951,11823,480,39,7880
99649000,807,-4759,39,-47,393,-510,-15042,466,-2087,7047,480,79,7000
99701000,1031,-5262,-1,12,1273,-876,-12967,-266,-2973,-11827,599,39,1319
99749000,1093,-5489,268,-10,521,-2829,-4971,-22,-3257,-18912,599,0,-800
99801000,1049,-4779,329,137,261,-6186,19869,-1181,-3269,-14457,599,-39,-39
99849000,1097,-4029,231,190,2190,-1059,5648,-1914,-3213,-12276,720,0,0
99901000,1196,-3917,241,-72,879,-3501,1070,-2402,-3590,-11752,599,0,0
99949000,1073,-3500,227,165,413,-7102,10225,-3256,-3315,-10921,480,0,-39
100001000,798,-3168,147,143,1914,-12717,887,-3378,-2395,-7825,599,0,559
100049000,452,-3011,304,118,1500,-13816,6197,-2890,-1275,4753,599,79,4640
100101000,204,-2685,-87,-125,1116,-8567,-211,-2524,6347,27464,599,2320,11840
100149000,393,-3406,-118,-68,1910,4982,-32071,-3989,7315,30391,720,2760,13320
100201000,972,-4931,-157,-23,812,9621,-33109,-4721,5963,25525,720,2960,13440
100249000,1353,-5406,-78,-76,178,4250,-19254,-4355,5876,24316,599,3280,13480
100301000,1538,-5834,186,162,1433,4799,-29202,-4782,7025,21977,480,3880,13160
100349000,1697,-6337,297,173,1907,5409,-22977,-4660,3524,15059,599,2839,11320
100401000,1908,-6087,179,108,1701,6508,-3690,-4477,-5605,1658,599,39,6640
100449000,1940,-5566,30,162,1620,-266,93,-4782,-5733,2231,599,39,6400
100501000,1665,-5104,75,20,263,-3684,2718,-4721,-4636,5926,720,120,7079
100549000,1486,-4633,208,-2,993,-815,4061,-5087,-4208,6989,599,79,7040
100601000,1556,-4521,283,-20,1135,-1242,-1981,-5820,-4788,1195,599,-39,4920
100649000,1570,-4348,185,-76,2123,-3196,8394,-4721,-4725,1785,599,0,5000
100701000,1391,-3939,248,-79,1869,-6003,8028,-4294,-4173,1020,599,0,4279
100749000,1095,-3812,138,82,1505,-9299,5953,-3073,-3444,-11488,480,0,0
100801000,749,-3385,156,-52,806,-10886,22676,-2890,-2129,-10275,599,39,-39
100849000,560,-2715,-33,-75,441,-4782,18282,-2097,-1717,-8478,839,0,-39
100901000,598,-2582,24,2,634,-3073,10775,-2951,-1795,-7868,599,0,-39
100949000,618,-2400,23,48,435,-3318,18526,-22,-1973,-7476,599,-39,-39
101001000,677,-2122,-106,59,1006,-632,16390,283,-2033,-6488,599,0,-39
39,,,,,,,,,,,,,
101101000,797,-1914,163,127,175,1747,17611,649,-2391,-5863,359,0,-39
101149000,817,-1908,179,113,401,-1792,9432,588,-2541,-5756,480,0,-39
101201000,1032,-2105,234,140,220,7790,11507,-571,-3098,-6316,480,0,0
101249000,1276,-2073,59,50,1683,8583,13460,-1242,-3736,-6363,480,0,-39
101301000,1421,-2062,-325,42,885,8339,10591,-388,-4383,-6308,-1199,-39,-39
101349000,1561,-1961,-186,-105,436,9194,7662,-693,-4601,-6031,-5400,0,-39
101401000,1584,-1992,-51,52,35,7790,10653,2724,-4753,-6098,-11160,0,-39
101449000,1604,-2086,117,110,240,6996,12484,7058,-4824,-6217,-11640,0,0
101501000,1697,-2327,23,197,2039,7607,5037,7729,-5093,-6981,-12000,0,0
101549000,1732,-2680,92,56,2201,6081,3695,8278,-5089,-8006,-12000,39,-39
101601000,1558,-2862,151,43,1392,3090,11751,9377,-4674,-8706,-11879,0,-39
101649000,1424,-2966,-114,-41,456,4250,6136,9194,-4317,-8900,-11759,0,-39
101701000,1399,-3149,-51,-76,161,5409,8211,9621,-4198,-9567,-11759,0,-39
101749000,1454,-3042,-56,108,635,7668,11812,9865,-4315,-9207,-12479,0,0
101801000,1515,-2981,6,57,-490,4433,4671,10414,-4545,-8944,-10679,0,0
101849000,1490,-3055,154,241,450,2358,5342,9926,-4507,-9268,-4679,0,-39
101901000,1284,-3018,270,-56,1414,-3440,10469,5410,-3854,-9175,119,0,-39
101949000,1019,-2700,48,133,404,-937,15779,4067,-3136,-8294,480,0,0
102001000,954,-2500,181,4,739,4982,7051,2907,-2863,-7501,480,0,0
102049000,1062,-2604,15,41,348,8339,3389,3151,-3230,-6154,480,-39,520
102101000,1314,-2585,205,116,-294,8034,6929,2663,-3943,-797,480,0,2320
102149000,1525,-2609,-4,-26,1739,7973,-1004,3579,-4480,1370,480,0,3039
102201000,1659,-3058,86,97,1841,4494,-6558,3395,-4979,3183,480,0,4119
102249000,1522,-3340,105,-12,1154,-2341,-6864,2907,-4683,3663,480,0,4519
102301000,1216,-3510,345,99,1841,-5637,-5155,2297,-3770,6267,480,-39,5599
102349000,919,-3747,76,106,1003,-2463,-3995,2358,-2862,7223,359,0,6120
102401000,913,-4029,-56,66,552,2236,-14371,1198,-2740,6391,359,0,6159
102449000,1120,-4601,192,254,914,5593,-18216,2297,-3234,6279,480,0,6600
102501000,1360,-4937,315,-23,1090,1930,-8450,1931,-4080,5946,480,0,6919
102549000,1391,-4802,-35,-9,1013,-937,-2896,1992,-4190,6091,599,0,6879
102601000,1146,-4534,36,-38,1706,-7651,-7474,1259,-3440,6916,599,0,6840
102649000,855,-4445,-273,-143,668,-2036,-11197,-205,-2619,7275,480,0,6879
102701000,817,-4317,-78,-203,522,1808,-14249,588,-2453,8287,480,0,7079
102749000,811,-4418,41,-96,313,-3440,-15164,344,-2513,8086,359,0,7079
102801000,519,-4328,6,94,241,-8933,-12052,1137,-1558,7774,359,0,6919
102849000,253,-4209,30,142,472,-8750,-9854,1503,-872,7937,480,0,6879
102901000,164,-4061,144,148,2201,-4782,-10831,1564,-853,8696,480,-119,6960
102949000,146,-4163,-110,-67,2000,-1975,-15225,649,-3174,8618,480,-920,7000
103001000,201,-4451,214,34,2201,-3989,-14005,527,-6724,7646,480,-2040,7000
103049000,234,-4401,101,157,1232,-5942,-8695,1076,-6716,8453,480,-2000,7240
103101000,69,-4421,-25,106,981,-9665,-12418,1809,-3807,10615,480,-1200,7960
103149000,-60,-4679,-203,-83,613,-8506,-13761,1564,-2606,9964,359,-920,7960
103201000,-70,-4841,-70,71,649,-4050,-13150,1137,-1947,10676,359,-720,8400
103249000,66,-4981,-88,121,703,-5393,-13577,1992,-2311,11027,480,-720,8640
103301000,87,-5002,-101,-32,436,-6552,-9305,2724,-1222,12351,480,-319,9119
103349000,111,-4969,-111,-75,848,-5942,-13638,2297,-793,15004,599,-160,9960
103401000,231,-5078,-19,57,65,-2585,-17972,2358,-694,16805,599,0,10680
103449000,336,-5205,174,52,707,-5515,-14981,3640,-1017,16506,480,0,10680
103501000,288,-5402,212,-64,2116,-7468,-20352,3823,-865,15832,480,0,10680
103549000,208,-5558,414,-82,1708,-6491,-19925,3090,-677,15586,480,0,10720
103601000,224,-5642,-40,171,30,-5393,-15897,3151,-674,15113,480,0,10680
103649000,298,-5630,130,-83,2003,-3501,-17728,3212,-741,15050,599,39,10639
103701000,415,-5654,182,70,1699,-937,-15592,3029,-1247,14955,480,0,10639
103749000,494,-5691,-21,52,153,-1487,-11624,4921,-1456,14745,480,0,10599
103801000,532,-5756,58,-28,1157,-2829,-12662,4311,-1598,14169,480,0,10480
103849000,528,-5803,-164,68,-525,-3196,-11380,5349,-1711,13922,480,-39,10439
103901000,622,-5653,31,-3,1803,-1059,-7718,6081,-1986,14360,480,-39,10439
103949000,709,-5571,290,48,2127,-1670,-11075,5227,-1971,14487,480,39,10400
104001000,835,-5692,282,162,820,-2280,-10892,4921,-2506,14002,359,0,10360
104049000,1016,-5807,-6,141,2201,3761,-10831,4372,-2927,13816,480,0,10400
104101000,1233,-5907,-40,-134,2021,3212,-11136,4189,-3700,13478,480,0,10400
104149000,1258,-5976,193,-164,126,-1364,-9061,4616,-3914,11872,480,-39,9920
104201000,1200,-5855,53,0,-450,893,-5338,5349,-3601,4634,599,0,7400
104249000,1235,-5707,281,-48,969,-3989,-1492,3823,-3701,-24419,480,0,-2400
104301000,1333,-5070,126,34,2036,282,24080,4189,-3999,-14610,480,0,199
104349000,1528,-4022,56,27,732,7790,27071,6081,-4569,-12479,480,-39,0
104401000,1703,-3408,-115,-95,851,9804,15169,4555,-5111,-10226,599,0,0
104449000,1736,-2963,160,-66,-181,1259,16268,4494,-5150,-9251,480,39,-39
104501000,1701,-2738,-32,-58,2201,3639,9920,2602,-5105,-8335,480,0,-39
104549000,1631,-2497,60,86,998,3884,20479,2114,-4888,-7833,480,0,-39
104601000,1481,-1966,94,-159,658,2419,17305,3151,-4445,-6020,480,0,-39
104649000,1370,-1895,267,-29,59,-388,7662,1503,-4187,-5690,599,0,0
104701000,1158,-1694,8,85,2172,-10581,21212,893,-3595,-5083,599,-39,0
104749000,880,-1295,82,40,386,-1670,17427,2602,-2573,-4102,359,39,-39
104801000,985,-1145,-54,-1,1466,1503,18892,954,-2955,-3555,359,0,-39
104849000,1137,-1132,42,-81,1322,-876,19808,2480,-3396,-3327,599,0,0
104901000,1132,-1358,262,203,115,-1853,12056,2846,-3396,-4075,480,0,0
104949000,1118,-1605,191,24,2137,4860,14620,1870,-3420,-4882,480,-39,-39
105001000,1279,-1642,115,-131,2201,10903,14742,2663,-3837,-5047,480,0,-39
105049000,1401,-1848,-84,-26,966,7668,6990,2602,-4129,-5502,480,0,-39
105101000,1337,-1796,299,2,265,893,14925,2053,-4013,-5510,480,0,-39
105149000,1379,-1632,-224,-33,1396,4128,8455,3029,-4212,-4937,480,-39,0
105201000,1319,-1860,-112,88,2201,1686,3145,3273,-3958,-5581,599,0,0
105249000,1098,-2129,233,-85,723,-2158,10836,3945,-3332,-6421,359,39,-39
105301000,1057,-2333,-80,-1,1184,6996,11995,2663,-3171,-7120,480,0,-39
105349000,1200,-2417,79,-92,1420,3639,9920,3212,-3564,-7314,480,0,-39
105401000,962,-2470,142,108,17,-7285,11507,4006,-2887,-7531,480,0,-39
105449000,664,-2419,238,107,849,-2951,13460,3273,-2232,-7428,480,-39,-39
105501000,821,-2521,-167,-36,1931,8583,10653,2907,-2463,-7685,480,0,-39
105549000,1005,-2668,170,35,950,6569,6075,4067,-2909,-6572,480,0,439
105601000,990,-2859,332,115,-1219,-693,9066,3884,-2970,-3657,480,0,1640
105649000,893,-3093,-7,-87,1513,-1670,8028,4555,-2718,2242,480,0,3800
105701000,834,-3521,15,-19,1639,282,-5826,5165,-2503,8634,599,0,6400
105749000,718,-4139,135,61,1411,-998,-13761,5227,-2376,9913,480,-39,7360
105801000,632,-4712,-216,-9,2100,3334,-12967,4555,-2017,9381,599,-39,7839
105849000,589,-4884,133,-125,285,5715,-11929,4555,-1740,10763,480,0,8440
105901000,485,-5258,359,6,1483,3884,-22611,4860,-1337,10025,480,39,8599
105949000,350,-5765,15,-88,2130,-1120,-17117,4677,-989,8618,599,39,8599
106001000,217,-5794,121,-34,185,-327,-15042,5410,-411,8056,599,79,8480
106049000,249,-5864,217,127,1387,2114,-18338,4738,-610,7937,480,39,8480
106101000,284,-5943,228,-40,719,1015,-11441,4250,-613,7490,359,79,8440
106149000,323,-5792,-158,108,2201,2236,-13699,4067,-807,7641,480,39,8360
106201000,230,-5729,131,59,-739,-2585,-18582,3945,-451,6811,480,79,7999
106249000,87,-5696,131,5,1935,-5515,-14005,2480,-136,6270,480,79,7799
106301000,77,-5502,160,69,1079,-2463,-11868,2053,127,5813,480,120,7439
106349000,145,-5441,-33,143,1256,-1975,-15347,832,848,5656,480,399,7320
106401000,370,-5565,-174,-11,590,4372,-16995,-83,447,3582,480,520,6760
106449000,694,-5556,39,-87,376,6752,-15042,-1669,-233,2981,480,559,6559
106501000,999,-5399,41,-50,937,5287,-12540,-2585,-1197,2641,480,599,6280
106549000,1245,-5053,233,119,2201,6142,-4727,-205,-1725,3015,480,639,6120
106601000,1385,-4805,-42,33,1134,5043,-4849,-1303,-1756,3223,480,799,5880
106649000,1493,-4783,44,-110,963,4067,-7779,-1731,-1825,2478,480,880,5599
106701000,1425,-4805,18,-93,1718,-1181,-5704,-1181,-1517,823,480,920,5079
106749000,1277,-4721,146,150,947,1686,-4056,-998,-660,331,480,1080,4839
106801000,1285,-4606,148,171,1863,5043,-2957,-1914,-615,220,599,1080,4679
106849000,1478,-4485,53,-16,2201,8278,-5155,-4111,-1084,286,480,1080,4600
106901000,1688,-4471,1,-40,1187,3029,-3385,-3684,-1706,-93,480,1119,4440
106949000,1682,-4348,162,36,505,1747,-4544,-4538,-1836,335,480,1080,4479
107001000,1477,-4226,257,117,1744,-7041,-3568,-4233,-1071,-320,480,1119,4119
107049000,919,-4167,16,-47,1743,-11679,-5643,-2463,296,-2422,599,1119,3359
107101000,328,-4069,-122,156,106,-11435,2657,-3256,574,-4289,359,520,2639
107149000,6,-3643,100,35,1656,-5515,6319,-1608,1116,-3682,599,399,2479
107201000,46,-3482,164,31,2065,-1548,4305,-3378,820,-3368,480,320,2360
107249000,220,-3298,275,71,628,-388,8944,-3745,134,-2947,480,239,2360
107301000,299,-3201,51,76,-200,-7529,9188,-2097,-538,-2884,480,120,2239
107349000,147,-3354,48,-16,855,-12778,6441,-3195,-388,-4096,480,39,1960
107401000,-29,-3187,1,-75,666,-15464,11812,-2768,207,-5361,480,39,1400
107449000,-203,-2653,224,-12,316,-16196,17916,-2402,496,-6623,480,0,520
107501000,-454,-2111,129,187,1440,-20591,19075,-2402,1483,-6453,480,39,-39
107549000,-769,-1832,54,155,792,-21628,9920,-2829,2161,-7618,480,0,-679
107601000,-1163,-1847,-23,-63,228,-25473,12911,-2097,3370,-12382,480,-39,-2280
107649000,-1509,-1668,59,-177,1821,-20468,22737,-1792,4436,-14991,480,0,-3279
107701000,-1526,-1229,312,244,459,-16135,29818,-1669,4460,-18809,480,-39,-5039
107749000,-1221,-893,-79,43,885,-10642,24569,-2524,3854,-18809,599,0,-5319
107801000,-902,-524,-16,-30,1298,-13449,26949,-1242,2828,-19213,480,39,-5880
107849000,-809,-48,-205,-87,775,-16196,32686,-998,2365,-18641,359,-39,-6080
107901000,-869,433,141,72,277,-20652,29940,-2768,2609,-16820,480,0,-6040
107949000,-1008,781,-2,136,648,-21750,32808,-1975,2808,-14134,480,-39,-5440
108001000,-1161,1168,12,110,1158,-21567,27376,-2646,3484,-8975,480,0,-4160
108049000,-1314,1062,126,67,1480,-22300,21761,-2585,3708,-7066,480,-39,-3439
108101000,-1320,1114,23,89,1323,-14670,25423,-1303,3962,-3497,480,0,-2280
108149000,-1176,1031,21,10,627,-12961,18892,-1425,3700,-1703,480,39,-1640
108201000,-945,521,85,-122,164,-9421,13338,-1120,3076,605,480,79,-319
108249000,-533,-116,83,-36,1767,282,9859,1137,2350,-106,480,160,-39
108301000,187,-1067,172,-14,1330,2846,3145,2236,38,-2601,480,199,199
108349000,772,-1492,-193,-37,2126,7485,8699,3762,-769,-2814,359,399,520
108401000,1172,-1853,269,97,1801,5287,704,4616,2963,-4481,480,2160,360
108449000,1724,-2322,-128,0,2070,17006,-333,7180,9484,-6221,480,4760,199
108501000,2710,-2383,203,-2,1454,35195,521,7668,13829,-6791,480,7320,120
108549000,3871,-2648,-54,-141,1921,38124,-4910,7302,10893,-7846,480,7320,-39
108601000,4545,-2774,-333,43,1718,23537,2596,7119,8204,-8444,480,7279,-39
108649000,4566,-2695,46,-157,832,16213,3572,6813,7727,-8314,480,7160,-39
108701000,4591,-2526,124,-72,1896,17861,1619,6142,7226,-6980,480,7000,199
108749000,4342,-2570,251,72,1848,10903,32,5165,7047,-7003,480,6760,239
108801000,3858,-2626,-201,-86,799,10964,-699,4311,3783,-7518,480,5120,120
108849000,3755,-2603,230,-94,717,18715,3328,3884,1803,-7593,480,4360,79
108901000,3789,-2502,93,44,1253,24330,1558,5227,-2248,-7268,480,3039,79
108949000,4005,-2580,-164,-54,1932,24086,-3446,5410,-4594,-7282,480,2439,120
109001000,3821,-2399,300,-67,-351,11513,4549,8217,-5583,-6839,480,1960,120
109049000,3499,-2147,-104,87,2036,9255,3023,11025,-4775,-6257,480,1960,79
109101000,2997,-2226,176,43,1312,3456,-7718,11147,-2753,-5840,480,2079,280
109149000,2497,-2493,3,-80,899,2602,-6925,9438,-1848,-5366,480,1960,680
109201000,2194,-2582,8,110,1778,7424,-5826,8217,-2862,-4628,480,1240,1040
109249000,1960,-2688,188,-141,1355,5226,-6864,7973,-2767,-4090,480,1080,1280
109301000,1642,-2966,172,-206,229,3090,-9915,9255,-2528,-4340,480,799,1519
109349000,1454,-3275,-75,201,1522,4738,-9122,7729,-3386,-5011,480,360,1559
109401000,1225,-3450,11,-29,2201,-3379,-7779,8217,-3557,-6031,480,39,1440
109449000,740,-3438,-127,-9,-533,-9909,-9976,7668,-2465,-6113,480,0,1400
109501000,302,-3325,-9,-53,603,-6064,-4727,5104,-786,-4575,480,39,1800
109549000,173,-3103,70,156,490,-3318,-4117,5654,-403,-1831,599,39,2520
109601000,348,-2687,221,54,1793,2114,4000,6142,-806,1536,599,79,3199
109649000,433,-2729,-79,-74,1448,1320,-25052,4250,-1158,3847,480,39,3919
109701000,325,-3938,104,-96,1291,-3989,-43973,5410,-857,1025,480,39,4279
109749000,270,-4649,-361,3,789,-1731,-24564,3518,-666,-876,480,39,4319
109801000,338,-4366,65,-102,1474,-449,-15286,2968,-895,219,480,39,4440
109849000,191,-4442,225,-107,854,-10764,-23160,649,-397,119,359,120,4440
109901000,-291,-4414,-100,-86,1623,-15769,-19620,-571,3034,75,359,720,4440
109949000,-670,-4543,-56,7,1518,-7407,-24808,-2890,5056,-106,480,1040,4479
110001000,-51,-4340,-192,-84,751,21584,-16690,-9177,6275,1138,480,2040,4719
0,1205,-4404,-51,-137,506,34950,-26883,-11313,6646,1415,480,3199,4839
110101000,2545,-4386,-121,72,1880,28176,-12052,-9787,5203,1119,480,4279,4760
110149000,3027,-4180,3,-119,1844,18715,-11136,-4660,9194,-153,480,6040,4119
110201000,3575,-4180,-75,-161,1356,40322,-6619,-2829,9193,-541,480,6640,4000
110249000,4413,-3800,-94,15,88,30251,2657,-3439,6954,606,480,6640,4080
110301000,4163,-3416,-231,-37,604,5837,-2408,-1731,7430,2111,480,6640,4119
110349000,3774,-3597,0,-130,643,15968,-9305,-1975,4718,1939,480,5360,4200
110401000,4182,-3402,313,-16,236,30678,8333,527,1132,4191,359,4560,4800
110449000,4566,-2991,-85,-179,1105,19264,-9610,-1364,-925,7082,480,4240,5360
110501000,4272,-3405,-107,207,1967,4555,-17301,710,-6098,9222,480,2239,6480
110549000,3791,-3452,27,102,95,1259,-13638,161,-6951,9956,480,1559,6760
110601000,3600,-4268,41,-4,2132,4555,-40921,3823,-6721,8675,480,1359,7160
110649000,2980,-5212,132,-24,184,-19858,-36344,4189,-5543,8268,480,1280,7839
110701000,1463,-5296,-108,141,810,-44638,-16568,3395,-791,9071,480,1199,8320
110749000,-128,-5192,143,-87,1084,-41465,-40860,-632,2502,9738,480,920,8360
110801000,-756,-6014,304,-46,1122,-21018,-43118,5654,4310,6797,480,680,8280
110849000,-852,-5835,-40,356,105,-19248,-18338,710,3736,6908,480,399,8239
110901000,-1120,-5251,138,94,2012,-39450,-28897,710,3480,8845,359,39,8199
110949000,-2221,-5545,123,37,282,-56723,-36710,161,7584,8074,480,520,8160
111001000,-3417,-5770,-46,113,614,-54770,-26456,-83,14213,6208,480,1319,7839
111049000,-3721,-5767,-82,64,2201,-21140,-25174,710,20355,4297,480,2999,7200
111101000,-2618,-5567,124,-165,236,4250,-15897,-1364,22254,5017,480,4800,7240
111149000,-1172,-5374,-19,163,186,15053,-21146,2053,19320,5597,480,5000,7240
111201000,580,-5318,-46,-70,1556,22804,-14737,1747,13379,3005,480,5039,6319
111249000,1719,-4856,131,215,942,13039,-7169,1931,10391,-791,480,5039,4679
111301000,2604,-4286,201,155,1682,14504,-2591,1442,12467,-2538,480,6760,3440
111349000,3193,-3309,-127,74,1731,14260,14620,527,15104,-2030,480,8120,2839
111401000,3900,-2522,111,-152,2168,21218,-5948,-2707,14217,-486,480,8640,2360
111449000,4418,-2500,354,-68,1538,20485,2901,-3378,11163,-4130,599,8080,1159
111501000,4495,-2013,-202,-111,1672,11452,15596,-4355,6433,-6041,480,6640,0
111549000,4172,-1571,63,-71,995,5104,12484,-5637,5647,-4966,480,6120,-39
111601000,3592,-1087,32,20,668,1686,24935,-7285,7942,-3382,599,6240,-39
111649000,3257,-365,-130,-16,-706,2052,31221,-5759,9274,-1611,480,6400,-39
111701000,3031,238,-86,-90,779,2480,25911,-6430,12144,596,480,7079,-39
111749000,2848,479,-43,-89,1960,2968,24752,-5759,14765,1320,480,7799,0
111801000,2519,801,188,-39,762,-4843,24874,-5515,18960,3843,480,8840,480
111849000,2429,841,-85,-78,1443,4006,20357,-5942,23233,5178,359,10160,880
111901000,2551,588,66,-22,1827,8461,14925,-5087,22946,5366,480,10200,1199
111949000,2802,381,96,44,387,8644,19747,-3501,23174,5649,480,10480,1480
112001000,3339,307,42,146,1148,13710,21151,-3012,21661,5722,480,10559,1600
112049000,3692,184,245,152,945,8095,22188,-3195,20696,6007,480,10559,1800
112101000,3758,-17,31,61,1177,4433,20113,-2524,20645,6428,480,10639,2160
112149000,3792,-557,10,142,509,7729,11751,-2951,21719,5734,480,10999,2360
112201000,3857,-890,1,-12,440,6630,24202,-2829,22146,4527,480,11240,2400
112249000,3899,-833,141,50,1438,7424,24935,-2036,22272,5051,480,11320,2520
112301000,3974,-989,41,197,712,12428,19564,-2524,22877,4712,480,11600,2560
112349000,4283,-943,35,137,634,12367,23104,-1731,23203,5047,480,11960,2639
112401000,4467,-932,213,259,922,11635,21456,-998,24398,7281,359,12600,3359
112449000,4633,-1107,247,124,367,5470,19136,649,23912,9300,480,12600,4159
112501000,4822,-1358,228,97,1055,8766,16329,1259,21412,11044,480,11960,5039
112549000,4980,-1787,486,220,2146,9438,15841,832,20469,11068,480,11800,5399
112601000,4901,-2401,213,287,1875,-22,9859,771,19014,10315,480,11240,5840
112649000,4468,-2843,117,193,1101,-4721,12178,-1059,20188,9761,480,11280,6040
112701000,4268,-3156,246,244,2201,3578,8760,-2524,20674,9849,480,11160,6440
112749000,4273,-3627,249,287,2115,5226,7357,-693,19682,9828,480,10840,6840
112801000,4001,-3830,85,-25,1734,-4111,10042,-1853,20395,9029,599,10799,6840
112849000,3825,-4154,-61,119,2058,1503,338,-1059,21039,8155,480,10840,6800
112901000,3661,-4437,128,179,1994,-3257,8516,-1181,21415,7088,359,10799,6800
112949000,3535,-4450,39,-15,823,771,2657,-510,21636,7261,480,10760,6840
113001000,3567,-4765,196,-182,951,832,-821,-1303,21456,6224,480,10720,6840
113049000,3821,-4893,135,81,1696,7301,8577,-1120,20908,5687,480,10720,6800
113101000,4201,-4872,93,66,2063,8339,7601,-1181,18836,6382,720,10480,7000
113149000,4478,-4836,195,15,1426,7912,4366,-876,16457,7700,959,9920,7400
113201000,4680,-4936,89,289,500,1869,3572,-1853,12477,11350,839,8840,8719
113249000,4623,-5119,55,251,1453,-6003,-2591,-510,12424,11850,720,8800,9040
113301000,4335,-5450,-116,40,-124,-10581,-8206,-1242,13393,11609,599,8800,9320
113349000,4217,-5724,5,0,1307,-5271,-5521,-1792,14093,11358,480,8920,9480
113401000,4147,-5843,64,-14,1632,-4599,-3385,-1181,14677,10909,480,9040,9480
113449000,4217,-6062,36,89,730,-83,-7657,-1914,14284,8081,480,8959,8719
113501000,4328,-6354,253,-36,1427,-3867,-5948,-2768,10174,6375,599,7720,8480
113549000,4376,-6385,-11,175,873,-2158,-455,-2341,8125,6103,480,7079,8440
113601000,4310,-6351,-98,-81,1067,-7895,-3873,-2402,7708,6746,599,6879,8599
113649000,4135,-6362,279,78,1635,-10825,-3934,-2829,7617,7422,480,6719,8840
113701000,3778,-6450,46,143,615,-13938,-8084,-998,8464,8727,480,6600,9360
113749000,3507,-6646,17,102,1593,-14792,-9854,-2219,7680,8457,599,6120,9440
113801000,3114,-6694,48,136,1208,-18882,-3324,-998,8417,8475,480,5920,9519
113849000,2928,-6543,-85,20,-289,-22177,-4361,-754,6777,8846,359,5160,9519
113901000,2833,-6395,7,143,720,-21567,-3507,-2341,4338,9254,480,4279,9480
113949000,2717,-6286,301,89,2201,-21201,-4300,-693,632,9331,599,2960,9400
114001000,2608,-6359,-96,-34,916,-19431,-9976,-1242,-1345,8761,480,2160,9280
114049000,2349,-6447,60,76,97,-24192,-12174,-876,-3418,5539,480,1280,8280
114101000,1959,-6512,445,156,704,-28342,-9976,-815,-5759,-5018,359,39,4839
114149000,1680,-6314,186,90,996,-25351,948,-449,-5050,-16867,480,39,759
114201000,1532,-5485,166,-44,1614,-23642,11568,-693,-4598,-20775,480,0,-1440
114249000,1445,-4579,-47,-114,1087,-20224,15230,-632,-4359,-24262,480,0,-3359
114301000,1395,-3655,-41,-27,1061,-19675,18648,-388,-4307,-28247,480,-39,-5759
114349000,1317,-2854,-131,20,1659,-22239,23287,-1303,-4010,-30831,480,0,-7280
114401000,1144,-1848,104,15,414,-23459,28780,-2890,-3434,-32304,480,0,-8920
114449000,1238,-1093,68,-76,552,-16989,23958,-2219,-3752,-30366,480,-39,-8920
114501000,1281,-660,41,55,1865,-21018,23775,-2707,-3965,-28622,480,-39,-8880
114549000,1181,-496,-19,44,2039,-16806,20174,-2707,-3442,-27809,480,39,-8760
114601000,1203,-389,8,20,2201,-10520,18770,-2463,-3611,-25888,359,0,-8240
114649000,1416,-418,20,164,1701,-12229,14925,-1731,-4012,-26037,480,39,-8280
114701000,1583,-575,-70,-22,1273,-6064,13887,-2402,-4750,-25845,480,0,-8040
114749000,2041,-674,-59,22,1084,-1548,15047,-1669,-5765,-24681,599,39,-7560
114801000,2250,-859,0,133,1404,-7285,8821,-1425,-6752,-23939,480,0,-7120
114849000,2310,-1142,122,156,620,-9482,5465,-3684,-6941,-24403,480,0,-7040
114901000,2414,-1292,131,206,-102,-8017,9554,-4721,-7242,-24396,480,0,-6840
114949000,2516,-1288,201,147,540,-10154,4366,-7346,-7549,-24361,480,0,-6840
115001000,2644,-1369,265,65,653,-7346,6685,-8933,-7933,-23789,480,0,-6560
115049000,2777,-1410,-120,131,145,-2890,8638,-8383,-8188,-21727,359,0,-5840
115101000,3062,-1458,59,165,1035,2785,8455,-7956,-9306,-12655,480,-39,-2760
115149000,3255,-1652,-15,66,2186,3578,1253,-8139,-9674,-5307,480,0,-160
115201000,3349,-2153,-68,9,373,405,-8817,-7529,-10049,3379,480,0,3280
115249000,3317,-2560,-90,-12,609,-1548,-5155,-7407,-9882,11655,480,39,6400
115301000,3316,-3135,-61,62,618,2297,-23465,-9055,-6109,19514,599,1280,9639
115349000,3409,-4165,247,14,2078,5287,-28897,-7956,-956,22450,480,3080,11480
115401000,3535,-5015,105,-34,35,9926,-25907,-7834,7274,24194,480,5959,13080
115449000,3811,-5876,-46,-5,364,16640,-37137,-7346,9532,23780,480,6919,13640
115501000,4547,-6775,45,134,1402,28725,-36588,-6857,9397,21314,480,7679,13880
115549000,5369,-7222,74,-109,652,30983,-31033,-6735,9235,20017,359,8320,13840
115601000,6077,-7437,33,94,1790,30190,-32071,-5942,8288,19207,480,8840,13840
115649000,6554,-7720,-24,80,1396,33058,-33292,-5454,8316,18347,359,9240,13800
115701000,7075,-7663,-205,107,223,34828,-25601,-4355,6492,16969,480,9240,13320
115749000,7518,-7503,89,-74,636,35683,-34085,-4843,5479,15867,0,9280,12799
115801000,7927,-7658,28,106,1622,36232,-35001,-1731,4656,12063,-4320,9480,11680
115849000,7972,-7480,166,-81,936,27809,-29263,1503,4419,10316,-7919,9480,10959
115901000,7578,-7310,-218,-67,316,17983,-29691,6569,5585,9268,-12720,9440,10400
115949000,6945,-7222,24,133,1003,10842,-27249,9438,7156,8246,-14519,9440,10000
116001000,6215,-6913,179,-62,870,6447,-20291,10109,9793,8658,-14760,9480,9800
116049000,5787,-6640,-62,5,1172,15236,-26944,9011,10861,9100,-14880,9440,9679
116101000,5861,-6762,-37,134,1530,27199,-29019,8156,10614,8871,-9840,9400,9719
116149000,6313,-6526,32,-28,1337,32448,-18399,7668,9629,9764,-7200,9440,9840
116201000,6755,-6329,-14,115,723,30312,-19010,6569,7932,11011,-7799,9400,10000
116249000,6767,-6255,-197,169,803,19753,-20169,8889,8093,11008,-7799,9480,9960
116301000,6282,-6012,-242,144,-279,8339,-16141,9438,9592,11842,-6239,9480,9960
116349000,5745,-5413,192,-133,1386,7240,-21207,5471,10947,13445,-5880,9480,9960
116401000,5308,-5660,74,74,1584,15602,-40189,4616,13353,12659,-4320,9760,9879
116449000,5583,-6208,-95,-107,968,37270,-29569,4738,14204,10201,-4200,10200,9560
116501000,6379,-6101,-85,127,1195,33608,-17423,6203,11461,7736,-2279,10200,8680
116549000,7047,-5909,-136,-154,1191,44106,-19254,9072,10348,7798,-1679,10360,8520
116601000,7493,-5672,216,14,331,34767,-15042,10964,9080,7942,-1319,10520,8320
116649000,7824,-5836,219,19,2201,41786,-23526,9316,8280,7319,-1319,10520,8199
116701000,7574,-5893,509,240,644,13954,-9854,6142,8835,2599,-2040,10520,6760
116749000,6871,-5381,-86,-98,1189,14321,-1554,6203,9569,-1281,-6000,10160,5039
116801000,6706,-4858,164,-114,906,29579,826,10781,1240,-12775,-12600,7119,599
116849000,6750,-4181,446,119,1687,16701,14009,14809,-11146,-13238,-12240,3080,-80
116901000,6024,-3015,-204,131,1314,-8506,22615,13710,-18073,-9287,-7080,0,-80
116949000,4976,-2101,191,-10,1322,-9116,22066,11818,-15548,-7102,-7200,-39,-119
117001000,4221,-1020,452,-14,2035,-1670,31588,12978,-12664,-3181,-6960,0,-39
117049000,4107,-399,182,104,1220,7790,23897,12246,-12300,-1604,-6839,0,-80
117101000,3826,67,299,12,1235,-9177,28475,6752,-11478,-38,-6839,0,-80
117149000,3092,203,25,-6,1179,-13999,18770,3884,-9449,336,-6719,39,-119
117201000,2623,143,-33,30,1057,-11313,27437,3334,-7991,189,-6719,-39,-80
117249000,2317,395,193,69,1421,-15281,27376,4372,-7113,945,-6839,0,-80
117301000,1713,309,35,69,289,-17112,25362,4311,-5141,688,-6960,0,-80
117349000,1459,242,143,-243,228,-17844,24874,6020,-4614,409,-6839,-39,-119
117401000,1093,-252,399,117,984,-25412,12300,5837,-3401,-2318,-6000,-39,-520
117449000,507,-734,384,9,-140,-34079,27987,2480,-1871,-4867,-5400,0,-920
117501000,14,-494,-13,176,762,-26938,34090,5104,-164,-5322,-5520,-39,-1280
117549000,-139,-517,299,14,1047,-23459,28536,1564,504,-5536,-5159,39,-1360
117601000,61,-584,221,71,318,-18271,33968,405,-184,-5712,-5039,0,-1319
117649000,235,-580,74,-165,866,-20774,28414,1442,-607,-5254,-5159,39,-1200
117701000,364,-884,276,-113,1859,-17966,23409,649,-973,-4333,-5159,39,-559
117749000,679,-1029,-39,86,1027,-13449,30916,1381,-1857,-4734,-5159,0,-520
117801000,827,-778,83,163,986,-15097,25728,1137,-2483,-2816,-4800,0,-160
117849000,670,-845,45,58,837,-23642,24080,-571,-2107,-2562,-3599,0,-39
117901000,353,-833,214,49,-510,-30295,30306,-1547,-1061,-2621,-2399,0,-39
117949000,123,-669,108,-25,1341,-27365,28902,-1792,-467,-1959,-2520,0,39
118001000,175,-893,202,2,1973,-21079,19075,-2768,434,-1599,-2040,320,360
118049000,596,-970,29,-28,1542,-9055,30062,-1425,656,-1195,-2040,720,599
118101000,1221,-735,198,-81,1173,-8506,26216,39,775,2713,-2040,1480,1640
118149000,1898,-1092,-23,19,775,-144,10103,-998,86,5057,-2040,1800,2679
118201000,2379,-1616,21,166,1509,-9299,14009,-876,-179,7150,-2040,2320,4000
118249000,2192,-2113,-60,285,258,-19065,10408,-1792,2076,7396,-2160,2920,4479
118301000,1717,-2763,-34,135,752,-22666,7418,-2402,5167,6709,-2160,3440,5000
118349000,1475,-3306,89,157,947,-16013,1436,-571,8143,6903,-2040,4200,5520
118401000,1795,-3804,249,28,761,-998,521,-1486,7574,6227,-1919,4319,5880
118449000,2393,-4121,-92,76,-490,-2341,4000,-1669,7326,6692,-1919,4760,6319
118501000,2848,-4206,105,120,1240,649,4732,-815,9573,7539,-1919,6040,6719
118549000,3300,-4355,193,-22,1027,2114,32,-510,10327,8221,-2040,6680,7079
118601000,3673,-4279,33,29,995,1991,3695,710,10220,10442,-1919,7079,7760
118649000,3999,-4154,246,-68,2110,7668,-3385,2602,9520,11570,-2040,7119,7999
118701000,4385,-4554,61,175,1559,14809,-8573,2419,8684,10817,-1919,7279,8160
118749000,4710,-4849,206,161,1332,14260,-8206,3579,9047,10126,-1919,7679,8160
118801000,4877,-5245,215,254,873,8461,-7962,3823,10326,8624,-1799,8320,8120
118849000,4660,-5270,291,101,2020,-4355,-4056,2358,12164,8424,-1440,8800,8080
118901000,4294,-5469,55,201,-41,-2707,-7840,1564,14955,7350,-1319,9280,7920
118949000,4378,-5819,55,132,166,7729,-8939,771,15189,6238,-1080,9400,7839
119001000,4817,-6123,-201,55,1090,14382,-5338,1809,15787,5028,-719,10079,7799
119049000,5192,-6082,-131,-33,2058,13954,-2286,1381,16026,5172,-360,10480,7839
119101000,5521,-5955,251,108,1714,14931,-3018,222,15115,5653,119,10559,7839
119149000,5805,-5891,43,0,2201,18105,-3385,-449,15699,5343,119,10999,7679
119201000,6030,-5842,192,91,960,19753,-4239,-1120,16228,5392,119,11440,7639
119249000,6159,-5746,248,165,1269,13832,-2835,466,18383,5853,240,12279,7720
119301000,6120,-5718,284,169,1550,12795,-6925,-22,19558,6004,0,12639,7720
119349000,6024,-5915,49,15,1282,14382,-13761,1198,19814,5695,-239,12639,7760
119401000,6075,-6235,-41,123,-267,17983,-14005,771,19693,5894,-1679,12639,8199
119449000,6282,-6392,239,103,899,19203,-13028,3579,19194,6730,-1919,12639,8599
119501000,6586,-6530,111,167,473,20424,-15042,2907,18160,6928,-1919,12639,8840
119549000,7082,-6577,173,209,741,20241,-16141,4921,16838,7079,-1919,12600,8920
119601000,7423,-6670,86,-87,2010,19264,-18033,4006,15528,7468,-1919,12600,9159
119649000,7391,-6606,42,32,597,19386,-14005,3273,15688,8219,-1799,12639,9360
119701000,7262,-6413,171,73,2184,16396,-11136,4128,14211,8838,-1679,12000,9360
119749000,7059,-6421,234,74,1558,13527,-16873,4067,14268,8977,-1679,11840,9400
119801000,6842,-6488,117,46,629,10842,-15103,3456,13553,8734,-1560,11359,9400
119849000,6718,-6320,84,147,723,10536,-11014,4128,11950,9140,-1679,10720,9400
119901000,6528,-6269,-53,152,607,2663,-13272,5165,7533,9272,-1679,9040,9360
119949000,6078,-6099,113,-68,-207,-4660,-5399,5715,4608,9463,-1560,7720,9320
120001000,5646,-6004,125,216,-292,-876,-12357,7485,3699,9466,-1679,6879,9159
120049000,5193,-6288,91,210,1471,-6797,-13089,5349,2149,8947,-1919,5999,9240
120101000,4804,-6297,114,86,2201,-1914,-4361,5959,3587,8946,-2399,5999,9280
120149000,4468,-6337,133,148,1559,2724,-10098,5410,4745,8975,-2279,6080,9280
120201000,4564,-6392,93,-116,275,9316,-2408,2907,4547,8783,-1199,6080,9320
120249000,4794,-6081,-4,50,1686,5654,154,1931,3923,9673,-1080,6080,9360
120301000,4722,-6054,345,4,1282,-998,-10343,100,4193,10396,-960,6120,9519
120349000,4362,-6302,234,-107,1134,-4966,-8756,283,5132,10509,-1080,6120,9800
120401000,4004,-6169,47,48,1143,-3379,399,-1792,6345,10891,-1080,6120,9800
120449000,4089,-5956,-68,132,1653,6447,-9366,-2463,6215,11358,-719,6120,9760
120501000,4413,-6170,36,60,1726,7118,-19132,-3317,4760,10767,-480,5999,9760
120549000,4566,-6389,164,-52,1242,-266,-19010,-2646,981,12267,-599,4879,10439
120601000,4448,-6725,117,33,436,-7102,-22428,-2951,-746,12703,-480,4200,10959
120649000,4252,-6967,249,158,1309,-8811,-15714,-1975,-486,12381,-599,4119,11080
120701000,3921,-6792,53,231,635,-16745,-5948,-815,-2525,12981,-480,3080,11120
120749000,3509,-6496,-95,164,353,-18515,-12296,-510,-1714,13709,-599,2999,11080
120801000,3181,-6756,134,-123,2193,-17905,-18399,1198,-1625,12969,-480,2639,11080
120849000,3033,-6681,143,84,1899,-14426,-5277,1076,-1574,13072,-599,2520,11080
120901000,2922,-6467,274,-54,1000,-16745,-9000,1564,-1808,13477,-599,2320,10959
120949000,2891,-6698,112,103,657,-12900,-13516,954,-1870,12557,-599,2279,10840
121001000,2711,-6706,27,154,2201,-18882,-2164,-510,-1173,11200,-480,2320,10439
121049000,2427,-6561,118,145,677,-16501,-5033,-998,-301,11851,-1080,2360,10520
121101000,2301,-6577,-170,203,1181,-13449,-7169,-2646,5814,11946,-1319,4240,10559
121149000,2400,-6427,206,158,1196,-8445,338,-3012,5725,12083,-1319,4279,10480
121201000,2638,-6275,134,235,145,-4599,-6436,-2036,4924,10212,-1199,4279,9679
121249000,2770,-6362,199,206,169,-12351,-4056,-2646,4395,8253,-1319,4240,9119
121301000,2892,-6053,62,102,602,-3318,5159,-3256,4402,8358,-480,4360,8840
121349000,3186,-5764,198,285,1375,-2158,6258,-6918,4385,8488,-239,4600,8640
121401000,3440,-5659,-50,243,879,-2158,-699,-5393,5158,8580,-239,5160,8520
121449000,3342,-5817,167,143,380,-14609,216,-4721,6782,7938,-119,5639,8440
121501000,3156,-5844,-24,57,1660,-12046,2291,-5087,8649,6466,-239,6040,7999
121549000,3265,-5836,117,189,246,-9177,4061,-4599,10572,4819,-239,6719,7439
121601000,3687,-5898,58,-7,845,1137,2840,-3867,9097,3905,-239,6719,7200
121649000,4512,-5901,-16,6,2201,13588,9676,-4050,7551,3371,-239,6840,7040
121701000,5457,-5604,198,43,1646,11696,12362,-4050,4628,2745,-119,7000,6519
121749000,5769,-5467,66,203,1341,4372,9615,-4172,4715,2032,-239,7320,6159
121801000,5777,-5202,159,163,501,38,17122,-3867,5948,831,-239,7760,5480
121849000,5887,-5092,297,132,450,1259,10591,-3439,7475,-381,-119,8360,4960
121901000,6022,-5222,9,-68,215,-2524,14864,-3012,8453,-1868,-239,8840,4600
121949000,5993,-5068,214,10,1009,-5027,21090,-5454,9169,-3024,-239,9080,4080
122001000,6093,-5145,61,82,1480,-1731,17672,-4416,7398,-12437,-360,8559,999
122049000,6193,-4970,389,55,1880,-3928,28170,-4294,2841,-15177,-239,7119,-39
122101000,6080,-4545,54,173,1362,-1487,33419,-2158,237,-13756,-119,6159,-39
122149000,6136,-4200,203,87,391,3884,31221,-2036,-612,-12968,-239,5920,-80
122201000,6115,-4114,93,274,262,2602,27803,-3867,-587,-12342,-119,5920,0
122249000,5938,-4004,51,120,388,-7956,29024,-2707,1923,-12108,-239,6640,0
122301000,5530,-3899,317,92,1206,-10703,25484,-3684,4528,-11698,-119,7040,0
122349000,5044,-3819,120,3,2013,-11863,32625,-2768,5937,-11593,240,7119,0
122401000,4862,-3429,252,-32,1171,-3257,35982,-3012,7012,-10289,359,7200,0
122449000,4892,-3034,130,-37,1748,8766,36776,-3562,7278,-9358,359,7279,-39
122501000,5054,-2933,136,141,311,7424,32442,-4721,6676,-8921,359,7279,-39
122549000,5351,-3010,167,112,2201,15236,29085,-5332,5878,-9105,359,7240,-39
122601000,5491,-2989,210,60,2201,8095,30794,-5698,4526,-9088,359,7000,-39
122649000,5526,-3116,-58,168,1728,2480,31343,-4233,4425,-9284,240,7000,0
122701000,5387,-3043,201,148,156,-2707,34945,-2646,4837,-7091,240,7000,680
122749000,5385,-3121,72,208,1095,-2707,29940,-4050,4998,-4566,359,7040,1600
122801000,5486,-3193,264,214,2201,4555,25789,-4233,3340,1939,480,6600,3840
122849000,5351,-3366,-9,193,358,-571,17550,-1364,1935,3638,599,6040,4519
122901000,5376,-4057,-89,261,952,-6064,5342,-2402,1989,3667,359,6040,5280
122949000,5187,-4815,56,160,-968,-11985,-5399,-1975,2626,3526,480,6080,5840
123001000,5177,-5488,-54,34,504,-5820,-1126,832,2706,2973,480,6080,6480
123049000,5386,-5971,229,65,1030,343,-10709,-937,2072,3353,480,6040,7000
123101000,5564,-6767,105,-37,829,-7407,-13272,2114,1427,2018,480,6040,7439
123149000,5536,-7452,-56,253,1818,-3440,-18399,893,1630,546,359,6080,7520
123201000,5710,-7771,-42,12,-963,-1242,704,1503,1107,324,359,6080,7880
123249000,5697,-7258,-179,84,1412,-4111,3939,2724,1085,3191,359,6080,8400
123301000,5295,-7056,194,-20,2073,-12534,-9610,1809,2353,5471,359,6080,8880
123349000,5043,-7078,231,93,2150,-7407,-5643,3090,2993,5247,480,6080,8840
123401000,4778,-7074,-120,-59,675,-15097,-9305,6020,3665,5295,359,5999,8840
123449000,4481,-7092,-91,9,564,-11924,-14371,4799,4608,5485,359,6040,8880
123501000,4685,-7343,208,115,1287,-22,-16202,3456,4064,4968,359,6040,9000
123549000,5118,-7534,167,133,1145,2541,-19559,4738,2541,6896,359,5920,9800
123601000,5308,-7518,-85,0,1681,-2890,-21390,5288,1595,9843,359,5840,10799
123649000,5253,-7563,-35,-24,2201,-1242,-29447,5959,1029,9982,359,5599,10880
123701000,5262,-7709,96,59,1927,3822,-29752,5898,1131,9991,359,5639,11040
123749000,5105,-7774,181,172,260,-8933,-25052,5593,1931,10783,359,5799,11359
123801000,4725,-7712,237,274,636,-4599,-23282,4982,4184,10822,359,6120,11320
123849000,4608,-7889,244,168,1092,-9543,-28348,6569,6712,10326,480,6879,11280
123901000,4520,-8346,37,75,327,-8017,-29141,7485,7557,8559,359,7040,11199
123949000,4715,-8591,-26,43,585,1259,-20596,7912,7046,7996,359,7000,11240
124001000,5557,-8605,-80,172,1155,13466,-20963,9438,4567,7783,240,7079,11199
124049000,6373,-8630,14,40,441,12306,-20169,8095,2505,7686,359,7079,11199
124101000,6957,-8456,-48,203,518,14015,-14493,7485,366,8350,480,7079,11240
124149000,7344,-8151,3,139,1284,15419,-10526,7180,-604,9205,480,7079,11280
124201000,7644,-7840,-68,283,-78,12062,-13516,6508,-1813,10439,480,7040,11320
124249000,8039,-7653,-28,-75,-334,9682,-19315,5837,-3142,10989,359,6919,11359
124301000,8478,-7413,138,19,969,5531,-21085,5532,-4554,11839,480,6960,11359
124349000,8672,-7448,-149,2,451,5898,-24991,6874,-5610,11685,480,6760,11320
124401000,9028,-7720,331,153,722,8034,-27249,5715,-9204,10798,480,5959,11320
124449000,8908,-7941,12,245,156,3884,-24320,6813,-9181,10190,480,5880,11320
124501000,8499,-8020,-15,144,1860,1015,-22794,5593,-9897,9898,480,5200,11320
124549000,7921,-7974,93,57,1892,-510,-16324,5288,-8601,9960,480,5160,11320
124601000,7361,-7699,237,173,2073,-998,-12418,5104,-7683,10382,359,4800,11160
124649000,6968,-7492,182,157,1546,343,-13638,5654,-6679,9960,480,4800,10840
124701000,6328,-7385,235,-28,458,-6614,-11075,4433,-5064,7843,359,4640,10000
124749000,5942,-7241,135,-104,1114,-1303,-10709,2846,-5113,4229,240,4279,8680
124801000,5735,-7145,47,78,-43,466,-9183,1992,-4487,2444,240,4240,7960
124849000,5587,-6857,166,-7,151,4372,-943,1198,-4020,3145,240,4279,7960
124901000,5427,-6524,1,-107,123,405,-6680,832,-3442,4667,240,4279,8080
124949000,5113,-6237,-23,-45,914627,359,4279,8039,,,,,
125049000,4908,-5948,45,92,1798,7729,-8573,-1853,-1886,6023,480,4240,7920
125101000,4895,-6070,95,117,1469,1015,765,-2951,-1966,5789,359,4240,7999
125149000,4760,-6059,247,31,1613,-2341,154,-1853,-1536,5817,359,4279,7999
125201000,4510,-6157,11,47,447,1503,-1431,-2158,-692,5526,359,4279,7999
125249000,4709,-6259,-28,53,1534,8766,1986,-2097,-1132,5209,480,4279,7999
125301000,4789,-6167,90,126,1061,5104,1863,-1120,-1527,5378,359,4279,7960
125349000,4777,-6028,68,149,927,5470,1253,-2219,-1714,5671,480,4200,7920
125401000,4921,-6175,172,127,2201,12978,-3751,-3806,-2043,5353,480,4240,7960
125449000,5178,-6481,322,64,1228,14748,-4971,-4660,-2565,4473,359,4279,7920
125501000,5224,-6593,-109,159,625,7240,1925,-3012,-2832,4098,480,4279,7960
125549000,5032,-6628,-27,147,908,4616,-1004,-3562,-2362,3936,359,4279,7920
125601000,4759,-6700,-16,231,415,-205,1497,-3378,-1317,3659,359,4319,7920
125649000,4422,-6660,192,121,-50,-5637,643,-1731,-631,3803,240,4279,7920
125701000,4184,-6822,165,160,1769,99,-760,-3134,285,2692,240,4279,7720
125749000,4020,-6918,172,126,1218,1625,765,-2280,-844,1114,359,3759,7279
125801000,4106,-7028,-53,59,38,8156,1375,-1425,-4519,755,359,2600,7279
125849000,4378,-7038,-128,205,285,5593,4427,-2097,-5675,588,359,2439,7240
125901000,4335,-7063,257,94,508,-571,5037,-815,-5926,1129,359,2360,7439
125949000,4030,-7342,29,105,463,-8323,5220,466,-5213,489,119,2360,7439
126001000,3862,-7504,133,38,-319,99,8944,-1242,-4628,-312,240,2320,7400
126049000,3874,-7497,-4,33,158,-5332,6929,-815,-4510,-1005,240,2400,7160
126101000,3611,-7383,225,20,105,-13877,16329,-1425,-3995,-2829,240,2279,6440
126149000,3532,-7027,89,-63,1474,-4477,20052,-632,-3811,-2048,240,2239,6400
126201000,3922,-6721,28,213,2201,9072,12545,-2463,-6846,-1204,359,1640,6319
126249000,4243,-6714,14,142,-160,6142,5159,-3195,-8452,-1828,240,1359,6080
126301000,4133,-6888,281,236,993,-10581,13826,-3439,-10720,-5425,119,559,5079
126349000,3794,-6933,288,30,710,-18821,14681,-2585,-10915,-7488,240,239,4440
126401000,3299,-7162,13,146,445,-17417,11690,-3745,-9657,-8766,240,79,4240
126449000,3090,-7171,104,65,1598,-18027,16573,-5332,-9280,-9161,359,39,4159
126501000,2907,-6902,147,19,623,-17234,17122,-3501,-8483,-8108,359,79,4200
126549000,2892,-6717,115,-91,1786,-12900,12850,-4904,-8389,-7525,240,79,4240
126601000,3027,-6496,-34,57,1875,-7895,15963,-5637,-8842,-6888,359,79,4200
126649000,3214,-6263,104,104,824,-3928,14315,-5454,-9366,-6134,359,39,4240
126701000,3210,-6337,0,-18,534,-15708,10164,-5393,-9390,-4011,359,79,5000
126749000,2997,-6404,-164,117,948,-15097,10775,-5271,-8847,-1332,359,79,5959
126801000,2873,-6410,130,59,1348,-12473,6624,-5148,-7541,1408,240,360,6879
126849000,3118,-6813,43,213,-207,-4111,1070,-4050,-7778,539,359,439,6919
126901000,3424,-6925,190,214,1696,-6308,9066,-5454,-7874,-137,359,799,6879
126949000,3650,-6673,-133,-104,702,-4294,3878,-5148,-8337,416,480,840,6840
127001000,3815,-6297,-44,-138,1327,-8078,9676,-6552,-8326,1628,359,1040,6840
127049000,3787,-5795,140,231,485,-7163,7967,-5759,-7388,2602,359,1319,6719
127101000,3807,-5750,257,119,796,-2341,3267,-6980,-6021,2788,240,1800,6680
127149000,3829,-5707,167,169,141,-3073,5037,-7285,-4170,1566,359,2439,6240
127201000,3827,-5876,332,75,1364,-8017,1680,-9177,36,-828,359,3840,5599
127249000,3573,-6027,163,250,1133,-9116,4366,-8261,2581,-3037,359,4479,5000
127301000,3384,-6001,88,45,1684,-5759,7967,-9543,7847,-4563,480,5999,4479
127349000,3517,-5877,183,185,2201,4799,5526,-8933,8925,-4229,359,6440,4479
127401000,3853,-5864,215,132,1691,4799,5709,-8200,8239,-4152,359,6600,4479
127449000,4222,-5858,84,209,-220,8522,3878,-8994,7410,-4115,359,6600,4479
127501000,4570,-5946,33,189,-59,9255,7235,-8261,6088,-3799,359,6600,4679
127549000,4773,-6013,68,252,106,1442,1619,-6796,5407,-3219,359,6559,4920
127601000,4795,-6322,102,129,645,-2341,-455,-7285,5413,-4086,480,6600,4960
127649000,4751,-6359,258,38,1851,-4660,6258,-6064,5493,-4141,359,6600,5000
127701000,4768,-6352,199,86,5,3395,-89,-5759,5494,-4176,359,6600,4960
127749000,4956,-6523,-192,141,870,6874,-760,-6064,5010,-4773,480,6600,4920
127801000,5257,-6490,122,132,233,4738,1375,-4965,4028,-4712,359,6600,4920
127849000,5479,-6457,114,146,1474,3761,1436,-4660,3825,-4479,480,6719,4960
127901000,5422,-6408,-9,-39,1162,1503,-882,-3928,4852,-4466,359,7040,4920
127949000,5487,-6416,-99,72,2201,4555,1131,-4538,5176,-4608,359,7160,4879
128001000,5676,-6288,89,222,606,5959,-2957,-4111,5049,-4705,359,7360,4719
128049000,5714,-6209,54,89,-93,4677,-3201,-4233,7989,-5601,480,8360,4360
128101000,5699,-5838,148,64,1451,4494,1741,-4538,9541,-5875,359,8880,3880
128149000,5827,-5561,59,141,616,11513,-1737,-4782,9526,-5470,359,8959,3759
128201000,6146,-5483,-112,133,638,13039,-2164,-4782,8439,-5411,359,8959,3680
128249000,6365,-5380,-94,83,646,11818,-2408,-3745,8125,-5247,359,9040,3640
128301000,6409,-5384,184,24,798,8461,-4666,-4355,8131,-5832,359,9119,3440
128349000,6442,-5402,87,-98,1248,11574,-3751,-3623,8180,-7104,359,9159,3039
128401000,6582,-5349,215,64,1450,16091,-3934,-4355,7971,-10529,359,9240,1840
128449000,6755,-5294,131,154,916,13405,-1187,-4111,7495,-13148,359,9240,920
128501000,6891,-5260,46,34,1945,15297,-638,-3256,6565,-15662,359,9080,39
128549000,6893,-5093,76,-52,1424,9255,2596,-3562,5552,-15419,359,8759,0
128601000,6896,-4991,-84,120,482,18959,-3995,-3806,5471,-14974,359,8719,0
128649000,7386,-5029,238,213,1778,30251,-2774,-2585,4315,-15129,359,8719,0
128701000,7957,-4804,141,48,1001,25307,3267,-1303,2406,-14533,359,8759,-39
128749000,7752,-4500,-73,172,376,5470,4000,39,2597,-13753,359,8719,-39
128801000,7199,-4332,-118,98,888,3945,-2164,-1181,4202,-14796,480,8599,-599
128849000,7033,-4108,44,-31,980,5776,5159,-449,3765,-16688,359,8320,-1399
128901000,6857,-3585,-22,68,-290,4250,13521,-937,2587,-16877,480,7720,-2040
128949000,6944,-3119,510,1123,2201,9072,14437,-22,-682,-17171,480,6680,-2560
129001000,-3493,-1868,1043,1481,-487,-325644,81514,87380,29800,-18445,119,6440,-4279
129049000,-10223,-3402,-1161,-988,951,-160056,-25662,-6369,46869,-23076,0,6080,-4600
129101000,-12036,-6725,246,-108,499,-78513,-56241,1442,54229,-33617,0,6040,-4479
129149000,-11031,-9605,1897,-1837,2201,-23520,-77664,-3928,51886,-40548,119,6120,-4400
129201000,-14963,-12020,-392,-651,-259,-122947,-30667,48684,63249,-48060,119,6120,-3999
129249000,-16423,-13398,96,0,-138,2663,-33841,60524,68018,-51023,119,6080,-3880
129301000,-15553,-14162,1185,-1930,2201,-55503,-33170,8644,64900,-54248,0,6080,-3919
129349000,-23729,-15586,811,-318,2201,-266,-7840,-3378,86899,-57882,119,6120,-3919
129401000,-24329,-16481,-21,-383,-2,54299,-14676,-36521,93869,-61203,119,6960,-3919
129449000,-27264,-15993,319,161,247,-33530,53682,35683,100820,-60935,119,7040,-4080
129501000,-29551,-14742,33,-967,449,38552,37569,10720,109893,-55628,119,7079,-3800
129549000,-29820,-14670,152,-297,256,19509,-45133,-16074,109537,-51764,0,6840,-2719
129601000,-29919,-14391,183,-651,1116,35744,34151,-14914,92397,-43173,0,880,0
129649000,-29857,-11268,40,-672,1152,34889,38424,10109,89890,-35263,119,0,-39
129701000,-29042,-11166,122,-309,506,28847,-49161,-6491,87126,-33498,119,0,0
129749000,-28097,-12040,113,-474,1022,28176,-8084,20913,84657,-36525,119,0,-39
129801000,-27084,-9895,-67,-547,895,37636,28963,-9787,81253,-29686,0,0,0
129849000,-25799,-8507,101,-490,1572,55397,-9427,-23764,78143,-25812,0,0,0
129901000,-23954,-8048,146,-378,1193,68276,12789,4189,71863,-24144,359,0,0
129949000,-21268,-7404,-83,-548,985,96047,-455,16579,65288,-22388,359,0,0
130001000,-17221,-7588,241,-476,1266,149880,-8450,10170,51665,-22885,480,0,-39
130049000,-11792,-6759,-387,-224,913,194252,26949,18654,38252,-20955,359,-39,39
130101000,-8152,-5987,-31,1326,978,8705,-5704,-8811,24457,-17962,480,0,0
130149000,-7014,-5219,123,277,956,20485,1253,2663,22539,-16097,359,0,0
130201000,-4249,-4160,64,431,684,-63681,12300,13405,12748,-12480,359,0,0
130249000,-4501,-3822,-52,-693,1618,-37680,-40250,4128,13355,-11162,359,-39,0
130301000,-2966,-4899,326,-309,985,-6614,12606,26223,8899,-14818,480,0,-39
130349000,-1763,-3590,17,148,520,12489,20906,15358,5873,-11299,480,0,0
130401000,-616,-4031,244,293,1042,-8506,-22244,-815,1730,-12094,359,-39,0
130449000,57,-4023,-10,-394,1173,1686,11446,-3623,186,-12401,480,0,0
130501000,650,-3747,-1,120,1081,5898,1375,9011,-1952,-11242,359,0,0
130549000,1318,-3967,86,5,1412,-5332,-10220,-7285,-3889,-11764,480,-39,0
130601000,1750,-3669,-37,-20,863,1686,10164,6691,-5372,-11007,480,-39,0
130649000,2157,-3677,39,62,872,-2158,-6986,-2402,-6238,-10882,359,0,0
130701000,2451,-3877,87,-24,784,-8384,1070,-1364,-7355,-11633,480,0,0
130749000,2687,-3571,-98,17,998,99,5281,4860,-7969,-10834,480,0,0
130801000,2918,-3802,36,-6,1007,-3440,-6253,-3195,-8754,-11406,480,0,0
130849000,3015,-3796,124,107,1099,2175,5404,5227,-9000,-11509,480,0,0
130901000,3176,-3565,37,107,843,466,-2164,-2890,-9530,-10695,480,0,0
130949000,3270,-3788,0,50,841,405,-2103,2541,-9765,-11325,359,0,0
131001000,3359,-3605,65,49,816,-998,5404,-2585,-10078,-10815,359,0,0
131049000,3408,-3598,156,2,1106,-1364,-4422,1870,-10223,-10799,359,0,-39
131101000,3464,-3748,59,121,803,1076,277,1015,-10272,-11365,480,39,-39
131149000,3509,-3605,135,60,1021,-1181,3145,344,-10649,-10752,359,-39,39
131201000,3528,-3725,45,102,1111,-876,-2896,649,-10584,-11177,359,0,0
131249000,3532,-3746,59,50,1052,-754,2352,-571,-10589,-11294,359,0,0
131301000,3550,-3618,54,71,1040,649,277,39,-10651,-10854,480,0,0
131349000,3605,-3748,52,62,1011,-205,-2652,-2219,-10905,-11331,480,-39,-39
131401000,3624,-3647,25,65,789,343,3328,-83,-10994,-10943,359,-39,0
131449000,3677,-3613,11,51,823,-998,-3079,-2219,-11018,-10798,359,0,0
131501000,3712,-3717,13,42,1054,649,1436,-327,-11136,-11153,480,0,0
131549000,3739,-3573,88,39,947,-1853,3023,-693,-11237,-10787,480,0,0
131601000,3755,-3645,81,37,1106,1747,-1981,1259,-11267,-10935,480,0,0
131649000,3773,-3679,59,39,756,160,2535,-22,-11312,-11199,480,0,-39
131701000,3770,-3597,84,50,1033,221,704,-83,-11430,-10671,480,-39,39
131749000,3781,-3697,86,104,1099,-388,-2103,466,-11335,-11046,359,0,0
131801000,3797,-3639,96,22,1153,160,2718,1137,-11392,-10917,359,0,0
131849000,3780,-3623,68,51,1164,405,-1920,832,-11340,-10818,480,0,0
131901000,3765,-3724,63,86,1088,343,-150,-632,-11297,-11174,480,0,0
131949000,3741,-3637,38,125,896,-22,2352,-876,-11219,-10967,480,0,0
132001000,3744,-3685,8,60,868,-510,-1676,-632,-11354,-10935,480,-39,39
132049000,3743,-3711,0,126,1021,99,2901,405,-11226,-11174,359,0,0
132101000,3769,-3622,65,70,1060,99,1192,39,-11307,-10868,359,0,0
132149000,3792,-3713,97,68,883,771,-1187,1015,-11341,-11219,359,0,-39
132201000,3809,-3682,69,70,1183,710,2657,100,-11549,-11046,480,-39,0
132249000,3811,-3662,53,58,813,832,-1309,161,-11537,-10831,359,-39,39
132301000,3832,-3722,86,20,1010,-876,-272,832,-11617,-11167,359,-39,0
132349000,3859,-3650,66,57,1171,-1609,1375,2480,-11602,-11000,480,0,0Hello
