ISO-10303-21;
HEADER;
FILE_DESCRIPTION(('for Geomagic Design'),'2;1');
FILE_NAME(
'D:\\WORKS\\aero club\\control board\\PCB V_1.0\\final 
render\\fcb3d.step','2016-10-21T20:21:47',('MANOJ V'),(''),
  'Open CASCADE STEP processor 6.6','Diptrace','Unknown');
FILE_SCHEMA(('AUTOMOTIVE_DESIGN { 1 0 10303 214 1 1 1 1 }'));
ENDSEC;
DATA;
#1 = APPLICATION_PROTOCOL_DEFINITION('international standard',
  'automotive_design',2000,#2);
#2 = APPLICATION_CONTEXT(
  'core data for automotive mechanical design processes');
#3 = SHAPE_DEFINITION_REPRESENTATION(#4,#10);
#4 = PRODUCT_DEFINITION_SHAPE('','',#5);
#5 = PRODUCT_DEFINITION('design','',#6,#9);
#6 = PRODUCT_DEFINITION_FORMATION('','',#7);
#7 = PRODUCT('PCB','PCB','',(#8));
#8 = PRODUCT_CONTEXT('',#2,'mechanical');
#9 = PRODUCT_DEFINITION_CONTEXT('part definition',#2,'design');
#10 = SHAPE_REPRESENTATION('',(#11,#15),#19);
#11 = AXIS2_PLACEMENT_3D('',#12,#13,#14);
#12 = CARTESIAN_POINT('',(0.E+000,0.E+000,0.E+000));
#13 = DIRECTION('',(0.E+000,0.E+000,1.));
#14 = DIRECTION('',(1.,0.E+000,-0.E+000));
#15 = AXIS2_PLACEMENT_3D('',#16,#17,#18);
#16 = CARTESIAN_POINT('',(0.E+000,0.E+000,0.E+000));
#17 = DIRECTION('',(0.E+000,0.E+000,1.));
#18 = DIRECTION('',(1.,0.E+000,-0.E+000));
#19 = ( GEOMETRIC_REPRESENTATION_CONTEXT(3) 
GLOBAL_UNCERTAINTY_ASSIGNED_CONTEXT((#23)) GLOBAL_UNIT_ASSIGNED_CONTEXT(
(#20,#21,#22)) REPRESENTATION_CONTEXT('Context #1',
  '3D Context with UNIT and UNCERTAINTY') );
#20 = ( LENGTH_UNIT() NAMED_UNIT(*) SI_UNIT(.MILLI.,.METRE.) );
#21 = ( NAMED_UNIT(*) PLANE_ANGLE_UNIT() SI_UNIT($,.RADIAN.) );
#22 = ( NAMED_UNIT(*) SI_UNIT($,.STERADIAN.) SOLID_ANGLE_UNIT() );
#23 = UNCERTAINTY_MEASURE_WITH_UNIT(LENGTH_MEASURE(1.E-007),#20,
  'distance_accuracy_value','confusion accuracy');
#24 = PRODUCT_RELATED_PRODUCT_CATEGORY('part',$,(#7));
#25 = ADVANCED_BREP_SHAPE_REPRESENTATION('',(#11,#26),#12188);
#26 = MANIFOLD_SOLID_BREP('',#27);
#27 = CLOSED_SHELL('',(#28,#68,#99,#130,#152,#185,#218,#251,#284,#317,
    #350,#383,#416,#449,#482,#515,#548,#581,#614,#647,#680,#713,#746,
    #779,#812,#845,#878,#911,#944,#977,#1010,#1043,#1076,#1109,#1142,
    #1175,#1208,#1241,#1274,#1307,#1340,#1373,#1406,#1439,#1472,#1505,
    #1538,#1571,#1604,#1637,#1670,#1703,#1736,#1769,#1802,#1835,#1868,
    #1901,#1934,#1967,#2000,#2033,#2066,#2099,#2132,#2165,#2198,#2231,
    #2264,#2297,#2330,#2363,#2396,#2429,#2462,#2495,#2528,#2561,#2594,
    #2627,#2660,#2693,#2726,#2759,#2792,#2825,#2858,#2891,#2924,#2957,
    #2990,#3023,#3056,#3089,#3122,#3155,#3188,#3221,#3254,#3287,#3320,
    #3353,#3386,#3419,#3452,#3485,#3518,#3551,#3584,#3617,#3650,#3683,
    #3716,#3749,#3782,#3815,#3848,#3881,#3914,#3947,#3980,#4013,#4046,
    #4079,#4112,#4145,#4178,#4211,#4244,#4277,#4310,#4343,#4376,#4409,
    #4442,#4475,#4508,#4541,#4574,#4607,#4640,#4673,#4706,#4739,#4772,
    #4805,#4838,#4871,#4904,#4937,#4970,#5003,#5036,#5069,#5102,#5135,
    #5168,#5201,#5234,#5267,#5300,#5333,#5366,#5399,#5432,#5465,#5498,
    #5531,#5564,#5597,#5630,#5663,#5696,#5729,#5762,#5795,#5828,#5861,
    #5894,#5927,#5960,#5993,#6026,#6059,#6092,#6125,#6158,#6191,#6224,
    #6257,#6290,#6323,#6356,#6389,#6422,#6455,#6488,#6521,#6554,#6587,
    #6620,#6653,#6686,#6719,#6752,#6785,#6818,#6851,#6884,#6917,#6950,
    #6983,#7016,#7049,#7082,#7115,#7148,#7181,#7214,#7247,#7280,#7313,
    #7346,#7379,#7412,#7445,#7478,#7511,#7544,#7577,#7610,#7643,#7676,
    #7709,#7742,#7775,#7808,#7841,#7874,#7907,#7940,#7973,#8006,#8039,
    #8072,#8105,#8138,#8171,#8204,#8237,#8270,#8303,#8336,#8369,#8402,
    #8435,#8468,#8501,#8534,#8567,#8600,#8633,#8666,#8699,#8732,#8765,
    #8798,#8831,#8864,#8897,#8930,#8963,#8996,#9029,#9062,#9095,#9128,
    #9161,#9194,#9227,#9260,#9293,#9326,#9359,#9392,#9425,#9458,#9491,
    #9524,#9557,#9590,#9623,#9656,#9689,#9722,#9755,#9788,#9821,#9854,
    #9887,#9920,#9953,#9986,#10019,#10052,#10085,#10118,#10151,#10184,
    #10217,#10250,#10283,#10316,#11252));
#28 = ADVANCED_FACE('',(#29),#63,.T.);
#29 = FACE_BOUND('',#30,.T.);
#30 = EDGE_LOOP('',(#31,#41,#49,#57));
#31 = ORIENTED_EDGE('',*,*,#32,.T.);
#32 = EDGE_CURVE('',#33,#35,#37,.T.);
#33 = VERTEX_POINT('',#34);
#34 = CARTESIAN_POINT('',(-119.38,-29.845,0.E+000));
#35 = VERTEX_POINT('',#36);
#36 = CARTESIAN_POINT('',(-119.38,-29.845,-1.));
#37 = LINE('',#38,#39);
#38 = CARTESIAN_POINT('',(-119.38,-29.845,0.E+000));
#39 = VECTOR('',#40,1.);
#40 = DIRECTION('',(0.E+000,0.E+000,-1.));
#41 = ORIENTED_EDGE('',*,*,#42,.T.);
#42 = EDGE_CURVE('',#35,#43,#45,.T.);
#43 = VERTEX_POINT('',#44);
#44 = CARTESIAN_POINT('',(-36.38,-29.845,-1.));
#45 = LINE('',#46,#47);
#46 = CARTESIAN_POINT('',(-119.38,-29.845,-1.));
#47 = VECTOR('',#48,1.);
#48 = DIRECTION('',(1.,0.E+000,0.E+000));
#49 = ORIENTED_EDGE('',*,*,#50,.F.);
#50 = EDGE_CURVE('',#51,#43,#53,.T.);
#51 = VERTEX_POINT('',#52);
#52 = CARTESIAN_POINT('',(-36.38,-29.845,0.E+000));
#53 = LINE('',#54,#55);
#54 = CARTESIAN_POINT('',(-36.38,-29.845,0.E+000));
#55 = VECTOR('',#56,1.);
#56 = DIRECTION('',(0.E+000,0.E+000,-1.));
#57 = ORIENTED_EDGE('',*,*,#58,.F.);
#58 = EDGE_CURVE('',#33,#51,#59,.T.);
#59 = LINE('',#60,#61);
#60 = CARTESIAN_POINT('',(-119.38,-29.845,0.E+000));
#61 = VECTOR('',#62,1.);
#62 = DIRECTION('',(1.,0.E+000,0.E+000));
#63 = PLANE('',#64);
#64 = AXIS2_PLACEMENT_3D('',#65,#66,#67);
#65 = CARTESIAN_POINT('',(-119.38,-29.845,0.E+000));
#66 = DIRECTION('',(0.E+000,-1.,0.E+000));
#67 = DIRECTION('',(1.,0.E+000,0.E+000));
#68 = ADVANCED_FACE('',(#69),#94,.T.);
#69 = FACE_BOUND('',#70,.T.);
#70 = EDGE_LOOP('',(#71,#72,#80,#88));
#71 = ORIENTED_EDGE('',*,*,#50,.T.);
#72 = ORIENTED_EDGE('',*,*,#73,.T.);
#73 = EDGE_CURVE('',#43,#74,#76,.T.);
#74 = VERTEX_POINT('',#75);
#75 = CARTESIAN_POINT('',(-36.38,53.155,-1.));
#76 = LINE('',#77,#78);
#77 = CARTESIAN_POINT('',(-36.38,-29.845,-1.));
#78 = VECTOR('',#79,1.);
#79 = DIRECTION('',(0.E+000,1.,0.E+000));
#80 = ORIENTED_EDGE('',*,*,#81,.F.);
#81 = EDGE_CURVE('',#82,#74,#84,.T.);
#82 = VERTEX_POINT('',#83);
#83 = CARTESIAN_POINT('',(-36.38,53.155,0.E+000));
#84 = LINE('',#85,#86);
#85 = CARTESIAN_POINT('',(-36.38,53.155,0.E+000));
#86 = VECTOR('',#87,1.);
#87 = DIRECTION('',(0.E+000,0.E+000,-1.));
#88 = ORIENTED_EDGE('',*,*,#89,.F.);
#89 = EDGE_CURVE('',#51,#82,#90,.T.);
#90 = LINE('',#91,#92);
#91 = CARTESIAN_POINT('',(-36.38,-29.845,0.E+000));
#92 = VECTOR('',#93,1.);
#93 = DIRECTION('',(0.E+000,1.,0.E+000));
#94 = PLANE('',#95);
#95 = AXIS2_PLACEMENT_3D('',#96,#97,#98);
#96 = CARTESIAN_POINT('',(-36.38,-29.845,0.E+000));
#97 = DIRECTION('',(1.,-0.E+000,0.E+000));
#98 = DIRECTION('',(0.E+000,1.,0.E+000));
#99 = ADVANCED_FACE('',(#100),#125,.T.);
#100 = FACE_BOUND('',#101,.T.);
#101 = EDGE_LOOP('',(#102,#103,#111,#119));
#102 = ORIENTED_EDGE('',*,*,#81,.T.);
#103 = ORIENTED_EDGE('',*,*,#104,.T.);
#104 = EDGE_CURVE('',#74,#105,#107,.T.);
#105 = VERTEX_POINT('',#106);
#106 = CARTESIAN_POINT('',(-119.38,53.155,-1.));
#107 = LINE('',#108,#109);
#108 = CARTESIAN_POINT('',(-36.38,53.155,-1.));
#109 = VECTOR('',#110,1.);
#110 = DIRECTION('',(-1.,0.E+000,0.E+000));
#111 = ORIENTED_EDGE('',*,*,#112,.F.);
#112 = EDGE_CURVE('',#113,#105,#115,.T.);
#113 = VERTEX_POINT('',#114);
#114 = CARTESIAN_POINT('',(-119.38,53.155,0.E+000));
#115 = LINE('',#116,#117);
#116 = CARTESIAN_POINT('',(-119.38,53.155,0.E+000));
#117 = VECTOR('',#118,1.);
#118 = DIRECTION('',(0.E+000,0.E+000,-1.));
#119 = ORIENTED_EDGE('',*,*,#120,.F.);
#120 = EDGE_CURVE('',#82,#113,#121,.T.);
#121 = LINE('',#122,#123);
#122 = CARTESIAN_POINT('',(-36.38,53.155,0.E+000));
#123 = VECTOR('',#124,1.);
#124 = DIRECTION('',(-1.,0.E+000,0.E+000));
#125 = PLANE('',#126);
#126 = AXIS2_PLACEMENT_3D('',#127,#128,#129);
#127 = CARTESIAN_POINT('',(-36.38,53.155,0.E+000));
#128 = DIRECTION('',(0.E+000,1.,0.E+000));
#129 = DIRECTION('',(-1.,0.E+000,0.E+000));
#130 = ADVANCED_FACE('',(#131),#147,.T.);
#131 = FACE_BOUND('',#132,.T.);
#132 = EDGE_LOOP('',(#133,#134,#140,#141));
#133 = ORIENTED_EDGE('',*,*,#112,.T.);
#134 = ORIENTED_EDGE('',*,*,#135,.T.);
#135 = EDGE_CURVE('',#105,#35,#136,.T.);
#136 = LINE('',#137,#138);
#137 = CARTESIAN_POINT('',(-119.38,53.155,-1.));
#138 = VECTOR('',#139,1.);
#139 = DIRECTION('',(0.E+000,-1.,0.E+000));
#140 = ORIENTED_EDGE('',*,*,#32,.F.);
#141 = ORIENTED_EDGE('',*,*,#142,.F.);
#142 = EDGE_CURVE('',#113,#33,#143,.T.);
#143 = LINE('',#144,#145);
#144 = CARTESIAN_POINT('',(-119.38,53.155,0.E+000));
#145 = VECTOR('',#146,1.);
#146 = DIRECTION('',(0.E+000,-1.,0.E+000));
#147 = PLANE('',#148);
#148 = AXIS2_PLACEMENT_3D('',#149,#150,#151);
#149 = CARTESIAN_POINT('',(-119.38,53.155,0.E+000));
#150 = DIRECTION('',(-1.,-0.E+000,-0.E+000));
#151 = DIRECTION('',(0.E+000,-1.,0.E+000));
#152 = ADVANCED_FACE('',(#153),#180,.F.);
#153 = FACE_BOUND('',#154,.T.);
#154 = EDGE_LOOP('',(#155,#165,#172,#173));
#155 = ORIENTED_EDGE('',*,*,#156,.T.);
#156 = EDGE_CURVE('',#157,#159,#161,.T.);
#157 = VERTEX_POINT('',#158);
#158 = CARTESIAN_POINT('',(-52.5725,-8.5725,0.E+000));
#159 = VERTEX_POINT('',#160);
#160 = CARTESIAN_POINT('',(-52.5725,-8.5725,-1.));
#161 = LINE('',#162,#163);
#162 = CARTESIAN_POINT('',(-52.5725,-8.5725,0.E+000));
#163 = VECTOR('',#164,1.);
#164 = DIRECTION('',(0.E+000,0.E+000,-1.));
#165 = ORIENTED_EDGE('',*,*,#166,.T.);
#166 = EDGE_CURVE('',#159,#159,#167,.T.);
#167 = CIRCLE('',#168,0.45);
#168 = AXIS2_PLACEMENT_3D('',#169,#170,#171);
#169 = CARTESIAN_POINT('',(-53.0225,-8.5725,-1.));
#170 = DIRECTION('',(0.E+000,0.E+000,-1.));
#171 = DIRECTION('',(1.,0.E+000,0.E+000));
#172 = ORIENTED_EDGE('',*,*,#156,.F.);
#173 = ORIENTED_EDGE('',*,*,#174,.F.);
#174 = EDGE_CURVE('',#157,#157,#175,.T.);
#175 = CIRCLE('',#176,0.45);
#176 = AXIS2_PLACEMENT_3D('',#177,#178,#179);
#177 = CARTESIAN_POINT('',(-53.0225,-8.5725,0.E+000));
#178 = DIRECTION('',(0.E+000,0.E+000,-1.));
#179 = DIRECTION('',(1.,0.E+000,0.E+000));
#180 = CYLINDRICAL_SURFACE('',#181,0.45);
#181 = AXIS2_PLACEMENT_3D('',#182,#183,#184);
#182 = CARTESIAN_POINT('',(-53.0225,-8.5725,0.E+000));
#183 = DIRECTION('',(-0.E+000,-0.E+000,1.));
#184 = DIRECTION('',(1.,0.E+000,0.E+000));
#185 = ADVANCED_FACE('',(#186),#213,.F.);
#186 = FACE_BOUND('',#187,.T.);
#187 = EDGE_LOOP('',(#188,#198,#205,#206));
#188 = ORIENTED_EDGE('',*,*,#189,.T.);
#189 = EDGE_CURVE('',#190,#192,#194,.T.);
#190 = VERTEX_POINT('',#191);
#191 = CARTESIAN_POINT('',(-52.5725,-6.0325,0.E+000));
#192 = VERTEX_POINT('',#193);
#193 = CARTESIAN_POINT('',(-52.5725,-6.0325,-1.));
#194 = LINE('',#195,#196);
#195 = CARTESIAN_POINT('',(-52.5725,-6.0325,0.E+000));
#196 = VECTOR('',#197,1.);
#197 = DIRECTION('',(0.E+000,0.E+000,-1.));
#198 = ORIENTED_EDGE('',*,*,#199,.T.);
#199 = EDGE_CURVE('',#192,#192,#200,.T.);
#200 = CIRCLE('',#201,0.45);
#201 = AXIS2_PLACEMENT_3D('',#202,#203,#204);
#202 = CARTESIAN_POINT('',(-53.0225,-6.0325,-1.));
#203 = DIRECTION('',(0.E+000,0.E+000,-1.));
#204 = DIRECTION('',(1.,0.E+000,0.E+000));
#205 = ORIENTED_EDGE('',*,*,#189,.F.);
#206 = ORIENTED_EDGE('',*,*,#207,.F.);
#207 = EDGE_CURVE('',#190,#190,#208,.T.);
#208 = CIRCLE('',#209,0.45);
#209 = AXIS2_PLACEMENT_3D('',#210,#211,#212);
#210 = CARTESIAN_POINT('',(-53.0225,-6.0325,0.E+000));
#211 = DIRECTION('',(0.E+000,0.E+000,-1.));
#212 = DIRECTION('',(1.,0.E+000,0.E+000));
#213 = CYLINDRICAL_SURFACE('',#214,0.45);
#214 = AXIS2_PLACEMENT_3D('',#215,#216,#217);
#215 = CARTESIAN_POINT('',(-53.0225,-6.0325,0.E+000));
#216 = DIRECTION('',(-0.E+000,-0.E+000,1.));
#217 = DIRECTION('',(1.,0.E+000,0.E+000));
#218 = ADVANCED_FACE('',(#219),#246,.F.);
#219 = FACE_BOUND('',#220,.T.);
#220 = EDGE_LOOP('',(#221,#231,#238,#239));
#221 = ORIENTED_EDGE('',*,*,#222,.T.);
#222 = EDGE_CURVE('',#223,#225,#227,.T.);
#223 = VERTEX_POINT('',#224);
#224 = CARTESIAN_POINT('',(-52.5725,-3.4925,0.E+000));
#225 = VERTEX_POINT('',#226);
#226 = CARTESIAN_POINT('',(-52.5725,-3.4925,-1.));
#227 = LINE('',#228,#229);
#228 = CARTESIAN_POINT('',(-52.5725,-3.4925,0.E+000));
#229 = VECTOR('',#230,1.);
#230 = DIRECTION('',(0.E+000,0.E+000,-1.));
#231 = ORIENTED_EDGE('',*,*,#232,.T.);
#232 = EDGE_CURVE('',#225,#225,#233,.T.);
#233 = CIRCLE('',#234,0.45);
#234 = AXIS2_PLACEMENT_3D('',#235,#236,#237);
#235 = CARTESIAN_POINT('',(-53.0225,-3.4925,-1.));
#236 = DIRECTION('',(0.E+000,0.E+000,-1.));
#237 = DIRECTION('',(1.,0.E+000,0.E+000));
#238 = ORIENTED_EDGE('',*,*,#222,.F.);
#239 = ORIENTED_EDGE('',*,*,#240,.F.);
#240 = EDGE_CURVE('',#223,#223,#241,.T.);
#241 = CIRCLE('',#242,0.45);
#242 = AXIS2_PLACEMENT_3D('',#243,#244,#245);
#243 = CARTESIAN_POINT('',(-53.0225,-3.4925,0.E+000));
#244 = DIRECTION('',(0.E+000,0.E+000,-1.));
#245 = DIRECTION('',(1.,0.E+000,0.E+000));
#246 = CYLINDRICAL_SURFACE('',#247,0.45);
#247 = AXIS2_PLACEMENT_3D('',#248,#249,#250);
#248 = CARTESIAN_POINT('',(-53.0225,-3.4925,0.E+000));
#249 = DIRECTION('',(-0.E+000,-0.E+000,1.));
#250 = DIRECTION('',(1.,0.E+000,0.E+000));
#251 = ADVANCED_FACE('',(#252),#279,.F.);
#252 = FACE_BOUND('',#253,.T.);
#253 = EDGE_LOOP('',(#254,#264,#271,#272));
#254 = ORIENTED_EDGE('',*,*,#255,.T.);
#255 = EDGE_CURVE('',#256,#258,#260,.T.);
#256 = VERTEX_POINT('',#257);
#257 = CARTESIAN_POINT('',(-52.5725,-0.9525,0.E+000));
#258 = VERTEX_POINT('',#259);
#259 = CARTESIAN_POINT('',(-52.5725,-0.9525,-1.));
#260 = LINE('',#261,#262);
#261 = CARTESIAN_POINT('',(-52.5725,-0.9525,0.E+000));
#262 = VECTOR('',#263,1.);
#263 = DIRECTION('',(0.E+000,0.E+000,-1.));
#264 = ORIENTED_EDGE('',*,*,#265,.T.);
#265 = EDGE_CURVE('',#258,#258,#266,.T.);
#266 = CIRCLE('',#267,0.45);
#267 = AXIS2_PLACEMENT_3D('',#268,#269,#270);
#268 = CARTESIAN_POINT('',(-53.0225,-0.9525,-1.));
#269 = DIRECTION('',(0.E+000,0.E+000,-1.));
#270 = DIRECTION('',(1.,0.E+000,0.E+000));
#271 = ORIENTED_EDGE('',*,*,#255,.F.);
#272 = ORIENTED_EDGE('',*,*,#273,.F.);
#273 = EDGE_CURVE('',#256,#256,#274,.T.);
#274 = CIRCLE('',#275,0.45);
#275 = AXIS2_PLACEMENT_3D('',#276,#277,#278);
#276 = CARTESIAN_POINT('',(-53.0225,-0.9525,0.E+000));
#277 = DIRECTION('',(0.E+000,0.E+000,-1.));
#278 = DIRECTION('',(1.,0.E+000,0.E+000));
#279 = CYLINDRICAL_SURFACE('',#280,0.45);
#280 = AXIS2_PLACEMENT_3D('',#281,#282,#283);
#281 = CARTESIAN_POINT('',(-53.0225,-0.9525,0.E+000));
#282 = DIRECTION('',(-0.E+000,-0.E+000,1.));
#283 = DIRECTION('',(1.,0.E+000,0.E+000));
#284 = ADVANCED_FACE('',(#285),#312,.F.);
#285 = FACE_BOUND('',#286,.T.);
#286 = EDGE_LOOP('',(#287,#297,#304,#305));
#287 = ORIENTED_EDGE('',*,*,#288,.T.);
#288 = EDGE_CURVE('',#289,#291,#293,.T.);
#289 = VERTEX_POINT('',#290);
#290 = CARTESIAN_POINT('',(-106.18,17.78,0.E+000));
#291 = VERTEX_POINT('',#292);
#292 = CARTESIAN_POINT('',(-106.18,17.78,-1.));
#293 = LINE('',#294,#295);
#294 = CARTESIAN_POINT('',(-106.18,17.78,0.E+000));
#295 = VECTOR('',#296,1.);
#296 = DIRECTION('',(0.E+000,0.E+000,-1.));
#297 = ORIENTED_EDGE('',*,*,#298,.T.);
#298 = EDGE_CURVE('',#291,#291,#299,.T.);
#299 = CIRCLE('',#300,0.5);
#300 = AXIS2_PLACEMENT_3D('',#301,#302,#303);
#301 = CARTESIAN_POINT('',(-106.68,17.78,-1.));
#302 = DIRECTION('',(0.E+000,0.E+000,-1.));
#303 = DIRECTION('',(1.,0.E+000,0.E+000));
#304 = ORIENTED_EDGE('',*,*,#288,.F.);
#305 = ORIENTED_EDGE('',*,*,#306,.F.);
#306 = EDGE_CURVE('',#289,#289,#307,.T.);
#307 = CIRCLE('',#308,0.5);
#308 = AXIS2_PLACEMENT_3D('',#309,#310,#311);
#309 = CARTESIAN_POINT('',(-106.68,17.78,0.E+000));
#310 = DIRECTION('',(0.E+000,0.E+000,-1.));
#311 = DIRECTION('',(1.,0.E+000,0.E+000));
#312 = CYLINDRICAL_SURFACE('',#313,0.5);
#313 = AXIS2_PLACEMENT_3D('',#314,#315,#316);
#314 = CARTESIAN_POINT('',(-106.68,17.78,0.E+000));
#315 = DIRECTION('',(-0.E+000,-0.E+000,1.));
#316 = DIRECTION('',(1.,0.E+000,0.E+000));
#317 = ADVANCED_FACE('',(#318),#345,.F.);
#318 = FACE_BOUND('',#319,.T.);
#319 = EDGE_LOOP('',(#320,#330,#337,#338));
#320 = ORIENTED_EDGE('',*,*,#321,.T.);
#321 = EDGE_CURVE('',#322,#324,#326,.T.);
#322 = VERTEX_POINT('',#323);
#323 = CARTESIAN_POINT('',(-106.18,20.32,0.E+000));
#324 = VERTEX_POINT('',#325);
#325 = CARTESIAN_POINT('',(-106.18,20.32,-1.));
#326 = LINE('',#327,#328);
#327 = CARTESIAN_POINT('',(-106.18,20.32,0.E+000));
#328 = VECTOR('',#329,1.);
#329 = DIRECTION('',(0.E+000,0.E+000,-1.));
#330 = ORIENTED_EDGE('',*,*,#331,.T.);
#331 = EDGE_CURVE('',#324,#324,#332,.T.);
#332 = CIRCLE('',#333,0.5);
#333 = AXIS2_PLACEMENT_3D('',#334,#335,#336);
#334 = CARTESIAN_POINT('',(-106.68,20.32,-1.));
#335 = DIRECTION('',(0.E+000,0.E+000,-1.));
#336 = DIRECTION('',(1.,0.E+000,0.E+000));
#337 = ORIENTED_EDGE('',*,*,#321,.F.);
#338 = ORIENTED_EDGE('',*,*,#339,.F.);
#339 = EDGE_CURVE('',#322,#322,#340,.T.);
#340 = CIRCLE('',#341,0.5);
#341 = AXIS2_PLACEMENT_3D('',#342,#343,#344);
#342 = CARTESIAN_POINT('',(-106.68,20.32,0.E+000));
#343 = DIRECTION('',(0.E+000,0.E+000,-1.));
#344 = DIRECTION('',(1.,0.E+000,0.E+000));
#345 = CYLINDRICAL_SURFACE('',#346,0.5);
#346 = AXIS2_PLACEMENT_3D('',#347,#348,#349);
#347 = CARTESIAN_POINT('',(-106.68,20.32,0.E+000));
#348 = DIRECTION('',(-0.E+000,-0.E+000,1.));
#349 = DIRECTION('',(1.,0.E+000,0.E+000));
#350 = ADVANCED_FACE('',(#351),#378,.F.);
#351 = FACE_BOUND('',#352,.T.);
#352 = EDGE_LOOP('',(#353,#363,#370,#371));
#353 = ORIENTED_EDGE('',*,*,#354,.T.);
#354 = EDGE_CURVE('',#355,#357,#359,.T.);
#355 = VERTEX_POINT('',#356);
#356 = CARTESIAN_POINT('',(-106.18,12.065,0.E+000));
#357 = VERTEX_POINT('',#358);
#358 = CARTESIAN_POINT('',(-106.18,12.065,-1.));
#359 = LINE('',#360,#361);
#360 = CARTESIAN_POINT('',(-106.18,12.065,0.E+000));
#361 = VECTOR('',#362,1.);
#362 = DIRECTION('',(0.E+000,0.E+000,-1.));
#363 = ORIENTED_EDGE('',*,*,#364,.T.);
#364 = EDGE_CURVE('',#357,#357,#365,.T.);
#365 = CIRCLE('',#366,0.5);
#366 = AXIS2_PLACEMENT_3D('',#367,#368,#369);
#367 = CARTESIAN_POINT('',(-106.68,12.065,-1.));
#368 = DIRECTION('',(0.E+000,0.E+000,-1.));
#369 = DIRECTION('',(1.,0.E+000,0.E+000));
#370 = ORIENTED_EDGE('',*,*,#354,.F.);
#371 = ORIENTED_EDGE('',*,*,#372,.F.);
#372 = EDGE_CURVE('',#355,#355,#373,.T.);
#373 = CIRCLE('',#374,0.5);
#374 = AXIS2_PLACEMENT_3D('',#375,#376,#377);
#375 = CARTESIAN_POINT('',(-106.68,12.065,0.E+000));
#376 = DIRECTION('',(0.E+000,0.E+000,-1.));
#377 = DIRECTION('',(1.,0.E+000,0.E+000));
#378 = CYLINDRICAL_SURFACE('',#379,0.5);
#379 = AXIS2_PLACEMENT_3D('',#380,#381,#382);
#380 = CARTESIAN_POINT('',(-106.68,12.065,0.E+000));
#381 = DIRECTION('',(-0.E+000,-0.E+000,1.));
#382 = DIRECTION('',(1.,0.E+000,0.E+000));
#383 = ADVANCED_FACE('',(#384),#411,.F.);
#384 = FACE_BOUND('',#385,.T.);
#385 = EDGE_LOOP('',(#386,#396,#403,#404));
#386 = ORIENTED_EDGE('',*,*,#387,.T.);
#387 = EDGE_CURVE('',#388,#390,#392,.T.);
#388 = VERTEX_POINT('',#389);
#389 = CARTESIAN_POINT('',(-106.18,14.605,0.E+000));
#390 = VERTEX_POINT('',#391);
#391 = CARTESIAN_POINT('',(-106.18,14.605,-1.));
#392 = LINE('',#393,#394);
#393 = CARTESIAN_POINT('',(-106.18,14.605,0.E+000));
#394 = VECTOR('',#395,1.);
#395 = DIRECTION('',(0.E+000,0.E+000,-1.));
#396 = ORIENTED_EDGE('',*,*,#397,.T.);
#397 = EDGE_CURVE('',#390,#390,#398,.T.);
#398 = CIRCLE('',#399,0.5);
#399 = AXIS2_PLACEMENT_3D('',#400,#401,#402);
#400 = CARTESIAN_POINT('',(-106.68,14.605,-1.));
#401 = DIRECTION('',(0.E+000,0.E+000,-1.));
#402 = DIRECTION('',(1.,0.E+000,0.E+000));
#403 = ORIENTED_EDGE('',*,*,#387,.F.);
#404 = ORIENTED_EDGE('',*,*,#405,.F.);
#405 = EDGE_CURVE('',#388,#388,#406,.T.);
#406 = CIRCLE('',#407,0.5);
#407 = AXIS2_PLACEMENT_3D('',#408,#409,#410);
#408 = CARTESIAN_POINT('',(-106.68,14.605,0.E+000));
#409 = DIRECTION('',(0.E+000,0.E+000,-1.));
#410 = DIRECTION('',(1.,0.E+000,0.E+000));
#411 = CYLINDRICAL_SURFACE('',#412,0.5);
#412 = AXIS2_PLACEMENT_3D('',#413,#414,#415);
#413 = CARTESIAN_POINT('',(-106.68,14.605,0.E+000));
#414 = DIRECTION('',(-0.E+000,-0.E+000,1.));
#415 = DIRECTION('',(1.,0.E+000,0.E+000));
#416 = ADVANCED_FACE('',(#417),#444,.F.);
#417 = FACE_BOUND('',#418,.T.);
#418 = EDGE_LOOP('',(#419,#429,#436,#437));
#419 = ORIENTED_EDGE('',*,*,#420,.T.);
#420 = EDGE_CURVE('',#421,#423,#425,.T.);
#421 = VERTEX_POINT('',#422);
#422 = CARTESIAN_POINT('',(-69.51293333333,5.516666666667,0.E+000));
#423 = VERTEX_POINT('',#424);
#424 = CARTESIAN_POINT('',(-69.51293333333,5.516666666667,-1.));
#425 = LINE('',#426,#427);
#426 = CARTESIAN_POINT('',(-69.51293333333,5.516666666667,0.E+000));
#427 = VECTOR('',#428,1.);
#428 = DIRECTION('',(0.E+000,0.E+000,-1.));
#429 = ORIENTED_EDGE('',*,*,#430,.T.);
#430 = EDGE_CURVE('',#423,#423,#431,.T.);
#431 = CIRCLE('',#432,0.5);
#432 = AXIS2_PLACEMENT_3D('',#433,#434,#435);
#433 = CARTESIAN_POINT('',(-70.01293333333,5.516666666667,-1.));
#434 = DIRECTION('',(0.E+000,0.E+000,-1.));
#435 = DIRECTION('',(1.,0.E+000,0.E+000));
#436 = ORIENTED_EDGE('',*,*,#420,.F.);
#437 = ORIENTED_EDGE('',*,*,#438,.F.);
#438 = EDGE_CURVE('',#421,#421,#439,.T.);
#439 = CIRCLE('',#440,0.5);
#440 = AXIS2_PLACEMENT_3D('',#441,#442,#443);
#441 = CARTESIAN_POINT('',(-70.01293333333,5.516666666667,0.E+000));
#442 = DIRECTION('',(0.E+000,0.E+000,-1.));
#443 = DIRECTION('',(1.,0.E+000,0.E+000));
#444 = CYLINDRICAL_SURFACE('',#445,0.5);
#445 = AXIS2_PLACEMENT_3D('',#446,#447,#448);
#446 = CARTESIAN_POINT('',(-70.01293333333,5.516666666667,0.E+000));
#447 = DIRECTION('',(-0.E+000,-0.E+000,1.));
#448 = DIRECTION('',(1.,0.E+000,0.E+000));
#449 = ADVANCED_FACE('',(#450),#477,.F.);
#450 = FACE_BOUND('',#451,.T.);
#451 = EDGE_LOOP('',(#452,#462,#469,#470));
#452 = ORIENTED_EDGE('',*,*,#453,.T.);
#453 = EDGE_CURVE('',#454,#456,#458,.T.);
#454 = VERTEX_POINT('',#455);
#455 = CARTESIAN_POINT('',(-69.51293333333,8.056666666667,0.E+000));
#456 = VERTEX_POINT('',#457);
#457 = CARTESIAN_POINT('',(-69.51293333333,8.056666666667,-1.));
#458 = LINE('',#459,#460);
#459 = CARTESIAN_POINT('',(-69.51293333333,8.056666666667,0.E+000));
#460 = VECTOR('',#461,1.);
#461 = DIRECTION('',(0.E+000,0.E+000,-1.));
#462 = ORIENTED_EDGE('',*,*,#463,.T.);
#463 = EDGE_CURVE('',#456,#456,#464,.T.);
#464 = CIRCLE('',#465,0.5);
#465 = AXIS2_PLACEMENT_3D('',#466,#467,#468);
#466 = CARTESIAN_POINT('',(-70.01293333333,8.056666666667,-1.));
#467 = DIRECTION('',(0.E+000,0.E+000,-1.));
#468 = DIRECTION('',(1.,0.E+000,0.E+000));
#469 = ORIENTED_EDGE('',*,*,#453,.F.);
#470 = ORIENTED_EDGE('',*,*,#471,.F.);
#471 = EDGE_CURVE('',#454,#454,#472,.T.);
#472 = CIRCLE('',#473,0.5);
#473 = AXIS2_PLACEMENT_3D('',#474,#475,#476);
#474 = CARTESIAN_POINT('',(-70.01293333333,8.056666666667,0.E+000));
#475 = DIRECTION('',(0.E+000,0.E+000,-1.));
#476 = DIRECTION('',(1.,0.E+000,0.E+000));
#477 = CYLINDRICAL_SURFACE('',#478,0.5);
#478 = AXIS2_PLACEMENT_3D('',#479,#480,#481);
#479 = CARTESIAN_POINT('',(-70.01293333333,8.056666666667,0.E+000));
#480 = DIRECTION('',(-0.E+000,-0.E+000,1.));
#481 = DIRECTION('',(1.,0.E+000,0.E+000));
#482 = ADVANCED_FACE('',(#483),#510,.F.);
#483 = FACE_BOUND('',#484,.T.);
#484 = EDGE_LOOP('',(#485,#495,#502,#503));
#485 = ORIENTED_EDGE('',*,*,#486,.T.);
#486 = EDGE_CURVE('',#487,#489,#491,.T.);
#487 = VERTEX_POINT('',#488);
#488 = CARTESIAN_POINT('',(-69.51293333333,-2.103333333333,0.E+000));
#489 = VERTEX_POINT('',#490);
#490 = CARTESIAN_POINT('',(-69.51293333333,-2.103333333333,-1.));
#491 = LINE('',#492,#493);
#492 = CARTESIAN_POINT('',(-69.51293333333,-2.103333333333,0.E+000));
#493 = VECTOR('',#494,1.);
#494 = DIRECTION('',(0.E+000,0.E+000,-1.));
#495 = ORIENTED_EDGE('',*,*,#496,.T.);
#496 = EDGE_CURVE('',#489,#489,#497,.T.);
#497 = CIRCLE('',#498,0.5);
#498 = AXIS2_PLACEMENT_3D('',#499,#500,#501);
#499 = CARTESIAN_POINT('',(-70.01293333333,-2.103333333333,-1.));
#500 = DIRECTION('',(0.E+000,0.E+000,-1.));
#501 = DIRECTION('',(1.,0.E+000,0.E+000));
#502 = ORIENTED_EDGE('',*,*,#486,.F.);
#503 = ORIENTED_EDGE('',*,*,#504,.F.);
#504 = EDGE_CURVE('',#487,#487,#505,.T.);
#505 = CIRCLE('',#506,0.5);
#506 = AXIS2_PLACEMENT_3D('',#507,#508,#509);
#507 = CARTESIAN_POINT('',(-70.01293333333,-2.103333333333,0.E+000));
#508 = DIRECTION('',(0.E+000,0.E+000,-1.));
#509 = DIRECTION('',(1.,0.E+000,0.E+000));
#510 = CYLINDRICAL_SURFACE('',#511,0.5);
#511 = AXIS2_PLACEMENT_3D('',#512,#513,#514);
#512 = CARTESIAN_POINT('',(-70.01293333333,-2.103333333333,0.E+000));
#513 = DIRECTION('',(-0.E+000,-0.E+000,1.));
#514 = DIRECTION('',(1.,0.E+000,0.E+000));
#515 = ADVANCED_FACE('',(#516),#543,.F.);
#516 = FACE_BOUND('',#517,.T.);
#517 = EDGE_LOOP('',(#518,#528,#535,#536));
#518 = ORIENTED_EDGE('',*,*,#519,.T.);
#519 = EDGE_CURVE('',#520,#522,#524,.T.);
#520 = VERTEX_POINT('',#521);
#521 = CARTESIAN_POINT('',(-69.51293333333,0.436666666667,0.E+000));
#522 = VERTEX_POINT('',#523);
#523 = CARTESIAN_POINT('',(-69.51293333333,0.436666666667,-1.));
#524 = LINE('',#525,#526);
#525 = CARTESIAN_POINT('',(-69.51293333333,0.436666666667,0.E+000));
#526 = VECTOR('',#527,1.);
#527 = DIRECTION('',(0.E+000,0.E+000,-1.));
#528 = ORIENTED_EDGE('',*,*,#529,.T.);
#529 = EDGE_CURVE('',#522,#522,#530,.T.);
#530 = CIRCLE('',#531,0.5);
#531 = AXIS2_PLACEMENT_3D('',#532,#533,#534);
#532 = CARTESIAN_POINT('',(-70.01293333333,0.436666666667,-1.));
#533 = DIRECTION('',(0.E+000,0.E+000,-1.));
#534 = DIRECTION('',(1.,0.E+000,0.E+000));
#535 = ORIENTED_EDGE('',*,*,#519,.F.);
#536 = ORIENTED_EDGE('',*,*,#537,.F.);
#537 = EDGE_CURVE('',#520,#520,#538,.T.);
#538 = CIRCLE('',#539,0.5);
#539 = AXIS2_PLACEMENT_3D('',#540,#541,#542);
#540 = CARTESIAN_POINT('',(-70.01293333333,0.436666666667,0.E+000));
#541 = DIRECTION('',(0.E+000,0.E+000,-1.));
#542 = DIRECTION('',(1.,0.E+000,0.E+000));
#543 = CYLINDRICAL_SURFACE('',#544,0.5);
#544 = AXIS2_PLACEMENT_3D('',#545,#546,#547);
#545 = CARTESIAN_POINT('',(-70.01293333333,0.436666666667,0.E+000));
#546 = DIRECTION('',(-0.E+000,-0.E+000,1.));
#547 = DIRECTION('',(1.,0.E+000,0.E+000));
#548 = ADVANCED_FACE('',(#549),#576,.F.);
#549 = FACE_BOUND('',#550,.T.);
#550 = EDGE_LOOP('',(#551,#561,#568,#569));
#551 = ORIENTED_EDGE('',*,*,#552,.T.);
#552 = EDGE_CURVE('',#553,#555,#557,.T.);
#553 = VERTEX_POINT('',#554);
#554 = CARTESIAN_POINT('',(-96.9725,-9.525,0.E+000));
#555 = VERTEX_POINT('',#556);
#556 = CARTESIAN_POINT('',(-96.9725,-9.525,-1.));
#557 = LINE('',#558,#559);
#558 = CARTESIAN_POINT('',(-96.9725,-9.525,0.E+000));
#559 = VECTOR('',#560,1.);
#560 = DIRECTION('',(0.E+000,0.E+000,-1.));
#561 = ORIENTED_EDGE('',*,*,#562,.T.);
#562 = EDGE_CURVE('',#555,#555,#563,.T.);
#563 = CIRCLE('',#564,0.5);
#564 = AXIS2_PLACEMENT_3D('',#565,#566,#567);
#565 = CARTESIAN_POINT('',(-97.4725,-9.525,-1.));
#566 = DIRECTION('',(0.E+000,0.E+000,-1.));
#567 = DIRECTION('',(1.,0.E+000,0.E+000));
#568 = ORIENTED_EDGE('',*,*,#552,.F.);
#569 = ORIENTED_EDGE('',*,*,#570,.F.);
#570 = EDGE_CURVE('',#553,#553,#571,.T.);
#571 = CIRCLE('',#572,0.5);
#572 = AXIS2_PLACEMENT_3D('',#573,#574,#575);
#573 = CARTESIAN_POINT('',(-97.4725,-9.525,0.E+000));
#574 = DIRECTION('',(0.E+000,0.E+000,-1.));
#575 = DIRECTION('',(1.,0.E+000,0.E+000));
#576 = CYLINDRICAL_SURFACE('',#577,0.5);
#577 = AXIS2_PLACEMENT_3D('',#578,#579,#580);
#578 = CARTESIAN_POINT('',(-97.4725,-9.525,0.E+000));
#579 = DIRECTION('',(-0.E+000,-0.E+000,1.));
#580 = DIRECTION('',(1.,0.E+000,0.E+000));
#581 = ADVANCED_FACE('',(#582),#609,.F.);
#582 = FACE_BOUND('',#583,.T.);
#583 = EDGE_LOOP('',(#584,#594,#601,#602));
#584 = ORIENTED_EDGE('',*,*,#585,.T.);
#585 = EDGE_CURVE('',#586,#588,#590,.T.);
#586 = VERTEX_POINT('',#587);
#587 = CARTESIAN_POINT('',(-96.9725,-12.065,0.E+000));
#588 = VERTEX_POINT('',#589);
#589 = CARTESIAN_POINT('',(-96.9725,-12.065,-1.));
#590 = LINE('',#591,#592);
#591 = CARTESIAN_POINT('',(-96.9725,-12.065,0.E+000));
#592 = VECTOR('',#593,1.);
#593 = DIRECTION('',(0.E+000,0.E+000,-1.));
#594 = ORIENTED_EDGE('',*,*,#595,.T.);
#595 = EDGE_CURVE('',#588,#588,#596,.T.);
#596 = CIRCLE('',#597,0.5);
#597 = AXIS2_PLACEMENT_3D('',#598,#599,#600);
#598 = CARTESIAN_POINT('',(-97.4725,-12.065,-1.));
#599 = DIRECTION('',(0.E+000,0.E+000,-1.));
#600 = DIRECTION('',(1.,0.E+000,0.E+000));
#601 = ORIENTED_EDGE('',*,*,#585,.F.);
#602 = ORIENTED_EDGE('',*,*,#603,.F.);
#603 = EDGE_CURVE('',#586,#586,#604,.T.);
#604 = CIRCLE('',#605,0.5);
#605 = AXIS2_PLACEMENT_3D('',#606,#607,#608);
#606 = CARTESIAN_POINT('',(-97.4725,-12.065,0.E+000));
#607 = DIRECTION('',(0.E+000,0.E+000,-1.));
#608 = DIRECTION('',(1.,0.E+000,0.E+000));
#609 = CYLINDRICAL_SURFACE('',#610,0.5);
#610 = AXIS2_PLACEMENT_3D('',#611,#612,#613);
#611 = CARTESIAN_POINT('',(-97.4725,-12.065,0.E+000));
#612 = DIRECTION('',(-0.E+000,-0.E+000,1.));
#613 = DIRECTION('',(1.,0.E+000,0.E+000));
#614 = ADVANCED_FACE('',(#615),#642,.F.);
#615 = FACE_BOUND('',#616,.T.);
#616 = EDGE_LOOP('',(#617,#627,#634,#635));
#617 = ORIENTED_EDGE('',*,*,#618,.T.);
#618 = EDGE_CURVE('',#619,#621,#623,.T.);
#619 = VERTEX_POINT('',#620);
#620 = CARTESIAN_POINT('',(-69.985,-6.985,0.E+000));
#621 = VERTEX_POINT('',#622);
#622 = CARTESIAN_POINT('',(-69.985,-6.985,-1.));
#623 = LINE('',#624,#625);
#624 = CARTESIAN_POINT('',(-69.985,-6.985,0.E+000));
#625 = VECTOR('',#626,1.);
#626 = DIRECTION('',(0.E+000,0.E+000,-1.));
#627 = ORIENTED_EDGE('',*,*,#628,.T.);
#628 = EDGE_CURVE('',#621,#621,#629,.T.);
#629 = CIRCLE('',#630,0.5);
#630 = AXIS2_PLACEMENT_3D('',#631,#632,#633);
#631 = CARTESIAN_POINT('',(-70.485,-6.985,-1.));
#632 = DIRECTION('',(0.E+000,0.E+000,-1.));
#633 = DIRECTION('',(1.,0.E+000,0.E+000));
#634 = ORIENTED_EDGE('',*,*,#618,.F.);
#635 = ORIENTED_EDGE('',*,*,#636,.F.);
#636 = EDGE_CURVE('',#619,#619,#637,.T.);
#637 = CIRCLE('',#638,0.5);
#638 = AXIS2_PLACEMENT_3D('',#639,#640,#641);
#639 = CARTESIAN_POINT('',(-70.485,-6.985,0.E+000));
#640 = DIRECTION('',(0.E+000,0.E+000,-1.));
#641 = DIRECTION('',(1.,0.E+000,0.E+000));
#642 = CYLINDRICAL_SURFACE('',#643,0.5);
#643 = AXIS2_PLACEMENT_3D('',#644,#645,#646);
#644 = CARTESIAN_POINT('',(-70.485,-6.985,0.E+000));
#645 = DIRECTION('',(-0.E+000,-0.E+000,1.));
#646 = DIRECTION('',(1.,0.E+000,0.E+000));
#647 = ADVANCED_FACE('',(#648),#675,.F.);
#648 = FACE_BOUND('',#649,.T.);
#649 = EDGE_LOOP('',(#650,#660,#667,#668));
#650 = ORIENTED_EDGE('',*,*,#651,.T.);
#651 = EDGE_CURVE('',#652,#654,#656,.T.);
#652 = VERTEX_POINT('',#653);
#653 = CARTESIAN_POINT('',(-69.985,-9.525,0.E+000));
#654 = VERTEX_POINT('',#655);
#655 = CARTESIAN_POINT('',(-69.985,-9.525,-1.));
#656 = LINE('',#657,#658);
#657 = CARTESIAN_POINT('',(-69.985,-9.525,0.E+000));
#658 = VECTOR('',#659,1.);
#659 = DIRECTION('',(0.E+000,0.E+000,-1.));
#660 = ORIENTED_EDGE('',*,*,#661,.T.);
#661 = EDGE_CURVE('',#654,#654,#662,.T.);
#662 = CIRCLE('',#663,0.5);
#663 = AXIS2_PLACEMENT_3D('',#664,#665,#666);
#664 = CARTESIAN_POINT('',(-70.485,-9.525,-1.));
#665 = DIRECTION('',(0.E+000,0.E+000,-1.));
#666 = DIRECTION('',(1.,0.E+000,0.E+000));
#667 = ORIENTED_EDGE('',*,*,#651,.F.);
#668 = ORIENTED_EDGE('',*,*,#669,.F.);
#669 = EDGE_CURVE('',#652,#652,#670,.T.);
#670 = CIRCLE('',#671,0.5);
#671 = AXIS2_PLACEMENT_3D('',#672,#673,#674);
#672 = CARTESIAN_POINT('',(-70.485,-9.525,0.E+000));
#673 = DIRECTION('',(0.E+000,0.E+000,-1.));
#674 = DIRECTION('',(1.,0.E+000,0.E+000));
#675 = CYLINDRICAL_SURFACE('',#676,0.5);
#676 = AXIS2_PLACEMENT_3D('',#677,#678,#679);
#677 = CARTESIAN_POINT('',(-70.485,-9.525,0.E+000));
#678 = DIRECTION('',(-0.E+000,-0.E+000,1.));
#679 = DIRECTION('',(1.,0.E+000,0.E+000));
#680 = ADVANCED_FACE('',(#681),#708,.F.);
#681 = FACE_BOUND('',#682,.T.);
#682 = EDGE_LOOP('',(#683,#693,#700,#701));
#683 = ORIENTED_EDGE('',*,*,#684,.T.);
#684 = EDGE_CURVE('',#685,#687,#689,.T.);
#685 = VERTEX_POINT('',#686);
#686 = CARTESIAN_POINT('',(-103.64,38.1,0.E+000));
#687 = VERTEX_POINT('',#688);
#688 = CARTESIAN_POINT('',(-103.64,38.1,-1.));
#689 = LINE('',#690,#691);
#690 = CARTESIAN_POINT('',(-103.64,38.1,0.E+000));
#691 = VECTOR('',#692,1.);
#692 = DIRECTION('',(0.E+000,0.E+000,-1.));
#693 = ORIENTED_EDGE('',*,*,#694,.T.);
#694 = EDGE_CURVE('',#687,#687,#695,.T.);
#695 = CIRCLE('',#696,0.5);
#696 = AXIS2_PLACEMENT_3D('',#697,#698,#699);
#697 = CARTESIAN_POINT('',(-104.14,38.1,-1.));
#698 = DIRECTION('',(0.E+000,0.E+000,-1.));
#699 = DIRECTION('',(1.,0.E+000,0.E+000));
#700 = ORIENTED_EDGE('',*,*,#684,.F.);
#701 = ORIENTED_EDGE('',*,*,#702,.F.);
#702 = EDGE_CURVE('',#685,#685,#703,.T.);
#703 = CIRCLE('',#704,0.5);
#704 = AXIS2_PLACEMENT_3D('',#705,#706,#707);
#705 = CARTESIAN_POINT('',(-104.14,38.1,0.E+000));
#706 = DIRECTION('',(0.E+000,0.E+000,-1.));
#707 = DIRECTION('',(1.,0.E+000,0.E+000));
#708 = CYLINDRICAL_SURFACE('',#709,0.5);
#709 = AXIS2_PLACEMENT_3D('',#710,#711,#712);
#710 = CARTESIAN_POINT('',(-104.14,38.1,0.E+000));
#711 = DIRECTION('',(-0.E+000,-0.E+000,1.));
#712 = DIRECTION('',(1.,0.E+000,0.E+000));
#713 = ADVANCED_FACE('',(#714),#741,.F.);
#714 = FACE_BOUND('',#715,.T.);
#715 = EDGE_LOOP('',(#716,#726,#733,#734));
#716 = ORIENTED_EDGE('',*,*,#717,.T.);
#717 = EDGE_CURVE('',#718,#720,#722,.T.);
#718 = VERTEX_POINT('',#719);
#719 = CARTESIAN_POINT('',(-101.1,38.1,0.E+000));
#720 = VERTEX_POINT('',#721);
#721 = CARTESIAN_POINT('',(-101.1,38.1,-1.));
#722 = LINE('',#723,#724);
#723 = CARTESIAN_POINT('',(-101.1,38.1,0.E+000));
#724 = VECTOR('',#725,1.);
#725 = DIRECTION('',(0.E+000,0.E+000,-1.));
#726 = ORIENTED_EDGE('',*,*,#727,.T.);
#727 = EDGE_CURVE('',#720,#720,#728,.T.);
#728 = CIRCLE('',#729,0.5);
#729 = AXIS2_PLACEMENT_3D('',#730,#731,#732);
#730 = CARTESIAN_POINT('',(-101.6,38.1,-1.));
#731 = DIRECTION('',(0.E+000,0.E+000,-1.));
#732 = DIRECTION('',(1.,0.E+000,0.E+000));
#733 = ORIENTED_EDGE('',*,*,#717,.F.);
#734 = ORIENTED_EDGE('',*,*,#735,.F.);
#735 = EDGE_CURVE('',#718,#718,#736,.T.);
#736 = CIRCLE('',#737,0.5);
#737 = AXIS2_PLACEMENT_3D('',#738,#739,#740);
#738 = CARTESIAN_POINT('',(-101.6,38.1,0.E+000));
#739 = DIRECTION('',(0.E+000,0.E+000,-1.));
#740 = DIRECTION('',(1.,0.E+000,0.E+000));
#741 = CYLINDRICAL_SURFACE('',#742,0.5);
#742 = AXIS2_PLACEMENT_3D('',#743,#744,#745);
#743 = CARTESIAN_POINT('',(-101.6,38.1,0.E+000));
#744 = DIRECTION('',(-0.E+000,-0.E+000,1.));
#745 = DIRECTION('',(1.,0.E+000,0.E+000));
#746 = ADVANCED_FACE('',(#747),#774,.F.);
#747 = FACE_BOUND('',#748,.T.);
#748 = EDGE_LOOP('',(#749,#759,#766,#767));
#749 = ORIENTED_EDGE('',*,*,#750,.T.);
#750 = EDGE_CURVE('',#751,#753,#755,.T.);
#751 = VERTEX_POINT('',#752);
#752 = CARTESIAN_POINT('',(-63.635,28.8925,0.E+000));
#753 = VERTEX_POINT('',#754);
#754 = CARTESIAN_POINT('',(-63.635,28.8925,-1.));
#755 = LINE('',#756,#757);
#756 = CARTESIAN_POINT('',(-63.635,28.8925,0.E+000));
#757 = VECTOR('',#758,1.);
#758 = DIRECTION('',(0.E+000,0.E+000,-1.));
#759 = ORIENTED_EDGE('',*,*,#760,.T.);
#760 = EDGE_CURVE('',#753,#753,#761,.T.);
#761 = CIRCLE('',#762,0.5);
#762 = AXIS2_PLACEMENT_3D('',#763,#764,#765);
#763 = CARTESIAN_POINT('',(-64.135,28.8925,-1.));
#764 = DIRECTION('',(0.E+000,0.E+000,-1.));
#765 = DIRECTION('',(1.,0.E+000,0.E+000));
#766 = ORIENTED_EDGE('',*,*,#750,.F.);
#767 = ORIENTED_EDGE('',*,*,#768,.F.);
#768 = EDGE_CURVE('',#751,#751,#769,.T.);
#769 = CIRCLE('',#770,0.5);
#770 = AXIS2_PLACEMENT_3D('',#771,#772,#773);
#771 = CARTESIAN_POINT('',(-64.135,28.8925,0.E+000));
#772 = DIRECTION('',(0.E+000,0.E+000,-1.));
#773 = DIRECTION('',(1.,0.E+000,0.E+000));
#774 = CYLINDRICAL_SURFACE('',#775,0.5);
#775 = AXIS2_PLACEMENT_3D('',#776,#777,#778);
#776 = CARTESIAN_POINT('',(-64.135,28.8925,0.E+000));
#777 = DIRECTION('',(-0.E+000,-0.E+000,1.));
#778 = DIRECTION('',(1.,0.E+000,0.E+000));
#779 = ADVANCED_FACE('',(#780),#807,.F.);
#780 = FACE_BOUND('',#781,.T.);
#781 = EDGE_LOOP('',(#782,#792,#799,#800));
#782 = ORIENTED_EDGE('',*,*,#783,.T.);
#783 = EDGE_CURVE('',#784,#786,#788,.T.);
#784 = VERTEX_POINT('',#785);
#785 = CARTESIAN_POINT('',(-63.635,31.4325,0.E+000));
#786 = VERTEX_POINT('',#787);
#787 = CARTESIAN_POINT('',(-63.635,31.4325,-1.));
#788 = LINE('',#789,#790);
#789 = CARTESIAN_POINT('',(-63.635,31.4325,0.E+000));
#790 = VECTOR('',#791,1.);
#791 = DIRECTION('',(0.E+000,0.E+000,-1.));
#792 = ORIENTED_EDGE('',*,*,#793,.T.);
#793 = EDGE_CURVE('',#786,#786,#794,.T.);
#794 = CIRCLE('',#795,0.5);
#795 = AXIS2_PLACEMENT_3D('',#796,#797,#798);
#796 = CARTESIAN_POINT('',(-64.135,31.4325,-1.));
#797 = DIRECTION('',(0.E+000,0.E+000,-1.));
#798 = DIRECTION('',(1.,0.E+000,0.E+000));
#799 = ORIENTED_EDGE('',*,*,#783,.F.);
#800 = ORIENTED_EDGE('',*,*,#801,.F.);
#801 = EDGE_CURVE('',#784,#784,#802,.T.);
#802 = CIRCLE('',#803,0.5);
#803 = AXIS2_PLACEMENT_3D('',#804,#805,#806);
#804 = CARTESIAN_POINT('',(-64.135,31.4325,0.E+000));
#805 = DIRECTION('',(0.E+000,0.E+000,-1.));
#806 = DIRECTION('',(1.,0.E+000,0.E+000));
#807 = CYLINDRICAL_SURFACE('',#808,0.5);
#808 = AXIS2_PLACEMENT_3D('',#809,#810,#811);
#809 = CARTESIAN_POINT('',(-64.135,31.4325,0.E+000));
#810 = DIRECTION('',(-0.E+000,-0.E+000,1.));
#811 = DIRECTION('',(1.,0.E+000,0.E+000));
#812 = ADVANCED_FACE('',(#813),#840,.F.);
#813 = FACE_BOUND('',#814,.T.);
#814 = EDGE_LOOP('',(#815,#825,#832,#833));
#815 = ORIENTED_EDGE('',*,*,#816,.T.);
#816 = EDGE_CURVE('',#817,#819,#821,.T.);
#817 = VERTEX_POINT('',#818);
#818 = CARTESIAN_POINT('',(-77.2875,-9.8425,0.E+000));
#819 = VERTEX_POINT('',#820);
#820 = CARTESIAN_POINT('',(-77.2875,-9.8425,-1.));
#821 = LINE('',#822,#823);
#822 = CARTESIAN_POINT('',(-77.2875,-9.8425,0.E+000));
#823 = VECTOR('',#824,1.);
#824 = DIRECTION('',(0.E+000,0.E+000,-1.));
#825 = ORIENTED_EDGE('',*,*,#826,.T.);
#826 = EDGE_CURVE('',#819,#819,#827,.T.);
#827 = CIRCLE('',#828,0.5);
#828 = AXIS2_PLACEMENT_3D('',#829,#830,#831);
#829 = CARTESIAN_POINT('',(-77.7875,-9.8425,-1.));
#830 = DIRECTION('',(0.E+000,0.E+000,-1.));
#831 = DIRECTION('',(1.,0.E+000,0.E+000));
#832 = ORIENTED_EDGE('',*,*,#816,.F.);
#833 = ORIENTED_EDGE('',*,*,#834,.F.);
#834 = EDGE_CURVE('',#817,#817,#835,.T.);
#835 = CIRCLE('',#836,0.5);
#836 = AXIS2_PLACEMENT_3D('',#837,#838,#839);
#837 = CARTESIAN_POINT('',(-77.7875,-9.8425,0.E+000));
#838 = DIRECTION('',(0.E+000,0.E+000,-1.));
#839 = DIRECTION('',(1.,0.E+000,0.E+000));
#840 = CYLINDRICAL_SURFACE('',#841,0.5);
#841 = AXIS2_PLACEMENT_3D('',#842,#843,#844);
#842 = CARTESIAN_POINT('',(-77.7875,-9.8425,0.E+000));
#843 = DIRECTION('',(-0.E+000,-0.E+000,1.));
#844 = DIRECTION('',(1.,0.E+000,0.E+000));
#845 = ADVANCED_FACE('',(#846),#873,.F.);
#846 = FACE_BOUND('',#847,.T.);
#847 = EDGE_LOOP('',(#848,#858,#865,#866));
#848 = ORIENTED_EDGE('',*,*,#849,.T.);
#849 = EDGE_CURVE('',#850,#852,#854,.T.);
#850 = VERTEX_POINT('',#851);
#851 = CARTESIAN_POINT('',(-77.2875,-7.3025,0.E+000));
#852 = VERTEX_POINT('',#853);
#853 = CARTESIAN_POINT('',(-77.2875,-7.3025,-1.));
#854 = LINE('',#855,#856);
#855 = CARTESIAN_POINT('',(-77.2875,-7.3025,0.E+000));
#856 = VECTOR('',#857,1.);
#857 = DIRECTION('',(0.E+000,0.E+000,-1.));
#858 = ORIENTED_EDGE('',*,*,#859,.T.);
#859 = EDGE_CURVE('',#852,#852,#860,.T.);
#860 = CIRCLE('',#861,0.5);
#861 = AXIS2_PLACEMENT_3D('',#862,#863,#864);
#862 = CARTESIAN_POINT('',(-77.7875,-7.3025,-1.));
#863 = DIRECTION('',(0.E+000,0.E+000,-1.));
#864 = DIRECTION('',(1.,0.E+000,0.E+000));
#865 = ORIENTED_EDGE('',*,*,#849,.F.);
#866 = ORIENTED_EDGE('',*,*,#867,.F.);
#867 = EDGE_CURVE('',#850,#850,#868,.T.);
#868 = CIRCLE('',#869,0.5);
#869 = AXIS2_PLACEMENT_3D('',#870,#871,#872);
#870 = CARTESIAN_POINT('',(-77.7875,-7.3025,0.E+000));
#871 = DIRECTION('',(0.E+000,0.E+000,-1.));
#872 = DIRECTION('',(1.,0.E+000,0.E+000));
#873 = CYLINDRICAL_SURFACE('',#874,0.5);
#874 = AXIS2_PLACEMENT_3D('',#875,#876,#877);
#875 = CARTESIAN_POINT('',(-77.7875,-7.3025,0.E+000));
#876 = DIRECTION('',(-0.E+000,-0.E+000,1.));
#877 = DIRECTION('',(1.,0.E+000,0.E+000));
#878 = ADVANCED_FACE('',(#879),#906,.F.);
#879 = FACE_BOUND('',#880,.T.);
#880 = EDGE_LOOP('',(#881,#891,#898,#899));
#881 = ORIENTED_EDGE('',*,*,#882,.T.);
#882 = EDGE_CURVE('',#883,#885,#887,.T.);
#883 = VERTEX_POINT('',#884);
#884 = CARTESIAN_POINT('',(-46.22800000029,2.222475,0.E+000));
#885 = VERTEX_POINT('',#886);
#886 = CARTESIAN_POINT('',(-46.22800000029,2.222475,-1.));
#887 = LINE('',#888,#889);
#888 = CARTESIAN_POINT('',(-46.22800000029,2.222475,0.E+000));
#889 = VECTOR('',#890,1.);
#890 = DIRECTION('',(0.E+000,0.E+000,-1.));
#891 = ORIENTED_EDGE('',*,*,#892,.T.);
#892 = EDGE_CURVE('',#885,#885,#893,.T.);
#893 = CIRCLE('',#894,0.4445);
#894 = AXIS2_PLACEMENT_3D('',#895,#896,#897);
#895 = CARTESIAN_POINT('',(-46.67250000029,2.222475,-1.));
#896 = DIRECTION('',(0.E+000,0.E+000,-1.));
#897 = DIRECTION('',(1.,0.E+000,0.E+000));
#898 = ORIENTED_EDGE('',*,*,#882,.F.);
#899 = ORIENTED_EDGE('',*,*,#900,.F.);
#900 = EDGE_CURVE('',#883,#883,#901,.T.);
#901 = CIRCLE('',#902,0.4445);
#902 = AXIS2_PLACEMENT_3D('',#903,#904,#905);
#903 = CARTESIAN_POINT('',(-46.67250000029,2.222475,0.E+000));
#904 = DIRECTION('',(0.E+000,0.E+000,-1.));
#905 = DIRECTION('',(1.,0.E+000,0.E+000));
#906 = CYLINDRICAL_SURFACE('',#907,0.4445);
#907 = AXIS2_PLACEMENT_3D('',#908,#909,#910);
#908 = CARTESIAN_POINT('',(-46.67250000029,2.222475,0.E+000));
#909 = DIRECTION('',(-0.E+000,-0.E+000,1.));
#910 = DIRECTION('',(1.,0.E+000,0.E+000));
#911 = ADVANCED_FACE('',(#912),#939,.F.);
#912 = FACE_BOUND('',#913,.T.);
#913 = EDGE_LOOP('',(#914,#924,#931,#932));
#914 = ORIENTED_EDGE('',*,*,#915,.T.);
#915 = EDGE_CURVE('',#916,#918,#920,.T.);
#916 = VERTEX_POINT('',#917);
#917 = CARTESIAN_POINT('',(-46.22800000029,4.762508333333,0.E+000));
#918 = VERTEX_POINT('',#919);
#919 = CARTESIAN_POINT('',(-46.22800000029,4.762508333333,-1.));
#920 = LINE('',#921,#922);
#921 = CARTESIAN_POINT('',(-46.22800000029,4.762508333333,0.E+000));
#922 = VECTOR('',#923,1.);
#923 = DIRECTION('',(0.E+000,0.E+000,-1.));
#924 = ORIENTED_EDGE('',*,*,#925,.T.);
#925 = EDGE_CURVE('',#918,#918,#926,.T.);
#926 = CIRCLE('',#927,0.4445);
#927 = AXIS2_PLACEMENT_3D('',#928,#929,#930);
#928 = CARTESIAN_POINT('',(-46.67250000029,4.762508333333,-1.));
#929 = DIRECTION('',(0.E+000,0.E+000,-1.));
#930 = DIRECTION('',(1.,0.E+000,0.E+000));
#931 = ORIENTED_EDGE('',*,*,#915,.F.);
#932 = ORIENTED_EDGE('',*,*,#933,.F.);
#933 = EDGE_CURVE('',#916,#916,#934,.T.);
#934 = CIRCLE('',#935,0.4445);
#935 = AXIS2_PLACEMENT_3D('',#936,#937,#938);
#936 = CARTESIAN_POINT('',(-46.67250000029,4.762508333333,0.E+000));
#937 = DIRECTION('',(0.E+000,0.E+000,-1.));
#938 = DIRECTION('',(1.,0.E+000,0.E+000));
#939 = CYLINDRICAL_SURFACE('',#940,0.4445);
#940 = AXIS2_PLACEMENT_3D('',#941,#942,#943);
#941 = CARTESIAN_POINT('',(-46.67250000029,4.762508333333,0.E+000));
#942 = DIRECTION('',(-0.E+000,-0.E+000,1.));
#943 = DIRECTION('',(1.,0.E+000,0.E+000));
#944 = ADVANCED_FACE('',(#945),#972,.F.);
#945 = FACE_BOUND('',#946,.T.);
#946 = EDGE_LOOP('',(#947,#957,#964,#965));
#947 = ORIENTED_EDGE('',*,*,#948,.T.);
#948 = EDGE_CURVE('',#949,#951,#953,.T.);
#949 = VERTEX_POINT('',#950);
#950 = CARTESIAN_POINT('',(-89.7254999997,-0.635008333333,0.E+000));
#951 = VERTEX_POINT('',#952);
#952 = CARTESIAN_POINT('',(-89.7254999997,-0.635008333333,-1.));
#953 = LINE('',#954,#955);
#954 = CARTESIAN_POINT('',(-89.7254999997,-0.635008333333,0.E+000));
#955 = VECTOR('',#956,1.);
#956 = DIRECTION('',(0.E+000,0.E+000,-1.));
#957 = ORIENTED_EDGE('',*,*,#958,.T.);
#958 = EDGE_CURVE('',#951,#951,#959,.T.);
#959 = CIRCLE('',#960,0.4445);
#960 = AXIS2_PLACEMENT_3D('',#961,#962,#963);
#961 = CARTESIAN_POINT('',(-90.1699999997,-0.635008333333,-1.));
#962 = DIRECTION('',(0.E+000,0.E+000,-1.));
#963 = DIRECTION('',(1.,0.E+000,0.E+000));
#964 = ORIENTED_EDGE('',*,*,#948,.F.);
#965 = ORIENTED_EDGE('',*,*,#966,.F.);
#966 = EDGE_CURVE('',#949,#949,#967,.T.);
#967 = CIRCLE('',#968,0.4445);
#968 = AXIS2_PLACEMENT_3D('',#969,#970,#971);
#969 = CARTESIAN_POINT('',(-90.1699999997,-0.635008333333,0.E+000));
#970 = DIRECTION('',(0.E+000,0.E+000,-1.));
#971 = DIRECTION('',(1.,0.E+000,0.E+000));
#972 = CYLINDRICAL_SURFACE('',#973,0.4445);
#973 = AXIS2_PLACEMENT_3D('',#974,#975,#976);
#974 = CARTESIAN_POINT('',(-90.1699999997,-0.635008333333,0.E+000));
#975 = DIRECTION('',(-0.E+000,-0.E+000,1.));
#976 = DIRECTION('',(1.,0.E+000,0.E+000));
#977 = ADVANCED_FACE('',(#978),#1005,.F.);
#978 = FACE_BOUND('',#979,.T.);
#979 = EDGE_LOOP('',(#980,#990,#997,#998));
#980 = ORIENTED_EDGE('',*,*,#981,.T.);
#981 = EDGE_CURVE('',#982,#984,#986,.T.);
#982 = VERTEX_POINT('',#983);
#983 = CARTESIAN_POINT('',(-89.7254999997,-3.175041666667,0.E+000));
#984 = VERTEX_POINT('',#985);
#985 = CARTESIAN_POINT('',(-89.7254999997,-3.175041666667,-1.));
#986 = LINE('',#987,#988);
#987 = CARTESIAN_POINT('',(-89.7254999997,-3.175041666667,0.E+000));
#988 = VECTOR('',#989,1.);
#989 = DIRECTION('',(0.E+000,0.E+000,-1.));
#990 = ORIENTED_EDGE('',*,*,#991,.T.);
#991 = EDGE_CURVE('',#984,#984,#992,.T.);
#992 = CIRCLE('',#993,0.4445);
#993 = AXIS2_PLACEMENT_3D('',#994,#995,#996);
#994 = CARTESIAN_POINT('',(-90.1699999997,-3.175041666667,-1.));
#995 = DIRECTION('',(0.E+000,0.E+000,-1.));
#996 = DIRECTION('',(1.,0.E+000,0.E+000));
#997 = ORIENTED_EDGE('',*,*,#981,.F.);
#998 = ORIENTED_EDGE('',*,*,#999,.F.);
#999 = EDGE_CURVE('',#982,#982,#1000,.T.);
#1000 = CIRCLE('',#1001,0.4445);
#1001 = AXIS2_PLACEMENT_3D('',#1002,#1003,#1004);
#1002 = CARTESIAN_POINT('',(-90.1699999997,-3.175041666667,0.E+000));
#1003 = DIRECTION('',(0.E+000,0.E+000,-1.));
#1004 = DIRECTION('',(1.,0.E+000,0.E+000));
#1005 = CYLINDRICAL_SURFACE('',#1006,0.4445);
#1006 = AXIS2_PLACEMENT_3D('',#1007,#1008,#1009);
#1007 = CARTESIAN_POINT('',(-90.1699999997,-3.175041666667,0.E+000));
#1008 = DIRECTION('',(-0.E+000,-0.E+000,1.));
#1009 = DIRECTION('',(1.,0.E+000,0.E+000));
#1010 = ADVANCED_FACE('',(#1011),#1038,.F.);
#1011 = FACE_BOUND('',#1012,.T.);
#1012 = EDGE_LOOP('',(#1013,#1023,#1030,#1031));
#1013 = ORIENTED_EDGE('',*,*,#1014,.T.);
#1014 = EDGE_CURVE('',#1015,#1017,#1019,.T.);
#1015 = VERTEX_POINT('',#1016);
#1016 = CARTESIAN_POINT('',(-88.23049166666,-20.7299999997,0.E+000));
#1017 = VERTEX_POINT('',#1018);
#1018 = CARTESIAN_POINT('',(-88.23049166666,-20.7299999997,-1.));
#1019 = LINE('',#1020,#1021);
#1020 = CARTESIAN_POINT('',(-88.23049166666,-20.7299999997,0.E+000));
#1021 = VECTOR('',#1022,1.);
#1022 = DIRECTION('',(0.E+000,0.E+000,-1.));
#1023 = ORIENTED_EDGE('',*,*,#1024,.T.);
#1024 = EDGE_CURVE('',#1017,#1017,#1025,.T.);
#1025 = CIRCLE('',#1026,0.4445);
#1026 = AXIS2_PLACEMENT_3D('',#1027,#1028,#1029);
#1027 = CARTESIAN_POINT('',(-88.67499166666,-20.7299999997,-1.));
#1028 = DIRECTION('',(0.E+000,0.E+000,-1.));
#1029 = DIRECTION('',(1.,0.E+000,0.E+000));
#1030 = ORIENTED_EDGE('',*,*,#1014,.F.);
#1031 = ORIENTED_EDGE('',*,*,#1032,.F.);
#1032 = EDGE_CURVE('',#1015,#1015,#1033,.T.);
#1033 = CIRCLE('',#1034,0.4445);
#1034 = AXIS2_PLACEMENT_3D('',#1035,#1036,#1037);
#1035 = CARTESIAN_POINT('',(-88.67499166666,-20.7299999997,0.E+000));
#1036 = DIRECTION('',(0.E+000,0.E+000,-1.));
#1037 = DIRECTION('',(1.,0.E+000,0.E+000));
#1038 = CYLINDRICAL_SURFACE('',#1039,0.4445);
#1039 = AXIS2_PLACEMENT_3D('',#1040,#1041,#1042);
#1040 = CARTESIAN_POINT('',(-88.67499166666,-20.7299999997,0.E+000));
#1041 = DIRECTION('',(-0.E+000,-0.E+000,1.));
#1042 = DIRECTION('',(1.,0.E+000,0.E+000));
#1043 = ADVANCED_FACE('',(#1044),#1071,.F.);
#1044 = FACE_BOUND('',#1045,.T.);
#1045 = EDGE_LOOP('',(#1046,#1056,#1063,#1064));
#1046 = ORIENTED_EDGE('',*,*,#1047,.T.);
#1047 = EDGE_CURVE('',#1048,#1050,#1052,.T.);
#1048 = VERTEX_POINT('',#1049);
#1049 = CARTESIAN_POINT('',(-85.69045833333,-20.7299999997,0.E+000));
#1050 = VERTEX_POINT('',#1051);
#1051 = CARTESIAN_POINT('',(-85.69045833333,-20.7299999997,-1.));
#1052 = LINE('',#1053,#1054);
#1053 = CARTESIAN_POINT('',(-85.69045833333,-20.7299999997,0.E+000));
#1054 = VECTOR('',#1055,1.);
#1055 = DIRECTION('',(0.E+000,0.E+000,-1.));
#1056 = ORIENTED_EDGE('',*,*,#1057,.T.);
#1057 = EDGE_CURVE('',#1050,#1050,#1058,.T.);
#1058 = CIRCLE('',#1059,0.4445);
#1059 = AXIS2_PLACEMENT_3D('',#1060,#1061,#1062);
#1060 = CARTESIAN_POINT('',(-86.13495833333,-20.7299999997,-1.));
#1061 = DIRECTION('',(0.E+000,0.E+000,-1.));
#1062 = DIRECTION('',(1.,0.E+000,0.E+000));
#1063 = ORIENTED_EDGE('',*,*,#1047,.F.);
#1064 = ORIENTED_EDGE('',*,*,#1065,.F.);
#1065 = EDGE_CURVE('',#1048,#1048,#1066,.T.);
#1066 = CIRCLE('',#1067,0.4445);
#1067 = AXIS2_PLACEMENT_3D('',#1068,#1069,#1070);
#1068 = CARTESIAN_POINT('',(-86.13495833333,-20.7299999997,0.E+000));
#1069 = DIRECTION('',(0.E+000,0.E+000,-1.));
#1070 = DIRECTION('',(1.,0.E+000,0.E+000));
#1071 = CYLINDRICAL_SURFACE('',#1072,0.4445);
#1072 = AXIS2_PLACEMENT_3D('',#1073,#1074,#1075);
#1073 = CARTESIAN_POINT('',(-86.13495833333,-20.7299999997,0.E+000));
#1074 = DIRECTION('',(-0.E+000,-0.E+000,1.));
#1075 = DIRECTION('',(1.,0.E+000,0.E+000));
#1076 = ADVANCED_FACE('',(#1077),#1104,.F.);
#1077 = FACE_BOUND('',#1078,.T.);
#1078 = EDGE_LOOP('',(#1079,#1089,#1096,#1097));
#1079 = ORIENTED_EDGE('',*,*,#1080,.T.);
#1080 = EDGE_CURVE('',#1081,#1083,#1085,.T.);
#1081 = VERTEX_POINT('',#1082);
#1082 = CARTESIAN_POINT('',(-88.23049166666,-26.1274999997,0.E+000));
#1083 = VERTEX_POINT('',#1084);
#1084 = CARTESIAN_POINT('',(-88.23049166666,-26.1274999997,-1.));
#1085 = LINE('',#1086,#1087);
#1086 = CARTESIAN_POINT('',(-88.23049166666,-26.1274999997,0.E+000));
#1087 = VECTOR('',#1088,1.);
#1088 = DIRECTION('',(0.E+000,0.E+000,-1.));
#1089 = ORIENTED_EDGE('',*,*,#1090,.T.);
#1090 = EDGE_CURVE('',#1083,#1083,#1091,.T.);
#1091 = CIRCLE('',#1092,0.4445);
#1092 = AXIS2_PLACEMENT_3D('',#1093,#1094,#1095);
#1093 = CARTESIAN_POINT('',(-88.67499166666,-26.1274999997,-1.));
#1094 = DIRECTION('',(0.E+000,0.E+000,-1.));
#1095 = DIRECTION('',(1.,0.E+000,0.E+000));
#1096 = ORIENTED_EDGE('',*,*,#1080,.F.);
#1097 = ORIENTED_EDGE('',*,*,#1098,.F.);
#1098 = EDGE_CURVE('',#1081,#1081,#1099,.T.);
#1099 = CIRCLE('',#1100,0.4445);
#1100 = AXIS2_PLACEMENT_3D('',#1101,#1102,#1103);
#1101 = CARTESIAN_POINT('',(-88.67499166666,-26.1274999997,0.E+000));
#1102 = DIRECTION('',(0.E+000,0.E+000,-1.));
#1103 = DIRECTION('',(1.,0.E+000,0.E+000));
#1104 = CYLINDRICAL_SURFACE('',#1105,0.4445);
#1105 = AXIS2_PLACEMENT_3D('',#1106,#1107,#1108);
#1106 = CARTESIAN_POINT('',(-88.67499166666,-26.1274999997,0.E+000));
#1107 = DIRECTION('',(-0.E+000,-0.E+000,1.));
#1108 = DIRECTION('',(1.,0.E+000,0.E+000));
#1109 = ADVANCED_FACE('',(#1110),#1137,.F.);
#1110 = FACE_BOUND('',#1111,.T.);
#1111 = EDGE_LOOP('',(#1112,#1122,#1129,#1130));
#1112 = ORIENTED_EDGE('',*,*,#1113,.T.);
#1113 = EDGE_CURVE('',#1114,#1116,#1118,.T.);
#1114 = VERTEX_POINT('',#1115);
#1115 = CARTESIAN_POINT('',(-85.69045833333,-26.1274999997,0.E+000));
#1116 = VERTEX_POINT('',#1117);
#1117 = CARTESIAN_POINT('',(-85.69045833333,-26.1274999997,-1.));
#1118 = LINE('',#1119,#1120);
#1119 = CARTESIAN_POINT('',(-85.69045833333,-26.1274999997,0.E+000));
#1120 = VECTOR('',#1121,1.);
#1121 = DIRECTION('',(0.E+000,0.E+000,-1.));
#1122 = ORIENTED_EDGE('',*,*,#1123,.T.);
#1123 = EDGE_CURVE('',#1116,#1116,#1124,.T.);
#1124 = CIRCLE('',#1125,0.4445);
#1125 = AXIS2_PLACEMENT_3D('',#1126,#1127,#1128);
#1126 = CARTESIAN_POINT('',(-86.13495833333,-26.1274999997,-1.));
#1127 = DIRECTION('',(0.E+000,0.E+000,-1.));
#1128 = DIRECTION('',(1.,0.E+000,0.E+000));
#1129 = ORIENTED_EDGE('',*,*,#1113,.F.);
#1130 = ORIENTED_EDGE('',*,*,#1131,.F.);
#1131 = EDGE_CURVE('',#1114,#1114,#1132,.T.);
#1132 = CIRCLE('',#1133,0.4445);
#1133 = AXIS2_PLACEMENT_3D('',#1134,#1135,#1136);
#1134 = CARTESIAN_POINT('',(-86.13495833333,-26.1274999997,0.E+000));
#1135 = DIRECTION('',(0.E+000,0.E+000,-1.));
#1136 = DIRECTION('',(1.,0.E+000,0.E+000));
#1137 = CYLINDRICAL_SURFACE('',#1138,0.4445);
#1138 = AXIS2_PLACEMENT_3D('',#1139,#1140,#1141);
#1139 = CARTESIAN_POINT('',(-86.13495833333,-26.1274999997,0.E+000));
#1140 = DIRECTION('',(-0.E+000,-0.E+000,1.));
#1141 = DIRECTION('',(1.,0.E+000,0.E+000));
#1142 = ADVANCED_FACE('',(#1143),#1170,.F.);
#1143 = FACE_BOUND('',#1144,.T.);
#1144 = EDGE_LOOP('',(#1145,#1155,#1162,#1163));
#1145 = ORIENTED_EDGE('',*,*,#1146,.T.);
#1146 = EDGE_CURVE('',#1147,#1149,#1151,.T.);
#1147 = VERTEX_POINT('',#1148);
#1148 = CARTESIAN_POINT('',(-113.845,49.12,0.E+000));
#1149 = VERTEX_POINT('',#1150);
#1150 = CARTESIAN_POINT('',(-113.845,49.12,-1.));
#1151 = LINE('',#1152,#1153);
#1152 = CARTESIAN_POINT('',(-113.845,49.12,0.E+000));
#1153 = VECTOR('',#1154,1.);
#1154 = DIRECTION('',(0.E+000,0.E+000,-1.));
#1155 = ORIENTED_EDGE('',*,*,#1156,.T.);
#1156 = EDGE_CURVE('',#1149,#1149,#1157,.T.);
#1157 = CIRCLE('',#1158,1.5);
#1158 = AXIS2_PLACEMENT_3D('',#1159,#1160,#1161);
#1159 = CARTESIAN_POINT('',(-115.345,49.12,-1.));
#1160 = DIRECTION('',(0.E+000,0.E+000,-1.));
#1161 = DIRECTION('',(1.,0.E+000,0.E+000));
#1162 = ORIENTED_EDGE('',*,*,#1146,.F.);
#1163 = ORIENTED_EDGE('',*,*,#1164,.F.);
#1164 = EDGE_CURVE('',#1147,#1147,#1165,.T.);
#1165 = CIRCLE('',#1166,1.5);
#1166 = AXIS2_PLACEMENT_3D('',#1167,#1168,#1169);
#1167 = CARTESIAN_POINT('',(-115.345,49.12,0.E+000));
#1168 = DIRECTION('',(0.E+000,0.E+000,-1.));
#1169 = DIRECTION('',(1.,0.E+000,0.E+000));
#1170 = CYLINDRICAL_SURFACE('',#1171,1.5);
#1171 = AXIS2_PLACEMENT_3D('',#1172,#1173,#1174);
#1172 = CARTESIAN_POINT('',(-115.345,49.12,0.E+000));
#1173 = DIRECTION('',(-0.E+000,-0.E+000,1.));
#1174 = DIRECTION('',(1.,0.E+000,0.E+000));
#1175 = ADVANCED_FACE('',(#1176),#1203,.F.);
#1176 = FACE_BOUND('',#1177,.T.);
#1177 = EDGE_LOOP('',(#1178,#1188,#1195,#1196));
#1178 = ORIENTED_EDGE('',*,*,#1179,.T.);
#1179 = EDGE_CURVE('',#1180,#1182,#1184,.T.);
#1180 = VERTEX_POINT('',#1181);
#1181 = CARTESIAN_POINT('',(-38.885,49.15,0.E+000));
#1182 = VERTEX_POINT('',#1183);
#1183 = CARTESIAN_POINT('',(-38.885,49.15,-1.));
#1184 = LINE('',#1185,#1186);
#1185 = CARTESIAN_POINT('',(-38.885,49.15,0.E+000));
#1186 = VECTOR('',#1187,1.);
#1187 = DIRECTION('',(0.E+000,0.E+000,-1.));
#1188 = ORIENTED_EDGE('',*,*,#1189,.T.);
#1189 = EDGE_CURVE('',#1182,#1182,#1190,.T.);
#1190 = CIRCLE('',#1191,1.5);
#1191 = AXIS2_PLACEMENT_3D('',#1192,#1193,#1194);
#1192 = CARTESIAN_POINT('',(-40.385,49.15,-1.));
#1193 = DIRECTION('',(0.E+000,0.E+000,-1.));
#1194 = DIRECTION('',(1.,0.E+000,0.E+000));
#1195 = ORIENTED_EDGE('',*,*,#1179,.F.);
#1196 = ORIENTED_EDGE('',*,*,#1197,.F.);
#1197 = EDGE_CURVE('',#1180,#1180,#1198,.T.);
#1198 = CIRCLE('',#1199,1.5);
#1199 = AXIS2_PLACEMENT_3D('',#1200,#1201,#1202);
#1200 = CARTESIAN_POINT('',(-40.385,49.15,0.E+000));
#1201 = DIRECTION('',(0.E+000,0.E+000,-1.));
#1202 = DIRECTION('',(1.,0.E+000,0.E+000));
#1203 = CYLINDRICAL_SURFACE('',#1204,1.5);
#1204 = AXIS2_PLACEMENT_3D('',#1205,#1206,#1207);
#1205 = CARTESIAN_POINT('',(-40.385,49.15,0.E+000));
#1206 = DIRECTION('',(-0.E+000,-0.E+000,1.));
#1207 = DIRECTION('',(1.,0.E+000,0.E+000));
#1208 = ADVANCED_FACE('',(#1209),#1236,.F.);
#1209 = FACE_BOUND('',#1210,.T.);
#1210 = EDGE_LOOP('',(#1211,#1221,#1228,#1229));
#1211 = ORIENTED_EDGE('',*,*,#1212,.T.);
#1212 = EDGE_CURVE('',#1213,#1215,#1217,.T.);
#1213 = VERTEX_POINT('',#1214);
#1214 = CARTESIAN_POINT('',(-113.875,-25.84,0.E+000));
#1215 = VERTEX_POINT('',#1216);
#1216 = CARTESIAN_POINT('',(-113.875,-25.84,-1.));
#1217 = LINE('',#1218,#1219);
#1218 = CARTESIAN_POINT('',(-113.875,-25.84,0.E+000));
#1219 = VECTOR('',#1220,1.);
#1220 = DIRECTION('',(0.E+000,0.E+000,-1.));
#1221 = ORIENTED_EDGE('',*,*,#1222,.T.);
#1222 = EDGE_CURVE('',#1215,#1215,#1223,.T.);
#1223 = CIRCLE('',#1224,1.5);
#1224 = AXIS2_PLACEMENT_3D('',#1225,#1226,#1227);
#1225 = CARTESIAN_POINT('',(-115.375,-25.84,-1.));
#1226 = DIRECTION('',(0.E+000,0.E+000,-1.));
#1227 = DIRECTION('',(1.,0.E+000,0.E+000));
#1228 = ORIENTED_EDGE('',*,*,#1212,.F.);
#1229 = ORIENTED_EDGE('',*,*,#1230,.F.);
#1230 = EDGE_CURVE('',#1213,#1213,#1231,.T.);
#1231 = CIRCLE('',#1232,1.5);
#1232 = AXIS2_PLACEMENT_3D('',#1233,#1234,#1235);
#1233 = CARTESIAN_POINT('',(-115.375,-25.84,0.E+000));
#1234 = DIRECTION('',(0.E+000,0.E+000,-1.));
#1235 = DIRECTION('',(1.,0.E+000,0.E+000));
#1236 = CYLINDRICAL_SURFACE('',#1237,1.5);
#1237 = AXIS2_PLACEMENT_3D('',#1238,#1239,#1240);
#1238 = CARTESIAN_POINT('',(-115.375,-25.84,0.E+000));
#1239 = DIRECTION('',(-0.E+000,-0.E+000,1.));
#1240 = DIRECTION('',(1.,0.E+000,0.E+000));
#1241 = ADVANCED_FACE('',(#1242),#1269,.F.);
#1242 = FACE_BOUND('',#1243,.T.);
#1243 = EDGE_LOOP('',(#1244,#1254,#1261,#1262));
#1244 = ORIENTED_EDGE('',*,*,#1245,.T.);
#1245 = EDGE_CURVE('',#1246,#1248,#1250,.T.);
#1246 = VERTEX_POINT('',#1247);
#1247 = CARTESIAN_POINT('',(-38.885,-25.84,0.E+000));
#1248 = VERTEX_POINT('',#1249);
#1249 = CARTESIAN_POINT('',(-38.885,-25.84,-1.));
#1250 = LINE('',#1251,#1252);
#1251 = CARTESIAN_POINT('',(-38.885,-25.84,0.E+000));
#1252 = VECTOR('',#1253,1.);
#1253 = DIRECTION('',(0.E+000,0.E+000,-1.));
#1254 = ORIENTED_EDGE('',*,*,#1255,.T.);
#1255 = EDGE_CURVE('',#1248,#1248,#1256,.T.);
#1256 = CIRCLE('',#1257,1.5);
#1257 = AXIS2_PLACEMENT_3D('',#1258,#1259,#1260);
#1258 = CARTESIAN_POINT('',(-40.385,-25.84,-1.));
#1259 = DIRECTION('',(0.E+000,0.E+000,-1.));
#1260 = DIRECTION('',(1.,0.E+000,0.E+000));
#1261 = ORIENTED_EDGE('',*,*,#1245,.F.);
#1262 = ORIENTED_EDGE('',*,*,#1263,.F.);
#1263 = EDGE_CURVE('',#1246,#1246,#1264,.T.);
#1264 = CIRCLE('',#1265,1.5);
#1265 = AXIS2_PLACEMENT_3D('',#1266,#1267,#1268);
#1266 = CARTESIAN_POINT('',(-40.385,-25.84,0.E+000));
#1267 = DIRECTION('',(0.E+000,0.E+000,-1.));
#1268 = DIRECTION('',(1.,0.E+000,0.E+000));
#1269 = CYLINDRICAL_SURFACE('',#1270,1.5);
#1270 = AXIS2_PLACEMENT_3D('',#1271,#1272,#1273);
#1271 = CARTESIAN_POINT('',(-40.385,-25.84,0.E+000));
#1272 = DIRECTION('',(-0.E+000,-0.E+000,1.));
#1273 = DIRECTION('',(1.,0.E+000,0.E+000));
#1274 = ADVANCED_FACE('',(#1275),#1302,.F.);
#1275 = FACE_BOUND('',#1276,.T.);
#1276 = EDGE_LOOP('',(#1277,#1287,#1294,#1295));
#1277 = ORIENTED_EDGE('',*,*,#1278,.T.);
#1278 = EDGE_CURVE('',#1279,#1281,#1283,.T.);
#1279 = VERTEX_POINT('',#1280);
#1280 = CARTESIAN_POINT('',(-83.5875,30.7975,0.E+000));
#1281 = VERTEX_POINT('',#1282);
#1282 = CARTESIAN_POINT('',(-83.5875,30.7975,-1.));
#1283 = LINE('',#1284,#1285);
#1284 = CARTESIAN_POINT('',(-83.5875,30.7975,0.E+000));
#1285 = VECTOR('',#1286,1.);
#1286 = DIRECTION('',(0.E+000,0.E+000,-1.));
#1287 = ORIENTED_EDGE('',*,*,#1288,.T.);
#1288 = EDGE_CURVE('',#1281,#1281,#1289,.T.);
#1289 = CIRCLE('',#1290,0.55);
#1290 = AXIS2_PLACEMENT_3D('',#1291,#1292,#1293);
#1291 = CARTESIAN_POINT('',(-84.1375,30.7975,-1.));
#1292 = DIRECTION('',(0.E+000,0.E+000,-1.));
#1293 = DIRECTION('',(1.,0.E+000,0.E+000));
#1294 = ORIENTED_EDGE('',*,*,#1278,.F.);
#1295 = ORIENTED_EDGE('',*,*,#1296,.F.);
#1296 = EDGE_CURVE('',#1279,#1279,#1297,.T.);
#1297 = CIRCLE('',#1298,0.55);
#1298 = AXIS2_PLACEMENT_3D('',#1299,#1300,#1301);
#1299 = CARTESIAN_POINT('',(-84.1375,30.7975,0.E+000));
#1300 = DIRECTION('',(0.E+000,0.E+000,-1.));
#1301 = DIRECTION('',(1.,0.E+000,0.E+000));
#1302 = CYLINDRICAL_SURFACE('',#1303,0.55);
#1303 = AXIS2_PLACEMENT_3D('',#1304,#1305,#1306);
#1304 = CARTESIAN_POINT('',(-84.1375,30.7975,0.E+000));
#1305 = DIRECTION('',(-0.E+000,-0.E+000,1.));
#1306 = DIRECTION('',(1.,0.E+000,0.E+000));
#1307 = ADVANCED_FACE('',(#1308),#1335,.F.);
#1308 = FACE_BOUND('',#1309,.T.);
#1309 = EDGE_LOOP('',(#1310,#1320,#1327,#1328));
#1310 = ORIENTED_EDGE('',*,*,#1311,.T.);
#1311 = EDGE_CURVE('',#1312,#1314,#1316,.T.);
#1312 = VERTEX_POINT('',#1313);
#1313 = CARTESIAN_POINT('',(-83.5875,28.257466666667,0.E+000));
#1314 = VERTEX_POINT('',#1315);
#1315 = CARTESIAN_POINT('',(-83.5875,28.257466666667,-1.));
#1316 = LINE('',#1317,#1318);
#1317 = CARTESIAN_POINT('',(-83.5875,28.257466666667,0.E+000));
#1318 = VECTOR('',#1319,1.);
#1319 = DIRECTION('',(0.E+000,0.E+000,-1.));
#1320 = ORIENTED_EDGE('',*,*,#1321,.T.);
#1321 = EDGE_CURVE('',#1314,#1314,#1322,.T.);
#1322 = CIRCLE('',#1323,0.55);
#1323 = AXIS2_PLACEMENT_3D('',#1324,#1325,#1326);
#1324 = CARTESIAN_POINT('',(-84.1375,28.257466666667,-1.));
#1325 = DIRECTION('',(0.E+000,0.E+000,-1.));
#1326 = DIRECTION('',(1.,0.E+000,0.E+000));
#1327 = ORIENTED_EDGE('',*,*,#1311,.F.);
#1328 = ORIENTED_EDGE('',*,*,#1329,.F.);
#1329 = EDGE_CURVE('',#1312,#1312,#1330,.T.);
#1330 = CIRCLE('',#1331,0.55);
#1331 = AXIS2_PLACEMENT_3D('',#1332,#1333,#1334);
#1332 = CARTESIAN_POINT('',(-84.1375,28.257466666667,0.E+000));
#1333 = DIRECTION('',(0.E+000,0.E+000,-1.));
#1334 = DIRECTION('',(1.,0.E+000,0.E+000));
#1335 = CYLINDRICAL_SURFACE('',#1336,0.55);
#1336 = AXIS2_PLACEMENT_3D('',#1337,#1338,#1339);
#1337 = CARTESIAN_POINT('',(-84.1375,28.257466666667,0.E+000));
#1338 = DIRECTION('',(-0.E+000,-0.E+000,1.));
#1339 = DIRECTION('',(1.,0.E+000,0.E+000));
#1340 = ADVANCED_FACE('',(#1341),#1368,.F.);
#1341 = FACE_BOUND('',#1342,.T.);
#1342 = EDGE_LOOP('',(#1343,#1353,#1360,#1361));
#1343 = ORIENTED_EDGE('',*,*,#1344,.T.);
#1344 = EDGE_CURVE('',#1345,#1347,#1349,.T.);
#1345 = VERTEX_POINT('',#1346);
#1346 = CARTESIAN_POINT('',(-83.5875,25.7175,0.E+000));
#1347 = VERTEX_POINT('',#1348);
#1348 = CARTESIAN_POINT('',(-83.5875,25.7175,-1.));
#1349 = LINE('',#1350,#1351);
#1350 = CARTESIAN_POINT('',(-83.5875,25.7175,0.E+000));
#1351 = VECTOR('',#1352,1.);
#1352 = DIRECTION('',(0.E+000,0.E+000,-1.));
#1353 = ORIENTED_EDGE('',*,*,#1354,.T.);
#1354 = EDGE_CURVE('',#1347,#1347,#1355,.T.);
#1355 = CIRCLE('',#1356,0.55);
#1356 = AXIS2_PLACEMENT_3D('',#1357,#1358,#1359);
#1357 = CARTESIAN_POINT('',(-84.1375,25.7175,-1.));
#1358 = DIRECTION('',(0.E+000,0.E+000,-1.));
#1359 = DIRECTION('',(1.,0.E+000,0.E+000));
#1360 = ORIENTED_EDGE('',*,*,#1344,.F.);
#1361 = ORIENTED_EDGE('',*,*,#1362,.F.);
#1362 = EDGE_CURVE('',#1345,#1345,#1363,.T.);
#1363 = CIRCLE('',#1364,0.55);
#1364 = AXIS2_PLACEMENT_3D('',#1365,#1366,#1367);
#1365 = CARTESIAN_POINT('',(-84.1375,25.7175,0.E+000));
#1366 = DIRECTION('',(0.E+000,0.E+000,-1.));
#1367 = DIRECTION('',(1.,0.E+000,0.E+000));
#1368 = CYLINDRICAL_SURFACE('',#1369,0.55);
#1369 = AXIS2_PLACEMENT_3D('',#1370,#1371,#1372);
#1370 = CARTESIAN_POINT('',(-84.1375,25.7175,0.E+000));
#1371 = DIRECTION('',(-0.E+000,-0.E+000,1.));
#1372 = DIRECTION('',(1.,0.E+000,0.E+000));
#1373 = ADVANCED_FACE('',(#1374),#1401,.F.);
#1374 = FACE_BOUND('',#1375,.T.);
#1375 = EDGE_LOOP('',(#1376,#1386,#1393,#1394));
#1376 = ORIENTED_EDGE('',*,*,#1377,.T.);
#1377 = EDGE_CURVE('',#1378,#1380,#1382,.T.);
#1378 = VERTEX_POINT('',#1379);
#1379 = CARTESIAN_POINT('',(-83.5875,23.1775,0.E+000));
#1380 = VERTEX_POINT('',#1381);
#1381 = CARTESIAN_POINT('',(-83.5875,23.1775,-1.));
#1382 = LINE('',#1383,#1384);
#1383 = CARTESIAN_POINT('',(-83.5875,23.1775,0.E+000));
#1384 = VECTOR('',#1385,1.);
#1385 = DIRECTION('',(0.E+000,0.E+000,-1.));
#1386 = ORIENTED_EDGE('',*,*,#1387,.T.);
#1387 = EDGE_CURVE('',#1380,#1380,#1388,.T.);
#1388 = CIRCLE('',#1389,0.55);
#1389 = AXIS2_PLACEMENT_3D('',#1390,#1391,#1392);
#1390 = CARTESIAN_POINT('',(-84.1375,23.1775,-1.));
#1391 = DIRECTION('',(0.E+000,0.E+000,-1.));
#1392 = DIRECTION('',(1.,0.E+000,0.E+000));
#1393 = ORIENTED_EDGE('',*,*,#1377,.F.);
#1394 = ORIENTED_EDGE('',*,*,#1395,.F.);
#1395 = EDGE_CURVE('',#1378,#1378,#1396,.T.);
#1396 = CIRCLE('',#1397,0.55);
#1397 = AXIS2_PLACEMENT_3D('',#1398,#1399,#1400);
#1398 = CARTESIAN_POINT('',(-84.1375,23.1775,0.E+000));
#1399 = DIRECTION('',(0.E+000,0.E+000,-1.));
#1400 = DIRECTION('',(1.,0.E+000,0.E+000));
#1401 = CYLINDRICAL_SURFACE('',#1402,0.55);
#1402 = AXIS2_PLACEMENT_3D('',#1403,#1404,#1405);
#1403 = CARTESIAN_POINT('',(-84.1375,23.1775,0.E+000));
#1404 = DIRECTION('',(-0.E+000,-0.E+000,1.));
#1405 = DIRECTION('',(1.,0.E+000,0.E+000));
#1406 = ADVANCED_FACE('',(#1407),#1434,.F.);
#1407 = FACE_BOUND('',#1408,.T.);
#1408 = EDGE_LOOP('',(#1409,#1419,#1426,#1427));
#1409 = ORIENTED_EDGE('',*,*,#1410,.T.);
#1410 = EDGE_CURVE('',#1411,#1413,#1415,.T.);
#1411 = VERTEX_POINT('',#1412);
#1412 = CARTESIAN_POINT('',(-83.5875,20.637466666667,0.E+000));
#1413 = VERTEX_POINT('',#1414);
#1414 = CARTESIAN_POINT('',(-83.5875,20.637466666667,-1.));
#1415 = LINE('',#1416,#1417);
#1416 = CARTESIAN_POINT('',(-83.5875,20.637466666667,0.E+000));
#1417 = VECTOR('',#1418,1.);
#1418 = DIRECTION('',(0.E+000,0.E+000,-1.));
#1419 = ORIENTED_EDGE('',*,*,#1420,.T.);
#1420 = EDGE_CURVE('',#1413,#1413,#1421,.T.);
#1421 = CIRCLE('',#1422,0.55);
#1422 = AXIS2_PLACEMENT_3D('',#1423,#1424,#1425);
#1423 = CARTESIAN_POINT('',(-84.1375,20.637466666667,-1.));
#1424 = DIRECTION('',(0.E+000,0.E+000,-1.));
#1425 = DIRECTION('',(1.,0.E+000,0.E+000));
#1426 = ORIENTED_EDGE('',*,*,#1410,.F.);
#1427 = ORIENTED_EDGE('',*,*,#1428,.F.);
#1428 = EDGE_CURVE('',#1411,#1411,#1429,.T.);
#1429 = CIRCLE('',#1430,0.55);
#1430 = AXIS2_PLACEMENT_3D('',#1431,#1432,#1433);
#1431 = CARTESIAN_POINT('',(-84.1375,20.637466666667,0.E+000));
#1432 = DIRECTION('',(0.E+000,0.E+000,-1.));
#1433 = DIRECTION('',(1.,0.E+000,0.E+000));
#1434 = CYLINDRICAL_SURFACE('',#1435,0.55);
#1435 = AXIS2_PLACEMENT_3D('',#1436,#1437,#1438);
#1436 = CARTESIAN_POINT('',(-84.1375,20.637466666667,0.E+000));
#1437 = DIRECTION('',(-0.E+000,-0.E+000,1.));
#1438 = DIRECTION('',(1.,0.E+000,0.E+000));
#1439 = ADVANCED_FACE('',(#1440),#1467,.F.);
#1440 = FACE_BOUND('',#1441,.T.);
#1441 = EDGE_LOOP('',(#1442,#1452,#1459,#1460));
#1442 = ORIENTED_EDGE('',*,*,#1443,.T.);
#1443 = EDGE_CURVE('',#1444,#1446,#1448,.T.);
#1444 = VERTEX_POINT('',#1445);
#1445 = CARTESIAN_POINT('',(-83.5875,18.0975,0.E+000));
#1446 = VERTEX_POINT('',#1447);
#1447 = CARTESIAN_POINT('',(-83.5875,18.0975,-1.));
#1448 = LINE('',#1449,#1450);
#1449 = CARTESIAN_POINT('',(-83.5875,18.0975,0.E+000));
#1450 = VECTOR('',#1451,1.);
#1451 = DIRECTION('',(0.E+000,0.E+000,-1.));
#1452 = ORIENTED_EDGE('',*,*,#1453,.T.);
#1453 = EDGE_CURVE('',#1446,#1446,#1454,.T.);
#1454 = CIRCLE('',#1455,0.55);
#1455 = AXIS2_PLACEMENT_3D('',#1456,#1457,#1458);
#1456 = CARTESIAN_POINT('',(-84.1375,18.0975,-1.));
#1457 = DIRECTION('',(0.E+000,0.E+000,-1.));
#1458 = DIRECTION('',(1.,0.E+000,0.E+000));
#1459 = ORIENTED_EDGE('',*,*,#1443,.F.);
#1460 = ORIENTED_EDGE('',*,*,#1461,.F.);
#1461 = EDGE_CURVE('',#1444,#1444,#1462,.T.);
#1462 = CIRCLE('',#1463,0.55);
#1463 = AXIS2_PLACEMENT_3D('',#1464,#1465,#1466);
#1464 = CARTESIAN_POINT('',(-84.1375,18.0975,0.E+000));
#1465 = DIRECTION('',(0.E+000,0.E+000,-1.));
#1466 = DIRECTION('',(1.,0.E+000,0.E+000));
#1467 = CYLINDRICAL_SURFACE('',#1468,0.55);
#1468 = AXIS2_PLACEMENT_3D('',#1469,#1470,#1471);
#1469 = CARTESIAN_POINT('',(-84.1375,18.0975,0.E+000));
#1470 = DIRECTION('',(-0.E+000,-0.E+000,1.));
#1471 = DIRECTION('',(1.,0.E+000,0.E+000));
#1472 = ADVANCED_FACE('',(#1473),#1500,.F.);
#1473 = FACE_BOUND('',#1474,.T.);
#1474 = EDGE_LOOP('',(#1475,#1485,#1492,#1493));
#1475 = ORIENTED_EDGE('',*,*,#1476,.T.);
#1476 = EDGE_CURVE('',#1477,#1479,#1481,.T.);
#1477 = VERTEX_POINT('',#1478);
#1478 = CARTESIAN_POINT('',(-83.5875,15.5575,0.E+000));
#1479 = VERTEX_POINT('',#1480);
#1480 = CARTESIAN_POINT('',(-83.5875,15.5575,-1.));
#1481 = LINE('',#1482,#1483);
#1482 = CARTESIAN_POINT('',(-83.5875,15.5575,0.E+000));
#1483 = VECTOR('',#1484,1.);
#1484 = DIRECTION('',(0.E+000,0.E+000,-1.));
#1485 = ORIENTED_EDGE('',*,*,#1486,.T.);
#1486 = EDGE_CURVE('',#1479,#1479,#1487,.T.);
#1487 = CIRCLE('',#1488,0.55);
#1488 = AXIS2_PLACEMENT_3D('',#1489,#1490,#1491);
#1489 = CARTESIAN_POINT('',(-84.1375,15.5575,-1.));
#1490 = DIRECTION('',(0.E+000,0.E+000,-1.));
#1491 = DIRECTION('',(1.,0.E+000,0.E+000));
#1492 = ORIENTED_EDGE('',*,*,#1476,.F.);
#1493 = ORIENTED_EDGE('',*,*,#1494,.F.);
#1494 = EDGE_CURVE('',#1477,#1477,#1495,.T.);
#1495 = CIRCLE('',#1496,0.55);
#1496 = AXIS2_PLACEMENT_3D('',#1497,#1498,#1499);
#1497 = CARTESIAN_POINT('',(-84.1375,15.5575,0.E+000));
#1498 = DIRECTION('',(0.E+000,0.E+000,-1.));
#1499 = DIRECTION('',(1.,0.E+000,0.E+000));
#1500 = CYLINDRICAL_SURFACE('',#1501,0.55);
#1501 = AXIS2_PLACEMENT_3D('',#1502,#1503,#1504);
#1502 = CARTESIAN_POINT('',(-84.1375,15.5575,0.E+000));
#1503 = DIRECTION('',(-0.E+000,-0.E+000,1.));
#1504 = DIRECTION('',(1.,0.E+000,0.E+000));
#1505 = ADVANCED_FACE('',(#1506),#1533,.F.);
#1506 = FACE_BOUND('',#1507,.T.);
#1507 = EDGE_LOOP('',(#1508,#1518,#1525,#1526));
#1508 = ORIENTED_EDGE('',*,*,#1509,.T.);
#1509 = EDGE_CURVE('',#1510,#1512,#1514,.T.);
#1510 = VERTEX_POINT('',#1511);
#1511 = CARTESIAN_POINT('',(-83.5875,13.017466666667,0.E+000));
#1512 = VERTEX_POINT('',#1513);
#1513 = CARTESIAN_POINT('',(-83.5875,13.017466666667,-1.));
#1514 = LINE('',#1515,#1516);
#1515 = CARTESIAN_POINT('',(-83.5875,13.017466666667,0.E+000));
#1516 = VECTOR('',#1517,1.);
#1517 = DIRECTION('',(0.E+000,0.E+000,-1.));
#1518 = ORIENTED_EDGE('',*,*,#1519,.T.);
#1519 = EDGE_CURVE('',#1512,#1512,#1520,.T.);
#1520 = CIRCLE('',#1521,0.55);
#1521 = AXIS2_PLACEMENT_3D('',#1522,#1523,#1524);
#1522 = CARTESIAN_POINT('',(-84.1375,13.017466666667,-1.));
#1523 = DIRECTION('',(0.E+000,0.E+000,-1.));
#1524 = DIRECTION('',(1.,0.E+000,0.E+000));
#1525 = ORIENTED_EDGE('',*,*,#1509,.F.);
#1526 = ORIENTED_EDGE('',*,*,#1527,.F.);
#1527 = EDGE_CURVE('',#1510,#1510,#1528,.T.);
#1528 = CIRCLE('',#1529,0.55);
#1529 = AXIS2_PLACEMENT_3D('',#1530,#1531,#1532);
#1530 = CARTESIAN_POINT('',(-84.1375,13.017466666667,0.E+000));
#1531 = DIRECTION('',(0.E+000,0.E+000,-1.));
#1532 = DIRECTION('',(1.,0.E+000,0.E+000));
#1533 = CYLINDRICAL_SURFACE('',#1534,0.55);
#1534 = AXIS2_PLACEMENT_3D('',#1535,#1536,#1537);
#1535 = CARTESIAN_POINT('',(-84.1375,13.017466666667,0.E+000));
#1536 = DIRECTION('',(-0.E+000,-0.E+000,1.));
#1537 = DIRECTION('',(1.,0.E+000,0.E+000));
#1538 = ADVANCED_FACE('',(#1539),#1566,.F.);
#1539 = FACE_BOUND('',#1540,.T.);
#1540 = EDGE_LOOP('',(#1541,#1551,#1558,#1559));
#1541 = ORIENTED_EDGE('',*,*,#1542,.T.);
#1542 = EDGE_CURVE('',#1543,#1545,#1547,.T.);
#1543 = VERTEX_POINT('',#1544);
#1544 = CARTESIAN_POINT('',(-108.1275,-20.095,0.E+000));
#1545 = VERTEX_POINT('',#1546);
#1546 = CARTESIAN_POINT('',(-108.1275,-20.095,-1.));
#1547 = LINE('',#1548,#1549);
#1548 = CARTESIAN_POINT('',(-108.1275,-20.095,0.E+000));
#1549 = VECTOR('',#1550,1.);
#1550 = DIRECTION('',(0.E+000,0.E+000,-1.));
#1551 = ORIENTED_EDGE('',*,*,#1552,.T.);
#1552 = EDGE_CURVE('',#1545,#1545,#1553,.T.);
#1553 = CIRCLE('',#1554,0.55);
#1554 = AXIS2_PLACEMENT_3D('',#1555,#1556,#1557);
#1555 = CARTESIAN_POINT('',(-108.6775,-20.095,-1.));
#1556 = DIRECTION('',(0.E+000,0.E+000,-1.));
#1557 = DIRECTION('',(1.,0.E+000,0.E+000));
#1558 = ORIENTED_EDGE('',*,*,#1542,.F.);
#1559 = ORIENTED_EDGE('',*,*,#1560,.F.);
#1560 = EDGE_CURVE('',#1543,#1543,#1561,.T.);
#1561 = CIRCLE('',#1562,0.55);
#1562 = AXIS2_PLACEMENT_3D('',#1563,#1564,#1565);
#1563 = CARTESIAN_POINT('',(-108.6775,-20.095,0.E+000));
#1564 = DIRECTION('',(0.E+000,0.E+000,-1.));
#1565 = DIRECTION('',(1.,0.E+000,0.E+000));
#1566 = CYLINDRICAL_SURFACE('',#1567,0.55);
#1567 = AXIS2_PLACEMENT_3D('',#1568,#1569,#1570);
#1568 = CARTESIAN_POINT('',(-108.6775,-20.095,0.E+000));
#1569 = DIRECTION('',(-0.E+000,-0.E+000,1.));
#1570 = DIRECTION('',(1.,0.E+000,0.E+000));
#1571 = ADVANCED_FACE('',(#1572),#1599,.F.);
#1572 = FACE_BOUND('',#1573,.T.);
#1573 = EDGE_LOOP('',(#1574,#1584,#1591,#1592));
#1574 = ORIENTED_EDGE('',*,*,#1575,.T.);
#1575 = EDGE_CURVE('',#1576,#1578,#1580,.T.);
#1576 = VERTEX_POINT('',#1577);
#1577 = CARTESIAN_POINT('',(-105.5875,-20.095,0.E+000));
#1578 = VERTEX_POINT('',#1579);
#1579 = CARTESIAN_POINT('',(-105.5875,-20.095,-1.));
#1580 = LINE('',#1581,#1582);
#1581 = CARTESIAN_POINT('',(-105.5875,-20.095,0.E+000));
#1582 = VECTOR('',#1583,1.);
#1583 = DIRECTION('',(0.E+000,0.E+000,-1.));
#1584 = ORIENTED_EDGE('',*,*,#1585,.T.);
#1585 = EDGE_CURVE('',#1578,#1578,#1586,.T.);
#1586 = CIRCLE('',#1587,0.55);
#1587 = AXIS2_PLACEMENT_3D('',#1588,#1589,#1590);
#1588 = CARTESIAN_POINT('',(-106.1375,-20.095,-1.));
#1589 = DIRECTION('',(0.E+000,0.E+000,-1.));
#1590 = DIRECTION('',(1.,0.E+000,0.E+000));
#1591 = ORIENTED_EDGE('',*,*,#1575,.F.);
#1592 = ORIENTED_EDGE('',*,*,#1593,.F.);
#1593 = EDGE_CURVE('',#1576,#1576,#1594,.T.);
#1594 = CIRCLE('',#1595,0.55);
#1595 = AXIS2_PLACEMENT_3D('',#1596,#1597,#1598);
#1596 = CARTESIAN_POINT('',(-106.1375,-20.095,0.E+000));
#1597 = DIRECTION('',(0.E+000,0.E+000,-1.));
#1598 = DIRECTION('',(1.,0.E+000,0.E+000));
#1599 = CYLINDRICAL_SURFACE('',#1600,0.55);
#1600 = AXIS2_PLACEMENT_3D('',#1601,#1602,#1603);
#1601 = CARTESIAN_POINT('',(-106.1375,-20.095,0.E+000));
#1602 = DIRECTION('',(-0.E+000,-0.E+000,1.));
#1603 = DIRECTION('',(1.,0.E+000,0.E+000));
#1604 = ADVANCED_FACE('',(#1605),#1632,.F.);
#1605 = FACE_BOUND('',#1606,.T.);
#1606 = EDGE_LOOP('',(#1607,#1617,#1624,#1625));
#1607 = ORIENTED_EDGE('',*,*,#1608,.T.);
#1608 = EDGE_CURVE('',#1609,#1611,#1613,.T.);
#1609 = VERTEX_POINT('',#1610);
#1610 = CARTESIAN_POINT('',(-103.0475,-20.095,0.E+000));
#1611 = VERTEX_POINT('',#1612);
#1612 = CARTESIAN_POINT('',(-103.0475,-20.095,-1.));
#1613 = LINE('',#1614,#1615);
#1614 = CARTESIAN_POINT('',(-103.0475,-20.095,0.E+000));
#1615 = VECTOR('',#1616,1.);
#1616 = DIRECTION('',(0.E+000,0.E+000,-1.));
#1617 = ORIENTED_EDGE('',*,*,#1618,.T.);
#1618 = EDGE_CURVE('',#1611,#1611,#1619,.T.);
#1619 = CIRCLE('',#1620,0.55);
#1620 = AXIS2_PLACEMENT_3D('',#1621,#1622,#1623);
#1621 = CARTESIAN_POINT('',(-103.5975,-20.095,-1.));
#1622 = DIRECTION('',(0.E+000,0.E+000,-1.));
#1623 = DIRECTION('',(1.,0.E+000,0.E+000));
#1624 = ORIENTED_EDGE('',*,*,#1608,.F.);
#1625 = ORIENTED_EDGE('',*,*,#1626,.F.);
#1626 = EDGE_CURVE('',#1609,#1609,#1627,.T.);
#1627 = CIRCLE('',#1628,0.55);
#1628 = AXIS2_PLACEMENT_3D('',#1629,#1630,#1631);
#1629 = CARTESIAN_POINT('',(-103.5975,-20.095,0.E+000));
#1630 = DIRECTION('',(0.E+000,0.E+000,-1.));
#1631 = DIRECTION('',(1.,0.E+000,0.E+000));
#1632 = CYLINDRICAL_SURFACE('',#1633,0.55);
#1633 = AXIS2_PLACEMENT_3D('',#1634,#1635,#1636);
#1634 = CARTESIAN_POINT('',(-103.5975,-20.095,0.E+000));
#1635 = DIRECTION('',(-0.E+000,-0.E+000,1.));
#1636 = DIRECTION('',(1.,0.E+000,0.E+000));
#1637 = ADVANCED_FACE('',(#1638),#1665,.F.);
#1638 = FACE_BOUND('',#1639,.T.);
#1639 = EDGE_LOOP('',(#1640,#1650,#1657,#1658));
#1640 = ORIENTED_EDGE('',*,*,#1641,.T.);
#1641 = EDGE_CURVE('',#1642,#1644,#1646,.T.);
#1642 = VERTEX_POINT('',#1643);
#1643 = CARTESIAN_POINT('',(-103.0475,-17.555,0.E+000));
#1644 = VERTEX_POINT('',#1645);
#1645 = CARTESIAN_POINT('',(-103.0475,-17.555,-1.));
#1646 = LINE('',#1647,#1648);
#1647 = CARTESIAN_POINT('',(-103.0475,-17.555,0.E+000));
#1648 = VECTOR('',#1649,1.);
#1649 = DIRECTION('',(0.E+000,0.E+000,-1.));
#1650 = ORIENTED_EDGE('',*,*,#1651,.T.);
#1651 = EDGE_CURVE('',#1644,#1644,#1652,.T.);
#1652 = CIRCLE('',#1653,0.55);
#1653 = AXIS2_PLACEMENT_3D('',#1654,#1655,#1656);
#1654 = CARTESIAN_POINT('',(-103.5975,-17.555,-1.));
#1655 = DIRECTION('',(0.E+000,0.E+000,-1.));
#1656 = DIRECTION('',(1.,0.E+000,0.E+000));
#1657 = ORIENTED_EDGE('',*,*,#1641,.F.);
#1658 = ORIENTED_EDGE('',*,*,#1659,.F.);
#1659 = EDGE_CURVE('',#1642,#1642,#1660,.T.);
#1660 = CIRCLE('',#1661,0.55);
#1661 = AXIS2_PLACEMENT_3D('',#1662,#1663,#1664);
#1662 = CARTESIAN_POINT('',(-103.5975,-17.555,0.E+000));
#1663 = DIRECTION('',(0.E+000,0.E+000,-1.));
#1664 = DIRECTION('',(1.,0.E+000,0.E+000));
#1665 = CYLINDRICAL_SURFACE('',#1666,0.55);
#1666 = AXIS2_PLACEMENT_3D('',#1667,#1668,#1669);
#1667 = CARTESIAN_POINT('',(-103.5975,-17.555,0.E+000));
#1668 = DIRECTION('',(-0.E+000,-0.E+000,1.));
#1669 = DIRECTION('',(1.,0.E+000,0.E+000));
#1670 = ADVANCED_FACE('',(#1671),#1698,.F.);
#1671 = FACE_BOUND('',#1672,.T.);
#1672 = EDGE_LOOP('',(#1673,#1683,#1690,#1691));
#1673 = ORIENTED_EDGE('',*,*,#1674,.T.);
#1674 = EDGE_CURVE('',#1675,#1677,#1679,.T.);
#1675 = VERTEX_POINT('',#1676);
#1676 = CARTESIAN_POINT('',(-105.5875,-17.555,0.E+000));
#1677 = VERTEX_POINT('',#1678);
#1678 = CARTESIAN_POINT('',(-105.5875,-17.555,-1.));
#1679 = LINE('',#1680,#1681);
#1680 = CARTESIAN_POINT('',(-105.5875,-17.555,0.E+000));
#1681 = VECTOR('',#1682,1.);
#1682 = DIRECTION('',(0.E+000,0.E+000,-1.));
#1683 = ORIENTED_EDGE('',*,*,#1684,.T.);
#1684 = EDGE_CURVE('',#1677,#1677,#1685,.T.);
#1685 = CIRCLE('',#1686,0.55);
#1686 = AXIS2_PLACEMENT_3D('',#1687,#1688,#1689);
#1687 = CARTESIAN_POINT('',(-106.1375,-17.555,-1.));
#1688 = DIRECTION('',(0.E+000,0.E+000,-1.));
#1689 = DIRECTION('',(1.,0.E+000,0.E+000));
#1690 = ORIENTED_EDGE('',*,*,#1674,.F.);
#1691 = ORIENTED_EDGE('',*,*,#1692,.F.);
#1692 = EDGE_CURVE('',#1675,#1675,#1693,.T.);
#1693 = CIRCLE('',#1694,0.55);
#1694 = AXIS2_PLACEMENT_3D('',#1695,#1696,#1697);
#1695 = CARTESIAN_POINT('',(-106.1375,-17.555,0.E+000));
#1696 = DIRECTION('',(0.E+000,0.E+000,-1.));
#1697 = DIRECTION('',(1.,0.E+000,0.E+000));
#1698 = CYLINDRICAL_SURFACE('',#1699,0.55);
#1699 = AXIS2_PLACEMENT_3D('',#1700,#1701,#1702);
#1700 = CARTESIAN_POINT('',(-106.1375,-17.555,0.E+000));
#1701 = DIRECTION('',(-0.E+000,-0.E+000,1.));
#1702 = DIRECTION('',(1.,0.E+000,0.E+000));
#1703 = ADVANCED_FACE('',(#1704),#1731,.F.);
#1704 = FACE_BOUND('',#1705,.T.);
#1705 = EDGE_LOOP('',(#1706,#1716,#1723,#1724));
#1706 = ORIENTED_EDGE('',*,*,#1707,.T.);
#1707 = EDGE_CURVE('',#1708,#1710,#1712,.T.);
#1708 = VERTEX_POINT('',#1709);
#1709 = CARTESIAN_POINT('',(-108.1275,-17.555,0.E+000));
#1710 = VERTEX_POINT('',#1711);
#1711 = CARTESIAN_POINT('',(-108.1275,-17.555,-1.));
#1712 = LINE('',#1713,#1714);
#1713 = CARTESIAN_POINT('',(-108.1275,-17.555,0.E+000));
#1714 = VECTOR('',#1715,1.);
#1715 = DIRECTION('',(0.E+000,0.E+000,-1.));
#1716 = ORIENTED_EDGE('',*,*,#1717,.T.);
#1717 = EDGE_CURVE('',#1710,#1710,#1718,.T.);
#1718 = CIRCLE('',#1719,0.55);
#1719 = AXIS2_PLACEMENT_3D('',#1720,#1721,#1722);
#1720 = CARTESIAN_POINT('',(-108.6775,-17.555,-1.));
#1721 = DIRECTION('',(0.E+000,0.E+000,-1.));
#1722 = DIRECTION('',(1.,0.E+000,0.E+000));
#1723 = ORIENTED_EDGE('',*,*,#1707,.F.);
#1724 = ORIENTED_EDGE('',*,*,#1725,.F.);
#1725 = EDGE_CURVE('',#1708,#1708,#1726,.T.);
#1726 = CIRCLE('',#1727,0.55);
#1727 = AXIS2_PLACEMENT_3D('',#1728,#1729,#1730);
#1728 = CARTESIAN_POINT('',(-108.6775,-17.555,0.E+000));
#1729 = DIRECTION('',(0.E+000,0.E+000,-1.));
#1730 = DIRECTION('',(1.,0.E+000,0.E+000));
#1731 = CYLINDRICAL_SURFACE('',#1732,0.55);
#1732 = AXIS2_PLACEMENT_3D('',#1733,#1734,#1735);
#1733 = CARTESIAN_POINT('',(-108.6775,-17.555,0.E+000));
#1734 = DIRECTION('',(-0.E+000,-0.E+000,1.));
#1735 = DIRECTION('',(1.,0.E+000,0.E+000));
#1736 = ADVANCED_FACE('',(#1737),#1764,.F.);
#1737 = FACE_BOUND('',#1738,.T.);
#1738 = EDGE_LOOP('',(#1739,#1749,#1756,#1757));
#1739 = ORIENTED_EDGE('',*,*,#1740,.T.);
#1740 = EDGE_CURVE('',#1741,#1743,#1745,.T.);
#1741 = VERTEX_POINT('',#1742);
#1742 = CARTESIAN_POINT('',(-108.1275,-15.015,0.E+000));
#1743 = VERTEX_POINT('',#1744);
#1744 = CARTESIAN_POINT('',(-108.1275,-15.015,-1.));
#1745 = LINE('',#1746,#1747);
#1746 = CARTESIAN_POINT('',(-108.1275,-15.015,0.E+000));
#1747 = VECTOR('',#1748,1.);
#1748 = DIRECTION('',(0.E+000,0.E+000,-1.));
#1749 = ORIENTED_EDGE('',*,*,#1750,.T.);
#1750 = EDGE_CURVE('',#1743,#1743,#1751,.T.);
#1751 = CIRCLE('',#1752,0.55);
#1752 = AXIS2_PLACEMENT_3D('',#1753,#1754,#1755);
#1753 = CARTESIAN_POINT('',(-108.6775,-15.015,-1.));
#1754 = DIRECTION('',(0.E+000,0.E+000,-1.));
#1755 = DIRECTION('',(1.,0.E+000,0.E+000));
#1756 = ORIENTED_EDGE('',*,*,#1740,.F.);
#1757 = ORIENTED_EDGE('',*,*,#1758,.F.);
#1758 = EDGE_CURVE('',#1741,#1741,#1759,.T.);
#1759 = CIRCLE('',#1760,0.55);
#1760 = AXIS2_PLACEMENT_3D('',#1761,#1762,#1763);
#1761 = CARTESIAN_POINT('',(-108.6775,-15.015,0.E+000));
#1762 = DIRECTION('',(0.E+000,0.E+000,-1.));
#1763 = DIRECTION('',(1.,0.E+000,0.E+000));
#1764 = CYLINDRICAL_SURFACE('',#1765,0.55);
#1765 = AXIS2_PLACEMENT_3D('',#1766,#1767,#1768);
#1766 = CARTESIAN_POINT('',(-108.6775,-15.015,0.E+000));
#1767 = DIRECTION('',(-0.E+000,-0.E+000,1.));
#1768 = DIRECTION('',(1.,0.E+000,0.E+000));
#1769 = ADVANCED_FACE('',(#1770),#1797,.F.);
#1770 = FACE_BOUND('',#1771,.T.);
#1771 = EDGE_LOOP('',(#1772,#1782,#1789,#1790));
#1772 = ORIENTED_EDGE('',*,*,#1773,.T.);
#1773 = EDGE_CURVE('',#1774,#1776,#1778,.T.);
#1774 = VERTEX_POINT('',#1775);
#1775 = CARTESIAN_POINT('',(-105.5875,-15.015,0.E+000));
#1776 = VERTEX_POINT('',#1777);
#1777 = CARTESIAN_POINT('',(-105.5875,-15.015,-1.));
#1778 = LINE('',#1779,#1780);
#1779 = CARTESIAN_POINT('',(-105.5875,-15.015,0.E+000));
#1780 = VECTOR('',#1781,1.);
#1781 = DIRECTION('',(0.E+000,0.E+000,-1.));
#1782 = ORIENTED_EDGE('',*,*,#1783,.T.);
#1783 = EDGE_CURVE('',#1776,#1776,#1784,.T.);
#1784 = CIRCLE('',#1785,0.55);
#1785 = AXIS2_PLACEMENT_3D('',#1786,#1787,#1788);
#1786 = CARTESIAN_POINT('',(-106.1375,-15.015,-1.));
#1787 = DIRECTION('',(0.E+000,0.E+000,-1.));
#1788 = DIRECTION('',(1.,0.E+000,0.E+000));
#1789 = ORIENTED_EDGE('',*,*,#1773,.F.);
#1790 = ORIENTED_EDGE('',*,*,#1791,.F.);
#1791 = EDGE_CURVE('',#1774,#1774,#1792,.T.);
#1792 = CIRCLE('',#1793,0.55);
#1793 = AXIS2_PLACEMENT_3D('',#1794,#1795,#1796);
#1794 = CARTESIAN_POINT('',(-106.1375,-15.015,0.E+000));
#1795 = DIRECTION('',(0.E+000,0.E+000,-1.));
#1796 = DIRECTION('',(1.,0.E+000,0.E+000));
#1797 = CYLINDRICAL_SURFACE('',#1798,0.55);
#1798 = AXIS2_PLACEMENT_3D('',#1799,#1800,#1801);
#1799 = CARTESIAN_POINT('',(-106.1375,-15.015,0.E+000));
#1800 = DIRECTION('',(-0.E+000,-0.E+000,1.));
#1801 = DIRECTION('',(1.,0.E+000,0.E+000));
#1802 = ADVANCED_FACE('',(#1803),#1830,.F.);
#1803 = FACE_BOUND('',#1804,.T.);
#1804 = EDGE_LOOP('',(#1805,#1815,#1822,#1823));
#1805 = ORIENTED_EDGE('',*,*,#1806,.T.);
#1806 = EDGE_CURVE('',#1807,#1809,#1811,.T.);
#1807 = VERTEX_POINT('',#1808);
#1808 = CARTESIAN_POINT('',(-103.0475,-15.015,0.E+000));
#1809 = VERTEX_POINT('',#1810);
#1810 = CARTESIAN_POINT('',(-103.0475,-15.015,-1.));
#1811 = LINE('',#1812,#1813);
#1812 = CARTESIAN_POINT('',(-103.0475,-15.015,0.E+000));
#1813 = VECTOR('',#1814,1.);
#1814 = DIRECTION('',(0.E+000,0.E+000,-1.));
#1815 = ORIENTED_EDGE('',*,*,#1816,.T.);
#1816 = EDGE_CURVE('',#1809,#1809,#1817,.T.);
#1817 = CIRCLE('',#1818,0.55);
#1818 = AXIS2_PLACEMENT_3D('',#1819,#1820,#1821);
#1819 = CARTESIAN_POINT('',(-103.5975,-15.015,-1.));
#1820 = DIRECTION('',(0.E+000,0.E+000,-1.));
#1821 = DIRECTION('',(1.,0.E+000,0.E+000));
#1822 = ORIENTED_EDGE('',*,*,#1806,.F.);
#1823 = ORIENTED_EDGE('',*,*,#1824,.F.);
#1824 = EDGE_CURVE('',#1807,#1807,#1825,.T.);
#1825 = CIRCLE('',#1826,0.55);
#1826 = AXIS2_PLACEMENT_3D('',#1827,#1828,#1829);
#1827 = CARTESIAN_POINT('',(-103.5975,-15.015,0.E+000));
#1828 = DIRECTION('',(0.E+000,0.E+000,-1.));
#1829 = DIRECTION('',(1.,0.E+000,0.E+000));
#1830 = CYLINDRICAL_SURFACE('',#1831,0.55);
#1831 = AXIS2_PLACEMENT_3D('',#1832,#1833,#1834);
#1832 = CARTESIAN_POINT('',(-103.5975,-15.015,0.E+000));
#1833 = DIRECTION('',(-0.E+000,-0.E+000,1.));
#1834 = DIRECTION('',(1.,0.E+000,0.E+000));
#1835 = ADVANCED_FACE('',(#1836),#1863,.F.);
#1836 = FACE_BOUND('',#1837,.T.);
#1837 = EDGE_LOOP('',(#1838,#1848,#1855,#1856));
#1838 = ORIENTED_EDGE('',*,*,#1839,.T.);
#1839 = EDGE_CURVE('',#1840,#1842,#1844,.T.);
#1840 = VERTEX_POINT('',#1841);
#1841 = CARTESIAN_POINT('',(-103.0475,-12.475,0.E+000));
#1842 = VERTEX_POINT('',#1843);
#1843 = CARTESIAN_POINT('',(-103.0475,-12.475,-1.));
#1844 = LINE('',#1845,#1846);
#1845 = CARTESIAN_POINT('',(-103.0475,-12.475,0.E+000));
#1846 = VECTOR('',#1847,1.);
#1847 = DIRECTION('',(0.E+000,0.E+000,-1.));
#1848 = ORIENTED_EDGE('',*,*,#1849,.T.);
#1849 = EDGE_CURVE('',#1842,#1842,#1850,.T.);
#1850 = CIRCLE('',#1851,0.55);
#1851 = AXIS2_PLACEMENT_3D('',#1852,#1853,#1854);
#1852 = CARTESIAN_POINT('',(-103.5975,-12.475,-1.));
#1853 = DIRECTION('',(0.E+000,0.E+000,-1.));
#1854 = DIRECTION('',(1.,0.E+000,0.E+000));
#1855 = ORIENTED_EDGE('',*,*,#1839,.F.);
#1856 = ORIENTED_EDGE('',*,*,#1857,.F.);
#1857 = EDGE_CURVE('',#1840,#1840,#1858,.T.);
#1858 = CIRCLE('',#1859,0.55);
#1859 = AXIS2_PLACEMENT_3D('',#1860,#1861,#1862);
#1860 = CARTESIAN_POINT('',(-103.5975,-12.475,0.E+000));
#1861 = DIRECTION('',(0.E+000,0.E+000,-1.));
#1862 = DIRECTION('',(1.,0.E+000,0.E+000));
#1863 = CYLINDRICAL_SURFACE('',#1864,0.55);
#1864 = AXIS2_PLACEMENT_3D('',#1865,#1866,#1867);
#1865 = CARTESIAN_POINT('',(-103.5975,-12.475,0.E+000));
#1866 = DIRECTION('',(-0.E+000,-0.E+000,1.));
#1867 = DIRECTION('',(1.,0.E+000,0.E+000));
#1868 = ADVANCED_FACE('',(#1869),#1896,.F.);
#1869 = FACE_BOUND('',#1870,.T.);
#1870 = EDGE_LOOP('',(#1871,#1881,#1888,#1889));
#1871 = ORIENTED_EDGE('',*,*,#1872,.T.);
#1872 = EDGE_CURVE('',#1873,#1875,#1877,.T.);
#1873 = VERTEX_POINT('',#1874);
#1874 = CARTESIAN_POINT('',(-105.5875,-12.475,0.E+000));
#1875 = VERTEX_POINT('',#1876);
#1876 = CARTESIAN_POINT('',(-105.5875,-12.475,-1.));
#1877 = LINE('',#1878,#1879);
#1878 = CARTESIAN_POINT('',(-105.5875,-12.475,0.E+000));
#1879 = VECTOR('',#1880,1.);
#1880 = DIRECTION('',(0.E+000,0.E+000,-1.));
#1881 = ORIENTED_EDGE('',*,*,#1882,.T.);
#1882 = EDGE_CURVE('',#1875,#1875,#1883,.T.);
#1883 = CIRCLE('',#1884,0.55);
#1884 = AXIS2_PLACEMENT_3D('',#1885,#1886,#1887);
#1885 = CARTESIAN_POINT('',(-106.1375,-12.475,-1.));
#1886 = DIRECTION('',(0.E+000,0.E+000,-1.));
#1887 = DIRECTION('',(1.,0.E+000,0.E+000));
#1888 = ORIENTED_EDGE('',*,*,#1872,.F.);
#1889 = ORIENTED_EDGE('',*,*,#1890,.F.);
#1890 = EDGE_CURVE('',#1873,#1873,#1891,.T.);
#1891 = CIRCLE('',#1892,0.55);
#1892 = AXIS2_PLACEMENT_3D('',#1893,#1894,#1895);
#1893 = CARTESIAN_POINT('',(-106.1375,-12.475,0.E+000));
#1894 = DIRECTION('',(0.E+000,0.E+000,-1.));
#1895 = DIRECTION('',(1.,0.E+000,0.E+000));
#1896 = CYLINDRICAL_SURFACE('',#1897,0.55);
#1897 = AXIS2_PLACEMENT_3D('',#1898,#1899,#1900);
#1898 = CARTESIAN_POINT('',(-106.1375,-12.475,0.E+000));
#1899 = DIRECTION('',(-0.E+000,-0.E+000,1.));
#1900 = DIRECTION('',(1.,0.E+000,0.E+000));
#1901 = ADVANCED_FACE('',(#1902),#1929,.F.);
#1902 = FACE_BOUND('',#1903,.T.);
#1903 = EDGE_LOOP('',(#1904,#1914,#1921,#1922));
#1904 = ORIENTED_EDGE('',*,*,#1905,.T.);
#1905 = EDGE_CURVE('',#1906,#1908,#1910,.T.);
#1906 = VERTEX_POINT('',#1907);
#1907 = CARTESIAN_POINT('',(-108.1275,-12.475,0.E+000));
#1908 = VERTEX_POINT('',#1909);
#1909 = CARTESIAN_POINT('',(-108.1275,-12.475,-1.));
#1910 = LINE('',#1911,#1912);
#1911 = CARTESIAN_POINT('',(-108.1275,-12.475,0.E+000));
#1912 = VECTOR('',#1913,1.);
#1913 = DIRECTION('',(0.E+000,0.E+000,-1.));
#1914 = ORIENTED_EDGE('',*,*,#1915,.T.);
#1915 = EDGE_CURVE('',#1908,#1908,#1916,.T.);
#1916 = CIRCLE('',#1917,0.55);
#1917 = AXIS2_PLACEMENT_3D('',#1918,#1919,#1920);
#1918 = CARTESIAN_POINT('',(-108.6775,-12.475,-1.));
#1919 = DIRECTION('',(0.E+000,0.E+000,-1.));
#1920 = DIRECTION('',(1.,0.E+000,0.E+000));
#1921 = ORIENTED_EDGE('',*,*,#1905,.F.);
#1922 = ORIENTED_EDGE('',*,*,#1923,.F.);
#1923 = EDGE_CURVE('',#1906,#1906,#1924,.T.);
#1924 = CIRCLE('',#1925,0.55);
#1925 = AXIS2_PLACEMENT_3D('',#1926,#1927,#1928);
#1926 = CARTESIAN_POINT('',(-108.6775,-12.475,0.E+000));
#1927 = DIRECTION('',(0.E+000,0.E+000,-1.));
#1928 = DIRECTION('',(1.,0.E+000,0.E+000));
#1929 = CYLINDRICAL_SURFACE('',#1930,0.55);
#1930 = AXIS2_PLACEMENT_3D('',#1931,#1932,#1933);
#1931 = CARTESIAN_POINT('',(-108.6775,-12.475,0.E+000));
#1932 = DIRECTION('',(-0.E+000,-0.E+000,1.));
#1933 = DIRECTION('',(1.,0.E+000,0.E+000));
#1934 = ADVANCED_FACE('',(#1935),#1962,.F.);
#1935 = FACE_BOUND('',#1936,.T.);
#1936 = EDGE_LOOP('',(#1937,#1947,#1954,#1955));
#1937 = ORIENTED_EDGE('',*,*,#1938,.T.);
#1938 = EDGE_CURVE('',#1939,#1941,#1943,.T.);
#1939 = VERTEX_POINT('',#1940);
#1940 = CARTESIAN_POINT('',(-108.1275,-9.935,0.E+000));
#1941 = VERTEX_POINT('',#1942);
#1942 = CARTESIAN_POINT('',(-108.1275,-9.935,-1.));
#1943 = LINE('',#1944,#1945);
#1944 = CARTESIAN_POINT('',(-108.1275,-9.935,0.E+000));
#1945 = VECTOR('',#1946,1.);
#1946 = DIRECTION('',(0.E+000,0.E+000,-1.));
#1947 = ORIENTED_EDGE('',*,*,#1948,.T.);
#1948 = EDGE_CURVE('',#1941,#1941,#1949,.T.);
#1949 = CIRCLE('',#1950,0.55);
#1950 = AXIS2_PLACEMENT_3D('',#1951,#1952,#1953);
#1951 = CARTESIAN_POINT('',(-108.6775,-9.935,-1.));
#1952 = DIRECTION('',(0.E+000,0.E+000,-1.));
#1953 = DIRECTION('',(1.,0.E+000,0.E+000));
#1954 = ORIENTED_EDGE('',*,*,#1938,.F.);
#1955 = ORIENTED_EDGE('',*,*,#1956,.F.);
#1956 = EDGE_CURVE('',#1939,#1939,#1957,.T.);
#1957 = CIRCLE('',#1958,0.55);
#1958 = AXIS2_PLACEMENT_3D('',#1959,#1960,#1961);
#1959 = CARTESIAN_POINT('',(-108.6775,-9.935,0.E+000));
#1960 = DIRECTION('',(0.E+000,0.E+000,-1.));
#1961 = DIRECTION('',(1.,0.E+000,0.E+000));
#1962 = CYLINDRICAL_SURFACE('',#1963,0.55);
#1963 = AXIS2_PLACEMENT_3D('',#1964,#1965,#1966);
#1964 = CARTESIAN_POINT('',(-108.6775,-9.935,0.E+000));
#1965 = DIRECTION('',(-0.E+000,-0.E+000,1.));
#1966 = DIRECTION('',(1.,0.E+000,0.E+000));
#1967 = ADVANCED_FACE('',(#1968),#1995,.F.);
#1968 = FACE_BOUND('',#1969,.T.);
#1969 = EDGE_LOOP('',(#1970,#1980,#1987,#1988));
#1970 = ORIENTED_EDGE('',*,*,#1971,.T.);
#1971 = EDGE_CURVE('',#1972,#1974,#1976,.T.);
#1972 = VERTEX_POINT('',#1973);
#1973 = CARTESIAN_POINT('',(-105.5875,-9.935,0.E+000));
#1974 = VERTEX_POINT('',#1975);
#1975 = CARTESIAN_POINT('',(-105.5875,-9.935,-1.));
#1976 = LINE('',#1977,#1978);
#1977 = CARTESIAN_POINT('',(-105.5875,-9.935,0.E+000));
#1978 = VECTOR('',#1979,1.);
#1979 = DIRECTION('',(0.E+000,0.E+000,-1.));
#1980 = ORIENTED_EDGE('',*,*,#1981,.T.);
#1981 = EDGE_CURVE('',#1974,#1974,#1982,.T.);
#1982 = CIRCLE('',#1983,0.55);
#1983 = AXIS2_PLACEMENT_3D('',#1984,#1985,#1986);
#1984 = CARTESIAN_POINT('',(-106.1375,-9.935,-1.));
#1985 = DIRECTION('',(0.E+000,0.E+000,-1.));
#1986 = DIRECTION('',(1.,0.E+000,0.E+000));
#1987 = ORIENTED_EDGE('',*,*,#1971,.F.);
#1988 = ORIENTED_EDGE('',*,*,#1989,.F.);
#1989 = EDGE_CURVE('',#1972,#1972,#1990,.T.);
#1990 = CIRCLE('',#1991,0.55);
#1991 = AXIS2_PLACEMENT_3D('',#1992,#1993,#1994);
#1992 = CARTESIAN_POINT('',(-106.1375,-9.935,0.E+000));
#1993 = DIRECTION('',(0.E+000,0.E+000,-1.));
#1994 = DIRECTION('',(1.,0.E+000,0.E+000));
#1995 = CYLINDRICAL_SURFACE('',#1996,0.55);
#1996 = AXIS2_PLACEMENT_3D('',#1997,#1998,#1999);
#1997 = CARTESIAN_POINT('',(-106.1375,-9.935,0.E+000));
#1998 = DIRECTION('',(-0.E+000,-0.E+000,1.));
#1999 = DIRECTION('',(1.,0.E+000,0.E+000));
#2000 = ADVANCED_FACE('',(#2001),#2028,.F.);
#2001 = FACE_BOUND('',#2002,.T.);
#2002 = EDGE_LOOP('',(#2003,#2013,#2020,#2021));
#2003 = ORIENTED_EDGE('',*,*,#2004,.T.);
#2004 = EDGE_CURVE('',#2005,#2007,#2009,.T.);
#2005 = VERTEX_POINT('',#2006);
#2006 = CARTESIAN_POINT('',(-103.0475,-9.935,0.E+000));
#2007 = VERTEX_POINT('',#2008);
#2008 = CARTESIAN_POINT('',(-103.0475,-9.935,-1.));
#2009 = LINE('',#2010,#2011);
#2010 = CARTESIAN_POINT('',(-103.0475,-9.935,0.E+000));
#2011 = VECTOR('',#2012,1.);
#2012 = DIRECTION('',(0.E+000,0.E+000,-1.));
#2013 = ORIENTED_EDGE('',*,*,#2014,.T.);
#2014 = EDGE_CURVE('',#2007,#2007,#2015,.T.);
#2015 = CIRCLE('',#2016,0.55);
#2016 = AXIS2_PLACEMENT_3D('',#2017,#2018,#2019);
#2017 = CARTESIAN_POINT('',(-103.5975,-9.935,-1.));
#2018 = DIRECTION('',(0.E+000,0.E+000,-1.));
#2019 = DIRECTION('',(1.,0.E+000,0.E+000));
#2020 = ORIENTED_EDGE('',*,*,#2004,.F.);
#2021 = ORIENTED_EDGE('',*,*,#2022,.F.);
#2022 = EDGE_CURVE('',#2005,#2005,#2023,.T.);
#2023 = CIRCLE('',#2024,0.55);
#2024 = AXIS2_PLACEMENT_3D('',#2025,#2026,#2027);
#2025 = CARTESIAN_POINT('',(-103.5975,-9.935,0.E+000));
#2026 = DIRECTION('',(0.E+000,0.E+000,-1.));
#2027 = DIRECTION('',(1.,0.E+000,0.E+000));
#2028 = CYLINDRICAL_SURFACE('',#2029,0.55);
#2029 = AXIS2_PLACEMENT_3D('',#2030,#2031,#2032);
#2030 = CARTESIAN_POINT('',(-103.5975,-9.935,0.E+000));
#2031 = DIRECTION('',(-0.E+000,-0.E+000,1.));
#2032 = DIRECTION('',(1.,0.E+000,0.E+000));
#2033 = ADVANCED_FACE('',(#2034),#2061,.F.);
#2034 = FACE_BOUND('',#2035,.T.);
#2035 = EDGE_LOOP('',(#2036,#2046,#2053,#2054));
#2036 = ORIENTED_EDGE('',*,*,#2037,.T.);
#2037 = EDGE_CURVE('',#2038,#2040,#2042,.T.);
#2038 = VERTEX_POINT('',#2039);
#2039 = CARTESIAN_POINT('',(-103.0475,-7.395,0.E+000));
#2040 = VERTEX_POINT('',#2041);
#2041 = CARTESIAN_POINT('',(-103.0475,-7.395,-1.));
#2042 = LINE('',#2043,#2044);
#2043 = CARTESIAN_POINT('',(-103.0475,-7.395,0.E+000));
#2044 = VECTOR('',#2045,1.);
#2045 = DIRECTION('',(0.E+000,0.E+000,-1.));
#2046 = ORIENTED_EDGE('',*,*,#2047,.T.);
#2047 = EDGE_CURVE('',#2040,#2040,#2048,.T.);
#2048 = CIRCLE('',#2049,0.55);
#2049 = AXIS2_PLACEMENT_3D('',#2050,#2051,#2052);
#2050 = CARTESIAN_POINT('',(-103.5975,-7.395,-1.));
#2051 = DIRECTION('',(0.E+000,0.E+000,-1.));
#2052 = DIRECTION('',(1.,0.E+000,0.E+000));
#2053 = ORIENTED_EDGE('',*,*,#2037,.F.);
#2054 = ORIENTED_EDGE('',*,*,#2055,.F.);
#2055 = EDGE_CURVE('',#2038,#2038,#2056,.T.);
#2056 = CIRCLE('',#2057,0.55);
#2057 = AXIS2_PLACEMENT_3D('',#2058,#2059,#2060);
#2058 = CARTESIAN_POINT('',(-103.5975,-7.395,0.E+000));
#2059 = DIRECTION('',(0.E+000,0.E+000,-1.));
#2060 = DIRECTION('',(1.,0.E+000,0.E+000));
#2061 = CYLINDRICAL_SURFACE('',#2062,0.55);
#2062 = AXIS2_PLACEMENT_3D('',#2063,#2064,#2065);
#2063 = CARTESIAN_POINT('',(-103.5975,-7.395,0.E+000));
#2064 = DIRECTION('',(-0.E+000,-0.E+000,1.));
#2065 = DIRECTION('',(1.,0.E+000,0.E+000));
#2066 = ADVANCED_FACE('',(#2067),#2094,.F.);
#2067 = FACE_BOUND('',#2068,.T.);
#2068 = EDGE_LOOP('',(#2069,#2079,#2086,#2087));
#2069 = ORIENTED_EDGE('',*,*,#2070,.T.);
#2070 = EDGE_CURVE('',#2071,#2073,#2075,.T.);
#2071 = VERTEX_POINT('',#2072);
#2072 = CARTESIAN_POINT('',(-105.5875,-7.395,0.E+000));
#2073 = VERTEX_POINT('',#2074);
#2074 = CARTESIAN_POINT('',(-105.5875,-7.395,-1.));
#2075 = LINE('',#2076,#2077);
#2076 = CARTESIAN_POINT('',(-105.5875,-7.395,0.E+000));
#2077 = VECTOR('',#2078,1.);
#2078 = DIRECTION('',(0.E+000,0.E+000,-1.));
#2079 = ORIENTED_EDGE('',*,*,#2080,.T.);
#2080 = EDGE_CURVE('',#2073,#2073,#2081,.T.);
#2081 = CIRCLE('',#2082,0.55);
#2082 = AXIS2_PLACEMENT_3D('',#2083,#2084,#2085);
#2083 = CARTESIAN_POINT('',(-106.1375,-7.395,-1.));
#2084 = DIRECTION('',(0.E+000,0.E+000,-1.));
#2085 = DIRECTION('',(1.,0.E+000,0.E+000));
#2086 = ORIENTED_EDGE('',*,*,#2070,.F.);
#2087 = ORIENTED_EDGE('',*,*,#2088,.F.);
#2088 = EDGE_CURVE('',#2071,#2071,#2089,.T.);
#2089 = CIRCLE('',#2090,0.55);
#2090 = AXIS2_PLACEMENT_3D('',#2091,#2092,#2093);
#2091 = CARTESIAN_POINT('',(-106.1375,-7.395,0.E+000));
#2092 = DIRECTION('',(0.E+000,0.E+000,-1.));
#2093 = DIRECTION('',(1.,0.E+000,0.E+000));
#2094 = CYLINDRICAL_SURFACE('',#2095,0.55);
#2095 = AXIS2_PLACEMENT_3D('',#2096,#2097,#2098);
#2096 = CARTESIAN_POINT('',(-106.1375,-7.395,0.E+000));
#2097 = DIRECTION('',(-0.E+000,-0.E+000,1.));
#2098 = DIRECTION('',(1.,0.E+000,0.E+000));
#2099 = ADVANCED_FACE('',(#2100),#2127,.F.);
#2100 = FACE_BOUND('',#2101,.T.);
#2101 = EDGE_LOOP('',(#2102,#2112,#2119,#2120));
#2102 = ORIENTED_EDGE('',*,*,#2103,.T.);
#2103 = EDGE_CURVE('',#2104,#2106,#2108,.T.);
#2104 = VERTEX_POINT('',#2105);
#2105 = CARTESIAN_POINT('',(-108.1275,-7.395,0.E+000));
#2106 = VERTEX_POINT('',#2107);
#2107 = CARTESIAN_POINT('',(-108.1275,-7.395,-1.));
#2108 = LINE('',#2109,#2110);
#2109 = CARTESIAN_POINT('',(-108.1275,-7.395,0.E+000));
#2110 = VECTOR('',#2111,1.);
#2111 = DIRECTION('',(0.E+000,0.E+000,-1.));
#2112 = ORIENTED_EDGE('',*,*,#2113,.T.);
#2113 = EDGE_CURVE('',#2106,#2106,#2114,.T.);
#2114 = CIRCLE('',#2115,0.55);
#2115 = AXIS2_PLACEMENT_3D('',#2116,#2117,#2118);
#2116 = CARTESIAN_POINT('',(-108.6775,-7.395,-1.));
#2117 = DIRECTION('',(0.E+000,0.E+000,-1.));
#2118 = DIRECTION('',(1.,0.E+000,0.E+000));
#2119 = ORIENTED_EDGE('',*,*,#2103,.F.);
#2120 = ORIENTED_EDGE('',*,*,#2121,.F.);
#2121 = EDGE_CURVE('',#2104,#2104,#2122,.T.);
#2122 = CIRCLE('',#2123,0.55);
#2123 = AXIS2_PLACEMENT_3D('',#2124,#2125,#2126);
#2124 = CARTESIAN_POINT('',(-108.6775,-7.395,0.E+000));
#2125 = DIRECTION('',(0.E+000,0.E+000,-1.));
#2126 = DIRECTION('',(1.,0.E+000,0.E+000));
#2127 = CYLINDRICAL_SURFACE('',#2128,0.55);
#2128 = AXIS2_PLACEMENT_3D('',#2129,#2130,#2131);
#2129 = CARTESIAN_POINT('',(-108.6775,-7.395,0.E+000));
#2130 = DIRECTION('',(-0.E+000,-0.E+000,1.));
#2131 = DIRECTION('',(1.,0.E+000,0.E+000));
#2132 = ADVANCED_FACE('',(#2133),#2160,.F.);
#2133 = FACE_BOUND('',#2134,.T.);
#2134 = EDGE_LOOP('',(#2135,#2145,#2152,#2153));
#2135 = ORIENTED_EDGE('',*,*,#2136,.T.);
#2136 = EDGE_CURVE('',#2137,#2139,#2141,.T.);
#2137 = VERTEX_POINT('',#2138);
#2138 = CARTESIAN_POINT('',(-54.3775,-16.1925,0.E+000));
#2139 = VERTEX_POINT('',#2140);
#2140 = CARTESIAN_POINT('',(-54.3775,-16.1925,-1.));
#2141 = LINE('',#2142,#2143);
#2142 = CARTESIAN_POINT('',(-54.3775,-16.1925,0.E+000));
#2143 = VECTOR('',#2144,1.);
#2144 = DIRECTION('',(0.E+000,0.E+000,-1.));
#2145 = ORIENTED_EDGE('',*,*,#2146,.T.);
#2146 = EDGE_CURVE('',#2139,#2139,#2147,.T.);
#2147 = CIRCLE('',#2148,0.55);
#2148 = AXIS2_PLACEMENT_3D('',#2149,#2150,#2151);
#2149 = CARTESIAN_POINT('',(-54.9275,-16.1925,-1.));
#2150 = DIRECTION('',(0.E+000,0.E+000,-1.));
#2151 = DIRECTION('',(1.,0.E+000,0.E+000));
#2152 = ORIENTED_EDGE('',*,*,#2136,.F.);
#2153 = ORIENTED_EDGE('',*,*,#2154,.F.);
#2154 = EDGE_CURVE('',#2137,#2137,#2155,.T.);
#2155 = CIRCLE('',#2156,0.55);
#2156 = AXIS2_PLACEMENT_3D('',#2157,#2158,#2159);
#2157 = CARTESIAN_POINT('',(-54.9275,-16.1925,0.E+000));
#2158 = DIRECTION('',(0.E+000,0.E+000,-1.));
#2159 = DIRECTION('',(1.,0.E+000,0.E+000));
#2160 = CYLINDRICAL_SURFACE('',#2161,0.55);
#2161 = AXIS2_PLACEMENT_3D('',#2162,#2163,#2164);
#2162 = CARTESIAN_POINT('',(-54.9275,-16.1925,0.E+000));
#2163 = DIRECTION('',(-0.E+000,-0.E+000,1.));
#2164 = DIRECTION('',(1.,0.E+000,0.E+000));
#2165 = ADVANCED_FACE('',(#2166),#2193,.F.);
#2166 = FACE_BOUND('',#2167,.T.);
#2167 = EDGE_LOOP('',(#2168,#2178,#2185,#2186));
#2168 = ORIENTED_EDGE('',*,*,#2169,.T.);
#2169 = EDGE_CURVE('',#2170,#2172,#2174,.T.);
#2170 = VERTEX_POINT('',#2171);
#2171 = CARTESIAN_POINT('',(-54.3775,-18.7325,0.E+000));
#2172 = VERTEX_POINT('',#2173);
#2173 = CARTESIAN_POINT('',(-54.3775,-18.7325,-1.));
#2174 = LINE('',#2175,#2176);
#2175 = CARTESIAN_POINT('',(-54.3775,-18.7325,0.E+000));
#2176 = VECTOR('',#2177,1.);
#2177 = DIRECTION('',(0.E+000,0.E+000,-1.));
#2178 = ORIENTED_EDGE('',*,*,#2179,.T.);
#2179 = EDGE_CURVE('',#2172,#2172,#2180,.T.);
#2180 = CIRCLE('',#2181,0.55);
#2181 = AXIS2_PLACEMENT_3D('',#2182,#2183,#2184);
#2182 = CARTESIAN_POINT('',(-54.9275,-18.7325,-1.));
#2183 = DIRECTION('',(0.E+000,0.E+000,-1.));
#2184 = DIRECTION('',(1.,0.E+000,0.E+000));
#2185 = ORIENTED_EDGE('',*,*,#2169,.F.);
#2186 = ORIENTED_EDGE('',*,*,#2187,.F.);
#2187 = EDGE_CURVE('',#2170,#2170,#2188,.T.);
#2188 = CIRCLE('',#2189,0.55);
#2189 = AXIS2_PLACEMENT_3D('',#2190,#2191,#2192);
#2190 = CARTESIAN_POINT('',(-54.9275,-18.7325,0.E+000));
#2191 = DIRECTION('',(0.E+000,0.E+000,-1.));
#2192 = DIRECTION('',(1.,0.E+000,0.E+000));
#2193 = CYLINDRICAL_SURFACE('',#2194,0.55);
#2194 = AXIS2_PLACEMENT_3D('',#2195,#2196,#2197);
#2195 = CARTESIAN_POINT('',(-54.9275,-18.7325,0.E+000));
#2196 = DIRECTION('',(-0.E+000,-0.E+000,1.));
#2197 = DIRECTION('',(1.,0.E+000,0.E+000));
#2198 = ADVANCED_FACE('',(#2199),#2226,.F.);
#2199 = FACE_BOUND('',#2200,.T.);
#2200 = EDGE_LOOP('',(#2201,#2211,#2218,#2219));
#2201 = ORIENTED_EDGE('',*,*,#2202,.T.);
#2202 = EDGE_CURVE('',#2203,#2205,#2207,.T.);
#2203 = VERTEX_POINT('',#2204);
#2204 = CARTESIAN_POINT('',(-54.3775,-21.2725,0.E+000));
#2205 = VERTEX_POINT('',#2206);
#2206 = CARTESIAN_POINT('',(-54.3775,-21.2725,-1.));
#2207 = LINE('',#2208,#2209);
#2208 = CARTESIAN_POINT('',(-54.3775,-21.2725,0.E+000));
#2209 = VECTOR('',#2210,1.);
#2210 = DIRECTION('',(0.E+000,0.E+000,-1.));
#2211 = ORIENTED_EDGE('',*,*,#2212,.T.);
#2212 = EDGE_CURVE('',#2205,#2205,#2213,.T.);
#2213 = CIRCLE('',#2214,0.55);
#2214 = AXIS2_PLACEMENT_3D('',#2215,#2216,#2217);
#2215 = CARTESIAN_POINT('',(-54.9275,-21.2725,-1.));
#2216 = DIRECTION('',(0.E+000,0.E+000,-1.));
#2217 = DIRECTION('',(1.,0.E+000,0.E+000));
#2218 = ORIENTED_EDGE('',*,*,#2202,.F.);
#2219 = ORIENTED_EDGE('',*,*,#2220,.F.);
#2220 = EDGE_CURVE('',#2203,#2203,#2221,.T.);
#2221 = CIRCLE('',#2222,0.55);
#2222 = AXIS2_PLACEMENT_3D('',#2223,#2224,#2225);
#2223 = CARTESIAN_POINT('',(-54.9275,-21.2725,0.E+000));
#2224 = DIRECTION('',(0.E+000,0.E+000,-1.));
#2225 = DIRECTION('',(1.,0.E+000,0.E+000));
#2226 = CYLINDRICAL_SURFACE('',#2227,0.55);
#2227 = AXIS2_PLACEMENT_3D('',#2228,#2229,#2230);
#2228 = CARTESIAN_POINT('',(-54.9275,-21.2725,0.E+000));
#2229 = DIRECTION('',(-0.E+000,-0.E+000,1.));
#2230 = DIRECTION('',(1.,0.E+000,0.E+000));
#2231 = ADVANCED_FACE('',(#2232),#2259,.F.);
#2232 = FACE_BOUND('',#2233,.T.);
#2233 = EDGE_LOOP('',(#2234,#2244,#2251,#2252));
#2234 = ORIENTED_EDGE('',*,*,#2235,.T.);
#2235 = EDGE_CURVE('',#2236,#2238,#2240,.T.);
#2236 = VERTEX_POINT('',#2237);
#2237 = CARTESIAN_POINT('',(-51.8375,-21.2725,0.E+000));
#2238 = VERTEX_POINT('',#2239);
#2239 = CARTESIAN_POINT('',(-51.8375,-21.2725,-1.));
#2240 = LINE('',#2241,#2242);
#2241 = CARTESIAN_POINT('',(-51.8375,-21.2725,0.E+000));
#2242 = VECTOR('',#2243,1.);
#2243 = DIRECTION('',(0.E+000,0.E+000,-1.));
#2244 = ORIENTED_EDGE('',*,*,#2245,.T.);
#2245 = EDGE_CURVE('',#2238,#2238,#2246,.T.);
#2246 = CIRCLE('',#2247,0.55);
#2247 = AXIS2_PLACEMENT_3D('',#2248,#2249,#2250);
#2248 = CARTESIAN_POINT('',(-52.3875,-21.2725,-1.));
#2249 = DIRECTION('',(0.E+000,0.E+000,-1.));
#2250 = DIRECTION('',(1.,0.E+000,0.E+000));
#2251 = ORIENTED_EDGE('',*,*,#2235,.F.);
#2252 = ORIENTED_EDGE('',*,*,#2253,.F.);
#2253 = EDGE_CURVE('',#2236,#2236,#2254,.T.);
#2254 = CIRCLE('',#2255,0.55);
#2255 = AXIS2_PLACEMENT_3D('',#2256,#2257,#2258);
#2256 = CARTESIAN_POINT('',(-52.3875,-21.2725,0.E+000));
#2257 = DIRECTION('',(0.E+000,0.E+000,-1.));
#2258 = DIRECTION('',(1.,0.E+000,0.E+000));
#2259 = CYLINDRICAL_SURFACE('',#2260,0.55);
#2260 = AXIS2_PLACEMENT_3D('',#2261,#2262,#2263);
#2261 = CARTESIAN_POINT('',(-52.3875,-21.2725,0.E+000));
#2262 = DIRECTION('',(-0.E+000,-0.E+000,1.));
#2263 = DIRECTION('',(1.,0.E+000,0.E+000));
#2264 = ADVANCED_FACE('',(#2265),#2292,.F.);
#2265 = FACE_BOUND('',#2266,.T.);
#2266 = EDGE_LOOP('',(#2267,#2277,#2284,#2285));
#2267 = ORIENTED_EDGE('',*,*,#2268,.T.);
#2268 = EDGE_CURVE('',#2269,#2271,#2273,.T.);
#2269 = VERTEX_POINT('',#2270);
#2270 = CARTESIAN_POINT('',(-51.8375,-18.7325,0.E+000));
#2271 = VERTEX_POINT('',#2272);
#2272 = CARTESIAN_POINT('',(-51.8375,-18.7325,-1.));
#2273 = LINE('',#2274,#2275);
#2274 = CARTESIAN_POINT('',(-51.8375,-18.7325,0.E+000));
#2275 = VECTOR('',#2276,1.);
#2276 = DIRECTION('',(0.E+000,0.E+000,-1.));
#2277 = ORIENTED_EDGE('',*,*,#2278,.T.);
#2278 = EDGE_CURVE('',#2271,#2271,#2279,.T.);
#2279 = CIRCLE('',#2280,0.55);
#2280 = AXIS2_PLACEMENT_3D('',#2281,#2282,#2283);
#2281 = CARTESIAN_POINT('',(-52.3875,-18.7325,-1.));
#2282 = DIRECTION('',(0.E+000,0.E+000,-1.));
#2283 = DIRECTION('',(1.,0.E+000,0.E+000));
#2284 = ORIENTED_EDGE('',*,*,#2268,.F.);
#2285 = ORIENTED_EDGE('',*,*,#2286,.F.);
#2286 = EDGE_CURVE('',#2269,#2269,#2287,.T.);
#2287 = CIRCLE('',#2288,0.55);
#2288 = AXIS2_PLACEMENT_3D('',#2289,#2290,#2291);
#2289 = CARTESIAN_POINT('',(-52.3875,-18.7325,0.E+000));
#2290 = DIRECTION('',(0.E+000,0.E+000,-1.));
#2291 = DIRECTION('',(1.,0.E+000,0.E+000));
#2292 = CYLINDRICAL_SURFACE('',#2293,0.55);
#2293 = AXIS2_PLACEMENT_3D('',#2294,#2295,#2296);
#2294 = CARTESIAN_POINT('',(-52.3875,-18.7325,0.E+000));
#2295 = DIRECTION('',(-0.E+000,-0.E+000,1.));
#2296 = DIRECTION('',(1.,0.E+000,0.E+000));
#2297 = ADVANCED_FACE('',(#2298),#2325,.F.);
#2298 = FACE_BOUND('',#2299,.T.);
#2299 = EDGE_LOOP('',(#2300,#2310,#2317,#2318));
#2300 = ORIENTED_EDGE('',*,*,#2301,.T.);
#2301 = EDGE_CURVE('',#2302,#2304,#2306,.T.);
#2302 = VERTEX_POINT('',#2303);
#2303 = CARTESIAN_POINT('',(-51.8375,-16.1925,0.E+000));
#2304 = VERTEX_POINT('',#2305);
#2305 = CARTESIAN_POINT('',(-51.8375,-16.1925,-1.));
#2306 = LINE('',#2307,#2308);
#2307 = CARTESIAN_POINT('',(-51.8375,-16.1925,0.E+000));
#2308 = VECTOR('',#2309,1.);
#2309 = DIRECTION('',(0.E+000,0.E+000,-1.));
#2310 = ORIENTED_EDGE('',*,*,#2311,.T.);
#2311 = EDGE_CURVE('',#2304,#2304,#2312,.T.);
#2312 = CIRCLE('',#2313,0.55);
#2313 = AXIS2_PLACEMENT_3D('',#2314,#2315,#2316);
#2314 = CARTESIAN_POINT('',(-52.3875,-16.1925,-1.));
#2315 = DIRECTION('',(0.E+000,0.E+000,-1.));
#2316 = DIRECTION('',(1.,0.E+000,0.E+000));
#2317 = ORIENTED_EDGE('',*,*,#2301,.F.);
#2318 = ORIENTED_EDGE('',*,*,#2319,.F.);
#2319 = EDGE_CURVE('',#2302,#2302,#2320,.T.);
#2320 = CIRCLE('',#2321,0.55);
#2321 = AXIS2_PLACEMENT_3D('',#2322,#2323,#2324);
#2322 = CARTESIAN_POINT('',(-52.3875,-16.1925,0.E+000));
#2323 = DIRECTION('',(0.E+000,0.E+000,-1.));
#2324 = DIRECTION('',(1.,0.E+000,0.E+000));
#2325 = CYLINDRICAL_SURFACE('',#2326,0.55);
#2326 = AXIS2_PLACEMENT_3D('',#2327,#2328,#2329);
#2327 = CARTESIAN_POINT('',(-52.3875,-16.1925,0.E+000));
#2328 = DIRECTION('',(-0.E+000,-0.E+000,1.));
#2329 = DIRECTION('',(1.,0.E+000,0.E+000));
#2330 = ADVANCED_FACE('',(#2331),#2358,.F.);
#2331 = FACE_BOUND('',#2332,.T.);
#2332 = EDGE_LOOP('',(#2333,#2343,#2350,#2351));
#2333 = ORIENTED_EDGE('',*,*,#2334,.T.);
#2334 = EDGE_CURVE('',#2335,#2337,#2339,.T.);
#2335 = VERTEX_POINT('',#2336);
#2336 = CARTESIAN_POINT('',(-49.2975,-16.1925,0.E+000));
#2337 = VERTEX_POINT('',#2338);
#2338 = CARTESIAN_POINT('',(-49.2975,-16.1925,-1.));
#2339 = LINE('',#2340,#2341);
#2340 = CARTESIAN_POINT('',(-49.2975,-16.1925,0.E+000));
#2341 = VECTOR('',#2342,1.);
#2342 = DIRECTION('',(0.E+000,0.E+000,-1.));
#2343 = ORIENTED_EDGE('',*,*,#2344,.T.);
#2344 = EDGE_CURVE('',#2337,#2337,#2345,.T.);
#2345 = CIRCLE('',#2346,0.55);
#2346 = AXIS2_PLACEMENT_3D('',#2347,#2348,#2349);
#2347 = CARTESIAN_POINT('',(-49.8475,-16.1925,-1.));
#2348 = DIRECTION('',(0.E+000,0.E+000,-1.));
#2349 = DIRECTION('',(1.,0.E+000,0.E+000));
#2350 = ORIENTED_EDGE('',*,*,#2334,.F.);
#2351 = ORIENTED_EDGE('',*,*,#2352,.F.);
#2352 = EDGE_CURVE('',#2335,#2335,#2353,.T.);
#2353 = CIRCLE('',#2354,0.55);
#2354 = AXIS2_PLACEMENT_3D('',#2355,#2356,#2357);
#2355 = CARTESIAN_POINT('',(-49.8475,-16.1925,0.E+000));
#2356 = DIRECTION('',(0.E+000,0.E+000,-1.));
#2357 = DIRECTION('',(1.,0.E+000,0.E+000));
#2358 = CYLINDRICAL_SURFACE('',#2359,0.55);
#2359 = AXIS2_PLACEMENT_3D('',#2360,#2361,#2362);
#2360 = CARTESIAN_POINT('',(-49.8475,-16.1925,0.E+000));
#2361 = DIRECTION('',(-0.E+000,-0.E+000,1.));
#2362 = DIRECTION('',(1.,0.E+000,0.E+000));
#2363 = ADVANCED_FACE('',(#2364),#2391,.F.);
#2364 = FACE_BOUND('',#2365,.T.);
#2365 = EDGE_LOOP('',(#2366,#2376,#2383,#2384));
#2366 = ORIENTED_EDGE('',*,*,#2367,.T.);
#2367 = EDGE_CURVE('',#2368,#2370,#2372,.T.);
#2368 = VERTEX_POINT('',#2369);
#2369 = CARTESIAN_POINT('',(-49.2975,-18.7325,0.E+000));
#2370 = VERTEX_POINT('',#2371);
#2371 = CARTESIAN_POINT('',(-49.2975,-18.7325,-1.));
#2372 = LINE('',#2373,#2374);
#2373 = CARTESIAN_POINT('',(-49.2975,-18.7325,0.E+000));
#2374 = VECTOR('',#2375,1.);
#2375 = DIRECTION('',(0.E+000,0.E+000,-1.));
#2376 = ORIENTED_EDGE('',*,*,#2377,.T.);
#2377 = EDGE_CURVE('',#2370,#2370,#2378,.T.);
#2378 = CIRCLE('',#2379,0.55);
#2379 = AXIS2_PLACEMENT_3D('',#2380,#2381,#2382);
#2380 = CARTESIAN_POINT('',(-49.8475,-18.7325,-1.));
#2381 = DIRECTION('',(0.E+000,0.E+000,-1.));
#2382 = DIRECTION('',(1.,0.E+000,0.E+000));
#2383 = ORIENTED_EDGE('',*,*,#2367,.F.);
#2384 = ORIENTED_EDGE('',*,*,#2385,.F.);
#2385 = EDGE_CURVE('',#2368,#2368,#2386,.T.);
#2386 = CIRCLE('',#2387,0.55);
#2387 = AXIS2_PLACEMENT_3D('',#2388,#2389,#2390);
#2388 = CARTESIAN_POINT('',(-49.8475,-18.7325,0.E+000));
#2389 = DIRECTION('',(0.E+000,0.E+000,-1.));
#2390 = DIRECTION('',(1.,0.E+000,0.E+000));
#2391 = CYLINDRICAL_SURFACE('',#2392,0.55);
#2392 = AXIS2_PLACEMENT_3D('',#2393,#2394,#2395);
#2393 = CARTESIAN_POINT('',(-49.8475,-18.7325,0.E+000));
#2394 = DIRECTION('',(-0.E+000,-0.E+000,1.));
#2395 = DIRECTION('',(1.,0.E+000,0.E+000));
#2396 = ADVANCED_FACE('',(#2397),#2424,.F.);
#2397 = FACE_BOUND('',#2398,.T.);
#2398 = EDGE_LOOP('',(#2399,#2409,#2416,#2417));
#2399 = ORIENTED_EDGE('',*,*,#2400,.T.);
#2400 = EDGE_CURVE('',#2401,#2403,#2405,.T.);
#2401 = VERTEX_POINT('',#2402);
#2402 = CARTESIAN_POINT('',(-49.2975,-21.2725,0.E+000));
#2403 = VERTEX_POINT('',#2404);
#2404 = CARTESIAN_POINT('',(-49.2975,-21.2725,-1.));
#2405 = LINE('',#2406,#2407);
#2406 = CARTESIAN_POINT('',(-49.2975,-21.2725,0.E+000));
#2407 = VECTOR('',#2408,1.);
#2408 = DIRECTION('',(0.E+000,0.E+000,-1.));
#2409 = ORIENTED_EDGE('',*,*,#2410,.T.);
#2410 = EDGE_CURVE('',#2403,#2403,#2411,.T.);
#2411 = CIRCLE('',#2412,0.55);
#2412 = AXIS2_PLACEMENT_3D('',#2413,#2414,#2415);
#2413 = CARTESIAN_POINT('',(-49.8475,-21.2725,-1.));
#2414 = DIRECTION('',(0.E+000,0.E+000,-1.));
#2415 = DIRECTION('',(1.,0.E+000,0.E+000));
#2416 = ORIENTED_EDGE('',*,*,#2400,.F.);
#2417 = ORIENTED_EDGE('',*,*,#2418,.F.);
#2418 = EDGE_CURVE('',#2401,#2401,#2419,.T.);
#2419 = CIRCLE('',#2420,0.55);
#2420 = AXIS2_PLACEMENT_3D('',#2421,#2422,#2423);
#2421 = CARTESIAN_POINT('',(-49.8475,-21.2725,0.E+000));
#2422 = DIRECTION('',(0.E+000,0.E+000,-1.));
#2423 = DIRECTION('',(1.,0.E+000,0.E+000));
#2424 = CYLINDRICAL_SURFACE('',#2425,0.55);
#2425 = AXIS2_PLACEMENT_3D('',#2426,#2427,#2428);
#2426 = CARTESIAN_POINT('',(-49.8475,-21.2725,0.E+000));
#2427 = DIRECTION('',(-0.E+000,-0.E+000,1.));
#2428 = DIRECTION('',(1.,0.E+000,0.E+000));
#2429 = ADVANCED_FACE('',(#2430),#2457,.F.);
#2430 = FACE_BOUND('',#2431,.T.);
#2431 = EDGE_LOOP('',(#2432,#2442,#2449,#2450));
#2432 = ORIENTED_EDGE('',*,*,#2433,.T.);
#2433 = EDGE_CURVE('',#2434,#2436,#2438,.T.);
#2434 = VERTEX_POINT('',#2435);
#2435 = CARTESIAN_POINT('',(-46.7575,-21.2725,0.E+000));
#2436 = VERTEX_POINT('',#2437);
#2437 = CARTESIAN_POINT('',(-46.7575,-21.2725,-1.));
#2438 = LINE('',#2439,#2440);
#2439 = CARTESIAN_POINT('',(-46.7575,-21.2725,0.E+000));
#2440 = VECTOR('',#2441,1.);
#2441 = DIRECTION('',(0.E+000,0.E+000,-1.));
#2442 = ORIENTED_EDGE('',*,*,#2443,.T.);
#2443 = EDGE_CURVE('',#2436,#2436,#2444,.T.);
#2444 = CIRCLE('',#2445,0.55);
#2445 = AXIS2_PLACEMENT_3D('',#2446,#2447,#2448);
#2446 = CARTESIAN_POINT('',(-47.3075,-21.2725,-1.));
#2447 = DIRECTION('',(0.E+000,0.E+000,-1.));
#2448 = DIRECTION('',(1.,0.E+000,0.E+000));
#2449 = ORIENTED_EDGE('',*,*,#2433,.F.);
#2450 = ORIENTED_EDGE('',*,*,#2451,.F.);
#2451 = EDGE_CURVE('',#2434,#2434,#2452,.T.);
#2452 = CIRCLE('',#2453,0.55);
#2453 = AXIS2_PLACEMENT_3D('',#2454,#2455,#2456);
#2454 = CARTESIAN_POINT('',(-47.3075,-21.2725,0.E+000));
#2455 = DIRECTION('',(0.E+000,0.E+000,-1.));
#2456 = DIRECTION('',(1.,0.E+000,0.E+000));
#2457 = CYLINDRICAL_SURFACE('',#2458,0.55);
#2458 = AXIS2_PLACEMENT_3D('',#2459,#2460,#2461);
#2459 = CARTESIAN_POINT('',(-47.3075,-21.2725,0.E+000));
#2460 = DIRECTION('',(-0.E+000,-0.E+000,1.));
#2461 = DIRECTION('',(1.,0.E+000,0.E+000));
#2462 = ADVANCED_FACE('',(#2463),#2490,.F.);
#2463 = FACE_BOUND('',#2464,.T.);
#2464 = EDGE_LOOP('',(#2465,#2475,#2482,#2483));
#2465 = ORIENTED_EDGE('',*,*,#2466,.T.);
#2466 = EDGE_CURVE('',#2467,#2469,#2471,.T.);
#2467 = VERTEX_POINT('',#2468);
#2468 = CARTESIAN_POINT('',(-46.7575,-18.7325,0.E+000));
#2469 = VERTEX_POINT('',#2470);
#2470 = CARTESIAN_POINT('',(-46.7575,-18.7325,-1.));
#2471 = LINE('',#2472,#2473);
#2472 = CARTESIAN_POINT('',(-46.7575,-18.7325,0.E+000));
#2473 = VECTOR('',#2474,1.);
#2474 = DIRECTION('',(0.E+000,0.E+000,-1.));
#2475 = ORIENTED_EDGE('',*,*,#2476,.T.);
#2476 = EDGE_CURVE('',#2469,#2469,#2477,.T.);
#2477 = CIRCLE('',#2478,0.55);
#2478 = AXIS2_PLACEMENT_3D('',#2479,#2480,#2481);
#2479 = CARTESIAN_POINT('',(-47.3075,-18.7325,-1.));
#2480 = DIRECTION('',(0.E+000,0.E+000,-1.));
#2481 = DIRECTION('',(1.,0.E+000,0.E+000));
#2482 = ORIENTED_EDGE('',*,*,#2466,.F.);
#2483 = ORIENTED_EDGE('',*,*,#2484,.F.);
#2484 = EDGE_CURVE('',#2467,#2467,#2485,.T.);
#2485 = CIRCLE('',#2486,0.55);
#2486 = AXIS2_PLACEMENT_3D('',#2487,#2488,#2489);
#2487 = CARTESIAN_POINT('',(-47.3075,-18.7325,0.E+000));
#2488 = DIRECTION('',(0.E+000,0.E+000,-1.));
#2489 = DIRECTION('',(1.,0.E+000,0.E+000));
#2490 = CYLINDRICAL_SURFACE('',#2491,0.55);
#2491 = AXIS2_PLACEMENT_3D('',#2492,#2493,#2494);
#2492 = CARTESIAN_POINT('',(-47.3075,-18.7325,0.E+000));
#2493 = DIRECTION('',(-0.E+000,-0.E+000,1.));
#2494 = DIRECTION('',(1.,0.E+000,0.E+000));
#2495 = ADVANCED_FACE('',(#2496),#2523,.F.);
#2496 = FACE_BOUND('',#2497,.T.);
#2497 = EDGE_LOOP('',(#2498,#2508,#2515,#2516));
#2498 = ORIENTED_EDGE('',*,*,#2499,.T.);
#2499 = EDGE_CURVE('',#2500,#2502,#2504,.T.);
#2500 = VERTEX_POINT('',#2501);
#2501 = CARTESIAN_POINT('',(-46.7575,-16.1925,0.E+000));
#2502 = VERTEX_POINT('',#2503);
#2503 = CARTESIAN_POINT('',(-46.7575,-16.1925,-1.));
#2504 = LINE('',#2505,#2506);
#2505 = CARTESIAN_POINT('',(-46.7575,-16.1925,0.E+000));
#2506 = VECTOR('',#2507,1.);
#2507 = DIRECTION('',(0.E+000,0.E+000,-1.));
#2508 = ORIENTED_EDGE('',*,*,#2509,.T.);
#2509 = EDGE_CURVE('',#2502,#2502,#2510,.T.);
#2510 = CIRCLE('',#2511,0.55);
#2511 = AXIS2_PLACEMENT_3D('',#2512,#2513,#2514);
#2512 = CARTESIAN_POINT('',(-47.3075,-16.1925,-1.));
#2513 = DIRECTION('',(0.E+000,0.E+000,-1.));
#2514 = DIRECTION('',(1.,0.E+000,0.E+000));
#2515 = ORIENTED_EDGE('',*,*,#2499,.F.);
#2516 = ORIENTED_EDGE('',*,*,#2517,.F.);
#2517 = EDGE_CURVE('',#2500,#2500,#2518,.T.);
#2518 = CIRCLE('',#2519,0.55);
#2519 = AXIS2_PLACEMENT_3D('',#2520,#2521,#2522);
#2520 = CARTESIAN_POINT('',(-47.3075,-16.1925,0.E+000));
#2521 = DIRECTION('',(0.E+000,0.E+000,-1.));
#2522 = DIRECTION('',(1.,0.E+000,0.E+000));
#2523 = CYLINDRICAL_SURFACE('',#2524,0.55);
#2524 = AXIS2_PLACEMENT_3D('',#2525,#2526,#2527);
#2525 = CARTESIAN_POINT('',(-47.3075,-16.1925,0.E+000));
#2526 = DIRECTION('',(-0.E+000,-0.E+000,1.));
#2527 = DIRECTION('',(1.,0.E+000,0.E+000));
#2528 = ADVANCED_FACE('',(#2529),#2556,.F.);
#2529 = FACE_BOUND('',#2530,.T.);
#2530 = EDGE_LOOP('',(#2531,#2541,#2548,#2549));
#2531 = ORIENTED_EDGE('',*,*,#2532,.T.);
#2532 = EDGE_CURVE('',#2533,#2535,#2537,.T.);
#2533 = VERTEX_POINT('',#2534);
#2534 = CARTESIAN_POINT('',(-44.2175,-16.1925,0.E+000));
#2535 = VERTEX_POINT('',#2536);
#2536 = CARTESIAN_POINT('',(-44.2175,-16.1925,-1.));
#2537 = LINE('',#2538,#2539);
#2538 = CARTESIAN_POINT('',(-44.2175,-16.1925,0.E+000));
#2539 = VECTOR('',#2540,1.);
#2540 = DIRECTION('',(0.E+000,0.E+000,-1.));
#2541 = ORIENTED_EDGE('',*,*,#2542,.T.);
#2542 = EDGE_CURVE('',#2535,#2535,#2543,.T.);
#2543 = CIRCLE('',#2544,0.55);
#2544 = AXIS2_PLACEMENT_3D('',#2545,#2546,#2547);
#2545 = CARTESIAN_POINT('',(-44.7675,-16.1925,-1.));
#2546 = DIRECTION('',(0.E+000,0.E+000,-1.));
#2547 = DIRECTION('',(1.,0.E+000,0.E+000));
#2548 = ORIENTED_EDGE('',*,*,#2532,.F.);
#2549 = ORIENTED_EDGE('',*,*,#2550,.F.);
#2550 = EDGE_CURVE('',#2533,#2533,#2551,.T.);
#2551 = CIRCLE('',#2552,0.55);
#2552 = AXIS2_PLACEMENT_3D('',#2553,#2554,#2555);
#2553 = CARTESIAN_POINT('',(-44.7675,-16.1925,0.E+000));
#2554 = DIRECTION('',(0.E+000,0.E+000,-1.));
#2555 = DIRECTION('',(1.,0.E+000,0.E+000));
#2556 = CYLINDRICAL_SURFACE('',#2557,0.55);
#2557 = AXIS2_PLACEMENT_3D('',#2558,#2559,#2560);
#2558 = CARTESIAN_POINT('',(-44.7675,-16.1925,0.E+000));
#2559 = DIRECTION('',(-0.E+000,-0.E+000,1.));
#2560 = DIRECTION('',(1.,0.E+000,0.E+000));
#2561 = ADVANCED_FACE('',(#2562),#2589,.F.);
#2562 = FACE_BOUND('',#2563,.T.);
#2563 = EDGE_LOOP('',(#2564,#2574,#2581,#2582));
#2564 = ORIENTED_EDGE('',*,*,#2565,.T.);
#2565 = EDGE_CURVE('',#2566,#2568,#2570,.T.);
#2566 = VERTEX_POINT('',#2567);
#2567 = CARTESIAN_POINT('',(-44.2175,-18.7325,0.E+000));
#2568 = VERTEX_POINT('',#2569);
#2569 = CARTESIAN_POINT('',(-44.2175,-18.7325,-1.));
#2570 = LINE('',#2571,#2572);
#2571 = CARTESIAN_POINT('',(-44.2175,-18.7325,0.E+000));
#2572 = VECTOR('',#2573,1.);
#2573 = DIRECTION('',(0.E+000,0.E+000,-1.));
#2574 = ORIENTED_EDGE('',*,*,#2575,.T.);
#2575 = EDGE_CURVE('',#2568,#2568,#2576,.T.);
#2576 = CIRCLE('',#2577,0.55);
#2577 = AXIS2_PLACEMENT_3D('',#2578,#2579,#2580);
#2578 = CARTESIAN_POINT('',(-44.7675,-18.7325,-1.));
#2579 = DIRECTION('',(0.E+000,0.E+000,-1.));
#2580 = DIRECTION('',(1.,0.E+000,0.E+000));
#2581 = ORIENTED_EDGE('',*,*,#2565,.F.);
#2582 = ORIENTED_EDGE('',*,*,#2583,.F.);
#2583 = EDGE_CURVE('',#2566,#2566,#2584,.T.);
#2584 = CIRCLE('',#2585,0.55);
#2585 = AXIS2_PLACEMENT_3D('',#2586,#2587,#2588);
#2586 = CARTESIAN_POINT('',(-44.7675,-18.7325,0.E+000));
#2587 = DIRECTION('',(0.E+000,0.E+000,-1.));
#2588 = DIRECTION('',(1.,0.E+000,0.E+000));
#2589 = CYLINDRICAL_SURFACE('',#2590,0.55);
#2590 = AXIS2_PLACEMENT_3D('',#2591,#2592,#2593);
#2591 = CARTESIAN_POINT('',(-44.7675,-18.7325,0.E+000));
#2592 = DIRECTION('',(-0.E+000,-0.E+000,1.));
#2593 = DIRECTION('',(1.,0.E+000,0.E+000));
#2594 = ADVANCED_FACE('',(#2595),#2622,.F.);
#2595 = FACE_BOUND('',#2596,.T.);
#2596 = EDGE_LOOP('',(#2597,#2607,#2614,#2615));
#2597 = ORIENTED_EDGE('',*,*,#2598,.T.);
#2598 = EDGE_CURVE('',#2599,#2601,#2603,.T.);
#2599 = VERTEX_POINT('',#2600);
#2600 = CARTESIAN_POINT('',(-44.2175,-21.2725,0.E+000));
#2601 = VERTEX_POINT('',#2602);
#2602 = CARTESIAN_POINT('',(-44.2175,-21.2725,-1.));
#2603 = LINE('',#2604,#2605);
#2604 = CARTESIAN_POINT('',(-44.2175,-21.2725,0.E+000));
#2605 = VECTOR('',#2606,1.);
#2606 = DIRECTION('',(0.E+000,0.E+000,-1.));
#2607 = ORIENTED_EDGE('',*,*,#2608,.T.);
#2608 = EDGE_CURVE('',#2601,#2601,#2609,.T.);
#2609 = CIRCLE('',#2610,0.55);
#2610 = AXIS2_PLACEMENT_3D('',#2611,#2612,#2613);
#2611 = CARTESIAN_POINT('',(-44.7675,-21.2725,-1.));
#2612 = DIRECTION('',(0.E+000,0.E+000,-1.));
#2613 = DIRECTION('',(1.,0.E+000,0.E+000));
#2614 = ORIENTED_EDGE('',*,*,#2598,.F.);
#2615 = ORIENTED_EDGE('',*,*,#2616,.F.);
#2616 = EDGE_CURVE('',#2599,#2599,#2617,.T.);
#2617 = CIRCLE('',#2618,0.55);
#2618 = AXIS2_PLACEMENT_3D('',#2619,#2620,#2621);
#2619 = CARTESIAN_POINT('',(-44.7675,-21.2725,0.E+000));
#2620 = DIRECTION('',(0.E+000,0.E+000,-1.));
#2621 = DIRECTION('',(1.,0.E+000,0.E+000));
#2622 = CYLINDRICAL_SURFACE('',#2623,0.55);
#2623 = AXIS2_PLACEMENT_3D('',#2624,#2625,#2626);
#2624 = CARTESIAN_POINT('',(-44.7675,-21.2725,0.E+000));
#2625 = DIRECTION('',(-0.E+000,-0.E+000,1.));
#2626 = DIRECTION('',(1.,0.E+000,0.E+000));
#2627 = ADVANCED_FACE('',(#2628),#2655,.F.);
#2628 = FACE_BOUND('',#2629,.T.);
#2629 = EDGE_LOOP('',(#2630,#2640,#2647,#2648));
#2630 = ORIENTED_EDGE('',*,*,#2631,.T.);
#2631 = EDGE_CURVE('',#2632,#2634,#2636,.T.);
#2632 = VERTEX_POINT('',#2633);
#2633 = CARTESIAN_POINT('',(-41.6775,-21.2725,0.E+000));
#2634 = VERTEX_POINT('',#2635);
#2635 = CARTESIAN_POINT('',(-41.6775,-21.2725,-1.));
#2636 = LINE('',#2637,#2638);
#2637 = CARTESIAN_POINT('',(-41.6775,-21.2725,0.E+000));
#2638 = VECTOR('',#2639,1.);
#2639 = DIRECTION('',(0.E+000,0.E+000,-1.));
#2640 = ORIENTED_EDGE('',*,*,#2641,.T.);
#2641 = EDGE_CURVE('',#2634,#2634,#2642,.T.);
#2642 = CIRCLE('',#2643,0.55);
#2643 = AXIS2_PLACEMENT_3D('',#2644,#2645,#2646);
#2644 = CARTESIAN_POINT('',(-42.2275,-21.2725,-1.));
#2645 = DIRECTION('',(0.E+000,0.E+000,-1.));
#2646 = DIRECTION('',(1.,0.E+000,0.E+000));
#2647 = ORIENTED_EDGE('',*,*,#2631,.F.);
#2648 = ORIENTED_EDGE('',*,*,#2649,.F.);
#2649 = EDGE_CURVE('',#2632,#2632,#2650,.T.);
#2650 = CIRCLE('',#2651,0.55);
#2651 = AXIS2_PLACEMENT_3D('',#2652,#2653,#2654);
#2652 = CARTESIAN_POINT('',(-42.2275,-21.2725,0.E+000));
#2653 = DIRECTION('',(0.E+000,0.E+000,-1.));
#2654 = DIRECTION('',(1.,0.E+000,0.E+000));
#2655 = CYLINDRICAL_SURFACE('',#2656,0.55);
#2656 = AXIS2_PLACEMENT_3D('',#2657,#2658,#2659);
#2657 = CARTESIAN_POINT('',(-42.2275,-21.2725,0.E+000));
#2658 = DIRECTION('',(-0.E+000,-0.E+000,1.));
#2659 = DIRECTION('',(1.,0.E+000,0.E+000));
#2660 = ADVANCED_FACE('',(#2661),#2688,.F.);
#2661 = FACE_BOUND('',#2662,.T.);
#2662 = EDGE_LOOP('',(#2663,#2673,#2680,#2681));
#2663 = ORIENTED_EDGE('',*,*,#2664,.T.);
#2664 = EDGE_CURVE('',#2665,#2667,#2669,.T.);
#2665 = VERTEX_POINT('',#2666);
#2666 = CARTESIAN_POINT('',(-41.6775,-18.7325,0.E+000));
#2667 = VERTEX_POINT('',#2668);
#2668 = CARTESIAN_POINT('',(-41.6775,-18.7325,-1.));
#2669 = LINE('',#2670,#2671);
#2670 = CARTESIAN_POINT('',(-41.6775,-18.7325,0.E+000));
#2671 = VECTOR('',#2672,1.);
#2672 = DIRECTION('',(0.E+000,0.E+000,-1.));
#2673 = ORIENTED_EDGE('',*,*,#2674,.T.);
#2674 = EDGE_CURVE('',#2667,#2667,#2675,.T.);
#2675 = CIRCLE('',#2676,0.55);
#2676 = AXIS2_PLACEMENT_3D('',#2677,#2678,#2679);
#2677 = CARTESIAN_POINT('',(-42.2275,-18.7325,-1.));
#2678 = DIRECTION('',(0.E+000,0.E+000,-1.));
#2679 = DIRECTION('',(1.,0.E+000,0.E+000));
#2680 = ORIENTED_EDGE('',*,*,#2664,.F.);
#2681 = ORIENTED_EDGE('',*,*,#2682,.F.);
#2682 = EDGE_CURVE('',#2665,#2665,#2683,.T.);
#2683 = CIRCLE('',#2684,0.55);
#2684 = AXIS2_PLACEMENT_3D('',#2685,#2686,#2687);
#2685 = CARTESIAN_POINT('',(-42.2275,-18.7325,0.E+000));
#2686 = DIRECTION('',(0.E+000,0.E+000,-1.));
#2687 = DIRECTION('',(1.,0.E+000,0.E+000));
#2688 = CYLINDRICAL_SURFACE('',#2689,0.55);
#2689 = AXIS2_PLACEMENT_3D('',#2690,#2691,#2692);
#2690 = CARTESIAN_POINT('',(-42.2275,-18.7325,0.E+000));
#2691 = DIRECTION('',(-0.E+000,-0.E+000,1.));
#2692 = DIRECTION('',(1.,0.E+000,0.E+000));
#2693 = ADVANCED_FACE('',(#2694),#2721,.F.);
#2694 = FACE_BOUND('',#2695,.T.);
#2695 = EDGE_LOOP('',(#2696,#2706,#2713,#2714));
#2696 = ORIENTED_EDGE('',*,*,#2697,.T.);
#2697 = EDGE_CURVE('',#2698,#2700,#2702,.T.);
#2698 = VERTEX_POINT('',#2699);
#2699 = CARTESIAN_POINT('',(-41.6775,-16.1925,0.E+000));
#2700 = VERTEX_POINT('',#2701);
#2701 = CARTESIAN_POINT('',(-41.6775,-16.1925,-1.));
#2702 = LINE('',#2703,#2704);
#2703 = CARTESIAN_POINT('',(-41.6775,-16.1925,0.E+000));
#2704 = VECTOR('',#2705,1.);
#2705 = DIRECTION('',(0.E+000,0.E+000,-1.));
#2706 = ORIENTED_EDGE('',*,*,#2707,.T.);
#2707 = EDGE_CURVE('',#2700,#2700,#2708,.T.);
#2708 = CIRCLE('',#2709,0.55);
#2709 = AXIS2_PLACEMENT_3D('',#2710,#2711,#2712);
#2710 = CARTESIAN_POINT('',(-42.2275,-16.1925,-1.));
#2711 = DIRECTION('',(0.E+000,0.E+000,-1.));
#2712 = DIRECTION('',(1.,0.E+000,0.E+000));
#2713 = ORIENTED_EDGE('',*,*,#2697,.F.);
#2714 = ORIENTED_EDGE('',*,*,#2715,.F.);
#2715 = EDGE_CURVE('',#2698,#2698,#2716,.T.);
#2716 = CIRCLE('',#2717,0.55);
#2717 = AXIS2_PLACEMENT_3D('',#2718,#2719,#2720);
#2718 = CARTESIAN_POINT('',(-42.2275,-16.1925,0.E+000));
#2719 = DIRECTION('',(0.E+000,0.E+000,-1.));
#2720 = DIRECTION('',(1.,0.E+000,0.E+000));
#2721 = CYLINDRICAL_SURFACE('',#2722,0.55);
#2722 = AXIS2_PLACEMENT_3D('',#2723,#2724,#2725);
#2723 = CARTESIAN_POINT('',(-42.2275,-16.1925,0.E+000));
#2724 = DIRECTION('',(-0.E+000,-0.E+000,1.));
#2725 = DIRECTION('',(1.,0.E+000,0.E+000));
#2726 = ADVANCED_FACE('',(#2727),#2754,.F.);
#2727 = FACE_BOUND('',#2728,.T.);
#2728 = EDGE_LOOP('',(#2729,#2739,#2746,#2747));
#2729 = ORIENTED_EDGE('',*,*,#2730,.T.);
#2730 = EDGE_CURVE('',#2731,#2733,#2735,.T.);
#2731 = VERTEX_POINT('',#2732);
#2732 = CARTESIAN_POINT('',(-82.635,40.64,0.E+000));
#2733 = VERTEX_POINT('',#2734);
#2734 = CARTESIAN_POINT('',(-82.635,40.64,-1.));
#2735 = LINE('',#2736,#2737);
#2736 = CARTESIAN_POINT('',(-82.635,40.64,0.E+000));
#2737 = VECTOR('',#2738,1.);
#2738 = DIRECTION('',(0.E+000,0.E+000,-1.));
#2739 = ORIENTED_EDGE('',*,*,#2740,.T.);
#2740 = EDGE_CURVE('',#2733,#2733,#2741,.T.);
#2741 = CIRCLE('',#2742,0.55);
#2742 = AXIS2_PLACEMENT_3D('',#2743,#2744,#2745);
#2743 = CARTESIAN_POINT('',(-83.185,40.64,-1.));
#2744 = DIRECTION('',(0.E+000,0.E+000,-1.));
#2745 = DIRECTION('',(1.,0.E+000,0.E+000));
#2746 = ORIENTED_EDGE('',*,*,#2730,.F.);
#2747 = ORIENTED_EDGE('',*,*,#2748,.F.);
#2748 = EDGE_CURVE('',#2731,#2731,#2749,.T.);
#2749 = CIRCLE('',#2750,0.55);
#2750 = AXIS2_PLACEMENT_3D('',#2751,#2752,#2753);
#2751 = CARTESIAN_POINT('',(-83.185,40.64,0.E+000));
#2752 = DIRECTION('',(0.E+000,0.E+000,-1.));
#2753 = DIRECTION('',(1.,0.E+000,0.E+000));
#2754 = CYLINDRICAL_SURFACE('',#2755,0.55);
#2755 = AXIS2_PLACEMENT_3D('',#2756,#2757,#2758);
#2756 = CARTESIAN_POINT('',(-83.185,40.64,0.E+000));
#2757 = DIRECTION('',(-0.E+000,-0.E+000,1.));
#2758 = DIRECTION('',(1.,0.E+000,0.E+000));
#2759 = ADVANCED_FACE('',(#2760),#2787,.F.);
#2760 = FACE_BOUND('',#2761,.T.);
#2761 = EDGE_LOOP('',(#2762,#2772,#2779,#2780));
#2762 = ORIENTED_EDGE('',*,*,#2763,.T.);
#2763 = EDGE_CURVE('',#2764,#2766,#2768,.T.);
#2764 = VERTEX_POINT('',#2765);
#2765 = CARTESIAN_POINT('',(-82.635,43.18,0.E+000));
#2766 = VERTEX_POINT('',#2767);
#2767 = CARTESIAN_POINT('',(-82.635,43.18,-1.));
#2768 = LINE('',#2769,#2770);
#2769 = CARTESIAN_POINT('',(-82.635,43.18,0.E+000));
#2770 = VECTOR('',#2771,1.);
#2771 = DIRECTION('',(0.E+000,0.E+000,-1.));
#2772 = ORIENTED_EDGE('',*,*,#2773,.T.);
#2773 = EDGE_CURVE('',#2766,#2766,#2774,.T.);
#2774 = CIRCLE('',#2775,0.55);
#2775 = AXIS2_PLACEMENT_3D('',#2776,#2777,#2778);
#2776 = CARTESIAN_POINT('',(-83.185,43.18,-1.));
#2777 = DIRECTION('',(0.E+000,0.E+000,-1.));
#2778 = DIRECTION('',(1.,0.E+000,0.E+000));
#2779 = ORIENTED_EDGE('',*,*,#2763,.F.);
#2780 = ORIENTED_EDGE('',*,*,#2781,.F.);
#2781 = EDGE_CURVE('',#2764,#2764,#2782,.T.);
#2782 = CIRCLE('',#2783,0.55);
#2783 = AXIS2_PLACEMENT_3D('',#2784,#2785,#2786);
#2784 = CARTESIAN_POINT('',(-83.185,43.18,0.E+000));
#2785 = DIRECTION('',(0.E+000,0.E+000,-1.));
#2786 = DIRECTION('',(1.,0.E+000,0.E+000));
#2787 = CYLINDRICAL_SURFACE('',#2788,0.55);
#2788 = AXIS2_PLACEMENT_3D('',#2789,#2790,#2791);
#2789 = CARTESIAN_POINT('',(-83.185,43.18,0.E+000));
#2790 = DIRECTION('',(-0.E+000,-0.E+000,1.));
#2791 = DIRECTION('',(1.,0.E+000,0.E+000));
#2792 = ADVANCED_FACE('',(#2793),#2820,.F.);
#2793 = FACE_BOUND('',#2794,.T.);
#2794 = EDGE_LOOP('',(#2795,#2805,#2812,#2813));
#2795 = ORIENTED_EDGE('',*,*,#2796,.T.);
#2796 = EDGE_CURVE('',#2797,#2799,#2801,.T.);
#2797 = VERTEX_POINT('',#2798);
#2798 = CARTESIAN_POINT('',(-80.095,40.64,0.E+000));
#2799 = VERTEX_POINT('',#2800);
#2800 = CARTESIAN_POINT('',(-80.095,40.64,-1.));
#2801 = LINE('',#2802,#2803);
#2802 = CARTESIAN_POINT('',(-80.095,40.64,0.E+000));
#2803 = VECTOR('',#2804,1.);
#2804 = DIRECTION('',(0.E+000,0.E+000,-1.));
#2805 = ORIENTED_EDGE('',*,*,#2806,.T.);
#2806 = EDGE_CURVE('',#2799,#2799,#2807,.T.);
#2807 = CIRCLE('',#2808,0.55);
#2808 = AXIS2_PLACEMENT_3D('',#2809,#2810,#2811);
#2809 = CARTESIAN_POINT('',(-80.645,40.64,-1.));
#2810 = DIRECTION('',(0.E+000,0.E+000,-1.));
#2811 = DIRECTION('',(1.,0.E+000,0.E+000));
#2812 = ORIENTED_EDGE('',*,*,#2796,.F.);
#2813 = ORIENTED_EDGE('',*,*,#2814,.F.);
#2814 = EDGE_CURVE('',#2797,#2797,#2815,.T.);
#2815 = CIRCLE('',#2816,0.55);
#2816 = AXIS2_PLACEMENT_3D('',#2817,#2818,#2819);
#2817 = CARTESIAN_POINT('',(-80.645,40.64,0.E+000));
#2818 = DIRECTION('',(0.E+000,0.E+000,-1.));
#2819 = DIRECTION('',(1.,0.E+000,0.E+000));
#2820 = CYLINDRICAL_SURFACE('',#2821,0.55);
#2821 = AXIS2_PLACEMENT_3D('',#2822,#2823,#2824);
#2822 = CARTESIAN_POINT('',(-80.645,40.64,0.E+000));
#2823 = DIRECTION('',(-0.E+000,-0.E+000,1.));
#2824 = DIRECTION('',(1.,0.E+000,0.E+000));
#2825 = ADVANCED_FACE('',(#2826),#2853,.F.);
#2826 = FACE_BOUND('',#2827,.T.);
#2827 = EDGE_LOOP('',(#2828,#2838,#2845,#2846));
#2828 = ORIENTED_EDGE('',*,*,#2829,.T.);
#2829 = EDGE_CURVE('',#2830,#2832,#2834,.T.);
#2830 = VERTEX_POINT('',#2831);
#2831 = CARTESIAN_POINT('',(-80.095,43.18,0.E+000));
#2832 = VERTEX_POINT('',#2833);
#2833 = CARTESIAN_POINT('',(-80.095,43.18,-1.));
#2834 = LINE('',#2835,#2836);
#2835 = CARTESIAN_POINT('',(-80.095,43.18,0.E+000));
#2836 = VECTOR('',#2837,1.);
#2837 = DIRECTION('',(0.E+000,0.E+000,-1.));
#2838 = ORIENTED_EDGE('',*,*,#2839,.T.);
#2839 = EDGE_CURVE('',#2832,#2832,#2840,.T.);
#2840 = CIRCLE('',#2841,0.55);
#2841 = AXIS2_PLACEMENT_3D('',#2842,#2843,#2844);
#2842 = CARTESIAN_POINT('',(-80.645,43.18,-1.));
#2843 = DIRECTION('',(0.E+000,0.E+000,-1.));
#2844 = DIRECTION('',(1.,0.E+000,0.E+000));
#2845 = ORIENTED_EDGE('',*,*,#2829,.F.);
#2846 = ORIENTED_EDGE('',*,*,#2847,.F.);
#2847 = EDGE_CURVE('',#2830,#2830,#2848,.T.);
#2848 = CIRCLE('',#2849,0.55);
#2849 = AXIS2_PLACEMENT_3D('',#2850,#2851,#2852);
#2850 = CARTESIAN_POINT('',(-80.645,43.18,0.E+000));
#2851 = DIRECTION('',(0.E+000,0.E+000,-1.));
#2852 = DIRECTION('',(1.,0.E+000,0.E+000));
#2853 = CYLINDRICAL_SURFACE('',#2854,0.55);
#2854 = AXIS2_PLACEMENT_3D('',#2855,#2856,#2857);
#2855 = CARTESIAN_POINT('',(-80.645,43.18,0.E+000));
#2856 = DIRECTION('',(-0.E+000,-0.E+000,1.));
#2857 = DIRECTION('',(1.,0.E+000,0.E+000));
#2858 = ADVANCED_FACE('',(#2859),#2886,.F.);
#2859 = FACE_BOUND('',#2860,.T.);
#2860 = EDGE_LOOP('',(#2861,#2871,#2878,#2879));
#2861 = ORIENTED_EDGE('',*,*,#2862,.T.);
#2862 = EDGE_CURVE('',#2863,#2865,#2867,.T.);
#2863 = VERTEX_POINT('',#2864);
#2864 = CARTESIAN_POINT('',(-77.555,40.64,0.E+000));
#2865 = VERTEX_POINT('',#2866);
#2866 = CARTESIAN_POINT('',(-77.555,40.64,-1.));
#2867 = LINE('',#2868,#2869);
#2868 = CARTESIAN_POINT('',(-77.555,40.64,0.E+000));
#2869 = VECTOR('',#2870,1.);
#2870 = DIRECTION('',(0.E+000,0.E+000,-1.));
#2871 = ORIENTED_EDGE('',*,*,#2872,.T.);
#2872 = EDGE_CURVE('',#2865,#2865,#2873,.T.);
#2873 = CIRCLE('',#2874,0.55);
#2874 = AXIS2_PLACEMENT_3D('',#2875,#2876,#2877);
#2875 = CARTESIAN_POINT('',(-78.105,40.64,-1.));
#2876 = DIRECTION('',(0.E+000,0.E+000,-1.));
#2877 = DIRECTION('',(1.,0.E+000,0.E+000));
#2878 = ORIENTED_EDGE('',*,*,#2862,.F.);
#2879 = ORIENTED_EDGE('',*,*,#2880,.F.);
#2880 = EDGE_CURVE('',#2863,#2863,#2881,.T.);
#2881 = CIRCLE('',#2882,0.55);
#2882 = AXIS2_PLACEMENT_3D('',#2883,#2884,#2885);
#2883 = CARTESIAN_POINT('',(-78.105,40.64,0.E+000));
#2884 = DIRECTION('',(0.E+000,0.E+000,-1.));
#2885 = DIRECTION('',(1.,0.E+000,0.E+000));
#2886 = CYLINDRICAL_SURFACE('',#2887,0.55);
#2887 = AXIS2_PLACEMENT_3D('',#2888,#2889,#2890);
#2888 = CARTESIAN_POINT('',(-78.105,40.64,0.E+000));
#2889 = DIRECTION('',(-0.E+000,-0.E+000,1.));
#2890 = DIRECTION('',(1.,0.E+000,0.E+000));
#2891 = ADVANCED_FACE('',(#2892),#2919,.F.);
#2892 = FACE_BOUND('',#2893,.T.);
#2893 = EDGE_LOOP('',(#2894,#2904,#2911,#2912));
#2894 = ORIENTED_EDGE('',*,*,#2895,.T.);
#2895 = EDGE_CURVE('',#2896,#2898,#2900,.T.);
#2896 = VERTEX_POINT('',#2897);
#2897 = CARTESIAN_POINT('',(-77.555,43.18,0.E+000));
#2898 = VERTEX_POINT('',#2899);
#2899 = CARTESIAN_POINT('',(-77.555,43.18,-1.));
#2900 = LINE('',#2901,#2902);
#2901 = CARTESIAN_POINT('',(-77.555,43.18,0.E+000));
#2902 = VECTOR('',#2903,1.);
#2903 = DIRECTION('',(0.E+000,0.E+000,-1.));
#2904 = ORIENTED_EDGE('',*,*,#2905,.T.);
#2905 = EDGE_CURVE('',#2898,#2898,#2906,.T.);
#2906 = CIRCLE('',#2907,0.55);
#2907 = AXIS2_PLACEMENT_3D('',#2908,#2909,#2910);
#2908 = CARTESIAN_POINT('',(-78.105,43.18,-1.));
#2909 = DIRECTION('',(0.E+000,0.E+000,-1.));
#2910 = DIRECTION('',(1.,0.E+000,0.E+000));
#2911 = ORIENTED_EDGE('',*,*,#2895,.F.);
#2912 = ORIENTED_EDGE('',*,*,#2913,.F.);
#2913 = EDGE_CURVE('',#2896,#2896,#2914,.T.);
#2914 = CIRCLE('',#2915,0.55);
#2915 = AXIS2_PLACEMENT_3D('',#2916,#2917,#2918);
#2916 = CARTESIAN_POINT('',(-78.105,43.18,0.E+000));
#2917 = DIRECTION('',(0.E+000,0.E+000,-1.));
#2918 = DIRECTION('',(1.,0.E+000,0.E+000));
#2919 = CYLINDRICAL_SURFACE('',#2920,0.55);
#2920 = AXIS2_PLACEMENT_3D('',#2921,#2922,#2923);
#2921 = CARTESIAN_POINT('',(-78.105,43.18,0.E+000));
#2922 = DIRECTION('',(-0.E+000,-0.E+000,1.));
#2923 = DIRECTION('',(1.,0.E+000,0.E+000));
#2924 = ADVANCED_FACE('',(#2925),#2952,.F.);
#2925 = FACE_BOUND('',#2926,.T.);
#2926 = EDGE_LOOP('',(#2927,#2937,#2944,#2945));
#2927 = ORIENTED_EDGE('',*,*,#2928,.T.);
#2928 = EDGE_CURVE('',#2929,#2931,#2933,.T.);
#2929 = VERTEX_POINT('',#2930);
#2930 = CARTESIAN_POINT('',(-44.9525,41.91,0.E+000));
#2931 = VERTEX_POINT('',#2932);
#2932 = CARTESIAN_POINT('',(-44.9525,41.91,-1.));
#2933 = LINE('',#2934,#2935);
#2934 = CARTESIAN_POINT('',(-44.9525,41.91,0.E+000));
#2935 = VECTOR('',#2936,1.);
#2936 = DIRECTION('',(0.E+000,0.E+000,-1.));
#2937 = ORIENTED_EDGE('',*,*,#2938,.T.);
#2938 = EDGE_CURVE('',#2931,#2931,#2939,.T.);
#2939 = CIRCLE('',#2940,0.45);
#2940 = AXIS2_PLACEMENT_3D('',#2941,#2942,#2943);
#2941 = CARTESIAN_POINT('',(-45.4025,41.91,-1.));
#2942 = DIRECTION('',(0.E+000,0.E+000,-1.));
#2943 = DIRECTION('',(1.,0.E+000,0.E+000));
#2944 = ORIENTED_EDGE('',*,*,#2928,.F.);
#2945 = ORIENTED_EDGE('',*,*,#2946,.F.);
#2946 = EDGE_CURVE('',#2929,#2929,#2947,.T.);
#2947 = CIRCLE('',#2948,0.45);
#2948 = AXIS2_PLACEMENT_3D('',#2949,#2950,#2951);
#2949 = CARTESIAN_POINT('',(-45.4025,41.91,0.E+000));
#2950 = DIRECTION('',(0.E+000,0.E+000,-1.));
#2951 = DIRECTION('',(1.,0.E+000,0.E+000));
#2952 = CYLINDRICAL_SURFACE('',#2953,0.45);
#2953 = AXIS2_PLACEMENT_3D('',#2954,#2955,#2956);
#2954 = CARTESIAN_POINT('',(-45.4025,41.91,0.E+000));
#2955 = DIRECTION('',(-0.E+000,-0.E+000,1.));
#2956 = DIRECTION('',(1.,0.E+000,0.E+000));
#2957 = ADVANCED_FACE('',(#2958),#2985,.F.);
#2958 = FACE_BOUND('',#2959,.T.);
#2959 = EDGE_LOOP('',(#2960,#2970,#2977,#2978));
#2960 = ORIENTED_EDGE('',*,*,#2961,.T.);
#2961 = EDGE_CURVE('',#2962,#2964,#2966,.T.);
#2962 = VERTEX_POINT('',#2963);
#2963 = CARTESIAN_POINT('',(-44.9525,39.37,0.E+000));
#2964 = VERTEX_POINT('',#2965);
#2965 = CARTESIAN_POINT('',(-44.9525,39.37,-1.));
#2966 = LINE('',#2967,#2968);
#2967 = CARTESIAN_POINT('',(-44.9525,39.37,0.E+000));
#2968 = VECTOR('',#2969,1.);
#2969 = DIRECTION('',(0.E+000,0.E+000,-1.));
#2970 = ORIENTED_EDGE('',*,*,#2971,.T.);
#2971 = EDGE_CURVE('',#2964,#2964,#2972,.T.);
#2972 = CIRCLE('',#2973,0.45);
#2973 = AXIS2_PLACEMENT_3D('',#2974,#2975,#2976);
#2974 = CARTESIAN_POINT('',(-45.4025,39.37,-1.));
#2975 = DIRECTION('',(0.E+000,0.E+000,-1.));
#2976 = DIRECTION('',(1.,0.E+000,0.E+000));
#2977 = ORIENTED_EDGE('',*,*,#2961,.F.);
#2978 = ORIENTED_EDGE('',*,*,#2979,.F.);
#2979 = EDGE_CURVE('',#2962,#2962,#2980,.T.);
#2980 = CIRCLE('',#2981,0.45);
#2981 = AXIS2_PLACEMENT_3D('',#2982,#2983,#2984);
#2982 = CARTESIAN_POINT('',(-45.4025,39.37,0.E+000));
#2983 = DIRECTION('',(0.E+000,0.E+000,-1.));
#2984 = DIRECTION('',(1.,0.E+000,0.E+000));
#2985 = CYLINDRICAL_SURFACE('',#2986,0.45);
#2986 = AXIS2_PLACEMENT_3D('',#2987,#2988,#2989);
#2987 = CARTESIAN_POINT('',(-45.4025,39.37,0.E+000));
#2988 = DIRECTION('',(-0.E+000,-0.E+000,1.));
#2989 = DIRECTION('',(1.,0.E+000,0.E+000));
#2990 = ADVANCED_FACE('',(#2991),#3018,.F.);
#2991 = FACE_BOUND('',#2992,.T.);
#2992 = EDGE_LOOP('',(#2993,#3003,#3010,#3011));
#2993 = ORIENTED_EDGE('',*,*,#2994,.T.);
#2994 = EDGE_CURVE('',#2995,#2997,#2999,.T.);
#2995 = VERTEX_POINT('',#2996);
#2996 = CARTESIAN_POINT('',(-44.9525,36.83,0.E+000));
#2997 = VERTEX_POINT('',#2998);
#2998 = CARTESIAN_POINT('',(-44.9525,36.83,-1.));
#2999 = LINE('',#3000,#3001);
#3000 = CARTESIAN_POINT('',(-44.9525,36.83,0.E+000));
#3001 = VECTOR('',#3002,1.);
#3002 = DIRECTION('',(0.E+000,0.E+000,-1.));
#3003 = ORIENTED_EDGE('',*,*,#3004,.T.);
#3004 = EDGE_CURVE('',#2997,#2997,#3005,.T.);
#3005 = CIRCLE('',#3006,0.45);
#3006 = AXIS2_PLACEMENT_3D('',#3007,#3008,#3009);
#3007 = CARTESIAN_POINT('',(-45.4025,36.83,-1.));
#3008 = DIRECTION('',(0.E+000,0.E+000,-1.));
#3009 = DIRECTION('',(1.,0.E+000,0.E+000));
#3010 = ORIENTED_EDGE('',*,*,#2994,.F.);
#3011 = ORIENTED_EDGE('',*,*,#3012,.F.);
#3012 = EDGE_CURVE('',#2995,#2995,#3013,.T.);
#3013 = CIRCLE('',#3014,0.45);
#3014 = AXIS2_PLACEMENT_3D('',#3015,#3016,#3017);
#3015 = CARTESIAN_POINT('',(-45.4025,36.83,0.E+000));
#3016 = DIRECTION('',(0.E+000,0.E+000,-1.));
#3017 = DIRECTION('',(1.,0.E+000,0.E+000));
#3018 = CYLINDRICAL_SURFACE('',#3019,0.45);
#3019 = AXIS2_PLACEMENT_3D('',#3020,#3021,#3022);
#3020 = CARTESIAN_POINT('',(-45.4025,36.83,0.E+000));
#3021 = DIRECTION('',(-0.E+000,-0.E+000,1.));
#3022 = DIRECTION('',(1.,0.E+000,0.E+000));
#3023 = ADVANCED_FACE('',(#3024),#3051,.F.);
#3024 = FACE_BOUND('',#3025,.T.);
#3025 = EDGE_LOOP('',(#3026,#3036,#3043,#3044));
#3026 = ORIENTED_EDGE('',*,*,#3027,.T.);
#3027 = EDGE_CURVE('',#3028,#3030,#3032,.T.);
#3028 = VERTEX_POINT('',#3029);
#3029 = CARTESIAN_POINT('',(-44.9525,34.29,0.E+000));
#3030 = VERTEX_POINT('',#3031);
#3031 = CARTESIAN_POINT('',(-44.9525,34.29,-1.));
#3032 = LINE('',#3033,#3034);
#3033 = CARTESIAN_POINT('',(-44.9525,34.29,0.E+000));
#3034 = VECTOR('',#3035,1.);
#3035 = DIRECTION('',(0.E+000,0.E+000,-1.));
#3036 = ORIENTED_EDGE('',*,*,#3037,.T.);
#3037 = EDGE_CURVE('',#3030,#3030,#3038,.T.);
#3038 = CIRCLE('',#3039,0.45);
#3039 = AXIS2_PLACEMENT_3D('',#3040,#3041,#3042);
#3040 = CARTESIAN_POINT('',(-45.4025,34.29,-1.));
#3041 = DIRECTION('',(0.E+000,0.E+000,-1.));
#3042 = DIRECTION('',(1.,0.E+000,0.E+000));
#3043 = ORIENTED_EDGE('',*,*,#3027,.F.);
#3044 = ORIENTED_EDGE('',*,*,#3045,.F.);
#3045 = EDGE_CURVE('',#3028,#3028,#3046,.T.);
#3046 = CIRCLE('',#3047,0.45);
#3047 = AXIS2_PLACEMENT_3D('',#3048,#3049,#3050);
#3048 = CARTESIAN_POINT('',(-45.4025,34.29,0.E+000));
#3049 = DIRECTION('',(0.E+000,0.E+000,-1.));
#3050 = DIRECTION('',(1.,0.E+000,0.E+000));
#3051 = CYLINDRICAL_SURFACE('',#3052,0.45);
#3052 = AXIS2_PLACEMENT_3D('',#3053,#3054,#3055);
#3053 = CARTESIAN_POINT('',(-45.4025,34.29,0.E+000));
#3054 = DIRECTION('',(-0.E+000,-0.E+000,1.));
#3055 = DIRECTION('',(1.,0.E+000,0.E+000));
#3056 = ADVANCED_FACE('',(#3057),#3084,.F.);
#3057 = FACE_BOUND('',#3058,.T.);
#3058 = EDGE_LOOP('',(#3059,#3069,#3076,#3077));
#3059 = ORIENTED_EDGE('',*,*,#3060,.T.);
#3060 = EDGE_CURVE('',#3061,#3063,#3065,.T.);
#3061 = VERTEX_POINT('',#3062);
#3062 = CARTESIAN_POINT('',(-44.9525,31.75,0.E+000));
#3063 = VERTEX_POINT('',#3064);
#3064 = CARTESIAN_POINT('',(-44.9525,31.75,-1.));
#3065 = LINE('',#3066,#3067);
#3066 = CARTESIAN_POINT('',(-44.9525,31.75,0.E+000));
#3067 = VECTOR('',#3068,1.);
#3068 = DIRECTION('',(0.E+000,0.E+000,-1.));
#3069 = ORIENTED_EDGE('',*,*,#3070,.T.);
#3070 = EDGE_CURVE('',#3063,#3063,#3071,.T.);
#3071 = CIRCLE('',#3072,0.45);
#3072 = AXIS2_PLACEMENT_3D('',#3073,#3074,#3075);
#3073 = CARTESIAN_POINT('',(-45.4025,31.75,-1.));
#3074 = DIRECTION('',(0.E+000,0.E+000,-1.));
#3075 = DIRECTION('',(1.,0.E+000,0.E+000));
#3076 = ORIENTED_EDGE('',*,*,#3060,.F.);
#3077 = ORIENTED_EDGE('',*,*,#3078,.F.);
#3078 = EDGE_CURVE('',#3061,#3061,#3079,.T.);
#3079 = CIRCLE('',#3080,0.45);
#3080 = AXIS2_PLACEMENT_3D('',#3081,#3082,#3083);
#3081 = CARTESIAN_POINT('',(-45.4025,31.75,0.E+000));
#3082 = DIRECTION('',(0.E+000,0.E+000,-1.));
#3083 = DIRECTION('',(1.,0.E+000,0.E+000));
#3084 = CYLINDRICAL_SURFACE('',#3085,0.45);
#3085 = AXIS2_PLACEMENT_3D('',#3086,#3087,#3088);
#3086 = CARTESIAN_POINT('',(-45.4025,31.75,0.E+000));
#3087 = DIRECTION('',(-0.E+000,-0.E+000,1.));
#3088 = DIRECTION('',(1.,0.E+000,0.E+000));
#3089 = ADVANCED_FACE('',(#3090),#3117,.F.);
#3090 = FACE_BOUND('',#3091,.T.);
#3091 = EDGE_LOOP('',(#3092,#3102,#3109,#3110));
#3092 = ORIENTED_EDGE('',*,*,#3093,.T.);
#3093 = EDGE_CURVE('',#3094,#3096,#3098,.T.);
#3094 = VERTEX_POINT('',#3095);
#3095 = CARTESIAN_POINT('',(-44.9525,29.21,0.E+000));
#3096 = VERTEX_POINT('',#3097);
#3097 = CARTESIAN_POINT('',(-44.9525,29.21,-1.));
#3098 = LINE('',#3099,#3100);
#3099 = CARTESIAN_POINT('',(-44.9525,29.21,0.E+000));
#3100 = VECTOR('',#3101,1.);
#3101 = DIRECTION('',(0.E+000,0.E+000,-1.));
#3102 = ORIENTED_EDGE('',*,*,#3103,.T.);
#3103 = EDGE_CURVE('',#3096,#3096,#3104,.T.);
#3104 = CIRCLE('',#3105,0.45);
#3105 = AXIS2_PLACEMENT_3D('',#3106,#3107,#3108);
#3106 = CARTESIAN_POINT('',(-45.4025,29.21,-1.));
#3107 = DIRECTION('',(0.E+000,0.E+000,-1.));
#3108 = DIRECTION('',(1.,0.E+000,0.E+000));
#3109 = ORIENTED_EDGE('',*,*,#3093,.F.);
#3110 = ORIENTED_EDGE('',*,*,#3111,.F.);
#3111 = EDGE_CURVE('',#3094,#3094,#3112,.T.);
#3112 = CIRCLE('',#3113,0.45);
#3113 = AXIS2_PLACEMENT_3D('',#3114,#3115,#3116);
#3114 = CARTESIAN_POINT('',(-45.4025,29.21,0.E+000));
#3115 = DIRECTION('',(0.E+000,0.E+000,-1.));
#3116 = DIRECTION('',(1.,0.E+000,0.E+000));
#3117 = CYLINDRICAL_SURFACE('',#3118,0.45);
#3118 = AXIS2_PLACEMENT_3D('',#3119,#3120,#3121);
#3119 = CARTESIAN_POINT('',(-45.4025,29.21,0.E+000));
#3120 = DIRECTION('',(-0.E+000,-0.E+000,1.));
#3121 = DIRECTION('',(1.,0.E+000,0.E+000));
#3122 = ADVANCED_FACE('',(#3123),#3150,.F.);
#3123 = FACE_BOUND('',#3124,.T.);
#3124 = EDGE_LOOP('',(#3125,#3135,#3142,#3143));
#3125 = ORIENTED_EDGE('',*,*,#3126,.T.);
#3126 = EDGE_CURVE('',#3127,#3129,#3131,.T.);
#3127 = VERTEX_POINT('',#3128);
#3128 = CARTESIAN_POINT('',(-44.9525,26.67,0.E+000));
#3129 = VERTEX_POINT('',#3130);
#3130 = CARTESIAN_POINT('',(-44.9525,26.67,-1.));
#3131 = LINE('',#3132,#3133);
#3132 = CARTESIAN_POINT('',(-44.9525,26.67,0.E+000));
#3133 = VECTOR('',#3134,1.);
#3134 = DIRECTION('',(0.E+000,0.E+000,-1.));
#3135 = ORIENTED_EDGE('',*,*,#3136,.T.);
#3136 = EDGE_CURVE('',#3129,#3129,#3137,.T.);
#3137 = CIRCLE('',#3138,0.45);
#3138 = AXIS2_PLACEMENT_3D('',#3139,#3140,#3141);
#3139 = CARTESIAN_POINT('',(-45.4025,26.67,-1.));
#3140 = DIRECTION('',(0.E+000,0.E+000,-1.));
#3141 = DIRECTION('',(1.,0.E+000,0.E+000));
#3142 = ORIENTED_EDGE('',*,*,#3126,.F.);
#3143 = ORIENTED_EDGE('',*,*,#3144,.F.);
#3144 = EDGE_CURVE('',#3127,#3127,#3145,.T.);
#3145 = CIRCLE('',#3146,0.45);
#3146 = AXIS2_PLACEMENT_3D('',#3147,#3148,#3149);
#3147 = CARTESIAN_POINT('',(-45.4025,26.67,0.E+000));
#3148 = DIRECTION('',(0.E+000,0.E+000,-1.));
#3149 = DIRECTION('',(1.,0.E+000,0.E+000));
#3150 = CYLINDRICAL_SURFACE('',#3151,0.45);
#3151 = AXIS2_PLACEMENT_3D('',#3152,#3153,#3154);
#3152 = CARTESIAN_POINT('',(-45.4025,26.67,0.E+000));
#3153 = DIRECTION('',(-0.E+000,-0.E+000,1.));
#3154 = DIRECTION('',(1.,0.E+000,0.E+000));
#3155 = ADVANCED_FACE('',(#3156),#3183,.F.);
#3156 = FACE_BOUND('',#3157,.T.);
#3157 = EDGE_LOOP('',(#3158,#3168,#3175,#3176));
#3158 = ORIENTED_EDGE('',*,*,#3159,.T.);
#3159 = EDGE_CURVE('',#3160,#3162,#3164,.T.);
#3160 = VERTEX_POINT('',#3161);
#3161 = CARTESIAN_POINT('',(-44.9525,24.13,0.E+000));
#3162 = VERTEX_POINT('',#3163);
#3163 = CARTESIAN_POINT('',(-44.9525,24.13,-1.));
#3164 = LINE('',#3165,#3166);
#3165 = CARTESIAN_POINT('',(-44.9525,24.13,0.E+000));
#3166 = VECTOR('',#3167,1.);
#3167 = DIRECTION('',(0.E+000,0.E+000,-1.));
#3168 = ORIENTED_EDGE('',*,*,#3169,.T.);
#3169 = EDGE_CURVE('',#3162,#3162,#3170,.T.);
#3170 = CIRCLE('',#3171,0.45);
#3171 = AXIS2_PLACEMENT_3D('',#3172,#3173,#3174);
#3172 = CARTESIAN_POINT('',(-45.4025,24.13,-1.));
#3173 = DIRECTION('',(0.E+000,0.E+000,-1.));
#3174 = DIRECTION('',(1.,0.E+000,0.E+000));
#3175 = ORIENTED_EDGE('',*,*,#3159,.F.);
#3176 = ORIENTED_EDGE('',*,*,#3177,.F.);
#3177 = EDGE_CURVE('',#3160,#3160,#3178,.T.);
#3178 = CIRCLE('',#3179,0.45);
#3179 = AXIS2_PLACEMENT_3D('',#3180,#3181,#3182);
#3180 = CARTESIAN_POINT('',(-45.4025,24.13,0.E+000));
#3181 = DIRECTION('',(0.E+000,0.E+000,-1.));
#3182 = DIRECTION('',(1.,0.E+000,0.E+000));
#3183 = CYLINDRICAL_SURFACE('',#3184,0.45);
#3184 = AXIS2_PLACEMENT_3D('',#3185,#3186,#3187);
#3185 = CARTESIAN_POINT('',(-45.4025,24.13,0.E+000));
#3186 = DIRECTION('',(-0.E+000,-0.E+000,1.));
#3187 = DIRECTION('',(1.,0.E+000,0.E+000));
#3188 = ADVANCED_FACE('',(#3189),#3216,.F.);
#3189 = FACE_BOUND('',#3190,.T.);
#3190 = EDGE_LOOP('',(#3191,#3201,#3208,#3209));
#3191 = ORIENTED_EDGE('',*,*,#3192,.T.);
#3192 = EDGE_CURVE('',#3193,#3195,#3197,.T.);
#3193 = VERTEX_POINT('',#3194);
#3194 = CARTESIAN_POINT('',(-44.9525,21.59,0.E+000));
#3195 = VERTEX_POINT('',#3196);
#3196 = CARTESIAN_POINT('',(-44.9525,21.59,-1.));
#3197 = LINE('',#3198,#3199);
#3198 = CARTESIAN_POINT('',(-44.9525,21.59,0.E+000));
#3199 = VECTOR('',#3200,1.);
#3200 = DIRECTION('',(0.E+000,0.E+000,-1.));
#3201 = ORIENTED_EDGE('',*,*,#3202,.T.);
#3202 = EDGE_CURVE('',#3195,#3195,#3203,.T.);
#3203 = CIRCLE('',#3204,0.45);
#3204 = AXIS2_PLACEMENT_3D('',#3205,#3206,#3207);
#3205 = CARTESIAN_POINT('',(-45.4025,21.59,-1.));
#3206 = DIRECTION('',(0.E+000,0.E+000,-1.));
#3207 = DIRECTION('',(1.,0.E+000,0.E+000));
#3208 = ORIENTED_EDGE('',*,*,#3192,.F.);
#3209 = ORIENTED_EDGE('',*,*,#3210,.F.);
#3210 = EDGE_CURVE('',#3193,#3193,#3211,.T.);
#3211 = CIRCLE('',#3212,0.45);
#3212 = AXIS2_PLACEMENT_3D('',#3213,#3214,#3215);
#3213 = CARTESIAN_POINT('',(-45.4025,21.59,0.E+000));
#3214 = DIRECTION('',(0.E+000,0.E+000,-1.));
#3215 = DIRECTION('',(1.,0.E+000,0.E+000));
#3216 = CYLINDRICAL_SURFACE('',#3217,0.45);
#3217 = AXIS2_PLACEMENT_3D('',#3218,#3219,#3220);
#3218 = CARTESIAN_POINT('',(-45.4025,21.59,0.E+000));
#3219 = DIRECTION('',(-0.E+000,-0.E+000,1.));
#3220 = DIRECTION('',(1.,0.E+000,0.E+000));
#3221 = ADVANCED_FACE('',(#3222),#3249,.F.);
#3222 = FACE_BOUND('',#3223,.T.);
#3223 = EDGE_LOOP('',(#3224,#3234,#3241,#3242));
#3224 = ORIENTED_EDGE('',*,*,#3225,.T.);
#3225 = EDGE_CURVE('',#3226,#3228,#3230,.T.);
#3226 = VERTEX_POINT('',#3227);
#3227 = CARTESIAN_POINT('',(-44.9525,19.05,0.E+000));
#3228 = VERTEX_POINT('',#3229);
#3229 = CARTESIAN_POINT('',(-44.9525,19.05,-1.));
#3230 = LINE('',#3231,#3232);
#3231 = CARTESIAN_POINT('',(-44.9525,19.05,0.E+000));
#3232 = VECTOR('',#3233,1.);
#3233 = DIRECTION('',(0.E+000,0.E+000,-1.));
#3234 = ORIENTED_EDGE('',*,*,#3235,.T.);
#3235 = EDGE_CURVE('',#3228,#3228,#3236,.T.);
#3236 = CIRCLE('',#3237,0.45);
#3237 = AXIS2_PLACEMENT_3D('',#3238,#3239,#3240);
#3238 = CARTESIAN_POINT('',(-45.4025,19.05,-1.));
#3239 = DIRECTION('',(0.E+000,0.E+000,-1.));
#3240 = DIRECTION('',(1.,0.E+000,0.E+000));
#3241 = ORIENTED_EDGE('',*,*,#3225,.F.);
#3242 = ORIENTED_EDGE('',*,*,#3243,.F.);
#3243 = EDGE_CURVE('',#3226,#3226,#3244,.T.);
#3244 = CIRCLE('',#3245,0.45);
#3245 = AXIS2_PLACEMENT_3D('',#3246,#3247,#3248);
#3246 = CARTESIAN_POINT('',(-45.4025,19.05,0.E+000));
#3247 = DIRECTION('',(0.E+000,0.E+000,-1.));
#3248 = DIRECTION('',(1.,0.E+000,0.E+000));
#3249 = CYLINDRICAL_SURFACE('',#3250,0.45);
#3250 = AXIS2_PLACEMENT_3D('',#3251,#3252,#3253);
#3251 = CARTESIAN_POINT('',(-45.4025,19.05,0.E+000));
#3252 = DIRECTION('',(-0.E+000,-0.E+000,1.));
#3253 = DIRECTION('',(1.,0.E+000,0.E+000));
#3254 = ADVANCED_FACE('',(#3255),#3282,.F.);
#3255 = FACE_BOUND('',#3256,.T.);
#3256 = EDGE_LOOP('',(#3257,#3267,#3274,#3275));
#3257 = ORIENTED_EDGE('',*,*,#3258,.T.);
#3258 = EDGE_CURVE('',#3259,#3261,#3263,.T.);
#3259 = VERTEX_POINT('',#3260);
#3260 = CARTESIAN_POINT('',(-44.9525,16.51,0.E+000));
#3261 = VERTEX_POINT('',#3262);
#3262 = CARTESIAN_POINT('',(-44.9525,16.51,-1.));
#3263 = LINE('',#3264,#3265);
#3264 = CARTESIAN_POINT('',(-44.9525,16.51,0.E+000));
#3265 = VECTOR('',#3266,1.);
#3266 = DIRECTION('',(0.E+000,0.E+000,-1.));
#3267 = ORIENTED_EDGE('',*,*,#3268,.T.);
#3268 = EDGE_CURVE('',#3261,#3261,#3269,.T.);
#3269 = CIRCLE('',#3270,0.45);
#3270 = AXIS2_PLACEMENT_3D('',#3271,#3272,#3273);
#3271 = CARTESIAN_POINT('',(-45.4025,16.51,-1.));
#3272 = DIRECTION('',(0.E+000,0.E+000,-1.));
#3273 = DIRECTION('',(1.,0.E+000,0.E+000));
#3274 = ORIENTED_EDGE('',*,*,#3258,.F.);
#3275 = ORIENTED_EDGE('',*,*,#3276,.F.);
#3276 = EDGE_CURVE('',#3259,#3259,#3277,.T.);
#3277 = CIRCLE('',#3278,0.45);
#3278 = AXIS2_PLACEMENT_3D('',#3279,#3280,#3281);
#3279 = CARTESIAN_POINT('',(-45.4025,16.51,0.E+000));
#3280 = DIRECTION('',(0.E+000,0.E+000,-1.));
#3281 = DIRECTION('',(1.,0.E+000,0.E+000));
#3282 = CYLINDRICAL_SURFACE('',#3283,0.45);
#3283 = AXIS2_PLACEMENT_3D('',#3284,#3285,#3286);
#3284 = CARTESIAN_POINT('',(-45.4025,16.51,0.E+000));
#3285 = DIRECTION('',(-0.E+000,-0.E+000,1.));
#3286 = DIRECTION('',(1.,0.E+000,0.E+000));
#3287 = ADVANCED_FACE('',(#3288),#3315,.F.);
#3288 = FACE_BOUND('',#3289,.T.);
#3289 = EDGE_LOOP('',(#3290,#3300,#3307,#3308));
#3290 = ORIENTED_EDGE('',*,*,#3291,.T.);
#3291 = EDGE_CURVE('',#3292,#3294,#3296,.T.);
#3292 = VERTEX_POINT('',#3293);
#3293 = CARTESIAN_POINT('',(-44.9525,13.97,0.E+000));
#3294 = VERTEX_POINT('',#3295);
#3295 = CARTESIAN_POINT('',(-44.9525,13.97,-1.));
#3296 = LINE('',#3297,#3298);
#3297 = CARTESIAN_POINT('',(-44.9525,13.97,0.E+000));
#3298 = VECTOR('',#3299,1.);
#3299 = DIRECTION('',(0.E+000,0.E+000,-1.));
#3300 = ORIENTED_EDGE('',*,*,#3301,.T.);
#3301 = EDGE_CURVE('',#3294,#3294,#3302,.T.);
#3302 = CIRCLE('',#3303,0.45);
#3303 = AXIS2_PLACEMENT_3D('',#3304,#3305,#3306);
#3304 = CARTESIAN_POINT('',(-45.4025,13.97,-1.));
#3305 = DIRECTION('',(0.E+000,0.E+000,-1.));
#3306 = DIRECTION('',(1.,0.E+000,0.E+000));
#3307 = ORIENTED_EDGE('',*,*,#3291,.F.);
#3308 = ORIENTED_EDGE('',*,*,#3309,.F.);
#3309 = EDGE_CURVE('',#3292,#3292,#3310,.T.);
#3310 = CIRCLE('',#3311,0.45);
#3311 = AXIS2_PLACEMENT_3D('',#3312,#3313,#3314);
#3312 = CARTESIAN_POINT('',(-45.4025,13.97,0.E+000));
#3313 = DIRECTION('',(0.E+000,0.E+000,-1.));
#3314 = DIRECTION('',(1.,0.E+000,0.E+000));
#3315 = CYLINDRICAL_SURFACE('',#3316,0.45);
#3316 = AXIS2_PLACEMENT_3D('',#3317,#3318,#3319);
#3317 = CARTESIAN_POINT('',(-45.4025,13.97,0.E+000));
#3318 = DIRECTION('',(-0.E+000,-0.E+000,1.));
#3319 = DIRECTION('',(1.,0.E+000,0.E+000));
#3320 = ADVANCED_FACE('',(#3321),#3348,.F.);
#3321 = FACE_BOUND('',#3322,.T.);
#3322 = EDGE_LOOP('',(#3323,#3333,#3340,#3341));
#3323 = ORIENTED_EDGE('',*,*,#3324,.T.);
#3324 = EDGE_CURVE('',#3325,#3327,#3329,.T.);
#3325 = VERTEX_POINT('',#3326);
#3326 = CARTESIAN_POINT('',(-111.085,34.1975,0.E+000));
#3327 = VERTEX_POINT('',#3328);
#3328 = CARTESIAN_POINT('',(-111.085,34.1975,-1.));
#3329 = LINE('',#3330,#3331);
#3330 = CARTESIAN_POINT('',(-111.085,34.1975,0.E+000));
#3331 = VECTOR('',#3332,1.);
#3332 = DIRECTION('',(0.E+000,0.E+000,-1.));
#3333 = ORIENTED_EDGE('',*,*,#3334,.T.);
#3334 = EDGE_CURVE('',#3327,#3327,#3335,.T.);
#3335 = CIRCLE('',#3336,0.45);
#3336 = AXIS2_PLACEMENT_3D('',#3337,#3338,#3339);
#3337 = CARTESIAN_POINT('',(-111.535,34.1975,-1.));
#3338 = DIRECTION('',(0.E+000,0.E+000,-1.));
#3339 = DIRECTION('',(1.,0.E+000,0.E+000));
#3340 = ORIENTED_EDGE('',*,*,#3324,.F.);
#3341 = ORIENTED_EDGE('',*,*,#3342,.F.);
#3342 = EDGE_CURVE('',#3325,#3325,#3343,.T.);
#3343 = CIRCLE('',#3344,0.45);
#3344 = AXIS2_PLACEMENT_3D('',#3345,#3346,#3347);
#3345 = CARTESIAN_POINT('',(-111.535,34.1975,0.E+000));
#3346 = DIRECTION('',(0.E+000,0.E+000,-1.));
#3347 = DIRECTION('',(1.,0.E+000,0.E+000));
#3348 = CYLINDRICAL_SURFACE('',#3349,0.45);
#3349 = AXIS2_PLACEMENT_3D('',#3350,#3351,#3352);
#3350 = CARTESIAN_POINT('',(-111.535,34.1975,0.E+000));
#3351 = DIRECTION('',(-0.E+000,-0.E+000,1.));
#3352 = DIRECTION('',(1.,0.E+000,0.E+000));
#3353 = ADVANCED_FACE('',(#3354),#3381,.F.);
#3354 = FACE_BOUND('',#3355,.T.);
#3355 = EDGE_LOOP('',(#3356,#3366,#3373,#3374));
#3356 = ORIENTED_EDGE('',*,*,#3357,.T.);
#3357 = EDGE_CURVE('',#3358,#3360,#3362,.T.);
#3358 = VERTEX_POINT('',#3359);
#3359 = CARTESIAN_POINT('',(-111.085,31.6575,0.E+000));
#3360 = VERTEX_POINT('',#3361);
#3361 = CARTESIAN_POINT('',(-111.085,31.6575,-1.));
#3362 = LINE('',#3363,#3364);
#3363 = CARTESIAN_POINT('',(-111.085,31.6575,0.E+000));
#3364 = VECTOR('',#3365,1.);
#3365 = DIRECTION('',(0.E+000,0.E+000,-1.));
#3366 = ORIENTED_EDGE('',*,*,#3367,.T.);
#3367 = EDGE_CURVE('',#3360,#3360,#3368,.T.);
#3368 = CIRCLE('',#3369,0.45);
#3369 = AXIS2_PLACEMENT_3D('',#3370,#3371,#3372);
#3370 = CARTESIAN_POINT('',(-111.535,31.6575,-1.));
#3371 = DIRECTION('',(0.E+000,0.E+000,-1.));
#3372 = DIRECTION('',(1.,0.E+000,0.E+000));
#3373 = ORIENTED_EDGE('',*,*,#3357,.F.);
#3374 = ORIENTED_EDGE('',*,*,#3375,.F.);
#3375 = EDGE_CURVE('',#3358,#3358,#3376,.T.);
#3376 = CIRCLE('',#3377,0.45);
#3377 = AXIS2_PLACEMENT_3D('',#3378,#3379,#3380);
#3378 = CARTESIAN_POINT('',(-111.535,31.6575,0.E+000));
#3379 = DIRECTION('',(0.E+000,0.E+000,-1.));
#3380 = DIRECTION('',(1.,0.E+000,0.E+000));
#3381 = CYLINDRICAL_SURFACE('',#3382,0.45);
#3382 = AXIS2_PLACEMENT_3D('',#3383,#3384,#3385);
#3383 = CARTESIAN_POINT('',(-111.535,31.6575,0.E+000));
#3384 = DIRECTION('',(-0.E+000,-0.E+000,1.));
#3385 = DIRECTION('',(1.,0.E+000,0.E+000));
#3386 = ADVANCED_FACE('',(#3387),#3414,.F.);
#3387 = FACE_BOUND('',#3388,.T.);
#3388 = EDGE_LOOP('',(#3389,#3399,#3406,#3407));
#3389 = ORIENTED_EDGE('',*,*,#3390,.T.);
#3390 = EDGE_CURVE('',#3391,#3393,#3395,.T.);
#3391 = VERTEX_POINT('',#3392);
#3392 = CARTESIAN_POINT('',(-111.085,29.1175,0.E+000));
#3393 = VERTEX_POINT('',#3394);
#3394 = CARTESIAN_POINT('',(-111.085,29.1175,-1.));
#3395 = LINE('',#3396,#3397);
#3396 = CARTESIAN_POINT('',(-111.085,29.1175,0.E+000));
#3397 = VECTOR('',#3398,1.);
#3398 = DIRECTION('',(0.E+000,0.E+000,-1.));
#3399 = ORIENTED_EDGE('',*,*,#3400,.T.);
#3400 = EDGE_CURVE('',#3393,#3393,#3401,.T.);
#3401 = CIRCLE('',#3402,0.45);
#3402 = AXIS2_PLACEMENT_3D('',#3403,#3404,#3405);
#3403 = CARTESIAN_POINT('',(-111.535,29.1175,-1.));
#3404 = DIRECTION('',(0.E+000,0.E+000,-1.));
#3405 = DIRECTION('',(1.,0.E+000,0.E+000));
#3406 = ORIENTED_EDGE('',*,*,#3390,.F.);
#3407 = ORIENTED_EDGE('',*,*,#3408,.F.);
#3408 = EDGE_CURVE('',#3391,#3391,#3409,.T.);
#3409 = CIRCLE('',#3410,0.45);
#3410 = AXIS2_PLACEMENT_3D('',#3411,#3412,#3413);
#3411 = CARTESIAN_POINT('',(-111.535,29.1175,0.E+000));
#3412 = DIRECTION('',(0.E+000,0.E+000,-1.));
#3413 = DIRECTION('',(1.,0.E+000,0.E+000));
#3414 = CYLINDRICAL_SURFACE('',#3415,0.45);
#3415 = AXIS2_PLACEMENT_3D('',#3416,#3417,#3418);
#3416 = CARTESIAN_POINT('',(-111.535,29.1175,0.E+000));
#3417 = DIRECTION('',(-0.E+000,-0.E+000,1.));
#3418 = DIRECTION('',(1.,0.E+000,0.E+000));
#3419 = ADVANCED_FACE('',(#3420),#3447,.F.);
#3420 = FACE_BOUND('',#3421,.T.);
#3421 = EDGE_LOOP('',(#3422,#3432,#3439,#3440));
#3422 = ORIENTED_EDGE('',*,*,#3423,.T.);
#3423 = EDGE_CURVE('',#3424,#3426,#3428,.T.);
#3424 = VERTEX_POINT('',#3425);
#3425 = CARTESIAN_POINT('',(-111.085,26.5775,0.E+000));
#3426 = VERTEX_POINT('',#3427);
#3427 = CARTESIAN_POINT('',(-111.085,26.5775,-1.));
#3428 = LINE('',#3429,#3430);
#3429 = CARTESIAN_POINT('',(-111.085,26.5775,0.E+000));
#3430 = VECTOR('',#3431,1.);
#3431 = DIRECTION('',(0.E+000,0.E+000,-1.));
#3432 = ORIENTED_EDGE('',*,*,#3433,.T.);
#3433 = EDGE_CURVE('',#3426,#3426,#3434,.T.);
#3434 = CIRCLE('',#3435,0.45);
#3435 = AXIS2_PLACEMENT_3D('',#3436,#3437,#3438);
#3436 = CARTESIAN_POINT('',(-111.535,26.5775,-1.));
#3437 = DIRECTION('',(0.E+000,0.E+000,-1.));
#3438 = DIRECTION('',(1.,0.E+000,0.E+000));
#3439 = ORIENTED_EDGE('',*,*,#3423,.F.);
#3440 = ORIENTED_EDGE('',*,*,#3441,.F.);
#3441 = EDGE_CURVE('',#3424,#3424,#3442,.T.);
#3442 = CIRCLE('',#3443,0.45);
#3443 = AXIS2_PLACEMENT_3D('',#3444,#3445,#3446);
#3444 = CARTESIAN_POINT('',(-111.535,26.5775,0.E+000));
#3445 = DIRECTION('',(0.E+000,0.E+000,-1.));
#3446 = DIRECTION('',(1.,0.E+000,0.E+000));
#3447 = CYLINDRICAL_SURFACE('',#3448,0.45);
#3448 = AXIS2_PLACEMENT_3D('',#3449,#3450,#3451);
#3449 = CARTESIAN_POINT('',(-111.535,26.5775,0.E+000));
#3450 = DIRECTION('',(-0.E+000,-0.E+000,1.));
#3451 = DIRECTION('',(1.,0.E+000,0.E+000));
#3452 = ADVANCED_FACE('',(#3453),#3480,.F.);
#3453 = FACE_BOUND('',#3454,.T.);
#3454 = EDGE_LOOP('',(#3455,#3465,#3472,#3473));
#3455 = ORIENTED_EDGE('',*,*,#3456,.T.);
#3456 = EDGE_CURVE('',#3457,#3459,#3461,.T.);
#3457 = VERTEX_POINT('',#3458);
#3458 = CARTESIAN_POINT('',(-111.085,24.0375,0.E+000));
#3459 = VERTEX_POINT('',#3460);
#3460 = CARTESIAN_POINT('',(-111.085,24.0375,-1.));
#3461 = LINE('',#3462,#3463);
#3462 = CARTESIAN_POINT('',(-111.085,24.0375,0.E+000));
#3463 = VECTOR('',#3464,1.);
#3464 = DIRECTION('',(0.E+000,0.E+000,-1.));
#3465 = ORIENTED_EDGE('',*,*,#3466,.T.);
#3466 = EDGE_CURVE('',#3459,#3459,#3467,.T.);
#3467 = CIRCLE('',#3468,0.45);
#3468 = AXIS2_PLACEMENT_3D('',#3469,#3470,#3471);
#3469 = CARTESIAN_POINT('',(-111.535,24.0375,-1.));
#3470 = DIRECTION('',(0.E+000,0.E+000,-1.));
#3471 = DIRECTION('',(1.,0.E+000,0.E+000));
#3472 = ORIENTED_EDGE('',*,*,#3456,.F.);
#3473 = ORIENTED_EDGE('',*,*,#3474,.F.);
#3474 = EDGE_CURVE('',#3457,#3457,#3475,.T.);
#3475 = CIRCLE('',#3476,0.45);
#3476 = AXIS2_PLACEMENT_3D('',#3477,#3478,#3479);
#3477 = CARTESIAN_POINT('',(-111.535,24.0375,0.E+000));
#3478 = DIRECTION('',(0.E+000,0.E+000,-1.));
#3479 = DIRECTION('',(1.,0.E+000,0.E+000));
#3480 = CYLINDRICAL_SURFACE('',#3481,0.45);
#3481 = AXIS2_PLACEMENT_3D('',#3482,#3483,#3484);
#3482 = CARTESIAN_POINT('',(-111.535,24.0375,0.E+000));
#3483 = DIRECTION('',(-0.E+000,-0.E+000,1.));
#3484 = DIRECTION('',(1.,0.E+000,0.E+000));
#3485 = ADVANCED_FACE('',(#3486),#3513,.F.);
#3486 = FACE_BOUND('',#3487,.T.);
#3487 = EDGE_LOOP('',(#3488,#3498,#3505,#3506));
#3488 = ORIENTED_EDGE('',*,*,#3489,.T.);
#3489 = EDGE_CURVE('',#3490,#3492,#3494,.T.);
#3490 = VERTEX_POINT('',#3491);
#3491 = CARTESIAN_POINT('',(-111.085,21.4975,0.E+000));
#3492 = VERTEX_POINT('',#3493);
#3493 = CARTESIAN_POINT('',(-111.085,21.4975,-1.));
#3494 = LINE('',#3495,#3496);
#3495 = CARTESIAN_POINT('',(-111.085,21.4975,0.E+000));
#3496 = VECTOR('',#3497,1.);
#3497 = DIRECTION('',(0.E+000,0.E+000,-1.));
#3498 = ORIENTED_EDGE('',*,*,#3499,.T.);
#3499 = EDGE_CURVE('',#3492,#3492,#3500,.T.);
#3500 = CIRCLE('',#3501,0.45);
#3501 = AXIS2_PLACEMENT_3D('',#3502,#3503,#3504);
#3502 = CARTESIAN_POINT('',(-111.535,21.4975,-1.));
#3503 = DIRECTION('',(0.E+000,0.E+000,-1.));
#3504 = DIRECTION('',(1.,0.E+000,0.E+000));
#3505 = ORIENTED_EDGE('',*,*,#3489,.F.);
#3506 = ORIENTED_EDGE('',*,*,#3507,.F.);
#3507 = EDGE_CURVE('',#3490,#3490,#3508,.T.);
#3508 = CIRCLE('',#3509,0.45);
#3509 = AXIS2_PLACEMENT_3D('',#3510,#3511,#3512);
#3510 = CARTESIAN_POINT('',(-111.535,21.4975,0.E+000));
#3511 = DIRECTION('',(0.E+000,0.E+000,-1.));
#3512 = DIRECTION('',(1.,0.E+000,0.E+000));
#3513 = CYLINDRICAL_SURFACE('',#3514,0.45);
#3514 = AXIS2_PLACEMENT_3D('',#3515,#3516,#3517);
#3515 = CARTESIAN_POINT('',(-111.535,21.4975,0.E+000));
#3516 = DIRECTION('',(-0.E+000,-0.E+000,1.));
#3517 = DIRECTION('',(1.,0.E+000,0.E+000));
#3518 = ADVANCED_FACE('',(#3519),#3546,.F.);
#3519 = FACE_BOUND('',#3520,.T.);
#3520 = EDGE_LOOP('',(#3521,#3531,#3538,#3539));
#3521 = ORIENTED_EDGE('',*,*,#3522,.T.);
#3522 = EDGE_CURVE('',#3523,#3525,#3527,.T.);
#3523 = VERTEX_POINT('',#3524);
#3524 = CARTESIAN_POINT('',(-70.2525,36.5125,0.E+000));
#3525 = VERTEX_POINT('',#3526);
#3526 = CARTESIAN_POINT('',(-70.2525,36.5125,-1.));
#3527 = LINE('',#3528,#3529);
#3528 = CARTESIAN_POINT('',(-70.2525,36.5125,0.E+000));
#3529 = VECTOR('',#3530,1.);
#3530 = DIRECTION('',(0.E+000,0.E+000,-1.));
#3531 = ORIENTED_EDGE('',*,*,#3532,.T.);
#3532 = EDGE_CURVE('',#3525,#3525,#3533,.T.);
#3533 = CIRCLE('',#3534,0.55);
#3534 = AXIS2_PLACEMENT_3D('',#3535,#3536,#3537);
#3535 = CARTESIAN_POINT('',(-70.8025,36.5125,-1.));
#3536 = DIRECTION('',(0.E+000,0.E+000,-1.));
#3537 = DIRECTION('',(1.,0.E+000,0.E+000));
#3538 = ORIENTED_EDGE('',*,*,#3522,.F.);
#3539 = ORIENTED_EDGE('',*,*,#3540,.F.);
#3540 = EDGE_CURVE('',#3523,#3523,#3541,.T.);
#3541 = CIRCLE('',#3542,0.55);
#3542 = AXIS2_PLACEMENT_3D('',#3543,#3544,#3545);
#3543 = CARTESIAN_POINT('',(-70.8025,36.5125,0.E+000));
#3544 = DIRECTION('',(0.E+000,0.E+000,-1.));
#3545 = DIRECTION('',(1.,0.E+000,0.E+000));
#3546 = CYLINDRICAL_SURFACE('',#3547,0.55);
#3547 = AXIS2_PLACEMENT_3D('',#3548,#3549,#3550);
#3548 = CARTESIAN_POINT('',(-70.8025,36.5125,0.E+000));
#3549 = DIRECTION('',(-0.E+000,-0.E+000,1.));
#3550 = DIRECTION('',(1.,0.E+000,0.E+000));
#3551 = ADVANCED_FACE('',(#3552),#3579,.F.);
#3552 = FACE_BOUND('',#3553,.T.);
#3553 = EDGE_LOOP('',(#3554,#3564,#3571,#3572));
#3554 = ORIENTED_EDGE('',*,*,#3555,.T.);
#3555 = EDGE_CURVE('',#3556,#3558,#3560,.T.);
#3556 = VERTEX_POINT('',#3557);
#3557 = CARTESIAN_POINT('',(-67.71246666666,36.5125,0.E+000));
#3558 = VERTEX_POINT('',#3559);
#3559 = CARTESIAN_POINT('',(-67.71246666666,36.5125,-1.));
#3560 = LINE('',#3561,#3562);
#3561 = CARTESIAN_POINT('',(-67.71246666666,36.5125,0.E+000));
#3562 = VECTOR('',#3563,1.);
#3563 = DIRECTION('',(0.E+000,0.E+000,-1.));
#3564 = ORIENTED_EDGE('',*,*,#3565,.T.);
#3565 = EDGE_CURVE('',#3558,#3558,#3566,.T.);
#3566 = CIRCLE('',#3567,0.55);
#3567 = AXIS2_PLACEMENT_3D('',#3568,#3569,#3570);
#3568 = CARTESIAN_POINT('',(-68.26246666666,36.5125,-1.));
#3569 = DIRECTION('',(0.E+000,0.E+000,-1.));
#3570 = DIRECTION('',(1.,0.E+000,0.E+000));
#3571 = ORIENTED_EDGE('',*,*,#3555,.F.);
#3572 = ORIENTED_EDGE('',*,*,#3573,.F.);
#3573 = EDGE_CURVE('',#3556,#3556,#3574,.T.);
#3574 = CIRCLE('',#3575,0.55);
#3575 = AXIS2_PLACEMENT_3D('',#3576,#3577,#3578);
#3576 = CARTESIAN_POINT('',(-68.26246666666,36.5125,0.E+000));
#3577 = DIRECTION('',(0.E+000,0.E+000,-1.));
#3578 = DIRECTION('',(1.,0.E+000,0.E+000));
#3579 = CYLINDRICAL_SURFACE('',#3580,0.55);
#3580 = AXIS2_PLACEMENT_3D('',#3581,#3582,#3583);
#3581 = CARTESIAN_POINT('',(-68.26246666666,36.5125,0.E+000));
#3582 = DIRECTION('',(-0.E+000,-0.E+000,1.));
#3583 = DIRECTION('',(1.,0.E+000,0.E+000));
#3584 = ADVANCED_FACE('',(#3585),#3612,.F.);
#3585 = FACE_BOUND('',#3586,.T.);
#3586 = EDGE_LOOP('',(#3587,#3597,#3604,#3605));
#3587 = ORIENTED_EDGE('',*,*,#3588,.T.);
#3588 = EDGE_CURVE('',#3589,#3591,#3593,.T.);
#3589 = VERTEX_POINT('',#3590);
#3590 = CARTESIAN_POINT('',(-65.1725,36.5125,0.E+000));
#3591 = VERTEX_POINT('',#3592);
#3592 = CARTESIAN_POINT('',(-65.1725,36.5125,-1.));
#3593 = LINE('',#3594,#3595);
#3594 = CARTESIAN_POINT('',(-65.1725,36.5125,0.E+000));
#3595 = VECTOR('',#3596,1.);
#3596 = DIRECTION('',(0.E+000,0.E+000,-1.));
#3597 = ORIENTED_EDGE('',*,*,#3598,.T.);
#3598 = EDGE_CURVE('',#3591,#3591,#3599,.T.);
#3599 = CIRCLE('',#3600,0.55);
#3600 = AXIS2_PLACEMENT_3D('',#3601,#3602,#3603);
#3601 = CARTESIAN_POINT('',(-65.7225,36.5125,-1.));
#3602 = DIRECTION('',(0.E+000,0.E+000,-1.));
#3603 = DIRECTION('',(1.,0.E+000,0.E+000));
#3604 = ORIENTED_EDGE('',*,*,#3588,.F.);
#3605 = ORIENTED_EDGE('',*,*,#3606,.F.);
#3606 = EDGE_CURVE('',#3589,#3589,#3607,.T.);
#3607 = CIRCLE('',#3608,0.55);
#3608 = AXIS2_PLACEMENT_3D('',#3609,#3610,#3611);
#3609 = CARTESIAN_POINT('',(-65.7225,36.5125,0.E+000));
#3610 = DIRECTION('',(0.E+000,0.E+000,-1.));
#3611 = DIRECTION('',(1.,0.E+000,0.E+000));
#3612 = CYLINDRICAL_SURFACE('',#3613,0.55);
#3613 = AXIS2_PLACEMENT_3D('',#3614,#3615,#3616);
#3614 = CARTESIAN_POINT('',(-65.7225,36.5125,0.E+000));
#3615 = DIRECTION('',(-0.E+000,-0.E+000,1.));
#3616 = DIRECTION('',(1.,0.E+000,0.E+000));
#3617 = ADVANCED_FACE('',(#3618),#3645,.F.);
#3618 = FACE_BOUND('',#3619,.T.);
#3619 = EDGE_LOOP('',(#3620,#3630,#3637,#3638));
#3620 = ORIENTED_EDGE('',*,*,#3621,.T.);
#3621 = EDGE_CURVE('',#3622,#3624,#3626,.T.);
#3622 = VERTEX_POINT('',#3623);
#3623 = CARTESIAN_POINT('',(-62.6325,36.5125,0.E+000));
#3624 = VERTEX_POINT('',#3625);
#3625 = CARTESIAN_POINT('',(-62.6325,36.5125,-1.));
#3626 = LINE('',#3627,#3628);
#3627 = CARTESIAN_POINT('',(-62.6325,36.5125,0.E+000));
#3628 = VECTOR('',#3629,1.);
#3629 = DIRECTION('',(0.E+000,0.E+000,-1.));
#3630 = ORIENTED_EDGE('',*,*,#3631,.T.);
#3631 = EDGE_CURVE('',#3624,#3624,#3632,.T.);
#3632 = CIRCLE('',#3633,0.55);
#3633 = AXIS2_PLACEMENT_3D('',#3634,#3635,#3636);
#3634 = CARTESIAN_POINT('',(-63.1825,36.5125,-1.));
#3635 = DIRECTION('',(0.E+000,0.E+000,-1.));
#3636 = DIRECTION('',(1.,0.E+000,0.E+000));
#3637 = ORIENTED_EDGE('',*,*,#3621,.F.);
#3638 = ORIENTED_EDGE('',*,*,#3639,.F.);
#3639 = EDGE_CURVE('',#3622,#3622,#3640,.T.);
#3640 = CIRCLE('',#3641,0.55);
#3641 = AXIS2_PLACEMENT_3D('',#3642,#3643,#3644);
#3642 = CARTESIAN_POINT('',(-63.1825,36.5125,0.E+000));
#3643 = DIRECTION('',(0.E+000,0.E+000,-1.));
#3644 = DIRECTION('',(1.,0.E+000,0.E+000));
#3645 = CYLINDRICAL_SURFACE('',#3646,0.55);
#3646 = AXIS2_PLACEMENT_3D('',#3647,#3648,#3649);
#3647 = CARTESIAN_POINT('',(-63.1825,36.5125,0.E+000));
#3648 = DIRECTION('',(-0.E+000,-0.E+000,1.));
#3649 = DIRECTION('',(1.,0.E+000,0.E+000));
#3650 = ADVANCED_FACE('',(#3651),#3678,.F.);
#3651 = FACE_BOUND('',#3652,.T.);
#3652 = EDGE_LOOP('',(#3653,#3663,#3670,#3671));
#3653 = ORIENTED_EDGE('',*,*,#3654,.T.);
#3654 = EDGE_CURVE('',#3655,#3657,#3659,.T.);
#3655 = VERTEX_POINT('',#3656);
#3656 = CARTESIAN_POINT('',(-60.09246666666,36.5125,0.E+000));
#3657 = VERTEX_POINT('',#3658);
#3658 = CARTESIAN_POINT('',(-60.09246666666,36.5125,-1.));
#3659 = LINE('',#3660,#3661);
#3660 = CARTESIAN_POINT('',(-60.09246666666,36.5125,0.E+000));
#3661 = VECTOR('',#3662,1.);
#3662 = DIRECTION('',(0.E+000,0.E+000,-1.));
#3663 = ORIENTED_EDGE('',*,*,#3664,.T.);
#3664 = EDGE_CURVE('',#3657,#3657,#3665,.T.);
#3665 = CIRCLE('',#3666,0.55);
#3666 = AXIS2_PLACEMENT_3D('',#3667,#3668,#3669);
#3667 = CARTESIAN_POINT('',(-60.64246666666,36.5125,-1.));
#3668 = DIRECTION('',(0.E+000,0.E+000,-1.));
#3669 = DIRECTION('',(1.,0.E+000,0.E+000));
#3670 = ORIENTED_EDGE('',*,*,#3654,.F.);
#3671 = ORIENTED_EDGE('',*,*,#3672,.F.);
#3672 = EDGE_CURVE('',#3655,#3655,#3673,.T.);
#3673 = CIRCLE('',#3674,0.55);
#3674 = AXIS2_PLACEMENT_3D('',#3675,#3676,#3677);
#3675 = CARTESIAN_POINT('',(-60.64246666666,36.5125,0.E+000));
#3676 = DIRECTION('',(0.E+000,0.E+000,-1.));
#3677 = DIRECTION('',(1.,0.E+000,0.E+000));
#3678 = CYLINDRICAL_SURFACE('',#3679,0.55);
#3679 = AXIS2_PLACEMENT_3D('',#3680,#3681,#3682);
#3680 = CARTESIAN_POINT('',(-60.64246666666,36.5125,0.E+000));
#3681 = DIRECTION('',(-0.E+000,-0.E+000,1.));
#3682 = DIRECTION('',(1.,0.E+000,0.E+000));
#3683 = ADVANCED_FACE('',(#3684),#3711,.F.);
#3684 = FACE_BOUND('',#3685,.T.);
#3685 = EDGE_LOOP('',(#3686,#3696,#3703,#3704));
#3686 = ORIENTED_EDGE('',*,*,#3687,.T.);
#3687 = EDGE_CURVE('',#3688,#3690,#3692,.T.);
#3688 = VERTEX_POINT('',#3689);
#3689 = CARTESIAN_POINT('',(-82.9525,-2.2225,0.E+000));
#3690 = VERTEX_POINT('',#3691);
#3691 = CARTESIAN_POINT('',(-82.9525,-2.2225,-1.));
#3692 = LINE('',#3693,#3694);
#3693 = CARTESIAN_POINT('',(-82.9525,-2.2225,0.E+000));
#3694 = VECTOR('',#3695,1.);
#3695 = DIRECTION('',(0.E+000,0.E+000,-1.));
#3696 = ORIENTED_EDGE('',*,*,#3697,.T.);
#3697 = EDGE_CURVE('',#3690,#3690,#3698,.T.);
#3698 = CIRCLE('',#3699,0.55);
#3699 = AXIS2_PLACEMENT_3D('',#3700,#3701,#3702);
#3700 = CARTESIAN_POINT('',(-83.5025,-2.2225,-1.));
#3701 = DIRECTION('',(0.E+000,0.E+000,-1.));
#3702 = DIRECTION('',(1.,0.E+000,0.E+000));
#3703 = ORIENTED_EDGE('',*,*,#3687,.F.);
#3704 = ORIENTED_EDGE('',*,*,#3705,.F.);
#3705 = EDGE_CURVE('',#3688,#3688,#3706,.T.);
#3706 = CIRCLE('',#3707,0.55);
#3707 = AXIS2_PLACEMENT_3D('',#3708,#3709,#3710);
#3708 = CARTESIAN_POINT('',(-83.5025,-2.2225,0.E+000));
#3709 = DIRECTION('',(0.E+000,0.E+000,-1.));
#3710 = DIRECTION('',(1.,0.E+000,0.E+000));
#3711 = CYLINDRICAL_SURFACE('',#3712,0.55);
#3712 = AXIS2_PLACEMENT_3D('',#3713,#3714,#3715);
#3713 = CARTESIAN_POINT('',(-83.5025,-2.2225,0.E+000));
#3714 = DIRECTION('',(-0.E+000,-0.E+000,1.));
#3715 = DIRECTION('',(1.,0.E+000,0.E+000));
#3716 = ADVANCED_FACE('',(#3717),#3744,.F.);
#3717 = FACE_BOUND('',#3718,.T.);
#3718 = EDGE_LOOP('',(#3719,#3729,#3736,#3737));
#3719 = ORIENTED_EDGE('',*,*,#3720,.T.);
#3720 = EDGE_CURVE('',#3721,#3723,#3725,.T.);
#3721 = VERTEX_POINT('',#3722);
#3722 = CARTESIAN_POINT('',(-80.41246666666,-2.2225,0.E+000));
#3723 = VERTEX_POINT('',#3724);
#3724 = CARTESIAN_POINT('',(-80.41246666666,-2.2225,-1.));
#3725 = LINE('',#3726,#3727);
#3726 = CARTESIAN_POINT('',(-80.41246666666,-2.2225,0.E+000));
#3727 = VECTOR('',#3728,1.);
#3728 = DIRECTION('',(0.E+000,0.E+000,-1.));
#3729 = ORIENTED_EDGE('',*,*,#3730,.T.);
#3730 = EDGE_CURVE('',#3723,#3723,#3731,.T.);
#3731 = CIRCLE('',#3732,0.55);
#3732 = AXIS2_PLACEMENT_3D('',#3733,#3734,#3735);
#3733 = CARTESIAN_POINT('',(-80.96246666666,-2.2225,-1.));
#3734 = DIRECTION('',(0.E+000,0.E+000,-1.));
#3735 = DIRECTION('',(1.,0.E+000,0.E+000));
#3736 = ORIENTED_EDGE('',*,*,#3720,.F.);
#3737 = ORIENTED_EDGE('',*,*,#3738,.F.);
#3738 = EDGE_CURVE('',#3721,#3721,#3739,.T.);
#3739 = CIRCLE('',#3740,0.55);
#3740 = AXIS2_PLACEMENT_3D('',#3741,#3742,#3743);
#3741 = CARTESIAN_POINT('',(-80.96246666666,-2.2225,0.E+000));
#3742 = DIRECTION('',(0.E+000,0.E+000,-1.));
#3743 = DIRECTION('',(1.,0.E+000,0.E+000));
#3744 = CYLINDRICAL_SURFACE('',#3745,0.55);
#3745 = AXIS2_PLACEMENT_3D('',#3746,#3747,#3748);
#3746 = CARTESIAN_POINT('',(-80.96246666666,-2.2225,0.E+000));
#3747 = DIRECTION('',(-0.E+000,-0.E+000,1.));
#3748 = DIRECTION('',(1.,0.E+000,0.E+000));
#3749 = ADVANCED_FACE('',(#3750),#3777,.F.);
#3750 = FACE_BOUND('',#3751,.T.);
#3751 = EDGE_LOOP('',(#3752,#3762,#3769,#3770));
#3752 = ORIENTED_EDGE('',*,*,#3753,.T.);
#3753 = EDGE_CURVE('',#3754,#3756,#3758,.T.);
#3754 = VERTEX_POINT('',#3755);
#3755 = CARTESIAN_POINT('',(-77.8725,-2.2225,0.E+000));
#3756 = VERTEX_POINT('',#3757);
#3757 = CARTESIAN_POINT('',(-77.8725,-2.2225,-1.));
#3758 = LINE('',#3759,#3760);
#3759 = CARTESIAN_POINT('',(-77.8725,-2.2225,0.E+000));
#3760 = VECTOR('',#3761,1.);
#3761 = DIRECTION('',(0.E+000,0.E+000,-1.));
#3762 = ORIENTED_EDGE('',*,*,#3763,.T.);
#3763 = EDGE_CURVE('',#3756,#3756,#3764,.T.);
#3764 = CIRCLE('',#3765,0.55);
#3765 = AXIS2_PLACEMENT_3D('',#3766,#3767,#3768);
#3766 = CARTESIAN_POINT('',(-78.4225,-2.2225,-1.));
#3767 = DIRECTION('',(0.E+000,0.E+000,-1.));
#3768 = DIRECTION('',(1.,0.E+000,0.E+000));
#3769 = ORIENTED_EDGE('',*,*,#3753,.F.);
#3770 = ORIENTED_EDGE('',*,*,#3771,.F.);
#3771 = EDGE_CURVE('',#3754,#3754,#3772,.T.);
#3772 = CIRCLE('',#3773,0.55);
#3773 = AXIS2_PLACEMENT_3D('',#3774,#3775,#3776);
#3774 = CARTESIAN_POINT('',(-78.4225,-2.2225,0.E+000));
#3775 = DIRECTION('',(0.E+000,0.E+000,-1.));
#3776 = DIRECTION('',(1.,0.E+000,0.E+000));
#3777 = CYLINDRICAL_SURFACE('',#3778,0.55);
#3778 = AXIS2_PLACEMENT_3D('',#3779,#3780,#3781);
#3779 = CARTESIAN_POINT('',(-78.4225,-2.2225,0.E+000));
#3780 = DIRECTION('',(-0.E+000,-0.E+000,1.));
#3781 = DIRECTION('',(1.,0.E+000,0.E+000));
#3782 = ADVANCED_FACE('',(#3783),#3810,.F.);
#3783 = FACE_BOUND('',#3784,.T.);
#3784 = EDGE_LOOP('',(#3785,#3795,#3802,#3803));
#3785 = ORIENTED_EDGE('',*,*,#3786,.T.);
#3786 = EDGE_CURVE('',#3787,#3789,#3791,.T.);
#3787 = VERTEX_POINT('',#3788);
#3788 = CARTESIAN_POINT('',(-75.3325,-2.2225,0.E+000));
#3789 = VERTEX_POINT('',#3790);
#3790 = CARTESIAN_POINT('',(-75.3325,-2.2225,-1.));
#3791 = LINE('',#3792,#3793);
#3792 = CARTESIAN_POINT('',(-75.3325,-2.2225,0.E+000));
#3793 = VECTOR('',#3794,1.);
#3794 = DIRECTION('',(0.E+000,0.E+000,-1.));
#3795 = ORIENTED_EDGE('',*,*,#3796,.T.);
#3796 = EDGE_CURVE('',#3789,#3789,#3797,.T.);
#3797 = CIRCLE('',#3798,0.55);
#3798 = AXIS2_PLACEMENT_3D('',#3799,#3800,#3801);
#3799 = CARTESIAN_POINT('',(-75.8825,-2.2225,-1.));
#3800 = DIRECTION('',(0.E+000,0.E+000,-1.));
#3801 = DIRECTION('',(1.,0.E+000,0.E+000));
#3802 = ORIENTED_EDGE('',*,*,#3786,.F.);
#3803 = ORIENTED_EDGE('',*,*,#3804,.F.);
#3804 = EDGE_CURVE('',#3787,#3787,#3805,.T.);
#3805 = CIRCLE('',#3806,0.55);
#3806 = AXIS2_PLACEMENT_3D('',#3807,#3808,#3809);
#3807 = CARTESIAN_POINT('',(-75.8825,-2.2225,0.E+000));
#3808 = DIRECTION('',(0.E+000,0.E+000,-1.));
#3809 = DIRECTION('',(1.,0.E+000,0.E+000));
#3810 = CYLINDRICAL_SURFACE('',#3811,0.55);
#3811 = AXIS2_PLACEMENT_3D('',#3812,#3813,#3814);
#3812 = CARTESIAN_POINT('',(-75.8825,-2.2225,0.E+000));
#3813 = DIRECTION('',(-0.E+000,-0.E+000,1.));
#3814 = DIRECTION('',(1.,0.E+000,0.E+000));
#3815 = ADVANCED_FACE('',(#3816),#3843,.F.);
#3816 = FACE_BOUND('',#3817,.T.);
#3817 = EDGE_LOOP('',(#3818,#3828,#3835,#3836));
#3818 = ORIENTED_EDGE('',*,*,#3819,.T.);
#3819 = EDGE_CURVE('',#3820,#3822,#3824,.T.);
#3820 = VERTEX_POINT('',#3821);
#3821 = CARTESIAN_POINT('',(-114.0675,0.9525,0.E+000));
#3822 = VERTEX_POINT('',#3823);
#3823 = CARTESIAN_POINT('',(-114.0675,0.9525,-1.));
#3824 = LINE('',#3825,#3826);
#3825 = CARTESIAN_POINT('',(-114.0675,0.9525,0.E+000));
#3826 = VECTOR('',#3827,1.);
#3827 = DIRECTION('',(0.E+000,0.E+000,-1.));
#3828 = ORIENTED_EDGE('',*,*,#3829,.T.);
#3829 = EDGE_CURVE('',#3822,#3822,#3830,.T.);
#3830 = CIRCLE('',#3831,0.55);
#3831 = AXIS2_PLACEMENT_3D('',#3832,#3833,#3834);
#3832 = CARTESIAN_POINT('',(-114.6175,0.9525,-1.));
#3833 = DIRECTION('',(0.E+000,0.E+000,-1.));
#3834 = DIRECTION('',(1.,0.E+000,0.E+000));
#3835 = ORIENTED_EDGE('',*,*,#3819,.F.);
#3836 = ORIENTED_EDGE('',*,*,#3837,.F.);
#3837 = EDGE_CURVE('',#3820,#3820,#3838,.T.);
#3838 = CIRCLE('',#3839,0.55);
#3839 = AXIS2_PLACEMENT_3D('',#3840,#3841,#3842);
#3840 = CARTESIAN_POINT('',(-114.6175,0.9525,0.E+000));
#3841 = DIRECTION('',(0.E+000,0.E+000,-1.));
#3842 = DIRECTION('',(1.,0.E+000,0.E+000));
#3843 = CYLINDRICAL_SURFACE('',#3844,0.55);
#3844 = AXIS2_PLACEMENT_3D('',#3845,#3846,#3847);
#3845 = CARTESIAN_POINT('',(-114.6175,0.9525,0.E+000));
#3846 = DIRECTION('',(-0.E+000,-0.E+000,1.));
#3847 = DIRECTION('',(1.,0.E+000,0.E+000));
#3848 = ADVANCED_FACE('',(#3849),#3876,.F.);
#3849 = FACE_BOUND('',#3850,.T.);
#3850 = EDGE_LOOP('',(#3851,#3861,#3868,#3869));
#3851 = ORIENTED_EDGE('',*,*,#3852,.T.);
#3852 = EDGE_CURVE('',#3853,#3855,#3857,.T.);
#3853 = VERTEX_POINT('',#3854);
#3854 = CARTESIAN_POINT('',(-114.0675,-1.5875,0.E+000));
#3855 = VERTEX_POINT('',#3856);
#3856 = CARTESIAN_POINT('',(-114.0675,-1.5875,-1.));
#3857 = LINE('',#3858,#3859);
#3858 = CARTESIAN_POINT('',(-114.0675,-1.5875,0.E+000));
#3859 = VECTOR('',#3860,1.);
#3860 = DIRECTION('',(0.E+000,0.E+000,-1.));
#3861 = ORIENTED_EDGE('',*,*,#3862,.T.);
#3862 = EDGE_CURVE('',#3855,#3855,#3863,.T.);
#3863 = CIRCLE('',#3864,0.55);
#3864 = AXIS2_PLACEMENT_3D('',#3865,#3866,#3867);
#3865 = CARTESIAN_POINT('',(-114.6175,-1.5875,-1.));
#3866 = DIRECTION('',(0.E+000,0.E+000,-1.));
#3867 = DIRECTION('',(1.,0.E+000,0.E+000));
#3868 = ORIENTED_EDGE('',*,*,#3852,.F.);
#3869 = ORIENTED_EDGE('',*,*,#3870,.F.);
#3870 = EDGE_CURVE('',#3853,#3853,#3871,.T.);
#3871 = CIRCLE('',#3872,0.55);
#3872 = AXIS2_PLACEMENT_3D('',#3873,#3874,#3875);
#3873 = CARTESIAN_POINT('',(-114.6175,-1.5875,0.E+000));
#3874 = DIRECTION('',(0.E+000,0.E+000,-1.));
#3875 = DIRECTION('',(1.,0.E+000,0.E+000));
#3876 = CYLINDRICAL_SURFACE('',#3877,0.55);
#3877 = AXIS2_PLACEMENT_3D('',#3878,#3879,#3880);
#3878 = CARTESIAN_POINT('',(-114.6175,-1.5875,0.E+000));
#3879 = DIRECTION('',(-0.E+000,-0.E+000,1.));
#3880 = DIRECTION('',(1.,0.E+000,0.E+000));
#3881 = ADVANCED_FACE('',(#3882),#3909,.F.);
#3882 = FACE_BOUND('',#3883,.T.);
#3883 = EDGE_LOOP('',(#3884,#3894,#3901,#3902));
#3884 = ORIENTED_EDGE('',*,*,#3885,.T.);
#3885 = EDGE_CURVE('',#3886,#3888,#3890,.T.);
#3886 = VERTEX_POINT('',#3887);
#3887 = CARTESIAN_POINT('',(-114.0675,-4.1275,0.E+000));
#3888 = VERTEX_POINT('',#3889);
#3889 = CARTESIAN_POINT('',(-114.0675,-4.1275,-1.));
#3890 = LINE('',#3891,#3892);
#3891 = CARTESIAN_POINT('',(-114.0675,-4.1275,0.E+000));
#3892 = VECTOR('',#3893,1.);
#3893 = DIRECTION('',(0.E+000,0.E+000,-1.));
#3894 = ORIENTED_EDGE('',*,*,#3895,.T.);
#3895 = EDGE_CURVE('',#3888,#3888,#3896,.T.);
#3896 = CIRCLE('',#3897,0.55);
#3897 = AXIS2_PLACEMENT_3D('',#3898,#3899,#3900);
#3898 = CARTESIAN_POINT('',(-114.6175,-4.1275,-1.));
#3899 = DIRECTION('',(0.E+000,0.E+000,-1.));
#3900 = DIRECTION('',(1.,0.E+000,0.E+000));
#3901 = ORIENTED_EDGE('',*,*,#3885,.F.);
#3902 = ORIENTED_EDGE('',*,*,#3903,.F.);
#3903 = EDGE_CURVE('',#3886,#3886,#3904,.T.);
#3904 = CIRCLE('',#3905,0.55);
#3905 = AXIS2_PLACEMENT_3D('',#3906,#3907,#3908);
#3906 = CARTESIAN_POINT('',(-114.6175,-4.1275,0.E+000));
#3907 = DIRECTION('',(0.E+000,0.E+000,-1.));
#3908 = DIRECTION('',(1.,0.E+000,0.E+000));
#3909 = CYLINDRICAL_SURFACE('',#3910,0.55);
#3910 = AXIS2_PLACEMENT_3D('',#3911,#3912,#3913);
#3911 = CARTESIAN_POINT('',(-114.6175,-4.1275,0.E+000));
#3912 = DIRECTION('',(-0.E+000,-0.E+000,1.));
#3913 = DIRECTION('',(1.,0.E+000,0.E+000));
#3914 = ADVANCED_FACE('',(#3915),#3942,.F.);
#3915 = FACE_BOUND('',#3916,.T.);
#3916 = EDGE_LOOP('',(#3917,#3927,#3934,#3935));
#3917 = ORIENTED_EDGE('',*,*,#3918,.T.);
#3918 = EDGE_CURVE('',#3919,#3921,#3923,.T.);
#3919 = VERTEX_POINT('',#3920);
#3920 = CARTESIAN_POINT('',(-114.0675,-6.6675,0.E+000));
#3921 = VERTEX_POINT('',#3922);
#3922 = CARTESIAN_POINT('',(-114.0675,-6.6675,-1.));
#3923 = LINE('',#3924,#3925);
#3924 = CARTESIAN_POINT('',(-114.0675,-6.6675,0.E+000));
#3925 = VECTOR('',#3926,1.);
#3926 = DIRECTION('',(0.E+000,0.E+000,-1.));
#3927 = ORIENTED_EDGE('',*,*,#3928,.T.);
#3928 = EDGE_CURVE('',#3921,#3921,#3929,.T.);
#3929 = CIRCLE('',#3930,0.55);
#3930 = AXIS2_PLACEMENT_3D('',#3931,#3932,#3933);
#3931 = CARTESIAN_POINT('',(-114.6175,-6.6675,-1.));
#3932 = DIRECTION('',(0.E+000,0.E+000,-1.));
#3933 = DIRECTION('',(1.,0.E+000,0.E+000));
#3934 = ORIENTED_EDGE('',*,*,#3918,.F.);
#3935 = ORIENTED_EDGE('',*,*,#3936,.F.);
#3936 = EDGE_CURVE('',#3919,#3919,#3937,.T.);
#3937 = CIRCLE('',#3938,0.55);
#3938 = AXIS2_PLACEMENT_3D('',#3939,#3940,#3941);
#3939 = CARTESIAN_POINT('',(-114.6175,-6.6675,0.E+000));
#3940 = DIRECTION('',(0.E+000,0.E+000,-1.));
#3941 = DIRECTION('',(1.,0.E+000,0.E+000));
#3942 = CYLINDRICAL_SURFACE('',#3943,0.55);
#3943 = AXIS2_PLACEMENT_3D('',#3944,#3945,#3946);
#3944 = CARTESIAN_POINT('',(-114.6175,-6.6675,0.E+000));
#3945 = DIRECTION('',(-0.E+000,-0.E+000,1.));
#3946 = DIRECTION('',(1.,0.E+000,0.E+000));
#3947 = ADVANCED_FACE('',(#3948),#3975,.F.);
#3948 = FACE_BOUND('',#3949,.T.);
#3949 = EDGE_LOOP('',(#3950,#3960,#3967,#3968));
#3950 = ORIENTED_EDGE('',*,*,#3951,.T.);
#3951 = EDGE_CURVE('',#3952,#3954,#3956,.T.);
#3952 = VERTEX_POINT('',#3953);
#3953 = CARTESIAN_POINT('',(-114.0675,-9.2075,0.E+000));
#3954 = VERTEX_POINT('',#3955);
#3955 = CARTESIAN_POINT('',(-114.0675,-9.2075,-1.));
#3956 = LINE('',#3957,#3958);
#3957 = CARTESIAN_POINT('',(-114.0675,-9.2075,0.E+000));
#3958 = VECTOR('',#3959,1.);
#3959 = DIRECTION('',(0.E+000,0.E+000,-1.));
#3960 = ORIENTED_EDGE('',*,*,#3961,.T.);
#3961 = EDGE_CURVE('',#3954,#3954,#3962,.T.);
#3962 = CIRCLE('',#3963,0.55);
#3963 = AXIS2_PLACEMENT_3D('',#3964,#3965,#3966);
#3964 = CARTESIAN_POINT('',(-114.6175,-9.2075,-1.));
#3965 = DIRECTION('',(0.E+000,0.E+000,-1.));
#3966 = DIRECTION('',(1.,0.E+000,0.E+000));
#3967 = ORIENTED_EDGE('',*,*,#3951,.F.);
#3968 = ORIENTED_EDGE('',*,*,#3969,.F.);
#3969 = EDGE_CURVE('',#3952,#3952,#3970,.T.);
#3970 = CIRCLE('',#3971,0.55);
#3971 = AXIS2_PLACEMENT_3D('',#3972,#3973,#3974);
#3972 = CARTESIAN_POINT('',(-114.6175,-9.2075,0.E+000));
#3973 = DIRECTION('',(0.E+000,0.E+000,-1.));
#3974 = DIRECTION('',(1.,0.E+000,0.E+000));
#3975 = CYLINDRICAL_SURFACE('',#3976,0.55);
#3976 = AXIS2_PLACEMENT_3D('',#3977,#3978,#3979);
#3977 = CARTESIAN_POINT('',(-114.6175,-9.2075,0.E+000));
#3978 = DIRECTION('',(-0.E+000,-0.E+000,1.));
#3979 = DIRECTION('',(1.,0.E+000,0.E+000));
#3980 = ADVANCED_FACE('',(#3981),#4008,.F.);
#3981 = FACE_BOUND('',#3982,.T.);
#3982 = EDGE_LOOP('',(#3983,#3993,#4000,#4001));
#3983 = ORIENTED_EDGE('',*,*,#3984,.T.);
#3984 = EDGE_CURVE('',#3985,#3987,#3989,.T.);
#3985 = VERTEX_POINT('',#3986);
#3986 = CARTESIAN_POINT('',(-114.0675,-11.7475,0.E+000));
#3987 = VERTEX_POINT('',#3988);
#3988 = CARTESIAN_POINT('',(-114.0675,-11.7475,-1.));
#3989 = LINE('',#3990,#3991);
#3990 = CARTESIAN_POINT('',(-114.0675,-11.7475,0.E+000));
#3991 = VECTOR('',#3992,1.);
#3992 = DIRECTION('',(0.E+000,0.E+000,-1.));
#3993 = ORIENTED_EDGE('',*,*,#3994,.T.);
#3994 = EDGE_CURVE('',#3987,#3987,#3995,.T.);
#3995 = CIRCLE('',#3996,0.55);
#3996 = AXIS2_PLACEMENT_3D('',#3997,#3998,#3999);
#3997 = CARTESIAN_POINT('',(-114.6175,-11.7475,-1.));
#3998 = DIRECTION('',(0.E+000,0.E+000,-1.));
#3999 = DIRECTION('',(1.,0.E+000,0.E+000));
#4000 = ORIENTED_EDGE('',*,*,#3984,.F.);
#4001 = ORIENTED_EDGE('',*,*,#4002,.F.);
#4002 = EDGE_CURVE('',#3985,#3985,#4003,.T.);
#4003 = CIRCLE('',#4004,0.55);
#4004 = AXIS2_PLACEMENT_3D('',#4005,#4006,#4007);
#4005 = CARTESIAN_POINT('',(-114.6175,-11.7475,0.E+000));
#4006 = DIRECTION('',(0.E+000,0.E+000,-1.));
#4007 = DIRECTION('',(1.,0.E+000,0.E+000));
#4008 = CYLINDRICAL_SURFACE('',#4009,0.55);
#4009 = AXIS2_PLACEMENT_3D('',#4010,#4011,#4012);
#4010 = CARTESIAN_POINT('',(-114.6175,-11.7475,0.E+000));
#4011 = DIRECTION('',(-0.E+000,-0.E+000,1.));
#4012 = DIRECTION('',(1.,0.E+000,0.E+000));
#4013 = ADVANCED_FACE('',(#4014),#4041,.F.);
#4014 = FACE_BOUND('',#4015,.T.);
#4015 = EDGE_LOOP('',(#4016,#4026,#4033,#4034));
#4016 = ORIENTED_EDGE('',*,*,#4017,.T.);
#4017 = EDGE_CURVE('',#4018,#4020,#4022,.T.);
#4018 = VERTEX_POINT('',#4019);
#4019 = CARTESIAN_POINT('',(-40.725,2.8575,0.E+000));
#4020 = VERTEX_POINT('',#4021);
#4021 = CARTESIAN_POINT('',(-40.725,2.8575,-1.));
#4022 = LINE('',#4023,#4024);
#4023 = CARTESIAN_POINT('',(-40.725,2.8575,0.E+000));
#4024 = VECTOR('',#4025,1.);
#4025 = DIRECTION('',(0.E+000,0.E+000,-1.));
#4026 = ORIENTED_EDGE('',*,*,#4027,.T.);
#4027 = EDGE_CURVE('',#4020,#4020,#4028,.T.);
#4028 = CIRCLE('',#4029,0.55);
#4029 = AXIS2_PLACEMENT_3D('',#4030,#4031,#4032);
#4030 = CARTESIAN_POINT('',(-41.275,2.8575,-1.));
#4031 = DIRECTION('',(0.E+000,0.E+000,-1.));
#4032 = DIRECTION('',(1.,0.E+000,0.E+000));
#4033 = ORIENTED_EDGE('',*,*,#4017,.F.);
#4034 = ORIENTED_EDGE('',*,*,#4035,.F.);
#4035 = EDGE_CURVE('',#4018,#4018,#4036,.T.);
#4036 = CIRCLE('',#4037,0.55);
#4037 = AXIS2_PLACEMENT_3D('',#4038,#4039,#4040);
#4038 = CARTESIAN_POINT('',(-41.275,2.8575,0.E+000));
#4039 = DIRECTION('',(0.E+000,0.E+000,-1.));
#4040 = DIRECTION('',(1.,0.E+000,0.E+000));
#4041 = CYLINDRICAL_SURFACE('',#4042,0.55);
#4042 = AXIS2_PLACEMENT_3D('',#4043,#4044,#4045);
#4043 = CARTESIAN_POINT('',(-41.275,2.8575,0.E+000));
#4044 = DIRECTION('',(-0.E+000,-0.E+000,1.));
#4045 = DIRECTION('',(1.,0.E+000,0.E+000));
#4046 = ADVANCED_FACE('',(#4047),#4074,.F.);
#4047 = FACE_BOUND('',#4048,.T.);
#4048 = EDGE_LOOP('',(#4049,#4059,#4066,#4067));
#4049 = ORIENTED_EDGE('',*,*,#4050,.T.);
#4050 = EDGE_CURVE('',#4051,#4053,#4055,.T.);
#4051 = VERTEX_POINT('',#4052);
#4052 = CARTESIAN_POINT('',(-40.725,0.3175,0.E+000));
#4053 = VERTEX_POINT('',#4054);
#4054 = CARTESIAN_POINT('',(-40.725,0.3175,-1.));
#4055 = LINE('',#4056,#4057);
#4056 = CARTESIAN_POINT('',(-40.725,0.3175,0.E+000));
#4057 = VECTOR('',#4058,1.);
#4058 = DIRECTION('',(0.E+000,0.E+000,-1.));
#4059 = ORIENTED_EDGE('',*,*,#4060,.T.);
#4060 = EDGE_CURVE('',#4053,#4053,#4061,.T.);
#4061 = CIRCLE('',#4062,0.55);
#4062 = AXIS2_PLACEMENT_3D('',#4063,#4064,#4065);
#4063 = CARTESIAN_POINT('',(-41.275,0.3175,-1.));
#4064 = DIRECTION('',(0.E+000,0.E+000,-1.));
#4065 = DIRECTION('',(1.,0.E+000,0.E+000));
#4066 = ORIENTED_EDGE('',*,*,#4050,.F.);
#4067 = ORIENTED_EDGE('',*,*,#4068,.F.);
#4068 = EDGE_CURVE('',#4051,#4051,#4069,.T.);
#4069 = CIRCLE('',#4070,0.55);
#4070 = AXIS2_PLACEMENT_3D('',#4071,#4072,#4073);
#4071 = CARTESIAN_POINT('',(-41.275,0.3175,0.E+000));
#4072 = DIRECTION('',(0.E+000,0.E+000,-1.));
#4073 = DIRECTION('',(1.,0.E+000,0.E+000));
#4074 = CYLINDRICAL_SURFACE('',#4075,0.55);
#4075 = AXIS2_PLACEMENT_3D('',#4076,#4077,#4078);
#4076 = CARTESIAN_POINT('',(-41.275,0.3175,0.E+000));
#4077 = DIRECTION('',(-0.E+000,-0.E+000,1.));
#4078 = DIRECTION('',(1.,0.E+000,0.E+000));
#4079 = ADVANCED_FACE('',(#4080),#4107,.F.);
#4080 = FACE_BOUND('',#4081,.T.);
#4081 = EDGE_LOOP('',(#4082,#4092,#4099,#4100));
#4082 = ORIENTED_EDGE('',*,*,#4083,.T.);
#4083 = EDGE_CURVE('',#4084,#4086,#4088,.T.);
#4084 = VERTEX_POINT('',#4085);
#4085 = CARTESIAN_POINT('',(-40.725,-2.2225,0.E+000));
#4086 = VERTEX_POINT('',#4087);
#4087 = CARTESIAN_POINT('',(-40.725,-2.2225,-1.));
#4088 = LINE('',#4089,#4090);
#4089 = CARTESIAN_POINT('',(-40.725,-2.2225,0.E+000));
#4090 = VECTOR('',#4091,1.);
#4091 = DIRECTION('',(0.E+000,0.E+000,-1.));
#4092 = ORIENTED_EDGE('',*,*,#4093,.T.);
#4093 = EDGE_CURVE('',#4086,#4086,#4094,.T.);
#4094 = CIRCLE('',#4095,0.55);
#4095 = AXIS2_PLACEMENT_3D('',#4096,#4097,#4098);
#4096 = CARTESIAN_POINT('',(-41.275,-2.2225,-1.));
#4097 = DIRECTION('',(0.E+000,0.E+000,-1.));
#4098 = DIRECTION('',(1.,0.E+000,0.E+000));
#4099 = ORIENTED_EDGE('',*,*,#4083,.F.);
#4100 = ORIENTED_EDGE('',*,*,#4101,.F.);
#4101 = EDGE_CURVE('',#4084,#4084,#4102,.T.);
#4102 = CIRCLE('',#4103,0.55);
#4103 = AXIS2_PLACEMENT_3D('',#4104,#4105,#4106);
#4104 = CARTESIAN_POINT('',(-41.275,-2.2225,0.E+000));
#4105 = DIRECTION('',(0.E+000,0.E+000,-1.));
#4106 = DIRECTION('',(1.,0.E+000,0.E+000));
#4107 = CYLINDRICAL_SURFACE('',#4108,0.55);
#4108 = AXIS2_PLACEMENT_3D('',#4109,#4110,#4111);
#4109 = CARTESIAN_POINT('',(-41.275,-2.2225,0.E+000));
#4110 = DIRECTION('',(-0.E+000,-0.E+000,1.));
#4111 = DIRECTION('',(1.,0.E+000,0.E+000));
#4112 = ADVANCED_FACE('',(#4113),#4140,.F.);
#4113 = FACE_BOUND('',#4114,.T.);
#4114 = EDGE_LOOP('',(#4115,#4125,#4132,#4133));
#4115 = ORIENTED_EDGE('',*,*,#4116,.T.);
#4116 = EDGE_CURVE('',#4117,#4119,#4121,.T.);
#4117 = VERTEX_POINT('',#4118);
#4118 = CARTESIAN_POINT('',(-40.725,-4.7625,0.E+000));
#4119 = VERTEX_POINT('',#4120);
#4120 = CARTESIAN_POINT('',(-40.725,-4.7625,-1.));
#4121 = LINE('',#4122,#4123);
#4122 = CARTESIAN_POINT('',(-40.725,-4.7625,0.E+000));
#4123 = VECTOR('',#4124,1.);
#4124 = DIRECTION('',(0.E+000,0.E+000,-1.));
#4125 = ORIENTED_EDGE('',*,*,#4126,.T.);
#4126 = EDGE_CURVE('',#4119,#4119,#4127,.T.);
#4127 = CIRCLE('',#4128,0.55);
#4128 = AXIS2_PLACEMENT_3D('',#4129,#4130,#4131);
#4129 = CARTESIAN_POINT('',(-41.275,-4.7625,-1.));
#4130 = DIRECTION('',(0.E+000,0.E+000,-1.));
#4131 = DIRECTION('',(1.,0.E+000,0.E+000));
#4132 = ORIENTED_EDGE('',*,*,#4116,.F.);
#4133 = ORIENTED_EDGE('',*,*,#4134,.F.);
#4134 = EDGE_CURVE('',#4117,#4117,#4135,.T.);
#4135 = CIRCLE('',#4136,0.55);
#4136 = AXIS2_PLACEMENT_3D('',#4137,#4138,#4139);
#4137 = CARTESIAN_POINT('',(-41.275,-4.7625,0.E+000));
#4138 = DIRECTION('',(0.E+000,0.E+000,-1.));
#4139 = DIRECTION('',(1.,0.E+000,0.E+000));
#4140 = CYLINDRICAL_SURFACE('',#4141,0.55);
#4141 = AXIS2_PLACEMENT_3D('',#4142,#4143,#4144);
#4142 = CARTESIAN_POINT('',(-41.275,-4.7625,0.E+000));
#4143 = DIRECTION('',(-0.E+000,-0.E+000,1.));
#4144 = DIRECTION('',(1.,0.E+000,0.E+000));
#4145 = ADVANCED_FACE('',(#4146),#4173,.F.);
#4146 = FACE_BOUND('',#4147,.T.);
#4147 = EDGE_LOOP('',(#4148,#4158,#4165,#4166));
#4148 = ORIENTED_EDGE('',*,*,#4149,.T.);
#4149 = EDGE_CURVE('',#4150,#4152,#4154,.T.);
#4150 = VERTEX_POINT('',#4151);
#4151 = CARTESIAN_POINT('',(-40.725,-7.3025,0.E+000));
#4152 = VERTEX_POINT('',#4153);
#4153 = CARTESIAN_POINT('',(-40.725,-7.3025,-1.));
#4154 = LINE('',#4155,#4156);
#4155 = CARTESIAN_POINT('',(-40.725,-7.3025,0.E+000));
#4156 = VECTOR('',#4157,1.);
#4157 = DIRECTION('',(0.E+000,0.E+000,-1.));
#4158 = ORIENTED_EDGE('',*,*,#4159,.T.);
#4159 = EDGE_CURVE('',#4152,#4152,#4160,.T.);
#4160 = CIRCLE('',#4161,0.55);
#4161 = AXIS2_PLACEMENT_3D('',#4162,#4163,#4164);
#4162 = CARTESIAN_POINT('',(-41.275,-7.3025,-1.));
#4163 = DIRECTION('',(0.E+000,0.E+000,-1.));
#4164 = DIRECTION('',(1.,0.E+000,0.E+000));
#4165 = ORIENTED_EDGE('',*,*,#4149,.F.);
#4166 = ORIENTED_EDGE('',*,*,#4167,.F.);
#4167 = EDGE_CURVE('',#4150,#4150,#4168,.T.);
#4168 = CIRCLE('',#4169,0.55);
#4169 = AXIS2_PLACEMENT_3D('',#4170,#4171,#4172);
#4170 = CARTESIAN_POINT('',(-41.275,-7.3025,0.E+000));
#4171 = DIRECTION('',(0.E+000,0.E+000,-1.));
#4172 = DIRECTION('',(1.,0.E+000,0.E+000));
#4173 = CYLINDRICAL_SURFACE('',#4174,0.55);
#4174 = AXIS2_PLACEMENT_3D('',#4175,#4176,#4177);
#4175 = CARTESIAN_POINT('',(-41.275,-7.3025,0.E+000));
#4176 = DIRECTION('',(-0.E+000,-0.E+000,1.));
#4177 = DIRECTION('',(1.,0.E+000,0.E+000));
#4178 = ADVANCED_FACE('',(#4179),#4206,.F.);
#4179 = FACE_BOUND('',#4180,.T.);
#4180 = EDGE_LOOP('',(#4181,#4191,#4198,#4199));
#4181 = ORIENTED_EDGE('',*,*,#4182,.T.);
#4182 = EDGE_CURVE('',#4183,#4185,#4187,.T.);
#4183 = VERTEX_POINT('',#4184);
#4184 = CARTESIAN_POINT('',(-40.725,-9.8425,0.E+000));
#4185 = VERTEX_POINT('',#4186);
#4186 = CARTESIAN_POINT('',(-40.725,-9.8425,-1.));
#4187 = LINE('',#4188,#4189);
#4188 = CARTESIAN_POINT('',(-40.725,-9.8425,0.E+000));
#4189 = VECTOR('',#4190,1.);
#4190 = DIRECTION('',(0.E+000,0.E+000,-1.));
#4191 = ORIENTED_EDGE('',*,*,#4192,.T.);
#4192 = EDGE_CURVE('',#4185,#4185,#4193,.T.);
#4193 = CIRCLE('',#4194,0.55);
#4194 = AXIS2_PLACEMENT_3D('',#4195,#4196,#4197);
#4195 = CARTESIAN_POINT('',(-41.275,-9.8425,-1.));
#4196 = DIRECTION('',(0.E+000,0.E+000,-1.));
#4197 = DIRECTION('',(1.,0.E+000,0.E+000));
#4198 = ORIENTED_EDGE('',*,*,#4182,.F.);
#4199 = ORIENTED_EDGE('',*,*,#4200,.F.);
#4200 = EDGE_CURVE('',#4183,#4183,#4201,.T.);
#4201 = CIRCLE('',#4202,0.55);
#4202 = AXIS2_PLACEMENT_3D('',#4203,#4204,#4205);
#4203 = CARTESIAN_POINT('',(-41.275,-9.8425,0.E+000));
#4204 = DIRECTION('',(0.E+000,0.E+000,-1.));
#4205 = DIRECTION('',(1.,0.E+000,0.E+000));
#4206 = CYLINDRICAL_SURFACE('',#4207,0.55);
#4207 = AXIS2_PLACEMENT_3D('',#4208,#4209,#4210);
#4208 = CARTESIAN_POINT('',(-41.275,-9.8425,0.E+000));
#4209 = DIRECTION('',(-0.E+000,-0.E+000,1.));
#4210 = DIRECTION('',(1.,0.E+000,0.E+000));
#4211 = ADVANCED_FACE('',(#4212),#4239,.F.);
#4212 = FACE_BOUND('',#4213,.T.);
#4213 = EDGE_LOOP('',(#4214,#4224,#4231,#4232));
#4214 = ORIENTED_EDGE('',*,*,#4215,.T.);
#4215 = EDGE_CURVE('',#4216,#4218,#4220,.T.);
#4216 = VERTEX_POINT('',#4217);
#4217 = CARTESIAN_POINT('',(-74.5625,-14.6975,0.E+000));
#4218 = VERTEX_POINT('',#4219);
#4219 = CARTESIAN_POINT('',(-74.5625,-14.6975,-1.));
#4220 = LINE('',#4221,#4222);
#4221 = CARTESIAN_POINT('',(-74.5625,-14.6975,0.E+000));
#4222 = VECTOR('',#4223,1.);
#4223 = DIRECTION('',(0.E+000,0.E+000,-1.));
#4224 = ORIENTED_EDGE('',*,*,#4225,.T.);
#4225 = EDGE_CURVE('',#4218,#4218,#4226,.T.);
#4226 = CIRCLE('',#4227,0.46);
#4227 = AXIS2_PLACEMENT_3D('',#4228,#4229,#4230);
#4228 = CARTESIAN_POINT('',(-75.0225,-14.6975,-1.));
#4229 = DIRECTION('',(0.E+000,0.E+000,-1.));
#4230 = DIRECTION('',(1.,0.E+000,0.E+000));
#4231 = ORIENTED_EDGE('',*,*,#4215,.F.);
#4232 = ORIENTED_EDGE('',*,*,#4233,.F.);
#4233 = EDGE_CURVE('',#4216,#4216,#4234,.T.);
#4234 = CIRCLE('',#4235,0.46);
#4235 = AXIS2_PLACEMENT_3D('',#4236,#4237,#4238);
#4236 = CARTESIAN_POINT('',(-75.0225,-14.6975,0.E+000));
#4237 = DIRECTION('',(0.E+000,0.E+000,-1.));
#4238 = DIRECTION('',(1.,0.E+000,0.E+000));
#4239 = CYLINDRICAL_SURFACE('',#4240,0.46);
#4240 = AXIS2_PLACEMENT_3D('',#4241,#4242,#4243);
#4241 = CARTESIAN_POINT('',(-75.0225,-14.6975,0.E+000));
#4242 = DIRECTION('',(-0.E+000,-0.E+000,1.));
#4243 = DIRECTION('',(1.,0.E+000,0.E+000));
#4244 = ADVANCED_FACE('',(#4245),#4272,.F.);
#4245 = FACE_BOUND('',#4246,.T.);
#4246 = EDGE_LOOP('',(#4247,#4257,#4264,#4265));
#4247 = ORIENTED_EDGE('',*,*,#4248,.T.);
#4248 = EDGE_CURVE('',#4249,#4251,#4253,.T.);
#4249 = VERTEX_POINT('',#4250);
#4250 = CARTESIAN_POINT('',(-77.0625,-14.6975,0.E+000));
#4251 = VERTEX_POINT('',#4252);
#4252 = CARTESIAN_POINT('',(-77.0625,-14.6975,-1.));
#4253 = LINE('',#4254,#4255);
#4254 = CARTESIAN_POINT('',(-77.0625,-14.6975,0.E+000));
#4255 = VECTOR('',#4256,1.);
#4256 = DIRECTION('',(0.E+000,0.E+000,-1.));
#4257 = ORIENTED_EDGE('',*,*,#4258,.T.);
#4258 = EDGE_CURVE('',#4251,#4251,#4259,.T.);
#4259 = CIRCLE('',#4260,0.46);
#4260 = AXIS2_PLACEMENT_3D('',#4261,#4262,#4263);
#4261 = CARTESIAN_POINT('',(-77.5225,-14.6975,-1.));
#4262 = DIRECTION('',(0.E+000,0.E+000,-1.));
#4263 = DIRECTION('',(1.,0.E+000,0.E+000));
#4264 = ORIENTED_EDGE('',*,*,#4248,.F.);
#4265 = ORIENTED_EDGE('',*,*,#4266,.F.);
#4266 = EDGE_CURVE('',#4249,#4249,#4267,.T.);
#4267 = CIRCLE('',#4268,0.46);
#4268 = AXIS2_PLACEMENT_3D('',#4269,#4270,#4271);
#4269 = CARTESIAN_POINT('',(-77.5225,-14.6975,0.E+000));
#4270 = DIRECTION('',(0.E+000,0.E+000,-1.));
#4271 = DIRECTION('',(1.,0.E+000,0.E+000));
#4272 = CYLINDRICAL_SURFACE('',#4273,0.46);
#4273 = AXIS2_PLACEMENT_3D('',#4274,#4275,#4276);
#4274 = CARTESIAN_POINT('',(-77.5225,-14.6975,0.E+000));
#4275 = DIRECTION('',(-0.E+000,-0.E+000,1.));
#4276 = DIRECTION('',(1.,0.E+000,0.E+000));
#4277 = ADVANCED_FACE('',(#4278),#4305,.F.);
#4278 = FACE_BOUND('',#4279,.T.);
#4279 = EDGE_LOOP('',(#4280,#4290,#4297,#4298));
#4280 = ORIENTED_EDGE('',*,*,#4281,.T.);
#4281 = EDGE_CURVE('',#4282,#4284,#4286,.T.);
#4282 = VERTEX_POINT('',#4283);
#4283 = CARTESIAN_POINT('',(-77.0625,-16.6975,0.E+000));
#4284 = VERTEX_POINT('',#4285);
#4285 = CARTESIAN_POINT('',(-77.0625,-16.6975,-1.));
#4286 = LINE('',#4287,#4288);
#4287 = CARTESIAN_POINT('',(-77.0625,-16.6975,0.E+000));
#4288 = VECTOR('',#4289,1.);
#4289 = DIRECTION('',(0.E+000,0.E+000,-1.));
#4290 = ORIENTED_EDGE('',*,*,#4291,.T.);
#4291 = EDGE_CURVE('',#4284,#4284,#4292,.T.);
#4292 = CIRCLE('',#4293,0.46);
#4293 = AXIS2_PLACEMENT_3D('',#4294,#4295,#4296);
#4294 = CARTESIAN_POINT('',(-77.5225,-16.6975,-1.));
#4295 = DIRECTION('',(0.E+000,0.E+000,-1.));
#4296 = DIRECTION('',(1.,0.E+000,0.E+000));
#4297 = ORIENTED_EDGE('',*,*,#4281,.F.);
#4298 = ORIENTED_EDGE('',*,*,#4299,.F.);
#4299 = EDGE_CURVE('',#4282,#4282,#4300,.T.);
#4300 = CIRCLE('',#4301,0.46);
#4301 = AXIS2_PLACEMENT_3D('',#4302,#4303,#4304);
#4302 = CARTESIAN_POINT('',(-77.5225,-16.6975,0.E+000));
#4303 = DIRECTION('',(0.E+000,0.E+000,-1.));
#4304 = DIRECTION('',(1.,0.E+000,0.E+000));
#4305 = CYLINDRICAL_SURFACE('',#4306,0.46);
#4306 = AXIS2_PLACEMENT_3D('',#4307,#4308,#4309);
#4307 = CARTESIAN_POINT('',(-77.5225,-16.6975,0.E+000));
#4308 = DIRECTION('',(-0.E+000,-0.E+000,1.));
#4309 = DIRECTION('',(1.,0.E+000,0.E+000));
#4310 = ADVANCED_FACE('',(#4311),#4338,.F.);
#4311 = FACE_BOUND('',#4312,.T.);
#4312 = EDGE_LOOP('',(#4313,#4323,#4330,#4331));
#4313 = ORIENTED_EDGE('',*,*,#4314,.T.);
#4314 = EDGE_CURVE('',#4315,#4317,#4319,.T.);
#4315 = VERTEX_POINT('',#4316);
#4316 = CARTESIAN_POINT('',(-74.5625,-16.6975,0.E+000));
#4317 = VERTEX_POINT('',#4318);
#4318 = CARTESIAN_POINT('',(-74.5625,-16.6975,-1.));
#4319 = LINE('',#4320,#4321);
#4320 = CARTESIAN_POINT('',(-74.5625,-16.6975,0.E+000));
#4321 = VECTOR('',#4322,1.);
#4322 = DIRECTION('',(0.E+000,0.E+000,-1.));
#4323 = ORIENTED_EDGE('',*,*,#4324,.T.);
#4324 = EDGE_CURVE('',#4317,#4317,#4325,.T.);
#4325 = CIRCLE('',#4326,0.46);
#4326 = AXIS2_PLACEMENT_3D('',#4327,#4328,#4329);
#4327 = CARTESIAN_POINT('',(-75.0225,-16.6975,-1.));
#4328 = DIRECTION('',(0.E+000,0.E+000,-1.));
#4329 = DIRECTION('',(1.,0.E+000,0.E+000));
#4330 = ORIENTED_EDGE('',*,*,#4314,.F.);
#4331 = ORIENTED_EDGE('',*,*,#4332,.F.);
#4332 = EDGE_CURVE('',#4315,#4315,#4333,.T.);
#4333 = CIRCLE('',#4334,0.46);
#4334 = AXIS2_PLACEMENT_3D('',#4335,#4336,#4337);
#4335 = CARTESIAN_POINT('',(-75.0225,-16.6975,0.E+000));
#4336 = DIRECTION('',(0.E+000,0.E+000,-1.));
#4337 = DIRECTION('',(1.,0.E+000,0.E+000));
#4338 = CYLINDRICAL_SURFACE('',#4339,0.46);
#4339 = AXIS2_PLACEMENT_3D('',#4340,#4341,#4342);
#4340 = CARTESIAN_POINT('',(-75.0225,-16.6975,0.E+000));
#4341 = DIRECTION('',(-0.E+000,-0.E+000,1.));
#4342 = DIRECTION('',(1.,0.E+000,0.E+000));
#4343 = ADVANCED_FACE('',(#4344),#4371,.F.);
#4344 = FACE_BOUND('',#4345,.T.);
#4345 = EDGE_LOOP('',(#4346,#4356,#4363,#4364));
#4346 = ORIENTED_EDGE('',*,*,#4347,.T.);
#4347 = EDGE_CURVE('',#4348,#4350,#4352,.T.);
#4348 = VERTEX_POINT('',#4349);
#4349 = CARTESIAN_POINT('',(-81.1425,-19.4075,0.E+000));
#4350 = VERTEX_POINT('',#4351);
#4351 = CARTESIAN_POINT('',(-81.1425,-19.4075,-1.));
#4352 = LINE('',#4353,#4354);
#4353 = CARTESIAN_POINT('',(-81.1425,-19.4075,0.E+000));
#4354 = VECTOR('',#4355,1.);
#4355 = DIRECTION('',(0.E+000,0.E+000,-1.));
#4356 = ORIENTED_EDGE('',*,*,#4357,.T.);
#4357 = EDGE_CURVE('',#4350,#4350,#4358,.T.);
#4358 = CIRCLE('',#4359,1.15);
#4359 = AXIS2_PLACEMENT_3D('',#4360,#4361,#4362);
#4360 = CARTESIAN_POINT('',(-82.2925,-19.4075,-1.));
#4361 = DIRECTION('',(0.E+000,0.E+000,-1.));
#4362 = DIRECTION('',(1.,0.E+000,0.E+000));
#4363 = ORIENTED_EDGE('',*,*,#4347,.F.);
#4364 = ORIENTED_EDGE('',*,*,#4365,.F.);
#4365 = EDGE_CURVE('',#4348,#4348,#4366,.T.);
#4366 = CIRCLE('',#4367,1.15);
#4367 = AXIS2_PLACEMENT_3D('',#4368,#4369,#4370);
#4368 = CARTESIAN_POINT('',(-82.2925,-19.4075,0.E+000));
#4369 = DIRECTION('',(0.E+000,0.E+000,-1.));
#4370 = DIRECTION('',(1.,0.E+000,0.E+000));
#4371 = CYLINDRICAL_SURFACE('',#4372,1.15);
#4372 = AXIS2_PLACEMENT_3D('',#4373,#4374,#4375);
#4373 = CARTESIAN_POINT('',(-82.2925,-19.4075,0.E+000));
#4374 = DIRECTION('',(-0.E+000,-0.E+000,1.));
#4375 = DIRECTION('',(1.,0.E+000,0.E+000));
#4376 = ADVANCED_FACE('',(#4377),#4404,.F.);
#4377 = FACE_BOUND('',#4378,.T.);
#4378 = EDGE_LOOP('',(#4379,#4389,#4396,#4397));
#4379 = ORIENTED_EDGE('',*,*,#4380,.T.);
#4380 = EDGE_CURVE('',#4381,#4383,#4385,.T.);
#4381 = VERTEX_POINT('',#4382);
#4382 = CARTESIAN_POINT('',(-69.1025,-19.4075,0.E+000));
#4383 = VERTEX_POINT('',#4384);
#4384 = CARTESIAN_POINT('',(-69.1025,-19.4075,-1.));
#4385 = LINE('',#4386,#4387);
#4386 = CARTESIAN_POINT('',(-69.1025,-19.4075,0.E+000));
#4387 = VECTOR('',#4388,1.);
#4388 = DIRECTION('',(0.E+000,0.E+000,-1.));
#4389 = ORIENTED_EDGE('',*,*,#4390,.T.);
#4390 = EDGE_CURVE('',#4383,#4383,#4391,.T.);
#4391 = CIRCLE('',#4392,1.15);
#4392 = AXIS2_PLACEMENT_3D('',#4393,#4394,#4395);
#4393 = CARTESIAN_POINT('',(-70.2525,-19.4075,-1.));
#4394 = DIRECTION('',(0.E+000,0.E+000,-1.));
#4395 = DIRECTION('',(1.,0.E+000,0.E+000));
#4396 = ORIENTED_EDGE('',*,*,#4380,.F.);
#4397 = ORIENTED_EDGE('',*,*,#4398,.F.);
#4398 = EDGE_CURVE('',#4381,#4381,#4399,.T.);
#4399 = CIRCLE('',#4400,1.15);
#4400 = AXIS2_PLACEMENT_3D('',#4401,#4402,#4403);
#4401 = CARTESIAN_POINT('',(-70.2525,-19.4075,0.E+000));
#4402 = DIRECTION('',(0.E+000,0.E+000,-1.));
#4403 = DIRECTION('',(1.,0.E+000,0.E+000));
#4404 = CYLINDRICAL_SURFACE('',#4405,1.15);
#4405 = AXIS2_PLACEMENT_3D('',#4406,#4407,#4408);
#4406 = CARTESIAN_POINT('',(-70.2525,-19.4075,0.E+000));
#4407 = DIRECTION('',(-0.E+000,-0.E+000,1.));
#4408 = DIRECTION('',(1.,0.E+000,0.E+000));
#4409 = ADVANCED_FACE('',(#4410),#4437,.F.);
#4410 = FACE_BOUND('',#4411,.T.);
#4411 = EDGE_LOOP('',(#4412,#4422,#4429,#4430));
#4412 = ORIENTED_EDGE('',*,*,#4413,.T.);
#4413 = EDGE_CURVE('',#4414,#4416,#4418,.T.);
#4414 = VERTEX_POINT('',#4415);
#4415 = CARTESIAN_POINT('',(-54.695,41.91,0.E+000));
#4416 = VERTEX_POINT('',#4417);
#4417 = CARTESIAN_POINT('',(-54.695,41.91,-1.));
#4418 = LINE('',#4419,#4420);
#4419 = CARTESIAN_POINT('',(-54.695,41.91,0.E+000));
#4420 = VECTOR('',#4421,1.);
#4421 = DIRECTION('',(0.E+000,0.E+000,-1.));
#4422 = ORIENTED_EDGE('',*,*,#4423,.T.);
#4423 = EDGE_CURVE('',#4416,#4416,#4424,.T.);
#4424 = CIRCLE('',#4425,0.55);
#4425 = AXIS2_PLACEMENT_3D('',#4426,#4427,#4428);
#4426 = CARTESIAN_POINT('',(-55.245,41.91,-1.));
#4427 = DIRECTION('',(0.E+000,0.E+000,-1.));
#4428 = DIRECTION('',(1.,0.E+000,0.E+000));
#4429 = ORIENTED_EDGE('',*,*,#4413,.F.);
#4430 = ORIENTED_EDGE('',*,*,#4431,.F.);
#4431 = EDGE_CURVE('',#4414,#4414,#4432,.T.);
#4432 = CIRCLE('',#4433,0.55);
#4433 = AXIS2_PLACEMENT_3D('',#4434,#4435,#4436);
#4434 = CARTESIAN_POINT('',(-55.245,41.91,0.E+000));
#4435 = DIRECTION('',(0.E+000,0.E+000,-1.));
#4436 = DIRECTION('',(1.,0.E+000,0.E+000));
#4437 = CYLINDRICAL_SURFACE('',#4438,0.55);
#4438 = AXIS2_PLACEMENT_3D('',#4439,#4440,#4441);
#4439 = CARTESIAN_POINT('',(-55.245,41.91,0.E+000));
#4440 = DIRECTION('',(-0.E+000,-0.E+000,1.));
#4441 = DIRECTION('',(1.,0.E+000,0.E+000));
#4442 = ADVANCED_FACE('',(#4443),#4470,.F.);
#4443 = FACE_BOUND('',#4444,.T.);
#4444 = EDGE_LOOP('',(#4445,#4455,#4462,#4463));
#4445 = ORIENTED_EDGE('',*,*,#4446,.T.);
#4446 = EDGE_CURVE('',#4447,#4449,#4451,.T.);
#4447 = VERTEX_POINT('',#4448);
#4448 = CARTESIAN_POINT('',(-54.695,44.45,0.E+000));
#4449 = VERTEX_POINT('',#4450);
#4450 = CARTESIAN_POINT('',(-54.695,44.45,-1.));
#4451 = LINE('',#4452,#4453);
#4452 = CARTESIAN_POINT('',(-54.695,44.45,0.E+000));
#4453 = VECTOR('',#4454,1.);
#4454 = DIRECTION('',(0.E+000,0.E+000,-1.));
#4455 = ORIENTED_EDGE('',*,*,#4456,.T.);
#4456 = EDGE_CURVE('',#4449,#4449,#4457,.T.);
#4457 = CIRCLE('',#4458,0.55);
#4458 = AXIS2_PLACEMENT_3D('',#4459,#4460,#4461);
#4459 = CARTESIAN_POINT('',(-55.245,44.45,-1.));
#4460 = DIRECTION('',(0.E+000,0.E+000,-1.));
#4461 = DIRECTION('',(1.,0.E+000,0.E+000));
#4462 = ORIENTED_EDGE('',*,*,#4446,.F.);
#4463 = ORIENTED_EDGE('',*,*,#4464,.F.);
#4464 = EDGE_CURVE('',#4447,#4447,#4465,.T.);
#4465 = CIRCLE('',#4466,0.55);
#4466 = AXIS2_PLACEMENT_3D('',#4467,#4468,#4469);
#4467 = CARTESIAN_POINT('',(-55.245,44.45,0.E+000));
#4468 = DIRECTION('',(0.E+000,0.E+000,-1.));
#4469 = DIRECTION('',(1.,0.E+000,0.E+000));
#4470 = CYLINDRICAL_SURFACE('',#4471,0.55);
#4471 = AXIS2_PLACEMENT_3D('',#4472,#4473,#4474);
#4472 = CARTESIAN_POINT('',(-55.245,44.45,0.E+000));
#4473 = DIRECTION('',(-0.E+000,-0.E+000,1.));
#4474 = DIRECTION('',(1.,0.E+000,0.E+000));
#4475 = ADVANCED_FACE('',(#4476),#4503,.F.);
#4476 = FACE_BOUND('',#4477,.T.);
#4477 = EDGE_LOOP('',(#4478,#4488,#4495,#4496));
#4478 = ORIENTED_EDGE('',*,*,#4479,.T.);
#4479 = EDGE_CURVE('',#4480,#4482,#4484,.T.);
#4480 = VERTEX_POINT('',#4481);
#4481 = CARTESIAN_POINT('',(-52.155,41.91,0.E+000));
#4482 = VERTEX_POINT('',#4483);
#4483 = CARTESIAN_POINT('',(-52.155,41.91,-1.));
#4484 = LINE('',#4485,#4486);
#4485 = CARTESIAN_POINT('',(-52.155,41.91,0.E+000));
#4486 = VECTOR('',#4487,1.);
#4487 = DIRECTION('',(0.E+000,0.E+000,-1.));
#4488 = ORIENTED_EDGE('',*,*,#4489,.T.);
#4489 = EDGE_CURVE('',#4482,#4482,#4490,.T.);
#4490 = CIRCLE('',#4491,0.55);
#4491 = AXIS2_PLACEMENT_3D('',#4492,#4493,#4494);
#4492 = CARTESIAN_POINT('',(-52.705,41.91,-1.));
#4493 = DIRECTION('',(0.E+000,0.E+000,-1.));
#4494 = DIRECTION('',(1.,0.E+000,0.E+000));
#4495 = ORIENTED_EDGE('',*,*,#4479,.F.);
#4496 = ORIENTED_EDGE('',*,*,#4497,.F.);
#4497 = EDGE_CURVE('',#4480,#4480,#4498,.T.);
#4498 = CIRCLE('',#4499,0.55);
#4499 = AXIS2_PLACEMENT_3D('',#4500,#4501,#4502);
#4500 = CARTESIAN_POINT('',(-52.705,41.91,0.E+000));
#4501 = DIRECTION('',(0.E+000,0.E+000,-1.));
#4502 = DIRECTION('',(1.,0.E+000,0.E+000));
#4503 = CYLINDRICAL_SURFACE('',#4504,0.55);
#4504 = AXIS2_PLACEMENT_3D('',#4505,#4506,#4507);
#4505 = CARTESIAN_POINT('',(-52.705,41.91,0.E+000));
#4506 = DIRECTION('',(-0.E+000,-0.E+000,1.));
#4507 = DIRECTION('',(1.,0.E+000,0.E+000));
#4508 = ADVANCED_FACE('',(#4509),#4536,.F.);
#4509 = FACE_BOUND('',#4510,.T.);
#4510 = EDGE_LOOP('',(#4511,#4521,#4528,#4529));
#4511 = ORIENTED_EDGE('',*,*,#4512,.T.);
#4512 = EDGE_CURVE('',#4513,#4515,#4517,.T.);
#4513 = VERTEX_POINT('',#4514);
#4514 = CARTESIAN_POINT('',(-52.155,44.45,0.E+000));
#4515 = VERTEX_POINT('',#4516);
#4516 = CARTESIAN_POINT('',(-52.155,44.45,-1.));
#4517 = LINE('',#4518,#4519);
#4518 = CARTESIAN_POINT('',(-52.155,44.45,0.E+000));
#4519 = VECTOR('',#4520,1.);
#4520 = DIRECTION('',(0.E+000,0.E+000,-1.));
#4521 = ORIENTED_EDGE('',*,*,#4522,.T.);
#4522 = EDGE_CURVE('',#4515,#4515,#4523,.T.);
#4523 = CIRCLE('',#4524,0.55);
#4524 = AXIS2_PLACEMENT_3D('',#4525,#4526,#4527);
#4525 = CARTESIAN_POINT('',(-52.705,44.45,-1.));
#4526 = DIRECTION('',(0.E+000,0.E+000,-1.));
#4527 = DIRECTION('',(1.,0.E+000,0.E+000));
#4528 = ORIENTED_EDGE('',*,*,#4512,.F.);
#4529 = ORIENTED_EDGE('',*,*,#4530,.F.);
#4530 = EDGE_CURVE('',#4513,#4513,#4531,.T.);
#4531 = CIRCLE('',#4532,0.55);
#4532 = AXIS2_PLACEMENT_3D('',#4533,#4534,#4535);
#4533 = CARTESIAN_POINT('',(-52.705,44.45,0.E+000));
#4534 = DIRECTION('',(0.E+000,0.E+000,-1.));
#4535 = DIRECTION('',(1.,0.E+000,0.E+000));
#4536 = CYLINDRICAL_SURFACE('',#4537,0.55);
#4537 = AXIS2_PLACEMENT_3D('',#4538,#4539,#4540);
#4538 = CARTESIAN_POINT('',(-52.705,44.45,0.E+000));
#4539 = DIRECTION('',(-0.E+000,-0.E+000,1.));
#4540 = DIRECTION('',(1.,0.E+000,0.E+000));
#4541 = ADVANCED_FACE('',(#4542),#4569,.F.);
#4542 = FACE_BOUND('',#4543,.T.);
#4543 = EDGE_LOOP('',(#4544,#4554,#4561,#4562));
#4544 = ORIENTED_EDGE('',*,*,#4545,.T.);
#4545 = EDGE_CURVE('',#4546,#4548,#4550,.T.);
#4546 = VERTEX_POINT('',#4547);
#4547 = CARTESIAN_POINT('',(-49.615,41.91,0.E+000));
#4548 = VERTEX_POINT('',#4549);
#4549 = CARTESIAN_POINT('',(-49.615,41.91,-1.));
#4550 = LINE('',#4551,#4552);
#4551 = CARTESIAN_POINT('',(-49.615,41.91,0.E+000));
#4552 = VECTOR('',#4553,1.);
#4553 = DIRECTION('',(0.E+000,0.E+000,-1.));
#4554 = ORIENTED_EDGE('',*,*,#4555,.T.);
#4555 = EDGE_CURVE('',#4548,#4548,#4556,.T.);
#4556 = CIRCLE('',#4557,0.55);
#4557 = AXIS2_PLACEMENT_3D('',#4558,#4559,#4560);
#4558 = CARTESIAN_POINT('',(-50.165,41.91,-1.));
#4559 = DIRECTION('',(0.E+000,0.E+000,-1.));
#4560 = DIRECTION('',(1.,0.E+000,0.E+000));
#4561 = ORIENTED_EDGE('',*,*,#4545,.F.);
#4562 = ORIENTED_EDGE('',*,*,#4563,.F.);
#4563 = EDGE_CURVE('',#4546,#4546,#4564,.T.);
#4564 = CIRCLE('',#4565,0.55);
#4565 = AXIS2_PLACEMENT_3D('',#4566,#4567,#4568);
#4566 = CARTESIAN_POINT('',(-50.165,41.91,0.E+000));
#4567 = DIRECTION('',(0.E+000,0.E+000,-1.));
#4568 = DIRECTION('',(1.,0.E+000,0.E+000));
#4569 = CYLINDRICAL_SURFACE('',#4570,0.55);
#4570 = AXIS2_PLACEMENT_3D('',#4571,#4572,#4573);
#4571 = CARTESIAN_POINT('',(-50.165,41.91,0.E+000));
#4572 = DIRECTION('',(-0.E+000,-0.E+000,1.));
#4573 = DIRECTION('',(1.,0.E+000,0.E+000));
#4574 = ADVANCED_FACE('',(#4575),#4602,.F.);
#4575 = FACE_BOUND('',#4576,.T.);
#4576 = EDGE_LOOP('',(#4577,#4587,#4594,#4595));
#4577 = ORIENTED_EDGE('',*,*,#4578,.T.);
#4578 = EDGE_CURVE('',#4579,#4581,#4583,.T.);
#4579 = VERTEX_POINT('',#4580);
#4580 = CARTESIAN_POINT('',(-49.615,44.45,0.E+000));
#4581 = VERTEX_POINT('',#4582);
#4582 = CARTESIAN_POINT('',(-49.615,44.45,-1.));
#4583 = LINE('',#4584,#4585);
#4584 = CARTESIAN_POINT('',(-49.615,44.45,0.E+000));
#4585 = VECTOR('',#4586,1.);
#4586 = DIRECTION('',(0.E+000,0.E+000,-1.));
#4587 = ORIENTED_EDGE('',*,*,#4588,.T.);
#4588 = EDGE_CURVE('',#4581,#4581,#4589,.T.);
#4589 = CIRCLE('',#4590,0.55);
#4590 = AXIS2_PLACEMENT_3D('',#4591,#4592,#4593);
#4591 = CARTESIAN_POINT('',(-50.165,44.45,-1.));
#4592 = DIRECTION('',(0.E+000,0.E+000,-1.));
#4593 = DIRECTION('',(1.,0.E+000,0.E+000));
#4594 = ORIENTED_EDGE('',*,*,#4578,.F.);
#4595 = ORIENTED_EDGE('',*,*,#4596,.F.);
#4596 = EDGE_CURVE('',#4579,#4579,#4597,.T.);
#4597 = CIRCLE('',#4598,0.55);
#4598 = AXIS2_PLACEMENT_3D('',#4599,#4600,#4601);
#4599 = CARTESIAN_POINT('',(-50.165,44.45,0.E+000));
#4600 = DIRECTION('',(0.E+000,0.E+000,-1.));
#4601 = DIRECTION('',(1.,0.E+000,0.E+000));
#4602 = CYLINDRICAL_SURFACE('',#4603,0.55);
#4603 = AXIS2_PLACEMENT_3D('',#4604,#4605,#4606);
#4604 = CARTESIAN_POINT('',(-50.165,44.45,0.E+000));
#4605 = DIRECTION('',(-0.E+000,-0.E+000,1.));
#4606 = DIRECTION('',(1.,0.E+000,0.E+000));
#4607 = ADVANCED_FACE('',(#4608),#4635,.F.);
#4608 = FACE_BOUND('',#4609,.T.);
#4609 = EDGE_LOOP('',(#4610,#4620,#4627,#4628));
#4610 = ORIENTED_EDGE('',*,*,#4611,.T.);
#4611 = EDGE_CURVE('',#4612,#4614,#4616,.T.);
#4612 = VERTEX_POINT('',#4613);
#4613 = CARTESIAN_POINT('',(-42.4125,41.91,0.E+000));
#4614 = VERTEX_POINT('',#4615);
#4615 = CARTESIAN_POINT('',(-42.4125,41.91,-1.));
#4616 = LINE('',#4617,#4618);
#4617 = CARTESIAN_POINT('',(-42.4125,41.91,0.E+000));
#4618 = VECTOR('',#4619,1.);
#4619 = DIRECTION('',(0.E+000,0.E+000,-1.));
#4620 = ORIENTED_EDGE('',*,*,#4621,.T.);
#4621 = EDGE_CURVE('',#4614,#4614,#4622,.T.);
#4622 = CIRCLE('',#4623,0.45);
#4623 = AXIS2_PLACEMENT_3D('',#4624,#4625,#4626);
#4624 = CARTESIAN_POINT('',(-42.8625,41.91,-1.));
#4625 = DIRECTION('',(0.E+000,0.E+000,-1.));
#4626 = DIRECTION('',(1.,0.E+000,0.E+000));
#4627 = ORIENTED_EDGE('',*,*,#4611,.F.);
#4628 = ORIENTED_EDGE('',*,*,#4629,.F.);
#4629 = EDGE_CURVE('',#4612,#4612,#4630,.T.);
#4630 = CIRCLE('',#4631,0.45);
#4631 = AXIS2_PLACEMENT_3D('',#4632,#4633,#4634);
#4632 = CARTESIAN_POINT('',(-42.8625,41.91,0.E+000));
#4633 = DIRECTION('',(0.E+000,0.E+000,-1.));
#4634 = DIRECTION('',(1.,0.E+000,0.E+000));
#4635 = CYLINDRICAL_SURFACE('',#4636,0.45);
#4636 = AXIS2_PLACEMENT_3D('',#4637,#4638,#4639);
#4637 = CARTESIAN_POINT('',(-42.8625,41.91,0.E+000));
#4638 = DIRECTION('',(-0.E+000,-0.E+000,1.));
#4639 = DIRECTION('',(1.,0.E+000,0.E+000));
#4640 = ADVANCED_FACE('',(#4641),#4668,.F.);
#4641 = FACE_BOUND('',#4642,.T.);
#4642 = EDGE_LOOP('',(#4643,#4653,#4660,#4661));
#4643 = ORIENTED_EDGE('',*,*,#4644,.T.);
#4644 = EDGE_CURVE('',#4645,#4647,#4649,.T.);
#4645 = VERTEX_POINT('',#4646);
#4646 = CARTESIAN_POINT('',(-42.4125,39.37,0.E+000));
#4647 = VERTEX_POINT('',#4648);
#4648 = CARTESIAN_POINT('',(-42.4125,39.37,-1.));
#4649 = LINE('',#4650,#4651);
#4650 = CARTESIAN_POINT('',(-42.4125,39.37,0.E+000));
#4651 = VECTOR('',#4652,1.);
#4652 = DIRECTION('',(0.E+000,0.E+000,-1.));
#4653 = ORIENTED_EDGE('',*,*,#4654,.T.);
#4654 = EDGE_CURVE('',#4647,#4647,#4655,.T.);
#4655 = CIRCLE('',#4656,0.45);
#4656 = AXIS2_PLACEMENT_3D('',#4657,#4658,#4659);
#4657 = CARTESIAN_POINT('',(-42.8625,39.37,-1.));
#4658 = DIRECTION('',(0.E+000,0.E+000,-1.));
#4659 = DIRECTION('',(1.,0.E+000,0.E+000));
#4660 = ORIENTED_EDGE('',*,*,#4644,.F.);
#4661 = ORIENTED_EDGE('',*,*,#4662,.F.);
#4662 = EDGE_CURVE('',#4645,#4645,#4663,.T.);
#4663 = CIRCLE('',#4664,0.45);
#4664 = AXIS2_PLACEMENT_3D('',#4665,#4666,#4667);
#4665 = CARTESIAN_POINT('',(-42.8625,39.37,0.E+000));
#4666 = DIRECTION('',(0.E+000,0.E+000,-1.));
#4667 = DIRECTION('',(1.,0.E+000,0.E+000));
#4668 = CYLINDRICAL_SURFACE('',#4669,0.45);
#4669 = AXIS2_PLACEMENT_3D('',#4670,#4671,#4672);
#4670 = CARTESIAN_POINT('',(-42.8625,39.37,0.E+000));
#4671 = DIRECTION('',(-0.E+000,-0.E+000,1.));
#4672 = DIRECTION('',(1.,0.E+000,0.E+000));
#4673 = ADVANCED_FACE('',(#4674),#4701,.F.);
#4674 = FACE_BOUND('',#4675,.T.);
#4675 = EDGE_LOOP('',(#4676,#4686,#4693,#4694));
#4676 = ORIENTED_EDGE('',*,*,#4677,.T.);
#4677 = EDGE_CURVE('',#4678,#4680,#4682,.T.);
#4678 = VERTEX_POINT('',#4679);
#4679 = CARTESIAN_POINT('',(-42.4125,36.83,0.E+000));
#4680 = VERTEX_POINT('',#4681);
#4681 = CARTESIAN_POINT('',(-42.4125,36.83,-1.));
#4682 = LINE('',#4683,#4684);
#4683 = CARTESIAN_POINT('',(-42.4125,36.83,0.E+000));
#4684 = VECTOR('',#4685,1.);
#4685 = DIRECTION('',(0.E+000,0.E+000,-1.));
#4686 = ORIENTED_EDGE('',*,*,#4687,.T.);
#4687 = EDGE_CURVE('',#4680,#4680,#4688,.T.);
#4688 = CIRCLE('',#4689,0.45);
#4689 = AXIS2_PLACEMENT_3D('',#4690,#4691,#4692);
#4690 = CARTESIAN_POINT('',(-42.8625,36.83,-1.));
#4691 = DIRECTION('',(0.E+000,0.E+000,-1.));
#4692 = DIRECTION('',(1.,0.E+000,0.E+000));
#4693 = ORIENTED_EDGE('',*,*,#4677,.F.);
#4694 = ORIENTED_EDGE('',*,*,#4695,.F.);
#4695 = EDGE_CURVE('',#4678,#4678,#4696,.T.);
#4696 = CIRCLE('',#4697,0.45);
#4697 = AXIS2_PLACEMENT_3D('',#4698,#4699,#4700);
#4698 = CARTESIAN_POINT('',(-42.8625,36.83,0.E+000));
#4699 = DIRECTION('',(0.E+000,0.E+000,-1.));
#4700 = DIRECTION('',(1.,0.E+000,0.E+000));
#4701 = CYLINDRICAL_SURFACE('',#4702,0.45);
#4702 = AXIS2_PLACEMENT_3D('',#4703,#4704,#4705);
#4703 = CARTESIAN_POINT('',(-42.8625,36.83,0.E+000));
#4704 = DIRECTION('',(-0.E+000,-0.E+000,1.));
#4705 = DIRECTION('',(1.,0.E+000,0.E+000));
#4706 = ADVANCED_FACE('',(#4707),#4734,.F.);
#4707 = FACE_BOUND('',#4708,.T.);
#4708 = EDGE_LOOP('',(#4709,#4719,#4726,#4727));
#4709 = ORIENTED_EDGE('',*,*,#4710,.T.);
#4710 = EDGE_CURVE('',#4711,#4713,#4715,.T.);
#4711 = VERTEX_POINT('',#4712);
#4712 = CARTESIAN_POINT('',(-42.4125,34.29,0.E+000));
#4713 = VERTEX_POINT('',#4714);
#4714 = CARTESIAN_POINT('',(-42.4125,34.29,-1.));
#4715 = LINE('',#4716,#4717);
#4716 = CARTESIAN_POINT('',(-42.4125,34.29,0.E+000));
#4717 = VECTOR('',#4718,1.);
#4718 = DIRECTION('',(0.E+000,0.E+000,-1.));
#4719 = ORIENTED_EDGE('',*,*,#4720,.T.);
#4720 = EDGE_CURVE('',#4713,#4713,#4721,.T.);
#4721 = CIRCLE('',#4722,0.45);
#4722 = AXIS2_PLACEMENT_3D('',#4723,#4724,#4725);
#4723 = CARTESIAN_POINT('',(-42.8625,34.29,-1.));
#4724 = DIRECTION('',(0.E+000,0.E+000,-1.));
#4725 = DIRECTION('',(1.,0.E+000,0.E+000));
#4726 = ORIENTED_EDGE('',*,*,#4710,.F.);
#4727 = ORIENTED_EDGE('',*,*,#4728,.F.);
#4728 = EDGE_CURVE('',#4711,#4711,#4729,.T.);
#4729 = CIRCLE('',#4730,0.45);
#4730 = AXIS2_PLACEMENT_3D('',#4731,#4732,#4733);
#4731 = CARTESIAN_POINT('',(-42.8625,34.29,0.E+000));
#4732 = DIRECTION('',(0.E+000,0.E+000,-1.));
#4733 = DIRECTION('',(1.,0.E+000,0.E+000));
#4734 = CYLINDRICAL_SURFACE('',#4735,0.45);
#4735 = AXIS2_PLACEMENT_3D('',#4736,#4737,#4738);
#4736 = CARTESIAN_POINT('',(-42.8625,34.29,0.E+000));
#4737 = DIRECTION('',(-0.E+000,-0.E+000,1.));
#4738 = DIRECTION('',(1.,0.E+000,0.E+000));
#4739 = ADVANCED_FACE('',(#4740),#4767,.F.);
#4740 = FACE_BOUND('',#4741,.T.);
#4741 = EDGE_LOOP('',(#4742,#4752,#4759,#4760));
#4742 = ORIENTED_EDGE('',*,*,#4743,.T.);
#4743 = EDGE_CURVE('',#4744,#4746,#4748,.T.);
#4744 = VERTEX_POINT('',#4745);
#4745 = CARTESIAN_POINT('',(-42.4125,31.75,0.E+000));
#4746 = VERTEX_POINT('',#4747);
#4747 = CARTESIAN_POINT('',(-42.4125,31.75,-1.));
#4748 = LINE('',#4749,#4750);
#4749 = CARTESIAN_POINT('',(-42.4125,31.75,0.E+000));
#4750 = VECTOR('',#4751,1.);
#4751 = DIRECTION('',(0.E+000,0.E+000,-1.));
#4752 = ORIENTED_EDGE('',*,*,#4753,.T.);
#4753 = EDGE_CURVE('',#4746,#4746,#4754,.T.);
#4754 = CIRCLE('',#4755,0.45);
#4755 = AXIS2_PLACEMENT_3D('',#4756,#4757,#4758);
#4756 = CARTESIAN_POINT('',(-42.8625,31.75,-1.));
#4757 = DIRECTION('',(0.E+000,0.E+000,-1.));
#4758 = DIRECTION('',(1.,0.E+000,0.E+000));
#4759 = ORIENTED_EDGE('',*,*,#4743,.F.);
#4760 = ORIENTED_EDGE('',*,*,#4761,.F.);
#4761 = EDGE_CURVE('',#4744,#4744,#4762,.T.);
#4762 = CIRCLE('',#4763,0.45);
#4763 = AXIS2_PLACEMENT_3D('',#4764,#4765,#4766);
#4764 = CARTESIAN_POINT('',(-42.8625,31.75,0.E+000));
#4765 = DIRECTION('',(0.E+000,0.E+000,-1.));
#4766 = DIRECTION('',(1.,0.E+000,0.E+000));
#4767 = CYLINDRICAL_SURFACE('',#4768,0.45);
#4768 = AXIS2_PLACEMENT_3D('',#4769,#4770,#4771);
#4769 = CARTESIAN_POINT('',(-42.8625,31.75,0.E+000));
#4770 = DIRECTION('',(-0.E+000,-0.E+000,1.));
#4771 = DIRECTION('',(1.,0.E+000,0.E+000));
#4772 = ADVANCED_FACE('',(#4773),#4800,.F.);
#4773 = FACE_BOUND('',#4774,.T.);
#4774 = EDGE_LOOP('',(#4775,#4785,#4792,#4793));
#4775 = ORIENTED_EDGE('',*,*,#4776,.T.);
#4776 = EDGE_CURVE('',#4777,#4779,#4781,.T.);
#4777 = VERTEX_POINT('',#4778);
#4778 = CARTESIAN_POINT('',(-42.4125,29.21,0.E+000));
#4779 = VERTEX_POINT('',#4780);
#4780 = CARTESIAN_POINT('',(-42.4125,29.21,-1.));
#4781 = LINE('',#4782,#4783);
#4782 = CARTESIAN_POINT('',(-42.4125,29.21,0.E+000));
#4783 = VECTOR('',#4784,1.);
#4784 = DIRECTION('',(0.E+000,0.E+000,-1.));
#4785 = ORIENTED_EDGE('',*,*,#4786,.T.);
#4786 = EDGE_CURVE('',#4779,#4779,#4787,.T.);
#4787 = CIRCLE('',#4788,0.45);
#4788 = AXIS2_PLACEMENT_3D('',#4789,#4790,#4791);
#4789 = CARTESIAN_POINT('',(-42.8625,29.21,-1.));
#4790 = DIRECTION('',(0.E+000,0.E+000,-1.));
#4791 = DIRECTION('',(1.,0.E+000,0.E+000));
#4792 = ORIENTED_EDGE('',*,*,#4776,.F.);
#4793 = ORIENTED_EDGE('',*,*,#4794,.F.);
#4794 = EDGE_CURVE('',#4777,#4777,#4795,.T.);
#4795 = CIRCLE('',#4796,0.45);
#4796 = AXIS2_PLACEMENT_3D('',#4797,#4798,#4799);
#4797 = CARTESIAN_POINT('',(-42.8625,29.21,0.E+000));
#4798 = DIRECTION('',(0.E+000,0.E+000,-1.));
#4799 = DIRECTION('',(1.,0.E+000,0.E+000));
#4800 = CYLINDRICAL_SURFACE('',#4801,0.45);
#4801 = AXIS2_PLACEMENT_3D('',#4802,#4803,#4804);
#4802 = CARTESIAN_POINT('',(-42.8625,29.21,0.E+000));
#4803 = DIRECTION('',(-0.E+000,-0.E+000,1.));
#4804 = DIRECTION('',(1.,0.E+000,0.E+000));
#4805 = ADVANCED_FACE('',(#4806),#4833,.F.);
#4806 = FACE_BOUND('',#4807,.T.);
#4807 = EDGE_LOOP('',(#4808,#4818,#4825,#4826));
#4808 = ORIENTED_EDGE('',*,*,#4809,.T.);
#4809 = EDGE_CURVE('',#4810,#4812,#4814,.T.);
#4810 = VERTEX_POINT('',#4811);
#4811 = CARTESIAN_POINT('',(-42.4125,26.67,0.E+000));
#4812 = VERTEX_POINT('',#4813);
#4813 = CARTESIAN_POINT('',(-42.4125,26.67,-1.));
#4814 = LINE('',#4815,#4816);
#4815 = CARTESIAN_POINT('',(-42.4125,26.67,0.E+000));
#4816 = VECTOR('',#4817,1.);
#4817 = DIRECTION('',(0.E+000,0.E+000,-1.));
#4818 = ORIENTED_EDGE('',*,*,#4819,.T.);
#4819 = EDGE_CURVE('',#4812,#4812,#4820,.T.);
#4820 = CIRCLE('',#4821,0.45);
#4821 = AXIS2_PLACEMENT_3D('',#4822,#4823,#4824);
#4822 = CARTESIAN_POINT('',(-42.8625,26.67,-1.));
#4823 = DIRECTION('',(0.E+000,0.E+000,-1.));
#4824 = DIRECTION('',(1.,0.E+000,0.E+000));
#4825 = ORIENTED_EDGE('',*,*,#4809,.F.);
#4826 = ORIENTED_EDGE('',*,*,#4827,.F.);
#4827 = EDGE_CURVE('',#4810,#4810,#4828,.T.);
#4828 = CIRCLE('',#4829,0.45);
#4829 = AXIS2_PLACEMENT_3D('',#4830,#4831,#4832);
#4830 = CARTESIAN_POINT('',(-42.8625,26.67,0.E+000));
#4831 = DIRECTION('',(0.E+000,0.E+000,-1.));
#4832 = DIRECTION('',(1.,0.E+000,0.E+000));
#4833 = CYLINDRICAL_SURFACE('',#4834,0.45);
#4834 = AXIS2_PLACEMENT_3D('',#4835,#4836,#4837);
#4835 = CARTESIAN_POINT('',(-42.8625,26.67,0.E+000));
#4836 = DIRECTION('',(-0.E+000,-0.E+000,1.));
#4837 = DIRECTION('',(1.,0.E+000,0.E+000));
#4838 = ADVANCED_FACE('',(#4839),#4866,.F.);
#4839 = FACE_BOUND('',#4840,.T.);
#4840 = EDGE_LOOP('',(#4841,#4851,#4858,#4859));
#4841 = ORIENTED_EDGE('',*,*,#4842,.T.);
#4842 = EDGE_CURVE('',#4843,#4845,#4847,.T.);
#4843 = VERTEX_POINT('',#4844);
#4844 = CARTESIAN_POINT('',(-42.4125,24.13,0.E+000));
#4845 = VERTEX_POINT('',#4846);
#4846 = CARTESIAN_POINT('',(-42.4125,24.13,-1.));
#4847 = LINE('',#4848,#4849);
#4848 = CARTESIAN_POINT('',(-42.4125,24.13,0.E+000));
#4849 = VECTOR('',#4850,1.);
#4850 = DIRECTION('',(0.E+000,0.E+000,-1.));
#4851 = ORIENTED_EDGE('',*,*,#4852,.T.);
#4852 = EDGE_CURVE('',#4845,#4845,#4853,.T.);
#4853 = CIRCLE('',#4854,0.45);
#4854 = AXIS2_PLACEMENT_3D('',#4855,#4856,#4857);
#4855 = CARTESIAN_POINT('',(-42.8625,24.13,-1.));
#4856 = DIRECTION('',(0.E+000,0.E+000,-1.));
#4857 = DIRECTION('',(1.,0.E+000,0.E+000));
#4858 = ORIENTED_EDGE('',*,*,#4842,.F.);
#4859 = ORIENTED_EDGE('',*,*,#4860,.F.);
#4860 = EDGE_CURVE('',#4843,#4843,#4861,.T.);
#4861 = CIRCLE('',#4862,0.45);
#4862 = AXIS2_PLACEMENT_3D('',#4863,#4864,#4865);
#4863 = CARTESIAN_POINT('',(-42.8625,24.13,0.E+000));
#4864 = DIRECTION('',(0.E+000,0.E+000,-1.));
#4865 = DIRECTION('',(1.,0.E+000,0.E+000));
#4866 = CYLINDRICAL_SURFACE('',#4867,0.45);
#4867 = AXIS2_PLACEMENT_3D('',#4868,#4869,#4870);
#4868 = CARTESIAN_POINT('',(-42.8625,24.13,0.E+000));
#4869 = DIRECTION('',(-0.E+000,-0.E+000,1.));
#4870 = DIRECTION('',(1.,0.E+000,0.E+000));
#4871 = ADVANCED_FACE('',(#4872),#4899,.F.);
#4872 = FACE_BOUND('',#4873,.T.);
#4873 = EDGE_LOOP('',(#4874,#4884,#4891,#4892));
#4874 = ORIENTED_EDGE('',*,*,#4875,.T.);
#4875 = EDGE_CURVE('',#4876,#4878,#4880,.T.);
#4876 = VERTEX_POINT('',#4877);
#4877 = CARTESIAN_POINT('',(-42.4125,21.59,0.E+000));
#4878 = VERTEX_POINT('',#4879);
#4879 = CARTESIAN_POINT('',(-42.4125,21.59,-1.));
#4880 = LINE('',#4881,#4882);
#4881 = CARTESIAN_POINT('',(-42.4125,21.59,0.E+000));
#4882 = VECTOR('',#4883,1.);
#4883 = DIRECTION('',(0.E+000,0.E+000,-1.));
#4884 = ORIENTED_EDGE('',*,*,#4885,.T.);
#4885 = EDGE_CURVE('',#4878,#4878,#4886,.T.);
#4886 = CIRCLE('',#4887,0.45);
#4887 = AXIS2_PLACEMENT_3D('',#4888,#4889,#4890);
#4888 = CARTESIAN_POINT('',(-42.8625,21.59,-1.));
#4889 = DIRECTION('',(0.E+000,0.E+000,-1.));
#4890 = DIRECTION('',(1.,0.E+000,0.E+000));
#4891 = ORIENTED_EDGE('',*,*,#4875,.F.);
#4892 = ORIENTED_EDGE('',*,*,#4893,.F.);
#4893 = EDGE_CURVE('',#4876,#4876,#4894,.T.);
#4894 = CIRCLE('',#4895,0.45);
#4895 = AXIS2_PLACEMENT_3D('',#4896,#4897,#4898);
#4896 = CARTESIAN_POINT('',(-42.8625,21.59,0.E+000));
#4897 = DIRECTION('',(0.E+000,0.E+000,-1.));
#4898 = DIRECTION('',(1.,0.E+000,0.E+000));
#4899 = CYLINDRICAL_SURFACE('',#4900,0.45);
#4900 = AXIS2_PLACEMENT_3D('',#4901,#4902,#4903);
#4901 = CARTESIAN_POINT('',(-42.8625,21.59,0.E+000));
#4902 = DIRECTION('',(-0.E+000,-0.E+000,1.));
#4903 = DIRECTION('',(1.,0.E+000,0.E+000));
#4904 = ADVANCED_FACE('',(#4905),#4932,.F.);
#4905 = FACE_BOUND('',#4906,.T.);
#4906 = EDGE_LOOP('',(#4907,#4917,#4924,#4925));
#4907 = ORIENTED_EDGE('',*,*,#4908,.T.);
#4908 = EDGE_CURVE('',#4909,#4911,#4913,.T.);
#4909 = VERTEX_POINT('',#4910);
#4910 = CARTESIAN_POINT('',(-42.4125,19.05,0.E+000));
#4911 = VERTEX_POINT('',#4912);
#4912 = CARTESIAN_POINT('',(-42.4125,19.05,-1.));
#4913 = LINE('',#4914,#4915);
#4914 = CARTESIAN_POINT('',(-42.4125,19.05,0.E+000));
#4915 = VECTOR('',#4916,1.);
#4916 = DIRECTION('',(0.E+000,0.E+000,-1.));
#4917 = ORIENTED_EDGE('',*,*,#4918,.T.);
#4918 = EDGE_CURVE('',#4911,#4911,#4919,.T.);
#4919 = CIRCLE('',#4920,0.45);
#4920 = AXIS2_PLACEMENT_3D('',#4921,#4922,#4923);
#4921 = CARTESIAN_POINT('',(-42.8625,19.05,-1.));
#4922 = DIRECTION('',(0.E+000,0.E+000,-1.));
#4923 = DIRECTION('',(1.,0.E+000,0.E+000));
#4924 = ORIENTED_EDGE('',*,*,#4908,.F.);
#4925 = ORIENTED_EDGE('',*,*,#4926,.F.);
#4926 = EDGE_CURVE('',#4909,#4909,#4927,.T.);
#4927 = CIRCLE('',#4928,0.45);
#4928 = AXIS2_PLACEMENT_3D('',#4929,#4930,#4931);
#4929 = CARTESIAN_POINT('',(-42.8625,19.05,0.E+000));
#4930 = DIRECTION('',(0.E+000,0.E+000,-1.));
#4931 = DIRECTION('',(1.,0.E+000,0.E+000));
#4932 = CYLINDRICAL_SURFACE('',#4933,0.45);
#4933 = AXIS2_PLACEMENT_3D('',#4934,#4935,#4936);
#4934 = CARTESIAN_POINT('',(-42.8625,19.05,0.E+000));
#4935 = DIRECTION('',(-0.E+000,-0.E+000,1.));
#4936 = DIRECTION('',(1.,0.E+000,0.E+000));
#4937 = ADVANCED_FACE('',(#4938),#4965,.F.);
#4938 = FACE_BOUND('',#4939,.T.);
#4939 = EDGE_LOOP('',(#4940,#4950,#4957,#4958));
#4940 = ORIENTED_EDGE('',*,*,#4941,.T.);
#4941 = EDGE_CURVE('',#4942,#4944,#4946,.T.);
#4942 = VERTEX_POINT('',#4943);
#4943 = CARTESIAN_POINT('',(-42.4125,16.51,0.E+000));
#4944 = VERTEX_POINT('',#4945);
#4945 = CARTESIAN_POINT('',(-42.4125,16.51,-1.));
#4946 = LINE('',#4947,#4948);
#4947 = CARTESIAN_POINT('',(-42.4125,16.51,0.E+000));
#4948 = VECTOR('',#4949,1.);
#4949 = DIRECTION('',(0.E+000,0.E+000,-1.));
#4950 = ORIENTED_EDGE('',*,*,#4951,.T.);
#4951 = EDGE_CURVE('',#4944,#4944,#4952,.T.);
#4952 = CIRCLE('',#4953,0.45);
#4953 = AXIS2_PLACEMENT_3D('',#4954,#4955,#4956);
#4954 = CARTESIAN_POINT('',(-42.8625,16.51,-1.));
#4955 = DIRECTION('',(0.E+000,0.E+000,-1.));
#4956 = DIRECTION('',(1.,0.E+000,0.E+000));
#4957 = ORIENTED_EDGE('',*,*,#4941,.F.);
#4958 = ORIENTED_EDGE('',*,*,#4959,.F.);
#4959 = EDGE_CURVE('',#4942,#4942,#4960,.T.);
#4960 = CIRCLE('',#4961,0.45);
#4961 = AXIS2_PLACEMENT_3D('',#4962,#4963,#4964);
#4962 = CARTESIAN_POINT('',(-42.8625,16.51,0.E+000));
#4963 = DIRECTION('',(0.E+000,0.E+000,-1.));
#4964 = DIRECTION('',(1.,0.E+000,0.E+000));
#4965 = CYLINDRICAL_SURFACE('',#4966,0.45);
#4966 = AXIS2_PLACEMENT_3D('',#4967,#4968,#4969);
#4967 = CARTESIAN_POINT('',(-42.8625,16.51,0.E+000));
#4968 = DIRECTION('',(-0.E+000,-0.E+000,1.));
#4969 = DIRECTION('',(1.,0.E+000,0.E+000));
#4970 = ADVANCED_FACE('',(#4971),#4998,.F.);
#4971 = FACE_BOUND('',#4972,.T.);
#4972 = EDGE_LOOP('',(#4973,#4983,#4990,#4991));
#4973 = ORIENTED_EDGE('',*,*,#4974,.T.);
#4974 = EDGE_CURVE('',#4975,#4977,#4979,.T.);
#4975 = VERTEX_POINT('',#4976);
#4976 = CARTESIAN_POINT('',(-42.4125,13.97,0.E+000));
#4977 = VERTEX_POINT('',#4978);
#4978 = CARTESIAN_POINT('',(-42.4125,13.97,-1.));
#4979 = LINE('',#4980,#4981);
#4980 = CARTESIAN_POINT('',(-42.4125,13.97,0.E+000));
#4981 = VECTOR('',#4982,1.);
#4982 = DIRECTION('',(0.E+000,0.E+000,-1.));
#4983 = ORIENTED_EDGE('',*,*,#4984,.T.);
#4984 = EDGE_CURVE('',#4977,#4977,#4985,.T.);
#4985 = CIRCLE('',#4986,0.45);
#4986 = AXIS2_PLACEMENT_3D('',#4987,#4988,#4989);
#4987 = CARTESIAN_POINT('',(-42.8625,13.97,-1.));
#4988 = DIRECTION('',(0.E+000,0.E+000,-1.));
#4989 = DIRECTION('',(1.,0.E+000,0.E+000));
#4990 = ORIENTED_EDGE('',*,*,#4974,.F.);
#4991 = ORIENTED_EDGE('',*,*,#4992,.F.);
#4992 = EDGE_CURVE('',#4975,#4975,#4993,.T.);
#4993 = CIRCLE('',#4994,0.45);
#4994 = AXIS2_PLACEMENT_3D('',#4995,#4996,#4997);
#4995 = CARTESIAN_POINT('',(-42.8625,13.97,0.E+000));
#4996 = DIRECTION('',(0.E+000,0.E+000,-1.));
#4997 = DIRECTION('',(1.,0.E+000,0.E+000));
#4998 = CYLINDRICAL_SURFACE('',#4999,0.45);
#4999 = AXIS2_PLACEMENT_3D('',#5000,#5001,#5002);
#5000 = CARTESIAN_POINT('',(-42.8625,13.97,0.E+000));
#5001 = DIRECTION('',(-0.E+000,-0.E+000,1.));
#5002 = DIRECTION('',(1.,0.E+000,0.E+000));
#5003 = ADVANCED_FACE('',(#5004),#5031,.F.);
#5004 = FACE_BOUND('',#5005,.T.);
#5005 = EDGE_LOOP('',(#5006,#5016,#5023,#5024));
#5006 = ORIENTED_EDGE('',*,*,#5007,.T.);
#5007 = EDGE_CURVE('',#5008,#5010,#5012,.T.);
#5008 = VERTEX_POINT('',#5009);
#5009 = CARTESIAN_POINT('',(-113.625,34.1975,0.E+000));
#5010 = VERTEX_POINT('',#5011);
#5011 = CARTESIAN_POINT('',(-113.625,34.1975,-1.));
#5012 = LINE('',#5013,#5014);
#5013 = CARTESIAN_POINT('',(-113.625,34.1975,0.E+000));
#5014 = VECTOR('',#5015,1.);
#5015 = DIRECTION('',(0.E+000,0.E+000,-1.));
#5016 = ORIENTED_EDGE('',*,*,#5017,.T.);
#5017 = EDGE_CURVE('',#5010,#5010,#5018,.T.);
#5018 = CIRCLE('',#5019,0.45);
#5019 = AXIS2_PLACEMENT_3D('',#5020,#5021,#5022);
#5020 = CARTESIAN_POINT('',(-114.075,34.1975,-1.));
#5021 = DIRECTION('',(0.E+000,0.E+000,-1.));
#5022 = DIRECTION('',(1.,0.E+000,0.E+000));
#5023 = ORIENTED_EDGE('',*,*,#5007,.F.);
#5024 = ORIENTED_EDGE('',*,*,#5025,.F.);
#5025 = EDGE_CURVE('',#5008,#5008,#5026,.T.);
#5026 = CIRCLE('',#5027,0.45);
#5027 = AXIS2_PLACEMENT_3D('',#5028,#5029,#5030);
#5028 = CARTESIAN_POINT('',(-114.075,34.1975,0.E+000));
#5029 = DIRECTION('',(0.E+000,0.E+000,-1.));
#5030 = DIRECTION('',(1.,0.E+000,0.E+000));
#5031 = CYLINDRICAL_SURFACE('',#5032,0.45);
#5032 = AXIS2_PLACEMENT_3D('',#5033,#5034,#5035);
#5033 = CARTESIAN_POINT('',(-114.075,34.1975,0.E+000));
#5034 = DIRECTION('',(-0.E+000,-0.E+000,1.));
#5035 = DIRECTION('',(1.,0.E+000,0.E+000));
#5036 = ADVANCED_FACE('',(#5037),#5064,.F.);
#5037 = FACE_BOUND('',#5038,.T.);
#5038 = EDGE_LOOP('',(#5039,#5049,#5056,#5057));
#5039 = ORIENTED_EDGE('',*,*,#5040,.T.);
#5040 = EDGE_CURVE('',#5041,#5043,#5045,.T.);
#5041 = VERTEX_POINT('',#5042);
#5042 = CARTESIAN_POINT('',(-113.625,31.6575,0.E+000));
#5043 = VERTEX_POINT('',#5044);
#5044 = CARTESIAN_POINT('',(-113.625,31.6575,-1.));
#5045 = LINE('',#5046,#5047);
#5046 = CARTESIAN_POINT('',(-113.625,31.6575,0.E+000));
#5047 = VECTOR('',#5048,1.);
#5048 = DIRECTION('',(0.E+000,0.E+000,-1.));
#5049 = ORIENTED_EDGE('',*,*,#5050,.T.);
#5050 = EDGE_CURVE('',#5043,#5043,#5051,.T.);
#5051 = CIRCLE('',#5052,0.45);
#5052 = AXIS2_PLACEMENT_3D('',#5053,#5054,#5055);
#5053 = CARTESIAN_POINT('',(-114.075,31.6575,-1.));
#5054 = DIRECTION('',(0.E+000,0.E+000,-1.));
#5055 = DIRECTION('',(1.,0.E+000,0.E+000));
#5056 = ORIENTED_EDGE('',*,*,#5040,.F.);
#5057 = ORIENTED_EDGE('',*,*,#5058,.F.);
#5058 = EDGE_CURVE('',#5041,#5041,#5059,.T.);
#5059 = CIRCLE('',#5060,0.45);
#5060 = AXIS2_PLACEMENT_3D('',#5061,#5062,#5063);
#5061 = CARTESIAN_POINT('',(-114.075,31.6575,0.E+000));
#5062 = DIRECTION('',(0.E+000,0.E+000,-1.));
#5063 = DIRECTION('',(1.,0.E+000,0.E+000));
#5064 = CYLINDRICAL_SURFACE('',#5065,0.45);
#5065 = AXIS2_PLACEMENT_3D('',#5066,#5067,#5068);
#5066 = CARTESIAN_POINT('',(-114.075,31.6575,0.E+000));
#5067 = DIRECTION('',(-0.E+000,-0.E+000,1.));
#5068 = DIRECTION('',(1.,0.E+000,0.E+000));
#5069 = ADVANCED_FACE('',(#5070),#5097,.F.);
#5070 = FACE_BOUND('',#5071,.T.);
#5071 = EDGE_LOOP('',(#5072,#5082,#5089,#5090));
#5072 = ORIENTED_EDGE('',*,*,#5073,.T.);
#5073 = EDGE_CURVE('',#5074,#5076,#5078,.T.);
#5074 = VERTEX_POINT('',#5075);
#5075 = CARTESIAN_POINT('',(-113.625,29.1175,0.E+000));
#5076 = VERTEX_POINT('',#5077);
#5077 = CARTESIAN_POINT('',(-113.625,29.1175,-1.));
#5078 = LINE('',#5079,#5080);
#5079 = CARTESIAN_POINT('',(-113.625,29.1175,0.E+000));
#5080 = VECTOR('',#5081,1.);
#5081 = DIRECTION('',(0.E+000,0.E+000,-1.));
#5082 = ORIENTED_EDGE('',*,*,#5083,.T.);
#5083 = EDGE_CURVE('',#5076,#5076,#5084,.T.);
#5084 = CIRCLE('',#5085,0.45);
#5085 = AXIS2_PLACEMENT_3D('',#5086,#5087,#5088);
#5086 = CARTESIAN_POINT('',(-114.075,29.1175,-1.));
#5087 = DIRECTION('',(0.E+000,0.E+000,-1.));
#5088 = DIRECTION('',(1.,0.E+000,0.E+000));
#5089 = ORIENTED_EDGE('',*,*,#5073,.F.);
#5090 = ORIENTED_EDGE('',*,*,#5091,.F.);
#5091 = EDGE_CURVE('',#5074,#5074,#5092,.T.);
#5092 = CIRCLE('',#5093,0.45);
#5093 = AXIS2_PLACEMENT_3D('',#5094,#5095,#5096);
#5094 = CARTESIAN_POINT('',(-114.075,29.1175,0.E+000));
#5095 = DIRECTION('',(0.E+000,0.E+000,-1.));
#5096 = DIRECTION('',(1.,0.E+000,0.E+000));
#5097 = CYLINDRICAL_SURFACE('',#5098,0.45);
#5098 = AXIS2_PLACEMENT_3D('',#5099,#5100,#5101);
#5099 = CARTESIAN_POINT('',(-114.075,29.1175,0.E+000));
#5100 = DIRECTION('',(-0.E+000,-0.E+000,1.));
#5101 = DIRECTION('',(1.,0.E+000,0.E+000));
#5102 = ADVANCED_FACE('',(#5103),#5130,.F.);
#5103 = FACE_BOUND('',#5104,.T.);
#5104 = EDGE_LOOP('',(#5105,#5115,#5122,#5123));
#5105 = ORIENTED_EDGE('',*,*,#5106,.T.);
#5106 = EDGE_CURVE('',#5107,#5109,#5111,.T.);
#5107 = VERTEX_POINT('',#5108);
#5108 = CARTESIAN_POINT('',(-113.625,26.5775,0.E+000));
#5109 = VERTEX_POINT('',#5110);
#5110 = CARTESIAN_POINT('',(-113.625,26.5775,-1.));
#5111 = LINE('',#5112,#5113);
#5112 = CARTESIAN_POINT('',(-113.625,26.5775,0.E+000));
#5113 = VECTOR('',#5114,1.);
#5114 = DIRECTION('',(0.E+000,0.E+000,-1.));
#5115 = ORIENTED_EDGE('',*,*,#5116,.T.);
#5116 = EDGE_CURVE('',#5109,#5109,#5117,.T.);
#5117 = CIRCLE('',#5118,0.45);
#5118 = AXIS2_PLACEMENT_3D('',#5119,#5120,#5121);
#5119 = CARTESIAN_POINT('',(-114.075,26.5775,-1.));
#5120 = DIRECTION('',(0.E+000,0.E+000,-1.));
#5121 = DIRECTION('',(1.,0.E+000,0.E+000));
#5122 = ORIENTED_EDGE('',*,*,#5106,.F.);
#5123 = ORIENTED_EDGE('',*,*,#5124,.F.);
#5124 = EDGE_CURVE('',#5107,#5107,#5125,.T.);
#5125 = CIRCLE('',#5126,0.45);
#5126 = AXIS2_PLACEMENT_3D('',#5127,#5128,#5129);
#5127 = CARTESIAN_POINT('',(-114.075,26.5775,0.E+000));
#5128 = DIRECTION('',(0.E+000,0.E+000,-1.));
#5129 = DIRECTION('',(1.,0.E+000,0.E+000));
#5130 = CYLINDRICAL_SURFACE('',#5131,0.45);
#5131 = AXIS2_PLACEMENT_3D('',#5132,#5133,#5134);
#5132 = CARTESIAN_POINT('',(-114.075,26.5775,0.E+000));
#5133 = DIRECTION('',(-0.E+000,-0.E+000,1.));
#5134 = DIRECTION('',(1.,0.E+000,0.E+000));
#5135 = ADVANCED_FACE('',(#5136),#5163,.F.);
#5136 = FACE_BOUND('',#5137,.T.);
#5137 = EDGE_LOOP('',(#5138,#5148,#5155,#5156));
#5138 = ORIENTED_EDGE('',*,*,#5139,.T.);
#5139 = EDGE_CURVE('',#5140,#5142,#5144,.T.);
#5140 = VERTEX_POINT('',#5141);
#5141 = CARTESIAN_POINT('',(-113.625,24.0375,0.E+000));
#5142 = VERTEX_POINT('',#5143);
#5143 = CARTESIAN_POINT('',(-113.625,24.0375,-1.));
#5144 = LINE('',#5145,#5146);
#5145 = CARTESIAN_POINT('',(-113.625,24.0375,0.E+000));
#5146 = VECTOR('',#5147,1.);
#5147 = DIRECTION('',(0.E+000,0.E+000,-1.));
#5148 = ORIENTED_EDGE('',*,*,#5149,.T.);
#5149 = EDGE_CURVE('',#5142,#5142,#5150,.T.);
#5150 = CIRCLE('',#5151,0.45);
#5151 = AXIS2_PLACEMENT_3D('',#5152,#5153,#5154);
#5152 = CARTESIAN_POINT('',(-114.075,24.0375,-1.));
#5153 = DIRECTION('',(0.E+000,0.E+000,-1.));
#5154 = DIRECTION('',(1.,0.E+000,0.E+000));
#5155 = ORIENTED_EDGE('',*,*,#5139,.F.);
#5156 = ORIENTED_EDGE('',*,*,#5157,.F.);
#5157 = EDGE_CURVE('',#5140,#5140,#5158,.T.);
#5158 = CIRCLE('',#5159,0.45);
#5159 = AXIS2_PLACEMENT_3D('',#5160,#5161,#5162);
#5160 = CARTESIAN_POINT('',(-114.075,24.0375,0.E+000));
#5161 = DIRECTION('',(0.E+000,0.E+000,-1.));
#5162 = DIRECTION('',(1.,0.E+000,0.E+000));
#5163 = CYLINDRICAL_SURFACE('',#5164,0.45);
#5164 = AXIS2_PLACEMENT_3D('',#5165,#5166,#5167);
#5165 = CARTESIAN_POINT('',(-114.075,24.0375,0.E+000));
#5166 = DIRECTION('',(-0.E+000,-0.E+000,1.));
#5167 = DIRECTION('',(1.,0.E+000,0.E+000));
#5168 = ADVANCED_FACE('',(#5169),#5196,.F.);
#5169 = FACE_BOUND('',#5170,.T.);
#5170 = EDGE_LOOP('',(#5171,#5181,#5188,#5189));
#5171 = ORIENTED_EDGE('',*,*,#5172,.T.);
#5172 = EDGE_CURVE('',#5173,#5175,#5177,.T.);
#5173 = VERTEX_POINT('',#5174);
#5174 = CARTESIAN_POINT('',(-113.625,21.4975,0.E+000));
#5175 = VERTEX_POINT('',#5176);
#5176 = CARTESIAN_POINT('',(-113.625,21.4975,-1.));
#5177 = LINE('',#5178,#5179);
#5178 = CARTESIAN_POINT('',(-113.625,21.4975,0.E+000));
#5179 = VECTOR('',#5180,1.);
#5180 = DIRECTION('',(0.E+000,0.E+000,-1.));
#5181 = ORIENTED_EDGE('',*,*,#5182,.T.);
#5182 = EDGE_CURVE('',#5175,#5175,#5183,.T.);
#5183 = CIRCLE('',#5184,0.45);
#5184 = AXIS2_PLACEMENT_3D('',#5185,#5186,#5187);
#5185 = CARTESIAN_POINT('',(-114.075,21.4975,-1.));
#5186 = DIRECTION('',(0.E+000,0.E+000,-1.));
#5187 = DIRECTION('',(1.,0.E+000,0.E+000));
#5188 = ORIENTED_EDGE('',*,*,#5172,.F.);
#5189 = ORIENTED_EDGE('',*,*,#5190,.F.);
#5190 = EDGE_CURVE('',#5173,#5173,#5191,.T.);
#5191 = CIRCLE('',#5192,0.45);
#5192 = AXIS2_PLACEMENT_3D('',#5193,#5194,#5195);
#5193 = CARTESIAN_POINT('',(-114.075,21.4975,0.E+000));
#5194 = DIRECTION('',(0.E+000,0.E+000,-1.));
#5195 = DIRECTION('',(1.,0.E+000,0.E+000));
#5196 = CYLINDRICAL_SURFACE('',#5197,0.45);
#5197 = AXIS2_PLACEMENT_3D('',#5198,#5199,#5200);
#5198 = CARTESIAN_POINT('',(-114.075,21.4975,0.E+000));
#5199 = DIRECTION('',(-0.E+000,-0.E+000,1.));
#5200 = DIRECTION('',(1.,0.E+000,0.E+000));
#5201 = ADVANCED_FACE('',(#5202),#5229,.F.);
#5202 = FACE_BOUND('',#5203,.T.);
#5203 = EDGE_LOOP('',(#5204,#5214,#5221,#5222));
#5204 = ORIENTED_EDGE('',*,*,#5205,.T.);
#5205 = EDGE_CURVE('',#5206,#5208,#5210,.T.);
#5206 = VERTEX_POINT('',#5207);
#5207 = CARTESIAN_POINT('',(-86.7625,-13.97,0.E+000));
#5208 = VERTEX_POINT('',#5209);
#5209 = CARTESIAN_POINT('',(-86.7625,-13.97,-1.));
#5210 = LINE('',#5211,#5212);
#5211 = CARTESIAN_POINT('',(-86.7625,-13.97,0.E+000));
#5212 = VECTOR('',#5213,1.);
#5213 = DIRECTION('',(0.E+000,0.E+000,-1.));
#5214 = ORIENTED_EDGE('',*,*,#5215,.T.);
#5215 = EDGE_CURVE('',#5208,#5208,#5216,.T.);
#5216 = CIRCLE('',#5217,0.55);
#5217 = AXIS2_PLACEMENT_3D('',#5218,#5219,#5220);
#5218 = CARTESIAN_POINT('',(-87.3125,-13.97,-1.));
#5219 = DIRECTION('',(0.E+000,0.E+000,-1.));
#5220 = DIRECTION('',(1.,0.E+000,0.E+000));
#5221 = ORIENTED_EDGE('',*,*,#5205,.F.);
#5222 = ORIENTED_EDGE('',*,*,#5223,.F.);
#5223 = EDGE_CURVE('',#5206,#5206,#5224,.T.);
#5224 = CIRCLE('',#5225,0.55);
#5225 = AXIS2_PLACEMENT_3D('',#5226,#5227,#5228);
#5226 = CARTESIAN_POINT('',(-87.3125,-13.97,0.E+000));
#5227 = DIRECTION('',(0.E+000,0.E+000,-1.));
#5228 = DIRECTION('',(1.,0.E+000,0.E+000));
#5229 = CYLINDRICAL_SURFACE('',#5230,0.55);
#5230 = AXIS2_PLACEMENT_3D('',#5231,#5232,#5233);
#5231 = CARTESIAN_POINT('',(-87.3125,-13.97,0.E+000));
#5232 = DIRECTION('',(-0.E+000,-0.E+000,1.));
#5233 = DIRECTION('',(1.,0.E+000,0.E+000));
#5234 = ADVANCED_FACE('',(#5235),#5262,.F.);
#5235 = FACE_BOUND('',#5236,.T.);
#5236 = EDGE_LOOP('',(#5237,#5247,#5254,#5255));
#5237 = ORIENTED_EDGE('',*,*,#5238,.T.);
#5238 = EDGE_CURVE('',#5239,#5241,#5243,.T.);
#5239 = VERTEX_POINT('',#5240);
#5240 = CARTESIAN_POINT('',(-86.7625,-11.43,0.E+000));
#5241 = VERTEX_POINT('',#5242);
#5242 = CARTESIAN_POINT('',(-86.7625,-11.43,-1.));
#5243 = LINE('',#5244,#5245);
#5244 = CARTESIAN_POINT('',(-86.7625,-11.43,0.E+000));
#5245 = VECTOR('',#5246,1.);
#5246 = DIRECTION('',(0.E+000,0.E+000,-1.));
#5247 = ORIENTED_EDGE('',*,*,#5248,.T.);
#5248 = EDGE_CURVE('',#5241,#5241,#5249,.T.);
#5249 = CIRCLE('',#5250,0.55);
#5250 = AXIS2_PLACEMENT_3D('',#5251,#5252,#5253);
#5251 = CARTESIAN_POINT('',(-87.3125,-11.43,-1.));
#5252 = DIRECTION('',(0.E+000,0.E+000,-1.));
#5253 = DIRECTION('',(1.,0.E+000,0.E+000));
#5254 = ORIENTED_EDGE('',*,*,#5238,.F.);
#5255 = ORIENTED_EDGE('',*,*,#5256,.F.);
#5256 = EDGE_CURVE('',#5239,#5239,#5257,.T.);
#5257 = CIRCLE('',#5258,0.55);
#5258 = AXIS2_PLACEMENT_3D('',#5259,#5260,#5261);
#5259 = CARTESIAN_POINT('',(-87.3125,-11.43,0.E+000));
#5260 = DIRECTION('',(0.E+000,0.E+000,-1.));
#5261 = DIRECTION('',(1.,0.E+000,0.E+000));
#5262 = CYLINDRICAL_SURFACE('',#5263,0.55);
#5263 = AXIS2_PLACEMENT_3D('',#5264,#5265,#5266);
#5264 = CARTESIAN_POINT('',(-87.3125,-11.43,0.E+000));
#5265 = DIRECTION('',(-0.E+000,-0.E+000,1.));
#5266 = DIRECTION('',(1.,0.E+000,0.E+000));
#5267 = ADVANCED_FACE('',(#5268),#5295,.F.);
#5268 = FACE_BOUND('',#5269,.T.);
#5269 = EDGE_LOOP('',(#5270,#5280,#5287,#5288));
#5270 = ORIENTED_EDGE('',*,*,#5271,.T.);
#5271 = EDGE_CURVE('',#5272,#5274,#5276,.T.);
#5272 = VERTEX_POINT('',#5273);
#5273 = CARTESIAN_POINT('',(-86.7625,-8.89,0.E+000));
#5274 = VERTEX_POINT('',#5275);
#5275 = CARTESIAN_POINT('',(-86.7625,-8.89,-1.));
#5276 = LINE('',#5277,#5278);
#5277 = CARTESIAN_POINT('',(-86.7625,-8.89,0.E+000));
#5278 = VECTOR('',#5279,1.);
#5279 = DIRECTION('',(0.E+000,0.E+000,-1.));
#5280 = ORIENTED_EDGE('',*,*,#5281,.T.);
#5281 = EDGE_CURVE('',#5274,#5274,#5282,.T.);
#5282 = CIRCLE('',#5283,0.55);
#5283 = AXIS2_PLACEMENT_3D('',#5284,#5285,#5286);
#5284 = CARTESIAN_POINT('',(-87.3125,-8.89,-1.));
#5285 = DIRECTION('',(0.E+000,0.E+000,-1.));
#5286 = DIRECTION('',(1.,0.E+000,0.E+000));
#5287 = ORIENTED_EDGE('',*,*,#5271,.F.);
#5288 = ORIENTED_EDGE('',*,*,#5289,.F.);
#5289 = EDGE_CURVE('',#5272,#5272,#5290,.T.);
#5290 = CIRCLE('',#5291,0.55);
#5291 = AXIS2_PLACEMENT_3D('',#5292,#5293,#5294);
#5292 = CARTESIAN_POINT('',(-87.3125,-8.89,0.E+000));
#5293 = DIRECTION('',(0.E+000,0.E+000,-1.));
#5294 = DIRECTION('',(1.,0.E+000,0.E+000));
#5295 = CYLINDRICAL_SURFACE('',#5296,0.55);
#5296 = AXIS2_PLACEMENT_3D('',#5297,#5298,#5299);
#5297 = CARTESIAN_POINT('',(-87.3125,-8.89,0.E+000));
#5298 = DIRECTION('',(-0.E+000,-0.E+000,1.));
#5299 = DIRECTION('',(1.,0.E+000,0.E+000));
#5300 = ADVANCED_FACE('',(#5301),#5328,.F.);
#5301 = FACE_BOUND('',#5302,.T.);
#5302 = EDGE_LOOP('',(#5303,#5313,#5320,#5321));
#5303 = ORIENTED_EDGE('',*,*,#5304,.T.);
#5304 = EDGE_CURVE('',#5305,#5307,#5309,.T.);
#5305 = VERTEX_POINT('',#5306);
#5306 = CARTESIAN_POINT('',(-104.225,47.625,0.E+000));
#5307 = VERTEX_POINT('',#5308);
#5308 = CARTESIAN_POINT('',(-104.225,47.625,-1.));
#5309 = LINE('',#5310,#5311);
#5310 = CARTESIAN_POINT('',(-104.225,47.625,0.E+000));
#5311 = VECTOR('',#5312,1.);
#5312 = DIRECTION('',(0.E+000,0.E+000,-1.));
#5313 = ORIENTED_EDGE('',*,*,#5314,.T.);
#5314 = EDGE_CURVE('',#5307,#5307,#5315,.T.);
#5315 = CIRCLE('',#5316,0.55);
#5316 = AXIS2_PLACEMENT_3D('',#5317,#5318,#5319);
#5317 = CARTESIAN_POINT('',(-104.775,47.625,-1.));
#5318 = DIRECTION('',(0.E+000,0.E+000,-1.));
#5319 = DIRECTION('',(1.,0.E+000,0.E+000));
#5320 = ORIENTED_EDGE('',*,*,#5304,.F.);
#5321 = ORIENTED_EDGE('',*,*,#5322,.F.);
#5322 = EDGE_CURVE('',#5305,#5305,#5323,.T.);
#5323 = CIRCLE('',#5324,0.55);
#5324 = AXIS2_PLACEMENT_3D('',#5325,#5326,#5327);
#5325 = CARTESIAN_POINT('',(-104.775,47.625,0.E+000));
#5326 = DIRECTION('',(0.E+000,0.E+000,-1.));
#5327 = DIRECTION('',(1.,0.E+000,0.E+000));
#5328 = CYLINDRICAL_SURFACE('',#5329,0.55);
#5329 = AXIS2_PLACEMENT_3D('',#5330,#5331,#5332);
#5330 = CARTESIAN_POINT('',(-104.775,47.625,0.E+000));
#5331 = DIRECTION('',(-0.E+000,-0.E+000,1.));
#5332 = DIRECTION('',(1.,0.E+000,0.E+000));
#5333 = ADVANCED_FACE('',(#5334),#5361,.F.);
#5334 = FACE_BOUND('',#5335,.T.);
#5335 = EDGE_LOOP('',(#5336,#5346,#5353,#5354));
#5336 = ORIENTED_EDGE('',*,*,#5337,.T.);
#5337 = EDGE_CURVE('',#5338,#5340,#5342,.T.);
#5338 = VERTEX_POINT('',#5339);
#5339 = CARTESIAN_POINT('',(-101.685,47.625,0.E+000));
#5340 = VERTEX_POINT('',#5341);
#5341 = CARTESIAN_POINT('',(-101.685,47.625,-1.));
#5342 = LINE('',#5343,#5344);
#5343 = CARTESIAN_POINT('',(-101.685,47.625,0.E+000));
#5344 = VECTOR('',#5345,1.);
#5345 = DIRECTION('',(0.E+000,0.E+000,-1.));
#5346 = ORIENTED_EDGE('',*,*,#5347,.T.);
#5347 = EDGE_CURVE('',#5340,#5340,#5348,.T.);
#5348 = CIRCLE('',#5349,0.55);
#5349 = AXIS2_PLACEMENT_3D('',#5350,#5351,#5352);
#5350 = CARTESIAN_POINT('',(-102.235,47.625,-1.));
#5351 = DIRECTION('',(0.E+000,0.E+000,-1.));
#5352 = DIRECTION('',(1.,0.E+000,0.E+000));
#5353 = ORIENTED_EDGE('',*,*,#5337,.F.);
#5354 = ORIENTED_EDGE('',*,*,#5355,.F.);
#5355 = EDGE_CURVE('',#5338,#5338,#5356,.T.);
#5356 = CIRCLE('',#5357,0.55);
#5357 = AXIS2_PLACEMENT_3D('',#5358,#5359,#5360);
#5358 = CARTESIAN_POINT('',(-102.235,47.625,0.E+000));
#5359 = DIRECTION('',(0.E+000,0.E+000,-1.));
#5360 = DIRECTION('',(1.,0.E+000,0.E+000));
#5361 = CYLINDRICAL_SURFACE('',#5362,0.55);
#5362 = AXIS2_PLACEMENT_3D('',#5363,#5364,#5365);
#5363 = CARTESIAN_POINT('',(-102.235,47.625,0.E+000));
#5364 = DIRECTION('',(-0.E+000,-0.E+000,1.));
#5365 = DIRECTION('',(1.,0.E+000,0.E+000));
#5366 = ADVANCED_FACE('',(#5367),#5394,.F.);
#5367 = FACE_BOUND('',#5368,.T.);
#5368 = EDGE_LOOP('',(#5369,#5379,#5386,#5387));
#5369 = ORIENTED_EDGE('',*,*,#5370,.T.);
#5370 = EDGE_CURVE('',#5371,#5373,#5375,.T.);
#5371 = VERTEX_POINT('',#5372);
#5372 = CARTESIAN_POINT('',(-99.145,47.625,0.E+000));
#5373 = VERTEX_POINT('',#5374);
#5374 = CARTESIAN_POINT('',(-99.145,47.625,-1.));
#5375 = LINE('',#5376,#5377);
#5376 = CARTESIAN_POINT('',(-99.145,47.625,0.E+000));
#5377 = VECTOR('',#5378,1.);
#5378 = DIRECTION('',(0.E+000,0.E+000,-1.));
#5379 = ORIENTED_EDGE('',*,*,#5380,.T.);
#5380 = EDGE_CURVE('',#5373,#5373,#5381,.T.);
#5381 = CIRCLE('',#5382,0.55);
#5382 = AXIS2_PLACEMENT_3D('',#5383,#5384,#5385);
#5383 = CARTESIAN_POINT('',(-99.695,47.625,-1.));
#5384 = DIRECTION('',(0.E+000,0.E+000,-1.));
#5385 = DIRECTION('',(1.,0.E+000,0.E+000));
#5386 = ORIENTED_EDGE('',*,*,#5370,.F.);
#5387 = ORIENTED_EDGE('',*,*,#5388,.F.);
#5388 = EDGE_CURVE('',#5371,#5371,#5389,.T.);
#5389 = CIRCLE('',#5390,0.55);
#5390 = AXIS2_PLACEMENT_3D('',#5391,#5392,#5393);
#5391 = CARTESIAN_POINT('',(-99.695,47.625,0.E+000));
#5392 = DIRECTION('',(0.E+000,0.E+000,-1.));
#5393 = DIRECTION('',(1.,0.E+000,0.E+000));
#5394 = CYLINDRICAL_SURFACE('',#5395,0.55);
#5395 = AXIS2_PLACEMENT_3D('',#5396,#5397,#5398);
#5396 = CARTESIAN_POINT('',(-99.695,47.625,0.E+000));
#5397 = DIRECTION('',(-0.E+000,-0.E+000,1.));
#5398 = DIRECTION('',(1.,0.E+000,0.E+000));
#5399 = ADVANCED_FACE('',(#5400),#5427,.F.);
#5400 = FACE_BOUND('',#5401,.T.);
#5401 = EDGE_LOOP('',(#5402,#5412,#5419,#5420));
#5402 = ORIENTED_EDGE('',*,*,#5403,.T.);
#5403 = EDGE_CURVE('',#5404,#5406,#5408,.T.);
#5404 = VERTEX_POINT('',#5405);
#5405 = CARTESIAN_POINT('',(-59.20733333333,29.5275,0.E+000));
#5406 = VERTEX_POINT('',#5407);
#5407 = CARTESIAN_POINT('',(-59.20733333333,29.5275,-1.));
#5408 = LINE('',#5409,#5410);
#5409 = CARTESIAN_POINT('',(-59.20733333333,29.5275,0.E+000));
#5410 = VECTOR('',#5411,1.);
#5411 = DIRECTION('',(0.E+000,0.E+000,-1.));
#5412 = ORIENTED_EDGE('',*,*,#5413,.T.);
#5413 = EDGE_CURVE('',#5406,#5406,#5414,.T.);
#5414 = CIRCLE('',#5415,0.482666666667);
#5415 = AXIS2_PLACEMENT_3D('',#5416,#5417,#5418);
#5416 = CARTESIAN_POINT('',(-59.69,29.5275,-1.));
#5417 = DIRECTION('',(0.E+000,0.E+000,-1.));
#5418 = DIRECTION('',(1.,0.E+000,0.E+000));
#5419 = ORIENTED_EDGE('',*,*,#5403,.F.);
#5420 = ORIENTED_EDGE('',*,*,#5421,.F.);
#5421 = EDGE_CURVE('',#5404,#5404,#5422,.T.);
#5422 = CIRCLE('',#5423,0.482666666667);
#5423 = AXIS2_PLACEMENT_3D('',#5424,#5425,#5426);
#5424 = CARTESIAN_POINT('',(-59.69,29.5275,0.E+000));
#5425 = DIRECTION('',(0.E+000,0.E+000,-1.));
#5426 = DIRECTION('',(1.,0.E+000,0.E+000));
#5427 = CYLINDRICAL_SURFACE('',#5428,0.482666666667);
#5428 = AXIS2_PLACEMENT_3D('',#5429,#5430,#5431);
#5429 = CARTESIAN_POINT('',(-59.69,29.5275,0.E+000));
#5430 = DIRECTION('',(-0.E+000,-0.E+000,1.));
#5431 = DIRECTION('',(1.,0.E+000,0.E+000));
#5432 = ADVANCED_FACE('',(#5433),#5460,.F.);
#5433 = FACE_BOUND('',#5434,.T.);
#5434 = EDGE_LOOP('',(#5435,#5445,#5452,#5453));
#5435 = ORIENTED_EDGE('',*,*,#5436,.T.);
#5436 = EDGE_CURVE('',#5437,#5439,#5441,.T.);
#5437 = VERTEX_POINT('',#5438);
#5438 = CARTESIAN_POINT('',(-50.2075,29.5275,0.E+000));
#5439 = VERTEX_POINT('',#5440);
#5440 = CARTESIAN_POINT('',(-50.2075,29.5275,-1.));
#5441 = LINE('',#5442,#5443);
#5442 = CARTESIAN_POINT('',(-50.2075,29.5275,0.E+000));
#5443 = VECTOR('',#5444,1.);
#5444 = DIRECTION('',(0.E+000,0.E+000,-1.));
#5445 = ORIENTED_EDGE('',*,*,#5446,.T.);
#5446 = EDGE_CURVE('',#5439,#5439,#5447,.T.);
#5447 = CIRCLE('',#5448,0.4825);
#5448 = AXIS2_PLACEMENT_3D('',#5449,#5450,#5451);
#5449 = CARTESIAN_POINT('',(-50.69,29.5275,-1.));
#5450 = DIRECTION('',(0.E+000,0.E+000,-1.));
#5451 = DIRECTION('',(1.,0.E+000,0.E+000));
#5452 = ORIENTED_EDGE('',*,*,#5436,.F.);
#5453 = ORIENTED_EDGE('',*,*,#5454,.F.);
#5454 = EDGE_CURVE('',#5437,#5437,#5455,.T.);
#5455 = CIRCLE('',#5456,0.4825);
#5456 = AXIS2_PLACEMENT_3D('',#5457,#5458,#5459);
#5457 = CARTESIAN_POINT('',(-50.69,29.5275,0.E+000));
#5458 = DIRECTION('',(0.E+000,0.E+000,-1.));
#5459 = DIRECTION('',(1.,0.E+000,0.E+000));
#5460 = CYLINDRICAL_SURFACE('',#5461,0.4825);
#5461 = AXIS2_PLACEMENT_3D('',#5462,#5463,#5464);
#5462 = CARTESIAN_POINT('',(-50.69,29.5275,0.E+000));
#5463 = DIRECTION('',(-0.E+000,-0.E+000,1.));
#5464 = DIRECTION('',(1.,0.E+000,0.E+000));
#5465 = ADVANCED_FACE('',(#5466),#5493,.F.);
#5466 = FACE_BOUND('',#5467,.T.);
#5467 = EDGE_LOOP('',(#5468,#5478,#5485,#5486));
#5468 = ORIENTED_EDGE('',*,*,#5469,.T.);
#5469 = EDGE_CURVE('',#5470,#5472,#5474,.T.);
#5470 = VERTEX_POINT('',#5471);
#5471 = CARTESIAN_POINT('',(-44.44776666666,9.326666666667,0.E+000));
#5472 = VERTEX_POINT('',#5473);
#5473 = CARTESIAN_POINT('',(-44.44776666666,9.326666666667,-1.));
#5474 = LINE('',#5475,#5476);
#5475 = CARTESIAN_POINT('',(-44.44776666666,9.326666666667,0.E+000));
#5476 = VECTOR('',#5477,1.);
#5477 = DIRECTION('',(0.E+000,0.E+000,-1.));
#5478 = ORIENTED_EDGE('',*,*,#5479,.T.);
#5479 = EDGE_CURVE('',#5472,#5472,#5480,.T.);
#5480 = CIRCLE('',#5481,0.482666666667);
#5481 = AXIS2_PLACEMENT_3D('',#5482,#5483,#5484);
#5482 = CARTESIAN_POINT('',(-44.93043333333,9.326666666667,-1.));
#5483 = DIRECTION('',(0.E+000,0.E+000,-1.));
#5484 = DIRECTION('',(1.,0.E+000,0.E+000));
#5485 = ORIENTED_EDGE('',*,*,#5469,.F.);
#5486 = ORIENTED_EDGE('',*,*,#5487,.F.);
#5487 = EDGE_CURVE('',#5470,#5470,#5488,.T.);
#5488 = CIRCLE('',#5489,0.482666666667);
#5489 = AXIS2_PLACEMENT_3D('',#5490,#5491,#5492);
#5490 = CARTESIAN_POINT('',(-44.93043333333,9.326666666667,0.E+000));
#5491 = DIRECTION('',(0.E+000,0.E+000,-1.));
#5492 = DIRECTION('',(1.,0.E+000,0.E+000));
#5493 = CYLINDRICAL_SURFACE('',#5494,0.482666666667);
#5494 = AXIS2_PLACEMENT_3D('',#5495,#5496,#5497);
#5495 = CARTESIAN_POINT('',(-44.93043333333,9.326666666667,0.E+000));
#5496 = DIRECTION('',(-0.E+000,-0.E+000,1.));
#5497 = DIRECTION('',(1.,0.E+000,0.E+000));
#5498 = ADVANCED_FACE('',(#5499),#5526,.F.);
#5499 = FACE_BOUND('',#5500,.T.);
#5500 = EDGE_LOOP('',(#5501,#5511,#5518,#5519));
#5501 = ORIENTED_EDGE('',*,*,#5502,.T.);
#5502 = EDGE_CURVE('',#5503,#5505,#5507,.T.);
#5503 = VERTEX_POINT('',#5504);
#5504 = CARTESIAN_POINT('',(-53.44793333333,9.326666666667,0.E+000));
#5505 = VERTEX_POINT('',#5506);
#5506 = CARTESIAN_POINT('',(-53.44793333333,9.326666666667,-1.));
#5507 = LINE('',#5508,#5509);
#5508 = CARTESIAN_POINT('',(-53.44793333333,9.326666666667,0.E+000));
#5509 = VECTOR('',#5510,1.);
#5510 = DIRECTION('',(0.E+000,0.E+000,-1.));
#5511 = ORIENTED_EDGE('',*,*,#5512,.T.);
#5512 = EDGE_CURVE('',#5505,#5505,#5513,.T.);
#5513 = CIRCLE('',#5514,0.4825);
#5514 = AXIS2_PLACEMENT_3D('',#5515,#5516,#5517);
#5515 = CARTESIAN_POINT('',(-53.93043333333,9.326666666667,-1.));
#5516 = DIRECTION('',(0.E+000,0.E+000,-1.));
#5517 = DIRECTION('',(1.,0.E+000,0.E+000));
#5518 = ORIENTED_EDGE('',*,*,#5502,.F.);
#5519 = ORIENTED_EDGE('',*,*,#5520,.F.);
#5520 = EDGE_CURVE('',#5503,#5503,#5521,.T.);
#5521 = CIRCLE('',#5522,0.4825);
#5522 = AXIS2_PLACEMENT_3D('',#5523,#5524,#5525);
#5523 = CARTESIAN_POINT('',(-53.93043333333,9.326666666667,0.E+000));
#5524 = DIRECTION('',(0.E+000,0.E+000,-1.));
#5525 = DIRECTION('',(1.,0.E+000,0.E+000));
#5526 = CYLINDRICAL_SURFACE('',#5527,0.4825);
#5527 = AXIS2_PLACEMENT_3D('',#5528,#5529,#5530);
#5528 = CARTESIAN_POINT('',(-53.93043333333,9.326666666667,0.E+000));
#5529 = DIRECTION('',(-0.E+000,-0.E+000,1.));
#5530 = DIRECTION('',(1.,0.E+000,0.E+000));
#5531 = ADVANCED_FACE('',(#5532),#5559,.F.);
#5532 = FACE_BOUND('',#5533,.T.);
#5533 = EDGE_LOOP('',(#5534,#5544,#5551,#5552));
#5534 = ORIENTED_EDGE('',*,*,#5535,.T.);
#5535 = EDGE_CURVE('',#5536,#5538,#5540,.T.);
#5536 = VERTEX_POINT('',#5537);
#5537 = CARTESIAN_POINT('',(-92.54483333333,-5.715,0.E+000));
#5538 = VERTEX_POINT('',#5539);
#5539 = CARTESIAN_POINT('',(-92.54483333333,-5.715,-1.));
#5540 = LINE('',#5541,#5542);
#5541 = CARTESIAN_POINT('',(-92.54483333333,-5.715,0.E+000));
#5542 = VECTOR('',#5543,1.);
#5543 = DIRECTION('',(0.E+000,0.E+000,-1.));
#5544 = ORIENTED_EDGE('',*,*,#5545,.T.);
#5545 = EDGE_CURVE('',#5538,#5538,#5546,.T.);
#5546 = CIRCLE('',#5547,0.482666666667);
#5547 = AXIS2_PLACEMENT_3D('',#5548,#5549,#5550);
#5548 = CARTESIAN_POINT('',(-93.0275,-5.715,-1.));
#5549 = DIRECTION('',(0.E+000,0.E+000,-1.));
#5550 = DIRECTION('',(1.,0.E+000,0.E+000));
#5551 = ORIENTED_EDGE('',*,*,#5535,.F.);
#5552 = ORIENTED_EDGE('',*,*,#5553,.F.);
#5553 = EDGE_CURVE('',#5536,#5536,#5554,.T.);
#5554 = CIRCLE('',#5555,0.482666666667);
#5555 = AXIS2_PLACEMENT_3D('',#5556,#5557,#5558);
#5556 = CARTESIAN_POINT('',(-93.0275,-5.715,0.E+000));
#5557 = DIRECTION('',(0.E+000,0.E+000,-1.));
#5558 = DIRECTION('',(1.,0.E+000,0.E+000));
#5559 = CYLINDRICAL_SURFACE('',#5560,0.482666666667);
#5560 = AXIS2_PLACEMENT_3D('',#5561,#5562,#5563);
#5561 = CARTESIAN_POINT('',(-93.0275,-5.715,0.E+000));
#5562 = DIRECTION('',(-0.E+000,-0.E+000,1.));
#5563 = DIRECTION('',(1.,0.E+000,0.E+000));
#5564 = ADVANCED_FACE('',(#5565),#5592,.F.);
#5565 = FACE_BOUND('',#5566,.T.);
#5566 = EDGE_LOOP('',(#5567,#5577,#5584,#5585));
#5567 = ORIENTED_EDGE('',*,*,#5568,.T.);
#5568 = EDGE_CURVE('',#5569,#5571,#5573,.T.);
#5569 = VERTEX_POINT('',#5570);
#5570 = CARTESIAN_POINT('',(-92.545,-14.715,0.E+000));
#5571 = VERTEX_POINT('',#5572);
#5572 = CARTESIAN_POINT('',(-92.545,-14.715,-1.));
#5573 = LINE('',#5574,#5575);
#5574 = CARTESIAN_POINT('',(-92.545,-14.715,0.E+000));
#5575 = VECTOR('',#5576,1.);
#5576 = DIRECTION('',(0.E+000,0.E+000,-1.));
#5577 = ORIENTED_EDGE('',*,*,#5578,.T.);
#5578 = EDGE_CURVE('',#5571,#5571,#5579,.T.);
#5579 = CIRCLE('',#5580,0.4825);
#5580 = AXIS2_PLACEMENT_3D('',#5581,#5582,#5583);
#5581 = CARTESIAN_POINT('',(-93.0275,-14.715,-1.));
#5582 = DIRECTION('',(0.E+000,0.E+000,-1.));
#5583 = DIRECTION('',(1.,0.E+000,0.E+000));
#5584 = ORIENTED_EDGE('',*,*,#5568,.F.);
#5585 = ORIENTED_EDGE('',*,*,#5586,.F.);
#5586 = EDGE_CURVE('',#5569,#5569,#5587,.T.);
#5587 = CIRCLE('',#5588,0.4825);
#5588 = AXIS2_PLACEMENT_3D('',#5589,#5590,#5591);
#5589 = CARTESIAN_POINT('',(-93.0275,-14.715,0.E+000));
#5590 = DIRECTION('',(0.E+000,0.E+000,-1.));
#5591 = DIRECTION('',(1.,0.E+000,0.E+000));
#5592 = CYLINDRICAL_SURFACE('',#5593,0.4825);
#5593 = AXIS2_PLACEMENT_3D('',#5594,#5595,#5596);
#5594 = CARTESIAN_POINT('',(-93.0275,-14.715,0.E+000));
#5595 = DIRECTION('',(-0.E+000,-0.E+000,1.));
#5596 = DIRECTION('',(1.,0.E+000,0.E+000));
#5597 = ADVANCED_FACE('',(#5598),#5625,.F.);
#5598 = FACE_BOUND('',#5599,.T.);
#5599 = EDGE_LOOP('',(#5600,#5610,#5617,#5618));
#5600 = ORIENTED_EDGE('',*,*,#5601,.T.);
#5601 = EDGE_CURVE('',#5602,#5604,#5606,.T.);
#5602 = VERTEX_POINT('',#5603);
#5603 = CARTESIAN_POINT('',(-89.68733333333,43.815,0.E+000));
#5604 = VERTEX_POINT('',#5605);
#5605 = CARTESIAN_POINT('',(-89.68733333333,43.815,-1.));
#5606 = LINE('',#5607,#5608);
#5607 = CARTESIAN_POINT('',(-89.68733333333,43.815,0.E+000));
#5608 = VECTOR('',#5609,1.);
#5609 = DIRECTION('',(0.E+000,0.E+000,-1.));
#5610 = ORIENTED_EDGE('',*,*,#5611,.T.);
#5611 = EDGE_CURVE('',#5604,#5604,#5612,.T.);
#5612 = CIRCLE('',#5613,0.482666666667);
#5613 = AXIS2_PLACEMENT_3D('',#5614,#5615,#5616);
#5614 = CARTESIAN_POINT('',(-90.17,43.815,-1.));
#5615 = DIRECTION('',(0.E+000,0.E+000,-1.));
#5616 = DIRECTION('',(1.,0.E+000,0.E+000));
#5617 = ORIENTED_EDGE('',*,*,#5601,.F.);
#5618 = ORIENTED_EDGE('',*,*,#5619,.F.);
#5619 = EDGE_CURVE('',#5602,#5602,#5620,.T.);
#5620 = CIRCLE('',#5621,0.482666666667);
#5621 = AXIS2_PLACEMENT_3D('',#5622,#5623,#5624);
#5622 = CARTESIAN_POINT('',(-90.17,43.815,0.E+000));
#5623 = DIRECTION('',(0.E+000,0.E+000,-1.));
#5624 = DIRECTION('',(1.,0.E+000,0.E+000));
#5625 = CYLINDRICAL_SURFACE('',#5626,0.482666666667);
#5626 = AXIS2_PLACEMENT_3D('',#5627,#5628,#5629);
#5627 = CARTESIAN_POINT('',(-90.17,43.815,0.E+000));
#5628 = DIRECTION('',(-0.E+000,-0.E+000,1.));
#5629 = DIRECTION('',(1.,0.E+000,0.E+000));
#5630 = ADVANCED_FACE('',(#5631),#5658,.F.);
#5631 = FACE_BOUND('',#5632,.T.);
#5632 = EDGE_LOOP('',(#5633,#5643,#5650,#5651));
#5633 = ORIENTED_EDGE('',*,*,#5634,.T.);
#5634 = EDGE_CURVE('',#5635,#5637,#5639,.T.);
#5635 = VERTEX_POINT('',#5636);
#5636 = CARTESIAN_POINT('',(-98.6875,43.815,0.E+000));
#5637 = VERTEX_POINT('',#5638);
#5638 = CARTESIAN_POINT('',(-98.6875,43.815,-1.));
#5639 = LINE('',#5640,#5641);
#5640 = CARTESIAN_POINT('',(-98.6875,43.815,0.E+000));
#5641 = VECTOR('',#5642,1.);
#5642 = DIRECTION('',(0.E+000,0.E+000,-1.));
#5643 = ORIENTED_EDGE('',*,*,#5644,.T.);
#5644 = EDGE_CURVE('',#5637,#5637,#5645,.T.);
#5645 = CIRCLE('',#5646,0.4825);
#5646 = AXIS2_PLACEMENT_3D('',#5647,#5648,#5649);
#5647 = CARTESIAN_POINT('',(-99.17,43.815,-1.));
#5648 = DIRECTION('',(0.E+000,0.E+000,-1.));
#5649 = DIRECTION('',(1.,0.E+000,0.E+000));
#5650 = ORIENTED_EDGE('',*,*,#5634,.F.);
#5651 = ORIENTED_EDGE('',*,*,#5652,.F.);
#5652 = EDGE_CURVE('',#5635,#5635,#5653,.T.);
#5653 = CIRCLE('',#5654,0.4825);
#5654 = AXIS2_PLACEMENT_3D('',#5655,#5656,#5657);
#5655 = CARTESIAN_POINT('',(-99.17,43.815,0.E+000));
#5656 = DIRECTION('',(0.E+000,0.E+000,-1.));
#5657 = DIRECTION('',(1.,0.E+000,0.E+000));
#5658 = CYLINDRICAL_SURFACE('',#5659,0.4825);
#5659 = AXIS2_PLACEMENT_3D('',#5660,#5661,#5662);
#5660 = CARTESIAN_POINT('',(-99.17,43.815,0.E+000));
#5661 = DIRECTION('',(-0.E+000,-0.E+000,1.));
#5662 = DIRECTION('',(1.,0.E+000,0.E+000));
#5663 = ADVANCED_FACE('',(#5664),#5691,.F.);
#5664 = FACE_BOUND('',#5665,.T.);
#5665 = EDGE_LOOP('',(#5666,#5676,#5683,#5684));
#5666 = ORIENTED_EDGE('',*,*,#5667,.T.);
#5667 = EDGE_CURVE('',#5668,#5670,#5672,.T.);
#5668 = VERTEX_POINT('',#5669);
#5669 = CARTESIAN_POINT('',(-86.60483333333,44.675,0.E+000));
#5670 = VERTEX_POINT('',#5671);
#5671 = CARTESIAN_POINT('',(-86.60483333333,44.675,-1.));
#5672 = LINE('',#5673,#5674);
#5673 = CARTESIAN_POINT('',(-86.60483333333,44.675,0.E+000));
#5674 = VECTOR('',#5675,1.);
#5675 = DIRECTION('',(0.E+000,0.E+000,-1.));
#5676 = ORIENTED_EDGE('',*,*,#5677,.T.);
#5677 = EDGE_CURVE('',#5670,#5670,#5678,.T.);
#5678 = CIRCLE('',#5679,0.482666666667);
#5679 = AXIS2_PLACEMENT_3D('',#5680,#5681,#5682);
#5680 = CARTESIAN_POINT('',(-87.0875,44.675,-1.));
#5681 = DIRECTION('',(0.E+000,0.E+000,-1.));
#5682 = DIRECTION('',(1.,0.E+000,0.E+000));
#5683 = ORIENTED_EDGE('',*,*,#5667,.F.);
#5684 = ORIENTED_EDGE('',*,*,#5685,.F.);
#5685 = EDGE_CURVE('',#5668,#5668,#5686,.T.);
#5686 = CIRCLE('',#5687,0.482666666667);
#5687 = AXIS2_PLACEMENT_3D('',#5688,#5689,#5690);
#5688 = CARTESIAN_POINT('',(-87.0875,44.675,0.E+000));
#5689 = DIRECTION('',(0.E+000,0.E+000,-1.));
#5690 = DIRECTION('',(1.,0.E+000,0.E+000));
#5691 = CYLINDRICAL_SURFACE('',#5692,0.482666666667);
#5692 = AXIS2_PLACEMENT_3D('',#5693,#5694,#5695);
#5693 = CARTESIAN_POINT('',(-87.0875,44.675,0.E+000));
#5694 = DIRECTION('',(-0.E+000,-0.E+000,1.));
#5695 = DIRECTION('',(1.,0.E+000,0.E+000));
#5696 = ADVANCED_FACE('',(#5697),#5724,.F.);
#5697 = FACE_BOUND('',#5698,.T.);
#5698 = EDGE_LOOP('',(#5699,#5709,#5716,#5717));
#5699 = ORIENTED_EDGE('',*,*,#5700,.T.);
#5700 = EDGE_CURVE('',#5701,#5703,#5705,.T.);
#5701 = VERTEX_POINT('',#5702);
#5702 = CARTESIAN_POINT('',(-86.605,35.675,0.E+000));
#5703 = VERTEX_POINT('',#5704);
#5704 = CARTESIAN_POINT('',(-86.605,35.675,-1.));
#5705 = LINE('',#5706,#5707);
#5706 = CARTESIAN_POINT('',(-86.605,35.675,0.E+000));
#5707 = VECTOR('',#5708,1.);
#5708 = DIRECTION('',(0.E+000,0.E+000,-1.));
#5709 = ORIENTED_EDGE('',*,*,#5710,.T.);
#5710 = EDGE_CURVE('',#5703,#5703,#5711,.T.);
#5711 = CIRCLE('',#5712,0.4825);
#5712 = AXIS2_PLACEMENT_3D('',#5713,#5714,#5715);
#5713 = CARTESIAN_POINT('',(-87.0875,35.675,-1.));
#5714 = DIRECTION('',(0.E+000,0.E+000,-1.));
#5715 = DIRECTION('',(1.,0.E+000,0.E+000));
#5716 = ORIENTED_EDGE('',*,*,#5700,.F.);
#5717 = ORIENTED_EDGE('',*,*,#5718,.F.);
#5718 = EDGE_CURVE('',#5701,#5701,#5719,.T.);
#5719 = CIRCLE('',#5720,0.4825);
#5720 = AXIS2_PLACEMENT_3D('',#5721,#5722,#5723);
#5721 = CARTESIAN_POINT('',(-87.0875,35.675,0.E+000));
#5722 = DIRECTION('',(0.E+000,0.E+000,-1.));
#5723 = DIRECTION('',(1.,0.E+000,0.E+000));
#5724 = CYLINDRICAL_SURFACE('',#5725,0.4825);
#5725 = AXIS2_PLACEMENT_3D('',#5726,#5727,#5728);
#5726 = CARTESIAN_POINT('',(-87.0875,35.675,0.E+000));
#5727 = DIRECTION('',(-0.E+000,-0.E+000,1.));
#5728 = DIRECTION('',(1.,0.E+000,0.E+000));
#5729 = ADVANCED_FACE('',(#5730),#5757,.F.);
#5730 = FACE_BOUND('',#5731,.T.);
#5731 = EDGE_LOOP('',(#5732,#5742,#5749,#5750));
#5732 = ORIENTED_EDGE('',*,*,#5733,.T.);
#5733 = EDGE_CURVE('',#5734,#5736,#5738,.T.);
#5734 = VERTEX_POINT('',#5735);
#5735 = CARTESIAN_POINT('',(-90.09733333333,-20.73,0.E+000));
#5736 = VERTEX_POINT('',#5737);
#5737 = CARTESIAN_POINT('',(-90.09733333333,-20.73,-1.));
#5738 = LINE('',#5739,#5740);
#5739 = CARTESIAN_POINT('',(-90.09733333333,-20.73,0.E+000));
#5740 = VECTOR('',#5741,1.);
#5741 = DIRECTION('',(0.E+000,0.E+000,-1.));
#5742 = ORIENTED_EDGE('',*,*,#5743,.T.);
#5743 = EDGE_CURVE('',#5736,#5736,#5744,.T.);
#5744 = CIRCLE('',#5745,0.482666666667);
#5745 = AXIS2_PLACEMENT_3D('',#5746,#5747,#5748);
#5746 = CARTESIAN_POINT('',(-90.58,-20.73,-1.));
#5747 = DIRECTION('',(0.E+000,0.E+000,-1.));
#5748 = DIRECTION('',(1.,0.E+000,0.E+000));
#5749 = ORIENTED_EDGE('',*,*,#5733,.F.);
#5750 = ORIENTED_EDGE('',*,*,#5751,.F.);
#5751 = EDGE_CURVE('',#5734,#5734,#5752,.T.);
#5752 = CIRCLE('',#5753,0.482666666667);
#5753 = AXIS2_PLACEMENT_3D('',#5754,#5755,#5756);
#5754 = CARTESIAN_POINT('',(-90.58,-20.73,0.E+000));
#5755 = DIRECTION('',(0.E+000,0.E+000,-1.));
#5756 = DIRECTION('',(1.,0.E+000,0.E+000));
#5757 = CYLINDRICAL_SURFACE('',#5758,0.482666666667);
#5758 = AXIS2_PLACEMENT_3D('',#5759,#5760,#5761);
#5759 = CARTESIAN_POINT('',(-90.58,-20.73,0.E+000));
#5760 = DIRECTION('',(-0.E+000,-0.E+000,1.));
#5761 = DIRECTION('',(1.,0.E+000,0.E+000));
#5762 = ADVANCED_FACE('',(#5763),#5790,.F.);
#5763 = FACE_BOUND('',#5764,.T.);
#5764 = EDGE_LOOP('',(#5765,#5775,#5782,#5783));
#5765 = ORIENTED_EDGE('',*,*,#5766,.T.);
#5766 = EDGE_CURVE('',#5767,#5769,#5771,.T.);
#5767 = VERTEX_POINT('',#5768);
#5768 = CARTESIAN_POINT('',(-99.0975,-20.73,0.E+000));
#5769 = VERTEX_POINT('',#5770);
#5770 = CARTESIAN_POINT('',(-99.0975,-20.73,-1.));
#5771 = LINE('',#5772,#5773);
#5772 = CARTESIAN_POINT('',(-99.0975,-20.73,0.E+000));
#5773 = VECTOR('',#5774,1.);
#5774 = DIRECTION('',(0.E+000,0.E+000,-1.));
#5775 = ORIENTED_EDGE('',*,*,#5776,.T.);
#5776 = EDGE_CURVE('',#5769,#5769,#5777,.T.);
#5777 = CIRCLE('',#5778,0.4825);
#5778 = AXIS2_PLACEMENT_3D('',#5779,#5780,#5781);
#5779 = CARTESIAN_POINT('',(-99.58,-20.73,-1.));
#5780 = DIRECTION('',(0.E+000,0.E+000,-1.));
#5781 = DIRECTION('',(1.,0.E+000,0.E+000));
#5782 = ORIENTED_EDGE('',*,*,#5766,.F.);
#5783 = ORIENTED_EDGE('',*,*,#5784,.F.);
#5784 = EDGE_CURVE('',#5767,#5767,#5785,.T.);
#5785 = CIRCLE('',#5786,0.4825);
#5786 = AXIS2_PLACEMENT_3D('',#5787,#5788,#5789);
#5787 = CARTESIAN_POINT('',(-99.58,-20.73,0.E+000));
#5788 = DIRECTION('',(0.E+000,0.E+000,-1.));
#5789 = DIRECTION('',(1.,0.E+000,0.E+000));
#5790 = CYLINDRICAL_SURFACE('',#5791,0.4825);
#5791 = AXIS2_PLACEMENT_3D('',#5792,#5793,#5794);
#5792 = CARTESIAN_POINT('',(-99.58,-20.73,0.E+000));
#5793 = DIRECTION('',(-0.E+000,-0.E+000,1.));
#5794 = DIRECTION('',(1.,0.E+000,0.E+000));
#5795 = ADVANCED_FACE('',(#5796),#5823,.F.);
#5796 = FACE_BOUND('',#5797,.T.);
#5797 = EDGE_LOOP('',(#5798,#5808,#5815,#5816));
#5798 = ORIENTED_EDGE('',*,*,#5799,.T.);
#5799 = EDGE_CURVE('',#5800,#5802,#5804,.T.);
#5800 = VERTEX_POINT('',#5801);
#5801 = CARTESIAN_POINT('',(-90.09733333333,-24.54,0.E+000));
#5802 = VERTEX_POINT('',#5803);
#5803 = CARTESIAN_POINT('',(-90.09733333333,-24.54,-1.));
#5804 = LINE('',#5805,#5806);
#5805 = CARTESIAN_POINT('',(-90.09733333333,-24.54,0.E+000));
#5806 = VECTOR('',#5807,1.);
#5807 = DIRECTION('',(0.E+000,0.E+000,-1.));
#5808 = ORIENTED_EDGE('',*,*,#5809,.T.);
#5809 = EDGE_CURVE('',#5802,#5802,#5810,.T.);
#5810 = CIRCLE('',#5811,0.482666666667);
#5811 = AXIS2_PLACEMENT_3D('',#5812,#5813,#5814);
#5812 = CARTESIAN_POINT('',(-90.58,-24.54,-1.));
#5813 = DIRECTION('',(0.E+000,0.E+000,-1.));
#5814 = DIRECTION('',(1.,0.E+000,0.E+000));
#5815 = ORIENTED_EDGE('',*,*,#5799,.F.);
#5816 = ORIENTED_EDGE('',*,*,#5817,.F.);
#5817 = EDGE_CURVE('',#5800,#5800,#5818,.T.);
#5818 = CIRCLE('',#5819,0.482666666667);
#5819 = AXIS2_PLACEMENT_3D('',#5820,#5821,#5822);
#5820 = CARTESIAN_POINT('',(-90.58,-24.54,0.E+000));
#5821 = DIRECTION('',(0.E+000,0.E+000,-1.));
#5822 = DIRECTION('',(1.,0.E+000,0.E+000));
#5823 = CYLINDRICAL_SURFACE('',#5824,0.482666666667);
#5824 = AXIS2_PLACEMENT_3D('',#5825,#5826,#5827);
#5825 = CARTESIAN_POINT('',(-90.58,-24.54,0.E+000));
#5826 = DIRECTION('',(-0.E+000,-0.E+000,1.));
#5827 = DIRECTION('',(1.,0.E+000,0.E+000));
#5828 = ADVANCED_FACE('',(#5829),#5856,.F.);
#5829 = FACE_BOUND('',#5830,.T.);
#5830 = EDGE_LOOP('',(#5831,#5841,#5848,#5849));
#5831 = ORIENTED_EDGE('',*,*,#5832,.T.);
#5832 = EDGE_CURVE('',#5833,#5835,#5837,.T.);
#5833 = VERTEX_POINT('',#5834);
#5834 = CARTESIAN_POINT('',(-99.0975,-24.54,0.E+000));
#5835 = VERTEX_POINT('',#5836);
#5836 = CARTESIAN_POINT('',(-99.0975,-24.54,-1.));
#5837 = LINE('',#5838,#5839);
#5838 = CARTESIAN_POINT('',(-99.0975,-24.54,0.E+000));
#5839 = VECTOR('',#5840,1.);
#5840 = DIRECTION('',(0.E+000,0.E+000,-1.));
#5841 = ORIENTED_EDGE('',*,*,#5842,.T.);
#5842 = EDGE_CURVE('',#5835,#5835,#5843,.T.);
#5843 = CIRCLE('',#5844,0.4825);
#5844 = AXIS2_PLACEMENT_3D('',#5845,#5846,#5847);
#5845 = CARTESIAN_POINT('',(-99.58,-24.54,-1.));
#5846 = DIRECTION('',(0.E+000,0.E+000,-1.));
#5847 = DIRECTION('',(1.,0.E+000,0.E+000));
#5848 = ORIENTED_EDGE('',*,*,#5832,.F.);
#5849 = ORIENTED_EDGE('',*,*,#5850,.F.);
#5850 = EDGE_CURVE('',#5833,#5833,#5851,.T.);
#5851 = CIRCLE('',#5852,0.4825);
#5852 = AXIS2_PLACEMENT_3D('',#5853,#5854,#5855);
#5853 = CARTESIAN_POINT('',(-99.58,-24.54,0.E+000));
#5854 = DIRECTION('',(0.E+000,0.E+000,-1.));
#5855 = DIRECTION('',(1.,0.E+000,0.E+000));
#5856 = CYLINDRICAL_SURFACE('',#5857,0.4825);
#5857 = AXIS2_PLACEMENT_3D('',#5858,#5859,#5860);
#5858 = CARTESIAN_POINT('',(-99.58,-24.54,0.E+000));
#5859 = DIRECTION('',(-0.E+000,-0.E+000,1.));
#5860 = DIRECTION('',(1.,0.E+000,0.E+000));
#5861 = ADVANCED_FACE('',(#5862),#5889,.F.);
#5862 = FACE_BOUND('',#5863,.T.);
#5863 = EDGE_LOOP('',(#5864,#5874,#5881,#5882));
#5864 = ORIENTED_EDGE('',*,*,#5865,.T.);
#5865 = EDGE_CURVE('',#5866,#5868,#5870,.T.);
#5866 = VERTEX_POINT('',#5867);
#5867 = CARTESIAN_POINT('',(-113.9098333333,44.04,0.E+000));
#5868 = VERTEX_POINT('',#5869);
#5869 = CARTESIAN_POINT('',(-113.9098333333,44.04,-1.));
#5870 = LINE('',#5871,#5872);
#5871 = CARTESIAN_POINT('',(-113.9098333333,44.04,0.E+000));
#5872 = VECTOR('',#5873,1.);
#5873 = DIRECTION('',(0.E+000,0.E+000,-1.));
#5874 = ORIENTED_EDGE('',*,*,#5875,.T.);
#5875 = EDGE_CURVE('',#5868,#5868,#5876,.T.);
#5876 = CIRCLE('',#5877,0.482666666667);
#5877 = AXIS2_PLACEMENT_3D('',#5878,#5879,#5880);
#5878 = CARTESIAN_POINT('',(-114.3925,44.04,-1.));
#5879 = DIRECTION('',(0.E+000,0.E+000,-1.));
#5880 = DIRECTION('',(1.,0.E+000,0.E+000));
#5881 = ORIENTED_EDGE('',*,*,#5865,.F.);
#5882 = ORIENTED_EDGE('',*,*,#5883,.F.);
#5883 = EDGE_CURVE('',#5866,#5866,#5884,.T.);
#5884 = CIRCLE('',#5885,0.482666666667);
#5885 = AXIS2_PLACEMENT_3D('',#5886,#5887,#5888);
#5886 = CARTESIAN_POINT('',(-114.3925,44.04,0.E+000));
#5887 = DIRECTION('',(0.E+000,0.E+000,-1.));
#5888 = DIRECTION('',(1.,0.E+000,0.E+000));
#5889 = CYLINDRICAL_SURFACE('',#5890,0.482666666667);
#5890 = AXIS2_PLACEMENT_3D('',#5891,#5892,#5893);
#5891 = CARTESIAN_POINT('',(-114.3925,44.04,0.E+000));
#5892 = DIRECTION('',(-0.E+000,-0.E+000,1.));
#5893 = DIRECTION('',(1.,0.E+000,0.E+000));
#5894 = ADVANCED_FACE('',(#5895),#5922,.F.);
#5895 = FACE_BOUND('',#5896,.T.);
#5896 = EDGE_LOOP('',(#5897,#5907,#5914,#5915));
#5897 = ORIENTED_EDGE('',*,*,#5898,.T.);
#5898 = EDGE_CURVE('',#5899,#5901,#5903,.T.);
#5899 = VERTEX_POINT('',#5900);
#5900 = CARTESIAN_POINT('',(-104.91,44.04,0.E+000));
#5901 = VERTEX_POINT('',#5902);
#5902 = CARTESIAN_POINT('',(-104.91,44.04,-1.));
#5903 = LINE('',#5904,#5905);
#5904 = CARTESIAN_POINT('',(-104.91,44.04,0.E+000));
#5905 = VECTOR('',#5906,1.);
#5906 = DIRECTION('',(0.E+000,0.E+000,-1.));
#5907 = ORIENTED_EDGE('',*,*,#5908,.T.);
#5908 = EDGE_CURVE('',#5901,#5901,#5909,.T.);
#5909 = CIRCLE('',#5910,0.4825);
#5910 = AXIS2_PLACEMENT_3D('',#5911,#5912,#5913);
#5911 = CARTESIAN_POINT('',(-105.3925,44.04,-1.));
#5912 = DIRECTION('',(0.E+000,0.E+000,-1.));
#5913 = DIRECTION('',(1.,0.E+000,0.E+000));
#5914 = ORIENTED_EDGE('',*,*,#5898,.F.);
#5915 = ORIENTED_EDGE('',*,*,#5916,.F.);
#5916 = EDGE_CURVE('',#5899,#5899,#5917,.T.);
#5917 = CIRCLE('',#5918,0.4825);
#5918 = AXIS2_PLACEMENT_3D('',#5919,#5920,#5921);
#5919 = CARTESIAN_POINT('',(-105.3925,44.04,0.E+000));
#5920 = DIRECTION('',(0.E+000,0.E+000,-1.));
#5921 = DIRECTION('',(1.,0.E+000,0.E+000));
#5922 = CYLINDRICAL_SURFACE('',#5923,0.4825);
#5923 = AXIS2_PLACEMENT_3D('',#5924,#5925,#5926);
#5924 = CARTESIAN_POINT('',(-105.3925,44.04,0.E+000));
#5925 = DIRECTION('',(-0.E+000,-0.E+000,1.));
#5926 = DIRECTION('',(1.,0.E+000,0.E+000));
#5927 = ADVANCED_FACE('',(#5928),#5955,.F.);
#5928 = FACE_BOUND('',#5929,.T.);
#5929 = EDGE_LOOP('',(#5930,#5940,#5947,#5948));
#5930 = ORIENTED_EDGE('',*,*,#5931,.T.);
#5931 = EDGE_CURVE('',#5932,#5934,#5936,.T.);
#5932 = VERTEX_POINT('',#5933);
#5933 = CARTESIAN_POINT('',(-96.912,-2.2225,0.E+000));
#5934 = VERTEX_POINT('',#5935);
#5935 = CARTESIAN_POINT('',(-96.912,-2.2225,-1.));
#5936 = LINE('',#5937,#5938);
#5937 = CARTESIAN_POINT('',(-96.912,-2.2225,0.E+000));
#5938 = VECTOR('',#5939,1.);
#5939 = DIRECTION('',(0.E+000,0.E+000,-1.));
#5940 = ORIENTED_EDGE('',*,*,#5941,.T.);
#5941 = EDGE_CURVE('',#5934,#5934,#5942,.T.);
#5942 = CIRCLE('',#5943,0.243);
#5943 = AXIS2_PLACEMENT_3D('',#5944,#5945,#5946);
#5944 = CARTESIAN_POINT('',(-97.155,-2.2225,-1.));
#5945 = DIRECTION('',(0.E+000,0.E+000,-1.));
#5946 = DIRECTION('',(1.,0.E+000,0.E+000));
#5947 = ORIENTED_EDGE('',*,*,#5931,.F.);
#5948 = ORIENTED_EDGE('',*,*,#5949,.F.);
#5949 = EDGE_CURVE('',#5932,#5932,#5950,.T.);
#5950 = CIRCLE('',#5951,0.243);
#5951 = AXIS2_PLACEMENT_3D('',#5952,#5953,#5954);
#5952 = CARTESIAN_POINT('',(-97.155,-2.2225,0.E+000));
#5953 = DIRECTION('',(0.E+000,0.E+000,-1.));
#5954 = DIRECTION('',(1.,0.E+000,0.E+000));
#5955 = CYLINDRICAL_SURFACE('',#5956,0.243);
#5956 = AXIS2_PLACEMENT_3D('',#5957,#5958,#5959);
#5957 = CARTESIAN_POINT('',(-97.155,-2.2225,0.E+000));
#5958 = DIRECTION('',(-0.E+000,-0.E+000,1.));
#5959 = DIRECTION('',(1.,0.E+000,0.E+000));
#5960 = ADVANCED_FACE('',(#5961),#5988,.F.);
#5961 = FACE_BOUND('',#5962,.T.);
#5962 = EDGE_LOOP('',(#5963,#5973,#5980,#5981));
#5963 = ORIENTED_EDGE('',*,*,#5964,.T.);
#5964 = EDGE_CURVE('',#5965,#5967,#5969,.T.);
#5965 = VERTEX_POINT('',#5966);
#5966 = CARTESIAN_POINT('',(-74.3695,-6.6675,0.E+000));
#5967 = VERTEX_POINT('',#5968);
#5968 = CARTESIAN_POINT('',(-74.3695,-6.6675,-1.));
#5969 = LINE('',#5970,#5971);
#5970 = CARTESIAN_POINT('',(-74.3695,-6.6675,0.E+000));
#5971 = VECTOR('',#5972,1.);
#5972 = DIRECTION('',(0.E+000,0.E+000,-1.));
#5973 = ORIENTED_EDGE('',*,*,#5974,.T.);
#5974 = EDGE_CURVE('',#5967,#5967,#5975,.T.);
#5975 = CIRCLE('',#5976,0.243);
#5976 = AXIS2_PLACEMENT_3D('',#5977,#5978,#5979);
#5977 = CARTESIAN_POINT('',(-74.6125,-6.6675,-1.));
#5978 = DIRECTION('',(0.E+000,0.E+000,-1.));
#5979 = DIRECTION('',(1.,0.E+000,0.E+000));
#5980 = ORIENTED_EDGE('',*,*,#5964,.F.);
#5981 = ORIENTED_EDGE('',*,*,#5982,.F.);
#5982 = EDGE_CURVE('',#5965,#5965,#5983,.T.);
#5983 = CIRCLE('',#5984,0.243);
#5984 = AXIS2_PLACEMENT_3D('',#5985,#5986,#5987);
#5985 = CARTESIAN_POINT('',(-74.6125,-6.6675,0.E+000));
#5986 = DIRECTION('',(0.E+000,0.E+000,-1.));
#5987 = DIRECTION('',(1.,0.E+000,0.E+000));
#5988 = CYLINDRICAL_SURFACE('',#5989,0.243);
#5989 = AXIS2_PLACEMENT_3D('',#5990,#5991,#5992);
#5990 = CARTESIAN_POINT('',(-74.6125,-6.6675,0.E+000));
#5991 = DIRECTION('',(-0.E+000,-0.E+000,1.));
#5992 = DIRECTION('',(1.,0.E+000,0.E+000));
#5993 = ADVANCED_FACE('',(#5994),#6021,.F.);
#5994 = FACE_BOUND('',#5995,.T.);
#5995 = EDGE_LOOP('',(#5996,#6006,#6013,#6014));
#5996 = ORIENTED_EDGE('',*,*,#5997,.T.);
#5997 = EDGE_CURVE('',#5998,#6000,#6002,.T.);
#5998 = VERTEX_POINT('',#5999);
#5999 = CARTESIAN_POINT('',(-101.992,6.985,0.E+000));
#6000 = VERTEX_POINT('',#6001);
#6001 = CARTESIAN_POINT('',(-101.992,6.985,-1.));
#6002 = LINE('',#6003,#6004);
#6003 = CARTESIAN_POINT('',(-101.992,6.985,0.E+000));
#6004 = VECTOR('',#6005,1.);
#6005 = DIRECTION('',(0.E+000,0.E+000,-1.));
#6006 = ORIENTED_EDGE('',*,*,#6007,.T.);
#6007 = EDGE_CURVE('',#6000,#6000,#6008,.T.);
#6008 = CIRCLE('',#6009,0.243);
#6009 = AXIS2_PLACEMENT_3D('',#6010,#6011,#6012);
#6010 = CARTESIAN_POINT('',(-102.235,6.985,-1.));
#6011 = DIRECTION('',(0.E+000,0.E+000,-1.));
#6012 = DIRECTION('',(1.,0.E+000,0.E+000));
#6013 = ORIENTED_EDGE('',*,*,#5997,.F.);
#6014 = ORIENTED_EDGE('',*,*,#6015,.F.);
#6015 = EDGE_CURVE('',#5998,#5998,#6016,.T.);
#6016 = CIRCLE('',#6017,0.243);
#6017 = AXIS2_PLACEMENT_3D('',#6018,#6019,#6020);
#6018 = CARTESIAN_POINT('',(-102.235,6.985,0.E+000));
#6019 = DIRECTION('',(0.E+000,0.E+000,-1.));
#6020 = DIRECTION('',(1.,0.E+000,0.E+000));
#6021 = CYLINDRICAL_SURFACE('',#6022,0.243);
#6022 = AXIS2_PLACEMENT_3D('',#6023,#6024,#6025);
#6023 = CARTESIAN_POINT('',(-102.235,6.985,0.E+000));
#6024 = DIRECTION('',(-0.E+000,-0.E+000,1.));
#6025 = DIRECTION('',(1.,0.E+000,0.E+000));
#6026 = ADVANCED_FACE('',(#6027),#6054,.F.);
#6027 = FACE_BOUND('',#6028,.T.);
#6028 = EDGE_LOOP('',(#6029,#6039,#6046,#6047));
#6029 = ORIENTED_EDGE('',*,*,#6030,.T.);
#6030 = EDGE_CURVE('',#6031,#6033,#6035,.T.);
#6031 = VERTEX_POINT('',#6032);
#6032 = CARTESIAN_POINT('',(-103.897,9.525,0.E+000));
#6033 = VERTEX_POINT('',#6034);
#6034 = CARTESIAN_POINT('',(-103.897,9.525,-1.));
#6035 = LINE('',#6036,#6037);
#6036 = CARTESIAN_POINT('',(-103.897,9.525,0.E+000));
#6037 = VECTOR('',#6038,1.);
#6038 = DIRECTION('',(0.E+000,0.E+000,-1.));
#6039 = ORIENTED_EDGE('',*,*,#6040,.T.);
#6040 = EDGE_CURVE('',#6033,#6033,#6041,.T.);
#6041 = CIRCLE('',#6042,0.243);
#6042 = AXIS2_PLACEMENT_3D('',#6043,#6044,#6045);
#6043 = CARTESIAN_POINT('',(-104.14,9.525,-1.));
#6044 = DIRECTION('',(0.E+000,0.E+000,-1.));
#6045 = DIRECTION('',(1.,0.E+000,0.E+000));
#6046 = ORIENTED_EDGE('',*,*,#6030,.F.);
#6047 = ORIENTED_EDGE('',*,*,#6048,.F.);
#6048 = EDGE_CURVE('',#6031,#6031,#6049,.T.);
#6049 = CIRCLE('',#6050,0.243);
#6050 = AXIS2_PLACEMENT_3D('',#6051,#6052,#6053);
#6051 = CARTESIAN_POINT('',(-104.14,9.525,0.E+000));
#6052 = DIRECTION('',(0.E+000,0.E+000,-1.));
#6053 = DIRECTION('',(1.,0.E+000,0.E+000));
#6054 = CYLINDRICAL_SURFACE('',#6055,0.243);
#6055 = AXIS2_PLACEMENT_3D('',#6056,#6057,#6058);
#6056 = CARTESIAN_POINT('',(-104.14,9.525,0.E+000));
#6057 = DIRECTION('',(-0.E+000,-0.E+000,1.));
#6058 = DIRECTION('',(1.,0.E+000,0.E+000));
#6059 = ADVANCED_FACE('',(#6060),#6087,.F.);
#6060 = FACE_BOUND('',#6061,.T.);
#6061 = EDGE_LOOP('',(#6062,#6072,#6079,#6080));
#6062 = ORIENTED_EDGE('',*,*,#6063,.T.);
#6063 = EDGE_CURVE('',#6064,#6066,#6068,.T.);
#6064 = VERTEX_POINT('',#6065);
#6065 = CARTESIAN_POINT('',(-86.8445,32.61,0.E+000));
#6066 = VERTEX_POINT('',#6067);
#6067 = CARTESIAN_POINT('',(-86.8445,32.61,-1.));
#6068 = LINE('',#6069,#6070);
#6069 = CARTESIAN_POINT('',(-86.8445,32.61,0.E+000));
#6070 = VECTOR('',#6071,1.);
#6071 = DIRECTION('',(0.E+000,0.E+000,-1.));
#6072 = ORIENTED_EDGE('',*,*,#6073,.T.);
#6073 = EDGE_CURVE('',#6066,#6066,#6074,.T.);
#6074 = CIRCLE('',#6075,0.243);
#6075 = AXIS2_PLACEMENT_3D('',#6076,#6077,#6078);
#6076 = CARTESIAN_POINT('',(-87.0875,32.61,-1.));
#6077 = DIRECTION('',(0.E+000,0.E+000,-1.));
#6078 = DIRECTION('',(1.,0.E+000,0.E+000));
#6079 = ORIENTED_EDGE('',*,*,#6063,.F.);
#6080 = ORIENTED_EDGE('',*,*,#6081,.F.);
#6081 = EDGE_CURVE('',#6064,#6064,#6082,.T.);
#6082 = CIRCLE('',#6083,0.243);
#6083 = AXIS2_PLACEMENT_3D('',#6084,#6085,#6086);
#6084 = CARTESIAN_POINT('',(-87.0875,32.61,0.E+000));
#6085 = DIRECTION('',(0.E+000,0.E+000,-1.));
#6086 = DIRECTION('',(1.,0.E+000,0.E+000));
#6087 = CYLINDRICAL_SURFACE('',#6088,0.243);
#6088 = AXIS2_PLACEMENT_3D('',#6089,#6090,#6091);
#6089 = CARTESIAN_POINT('',(-87.0875,32.61,0.E+000));
#6090 = DIRECTION('',(-0.E+000,-0.E+000,1.));
#6091 = DIRECTION('',(1.,0.E+000,0.E+000));
#6092 = ADVANCED_FACE('',(#6093),#6120,.F.);
#6093 = FACE_BOUND('',#6094,.T.);
#6094 = EDGE_LOOP('',(#6095,#6105,#6112,#6113));
#6095 = ORIENTED_EDGE('',*,*,#6096,.T.);
#6096 = EDGE_CURVE('',#6097,#6099,#6101,.T.);
#6097 = VERTEX_POINT('',#6098);
#6098 = CARTESIAN_POINT('',(-86.8445,30.3875,0.E+000));
#6099 = VERTEX_POINT('',#6100);
#6100 = CARTESIAN_POINT('',(-86.8445,30.3875,-1.));
#6101 = LINE('',#6102,#6103);
#6102 = CARTESIAN_POINT('',(-86.8445,30.3875,0.E+000));
#6103 = VECTOR('',#6104,1.);
#6104 = DIRECTION('',(0.E+000,0.E+000,-1.));
#6105 = ORIENTED_EDGE('',*,*,#6106,.T.);
#6106 = EDGE_CURVE('',#6099,#6099,#6107,.T.);
#6107 = CIRCLE('',#6108,0.243);
#6108 = AXIS2_PLACEMENT_3D('',#6109,#6110,#6111);
#6109 = CARTESIAN_POINT('',(-87.0875,30.3875,-1.));
#6110 = DIRECTION('',(0.E+000,0.E+000,-1.));
#6111 = DIRECTION('',(1.,0.E+000,0.E+000));
#6112 = ORIENTED_EDGE('',*,*,#6096,.F.);
#6113 = ORIENTED_EDGE('',*,*,#6114,.F.);
#6114 = EDGE_CURVE('',#6097,#6097,#6115,.T.);
#6115 = CIRCLE('',#6116,0.243);
#6116 = AXIS2_PLACEMENT_3D('',#6117,#6118,#6119);
#6117 = CARTESIAN_POINT('',(-87.0875,30.3875,0.E+000));
#6118 = DIRECTION('',(0.E+000,0.E+000,-1.));
#6119 = DIRECTION('',(1.,0.E+000,0.E+000));
#6120 = CYLINDRICAL_SURFACE('',#6121,0.243);
#6121 = AXIS2_PLACEMENT_3D('',#6122,#6123,#6124);
#6122 = CARTESIAN_POINT('',(-87.0875,30.3875,0.E+000));
#6123 = DIRECTION('',(-0.E+000,-0.E+000,1.));
#6124 = DIRECTION('',(1.,0.E+000,0.E+000));
#6125 = ADVANCED_FACE('',(#6126),#6153,.F.);
#6126 = FACE_BOUND('',#6127,.T.);
#6127 = EDGE_LOOP('',(#6128,#6138,#6145,#6146));
#6128 = ORIENTED_EDGE('',*,*,#6129,.T.);
#6129 = EDGE_CURVE('',#6130,#6132,#6134,.T.);
#6130 = VERTEX_POINT('',#6131);
#6131 = CARTESIAN_POINT('',(-86.8445,27.8475,0.E+000));
#6132 = VERTEX_POINT('',#6133);
#6133 = CARTESIAN_POINT('',(-86.8445,27.8475,-1.));
#6134 = LINE('',#6135,#6136);
#6135 = CARTESIAN_POINT('',(-86.8445,27.8475,0.E+000));
#6136 = VECTOR('',#6137,1.);
#6137 = DIRECTION('',(0.E+000,0.E+000,-1.));
#6138 = ORIENTED_EDGE('',*,*,#6139,.T.);
#6139 = EDGE_CURVE('',#6132,#6132,#6140,.T.);
#6140 = CIRCLE('',#6141,0.243);
#6141 = AXIS2_PLACEMENT_3D('',#6142,#6143,#6144);
#6142 = CARTESIAN_POINT('',(-87.0875,27.8475,-1.));
#6143 = DIRECTION('',(0.E+000,0.E+000,-1.));
#6144 = DIRECTION('',(1.,0.E+000,0.E+000));
#6145 = ORIENTED_EDGE('',*,*,#6129,.F.);
#6146 = ORIENTED_EDGE('',*,*,#6147,.F.);
#6147 = EDGE_CURVE('',#6130,#6130,#6148,.T.);
#6148 = CIRCLE('',#6149,0.243);
#6149 = AXIS2_PLACEMENT_3D('',#6150,#6151,#6152);
#6150 = CARTESIAN_POINT('',(-87.0875,27.8475,0.E+000));
#6151 = DIRECTION('',(0.E+000,0.E+000,-1.));
#6152 = DIRECTION('',(1.,0.E+000,0.E+000));
#6153 = CYLINDRICAL_SURFACE('',#6154,0.243);
#6154 = AXIS2_PLACEMENT_3D('',#6155,#6156,#6157);
#6155 = CARTESIAN_POINT('',(-87.0875,27.8475,0.E+000));
#6156 = DIRECTION('',(-0.E+000,-0.E+000,1.));
#6157 = DIRECTION('',(1.,0.E+000,0.E+000));
#6158 = ADVANCED_FACE('',(#6159),#6186,.F.);
#6159 = FACE_BOUND('',#6160,.T.);
#6160 = EDGE_LOOP('',(#6161,#6171,#6178,#6179));
#6161 = ORIENTED_EDGE('',*,*,#6162,.T.);
#6162 = EDGE_CURVE('',#6163,#6165,#6167,.T.);
#6163 = VERTEX_POINT('',#6164);
#6164 = CARTESIAN_POINT('',(-87.162,25.9425,0.E+000));
#6165 = VERTEX_POINT('',#6166);
#6166 = CARTESIAN_POINT('',(-87.162,25.9425,-1.));
#6167 = LINE('',#6168,#6169);
#6168 = CARTESIAN_POINT('',(-87.162,25.9425,0.E+000));
#6169 = VECTOR('',#6170,1.);
#6170 = DIRECTION('',(0.E+000,0.E+000,-1.));
#6171 = ORIENTED_EDGE('',*,*,#6172,.T.);
#6172 = EDGE_CURVE('',#6165,#6165,#6173,.T.);
#6173 = CIRCLE('',#6174,0.243);
#6174 = AXIS2_PLACEMENT_3D('',#6175,#6176,#6177);
#6175 = CARTESIAN_POINT('',(-87.405,25.9425,-1.));
#6176 = DIRECTION('',(0.E+000,0.E+000,-1.));
#6177 = DIRECTION('',(1.,0.E+000,0.E+000));
#6178 = ORIENTED_EDGE('',*,*,#6162,.F.);
#6179 = ORIENTED_EDGE('',*,*,#6180,.F.);
#6180 = EDGE_CURVE('',#6163,#6163,#6181,.T.);
#6181 = CIRCLE('',#6182,0.243);
#6182 = AXIS2_PLACEMENT_3D('',#6183,#6184,#6185);
#6183 = CARTESIAN_POINT('',(-87.405,25.9425,0.E+000));
#6184 = DIRECTION('',(0.E+000,0.E+000,-1.));
#6185 = DIRECTION('',(1.,0.E+000,0.E+000));
#6186 = CYLINDRICAL_SURFACE('',#6187,0.243);
#6187 = AXIS2_PLACEMENT_3D('',#6188,#6189,#6190);
#6188 = CARTESIAN_POINT('',(-87.405,25.9425,0.E+000));
#6189 = DIRECTION('',(-0.E+000,-0.E+000,1.));
#6190 = DIRECTION('',(1.,0.E+000,0.E+000));
#6191 = ADVANCED_FACE('',(#6192),#6219,.F.);
#6192 = FACE_BOUND('',#6193,.T.);
#6193 = EDGE_LOOP('',(#6194,#6204,#6211,#6212));
#6194 = ORIENTED_EDGE('',*,*,#6195,.T.);
#6195 = EDGE_CURVE('',#6196,#6198,#6200,.T.);
#6196 = VERTEX_POINT('',#6197);
#6197 = CARTESIAN_POINT('',(-87.0695,12.3825,0.E+000));
#6198 = VERTEX_POINT('',#6199);
#6199 = CARTESIAN_POINT('',(-87.0695,12.3825,-1.));
#6200 = LINE('',#6201,#6202);
#6201 = CARTESIAN_POINT('',(-87.0695,12.3825,0.E+000));
#6202 = VECTOR('',#6203,1.);
#6203 = DIRECTION('',(0.E+000,0.E+000,-1.));
#6204 = ORIENTED_EDGE('',*,*,#6205,.T.);
#6205 = EDGE_CURVE('',#6198,#6198,#6206,.T.);
#6206 = CIRCLE('',#6207,0.243);
#6207 = AXIS2_PLACEMENT_3D('',#6208,#6209,#6210);
#6208 = CARTESIAN_POINT('',(-87.3125,12.3825,-1.));
#6209 = DIRECTION('',(0.E+000,0.E+000,-1.));
#6210 = DIRECTION('',(1.,0.E+000,0.E+000));
#6211 = ORIENTED_EDGE('',*,*,#6195,.F.);
#6212 = ORIENTED_EDGE('',*,*,#6213,.F.);
#6213 = EDGE_CURVE('',#6196,#6196,#6214,.T.);
#6214 = CIRCLE('',#6215,0.243);
#6215 = AXIS2_PLACEMENT_3D('',#6216,#6217,#6218);
#6216 = CARTESIAN_POINT('',(-87.3125,12.3825,0.E+000));
#6217 = DIRECTION('',(0.E+000,0.E+000,-1.));
#6218 = DIRECTION('',(1.,0.E+000,0.E+000));
#6219 = CYLINDRICAL_SURFACE('',#6220,0.243);
#6220 = AXIS2_PLACEMENT_3D('',#6221,#6222,#6223);
#6221 = CARTESIAN_POINT('',(-87.3125,12.3825,0.E+000));
#6222 = DIRECTION('',(-0.E+000,-0.E+000,1.));
#6223 = DIRECTION('',(1.,0.E+000,0.E+000));
#6224 = ADVANCED_FACE('',(#6225),#6252,.F.);
#6225 = FACE_BOUND('',#6226,.T.);
#6226 = EDGE_LOOP('',(#6227,#6237,#6244,#6245));
#6227 = ORIENTED_EDGE('',*,*,#6228,.T.);
#6228 = EDGE_CURVE('',#6229,#6231,#6233,.T.);
#6229 = VERTEX_POINT('',#6230);
#6230 = CARTESIAN_POINT('',(-87.0695,9.8425,0.E+000));
#6231 = VERTEX_POINT('',#6232);
#6232 = CARTESIAN_POINT('',(-87.0695,9.8425,-1.));
#6233 = LINE('',#6234,#6235);
#6234 = CARTESIAN_POINT('',(-87.0695,9.8425,0.E+000));
#6235 = VECTOR('',#6236,1.);
#6236 = DIRECTION('',(0.E+000,0.E+000,-1.));
#6237 = ORIENTED_EDGE('',*,*,#6238,.T.);
#6238 = EDGE_CURVE('',#6231,#6231,#6239,.T.);
#6239 = CIRCLE('',#6240,0.243);
#6240 = AXIS2_PLACEMENT_3D('',#6241,#6242,#6243);
#6241 = CARTESIAN_POINT('',(-87.3125,9.8425,-1.));
#6242 = DIRECTION('',(0.E+000,0.E+000,-1.));
#6243 = DIRECTION('',(1.,0.E+000,0.E+000));
#6244 = ORIENTED_EDGE('',*,*,#6228,.F.);
#6245 = ORIENTED_EDGE('',*,*,#6246,.F.);
#6246 = EDGE_CURVE('',#6229,#6229,#6247,.T.);
#6247 = CIRCLE('',#6248,0.243);
#6248 = AXIS2_PLACEMENT_3D('',#6249,#6250,#6251);
#6249 = CARTESIAN_POINT('',(-87.3125,9.8425,0.E+000));
#6250 = DIRECTION('',(0.E+000,0.E+000,-1.));
#6251 = DIRECTION('',(1.,0.E+000,0.E+000));
#6252 = CYLINDRICAL_SURFACE('',#6253,0.243);
#6253 = AXIS2_PLACEMENT_3D('',#6254,#6255,#6256);
#6254 = CARTESIAN_POINT('',(-87.3125,9.8425,0.E+000));
#6255 = DIRECTION('',(-0.E+000,-0.E+000,1.));
#6256 = DIRECTION('',(1.,0.E+000,0.E+000));
#6257 = ADVANCED_FACE('',(#6258),#6285,.F.);
#6258 = FACE_BOUND('',#6259,.T.);
#6259 = EDGE_LOOP('',(#6260,#6270,#6277,#6278));
#6260 = ORIENTED_EDGE('',*,*,#6261,.T.);
#6261 = EDGE_CURVE('',#6262,#6264,#6266,.T.);
#6262 = VERTEX_POINT('',#6263);
#6263 = CARTESIAN_POINT('',(-101.0395,2.2225,0.E+000));
#6264 = VERTEX_POINT('',#6265);
#6265 = CARTESIAN_POINT('',(-101.0395,2.2225,-1.));
#6266 = LINE('',#6267,#6268);
#6267 = CARTESIAN_POINT('',(-101.0395,2.2225,0.E+000));
#6268 = VECTOR('',#6269,1.);
#6269 = DIRECTION('',(0.E+000,0.E+000,-1.));
#6270 = ORIENTED_EDGE('',*,*,#6271,.T.);
#6271 = EDGE_CURVE('',#6264,#6264,#6272,.T.);
#6272 = CIRCLE('',#6273,0.243);
#6273 = AXIS2_PLACEMENT_3D('',#6274,#6275,#6276);
#6274 = CARTESIAN_POINT('',(-101.2825,2.2225,-1.));
#6275 = DIRECTION('',(0.E+000,0.E+000,-1.));
#6276 = DIRECTION('',(1.,0.E+000,0.E+000));
#6277 = ORIENTED_EDGE('',*,*,#6261,.F.);
#6278 = ORIENTED_EDGE('',*,*,#6279,.F.);
#6279 = EDGE_CURVE('',#6262,#6262,#6280,.T.);
#6280 = CIRCLE('',#6281,0.243);
#6281 = AXIS2_PLACEMENT_3D('',#6282,#6283,#6284);
#6282 = CARTESIAN_POINT('',(-101.2825,2.2225,0.E+000));
#6283 = DIRECTION('',(0.E+000,0.E+000,-1.));
#6284 = DIRECTION('',(1.,0.E+000,0.E+000));
#6285 = CYLINDRICAL_SURFACE('',#6286,0.243);
#6286 = AXIS2_PLACEMENT_3D('',#6287,#6288,#6289);
#6287 = CARTESIAN_POINT('',(-101.2825,2.2225,0.E+000));
#6288 = DIRECTION('',(-0.E+000,-0.E+000,1.));
#6289 = DIRECTION('',(1.,0.E+000,0.E+000));
#6290 = ADVANCED_FACE('',(#6291),#6318,.F.);
#6291 = FACE_BOUND('',#6292,.T.);
#6292 = EDGE_LOOP('',(#6293,#6303,#6310,#6311));
#6293 = ORIENTED_EDGE('',*,*,#6294,.T.);
#6294 = EDGE_CURVE('',#6295,#6297,#6299,.T.);
#6295 = VERTEX_POINT('',#6296);
#6296 = CARTESIAN_POINT('',(-101.6745,4.445,0.E+000));
#6297 = VERTEX_POINT('',#6298);
#6298 = CARTESIAN_POINT('',(-101.6745,4.445,-1.));
#6299 = LINE('',#6300,#6301);
#6300 = CARTESIAN_POINT('',(-101.6745,4.445,0.E+000));
#6301 = VECTOR('',#6302,1.);
#6302 = DIRECTION('',(0.E+000,0.E+000,-1.));
#6303 = ORIENTED_EDGE('',*,*,#6304,.T.);
#6304 = EDGE_CURVE('',#6297,#6297,#6305,.T.);
#6305 = CIRCLE('',#6306,0.243);
#6306 = AXIS2_PLACEMENT_3D('',#6307,#6308,#6309);
#6307 = CARTESIAN_POINT('',(-101.9175,4.445,-1.));
#6308 = DIRECTION('',(0.E+000,0.E+000,-1.));
#6309 = DIRECTION('',(1.,0.E+000,0.E+000));
#6310 = ORIENTED_EDGE('',*,*,#6294,.F.);
#6311 = ORIENTED_EDGE('',*,*,#6312,.F.);
#6312 = EDGE_CURVE('',#6295,#6295,#6313,.T.);
#6313 = CIRCLE('',#6314,0.243);
#6314 = AXIS2_PLACEMENT_3D('',#6315,#6316,#6317);
#6315 = CARTESIAN_POINT('',(-101.9175,4.445,0.E+000));
#6316 = DIRECTION('',(0.E+000,0.E+000,-1.));
#6317 = DIRECTION('',(1.,0.E+000,0.E+000));
#6318 = CYLINDRICAL_SURFACE('',#6319,0.243);
#6319 = AXIS2_PLACEMENT_3D('',#6320,#6321,#6322);
#6320 = CARTESIAN_POINT('',(-101.9175,4.445,0.E+000));
#6321 = DIRECTION('',(-0.E+000,-0.E+000,1.));
#6322 = DIRECTION('',(1.,0.E+000,0.E+000));
#6323 = ADVANCED_FACE('',(#6324),#6351,.F.);
#6324 = FACE_BOUND('',#6325,.T.);
#6325 = EDGE_LOOP('',(#6326,#6336,#6343,#6344));
#6326 = ORIENTED_EDGE('',*,*,#6327,.T.);
#6327 = EDGE_CURVE('',#6328,#6330,#6332,.T.);
#6328 = VERTEX_POINT('',#6329);
#6329 = CARTESIAN_POINT('',(-102.627,27.6225,0.E+000));
#6330 = VERTEX_POINT('',#6331);
#6331 = CARTESIAN_POINT('',(-102.627,27.6225,-1.));
#6332 = LINE('',#6333,#6334);
#6333 = CARTESIAN_POINT('',(-102.627,27.6225,0.E+000));
#6334 = VECTOR('',#6335,1.);
#6335 = DIRECTION('',(0.E+000,0.E+000,-1.));
#6336 = ORIENTED_EDGE('',*,*,#6337,.T.);
#6337 = EDGE_CURVE('',#6330,#6330,#6338,.T.);
#6338 = CIRCLE('',#6339,0.243);
#6339 = AXIS2_PLACEMENT_3D('',#6340,#6341,#6342);
#6340 = CARTESIAN_POINT('',(-102.87,27.6225,-1.));
#6341 = DIRECTION('',(0.E+000,0.E+000,-1.));
#6342 = DIRECTION('',(1.,0.E+000,0.E+000));
#6343 = ORIENTED_EDGE('',*,*,#6327,.F.);
#6344 = ORIENTED_EDGE('',*,*,#6345,.F.);
#6345 = EDGE_CURVE('',#6328,#6328,#6346,.T.);
#6346 = CIRCLE('',#6347,0.243);
#6347 = AXIS2_PLACEMENT_3D('',#6348,#6349,#6350);
#6348 = CARTESIAN_POINT('',(-102.87,27.6225,0.E+000));
#6349 = DIRECTION('',(0.E+000,0.E+000,-1.));
#6350 = DIRECTION('',(1.,0.E+000,0.E+000));
#6351 = CYLINDRICAL_SURFACE('',#6352,0.243);
#6352 = AXIS2_PLACEMENT_3D('',#6353,#6354,#6355);
#6353 = CARTESIAN_POINT('',(-102.87,27.6225,0.E+000));
#6354 = DIRECTION('',(-0.E+000,-0.E+000,1.));
#6355 = DIRECTION('',(1.,0.E+000,0.E+000));
#6356 = ADVANCED_FACE('',(#6357),#6384,.F.);
#6357 = FACE_BOUND('',#6358,.T.);
#6358 = EDGE_LOOP('',(#6359,#6369,#6376,#6377));
#6359 = ORIENTED_EDGE('',*,*,#6360,.T.);
#6360 = EDGE_CURVE('',#6361,#6363,#6365,.T.);
#6361 = VERTEX_POINT('',#6362);
#6362 = CARTESIAN_POINT('',(-102.627,25.0825,0.E+000));
#6363 = VERTEX_POINT('',#6364);
#6364 = CARTESIAN_POINT('',(-102.627,25.0825,-1.));
#6365 = LINE('',#6366,#6367);
#6366 = CARTESIAN_POINT('',(-102.627,25.0825,0.E+000));
#6367 = VECTOR('',#6368,1.);
#6368 = DIRECTION('',(0.E+000,0.E+000,-1.));
#6369 = ORIENTED_EDGE('',*,*,#6370,.T.);
#6370 = EDGE_CURVE('',#6363,#6363,#6371,.T.);
#6371 = CIRCLE('',#6372,0.243);
#6372 = AXIS2_PLACEMENT_3D('',#6373,#6374,#6375);
#6373 = CARTESIAN_POINT('',(-102.87,25.0825,-1.));
#6374 = DIRECTION('',(0.E+000,0.E+000,-1.));
#6375 = DIRECTION('',(1.,0.E+000,0.E+000));
#6376 = ORIENTED_EDGE('',*,*,#6360,.F.);
#6377 = ORIENTED_EDGE('',*,*,#6378,.F.);
#6378 = EDGE_CURVE('',#6361,#6361,#6379,.T.);
#6379 = CIRCLE('',#6380,0.243);
#6380 = AXIS2_PLACEMENT_3D('',#6381,#6382,#6383);
#6381 = CARTESIAN_POINT('',(-102.87,25.0825,0.E+000));
#6382 = DIRECTION('',(0.E+000,0.E+000,-1.));
#6383 = DIRECTION('',(1.,0.E+000,0.E+000));
#6384 = CYLINDRICAL_SURFACE('',#6385,0.243);
#6385 = AXIS2_PLACEMENT_3D('',#6386,#6387,#6388);
#6386 = CARTESIAN_POINT('',(-102.87,25.0825,0.E+000));
#6387 = DIRECTION('',(-0.E+000,-0.E+000,1.));
#6388 = DIRECTION('',(1.,0.E+000,0.E+000));
#6389 = ADVANCED_FACE('',(#6390),#6417,.F.);
#6390 = FACE_BOUND('',#6391,.T.);
#6391 = EDGE_LOOP('',(#6392,#6402,#6409,#6410));
#6392 = ORIENTED_EDGE('',*,*,#6393,.T.);
#6393 = EDGE_CURVE('',#6394,#6396,#6398,.T.);
#6394 = VERTEX_POINT('',#6395);
#6395 = CARTESIAN_POINT('',(-101.992,34.29,0.E+000));
#6396 = VERTEX_POINT('',#6397);
#6397 = CARTESIAN_POINT('',(-101.992,34.29,-1.));
#6398 = LINE('',#6399,#6400);
#6399 = CARTESIAN_POINT('',(-101.992,34.29,0.E+000));
#6400 = VECTOR('',#6401,1.);
#6401 = DIRECTION('',(0.E+000,0.E+000,-1.));
#6402 = ORIENTED_EDGE('',*,*,#6403,.T.);
#6403 = EDGE_CURVE('',#6396,#6396,#6404,.T.);
#6404 = CIRCLE('',#6405,0.243);
#6405 = AXIS2_PLACEMENT_3D('',#6406,#6407,#6408);
#6406 = CARTESIAN_POINT('',(-102.235,34.29,-1.));
#6407 = DIRECTION('',(0.E+000,0.E+000,-1.));
#6408 = DIRECTION('',(1.,0.E+000,0.E+000));
#6409 = ORIENTED_EDGE('',*,*,#6393,.F.);
#6410 = ORIENTED_EDGE('',*,*,#6411,.F.);
#6411 = EDGE_CURVE('',#6394,#6394,#6412,.T.);
#6412 = CIRCLE('',#6413,0.243);
#6413 = AXIS2_PLACEMENT_3D('',#6414,#6415,#6416);
#6414 = CARTESIAN_POINT('',(-102.235,34.29,0.E+000));
#6415 = DIRECTION('',(0.E+000,0.E+000,-1.));
#6416 = DIRECTION('',(1.,0.E+000,0.E+000));
#6417 = CYLINDRICAL_SURFACE('',#6418,0.243);
#6418 = AXIS2_PLACEMENT_3D('',#6419,#6420,#6421);
#6419 = CARTESIAN_POINT('',(-102.235,34.29,0.E+000));
#6420 = DIRECTION('',(-0.E+000,-0.E+000,1.));
#6421 = DIRECTION('',(1.,0.E+000,0.E+000));
#6422 = ADVANCED_FACE('',(#6423),#6450,.F.);
#6423 = FACE_BOUND('',#6424,.T.);
#6424 = EDGE_LOOP('',(#6425,#6435,#6442,#6443));
#6425 = ORIENTED_EDGE('',*,*,#6426,.T.);
#6426 = EDGE_CURVE('',#6427,#6429,#6431,.T.);
#6427 = VERTEX_POINT('',#6428);
#6428 = CARTESIAN_POINT('',(-67.067,24.765,0.E+000));
#6429 = VERTEX_POINT('',#6430);
#6430 = CARTESIAN_POINT('',(-67.067,24.765,-1.));
#6431 = LINE('',#6432,#6433);
#6432 = CARTESIAN_POINT('',(-67.067,24.765,0.E+000));
#6433 = VECTOR('',#6434,1.);
#6434 = DIRECTION('',(0.E+000,0.E+000,-1.));
#6435 = ORIENTED_EDGE('',*,*,#6436,.T.);
#6436 = EDGE_CURVE('',#6429,#6429,#6437,.T.);
#6437 = CIRCLE('',#6438,0.243);
#6438 = AXIS2_PLACEMENT_3D('',#6439,#6440,#6441);
#6439 = CARTESIAN_POINT('',(-67.31,24.765,-1.));
#6440 = DIRECTION('',(0.E+000,0.E+000,-1.));
#6441 = DIRECTION('',(1.,0.E+000,0.E+000));
#6442 = ORIENTED_EDGE('',*,*,#6426,.F.);
#6443 = ORIENTED_EDGE('',*,*,#6444,.F.);
#6444 = EDGE_CURVE('',#6427,#6427,#6445,.T.);
#6445 = CIRCLE('',#6446,0.243);
#6446 = AXIS2_PLACEMENT_3D('',#6447,#6448,#6449);
#6447 = CARTESIAN_POINT('',(-67.31,24.765,0.E+000));
#6448 = DIRECTION('',(0.E+000,0.E+000,-1.));
#6449 = DIRECTION('',(1.,0.E+000,0.E+000));
#6450 = CYLINDRICAL_SURFACE('',#6451,0.243);
#6451 = AXIS2_PLACEMENT_3D('',#6452,#6453,#6454);
#6452 = CARTESIAN_POINT('',(-67.31,24.765,0.E+000));
#6453 = DIRECTION('',(-0.E+000,-0.E+000,1.));
#6454 = DIRECTION('',(1.,0.E+000,0.E+000));
#6455 = ADVANCED_FACE('',(#6456),#6483,.F.);
#6456 = FACE_BOUND('',#6457,.T.);
#6457 = EDGE_LOOP('',(#6458,#6468,#6475,#6476));
#6458 = ORIENTED_EDGE('',*,*,#6459,.T.);
#6459 = EDGE_CURVE('',#6460,#6462,#6464,.T.);
#6460 = VERTEX_POINT('',#6461);
#6461 = CARTESIAN_POINT('',(-43.572,-6.985,0.E+000));
#6462 = VERTEX_POINT('',#6463);
#6463 = CARTESIAN_POINT('',(-43.572,-6.985,-1.));
#6464 = LINE('',#6465,#6466);
#6465 = CARTESIAN_POINT('',(-43.572,-6.985,0.E+000));
#6466 = VECTOR('',#6467,1.);
#6467 = DIRECTION('',(0.E+000,0.E+000,-1.));
#6468 = ORIENTED_EDGE('',*,*,#6469,.T.);
#6469 = EDGE_CURVE('',#6462,#6462,#6470,.T.);
#6470 = CIRCLE('',#6471,0.243);
#6471 = AXIS2_PLACEMENT_3D('',#6472,#6473,#6474);
#6472 = CARTESIAN_POINT('',(-43.815,-6.985,-1.));
#6473 = DIRECTION('',(0.E+000,0.E+000,-1.));
#6474 = DIRECTION('',(1.,0.E+000,0.E+000));
#6475 = ORIENTED_EDGE('',*,*,#6459,.F.);
#6476 = ORIENTED_EDGE('',*,*,#6477,.F.);
#6477 = EDGE_CURVE('',#6460,#6460,#6478,.T.);
#6478 = CIRCLE('',#6479,0.243);
#6479 = AXIS2_PLACEMENT_3D('',#6480,#6481,#6482);
#6480 = CARTESIAN_POINT('',(-43.815,-6.985,0.E+000));
#6481 = DIRECTION('',(0.E+000,0.E+000,-1.));
#6482 = DIRECTION('',(1.,0.E+000,0.E+000));
#6483 = CYLINDRICAL_SURFACE('',#6484,0.243);
#6484 = AXIS2_PLACEMENT_3D('',#6485,#6486,#6487);
#6485 = CARTESIAN_POINT('',(-43.815,-6.985,0.E+000));
#6486 = DIRECTION('',(-0.E+000,-0.E+000,1.));
#6487 = DIRECTION('',(1.,0.E+000,0.E+000));
#6488 = ADVANCED_FACE('',(#6489),#6516,.F.);
#6489 = FACE_BOUND('',#6490,.T.);
#6490 = EDGE_LOOP('',(#6491,#6501,#6508,#6509));
#6491 = ORIENTED_EDGE('',*,*,#6492,.T.);
#6492 = EDGE_CURVE('',#6493,#6495,#6497,.T.);
#6493 = VERTEX_POINT('',#6494);
#6494 = CARTESIAN_POINT('',(-52.872,36.7375,0.E+000));
#6495 = VERTEX_POINT('',#6496);
#6496 = CARTESIAN_POINT('',(-52.872,36.7375,-1.));
#6497 = LINE('',#6498,#6499);
#6498 = CARTESIAN_POINT('',(-52.872,36.7375,0.E+000));
#6499 = VECTOR('',#6500,1.);
#6500 = DIRECTION('',(0.E+000,0.E+000,-1.));
#6501 = ORIENTED_EDGE('',*,*,#6502,.T.);
#6502 = EDGE_CURVE('',#6495,#6495,#6503,.T.);
#6503 = CIRCLE('',#6504,0.243);
#6504 = AXIS2_PLACEMENT_3D('',#6505,#6506,#6507);
#6505 = CARTESIAN_POINT('',(-53.115,36.7375,-1.));
#6506 = DIRECTION('',(0.E+000,0.E+000,-1.));
#6507 = DIRECTION('',(1.,0.E+000,0.E+000));
#6508 = ORIENTED_EDGE('',*,*,#6492,.F.);
#6509 = ORIENTED_EDGE('',*,*,#6510,.F.);
#6510 = EDGE_CURVE('',#6493,#6493,#6511,.T.);
#6511 = CIRCLE('',#6512,0.243);
#6512 = AXIS2_PLACEMENT_3D('',#6513,#6514,#6515);
#6513 = CARTESIAN_POINT('',(-53.115,36.7375,0.E+000));
#6514 = DIRECTION('',(0.E+000,0.E+000,-1.));
#6515 = DIRECTION('',(1.,0.E+000,0.E+000));
#6516 = CYLINDRICAL_SURFACE('',#6517,0.243);
#6517 = AXIS2_PLACEMENT_3D('',#6518,#6519,#6520);
#6518 = CARTESIAN_POINT('',(-53.115,36.7375,0.E+000));
#6519 = DIRECTION('',(-0.E+000,-0.E+000,1.));
#6520 = DIRECTION('',(1.,0.E+000,0.E+000));
#6521 = ADVANCED_FACE('',(#6522),#6549,.F.);
#6522 = FACE_BOUND('',#6523,.T.);
#6523 = EDGE_LOOP('',(#6524,#6534,#6541,#6542));
#6524 = ORIENTED_EDGE('',*,*,#6525,.T.);
#6525 = EDGE_CURVE('',#6526,#6528,#6530,.T.);
#6526 = VERTEX_POINT('',#6527);
#6527 = CARTESIAN_POINT('',(-55.7295,38.0075,0.E+000));
#6528 = VERTEX_POINT('',#6529);
#6529 = CARTESIAN_POINT('',(-55.7295,38.0075,-1.));
#6530 = LINE('',#6531,#6532);
#6531 = CARTESIAN_POINT('',(-55.7295,38.0075,0.E+000));
#6532 = VECTOR('',#6533,1.);
#6533 = DIRECTION('',(0.E+000,0.E+000,-1.));
#6534 = ORIENTED_EDGE('',*,*,#6535,.T.);
#6535 = EDGE_CURVE('',#6528,#6528,#6536,.T.);
#6536 = CIRCLE('',#6537,0.243);
#6537 = AXIS2_PLACEMENT_3D('',#6538,#6539,#6540);
#6538 = CARTESIAN_POINT('',(-55.9725,38.0075,-1.));
#6539 = DIRECTION('',(0.E+000,0.E+000,-1.));
#6540 = DIRECTION('',(1.,0.E+000,0.E+000));
#6541 = ORIENTED_EDGE('',*,*,#6525,.F.);
#6542 = ORIENTED_EDGE('',*,*,#6543,.F.);
#6543 = EDGE_CURVE('',#6526,#6526,#6544,.T.);
#6544 = CIRCLE('',#6545,0.243);
#6545 = AXIS2_PLACEMENT_3D('',#6546,#6547,#6548);
#6546 = CARTESIAN_POINT('',(-55.9725,38.0075,0.E+000));
#6547 = DIRECTION('',(0.E+000,0.E+000,-1.));
#6548 = DIRECTION('',(1.,0.E+000,0.E+000));
#6549 = CYLINDRICAL_SURFACE('',#6550,0.243);
#6550 = AXIS2_PLACEMENT_3D('',#6551,#6552,#6553);
#6551 = CARTESIAN_POINT('',(-55.9725,38.0075,0.E+000));
#6552 = DIRECTION('',(-0.E+000,-0.E+000,1.));
#6553 = DIRECTION('',(1.,0.E+000,0.E+000));
#6554 = ADVANCED_FACE('',(#6555),#6582,.F.);
#6555 = FACE_BOUND('',#6556,.T.);
#6556 = EDGE_LOOP('',(#6557,#6567,#6574,#6575));
#6557 = ORIENTED_EDGE('',*,*,#6558,.T.);
#6558 = EDGE_CURVE('',#6559,#6561,#6563,.T.);
#6559 = VERTEX_POINT('',#6560);
#6560 = CARTESIAN_POINT('',(-79.542,35.4675,0.E+000));
#6561 = VERTEX_POINT('',#6562);
#6562 = CARTESIAN_POINT('',(-79.542,35.4675,-1.));
#6563 = LINE('',#6564,#6565);
#6564 = CARTESIAN_POINT('',(-79.542,35.4675,0.E+000));
#6565 = VECTOR('',#6566,1.);
#6566 = DIRECTION('',(0.E+000,0.E+000,-1.));
#6567 = ORIENTED_EDGE('',*,*,#6568,.T.);
#6568 = EDGE_CURVE('',#6561,#6561,#6569,.T.);
#6569 = CIRCLE('',#6570,0.243);
#6570 = AXIS2_PLACEMENT_3D('',#6571,#6572,#6573);
#6571 = CARTESIAN_POINT('',(-79.785,35.4675,-1.));
#6572 = DIRECTION('',(0.E+000,0.E+000,-1.));
#6573 = DIRECTION('',(1.,0.E+000,0.E+000));
#6574 = ORIENTED_EDGE('',*,*,#6558,.F.);
#6575 = ORIENTED_EDGE('',*,*,#6576,.F.);
#6576 = EDGE_CURVE('',#6559,#6559,#6577,.T.);
#6577 = CIRCLE('',#6578,0.243);
#6578 = AXIS2_PLACEMENT_3D('',#6579,#6580,#6581);
#6579 = CARTESIAN_POINT('',(-79.785,35.4675,0.E+000));
#6580 = DIRECTION('',(0.E+000,0.E+000,-1.));
#6581 = DIRECTION('',(1.,0.E+000,0.E+000));
#6582 = CYLINDRICAL_SURFACE('',#6583,0.243);
#6583 = AXIS2_PLACEMENT_3D('',#6584,#6585,#6586);
#6584 = CARTESIAN_POINT('',(-79.785,35.4675,0.E+000));
#6585 = DIRECTION('',(-0.E+000,-0.E+000,1.));
#6586 = DIRECTION('',(1.,0.E+000,0.E+000));
#6587 = ADVANCED_FACE('',(#6588),#6615,.F.);
#6588 = FACE_BOUND('',#6589,.T.);
#6589 = EDGE_LOOP('',(#6590,#6600,#6607,#6608));
#6590 = ORIENTED_EDGE('',*,*,#6591,.T.);
#6591 = EDGE_CURVE('',#6592,#6594,#6596,.T.);
#6592 = VERTEX_POINT('',#6593);
#6593 = CARTESIAN_POINT('',(-79.8595,32.9275,0.E+000));
#6594 = VERTEX_POINT('',#6595);
#6595 = CARTESIAN_POINT('',(-79.8595,32.9275,-1.));
#6596 = LINE('',#6597,#6598);
#6597 = CARTESIAN_POINT('',(-79.8595,32.9275,0.E+000));
#6598 = VECTOR('',#6599,1.);
#6599 = DIRECTION('',(0.E+000,0.E+000,-1.));
#6600 = ORIENTED_EDGE('',*,*,#6601,.T.);
#6601 = EDGE_CURVE('',#6594,#6594,#6602,.T.);
#6602 = CIRCLE('',#6603,0.243);
#6603 = AXIS2_PLACEMENT_3D('',#6604,#6605,#6606);
#6604 = CARTESIAN_POINT('',(-80.1025,32.9275,-1.));
#6605 = DIRECTION('',(0.E+000,0.E+000,-1.));
#6606 = DIRECTION('',(1.,0.E+000,0.E+000));
#6607 = ORIENTED_EDGE('',*,*,#6591,.F.);
#6608 = ORIENTED_EDGE('',*,*,#6609,.F.);
#6609 = EDGE_CURVE('',#6592,#6592,#6610,.T.);
#6610 = CIRCLE('',#6611,0.243);
#6611 = AXIS2_PLACEMENT_3D('',#6612,#6613,#6614);
#6612 = CARTESIAN_POINT('',(-80.1025,32.9275,0.E+000));
#6613 = DIRECTION('',(0.E+000,0.E+000,-1.));
#6614 = DIRECTION('',(1.,0.E+000,0.E+000));
#6615 = CYLINDRICAL_SURFACE('',#6616,0.243);
#6616 = AXIS2_PLACEMENT_3D('',#6617,#6618,#6619);
#6617 = CARTESIAN_POINT('',(-80.1025,32.9275,0.E+000));
#6618 = DIRECTION('',(-0.E+000,-0.E+000,1.));
#6619 = DIRECTION('',(1.,0.E+000,0.E+000));
#6620 = ADVANCED_FACE('',(#6621),#6648,.F.);
#6621 = FACE_BOUND('',#6622,.T.);
#6622 = EDGE_LOOP('',(#6623,#6633,#6640,#6641));
#6623 = ORIENTED_EDGE('',*,*,#6624,.T.);
#6624 = EDGE_CURVE('',#6625,#6627,#6629,.T.);
#6625 = VERTEX_POINT('',#6626);
#6626 = CARTESIAN_POINT('',(-80.812,11.3375,0.E+000));
#6627 = VERTEX_POINT('',#6628);
#6628 = CARTESIAN_POINT('',(-80.812,11.3375,-1.));
#6629 = LINE('',#6630,#6631);
#6630 = CARTESIAN_POINT('',(-80.812,11.3375,0.E+000));
#6631 = VECTOR('',#6632,1.);
#6632 = DIRECTION('',(0.E+000,0.E+000,-1.));
#6633 = ORIENTED_EDGE('',*,*,#6634,.T.);
#6634 = EDGE_CURVE('',#6627,#6627,#6635,.T.);
#6635 = CIRCLE('',#6636,0.243);
#6636 = AXIS2_PLACEMENT_3D('',#6637,#6638,#6639);
#6637 = CARTESIAN_POINT('',(-81.055,11.3375,-1.));
#6638 = DIRECTION('',(0.E+000,0.E+000,-1.));
#6639 = DIRECTION('',(1.,0.E+000,0.E+000));
#6640 = ORIENTED_EDGE('',*,*,#6624,.F.);
#6641 = ORIENTED_EDGE('',*,*,#6642,.F.);
#6642 = EDGE_CURVE('',#6625,#6625,#6643,.T.);
#6643 = CIRCLE('',#6644,0.243);
#6644 = AXIS2_PLACEMENT_3D('',#6645,#6646,#6647);
#6645 = CARTESIAN_POINT('',(-81.055,11.3375,0.E+000));
#6646 = DIRECTION('',(0.E+000,0.E+000,-1.));
#6647 = DIRECTION('',(1.,0.E+000,0.E+000));
#6648 = CYLINDRICAL_SURFACE('',#6649,0.243);
#6649 = AXIS2_PLACEMENT_3D('',#6650,#6651,#6652);
#6650 = CARTESIAN_POINT('',(-81.055,11.3375,0.E+000));
#6651 = DIRECTION('',(-0.E+000,-0.E+000,1.));
#6652 = DIRECTION('',(1.,0.E+000,0.E+000));
#6653 = ADVANCED_FACE('',(#6654),#6681,.F.);
#6654 = FACE_BOUND('',#6655,.T.);
#6655 = EDGE_LOOP('',(#6656,#6666,#6673,#6674));
#6656 = ORIENTED_EDGE('',*,*,#6657,.T.);
#6657 = EDGE_CURVE('',#6658,#6660,#6662,.T.);
#6658 = VERTEX_POINT('',#6659);
#6659 = CARTESIAN_POINT('',(-80.4945,7.21,0.E+000));
#6660 = VERTEX_POINT('',#6661);
#6661 = CARTESIAN_POINT('',(-80.4945,7.21,-1.));
#6662 = LINE('',#6663,#6664);
#6663 = CARTESIAN_POINT('',(-80.4945,7.21,0.E+000));
#6664 = VECTOR('',#6665,1.);
#6665 = DIRECTION('',(0.E+000,0.E+000,-1.));
#6666 = ORIENTED_EDGE('',*,*,#6667,.T.);
#6667 = EDGE_CURVE('',#6660,#6660,#6668,.T.);
#6668 = CIRCLE('',#6669,0.243);
#6669 = AXIS2_PLACEMENT_3D('',#6670,#6671,#6672);
#6670 = CARTESIAN_POINT('',(-80.7375,7.21,-1.));
#6671 = DIRECTION('',(0.E+000,0.E+000,-1.));
#6672 = DIRECTION('',(1.,0.E+000,0.E+000));
#6673 = ORIENTED_EDGE('',*,*,#6657,.F.);
#6674 = ORIENTED_EDGE('',*,*,#6675,.F.);
#6675 = EDGE_CURVE('',#6658,#6658,#6676,.T.);
#6676 = CIRCLE('',#6677,0.243);
#6677 = AXIS2_PLACEMENT_3D('',#6678,#6679,#6680);
#6678 = CARTESIAN_POINT('',(-80.7375,7.21,0.E+000));
#6679 = DIRECTION('',(0.E+000,0.E+000,-1.));
#6680 = DIRECTION('',(1.,0.E+000,0.E+000));
#6681 = CYLINDRICAL_SURFACE('',#6682,0.243);
#6682 = AXIS2_PLACEMENT_3D('',#6683,#6684,#6685);
#6683 = CARTESIAN_POINT('',(-80.7375,7.21,0.E+000));
#6684 = DIRECTION('',(-0.E+000,-0.E+000,1.));
#6685 = DIRECTION('',(1.,0.E+000,0.E+000));
#6686 = ADVANCED_FACE('',(#6687),#6714,.F.);
#6687 = FACE_BOUND('',#6688,.T.);
#6688 = EDGE_LOOP('',(#6689,#6699,#6706,#6707));
#6689 = ORIENTED_EDGE('',*,*,#6690,.T.);
#6690 = EDGE_CURVE('',#6691,#6693,#6695,.T.);
#6691 = VERTEX_POINT('',#6692);
#6692 = CARTESIAN_POINT('',(-87.162,22.7675,0.E+000));
#6693 = VERTEX_POINT('',#6694);
#6694 = CARTESIAN_POINT('',(-87.162,22.7675,-1.));
#6695 = LINE('',#6696,#6697);
#6696 = CARTESIAN_POINT('',(-87.162,22.7675,0.E+000));
#6697 = VECTOR('',#6698,1.);
#6698 = DIRECTION('',(0.E+000,0.E+000,-1.));
#6699 = ORIENTED_EDGE('',*,*,#6700,.T.);
#6700 = EDGE_CURVE('',#6693,#6693,#6701,.T.);
#6701 = CIRCLE('',#6702,0.243);
#6702 = AXIS2_PLACEMENT_3D('',#6703,#6704,#6705);
#6703 = CARTESIAN_POINT('',(-87.405,22.7675,-1.));
#6704 = DIRECTION('',(0.E+000,0.E+000,-1.));
#6705 = DIRECTION('',(1.,0.E+000,0.E+000));
#6706 = ORIENTED_EDGE('',*,*,#6690,.F.);
#6707 = ORIENTED_EDGE('',*,*,#6708,.F.);
#6708 = EDGE_CURVE('',#6691,#6691,#6709,.T.);
#6709 = CIRCLE('',#6710,0.243);
#6710 = AXIS2_PLACEMENT_3D('',#6711,#6712,#6713);
#6711 = CARTESIAN_POINT('',(-87.405,22.7675,0.E+000));
#6712 = DIRECTION('',(0.E+000,0.E+000,-1.));
#6713 = DIRECTION('',(1.,0.E+000,0.E+000));
#6714 = CYLINDRICAL_SURFACE('',#6715,0.243);
#6715 = AXIS2_PLACEMENT_3D('',#6716,#6717,#6718);
#6716 = CARTESIAN_POINT('',(-87.405,22.7675,0.E+000));
#6717 = DIRECTION('',(-0.E+000,-0.E+000,1.));
#6718 = DIRECTION('',(1.,0.E+000,0.E+000));
#6719 = ADVANCED_FACE('',(#6720),#6747,.F.);
#6720 = FACE_BOUND('',#6721,.T.);
#6721 = EDGE_LOOP('',(#6722,#6732,#6739,#6740));
#6722 = ORIENTED_EDGE('',*,*,#6723,.T.);
#6723 = EDGE_CURVE('',#6724,#6726,#6728,.T.);
#6724 = VERTEX_POINT('',#6725);
#6725 = CARTESIAN_POINT('',(-98.17616666666,37.9519,0.E+000));
#6726 = VERTEX_POINT('',#6727);
#6727 = CARTESIAN_POINT('',(-98.17616666666,37.9519,-1.));
#6728 = LINE('',#6729,#6730);
#6729 = CARTESIAN_POINT('',(-98.17616666666,37.9519,0.E+000));
#6730 = VECTOR('',#6731,1.);
#6731 = DIRECTION('',(0.E+000,0.E+000,-1.));
#6732 = ORIENTED_EDGE('',*,*,#6733,.T.);
#6733 = EDGE_CURVE('',#6726,#6726,#6734,.T.);
#6734 = CIRCLE('',#6735,0.45);
#6735 = AXIS2_PLACEMENT_3D('',#6736,#6737,#6738);
#6736 = CARTESIAN_POINT('',(-98.62616666666,37.9519,-1.));
#6737 = DIRECTION('',(0.E+000,0.E+000,-1.));
#6738 = DIRECTION('',(1.,0.E+000,0.E+000));
#6739 = ORIENTED_EDGE('',*,*,#6723,.F.);
#6740 = ORIENTED_EDGE('',*,*,#6741,.F.);
#6741 = EDGE_CURVE('',#6724,#6724,#6742,.T.);
#6742 = CIRCLE('',#6743,0.45);
#6743 = AXIS2_PLACEMENT_3D('',#6744,#6745,#6746);
#6744 = CARTESIAN_POINT('',(-98.62616666666,37.9519,0.E+000));
#6745 = DIRECTION('',(0.E+000,0.E+000,-1.));
#6746 = DIRECTION('',(1.,0.E+000,0.E+000));
#6747 = CYLINDRICAL_SURFACE('',#6748,0.45);
#6748 = AXIS2_PLACEMENT_3D('',#6749,#6750,#6751);
#6749 = CARTESIAN_POINT('',(-98.62616666666,37.9519,0.E+000));
#6750 = DIRECTION('',(-0.E+000,-0.E+000,1.));
#6751 = DIRECTION('',(1.,0.E+000,0.E+000));
#6752 = ADVANCED_FACE('',(#6753),#6780,.F.);
#6753 = FACE_BOUND('',#6754,.T.);
#6754 = EDGE_LOOP('',(#6755,#6765,#6772,#6773));
#6755 = ORIENTED_EDGE('',*,*,#6756,.T.);
#6756 = EDGE_CURVE('',#6757,#6759,#6761,.T.);
#6757 = VERTEX_POINT('',#6758);
#6758 = CARTESIAN_POINT('',(-98.17616666666,35.4119,0.E+000));
#6759 = VERTEX_POINT('',#6760);
#6760 = CARTESIAN_POINT('',(-98.17616666666,35.4119,-1.));
#6761 = LINE('',#6762,#6763);
#6762 = CARTESIAN_POINT('',(-98.17616666666,35.4119,0.E+000));
#6763 = VECTOR('',#6764,1.);
#6764 = DIRECTION('',(0.E+000,0.E+000,-1.));
#6765 = ORIENTED_EDGE('',*,*,#6766,.T.);
#6766 = EDGE_CURVE('',#6759,#6759,#6767,.T.);
#6767 = CIRCLE('',#6768,0.45);
#6768 = AXIS2_PLACEMENT_3D('',#6769,#6770,#6771);
#6769 = CARTESIAN_POINT('',(-98.62616666666,35.4119,-1.));
#6770 = DIRECTION('',(0.E+000,0.E+000,-1.));
#6771 = DIRECTION('',(1.,0.E+000,0.E+000));
#6772 = ORIENTED_EDGE('',*,*,#6756,.F.);
#6773 = ORIENTED_EDGE('',*,*,#6774,.F.);
#6774 = EDGE_CURVE('',#6757,#6757,#6775,.T.);
#6775 = CIRCLE('',#6776,0.45);
#6776 = AXIS2_PLACEMENT_3D('',#6777,#6778,#6779);
#6777 = CARTESIAN_POINT('',(-98.62616666666,35.4119,0.E+000));
#6778 = DIRECTION('',(0.E+000,0.E+000,-1.));
#6779 = DIRECTION('',(1.,0.E+000,0.E+000));
#6780 = CYLINDRICAL_SURFACE('',#6781,0.45);
#6781 = AXIS2_PLACEMENT_3D('',#6782,#6783,#6784);
#6782 = CARTESIAN_POINT('',(-98.62616666666,35.4119,0.E+000));
#6783 = DIRECTION('',(-0.E+000,-0.E+000,1.));
#6784 = DIRECTION('',(1.,0.E+000,0.E+000));
#6785 = ADVANCED_FACE('',(#6786),#6813,.F.);
#6786 = FACE_BOUND('',#6787,.T.);
#6787 = EDGE_LOOP('',(#6788,#6798,#6805,#6806));
#6788 = ORIENTED_EDGE('',*,*,#6789,.T.);
#6789 = EDGE_CURVE('',#6790,#6792,#6794,.T.);
#6790 = VERTEX_POINT('',#6791);
#6791 = CARTESIAN_POINT('',(-98.17616666666,32.871866666667,0.E+000));
#6792 = VERTEX_POINT('',#6793);
#6793 = CARTESIAN_POINT('',(-98.17616666666,32.871866666667,-1.));
#6794 = LINE('',#6795,#6796);
#6795 = CARTESIAN_POINT('',(-98.17616666666,32.871866666667,0.E+000));
#6796 = VECTOR('',#6797,1.);
#6797 = DIRECTION('',(0.E+000,0.E+000,-1.));
#6798 = ORIENTED_EDGE('',*,*,#6799,.T.);
#6799 = EDGE_CURVE('',#6792,#6792,#6800,.T.);
#6800 = CIRCLE('',#6801,0.45);
#6801 = AXIS2_PLACEMENT_3D('',#6802,#6803,#6804);
#6802 = CARTESIAN_POINT('',(-98.62616666666,32.871866666667,-1.));
#6803 = DIRECTION('',(0.E+000,0.E+000,-1.));
#6804 = DIRECTION('',(1.,0.E+000,0.E+000));
#6805 = ORIENTED_EDGE('',*,*,#6789,.F.);
#6806 = ORIENTED_EDGE('',*,*,#6807,.F.);
#6807 = EDGE_CURVE('',#6790,#6790,#6808,.T.);
#6808 = CIRCLE('',#6809,0.45);
#6809 = AXIS2_PLACEMENT_3D('',#6810,#6811,#6812);
#6810 = CARTESIAN_POINT('',(-98.62616666666,32.871866666667,0.E+000));
#6811 = DIRECTION('',(0.E+000,0.E+000,-1.));
#6812 = DIRECTION('',(1.,0.E+000,0.E+000));
#6813 = CYLINDRICAL_SURFACE('',#6814,0.45);
#6814 = AXIS2_PLACEMENT_3D('',#6815,#6816,#6817);
#6815 = CARTESIAN_POINT('',(-98.62616666666,32.871866666667,0.E+000));
#6816 = DIRECTION('',(-0.E+000,-0.E+000,1.));
#6817 = DIRECTION('',(1.,0.E+000,0.E+000));
#6818 = ADVANCED_FACE('',(#6819),#6846,.F.);
#6819 = FACE_BOUND('',#6820,.T.);
#6820 = EDGE_LOOP('',(#6821,#6831,#6838,#6839));
#6821 = ORIENTED_EDGE('',*,*,#6822,.T.);
#6822 = EDGE_CURVE('',#6823,#6825,#6827,.T.);
#6823 = VERTEX_POINT('',#6824);
#6824 = CARTESIAN_POINT('',(-98.17616666666,30.3319,0.E+000));
#6825 = VERTEX_POINT('',#6826);
#6826 = CARTESIAN_POINT('',(-98.17616666666,30.3319,-1.));
#6827 = LINE('',#6828,#6829);
#6828 = CARTESIAN_POINT('',(-98.17616666666,30.3319,0.E+000));
#6829 = VECTOR('',#6830,1.);
#6830 = DIRECTION('',(0.E+000,0.E+000,-1.));
#6831 = ORIENTED_EDGE('',*,*,#6832,.T.);
#6832 = EDGE_CURVE('',#6825,#6825,#6833,.T.);
#6833 = CIRCLE('',#6834,0.45);
#6834 = AXIS2_PLACEMENT_3D('',#6835,#6836,#6837);
#6835 = CARTESIAN_POINT('',(-98.62616666666,30.3319,-1.));
#6836 = DIRECTION('',(0.E+000,0.E+000,-1.));
#6837 = DIRECTION('',(1.,0.E+000,0.E+000));
#6838 = ORIENTED_EDGE('',*,*,#6822,.F.);
#6839 = ORIENTED_EDGE('',*,*,#6840,.F.);
#6840 = EDGE_CURVE('',#6823,#6823,#6841,.T.);
#6841 = CIRCLE('',#6842,0.45);
#6842 = AXIS2_PLACEMENT_3D('',#6843,#6844,#6845);
#6843 = CARTESIAN_POINT('',(-98.62616666666,30.3319,0.E+000));
#6844 = DIRECTION('',(0.E+000,0.E+000,-1.));
#6845 = DIRECTION('',(1.,0.E+000,0.E+000));
#6846 = CYLINDRICAL_SURFACE('',#6847,0.45);
#6847 = AXIS2_PLACEMENT_3D('',#6848,#6849,#6850);
#6848 = CARTESIAN_POINT('',(-98.62616666666,30.3319,0.E+000));
#6849 = DIRECTION('',(-0.E+000,-0.E+000,1.));
#6850 = DIRECTION('',(1.,0.E+000,0.E+000));
#6851 = ADVANCED_FACE('',(#6852),#6879,.F.);
#6852 = FACE_BOUND('',#6853,.T.);
#6853 = EDGE_LOOP('',(#6854,#6864,#6871,#6872));
#6854 = ORIENTED_EDGE('',*,*,#6855,.T.);
#6855 = EDGE_CURVE('',#6856,#6858,#6860,.T.);
#6856 = VERTEX_POINT('',#6857);
#6857 = CARTESIAN_POINT('',(-98.17616666666,27.791866666667,0.E+000));
#6858 = VERTEX_POINT('',#6859);
#6859 = CARTESIAN_POINT('',(-98.17616666666,27.791866666667,-1.));
#6860 = LINE('',#6861,#6862);
#6861 = CARTESIAN_POINT('',(-98.17616666666,27.791866666667,0.E+000));
#6862 = VECTOR('',#6863,1.);
#6863 = DIRECTION('',(0.E+000,0.E+000,-1.));
#6864 = ORIENTED_EDGE('',*,*,#6865,.T.);
#6865 = EDGE_CURVE('',#6858,#6858,#6866,.T.);
#6866 = CIRCLE('',#6867,0.45);
#6867 = AXIS2_PLACEMENT_3D('',#6868,#6869,#6870);
#6868 = CARTESIAN_POINT('',(-98.62616666666,27.791866666667,-1.));
#6869 = DIRECTION('',(0.E+000,0.E+000,-1.));
#6870 = DIRECTION('',(1.,0.E+000,0.E+000));
#6871 = ORIENTED_EDGE('',*,*,#6855,.F.);
#6872 = ORIENTED_EDGE('',*,*,#6873,.F.);
#6873 = EDGE_CURVE('',#6856,#6856,#6874,.T.);
#6874 = CIRCLE('',#6875,0.45);
#6875 = AXIS2_PLACEMENT_3D('',#6876,#6877,#6878);
#6876 = CARTESIAN_POINT('',(-98.62616666666,27.791866666667,0.E+000));
#6877 = DIRECTION('',(0.E+000,0.E+000,-1.));
#6878 = DIRECTION('',(1.,0.E+000,0.E+000));
#6879 = CYLINDRICAL_SURFACE('',#6880,0.45);
#6880 = AXIS2_PLACEMENT_3D('',#6881,#6882,#6883);
#6881 = CARTESIAN_POINT('',(-98.62616666666,27.791866666667,0.E+000));
#6882 = DIRECTION('',(-0.E+000,-0.E+000,1.));
#6883 = DIRECTION('',(1.,0.E+000,0.E+000));
#6884 = ADVANCED_FACE('',(#6885),#6912,.F.);
#6885 = FACE_BOUND('',#6886,.T.);
#6886 = EDGE_LOOP('',(#6887,#6897,#6904,#6905));
#6887 = ORIENTED_EDGE('',*,*,#6888,.T.);
#6888 = EDGE_CURVE('',#6889,#6891,#6893,.T.);
#6889 = VERTEX_POINT('',#6890);
#6890 = CARTESIAN_POINT('',(-98.17616666666,25.2519,0.E+000));
#6891 = VERTEX_POINT('',#6892);
#6892 = CARTESIAN_POINT('',(-98.17616666666,25.2519,-1.));
#6893 = LINE('',#6894,#6895);
#6894 = CARTESIAN_POINT('',(-98.17616666666,25.2519,0.E+000));
#6895 = VECTOR('',#6896,1.);
#6896 = DIRECTION('',(0.E+000,0.E+000,-1.));
#6897 = ORIENTED_EDGE('',*,*,#6898,.T.);
#6898 = EDGE_CURVE('',#6891,#6891,#6899,.T.);
#6899 = CIRCLE('',#6900,0.45);
#6900 = AXIS2_PLACEMENT_3D('',#6901,#6902,#6903);
#6901 = CARTESIAN_POINT('',(-98.62616666666,25.2519,-1.));
#6902 = DIRECTION('',(0.E+000,0.E+000,-1.));
#6903 = DIRECTION('',(1.,0.E+000,0.E+000));
#6904 = ORIENTED_EDGE('',*,*,#6888,.F.);
#6905 = ORIENTED_EDGE('',*,*,#6906,.F.);
#6906 = EDGE_CURVE('',#6889,#6889,#6907,.T.);
#6907 = CIRCLE('',#6908,0.45);
#6908 = AXIS2_PLACEMENT_3D('',#6909,#6910,#6911);
#6909 = CARTESIAN_POINT('',(-98.62616666666,25.2519,0.E+000));
#6910 = DIRECTION('',(0.E+000,0.E+000,-1.));
#6911 = DIRECTION('',(1.,0.E+000,0.E+000));
#6912 = CYLINDRICAL_SURFACE('',#6913,0.45);
#6913 = AXIS2_PLACEMENT_3D('',#6914,#6915,#6916);
#6914 = CARTESIAN_POINT('',(-98.62616666666,25.2519,0.E+000));
#6915 = DIRECTION('',(-0.E+000,-0.E+000,1.));
#6916 = DIRECTION('',(1.,0.E+000,0.E+000));
#6917 = ADVANCED_FACE('',(#6918),#6945,.F.);
#6918 = FACE_BOUND('',#6919,.T.);
#6919 = EDGE_LOOP('',(#6920,#6930,#6937,#6938));
#6920 = ORIENTED_EDGE('',*,*,#6921,.T.);
#6921 = EDGE_CURVE('',#6922,#6924,#6926,.T.);
#6922 = VERTEX_POINT('',#6923);
#6923 = CARTESIAN_POINT('',(-98.17616666666,22.7119,0.E+000));
#6924 = VERTEX_POINT('',#6925);
#6925 = CARTESIAN_POINT('',(-98.17616666666,22.7119,-1.));
#6926 = LINE('',#6927,#6928);
#6927 = CARTESIAN_POINT('',(-98.17616666666,22.7119,0.E+000));
#6928 = VECTOR('',#6929,1.);
#6929 = DIRECTION('',(0.E+000,0.E+000,-1.));
#6930 = ORIENTED_EDGE('',*,*,#6931,.T.);
#6931 = EDGE_CURVE('',#6924,#6924,#6932,.T.);
#6932 = CIRCLE('',#6933,0.45);
#6933 = AXIS2_PLACEMENT_3D('',#6934,#6935,#6936);
#6934 = CARTESIAN_POINT('',(-98.62616666666,22.7119,-1.));
#6935 = DIRECTION('',(0.E+000,0.E+000,-1.));
#6936 = DIRECTION('',(1.,0.E+000,0.E+000));
#6937 = ORIENTED_EDGE('',*,*,#6921,.F.);
#6938 = ORIENTED_EDGE('',*,*,#6939,.F.);
#6939 = EDGE_CURVE('',#6922,#6922,#6940,.T.);
#6940 = CIRCLE('',#6941,0.45);
#6941 = AXIS2_PLACEMENT_3D('',#6942,#6943,#6944);
#6942 = CARTESIAN_POINT('',(-98.62616666666,22.7119,0.E+000));
#6943 = DIRECTION('',(0.E+000,0.E+000,-1.));
#6944 = DIRECTION('',(1.,0.E+000,0.E+000));
#6945 = CYLINDRICAL_SURFACE('',#6946,0.45);
#6946 = AXIS2_PLACEMENT_3D('',#6947,#6948,#6949);
#6947 = CARTESIAN_POINT('',(-98.62616666666,22.7119,0.E+000));
#6948 = DIRECTION('',(-0.E+000,-0.E+000,1.));
#6949 = DIRECTION('',(1.,0.E+000,0.E+000));
#6950 = ADVANCED_FACE('',(#6951),#6978,.F.);
#6951 = FACE_BOUND('',#6952,.T.);
#6952 = EDGE_LOOP('',(#6953,#6963,#6970,#6971));
#6953 = ORIENTED_EDGE('',*,*,#6954,.T.);
#6954 = EDGE_CURVE('',#6955,#6957,#6959,.T.);
#6955 = VERTEX_POINT('',#6956);
#6956 = CARTESIAN_POINT('',(-98.17616666666,20.171866666667,0.E+000));
#6957 = VERTEX_POINT('',#6958);
#6958 = CARTESIAN_POINT('',(-98.17616666666,20.171866666667,-1.));
#6959 = LINE('',#6960,#6961);
#6960 = CARTESIAN_POINT('',(-98.17616666666,20.171866666667,0.E+000));
#6961 = VECTOR('',#6962,1.);
#6962 = DIRECTION('',(0.E+000,0.E+000,-1.));
#6963 = ORIENTED_EDGE('',*,*,#6964,.T.);
#6964 = EDGE_CURVE('',#6957,#6957,#6965,.T.);
#6965 = CIRCLE('',#6966,0.45);
#6966 = AXIS2_PLACEMENT_3D('',#6967,#6968,#6969);
#6967 = CARTESIAN_POINT('',(-98.62616666666,20.171866666667,-1.));
#6968 = DIRECTION('',(0.E+000,0.E+000,-1.));
#6969 = DIRECTION('',(1.,0.E+000,0.E+000));
#6970 = ORIENTED_EDGE('',*,*,#6954,.F.);
#6971 = ORIENTED_EDGE('',*,*,#6972,.F.);
#6972 = EDGE_CURVE('',#6955,#6955,#6973,.T.);
#6973 = CIRCLE('',#6974,0.45);
#6974 = AXIS2_PLACEMENT_3D('',#6975,#6976,#6977);
#6975 = CARTESIAN_POINT('',(-98.62616666666,20.171866666667,0.E+000));
#6976 = DIRECTION('',(0.E+000,0.E+000,-1.));
#6977 = DIRECTION('',(1.,0.E+000,0.E+000));
#6978 = CYLINDRICAL_SURFACE('',#6979,0.45);
#6979 = AXIS2_PLACEMENT_3D('',#6980,#6981,#6982);
#6980 = CARTESIAN_POINT('',(-98.62616666666,20.171866666667,0.E+000));
#6981 = DIRECTION('',(-0.E+000,-0.E+000,1.));
#6982 = DIRECTION('',(1.,0.E+000,0.E+000));
#6983 = ADVANCED_FACE('',(#6984),#7011,.F.);
#6984 = FACE_BOUND('',#6985,.T.);
#6985 = EDGE_LOOP('',(#6986,#6996,#7003,#7004));
#6986 = ORIENTED_EDGE('',*,*,#6987,.T.);
#6987 = EDGE_CURVE('',#6988,#6990,#6992,.T.);
#6988 = VERTEX_POINT('',#6989);
#6989 = CARTESIAN_POINT('',(-98.17616666666,17.6319,0.E+000));
#6990 = VERTEX_POINT('',#6991);
#6991 = CARTESIAN_POINT('',(-98.17616666666,17.6319,-1.));
#6992 = LINE('',#6993,#6994);
#6993 = CARTESIAN_POINT('',(-98.17616666666,17.6319,0.E+000));
#6994 = VECTOR('',#6995,1.);
#6995 = DIRECTION('',(0.E+000,0.E+000,-1.));
#6996 = ORIENTED_EDGE('',*,*,#6997,.T.);
#6997 = EDGE_CURVE('',#6990,#6990,#6998,.T.);
#6998 = CIRCLE('',#6999,0.45);
#6999 = AXIS2_PLACEMENT_3D('',#7000,#7001,#7002);
#7000 = CARTESIAN_POINT('',(-98.62616666666,17.6319,-1.));
#7001 = DIRECTION('',(0.E+000,0.E+000,-1.));
#7002 = DIRECTION('',(1.,0.E+000,0.E+000));
#7003 = ORIENTED_EDGE('',*,*,#6987,.F.);
#7004 = ORIENTED_EDGE('',*,*,#7005,.F.);
#7005 = EDGE_CURVE('',#6988,#6988,#7006,.T.);
#7006 = CIRCLE('',#7007,0.45);
#7007 = AXIS2_PLACEMENT_3D('',#7008,#7009,#7010);
#7008 = CARTESIAN_POINT('',(-98.62616666666,17.6319,0.E+000));
#7009 = DIRECTION('',(0.E+000,0.E+000,-1.));
#7010 = DIRECTION('',(1.,0.E+000,0.E+000));
#7011 = CYLINDRICAL_SURFACE('',#7012,0.45);
#7012 = AXIS2_PLACEMENT_3D('',#7013,#7014,#7015);
#7013 = CARTESIAN_POINT('',(-98.62616666666,17.6319,0.E+000));
#7014 = DIRECTION('',(-0.E+000,-0.E+000,1.));
#7015 = DIRECTION('',(1.,0.E+000,0.E+000));
#7016 = ADVANCED_FACE('',(#7017),#7044,.F.);
#7017 = FACE_BOUND('',#7018,.T.);
#7018 = EDGE_LOOP('',(#7019,#7029,#7036,#7037));
#7019 = ORIENTED_EDGE('',*,*,#7020,.T.);
#7020 = EDGE_CURVE('',#7021,#7023,#7025,.T.);
#7021 = VERTEX_POINT('',#7022);
#7022 = CARTESIAN_POINT('',(-98.17616666666,15.0919,0.E+000));
#7023 = VERTEX_POINT('',#7024);
#7024 = CARTESIAN_POINT('',(-98.17616666666,15.0919,-1.));
#7025 = LINE('',#7026,#7027);
#7026 = CARTESIAN_POINT('',(-98.17616666666,15.0919,0.E+000));
#7027 = VECTOR('',#7028,1.);
#7028 = DIRECTION('',(0.E+000,0.E+000,-1.));
#7029 = ORIENTED_EDGE('',*,*,#7030,.T.);
#7030 = EDGE_CURVE('',#7023,#7023,#7031,.T.);
#7031 = CIRCLE('',#7032,0.45);
#7032 = AXIS2_PLACEMENT_3D('',#7033,#7034,#7035);
#7033 = CARTESIAN_POINT('',(-98.62616666666,15.0919,-1.));
#7034 = DIRECTION('',(0.E+000,0.E+000,-1.));
#7035 = DIRECTION('',(1.,0.E+000,0.E+000));
#7036 = ORIENTED_EDGE('',*,*,#7020,.F.);
#7037 = ORIENTED_EDGE('',*,*,#7038,.F.);
#7038 = EDGE_CURVE('',#7021,#7021,#7039,.T.);
#7039 = CIRCLE('',#7040,0.45);
#7040 = AXIS2_PLACEMENT_3D('',#7041,#7042,#7043);
#7041 = CARTESIAN_POINT('',(-98.62616666666,15.0919,0.E+000));
#7042 = DIRECTION('',(0.E+000,0.E+000,-1.));
#7043 = DIRECTION('',(1.,0.E+000,0.E+000));
#7044 = CYLINDRICAL_SURFACE('',#7045,0.45);
#7045 = AXIS2_PLACEMENT_3D('',#7046,#7047,#7048);
#7046 = CARTESIAN_POINT('',(-98.62616666666,15.0919,0.E+000));
#7047 = DIRECTION('',(-0.E+000,-0.E+000,1.));
#7048 = DIRECTION('',(1.,0.E+000,0.E+000));
#7049 = ADVANCED_FACE('',(#7050),#7077,.F.);
#7050 = FACE_BOUND('',#7051,.T.);
#7051 = EDGE_LOOP('',(#7052,#7062,#7069,#7070));
#7052 = ORIENTED_EDGE('',*,*,#7053,.T.);
#7053 = EDGE_CURVE('',#7054,#7056,#7058,.T.);
#7054 = VERTEX_POINT('',#7055);
#7055 = CARTESIAN_POINT('',(-98.17616666666,12.551866666667,0.E+000));
#7056 = VERTEX_POINT('',#7057);
#7057 = CARTESIAN_POINT('',(-98.17616666666,12.551866666667,-1.));
#7058 = LINE('',#7059,#7060);
#7059 = CARTESIAN_POINT('',(-98.17616666666,12.551866666667,0.E+000));
#7060 = VECTOR('',#7061,1.);
#7061 = DIRECTION('',(0.E+000,0.E+000,-1.));
#7062 = ORIENTED_EDGE('',*,*,#7063,.T.);
#7063 = EDGE_CURVE('',#7056,#7056,#7064,.T.);
#7064 = CIRCLE('',#7065,0.45);
#7065 = AXIS2_PLACEMENT_3D('',#7066,#7067,#7068);
#7066 = CARTESIAN_POINT('',(-98.62616666666,12.551866666667,-1.));
#7067 = DIRECTION('',(0.E+000,0.E+000,-1.));
#7068 = DIRECTION('',(1.,0.E+000,0.E+000));
#7069 = ORIENTED_EDGE('',*,*,#7053,.F.);
#7070 = ORIENTED_EDGE('',*,*,#7071,.F.);
#7071 = EDGE_CURVE('',#7054,#7054,#7072,.T.);
#7072 = CIRCLE('',#7073,0.45);
#7073 = AXIS2_PLACEMENT_3D('',#7074,#7075,#7076);
#7074 = CARTESIAN_POINT('',(-98.62616666666,12.551866666667,0.E+000));
#7075 = DIRECTION('',(0.E+000,0.E+000,-1.));
#7076 = DIRECTION('',(1.,0.E+000,0.E+000));
#7077 = CYLINDRICAL_SURFACE('',#7078,0.45);
#7078 = AXIS2_PLACEMENT_3D('',#7079,#7080,#7081);
#7079 = CARTESIAN_POINT('',(-98.62616666666,12.551866666667,0.E+000));
#7080 = DIRECTION('',(-0.E+000,-0.E+000,1.));
#7081 = DIRECTION('',(1.,0.E+000,0.E+000));
#7082 = ADVANCED_FACE('',(#7083),#7110,.F.);
#7083 = FACE_BOUND('',#7084,.T.);
#7084 = EDGE_LOOP('',(#7085,#7095,#7102,#7103));
#7085 = ORIENTED_EDGE('',*,*,#7086,.T.);
#7086 = EDGE_CURVE('',#7087,#7089,#7091,.T.);
#7087 = VERTEX_POINT('',#7088);
#7088 = CARTESIAN_POINT('',(-98.17616666666,10.011866666667,0.E+000));
#7089 = VERTEX_POINT('',#7090);
#7090 = CARTESIAN_POINT('',(-98.17616666666,10.011866666667,-1.));
#7091 = LINE('',#7092,#7093);
#7092 = CARTESIAN_POINT('',(-98.17616666666,10.011866666667,0.E+000));
#7093 = VECTOR('',#7094,1.);
#7094 = DIRECTION('',(0.E+000,0.E+000,-1.));
#7095 = ORIENTED_EDGE('',*,*,#7096,.T.);
#7096 = EDGE_CURVE('',#7089,#7089,#7097,.T.);
#7097 = CIRCLE('',#7098,0.45);
#7098 = AXIS2_PLACEMENT_3D('',#7099,#7100,#7101);
#7099 = CARTESIAN_POINT('',(-98.62616666666,10.011866666667,-1.));
#7100 = DIRECTION('',(0.E+000,0.E+000,-1.));
#7101 = DIRECTION('',(1.,0.E+000,0.E+000));
#7102 = ORIENTED_EDGE('',*,*,#7086,.F.);
#7103 = ORIENTED_EDGE('',*,*,#7104,.F.);
#7104 = EDGE_CURVE('',#7087,#7087,#7105,.T.);
#7105 = CIRCLE('',#7106,0.45);
#7106 = AXIS2_PLACEMENT_3D('',#7107,#7108,#7109);
#7107 = CARTESIAN_POINT('',(-98.62616666666,10.011866666667,0.E+000));
#7108 = DIRECTION('',(0.E+000,0.E+000,-1.));
#7109 = DIRECTION('',(1.,0.E+000,0.E+000));
#7110 = CYLINDRICAL_SURFACE('',#7111,0.45);
#7111 = AXIS2_PLACEMENT_3D('',#7112,#7113,#7114);
#7112 = CARTESIAN_POINT('',(-98.62616666666,10.011866666667,0.E+000));
#7113 = DIRECTION('',(-0.E+000,-0.E+000,1.));
#7114 = DIRECTION('',(1.,0.E+000,0.E+000));
#7115 = ADVANCED_FACE('',(#7116),#7143,.F.);
#7116 = FACE_BOUND('',#7117,.T.);
#7117 = EDGE_LOOP('',(#7118,#7128,#7135,#7136));
#7118 = ORIENTED_EDGE('',*,*,#7119,.T.);
#7119 = EDGE_CURVE('',#7120,#7122,#7124,.T.);
#7120 = VERTEX_POINT('',#7121);
#7121 = CARTESIAN_POINT('',(-98.17616666666,7.4719,0.E+000));
#7122 = VERTEX_POINT('',#7123);
#7123 = CARTESIAN_POINT('',(-98.17616666666,7.4719,-1.));
#7124 = LINE('',#7125,#7126);
#7125 = CARTESIAN_POINT('',(-98.17616666666,7.4719,0.E+000));
#7126 = VECTOR('',#7127,1.);
#7127 = DIRECTION('',(0.E+000,0.E+000,-1.));
#7128 = ORIENTED_EDGE('',*,*,#7129,.T.);
#7129 = EDGE_CURVE('',#7122,#7122,#7130,.T.);
#7130 = CIRCLE('',#7131,0.45);
#7131 = AXIS2_PLACEMENT_3D('',#7132,#7133,#7134);
#7132 = CARTESIAN_POINT('',(-98.62616666666,7.4719,-1.));
#7133 = DIRECTION('',(0.E+000,0.E+000,-1.));
#7134 = DIRECTION('',(1.,0.E+000,0.E+000));
#7135 = ORIENTED_EDGE('',*,*,#7119,.F.);
#7136 = ORIENTED_EDGE('',*,*,#7137,.F.);
#7137 = EDGE_CURVE('',#7120,#7120,#7138,.T.);
#7138 = CIRCLE('',#7139,0.45);
#7139 = AXIS2_PLACEMENT_3D('',#7140,#7141,#7142);
#7140 = CARTESIAN_POINT('',(-98.62616666666,7.4719,0.E+000));
#7141 = DIRECTION('',(0.E+000,0.E+000,-1.));
#7142 = DIRECTION('',(1.,0.E+000,0.E+000));
#7143 = CYLINDRICAL_SURFACE('',#7144,0.45);
#7144 = AXIS2_PLACEMENT_3D('',#7145,#7146,#7147);
#7145 = CARTESIAN_POINT('',(-98.62616666666,7.4719,0.E+000));
#7146 = DIRECTION('',(-0.E+000,-0.E+000,1.));
#7147 = DIRECTION('',(1.,0.E+000,0.E+000));
#7148 = ADVANCED_FACE('',(#7149),#7176,.F.);
#7149 = FACE_BOUND('',#7150,.T.);
#7150 = EDGE_LOOP('',(#7151,#7161,#7168,#7169));
#7151 = ORIENTED_EDGE('',*,*,#7152,.T.);
#7152 = EDGE_CURVE('',#7153,#7155,#7157,.T.);
#7153 = VERTEX_POINT('',#7154);
#7154 = CARTESIAN_POINT('',(-98.17616666666,4.9319,0.E+000));
#7155 = VERTEX_POINT('',#7156);
#7156 = CARTESIAN_POINT('',(-98.17616666666,4.9319,-1.));
#7157 = LINE('',#7158,#7159);
#7158 = CARTESIAN_POINT('',(-98.17616666666,4.9319,0.E+000));
#7159 = VECTOR('',#7160,1.);
#7160 = DIRECTION('',(0.E+000,0.E+000,-1.));
#7161 = ORIENTED_EDGE('',*,*,#7162,.T.);
#7162 = EDGE_CURVE('',#7155,#7155,#7163,.T.);
#7163 = CIRCLE('',#7164,0.45);
#7164 = AXIS2_PLACEMENT_3D('',#7165,#7166,#7167);
#7165 = CARTESIAN_POINT('',(-98.62616666666,4.9319,-1.));
#7166 = DIRECTION('',(0.E+000,0.E+000,-1.));
#7167 = DIRECTION('',(1.,0.E+000,0.E+000));
#7168 = ORIENTED_EDGE('',*,*,#7152,.F.);
#7169 = ORIENTED_EDGE('',*,*,#7170,.F.);
#7170 = EDGE_CURVE('',#7153,#7153,#7171,.T.);
#7171 = CIRCLE('',#7172,0.45);
#7172 = AXIS2_PLACEMENT_3D('',#7173,#7174,#7175);
#7173 = CARTESIAN_POINT('',(-98.62616666666,4.9319,0.E+000));
#7174 = DIRECTION('',(0.E+000,0.E+000,-1.));
#7175 = DIRECTION('',(1.,0.E+000,0.E+000));
#7176 = CYLINDRICAL_SURFACE('',#7177,0.45);
#7177 = AXIS2_PLACEMENT_3D('',#7178,#7179,#7180);
#7178 = CARTESIAN_POINT('',(-98.62616666666,4.9319,0.E+000));
#7179 = DIRECTION('',(-0.E+000,-0.E+000,1.));
#7180 = DIRECTION('',(1.,0.E+000,0.E+000));
#7181 = ADVANCED_FACE('',(#7182),#7209,.F.);
#7182 = FACE_BOUND('',#7183,.T.);
#7183 = EDGE_LOOP('',(#7184,#7194,#7201,#7202));
#7184 = ORIENTED_EDGE('',*,*,#7185,.T.);
#7185 = EDGE_CURVE('',#7186,#7188,#7190,.T.);
#7186 = VERTEX_POINT('',#7187);
#7187 = CARTESIAN_POINT('',(-90.55616666666,4.9319,0.E+000));
#7188 = VERTEX_POINT('',#7189);
#7189 = CARTESIAN_POINT('',(-90.55616666666,4.9319,-1.));
#7190 = LINE('',#7191,#7192);
#7191 = CARTESIAN_POINT('',(-90.55616666666,4.9319,0.E+000));
#7192 = VECTOR('',#7193,1.);
#7193 = DIRECTION('',(0.E+000,0.E+000,-1.));
#7194 = ORIENTED_EDGE('',*,*,#7195,.T.);
#7195 = EDGE_CURVE('',#7188,#7188,#7196,.T.);
#7196 = CIRCLE('',#7197,0.45);
#7197 = AXIS2_PLACEMENT_3D('',#7198,#7199,#7200);
#7198 = CARTESIAN_POINT('',(-91.00616666666,4.9319,-1.));
#7199 = DIRECTION('',(0.E+000,0.E+000,-1.));
#7200 = DIRECTION('',(1.,0.E+000,0.E+000));
#7201 = ORIENTED_EDGE('',*,*,#7185,.F.);
#7202 = ORIENTED_EDGE('',*,*,#7203,.F.);
#7203 = EDGE_CURVE('',#7186,#7186,#7204,.T.);
#7204 = CIRCLE('',#7205,0.45);
#7205 = AXIS2_PLACEMENT_3D('',#7206,#7207,#7208);
#7206 = CARTESIAN_POINT('',(-91.00616666666,4.9319,0.E+000));
#7207 = DIRECTION('',(0.E+000,0.E+000,-1.));
#7208 = DIRECTION('',(1.,0.E+000,0.E+000));
#7209 = CYLINDRICAL_SURFACE('',#7210,0.45);
#7210 = AXIS2_PLACEMENT_3D('',#7211,#7212,#7213);
#7211 = CARTESIAN_POINT('',(-91.00616666666,4.9319,0.E+000));
#7212 = DIRECTION('',(-0.E+000,-0.E+000,1.));
#7213 = DIRECTION('',(1.,0.E+000,0.E+000));
#7214 = ADVANCED_FACE('',(#7215),#7242,.F.);
#7215 = FACE_BOUND('',#7216,.T.);
#7216 = EDGE_LOOP('',(#7217,#7227,#7234,#7235));
#7217 = ORIENTED_EDGE('',*,*,#7218,.T.);
#7218 = EDGE_CURVE('',#7219,#7221,#7223,.T.);
#7219 = VERTEX_POINT('',#7220);
#7220 = CARTESIAN_POINT('',(-90.55616666666,7.4719,0.E+000));
#7221 = VERTEX_POINT('',#7222);
#7222 = CARTESIAN_POINT('',(-90.55616666666,7.4719,-1.));
#7223 = LINE('',#7224,#7225);
#7224 = CARTESIAN_POINT('',(-90.55616666666,7.4719,0.E+000));
#7225 = VECTOR('',#7226,1.);
#7226 = DIRECTION('',(0.E+000,0.E+000,-1.));
#7227 = ORIENTED_EDGE('',*,*,#7228,.T.);
#7228 = EDGE_CURVE('',#7221,#7221,#7229,.T.);
#7229 = CIRCLE('',#7230,0.45);
#7230 = AXIS2_PLACEMENT_3D('',#7231,#7232,#7233);
#7231 = CARTESIAN_POINT('',(-91.00616666666,7.4719,-1.));
#7232 = DIRECTION('',(0.E+000,0.E+000,-1.));
#7233 = DIRECTION('',(1.,0.E+000,0.E+000));
#7234 = ORIENTED_EDGE('',*,*,#7218,.F.);
#7235 = ORIENTED_EDGE('',*,*,#7236,.F.);
#7236 = EDGE_CURVE('',#7219,#7219,#7237,.T.);
#7237 = CIRCLE('',#7238,0.45);
#7238 = AXIS2_PLACEMENT_3D('',#7239,#7240,#7241);
#7239 = CARTESIAN_POINT('',(-91.00616666666,7.4719,0.E+000));
#7240 = DIRECTION('',(0.E+000,0.E+000,-1.));
#7241 = DIRECTION('',(1.,0.E+000,0.E+000));
#7242 = CYLINDRICAL_SURFACE('',#7243,0.45);
#7243 = AXIS2_PLACEMENT_3D('',#7244,#7245,#7246);
#7244 = CARTESIAN_POINT('',(-91.00616666666,7.4719,0.E+000));
#7245 = DIRECTION('',(-0.E+000,-0.E+000,1.));
#7246 = DIRECTION('',(1.,0.E+000,0.E+000));
#7247 = ADVANCED_FACE('',(#7248),#7275,.F.);
#7248 = FACE_BOUND('',#7249,.T.);
#7249 = EDGE_LOOP('',(#7250,#7260,#7267,#7268));
#7250 = ORIENTED_EDGE('',*,*,#7251,.T.);
#7251 = EDGE_CURVE('',#7252,#7254,#7256,.T.);
#7252 = VERTEX_POINT('',#7253);
#7253 = CARTESIAN_POINT('',(-90.55616666666,10.011866666667,0.E+000));
#7254 = VERTEX_POINT('',#7255);
#7255 = CARTESIAN_POINT('',(-90.55616666666,10.011866666667,-1.));
#7256 = LINE('',#7257,#7258);
#7257 = CARTESIAN_POINT('',(-90.55616666666,10.011866666667,0.E+000));
#7258 = VECTOR('',#7259,1.);
#7259 = DIRECTION('',(0.E+000,0.E+000,-1.));
#7260 = ORIENTED_EDGE('',*,*,#7261,.T.);
#7261 = EDGE_CURVE('',#7254,#7254,#7262,.T.);
#7262 = CIRCLE('',#7263,0.45);
#7263 = AXIS2_PLACEMENT_3D('',#7264,#7265,#7266);
#7264 = CARTESIAN_POINT('',(-91.00616666666,10.011866666667,-1.));
#7265 = DIRECTION('',(0.E+000,0.E+000,-1.));
#7266 = DIRECTION('',(1.,0.E+000,0.E+000));
#7267 = ORIENTED_EDGE('',*,*,#7251,.F.);
#7268 = ORIENTED_EDGE('',*,*,#7269,.F.);
#7269 = EDGE_CURVE('',#7252,#7252,#7270,.T.);
#7270 = CIRCLE('',#7271,0.45);
#7271 = AXIS2_PLACEMENT_3D('',#7272,#7273,#7274);
#7272 = CARTESIAN_POINT('',(-91.00616666666,10.011866666667,0.E+000));
#7273 = DIRECTION('',(0.E+000,0.E+000,-1.));
#7274 = DIRECTION('',(1.,0.E+000,0.E+000));
#7275 = CYLINDRICAL_SURFACE('',#7276,0.45);
#7276 = AXIS2_PLACEMENT_3D('',#7277,#7278,#7279);
#7277 = CARTESIAN_POINT('',(-91.00616666666,10.011866666667,0.E+000));
#7278 = DIRECTION('',(-0.E+000,-0.E+000,1.));
#7279 = DIRECTION('',(1.,0.E+000,0.E+000));
#7280 = ADVANCED_FACE('',(#7281),#7308,.F.);
#7281 = FACE_BOUND('',#7282,.T.);
#7282 = EDGE_LOOP('',(#7283,#7293,#7300,#7301));
#7283 = ORIENTED_EDGE('',*,*,#7284,.T.);
#7284 = EDGE_CURVE('',#7285,#7287,#7289,.T.);
#7285 = VERTEX_POINT('',#7286);
#7286 = CARTESIAN_POINT('',(-90.55616666666,12.551866666667,0.E+000));
#7287 = VERTEX_POINT('',#7288);
#7288 = CARTESIAN_POINT('',(-90.55616666666,12.551866666667,-1.));
#7289 = LINE('',#7290,#7291);
#7290 = CARTESIAN_POINT('',(-90.55616666666,12.551866666667,0.E+000));
#7291 = VECTOR('',#7292,1.);
#7292 = DIRECTION('',(0.E+000,0.E+000,-1.));
#7293 = ORIENTED_EDGE('',*,*,#7294,.T.);
#7294 = EDGE_CURVE('',#7287,#7287,#7295,.T.);
#7295 = CIRCLE('',#7296,0.45);
#7296 = AXIS2_PLACEMENT_3D('',#7297,#7298,#7299);
#7297 = CARTESIAN_POINT('',(-91.00616666666,12.551866666667,-1.));
#7298 = DIRECTION('',(0.E+000,0.E+000,-1.));
#7299 = DIRECTION('',(1.,0.E+000,0.E+000));
#7300 = ORIENTED_EDGE('',*,*,#7284,.F.);
#7301 = ORIENTED_EDGE('',*,*,#7302,.F.);
#7302 = EDGE_CURVE('',#7285,#7285,#7303,.T.);
#7303 = CIRCLE('',#7304,0.45);
#7304 = AXIS2_PLACEMENT_3D('',#7305,#7306,#7307);
#7305 = CARTESIAN_POINT('',(-91.00616666666,12.551866666667,0.E+000));
#7306 = DIRECTION('',(0.E+000,0.E+000,-1.));
#7307 = DIRECTION('',(1.,0.E+000,0.E+000));
#7308 = CYLINDRICAL_SURFACE('',#7309,0.45);
#7309 = AXIS2_PLACEMENT_3D('',#7310,#7311,#7312);
#7310 = CARTESIAN_POINT('',(-91.00616666666,12.551866666667,0.E+000));
#7311 = DIRECTION('',(-0.E+000,-0.E+000,1.));
#7312 = DIRECTION('',(1.,0.E+000,0.E+000));
#7313 = ADVANCED_FACE('',(#7314),#7341,.F.);
#7314 = FACE_BOUND('',#7315,.T.);
#7315 = EDGE_LOOP('',(#7316,#7326,#7333,#7334));
#7316 = ORIENTED_EDGE('',*,*,#7317,.T.);
#7317 = EDGE_CURVE('',#7318,#7320,#7322,.T.);
#7318 = VERTEX_POINT('',#7319);
#7319 = CARTESIAN_POINT('',(-90.55616666666,15.0919,0.E+000));
#7320 = VERTEX_POINT('',#7321);
#7321 = CARTESIAN_POINT('',(-90.55616666666,15.0919,-1.));
#7322 = LINE('',#7323,#7324);
#7323 = CARTESIAN_POINT('',(-90.55616666666,15.0919,0.E+000));
#7324 = VECTOR('',#7325,1.);
#7325 = DIRECTION('',(0.E+000,0.E+000,-1.));
#7326 = ORIENTED_EDGE('',*,*,#7327,.T.);
#7327 = EDGE_CURVE('',#7320,#7320,#7328,.T.);
#7328 = CIRCLE('',#7329,0.45);
#7329 = AXIS2_PLACEMENT_3D('',#7330,#7331,#7332);
#7330 = CARTESIAN_POINT('',(-91.00616666666,15.0919,-1.));
#7331 = DIRECTION('',(0.E+000,0.E+000,-1.));
#7332 = DIRECTION('',(1.,0.E+000,0.E+000));
#7333 = ORIENTED_EDGE('',*,*,#7317,.F.);
#7334 = ORIENTED_EDGE('',*,*,#7335,.F.);
#7335 = EDGE_CURVE('',#7318,#7318,#7336,.T.);
#7336 = CIRCLE('',#7337,0.45);
#7337 = AXIS2_PLACEMENT_3D('',#7338,#7339,#7340);
#7338 = CARTESIAN_POINT('',(-91.00616666666,15.0919,0.E+000));
#7339 = DIRECTION('',(0.E+000,0.E+000,-1.));
#7340 = DIRECTION('',(1.,0.E+000,0.E+000));
#7341 = CYLINDRICAL_SURFACE('',#7342,0.45);
#7342 = AXIS2_PLACEMENT_3D('',#7343,#7344,#7345);
#7343 = CARTESIAN_POINT('',(-91.00616666666,15.0919,0.E+000));
#7344 = DIRECTION('',(-0.E+000,-0.E+000,1.));
#7345 = DIRECTION('',(1.,0.E+000,0.E+000));
#7346 = ADVANCED_FACE('',(#7347),#7374,.F.);
#7347 = FACE_BOUND('',#7348,.T.);
#7348 = EDGE_LOOP('',(#7349,#7359,#7366,#7367));
#7349 = ORIENTED_EDGE('',*,*,#7350,.T.);
#7350 = EDGE_CURVE('',#7351,#7353,#7355,.T.);
#7351 = VERTEX_POINT('',#7352);
#7352 = CARTESIAN_POINT('',(-90.55616666666,17.6319,0.E+000));
#7353 = VERTEX_POINT('',#7354);
#7354 = CARTESIAN_POINT('',(-90.55616666666,17.6319,-1.));
#7355 = LINE('',#7356,#7357);
#7356 = CARTESIAN_POINT('',(-90.55616666666,17.6319,0.E+000));
#7357 = VECTOR('',#7358,1.);
#7358 = DIRECTION('',(0.E+000,0.E+000,-1.));
#7359 = ORIENTED_EDGE('',*,*,#7360,.T.);
#7360 = EDGE_CURVE('',#7353,#7353,#7361,.T.);
#7361 = CIRCLE('',#7362,0.45);
#7362 = AXIS2_PLACEMENT_3D('',#7363,#7364,#7365);
#7363 = CARTESIAN_POINT('',(-91.00616666666,17.6319,-1.));
#7364 = DIRECTION('',(0.E+000,0.E+000,-1.));
#7365 = DIRECTION('',(1.,0.E+000,0.E+000));
#7366 = ORIENTED_EDGE('',*,*,#7350,.F.);
#7367 = ORIENTED_EDGE('',*,*,#7368,.F.);
#7368 = EDGE_CURVE('',#7351,#7351,#7369,.T.);
#7369 = CIRCLE('',#7370,0.45);
#7370 = AXIS2_PLACEMENT_3D('',#7371,#7372,#7373);
#7371 = CARTESIAN_POINT('',(-91.00616666666,17.6319,0.E+000));
#7372 = DIRECTION('',(0.E+000,0.E+000,-1.));
#7373 = DIRECTION('',(1.,0.E+000,0.E+000));
#7374 = CYLINDRICAL_SURFACE('',#7375,0.45);
#7375 = AXIS2_PLACEMENT_3D('',#7376,#7377,#7378);
#7376 = CARTESIAN_POINT('',(-91.00616666666,17.6319,0.E+000));
#7377 = DIRECTION('',(-0.E+000,-0.E+000,1.));
#7378 = DIRECTION('',(1.,0.E+000,0.E+000));
#7379 = ADVANCED_FACE('',(#7380),#7407,.F.);
#7380 = FACE_BOUND('',#7381,.T.);
#7381 = EDGE_LOOP('',(#7382,#7392,#7399,#7400));
#7382 = ORIENTED_EDGE('',*,*,#7383,.T.);
#7383 = EDGE_CURVE('',#7384,#7386,#7388,.T.);
#7384 = VERTEX_POINT('',#7385);
#7385 = CARTESIAN_POINT('',(-90.55616666666,20.171866666667,0.E+000));
#7386 = VERTEX_POINT('',#7387);
#7387 = CARTESIAN_POINT('',(-90.55616666666,20.171866666667,-1.));
#7388 = LINE('',#7389,#7390);
#7389 = CARTESIAN_POINT('',(-90.55616666666,20.171866666667,0.E+000));
#7390 = VECTOR('',#7391,1.);
#7391 = DIRECTION('',(0.E+000,0.E+000,-1.));
#7392 = ORIENTED_EDGE('',*,*,#7393,.T.);
#7393 = EDGE_CURVE('',#7386,#7386,#7394,.T.);
#7394 = CIRCLE('',#7395,0.45);
#7395 = AXIS2_PLACEMENT_3D('',#7396,#7397,#7398);
#7396 = CARTESIAN_POINT('',(-91.00616666666,20.171866666667,-1.));
#7397 = DIRECTION('',(0.E+000,0.E+000,-1.));
#7398 = DIRECTION('',(1.,0.E+000,0.E+000));
#7399 = ORIENTED_EDGE('',*,*,#7383,.F.);
#7400 = ORIENTED_EDGE('',*,*,#7401,.F.);
#7401 = EDGE_CURVE('',#7384,#7384,#7402,.T.);
#7402 = CIRCLE('',#7403,0.45);
#7403 = AXIS2_PLACEMENT_3D('',#7404,#7405,#7406);
#7404 = CARTESIAN_POINT('',(-91.00616666666,20.171866666667,0.E+000));
#7405 = DIRECTION('',(0.E+000,0.E+000,-1.));
#7406 = DIRECTION('',(1.,0.E+000,0.E+000));
#7407 = CYLINDRICAL_SURFACE('',#7408,0.45);
#7408 = AXIS2_PLACEMENT_3D('',#7409,#7410,#7411);
#7409 = CARTESIAN_POINT('',(-91.00616666666,20.171866666667,0.E+000));
#7410 = DIRECTION('',(-0.E+000,-0.E+000,1.));
#7411 = DIRECTION('',(1.,0.E+000,0.E+000));
#7412 = ADVANCED_FACE('',(#7413),#7440,.F.);
#7413 = FACE_BOUND('',#7414,.T.);
#7414 = EDGE_LOOP('',(#7415,#7425,#7432,#7433));
#7415 = ORIENTED_EDGE('',*,*,#7416,.T.);
#7416 = EDGE_CURVE('',#7417,#7419,#7421,.T.);
#7417 = VERTEX_POINT('',#7418);
#7418 = CARTESIAN_POINT('',(-90.55616666666,22.7119,0.E+000));
#7419 = VERTEX_POINT('',#7420);
#7420 = CARTESIAN_POINT('',(-90.55616666666,22.7119,-1.));
#7421 = LINE('',#7422,#7423);
#7422 = CARTESIAN_POINT('',(-90.55616666666,22.7119,0.E+000));
#7423 = VECTOR('',#7424,1.);
#7424 = DIRECTION('',(0.E+000,0.E+000,-1.));
#7425 = ORIENTED_EDGE('',*,*,#7426,.T.);
#7426 = EDGE_CURVE('',#7419,#7419,#7427,.T.);
#7427 = CIRCLE('',#7428,0.45);
#7428 = AXIS2_PLACEMENT_3D('',#7429,#7430,#7431);
#7429 = CARTESIAN_POINT('',(-91.00616666666,22.7119,-1.));
#7430 = DIRECTION('',(0.E+000,0.E+000,-1.));
#7431 = DIRECTION('',(1.,0.E+000,0.E+000));
#7432 = ORIENTED_EDGE('',*,*,#7416,.F.);
#7433 = ORIENTED_EDGE('',*,*,#7434,.F.);
#7434 = EDGE_CURVE('',#7417,#7417,#7435,.T.);
#7435 = CIRCLE('',#7436,0.45);
#7436 = AXIS2_PLACEMENT_3D('',#7437,#7438,#7439);
#7437 = CARTESIAN_POINT('',(-91.00616666666,22.7119,0.E+000));
#7438 = DIRECTION('',(0.E+000,0.E+000,-1.));
#7439 = DIRECTION('',(1.,0.E+000,0.E+000));
#7440 = CYLINDRICAL_SURFACE('',#7441,0.45);
#7441 = AXIS2_PLACEMENT_3D('',#7442,#7443,#7444);
#7442 = CARTESIAN_POINT('',(-91.00616666666,22.7119,0.E+000));
#7443 = DIRECTION('',(-0.E+000,-0.E+000,1.));
#7444 = DIRECTION('',(1.,0.E+000,0.E+000));
#7445 = ADVANCED_FACE('',(#7446),#7473,.F.);
#7446 = FACE_BOUND('',#7447,.T.);
#7447 = EDGE_LOOP('',(#7448,#7458,#7465,#7466));
#7448 = ORIENTED_EDGE('',*,*,#7449,.T.);
#7449 = EDGE_CURVE('',#7450,#7452,#7454,.T.);
#7450 = VERTEX_POINT('',#7451);
#7451 = CARTESIAN_POINT('',(-90.55616666666,25.2519,0.E+000));
#7452 = VERTEX_POINT('',#7453);
#7453 = CARTESIAN_POINT('',(-90.55616666666,25.2519,-1.));
#7454 = LINE('',#7455,#7456);
#7455 = CARTESIAN_POINT('',(-90.55616666666,25.2519,0.E+000));
#7456 = VECTOR('',#7457,1.);
#7457 = DIRECTION('',(0.E+000,0.E+000,-1.));
#7458 = ORIENTED_EDGE('',*,*,#7459,.T.);
#7459 = EDGE_CURVE('',#7452,#7452,#7460,.T.);
#7460 = CIRCLE('',#7461,0.45);
#7461 = AXIS2_PLACEMENT_3D('',#7462,#7463,#7464);
#7462 = CARTESIAN_POINT('',(-91.00616666666,25.2519,-1.));
#7463 = DIRECTION('',(0.E+000,0.E+000,-1.));
#7464 = DIRECTION('',(1.,0.E+000,0.E+000));
#7465 = ORIENTED_EDGE('',*,*,#7449,.F.);
#7466 = ORIENTED_EDGE('',*,*,#7467,.F.);
#7467 = EDGE_CURVE('',#7450,#7450,#7468,.T.);
#7468 = CIRCLE('',#7469,0.45);
#7469 = AXIS2_PLACEMENT_3D('',#7470,#7471,#7472);
#7470 = CARTESIAN_POINT('',(-91.00616666666,25.2519,0.E+000));
#7471 = DIRECTION('',(0.E+000,0.E+000,-1.));
#7472 = DIRECTION('',(1.,0.E+000,0.E+000));
#7473 = CYLINDRICAL_SURFACE('',#7474,0.45);
#7474 = AXIS2_PLACEMENT_3D('',#7475,#7476,#7477);
#7475 = CARTESIAN_POINT('',(-91.00616666666,25.2519,0.E+000));
#7476 = DIRECTION('',(-0.E+000,-0.E+000,1.));
#7477 = DIRECTION('',(1.,0.E+000,0.E+000));
#7478 = ADVANCED_FACE('',(#7479),#7506,.F.);
#7479 = FACE_BOUND('',#7480,.T.);
#7480 = EDGE_LOOP('',(#7481,#7491,#7498,#7499));
#7481 = ORIENTED_EDGE('',*,*,#7482,.T.);
#7482 = EDGE_CURVE('',#7483,#7485,#7487,.T.);
#7483 = VERTEX_POINT('',#7484);
#7484 = CARTESIAN_POINT('',(-90.55616666666,27.791866666667,0.E+000));
#7485 = VERTEX_POINT('',#7486);
#7486 = CARTESIAN_POINT('',(-90.55616666666,27.791866666667,-1.));
#7487 = LINE('',#7488,#7489);
#7488 = CARTESIAN_POINT('',(-90.55616666666,27.791866666667,0.E+000));
#7489 = VECTOR('',#7490,1.);
#7490 = DIRECTION('',(0.E+000,0.E+000,-1.));
#7491 = ORIENTED_EDGE('',*,*,#7492,.T.);
#7492 = EDGE_CURVE('',#7485,#7485,#7493,.T.);
#7493 = CIRCLE('',#7494,0.45);
#7494 = AXIS2_PLACEMENT_3D('',#7495,#7496,#7497);
#7495 = CARTESIAN_POINT('',(-91.00616666666,27.791866666667,-1.));
#7496 = DIRECTION('',(0.E+000,0.E+000,-1.));
#7497 = DIRECTION('',(1.,0.E+000,0.E+000));
#7498 = ORIENTED_EDGE('',*,*,#7482,.F.);
#7499 = ORIENTED_EDGE('',*,*,#7500,.F.);
#7500 = EDGE_CURVE('',#7483,#7483,#7501,.T.);
#7501 = CIRCLE('',#7502,0.45);
#7502 = AXIS2_PLACEMENT_3D('',#7503,#7504,#7505);
#7503 = CARTESIAN_POINT('',(-91.00616666666,27.791866666667,0.E+000));
#7504 = DIRECTION('',(0.E+000,0.E+000,-1.));
#7505 = DIRECTION('',(1.,0.E+000,0.E+000));
#7506 = CYLINDRICAL_SURFACE('',#7507,0.45);
#7507 = AXIS2_PLACEMENT_3D('',#7508,#7509,#7510);
#7508 = CARTESIAN_POINT('',(-91.00616666666,27.791866666667,0.E+000));
#7509 = DIRECTION('',(-0.E+000,-0.E+000,1.));
#7510 = DIRECTION('',(1.,0.E+000,0.E+000));
#7511 = ADVANCED_FACE('',(#7512),#7539,.F.);
#7512 = FACE_BOUND('',#7513,.T.);
#7513 = EDGE_LOOP('',(#7514,#7524,#7531,#7532));
#7514 = ORIENTED_EDGE('',*,*,#7515,.T.);
#7515 = EDGE_CURVE('',#7516,#7518,#7520,.T.);
#7516 = VERTEX_POINT('',#7517);
#7517 = CARTESIAN_POINT('',(-90.55616666666,30.3319,0.E+000));
#7518 = VERTEX_POINT('',#7519);
#7519 = CARTESIAN_POINT('',(-90.55616666666,30.3319,-1.));
#7520 = LINE('',#7521,#7522);
#7521 = CARTESIAN_POINT('',(-90.55616666666,30.3319,0.E+000));
#7522 = VECTOR('',#7523,1.);
#7523 = DIRECTION('',(0.E+000,0.E+000,-1.));
#7524 = ORIENTED_EDGE('',*,*,#7525,.T.);
#7525 = EDGE_CURVE('',#7518,#7518,#7526,.T.);
#7526 = CIRCLE('',#7527,0.45);
#7527 = AXIS2_PLACEMENT_3D('',#7528,#7529,#7530);
#7528 = CARTESIAN_POINT('',(-91.00616666666,30.3319,-1.));
#7529 = DIRECTION('',(0.E+000,0.E+000,-1.));
#7530 = DIRECTION('',(1.,0.E+000,0.E+000));
#7531 = ORIENTED_EDGE('',*,*,#7515,.F.);
#7532 = ORIENTED_EDGE('',*,*,#7533,.F.);
#7533 = EDGE_CURVE('',#7516,#7516,#7534,.T.);
#7534 = CIRCLE('',#7535,0.45);
#7535 = AXIS2_PLACEMENT_3D('',#7536,#7537,#7538);
#7536 = CARTESIAN_POINT('',(-91.00616666666,30.3319,0.E+000));
#7537 = DIRECTION('',(0.E+000,0.E+000,-1.));
#7538 = DIRECTION('',(1.,0.E+000,0.E+000));
#7539 = CYLINDRICAL_SURFACE('',#7540,0.45);
#7540 = AXIS2_PLACEMENT_3D('',#7541,#7542,#7543);
#7541 = CARTESIAN_POINT('',(-91.00616666666,30.3319,0.E+000));
#7542 = DIRECTION('',(-0.E+000,-0.E+000,1.));
#7543 = DIRECTION('',(1.,0.E+000,0.E+000));
#7544 = ADVANCED_FACE('',(#7545),#7572,.F.);
#7545 = FACE_BOUND('',#7546,.T.);
#7546 = EDGE_LOOP('',(#7547,#7557,#7564,#7565));
#7547 = ORIENTED_EDGE('',*,*,#7548,.T.);
#7548 = EDGE_CURVE('',#7549,#7551,#7553,.T.);
#7549 = VERTEX_POINT('',#7550);
#7550 = CARTESIAN_POINT('',(-90.55616666666,32.871866666667,0.E+000));
#7551 = VERTEX_POINT('',#7552);
#7552 = CARTESIAN_POINT('',(-90.55616666666,32.871866666667,-1.));
#7553 = LINE('',#7554,#7555);
#7554 = CARTESIAN_POINT('',(-90.55616666666,32.871866666667,0.E+000));
#7555 = VECTOR('',#7556,1.);
#7556 = DIRECTION('',(0.E+000,0.E+000,-1.));
#7557 = ORIENTED_EDGE('',*,*,#7558,.T.);
#7558 = EDGE_CURVE('',#7551,#7551,#7559,.T.);
#7559 = CIRCLE('',#7560,0.45);
#7560 = AXIS2_PLACEMENT_3D('',#7561,#7562,#7563);
#7561 = CARTESIAN_POINT('',(-91.00616666666,32.871866666667,-1.));
#7562 = DIRECTION('',(0.E+000,0.E+000,-1.));
#7563 = DIRECTION('',(1.,0.E+000,0.E+000));
#7564 = ORIENTED_EDGE('',*,*,#7548,.F.);
#7565 = ORIENTED_EDGE('',*,*,#7566,.F.);
#7566 = EDGE_CURVE('',#7549,#7549,#7567,.T.);
#7567 = CIRCLE('',#7568,0.45);
#7568 = AXIS2_PLACEMENT_3D('',#7569,#7570,#7571);
#7569 = CARTESIAN_POINT('',(-91.00616666666,32.871866666667,0.E+000));
#7570 = DIRECTION('',(0.E+000,0.E+000,-1.));
#7571 = DIRECTION('',(1.,0.E+000,0.E+000));
#7572 = CYLINDRICAL_SURFACE('',#7573,0.45);
#7573 = AXIS2_PLACEMENT_3D('',#7574,#7575,#7576);
#7574 = CARTESIAN_POINT('',(-91.00616666666,32.871866666667,0.E+000));
#7575 = DIRECTION('',(-0.E+000,-0.E+000,1.));
#7576 = DIRECTION('',(1.,0.E+000,0.E+000));
#7577 = ADVANCED_FACE('',(#7578),#7605,.F.);
#7578 = FACE_BOUND('',#7579,.T.);
#7579 = EDGE_LOOP('',(#7580,#7590,#7597,#7598));
#7580 = ORIENTED_EDGE('',*,*,#7581,.T.);
#7581 = EDGE_CURVE('',#7582,#7584,#7586,.T.);
#7582 = VERTEX_POINT('',#7583);
#7583 = CARTESIAN_POINT('',(-90.55616666666,35.4119,0.E+000));
#7584 = VERTEX_POINT('',#7585);
#7585 = CARTESIAN_POINT('',(-90.55616666666,35.4119,-1.));
#7586 = LINE('',#7587,#7588);
#7587 = CARTESIAN_POINT('',(-90.55616666666,35.4119,0.E+000));
#7588 = VECTOR('',#7589,1.);
#7589 = DIRECTION('',(0.E+000,0.E+000,-1.));
#7590 = ORIENTED_EDGE('',*,*,#7591,.T.);
#7591 = EDGE_CURVE('',#7584,#7584,#7592,.T.);
#7592 = CIRCLE('',#7593,0.45);
#7593 = AXIS2_PLACEMENT_3D('',#7594,#7595,#7596);
#7594 = CARTESIAN_POINT('',(-91.00616666666,35.4119,-1.));
#7595 = DIRECTION('',(0.E+000,0.E+000,-1.));
#7596 = DIRECTION('',(1.,0.E+000,0.E+000));
#7597 = ORIENTED_EDGE('',*,*,#7581,.F.);
#7598 = ORIENTED_EDGE('',*,*,#7599,.F.);
#7599 = EDGE_CURVE('',#7582,#7582,#7600,.T.);
#7600 = CIRCLE('',#7601,0.45);
#7601 = AXIS2_PLACEMENT_3D('',#7602,#7603,#7604);
#7602 = CARTESIAN_POINT('',(-91.00616666666,35.4119,0.E+000));
#7603 = DIRECTION('',(0.E+000,0.E+000,-1.));
#7604 = DIRECTION('',(1.,0.E+000,0.E+000));
#7605 = CYLINDRICAL_SURFACE('',#7606,0.45);
#7606 = AXIS2_PLACEMENT_3D('',#7607,#7608,#7609);
#7607 = CARTESIAN_POINT('',(-91.00616666666,35.4119,0.E+000));
#7608 = DIRECTION('',(-0.E+000,-0.E+000,1.));
#7609 = DIRECTION('',(1.,0.E+000,0.E+000));
#7610 = ADVANCED_FACE('',(#7611),#7638,.F.);
#7611 = FACE_BOUND('',#7612,.T.);
#7612 = EDGE_LOOP('',(#7613,#7623,#7630,#7631));
#7613 = ORIENTED_EDGE('',*,*,#7614,.T.);
#7614 = EDGE_CURVE('',#7615,#7617,#7619,.T.);
#7615 = VERTEX_POINT('',#7616);
#7616 = CARTESIAN_POINT('',(-90.55616666666,37.9519,0.E+000));
#7617 = VERTEX_POINT('',#7618);
#7618 = CARTESIAN_POINT('',(-90.55616666666,37.9519,-1.));
#7619 = LINE('',#7620,#7621);
#7620 = CARTESIAN_POINT('',(-90.55616666666,37.9519,0.E+000));
#7621 = VECTOR('',#7622,1.);
#7622 = DIRECTION('',(0.E+000,0.E+000,-1.));
#7623 = ORIENTED_EDGE('',*,*,#7624,.T.);
#7624 = EDGE_CURVE('',#7617,#7617,#7625,.T.);
#7625 = CIRCLE('',#7626,0.45);
#7626 = AXIS2_PLACEMENT_3D('',#7627,#7628,#7629);
#7627 = CARTESIAN_POINT('',(-91.00616666666,37.9519,-1.));
#7628 = DIRECTION('',(0.E+000,0.E+000,-1.));
#7629 = DIRECTION('',(1.,0.E+000,0.E+000));
#7630 = ORIENTED_EDGE('',*,*,#7614,.F.);
#7631 = ORIENTED_EDGE('',*,*,#7632,.F.);
#7632 = EDGE_CURVE('',#7615,#7615,#7633,.T.);
#7633 = CIRCLE('',#7634,0.45);
#7634 = AXIS2_PLACEMENT_3D('',#7635,#7636,#7637);
#7635 = CARTESIAN_POINT('',(-91.00616666666,37.9519,0.E+000));
#7636 = DIRECTION('',(0.E+000,0.E+000,-1.));
#7637 = DIRECTION('',(1.,0.E+000,0.E+000));
#7638 = CYLINDRICAL_SURFACE('',#7639,0.45);
#7639 = AXIS2_PLACEMENT_3D('',#7640,#7641,#7642);
#7640 = CARTESIAN_POINT('',(-91.00616666666,37.9519,0.E+000));
#7641 = DIRECTION('',(-0.E+000,-0.E+000,1.));
#7642 = DIRECTION('',(1.,0.E+000,0.E+000));
#7643 = ADVANCED_FACE('',(#7644),#7671,.F.);
#7644 = FACE_BOUND('',#7645,.T.);
#7645 = EDGE_LOOP('',(#7646,#7656,#7663,#7664));
#7646 = ORIENTED_EDGE('',*,*,#7647,.T.);
#7647 = EDGE_CURVE('',#7648,#7650,#7652,.T.);
#7648 = VERTEX_POINT('',#7649);
#7649 = CARTESIAN_POINT('',(-63.3675,24.4475,0.E+000));
#7650 = VERTEX_POINT('',#7651);
#7651 = CARTESIAN_POINT('',(-63.3675,24.4475,-1.));
#7652 = LINE('',#7653,#7654);
#7653 = CARTESIAN_POINT('',(-63.3675,24.4475,0.E+000));
#7654 = VECTOR('',#7655,1.);
#7655 = DIRECTION('',(0.E+000,0.E+000,-1.));
#7656 = ORIENTED_EDGE('',*,*,#7657,.T.);
#7657 = EDGE_CURVE('',#7650,#7650,#7658,.T.);
#7658 = CIRCLE('',#7659,0.45);
#7659 = AXIS2_PLACEMENT_3D('',#7660,#7661,#7662);
#7660 = CARTESIAN_POINT('',(-63.8175,24.4475,-1.));
#7661 = DIRECTION('',(0.E+000,0.E+000,-1.));
#7662 = DIRECTION('',(1.,0.E+000,0.E+000));
#7663 = ORIENTED_EDGE('',*,*,#7647,.F.);
#7664 = ORIENTED_EDGE('',*,*,#7665,.F.);
#7665 = EDGE_CURVE('',#7648,#7648,#7666,.T.);
#7666 = CIRCLE('',#7667,0.45);
#7667 = AXIS2_PLACEMENT_3D('',#7668,#7669,#7670);
#7668 = CARTESIAN_POINT('',(-63.8175,24.4475,0.E+000));
#7669 = DIRECTION('',(0.E+000,0.E+000,-1.));
#7670 = DIRECTION('',(1.,0.E+000,0.E+000));
#7671 = CYLINDRICAL_SURFACE('',#7672,0.45);
#7672 = AXIS2_PLACEMENT_3D('',#7673,#7674,#7675);
#7673 = CARTESIAN_POINT('',(-63.8175,24.4475,0.E+000));
#7674 = DIRECTION('',(-0.E+000,-0.E+000,1.));
#7675 = DIRECTION('',(1.,0.E+000,0.E+000));
#7676 = ADVANCED_FACE('',(#7677),#7704,.F.);
#7677 = FACE_BOUND('',#7678,.T.);
#7678 = EDGE_LOOP('',(#7679,#7689,#7696,#7697));
#7679 = ORIENTED_EDGE('',*,*,#7680,.T.);
#7680 = EDGE_CURVE('',#7681,#7683,#7685,.T.);
#7681 = VERTEX_POINT('',#7682);
#7682 = CARTESIAN_POINT('',(-63.3675,21.9075,0.E+000));
#7683 = VERTEX_POINT('',#7684);
#7684 = CARTESIAN_POINT('',(-63.3675,21.9075,-1.));
#7685 = LINE('',#7686,#7687);
#7686 = CARTESIAN_POINT('',(-63.3675,21.9075,0.E+000));
#7687 = VECTOR('',#7688,1.);
#7688 = DIRECTION('',(0.E+000,0.E+000,-1.));
#7689 = ORIENTED_EDGE('',*,*,#7690,.T.);
#7690 = EDGE_CURVE('',#7683,#7683,#7691,.T.);
#7691 = CIRCLE('',#7692,0.45);
#7692 = AXIS2_PLACEMENT_3D('',#7693,#7694,#7695);
#7693 = CARTESIAN_POINT('',(-63.8175,21.9075,-1.));
#7694 = DIRECTION('',(0.E+000,0.E+000,-1.));
#7695 = DIRECTION('',(1.,0.E+000,0.E+000));
#7696 = ORIENTED_EDGE('',*,*,#7680,.F.);
#7697 = ORIENTED_EDGE('',*,*,#7698,.F.);
#7698 = EDGE_CURVE('',#7681,#7681,#7699,.T.);
#7699 = CIRCLE('',#7700,0.45);
#7700 = AXIS2_PLACEMENT_3D('',#7701,#7702,#7703);
#7701 = CARTESIAN_POINT('',(-63.8175,21.9075,0.E+000));
#7702 = DIRECTION('',(0.E+000,0.E+000,-1.));
#7703 = DIRECTION('',(1.,0.E+000,0.E+000));
#7704 = CYLINDRICAL_SURFACE('',#7705,0.45);
#7705 = AXIS2_PLACEMENT_3D('',#7706,#7707,#7708);
#7706 = CARTESIAN_POINT('',(-63.8175,21.9075,0.E+000));
#7707 = DIRECTION('',(-0.E+000,-0.E+000,1.));
#7708 = DIRECTION('',(1.,0.E+000,0.E+000));
#7709 = ADVANCED_FACE('',(#7710),#7737,.F.);
#7710 = FACE_BOUND('',#7711,.T.);
#7711 = EDGE_LOOP('',(#7712,#7722,#7729,#7730));
#7712 = ORIENTED_EDGE('',*,*,#7713,.T.);
#7713 = EDGE_CURVE('',#7714,#7716,#7718,.T.);
#7714 = VERTEX_POINT('',#7715);
#7715 = CARTESIAN_POINT('',(-63.3675,19.367466666667,0.E+000));
#7716 = VERTEX_POINT('',#7717);
#7717 = CARTESIAN_POINT('',(-63.3675,19.367466666667,-1.));
#7718 = LINE('',#7719,#7720);
#7719 = CARTESIAN_POINT('',(-63.3675,19.367466666667,0.E+000));
#7720 = VECTOR('',#7721,1.);
#7721 = DIRECTION('',(0.E+000,0.E+000,-1.));
#7722 = ORIENTED_EDGE('',*,*,#7723,.T.);
#7723 = EDGE_CURVE('',#7716,#7716,#7724,.T.);
#7724 = CIRCLE('',#7725,0.45);
#7725 = AXIS2_PLACEMENT_3D('',#7726,#7727,#7728);
#7726 = CARTESIAN_POINT('',(-63.8175,19.367466666667,-1.));
#7727 = DIRECTION('',(0.E+000,0.E+000,-1.));
#7728 = DIRECTION('',(1.,0.E+000,0.E+000));
#7729 = ORIENTED_EDGE('',*,*,#7713,.F.);
#7730 = ORIENTED_EDGE('',*,*,#7731,.F.);
#7731 = EDGE_CURVE('',#7714,#7714,#7732,.T.);
#7732 = CIRCLE('',#7733,0.45);
#7733 = AXIS2_PLACEMENT_3D('',#7734,#7735,#7736);
#7734 = CARTESIAN_POINT('',(-63.8175,19.367466666667,0.E+000));
#7735 = DIRECTION('',(0.E+000,0.E+000,-1.));
#7736 = DIRECTION('',(1.,0.E+000,0.E+000));
#7737 = CYLINDRICAL_SURFACE('',#7738,0.45);
#7738 = AXIS2_PLACEMENT_3D('',#7739,#7740,#7741);
#7739 = CARTESIAN_POINT('',(-63.8175,19.367466666667,0.E+000));
#7740 = DIRECTION('',(-0.E+000,-0.E+000,1.));
#7741 = DIRECTION('',(1.,0.E+000,0.E+000));
#7742 = ADVANCED_FACE('',(#7743),#7770,.F.);
#7743 = FACE_BOUND('',#7744,.T.);
#7744 = EDGE_LOOP('',(#7745,#7755,#7762,#7763));
#7745 = ORIENTED_EDGE('',*,*,#7746,.T.);
#7746 = EDGE_CURVE('',#7747,#7749,#7751,.T.);
#7747 = VERTEX_POINT('',#7748);
#7748 = CARTESIAN_POINT('',(-63.3675,16.8275,0.E+000));
#7749 = VERTEX_POINT('',#7750);
#7750 = CARTESIAN_POINT('',(-63.3675,16.8275,-1.));
#7751 = LINE('',#7752,#7753);
#7752 = CARTESIAN_POINT('',(-63.3675,16.8275,0.E+000));
#7753 = VECTOR('',#7754,1.);
#7754 = DIRECTION('',(0.E+000,0.E+000,-1.));
#7755 = ORIENTED_EDGE('',*,*,#7756,.T.);
#7756 = EDGE_CURVE('',#7749,#7749,#7757,.T.);
#7757 = CIRCLE('',#7758,0.45);
#7758 = AXIS2_PLACEMENT_3D('',#7759,#7760,#7761);
#7759 = CARTESIAN_POINT('',(-63.8175,16.8275,-1.));
#7760 = DIRECTION('',(0.E+000,0.E+000,-1.));
#7761 = DIRECTION('',(1.,0.E+000,0.E+000));
#7762 = ORIENTED_EDGE('',*,*,#7746,.F.);
#7763 = ORIENTED_EDGE('',*,*,#7764,.F.);
#7764 = EDGE_CURVE('',#7747,#7747,#7765,.T.);
#7765 = CIRCLE('',#7766,0.45);
#7766 = AXIS2_PLACEMENT_3D('',#7767,#7768,#7769);
#7767 = CARTESIAN_POINT('',(-63.8175,16.8275,0.E+000));
#7768 = DIRECTION('',(0.E+000,0.E+000,-1.));
#7769 = DIRECTION('',(1.,0.E+000,0.E+000));
#7770 = CYLINDRICAL_SURFACE('',#7771,0.45);
#7771 = AXIS2_PLACEMENT_3D('',#7772,#7773,#7774);
#7772 = CARTESIAN_POINT('',(-63.8175,16.8275,0.E+000));
#7773 = DIRECTION('',(-0.E+000,-0.E+000,1.));
#7774 = DIRECTION('',(1.,0.E+000,0.E+000));
#7775 = ADVANCED_FACE('',(#7776),#7803,.F.);
#7776 = FACE_BOUND('',#7777,.T.);
#7777 = EDGE_LOOP('',(#7778,#7788,#7795,#7796));
#7778 = ORIENTED_EDGE('',*,*,#7779,.T.);
#7779 = EDGE_CURVE('',#7780,#7782,#7784,.T.);
#7780 = VERTEX_POINT('',#7781);
#7781 = CARTESIAN_POINT('',(-63.3675,14.287466666667,0.E+000));
#7782 = VERTEX_POINT('',#7783);
#7783 = CARTESIAN_POINT('',(-63.3675,14.287466666667,-1.));
#7784 = LINE('',#7785,#7786);
#7785 = CARTESIAN_POINT('',(-63.3675,14.287466666667,0.E+000));
#7786 = VECTOR('',#7787,1.);
#7787 = DIRECTION('',(0.E+000,0.E+000,-1.));
#7788 = ORIENTED_EDGE('',*,*,#7789,.T.);
#7789 = EDGE_CURVE('',#7782,#7782,#7790,.T.);
#7790 = CIRCLE('',#7791,0.45);
#7791 = AXIS2_PLACEMENT_3D('',#7792,#7793,#7794);
#7792 = CARTESIAN_POINT('',(-63.8175,14.287466666667,-1.));
#7793 = DIRECTION('',(0.E+000,0.E+000,-1.));
#7794 = DIRECTION('',(1.,0.E+000,0.E+000));
#7795 = ORIENTED_EDGE('',*,*,#7779,.F.);
#7796 = ORIENTED_EDGE('',*,*,#7797,.F.);
#7797 = EDGE_CURVE('',#7780,#7780,#7798,.T.);
#7798 = CIRCLE('',#7799,0.45);
#7799 = AXIS2_PLACEMENT_3D('',#7800,#7801,#7802);
#7800 = CARTESIAN_POINT('',(-63.8175,14.287466666667,0.E+000));
#7801 = DIRECTION('',(0.E+000,0.E+000,-1.));
#7802 = DIRECTION('',(1.,0.E+000,0.E+000));
#7803 = CYLINDRICAL_SURFACE('',#7804,0.45);
#7804 = AXIS2_PLACEMENT_3D('',#7805,#7806,#7807);
#7805 = CARTESIAN_POINT('',(-63.8175,14.287466666667,0.E+000));
#7806 = DIRECTION('',(-0.E+000,-0.E+000,1.));
#7807 = DIRECTION('',(1.,0.E+000,0.E+000));
#7808 = ADVANCED_FACE('',(#7809),#7836,.F.);
#7809 = FACE_BOUND('',#7810,.T.);
#7810 = EDGE_LOOP('',(#7811,#7821,#7828,#7829));
#7811 = ORIENTED_EDGE('',*,*,#7812,.T.);
#7812 = EDGE_CURVE('',#7813,#7815,#7817,.T.);
#7813 = VERTEX_POINT('',#7814);
#7814 = CARTESIAN_POINT('',(-63.3675,11.7475,0.E+000));
#7815 = VERTEX_POINT('',#7816);
#7816 = CARTESIAN_POINT('',(-63.3675,11.7475,-1.));
#7817 = LINE('',#7818,#7819);
#7818 = CARTESIAN_POINT('',(-63.3675,11.7475,0.E+000));
#7819 = VECTOR('',#7820,1.);
#7820 = DIRECTION('',(0.E+000,0.E+000,-1.));
#7821 = ORIENTED_EDGE('',*,*,#7822,.T.);
#7822 = EDGE_CURVE('',#7815,#7815,#7823,.T.);
#7823 = CIRCLE('',#7824,0.45);
#7824 = AXIS2_PLACEMENT_3D('',#7825,#7826,#7827);
#7825 = CARTESIAN_POINT('',(-63.8175,11.7475,-1.));
#7826 = DIRECTION('',(0.E+000,0.E+000,-1.));
#7827 = DIRECTION('',(1.,0.E+000,0.E+000));
#7828 = ORIENTED_EDGE('',*,*,#7812,.F.);
#7829 = ORIENTED_EDGE('',*,*,#7830,.F.);
#7830 = EDGE_CURVE('',#7813,#7813,#7831,.T.);
#7831 = CIRCLE('',#7832,0.45);
#7832 = AXIS2_PLACEMENT_3D('',#7833,#7834,#7835);
#7833 = CARTESIAN_POINT('',(-63.8175,11.7475,0.E+000));
#7834 = DIRECTION('',(0.E+000,0.E+000,-1.));
#7835 = DIRECTION('',(1.,0.E+000,0.E+000));
#7836 = CYLINDRICAL_SURFACE('',#7837,0.45);
#7837 = AXIS2_PLACEMENT_3D('',#7838,#7839,#7840);
#7838 = CARTESIAN_POINT('',(-63.8175,11.7475,0.E+000));
#7839 = DIRECTION('',(-0.E+000,-0.E+000,1.));
#7840 = DIRECTION('',(1.,0.E+000,0.E+000));
#7841 = ADVANCED_FACE('',(#7842),#7869,.F.);
#7842 = FACE_BOUND('',#7843,.T.);
#7843 = EDGE_LOOP('',(#7844,#7854,#7861,#7862));
#7844 = ORIENTED_EDGE('',*,*,#7845,.T.);
#7845 = EDGE_CURVE('',#7846,#7848,#7850,.T.);
#7846 = VERTEX_POINT('',#7847);
#7847 = CARTESIAN_POINT('',(-63.3675,9.2075,0.E+000));
#7848 = VERTEX_POINT('',#7849);
#7849 = CARTESIAN_POINT('',(-63.3675,9.2075,-1.));
#7850 = LINE('',#7851,#7852);
#7851 = CARTESIAN_POINT('',(-63.3675,9.2075,0.E+000));
#7852 = VECTOR('',#7853,1.);
#7853 = DIRECTION('',(0.E+000,0.E+000,-1.));
#7854 = ORIENTED_EDGE('',*,*,#7855,.T.);
#7855 = EDGE_CURVE('',#7848,#7848,#7856,.T.);
#7856 = CIRCLE('',#7857,0.45);
#7857 = AXIS2_PLACEMENT_3D('',#7858,#7859,#7860);
#7858 = CARTESIAN_POINT('',(-63.8175,9.2075,-1.));
#7859 = DIRECTION('',(0.E+000,0.E+000,-1.));
#7860 = DIRECTION('',(1.,0.E+000,0.E+000));
#7861 = ORIENTED_EDGE('',*,*,#7845,.F.);
#7862 = ORIENTED_EDGE('',*,*,#7863,.F.);
#7863 = EDGE_CURVE('',#7846,#7846,#7864,.T.);
#7864 = CIRCLE('',#7865,0.45);
#7865 = AXIS2_PLACEMENT_3D('',#7866,#7867,#7868);
#7866 = CARTESIAN_POINT('',(-63.8175,9.2075,0.E+000));
#7867 = DIRECTION('',(0.E+000,0.E+000,-1.));
#7868 = DIRECTION('',(1.,0.E+000,0.E+000));
#7869 = CYLINDRICAL_SURFACE('',#7870,0.45);
#7870 = AXIS2_PLACEMENT_3D('',#7871,#7872,#7873);
#7871 = CARTESIAN_POINT('',(-63.8175,9.2075,0.E+000));
#7872 = DIRECTION('',(-0.E+000,-0.E+000,1.));
#7873 = DIRECTION('',(1.,0.E+000,0.E+000));
#7874 = ADVANCED_FACE('',(#7875),#7902,.F.);
#7875 = FACE_BOUND('',#7876,.T.);
#7876 = EDGE_LOOP('',(#7877,#7887,#7894,#7895));
#7877 = ORIENTED_EDGE('',*,*,#7878,.T.);
#7878 = EDGE_CURVE('',#7879,#7881,#7883,.T.);
#7879 = VERTEX_POINT('',#7880);
#7880 = CARTESIAN_POINT('',(-63.3675,6.667466666667,0.E+000));
#7881 = VERTEX_POINT('',#7882);
#7882 = CARTESIAN_POINT('',(-63.3675,6.667466666667,-1.));
#7883 = LINE('',#7884,#7885);
#7884 = CARTESIAN_POINT('',(-63.3675,6.667466666667,0.E+000));
#7885 = VECTOR('',#7886,1.);
#7886 = DIRECTION('',(0.E+000,0.E+000,-1.));
#7887 = ORIENTED_EDGE('',*,*,#7888,.T.);
#7888 = EDGE_CURVE('',#7881,#7881,#7889,.T.);
#7889 = CIRCLE('',#7890,0.45);
#7890 = AXIS2_PLACEMENT_3D('',#7891,#7892,#7893);
#7891 = CARTESIAN_POINT('',(-63.8175,6.667466666667,-1.));
#7892 = DIRECTION('',(0.E+000,0.E+000,-1.));
#7893 = DIRECTION('',(1.,0.E+000,0.E+000));
#7894 = ORIENTED_EDGE('',*,*,#7878,.F.);
#7895 = ORIENTED_EDGE('',*,*,#7896,.F.);
#7896 = EDGE_CURVE('',#7879,#7879,#7897,.T.);
#7897 = CIRCLE('',#7898,0.45);
#7898 = AXIS2_PLACEMENT_3D('',#7899,#7900,#7901);
#7899 = CARTESIAN_POINT('',(-63.8175,6.667466666667,0.E+000));
#7900 = DIRECTION('',(0.E+000,0.E+000,-1.));
#7901 = DIRECTION('',(1.,0.E+000,0.E+000));
#7902 = CYLINDRICAL_SURFACE('',#7903,0.45);
#7903 = AXIS2_PLACEMENT_3D('',#7904,#7905,#7906);
#7904 = CARTESIAN_POINT('',(-63.8175,6.667466666667,0.E+000));
#7905 = DIRECTION('',(-0.E+000,-0.E+000,1.));
#7906 = DIRECTION('',(1.,0.E+000,0.E+000));
#7907 = ADVANCED_FACE('',(#7908),#7935,.F.);
#7908 = FACE_BOUND('',#7909,.T.);
#7909 = EDGE_LOOP('',(#7910,#7920,#7927,#7928));
#7910 = ORIENTED_EDGE('',*,*,#7911,.T.);
#7911 = EDGE_CURVE('',#7912,#7914,#7916,.T.);
#7912 = VERTEX_POINT('',#7913);
#7913 = CARTESIAN_POINT('',(-63.3675,4.1275,0.E+000));
#7914 = VERTEX_POINT('',#7915);
#7915 = CARTESIAN_POINT('',(-63.3675,4.1275,-1.));
#7916 = LINE('',#7917,#7918);
#7917 = CARTESIAN_POINT('',(-63.3675,4.1275,0.E+000));
#7918 = VECTOR('',#7919,1.);
#7919 = DIRECTION('',(0.E+000,0.E+000,-1.));
#7920 = ORIENTED_EDGE('',*,*,#7921,.T.);
#7921 = EDGE_CURVE('',#7914,#7914,#7922,.T.);
#7922 = CIRCLE('',#7923,0.45);
#7923 = AXIS2_PLACEMENT_3D('',#7924,#7925,#7926);
#7924 = CARTESIAN_POINT('',(-63.8175,4.1275,-1.));
#7925 = DIRECTION('',(0.E+000,0.E+000,-1.));
#7926 = DIRECTION('',(1.,0.E+000,0.E+000));
#7927 = ORIENTED_EDGE('',*,*,#7911,.F.);
#7928 = ORIENTED_EDGE('',*,*,#7929,.F.);
#7929 = EDGE_CURVE('',#7912,#7912,#7930,.T.);
#7930 = CIRCLE('',#7931,0.45);
#7931 = AXIS2_PLACEMENT_3D('',#7932,#7933,#7934);
#7932 = CARTESIAN_POINT('',(-63.8175,4.1275,0.E+000));
#7933 = DIRECTION('',(0.E+000,0.E+000,-1.));
#7934 = DIRECTION('',(1.,0.E+000,0.E+000));
#7935 = CYLINDRICAL_SURFACE('',#7936,0.45);
#7936 = AXIS2_PLACEMENT_3D('',#7937,#7938,#7939);
#7937 = CARTESIAN_POINT('',(-63.8175,4.1275,0.E+000));
#7938 = DIRECTION('',(-0.E+000,-0.E+000,1.));
#7939 = DIRECTION('',(1.,0.E+000,0.E+000));
#7940 = ADVANCED_FACE('',(#7941),#7968,.F.);
#7941 = FACE_BOUND('',#7942,.T.);
#7942 = EDGE_LOOP('',(#7943,#7953,#7960,#7961));
#7943 = ORIENTED_EDGE('',*,*,#7944,.T.);
#7944 = EDGE_CURVE('',#7945,#7947,#7949,.T.);
#7945 = VERTEX_POINT('',#7946);
#7946 = CARTESIAN_POINT('',(-63.3675,1.5875,0.E+000));
#7947 = VERTEX_POINT('',#7948);
#7948 = CARTESIAN_POINT('',(-63.3675,1.5875,-1.));
#7949 = LINE('',#7950,#7951);
#7950 = CARTESIAN_POINT('',(-63.3675,1.5875,0.E+000));
#7951 = VECTOR('',#7952,1.);
#7952 = DIRECTION('',(0.E+000,0.E+000,-1.));
#7953 = ORIENTED_EDGE('',*,*,#7954,.T.);
#7954 = EDGE_CURVE('',#7947,#7947,#7955,.T.);
#7955 = CIRCLE('',#7956,0.45);
#7956 = AXIS2_PLACEMENT_3D('',#7957,#7958,#7959);
#7957 = CARTESIAN_POINT('',(-63.8175,1.5875,-1.));
#7958 = DIRECTION('',(0.E+000,0.E+000,-1.));
#7959 = DIRECTION('',(1.,0.E+000,0.E+000));
#7960 = ORIENTED_EDGE('',*,*,#7944,.F.);
#7961 = ORIENTED_EDGE('',*,*,#7962,.F.);
#7962 = EDGE_CURVE('',#7945,#7945,#7963,.T.);
#7963 = CIRCLE('',#7964,0.45);
#7964 = AXIS2_PLACEMENT_3D('',#7965,#7966,#7967);
#7965 = CARTESIAN_POINT('',(-63.8175,1.5875,0.E+000));
#7966 = DIRECTION('',(0.E+000,0.E+000,-1.));
#7967 = DIRECTION('',(1.,0.E+000,0.E+000));
#7968 = CYLINDRICAL_SURFACE('',#7969,0.45);
#7969 = AXIS2_PLACEMENT_3D('',#7970,#7971,#7972);
#7970 = CARTESIAN_POINT('',(-63.8175,1.5875,0.E+000));
#7971 = DIRECTION('',(-0.E+000,-0.E+000,1.));
#7972 = DIRECTION('',(1.,0.E+000,0.E+000));
#7973 = ADVANCED_FACE('',(#7974),#8001,.F.);
#7974 = FACE_BOUND('',#7975,.T.);
#7975 = EDGE_LOOP('',(#7976,#7986,#7993,#7994));
#7976 = ORIENTED_EDGE('',*,*,#7977,.T.);
#7977 = EDGE_CURVE('',#7978,#7980,#7982,.T.);
#7978 = VERTEX_POINT('',#7979);
#7979 = CARTESIAN_POINT('',(-63.3675,-0.952533333333,0.E+000));
#7980 = VERTEX_POINT('',#7981);
#7981 = CARTESIAN_POINT('',(-63.3675,-0.952533333333,-1.));
#7982 = LINE('',#7983,#7984);
#7983 = CARTESIAN_POINT('',(-63.3675,-0.952533333333,0.E+000));
#7984 = VECTOR('',#7985,1.);
#7985 = DIRECTION('',(0.E+000,0.E+000,-1.));
#7986 = ORIENTED_EDGE('',*,*,#7987,.T.);
#7987 = EDGE_CURVE('',#7980,#7980,#7988,.T.);
#7988 = CIRCLE('',#7989,0.45);
#7989 = AXIS2_PLACEMENT_3D('',#7990,#7991,#7992);
#7990 = CARTESIAN_POINT('',(-63.8175,-0.952533333333,-1.));
#7991 = DIRECTION('',(0.E+000,0.E+000,-1.));
#7992 = DIRECTION('',(1.,0.E+000,0.E+000));
#7993 = ORIENTED_EDGE('',*,*,#7977,.F.);
#7994 = ORIENTED_EDGE('',*,*,#7995,.F.);
#7995 = EDGE_CURVE('',#7978,#7978,#7996,.T.);
#7996 = CIRCLE('',#7997,0.45);
#7997 = AXIS2_PLACEMENT_3D('',#7998,#7999,#8000);
#7998 = CARTESIAN_POINT('',(-63.8175,-0.952533333333,0.E+000));
#7999 = DIRECTION('',(0.E+000,0.E+000,-1.));
#8000 = DIRECTION('',(1.,0.E+000,0.E+000));
#8001 = CYLINDRICAL_SURFACE('',#8002,0.45);
#8002 = AXIS2_PLACEMENT_3D('',#8003,#8004,#8005);
#8003 = CARTESIAN_POINT('',(-63.8175,-0.952533333333,0.E+000));
#8004 = DIRECTION('',(-0.E+000,-0.E+000,1.));
#8005 = DIRECTION('',(1.,0.E+000,0.E+000));
#8006 = ADVANCED_FACE('',(#8007),#8034,.F.);
#8007 = FACE_BOUND('',#8008,.T.);
#8008 = EDGE_LOOP('',(#8009,#8019,#8026,#8027));
#8009 = ORIENTED_EDGE('',*,*,#8010,.T.);
#8010 = EDGE_CURVE('',#8011,#8013,#8015,.T.);
#8011 = VERTEX_POINT('',#8012);
#8012 = CARTESIAN_POINT('',(-63.3675,-3.492533333333,0.E+000));
#8013 = VERTEX_POINT('',#8014);
#8014 = CARTESIAN_POINT('',(-63.3675,-3.492533333333,-1.));
#8015 = LINE('',#8016,#8017);
#8016 = CARTESIAN_POINT('',(-63.3675,-3.492533333333,0.E+000));
#8017 = VECTOR('',#8018,1.);
#8018 = DIRECTION('',(0.E+000,0.E+000,-1.));
#8019 = ORIENTED_EDGE('',*,*,#8020,.T.);
#8020 = EDGE_CURVE('',#8013,#8013,#8021,.T.);
#8021 = CIRCLE('',#8022,0.45);
#8022 = AXIS2_PLACEMENT_3D('',#8023,#8024,#8025);
#8023 = CARTESIAN_POINT('',(-63.8175,-3.492533333333,-1.));
#8024 = DIRECTION('',(0.E+000,0.E+000,-1.));
#8025 = DIRECTION('',(1.,0.E+000,0.E+000));
#8026 = ORIENTED_EDGE('',*,*,#8010,.F.);
#8027 = ORIENTED_EDGE('',*,*,#8028,.F.);
#8028 = EDGE_CURVE('',#8011,#8011,#8029,.T.);
#8029 = CIRCLE('',#8030,0.45);
#8030 = AXIS2_PLACEMENT_3D('',#8031,#8032,#8033);
#8031 = CARTESIAN_POINT('',(-63.8175,-3.492533333333,0.E+000));
#8032 = DIRECTION('',(0.E+000,0.E+000,-1.));
#8033 = DIRECTION('',(1.,0.E+000,0.E+000));
#8034 = CYLINDRICAL_SURFACE('',#8035,0.45);
#8035 = AXIS2_PLACEMENT_3D('',#8036,#8037,#8038);
#8036 = CARTESIAN_POINT('',(-63.8175,-3.492533333333,0.E+000));
#8037 = DIRECTION('',(-0.E+000,-0.E+000,1.));
#8038 = DIRECTION('',(1.,0.E+000,0.E+000));
#8039 = ADVANCED_FACE('',(#8040),#8067,.F.);
#8040 = FACE_BOUND('',#8041,.T.);
#8041 = EDGE_LOOP('',(#8042,#8052,#8059,#8060));
#8042 = ORIENTED_EDGE('',*,*,#8043,.T.);
#8043 = EDGE_CURVE('',#8044,#8046,#8048,.T.);
#8044 = VERTEX_POINT('',#8045);
#8045 = CARTESIAN_POINT('',(-63.3675,-6.0325,0.E+000));
#8046 = VERTEX_POINT('',#8047);
#8047 = CARTESIAN_POINT('',(-63.3675,-6.0325,-1.));
#8048 = LINE('',#8049,#8050);
#8049 = CARTESIAN_POINT('',(-63.3675,-6.0325,0.E+000));
#8050 = VECTOR('',#8051,1.);
#8051 = DIRECTION('',(0.E+000,0.E+000,-1.));
#8052 = ORIENTED_EDGE('',*,*,#8053,.T.);
#8053 = EDGE_CURVE('',#8046,#8046,#8054,.T.);
#8054 = CIRCLE('',#8055,0.45);
#8055 = AXIS2_PLACEMENT_3D('',#8056,#8057,#8058);
#8056 = CARTESIAN_POINT('',(-63.8175,-6.0325,-1.));
#8057 = DIRECTION('',(0.E+000,0.E+000,-1.));
#8058 = DIRECTION('',(1.,0.E+000,0.E+000));
#8059 = ORIENTED_EDGE('',*,*,#8043,.F.);
#8060 = ORIENTED_EDGE('',*,*,#8061,.F.);
#8061 = EDGE_CURVE('',#8044,#8044,#8062,.T.);
#8062 = CIRCLE('',#8063,0.45);
#8063 = AXIS2_PLACEMENT_3D('',#8064,#8065,#8066);
#8064 = CARTESIAN_POINT('',(-63.8175,-6.0325,0.E+000));
#8065 = DIRECTION('',(0.E+000,0.E+000,-1.));
#8066 = DIRECTION('',(1.,0.E+000,0.E+000));
#8067 = CYLINDRICAL_SURFACE('',#8068,0.45);
#8068 = AXIS2_PLACEMENT_3D('',#8069,#8070,#8071);
#8069 = CARTESIAN_POINT('',(-63.8175,-6.0325,0.E+000));
#8070 = DIRECTION('',(-0.E+000,-0.E+000,1.));
#8071 = DIRECTION('',(1.,0.E+000,0.E+000));
#8072 = ADVANCED_FACE('',(#8073),#8100,.F.);
#8073 = FACE_BOUND('',#8074,.T.);
#8074 = EDGE_LOOP('',(#8075,#8085,#8092,#8093));
#8075 = ORIENTED_EDGE('',*,*,#8076,.T.);
#8076 = EDGE_CURVE('',#8077,#8079,#8081,.T.);
#8077 = VERTEX_POINT('',#8078);
#8078 = CARTESIAN_POINT('',(-63.3675,-8.5725,0.E+000));
#8079 = VERTEX_POINT('',#8080);
#8080 = CARTESIAN_POINT('',(-63.3675,-8.5725,-1.));
#8081 = LINE('',#8082,#8083);
#8082 = CARTESIAN_POINT('',(-63.3675,-8.5725,0.E+000));
#8083 = VECTOR('',#8084,1.);
#8084 = DIRECTION('',(0.E+000,0.E+000,-1.));
#8085 = ORIENTED_EDGE('',*,*,#8086,.T.);
#8086 = EDGE_CURVE('',#8079,#8079,#8087,.T.);
#8087 = CIRCLE('',#8088,0.45);
#8088 = AXIS2_PLACEMENT_3D('',#8089,#8090,#8091);
#8089 = CARTESIAN_POINT('',(-63.8175,-8.5725,-1.));
#8090 = DIRECTION('',(0.E+000,0.E+000,-1.));
#8091 = DIRECTION('',(1.,0.E+000,0.E+000));
#8092 = ORIENTED_EDGE('',*,*,#8076,.F.);
#8093 = ORIENTED_EDGE('',*,*,#8094,.F.);
#8094 = EDGE_CURVE('',#8077,#8077,#8095,.T.);
#8095 = CIRCLE('',#8096,0.45);
#8096 = AXIS2_PLACEMENT_3D('',#8097,#8098,#8099);
#8097 = CARTESIAN_POINT('',(-63.8175,-8.5725,0.E+000));
#8098 = DIRECTION('',(0.E+000,0.E+000,-1.));
#8099 = DIRECTION('',(1.,0.E+000,0.E+000));
#8100 = CYLINDRICAL_SURFACE('',#8101,0.45);
#8101 = AXIS2_PLACEMENT_3D('',#8102,#8103,#8104);
#8102 = CARTESIAN_POINT('',(-63.8175,-8.5725,0.E+000));
#8103 = DIRECTION('',(-0.E+000,-0.E+000,1.));
#8104 = DIRECTION('',(1.,0.E+000,0.E+000));
#8105 = ADVANCED_FACE('',(#8106),#8133,.F.);
#8106 = FACE_BOUND('',#8107,.T.);
#8107 = EDGE_LOOP('',(#8108,#8118,#8125,#8126));
#8108 = ORIENTED_EDGE('',*,*,#8109,.T.);
#8109 = EDGE_CURVE('',#8110,#8112,#8114,.T.);
#8110 = VERTEX_POINT('',#8111);
#8111 = CARTESIAN_POINT('',(-55.7475,-8.5725,0.E+000));
#8112 = VERTEX_POINT('',#8113);
#8113 = CARTESIAN_POINT('',(-55.7475,-8.5725,-1.));
#8114 = LINE('',#8115,#8116);
#8115 = CARTESIAN_POINT('',(-55.7475,-8.5725,0.E+000));
#8116 = VECTOR('',#8117,1.);
#8117 = DIRECTION('',(0.E+000,0.E+000,-1.));
#8118 = ORIENTED_EDGE('',*,*,#8119,.T.);
#8119 = EDGE_CURVE('',#8112,#8112,#8120,.T.);
#8120 = CIRCLE('',#8121,0.45);
#8121 = AXIS2_PLACEMENT_3D('',#8122,#8123,#8124);
#8122 = CARTESIAN_POINT('',(-56.1975,-8.5725,-1.));
#8123 = DIRECTION('',(0.E+000,0.E+000,-1.));
#8124 = DIRECTION('',(1.,0.E+000,0.E+000));
#8125 = ORIENTED_EDGE('',*,*,#8109,.F.);
#8126 = ORIENTED_EDGE('',*,*,#8127,.F.);
#8127 = EDGE_CURVE('',#8110,#8110,#8128,.T.);
#8128 = CIRCLE('',#8129,0.45);
#8129 = AXIS2_PLACEMENT_3D('',#8130,#8131,#8132);
#8130 = CARTESIAN_POINT('',(-56.1975,-8.5725,0.E+000));
#8131 = DIRECTION('',(0.E+000,0.E+000,-1.));
#8132 = DIRECTION('',(1.,0.E+000,0.E+000));
#8133 = CYLINDRICAL_SURFACE('',#8134,0.45);
#8134 = AXIS2_PLACEMENT_3D('',#8135,#8136,#8137);
#8135 = CARTESIAN_POINT('',(-56.1975,-8.5725,0.E+000));
#8136 = DIRECTION('',(-0.E+000,-0.E+000,1.));
#8137 = DIRECTION('',(1.,0.E+000,0.E+000));
#8138 = ADVANCED_FACE('',(#8139),#8166,.F.);
#8139 = FACE_BOUND('',#8140,.T.);
#8140 = EDGE_LOOP('',(#8141,#8151,#8158,#8159));
#8141 = ORIENTED_EDGE('',*,*,#8142,.T.);
#8142 = EDGE_CURVE('',#8143,#8145,#8147,.T.);
#8143 = VERTEX_POINT('',#8144);
#8144 = CARTESIAN_POINT('',(-55.7475,-6.0325,0.E+000));
#8145 = VERTEX_POINT('',#8146);
#8146 = CARTESIAN_POINT('',(-55.7475,-6.0325,-1.));
#8147 = LINE('',#8148,#8149);
#8148 = CARTESIAN_POINT('',(-55.7475,-6.0325,0.E+000));
#8149 = VECTOR('',#8150,1.);
#8150 = DIRECTION('',(0.E+000,0.E+000,-1.));
#8151 = ORIENTED_EDGE('',*,*,#8152,.T.);
#8152 = EDGE_CURVE('',#8145,#8145,#8153,.T.);
#8153 = CIRCLE('',#8154,0.45);
#8154 = AXIS2_PLACEMENT_3D('',#8155,#8156,#8157);
#8155 = CARTESIAN_POINT('',(-56.1975,-6.0325,-1.));
#8156 = DIRECTION('',(0.E+000,0.E+000,-1.));
#8157 = DIRECTION('',(1.,0.E+000,0.E+000));
#8158 = ORIENTED_EDGE('',*,*,#8142,.F.);
#8159 = ORIENTED_EDGE('',*,*,#8160,.F.);
#8160 = EDGE_CURVE('',#8143,#8143,#8161,.T.);
#8161 = CIRCLE('',#8162,0.45);
#8162 = AXIS2_PLACEMENT_3D('',#8163,#8164,#8165);
#8163 = CARTESIAN_POINT('',(-56.1975,-6.0325,0.E+000));
#8164 = DIRECTION('',(0.E+000,0.E+000,-1.));
#8165 = DIRECTION('',(1.,0.E+000,0.E+000));
#8166 = CYLINDRICAL_SURFACE('',#8167,0.45);
#8167 = AXIS2_PLACEMENT_3D('',#8168,#8169,#8170);
#8168 = CARTESIAN_POINT('',(-56.1975,-6.0325,0.E+000));
#8169 = DIRECTION('',(-0.E+000,-0.E+000,1.));
#8170 = DIRECTION('',(1.,0.E+000,0.E+000));
#8171 = ADVANCED_FACE('',(#8172),#8199,.F.);
#8172 = FACE_BOUND('',#8173,.T.);
#8173 = EDGE_LOOP('',(#8174,#8184,#8191,#8192));
#8174 = ORIENTED_EDGE('',*,*,#8175,.T.);
#8175 = EDGE_CURVE('',#8176,#8178,#8180,.T.);
#8176 = VERTEX_POINT('',#8177);
#8177 = CARTESIAN_POINT('',(-55.7475,-3.492533333333,0.E+000));
#8178 = VERTEX_POINT('',#8179);
#8179 = CARTESIAN_POINT('',(-55.7475,-3.492533333333,-1.));
#8180 = LINE('',#8181,#8182);
#8181 = CARTESIAN_POINT('',(-55.7475,-3.492533333333,0.E+000));
#8182 = VECTOR('',#8183,1.);
#8183 = DIRECTION('',(0.E+000,0.E+000,-1.));
#8184 = ORIENTED_EDGE('',*,*,#8185,.T.);
#8185 = EDGE_CURVE('',#8178,#8178,#8186,.T.);
#8186 = CIRCLE('',#8187,0.45);
#8187 = AXIS2_PLACEMENT_3D('',#8188,#8189,#8190);
#8188 = CARTESIAN_POINT('',(-56.1975,-3.492533333333,-1.));
#8189 = DIRECTION('',(0.E+000,0.E+000,-1.));
#8190 = DIRECTION('',(1.,0.E+000,0.E+000));
#8191 = ORIENTED_EDGE('',*,*,#8175,.F.);
#8192 = ORIENTED_EDGE('',*,*,#8193,.F.);
#8193 = EDGE_CURVE('',#8176,#8176,#8194,.T.);
#8194 = CIRCLE('',#8195,0.45);
#8195 = AXIS2_PLACEMENT_3D('',#8196,#8197,#8198);
#8196 = CARTESIAN_POINT('',(-56.1975,-3.492533333333,0.E+000));
#8197 = DIRECTION('',(0.E+000,0.E+000,-1.));
#8198 = DIRECTION('',(1.,0.E+000,0.E+000));
#8199 = CYLINDRICAL_SURFACE('',#8200,0.45);
#8200 = AXIS2_PLACEMENT_3D('',#8201,#8202,#8203);
#8201 = CARTESIAN_POINT('',(-56.1975,-3.492533333333,0.E+000));
#8202 = DIRECTION('',(-0.E+000,-0.E+000,1.));
#8203 = DIRECTION('',(1.,0.E+000,0.E+000));
#8204 = ADVANCED_FACE('',(#8205),#8232,.F.);
#8205 = FACE_BOUND('',#8206,.T.);
#8206 = EDGE_LOOP('',(#8207,#8217,#8224,#8225));
#8207 = ORIENTED_EDGE('',*,*,#8208,.T.);
#8208 = EDGE_CURVE('',#8209,#8211,#8213,.T.);
#8209 = VERTEX_POINT('',#8210);
#8210 = CARTESIAN_POINT('',(-55.7475,-0.952533333333,0.E+000));
#8211 = VERTEX_POINT('',#8212);
#8212 = CARTESIAN_POINT('',(-55.7475,-0.952533333333,-1.));
#8213 = LINE('',#8214,#8215);
#8214 = CARTESIAN_POINT('',(-55.7475,-0.952533333333,0.E+000));
#8215 = VECTOR('',#8216,1.);
#8216 = DIRECTION('',(0.E+000,0.E+000,-1.));
#8217 = ORIENTED_EDGE('',*,*,#8218,.T.);
#8218 = EDGE_CURVE('',#8211,#8211,#8219,.T.);
#8219 = CIRCLE('',#8220,0.45);
#8220 = AXIS2_PLACEMENT_3D('',#8221,#8222,#8223);
#8221 = CARTESIAN_POINT('',(-56.1975,-0.952533333333,-1.));
#8222 = DIRECTION('',(0.E+000,0.E+000,-1.));
#8223 = DIRECTION('',(1.,0.E+000,0.E+000));
#8224 = ORIENTED_EDGE('',*,*,#8208,.F.);
#8225 = ORIENTED_EDGE('',*,*,#8226,.F.);
#8226 = EDGE_CURVE('',#8209,#8209,#8227,.T.);
#8227 = CIRCLE('',#8228,0.45);
#8228 = AXIS2_PLACEMENT_3D('',#8229,#8230,#8231);
#8229 = CARTESIAN_POINT('',(-56.1975,-0.952533333333,0.E+000));
#8230 = DIRECTION('',(0.E+000,0.E+000,-1.));
#8231 = DIRECTION('',(1.,0.E+000,0.E+000));
#8232 = CYLINDRICAL_SURFACE('',#8233,0.45);
#8233 = AXIS2_PLACEMENT_3D('',#8234,#8235,#8236);
#8234 = CARTESIAN_POINT('',(-56.1975,-0.952533333333,0.E+000));
#8235 = DIRECTION('',(-0.E+000,-0.E+000,1.));
#8236 = DIRECTION('',(1.,0.E+000,0.E+000));
#8237 = ADVANCED_FACE('',(#8238),#8265,.F.);
#8238 = FACE_BOUND('',#8239,.T.);
#8239 = EDGE_LOOP('',(#8240,#8250,#8257,#8258));
#8240 = ORIENTED_EDGE('',*,*,#8241,.T.);
#8241 = EDGE_CURVE('',#8242,#8244,#8246,.T.);
#8242 = VERTEX_POINT('',#8243);
#8243 = CARTESIAN_POINT('',(-55.7475,1.5875,0.E+000));
#8244 = VERTEX_POINT('',#8245);
#8245 = CARTESIAN_POINT('',(-55.7475,1.5875,-1.));
#8246 = LINE('',#8247,#8248);
#8247 = CARTESIAN_POINT('',(-55.7475,1.5875,0.E+000));
#8248 = VECTOR('',#8249,1.);
#8249 = DIRECTION('',(0.E+000,0.E+000,-1.));
#8250 = ORIENTED_EDGE('',*,*,#8251,.T.);
#8251 = EDGE_CURVE('',#8244,#8244,#8252,.T.);
#8252 = CIRCLE('',#8253,0.45);
#8253 = AXIS2_PLACEMENT_3D('',#8254,#8255,#8256);
#8254 = CARTESIAN_POINT('',(-56.1975,1.5875,-1.));
#8255 = DIRECTION('',(0.E+000,0.E+000,-1.));
#8256 = DIRECTION('',(1.,0.E+000,0.E+000));
#8257 = ORIENTED_EDGE('',*,*,#8241,.F.);
#8258 = ORIENTED_EDGE('',*,*,#8259,.F.);
#8259 = EDGE_CURVE('',#8242,#8242,#8260,.T.);
#8260 = CIRCLE('',#8261,0.45);
#8261 = AXIS2_PLACEMENT_3D('',#8262,#8263,#8264);
#8262 = CARTESIAN_POINT('',(-56.1975,1.5875,0.E+000));
#8263 = DIRECTION('',(0.E+000,0.E+000,-1.));
#8264 = DIRECTION('',(1.,0.E+000,0.E+000));
#8265 = CYLINDRICAL_SURFACE('',#8266,0.45);
#8266 = AXIS2_PLACEMENT_3D('',#8267,#8268,#8269);
#8267 = CARTESIAN_POINT('',(-56.1975,1.5875,0.E+000));
#8268 = DIRECTION('',(-0.E+000,-0.E+000,1.));
#8269 = DIRECTION('',(1.,0.E+000,0.E+000));
#8270 = ADVANCED_FACE('',(#8271),#8298,.F.);
#8271 = FACE_BOUND('',#8272,.T.);
#8272 = EDGE_LOOP('',(#8273,#8283,#8290,#8291));
#8273 = ORIENTED_EDGE('',*,*,#8274,.T.);
#8274 = EDGE_CURVE('',#8275,#8277,#8279,.T.);
#8275 = VERTEX_POINT('',#8276);
#8276 = CARTESIAN_POINT('',(-55.7475,4.1275,0.E+000));
#8277 = VERTEX_POINT('',#8278);
#8278 = CARTESIAN_POINT('',(-55.7475,4.1275,-1.));
#8279 = LINE('',#8280,#8281);
#8280 = CARTESIAN_POINT('',(-55.7475,4.1275,0.E+000));
#8281 = VECTOR('',#8282,1.);
#8282 = DIRECTION('',(0.E+000,0.E+000,-1.));
#8283 = ORIENTED_EDGE('',*,*,#8284,.T.);
#8284 = EDGE_CURVE('',#8277,#8277,#8285,.T.);
#8285 = CIRCLE('',#8286,0.45);
#8286 = AXIS2_PLACEMENT_3D('',#8287,#8288,#8289);
#8287 = CARTESIAN_POINT('',(-56.1975,4.1275,-1.));
#8288 = DIRECTION('',(0.E+000,0.E+000,-1.));
#8289 = DIRECTION('',(1.,0.E+000,0.E+000));
#8290 = ORIENTED_EDGE('',*,*,#8274,.F.);
#8291 = ORIENTED_EDGE('',*,*,#8292,.F.);
#8292 = EDGE_CURVE('',#8275,#8275,#8293,.T.);
#8293 = CIRCLE('',#8294,0.45);
#8294 = AXIS2_PLACEMENT_3D('',#8295,#8296,#8297);
#8295 = CARTESIAN_POINT('',(-56.1975,4.1275,0.E+000));
#8296 = DIRECTION('',(0.E+000,0.E+000,-1.));
#8297 = DIRECTION('',(1.,0.E+000,0.E+000));
#8298 = CYLINDRICAL_SURFACE('',#8299,0.45);
#8299 = AXIS2_PLACEMENT_3D('',#8300,#8301,#8302);
#8300 = CARTESIAN_POINT('',(-56.1975,4.1275,0.E+000));
#8301 = DIRECTION('',(-0.E+000,-0.E+000,1.));
#8302 = DIRECTION('',(1.,0.E+000,0.E+000));
#8303 = ADVANCED_FACE('',(#8304),#8331,.F.);
#8304 = FACE_BOUND('',#8305,.T.);
#8305 = EDGE_LOOP('',(#8306,#8316,#8323,#8324));
#8306 = ORIENTED_EDGE('',*,*,#8307,.T.);
#8307 = EDGE_CURVE('',#8308,#8310,#8312,.T.);
#8308 = VERTEX_POINT('',#8309);
#8309 = CARTESIAN_POINT('',(-55.7475,6.667466666667,0.E+000));
#8310 = VERTEX_POINT('',#8311);
#8311 = CARTESIAN_POINT('',(-55.7475,6.667466666667,-1.));
#8312 = LINE('',#8313,#8314);
#8313 = CARTESIAN_POINT('',(-55.7475,6.667466666667,0.E+000));
#8314 = VECTOR('',#8315,1.);
#8315 = DIRECTION('',(0.E+000,0.E+000,-1.));
#8316 = ORIENTED_EDGE('',*,*,#8317,.T.);
#8317 = EDGE_CURVE('',#8310,#8310,#8318,.T.);
#8318 = CIRCLE('',#8319,0.45);
#8319 = AXIS2_PLACEMENT_3D('',#8320,#8321,#8322);
#8320 = CARTESIAN_POINT('',(-56.1975,6.667466666667,-1.));
#8321 = DIRECTION('',(0.E+000,0.E+000,-1.));
#8322 = DIRECTION('',(1.,0.E+000,0.E+000));
#8323 = ORIENTED_EDGE('',*,*,#8307,.F.);
#8324 = ORIENTED_EDGE('',*,*,#8325,.F.);
#8325 = EDGE_CURVE('',#8308,#8308,#8326,.T.);
#8326 = CIRCLE('',#8327,0.45);
#8327 = AXIS2_PLACEMENT_3D('',#8328,#8329,#8330);
#8328 = CARTESIAN_POINT('',(-56.1975,6.667466666667,0.E+000));
#8329 = DIRECTION('',(0.E+000,0.E+000,-1.));
#8330 = DIRECTION('',(1.,0.E+000,0.E+000));
#8331 = CYLINDRICAL_SURFACE('',#8332,0.45);
#8332 = AXIS2_PLACEMENT_3D('',#8333,#8334,#8335);
#8333 = CARTESIAN_POINT('',(-56.1975,6.667466666667,0.E+000));
#8334 = DIRECTION('',(-0.E+000,-0.E+000,1.));
#8335 = DIRECTION('',(1.,0.E+000,0.E+000));
#8336 = ADVANCED_FACE('',(#8337),#8364,.F.);
#8337 = FACE_BOUND('',#8338,.T.);
#8338 = EDGE_LOOP('',(#8339,#8349,#8356,#8357));
#8339 = ORIENTED_EDGE('',*,*,#8340,.T.);
#8340 = EDGE_CURVE('',#8341,#8343,#8345,.T.);
#8341 = VERTEX_POINT('',#8342);
#8342 = CARTESIAN_POINT('',(-55.7475,9.2075,0.E+000));
#8343 = VERTEX_POINT('',#8344);
#8344 = CARTESIAN_POINT('',(-55.7475,9.2075,-1.));
#8345 = LINE('',#8346,#8347);
#8346 = CARTESIAN_POINT('',(-55.7475,9.2075,0.E+000));
#8347 = VECTOR('',#8348,1.);
#8348 = DIRECTION('',(0.E+000,0.E+000,-1.));
#8349 = ORIENTED_EDGE('',*,*,#8350,.T.);
#8350 = EDGE_CURVE('',#8343,#8343,#8351,.T.);
#8351 = CIRCLE('',#8352,0.45);
#8352 = AXIS2_PLACEMENT_3D('',#8353,#8354,#8355);
#8353 = CARTESIAN_POINT('',(-56.1975,9.2075,-1.));
#8354 = DIRECTION('',(0.E+000,0.E+000,-1.));
#8355 = DIRECTION('',(1.,0.E+000,0.E+000));
#8356 = ORIENTED_EDGE('',*,*,#8340,.F.);
#8357 = ORIENTED_EDGE('',*,*,#8358,.F.);
#8358 = EDGE_CURVE('',#8341,#8341,#8359,.T.);
#8359 = CIRCLE('',#8360,0.45);
#8360 = AXIS2_PLACEMENT_3D('',#8361,#8362,#8363);
#8361 = CARTESIAN_POINT('',(-56.1975,9.2075,0.E+000));
#8362 = DIRECTION('',(0.E+000,0.E+000,-1.));
#8363 = DIRECTION('',(1.,0.E+000,0.E+000));
#8364 = CYLINDRICAL_SURFACE('',#8365,0.45);
#8365 = AXIS2_PLACEMENT_3D('',#8366,#8367,#8368);
#8366 = CARTESIAN_POINT('',(-56.1975,9.2075,0.E+000));
#8367 = DIRECTION('',(-0.E+000,-0.E+000,1.));
#8368 = DIRECTION('',(1.,0.E+000,0.E+000));
#8369 = ADVANCED_FACE('',(#8370),#8397,.F.);
#8370 = FACE_BOUND('',#8371,.T.);
#8371 = EDGE_LOOP('',(#8372,#8382,#8389,#8390));
#8372 = ORIENTED_EDGE('',*,*,#8373,.T.);
#8373 = EDGE_CURVE('',#8374,#8376,#8378,.T.);
#8374 = VERTEX_POINT('',#8375);
#8375 = CARTESIAN_POINT('',(-55.7475,11.7475,0.E+000));
#8376 = VERTEX_POINT('',#8377);
#8377 = CARTESIAN_POINT('',(-55.7475,11.7475,-1.));
#8378 = LINE('',#8379,#8380);
#8379 = CARTESIAN_POINT('',(-55.7475,11.7475,0.E+000));
#8380 = VECTOR('',#8381,1.);
#8381 = DIRECTION('',(0.E+000,0.E+000,-1.));
#8382 = ORIENTED_EDGE('',*,*,#8383,.T.);
#8383 = EDGE_CURVE('',#8376,#8376,#8384,.T.);
#8384 = CIRCLE('',#8385,0.45);
#8385 = AXIS2_PLACEMENT_3D('',#8386,#8387,#8388);
#8386 = CARTESIAN_POINT('',(-56.1975,11.7475,-1.));
#8387 = DIRECTION('',(0.E+000,0.E+000,-1.));
#8388 = DIRECTION('',(1.,0.E+000,0.E+000));
#8389 = ORIENTED_EDGE('',*,*,#8373,.F.);
#8390 = ORIENTED_EDGE('',*,*,#8391,.F.);
#8391 = EDGE_CURVE('',#8374,#8374,#8392,.T.);
#8392 = CIRCLE('',#8393,0.45);
#8393 = AXIS2_PLACEMENT_3D('',#8394,#8395,#8396);
#8394 = CARTESIAN_POINT('',(-56.1975,11.7475,0.E+000));
#8395 = DIRECTION('',(0.E+000,0.E+000,-1.));
#8396 = DIRECTION('',(1.,0.E+000,0.E+000));
#8397 = CYLINDRICAL_SURFACE('',#8398,0.45);
#8398 = AXIS2_PLACEMENT_3D('',#8399,#8400,#8401);
#8399 = CARTESIAN_POINT('',(-56.1975,11.7475,0.E+000));
#8400 = DIRECTION('',(-0.E+000,-0.E+000,1.));
#8401 = DIRECTION('',(1.,0.E+000,0.E+000));
#8402 = ADVANCED_FACE('',(#8403),#8430,.F.);
#8403 = FACE_BOUND('',#8404,.T.);
#8404 = EDGE_LOOP('',(#8405,#8415,#8422,#8423));
#8405 = ORIENTED_EDGE('',*,*,#8406,.T.);
#8406 = EDGE_CURVE('',#8407,#8409,#8411,.T.);
#8407 = VERTEX_POINT('',#8408);
#8408 = CARTESIAN_POINT('',(-55.7475,14.287466666667,0.E+000));
#8409 = VERTEX_POINT('',#8410);
#8410 = CARTESIAN_POINT('',(-55.7475,14.287466666667,-1.));
#8411 = LINE('',#8412,#8413);
#8412 = CARTESIAN_POINT('',(-55.7475,14.287466666667,0.E+000));
#8413 = VECTOR('',#8414,1.);
#8414 = DIRECTION('',(0.E+000,0.E+000,-1.));
#8415 = ORIENTED_EDGE('',*,*,#8416,.T.);
#8416 = EDGE_CURVE('',#8409,#8409,#8417,.T.);
#8417 = CIRCLE('',#8418,0.45);
#8418 = AXIS2_PLACEMENT_3D('',#8419,#8420,#8421);
#8419 = CARTESIAN_POINT('',(-56.1975,14.287466666667,-1.));
#8420 = DIRECTION('',(0.E+000,0.E+000,-1.));
#8421 = DIRECTION('',(1.,0.E+000,0.E+000));
#8422 = ORIENTED_EDGE('',*,*,#8406,.F.);
#8423 = ORIENTED_EDGE('',*,*,#8424,.F.);
#8424 = EDGE_CURVE('',#8407,#8407,#8425,.T.);
#8425 = CIRCLE('',#8426,0.45);
#8426 = AXIS2_PLACEMENT_3D('',#8427,#8428,#8429);
#8427 = CARTESIAN_POINT('',(-56.1975,14.287466666667,0.E+000));
#8428 = DIRECTION('',(0.E+000,0.E+000,-1.));
#8429 = DIRECTION('',(1.,0.E+000,0.E+000));
#8430 = CYLINDRICAL_SURFACE('',#8431,0.45);
#8431 = AXIS2_PLACEMENT_3D('',#8432,#8433,#8434);
#8432 = CARTESIAN_POINT('',(-56.1975,14.287466666667,0.E+000));
#8433 = DIRECTION('',(-0.E+000,-0.E+000,1.));
#8434 = DIRECTION('',(1.,0.E+000,0.E+000));
#8435 = ADVANCED_FACE('',(#8436),#8463,.F.);
#8436 = FACE_BOUND('',#8437,.T.);
#8437 = EDGE_LOOP('',(#8438,#8448,#8455,#8456));
#8438 = ORIENTED_EDGE('',*,*,#8439,.T.);
#8439 = EDGE_CURVE('',#8440,#8442,#8444,.T.);
#8440 = VERTEX_POINT('',#8441);
#8441 = CARTESIAN_POINT('',(-55.7475,16.8275,0.E+000));
#8442 = VERTEX_POINT('',#8443);
#8443 = CARTESIAN_POINT('',(-55.7475,16.8275,-1.));
#8444 = LINE('',#8445,#8446);
#8445 = CARTESIAN_POINT('',(-55.7475,16.8275,0.E+000));
#8446 = VECTOR('',#8447,1.);
#8447 = DIRECTION('',(0.E+000,0.E+000,-1.));
#8448 = ORIENTED_EDGE('',*,*,#8449,.T.);
#8449 = EDGE_CURVE('',#8442,#8442,#8450,.T.);
#8450 = CIRCLE('',#8451,0.45);
#8451 = AXIS2_PLACEMENT_3D('',#8452,#8453,#8454);
#8452 = CARTESIAN_POINT('',(-56.1975,16.8275,-1.));
#8453 = DIRECTION('',(0.E+000,0.E+000,-1.));
#8454 = DIRECTION('',(1.,0.E+000,0.E+000));
#8455 = ORIENTED_EDGE('',*,*,#8439,.F.);
#8456 = ORIENTED_EDGE('',*,*,#8457,.F.);
#8457 = EDGE_CURVE('',#8440,#8440,#8458,.T.);
#8458 = CIRCLE('',#8459,0.45);
#8459 = AXIS2_PLACEMENT_3D('',#8460,#8461,#8462);
#8460 = CARTESIAN_POINT('',(-56.1975,16.8275,0.E+000));
#8461 = DIRECTION('',(0.E+000,0.E+000,-1.));
#8462 = DIRECTION('',(1.,0.E+000,0.E+000));
#8463 = CYLINDRICAL_SURFACE('',#8464,0.45);
#8464 = AXIS2_PLACEMENT_3D('',#8465,#8466,#8467);
#8465 = CARTESIAN_POINT('',(-56.1975,16.8275,0.E+000));
#8466 = DIRECTION('',(-0.E+000,-0.E+000,1.));
#8467 = DIRECTION('',(1.,0.E+000,0.E+000));
#8468 = ADVANCED_FACE('',(#8469),#8496,.F.);
#8469 = FACE_BOUND('',#8470,.T.);
#8470 = EDGE_LOOP('',(#8471,#8481,#8488,#8489));
#8471 = ORIENTED_EDGE('',*,*,#8472,.T.);
#8472 = EDGE_CURVE('',#8473,#8475,#8477,.T.);
#8473 = VERTEX_POINT('',#8474);
#8474 = CARTESIAN_POINT('',(-55.7475,19.367466666667,0.E+000));
#8475 = VERTEX_POINT('',#8476);
#8476 = CARTESIAN_POINT('',(-55.7475,19.367466666667,-1.));
#8477 = LINE('',#8478,#8479);
#8478 = CARTESIAN_POINT('',(-55.7475,19.367466666667,0.E+000));
#8479 = VECTOR('',#8480,1.);
#8480 = DIRECTION('',(0.E+000,0.E+000,-1.));
#8481 = ORIENTED_EDGE('',*,*,#8482,.T.);
#8482 = EDGE_CURVE('',#8475,#8475,#8483,.T.);
#8483 = CIRCLE('',#8484,0.45);
#8484 = AXIS2_PLACEMENT_3D('',#8485,#8486,#8487);
#8485 = CARTESIAN_POINT('',(-56.1975,19.367466666667,-1.));
#8486 = DIRECTION('',(0.E+000,0.E+000,-1.));
#8487 = DIRECTION('',(1.,0.E+000,0.E+000));
#8488 = ORIENTED_EDGE('',*,*,#8472,.F.);
#8489 = ORIENTED_EDGE('',*,*,#8490,.F.);
#8490 = EDGE_CURVE('',#8473,#8473,#8491,.T.);
#8491 = CIRCLE('',#8492,0.45);
#8492 = AXIS2_PLACEMENT_3D('',#8493,#8494,#8495);
#8493 = CARTESIAN_POINT('',(-56.1975,19.367466666667,0.E+000));
#8494 = DIRECTION('',(0.E+000,0.E+000,-1.));
#8495 = DIRECTION('',(1.,0.E+000,0.E+000));
#8496 = CYLINDRICAL_SURFACE('',#8497,0.45);
#8497 = AXIS2_PLACEMENT_3D('',#8498,#8499,#8500);
#8498 = CARTESIAN_POINT('',(-56.1975,19.367466666667,0.E+000));
#8499 = DIRECTION('',(-0.E+000,-0.E+000,1.));
#8500 = DIRECTION('',(1.,0.E+000,0.E+000));
#8501 = ADVANCED_FACE('',(#8502),#8529,.F.);
#8502 = FACE_BOUND('',#8503,.T.);
#8503 = EDGE_LOOP('',(#8504,#8514,#8521,#8522));
#8504 = ORIENTED_EDGE('',*,*,#8505,.T.);
#8505 = EDGE_CURVE('',#8506,#8508,#8510,.T.);
#8506 = VERTEX_POINT('',#8507);
#8507 = CARTESIAN_POINT('',(-55.7475,21.9075,0.E+000));
#8508 = VERTEX_POINT('',#8509);
#8509 = CARTESIAN_POINT('',(-55.7475,21.9075,-1.));
#8510 = LINE('',#8511,#8512);
#8511 = CARTESIAN_POINT('',(-55.7475,21.9075,0.E+000));
#8512 = VECTOR('',#8513,1.);
#8513 = DIRECTION('',(0.E+000,0.E+000,-1.));
#8514 = ORIENTED_EDGE('',*,*,#8515,.T.);
#8515 = EDGE_CURVE('',#8508,#8508,#8516,.T.);
#8516 = CIRCLE('',#8517,0.45);
#8517 = AXIS2_PLACEMENT_3D('',#8518,#8519,#8520);
#8518 = CARTESIAN_POINT('',(-56.1975,21.9075,-1.));
#8519 = DIRECTION('',(0.E+000,0.E+000,-1.));
#8520 = DIRECTION('',(1.,0.E+000,0.E+000));
#8521 = ORIENTED_EDGE('',*,*,#8505,.F.);
#8522 = ORIENTED_EDGE('',*,*,#8523,.F.);
#8523 = EDGE_CURVE('',#8506,#8506,#8524,.T.);
#8524 = CIRCLE('',#8525,0.45);
#8525 = AXIS2_PLACEMENT_3D('',#8526,#8527,#8528);
#8526 = CARTESIAN_POINT('',(-56.1975,21.9075,0.E+000));
#8527 = DIRECTION('',(0.E+000,0.E+000,-1.));
#8528 = DIRECTION('',(1.,0.E+000,0.E+000));
#8529 = CYLINDRICAL_SURFACE('',#8530,0.45);
#8530 = AXIS2_PLACEMENT_3D('',#8531,#8532,#8533);
#8531 = CARTESIAN_POINT('',(-56.1975,21.9075,0.E+000));
#8532 = DIRECTION('',(-0.E+000,-0.E+000,1.));
#8533 = DIRECTION('',(1.,0.E+000,0.E+000));
#8534 = ADVANCED_FACE('',(#8535),#8562,.F.);
#8535 = FACE_BOUND('',#8536,.T.);
#8536 = EDGE_LOOP('',(#8537,#8547,#8554,#8555));
#8537 = ORIENTED_EDGE('',*,*,#8538,.T.);
#8538 = EDGE_CURVE('',#8539,#8541,#8543,.T.);
#8539 = VERTEX_POINT('',#8540);
#8540 = CARTESIAN_POINT('',(-55.7475,24.4475,0.E+000));
#8541 = VERTEX_POINT('',#8542);
#8542 = CARTESIAN_POINT('',(-55.7475,24.4475,-1.));
#8543 = LINE('',#8544,#8545);
#8544 = CARTESIAN_POINT('',(-55.7475,24.4475,0.E+000));
#8545 = VECTOR('',#8546,1.);
#8546 = DIRECTION('',(0.E+000,0.E+000,-1.));
#8547 = ORIENTED_EDGE('',*,*,#8548,.T.);
#8548 = EDGE_CURVE('',#8541,#8541,#8549,.T.);
#8549 = CIRCLE('',#8550,0.45);
#8550 = AXIS2_PLACEMENT_3D('',#8551,#8552,#8553);
#8551 = CARTESIAN_POINT('',(-56.1975,24.4475,-1.));
#8552 = DIRECTION('',(0.E+000,0.E+000,-1.));
#8553 = DIRECTION('',(1.,0.E+000,0.E+000));
#8554 = ORIENTED_EDGE('',*,*,#8538,.F.);
#8555 = ORIENTED_EDGE('',*,*,#8556,.F.);
#8556 = EDGE_CURVE('',#8539,#8539,#8557,.T.);
#8557 = CIRCLE('',#8558,0.45);
#8558 = AXIS2_PLACEMENT_3D('',#8559,#8560,#8561);
#8559 = CARTESIAN_POINT('',(-56.1975,24.4475,0.E+000));
#8560 = DIRECTION('',(0.E+000,0.E+000,-1.));
#8561 = DIRECTION('',(1.,0.E+000,0.E+000));
#8562 = CYLINDRICAL_SURFACE('',#8563,0.45);
#8563 = AXIS2_PLACEMENT_3D('',#8564,#8565,#8566);
#8564 = CARTESIAN_POINT('',(-56.1975,24.4475,0.E+000));
#8565 = DIRECTION('',(-0.E+000,-0.E+000,1.));
#8566 = DIRECTION('',(1.,0.E+000,0.E+000));
#8567 = ADVANCED_FACE('',(#8568),#8595,.F.);
#8568 = FACE_BOUND('',#8569,.T.);
#8569 = EDGE_LOOP('',(#8570,#8580,#8587,#8588));
#8570 = ORIENTED_EDGE('',*,*,#8571,.T.);
#8571 = EDGE_CURVE('',#8572,#8574,#8576,.T.);
#8572 = VERTEX_POINT('',#8573);
#8573 = CARTESIAN_POINT('',(-51.0365,-13.2964,0.E+000));
#8574 = VERTEX_POINT('',#8575);
#8575 = CARTESIAN_POINT('',(-51.0365,-13.2964,-1.));
#8576 = LINE('',#8577,#8578);
#8577 = CARTESIAN_POINT('',(-51.0365,-13.2964,0.E+000));
#8578 = VECTOR('',#8579,1.);
#8579 = DIRECTION('',(0.E+000,0.E+000,-1.));
#8580 = ORIENTED_EDGE('',*,*,#8581,.T.);
#8581 = EDGE_CURVE('',#8574,#8574,#8582,.T.);
#8582 = CIRCLE('',#8583,0.243);
#8583 = AXIS2_PLACEMENT_3D('',#8584,#8585,#8586);
#8584 = CARTESIAN_POINT('',(-51.2795,-13.2964,-1.));
#8585 = DIRECTION('',(0.E+000,0.E+000,-1.));
#8586 = DIRECTION('',(1.,0.E+000,0.E+000));
#8587 = ORIENTED_EDGE('',*,*,#8571,.F.);
#8588 = ORIENTED_EDGE('',*,*,#8589,.F.);
#8589 = EDGE_CURVE('',#8572,#8572,#8590,.T.);
#8590 = CIRCLE('',#8591,0.243);
#8591 = AXIS2_PLACEMENT_3D('',#8592,#8593,#8594);
#8592 = CARTESIAN_POINT('',(-51.2795,-13.2964,0.E+000));
#8593 = DIRECTION('',(0.E+000,0.E+000,-1.));
#8594 = DIRECTION('',(1.,0.E+000,0.E+000));
#8595 = CYLINDRICAL_SURFACE('',#8596,0.243);
#8596 = AXIS2_PLACEMENT_3D('',#8597,#8598,#8599);
#8597 = CARTESIAN_POINT('',(-51.2795,-13.2964,0.E+000));
#8598 = DIRECTION('',(-0.E+000,-0.E+000,1.));
#8599 = DIRECTION('',(1.,0.E+000,0.E+000));
#8600 = ADVANCED_FACE('',(#8601),#8628,.F.);
#8601 = FACE_BOUND('',#8602,.T.);
#8602 = EDGE_LOOP('',(#8603,#8613,#8620,#8621));
#8603 = ORIENTED_EDGE('',*,*,#8604,.T.);
#8604 = EDGE_CURVE('',#8605,#8607,#8609,.T.);
#8605 = VERTEX_POINT('',#8606);
#8606 = CARTESIAN_POINT('',(-37.774,-13.2265,0.E+000));
#8607 = VERTEX_POINT('',#8608);
#8608 = CARTESIAN_POINT('',(-37.774,-13.2265,-1.));
#8609 = LINE('',#8610,#8611);
#8610 = CARTESIAN_POINT('',(-37.774,-13.2265,0.E+000));
#8611 = VECTOR('',#8612,1.);
#8612 = DIRECTION('',(0.E+000,0.E+000,-1.));
#8613 = ORIENTED_EDGE('',*,*,#8614,.T.);
#8614 = EDGE_CURVE('',#8607,#8607,#8615,.T.);
#8615 = CIRCLE('',#8616,0.243);
#8616 = AXIS2_PLACEMENT_3D('',#8617,#8618,#8619);
#8617 = CARTESIAN_POINT('',(-38.017,-13.2265,-1.));
#8618 = DIRECTION('',(0.E+000,0.E+000,-1.));
#8619 = DIRECTION('',(1.,0.E+000,0.E+000));
#8620 = ORIENTED_EDGE('',*,*,#8604,.F.);
#8621 = ORIENTED_EDGE('',*,*,#8622,.F.);
#8622 = EDGE_CURVE('',#8605,#8605,#8623,.T.);
#8623 = CIRCLE('',#8624,0.243);
#8624 = AXIS2_PLACEMENT_3D('',#8625,#8626,#8627);
#8625 = CARTESIAN_POINT('',(-38.017,-13.2265,0.E+000));
#8626 = DIRECTION('',(0.E+000,0.E+000,-1.));
#8627 = DIRECTION('',(1.,0.E+000,0.E+000));
#8628 = CYLINDRICAL_SURFACE('',#8629,0.243);
#8629 = AXIS2_PLACEMENT_3D('',#8630,#8631,#8632);
#8630 = CARTESIAN_POINT('',(-38.017,-13.2265,0.E+000));
#8631 = DIRECTION('',(-0.E+000,-0.E+000,1.));
#8632 = DIRECTION('',(1.,0.E+000,0.E+000));
#8633 = ADVANCED_FACE('',(#8634),#8661,.F.);
#8634 = FACE_BOUND('',#8635,.T.);
#8635 = EDGE_LOOP('',(#8636,#8646,#8653,#8654));
#8636 = ORIENTED_EDGE('',*,*,#8637,.T.);
#8637 = EDGE_CURVE('',#8638,#8640,#8642,.T.);
#8638 = VERTEX_POINT('',#8639);
#8639 = CARTESIAN_POINT('',(-37.3615,44.1412,0.E+000));
#8640 = VERTEX_POINT('',#8641);
#8641 = CARTESIAN_POINT('',(-37.3615,44.1412,-1.));
#8642 = LINE('',#8643,#8644);
#8643 = CARTESIAN_POINT('',(-37.3615,44.1412,0.E+000));
#8644 = VECTOR('',#8645,1.);
#8645 = DIRECTION('',(0.E+000,0.E+000,-1.));
#8646 = ORIENTED_EDGE('',*,*,#8647,.T.);
#8647 = EDGE_CURVE('',#8640,#8640,#8648,.T.);
#8648 = CIRCLE('',#8649,0.243);
#8649 = AXIS2_PLACEMENT_3D('',#8650,#8651,#8652);
#8650 = CARTESIAN_POINT('',(-37.6045,44.1412,-1.));
#8651 = DIRECTION('',(0.E+000,0.E+000,-1.));
#8652 = DIRECTION('',(1.,0.E+000,0.E+000));
#8653 = ORIENTED_EDGE('',*,*,#8637,.F.);
#8654 = ORIENTED_EDGE('',*,*,#8655,.F.);
#8655 = EDGE_CURVE('',#8638,#8638,#8656,.T.);
#8656 = CIRCLE('',#8657,0.243);
#8657 = AXIS2_PLACEMENT_3D('',#8658,#8659,#8660);
#8658 = CARTESIAN_POINT('',(-37.6045,44.1412,0.E+000));
#8659 = DIRECTION('',(0.E+000,0.E+000,-1.));
#8660 = DIRECTION('',(1.,0.E+000,0.E+000));
#8661 = CYLINDRICAL_SURFACE('',#8662,0.243);
#8662 = AXIS2_PLACEMENT_3D('',#8663,#8664,#8665);
#8663 = CARTESIAN_POINT('',(-37.6045,44.1412,0.E+000));
#8664 = DIRECTION('',(-0.E+000,-0.E+000,1.));
#8665 = DIRECTION('',(1.,0.E+000,0.E+000));
#8666 = ADVANCED_FACE('',(#8667),#8694,.F.);
#8667 = FACE_BOUND('',#8668,.T.);
#8668 = EDGE_LOOP('',(#8669,#8679,#8686,#8687));
#8669 = ORIENTED_EDGE('',*,*,#8670,.T.);
#8670 = EDGE_CURVE('',#8671,#8673,#8675,.T.);
#8671 = VERTEX_POINT('',#8672);
#8672 = CARTESIAN_POINT('',(-82.4491,36.0265,0.E+000));
#8673 = VERTEX_POINT('',#8674);
#8674 = CARTESIAN_POINT('',(-82.4491,36.0265,-1.));
#8675 = LINE('',#8676,#8677);
#8676 = CARTESIAN_POINT('',(-82.4491,36.0265,0.E+000));
#8677 = VECTOR('',#8678,1.);
#8678 = DIRECTION('',(0.E+000,0.E+000,-1.));
#8679 = ORIENTED_EDGE('',*,*,#8680,.T.);
#8680 = EDGE_CURVE('',#8673,#8673,#8681,.T.);
#8681 = CIRCLE('',#8682,0.243);
#8682 = AXIS2_PLACEMENT_3D('',#8683,#8684,#8685);
#8683 = CARTESIAN_POINT('',(-82.6921,36.0265,-1.));
#8684 = DIRECTION('',(0.E+000,0.E+000,-1.));
#8685 = DIRECTION('',(1.,0.E+000,0.E+000));
#8686 = ORIENTED_EDGE('',*,*,#8670,.F.);
#8687 = ORIENTED_EDGE('',*,*,#8688,.F.);
#8688 = EDGE_CURVE('',#8671,#8671,#8689,.T.);
#8689 = CIRCLE('',#8690,0.243);
#8690 = AXIS2_PLACEMENT_3D('',#8691,#8692,#8693);
#8691 = CARTESIAN_POINT('',(-82.6921,36.0265,0.E+000));
#8692 = DIRECTION('',(0.E+000,0.E+000,-1.));
#8693 = DIRECTION('',(1.,0.E+000,0.E+000));
#8694 = CYLINDRICAL_SURFACE('',#8695,0.243);
#8695 = AXIS2_PLACEMENT_3D('',#8696,#8697,#8698);
#8696 = CARTESIAN_POINT('',(-82.6921,36.0265,0.E+000));
#8697 = DIRECTION('',(-0.E+000,-0.E+000,1.));
#8698 = DIRECTION('',(1.,0.E+000,0.E+000));
#8699 = ADVANCED_FACE('',(#8700),#8727,.F.);
#8700 = FACE_BOUND('',#8701,.T.);
#8701 = EDGE_LOOP('',(#8702,#8712,#8719,#8720));
#8702 = ORIENTED_EDGE('',*,*,#8703,.T.);
#8703 = EDGE_CURVE('',#8704,#8706,#8708,.T.);
#8704 = VERTEX_POINT('',#8705);
#8705 = CARTESIAN_POINT('',(-74.1896,30.5678,0.E+000));
#8706 = VERTEX_POINT('',#8707);
#8707 = CARTESIAN_POINT('',(-74.1896,30.5678,-1.));
#8708 = LINE('',#8709,#8710);
#8709 = CARTESIAN_POINT('',(-74.1896,30.5678,0.E+000));
#8710 = VECTOR('',#8711,1.);
#8711 = DIRECTION('',(0.E+000,0.E+000,-1.));
#8712 = ORIENTED_EDGE('',*,*,#8713,.T.);
#8713 = EDGE_CURVE('',#8706,#8706,#8714,.T.);
#8714 = CIRCLE('',#8715,0.243);
#8715 = AXIS2_PLACEMENT_3D('',#8716,#8717,#8718);
#8716 = CARTESIAN_POINT('',(-74.4326,30.5678,-1.));
#8717 = DIRECTION('',(0.E+000,0.E+000,-1.));
#8718 = DIRECTION('',(1.,0.E+000,0.E+000));
#8719 = ORIENTED_EDGE('',*,*,#8703,.F.);
#8720 = ORIENTED_EDGE('',*,*,#8721,.F.);
#8721 = EDGE_CURVE('',#8704,#8704,#8722,.T.);
#8722 = CIRCLE('',#8723,0.243);
#8723 = AXIS2_PLACEMENT_3D('',#8724,#8725,#8726);
#8724 = CARTESIAN_POINT('',(-74.4326,30.5678,0.E+000));
#8725 = DIRECTION('',(0.E+000,0.E+000,-1.));
#8726 = DIRECTION('',(1.,0.E+000,0.E+000));
#8727 = CYLINDRICAL_SURFACE('',#8728,0.243);
#8728 = AXIS2_PLACEMENT_3D('',#8729,#8730,#8731);
#8729 = CARTESIAN_POINT('',(-74.4326,30.5678,0.E+000));
#8730 = DIRECTION('',(-0.E+000,-0.E+000,1.));
#8731 = DIRECTION('',(1.,0.E+000,0.E+000));
#8732 = ADVANCED_FACE('',(#8733),#8760,.F.);
#8733 = FACE_BOUND('',#8734,.T.);
#8734 = EDGE_LOOP('',(#8735,#8745,#8752,#8753));
#8735 = ORIENTED_EDGE('',*,*,#8736,.T.);
#8736 = EDGE_CURVE('',#8737,#8739,#8741,.T.);
#8737 = VERTEX_POINT('',#8738);
#8738 = CARTESIAN_POINT('',(-74.1896,37.794,0.E+000));
#8739 = VERTEX_POINT('',#8740);
#8740 = CARTESIAN_POINT('',(-74.1896,37.794,-1.));
#8741 = LINE('',#8742,#8743);
#8742 = CARTESIAN_POINT('',(-74.1896,37.794,0.E+000));
#8743 = VECTOR('',#8744,1.);
#8744 = DIRECTION('',(0.E+000,0.E+000,-1.));
#8745 = ORIENTED_EDGE('',*,*,#8746,.T.);
#8746 = EDGE_CURVE('',#8739,#8739,#8747,.T.);
#8747 = CIRCLE('',#8748,0.243);
#8748 = AXIS2_PLACEMENT_3D('',#8749,#8750,#8751);
#8749 = CARTESIAN_POINT('',(-74.4326,37.794,-1.));
#8750 = DIRECTION('',(0.E+000,0.E+000,-1.));
#8751 = DIRECTION('',(1.,0.E+000,0.E+000));
#8752 = ORIENTED_EDGE('',*,*,#8736,.F.);
#8753 = ORIENTED_EDGE('',*,*,#8754,.F.);
#8754 = EDGE_CURVE('',#8737,#8737,#8755,.T.);
#8755 = CIRCLE('',#8756,0.243);
#8756 = AXIS2_PLACEMENT_3D('',#8757,#8758,#8759);
#8757 = CARTESIAN_POINT('',(-74.4326,37.794,0.E+000));
#8758 = DIRECTION('',(0.E+000,0.E+000,-1.));
#8759 = DIRECTION('',(1.,0.E+000,0.E+000));
#8760 = CYLINDRICAL_SURFACE('',#8761,0.243);
#8761 = AXIS2_PLACEMENT_3D('',#8762,#8763,#8764);
#8762 = CARTESIAN_POINT('',(-74.4326,37.794,0.E+000));
#8763 = DIRECTION('',(-0.E+000,-0.E+000,1.));
#8764 = DIRECTION('',(1.,0.E+000,0.E+000));
#8765 = ADVANCED_FACE('',(#8766),#8793,.F.);
#8766 = FACE_BOUND('',#8767,.T.);
#8767 = EDGE_LOOP('',(#8768,#8778,#8785,#8786));
#8768 = ORIENTED_EDGE('',*,*,#8769,.T.);
#8769 = EDGE_CURVE('',#8770,#8772,#8774,.T.);
#8770 = VERTEX_POINT('',#8771);
#8771 = CARTESIAN_POINT('',(-93.6591,29.2239,0.E+000));
#8772 = VERTEX_POINT('',#8773);
#8773 = CARTESIAN_POINT('',(-93.6591,29.2239,-1.));
#8774 = LINE('',#8775,#8776);
#8775 = CARTESIAN_POINT('',(-93.6591,29.2239,0.E+000));
#8776 = VECTOR('',#8777,1.);
#8777 = DIRECTION('',(0.E+000,0.E+000,-1.));
#8778 = ORIENTED_EDGE('',*,*,#8779,.T.);
#8779 = EDGE_CURVE('',#8772,#8772,#8780,.T.);
#8780 = CIRCLE('',#8781,0.243);
#8781 = AXIS2_PLACEMENT_3D('',#8782,#8783,#8784);
#8782 = CARTESIAN_POINT('',(-93.9021,29.2239,-1.));
#8783 = DIRECTION('',(0.E+000,0.E+000,-1.));
#8784 = DIRECTION('',(1.,0.E+000,0.E+000));
#8785 = ORIENTED_EDGE('',*,*,#8769,.F.);
#8786 = ORIENTED_EDGE('',*,*,#8787,.F.);
#8787 = EDGE_CURVE('',#8770,#8770,#8788,.T.);
#8788 = CIRCLE('',#8789,0.243);
#8789 = AXIS2_PLACEMENT_3D('',#8790,#8791,#8792);
#8790 = CARTESIAN_POINT('',(-93.9021,29.2239,0.E+000));
#8791 = DIRECTION('',(0.E+000,0.E+000,-1.));
#8792 = DIRECTION('',(1.,0.E+000,0.E+000));
#8793 = CYLINDRICAL_SURFACE('',#8794,0.243);
#8794 = AXIS2_PLACEMENT_3D('',#8795,#8796,#8797);
#8795 = CARTESIAN_POINT('',(-93.9021,29.2239,0.E+000));
#8796 = DIRECTION('',(-0.E+000,-0.E+000,1.));
#8797 = DIRECTION('',(1.,0.E+000,0.E+000));
#8798 = ADVANCED_FACE('',(#8799),#8826,.F.);
#8799 = FACE_BOUND('',#8800,.T.);
#8800 = EDGE_LOOP('',(#8801,#8811,#8818,#8819));
#8801 = ORIENTED_EDGE('',*,*,#8802,.T.);
#8802 = EDGE_CURVE('',#8803,#8805,#8807,.T.);
#8803 = VERTEX_POINT('',#8804);
#8804 = CARTESIAN_POINT('',(-93.6591,40.4599,0.E+000));
#8805 = VERTEX_POINT('',#8806);
#8806 = CARTESIAN_POINT('',(-93.6591,40.4599,-1.));
#8807 = LINE('',#8808,#8809);
#8808 = CARTESIAN_POINT('',(-93.6591,40.4599,0.E+000));
#8809 = VECTOR('',#8810,1.);
#8810 = DIRECTION('',(0.E+000,0.E+000,-1.));
#8811 = ORIENTED_EDGE('',*,*,#8812,.T.);
#8812 = EDGE_CURVE('',#8805,#8805,#8813,.T.);
#8813 = CIRCLE('',#8814,0.243);
#8814 = AXIS2_PLACEMENT_3D('',#8815,#8816,#8817);
#8815 = CARTESIAN_POINT('',(-93.9021,40.4599,-1.));
#8816 = DIRECTION('',(0.E+000,0.E+000,-1.));
#8817 = DIRECTION('',(1.,0.E+000,0.E+000));
#8818 = ORIENTED_EDGE('',*,*,#8802,.F.);
#8819 = ORIENTED_EDGE('',*,*,#8820,.F.);
#8820 = EDGE_CURVE('',#8803,#8803,#8821,.T.);
#8821 = CIRCLE('',#8822,0.243);
#8822 = AXIS2_PLACEMENT_3D('',#8823,#8824,#8825);
#8823 = CARTESIAN_POINT('',(-93.9021,40.4599,0.E+000));
#8824 = DIRECTION('',(0.E+000,0.E+000,-1.));
#8825 = DIRECTION('',(1.,0.E+000,0.E+000));
#8826 = CYLINDRICAL_SURFACE('',#8827,0.243);
#8827 = AXIS2_PLACEMENT_3D('',#8828,#8829,#8830);
#8828 = CARTESIAN_POINT('',(-93.9021,40.4599,0.E+000));
#8829 = DIRECTION('',(-0.E+000,-0.E+000,1.));
#8830 = DIRECTION('',(1.,0.E+000,0.E+000));
#8831 = ADVANCED_FACE('',(#8832),#8859,.F.);
#8832 = FACE_BOUND('',#8833,.T.);
#8833 = EDGE_LOOP('',(#8834,#8844,#8851,#8852));
#8834 = ORIENTED_EDGE('',*,*,#8835,.T.);
#8835 = EDGE_CURVE('',#8836,#8838,#8840,.T.);
#8836 = VERTEX_POINT('',#8837);
#8837 = CARTESIAN_POINT('',(-90.9552,40.4599,0.E+000));
#8838 = VERTEX_POINT('',#8839);
#8839 = CARTESIAN_POINT('',(-90.9552,40.4599,-1.));
#8840 = LINE('',#8841,#8842);
#8841 = CARTESIAN_POINT('',(-90.9552,40.4599,0.E+000));
#8842 = VECTOR('',#8843,1.);
#8843 = DIRECTION('',(0.E+000,0.E+000,-1.));
#8844 = ORIENTED_EDGE('',*,*,#8845,.T.);
#8845 = EDGE_CURVE('',#8838,#8838,#8846,.T.);
#8846 = CIRCLE('',#8847,0.243);
#8847 = AXIS2_PLACEMENT_3D('',#8848,#8849,#8850);
#8848 = CARTESIAN_POINT('',(-91.1982,40.4599,-1.));
#8849 = DIRECTION('',(0.E+000,0.E+000,-1.));
#8850 = DIRECTION('',(1.,0.E+000,0.E+000));
#8851 = ORIENTED_EDGE('',*,*,#8835,.F.);
#8852 = ORIENTED_EDGE('',*,*,#8853,.F.);
#8853 = EDGE_CURVE('',#8836,#8836,#8854,.T.);
#8854 = CIRCLE('',#8855,0.243);
#8855 = AXIS2_PLACEMENT_3D('',#8856,#8857,#8858);
#8856 = CARTESIAN_POINT('',(-91.1982,40.4599,0.E+000));
#8857 = DIRECTION('',(0.E+000,0.E+000,-1.));
#8858 = DIRECTION('',(1.,0.E+000,0.E+000));
#8859 = CYLINDRICAL_SURFACE('',#8860,0.243);
#8860 = AXIS2_PLACEMENT_3D('',#8861,#8862,#8863);
#8861 = CARTESIAN_POINT('',(-91.1982,40.4599,0.E+000));
#8862 = DIRECTION('',(-0.E+000,-0.E+000,1.));
#8863 = DIRECTION('',(1.,0.E+000,0.E+000));
#8864 = ADVANCED_FACE('',(#8865),#8892,.F.);
#8865 = FACE_BOUND('',#8866,.T.);
#8866 = EDGE_LOOP('',(#8867,#8877,#8884,#8885));
#8867 = ORIENTED_EDGE('',*,*,#8868,.T.);
#8868 = EDGE_CURVE('',#8869,#8871,#8873,.T.);
#8869 = VERTEX_POINT('',#8870);
#8870 = CARTESIAN_POINT('',(-77.9545,35.15,0.E+000));
#8871 = VERTEX_POINT('',#8872);
#8872 = CARTESIAN_POINT('',(-77.9545,35.15,-1.));
#8873 = LINE('',#8874,#8875);
#8874 = CARTESIAN_POINT('',(-77.9545,35.15,0.E+000));
#8875 = VECTOR('',#8876,1.);
#8876 = DIRECTION('',(0.E+000,0.E+000,-1.));
#8877 = ORIENTED_EDGE('',*,*,#8878,.T.);
#8878 = EDGE_CURVE('',#8871,#8871,#8879,.T.);
#8879 = CIRCLE('',#8880,0.243);
#8880 = AXIS2_PLACEMENT_3D('',#8881,#8882,#8883);
#8881 = CARTESIAN_POINT('',(-78.1975,35.15,-1.));
#8882 = DIRECTION('',(0.E+000,0.E+000,-1.));
#8883 = DIRECTION('',(1.,0.E+000,0.E+000));
#8884 = ORIENTED_EDGE('',*,*,#8868,.F.);
#8885 = ORIENTED_EDGE('',*,*,#8886,.F.);
#8886 = EDGE_CURVE('',#8869,#8869,#8887,.T.);
#8887 = CIRCLE('',#8888,0.243);
#8888 = AXIS2_PLACEMENT_3D('',#8889,#8890,#8891);
#8889 = CARTESIAN_POINT('',(-78.1975,35.15,0.E+000));
#8890 = DIRECTION('',(0.E+000,0.E+000,-1.));
#8891 = DIRECTION('',(1.,0.E+000,0.E+000));
#8892 = CYLINDRICAL_SURFACE('',#8893,0.243);
#8893 = AXIS2_PLACEMENT_3D('',#8894,#8895,#8896);
#8894 = CARTESIAN_POINT('',(-78.1975,35.15,0.E+000));
#8895 = DIRECTION('',(-0.E+000,-0.E+000,1.));
#8896 = DIRECTION('',(1.,0.E+000,0.E+000));
#8897 = ADVANCED_FACE('',(#8898),#8925,.F.);
#8898 = FACE_BOUND('',#8899,.T.);
#8899 = EDGE_LOOP('',(#8900,#8910,#8917,#8918));
#8900 = ORIENTED_EDGE('',*,*,#8901,.T.);
#8901 = EDGE_CURVE('',#8902,#8904,#8906,.T.);
#8902 = VERTEX_POINT('',#8903);
#8903 = CARTESIAN_POINT('',(-78.4571,13.0175,0.E+000));
#8904 = VERTEX_POINT('',#8905);
#8905 = CARTESIAN_POINT('',(-78.4571,13.0175,-1.));
#8906 = LINE('',#8907,#8908);
#8907 = CARTESIAN_POINT('',(-78.4571,13.0175,0.E+000));
#8908 = VECTOR('',#8909,1.);
#8909 = DIRECTION('',(0.E+000,0.E+000,-1.));
#8910 = ORIENTED_EDGE('',*,*,#8911,.T.);
#8911 = EDGE_CURVE('',#8904,#8904,#8912,.T.);
#8912 = CIRCLE('',#8913,0.243);
#8913 = AXIS2_PLACEMENT_3D('',#8914,#8915,#8916);
#8914 = CARTESIAN_POINT('',(-78.7001,13.0175,-1.));
#8915 = DIRECTION('',(0.E+000,0.E+000,-1.));
#8916 = DIRECTION('',(1.,0.E+000,0.E+000));
#8917 = ORIENTED_EDGE('',*,*,#8901,.F.);
#8918 = ORIENTED_EDGE('',*,*,#8919,.F.);
#8919 = EDGE_CURVE('',#8902,#8902,#8920,.T.);
#8920 = CIRCLE('',#8921,0.243);
#8921 = AXIS2_PLACEMENT_3D('',#8922,#8923,#8924);
#8922 = CARTESIAN_POINT('',(-78.7001,13.0175,0.E+000));
#8923 = DIRECTION('',(0.E+000,0.E+000,-1.));
#8924 = DIRECTION('',(1.,0.E+000,0.E+000));
#8925 = CYLINDRICAL_SURFACE('',#8926,0.243);
#8926 = AXIS2_PLACEMENT_3D('',#8927,#8928,#8929);
#8927 = CARTESIAN_POINT('',(-78.7001,13.0175,0.E+000));
#8928 = DIRECTION('',(-0.E+000,-0.E+000,1.));
#8929 = DIRECTION('',(1.,0.E+000,0.E+000));
#8930 = ADVANCED_FACE('',(#8931),#8958,.F.);
#8931 = FACE_BOUND('',#8932,.T.);
#8932 = EDGE_LOOP('',(#8933,#8943,#8950,#8951));
#8933 = ORIENTED_EDGE('',*,*,#8934,.T.);
#8934 = EDGE_CURVE('',#8935,#8937,#8939,.T.);
#8935 = VERTEX_POINT('',#8936);
#8936 = CARTESIAN_POINT('',(-99.5909,-4.1645,0.E+000));
#8937 = VERTEX_POINT('',#8938);
#8938 = CARTESIAN_POINT('',(-99.5909,-4.1645,-1.));
#8939 = LINE('',#8940,#8941);
#8940 = CARTESIAN_POINT('',(-99.5909,-4.1645,0.E+000));
#8941 = VECTOR('',#8942,1.);
#8942 = DIRECTION('',(0.E+000,0.E+000,-1.));
#8943 = ORIENTED_EDGE('',*,*,#8944,.T.);
#8944 = EDGE_CURVE('',#8937,#8937,#8945,.T.);
#8945 = CIRCLE('',#8946,0.243);
#8946 = AXIS2_PLACEMENT_3D('',#8947,#8948,#8949);
#8947 = CARTESIAN_POINT('',(-99.8339,-4.1645,-1.));
#8948 = DIRECTION('',(0.E+000,0.E+000,-1.));
#8949 = DIRECTION('',(1.,0.E+000,0.E+000));
#8950 = ORIENTED_EDGE('',*,*,#8934,.F.);
#8951 = ORIENTED_EDGE('',*,*,#8952,.F.);
#8952 = EDGE_CURVE('',#8935,#8935,#8953,.T.);
#8953 = CIRCLE('',#8954,0.243);
#8954 = AXIS2_PLACEMENT_3D('',#8955,#8956,#8957);
#8955 = CARTESIAN_POINT('',(-99.8339,-4.1645,0.E+000));
#8956 = DIRECTION('',(0.E+000,0.E+000,-1.));
#8957 = DIRECTION('',(1.,0.E+000,0.E+000));
#8958 = CYLINDRICAL_SURFACE('',#8959,0.243);
#8959 = AXIS2_PLACEMENT_3D('',#8960,#8961,#8962);
#8960 = CARTESIAN_POINT('',(-99.8339,-4.1645,0.E+000));
#8961 = DIRECTION('',(-0.E+000,-0.E+000,1.));
#8962 = DIRECTION('',(1.,0.E+000,0.E+000));
#8963 = ADVANCED_FACE('',(#8964),#8991,.F.);
#8964 = FACE_BOUND('',#8965,.T.);
#8965 = EDGE_LOOP('',(#8966,#8976,#8983,#8984));
#8966 = ORIENTED_EDGE('',*,*,#8967,.T.);
#8967 = EDGE_CURVE('',#8968,#8970,#8972,.T.);
#8968 = VERTEX_POINT('',#8969);
#8969 = CARTESIAN_POINT('',(-114.774,36.6555,0.E+000));
#8970 = VERTEX_POINT('',#8971);
#8971 = CARTESIAN_POINT('',(-114.774,36.6555,-1.));
#8972 = LINE('',#8973,#8974);
#8973 = CARTESIAN_POINT('',(-114.774,36.6555,0.E+000));
#8974 = VECTOR('',#8975,1.);
#8975 = DIRECTION('',(0.E+000,0.E+000,-1.));
#8976 = ORIENTED_EDGE('',*,*,#8977,.T.);
#8977 = EDGE_CURVE('',#8970,#8970,#8978,.T.);
#8978 = CIRCLE('',#8979,0.243);
#8979 = AXIS2_PLACEMENT_3D('',#8980,#8981,#8982);
#8980 = CARTESIAN_POINT('',(-115.017,36.6555,-1.));
#8981 = DIRECTION('',(0.E+000,0.E+000,-1.));
#8982 = DIRECTION('',(1.,0.E+000,0.E+000));
#8983 = ORIENTED_EDGE('',*,*,#8967,.F.);
#8984 = ORIENTED_EDGE('',*,*,#8985,.F.);
#8985 = EDGE_CURVE('',#8968,#8968,#8986,.T.);
#8986 = CIRCLE('',#8987,0.243);
#8987 = AXIS2_PLACEMENT_3D('',#8988,#8989,#8990);
#8988 = CARTESIAN_POINT('',(-115.017,36.6555,0.E+000));
#8989 = DIRECTION('',(0.E+000,0.E+000,-1.));
#8990 = DIRECTION('',(1.,0.E+000,0.E+000));
#8991 = CYLINDRICAL_SURFACE('',#8992,0.243);
#8992 = AXIS2_PLACEMENT_3D('',#8993,#8994,#8995);
#8993 = CARTESIAN_POINT('',(-115.017,36.6555,0.E+000));
#8994 = DIRECTION('',(-0.E+000,-0.E+000,1.));
#8995 = DIRECTION('',(1.,0.E+000,0.E+000));
#8996 = ADVANCED_FACE('',(#8997),#9024,.F.);
#8997 = FACE_BOUND('',#8998,.T.);
#8998 = EDGE_LOOP('',(#8999,#9009,#9016,#9017));
#8999 = ORIENTED_EDGE('',*,*,#9000,.T.);
#9000 = EDGE_CURVE('',#9001,#9003,#9005,.T.);
#9001 = VERTEX_POINT('',#9002);
#9002 = CARTESIAN_POINT('',(-108.5579,36.6555,0.E+000));
#9003 = VERTEX_POINT('',#9004);
#9004 = CARTESIAN_POINT('',(-108.5579,36.6555,-1.));
#9005 = LINE('',#9006,#9007);
#9006 = CARTESIAN_POINT('',(-108.5579,36.6555,0.E+000));
#9007 = VECTOR('',#9008,1.);
#9008 = DIRECTION('',(0.E+000,0.E+000,-1.));
#9009 = ORIENTED_EDGE('',*,*,#9010,.T.);
#9010 = EDGE_CURVE('',#9003,#9003,#9011,.T.);
#9011 = CIRCLE('',#9012,0.243);
#9012 = AXIS2_PLACEMENT_3D('',#9013,#9014,#9015);
#9013 = CARTESIAN_POINT('',(-108.8009,36.6555,-1.));
#9014 = DIRECTION('',(0.E+000,0.E+000,-1.));
#9015 = DIRECTION('',(1.,0.E+000,0.E+000));
#9016 = ORIENTED_EDGE('',*,*,#9000,.F.);
#9017 = ORIENTED_EDGE('',*,*,#9018,.F.);
#9018 = EDGE_CURVE('',#9001,#9001,#9019,.T.);
#9019 = CIRCLE('',#9020,0.243);
#9020 = AXIS2_PLACEMENT_3D('',#9021,#9022,#9023);
#9021 = CARTESIAN_POINT('',(-108.8009,36.6555,0.E+000));
#9022 = DIRECTION('',(0.E+000,0.E+000,-1.));
#9023 = DIRECTION('',(1.,0.E+000,0.E+000));
#9024 = CYLINDRICAL_SURFACE('',#9025,0.243);
#9025 = AXIS2_PLACEMENT_3D('',#9026,#9027,#9028);
#9026 = CARTESIAN_POINT('',(-108.8009,36.6555,0.E+000));
#9027 = DIRECTION('',(-0.E+000,-0.E+000,1.));
#9028 = DIRECTION('',(1.,0.E+000,0.E+000));
#9029 = ADVANCED_FACE('',(#9030),#9057,.F.);
#9030 = FACE_BOUND('',#9031,.T.);
#9031 = EDGE_LOOP('',(#9032,#9042,#9049,#9050));
#9032 = ORIENTED_EDGE('',*,*,#9033,.T.);
#9033 = EDGE_CURVE('',#9034,#9036,#9038,.T.);
#9034 = VERTEX_POINT('',#9035);
#9035 = CARTESIAN_POINT('',(-56.5865,-27.4775,0.E+000));
#9036 = VERTEX_POINT('',#9037);
#9037 = CARTESIAN_POINT('',(-56.5865,-27.4775,-1.));
#9038 = LINE('',#9039,#9040);
#9039 = CARTESIAN_POINT('',(-56.5865,-27.4775,0.E+000));
#9040 = VECTOR('',#9041,1.);
#9041 = DIRECTION('',(0.E+000,0.E+000,-1.));
#9042 = ORIENTED_EDGE('',*,*,#9043,.T.);
#9043 = EDGE_CURVE('',#9036,#9036,#9044,.T.);
#9044 = CIRCLE('',#9045,0.243);
#9045 = AXIS2_PLACEMENT_3D('',#9046,#9047,#9048);
#9046 = CARTESIAN_POINT('',(-56.8295,-27.4775,-1.));
#9047 = DIRECTION('',(0.E+000,0.E+000,-1.));
#9048 = DIRECTION('',(1.,0.E+000,0.E+000));
#9049 = ORIENTED_EDGE('',*,*,#9033,.F.);
#9050 = ORIENTED_EDGE('',*,*,#9051,.F.);
#9051 = EDGE_CURVE('',#9034,#9034,#9052,.T.);
#9052 = CIRCLE('',#9053,0.243);
#9053 = AXIS2_PLACEMENT_3D('',#9054,#9055,#9056);
#9054 = CARTESIAN_POINT('',(-56.8295,-27.4775,0.E+000));
#9055 = DIRECTION('',(0.E+000,0.E+000,-1.));
#9056 = DIRECTION('',(1.,0.E+000,0.E+000));
#9057 = CYLINDRICAL_SURFACE('',#9058,0.243);
#9058 = AXIS2_PLACEMENT_3D('',#9059,#9060,#9061);
#9059 = CARTESIAN_POINT('',(-56.8295,-27.4775,0.E+000));
#9060 = DIRECTION('',(-0.E+000,-0.E+000,1.));
#9061 = DIRECTION('',(1.,0.E+000,0.E+000));
#9062 = ADVANCED_FACE('',(#9063),#9090,.F.);
#9063 = FACE_BOUND('',#9064,.T.);
#9064 = EDGE_LOOP('',(#9065,#9075,#9082,#9083));
#9065 = ORIENTED_EDGE('',*,*,#9066,.T.);
#9066 = EDGE_CURVE('',#9067,#9069,#9071,.T.);
#9067 = VERTEX_POINT('',#9068);
#9068 = CARTESIAN_POINT('',(-104.532,35.5475,0.E+000));
#9069 = VERTEX_POINT('',#9070);
#9070 = CARTESIAN_POINT('',(-104.532,35.5475,-1.));
#9071 = LINE('',#9072,#9073);
#9072 = CARTESIAN_POINT('',(-104.532,35.5475,0.E+000));
#9073 = VECTOR('',#9074,1.);
#9074 = DIRECTION('',(0.E+000,0.E+000,-1.));
#9075 = ORIENTED_EDGE('',*,*,#9076,.T.);
#9076 = EDGE_CURVE('',#9069,#9069,#9077,.T.);
#9077 = CIRCLE('',#9078,0.243);
#9078 = AXIS2_PLACEMENT_3D('',#9079,#9080,#9081);
#9079 = CARTESIAN_POINT('',(-104.775,35.5475,-1.));
#9080 = DIRECTION('',(0.E+000,0.E+000,-1.));
#9081 = DIRECTION('',(1.,0.E+000,0.E+000));
#9082 = ORIENTED_EDGE('',*,*,#9066,.F.);
#9083 = ORIENTED_EDGE('',*,*,#9084,.F.);
#9084 = EDGE_CURVE('',#9067,#9067,#9085,.T.);
#9085 = CIRCLE('',#9086,0.243);
#9086 = AXIS2_PLACEMENT_3D('',#9087,#9088,#9089);
#9087 = CARTESIAN_POINT('',(-104.775,35.5475,0.E+000));
#9088 = DIRECTION('',(0.E+000,0.E+000,-1.));
#9089 = DIRECTION('',(1.,0.E+000,0.E+000));
#9090 = CYLINDRICAL_SURFACE('',#9091,0.243);
#9091 = AXIS2_PLACEMENT_3D('',#9092,#9093,#9094);
#9092 = CARTESIAN_POINT('',(-104.775,35.5475,0.E+000));
#9093 = DIRECTION('',(-0.E+000,-0.E+000,1.));
#9094 = DIRECTION('',(1.,0.E+000,0.E+000));
#9095 = ADVANCED_FACE('',(#9096),#9123,.F.);
#9096 = FACE_BOUND('',#9097,.T.);
#9097 = EDGE_LOOP('',(#9098,#9108,#9115,#9116));
#9098 = ORIENTED_EDGE('',*,*,#9099,.T.);
#9099 = EDGE_CURVE('',#9100,#9102,#9104,.T.);
#9100 = VERTEX_POINT('',#9101);
#9101 = CARTESIAN_POINT('',(-109.4611,46.1295,0.E+000));
#9102 = VERTEX_POINT('',#9103);
#9103 = CARTESIAN_POINT('',(-109.4611,46.1295,-1.));
#9104 = LINE('',#9105,#9106);
#9105 = CARTESIAN_POINT('',(-109.4611,46.1295,0.E+000));
#9106 = VECTOR('',#9107,1.);
#9107 = DIRECTION('',(0.E+000,0.E+000,-1.));
#9108 = ORIENTED_EDGE('',*,*,#9109,.T.);
#9109 = EDGE_CURVE('',#9102,#9102,#9110,.T.);
#9110 = CIRCLE('',#9111,0.243);
#9111 = AXIS2_PLACEMENT_3D('',#9112,#9113,#9114);
#9112 = CARTESIAN_POINT('',(-109.7041,46.1295,-1.));
#9113 = DIRECTION('',(0.E+000,0.E+000,-1.));
#9114 = DIRECTION('',(1.,0.E+000,0.E+000));
#9115 = ORIENTED_EDGE('',*,*,#9099,.F.);
#9116 = ORIENTED_EDGE('',*,*,#9117,.F.);
#9117 = EDGE_CURVE('',#9100,#9100,#9118,.T.);
#9118 = CIRCLE('',#9119,0.243);
#9119 = AXIS2_PLACEMENT_3D('',#9120,#9121,#9122);
#9120 = CARTESIAN_POINT('',(-109.7041,46.1295,0.E+000));
#9121 = DIRECTION('',(0.E+000,0.E+000,-1.));
#9122 = DIRECTION('',(1.,0.E+000,0.E+000));
#9123 = CYLINDRICAL_SURFACE('',#9124,0.243);
#9124 = AXIS2_PLACEMENT_3D('',#9125,#9126,#9127);
#9125 = CARTESIAN_POINT('',(-109.7041,46.1295,0.E+000));
#9126 = DIRECTION('',(-0.E+000,-0.E+000,1.));
#9127 = DIRECTION('',(1.,0.E+000,0.E+000));
#9128 = ADVANCED_FACE('',(#9129),#9156,.F.);
#9129 = FACE_BOUND('',#9130,.T.);
#9130 = EDGE_LOOP('',(#9131,#9141,#9148,#9149));
#9131 = ORIENTED_EDGE('',*,*,#9132,.T.);
#9132 = EDGE_CURVE('',#9133,#9135,#9137,.T.);
#9133 = VERTEX_POINT('',#9134);
#9134 = CARTESIAN_POINT('',(-79.258,38.3865,0.E+000));
#9135 = VERTEX_POINT('',#9136);
#9136 = CARTESIAN_POINT('',(-79.258,38.3865,-1.));
#9137 = LINE('',#9138,#9139);
#9138 = CARTESIAN_POINT('',(-79.258,38.3865,0.E+000));
#9139 = VECTOR('',#9140,1.);
#9140 = DIRECTION('',(0.E+000,0.E+000,-1.));
#9141 = ORIENTED_EDGE('',*,*,#9142,.T.);
#9142 = EDGE_CURVE('',#9135,#9135,#9143,.T.);
#9143 = CIRCLE('',#9144,0.243);
#9144 = AXIS2_PLACEMENT_3D('',#9145,#9146,#9147);
#9145 = CARTESIAN_POINT('',(-79.501,38.3865,-1.));
#9146 = DIRECTION('',(0.E+000,0.E+000,-1.));
#9147 = DIRECTION('',(1.,0.E+000,0.E+000));
#9148 = ORIENTED_EDGE('',*,*,#9132,.F.);
#9149 = ORIENTED_EDGE('',*,*,#9150,.F.);
#9150 = EDGE_CURVE('',#9133,#9133,#9151,.T.);
#9151 = CIRCLE('',#9152,0.243);
#9152 = AXIS2_PLACEMENT_3D('',#9153,#9154,#9155);
#9153 = CARTESIAN_POINT('',(-79.501,38.3865,0.E+000));
#9154 = DIRECTION('',(0.E+000,0.E+000,-1.));
#9155 = DIRECTION('',(1.,0.E+000,0.E+000));
#9156 = CYLINDRICAL_SURFACE('',#9157,0.243);
#9157 = AXIS2_PLACEMENT_3D('',#9158,#9159,#9160);
#9158 = CARTESIAN_POINT('',(-79.501,38.3865,0.E+000));
#9159 = DIRECTION('',(-0.E+000,-0.E+000,1.));
#9160 = DIRECTION('',(1.,0.E+000,0.E+000));
#9161 = ADVANCED_FACE('',(#9162),#9189,.F.);
#9162 = FACE_BOUND('',#9163,.T.);
#9163 = EDGE_LOOP('',(#9164,#9174,#9181,#9182));
#9164 = ORIENTED_EDGE('',*,*,#9165,.T.);
#9165 = EDGE_CURVE('',#9166,#9168,#9170,.T.);
#9166 = VERTEX_POINT('',#9167);
#9167 = CARTESIAN_POINT('',(-98.0911,39.933,0.E+000));
#9168 = VERTEX_POINT('',#9169);
#9169 = CARTESIAN_POINT('',(-98.0911,39.933,-1.));
#9170 = LINE('',#9171,#9172);
#9171 = CARTESIAN_POINT('',(-98.0911,39.933,0.E+000));
#9172 = VECTOR('',#9173,1.);
#9173 = DIRECTION('',(0.E+000,0.E+000,-1.));
#9174 = ORIENTED_EDGE('',*,*,#9175,.T.);
#9175 = EDGE_CURVE('',#9168,#9168,#9176,.T.);
#9176 = CIRCLE('',#9177,0.243);
#9177 = AXIS2_PLACEMENT_3D('',#9178,#9179,#9180);
#9178 = CARTESIAN_POINT('',(-98.3341,39.933,-1.));
#9179 = DIRECTION('',(0.E+000,0.E+000,-1.));
#9180 = DIRECTION('',(1.,0.E+000,0.E+000));
#9181 = ORIENTED_EDGE('',*,*,#9165,.F.);
#9182 = ORIENTED_EDGE('',*,*,#9183,.F.);
#9183 = EDGE_CURVE('',#9166,#9166,#9184,.T.);
#9184 = CIRCLE('',#9185,0.243);
#9185 = AXIS2_PLACEMENT_3D('',#9186,#9187,#9188);
#9186 = CARTESIAN_POINT('',(-98.3341,39.933,0.E+000));
#9187 = DIRECTION('',(0.E+000,0.E+000,-1.));
#9188 = DIRECTION('',(1.,0.E+000,0.E+000));
#9189 = CYLINDRICAL_SURFACE('',#9190,0.243);
#9190 = AXIS2_PLACEMENT_3D('',#9191,#9192,#9193);
#9191 = CARTESIAN_POINT('',(-98.3341,39.933,0.E+000));
#9192 = DIRECTION('',(-0.E+000,-0.E+000,1.));
#9193 = DIRECTION('',(1.,0.E+000,0.E+000));
#9194 = ADVANCED_FACE('',(#9195),#9222,.F.);
#9195 = FACE_BOUND('',#9196,.T.);
#9196 = EDGE_LOOP('',(#9197,#9207,#9214,#9215));
#9197 = ORIENTED_EDGE('',*,*,#9198,.T.);
#9198 = EDGE_CURVE('',#9199,#9201,#9203,.T.);
#9199 = VERTEX_POINT('',#9200);
#9200 = CARTESIAN_POINT('',(-95.8751,39.933,0.E+000));
#9201 = VERTEX_POINT('',#9202);
#9202 = CARTESIAN_POINT('',(-95.8751,39.933,-1.));
#9203 = LINE('',#9204,#9205);
#9204 = CARTESIAN_POINT('',(-95.8751,39.933,0.E+000));
#9205 = VECTOR('',#9206,1.);
#9206 = DIRECTION('',(0.E+000,0.E+000,-1.));
#9207 = ORIENTED_EDGE('',*,*,#9208,.T.);
#9208 = EDGE_CURVE('',#9201,#9201,#9209,.T.);
#9209 = CIRCLE('',#9210,0.243);
#9210 = AXIS2_PLACEMENT_3D('',#9211,#9212,#9213);
#9211 = CARTESIAN_POINT('',(-96.1181,39.933,-1.));
#9212 = DIRECTION('',(0.E+000,0.E+000,-1.));
#9213 = DIRECTION('',(1.,0.E+000,0.E+000));
#9214 = ORIENTED_EDGE('',*,*,#9198,.F.);
#9215 = ORIENTED_EDGE('',*,*,#9216,.F.);
#9216 = EDGE_CURVE('',#9199,#9199,#9217,.T.);
#9217 = CIRCLE('',#9218,0.243);
#9218 = AXIS2_PLACEMENT_3D('',#9219,#9220,#9221);
#9219 = CARTESIAN_POINT('',(-96.1181,39.933,0.E+000));
#9220 = DIRECTION('',(0.E+000,0.E+000,-1.));
#9221 = DIRECTION('',(1.,0.E+000,0.E+000));
#9222 = CYLINDRICAL_SURFACE('',#9223,0.243);
#9223 = AXIS2_PLACEMENT_3D('',#9224,#9225,#9226);
#9224 = CARTESIAN_POINT('',(-96.1181,39.933,0.E+000));
#9225 = DIRECTION('',(-0.E+000,-0.E+000,1.));
#9226 = DIRECTION('',(1.,0.E+000,0.E+000));
#9227 = ADVANCED_FACE('',(#9228),#9255,.F.);
#9228 = FACE_BOUND('',#9229,.T.);
#9229 = EDGE_LOOP('',(#9230,#9240,#9247,#9248));
#9230 = ORIENTED_EDGE('',*,*,#9231,.T.);
#9231 = EDGE_CURVE('',#9232,#9234,#9236,.T.);
#9232 = VERTEX_POINT('',#9233);
#9233 = CARTESIAN_POINT('',(-96.1669,27.7919,0.E+000));
#9234 = VERTEX_POINT('',#9235);
#9235 = CARTESIAN_POINT('',(-96.1669,27.7919,-1.));
#9236 = LINE('',#9237,#9238);
#9237 = CARTESIAN_POINT('',(-96.1669,27.7919,0.E+000));
#9238 = VECTOR('',#9239,1.);
#9239 = DIRECTION('',(0.E+000,0.E+000,-1.));
#9240 = ORIENTED_EDGE('',*,*,#9241,.T.);
#9241 = EDGE_CURVE('',#9234,#9234,#9242,.T.);
#9242 = CIRCLE('',#9243,0.243);
#9243 = AXIS2_PLACEMENT_3D('',#9244,#9245,#9246);
#9244 = CARTESIAN_POINT('',(-96.4099,27.7919,-1.));
#9245 = DIRECTION('',(0.E+000,0.E+000,-1.));
#9246 = DIRECTION('',(1.,0.E+000,0.E+000));
#9247 = ORIENTED_EDGE('',*,*,#9231,.F.);
#9248 = ORIENTED_EDGE('',*,*,#9249,.F.);
#9249 = EDGE_CURVE('',#9232,#9232,#9250,.T.);
#9250 = CIRCLE('',#9251,0.243);
#9251 = AXIS2_PLACEMENT_3D('',#9252,#9253,#9254);
#9252 = CARTESIAN_POINT('',(-96.4099,27.7919,0.E+000));
#9253 = DIRECTION('',(0.E+000,0.E+000,-1.));
#9254 = DIRECTION('',(1.,0.E+000,0.E+000));
#9255 = CYLINDRICAL_SURFACE('',#9256,0.243);
#9256 = AXIS2_PLACEMENT_3D('',#9257,#9258,#9259);
#9257 = CARTESIAN_POINT('',(-96.4099,27.7919,0.E+000));
#9258 = DIRECTION('',(-0.E+000,-0.E+000,1.));
#9259 = DIRECTION('',(1.,0.E+000,0.E+000));
#9260 = ADVANCED_FACE('',(#9261),#9288,.F.);
#9261 = FACE_BOUND('',#9262,.T.);
#9262 = EDGE_LOOP('',(#9263,#9273,#9280,#9281));
#9263 = ORIENTED_EDGE('',*,*,#9264,.T.);
#9264 = EDGE_CURVE('',#9265,#9267,#9269,.T.);
#9265 = VERTEX_POINT('',#9266);
#9266 = CARTESIAN_POINT('',(-92.5712,27.7919,0.E+000));
#9267 = VERTEX_POINT('',#9268);
#9268 = CARTESIAN_POINT('',(-92.5712,27.7919,-1.));
#9269 = LINE('',#9270,#9271);
#9270 = CARTESIAN_POINT('',(-92.5712,27.7919,0.E+000));
#9271 = VECTOR('',#9272,1.);
#9272 = DIRECTION('',(0.E+000,0.E+000,-1.));
#9273 = ORIENTED_EDGE('',*,*,#9274,.T.);
#9274 = EDGE_CURVE('',#9267,#9267,#9275,.T.);
#9275 = CIRCLE('',#9276,0.243);
#9276 = AXIS2_PLACEMENT_3D('',#9277,#9278,#9279);
#9277 = CARTESIAN_POINT('',(-92.8142,27.7919,-1.));
#9278 = DIRECTION('',(0.E+000,0.E+000,-1.));
#9279 = DIRECTION('',(1.,0.E+000,0.E+000));
#9280 = ORIENTED_EDGE('',*,*,#9264,.F.);
#9281 = ORIENTED_EDGE('',*,*,#9282,.F.);
#9282 = EDGE_CURVE('',#9265,#9265,#9283,.T.);
#9283 = CIRCLE('',#9284,0.243);
#9284 = AXIS2_PLACEMENT_3D('',#9285,#9286,#9287);
#9285 = CARTESIAN_POINT('',(-92.8142,27.7919,0.E+000));
#9286 = DIRECTION('',(0.E+000,0.E+000,-1.));
#9287 = DIRECTION('',(1.,0.E+000,0.E+000));
#9288 = CYLINDRICAL_SURFACE('',#9289,0.243);
#9289 = AXIS2_PLACEMENT_3D('',#9290,#9291,#9292);
#9290 = CARTESIAN_POINT('',(-92.8142,27.7919,0.E+000));
#9291 = DIRECTION('',(-0.E+000,-0.E+000,1.));
#9292 = DIRECTION('',(1.,0.E+000,0.E+000));
#9293 = ADVANCED_FACE('',(#9294),#9321,.F.);
#9294 = FACE_BOUND('',#9295,.T.);
#9295 = EDGE_LOOP('',(#9296,#9306,#9313,#9314));
#9296 = ORIENTED_EDGE('',*,*,#9297,.T.);
#9297 = EDGE_CURVE('',#9298,#9300,#9302,.T.);
#9298 = VERTEX_POINT('',#9299);
#9299 = CARTESIAN_POINT('',(-100.884,43.0226,0.E+000));
#9300 = VERTEX_POINT('',#9301);
#9301 = CARTESIAN_POINT('',(-100.884,43.0226,-1.));
#9302 = LINE('',#9303,#9304);
#9303 = CARTESIAN_POINT('',(-100.884,43.0226,0.E+000));
#9304 = VECTOR('',#9305,1.);
#9305 = DIRECTION('',(0.E+000,0.E+000,-1.));
#9306 = ORIENTED_EDGE('',*,*,#9307,.T.);
#9307 = EDGE_CURVE('',#9300,#9300,#9308,.T.);
#9308 = CIRCLE('',#9309,0.243);
#9309 = AXIS2_PLACEMENT_3D('',#9310,#9311,#9312);
#9310 = CARTESIAN_POINT('',(-101.127,43.0226,-1.));
#9311 = DIRECTION('',(0.E+000,0.E+000,-1.));
#9312 = DIRECTION('',(1.,0.E+000,0.E+000));
#9313 = ORIENTED_EDGE('',*,*,#9297,.F.);
#9314 = ORIENTED_EDGE('',*,*,#9315,.F.);
#9315 = EDGE_CURVE('',#9298,#9298,#9316,.T.);
#9316 = CIRCLE('',#9317,0.243);
#9317 = AXIS2_PLACEMENT_3D('',#9318,#9319,#9320);
#9318 = CARTESIAN_POINT('',(-101.127,43.0226,0.E+000));
#9319 = DIRECTION('',(0.E+000,0.E+000,-1.));
#9320 = DIRECTION('',(1.,0.E+000,0.E+000));
#9321 = CYLINDRICAL_SURFACE('',#9322,0.243);
#9322 = AXIS2_PLACEMENT_3D('',#9323,#9324,#9325);
#9323 = CARTESIAN_POINT('',(-101.127,43.0226,0.E+000));
#9324 = DIRECTION('',(-0.E+000,-0.E+000,1.));
#9325 = DIRECTION('',(1.,0.E+000,0.E+000));
#9326 = ADVANCED_FACE('',(#9327),#9354,.F.);
#9327 = FACE_BOUND('',#9328,.T.);
#9328 = EDGE_LOOP('',(#9329,#9339,#9346,#9347));
#9329 = ORIENTED_EDGE('',*,*,#9330,.T.);
#9330 = EDGE_CURVE('',#9331,#9333,#9335,.T.);
#9331 = VERTEX_POINT('',#9332);
#9332 = CARTESIAN_POINT('',(-66.7825,-8.5725,0.E+000));
#9333 = VERTEX_POINT('',#9334);
#9334 = CARTESIAN_POINT('',(-66.7825,-8.5725,-1.));
#9335 = LINE('',#9336,#9337);
#9336 = CARTESIAN_POINT('',(-66.7825,-8.5725,0.E+000));
#9337 = VECTOR('',#9338,1.);
#9338 = DIRECTION('',(0.E+000,0.E+000,-1.));
#9339 = ORIENTED_EDGE('',*,*,#9340,.T.);
#9340 = EDGE_CURVE('',#9333,#9333,#9341,.T.);
#9341 = CIRCLE('',#9342,0.243);
#9342 = AXIS2_PLACEMENT_3D('',#9343,#9344,#9345);
#9343 = CARTESIAN_POINT('',(-67.0255,-8.5725,-1.));
#9344 = DIRECTION('',(0.E+000,0.E+000,-1.));
#9345 = DIRECTION('',(1.,0.E+000,0.E+000));
#9346 = ORIENTED_EDGE('',*,*,#9330,.F.);
#9347 = ORIENTED_EDGE('',*,*,#9348,.F.);
#9348 = EDGE_CURVE('',#9331,#9331,#9349,.T.);
#9349 = CIRCLE('',#9350,0.243);
#9350 = AXIS2_PLACEMENT_3D('',#9351,#9352,#9353);
#9351 = CARTESIAN_POINT('',(-67.0255,-8.5725,0.E+000));
#9352 = DIRECTION('',(0.E+000,0.E+000,-1.));
#9353 = DIRECTION('',(1.,0.E+000,0.E+000));
#9354 = CYLINDRICAL_SURFACE('',#9355,0.243);
#9355 = AXIS2_PLACEMENT_3D('',#9356,#9357,#9358);
#9356 = CARTESIAN_POINT('',(-67.0255,-8.5725,0.E+000));
#9357 = DIRECTION('',(-0.E+000,-0.E+000,1.));
#9358 = DIRECTION('',(1.,0.E+000,0.E+000));
#9359 = ADVANCED_FACE('',(#9360),#9387,.F.);
#9360 = FACE_BOUND('',#9361,.T.);
#9361 = EDGE_LOOP('',(#9362,#9372,#9379,#9380));
#9362 = ORIENTED_EDGE('',*,*,#9363,.T.);
#9363 = EDGE_CURVE('',#9364,#9366,#9368,.T.);
#9364 = VERTEX_POINT('',#9365);
#9365 = CARTESIAN_POINT('',(-44.124,-3.6545,0.E+000));
#9366 = VERTEX_POINT('',#9367);
#9367 = CARTESIAN_POINT('',(-44.124,-3.6545,-1.));
#9368 = LINE('',#9369,#9370);
#9369 = CARTESIAN_POINT('',(-44.124,-3.6545,0.E+000));
#9370 = VECTOR('',#9371,1.);
#9371 = DIRECTION('',(0.E+000,0.E+000,-1.));
#9372 = ORIENTED_EDGE('',*,*,#9373,.T.);
#9373 = EDGE_CURVE('',#9366,#9366,#9374,.T.);
#9374 = CIRCLE('',#9375,0.243);
#9375 = AXIS2_PLACEMENT_3D('',#9376,#9377,#9378);
#9376 = CARTESIAN_POINT('',(-44.367,-3.6545,-1.));
#9377 = DIRECTION('',(0.E+000,0.E+000,-1.));
#9378 = DIRECTION('',(1.,0.E+000,0.E+000));
#9379 = ORIENTED_EDGE('',*,*,#9363,.F.);
#9380 = ORIENTED_EDGE('',*,*,#9381,.F.);
#9381 = EDGE_CURVE('',#9364,#9364,#9382,.T.);
#9382 = CIRCLE('',#9383,0.243);
#9383 = AXIS2_PLACEMENT_3D('',#9384,#9385,#9386);
#9384 = CARTESIAN_POINT('',(-44.367,-3.6545,0.E+000));
#9385 = DIRECTION('',(0.E+000,0.E+000,-1.));
#9386 = DIRECTION('',(1.,0.E+000,0.E+000));
#9387 = CYLINDRICAL_SURFACE('',#9388,0.243);
#9388 = AXIS2_PLACEMENT_3D('',#9389,#9390,#9391);
#9389 = CARTESIAN_POINT('',(-44.367,-3.6545,0.E+000));
#9390 = DIRECTION('',(-0.E+000,-0.E+000,1.));
#9391 = DIRECTION('',(1.,0.E+000,0.E+000));
#9392 = ADVANCED_FACE('',(#9393),#9420,.F.);
#9393 = FACE_BOUND('',#9394,.T.);
#9394 = EDGE_LOOP('',(#9395,#9405,#9412,#9413));
#9395 = ORIENTED_EDGE('',*,*,#9396,.T.);
#9396 = EDGE_CURVE('',#9397,#9399,#9401,.T.);
#9397 = VERTEX_POINT('',#9398);
#9398 = CARTESIAN_POINT('',(-48.4965,-14.3345,0.E+000));
#9399 = VERTEX_POINT('',#9400);
#9400 = CARTESIAN_POINT('',(-48.4965,-14.3345,-1.));
#9401 = LINE('',#9402,#9403);
#9402 = CARTESIAN_POINT('',(-48.4965,-14.3345,0.E+000));
#9403 = VECTOR('',#9404,1.);
#9404 = DIRECTION('',(0.E+000,0.E+000,-1.));
#9405 = ORIENTED_EDGE('',*,*,#9406,.T.);
#9406 = EDGE_CURVE('',#9399,#9399,#9407,.T.);
#9407 = CIRCLE('',#9408,0.243);
#9408 = AXIS2_PLACEMENT_3D('',#9409,#9410,#9411);
#9409 = CARTESIAN_POINT('',(-48.7395,-14.3345,-1.));
#9410 = DIRECTION('',(0.E+000,0.E+000,-1.));
#9411 = DIRECTION('',(1.,0.E+000,0.E+000));
#9412 = ORIENTED_EDGE('',*,*,#9396,.F.);
#9413 = ORIENTED_EDGE('',*,*,#9414,.F.);
#9414 = EDGE_CURVE('',#9397,#9397,#9415,.T.);
#9415 = CIRCLE('',#9416,0.243);
#9416 = AXIS2_PLACEMENT_3D('',#9417,#9418,#9419);
#9417 = CARTESIAN_POINT('',(-48.7395,-14.3345,0.E+000));
#9418 = DIRECTION('',(0.E+000,0.E+000,-1.));
#9419 = DIRECTION('',(1.,0.E+000,0.E+000));
#9420 = CYLINDRICAL_SURFACE('',#9421,0.243);
#9421 = AXIS2_PLACEMENT_3D('',#9422,#9423,#9424);
#9422 = CARTESIAN_POINT('',(-48.7395,-14.3345,0.E+000));
#9423 = DIRECTION('',(-0.E+000,-0.E+000,1.));
#9424 = DIRECTION('',(1.,0.E+000,0.E+000));
#9425 = ADVANCED_FACE('',(#9426),#9453,.F.);
#9426 = FACE_BOUND('',#9427,.T.);
#9427 = EDGE_LOOP('',(#9428,#9438,#9445,#9446));
#9428 = ORIENTED_EDGE('',*,*,#9429,.T.);
#9429 = EDGE_CURVE('',#9430,#9432,#9434,.T.);
#9430 = VERTEX_POINT('',#9431);
#9431 = CARTESIAN_POINT('',(-47.2769,43.0332,0.E+000));
#9432 = VERTEX_POINT('',#9433);
#9433 = CARTESIAN_POINT('',(-47.2769,43.0332,-1.));
#9434 = LINE('',#9435,#9436);
#9435 = CARTESIAN_POINT('',(-47.2769,43.0332,0.E+000));
#9436 = VECTOR('',#9437,1.);
#9437 = DIRECTION('',(0.E+000,0.E+000,-1.));
#9438 = ORIENTED_EDGE('',*,*,#9439,.T.);
#9439 = EDGE_CURVE('',#9432,#9432,#9440,.T.);
#9440 = CIRCLE('',#9441,0.243);
#9441 = AXIS2_PLACEMENT_3D('',#9442,#9443,#9444);
#9442 = CARTESIAN_POINT('',(-47.5199,43.0332,-1.));
#9443 = DIRECTION('',(0.E+000,0.E+000,-1.));
#9444 = DIRECTION('',(1.,0.E+000,0.E+000));
#9445 = ORIENTED_EDGE('',*,*,#9429,.F.);
#9446 = ORIENTED_EDGE('',*,*,#9447,.F.);
#9447 = EDGE_CURVE('',#9430,#9430,#9448,.T.);
#9448 = CIRCLE('',#9449,0.243);
#9449 = AXIS2_PLACEMENT_3D('',#9450,#9451,#9452);
#9450 = CARTESIAN_POINT('',(-47.5199,43.0332,0.E+000));
#9451 = DIRECTION('',(0.E+000,0.E+000,-1.));
#9452 = DIRECTION('',(1.,0.E+000,0.E+000));
#9453 = CYLINDRICAL_SURFACE('',#9454,0.243);
#9454 = AXIS2_PLACEMENT_3D('',#9455,#9456,#9457);
#9455 = CARTESIAN_POINT('',(-47.5199,43.0332,0.E+000));
#9456 = DIRECTION('',(-0.E+000,-0.E+000,1.));
#9457 = DIRECTION('',(1.,0.E+000,0.E+000));
#9458 = ADVANCED_FACE('',(#9459),#9486,.F.);
#9459 = FACE_BOUND('',#9460,.T.);
#9460 = EDGE_LOOP('',(#9461,#9471,#9478,#9479));
#9461 = ORIENTED_EDGE('',*,*,#9462,.T.);
#9462 = EDGE_CURVE('',#9463,#9465,#9467,.T.);
#9463 = VERTEX_POINT('',#9464);
#9464 = CARTESIAN_POINT('',(-52.917,28.3555,0.E+000));
#9465 = VERTEX_POINT('',#9466);
#9466 = CARTESIAN_POINT('',(-52.917,28.3555,-1.));
#9467 = LINE('',#9468,#9469);
#9468 = CARTESIAN_POINT('',(-52.917,28.3555,0.E+000));
#9469 = VECTOR('',#9470,1.);
#9470 = DIRECTION('',(0.E+000,0.E+000,-1.));
#9471 = ORIENTED_EDGE('',*,*,#9472,.T.);
#9472 = EDGE_CURVE('',#9465,#9465,#9473,.T.);
#9473 = CIRCLE('',#9474,0.243);
#9474 = AXIS2_PLACEMENT_3D('',#9475,#9476,#9477);
#9475 = CARTESIAN_POINT('',(-53.16,28.3555,-1.));
#9476 = DIRECTION('',(0.E+000,0.E+000,-1.));
#9477 = DIRECTION('',(1.,0.E+000,0.E+000));
#9478 = ORIENTED_EDGE('',*,*,#9462,.F.);
#9479 = ORIENTED_EDGE('',*,*,#9480,.F.);
#9480 = EDGE_CURVE('',#9463,#9463,#9481,.T.);
#9481 = CIRCLE('',#9482,0.243);
#9482 = AXIS2_PLACEMENT_3D('',#9483,#9484,#9485);
#9483 = CARTESIAN_POINT('',(-53.16,28.3555,0.E+000));
#9484 = DIRECTION('',(0.E+000,0.E+000,-1.));
#9485 = DIRECTION('',(1.,0.E+000,0.E+000));
#9486 = CYLINDRICAL_SURFACE('',#9487,0.243);
#9487 = AXIS2_PLACEMENT_3D('',#9488,#9489,#9490);
#9488 = CARTESIAN_POINT('',(-53.16,28.3555,0.E+000));
#9489 = DIRECTION('',(-0.E+000,-0.E+000,1.));
#9490 = DIRECTION('',(1.,0.E+000,0.E+000));
#9491 = ADVANCED_FACE('',(#9492),#9519,.F.);
#9492 = FACE_BOUND('',#9493,.T.);
#9493 = EDGE_LOOP('',(#9494,#9504,#9511,#9512));
#9494 = ORIENTED_EDGE('',*,*,#9495,.T.);
#9495 = EDGE_CURVE('',#9496,#9498,#9500,.T.);
#9496 = VERTEX_POINT('',#9497);
#9497 = CARTESIAN_POINT('',(-49.493,33.4266,0.E+000));
#9498 = VERTEX_POINT('',#9499);
#9499 = CARTESIAN_POINT('',(-49.493,33.4266,-1.));
#9500 = LINE('',#9501,#9502);
#9501 = CARTESIAN_POINT('',(-49.493,33.4266,0.E+000));
#9502 = VECTOR('',#9503,1.);
#9503 = DIRECTION('',(0.E+000,0.E+000,-1.));
#9504 = ORIENTED_EDGE('',*,*,#9505,.T.);
#9505 = EDGE_CURVE('',#9498,#9498,#9506,.T.);
#9506 = CIRCLE('',#9507,0.243);
#9507 = AXIS2_PLACEMENT_3D('',#9508,#9509,#9510);
#9508 = CARTESIAN_POINT('',(-49.736,33.4266,-1.));
#9509 = DIRECTION('',(0.E+000,0.E+000,-1.));
#9510 = DIRECTION('',(1.,0.E+000,0.E+000));
#9511 = ORIENTED_EDGE('',*,*,#9495,.F.);
#9512 = ORIENTED_EDGE('',*,*,#9513,.F.);
#9513 = EDGE_CURVE('',#9496,#9496,#9514,.T.);
#9514 = CIRCLE('',#9515,0.243);
#9515 = AXIS2_PLACEMENT_3D('',#9516,#9517,#9518);
#9516 = CARTESIAN_POINT('',(-49.736,33.4266,0.E+000));
#9517 = DIRECTION('',(0.E+000,0.E+000,-1.));
#9518 = DIRECTION('',(1.,0.E+000,0.E+000));
#9519 = CYLINDRICAL_SURFACE('',#9520,0.243);
#9520 = AXIS2_PLACEMENT_3D('',#9521,#9522,#9523);
#9521 = CARTESIAN_POINT('',(-49.736,33.4266,0.E+000));
#9522 = DIRECTION('',(-0.E+000,-0.E+000,1.));
#9523 = DIRECTION('',(1.,0.E+000,0.E+000));
#9524 = ADVANCED_FACE('',(#9525),#9552,.F.);
#9525 = FACE_BOUND('',#9526,.T.);
#9526 = EDGE_LOOP('',(#9527,#9537,#9544,#9545));
#9527 = ORIENTED_EDGE('',*,*,#9528,.T.);
#9528 = EDGE_CURVE('',#9529,#9531,#9533,.T.);
#9529 = VERTEX_POINT('',#9530);
#9530 = CARTESIAN_POINT('',(-105.8945,-5.2725,0.E+000));
#9531 = VERTEX_POINT('',#9532);
#9532 = CARTESIAN_POINT('',(-105.8945,-5.2725,-1.));
#9533 = LINE('',#9534,#9535);
#9534 = CARTESIAN_POINT('',(-105.8945,-5.2725,0.E+000));
#9535 = VECTOR('',#9536,1.);
#9536 = DIRECTION('',(0.E+000,0.E+000,-1.));
#9537 = ORIENTED_EDGE('',*,*,#9538,.T.);
#9538 = EDGE_CURVE('',#9531,#9531,#9539,.T.);
#9539 = CIRCLE('',#9540,0.243);
#9540 = AXIS2_PLACEMENT_3D('',#9541,#9542,#9543);
#9541 = CARTESIAN_POINT('',(-106.1375,-5.2725,-1.));
#9542 = DIRECTION('',(0.E+000,0.E+000,-1.));
#9543 = DIRECTION('',(1.,0.E+000,0.E+000));
#9544 = ORIENTED_EDGE('',*,*,#9528,.F.);
#9545 = ORIENTED_EDGE('',*,*,#9546,.F.);
#9546 = EDGE_CURVE('',#9529,#9529,#9547,.T.);
#9547 = CIRCLE('',#9548,0.243);
#9548 = AXIS2_PLACEMENT_3D('',#9549,#9550,#9551);
#9549 = CARTESIAN_POINT('',(-106.1375,-5.2725,0.E+000));
#9550 = DIRECTION('',(0.E+000,0.E+000,-1.));
#9551 = DIRECTION('',(1.,0.E+000,0.E+000));
#9552 = CYLINDRICAL_SURFACE('',#9553,0.243);
#9553 = AXIS2_PLACEMENT_3D('',#9554,#9555,#9556);
#9554 = CARTESIAN_POINT('',(-106.1375,-5.2725,0.E+000));
#9555 = DIRECTION('',(-0.E+000,-0.E+000,1.));
#9556 = DIRECTION('',(1.,0.E+000,0.E+000));
#9557 = ADVANCED_FACE('',(#9558),#9585,.F.);
#9558 = FACE_BOUND('',#9559,.T.);
#9559 = EDGE_LOOP('',(#9560,#9570,#9577,#9578));
#9560 = ORIENTED_EDGE('',*,*,#9561,.T.);
#9561 = EDGE_CURVE('',#9562,#9564,#9566,.T.);
#9562 = VERTEX_POINT('',#9563);
#9563 = CARTESIAN_POINT('',(-74.7795,-9.8425,0.E+000));
#9564 = VERTEX_POINT('',#9565);
#9565 = CARTESIAN_POINT('',(-74.7795,-9.8425,-1.));
#9566 = LINE('',#9567,#9568);
#9567 = CARTESIAN_POINT('',(-74.7795,-9.8425,0.E+000));
#9568 = VECTOR('',#9569,1.);
#9569 = DIRECTION('',(0.E+000,0.E+000,-1.));
#9570 = ORIENTED_EDGE('',*,*,#9571,.T.);
#9571 = EDGE_CURVE('',#9564,#9564,#9572,.T.);
#9572 = CIRCLE('',#9573,0.243);
#9573 = AXIS2_PLACEMENT_3D('',#9574,#9575,#9576);
#9574 = CARTESIAN_POINT('',(-75.0225,-9.8425,-1.));
#9575 = DIRECTION('',(0.E+000,0.E+000,-1.));
#9576 = DIRECTION('',(1.,0.E+000,0.E+000));
#9577 = ORIENTED_EDGE('',*,*,#9561,.F.);
#9578 = ORIENTED_EDGE('',*,*,#9579,.F.);
#9579 = EDGE_CURVE('',#9562,#9562,#9580,.T.);
#9580 = CIRCLE('',#9581,0.243);
#9581 = AXIS2_PLACEMENT_3D('',#9582,#9583,#9584);
#9582 = CARTESIAN_POINT('',(-75.0225,-9.8425,0.E+000));
#9583 = DIRECTION('',(0.E+000,0.E+000,-1.));
#9584 = DIRECTION('',(1.,0.E+000,0.E+000));
#9585 = CYLINDRICAL_SURFACE('',#9586,0.243);
#9586 = AXIS2_PLACEMENT_3D('',#9587,#9588,#9589);
#9587 = CARTESIAN_POINT('',(-75.0225,-9.8425,0.E+000));
#9588 = DIRECTION('',(-0.E+000,-0.E+000,1.));
#9589 = DIRECTION('',(1.,0.E+000,0.E+000));
#9590 = ADVANCED_FACE('',(#9591),#9618,.F.);
#9591 = FACE_BOUND('',#9592,.T.);
#9592 = EDGE_LOOP('',(#9593,#9603,#9610,#9611));
#9593 = ORIENTED_EDGE('',*,*,#9594,.T.);
#9594 = EDGE_CURVE('',#9595,#9597,#9599,.T.);
#9595 = VERTEX_POINT('',#9596);
#9596 = CARTESIAN_POINT('',(-61.7665,-10.3804,0.E+000));
#9597 = VERTEX_POINT('',#9598);
#9598 = CARTESIAN_POINT('',(-61.7665,-10.3804,-1.));
#9599 = LINE('',#9600,#9601);
#9600 = CARTESIAN_POINT('',(-61.7665,-10.3804,0.E+000));
#9601 = VECTOR('',#9602,1.);
#9602 = DIRECTION('',(0.E+000,0.E+000,-1.));
#9603 = ORIENTED_EDGE('',*,*,#9604,.T.);
#9604 = EDGE_CURVE('',#9597,#9597,#9605,.T.);
#9605 = CIRCLE('',#9606,0.243);
#9606 = AXIS2_PLACEMENT_3D('',#9607,#9608,#9609);
#9607 = CARTESIAN_POINT('',(-62.0095,-10.3804,-1.));
#9608 = DIRECTION('',(0.E+000,0.E+000,-1.));
#9609 = DIRECTION('',(1.,0.E+000,0.E+000));
#9610 = ORIENTED_EDGE('',*,*,#9594,.F.);
#9611 = ORIENTED_EDGE('',*,*,#9612,.F.);
#9612 = EDGE_CURVE('',#9595,#9595,#9613,.T.);
#9613 = CIRCLE('',#9614,0.243);
#9614 = AXIS2_PLACEMENT_3D('',#9615,#9616,#9617);
#9615 = CARTESIAN_POINT('',(-62.0095,-10.3804,0.E+000));
#9616 = DIRECTION('',(0.E+000,0.E+000,-1.));
#9617 = DIRECTION('',(1.,0.E+000,0.E+000));
#9618 = CYLINDRICAL_SURFACE('',#9619,0.243);
#9619 = AXIS2_PLACEMENT_3D('',#9620,#9621,#9622);
#9620 = CARTESIAN_POINT('',(-62.0095,-10.3804,0.E+000));
#9621 = DIRECTION('',(-0.E+000,-0.E+000,1.));
#9622 = DIRECTION('',(1.,0.E+000,0.E+000));
#9623 = ADVANCED_FACE('',(#9624),#9651,.F.);
#9624 = FACE_BOUND('',#9625,.T.);
#9625 = EDGE_LOOP('',(#9626,#9636,#9643,#9644));
#9626 = ORIENTED_EDGE('',*,*,#9627,.T.);
#9627 = EDGE_CURVE('',#9628,#9630,#9632,.T.);
#9628 = VERTEX_POINT('',#9629);
#9629 = CARTESIAN_POINT('',(-95.059,23.6505,0.E+000));
#9630 = VERTEX_POINT('',#9631);
#9631 = CARTESIAN_POINT('',(-95.059,23.6505,-1.));
#9632 = LINE('',#9633,#9634);
#9633 = CARTESIAN_POINT('',(-95.059,23.6505,0.E+000));
#9634 = VECTOR('',#9635,1.);
#9635 = DIRECTION('',(0.E+000,0.E+000,-1.));
#9636 = ORIENTED_EDGE('',*,*,#9637,.T.);
#9637 = EDGE_CURVE('',#9630,#9630,#9638,.T.);
#9638 = CIRCLE('',#9639,0.243);
#9639 = AXIS2_PLACEMENT_3D('',#9640,#9641,#9642);
#9640 = CARTESIAN_POINT('',(-95.302,23.6505,-1.));
#9641 = DIRECTION('',(0.E+000,0.E+000,-1.));
#9642 = DIRECTION('',(1.,0.E+000,0.E+000));
#9643 = ORIENTED_EDGE('',*,*,#9627,.F.);
#9644 = ORIENTED_EDGE('',*,*,#9645,.F.);
#9645 = EDGE_CURVE('',#9628,#9628,#9646,.T.);
#9646 = CIRCLE('',#9647,0.243);
#9647 = AXIS2_PLACEMENT_3D('',#9648,#9649,#9650);
#9648 = CARTESIAN_POINT('',(-95.302,23.6505,0.E+000));
#9649 = DIRECTION('',(0.E+000,0.E+000,-1.));
#9650 = DIRECTION('',(1.,0.E+000,0.E+000));
#9651 = CYLINDRICAL_SURFACE('',#9652,0.243);
#9652 = AXIS2_PLACEMENT_3D('',#9653,#9654,#9655);
#9653 = CARTESIAN_POINT('',(-95.302,23.6505,0.E+000));
#9654 = DIRECTION('',(-0.E+000,-0.E+000,1.));
#9655 = DIRECTION('',(1.,0.E+000,0.E+000));
#9656 = ADVANCED_FACE('',(#9657),#9684,.F.);
#9657 = FACE_BOUND('',#9658,.T.);
#9658 = EDGE_LOOP('',(#9659,#9669,#9676,#9677));
#9659 = ORIENTED_EDGE('',*,*,#9660,.T.);
#9660 = EDGE_CURVE('',#9661,#9663,#9665,.T.);
#9661 = VERTEX_POINT('',#9662);
#9662 = CARTESIAN_POINT('',(-72.64,-15.65,0.E+000));
#9663 = VERTEX_POINT('',#9664);
#9664 = CARTESIAN_POINT('',(-72.64,-15.65,-1.));
#9665 = LINE('',#9666,#9667);
#9666 = CARTESIAN_POINT('',(-72.64,-15.65,0.E+000));
#9667 = VECTOR('',#9668,1.);
#9668 = DIRECTION('',(0.E+000,0.E+000,-1.));
#9669 = ORIENTED_EDGE('',*,*,#9670,.T.);
#9670 = EDGE_CURVE('',#9663,#9663,#9671,.T.);
#9671 = CIRCLE('',#9672,0.243);
#9672 = AXIS2_PLACEMENT_3D('',#9673,#9674,#9675);
#9673 = CARTESIAN_POINT('',(-72.883,-15.65,-1.));
#9674 = DIRECTION('',(0.E+000,0.E+000,-1.));
#9675 = DIRECTION('',(1.,0.E+000,0.E+000));
#9676 = ORIENTED_EDGE('',*,*,#9660,.F.);
#9677 = ORIENTED_EDGE('',*,*,#9678,.F.);
#9678 = EDGE_CURVE('',#9661,#9661,#9679,.T.);
#9679 = CIRCLE('',#9680,0.243);
#9680 = AXIS2_PLACEMENT_3D('',#9681,#9682,#9683);
#9681 = CARTESIAN_POINT('',(-72.883,-15.65,0.E+000));
#9682 = DIRECTION('',(0.E+000,0.E+000,-1.));
#9683 = DIRECTION('',(1.,0.E+000,0.E+000));
#9684 = CYLINDRICAL_SURFACE('',#9685,0.243);
#9685 = AXIS2_PLACEMENT_3D('',#9686,#9687,#9688);
#9686 = CARTESIAN_POINT('',(-72.883,-15.65,0.E+000));
#9687 = DIRECTION('',(-0.E+000,-0.E+000,1.));
#9688 = DIRECTION('',(1.,0.E+000,0.E+000));
#9689 = ADVANCED_FACE('',(#9690),#9717,.F.);
#9690 = FACE_BOUND('',#9691,.T.);
#9691 = EDGE_LOOP('',(#9692,#9702,#9709,#9710));
#9692 = ORIENTED_EDGE('',*,*,#9693,.T.);
#9693 = EDGE_CURVE('',#9694,#9696,#9698,.T.);
#9694 = VERTEX_POINT('',#9695);
#9695 = CARTESIAN_POINT('',(-71.8635,10.795,0.E+000));
#9696 = VERTEX_POINT('',#9697);
#9697 = CARTESIAN_POINT('',(-71.8635,10.795,-1.));
#9698 = LINE('',#9699,#9700);
#9699 = CARTESIAN_POINT('',(-71.8635,10.795,0.E+000));
#9700 = VECTOR('',#9701,1.);
#9701 = DIRECTION('',(0.E+000,0.E+000,-1.));
#9702 = ORIENTED_EDGE('',*,*,#9703,.T.);
#9703 = EDGE_CURVE('',#9696,#9696,#9704,.T.);
#9704 = CIRCLE('',#9705,0.243);
#9705 = AXIS2_PLACEMENT_3D('',#9706,#9707,#9708);
#9706 = CARTESIAN_POINT('',(-72.1065,10.795,-1.));
#9707 = DIRECTION('',(0.E+000,0.E+000,-1.));
#9708 = DIRECTION('',(1.,0.E+000,0.E+000));
#9709 = ORIENTED_EDGE('',*,*,#9693,.F.);
#9710 = ORIENTED_EDGE('',*,*,#9711,.F.);
#9711 = EDGE_CURVE('',#9694,#9694,#9712,.T.);
#9712 = CIRCLE('',#9713,0.243);
#9713 = AXIS2_PLACEMENT_3D('',#9714,#9715,#9716);
#9714 = CARTESIAN_POINT('',(-72.1065,10.795,0.E+000));
#9715 = DIRECTION('',(0.E+000,0.E+000,-1.));
#9716 = DIRECTION('',(1.,0.E+000,0.E+000));
#9717 = CYLINDRICAL_SURFACE('',#9718,0.243);
#9718 = AXIS2_PLACEMENT_3D('',#9719,#9720,#9721);
#9719 = CARTESIAN_POINT('',(-72.1065,10.795,0.E+000));
#9720 = DIRECTION('',(-0.E+000,-0.E+000,1.));
#9721 = DIRECTION('',(1.,0.E+000,0.E+000));
#9722 = ADVANCED_FACE('',(#9723),#9750,.F.);
#9723 = FACE_BOUND('',#9724,.T.);
#9724 = EDGE_LOOP('',(#9725,#9735,#9742,#9743));
#9725 = ORIENTED_EDGE('',*,*,#9726,.T.);
#9726 = EDGE_CURVE('',#9727,#9729,#9731,.T.);
#9727 = VERTEX_POINT('',#9728);
#9728 = CARTESIAN_POINT('',(-107.0025,-2.2225,0.E+000));
#9729 = VERTEX_POINT('',#9730);
#9730 = CARTESIAN_POINT('',(-107.0025,-2.2225,-1.));
#9731 = LINE('',#9732,#9733);
#9732 = CARTESIAN_POINT('',(-107.0025,-2.2225,0.E+000));
#9733 = VECTOR('',#9734,1.);
#9734 = DIRECTION('',(0.E+000,0.E+000,-1.));
#9735 = ORIENTED_EDGE('',*,*,#9736,.T.);
#9736 = EDGE_CURVE('',#9729,#9729,#9737,.T.);
#9737 = CIRCLE('',#9738,0.243);
#9738 = AXIS2_PLACEMENT_3D('',#9739,#9740,#9741);
#9739 = CARTESIAN_POINT('',(-107.2455,-2.2225,-1.));
#9740 = DIRECTION('',(0.E+000,0.E+000,-1.));
#9741 = DIRECTION('',(1.,0.E+000,0.E+000));
#9742 = ORIENTED_EDGE('',*,*,#9726,.F.);
#9743 = ORIENTED_EDGE('',*,*,#9744,.F.);
#9744 = EDGE_CURVE('',#9727,#9727,#9745,.T.);
#9745 = CIRCLE('',#9746,0.243);
#9746 = AXIS2_PLACEMENT_3D('',#9747,#9748,#9749);
#9747 = CARTESIAN_POINT('',(-107.2455,-2.2225,0.E+000));
#9748 = DIRECTION('',(0.E+000,0.E+000,-1.));
#9749 = DIRECTION('',(1.,0.E+000,0.E+000));
#9750 = CYLINDRICAL_SURFACE('',#9751,0.243);
#9751 = AXIS2_PLACEMENT_3D('',#9752,#9753,#9754);
#9752 = CARTESIAN_POINT('',(-107.2455,-2.2225,0.E+000));
#9753 = DIRECTION('',(-0.E+000,-0.E+000,1.));
#9754 = DIRECTION('',(1.,0.E+000,0.E+000));
#9755 = ADVANCED_FACE('',(#9756),#9783,.F.);
#9756 = FACE_BOUND('',#9757,.T.);
#9757 = EDGE_LOOP('',(#9758,#9768,#9775,#9776));
#9758 = ORIENTED_EDGE('',*,*,#9759,.T.);
#9759 = EDGE_CURVE('',#9760,#9762,#9764,.T.);
#9760 = VERTEX_POINT('',#9761);
#9761 = CARTESIAN_POINT('',(-49.64,-2.2225,0.E+000));
#9762 = VERTEX_POINT('',#9763);
#9763 = CARTESIAN_POINT('',(-49.64,-2.2225,-1.));
#9764 = LINE('',#9765,#9766);
#9765 = CARTESIAN_POINT('',(-49.64,-2.2225,0.E+000));
#9766 = VECTOR('',#9767,1.);
#9767 = DIRECTION('',(0.E+000,0.E+000,-1.));
#9768 = ORIENTED_EDGE('',*,*,#9769,.T.);
#9769 = EDGE_CURVE('',#9762,#9762,#9770,.T.);
#9770 = CIRCLE('',#9771,0.243);
#9771 = AXIS2_PLACEMENT_3D('',#9772,#9773,#9774);
#9772 = CARTESIAN_POINT('',(-49.883,-2.2225,-1.));
#9773 = DIRECTION('',(0.E+000,0.E+000,-1.));
#9774 = DIRECTION('',(1.,0.E+000,0.E+000));
#9775 = ORIENTED_EDGE('',*,*,#9759,.F.);
#9776 = ORIENTED_EDGE('',*,*,#9777,.F.);
#9777 = EDGE_CURVE('',#9760,#9760,#9778,.T.);
#9778 = CIRCLE('',#9779,0.243);
#9779 = AXIS2_PLACEMENT_3D('',#9780,#9781,#9782);
#9780 = CARTESIAN_POINT('',(-49.883,-2.2225,0.E+000));
#9781 = DIRECTION('',(0.E+000,0.E+000,-1.));
#9782 = DIRECTION('',(1.,0.E+000,0.E+000));
#9783 = CYLINDRICAL_SURFACE('',#9784,0.243);
#9784 = AXIS2_PLACEMENT_3D('',#9785,#9786,#9787);
#9785 = CARTESIAN_POINT('',(-49.883,-2.2225,0.E+000));
#9786 = DIRECTION('',(-0.E+000,-0.E+000,1.));
#9787 = DIRECTION('',(1.,0.E+000,0.E+000));
#9788 = ADVANCED_FACE('',(#9789),#9816,.F.);
#9789 = FACE_BOUND('',#9790,.T.);
#9790 = EDGE_LOOP('',(#9791,#9801,#9808,#9809));
#9791 = ORIENTED_EDGE('',*,*,#9792,.T.);
#9792 = EDGE_CURVE('',#9793,#9795,#9797,.T.);
#9793 = VERTEX_POINT('',#9794);
#9794 = CARTESIAN_POINT('',(-48.472,48.4075,0.E+000));
#9795 = VERTEX_POINT('',#9796);
#9796 = CARTESIAN_POINT('',(-48.472,48.4075,-1.));
#9797 = LINE('',#9798,#9799);
#9798 = CARTESIAN_POINT('',(-48.472,48.4075,0.E+000));
#9799 = VECTOR('',#9800,1.);
#9800 = DIRECTION('',(0.E+000,0.E+000,-1.));
#9801 = ORIENTED_EDGE('',*,*,#9802,.T.);
#9802 = EDGE_CURVE('',#9795,#9795,#9803,.T.);
#9803 = CIRCLE('',#9804,0.243);
#9804 = AXIS2_PLACEMENT_3D('',#9805,#9806,#9807);
#9805 = CARTESIAN_POINT('',(-48.715,48.4075,-1.));
#9806 = DIRECTION('',(0.E+000,0.E+000,-1.));
#9807 = DIRECTION('',(1.,0.E+000,0.E+000));
#9808 = ORIENTED_EDGE('',*,*,#9792,.F.);
#9809 = ORIENTED_EDGE('',*,*,#9810,.F.);
#9810 = EDGE_CURVE('',#9793,#9793,#9811,.T.);
#9811 = CIRCLE('',#9812,0.243);
#9812 = AXIS2_PLACEMENT_3D('',#9813,#9814,#9815);
#9813 = CARTESIAN_POINT('',(-48.715,48.4075,0.E+000));
#9814 = DIRECTION('',(0.E+000,0.E+000,-1.));
#9815 = DIRECTION('',(1.,0.E+000,0.E+000));
#9816 = CYLINDRICAL_SURFACE('',#9817,0.243);
#9817 = AXIS2_PLACEMENT_3D('',#9818,#9819,#9820);
#9818 = CARTESIAN_POINT('',(-48.715,48.4075,0.E+000));
#9819 = DIRECTION('',(-0.E+000,-0.E+000,1.));
#9820 = DIRECTION('',(1.,0.E+000,0.E+000));
#9821 = ADVANCED_FACE('',(#9822),#9849,.F.);
#9822 = FACE_BOUND('',#9823,.T.);
#9823 = EDGE_LOOP('',(#9824,#9834,#9841,#9842));
#9824 = ORIENTED_EDGE('',*,*,#9825,.T.);
#9825 = EDGE_CURVE('',#9826,#9828,#9830,.T.);
#9826 = VERTEX_POINT('',#9827);
#9827 = CARTESIAN_POINT('',(-89.3631,8.704,0.E+000));
#9828 = VERTEX_POINT('',#9829);
#9829 = CARTESIAN_POINT('',(-89.3631,8.704,-1.));
#9830 = LINE('',#9831,#9832);
#9831 = CARTESIAN_POINT('',(-89.3631,8.704,0.E+000));
#9832 = VECTOR('',#9833,1.);
#9833 = DIRECTION('',(0.E+000,0.E+000,-1.));
#9834 = ORIENTED_EDGE('',*,*,#9835,.T.);
#9835 = EDGE_CURVE('',#9828,#9828,#9836,.T.);
#9836 = CIRCLE('',#9837,0.243);
#9837 = AXIS2_PLACEMENT_3D('',#9838,#9839,#9840);
#9838 = CARTESIAN_POINT('',(-89.6061,8.704,-1.));
#9839 = DIRECTION('',(0.E+000,0.E+000,-1.));
#9840 = DIRECTION('',(1.,0.E+000,0.E+000));
#9841 = ORIENTED_EDGE('',*,*,#9825,.F.);
#9842 = ORIENTED_EDGE('',*,*,#9843,.F.);
#9843 = EDGE_CURVE('',#9826,#9826,#9844,.T.);
#9844 = CIRCLE('',#9845,0.243);
#9845 = AXIS2_PLACEMENT_3D('',#9846,#9847,#9848);
#9846 = CARTESIAN_POINT('',(-89.6061,8.704,0.E+000));
#9847 = DIRECTION('',(0.E+000,0.E+000,-1.));
#9848 = DIRECTION('',(1.,0.E+000,0.E+000));
#9849 = CYLINDRICAL_SURFACE('',#9850,0.243);
#9850 = AXIS2_PLACEMENT_3D('',#9851,#9852,#9853);
#9851 = CARTESIAN_POINT('',(-89.6061,8.704,0.E+000));
#9852 = DIRECTION('',(-0.E+000,-0.E+000,1.));
#9853 = DIRECTION('',(1.,0.E+000,0.E+000));
#9854 = ADVANCED_FACE('',(#9855),#9882,.F.);
#9855 = FACE_BOUND('',#9856,.T.);
#9856 = EDGE_LOOP('',(#9857,#9867,#9874,#9875));
#9857 = ORIENTED_EDGE('',*,*,#9858,.T.);
#9858 = EDGE_CURVE('',#9859,#9861,#9863,.T.);
#9859 = VERTEX_POINT('',#9860);
#9860 = CARTESIAN_POINT('',(-89.3631,11.2745,0.E+000));
#9861 = VERTEX_POINT('',#9862);
#9862 = CARTESIAN_POINT('',(-89.3631,11.2745,-1.));
#9863 = LINE('',#9864,#9865);
#9864 = CARTESIAN_POINT('',(-89.3631,11.2745,0.E+000));
#9865 = VECTOR('',#9866,1.);
#9866 = DIRECTION('',(0.E+000,0.E+000,-1.));
#9867 = ORIENTED_EDGE('',*,*,#9868,.T.);
#9868 = EDGE_CURVE('',#9861,#9861,#9869,.T.);
#9869 = CIRCLE('',#9870,0.243);
#9870 = AXIS2_PLACEMENT_3D('',#9871,#9872,#9873);
#9871 = CARTESIAN_POINT('',(-89.6061,11.2745,-1.));
#9872 = DIRECTION('',(0.E+000,0.E+000,-1.));
#9873 = DIRECTION('',(1.,0.E+000,0.E+000));
#9874 = ORIENTED_EDGE('',*,*,#9858,.F.);
#9875 = ORIENTED_EDGE('',*,*,#9876,.F.);
#9876 = EDGE_CURVE('',#9859,#9859,#9877,.T.);
#9877 = CIRCLE('',#9878,0.243);
#9878 = AXIS2_PLACEMENT_3D('',#9879,#9880,#9881);
#9879 = CARTESIAN_POINT('',(-89.6061,11.2745,0.E+000));
#9880 = DIRECTION('',(0.E+000,0.E+000,-1.));
#9881 = DIRECTION('',(1.,0.E+000,0.E+000));
#9882 = CYLINDRICAL_SURFACE('',#9883,0.243);
#9883 = AXIS2_PLACEMENT_3D('',#9884,#9885,#9886);
#9884 = CARTESIAN_POINT('',(-89.6061,11.2745,0.E+000));
#9885 = DIRECTION('',(-0.E+000,-0.E+000,1.));
#9886 = DIRECTION('',(1.,0.E+000,0.E+000));
#9887 = ADVANCED_FACE('',(#9888),#9915,.F.);
#9888 = FACE_BOUND('',#9889,.T.);
#9889 = EDGE_LOOP('',(#9890,#9900,#9907,#9908));
#9890 = ORIENTED_EDGE('',*,*,#9891,.T.);
#9891 = EDGE_CURVE('',#9892,#9894,#9896,.T.);
#9892 = VERTEX_POINT('',#9893);
#9893 = CARTESIAN_POINT('',(-100.6989,-8.1,0.E+000));
#9894 = VERTEX_POINT('',#9895);
#9895 = CARTESIAN_POINT('',(-100.6989,-8.1,-1.));
#9896 = LINE('',#9897,#9898);
#9897 = CARTESIAN_POINT('',(-100.6989,-8.1,0.E+000));
#9898 = VECTOR('',#9899,1.);
#9899 = DIRECTION('',(0.E+000,0.E+000,-1.));
#9900 = ORIENTED_EDGE('',*,*,#9901,.T.);
#9901 = EDGE_CURVE('',#9894,#9894,#9902,.T.);
#9902 = CIRCLE('',#9903,0.243);
#9903 = AXIS2_PLACEMENT_3D('',#9904,#9905,#9906);
#9904 = CARTESIAN_POINT('',(-100.9419,-8.1,-1.));
#9905 = DIRECTION('',(0.E+000,0.E+000,-1.));
#9906 = DIRECTION('',(1.,0.E+000,0.E+000));
#9907 = ORIENTED_EDGE('',*,*,#9891,.F.);
#9908 = ORIENTED_EDGE('',*,*,#9909,.F.);
#9909 = EDGE_CURVE('',#9892,#9892,#9910,.T.);
#9910 = CIRCLE('',#9911,0.243);
#9911 = AXIS2_PLACEMENT_3D('',#9912,#9913,#9914);
#9912 = CARTESIAN_POINT('',(-100.9419,-8.1,0.E+000));
#9913 = DIRECTION('',(0.E+000,0.E+000,-1.));
#9914 = DIRECTION('',(1.,0.E+000,0.E+000));
#9915 = CYLINDRICAL_SURFACE('',#9916,0.243);
#9916 = AXIS2_PLACEMENT_3D('',#9917,#9918,#9919);
#9917 = CARTESIAN_POINT('',(-100.9419,-8.1,0.E+000));
#9918 = DIRECTION('',(-0.E+000,-0.E+000,1.));
#9919 = DIRECTION('',(1.,0.E+000,0.E+000));
#9920 = ADVANCED_FACE('',(#9921),#9948,.F.);
#9921 = FACE_BOUND('',#9922,.T.);
#9922 = EDGE_LOOP('',(#9923,#9933,#9940,#9941));
#9923 = ORIENTED_EDGE('',*,*,#9924,.T.);
#9924 = EDGE_CURVE('',#9925,#9927,#9929,.T.);
#9925 = VERTEX_POINT('',#9926);
#9926 = CARTESIAN_POINT('',(-73.0815,31.6759,0.E+000));
#9927 = VERTEX_POINT('',#9928);
#9928 = CARTESIAN_POINT('',(-73.0815,31.6759,-1.));
#9929 = LINE('',#9930,#9931);
#9930 = CARTESIAN_POINT('',(-73.0815,31.6759,0.E+000));
#9931 = VECTOR('',#9932,1.);
#9932 = DIRECTION('',(0.E+000,0.E+000,-1.));
#9933 = ORIENTED_EDGE('',*,*,#9934,.T.);
#9934 = EDGE_CURVE('',#9927,#9927,#9935,.T.);
#9935 = CIRCLE('',#9936,0.243);
#9936 = AXIS2_PLACEMENT_3D('',#9937,#9938,#9939);
#9937 = CARTESIAN_POINT('',(-73.3245,31.6759,-1.));
#9938 = DIRECTION('',(0.E+000,0.E+000,-1.));
#9939 = DIRECTION('',(1.,0.E+000,0.E+000));
#9940 = ORIENTED_EDGE('',*,*,#9924,.F.);
#9941 = ORIENTED_EDGE('',*,*,#9942,.F.);
#9942 = EDGE_CURVE('',#9925,#9925,#9943,.T.);
#9943 = CIRCLE('',#9944,0.243);
#9944 = AXIS2_PLACEMENT_3D('',#9945,#9946,#9947);
#9945 = CARTESIAN_POINT('',(-73.3245,31.6759,0.E+000));
#9946 = DIRECTION('',(0.E+000,0.E+000,-1.));
#9947 = DIRECTION('',(1.,0.E+000,0.E+000));
#9948 = CYLINDRICAL_SURFACE('',#9949,0.243);
#9949 = AXIS2_PLACEMENT_3D('',#9950,#9951,#9952);
#9950 = CARTESIAN_POINT('',(-73.3245,31.6759,0.E+000));
#9951 = DIRECTION('',(-0.E+000,-0.E+000,1.));
#9952 = DIRECTION('',(1.,0.E+000,0.E+000));
#9953 = ADVANCED_FACE('',(#9954),#9981,.F.);
#9954 = FACE_BOUND('',#9955,.T.);
#9955 = EDGE_LOOP('',(#9956,#9966,#9973,#9974));
#9956 = ORIENTED_EDGE('',*,*,#9957,.T.);
#9957 = EDGE_CURVE('',#9958,#9960,#9962,.T.);
#9958 = VERTEX_POINT('',#9959);
#9959 = CARTESIAN_POINT('',(-73.0815,34.9185,0.E+000));
#9960 = VERTEX_POINT('',#9961);
#9961 = CARTESIAN_POINT('',(-73.0815,34.9185,-1.));
#9962 = LINE('',#9963,#9964);
#9963 = CARTESIAN_POINT('',(-73.0815,34.9185,0.E+000));
#9964 = VECTOR('',#9965,1.);
#9965 = DIRECTION('',(0.E+000,0.E+000,-1.));
#9966 = ORIENTED_EDGE('',*,*,#9967,.T.);
#9967 = EDGE_CURVE('',#9960,#9960,#9968,.T.);
#9968 = CIRCLE('',#9969,0.243);
#9969 = AXIS2_PLACEMENT_3D('',#9970,#9971,#9972);
#9970 = CARTESIAN_POINT('',(-73.3245,34.9185,-1.));
#9971 = DIRECTION('',(0.E+000,0.E+000,-1.));
#9972 = DIRECTION('',(1.,0.E+000,0.E+000));
#9973 = ORIENTED_EDGE('',*,*,#9957,.F.);
#9974 = ORIENTED_EDGE('',*,*,#9975,.F.);
#9975 = EDGE_CURVE('',#9958,#9958,#9976,.T.);
#9976 = CIRCLE('',#9977,0.243);
#9977 = AXIS2_PLACEMENT_3D('',#9978,#9979,#9980);
#9978 = CARTESIAN_POINT('',(-73.3245,34.9185,0.E+000));
#9979 = DIRECTION('',(0.E+000,0.E+000,-1.));
#9980 = DIRECTION('',(1.,0.E+000,0.E+000));
#9981 = CYLINDRICAL_SURFACE('',#9982,0.243);
#9982 = AXIS2_PLACEMENT_3D('',#9983,#9984,#9985);
#9983 = CARTESIAN_POINT('',(-73.3245,34.9185,0.E+000));
#9984 = DIRECTION('',(-0.E+000,-0.E+000,1.));
#9985 = DIRECTION('',(1.,0.E+000,0.E+000));
#9986 = ADVANCED_FACE('',(#9987),#10014,.F.);
#9987 = FACE_BOUND('',#9988,.T.);
#9988 = EDGE_LOOP('',(#9989,#9999,#10006,#10007));
#9989 = ORIENTED_EDGE('',*,*,#9990,.T.);
#9990 = EDGE_CURVE('',#9991,#9993,#9995,.T.);
#9991 = VERTEX_POINT('',#9992);
#9992 = CARTESIAN_POINT('',(-106.82,22.153,0.E+000));
#9993 = VERTEX_POINT('',#9994);
#9994 = CARTESIAN_POINT('',(-106.82,22.153,-1.));
#9995 = LINE('',#9996,#9997);
#9996 = CARTESIAN_POINT('',(-106.82,22.153,0.E+000));
#9997 = VECTOR('',#9998,1.);
#9998 = DIRECTION('',(0.E+000,0.E+000,-1.));
#9999 = ORIENTED_EDGE('',*,*,#10000,.T.);
#10000 = EDGE_CURVE('',#9993,#9993,#10001,.T.);
#10001 = CIRCLE('',#10002,0.243);
#10002 = AXIS2_PLACEMENT_3D('',#10003,#10004,#10005);
#10003 = CARTESIAN_POINT('',(-107.063,22.153,-1.));
#10004 = DIRECTION('',(0.E+000,0.E+000,-1.));
#10005 = DIRECTION('',(1.,0.E+000,0.E+000));
#10006 = ORIENTED_EDGE('',*,*,#9990,.F.);
#10007 = ORIENTED_EDGE('',*,*,#10008,.F.);
#10008 = EDGE_CURVE('',#9991,#9991,#10009,.T.);
#10009 = CIRCLE('',#10010,0.243);
#10010 = AXIS2_PLACEMENT_3D('',#10011,#10012,#10013);
#10011 = CARTESIAN_POINT('',(-107.063,22.153,0.E+000));
#10012 = DIRECTION('',(0.E+000,0.E+000,-1.));
#10013 = DIRECTION('',(1.,0.E+000,0.E+000));
#10014 = CYLINDRICAL_SURFACE('',#10015,0.243);
#10015 = AXIS2_PLACEMENT_3D('',#10016,#10017,#10018);
#10016 = CARTESIAN_POINT('',(-107.063,22.153,0.E+000));
#10017 = DIRECTION('',(-0.E+000,-0.E+000,1.));
#10018 = DIRECTION('',(1.,0.E+000,0.E+000));
#10019 = ADVANCED_FACE('',(#10020),#10047,.F.);
#10020 = FACE_BOUND('',#10021,.T.);
#10021 = EDGE_LOOP('',(#10022,#10032,#10039,#10040));
#10022 = ORIENTED_EDGE('',*,*,#10023,.T.);
#10023 = EDGE_CURVE('',#10024,#10026,#10028,.T.);
#10024 = VERTEX_POINT('',#10025);
#10025 = CARTESIAN_POINT('',(-67.7595,-17.015,0.E+000));
#10026 = VERTEX_POINT('',#10027);
#10027 = CARTESIAN_POINT('',(-67.7595,-17.015,-1.));
#10028 = LINE('',#10029,#10030);
#10029 = CARTESIAN_POINT('',(-67.7595,-17.015,0.E+000));
#10030 = VECTOR('',#10031,1.);
#10031 = DIRECTION('',(0.E+000,0.E+000,-1.));
#10032 = ORIENTED_EDGE('',*,*,#10033,.T.);
#10033 = EDGE_CURVE('',#10026,#10026,#10034,.T.);
#10034 = CIRCLE('',#10035,0.243);
#10035 = AXIS2_PLACEMENT_3D('',#10036,#10037,#10038);
#10036 = CARTESIAN_POINT('',(-68.0025,-17.015,-1.));
#10037 = DIRECTION('',(0.E+000,0.E+000,-1.));
#10038 = DIRECTION('',(1.,0.E+000,0.E+000));
#10039 = ORIENTED_EDGE('',*,*,#10023,.F.);
#10040 = ORIENTED_EDGE('',*,*,#10041,.F.);
#10041 = EDGE_CURVE('',#10024,#10024,#10042,.T.);
#10042 = CIRCLE('',#10043,0.243);
#10043 = AXIS2_PLACEMENT_3D('',#10044,#10045,#10046);
#10044 = CARTESIAN_POINT('',(-68.0025,-17.015,0.E+000));
#10045 = DIRECTION('',(0.E+000,0.E+000,-1.));
#10046 = DIRECTION('',(1.,0.E+000,0.E+000));
#10047 = CYLINDRICAL_SURFACE('',#10048,0.243);
#10048 = AXIS2_PLACEMENT_3D('',#10049,#10050,#10051);
#10049 = CARTESIAN_POINT('',(-68.0025,-17.015,0.E+000));
#10050 = DIRECTION('',(-0.E+000,-0.E+000,1.));
#10051 = DIRECTION('',(1.,0.E+000,0.E+000));
#10052 = ADVANCED_FACE('',(#10053),#10080,.F.);
#10053 = FACE_BOUND('',#10054,.T.);
#10054 = EDGE_LOOP('',(#10055,#10065,#10072,#10073));
#10055 = ORIENTED_EDGE('',*,*,#10056,.T.);
#10056 = EDGE_CURVE('',#10057,#10059,#10061,.T.);
#10057 = VERTEX_POINT('',#10058);
#10058 = CARTESIAN_POINT('',(-101.8285999998,13.97,0.E+000));
#10059 = VERTEX_POINT('',#10060);
#10060 = CARTESIAN_POINT('',(-101.8285999998,13.97,-1.));
#10061 = LINE('',#10062,#10063);
#10062 = CARTESIAN_POINT('',(-101.8285999998,13.97,0.E+000));
#10063 = VECTOR('',#10064,1.);
#10064 = DIRECTION('',(0.E+000,0.E+000,-1.));
#10065 = ORIENTED_EDGE('',*,*,#10066,.T.);
#10066 = EDGE_CURVE('',#10059,#10059,#10067,.T.);
#10067 = CIRCLE('',#10068,0.4064);
#10068 = AXIS2_PLACEMENT_3D('',#10069,#10070,#10071);
#10069 = CARTESIAN_POINT('',(-102.2349999998,13.97,-1.));
#10070 = DIRECTION('',(0.E+000,0.E+000,-1.));
#10071 = DIRECTION('',(1.,0.E+000,0.E+000));
#10072 = ORIENTED_EDGE('',*,*,#10056,.F.);
#10073 = ORIENTED_EDGE('',*,*,#10074,.F.);
#10074 = EDGE_CURVE('',#10057,#10057,#10075,.T.);
#10075 = CIRCLE('',#10076,0.4064);
#10076 = AXIS2_PLACEMENT_3D('',#10077,#10078,#10079);
#10077 = CARTESIAN_POINT('',(-102.2349999998,13.97,0.E+000));
#10078 = DIRECTION('',(0.E+000,0.E+000,-1.));
#10079 = DIRECTION('',(1.,0.E+000,0.E+000));
#10080 = CYLINDRICAL_SURFACE('',#10081,0.4064);
#10081 = AXIS2_PLACEMENT_3D('',#10082,#10083,#10084);
#10082 = CARTESIAN_POINT('',(-102.2349999998,13.97,0.E+000));
#10083 = DIRECTION('',(-0.E+000,-0.E+000,1.));
#10084 = DIRECTION('',(1.,0.E+000,0.E+000));
#10085 = ADVANCED_FACE('',(#10086),#10113,.F.);
#10086 = FACE_BOUND('',#10087,.T.);
#10087 = EDGE_LOOP('',(#10088,#10098,#10105,#10106));
#10088 = ORIENTED_EDGE('',*,*,#10089,.T.);
#10089 = EDGE_CURVE('',#10090,#10092,#10094,.T.);
#10090 = VERTEX_POINT('',#10091);
#10091 = CARTESIAN_POINT('',(-101.8285999998,19.05,0.E+000));
#10092 = VERTEX_POINT('',#10093);
#10093 = CARTESIAN_POINT('',(-101.8285999998,19.05,-1.));
#10094 = LINE('',#10095,#10096);
#10095 = CARTESIAN_POINT('',(-101.8285999998,19.05,0.E+000));
#10096 = VECTOR('',#10097,1.);
#10097 = DIRECTION('',(0.E+000,0.E+000,-1.));
#10098 = ORIENTED_EDGE('',*,*,#10099,.T.);
#10099 = EDGE_CURVE('',#10092,#10092,#10100,.T.);
#10100 = CIRCLE('',#10101,0.4064);
#10101 = AXIS2_PLACEMENT_3D('',#10102,#10103,#10104);
#10102 = CARTESIAN_POINT('',(-102.2349999998,19.05,-1.));
#10103 = DIRECTION('',(0.E+000,0.E+000,-1.));
#10104 = DIRECTION('',(1.,0.E+000,0.E+000));
#10105 = ORIENTED_EDGE('',*,*,#10089,.F.);
#10106 = ORIENTED_EDGE('',*,*,#10107,.F.);
#10107 = EDGE_CURVE('',#10090,#10090,#10108,.T.);
#10108 = CIRCLE('',#10109,0.4064);
#10109 = AXIS2_PLACEMENT_3D('',#10110,#10111,#10112);
#10110 = CARTESIAN_POINT('',(-102.2349999998,19.05,0.E+000));
#10111 = DIRECTION('',(0.E+000,0.E+000,-1.));
#10112 = DIRECTION('',(1.,0.E+000,0.E+000));
#10113 = CYLINDRICAL_SURFACE('',#10114,0.4064);
#10114 = AXIS2_PLACEMENT_3D('',#10115,#10116,#10117);
#10115 = CARTESIAN_POINT('',(-102.2349999998,19.05,0.E+000));
#10116 = DIRECTION('',(-0.E+000,-0.E+000,1.));
#10117 = DIRECTION('',(1.,0.E+000,0.E+000));
#10118 = ADVANCED_FACE('',(#10119),#10146,.F.);
#10119 = FACE_BOUND('',#10120,.T.);
#10120 = EDGE_LOOP('',(#10121,#10131,#10138,#10139));
#10121 = ORIENTED_EDGE('',*,*,#10122,.T.);
#10122 = EDGE_CURVE('',#10123,#10125,#10127,.T.);
#10123 = VERTEX_POINT('',#10124);
#10124 = CARTESIAN_POINT('',(-66.53496666652,0.172666666667,0.E+000));
#10125 = VERTEX_POINT('',#10126);
#10126 = CARTESIAN_POINT('',(-66.53496666652,0.172666666667,-1.));
#10127 = LINE('',#10128,#10129);
#10128 = CARTESIAN_POINT('',(-66.53496666652,0.172666666667,0.E+000));
#10129 = VECTOR('',#10130,1.);
#10130 = DIRECTION('',(0.E+000,0.E+000,-1.));
#10131 = ORIENTED_EDGE('',*,*,#10132,.T.);
#10132 = EDGE_CURVE('',#10125,#10125,#10133,.T.);
#10133 = CIRCLE('',#10134,0.4064);
#10134 = AXIS2_PLACEMENT_3D('',#10135,#10136,#10137);
#10135 = CARTESIAN_POINT('',(-66.94136666652,0.172666666667,-1.));
#10136 = DIRECTION('',(0.E+000,0.E+000,-1.));
#10137 = DIRECTION('',(1.,0.E+000,0.E+000));
#10138 = ORIENTED_EDGE('',*,*,#10122,.F.);
#10139 = ORIENTED_EDGE('',*,*,#10140,.F.);
#10140 = EDGE_CURVE('',#10123,#10123,#10141,.T.);
#10141 = CIRCLE('',#10142,0.4064);
#10142 = AXIS2_PLACEMENT_3D('',#10143,#10144,#10145);
#10143 = CARTESIAN_POINT('',(-66.94136666652,0.172666666667,0.E+000));
#10144 = DIRECTION('',(0.E+000,0.E+000,-1.));
#10145 = DIRECTION('',(1.,0.E+000,0.E+000));
#10146 = CYLINDRICAL_SURFACE('',#10147,0.4064);
#10147 = AXIS2_PLACEMENT_3D('',#10148,#10149,#10150);
#10148 = CARTESIAN_POINT('',(-66.94136666652,0.172666666667,0.E+000));
#10149 = DIRECTION('',(-0.E+000,-0.E+000,1.));
#10150 = DIRECTION('',(1.,0.E+000,0.E+000));
#10151 = ADVANCED_FACE('',(#10152),#10179,.F.);
#10152 = FACE_BOUND('',#10153,.T.);
#10153 = EDGE_LOOP('',(#10154,#10164,#10171,#10172));
#10154 = ORIENTED_EDGE('',*,*,#10155,.T.);
#10155 = EDGE_CURVE('',#10156,#10158,#10160,.T.);
#10156 = VERTEX_POINT('',#10157);
#10157 = CARTESIAN_POINT('',(-66.53496666652,5.252666666667,0.E+000));
#10158 = VERTEX_POINT('',#10159);
#10159 = CARTESIAN_POINT('',(-66.53496666652,5.252666666667,-1.));
#10160 = LINE('',#10161,#10162);
#10161 = CARTESIAN_POINT('',(-66.53496666652,5.252666666667,0.E+000));
#10162 = VECTOR('',#10163,1.);
#10163 = DIRECTION('',(0.E+000,0.E+000,-1.));
#10164 = ORIENTED_EDGE('',*,*,#10165,.T.);
#10165 = EDGE_CURVE('',#10158,#10158,#10166,.T.);
#10166 = CIRCLE('',#10167,0.4064);
#10167 = AXIS2_PLACEMENT_3D('',#10168,#10169,#10170);
#10168 = CARTESIAN_POINT('',(-66.94136666652,5.252666666667,-1.));
#10169 = DIRECTION('',(0.E+000,0.E+000,-1.));
#10170 = DIRECTION('',(1.,0.E+000,0.E+000));
#10171 = ORIENTED_EDGE('',*,*,#10155,.F.);
#10172 = ORIENTED_EDGE('',*,*,#10173,.F.);
#10173 = EDGE_CURVE('',#10156,#10156,#10174,.T.);
#10174 = CIRCLE('',#10175,0.4064);
#10175 = AXIS2_PLACEMENT_3D('',#10176,#10177,#10178);
#10176 = CARTESIAN_POINT('',(-66.94136666652,5.252666666667,0.E+000));
#10177 = DIRECTION('',(0.E+000,0.E+000,-1.));
#10178 = DIRECTION('',(1.,0.E+000,0.E+000));
#10179 = CYLINDRICAL_SURFACE('',#10180,0.4064);
#10180 = AXIS2_PLACEMENT_3D('',#10181,#10182,#10183);
#10181 = CARTESIAN_POINT('',(-66.94136666652,5.252666666667,0.E+000));
#10182 = DIRECTION('',(-0.E+000,-0.E+000,1.));
#10183 = DIRECTION('',(1.,0.E+000,0.E+000));
#10184 = ADVANCED_FACE('',(#10185),#10212,.F.);
#10185 = FACE_BOUND('',#10186,.T.);
#10186 = EDGE_LOOP('',(#10187,#10197,#10204,#10205));
#10187 = ORIENTED_EDGE('',*,*,#10188,.T.);
#10188 = EDGE_CURVE('',#10189,#10191,#10193,.T.);
#10189 = VERTEX_POINT('',#10190);
#10190 = CARTESIAN_POINT('',(-50.55653333333,35.044166666667,0.E+000));
#10191 = VERTEX_POINT('',#10192);
#10192 = CARTESIAN_POINT('',(-50.55653333333,35.044166666667,-1.));
#10193 = LINE('',#10194,#10195);
#10194 = CARTESIAN_POINT('',(-50.55653333333,35.044166666667,0.E+000));
#10195 = VECTOR('',#10196,1.);
#10196 = DIRECTION('',(0.E+000,0.E+000,-1.));
#10197 = ORIENTED_EDGE('',*,*,#10198,.T.);
#10198 = EDGE_CURVE('',#10191,#10191,#10199,.T.);
#10199 = CIRCLE('',#10200,0.4064);
#10200 = AXIS2_PLACEMENT_3D('',#10201,#10202,#10203);
#10201 = CARTESIAN_POINT('',(-50.96293333333,35.044166666667,-1.));
#10202 = DIRECTION('',(0.E+000,0.E+000,-1.));
#10203 = DIRECTION('',(1.,0.E+000,0.E+000));
#10204 = ORIENTED_EDGE('',*,*,#10188,.F.);
#10205 = ORIENTED_EDGE('',*,*,#10206,.F.);
#10206 = EDGE_CURVE('',#10189,#10189,#10207,.T.);
#10207 = CIRCLE('',#10208,0.4064);
#10208 = AXIS2_PLACEMENT_3D('',#10209,#10210,#10211);
#10209 = CARTESIAN_POINT('',(-50.96293333333,35.044166666667,0.E+000));
#10210 = DIRECTION('',(0.E+000,0.E+000,-1.));
#10211 = DIRECTION('',(1.,0.E+000,0.E+000));
#10212 = CYLINDRICAL_SURFACE('',#10213,0.4064);
#10213 = AXIS2_PLACEMENT_3D('',#10214,#10215,#10216);
#10214 = CARTESIAN_POINT('',(-50.96293333333,35.044166666667,0.E+000));
#10215 = DIRECTION('',(-0.E+000,-0.E+000,1.));
#10216 = DIRECTION('',(1.,0.E+000,0.E+000));
#10217 = ADVANCED_FACE('',(#10218),#10245,.F.);
#10218 = FACE_BOUND('',#10219,.T.);
#10219 = EDGE_LOOP('',(#10220,#10230,#10237,#10238));
#10220 = ORIENTED_EDGE('',*,*,#10221,.T.);
#10221 = EDGE_CURVE('',#10222,#10224,#10226,.T.);
#10222 = VERTEX_POINT('',#10223);
#10223 = CARTESIAN_POINT('',(-55.63653333333,35.044166666667,0.E+000));
#10224 = VERTEX_POINT('',#10225);
#10225 = CARTESIAN_POINT('',(-55.63653333333,35.044166666667,-1.));
#10226 = LINE('',#10227,#10228);
#10227 = CARTESIAN_POINT('',(-55.63653333333,35.044166666667,0.E+000));
#10228 = VECTOR('',#10229,1.);
#10229 = DIRECTION('',(0.E+000,0.E+000,-1.));
#10230 = ORIENTED_EDGE('',*,*,#10231,.T.);
#10231 = EDGE_CURVE('',#10224,#10224,#10232,.T.);
#10232 = CIRCLE('',#10233,0.4064);
#10233 = AXIS2_PLACEMENT_3D('',#10234,#10235,#10236);
#10234 = CARTESIAN_POINT('',(-56.04293333333,35.044166666667,-1.));
#10235 = DIRECTION('',(0.E+000,0.E+000,-1.));
#10236 = DIRECTION('',(1.,0.E+000,0.E+000));
#10237 = ORIENTED_EDGE('',*,*,#10221,.F.);
#10238 = ORIENTED_EDGE('',*,*,#10239,.F.);
#10239 = EDGE_CURVE('',#10222,#10222,#10240,.T.);
#10240 = CIRCLE('',#10241,0.4064);
#10241 = AXIS2_PLACEMENT_3D('',#10242,#10243,#10244);
#10242 = CARTESIAN_POINT('',(-56.04293333333,35.044166666667,0.E+000));
#10243 = DIRECTION('',(0.E+000,0.E+000,-1.));
#10244 = DIRECTION('',(1.,0.E+000,0.E+000));
#10245 = CYLINDRICAL_SURFACE('',#10246,0.4064);
#10246 = AXIS2_PLACEMENT_3D('',#10247,#10248,#10249);
#10247 = CARTESIAN_POINT('',(-56.04293333333,35.044166666667,0.E+000));
#10248 = DIRECTION('',(-0.E+000,-0.E+000,1.));
#10249 = DIRECTION('',(1.,0.E+000,0.E+000));
#10250 = ADVANCED_FACE('',(#10251),#10278,.F.);
#10251 = FACE_BOUND('',#10252,.T.);
#10252 = EDGE_LOOP('',(#10253,#10263,#10270,#10271));
#10253 = ORIENTED_EDGE('',*,*,#10254,.T.);
#10254 = EDGE_CURVE('',#10255,#10257,#10259,.T.);
#10255 = VERTEX_POINT('',#10256);
#10256 = CARTESIAN_POINT('',(-108.4961,40.005,0.E+000));
#10257 = VERTEX_POINT('',#10258);
#10258 = CARTESIAN_POINT('',(-108.4961,40.005,-1.));
#10259 = LINE('',#10260,#10261);
#10260 = CARTESIAN_POINT('',(-108.4961,40.005,0.E+000));
#10261 = VECTOR('',#10262,1.);
#10262 = DIRECTION('',(0.E+000,0.E+000,-1.));
#10263 = ORIENTED_EDGE('',*,*,#10264,.T.);
#10264 = EDGE_CURVE('',#10257,#10257,#10265,.T.);
#10265 = CIRCLE('',#10266,0.4064);
#10266 = AXIS2_PLACEMENT_3D('',#10267,#10268,#10269);
#10267 = CARTESIAN_POINT('',(-108.9025,40.005,-1.));
#10268 = DIRECTION('',(0.E+000,0.E+000,-1.));
#10269 = DIRECTION('',(1.,0.E+000,0.E+000));
#10270 = ORIENTED_EDGE('',*,*,#10254,.F.);
#10271 = ORIENTED_EDGE('',*,*,#10272,.F.);
#10272 = EDGE_CURVE('',#10255,#10255,#10273,.T.);
#10273 = CIRCLE('',#10274,0.4064);
#10274 = AXIS2_PLACEMENT_3D('',#10275,#10276,#10277);
#10275 = CARTESIAN_POINT('',(-108.9025,40.005,0.E+000));
#10276 = DIRECTION('',(0.E+000,0.E+000,-1.));
#10277 = DIRECTION('',(1.,0.E+000,0.E+000));
#10278 = CYLINDRICAL_SURFACE('',#10279,0.4064);
#10279 = AXIS2_PLACEMENT_3D('',#10280,#10281,#10282);
#10280 = CARTESIAN_POINT('',(-108.9025,40.005,0.E+000));
#10281 = DIRECTION('',(-0.E+000,-0.E+000,1.));
#10282 = DIRECTION('',(1.,0.E+000,0.E+000));
#10283 = ADVANCED_FACE('',(#10284),#10311,.F.);
#10284 = FACE_BOUND('',#10285,.T.);
#10285 = EDGE_LOOP('',(#10286,#10296,#10303,#10304));
#10286 = ORIENTED_EDGE('',*,*,#10287,.T.);
#10287 = EDGE_CURVE('',#10288,#10290,#10292,.T.);
#10288 = VERTEX_POINT('',#10289);
#10289 = CARTESIAN_POINT('',(-113.5761,40.005,0.E+000));
#10290 = VERTEX_POINT('',#10291);
#10291 = CARTESIAN_POINT('',(-113.5761,40.005,-1.));
#10292 = LINE('',#10293,#10294);
#10293 = CARTESIAN_POINT('',(-113.5761,40.005,0.E+000));
#10294 = VECTOR('',#10295,1.);
#10295 = DIRECTION('',(0.E+000,0.E+000,-1.));
#10296 = ORIENTED_EDGE('',*,*,#10297,.T.);
#10297 = EDGE_CURVE('',#10290,#10290,#10298,.T.);
#10298 = CIRCLE('',#10299,0.4064);
#10299 = AXIS2_PLACEMENT_3D('',#10300,#10301,#10302);
#10300 = CARTESIAN_POINT('',(-113.9825,40.005,-1.));
#10301 = DIRECTION('',(0.E+000,0.E+000,-1.));
#10302 = DIRECTION('',(1.,0.E+000,0.E+000));
#10303 = ORIENTED_EDGE('',*,*,#10287,.F.);
#10304 = ORIENTED_EDGE('',*,*,#10305,.F.);
#10305 = EDGE_CURVE('',#10288,#10288,#10306,.T.);
#10306 = CIRCLE('',#10307,0.4064);
#10307 = AXIS2_PLACEMENT_3D('',#10308,#10309,#10310);
#10308 = CARTESIAN_POINT('',(-113.9825,40.005,0.E+000));
#10309 = DIRECTION('',(0.E+000,0.E+000,-1.));
#10310 = DIRECTION('',(1.,0.E+000,0.E+000));
#10311 = CYLINDRICAL_SURFACE('',#10312,0.4064);
#10312 = AXIS2_PLACEMENT_3D('',#10313,#10314,#10315);
#10313 = CARTESIAN_POINT('',(-113.9825,40.005,0.E+000));
#10314 = DIRECTION('',(-0.E+000,-0.E+000,1.));
#10315 = DIRECTION('',(1.,0.E+000,0.E+000));
#10316 = ADVANCED_FACE('',(#10317,#10323,#10326,#10329,#10332,#10335,
    #10338,#10341,#10344,#10347,#10350,#10353,#10356,#10359,#10362,
    #10365,#10368,#10371,#10374,#10377,#10380,#10383,#10386,#10389,
    #10392,#10395,#10398,#10401,#10404,#10407,#10410,#10413,#10416,
    #10419,#10422,#10425,#10428,#10431,#10434,#10437,#10440,#10443,
    #10446,#10449,#10452,#10455,#10458,#10461,#10464,#10467,#10470,
    #10473,#10476,#10479,#10482,#10485,#10488,#10491,#10494,#10497,
    #10500,#10503,#10506,#10509,#10512,#10515,#10518,#10521,#10524,
    #10527,#10530,#10533,#10536,#10539,#10542,#10545,#10548,#10551,
    #10554,#10557,#10560,#10563,#10566,#10569,#10572,#10575,#10578,
    #10581,#10584,#10587,#10590,#10593,#10596,#10599,#10602,#10605,
    #10608,#10611,#10614,#10617,#10620,#10623,#10626,#10629,#10632,
    #10635,#10638,#10641,#10644,#10647,#10650,#10653,#10656,#10659,
    #10662,#10665,#10668,#10671,#10674,#10677,#10680,#10683,#10686,
    #10689,#10692,#10695,#10698,#10701,#10704,#10707,#10710,#10713,
    #10716,#10719,#10722,#10725,#10728,#10731,#10734,#10737,#10740,
    #10743,#10746,#10749,#10752,#10755,#10758,#10761,#10764,#10767,
    #10770,#10773,#10776,#10779,#10782,#10785,#10788,#10791,#10794,
    #10797,#10800,#10803,#10806,#10809,#10812,#10815,#10818,#10821,
    #10824,#10827,#10830,#10833,#10836,#10839,#10842,#10845,#10848,
    #10851,#10854,#10857,#10860,#10863,#10866,#10869,#10872,#10875,
    #10878,#10881,#10884,#10887,#10890,#10893,#10896,#10899,#10902,
    #10905,#10908,#10911,#10914,#10917,#10920,#10923,#10926,#10929,
    #10932,#10935,#10938,#10941,#10944,#10947,#10950,#10953,#10956,
    #10959,#10962,#10965,#10968,#10971,#10974,#10977,#10980,#10983,
    #10986,#10989,#10992,#10995,#10998,#11001,#11004,#11007,#11010,
    #11013,#11016,#11019,#11022,#11025,#11028,#11031,#11034,#11037,
    #11040,#11043,#11046,#11049,#11052,#11055,#11058,#11061,#11064,
    #11067,#11070,#11073,#11076,#11079,#11082,#11085,#11088,#11091,
    #11094,#11097,#11100,#11103,#11106,#11109,#11112,#11115,#11118,
    #11121,#11124,#11127,#11130,#11133,#11136,#11139,#11142,#11145,
    #11148,#11151,#11154,#11157,#11160,#11163,#11166,#11169,#11172,
    #11175,#11178,#11181,#11184,#11187,#11190,#11193,#11196,#11199,
    #11202,#11205,#11208,#11211,#11214,#11217,#11220,#11223,#11226,
    #11229,#11232,#11235,#11238,#11241,#11244),#11247,.F.);
#10317 = FACE_BOUND('',#10318,.T.);
#10318 = EDGE_LOOP('',(#10319,#10320,#10321,#10322));
#10319 = ORIENTED_EDGE('',*,*,#58,.T.);
#10320 = ORIENTED_EDGE('',*,*,#89,.T.);
#10321 = ORIENTED_EDGE('',*,*,#120,.T.);
#10322 = ORIENTED_EDGE('',*,*,#142,.T.);
#10323 = FACE_BOUND('',#10324,.T.);
#10324 = EDGE_LOOP('',(#10325));
#10325 = ORIENTED_EDGE('',*,*,#174,.T.);
#10326 = FACE_BOUND('',#10327,.T.);
#10327 = EDGE_LOOP('',(#10328));
#10328 = ORIENTED_EDGE('',*,*,#207,.T.);
#10329 = FACE_BOUND('',#10330,.T.);
#10330 = EDGE_LOOP('',(#10331));
#10331 = ORIENTED_EDGE('',*,*,#240,.T.);
#10332 = FACE_BOUND('',#10333,.T.);
#10333 = EDGE_LOOP('',(#10334));
#10334 = ORIENTED_EDGE('',*,*,#273,.T.);
#10335 = FACE_BOUND('',#10336,.T.);
#10336 = EDGE_LOOP('',(#10337));
#10337 = ORIENTED_EDGE('',*,*,#306,.T.);
#10338 = FACE_BOUND('',#10339,.T.);
#10339 = EDGE_LOOP('',(#10340));
#10340 = ORIENTED_EDGE('',*,*,#339,.T.);
#10341 = FACE_BOUND('',#10342,.T.);
#10342 = EDGE_LOOP('',(#10343));
#10343 = ORIENTED_EDGE('',*,*,#372,.T.);
#10344 = FACE_BOUND('',#10345,.T.);
#10345 = EDGE_LOOP('',(#10346));
#10346 = ORIENTED_EDGE('',*,*,#405,.T.);
#10347 = FACE_BOUND('',#10348,.T.);
#10348 = EDGE_LOOP('',(#10349));
#10349 = ORIENTED_EDGE('',*,*,#438,.T.);
#10350 = FACE_BOUND('',#10351,.T.);
#10351 = EDGE_LOOP('',(#10352));
#10352 = ORIENTED_EDGE('',*,*,#471,.T.);
#10353 = FACE_BOUND('',#10354,.T.);
#10354 = EDGE_LOOP('',(#10355));
#10355 = ORIENTED_EDGE('',*,*,#504,.T.);
#10356 = FACE_BOUND('',#10357,.T.);
#10357 = EDGE_LOOP('',(#10358));
#10358 = ORIENTED_EDGE('',*,*,#537,.T.);
#10359 = FACE_BOUND('',#10360,.T.);
#10360 = EDGE_LOOP('',(#10361));
#10361 = ORIENTED_EDGE('',*,*,#570,.T.);
#10362 = FACE_BOUND('',#10363,.T.);
#10363 = EDGE_LOOP('',(#10364));
#10364 = ORIENTED_EDGE('',*,*,#603,.T.);
#10365 = FACE_BOUND('',#10366,.T.);
#10366 = EDGE_LOOP('',(#10367));
#10367 = ORIENTED_EDGE('',*,*,#636,.T.);
#10368 = FACE_BOUND('',#10369,.T.);
#10369 = EDGE_LOOP('',(#10370));
#10370 = ORIENTED_EDGE('',*,*,#669,.T.);
#10371 = FACE_BOUND('',#10372,.T.);
#10372 = EDGE_LOOP('',(#10373));
#10373 = ORIENTED_EDGE('',*,*,#702,.T.);
#10374 = FACE_BOUND('',#10375,.T.);
#10375 = EDGE_LOOP('',(#10376));
#10376 = ORIENTED_EDGE('',*,*,#735,.T.);
#10377 = FACE_BOUND('',#10378,.T.);
#10378 = EDGE_LOOP('',(#10379));
#10379 = ORIENTED_EDGE('',*,*,#768,.T.);
#10380 = FACE_BOUND('',#10381,.T.);
#10381 = EDGE_LOOP('',(#10382));
#10382 = ORIENTED_EDGE('',*,*,#801,.T.);
#10383 = FACE_BOUND('',#10384,.T.);
#10384 = EDGE_LOOP('',(#10385));
#10385 = ORIENTED_EDGE('',*,*,#834,.T.);
#10386 = FACE_BOUND('',#10387,.T.);
#10387 = EDGE_LOOP('',(#10388));
#10388 = ORIENTED_EDGE('',*,*,#867,.T.);
#10389 = FACE_BOUND('',#10390,.T.);
#10390 = EDGE_LOOP('',(#10391));
#10391 = ORIENTED_EDGE('',*,*,#900,.T.);
#10392 = FACE_BOUND('',#10393,.T.);
#10393 = EDGE_LOOP('',(#10394));
#10394 = ORIENTED_EDGE('',*,*,#933,.T.);
#10395 = FACE_BOUND('',#10396,.T.);
#10396 = EDGE_LOOP('',(#10397));
#10397 = ORIENTED_EDGE('',*,*,#966,.T.);
#10398 = FACE_BOUND('',#10399,.T.);
#10399 = EDGE_LOOP('',(#10400));
#10400 = ORIENTED_EDGE('',*,*,#999,.T.);
#10401 = FACE_BOUND('',#10402,.T.);
#10402 = EDGE_LOOP('',(#10403));
#10403 = ORIENTED_EDGE('',*,*,#1032,.T.);
#10404 = FACE_BOUND('',#10405,.T.);
#10405 = EDGE_LOOP('',(#10406));
#10406 = ORIENTED_EDGE('',*,*,#1065,.T.);
#10407 = FACE_BOUND('',#10408,.T.);
#10408 = EDGE_LOOP('',(#10409));
#10409 = ORIENTED_EDGE('',*,*,#1098,.T.);
#10410 = FACE_BOUND('',#10411,.T.);
#10411 = EDGE_LOOP('',(#10412));
#10412 = ORIENTED_EDGE('',*,*,#1131,.T.);
#10413 = FACE_BOUND('',#10414,.T.);
#10414 = EDGE_LOOP('',(#10415));
#10415 = ORIENTED_EDGE('',*,*,#1164,.T.);
#10416 = FACE_BOUND('',#10417,.T.);
#10417 = EDGE_LOOP('',(#10418));
#10418 = ORIENTED_EDGE('',*,*,#1197,.T.);
#10419 = FACE_BOUND('',#10420,.T.);
#10420 = EDGE_LOOP('',(#10421));
#10421 = ORIENTED_EDGE('',*,*,#1230,.T.);
#10422 = FACE_BOUND('',#10423,.T.);
#10423 = EDGE_LOOP('',(#10424));
#10424 = ORIENTED_EDGE('',*,*,#1263,.T.);
#10425 = FACE_BOUND('',#10426,.T.);
#10426 = EDGE_LOOP('',(#10427));
#10427 = ORIENTED_EDGE('',*,*,#1296,.T.);
#10428 = FACE_BOUND('',#10429,.T.);
#10429 = EDGE_LOOP('',(#10430));
#10430 = ORIENTED_EDGE('',*,*,#1329,.T.);
#10431 = FACE_BOUND('',#10432,.T.);
#10432 = EDGE_LOOP('',(#10433));
#10433 = ORIENTED_EDGE('',*,*,#1362,.T.);
#10434 = FACE_BOUND('',#10435,.T.);
#10435 = EDGE_LOOP('',(#10436));
#10436 = ORIENTED_EDGE('',*,*,#1395,.T.);
#10437 = FACE_BOUND('',#10438,.T.);
#10438 = EDGE_LOOP('',(#10439));
#10439 = ORIENTED_EDGE('',*,*,#1428,.T.);
#10440 = FACE_BOUND('',#10441,.T.);
#10441 = EDGE_LOOP('',(#10442));
#10442 = ORIENTED_EDGE('',*,*,#1461,.T.);
#10443 = FACE_BOUND('',#10444,.T.);
#10444 = EDGE_LOOP('',(#10445));
#10445 = ORIENTED_EDGE('',*,*,#1494,.T.);
#10446 = FACE_BOUND('',#10447,.T.);
#10447 = EDGE_LOOP('',(#10448));
#10448 = ORIENTED_EDGE('',*,*,#1527,.T.);
#10449 = FACE_BOUND('',#10450,.T.);
#10450 = EDGE_LOOP('',(#10451));
#10451 = ORIENTED_EDGE('',*,*,#1560,.T.);
#10452 = FACE_BOUND('',#10453,.T.);
#10453 = EDGE_LOOP('',(#10454));
#10454 = ORIENTED_EDGE('',*,*,#1593,.T.);
#10455 = FACE_BOUND('',#10456,.T.);
#10456 = EDGE_LOOP('',(#10457));
#10457 = ORIENTED_EDGE('',*,*,#1626,.T.);
#10458 = FACE_BOUND('',#10459,.T.);
#10459 = EDGE_LOOP('',(#10460));
#10460 = ORIENTED_EDGE('',*,*,#1659,.T.);
#10461 = FACE_BOUND('',#10462,.T.);
#10462 = EDGE_LOOP('',(#10463));
#10463 = ORIENTED_EDGE('',*,*,#1692,.T.);
#10464 = FACE_BOUND('',#10465,.T.);
#10465 = EDGE_LOOP('',(#10466));
#10466 = ORIENTED_EDGE('',*,*,#1725,.T.);
#10467 = FACE_BOUND('',#10468,.T.);
#10468 = EDGE_LOOP('',(#10469));
#10469 = ORIENTED_EDGE('',*,*,#1758,.T.);
#10470 = FACE_BOUND('',#10471,.T.);
#10471 = EDGE_LOOP('',(#10472));
#10472 = ORIENTED_EDGE('',*,*,#1791,.T.);
#10473 = FACE_BOUND('',#10474,.T.);
#10474 = EDGE_LOOP('',(#10475));
#10475 = ORIENTED_EDGE('',*,*,#1824,.T.);
#10476 = FACE_BOUND('',#10477,.T.);
#10477 = EDGE_LOOP('',(#10478));
#10478 = ORIENTED_EDGE('',*,*,#1857,.T.);
#10479 = FACE_BOUND('',#10480,.T.);
#10480 = EDGE_LOOP('',(#10481));
#10481 = ORIENTED_EDGE('',*,*,#1890,.T.);
#10482 = FACE_BOUND('',#10483,.T.);
#10483 = EDGE_LOOP('',(#10484));
#10484 = ORIENTED_EDGE('',*,*,#1923,.T.);
#10485 = FACE_BOUND('',#10486,.T.);
#10486 = EDGE_LOOP('',(#10487));
#10487 = ORIENTED_EDGE('',*,*,#1956,.T.);
#10488 = FACE_BOUND('',#10489,.T.);
#10489 = EDGE_LOOP('',(#10490));
#10490 = ORIENTED_EDGE('',*,*,#1989,.T.);
#10491 = FACE_BOUND('',#10492,.T.);
#10492 = EDGE_LOOP('',(#10493));
#10493 = ORIENTED_EDGE('',*,*,#2022,.T.);
#10494 = FACE_BOUND('',#10495,.T.);
#10495 = EDGE_LOOP('',(#10496));
#10496 = ORIENTED_EDGE('',*,*,#2055,.T.);
#10497 = FACE_BOUND('',#10498,.T.);
#10498 = EDGE_LOOP('',(#10499));
#10499 = ORIENTED_EDGE('',*,*,#2088,.T.);
#10500 = FACE_BOUND('',#10501,.T.);
#10501 = EDGE_LOOP('',(#10502));
#10502 = ORIENTED_EDGE('',*,*,#2121,.T.);
#10503 = FACE_BOUND('',#10504,.T.);
#10504 = EDGE_LOOP('',(#10505));
#10505 = ORIENTED_EDGE('',*,*,#2154,.T.);
#10506 = FACE_BOUND('',#10507,.T.);
#10507 = EDGE_LOOP('',(#10508));
#10508 = ORIENTED_EDGE('',*,*,#2187,.T.);
#10509 = FACE_BOUND('',#10510,.T.);
#10510 = EDGE_LOOP('',(#10511));
#10511 = ORIENTED_EDGE('',*,*,#2220,.T.);
#10512 = FACE_BOUND('',#10513,.T.);
#10513 = EDGE_LOOP('',(#10514));
#10514 = ORIENTED_EDGE('',*,*,#2253,.T.);
#10515 = FACE_BOUND('',#10516,.T.);
#10516 = EDGE_LOOP('',(#10517));
#10517 = ORIENTED_EDGE('',*,*,#2286,.T.);
#10518 = FACE_BOUND('',#10519,.T.);
#10519 = EDGE_LOOP('',(#10520));
#10520 = ORIENTED_EDGE('',*,*,#2319,.T.);
#10521 = FACE_BOUND('',#10522,.T.);
#10522 = EDGE_LOOP('',(#10523));
#10523 = ORIENTED_EDGE('',*,*,#2352,.T.);
#10524 = FACE_BOUND('',#10525,.T.);
#10525 = EDGE_LOOP('',(#10526));
#10526 = ORIENTED_EDGE('',*,*,#2385,.T.);
#10527 = FACE_BOUND('',#10528,.T.);
#10528 = EDGE_LOOP('',(#10529));
#10529 = ORIENTED_EDGE('',*,*,#2418,.T.);
#10530 = FACE_BOUND('',#10531,.T.);
#10531 = EDGE_LOOP('',(#10532));
#10532 = ORIENTED_EDGE('',*,*,#2451,.T.);
#10533 = FACE_BOUND('',#10534,.T.);
#10534 = EDGE_LOOP('',(#10535));
#10535 = ORIENTED_EDGE('',*,*,#2484,.T.);
#10536 = FACE_BOUND('',#10537,.T.);
#10537 = EDGE_LOOP('',(#10538));
#10538 = ORIENTED_EDGE('',*,*,#2517,.T.);
#10539 = FACE_BOUND('',#10540,.T.);
#10540 = EDGE_LOOP('',(#10541));
#10541 = ORIENTED_EDGE('',*,*,#2550,.T.);
#10542 = FACE_BOUND('',#10543,.T.);
#10543 = EDGE_LOOP('',(#10544));
#10544 = ORIENTED_EDGE('',*,*,#2583,.T.);
#10545 = FACE_BOUND('',#10546,.T.);
#10546 = EDGE_LOOP('',(#10547));
#10547 = ORIENTED_EDGE('',*,*,#2616,.T.);
#10548 = FACE_BOUND('',#10549,.T.);
#10549 = EDGE_LOOP('',(#10550));
#10550 = ORIENTED_EDGE('',*,*,#2649,.T.);
#10551 = FACE_BOUND('',#10552,.T.);
#10552 = EDGE_LOOP('',(#10553));
#10553 = ORIENTED_EDGE('',*,*,#2682,.T.);
#10554 = FACE_BOUND('',#10555,.T.);
#10555 = EDGE_LOOP('',(#10556));
#10556 = ORIENTED_EDGE('',*,*,#2715,.T.);
#10557 = FACE_BOUND('',#10558,.T.);
#10558 = EDGE_LOOP('',(#10559));
#10559 = ORIENTED_EDGE('',*,*,#2748,.T.);
#10560 = FACE_BOUND('',#10561,.T.);
#10561 = EDGE_LOOP('',(#10562));
#10562 = ORIENTED_EDGE('',*,*,#2781,.T.);
#10563 = FACE_BOUND('',#10564,.T.);
#10564 = EDGE_LOOP('',(#10565));
#10565 = ORIENTED_EDGE('',*,*,#2814,.T.);
#10566 = FACE_BOUND('',#10567,.T.);
#10567 = EDGE_LOOP('',(#10568));
#10568 = ORIENTED_EDGE('',*,*,#2847,.T.);
#10569 = FACE_BOUND('',#10570,.T.);
#10570 = EDGE_LOOP('',(#10571));
#10571 = ORIENTED_EDGE('',*,*,#2880,.T.);
#10572 = FACE_BOUND('',#10573,.T.);
#10573 = EDGE_LOOP('',(#10574));
#10574 = ORIENTED_EDGE('',*,*,#2913,.T.);
#10575 = FACE_BOUND('',#10576,.T.);
#10576 = EDGE_LOOP('',(#10577));
#10577 = ORIENTED_EDGE('',*,*,#2946,.T.);
#10578 = FACE_BOUND('',#10579,.T.);
#10579 = EDGE_LOOP('',(#10580));
#10580 = ORIENTED_EDGE('',*,*,#2979,.T.);
#10581 = FACE_BOUND('',#10582,.T.);
#10582 = EDGE_LOOP('',(#10583));
#10583 = ORIENTED_EDGE('',*,*,#3012,.T.);
#10584 = FACE_BOUND('',#10585,.T.);
#10585 = EDGE_LOOP('',(#10586));
#10586 = ORIENTED_EDGE('',*,*,#3045,.T.);
#10587 = FACE_BOUND('',#10588,.T.);
#10588 = EDGE_LOOP('',(#10589));
#10589 = ORIENTED_EDGE('',*,*,#3078,.T.);
#10590 = FACE_BOUND('',#10591,.T.);
#10591 = EDGE_LOOP('',(#10592));
#10592 = ORIENTED_EDGE('',*,*,#3111,.T.);
#10593 = FACE_BOUND('',#10594,.T.);
#10594 = EDGE_LOOP('',(#10595));
#10595 = ORIENTED_EDGE('',*,*,#3144,.T.);
#10596 = FACE_BOUND('',#10597,.T.);
#10597 = EDGE_LOOP('',(#10598));
#10598 = ORIENTED_EDGE('',*,*,#3177,.T.);
#10599 = FACE_BOUND('',#10600,.T.);
#10600 = EDGE_LOOP('',(#10601));
#10601 = ORIENTED_EDGE('',*,*,#3210,.T.);
#10602 = FACE_BOUND('',#10603,.T.);
#10603 = EDGE_LOOP('',(#10604));
#10604 = ORIENTED_EDGE('',*,*,#3243,.T.);
#10605 = FACE_BOUND('',#10606,.T.);
#10606 = EDGE_LOOP('',(#10607));
#10607 = ORIENTED_EDGE('',*,*,#3276,.T.);
#10608 = FACE_BOUND('',#10609,.T.);
#10609 = EDGE_LOOP('',(#10610));
#10610 = ORIENTED_EDGE('',*,*,#3309,.T.);
#10611 = FACE_BOUND('',#10612,.T.);
#10612 = EDGE_LOOP('',(#10613));
#10613 = ORIENTED_EDGE('',*,*,#3342,.T.);
#10614 = FACE_BOUND('',#10615,.T.);
#10615 = EDGE_LOOP('',(#10616));
#10616 = ORIENTED_EDGE('',*,*,#3375,.T.);
#10617 = FACE_BOUND('',#10618,.T.);
#10618 = EDGE_LOOP('',(#10619));
#10619 = ORIENTED_EDGE('',*,*,#3408,.T.);
#10620 = FACE_BOUND('',#10621,.T.);
#10621 = EDGE_LOOP('',(#10622));
#10622 = ORIENTED_EDGE('',*,*,#3441,.T.);
#10623 = FACE_BOUND('',#10624,.T.);
#10624 = EDGE_LOOP('',(#10625));
#10625 = ORIENTED_EDGE('',*,*,#3474,.T.);
#10626 = FACE_BOUND('',#10627,.T.);
#10627 = EDGE_LOOP('',(#10628));
#10628 = ORIENTED_EDGE('',*,*,#3507,.T.);
#10629 = FACE_BOUND('',#10630,.T.);
#10630 = EDGE_LOOP('',(#10631));
#10631 = ORIENTED_EDGE('',*,*,#3540,.T.);
#10632 = FACE_BOUND('',#10633,.T.);
#10633 = EDGE_LOOP('',(#10634));
#10634 = ORIENTED_EDGE('',*,*,#3573,.T.);
#10635 = FACE_BOUND('',#10636,.T.);
#10636 = EDGE_LOOP('',(#10637));
#10637 = ORIENTED_EDGE('',*,*,#3606,.T.);
#10638 = FACE_BOUND('',#10639,.T.);
#10639 = EDGE_LOOP('',(#10640));
#10640 = ORIENTED_EDGE('',*,*,#3639,.T.);
#10641 = FACE_BOUND('',#10642,.T.);
#10642 = EDGE_LOOP('',(#10643));
#10643 = ORIENTED_EDGE('',*,*,#3672,.T.);
#10644 = FACE_BOUND('',#10645,.T.);
#10645 = EDGE_LOOP('',(#10646));
#10646 = ORIENTED_EDGE('',*,*,#3705,.T.);
#10647 = FACE_BOUND('',#10648,.T.);
#10648 = EDGE_LOOP('',(#10649));
#10649 = ORIENTED_EDGE('',*,*,#3738,.T.);
#10650 = FACE_BOUND('',#10651,.T.);
#10651 = EDGE_LOOP('',(#10652));
#10652 = ORIENTED_EDGE('',*,*,#3771,.T.);
#10653 = FACE_BOUND('',#10654,.T.);
#10654 = EDGE_LOOP('',(#10655));
#10655 = ORIENTED_EDGE('',*,*,#3804,.T.);
#10656 = FACE_BOUND('',#10657,.T.);
#10657 = EDGE_LOOP('',(#10658));
#10658 = ORIENTED_EDGE('',*,*,#3837,.T.);
#10659 = FACE_BOUND('',#10660,.T.);
#10660 = EDGE_LOOP('',(#10661));
#10661 = ORIENTED_EDGE('',*,*,#3870,.T.);
#10662 = FACE_BOUND('',#10663,.T.);
#10663 = EDGE_LOOP('',(#10664));
#10664 = ORIENTED_EDGE('',*,*,#3903,.T.);
#10665 = FACE_BOUND('',#10666,.T.);
#10666 = EDGE_LOOP('',(#10667));
#10667 = ORIENTED_EDGE('',*,*,#3936,.T.);
#10668 = FACE_BOUND('',#10669,.T.);
#10669 = EDGE_LOOP('',(#10670));
#10670 = ORIENTED_EDGE('',*,*,#3969,.T.);
#10671 = FACE_BOUND('',#10672,.T.);
#10672 = EDGE_LOOP('',(#10673));
#10673 = ORIENTED_EDGE('',*,*,#4002,.T.);
#10674 = FACE_BOUND('',#10675,.T.);
#10675 = EDGE_LOOP('',(#10676));
#10676 = ORIENTED_EDGE('',*,*,#4035,.T.);
#10677 = FACE_BOUND('',#10678,.T.);
#10678 = EDGE_LOOP('',(#10679));
#10679 = ORIENTED_EDGE('',*,*,#4068,.T.);
#10680 = FACE_BOUND('',#10681,.T.);
#10681 = EDGE_LOOP('',(#10682));
#10682 = ORIENTED_EDGE('',*,*,#4101,.T.);
#10683 = FACE_BOUND('',#10684,.T.);
#10684 = EDGE_LOOP('',(#10685));
#10685 = ORIENTED_EDGE('',*,*,#4134,.T.);
#10686 = FACE_BOUND('',#10687,.T.);
#10687 = EDGE_LOOP('',(#10688));
#10688 = ORIENTED_EDGE('',*,*,#4167,.T.);
#10689 = FACE_BOUND('',#10690,.T.);
#10690 = EDGE_LOOP('',(#10691));
#10691 = ORIENTED_EDGE('',*,*,#4200,.T.);
#10692 = FACE_BOUND('',#10693,.T.);
#10693 = EDGE_LOOP('',(#10694));
#10694 = ORIENTED_EDGE('',*,*,#4233,.T.);
#10695 = FACE_BOUND('',#10696,.T.);
#10696 = EDGE_LOOP('',(#10697));
#10697 = ORIENTED_EDGE('',*,*,#4266,.T.);
#10698 = FACE_BOUND('',#10699,.T.);
#10699 = EDGE_LOOP('',(#10700));
#10700 = ORIENTED_EDGE('',*,*,#4299,.T.);
#10701 = FACE_BOUND('',#10702,.T.);
#10702 = EDGE_LOOP('',(#10703));
#10703 = ORIENTED_EDGE('',*,*,#4332,.T.);
#10704 = FACE_BOUND('',#10705,.T.);
#10705 = EDGE_LOOP('',(#10706));
#10706 = ORIENTED_EDGE('',*,*,#4365,.T.);
#10707 = FACE_BOUND('',#10708,.T.);
#10708 = EDGE_LOOP('',(#10709));
#10709 = ORIENTED_EDGE('',*,*,#4398,.T.);
#10710 = FACE_BOUND('',#10711,.T.);
#10711 = EDGE_LOOP('',(#10712));
#10712 = ORIENTED_EDGE('',*,*,#4431,.T.);
#10713 = FACE_BOUND('',#10714,.T.);
#10714 = EDGE_LOOP('',(#10715));
#10715 = ORIENTED_EDGE('',*,*,#4464,.T.);
#10716 = FACE_BOUND('',#10717,.T.);
#10717 = EDGE_LOOP('',(#10718));
#10718 = ORIENTED_EDGE('',*,*,#4497,.T.);
#10719 = FACE_BOUND('',#10720,.T.);
#10720 = EDGE_LOOP('',(#10721));
#10721 = ORIENTED_EDGE('',*,*,#4530,.T.);
#10722 = FACE_BOUND('',#10723,.T.);
#10723 = EDGE_LOOP('',(#10724));
#10724 = ORIENTED_EDGE('',*,*,#4563,.T.);
#10725 = FACE_BOUND('',#10726,.T.);
#10726 = EDGE_LOOP('',(#10727));
#10727 = ORIENTED_EDGE('',*,*,#4596,.T.);
#10728 = FACE_BOUND('',#10729,.T.);
#10729 = EDGE_LOOP('',(#10730));
#10730 = ORIENTED_EDGE('',*,*,#4629,.T.);
#10731 = FACE_BOUND('',#10732,.T.);
#10732 = EDGE_LOOP('',(#10733));
#10733 = ORIENTED_EDGE('',*,*,#4662,.T.);
#10734 = FACE_BOUND('',#10735,.T.);
#10735 = EDGE_LOOP('',(#10736));
#10736 = ORIENTED_EDGE('',*,*,#4695,.T.);
#10737 = FACE_BOUND('',#10738,.T.);
#10738 = EDGE_LOOP('',(#10739));
#10739 = ORIENTED_EDGE('',*,*,#4728,.T.);
#10740 = FACE_BOUND('',#10741,.T.);
#10741 = EDGE_LOOP('',(#10742));
#10742 = ORIENTED_EDGE('',*,*,#4761,.T.);
#10743 = FACE_BOUND('',#10744,.T.);
#10744 = EDGE_LOOP('',(#10745));
#10745 = ORIENTED_EDGE('',*,*,#4794,.T.);
#10746 = FACE_BOUND('',#10747,.T.);
#10747 = EDGE_LOOP('',(#10748));
#10748 = ORIENTED_EDGE('',*,*,#4827,.T.);
#10749 = FACE_BOUND('',#10750,.T.);
#10750 = EDGE_LOOP('',(#10751));
#10751 = ORIENTED_EDGE('',*,*,#4860,.T.);
#10752 = FACE_BOUND('',#10753,.T.);
#10753 = EDGE_LOOP('',(#10754));
#10754 = ORIENTED_EDGE('',*,*,#4893,.T.);
#10755 = FACE_BOUND('',#10756,.T.);
#10756 = EDGE_LOOP('',(#10757));
#10757 = ORIENTED_EDGE('',*,*,#4926,.T.);
#10758 = FACE_BOUND('',#10759,.T.);
#10759 = EDGE_LOOP('',(#10760));
#10760 = ORIENTED_EDGE('',*,*,#4959,.T.);
#10761 = FACE_BOUND('',#10762,.T.);
#10762 = EDGE_LOOP('',(#10763));
#10763 = ORIENTED_EDGE('',*,*,#4992,.T.);
#10764 = FACE_BOUND('',#10765,.T.);
#10765 = EDGE_LOOP('',(#10766));
#10766 = ORIENTED_EDGE('',*,*,#5025,.T.);
#10767 = FACE_BOUND('',#10768,.T.);
#10768 = EDGE_LOOP('',(#10769));
#10769 = ORIENTED_EDGE('',*,*,#5058,.T.);
#10770 = FACE_BOUND('',#10771,.T.);
#10771 = EDGE_LOOP('',(#10772));
#10772 = ORIENTED_EDGE('',*,*,#5091,.T.);
#10773 = FACE_BOUND('',#10774,.T.);
#10774 = EDGE_LOOP('',(#10775));
#10775 = ORIENTED_EDGE('',*,*,#5124,.T.);
#10776 = FACE_BOUND('',#10777,.T.);
#10777 = EDGE_LOOP('',(#10778));
#10778 = ORIENTED_EDGE('',*,*,#5157,.T.);
#10779 = FACE_BOUND('',#10780,.T.);
#10780 = EDGE_LOOP('',(#10781));
#10781 = ORIENTED_EDGE('',*,*,#5190,.T.);
#10782 = FACE_BOUND('',#10783,.T.);
#10783 = EDGE_LOOP('',(#10784));
#10784 = ORIENTED_EDGE('',*,*,#5223,.T.);
#10785 = FACE_BOUND('',#10786,.T.);
#10786 = EDGE_LOOP('',(#10787));
#10787 = ORIENTED_EDGE('',*,*,#5256,.T.);
#10788 = FACE_BOUND('',#10789,.T.);
#10789 = EDGE_LOOP('',(#10790));
#10790 = ORIENTED_EDGE('',*,*,#5289,.T.);
#10791 = FACE_BOUND('',#10792,.T.);
#10792 = EDGE_LOOP('',(#10793));
#10793 = ORIENTED_EDGE('',*,*,#5322,.T.);
#10794 = FACE_BOUND('',#10795,.T.);
#10795 = EDGE_LOOP('',(#10796));
#10796 = ORIENTED_EDGE('',*,*,#5355,.T.);
#10797 = FACE_BOUND('',#10798,.T.);
#10798 = EDGE_LOOP('',(#10799));
#10799 = ORIENTED_EDGE('',*,*,#5388,.T.);
#10800 = FACE_BOUND('',#10801,.T.);
#10801 = EDGE_LOOP('',(#10802));
#10802 = ORIENTED_EDGE('',*,*,#5421,.T.);
#10803 = FACE_BOUND('',#10804,.T.);
#10804 = EDGE_LOOP('',(#10805));
#10805 = ORIENTED_EDGE('',*,*,#5454,.T.);
#10806 = FACE_BOUND('',#10807,.T.);
#10807 = EDGE_LOOP('',(#10808));
#10808 = ORIENTED_EDGE('',*,*,#5487,.T.);
#10809 = FACE_BOUND('',#10810,.T.);
#10810 = EDGE_LOOP('',(#10811));
#10811 = ORIENTED_EDGE('',*,*,#5520,.T.);
#10812 = FACE_BOUND('',#10813,.T.);
#10813 = EDGE_LOOP('',(#10814));
#10814 = ORIENTED_EDGE('',*,*,#5553,.T.);
#10815 = FACE_BOUND('',#10816,.T.);
#10816 = EDGE_LOOP('',(#10817));
#10817 = ORIENTED_EDGE('',*,*,#5586,.T.);
#10818 = FACE_BOUND('',#10819,.T.);
#10819 = EDGE_LOOP('',(#10820));
#10820 = ORIENTED_EDGE('',*,*,#5619,.T.);
#10821 = FACE_BOUND('',#10822,.T.);
#10822 = EDGE_LOOP('',(#10823));
#10823 = ORIENTED_EDGE('',*,*,#5652,.T.);
#10824 = FACE_BOUND('',#10825,.T.);
#10825 = EDGE_LOOP('',(#10826));
#10826 = ORIENTED_EDGE('',*,*,#5685,.T.);
#10827 = FACE_BOUND('',#10828,.T.);
#10828 = EDGE_LOOP('',(#10829));
#10829 = ORIENTED_EDGE('',*,*,#5718,.T.);
#10830 = FACE_BOUND('',#10831,.T.);
#10831 = EDGE_LOOP('',(#10832));
#10832 = ORIENTED_EDGE('',*,*,#5751,.T.);
#10833 = FACE_BOUND('',#10834,.T.);
#10834 = EDGE_LOOP('',(#10835));
#10835 = ORIENTED_EDGE('',*,*,#5784,.T.);
#10836 = FACE_BOUND('',#10837,.T.);
#10837 = EDGE_LOOP('',(#10838));
#10838 = ORIENTED_EDGE('',*,*,#5817,.T.);
#10839 = FACE_BOUND('',#10840,.T.);
#10840 = EDGE_LOOP('',(#10841));
#10841 = ORIENTED_EDGE('',*,*,#5850,.T.);
#10842 = FACE_BOUND('',#10843,.T.);
#10843 = EDGE_LOOP('',(#10844));
#10844 = ORIENTED_EDGE('',*,*,#5883,.T.);
#10845 = FACE_BOUND('',#10846,.T.);
#10846 = EDGE_LOOP('',(#10847));
#10847 = ORIENTED_EDGE('',*,*,#5916,.T.);
#10848 = FACE_BOUND('',#10849,.T.);
#10849 = EDGE_LOOP('',(#10850));
#10850 = ORIENTED_EDGE('',*,*,#5949,.T.);
#10851 = FACE_BOUND('',#10852,.T.);
#10852 = EDGE_LOOP('',(#10853));
#10853 = ORIENTED_EDGE('',*,*,#5982,.T.);
#10854 = FACE_BOUND('',#10855,.T.);
#10855 = EDGE_LOOP('',(#10856));
#10856 = ORIENTED_EDGE('',*,*,#6015,.T.);
#10857 = FACE_BOUND('',#10858,.T.);
#10858 = EDGE_LOOP('',(#10859));
#10859 = ORIENTED_EDGE('',*,*,#6048,.T.);
#10860 = FACE_BOUND('',#10861,.T.);
#10861 = EDGE_LOOP('',(#10862));
#10862 = ORIENTED_EDGE('',*,*,#6081,.T.);
#10863 = FACE_BOUND('',#10864,.T.);
#10864 = EDGE_LOOP('',(#10865));
#10865 = ORIENTED_EDGE('',*,*,#6114,.T.);
#10866 = FACE_BOUND('',#10867,.T.);
#10867 = EDGE_LOOP('',(#10868));
#10868 = ORIENTED_EDGE('',*,*,#6147,.T.);
#10869 = FACE_BOUND('',#10870,.T.);
#10870 = EDGE_LOOP('',(#10871));
#10871 = ORIENTED_EDGE('',*,*,#6180,.T.);
#10872 = FACE_BOUND('',#10873,.T.);
#10873 = EDGE_LOOP('',(#10874));
#10874 = ORIENTED_EDGE('',*,*,#6213,.T.);
#10875 = FACE_BOUND('',#10876,.T.);
#10876 = EDGE_LOOP('',(#10877));
#10877 = ORIENTED_EDGE('',*,*,#6246,.T.);
#10878 = FACE_BOUND('',#10879,.T.);
#10879 = EDGE_LOOP('',(#10880));
#10880 = ORIENTED_EDGE('',*,*,#6279,.T.);
#10881 = FACE_BOUND('',#10882,.T.);
#10882 = EDGE_LOOP('',(#10883));
#10883 = ORIENTED_EDGE('',*,*,#6312,.T.);
#10884 = FACE_BOUND('',#10885,.T.);
#10885 = EDGE_LOOP('',(#10886));
#10886 = ORIENTED_EDGE('',*,*,#6345,.T.);
#10887 = FACE_BOUND('',#10888,.T.);
#10888 = EDGE_LOOP('',(#10889));
#10889 = ORIENTED_EDGE('',*,*,#6378,.T.);
#10890 = FACE_BOUND('',#10891,.T.);
#10891 = EDGE_LOOP('',(#10892));
#10892 = ORIENTED_EDGE('',*,*,#6411,.T.);
#10893 = FACE_BOUND('',#10894,.T.);
#10894 = EDGE_LOOP('',(#10895));
#10895 = ORIENTED_EDGE('',*,*,#6444,.T.);
#10896 = FACE_BOUND('',#10897,.T.);
#10897 = EDGE_LOOP('',(#10898));
#10898 = ORIENTED_EDGE('',*,*,#6477,.T.);
#10899 = FACE_BOUND('',#10900,.T.);
#10900 = EDGE_LOOP('',(#10901));
#10901 = ORIENTED_EDGE('',*,*,#6510,.T.);
#10902 = FACE_BOUND('',#10903,.T.);
#10903 = EDGE_LOOP('',(#10904));
#10904 = ORIENTED_EDGE('',*,*,#6543,.T.);
#10905 = FACE_BOUND('',#10906,.T.);
#10906 = EDGE_LOOP('',(#10907));
#10907 = ORIENTED_EDGE('',*,*,#6576,.T.);
#10908 = FACE_BOUND('',#10909,.T.);
#10909 = EDGE_LOOP('',(#10910));
#10910 = ORIENTED_EDGE('',*,*,#6609,.T.);
#10911 = FACE_BOUND('',#10912,.T.);
#10912 = EDGE_LOOP('',(#10913));
#10913 = ORIENTED_EDGE('',*,*,#6642,.T.);
#10914 = FACE_BOUND('',#10915,.T.);
#10915 = EDGE_LOOP('',(#10916));
#10916 = ORIENTED_EDGE('',*,*,#6675,.T.);
#10917 = FACE_BOUND('',#10918,.T.);
#10918 = EDGE_LOOP('',(#10919));
#10919 = ORIENTED_EDGE('',*,*,#6708,.T.);
#10920 = FACE_BOUND('',#10921,.T.);
#10921 = EDGE_LOOP('',(#10922));
#10922 = ORIENTED_EDGE('',*,*,#6741,.T.);
#10923 = FACE_BOUND('',#10924,.T.);
#10924 = EDGE_LOOP('',(#10925));
#10925 = ORIENTED_EDGE('',*,*,#6774,.T.);
#10926 = FACE_BOUND('',#10927,.T.);
#10927 = EDGE_LOOP('',(#10928));
#10928 = ORIENTED_EDGE('',*,*,#6807,.T.);
#10929 = FACE_BOUND('',#10930,.T.);
#10930 = EDGE_LOOP('',(#10931));
#10931 = ORIENTED_EDGE('',*,*,#6840,.T.);
#10932 = FACE_BOUND('',#10933,.T.);
#10933 = EDGE_LOOP('',(#10934));
#10934 = ORIENTED_EDGE('',*,*,#6873,.T.);
#10935 = FACE_BOUND('',#10936,.T.);
#10936 = EDGE_LOOP('',(#10937));
#10937 = ORIENTED_EDGE('',*,*,#6906,.T.);
#10938 = FACE_BOUND('',#10939,.T.);
#10939 = EDGE_LOOP('',(#10940));
#10940 = ORIENTED_EDGE('',*,*,#6939,.T.);
#10941 = FACE_BOUND('',#10942,.T.);
#10942 = EDGE_LOOP('',(#10943));
#10943 = ORIENTED_EDGE('',*,*,#6972,.T.);
#10944 = FACE_BOUND('',#10945,.T.);
#10945 = EDGE_LOOP('',(#10946));
#10946 = ORIENTED_EDGE('',*,*,#7005,.T.);
#10947 = FACE_BOUND('',#10948,.T.);
#10948 = EDGE_LOOP('',(#10949));
#10949 = ORIENTED_EDGE('',*,*,#7038,.T.);
#10950 = FACE_BOUND('',#10951,.T.);
#10951 = EDGE_LOOP('',(#10952));
#10952 = ORIENTED_EDGE('',*,*,#7071,.T.);
#10953 = FACE_BOUND('',#10954,.T.);
#10954 = EDGE_LOOP('',(#10955));
#10955 = ORIENTED_EDGE('',*,*,#7104,.T.);
#10956 = FACE_BOUND('',#10957,.T.);
#10957 = EDGE_LOOP('',(#10958));
#10958 = ORIENTED_EDGE('',*,*,#7137,.T.);
#10959 = FACE_BOUND('',#10960,.T.);
#10960 = EDGE_LOOP('',(#10961));
#10961 = ORIENTED_EDGE('',*,*,#7170,.T.);
#10962 = FACE_BOUND('',#10963,.T.);
#10963 = EDGE_LOOP('',(#10964));
#10964 = ORIENTED_EDGE('',*,*,#7203,.T.);
#10965 = FACE_BOUND('',#10966,.T.);
#10966 = EDGE_LOOP('',(#10967));
#10967 = ORIENTED_EDGE('',*,*,#7236,.T.);
#10968 = FACE_BOUND('',#10969,.T.);
#10969 = EDGE_LOOP('',(#10970));
#10970 = ORIENTED_EDGE('',*,*,#7269,.T.);
#10971 = FACE_BOUND('',#10972,.T.);
#10972 = EDGE_LOOP('',(#10973));
#10973 = ORIENTED_EDGE('',*,*,#7302,.T.);
#10974 = FACE_BOUND('',#10975,.T.);
#10975 = EDGE_LOOP('',(#10976));
#10976 = ORIENTED_EDGE('',*,*,#7335,.T.);
#10977 = FACE_BOUND('',#10978,.T.);
#10978 = EDGE_LOOP('',(#10979));
#10979 = ORIENTED_EDGE('',*,*,#7368,.T.);
#10980 = FACE_BOUND('',#10981,.T.);
#10981 = EDGE_LOOP('',(#10982));
#10982 = ORIENTED_EDGE('',*,*,#7401,.T.);
#10983 = FACE_BOUND('',#10984,.T.);
#10984 = EDGE_LOOP('',(#10985));
#10985 = ORIENTED_EDGE('',*,*,#7434,.T.);
#10986 = FACE_BOUND('',#10987,.T.);
#10987 = EDGE_LOOP('',(#10988));
#10988 = ORIENTED_EDGE('',*,*,#7467,.T.);
#10989 = FACE_BOUND('',#10990,.T.);
#10990 = EDGE_LOOP('',(#10991));
#10991 = ORIENTED_EDGE('',*,*,#7500,.T.);
#10992 = FACE_BOUND('',#10993,.T.);
#10993 = EDGE_LOOP('',(#10994));
#10994 = ORIENTED_EDGE('',*,*,#7533,.T.);
#10995 = FACE_BOUND('',#10996,.T.);
#10996 = EDGE_LOOP('',(#10997));
#10997 = ORIENTED_EDGE('',*,*,#7566,.T.);
#10998 = FACE_BOUND('',#10999,.T.);
#10999 = EDGE_LOOP('',(#11000));
#11000 = ORIENTED_EDGE('',*,*,#7599,.T.);
#11001 = FACE_BOUND('',#11002,.T.);
#11002 = EDGE_LOOP('',(#11003));
#11003 = ORIENTED_EDGE('',*,*,#7632,.T.);
#11004 = FACE_BOUND('',#11005,.T.);
#11005 = EDGE_LOOP('',(#11006));
#11006 = ORIENTED_EDGE('',*,*,#7665,.T.);
#11007 = FACE_BOUND('',#11008,.T.);
#11008 = EDGE_LOOP('',(#11009));
#11009 = ORIENTED_EDGE('',*,*,#7698,.T.);
#11010 = FACE_BOUND('',#11011,.T.);
#11011 = EDGE_LOOP('',(#11012));
#11012 = ORIENTED_EDGE('',*,*,#7731,.T.);
#11013 = FACE_BOUND('',#11014,.T.);
#11014 = EDGE_LOOP('',(#11015));
#11015 = ORIENTED_EDGE('',*,*,#7764,.T.);
#11016 = FACE_BOUND('',#11017,.T.);
#11017 = EDGE_LOOP('',(#11018));
#11018 = ORIENTED_EDGE('',*,*,#7797,.T.);
#11019 = FACE_BOUND('',#11020,.T.);
#11020 = EDGE_LOOP('',(#11021));
#11021 = ORIENTED_EDGE('',*,*,#7830,.T.);
#11022 = FACE_BOUND('',#11023,.T.);
#11023 = EDGE_LOOP('',(#11024));
#11024 = ORIENTED_EDGE('',*,*,#7863,.T.);
#11025 = FACE_BOUND('',#11026,.T.);
#11026 = EDGE_LOOP('',(#11027));
#11027 = ORIENTED_EDGE('',*,*,#7896,.T.);
#11028 = FACE_BOUND('',#11029,.T.);
#11029 = EDGE_LOOP('',(#11030));
#11030 = ORIENTED_EDGE('',*,*,#7929,.T.);
#11031 = FACE_BOUND('',#11032,.T.);
#11032 = EDGE_LOOP('',(#11033));
#11033 = ORIENTED_EDGE('',*,*,#7962,.T.);
#11034 = FACE_BOUND('',#11035,.T.);
#11035 = EDGE_LOOP('',(#11036));
#11036 = ORIENTED_EDGE('',*,*,#7995,.T.);
#11037 = FACE_BOUND('',#11038,.T.);
#11038 = EDGE_LOOP('',(#11039));
#11039 = ORIENTED_EDGE('',*,*,#8028,.T.);
#11040 = FACE_BOUND('',#11041,.T.);
#11041 = EDGE_LOOP('',(#11042));
#11042 = ORIENTED_EDGE('',*,*,#8061,.T.);
#11043 = FACE_BOUND('',#11044,.T.);
#11044 = EDGE_LOOP('',(#11045));
#11045 = ORIENTED_EDGE('',*,*,#8094,.T.);
#11046 = FACE_BOUND('',#11047,.T.);
#11047 = EDGE_LOOP('',(#11048));
#11048 = ORIENTED_EDGE('',*,*,#8127,.T.);
#11049 = FACE_BOUND('',#11050,.T.);
#11050 = EDGE_LOOP('',(#11051));
#11051 = ORIENTED_EDGE('',*,*,#8160,.T.);
#11052 = FACE_BOUND('',#11053,.T.);
#11053 = EDGE_LOOP('',(#11054));
#11054 = ORIENTED_EDGE('',*,*,#8193,.T.);
#11055 = FACE_BOUND('',#11056,.T.);
#11056 = EDGE_LOOP('',(#11057));
#11057 = ORIENTED_EDGE('',*,*,#8226,.T.);
#11058 = FACE_BOUND('',#11059,.T.);
#11059 = EDGE_LOOP('',(#11060));
#11060 = ORIENTED_EDGE('',*,*,#8259,.T.);
#11061 = FACE_BOUND('',#11062,.T.);
#11062 = EDGE_LOOP('',(#11063));
#11063 = ORIENTED_EDGE('',*,*,#8292,.T.);
#11064 = FACE_BOUND('',#11065,.T.);
#11065 = EDGE_LOOP('',(#11066));
#11066 = ORIENTED_EDGE('',*,*,#8325,.T.);
#11067 = FACE_BOUND('',#11068,.T.);
#11068 = EDGE_LOOP('',(#11069));
#11069 = ORIENTED_EDGE('',*,*,#8358,.T.);
#11070 = FACE_BOUND('',#11071,.T.);
#11071 = EDGE_LOOP('',(#11072));
#11072 = ORIENTED_EDGE('',*,*,#8391,.T.);
#11073 = FACE_BOUND('',#11074,.T.);
#11074 = EDGE_LOOP('',(#11075));
#11075 = ORIENTED_EDGE('',*,*,#8424,.T.);
#11076 = FACE_BOUND('',#11077,.T.);
#11077 = EDGE_LOOP('',(#11078));
#11078 = ORIENTED_EDGE('',*,*,#8457,.T.);
#11079 = FACE_BOUND('',#11080,.T.);
#11080 = EDGE_LOOP('',(#11081));
#11081 = ORIENTED_EDGE('',*,*,#8490,.T.);
#11082 = FACE_BOUND('',#11083,.T.);
#11083 = EDGE_LOOP('',(#11084));
#11084 = ORIENTED_EDGE('',*,*,#8523,.T.);
#11085 = FACE_BOUND('',#11086,.T.);
#11086 = EDGE_LOOP('',(#11087));
#11087 = ORIENTED_EDGE('',*,*,#8556,.T.);
#11088 = FACE_BOUND('',#11089,.T.);
#11089 = EDGE_LOOP('',(#11090));
#11090 = ORIENTED_EDGE('',*,*,#8589,.T.);
#11091 = FACE_BOUND('',#11092,.T.);
#11092 = EDGE_LOOP('',(#11093));
#11093 = ORIENTED_EDGE('',*,*,#8622,.T.);
#11094 = FACE_BOUND('',#11095,.T.);
#11095 = EDGE_LOOP('',(#11096));
#11096 = ORIENTED_EDGE('',*,*,#8655,.T.);
#11097 = FACE_BOUND('',#11098,.T.);
#11098 = EDGE_LOOP('',(#11099));
#11099 = ORIENTED_EDGE('',*,*,#8688,.T.);
#11100 = FACE_BOUND('',#11101,.T.);
#11101 = EDGE_LOOP('',(#11102));
#11102 = ORIENTED_EDGE('',*,*,#8721,.T.);
#11103 = FACE_BOUND('',#11104,.T.);
#11104 = EDGE_LOOP('',(#11105));
#11105 = ORIENTED_EDGE('',*,*,#8754,.T.);
#11106 = FACE_BOUND('',#11107,.T.);
#11107 = EDGE_LOOP('',(#11108));
#11108 = ORIENTED_EDGE('',*,*,#8787,.T.);
#11109 = FACE_BOUND('',#11110,.T.);
#11110 = EDGE_LOOP('',(#11111));
#11111 = ORIENTED_EDGE('',*,*,#8820,.T.);
#11112 = FACE_BOUND('',#11113,.T.);
#11113 = EDGE_LOOP('',(#11114));
#11114 = ORIENTED_EDGE('',*,*,#8853,.T.);
#11115 = FACE_BOUND('',#11116,.T.);
#11116 = EDGE_LOOP('',(#11117));
#11117 = ORIENTED_EDGE('',*,*,#8886,.T.);
#11118 = FACE_BOUND('',#11119,.T.);
#11119 = EDGE_LOOP('',(#11120));
#11120 = ORIENTED_EDGE('',*,*,#8919,.T.);
#11121 = FACE_BOUND('',#11122,.T.);
#11122 = EDGE_LOOP('',(#11123));
#11123 = ORIENTED_EDGE('',*,*,#8952,.T.);
#11124 = FACE_BOUND('',#11125,.T.);
#11125 = EDGE_LOOP('',(#11126));
#11126 = ORIENTED_EDGE('',*,*,#8985,.T.);
#11127 = FACE_BOUND('',#11128,.T.);
#11128 = EDGE_LOOP('',(#11129));
#11129 = ORIENTED_EDGE('',*,*,#9018,.T.);
#11130 = FACE_BOUND('',#11131,.T.);
#11131 = EDGE_LOOP('',(#11132));
#11132 = ORIENTED_EDGE('',*,*,#9051,.T.);
#11133 = FACE_BOUND('',#11134,.T.);
#11134 = EDGE_LOOP('',(#11135));
#11135 = ORIENTED_EDGE('',*,*,#9084,.T.);
#11136 = FACE_BOUND('',#11137,.T.);
#11137 = EDGE_LOOP('',(#11138));
#11138 = ORIENTED_EDGE('',*,*,#9117,.T.);
#11139 = FACE_BOUND('',#11140,.T.);
#11140 = EDGE_LOOP('',(#11141));
#11141 = ORIENTED_EDGE('',*,*,#9150,.T.);
#11142 = FACE_BOUND('',#11143,.T.);
#11143 = EDGE_LOOP('',(#11144));
#11144 = ORIENTED_EDGE('',*,*,#9183,.T.);
#11145 = FACE_BOUND('',#11146,.T.);
#11146 = EDGE_LOOP('',(#11147));
#11147 = ORIENTED_EDGE('',*,*,#9216,.T.);
#11148 = FACE_BOUND('',#11149,.T.);
#11149 = EDGE_LOOP('',(#11150));
#11150 = ORIENTED_EDGE('',*,*,#9249,.T.);
#11151 = FACE_BOUND('',#11152,.T.);
#11152 = EDGE_LOOP('',(#11153));
#11153 = ORIENTED_EDGE('',*,*,#9282,.T.);
#11154 = FACE_BOUND('',#11155,.T.);
#11155 = EDGE_LOOP('',(#11156));
#11156 = ORIENTED_EDGE('',*,*,#9315,.T.);
#11157 = FACE_BOUND('',#11158,.T.);
#11158 = EDGE_LOOP('',(#11159));
#11159 = ORIENTED_EDGE('',*,*,#9348,.T.);
#11160 = FACE_BOUND('',#11161,.T.);
#11161 = EDGE_LOOP('',(#11162));
#11162 = ORIENTED_EDGE('',*,*,#9381,.T.);
#11163 = FACE_BOUND('',#11164,.T.);
#11164 = EDGE_LOOP('',(#11165));
#11165 = ORIENTED_EDGE('',*,*,#9414,.T.);
#11166 = FACE_BOUND('',#11167,.T.);
#11167 = EDGE_LOOP('',(#11168));
#11168 = ORIENTED_EDGE('',*,*,#9447,.T.);
#11169 = FACE_BOUND('',#11170,.T.);
#11170 = EDGE_LOOP('',(#11171));
#11171 = ORIENTED_EDGE('',*,*,#9480,.T.);
#11172 = FACE_BOUND('',#11173,.T.);
#11173 = EDGE_LOOP('',(#11174));
#11174 = ORIENTED_EDGE('',*,*,#9513,.T.);
#11175 = FACE_BOUND('',#11176,.T.);
#11176 = EDGE_LOOP('',(#11177));
#11177 = ORIENTED_EDGE('',*,*,#9546,.T.);
#11178 = FACE_BOUND('',#11179,.T.);
#11179 = EDGE_LOOP('',(#11180));
#11180 = ORIENTED_EDGE('',*,*,#9579,.T.);
#11181 = FACE_BOUND('',#11182,.T.);
#11182 = EDGE_LOOP('',(#11183));
#11183 = ORIENTED_EDGE('',*,*,#9612,.T.);
#11184 = FACE_BOUND('',#11185,.T.);
#11185 = EDGE_LOOP('',(#11186));
#11186 = ORIENTED_EDGE('',*,*,#9645,.T.);
#11187 = FACE_BOUND('',#11188,.T.);
#11188 = EDGE_LOOP('',(#11189));
#11189 = ORIENTED_EDGE('',*,*,#9678,.T.);
#11190 = FACE_BOUND('',#11191,.T.);
#11191 = EDGE_LOOP('',(#11192));
#11192 = ORIENTED_EDGE('',*,*,#9711,.T.);
#11193 = FACE_BOUND('',#11194,.T.);
#11194 = EDGE_LOOP('',(#11195));
#11195 = ORIENTED_EDGE('',*,*,#9744,.T.);
#11196 = FACE_BOUND('',#11197,.T.);
#11197 = EDGE_LOOP('',(#11198));
#11198 = ORIENTED_EDGE('',*,*,#9777,.T.);
#11199 = FACE_BOUND('',#11200,.T.);
#11200 = EDGE_LOOP('',(#11201));
#11201 = ORIENTED_EDGE('',*,*,#9810,.T.);
#11202 = FACE_BOUND('',#11203,.T.);
#11203 = EDGE_LOOP('',(#11204));
#11204 = ORIENTED_EDGE('',*,*,#9843,.T.);
#11205 = FACE_BOUND('',#11206,.T.);
#11206 = EDGE_LOOP('',(#11207));
#11207 = ORIENTED_EDGE('',*,*,#9876,.T.);
#11208 = FACE_BOUND('',#11209,.T.);
#11209 = EDGE_LOOP('',(#11210));
#11210 = ORIENTED_EDGE('',*,*,#9909,.T.);
#11211 = FACE_BOUND('',#11212,.T.);
#11212 = EDGE_LOOP('',(#11213));
#11213 = ORIENTED_EDGE('',*,*,#9942,.T.);
#11214 = FACE_BOUND('',#11215,.T.);
#11215 = EDGE_LOOP('',(#11216));
#11216 = ORIENTED_EDGE('',*,*,#9975,.T.);
#11217 = FACE_BOUND('',#11218,.T.);
#11218 = EDGE_LOOP('',(#11219));
#11219 = ORIENTED_EDGE('',*,*,#10008,.T.);
#11220 = FACE_BOUND('',#11221,.T.);
#11221 = EDGE_LOOP('',(#11222));
#11222 = ORIENTED_EDGE('',*,*,#10041,.T.);
#11223 = FACE_BOUND('',#11224,.T.);
#11224 = EDGE_LOOP('',(#11225));
#11225 = ORIENTED_EDGE('',*,*,#10074,.T.);
#11226 = FACE_BOUND('',#11227,.T.);
#11227 = EDGE_LOOP('',(#11228));
#11228 = ORIENTED_EDGE('',*,*,#10107,.T.);
#11229 = FACE_BOUND('',#11230,.T.);
#11230 = EDGE_LOOP('',(#11231));
#11231 = ORIENTED_EDGE('',*,*,#10140,.T.);
#11232 = FACE_BOUND('',#11233,.T.);
#11233 = EDGE_LOOP('',(#11234));
#11234 = ORIENTED_EDGE('',*,*,#10173,.T.);
#11235 = FACE_BOUND('',#11236,.T.);
#11236 = EDGE_LOOP('',(#11237));
#11237 = ORIENTED_EDGE('',*,*,#10206,.T.);
#11238 = FACE_BOUND('',#11239,.T.);
#11239 = EDGE_LOOP('',(#11240));
#11240 = ORIENTED_EDGE('',*,*,#10239,.T.);
#11241 = FACE_BOUND('',#11242,.T.);
#11242 = EDGE_LOOP('',(#11243));
#11243 = ORIENTED_EDGE('',*,*,#10272,.T.);
#11244 = FACE_BOUND('',#11245,.T.);
#11245 = EDGE_LOOP('',(#11246));
#11246 = ORIENTED_EDGE('',*,*,#10305,.T.);
#11247 = PLANE('',#11248);
#11248 = AXIS2_PLACEMENT_3D('',#11249,#11250,#11251);
#11249 = CARTESIAN_POINT('',(-119.38,-29.845,0.E+000));
#11250 = DIRECTION('',(0.E+000,0.E+000,-1.));
#11251 = DIRECTION('',(-1.,0.E+000,-0.E+000));
#11252 = ADVANCED_FACE('',(#11253,#11259,#11262,#11265,#11268,#11271,
    #11274,#11277,#11280,#11283,#11286,#11289,#11292,#11295,#11298,
    #11301,#11304,#11307,#11310,#11313,#11316,#11319,#11322,#11325,
    #11328,#11331,#11334,#11337,#11340,#11343,#11346,#11349,#11352,
    #11355,#11358,#11361,#11364,#11367,#11370,#11373,#11376,#11379,
    #11382,#11385,#11388,#11391,#11394,#11397,#11400,#11403,#11406,
    #11409,#11412,#11415,#11418,#11421,#11424,#11427,#11430,#11433,
    #11436,#11439,#11442,#11445,#11448,#11451,#11454,#11457,#11460,
    #11463,#11466,#11469,#11472,#11475,#11478,#11481,#11484,#11487,
    #11490,#11493,#11496,#11499,#11502,#11505,#11508,#11511,#11514,
    #11517,#11520,#11523,#11526,#11529,#11532,#11535,#11538,#11541,
    #11544,#11547,#11550,#11553,#11556,#11559,#11562,#11565,#11568,
    #11571,#11574,#11577,#11580,#11583,#11586,#11589,#11592,#11595,
    #11598,#11601,#11604,#11607,#11610,#11613,#11616,#11619,#11622,
    #11625,#11628,#11631,#11634,#11637,#11640,#11643,#11646,#11649,
    #11652,#11655,#11658,#11661,#11664,#11667,#11670,#11673,#11676,
    #11679,#11682,#11685,#11688,#11691,#11694,#11697,#11700,#11703,
    #11706,#11709,#11712,#11715,#11718,#11721,#11724,#11727,#11730,
    #11733,#11736,#11739,#11742,#11745,#11748,#11751,#11754,#11757,
    #11760,#11763,#11766,#11769,#11772,#11775,#11778,#11781,#11784,
    #11787,#11790,#11793,#11796,#11799,#11802,#11805,#11808,#11811,
    #11814,#11817,#11820,#11823,#11826,#11829,#11832,#11835,#11838,
    #11841,#11844,#11847,#11850,#11853,#11856,#11859,#11862,#11865,
    #11868,#11871,#11874,#11877,#11880,#11883,#11886,#11889,#11892,
    #11895,#11898,#11901,#11904,#11907,#11910,#11913,#11916,#11919,
    #11922,#11925,#11928,#11931,#11934,#11937,#11940,#11943,#11946,
    #11949,#11952,#11955,#11958,#11961,#11964,#11967,#11970,#11973,
    #11976,#11979,#11982,#11985,#11988,#11991,#11994,#11997,#12000,
    #12003,#12006,#12009,#12012,#12015,#12018,#12021,#12024,#12027,
    #12030,#12033,#12036,#12039,#12042,#12045,#12048,#12051,#12054,
    #12057,#12060,#12063,#12066,#12069,#12072,#12075,#12078,#12081,
    #12084,#12087,#12090,#12093,#12096,#12099,#12102,#12105,#12108,
    #12111,#12114,#12117,#12120,#12123,#12126,#12129,#12132,#12135,
    #12138,#12141,#12144,#12147,#12150,#12153,#12156,#12159,#12162,
    #12165,#12168,#12171,#12174,#12177,#12180),#12183,.T.);
#11253 = FACE_BOUND('',#11254,.F.);
#11254 = EDGE_LOOP('',(#11255,#11256,#11257,#11258));
#11255 = ORIENTED_EDGE('',*,*,#42,.T.);
#11256 = ORIENTED_EDGE('',*,*,#73,.T.);
#11257 = ORIENTED_EDGE('',*,*,#104,.T.);
#11258 = ORIENTED_EDGE('',*,*,#135,.T.);
#11259 = FACE_BOUND('',#11260,.F.);
#11260 = EDGE_LOOP('',(#11261));
#11261 = ORIENTED_EDGE('',*,*,#166,.T.);
#11262 = FACE_BOUND('',#11263,.F.);
#11263 = EDGE_LOOP('',(#11264));
#11264 = ORIENTED_EDGE('',*,*,#199,.T.);
#11265 = FACE_BOUND('',#11266,.F.);
#11266 = EDGE_LOOP('',(#11267));
#11267 = ORIENTED_EDGE('',*,*,#232,.T.);
#11268 = FACE_BOUND('',#11269,.F.);
#11269 = EDGE_LOOP('',(#11270));
#11270 = ORIENTED_EDGE('',*,*,#265,.T.);
#11271 = FACE_BOUND('',#11272,.F.);
#11272 = EDGE_LOOP('',(#11273));
#11273 = ORIENTED_EDGE('',*,*,#298,.T.);
#11274 = FACE_BOUND('',#11275,.F.);
#11275 = EDGE_LOOP('',(#11276));
#11276 = ORIENTED_EDGE('',*,*,#331,.T.);
#11277 = FACE_BOUND('',#11278,.F.);
#11278 = EDGE_LOOP('',(#11279));
#11279 = ORIENTED_EDGE('',*,*,#364,.T.);
#11280 = FACE_BOUND('',#11281,.F.);
#11281 = EDGE_LOOP('',(#11282));
#11282 = ORIENTED_EDGE('',*,*,#397,.T.);
#11283 = FACE_BOUND('',#11284,.F.);
#11284 = EDGE_LOOP('',(#11285));
#11285 = ORIENTED_EDGE('',*,*,#430,.T.);
#11286 = FACE_BOUND('',#11287,.F.);
#11287 = EDGE_LOOP('',(#11288));
#11288 = ORIENTED_EDGE('',*,*,#463,.T.);
#11289 = FACE_BOUND('',#11290,.F.);
#11290 = EDGE_LOOP('',(#11291));
#11291 = ORIENTED_EDGE('',*,*,#496,.T.);
#11292 = FACE_BOUND('',#11293,.F.);
#11293 = EDGE_LOOP('',(#11294));
#11294 = ORIENTED_EDGE('',*,*,#529,.T.);
#11295 = FACE_BOUND('',#11296,.F.);
#11296 = EDGE_LOOP('',(#11297));
#11297 = ORIENTED_EDGE('',*,*,#562,.T.);
#11298 = FACE_BOUND('',#11299,.F.);
#11299 = EDGE_LOOP('',(#11300));
#11300 = ORIENTED_EDGE('',*,*,#595,.T.);
#11301 = FACE_BOUND('',#11302,.F.);
#11302 = EDGE_LOOP('',(#11303));
#11303 = ORIENTED_EDGE('',*,*,#628,.T.);
#11304 = FACE_BOUND('',#11305,.F.);
#11305 = EDGE_LOOP('',(#11306));
#11306 = ORIENTED_EDGE('',*,*,#661,.T.);
#11307 = FACE_BOUND('',#11308,.F.);
#11308 = EDGE_LOOP('',(#11309));
#11309 = ORIENTED_EDGE('',*,*,#694,.T.);
#11310 = FACE_BOUND('',#11311,.F.);
#11311 = EDGE_LOOP('',(#11312));
#11312 = ORIENTED_EDGE('',*,*,#727,.T.);
#11313 = FACE_BOUND('',#11314,.F.);
#11314 = EDGE_LOOP('',(#11315));
#11315 = ORIENTED_EDGE('',*,*,#760,.T.);
#11316 = FACE_BOUND('',#11317,.F.);
#11317 = EDGE_LOOP('',(#11318));
#11318 = ORIENTED_EDGE('',*,*,#793,.T.);
#11319 = FACE_BOUND('',#11320,.F.);
#11320 = EDGE_LOOP('',(#11321));
#11321 = ORIENTED_EDGE('',*,*,#826,.T.);
#11322 = FACE_BOUND('',#11323,.F.);
#11323 = EDGE_LOOP('',(#11324));
#11324 = ORIENTED_EDGE('',*,*,#859,.T.);
#11325 = FACE_BOUND('',#11326,.F.);
#11326 = EDGE_LOOP('',(#11327));
#11327 = ORIENTED_EDGE('',*,*,#892,.T.);
#11328 = FACE_BOUND('',#11329,.F.);
#11329 = EDGE_LOOP('',(#11330));
#11330 = ORIENTED_EDGE('',*,*,#925,.T.);
#11331 = FACE_BOUND('',#11332,.F.);
#11332 = EDGE_LOOP('',(#11333));
#11333 = ORIENTED_EDGE('',*,*,#958,.T.);
#11334 = FACE_BOUND('',#11335,.F.);
#11335 = EDGE_LOOP('',(#11336));
#11336 = ORIENTED_EDGE('',*,*,#991,.T.);
#11337 = FACE_BOUND('',#11338,.F.);
#11338 = EDGE_LOOP('',(#11339));
#11339 = ORIENTED_EDGE('',*,*,#1024,.T.);
#11340 = FACE_BOUND('',#11341,.F.);
#11341 = EDGE_LOOP('',(#11342));
#11342 = ORIENTED_EDGE('',*,*,#1057,.T.);
#11343 = FACE_BOUND('',#11344,.F.);
#11344 = EDGE_LOOP('',(#11345));
#11345 = ORIENTED_EDGE('',*,*,#1090,.T.);
#11346 = FACE_BOUND('',#11347,.F.);
#11347 = EDGE_LOOP('',(#11348));
#11348 = ORIENTED_EDGE('',*,*,#1123,.T.);
#11349 = FACE_BOUND('',#11350,.F.);
#11350 = EDGE_LOOP('',(#11351));
#11351 = ORIENTED_EDGE('',*,*,#1156,.T.);
#11352 = FACE_BOUND('',#11353,.F.);
#11353 = EDGE_LOOP('',(#11354));
#11354 = ORIENTED_EDGE('',*,*,#1189,.T.);
#11355 = FACE_BOUND('',#11356,.F.);
#11356 = EDGE_LOOP('',(#11357));
#11357 = ORIENTED_EDGE('',*,*,#1222,.T.);
#11358 = FACE_BOUND('',#11359,.F.);
#11359 = EDGE_LOOP('',(#11360));
#11360 = ORIENTED_EDGE('',*,*,#1255,.T.);
#11361 = FACE_BOUND('',#11362,.F.);
#11362 = EDGE_LOOP('',(#11363));
#11363 = ORIENTED_EDGE('',*,*,#1288,.T.);
#11364 = FACE_BOUND('',#11365,.F.);
#11365 = EDGE_LOOP('',(#11366));
#11366 = ORIENTED_EDGE('',*,*,#1321,.T.);
#11367 = FACE_BOUND('',#11368,.F.);
#11368 = EDGE_LOOP('',(#11369));
#11369 = ORIENTED_EDGE('',*,*,#1354,.T.);
#11370 = FACE_BOUND('',#11371,.F.);
#11371 = EDGE_LOOP('',(#11372));
#11372 = ORIENTED_EDGE('',*,*,#1387,.T.);
#11373 = FACE_BOUND('',#11374,.F.);
#11374 = EDGE_LOOP('',(#11375));
#11375 = ORIENTED_EDGE('',*,*,#1420,.T.);
#11376 = FACE_BOUND('',#11377,.F.);
#11377 = EDGE_LOOP('',(#11378));
#11378 = ORIENTED_EDGE('',*,*,#1453,.T.);
#11379 = FACE_BOUND('',#11380,.F.);
#11380 = EDGE_LOOP('',(#11381));
#11381 = ORIENTED_EDGE('',*,*,#1486,.T.);
#11382 = FACE_BOUND('',#11383,.F.);
#11383 = EDGE_LOOP('',(#11384));
#11384 = ORIENTED_EDGE('',*,*,#1519,.T.);
#11385 = FACE_BOUND('',#11386,.F.);
#11386 = EDGE_LOOP('',(#11387));
#11387 = ORIENTED_EDGE('',*,*,#1552,.T.);
#11388 = FACE_BOUND('',#11389,.F.);
#11389 = EDGE_LOOP('',(#11390));
#11390 = ORIENTED_EDGE('',*,*,#1585,.T.);
#11391 = FACE_BOUND('',#11392,.F.);
#11392 = EDGE_LOOP('',(#11393));
#11393 = ORIENTED_EDGE('',*,*,#1618,.T.);
#11394 = FACE_BOUND('',#11395,.F.);
#11395 = EDGE_LOOP('',(#11396));
#11396 = ORIENTED_EDGE('',*,*,#1651,.T.);
#11397 = FACE_BOUND('',#11398,.F.);
#11398 = EDGE_LOOP('',(#11399));
#11399 = ORIENTED_EDGE('',*,*,#1684,.T.);
#11400 = FACE_BOUND('',#11401,.F.);
#11401 = EDGE_LOOP('',(#11402));
#11402 = ORIENTED_EDGE('',*,*,#1717,.T.);
#11403 = FACE_BOUND('',#11404,.F.);
#11404 = EDGE_LOOP('',(#11405));
#11405 = ORIENTED_EDGE('',*,*,#1750,.T.);
#11406 = FACE_BOUND('',#11407,.F.);
#11407 = EDGE_LOOP('',(#11408));
#11408 = ORIENTED_EDGE('',*,*,#1783,.T.);
#11409 = FACE_BOUND('',#11410,.F.);
#11410 = EDGE_LOOP('',(#11411));
#11411 = ORIENTED_EDGE('',*,*,#1816,.T.);
#11412 = FACE_BOUND('',#11413,.F.);
#11413 = EDGE_LOOP('',(#11414));
#11414 = ORIENTED_EDGE('',*,*,#1849,.T.);
#11415 = FACE_BOUND('',#11416,.F.);
#11416 = EDGE_LOOP('',(#11417));
#11417 = ORIENTED_EDGE('',*,*,#1882,.T.);
#11418 = FACE_BOUND('',#11419,.F.);
#11419 = EDGE_LOOP('',(#11420));
#11420 = ORIENTED_EDGE('',*,*,#1915,.T.);
#11421 = FACE_BOUND('',#11422,.F.);
#11422 = EDGE_LOOP('',(#11423));
#11423 = ORIENTED_EDGE('',*,*,#1948,.T.);
#11424 = FACE_BOUND('',#11425,.F.);
#11425 = EDGE_LOOP('',(#11426));
#11426 = ORIENTED_EDGE('',*,*,#1981,.T.);
#11427 = FACE_BOUND('',#11428,.F.);
#11428 = EDGE_LOOP('',(#11429));
#11429 = ORIENTED_EDGE('',*,*,#2014,.T.);
#11430 = FACE_BOUND('',#11431,.F.);
#11431 = EDGE_LOOP('',(#11432));
#11432 = ORIENTED_EDGE('',*,*,#2047,.T.);
#11433 = FACE_BOUND('',#11434,.F.);
#11434 = EDGE_LOOP('',(#11435));
#11435 = ORIENTED_EDGE('',*,*,#2080,.T.);
#11436 = FACE_BOUND('',#11437,.F.);
#11437 = EDGE_LOOP('',(#11438));
#11438 = ORIENTED_EDGE('',*,*,#2113,.T.);
#11439 = FACE_BOUND('',#11440,.F.);
#11440 = EDGE_LOOP('',(#11441));
#11441 = ORIENTED_EDGE('',*,*,#2146,.T.);
#11442 = FACE_BOUND('',#11443,.F.);
#11443 = EDGE_LOOP('',(#11444));
#11444 = ORIENTED_EDGE('',*,*,#2179,.T.);
#11445 = FACE_BOUND('',#11446,.F.);
#11446 = EDGE_LOOP('',(#11447));
#11447 = ORIENTED_EDGE('',*,*,#2212,.T.);
#11448 = FACE_BOUND('',#11449,.F.);
#11449 = EDGE_LOOP('',(#11450));
#11450 = ORIENTED_EDGE('',*,*,#2245,.T.);
#11451 = FACE_BOUND('',#11452,.F.);
#11452 = EDGE_LOOP('',(#11453));
#11453 = ORIENTED_EDGE('',*,*,#2278,.T.);
#11454 = FACE_BOUND('',#11455,.F.);
#11455 = EDGE_LOOP('',(#11456));
#11456 = ORIENTED_EDGE('',*,*,#2311,.T.);
#11457 = FACE_BOUND('',#11458,.F.);
#11458 = EDGE_LOOP('',(#11459));
#11459 = ORIENTED_EDGE('',*,*,#2344,.T.);
#11460 = FACE_BOUND('',#11461,.F.);
#11461 = EDGE_LOOP('',(#11462));
#11462 = ORIENTED_EDGE('',*,*,#2377,.T.);
#11463 = FACE_BOUND('',#11464,.F.);
#11464 = EDGE_LOOP('',(#11465));
#11465 = ORIENTED_EDGE('',*,*,#2410,.T.);
#11466 = FACE_BOUND('',#11467,.F.);
#11467 = EDGE_LOOP('',(#11468));
#11468 = ORIENTED_EDGE('',*,*,#2443,.T.);
#11469 = FACE_BOUND('',#11470,.F.);
#11470 = EDGE_LOOP('',(#11471));
#11471 = ORIENTED_EDGE('',*,*,#2476,.T.);
#11472 = FACE_BOUND('',#11473,.F.);
#11473 = EDGE_LOOP('',(#11474));
#11474 = ORIENTED_EDGE('',*,*,#2509,.T.);
#11475 = FACE_BOUND('',#11476,.F.);
#11476 = EDGE_LOOP('',(#11477));
#11477 = ORIENTED_EDGE('',*,*,#2542,.T.);
#11478 = FACE_BOUND('',#11479,.F.);
#11479 = EDGE_LOOP('',(#11480));
#11480 = ORIENTED_EDGE('',*,*,#2575,.T.);
#11481 = FACE_BOUND('',#11482,.F.);
#11482 = EDGE_LOOP('',(#11483));
#11483 = ORIENTED_EDGE('',*,*,#2608,.T.);
#11484 = FACE_BOUND('',#11485,.F.);
#11485 = EDGE_LOOP('',(#11486));
#11486 = ORIENTED_EDGE('',*,*,#2641,.T.);
#11487 = FACE_BOUND('',#11488,.F.);
#11488 = EDGE_LOOP('',(#11489));
#11489 = ORIENTED_EDGE('',*,*,#2674,.T.);
#11490 = FACE_BOUND('',#11491,.F.);
#11491 = EDGE_LOOP('',(#11492));
#11492 = ORIENTED_EDGE('',*,*,#2707,.T.);
#11493 = FACE_BOUND('',#11494,.F.);
#11494 = EDGE_LOOP('',(#11495));
#11495 = ORIENTED_EDGE('',*,*,#2740,.T.);
#11496 = FACE_BOUND('',#11497,.F.);
#11497 = EDGE_LOOP('',(#11498));
#11498 = ORIENTED_EDGE('',*,*,#2773,.T.);
#11499 = FACE_BOUND('',#11500,.F.);
#11500 = EDGE_LOOP('',(#11501));
#11501 = ORIENTED_EDGE('',*,*,#2806,.T.);
#11502 = FACE_BOUND('',#11503,.F.);
#11503 = EDGE_LOOP('',(#11504));
#11504 = ORIENTED_EDGE('',*,*,#2839,.T.);
#11505 = FACE_BOUND('',#11506,.F.);
#11506 = EDGE_LOOP('',(#11507));
#11507 = ORIENTED_EDGE('',*,*,#2872,.T.);
#11508 = FACE_BOUND('',#11509,.F.);
#11509 = EDGE_LOOP('',(#11510));
#11510 = ORIENTED_EDGE('',*,*,#2905,.T.);
#11511 = FACE_BOUND('',#11512,.F.);
#11512 = EDGE_LOOP('',(#11513));
#11513 = ORIENTED_EDGE('',*,*,#2938,.T.);
#11514 = FACE_BOUND('',#11515,.F.);
#11515 = EDGE_LOOP('',(#11516));
#11516 = ORIENTED_EDGE('',*,*,#2971,.T.);
#11517 = FACE_BOUND('',#11518,.F.);
#11518 = EDGE_LOOP('',(#11519));
#11519 = ORIENTED_EDGE('',*,*,#3004,.T.);
#11520 = FACE_BOUND('',#11521,.F.);
#11521 = EDGE_LOOP('',(#11522));
#11522 = ORIENTED_EDGE('',*,*,#3037,.T.);
#11523 = FACE_BOUND('',#11524,.F.);
#11524 = EDGE_LOOP('',(#11525));
#11525 = ORIENTED_EDGE('',*,*,#3070,.T.);
#11526 = FACE_BOUND('',#11527,.F.);
#11527 = EDGE_LOOP('',(#11528));
#11528 = ORIENTED_EDGE('',*,*,#3103,.T.);
#11529 = FACE_BOUND('',#11530,.F.);
#11530 = EDGE_LOOP('',(#11531));
#11531 = ORIENTED_EDGE('',*,*,#3136,.T.);
#11532 = FACE_BOUND('',#11533,.F.);
#11533 = EDGE_LOOP('',(#11534));
#11534 = ORIENTED_EDGE('',*,*,#3169,.T.);
#11535 = FACE_BOUND('',#11536,.F.);
#11536 = EDGE_LOOP('',(#11537));
#11537 = ORIENTED_EDGE('',*,*,#3202,.T.);
#11538 = FACE_BOUND('',#11539,.F.);
#11539 = EDGE_LOOP('',(#11540));
#11540 = ORIENTED_EDGE('',*,*,#3235,.T.);
#11541 = FACE_BOUND('',#11542,.F.);
#11542 = EDGE_LOOP('',(#11543));
#11543 = ORIENTED_EDGE('',*,*,#3268,.T.);
#11544 = FACE_BOUND('',#11545,.F.);
#11545 = EDGE_LOOP('',(#11546));
#11546 = ORIENTED_EDGE('',*,*,#3301,.T.);
#11547 = FACE_BOUND('',#11548,.F.);
#11548 = EDGE_LOOP('',(#11549));
#11549 = ORIENTED_EDGE('',*,*,#3334,.T.);
#11550 = FACE_BOUND('',#11551,.F.);
#11551 = EDGE_LOOP('',(#11552));
#11552 = ORIENTED_EDGE('',*,*,#3367,.T.);
#11553 = FACE_BOUND('',#11554,.F.);
#11554 = EDGE_LOOP('',(#11555));
#11555 = ORIENTED_EDGE('',*,*,#3400,.T.);
#11556 = FACE_BOUND('',#11557,.F.);
#11557 = EDGE_LOOP('',(#11558));
#11558 = ORIENTED_EDGE('',*,*,#3433,.T.);
#11559 = FACE_BOUND('',#11560,.F.);
#11560 = EDGE_LOOP('',(#11561));
#11561 = ORIENTED_EDGE('',*,*,#3466,.T.);
#11562 = FACE_BOUND('',#11563,.F.);
#11563 = EDGE_LOOP('',(#11564));
#11564 = ORIENTED_EDGE('',*,*,#3499,.T.);
#11565 = FACE_BOUND('',#11566,.F.);
#11566 = EDGE_LOOP('',(#11567));
#11567 = ORIENTED_EDGE('',*,*,#3532,.T.);
#11568 = FACE_BOUND('',#11569,.F.);
#11569 = EDGE_LOOP('',(#11570));
#11570 = ORIENTED_EDGE('',*,*,#3565,.T.);
#11571 = FACE_BOUND('',#11572,.F.);
#11572 = EDGE_LOOP('',(#11573));
#11573 = ORIENTED_EDGE('',*,*,#3598,.T.);
#11574 = FACE_BOUND('',#11575,.F.);
#11575 = EDGE_LOOP('',(#11576));
#11576 = ORIENTED_EDGE('',*,*,#3631,.T.);
#11577 = FACE_BOUND('',#11578,.F.);
#11578 = EDGE_LOOP('',(#11579));
#11579 = ORIENTED_EDGE('',*,*,#3664,.T.);
#11580 = FACE_BOUND('',#11581,.F.);
#11581 = EDGE_LOOP('',(#11582));
#11582 = ORIENTED_EDGE('',*,*,#3697,.T.);
#11583 = FACE_BOUND('',#11584,.F.);
#11584 = EDGE_LOOP('',(#11585));
#11585 = ORIENTED_EDGE('',*,*,#3730,.T.);
#11586 = FACE_BOUND('',#11587,.F.);
#11587 = EDGE_LOOP('',(#11588));
#11588 = ORIENTED_EDGE('',*,*,#3763,.T.);
#11589 = FACE_BOUND('',#11590,.F.);
#11590 = EDGE_LOOP('',(#11591));
#11591 = ORIENTED_EDGE('',*,*,#3796,.T.);
#11592 = FACE_BOUND('',#11593,.F.);
#11593 = EDGE_LOOP('',(#11594));
#11594 = ORIENTED_EDGE('',*,*,#3829,.T.);
#11595 = FACE_BOUND('',#11596,.F.);
#11596 = EDGE_LOOP('',(#11597));
#11597 = ORIENTED_EDGE('',*,*,#3862,.T.);
#11598 = FACE_BOUND('',#11599,.F.);
#11599 = EDGE_LOOP('',(#11600));
#11600 = ORIENTED_EDGE('',*,*,#3895,.T.);
#11601 = FACE_BOUND('',#11602,.F.);
#11602 = EDGE_LOOP('',(#11603));
#11603 = ORIENTED_EDGE('',*,*,#3928,.T.);
#11604 = FACE_BOUND('',#11605,.F.);
#11605 = EDGE_LOOP('',(#11606));
#11606 = ORIENTED_EDGE('',*,*,#3961,.T.);
#11607 = FACE_BOUND('',#11608,.F.);
#11608 = EDGE_LOOP('',(#11609));
#11609 = ORIENTED_EDGE('',*,*,#3994,.T.);
#11610 = FACE_BOUND('',#11611,.F.);
#11611 = EDGE_LOOP('',(#11612));
#11612 = ORIENTED_EDGE('',*,*,#4027,.T.);
#11613 = FACE_BOUND('',#11614,.F.);
#11614 = EDGE_LOOP('',(#11615));
#11615 = ORIENTED_EDGE('',*,*,#4060,.T.);
#11616 = FACE_BOUND('',#11617,.F.);
#11617 = EDGE_LOOP('',(#11618));
#11618 = ORIENTED_EDGE('',*,*,#4093,.T.);
#11619 = FACE_BOUND('',#11620,.F.);
#11620 = EDGE_LOOP('',(#11621));
#11621 = ORIENTED_EDGE('',*,*,#4126,.T.);
#11622 = FACE_BOUND('',#11623,.F.);
#11623 = EDGE_LOOP('',(#11624));
#11624 = ORIENTED_EDGE('',*,*,#4159,.T.);
#11625 = FACE_BOUND('',#11626,.F.);
#11626 = EDGE_LOOP('',(#11627));
#11627 = ORIENTED_EDGE('',*,*,#4192,.T.);
#11628 = FACE_BOUND('',#11629,.F.);
#11629 = EDGE_LOOP('',(#11630));
#11630 = ORIENTED_EDGE('',*,*,#4225,.T.);
#11631 = FACE_BOUND('',#11632,.F.);
#11632 = EDGE_LOOP('',(#11633));
#11633 = ORIENTED_EDGE('',*,*,#4258,.T.);
#11634 = FACE_BOUND('',#11635,.F.);
#11635 = EDGE_LOOP('',(#11636));
#11636 = ORIENTED_EDGE('',*,*,#4291,.T.);
#11637 = FACE_BOUND('',#11638,.F.);
#11638 = EDGE_LOOP('',(#11639));
#11639 = ORIENTED_EDGE('',*,*,#4324,.T.);
#11640 = FACE_BOUND('',#11641,.F.);
#11641 = EDGE_LOOP('',(#11642));
#11642 = ORIENTED_EDGE('',*,*,#4357,.T.);
#11643 = FACE_BOUND('',#11644,.F.);
#11644 = EDGE_LOOP('',(#11645));
#11645 = ORIENTED_EDGE('',*,*,#4390,.T.);
#11646 = FACE_BOUND('',#11647,.F.);
#11647 = EDGE_LOOP('',(#11648));
#11648 = ORIENTED_EDGE('',*,*,#4423,.T.);
#11649 = FACE_BOUND('',#11650,.F.);
#11650 = EDGE_LOOP('',(#11651));
#11651 = ORIENTED_EDGE('',*,*,#4456,.T.);
#11652 = FACE_BOUND('',#11653,.F.);
#11653 = EDGE_LOOP('',(#11654));
#11654 = ORIENTED_EDGE('',*,*,#4489,.T.);
#11655 = FACE_BOUND('',#11656,.F.);
#11656 = EDGE_LOOP('',(#11657));
#11657 = ORIENTED_EDGE('',*,*,#4522,.T.);
#11658 = FACE_BOUND('',#11659,.F.);
#11659 = EDGE_LOOP('',(#11660));
#11660 = ORIENTED_EDGE('',*,*,#4555,.T.);
#11661 = FACE_BOUND('',#11662,.F.);
#11662 = EDGE_LOOP('',(#11663));
#11663 = ORIENTED_EDGE('',*,*,#4588,.T.);
#11664 = FACE_BOUND('',#11665,.F.);
#11665 = EDGE_LOOP('',(#11666));
#11666 = ORIENTED_EDGE('',*,*,#4621,.T.);
#11667 = FACE_BOUND('',#11668,.F.);
#11668 = EDGE_LOOP('',(#11669));
#11669 = ORIENTED_EDGE('',*,*,#4654,.T.);
#11670 = FACE_BOUND('',#11671,.F.);
#11671 = EDGE_LOOP('',(#11672));
#11672 = ORIENTED_EDGE('',*,*,#4687,.T.);
#11673 = FACE_BOUND('',#11674,.F.);
#11674 = EDGE_LOOP('',(#11675));
#11675 = ORIENTED_EDGE('',*,*,#4720,.T.);
#11676 = FACE_BOUND('',#11677,.F.);
#11677 = EDGE_LOOP('',(#11678));
#11678 = ORIENTED_EDGE('',*,*,#4753,.T.);
#11679 = FACE_BOUND('',#11680,.F.);
#11680 = EDGE_LOOP('',(#11681));
#11681 = ORIENTED_EDGE('',*,*,#4786,.T.);
#11682 = FACE_BOUND('',#11683,.F.);
#11683 = EDGE_LOOP('',(#11684));
#11684 = ORIENTED_EDGE('',*,*,#4819,.T.);
#11685 = FACE_BOUND('',#11686,.F.);
#11686 = EDGE_LOOP('',(#11687));
#11687 = ORIENTED_EDGE('',*,*,#4852,.T.);
#11688 = FACE_BOUND('',#11689,.F.);
#11689 = EDGE_LOOP('',(#11690));
#11690 = ORIENTED_EDGE('',*,*,#4885,.T.);
#11691 = FACE_BOUND('',#11692,.F.);
#11692 = EDGE_LOOP('',(#11693));
#11693 = ORIENTED_EDGE('',*,*,#4918,.T.);
#11694 = FACE_BOUND('',#11695,.F.);
#11695 = EDGE_LOOP('',(#11696));
#11696 = ORIENTED_EDGE('',*,*,#4951,.T.);
#11697 = FACE_BOUND('',#11698,.F.);
#11698 = EDGE_LOOP('',(#11699));
#11699 = ORIENTED_EDGE('',*,*,#4984,.T.);
#11700 = FACE_BOUND('',#11701,.F.);
#11701 = EDGE_LOOP('',(#11702));
#11702 = ORIENTED_EDGE('',*,*,#5017,.T.);
#11703 = FACE_BOUND('',#11704,.F.);
#11704 = EDGE_LOOP('',(#11705));
#11705 = ORIENTED_EDGE('',*,*,#5050,.T.);
#11706 = FACE_BOUND('',#11707,.F.);
#11707 = EDGE_LOOP('',(#11708));
#11708 = ORIENTED_EDGE('',*,*,#5083,.T.);
#11709 = FACE_BOUND('',#11710,.F.);
#11710 = EDGE_LOOP('',(#11711));
#11711 = ORIENTED_EDGE('',*,*,#5116,.T.);
#11712 = FACE_BOUND('',#11713,.F.);
#11713 = EDGE_LOOP('',(#11714));
#11714 = ORIENTED_EDGE('',*,*,#5149,.T.);
#11715 = FACE_BOUND('',#11716,.F.);
#11716 = EDGE_LOOP('',(#11717));
#11717 = ORIENTED_EDGE('',*,*,#5182,.T.);
#11718 = FACE_BOUND('',#11719,.F.);
#11719 = EDGE_LOOP('',(#11720));
#11720 = ORIENTED_EDGE('',*,*,#5215,.T.);
#11721 = FACE_BOUND('',#11722,.F.);
#11722 = EDGE_LOOP('',(#11723));
#11723 = ORIENTED_EDGE('',*,*,#5248,.T.);
#11724 = FACE_BOUND('',#11725,.F.);
#11725 = EDGE_LOOP('',(#11726));
#11726 = ORIENTED_EDGE('',*,*,#5281,.T.);
#11727 = FACE_BOUND('',#11728,.F.);
#11728 = EDGE_LOOP('',(#11729));
#11729 = ORIENTED_EDGE('',*,*,#5314,.T.);
#11730 = FACE_BOUND('',#11731,.F.);
#11731 = EDGE_LOOP('',(#11732));
#11732 = ORIENTED_EDGE('',*,*,#5347,.T.);
#11733 = FACE_BOUND('',#11734,.F.);
#11734 = EDGE_LOOP('',(#11735));
#11735 = ORIENTED_EDGE('',*,*,#5380,.T.);
#11736 = FACE_BOUND('',#11737,.F.);
#11737 = EDGE_LOOP('',(#11738));
#11738 = ORIENTED_EDGE('',*,*,#5413,.T.);
#11739 = FACE_BOUND('',#11740,.F.);
#11740 = EDGE_LOOP('',(#11741));
#11741 = ORIENTED_EDGE('',*,*,#5446,.T.);
#11742 = FACE_BOUND('',#11743,.F.);
#11743 = EDGE_LOOP('',(#11744));
#11744 = ORIENTED_EDGE('',*,*,#5479,.T.);
#11745 = FACE_BOUND('',#11746,.F.);
#11746 = EDGE_LOOP('',(#11747));
#11747 = ORIENTED_EDGE('',*,*,#5512,.T.);
#11748 = FACE_BOUND('',#11749,.F.);
#11749 = EDGE_LOOP('',(#11750));
#11750 = ORIENTED_EDGE('',*,*,#5545,.T.);
#11751 = FACE_BOUND('',#11752,.F.);
#11752 = EDGE_LOOP('',(#11753));
#11753 = ORIENTED_EDGE('',*,*,#5578,.T.);
#11754 = FACE_BOUND('',#11755,.F.);
#11755 = EDGE_LOOP('',(#11756));
#11756 = ORIENTED_EDGE('',*,*,#5611,.T.);
#11757 = FACE_BOUND('',#11758,.F.);
#11758 = EDGE_LOOP('',(#11759));
#11759 = ORIENTED_EDGE('',*,*,#5644,.T.);
#11760 = FACE_BOUND('',#11761,.F.);
#11761 = EDGE_LOOP('',(#11762));
#11762 = ORIENTED_EDGE('',*,*,#5677,.T.);
#11763 = FACE_BOUND('',#11764,.F.);
#11764 = EDGE_LOOP('',(#11765));
#11765 = ORIENTED_EDGE('',*,*,#5710,.T.);
#11766 = FACE_BOUND('',#11767,.F.);
#11767 = EDGE_LOOP('',(#11768));
#11768 = ORIENTED_EDGE('',*,*,#5743,.T.);
#11769 = FACE_BOUND('',#11770,.F.);
#11770 = EDGE_LOOP('',(#11771));
#11771 = ORIENTED_EDGE('',*,*,#5776,.T.);
#11772 = FACE_BOUND('',#11773,.F.);
#11773 = EDGE_LOOP('',(#11774));
#11774 = ORIENTED_EDGE('',*,*,#5809,.T.);
#11775 = FACE_BOUND('',#11776,.F.);
#11776 = EDGE_LOOP('',(#11777));
#11777 = ORIENTED_EDGE('',*,*,#5842,.T.);
#11778 = FACE_BOUND('',#11779,.F.);
#11779 = EDGE_LOOP('',(#11780));
#11780 = ORIENTED_EDGE('',*,*,#5875,.T.);
#11781 = FACE_BOUND('',#11782,.F.);
#11782 = EDGE_LOOP('',(#11783));
#11783 = ORIENTED_EDGE('',*,*,#5908,.T.);
#11784 = FACE_BOUND('',#11785,.F.);
#11785 = EDGE_LOOP('',(#11786));
#11786 = ORIENTED_EDGE('',*,*,#5941,.T.);
#11787 = FACE_BOUND('',#11788,.F.);
#11788 = EDGE_LOOP('',(#11789));
#11789 = ORIENTED_EDGE('',*,*,#5974,.T.);
#11790 = FACE_BOUND('',#11791,.F.);
#11791 = EDGE_LOOP('',(#11792));
#11792 = ORIENTED_EDGE('',*,*,#6007,.T.);
#11793 = FACE_BOUND('',#11794,.F.);
#11794 = EDGE_LOOP('',(#11795));
#11795 = ORIENTED_EDGE('',*,*,#6040,.T.);
#11796 = FACE_BOUND('',#11797,.F.);
#11797 = EDGE_LOOP('',(#11798));
#11798 = ORIENTED_EDGE('',*,*,#6073,.T.);
#11799 = FACE_BOUND('',#11800,.F.);
#11800 = EDGE_LOOP('',(#11801));
#11801 = ORIENTED_EDGE('',*,*,#6106,.T.);
#11802 = FACE_BOUND('',#11803,.F.);
#11803 = EDGE_LOOP('',(#11804));
#11804 = ORIENTED_EDGE('',*,*,#6139,.T.);
#11805 = FACE_BOUND('',#11806,.F.);
#11806 = EDGE_LOOP('',(#11807));
#11807 = ORIENTED_EDGE('',*,*,#6172,.T.);
#11808 = FACE_BOUND('',#11809,.F.);
#11809 = EDGE_LOOP('',(#11810));
#11810 = ORIENTED_EDGE('',*,*,#6205,.T.);
#11811 = FACE_BOUND('',#11812,.F.);
#11812 = EDGE_LOOP('',(#11813));
#11813 = ORIENTED_EDGE('',*,*,#6238,.T.);
#11814 = FACE_BOUND('',#11815,.F.);
#11815 = EDGE_LOOP('',(#11816));
#11816 = ORIENTED_EDGE('',*,*,#6271,.T.);
#11817 = FACE_BOUND('',#11818,.F.);
#11818 = EDGE_LOOP('',(#11819));
#11819 = ORIENTED_EDGE('',*,*,#6304,.T.);
#11820 = FACE_BOUND('',#11821,.F.);
#11821 = EDGE_LOOP('',(#11822));
#11822 = ORIENTED_EDGE('',*,*,#6337,.T.);
#11823 = FACE_BOUND('',#11824,.F.);
#11824 = EDGE_LOOP('',(#11825));
#11825 = ORIENTED_EDGE('',*,*,#6370,.T.);
#11826 = FACE_BOUND('',#11827,.F.);
#11827 = EDGE_LOOP('',(#11828));
#11828 = ORIENTED_EDGE('',*,*,#6403,.T.);
#11829 = FACE_BOUND('',#11830,.F.);
#11830 = EDGE_LOOP('',(#11831));
#11831 = ORIENTED_EDGE('',*,*,#6436,.T.);
#11832 = FACE_BOUND('',#11833,.F.);
#11833 = EDGE_LOOP('',(#11834));
#11834 = ORIENTED_EDGE('',*,*,#6469,.T.);
#11835 = FACE_BOUND('',#11836,.F.);
#11836 = EDGE_LOOP('',(#11837));
#11837 = ORIENTED_EDGE('',*,*,#6502,.T.);
#11838 = FACE_BOUND('',#11839,.F.);
#11839 = EDGE_LOOP('',(#11840));
#11840 = ORIENTED_EDGE('',*,*,#6535,.T.);
#11841 = FACE_BOUND('',#11842,.F.);
#11842 = EDGE_LOOP('',(#11843));
#11843 = ORIENTED_EDGE('',*,*,#6568,.T.);
#11844 = FACE_BOUND('',#11845,.F.);
#11845 = EDGE_LOOP('',(#11846));
#11846 = ORIENTED_EDGE('',*,*,#6601,.T.);
#11847 = FACE_BOUND('',#11848,.F.);
#11848 = EDGE_LOOP('',(#11849));
#11849 = ORIENTED_EDGE('',*,*,#6634,.T.);
#11850 = FACE_BOUND('',#11851,.F.);
#11851 = EDGE_LOOP('',(#11852));
#11852 = ORIENTED_EDGE('',*,*,#6667,.T.);
#11853 = FACE_BOUND('',#11854,.F.);
#11854 = EDGE_LOOP('',(#11855));
#11855 = ORIENTED_EDGE('',*,*,#6700,.T.);
#11856 = FACE_BOUND('',#11857,.F.);
#11857 = EDGE_LOOP('',(#11858));
#11858 = ORIENTED_EDGE('',*,*,#6733,.T.);
#11859 = FACE_BOUND('',#11860,.F.);
#11860 = EDGE_LOOP('',(#11861));
#11861 = ORIENTED_EDGE('',*,*,#6766,.T.);
#11862 = FACE_BOUND('',#11863,.F.);
#11863 = EDGE_LOOP('',(#11864));
#11864 = ORIENTED_EDGE('',*,*,#6799,.T.);
#11865 = FACE_BOUND('',#11866,.F.);
#11866 = EDGE_LOOP('',(#11867));
#11867 = ORIENTED_EDGE('',*,*,#6832,.T.);
#11868 = FACE_BOUND('',#11869,.F.);
#11869 = EDGE_LOOP('',(#11870));
#11870 = ORIENTED_EDGE('',*,*,#6865,.T.);
#11871 = FACE_BOUND('',#11872,.F.);
#11872 = EDGE_LOOP('',(#11873));
#11873 = ORIENTED_EDGE('',*,*,#6898,.T.);
#11874 = FACE_BOUND('',#11875,.F.);
#11875 = EDGE_LOOP('',(#11876));
#11876 = ORIENTED_EDGE('',*,*,#6931,.T.);
#11877 = FACE_BOUND('',#11878,.F.);
#11878 = EDGE_LOOP('',(#11879));
#11879 = ORIENTED_EDGE('',*,*,#6964,.T.);
#11880 = FACE_BOUND('',#11881,.F.);
#11881 = EDGE_LOOP('',(#11882));
#11882 = ORIENTED_EDGE('',*,*,#6997,.T.);
#11883 = FACE_BOUND('',#11884,.F.);
#11884 = EDGE_LOOP('',(#11885));
#11885 = ORIENTED_EDGE('',*,*,#7030,.T.);
#11886 = FACE_BOUND('',#11887,.F.);
#11887 = EDGE_LOOP('',(#11888));
#11888 = ORIENTED_EDGE('',*,*,#7063,.T.);
#11889 = FACE_BOUND('',#11890,.F.);
#11890 = EDGE_LOOP('',(#11891));
#11891 = ORIENTED_EDGE('',*,*,#7096,.T.);
#11892 = FACE_BOUND('',#11893,.F.);
#11893 = EDGE_LOOP('',(#11894));
#11894 = ORIENTED_EDGE('',*,*,#7129,.T.);
#11895 = FACE_BOUND('',#11896,.F.);
#11896 = EDGE_LOOP('',(#11897));
#11897 = ORIENTED_EDGE('',*,*,#7162,.T.);
#11898 = FACE_BOUND('',#11899,.F.);
#11899 = EDGE_LOOP('',(#11900));
#11900 = ORIENTED_EDGE('',*,*,#7195,.T.);
#11901 = FACE_BOUND('',#11902,.F.);
#11902 = EDGE_LOOP('',(#11903));
#11903 = ORIENTED_EDGE('',*,*,#7228,.T.);
#11904 = FACE_BOUND('',#11905,.F.);
#11905 = EDGE_LOOP('',(#11906));
#11906 = ORIENTED_EDGE('',*,*,#7261,.T.);
#11907 = FACE_BOUND('',#11908,.F.);
#11908 = EDGE_LOOP('',(#11909));
#11909 = ORIENTED_EDGE('',*,*,#7294,.T.);
#11910 = FACE_BOUND('',#11911,.F.);
#11911 = EDGE_LOOP('',(#11912));
#11912 = ORIENTED_EDGE('',*,*,#7327,.T.);
#11913 = FACE_BOUND('',#11914,.F.);
#11914 = EDGE_LOOP('',(#11915));
#11915 = ORIENTED_EDGE('',*,*,#7360,.T.);
#11916 = FACE_BOUND('',#11917,.F.);
#11917 = EDGE_LOOP('',(#11918));
#11918 = ORIENTED_EDGE('',*,*,#7393,.T.);
#11919 = FACE_BOUND('',#11920,.F.);
#11920 = EDGE_LOOP('',(#11921));
#11921 = ORIENTED_EDGE('',*,*,#7426,.T.);
#11922 = FACE_BOUND('',#11923,.F.);
#11923 = EDGE_LOOP('',(#11924));
#11924 = ORIENTED_EDGE('',*,*,#7459,.T.);
#11925 = FACE_BOUND('',#11926,.F.);
#11926 = EDGE_LOOP('',(#11927));
#11927 = ORIENTED_EDGE('',*,*,#7492,.T.);
#11928 = FACE_BOUND('',#11929,.F.);
#11929 = EDGE_LOOP('',(#11930));
#11930 = ORIENTED_EDGE('',*,*,#7525,.T.);
#11931 = FACE_BOUND('',#11932,.F.);
#11932 = EDGE_LOOP('',(#11933));
#11933 = ORIENTED_EDGE('',*,*,#7558,.T.);
#11934 = FACE_BOUND('',#11935,.F.);
#11935 = EDGE_LOOP('',(#11936));
#11936 = ORIENTED_EDGE('',*,*,#7591,.T.);
#11937 = FACE_BOUND('',#11938,.F.);
#11938 = EDGE_LOOP('',(#11939));
#11939 = ORIENTED_EDGE('',*,*,#7624,.T.);
#11940 = FACE_BOUND('',#11941,.F.);
#11941 = EDGE_LOOP('',(#11942));
#11942 = ORIENTED_EDGE('',*,*,#7657,.T.);
#11943 = FACE_BOUND('',#11944,.F.);
#11944 = EDGE_LOOP('',(#11945));
#11945 = ORIENTED_EDGE('',*,*,#7690,.T.);
#11946 = FACE_BOUND('',#11947,.F.);
#11947 = EDGE_LOOP('',(#11948));
#11948 = ORIENTED_EDGE('',*,*,#7723,.T.);
#11949 = FACE_BOUND('',#11950,.F.);
#11950 = EDGE_LOOP('',(#11951));
#11951 = ORIENTED_EDGE('',*,*,#7756,.T.);
#11952 = FACE_BOUND('',#11953,.F.);
#11953 = EDGE_LOOP('',(#11954));
#11954 = ORIENTED_EDGE('',*,*,#7789,.T.);
#11955 = FACE_BOUND('',#11956,.F.);
#11956 = EDGE_LOOP('',(#11957));
#11957 = ORIENTED_EDGE('',*,*,#7822,.T.);
#11958 = FACE_BOUND('',#11959,.F.);
#11959 = EDGE_LOOP('',(#11960));
#11960 = ORIENTED_EDGE('',*,*,#7855,.T.);
#11961 = FACE_BOUND('',#11962,.F.);
#11962 = EDGE_LOOP('',(#11963));
#11963 = ORIENTED_EDGE('',*,*,#7888,.T.);
#11964 = FACE_BOUND('',#11965,.F.);
#11965 = EDGE_LOOP('',(#11966));
#11966 = ORIENTED_EDGE('',*,*,#7921,.T.);
#11967 = FACE_BOUND('',#11968,.F.);
#11968 = EDGE_LOOP('',(#11969));
#11969 = ORIENTED_EDGE('',*,*,#7954,.T.);
#11970 = FACE_BOUND('',#11971,.F.);
#11971 = EDGE_LOOP('',(#11972));
#11972 = ORIENTED_EDGE('',*,*,#7987,.T.);
#11973 = FACE_BOUND('',#11974,.F.);
#11974 = EDGE_LOOP('',(#11975));
#11975 = ORIENTED_EDGE('',*,*,#8020,.T.);
#11976 = FACE_BOUND('',#11977,.F.);
#11977 = EDGE_LOOP('',(#11978));
#11978 = ORIENTED_EDGE('',*,*,#8053,.T.);
#11979 = FACE_BOUND('',#11980,.F.);
#11980 = EDGE_LOOP('',(#11981));
#11981 = ORIENTED_EDGE('',*,*,#8086,.T.);
#11982 = FACE_BOUND('',#11983,.F.);
#11983 = EDGE_LOOP('',(#11984));
#11984 = ORIENTED_EDGE('',*,*,#8119,.T.);
#11985 = FACE_BOUND('',#11986,.F.);
#11986 = EDGE_LOOP('',(#11987));
#11987 = ORIENTED_EDGE('',*,*,#8152,.T.);
#11988 = FACE_BOUND('',#11989,.F.);
#11989 = EDGE_LOOP('',(#11990));
#11990 = ORIENTED_EDGE('',*,*,#8185,.T.);
#11991 = FACE_BOUND('',#11992,.F.);
#11992 = EDGE_LOOP('',(#11993));
#11993 = ORIENTED_EDGE('',*,*,#8218,.T.);
#11994 = FACE_BOUND('',#11995,.F.);
#11995 = EDGE_LOOP('',(#11996));
#11996 = ORIENTED_EDGE('',*,*,#8251,.T.);
#11997 = FACE_BOUND('',#11998,.F.);
#11998 = EDGE_LOOP('',(#11999));
#11999 = ORIENTED_EDGE('',*,*,#8284,.T.);
#12000 = FACE_BOUND('',#12001,.F.);
#12001 = EDGE_LOOP('',(#12002));
#12002 = ORIENTED_EDGE('',*,*,#8317,.T.);
#12003 = FACE_BOUND('',#12004,.F.);
#12004 = EDGE_LOOP('',(#12005));
#12005 = ORIENTED_EDGE('',*,*,#8350,.T.);
#12006 = FACE_BOUND('',#12007,.F.);
#12007 = EDGE_LOOP('',(#12008));
#12008 = ORIENTED_EDGE('',*,*,#8383,.T.);
#12009 = FACE_BOUND('',#12010,.F.);
#12010 = EDGE_LOOP('',(#12011));
#12011 = ORIENTED_EDGE('',*,*,#8416,.T.);
#12012 = FACE_BOUND('',#12013,.F.);
#12013 = EDGE_LOOP('',(#12014));
#12014 = ORIENTED_EDGE('',*,*,#8449,.T.);
#12015 = FACE_BOUND('',#12016,.F.);
#12016 = EDGE_LOOP('',(#12017));
#12017 = ORIENTED_EDGE('',*,*,#8482,.T.);
#12018 = FACE_BOUND('',#12019,.F.);
#12019 = EDGE_LOOP('',(#12020));
#12020 = ORIENTED_EDGE('',*,*,#8515,.T.);
#12021 = FACE_BOUND('',#12022,.F.);
#12022 = EDGE_LOOP('',(#12023));
#12023 = ORIENTED_EDGE('',*,*,#8548,.T.);
#12024 = FACE_BOUND('',#12025,.F.);
#12025 = EDGE_LOOP('',(#12026));
#12026 = ORIENTED_EDGE('',*,*,#8581,.T.);
#12027 = FACE_BOUND('',#12028,.F.);
#12028 = EDGE_LOOP('',(#12029));
#12029 = ORIENTED_EDGE('',*,*,#8614,.T.);
#12030 = FACE_BOUND('',#12031,.F.);
#12031 = EDGE_LOOP('',(#12032));
#12032 = ORIENTED_EDGE('',*,*,#8647,.T.);
#12033 = FACE_BOUND('',#12034,.F.);
#12034 = EDGE_LOOP('',(#12035));
#12035 = ORIENTED_EDGE('',*,*,#8680,.T.);
#12036 = FACE_BOUND('',#12037,.F.);
#12037 = EDGE_LOOP('',(#12038));
#12038 = ORIENTED_EDGE('',*,*,#8713,.T.);
#12039 = FACE_BOUND('',#12040,.F.);
#12040 = EDGE_LOOP('',(#12041));
#12041 = ORIENTED_EDGE('',*,*,#8746,.T.);
#12042 = FACE_BOUND('',#12043,.F.);
#12043 = EDGE_LOOP('',(#12044));
#12044 = ORIENTED_EDGE('',*,*,#8779,.T.);
#12045 = FACE_BOUND('',#12046,.F.);
#12046 = EDGE_LOOP('',(#12047));
#12047 = ORIENTED_EDGE('',*,*,#8812,.T.);
#12048 = FACE_BOUND('',#12049,.F.);
#12049 = EDGE_LOOP('',(#12050));
#12050 = ORIENTED_EDGE('',*,*,#8845,.T.);
#12051 = FACE_BOUND('',#12052,.F.);
#12052 = EDGE_LOOP('',(#12053));
#12053 = ORIENTED_EDGE('',*,*,#8878,.T.);
#12054 = FACE_BOUND('',#12055,.F.);
#12055 = EDGE_LOOP('',(#12056));
#12056 = ORIENTED_EDGE('',*,*,#8911,.T.);
#12057 = FACE_BOUND('',#12058,.F.);
#12058 = EDGE_LOOP('',(#12059));
#12059 = ORIENTED_EDGE('',*,*,#8944,.T.);
#12060 = FACE_BOUND('',#12061,.F.);
#12061 = EDGE_LOOP('',(#12062));
#12062 = ORIENTED_EDGE('',*,*,#8977,.T.);
#12063 = FACE_BOUND('',#12064,.F.);
#12064 = EDGE_LOOP('',(#12065));
#12065 = ORIENTED_EDGE('',*,*,#9010,.T.);
#12066 = FACE_BOUND('',#12067,.F.);
#12067 = EDGE_LOOP('',(#12068));
#12068 = ORIENTED_EDGE('',*,*,#9043,.T.);
#12069 = FACE_BOUND('',#12070,.F.);
#12070 = EDGE_LOOP('',(#12071));
#12071 = ORIENTED_EDGE('',*,*,#9076,.T.);
#12072 = FACE_BOUND('',#12073,.F.);
#12073 = EDGE_LOOP('',(#12074));
#12074 = ORIENTED_EDGE('',*,*,#9109,.T.);
#12075 = FACE_BOUND('',#12076,.F.);
#12076 = EDGE_LOOP('',(#12077));
#12077 = ORIENTED_EDGE('',*,*,#9142,.T.);
#12078 = FACE_BOUND('',#12079,.F.);
#12079 = EDGE_LOOP('',(#12080));
#12080 = ORIENTED_EDGE('',*,*,#9175,.T.);
#12081 = FACE_BOUND('',#12082,.F.);
#12082 = EDGE_LOOP('',(#12083));
#12083 = ORIENTED_EDGE('',*,*,#9208,.T.);
#12084 = FACE_BOUND('',#12085,.F.);
#12085 = EDGE_LOOP('',(#12086));
#12086 = ORIENTED_EDGE('',*,*,#9241,.T.);
#12087 = FACE_BOUND('',#12088,.F.);
#12088 = EDGE_LOOP('',(#12089));
#12089 = ORIENTED_EDGE('',*,*,#9274,.T.);
#12090 = FACE_BOUND('',#12091,.F.);
#12091 = EDGE_LOOP('',(#12092));
#12092 = ORIENTED_EDGE('',*,*,#9307,.T.);
#12093 = FACE_BOUND('',#12094,.F.);
#12094 = EDGE_LOOP('',(#12095));
#12095 = ORIENTED_EDGE('',*,*,#9340,.T.);
#12096 = FACE_BOUND('',#12097,.F.);
#12097 = EDGE_LOOP('',(#12098));
#12098 = ORIENTED_EDGE('',*,*,#9373,.T.);
#12099 = FACE_BOUND('',#12100,.F.);
#12100 = EDGE_LOOP('',(#12101));
#12101 = ORIENTED_EDGE('',*,*,#9406,.T.);
#12102 = FACE_BOUND('',#12103,.F.);
#12103 = EDGE_LOOP('',(#12104));
#12104 = ORIENTED_EDGE('',*,*,#9439,.T.);
#12105 = FACE_BOUND('',#12106,.F.);
#12106 = EDGE_LOOP('',(#12107));
#12107 = ORIENTED_EDGE('',*,*,#9472,.T.);
#12108 = FACE_BOUND('',#12109,.F.);
#12109 = EDGE_LOOP('',(#12110));
#12110 = ORIENTED_EDGE('',*,*,#9505,.T.);
#12111 = FACE_BOUND('',#12112,.F.);
#12112 = EDGE_LOOP('',(#12113));
#12113 = ORIENTED_EDGE('',*,*,#9538,.T.);
#12114 = FACE_BOUND('',#12115,.F.);
#12115 = EDGE_LOOP('',(#12116));
#12116 = ORIENTED_EDGE('',*,*,#9571,.T.);
#12117 = FACE_BOUND('',#12118,.F.);
#12118 = EDGE_LOOP('',(#12119));
#12119 = ORIENTED_EDGE('',*,*,#9604,.T.);
#12120 = FACE_BOUND('',#12121,.F.);
#12121 = EDGE_LOOP('',(#12122));
#12122 = ORIENTED_EDGE('',*,*,#9637,.T.);
#12123 = FACE_BOUND('',#12124,.F.);
#12124 = EDGE_LOOP('',(#12125));
#12125 = ORIENTED_EDGE('',*,*,#9670,.T.);
#12126 = FACE_BOUND('',#12127,.F.);
#12127 = EDGE_LOOP('',(#12128));
#12128 = ORIENTED_EDGE('',*,*,#9703,.T.);
#12129 = FACE_BOUND('',#12130,.F.);
#12130 = EDGE_LOOP('',(#12131));
#12131 = ORIENTED_EDGE('',*,*,#9736,.T.);
#12132 = FACE_BOUND('',#12133,.F.);
#12133 = EDGE_LOOP('',(#12134));
#12134 = ORIENTED_EDGE('',*,*,#9769,.T.);
#12135 = FACE_BOUND('',#12136,.F.);
#12136 = EDGE_LOOP('',(#12137));
#12137 = ORIENTED_EDGE('',*,*,#9802,.T.);
#12138 = FACE_BOUND('',#12139,.F.);
#12139 = EDGE_LOOP('',(#12140));
#12140 = ORIENTED_EDGE('',*,*,#9835,.T.);
#12141 = FACE_BOUND('',#12142,.F.);
#12142 = EDGE_LOOP('',(#12143));
#12143 = ORIENTED_EDGE('',*,*,#9868,.T.);
#12144 = FACE_BOUND('',#12145,.F.);
#12145 = EDGE_LOOP('',(#12146));
#12146 = ORIENTED_EDGE('',*,*,#9901,.T.);
#12147 = FACE_BOUND('',#12148,.F.);
#12148 = EDGE_LOOP('',(#12149));
#12149 = ORIENTED_EDGE('',*,*,#9934,.T.);
#12150 = FACE_BOUND('',#12151,.F.);
#12151 = EDGE_LOOP('',(#12152));
#12152 = ORIENTED_EDGE('',*,*,#9967,.T.);
#12153 = FACE_BOUND('',#12154,.F.);
#12154 = EDGE_LOOP('',(#12155));
#12155 = ORIENTED_EDGE('',*,*,#10000,.T.);
#12156 = FACE_BOUND('',#12157,.F.);
#12157 = EDGE_LOOP('',(#12158));
#12158 = ORIENTED_EDGE('',*,*,#10033,.T.);
#12159 = FACE_BOUND('',#12160,.F.);
#12160 = EDGE_LOOP('',(#12161));
#12161 = ORIENTED_EDGE('',*,*,#10066,.T.);
#12162 = FACE_BOUND('',#12163,.F.);
#12163 = EDGE_LOOP('',(#12164));
#12164 = ORIENTED_EDGE('',*,*,#10099,.T.);
#12165 = FACE_BOUND('',#12166,.F.);
#12166 = EDGE_LOOP('',(#12167));
#12167 = ORIENTED_EDGE('',*,*,#10132,.T.);
#12168 = FACE_BOUND('',#12169,.F.);
#12169 = EDGE_LOOP('',(#12170));
#12170 = ORIENTED_EDGE('',*,*,#10165,.T.);
#12171 = FACE_BOUND('',#12172,.F.);
#12172 = EDGE_LOOP('',(#12173));
#12173 = ORIENTED_EDGE('',*,*,#10198,.T.);
#12174 = FACE_BOUND('',#12175,.F.);
#12175 = EDGE_LOOP('',(#12176));
#12176 = ORIENTED_EDGE('',*,*,#10231,.T.);
#12177 = FACE_BOUND('',#12178,.F.);
#12178 = EDGE_LOOP('',(#12179));
#12179 = ORIENTED_EDGE('',*,*,#10264,.T.);
#12180 = FACE_BOUND('',#12181,.F.);
#12181 = EDGE_LOOP('',(#12182));
#12182 = ORIENTED_EDGE('',*,*,#10297,.T.);
#12183 = PLANE('',#12184);
#12184 = AXIS2_PLACEMENT_3D('',#12185,#12186,#12187);
#12185 = CARTESIAN_POINT('',(-119.38,-29.845,-1.));
#12186 = DIRECTION('',(0.E+000,0.E+000,-1.));
#12187 = DIRECTION('',(-1.,0.E+000,-0.E+000));
#12188 = ( GEOMETRIC_REPRESENTATION_CONTEXT(3) 
GLOBAL_UNCERTAINTY_ASSIGNED_CONTEXT((#12192)) 
GLOBAL_UNIT_ASSIGNED_CONTEXT((#12189,#12190,#12191)) 
REPRESENTATION_CONTEXT('Context #1',
  '3D Context with UNIT and UNCERTAINTY') );
#12189 = ( LENGTH_UNIT() NAMED_UNIT(*) SI_UNIT(.MILLI.,.METRE.) );
#12190 = ( NAMED_UNIT(*) PLANE_ANGLE_UNIT() SI_UNIT($,.RADIAN.) );
#12191 = ( NAMED_UNIT(*) SI_UNIT($,.STERADIAN.) SOLID_ANGLE_UNIT() );
#12192 = UNCERTAINTY_MEASURE_WITH_UNIT(LENGTH_MEASURE(1.E-007),#12189,
  'distance_accuracy_value','confusion accuracy');
#12193 = SHAPE_DEFINITION_REPRESENTATION(#12194,#25);
#12194 = PRODUCT_DEFINITION_SHAPE('','',#12195);
#12195 = PRODUCT_DEFINITION('design','',#12196,#12199);
#12196 = PRODUCT_DEFINITION_FORMATION('','',#12197);
#12197 = PRODUCT('Board','Board','',(#12198));
#12198 = PRODUCT_CONTEXT('',#2,'mechanical');
#12199 = PRODUCT_DEFINITION_CONTEXT('part definition',#2,'design');
#12200 = CONTEXT_DEPENDENT_SHAPE_REPRESENTATION(#12201,#12203);
#12201 = ( REPRESENTATION_RELATIONSHIP('','',#25,#10) 
REPRESENTATION_RELATIONSHIP_WITH_TRANSFORMATION(#12202) 
SHAPE_REPRESENTATION_RELATIONSHIP() );
#12202 = ITEM_DEFINED_TRANSFORMATION('','',#11,#15);
#12203 = PRODUCT_DEFINITION_SHAPE('Placement','Placement of an item',
  #12204);
#12204 = NEXT_ASSEMBLY_USAGE_OCCURRENCE('1','Board','',#5,#12195,$);
#12205 = PRODUCT_RELATED_PRODUCT_CATEGORY('part',$,(#12197));
#12206 = MECHANICAL_DESIGN_GEOMETRIC_PRESENTATION_REPRESENTATION('',(
    #12207),#12188);
#12207 = STYLED_ITEM('color',(#12208),#26);
#12208 = PRESENTATION_STYLE_ASSIGNMENT((#12209));
#12209 = SURFACE_STYLE_USAGE(.BOTH.,#12210);
#12210 = SURFACE_SIDE_STYLE('',(#12211));
#12211 = SURFACE_STYLE_FILL_AREA(#12212);
#12212 = FILL_AREA_STYLE('',(#12213));
#12213 = FILL_AREA_STYLE_COLOUR('',#12214);
#12214 = COLOUR_RGB('',0.E+000,0.352941185236,0.E+000);
ENDSEC;
END-ISO-10303-21;
