c1,c2,c3,c4,c5,c6,c7,c8,c9,c10,c11,c12,c13,c14,c15,c16,c17,c18,c19,c20,c21,c22,c23,c24,c25,c26,c27,c28,c29,c30,c31,c32,c33,c34,c35,c36
26,201,-54,-47,-70,1012,-1182,1630,3203,-32,-6,-4,-1,0,92,280,59,238,-1232,280,1150,1150,1158,1155,0,0,0,0,0,0,0,4,-2,0,0,122
76,-32,51,43,63,1016,-144,-261,-3388,5,12,-4,0,0,120,477,48,209,-1200,331,1163,1150,1150,1150,0,0,0,0,0,0,0,-4,13,-2,4,119
126,99,-39,-23,61,1053,526,287,3447,-9,1,-6,-1,1,121,485,65,198,-1116,485,1150,1150,1150,1150,0,0,0,0,0,0,0,0,9,-2,4,117
,,,,,,,,,,,,,,,,,,,,,,,,,,,,,,,,,,,
,,,,,,,,,,,,,,,,,,,,,,,,,,,,,,,,,,,
276,96,124,12,-53,1058,1442,1264,1555,-20,22,-6,-1,2,157,817,46,72,-1056,613,1150,1150,1150,1162,0,0,0,0,0,0,0,0,-7,6,38,121
326,-128,-153,54,-29,977,-999,-139,-1495,4,-4,-6,0,0,168,936,56,6,-928,936,1178,1150,1150,1150,0,0,0,0,0,0,0,0,3,13,45,119
376,321,179,-81,-24,1063,1381,897,3692,-33,7,-2,0,0,167,925,40,-16,-932,925,1150,1150,1185,1214,0,0,0,0,0,0,0,8,-9,29,46,121
426,-226,-74,103,-130,951,-2891,-1299,-4242,-1,12,-4,-1,1,167,925,48,59,-932,925,1235,1150,1150,1150,0,0,0,0,0,0,0,8,-13,43,48,127
476,197,-21,-17,45,1064,3029,104,3936,-18,0,-2,-1,0,166,913,49,14,-936,913,1150,1150,1162,1228,0,0,0,0,0,0,0,-4,-31,51,35,122
526,-262,-398,137,-137,892,-1792,-3923,-3388,0,-7,-4,-1,2,168,936,75,27,-928,936,1235,1183,1150,1150,0,0,0,0,0,0,0,-12,-14,53,30,129
576,169,67,5,-6,1047,1076,836,5584,-18,13,-2,0,1,191,1210,35,-38,-828,1235,1150,1150,1183,1269,0,0,0,0,0,0,0,-14,0,46,29,121
626,68,-101,-82,28,986,-816,714,1433,-6,-10,-6,0,1,192,1222,72,54,-832,1222,1150,1150,1198,1220,0,0,0,0,0,0,0,14,10,47,34,122
676,-34,-283,136,55,1024,160,-1177,-6806,1,0,-2,-1,2,193,1235,49,-30,-832,1222,1277,1237,1150,1150,0,0,0,0,0,0,0,7,6,43,36,123
726,-19,-83,-9,-123,1044,-1548,104,3203,-14,-1,-2,0,1,192,1222,59,53,-832,1222,1150,1150,1150,1179,0,0,0,0,0,0,0,-15,-4,37,38,126
776,228,-106,-169,41,1023,1747,653,4607,-22,-19,-4,-1,1,192,1222,71,53,-836,1210,1150,1150,1247,1252,687,557,48,39,659,557,0,1,-8,27,30,136
826,-120,-63,49,20,1010,-266,-3191,-4547,5,4,-2,-1,0,227,1709,61,33,-692,1709,1185,1199,1150,1150,687,557,41,34,659,557,0,7,18,15,23,133
876,44,16,0,-186,986,-2158,775,-3754,-27,8,-2,0,1,228,1724,46,-22,-688,1724,1284,1214,1150,1150,687,557,31,25,659,557,0,11,26,5,14,131
926,61,-95,36,104,998,4005,-1177,3997,3,6,-4,0,2,234,1816,70,68,-664,1816,1150,1209,1159,1198,687,557,48,39,659,557,0,13,17,-1,7,129
976,-158,11,-28,30,982,404,958,8086,13,8,0,0,2,264,2311,34,-60,-576,2173,1150,1150,1299,1346,687,557,23,18,659,557,0,21,20,-2,5,128
1026,75,-22,-103,82,985,-693,-1116,-3388,-5,-1,2,-1,2,307,3126,64,8,-371,3126,1203,1207,1257,1291,687,557,44,35,659,557,0,44,19,-4,0,133
,,,,,,,,,,,,,,,,,,,,,,,,,,,,,,,,,,,
1126,19,157,-10,0,968,-1609,-1787,-5036,-9,24,10,-1,2,332,3655,91,63,-272,3655,1413,1363,1150,1175,687,557,62,50,659,557,0,39,3,-14,-15,136
1176,-60,84,6,-35,1049,-4234,3461,-31,-3,13,-4,0,1,359,4274,51,42,-200,4063,1343,1347,1268,1226,687,557,35,28,659,557,0,75,10,-5,-22,133
1226,106,116,-55,59,946,1869,-2703,8147,-9,12,-4,-1,1,361,4322,87,95,-155,4322,1290,1200,1336,1381,687,557,59,48,659,557,0,91,19,0,-25,135
1276,245,322,77,-102,1115,-4417,4071,5339,-36,44,-2,0,2,361,4322,58,17,-147,4370,1158,1281,1409,1355,687,557,39,32,659,557,0,93,0,12,-32,137
1326,348,435,-82,108,899,-6553,-1604,-1373,-35,37,-4,-2,1,363,4370,47,-22,-147,4370,1369,1150,1320,1384,687,557,32,26,659,557,0,75,-2,18,-38,141
1376,138,614,11,47,1109,6386,5109,-2655,-8,60,-4,0,1,362,4346,75,-3,-152,4346,1246,1283,1418,1277,687,557,51,41,659,557,0,54,5,21,-47,134
1426,39,559,-57,63,1170,3334,5780,-4791,-14,49,-2,-3,1,362,4346,7,12,-152,4346,1237,1348,1231,1402,687,557,4,3,659,557,0,91,29,24,-50,134
1476,26,594,-18,22,684,-17600,-994,-2350,-27,57,-2,-4,1,362,4346,24,-25,-155,4322,1279,1322,1357,1280,687,557,16,13,659,557,0,112,16,38,-50,140
1526,-190,682,-102,77,1286,2479,4437,-3815,10,61,-4,-2,2,364,4394,61,128,-144,4394,1405,1150,1294,1365,687,557,41,34,659,557,0,74,9,40,-56,139
1576,-697,113,104,34,878,4799,-2947,-1190,64,23,-4,0,0,372,4589,51,13,-144,4394,1281,1348,1314,1310,687,557,35,28,659,557,0,24,6,38,-63,136
1626,-698,-150,76,3,832,-2708,-1604,-3143,47,3,-2,-2,1,393,5122,59,-58,-27,5122,1285,1422,1326,1326,687,557,40,32,659,557,0,50,31,39,-64,137
1676,-700,10,-37,-24,1058,-12412,7367,-2899,47,1,-4,-1,1,403,5386,47,-7,0,5440,1334,1372,1392,1316,687,557,32,26,659,557,0,62,16,42,-66,136
1726,-781,-38,42,54,1121,-5637,9442,-2289,61,6,-4,-2,2,403,5386,49,-8,0,5386,1430,1247,1327,1384,687,557,33,27,659,557,0,28,13,42,-68,134
,,,,,,,,,,,,,,,,,,,,,,,,,,,,,,,,,,,
1826,-768,-423,-23,62,1233,-5637,11640,-397,57,-34,-4,-2,2,426,6019,60,73,0,6019,1404,1305,1342,1439,687,557,41,33,659,557,0,4,18,39,-73,137
1876,-739,-592,-47,-94,1193,-5698,4682,579,44,-51,-2,-2,1,429,6104,79,13,0,6047,1338,1379,1409,1379,687,557,54,44,659,557,0,-7,3,35,-75,136
1926,-657,-388,-76,0,908,-5698,2973,1433,45,-37,-2,-2,1,438,6363,66,-34,0,6363,1331,1407,1397,1380,687,557,45,36,659,557,0,-4,12,32,-77,136
1976,-548,-423,22,-72,1153,-5027,226,1616,22,-25,0,-3,2,465,7171,59,-17,0,6927,1398,1414,1390,1424,687,557,40,32,659,557,0,9,33,28,-78,135
,,,,,,,,,,,,,,,,,,,,,,,,,,,,,,,,,,,
2176,-140,-756,118,-67,734,-4966,-5022,-519,-51,-41,-2,-10,1,496,8159,49,57,0,8159,1453,1472,1409,1448,687,557,33,27,659,557,0,51,81,18,-75,140
,,,,,,,,,,,,,,,,,,,,,,,,,,,,,,,,,,,
2326,597,-416,-119,69,792,709,2667,2044,-96,-46,-2,-10,1,7,0,99,50,26,-74,138,,,,,,,,,,,,,,,
2376,547,-5,5,-68,1242,-1487,531,-275,-96,6,-4,-8,1,530,9316,42,-148,0,9281,1503,1491,1466,1454,687,557,28,23,659,557,0,39,58,28,-71,133
,,,,,,,,,,,,,,,,,,,,,,,,,,,,,,,,,,,
2526,804,-607,-205,33,1111,587,1386,-641,-110,-66,-2,-8,1,531,9352,58,-27,0,9352,1501,1478,1452,1492,687,557,39,32,659,557,0,83,22,35,-72,138
2576,537,-350,118,-26,985,1076,-6853,-2045,-99,-5,-4,-9,2,531,9352,62,50,0,9352,1507,1484,1495,1434,687,557,42,34,659,557,0,84,58,37,-72,137
2626,608,-94,-144,9,628,1198,-5083,5462,-101,-18,-6,-9,2,533,9422,53,69,0,9422,1490,1390,1462,1567,687,557,36,29,659,557,0,50,67,38,-70,136
2676,503,-8,-81,27,808,953,-4717,4851,-86,-1,0,-9,1,531,9352,136,176,0,9387,1449,1460,1497,1519,687,557,93,75,659,557,0,74,90,39,-68,133
2726,660,-130,-89,93,827,3212,-994,-2167,-94,-11,-2,-9,2,552,10106,79,99,0,10106,1533,1468,1447,1514,687,557,54,44,659,557,0,69,66,40,-66,138
,,,,,,,,,,,,,,,,,,,,,,,,,,,,,,,,,,,
569,10738,51,-17,0,10738,1515,1474,1525,1558,687,557,35,28,659,557,0,34,55,42,-63,139,,,,,,,,,,,,,,
2926,505,-195,0,-40,842,-693,-2031,-4242,-95,-13,-4,-9,0,568,10700,42,-117,0,10700,1571,1487,1488,1522,687,557,28,23,659,557,0,67,82,43,-60,140
2976,234,63,-13,-20,839,1198,43,-1679,-78,7,-4,-11,0,569,10738,42,-127,0,10700,1533,1539,1475,1522,687,557,28,23,659,557,0,66,111,45,-54,137
3026,-12,-275,72,59,714,465,531,640,-46,0,-2,-11,2,578,11081,42,-97,0,11081,1533,1525,1529,1525,687,557,28,23,659,557,0,51,100,46,-49,134
3076,158,218,-301,-46,1043,-2463,-1238,2349,-72,19,-4,-10,5,590,11545,42,-71,0,10890,1553,1474,1511,1550,687,557,28,23,659,557,0,38,93,48,-43,142
3126,-123,-85,-23,52,1359,709,-1848,-2228,-40,-1,-4,-11,1,602,12020,76,99,7,12020,1583,1539,1533,1556,687,557,52,42,659,557,0,46,85,48,-41,139
,,,,,,,,,,,,,,,,,,,,,,,,,,,,,,,,,,,
,,,,,,,,,,,,,,,,,,,,,,,,,,,,,,,,,,,
3926,-440,1823,-116,-11,1133,-1609,1203,-7355,13,161,-4,-4,2,615,12545,55,65,60,12545,1552,1515,1612,1592,687,557,37,30,659,557,0,144,23,34,-41,144
637,13458,74,100,148,13458,1517,1476,1675,1657,687,557,50,41,659,557,0,134,74,38,-39,146,,,,,,,,,,,,,,
4026,-773,1090,-28,-24,1038,2296,-7158,-2899,50,107,-2,-3,2,635,13374,89,161,139,13374,1545,1502,1660,1632,687,557,61,49,659,557,0,86,38,39,-40,144
,,,,,,,,,,,,,,,,,,,,,,,,,,,,,,,,,,,
4176,-392,-278,28,-181,1180,4555,-2520,-6256,122,-10,-4,20,2,636,13416,83,165,148,13458,1541,1542,1642,1616,687,557,57,46,659,557,0,-25,8,33,-44,145
4226,219,-137,-34,305,1120,16151,-3496,-3388,269,-3,-2,50,2,636,13416,121,2225,143,13416,1573,1527,1611,1635,687,557,83,67,659,557,0,-16,85,31,-43,147
639,13543,125,15313,152,13500,1575,1500,1616,1651,687,557,85,69,659,557,0,266,333,-24,-115,152,,,,,,,,,,,,,,
4326,1660,-685,40,107,1019,19569,-15032,-5341,290,-39,-4,83,2,637,13458,147,-1184,148,13458,1587,1528,1606,1626,687,557,101,81,659,557,0,280,352,-20,-105,154
4376,2004,-364,-153,-117,1155,11635,-1421,-4120,235,-34,-6,83,2,638,13500,165,-3025,152,13500,1552,1517,1652,1621,687,557,113,92,659,557,0,357,304,-13,-94,155
4426,2104,-452,-145,22,1042,10963,-2581,-4608,81,-39,-2,52,2,659,557,0,362,327,-4,6,2,636,13416,19235,227,0,-78,150,,,,,,,
45458,220,-1494,148,13150,,,,,,,,,,,,,,,,,,,,,,,,,,,,,,,
4576,851,38,-26637,13458,231,-1078,152,13500,1545,1514,1631,1651,687,557,158,128,659,557,0,444,266,14,-67,150,,,,,,,,,,,
4626,376,-393,-99,-76,942,-11375,-689,-4608,-109,-38,-2,-12,1,637,13458,211,-645,139,13374,1541,1520,1635,1636,687,557,145,117,659,557,0,440,227,19,-63,152
4676,-79,-94,77,217,1083,-20408,9137,-4974,-159,-1,-4,-35,0,636,13416,243,-748,152,13500,1526,1531,1657,1627,469,604,113,146,224,899,0,409,230,28,-58,150
4726,-901,723,97,-56,1015,-23215,5902,-4669,-113,43,-4,-35,-5,638,13500,478,-408,152,13500,1521,1519,1648,1643,469,604,224,288,224,899,0,408,248,33,-55,152
4776,-1702,1342,-103,-20,743,-19126,-2276,-4974,-44,81,-6,-37,-4,636,13416,252,-295,148,13458,1525,1505,1656,1647,901,-82,227,-20,882,189,0,387,185,38,-44,155
4826,-2163,967,95,-125,1080,-11802,714,-4974,137,59,-4,-7,-6,637,13458,288,-299,148,13458,1505,1523,1651,1657,-253,28,-73,8,-257,154,122,348,144,43,-39,152
4876,-1977,828,103,14,1083,-2097,4010,-5097,166,50,-4,-2,-6,638,13500,291,121,148,13458,1534,1507,1644,1650,-253,28,-73,8,-257,154,0,249,99,52,-34,147
,,,,,,,,,,,,,,,,,,,,,,,,,,,,,,,,,,,
5026,-687,664,27,-28,1075,-2952,-3130,-6439,50,56,-4,-1,-1,637,13458,295,-112,148,13458,1519,1501,1661,1653,-191,-384,-56,-113,-154,-402,122,141,-35,66,-28,156
5076,-747,-239,30,-80,795,-4050,2850,-5707,47,-15,-4,-1,0,639,13543,323,-65,152,13500,1519,1499,1666,1650,95,-614,30,-198,-56,-618,122,84,-96,69,-25,149
5126,-746,-47,87,-8,769,-3501,6268,-5341,67,1,-2,0,0,638,13500,303,251,152,13500,1506,1495,1669,1657,95,-614,28,-186,-56,-618,0,81,-151,70,-23,143
5176,-604,88,106,56,1066,99,8161,-6012,115,-69,-6,11,-16,638,13500,224,-134,128,13248,1500,1521,1635,1656,95,-614,21,-137,-56,-618,0,57,-205,71,-23,148
5226,-696,-138,240,6,922,4738,4010,-6989,319,-180,-2,50,-38,637,13458,359,23,148,13458,1517,1525,1657,1643,95,-614,34,-220,-56,-618,0,23,-208,71,-23,149
,,,,,,,,,,,,,,,,,,,,,,,,,,,,,,,,,,,
658,14360,314,-403,188,13884,1529,1485,1699,1651,194,-983,61,-308,199,-911,0,104,-293,67,-12,148,,,,,,,,,,,,,,
5726,59,477,-116,-1,968,2723,1996,-4669,9,32,-6,2,0,673,15022,302,-278,291,15022,1553,1524,1714,1681,194,-983,58,-296,199,-911,0,146,-304,68,-11,145
5776,22,325,-63,-93,1101,-1426,1203,-4730,2,200,-4,2,35,675,15112,323,-144,304,15157,1558,1514,1732,1677,194,-983,62,-317,199,-911,0,171,-284,71,-10,149
5826,115,45,-124,110,1110,1686,-10332,-5158,11,360,-2,2,72,676,15157,339,-65,304,15157,1528,1558,1718,1680,194,-983,65,-333,199,-911,0,226,-280,73,-10,151
5876,-82,-614,-29,-96,925,4310,-12468,-6256,183,369,-2,37,84,677,15202,306,-48,307,15202,1551,1544,1719,1676,194,-983,59,-300,199,-911,0,217,-263,76,-8,152
5926,348,-920,-118,116,1039,15785,-17962,-5585,262,368,-4,55,90,679,15291,302,-23,316,15291,1555,1517,1706,1703,194,-983,58,-296,199,-911,0,150,-227,78,-6,155
5976,1091,-1654,23,126,1209,21828,-29131,-5768,268,247,-4,69,76,680,15337,325,46,316,15291,1567,1505,1695,1724,764,-1337,248,-434,1234,-1619,0,90,-279,76,-1,157
6026,1622,-2297,85,-176,881,19081,-17656,-6928,189,43,-23,69,46,680,15337,336,1221,320,15337,1538,1498,1708,1736,764,-1337,256,-449,1234,-1619,0,134,-437,65,28,160
6076,2464,-2822,-3,122,855,16640,-6426,-4913,214,-105,-56,82,28,679,15291,342,119,311,15246,1521,1485,1727,1738,764,-1337,261,-457,1234,-1619,0,132,-408,62,29,159
6126,2819,-2225,9,-43,994,18532,-4961,-1618,195,-191,-146,88,0,677,15202,366,24,307,15202,1490,1429,1756,1764,764,-1337,279,-489,1234,-1619,0,98,-425,60,29,156
6176,3037,-1932,-49,-100,1081,16823,-261,3875,170,-169,-305,88,1,674,15067,371,110,300,15112,1460,1441,1771,1755,764,-1337,283,-496,1234,-1619,0,111,-410,57,32,160
6226,3270,-1434,4,60,1048,12611,6635,9795,177,-126,-381,91,0,674,15067,362,29,296,15067,1513,1454,1754,1723,764,-1337,276,-484,1234,-1619,0,110,-370,55,35,155
,15022,380,215,291,19,51,40,156,,,,,,,,,,,,,,,,,,,,,,,,,,,
6326,32671,14933,386,108,284,14933,1389,1372,1803,1791,764,-1337,295,-516,1234,-1619,0,125,-367,49,43,159,,,,,,,,,,,,,
6376,3257,-893,75,-94,878,7179,-2031,27800,222,-59,-714,104,2,670,14889,426,167,280,14889,1511,1478,1722,1728,764,-1337,325,-569,1234,-1619,0,125,-351,47,45,157
6426,3116,-568,-190,31,1014,12123,1935,22124,121,-59,-548,78,2,671,14933,434,188,284,14933,1554,1452,1722,1713,456,-361,197,-156,524,-327,0,149,-302,46,41,155
6476,3124,-405,-22,-53,1144,343,-2459,19866,-150,-30,-439,26,1,641,13628,434,300,168,13670,1552,1497,1654,1651,119,-239,51,-104,160,-64,0,141,-265,47,35,153
6526,2363,-656,72,82,741,-13328,-6914,10161,-191,-38,-171,2,1,640,13585,478,380,159,13585,1540,1515,1635,1658,358,207,171,99,428,550,0,136,-195,47,29,150
6576,1233,-1177,156,21,808,-14365,-12713,5584,-308,-72,-48,-39,1,639,13543,469,917,155,13543,1547,1479,1637,1674,255,373,120,175,346,712,112,184,-83,48,19,155
6626,482,-1368,-160,-127,1090,-18699,-3984,1250,-331,-128,-12,-53,1,640,13585,462,178,159,13585,1524,1499,1663,1653,255,373,118,172,346,712,0,199,-42,49,14,156
,,,,,,,,,,,,,,,,,,,,,,,,,,,,,,,,,,,
7176,-216,-378,43,116,1180,6203,3705,-2655,150,-115,-6,23,-16,673,15022,590,315,291,15022,1531,1500,1713,1717,-351,742,-207,437,-407,636,0,13,295,87,-63,153
7226,183,-9,-40,-41,1145,5409,2789,-3998,66,-82,-27,16,-15,674,15067,597,30,296,15067,1521,1490,1724,1721,-404,771,-241,460,-477,651,0,-21,356,90,-65,150
7276,402,53,-3,-62,1063,4982,6696,-2716,44,-71,-148,16,-14,654,14186,616,1447,291,15022,1422,1396,1789,1778,-568,846,-349,521,-709,709,132,-96,357,95,-69,154
7326,937,480,-40,42,1355,3639,6635,9307,197,-120,-362,55,-31,607,12220,615,311,27,12220,1478,1407,1690,1710,-560,726,-344,446,-721,585,153,-88,348,98,-71,154
7376,1198,231,213,11,796,7789,7794,11992,69,-256,-316,34,-60,580,11157,623,116,0,11157,1426,1330,1645,1652,-696,604,-433,376,-965,460,163,-120,360,104,-73,155
7426,1568,646,170,-38,917,-266,19757,12664,-102,-340,-265,8,-81,565,10588,620,878,0,10588,1397,1408,1588,1628,-667,639,-413,396,-988,598,0,-154,562,120,-93,156
7476,804,707,-58,-5,911,-7102,33917,10100,-43,-488,-245,6,-106,566,10625,2703,4660,0,10588,1391,1361,1658,1591,-918,746,-2481,2016,-1258,935,183,-194,712,135,-104,163
,,,,,,,,,,,,,,,,,,,,,,,,,,,,,,,,,,,
8526,412,-2833,-74,-78,1179,38,-2520,-2777,-151,-149,-4,-21,21,679,15291,428,315,316,15291,1539,1472,1738,1731,-350,986,-150,422,-93,1174,0,-347,422,126,-71,157
8576,508,-2223,58,61,835,-3745,7855,-3265,-42,-173,-4,0,4,680,15337,4371,4219,320,15337,1523,1494,1740,1726,-350,986,-1532,4311,-93,1174,0,-393,705,130,-101,157
8626,132,-1511,-67,66,1081,1686,6268,-3510,16,-122,-4,4,4,677,15202,486,2083,307,15202,1560,1481,1713,1722,-350,986,-170,479,-93,1174,0,-402,681,127,-97,153
675,15112,128,-371,300,15112,1542,1475,1731,1715,-350,986,-44,126,-93,1174,0,-417,612,123,-91,152,,,,,,,,,,,,,,
8726,786,-423,-60,5,703,-2341,3949,-1801,41,-138,-4,22,-18,673,15022,510,-445,291,15022,1532,1502,1691,1743,-350,986,-179,504,-93,1174,0,-363,600,121,-88,154
8776,552,-378,195,22,733,1991,11273,-2472,34,-207,-4,16,-39,664,14623,561,155,255,14623,1519,1471,1721,1708,-350,986,-196,553,-93,1174,0,-384,572,119,-86,154
8826,644,175,51,5,907,3029,13776,-2228,24,-183,-2,16,-39,665,14667,574,-149,260,14667,1529,1472,1710,1711,-350,986,-201,566,-93,1174,0,-375,587,117,-86,152
8876,628,1122,-29,-27,867,1442,12677,-1862,11,-132,-2,13,-44,662,14535,613,45,255,14623,1523,1465,1725,1704,-350,986,-214,604,-93,1174,0,-337,619,115,-86,154
8926,647,1523,-72,-89,1095,3883,11762,-2899,8,-43,-4,14,-33,662,14535,611,35,248,14535,1522,1453,1750,1680,-350,986,-214,602,-93,1174,0,-359,614,114,-86,153
8976,669,1681,-102,13,984,2052,4132,-1740,68,130,-2,25,-1,667,14756,624,2939,267,14756,1523,1456,1732,1713,-350,986,-218,615,-93,1174,0,-339,636,112,-85,153
9026,999,1733,-114,-31,852,4555,-5755,-1740,38,136,-2,25,-1,664,14623,653,138,255,14623,1520,1463,1709,1721,-350,986,-228,644,-93,1174,0,-305,650,111,-85,154
,,,,,,,,,,,,,,,,,,,,,,,,,,,,,,,,,,,
9426,-3470,314,-78,-70,1192,-23093,104,-763,-296,31,-4,-117,2,639,13543,678,1096,155,13543,1500,1447,1682,1693,-115,114,-78,77,-76,380,112,-180,186,94,-41,155
9476,-3845,-600,134,-68,709,-18150,6329,-1190,-230,-30,-2,-111,1,640,13585,822,-29,159,13585,1484,1475,1686,1681,-115,114,-94,93,-76,380,0,-250,130,92,-39,155
9526,-4054,268,-77,-97,898,-15220,4682,29,-19,-11,-2,-72,-4,640,13585,3083,4106,159,13585,1489,1458,1689,1680,-115,114,-355,352,-76,380,0,-233,116,91,-38,154
9576,-3281,764,-94,139,846,-6126,-1421,823,37,32,-4,-53,-4,638,13500,177,-1001,152,13500,1492,1451,1689,1682,-115,114,-20,20,-76,380,0,-200,87,89,-38,150
9626,-3074,665,-177,-57,1008,5043,-4717,579,319,46,-4,9,0,637,13458,841,1783,148,13458,1505,1463,1676,1681,-12,-471,-10,-396,78,-765,132,-140,-67,88,-20,153
9676,-2186,-6,60,-77,971,18043,-6792,1616,239,8,-6,9,0,656,14273,861,-794,219,14230,1547,1454,1694,1693,-12,-471,-11,-406,78,-765,0,-118,-101,87,-16,149
,,,,,,,,,,,,,,,,,,,,,,,,,,,,,,,,,,,
9826,4,-419,168,65,796,6386,348,-397,59,-9,-4,9,1,655,14230,859,-402,219,14230,1516,1458,1704,1704,-269,-850,-231,-730,-303,-1046,173,-165,-260,82,-7,150
9876,392,270,-38,128,1082,4921,-505,-92,24,27,-2,9,1,655,14230,858,626,219,14230,1530,1462,1699,1696,-326,-1004,-280,-861,-291,-1108,204,-125,-283,82,3,152
9926,455,396,-38,-7,1043,5653,-2947,-763,261,36,-4,60,0,653,14143,873,-261,211,14143,1472,1525,1692,1696,-178,-976,-156,-852,-172,-1157,244,-103,-307,83,11,156
9976,391,186,-54,-75,1245,21034,-1665,-1190,495,-18,-4,105,-6,651,14056,603,-2162,204,14056,1542,1454,1689,1688,-233,-1011,-140,-609,-235,-1634,193,-142,-288,83,12,164
10026,1871,464,84,-46,1129,35927,-872,-1007,375,21,-4,106,-5,650,14013,860,1710,199,14013,1548,1429,1703,1690,-226,-1126,-194,-968,-248,-1717,244,-168,-379,83,20,162
10076,2803,553,12,-96,1186,23781,-5144,-336,307,28,-4,111,-4,651,14056,856,-730,208,14100,1510,1464,1697,1701,-273,-1163,-234,-996,-138,-1421,163,-163,-479,84,30,162
10126,3016,28,-42,-40,949,18654,-7647,-824,283,1,-6,109,0,651,14056,839,-375,204,14056,1517,1456,1690,1705,-204,-1249,-171,-1047,-108,-1470,204,-112,-535,84,38,160
10176,3061,-805,-159,-73,1021,20851,-4778,-702,308,-81,-4,115,0,650,14013,837,-337,204,14056,1516,1471,1678,1707,-246,-1327,-206,-1111,-220,-1600,153,-169,-657,85,50,166
10226,3592,-557,183,-67,829,22865,-3618,-153,271,-22,-2,117,0,650,14013,839,391,199,14013,1532,1449,1689,1691,-362,-1347,-304,-1130,-315,-1584,112,-233,-718,86,57,163
,,,,,,,,,,,,,,,,,,,,,,,,,,,,,,,,,,,
10376,3723,-976,52,19,862,18715,1691,151,286,-85,-6,121,0,648,13927,835,-403,199,14013,1540,1466,1684,1682,-444,-1232,-371,-1029,-485,-1401,163,-276,-808,88,72,160
10426,4240,-459,-27,-109,1163,18471,2484,1067,228,-79,-4,121,-6,649,13970,830,-424,195,13970,1519,1480,1672,1697,-372,-1094,-309,-908,-417,-1206,153,-289,-814,88,74,165
10476,4013,-449,14,0,972,15602,5963,335,371,-166,-2,144,-25,652,14100,790,-602,199,14013,1501,1485,1695,1688,-411,-946,-325,-747,-562,-1067,183,-271,-674,87,69,160
10526,3739,-503,-46,27,708,24086,9931,1006,526,-251,-2,168,-39,651,14056,826,-120,204,14056,1527,1451,1694,1693,-359,-916,-297,-757,-639,-1226,112,-212,-651,88,72,163
10576,4059,-211,-159,8,925,33912,18720,1006,558,-302,-2,180,-51,650,14013,807,2377,199,14013,1531,1455,1703,1677,-513,-854,-414,-689,-767,-1223,163,-257,-645,89,69,164
10626,5352,902,136,155,1264,28114,17072,945,406,-174,-4,171,-51,651,14056,806,708,204,14056,1535,1463,1682,1687,-626,-1103,-505,-889,-836,-1318,173,-324,-640,90,71,164
10676,5624,1252,185,85,1040,18593,13287,-214,332,-141,-2,163,-53,649,13970,822,-579,199,14013,1508,1493,1692,1680,-599,-746,-492,-613,-771,-752,255,-332,-613,92,72,164
10726,4981,1442,63,-23,969,13344,12799,1128,306,-146,-6,149,-55,649,13970,807,622,195,13970,1545,1454,1690,1678,-556,-648,-449,-523,-732,-682,244,-338,-615,96,78,162
10776,4629,1711,-16,-101,882,15480,12860,1250,179,-99,-2,119,-48,651,14056,1815,153,195,13970,1514,1469,1701,1680,-537,-420,-974,-762,-688,-367,234,-290,-547,100,78,165
10826,4276,1878,-175,56,853,7606,11762,-31,-182,-22,-2,37,-32,649,13970,789,-331,195,13970,1589,1380,1714,1663,-514,-156,-406,-123,-616,8,224,-288,-475,101,73,159
10876,3984,1884,75,167,783,-15769,5780,1128,-291,56,-4,9,-23,649,13970,767,-679,204,14056,1457,1522,1696,1694,-435,37,-333,28,-374,706,204,-307,-414,102,67,156
10926,1993,1853,-5,-135,1095,-28342,2667,151,-157,76,-2,9,-17,649,13970,744,-558,195,13970,1496,1496,1684,1690,-394,176,-293,131,-282,780,214,-311,-356,102,60,159
10976,945,1716,128,68,1031,-14243,-1299,-580,-34,82,-4,9,-16,651,14056,720,-972,195,13970,1533,1479,1681,1678,-323,357,-232,257,-253,720,193,-342,-264,101,49,158
11026,305,1654,-63,-194,946,-12901,-2092,945,-4,57,-2,9,-16,649,13970,703,-608,195,13970,1514,1501,1684,1674,-304,519,-214,365,-233,826,153,-385,-215,100,41,157
11076,157,1705,-45,-105,1008,-12168,-2337,1067,15,81,-2,9,-13,648,13927,2570,2511,199,14013,1509,1495,1699,1671,-235,752,-605,1933,-125,1013,153,-397,-58,98,21,160
11126,-241,1484,-168,84,1125,-7713,-1726,1311,242,107,-4,43,-2,651,14056,656,-436,204,14056,1518,1492,1692,1677,-246,794,-161,520,-132,1012,0,-445,28,96,14,156
11176,-96,1095,-102,-1,1026,4616,-5449,3020,157,82,-4,29,-1,671,14933,632,-827,231,14360,1539,1496,1689,1685,-61,1038,-38,656,43,982,112,-397,96,93,5,150
,,,,,,,,,,,,,,,,,,,,,,,,,,,,,,,,,,,
11326,-161,-86,142,35,1003,-5576,2911,29,-5,5,-2,-4,0,673,15022,568,-615,291,15022,1536,1527,1704,1703,125,1661,71,943,182,1863,112,-255,306,86,-14,148
11376,-298,-33,43,-78,962,-8567,-3923,1311,-6,10,-2,-4,1,672,14978,103,-871,291,15022,1545,1520,1705,1701,255,1447,26,149,327,1610,132,-260,465,81,-31,151
11426,-81,135,-128,61,877,-11985,-5816,1921,-71,6,-2,-16,1,674,15067,524,-210,296,15067,1551,1513,1701,1701,117,2061,61,1080,210,2238,132,-242,458,79,-33,154
11476,-571,-159,-177,7,1002,-14487,-4412,884,-132,-23,-4,-35,1,672,14978,494,-562,291,15022,1557,1512,1686,1716,129,2151,63,1062,252,2395,0,-175,565,76,-44,156
11526,-942,-889,31,23,959,-16868,-444,29,-371,-68,-2,-90,1,673,15022,50,-185,606,74,-49,152,,,,,,,,,,,,,,
11576,-1228,-539,-21,-159,1094,-29624,-689,518,-459,-35,-4,-108,2,673,15022,461,1139,287,14978,1524,1550,1700,1694,129,2151,59,991,252,2395,0,-206,632,71,-56,158
11626,-2202,-272,22,-18,884,-30784,-2520,1921,-475,14,-4,-131,6,672,14978,436,-495,287,14978,1559,1498,1696,1711,129,2151,56,937,252,2395,0,-157,651,70,-60,156
11676,-2899,-388,75,47,1185,-29929,-9722,90,-469,49,-2,-143,14,673,15022,411,-834,296,15067,1537,1534,1690,1714,427,1165,175,478,612,1595,112,-131,604,67,-60,158
11726,-3589,-751,35,-23,964,-32371,-8684,335,-412,10,-4,-143,13,673,15022,372,-555,291,15022,1526,1522,1701,1714,427,1165,158,433,612,1595,0,-171,585,64,-59,157
11776,-3815,-530,-157,27,1010,-29929,-9722,2227,-386,7,-4,-143,13,672,14978,378,-589,291,15022,1539,1525,1688,1717,427,1165,161,440,612,1595,0,-142,516,61,-57,159
11826,-4384,-1052,93,-57,995,-24802,-12041,1494,-275,-40,-4,-129,7,673,15022,345,1501,291,15022,1530,1520,1685,1731,427,1165,147,402,612,1595,0,-100,484,59,-56,160
11876,-4440,-1234,46,-76,767,-15403,-8196,823,-190,-65,0,-113,6,675,15112,220,-957,296,15067,1561,1495,1700,1714,427,1165,94,256,612,1595,0,-133,413,56,-55,156
11926,-3899,-976,-87,34,1174,-8628,-3191,1067,-194,-61,2,-108,6,675,15112,303,-1032,300,15112,1543,1507,1699,1717,427,1165,129,353,612,1595,0,-112,398,54,-55,158
11976,-3320,-995,55,-97,1143,-12839,-4900,335,-259,-64,-2,-108,3,673,15022,297,-849,300,15112,1529,1521,1705,1718,427,1165,126,346,612,1595,0,-125,364,52,-55,158
12026,-3281,-786,-94,59,1056,-14793,-4595,945,-249,-59,-2,-108,3,674,15067,299,-362,296,15067,1550,1505,1690,1729,427,1165,127,348,612,1595,0,-95,405,48,-65,157
12076,-3325,-995,101,75,938,-14182,-8257,151,-214,-63,0,-102,2,673,15022,289,-539,291,15022,1545,1525,1685,1716,427,1165,123,336,612,1595,0,-50,371,46,-64,155
12126,-2879,-930,147,193,1004,-8323,-4839,213,-80,-51,-2,-70,2,674,15067,316,-423,296,15067,1507,1561,1686,1719,427,1165,135,368,612,1595,0,-78,358,45,-64,155
12176,-2754,-710,-132,-148,1110,-4478,-4229,1189,128,-94,-4,-20,-4,674,15067,297,-244,296,15067,1524,1542,1681,1727,427,1165,126,346,612,1595,0,-74,316,42,-65,159
12226,-2273,-754,-64,-4,946,6935,-1787,823,243,-146,-4,7,-14,674,15067,303,16,296,15067,1532,1542,1695,1706,427,1165,129,353,612,1595,0,-39,322,41,-65,151
12276,-1380,-306,-32,-166,980,6691,6574,1921,175,-141,-2,13,-21,674,15067,269,-128,291,15022,1556,1502,1693,1717,427,1165,114,313,612,1595,0,-57,273,39,-66,156
12326,-403,-209,78,15,913,7606,7001,518,103,-173,-2,12,-32,674,15067,337,65,296,15067,1485,1562,1683,1736,427,1165,144,392,612,1595,0,-28,309,38,-67,149
12376,-101,25,-66,-14,1266,7545,9381,-1129,119,-268,-4,21,-52,674,15067,336,98,300,15112,1554,1521,1684,1719,427,1165,143,391,612,1595,0,-2,313,36,-68,151
12426,427,582,48,-92,1089,12245,11334,396,143,-283,-4,37,-67,673,15022,337,103,291,15022,1508,1544,1694,1720,427,1165,144,392,612,1595,0,-3,310,36,-69,151
12476,741,1104,-51,-25,778,14625,13348,213,307,-347,-4,74,-86,676,15157,349,272,296,15067,1557,1514,1695,1708,427,1165,149,406,612,1595,0,25,356,34,-70,152
12526,1787,1591,-66,-28,1244,23903,22626,-397,12,-212,-2,32,-67,674,15067,352,197,296,15067,1614,1434,1721,1690,-329,103,-115,36,-653,-356,0,34,298,35,-67,155
12576,2703,2312,202,126,1015,7484,16217,274,-189,-88,-4,6,-61,674,15067,394,333,296,15067,1513,1527,1700,1727,-329,103,-129,40,-653,-356,0,-49,300,36,-63,154
12626,1997,2508,-76,-101,928,-10703,3522,274,-158,-41,-2,6,-50,674,15067,242,100,296,15067,1522,1536,1700,1717,-329,103,-79,25,-653,-356,0,7,271,37,-60,152
12676,1067,2195,117,-74,980,221,165,396,-74,8,-4,5,-39,674,15067,406,265,296,15067,1547,1516,1696,1714,-329,103,-133,41,-653,-356,0,-24,250,38,-56,147
12726,1066,1755,151,0,857,8583,-689,945,44,174,-2,27,0,674,15067,285,182,296,15067,1563,1474,1713,1714,-329,103,-93,29,-653,-356,0,-37,220,39,-54,146
12776,1230,1452,-28,-1,926,5104,-3740,823,-2,127,-6,20,0,674,15067,429,416,296,15067,1543,1507,1709,1711,-329,103,-141,44,-653,-356,0,-10,250,40,-51,149
12826,1052,1266,-154,-27,1156,5958,-1970,1006,11,103,-2,20,0,674,15067,473,390,296,15067,1557,1491,1701,1722,-17,-232,-8,-110,118,-356,132,-1,189,40,-47,153
12876,1093,505,172,73,849,8522,-6975,1372,19,71,-4,20,0,675,15112,487,430,300,15112,1541,1503,1692,1735,-17,-232,-8,-113,118,-356,0,-31,153,40,-42,147
12926,1231,51,3,144,890,3639,-3740,-92,9,10,-2,20,0,674,15067,510,214,296,15067,1537,1525,1694,1721,-17,-232,-8,-118,118,-356,0,-4,169,40,-39,142
12976,1164,442,-8,-88,997,2785,3400,-31,-17,40,-6,18,0,673,15022,527,438,291,15022,1547,1521,1699,1704,-17,-232,-9,-122,118,-356,0,-45,111,40,-35,146
13026,990,328,62,-79,793,3334,226,29,-6,44,-4,18,1,674,15067,567,761,296,15067,1541,1499,1706,1720,-17,-232,-9,-131,118,-356,0,-36,66,39,-31,141
13076,1000,30,-47,91,1164,4432,-1360,151,15,6,-2,18,1,675,15112,543,412,291,15022,1546,1509,1699,1713,-17,-232,-9,-126,118,-356,0,2,72,39,-28,142
13126,915,260,45,-38,906,4066,-2398,-275,-24,39,-4,11,2,674,15067,581,389,296,15067,1554,1508,1694,1716,-17,-232,-10,-135,118,-356,0,-41,18,39,-26,147
13176,1127,344,-145,-5,968,1198,-3008,213,-41,23,-6,11,1,674,15067,593,303,296,15067,1545,1502,1708,1714,-17,-232,-10,-137,118,-356,0,-2,-9,39,-24,147
13226,1093,319,-17,137,825,-266,-3130,396,3,38,-4,16,2,642,13670,638,176,168,13670,1507,1468,1664,1698,112,-566,71,-361,182,-548,132,-7,11,39,-22,146
13276,769,160,-33,-142,1186,3639,-1787,640,1,19,-2,16,1,639,13543,654,544,159,13585,1515,1483,1659,1679,344,-568,225,-371,379,-632,112,-13,-56,37,-17,150
13326,698,-277,-25,-208,1033,1808,-383,-92,5,-20,-6,17,1,639,13543,674,49,155,13543,1511,1468,1668,1677,214,-426,144,-287,267,-470,0,-14,-84,36,-16,148
,,,,,,,,,,,,,,,,,,,,,,,,,,,,,,,,,,,
13476,1074,465,-57,76,864,770,-3008,1311,-6,42,-2,16,1,639,13543,741,2635,148,13458,1506,1451,1679,1678,312,-341,231,-252,293,-358,0,113,-100,32,-8,148
,,,,,,,,,,,,,,,,,,,,,,,,,,,,,,,,,,,
13626,539,30,78,5,872,7728,3583,-641,36,20,-2,16,2,638,13500,772,-270,148,13458,1513,1452,1677,1676,34,-542,26,-418,19,-591,132,43,-214,29,-3,142
13676,962,259,96,63,919,3334,1508,396637,13458,792,-91,148,13458,1494,1465,1666,1691,288,-431,228,-342,333,-399,142,-11,-283,28,-1,145,,,,,,
13726,708,165,249,-26,914,-3013,-2886,701,19,50,-4,17,1,638,13500,804,155,152,13500,1498,1464,1680,1679,290,-426,233,-342,272,-388,163,-9,-264,26,0,148
13776,573,656,-40,-10,1169,648,-4290,335,35,63,-4,17,1,638,13500,590,92,148,13458,1503,1460,1662,1691,235,-381,139,-224,331,-339,214,110,-290,23,2,147
13826,504,491,-118,108,1028,3639,-4351,-153,51,44,-4,16,2,637,13458,4564,3500,148,13458,1503,1477,1653,1687,360,-378,1645,-1726,429,-373,214,148,-253,22,2,155
13876,118,-290,186,-92,847,4860,-4534,-275,64,8,-4,16,2,637,13458,821,372,148,13458,1508,1456,1655,1697,393,-377,323,-309,432,-415,204,211,-363,16,8,149
,,,,,,,,,,,,,,,,,,,,,,,,,,,,,,,,,,,
14026,832,365,1,-9,909,-14671,-4412,-458,-496,160,-2,-83,25,655,14230,782,-540,219,14230,1504,1435,1685,1685,407,-269,318,-210,479,75,255,142,-371,12,4,152
14076,239,-119,-87,71,793,-31394,-13323,-1495,-511,169,-4,-97,37,669,14844,409,-1473,267,14756,1509,1518,1688,1724,417,-171,170,-70,572,347,255,159,-299,11,0,158
14126,-1261,-647,-256,64,1075,-29380,-12529,-1129,-281,81,-6,-77,31,679,15291,785,-1911,316,15291,1509,1532,1695,1745,347,-171,272,-134,528,221,224,220,-245,12,-1,163
14176,-2544,-1301,75,-43,830,-10886,-6426,-458,-13,-34,-4,-46,13,681,15382,771,-1066,316,15291,1556,1491,1709,1730,396,-42,305,-32,335,-109,204,159,-231,11,-4,159
14226,-2307,-1135,10,-58,750,1442,470,-1557,23,-82,-4,-34,3,708,16626,762,-273,432,16626,1545,1517,1723,1737,312,-205,238,-156,227,-312,224,227,-265,8,-3,154
14276,-1759,-835,-228,-36,1080,2723,3705,-2228,77,-76,-2,-15,4,-1431,503,-416,224,212,-35,-6,0,2,64,202,-566,224,281,-335,1,0,154,,,,
14376,-874,-314,-147,-52,989,11696,775,-2350,77,-36,-4,0,1,22,282,-594,224,266,-351,1,0,152,,,,,,,,,,,,,
14426,82,-402,-3,188,1075,7973,958,-3021,6,-26,-2,-1,2,708,16626,777,432,432,16626,1573,1511,1748,1769,360,-389,280,-303,332,-520,224,265,-323,1,0,147
,,,,,,,,,,,,,,,,,,,,,,,,,,,,,,,,,,,
14576,509,451,54,-99,1265,2113,-5938,-3327,-52,61,-4,0,2,707,16579,801,3147,432,16626,1555,1496,1756,1781,266,-433,213,-347,339,-465,234,231,-355,1,0,150
14626,629,-21,84,127,1154,2235,-6853,-4852,-40,15,-4,0,1,707,16579,810,380,428,16579,1550,1511,1753,1778,175,-328,142,-266,280,-306,255,191,-314,1,0,149
14676,331,-298,21,134,910,-144,-6243,-2899,-42,-7,-2,-5,2,705,16485,606,-233,435,16673,1557,1497,1754,1785,325,-553,197,-335,367,-570,255,191,-347,2,0,151
14726,433,-218,16,-37,926,-1609,-3435,-3876,-210,-9,-4,-33,1,706,16532,824,-554,423,16532,1556,1489,1761,1773,263,-429,216,-353,236,-372,244,221,-350,2,0,154
14776,435,-299,84,242,1116,-10459,-811,-5097,-227,-8,-2,-41,2,705,16485,870,7736,423,16532,1557,1508,1757,1763,-44,-510,-38,-444,-51,-309,255,182,-344,3,0,155
14826,-545,39,-103,-16,947,-11558,2423,-4059,-153,5,-4,-39,2,703,16392,862,-97,412,16392,1553,1491,1764,1765,-46,-261,-40,-225,-117,-97,255,175,-334,4,-1,154
14876,-702,378,-12,-29,1241,-8933,1691,-3388,-146,87,-4,-40,11,672,14978,889,-452,296,15067,1500,1460,1730,1753,-3,-368,-2,-327,-67,-308,255,149,-336,5,-1,155
14926,-865,246,-72,96,1129,-7224,-2703,-3082,-25,72,-4,-21,11,673,15022,931,-983,291,15022,1496,1482,1724,1744,16,-353,14,-328,34,-315,255,127,-319,6,-1,153
14976,-1344,189,165,16,1020,-1609,-2886,-2777,92,93,-4,-5,11,672,14978,945,-910,284,14933,1522,1439,1731,1740,-31,-505,-29,-478,-34,-527,234,147,-327,7,0,154
15026,-1020,-40,-27,-59,1101,-327,2362,-2228,64,10,-4,-4,3,672,14978,953,-665,287,14978,1514,1468,1732,1729,-79,-533,-75,-508,-143,-557,244,110,-376,8,0,153
15076,-527,232,161,91,1018,-1853,4132,-2716,48,45,-4,-1,2,672,14978,977,95,291,15022,1521,1474,1730,1726,39,-544,38,-532,-39,-569,183,119,-348,8,1,147
15126,-549,590,-112,-83,1018,1442,3278,-2533,131,50,-2,18,2,673,15022,1001,3041,291,15022,1486,1498,1737,1727,8,-566,8,-566,-66,-563,244,93,-475,9,7,149
13585,1021,-245,251,0,6,152,,,,,,,,,,,,,,,,,,,,,,,,,,,,,
15226,-176,639,13543,1036,44,155,13543,1484,1416,1703,1705,3,-107,3,-111,-130,-467,255,110,-431,10,8,153,,,,,,,,,,,,
15276,611,353,-4,95,927,23353,5841,-519,482,-104,-2,103,-26,638,13500,1061,212,155,13543,1491,1408,1709,1694,-162,-623,-172,-661,-208,-1001,244,26,-471,12,9,157
15326,1297,561,0,-38,902,23475,5170,-1434,483,-88,-2,118,-27,639,13543,3658,2817,155,13543,1482,1441,1685,1704,-102,-710,-375,-2597,-212,-1097,214,43,-555,13,17,161
15376,2560,1109,-39,66,747,25001,7001,-946,399,-49,0,121,-27,638,13500,1119,-179,155,13543,1492,1437,1685,1699,-147,-461,-164,-516,-232,-812,224,35,-538,14,17,159
15426,3104,1575,63,-6,1080,20790,4132,-1679,255,60,2,104,-16,638,13500,1150,726,152,13500,1503,1414,1686,1705,-183,-737,-211,-847,-160,-936,224,54,-487,15,18,158
15476,3281,1300,-107,23,1003,15846,2057,-2045,115,51,2,79,-10,656,14273,1175,861,192,13927,1508,1428,1704,1706,-130,-648,-153,-761,-100,-663,224,110,-503,17,22,160
15526,3036,513,179,-60,786,5775,6818,-1862,-24,55,0,50,-2,672,14978,1202,-469,287,14978,1526,1424,1714,1713,-169,-624,-203,-750,-194,-526,214,50,-546,18,24,156
15576,2881,1018,-47,8,1012,-2952,3705,-702,-124,66,-4,26,-3,673,15022,1044,-1092,291,15022,1514,1475,1730,1731,-88,-453,-92,-473,-108,-224,234,29,-555,20,24,157
15626,2467,1306,-31,125,1151,-8567,470,-1068,-177,102,-4,6,-2,671,14933,1225,-182,284,14933,1514,1474,1729,1732,-108,-378,-132,-463,-75,-101,234,18,-523,20,22,159
672,14978,1231,-342,284,14933,1529,1466,1725,1723,-125,-305,-154,-375,-58,-67,234,9,-537,21,21,154,,,,,,,,,,,,,,
15726,1083,816,-53,6,991,-8994,1813,-1251,-78,62,-4,4,0,672,14978,1252,151,287,14978,1515,1489,1728,1718,-109,-312,-136,-391,-144,-110,204,-11,-535,21,20,154
15776,471,707,-23,22,909,-8018,1996,-824,-21,59,-4,4,0,671,14933,1266,97,284,14933,1513,1495,1729,1712,-105,-225,-133,-285,-48,-57,234,8,-446,22,17,148
671,14933,1278,-483,284,14933,1532,1469,1722,1722,-66,-168,-84,-215,-51,-128,193,-7,-421,23,15,152,,,,,,,,,,,,,,
15876,141,817,-183,45,944,-2341,1630,884,8,52,-2,3,0,634,13332,245,-891,284,14933,1517,1495,1723,1715,-104,-160,-25,-39,-127,-76,214,-20,-391,23,11,148
15926,-269,591,31,-61,979,-3013,-1238,762,30,56,-54,2,0,634,13332,1305,-582,136,13332,1445,1405,1710,1710,-5,-186,-6,-243,48,-96,224,4,-364,23,10,146
604,12100,1311,942,11,12060,1442,1389,1670,1657,13,-196,17,-256,25,-143,214,-23,-351,23,9,148,,,,,,,,,,,,,,
16026,-689,670,-23,-6,886,-4966,-4229,7476,180,62,-29,24,0,602,12020,1320,331,7,12020,1481,1462,1622,1624,20,-44,26,-58,58,-66,244,-42,-323,22,7,145
16076,-523,693,101,-39,655,5470,-6243,3081,168,80,-2,25,0,603,12060,1335,-210,11,12060,1466,1419,1635,1656,19,-139,25,-186,86,-222,224,-120,-308,21,5,150
16126,354,937,-128,104,785,526,-5632,4119,37,69,-4,11,0,605,12140,1643,-406,20,12140,1464,1432,1643,1641,37,-20,60,-33,127,0,224,-162,-304,20,3,144
,,,,,,,,,,,,,,,,,,,,,,,,,,,,,,,,,,,
16526,445,91,-151,78,848,11085,-3069,2898,239,1,-56,53,2,675,15112,1276,-17,300,15112,1499,1471,1731,1747,41,-117,53,-149,76,-265,214,-138,-261,2,-19,150
16576,756,-113,181,-41,891,8156,775,5156,235,10,-182,60,0,675,15112,1263,-1226,291,15022,1467,1442,1760,1753,22,-92,29,-116,-58,-275,255,-148,-255,0,-20,153
16626,1250,-62,-43,65,1007,12855,1508,11077,232,-7,-236,66,0,674,15067,1255,-410,296,15067,1522,1488,1717,1729,29,-158,36,-198,9,-334,224,-118,-196,0,-20,154
16676,1776,323,38,-26,1105,9559,-994,9063,129,36,-87,57,0,673,15022,1243,-915,291,15022,1552,1496,1705,1712,62,-140,77,-174,57,-280,234,-132,-180,-1,-20,153
16726,1940,208,-18,-81,1101,5470,-2520,3325,41,17,-8,43,0,673,15022,1224,0,291,15022,1533,1508,1710,1717,9,-85,12,-104,33,-84,255,-135,-210,-2,-21,147
16776,1943,-220,-64,181,1094,-1304,-1299,1189,-24,-21,-8,26,0,672,14978,1210,1196,296,15067,1527,1508,1709,1722,12,-91,15,-110,38,29,234,-84,-161,-3,-22,153
,,,,,,,,,,,,,,,,,,,,,,,,,,,,,,,,,,,
,,,,,,,,,,,,,,,,,,,,,,,,,,,,,,,,,,,
16976,503,132,48,-82,1185,282,531,-92,32,26,-6,16,2,673,15022,1211,598,300,15112,1548,1498,1722,1703,-98,58,-119,70,-87,67,244,-61,-62,-4,-28,142
17026,996,380,76,-14,943,1686,2606,640,-5,41,-4,16,0,673,15022,1212,-829,291,15022,1523,1485,1724,1723,-66,53,-80,64,-86,67,244,-105,-48,-4,-30,144
,,,,,,,,,,,,,,,,,,,,,,,,,,,,,,,,,,,
17126,611,257,-42,59,995,2296,-261,396,186,-5,-4,46,-4,672,14978,1205,428,287,14978,1537,1508,1700,1716,-105,115,-126,139,-93,42,214,-66,24,-5,-32,147
17176,1148,259,18,-81,961,8949,-628,945,165,0,-4,54,-4,671,14933,1657,-15,291,15022,1552,1499,1702,1713,-97,79,-162,132,-124,-47,255,-108,11,-4,-34,148
17226,1480,49,203,26,869,8095,775,1738,269,-70,0,78,-19,671,14933,213,-2151,284,14933,1507,1529,1712,1715,-14,120,-3,25,-136,17,224,-110,36,-4,-34,147
17276,1838,306,-215,111,1133,16090,10663,945,279,-118,-2,85,-24,672,14978,1209,662,287,14978,1540,1508,1713,1701,-144,230,-174,279,-264,16,224,-61,116,-4,-36,158
17326,2086,554,45,36,1032,17799,8893,1738,254,-47,-2,85,-19,671,14933,1216,-316,284,14933,1548,1494,1716,1702,-172,39,-209,48,-279,-183,244,-103,99,-3,-36,155
17376,2459,763,14,-58,999,10902,3461,1677,181,-22,0,80,-18,672,14978,1870,317,284,14933,1531,1522,1696,1711,-125,138,-235,258,-152,59,244,-127,121,-2,-37,154
17426,2700,564,145,108,839,4127,-1909,1983,-37,44,0,37,-4,672,14978,431,-174,287,14978,1564,1496,1696,1705,-151,160,-65,69,-107,232,234,-127,163,-2,-37,152
17476,2761,647,-127,-22,1173,-7041,-1299,2166,-223,50,-2,5,0,672,14978,1217,563,287,14978,1525,1532,1698,1710,-97,266,-119,324,-51,572,173,-102,234,-1,-39,155
17526,2071,35,2,-67,919,-15708,836,1799,-177,3,0,4,0,672,14978,1223,111,287,14978,1522,1527,1713,1704,-85,378,-104,463,-74,691,224,-135,214,-1,-40,147
17576,969,84,34,-27,942,-10764,592,1921,-76,11,2,3,0,673,15022,1192,-637,284,14933,1547,1504,1705,1702,-166,514,-198,613,-174,640,214,-144,253,-1,-42,150
,,,,,,,,,,,,,,,,,,,,,,,,,,,,,,,,,,,
,,,,,,,,,,,,,,,,,,,,,,,,,,,,,,,,,,,
,,,,,,,,,,,,,,,,,,,,,,,,,,,,,,,,,,,
,,,,,,,,,,,,,,,,,,,,,,,,,,,,,,,,,,,
20576,1849,-1065,78,-153,991,15907,-3435,-519,231,-11,-2,80,14,672,14978,3352,1559,287,14978,1554,1460,1717,1719,343,-1294,1150,-4338,325,-1515,204,72,-1198,-44,36,164
,,,,,,,,,,,,,,,,,,,,,,,,,,,,,,,,,,,
,,,,,,,,,,,,,,,,,,,,,,,,,,,,,,,,,,,
,,,,,,,,,,,,,,,,,,,,,,,,,,,,,,,,,,,
,,,,,,,,,,,,,,,,,,,,,,,,,,,,,,,,,,,
67,1171,-105,287,1490,29,153,,,,,,,,,,,,,,,,,,,,,,,,,,,,,
21426,3297,19,190,0,1006,-33164,1630,-153,-287,30,-2,4,2,673,15022,2505,1079,291,15022,1522,1525,1707,1715,317,0,794,0,295,724,142,185,-581,-60,25,147
21476,1089,-38,-100,41,1088,-20286,-2092,1433,-150,-1,0,-9,2,673,15022,1184,685,291,15022,1571,1490,1701,1705,299,250,354,296,323,675,163,249,-404,-62,17,154
21526,204,94,-114,100,1193,-18760,-1787,1738,-241,9,2,-44,2,672,14978,1173,-207,287,14978,1544,1520,1695,1707,192,262,225,307,214,802,132,258,-306,-63,12,154
21576,-634,322,50,-69,1169,-28342,-1909,1128,-248,47,0,-57,2,672,14978,1175,-372,291,15022,1527,1532,1700,1709,275,355,323,417,309,898,153,248,-235,-63,4,154
21626,-1701,231,90,-10,1043,-26878,-3130,1189,-150,37,0,-57,1,673,15022,1160,106,291,15022,1540,1522,1692,1712,293,604,340,701,312,1042,142,215,-109,-64,-2,156
21676,-2464,-354,-90,11,1244,-19370,-5449,2898,-105,-26,2,-63,2,672,14978,1161,494,287,14978,1540,1530,1689,1709,241,604,280,701,271,957,204,247,43,-65,-11,156
21726,-2805,-446,-98,-101,1278,-17295,-1604,2593,-17,-33,0,-50,2,672,14978,1180,-570,287,14978,1525,1557,1687,1700,158,706,186,834,140,978,193,279,106,-65,-16,159
1,-64,-24,156,,,,,,,,,,,,,,,,,,,,,,,,,,,,,,,,
21826,-2796,-483,155,-44,892,-4783,-2886,3020,119,-13,-2,-24,2,672,14978,2794,1118,287,14978,1556,1509,1699,1705,179,722,500,2018,168,714,173,178,264,-64,-28,158
21876,-2200,25,-107,-9,1153,-3257,-1543,4058,99,3,0,-18,2,672,14978,1173,-348,287,14978,1559,1522,1689,1699,116,844,136,990,125,889,224,223,370,-64,-35,152
21926,-1391,164,-193,-28,1340,-4905,-3679,3814,25,15,-2,-18,2,672,14978,1189,-611,287,14978,1550,1561,1665,1700,145,883,172,1050,207,952,142,237,416,-64,-40,157
21976,-1247,-405,165,132,1012,-4539,-2398,3081,28,-8,-2,-18,2,673,15022,1191,1413,287,14978,1558,1538,1677,1700,100,897,119,1069,117,928,204,223,663,-65,-55,157
22026,-1174,-386,178,108,1265,-3379,-750,2898,14,-5,-4,-19,2,98,-64,-57,156,,,,,,,,,,,,,,,,,,
22076,-939,-415,6,-136,986,-3989,4193,2715,-26,-31,-4,-18,1,672,14978,1190,722,291,15022,1546,1557,1696,1679,148,900,176,1071,-28,953,224,215,901,-65,-70,154
22126,-745,40,155,-29,765,-11130,8344,3630,-71,30,-2,-25,2,672,14978,1204,-209,287,14978,1549,1549,1691,1688,100,938,121,1129,-51,1064,173,221,947,-64,-72,155
22176,-753,622,-158,-9,1110,-13511,4315,3936,-68,49,-4,-25,2,673,15022,1211,455,287,14978,1558,1535,1693,1685,45,960,54,1162,-37,1119,183,292,993,-63,-74,154
22226,-723,870,-97,9,1228,-9666,4376,3936,-96,77,-4,-31,2,672,14978,1225,-218,287,14978,1540,1569,1682,1687,19,1014,24,1242,-25,1173,204,318,1019,-61,-76,154
22276,-981,595,81,180,1120,-10520,5292,2715,-57,72,-2,-31,2,672,14978,805,-1228,284,14933,1557,1543,1687,1684,-43,1114,-34,896,-85,1180,183,299,1043,-59,-76,157
223672,14978,1235,-325,287,14978,1581,1517,1691,1690,-113,1026,-139,1267,-162,1070,193,284,1051,-57,-78,163,,,,,,,,,,,,,,
22376,-1141,585,64,-112,927,-13572,4254,2288,-293,60,-4,-75,0,673,15022,1244,187,284,14933,1535,1553,1699,1680,21,1012,27,1259,-32,1305,153,213,1003,-55,-82,157
22426,-1661,528,177,36,877,-26267,5597,1494,-463,75,-4,-120,2,673,15022,141,-263,291,15022,1576,1516,1697,1685,19,1161,2,163,-38,1456,163,137,1035,-54,-85,155
672,14978,1271,227,291,15022,1545,1554,1696,1682,-40,1123,-51,1427,-92,1536,204,70,1046,-53,-89,160,,,,,,,,,,,,,,
22526,-3018,962,-116,-69,1006,-34873,2240,1677,-538,79,-2,-157,1,672,14978,1292,341,287,14978,1547,1531,1696,1696,-23,1173,-29,1515,0,1598,163,88,1061,-52,-92,159
22576,-3673,1072,-86,229,1180,-35300,-567,2410,-492,91,-4,-164,0,672,14978,1319,230,291,15022,1539,1539,1697,1697,-95,988,-125,1303,-42,1384,112,156,997,-51,-91,161
22626,-4268,818,9,118,1189,-35300,-2337,2288,-511,78,-4,-177,0,672,14978,1318,393,287,14978,1555,1541,1687,1690,38,943,50,1243,80,1251,112,165,1031,-50,-92,156
22676,-4780,426,28,-49,1043,-32310,-811,2227,-479,48,2,-177,1,670,14889,1323,398,280,14889,1541,1539,1702,1680,38,943,50,1248,80,1251,0,194,1029,-49,-94,153
22726,-5317,396,-107,-78,947,-26633,2973,1677,-377,25,0,-166,0,671,14933,1345,-20,284,14933,1544,1544,1684,1695,38,943,51,1269,80,1251,0,185,969,-48,-96,153
22776,-5370,-185,141,45,992,-20164,5658,762,-290,5,0,-152,2,648,13927,1359,417,284,14933,1539,1556,1683,1691,-1,733,-2,996,-61,739,112,123,954,-47,-98,151
22826,-5329,-107,111,-78,1179,-14548,4132,1372,-107,1,-2,-113,0,613,12463,1358,308,51,12463,1524,1473,1677,1636,-1,733,-2,996,-61,739,0,64,914,-47,-99,151
22876,-4376,380,25,33,833,-5271,1325,2349,-142,46,-2,-106,2,601,11980,1355,1033,7,12020,1494,1447,1626,1621,-100,700,-135,949,-87,487,132,-6,1038,-46,-108,155
22926,-3612,448,49,22,1037,-7346,409,2776,-150,51,0,-94,1,603,12060,1380,-12,11,12060,1468,1475,1630,1615,-90,572,-125,789,-50,460,153,-24,995,-46,-106,152
22976,-3530,806,-90,1,1048,-7468,-1848,3142,-128,70,0,-87,1,-133,66,112,-63,8530,-43,1,628,13081,132,-66,778,-44,-99,15636,13416,1390,-378,-44,-94,153,
23126,-373,-517,143,13416,13,-89,161,,,,,,,,,,,,,,,,,,,,,,,,,,,,
23176,-52637,13458,1369,1579,148,13458,1538,1488,1654,1651,20,-85,27,-116,22,-528,0,-186,451,-44,-82,144,,,,,,,,,,,,,
23226,198,1197,-24,-51,1035,15358,-78,1067,-23,79,2,-1,-4,636,13416,1359,-480,143,13416,1535,1472,1671,1648,-15,74,-20,101,0,-261,112,-178,373,-45,-80,151
23276,746,1145,-99,24,965,14381,-2459,1189,-61,75,-2,0,-3,637,13458,1315,463,148,13458,1529,1478,1654,1666,-15,74,-19,98,0,-261,0,-152,302,-46,-78,147
637,13458,1324,-646,148,13458,1542,1455,1668,1661,-15,74,-20,99,0,-261,0,-133,287,-47,-76,147,,,,,,,,,,,,,,
23376,2275,979,-222,236,582,6996,-6670,884,-125,42,-2,6,-2,638,13500,1283,-504,139,13374,1531,1455,1669,1659,-15,74,-19,96,0,-261,0,-97,321,-48,-74,148
23426,2258,685,-38,116,905,6508,-4900,-580,-157,58,4,5,0,636,13416,1280,-585,143,13416,1534,1458,1662,1665,-15,74,-19,95,0,-261,0,-113,365,-48,-72,147
636,13416,1256,-574,148,13458,1528,1464,1667,1665,-15,74,-19,94,0,-261,0,-67,376,-49,-69,143,,,,,,,,,,,,,,
23526,1643,100,-146,-86,1029,2723,-7219,29,-83,-2,-2,13,0,637,13458,1246,-751,148,13458,1496,1495,1658,1672,71,-618,89,-770,130,-715,112,0,333,-49,-64,151
,,,,,,,,,,,,,,,,,,,,,,,,,,,,,,,,,,,
23876,5576,306,55,-46,855,7911,-3374,-1190,28,42,0,105,1,671,14933,1031,-808,280,14889,1556,1489,1701,1707,-138,-1001,-142,-1032,-171,-1039,224,-180,-610,-50,-9,161
23926,5068,-349,-87,255,1022,13649,-1055,-946,22,-35,-2,88,0,665,14667,1016,723,260,14667,1591,1450,1708,1702,-240,-1270,-244,-1292,-312,-1383,173,-152,-602,-50,-8,164
23976,5066,268,-112,-93,1306,9926,1935,396,-87,14,-2,73,0,672,14978,982,-418,296,15067,1565,1518,1695,1699,-270,-1291,-265,-1267,-372,-1184,204,-110,-649,-49,-4,161
24026,4014,-206,208,-3,1243,770,3095,-1740,-116,-2,-2,48,0,676,15157,965,-510,304,15157,1580,1488,1708,1702,-295,-1179,-285,-1137,-367,-1034,224,-93,-683,-48,-1,161
24076,3281,153,0,2,1016,953,3034,-1251,-85,15,-2,41,0,704,16438,920,-466,363,15837,1577,1521,1728,1715,-278,-1222,-256,-1124,-307,-1085,142,-107,-687,-46,4,156
24126,2654,-91,12,98,908,2052,4559,-1557,-53,-12,0,34,0,704,16438,894,-983,415,16438,1589,1537,1738,1737,-455,-1193,-406,-1066,-502,-1090,112,-143,-782,-46,4,158
24176,2226,298,-155,195,1139,2662,2118,-580,158,8,-4,67,0,706,16532,872,383,415,16438,1565,1562,1733,1735,-394,-1103,-344,-961,-456,-1081,163,-175,-849,-43,12,159
24226,1665,238,74,62,1183,18837,3949,-1068,402,22,-6,107,0,707,16579,871,-494,428,16579,1586,1547,1735,1735,-467,-1083,-406,-943,-481,-1316,122,-171,-871,-42,13,161
24276,2473,368,170,22,1089,31410,348,-946,423,3,-4,125,-9,707,16579,845,-630,428,16579,1596,1529,1747,1731,-443,-1297,-374,-1096,-504,-1681,204,-253,-831,-41,15,161
24326,3285,378,45,111,1198,31166,-78,-641,536,-14,-4,161,-10,706,16532,827,-477,423,16532,1606,1520,1739,1741,-517,-1231,-427,-1018,-532,-1604,183,-187,-847,-40,16,164
24376,4172,214,90,-9,1201,34889,1752,-2106,410,-22,-4,153,-9,706,16532,823,-588,423,16532,1627,1482,1750,1732,-486,-1097,-400,-903,-578,-1393,214,-235,-812,-38,17,163
24426,4824,677,39,85,1265,19081,2667,-1434,-72,16,-2,68,-9,706,16532,828,-151,423,16532,1599,1515,1756,1734,-556,-1159,-460,-960,-597,-1124,132,-261,-790,-37,19,161
24476,4208,505,-63,-45,1008,-4111,3217,-2777,-157,26,-4,44,-2,708,16626,796,-140,428,16579,1600,1509,1749,1741,-614,-726,-489,-578,-541,-355,183,-222,-787,-35,17,162
24526,3284,373,-163,-119,1067,-12473,-78,-2411,-298,14,-4,2,0,709,16673,707,132,435,16673,1573,1546,1746,1738,-601,-681,-425,-481,-621,-171,224,-299,-824,-32,20,161
24576,1501,310,60,147,1194,-20469,2789,-2350,-112,24,-6,3,-1,707,16579,766,-212,428,16579,1585,1530,1754,1732,-707,-522,-541,-400,-723,-120,153,-282,-712,-30,17,161
24626,566,230,-7,-18,844,-9849,3644,-1740,-49,14,-2,1,0,706,16532,767,-70,423,16532,1583,1514,1768,1736,-586,-399,-450,-306,-670,-144,214,-346,-717,-26,16,155
24676,100,693,-147,270,1184,-8445,3095,-1679,20,47,0,2,0,707,16579,770,-25,423,16532,1577,1530,1742,1748,-707,-203,-545,-156,-693,87,214,-326,-635,-25,12,154
24726,-661,195,-50,-305,952,-5088,2362,-3449,-27,-13,-4,-10,-4,707,16579,775,-152,428,16579,1577,1529,1751,1743,-623,-230,-483,-178,-675,8,244,-351,-603,-24,9,159
24776,-685,464,32,190,971,-10276,3827,-1434,-63,-131,-2,-27,-34,677,15202,798,-62,307,15202,1551,1496,1714,1718,-625,-116,-499,-92,-727,135,244,-348,-534,-23,5,160
24826,-967,487,94,-115,962,-13816,10297,-946,-61,-219,-2,-25,-53,676,15157,794,-25,304,15157,1537,1513,1714,1720,-663,-34,-526,-27,-873,271,224,-320,-473,-22,2,160
24876,-1533,908,78,-95,932,-14304,18659,-153,116,-344,0,0,-85,676,15157,798,58,300,15112,1536,1495,1728,1709,-750,6,-598,4,-1040,170,204,-366,-429,-21,-2,154
24926,-1590,1555,22,56,910,-5271,21405,-153,89,-322,-4,-11,-90,673,15022,800,544,291,15022,1566,1493,1711,1698,-656,96,-524,76,-962,141,244,-325,-359,-20,-5,157
24976,-1464,1907,-84,1,1161,-510,22870,-336,71,-245,0,-11,-79,673,15022,818,103,291,15022,1549,1516,1725,1679,-620,66,-507,54,-818,162,183,-287,-275,-18,-9,156
25026,-1478,2409,-297,52,903,-5759,18231,-458,33,-157,-2,-20,-66,672,14978,814,-76,287,14978,1546,1526,1707,1688,-682,192,-555,156,-778,337,142,-261,-236,-17,-11,162
25076,-1195,2499,127,77,1048,-9055,9869,1067,8,-10,2,-20,-48,674,15067,649,-104,291,15022,1553,1523,1711,1686,-561,204,-364,132,-564,322,234,-285,-230,-16,-15,159
25126,-1408,2526,98,62,1208,-7713,3095,579,81,123,0,-9,-21,672,14978,861,218,287,14978,1532,1544,1721,1671,-458,412,-394,355,-371,524,224,-342,-160,-15,-18,156
1,14933,851,220,284,-15,-22,156,,,,,,,,,,,,,,,,,,,,,,,,,,,,
25226,-,230,284,14933,1568,1514,1685,1698,-310,230,-270,201,-42,101,255,-322,-100,-16,-24,154,,,,,,,,,,,,,,,
25276,-499,-11,-69,224,1005,-205,-6121,945,80,-1,0,2,0,673,15022,884,1032,284,14933,1545,1524,1702,1692,-209,257,-184,227,-75,311,244,-282,-19,-16,-26,151
25326,-514,189,-114,-7,1054,-3501,-4290,1860,280,11,-2,47,0,672,14978,879,158,287,14978,1509,1579,1691,1683,-115,365,-101,321,16,383,255,-238,38,-17,-28,153
25376,-567,332,64,-199,835,12062,-4656,1067,429,112,-2,79,14,671,14933,885,-127,284,14933,1576,1520,1684,1688,-39,321,-35,284,134,-44,244,-273,57,-18,-31,154
25426,544,127,10,-94,847,24635,-9905,2044,439,90,-2,97,14,672,14978,2276,1280,287,14978,1572,1520,1682,1694,-44,219,-101,500,172,-180,255,-268,42,-19,-32,154
25476,1677,-323,85,6,980,17372,-9234,2349,347,22,-2,97,7,671,14933,922,273,280,14889,1546,1539,1681,1697,65,345,60,318,174,141,255,-312,87,-22,-34,147
25526,1747,-683,79,-51,909,10475,-5083,2410,234,-39,-4,78,2,670,14889,927,-251,280,14889,1570,1508,1700,1690,66,402,61,372,116,262,244,-263,101,-24,-35,152
25576,2123,-1091,-138,210,1123,6752,-4229,1738,139,-97,0,61,2,672,14978,682,454,287,14978,1563,1504,1700,1698,145,356,99,242,212,365,255,-170,150,-26,-36,154
25626,2115,-597,-114,79,1105,831,-2092,2837,-61,-55,-2,23,1,672,14978,955,-103,287,14978,1554,1541,1682,1692,87,341,83,326,126,530,255,-155,214,-27,-38,152
25676,1679,25,40,-81,918,-11375,104,1494,-104,13,-4,11,1,671,14933,973,712,287,14978,1541,1566,1685,1683,-20,591,-19,575,45,837,234,-136,228,-28,-40,149
25726,1408,-82,100,87,1155,-9605,-3252,823,-66,9,-2,11,1,672,14978,977,88,287,14978,1571,1530,1683,1690,121,612,118,598,177,759,244,-135,264,-29,-42,149
25776,761,89,39,-117,777,-8933,-3252,2349,-34,25,-2,10,2,671,14933,968,-291,287,14978,1558,1539,1684,1693,202,701,196,679,198,811,255,-189,295,-32,-45,151
25826,133,-119,37,-116,836,-8201,-2153,2166,-8,5,-4,4,2,672,14978,966,-669,287,14978,1541,1531,1701,1692,194,765,187,739,191,901,244,-184,254,-33,-46,150
25876,-132,-573,-47,140,1064,-7774,-4168,2898,7,-46,-4,-2,1,671,14933,331,136,287,14978,1549,1544,1684,1696,212,726,70,240,229,841,244,-127,317,-35,-48,152
25926,-281,-383,-59,135,976,-7957,-2276,2105,-13,-32,-2,-9,1,671,14933,975,34,284,14933,1556,1548,1685,1682,208,747,203,729,198,889,255,-80,378,-37,-50,152
25976,-401,-16,-74,-98,1080,-7957,897,1128,-50,-1,0,-14,1,671,14933,973,24,284,14933,1555,1537,1693,1683,166,732,161,712,172,878,234,-26,449,-39,-53,149
26026,-255,212,-145,66,972,-9421,531,1067,-51,14,0,-15,2,672,14978,979,-808,287,14978,1557,1550,1678,1693,167,779,163,763,193,909,255,-9,492,-40,-55,149
26076,-292,288,240,-55,1132,-8872,-628,1067,-59,54,-2,-15,1,671,14933,997,-973,287,14978,1548,1539,1690,1694,241,762,240,760,241,849,244,-31,497,-41,-58,153
26126,-490,-182,30,13,1010,-7957,531,701,-38,-6,-2,-16,1,671,14933,1002,482,284,14933,1544,1531,1703,1690,207,909,208,911,176,991,214,-19,551,-43,-63,150
26176,-465,-69,108,91,870,-12046,775,1494,-33,13,-2,-16,1,671,14933,2258,1282,287,14978,1540,1541,1696,1694,205,930,463,2101,170,1021,224,-60,608,-45,-68,154
26226,-492,329,192,86,992,-12168,-811,1738,-36,59,-2,-16,2,672,14978,1016,289,287,14978,1540,1539,1699,1688,236,768,239,781,200,862,193,-65,654,-47,-70,152
26276,-611,826,-225,-18,1330,-13633,-4351,1372,-33,68,-4,-16,2,671,14933,351,-611,291,15022,1539,1552,1697,1688,278,894,97,313,291,990,214,50,636,-48,-69,154
26326,-406,640,-99,87,1135,-9360,-2581,1616,-43,59,0,-16,2,671,14933,1041,204,284,14933,1523,1558,1693,1695,237,758,247,789,276,878,234,92,713,-49,-71,151
26376,-917,316,31,-31,1087,-8872,-689,518,-5,41,-14,-16,2,671,14933,1041,1216,287,14978,1546,1551,1690,1686,283,643,294,670,300,668,244,161,712,-50,-71,152
26426,-906,237,-36,56,929,-4050,1447,-641,-33,26,-2,-23,2,671,14933,1053,21,284,14933,1555,1533,1685,1694,196,757,207,797,202,734,255,145,669,-51,-71,150
26476,-861,-365,-38,-120,1024,-2891,5414,-1007,-79,-28,-2,-28,2,671,14933,1066,35,284,14933,1544,1533,1703,1685,265,483,282,515,171,487,255,82,656,-52,-71,155
26526,-627,25,-5,-175,1118,-6004,4865,-641,-109,6,-2,-29,1,671,14933,1078,195,284,14933,1546,1529,1713,1680,348,643,375,694,238,613,224,66,619,-53,-72,151
26576,-256,377,44,84,825,-5576,1813,-336,-112,48,0,-28,2,670,14889,442,-561,284,14933,1527,1524,1707,1702,227,667,100,294,193,678,193,98,578,-54,-71,149
26626,-335,534,70,20,803,-5515,-2337,-1190,-113,68,-2,-28,2,671,14933,701,662,284,14933,1544,1517,1697,1704,310,662,217,464,351,634,183,188,663,-56,-75,152
26676,124,206,62,143,782,-5088,-5144,-31,-137,39,-4,-28,2,671,14933,1114,2676,284,14933,1540,1515,1697,1709,223,625,248,696,346,634,214,223,724,-57,-75,152
26726,-225,-434,-5,14,1028,-1426,-2337,-1923,-118,-27,-4,-27,2,671,14933,1136,-217,284,14933,1559,1503,1711,1692,299,497,339,564,290,440,255,225,682,-57,-74,157
26776,-243,-611,-31,-82,861,-22,1813,-1068,-159,-48,0,-34,2,671,14933,1166,-236,287,14978,1536,1522,1719,1688,311,582,363,678,257,548,153,180,671,-58,-74,154
26826,-197,-142,-17,-96,736,-7041,2118,-885,-197,-5,0,-39,2,671,14933,1179,670,284,14933,1546,1488,1713,1707,292,619,344,730,277,623,163,189,641,-59,-74,153
26876,-14,264,-51,179,1139,-9849,-4473,396,-248,27,-2,-52,1,671,14933,1183,-536,287,14978,1541,1514,1699,1710,142,436,169,515,240,568,163,264,645,-59,-73,154
26926,-494,26,20,53,1017,-12351,-3130,-702,-252,12,-2,-59,1,672,14978,1219,704,287,14978,1543,1513,1710,1698,338,537,412,654,348,647,142,252,678,-59,-74,153
26976,-932,44,30,-19,1201,-10032,-2398,-763,-223,14,0,-60,1,672,14978,1244,825,287,14978,1551,1507,1707,1700,232,289,288,359,227,315,153,240,597,-59,-72,153
27026,-1034,-284,98,12,905,-8628,-2642,-336,-238,-2,0,-65,2,671,14933,664,-719,284,14933,1544,1498,1704,1711,278,417,184,277,333,470,112,203,579,-60,-72,153
27076,-956,153,-44,201,1045,-11436,-3923,-275,-270,21,-2,-74,2,672,14978,90,-274,287,14978,1549,1504,1698,1712,323,296,29,26,375,391,183,230,526,-61,-70,153
27126,-991,153,4,147,1204,-12839,-8867,-92,-341,24,0,-87,1,671,14933,1262,-375,284,14933,1542,1533,1686,1711,278,248,351,313,386,411,173,255,526,-61,-68,153
27176,-1570,-187,-22,39,1076,-14732,-6121,-1251,-306,-12,0,-88,0,671,14933,1285,-901,284,14933,1542,1517,1700,1702,407,240,524,308,403,360,112,257,438,-62,-65,159
27226,-1808,61,-17,-61,1010,-16135,-2642,-702,-375,15,0,-104,2,672,14978,1301,-415,287,14978,1552,1493,1700,1712,282,215,367,280,327,356,122,259,375,-63,-64,157
27276,-1922,9,24,3,881,-20530,-2031,-1190,-409,22,0,-114,3,671,14933,1213,-198,287,14978,1528,1530,1690,1716,227,13,276,16,247,232,142,247,342,-64,-63,151
27326,-2632,-450,-87,154,1114,-21079,-5938,-275,-15,-35,0,-50,2,672,14978,1329,71,287,14978,1474,1575,1697,1710,227,13,302,18,247,232,0,307,321,-64,-61,152
27376,-3157,-649,-68,62,1283,1198,-1970,-458,227,-51,0,-11,2,671,14933,1318,1161,284,14933,1579,1495,1689,1699,252,220,333,290,210,157,0,276,330,-64,-60,153
27426,-2096,-336,10,-67,1129,22499,-1543,-580,246,-21,0,11,1,672,14978,1323,44,287,14978,1558,1469,1716,1708,163,-178,216,-235,130,-673,0,265,237,-64,-57,154
27476,-656,-230,-53,-48,1186,21583,104,-1068,112,-11,0,9,2,671,14933,1340,-115,287,14978,1530,1493,1713,1719,264,-96,354,-128,232,-464,142,244,164,-64,-54,155
27526,286,-324,-61,103,862,9620,-2947,-1862,46,-24,-2,11,2,671,14933,1339,-98,284,14933,1540,1484,1709,1719,262,-294,352,-394,259,-543,0,267,109,-64,-50,153
27576,709,-398,-87,280,923,8766,-3496,-1251,23,-33,0,10,2,671,14933,1353,-291,284,14933,1554,1486,1702,1713,236,-375,319,-508,235,-589,163,270,-1,-65,-44,154
27626,975,-38,120,-92,1034,11635,1264,-2472,-3,18,0,17,2,672,14978,1369,-181,287,14978,1540,1498,1711,1708,218,-432,299,-592,193,-622,214,235,-89,-65,-41,154
27676,1102,89,16,-21,1198,12123,470,-2472,27,19,-2,24,2,671,14933,1362,-94,280,14889,1547,1464,1715,1717,175,-530,238,-722,152,-768,193,266,-174,-65,-36,153
27726,1556,50,-133,164,761,12611,-4046,-1251,17,-7,0,25,0,642,13670,1370,-125,168,13670,1521,1440,1691,1687,135,-564,185,-773,125,-788,224,268,-208,-64,-32,156
27776,1605,-362,34,100,936,9743,-2886,-2106,4,-23,-2,26,0,641,13628,1391,-85,163,13628,1522,1442,1687,1678,56,-587,78,-817,62,-695,244,267,-336,-64,-27,152
27826,1708,-279,222,-60,1081,8095,-1970,-458,-39,0,2,23,0,640,13585,1399,-821,159,13585,1508,1469,1678,1676,76,-736,107,-1030,92,-776,244,197,-417,-63,-23,155
27876,1711,143,271,-141,873,7484,897,-2899,-43,46,0,24,0,638,13500,1406,131,155,13543,1531,1445,1673,1676,25,-693,35,-975,19,-740,204,122,-503,-63,-19,151
27926,1469,175,5,-192,1001,7179,-3191,-1190,-28,40,-2,20,0,637,13458,1384,138,148,13458,1503,1470,1668,1682,101,-740,140,-1025,110,-791,204,158,-540,-63,-16,157
27976,1066,-95,8,-127,1194,3273,-2520,-397,3,0,0,21,1,639,13543,128,-1115,152,13500,1517,1440,1681,1679,56,-801,7,-102,34,-880,224,165,-454,-62,-16,148
28026,810,-127,-68,59,825,6141,1019,-153,46,-16,-2,21,0,636,13416,1410,-667,143,13416,1514,1456,1672,1673,66,-752,93,-1060,0,-889,183,178,-496,-62,-12,151
28076,825,-149,-8,-1,829,10109,1569,-336,94,-7,-2,32,1,636,13416,613,-998,148,13458,1522,1440,1675,1677,37,-800,22,-490,-40,-933,193,249,-470,-60,-10,150
28126,1036,-231,-199,73,1029,13527,2301,-336,84,-37,0,32,0,635,13374,1377,58,139,13374,1529,1441,1676,1667,-53,-736,-73,-1014,-134,-900,153,276,-522,-59,-6,156
28176,1497,-24,-236,101,754,9010,2545,-214,201,-55,0,63,-4,636,13416,1383,409,143,13416,1496,1478,1664,1679,-15,-808,-21,-1118,-99,-974,183,269,-526,-57,-4,156
28226,1588,44,-51,-75,843,20302,5231,-641,259,-50,0,80,-9,635,13374,1380,-847,139,13374,1534,1439,1672,1668,-1,-801,-2,-1106,-76,-1061,204,297,-535,-55,0,154
28276,1824,227,-107,57,853,22621,5475,90,290,-96,0,87,-20,636,13416,1363,19,143,13416,1507,1464,1665,1680,-93,-771,-127,-1052,-180,-1046,132,257,-544,-53,4,156
28326,1944,152,-77,-142,1111,22804,10724,-458,469,-225,2,129,-45,635,13374,1363,-1402,139,13374,1481,1499,1666,1676,-72,-888,-99,-1210,-213,-1159,142,295,-574,-51,8,165
28376,2362,512,-210,-76,990,33119,17377,-641,588,-245,-2,158,-52,636,13416,1345,-641,143,13416,1521,1465,1659,1674,44,-882,59,-1187,-223,-1371,132,348,-634,-48,13,163
28426,3043,441,197,-106,915,44044,18414,-92,588,-208,0,170,-52,636,13416,858,-1429,143,13416,1553,1415,1679,1661,-95,-995,-82,-854,-333,-1489,122,365,-607,-46,15,162
28476,4113,904,11,111,790,35560,17255,-824,421,-190,0,151,-53,637,13458,1333,1169,143,13416,1541,1443,1677,1654,-96,-839,-128,-1119,-230,-1061,183,362,-614,-43,20,163
28526,4248,1226,-4,-94,1155,18898,9503,-702,267,-80,0,129,-37,636,13416,1342,411,143,13416,1504,1478,1663,1677,-40,-827,-54,-1109,-94,-823,183,360,-610,-41,23,159
28576,3714,1015,-96,-98,1404,13588,6390,-580,215,-41,-2,109,-24,635,13374,1328,-309,139,13374,1536,1458,1654,1668,-72,-835,-96,-1109,-88,-813,173,416,-659,-38,27,162
28626,3203,637,49,-71,900,12916,5719,-702,106,-9,0,78,-13,638,13500,1305,-656,152,13500,1538,1429,1683,1660,-91,-777,-119,-1014,-99,-712,234,403,-644,-35,29,157
28676,2890,501,-27,-66,868,4860,3583,213,51,8,0,62,-6,637,13458,1286,-481,143,13416,1500,1461,1679,1673,33,-672,43,-864,74,-389,193,383,-617,-32,30,148
28726,2219,351,-47,-28,951,-205,2973,-336,116,0,-2,63,-4,636,13416,1255,-507,143,13416,1495,1464,1691,1662,80,-463,101,-581,94,-237,224,397,-610,-30,31,152
28776,1730,-170,-161,-144,1085,6630,5597,-92,179,-36,-2,63,0,637,13458,764,-875,148,13458,1513,1466,1662,1680,125,-505,95,-385,168,-363,163,426,-544,-28,29,156
28826,1271,-477,91,-64,1146,2296,3644,-397,227,-35,0,69,0,636,13416,1215,-38,143,13416,1489,1468,1693,1661,36,-26,44,-31,24,107,234,401,-476,-26,28,148
28876,1410,-301,-15,20,859,5409,4193,-275,224,-26,-2,69,0,636,13416,1188,-836,143,13416,1513,1437,1683,1675,95,-264,114,-314,110,-127,214,362,-389,-24,27,154
28926,1152,-192,-7,-42,1125,1442,836,-214,208,-14,-2,62,0,635,13374,1150,-416,139,13374,1478,1477,1688,1665,279,-137,321,-158,279,-16,214,386,-310,-24,26,154
28976,1148,-463,-16,5,984,1442,3156,-1862,206,-40,0,61,0,637,13458,1113,-678,143,13416,1498,1460,1685,1669,271,-182,302,-203,400,-54,214,424,-251,-23,24,153
29026,1003,-988,4,-137,777,6264,1630,-2716,202,-84,-2,61,0,637,13458,1080,-846,148,13458,1495,1475,1657,1688,189,76,204,82,269,151,193,409,-254,-22,23,151
29076,1258,-599,126,-4,1009,3395,1019,-1495,196,-41,0,61,0,636,13416,1385,-86,148,13458,1483,1472,1686,1674,315,249,436,345,383,315,122,339,-220,-22,18,152
29126,1880,235,-30,209,798,3822,-1299,-946,192,14,0,66,0,637,13458,929,329,148,13458,1497,1467,1670,1683,465,384,432,357,585,448,153,333,-174,-22,15,149
29176,1967,314,129,-54,737,2052,-7830,151,146,52,0,65,0,635,13374,2929,798,132,13290,1481,1462,1662,1692,561,591,1643,1731,745,650,122,284,-29,-26,6,149
29226,1989,217,-52,-35,824,4066,-10942,-214,12,17,-2,38,0,636,13416,911,408,143,13416,1526,1432,1657,1694,590,653,537,595,823,747,183,324,129,-31,0,148
29276,1794,106,-138,-50,992,-4539,-13628,-702,-76,1,0,18,0,634,13332,407,-1706,143,13416,1498,1477,1640,1700,670,914,273,372,955,1138,183,363,186,-31,-4,153
29326,1418,-742,-165,188,998,-13206,-11858,-1251,-238,-49,-2,-25,5,637,13458,798,-1549,148,13458,1500,1466,1672,1680,762,1071,608,855,940,1463,132,431,267,-32,-7,162
29376,564,-965,85,-98,1015,-23215,-4107,-1434,-422,-12,0,-70,12,636,13416,751,-1422,143,13416,1482,1486,1670,1677,803,1041,603,782,901,1487,0,433,306,-34,-12,158
29426,132,-413,-53,61,847,-32615,-11797,-519,-552,122,0,-106,32,636,13416,678,-935,143,13416,1532,1405,1653,1710,803,1041,545,706,901,1487,0,391,314,-34,-14,157
29476,-1032,-822,8,18,827,-44395,-21257,90,-595,97,-2,-134,32,703,16392,631,-1391,332,15472,1496,1555,1709,1741,764,1372,482,865,1082,2064,0,325,406,-36,-18,157
29526,-2733,-1994,-64,-16,930,-50681,-14910,-2045,-461,-10,-4,-136,33,703,16392,556,-866,412,16392,1520,1566,1728,1766,1065,1641,592,912,1212,2362,112,369,452,-37,-21,167
29576,-4453,-2034,1,-22,1212,-33897,-8623,-2228,-209,-6,0,-117,34,706,16532,482,-1616,419,16485,1552,1545,1729,1765,825,1702,397,820,939,2299,0,328,491,-37,-24,160
29626,-436,68,-25,966,-14182,-7769,-3204,-101,-132,0,-104,11,706,16532,466,-978,423,16532,1554,1539,1722,1777,825,1702,384,793,939,2299,0,378,614,-40,-32,161,
29676,-3953,-1985,72,149,1241,-4111,958,-2838,-7,-150,0,-74,4,707,16579,372,-1284,428,16579,1573,1549,1725,1757,825,1702,306,633,939,2299,0,349,565,-39,-33,156
29726,-3152,-1608,4,177,1122,1625,-4900,-2045,-37,-123,-2,-67,3,708,16626,295,-1240,432,16626,1587,1547,1701,1771,825,1702,243,502,939,2299,0,345,576,-39,-33,158
29776,-2563,-1568,176,-26,820,-4722,-6731,-1923,-45,-104,0,-53,2,708,16626,263,-1060,428,16579,1557,1549,1735,1760,825,1702,216,447,939,2299,0,314,511,-38,-32,159
29826,-1895,-1582,82,121,1304,-3013,11456,-702,96,-279,0,-16,-27,708,16626,183,-1100,432,16626,1574,1573,1725,1738,825,1702,150,311,939,2299,0,288,501,-38,-32,159
29876,-1524,-334,-181,67,1054,8827,16278,-458,121,-228,0,-4,-34,707,16579,163,-1002,428,16579,1604,1514,1732,1751,825,1702,134,277,939,2299,0,283,445,-37,-31,158
29926,-470,169,-102,-36,1255,8400,28424,2288,49,-274,-2,1,-53,709,16673,112,-832,435,16673,1571,1564,1753,1719,143,2699,16,302,-373,2557,173,303,389,-36,-30,157
29976,-10,1525,-73,-105,1182,-1365,23114,1921,-1,-156,0,1,-55,707,16579,104,-685,428,16579,1578,1563,1737,1730,143,2699,14,280,-373,2557,0,256,346,-34,-30,155
30026,174,2430,-218,-11,964,4677,18292,4485,-7,-51,0,1,-47,708,16626,67,-552,432,16626,1606,1560,1714,1736,143,2699,9,180,-373,2557,0,292,326,-32,-29,150
30076,733,2684,-14,-34,1638,9010,3217,2532,-56,69,0,1,-33,708,16626,79,-270,428,16579,1623,1570,1708,1716,143,2699,11,213,-373,2557,0,243,318,-31,-28,150
30126,989,2302,24,-66,972,1564,-1909,3142,-115,96,-2,-4,-22,708,16626,71,-140,432,16626,1638,1516,1735,1717,143,2699,10,191,-373,2557,0,219,326,-30,-28,152
30176,674,1871,27,-101,1134,-2036,-12651,4729,-206,122,-2,-27,-10,710,16720,55,-50,435,16673,1600,1580,1703,1740,143,2699,7,148,-373,2557,0,267,258,-28,-27,156
30226,627,1046,157,60,1518,-9910,8466,2410,-98,86,0,-8,-2,708,16626,98,171,432,16626,1636,1539,1753,1686,143,2699,14,264,-373,2557,0,201,286,-27,-26,149
30276,454,1567,-162,224,1266,1930,9320,3081,-245,112,0,-44,-2,710,16720,94,186,435,16673,1607,1495,1757,1743,143,2699,13,253,-373,2557,0,221,307,-25,-26,153
30326,336,1863,-122,-121,1170,-4172,5048,4058,-370,324,-2,-65,34,710,16720,107,350,439,16720,1588,1490,1800,1714,143,2699,15,288,-373,2557,0,214,216,-24,-27,157
30376,75,2241,29,-26,1212,-17173,4743,335,-658,465,0,-128,53,710,16720,169,444,432,16626,1623,1545,1742,1706,1406,632,237,106,1402,1004,142,130,210,-24,-27,156
30426,-592,2211,-20,11,1185,-30601,-11980,-31,-678,689,0,-143,97,709,16673,217,628,435,16673,1576,1537,1755,1733,1347,563,292,122,1528,997,0,112,225,-24,-27,157
30476,-1501,1725,-257,-153,903,-28037,-24126,-153,-537,704,0,-128,113,708,16626,208,607,432,16626,1570,1560,1754,1725,536,49,111,10,969,400,0,189,144,-24,-25,158
30526,-2720,274,52,155,1140,-18150,-28887,-1801,-191,635,-2,-87,118,708,16626,276,741,432,16626,1605,1528,1738,1739,102,192,28,53,611,428,0,128,162,-23,-24,156
30576,-2627,-1284,29,-48,705,-4783,-33281,274,-106,504,0,-66,120,709,16673,257,671,432,16626,1574,1547,1738,1748,-609,125,-156,32,-53,53,0,70,93,-21,-24,153
30626,-2301,-1883,-123,201,1107,-9360,-42864,-824,0,380,-2,-43,108,708,16626,321,832,432,16626,1555,1585,1669,1800,-609,125,-195,40,-53,53,0,25,105,-20,-23,156
30676,-2252,-3688,-48,51,546,-6675,-51775,-1068,11,90,0,-39,80,709,16673,374,803,439,16720,1606,1524,1697,1785,-609,125,-228,47,-53,53,0,-23,51,-19,-23,152
30726,-1907,-4688,118,80,1405,-1609,-24187,-824,35,-384,-12,-27,2,710,16720,425,711,439,16720,1556,1574,1725,1762,-609,125,-259,53,-53,53,0,-88,44,-18,-23,155
30776,-1763,-4200,-56,-108,1101,-5759,-4229,-702,85,-359,0,-11,3,707,16579,470,1071,432,16626,1583,1563,1722,1746,-609,125,-286,59,-53,53,0,-141,16,-16,-24,156
30826,-1571,-3354,115,59,854,5348,-139,701,124,-274,0,-4,2,707,16579,488,895,428,16579,1617,1543,1696,1758,-609,125,-297,61,-53,53,0,-205,36,-16,-24,149
30876,-861,-2479,-58,-112,1034,5226,-933,2166,81,-264,0,2,-7,709,16673,549,1387,435,16673,1574,1583,1715,1747,-609,125,-334,69,-53,53,0,-225,-22,-15,-25,153
30926,-717,-1820,137,103,1039,-1914,4559,823,122,-220,-2,9,-13,710,16720,580,865,439,16720,1592,1558,1725,1746,-609,125,-353,73,-53,53,0,-265,27,-15,-25,153
30976,-374,-820,-76,-106,1064,3700,4682,1677,77,-176,-2,10,-18,700,16252,643,839,439,16720,1602,1566,1712,1744,-609,125,-392,80,-53,53,0,-289,-3,-14,-26,153
31026,-45,-230,197,151,996,3517,6207,1128,115,-181,-2,18,-35,672,14978,690,855,287,14978,1570,1530,1695,1718,39,538,27,371,-241,391,132,-337,53,-15,-27,152
31076,285,479,-101,-67,1151,4982,7123,2959,65,-175,0,18,-41,672,14978,747,1572,296,15067,1565,1514,1682,1714,6,450,4,336,-206,283,163,-257,147,-17,-31,151
31126,228,541,138,24,1097,10170,11151,1677,77,-163,-2,18,-43,674,15067,800,999,296,15067,1571,1513,1693,1699,-252,324,-201,259,-531,116,183,-308,174,-17,-32,157
31176,686,1269,-175,-36,912,14686,17560,945,35,-137,-2,18,-44,672,14978,849,872,287,14978,1582,1519,1698,1673,-406,186,-345,158,-788,9,142,-315,168,-18,-33,156
31226,1110,2437,-79,-31,1014,6080,13898,2959,-5,-9,-2,18,-42,672,14978,3290,3162,287,14978,1581,1521,1684,1691,-418,212,-1376,699,-669,84,183,-291,195,-18,-33,159
31276,1682,2723,-12,-7,1011,1076,8649,3142,-55,49,0,18,-37,673,15022,941,1007,291,15022,1572,1526,1693,1686,-459,-65,-431,-61,-677,-60,183,-259,228,-17,-31,156
31326,1343,2817,-87,-79,780,4799,10968,3020,-37,53,-2,18,-36,672,14978,982,702,287,14978,1594,1512,1684,1683,-509,43,-499,43,-685,-117,224,-213,227,-15,-30,156
31376,919,2283,97,-115,1303,6935,11090,2288,2,28,0,18,-35,671,14933,5209,4719,291,15022,1583,1532,1684,1680,-516,53,-2687,277,-670,-36,224,-253,246,-8,-29,155
31426,861,2334,1,-120,814,4494,14447,1433,1,20,2,18,-36,669,14844,1040,805,276,14844,1576,1526,1693,1671,-590,6,-614,6,-748,-8,255,-304,163,-6,-28,147
31476,1123,2792,-21,160,983,2296,14203,1555,11,62,-2,18,-35,658,14360,1109,1576,267,14756,1564,1532,1683,1675,-586,-35,-650,-39,-682,-9,255,-354,126,-4,-27,156
31526,848,2960,-67,-165,1075,-2158,9747,1677,-1,82,-2,18,-34,640,13585,1137,284,159,13585,1530,1493,1659,1660,-606,-10,-689,-12,-643,59,193,-354,47,-2,-27,155
31576,656,3048,-230,-95,899,-3623,9076,1799,19,74,0,18,-33,636,13416,1198,1061,155,13543,1511,1513,1654,1661,-585,-66,-701,-79,-655,50,183,-423,20,0,-26,153
31626,658,2879,133,94,953,-5576,7672,1006,43,103,2,18,-32,596,11781,1229,-137,0,11781,1511,1503,1668,1648,-692,-63,-851,-77,-721,49,142,-483,-8,1,-26,150
31676,611,2964,2,188,852,-3135,3949,701,57,98,0,18,-32,500,8292,615,-860,0,9072,1404,1358,1554,1547,-659,-42,-405,-26,-651,36,214,-462,-32,2,-26,145
31726,498,2268,-40,143,803,-4905,531,3875,65,36,-6,18,-32,501,8325,1248,-372,0,8325,1372,1355,1517,1533,-595,-121,-743,-151,-570,-76,193,-433,-27,3,-25,152
31776,278,1536,-124,-92,838,-1609,11823,3936,57,-43,-2,18,-32,534,9458,2457,1439,0,8458,1386,1357,1542,1510,-597,-167,-1468,-411,-587,-38,234,-475,-58,7,-24,157
31826,112,1094,246,50,498,-7529,897,5339,91,-16,-2,18,-32,546,9888,1364,569,0,9888,1424,1416,1545,1544,-560,-51,-765,-70,-591,0,244,-481,-53,8,-23,147
31876,-100,1312,69,212,610,-2647,1447,4912,136,-29,-4,18,-31,575,10966,1369,-512,0,10663,1459,1391,1584,1606,-472,-41,-646,-56,-569,-110,183,-509,-72,12,-22,157
31926,-332,1846,-163,-40,629,1259,8771,3142,117,-29,-4,18,-32,575,10966,1372,-821,0,10966,1463,1417,1630,1565,-432,-99,-592,-136,-572,-190,193,-454,-48,12,-21,159
31976,328,1271,76,147,832,4310,5231,2776,84,-50,-4,18,-34,601,11980,1374,435,4,11980,1505,1452,1607,1623,-558,-136,-767,-187,-557,-229,0,-490,-86,14,-20,153
32026,612,872,6,97,805,-877,5902,1494,51,-95,0,18,-34,634,13332,1357,375,136,13332,1491,1457,1642,1628,-558,-136,-758,-184,-557,-229,0,-469,-91,16,-20,151
32076,305,1212,-104,-25,1006,4249,13410,1677,62,-75,0,18,-33,634,13332,1345,494,132,13290,1515,1488,1664,1646,-558,-136,-751,-183,-557,-229,0,-498,-55,18,-19,158
32126,258,1789,-84,-144,1006,6386,10724,90,223,-56,-2,51,-40,637,13458,1343,654,148,13458,1487,1507,1672,1651,-241,-266,-323,-358,-252,-386,112,-510,-106,18,-18,161
32176,498,1966,-136,166,1155,19386,8344,396,460,-39,-2,96,-39,637,13458,1287,1191,148,13458,1538,1467,1664,1657,-244,-238,-315,-306,-274,-678,142,-493,-132,16,-16,163
32226,1507,2008,-131,92,890,32875,5353,-1007,456,-37,-2,113,-39,637,13458,1281,-1405,148,13458,1535,1460,1677,1647,-288,-347,-370,-444,-283,-850,142,-460,-124,17,-13,166
32276,2470,1302,54,119,1107,26954,5048,274,329,-17,0,105,-27,636,13416,1237,-1167,152,13500,1518,1458,1683,1664,-261,-301,-322,-372,-222,-625,173,-386,-159,17,-9,162
32326,2840,698,-109,6,847,15480,2789,-702,86,-56,0,66,-20,637,13458,735,-778,148,13458,1511,1460,1677,1670,-257,-448,-189,-329,-188,-664,0,-330,-209,17,-7,155
32376,2813,139,21,-71,784,1320,1752,396,6,-83,0,53,-19,638,13500,892,-956,143,13416,1479,1484,1679,1672,-213,-302,-190,-269,-224,-249,204,-280,-245,18,-3,154
32426,2522,167,44,85,664,-1121,1080,-519,-20,-20,0,38,-8,639,13543,1173,-1359,155,13543,1510,1466,1673,1675,-256,-350,-300,-410,-182,-281,244,-262,-241,18,-1,158
32476,2050,242,58,-85,749,1137,-1421,-1373,1,-11,0,39,-8,638,13500,1150,-1936,152,13500,1489,1469,1675,1686,-120,-293,-138,-337,-57,-258,224,-249,-203,18,-1,157
32526,2068,908,-138,151,814,1320,-5449,-702,-112,66,0,10,0,639,13543,1125,-1042,155,13543,1524,1441,1684,1673,-120,-293,-135,-330,16,-259,244,-297,-215,17,-1,158
32576,1965,1113,-2,-160,952,-4905,-8928,-824,-141,109,2,10,1,638,13500,2782,1030,152,13500,1487,1477,1669,1688,-49,-207,-136,-578,159,-31,244,-346,-307,15,0,157
32626,2223,954,116,181,923,-11497,-11675,-824,-130,106,0,10,0,639,13543,1035,-675,155,13543,1493,1474,1664,1691,-44,-291,-45,-301,193,-67,244,-349,-309,13,0,157
32676,1560,705,-10,-132,746,-6797,-8867,-1434,-110,68,-2,9,0,669,14844,982,-946,219,14230,1518,1502,1679,1697,146,-210,143,-206,237,-84,224,-374,-325,10,0,155
32726,904,551,-132,-54,953,-6736,-8013,-763,-85,38,0,0,0,671,14933,60,-1713,284,14933,1542,1500,1705,1710,40,-274,2,-16,171,-146,214,-314,-277,8,0,147
32776,603,154,-73,124,796,-3501,-6426,-2167,-36,17,-2,0,2,670,14889,907,377,280,14889,1534,1517,1692,1713,176,-259,159,-235,284,-184,255,-226,-258,5,0,151
,,,,,,,,,,,,,,,,,,,,,,,,,,,,,,,,,,,
33026,-267,-90,45,-117,891,2235,-8867,-1679,102,84,0,18,16,676,15157,734,-1313,304,15157,1549,1491,1716,1718,108,-357,79,-262,309,-384,244,-154,-280,-4,1,154
33076,-182,-326,-13,-98,1124,4860,-9356,-2472,93,64,-4,16,18,675,15112,2427,831,304,15157,1533,1497,1714,1728,287,-451,698,-1094,340,-514,234,-119,-362,-7,4,157
33126,523,-491,-8,215,1035,3944,-2398,-2655,105,64,-2,25,21,671,14933,40,-1783,284,14933,1515,1492,1724,1717,277,-384,11,-15,294,-428,234,-136,-356,-9,3,153
33176,491,-77,-114,49,1216,6630,-3435,-3815,99,72,0,27,17,676,15157,630,-1202,307,15202,1544,1506,1702,1728,282,-437,178,-275,355,-545,193,-54,-299,-11,3,154
33226,611,-668,102,-22,1253,8888,-4839,-3937,87,41,2,27,18,676,15157,607,-663,304,15157,1531,1517,1700,1732,226,-491,137,-298,334,-560,204,-61,-313,-12,3,154
33276,858,-449,-3,-121,1073,7240,-6853,-3510,20,53,2,20,18,677,15202,584,-556,307,15202,1554,1484,1718,1720,374,-577,218,-337,327,-705,173,-72,-314,-14,3,154
33326,1412,-21,-162,-5,1056,7728,-322,-3082,-60,42,0,12,11,678,15246,573,-438,311,15246,1534,1488,1741,1709,413,-528,237,-302,355,-559,142,-59,-279,-15,3,154
33376,1444,-226,-174,-29,1085,3822,-2764,-3143,-63,-7,-4,13,5,678,15246,520,-484,316,15291,1531,1493,1727,1729,464,-462,241,-240,466,-347,163,-27,-295,-17,3,157
33426,1097,-444,24,-96,1026,-2952,4926,-2289,-42,-18,0,13,4,678,15246,498,-555,311,15246,1535,1508,1730,1710,483,-464,240,-231,385,-385,132,-41,-290,-18,2,155
33476,1018,138,-116,71,950,221,-872,-2411,-16,24,-2,13,4,709,16673,487,-122,435,16673,1569,1550,1732,1759,494,-330,241,-161,461,-285,132,30,-337,-23,5,151
33526,560,34,-30,-98,1328,526,-2642,-3876,9,19,-4,13,3,709,16673,421,-743,435,16673,1579,1542,1740,1750,494,-330,208,-139,461,-285,0,76,-287,-23,4,147
710,16720,371,-777,435,16673,1579,1541,1758,1732,422,-486,156,-180,447,-414,0,56,-249,-24,3,149,,,,,,,,,,,,,,
33626,560,74,-269,15,1004,4982,6452,-2045,20,-8,-2,13,2,709,16673,355,-785,435,16673,1595,1498,1764,1744,584,-214,207,-76,446,-329,112,120,-231,-25,2,150
33676,1247,324,36,157,1321,9193,10358,-2533,-28,41,-4,13,2,709,16673,388,-444,435,16673,1559,1545,1766,1737,540,-299,209,-116,404,-341,132,110,-211,-25,2,154
33726,1019,1084,35,-102,1049,-1243,5597,-2228,-31,111,-4,13,2,710,16720,323,-454,439,16720,1539,1535,1772,1754,492,-255,159,-82,404,-139,112,126,-204,-26,1,156
,,,,,,,,,,,,,,,,,,,,,,,,,,,,,,,,,,,
,,,,,,,,,,,,,,,,,,,,,,,,,,,,,,,,,,,
34026,918,79,-55,186,1003,5348,-8013,-1679,-1,18,-4,11,2,674,15067,353,-224,296,-3,148,,,,,,,,,,,,,,,
,,,,,,,,,,,,,,,,,,,,,,,,,,,,,,,,,,,
34176,885,-648,-132,114,1036,-2280,-4107,-1251,-5,-54,-2,12,2,672,14978,384,-115,287,14978,1522,1509,1724,1703,676,157,259,60,714,252,0,265,-14,-30,-5,151
34226,639,-424,-132,29,890,-3806,1386,-824,7,-39,-2,12,2,673,15022,371,-144,291,15022,1543,1505,1703,1715,674,40,250,14,709,135,112,242,-18,-30,-5,147
34276,407,-216,72,-97,1125,-3318,-6243,-519,16,3,0,12,2,673,15022,388,-69,291,15022,1533,1503,1702,1724,594,206,230,80,615,265,163,202,-9,-30,-6,145
34326,134,-492,-3,-112,905,-5881,-5022,-641,35,-28,0,12,2,692,584,0,183,13,-301,2,799,573,142,236,70,-6,2,859,768,193,248,95,-31,-9,147
34476,152,-444,129,-45,1142,-6065,-505,-458,-86,-6,0,-13,4,361,1045,153,224,85,5,0,-20,9,357,1082,112,193,122,-32,-12,154,,,,,
,,,,,,,,,,,,,,,,,,,,,,,,,,,,,,,,,,,
34676,-1485,-1065,-21,-183,1121,-27122,-7952,-2045,-388,98,0,-98,38,673,15022,439,352,291,15022,1500,1508,1721,1726,660,845,289,371,800,1243,0,216,170,-33,-16,159
34726,-2329,-1341,-16,-81,965,-22788,-4107,-1557,-303,44,0,-98,32,672,14978,463,-24,287,14978,1503,1512,1726,1716,612,821,283,380,621,1134,122,221,191,-33,-17,159
34776,-2710,-969,-103,-59,1038,-20164,-2031,-1618,-202,-32,2,-85,12,672,14978,501,20,287,14978,1514,1500,1721,1718,532,689,267,346,525,870,142,270,216,-33,-18,159
34826,-3169,-1177,16,-48,1019,-11130,3461,-1862,-66,-80,-4,-67,4,674,15067,515,19,296,15067,1508,1503,1722,1720,251,711,129,366,196,784,153,215,187,-33,-19,156
34876,-3175,-918,-11,-43,971,-1792,9564,-1557,-5,-59,0,-56,5,673,15022,2703,2202,291,15022,1523,1475,1741,1712,320,430,867,1164,222,355,112,204,225,-35,-22,156
34926,-2392,-16,-84,36,765,-3013,1813,-1862,-3,14,-2,-43,5,673,15022,517,121,291,15022,1509,1513,1703,1728,339,186,175,96,359,213,132,225,204,-34,-21,150
34976,-2209,-100,109,-55,1042,-7102,-2886,-1862,52,16,0,-27,2,671,14933,531,268,284,14933,1490,1516,1707,1735,353,307,187,163,412,268,224,193,162,-33,-21,154
35026,-2166,-631,119,-105,917,1381,-383,-2777,105,-25,-4,-15,3,673,15022,105,-446,291,15022,1532,1469,1731,1716,437,192,45,20,386,8,244,182,130,-33,-21,152
35076,-1418,-204,-10,91,926,8400,3827,-702,66,-7,-2,-14,2,672,14978,563,-205,287,14978,1533,1476,1723,1719,386,13,217,7,385,-176,204,223,133,-33,-20,149
35126,-735,51,9,26,875,6935,-3374,-2350,-1,17,0,-14,2,673,15022,540,114,291,15022,1524,1488,1702,1742,356,-172,192,-93,467,-305,183,224,89,-33,-19,147
35176,-284,-386,101,23,896,6264,-5755,-3571,-35,-9,-2,-13,2,672,14978,569,151,287,14978,1525,1469,1712,1740,-34,9,-19,5,33,-109,0,169,64,-31,-18,145
,,,,,,,,,,,,,,,,,,,,,,,,,,,,,,,,,,,
35326,-56,-647,129,-6,1077,1503,-2214,-2777,-19,-30,-2,-4,2,673,15022,598,207,291,15022,1526,1456,1736,1725,265,-400,159,-239,198,-537,214,169,-11,-30,-14,155
35376,181,-62,-58,-60,1214,-1609,-3435,-2777,-39,1,0,-3,2,673,15022,606,789,287,14978,1513,1481,1725,1729,198,-501,120,-304,200,-535,183,191,-51,-30,-13,153
,,,,,,,,,,,,,,,,,,,,,,,,,,,,,,,,,,,
35826,20,-76,28,174,986,343,6696,-1251,23,0,-2,1,1,673,15022,706,704,291,15022,1533,1485,1720,1716,-141,-778,-99,-549,-220,-805,173,78,-400,-25,4,146
35876,-38,251,-130,97,1049,4494,4071,-1373,18,18,0,0,2,669,14844,729,1152,276,14844,1537,1467,1722,1713,-182,-625,-132,-456,-201,-677,244,48,-469,-24,5,152
35926,474,596,190,42,1077,1747,714,-702,-30,81,0,1,2,673,15022,717,-290,291,15022,1526,1493,1715,1720,-169,-864,-121,-619,-132,-878,255,0,-485,-23,6,149
35976,-62,658,42,-108,1248,-1731,-8379,-763,2,72,0,1,1,673,15022,74,-993,296,15067,1538,1481,1713,1729,-161,-825,-11,-61,34,-861,234,44,-429,-22,5,147
36026,-100,23,-52,-112,1231,1869,-8379,90,0,8,0,0,1,672,14978,753,-149,287,14978,1548,1482,1711,1720,-172,-878,-130,-661,-83,-938,234,79,-455,-21,6,148
36076,115,-141,-177,-18,1045,4310,1935,-458,-3,-23,0,1,1,673,15022,753,-113,291,15022,1543,1489,1729,1700,-250,-949,-188,-715,-294,-972,193,-2,-538,-20,7,154
,,,,,,,,,,,,,,,,,,,,,,,,,,,,,,,,,,,
3,844,164,291,15022,18,17,154,,,,,,,,,,,,,,,,,,,,,,,,,,,,
36626,316,673,15022,866,163,291,15022,1552,1503,1720,1693,-216,-876,-187,-759,-177,-878,224,-141,-794,-8,17,157,,,,,,,,,,,,
36676,687,660,60,-47,800,3639,-200,1677,0,73,0,13,1,673,15022,421,-192,296,15067,1561,1495,1714,1701,-248,-905,-104,-381,-156,-939,234,-139,-722,-8,17,151
36726,836,-32,-91,34,1085,5165,-3069,2288,0,0,0,13,2,672,14978,886,253,287,14978,1536,1515,1700,1709,-201,-1046,-178,-927,-143,-1102,193,-88,-743,-7,18,152
36776,823,13,-197,-86,1038,2846,-2337,1189,202,-9,0,56,1,672,14978,876,1328,287,14978,1511,1545,1707,1701,-140,-831,-123,-728,-117,-961,183,-129,-872,-7,23,156
36826,578,103,-66,-127,1047,19691,-3923,945,370,18,2,85,2,673,15022,909,200,291,15022,1571,1479,1701,1708,-140,-831,-128,-756,-117,-961,0,-97,-821,-7,23,153
14978,915,42,287,14912,-5,24,157,,,,,,,,,,,,,,,,,,,,,,,,,,,,
36926,8,920,-185,287,14978-6,24,160,,,,,,,,,,,,,,,,,,,,,,,,,,,,
36976,257119,284,14933,1563,1,158,,,,,,,,,,,,,,,,,,,,,,,,,,,,,
37026,3444,-3109,291,15022,1579,1461,,,,,,,,,,,,,,,,,,,,,,,,,,,,,
673,15022,943,209,291,15022,1516,1520,1721,1707,-229,-876,-216,-826,-197,-507,183,-72,-762,-5,25,160,,,,,,,,,,,,,,
37126,1476,-1210,251,-104,940,-7835,4193,-153,-135,-68,0,2,2,674,15067,954,286,296,15067,1544,1481,1716,1714,-179,-697,-170,-665,-208,-457,234,-74,-729,-4,25,158
37176,714,-606,58,-54,960,-5881,2179,457,-65,-34,-2,1,2,675,15112,2612,1812,287,14978,1547,1479,1722,1708,-186,-590,-487,-1542,-228,-428,183,-139,-827,-3,26,157
37226,917,61,-16,-110,1252,-8262,-1055,1067,-90,15,-2,0,2,674,15067,951,265,296,15067,1543,1489,1718,1707,-220,-560,-209,-533,-256,-388,234,-186,-769,-3,24,156
37276,258,-178,-232,-27,1153,-4172,1080,90,-20,-29,0,1,1,674,15067,971,1086,291,15022,1531,1506,1713,1713,-183,-212,-177,-206,-151,-50,234,-81,-659,-2,21,154
,,,,,,,,,,,,,,,,,,,,,,,,,,,,,,,,,,,
37426,-314,159,-45,41,975,3517,1447,579,267,19,0,46,2,674,15067,203,-937,296,15067,1529,1499,1726,1703,-225,-471,-45,-95,-276,-535,255,-206,-643,1,21,150
,,,,,,,,,,,,,,,,,,,,,,,,,,,,,,,,,,,
37576,1282,-170,31,-156,1093,11268,-383,90,239,-5,0,72,1,673,15022,495,-655,291,15022,1560,1477,1707,1717,-239,-372,-118,-184,-277,-496,214,-183,-529,3,17,155
37626,1899,-213,-21,188,894,8705,-567,701,47,-14,0,38,1,673,15022,369,-737,291,15022,1563,1473,1713,1711,-367,-387,-135,-142,-355,-374,234,-256,-505,3,16,154
37676,2183,311,-107,-9,1254,-2158,-2092,823,-182,30,0,2,2,672,14978,1027,-103,291,15022,1526,1528,1706,1707,-267,-297,-274,-305,-194,-64,255,-223,-445,3,14,156
37726,1104,-301,160,-94,1002,-9971,-1177,457,-101,0,-2,2,2,674,15067,1023,166,296,15067,1529,1505,1719,1710,-219,-137,-224,-140,-175,133,234,-204,-387,4,12,156
,,,,,,,,,,,,,,,,,,,,,,,,,,,,,,,,,,,
37876,142,-496,-181,69,1113,-8262,-628,1006,-16,-49,0,-1,2,672,14978,1035,11,291,15022,1540,1533,1696,1703,-289,-13,-299,-13,-299,115,214,-284,-279,4,7,152
37926,-445,-499,-157,83,1049,-4783,2118,1494,38,-46,-2,-1,2,672,14978,1032,116,287,14978,1543,1510,1716,1693,-493,-3,-509,-3,-520,110,214,-275,-229,5,5,152
37976,-501,-283,30,-124,1191,-1853,4071,1494,33,-17,-2,0,1,673,15022,1026,-326,296,15067,1551,1504,1710,1706,-355,150,-365,154,-368,220,204,-268,-182,6,3,154
38026,-150,65,42,-6,1098,-3745,4865,884,105,-149,-2,18,-31,673,15022,1039,-49,291,15022,1553,1501,1693,1720,-413,91,-429,95,-483,98,183,-297,-159,6,1,150
,,,,,,,,,,,,,,,,,,,,,,,,,,,,,,,,,,,
38276,971,1604,171,-75,1162,-2341,-6304,396,10,143,0,20,-3,673,15022,1078,21,300,15112,1554,1534,1693,1701,-316,234,-341,252,-155,302,173,-270,32,9,-6,151
38326,962,1178,64,-9,1190,-4111,-6243,762,9,102,0,19,-2,672,14978,1074,-115,287,14978,1545,1511,1717,1694,-156,457,-167,491,-83,499,204,-278,37,9,-8,149
38376,617,681,39,59,705,-3745,-4961,1433,46,61,2,18,-1,673,15022,3679,1861,296,15067,1551,1513,1710,1698,-254,270,-936,994,-208,341,224,-318,116,10,-12,152
38426,515,120,-3,33,770,-3806,-4778,1860,16,12,-2,11,0,674,15067,1085,104,296,15067,1539,1521,1701,1708,-300,394,-325,427,-224,458,204,-274,150,10,-13,151
,,,,,,,,,,,,,,,,,,,,,,,,,,,,,,,,,,,
,15022,1119,-440,28744,11,-18,158,,,,,,,,,,,,,,,,,,,,,,,,,,,,
38626,-223,294,175,-105,876,-13389,1019,2044,-78,-27,0,-16,-14,673,15022,1137,150,291,15022,1542,1534,1700,1697,-260,545,-296,619,-268,663,214,-355,265,10,-20,159
,,,,,,,,,,,,,,,,,,,,,,,,,,,,,,,,,,,
39026,-439,190,51,-49,764,-83,3827,3020,35,-5,-4,0,-5,642,13670,2452,1154,168,13670,1524,1487,1685,1649,-229,436,-563,1071,-316,345,234,-219,488,14,-26,152
39076,79,1314,-99,24,813,-4234,226,2288,1,76,-6,1,-5,642,13670,2773,1182,172,13713,1514,1508,1669,1661,-252,392,-699,1087,-210,386,214,-251,501,15,-27,151
39126,13,1072,9,-88,1037,-3745,-2703,2349,-4,69,-4,1,-5,643,13713,1195,-58,172,13713,1515,1492,1679,1663,-147,390,-175,466,-76,354,224,-299,503,15,-28,151
39176,-19,652,20,-18,927,-1365,-3923,1494,2,41,-2,0,-4,642,13670,1208,-255,172,13713,1521,1485,1677,1666,-132,316,-159,382,-127,272,193,-379,472,13,-27,152
39226,130,407,109,-36,884,-2158,348,1677,-13,34,-2,0,-2,644,13756,1113,-598,175,13756,1509,1486,1703,1651,-18,332,-20,370,-58,290,193,-408,436,12,-27,150
39276,234,657,-78,11,894,-3440,-1421,1433,-14,36,0,1,-2,642,13670,1313,-848,175,13756,1528,1491,1676,1660,-89,400,-117,526,-58,399,173,-402,420,10,-28,151
39326,575,178,21,-22,998,-4050,-689,1983,-16,4,0,7,-2,643,13713,1159,-282,172,13713,1489,1515,1679,1665,-67,454,-77,526,-25,485,204,-413,405,9,-28,147
39376,-39,-564,-18,-68,944,-510,-1238,1921,65,-65,-2,13,-2,77,6,-29,152,,,,,,,,,,,,,,,,,,
39426,322,-667,57,-7,809,3090,1691,2410,44,-63,-2,14,-2,645,13798,1112,-223,179,13798,1503,1498,1691,1663,-32,385,-36,428,-58,270,214,-431,356,4,-29,149
39476,273,-348,-63,-129,968,4616,1569,2105,68,-45,0,20,-1,644,13756,1111,-253,179,13798,1506,1496,1678,1675,-70,247,-78,274,-91,141,204,-390,296,2,-29,151
39526,526,-717,-81,-47,1004,7362,3095,1311,199,-73,0,49,0,644,13756,1077,-317,175,13756,1506,1504,1672,1672,-139,275,-150,296,-94,128,214,-411,262,1,-29,153
39576,635,-1069,2,-70,882,12550,2484,1067,223,-99,-2,56,0,644,13756,1066,-376,175,13756,1511,1495,1675,1671,-54,397,-57,423,-136,146,214,-435,264,-1,-30,153
39626,1247,-947,32,-48,1015,11452,3949,1006,314,-107,-2,85,-4,644,13756,981,-259,175,13756,1485,1509,1681,1674,19,290,19,285,0,75,244,-436,252,-3,-30,150
39676,1762,-472,-21,-40,757,18410,2850,396,309,-70,0,92,-4,0,38,224,-432,264,-6,74,0,644,13756,972,478,250,-8,-30,153,,,,,,
8,940,-676,287,1497847,,,,,,,,,,,,,,,,,,,,,,,,,,,,,,,
,,,,,,,,,,,,,,,,,,,,,,,,,,,,,,,,,,,
39976,1460,148,-122,70,956,953,-1543,-3204,-27,7,0,18,1,674,15067,860,-576,287,14978,1514,1500,1722,1718,57,652,49,560,136,680,142,-317,401,-22,-34,148
673,15022,822,-488,291,15022,1513,1490,1736,1719,82,576,68,473,117,596,153,-338,409,-23,-34,150,,,,,,,,,,,,,,
40076,1387,-198,121,28,743,-1121,-5083,-3082,-29,7,0,18,1,674,15067,782,-535,291,15022,1506,1495,1724,1728,23,816,18,638,114,858,183,-268,431,-26,-35,150
40126,1340,-512,-162,163,1103,-2158,-4351,-3327,-14,-44,2,18,2,673,15022,762,-604,291,15022,1509,1486,1723,1731,107,685,81,522,188,709,163,-249,459,-28,-36,156
40176,1224,-477,163,103,983,2235,-3679,-3204,-3,-17,0,18,1,673,15022,731,-395,291,15022,1528,1484,1722,1722,124,622,90,455,151,605,183,-261,437,-30,-36,152
40226,1255,-522,-32,165,950,-632,-4046,-3021,3,-34,0,19,2,673,15022,664,-925,291,15022,1495,1497,1716,1743,149,762,99,506,216,758,142,-223,491,-32,-36,151
40276,1154,-549,2,147,1218,1747,-9417,-3327,4,-34,0,18,2,674,15067,653,-349,291,15022,1508,1488,1710,1745,81,834,53,545,218,834,142,-205,485,-34,-37,149
40326,1024,-718,99,12,773,4005,-6365,-4120,13,-48,0,20,0,674,15067,628,-957,287,14978,1504,1489,1715,1739,144,949,90,596,239,872,132,-220,503,-35,-37,150
677,15202,595,-827,307,15202,1518,1506,1706,1744,26,918,15,546,103,856,163,-187,527,-37,-38,150,,,,,,,,,,,,,,
40426,1143,-755,40,-45,1011,2601,-7952,-3510,-4,-49,0,20,2,673,15022,595,-562,291,15022,1518,1491,1703,1746,122,1131,72,673,212,1064,0,-215,521,-38,-38,152
40476,1094,-1302,149,-93,796,1137,-10759,-2899,-7,-85,0,20,1,674,15067,552,-755,291,15022,1519,1485,1713,1737,57,1040,31,574,117,1016,142,-174,567,-40,-39,155
674,15067,525,-765,296,15067,1528,1476,1722,1727,20,1284,10,674,11,1229,122,-219,544,-41,-40,155,,,,,,,,,,,,,,
40576,1592,-870,-38,-141,1082,6874,-567,-2533,-50,-80,0,20,0,674,15067,508,-602,296,15067,1529,1462,1726,1735,-222,1181,-113,600,-269,1077,122,-172,631,-42,-42,160
40626,1793,-710,-85,55,1092,7240,2484,-2350,-50,-93,-2,20,-4,674,15067,494,139,296,15067,1546,1475,1719,1717,-222,1181,-110,583,-269,1077,0,-198,624,-42,-42,157
40676,2039,-303,46,52,1119,4494,6879,-1862,-73,-57,0,20,-6,709,16673,391,-1033,435,16673,1563,1526,1761,1753,-222,1181,-87,461,-269,1077,0,-191,589,-43,-40,156
40726,1663,81,-45,111,867,-816,-567,-1740,-34,-29,-2,20,-6,710,16720,416,-605,439,16720,1564,1526,1734,1779,-271,1595,-112,663,-299,1636,0,-177,619,-44,-40,156
40776,1770,99,-48,226,975,160,-3313,-2228,-29,-29,-2,20,-6,708,16626,378,-209,432,16626,1585,1531,1740,1750,-271,1595,-102,603,-299,1636,0,-207,635,-44,-40,156
40826,1650,362,-130,33,1001,-999,-1238,-1740,-39,-36,0,20,-11,708,16626,380,-780,432,16626,1553,1529,1742,1773,-271,1595,-103,606,-299,1636,0,-132,608,-45,-40,159
40876,1306,322,-240,-81,1139,-5332,11456,-2350,-97,-81,0,5,-16,710,16720,345,-716,435,16673,1576,1543,1760,1731,-271,1595,-93,550,-299,1636,0,-152,576,-45,-39,159
40926,1144,716,-119,191,1344,-8872,6635,-580,-398,6,-2,-61,-9,709,16673,316,-671,435,16673,1624,1443,1760,1761,-271,1595,-85,504,-299,1636,0,-136,600,-45,-39,158
16626,281,-498,432,1,-45,-39,157,,,,,,,,,,,,,,,,,,,,,,,,,,,,
709,16673,271,-455,435,16673,1554,1548,1751,1750,-414,2473,-112,670,-551,2931,0,-140,567,-46,-39,160,,,,,,,,,,,,,,
41076,-1973,1492,-78,91,1298,-27244,1019,579,-342,129,0,-102,0,709,16673,272,-253,435,16673,1551,1575,1737,1749,-414,2473,-112,672,-551,2931,0,-118,583,-46,-40,160
41126,-2949,1228,40,-126,918,-23826,-4900,274,-145,91,-2,-76,-4,709,16673,271,-132,435,16673,1559,1552,1739,1758,-414,2473,-112,670,-551,2931,0,-106,538,-46,-40,161
41176,-3032,805,118,148,928,-11741,-5571,884,-33,59,-12,-62,-5,710,16720,275,-135,439,16720,1597,1538,1730,1752,-414,2473,-114,680,-551,2931,0,-105,534,-46,-41,160
41226,-2960,563,12,-82,1141,-4111,-5449,457,-31,29,0,-57,-4,709,16673,316,128,435,16673,1576,1555,1739,1744,-414,2473,-131,781,-551,2931,0,-123,567,-46,-42,156
41276,-2410,544,52,-104,1016,-4417,-3801,1311,-21,34,0,-44,-4,708,16626,304,179,435,16673,1578,1553,1735,1747,-414,2473,-126,751,-551,2931,0,-126,540,-46,-43,158
41326,-2273,293,157,-18,1202,-755,-4778,945,81,24,-4,-23,-3,709,16673,325,249,435,16673,1591,1553,1724,1747,-414,2473,-134,803,-551,2931,0,-146,590,-46,-44,156
709,16673,331,1190,435,16673,1581,1545,1730,1756,-414,2473,-137,818,-551,2931,0,-202,863,-44,-58,158,,,,,,,,,,,,,,
,,,,,,,,,,,,,,,,,,,,,,,,,,,,,,,,,,,
41526,-849,230,-112,20,1148,-4417,5048,640,-179,4,-2,-50,0,709,16673,405,362,435,16673,1602,1541,1724,1741,-414,2473,-168,1001,-551,2931,0,-203,853,-45,-58,156
,,,,,,,,,,,,,,,,,,,,,,,,,,,,,,,,,,,
41676,-1263,419,-90,-10,1102,-6797,14264,2349,-31,-200,0,-27,-44,641,13628,470,470,159,13585,1498,1490,1682,1664,-414,2473,-195,1162,-551,2931,0,-144,942,-45,-62,162
41726640,13585,480,520,159,13585,1525,1462,1680,1662,-414,2473,-199,1187,-551,2931,0,-114,,,,,,,,,,,,,,,,,,
41776,-1093,1271,-113,-60,899,-449,17865,1372,-133,-193,-4,-44,-57,639,13543,552,413,155,13543,1511,1472,1674,1672,-414,2473,-229,1365,-551,2931,0,-74,1037,-44,-66,164
41826,-1174,1262,114,-72,869,-9727,17499,1921,-169,-140,-4,-52,-51,639,13543,548,494,155,13543,1486,1516,1677,1654,-414,2473,-227,1355,-551,2931,0,-59,1117,-43,-69,164
41876,-1775,1748,-66,-123,1015,-12412,16034,823,-125,-63,-2,-53,-41,639,13543,564,408,148,13458,1499,1494,1667,1665,-414,2473,-234,1395,-551,2931,0,-46,1164,-41,-70,165
,,,,,,,,,,,,,,,,,,,,,,,,,,,,,,,,,,,
42226,337,307,115,16,1237,4921,-6975,-458,8,36,2,6,0,674,15067,615,-50,296,15067,1541,1514,1711,1709,111,-532,68,-327,223,-659,112,44,629,-33,-45,146
42276,158,0,-147,93,662,3090,-2581,-458,29,-21,0,5,0,674,15067,629,-130,296,15067,1541,1512,1709,1709,173,-595,108,-374,283,-708,0,68,476,-33,-38,146
42326,217,-533,-124,-23,1005,3883,775,-824,39,-60,0,11,0,674,15067,636,-260,296,15067,1543,1515,1695,1718,173,-595,110,-378,283,-708,0,121,380,-33,-34,151
675,15112,656,44,291,15022,1532,1507,1705,1719,173,-595,113,-390,283,-708,0,97,221,-33,-29,144,,,,,,,,,,,,,,
42426,836,35,134,50,1024,5043,-1909,-2716,54,17,0,24,0,674,15067,787,201,296,15067,1539,1502,1716,1714,173,-595,136,-468,283,-708,0,46,172,-33,-26,147
,,,,,,,,,,,,,,,,,,,,,,,,,,,,,,,,,,,
,,,,,,,,,,,,,,,,,,,,,,,,,,,,,,,,,,,
42926,1443,-178,73,11,1197,3822,-5755,-1129,-35,0,0,18,1,673,15022,656,225,291,15022,1543,1490,1705,1716,567,-1085,372,-712,603,-1095,183,89,-501,-43,7,152
42976,974,-443,-116,-153,849,5226,-6487,151,-12,-43,0,18,1,672,14978,786,201,287,14978,1560,1470,1700,1725,475,-1095,373,-861,503,-1081,204,121,-550,-45,9,155
43026,1070,-532,-189,-29,910,6508,-1970,-519,-1,-67,0,18,0,672,14978,772,279,287,14978,1550,1496,1694,1721,470,-1096,363,-846,524,-1096,193,149,-626,-47,12,156
43076,1449,-509,67,-4,952,7606,-505,-153,-39,-30,0,17,1,672,14978,801,184,291,15022,1564,1479,1704,1715,386,-954,309,-764,351,-998,214,111,-620,-48,13,151
43126,809,-709,-4,-60,829,3029,470,90,-8,-60,-2,13,0,672,14978,696,52,287,14978,1539,1510,1707,1710,463,-1086,322,-756,393,-1037,234,152,-641,-50,14,149
43176,935,-27,-72,8,961,6508,1813,396,7,-3,0,17,1,673,15022,827,491,291,15022,1558,1487,1701,1718,432,-954,357,-789,412,-949,255,181,-674,-51,16,145
43226,498,-98,-2,87,946,5348,1386,90,61,-6,-2,18,0,672,14978,821,28,287,14978,1561,1472,1706,1720,419,-908,344,-746,381,-950,244,177,-680,-52,17,145
673,15022,849,142,291,15022,1567,1470,1710,1713,369,-853,313,-724,269,-877,244,161,-697,-53,17,145,,,,,,,,,,,,,,
43326,537,11,61,-144,999,4677,-872,1677,30,14,0,18,1,673,15022,841,372,291,15022,1537,1496,1711,1717,474,-689,398,-579,440,-679,255,215,-764,-55,19,148
43376,594,275,-66,106,975,3029,-4290,762,50,26,-2,18,1,673,15022,849,-198,291,15022,1556,1488,1693,1726,392,-863,333,-733,445,-837,204,287,-698,-55,19,151
,,,,,,,,,,,,,,,,,,,,,,,,,,,,,,,,,,,
43926,-83,1140,66,-35,908,-3135,-9356,2532,89,123,0,17,2,642,13670,968,-100,168,13670,1536,1497,1658,1664,333,-519,322,-502,438,-471,244,418,-619,-67,22,153
43976,596,1471,-94,118,572,-83,-11919,2288,58,129,-2,18,2,644,13756,1511,605,172,13713,1535,1478,1658,1679,464,-403,701,-609,637,-354,234,438,-519,-67,21,154
645,13798,936,10,179,13798,1515,1487,1667,1683,574,-397,537,-371,735,-309,234,461,-494,-66,20,149,,,,,,,,,,,,,,
44076,469,642,-147,-43,880,-2708,-12346,2044,42,56,-2,18,2,645,13798,957,-1851,172,13713,1536,1465,1668,1678,498,-218,477,-208,582,-177,244,484,-435,-66,19,156
44126,377,303,-139,167,848,-1426,-10149,2593,72,28,-2,17,2,645,13798,957,-704,179,13798,1520,1485,1669,1685,469,-252,448,-241,553,-201,244,549,-397,-65,18,155
44176,239,324,-27,-129,1146,-1365,-8196,2105,60,36,-2,18,1,645,13798,1031,-578,184,13841,1526,1483,1665,1686,355,-204,366,-210,511,-178,234,640,-340,-64,17,156
44226,-162,-865,-65,33,888,587,-6548,1311,105,-71,2,17,2,645,13798,583,-822,179,13798,1530,1490,1649,1696,398,-221,232,-129,466,-203,214,661,-309,-62,17,153
44276,142,-1062,-146,24,748,526,-1543,2593,81,-106,0,18,1,636,13416,911,-171,179,13798,1521,1491,1664,1681,328,-188,298,-171,305,-175,234,638,-283,-60,16,154
44326,262,-586,-6,137,1011,2052,592,1006,78,-39,0,17,2,636,13416,897,-139,143,13416,1510,1479,1659,1676,286,-263,256,-236,251,-234,224,578,-284,-58,16,151
44376,331,114,-117,21,908,3578,-4473,884,86,9,-2,22,2,636,13416,877,-885,148,13458,1524,1502,1623,1682,326,10,286,9,299,-8,214,487,-355,-56,14,143
,,,,,,,,,,,,,,,,,,,,,,,,,,,,,,,,,,,
44776,716,-630,148,134583,154,,,,,,,,,,,,,,,,,,,,,,,,,,,,,,
44826,1457,86,143,13416,1546,14966,556,450,29,-35,929637,13458,637,-1065,143,13416,1542,1485,1655,1645,-246,565,-157,360,-234,721,163,183,106,-39,0,151,,,
44926,301,636,19,-46,1063,-11619,2545,2593,-235,53,6,-39,0,665,146672,154,,,,,,,,,,,,,,,,,,,
44976,344,909,-157,-136,906,-19126,3461,1494,-288,58,-2,-46,0,682,15427,579,-1246,307,15202,1560,1561,1682,1692,-302,722,-175,418,-301,1093,122,77,102,-35,-4,158
,,,,,,,,,,,,,,,,,,,,,,,,,,,,,,,,,,,
45826,251,0,70,423,16532,1595,,,,,,,,,,,,,,,,,,,,,,,,,,,,,
,,,,,,,,,,,,,,,,,,,,,,,,,,,,,,,,,,,
46076,1521,-1094,44,-4,1424,12550,4682,-458,2,-85,2,26,2,708,16626,400,497,423,16532,1588,1538,1745,1730,246,136,98,54,288,0,0,-70,261,-13,-20,143
,,,,,,,,,,,,,,,,,,,,,,,,,,,,,,,,,,,
46376,1365,-128,-144,26,1047,-5759,-750,1128,-107,-87,-2,2,-12,672,14978,572,972,291,15022,1528,1530,1692,1719,200,100,114,57,189,189,193,-44,140,-19,-13,154
46426,688,-29,-38,-6,752,-3074,-750,-397,-49,-73,0,2,-13,672,14978,606,381,287,14978,1528,1549,1679,1716,105,146,63,88,140,256,204,-3,141,-20,-13,146
46476,476,60,81,-44,1048,343,-200,-31,232,-52,0,55,-13,673,15022,650,307,287,14978,1519,1540,1694,1712,104,239,68,155,88,77,163,4,115,-20,-13,142
673,15022,675,1481,291,15022,1583,1489,1693,1700,143,3,97,2,76,-408,193,-35,115,-21,-12,147,,,,,,,,,,,,,,
46576,1678,244,-125,56,991,29701,-505,1738,347,-67,-2,95,-15,673,15022,714,-189,291,15022,1576,1499,1686,1709,75,-168,54,-120,59,-457,224,-16,126,-22,-11,154
46626,2424,-125,-172,-36,798,17067,1447,1128,394,-33,-2,121,0,672,14978,761,1419,287,14978,1536,1546,1682,1706,73,-37,56,-28,68,-170,234,71,89,-23,-10,151
,,,,,,,,,,,,,,,,,,,,,,,,,,,,,,,,,,,
,,,,,,,,,,,,,,,,,,,,,,,,,,,,,,,,,,,
47076,-255,696,-223,81,884,-10337,-1787,823,-56,44,0,-16,1,662,14535,969,683,284,14933,1560,1496,1696,1707,109,534,106,518,87,779,244,-2,236,-26,-16,149
47126,-489,604,-217,61,997,-16196,43,213,-246,38,0,-57,1,663,14579,1015,1399,251,14579,1527,1528,1683,1694,30,556,31,564,51,910,234,57,250,-26,-18,147
661,14491,1115,524,251,14579,1538,1511,1685,1696,49,556,54,620,85,884,255,35,306,-26,-20,150,,,,,,,,,,,,,,
,,,,,,,,,,,,,,,,,,,,,,,,,,,,,,,,,,,
47426,-3481,882,148,13458,1502,14-3089,1182,-96,153,737,13458,1108,88,148,13458,1516,1477,1665,1666,33,621,37,688,58,773,153,52,501,-27,-35,154,,,,
47526,-3163,1232,23,-65,921,-19431,-3740,2288,-261,117,-2,-105,0,638,13500,1924,762,152,13500,1515,1481,1668,1665,27,653,53,1257,75,793,153,37,505,-28,-36,155
638,13500,1157,223,152,13500,1507,1501,1656,1668,17,588,20,681,38,688,183,31,513,-28,-37,152,,,,,,,,,,,,,,
47626,-3283,1473,96,-72,963,-20225,-7158,2593,-254,151,-2,-106,1,637,13458,1835,216,148,13458,1519,1497,1656,1661,83,418,152,767,169,535,173,18,478,-28,-37,156
47676,-3044,1139,42,20,826,-17173,-4961,2227,-260,115,0,-105,1,639,13543,1181,497,148,13458,1517,1505,1639,1670,57,413,67,488,141,492,224,6,448,-30,-38,152
47726,-3188,582,150,-26,794,-17966,-5144,1677,-181,83,-2,-90,2,76,354,204,-15,413,-,-65,2,637,13458,11813,-30,-36,147,,,,,,,,
4782638,13500,1326,315,152,13500,1536,1497,1650,1654,0,5,-1,7,-33,-201,244,-108,282,-31,-35,145,,,,,,,,,,,,,,
,,,,,,,,,,,,,,,,,,,,,,,,,,,,,,,,,,,
49326,1585,1506,33,-47,1132,28908,10602,-641,607,-125,-2,148,-51,673,15022,627,1131,291,15022,1581,1467,1717,1697,-158,-1575,-99,-987,-158,-1505,0,25,-1114,0,51,161
49376,2720,2022,128,23,1308,36171,13287,-2167,511,-74,0,147,-51,671,14933,592,-757,291,15022,1577,1467,1723,1694,-158,-1575,-93,-932,-158,-1505,0,-12,-1063,1,50,161
2,14978,580,-444,287091,1,51,157,,,,,,,,,,,,,,,,,,,,,,,,,,,,
49476,60,-1033,284,14933,1,,,,,,,,,,,,,,,,,,,,,,,,,,,,,,
,,,,,,,,,,,,,,,,,,,,,,,,,,,,,,,,,,,
,,,,,,,,,,,,,,,,,,,,,,,,,,,,,,,,,,,
50826,467,-4818,23,-44,696,-31150,-35540,3508,-410,301,0,-69,142,681,15382,159,122,323,15382,1509,1595,1637,1752,-1,-1055,0,-167,-28,-1039,0,-187,-262,4,18,156
,,,,,,,,,,,,,,,,,,,,,,,,,,,,,,,,,,,
51026,-2990,-3909,197,97,899,-22361,12677,4485,-88,-303,2,-71,5,681,15382,204,196,323,15382,1577,1564,1688,1684,-1,-1055,0,-215,-28,-1039,0,-245,-309,0,15,155
,,,,,,,,,,,,,,,,,,,,,,,,,,,,,,,,,,,
2,28,-1039,0,-185,-353,0,-4,3,674,15067,27-217,-369,-9,7,152,,,,,,,,,,,,,,,,,,,,
,674,15067,269,191,372,-10,7,157,,,,,,,,,,,,,,,,,,,,,,,,,,,
51526,675,15112,286,228,300,15112,1552,1542,1672,1717,-1,-1055,0,-301,-28,-1039,0,-137,-353,-11,6,154,,,,,,,,,,,,,
,,,,,,,,,,,,,,,,,,,,,,,,,,,,,,,,,,,
51726,1513,3155,-205,-11,630,5714,27509,-3815,-81,-119,0,10,-71,673,15022,316,174,291,15022,1514,1490,1728,1726,-1,-1055,0,-333,-28,-1039,0,-26,-356,-14,5,155
51776,1584,3488,229,156,831,1198,19940,-5219,-69,-26,-2,10,-71,674,15067,319,43,271,14800,1506,1495,1718,1717,-1,-1055,0,-336,-28,-1039,0,23,-296,-14,6,152
51826,1244,3690,20,-103,1070,2052,13959,-5585,-74,-73,-2,9,-79,673,15022,351,61,291,15022,1529,1475,1730,1722,-1,-1055,0,-370,-28,-1039,0,24,-325,-14,6,152
51876,1285,3556,53,42,978,1076,24457,-4303,-95,-89,0,2,-80,674,15067,354,95,296,15067,1513,1488,1751,1704,-1,-1055,0,-373,-28,-1039,0,78,-323,-13,6,148
,,,,,,,,,,,,,,,,,,,,,,,,,,,,,,,,,,,
52126,-2661,2659,53,106,1025,-29685,-8806,-1801,-65,235,0,-60,-2,673,15022,366,141,291,15022,1487,1520,1732,1720,-1,-1055,0,-386,-28,-1039,0,186,-373,-9,6,155
52176,-3257,1593,173,36,1081,-12839,-7402,-2594,-8,157,0,-59,0,673,15022,366,47,296,15067,1510,1508,1715,1729,-1,-1055,0,-386,-28,-1039,0,195,-354,-8,6,152
,,,,,,,,,,,,,,,,,,,,,,,,,,,,,,,,,,,
674,15067,290,-94,291,15022,1548,1511,1702,1707,-1,-1055,0,-306,-28,-1039,0,124,-390,-1,3,148,,,,,,,,,,,,,,
52674,15067,321,61,296,15067,1556,1491,1724,1697,-1,-1055,0,-338,-28,-1039,0,49,-400,0,3,147,,,,,,,,,,,,,,
4,15067,363,138,296,3,150,,,,,,,,,,,,,,,,,,,,,,,,,,,,,
52726,-504,-1674,15067,370,196,296,15067,1540,1496,1725,1701,-1,-1055,0,-390,-28,-1039,0,47,-405,0,2,,,,,,,,,,,,,
53276,234,570,127,-40,906,4066,11701,2898,-16,59,0,1,0,673,15022,361,-191,291,15022,1577,1503,1709,1682,-1,-1055,0,-381,-28,-1039,0,-42,-388,1,1,145
674,15067,332,-60,296,15067,1583,1504,1716,1672,-239,-1794,-79,-595,-272,-1799,0,-17,-434,2,2,148,,,,,,,,,,,,,,
53376,281,1022,-69,-112,902,9254,12555,3203,-26,84,0,1,1,673,15022,111,-264,320,15337,1588,1517,1726,1669,-239,-1794,-26,-199,-272,-1799,0,-56,-411,2,2,152
53426,781,1133,42,41,1173,15968,7123,2410,-17,108,-2,8,1,672,14978,319,-128,287,14978,1603,1491,1707,1670,-239,-1794,-76,-572,-272,-1799,0,-73,-456,2,3,152
674,15067,320,-98,296,15067,1575,1516,1702,1684,-239,-1794,-76,-574,-272,-1799,0,-95,-498,2,4,154,,,,,,,,,,,,,,
53526,1380,1272,-75,11,765,8705,-628,2593,11,110,0,25,1,674,15067,312,-45,296,15067,1604,1509,1700,1663,-503,-1651,-156,-515,-433,-1676,0,-72,-538,2,3,151
53576,1342,1411,-161,-221,942,13832,4498,2044,-11,113,0,25,1,674,15067,287,-109,300,15112,1610,1512,1705,1657,-503,-1651,-144,-474,-433,-1676,0,-100,-516,2,3,158
,,,,,,,,,,,,,,,,,,,,,,,,,,,,,,,,,,,
53776,1516,441,-61,248,1215,13283,-5816,2898,90,43,-2,39,1,673,15022,280,-55,296,15067,1594,1513,1679,1695,-503,-1651,-140,-462,-433,-1676,0,19,-453,5,2,153
53826,1951,-409,9,37,809,17067,-13018,3081,142,-22,0,60,1,673,15022,328,-25,291,15022,1585,1512,1687,1695,-503,-1651,-165,-541,-433,-1676,0,46,-445,6,2,152
53674,15067,281,-7,296,15067,1585,1514,1703,1677,-503,-1651,-141,-464,-433,-1676,0,30,-371,7,3,153,,,,,,,,,,,,,,
,,,,,,,,,,,,,,,,,,,,,,,,,,,,,,,,,,,
,,,,,,,,,,,,,,,,,,,,,,,,,,,,,,,,,,,
54226,4883,-2230,-111,106,992,39528,-19793,29,759,137,-4,233,67,675,15112,305,-64,300,15112,1571,1471,1720,1707,-503,-1651,-153,-503,-433,-1676,0,-24,-362,18,11,161
54276,5951,-2443,-129,99,1130,46242,-13567,-1740,706,10,-4,241,46,674,15067,281,349,291,15022,1543,1477,1720,1717,-503,-1651,-141,-464,-433,-1676,0,-53,-284,18,12,163
54326,6832,-2709,79,8,832,36964,-9417,-1740,316,-210,0,181,3,673,15022,287,-154,291,15022,1585,1438,1706,1723,-503,-1651,-144,-474,-433,-1676,0,5,-306,19,13,157
54376,6947,-2529,133,161,1082,24269,7794,-3082,248,-198,-2,168,3,674,15067,309,-122,296,15067,1545,1485,1749,1683,-503,-1651,-155,-510,-433,-1676,0,-96,-265,20,15,163
54426,6805,-1377,-206,-4,844,17494,15851,-1679,11,-136,0,122,3,674,15067,320,-81,296,15067,1572,1477,1733,1685,-503,-1651,-160,-528,-433,-1676,0,-106,-260,20,16,161
54476,5842,-498,47,26,941,6080,6024,90,-33,-27,2,96,2,674,15067,331,7,291,15022,1586,1471,1697,1710,-503,-1651,-166,-546,-433,-1676,0,-165,-270,20,18,150
54526,5118,210,-120,5,947,-8323,-14483,945,-144,26,0,62,2,674,15067,354,65,296,15067,1550,1518,1678,1720,-503,-1651,-178,-584,-433,-1676,0,-171,-209,20,20,155
54576,3598,-205,-84,-117,658,-16868,-17351,-702,-150,-13,0,39,2,674,15067,305,-36,296,15067,1558,1529,1689,1702,-503,-1651,-153,-503,-433,-1676,0,-145,-213,20,22,162
54626,2013,-1166,159,50,1278,-18516,-3435,-1007,-64,-75,0,23,2,674,15067,296,-123,296,15067,1557,1515,1694,1709,-503,-1651,-148,-488,-433,-1676,0,-120,-224,20,24,162
54676,790,-1375,130,14,1153,-15891,-12407,-1312,-37,-60,0,7,9,197,-274,20,25,161,,,,,,,,,,,,,,,,,
,,,,,,,,,,,,,,,,,,,,,,,,,,,,,,,,,,,
54926,-5259,-2215,-160,-43,1236,-47691,-11858,-214,-296,185,-2,-148,78,674,15067,186,-284,296,15067,1528,1564,1666,1716,-503,-1651,-93,-307,-433,-1676,0,-181,-449,18,27,169
54976,-6081,-2360,256,17,970,-39085,-8623,884,-133,141,0,-131,64,674,15067,222,-210,296,15067,1505,1572,1689,1709,-503,-1651,-111,-366,-433,-1676,0,-233,-507,17,26,164
55026,-6257,-2226,139,-89,926,-17234,1996,2715,191,-124,2,-64,13,674,15067,157,-330,296,15067,1548,1517,1714,1695,-503,-1651,-78,-259,-433,-1676,0,-266,-528,16,25,163
55076,-5445,-1846,0,232,1079,-3074,409,1555,191,-140,0,-62,4,674,15067,170,-307,291,15022,1564,1529,1687,1695,-503,-1651,-85,-280,-433,-1676,0,-247,-542,15,23,159
,,,,,,,,,,,,,,,,,,,,,,,,,,,,,,,,,,,
55226,-3475,-688,-101,7,1109,7118,9992,1067,316,-61,0,0,2,674,15067,166,-152,296,15067,1545,1527,1712,1687,-503,-1651,-83,-274,-433,-1676,0,-105,-475,13,18,156
55276,-2073,383,90,105,909,6630,12494,-1251,244,-6,0,9,-9,674,15067,173,286,291,15022,1529,1503,1725,1705,-503,-1651,-87,-285,-433,-1676,0,-98,-464,13,17,154
55326,-1055,1096,-64,221,977,8522,6879,-824,165,42,2,9,-9,674,15067,157,-100,296,15067,1540,1535,1697,1703,-503,-1651,-78,-259,-433,-1676,0,-90,-406,13,16,155
55376,-218,946,-35,-106,1260,-2402,-1177,-580,55,40,0,9,-8,674,15067,155,-162,296,15067,1539,1553,1685,1702,-503,-1651,-77,-256,-433,-1676,0,-92,-407,13,15,156
,,,,,,,,,,,,,,,,,,,,,,,,,,,,,,,,,,,
9,673,15022,231,138,291,15022,1520,1533,1714,1700,-1081,34,-249,8,-1193,509,0,1,-144,16,-1,155,,,,,,,,,,,,,
56076,-3774,508,59,-127,775,-13328,10297,-519,-112,-150,0,-85,-39,674,15067,236,106,300,15112,1561,1523,1703,1694,-1081,34,-255,8,-1193,509,0,-45,-168,18,-2,157
56126,-3552,648,121,-115,924,-6248,5414,-458,-131,-98,0,-86,-33,673,15022,216,31,291,15022,1530,1516,1726,1693,-1081,34,-233,7,-1193,509,0,-97,-203,18,-3,154
,,,,,,,,,,,,,,,,,,,,,,,,,,,,,,,,,,,
56876,1164,352,-103,-58,1167,-1731,-2703,-3143,-92,27,-6,3,0,673,15022,432,188,287,14978,1523,1491,1724,1716,-2574,2564,-1112,1107,-2537,2528,0,-673,960,73,-46,160
56926,555,-216,-28,-77,1038,-571,-9600,-1801,-32,-7,0,4,2,674,15067,434,167,296,15067,1511,1512,1698,1738,-2574,2564,-1117,1112,-2537,2528,0,-665,993,76,-47,157
56976,531,-658,-134,25,785,2357,-5388,-3021,-11,-66,0,6,1,673,15022,514,246,300,15112,1529,1505,1719,1717,-2574,2564,-1323,1317,-2537,2528,0,-738,1055,80,-49,158
57675,15112,494,294,300,15112,1543,1488,1729,1707,-2574,2564,-1272,1266,-2537,2528,0,-812,1089,82,-50,158,,,,,,,,,,,,,,
57076,587,-494,142,10,1046,5470,3583,-2899,-17,6,0,6,7,674,15067,529,134,296,15067,1528,1484,1732,1716,-2574,2564,-1362,1356,-2537,2528,0,-867,1160,86,-52,155
57126,685,-498,-95,108,1113,4188,348,-1862,-24,-46,-2,4,1,674,15067,537,2750,296,15067,1549,1459,1719,1726,-2574,2564,-1382,1376,-2537,2528,0,-957,1390,95,-59,159
57176,743,-369,-22,120,938,5470,348,-1434,-89,-25,0,-7,2,673,15022,527,1194,300,15112,1553,1484,1725,1706,-2574,2564,-1356,1351,-2537,2528,0,-1036,1350,98,-59,159
57226,948,36,12,-45,1131,-4539,-1238,-2106,-156,11,0,-13,1,675,15112,564,-151,300,15112,1530,1494,1728,1714,-2574,2564,-1452,1446,-2537,2528,0,-1096,1348,100,-60,162
57276,477,-44,73,-87,846,-6858,-3130,-824,-122,20,0,-13,2,673,15022,558,-382,291,15022,1532,1483,1716,1726,-2574,2564,-1436,1430,-2537,2528,0,-1100,1339,100,-58,161
57326,8,-488,-71,118,1135,-3074,-8013,-702,-33,-35,-2,-8,2,674,15067,577,-151,296,15067,1536,1496,1709,1725,-2574,2564,-1485,1479,-2537,2528,0,-1104,1401,101,-58,162
57376,-74,-384,-52,124,1005,99,-4656,-1068,8,-23,-2,-2,2,673,15022,566,31,296,15067,1546,1504,1709,1711,-2574,2564,-1457,1451,-2537,2528,0,-1269,1547,109,-64,158
57426,-226,-305,-35,-185,1194,1503,-2276,-1251,-5,-22,-2,-2,1,673,15022,515,-100,291,15022,1564,1484,1697,1719,-2574,2564,-1326,1320,-2537,2528,0,-1283,1523,110,-63,165
57476,-119,-509,44,-119,980,2723,-1787,-1129,-80,-29,0,-16,2,673,15022,590,26,296,15067,1543,1498,1717,1709,-2574,2564,-1519,1512,-2537,2528,0,-1260,1533,111,-63,162
57526,41,-568,-92,185,930,-755,409,-946,-165,-26,0,-36,6,673,15022,793,240,291,15022,1554,1474,1727,1704,-2574,2564,-2041,2033,-2537,2528,0,-1262,1576,112,-63,159
,,,,,,,,,,,,,,,,,,,,,,,,,,,,,,,,,,,
57926,-146,-1157,-13,5,1071,5043,-7586,-1129,36,-24,-2,4,15,672,14978,664,1727,287,14978,1549,1493,1691,1730,1000,-957,664,-635,1107,-1059,214,-512,88,43,-7,157
57976,-35,-1384,80,-29,912,6508,-9539,-1129,30,-61,-2,5,9,673,15022,1820,1933,287,14978,1556,1464,1698,1734,1054,-1109,1919,-2018,1154,-1163,234,-408,-130,32,0,160
58026,290,-1194,-170,54,1179,5043,-7952,-397,9,-100,-2,5,3,674,15067,666,-125,296,15067,1547,1491,1691,1733,895,-1064,596,-709,947,-1140,244,-371,-207,27,3,156
,,,,,,,,,,,,,,,,,,,,,,,,,,,,,,,,,,,
58976,3083,1140,-143,-84,1184,11024,9015,213,263,92,-4,108,1,674,15067,888,628,291,15022,1561,1490,1713,1701,101,-664,90,-590,-47,-678,153,217,-600,-17,30,155
59026,3091,1864,-198,-54,934,11757,10175,274,202,150,-4,95,2,674,15067,927,-35,296,15067,1564,1479,1718,1705,43,-681,40,-631,-57,-664,224,215,-605,-16,31,154
59076,3263,1888,142,76,1095,3639,2301,1006,-6,187,-4,55,1,672,14978,690,-259,296,15067,1552,1493,1714,1709,29,-515,20,-355,0,-316,224,155,-622,-15,30,150
,,,,,,,,,,,,,,,,,,,,,,,,,,,,,,,,,,,
669,14844,970,-693,276,14844,1532,1490,1716,1710,-121,-83,-117,-81,-77,19,234,108,-298,-10,19,144,,,,,,,,,,,,,,
59476,-129,752,-22,182,902,-999,-1299,-31,59,72,0,5,1,669,14844,751,-549,276,14844,1540,1487,1720,1699,19,165,14,124,16,211,214,138,-235,-9,16,143
595669,14844,982,1414,276,14844,1529,1499,1719,1700,48,243,47,239,17,333,214,142,-154,-9,15,143,,,,,,,,,,,,,,
59576,271,1196,-61,-130,1130,-4661,7489,-1618,-13,132,-2,4,6,669,14844,997,237,251,14579,1518,1498,1717,1690,-4,231,-4,230,-27,380,255,190,-69,-8,13,149
59626,158,1492,-109,-112,1252,-6370,4743,-2655,-1,132,0,4,2,667,14756,997,211,267,14756,1532,1494,1725,1691,117,198,117,198,109,329,224,142,-70,-7,10,150
59676,-45,1565,-71,-146,852,-3928,-444,-1129,12,165,0,5,6,665,14667,795,-58,264,14712,1531,1483,1723,1695,34,389,27,309,100,395,244,110,12,-7,7,144
623,1020,203,255,146,,,,,,,,,,,,,,,,,,,,,,,,,,,,,,,
59776,68,325,31,73,7,1506,1476,1698,1738,233,544,33,77,560,611,224,66,86,-7,2,142,,,,,,,,,,,,,,
59826,250,-524,27,126,619,-3684,-22844,-1495,38,100,0,8,26,664,14623,1014,161,255,14623,1516,1475,1697,1730,221,514,224,522,545,555,204,81,155,-8,0,148
,,,,,,,,,,,,,,,,,,,,,,,,,,,,,,,,,,,
665,14667,917,-245,255,14623,1524,1494,1715,1693,136,620,125,569,29,776,214,133,326,-9,-4,149,,,,,,,,,,,,,,
60026,537,-680,-55,-29,995,-5759,165,-458,-18,24,0,6,18,664,14623,937,312,255,14623,1502,1519,1697,1709,58,656,54,615,42,835,0,119,366,-9,-6,141
,,,,,,,,,,,,,,,,,,,,,,,,,,,,,,,,,,,
669,14844,931,-691,271,14800,1529,1506,1721,1689,-54,548,-51,510,0,704,0,17,371,-7,-9,144,,,,,,,,,,,,,,
,,,,,,,,,,,,,,,,,,,,,,,,,,,,,,,,,,,
60326,-34,474,-152,25,955,-5881,-1543,-763,45,37,0,8,2,669,14844,903,1073,276,14844,1522,1531,1697,1702,-173,701,-156,633,-181,788,132,71,431,-5,-10,149
603670,14889,886,-387,280,14889,1526,1519,1698,1711,-179,999,-159,885,-274,951,163,38,434,-4,-13,149,,,,,,,,,,,,,,
,873,-682,276,14844,-15,152,,,,,,,,,,,,,,,,,,,,,,,,,,,,,
,,,,,,,,,,,,,,,,,,,,,,,,,,,,,,,,,,,
60676,493,-106,-16,-181,993,5165,-8562,396,-25,6,0,6,2,671,14933,791,-700,291,15022,1528,1500,1704,1728,-141,1217,-111,963,-9,1148,122,-46,642,0,-22,149
60726,820,-470,2,-78,707,-3562,-6304,-458,-47,-28,0,7,2,671,14933,789,-52,284,14933,1521,1493,1710,1725,-184,1104,-145,871,-112,1107,132,-43,674,0,-23,151
60776,879,-435,-84,134,1078,-1731,-7525,-1007,-27,-33,0,7,2,671,14933,777,15,284,14933,1523,1508,1698,1725,-358,1189,-278,924,-259,1272,173,-20,669,1,-22,154
60826,503,-805,-207,114,1161,-2402,-4534,-2045,2,-77,-2,7,2,672,14978,792,-473,287,14978,1535,1509,1698,1715,-308,1218,-243,964,-287,1228,224,-27,743,2,-25,156
60876,279,-1305,106,-185,894,160,-1116,-1984,-7,-93,0,7,2,672,14978,291,-1021,287,14978,1528,1506,1702,1723,-281,1397,-81,406,-398,1385,193,-119,726,3,-26,155
60926,539,-663,108,-86,970,160,-1421,-31,-18,-40,0,7,1,671,14933,760,-486,284,14933,1530,1512,1711,1704,-475,1286,-361,977,-550,1269,122,-107,750,4,-27,152
60976,859,-114,-137,-6,840,-3562,-1055,-641,-40,-15,0,7,2,672,14978,706,-352,284,14933,1519,1512,1715,1708,-428,1334,-302,942,-459,1404,204,-99,849,5,-28,154
61026,717,-51,-229,-56,1111,-3684,1386,213,-67,-15,0,0,2,672,14978,704,412,287,14978,1536,1507,1708,1706,-616,1556,-434,1096,-655,1625,173,-78,787,6,-28,153
61076,603,328,-179,3,1050,-6736,6879,-153,-52,19,0,0,2,671,14933,693,-405,287,14978,1523,1522,1727,1689,-498,1347,-345,933,-636,1403,204,-159,786,7,-29,152
61126,592,752,-51,-120,1128,-10581,3034,1311,-260,68,0,-38,1,671,14933,678,-526,284,14933,1537,1500,1712,1707,-682,1526,-462,1034,-724,1674,224,-180,774,8,-30,159
61176,120,454,48,-74,1133,-21262,-505,1983,-250,55,0,-44,2,671,14933,169,-1196,284,14933,1501,1530,1717,1707,11,1189,1,200,0,1514,122,-158,753,8,-29,149
,,,,,,,,,,,,,,,,,,,,,,,,,,,,,,,,,,,
61476,-2792,255,16,-103,1164,-25962,8222,823,-427,20,0,-131,0,673,15022,573,73,284,149-33,160,,,,,,,,,,,,,,,
61526,-318095,284,14933,1528,157,,,,,,,,,,,,,,,,,,,,,,,,,,,,,,
,,,,,,,,,,,,,,,,,,,,,,,,,,,,,,,,,,,
61876,-2002,352,4,139,975,-3623,4987,-946,48,-102,-2,-28,-26,671,14933,467,-238,284,14933,1497,1550,1695,1715,-441,1169,-205,545,-457,1423,0,-247,533,20,-33,157
61926,-1868,566,116,-7,1215,5409,5353,151,171,-99,0,0,-31,540,-457,1423,0,-266,534,20,-33,154,,,,,,,,,,,,,
,,,,,,,,,,,,,,,,,,,,,,,,,,,,,,,,,,,
62176,1063,2172,-10,-22,758,4494,4987,-397,-71,11,-2,4,-35,671,14933,337,-532,287,14978,1524,1524,1707,1708,-441,1169,-148,393,-457,1423,0,-195,462,18,-32,155
62226,948,1597,95,133,968,526,-1116,-275,-38,-28,0,6,-36,670,14889,352,-302,280,14889,1542,1493,1707,1713,-441,1169,-155,411,-457,1423,0,-125,466,18,-32,153
62276,731,1065,55,22,948,8217,5109,-92,-27,-79,-2,6,-35,670,14889,302,-178,284,14933,1562,1477,1733,1681,-441,1169,-133,353,-457,1423,0,-106,488,18,-32,152
62326,654,1115,9,-168,1043,12855,10053,-946,-37,-19,0,6,-23,670,14889,288,-365,280,14889,1549,1496,1736,1678,-441,1169,-127,336,-457,1423,0,-94,506,18,-31,155
671,14933,278,-333,284,14933,1566,1466,1721,1699,-441,1169,-122,325,-457,1423,0,-160,417,18,-30,154,,,,,,,,,,,,,,
62426,1885,1513,82,107,1044,8217,-3374,-153,-125,126,-2,5,-3,671,148,-30,157,,,,,,,,,,,,,,,,,,
,,,,,,,,,,,,,,,,,,,,,,,,,,,,,,,,,,,
,,,,,,,,,,,,,,,,,,,,,,,,,,,,,,,,,,,
62976,3774,-290,79,203,1173,10841,-2825,3692,-6,-80,0,61,-12,672,14978,176,-61,284,14933,1584,1514,1679,1690,-441,1169,-77,205,-457,1423,0,-256,557,12,-20,155
63026,3564,-300,-156,-30,1157,526,-2214,5401,-113,-210,0,41,-34,671,14933,186,-103,284,14933,1586,1520,1667,1693,-441,1169,-82,217,-457,1423,0,-190,516,12,-18,159
63076,2627,-322,-14,217,1446,-1975,11945,2105,-41,-258,-2,35,-44,671,14933,182,-54,284,14933,1571,1534,1692,1674,-441,1169,-80,212,-457,1423,0,-100,528,11,-15,159
63126,1741,562,-30,-116,1401,-2402,30255,4058,-129,-300,0,6,-67,672,14978,201,14,287,14978,1603,1477,1717,1667,-441,1169,-88,234,-457,1423,0,-41,470,11,-14,156
63176,1886,2016,83,275,998,-4661,26288,3569,-139,-179,0,0,-71,671,14933,195,82,284,14933,1582,1511,1697,1677,-441,1169,-85,227,-457,1423,0,-21,502,11,-12,154
63226,792,3072,-178,-67,1163,-6065,14203,2715,-75,-166,0,0,-83,671,14933,214,203,284,14933,1567,1531,1675,1696,41,-2338,8,-500,-112,-2072,0,32,352,12,-7,153
63276,843,3128,117,158,1179,-2463,7245,2654,-38,-164,0,4,-90,670,14889,208,220,287,14978,1577,1515,1702,1676,41,-2338,8,-486,-112,-2072,0,86,271,12,-1,151
63326,101,3497,-104,-53,1088,-2036,8771,2044,-18,4,-2,0,-58,665,14667,262,301,260,14667,1573,1495,1704,1685,41,-2338,11,-612,-112,-2072,0,102,151,12,1,151
63376,278,3038,35,116,1160,-2647,-1299,2105,-22,43,0,-1,-46,670,14889,236,245,284,14933,1585,1520,1684,1680,41,-2338,9,-551,-112,-2072,0,66,21,13,6,148
63426,-167,2484,64,-127,1268,1259,-994,213,1,97,-4,0,-25,672,14978,241,254,287,14978,1582,1503,1700,1680,41,-2338,10,-563,-112,-2072,0,37,-92,13,9,147
,,,,,,,,,,,,,,,,,,,,,,,,,,,,,,,,,,,
,,,,,,,,,,,,,,,,,,,,,,,,,,,,,,,,,,,
644725,-230,284,14933,15,,,,,,,,,,,,,,,,,,,,,,,,,,,,,,,
,,,,,,,,,,,,,,,,,,,,,,,,,,,,,,,,,,,
64676,103,-733,-83,-105,1183,-2525,-7402,90,19,-58,-2,7,2,670,14889,561,1864,291,15022,1547,1525,1675,1724,1175,340,659,190,1241,391,163,322,-79,-22,8,151
64726,-56,-1184,0,-176,935,-3806,-4534,-519,22,-96,0,7,1,672,14978,587,60,287,14978,1552,1521,1674,1719,1162,413,682,242,1198,464,163,328,-70,-23,6,148
672,14978,590,-200,284,14933,1544,1527,1679,1713,1082,451,638,266,1038,519,153,353,-18,-25,4,147,,,,,,,,,,,,,,
64826,140,-469,10,150,935,-6004,-2520,762,50,-4,0,9,6,670,14889,609,-180,280,14889,1557,1525,1676,1708,1009,476,614,289,972,551,173,349,40,-25,3,145
,,,,,,,,,,,,,,,,,,,,,,,,,,,,,,,,,,,
,,,,,,,,,,,,,,,,,,,,,,,,,,,,,,,,,,,
65176,-647,479,-115,-104,918,-4844,-689,2715,89,58,-4,9,5,671,14933,658,-352,287,14978,1555,1549,1675,1695,829,735,546,483,817,741,163,529,298,-34,-7,150
65226,-403,674,80,122,1100,-1182,4315,1128,92,90,0,9,4,-35,-8,147,,,,,,,,,,,,,,,,,,,
65276,-336,1604,-164,32,975,-144,3400,2410,78,138,0,9,2,671,14933,677,54,284,14933,1550,1552,1683,1685,770,681,521,461,703,711,183,462,281,-35,-9,146
65326,-246,1765,82,-81,1037,-4722,-1360,2044,57,186,-2,9,4,670,14889,679,8,280,14889,1552,1555,1675,1690,723,684,491,464,766,733,193,439,285,-35,-10,149
65376,512,1498,75,219,1025,-3867,-7097,1311,23,154,0,9,2,670,14889,683,105,280,14889,1561,1532,1674,1698,742,643,506,439,857,715,234,385,305,-36,-11,149
,,,,,,,,,,,,,,,,,,,,,,,,,,,,,,,,,,,
65676,0,440,-89,47,1028,648,4193,-275,46,42,0,8,2,672,14978,735,218,284,14933,1550,1526,1695,1694,513,597,377,438,479,575,183,393,381,-37,-17,142
65726,336,948,56,-72,1042,587,1019,-214,8,100,0,9,2,670,14889,713,136,280,14889,1549,1522,1694,1703,471,550,336,392,456,499,224,376,364,-37,-17,144
65776,441,789,46,-93,1066,526,-1604,396,4,82,0,10,1,671,14933,721,463,287,14978,1542,1519,1695,1710,541,704,390,507,512,629,214,385,377,-37,-18,144
65826,604,540,22,203,845,-327,-2092,274,15,65,0,9,2,671,14933,751,273,284,14933,1536,1531,1687,1709,444,635,333,477,422,579,173,413,424,-37,-18,144
65876,568,331,62,127,893,343,-1726,-824,9,47,0,9,2,671,14933,765,175,284,14933,1541,1522,1698,1701,416,522,318,399,441,466,193,457,450,-36,-19,143
65926,620,199,-208,20,1131,1442,-1787,-885,27,10,0,16,2,671,14933,757,184,284,14933,1538,1506,1706,1707,451,655,341,496,415,577,173,466,458,-35,-19,148
65976,662,202,-156,53,1071,5165,-1848,-458,28,18,0,16,2,673,15022,780,222,284,14933,1544,1491,1703,1717,412,576,321,449,447,481,193,360,439,-34,-19,148
66026,941,120,27,-88,780,6080,-5571,-1984,71,27,0,32,2,671,14933,789,380,284,14933,1535,1498,1697,1724,398,630,314,497,427,495,183,367,407,-34,-19,147
,,,,,,,,,,,,,,,,,,,,,,,,,,,,,,,,,,,
66576,77671,14933,812,202,284,14933,1527,1496,1709,1720,56,697,45,566,58,705,255,227,530,-25,-20,141,,,,,,,,,,,,,
66626,412,-221,-7,-100,963,3090,2423,-2289,0,-7,0,9,2,672,14978,795,226,287,14978,1534,1475,1720,1716,16,721,13,573,-58,647,204,159,507,-24,-20,144
,,,,,,,,,,,,,,,,,,,,,,,,,,,,,,,,,,,
67076,-1670,997,53,121,1017,-6553,-1238,-763,-79,108,-2,-47,2,671,14933,823,33,284,14933,1534,1501,1708,1713,-193,774,-159,637,-216,757,244,16,615,-11,-25,155
67126,-1863,706,11,-33,957,-3379,-628,-885,-20,78,-2,-36,2,671,14933,863,38,284,14933,1541,1502,1709,1701,-18,619,-16,534,-42,538,204,49,639,-12,-25,149
672,14978,787,-59,284,14933,1539,1491,1726,1698,-311,746,-244,587,-324,640,255,13,601,-10,-25,151,,,,,,,,,,,,,,
67226,-599,623,-5,-63,993,2723,4804,-641,-95,56,-2,-28,0,673,15022,793,-264,291,15022,1551,1496,1709,1698,-312,780,-248,618,-368,678,244,4,527,-9,-24,150
,,,,,,,,,,,,,,,,,,,,,,,,,,,,,,,,,,,
,,,,,,,,,,,,,,,,,,,,,,,,,,,,,,,,,,,
,,,,,,,,,,,,,,,,,,,,,,,,,,,,,,,,,,,
,,,,,,,,,,,,,,,,,,,,,,,,,,,,,,,,,,,
,,,,,,,,,,,,,,,,,,,,,,,,,,,,,,,,,,,
,,,,,,,,,,,,,,,,,,,,,,,,,,,,,,,,,,,
669,14844,695,126,287,14978,1533,1469,1728,1719,-265,-1235,-184,-858,-247,-1246,153,-210,-370,5,10,157,,,,,,,,,,,,,,
68626,622,-185,69,-78,565,3212,-2642,-1923,-29,7,-4,7,2,669,14844,714,148,276,14844,1540,1440,1728,1719,-232,-1078,-165,-770,-187,-1136,224,-248,-426,5,12,155
68676,1106,25,80,83,908,-1670,-3496,-1129,-51,23,0,7,2,669,14844,735,50,276,14844,1519,1474,1716,1728,-266,-1182,-195,-869,-201,-1109,224,-217,-468,4,15,153
68726,749,-7,-3,-94,1367,-510,-4107,-2411,-35,11,-2,7,2,669,14844,762,285,276,14844,1526,1466,1720,1724,-255,-1043,-195,-795,-161,-958,173,-187,-488,4,16,154
68776,125,-908,95,-175,1239,4188,-6060,-2472,18,-59,-2,8,2,669,14844,761,103,276,14844,1555,1462,1707,1717,-154,-1119,-117,-852,-134,-1248,234,-274,-607,4,18,158
68826,206,-946,67,-115,1062,6264,-1421,-1251,15,-66,0,8,2,671,14933,771,248,284,14933,1546,1463,1726,1708,-165,-1103,-127,-850,-220,-1215,234,-261,-651,3,19,157
68876,424,-750,34,82,830,3517,1203,-824,15,-52,0,8,2,670,14889,398,166,284,14933,1542,1479,1715,1715,-280,-985,-111,-392,-302,-1002,224,-227,-761,3,24,151
68926,180,-650,-3,108,745,7057,2545,-1557,47,-49,0,9,2,672,14978,792,2011,287,14978,1567,1470,1716,1704,-267,-1074,-211,-851,-359,-1157,0,-239,-744,3,25,153
68976,320,-258,103,54,887,9743,5536,-641,27,-6,-2,9,1,671,14933,831,193,287,14978,1555,1470,1720,1709,-298,-1086,-247,-902,-410,-1167,163,-290,-729,3,26,153
69026,328,-262,57,-26,1081,6080,3766,-458,16,-9,-2,9,2,671,14933,844,-90,284,14933,1550,1475,1731,1695,-250,-1094,-211,-923,-356,-1152,204,-281,-722,3,26,154
69076,1120,760,-101,218,657,3578,287,-336,-23,62,-2,8,2,671,14933,823,-170,284,14933,1555,1478,1707,1713,-269,-1141,-221,-939,-206,-1082,234,-255,-729,2,28,156
69126,1071,792,-26,68,860,2235,-4351,579,102,-21,0,37,-18,671,14933,846,970,284,14933,1538,1501,1687,1730,-281,-1169,-238,-989,-214,-1207,173,-200,-839,3,34,157
69176,825,78,84,-44,1031,8461,-444,-336,215,-127,-2,57,-28,671,14933,857,-28,287,14978,1555,1491,1706,1709,-263,-1186,-225,-1017,-323,-1329,193,-214,-876,4,35,159
69226,1279,-143,115,69,840,11085,7855,-397,94,-117,-2,39,-23,671,14933,842,-136,284,14933,1548,1489,1719,1699,-273,-1215,-230,-1023,-423,-1305,173,-242,-902,4,35,162
69276,1516,545,-88,11,637,4188,7184,-519,25,-48,0,31,-16,671,14933,862,-150,280,14889,1543,1492,1715,1701,-359,-1091,-310,-941,-437,-997,214,-234,-882,4,36,156
69326,1232,905,133,6,1007,-2952,2484,213,15,71,0,25,-4,670,14889,829,-151,280,14889,1534,1510,1705,1705,-302,-1075,-250,-891,-305,-924,193,-236,-871,4,36,154
69376,876,467,128,74,744,-3013,-3008,1921,52,46,-2,24,-2,670,14889,876,-1142,284,14933,1561,1472,1709,1711,-354,-958,-310,-839,-366,-937,183,-173,-838,5,36,156
69426,729,448,-83,127,972,5653,3827,884,66,19,0,23,-2,671,14933,885,94,284,14933,1550,1488,1721,1696,-245,-1053,-217,-932,-292,-1063,193,-173,-816,5,37,152
69476,427,614,-69,-9,1221,6569,4132,335,114,43,-2,30,0,671,14933,884,250,284,14933,1551,1487,1721,1695,-237,-1059,-210,-936,-264,-1091,153,-180,-861,6,37,154
69526,711,1079,137,-2,748,6691,1691,579,120,106,0,36,-1,672,14978,903,280,287,14978,1541,1502,1708,1703,-221,-1007,-200,-910,-215,-1078,0,-216,-872,6,37,153
69576,882,944,161,-13,881,8522,-1909,-275,164,92,-2,48,-2,672,14978,933,200,280,14889,1558,1479,1710,1704,-202,-994,-189,-927,-114,-1029,193,-241,-860,6,37,156
69626,1017,814,87,-106,913,11879,-4046,762,314,84,0,82,0,673,15022,907,102,291,15022,1552,1492,1713,1702,-108,-867,-98,-786,-59,-1071,193,-238,-848,5,37,153
69676,1170,375,46,-116,923,18959,-4229,1555,306,40,0,83,0,673,15022,923,207,291,15022,1548,1486,1717,1710,-65,-894,-60,-825,-56,-1145,214,-158,-814,4,37,153
69726,1529,-209,-49,0,991,17189,-2214,640,373,-19,2,100,0,672,14978,907,1906,287,14978,1544,1507,1708,1708,-194,-791,-176,-718,-153,-980,224,-156,-914,6,41,156
69776,2284,-169,-31,107,745,18471,-4717,579,318,-10,0,99,1,673,15022,927,115,291,15022,1571,1478,1699,1715,-196,-782,-181,-725,-117,-936,214,-193,-876,5,40,156
69826,2759,-10,-70,-44,1266,13954,-2153,90,182,-2,-2,85,0,673,15022,935,767,291,15022,1552,1495,1708,1707,-208,-869,-194,-813,-151,-936,193,-197,-861,5,40,155
69876,2775,190,-52,-88,959,7179,-444,-580,99,15,-2,70,0,673,15022,928,-32,291,15022,1539,1503,1719,1703,-129,-747,-119,-693,-125,-677,214,-234,-849,4,39,153
69926,2260,-172,47,-99,1055,465,-5022,945,86,-8,-2,59,0,672,14978,916,-595,287,14978,1543,1496,1707,1714,-129,-668,-118,-612,-101,-586,224,-202,-759,4,37,154
69976,2023,-416,-13,63,965,160,-3191,396,88,-33,0,52,0,673,15022,922,-714,291,15022,1540,1509,1705,1712,-59,-491,-54,-452,-42,-412,234,-144,-654,3,36,150
70026,1785,-388,-164,-49,1058,1747,-628,213,67,-50,0,46,0,673,15022,918,-56,291,15022,1559,1499,1706,1703,-141,-334,-129,-307,-146,-244,224,-123,-625,3,34,155
70076,1573,204,-161,14,1168,1198,1019,457,1,10,0,27,1,672,14978,944,808,287,14978,1546,1511,1706,1701,-127,-320,-120,-302,-81,-170,244,-187,-613,3,32,150
70126,1343,187,202,-82,964,-5698,-1726,457,36,38,0,33,0,672,14978,922,470,287,14978,1537,1509,1708,1708,-97,-267,-89,-246,-50,-58,234,-218,-589,2,31,149
70176,947,-127,139,4,917,-4539,-2459,1067,78,5,0,32,0,672,14978,921,-209,291,15022,1541,1507,1706,1711,-162,-71,-149,-66,-117,50,224,-196,-496,1,28,148
70226,648,-174,-35,111,887,-327,-1665,1921,115,-18,-4,32,0,673,15022,926,115,291,15022,1540,1517,1696,1715,-64,-100,-59,-93,-25,8,255,-172,-431,1,26,149
70276,296,-393,-1,34,1065,-999,-3801,1189,137,-30,0,32,0,673,15022,932,500,287,14978,1541,1525,1699,1702,-115,-25,-107,-23,-142,0,255,-123,-332,1,23,149
70326,135,-325,-101,-92,992,1747,2423,274,174,-71,-2,39,-6,672,14978,939,22,287,14978,1549,1522,1702,1694,-88,52,-83,49,-124,116,255,-129,-314,1,21,148
70376,290,-132,-102,-80,898,3090,3339,1189,168,-56,0,40,-6,671,14933,928,-228,287,14978,1545,1515,1700,1704,-32,187,-30,174,-89,219,255,-191,-211,0,18,151
70426,320,34,123,82,1143,2540,-567,1983,178,-13,0,39,-5,674,15067,947,-175,296,15067,1542,1539,1691,1705,-68,44,-65,41,-58,87,204,-201,-200,0,17,145
70476,348,328,57,48,1280,-83,-1543,945,175,6,-2,40,-5,672,14978,330,-636,291,15022,1552,1519,1699,1701,-74,210,-24,69,-50,278,244,-214,-186,0,14,145
70526,713,392,-77,86,833,38,-2581,2227,146,-1,0,39,-5,671,14933,919,-615,284,14933,1546,1536,1693,1698,-89,384,-82,353,-83,427,234,-259,-126,-1,13,147
70576,730,327,-54,41,997,-1914,-2947,2837,98,-6,-2,32,-6,672,14978,929,293,284,14933,1538,1527,1693,1705,-193,446,-179,414,-186,499,214,-299,-21,-1,9,150
70626,810,314,-55,148,967,-5149,-4107,2105,28,2,-2,17,-4,672,14978,950,97,287,14978,1544,1521,1699,1703,-208,558,-197,530,-169,668,234,-239,44,-1,7,148
70676,475,-47,-12,192,886,-4844,-2764,1006,68,-25,0,18,-4,672,14978,930,-668,291,15022,1540,1532,1692,1707,-269,496,-250,461,-223,642,224,-194,142,-1,4,152
70726,58,-204,49,-130,1248,-3623,-2031,213,27,-23,0,9,-2,672,14978,932,-150,287,14978,1549,1527,1693,1703,-240,664,-223,619,-243,750,204,-174,235,-2,2,151
70776,91,-618,48,-46,1011,-5698,-933,823,30,-60,0,9,-2,673,15022,987,-32,291,15022,1527,1534,1702,1706,-209,697,-206,688,-260,791,204,-179,271,-1,0,148
70826,-244,-555,18,-94,934,-4478,3156,90,54,-48,-2,9,0,672,14978,929,151,287,14978,1536,1526,1711,1696,-266,838,-247,778,-349,883,224,-239,352,-1,-4,149
70876,-143,-107,-13,-104,971,-4539,-200,1799,45,-14,0,9,0,672,14978,1677,376,291,15022,1540,1520,1690,1719,-165,928,-277,1556,-194,938,234,-271,439,-1,-8,154
70926,387,111,20,240,965,-5149,-2153,1555,33,23,0,9,2,672,14978,899,642,287,14978,1528,1520,1692,1704,-230,713,-207,641,-211,779,244,-264,502,-1,-11,149
70976,28,-53,-82,239,1025,-2647,-872,90,65,-19,0,9,-1,673,15022,912,-553,287,14978,1540,1515,1704,1705,-317,881,-289,804,-320,923,173,-240,594,-1,-13,150
71026,-79,-297,50,-82,1123,1869,226,-92,42,-18,-2,8,0,672,14978,908,-627,287,14978,1555,1515,1703,1698,-303,951,-275,863,-362,902,204,-218,667,-1,-14,150
71076,189,-590,129,-84,1021,-571,4620,-397,23,-41,0,9,0,673,15022,901,-102,287,14978,1532,1517,1721,1693,-301,1035,-271,933,-376,1061,183,-240,685,0,-16,153
71126,280,395,-101,6,824,892,5170,518,25,16,2,9,0,672,14978,913,-46,287,14978,1542,1503,1726,1690,-199,1091,-182,996,-306,1047,173,-294,684,0,-18,146
71176,501,719,-40,-69,894,-3196,653,1799,-8,52,-2,9,-1,673,15022,893,197,287,14978,1530,1516,1702,1714,-317,1121,-283,1001,-306,1160,214,-292,715,0,-19,152
71226,714,909,-109,172,1111,-1731,-1909,945,0,78,0,9,1,671,14933,896,43,284,14933,1545,1510,1707,1706,-355,1184,-318,1061,-337,1182,142,-280,732,0,-21,151
71276,241,841,-114,175,1212,-2525,-2703,90,37,66,0,9,0,674,15067,505,-711,291,15022,1543,1533,1694,1702,-274,1012,-139,512,-213,1067,122,-197,771,0,-22,152
71326,54,202,93,-4,1005,-22,-872,335,40,31,2,9,0,672,14978,868,-116,287,14978,1543,1511,1707,1702,-264,1177,-229,1021,-263,1161,214,-206,855,0,-23,147
,,,,,,,,,,,,,,,,,,,,,,,,,,,,,,,,,,,
,,,,,,,,,,,,,,,,,,,,,,,,,,,,,,,,,,,
,,,,,,,,,,,,,,,,,,,,,,,,,,,,,,,,,,,
,,,,,,,,,,,,,,,,,,,,,,,,,,,,,,,,,,,
,,,,,,,,,,,,,,,,,,,,,,,,,,,,,,,,,,,
673,15022,777,-407,291,15022,1551,1527,1692,1703,-3,1365,-2,1060,256,1281,0,-63,991,4,-41,153,,,,,,,,,,,,,,
72126,-1877,1513,91,-20,1010,-5271,-4534,579,-95,34,0,-51,-22,672,14978,738,-39,287,14978,1523,1528,1710,1702,-3,1365,-2,1007,256,1281,0,-93,959,4,-41,151
72176,-1503,895,-36,220,970,-7896,-7586,762,-80,-25,0,-46,-20,672,14978,814,-98,287,14978,1522,1534,1694,1714,334,920,272,749,494,866,122,-71,910,2,-41,152
72226,-1488,610,-17,166,993,-5088,-8806,884,21,-27,0,-25,-16,673,15022,743,220,291,15022,1517,1538,1699,1711,315,984,234,731,470,864,142,-20,1042,0,-44,152
72276,-996,495,-175,21,946,2785,-5999,-275,53,-48,-2,-7,-15,672,14978,780,-349,287,14978,1551,1506,1696,1711,406,1102,317,859,551,902,0,20,1010,-2,-43,151
72672,14978,728,-317,287,14978,1530,1542,1690,1709,481,833,350,606,639,631,183,60,960,-4,-41,149,,,,,,,,,,,,,,
72376,432,351,47,-162,1009,6447,-3557,-275,73,0,0,25,-7,672,14978,735,-289,287,14978,1536,1526,1691,1713,583,779,428,572,689,493,173,11,877,-6,-39,147
72426,712,-1,11,-125,924,8339,-6426,29,52,-41,-2,25,-9,672,14978,719,-239,287,14978,1539,1504,1703,1719,708,695,509,500,813,432,173,24,820,-8,-38,146
72476,1410,-257,-185,67,836,7545,-3130,396,11,-82,0,25,-7,672,14978,726,-287,287,14978,1523,1508,1710,1717,675,635,490,461,758,491,112,122,777,-12,-35,151
72526,1551,-265,-5,78,871,3395,-1848,-458,-1,-58,2,25,-6,672,14978,691,-70,287,14978,1531,1511,1691,1731,754,553,521,382,843,455,142,138,762,-13,-33,149
,,,,,,,,,,,,,,,,,,,,,,,,,,,,,,,,,,,
72826,1050,2,5,-131,912,1198,3705,-1373,14,-39,2,24,-7,674,15067,632,-334,296,15067,1519,1491,1728,1721,1040,168,657,106,1110,141,0,246,394,-29,-19,148
72876,1116,756,-94,62,831,5775,-567,-2289,32,17,0,24,-7,672,14978,628,949,287,14978,1528,1484,1716,1724,816,-11,512,-7,933,-109,153,319,374,-31,-17,148
72926,1130,482,-142,3,993,6752,-3679,-2960,28,-8,0,25,-7,672,14978,621,-446,287,14978,1519,1499,1694,1741,883,-179,548,-111,1026,-268,122,361,328,-32,-15,154
72976,1146,-142,52,37,758,8278,-2703,-3021,32,-42,0,25,-7,672,14978,617,-281,291,15022,1520,1488,1711,1736,883,-179,544,-110,1026,-268,0,352,261,-34,-12,153
73026,1185,-103,138,-52,959,8644,470,-3632,14,-29,-2,24,-6,673,15022,615,-244,291,15022,1515,1503,1715,1725,883,-179,543,-110,1026,-268,0,338,234,-35,-10,154
73076,1183,281,-62,-127,1246,8095,-3252,-1801,9,-3,0,24,-4,673,15022,611,-191,287,14978,1521,1485,1712,1733,1270,-124,776,-76,1232,-224,0,409,193,-37,-8,153
73126,1004,-75,106,62,1098,9254,-689,-2533,77,3,0,31,0,672,14978,619,-155,287,14978,1513,1461,1731,1736,1270,-124,786,-77,1232,-224,0,379,188,-39,-7,149
73176,1658,344,-212,114,912,12855,531,-2106,20,7,-2,30,0,672,14978,594,-449,291,15022,1552,1434,1724,1734,1270,-124,754,-74,1232,-224,0,426,162,-40,-5,151
674,15067,567,-357,296,15067,1528,1499,1703,1734,1270,-124,720,-70,1232,-224,0,434,150,-41,-4,153,,,,,,,,,,,,,,
,,,,,,,,,,,,,,,,,,,,,,,,,,,,,,,,,,,
673,15022,549,434,287,14978,1519,1491,1711,1731,1270,-124,697,-68,1232,-224,0,481,118,-47,0,153,,,,,,,,,,,,,,
73426,1241,-627,135,103,1050,1259,-2886,-2899,-82,108,-2,3,30,672,14978,533,-293,287,14978,1548,1479,1722,1709,1876,-233,1000,-124,1863,-235,183,457,104,-49,0,159
73476,945,260,-224,-70,985,-1853,-8806,-458,-71,185,-4,4,36,672,14978,1800,760,291,15022,1538,1485,1709,1726,1373,-321,2472,-579,1537,-271,163,534,35,-56,3,156
,,,,,,,,,,,,,,,,,,,,,,,,,,,,,,,,,,,
-178,-73,7,152,,,,,,,,,,,,,,,,,,,,,,,,,,,,,,,,
74276,-382,-534,10,34,1127,2540,-31267,-1557,76,441,0,7,94,707,16579,367,-16,419,16485,1552,1547,1715,1776,1828,-357,671,-131,2037,-139,0,546,-130,-74,7,153
74326,-317,-1730,12,-100,1049,-1487,-25408,-1557,171,371,-2,30,102,707,16579,331,8,428,16579,1559,1528,1759,1749,1828,-357,605,-118,2037,-139,0,552,-159,-74,7,159
74376,-280,-2326,19,-86,873,14259,-8379,518,178,284,-2,31,97,707,16579,344,-28,428,16579,1584,1499,1771,1738,1828,-357,629,-123,2037,-139,0,550,-153,-74,6,155
74426,855,-2095,-92,88,1076,15785,-7097,213,138,282,-2,39,94,708,16626,281,-90,432,16626,1601,1520,1754,1731,1828,-357,513,-100,2037,-139,0,500,-130,-75,6,155
74476,1202,-1327,-74,-60,905,13710,-5938,1006,122,350,-2,46,94,707,16579,316,2,419,16485,1558,1536,1752,1745,1828,-357,577,-113,2037,-139,0,473,-160,-76,6,155
74526,1750,-1815,106,174,1016,7728,-5693,-580,53,120,0,37,53,707,16579,357,24,428,16579,1572,1527,1741,1761,1828,-357,652,-127,2037,-139,0,504,-132,-76,6,154
74576,1457,-1492,-26,-64,1281,9559,17804,-885,-8,-132,-2,24,2,708,16626,340,20,432,16626,1580,1517,1784,1719,1828,-357,621,-121,2037,-139,0,547,-64,-77,6,154
,,,,,,,,,,,,,,,,,,,,,,,,,,,,,,,,,,,
,,,,,,,,,,,,,,,,,,,,,,,,,,,,,,,,,,,
75276,-1039,2161,219,120,900,12550,10114,-214,122,-157,0,2,-74,707,16579,556,358,432,16626,1576,1508,1763,1750,-1878,-1675,-1044,-931,-2033,-1880,193,68,-565,-28,19,165
,,,,,,,,,,,,,,,,,,,,,,,,,,,,,,,,,,,
75676,2413,2269,1,-143,1167,10231,6696,-519,70,-121,-2,58,-64,708,16626,764,232,428,16579,1577,1502,1772,1741,-1456,-1287,-1112,-983,-1418,-1369,142,-423,-760,18,30,165
75726,2478,2188,-88,-73,946,8461,5170,-519,40,-134,-2,53,-63,695,16021,821,587,379,16021,1585,1506,1758,1742,-1345,-1169,-1104,-960,-1316,-1223,153,-435,-753,21,30,164
75776,2334,2126,-102,-122,1042,7423,4865,29,10,-136,-2,45,-62,668,14800,849,585,311,15246,1565,1453,1728,1725,-1102,-1168,-936,-992,-1113,-1200,132,-465,-764,25,32,164
75826,2192,2162,-116,-147,972,5287,5353,-641,-40,-108,0,33,-57,668,14800,885,523,271,14800,1526,1462,1733,1710,-1125,-976,-996,-864,-1057,-922,122,-481,-787,26,31,163
670,14889,931,363,271,14800,1534,1474,1712,1718,-945,-903,-880,-841,-821,-821,142,-501,-761,28,30,157,,,,,,,,,,,,,,
75926,1196,1281,12,96,1082,2113,-1299,396,29,-121,0,25,-47,667,14756,951,1954,267,14756,1537,1484,1714,1706,-845,-523,-803,-497,-783,-445,153,-508,-721,30,30,158
75976,848,1018,-79,-166,1155,38,2423,945,35,-161,-2,25,-48,668,14800,1005,857,271,14800,1558,1449,1729,1698,-813,-716,-817,-719,-788,-615,204,-502,-730,32,30,158
76026,1325,1218,-38,-60,989,1381,7428,1067,-29,-108,-2,18,-41,667,14756,1024,159,267,14756,1543,1473,1727,1695,-798,-542,-818,-556,-777,-426,214,-519,-730,32,28,161
76076,1279,1107,65,-48,1030,-7346,-1360,1494,-62,-79,-4,11,-37,668,14800,1044,605,267,14756,1517,1488,1712,1717,-623,-484,-651,-505,-527,-335,244,-573,-692,33,27,162
76126,488,559,62,93,763,-6187,-1299,1067,56,-154,-2,18,-42,667,14756,1072,108,267,14756,1499,1505,1704,1725,-564,-464,-604,-497,-491,-346,244,-563,-589,32,26,158
,,,,,,,,,,,,,,,,,,,,,,,,,,,,,,,,,,,
76276,1004,930,76,20,883,15724,10785,1250,125,-153,0,41,-48,670,14889,1144,517,276,14844,1570,1457,1725,1691,-549,-672,-628,-769,-611,-740,214,-549,-528,33,25,159
76326,1379,1246,-7,-119,958,404,5292,1311,-79,3,2,11,-20,668,14800,1184,1119,271,14800,1513,1503,1721,1703,-450,-362,-533,-429,-389,-186,234,-550,-577,33,25,157
,,,,,,,,,,,,,,,,,,,,,,,,,,,,,,,,,,,
,,,,,,,,,,,,,,,,,,,,,,,,,,,,,,,,,,,
76776,-664,-230,53,118,855,-9360,-5449,2837,51,-8,0,-3,0,651,14056,1376,109,204,14056,1505,1505,1668,1701,43,-36,59,-50,189,56,234,-476,-289,12,12,147
76826,-1134,-675,136,26,760,-7285,-10332,2898,101,-44,0,0,-1,669,14844,1370,-36,276,14844,1522,1506,1674,1688,81,83,112,113,183,96,214,-455,-227,10,11,151
671,14933,1414,-709,280,14889,1540,1514,1702,1700,130,-12,184,-17,185,-67,224,-339,-177,5,10,152,,,,,,,,,,,,,,
76926,-522,-81,-68,156,889,2846,-6914,3020,152,1,-2,17,2,672,14978,1402,169,287,14978,1554,1514,1692,1696,90,65,127,91,142,-33,234,-265,-123,3,9,145
76976,-232,-326,-56,-15,898,3578,-6304,2776,107,-25,0,17,1,670,14889,1429,32,280,14889,1544,1516,1700,1697,182,-84,260,-120,260,-109,204,-193,-83,0,8,150
,,,,,,,,,,,,,,,,,,,,,,,,,,,,,,,,,,,
77526,2038,-587,-36,-10,770,4555,-1848,1555,-107,-42,0,14,2,671,14933,72,-2179,284,14933,1532,1533,1682,1716,222,19,16,1,209,129,173,76,85,-23,3,145
77576,1317,-592,-78,-36,1132,-8506,-811,1250,-50,-45,2,14,2,670,14889,1563,-128,284,14933,1542,1518,1699,1702,149,130,233,204,58,257,244,92,92,-23,3,149
77626,991,-507,-100,-92,1218,-1731,2728,1372,-30,-44,0,13,2,670,14889,1484,463,280,14889,1550,1505,1705,1696,239,117,355,174,135,164,204,54,87,-24,2,149
77676,433,-234,-28,-112,1007,831,5536,945,20,-15,0,13,2,670,14889,1518,398,287,14978,1544,1519,1706,1696,135,258,205,392,41,299,193,7,103,-25,1,144
77726,219,-189,65,-84,948,-3196,-261,2959,32,0,-2,12,2,671,14933,158,-1408,284,14933,1539,1529,1685,1710,140,205,22,32,84,262,142,49,138,-26,0,143
77776,137,-393,82,-86,838,-4661,-1665,2959,38,-13,0,12,2,670,14889,1692,356,280,14889,1546,1528,1683,1704,122,148,206,250,95,220,204,97,189,-27,0,146
77826,54,-332,15,-1,932,-388,1447,2593,61,-14,-2,13,2,670,14889,1526,170,280,14889,1554,1513,1697,1696,135,285,206,436,42,287,204,106,218,-27,-1,145
,,,,,,,,,,,,,,,,,,,,,,,,,,,,,,,,,,,
,,,,,,,,,,,,,,,,,,,,,,,,,,,,,,,,,,,
759,-189,287,14978,15,,,,,,,,,,,,,,,,,,,,,,,,,,,,,,,
78576,378,358,157,-5,-20,146,,,,,,,,,,,,,,,,,,,,,,,,,,,,,
78626,532,-64,-40,219,1097,-3867,-3618,2959,37,0,0,13,1,669,14844,1605,-163,276,14844,1542,1537,1682,1705,2,391,3,628,9,383,193,33,544,-25,-21,143
671,14933,1598,27,280,14889,1543,1544,1691,1686,-20,470,-32,752,-42,471,183,73,595,-25,-22,148,,,,,,,,,,,,,,
78726,451,-125,-118,63,1088,-571,3522,2349,42,-23,-2,15,0,7,-110,484,163,39,623,0,671,14933,1553,66,632,-23,-23,147,,,,,,,
7574,202,280,14889,15,150,,,,,,,,,,,,,,,,,,,,,,,,,,,,,,
78876,354,113,4889,1548,1544,1679,92,-11,1110,-22,132670,14889,1534,-461,280,14889,1545,1541,1690,1695,24,463,36,711,-17,460,214,144,689,-20,-23,144,,,
78976,480,-282,-38,27,980,-571,4559,762,-43,-24,-2,0,1,672,14978,1562,385,280,14889,1551,1521,1697,1692,-56,454,-88,710,-136,478,163,108,658,-18,-22,149
79026,556,-317,92,-35,844,-2036,5292,823,-152,-8,0,-19,2,671,14933,1561,183,284,14933,1550,1532,1685,1696,-64,498,-100,777,-93,569,193,110,624,-17,-23,151
79076,484,-45,132,99,1024,-9727,3888,1555,-163,14,-2,-25,1,672,14978,1575,388,284,14933,1535,1535,1706,1687,-13,385,-20,607,-16,536,204,61,608,-16,-24,151
79126,161,704,-127,106,873,-9177,1752,1067,-163,50,0,-31,0,670,14889,1128,-162,280,14889,1549,1536,1697,1688,-69,469,-78,530,-102,586,183,-22,650,-16,-24,154
79176,-39,927,-103,-86,925,-11497,-2337,2166,-168,72,0,-31,0,671,14933,1868,185,284,14933,1548,1539,1686,1695,46,605,86,1130,69,720,112,-72,579,-16,-23,152
79226,61,809,-49,45,1009,-12290,-3069,1677,-170,78,2,-32,2,670,14889,1157,193,280,14889,1550,1529,1689,1695,-91,582,-105,673,-25,692,153,-84,565,-16,-24,153
643,13713,2132,1084,168,13670,1520,1499,1663,1667,-30,547,-64,1167,19,635,132,-49,609,-16,-26,154,,,,,,,,,,,,,,
79326,-288,727,-84,-1,1019,-9421,-6792,2044,-153,69,0,-34,2,641,13628,2836,1602,163,13628,1519,1491,1663,1676,-17,485,-48,1376,54,554,122,16,641,-16,-27,153
79376,-540,229,-38,32,1006,-6797,-4778,1738,-129,25,0,-35,1,640,13585,1335,505,163,13628,1516,1513,1650,1668,-199,216,-265,289,-153,306,0,71,615,-14,-26,153
79426,-1099,-213,-65,-81,898,-6675,-4351,1311,-92,-17,2,-35,1,639,13543,1575,-182,155,13543,1516,1493,1667,1664,-199,216,-313,341,-153,306,0,76,586,-12,-25,156
79476,-916,-476,52,-19,888,-1670,-1604,2166,-99,-28,0,-35,1,640,13585,1574,-1450,155,13543,1514,1499,1662,1661,-66,282,-104,444,-62,235,112,70,552,-10,-23,155
79526,-762,-159,-148,87,1067,-1182,-3679,1983,-95,-16,0,-34,2,640,13585,1548,871,159,13585,1534,1489,1659,1659,24,367,38,568,25,322,112,68,529,-10,-23,151
640,13585,1532,408,159,13585,1501,1524,1647,1670,-31,237,-47,363,-28,207,132,22,547,-9,-22,149,,,,,,,,,,,,,,
79626,-572,368,-152,-77,986,-1182,-3862,1860,112,-71,2,13,-18,639,13543,1533,-811,155,13543,1574,1445,1649,1667,-47,307,-72,470,-63,158,173,-13,499,-9,-21,155
638,13500,1507,-259,155,13543,1521,1499,1644,1673,-149,254,-225,383,-278,178,132,-70,492,-9,-21,156,,,,,,,,,,,,,,
79726,-18,8,2,-76,862,-8201,10968,1616,-265,-279,-2,-50,-55,637,13458,1497,-823,148,13458,1541,1456,1670,1659,-64,333,-96,499,-307,432,122,-84,487,-8,-21,154
79776,-473,202,7,-58,904,-15647,12128,2654,-337,-272,0,-73,-57,636,13416,1522,-362,155,13543,1516,1497,1652,1671,-89,352,-136,535,-381,518,122,-148,416,-8,-20,159
-42,311,-411,457,0,-179,79876,-1744,823,52,108,1076,-21506,3278,1921,-363,-129,0,-104,-41,314,-7,-20,162,,,,,,,,,,,,
79926,-2738,630,113,-40,910,-15708,5841,884,-193,-143,0,-85,-41,640,13585,1446,-107,159,13585,1512,1511,1668,1652,-205,272,-296,394,-304,338,142,-190,277,-7,-21,161
79976,-2510,1188,139,3,1136,-4111,9198,1494,-53,-84,2,-55,-39,648,13927,1413,-252,192,13927,1540,1495,1672,1666,-291,28,-412,39,-325,-95,153,-211,177,-6,-20,157
,,,,,,,,,,,,,,,,,,,,,,,,,,,,,,,,,,,
80126,-893,2101,-99,6,737,1076,1203,213,-145,75,-4,-45,-19,669,14844,1310,-659,276,14844,1550,1516,1693,1693,-102,-150,-134,-197,9,-218,193,-213,58,-6,-17,155
80176,-217,1704,181,233,1065,648,-4839,579,-160,108,-2,-40,-12,671,14933,1276,-1147,276,14844,1555,1519,1687,1697,-27,-291,-34,-371,118,-371,183,-231,-66,-7,-14,161
80226,-273,1301,107,9,1233,-877,-4778,-946,-107,123,0,-26,0,671,14933,1242,-737,284,14933,1555,1520,1699,1691,-30,-218,-37,-271,58,-291,183,-240,-96,-8,-13,156
,,,,,,,,,,,,,,,,,,,,,,,,,,,,,,,,,,,
80476,269,280,33,-107,1136,9865,-1421,-1801,-32,39,0,0,2,685,15563,1052,-1066,340,15563,1573,1496,1720,1723,-130,-664,-137,-698,-17,-843,183,-177,-321,-13,-5,158
80526,1157,560,11,178,1246,7911,-4107,-2167,-81,56,0,0,0,685,15563,1057,-1790,340,15563,1577,1483,1715,1734,19,-710,20,-750,84,-864,193,-192,-293,-13,-4,153
80576,886,269,-88,-62,786,3883,-6487,-2045,-81,22,0,0,1,687,15654,1010,-113,340,15563,1559,1498,1719,1733,17,-763,17,-770,58,-834,204,-215,-394,-15,-2,151
80626,1179,-276,-32,93,740,1869,-5571,-2228,-87,-23,-2,0,0,687,15654,986,-611,347,15654,1566,1496,1712,1740,23,-754,22,-744,101,-809,142,-165,-400,-16,-1,154
80676,1007,-284,155,-59,982,3273,-4168,-3265,-80,-7,-2,2,0,706,16532,951,556,399,16252,1585,1507,1731,1747,-41,-909,-39,-864,-13,-991,112,-183,-461,-17,2,154
80726,767,-301,103,-41,1091,3944,-2459,-2899,-63,-12,0,1,0,707,16579,919,-628,428,16579,1580,1500,1757,1755,20,-925,18,-850,-9,-1012,142,-177,-536,-18,3,153
,,,,,,,,,,,,,,,,,,,,,,,,,,,,,,,,,,,
80876,1196,16,-41,167,1032,5470,2850,-3082,-73,0,0,2,0,706,16532,834,-602,428,16579,1580,1515,1752,1750,-114,-1217,-95,-1015,-159,-1229,204,-167,-696,-20,9,156
,,,,,,,,,,,,,,,,,,,,,,,,,,,,,,,,,,,
,,,,,,,,,,,,,,,,,,,,,,,,,,,,,,,,,,,
,,,,,,,,,,,,,,,,,,,,,,,,,,,,,,,,,,,
79,771,123,423,165325,150,,,,,,,,,,,,,,,,,,,,,,,,,,,,,,
,,,,,,,,,,,,,,,,,,,,,,,,,,,,,,,,,,,
,,,,,,,,,,,,,,,,,,,,,,,,,,,,,,,,,,,
81876,-115,159,109,184,942,-1426,-5083,-1312,81,31,0,10,0,707,16579,842,178,428,16579,1581,1517,1748,1752,105,-840,88,-707,124,-764,255,14,-818,-26,23,151
,,,,,,,,,,,,,,,,,,,,,,,,,,,,,,,,,,,
707,16579,1011,496,423,16532,1575,1553,1740,1734,150,-492,151,-498,218,-444,255,71,-637,-32,14,152,,,,,,,,,,,,,,
82326,1556,319,-137,260,1192,-449,-4534,-397,57,25,0,34,1,-614,-33,15,154,,,,,,,,,,,,,,,,,,
82376,1127,175,78,36,1194,-1487,-7158,90,41,32,-2,27,1,707,16579,1052,415,428,16579,1581,1531,1745,1745,214,-283,225,-298,284,-213,255,78,-581,-34,13,150
,,,,,,,,,,,,,,,,,,,,,,,,,,,,,,,,,,,
638,13500,384,-178,148,13458,1528,1502,1650,1654,117,29,45,11,100,75,234,229,-110,-38,-4,147,,,,,,,,,,,,,,
83026,-938,-328,-107,-31,903,-3989,-1177,3630,92,-33,0,2,1,638,13500,1440,429,152,13500,1530,1498,1661,1647,62,157,89,226,0,126,234,257,-62,-38,-5,147
83076,-300,-191,-96,52,991,-1487,43,4607,45,-20,-2,2,1,637,13458,1464,851,152,13500,1530,1510,1656,1642,-11,102,-16,149,-48,116,224,250,-23,-36,-7,147
83126,0,170,-36,72,922,-5759,-872,3814,19,18,0,2,1,637,13458,1865,1956,148,13458,1524,1506,1649,1647,169,181,315,337,145,222,204,224,4,-37,-9,142
636,13416,1419,573,139,13374,1508,1510,1655,1650,92,103,131,147,102,179,183,182,-9,-36,-11,148,,,,,,,,,,,,,,
637,13458,1513,-17,148,13458,1518,1516,1646,1650,136,112,205,170,116,164,193,167,16,-36,-12,147,,,,,,,,,,,,,,
636,13416,1117,-721,148,13458,1521,1516,1654,1643,17,112,19,125,-59,127,193,165,116,-35,-13,149,,,,,,,,,,,,,,
83326,-664,-417,69,-88,680,-938,2789,4119,59,-21,0,2,1,634,13332,1534,-154,136,13332,1528,1512,1649,1645,98,98,151,150,48,67,193,225,129,-34,-13,145
637,13458,1507,1335,139,13374,1524,1504,1651,1647,50,275,76,414,-8,200,224,181,159,-34,-15,143,,,,,,,,,,,,,,
83426,108,213,-44,111,843,-1853,1264,3814,16,23,0,2,2,656,14273,1851,300,224,14273,1534,1531,1652,1659,139,211,258,391,151,193,204,153,170,-34,-15,147
,,,,,,,,,,,,,,,,,,,,,,,,,,,,,,,,,,,
671,14933,1523,-485,280,14889,1570,1544,1681,1674,-3,57,-5,86,16,41,224,131,184,-33,-17,143,,,,,,,,,,,,,,
836672,14978,1533,487,287,14978,1547,1556,1684,1680,17,25,26,39,-48,29,214,185,197,-33,-17,145,,,,,,,,,,,,,,
671,14933,1510,0,284,14933,1566,1539,1691,1674,-22,204,-33,309,-144,161,214,195,217,-32,-17,149,,,,,,,,,,,,,,
83726,-342,-630,116,-5,1155,2052,8954,2288,41,-42,-2,2,1,671,14933,1524,647,284,14933,1573,1546,1672,1681,8,92,12,141,-82,41,244,156,254,-31,-17,145
,,,,,,,,,,,,,,,,,,,,,,,,,,,,,,,,,,,
83926,278,561,102,162,960,465,5963,1921,6,68,-4,2,2,640,13585,1485,528,159,13585,1523,1514,1660,1641,24,203,36,302,-34,216,183,172,319,-26,-16,143
8,1468,-364,143,1341148,,,,,,,,,,,,,,,,,,,,,,,,,,,,,,,
636,13416,1391,-857,143,13416,1521,1508,1654,1646,122,98,169,136,163,115,204,331,307,-24,-15,150,,,,,,,,,,,,,,
84076,554,369,37,134,700,-4295,-4412,3508,-21,47,-4,2,1,636,13416,1358,-459,139,13374,1522,1518,1641,1646,51,115,69,157,117,159,234,267,301,-23,-14,148
84126,170,419,24,-82,738,-7835,-2153,3447,-16,48,-4,2,1,634,13332,1459,-331,136,13332,1518,1523,1644,1643,82,226,120,331,159,302,214,239,268,-23,-15,149
,,,,,,,,,,,,,,,,,,,,,,,,,,,,,,,,,,,
84276,690,300,-21,252,951,-1853,-2276,2715,-32,44,0,2,1,601,11980,1424,-717,7,12020,1479,1485,1597,1632,211,228,301,325,279,238,234,253,281,-22,-15,148
84326,285,-303,308,17,961,-7957,-4290,3142,-16,13,0,2,1,602,12020,1398,-302,7,12020,1474,1488,1614,1613,163,12,228,16,209,66,224,214,245,-22,-15,145
604,12100,885,-445,4,11980,1471,1486,1616,1615,344,199,305,176,422,258,132,225,274,-23,-15,147,,,,,,,,,,,,,,
84426,104,113,-20,-59,571,-3928,-5571,3630,-14,15,-2,1,1,603,12060,2057,389,11,12060,1487,1462,1612,1629,221,253,456,521,330,231,214,216,277,-24,-15,149
622,12832,1357,-172,47,12423,1500,1513,1601,1624,304,183,412,248,385,209,214,215,214,-25,-16,151,,,,,,,,,,,,,,
84526,-62,-27,-190,-56,944,-1914,-7463,1921,5,-9,0,1,2,632,13248,1263,-829,128,13248,1524,1526,1633,1638,287,299,363,378,394,310,214,250,212,-26,-16,149
84576,419,-258,-137,129,1023,-1243,-6548,2227,-18,-23,0,1,2,673,15022,1222,-1586,248,14535,1560,1554,1652,1673,359,269,438,329,435,247,204,217,256,-26,-16,155
84626,-58,-844,164,-149,989,-4722,-9539,2776,-5,-47,-2,1,1,674,15067,1188,-1101,296,15067,1561,1557,1667,1692,443,312,526,370,555,282,204,154,234,-28,-17,154
84676,-631,-1265,25,-51,932,-2708,-12285,1860,77,-122,0,5,-3,673,15022,1144,-636,287,14978,1543,1546,1670,1712,385,328,440,376,484,225,255,71,230,-31,-17,154
84726,-692,-1625,34,-133,799,4188,-8013,701,53,-129,0,1,1,673,15022,1621,-269,291,15022,1560,1529,1680,1706,319,179,517,290,377,29,224,29,217,-33,-17,150
84776,-107,-1830,-57,24,1224,6264,-6487,335,21,-154,0,1,2,673,15022,1020,-297,291,15022,1557,1530,1682,1706,312,145,318,148,374,27,255,89,241,-35,-18,150
84826,120,-1597,-156,84,1131,6264,-6243,-885,10,-146,-2,2,1,674,15067,846,-1036,291,15022,1547,1525,1687,1712,286,213,242,181,348,102,234,130,249,-36,-18,154
,,,,,,,,,,,,,,,,,,,,,,,,,,,,,,,,,,,
673,15022,688,-946,291,15022,1527,1509,1700,1727,38,410,26,282,67,431,173,133,286,-38,-16,148,,,,,,,,,,,,,,
85226,684,-323,45,-137,963,1808,-4229,-3876,-64,-15,-2,2,1,673,15022,650,-1158,291,15022,1547,1495,1690,1731,34,402,22,261,100,393,173,50,240,-38,-16,150
85276,672,-333,-42,32,1102,4249,-2459,-3327,-48,-22,0,1,2,673,15022,591,-1064,287,14978,1542,1494,1708,1715,-42,416,-25,245,28,370,204,50,236,-38,-16,150
85326,982,-81,-146,162,1152,1869,-2153,-1679,-65,-8,0,1,2,674,15067,591,-440,296,15067,1548,1521,1689,1716,-185,301,-109,178,-180,369,112,47,344,-36,-18,153
85376,752,-455,21,-46,1060,221,-2581,-1801,-43,-47,0,5,-2,675,15112,504,-1108,291,15022,1540,1514,1702,1711,-168,471,-84,237,-199,539,0,20,309,-35,-17,151
85426,698,-511,-9,-45,1030,-1670,13410,-275,-57,-45,-2,2,1,672,14978,463,-1139,287,14978,1540,1492,1725,1701,-168,471,-77,218,-199,539,0,9,265,-35,-17,151
673,15022,361,-1163,291,15022,1550,1508,1707,1703,-112,274,-40,98,-359,276,0,-18,256,-34,-16,149,,,,,,,,,,,,,,
85526,918,1014,105,96,923,-1121,8344,-92,-61,101,0,2,0,673,15022,373,-1174,291,15022,1551,1513,1715,1694,-112,274,-42,102,-359,276,0,-27,245,-34,-15,149
85576,787,1762,-201,-88,1324,1625,7245,-763,-69,148,0,1,2,673,15022,318,-962,296,15067,1565,1507,1714,1688,-112,274,-35,87,-359,276,0,46,262,-34,-14,149
,,,,,,,,,,,,,,,,,,,,,,,,,,,,,,,,,,,
86276,-1598,-596,0,-51,309,-10032,2545,9307,131,-47,-73,2,1,0,0,86,-443,-1600,0,1150,1150,1690,1150,-112,274,-9,23,-359,276,0,244,80,-29,-10,141
86326,286,931,1,547,-464,-52512,-42803,-24750,-37,103,-71,2,0,0,0,109,-997,-1600,0,1589,1150,1150,1150,-112,274,-12,29,-359,276,0,288,154,-28,-10,146
86376,1506,860,-473,201,169,1747,31232,15899,-123,71,-71,1,2,0,0,58,-925,-1600,0,1150,1150,1484,1533,-112,274,-6,15,-359,276,0,136,281,-25,-9,142
86426,1468,546,-87,1004,-614,18654,3278,-2350,-106,46,0,2,0,0,0,291,-199,-1600,0,1150,1248,1216,1150,-112,274,-32,79,-359,276,0,174,316,-24,-8,143
86476,-656,-188,-1,-642,1744,-2463,-21990,4241,28,0,33,1,1,0,130,200,-23,-7,140,,,,,,,,,,,,,,,,
