101000 5000 10000 1000 0 -15448 -16038 -26284 981 -138 -133 -18 1100000 1109000 1100000 1100000 1498000 1498000 1098000 1496000 1999000 998000 0 0 0 0 0 0 0 0 
201000 5000 10000 1000 0 -15441 -16033 -26288 981 -138 -133 -18 1100000 1205000 1100000 1100000 1497000 1498000 1098000 1496000 1998000 997000 0 0 0 0 0 0 -303 97 
301000 5000 10000 1000 0 -15436 -16071 -26309 981 -138 -132 -18 1100000 1213000 1100000 1100000 1497000 1499000 1097000 1496000 1999000 997000 0 0 0 0 0 0 -303 97 
401000 5000 10000 1000 0 -15298 -15914 -26362 981 -137 -131 -18 1100000 1195000 1100000 1100000 1496000 1499000 1098000 1496000 1998000 997000 0 0 0 0 0 0 -303 97 
501000 5000 10000 1000 0 -14645 -15275 -26511 983 -131 -126 -16 1100000 1162000 1103000 1100000 1496000 1499000 1097000 1496000 1999000 997000 0 0 0 0 0 0 -303 97 
601000 5000 10000 1000 0 -12913 -13493 -26907 986 -116 -111 -13 1100000 1121000 1100000 1100000 1498000 1498000 1098000 1495000 1998000 997000 0 0 0 0 0 0 -303 97 
744000 5000 143000 2000 0 -12913 -13493 -26907 986 -116 -111 -13 1100000 1121000 1100000 1100000 1497000 1499000 1098000 1496000 1998000 998000 0 0 0 0 0 0 -302 98 
801000 5000 10000 2000 0 -7388 -7963 -27980 995 -69 -64 -4 1207000 1100000 1121000 1100000 1497000 1498000 1098000 1495000 1998000 998000 0 0 0 0 0 0 -302 98 
901000 5000 10000 2000 0 -1858 -2602 -28381 999 -22 -16 0 1220000 1100000 1119000 1100000 1496000 1499000 1100000 1496000 1998000 997000 0 0 0 0 0 0 -302 98 
1001000 5000 10000 2000 0 4310 3211 -28350 998 28 37 -1 1287000 1100000 1123000 1100000 1497000 1499000 1108000 1496000 1999000 998000 0 0 0 0 0 0 -300 100 
1101000 5000 10000 2000 0 10461 9060 -27836 992 78 90 -7 1320000 1100000 1135000 1100000 1497000 1498000 1108000 1496000 1998000 997000 0 0 0 0 0 0 -291 109 
1201000 5000 10000 2000 0 13366 12021 -27220 987 104 115 -12 1178000 1100000 1133000 1100000 1496000 1499000 1109000 1496000 1999000 997000 0 0 0 0 0 0 -291 109 
1301000 5000 10000 2000 0 12233 10934 -27380 989 94 106 -10 1100000 1124000 1119000 1104000 1498000 1498000 1112000 1496000 1998000 997000 0 0 0 0 0 0 -291 109 
1401000 5000 10000 2000 0 8092 6894 -28099 995 59 70 -4 1100000 1229000 1100000 1116000 1497000 1499000 1115000 1496000 1999000 997000 0 0 0 0 0 0 -288 112 
1501000 5000 10000 2000 0 2502 1617 -28509 999 14 21 0 1100000 1247000 1100000 1112000 1497000 1499000 1121000 1495000 1998000 998000 0 0 0 0 0 0 -288 112 
1601000 5000 10000 2000 0 -2445 -3072 -28516 999 -26 -21 0 1100000 1252000 1100000 1129000 1496000 1499000 1124000 1496000 1998000 997000 0 0 0 0 0 0 -279 121 
1701000 5000 10000 2000 0 -5711 -6054 -28240 997 -52 -49 -2 1100000 1211000 1100000 1147000 1497000 1499000 1128000 1496000 1999000 998000 0 0 0 0 0 0 -275 125 
1801000 5000 10000 2000 0 -6551 -6742 -28111 996 -58 -57 -3 1107000 1142000 1114000 1136000 1497000 1498000 1130000 1496000 1998000 997000 0 0 0 0 0 0 -275 125 
1901000 5000 10000 2000 0 -4865 -5256 -28273 998 -45 -42 -1 1178000 1100000 1123000 1122000 1497000 1499000 1131000 1496000 1999000 997000 0 0 0 0 0 0 -270 130 
2001000 5000 10000 2000 0 -1872 -2454 -28478 999 -21 -16 0 1212000 1100000 1142000 1114000 1497000 1498000 1134000 1496000 1998000 997000 0 0 0 0 0 0 -269 131 
2101000 5000 10000 2000 0 1128 403 -28486 999 3 9 0 1199000 1100000 1132000 1118000 1497000 1499000 1136000 1496000 1999000 997000 0 0 0 0 0 0 -269 131 
2201000 5000 10000 2000 0 3009 2107 -28432 999 18 26 0 1165000 1104000 1149000 1124000 1497000 1499000 1144000 1496000 1998000 997000 0 0 0 0 0 0 -264 136 
2301000 5000 10000 2000 0 2918 2051 -28432 999 17 25 0 1129000 1162000 1153000 1138000 1497000 1499000 1150000 1496000 1998000 997000 0 0 0 0 0 0 -254 146 
2401000 5000 10000 2000 0 1451 696 -28459 999 6 12 0 1100000 1200000 1145000 1137000 1497000 1499000 1156000 1495000 1998000 998000 0 0 0 0 0 0 -254 146 
2501000 5000 10000 2000 0 -468 -1137 -28489 999 -9 -4 0 1104000 1214000 1149000 1155000 1496000 1499000 1157000 1496000 1998000 997000 0 0 0 0 0 0 -244 156 
2601000 5000 10000 2000 0 -1895 -2507 -28457 999 -21 -16 0 1129000 1198000 1142000 1166000 1497000 1499000 1161000 1496000 1999000 998000 0 0 0 0 0 0 -241 159 
2701000 5000 10000 2000 0 -1984 -2561 -28438 999 -22 -17 0 1170000 1154000 1152000 1158000 1496000 1499000 1164000 1496000 1998000 997000 0 0 0 0 0 0 -241 159 
2801000 5000 10000 2000 0 -736 -1394 -28473 999 -12 -6 0 1202000 1130000 1162000 1160000 1497000 1499000 1168000 1496000 1999000 997000 0 0 0 0 0 0 -236 164 
2901000 5000 10000 2000 0 496 -131 -28488 999 -1 4 0 1202000 1142000 1175000 1159000 1497000 1498000 1172000 1496000 1998000 997000 0 0 0 0 0 0 -230 170 
3001000 5000 10000 2000 0 1096 403 -28465 999 3 9 0 1169000 1169000 1174000 1166000 1497000 1499000 1172000 1496000 1999000 997000 0 0 0 0 0 0 -230 170 
3101000 5000 10000 2000 0 677 26 -28481 999 0 5 0 1154000 1197000 1168000 1167000 1497000 1499000 1175000 1495000 1998000 997000 0 0 0 0 0 0 -228 172 
3201000 5000 10000 2000 0 -228 -869 -28487 999 -7 -1 0 1144000 1212000 1166000 1171000 1496000 1500000 1175000 1496000 1998000 997000 0 0 0 0 0 0 -226 174 
3301000 5000 10000 3000 0 -872 -1557 -28465 999 -13 -7 0 1153000 1194000 1174000 1172000 1497000 1499000 1176000 1495000 1998000 998000 0 0 0 0 0 0 -226 174 
3401000 5000 10000 3000 0 -922 -1612 -28472 999 -14 -8 0 1173000 1173000 1179000 1176000 1496000 1499000 1178000 1496000 1998000 997000 0 0 0 0 0 0 -224 176 
3501000 5000 10000 3000 0 -400 -1149 -28468 999 -10 -3 0 1200000 1162000 1176000 1169000 1497000 1498000 1179000 1496000 1999000 997000 0 0 0 0 0 0 -223 177 
3601000 5000 10000 3000 0 375 -554 -28466 999 -4 3 0 1189000 1165000 1175000 1177000 1498000 1498000 1181000 1496000 1998000 997000 0 0 0 0 0 0 -223 177 
3701000 5000 10000 3000 0 581 -241 -28482 999 -2 5 0 1188000 1192000 1172000 1170000 1496000 1499000 1182000 1496000 1998000 997000 0 0 0 0 0 0 -219 181 
3801000 5000 10000 3000 0 304 -661 -28498 999 -5 2 0 1158000 1199000 1185000 1188000 1497000 1499000 1184000 1496000 1999000 997000 0 0 0 0 0 0 -217 183 
3901000 5000 10000 3000 0 -319 -1062 -28454 999 -9 -2 0 1169000 1201000 1186000 1175000 1497000 1499000 1187000 1496000 1998000 997000 0 0 0 0 0 0 -217 183 
4001000 5000 10000 3000 0 -576 -1257 -28464 999 -10 -5 0 1181000 1192000 1188000 1185000 1496000 1499000 1189000 1496000 1998000 997000 0 0 0 0 0 0 -213 187 
4101000 5000 10000 3000 0 -457 -1140 -28470 999 -9 -3 0 1203000 1196000 1186000 1173000 1497000 1499000 1191000 1496000 1999000 997000 0 0 0 0 0 0 -210 190 
4201000 5000 10000 3000 0 -96 -768 -28481 999 -6 0 0 1199000 1183000 1191000 1185000 1497000 1499000 1194000 1496000 1998000 997000 0 0 0 0 0 0 -210 190 
4301000 5000 10000 3000 0 349 -342 -28470 999 -2 3 0 1198000 1188000 1195000 1194000 1496000 1498000 1195000 1496000 1998000 997000 0 0 0 0 0 0 -206 194 
4401000 5000 10000 3000 0 427 -325 -28457 999 -2 3 0 1195000 1201000 1195000 1183000 1497000 1499000 1195000 1496000 1999000 998000 0 0 0 0 0 0 -206 194 
4501000 5000 10000 3000 0 139 -468 -28456 999 -4 1 0 1185000 1202000 1192000 1194000 1497000 1499000 1196000 1496000 1998000 997000 0 0 0 0 0 0 -206 194 
4601000 5000 10000 3000 0 -255 -795 -28467 999 -6 -2 0 1182000 1218000 1189000 1192000 1496000 1499000 1196000 1496000 1998000 997000 0 0 0 0 0 0 -204 196 
4701000 5000 10000 3000 0 -699 -1148 -28467 999 -10 -6 0 1181000 1209000 1196000 1197000 1497000 1499000 1197000 1496000 1999000 998000 0 0 0 0 0 0 -204 196 
4801000 5000 10000 3000 0 -665 -1073 -28459 999 -9 -5 0 1203000 1198000 1190000 1191000 1496000 1499000 1197000 1496000 1998000 997000 0 0 0 0 0 0 -204 196 
4901000 5000 10000 3000 0 -402 -812 -28457 999 -7 -3 0 1194000 1198000 1200000 1194000 1497000 1499000 1198000 1496000 1999000 997000 0 0 0 0 0 0 -203 197 
5001000 5000 10000 3000 0 -123 -670 -28453 999 -5 -1 0 1196000 1196000 1203000 1195000 1497000 1499000 1198000 1496000 1999000 998000 0 0 0 0 0 0 -202 198 
5101000 5000 10000 3000 0 -175 -590 -28450 999 -5 -1 0 1189000 1215000 1193000 1193000 1496000 1498000 1199000 1496000 1998000 997000 0 0 0 0 0 0 -202 198 
5201000 5000 10000 3000 0 -554 -917 -28455 999 -8 -4 0 1181000 1222000 1193000 1199000 1497000 1499000 1202000 1496000 1999000 997000 0 0 0 0 0 0 -201 199 
5301000 5000 10000 3000 0 -1145 -1538 -28447 999 -13 -9 0 1178000 1218000 1204000 1209000 1497000 1499000 1204000 1495000 1998000 998000 0 0 0 0 0 0 -197 203 
5401000 5000 10000 3000 0 -1546 -1690 -28428 999 -14 -13 0 1193000 1216000 1194000 1207000 1497000 1498000 1204000 1496000 1998000 997000 0 0 0 0 0 0 -197 203 
5501000 5000 10000 3000 0 -1215 -1221 -28454 999 -10 -10 0 1226000 1207000 1193000 1189000 1497000 1499000 1204000 1496000 1999000 997000 0 0 0 0 0 0 -196 204 
5601000 5000 10000 3000 0 -596 -793 -28470 999 -6 -5 0 1214000 1197000 1207000 1195000 1497000 1498000 1204000 1495000 1998000 997000 0 0 0 0 0 0 -196 204 
5701000 5000 10000 3000 0 -435 -822 -28456 999 -7 -3 0 1201000 1214000 1198000 1201000 1497000 1498000 1204000 1496000 1998000 997000 0 0 0 0 0 0 -196 204 
5801000 5000 10000 3000 0 -562 -978 -28459 999 -8 -4 0 1188000 1208000 1210000 1208000 1497000 1499000 1204000 1496000 1999000 997000 0 0 0 0 0 0 -196 204 
5901000 5000 10000 3000 0 -801 -1250 -28460 999 -10 -6 0 1188000 1212000 1207000 1210000 1498000 1498000 1205000 1496000 1998000 997000 0 0 0 0 0 0 -195 205 
6001000 5000 10000 3000 0 -910 -1396 -28450 999 -12 -7 0 1188000 1214000 1213000 1203000 1497000 1498000 1204000 1496000 1998000 997000 0 0 0 0 0 0 -195 205 
6101000 5000 10000 3000 0 -835 -1317 -28449 999 -11 -7 0 1204000 1203000 1210000 1197000 1497000 1499000 1204000 1496000 1999000 997000 0 0 0 0 0 0 -196 204 
6201000 5000 10000 3000 0 -623 -1147 -28459 999 -10 -5 0 1212000 1209000 1197000 1200000 1497000 1499000 1205000 1496000 1998000 997000 0 0 0 0 0 0 -195 205 
6301000 5000 10000 3000 0 -306 -914 -28453 999 -7 -2 0 1202000 1206000 1205000 1205000 1496000 1499000 1204000 1496000 1998000 997000 0 0 0 0 0 0 -195 205 
6401000 5000 10000 3000 0 -256 -789 -28442 999 -6 -2 0 1197000 1215000 1202000 1199000 1497000 1499000 1204000 1496000 1999000 998000 0 0 0 0 0 0 -196 204 
6501000 5000 10000 3000 0 -465 -988 -28455 999 -8 -4 0 1188000 1226000 1198000 1206000 1496000 1499000 1205000 1496000 1998000 997000 0 0 0 0 0 0 -195 205 
6601000 5000 10000 3000 0 -632 -1184 -28436 999 -10 -5 0 1195000 1219000 1207000 1197000 1496000 1499000 1204000 1497000 1998000 997000 0 0 0 0 0 0 -195 205 
6701000 5000 10000 3000 0 -685 -1238 -28448 999 -10 -5 0 1206000 1218000 1200000 1190000 1497000 1499000 1204000 1497000 1999000 998000 0 0 0 0 0 0 -196 204 
6801000 5000 10000 3000 0 -631 -1173 -28448 999 -10 -5 0 1206000 1213000 1196000 1199000 1496000 1499000 1204000 1497000 1998000 997000 0 0 0 0 0 0 -196 204 
6901000 5000 10000 3000 0 -449 -1037 -28451 999 -9 -3 0 1196000 1202000 1208000 1207000 1497000 1499000 1204000 1497000 1999000 997000 0 0 0 0 0 0 -196 204 
7001000 5000 10000 3000 0 -221 -875 -28462 999 -7 -1 0 1197000 1199000 1207000 1212000 1497000 1499000 1204000 1496000 1998000 998000 0 0 0 0 0 0 -196 204 
7101000 5000 10000 3000 0 -194 -954 -28446 999 -8 -1 0 1193000 1217000 1202000 1202000 1496000 1499000 1204000 1497000 1998000 997000 0 0 0 0 0 0 -196 204 
7201000 5000 10000 3000 0 -379 -1148 -28426 999 -10 -3 0 1187000 1209000 1211000 1208000 1497000 1499000 1204000 1497000 1999000 997000 0 0 0 0 0 0 -196 204 
7301000 5000 10000 3000 0 -551 -1200 -28424 999 -10 -4 0 1197000 1219000 1205000 1193000 1497000 1499000 1204000 1496000 1998000 997000 0 0 0 0 0 0 -196 204 
7401000 5000 10000 3000 0 -762 -1218 -28441 999 -10 -6 0 1197000 1219000 1207000 1191000 1496000 1498000 1204000 1497000 1998000 997000 0 0 0 0 0 0 -196 204 
7501000 5000 10000 3000 0 -830 -1224 -28424 999 -10 -7 0 1197000 1213000 1201000 1203000 1497000 1499000 1204000 1497000 1999000 997000 0 0 0 0 0 0 -196 204 
7601000 5000 10000 3000 0 -697 -1151 -28430 999 -10 -6 0 1202000 1204000 1202000 1206000 1497000 1499000 1205000 1497000 1998000 997000 0 0 0 0 0 0 -196 204 
7744000 5000 143000 4000 0 -697 -1151 -28430 999 -10 -6 0 1203000 1202000 1205000 1204000 1497000 1499000 1204000 1498000 1998000 997000 0 0 0 0 0 0 -196 204 
7801000 5000 10000 4000 0 -595 -965 -28418 999 -8 -5 0 1197000 1224000 1205000 1187000 1497000 1499000 1204000 1497000 1999000 998000 0 0 0 0 0 0 -196 204 
7901000 5000 10000 4000 0 -649 -1099 -28427 999 -9 -5 0 1202000 1223000 1201000 1188000 1497000 1499000 1205000 1497000 1998000 997000 0 0 0 0 0 0 -196 204 
8001000 5000 10000 4000 0 -786 -1331 -28434 999 -11 -6 0 1201000 1220000 1197000 1196000 1497000 1499000 1204000 1497000 1998000 997000 0 0 0 0 0 0 -196 204 
8101000 5000 10000 4000 0 -876 -1426 -28421 999 -12 -7 0 1197000 1210000 1199000 1208000 1497000 1499000 1204000 1497000 1999000 998000 0 0 0 0 0 0 -196 204 
8201000 5000 10000 4000 0 -537 -1194 -28429 999 -10 -4 0 1200000 1195000 1209000 1210000 1496000 1498000 1204000 1497000 1998000 997000 0 0 0 0 0 0 -196 204 
8301000 5000 10000 4000 0 -230 -980 -28428 999 -8 -2 0 1198000 1205000 1207000 1203000 1496000 1499000 1204000 1497000 1999000 997000 0 0 0 0 0 0 -196 204 
8401000 5000 10000 4000 0 -241 -1034 -28408 999 -9 -2 0 1196000 1217000 1206000 1195000 1497000 1499000 1204000 1496000 1998000 998000 0 0 0 0 0 0 -196 204 
8501000 5000 10000 4000 0 -358 -1189 -28421 999 -10 -3 0 1195000 1216000 1211000 1192000 1496000 1498000 1204000 1497000 1998000 997000 0 0 0 0 0 0 -196 204 
8601000 5000 10000 4000 0 -542 -1396 -28430 999 -12 -4 0 1206000 1213000 1200000 1194000 1496000 1499000 1204000 1497000 1999000 997000 0 0 0 0 0 0 -196 204 
8701000 5000 10000 4000 0 -422 -1329 -28410 999 -11 -3 0 1199000 1206000 1206000 1203000 1497000 1499000 1204000 1496000 1998000 997000 0 0 0 0 0 0 -196 204 
8801000 5000 10000 4000 0 -266 -1132 -28429 999 -9 -2 0 1206000 1214000 1198000 1196000 1496000 1499000 1204000 1497000 1998000 997000 0 0 0 0 0 0 -196 204 
8901000 5000 10000 4000 0 -144 -1020 -28448 999 -8 -1 0 1203000 1198000 1218000 1195000 1497000 1498000 1204000 1497000 1999000 997000 0 0 0 0 0 0 -196 204 
9001000 5000 10000 4000 0 119 -594 -28421 999 -5 1 0 1214000 1208000 1203000 1190000 1497000 1499000 1205000 1497000 1998000 997000 0 0 0 0 0 0 -196 204 
9101000 5000 10000 4000 0 343 -418 -28425 999 -3 2 0 1197000 1204000 1221000 1196000 1496000 1499000 1204000 1497000 1998000 997000 0 0 0 0 0 0 -195 205 
9201000 5000 10000 4000 0 84 -664 -28433 999 -5 0 0 1194000 1225000 1198000 1197000 1497000 1499000 1204000 1497000 1999000 998000 0 0 0 0 0 0 -196 204 
9301000 5000 10000 4000 0 -231 -1043 -28427 999 -9 -2 0 1185000 1213000 1210000 1206000 1496000 1499000 1205000 1497000 1998000 997000 0 0 0 0 0 0 -196 204 
9401000 5000 10000 4000 0 -393 -1152 -28409 999 -10 -3 0 1201000 1215000 1194000 1207000 1496000 1499000 1204000 1497000 1999000 997000 0 0 0 0 0 0 -195 205 
9501000 5000 10000 4000 0 -402 -1114 -28417 999 -9 -3 0 1200000 1203000 1205000 1206000 1497000 1499000 1204000 1497000 1999000 998000 0 0 0 0 0 0 -196 204 
9601000 5000 10000 4000 0 -258 -956 -28409 999 -8 -2 0 1210000 1207000 1200000 1197000 1496000 1499000 1204000 1496000 1998000 997000 0 0 0 0 0 0 -196 204 
9701000 5000 10000 4000 0 145 -575 -28411 999 -5 1 0 1217000 1204000 1196000 1197000 1496000 1499000 1204000 1497000 1999000 997000 0 0 0 0 0 0 -196 204 
9801000 5000 10000 4000 0 284 -432 -28417 999 -3 2 0 1207000 1212000 1200000 1194000 1497000 1499000 1204000 1495000 1998000 998000 0 0 0 0 0 0 -196 204 
9901000 5000 10000 4000 0 102 -554 -28418 999 -4 0 0 1195000 1218000 1201000 1199000 1496000 1499000 1204000 1496000 1998000 997000 0 0 0 0 0 0 -196 204 
10001000 5000 10000 4000 0 -333 -958 -28408 999 -8 -2 0 1189000 1223000 1202000 1200000 1497000 1499000 1204000 1496000 1999000 997000 0 0 0 0 0 0 -196 204 
10101000 5000 10000 4000 0 -616 -1213 -28416 999 -10 -5 0 1196000 1222000 1201000 1199000 1497000 1499000 1205000 1496000 1998000 997000 0 0 0 0 0 0 -195 205 
10201000 5000 10000 4000 0 -698 -1463 -28412 999 -12 -6 0 1198000 1212000 1205000 1203000 1496000 1499000 1204000 1496000 1998000 997000 0 0 0 0 0 0 -195 205 
10301000 5000 10000 4000 0 -457 -1296 -28407 999 -11 -3 0 1205000 1209000 1196000 1204000 1497000 1499000 1204000 1496000 1999000 998000 0 0 0 0 0 0 -196 204 
10401000 5000 10000 4000 0 -251 -1044 -28432 999 -9 -2 0 1208000 1195000 1212000 1203000 1497000 1499000 1205000 1496000 1998000 997000 0 0 0 0 0 0 -195 205 
10501000 5000 10000 4000 0 71 -696 -28422 999 -6 0 0 1217000 1208000 1199000 1194000 1496000 1499000 1204000 1496000 1998000 997000 0 0 0 0 0 0 -195 205 
10601000 5000 10000 4000 0 446 -305 -28414 999 -2 3 0 1212000 1198000 1205000 1199000 1497000 1499000 1204000 1496000 1999000 998000 0 0 0 0 0 0 -196 204 
10701000 5000 10000 4000 0 446 -252 -28411 999 -2 3 0 1195000 1205000 1217000 1197000 1496000 1499000 1204000 1496000 1998000 997000 0 0 0 0 0 0 -196 204 
10801000 5000 10000 4000 0 -60 -642 -28410 999 -5 0 0 1185000 1223000 1205000 1201000 1497000 1499000 1204000 1496000 1999000 997000 0 0 0 0 0 0 -196 204 
10901000 5000 10000 4000 0 -696 -1208 -28395 999 -10 -6 0 1189000 1221000 1205000 1199000 1497000 1499000 1204000 1495000 1998000 998000 0 0 0 0 0 0 -196 204 
11001000 5000 10000 4000 0 -983 -1495 -28404 999 -13 -8 0 1200000 1216000 1197000 1201000 1496000 1498000 1204000 1496000 1998000 997000 0 0 0 0 0 0 -196 204 
11101000 5000 10000 4000 0 -852 -1360 -28403 999 -11 -7 0 1200000 1201000 1209000 1204000 1497000 1499000 1204000 1496000 1999000 997000 0 0 0 0 0 0 -196 204 
11201000 5000 10000 4000 0 -473 -934 -28396 999 -8 -4 0 1214000 1197000 1199000 1203000 1497000 1499000 1205000 1496000 1998000 997000 0 0 0 0 0 0 -196 204 
11301000 5000 10000 4000 0 -62 -517 -28410 999 -4 0 0 1218000 1208000 1195000 1194000 1496000 1499000 1204000 1496000 1998000 997000 0 0 0 0 0 0 -196 204 
11401000 5000 10000 4000 0 22 -500 -28398 999 -4 0 0 1197000 1214000 1211000 1193000 1497000 1499000 1204000 1496000 1999000 998000 0 0 0 0 0 0 -196 204 
11501000 5000 10000 4000 0 -347 -739 -28398 999 -6 -3 0 1196000 1238000 1190000 1190000 1497000 1499000 1205000 1496000 1998000 997000 0 0 0 0 0 0 -196 204 
11601000 5000 10000 4000 0 -820 -1165 -28424 999 -10 -7 0 1191000 1212000 1208000 1203000 1496000 1499000 1204000 1496000 1998000 997000 0 0 0 0 0 0 -196 204 
11701000 5000 10000 4000 0 -834 -1139 -28406 999 -9 -7 0 1203000 1205000 1192000 1213000 1497000 1499000 1204000 1496000 1999000 998000 0 0 0 0 0 0 -196 204 
11801000 5000 10000 4000 0 -468 -829 -28400 999 -7 -4 0 1203000 1187000 1209000 1215000 1496000 1499000 1204000 1496000 1998000 997000 0 0 0 0 0 0 -196 204 
11901000 5000 10000 4000 0 -20 -469 -28403 999 -4 0 0 1212000 1192000 1218000 1191000 1496000 1499000 1204000 1496000 1999000 997000 0 0 0 0 0 0 -196 204 
12001000 5000 10000 4000 0 210 -424 -28408 999 -3 1 0 1203000 1216000 1204000 1191000 1497000 1499000 1204000 1495000 1998000 998000 0 0 0 0 0 0 -196 204 
12101000 5000 10000 4000 0 36 -671 -28411 999 -5 0 0 1180000 1201000 1230000 1203000 1496000 1499000 1204000 1496000 1998000 997000 0 0 0 0 0 0 -196 204 
12201000 5000 10000 4000 0 -241 -883 -28408 999 -7 -2 0 1190000 1219000 1202000 1203000 1497000 1499000 1204000 1496000 1999000 997000 0 0 0 0 0 0 -196 204 
12301000 5000 10000 4000 0 -371 -999 -28384 999 -8 -3 0 1198000 1211000 1197000 1208000 1497000 1499000 1205000 1496000 1998000 997000 0 0 0 0 0 0 -196 204 
12401000 5000 10000 4000 0 -297 -912 -28370 999 -7 -2 0 1215000 1217000 1192000 1194000 1496000 1500000 1204000 1496000 1998000 997000 0 0 0 0 0 0 -195 205 
12501000 5000 10000 4000 0 -120 -723 -28409 999 -6 -1 0 1225000 1222000 1180000 1187000 1497000 1499000 1204000 1496000 1999000 998000 0 0 0 0 0 0 -196 204 
12601000 5000 10000 4000 0 130 -628 -28415 999 -5 1 0 1202000 1203000 1208000 1201000 1496000 1499000 1204000 1496000 1998000 997000 0 0 0 0 0 0 -196 204 
12701000 5000 10000 4000 0 233 -647 -28397 999 -5 2 0 1195000 1209000 1208000 1203000 1497000 1499000 1204000 1496000 1999000 997000 0 0 0 0 0 0 -196 204 
12801000 5000 10000 4000 0 274 -702 -28406 999 -6 2 0 1198000 1219000 1198000 1199000 1497000 1499000 1204000 1495000 1998000 998000 0 0 0 0 0 0 -196 204 
12901000 5000 10000 4000 0 62 -766 -28398 999 -6 0 0 1201000 1200000 1212000 1202000 1496000 1498000 1204000 1496000 1998000 997000 0 0 0 0 0 0 -196 204 
13001000 5000 10000 4000 0 270 -612 -28380 999 -5 2 0 1214000 1207000 1201000 1192000 1497000 1499000 1204000 1496000 1999000 997000 0 0 0 0 0 0 -196 204 
13101000 5000 10000 4000 0 272 -464 -28395 999 -4 2 0 1199000 1205000 1215000 1199000 1497000 1499000 1205000 1496000 1998000 997000 0 0 0 0 0 0 -195 205 
13201000 5000 10000 4000 0 15 -770 -28397 999 -6 0 0 1198000 1223000 1199000 1197000 1496000 1498000 1204000 1496000 1998000 997000 0 0 0 0 0 0 -195 205 
13301000 5000 10000 4000 0 -196 -1027 -28383 999 -8 -1 0 1194000 1204000 1207000 1208000 1497000 1499000 1204000 1496000 1999000 998000 0 0 0 0 0 0 -196 204 
13401000 5000 10000 4000 0 -90 -987 -28382 999 -8 0 0 1209000 1201000 1199000 1209000 1496000 1499000 1205000 1496000 1998000 997000 0 0 0 0 0 0 -195 205 
13501000 5000 10000 4000 0 184 -738 -28387 999 -6 1 0 1207000 1202000 1207000 1203000 1497000 1499000 1204000 1496000 1999000 997000 0 0 0 0 0 0 -195 205 
13601000 5000 10000 4000 0 395 -586 -28381 999 -5 3 0 1199000 1216000 1203000 1196000 1497000 1499000 1204000 1495000 1999000 998000 0 0 0 0 0 0 -196 204 
13701000 5000 10000 4000 0 194 -673 -28390 999 -5 1 0 1189000 1220000 1210000 1195000 1496000 1498000 1204000 1496000 1998000 997000 0 0 0 0 0 0 -196 204 
13801000 5000 10000 4000 0 -248 -1003 -28380 999 -8 -2 0 1190000 1226000 1214000 1184000 1497000 1499000 1204000 1496000 1999000 997000 0 0 0 0 0 0 -196 204 
13901000 5000 10000 4000 0 -549 -1239 -28360 999 -10 -4 0 1200000 1216000 1204000 1193000 1497000 1498000 1205000 1495000 1998000 997000 0 0 0 0 0 0 -196 204 
14001000 5000 10000 4000 0 -426 -1207 -28373 999 -10 -3 0 1204000 1208000 1197000 1205000 1497000 1498000 1204000 1496000 1998000 997000 0 0 0 0 0 0 -196 204 
14101000 5000 10000 4000 0 -268 -1129 -28380 999 -9 -2 0 1204000 1203000 1196000 1211000 1497000 1499000 1204000 1496000 1999000 998000 0 0 0 0 0 0 -196 204 
14201000 5000 10000 4000 0 96 -917 -28370 999 -8 0 0 1206000 1197000 1206000 1206000 1497000 1498000 1205000 1496000 1998000 997000 0 0 0 0 0 0 -196 204 
14301000 5000 10000 4000 0 298 -626 -28379 999 -5 2 0 1211000 1210000 1199000 1194000 1497000 1499000 1204000 1496000 1999000 997000 0 0 0 0 0 0 -196 204 
14401000 5000 10000 4000 0 43 -725 -28379 999 -6 0 0 1189000 1213000 1216000 1197000 1497000 1499000 1204000 1495000 1999000 998000 0 0 0 0 0 0 -196 204 
14501000 5000 10000 4000 0 -340 -1094 -28366 999 -9 -2 0 1192000 1229000 1198000 1195000 1496000 1498000 1204000 1496000 1998000 997000 0 0 0 0 0 0 -196 204 
14601000 5000 10000 4000 0 -594 -1344 -28373 999 -11 -5 0 1186000 1205000 1214000 1209000 1496000 1499000 1204000 1496000 1999000 997000 0 0 0 0 0 0 -196 204 
14701000 5000 10000 4000 0 -630 -1361 -28374 999 -11 -5 0 1209000 1219000 1199000 1188000 1498000 1498000 1205000 1495000 1999000 997000 0 0 0 0 0 0 -196 204 
14801000 5000 10000 4000 0 -474 -1106 -28364 999 -9 -4 0 1211000 1209000 1207000 1191000 1497000 1498000 1204000 1496000 1998000 997000 0 0 0 0 0 0 -195 205 
14901000 5000 10000 4000 0 -191 -785 -28373 999 -6 -1 0 1202000 1197000 1211000 1204000 1497000 1499000 1204000 1496000 1999000 998000 0 0 0 0 0 0 -196 204 
15001000 5000 10000 4000 0 27 -661 -28373 999 -5 0 0 1201000 1214000 1196000 1204000 1496000 1499000 1205000 1496000 1998000 997000 0 0 0 0 0 0 -196 204 
15101000 5000 10000 4000 0 -35 -798 -28372 999 -6 0 0 1195000 1200000 1218000 1205000 1496000 1499000 1204000 1496000 1998000 997000 0 0 0 0 0 0 -195 205 
15201000 5000 10000 4000 0 -39 -745 -28365 999 -6 0 0 1208000 1213000 1200000 1193000 1497000 1499000 1204000 1495000 1999000 998000 0 0 0 0 0 0 -196 204 
15301000 5000 10000 4000 0 -102 -745 -28378 999 -6 0 0 1195000 1208000 1213000 1197000 1496000 1498000 1204000 1496000 1998000 997000 0 0 0 0 0 0 -196 204 
15401000 5000 10000 4000 0 -102 -816 -28351 999 -7 0 0 1205000 1214000 1198000 1198000 1497000 1499000 1204000 1496000 1999000 997000 0 0 0 0 0 0 -196 204 
15501000 5000 10000 4000 0 -104 -931 -28346 999 -8 0 0 1201000 1214000 1198000 1201000 1497000 1499000 1205000 1495000 1998000 997000 0 0 0 0 0 0 -196 204 
15601000 5000 10000 4000 0 -222 -1007 -28354 999 -8 -1 0 1206000 1215000 1198000 1195000 1496000 1499000 1204000 1496000 1998000 997000 0 0 0 0 0 0 -196 204 
15701000 5000 10000 4000 0 -87 -878 -28353 999 -7 0 0 1205000 1208000 1200000 1200000 1497000 1499000 1204000 1496000 1999000 998000 0 0 0 0 0 0 -196 204 
15801000 5000 10000 4000 0 235 -586 -28355 999 -5 2 0 1202000 1194000 1215000 1207000 1496000 1499000 1205000 1496000 1998000 997000 0 0 0 0 0 0 -195 205 
15901000 5000 10000 4000 0 306 -525 -28351 999 -4 2 0 1199000 1213000 1201000 1205000 1497000 1499000 1204000 1496000 1999000 997000 0 0 0 0 0 0 -195 205 
16001000 5000 10000 4000 0 109 -690 -28339 999 -6 0 0 1190000 1213000 1210000 1201000 1497000 1499000 1204000 1495000 1998000 998000 0 0 0 0 0 0 -196 204 
16101000 5000 10000 4000 0 -62 -800 -28329 999 -6 0 0 1207000 1217000 1198000 1192000 1496000 1498000 1204000 1496000 1998000 997000 0 0 0 0 0 0 -196 204 
16201000 5000 10000 4000 0 -78 -775 -28341 999 -6 0 0 1213000 1204000 1202000 1195000 1497000 1499000 1204000 1496000 2000000 997000 0 0 0 0 0 0 -196 204 
16301000 5000 10000 4000 0 258 -486 -28338 999 -4 2 0 1216000 1194000 1210000 1194000 1497000 1499000 1205000 1496000 1998000 997000 0 0 0 0 0 0 -196 204 
16401000 5000 10000 4000 0 547 -256 -28335 999 -2 4 0 1217000 1216000 1186000 1194000 1496000 1499000 1204000 1496000 1998000 997000 0 0 0 0 0 0 -196 204 
16501000 5000 10000 5000 0 241 -483 -28356 999 -4 2 0 1196000 1218000 1203000 1198000 1497000 1499000 1204000 1496000 1999000 998000 0 0 0 0 0 0 -196 204 
16601000 5000 10000 5000 0 -146 -791 -28352 999 -6 -1 0 1190000 1220000 1199000 1206000 1496000 1498000 1204000 1496000 2000000 997000 0 0 0 0 0 0 -196 204 
16701000 5000 10000 5000 0 -430 -1082 -28345 999 -9 -3 0 1190000 1207000 1202000 1215000 1497000 1499000 1204000 1496000 1999000 997000 0 0 0 0 0 0 -196 204 
16801000 5000 10000 5000 0 -386 -1072 -28347 999 -9 -3 0 1205000 1204000 1197000 1208000 1497000 1499000 1204000 1495000 1998000 998000 0 0 0 0 0 0 -196 204 
16901000 5000 10000 5000 0 -160 -753 -28346 999 -6 -1 0 1208000 1194000 1216000 1197000 1497000 1498000 1204000 1496000 1998000 997000 0 0 0 0 0 0 -196 204 
17001000 5000 10000 5000 0 358 -313 -28333 999 -2 3 0 1219000 1197000 1208000 1190000 1497000 1499000 1204000 1496000 1999000 997000 0 0 0 0 0 0 -196 204 
17101000 5000 10000 5000 0 630 -152 -28344 999 -1 5 0 1202000 1210000 1210000 1192000 1497000 1499000 1205000 1496000 1998000 997000 0 0 0 0 0 0 -196 204 
17201000 5000 10000 5000 0 358 -460 -28328 999 -4 3 0 1190000 1225000 1206000 1197000 1497000 1499000 1204000 1496000 1998000 997000 0 0 0 0 0 0 -195 205 
17301000 5000 10000 5000 0 -96 -811 -28325 999 -7 0 0 1191000 1232000 1202000 1190000 1497000 1499000 1204000 1495000 1999000 998000 0 0 0 0 0 0 -196 204 
17401000 5000 10000 5000 0 -426 -1222 -28333 999 -10 -3 0 1208000 1224000 1196000 1185000 1497000 1498000 1204000 1496000 1998000 997000 0 0 0 0 0 0 -196 204 
17501000 5000 10000 5000 0 -447 -1071 -28335 999 -9 -3 0 1217000 1207000 1193000 1198000 1497000 1499000 1204000 1496000 1999000 997000 0 0 0 0 0 0 -196 204 
17601000 5000 10000 5000 0 150 -620 -28331 999 -5 1 0 1218000 1188000 1210000 1198000 1497000 1498000 1205000 1495000 1998000 997000 0 0 0 0 0 0 -196 204 
17701000 5000 10000 5000 0 467 -280 -28337 999 -2 4 0 1212000 1215000 1193000 1194000 1497000 1498000 1204000 1496000 1998000 997000 0 0 0 0 0 0 -196 204 
17801000 5000 10000 5000 0 261 -568 -28344 999 -4 2 0 1186000 1207000 1211000 1210000 1497000 1499000 1204000 1496000 1999000 998000 0 0 0 0 0 0 -196 204 
17901000 5000 10000 5000 0 -138 -899 -28330 999 -7 -1 0 1186000 1225000 1200000 1206000 1496000 1499000 1204000 1496000 1998000 997000 0 0 0 0 0 0 -195 205 
18001000 5000 10000 5000 0 -612 -1278 -28339 999 -11 -5 0 1186000 1219000 1206000 1207000 1497000 1499000 1204000 1496000 1999000 997000 0 0 0 0 0 0 -195 205 
18101000 5000 10000 5000 0 -719 -1478 -28314 999 -12 -6 0 1197000 1199000 1212000 1206000 1497000 1499000 1204000 1495000 1998000 998000 0 0 0 0 0 0 -196 204 
18201000 5000 10000 5000 0 -432 -1107 -28302 999 -9 -3 0 1210000 1198000 1203000 1203000 1497000 1498000 1204000 1496000 1998000 997000 0 0 0 0 0 0 -196 204 
18301000 5000 10000 5000 0 4 -630 -28331 999 -5 0 0 1207000 1188000 1220000 1199000 1497000 1499000 1204000 1496000 1999000 997000 0 0 0 0 0 0 -196 204 
18401000 5000 10000 5000 0 216 -453 -28322 999 -3 1 0 1199000 1213000 1205000 1196000 1497000 1499000 1205000 1496000 1998000 997000 0 0 0 0 0 0 -196 204 
18501000 5000 10000 5000 0 32 -628 -28310 999 -5 0 0 1190000 1224000 1204000 1196000 1496000 1499000 1204000 1496000 1998000 997000 0 0 0 0 0 0 -196 204 
18601000 5000 10000 5000 0 -264 -923 -28322 999 -8 -2 0 1196000 1223000 1201000 1194000 1497000 1499000 1204000 1496000 1999000 998000 0 0 0 0 0 0 -196 204 
18701000 5000 10000 5000 0 -423 -1035 -28319 999 -9 -3 0 1211000 1221000 1190000 1192000 1496000 1499000 1204000 1496000 1998000 997000 0 0 0 0 0 0 -196 204 
18801000 5000 10000 5000 0 -238 -919 -28311 999 -8 -2 0 1212000 1200000 1202000 1200000 1497000 1499000 1204000 1496000 1999000 997000 0 0 0 0 0 0 -196 204 
18901000 5000 10000 5000 0 -18 -698 -28320 999 -6 0 0 1217000 1215000 1189000 1193000 1497000 1499000 1205000 1495000 1998000 997000 0 0 0 0 0 0 -196 204 
19001000 5000 10000 5000 0 33 -668 -28330 999 -5 0 0 1194000 1210000 1211000 1203000 1497000 1498000 1204000 1496000 1998000 997000 0 0 0 0 0 0 -195 205 
19101000 5000 10000 5000 0 -182 -856 -28303 999 -7 -1 0 1183000 1222000 1200000 1209000 1497000 1499000 1204000 1496000 1999000 998000 0 0 0 0 0 0 -196 204 
19201000 5000 10000 5000 0 -574 -1208 -28314 999 -10 -5 0 1191000 1216000 1201000 1206000 1496000 1499000 1204000 1496000 1998000 997000 0 0 0 0 0 0 -196 204 
19301000 5000 10000 5000 0 -787 -1406 -28314 999 -12 -6 0 1193000 1208000 1206000 1207000 1497000 1499000 1204000 1496000 1999000 997000 0 0 0 0 0 0 -196 204 
19401000 5000 10000 5000 0 -783 -1377 -28296 999 -12 -6 0 1205000 1212000 1197000 1200000 1497000 1499000 1204000 1495000 1998000 997000 0 0 0 0 0 0 -196 204 
19501000 5000 10000 5000 0 -505 -1095 -28309 999 -9 -4 0 1212000 1205000 1201000 1196000 1496000 1498000 1204000 1496000 1998000 997000 0 0 0 0 0 0 -196 204 
19601000 5000 10000 5000 0 -158 -728 -28315 999 -6 -1 0 1211000 1200000 1208000 1195000 1497000 1499000 1204000 1496000 1999000 997000 0 0 0 0 0 0 -196 204 
19701000 5000 10000 5000 0 46 -607 -28296 999 -5 0 0 1213000 1220000 1192000 1193000 1497000 1499000 1205000 1496000 1998000 997000 0 0 0 0 0 0 -195 205 
19801000 5000 10000 5000 0 -53 -686 -28315 999 -5 0 0 1198000 1214000 1212000 1195000 1497000 1499000 1204000 1496000 1998000 997000 0 0 0 0 0 0 -195 205 
19901000 5000 10000 5000 0 -411 -1188 -28305 999 -10 -3 0 1195000 1229000 1202000 1188000 1497000 1499000 1204000 1495000 1999000 998000 0 0 0 0 0 0 -196 204 
20001000 5000 10000 5000 0 -666 -1474 -28296 999 -12 -5 0 1200000 1229000 1191000 1194000 1497000 1498000 1204000 1496000 1998000 997000 0 0 0 0 0 0 -196 204 
20101000 5000 10000 5000 0 -707 -1434 -28312 999 -12 -6 0 1195000 1200000 1212000 1207000 1497000 1499000 1204000 1496000 1998000 997000 0 0 0 0 0 0 -196 204 
20201000 5000 10000 5000 0 -468 -1222 -28298 999 -10 -4 0 1203000 1198000 1199000 1214000 1497000 1498000 1205000 1496000 1998000 997000 0 0 0 0 0 0 -196 204 
20301000 5000 10000 5000 0 -146 -889 -28297 999 -7 -1 0 1204000 1188000 1211000 1211000 1497000 1499000 1204000 1496000 1998000 997000 0 0 0 0 0 0 -196 204 
20401000 5000 10000 5000 0 39 -628 -28298 999 -5 0 0 1203000 1199000 1210000 1202000 1497000 1498000 1204000 1496000 1999000 998000 0 0 0 0 0 0 -196 204 
20501000 5000 10000 5000 0 109 -656 -28296 999 -5 0 0 1201000 1218000 1204000 1191000 1497000 1498000 1204000 1496000 1998000 997000 0 0 0 0 0 0 -196 204 
20601000 5000 10000 5000 0 19 -776 -28290 999 -6 0 0 1191000 1211000 1218000 1194000 1497000 1499000 1204000 1496000 1999000 997000 0 0 0 0 0 0 -196 204 
20701000 5000 10000 5000 0 -225 -955 -28281 999 -8 -1 0 1198000 1228000 1198000 1190000 1497000 1498000 1204000 1495000 1998000 998000 0 0 0 0 0 0 -196 204 
20801000 5000 10000 5000 0 -467 -1127 -28288 999 -9 -4 0 1201000 1213000 1205000 1195000 1497000 1498000 1204000 1496000 1998000 997000 0 0 0 0 0 0 -196 204 
20901000 5000 10000 5000 0 -409 -986 -28277 999 -8 -3 0 1216000 1209000 1192000 1196000 1497000 1499000 1204000 1496000 1999000 998000 0 0 0 0 0 0 -196 204 
21001000 5000 10000 5000 0 -146 -792 -28285 999 -6 -1 0 1210000 1216000 1188000 1200000 1497000 1498000 1205000 1496000 1998000 997000 0 0 0 0 0 0 -196 204 
21101000 5000 10000 5000 0 -134 -845 -28292 999 -7 -1 0 1195000 1214000 1204000 1205000 1497000 1499000 1204000 1496000 1999000 997000 0 0 0 0 0 0 -195 205 
21201000 5000 10000 5000 0 -298 -928 -28285 999 -8 -2 0 1196000 1220000 1198000 1200000 1497000 1499000 1204000 1495000 1998000 998000 0 0 0 0 0 0 -196 204 
21301000 5000 10000 5000 0 -352 -924 -28294 999 -8 -3 0 1198000 1207000 1202000 1207000 1496000 1499000 1204000 1496000 1998000 997000 0 0 0 0 0 0 -196 204 
21401000 5000 10000 5000 0 -521 -1047 -28296 999 -9 -4 0 1185000 1204000 1213000 1212000 1497000 1499000 1204000 1496000 1999000 997000 0 0 0 0 0 0 -196 204 
21501000 5000 10000 5000 0 -758 -1237 -28277 999 -10 -6 0 1191000 1216000 1205000 1206000 1497000 1498000 1205000 1496000 1998000 997000 0 0 0 0 0 0 -195 205 
21601000 5000 10000 5000 0 -815 -1272 -28275 999 -11 -7 0 1201000 1217000 1203000 1197000 1497000 1499000 1204000 1496000 1998000 997000 0 0 0 0 0 0 -195 205 
21701000 5000 10000 5000 0 -823 -1251 -28282 999 -10 -7 0 1201000 1208000 1205000 1200000 1497000 1498000 1204000 1495000 1999000 998000 0 0 0 0 0 0 -196 204 
21801000 5000 10000 5000 0 -554 -1098 -28272 999 -9 -4 0 1211000 1209000 1193000 1201000 1497000 1498000 1204000 1496000 1998000 997000 0 0 0 0 0 0 -196 204 
21901000 5000 10000 5000 0 -224 -776 -28288 999 -6 -1 0 1208000 1207000 1198000 1201000 1497000 1499000 1204000 1496000 1999000 997000 0 0 0 0 0 0 -196 204 
22001000 5000 10000 5000 0 -239 -755 -28290 999 -6 -2 0 1195000 1207000 1208000 1204000 1498000 1498000 1205000 1496000 1998000 997000 0 0 0 0 0 0 -196 204 
22101000 5000 10000 5000 0 -423 -923 -28272 999 -8 -3 0 1201000 1232000 1187000 1194000 1497000 1499000 1204000 1496000 1998000 997000 0 0 0 0 0 0 -196 204 
22201000 5000 10000 5000 0 -570 -979 -28292 999 -8 -4 0 1190000 1205000 1213000 1207000 1497000 1499000 1204000 1496000 1999000 998000 0 0 0 0 0 0 -196 204 
22301000 5000 10000 5000 0 -565 -999 -28289 999 -8 -4 0 1194000 1201000 1211000 1208000 1497000 1498000 1204000 1496000 1998000 997000 0 0 0 0 0 0 -196 204 
22401000 5000 10000 5000 0 -471 -925 -28267 999 -8 -4 0 1204000 1216000 1195000 1199000 1497000 1499000 1204000 1496000 1999000 997000 0 0 0 0 0 0 -196 204 
22501000 5000 10000 5000 0 -303 -729 -28276 999 -6 -2 0 1210000 1203000 1201000 1200000 1497000 1498000 1205000 1496000 1998000 997000 0 0 0 0 0 0 -196 204 
22601000 5000 10000 5000 0 -142 -656 -28265 999 -5 -1 0 1206000 1211000 1205000 1196000 1497000 1498000 1204000 1496000 1998000 997000 0 0 0 0 0 0 -195 205 
22701000 5000 10000 5000 0 -238 -653 -28253 999 -5 -2 0 1201000 1225000 1193000 1194000 1497000 1499000 1204000 1496000 1999000 998000 0 0 0 0 0 0 -196 204 
22801000 5000 10000 5000 0 -428 -871 -28271 999 -7 -3 0 1193000 1218000 1202000 1201000 1496000 1498000 1204000 1496000 1998000 997000 0 0 0 0 0 0 -196 204 
22901000 5000 10000 5000 0 -656 -1160 -28275 999 -10 -5 0 1198000 1219000 1199000 1198000 1497000 1499000 1204000 1496000 1999000 997000 0 0 0 0 0 0 -196 204 
23001000 5000 10000 5000 0 -638 -1236 -28255 999 -10 -5 0 1207000 1210000 1200000 1196000 1497000 1499000 1204000 1495000 1998000 997000 0 0 0 0 0 0 -196 204 
23101000 5000 10000 5000 0 -330 -948 -28255 999 -8 -2 0 1207000 1192000 1206000 1208000 1496000 1498000 1204000 1496000 1999000 997000 0 0 0 0 0 0 -196 204 
23201000 5000 10000 5000 0 -48 -655 -28272 999 -5 0 0 1205000 1196000 1207000 1206000 1497000 1499000 1204000 1496000 1999000 998000 0 0 0 0 0 0 -196 204 
23301000 5000 10000 5000 0 142 -574 -28256 999 -5 1 0 1200000 1203000 1212000 1203000 1497000 1498000 1204000 1496000 1998000 997000 0 0 0 0 0 0 -195 205 
23401000 5000 10000 5000 0 -51 -640 -28250 999 -5 0 0 1191000 1218000 1206000 1203000 1497000 1499000 1204000 1496000 2000000 997000 0 0 0 0 0 0 -195 205 
23501000 5000 10000 5000 0 -548 -1038 -28258 999 -9 -4 0 1183000 1219000 1212000 1201000 1498000 1498000 1204000 1495000 1999000 998000 0 0 0 0 0 0 -196 204 
23601000 5000 10000 5000 0 -879 -1443 -28242 999 -12 -7 0 1199000 1237000 1192000 1186000 1497000 1498000 1204000 1496000 2001000 997000 0 0 0 0 0 0 -196 204 
23701000 5000 10000 5000 0 -909 -1423 -28256 999 -12 -7 0 1203000 1210000 1199000 1202000 1497000 1498000 1204000 1496000 1999000 998000 0 0 0 0 0 0 -196 204 
23801000 5000 10000 5000 0 -682 -1203 -28263 999 -10 -5 0 1213000 1208000 1197000 1196000 1497000 1498000 1204000 1496000 2001000 997000 0 0 0 0 0 0 -196 204 
23901000 5000 10000 5000 0 -456 -826 -28263 999 -7 -3 0 1211000 1209000 1200000 1194000 1497000 1499000 1204000 1496000 2000000 997000 0 0 0 0 0 0 -196 204 
24001000 5000 10000 5000 0 -278 -628 -28268 999 -5 -2 0 1196000 1201000 1211000 1207000 1497000 1499000 1204000 1495000 1998000 998000 0 0 0 0 0 0 -196 204 
24101000 5000 10000 5000 0 -341 -656 -28265 999 -5 -2 0 1199000 1207000 1196000 1212000 1497000 1498000 1204000 1496000 2000000 997000 0 0 0 0 0 0 -196 204 
24201000 5000 10000 5000 0 -280 -680 -28258 999 -5 -2 0 1190000 1196000 1212000 1215000 1498000 1498000 1204000 1496000 2001000 997000 0 0 0 0 0 0 -196 204 
24301000 5000 10000 5000 0 -278 -690 -28248 999 -6 -2 0 1198000 1208000 1203000 1206000 1497000 1498000 1205000 1496000 1998000 997000 0 0 0 0 0 0 -196 204 
24401000 5000 10000 5000 0 -277 -745 -28247 999 -6 -2 0 1197000 1217000 1206000 1198000 1497000 1498000 1204000 1496000 1999000 997000 0 0 0 0 0 0 -195 205 
24501000 5000 10000 5000 0 -459 -850 -28244 999 -7 -4 0 1201000 1215000 1203000 1195000 1497000 1498000 1204000 1495000 1998000 997000 0 0 0 0 0 0 -196 204 
24601000 5000 10000 5000 0 -301 -755 -28245 999 -6 -2 0 1216000 1214000 1192000 1192000 1496000 1499000 1204000 1496000 1998000 995000 0 0 0 0 0 0 -196 204 
24701000 5000 10000 5000 0 -166 -590 -28255 999 -5 -1 0 1209000 1201000 1205000 1198000 1497000 1499000 1204000 1496000 1999000 997000 0 0 0 0 0 0 -196 204 
24801000 5000 10000 5000 0 -82 -415 -28234 999 -3 0 0 1208000 1213000 1198000 1199000 1496000 1498000 1205000 1496000 1998000 996000 0 0 0 0 0 0 -195 205 
24901000 5000 10000 5000 0 -218 -437 -28246 999 -3 -1 0 1195000 1216000 1204000 1204000 1497000 1499000 1204000 1496000 2001000 998000 0 0 0 0 0 0 -195 205 
25001000 5000 10000 5000 0 -564 -789 -28261 999 -6 -4 0 1183000 1221000 1199000 1211000 1497000 1499000 1204000 1495000 1999000 996000 0 0 0 0 0 0 -196 204 
25101000 5000 10000 5000 0 -948 -1177 -28237 999 -10 -8 0 1187000 1222000 1194000 1211000 1496000 1498000 1204000 1496000 1998000 998000 0 0 0 0 0 0 -196 204 
25201000 5000 10000 5000 0 -842 -1178 -28220 999 -10 -7 0 1203000 1200000 1210000 1201000 1497000 1499000 1204000 1496000 1999000 996000 0 0 0 0 0 0 -196 204 
25301000 5000 10000 5000 0 -398 -737 -28235 999 -6 -3 0 1230000 1201000 1189000 1195000 1497000 1498000 1205000 1496000 1999000 994000 0 0 0 0 0 0 -196 204 
25401000 5000 10000 5000 0 74 -299 -28243 999 -2 0 0 1220000 1199000 1203000 1192000 1497000 1499000 1204000 1496000 2000000 998000 0 0 0 0 0 0 -196 204 
25501000 5000 10000 5000 0 139 -308 -28238 999 -2 1 0 1201000 1218000 1201000 1194000 1497000 1499000 1204000 1495000 1998000 997000 0 0 0 0 0 0 -196 204 
25601000 5000 10000 5000 0 -268 -743 -28233 999 -6 -2 0 1191000 1238000 1189000 1196000 1496000 1498000 1204000 1496000 1998000 998000 0 0 0 0 0 0 -196 204 
25701000 5000 10000 5000 0 -930 -1418 -28226 999 -12 -8 0 1177000 1223000 1211000 1203000 1497000 1499000 1205000 1496000 1998000 998000 0 0 0 0 0 0 -196 204 
25801000 5000 10000 5000 0 -1151 -1591 -28222 999 -13 -10 0 1195000 1213000 1198000 1207000 1497000 1499000 1206000 1496000 1998000 997000 0 0 0 0 0 0 -196 204 
25901000 5000 10000 5000 0 -855 -1293 -28248 999 -11 -7 0 1210000 1193000 1204000 1214000 1496000 1499000 1205000 1496000 2001000 998000 0 0 0 0 0 0 -194 206 
26001000 5000 10000 5000 0 -274 -748 -28229 999 -6 -2 0 1223000 1192000 1204000 1199000 1497000 1499000 1205000 1495000 1998000 998000 0 0 0 0 0 0 -195 205 
26101000 5000 10000 5000 0 193 -323 -28220 999 -2 1 0 1216000 1213000 1194000 1195000 1496000 1498000 1205000 1496000 1998000 997000 0 0 0 0 0 0 -195 205 
26201000 5000 10000 5000 0 202 -401 -28227 999 -3 1 0 1194000 1217000 1208000 1199000 1497000 1499000 1205000 1496000 1999000 998000 0 0 0 0 0 0 -195 205 
26301000 5000 10000 5000 0 -164 -819 -28222 999 -7 -1 0 1199000 1236000 1192000 1195000 1496000 1499000 1206000 1496000 2000000 997000 0 0 0 0 0 0 -194 206 
26401000 5000 10000 5000 0 -471 -1092 -28218 999 -9 -4 0 1197000 1225000 1203000 1197000 1496000 1499000 1205000 1496000 1999000 998000 0 0 0 0 0 0 -194 206 
26501000 5000 10000 5000 0 -581 -1245 -28222 999 -10 -5 0 1212000 1215000 1201000 1189000 1497000 1499000 1205000 1495000 1998000 997000 0 0 0 0 0 0 -195 205 
26601000 5000 10000 5000 0 -394 -1017 -28219 999 -8 -3 0 1217000 1204000 1200000 1198000 1496000 1498000 1205000 1496000 1998000 998000 0 0 0 0 0 0 -195 205 
26701000 5000 10000 5000 0 -117 -738 -28226 999 -6 -1 0 1199000 1189000 1214000 1216000 1497000 1499000 1205000 1496000 1999000 998000 0 0 0 0 0 0 -195 205 
26801000 5000 10000 5000 0 8 -550 -28228 999 -4 0 0 1200000 1209000 1202000 1208000 1496000 1498000 1206000 1496000 1998000 998000 0 0 0 0 0 0 -195 205 
26901000 5000 10000 5000 0 -307 -728 -28228 999 -6 -2 0 1181000 1210000 1212000 1214000 1497000 1499000 1205000 1496000 1999000 997000 0 0 0 0 0 0 -195 205 
27001000 5000 10000 5000 0 -326 -914 -28208 999 -7 -2 0 1197000 1211000 1205000 1204000 1497000 1499000 1205000 1495000 2000000 997000 0 0 0 0 0 0 -195 205 
27101000 5000 10000 5000 0 -281 -851 -28221 999 -7 -2 0 1206000 1207000 1207000 1199000 1496000 1498000 1205000 1496000 1998000 998000 0 0 0 0 0 0 -195 205 
27201000 5000 10000 5000 0 -48 -671 -28214 999 -5 0 0 1213000 1201000 1202000 1202000 1497000 1499000 1205000 1496000 1999000 998000 0 0 0 0 0 0 -195 205 
27301000 5000 10000 5000 0 396 -417 -28216 999 -3 3 0 1214000 1201000 1204000 1199000 1496000 1499000 1205000 1496000 1998000 997000 0 0 0 0 0 0 -195 205 
27401000 5000 10000 5000 0 555 -372 -28217 999 -3 4 0 1201000 1211000 1210000 1197000 1497000 1499000 1204000 1496000 1999000 996000 0 0 0 0 0 0 -195 205 
27501000 5000 10000 5000 0 291 -547 -28212 999 -4 2 0 1197000 1228000 1195000 1198000 1497000 1499000 1205000 1495000 2000000 997000 0 0 0 0 0 0 -195 205 
27601000 5000 10000 5000 0 98 -818 -28214 999 -7 0 0 1198000 1218000 1199000 1203000 1496000 1498000 1205000 1496000 1998000 998000 0 0 0 0 0 0 -195 205 
27701000 5000 10000 5000 0 -33 -891 -28227 999 -7 0 0 1200000 1217000 1192000 1209000 1497000 1499000 1205000 1496000 2000000 998000 0 0 0 0 0 0 -195 205 
27801000 5000 10000 5000 0 55 -804 -28219 999 -7 0 0 1207000 1191000 1211000 1206000 1496000 1498000 1205000 1496000 1998000 998000 0 0 0 0 0 0 -196 204 
27901000 5000 10000 5000 0 464 -371 -28199 999 -3 4 0 1221000 1203000 1194000 1196000 1497000 1499000 1205000 1496000 1999000 998000 0 0 0 0 0 0 -196 204 
28001000 5000 10000 5000 0 688 -173 -28208 999 -1 6 0 1209000 1205000 1212000 1192000 1497000 1499000 1206000 1495000 1998000 997000 0 0 0 0 0 0 -195 205 
28101000 5000 10000 5000 0 513 -309 -28207 999 -2 4 0 1205000 1230000 1196000 1187000 1496000 1498000 1205000 1496000 1998000 998000 0 0 0 0 0 0 -195 205 
28201000 5000 10000 5000 0 88 -694 -28213 999 -6 0 0 1188000 1213000 1221000 1195000 1497000 1499000 1205000 1496000 1999000 998000 0 0 0 0 0 0 -195 205 
28301000 5000 10000 5000 0 -177 -994 -28198 999 -8 -1 0 1200000 1222000 1199000 1198000 1496000 1498000 1205000 1496000 1998000 998000 0 0 0 0 0 0 -195 205 
28401000 5000 10000 5000 0 -161 -1082 -28196 999 -9 -1 0 1211000 1210000 1200000 1194000 1496000 1499000 1205000 1496000 1999000 998000 0 0 0 0 0 0 -196 204 
28501000 5000 10000 5000 0 69 -942 -28198 999 -8 0 0 1222000 1209000 1192000 1191000 1497000 1499000 1206000 1496000 1998000 997000 0 0 0 0 0 0 -196 204 
28601000 5000 10000 5000 0 375 -612 -28212 999 -5 3 0 1218000 1211000 1191000 1202000 1496000 1500000 1205000 1496000 1998000 997000 0 0 0 0 0 0 -194 206 
28701000 5000 10000 5000 0 392 -516 -28217 999 -4 3 0 1206000 1196000 1212000 1205000 1497000 1499000 1205000 1496000 1999000 997000 0 0 0 0 0 0 -195 205 
28801000 5000 10000 5000 0 147 -594 -28208 999 -5 1 0 1201000 1215000 1206000 1196000 1496000 1499000 1205000 1496000 1998000 997000 0 0 0 0 0 0 -195 205 
28901000 5000 10000 5000 0 -105 -965 -28207 999 -8 0 0 1194000 1210000 1210000 1204000 1497000 1499000 1205000 1496000 1999000 998000 0 0 0 0 0 0 -195 205 
29001000 5000 10000 5000 0 -303 -1116 -28210 999 -9 -2 0 1200000 1212000 1201000 1210000 1497000 1499000 1206000 1496000 1998000 997000 0 0 0 0 0 0 -194 206 
29101000 5000 10000 5000 0 -126 -989 -28209 999 -8 -1 0 1201000 1193000 1219000 1209000 1496000 1499000 1205000 1496000 1999000 998000 0 0 0 0 0 0 -194 206 
29201000 5000 10000 5000 0 153 -810 -28211 999 -7 1 0 1205000 1203000 1204000 1206000 1497000 1499000 1205000 1495000 1998000 998000 0 0 0 0 0 0 -195 205 
29301000 5000 10000 5000 0 270 -675 -28206 999 -5 2 0 1193000 1201000 1217000 1207000 1496000 1499000 1205000 1496000 1998000 998000 0 0 0 0 0 0 -195 205 
29401000 5000 10000 5000 0 114 -807 -28194 999 -7 1 0 1191000 1219000 1208000 1199000 1497000 1499000 1205000 1496000 1999000 998000 0 0 0 0 0 0 -195 205 
29501000 5000 10000 5000 0 -144 -1060 -28197 999 -9 -1 0 1195000 1220000 1207000 1197000 1497000 1499000 1206000 1496000 1998000 997000 0 0 0 0 0 0 -195 205 
29601000 5000 10000 5000 0 -324 -1235 -28202 999 -10 -2 0 1207000 1213000 1205000 1193000 1497000 1499000 1204000 1496000 1999000 998000 0 0 0 0 0 0 -195 205 
29701000 5000 10000 5000 0 -312 -1249 -28195 999 -10 -2 0 1210000 1225000 1192000 1191000 1497000 1499000 1204000 1495000 1998000 997000 0 0 0 0 0 0 -195 205 
29801000 5000 10000 6000 0 -119 -1139 -28185 999 -9 -1 0 1212000 1212000 1197000 1192000 1496000 1499000 1204000 1496000 1998000 997000 0 0 0 0 0 0 -196 204 
29901000 5000 10000 6000 0 81 -759 -28199 999 -6 0 0 1205000 1191000 1214000 1207000 1497000 1499000 1204000 1496000 1999000 998000 0 0 0 0 0 0 -195 205 
30001000 5000 10000 6000 0 167 -687 -28194 999 -5 1 0 1199000 1212000 1199000 1208000 1496000 1499000 1205000 1496000 1998000 997000 0 0 0 0 0 0 -195 205 
30101000 5000 10000 6000 0 10 -785 -28203 999 -6 0 0 1187000 1209000 1208000 1215000 1497000 1499000 1205000 1496000 1999000 998000 0 0 0 0 0 0 -195 205 
30201000 5000 10000 6000 0 -235 -951 -28184 999 -8 -2 0 1195000 1216000 1197000 1210000 1499000 1497000 1206000 1495000 1998000 997000 0 0 0 0 0 0 -195 205 
30301000 5000 10000 6000 0 -192 -831 -28171 999 -7 -1 0 1212000 1206000 1196000 1203000 1497000 1499000 1204000 1496000 1998000 998000 0 0 0 0 0 0 -195 205 
30401000 5000 10000 6000 0 180 -478 -28178 999 -4 1 0 1213000 1201000 1205000 1195000 1499000 1497000 1205000 1496000 1999000 998000 0 0 0 0 0 0 -196 204 
30501000 5000 10000 6000 0 419 -437 -28192 999 -3 3 0 1214000 1218000 1194000 1191000 1500000 1495000 1205000 1496000 1998000 998000 0 0 0 0 0 0 -195 205 
30601000 5000 10000 6000 0 316 -478 -28181 999 -4 2 0 1203000 1211000 1204000 1200000 1502000 1494000 1205000 1496000 1999000 998000 0 0 0 0 0 0 -195 205 
30701000 5000 10000 6000 0 227 -603 -28176 999 -5 1 0 1213000 1226000 1187000 1192000 1504000 1492000 1205000 1496000 1998000 997000 0 0 0 0 0 0 -195 205 
30801000 5000 10000 6000 0 148 -628 -28184 999 -5 1 0 1212000 1210000 1200000 1196000 1496000 1500000 1204000 1496000 1999000 998000 0 0 0 0 0 0 -195 205 
30901000 5000 10000 6000 0 267 -529 -28188 999 -4 2 0 1212000 1205000 1207000 1193000 1496000 1499000 1204000 1495000 1998000 998000 0 0 0 0 0 0 -195 205 
31001000 5000 10000 6000 0 309 -380 -28184 999 -3 2 0 1215000 1211000 1199000 1189000 1496000 1499000 1205000 1496000 1998000 998000 0 0 0 0 0 0 -196 204 
31101000 5000 10000 6000 0 194 -373 -28198 999 -3 1 0 1194000 1201000 1215000 1209000 1496000 1500000 1204000 1496000 1999000 998000 0 0 0 0 0 0 -195 205 
31201000 5000 10000 6000 0 -174 -643 -28186 999 -5 -1 0 1200000 1220000 1186000 1212000 1496000 1499000 1205000 1496000 1998000 997000 0 0 0 0 0 0 -195 205 
31301000 5000 10000 6000 0 -321 -831 -28187 999 -7 -2 0 1190000 1195000 1217000 1216000 1496000 1500000 1205000 1496000 1999000 998000 0 0 0 0 0 0 -195 205 
31401000 5000 10000 6000 0 -149 -648 -28171 999 -5 -1 0 1211000 1197000 1211000 1195000 1497000 1499000 1204000 1495000 1998000 997000 0 0 0 0 0 0 -196 204 
31501000 5000 10000 6000 0 157 -345 -28175 999 -3 1 0 1208000 1201000 1211000 1194000 1496000 1499000 1205000 1496000 1998000 998000 0 0 0 0 0 0 -196 204 
31601000 5000 10000 6000 0 64 -346 -28182 999 -3 0 0 1187000 1215000 1216000 1200000 1496000 1499000 1204000 1496000 1999000 998000 0 0 0 0 0 0 -195 205 
31701000 5000 10000 6000 0 -414 -701 -28182 999 -6 -3 0 1183000 1223000 1204000 1204000 1496000 1499000 1205000 1496000 1998000 997000 0 0 0 0 0 0 -196 204 
31801000 5000 10000 6000 0 -814 -1197 -28155 999 -10 -7 0 1191000 1221000 1198000 1204000 1496000 1500000 1204000 1496000 1999000 998000 0 0 0 0 0 0 -196 204 
31901000 5000 10000 6000 0 -804 -1296 -28157 999 -11 -7 0 1205000 1209000 1194000 1206000 1497000 1499000 1205000 1496000 1998000 997000 0 0 0 0 0 0 -196 204 
32001000 5000 10000 6000 0 -556 -970 -28174 999 -8 -4 0 1216000 1209000 1189000 1200000 1496000 1500000 1204000 1496000 1998000 998000 0 0 0 0 0 0 -196 204 
32101000 5000 10000 6000 0 -273 -724 -28179 999 -6 -2 0 1203000 1197000 1207000 1208000 1496000 1499000 1204000 1495000 1998000 998000 0 0 0 0 0 0 -196 204 
32201000 5000 10000 6000 0 -161 -554 -28153 999 -4 -1 0 1207000 1210000 1199000 1199000 1496000 1499000 1204000 1496000 1998000 998000 0 0 0 0 0 0 -196 204 
32301000 5000 10000 6000 0 -197 -627 -28162 999 -5 -1 0 1200000 1215000 1209000 1194000 1496000 1500000 1204000 1496000 1998000 998000 0 0 0 0 0 0 -195 205 
32401000 5000 10000 6000 0 -411 -772 -28170 999 -6 -3 0 1199000 1213000 1209000 1197000 1496000 1499000 1204000 1496000 1999000 997000 0 0 0 0 0 0 -195 205 
32501000 5000 10000 6000 0 -523 -849 -28166 999 -7 -4 0 1194000 1213000 1201000 1206000 1496000 1500000 1204000 1496000 1999000 998000 0 0 0 0 0 0 -196 204 
32601000 5000 10000 6000 0 -621 -972 -28164 999 -8 -5 0 1197000 1208000 1205000 1205000 1497000 1499000 1205000 1495000 1998000 997000 0 0 0 0 0 0 -196 204 
32701000 5000 10000 6000 0 -615 -959 -28160 999 -8 -5 0 1204000 1214000 1197000 1199000 1496000 1499000 1204000 1496000 1998000 998000 0 0 0 0 0 0 -196 204 
32801000 5000 10000 6000 0 -297 -801 -28164 999 -6 -2 0 1206000 1203000 1208000 1197000 1496000 1499000 1204000 1496000 1999000 998000 0 0 0 0 0 0 -196 204 
32901000 5000 10000 6000 0 -122 -701 -28167 999 -6 -1 0 1198000 1210000 1208000 1199000 1496000 1499000 1204000 1496000 1999000 998000 0 0 0 0 0 0 -196 204 
33001000 5000 10000 6000 0 -294 -793 -28169 999 -6 -2 0 1196000 1221000 1194000 1203000 1496000 1500000 1204000 1496000 1998000 998000 0 0 0 0 0 0 -196 204 
33101000 5000 10000 6000 0 -405 -1030 -28146 999 -8 -3 0 1195000 1214000 1206000 1199000 1497000 1499000 1205000 1496000 1998000 997000 0 0 0 0 0 0 -196 204 
33201000 5000 10000 6000 0 -517 -1147 -28148 999 -10 -4 0 1202000 1223000 1194000 1195000 1496000 1500000 1204000 1496000 1999000 998000 0 0 0 0 0 0 -196 204 
33301000 5000 10000 6000 0 -770 -1317 -28165 999 -11 -6 0 1191000 1213000 1209000 1201000 1496000 1499000 1204000 1495000 1998000 998000 0 0 0 0 0 0 -196 204 
33401000 5000 10000 6000 0 -872 -1341 -28157 999 -11 -7 0 1199000 1206000 1203000 1206000 1496000 1499000 1205000 1496000 1999000 998000 0 0 0 0 0 0 -196 204 
33501000 5000 10000 6000 0 -622 -1199 -28150 999 -10 -5 0 1197000 1199000 1210000 1208000 1496000 1500000 1204000 1496000 1999000 997000 0 0 0 0 0 0 -196 204 
33601000 5000 10000 6000 0 -498 -1043 -28149 999 -9 -4 0 1198000 1218000 1203000 1195000 1496000 1499000 1204000 1496000 1999000 998000 0 0 0 0 0 0 -196 204 
33701000 5000 10000 6000 0 -513 -987 -28153 999 -8 -4 0 1204000 1219000 1200000 1191000 1496000 1500000 1204000 1496000 1998000 998000 0 0 0 0 0 0 -196 204 
33801000 5000 10000 6000 0 -416 -961 -28168 999 -8 -3 0 1205000 1208000 1209000 1200000 1497000 1499000 1205000 1496000 1998000 997000 0 0 0 0 0 0 -194 206 
33901000 5000 10000 6000 0 -353 -1007 -28157 999 -8 -3 0 1205000 1217000 1193000 1207000 1496000 1500000 1205000 1496000 1998000 998000 0 0 0 0 0 0 -194 206 
34001000 5000 10000 6000 0 -243 -1020 -28149 999 -8 -2 0 1194000 1204000 1210000 1210000 1496000 1499000 1204000 1495000 1998000 997000 0 0 0 0 0 0 -195 205 
34101000 5000 10000 6000 0 -307 -1116 -28148 999 -9 -2 0 1197000 1211000 1203000 1203000 1496000 1499000 1205000 1496000 1999000 998000 0 0 0 0 0 0 -196 204 
34201000 5000 10000 6000 0 -326 -1190 -28152 999 -10 -2 0 1194000 1209000 1211000 1201000 1496000 1500000 1205000 1496000 1999000 997000 0 0 0 0 0 0 -196 204 
34301000 5000 10000 6000 0 -398 -1166 -28133 999 -10 -3 0 1202000 1210000 1203000 1203000 1496000 1499000 1204000 1496000 1999000 997000 0 0 0 0 0 0 -195 205 
34401000 5000 10000 6000 0 -351 -1059 -28146 999 -9 -3 0 1204000 1204000 1209000 1197000 1496000 1500000 1205000 1496000 1999000 998000 0 0 0 0 0 0 -196 204 
34501000 5000 10000 6000 0 -220 -865 -28139 999 -7 -1 0 1213000 1212000 1201000 1188000 1497000 1499000 1206000 1496000 1998000 997000 0 0 0 0 0 0 -196 204 
34601000 5000 10000 6000 0 -44 -777 -28137 999 -6 0 0 1214000 1211000 1204000 1193000 1496000 1500000 1205000 1496000 1999000 998000 0 0 0 0 0 0 -194 206 
34701000 5000 10000 6000 0 198 -428 -28141 999 -3 1 0 1213000 1201000 1207000 1193000 1496000 1499000 1204000 1495000 1999000 997000 0 0 0 0 0 0 -196 204 
34801000 5000 10000 6000 0 159 -412 -28147 999 -3 1 0 1209000 1225000 1190000 1190000 1496000 1499000 1204000 1496000 1998000 998000 0 0 0 0 0 0 -196 204 
34901000 5000 10000 6000 0 37 -696 -28143 999 -6 0 0 1191000 1212000 1210000 1200000 1496000 1500000 1205000 1496000 1999000 998000 0 0 0 0 0 0 -196 204 
35001000 5000 10000 6000 0 -257 -1014 -28139 999 -8 -2 0 1195000 1219000 1199000 1209000 1496000 1499000 1206000 1496000 1998000 997000 0 0 0 0 0 0 -194 206 
35101000 5000 10000 6000 0 -452 -1268 -28146 999 -11 -3 0 1195000 1202000 1214000 1210000 1496000 1500000 1204000 1496000 1999000 998000 0 0 0 0 0 0 -194 206 
35201000 5000 10000 6000 0 -261 -1122 -28141 999 -9 -2 0 1211000 1202000 1206000 1195000 1497000 1499000 1206000 1495000 1998000 997000 0 0 0 0 0 0 -196 204 
35301000 5000 10000 6000 0 1 -746 -28152 999 -6 0 0 1211000 1207000 1206000 1190000 1496000 1500000 1204000 1496000 1998000 998000 0 0 0 0 0 0 -196 204 
35401000 5000 10000 6000 0 29 -780 -28139 999 -6 0 0 1194000 1206000 1214000 1200000 1496000 1499000 1204000 1496000 1999000 998000 0 0 0 0 0 0 -196 204 
35501000 5000 10000 6000 0 -84 -898 -28111 999 -7 0 0 1201000 1217000 1197000 1199000 1496000 1499000 1204000 1496000 1998000 998000 0 0 0 0 0 0 -196 204 
35601000 5000 10000 6000 0 -29 -835 -28131 999 -7 0 0 1192000 1199000 1216000 1207000 1496000 1500000 1204000 1496000 1998000 998000 0 0 0 0 0 0 -196 204 
35701000 5000 10000 6000 0 11 -748 -28125 999 -6 0 0 1209000 1220000 1187000 1198000 1496000 1499000 1206000 1496000 1999000 997000 0 0 0 0 0 0 -196 204 
35801000 5000 10000 6000 0 225 -472 -28126 999 -4 1 0 1203000 1201000 1208000 1211000 1496000 1500000 1204000 1496000 1999000 998000 0 0 0 0 0 0 -194 206 
35901000 5000 10000 6000 0 210 -586 -28116 999 -5 1 0 1200000 1223000 1192000 1199000 1497000 1499000 1204000 1495000 1998000 997000 0 0 0 0 0 0 -196 204 
36001000 5000 10000 6000 0 -10 -849 -28122 999 -7 0 0 1191000 1214000 1210000 1199000 1496000 1499000 1205000 1496000 1999000 998000 0 0 0 0 0 0 -196 204 
36101000 5000 10000 6000 0 -92 -1077 -28116 999 -9 0 0 1206000 1216000 1196000 1201000 1496000 1499000 1204000 1496000 1999000 998000 0 0 0 0 0 0 -195 205 
36201000 5000 10000 6000 0 -112 -1081 -28120 999 -9 0 0 1206000 1206000 1199000 1203000 1496000 1499000 1204000 1496000 1999000 998000 0 0 0 0 0 0 -196 204 
36301000 5000 10000 6000 0 -190 -1100 -28124 999 -9 -1 0 1201000 1209000 1207000 1196000 1496000 1500000 1205000 1496000 1998000 998000 0 0 0 0 0 0 -196 204 
36401000 5000 10000 6000 0 -384 -1241 -28122 999 -10 -3 0 1193000 1211000 1213000 1202000 1496000 1499000 1205000 1496000 1998000 998000 0 0 0 0 0 0 -195 205 
36501000 5000 10000 6000 0 -566 -1348 -28115 999 -11 -4 0 1200000 1218000 1201000 1199000 1496000 1500000 1204000 1496000 1998000 998000 0 0 0 0 0 0 -195 205 
36601000 5000 10000 6000 0 -446 -1312 -28114 999 -11 -3 0 1203000 1208000 1214000 1194000 1497000 1499000 1205000 1495000 1998000 998000 0 0 0 0 0 0 -195 205 
36701000 5000 10000 6000 0 -328 -1178 -28110 999 -10 -2 0 1208000 1219000 1193000 1198000 1496000 1500000 1205000 1496000 1998000 998000 0 0 0 0 0 0 -195 205 
36801000 5000 10000 6000 0 -208 -1130 -28122 999 -9 -1 0 1204000 1209000 1194000 1207000 1496000 1499000 1205000 1496000 1999000 997000 0 0 0 0 0 0 -196 204 
36901000 5000 10000 6000 0 -1 -957 -28125 999 -8 0 0 1207000 1206000 1201000 1201000 1496000 1499000 1205000 1496000 1998000 998000 0 0 0 0 0 0 -196 204 
37001000 5000 10000 6000 0 34 -884 -28120 999 -7 0 0 1197000 1215000 1208000 1197000 1496000 1500000 1205000 1496000 1999000 998000 0 0 0 0 0 0 -195 205 
37101000 5000 10000 6000 0 -154 -970 -28112 999 -8 -1 0 1194000 1214000 1214000 1200000 1496000 1499000 1206000 1496000 1998000 998000 0 0 0 0 0 0 -194 206 
37201000 5000 10000 6000 0 -239 -974 -28117 999 -8 -2 0 1202000 1208000 1215000 1198000 1496000 1500000 1205000 1496000 1998000 998000 0 0 0 0 0 0 -194 206 
37301000 5000 10000 6000 0 -110 -810 -28104 999 -7 0 0 1211000 1205000 1204000 1198000 1497000 1499000 1206000 1495000 1998000 997000 0 0 0 0 0 0 -195 205 
37401000 5000 10000 6000 0 -66 -746 -28093 999 -6 0 0 1203000 1213000 1201000 1197000 1496000 1500000 1205000 1496000 1998000 997000 0 0 0 0 0 0 -196 204 
37501000 5000 10000 6000 0 -126 -1005 -28096 999 -8 -1 0 1194000 1209000 1206000 1205000 1496000 1499000 1204000 1495000 1999000 998000 0 0 0 0 0 0 -196 204 
37601000 5000 10000 6000 0 -390 -1164 -28094 999 -10 -3 0 1193000 1226000 1190000 1205000 1496000 1499000 1204000 1496000 1998000 998000 0 0 0 0 0 0 -196 204 
37701000 5000 10000 6000 0 -572 -1340 -28097 999 -11 -4 0 1191000 1208000 1210000 1205000 1496000 1500000 1204000 1496000 1999000 997000 0 0 0 0 0 0 -196 204 
37801000 5000 10000 6000 0 -444 -1208 -28092 999 -10 -3 0 1214000 1211000 1190000 1200000 1496000 1499000 1205000 1496000 1998000 998000 0 0 0 0 0 0 -196 204 
37901000 5000 10000 6000 0 -171 -947 -28092 999 -8 -1 0 1209000 1200000 1205000 1204000 1496000 1500000 1204000 1496000 1999000 997000 0 0 0 0 0 0 -195 205 
38001000 5000 10000 6000 0 4 -777 -28096 999 -6 0 0 1199000 1208000 1205000 1202000 1497000 1499000 1205000 1496000 1998000 997000 0 0 0 0 0 0 -196 204 
38101000 5000 10000 6000 0 -111 -864 -28095 999 -7 0 0 1189000 1213000 1214000 1198000 1496000 1500000 1204000 1496000 1999000 998000 0 0 0 0 0 0 -196 204 
38201000 5000 10000 6000 0 -429 -1096 -28087 999 -9 -3 0 1189000 1216000 1209000 1200000 1496000 1499000 1205000 1495000 1999000 997000 0 0 0 0 0 0 -196 204 
38301000 5000 10000 6000 0 -536 -1102 -28084 999 -9 -4 0 1195000 1211000 1205000 1203000 1496000 1499000 1204000 1496000 1999000 998000 0 0 0 0 0 0 -196 204 
38401000 5000 10000 6000 0 -535 -1113 -28089 999 -9 -4 0 1209000 1214000 1192000 1199000 1496000 1500000 1204000 1496000 1999000 998000 0 0 0 0 0 0 -196 204 
38501000 5000 10000 6000 0 -426 -1078 -28109 999 -9 -3 0 1203000 1209000 1202000 1200000 1496000 1499000 1204000 1496000 1998000 999000 0 0 0 0 0 0 -196 204 
38601000 5000 10000 6000 0 -457 -1025 -28098 999 -8 -3 0 1202000 1220000 1195000 1197000 1496000 1500000 1204000 1496000 1998000 998000 0 0 0 0 0 0 -196 204 
38701000 5000 10000 6000 0 -557 -1155 -28105 999 -10 -4 0 1187000 1203000 1216000 1208000 1497000 1499000 1205000 1496000 1998000 997000 0 0 0 0 0 0 -196 204 
38801000 5000 10000 6000 0 -617 -1221 -28094 999 -10 -5 0 1197000 1209000 1206000 1206000 1496000 1500000 1204000 1496000 1998000 998000 0 0 0 0 0 0 -195 205 
38901000 5000 10000 6000 0 -607 -1232 -28088 999 -10 -5 0 1205000 1215000 1202000 1193000 1497000 1499000 1204000 1495000 1998000 998000 0 0 0 0 0 0 -196 204 
39001000 5000 10000 6000 0 -496 -1098 -28097 999 -9 -4 0 1198000 1206000 1209000 1200000 1496000 1499000 1204000 1496000 1998000 998000 0 0 0 0 0 0 -196 204 
39101000 5000 10000 6000 0 -479 -967 -28089 999 -8 -4 0 1202000 1215000 1198000 1200000 1496000 1499000 1204000 1496000 1999000 998000 0 0 0 0 0 0 -196 204 
39201000 5000 10000 6000 0 -427 -947 -28084 999 -8 -3 0 1202000 1219000 1197000 1200000 1496000 1499000 1204000 1496000 1998000 998000 0 0 0 0 0 0 -195 205 
39301000 5000 10000 6000 0 -347 -935 -28091 999 -8 -3 0 1212000 1214000 1203000 1189000 1496000 1500000 1205000 1496000 1999000 998000 0 0 0 0 0 0 -195 205 
39401000 5000 10000 6000 0 -86 -681 -28101 999 -5 0 0 1212000 1203000 1205000 1198000 1496000 1499000 1205000 1496000 1998000 997000 0 0 0 0 0 0 -195 205 
39501000 5000 10000 6000 0 122 -422 -28096 999 -3 1 0 1210000 1199000 1200000 1205000 1496000 1500000 1205000 1496000 1999000 998000 0 0 0 0 0 0 -196 204 
39601000 5000 10000 6000 0 500 -206 -28095 999 -1 4 0 1205000 1194000 1208000 1207000 1497000 1499000 1206000 1495000 1999000 997000 0 0 0 0 0 0 -196 204 
39701000 5000 10000 6000 0 523 -223 -28091 999 -1 4 0 1204000 1213000 1202000 1203000 1496000 1500000 1204000 1496000 1998000 998000 0 0 0 0 0 0 -194 206 
39801000 5000 10000 6000 0 103 -645 -28078 999 -5 0 0 1178000 1210000 1219000 1208000 1496000 1499000 1204000 1495000 1999000 997000 0 0 0 0 0 0 -196 204 
39901000 5000 10000 6000 0 -367 -1083 -28071 999 -9 -3 0 1194000 1225000 1200000 1195000 1496000 1499000 1204000 1496000 1999000 998000 0 0 0 0 0 0 -196 204 
40001000 5000 10000 6000 0 -655 -1379 -28071 999 -12 -5 0 1193000 1207000 1216000 1198000 1496000 1500000 1205000 1496000 1999000 998000 0 0 0 0 0 0 -196 204 
40101000 5000 10000 6000 0 -676 -1344 -28058 999 -11 -5 0 1207000 1218000 1196000 1197000 1496000 1499000 1204000 1496000 1998000 999000 0 0 0 0 0 0 -195 205 
40201000 5000 10000 6000 0 -579 -1161 -28060 999 -10 -5 0 1205000 1206000 1209000 1198000 1496000 1500000 1204000 1496000 1999000 998000 0 0 0 0 0 0 -195 205 
40301000 5000 10000 6000 0 -322 -970 -28067 999 -8 -2 0 1214000 1217000 1191000 1191000 1497000 1499000 1205000 1496000 1998000 997000 0 0 0 0 0 0 -196 204 
40401000 5000 10000 6000 0 -158 -819 -28071 999 -7 -1 0 1208000 1203000 1202000 1201000 1496000 1500000 1205000 1496000 1998000 998000 0 0 0 0 0 0 -196 204 
40501000 5000 10000 6000 0 0 -742 -28083 999 -6 0 0 1202000 1208000 1200000 1204000 1496000 1499000 1204000 1495000 1998000 998000 0 0 0 0 0 0 -196 204 
40601000 5000 10000 6000 0 -155 -745 -28084 999 -6 -1 0 1200000 1213000 1199000 1202000 1496000 1499000 1204000 1496000 1999000 998000 0 0 0 0 0 0 -196 204 
40701000 5000 10000 6000 0 -216 -867 -28073 999 -7 -1 0 1196000 1212000 1208000 1198000 1496000 1499000 1205000 1496000 1999000 998000 0 0 0 0 0 0 -196 204 
40801000 5000 10000 6000 0 -190 -850 -28075 999 -7 -1 0 1202000 1215000 1201000 1196000 1496000 1499000 1205000 1496000 1998000 998000 0 0 0 0 0 0 -196 204 
40901000 5000 10000 6000 0 -187 -922 -28079 999 -8 -1 0 1191000 1201000 1220000 1206000 1496000 1500000 1204000 1496000 1998000 998000 0 0 0 0 0 0 -195 205 
41001000 5000 10000 6000 0 -195 -973 -28056 999 -8 -1 0 1204000 1215000 1194000 1204000 1497000 1499000 1206000 1496000 1998000 998000 0 0 0 0 0 0 -195 205 
41101000 5000 10000 6000 0 -5 -858 -28065 999 -7 0 0 1203000 1199000 1209000 1208000 1496000 1499000 1204000 1496000 1998000 998000 0 0 0 0 0 0 -195 205 
41201000 5000 10000 6000 0 90 -822 -28062 999 -7 0 0 1205000 1206000 1198000 1205000 1496000 1500000 1204000 1496000 1999000 998000 0 0 0 0 0 0 -196 204 
41301000 5000 10000 6000 0 -81 -814 -28048 999 -7 0 0 1211000 1228000 1185000 1194000 1497000 1499000 1206000 1496000 1998000 998000 0 0 0 0 0 0 -195 205 
41401000 5000 10000 6000 0 -90 -805 -28066 999 -7 0 0 1203000 1208000 1209000 1198000 1496000 1499000 1204000 1496000 1998000 998000 0 0 0 0 0 0 -195 205 
41501000 5000 10000 6000 0 -82 -658 -28071 999 -5 0 0 1208000 1211000 1199000 1196000 1496000 1500000 1204000 1496000 1998000 998000 0 0 0 0 0 0 -196 204 
41601000 5000 10000 6000 0 43 -439 -28058 999 -3 0 0 1207000 1197000 1210000 1204000 1497000 1499000 1205000 1496000 1998000 997000 0 0 0 0 0 0 -195 205 
41701000 5000 10000 6000 0 235 -278 -28055 999 -2 2 0 1202000 1204000 1205000 1207000 1496000 1499000 1205000 1496000 1998000 998000 0 0 0 0 0 0 -195 205 
41801000 5000 10000 6000 0 30 -394 -28068 999 -3 0 0 1194000 1215000 1205000 1203000 1496000 1500000 1204000 1496000 1998000 998000 0 0 0 0 0 0 -195 205 
41901000 5000 10000 6000 0 -306 -880 -28056 999 -7 -2 0 1190000 1215000 1208000 1206000 1497000 1499000 1205000 1496000 1998000 997000 0 0 0 0 0 0 -195 205 
42001000 5000 10000 6000 0 -482 -999 -28051 999 -8 -4 0 1196000 1211000 1204000 1207000 1496000 1499000 1204000 1496000 1998000 998000 0 0 0 0 0 0 -195 205 
42101000 5000 10000 6000 0 -483 -1050 -28055 999 -9 -4 0 1201000 1201000 1206000 1206000 1496000 1500000 1204000 1496000 1999000 998000 0 0 0 0 0 0 -196 204 
42201000 5000 10000 6000 0 -198 -850 -28052 999 -7 -1 0 1219000 1203000 1197000 1199000 1497000 1499000 1205000 1496000 1998000 997000 0 0 0 0 0 0 -195 205 
42301000 5000 10000 6000 0 165 -498 -28054 999 -4 1 0 1213000 1208000 1197000 1200000 1496000 1500000 1204000 1496000 1998000 998000 0 0 0 0 0 0 -195 205 
42401000 5000 10000 6000 0 256 -182 -28065 999 -1 2 0 1197000 1198000 1214000 1205000 1496000 1500000 1204000 1496000 1999000 997000 0 0 0 0 0 0 -196 204 
42501000 5000 10000 6000 0 93 -359 -28060 999 -3 0 0 1190000 1218000 1200000 1210000 1496000 1499000 1205000 1496000 1998000 997000 0 0 0 0 0 0 -195 205 
42601000 5000 10000 6000 0 -226 -685 -28054 999 -5 -1 0 1191000 1218000 1193000 1216000 1496000 1500000 1204000 1496000 1999000 998000 0 0 0 0 0 0 -195 205 
42701000 5000 10000 6000 0 -406 -965 -28065 999 -8 -3 0 1196000 1204000 1201000 1213000 1496000 1500000 1204000 1496000 1999000 997000 0 0 0 0 0 0 -196 204 
42801000 5000 10000 6000 0 -261 -739 -28052 999 -6 -2 0 1215000 1216000 1192000 1195000 1496000 1499000 1205000 1496000 1999000 997000 0 0 0 0 0 0 -195 205 
42901000 5000 10000 6000 0 84 -489 -28048 999 -4 0 0 1210000 1206000 1209000 1194000 1496000 1500000 1205000 1496000 1998000 998000 0 0 0 0 0 0 -195 205 
43001000 5000 11000 7000 0 155 -410 -28054 999 -3 1 0 1204000 1220000 1199000 1195000 1496000 1499000 1204000 1496000 1999000 997000 0 0 0 0 0 0 -195 205 
43101000 5000 10000 7000 0 -192 -804 -28058 999 -7 -1 0 1183000 1226000 1207000 1198000 1496000 1499000 1204000 1496000 1999000 998000 0 0 0 0 0 0 -196 204 
43201000 5000 10000 7000 0 -701 -1160 -28038 999 -10 -6 0 1195000 1231000 1194000 1194000 1496000 1500000 1204000 1496000 1999000 997000 0 0 0 0 0 0 -196 204 
43301000 5000 10000 7000 0 -655 -1233 -28049 999 -10 -5 0 1204000 1200000 1208000 1202000 1496000 1499000 1204000 1495000 2000000 998000 0 0 0 0 0 0 -196 204 
43401000 5000 10000 7000 0 -375 -877 -28039 999 -7 -3 0 1217000 1200000 1198000 1202000 1496000 1499000 1204000 1496000 1998000 999000 0 0 0 0 0 0 -195 205 
43501000 5000 10000 7000 0 126 -560 -28047 999 -4 1 0 1211000 1201000 1203000 1203000 1496000 1500000 1204000 1496000 1998000 998000 0 0 0 0 0 0 -195 205 
43601000 5000 10000 7000 0 183 -617 -28052 999 -5 1 0 1199000 1207000 1212000 1196000 1496000 1499000 1204000 1495000 1999000 998000 0 0 0 0 0 0 -196 204 
43701000 5000 10000 7000 0 -130 -824 -28040 999 -7 -1 0 1193000 1224000 1204000 1193000 1496000 1499000 1205000 1496000 1998000 998000 0 0 0 0 0 0 -196 204 
43801000 5000 10000 7000 0 -339 -1013 -28028 999 -8 -2 0 1196000 1212000 1213000 1193000 1496000 1500000 1204000 1496000 1998000 998000 0 0 0 0 0 0 -196 204 
43901000 5000 10000 7000 0 -461 -1122 -28034 999 -9 -4 0 1204000 1216000 1203000 1192000 1496000 1499000 1205000 1495000 1998000 997000 0 0 0 0 0 0 -196 204 
44001000 5000 10000 7000 0 -495 -1087 -28042 999 -9 -4 0 1194000 1205000 1209000 1206000 1496000 1499000 1205000 1496000 1998000 998000 0 0 0 0 0 0 -196 204 
44101000 5000 10000 7000 0 -466 -1064 -28015 999 -9 -4 0 1200000 1216000 1194000 1203000 1496000 1500000 1204000 1496000 1999000 998000 0 0 0 0 0 0 -196 204 
44201000 5000 10000 7000 0 -445 -1004 -28027 999 -8 -3 0 1197000 1203000 1207000 1206000 1497000 1499000 1204000 1495000 1998000 998000 0 0 0 0 0 0 -196 204 
44301000 5000 10000 7000 0 -235 -749 -28020 999 -6 -2 0 1215000 1214000 1188000 1197000 1496000 1499000 1204000 1496000 1998000 998000 0 0 0 0 0 0 -196 204 
44401000 5000 10000 7000 0 -140 -600 -28027 999 -5 -1 0 1201000 1207000 1207000 1199000 1496000 1500000 1204000 1496000 1998000 998000 0 0 0 0 0 0 -196 204 
44501000 5000 10000 7000 0 -228 -647 -28022 999 -5 -1 0 1202000 1221000 1196000 1195000 1497000 1499000 1206000 1495000 1998000 997000 0 0 0 0 0 0 -196 204 
44601000 5000 10000 7000 0 -702 -964 -28035 999 -8 -6 0 1186000 1215000 1205000 1212000 1496000 1499000 1205000 1496000 1998000 998000 0 0 0 0 0 0 -195 205 
44701000 5000 10000 7000 0 -784 -1174 -28023 999 -10 -6 0 1193000 1209000 1207000 1209000 1496000 1500000 1205000 1496000 1999000 998000 0 0 0 0 0 0 -195 205 
44844000 5000 143000 8000 0 -784 -1174 -28023 999 -10 -6 0 1193000 1208000 1207000 1210000 1497000 1499000 1206000 1496000 1999000 997000 0 0 0 0 0 0 -195 205 
44901000 5000 10000 8000 0 -512 -1015 -28005 999 -8 -4 0 1216000 1190000 1211000 1205000 1496000 1499000 1205000 1496000 1999000 998000 0 0 0 0 0 0 -194 206 
45001000 5000 10000 8000 0 -158 -622 -27992 999 -5 -1 0 1211000 1209000 1204000 1198000 1496000 1500000 1204000 1496000 1999000 997000 0 0 0 0 0 0 -194 206 
45101000 5000 10000 8000 0 -84 -500 -28001 999 -4 0 0 1200000 1215000 1201000 1198000 1497000 1499000 1205000 1496000 1999000 998000 0 0 0 0 0 0 -196 204 
45201000 5000 10000 8000 0 -315 -636 -28008 999 -5 -2 0 1184000 1218000 1208000 1203000 1496000 1500000 1204000 1496000 1999000 998000 0 0 0 0 0 0 -196 204 
45301000 5000 10000 8000 0 -500 -889 -27990 999 -7 -4 0 1193000 1230000 1194000 1197000 1496000 1500000 1204000 1496000 1999000 997000 0 0 0 0 0 0 -196 204 
45401000 5000 10000 8000 0 -708 -1058 -27998 999 -9 -6 0 1201000 1219000 1197000 1197000 1496000 1499000 1205000 1496000 1998000 998000 0 0 0 0 0 0 -196 204 
45501000 5000 10000 8000 0 -747 -1152 -28010 999 -10 -6 0 1208000 1209000 1198000 1199000 1496000 1500000 1204000 1496000 1999000 998000 0 0 0 0 0 0 -196 204 
45601000 5000 10000 8000 0 -647 -1014 -28006 999 -8 -5 0 1201000 1207000 1203000 1203000 1496000 1499000 1204000 1496000 1999000 998000 0 0 0 0 0 0 -196 204 
45701000 5000 10000 8000 0 -443 -830 -27998 999 -7 -3 0 1193000 1201000 1213000 1207000 1496000 1499000 1204000 1496000 1999000 998000 0 0 0 0 0 0 -196 204 
45801000 5000 10000 8000 0 -395 -911 -27999 999 -7 -3 0 1200000 1204000 1212000 1202000 1496000 1500000 1204000 1496000 1998000 998000 0 0 0 0 0 0 -195 205 
45901000 5000 10000 8000 0 -380 -777 -27993 999 -6 -3 0 1215000 1219000 1192000 1193000 1496000 1499000 1204000 1495000 1999000 998000 0 0 0 0 0 0 -195 205 
46001000 5000 10000 8000 0 -432 -708 -27994 999 -6 -3 0 1210000 1214000 1196000 1194000 1496000 1499000 1204000 1496000 1998000 998000 0 0 0 0 0 0 -196 204 
46101000 5000 10000 8000 0 -450 -788 -27995 999 -6 -3 0 1200000 1212000 1204000 1198000 1496000 1500000 1205000 1496000 1998000 998000 0 0 0 0 0 0 -196 204 
46201000 5000 10000 8000 0 -612 -913 -27982 999 -7 -5 0 1206000 1228000 1182000 1198000 1496000 1499000 1205000 1495000 1998000 998000 0 0 0 0 0 0 -196 204 
46301000 5000 10000 8000 0 -677 -1012 -27996 999 -8 -5 0 1193000 1205000 1217000 1203000 1496000 1499000 1205000 1496000 1999000 998000 0 0 0 0 0 0 -195 205 
46401000 5000 10000 8000 0 -519 -955 -27993 999 -8 -4 0 1211000 1208000 1206000 1193000 1496000 1500000 1205000 1496000 1998000 998000 0 0 0 0 0 0 -195 205 
46501000 5000 10000 8000 0 -255 -734 -27982 999 -6 -2 0 1204000 1200000 1211000 1202000 1497000 1499000 1204000 1495000 1998000 998000 0 0 0 0 0 0 -195 205 
46601000 5000 10000 8000 0 -98 -649 -27986 999 -5 0 0 1198000 1202000 1209000 1205000 1496000 1499000 1204000 1496000 1998000 998000 0 0 0 0 0 0 -196 204 
46701000 5000 10000 8000 0 -143 -671 -27995 999 -5 -1 0 1193000 1208000 1201000 1212000 1496000 1500000 1204000 1496000 1998000 998000 0 0 0 0 0 0 -196 204 
46801000 5000 10000 8000 0 -266 -937 -27975 999 -8 -2 0 1192000 1207000 1203000 1212000 1497000 1499000 1205000 1496000 1998000 998000 0 0 0 0 0 0 -196 204 
46901000 5000 10000 8000 0 -289 -988 -27976 999 -8 -2 0 1197000 1208000 1205000 1207000 1496000 1499000 1204000 1496000 1998000 998000 0 0 0 0 0 0 -195 205 
47001000 5000 10000 8000 0 -267 -875 -27998 999 -7 -2 0 1203000 1213000 1203000 1196000 1496000 1500000 1205000 1496000 1999000 998000 0 0 0 0 0 0 -196 204 
47101000 5000 10000 8000 0 -306 -1025 -27981 999 -8 -2 0 1187000 1207000 1222000 1198000 1497000 1499000 1205000 1496000 1999000 998000 0 0 0 0 0 0 -196 204 
47201000 5000 10000 8000 0 -424 -1107 -27961 999 -9 -3 0 1199000 1220000 1205000 1194000 1496000 1500000 1204000 1496000 1998000 998000 0 0 0 0 0 0 -195 205 
47301000 5000 10000 8000 0 -508 -1069 -27973 999 -9 -4 0 1199000 1204000 1208000 1202000 1496000 1500000 1205000 1496000 1999000 998000 0 0 0 0 0 0 -196 204 
47444000 5000 143000 9000 0 -508 -1069 -27973 999 -9 -4 0 1200000 1205000 1207000 1202000 1496000 1500000 1205000 1495000 1998000 999000 0 0 0 0 0 0 -196 204 
47501000 5000 10000 9000 0 -540 -1156 -27983 999 -10 -4 0 1191000 1218000 1203000 1206000 1496000 1500000 1204000 1496000 1998000 998000 0 0 0 0 0 0 -195 205 
47601000 5000 10000 9000 0 -733 -1437 -27979 999 -12 -6 0 1197000 1222000 1204000 1191000 1496000 1499000 1204000 1495000 1999000 997000 0 0 0 0 0 0 -196 204 
47701000 5000 10000 9000 0 -817 -1540 -27979 999 -13 -7 0 1203000 1224000 1194000 1193000 1496000 1499000 1204000 1496000 1998000 998000 0 0 0 0 0 0 -196 204 
47801000 5000 10000 9000 0 -800 -1532 -27986 999 -13 -6 0 1189000 1199000 1214000 1211000 1496000 1500000 1205000 1495000 1998000 998000 0 0 0 0 0 0 -196 204 
47901000 5000 10000 9000 0 -683 -1460 -27987 999 -12 -5 0 1197000 1207000 1203000 1211000 1496000 1499000 1206000 1495000 1999000 998000 0 0 0 0 0 0 -195 205 
48001000 5000 10000 9000 0 -619 -1332 -27972 999 -11 -5 0 1197000 1204000 1214000 1203000 1496000 1499000 1204000 1495000 1998000 998000 0 0 0 0 0 0 -195 205 
48101000 5000 10000 9000 0 -483 -1069 -27956 999 -9 -4 0 1203000 1208000 1213000 1190000 1496000 1500000 1205000 1495000 1999000 998000 0 0 0 0 0 0 -196 204 
48201000 5000 10000 9000 0 -523 -1060 -27967 999 -9 -4 0 1201000 1223000 1202000 1192000 1497000 1499000 1205000 1495000 1998000 997000 0 0 0 0 0 0 -195 205 
48301000 5000 10000 9000 0 -632 -1244 -27974 999 -10 -5 0 1199000 1221000 1202000 1195000 1496000 1499000 1204000 1495000 1998000 998000 0 0 0 0 0 0 -195 205 
48401000 5000 10000 9000 0 -661 -1390 -27961 999 -12 -5 0 1200000 1220000 1195000 1200000 1496000 1500000 1205000 1495000 1999000 998000 0 0 0 0 0 0 -196 204 
48501000 5000 10000 9000 0 -559 -1414 -27955 999 -12 -4 0 1207000 1213000 1197000 1200000 1497000 1499000 1206000 1496000 1998000 997000 0 0 0 0 0 0 -195 205 
48601000 5000 10000 9000 0 -278 -1296 -27959 999 -11 -2 0 1212000 1206000 1207000 1194000 1496000 1500000 1204000 1495000 1999000 998000 0 0 0 0 0 0 -195 205 
48701000 5000 10000 9000 0 -18 -1015 -27969 999 -8 0 0 1212000 1207000 1201000 1194000 1496000 1500000 1205000 1495000 1999000 998000 0 0 0 0 0 0 -196 204 
48801000 5000 10000 9000 0 165 -949 -27983 999 -8 1 0 1198000 1191000 1218000 1212000 1496000 1499000 1206000 1496000 1998000 997000 0 0 0 0 0 0 -195 205 
48901000 5000 10000 9000 0 239 -810 -27967 999 -7 2 0 1203000 1203000 1208000 1204000 1496000 1500000 1205000 1495000 1998000 997000 0 0 0 0 0 0 -195 205 
49001000 5000 10000 9000 0 171 -918 -27959 999 -8 1 0 1189000 1206000 1215000 1208000 1496000 1499000 1205000 1495000 1999000 998000 0 0 0 0 0 0 -195 205 
49101000 5000 10000 9000 0 -129 -1167 -27970 999 -10 -1 0 1192000 1221000 1199000 1206000 1496000 1499000 1205000 1495000 1998000 999000 0 0 0 0 0 0 -195 205 
49201000 5000 10000 9000 0 -329 -1463 -27964 999 -12 -2 0 1192000 1215000 1210000 1200000 1496000 1500000 1206000 1495000 1998000 998000 0 0 0 0 0 0 -195 205 
49301000 5000 10000 9000 0 -439 -1349 -27940 999 -11 -3 0 1214000 1216000 1198000 1193000 1496000 1499000 1206000 1495000 1999000 998000 0 0 0 0 0 0 -194 206 
49401000 5000 10000 9000 0 -83 -1138 -27958 999 -9 0 0 1218000 1194000 1209000 1197000 1496000 1499000 1205000 1495000 1999000 998000 0 0 0 0 0 0 -195 205 
49501000 5000 10000 9000 0 69 -858 -27968 999 -7 0 0 1211000 1217000 1198000 1191000 1496000 1500000 1206000 1495000 1998000 998000 0 0 0 0 0 0 -195 205 
49601000 5000 10000 9000 0 106 -785 -27956 999 -6 0 0 1209000 1223000 1192000 1198000 1497000 1499000 1206000 1496000 1998000 998000 0 0 0 0 0 0 -194 206 
49701000 5000 10000 9000 0 32 -880 -27950 999 -7 0 0 1199000 1216000 1200000 1203000 1496000 1499000 1205000 1495000 1998000 998000 0 0 0 0 0 0 -195 205 
49801000 5000 10000 9000 0 -248 -1226 -27943 999 -10 -2 0 1195000 1225000 1198000 1201000 1496000 1500000 1206000 1495000 1999000 998000 0 0 0 0 0 0 -195 205 
49901000 5000 10000 9000 0 -345 -1362 -27951 999 -11 -3 0 1197000 1216000 1205000 1203000 1497000 1499000 1206000 1496000 1998000 997000 0 0 0 0 0 0 -194 206 
50001000 5000 10000 9000 0 -285 -1189 -27961 999 -10 -2 0 1216000 1198000 1211000 1197000 1496000 1500000 1206000 1495000 1998000 998000 0 0 0 0 0 0 -194 206 
50101000 5000 10000 9000 0 204 -784 -27952 999 -6 1 0 1224000 1198000 1200000 1199000 1496000 1499000 1206000 1495000 1999000 998000 0 0 0 0 0 0 -194 206 
50201000 5000 10000 9000 0 547 -526 -27937 999 -4 4 0 1205000 1192000 1222000 1202000 1496000 1499000 1205000 1495000 1998000 997000 0 0 0 0 0 0 -194 206 
50301000 5000 10000 9000 0 453 -612 -27947 999 -5 3 0 1205000 1222000 1205000 1193000 1496000 1500000 1218000 1495000 1998000 997000 0 0 0 0 0 0 -193 207 
50401000 5000 10000 9000 0 40 -949 -27963 999 -8 0 0 1199000 1221000 1205000 1201000 1496000 1499000 1221000 1495000 1998000 997000 0 0 0 0 0 0 -193 207 
50501000 5000 10000 9000 0 -262 -1184 -27942 999 -10 -2 0 1208000 1232000 1221000 1221000 1496000 1499000 1220000 1495000 1998000 998000 0 0 0 0 0 0 -179 221 
50644000 5000 143000 10000 0 -262 -1184 -27942 999 -10 -2 0 1207000 1232000 1221000 1222000 1496000 1499000 1221000 1496000 1997000 997000 0 0 0 0 0 0 -179 221 
50701000 5000 10000 10000 0 -243 -1039 -27934 999 -9 -2 0 1228000 1219000 1202000 1233000 1497000 1499000 1221000 1495000 1999000 998000 0 0 0 0 0 0 -179 221 
50801000 5000 10000 10000 0 251 -635 -27917 999 -5 2 0 1240000 1227000 1206000 1209000 1496000 1499000 1227000 1495000 1999000 998000 0 0 0 0 0 0 -179 221 
50901000 5000 10000 10000 0 498 -394 -27925 999 -3 4 0 1236000 1234000 1233000 1215000 1496000 1500000 1230000 1495000 1999000 998000 0 0 0 0 0 0 -170 230 
51001000 5000 10000 10000 0 350 -458 -27923 999 -4 3 0 1215000 1242000 1240000 1222000 1497000 1499000 1230000 1496000 1998000 998000 0 0 0 0 0 0 -170 230 
51101000 5000 10000 10000 0 -151 -859 -27908 999 -7 -1 0 1213000 1245000 1228000 1232000 1496000 1500000 1231000 1495000 1998000 998000 0 0 0 0 0 0 -170 230 
51201000 5000 10000 10000 0 -575 -1288 -27913 999 -11 -5 0 1225000 1260000 1223000 1214000 1496000 1500000 1231000 1495000 1999000 998000 0 0 0 0 0 0 -169 231 
51301000 5000 10000 10000 0 -839 -1586 -27915 999 -13 -7 0 1225000 1238000 1223000 1236000 1496000 1499000 1230000 1496000 1998000 997000 0 0 0 0 0 0 -169 231 
51401000 5000 10000 10000 0 -777 -1561 -27887 999 -13 -6 0 1231000 1241000 1224000 1222000 1496000 1500000 1230000 1495000 1999000 998000 0 0 0 0 0 0 -170 230 
51501000 5000 10000 10000 0 -483 -1380 -27889 999 -12 -4 0 1245000 1230000 1228000 1215000 1496000 1499000 1230000 1495000 1998000 997000 0 0 0 0 0 0 -170 230 
51601000 5000 10000 10000 0 13 -889 -27920 999 -7 0 0 1231000 1225000 1235000 1228000 1496000 1499000 1229000 1495000 1999000 998000 0 0 0 0 0 0 -170 230 
51701000 5000 10000 10000 0 174 -823 -27920 999 -7 1 0 1219000 1240000 1224000 1231000 1496000 1500000 1230000 1495000 1999000 997000 0 0 0 0 0 0 -171 229 
51801000 5000 10000 10000 0 -9 -1013 -27909 999 -8 0 0 1208000 1238000 1242000 1230000 1497000 1499000 1230000 1495000 1998000 997000 0 0 0 0 0 0 -170 230 
51901000 5000 10000 10000 0 -368 -1358 -27900 999 -11 -3 0 1223000 1256000 1229000 1210000 1496000 1499000 1229000 1495000 1998000 998000 0 0 0 0 0 0 -170 230 
52001000 5000 10000 10000 0 -669 -1634 -27903 999 -14 -5 0 1216000 1242000 1224000 1232000 1496000 1500000 1230000 1495000 1999000 997000 0 0 0 0 0 0 -171 229 
52101000 5000 10000 10000 0 -728 -1652 -27923 999 -14 -6 0 1218000 1226000 1238000 1236000 1497000 1499000 1230000 1496000 1999000 997000 0 0 0 0 0 0 -170 230 
52201000 5000 10000 10000 0 -711 -1444 -27917 999 -12 -6 0 1232000 1230000 1227000 1229000 1496000 1499000 1231000 1495000 1998000 997000 0 0 0 0 0 0 -170 230 
52301000 5000 10000 10000 0 -243 -1105 -27901 999 -9 -2 0 1243000 1241000 1218000 1220000 1496000 1499000 1230000 1495000 1999000 998000 0 0 0 0 0 0 -169 231 
52401000 5000 10000 10000 0 95 -847 -27896 999 -7 0 0 1222000 1229000 1228000 1235000 1496000 1499000 1230000 1495000 1998000 998000 0 0 0 0 0 0 -171 229 
52501000 5000 10000 10000 0 11 -774 -27921 999 -6 0 0 1218000 1234000 1238000 1224000 1496000 1499000 1230000 1495000 1998000 998000 0 0 0 0 0 0 -171 229 
52601000 5000 10000 10000 0 -134 -1150 -27913 999 -10 -1 0 1221000 1253000 1229000 1215000 1496000 1499000 1230000 1495000 1998000 997000 0 0 0 0 0 0 -170 230 
52701000 5000 10000 10000 0 -560 -1543 -27888 999 -13 -4 0 1218000 1253000 1222000 1221000 1496000 1499000 1230000 1495000 1999000 998000 0 0 0 0 0 0 -171 229 
52801000 5000 10000 10000 0 -594 -1498 -27896 999 -13 -5 0 1218000 1227000 1242000 1228000 1496000 1500000 1230000 1495000 1999000 998000 0 0 0 0 0 0 -171 229 
52901000 5000 10000 10000 0 -400 -1293 -27903 999 -11 -3 0 1228000 1227000 1229000 1235000 1497000 1499000 1230000 1496000 1999000 998000 0 0 0 0 0 0 -170 230 
53001000 5000 10000 10000 0 -163 -1033 -27909 999 -9 -1 0 1226000 1235000 1220000 1233000 1496000 1499000 1229000 1495000 1998000 997000 0 0 0 0 0 0 -171 229 
53101000 5000 10000 10000 0 -184 -1167 -27899 999 -10 -1 0 1237000 1247000 1223000 1207000 1496000 1500000 1230000 1495000 1999000 998000 0 0 0 0 0 0 -171 229 
53201000 5000 10000 10000 0 -311 -1254 -27892 999 -10 -2 0 1227000 1236000 1242000 1214000 1496000 1499000 1230000 1496000 1999000 998000 0 0 0 0 0 0 -170 230 
53301000 5000 10000 10000 0 -355 -1240 -27899 999 -10 -3 0 1221000 1240000 1229000 1229000 1496000 1500000 1230000 1495000 1998000 997000 0 0 0 0 0 0 -170 230 
53401000 5000 10000 10000 0 -347 -1254 -27909 999 -10 -3 0 1231000 1239000 1222000 1227000 1496000 1499000 1230000 1495000 1998000 998000 0 0 0 0 0 0 -170 230 
53501000 5000 10000 10000 0 -212 -1131 -27912 999 -9 -1 0 1231000 1235000 1233000 1219000 1496000 1499000 1229000 1496000 1998000 998000 0 0 0 0 0 0 -170 230 
53601000 5000 10000 10000 0 -198 -1117 -27895 999 -9 -1 0 1233000 1229000 1237000 1216000 1496000 1498000 1228000 1496000 1999000 998000 0 0 0 0 0 0 -171 229 
53701000 5000 10000 10000 0 -26 -881 -27905 999 -7 0 0 1222000 1227000 1229000 1236000 1497000 1499000 1227000 1496000 1998000 997000 0 0 0 0 0 0 -171 229 
53801000 5000 10000 10000 0 113 -672 -27912 999 -5 0 0 1218000 1228000 1230000 1229000 1496000 1499000 1227000 1496000 1998000 998000 0 0 0 0 0 0 -173 227 
53901000 5000 10000 10000 0 -22 -715 -27895 999 -6 0 0 1228000 1242000 1227000 1206000 1496000 1500000 1217000 1497000 1998000 997000 0 0 0 0 0 0 -174 226 
54001000 5000 10000 10000 0 -176 -770 -27891 999 -6 -1 0 1225000 1238000 1229000 1210000 1497000 1499000 1206000 1498000 1998000 997000 0 0 0 0 0 0 -174 226 
54101000 5000 10000 10000 0 -202 -832 -27904 999 -7 -1 0 1199000 1208000 1204000 1211000 1496000 1500000 1206000 1497000 1999000 998000 0 0 0 0 0 0 -194 206 
54201000 5000 10000 10000 0 -31 -723 -27907 999 -6 0 0 1197000 1199000 1206000 1216000 1496000 1499000 1203000 1497000 1999000 998000 0 0 0 0 0 0 -195 205 
54301000 5000 10000 10000 0 107 -715 -27904 999 -6 0 0 1199000 1201000 1201000 1217000 1496000 1499000 1201000 1496000 1998000 999000 0 0 0 0 0 0 -195 205 
54401000 5000 10000 10000 0 -9 -934 -27911 999 -8 0 0 1184000 1199000 1211000 1209000 1496000 1500000 1198000 1496000 1999000 998000 0 0 0 0 0 0 -199 201 
54501000 5000 10000 10000 0 -112 -990 -27896 999 -8 0 0 1189000 1204000 1198000 1199000 1497000 1499000 1197000 1496000 1998000 997000 0 0 0 0 0 0 -202 198 
54601000 5000 10000 10000 0 -158 -968 -27891 999 -8 -1 0 1202000 1210000 1194000 1184000 1496000 1499000 1196000 1496000 1998000 998000 0 0 0 0 0 0 -202 198 
54701000 5000 10000 10000 0 -219 -939 -27908 999 -8 -1 0 1195000 1205000 1199000 1183000 1496000 1500000 1196000 1496000 1998000 998000 0 0 0 0 0 0 -204 196 
54801000 5000 10000 10000 0 -153 -912 -27899 999 -7 -1 0 1202000 1205000 1185000 1190000 1497000 1499000 1196000 1497000 1998000 997000 0 0 0 0 0 0 -204 196 
54901000 5000 10000 10000 0 0 -675 -27888 999 -5 0 0 1207000 1193000 1193000 1189000 1496000 1500000 1197000 1495000 1999000 998000 0 0 0 0 0 0 -204 196 
55001000 5000 10000 10000 0 133 -460 -27901 999 -4 1 0 1190000 1201000 1192000 1204000 1496000 1499000 1197000 1495000 1999000 998000 0 0 0 0 0 0 -203 197 
55101000 5000 10000 10000 0 5 -757 -27895 999 -6 0 0 1185000 1212000 1190000 1198000 1496000 1500000 1196000 1495000 1998000 998000 0 0 0 0 0 0 -203 197 
55201000 5000 10000 10000 0 -139 -910 -27886 999 -7 -1 0 1192000 1205000 1196000 1193000 1496000 1500000 1197000 1495000 1998000 998000 0 0 0 0 0 0 -203 197 
55301000 5000 10000 10000 0 -174 -843 -27888 999 -7 -1 0 1203000 1208000 1189000 1186000 1497000 1499000 1197000 1495000 1998000 998000 0 0 0 0 0 0 -203 197 
55401000 5000 10000 10000 0 -139 -874 -27891 999 -7 -1 0 1198000 1211000 1185000 1188000 1496000 1500000 1196000 1495000 1999000 998000 0 0 0 0 0 0 -204 196 
55501000 5000 10000 10000 0 -133 -858 -27904 999 -7 -1 0 1186000 1190000 1207000 1200000 1496000 1500000 1197000 1495000 1999000 998000 0 0 0 0 0 0 -204 196 
55601000 5000 10000 10000 0 -109 -818 -27882 999 -7 0 0 1195000 1203000 1198000 1191000 1497000 1499000 1196000 1496000 1999000 998000 0 0 0 0 0 0 -203 197 
55701000 5000 10000 10000 0 44 -794 -27869 999 -6 0 0 1205000 1202000 1190000 1189000 1496000 1500000 1197000 1495000 1998000 998000 0 0 0 0 0 0 -203 197 
55801000 5000 10000 10000 0 44 -723 -27885 999 -6 0 0 1206000 1208000 1189000 1183000 1496000 1499000 1197000 1495000 2000000 998000 0 0 0 0 0 0 -203 197 
55901000 5000 10000 10000 0 -23 -718 -27891 999 -6 0 0 1191000 1207000 1193000 1196000 1496000 1499000 1196000 1496000 1998000 998000 0 0 0 0 0 0 -203 197 
56001000 5000 10000 10000 0 -165 -918 -27877 999 -8 -1 0 1186000 1203000 1196000 1197000 1496000 1500000 1197000 1496000 1998000 998000 0 0 0 0 0 0 -204 196 
56101000 5000 10000 10000 0 -163 -898 -27872 999 -7 -1 0 1190000 1195000 1210000 1187000 1497000 1499000 1196000 1496000 1998000 998000 0 0 0 0 0 0 -204 196 
56201000 5000 10000 11000 0 -34 -727 -27872 999 -6 0 0 1203000 1191000 1202000 1186000 1496000 1500000 1196000 1496000 1998000 998000 0 0 0 0 0 0 -204 196 
56301000 5000 10000 11000 0 32 -488 -27867 999 -4 0 0 1202000 1195000 1193000 1191000 1496000 1500000 1195000 1496000 1998000 998000 0 0 0 0 0 0 -204 196 
56401000 5000 10000 11000 0 151 -452 -27872 999 -3 1 0 1190000 1201000 1197000 1194000 1497000 1499000 1195000 1497000 1998000 998000 0 0 0 0 0 0 -204 196 
56501000 5000 10000 11000 0 -187 -674 -27870 999 -5 -1 0 1188000 1206000 1195000 1189000 1496000 1500000 1196000 1496000 1998000 998000 0 0 0 0 0 0 -205 195 
56601000 5000 10000 11000 0 -282 -837 -27854 999 -7 -2 0 1190000 1209000 1185000 1198000 1496000 1499000 1196000 1495000 1999000 997000 0 0 0 0 0 0 -204 196 
56701000 5000 10000 11000 0 -334 -736 -27852 999 -6 -2 0 1199000 1201000 1192000 1191000 1496000 1500000 1196000 1495000 1998000 998000 0 0 0 0 0 0 -204 196 
56801000 5000 10000 11000 0 -149 -602 -27864 999 -5 -1 0 1204000 1201000 1183000 1194000 1496000 1500000 1197000 1495000 1998000 997000 0 0 0 0 0 0 -204 196 
56901000 5000 10000 11000 0 40 -493 -27854 999 -4 0 0 1208000 1200000 1191000 1187000 1497000 1500000 1195000 1495000 1998000 997000 0 0 0 0 0 0 -203 197 
57001000 5000 10000 11000 0 88 -384 -27870 999 -3 0 0 1193000 1192000 1209000 1192000 1496000 1500000 1195000 1496000 1999000 997000 0 0 0 0 0 0 -203 197 
57101000 5000 10000 11000 0 52 -512 -27859 999 -4 0 0 1193000 1198000 1200000 1187000 1496000 1500000 1195000 1496000 1999000 997000 0 0 0 0 0 0 -205 195 
57201000 5000 10000 11000 0 26 -525 -27835 999 -4 0 0 1195000 1208000 1196000 1184000 1497000 1500000 1192000 1497000 1998000 998000 0 0 0 0 0 0 -204 196 
57301000 5000 10000 11000 0 -138 -782 -27848 999 -6 -1 0 1186000 1205000 1193000 1198000 1496000 1499000 1177000 1496000 1998000 998000 0 0 0 0 0 0 -204 196 
57401000 5000 10000 11000 0 -311 -968 -27867 999 -8 -2 0 1174000 1185000 1174000 1173000 1496000 1499000 1168000 1496000 1999000 998000 0 0 0 0 0 0 -223 177 
57501000 5000 10000 11000 0 -339 -965 -27852 999 -8 -2 0 1167000 1178000 1162000 1167000 1496000 1499000 1166000 1496000 1998000 997000 0 0 0 0 0 0 -231 169 
57601000 5000 10000 11000 0 -188 -840 -27841 999 -7 -1 0 1170000 1169000 1164000 1171000 1496000 1500000 1163000 1496000 1998000 998000 0 0 0 0 0 0 -231 169 
57701000 5000 10000 11000 0 33 -770 -27851 999 -6 0 0 1166000 1160000 1163000 1161000 1497000 1499000 1164000 1496000 1998000 998000 0 0 0 0 0 0 -237 163 
57801000 5000 10000 11000 0 219 -786 -27848 999 -6 1 0 1167000 1172000 1164000 1151000 1496000 1499000 1164000 1495000 1998000 998000 0 0 0 0 0 0 -236 164 
57901000 5000 10000 11000 0 150 -760 -27858 999 -6 1 0 1155000 1166000 1176000 1157000 1496000 1500000 1164000 1495000 1999000 998000 0 0 0 0 0 0 -236 164 
58001000 5000 10000 11000 0 -193 -899 -27844 999 -7 -1 0 1151000 1181000 1169000 1153000 1496000 1499000 1164000 1496000 1998000 998000 0 0 0 0 0 0 -236 164 
58101000 5000 10000 11000 0 -563 -1173 -27833 999 -10 -4 0 1148000 1176000 1165000 1165000 1496000 1500000 1164000 1495000 1998000 998000 0 0 0 0 0 0 -236 164 
58201000 5000 10000 11000 0 -637 -1291 -27828 999 -11 -5 0 1161000 1178000 1160000 1155000 1496000 1500000 1163000 1495000 1998000 997000 0 0 0 0 0 0 -236 164 
58301000 5000 10000 11000 0 -557 -1291 -27823 999 -11 -4 0 1164000 1170000 1163000 1153000 1496000 1500000 1164000 1495000 1998000 998000 0 0 0 0 0 0 -237 163 
58401000 5000 10000 11000 0 -195 -1014 -27826 999 -8 -1 0 1171000 1158000 1170000 1158000 1496000 1499000 1165000 1495000 1999000 998000 0 0 0 0 0 0 -235 165 
58501000 5000 10000 11000 0 144 -707 -27835 999 -6 1 0 1170000 1154000 1169000 1165000 1497000 1499000 1165000 1496000 1998000 998000 0 0 0 0 0 0 -235 165 
58601000 5000 10000 11000 0 272 -412 -27825 999 -3 2 0 1172000 1173000 1158000 1155000 1496000 1499000 1166000 1495000 1998000 998000 0 0 0 0 0 0 -235 165 
58701000 5000 10000 11000 0 6 -521 -27822 999 -4 0 0 1155000 1178000 1160000 1161000 1496000 1499000 1165000 1495000 1999000 998000 0 0 0 0 0 0 -236 164 
58801000 5000 10000 11000 0 -314 -798 -27833 999 -6 -2 0 1146000 1176000 1165000 1167000 1496000 1499000 1165000 1495000 1999000 997000 0 0 0 0 0 0 -236 164 
58901000 5000 10000 11000 0 -600 -1077 -27823 999 -9 -5 0 1158000 1179000 1161000 1160000 1496000 1499000 1164000 1495000 1999000 998000 0 0 0 0 0 0 -235 165 
59001000 5000 10000 11000 0 -576 -982 -27819 999 -8 -5 0 1169000 1172000 1162000 1151000 1497000 1499000 1164000 1495000 1998000 998000 0 0 0 0 0 0 -236 164 
59101000 5000 10000 11000 0 -303 -696 -27823 999 -6 -2 0 1173000 1161000 1166000 1153000 1496000 1499000 1164000 1495000 1998000 998000 0 0 0 0 0 0 -236 164 
59201000 5000 10000 11000 0 41 -260 -27827 999 -2 0 0 1173000 1149000 1169000 1163000 1496000 1500000 1164000 1495000 1999000 998000 0 0 0 0 0 0 -236 164 
59301000 5000 10000 11000 0 312 -94 -27820 999 0 2 0 1166000 1165000 1161000 1158000 1496000 1499000 1164000 1496000 1999000 997000 0 0 0 0 0 0 -237 163 
59401000 5000 10000 11000 0 20 -210 -27817 999 -1 0 0 1152000 1183000 1155000 1159000 1496000 1499000 1164000 1495000 1999000 998000 0 0 0 0 0 0 -237 163 
59501000 5000 10000 11000 0 -671 -864 -27821 999 -7 -5 0 1138000 1187000 1161000 1168000 1496000 1499000 1164000 1496000 1998000 998000 0 0 0 0 0 0 -236 164 
59601000 5000 10000 11000 0 -1172 -1287 -27820 999 -11 -10 0 1148000 1181000 1155000 1170000 1496000 1499000 1164000 1496000 1999000 997000 0 0 0 0 0 0 -236 164 
59701000 5000 10000 11000 0 -1078 -1288 -27824 999 -11 -9 0 1164000 1158000 1162000 1170000 1496000 1500000 1164000 1496000 1999000 998000 0 0 0 0 0 0 -236 164 
59801000 5000 10000 11000 0 -570 -808 -27826 999 -7 -4 0 1184000 1159000 1158000 1154000 1497000 1499000 1164000 1497000 1999000 997000 0 0 0 0 0 0 -236 164 
59901000 5000 10000 11000 0 -23 -349 -27803 999 -3 0 0 1177000 1159000 1163000 1155000 1496000 1499000 1166000 1496000 1998000 997000 0 0 0 0 0 0 -236 164 
60001000 5000 10000 11000 0 120 -323 -27821 999 -2 1 0 1153000 1164000 1173000 1163000 1496000 1499000 1165000 1495000 1999000 998000 0 0 0 0 0 0 -236 164 
60101000 5000 10000 11000 0 -209 -640 -27819 999 -5 -1 0 1156000 1182000 1166000 1154000 1496000 1499000 1165000 1495000 1998000 998000 0 0 0 0 0 0 -235 165 
60201000 5000 10000 11000 0 -622 -1007 -27805 999 -8 -5 0 1154000 1184000 1160000 1160000 1496000 1500000 1165000 1495000 1999000 998000 0 0 0 0 0 0 -235 165 
60301000 5000 10000 11000 0 -728 -1116 -27805 999 -9 -6 0 1160000 1171000 1164000 1163000 1497000 1499000 1165000 1496000 1998000 998000 0 0 0 0 0 0 -235 165 
60401000 5000 10000 11000 0 -586 -1083 -27810 999 -9 -5 0 1160000 1163000 1165000 1170000 1496000 1499000 1165000 1495000 1999000 997000 0 0 0 0 0 0 -235 165 
60501000 5000 10000 11000 0 -385 -869 -27806 999 -7 -3 0 1171000 1170000 1158000 1159000 1496000 1500000 1165000 1495000 1999000 998000 0 0 0 0 0 0 -235 165 
60601000 5000 10000 11000 0 -151 -625 -27800 999 -5 -1 0 1173000 1168000 1159000 1157000 1496000 1499000 1165000 1495000 1998000 998000 0 0 0 0 0 0 -235 165 
60701000 5000 10000 11000 0 74 -391 -27804 999 -3 0 0 1163000 1157000 1173000 1165000 1496000 1499000 1164000 1496000 1998000 998000 0 0 0 0 0 0 -235 165 
60801000 5000 10000 11000 0 276 -292 -27796 999 -2 2 0 1169000 1168000 1163000 1153000 1497000 1499000 1163000 1496000 1998000 998000 0 0 0 0 0 0 -236 164 
60901000 5000 10000 11000 0 219 -238 -27796 999 -2 1 0 1168000 1169000 1159000 1157000 1496000 1499000 1163000 1496000 1998000 998000 0 0 0 0 0 0 -236 164 
61001000 5000 10000 11000 0 109 -347 -27800 999 -3 0 0 1153000 1166000 1167000 1164000 1496000 1500000 1163000 1496000 1999000 997000 0 0 0 0 0 0 -237 163 
61101000 5000 10000 11000 0 -57 -543 -27799 999 -4 0 0 1149000 1168000 1162000 1162000 1496000 1499000 1160000 1497000 1998000 997000 0 0 0 0 0 0 -239 161 
61201000 5000 10000 11000 0 -199 -727 -27796 999 -6 -1 0 1161000 1170000 1154000 1156000 1496000 1499000 1160000 1496000 1998000 999000 0 0 0 0 0 0 -239 161 
61301000 5000 10000 11000 0 -197 -817 -27781 999 -7 -1 0 1162000 1172000 1154000 1150000 1496000 1499000 1157000 1496000 1998000 998000 0 0 0 0 0 0 -240 160 
61401000 5000 10000 11000 0 6 -713 -27779 999 -6 0 0 1152000 1148000 1152000 1146000 1496000 1499000 1148000 1496000 1998000 997000 0 0 0 0 0 0 -250 150 
61501000 5000 10000 11000 0 166 -597 -27787 999 -5 1 0 1151000 1144000 1154000 1149000 1496000 1500000 1145000 1496000 1998000 998000 0 0 0 0 0 0 -250 150 
61601000 5000 10000 11000 0 286 -477 -27790 999 -4 2 0 1144000 1142000 1149000 1143000 1497000 1499000 1145000 1496000 1998000 998000 0 0 0 0 0 0 -255 145 
61701000 5000 10000 11000 0 404 -449 -27796 999 -3 3 0 1144000 1147000 1148000 1140000 1496000 1499000 1145000 1495000 1998000 998000 0 0 0 0 0 0 -255 145 
61801000 5000 10000 11000 0 291 -560 -27795 999 -4 2 0 1141000 1149000 1150000 1138000 1496000 1499000 1145000 1495000 1998000 999000 0 0 0 0 0 0 -255 145 
61901000 5000 10000 11000 0 128 -686 -27782 999 -5 1 0 1141000 1150000 1148000 1138000 1496000 1499000 1146000 1495000 1999000 997000 0 0 0 0 0 0 -255 145 
62001000 5000 10000 11000 0 68 -731 -27782 999 -6 0 0 1144000 1154000 1145000 1140000 1496000 1500000 1146000 1495000 1998000 998000 0 0 0 0 0 0 -254 146 
62101000 5000 10000 11000 0 -115 -895 -27778 999 -7 -1 0 1137000 1157000 1145000 1142000 1497000 1499000 1146000 1496000 1998000 998000 0 0 0 0 0 0 -254 146 
62201000 5000 10000 11000 0 -209 -932 -27771 999 -8 -1 0 1143000 1152000 1143000 1144000 1496000 1499000 1146000 1495000 1999000 998000 0 0 0 0 0 0 -254 146 
62301000 5000 10000 11000 0 -158 -844 -27773 999 -7 -1 0 1143000 1144000 1148000 1147000 1496000 1499000 1146000 1495000 1999000 998000 0 0 0 0 0 0 -254 146 
62401000 5000 10000 11000 0 -33 -652 -27765 999 -5 0 0 1145000 1139000 1148000 1149000 1496000 1499000 1146000 1495000 1999000 997000 0 0 0 0 0 0 -254 146 
62501000 5000 10000 11000 0 172 -467 -27761 999 -4 1 0 1148000 1139000 1149000 1146000 1496000 1500000 1146000 1495000 1999000 998000 0 0 0 0 0 0 -254 146 
62601000 5000 10000 11000 0 283 -324 -27762 999 -2 2 0 1146000 1139000 1149000 1143000 1497000 1499000 1146000 1496000 1998000 998000 0 0 0 0 0 0 -255 145 
62701000 5000 10000 11000 0 193 -356 -27763 999 -3 1 0 1139000 1150000 1147000 1142000 1496000 1499000 1147000 1495000 1998000 998000 0 0 0 0 0 0 -255 145 
62801000 5000 10000 11000 0 -100 -574 -27762 999 -5 0 0 1137000 1158000 1147000 1144000 1496000 1499000 1146000 1495000 1999000 998000 0 0 0 0 0 0 -252 147 
62901000 5000 10000 11000 0 -487 -844 -27759 999 -7 -4 0 1131000 1156000 1146000 1145000 1496000 1499000 1146000 1495000 1999000 997000 0 0 0 0 0 0 -255 145 
63001000 5000 10000 11000 0 -714 -1065 -27747 999 -9 -6 0 1136000 1157000 1146000 1139000 1496000 1500000 1146000 1495000 1999000 997000 0 0 0 0 0 0 -255 145 
63101000 5000 10000 11000 0 -720 -1045 -27743 999 -9 -6 0 1145000 1150000 1146000 1141000 1497000 1499000 1145000 1496000 1999000 997000 0 0 0 0 0 0 -254 146 
63201000 5000 10000 11000 0 -439 -839 -27748 999 -7 -3 0 1155000 1143000 1143000 1138000 1496000 1499000 1145000 1495000 1998000 997000 0 0 0 0 0 0 -255 145 
63301000 5000 10000 11000 0 45 -410 -27748 999 -3 0 0 1160000 1138000 1142000 1138000 1496000 1499000 1146000 1495000 1999000 998000 0 0 0 0 0 0 -255 145 
63401000 5000 10000 11000 0 399 -120 -27739 999 -1 3 0 1154000 1146000 1142000 1139000 1496000 1500000 1146000 1495000 1999000 997000 0 0 0 0 0 0 -254 146 
63501000 5000 10000 11000 0 319 -163 -27743 999 -1 2 0 1135000 1158000 1145000 1144000 1496000 1500000 1146000 1495000 1998000 998000 0 0 0 0 0 0 -254 146 
63601000 5000 10000 11000 0 -202 -633 -27740 999 -5 -1 0 1126000 1167000 1145000 1144000 1497000 1499000 1146000 1495000 1998000 998000 0 0 0 0 0 0 -254 146 
63701000 5000 10000 11000 0 -559 -1066 -27729 999 -9 -4 0 1132000 1160000 1143000 1147000 1496000 1499000 1146000 1495000 1999000 997000 0 0 0 0 0 0 -254 146 
63801000 5000 10000 11000 0 -656 -1207 -27730 999 -10 -5 0 1144000 1151000 1142000 1142000 1496000 1500000 1146000 1495000 1999000 998000 0 0 0 0 0 0 -255 145 
63901000 5000 10000 11000 0 -405 -999 -27731 999 -8 -3 0 1154000 1139000 1146000 1140000 1496000 1499000 1146000 1495000 1998000 998000 0 0 0 0 0 0 -255 145 
64001000 5000 10000 11000 0 107 -581 -27726 999 -5 0 0 1161000 1134000 1146000 1140000 1496000 1500000 1146000 1495000 1999000 998000 0 0 0 0 0 0 -254 146 
64101000 5000 10000 11000 0 468 -317 -27723 999 -2 4 0 1154000 1142000 1148000 1138000 1497000 1499000 1146000 1495000 1999000 997000 0 0 0 0 0 0 -254 146 
64201000 5000 10000 11000 0 371 -317 -27718 999 -2 3 0 1141000 1154000 1147000 1141000 1496000 1499000 1146000 1495000 1998000 998000 0 0 0 0 0 0 -254 146 
64301000 5000 10000 11000 0 -60 -697 -27709 999 -6 0 0 1133000 1168000 1143000 1138000 1496000 1500000 1146000 1495000 1999000 998000 0 0 0 0 0 0 -254 146 
64401000 5000 10000 11000 0 -525 -1217 -27715 999 -10 -4 0 1128000 1172000 1140000 1142000 1496000 1499000 1146000 1495000 1998000 997000 0 0 0 0 0 0 -254 146 
64501000 5000 10000 11000 0 -859 -1606 -27713 999 -14 -7 0 1135000 1161000 1143000 1143000 1496000 1499000 1146000 1495000 1999000 998000 0 0 0 0 0 0 -254 146 
64601000 5000 10000 11000 0 -875 -1577 -27714 999 -13 -7 0 1149000 1151000 1143000 1139000 1497000 1499000 1146000 1495000 1998000 998000 0 0 0 0 0 0 -254 146 
64701000 5000 10000 11000 0 -456 -1222 -27714 999 -10 -3 0 1159000 1142000 1143000 1134000 1496000 1499000 1146000 1495000 1999000 997000 0 0 0 0 0 0 -255 145 
64801000 5000 10000 11000 0 143 -677 -27712 999 -5 1 0 1160000 1137000 1144000 1136000 1496000 1500000 1146000 1495000 1999000 998000 0 0 0 0 0 0 -255 145 
64901000 5000 10000 11000 0 484 -257 -27714 999 -2 4 0 1151000 1146000 1146000 1139000 1496000 1499000 1146000 1495000 1999000 997000 0 0 0 0 0 0 -254 146 
65001000 5000 10000 11000 0 470 -394 -27716 999 -3 4 0 1135000 1161000 1146000 1140000 1496000 1500000 1146000 1495000 1999000 998000 0 0 0 0 0 0 -254 146 
65101000 5000 10000 11000 0 -8 -828 -27713 999 -7 0 0 1126000 1172000 1145000 1140000 1497000 1499000 1146000 1495000 1998000 998000 0 0 0 0 0 0 -254 146 
65201000 5000 10000 11000 0 -583 -1401 -27709 999 -12 -5 0 1126000 1167000 1143000 1146000 1496000 1500000 1145000 1495000 1998000 997000 0 0 0 0 0 0 -254 146 
65301000 5000 10000 11000 0 -864 -1767 -27697 999 -15 -7 0 1139000 1158000 1143000 1142000 1496000 1500000 1146000 1495000 1999000 998000 0 0 0 0 0 0 -254 146 
65401000 5000 10000 11000 0 -688 -1587 -27706 999 -13 -6 0 1156000 1140000 1144000 1142000 1496000 1499000 1146000 1495000 1999000 997000 0 0 0 0 0 0 -254 146 
65501000 5000 10000 11000 0 -98 -1009 -27714 999 -8 0 0 1164000 1132000 1147000 1139000 1496000 1500000 1147000 1495000 1998000 998000 0 0 0 0 0 0 -254 146 
65601000 5000 10000 11000 0 441 -522 -27714 999 -4 3 0 1159000 1134000 1148000 1137000 1497000 1499000 1147000 1495000 1999000 997000 0 0 0 0 0 0 -255 145 
65701000 5000 10000 11000 0 623 -338 -27708 999 -2 5 0 1145000 1148000 1146000 1139000 1496000 1499000 1145000 1495000 1998000 998000 0 0 0 0 0 0 -255 145 
65801000 5000 10000 11000 0 376 -687 -27708 999 -5 3 0 1130000 1162000 1147000 1139000 1496000 1500000 1146000 1495000 1999000 998000 0 0 0 0 0 0 -255 145 
65901000 5000 10000 11000 0 -224 -1243 -27701 999 -10 -1 0 1123000 1172000 1143000 1143000 1496000 1499000 1146000 1495000 1999000 997000 0 0 0 0 0 0 -254 146 
66001000 5000 10000 11000 0 -642 -1654 -27699 999 -14 -5 0 1134000 1164000 1145000 1139000 1496000 1500000 1146000 1495000 1999000 997000 0 0 0 0 0 0 -254 146 
66101000 5000 10000 11000 0 -747 -1683 -27696 999 -14 -6 0 1141000 1151000 1147000 1143000 1497000 1499000 1146000 1496000 1999000 997000 0 0 0 0 0 0 -254 146 
66201000 5000 10000 11000 0 -525 -1285 -27694 999 -11 -4 0 1154000 1139000 1146000 1139000 1496000 1499000 1145000 1495000 1999000 997000 0 0 0 0 0 0 -255 145 
66301000 5000 10000 11000 0 -6 -866 -27693 999 -7 0 0 1157000 1139000 1146000 1136000 1496000 1499000 1146000 1495000 1999000 998000 0 0 0 0 0 0 -255 145 
66401000 5000 10000 11000 0 332 -497 -27696 999 -4 2 0 1156000 1148000 1144000 1134000 1496000 1499000 1145000 1495000 1998000 997000 0 0 0 0 0 0 -254 146 
66501000 5000 10000 11000 0 422 -538 -27698 999 -4 3 0 1140000 1160000 1144000 1138000 1496000 1500000 1146000 1495000 1999000 998000 0 0 0 0 0 0 -254 146 
66601000 5000 10000 11000 0 63 -778 -27697 999 -6 0 0 1139000 1161000 1145000 1138000 1497000 1499000 1146000 1496000 1999000 997000 0 0 0 0 0 0 -254 146 
66701000 5000 10000 11000 0 -235 -1013 -27694 999 -8 -2 0 1139000 1165000 1142000 1136000 1496000 1499000 1147000 1495000 1999000 997000 0 0 0 0 0 0 -254 146 
66801000 5000 10000 11000 0 -463 -1226 -27693 999 -10 -4 0 1142000 1159000 1139000 1138000 1496000 1499000 1147000 1495000 1999000 997000 0 0 0 0 0 0 -255 145 
66901000 5000 10000 11000 0 -413 -1143 -27691 999 -9 -3 0 1153000 1148000 1141000 1136000 1496000 1499000 1146000 1495000 1998000 998000 0 0 0 0 0 0 -255 145 
67001000 5000 10000 11000 0 -147 -830 -27696 999 -7 -1 0 1156000 1142000 1147000 1137000 1496000 1499000 1146000 1495000 1999000 998000 0 0 0 0 0 0 -254 146 
67101000 5000 10000 11000 0 299 -540 -27692 999 -4 2 0 1156000 1144000 1147000 1135000 1497000 1499000 1146000 1496000 1999000 997000 0 0 0 0 0 0 -254 146 
67201000 5000 10000 11000 0 460 -339 -27690 999 -2 4 0 1148000 1150000 1146000 1139000 1496000 1500000 1146000 1495000 1999000 997000 0 0 0 0 0 0 -254 146 
67301000 5000 10000 11000 0 358 -343 -27690 999 -2 3 0 1144000 1157000 1142000 1138000 1496000 1499000 1146000 1495000 1998000 998000 0 0 0 0 0 0 -254 146 
67401000 5000 10000 11000 0 193 -515 -27684 999 -4 1 0 1139000 1155000 1140000 1144000 1496000 1499000 1146000 1495000 1998000 997000 0 0 0 0 0 0 -255 145 
67501000 5000 10000 11000 0 -51 -724 -27682 999 -6 0 0 1143000 1156000 1139000 1140000 1496000 1500000 1146000 1495000 1998000 998000 0 0 0 0 0 0 -255 145 
67601000 5000 10000 11000 0 -83 -821 -27684 999 -7 0 0 1144000 1151000 1142000 1145000 1497000 1499000 1146000 1496000 1998000 997000 0 0 0 0 0 0 -254 146 
67701000 5000 10000 11000 0 -15 -729 -27684 999 -6 0 0 1146000 1145000 1146000 1144000 1496000 1500000 1146000 1495000 1999000 998000 0 0 0 0 0 0 -254 146 
67801000 5000 10000 11000 0 90 -664 -27683 999 -5 0 0 1143000 1148000 1148000 1143000 1496000 1499000 1146000 1495000 1998000 997000 0 0 0 0 0 0 -254 146 
67901000 5000 10000 11000 0 18 -659 -27678 999 -5 0 0 1141000 1151000 1147000 1143000 1496000 1499000 1146000 1495000 1998000 997000 0 0 0 0 0 0 -254 146 
68001000 5000 10000 11000 0 52 -731 -27666 999 -6 0 0 1143000 1149000 1147000 1143000 1496000 1500000 1146000 1495000 1999000 998000 0 0 0 0 0 0 -254 146 
68101000 5000 10000 11000 0 75 -680 -27665 999 -5 0 0 1147000 1145000 1147000 1143000 1496000 1499000 1146000 1496000 1998000 998000 0 0 0 0 0 0 -254 146 
68201000 5000 10000 11000 0 140 -596 -27665 999 -5 1 0 1144000 1149000 1146000 1142000 1496000 1499000 1146000 1495000 1999000 998000 0 0 0 0 0 0 -254 146 
68301000 5000 10000 11000 0 137 -618 -27664 999 -5 1 0 1144000 1149000 1145000 1139000 1497000 1499000 1146000 1495000 1998000 997000 0 0 0 0 0 0 -255 145 
68401000 5000 10000 11000 0 151 -571 -27662 999 -4 1 0 1149000 1147000 1144000 1138000 1496000 1499000 1146000 1495000 1999000 997000 0 0 0 0 0 0 -255 145 
68501000 5000 10000 11000 0 190 -497 -27658 999 -4 1 0 1151000 1150000 1144000 1137000 1496000 1500000 1146000 1495000 1999000 998000 0 0 0 0 0 0 -254 146 
68601000 5000 10000 11000 0 246 -446 -27658 999 -3 2 0 1151000 1149000 1145000 1137000 1496000 1499000 1146000 1495000 1998000 998000 0 0 0 0 0 0 -254 146 
68701000 5000 10000 11000 0 290 -383 -27662 999 -3 2 0 1147000 1153000 1146000 1136000 1496000 1500000 1146000 1495000 1998000 998000 0 0 0 0 0 0 -254 146 
68801000 5000 10000 11000 0 257 -451 -27652 999 -3 2 0 1146000 1156000 1143000 1137000 1497000 1499000 1146000 1496000 1998000 998000 0 0 0 0 0 0 -254 146 
68901000 5000 10000 11000 0 53 -607 -27650 999 -5 0 0 1143000 1157000 1142000 1137000 1496000 1500000 1146000 1495000 1999000 997000 0 0 0 0 0 0 -255 145 
69001000 5000 10000 11000 0 -32 -705 -27655 999 -6 0 0 1143000 1158000 1140000 1136000 1496000 1499000 1146000 1495000 1999000 998000 0 0 0 0 0 0 -255 145 
69101000 5000 10000 11000 0 -178 -843 -27656 999 -7 -1 0 1141000 1157000 1142000 1142000 1496000 1499000 1146000 1495000 1999000 997000 0 0 0 0 0 0 -254 146 
69201000 5000 10000 11000 0 -191 -914 -27651 999 -7 -1 0 1145000 1153000 1144000 1140000 1496000 1500000 1146000 1495000 1998000 998000 0 0 0 0 0 0 -254 146 
69301000 5000 10000 12000 0 -149 -852 -27649 999 -7 -1 0 1144000 1145000 1148000 1144000 1497000 1499000 1146000 1496000 1998000 998000 0 0 0 0 0 0 -254 146 
69401000 5000 10000 12000 0 -101 -717 -27650 999 -6 0 0 1146000 1145000 1149000 1143000 1496000 1499000 1146000 1495000 1999000 998000 0 0 0 0 0 0 -254 146 
69501000 5000 10000 12000 0 75 -483 -27647 999 -4 0 0 1152000 1139000 1149000 1142000 1496000 1499000 1146000 1495000 1998000 997000 0 0 0 0 0 0 -254 146 
69601000 5000 10000 12000 0 345 -286 -27642 999 -2 3 0 1149000 1139000 1150000 1144000 1496000 1499000 1146000 1495000 1999000 997000 0 0 0 0 0 0 -254 146 
69701000 5000 10000 12000 0 334 -273 -27632 999 -2 2 0 1140000 1150000 1149000 1142000 1496000 1500000 1146000 1495000 1999000 998000 0 0 0 0 0 0 -254 146 
69801000 5000 10000 12000 0 112 -440 -27632 999 -3 0 0 1136000 1156000 1146000 1140000 1496000 1499000 1146000 1496000 1998000 998000 0 0 0 0 0 0 -255 145 
69901000 5000 10000 12000 0 -258 -708 -27633 999 -6 -2 0 1135000 1161000 1142000 1140000 1496000 1499000 1146000 1495000 1998000 998000 0 0 0 0 0 0 -255 145 
70001000 5000 10000 12000 0 -449 -965 -27629 999 -8 -3 0 1140000 1159000 1140000 1142000 1497000 1499000 1146000 1495000 1998000 998000 0 0 0 0 0 0 -254 146 
70101000 5000 10000 12000 0 -384 -922 -27631 999 -8 -3 0 1151000 1148000 1140000 1139000 1496000 1499000 1146000 1495000 1998000 998000 0 0 0 0 0 0 -255 145 
70201000 5000 10000 12000 0 -93 -680 -27629 999 -5 0 0 1155000 1145000 1139000 1139000 1496000 1499000 1146000 1495000 1999000 998000 0 0 0 0 0 0 -255 145 
70301000 5000 10000 12000 0 173 -384 -27626 999 -3 1 0 1153000 1144000 1143000 1142000 1496000 1499000 1146000 1495000 1999000 997000 0 0 0 0 0 0 -254 146 
70401000 5000 10000 12000 0 339 -254 -27627 999 -2 2 0 1147000 1149000 1146000 1140000 1496000 1499000 1146000 1495000 1998000 998000 0 0 0 0 0 0 -254 146 
70501000 5000 10000 12000 0 191 -470 -27631 999 -4 1 0 1137000 1159000 1145000 1141000 1497000 1499000 1146000 1496000 1998000 998000 0 0 0 0 0 0 -254 146 
70601000 5000 10000 12000 0 -164 -888 -27627 999 -7 -1 0 1133000 1165000 1143000 1141000 1496000 1500000 1146000 1495000 1999000 997000 0 0 0 0 0 0 -254 146 
70701000 5000 10000 12000 0 -506 -1184 -27630 999 -10 -4 0 1139000 1155000 1143000 1145000 1496000 1499000 1146000 1495000 1999000 997000 0 0 0 0 0 0 -254 146 
70801000 5000 10000 12000 0 -411 -1170 -27626 999 -10 -3 0 1148000 1141000 1148000 1145000 1496000 1499000 1146000 1495000 1999000 997000 0 0 0 0 0 0 -254 146 
70901000 5000 10000 12000 0 -51 -814 -27626 999 -7 0 0 1152000 1136000 1150000 1143000 1496000 1500000 1146000 1495000 1999000 997000 0 0 0 0 0 0 -254 146 
71001000 5000 10000 12000 0 354 -457 -27624 999 -3 3 0 1154000 1133000 1152000 1143000 1496000 1500000 1145000 1496000 1998000 997000 0 0 0 0 0 0 -254 146 
71101000 5000 10000 12000 0 588 -200 -27622 999 -1 5 0 1151000 1141000 1150000 1140000 1496000 1500000 1146000 1495000 1998000 999000 0 0 0 0 0 0 -254 146 
71201000 5000 10000 12000 0 546 -240 -27614 999 -2 4 0 1142000 1147000 1151000 1142000 1497000 1500000 1145000 1495000 1998000 998000 0 0 0 0 0 0 -254 146 
71301000 5000 10000 12000 0 241 -513 -27611 999 -4 2 0 1134000 1156000 1148000 1144000 1496000 1500000 1145000 1495000 1998000 998000 0 0 0 0 0 0 -254 146 
71401000 5000 10000 12000 0 -191 -879 -27602 999 -7 -1 0 1131000 1159000 1147000 1145000 1496000 1499000 1146000 1495000 1999000 997000 0 0 0 0 0 0 -254 146 
71501000 5000 10000 12000 0 -433 -1231 -27602 999 -10 -3 0 1138000 1156000 1145000 1142000 1496000 1499000 1146000 1495000 1999000 997000 0 0 0 0 0 0 -254 146 
71601000 5000 10000 12000 0 -467 -1298 -27602 999 -11 -4 0 1142000 1151000 1146000 1143000 1496000 1500000 1145000 1495000 1999000 998000 0 0 0 0 0 0 -254 146 
71701000 5000 10000 12000 0 -352 -1182 -27595 999 -10 -3 0 1147000 1152000 1145000 1138000 1497000 1500000 1145000 1496000 1998000 998000 0 0 0 0 0 0 -254 146 
71801000 5000 10000 12000 0 -188 -1057 -27594 999 -9 -1 0 1148000 1150000 1144000 1136000 1496000 1500000 1146000 1495000 1999000 997000 0 0 0 0 0 0 -255 145 
71901000 5000 10000 12000 0 -9 -819 -27593 999 -7 0 0 1151000 1154000 1143000 1134000 1496000 1499000 1145000 1495000 1998000 998000 0 0 0 0 0 0 -254 146 
72001000 5000 10000 12000 0 -38 -696 -27588 999 -6 0 0 1152000 1153000 1141000 1136000 1496000 1500000 1145000 1495000 1999000 997000 0 0 0 0 0 0 -254 146 
72101000 5000 10000 12000 0 16 -566 -27591 999 -4 0 0 1154000 1150000 1140000 1134000 1496000 1500000 1146000 1495000 1999000 998000 0 0 0 0 0 0 -255 145 
72201000 5000 10000 12000 0 104 -518 -27597 999 -4 0 0 1151000 1148000 1144000 1140000 1496000 1500000 1145000 1495000 1998000 998000 0 0 0 0 0 0 -254 146 
72301000 5000 10000 12000 0 165 -445 -27592 999 -3 1 0 1149000 1151000 1144000 1139000 1496000 1500000 1146000 1495000 1999000 999000 0 0 0 0 0 0 -254 146 
72401000 5000 10000 12000 0 88 -504 -27594 999 -4 0 0 1143000 1151000 1143000 1145000 1497000 1500000 1145000 1496000 1998000 998000 0 0 0 0 0 0 -254 146 
72501000 5000 10000 12000 0 0 -624 -27594 999 -5 0 0 1144000 1153000 1141000 1144000 1496000 1500000 1146000 1495000 1998000 997000 0 0 0 0 0 0 -254 146 
72601000 5000 10000 12000 0 -160 -688 -27591 999 -6 -1 0 1142000 1150000 1144000 1146000 1496000 1499000 1146000 1495000 1999000 998000 0 0 0 0 0 0 -254 146 
72701000 5000 10000 12000 0 -91 -657 -27590 999 -5 0 0 1141000 1148000 1148000 1145000 1496000 1500000 1145000 1495000 1998000 999000 0 0 0 0 0 0 -254 146 
72801000 5000 10000 12000 0 -128 -766 -27585 999 -6 -1 0 1139000 1150000 1149000 1144000 1496000 1500000 1146000 1495000 1998000 998000 0 0 0 0 0 0 -254 146 
72901000 5000 10000 12000 0 -113 -781 -27587 999 -6 0 0 1142000 1146000 1150000 1144000 1496000 1500000 1145000 1496000 1998000 998000 0 0 0 0 0 0 -254 146 
73001000 5000 10000 12000 0 -87 -799 -27588 999 -6 0 0 1138000 1147000 1150000 1143000 1496000 1500000 1146000 1495000 1999000 998000 0 0 0 0 0 0 -255 145 
73101000 5000 10000 12000 0 -82 -809 -27580 999 -7 0 0 1140000 1152000 1150000 1140000 1497000 1500000 1145000 1495000 1998000 999000 0 0 0 0 0 0 -254 146 
73201000 5000 10000 12000 0 -130 -801 -27574 999 -6 -1 0 1142000 1150000 1148000 1142000 1496000 1500000 1145000 1495000 1998000 1000000 0 0 0 0 0 0 -254 146 
73301000 5000 10000 12000 0 -7 -684 -27571 999 -5 0 0 1151000 1149000 1143000 1135000 1496000 1499000 1145000 1495000 1999000 998000 0 0 0 0 0 0 -255 145 
73401000 5000 10000 12000 0 250 -484 -27568 999 -4 2 0 1155000 1148000 1141000 1138000 1496000 1500000 1145000 1495000 1999000 997000 0 0 0 0 0 0 -254 146 
73501000 5000 10000 12000 0 532 -313 -27568 999 -2 4 0 1155000 1152000 1140000 1135000 1496000 1500000 1145000 1495000 1999000 998000 0 0 0 0 0 0 -254 146 
73601000 5000 10000 12000 0 499 -308 -27576 999 -2 4 0 1147000 1153000 1139000 1139000 1497000 1499000 1144000 1496000 1998000 998000 0 0 0 0 0 0 -255 145 
73701000 5000 10000 12000 0 384 -470 -27575 999 -4 3 0 1145000 1159000 1140000 1138000 1496000 1500000 1145000 1495000 1999000 997000 0 0 0 0 0 0 -254 146 
73801000 5000 10000 12000 0 225 -620 -27568 999 -5 1 0 1142000 1157000 1143000 1141000 1496000 1499000 1145000 1495000 1998000 998000 0 0 0 0 0 0 -254 146 
73901000 5000 10000 12000 0 16 -770 -27564 999 -6 0 0 1140000 1158000 1141000 1138000 1496000 1500000 1144000 1495000 1999000 997000 0 0 0 0 0 0 -255 145 
74001000 5000 10000 12000 0 -116 -897 -27564 999 -7 -1 0 1140000 1155000 1143000 1141000 1496000 1500000 1145000 1496000 1999000 998000 0 0 0 0 0 0 -255 145 
74101000 5000 10000 12000 0 -149 -925 -27564 999 -8 -1 0 1146000 1147000 1145000 1140000 1496000 1499000 1145000 1496000 1998000 997000 0 0 0 0 0 0 -255 145 
74201000 5000 10000 12000 0 -146 -924 -27564 999 -8 -1 0 1143000 1146000 1147000 1142000 1496000 1499000 1145000 1496000 1999000 998000 0 0 0 0 0 0 -255 145 
74301000 5000 10000 12000 0 -320 -813 -27566 999 -7 -2 0 1139000 1147000 1150000 1146000 1497000 1499000 1145000 1497000 1998000 998000 0 0 0 0 0 0 -254 146 
74401000 5000 10000 12000 0 -231 -672 -27565 999 -5 -2 0 1145000 1138000 1149000 1150000 1496000 1500000 1146000 1495000 1998000 998000 0 0 0 0 0 0 -254 146 
74501000 5000 10000 12000 0 -109 -511 -27564 999 -4 0 0 1144000 1145000 1149000 1144000 1496000 1499000 1146000 1495000 1998000 998000 0 0 0 0 0 0 -254 146 
74601000 5000 10000 12000 0 6 -499 -27565 999 -4 0 0 1138000 1149000 1147000 1144000 1496000 1500000 1145000 1495000 1999000 997000 0 0 0 0 0 0 -255 145 
74701000 5000 10000 12000 0 -115 -645 -27567 999 -5 -1 0 1138000 1155000 1145000 1140000 1496000 1500000 1146000 1495000 1999000 997000 0 0 0 0 0 0 -255 145 
74801000 5000 10000 12000 0 -260 -798 -27569 999 -6 -2 0 1140000 1158000 1142000 1142000 1496000 1499000 1146000 1495000 1999000 998000 0 0 0 0 0 0 -254 146 
74901000 5000 10000 12000 0 -281 -816 -27565 999 -7 -2 0 1147000 1155000 1138000 1138000 1496000 1500000 1146000 1495000 1999000 997000 0 0 0 0 0 0 -255 145 
75001000 5000 10000 12000 0 -169 -720 -27570 999 -6 -1 0 1152000 1151000 1140000 1136000 1497000 1499000 1146000 1496000 1999000 997000 0 0 0 0 0 0 -255 145 
75101000 5000 10000 12000 0 -8 -562 -27570 999 -4 0 0 1153000 1156000 1139000 1134000 1496000 1499000 1147000 1495000 1998000 998000 0 0 0 0 0 0 -254 146 
75201000 5000 10000 12000 0 59 -462 -27572 999 -4 0 0 1150000 1147000 1144000 1137000 1496000 1499000 1146000 1495000 1998000 998000 0 0 0 0 0 0 -255 145 
75301000 5000 10000 12000 0 119 -313 -27572 999 -2 1 0 1145000 1152000 1143000 1138000 1496000 1499000 1146000 1495000 1998000 998000 0 0 0 0 0 0 -255 145 
75401000 5000 10000 12000 0 -31 -417 -27567 999 -3 0 0 1140000 1156000 1145000 1142000 1496000 1500000 1146000 1495000 1999000 999000 0 0 0 0 0 0 -254 146 
75501000 5000 10000 12000 0 -299 -645 -27562 999 -5 -2 0 1133000 1162000 1140000 1143000 1496000 1499000 1146000 1495000 1999000 997000 0 0 0 0 0 0 -255 145 
75601000 5000 10000 12000 0 -655 -872 -27564 999 -7 -5 0 1134000 1158000 1141000 1144000 1496000 1499000 1146000 1495000 1998000 998000 0 0 0 0 0 0 -255 145 
75701000 5000 10000 12000 0 -765 -1072 -27563 999 -9 -6 0 1137000 1150000 1143000 1151000 1497000 1499000 1147000 1496000 1998000 998000 0 0 0 0 0 0 -254 146 
75801000 5000 10000 12000 0 -689 -1014 -27559 999 -8 -6 0 1144000 1146000 1146000 1142000 1496000 1500000 1146000 1495000 1999000 997000 0 0 0 0 0 0 -255 145 
75901000 5000 10000 12000 0 -560 -815 -27557 999 -7 -4 0 1154000 1148000 1140000 1136000 1496000 1499000 1150000 1495000 1998000 998000 0 0 0 0 0 0 -255 145 
76001000 5000 10000 12000 0 -224 -548 -27556 999 -4 -1 0 1160000 1151000 1146000 1141000 1496000 1500000 1154000 1494000 1998000 998000 0 0 0 0 0 0 -250 150 
76101000 5000 10000 12000 0 118 -306 -27556 999 -2 1 0 1182000 1169000 1171000 1168000 1496000 1500000 1182000 1494000 1999000 1000000 0 0 0 0 0 0 -227 173 
76201000 5000 10000 12000 0 209 -271 -27547 999 -2 1 0 1172000 1186000 1168000 1165000 1496000 1500000 1182000 1494000 1998000 998000 0 0 0 0 0 0 -227 173 
76301000 5000 10000 12000 0 -91 -721 -27543 999 -6 0 0 1163000 1204000 1183000 1176000 1496000 1500000 1183000 1495000 1999000 998000 0 0 0 0 0 0 -218 182 
76401000 5000 10000 12000 0 -489 -1208 -27544 999 -10 -4 0 1164000 1195000 1186000 1180000 1497000 1499000 1182000 1496000 1999000 997000 0 0 0 0 0 0 -218 182 
76501000 5000 10000 12000 0 -580 -1331 -27529 999 -11 -5 0 1184000 1193000 1174000 1174000 1496000 1500000 1181000 1496000 1999000 997000 0 0 0 0 0 0 -218 182 
76601000 5000 10000 12000 0 -366 -1024 -27527 999 -8 -3 0 1187000 1169000 1182000 1184000 1496000 1499000 1179000 1496000 1998000 998000 0 0 0 0 0 0 -219 181 
76701000 5000 10000 12000 0 23 -486 -27530 999 -4 0 0 1193000 1172000 1176000 1174000 1496000 1499000 1178000 1496000 1998000 997000 0 0 0 0 0 0 -221 179 
76801000 5000 10000 12000 0 237 -376 -27533 999 -3 2 0 1181000 1181000 1181000 1171000 1496000 1500000 1177000 1495000 1999000 998000 0 0 0 0 0 0 -221 179 
76901000 5000 10000 12000 0 115 -528 -27527 999 -4 1 0 1170000 1189000 1183000 1164000 1496000 1499000 1158000 1496000 1998000 998000 0 0 0 0 0 0 -223 177 
77001000 5000 10000 12000 0 -199 -835 -27528 999 -7 -1 0 1133000 1162000 1156000 1150000 1496000 1500000 1148000 1496000 1998000 998000 0 0 0 0 0 0 -249 151 
77101000 5000 10000 12000 0 -303 -1078 -27526 999 -9 -2 0 1150000 1158000 1151000 1143000 1497000 1499000 1143000 1496000 1998000 998000 0 0 0 0 0 0 -249 151 
77201000 5000 10000 12000 0 -101 -930 -27517 999 -8 0 0 1150000 1150000 1136000 1133000 1496000 1499000 1138000 1495000 1999000 998000 0 0 0 0 0 0 -257 143 
77301000 5000 10000 12000 0 196 -675 -27521 999 -5 1 0 1142000 1134000 1136000 1127000 1497000 1499000 1134000 1495000 1998000 998000 0 0 0 0 0 0 -265 135 
77401000 5000 10000 12000 0 347 -502 -27526 999 -4 3 0 1132000 1137000 1138000 1131000 1496000 1499000 1134000 1495000 1998000 997000 0 0 0 0 0 0 -265 135 
77501000 5000 10000 12000 0 266 -672 -27521 999 -5 2 0 1125000 1144000 1134000 1131000 1496000 1499000 1134000 1495000 1999000 998000 0 0 0 0 0 0 -266 134 
77601000 5000 10000 12000 0 191 -861 -27507 999 -7 1 0 1130000 1144000 1130000 1123000 1496000 1499000 1129000 1495000 1999000 997000 0 0 0 0 0 0 -268 132 
77701000 5000 10000 12000 0 52 -913 -27521 999 -7 0 0 1132000 1142000 1130000 1122000 1496000 1500000 1128000 1495000 1998000 998000 0 0 0 0 0 0 -268 132 
77801000 5000 10000 12000 0 -20 -942 -27526 999 -8 0 0 1126000 1129000 1130000 1125000 1496000 1499000 1128000 1496000 1998000 998000 0 0 0 0 0 0 -272 128 
77901000 5000 10000 12000 0 -76 -836 -27524 999 -7 0 0 1126000 1131000 1131000 1126000 1496000 1500000 1131000 1494000 1998000 998000 0 0 0 0 0 0 -271 129 
78001000 5000 10000 12000 0 -74 -700 -27519 999 -6 0 0 1133000 1131000 1125000 1125000 1497000 1499000 1134000 1496000 1999000 997000 0 0 0 0 0 0 -271 129 
78101000 5000 10000 12000 0 155 -545 -27520 999 -4 1 0 1139000 1131000 1134000 1130000 1496000 1499000 1143000 1495000 1998000 997000 0 0 0 0 0 0 -266 134 
78201000 5000 10000 12000 0 501 -378 -27511 999 -3 4 0 1151000 1144000 1147000 1140000 1496000 1499000 1149000 1495000 1998000 998000 0 0 0 0 0 0 -254 146 
78301000 5000 10000 12000 0 550 -422 -27510 999 -3 4 0 1144000 1154000 1147000 1137000 1496000 1499000 1153000 1495000 1999000 997000 0 0 0 0 0 0 -254 146 
78401000 5000 10000 12000 0 293 -661 -27516 999 -5 2 0 1145000 1164000 1153000 1148000 1496000 1500000 1152000 1495000 1999000 998000 0 0 0 0 0 0 -247 153 
78501000 5000 10000 12000 0 -54 -876 -27518 999 -7 0 0 1142000 1163000 1152000 1149000 1496000 1499000 1152000 1495000 1999000 997000 0 0 0 0 0 0 -248 152 
78601000 5000 10000 12000 0 -234 -1072 -27510 999 -9 -2 0 1147000 1163000 1151000 1145000 1496000 1499000 1152000 1495000 1998000 997000 0 0 0 0 0 0 -248 152 
78701000 5000 10000 12000 0 -225 -1194 -27508 999 -10 -1 0 1151000 1157000 1150000 1148000 1496000 1499000 1148000 1495000 1999000 998000 0 0 0 0 0 0 -248 152 
78801000 5000 10000 12000 0 -69 -993 -27506 999 -8 0 0 1155000 1148000 1144000 1140000 1496000 1499000 1145000 1497000 1998000 998000 0 0 0 0 0 0 -252 147 
78901000 5000 10000 12000 0 211 -749 -27507 999 -6 1 0 1158000 1147000 1143000 1138000 1496000 1499000 1146000 1495000 1998000 998000 0 0 0 0 0 0 -252 147 
79001000 5000 10000 12000 0 386 -596 -27504 999 -5 3 0 1154000 1150000 1142000 1136000 1496000 1499000 1147000 1495000 1999000 998000 0 0 0 0 0 0 -254 146 
79101000 5000 10000 12000 0 416 -583 -27505 999 -5 3 0 1147000 1156000 1144000 1135000 1496000 1499000 1147000 1495000 1999000 997000 0 0 0 0 0 0 -254 146 
79201000 5000 10000 12000 0 192 -791 -27502 999 -6 1 0 1139000 1162000 1143000 1137000 1496000 1499000 1146000 1495000 1999000 998000 0 0 0 0 0 0 -254 146 
79301000 5000 10000 12000 0 -79 -997 -27498 999 -8 0 0 1141000 1158000 1144000 1139000 1496000 1499000 1145000 1496000 1999000 997000 0 0 0 0 0 0 -254 146 
79401000 5000 10000 12000 0 -185 -1045 -27496 999 -9 -1 0 1144000 1150000 1144000 1140000 1496000 1500000 1144000 1495000 1999000 997000 0 0 0 0 0 0 -255 145 
79501000 5000 10000 12000 0 -7 -925 -27500 999 -8 0 0 1151000 1143000 1145000 1140000 1496000 1500000 1146000 1495000 1998000 999000 0 0 0 0 0 0 -255 145 
79601000 5000 10000 12000 0 328 -580 -27502 999 -5 2 0 1155000 1136000 1148000 1144000 1496000 1499000 1146000 1495000 1999000 998000 0 0 0 0 0 0 -254 146 
79701000 5000 10000 12000 0 655 -256 -27498 999 -2 5 0 1155000 1134000 1147000 1142000 1496000 1499000 1146000 1495000 1998000 998000 0 0 0 0 0 0 -255 145 
79801000 5000 10000 12000 0 688 -207 -27489 999 -1 6 0 1145000 1147000 1146000 1141000 1496000 1500000 1146000 1495000 1999000 998000 0 0 0 0 0 0 -255 145 
79901000 5000 10000 12000 0 398 -551 -27488 999 -4 3 0 1134000 1161000 1146000 1141000 1496000 1499000 1147000 1495000 1999000 997000 0 0 0 0 0 0 -254 146 
80001000 5000 10000 12000 0 -29 -1025 -27491 999 -8 0 0 1128000 1165000 1146000 1147000 1496000 1500000 1146000 1495000 1998000 997000 0 0 0 0 0 0 -252 147 
80101000 5000 10000 12000 0 -434 -1353 -27487 999 -11 -3 0 1134000 1157000 1150000 1146000 1496000 1500000 1147000 1495000 1998000 998000 0 0 0 0 0 0 -252 147 
80201000 5000 10000 12000 0 -396 -1432 -27481 999 -12 -3 0 1147000 1146000 1151000 1142000 1496000 1499000 1147000 1495000 1998000 997000 0 0 0 0 0 0 -252 147 
80301000 5000 10000 12000 0 -66 -991 -27490 999 -8 0 0 1159000 1133000 1150000 1140000 1496000 1499000 1147000 1495000 1998000 998000 0 0 0 0 0 0 -254 146 
80401000 5000 10000 12000 0 393 -481 -27482 999 -4 3 0 1155000 1134000 1149000 1143000 1496000 1500000 1147000 1495000 1999000 998000 0 0 0 0 0 0 -254 146 
80501000 5000 10000 12000 0 608 -238 -27476 999 -2 5 0 1147000 1146000 1149000 1144000 1497000 1499000 1147000 1495000 1999000 997000 0 0 0 0 0 0 -252 147 
80601000 5000 10000 12000 0 412 -423 -27481 999 -3 3 0 1134000 1157000 1147000 1148000 1496000 1500000 1146000 1495000 1999000 997000 0 0 0 0 0 0 -252 147 
80701000 5000 10000 12000 0 34 -829 -27477 999 -7 0 0 1133000 1161000 1147000 1145000 1496000 1500000 1147000 1495000 1999000 998000 0 0 0 0 0 0 -252 147 
80801000 5000 10000 12000 0 -249 -1163 -27462 999 -10 -2 0 1135000 1158000 1147000 1146000 1497000 1500000 1146000 1495000 1998000 997000 0 0 0 0 0 0 -252 147 
80901000 5000 10000 12000 0 -406 -1224 -27465 999 -10 -3 0 1141000 1151000 1150000 1144000 1496000 1500000 1146000 1495000 1998000 998000 0 0 0 0 0 0 -252 147 
81001000 5000 10000 12000 0 -227 -1082 -27465 999 -9 -1 0 1149000 1143000 1151000 1143000 1496000 1500000 1147000 1495000 1999000 997000 0 0 0 0 0 0 -252 147 
81101000 5000 10000 12000 0 70 -789 -27470 999 -6 0 0 1155000 1137000 1153000 1140000 1497000 1499000 1147000 1496000 1999000 997000 0 0 0 0 0 0 -252 147 
81201000 5000 10000 12000 0 458 -453 -27469 999 -3 3 0 1152000 1139000 1154000 1141000 1496000 1500000 1146000 1495000 1999000 997000 0 0 0 0 0 0 -252 147 
81301000 5000 10000 12000 0 537 -279 -27460 999 -2 4 0 1142000 1149000 1151000 1144000 1496000 1500000 1146000 1495000 1998000 998000 0 0 0 0 0 0 -252 147 
81401000 5000 10000 12000 0 339 -465 -27455 999 -4 2 0 1137000 1153000 1151000 1141000 1497000 1499000 1147000 1496000 1998000 998000 0 0 0 0 0 0 -254 146 
81501000 5000 10000 12000 0 64 -817 -27460 999 -7 0 0 1133000 1160000 1147000 1142000 1496000 1499000 1147000 1495000 1999000 997000 0 0 0 0 0 0 -254 146 
81601000 5000 10000 12000 0 -227 -1230 -27461 999 -10 -1 0 1132000 1163000 1147000 1140000 1496000 1500000 1147000 1495000 1998000 999000 0 0 0 0 0 0 -254 146 
81701000 5000 10000 12000 0 -491 -1489 -27453 999 -12 -4 0 1137000 1161000 1145000 1143000 1497000 1499000 1147000 1496000 1998000 998000 0 0 0 0 0 0 -252 147 
81801000 5000 10000 12000 0 -556 -1482 -27448 999 -12 -4 0 1152000 1151000 1142000 1141000 1496000 1499000 1148000 1495000 1999000 997000 0 0 0 0 0 0 -252 147 
81901000 5000 10000 12000 0 -248 -1121 -27449 999 -9 -2 0 1163000 1139000 1145000 1140000 1496000 1500000 1147000 1495000 1999000 998000 0 0 0 0 0 0 -252 147 
82001000 5000 10000 12000 0 314 -546 -27458 999 -4 2 0 1163000 1136000 1150000 1138000 1496000 1499000 1147000 1496000 1998000 1000000 0 0 0 0 0 0 -252 147 
82101000 5000 10000 12000 0 567 -345 -27457 999 -3 4 0 1154000 1146000 1148000 1138000 1496000 1499000 1148000 1495000 1998000 1000000 0 0 0 0 0 0 -252 147 
82201000 5000 10000 12000 0 422 -446 -27450 999 -3 3 0 1142000 1156000 1147000 1142000 1496000 1499000 1147000 1495000 1999000 998000 0 0 0 0 0 0 -252 147 
82301000 5000 10000 12000 0 97 -777 -27451 999 -6 0 0 1135000 1160000 1146000 1145000 1496000 1499000 1147000 1495000 1998000 1001000 0 0 0 0 0 0 -252 147 
82401000 5000 10000 13000 0 -338 -1117 -27450 999 -9 -2 0 1131000 1165000 1143000 1147000 1496000 1499000 1147000 1495000 1998000 998000 0 0 0 0 0 0 -252 147 
82501000 5000 10000 13000 0 -618 -1419 -27442 999 -12 -5 0 1138000 1160000 1144000 1144000 1496000 1499000 1147000 1495000 1999000 997000 0 0 0 0 0 0 -252 147 
82601000 5000 10000 13000 0 -690 -1460 -27452 999 -12 -6 0 1143000 1154000 1145000 1144000 1496000 1499000 1147000 1495000 1998000 997000 0 0 0 0 0 0 -252 147 
82701000 5000 10000 13000 0 -386 -1204 -27452 999 -10 -3 0 1158000 1148000 1145000 1135000 1496000 1500000 1147000 1495000 1998000 998000 0 0 0 0 0 0 -252 147 
82801000 5000 10000 13000 0 4 -702 -27445 999 -6 0 0 1159000 1146000 1145000 1137000 1496000 1499000 1147000 1495000 1998000 998000 0 0 0 0 0 0 -252 147 
82901000 5000 10000 13000 0 283 -422 -27441 999 -3 2 0 1152000 1150000 1147000 1138000 1496000 1499000 1147000 1495000 1998000 999000 0 0 0 0 0 0 -252 147 
83001000 5000 10000 13000 0 214 -513 -27440 999 -4 1 0 1144000 1161000 1144000 1137000 1496000 1499000 1147000 1495000 1998000 999000 0 0 0 0 0 0 -252 147 
83101000 5000 10000 13000 0 -51 -760 -27439 999 -6 0 0 1141000 1166000 1141000 1138000 1497000 1499000 1147000 1495000 1999000 997000 0 0 0 0 0 0 -252 147 
83201000 5000 10000 13000 0 -324 -1016 -27447 999 -8 -2 0 1139000 1162000 1143000 1143000 1496000 1500000 1146000 1495000 1998000 1000000 0 0 0 0 0 0 -252 147 
83301000 5000 10000 13000 0 -358 -1133 -27447 999 -9 -3 0 1144000 1155000 1143000 1140000 1496000 1500000 1147000 1495000 1998000 998000 0 0 0 0 0 0 -254 146 
83401000 5000 10000 13000 0 -160 -1063 -27437 999 -9 -1 0 1153000 1148000 1142000 1139000 1497000 1500000 1146000 1496000 1998000 998000 0 0 0 0 0 0 -254 146 
83501000 5000 10000 13000 0 139 -759 -27437 999 -6 1 0 1160000 1146000 1140000 1136000 1496000 1500000 1146000 1495000 1999000 997000 0 0 0 0 0 0 -254 146 
83601000 5000 10000 13000 0 350 -499 -27441 999 -4 3 0 1156000 1149000 1143000 1134000 1496000 1500000 1147000 1495000 1999000 997000 0 0 0 0 0 0 -254 146 
83701000 5000 10000 13000 0 270 -463 -27437 999 -4 2 0 1148000 1156000 1143000 1135000 1497000 1499000 1147000 1496000 1998000 998000 0 0 0 0 0 0 -254 146 
83801000 5000 10000 13000 0 123 -539 -27442 999 -4 1 0 1148000 1156000 1146000 1136000 1496000 1500000 1146000 1495000 1998000 1000000 0 0 0 0 0 0 -252 147 
83901000 5000 10000 13000 0 -38 -629 -27438 999 -5 0 0 1143000 1157000 1147000 1139000 1496000 1500000 1147000 1495000 1999000 998000 0 0 0 0 0 0 -252 147 
84001000 5000 10000 13000 0 -169 -729 -27427 999 -6 -1 0 1144000 1155000 1147000 1140000 1496000 1500000 1146000 1496000 1999000 997000 0 0 0 0 0 0 -252 147 
84101000 5000 10000 13000 0 -256 -700 -27428 999 -6 -2 0 1145000 1151000 1141000 1145000 1496000 1500000 1147000 1495000 1998000 998000 0 0 0 0 0 0 -254 146 
84201000 5000 10000 13000 0 -177 -679 -27426 999 -5 -1 0 1150000 1149000 1141000 1145000 1496000 1500000 1146000 1495000 1999000 998000 0 0 0 0 0 0 -252 147 
84301000 5000 10000 13000 0 -50 -552 -27425 999 -4 0 0 1150000 1146000 1143000 1147000 1496000 1500000 1146000 1495000 1998000 1000000 0 0 0 0 0 0 -252 147 
84401000 5000 10000 13000 0 53 -512 -27426 999 -4 0 0 1144000 1148000 1144000 1146000 1496000 1499000 1147000 1495000 1998000 997000 0 0 0 0 0 0 -254 146 
84501000 5000 10000 13000 0 -179 -644 -27423 999 -5 -1 0 1133000 1161000 1144000 1148000 1496000 1500000 1146000 1495000 1998000 998000 0 0 0 0 0 0 -252 147 
84601000 5000 10000 13000 0 -434 -1007 -27419 999 -8 -3 0 1134000 1156000 1147000 1149000 1496000 1499000 1147000 1495000 1998000 998000 0 0 0 0 0 0 -252 147 
84701000 5000 10000 13000 0 -650 -1203 -27422 999 -10 -5 0 1141000 1154000 1147000 1144000 1496000 1500000 1146000 1495000 1998000 998000 0 0 0 0 0 0 -252 147 
84801000 5000 10000 13000 0 -569 -1086 -27414 999 -9 -4 0 1150000 1146000 1150000 1140000 1497000 1499000 1147000 1495000 1998000 1000000 0 0 0 0 0 0 -252 147 
84901000 5000 10000 13000 0 -199 -673 -27408 999 -5 -1 0 1156000 1146000 1148000 1136000 1496000 1499000 1147000 1495000 1998000 997000 0 0 0 0 0 0 -252 147 
85001000 5000 10000 13000 0 152 -310 -27404 999 -2 1 0 1157000 1146000 1147000 1137000 1496000 1500000 1146000 1495000 1998000 998000 0 0 0 0 0 0 -252 147 
85101000 5000 10000 13000 0 278 -158 -27399 999 -1 2 0 1151000 1150000 1145000 1139000 1497000 1499000 1147000 1496000 1998000 998000 0 0 0 0 0 0 -252 147 
85201000 5000 10000 13000 0 187 -256 -27400 999 -2 1 0 1147000 1158000 1142000 1139000 1496000 1499000 1147000 1495000 1999000 997000 0 0 0 0 0 0 -252 147 
85301000 5000 10000 13000 0 245 -68 -27404 999 0 2 0 1156000 1148000 1145000 1137000 1496000 1500000 1147000 1495000 1999000 998000 0 0 0 0 0 0 -252 147 
85401000 5000 10000 13000 0 579 115 -27404 999 1 5 0 1168000 1134000 1145000 1140000 1497000 1499000 1147000 1496000 1999000 997000 0 0 0 0 0 0 -252 147 
85501000 5000 10000 13000 0 1604 869 -27395 999 7 14 0 1198000 1101000 1144000 1143000 1496000 1499000 1148000 1495000 1998000 997000 0 0 0 0 0 0 -252 147 
85601000 5000 10000 13000 0 3479 2797 -27282 999 24 30 0 1240000 1100000 1143000 1137000 1496000 1499000 1147000 1495000 1999000 998000 0 0 0 0 0 0 -252 148 
85701000 5000 10000 13000 0 5670 4910 -27129 997 42 49 -2 1234000 1100000 1143000 1130000 1496000 1499000 1147000 1495000 1998000 998000 0 0 0 0 0 0 -254 146 
85801000 5000 10000 13000 0 5519 4875 -27132 997 42 48 -2 1128000 1172000 1146000 1136000 1496000 1499000 1147000 1495000 1998000 999000 0 0 0 0 0 0 -254 146 
85901000 5000 10000 13000 0 2828 2258 -27342 999 19 24 0 1100000 1236000 1145000 1148000 1496000 1499000 1147000 1495000 1998000 998000 0 0 0 0 0 0 -252 147 
86001000 5000 10000 13000 0 -1039 -1337 -27418 999 -11 -9 0 1100000 1260000 1131000 1158000 1496000 1499000 1147000 1495000 1998000 997000 0 0 0 0 0 0 -254 146 
86101000 5000 10000 13000 0 -4057 -4181 -27275 998 -36 -35 -1 1100000 1213000 1141000 1151000 1496000 1499000 1147000 1495000 1999000 998000 0 0 0 0 0 0 -254 146 
86201000 5000 10000 13000 0 -4817 -4918 -27209 998 -42 -41 -1 1137000 1155000 1143000 1150000 1497000 1499000 1147000 1495000 1998000 998000 0 0 0 0 0 0 -252 147 
86301000 5000 10000 13000 0 -3566 -3705 -27303 998 -32 -31 -1 1193000 1100000 1150000 1146000 1496000 1499000 1146000 1495000 1998000 998000 0 0 0 0 0 0 -252 147 
86401000 5000 10000 13000 0 -1170 -1491 -27374 999 -13 -10 0 1210000 1100000 1142000 1139000 1496000 1500000 1147000 1495000 1999000 998000 0 0 0 0 0 0 -252 147 
86501000 5000 10000 13000 0 926 347 -27371 999 3 8 0 1185000 1114000 1148000 1139000 1497000 1500000 1146000 1496000 1998000 998000 0 0 0 0 0 0 -252 147 
86601000 5000 10000 13000 0 1530 913 -27364 999 7 13 0 1148000 1156000 1146000 1137000 1496000 1500000 1146000 1495000 1998000 998000 0 0 0 0 0 0 -252 147 
86701000 5000 10000 13000 0 739 64 -27377 999 0 6 0 1107000 1187000 1151000 1141000 1496000 1500000 1146000 1495000 1999000 998000 0 0 0 0 0 0 -252 147 
86801000 5000 10000 13000 0 -649 -1186 -27377 999 -10 -5 0 1100000 1192000 1147000 1142000 1497000 1500000 1146000 1496000 1998000 998000 0 0 0 0 0 0 -254 146 
86901000 5000 10000 13000 0 -1870 -2310 -27354 999 -20 -16 0 1112000 1185000 1146000 1143000 1496000 1500000 1147000 1495000 1998000 997000 0 0 0 0 0 0 -252 147 
87001000 5000 10000 13000 0 -2241 -2621 -27327 999 -22 -19 0 1146000 1160000 1143000 1137000 1496000 1499000 1147000 1495000 1999000 998000 0 0 0 0 0 0 -252 147 
87101000 5000 10000 13000 0 -1418 -1972 -27348 999 -17 -12 0 1169000 1127000 1149000 1141000 1496000 1500000 1146000 1495000 1999000 997000 0 0 0 0 0 0 -252 147 
87201000 5000 10000 13000 0 -179 -852 -27362 999 -7 -1 0 1182000 1116000 1151000 1137000 1496000 1500000 1147000 1495000 1998000 999000 0 0 0 0 0 0 -252 147 
87301000 5000 10000 13000 0 891 64 -27351 999 0 7 0 1172000 1134000 1142000 1138000 1496000 1499000 1146000 1495000 1999000 997000 0 0 0 0 0 0 -252 147 
87401000 5000 10000 13000 0 1236 371 -27362 999 3 10 0 1152000 1154000 1141000 1135000 1496000 1499000 1146000 1495000 1998000 997000 0 0 0 0 0 0 -254 146 
87501000 5000 10000 13000 0 707 -128 -27369 999 -1 6 0 1125000 1171000 1140000 1147000 1496000 1500000 1147000 1495000 1999000 998000 0 0 0 0 0 0 -254 146 
87601000 5000 10000 13000 0 -137 -904 -27350 999 -7 -1 0 1116000 1172000 1144000 1149000 1497000 1499000 1147000 1495000 1998000 998000 0 0 0 0 0 0 -254 146 
87701000 5000 10000 13000 0 -967 -1595 -27339 999 -13 -8 0 1127000 1168000 1146000 1145000 1496000 1500000 1146000 1495000 1998000 998000 0 0 0 0 0 0 -252 147 
87801000 5000 10000 13000 0 -1176 -1830 -27333 999 -15 -10 0 1147000 1159000 1144000 1136000 1496000 1500000 1147000 1495000 1998000 998000 0 0 0 0 0 0 -252 147 
87901000 5000 10000 13000 0 -896 -1463 -27346 999 -12 -7 0 1154000 1139000 1149000 1143000 1497000 1500000 1146000 1496000 1999000 997000 0 0 0 0 0 0 -252 147 
88001000 5000 10000 13000 0 -336 -939 -27359 999 -8 -2 0 1153000 1131000 1154000 1145000 1496000 1500000 1146000 1495000 1998000 998000 0 0 0 0 0 0 -254 146 
88101000 5000 10000 13000 0 93 -493 -27349 999 -4 0 0 1151000 1133000 1155000 1147000 1496000 1501000 1146000 1495000 1999000 998000 0 0 0 0 0 0 -252 147 
88201000 5000 10000 13000 0 361 -348 -27333 999 -3 3 0 1143000 1143000 1154000 1146000 1496000 1500000 1146000 1496000 1998000 997000 0 0 0 0 0 0 -252 147 
88301000 5000 10000 13000 0 287 -504 -27345 999 -4 2 0 1140000 1151000 1150000 1141000 1496000 1500000 1147000 1495000 1999000 997000 0 0 0 0 0 0 -254 146 
88401000 5000 10000 13000 0 226 -544 -27347 999 -4 1 0 1156000 1138000 1147000 1145000 1496000 1500000 1146000 1495000 1999000 998000 0 0 0 0 0 0 -252 147 
88501000 5000 10000 13000 0 1148 312 -27354 999 2 10 0 1199000 1100000 1148000 1145000 1496000 1500000 1146000 1495000 1998000 998000 0 0 0 0 0 0 -252 147 
88601000 5000 10000 13000 0 3067 2060 -27268 999 17 26 0 1224000 1100000 1150000 1131000 1496000 1500000 1146000 1495000 1998000 998000 0 0 0 0 0 0 -254 146 
88701000 5000 10000 13000 0 4459 3478 -27210 998 30 38 -1 1185000 1111000 1154000 1136000 1497000 1499000 1147000 1495000 1998000 998000 0 0 0 0 0 0 -252 147 
88801000 5000 10000 13000 0 3733 2867 -27244 999 25 32 0 1106000 1170000 1157000 1153000 1496000 1499000 1147000 1495000 1998000 997000 0 0 0 0 0 0 -252 147 
88901000 5000 10000 13000 0 1401 667 -27335 999 5 12 0 1100000 1215000 1144000 1154000 1496000 1501000 1146000 1495000 1999000 998000 0 0 0 0 0 0 -252 147 
89001000 5000 10000 13000 0 -1139 -1820 -27315 999 -15 -9 0 1100000 1222000 1135000 1161000 1497000 1499000 1147000 1496000 1998000 998000 0 0 0 0 0 0 -252 147 
89101000 5000 10000 13000 0 -2818 -3413 -27243 999 -29 -24 0 1116000 1174000 1143000 1153000 1496000 1499000 1147000 1495000 1998000 998000 0 0 0 0 0 0 -252 147 
89201000 5000 10000 13000 0 -2661 -3246 -27259 999 -28 -23 0 1169000 1138000 1137000 1142000 1496000 1500000 1147000 1495000 1999000 998000 0 0 0 0 0 0 -252 147 
89301000 5000 10000 13000 0 -1080 -1762 -27320 999 -15 -9 0 1203000 1100000 1152000 1135000 1496000 1499000 1146000 1496000 1998000 998000 0 0 0 0 0 0 -252 147 
89401000 5000 10000 13000 0 840 50 -27315 999 0 7 0 1193000 1107000 1149000 1137000 1496000 1500000 1147000 1495000 1998000 998000 0 0 0 0 0 0 -252 147 
89501000 5000 10000 13000 0 1813 1019 -27290 999 8 15 0 1162000 1135000 1153000 1136000 1496000 1499000 1147000 1495000 1999000 997000 0 0 0 0 0 0 -252 147 
89601000 5000 10000 13000 0 1479 763 -27279 999 6 12 0 1131000 1172000 1144000 1139000 1496000 1499000 1146000 1495000 1998000 998000 0 0 0 0 0 0 -252 147 
89701000 5000 10000 13000 0 359 -274 -27302 999 -2 3 0 1114000 1186000 1144000 1142000 1496000 1500000 1147000 1495000 1998000 998000 0 0 0 0 0 0 -252 147 
89801000 5000 10000 13000 0 -836 -1432 -27311 999 -12 -7 0 1118000 1179000 1146000 1144000 1497000 1499000 1147000 1495000 1998000 997000 0 0 0 0 0 0 -252 147 
89901000 5000 10000 13000 0 -1352 -1924 -27288 999 -16 -11 0 1140000 1163000 1141000 1142000 1496000 1500000 1146000 1495000 1998000 998000 0 0 0 0 0 0 -252 147 
90001000 5000 10000 13000 0 -1004 -1616 -27289 999 -14 -8 0 1161000 1141000 1140000 1144000 1496000 1500000 1147000 1495000 1998000 998000 0 0 0 0 0 0 -252 147 
90101000 5000 10000 13000 0 -40 -788 -27309 999 -6 0 0 1183000 1115000 1147000 1142000 1497000 1499000 1146000 1496000 1999000 997000 0 0 0 0 0 0 -252 147 
90201000 5000 10000 13000 0 1541 667 -27307 999 5 13 0 1222000 1100000 1148000 1132000 1496000 1500000 1146000 1495000 1999000 997000 0 0 0 0 0 0 -252 147 
90301000 5000 10000 13000 0 3688 2789 -27182 999 24 32 0 1220000 1100000 1146000 1149000 1496000 1500000 1147000 1495000 1999000 999000 0 0 0 0 0 0 -252 147 
90401000 5000 10000 13000 0 4784 3847 -27114 998 33 41 -1 1168000 1136000 1151000 1131000 1496000 1500000 1146000 1496000 1998000 997000 0 0 0 0 0 0 -252 147 
90501000 5000 10000 13000 0 3455 2629 -27209 999 22 30 0 1101000 1208000 1137000 1140000 1496000 1500000 1147000 1495000 1999000 998000 0 0 0 0 0 0 -252 147 
90601000 5000 10000 13000 0 709 22 -27316 999 0 6 0 1100000 1221000 1146000 1149000 1496000 1499000 1147000 1495000 1999000 997000 0 0 0 0 0 0 -252 147 
90701000 5000 10000 13000 0 -1981 -2482 -27275 999 -21 -17 0 1100000 1212000 1142000 1156000 1496000 1500000 1146000 1495000 1998000 998000 0 0 0 0 0 0 -252 147 
90801000 5000 10000 13000 0 -3411 -3680 -27191 999 -32 -29 0 1113000 1174000 1144000 1155000 1496000 1500000 1146000 1495000 1999000 998000 0 0 0 0 0 0 -252 147 
90901000 5000 10000 13000 0 -2987 -3363 -27206 999 -29 -26 0 1165000 1127000 1142000 1152000 1497000 1500000 1146000 1495000 1998000 997000 0 0 0 0 0 0 -252 147 
91001000 5000 10000 13000 0 -1292 -1763 -27278 999 -15 -11 0 1197000 1100000 1151000 1138000 1496000 1500000 1146000 1495000 1998000 998000 0 0 0 0 0 0 -254 146 
91101000 5000 10000 13000 0 574 -81 -27284 999 0 5 0 1194000 1104000 1156000 1132000 1496000 1500000 1146000 1495000 1998000 998000 0 0 0 0 0 0 -252 147 
91201000 5000 10000 13000 0 1407 703 -27271 999 6 12 0 1150000 1139000 1154000 1143000 1497000 1499000 1147000 1496000 1998000 998000 0 0 0 0 0 0 -252 147 
91301000 5000 10000 13000 0 968 299 -27273 999 2 8 0 1120000 1168000 1153000 1144000 1496000 1500000 1146000 1495000 1998000 999000 0 0 0 0 0 0 -252 147 
91401000 5000 10000 13000 0 -251 -828 -27272 999 -7 -2 0 1100000 1194000 1144000 1150000 1496000 1499000 1147000 1495000 1999000 997000 0 0 0 0 0 0 -252 147 
91501000 5000 10000 13000 0 -1472 -2091 -27257 999 -18 -12 0 1115000 1184000 1144000 1143000 1496000 1500000 1146000 1495000 1998000 997000 0 0 0 0 0 0 -252 147 
91601000 5000 10000 13000 0 -1914 -2504 -27238 999 -21 -16 0 1139000 1150000 1145000 1147000 1496000 1499000 1147000 1495000 1999000 998000 0 0 0 0 0 0 -254 146 
91701000 5000 10000 13000 0 -1148 -1734 -27249 999 -15 -10 0 1174000 1121000 1150000 1140000 1497000 1499000 1147000 1495000 1998000 999000 0 0 0 0 0 0 -252 147 
91801000 5000 10000 13000 0 262 -479 -27261 999 -4 2 0 1187000 1118000 1145000 1136000 1496000 1500000 1146000 1495000 1998000 998000 0 0 0 0 0 0 -252 147 
91901000 5000 10000 13000 0 1383 489 -27265 999 4 12 0 1176000 1120000 1154000 1132000 1496000 1500000 1146000 1495000 1998000 998000 0 0 0 0 0 0 -254 146 
92001000 5000 10000 13000 0 2281 1421 -27238 999 12 19 0 1195000 1101000 1156000 1134000 1497000 1499000 1147000 1496000 1999000 997000 0 0 0 0 0 0 -252 147 
92101000 5000 10000 13000 0 4153 3114 -27147 998 27 36 0 1230000 1100000 1145000 1140000 1496000 1499000 1147000 1495000 1998000 997000 0 0 0 0 0 0 -252 147 
92201000 5000 10000 13000 0 5375 4440 -27041 998 38 46 -1 1183000 1115000 1146000 1143000 1496000 1499000 1147000 1495000 1999000 997000 0 0 0 0 0 0 -252 147 
92301000 5000 10000 13000 0 4418 3525 -27101 998 30 38 -1 1106000 1191000 1136000 1150000 1496000 1499000 1147000 1495000 1998000 998000 0 0 0 0 0 0 -254 146 
92401000 5000 10000 13000 0 1644 885 -27259 999 7 14 0 1100000 1226000 1141000 1147000 1496000 1499000 1147000 1495000 1998000 997000 0 0 0 0 0 0 -254 146 
92501000 5000 10000 13000 0 -1590 -2179 -27242 999 -19 -13 0 1100000 1236000 1132000 1148000 1497000 1499000 1147000 1495000 1998000 998000 0 0 0 0 0 0 -252 147 
92601000 5000 10000 13000 0 -3453 -3955 -27152 998 -34 -30 -1 1100000 1200000 1135000 1155000 1496000 1499000 1147000 1495000 1998000 998000 0 0 0 0 0 0 -252 147 
92701000 5000 10000 13000 0 -3795 -4371 -27136 998 -38 -33 -1 1150000 1149000 1144000 1143000 1496000 1500000 1147000 1495000 1999000 997000 0 0 0 0 0 0 -252 147 
92801000 5000 10000 13000 0 -2586 -3171 -27184 999 -27 -22 0 1182000 1108000 1152000 1144000 1497000 1499000 1147000 1496000 1998000 999000 0 0 0 0 0 0 -252 147 
92901000 5000 10000 13000 0 -590 -1297 -27225 999 -11 -5 0 1198000 1102000 1153000 1132000 1496000 1499000 1147000 1495000 1999000 997000 0 0 0 0 0 0 -252 147 
93001000 5000 10000 13000 0 759 -113 -27254 999 0 6 0 1173000 1137000 1145000 1132000 1496000 1499000 1147000 1495000 1999000 998000 0 0 0 0 0 0 -252 147 
93101000 5000 10000 13000 0 937 -9 -27245 999 0 8 0 1136000 1162000 1148000 1140000 1496000 1499000 1147000 1495000 1998000 997000 0 0 0 0 0 0 -252 147 
93201000 5000 10000 13000 0 233 -647 -27242 999 -5 2 0 1112000 1185000 1143000 1146000 1496000 1500000 1147000 1495000 1998000 997000 0 0 0 0 0 0 -252 147 
93301000 5000 10000 13000 0 -932 -1813 -27237 999 -15 -8 0 1111000 1186000 1142000 1146000 1497000 1499000 1147000 1496000 1998000 998000 0 0 0 0 0 0 -252 147 
93401000 5000 10000 13000 0 -1767 -2514 -27192 999 -21 -15 0 1129000 1170000 1144000 1142000 1496000 1499000 1147000 1495000 1998000 997000 0 0 0 0 0 0 -252 147 
93501000 5000 10000 13000 0 -1525 -2208 -27205 999 -19 -13 0 1163000 1146000 1142000 1135000 1496000 1500000 1147000 1495000 1999000 998000 0 0 0 0 0 0 -252 147 
93601000 5000 10000 13000 0 -665 -1250 -27247 999 -10 -5 0 1183000 1128000 1140000 1134000 1496000 1499000 1147000 1496000 1998000 997000 0 0 0 0 0 0 -252 147 
93701000 5000 10000 13000 0 464 -144 -27226 999 -1 4 0 1182000 1127000 1144000 1133000 1496000 1499000 1147000 1495000 1999000 997000 0 0 0 0 0 0 -252 147 
93801000 5000 10000 13000 0 1145 577 -27218 999 5 9 0 1157000 1138000 1148000 1139000 1496000 1499000 1147000 1495000 1998000 998000 0 0 0 0 0 0 -254 146 
93901000 5000 10000 13000 0 922 417 -27237 999 3 8 0 1134000 1166000 1142000 1139000 1496000 1499000 1147000 1495000 1999000 997000 0 0 0 0 0 0 -254 146 
94001000 5000 10000 13000 0 -38 -350 -27224 999 -3 0 0 1119000 1182000 1139000 1147000 1496000 1499000 1147000 1495000 1998000 997000 0 0 0 0 0 0 -252 147 
94101000 5000 10000 13000 0 -811 -1124 -27219 999 -9 -7 0 1118000 1174000 1138000 1153000 1497000 1499000 1147000 1496000 1998000 998000 0 0 0 0 0 0 -254 146 
94201000 5000 10000 13000 0 -1395 -1687 -27223 999 -14 -12 0 1134000 1159000 1140000 1149000 1496000 1499000 1148000 1495000 1998000 998000 0 0 0 0 0 0 -254 146 
94301000 5000 10000 13000 0 -1361 -1575 -27210 999 -13 -11 0 1155000 1150000 1142000 1143000 1496000 1499000 1147000 1495000 1999000 998000 0 0 0 0 0 0 -252 148 
94401000 5000 10000 13000 0 -761 -1007 -27226 999 -8 -6 0 1171000 1131000 1146000 1134000 1496000 1499000 1147000 1495000 1998000 998000 0 0 0 0 0 0 -254 146 
94501000 5000 10000 13000 0 -49 -438 -27228 999 -3 0 0 1165000 1133000 1145000 1139000 1496000 1500000 1147000 1495000 1999000 997000 0 0 0 0 0 0 -254 146 
94601000 5000 10000 13000 0 623 77 -27185 999 0 5 0 1168000 1130000 1149000 1139000 1497000 1499000 1147000 1495000 1998000 998000 0 0 0 0 0 0 -252 147 
94701000 5000 10000 13000 0 1269 610 -27199 999 5 11 0 1162000 1132000 1148000 1145000 1496000 1499000 1146000 1495000 1998000 998000 0 0 0 0 0 0 -252 147 
94801000 5000 10000 13000 0 989 393 -27207 999 3 8 0 1130000 1160000 1147000 1149000 1496000 1500000 1147000 1495000 1998000 997000 0 0 0 0 0 0 -252 147 
94901000 5000 10000 13000 0 92 -447 -27196 999 -3 0 0 1111000 1180000 1147000 1148000 1497000 1499000 1147000 1496000 1998000 998000 0 0 0 0 0 0 -252 147 
95001000 5000 10000 13000 0 -972 -1438 -27204 999 -12 -8 0 1114000 1179000 1142000 1151000 1496000 1500000 1147000 1495000 1998000 998000 0 0 0 0 0 0 -252 147 
95101000 5000 10000 13000 0 -1551 -2003 -27185 999 -17 -13 0 1136000 1158000 1147000 1145000 1496000 1499000 1147000 1495000 1998000 998000 0 0 0 0 0 0 -252 147 
95201000 5000 10000 13000 0 -1204 -1681 -27173 999 -14 -10 0 1161000 1136000 1147000 1143000 1496000 1499000 1146000 1495000 1998000 998000 0 0 0 0 0 0 -252 147 
95301000 5000 10000 13000 0 -352 -885 -27205 999 -7 -3 0 1177000 1124000 1148000 1137000 1496000 1500000 1147000 1495000 1999000 998000 0 0 0 0 0 0 -252 147 
95401000 5000 10000 13000 0 357 -224 -27192 999 -1 3 0 1167000 1143000 1142000 1135000 1497000 1499000 1147000 1496000 1998000 998000 0 0 0 0 0 0 -252 147 
95501000 5000 10000 14000 0 599 35 -27187 999 0 5 0 1150000 1152000 1145000 1138000 1496000 1499000 1146000 1495000 1998000 998000 0 0 0 0 0 0 -252 147 
95601000 5000 10000 14000 0 342 -196 -27205 999 -1 2 0 1135000 1166000 1142000 1139000 1496000 1500000 1147000 1495000 1999000 998000 0 0 0 0 0 0 -254 146 
95701000 5000 10000 14000 0 -297 -754 -27198 999 -6 -2 0 1129000 1172000 1142000 1139000 1496000 1499000 1147000 1495000 1998000 998000 0 0 0 0 0 0 -254 146 
95801000 5000 10000 14000 0 -750 -1135 -27182 999 -9 -6 0 1137000 1166000 1142000 1141000 1496000 1500000 1147000 1495000 1999000 997000 0 0 0 0 0 0 -252 147 
95901000 5000 10000 14000 0 -889 -1353 -27198 999 -11 -7 0 1144000 1161000 1141000 1140000 1496000 1499000 1147000 1495000 1998000 998000 0 0 0 0 0 0 -252 147 
96001000 5000 10000 14000 0 -797 -1227 -27195 999 -10 -6 0 1153000 1148000 1140000 1145000 1496000 1499000 1146000 1495000 1999000 998000 0 0 0 0 0 0 -252 147 
96101000 5000 10000 14000 0 -276 -823 -27197 999 -7 -2 0 1160000 1131000 1146000 1146000 1496000 1500000 1147000 1495000 1999000 998000 0 0 0 0 0 0 -254 146 
96201000 5000 10000 14000 0 300 -266 -27210 999 -2 2 0 1160000 1125000 1149000 1148000 1497000 1499000 1147000 1496000 1998000 998000 0 0 0 0 0 0 -254 146 
96301000 5000 10000 14000 0 502 -50 -27184 999 0 4 0 1150000 1146000 1145000 1142000 1496000 1499000 1148000 1495000 1999000 998000 0 0 0 0 0 0 -254 146 
96401000 5000 10000 14000 0 394 -98 -27182 999 0 3 0 1143000 1156000 1146000 1145000 1496000 1499000 1147000 1495000 1999000 998000 0 0 0 0 0 0 -252 148 
96501000 5000 10000 14000 0 -16 -518 -27195 999 -4 0 0 1132000 1163000 1146000 1141000 1496000 1499000 1147000 1495000 1998000 998000 0 0 0 0 0 0 -254 146 
96601000 5000 10000 14000 0 -557 -1023 -27168 999 -8 -4 0 1134000 1164000 1145000 1139000 1496000 1499000 1147000 1495000 1999000 998000 0 0 0 0 0 0 -254 146 
96701000 5000 10000 14000 0 -530 -1097 -27174 999 -9 -4 0 1147000 1152000 1146000 1141000 1497000 1499000 1147000 1496000 1998000 998000 0 0 0 0 0 0 -252 147 
96801000 5000 10000 14000 0 -254 -870 -27190 999 -7 -2 0 1158000 1144000 1146000 1138000 1496000 1500000 1146000 1495000 1999000 998000 0 0 0 0 0 0 -252 147 
96901000 5000 10000 14000 0 76 -566 -27175 999 -4 0 0 1157000 1148000 1143000 1139000 1496000 1500000 1146000 1495000 1999000 998000 0 0 0 0 0 0 -252 147 
97001000 5000 10000 14000 0 485 -174 -27182 999 -1 4 0 1156000 1142000 1144000 1140000 1496000 1500000 1146000 1495000 1998000 998000 0 0 0 0 0 0 -254 146 
97101000 5000 10000 14000 0 536 -167 -27199 999 -1 4 0 1152000 1142000 1144000 1147000 1496000 1500000 1147000 1495000 1998000 997000 0 0 0 0 0 0 -252 147 
97201000 5000 10000 14000 0 1655 1126 -27165 999 9 14 0 1247000 1100000 1132000 1142000 1497000 1499000 1147000 1495000 1998000 997000 0 0 0 0 0 0 -252 147 
97301000 5000 10000 14000 0 6282 5672 -26926 997 49 54 -2 1373000 1100000 1148000 1117000 1496000 1500000 1146000 1495000 1999000 997000 0 0 0 0 0 0 -252 147 
97401000 5000 10000 14000 0 10674 9749 -26336 992 84 92 -7 1244000 1100000 1176000 1128000 1496000 1500000 1147000 1495000 1999000 997000 0 0 0 0 0 0 -252 147 
97501000 5000 10000 14000 0 10050 9175 -26377 992 79 87 -7 1110000 1174000 1166000 1136000 1496000 1499000 1147000 1496000 1998000 998000 0 0 0 0 0 0 -252 147 
97601000 5000 10000 14000 0 5460 4755 -27005 998 41 47 -1 1100000 1268000 1139000 1153000 1496000 1500000 1147000 1495000 1998000 998000 0 0 0 0 0 0 -252 147 
97701000 5000 10000 14000 0 454 -75 -27270 999 0 3 0 1100000 1266000 1111000 1161000 1496000 1499000 1147000 1495000 1998000 998000 0 0 0 0 0 0 -252 147 
97801000 5000 10000 14000 0 -2285 -2490 -27171 999 -21 -19 0 1119000 1182000 1124000 1161000 1496000 1499000 1146000 1495000 1998000 998000 0 0 0 0 0 0 -252 147 
97901000 5000 10000 14000 0 -1597 -1712 -27270 999 -14 -13 0 1261000 1100000 1147000 1164000 1496000 1500000 1147000 1495000 1999000 998000 0 0 0 0 0 0 -254 146 
98001000 5000 10000 14000 0 6087 5530 -26911 997 48 53 -2 1436000 1100000 1199000 1118000 1497000 1499000 1147000 1496000 2000000 996000 0 0 0 0 0 0 -252 147 
98101000 5000 10000 14000 0 10471 9950 -26223 992 86 90 -7 1181000 1105000 1156000 1143000 1496000 1499000 1148000 1495000 1998000 998000 0 0 0 0 0 0 -252 147 
98201000 5000 10000 14000 0 7636 7300 -26725 995 63 66 -4 1100000 1270000 1140000 1142000 1496000 1499000 1147000 1495000 2004000 993000 0 0 0 0 0 0 -252 148 
98301000 5000 10000 14000 0 1305 1229 -27264 999 10 11 0 1100000 1334000 1122000 1173000 1496000 1499000 1147000 1495000 1999000 998000 0 0 0 0 0 0 -252 147 
98401000 5000 10000 14000 0 -3633 -3511 -27090 999 -30 -31 0 1100000 1239000 1125000 1138000 1496000 1499000 1147000 1495000 2007000 990000 0 0 0 0 0 0 -252 147 
98501000 5000 10000 14000 0 -3672 -3416 -27152 999 -29 -32 0 1238000 1100000 1147000 1161000 1497000 1499000 1147000 1496000 1998000 997000 0 0 0 0 0 0 -252 147 
98601000 5000 10000 14000 0 2545 2610 -27184 999 22 22 0 1404000 1100000 1183000 1114000 1496000 1499000 1148000 1495000 1999000 998000 0 0 0 0 0 0 -254 146 
98701000 5000 10000 14000 0 8344 7923 -26516 994 68 72 -5 1238000 1100000 1159000 1140000 1496000 1499000 1147000 1495000 2001000 996000 0 0 0 0 0 0 -254 146 
98801000 5000 10000 14000 0 8208 7687 -26593 995 66 71 -4 1109000 1206000 1142000 1129000 1496000 1499000 1147000 1495000 1999000 997000 0 0 0 0 0 0 -252 147 
98901000 5000 10000 14000 0 3603 3011 -27207 999 26 31 0 1100000 1302000 1126000 1171000 1496000 1499000 1147000 1495000 1999000 998000 0 0 0 0 0 0 -252 147 
99001000 5000 10000 14000 0 -2149 -2313 -27218 999 -20 -18 0 1100000 1279000 1146000 1165000 1497000 1499000 1147000 1495000 2005000 991000 0 0 0 0 0 0 -252 147 
99101000 5000 10000 14000 0 -5961 -5927 -26893 997 -51 -51 -2 1100000 1232000 1133000 1165000 1496000 1499000 1147000 1495000 1998000 998000 0 0 0 0 0 0 -252 147 
99201000 5000 10000 14000 0 -7150 -7089 -26768 996 -61 -62 -3 1133000 1179000 1125000 1150000 1496000 1500000 1147000 1495000 1999000 998000 0 0 0 0 0 0 -252 147 
99301000 5000 10000 14000 0 -5767 -5765 -26883 997 -50 -50 -2 1187000 1115000 1143000 1141000 1496000 1499000 1147000 1495000 1999000 997000 0 0 0 0 0 0 -252 147 
99401000 5000 10000 14000 0 -2648 -2875 -27116 999 -25 -23 0 1211000 1100000 1159000 1142000 1496000 1499000 1147000 1495000 2001000 995000 0 0 0 0 0 0 -252 147 
99501000 5000 10000 14000 0 -109 -547 -27155 999 -4 0 0 1198000 1100000 1160000 1131000 1497000 1500000 1146000 1495000 2002000 994000 0 0 0 0 0 0 -252 147 
99601000 5000 10000 14000 0 1029 516 -27094 999 4 8 0 1152000 1143000 1147000 1145000 1496000 1500000 1146000 1495000 2004000 992000 0 0 0 0 0 0 -252 147 
99701000 5000 10000 14000 0 1020 461 -27132 999 4 8 0 1121000 1169000 1146000 1147000 1496000 1500000 1147000 1495000 2006000 991000 0 0 0 0 0 0 -254 146 
99801000 5000 10000 14000 0 -325 -869 -27173 999 -7 -2 0 1100000 1197000 1142000 1148000 1496000 1500000 1146000 1496000 1998000 998000 0 0 0 0 0 0 -252 147 
99901000 5000 10000 14000 0 -1637 -2126 -27094 999 -18 -14 0 1112000 1181000 1149000 1144000 1496000 1499000 1147000 1495000 1998000 997000 0 0 0 0 0 0 -252 147 
100001000 5000 10000 14000 0 -1899 -2386 -27116 999 -20 -16 0 1143000 1155000 1148000 1140000 1497000 1499000 1147000 1495000 1999000 997000 0 0 0 0 0 0 -252 147 
100101000 5000 10000 14000 0 -822 -1229 -27239 999 -10 -7 0 1246000 1100000 1149000 1133000 1496000 1499000 1147000 1495000 2000000 995000 0 0 0 0 0 0 -252 147 
100201000 5000 10000 14000 0 4681 4211 -27045 998 36 40 -1 1381000 1100000 1155000 1137000 1496000 1500000 1146000 1495000 2003000 994000 0 0 0 0 0 0 -252 147 
100301000 5000 10000 14000 0 10126 9092 -26383 992 78 87 -6 1240000 1100000 1160000 1135000 1496000 1499000 1147000 1496000 2003000 992000 0 0 0 0 0 0 -254 146 
100401000 5000 10000 14000 0 8842 7763 -26559 994 67 76 -5 1100000 1232000 1146000 1145000 1496000 1500000 1147000 1495000 2006000 990000 0 0 0 0 0 0 -252 147 
100501000 5000 10000 14000 0 3244 2354 -27173 999 20 28 0 1100000 1303000 1140000 1144000 1496000 1500000 1146000 1495000 1998000 999000 0 0 0 0 0 0 -252 147 
100601000 5000 10000 14000 0 -2511 -3006 -27165 999 -26 -21 0 1100000 1287000 1129000 1153000 1496000 1500000 1146000 1495000 2000000 996000 0 0 0 0 0 0 -254 146 
100701000 5000 10000 14000 0 -5583 -5880 -26926 997 -51 -48 -2 1100000 1209000 1134000 1160000 1496000 1500000 1147000 1495000 1999000 997000 0 0 0 0 0 0 -252 147 
100801000 5000 10000 14000 0 -4937 -5078 -27010 998 -44 -43 -1 1220000 1100000 1148000 1158000 1497000 1500000 1146000 1496000 2000000 996000 0 0 0 0 0 0 -252 147 
100901000 5000 10000 14000 0 1419 1045 -27173 999 9 12 0 1396000 1100000 1148000 1117000 1496000 1500000 1146000 1495000 2001000 995000 0 0 0 0 0 0 -254 146 
101001000 5000 10000 14000 0 7673 6731 -26694 996 58 66 -3 1267000 1100000 1178000 1124000 1496000 1499000 1147000 1495000 2003000 993000 0 0 0 0 0 0 -252 147 
101101000 5000 10000 14000 0 8322 7250 -26597 995 63 72 -4 1122000 1177000 1150000 1137000 1496000 1499000 1146000 1495000 2005000 992000 0 0 0 0 0 0 -252 147 
101201000 5000 10000 14000 0 4518 3506 -27076 998 30 39 -1 1100000 1278000 1131000 1139000 1496000 1500000 1147000 1495000 1999000 998000 0 0 0 0 0 0 -254 146 
101301000 5000 10000 14000 0 -532 -1331 -27214 999 -11 -4 0 1100000 1289000 1131000 1162000 1497000 1500000 1146000 1496000 1999000 996000 0 0 0 0 0 0 -252 147 
101401000 5000 10000 14000 0 -3959 -4596 -27016 998 -40 -34 -1 1100000 1208000 1131000 1158000 1496000 1500000 1146000 1495000 1998000 998000 0 0 0 0 0 0 -252 147 
101501000 5000 10000 16000 0 -3424 -4080 -27098 998 -35 -29 -1 1251000 1100000 1137000 1146000 1496000 1500000 1146000 1495000 1999000 996000 0 0 0 0 0 0 -254 146 
101601000 5000 10000 17000 0 2998 1930 -27168 999 16 26 0 1405000 1100000 1180000 1109000 1496000 1499000 1147000 1495000 2002000 995000 0 0 0 0 0 0 -254 146 
101701000 5000 10000 17000 0 8560 7072 -26576 995 61 74 -4 1231000 1100000 1163000 1131000 1496000 1500000 1147000 1495000 2003000 993000 0 0 0 0 0 0 -254 146 
101800000 5000 8000 17000 0 8173 6768 -26658 995 58 71 -4 1113000 1212000 1145000 1117000 1497000 1499000 1147000 1496000 2004000 992000 0 0 0 0 0 0 -252 147 
101900000 5000 8000 18000 0 3593 2449 -27171 999 21 31 0 1100000 1314000 1122000 1158000 1496000 1500000 1147000 1495000 2006000 991000 0 0 0 0 0 0 -252 148 
102000000 5000 8000 19000 0 -1640 -2504 -27204 999 -21 -14 0 1100000 1273000 1133000 1149000 1496000 1499000 1147000 1495000 1997000 998000 0 0 0 0 0 0 -252 148 
102101000 5000 10000 21000 0 -4573 -5021 -26945 998 -43 -39 -1 1108000 1178000 1144000 1157000 1496000 1500000 1146000 1495000 1998000 998000 0 0 0 0 0 0 -252 147 
102201000 5000 10000 21000 0 -2621 -3151 -27125 999 -27 -22 0 1303000 1100000 1156000 1126000 1496000 1500000 1147000 1495000 1998000 998000 0 0 0 0 0 0 -254 146 
102301000 5000 10000 21000 0 4278 3256 -26987 998 28 37 -1 1341000 1100000 1154000 1121000 1496000 1499000 1146000 1496000 1998000 998000 0 0 0 0 0 0 -254 146 
102401000 5000 10000 21000 0 8324 7075 -26699 995 61 72 -4 1215000 1100000 1162000 1119000 1496000 1500000 1147000 1495000 1998000 999000 0 0 0 0 0 0 -254 146 
102501000 5000 10000 21000 0 7038 5795 -26822 996 50 61 -3 1100000 1209000 1153000 1155000 1496000 1499000 1147000 1495000 1997000 999000 0 0 0 0 0 0 -252 147 
102601000 5000 10000 21000 0 2531 1552 -27097 999 13 22 0 1100000 1276000 1138000 1146000 1496000 1500000 1146000 1495000 1998000 999000 0 0 0 0 0 0 -252 147 
102701000 5000 10000 21000 0 -2337 -3113 -27092 999 -27 -20 0 1100000 1278000 1126000 1155000 1496000 1500000 1147000 1495000 1998000 999000 0 0 0 0 0 0 -254 146 
102801000 5000 10000 21000 0 -4975 -5590 -26940 997 -48 -43 -2 1114000 1183000 1122000 1163000 1496000 1499000 1147000 1496000 1998000 998000 0 0 0 0 0 0 -254 146 
102901000 5000 10000 21000 0 -2444 -3104 -27139 999 -27 -21 0 1318000 1100000 1134000 1146000 1496000 1499000 1147000 1495000 1998000 998000 0 0 0 0 0 0 -254 146 
103001000 5000 10000 21000 0 4532 3424 -26984 998 29 39 -1 1342000 1100000 1151000 1108000 1497000 1499000 1147000 1495000 1997000 999000 0 0 0 0 0 0 -252 147 
103101000 5000 10000 21000 0 7589 6524 -26711 996 56 66 -3 1184000 1107000 1167000 1123000 1496000 1500000 1146000 1495000 1998000 998000 0 0 0 0 0 0 -254 146 
103201000 5000 10000 21000 0 5790 4779 -26904 997 41 50 -2 1100000 1210000 1161000 1151000 1496000 1500000 1147000 1495000 1998000 998000 0 0 0 0 0 0 -254 146 
103301000 5000 10000 21000 0 1335 515 -27101 999 4 11 0 1100000 1280000 1139000 1152000 1496000 1499000 1147000 1495000 1998000 998000 0 0 0 0 0 0 -252 147 
103401000 5000 10000 21000 0 -2984 -3656 -27031 999 -31 -26 0 1100000 1269000 1128000 1167000 1496000 1499000 1147000 1495000 1998000 999000 0 0 0 0 0 0 -252 147 
103501000 5000 10000 21000 0 -4920 -5347 -26943 997 -46 -42 -2 1149000 1145000 1128000 1164000 1497000 1499000 1147000 1495000 1997000 998000 0 0 0 0 0 0 -252 147 
103601000 5000 10000 21000 0 -1153 -1810 -27141 999 -15 -10 0 1351000 1100000 1142000 1126000 1496000 1499000 1147000 1495000 1998000 999000 0 0 0 0 0 0 -252 147 
103701000 5000 10000 21000 0 5457 4326 -26884 998 37 47 -1 1316000 1100000 1177000 1108000 1496000 1499000 1147000 1495000 1998000 999000 0 0 0 0 0 0 -252 147 
103801000 5000 10000 21000 0 7981 6734 -26625 995 58 69 -4 1178000 1128000 1157000 1123000 1496000 1499000 1147000 1495000 1998000 998000 0 0 0 0 0 0 -252 147 
103901000 5000 10000 21000 0 5790 4560 -26915 997 39 50 -2 1100000 1224000 1156000 1147000 1496000 1499000 1147000 1495000 1998000 998000 0 0 0 0 0 0 -252 147 
104001000 5000 10000 21000 0 1127 186 -27145 999 1 9 0 1100000 1285000 1137000 1167000 1497000 1499000 1147000 1496000 1998000 999000 0 0 0 0 0 0 -254 146 
104101000 5000 10000 21000 0 -3501 -4157 -27008 998 -36 -30 -1 1100000 1259000 1138000 1156000 1496000 1499000 1147000 1495000 1998000 998000 0 0 0 0 0 0 -254 146 
104201000 5000 10000 21000 0 -6185 -6636 -26767 996 -57 -53 -3 1101000 1193000 1137000 1155000 1496000 1499000 1147000 1495000 1998000 999000 0 0 0 0 0 0 -252 147 
104301000 5000 10000 21000 0 -4230 -4691 -26983 998 -40 -36 -1 1283000 1100000 1155000 1136000 1496000 1499000 1146000 1495000 1998000 998000 0 0 0 0 0 0 -254 146 
104401000 5000 10000 21000 0 2997 2016 -27042 999 17 26 0 1363000 1100000 1143000 1113000 1496000 1500000 1147000 1495000 1998000 998000 0 0 0 0 0 0 -254 146 
104501000 5000 10000 21000 0 7657 6528 -26692 996 56 66 -3 1234000 1100000 1159000 1118000 1497000 1500000 1146000 1496000 1998000 999000 0 0 0 0 0 0 -252 147 
104601000 5000 10000 21000 0 7340 6138 -26721 996 53 63 -3 1100000 1199000 1152000 1143000 1496000 1500000 1146000 1495000 1998000 999000 0 0 0 0 0 0 -252 148 
104701000 5000 10000 21000 0 3161 2272 -27045 999 19 27 0 1100000 1267000 1145000 1151000 1496000 1500000 1146000 1495000 1997000 998000 0 0 0 0 0 0 -252 148 
104801000 5000 10000 21000 0 -1725 -2434 -27093 999 -21 -15 0 1100000 1273000 1129000 1162000 1496000 1500000 1146000 1495000 1998000 998000 0 0 0 0 0 0 -254 146 
104901000 5000 10000 21000 0 -5020 -5508 -26872 997 -48 -43 -2 1100000 1230000 1128000 1164000 1496000 1500000 1147000 1495000 1998000 998000 0 0 0 0 0 0 -252 147 
105001000 5000 10000 21000 0 -5836 -6305 -26773 997 -54 -50 -2 1143000 1160000 1134000 1149000 1496000 1500000 1146000 1496000 1998000 999000 0 0 0 0 0 0 -252 147 
105101000 5000 10000 21000 0 -4117 -4533 -26914 998 -39 -35 -1 1202000 1103000 1146000 1132000 1496000 1500000 1147000 1495000 1998000 999000 0 0 0 0 0 0 -254 146 
105201000 5000 10000 21000 0 -1161 -1728 -27063 999 -15 -10 0 1227000 1100000 1160000 1124000 1497000 1500000 1146000 1495000 1997000 998000 0 0 0 0 0 0 -252 147 
105301000 5000 10000 21000 0 1084 369 -27065 999 3 9 0 1185000 1112000 1151000 1137000 1496000 1500000 1146000 1495000 1998000 998000 0 0 0 0 0 0 -252 147 
105401000 5000 10000 21000 0 1904 1078 -27031 999 9 16 0 1147000 1150000 1149000 1136000 1496000 1500000 1146000 1495000 1998000 999000 0 0 0 0 0 0 -254 146 
105501000 5000 10000 21000 0 1200 376 -27073 999 3 10 0 1113000 1189000 1140000 1144000 1496000 1500000 1146000 1495000 1998000 999000 0 0 0 0 0 0 -252 147 
105601000 5000 10000 21000 0 -352 -1144 -27071 999 -9 -3 0 1104000 1198000 1139000 1144000 1496000 1500000 1147000 1495000 1998000 999000 0 0 0 0 0 0 -252 147 
105701000 5000 10000 21000 0 -1633 -2353 -27019 999 -20 -14 0 1115000 1183000 1142000 1147000 1497000 1499000 1146000 1496000 1997000 998000 0 0 0 0 0 0 -252 147 
105801000 5000 10000 21000 0 -1985 -2697 -27034 999 -23 -17 0 1142000 1156000 1140000 1145000 1496000 1499000 1147000 1495000 1998000 998000 0 0 0 0 0 0 -254 146 
105901000 5000 10000 21000 0 -1433 -2207 -27049 999 -19 -12 0 1164000 1125000 1148000 1144000 1496000 1499000 1147000 1495000 1998000 999000 0 0 0 0 0 0 -254 146 
106001000 5000 10000 21000 0 -120 -959 -27056 999 -8 -1 0 1178000 1113000 1155000 1140000 1496000 1499000 1146000 1495000 1998000 998000 0 0 0 0 0 0 -252 147 
106101000 5000 10000 21000 0 867 -9 -27077 999 0 7 0 1164000 1121000 1160000 1141000 1496000 1500000 1147000 1495000 1998000 999000 0 0 0 0 0 0 -252 147 
106201000 5000 10000 21000 0 949 97 -27054 999 0 8 0 1138000 1153000 1151000 1144000 1497000 1499000 1147000 1496000 1998000 998000 0 0 0 0 0 0 -252 147 
106301000 5000 10000 21000 0 462 -368 -27041 999 -3 4 0 1124000 1171000 1147000 1144000 1496000 1500000 1147000 1495000 1998000 998000 0 0 0 0 0 0 -252 147 
106401000 5000 10000 21000 0 -386 -1166 -27064 999 -10 -3 0 1120000 1177000 1141000 1148000 1496000 1499000 1147000 1495000 1997000 998000 0 0 0 0 0 0 -252 147 
106501000 5000 10000 21000 0 -1100 -1799 -27042 999 -15 -9 0 1131000 1166000 1142000 1147000 1496000 1500000 1146000 1495000 1998000 999000 0 0 0 0 0 0 -252 147 
106601000 5000 10000 21000 0 -1040 -1898 -27028 999 -16 -9 0 1144000 1144000 1146000 1148000 1496000 1500000 1147000 1495000 1998000 999000 0 0 0 0 0 0 -254 146 
106701000 5000 10000 21000 0 -512 -1394 -27058 999 -12 -4 0 1161000 1126000 1156000 1143000 1496000 1500000 1146000 1495000 1998000 998000 0 0 0 0 0 0 -252 147 
106801000 5000 10000 21000 0 101 -796 -27040 999 -6 0 0 1162000 1134000 1152000 1138000 1496000 1500000 1147000 1495000 1998000 999000 0 0 0 0 0 0 -252 147 
106901000 5000 10000 21000 0 608 -194 -27039 999 -1 5 0 1157000 1135000 1155000 1139000 1497000 1500000 1146000 1496000 1997000 998000 0 0 0 0 0 0 -252 147 
107001000 5000 10000 21000 0 654 -33 -27056 999 0 5 0 1142000 1146000 1153000 1145000 1496000 1500000 1146000 1495000 1998000 998000 0 0 0 0 0 0 -252 147 
107101000 5000 10000 21000 0 251 -415 -27032 999 -3 2 0 1129000 1163000 1151000 1144000 1496000 1499000 1146000 1495000 1998000 999000 0 0 0 0 0 0 -252 147 
107201000 5000 10000 21000 0 -268 -925 -27026 999 -8 -2 0 1122000 1165000 1149000 1146000 1496000 1499000 1146000 1495000 1998000 998000 0 0 0 0 0 0 -254 146 
107301000 5000 10000 21000 0 -752 -1512 -27032 999 -13 -6 0 1130000 1161000 1145000 1146000 1496000 1500000 1147000 1495000 1998000 999000 0 0 0 0 0 0 -254 146 
107401000 5000 10000 21000 0 -732 -1514 -27004 999 -13 -6 0 1153000 1150000 1140000 1139000 1497000 1499000 1146000 1496000 1998000 998000 0 0 0 0 0 0 -254 146 
107501000 5000 10000 21000 0 -29 -805 -27013 999 -7 0 0 1170000 1137000 1140000 1135000 1496000 1500000 1147000 1495000 1998000 999000 0 0 0 0 0 0 -254 146 
107601000 5000 10000 21000 0 498 -188 -27027 999 -1 4 0 1168000 1139000 1141000 1134000 1496000 1499000 1147000 1495000 1997000 998000 0 0 0 0 0 0 -254 146 
107701000 5000 10000 21000 0 606 12 -27001 999 0 5 0 1150000 1156000 1140000 1136000 1496000 1499000 1146000 1495000 1998000 998000 0 0 0 0 0 0 -254 146 
107801000 5000 10000 21000 0 377 -314 -27011 999 -2 3 0 1129000 1164000 1145000 1144000 1496000 1500000 1147000 1495000 1998000 999000 0 0 0 0 0 0 -254 146 
107901000 5000 10000 21000 0 -356 -970 -27013 999 -8 -3 0 1120000 1177000 1144000 1145000 1496000 1499000 1146000 1495000 1998000 998000 0 0 0 0 0 0 -252 147 
108001000 5000 10000 21000 0 -968 -1629 -26976 999 -14 -8 0 1130000 1170000 1144000 1142000 1496000 1499000 1147000 1495000 1998000 998000 0 0 0 0 0 0 -252 147 
108101000 5000 10000 21000 0 -1023 -1711 -26998 999 -14 -8 0 1146000 1146000 1147000 1148000 1497000 1499000 1147000 1496000 1998000 998000 0 0 0 0 0 0 -252 147 
108201000 5000 10000 21000 0 -583 -1423 -27011 999 -12 -5 0 1157000 1135000 1147000 1147000 1496000 1499000 1147000 1495000 1998000 998000 0 0 0 0 0 0 -252 147 
108301000 5000 10000 21000 0 104 -883 -26991 999 -7 0 0 1160000 1132000 1147000 1148000 1496000 1499000 1147000 1495000 1997000 999000 0 0 0 0 0 0 -252 147 
108401000 5000 10000 21000 0 651 -360 -27007 999 -3 5 0 1153000 1135000 1151000 1146000 1496000 1499000 1147000 1495000 1998000 998000 0 0 0 0 0 0 -252 147 
108501000 5000 10000 21000 0 646 -408 -27008 999 -3 5 0 1139000 1152000 1152000 1139000 1496000 1500000 1147000 1495000 1998000 998000 0 0 0 0 0 0 -254 146 
108601000 5000 11000 22000 0 337 -760 -26990 999 -6 2 0 1134000 1160000 1156000 1133000 1496000 1499000 1147000 1496000 1998000 998000 0 0 0 0 0 0 -254 146 
108701000 5000 10000 22000 0 -49 -990 -27006 999 -8 0 0 1133000 1159000 1154000 1140000 1496000 1499000 1147000 1495000 1998000 998000 0 0 0 0 0 0 -252 147 
108801000 5000 10000 22000 0 -444 -1286 -27006 999 -11 -3 0 1138000 1160000 1146000 1139000 1497000 1499000 1147000 1495000 1997000 998000 0 0 0 0 0 0 -254 146 
108901000 5000 10000 22000 0 -375 -1236 -26985 999 -10 -3 0 1149000 1155000 1142000 1135000 1496000 1499000 1146000 1495000 1998000 999000 0 0 0 0 0 0 -254 146 
109001000 5000 10000 22000 0 163 -623 -27030 999 -5 1 0 1197000 1100000 1144000 1142000 1496000 1499000 1147000 1495000 1998000 999000 0 0 0 0 0 0 -254 146 
109101000 5000 10000 22000 0 2418 1356 -26936 999 11 21 0 1219000 1100000 1156000 1133000 1496000 1499000 1147000 1495000 1998000 998000 0 0 0 0 0 0 -254 146 
109201000 5000 10000 22000 0 3585 2490 -26855 999 21 31 0 1176000 1143000 1138000 1126000 1496000 1500000 1147000 1495000 1998000 998000 0 0 0 0 0 0 -254 146 
109301000 5000 10000 22000 0 2843 1849 -26961 999 16 24 0 1120000 1189000 1138000 1140000 1497000 1499000 1147000 1496000 1998000 998000 0 0 0 0 0 0 -252 147 
109401000 5000 10000 22000 0 290 -538 -27027 999 -4 2 0 1100000 1248000 1114000 1163000 1496000 1500000 1147000 1495000 1998000 999000 0 0 0 0 0 0 -252 147 
109501000 5000 10000 22000 0 -2526 -3149 -26915 999 -27 -22 0 1100000 1223000 1131000 1152000 1497000 1499000 1147000 1495000 1997000 999000 0 0 0 0 0 0 -252 147 
109601000 5000 10000 22000 0 -3897 -4367 -26861 998 -38 -33 -1 1119000 1180000 1143000 1145000 1496000 1499000 1146000 1495000 1998000 998000 0 0 0 0 0 0 -252 147 
109701000 5000 10000 22000 0 -3574 -4163 -26860 998 -36 -31 -1 1148000 1166000 1153000 1120000 1496000 1499000 1147000 1495000 1998000 999000 0 0 0 0 0 0 -252 147 
109801000 5000 10000 22000 0 -3690 -4009 -26884 998 -34 -32 -1 1118000 1185000 1148000 1135000 1496000 1499000 1147000 1495000 1998000 998000 0 0 0 0 0 0 -252 147 
109901000 5000 10000 22000 0 -4149 -4643 -26849 998 -40 -36 -1 1100000 1195000 1163000 1155000 1496000 1500000 1146000 1495000 1998000 999000 0 0 0 0 0 0 -252 147 
110001000 5000 10000 22000 0 -5137 -5614 -26733 997 -48 -44 -2 1101000 1212000 1133000 1140000 1497000 1499000 1147000 1496000 1998000 998000 0 0 0 0 0 0 -252 147 
110101000 5000 10000 22000 0 -5361 -5648 -26724 997 -49 -46 -2 1153000 1166000 1136000 1131000 1496000 1500000 1147000 1495000 1998000 998000 0 0 0 0 0 0 -252 147 
110201000 5000 10000 22000 0 -3235 -3545 -26944 999 -30 -28 0 1203000 1100000 1152000 1144000 1497000 1499000 1147000 1495000 1997000 998000 0 0 0 0 0 0 -252 147 
110301000 5000 10000 22000 0 -509 -1030 -27004 999 -8 -4 0 1217000 1100000 1160000 1136000 1496000 1500000 1146000 1495000 1998000 998000 0 0 0 0 0 0 -252 147 
110401000 5000 10000 22000 0 1645 978 -26889 999 8 14 0 1183000 1110000 1152000 1141000 1496000 1501000 1146000 1495000 1998000 999000 0 0 0 0 0 0 -252 147 
110501000 5000 10000 22000 0 2385 1748 -26910 999 15 20 0 1154000 1146000 1148000 1134000 1496000 1500000 1146000 1495000 1998000 998000 0 0 0 0 0 0 -254 146 
110601000 5000 10000 22000 0 1346 788 -26975 999 6 11 0 1109000 1192000 1143000 1142000 1496000 1499000 1147000 1495000 1998000 999000 0 0 0 0 0 0 -252 147 
110701000 5000 10000 22000 0 -206 -638 -26962 999 -5 -1 0 1101000 1187000 1150000 1148000 1497000 1500000 1146000 1496000 1998000 998000 0 0 0 0 0 0 -252 147 
110801000 5000 10000 22000 0 -1243 -1544 -26971 999 -13 -10 0 1117000 1170000 1146000 1149000 1496000 1500000 1147000 1495000 1998000 998000 0 0 0 0 0 0 -254 146 
110901000 5000 10000 22000 0 -1709 -1983 -26940 999 -17 -14 0 1142000 1155000 1148000 1141000 1496000 1500000 1146000 1495000 1997000 998000 0 0 0 0 0 0 -252 147 
111001000 5000 10000 22000 0 -1053 -1488 -26915 999 -12 -9 0 1170000 1138000 1146000 1132000 1496000 1500000 1146000 1495000 1998000 998000 0 0 0 0 0 0 -252 147 
111101000 5000 10000 22000 0 66 -572 -26963 999 -4 0 0 1183000 1131000 1135000 1133000 1496000 1500000 1146000 1495000 1998000 999000 0 0 0 0 0 0 -254 146 
111201000 5000 10000 22000 0 822 160 -26973 999 1 7 0 1177000 1141000 1132000 1136000 1496000 1499000 1147000 1495000 1998000 998000 0 0 0 0 0 0 -252 147 
111301000 5000 10000 22000 0 1120 315 -26936 999 2 9 0 1147000 1157000 1144000 1137000 1496000 1500000 1147000 1495000 1998000 998000 0 0 0 0 0 0 -252 147 
111401000 5000 10000 22000 0 568 -117 -26969 999 -1 4 0 1125000 1171000 1156000 1134000 1497000 1499000 1147000 1496000 1998000 998000 0 0 0 0 0 0 -252 147 
111501000 5000 10000 22000 0 -502 -1091 -26953 999 -9 -4 0 1118000 1193000 1146000 1129000 1496000 1499000 1147000 1495000 1998000 999000 0 0 0 0 0 0 -252 147 
111601000 5000 10000 22000 0 -958 -1637 -27015 999 -14 -8 0 1128000 1155000 1170000 1132000 1496000 1499000 1147000 1495000 1997000 998000 0 0 0 0 0 0 -252 147 
111701000 5000 10000 22000 0 -1390 -2075 -27023 999 -18 -12 0 1116000 1164000 1164000 1142000 1496000 1499000 1146000 1495000 1998000 998000 0 0 0 0 0 0 -252 147 
111801000 5000 10000 22000 0 -1558 -2340 -26915 999 -20 -13 0 1143000 1156000 1144000 1143000 1496000 1500000 1147000 1495000 1998000 999000 0 0 0 0 0 0 -252 147 
111901000 5000 10000 22000 0 -1481 -2130 -26847 999 -18 -12 0 1120000 1181000 1137000 1148000 1496000 1499000 1147000 1495000 1998000 999000 0 0 0 0 0 0 -252 147 
112001000 5000 10000 22000 0 -2214 -2760 -26920 999 -24 -19 0 1112000 1200000 1133000 1141000 1496000 1499000 1147000 1495000 1998000 998000 0 0 0 0 0 0 -252 147 
112101000 5000 10000 22000 0 -2815 -3183 -26915 999 -27 -24 0 1143000 1160000 1135000 1147000 1497000 1499000 1147000 1496000 1998000 998000 0 0 0 0 0 0 -252 147 
112201000 5000 10000 22000 0 -1640 -2070 -26919 999 -18 -14 0 1177000 1104000 1151000 1154000 1496000 1499000 1147000 1495000 1998000 998000 0 0 0 0 0 0 -252 147 
112301000 5000 10000 22000 0 263 -311 -26966 999 -2 2 0 1196000 1100000 1162000 1142000 1497000 1499000 1147000 1495000 1997000 998000 0 0 0 0 0 0 -252 147 
112401000 5000 10000 22000 0 1734 1173 -26899 999 10 15 0 1189000 1102000 1160000 1131000 1496000 1499000 1147000 1495000 1998000 998000 0 0 0 0 0 0 -254 146 
112501000 5000 10000 22000 0 4318 3614 -26793 998 31 37 -1 1280000 1100000 1151000 1137000 1496000 1501000 1146000 1495000 1998000 999000 0 0 0 0 0 0 -254 146 
112601000 5000 10000 22000 0 8567 7677 -26434 994 66 74 -5 1316000 1100000 1147000 1128000 1496000 1499000 1147000 1495000 1998000 999000 0 0 0 0 0 0 -254 146 
112701000 5000 10000 22000 0 10892 9907 -26028 991 85 94 -8 1198000 1100000 1170000 1138000 1496000 1500000 1147000 1495000 1998000 999000 0 0 0 0 0 0 -252 147 
112801000 5000 10000 22000 0 9245 8274 -26270 994 71 80 -5 1100000 1199000 1156000 1150000 1497000 1499000 1147000 1496000 1998000 998000 0 0 0 0 0 0 -252 147 
112901000 5000 10000 22000 0 3937 3221 -26912 999 28 34 0 1100000 1286000 1119000 1155000 1496000 1500000 1147000 1495000 1998000 999000 0 0 0 0 0 0 -252 147 
113001000 5000 10000 22000 0 -1128 -1554 -26980 999 -13 -9 0 1100000 1260000 1110000 1169000 1497000 1499000 1147000 1495000 1997000 998000 0 0 0 0 0 0 -252 147 
113101000 5000 10000 22000 0 -2788 -3159 -26815 999 -27 -24 0 1137000 1131000 1153000 1166000 1496000 1500000 1146000 1495000 1998000 998000 0 0 0 0 0 0 -252 147 
113201000 5000 10000 22000 0 -1646 -2071 -26840 999 -18 -14 0 1227000 1100000 1130000 1135000 1496000 1499000 1147000 1495000 1998000 999000 0 0 0 0 0 0 -254 146 
113344000 5000 143000 23000 0 -1646 -2071 -26840 999 -18 -14 0 1227000 1100000 1131000 1134000 1497000 1498000 1146000 1496000 1998000 999000 0 0 0 0 0 0 -254 146 
113401000 5000 10000 23000 0 4569 3797 -26941 998 33 39 -1 1307000 1100000 1166000 1131000 1496000 1500000 1147000 1495000 1998000 999000 0 0 0 0 0 0 -254 146 
113501000 5000 10000 23000 0 6473 5653 -26652 997 49 56 -2 1170000 1115000 1170000 1131000 1496000 1499000 1146000 1496000 1998000 999000 0 0 0 0 0 0 -252 147 
113601000 5000 10000 23000 0 4804 4040 -26804 998 35 41 -1 1100000 1230000 1146000 1148000 1496000 1499000 1147000 1495000 1998000 999000 0 0 0 0 0 0 -252 147 
113701000 5000 10000 23000 0 913 215 -27055 999 1 7 0 1100000 1268000 1137000 1143000 1497000 1499000 1147000 1496000 1997000 999000 0 0 0 0 0 0 -252 147 
113801000 5000 10000 23000 0 -3410 -3955 -26953 998 -34 -29 -1 1100000 1246000 1136000 1166000 1496000 1499000 1148000 1495000 1998000 998000 0 0 0 0 0 0 -252 147 
113901000 5000 10000 23000 0 -4844 -5198 -26767 998 -45 -42 -1 1128000 1156000 1135000 1167000 1496000 1500000 1146000 1495000 1997000 999000 0 0 0 0 0 0 -252 147 
114001000 5000 10000 23000 0 -3044 -3434 -26935 999 -29 -26 0 1230000 1100000 1144000 1151000 1496000 1500000 1146000 1495000 1998000 999000 0 0 0 0 0 0 -252 147 
114101000 5000 10000 23000 0 1282 655 -26989 999 5 11 0 1291000 1100000 1150000 1117000 1496000 1500000 1147000 1495000 1998000 999000 0 0 0 0 0 0 -254 146 
114201000 5000 10000 23000 0 4853 4211 -26809 998 36 42 -1 1227000 1100000 1160000 1123000 1496000 1500000 1146000 1495000 1998000 998000 0 0 0 0 0 0 -252 147 
114301000 5000 10000 23000 0 5315 4799 -26752 998 41 46 -1 1135000 1149000 1159000 1143000 1496000 1500000 1147000 1495000 1998000 998000 0 0 0 0 0 0 -252 147 
114401000 5000 10000 23000 0 3100 2592 -26885 999 22 27 0 1100000 1224000 1144000 1147000 1497000 1500000 1146000 1496000 1998000 998000 0 0 0 0 0 0 -252 147 
114501000 5000 10000 23000 0 -129 -506 -26970 999 -4 -1 0 1100000 1253000 1129000 1164000 1496000 1500000 1147000 1495000 1998000 999000 0 0 0 0 0 0 -252 148 
114601000 5000 10000 23000 0 -2961 -3253 -26937 999 -28 -25 0 1100000 1217000 1137000 1157000 1496000 1499000 1147000 1495000 1997000 998000 0 0 0 0 0 0 -252 148 
114701000 5000 10000 23000 0 -4099 -4532 -26837 998 -39 -35 -1 1129000 1177000 1131000 1149000 1496000 1499000 1147000 1495000 1998000 999000 0 0 0 0 0 0 -252 147 
114801000 5000 10000 23000 0 -2265 -2755 -26970 999 -24 -19 0 1248000 1100000 1152000 1139000 1496000 1499000 1147000 1495000 1998000 999000 0 0 0 0 0 0 -252 147 
114901000 5000 10000 23000 0 2515 1859 -26952 999 16 21 0 1298000 1100000 1151000 1138000 1496000 1500000 1146000 1495000 1998000 998000 0 0 0 0 0 0 -252 147 
115001000 5000 10000 23000 0 6044 5298 -26664 997 46 52 -2 1222000 1100000 1162000 1131000 1496000 1500000 1147000 1495000 1998000 998000 0 0 0 0 0 0 -254 146 
115101000 5000 10000 23000 0 6581 5739 -26609 997 49 57 -2 1144000 1155000 1150000 1137000 1497000 1499000 1147000 1495000 1997000 998000 0 0 0 0 0 0 -252 147 
115201000 5000 10000 23000 0 4232 3486 -26865 998 30 36 -1 1100000 1221000 1143000 1146000 1496000 1500000 1146000 1495000 1998000 999000 0 0 0 0 0 0 -252 147 
115301000 5000 10000 23000 0 349 -180 -26986 999 -1 3 0 1100000 1248000 1142000 1155000 1496000 1500000 1147000 1495000 1998000 999000 0 0 0 0 0 0 -254 146 
115401000 5000 10000 23000 0 -2788 -3131 -26906 999 -27 -24 0 1100000 1229000 1131000 1165000 1497000 1500000 1146000 1495000 1997000 998000 0 0 0 0 0 0 -252 147 
115501000 5000 10000 23000 0 -4298 -4557 -26816 998 -39 -37 -1 1126000 1172000 1135000 1153000 1496000 1500000 1146000 1495000 1998000 998000 0 0 0 0 0 0 -252 147 
115601000 5000 10000 23000 0 -2889 -3066 -26927 999 -26 -25 0 1250000 1100000 1135000 1148000 1496000 1500000 1146000 1495000 1998000 999000 0 0 0 0 0 0 -254 146 
115701000 5000 10000 23000 0 2739 2144 -26938 999 18 23 0 1346000 1100000 1164000 1112000 1497000 1499000 1146000 1495000 1997000 998000 0 0 0 0 0 0 -252 147 
115801000 5000 10000 23000 0 6633 5821 -26586 997 50 57 -2 1220000 1100000 1151000 1131000 1496000 1499000 1147000 1495000 1998000 999000 0 0 0 0 0 0 -252 147 
115901000 5000 10000 23000 0 6374 5693 -26558 997 49 55 -2 1115000 1185000 1150000 1136000 1496000 1500000 1146000 1495000 1998000 999000 0 0 0 0 0 0 -252 147 
116001000 5000 10000 23000 0 3055 2389 -26885 999 20 26 0 1100000 1273000 1132000 1152000 1497000 1500000 1146000 1496000 1997000 998000 0 0 0 0 0 0 -252 147 
116101000 5000 10000 23000 0 -1600 -2123 -26947 999 -18 -13 0 1100000 1274000 1132000 1147000 1496000 1499000 1146000 1495000 1998000 999000 0 0 0 0 0 0 -252 147 
116201000 5000 10000 23000 0 -4919 -5278 -26737 998 -46 -42 -1 1100000 1234000 1125000 1161000 1496000 1500000 1147000 1495000 1998000 999000 0 0 0 0 0 0 -254 146 
116301000 5000 10000 23000 0 -5632 -5826 -26681 997 -50 -49 -2 1152000 1139000 1136000 1160000 1497000 1499000 1147000 1496000 1998000 998000 0 0 0 0 0 0 -252 147 
116401000 5000 10000 23000 0 -2926 -3162 -26917 999 -27 -25 0 1267000 1100000 1156000 1140000 1496000 1499000 1146000 1495000 1998000 998000 0 0 0 0 0 0 -252 147 
116501000 5000 10000 23000 0 2352 1562 -26869 999 13 20 0 1277000 1100000 1161000 1125000 1496000 1500000 1147000 1495000 1998000 999000 0 0 0 0 0 0 -254 146 
116601000 5000 10000 23000 0 5218 4216 -26715 998 36 45 -1 1203000 1100000 1163000 1122000 1497000 1499000 1147000 1496000 1998000 998000 0 0 0 0 0 0 -252 147 
116701000 5000 10000 23000 0 4652 3832 -26765 998 33 40 -1 1108000 1177000 1148000 1153000 1496000 1499000 1147000 1495000 1998000 999000 0 0 0 0 0 0 -252 147 
116801000 5000 10000 23000 0 2023 1265 -26901 999 11 17 0 1100000 1230000 1139000 1159000 1496000 1500000 1147000 1495000 1998000 999000 0 0 0 0 0 0 -252 147 
116901000 5000 10000 23000 0 -1387 -1888 -26928 999 -16 -12 0 1100000 1244000 1130000 1166000 1496000 1499000 1147000 1496000 1998000 998000 0 0 0 0 0 0 -254 146 
117001000 5000 10000 23000 0 -3984 -4295 -26794 998 -37 -34 -1 1100000 1206000 1136000 1151000 1496000 1500000 1147000 1495000 1998000 998000 0 0 0 0 0 0 -254 146 
117101000 5000 10000 23000 0 -4519 -4627 -26754 998 -40 -39 -1 1156000 1143000 1138000 1149000 1496000 1499000 1147000 1495000 1998000 999000 0 0 0 0 0 0 -252 147 
117201000 5000 10000 23000 0 -1933 -2324 -26916 999 -20 -16 0 1264000 1100000 1156000 1133000 1496000 1499000 1147000 1495000 1998000 999000 0 0 0 0 0 0 -254 146 
117301000 5000 10000 23000 0 3298 2622 -26815 999 22 28 0 1314000 1100000 1145000 1122000 1496000 1500000 1147000 1495000 1998000 999000 0 0 0 0 0 0 -254 146 
117401000 5000 10000 23000 0 7026 6113 -26524 996 53 61 -3 1231000 1100000 1145000 1125000 1496000 1499000 1147000 1495000 1997000 999000 0 0 0 0 0 0 -252 147 
117501000 5000 10000 23000 0 6795 5809 -26558 996 50 59 -3 1107000 1179000 1148000 1152000 1496000 1500000 1146000 1495000 1998000 998000 0 0 0 0 0 0 -252 147 
117601000 5000 10000 23000 0 3288 2407 -26834 999 21 28 0 1100000 1246000 1151000 1150000 1496000 1500000 1147000 1495000 1998000 998000 0 0 0 0 0 0 -252 147 
117701000 5000 10000 23000 0 -1062 -1854 -26887 999 -16 -9 0 1100000 1274000 1131000 1141000 1496000 1499000 1146000 1495000 1997000 998000 0 0 0 0 0 0 -252 147 
117801000 5000 10000 23000 0 -4216 -4889 -26736 998 -42 -36 -1 1100000 1237000 1120000 1155000 1496000 1499000 1146000 1495000 1998000 999000 0 0 0 0 0 0 -252 147 
117901000 5000 10000 23000 0 -4964 -5412 -26710 997 -47 -43 -2 1164000 1143000 1143000 1136000 1496000 1499000 1147000 1495000 1998000 998000 0 0 0 0 0 0 -252 147 
118001000 5000 10000 23000 0 -2011 -2600 -26885 999 -22 -17 0 1278000 1100000 1149000 1138000 1497000 1499000 1147000 1495000 1997000 998000 0 0 0 0 0 0 -252 147 
118101000 5000 10000 23000 0 3567 2423 -26832 999 21 31 0 1309000 1100000 1180000 1120000 1496000 1499000 1146000 1495000 1998000 998000 0 0 0 0 0 0 -254 146 
118201000 5000 10000 23000 0 6656 5392 -26563 997 46 57 -2 1206000 1100000 1150000 1129000 1496000 1500000 1147000 1495000 1998000 998000 0 0 0 0 0 0 -254 146 
118301000 5000 10000 23000 0 6153 4862 -26634 997 42 53 -2 1108000 1178000 1151000 1148000 1497000 1499000 1147000 1496000 1997000 999000 0 0 0 0 0 0 -252 147 
118401000 5000 10000 23000 0 3063 1898 -26866 999 16 26 0 1100000 1241000 1139000 1164000 1496000 1500000 1146000 1495000 1998000 998000 0 0 0 0 0 0 -254 146 
118501000 5000 10000 23000 0 -1038 -1869 -26875 999 -16 -9 0 1100000 1249000 1138000 1149000 1496000 1500000 1147000 1495000 1998000 998000 0 0 0 0 0 0 -254 146 
118601000 5000 10000 23000 0 -3897 -4571 -26722 998 -39 -33 -1 1100000 1217000 1136000 1156000 1497000 1499000 1147000 1496000 1998000 998000 0 0 0 0 0 0 -252 147 
118701000 5000 10000 23000 0 -4414 -5141 -26694 998 -44 -38 -1 1157000 1137000 1152000 1140000 1496000 1500000 1146000 1495000 1998000 999000 0 0 0 0 0 0 -252 147 
118801000 5000 10000 23000 0 -1844 -2617 -26850 999 -22 -16 0 1250000 1100000 1156000 1137000 1496000 1500000 1147000 1495000 1998000 999000 0 0 0 0 0 0 -252 147 
118901000 5000 10000 23000 0 2913 1887 -26794 999 16 25 0 1280000 1100000 1162000 1131000 1496000 1499000 1146000 1496000 1998000 998000 0 0 0 0 0 0 -252 147 
119001000 5000 10000 23000 0 5786 4802 -26625 997 41 50 -2 1215000 1100000 1157000 1129000 1496000 1500000 1147000 1495000 1997000 998000 0 0 0 0 0 0 -254 146 
119101000 5000 10000 23000 0 5424 4651 -26626 998 40 47 -1 1128000 1177000 1137000 1140000 1496000 1499000 1147000 1496000 1997000 999000 0 0 0 0 0 0 -254 146 
119201000 5000 10000 23000 0 2996 2265 -26808 999 19 26 0 1100000 1227000 1138000 1151000 1496000 1500000 1146000 1495000 1998000 998000 0 0 0 0 0 0 -252 147 
119301000 5000 10000 23000 0 -449 -930 -26884 999 -8 -3 0 1100000 1257000 1120000 1177000 1496000 1500000 1147000 1496000 1997000 998000 0 0 0 0 0 0 -252 147 
119401000 5000 10000 23000 0 -3066 -3305 -26779 999 -28 -26 0 1100000 1208000 1130000 1152000 1496000 1499000 1147000 1496000 1997000 999000 0 0 0 0 0 0 -252 147 
119501000 5000 10000 23000 0 -3254 -3522 -26772 999 -30 -28 0 1179000 1128000 1134000 1145000 1496000 1499000 1147000 1495000 1997000 998000 0 0 0 0 0 0 -252 147 
119601000 5000 10000 23000 0 -806 -1095 -26886 999 -9 -7 0 1264000 1100000 1150000 1129000 1496000 1500000 1147000 1496000 1997000 998000 0 0 0 0 0 0 -252 147 
119701000 5000 10000 23000 0 3645 2971 -26764 999 25 31 0 1284000 1100000 1155000 1135000 1496000 1499000 1147000 1496000 1997000 998000 0 0 0 0 0 0 -252 147 
119801000 5000 10000 23000 0 6929 5924 -26492 996 51 60 -3 1220000 1100000 1157000 1130000 1496000 1499000 1146000 1495000 1997000 999000 0 0 0 0 0 0 -252 147 
119901000 5000 10000 23000 0 6636 5694 -26503 997 49 57 -2 1121000 1172000 1146000 1147000 1496000 1499000 1147000 1496000 1997000 998000 0 0 0 0 0 0 -252 147 
120001000 5000 10000 23000 0 3730 2945 -26747 999 25 32 0 1100000 1234000 1137000 1143000 1497000 1500000 1146000 1496000 1997000 998000 0 0 0 0 0 0 -252 147 
120101000 5000 10000 23000 0 128 -583 -26874 999 -5 1 0 1100000 1243000 1135000 1149000 1496000 1499000 1147000 1495000 1997000 998000 0 0 0 0 0 0 -254 146 
120201000 5000 10000 23000 0 -2660 -3287 -26813 999 -28 -23 0 1100000 1209000 1138000 1163000 1496000 1500000 1147000 1496000 1997000 998000 0 0 0 0 0 0 -252 148 
120301000 5000 10000 23000 0 -3497 -4184 -26728 998 -36 -30 -1 1140000 1147000 1149000 1154000 1497000 1499000 1147000 1496000 1998000 998000 0 0 0 0 0 0 -252 148 
120401000 5000 10000 23000 0 -1766 -2360 -26845 999 -20 -15 0 1244000 1100000 1142000 1142000 1496000 1499000 1147000 1495000 1997000 998000 0 0 0 0 0 0 -252 147 
120501000 5000 10000 23000 0 3057 2096 -26838 999 18 26 0 1328000 1100000 1171000 1118000 1496000 1500000 1147000 1496000 1997000 999000 0 0 0 0 0 0 -252 147 
120601000 5000 10000 23000 0 7094 5964 -26457 996 51 61 -3 1227000 1100000 1163000 1133000 1496000 1499000 1147000 1496000 1998000 998000 0 0 0 0 0 0 -252 147 
120701000 5000 10000 23000 0 7205 6231 -26411 996 54 62 -3 1136000 1156000 1158000 1136000 1496000 1499000 1147000 1496000 1997000 998000 0 0 0 0 0 0 -252 147 
120801000 5000 10000 23000 0 4369 3343 -26737 998 29 38 -1 1100000 1245000 1135000 1151000 1496000 1499000 1147000 1496000 1997000 999000 0 0 0 0 0 0 -252 147 
120901000 5000 10000 23000 0 222 -541 -26876 999 -4 1 0 1100000 1244000 1147000 1159000 1496000 1499000 1147000 1495000 1997000 998000 0 0 0 0 0 0 -252 147 
121001000 5000 10000 23000 0 -3233 -3689 -26765 999 -32 -28 0 1100000 1222000 1141000 1168000 1496000 1499000 1147000 1496000 1997000 998000 0 0 0 0 0 0 -252 147 
121101000 5000 10000 23000 0 -4640 -5064 -26656 998 -44 -40 -1 1115000 1166000 1144000 1156000 1496000 1499000 1147000 1496000 1997000 998000 0 0 0 0 0 0 -254 146 
121201000 5000 10000 23000 0 -3049 -3398 -26792 999 -29 -26 0 1244000 1100000 1139000 1135000 1496000 1499000 1147000 1495000 1997000 998000 0 0 0 0 0 0 -254 146 
121301000 5000 10000 23000 0 1974 1341 -26832 999 11 17 0 1319000 1100000 1154000 1123000 1496000 1500000 1147000 1496000 1997000 999000 0 0 0 0 0 0 -252 147 
121401000 5000 10000 23000 0 6272 5477 -26504 997 47 54 -2 1249000 1100000 1169000 1115000 1497000 1499000 1147000 1496000 1997000 998000 0 0 0 0 0 0 -254 146 
121501000 5000 10000 23000 0 6739 6127 -26412 996 53 58 -3 1138000 1148000 1154000 1141000 1496000 1499000 1147000 1495000 1997000 999000 0 0 0 0 0 0 -254 146 
121601000 5000 10000 23000 0 4229 3683 -26670 998 32 36 -1 1100000 1227000 1144000 1147000 1496000 1500000 1147000 1496000 1997000 998000 0 0 0 0 0 0 -252 147 
121701000 5000 10000 23000 0 379 -116 -26846 999 -1 3 0 1100000 1258000 1135000 1164000 1497000 1499000 1147000 1496000 1998000 998000 0 0 0 0 0 0 -254 146 
121801000 5000 10000 24000 0 -3001 -3293 -26737 999 -28 -26 0 1100000 1230000 1131000 1155000 1496000 1499000 1147000 1495000 1997000 998000 0 0 0 0 0 0 -254 146 
121901000 5000 10000 24000 0 -4517 -4773 -26637 998 -41 -39 -1 1119000 1178000 1130000 1159000 1496000 1500000 1147000 1496000 1997000 999000 0 0 0 0 0 0 -252 147 
122001000 5000 10000 24000 0 -3419 -3728 -26767 999 -32 -29 0 1221000 1100000 1159000 1140000 1496000 1499000 1147000 1495000 1998000 998000 0 0 0 0 0 0 -254 146 
122101000 5000 10000 24000 0 1528 960 -26819 999 8 13 0 1322000 1100000 1150000 1134000 1496000 1500000 1147000 1496000 1997000 998000 0 0 0 0 0 0 -254 146 
122201000 5000 10000 24000 0 6461 5639 -26478 997 49 56 -2 1253000 1100000 1169000 1133000 1496000 1499000 1147000 1496000 1997000 999000 0 0 0 0 0 0 -252 147 
122301000 5000 10000 24000 0 7135 6327 -26380 996 55 62 -3 1128000 1152000 1158000 1144000 1496000 1499000 1146000 1495000 1997000 998000 0 0 0 0 0 0 -254 146 
122401000 5000 10000 24000 0 4220 3597 -26666 998 31 36 -1 1100000 1240000 1146000 1144000 1496000 1500000 1147000 1496000 1997000 999000 0 0 0 0 0 0 -254 146 
122501000 5000 10000 24000 0 -225 -617 -26832 999 -5 -1 0 1100000 1269000 1130000 1160000 1497000 1499000 1147000 1496000 1997000 998000 0 0 0 0 0 0 -252 147 
122601000 5000 10000 24000 0 -3895 -4219 -26692 998 -36 -33 -1 1100000 1240000 1121000 1172000 1496000 1499000 1146000 1495000 1997000 998000 0 0 0 0 0 0 -254 146 
122701000 5000 10000 24000 0 -5171 -5508 -26570 997 -48 -45 -2 1144000 1144000 1145000 1149000 1496000 1500000 1147000 1496000 1997000 998000 0 0 0 0 0 0 -254 146 
122801000 5000 10000 24000 0 -2545 -2955 -26766 999 -25 -22 0 1274000 1100000 1148000 1138000 1497000 1499000 1147000 1496000 1998000 998000 0 0 0 0 0 0 -252 147 
122901000 5000 10000 24000 0 3564 2866 -26723 999 24 31 0 1365000 1100000 1169000 1102000 1496000 1499000 1146000 1495000 1997000 999000 0 0 0 0 0 0 -254 146 
123001000 5000 10000 24000 0 7783 6993 -26269 995 60 67 -4 1227000 1100000 1151000 1126000 1496000 1500000 1147000 1496000 1997000 999000 0 0 0 0 0 0 -254 146 
123101000 5000 10000 24000 0 7568 6589 -26332 996 57 65 -3 1114000 1193000 1149000 1131000 1496000 1501000 1146000 1495000 1998000 998000 0 0 0 0 0 0 -252 147 
123201000 5000 10000 24000 0 3824 2978 -26716 999 25 33 0 1100000 1277000 1133000 1153000 1496000 1499000 1148000 1496000 1997000 999000 0 0 0 0 0 0 -252 147 
123301000 5000 10000 24000 0 -1052 -1666 -26818 999 -14 -9 0 1100000 1274000 1143000 1142000 1496000 1500000 1146000 1496000 1997000 999000 0 0 0 0 0 0 -252 147 
123401000 5000 10000 24000 0 -4869 -5137 -26619 998 -44 -42 -1 1100000 1244000 1131000 1148000 1496000 1499000 1148000 1495000 1997000 998000 0 0 0 0 0 0 -254 146 
123501000 5000 10000 24000 0 -6128 -6449 -26449 996 -56 -53 -3 1126000 1176000 1136000 1144000 1496000 1501000 1146000 1496000 1997000 998000 0 0 0 0 0 0 -254 146 
123601000 5000 10000 24000 0 -4175 -4464 -26664 998 -38 -36 -1 1246000 1100000 1135000 1146000 1497000 1502000 1144000 1495000 1997000 998000 0 0 0 0 0 0 -254 146 
123701000 5000 10000 24000 0 1492 961 -26788 999 8 13 0 1340000 1100000 1142000 1125000 1496000 1504000 1143000 1495000 1997000 998000 0 0 0 0 0 0 -256 144 
123801000 5000 10000 24000 0 6648 5714 -26477 997 49 57 -2 1260000 1100000 1170000 1111000 1496000 1506000 1141000 1496000 1997000 998000 0 0 0 0 0 0 -259 141 
123901000 5000 10000 24000 0 7447 6645 -26335 996 57 64 -3 1131000 1134000 1161000 1136000 1497000 1499000 1147000 1496000 1998000 998000 0 0 0 0 0 0 -259 141 
124001000 5000 10000 24000 0 4571 4042 -26596 998 35 39 -1 1100000 1238000 1150000 1148000 1496000 1499000 1147000 1496000 1997000 998000 0 0 0 0 0 0 -252 147 
124101000 5000 10000 24000 0 171 -82 -26807 999 0 1 0 1100000 1277000 1126000 1169000 1496000 1499000 1148000 1496000 1997000 999000 0 0 0 0 0 0 -252 148 
124201000 5000 10000 24000 0 -3582 -3854 -26693 998 -33 -31 -1 1100000 1236000 1135000 1162000 1496000 1499000 1147000 1496000 1998000 998000 0 0 0 0 0 0 -252 148 
124301000 5000 10000 24000 0 -5296 -5746 -26530 997 -50 -46 -2 1115000 1182000 1130000 1160000 1496000 1499000 1147000 1496000 1997000 998000 0 0 0 0 0 0 -252 147 
124401000 5000 10000 24000 0 -4450 -4933 -26618 998 -43 -38 -1 1177000 1111000 1153000 1146000 1496000 1498000 1147000 1496000 1997000 999000 0 0 0 0 0 0 -252 147 
124501000 5000 10000 24000 0 -1944 -2536 -26754 999 -22 -16 0 1210000 1100000 1152000 1145000 1496000 1499000 1147000 1496000 1997000 998000 0 0 0 0 0 0 -252 147 
124601000 5000 10000 24000 0 808 42 -26762 999 0 7 0 1214000 1100000 1157000 1123000 1496000 1499000 1147000 1496000 1997000 998000 0 0 0 0 0 0 -252 147 
124701000 5000 10000 24000 0 2580 1606 -26730 999 14 22 0 1181000 1119000 1157000 1129000 1497000 1499000 1147000 1496000 1997000 998000 0 0 0 0 0 0 -252 147 
124801000 5000 10000 24000 0 2580 1499 -26739 999 13 22 0 1131000 1162000 1153000 1139000 1496000 1499000 1148000 1495000 1997000 999000 0 0 0 0 0 0 -252 147 
124901000 5000 10000 24000 0 1262 251 -26754 999 2 11 0 1107000 1197000 1146000 1141000 1496000 1499000 1148000 1496000 1997000 999000 0 0 0 0 0 0 -252 148 
125001000 5000 10000 24000 0 -361 -1268 -26763 999 -11 -3 0 1100000 1201000 1135000 1152000 1497000 1499000 1147000 1496000 1998000 998000 0 0 0 0 0 0 -252 147 
125101000 5000 10000 24000 0 -1614 -2463 -26720 999 -21 -14 0 1125000 1181000 1137000 1142000 1496000 1499000 1147000 1495000 1997000 998000 0 0 0 0 0 0 -252 147 
125201000 5000 10000 24000 0 -1663 -2557 -26716 999 -22 -14 0 1157000 1144000 1143000 1141000 1496000 1498000 1148000 1496000 1997000 999000 0 0 0 0 0 0 -252 147 
125301000 5000 10000 24000 0 -573 -1561 -26763 999 -13 -5 0 1190000 1115000 1150000 1135000 1496000 1499000 1147000 1496000 1998000 998000 0 0 0 0 0 0 -252 148 
125401000 5000 10000 24000 0 693 -359 -26767 999 -3 6 0 1180000 1123000 1148000 1139000 1496000 1499000 1148000 1496000 1997000 999000 0 0 0 0 0 0 -252 148 
125544000 5000 143000 25000 0 693 -359 -26767 999 -3 6 0 1181000 1123000 1147000 1139000 1497000 1500000 1147000 1495000 1998000 998000 0 0 0 0 0 0 -252 148 
125601000 5000 10000 25000 0 1025 181 -26750 999 1 8 0 1116000 1187000 1144000 1140000 1496000 1499000 1147000 1495000 1997000 998000 0 0 0 0 0 0 -252 147 
125701000 5000 10000 25000 0 -49 -924 -26754 999 -8 0 0 1111000 1188000 1144000 1143000 1496000 1499000 1148000 1496000 1997000 998000 0 0 0 0 0 0 -252 147 
125801000 5000 10000 25000 0 -878 -1789 -26734 999 -15 -7 0 1127000 1174000 1143000 1146000 1497000 1499000 1147000 1496000 1997000 998000 0 0 0 0 0 0 -252 148 
125901000 5000 10000 25000 0 -952 -1773 -26750 999 -15 -8 0 1152000 1145000 1147000 1147000 1496000 1499000 1147000 1495000 1997000 999000 0 0 0 0 0 0 -252 148 
126001000 5000 10000 25000 0 -284 -1160 -26755 999 -10 -2 0 1171000 1128000 1146000 1145000 1496000 1499000 1148000 1496000 1997000 999000 0 0 0 0 0 0 -252 148 
126101000 5000 10000 25000 0 733 -259 -26741 999 -2 6 0 1174000 1126000 1148000 1142000 1496000 1499000 1147000 1495000 1998000 999000 0 0 0 0 0 0 -252 148 
126201000 5000 10000 25000 0 1290 168 -26744 999 1 11 0 1151000 1140000 1153000 1146000 1496000 1499000 1148000 1496000 1997000 998000 0 0 0 0 0 0 -252 148 
126301000 5000 10000 25000 0 864 -284 -26741 999 -2 7 0 1128000 1169000 1152000 1141000 1496000 1498000 1147000 1496000 1997000 999000 0 0 0 0 0 0 -252 148 
126401000 5000 10000 25000 0 -41 -1049 -26737 999 -9 0 0 1118000 1179000 1146000 1143000 1496000 1499000 1147000 1496000 1997000 998000 0 0 0 0 0 0 -252 147 
126501000 5000 10000 25000 0 -852 -1833 -26743 999 -16 -7 0 1125000 1174000 1141000 1146000 1496000 1499000 1148000 1496000 1997000 999000 0 0 0 0 0 0 -252 147 
126601000 5000 10000 25000 0 -1160 -2040 -26726 999 -17 -10 0 1144000 1146000 1149000 1146000 1497000 1499000 1147000 1496000 1997000 998000 0 0 0 0 0 0 -252 147 
126701000 5000 10000 25000 0 -640 -1462 -26734 999 -12 -5 0 1160000 1132000 1152000 1143000 1496000 1499000 1147000 1495000 1997000 998000 0 0 0 0 0 0 -252 147 
126801000 5000 10000 25000 0 46 -673 -26742 999 -5 0 0 1172000 1126000 1153000 1139000 1496000 1499000 1148000 1496000 1997000 999000 0 0 0 0 0 0 -252 148 
126901000 5000 10000 25000 0 813 -12 -26723 999 0 7 0 1165000 1132000 1148000 1146000 1497000 1499000 1147000 1495000 1998000 998000 0 0 0 0 0 0 -252 148 
127001000 5000 10000 25000 0 1143 308 -26727 999 2 9 0 1150000 1143000 1147000 1146000 1496000 1499000 1148000 1496000 1997000 999000 0 0 0 0 0 0 -252 147 
127101000 5000 10000 25000 0 784 32 -26740 999 0 6 0 1131000 1160000 1148000 1151000 1496000 1498000 1147000 1496000 1997000 1000000 0 0 0 0 0 0 -252 148 
127201000 5000 10000 25000 0 104 -660 -26731 999 -5 0 0 1125000 1169000 1149000 1148000 1496000 1499000 1147000 1495000 1997000 998000 0 0 0 0 0 0 -252 148 
127301000 5000 10000 25000 0 -501 -1187 -26732 999 -10 -4 0 1126000 1160000 1149000 1150000 1496000 1499000 1148000 1496000 1997000 998000 0 0 0 0 0 0 -252 147 
127401000 5000 10000 25000 0 -695 -1541 -26721 999 -13 -6 0 1139000 1152000 1148000 1147000 1497000 1499000 1147000 1496000 1997000 998000 0 0 0 0 0 0 -252 147 
127501000 5000 10000 25000 0 -470 -1249 -26701 999 -10 -4 0 1155000 1141000 1148000 1142000 1496000 1499000 1148000 1495000 1997000 999000 0 0 0 0 0 0 -252 147 
127601000 5000 10000 25000 0 119 -624 -26713 999 -5 1 0 1165000 1133000 1151000 1141000 1496000 1499000 1148000 1495000 1997000 999000 0 0 0 0 0 0 -252 148 
127701000 5000 10000 25000 0 582 -122 -26716 999 -1 5 0 1160000 1134000 1151000 1141000 1497000 1499000 1148000 1495000 1998000 998000 0 0 0 0 0 0 -252 147 
127801000 5000 10000 25000 0 853 122 -26704 999 1 7 0 1148000 1143000 1149000 1146000 1496000 1499000 1148000 1496000 1997000 998000 0 0 0 0 0 0 -252 147 
127901000 5000 10000 25000 0 763 -38 -26714 999 0 6 0 1140000 1159000 1147000 1145000 1496000 1498000 1147000 1495000 1997000 999000 0 0 0 0 0 0 -252 148 
128001000 5000 10000 25000 0 343 -528 -26713 999 -4 2 0 1133000 1167000 1143000 1144000 1496000 1499000 1148000 1495000 1997000 999000 0 0 0 0 0 0 -252 147 
128101000 5000 10000 25000 0 -31 -1013 -26698 999 -8 0 0 1136000 1165000 1144000 1141000 1496000 1499000 1148000 1496000 1997000 999000 0 0 0 0 0 0 -252 147 
128201000 5000 10000 25000 0 -267 -1305 -26708 999 -11 -2 0 1139000 1161000 1146000 1145000 1497000 1499000 1148000 1495000 1997000 999000 0 0 0 0 0 0 -252 148 
128301000 5000 10000 25000 0 -431 -1395 -26709 999 -12 -3 0 1143000 1151000 1149000 1143000 1496000 1499000 1148000 1495000 1997000 998000 0 0 0 0 0 0 -252 147 
128401000 5000 10000 25000 0 -313 -1297 -26691 999 -11 -2 0 1149000 1148000 1149000 1140000 1496000 1499000 1148000 1496000 1997000 999000 0 0 0 0 0 0 -252 147 
128501000 5000 10000 25000 0 -53 -1113 -26696 999 -9 0 0 1152000 1151000 1150000 1137000 1497000 1499000 1148000 1495000 1998000 998000 0 0 0 0 0 0 -252 148 
128601000 5000 10000 25000 0 -12 -974 -26701 999 -8 0 0 1149000 1156000 1145000 1136000 1496000 1499000 1147000 1496000 1997000 998000 0 0 0 0 0 0 -252 147 
128701000 5000 10000 25000 0 101 -1003 -26695 999 -8 0 0 1146000 1156000 1145000 1139000 1496000 1498000 1148000 1495000 1997000 999000 0 0 0 0 0 0 -252 147 
128801000 5000 10000 25000 0 53 -1062 -26705 999 -9 0 0 1145000 1161000 1143000 1140000 1496000 1499000 1147000 1496000 1997000 999000 0 0 0 0 0 0 -252 148 
128901000 5000 10000 25000 0 -127 -1211 -26700 999 -10 -1 0 1140000 1165000 1143000 1142000 1496000 1499000 1147000 1496000 1997000 999000 0 0 0 0 0 0 -252 148 
129001000 5000 10000 25000 0 -246 -1343 -26688 999 -11 -2 0 1143000 1158000 1146000 1143000 1497000 1499000 1148000 1496000 1997000 998000 0 0 0 0 0 0 -252 148 
129101000 5000 10000 25000 0 -282 -1343 -26698 999 -11 -2 0 1142000 1153000 1149000 1146000 1496000 1499000 1147000 1496000 1997000 998000 0 0 0 0 0 0 -252 148 
129201000 5000 10000 25000 0 -248 -1272 -26693 999 -11 -2 0 1145000 1154000 1149000 1142000 1496000 1499000 1148000 1496000 1997000 999000 0 0 0 0 0 0 -252 148 
129301000 5000 10000 25000 0 -172 -1109 -26691 999 -9 -1 0 1147000 1153000 1148000 1142000 1497000 1499000 1147000 1496000 1998000 999000 0 0 0 0 0 0 -252 148 
129401000 5000 10000 25000 0 -82 -972 -26700 999 -8 0 0 1146000 1156000 1146000 1138000 1496000 1499000 1147000 1496000 1997000 999000 0 0 0 0 0 0 -252 147 
129501000 5000 10000 25000 0 -31 -930 -26689 999 -8 0 0 1146000 1155000 1144000 1141000 1496000 1498000 1147000 1496000 1997000 999000 0 0 0 0 0 0 -252 147 
129601000 5000 10000 25000 0 64 -807 -26678 999 -7 0 0 1148000 1150000 1145000 1144000 1496000 1499000 1147000 1496000 1997000 999000 0 0 0 0 0 0 -252 147 
129701000 5000 10000 25000 0 113 -738 -26691 999 -6 0 0 1149000 1149000 1146000 1143000 1496000 1499000 1147000 1496000 1997000 998000 0 0 0 0 0 0 -252 147 
129801000 5000 10000 25000 0 147 -629 -26684 999 -5 1 0 1150000 1149000 1147000 1140000 1497000 1499000 1147000 1496000 1997000 998000 0 0 0 0 0 0 -252 147 
129901000 5000 10000 25000 0 280 -447 -26680 999 -3 2 0 1148000 1147000 1148000 1143000 1496000 1499000 1147000 1496000 1997000 998000 0 0 0 0 0 0 -252 147 
130001000 5000 10000 25000 0 247 -389 -26694 999 -3 2 0 1147000 1150000 1148000 1141000 1496000 1499000 1148000 1496000 1997000 999000 0 0 0 0 0 0 -252 147 
130101000 5000 10000 25000 0 238 -474 -26692 999 -4 2 0 1144000 1151000 1149000 1146000 1496000 1499000 1147000 1496000 1998000 998000 0 0 0 0 0 0 -252 148 
130201000 5000 10000 25000 0 209 -500 -26683 999 -4 1 0 1145000 1153000 1148000 1144000 1496000 1499000 1148000 1496000 1997000 999000 0 0 0 0 0 0 -252 148 
130301000 5000 10000 25000 0 110 -557 -26684 999 -4 0 0 1146000 1152000 1147000 1145000 1496000 1498000 1147000 1496000 1997000 998000 0 0 0 0 0 0 -252 148 
130401000 5000 10000 25000 0 50 -526 -26682 999 -4 0 0 1150000 1153000 1144000 1143000 1496000 1499000 1147000 1496000 1997000 999000 0 0 0 0 0 0 -252 148 
130501000 5000 10000 25000 0 144 -515 -26686 999 -4 1 0 1148000 1151000 1147000 1144000 1496000 1499000 1148000 1496000 1997000 999000 0 0 0 0 0 0 -252 148 
130601000 5000 10000 25000 0 103 -593 -26695 999 -5 0 0 1146000 1148000 1150000 1146000 1497000 1499000 1147000 1496000 1998000 998000 0 0 0 0 0 0 -252 148 
130701000 5000 10000 25000 0 55 -586 -26685 999 -5 0 0 1146000 1150000 1149000 1145000 1496000 1499000 1147000 1496000 1997000 998000 0 0 0 0 0 0 -252 148 
130801000 5000 10000 25000 0 118 -573 -26677 999 -5 1 0 1147000 1149000 1150000 1144000 1496000 1498000 1147000 1496000 1997000 999000 0 0 0 0 0 0 -252 148 
130901000 5000 10000 25000 0 112 -582 -26680 999 -5 0 0 1146000 1147000 1150000 1143000 1496000 1499000 1147000 1496000 1997000 998000 0 0 0 0 0 0 -252 147 
131001000 5000 10000 25000 0 99 -526 -26673 999 -4 0 0 1148000 1152000 1147000 1143000 1496000 1499000 1147000 1496000 1997000 998000 0 0 0 0 0 0 -252 148 
131101000 5000 10000 25000 0 18 -501 -26681 999 -4 0 0 1146000 1154000 1147000 1143000 1497000 1499000 1147000 1496000 1997000 998000 0 0 0 0 0 0 -252 148 
131201000 5000 10000 25000 0 -40 -634 -26683 999 -5 0 0 1147000 1151000 1144000 1144000 1496000 1499000 1147000 1496000 1997000 998000 0 0 0 0 0 0 -252 147 
131301000 5000 10000 25000 0 78 -521 -26672 999 -4 0 0 1153000 1148000 1146000 1143000 1496000 1499000 1148000 1496000 1997000 999000 0 0 0 0 0 0 -252 148 
131401000 5000 10000 25000 0 241 -307 -26670 999 -2 2 0 1152000 1145000 1147000 1146000 1497000 1499000 1147000 1496000 1998000 998000 0 0 0 0 0 0 -252 148 
131501000 5000 10000 25000 0 287 -149 -26671 999 -1 2 0 1149000 1150000 1146000 1142000 1496000 1499000 1147000 1496000 1997000 998000 0 0 0 0 0 0 -252 147 
131601000 5000 10000 25000 0 191 -331 -26667 999 -2 1 0 1144000 1160000 1143000 1139000 1497000 1498000 1147000 1496000 1997000 998000 0 0 0 0 0 0 -252 147 
131701000 5000 10000 25000 0 147 -445 -26672 999 -3 1 0 1146000 1153000 1146000 1141000 1496000 1499000 1147000 1496000 1997000 998000 0 0 0 0 0 0 -252 147 
131801000 5000 10000 25000 0 11 -647 -26675 999 -5 0 0 1143000 1156000 1146000 1141000 1496000 1499000 1148000 1496000 1997000 999000 0 0 0 0 0 0 -252 147 
131901000 5000 10000 25000 0 -124 -735 -26660 999 -6 -1 0 1141000 1155000 1146000 1148000 1497000 1499000 1147000 1496000 1998000 998000 0 0 0 0 0 0 -252 148 
132001000 5000 10000 25000 0 -185 -801 -26659 999 -6 -1 0 1144000 1149000 1149000 1148000 1496000 1499000 1147000 1497000 1997000 998000 0 0 0 0 0 0 -252 148 
132101000 5000 10000 25000 0 -121 -780 -26663 999 -6 -1 0 1147000 1153000 1145000 1142000 1496000 1498000 1147000 1496000 1997000 999000 0 0 0 0 0 0 -252 147 
132201000 5000 10000 25000 0 -3 -634 -26652 999 -5 0 0 1150000 1151000 1145000 1143000 1496000 1499000 1147000 1495000 1997000 998000 0 0 0 0 0 0 -252 148 
132301000 5000 10000 25000 0 53 -504 -26664 999 -4 0 0 1147000 1152000 1148000 1144000 1496000 1499000 1148000 1496000 1997000 998000 0 0 0 0 0 0 -252 148 
132401000 5000 10000 25000 0 -47 -586 -26657 999 -5 0 0 1142000 1160000 1145000 1142000 1497000 1499000 1147000 1496000 1998000 998000 0 0 0 0 0 0 -252 148 
132501000 5000 10000 25000 0 -106 -635 -26647 999 -5 0 0 1142000 1159000 1146000 1142000 1496000 1499000 1147000 1495000 1997000 998000 0 0 0 0 0 0 -252 148 
132601000 5000 10000 25000 0 -186 -722 -26657 999 -6 -1 0 1144000 1159000 1147000 1140000 1496000 1498000 1148000 1496000 1997000 999000 0 0 0 0 0 0 -252 148 
132701000 5000 10000 25000 0 -151 -776 -26650 999 -6 -1 0 1148000 1155000 1145000 1142000 1496000 1499000 1147000 1496000 1997000 998000 0 0 0 0 0 0 -252 148 
132801000 5000 10000 25000 0 32 -629 -26647 999 -5 0 0 1155000 1146000 1146000 1143000 1496000 1499000 1148000 1496000 1997000 998000 0 0 0 0 0 0 -252 148 
132901000 5000 10000 25000 0 232 -419 -26654 999 -3 2 0 1157000 1143000 1147000 1142000 1497000 1499000 1147000 1496000 1997000 998000 0 0 0 0 0 0 -252 148 
133001000 5000 10000 25000 0 419 -259 -26643 999 -2 3 0 1155000 1143000 1148000 1140000 1496000 1499000 1147000 1496000 1997000 998000 0 0 0 0 0 0 -252 147 
133101000 5000 10000 25000 0 634 -113 -26640 999 0 5 0 1152000 1147000 1149000 1141000 1496000 1499000 1148000 1496000 1997000 999000 0 0 0 0 0 0 -252 148 
133201000 5000 10000 25000 0 469 -247 -26647 999 -2 4 0 1142000 1152000 1149000 1146000 1496000 1499000 1147000 1496000 1998000 998000 0 0 0 0 0 0 -252 148 
133301000 5000 10000 25000 0 268 -440 -26640 999 -3 2 0 1138000 1154000 1146000 1148000 1496000 1499000 1148000 1496000 1997000 998000 0 0 0 0 0 0 -252 147 
133401000 5000 10000 25000 0 2 -654 -26641 999 -5 0 0 1141000 1157000 1146000 1146000 1497000 1498000 1147000 1496000 1997000 998000 0 0 0 0 0 0 -252 148 
133501000 5000 10000 25000 0 19 -785 -26669 999 -6 0 0 1150000 1142000 1152000 1145000 1496000 1499000 1147000 1495000 1997000 999000 0 0 0 0 0 0 -252 148 
133601000 5000 10000 25000 0 314 -334 -26648 999 -2 2 0 1170000 1122000 1150000 1144000 1496000 1499000 1148000 1496000 1997000 999000 0 0 0 0 0 0 -252 147 
133701000 5000 10000 25000 0 1926 1207 -26618 999 10 16 0 1234000 1100000 1162000 1141000 1496000 1499000 1147000 1495000 1998000 998000 0 0 0 0 0 0 -252 148 
133801000 5000 10000 25000 0 5439 4499 -26413 998 39 47 -1 1282000 1100000 1149000 1135000 1496000 1499000 1147000 1496000 1997000 998000 0 0 0 0 0 0 -252 148 
133901000 5000 10000 25000 0 7511 6270 -26231 996 54 65 -3 1193000 1117000 1146000 1130000 1496000 1498000 1147000 1495000 1997000 998000 0 0 0 0 0 0 -252 147 
134001000 5000 10000 25000 0 6213 4986 -26385 997 43 54 -2 1100000 1201000 1149000 1149000 1496000 1499000 1147000 1496000 1997000 998000 0 0 0 0 0 0 -252 148 
134101000 5000 10000 25000 0 2431 1502 -26643 999 13 21 0 1100000 1243000 1148000 1147000 1496000 1499000 1148000 1496000 1997000 999000 0 0 0 0 0 0 -252 148 
134201000 5000 10000 25000 0 -1479 -2148 -26616 999 -18 -12 0 1100000 1249000 1134000 1153000 1497000 1499000 1147000 1496000 1998000 998000 0 0 0 0 0 0 -252 148 
134300992 5000 10000 25000 0 -3615 -4061 -26495 998 -35 -31 -1 1114000 1175000 1137000 1159000 1496000 1499000 1147000 1496000 1997000 999000 0 0 0 0 0 0 -252 147 
134400992 5000 10000 25000 0 -1785 -2437 -26698 999 -21 -15 0 1275000 1100000 1144000 1142000 1496000 1498000 1147000 1496000 1997000 999000 0 0 0 0 0 0 -252 147 
134500992 5000 10000 25000 0 3279 2380 -26544 999 20 28 0 1298000 1100000 1146000 1126000 1496000 1499000 1147000 1495000 1997000 998000 0 0 0 0 0 0 -252 147 
134600992 5000 10000 25000 0 6369 5333 -26325 997 46 55 -2 1212000 1100000 1162000 1127000 1496000 1499000 1148000 1496000 1997000 998000 0 0 0 0 0 0 -252 147 
134700992 5000 10000 25000 0 5916 4731 -26411 997 41 51 -2 1112000 1169000 1159000 1147000 1497000 1499000 1147000 1496000 1998000 998000 0 0 0 0 0 0 -252 147 
134800992 5000 10000 25000 0 3028 1903 -26559 999 16 26 0 1100000 1233000 1144000 1150000 1496000 1499000 1148000 1496000 1997000 998000 0 0 0 0 0 0 -252 147 
134900992 5000 10000 26000 0 -192 -1044 -26603 999 -9 -1 0 1100000 1237000 1141000 1163000 1496000 1498000 1147000 1496000 1997000 999000 0 0 0 0 0 0 -252 147 
135000992 5000 10000 26000 0 -2391 -2905 -26606 999 -25 -20 0 1143000 1153000 1142000 1149000 1496000 1499000 1148000 1495000 1997000 998000 0 0 0 0 0 0 -252 147 
135100992 5000 10000 26000 0 23 -623 -26691 999 -5 0 0 1317000 1100000 1137000 1130000 1496000 1499000 1148000 1496000 1997000 998000 0 0 0 0 0 0 -252 148 
135200992 5000 10000 26000 0 5558 4485 -26398 998 39 48 -1 1292000 1100000 1176000 1128000 1497000 1499000 1147000 1495000 1998000 999000 0 0 0 0 0 0 -252 147 
135300992 5000 10000 26000 0 7679 6436 -26149 996 56 66 -3 1173000 1124000 1155000 1135000 1496000 1499000 1148000 1496000 1997000 998000 0 0 0 0 0 0 -252 147 
135400992 5000 10000 26000 0 5674 4481 -26393 998 39 49 -1 1100000 1227000 1150000 1144000 1496000 1498000 1147000 1496000 1997000 999000 0 0 0 0 0 0 -252 148 
135500992 5000 10000 26000 0 1258 296 -26623 999 2 10 0 1100000 1282000 1129000 1167000 1496000 1499000 1147000 1496000 1997000 998000 0 0 0 0 0 0 -252 148 
135600992 5000 10000 26000 0 -2254 -2950 -26570 999 -25 -19 0 1113000 1189000 1139000 1150000 1496000 1499000 1147000 1496000 1997000 999000 0 0 0 0 0 0 -252 148 
135700992 5000 10000 26000 0 -1359 -1968 -26700 999 -17 -11 0 1264000 1100000 1143000 1149000 1497000 1499000 1147000 1496000 1998000 998000 0 0 0 0 0 0 -252 147 
135800992 5000 10000 26000 0 3687 2827 -26510 999 24 32 0 1324000 1100000 1172000 1117000 1496000 1499000 1148000 1496000 1997000 999000 0 0 0 0 0 0 -252 148 
135900992 5000 10000 26000 0 6936 5862 -26220 996 51 60 -3 1207000 1105000 1152000 1126000 1496000 1498000 1147000 1496000 1997000 999000 0 0 0 0 0 0 -252 148 
136000992 5000 10000 26000 0 5892 4866 -26381 997 42 51 -2 1100000 1191000 1154000 1143000 1496000 1499000 1147000 1495000 1997000 998000 0 0 0 0 0 0 -252 147 
136100992 5000 10000 26000 0 2155 1347 -26613 999 11 18 0 1100000 1261000 1138000 1164000 1496000 1499000 1148000 1496000 1997000 999000 0 0 0 0 0 0 -252 147 
136200992 5000 10000 26000 0 -1836 -2300 -26595 999 -20 -16 0 1100000 1226000 1147000 1162000 1497000 1499000 1148000 1495000 1998000 998000 0 0 0 0 0 0 -252 147 
136300992 5000 10000 26000 0 -3170 -3586 -26549 999 -31 -27 0 1175000 1127000 1136000 1152000 1496000 1499000 1148000 1496000 1997000 998000 0 0 0 0 0 0 -252 148 
136400992 5000 10000 26000 0 906 167 -26684 999 1 7 0 1371000 1100000 1155000 1100000 1496000 1498000 1148000 1496000 1997000 999000 0 0 0 0 0 0 -252 147 
136500992 5000 10000 26000 0 5599 4651 -26366 997 40 48 -1 1232000 1100000 1164000 1133000 1496000 1499000 1148000 1495000 1997000 998000 0 0 0 0 0 0 -252 147 
136600992 5000 10000 26000 0 6275 5221 -26279 997 45 54 -2 1131000 1163000 1159000 1137000 1496000 1499000 1148000 1496000 1997000 998000 0 0 0 0 0 0 -252 148 
136700992 5000 10000 26000 0 3110 2277 -26538 999 19 27 0 1100000 1258000 1131000 1164000 1497000 1499000 1147000 1496000 1998000 998000 0 0 0 0 0 0 -252 147 
136800992 5000 10000 26000 0 -1349 -1994 -26566 999 -17 -11 0 1100000 1277000 1127000 1153000 1496000 1499000 1148000 1496000 1997000 998000 0 0 0 0 0 0 -252 147 
136900992 5000 10000 26000 0 -4952 -5242 -26393 998 -45 -43 -1 1100000 1241000 1123000 1166000 1496000 1498000 1147000 1496000 1997000 999000 0 0 0 0 0 0 -252 148 
137000992 5000 10000 26000 0 -6156 -6503 -26267 996 -56 -53 -3 1128000 1176000 1133000 1149000 1496000 1499000 1147000 1495000 1997000 998000 0 0 0 0 0 0 -252 147 
137100992 5000 10000 26000 0 -4933 -5263 -26367 998 -45 -42 -1 1188000 1116000 1148000 1134000 1496000 1499000 1148000 1496000 1997000 999000 0 0 0 0 0 0 -252 147 
137200992 5000 10000 26000 0 -2001 -2466 -26553 999 -21 -17 0 1221000 1100000 1161000 1135000 1497000 1499000 1147000 1496000 1998000 998000 0 0 0 0 0 0 -252 148 
137300992 5000 10000 26000 0 530 -27 -26580 999 0 4 0 1205000 1100000 1163000 1129000 1496000 1499000 1147000 1496000 1997000 998000 0 0 0 0 0 0 -252 147 
137400992 5000 10000 26000 0 1883 1273 -26522 999 11 16 0 1161000 1137000 1150000 1138000 1496000 1498000 1147000 1496000 1997000 999000 0 0 0 0 0 0 -252 147 
137500992 5000 10000 26000 0 1670 1152 -26561 999 10 14 0 1125000 1166000 1145000 1149000 1496000 1499000 1147000 1495000 1997000 998000 0 0 0 0 0 0 -252 147 
137600992 5000 10000 26000 0 267 -248 -26589 999 -2 2 0 1102000 1200000 1139000 1149000 1496000 1499000 1148000 1496000 1997000 998000 0 0 0 0 0 0 -252 148 
137700992 5000 10000 26000 0 -1193 -1597 -26543 999 -13 -10 0 1110000 1191000 1140000 1149000 1496000 1499000 1147000 1496000 1998000 998000 0 0 0 0 0 0 -252 148 
137800992 5000 10000 26000 0 -1787 -2247 -26552 999 -19 -15 0 1133000 1160000 1143000 1150000 1496000 1499000 1148000 1496000 1997000 998000 0 0 0 0 0 0 -252 147 
137900992 5000 10000 26000 0 -1450 -2079 -26561 999 -18 -12 0 1167000 1131000 1146000 1146000 1496000 1498000 1147000 1496000 1997000 998000 0 0 0 0 0 0 -252 148 
138000992 5000 10000 26000 0 465 -142 -26620 999 -1 4 0 1240000 1100000 1151000 1154000 1496000 1499000 1147000 1496000 1997000 998000 0 0 0 0 0 0 -252 148 
138100992 5000 10000 26000 0 5233 4369 -26414 998 38 45 -1 1331000 1100000 1153000 1122000 1496000 1499000 1148000 1496000 1997000 999000 0 0 0 0 0 0 -252 147 
138200992 5000 10000 26000 0 8525 7517 -25954 995 65 74 -4 1222000 1100000 1166000 1126000 1496000 1499000 1147000 1496000 1998000 998000 0 0 0 0 0 0 -252 148 
138344000 5000 143000 27000 0 8525 7517 -25954 995 65 74 -4 1219000 1100000 1163000 1128000 1497000 1498000 1147000 1496000 1998000 998000 0 0 0 0 0 0 -252 148 
138400992 5000 10000 27000 0 4432 3410 -26606 998 29 38 -1 1100000 1328000 1165000 1158000 1497000 1498000 1147000 1496000 1997000 998000 0 0 0 0 0 0 -252 147 
138500992 5000 10000 27000 0 -1809 -2629 -26501 999 -22 -15 0 1100000 1301000 1131000 1169000 1496000 1499000 1147000 1495000 1997000 998000 0 0 0 0 0 0 -252 147 
138600992 5000 10000 27000 0 -4111 -4748 -26367 998 -41 -35 -1 1163000 1146000 1138000 1140000 1496000 1499000 1148000 1496000 1997000 999000 0 0 0 0 0 0 -252 147 
138700992 5000 10000 27000 0 -399 -1292 -26704 999 -11 -3 0 1348000 1100000 1142000 1125000 1496000 1499000 1147000 1496000 1998000 998000 0 0 0 0 0 0 -252 148 
138800992 5000 10000 27000 0 5446 3989 -26376 998 34 47 -1 1298000 1100000 1175000 1121000 1496000 1499000 1148000 1496000 1997000 998000 0 0 0 0 0 0 -252 148 
138900992 5000 10000 27000 0 7583 6041 -26189 996 52 66 -3 1166000 1128000 1155000 1141000 1497000 1499000 1147000 1496000 1997000 998000 0 0 0 0 0 0 -252 148 
139000992 5000 10000 27000 0 5504 4050 -26439 998 35 47 -1 1100000 1221000 1147000 1142000 1496000 1499000 1147000 1496000 1997000 998000 0 0 0 0 0 0 -252 147 
139100992 5000 10000 27000 0 1162 -97 -26607 999 0 10 0 1100000 1273000 1131000 1161000 1496000 1498000 1148000 1496000 1997000 999000 0 0 0 0 0 0 -252 148 
139200992 5000 10000 27000 0 -2277 -3368 -26497 999 -29 -19 0 1100000 1221000 1149000 1149000 1496000 1499000 1147000 1496000 1997000 998000 0 0 0 0 0 0 -252 148 
139300992 5000 10000 27000 0 -3434 -4431 -26496 998 -38 -29 -1 1155000 1128000 1146000 1157000 1496000 1499000 1148000 1496000 1997000 999000 0 0 0 0 0 0 -252 147 
139400992 5000 10000 27000 0 -114 -1381 -26662 999 -12 -1 0 1336000 1100000 1172000 1132000 1497000 1499000 1147000 1496000 1998000 999000 0 0 0 0 0 0 -252 148 
139500992 5000 10000 27000 0 6559 5034 -26280 997 43 57 -2 1328000 1100000 1155000 1128000 1496000 1499000 1147000 1497000 1997000 998000 0 0 0 0 0 0 -252 148 
139600992 5000 10000 27000 0 8974 7540 -26009 994 65 78 -5 1179000 1125000 1158000 1125000 1496000 1498000 1147000 1496000 1997000 999000 0 0 0 0 0 0 -252 147 
139700992 5000 10000 27000 0 6326 5002 -26339 997 43 55 -2 1100000 1244000 1147000 1167000 1496000 1499000 1147000 1496000 1997000 998000 0 0 0 0 0 0 -252 147 
139800992 5000 10000 27000 0 1038 -41 -26594 999 0 9 0 1100000 1280000 1147000 1163000 1496000 1499000 1148000 1496000 1997000 999000 0 0 0 0 0 0 -252 147 
139900992 5000 10000 27000 0 -3828 -4694 -26424 998 -40 -33 -1 1100000 1266000 1121000 1161000 1497000 1499000 1147000 1496000 1998000 998000 0 0 0 0 0 0 -252 148 
140000992 5000 10000 27000 0 -4936 -5667 -26365 997 -49 -43 -2 1178000 1102000 1146000 1163000 1496000 1499000 1147000 1496000 1997000 998000 0 0 0 0 0 0 -252 148 
140100992 5000 10000 27000 0 -209 -1361 -26612 999 -11 -1 0 1334000 1100000 1150000 1128000 1496000 1498000 1147000 1496000 1997000 998000 0 0 0 0 0 0 -252 148 
140200992 5000 10000 27000 0 5072 3614 -26404 998 31 44 -1 1266000 1100000 1164000 1120000 1496000 1499000 1147000 1496000 1997000 998000 0 0 0 0 0 0 -252 147 
140300992 5000 10000 27000 0 6528 4995 -26293 997 43 56 -2 1152000 1136000 1162000 1140000 1496000 1499000 1148000 1496000 1997000 999000 0 0 0 0 0 0 -252 148 
140400992 5000 10000 27000 0 4195 2813 -26490 999 24 36 0 1100000 1233000 1146000 1139000 1496000 1499000 1147000 1496000 1998000 998000 0 0 0 0 0 0 -252 148 
140500992 5000 10000 27000 0 306 -729 -26581 999 -6 2 0 1100000 1259000 1131000 1152000 1496000 1499000 1147000 1496000 1997000 998000 0 0 0 0 0 0 -252 147 
140600992 5000 10000 27000 0 -2541 -3482 -26509 999 -30 -22 0 1105000 1203000 1124000 1155000 1497000 1499000 1147000 1496000 1997000 998000 0 0 0 0 0 0 -252 147 
140700992 5000 10000 27000 0 -1648 -2596 -26632 999 -22 -14 0 1254000 1100000 1143000 1147000 1496000 1499000 1147000 1496000 1997000 999000 0 0 0 0 0 0 -252 147 
140800992 5000 10000 27000 0 3852 2681 -26534 999 23 33 0 1350000 1100000 1154000 1126000 1496000 1499000 1148000 1496000 1997000 999000 0 0 0 0 0 0 -252 147 
140900992 5000 10000 27000 0 8363 6912 -26049 995 60 72 -4 1232000 1100000 1172000 1130000 1496000 1499000 1147000 1496000 1997000 998000 0 0 0 0 0 0 -252 147 
141000992 5000 10000 27000 0 7731 6222 -26125 996 54 67 -3 1104000 1197000 1151000 1133000 1496000 1499000 1147000 1496000 1997000 999000 0 0 0 0 0 0 -252 147 
141100992 5000 10000 27000 0 3709 2513 -26479 999 21 32 0 1100000 1268000 1137000 1142000 1497000 1499000 1147000 1496000 1997000 998000 0 0 0 0 0 0 -252 147 
141200992 5000 10000 27000 0 -813 -1637 -26572 999 -14 -7 0 1100000 1268000 1132000 1163000 1496000 1499000 1147000 1495000 1997000 998000 0 0 0 0 0 0 -250 149 
141300992 5000 10000 27000 0 -3469 -4113 -26463 998 -35 -30 -1 1125000 1174000 1148000 1147000 1496000 1498000 1147000 1496000 1997000 999000 0 0 0 0 0 0 -250 149 
141400992 5000 10000 27000 0 -1805 -2420 -26620 999 -21 -15 0 1278000 1100000 1149000 1136000 1496000 1499000 1147000 1496000 1997000 999000 0 0 0 0 0 0 -252 147 
141500992 5000 10000 27000 0 4246 3105 -26482 998 27 37 -1 1357000 1100000 1177000 1116000 1496000 1499000 1147000 1496000 1997000 999000 0 0 0 0 0 0 -252 148 
141600992 5000 10000 27000 0 8187 6798 -26049 995 59 71 -4 1212000 1100000 1158000 1138000 1497000 1499000 1147000 1496000 1998000 998000 0 0 0 0 0 0 -252 148 
141700992 5000 10000 27000 0 7158 5770 -26198 996 50 62 -3 1100000 1210000 1150000 1145000 1496000 1499000 1147000 1496000 1997000 998000 0 0 0 0 0 0 -252 147 
141800992 5000 10000 27000 0 2598 1416 -26548 999 12 22 0 1100000 1293000 1132000 1163000 1497000 1498000 1147000 1496000 1997000 999000 0 0 0 0 0 0 -252 147 
141900992 5000 10000 27000 0 -2403 -3419 -26482 999 -29 -20 0 1100000 1273000 1143000 1147000 1496000 1499000 1148000 1495000 1997000 998000 0 0 0 0 0 0 -252 147 
142000992 5000 10000 27000 0 -4499 -5324 -26385 998 -46 -39 -1 1159000 1141000 1135000 1154000 1496000 1499000 1148000 1496000 1997000 1000000 0 0 0 0 0 0 -252 148 
142100992 5000 10000 27000 0 -830 -1854 -26626 999 -16 -7 0 1344000 1100000 1162000 1116000 1496000 1499000 1147000 1496000 1997000 998000 0 0 0 0 0 0 -252 147 
142200992 5000 10000 27000 0 5465 4198 -26324 998 36 47 -1 1304000 1100000 1151000 1133000 1496000 1499000 1147000 1496000 1997000 999000 0 0 0 0 0 0 -252 147 
142300992 5000 10000 27000 0 8011 6606 -26103 995 57 69 -4 1185000 1127000 1151000 1124000 1497000 1499000 1147000 1496000 1997000 998000 0 0 0 0 0 0 -252 147 
142400992 5000 10000 27000 0 5787 4552 -26356 997 39 50 -2 1100000 1238000 1145000 1155000 1496000 1499000 1147000 1497000 1997000 999000 0 0 0 0 0 0 -252 147 
142500992 5000 10000 27000 0 1313 237 -26549 999 2 11 0 1100000 1254000 1154000 1163000 1496000 1498000 1148000 1495000 1997000 999000 0 0 0 0 0 0 -252 147 
142600992 5000 10000 27000 0 -2891 -3734 -26428 999 -32 -25 0 1100000 1256000 1131000 1162000 1496000 1499000 1147000 1495000 1997000 999000 0 0 0 0 0 0 -252 148 
142700992 5000 10000 27000 0 -5178 -5829 -26297 997 -50 -45 -2 1121000 1187000 1123000 1164000 1496000 1499000 1148000 1496000 1997000 999000 0 0 0 0 0 0 -250 149 
142800992 5000 10000 27000 0 -2803 -3383 -26562 999 -29 -24 0 1300000 1100000 1144000 1143000 1497000 1499000 1147000 1496000 1998000 998000 0 0 0 0 0 0 -250 149 
142900992 5000 10000 27000 0 3743 2672 -26501 999 23 32 0 1348000 1100000 1149000 1115000 1496000 1499000 1147000 1496000 1997000 999000 0 0 0 0 0 0 -252 147 
143000992 5000 10000 27000 0 7742 6458 -26114 996 56 67 -3 1218000 1100000 1173000 1125000 1497000 1499000 1147000 1496000 1997000 998000 0 0 0 0 0 0 -252 147 
143100992 5000 10000 27000 0 7155 5896 -26159 996 51 62 -3 1100000 1184000 1158000 1148000 1496000 1499000 1148000 1495000 1997000 998000 0 0 0 0 0 0 -252 147 
143200992 5000 10000 27000 0 3080 2148 -26492 999 18 26 0 1100000 1273000 1132000 1147000 1496000 1498000 1149000 1495000 1997000 999000 0 0 0 0 0 0 -252 148 
143300992 5000 10000 27000 0 -1590 -2320 -26532 999 -20 -13 0 1100000 1286000 1117000 1164000 1496000 1499000 1147000 1496000 1997000 998000 0 0 0 0 0 0 -252 147 
143400992 5000 10000 27000 0 -4477 -5038 -26382 998 -43 -39 -1 1104000 1187000 1143000 1153000 1496000 1499000 1148000 1496000 1997000 999000 0 0 0 0 0 0 -252 147 
143500992 5000 10000 27000 0 -3045 -3678 -26573 999 -32 -26 0 1271000 1100000 1150000 1146000 1497000 1499000 1147000 1496000 1998000 998000 0 0 0 0 0 0 -252 148 
143600992 5000 10000 27000 0 3035 1967 -26523 999 17 26 0 1343000 1100000 1177000 1120000 1496000 1499000 1147000 1497000 1997000 998000 0 0 0 0 0 0 -252 148 
143700992 5000 10000 27000 0 7233 5980 -26111 996 52 63 -3 1211000 1100000 1164000 1144000 1496000 1498000 1147000 1496000 1997000 999000 0 0 0 0 0 0 -252 148 
143800992 5000 10000 27000 0 6709 5560 -26156 997 48 58 -2 1105000 1196000 1147000 1137000 1496000 1499000 1147000 1496000 1997000 998000 0 0 0 0 0 0 -252 147 
143900992 5000 10000 27000 0 2885 1846 -26477 999 16 25 0 1100000 1280000 1128000 1156000 1496000 1499000 1148000 1496000 1997000 999000 0 0 0 0 0 0 -252 148 
144000992 5000 10000 27000 0 -1722 -2452 -26510 999 -21 -15 0 1100000 1261000 1143000 1154000 1496000 1499000 1149000 1495000 1997000 998000 0 0 0 0 0 0 -252 148 
144100992 5000 10000 27000 0 -4590 -5149 -26357 998 -44 -40 -1 1105000 1190000 1145000 1155000 1496000 1499000 1148000 1496000 1997000 998000 0 0 0 0 0 0 -250 149 
144200992 5000 10000 27000 0 -3446 -4035 -26475 998 -35 -30 -1 1253000 1100000 1153000 1140000 1497000 1499000 1147000 1496000 1998000 998000 0 0 0 0 0 0 -252 147 
144300992 5000 10000 27000 0 2283 1331 -26520 999 11 19 0 1329000 1100000 1161000 1140000 1496000 1499000 1147000 1496000 1997000 998000 0 0 0 0 0 0 -252 147 
144400992 5000 10000 27000 0 7420 6189 -26104 996 53 64 -3 1264000 1100000 1165000 1117000 1496000 1498000 1147000 1496000 1997000 1000000 0 0 0 0 0 0 -252 147 
144500992 5000 10000 27000 0 8025 6824 -26002 995 59 69 -4 1130000 1166000 1155000 1139000 1496000 1499000 1147000 1496000 1997000 998000 0 0 0 0 0 0 -252 148 
144600992 5000 10000 27000 0 4644 3605 -26354 998 31 40 -1 1100000 1252000 1149000 1149000 1496000 1499000 1148000 1496000 1997000 999000 0 0 0 0 0 0 -252 148 
144700992 5000 10000 27000 0 -275 -1117 -26525 999 -9 -2 0 1100000 1281000 1138000 1159000 1497000 1499000 1147000 1496000 1998000 998000 0 0 0 0 0 0 -252 148 
144800992 5000 10000 27000 0 -4208 -4842 -26343 998 -42 -36 -1 1100000 1237000 1126000 1170000 1496000 1499000 1147000 1496000 1997000 999000 0 0 0 0 0 0 -252 148 
144900992 5000 10000 27000 0 -4450 -4982 -26361 998 -43 -38 -1 1203000 1100000 1150000 1148000 1497000 1499000 1147000 1496000 1997000 998000 0 0 0 0 0 0 -252 148 
145000992 5000 10000 27000 0 185 -560 -26535 999 -4 1 0 1342000 1100000 1141000 1120000 1496000 1499000 1147000 1496000 1997000 998000 0 0 0 0 0 0 -252 147 
145100992 5000 10000 27000 0 5128 4278 -26271 998 37 44 -1 1265000 1100000 1175000 1115000 1496000 1498000 1147000 1496000 1997000 999000 0 0 0 0 0 0 -252 148 
145200992 5000 10000 27000 0 6372 5454 -26171 997 47 55 -2 1141000 1146000 1164000 1138000 1496000 1499000 1147000 1496000 1997000 998000 0 0 0 0 0 0 -252 148 
145300992 5000 10000 27000 0 3713 3056 -26402 999 26 32 0 1100000 1236000 1151000 1145000 1496000 1499000 1148000 1496000 1997000 999000 0 0 0 0 0 0 -252 147 
145400992 5000 10000 27000 0 -395 -830 -26490 999 -7 -3 0 1100000 1266000 1132000 1170000 1497000 1499000 1147000 1496000 1998000 999000 0 0 0 0 0 0 -252 147 
145500992 5000 10000 27000 0 -3709 -3841 -26417 998 -33 -32 -1 1100000 1206000 1140000 1166000 1496000 1499000 1147000 1496000 1997000 998000 0 0 0 0 0 0 -252 147 
145600992 5000 10000 27000 0 -4012 -4184 -26446 998 -36 -34 -1 1187000 1100000 1146000 1152000 1497000 1499000 1147000 1496000 1997000 999000 0 0 0 0 0 0 -252 147 
145700992 5000 10000 27000 0 332 -120 -26530 999 -1 2 0 1335000 1100000 1163000 1127000 1496000 1499000 1147000 1496000 1997000 998000 0 0 0 0 0 0 -252 147 
145800992 5000 10000 27000 0 5907 5138 -26147 997 44 51 -2 1291000 1100000 1147000 1119000 1496000 1498000 1147000 1496000 1997000 999000 0 0 0 0 0 0 -252 147 
145900992 5000 10000 27000 0 7763 6768 -25983 995 58 67 -3 1175000 1138000 1150000 1122000 1496000 1499000 1147000 1496000 1997000 998000 0 0 0 0 0 0 -252 147 
146000992 5000 10000 27000 0 5664 4807 -26215 997 41 49 -2 1100000 1226000 1147000 1149000 1496000 1499000 1148000 1496000 1997000 999000 0 0 0 0 0 0 -252 148 
146100992 5000 10000 27000 0 1586 969 -26472 999 8 13 0 1100000 1249000 1149000 1152000 1497000 1499000 1148000 1495000 1998000 998000 0 0 0 0 0 0 -252 148 
146200992 5000 10000 27000 0 -2447 -2850 -26421 999 -24 -21 0 1100000 1260000 1122000 1167000 1496000 1499000 1147000 1496000 1997000 999000 0 0 0 0 0 0 -252 148 
146300992 5000 10000 27000 0 -4055 -4120 -26359 998 -35 -35 -1 1150000 1143000 1130000 1163000 1497000 1499000 1148000 1495000 1997000 998000 0 0 0 0 0 0 -252 147 
146400992 5000 10000 27000 0 -700 -922 -26572 999 -8 -6 0 1324000 1100000 1145000 1138000 1496000 1499000 1147000 1495000 1997000 998000 0 0 0 0 0 0 -252 147 
146500992 5000 10000 27000 0 5667 5026 -26203 997 43 49 -2 1332000 1100000 1152000 1116000 1496000 1498000 1147000 1496000 1997000 999000 0 0 0 0 0 0 -252 147 
146600992 5000 10000 27000 0 8614 7773 -25916 994 67 74 -5 1186000 1100000 1167000 1134000 1496000 1499000 1148000 1495000 1997000 998000 0 0 0 0 0 0 -252 147 
146700992 5000 10000 27000 0 6959 5976 -26125 996 52 60 -3 1100000 1211000 1159000 1154000 1496000 1499000 1148000 1496000 1997000 999000 0 0 0 0 0 0 -252 147 
146800992 5000 10000 27000 0 2227 1424 -26454 999 12 19 0 1100000 1286000 1134000 1151000 1497000 1499000 1147000 1496000 1998000 998000 0 0 0 0 0 0 -252 148 
146900992 5000 10000 27000 0 -2374 -2803 -26452 999 -24 -20 0 1100000 1276000 1120000 1163000 1496000 1499000 1148000 1496000 1997000 998000 0 0 0 0 0 0 -252 147 
147000992 5000 10000 27000 0 -4409 -4674 -26361 998 -40 -38 -1 1140000 1152000 1131000 1163000 1497000 1499000 1147000 1496000 1997000 998000 0 0 0 0 0 0 -252 147 
147100992 5000 10000 27000 0 -1929 -2502 -26507 999 -21 -16 0 1296000 1100000 1149000 1131000 1496000 1499000 1148000 1496000 1997000 999000 0 0 0 0 0 0 -252 147 
147200992 5000 10000 27000 0 3931 3016 -26332 999 26 34 0 1323000 1100000 1174000 1117000 1496000 1498000 1147000 1496000 1997000 999000 0 0 0 0 0 0 -252 147 
147300992 5000 10000 27000 0 7475 6228 -26035 996 54 65 -3 1204000 1100000 1159000 1140000 1496000 1499000 1147000 1496000 1997000 998000 0 0 0 0 0 0 -252 147 
147400992 5000 10000 27000 0 6643 5502 -26128 997 47 57 -2 1107000 1188000 1154000 1137000 1496000 1499000 1148000 1496000 1997000 998000 0 0 0 0 0 0 -252 147 
147500992 5000 10000 27000 0 3125 2132 -26387 999 18 27 0 1100000 1261000 1134000 1157000 1496000 1499000 1147000 1496000 1997000 998000 0 0 0 0 0 0 -252 148 
147600992 5000 10000 27000 0 -925 -1796 -26446 999 -15 -8 0 1100000 1246000 1146000 1150000 1496000 1499000 1147000 1496000 1997000 999000 0 0 0 0 0 0 -252 148 
147700992 5000 10000 27000 0 -3710 -4473 -26349 998 -39 -32 -1 1108000 1193000 1133000 1152000 1497000 1499000 1147000 1496000 1998000 998000 0 0 0 0 0 0 -252 147 
147800992 5000 10000 27000 0 -2864 -3710 -26405 999 -32 -24 0 1221000 1100000 1149000 1153000 1496000 1499000 1147000 1497000 1997000 998000 0 0 0 0 0 0 -252 148 
147900992 5000 10000 27000 0 1786 659 -26473 999 5 15 0 1322000 1100000 1149000 1128000 1496000 1498000 1147000 1496000 1997000 998000 0 0 0 0 0 0 -252 148 
148000992 5000 10000 28000 0 6447 4971 -26163 997 43 56 -2 1271000 1100000 1158000 1117000 1496000 1499000 1147000 1496000 1997000 998000 0 0 0 0 0 0 -252 147 
148100992 5000 10000 28000 0 7659 6052 -26035 996 52 66 -3 1152000 1152000 1157000 1129000 1496000 1499000 1149000 1495000 1997000 999000 0 0 0 0 0 0 -252 148 
148200992 5000 10000 28000 0 4948 3584 -26307 998 31 43 -1 1100000 1234000 1153000 1140000 1496000 1499000 1148000 1495000 1997000 998000 0 0 0 0 0 0 -252 148 
148300992 5000 10000 28000 0 469 -678 -26460 999 -5 4 0 1100000 1272000 1140000 1151000 1496000 1499000 1148000 1496000 1997000 998000 0 0 0 0 0 0 -252 148 
148488000 5000 97000 29000 0 -3312 -4296 -26305 998 -37 -28 -1 1100000 1253000 1132000 1162000 1496000 1499000 1148000 1496000 1998000 998000 0 0 0 0 0 0 -252 148 
148500992 5000 11000 30000 0 -3833 -4791 -26268 998 -41 -33 -1 1100000 1236000 1128000 1161000 1497000 1499000 1148000 1496000 1997000 998000 0 0 0 0 0 0 -252 148 
148600992 5000 10000 30000 0 -4801 -5413 -26252 998 -47 -41 -1 1155000 1130000 1142000 1164000 1497000 1499000 1147000 1496000 1997000 998000 0 0 0 0 0 0 -252 148 
148700992 5000 10000 30000 0 -1089 -1756 -26426 999 -15 -9 0 1355000 1100000 1162000 1119000 1496000 1499000 1147000 1496000 1997000 999000 0 0 0 0 0 0 -252 147 
148800992 5000 10000 30000 0 7919 6747 -25999 995 58 68 -4 1455000 1100000 1158000 1116000 1496000 1498000 1147000 1496000 1997000 999000 0 0 0 0 0 0 -252 147 
148900992 5000 10000 30000 0 14938 13879 -24730 984 119 129 -15 1324000 1100000 1172000 1115000 1496000 1499000 1147000 1496000 1997000 998000 0 0 0 0 0 0 -252 147 
149000992 5000 10000 30000 0 13854 13059 -24839 986 112 119 -13 1100000 1271000 1147000 1152000 1496000 1499000 1148000 1496000 1997000 999000 0 0 0 0 0 0 -252 148 
149100992 5000 10000 30000 0 3751 3183 -26380 999 27 32 0 1100000 1505000 1138000 1170000 1497000 1499000 1148000 1495000 1998000 998000 0 0 0 0 0 0 -252 148 
149200992 5000 10000 30000 0 -10780 -10407 -25707 991 -90 -93 -8 1100000 1557000 1103000 1208000 1496000 1499000 1147000 1496000 1997000 999000 0 0 0 0 0 0 -252 148 
149300992 5000 10000 30000 0 -17892 -17358 -24333 976 -149 -153 -23 1191000 1100000 1153000 1249000 1497000 1499000 1147000 1496000 1997000 998000 0 0 0 0 0 0 -252 147 
149400992 5000 10000 30000 0 -7908 -7866 -25554 995 -68 -68 -4 1573000 1100000 1122000 1118000 1496000 1499000 1147000 1497000 1997000 998000 0 0 0 0 0 0 -252 147 
149500992 5000 10000 30000 0 9645 9244 -25950 993 80 83 -6 1698000 1100000 1178000 1100000 1496000 1498000 1147000 1496000 1997000 998000 0 0 0 0 0 0 -252 147 
Hello Junta. Starting Potato Controller now
imu.begin()-IMU comm & initialize completed 
imu.dmpBegin() suceeded
