[17:55:11:563] 201000 5000 10000 0 1632 -1859 -9536 999 -16 14 0 1100000 1100000 1100000 1100000 1497000 1498000 998000 1496000 1998000 997000 0 0 0 0 0 0 -400 0 ␊
[17:55:11:789] 401000 5000 10000 0 1635 -1859 -9764 999 -16 14 0 1100000 1100000 1100000 1100000 1497000 1499000 997000 1496000 1999000 997000 0 0 0 0 0 0 -400 0 ␊
[17:55:11:868] 601000 5000 10000 0 1616 -1863 -9991 999 -16 14 0 1100000 1100000 1100000 1100000 1497000 1498000 997000 1496000 1998000 997000 0 0 0 0 0 0 -400 0 ␊
[17:55:12:142] 801000 5000 10000 0 1637 -1879 -10224 999 -16 14 0 1100000 1100000 1100000 1100000 1497000 1498000 997000 1496000 1998000 998000 0 0 0 0 0 0 -400 0 ␊
[17:55:12:372] 1001000 5000 10000 0 1627 -1872 -10451 999 -16 14 0 1100000 1100000 1100000 1100000 1497000 1499000 997000 1497000 1999000 997000 0 0 0 0 0 0 -400 0 ␊
[17:55:12:602] 1201000 5000 10000 0 1622 -1854 -10679 999 -16 14 0 1100000 1100000 1100000 1100000 1497000 1498000 997000 1497000 1998000 997000 0 0 0 0 0 0 -400 0 ␊
[17:55:12:709] 1401000 5000 10000 0 1620 -1869 -10909 999 -16 14 0 1100000 1100000 1100000 1100000 1497000 1499000 997000 1496000 1999000 998000 0 0 0 0 0 0 -400 0 ␊
[17:55:12:939] 1601000 5000 10000 0 1606 -1865 -11137 999 -16 14 0 1100000 1100000 1100000 1100000 1497000 1499000 997000 1496000 1998000 997000 0 0 0 0 0 0 -400 0 ␊
[17:55:13:173] 1801000 5000 10000 0 1614 -1859 -11367 999 -16 14 0 1100000 1100000 1100000 1100000 1497000 1498000 998000 1496000 1998000 997000 0 0 0 0 0 0 -400 0 ␊
[17:55:13:399] 2001000 5000 10000 0 1621 -1870 -11595 999 -16 14 0 1100000 1100000 1100000 1100000 1497000 1499000 997000 1496000 1999000 997000 0 0 0 0 0 0 -400 0 ␊
[17:55:13:510] 2201000 5000 10000 0 1622 -1870 -11816 999 -16 14 0 1100000 1100000 1100000 1100000 1497000 1498000 997000 1496000 1998000 997000 0 0 0 0 0 0 -400 0 ␊
[17:55:13:752] 2401000 5000 10000 0 1622 -1866 -12047 999 -16 14 0 1100000 1100000 1100000 1100000 1497000 1499000 997000 1495000 1998000 997000 0 0 0 0 0 0 -400 0 ␊
[17:55:13:982] 2601000 5000 10000 0 1622 -1856 -12272 999 -16 14 0 1100000 1100000 1100000 1100000 1496000 1499000 997000 1496000 1999000 997000 0 0 0 0 0 0 -400 0 ␊
[17:55:14:212] 2801000 5000 10000 0 1633 -1861 -12497 999 -16 14 0 1100000 1100000 1100000 1100000 1496000 1499000 997000 1496000 1998000 997000 0 0 0 0 0 0 -400 0 ␊
[17:55:14:323] 3001000 5000 10000 0 1633 -1844 -12712 999 -16 14 0 1100000 1100000 1100000 1100000 1497000 1499000 997000 1495000 1998000 998000 0 0 0 0 0 0 -400 0 ␊
[17:55:14:549] 3201000 5000 10000 0 1660 -1882 -12952 999 -16 14 0 1100000 1100000 1100000 1100000 1496000 1499000 997000 1496000 1999000 997000 0 0 0 0 0 0 -400 0 ␊
[17:55:14:783] 3401000 5000 10000 0 1635 -1850 -13186 999 -16 14 0 1100000 1100000 1100000 1100000 1496000 1499000 997000 1496000 1998000 997000 0 0 0 0 0 0 -400 0 ␊
[17:55:15:009] 3601000 5000 10000 0 1654 -1884 -13421 999 -16 14 0 1100000 1100000 1100000 1100000 1497000 1499000 997000 1495000 2001000 998000 0 0 0 0 0 0 -400 0 ␊
[17:55:15:141] 3801000 5000 10000 0 1636 -1856 -13647 999 -16 14 0 1100000 1100000 1100000 1100000 1496000 1499000 997000 1496000 2000000 997000 0 0 0 0 0 0 -400 0 ␊
[17:55:15:362] 4001000 5000 10000 0 1660 -1863 -13873 999 -16 14 0 1100000 1100000 1100000 1100000 1496000 1499000 997000 1496000 1999000 997000 0 0 0 0 0 0 -400 0 ␊
[17:55:15:601] 4201000 5000 10000 0 1631 -1857 -14098 999 -16 14 0 1100000 1100000 1100000 1100000 1497000 1499000 997000 1496000 1999000 998000 0 0 0 0 0 0 -400 0 ␊
[17:55:15:668] 4401000 5000 10000 0 1630 -1849 -14319 999 -16 14 0 1100000 1100000 1100000 1100000 1497000 1499000 1121000 1496000 1998000 997000 0 0 0 0 0 0 -360 40 ␊
[17:55:15:929] 4601000 5000 10000 0 1620 -1852 -14526 999 -16 14 0 1100000 1100000 1122000 1100000 1497000 1498000 998000 1518000 1998000 997000 0 0 0 0 0 0 -305 95 ␊
[17:55:16:163] 4801000 5000 10000 0 1653 -1795 -14763 999 -15 14 0 1100000 1100000 1100000 1100000 1497000 1499000 997000 1520000 1998000 998000 0 0 0 0 0 0 -400 0 ␊
[17:55:16:389] 5001000 5000 10000 0 1661 -1806 -14994 999 -15 14 0 1100000 1100000 1100000 1100000 1497000 1499000 997000 1510000 1998000 997000 0 0 0 0 0 0 -400 0 ␊
[17:55:16:468] 5201000 5000 10000 0 1659 -1810 -15229 999 -15 14 0 1100000 1100000 1100000 1100000 1496000 1499000 998000 1503000 1998000 997000 0 0 0 0 0 0 -400 0 ␊
[17:55:16:742] 5401000 5000 10000 0 1593 -1819 -15454 999 -15 13 0 1100000 1100000 1100000 1100000 1497000 1499000 1114000 1496000 1999000 998000 0 0 0 0 0 0 -286 114 ␊
[17:55:16:972] 5601000 5000 10000 0 1652 -1801 -15698 999 -15 14 0 1125000 1126000 1159000 1127000 1496000 1499000 1135000 1496000 1998000 997000 0 0 0 0 0 0 -265 135 ␊
[17:55:17:202] 5801000 5000 10000 0 1583 -1855 -15904 999 -16 13 0 1229000 1229000 1260000 1235000 1496000 1499000 1242000 1497000 1998000 997000 0 0 0 0 0 0 -161 239 ␊
[17:55:17:308] 6001000 5000 10000 0 1755 -1865 -16131 999 -16 15 0 1195000 1196000 1298000 1265000 1497000 1499000 997000 1571000 1999000 998000 0 0 0 0 0 0 -400 0 ␊
[17:55:17:539] 6201000 5000 10000 0 1606 -1698 -16355 999 -14 14 0 1100000 1100000 1100000 1100000 1496000 1499000 997000 1536000 1998000 997000 0 0 0 0 0 0 -400 0 ␊
[17:55:17:773] 6401000 5000 10000 0 1247 -1748 -16579 999 -15 10 0 1100000 1100000 1100000 1100000 1496000 1499000 998000 1496000 1998000 997000 0 0 0 0 0 0 -400 0 ␊
[17:55:17:999] 6601000 5000 10000 0 1107 -1746 -16821 999 -15 9 0 1100000 1100000 1100000 1100000 1497000 1499000 997000 1497000 1999000 998000 0 0 0 0 0 0 -400 0 ␊
[17:55:18:110] 6801000 5000 10000 0 1166 -1933 -17054 999 -16 10 0 1100000 1100000 1100000 1100000 1497000 1499000 997000 1497000 1999000 997000 0 0 0 0 0 0 -400 0 ␊
[17:55:18:352] 7001000 5000 10000 0 1235 -1905 -17280 999 -16 10 0 1100000 1100000 1100000 1100000 1496000 1499000 997000 1496000 1998000 997000 0 0 0 0 0 0 -400 0 ␊
[17:55:18:582] 7201000 5000 10000 0 1327 -1918 -17511 999 -16 11 0 1100000 1100000 1100000 1100000 1497000 1499000 997000 1495000 1999000 998000 0 0 0 0 0 0 -400 0 ␊
[17:55:18:812] 7401000 5000 10000 0 1414 -1943 -17740 999 -16 12 0 1100000 1100000 1100000 1100000 1497000 1499000 997000 1496000 1999000 997000 0 0 0 0 0 0 -400 0 ␊
[17:55:18:923] 7601000 5000 10000 0 1407 -1950 -17971 999 -17 12 0 1100000 1100000 1100000 1100000 1497000 1498000 997000 1496000 1998000 997000 0 0 0 0 0 0 -400 0 ␊
[17:55:19:149] 7801000 5000 10000 0 1437 -1901 -18103 999 -16 12 0 1100000 1100000 1100000 1100000 1498000 1498000 997000 1495000 1998000 997000 0 0 0 0 0 0 -400 0 ␊
[17:55:19:383] 8001000 5000 10000 0 1509 -1867 -18331 999 -16 13 0 1100000 1100000 1100000 1100000 1497000 1498000 997000 1496000 1999000 997000 0 0 0 0 0 0 -400 0 ␊
[17:55:19:609] 8201000 5000 10000 0 1577 -1832 -18555 999 -15 13 0 1100000 1100000 1100000 1100000 1496000 1499000 997000 1496000 1998000 997000 0 0 0 0 0 0 -400 0 ␊
[17:55:19:741] 8401000 5000 10000 0 1571 -1716 -18774 999 -14 13 0 1100000 1100000 1100000 1100000 1498000 1498000 998000 1495000 1998000 997000 0 0 0 0 0 0 -400 0 ␊
[17:55:19:962] 8601000 5000 10000 0 1690 -1736 -19016 999 -15 14 0 1100000 1100000 1100000 1100000 1497000 1499000 997000 1496000 1999000 998000 0 0 0 0 0 0 -400 0 ␊
[17:55:20:192] 8801000 5000 10000 0 1730 -1811 -19233 999 -15 15 0 1100000 1100000 1100000 1100000 1496000 1499000 997000 1496000 1998000 997000 0 0 0 0 0 0 -400 0 ␊
[17:55:20:268] 9001000 5000 10000 0 1640 -1818 -19466 999 -15 14 0 1100000 1100000 1100000 1100000 1498000 1498000 998000 1495000 1998000 997000 0 0 0 0 0 0 -400 0 ␊
[17:55:20:529] 9201000 5000 10000 0 1588 -1922 -19692 999 -16 13 0 1100000 1100000 1100000 1100000 1497000 1499000 997000 1496000 1999000 997000 0 0 0 0 0 0 -400 0 ␊
[17:55:20:763] 9401000 5000 10000 0 1550 -1917 -19929 999 -16 13 0 1100000 1100000 1100000 1100000 1498000 1498000 1004000 1496000 1998000 997000 0 0 0 0 0 0 -397 3 ␊
[17:55:20:989] 9601000 5000 10000 0 1518 -1876 -20151 999 -16 13 0 1100000 1100000 1100000 1100000 1497000 1499000 1009000 1496000 1999000 997000 0 0 0 0 0 0 -391 9 ␊
[17:55:21:068] 9801000 5000 10000 0 1436 -1911 -20385 999 -16 12 0 1100000 1100000 1100000 1100000 1497000 1499000 1009000 1496000 1998000 997000 0 0 0 0 0 0 -390 10 ␊
[17:55:21:342] 10001000 5000 10000 0 1537 -1894 -20610 999 -16 13 0 1100000 1100000 1100000 1100000 1497000 1498000 1008000 1496000 1999000 997000 0 0 0 0 0 0 -391 9 ␊
[17:55:21:572] 10201000 5000 10000 0 1552 -1898 -20835 999 -16 13 0 1100000 1100000 1100000 1100000 1496000 1499000 1009000 1496000 1998000 997000 0 0 0 0 0 0 -391 9 ␊
[17:55:21:802] 10401000 5000 10000 0 1626 -1847 -21062 999 -16 14 0 1100000 1100000 1100000 1100000 1497000 1499000 1009000 1496000 1999000 998000 0 0 0 0 0 0 -392 8 ␊
[17:55:21:909] 10601000 5000 10000 0 1691 -1845 -21287 999 -16 14 0 1100000 1100000 1100000 1100000 1496000 1498000 1008000 1496000 1998000 997000 0 0 0 0 0 0 -391 9 ␊
[17:55:22:139] 10801000 5000 10000 0 1630 -1862 -21518 999 -16 14 0 1100000 1100000 1100000 1100000 1497000 1499000 1008000 1496000 1999000 998000 0 0 0 0 0 0 -392 8 ␊
[17:55:22:373] 11001000 5000 10000 0 1577 -1845 -21744 999 -16 13 0 1100000 1100000 1100000 1100000 1497000 1498000 1009000 1496000 1998000 997000 0 0 0 0 0 0 -392 8 ␊
[17:55:22:599] 11201000 5000 10000 0 1494 -1820 -21965 999 -15 13 0 1100000 1100000 1100000 1100000 1497000 1498000 1008000 1495000 1998000 998000 0 0 0 0 0 0 -392 8 ␊
[17:55:22:710] 11401000 5000 10000 0 1555 -1829 -22194 999 -15 13 0 1100000 1100000 1100000 1100000 1497000 1499000 1008000 1496000 1999000 997000 0 0 0 0 0 0 -392 8 ␊
[17:55:22:952] 11601000 5000 10000 0 1550 -1763 -22418 999 -15 13 0 1100000 1100000 1100000 1100000 1497000 1499000 1009000 1495000 1998000 997000 0 0 0 0 0 0 -390 10 ␊
[17:55:23:182] 11801000 5000 10000 0 1597 -1737 -22645 999 -15 13 0 1100000 1100000 1100000 1100000 1497000 1499000 1064000 1496000 1999000 997000 0 0 0 0 0 0 -384 16 ␊
[17:55:23:412] 12001000 5000 10000 0 1632 -1682 -22870 999 -14 14 0 1100000 1100000 1100000 1100000 1498000 1498000 1101000 1496000 1998000 997000 0 0 0 0 0 0 -299 101 ␊
[17:55:23:523] 12201000 5000 10000 0 1749 -1692 -23098 999 -14 15 0 1101000 1100000 1124000 1100000 1497000 1499000 1115000 1496000 1998000 997000 0 0 0 0 0 0 -296 104 ␊
[17:55:23:749] 12401000 5000 10000 0 1794 -1744 -23322 999 -15 15 0 1159000 1158000 1179000 1146000 1496000 1499000 1164000 1496000 1998000 997000 0 0 0 0 0 0 -239 161 ␊
[17:55:23:983] 12601000 5000 10000 0 2008 -1648 -23542 999 -14 17 0 1164000 1162000 1187000 1153000 1497000 1499000 1194000 1496000 1999000 998000 0 0 0 0 0 0 -206 194 ␊
[17:55:24:209] 12801000 5000 10000 0 1996 -1665 -23765 999 -14 17 0 1192000 1189000 1213000 1179000 1497000 1498000 1194000 1496000 1998000 997000 0 0 0 0 0 0 -206 194 ␊
[17:55:24:332] 13001000 5000 10000 0 1704 -1646 -23992 999 -14 14 0 1191000 1190000 1213000 1180000 1497000 1499000 1193000 1495000 1998000 998000 0 0 0 0 0 0 -206 194 ␊
[17:55:24:562] 13201000 5000 10000 0 1863 -1859 -24225 999 -16 16 0 1190000 1188000 1217000 1180000 1496000 1499000 1193000 1496000 1998000 997000 0 0 0 0 0 0 -207 193 ␊
[17:55:24:792] 13401000 5000 10000 0 1892 -1747 -24444 999 -15 16 0 1192000 1191000 1212000 1179000 1497000 1499000 1195000 1496000 1998000 997000 0 0 0 0 0 0 -206 194 ␊
[17:55:24:868] 13601000 5000 10000 0 1535 -1627 -24456 999 -14 13 0 1194000 1194000 1205000 1181000 1496000 1499000 1194000 1496000 1999000 997000 0 0 0 0 0 0 -206 194 ␊
[17:55:25:129] 13801000 5000 10000 0 1412 -1313 -24448 999 -11 12 0 1194000 1194000 1201000 1181000 1496000 1499000 1194000 1496000 1998000 997000 0 0 0 0 0 0 -206 194 ␊
[17:55:25:363] 14001000 5000 10000 0 988 -919 -24436 999 -8 8 0 1198000 1197000 1194000 1181000 1497000 1499000 1193000 1496000 2001000 998000 0 0 0 0 0 0 -207 193 ␊
[17:55:25:589] 14201000 5000 10000 0 674 -629 -24437 999 -5 5 0 1196000 1195000 1193000 1189000 1496000 1498000 1194000 1496000 1998000 997000 0 0 0 0 0 0 -206 194 ␊
[17:55:25:668] 14401000 5000 10000 0 693 -577 -24442 999 -5 6 0 1192000 1189000 1199000 1194000 1497000 1499000 1194000 1499000 1998000 998000 0 0 0 0 0 0 -206 194 ␊
[17:55:25:951] 14601000 5000 10000 0 404 -384 -24439 999 -3 3 0 1176000 1175000 1213000 1210000 1497000 1499000 1194000 1524000 1998000 997000 0 0 0 0 0 0 -206 194 ␊
[17:55:26:172] 14801000 5000 10000 0 535 -231 -24434 999 -2 4 0 1197000 1194000 1193000 1190000 1497000 1499000 1194000 1496000 1999000 997000 0 0 0 0 0 0 -206 194 ␊
[17:55:26:402] 15001000 5000 10000 0 460 -133 -24436 999 -1 4 0 1216000 1214000 1171000 1169000 1497000 1498000 1191000 1455000 1999000 997000 0 0 0 0 0 0 -209 191 ␊
[17:55:26:510] 15201000 5000 10000 0 435 -307 -24437 999 -2 3 0 1221000 1221000 1162000 1159000 1496000 1498000 1191000 1452000 1998000 997000 0 0 0 0 0 0 -209 191 ␊
[17:55:26:739] 15401000 5000 10000 0 494 -167 -24430 999 -1 4 0 1197000 1196000 1187000 1183000 1497000 1499000 1191000 1496000 1999000 998000 0 0 0 0 0 0 -209 191 ␊
[17:55:26:973] 15601000 5000 10000 0 -528 1170 -23906 999 10 -4 0 1240000 1208000 1100000 1255000 1497000 1498000 1191000 1496000 1998000 997000 0 0 0 0 0 0 -209 191 ␊
[17:55:27:199] 15801000 5000 10000 0 196 359 -24310 999 3 1 0 1155000 1189000 1282000 1140000 1498000 1498000 1191000 1495000 1998000 997000 0 0 0 0 0 0 -208 192 ␊
[17:55:27:311] 16001000 5000 10000 0 585 -133 -24421 999 -1 5 0 1213000 1216000 1113000 1220000 1496000 1499000 1191000 1496000 1999000 997000 0 0 0 0 0 0 -209 191 ␊
[17:55:27:552] 16201000 5000 10000 0 -149 -43 -24678 999 0 -1 0 1243000 1241000 1169000 1110000 1496000 1499000 1191000 1496000 1998000 997000 0 0 0 0 0 0 -209 191 ␊
[17:55:27:782] 16401000 5000 10000 0 100 -294 -24816 999 -2 0 0 1116000 1141000 1249000 1256000 1497000 1499000 1191000 1496000 1998000 998000 0 0 0 0 0 0 -209 191 ␊
[17:55:28:021] 16601000 5000 10000 0 -208 76 -24759 999 0 -1 0 1171000 1179000 1200000 1217000 1496000 1499000 1191000 1496000 1999000 997000 0 0 0 0 0 0 -208 192 ␊
[17:55:28:123] 16801000 5000 10000 0 -204 -148 -24217 999 -1 -1 0 1185000 1206000 1173000 1197000 1497000 1499000 1191000 1495000 1998000 997000 0 0 0 0 0 0 -209 191 ␊
[17:55:28:349] 17001000 5000 10000 0 -170 -126 -24354 999 -1 -1 0 1203000 1224000 1180000 1155000 1497000 1499000 1191000 1496000 1999000 997000 0 0 0 0 0 0 -209 191 ␊
[17:55:28:583] 17201000 5000 10000 0 -217 -42 -24512 999 0 -1 0 1202000 1203000 1176000 1180000 1497000 1498000 1192000 1496000 1998000 997000 0 0 0 0 0 0 -209 191 ␊
[17:55:28:809] 17401000 5000 10000 0 -275 7 -24484 999 0 -2 0 1201000 1206000 1180000 1175000 1497000 1499000 1191000 1496000 1999000 998000 0 0 0 0 0 0 -209 191 ␊
[17:55:28:941] 17601000 5000 10000 0 -380 146 -24424 999 1 -3 0 1207000 1210000 1164000 1181000 1496000 1499000 1191000 1496000 1998000 997000 0 0 0 0 0 0 -209 191 ␊
[17:55:29:162] 17801000 5000 10000 0 -400 218 -24517 999 1 -3 0 1181000 1181000 1202000 1198000 1498000 1498000 1191000 1495000 1998000 997000 0 0 0 0 0 0 -209 191 ␊
[17:55:29:400] 18001000 5000 10000 0 -432 1 -23927 999 0 -3 0 1223000 1238000 1147000 1154000 1496000 1499000 1191000 1496000 1999000 997000 0 0 0 0 0 0 -209 191 ␊
[17:55:29:470] 18201000 5000 10000 0 -764 234 -23801 999 2 -6 0 1226000 1231000 1148000 1158000 1497000 1498000 1191000 1496000 1998000 997000 0 0 0 0 0 0 -209 191 ␊
[17:55:29:729] 18401000 5000 10000 0 -710 -115 -24220 999 -1 -6 0 1200000 1205000 1179000 1178000 1498000 1498000 1191000 1496000 1999000 998000 0 0 0 0 0 0 -209 191 ␊
[17:55:29:963] 18601000 5000 10000 0 -728 -11 -24165 999 0 -6 0 1115000 1149000 1237000 1265000 1496000 1499000 1191000 1496000 1998000 997000 0 0 0 0 0 0 -209 191 ␊
[17:55:30:189] 18801000 5000 10000 0 -568 -78 -23082 999 0 -4 0 1193000 1197000 1176000 1201000 1497000 1499000 1192000 1495000 1998000 997000 0 0 0 0 0 0 -208 192 ␊
[17:55:30:268] 19001000 5000 10000 0 -716 -175 -23833 999 -1 -6 0 1226000 1226000 1157000 1154000 1496000 1499000 1191000 1496000 1999000 997000 0 0 0 0 0 0 -209 191 ␊
[17:55:30:542] 19201000 5000 10000 0 -563 -149 -23088 999 -1 -4 0 1214000 1218000 1174000 1155000 1496000 1498000 1191000 1496000 1998000 997000 0 0 0 0 0 0 -209 191 ␊
[17:55:30:772] 19401000 5000 10000 0 -651 -36 -23248 999 0 -5 0 1239000 1238000 1138000 1147000 1497000 1499000 1191000 1496000 1999000 998000 0 0 0 0 0 0 -209 191 ␊
[17:55:31:002] 19601000 5000 10000 0 -699 -25 -24031 999 0 -6 0 1216000 1213000 1175000 1158000 1497000 1499000 1191000 1496000 1998000 997000 0 0 0 0 0 0 -209 191 ␊
[17:55:31:107] 19801000 5000 10000 0 -613 140 -23601 999 1 -5 0 1160000 1170000 1216000 1216000 1498000 1498000 1192000 1496000 1998000 997000 0 0 0 0 0 0 -208 192 ␊
[17:55:31:338] 20001000 5000 10000 0 -701 -242 -24084 999 -2 -6 0 1205000 1208000 1160000 1189000 1497000 1499000 1191000 1496000 1999000 997000 0 0 0 0 0 0 -209 191 ␊
[17:55:31:573] 20201000 5000 10000 0 -678 -45 -23837 999 0 -5 0 1155000 1157000 1224000 1231000 1496000 1499000 1191000 1496000 1998000 997000 0 0 0 0 0 0 -208 192 ␊
[17:55:31:799] 20401000 5000 10000 0 -878 153 -23280 999 1 -7 0 1159000 1179000 1199000 1225000 1497000 1499000 1191000 1495000 1998000 997000 0 0 0 0 0 0 -209 191 ␊
[17:55:31:909] 20601000 5000 10000 0 -1396 -5 -23986 999 0 -12 0 1213000 1196000 1177000 1176000 1496000 1499000 1191000 1496000 1999000 997000 0 0 0 0 0 0 -209 191 ␊
[17:55:32:151] 20801000 5000 10000 0 -1348 -59 -24050 999 0 -11 0 1150000 1166000 1241000 1205000 1496000 1499000 1191000 1496000 1998000 997000 0 0 0 0 0 0 -209 191 ␊
[17:55:32:381] 21001000 5000 10000 0 -2151 -1021 -23448 999 -8 -18 0 1106000 1198000 1210000 1249000 1497000 1499000 1191000 1495000 1999000 998000 0 0 0 0 0 0 -209 191 ␊
[17:55:32:611] 21201000 5000 10000 0 -223 941 -23937 999 8 -1 0 1168000 1195000 1224000 1175000 1496000 1499000 1191000 1496000 1999000 997000 0 0 0 0 0 0 -209 191 ␊
[17:55:32:722] 21401000 5000 10000 0 -4049 -2686 -24195 999 -23 -35 0 1100000 1267000 1216000 1207000 1496000 1498000 1192000 1496000 1998000 997000 0 0 0 0 0 0 -209 191 ␊
[17:55:32:948] 21601000 5000 10000 0 -1313 55 -23997 999 0 -11 0 1360000 1100000 1178000 1158000 1497000 1499000 1191000 1496000 1999000 998000 0 0 0 0 0 0 -209 191 ␊
[17:55:33:182] 21801000 5000 10000 0 -4755 -3930 -23034 998 -34 -41 -1 1100000 1286000 1206000 1203000 1497000 1499000 1191000 1496000 1998000 997000 0 0 0 0 0 0 -209 191 ␊
[17:55:33:408] 22001000 5000 10000 0 -1615 -944 -22928 999 -8 -14 0 1310000 1104000 1192000 1156000 1498000 1498000 1192000 1496000 1998000 997000 0 0 0 0 0 0 -209 191 ␊
[17:55:33:531] 22201000 5000 10000 0 -5542 -4909 -21967 997 -42 -48 -2 1100000 1249000 1251000 1162000 1498000 1498000 1191000 1496000 1999000 997000 0 0 0 0 0 0 -209 191 ␊
[17:55:33:761] 22401000 5000 10000 0 -1062 -1491 -20254 999 -13 -9 0 1185000 1308000 1182000 1100000 1496000 1499000 1191000 1496000 1998000 997000 0 0 0 0 0 0 -209 191 ␊
[17:55:33:991] 22601000 5000 10000 0 -4676 -4589 -20665 998 -40 -40 -1 1296000 1100000 1150000 1228000 1497000 1499000 1192000 1495000 1998000 997000 0 0 0 0 0 0 -209 191 ␊
[17:55:34:066] 22801000 5000 10000 0 -4176 -2200 -19491 999 -19 -36 0 1100000 1251000 1248000 1268000 1497000 1499000 1191000 1496000 2001000 997000 0 0 0 0 0 0 -209 191 ␊
[17:55:34:328] 23001000 5000 10000 0 -3710 -2071 -19417 999 -18 -32 0 1326000 1100000 1223000 1132000 1496000 1499000 1191000 1496000 1998000 997000 0 0 0 0 0 0 -209 191 ␊
[17:55:34:562] 23201000 5000 10000 0 -6737 -5367 -19508 997 -46 -58 -2 1107000 1297000 1215000 1143000 1497000 1498000 1191000 1495000 1998000 998000 0 0 0 0 0 0 -209 191 ␊
[17:55:34:788] 23401000 5000 10000 0 -2034 -2568 -18314 999 -22 -17 0 1100000 1255000 1224000 1197000 1497000 1499000 1191000 1496000 1999000 997000 0 0 0 0 0 0 -209 191 ␊
[17:55:34:866] 23601000 5000 10000 0 -6868 -5672 -18990 996 -49 -59 -2 1277000 1134000 1160000 1191000 1497000 1498000 1191000 1496000 1999000 997000 0 0 0 0 0 0 -209 191 ␊
[17:55:35:141] 23801000 5000 10000 0 -4189 -3022 -18708 998 -26 -36 0 1100000 1265000 1234000 1272000 1498000 1498000 1191000 1495000 1999000 998000 0 0 0 0 0 0 -209 191 ␊
[17:55:35:371] 24001000 5000 10000 0 -3559 -2202 -18444 999 -19 -31 0 1249000 1210000 1175000 1128000 1496000 1499000 1191000 1496000 1999000 995000 0 0 0 0 0 0 -209 191 ␊
[17:55:35:601] 24201000 5000 10000 0 -7087 -5330 -18994 997 -46 -61 -2 1196000 1196000 1176000 1193000 1496000 1499000 1191000 1496000 1998000 995000 0 0 0 0 0 0 -209 191 ␊
[17:55:35:705] 24401000 5000 10000 0 -2507 -946 -18042 999 -8 -21 0 1100000 1235000 1230000 1211000 1497000 1499000 1191000 1495000 1998000 995000 0 0 0 0 0 0 -209 191 ␊
[17:55:35:938] 24601000 5000 10000 0 -8694 -6528 -17899 995 -56 -75 -4 1113000 1293000 1158000 1198000 1497000 1499000 1191000 1496000 2000000 995000 0 0 0 0 0 0 -209 191 ␊
[17:55:36:172] 24801000 5000 10000 0 -4121 -2647 -17960 999 -23 -35 0 1310000 1139000 1183000 1130000 1497000 1498000 1191000 1496000 1998000 998000 0 0 0 0 0 0 -209 191 ␊
[17:55:36:398] 25001000 5000 10000 0 -7138 -5763 -17171 996 -50 -62 -3 1100000 1335000 1187000 1173000 1498000 1498000 1191000 1495000 1998000 997000 0 0 0 0 0 0 -209 191 ␊
[17:55:36:507] 25201000 5000 10000 0 -3464 -2816 -17506 999 -24 -30 0 1281000 1138000 1199000 1144000 1497000 1498000 1191000 1496000 1999000 998000 0 0 0 0 0 0 -209 191 ␊
[17:55:36:751] 25401000 5000 10000 0 -8415 -7203 -16840 995 -62 -73 -4 1100000 1321000 1212000 1169000 1496000 1499000 1191000 1496000 1998000 997000 0 0 0 0 0 0 -209 191 ␊
[17:55:36:981] 25601000 5000 10000 0 -3168 -2766 -17114 999 -24 -27 0 1177000 1277000 1173000 1135000 1497000 1499000 1191000 1495000 1998000 998000 0 0 0 0 0 0 -209 191 ␊
[17:55:37:211] 25801000 5000 10000 0 -8923 -8194 -17075 994 -71 -77 -5 1177000 1178000 1212000 1195000 1497000 1499000 1191000 1496000 1999000 996000 0 0 0 0 0 0 -209 191 ␊
[17:55:37:322] 26001000 5000 10000 0 -3498 -3504 -17348 999 -30 -30 0 1100000 1339000 1197000 1199000 1496000 1498000 1191000 1496000 1998000 998000 0 0 0 0 0 0 -209 191 ␊
[17:55:37:548] 26201000 5000 10000 0 -7027 -6522 -17374 996 -56 -61 -3 1314000 1100000 1194000 1171000 1497000 1498000 1192000 1495000 1998000 995000 0 0 0 0 0 0 -209 191 ␊
[17:55:37:782] 26401000 5000 10000 0 -7290 -6972 -17152 996 -60 -63 -3 1100000 1343000 1194000 1194000 1497000 1499000 1191000 1496000 2001000 998000 0 0 0 0 0 0 -209 191 ␊
[17:55:38:008] 26601000 5000 10000 0 -3421 -3978 -17296 998 -34 -29 -1 1267000 1106000 1225000 1164000 1497000 1498000 1191000 1496000 1998000 996000 0 0 0 0 0 0 -209 191 ␊
[17:55:38:131] 26801000 5000 10000 0 -8398 -7653 -16866 995 -66 -73 -4 1163000 1207000 1204000 1188000 1498000 1498000 1192000 1496000 1998000 997000 0 0 0 0 0 0 -209 191 ␊
[17:55:38:361] 27001000 5000 10000 0 -5007 -4761 -17089 998 -41 -43 -1 1100000 1342000 1215000 1188000 1497000 1499000 1191000 1496000 1999000 998000 0 0 0 0 0 0 -209 191 ␊
[17:55:38:590] 27201000 5000 10000 0 -7847 -7099 -17132 995 -61 -68 -4 1309000 1100000 1216000 1178000 1496000 1499000 1191000 1496000 1999000 997000 0 0 0 0 0 0 -209 191 ␊
[17:55:38:664] 27401000 5000 10000 0 -6847 -5529 -17473 997 -48 -59 -2 1100000 1337000 1210000 1214000 1497000 1499000 1191000 1496000 1999000 998000 0 0 0 0 0 0 -209 191 ␊
[17:55:38:927] 27601000 5000 10000 0 -4284 -3117 -17323 998 -27 -37 -1 1340000 1100000 1204000 1152000 1496000 1499000 1191000 1496000 1998000 999000 0 0 0 0 0 0 -209 191 ␊
[17:55:39:161] 27801000 5000 10000 0 -6484 -5454 -17193 997 -47 -56 -2 1100000 1313000 1257000 1192000 1497000 1499000 1191000 1496000 1999000 998000 0 0 0 0 0 0 -209 191 ␊
[17:55:39:387] 28001000 5000 10000 0 -3668 -2916 -17160 999 -25 -31 0 1203000 1172000 1247000 1144000 1497000 1498000 1191000 1496000 1998000 998000 0 0 0 0 0 0 -208 192 ␊
[17:55:39:464] 28201000 5000 10000 0 -522 -155 -18264 999 -1 -4 0 1101000 1179000 1216000 1266000 1497000 1498000 1191000 1496000 1999000 998000 0 0 0 0 0 0 -209 191 ␊
[17:55:39:740] 28401000 5000 10000 0 -313 579 -19655 999 5 -2 0 1185000 1158000 1220000 1199000 1497000 1498000 1191000 1496000 1998000 998000 0 0 0 0 0 0 -209 191 ␊
[17:55:39:970] 28601000 5000 10000 0 -512 546 -19743 999 4 -4 0 1191000 1198000 1184000 1193000 1498000 1498000 1191000 1495000 1998000 998000 0 0 0 0 0 0 -208 192 ␊
[17:55:40:200] 28801000 5000 10000 0 -3597 -2522 -20648 999 -21 -31 0 1100000 1298000 1194000 1204000 1496000 1499000 1191000 1496000 1998000 998000 0 0 0 0 0 0 -209 191 ␊
[17:55:40:303] 29001000 5000 10000 0 -2244 -1301 -20406 999 -11 -19 0 1324000 1100000 1198000 1151000 1497000 1499000 1191000 1495000 1998000 998000 0 0 0 0 0 0 -208 192 ␊
[17:55:40:537] 29201000 5000 10000 0 -4784 -3852 -20265 998 -33 -41 -1 1100000 1301000 1211000 1191000 1497000 1499000 1191000 1496000 1999000 998000 0 0 0 0 0 0 -209 191 ␊
[17:55:40:771] 29401000 5000 10000 0 -3721 -2759 -19865 999 -24 -32 0 1227000 1164000 1190000 1181000 1498000 1497000 1192000 1496000 1998000 997000 0 0 0 0 0 0 -208 192 ␊
[17:55:40:997] 29601000 5000 10000 0 -5281 -4778 -19928 998 -41 -46 -1 1100000 1294000 1208000 1197000 1498000 1498000 1191000 1496000 1998000 998000 0 0 0 0 0 0 -209 191 ␊
[17:55:41:106] 29801000 5000 10000 0 -6020 -5224 -19678 997 -45 -52 -2 1214000 1183000 1187000 1178000 1498000 1497000 1191000 1496000 1998000 997000 0 0 0 0 0 0 -209 191 ␊
[17:55:41:350] 30001000 5000 10000 0 -7890 -7193 -19563 995 -62 -68 -4 1186000 1198000 1194000 1184000 1502000 1494000 1191000 1496000 1998000 997000 0 0 0 0 0 0 -209 191 ␊
[17:55:41:580] 30201000 5000 10000 0 -3975 -3487 -19369 998 -30 -34 -1 1100000 1330000 1204000 1214000 1496000 1499000 1191000 1496000 1998000 998000 0 0 0 0 0 0 -209 191 ␊
[17:55:41:810] 30401000 5000 10000 0 -8345 -7175 -19420 995 -62 -72 -4 1271000 1125000 1164000 1202000 1496000 1499000 1191000 1496000 1999000 997000 0 0 0 0 0 0 -209 191 ␊
[17:55:41:921] 30601000 5000 10000 0 -6126 -5177 -19524 997 -45 -53 -2 1100000 1344000 1200000 1223000 1496000 1499000 1191000 1496000 1998000 998000 0 0 0 0 0 0 -209 191 ␊
[17:55:42:147] 30801000 5000 10000 0 -4819 -3787 -19572 998 -33 -42 -1 1317000 1100000 1193000 1168000 1496000 1499000 1191000 1495000 1998000 997000 0 0 0 0 0 0 -209 191 ␊
[17:55:42:381] 31001000 5000 10000 0 -6985 -5828 -19847 996 -50 -60 -3 1100000 1291000 1210000 1189000 1496000 1500000 1191000 1496000 1998000 997000 0 0 0 0 0 0 -209 191 ␊
[17:55:42:607] 31201000 5000 10000 0 -1760 -1606 -19084 999 -14 -15 0 1163000 1268000 1188000 1143000 1497000 1499000 1192000 1496000 1998000 998000 0 0 0 0 0 0 -208 192 ␊
[17:55:42:730] 31401000 5000 10000 0 -7812 -7002 -19357 995 -60 -67 -4 1211000 1184000 1159000 1208000 1496000 1500000 1191000 1496000 1998000 998000 0 0 0 0 0 0 -209 191 ␊
[17:55:42:960] 31601000 5000 10000 0 -1333 -963 -18483 999 -8 -11 0 1100000 1312000 1153000 1200000 1496000 1499000 1191000 1496000 1998000 998000 0 0 0 0 0 0 -209 191 ␊
[17:55:43:190] 31801000 5000 10000 0 -6130 -4874 -18724 997 -42 -53 -2 1287000 1148000 1124000 1203000 1496000 1500000 1191000 1496000 1998000 998000 0 0 0 0 0 0 -209 191 ␊
[17:55:43:262] 32001000 5000 10000 0 -5357 -3894 -18761 998 -33 -46 -1 1100000 1318000 1181000 1283000 1496000 1499000 1191000 1496000 1999000 998000 0 0 0 0 0 0 -209 191 ␊
[17:55:43:527] 32201000 5000 10000 0 -5072 -3759 -18666 998 -32 -44 -1 1272000 1133000 1180000 1178000 1496000 1499000 1191000 1495000 1999000 997000 0 0 0 0 0 0 -209 191 ␊
[17:55:43:760] 32401000 5000 10000 0 -2413 -1436 -18784 999 -12 -21 0 1193000 1199000 1202000 1168000 1496000 1500000 1191000 1496000 1998000 998000 0 0 0 0 0 0 -209 191 ␊
[17:55:43:987] 32601000 5000 10000 0 -1180 -409 -18731 999 -3 -10 0 1179000 1192000 1199000 1196000 1497000 1499000 1192000 1496000 1998000 998000 0 0 0 0 0 0 -208 192 ␊
[17:55:44:062] 32801000 5000 10000 0 -1833 -894 -18906 999 -7 -16 0 1144000 1211000 1193000 1214000 1496000 1500000 1191000 1496000 1999000 998000 0 0 0 0 0 0 -209 191 ␊
[17:55:44:340] 33001000 5000 10000 0 -2612 -1531 -18930 999 -13 -22 0 1162000 1219000 1181000 1200000 1496000 1499000 1191000 1496000 1999000 998000 0 0 0 0 0 0 -209 191 ␊
[17:55:44:570] 33201000 5000 10000 0 -3111 -1880 -19151 999 -16 -27 0 1194000 1208000 1172000 1188000 1496000 1500000 1191000 1496000 1999000 998000 0 0 0 0 0 0 -209 191 ␊
[17:55:44:800] 33401000 5000 10000 0 -819 -2048 -19283 999 -17 -7 0 1198000 1190000 1232000 1146000 1496000 1499000 1191000 1496000 1999000 998000 0 0 0 0 0 0 -208 192 ␊
[17:55:44:900] 33601000 5000 10000 0 4223 -7413 -19461 997 -64 36 2 1194000 1241000 1283000 1100000 1496000 1499000 1191000 1495000 1998000 997000 0 0 0 0 0 0 -209 191 ␊
[17:55:45:137] 33801000 5000 10000 0 4217 -4616 -21144 998 -40 36 1 1115000 1100000 1215000 1410000 1496000 1500000 1191000 1496000 1998000 997000 0 0 0 0 0 0 -209 191 ␊
[17:55:45:371] 34001000 5000 10000 0 1712 -1731 -22701 999 -15 14 0 1216000 1223000 1249000 1100000 1497000 1499000 1192000 1496000 1998000 997000 0 0 0 0 0 0 -209 191 ␊
[17:55:45:597] 34201000 5000 10000 0 4014 -9473 -21197 995 -82 34 2 1235000 1146000 1243000 1138000 1496000 1500000 1191000 1496000 1999000 997000 0 0 0 0 0 0 -209 191 ␊
[17:55:45:704] 34401000 5000 10000 0 3642 -2578 -23367 999 -22 31 0 1168000 1151000 1209000 1234000 1496000 1499000 1191000 1496000 1998000 998000 0 0 0 0 0 0 -209 191 ␊
[17:55:45:949] 34601000 5000 10000 0 5536 -8524 -22592 996 -74 48 3 1206000 1336000 1283000 1100000 1496000 1499000 1191000 1496000 1999000 998000 0 0 0 0 0 0 -209 191 ␊
[17:55:46:180] 34803000 5000 142000 0 6447 -11891 -21774 993 -103 55 5 1216000 1307000 1244000 1100000 1497000 1498000 1193000 1496000 1998000 997000 0 0 0 0 0 0 -207 193 ␊
[17:55:46:409] 35001000 5000 10000 0 5531 -5990 -22604 997 -52 48 2 1196000 1302000 1289000 1100000 1497000 1499000 1192000 1496000 1998000 998000 0 0 0 0 0 0 -208 192 ␊
[17:55:46:521] 35201000 5000 10000 0 7669 -12988 -20244 991 -112 66 7 1265000 1138000 1168000 1190000 1496000 1500000 1191000 1496000 1999000 998000 0 0 0 0 0 0 -209 191 ␊
[17:55:46:746] 35401000 5000 10000 0 6633 -2606 -21918 998 -22 57 1 1235000 1100000 1160000 1297000 1496000 1499000 1191000 1496000 1998000 998000 0 0 0 0 0 0 -209 191 ␊
[17:55:46:981] 35601000 5000 10000 0 5931 27 -22891 998 0 51 0 1133000 1226000 1318000 1100000 1496000 1499000 1191000 1496000 2000000 998000 0 0 0 0 0 0 -209 191 ␊
[17:55:47:206] 35801000 5000 10000 0 8577 -11548 -20514 992 -100 74 7 1243000 1295000 1227000 1100000 1496000 1500000 1191000 1496000 1998000 998000 0 0 0 0 0 0 -208 192 ␊
[17:55:47:330] 36001000 5000 10000 0 6909 -6263 -21379 996 -54 60 3 1171000 1100000 1221000 1327000 1497000 1499000 1192000 1496000 1998000 998000 0 0 0 0 0 0 -208 192 ␊
[17:55:47:559] 36201000 5000 10000 0 5166 4321 -22769 998 37 45 -1 1189000 1219000 1211000 1144000 1496000 1500000 1191000 1496000 1998000 998000 0 0 0 0 0 0 -209 191 ␊
[17:55:47:789] 36401000 5000 10000 0 4027 2500 -23522 999 21 35 0 1177000 1192000 1193000 1200000 1496000 1499000 1191000 1496000 1998000 998000 0 0 0 0 0 0 -209 191 ␊
[17:55:48:019] 36601000 5000 10000 0 2168 -219 -23808 999 -1 18 0 1195000 1145000 1229000 1193000 1496000 1499000 1191000 1496000 1999000 998000 0 0 0 0 0 0 -209 191 ␊
[17:55:48:126] 36801000 5000 10000 0 1891 -2336 -23805 999 -20 16 0 1216000 1220000 1181000 1145000 1496000 1500000 1191000 1496000 1999000 998000 0 0 0 0 0 0 -209 191 ␊
[17:55:48:360] 37001000 5000 10000 0 1747 -1724 -23901 999 -15 15 0 1203000 1199000 1186000 1174000 1497000 1499000 1192000 1496000 1999000 997000 0 0 0 0 0 0 -209 191 ␊
[17:55:48:586] 37201000 5000 10000 0 1909 -1540 -23989 999 -13 16 0 1188000 1178000 1210000 1186000 1496000 1500000 1191000 1496000 1998000 997000 0 0 0 0 0 0 -209 191 ␊
[17:55:48:678] 37401000 5000 10000 0 2157 -1200 -24134 999 -10 18 0 1193000 1178000 1205000 1186000 1496000 1499000 1191000 1496000 1998000 997000 0 0 0 0 0 0 -209 191 ␊
[17:55:48:940] 37601000 5000 10000 0 2538 -1081 -24147 999 -9 22 0 1197000 1185000 1206000 1174000 1496000 1499000 1191000 1495000 1998000 998000 0 0 0 0 0 0 -209 191 ␊
[17:55:49:170] 37801000 5000 10000 0 2506 -1061 -24152 999 -9 21 0 1192000 1179000 1207000 1183000 1496000 1500000 1191000 1496000 1998000 998000 0 0 0 0 0 0 -209 191 ␊
[17:55:49:400] 38001000 5000 10000 0 2334 -988 -24148 999 -8 20 0 1199000 1188000 1203000 1176000 1497000 1499000 1192000 1496000 1998000 998000 0 0 0 0 0 0 -208 192 ␊
[17:55:49:503] 38201000 5000 10000 0 2261 -769 -24135 999 -6 19 0 1199000 1191000 1195000 1178000 1496000 1500000 1191000 1496000 1999000 998000 0 0 0 0 0 0 -209 191 ␊
[17:55:49:737] 38401000 5000 10000 0 2211 -778 -24132 999 -6 19 0 1203000 1195000 1199000 1169000 1496000 1499000 1191000 1496000 1999000 998000 0 0 0 0 0 0 -209 191 ␊
[17:55:49:971] 38601000 5000 10000 0 2881 1756 -23225 999 15 25 0 1283000 1170000 1173000 1140000 1497000 1499000 1191000 1495000 1998000 997000 0 0 0 0 0 0 -208 192 ␊
[17:55:50:197] 38801000 5000 10000 0 2031 -5 -23756 999 0 17 0 1136000 1263000 1244000 1119000 1496000 1500000 1191000 1496000 1999000 997000 0 0 0 0 0 0 -209 191 ␊
[17:55:50:306] 39001000 5000 10000 0 1740 -1235 -24059 999 -10 15 0 1118000 1221000 1234000 1189000 1496000 1499000 1191000 1496000 1998000 998000 0 0 0 0 0 0 -209 191 ␊
[17:55:50:550] 39201000 5000 10000 0 15 -3192 -25088 999 -27 0 0 1196000 1237000 1146000 1183000 1496000 1499000 1191000 1495000 1999000 998000 0 0 0 0 0 0 -209 191 ␊
[17:55:50:780] 39401000 5000 10000 0 1211 -1542 -25039 999 -13 10 0 1217000 1147000 1174000 1224000 1496000 1500000 1191000 1496000 1998000 998000 0 0 0 0 0 0 -209 191 ␊
[17:55:51:010] 39601000 5000 10000 0 2027 -528 -25090 999 -4 17 0 1200000 1186000 1219000 1158000 1496000 1499000 1192000 1496000 1998000 998000 0 0 0 0 0 0 -208 192 ␊
[17:55:51:121] 39801000 5000 10000 0 1720 -761 -25010 999 -6 15 0 1201000 1170000 1191000 1201000 1496000 1500000 1191000 1496000 1999000 998000 0 0 0 0 0 0 -209 191 ␊
[17:55:51:347] 40001000 5000 10000 0 2754 -5455 -25814 998 -47 24 1 1173000 1174000 1315000 1104000 1496000 1499000 1191000 1496000 1998000 998000 0 0 0 0 0 0 -208 192 ␊
[17:55:51:580] 40201000 5000 10000 0 7413 -6679 -24295 996 -58 64 3 1355000 1211000 1109000 1100000 1497000 1499000 1192000 1496000 1999000 997000 0 0 0 0 0 0 -208 192 ␊
[17:55:51:807] 40401000 5000 10000 0 6696 1868 -24801 998 16 58 0 1194000 1100000 1215000 1284000 1496000 1500000 1191000 1496000 1998000 998000 0 0 0 0 0 0 -209 191 ␊
[17:55:51:930] 40601000 5000 10000 0 6124 -3175 -25982 998 -27 53 1 1111000 1265000 1336000 1100000 1496000 1499000 1191000 1496000 1998000 998000 0 0 0 0 0 0 -208 192 ␊
[17:55:52:160] 40801000 5000 10000 0 7710 -8657 -24053 994 -75 67 5 1245000 1168000 1132000 1216000 1497000 1499000 1191000 1495000 1998000 997000 0 0 0 0 0 0 -209 191 ␊
[17:55:52:390] 41001000 5000 10000 0 2559 2346 -25698 999 20 22 0 1238000 1153000 1101000 1270000 1496000 1500000 1191000 1496000 1998000 997000 0 0 0 0 0 0 -209 191 ␊
[17:55:52:461] 41201000 5000 10000 0 4821 -206 -24589 999 -1 42 0 1101000 1224000 1333000 1103000 1496000 1499000 1191000 1496000 1998000 998000 0 0 0 0 0 0 -209 191 ␊
[17:55:52:727] 41401000 5000 10000 0 8728 -10600 -21071 992 -92 75 7 1243000 1313000 1161000 1100000 1496000 1499000 1191000 1495000 1998000 998000 0 0 0 0 0 0 -209 191 ␊
[17:55:52:960] 41601000 5000 10000 0 2399 -5163 -22234 998 -45 20 0 1148000 1100000 1195000 1355000 1496000 1500000 1191000 1496000 1998000 998000 0 0 0 0 0 0 -209 191 ␊
[17:55:53:187] 41801000 5000 10000 0 2152 3788 -24024 999 33 18 0 1247000 1115000 1171000 1229000 1496000 1499000 1191000 1496000 1998000 998000 0 0 0 0 0 0 -209 191 ␊
[17:55:53:261] 42001000 5000 10000 0 4066 3059 -25359 999 26 35 0 1134000 1186000 1304000 1138000 1496000 1499000 1191000 1495000 1998000 998000 0 0 0 0 0 0 -209 191 ␊
[17:55:53:539] 42201000 5000 10000 0 7418 -9165 -22855 994 -79 64 5 1320000 1330000 1209000 1100000 1496000 1500000 1191000 1496000 1999000 998000 0 0 0 0 0 0 -209 191 ␊
[17:55:53:770] 42401000 5000 10000 0 7914 -5505 -22725 996 -47 68 3 1164000 1100000 1235000 1326000 1496000 1499000 1191000 1496000 1999000 998000 0 0 0 0 0 0 -209 191 ␊
[17:55:53:999] 42601000 5000 10000 0 5242 4323 -23472 998 37 45 -1 1194000 1209000 1221000 1138000 1496000 1499000 1191000 1495000 1999000 997000 0 0 0 0 0 0 -209 191 ␊
[17:55:54:101] 42801000 5000 10000 0 3512 -3142 -24169 999 -27 30 0 1138000 1293000 1255000 1100000 1496000 1500000 1191000 1496000 1998000 998000 0 0 0 0 0 0 -209 191 ␊
[17:55:54:337] 43001000 5000 10000 0 3114 -12521 -22550 993 -109 27 2 1246000 1264000 1141000 1111000 1496000 1499000 1191000 1496000 1998000 998000 0 0 0 0 0 0 -209 191 ␊
[17:55:54:570] 43201000 5000 10000 0 5831 -4211 -22708 998 -36 50 1 1219000 1100000 1280000 1233000 1496000 1499000 1191000 1495000 1999000 998000 0 0 0 0 0 0 -209 191 ␊
[17:55:54:797] 43401000 5000 10000 0 4057 5159 -24654 998 44 35 -1 1224000 1209000 1235000 1100000 1496000 1500000 1191000 1496000 1999000 998000 0 0 0 0 0 0 -209 191 ␊
[17:55:54:904] 43601000 5000 10000 0 2165 -949 -25534 999 -8 18 0 1174000 1295000 1185000 1109000 1496000 1499000 1191000 1496000 1998000 998000 0 0 0 0 0 0 -209 191 ␊
[17:55:55:149] 43801000 5000 10000 0 631 -7750 -24542 997 -67 5 0 1196000 1237000 1183000 1147000 1496000 1499000 1191000 1495000 1999000 998000 0 0 0 0 0 0 -209 191 ␊
[17:55:55:380] 44001000 5000 10000 0 4311 -5247 -22627 998 -45 37 1 1239000 1166000 1164000 1194000 1496000 1500000 1191000 1496000 1999000 998000 0 0 0 0 0 0 -209 191 ␊
[17:55:55:609] 44201000 5000 10000 0 1934 5111 -24755 998 44 16 0 1167000 1147000 1214000 1234000 1496000 1499000 1191000 1496000 1998000 998000 0 0 0 0 0 0 -209 191 ␊
[17:55:55:720] 44401000 5000 10000 0 2351 -3859 -27304 999 -33 20 0 1100000 1139000 1327000 1264000 1496000 1499000 1191000 1495000 1998000 998000 0 0 0 0 0 0 -209 191 ␊
[17:55:55:946] 44601000 5000 10000 0 2345 -10987 -26020 995 -95 20 1 1265000 1410000 1161000 1100000 1496000 1500000 1191000 1496000 1999000 998000 0 0 0 0 0 0 -209 191 ␊
[17:55:56:180] 44801000 5000 10000 0 6409 -12505 -20721 992 -108 55 6 1360000 1162000 1188000 1100000 1496000 1499000 1191000 1496000 1999000 998000 0 0 0 0 0 0 -209 191 ␊
[17:55:56:406] 45001000 5000 10000 0 10033 -4793 -21630 995 -41 87 3 1245000 1100000 1183000 1260000 1497000 1499000 1191000 1495000 1998000 997000 0 0 0 0 0 0 -209 191 ␊
[17:55:56:530] 45201000 5000 10000 0 5865 5283 -23682 997 46 51 -2 1114000 1204000 1234000 1211000 1496000 1500000 1191000 1496000 1999000 997000 0 0 0 0 0 0 -209 191 ␊
[17:55:56:759] 45401000 5000 10000 0 5407 -4290 -26539 998 -37 47 1 1100000 1217000 1291000 1173000 1496000 1499000 1191000 1496000 1999000 998000 0 0 0 0 0 0 -208 192 ␊
[17:55:56:989] 45601000 5000 10000 0 6143 -12754 -23976 992 -110 53 5 1298000 1377000 1106000 1100000 1497000 1499000 1192000 1496000 1998000 997000 0 0 0 0 0 0 -208 192 ␊
[17:55:57:060] 45801000 5000 10000 0 10255 -9576 -20667 992 -83 89 7 1131000 1136000 1282000 1213000 1496000 1500000 1191000 1496000 1998000 997000 0 0 0 0 0 0 -209 191 ␊
[17:55:57:326] 46001000 5000 10000 0 10180 557 -22715 996 4 88 0 1215000 1100000 1179000 1319000 1496000 1500000 1191000 1496000 1998000 998000 0 0 0 0 0 0 -208 192 ␊
[17:55:57:560] 46201000 5000 10000 0 6821 4252 -24769 997 37 59 -2 1100000 1162000 1293000 1220000 1497000 1499000 1192000 1496000 1998000 998000 0 0 0 0 0 0 -208 192 ␊
[17:55:57:786] 46401000 5000 10000 0 2633 -4815 -27485 998 -41 22 0 1101000 1226000 1275000 1165000 1496000 1500000 1192000 1495000 1999000 998000 0 0 0 0 0 0 -208 192 ␊
[17:55:57:880] 46601000 5000 10000 0 5297 -12329 -23999 993 -107 45 4 1362000 1322000 1120000 1100000 1496000 1500000 1192000 1495000 1998000 998000 0 0 0 0 0 0 -209 191 ␊
[17:55:58:140] 46801000 5000 10000 0 8535 -8475 -20873 994 -73 74 5 1100000 1100000 1338000 1232000 1496000 1500000 1191000 1495000 1998000 997000 0 0 0 0 0 0 -209 191 ␊
[17:55:58:370] 47001000 5000 10000 0 2867 358 -25465 999 3 25 0 1177000 1231000 1214000 1144000 1496000 1499000 1192000 1495000 1999000 998000 0 0 0 0 0 0 -208 192 ␊
[17:55:58:600] 47201000 5000 10000 0 10405 -12462 -22216 989 -108 90 9 1305000 1241000 1153000 1100000 1496000 1499000 1192000 1495000 1998000 998000 0 0 0 0 0 0 -209 191 ␊
[17:55:58:703] 47401000 5000 10000 0 5444 -3967 -23792 998 -34 47 1 1100000 1268000 1400000 1100000 1496000 1499000 1192000 1495000 1999000 998000 0 0 0 0 0 0 -208 192 ␊
[17:55:58:937] 47601000 5000 10000 0 6833 -4093 -22404 997 -35 59 2 1121000 1100000 1199000 1411000 1496000 1499000 1191000 1495000 1998000 998000 0 0 0 0 0 0 -209 191 ␊
[17:55:59:171] 47801000 5000 10000 0 8819 -6796 -20696 995 -59 76 4 1344000 1100000 1100000 1314000 1496000 1499000 1192000 1495000 1998000 998000 0 0 0 0 0 0 -208 192 ␊
[17:55:59:397] 48001000 5000 10000 0 7879 -6541 -21151 996 -56 68 3 1407000 1268000 1100000 1100000 1496000 1500000 1192000 1495000 1998000 997000 0 0 0 0 0 0 -208 192 ␊
[17:55:59:506] 48201000 5000 10000 0 5315 -2354 -22733 998 -20 46 0 1316000 1418000 1193000 1100000 1497000 1499000 1192000 1495000 1998000 997000 0 0 0 0 0 0 -208 192 ␊
[17:55:59:750] 48401000 5000 10000 0 4252 728 -23445 999 6 37 0 1119000 1291000 1291000 1100000 1496000 1499000 1192000 1495000 1999000 998000 0 0 0 0 0 0 -209 191 ␊
[17:55:59:980] 48601000 5000 10000 0 3424 -1652 -23426 999 -14 29 0 1130000 1249000 1317000 1100000 1497000 1499000 1192000 1496000 1998000 998000 0 0 0 0 0 0 -208 192 ␊
[17:56:00:210] 48801000 5000 10000 0 3550 -1037 -22935 999 -9 30 0 1202000 1287000 1268000 1100000 1496000 1499000 1192000 1495000 1998000 998000 0 0 0 0 0 0 -208 192 ␊
[17:56:00:321] 49001000 5000 10000 0 4578 -4698 -21480 998 -40 39 1 1235000 1211000 1150000 1170000 1497000 1499000 1192000 1496000 1998000 998000 0 0 0 0 0 0 -208 192 ␊
[17:56:00:547] 49201000 5000 10000 0 4126 -2696 -22722 999 -23 35 0 1209000 1239000 1243000 1100000 1496000 1500000 1192000 1495000 1999000 998000 0 0 0 0 0 0 -208 192 ␊
[17:56:00:781] 49401000 5000 10000 0 4209 -3035 -22198 998 -26 36 0 1206000 1150000 1186000 1224000 1496000 1500000 1191000 1495000 1998000 997000 0 0 0 0 0 0 -208 192 ␊
[17:56:01:007] 49601000 5000 10000 0 4093 -2760 -22386 999 -24 35 0 1253000 1307000 1178000 1100000 1496000 1500000 1192000 1495000 1999000 997000 0 0 0 0 0 0 -207 193 ␊
[17:56:01:130] 49801000 5000 10000 0 4506 -3070 -22445 998 -26 39 1 1161000 1119000 1258000 1228000 1496000 1499000 1192000 1495000 1998000 998000 0 0 0 0 0 0 -208 192 ␊
[17:56:01:360] 50001000 5000 10000 0 5408 -1967 -22356 998 -17 47 0 1312000 1244000 1166000 1100000 1496000 1499000 1192000 1495000 1999000 998000 0 0 0 0 0 0 -208 192 ␊
[17:56:01:590] 50201000 5000 10000 0 6070 -4253 -21981 997 -37 52 1 1227000 1307000 1260000 1100000 1496000 1499000 1191000 1495000 1998000 998000 0 0 0 0 0 0 -208 192 ␊
[17:56:01:662] 50401000 5000 10000 0 6145 1259 -22160 998 10 53 0 1117000 1100000 1276000 1336000 1496000 1499000 1191000 1495000 1999000 997000 0 0 0 0 0 0 -209 191 ␊
[17:56:01:927] 50601000 5000 10000 0 8253 -7328 -19667 995 -63 71 4 1417000 1289000 1118000 1100000 1496000 1499000 1193000 1495000 1999000 997000 0 0 0 0 0 0 -208 192 ␊
[17:56:02:161] 50801000 5000 10000 0 6361 -2346 -22549 998 -20 55 1 1150000 1299000 1264000 1100000 1497000 1499000 1192000 1496000 1999000 997000 0 0 0 0 0 0 -208 192 ␊
[17:56:02:387] 51001000 5000 10000 0 6668 -1668 -23092 998 -14 58 0 1100000 1100000 1356000 1399000 1496000 1499000 1192000 1495000 1998000 998000 0 0 0 0 0 0 -208 192 ␊
[17:56:02:462] 51201000 5000 10000 0 8850 -5533 -19267 995 -48 77 3 1100000 1100000 1371000 1461000 1496000 1499000 1192000 1496000 1998000 998000 0 0 0 0 0 0 -209 191 ␊
[17:56:02:740] 51401000 5000 10000 0 6594 -4005 -19614 997 -34 57 2 1252000 1233000 1218000 1100000 1496000 1500000 1192000 1495000 1998000 998000 0 0 0 0 0 0 -208 192 ␊
[17:56:02:970] 51601000 5000 10000 0 5153 -2228 -19633 998 -19 44 0 1336000 1331000 1159000 1100000 1496000 1500000 1191000 1495000 1998000 997000 0 0 0 0 0 0 -209 191 ␊
[17:56:03:200] 51801000 5000 10000 0 2749 -1401 -21548 999 -12 23 0 1514000 1511000 1100000 1100000 1496000 1499000 1192000 1495000 1999000 998000 0 0 0 0 0 0 -208 192 ␊
[17:56:03:302] 52001000 5000 10000 0 4199 -3072 -22833 998 -26 36 0 1466000 1466000 1100000 1100000 1496000 1500000 1191000 1495000 1998000 998000 0 0 0 0 0 0 -209 191 ␊
[17:56:03:537] 52201000 5000 10000 0 8151 -8297 -22388 994 -72 70 5 1237000 1262000 1297000 1100000 1497000 1499000 1192000 1495000 1998000 998000 0 0 0 0 0 0 -208 192 ␊
[17:56:03:771] 52401000 5000 10000 0 9618 -5615 -21232 995 -48 83 4 1100000 1100000 1300000 1566000 1496000 1499000 1192000 1495000 1999000 998000 0 0 0 0 0 0 -208 192 ␊
[17:56:03:997] 52601000 5000 10000 0 6708 5752 -26932 997 50 58 -2 1256000 1100000 1230000 1243000 1497000 1499000 1192000 1496000 1999000 997000 0 0 0 0 0 0 -208 192 ␊
[17:56:04:105] 52801000 5000 10000 0 12117 8031 -30588 991 69 105 -7 1188000 1100000 1306000 1224000 1496000 1499000 1192000 1495000 1998000 998000 0 0 0 0 0 0 -208 192 ␊
[17:56:04:350] 53001000 5000 10000 0 13510 -1510 -31797 992 -13 117 1 1176000 1342000 1319000 1100000 1496000 1499000 1191000 1495000 1998000 999000 0 0 0 0 0 0 -208 192 ␊
[17:56:04:580] 53201000 5000 10000 0 14271 -15763 -25515 982 -136 123 17 1397000 1364000 1100000 1100000 1496000 1500000 1192000 1495000 1999000 998000 0 0 0 0 0 0 -208 192 ␊
[17:56:04:809] 53401000 5000 10000 0 12954 -13570 -19041 986 -117 112 13 1283000 1288000 1126000 1100000 1496000 1500000 1191000 1495000 1998000 998000 0 0 0 0 0 0 -209 191 ␊
[17:56:04:920] 53601000 5000 10000 0 10472 -10207 -19630 991 -88 90 8 1100000 1100000 1385000 1349000 1497000 1500000 1191000 1495000 1998000 997000 0 0 0 0 0 0 -208 192 ␊
[17:56:05:147] 53801000 5000 10000 0 5752 -2888 -26166 998 -25 50 1 1204000 1100000 1205000 1286000 1496000 1499000 1192000 1495000 1999000 998000 0 0 0 0 0 0 -209 191 ␊
[17:56:05:380] 54001000 5000 10000 0 8038 6689 -27537 995 58 69 -4 1315000 1100000 1207000 1222000 1497000 1499000 1192000 1496000 1998000 998000 0 0 0 0 0 0 -208 192 ␊
[17:56:05:606] 54201000 5000 10000 0 15767 13148 -27225 984 113 136 -15 1332000 1100000 1251000 1178000 1496000 1500000 1192000 1495000 1998000 998000 0 0 0 0 0 0 -208 192 ␊
[17:56:05:729] 54401000 5000 10000 0 15826 13165 -27072 983 113 136 -15 1238000 1218000 1172000 1137000 1496000 1499000 1192000 1495000 1998000 998000 0 0 0 0 0 0 -208 192 ␊
[17:56:05:959] 54601000 5000 10000 0 8788 4650 -26290 996 40 76 -3 1171000 1288000 1192000 1115000 1496000 1499000 1192000 1495000 1999000 998000 0 0 0 0 0 0 -208 192 ␊
[17:56:06:189] 54801000 5000 10000 0 6357 -6680 -24249 996 -58 55 3 1232000 1201000 1277000 1100000 1496000 1500000 1192000 1495000 1999000 998000 0 0 0 0 0 0 -208 192 ␊
[17:56:06:260] 55001000 5000 10000 0 9508 -14465 -23969 988 -125 82 10 1134000 1249000 1307000 1100000 1497000 1500000 1191000 1496000 1998000 998000 0 0 0 0 0 0 -208 192 ␊
[17:56:06:526] 55201000 5000 10000 0 6011 -17728 -23364 986 -153 51 8 1100000 1227000 1252000 1219000 1496000 1500000 1192000 1495000 1999000 998000 0 0 0 0 0 0 -208 192 ␊
[17:56:06:760] 55401000 5000 10000 0 -983 -16009 -23172 990 -139 -8 -1 1100000 1249000 1194000 1229000 1496000 1499000 1192000 1495000 1999000 998000 0 0 0 0 0 0 -208 192 ␊
[17:56:06:986] 55601000 5000 10000 0 -3937 -9708 -22235 995 -84 -34 -2 1239000 1182000 1145000 1200000 1496000 1499000 1192000 1495000 1999000 997000 0 0 0 0 0 0 -208 192 ␊
[17:56:07:060] 55801000 5000 10000 0 1308 -2416 -22030 999 -21 11 0 1209000 1157000 1140000 1256000 1496000 1499000 1192000 1495000 1998000 998000 0 0 0 0 0 0 -208 192 ␊
[17:56:07:337] 56001000 5000 10000 0 -26 2867 -22724 999 25 0 0 1216000 1236000 1152000 1157000 1497000 1499000 1192000 1496000 1998000 998000 0 0 0 0 0 0 -209 191 ␊
[17:56:07:567] 56201000 5000 10000 0 -781 4462 -22147 999 38 -6 0 1176000 1122000 1194000 1270000 1496000 1500000 1192000 1495000 1999000 998000 0 0 0 0 0 0 -209 191 ␊
[17:56:07:797] 56401000 5000 10000 0 2479 7920 -26789 997 69 21 -1 1150000 1100000 1300000 1326000 1496000 1500000 1191000 1495000 1998000 997000 0 0 0 0 0 0 -209 191 ␊
[17:56:07:895] 56601000 5000 10000 0 4419 7590 -30314 997 66 38 -2 1164000 1210000 1195000 1196000 1496000 1500000 1191000 1495000 1999000 998000 0 0 0 0 0 0 -208 192 ␊
[17:56:08:134] 56801000 5000 10000 0 -1686 2792 -30530 999 24 -14 0 1202000 1198000 1141000 1221000 1496000 1500000 1192000 1495000 1999000 997000 0 0 0 0 0 0 -209 191 ␊
[17:56:08:368] 57001000 5000 10000 0 -2095 3721 -29247 999 32 -18 0 1200000 1216000 1124000 1226000 1497000 1499000 1192000 1496000 1999000 997000 0 0 0 0 0 0 -208 192 ␊
[17:56:08:594] 57201000 5000 10000 0 -7061 8181 -29166 995 71 -61 4 1177000 1209000 1100000 1332000 1496000 1499000 1192000 1495000 1999000 997000 0 0 0 0 0 0 -208 192 ␊
[17:56:08:692] 57401000 5000 10000 0 -9125 10016 -29309 993 87 -79 6 1223000 1207000 1177000 1159000 1496000 1499000 1192000 1495000 1998000 998000 0 0 0 0 0 0 -208 192 ␊
[17:56:08:947] 57601000 5000 10000 0 -872 1792 -26020 999 15 -7 0 1199000 1252000 1137000 1178000 1496000 1499000 1192000 1495000 1998000 998000 0 0 0 0 0 0 -208 192 ␊
[17:56:09:177] 57801000 5000 10000 0 -347 640 -26634 999 5 -3 0 1195000 1177000 1245000 1148000 1496000 1500000 1192000 1495000 1998000 997000 0 0 0 0 0 0 -208 192 ␊
[17:56:09:407] 58001000 5000 10000 0 2244 -2995 -26493 999 -26 19 0 1197000 1263000 1185000 1120000 1497000 1499000 1191000 1496000 1999000 997000 0 0 0 0 0 0 -208 192 ␊
[17:56:09:518] 58201000 5000 10000 0 2695 268 -27284 999 2 23 0 1204000 1100000 1195000 1379000 1496000 1500000 1192000 1495000 1999000 998000 0 0 0 0 0 0 -208 192 ␊
[17:56:09:744] 58401000 5000 10000 0 5440 3393 -28381 998 29 47 -1 1199000 1119000 1312000 1137000 1496000 1500000 1191000 1495000 1998000 998000 0 0 0 0 0 0 -208 192 ␊
[17:56:09:978] 58601000 5000 10000 0 8593 -5746 -26592 995 -49 74 3 1204000 1305000 1258000 1100000 1497000 1500000 1191000 1495000 1998000 998000 0 0 0 0 0 0 -209 191 ␊
[17:56:10:204] 58801000 5000 10000 0 7767 -2763 -27805 997 -24 67 1 1183000 1100000 1240000 1363000 1496000 1499000 1192000 1495000 1999000 998000 0 0 0 0 0 0 -208 192 ␊
[17:56:10:336] 59001000 5000 10000 0 6964 -18 -29043 998 0 60 0 1202000 1349000 1207000 1100000 1496000 1499000 1192000 1495000 1998000 998000 0 0 0 0 0 0 -208 192 ␊
[17:56:10:557] 59201000 5000 10000 0 6486 1853 -29297 998 16 56 0 1188000 1100000 1252000 1451000 1496000 1499000 1192000 1495000 1999000 998000 0 0 0 0 0 0 -208 192 ␊
[17:56:10:787] 59401000 5000 10000 0 7766 -1409 -29699 997 -12 67 0 1283000 1456000 1124000 1100000 1496000 1499000 1192000 1495000 1999000 997000 0 0 0 0 0 0 -208 192 ␊
[17:56:11:017] 59601000 5000 10000 0 7601 -128 -29966 997 -1 66 0 1100000 1100000 1386000 1482000 1497000 1499000 1192000 1496000 1999000 997000 0 0 0 0 0 0 -208 192 ␊
[17:56:11:124] 59801000 5000 10000 0 6978 -2623 -28386 997 -22 60 1 1378000 1451000 1100000 1100000 1496000 1500000 1192000 1495000 1999000 997000 0 0 0 0 0 0 -209 191 ␊
[17:56:11:358] 60001000 5000 10000 0 8707 478 -31540 997 4 75 0 1100000 1100000 1400000 1270000 1496000 1500000 1191000 1495000 1998000 998000 0 0 0 0 0 0 -209 191 ␊
[17:56:11:584] 60201000 5000 10000 0 9373 -5384 -27770 995 -46 81 3 1160000 1100000 1339000 1341000 1497000 1500000 1191000 1496000 1998000 998000 0 0 0 0 0 0 -208 192 ␊
[17:56:11:818] 60401000 5000 10000 0 7676 -6305 -29520 996 -54 66 3 1475000 1605000 1100000 1100000 1496000 1500000 1192000 1495000 1998000 998000 0 0 0 0 0 0 -209 191 ␊
[17:56:11:937] 60601000 5000 10000 0 7849 -6591 -33961 996 -57 68 3 1108000 1162000 1224000 1273000 1496000 1500000 1191000 1495000 1998000 997000 0 0 0 0 0 0 -209 191 ␊
[17:56:12:167] 60801000 5000 10000 0 8638 -7274 -28364 995 -63 75 4 1100000 1100000 1409000 1366000 1496000 1500000 1191000 1495000 1998000 998000 0 0 0 0 0 0 -208 192 ␊
[17:56:12:397] 61001000 5000 10000 0 7541 -7771 -29006 995 -67 65 4 1255000 1214000 1141000 1155000 1496000 1499000 1192000 1495000 1999000 998000 0 0 0 0 0 0 -208 192 ␊
[17:56:12:490] 61201000 5000 10000 0 5584 -6775 -31820 997 -59 48 2 1387000 1336000 1167000 1100000 1496000 1499000 1192000 1495000 1999000 997000 0 0 0 0 0 0 -208 192 ␊
[17:56:12:734] 61401000 5000 10000 0 7372 -3138 -34833 997 -27 64 1 1100000 1320000 1286000 1100000 1496000 1499000 1192000 1495000 1999000 997000 0 0 0 0 0 0 -209 191 ␊
[17:56:12:968] 61601000 5000 10000 0 7180 -4958 -31036 997 -43 62 2 1134000 1100000 1254000 1428000 1496000 1500000 1192000 1495000 1999000 998000 0 0 0 0 0 0 -208 192 ␊
[17:56:13:194] 61801000 5000 10000 0 6958 -8751 -30327 995 -76 60 4 1303000 1256000 1225000 1100000 1496000 1499000 1192000 1495000 1998000 998000 0 0 0 0 0 0 -208 192 ␊
[17:56:13:290] 62001000 5000 10000 0 6305 812 -33403 998 7 54 0 1221000 1168000 1197000 1180000 1496000 1499000 1192000 1495000 2000000 997000 0 0 0 0 0 0 -208 192 ␊
[17:56:13:547] 62201000 5000 10000 0 6274 4894 -32184 997 42 54 -2 1201000 1140000 1264000 1157000 1496000 1499000 1192000 1495000 1998000 998000 0 0 0 0 0 0 -209 191 ␊
[17:56:13:777] 62401000 5000 10000 0 9575 -2846 -29341 996 -24 83 2 1243000 1332000 1279000 1100000 1496000 1500000 1191000 1496000 1998000 998000 0 0 0 0 0 0 -209 191 ␊
[17:56:14:007] 62601000 5000 10000 0 9746 -9544 -28413 992 -82 84 7 1185000 1144000 1180000 1257000 1496000 1500000 1191000 1495000 1999000 998000 0 0 0 0 0 0 -208 192 ␊
[17:56:14:118] 62801000 5000 10000 0 6533 -3296 -29206 997 -28 56 1 1281000 1157000 1148000 1176000 1496000 1499000 1193000 1495000 1998000 998000 0 0 0 0 0 0 -209 191 ␊
[17:56:14:344] 63001000 5000 10000 0 8057 5165 -30375 996 44 70 -3 1210000 1100000 1204000 1258000 1497000 1499000 1191000 1496000 1998000 997000 0 0 0 0 0 0 -209 191 ␊
[17:56:14:578] 63201000 5000 10000 0 9275 4537 -29892 995 39 80 -3 1200000 1174000 1206000 1186000 1496000 1500000 1192000 1495000 1999000 998000 0 0 0 0 0 0 -208 192 ␊
[17:56:14:804] 63401000 5000 10000 0 5582 2974 -30593 998 25 48 -1 1178000 1185000 1186000 1213000 1496000 1500000 1192000 1495000 1999000 998000 0 0 0 0 0 0 -209 191 ␊
[17:56:14:927] 63601000 5000 10000 0 3493 2515 -30896 999 21 30 0 1217000 1176000 1167000 1206000 1497000 1500000 1191000 1496000 1998000 997000 0 0 0 0 0 0 -209 191 ␊
[17:56:15:156] 63801000 5000 10000 0 3208 3077 -31291 999 26 27 0 1250000 1172000 1161000 1184000 1496000 1500000 1192000 1495000 1999000 998000 0 0 0 0 0 0 -208 192 ␊
[17:56:15:387] 64001000 5000 10000 0 3064 2494 -30612 999 21 26 0 1145000 1158000 1226000 1237000 1496000 1500000 1192000 1495000 1998000 998000 0 0 0 0 0 0 -208 192 ␊
[17:56:15:616] 64201000 5000 10000 0 1821 1747 -31396 999 15 15 0 1223000 1170000 1171000 1202000 1497000 1500000 1191000 1496000 1998000 998000 0 0 0 0 0 0 -209 191 ␊
[17:56:15:724] 64401000 5000 10000 0 2876 383 -31036 999 3 25 0 1215000 1223000 1220000 1109000 1496000 1500000 1192000 1495000 1999000 998000 0 0 0 0 0 0 -208 192 ␊
[17:56:15:957] 64601000 5000 10000 0 4027 -290 -31052 999 -2 35 0 1247000 1100000 1147000 1310000 1496000 1500000 1192000 1495000 1999000 997000 0 0 0 0 0 0 -209 191 ␊
[17:56:16:183] 64801000 5000 10000 0 6209 -2222 -30132 998 -19 54 1 1202000 1254000 1271000 1100000 1496000 1499000 1192000 1496000 1998000 998000 0 0 0 0 0 0 -208 192 ␊
[17:56:16:417] 65001000 5000 10000 0 7896 -6276 -28419 996 -54 68 3 1224000 1186000 1232000 1125000 1496000 1499000 1192000 1495000 1999000 997000 0 0 0 0 0 0 -208 192 ␊
[17:56:16:536] 65201000 5000 10000 0 9589 -4396 -27209 995 -38 83 3 1244000 1206000 1212000 1104000 1496000 1499000 1192000 1495000 1998000 997000 0 0 0 0 0 0 -208 192 ␊
[17:56:16:766] 65401000 5000 10000 0 8600 -3618 -25415 996 -31 74 2 1296000 1236000 1150000 1100000 1496000 1499000 1192000 1495000 1998000 998000 0 0 0 0 0 0 -208 192 ␊
[17:56:16:996] 65601000 5000 10000 0 12131 -815 -20906 994 -7 105 0 1359000 1275000 1123000 1100000 1496000 1499000 1192000 1495000 1999000 998000 0 0 0 0 0 0 -208 192 ␊
[17:56:17:088] 65801000 5000 10000 0 9992 -731 -12305 996 -6 87 0 1445000 1504000 1100000 1100000 1496000 1500000 1192000 1495000 1998000 999000 0 0 0 0 0 0 -208 192 ␊
[17:56:17:333] 66001000 5000 10000 0 4587 -4651 4219 998 -40 39 1 1452000 1579000 1100000 1100000 1496000 1500000 1191000 1495000 1998000 998000 0 0 0 0 0 0 -209 191 ␊
[17:56:17:567] 66201000 5000 10000 0 1644 -3270 17557 999 -28 14 0 1430000 1474000 1100000 1100000 1496000 1499000 1192000 1495000 1998000 998000 0 0 0 0 0 0 -208 192 ␊
[17:56:17:793] 66401000 5000 10000 0 3594 5625 30121 998 49 31 -1 1604000 1223000 1100000 1100000 1496000 1500000 1192000 1495000 1999000 998000 0 0 0 0 0 0 -209 191 ␊
[17:56:17:887] 66601000 5000 10000 0 7753 7381 40975 995 64 67 -4 1340000 1581000 1100000 1100000 1496000 1500000 1191000 1495000 1999000 997000 0 0 0 0 0 0 -209 191 ␊
[17:56:18:146] 66801000 5000 10000 0 -11270 -11469 52378 990 -99 -97 -9 1100000 1588000 1100000 1220000 1497000 1499000 1191000 1496000 1998000 997000 0 0 0 0 0 0 -208 192 ␊
[17:56:18:376] 67001000 5000 10000 0 -7550 -3496 60301 997 -30 -65 -2 1575000 1166000 1100000 1100000 1496000 1500000 1192000 1495000 1999000 998000 0 0 0 0 0 0 -209 191 ␊
[17:56:18:606] 67201000 5000 10000 0 7558 4871 63879 996 42 65 -2 1306000 1132000 1299000 1100000 1496000 1500000 1191000 1495000 1998000 998000 0 0 0 0 0 0 -209 191 ␊
[17:56:18:717] 67401000 5000 10000 0 9024 -11792 64016 991 -102 78 8 1100000 1516000 1134000 1100000 1496000 1501000 1191000 1495000 1999000 998000 0 0 0 0 0 0 -208 192 ␊
[17:56:18:943] 67601000 5000 10000 0 -19887 -4201 65332 984 -36 -172 -6 1100000 1278000 1100000 1474000 1496000 1499000 1192000 1495000 1998000 998000 0 0 0 0 0 0 -208 192 ␊
[17:56:19:177] 67801000 5000 10000 0 -7849 -21147 72220 980 -183 -67 -12 1340000 1479000 1269000 1100000 1496000 1500000 1192000 1495000 1999000 998000 0 0 0 0 0 0 -208 192 ␊
[17:56:19:403] 68001000 5000 10000 0 -3042 -565 71336 999 -4 -26 0 1175000 1100000 1100000 1800000 1496000 1500000 1191000 1495000 1998000 998000 0 0 0 0 0 0 -208 192 ␊
[17:56:19:526] 68201000 5000 10000 0 12116 9417 65342 991 81 105 -8 1129000 1133000 1720000 1100000 1496000 1499000 1192000 1495000 1999000 998000 0 0 0 0 0 0 -208 192 ␊
[17:56:19:765] 68401000 5000 10000 0 31 1430 67713 999 12 0 0 1100000 1157000 1100000 1754000 1496000 1499000 1192000 1495000 1998000 998000 0 0 0 0 0 0 -208 192 ␊
[17:56:19:986] 68601000 5000 10000 0 -3010 -10432 70947 995 -90 -26 -2 1253000 1541000 1433000 1100000 1497000 1499000 1192000 1495000 1999000 997000 0 0 0 0 0 0 -208 192 ␊
[17:56:20:216] 68801000 5000 10000 0 -22577 -4847 67860 979 -41 -195 -8 1100000 1100000 1100000 1649000 1496000 1499000 1192000 1495000 1998000 998000 0 0 0 0 0 0 -208 192 ␊
[17:56:20:323] 69001000 5000 10000 0 -2539 -12667 74388 993 -110 -22 -2 1100000 1281000 1251000 1164000 1497000 1499000 1192000 1496000 1998000 998000 0 0 0 0 0 0 -208 192 ␊
[17:56:20:557] 69201000 5000 10000 0 -23048 -114 69325 979 0 -199 0 1289000 1376000 1100000 1100000 1496000 1500000 1192000 1495000 1998000 998000 0 0 0 0 0 0 -209 191 ␊
[17:56:20:783] 69401000 5000 10000 0 -9369 4970 73611 995 43 -81 3 1100000 1100000 1229000 1705000 1496000 1499000 1191000 1495000 1998000 997000 0 0 0 0 0 0 -208 192 ␊
[17:56:21:017] 69601000 5000 10000 0 3611 13745 66155 992 119 31 -3 1281000 1268000 1510000 1100000 1496000 1501000 1191000 1495000 1999000 998000 0 0 0 0 0 0 -209 191 ␊
[17:56:21:136] 69801000 5000 10000 0 1450 11805 65443 994 102 12 -1 1100000 1100000 1100000 1800000 1496000 1499000 1192000 1495000 1999000 997000 0 0 0 0 0 0 -208 192 ␊
[17:56:21:366] 70001000 5000 10000 0 4821 7234 70895 997 63 41 -2 1470000 1613000 1100000 1100000 1496000 1499000 1192000 1495000 1999000 998000 0 0 0 0 0 0 -209 191 ␊
[17:56:21:596] 70201000 5000 10000 0 -12101 19571 65111 979 169 -103 17 1100000 1100000 1213000 1642000 1496000 1499000 1192000 1495000 1998000 998000 0 0 0 0 0 0 -208 192 ␊
[17:56:21:686] 70401000 5000 10000 0 9721 -2987 71928 996 -25 84 2 1154000 1349000 1470000 1100000 1497000 1499000 1192000 1495000 1998000 998000 0 0 0 0 0 0 -209 191 ␊
[17:56:21:933] 70601000 5000 10000 0 -18713 -8961 69235 983 -77 -162 -12 1100000 1217000 1100000 1800000 1496000 1500000 1192000 1495000 1998000 998000 0 0 0 0 0 0 -209 191 ␊
[17:56:22:167] 70801000 5000 10000 0 -23359 -4538 68790 978 -38 -202 -8 1562000 1247000 1131000 1100000 1496000 1500000 1191000 1496000 1999000 997000 0 0 0 0 0 0 -209 191 ␊
[17:56:22:393] 71001000 5000 10000 0 -1444 -6553 72263 998 -57 -12 0 1333000 1417000 1100000 1100000 1496000 1500000 1192000 1495000 1999000 998000 0 0 0 0 0 0 -208 192 ␊
[17:56:22:486] 71201000 5000 10000 0 -2528 1309 70289 999 11 -22 0 1100000 1100000 1256000 1583000 1496000 1500000 1191000 1495000 1999000 997000 0 0 0 0 0 0 -209 191 ␊
[17:56:22:746] 71401000 5000 10000 0 3149 3875 68598 999 33 27 0 1338000 1440000 1138000 1100000 1496000 1499000 1192000 1495000 1998000 998000 0 0 0 0 0 0 -208 192 ␊
[17:56:22:975] 71601000 5000 10000 0 5489 -293 68548 998 -2 47 0 1421000 1310000 1137000 1100000 1496000 1499000 1193000 1495000 1998000 998000 0 0 0 0 0 0 -208 192 ␊
[17:56:23:205] 71801000 5000 10000 0 3847 2074 65649 999 18 33 0 1401000 1313000 1100000 1100000 1497000 1499000 1192000 1496000 1998000 998000 0 0 0 0 0 0 -208 192 ␊
[17:56:23:316] 72001000 5000 10000 0 4393 1704 63357 999 14 38 0 1577000 1505000 1100000 1100000 1496000 1500000 1192000 1495000 1999000 998000 0 0 0 0 0 0 -208 192 ␊
[17:56:23:543] 72201000 5000 10000 0 4948 1421 65110 998 12 43 0 1687000 1624000 1100000 1100000 1496000 1500000 1191000 1495000 1998000 998000 0 0 0 0 0 0 -208 192 ␊
[17:56:23:776] 72401000 5000 10000 0 5144 3421 60586 998 29 44 -1 1532000 1378000 1100000 1100000 1496000 1499000 1191000 1495000 1999000 998000 0 0 0 0 0 0 -208 192 ␊
[17:56:24:002] 72601000 5000 10000 0 5771 3862 61059 998 33 50 -1 1195000 1173000 1246000 1152000 1496000 1499000 1192000 1495000 1999000 997000 0 0 0 0 0 0 -208 192 ␊
[17:56:24:124] 72801000 5000 10000 0 5263 1916 61158 998 16 45 0 1203000 1148000 1284000 1131000 1497000 1499000 1192000 1496000 1999000 997000 0 0 0 0 0 0 -208 192 ␊
[17:56:24:355] 73001000 5000 10000 0 5208 1594 60773 998 13 45 0 1214000 1185000 1263000 1105000 1496000 1499000 1192000 1495000 1999000 997000 0 0 0 0 0 0 -208 192 ␊
[17:56:24:585] 73201000 5000 10000 0 4663 3469 59099 998 30 40 -1 1311000 1263000 1161000 1100000 1496000 1499000 1192000 1495000 1998000 998000 0 0 0 0 0 0 -208 192 ␊
[17:56:24:815] 73401000 5000 10000 0 1350 5746 54204 998 50 11 0 1492000 1431000 1100000 1100000 1496000 1499000 1192000 1495000 1999000 998000 0 0 0 0 0 0 -209 191 ␊
[17:56:24:922] 73601000 5000 10000 0 4130 245 58228 999 2 36 0 1100000 1106000 1329000 1310000 1496000 1500000 1191000 1495000 1998000 1000000 0 0 0 0 0 0 -208 192 ␊
[17:56:25:156] 73801000 5000 10000 0 864 -1664 53939 999 -14 7 0 1100000 1100000 1549000 1262000 1497000 1499000 1191000 1496000 1999000 997000 0 0 0 0 0 0 -209 191 ␊
[17:56:25:382] 74001000 5000 10000 0 -8129 8135 49290 994 70 -70 5 1281000 1160000 1100000 1392000 1496000 1499000 1192000 1495000 1998000 999000 0 0 0 0 0 0 -208 192 ␊
[17:56:25:466] 74201000 5000 10000 0 1136 4255 60235 999 37 9 0 1287000 1363000 1224000 1100000 1496000 1499000 1192000 1495000 1998000 998000 0 0 0 0 0 0 -209 191 ␊
[17:56:25:737] 74401000 5000 10000 0 -3936 -4620 50853 998 -40 -34 -1 1132000 1289000 1214000 1131000 1496000 1499000 1192000 1495000 1999000 997000 0 0 0 0 0 0 -208 192 ␊
[17:56:25:967] 74601000 5000 10000 0 -6483 -3781 58502 997 -32 -56 -1 1100000 1100000 1100000 1630000 1496000 1499000 1192000 1495000 1998000 997000 0 0 0 0 0 0 -208 192 ␊
[17:56:26:197] 74801000 5000 10000 0 2752 2432 55786 999 21 24 0 1327000 1130000 1361000 1100000 1497000 1499000 1192000 1496000 1998000 998000 0 0 0 0 0 0 -208 192 ␊
[17:56:26:290] 75001000 5000 10000 0 1792 10032 52855 996 87 15 -1 1100000 1100000 1423000 1452000 1496000 1500000 1192000 1495000 1998000 998000 0 0 0 0 0 0 -208 192 ␊
[17:56:26:534] 75201000 5000 10000 0 6592 3987 58647 997 34 57 -2 1398000 1376000 1100000 1124000 1496000 1499000 1191000 1495000 1998000 998000 0 0 0 0 0 0 -209 191 ␊
[17:56:26:768] 75401000 5000 10000 0 8721 1752 51530 996 15 76 -1 1351000 1284000 1287000 1100000 1497000 1499000 1191000 1495000 1998000 998000 0 0 0 0 0 0 -208 192 ␊
[17:56:26:994] 75601000 5000 10000 0 3731 6655 55466 997 58 32 -1 1100000 1100000 1437000 1527000 1496000 1500000 1192000 1495000 1999000 998000 0 0 0 0 0 0 -208 192 ␊
[17:56:27:090] 75801000 5000 10000 0 13377 2388 58809 992 20 116 -2 1537000 1398000 1100000 1100000 1496000 1500000 1191000 1495000 1998000 997000 0 0 0 0 0 0 -208 192 ␊
[17:56:27:347] 76001000 5000 10000 0 10391 9714 52935 992 84 90 -7 1277000 1100000 1380000 1100000 1496000 1500000 1191000 1495000 1998000 998000 0 0 0 0 0 0 -208 192 ␊
[17:56:27:577] 76201000 5000 10000 0 4340 12447 61340 993 108 37 -4 1185000 1171000 1100000 1406000 1496000 1499000 1192000 1495000 1999000 998000 0 0 0 0 0 0 -208 192 ␊
[17:56:27:807] 76401000 5000 10000 0 3383 834 60543 999 7 29 0 1116000 1400000 1358000 1100000 1496000 1500000 1191000 1496000 1998000 998000 0 0 0 0 0 0 -208 192 ␊
[17:56:27:917] 76601000 5000 10000 0 1266 -23911 63229 978 -207 10 2 1100000 1381000 1329000 1108000 1496000 1500000 1192000 1495000 1999000 998000 0 0 0 0 0 0 -208 192 ␊
[17:56:28:143] 76801000 5000 10000 0 -14243 -19529 61932 977 -168 -122 -21 1100000 1100000 1190000 1614000 1496000 1499000 1193000 1495000 1998000 997000 0 0 0 0 0 0 -207 193 ␊
[17:56:28:378] 77001000 5000 10000 0 -15469 6740 58013 989 58 -134 7 1420000 1100000 1100000 1327000 1497000 1499000 1192000 1496000 1998000 998000 0 0 0 0 0 0 -209 191 ␊
[17:56:28:603] 77201000 5000 10000 0 1666 21251 66010 982 184 14 -2 1428000 1100000 1361000 1100000 1496000 1500000 1192000 1495000 1998000 998000 0 0 0 0 0 0 -208 192 ␊
[17:56:28:727] 77401000 5000 10000 0 14886 2018 69454 991 17 129 -2 1100000 1301000 1387000 1100000 1496000 1500000 1191000 1495000 1998000 998000 0 0 0 0 0 0 -209 191 ␊
[17:56:28:956] 77601000 5000 10000 0 2793 -9734 70165 996 -84 24 2 1100000 1282000 1100000 1507000 1497000 1499000 1192000 1496000 1998000 998000 0 0 0 0 0 0 -209 191 ␊
[17:56:29:186] 77801000 5000 10000 0 -12468 7430 69069 991 64 -108 7 1229000 1100000 1171000 1321000 1496000 1500000 1192000 1495000 1999000 998000 0 0 0 0 0 0 -209 191 ␊
[17:56:29:417] 78001000 5000 10000 0 13359 -4178 69526 992 -36 116 4 1239000 1183000 1387000 1100000 1496000 1500000 1191000 1495000 1998000 998000 0 0 0 0 0 0 -209 191 ␊
[17:56:29:523] 78201000 5000 10000 0 -2029 11168 70232 995 97 -17 1 1237000 1157000 1100000 1635000 1497000 1500000 1191000 1495000 1998000 998000 0 0 0 0 0 0 -208 192 ␊
[17:56:29:757] 78401000 5000 10000 0 6111 11659 70501 993 101 53 -5 1170000 1100000 1718000 1100000 1496000 1500000 1191000 1495000 1999000 998000 0 0 0 0 0 0 -209 191 ␊
[17:56:29:983] 78601000 5000 10000 0 7245 -5610 70364 996 -48 63 3 1100000 1209000 1100000 1582000 1496000 1499000 1192000 1495000 1998000 998000 0 0 0 0 0 0 -208 192 ␊
[17:56:30:071] 78801000 5000 10000 0 -13955 10823 63299 988 93 -120 11 1146000 1118000 1229000 1272000 1497000 1499000 1192000 1495000 1998000 998000 0 0 0 0 0 0 -208 192 ␊
[17:56:30:338] 79001000 5000 10000 0 8983 -7519 67100 994 -65 78 5 1222000 1252000 1479000 1100000 1496000 1499000 1192000 1495000 1998000 998000 0 0 0 0 0 0 -208 192 ␊
[17:56:30:568] 79201000 5000 10000 0 1740 -6215 67525 998 -54 15 0 1131000 1100000 1100000 1709000 1496000 1499000 1191000 1495000 1998000 998000 0 0 0 0 0 0 -209 191 ␊
[17:56:30:798] 79401000 5000 10000 0 -4176 13985 63933 991 121 -36 4 1283000 1100000 1506000 1100000 1497000 1500000 1191000 1495000 1998000 998000 0 0 0 0 0 0 -208 192 ␊
[17:56:30:896] 79601000 5000 10000 0 11826 -3191 67014 994 -27 102 2 1187000 1236000 1100000 1256000 1496000 1499000 1192000 1495000 1998000 998000 0 0 0 0 0 0 -208 192 ␊
[17:56:31:135] 79801000 5000 10000 0 -7635 15870 63373 988 137 -65 9 1210000 1100000 1264000 1254000 1496000 1499000 1192000 1495000 1999000 997000 0 0 0 0 0 0 -208 192 ␊
[17:56:31:369] 80001000 5000 10000 0 10880 3547 67547 995 30 94 -2 1372000 1277000 1100000 1267000 1497000 1499000 1192000 1495000 1998000 998000 0 0 0 0 0 0 -208 192 ␊
[17:56:31:595] 80201000 5000 10000 0 7416 4933 59961 996 42 64 -2 1380000 1292000 1133000 1100000 1496000 1499000 1192000 1495000 1999000 998000 0 0 0 0 0 0 -208 192 ␊
[17:56:31:694] 80401000 5000 10000 0 2163 11409 62744 994 99 18 -1 1100000 1100000 1596000 1741000 1496000 1499000 1192000 1495000 1998000 1000000 0 0 0 0 0 0 -208 192 ␊
[17:56:31:948] 80601000 5000 10000 0 7886 2419 58474 997 21 68 -1 1597000 1721000 1100000 1100000 1497000 1499000 1192000 1495000 1998000 998000 0 0 0 0 0 0 -208 192 ␊
[17:56:32:177] 80801000 5000 10000 0 1211 885 49667 999 7 10 0 1100000 1100000 1321000 1283000 1496000 1500000 1192000 1495000 1999000 998000 0 0 0 0 0 0 -209 191 ␊
[17:56:32:407] 81001000 5000 10000 0 2138 6492 55450 998 56 18 -1 1100000 1100000 1530000 1448000 1496000 1500000 1191000 1495000 1998000 998000 0 0 0 0 0 0 -209 191 ␊
[17:56:32:519] 81201000 5000 10000 0 11081 1001 56306 995 8 96 0 1567000 1592000 1100000 1100000 1497000 1499000 1192000 1496000 1998000 997000 0 0 0 0 0 0 -209 191 ␊
[17:56:32:744] 81401000 5000 10000 0 -843 10300 54056 995 89 -7 0 1100000 1100000 1280000 1615000 1496000 1500000 1192000 1495000 1999000 998000 0 0 0 0 0 0 -209 191 ␊
[17:56:32:978] 81601000 5000 10000 0 13410 956 53617 993 8 116 0 1318000 1329000 1323000 1100000 1496000 1500000 1192000 1495000 1998000 998000 0 0 0 0 0 0 -208 192 ␊
[17:56:33:204] 81801000 5000 10000 0 3751 6933 59439 997 60 32 -1 1100000 1100000 1138000 1698000 1496000 1500000 1191000 1496000 1999000 997000 0 0 0 0 0 0 -208 192 ␊
[17:56:33:327] 82001000 5000 10000 0 13216 9119 53763 990 78 114 -9 1518000 1235000 1308000 1100000 1496000 1499000 1191000 1495000 1999000 998000 0 0 0 0 0 0 -208 192 ␊
[17:56:33:557] 82201000 5000 10000 0 10089 16543 62551 985 143 87 -12 1302000 1100000 1100000 1513000 1496000 1500000 1192000 1495000 1998000 999000 0 0 0 0 0 0 -208 192 ␊
[17:56:33:787] 82401000 5000 10000 0 18890 11135 54728 981 95 163 -15 1152000 1114000 1607000 1100000 1496000 1500000 1191000 1495000 1999000 999000 0 0 0 0 0 0 -208 192 ␊
[17:56:34:017] 82601000 5000 10000 0 3055 269 59689 999 2 26 0 1100000 1305000 1100000 1440000 1497000 1500000 1191000 1495000 1998000 998000 0 0 0 0 0 0 -209 191 ␊
[17:56:34:124] 82801000 5000 10000 0 -6961 12729 55491 992 110 -60 6 1330000 1100000 1247000 1193000 1496000 1499000 1192000 1495000 1998000 997000 0 0 0 0 0 0 -208 192 ␊
[17:56:34:358] 83001000 5000 10000 0 16703 6837 61812 987 59 144 -8 1270000 1100000 1618000 1100000 1496000 1500000 1191000 1495000 1998000 998000 0 0 0 0 0 0 -209 191 ␊
[17:56:34:584] 83201000 5000 10000 0 17440 -6503 60841 986 -56 151 8 1184000 1323000 1100000 1376000 1497000 1499000 1192000 1496000 1998000 999000 0 0 0 0 0 0 -208 192 ␊
[17:56:34:672] 83401000 5000 10000 0 -8694 14866 58897 988 128 -75 9 1169000 1100000 1177000 1380000 1496000 1500000 1192000 1495000 1999000 1000000 0 0 0 0 0 0 -208 192 ␊
[17:56:34:938] 83601000 5000 10000 0 12683 -1103 62932 993 -9 110 1 1260000 1187000 1551000 1100000 1496000 1499000 1192000 1495000 1998000 999000 0 0 0 0 0 0 -208 192 ␊
[17:56:35:168] 83801000 5000 10000 0 2277 -479 63816 999 -4 19 0 1139000 1203000 1100000 1714000 1496000 1499000 1192000 1495000 1998000 998000 0 0 0 0 0 0 -208 192 ␊
[17:56:35:398] 84001000 5000 10000 0 -11006 12437 59381 989 107 -95 10 1230000 1217000 1428000 1100000 1496000 1499000 1192000 1495000 1998000 998000 0 0 0 0 0 0 -208 192 ␊
[17:56:35:498] 84201000 5000 10000 0 9805 -8921 61798 993 -77 85 6 1174000 1157000 1195000 1240000 1496000 1499000 1192000 1495000 1998000 998000 0 0 0 0 0 0 -208 192 ␊
[17:56:35:735] 84401000 5000 10000 0 -12796 16089 57893 983 139 -110 15 1100000 1100000 1179000 1505000 1496000 1499000 1192000 1495000 1998000 1000000 0 0 0 0 0 0 -208 192 ␊
[17:56:35:969] 84601000 5000 10000 0 9379 -1480 58488 996 -12 81 1 1213000 1148000 1330000 1100000 1497000 1499000 1192000 1496000 1998000 997000 0 0 0 0 0 0 -208 192 ␊
[17:56:36:195] 84801000 5000 10000 0 -5065 8652 56255 996 75 -44 3 1100000 1244000 1100000 1429000 1496000 1499000 1192000 1495000 1999000 999000 0 0 0 0 0 0 -208 192 ␊
[17:56:36:295] 85001000 5000 10000 0 -5663 -8136 57431 996 -70 -49 -3 1100000 1473000 1196000 1100000 1496000 1500000 1192000 1495000 1998000 998000 0 0 0 0 0 0 -208 192 ␊
[17:56:36:548] 85201000 5000 10000 0 -18539 -8493 57316 984 -73 -160 -11 1100000 1100000 1206000 1518000 1496000 1500000 1191000 1495000 1998000 998000 0 0 0 0 0 0 -209 191 ␊
[17:56:36:778] 85401000 5000 10000 0 -7985 7071 54431 995 61 -69 4 1474000 1100000 1185000 1100000 1497000 1500000 1191000 1496000 1998000 998000 0 0 0 0 0 0 -209 191 ␊
[17:56:37:008] 85601000 5000 10000 0 874 -2405 58074 999 -20 7 0 1100000 1463000 1332000 1100000 1496000 1500000 1192000 1495000 1999000 998000 0 0 0 0 0 0 -209 191 ␊
[17:56:37:119] 85801000 5000 10000 0 -9159 -3804 58746 996 -33 -79 -2 1141000 1100000 1177000 1521000 1496000 1500000 1192000 1495000 1999000 997000 0 0 0 0 0 0 -208 192 ␊
[17:56:37:345] 86001000 5000 10000 0 3441 1105 58136 999 9 30 0 1338000 1349000 1294000 1100000 1496000 1499000 1192000 1495000 1998000 997000 0 0 0 0 0 0 -208 192 ␊
[17:56:37:579] 86201000 5000 10000 0 -4035 -3810 62576 998 -33 -35 -1 1100000 1108000 1100000 1533000 1497000 1499000 1192000 1495000 1998000 998000 0 0 0 0 0 0 -208 192 ␊
[17:56:37:805] 86401000 5000 10000 0 4647 -2100 61170 999 -18 40 0 1318000 1232000 1377000 1100000 1496000 1500000 1192000 1495000 1998000 998000 0 0 0 0 0 0 -208 192 ␊
[17:56:37:928] 86601000 5000 10000 0 3083 -3154 62368 999 -27 26 0 1131000 1188000 1100000 1521000 1496000 1500000 1192000 1495000 1998000 998000 0 0 0 0 0 0 -208 192 ␊
[17:56:38:158] 86801000 5000 10000 0 7584 -2867 61373 997 -24 66 1 1266000 1208000 1516000 1100000 1496000 1500000 1191000 1495000 1998000 998000 0 0 0 0 0 0 -208 192 ␊
[17:56:38:388] 87001000 5000 10000 0 3058 -2536 63005 999 -22 26 0 1100000 1114000 1100000 1593000 1496000 1499000 1192000 1495000 1998000 998000 0 0 0 0 0 0 -208 192 ␊
[17:56:38:618] 87201000 5000 10000 0 8691 -6584 61434 995 -57 75 4 1318000 1201000 1381000 1100000 1496000 1500000 1192000 1495000 1998000 997000 0 0 0 0 0 0 -207 193 ␊
[17:56:38:724] 87401000 5000 10000 0 2042 4409 60420 999 38 17 0 1170000 1100000 1313000 1242000 1497000 1499000 1192000 1495000 1998000 997000 0 0 0 0 0 0 -208 192 ␊
[17:56:38:958] 87601000 5000 10000 0 9999 -630 60336 996 -5 87 0 1287000 1238000 1100000 1366000 1496000 1499000 1192000 1495000 1999000 998000 0 0 0 0 0 0 -208 192 ␊
[17:56:39:184] 87801000 5000 10000 0 1438 10867 56444 995 94 12 -1 1169000 1100000 1470000 1114000 1496000 1499000 1192000 1496000 1998000 997000 0 0 0 0 0 0 -208 192 ␊
[17:56:39:273] 88001000 5000 10000 0 13591 990 61075 992 8 118 -1 1299000 1270000 1165000 1100000 1496000 1500000 1192000 1495000 1999000 998000 0 0 0 0 0 0 -208 192 ␊
[17:56:39:538] 88201000 5000 10000 0 696 7288 61513 997 63 6 0 1195000 1169000 1100000 1445000 1496000 1499000 1191000 1495000 1998000 998000 0 0 0 0 0 0 -209 191 ␊
[17:56:39:768] 88401000 5000 10000 0 517 3251 60917 999 28 4 0 1167000 1278000 1381000 1100000 1496000 1500000 1191000 1495000 2000000 997000 0 0 0 0 0 0 -208 192 ␊
[17:56:39:998] 88601000 5000 10000 0 -5055 -4431 62686 998 -38 -44 -1 1100000 1162000 1100000 1479000 1496000 1499000 1193000 1495000 1998000 998000 0 0 0 0 0 0 -209 191 ␊
[17:56:40:098] 88801000 5000 10000 0 -7719 10419 56467 993 90 -67 6 1356000 1100000 1204000 1277000 1497000 1499000 1192000 1495000 1998000 998000 0 0 0 0 0 0 -208 192 ␊
[17:56:40:335] 89001000 5000 10000 0 11260 14596 62947 987 126 97 -12 1310000 1123000 1340000 1100000 1496000 1499000 1192000 1495000 1999000 998000 0 0 0 0 0 0 -208 192 ␊
[17:56:40:569] 89201000 5000 10000 0 8673 -2163 62104 996 -18 75 1 1100000 1331000 1167000 1259000 1496000 1499000 1192000 1496000 1998000 998000 0 0 0 0 0 0 -208 192 ␊
[17:56:40:795] 89401000 5000 10000 0 -9922 2337 59295 996 20 -86 1 1199000 1100000 1170000 1312000 1496000 1500000 1192000 1495000 1998000 998000 0 0 0 0 0 0 -208 192 ␊
[17:56:40:896] 89601000 5000 10000 0 10007 3346 63578 995 29 87 -2 1483000 1100000 1363000 1100000 1496000 1500000 1191000 1495000 1998000 998000 0 0 0 0 0 0 -209 191 ␊
[17:56:41:148] 89801000 5000 10000 0 9352 9922 64754 992 86 81 -7 1330000 1208000 1100000 1469000 1496000 1499000 1192000 1495000 1998000 998000 0 0 0 0 0 0 -208 192 ␊
[17:56:41:378] 90001000 5000 10000 0 14220 4031 65312 991 34 123 -4 1142000 1156000 1581000 1100000 1496000 1500000 1192000 1495000 1998000 998000 0 0 0 0 0 0 -208 192 ␊
[17:56:41:608] 90201000 5000 10000 0 2932 4402 65318 998 38 25 0 1100000 1155000 1100000 1483000 1497000 1500000 1191000 1496000 1998000 998000 0 0 0 0 0 0 -208 192 ␊
[17:56:41:719] 90401000 5000 10000 0 7821 -2604 64102 997 -22 68 1 1335000 1208000 1100000 1176000 1496000 1500000 1192000 1495000 1999000 997000 0 0 0 0 0 0 -208 192 ␊
[17:56:41:945] 90601000 5000 10000 0 6713 6557 62139 996 57 58 -3 1192000 1100000 1480000 1101000 1496000 1499000 1192000 1495000 1999000 998000 0 0 0 0 0 0 -208 192 ␊
[17:56:42:179] 90801000 5000 10000 0 2520 9648 63694 996 84 21 -1 1164000 1185000 1100000 1411000 1496000 1499000 1192000 1495000 1999000 998000 0 0 0 0 0 0 -208 192 ␊
[17:56:42:405] 91001000 5000 10000 0 11432 134 62422 995 1 99 0 1340000 1273000 1164000 1100000 1496000 1499000 1192000 1495000 1998000 998000 0 0 0 0 0 0 -208 192 ␊
[17:56:42:528] 91201000 5000 10000 0 1785 8841 61247 996 77 15 -1 1100000 1100000 1439000 1306000 1497000 1499000 1192000 1496000 1998000 998000 0 0 0 0 0 0 -208 192 ␊
[17:56:42:758] 91401000 5000 10000 0 6539 4116 63850 997 35 57 -2 1368000 1296000 1100000 1324000 1496000 1500000 1192000 1495000 1998000 997000 0 0 0 0 0 0 -208 192 ␊
[17:56:42:988] 91601000 5000 10000 0 5524 9522 56244 995 82 48 -4 1124000 1100000 1551000 1119000 1496000 1500000 1191000 1495000 1998000 998000 0 0 0 0 0 0 -209 191 ␊
[17:56:43:228] 1192000 1495000 1998000 997000 0 0 0 0 0 0 -208 192 ␊
[17:56:43:325] 92001000 5000 10000 0 -7604 -2080 61773 997 -18 -66 -1 1100000 1420000 1164000 1151000 1496000 1499000 1192000 1495000 1999000 998000 0 0 0 0 0 0 -208 192 ␊
[17:56:43:559] 92201000 5000 10000 0 -15230 -12718 64981 985 -109 -131 -14 1100000 1290000 1145000 1296000 1497000 1499000 1192000 1496000 1998000 998000 0 0 0 0 0 0 -208 192 ␊
[17:56:43:785] 92401000 5000 10000 0 -12977 -8686 63526 990 -75 -112 -8 1229000 1159000 1197000 1177000 1496000 1500000 1192000 1495000 1999000 997000 0 0 0 0 0 0 -208 192 ␊
[17:56:43:875] 92601000 5000 10000 0 -6540 -1754 61729 998 -15 -57 0 1185000 1146000 1197000 1234000 1496000 1499000 1192000 1495000 1998000 997000 0 0 0 0 0 0 -209 191 ␊
[17:56:44:139] 92801000 5000 10000 0 -4406 -522 61078 999 -4 -38 0 1173000 1209000 1191000 1194000 1496000 1499000 1192000 1495000 1998000 998000 0 0 0 0 0 0 -208 192 ␊
[17:56:44:369] 93001000 5000 10000 0 -3941 321 60551 999 2 -34 0 1186000 1180000 1180000 1216000 1496000 1499000 1192000 1495000 1998000 998000 0 0 0 0 0 0 -208 192 ␊
[17:56:44:586] 93279000 5000 148000 1000 -3065 1063 60297 999 9 -26 0 1198000 1179000 1181000 1207000 1496000 1499000 1192000 1496000 1998000 999000 0 0 0 0 0 0 -208 192 ␊
[17:56:44:700] 93401000 5000 10000 0 -2454 2114 59905 999 18 -21 0 1187000 1181000 1183000 1219000 1496000 1501000 1191000 1495000 1999000 998000 0 0 0 0 0 0 -207 193 ␊
[17:56:44:936] 93601000 5000 10000 0 -1906 2622 59640 999 22 -16 0 1205000 1179000 1175000 1207000 1496000 1500000 1191000 1495000 1998000 998000 0 0 0 0 0 0 -209 191 ␊
[17:56:45:170] 93801000 5000 10000 0 -641 3686 59517 999 32 -5 0 1220000 1157000 1181000 1209000 1497000 1500000 1191000 1496000 1999000 997000 0 0 0 0 0 0 -208 192 ␊
[17:56:45:396] 94001000 5000 10000 0 290 4995 59365 999 43 2 0 1216000 1160000 1176000 1210000 1496000 1500000 1192000 1495000 1998000 997000 0 0 0 0 0 0 -209 191 ␊
[17:56:45:504] 94201000 5000 10000 0 795 5519 59262 998 48 6 0 1220000 1162000 1175000 1209000 1496000 1499000 1192000 1495000 1999000 998000 0 0 0 0 0 0 -208 192 ␊
[17:56:45:749] 94401000 5000 10000 0 1508 6547 59209 998 57 13 0 1233000 1142000 1179000 1208000 1496000 1499000 1192000 1495000 1998000 997000 0 0 0 0 0 0 -209 191 ␊
[17:56:45:979] 94601000 5000 10000 0 2481 7256 59192 997 63 21 -1 1230000 1149000 1175000 1209000 1496000 1500000 1192000 1495000 1999000 997000 0 0 0 0 0 0 -209 191 ␊
[17:56:46:209] 94801000 5000 10000 0 2471 7367 59065 997 64 21 -1 1221000 1160000 1177000 1208000 1496000 1500000 1191000 1495000 1998000 998000 0 0 0 0 0 0 -209 191 ␊
[17:56:46:320] 95001000 5000 10000 0 2304 7351 58959 997 64 20 -1 1227000 1156000 1176000 1208000 1496000 1499000 1192000 1495000 1999000 998000 0 0 0 0 0 0 -208 192 ␊
[17:56:46:546] 95201000 5000 10000 0 2684 7335 58896 997 63 23 -1 1226000 1153000 1177000 1206000 1496000 1500000 1192000 1495000 1998000 998000 0 0 0 0 0 0 -209 191 ␊
[17:56:46:779] 95401000 5000 10000 0 2962 7586 58785 997 66 25 -1 1228000 1153000 1178000 1207000 1497000 1500000 1191000 1496000 1998000 998000 0 0 0 0 0 0 -209 191 ␊
[17:56:47:005] 95601000 5000 10000 0 2972 7716 58756 997 67 25 -1 1231000 1156000 1169000 1210000 1496000 1500000 1191000 1495000 1999000 998000 0 0 0 0 0 0 -208 192 ␊
[17:56:47:129] 95801000 5000 10000 0 2801 7441 58557 997 64 24 -1 1229000 1157000 1172000 1207000 1496000 1499000 1192000 1495000 1998000 999000 0 0 0 0 0 0 -208 192 ␊
[17:56:47:359] 96001000 5000 10000 0 2847 7233 58492 997 63 24 -1 1233000 1155000 1175000 1204000 1497000 1499000 1192000 1496000 1998000 998000 0 0 0 0 0 0 -208 192 ␊
[17:56:47:589] 96201000 5000 10000 0 3161 7589 58467 997 66 27 -1 1229000 1158000 1169000 1209000 1496000 1500000 1192000 1495000 1999000 998000 0 0 0 0 0 0 -208 192 ␊
[17:56:47:818] 96401000 5000 10000 0 3042 7815 58451 997 68 26 -1 1231000 1155000 1173000 1206000 1496000 1499000 1192000 1495000 1999000 998000 0 0 0 0 0 0 -208 192 ␊
[17:56:47:925] 96601000 5000 10000 0 3058 8108 58434 997 70 26 -1 1231000 1149000 1172000 1215000 1497000 1499000 1192000 1495000 1998000 998000 0 0 0 0 0 0 -208 192 ␊
[17:56:48:159] 96801000 5000 10000 0 2958 7985 58292 997 69 25 -1 1229000 1154000 1172000 1206000 1496000 1500000 1192000 1495000 1998000 997000 0 0 0 0 0 0 -209 191 ␊
[17:56:48:385] 97001000 5000 10000 0 2426 7137 58279 997 62 21 -1 1221000 1167000 1172000 1206000 1496000 1499000 1191000 1495000 1998000 998000 0 0 0 0 0 0 -208 192 ␊
[17:56:48:478] 97201000 5000 10000 0 1849 6666 58204 998 58 16 0 1219000 1165000 1173000 1205000 1497000 1499000 1192000 1495000 1998000 998000 0 0 0 0 0 0 -208 192 ␊
[17:56:48:739] 97401000 5000 10000 0 1723 6629 58090 998 57 15 0 1225000 1164000 1173000 1204000 1496000 1500000 1192000 1495000 1998000 997000 0 0 0 0 0 0 -208 192 ␊
[17:56:48:969] 97601000 5000 10000 0 1729 6692 57956 998 58 15 0 1221000 1160000 1174000 1210000 1496000 1499000 1192000 1495000 1998000 998000 0 0 0 0 0 0 -208 192 ␊
[17:56:49:199] 97801000 5000 10000 0 1560 6691 57938 998 58 13 0 1223000 1167000 1169000 1207000 1496000 1499000 1192000 1495000 2000000 996000 0 0 0 0 0 0 -208 192 ␊
[17:56:49:301] 98001000 5000 10000 0 1552 6758 57854 998 58 13 0 1224000 1167000 1171000 1204000 1496000 1499000 1192000 1495000 2004000 993000 0 0 0 0 0 0 -208 192 ␊
[17:56:49:536] 98201000 5000 10000 0 1625 6746 57904 998 58 14 0 1221000 1161000 1173000 1211000 1496000 1499000 1192000 1495000 1998000 998000 0 0 0 0 0 0 -208 192 ␊
[17:56:49:770] 98401000 5000 10000 0 1070 7100 57840 998 61 9 0 1226000 1167000 1165000 1208000 1496000 1499000 1192000 1495000 1999000 997000 0 0 0 0 0 0 -208 192 ␊
[17:56:49:996] 98601000 5000 10000 0 1286 6968 57898 998 60 11 0 1226000 1166000 1169000 1205000 1496000 1500000 1192000 1495000 1998000 997000 0 0 0 0 0 0 -208 192 ␊
[17:56:50:104] 98801000 5000 10000 0 1277 6670 57876 998 58 11 0 1224000 1166000 1167000 1210000 1496000 1500000 1191000 1495000 1998000 998000 0 0 0 0 0 0 -208 192 ␊
[17:56:50:349] 99001000 5000 10000 0 1440 6968 57876 998 60 12 0 1223000 1158000 1171000 1209000 1497000 1499000 1192000 1495000 1998000 997000 0 0 0 0 0 0 -208 192 ␊
[17:56:50:579] 99201000 5000 10000 0 1582 6855 57957 998 59 13 0 1217000 1159000 1178000 1212000 1496000 1500000 1192000 1495000 2002000 994000 0 0 0 0 0 0 -208 192 ␊
[17:56:50:809] 99401000 5000 10000 0 1497 6844 57935 998 59 13 0 1228000 1168000 1166000 1204000 1496000 1500000 1191000 1495000 2005000 990000 0 0 0 0 0 0 -208 192 ␊
[17:56:50:919] 99601000 5000 10000 0 1379 6817 57925 998 59 12 0 1224000 1165000 1170000 1207000 1497000 1500000 1191000 1495000 2000000 996000 0 0 0 0 0 0 -209 191 ␊
[17:56:51:146] 99801000 5000 10000 0 1439 6728 57882 998 58 12 0 1221000 1161000 1176000 1208000 1496000 1500000 1192000 1495000 2001000 996000 0 0 0 0 0 0 -208 192 ␊
[17:56:51:379] 100001000 5000 10000 0 1143 6831 57835 998 59 9 0 1219000 1164000 1171000 1208000 1496000 1500000 1191000 1495000 2003000 993000 0 0 0 0 0 0 -209 191 ␊
[17:56:51:605] 100201000 5000 10000 0 704 6613 57684 998 57 6 0 1213000 1167000 1169000 1217000 1497000 1499000 1192000 1496000 1998000 997000 0 0 0 0 0 0 -208 192 ␊
[17:56:51:737] 100400000 5000 8000 0 393 5997 57621 998 52 3 0 1211000 1181000 1169000 1206000 1496000 1500000 1191000 1495000 1999000 999000 0 0 0 0 0 0 -208 192 ␊
[17:56:51:958] 100601000 5000 10000 0 453 5264 57617 998 45 3 0 1211000 1169000 1173000 1212000 1496000 1500000 1191000 1495000 2002000 994000 0 0 0 0 0 0 -208 192 ␊
[17:56:52:188] 100801000 5000 10000 0 -415 5702 57079 998 49 -3 0 1181000 1158000 1181000 1246000 1497000 1500000 1191000 1496000 2006000 990000 0 0 0 0 0 0 -209 191 ␊
[17:56:52:418] 101001000 5000 10000 0 -1557 5526 55013 998 48 -13 0 1141000 1139000 1199000 1286000 1496000 1500000 1191000 1495000 1998000 999000 0 0 0 0 0 0 -208 192 ␊
[17:56:52:526] 101201000 5000 10000 0 -2414 6426 51710 998 56 -21 1 1131000 1100000 1219000 1312000 1496000 1500000 1192000 1495000 1998000 998000 0 0 0 0 0 0 -209 191 ␊
[17:56:52:759] 101401000 5000 10000 0 -1725 6627 47018 998 57 -15 0 1104000 1100000 1252000 1321000 1496000 1500000 1191000 1495000 1998000 998000 0 0 0 0 0 0 -209 191 ␊
[17:56:52:985] 101601000 5000 10000 0 -2301 5650 42061 998 49 -20 0 1100000 1100000 1276000 1306000 1496000 1499000 1192000 1495000 1997000 999000 0 0 0 0 0 0 -208 192 ␊
[17:56:53:220] 101801000 5000 10000 0 -1404 5085 38524 998 44 -12 0 1176000 1122000 1195000 1269000 1496000 1501000 1191000 1495000 1998000 998000 0 0 0 0 0 0 -209 191 ␊
[17:56:53:339] 102001000 5000 10000 0 -1051 4718 35500 999 41 -9 0 1100000 1176000 1241000 1271000 1496000 1499000 1191000 1495000 1998000 998000 0 0 0 0 0 0 -209 191 ␊
[17:56:53:569] 102201000 5000 10000 0 -4083 2971 33781 999 25 -35 0 1151000 1186000 1169000 1260000 1497000 1499000 1192000 1495000 1997000 998000 0 0 0 0 0 0 -208 192 ␊
[17:56:53:798] 102401000 5000 10000 0 -3567 2330 31125 999 20 -31 0 1139000 1161000 1223000 1243000 1496000 1500000 1192000 1495000 1998000 999000 0 0 0 0 0 0 -208 192 ␊
[17:56:53:899] 102601000 5000 10000 0 -3546 2396 30610 999 20 -30 0 1193000 1197000 1167000 1208000 1496000 1499000 1192000 1495000 1998000 998000 0 0 0 0 0 0 -208 192 ␊
[17:56:54:136] 102801000 5000 10000 0 -3152 1886 30482 999 16 -27 0 1173000 1192000 1202000 1195000 1497000 1499000 1192000 1496000 1998000 998000 0 0 0 0 0 0 -209 191 ␊
[17:56:54:369] 103001000 5000 10000 0 -3073 1247 29395 999 10 -26 0 1197000 1197000 1158000 1213000 1496000 1499000 1192000 1495000 1998000 999000 0 0 0 0 0 0 -208 192 ␊
[17:56:54:596] 103201000 5000 10000 0 -3141 1382 29704 999 12 -27 0 1203000 1168000 1191000 1200000 1496000 1499000 1192000 1495000 1998000 998000 0 0 0 0 0 0 -208 192 ␊
[17:56:54:698] 103401000 5000 10000 0 -3777 2667 29138 999 23 -32 0 1145000 1195000 1206000 1216000 1496000 1499000 1191000 1495000 1998000 998000 0 0 0 0 0 0 -209 191 ␊
[17:56:54:948] 103601000 5000 10000 0 -6570 115 24876 998 1 -57 0 1100000 1133000 1282000 1333000 1497000 1499000 1192000 1495000 1997000 998000 0 0 0 0 0 0 -209 191 ␊
[17:56:55:179] 103801000 5000 10000 0 -5529 -1950 23265 998 -17 -48 0 1212000 1233000 1156000 1161000 1496000 1500000 1192000 1495000 1998000 998000 0 0 0 0 0 0 -208 192 ␊
[17:56:55:408] 104001000 5000 10000 0 -4447 -1386 22075 999 -12 -38 0 1100000 1146000 1262000 1274000 1496000 1499000 1192000 1495000 1998000 999000 0 0 0 0 0 0 -209 191 ␊
[17:56:55:519] 104201000 5000 10000 0 -6379 -2820 15730 998 -24 -55 -1 1100000 1124000 1315000 1340000 1496000 1499000 1192000 1496000 1998000 998000 0 0 0 0 0 0 -208 192 ␊
[17:56:55:746] 104401000 5000 10000 0 -9712 -3685 8818 995 -32 -84 -2 1100000 1104000 1308000 1376000 1496000 1499000 1192000 1495000 1997000 999000 0 0 0 0 0 0 -208 192 ␊
[17:56:55:979] 104601000 5000 10000 0 -11669 -479 2619 994 -4 -101 0 1100000 1100000 1246000 1365000 1496000 1500000 1192000 1495000 1998000 998000 0 0 0 0 0 0 -208 192 ␊
[17:56:56:206] 104801000 5000 10000 0 -7457 2304 -3756 997 20 -65 1 1100000 1100000 1312000 1360000 1496000 1499000 1191000 1495000 1998000 998000 0 0 0 0 0 0 -208 192 ␊
[17:56:56:329] 105001000 5000 10000 0 -5302 3915 -11163 998 34 -46 1 1100000 1100000 1318000 1364000 1497000 1499000 1191000 1496000 1998000 998000 0 0 0 0 0 0 -209 191 ␊
[17:56:56:558] 105201000 5000 10000 0 -4172 4933 -19876 998 43 -36 1 1100000 1100000 1324000 1383000 1496000 1500000 1192000 1495000 1998000 999000 0 0 0 0 0 0 -208 192 ␊
[17:56:56:788] 105401000 5000 10000 0 -3184 4768 -25566 998 41 -27 1 1132000 1116000 1225000 1290000 1496000 1500000 1192000 1495000 1998000 998000 0 0 0 0 0 0 -209 191 ␊
[17:56:57:019] 105601000 5000 10000 0 -3001 6260 -28223 998 54 -26 1 1174000 1179000 1175000 1238000 1496000 1500000 1191000 1495000 1998000 998000 0 0 0 0 0 0 -209 191 ␊
[17:56:57:125] 105801000 5000 10000 0 -2620 5646 -31118 998 49 -22 1 1104000 1100000 1258000 1343000 1497000 1499000 1192000 1495000 1997000 998000 0 0 0 0 0 0 -208 192 ␊
[17:56:57:359] 106001000 5000 10000 0 -1355 4925 -30813 999 42 -11 0 1181000 1153000 1209000 1224000 1496000 1500000 1192000 1495000 1998000 999000 0 0 0 0 0 0 -208 192 ␊
[17:56:57:585] 106201000 5000 10000 0 -3177 4959 -28571 998 43 -27 1 1330000 1290000 1100000 1100000 1496000 1500000 1192000 1495000 1998000 999000 0 0 0 0 0 0 -208 192 ␊
[17:56:57:819] 106401000 5000 10000 0 -1859 2185 -25907 999 19 -16 0 1229000 1223000 1177000 1137000 1496000 1500000 1191000 1495000 1998000 998000 0 0 0 0 0 0 -208 192 ␊
[17:56:57:938] 106601000 5000 10000 0 -800 1618 -25387 999 14 -6 0 1223000 1201000 1166000 1175000 1496000 1500000 1191000 1495000 1997000 998000 0 0 0 0 0 0 -208 192 ␊
[17:56:58:168] 106801000 5000 10000 0 230 1125 -25332 999 9 2 0 1195000 1176000 1210000 1186000 1496000 1500000 1191000 1495000 1998000 999000 0 0 0 0 0 0 -209 191 ␊
[17:56:58:398] 107001000 5000 10000 0 310 1138 -25320 999 9 2 0 1199000 1186000 1193000 1189000 1496000 1499000 1191000 1495000 1998000 998000 0 0 0 0 0 0 -208 192 ␊
[17:56:58:499] 107201000 5000 10000 0 352 901 -25377 999 7 3 0 1195000 1187000 1192000 1192000 1497000 1500000 1191000 1496000 1998000 998000 0 0 0 0 0 0 -208 192 ␊
[17:56:58:735] 107401000 5000 10000 0 87 933 -25395 999 8 0 0 1203000 1193000 1177000 1197000 1496000 1499000 1191000 1495000 1998000 999000 0 0 0 0 0 0 -209 191 ␊
[17:56:58:969] 107601000 5000 10000 0 256 752 -25327 999 6 2 0 1200000 1185000 1192000 1189000 1496000 1500000 1192000 1495000 1998000 999000 0 0 0 0 0 0 -208 192 ␊
[17:56:59:195] 107801000 5000 10000 0 199 759 -25363 999 6 1 0 1194000 1191000 1182000 1194000 1496000 1500000 1191000 1495000 1998000 999000 0 0 0 0 0 0 -209 191 ␊
[17:56:59:298] 108001000 5000 10000 0 278 727 -25394 999 6 2 0 1202000 1188000 1189000 1187000 1497000 1500000 1191000 1496000 1998000 998000 0 0 0 0 0 0 -209 191 ␊
[17:56:59:548] 108201000 5000 10000 0 123 897 -25353 999 7 1 0 1199000 1188000 1183000 1196000 1496000 1500000 1191000 1495000 1998000 999000 0 0 0 0 0 0 -208 192 ␊
[17:56:59:778] 108401000 5000 10000 0 -47 958 -25353 999 8 0 0 1197000 1191000 1184000 1190000 1496000 1500000 1192000 1495000 1998000 999000 0 0 0 0 0 0 -209 191 ␊
[17:57:00:017] 108601000 5000 10000 0 30 762 -25379 999 6 0 0 1195000 1185000 1191000 1195000 1496000 1499000 1191000 1495000 1998000 999000 0 0 0 0 0 0 -209 191 ␊
[17:57:00:119] 108801000 5000 10000 0 10 804 -25350 999 7 0 0 1203000 1194000 1176000 1193000 1497000 1499000 1192000 1496000 1998000 999000 0 0 0 0 0 0 -208 192 ␊
[17:57:00:345] 109001000 5000 10000 0 510 121 -25043 999 1 4 0 1184000 1181000 1143000 1262000 1496000 1499000 1192000 1495000 1998000 999000 0 0 0 0 0 0 -207 193 ␊
[17:57:00:579] 109201000 5000 10000 0 -478 1123 -25214 999 9 -4 0 1216000 1202000 1143000 1205000 1496000 1499000 1192000 1495000 1998000 998000 0 0 0 0 0 0 -208 192 ␊
[17:57:00:805] 109401000 5000 10000 0 767 -251 -25019 999 -2 6 0 1192000 1209000 1237000 1125000 1497000 1499000 1192000 1495000 1997000 998000 0 0 0 0 0 0 -209 191 ␊
[17:57:00:937] 109601000 5000 10000 0 -22 623 -25142 999 5 0 0 1189000 1199000 1100000 1291000 1496000 1499000 1192000 1495000 1998000 998000 0 0 0 0 0 0 -208 192 ␊
[17:57:01:158] 109801000 5000 10000 0 -531 1154 -24860 999 10 -4 0 1237000 1209000 1191000 1125000 1497000 1499000 1192000 1496000 1998000 998000 0 0 0 0 0 0 -208 192 ␊
[17:57:01:388] 110001000 5000 10000 0 470 586 -24933 999 5 4 0 1175000 1151000 1211000 1229000 1496000 1500000 1192000 1495000 1998000 999000 0 0 0 0 0 0 -208 192 ␊
[17:57:01:627] 110201000 5000 10000 0 52 961 -25056 999 8 0 0 1219000 1206000 1170000 1167000 1496000 1500000 1191000 1495000 1998000 999000 0 0 0 0 0 0 -209 191 ␊
[17:57:01:725] 110401000 5000 10000 0 252 735 -24936 999 6 2 0 1188000 1172000 1191000 1216000 1496000 1499000 1192000 1495000 1998000 999000 0 0 0 0 0 0 -208 192 ␊
[17:57:01:959] 110601000 5000 10000 0 89 697 -24978 999 6 0 0 1203000 1199000 1196000 1168000 1496000 1499000 1193000 1495000 1998000 998000 0 0 0 0 0 0 -208 192 ␊
[17:57:02:185] 110801000 5000 10000 0 -540 1283 -24975 999 11 -4 0 1232000 1194000 1180000 1160000 1497000 1499000 1192000 1496000 1998000 998000 0 0 0 0 0 0 -208 192 ␊
[17:57:02:419] 111001000 5000 10000 0 511 391 -24842 999 3 4 0 1176000 1178000 1219000 1189000 1496000 1499000 1192000 1495000 1998000 999000 0 0 0 0 0 0 -208 192 ␊
[17:57:02:538] 111201000 5000 10000 0 -125 807 -25113 999 7 -1 0 1204000 1196000 1156000 1207000 1496000 1499000 1192000 1495000 1998000 998000 0 0 0 0 0 0 -209 191 ␊
[17:57:02:768] 111401000 5000 10000 0 352 410 -24829 999 3 3 0 1203000 1209000 1185000 1170000 1496000 1499000 1192000 1495000 1998000 999000 0 0 0 0 0 0 -208 192 ␊
[17:57:02:998] 111601000 5000 10000 0 -26 641 -25019 999 5 0 0 1195000 1184000 1185000 1198000 1496000 1500000 1191000 1495000 1998000 999000 0 0 0 0 0 0 -209 191 ␊
[17:57:03:098] 111801000 5000 10000 0 291 235 -24906 999 2 2 0 1201000 1198000 1199000 1168000 1497000 1499000 1192000 1496000 1997000 998000 0 0 0 0 0 0 -208 192 ␊
[17:57:03:335] 112001000 5000 10000 0 -668 1440 -24556 999 12 -5 0 1226000 1178000 1289000 1100000 1496000 1500000 1192000 1495000 1998000 999000 0 0 0 0 0 0 -209 191 ␊
[17:57:03:569] 112201000 5000 10000 0 460 221 -24830 999 1 4 0 1174000 1180000 1175000 1237000 1496000 1499000 1192000 1495000 1998000 998000 0 0 0 0 0 0 -208 192 ␊
[17:57:03:795] 112401000 5000 10000 0 -423 1213 -24565 999 10 -3 0 1202000 1199000 1172000 1189000 1496000 1499000 1192000 1495000 1998000 999000 0 0 0 0 0 0 -209 191 ␊
[17:57:03:896] 112601000 5000 8000 0 227 537 -24704 999 4 1 0 1190000 1187000 1190000 1195000 1498000 1499000 1191000 1495000 1998000 998000 0 0 0 0 0 0 -209 191 ␊
[17:57:04:156] 112801000 5000 10000 0 715 36 -24715 999 0 6 0 1203000 1195000 1177000 1186000 1497000 1499000 1192000 1496000 1997000 998000 0 0 0 0 0 0 -208 192 ␊
[17:57:04:378] 113001000 5000 10000 0 250 -152 -24552 999 -1 2 0 1180000 1174000 1100000 1405000 1496000 1500000 1192000 1495000 1998000 998000 0 0 0 0 0 0 -208 192 ␊
[17:57:04:608] 113201000 5000 10000 0 -352 912 -24438 999 7 -3 0 1243000 1187000 1264000 1100000 1496000 1500000 1191000 1495000 1998000 998000 0 0 0 0 0 0 -209 191 ␊
[17:57:04:719] 113401000 5000 10000 0 626 61 -24822 999 0 5 0 1196000 1189000 1166000 1215000 1496000 1499000 1191000 1495000 1998000 999000 0 0 0 0 0 0 -209 191 ␊
[17:57:04:945] 113601000 5000 10000 0 -218 1031 -24611 999 9 -1 0 1177000 1185000 1203000 1201000 1496000 1500000 1192000 1495000 1998000 999000 0 0 0 0 0 0 -208 192 ␊
[17:57:05:179] 113801000 5000 10000 0 226 536 -24665 999 4 1 0 1196000 1200000 1174000 1195000 1497000 1500000 1191000 1496000 1998000 999000 0 0 0 0 0 0 -208 192 ␊
[17:57:05:405] 114001000 5000 10000 0 308 498 -24732 999 4 2 0 1201000 1197000 1192000 1176000 1496000 1500000 1192000 1495000 1998000 998000 0 0 0 0 0 0 -208 192 ␊
[17:57:05:528] 114201000 5000 10000 0 1407 -1220 -24154 999 -10 12 0 1196000 1185000 1219000 1166000 1496000 1499000 1192000 1495000 1998000 999000 0 0 0 0 0 0 -208 192 ␊
[17:57:05:758] 114401000 5000 10000 0 -178 713 -24394 999 6 -1 0 1213000 1172000 1100000 1371000 1497000 1499000 1192000 1495000 1997000 998000 0 0 0 0 0 0 -209 191 ␊
[17:57:05:988] 114601000 5000 10000 0 179 745 -24139 999 6 1 0 1180000 1182000 1317000 1100000 1496000 1499000 1192000 1495000 1998000 998000 0 0 0 0 0 0 -208 192 ␊
[17:57:06:218] 114801000 5000 10000 0 444 242 -24490 999 2 3 0 1245000 1200000 1109000 1209000 1496000 1499000 1192000 1495000 1998000 998000 0 0 0 0 0 0 -209 191 ␊
[17:57:06:325] 115001000 5000 10000 0 -186 1176 -24338 999 10 -1 0 1191000 1175000 1227000 1173000 1496000 1499000 1192000 1495000 1998000 999000 0 0 0 0 0 0 -208 192 ␊
[17:57:06:558] 115201000 5000 10000 0 26 736 -24391 999 6 0 0 1202000 1193000 1181000 1186000 1496000 1499000 1193000 1495000 1998000 999000 0 0 0 0 0 0 -207 193 ␊
[17:57:06:784] 115401000 5000 10000 0 22 759 -24357 999 6 0 0 1192000 1189000 1199000 1185000 1497000 1499000 1192000 1496000 1998000 999000 0 0 0 0 0 0 -208 192 ␊
[17:57:07:018] 115601000 5000 10000 0 1218 -342 -24575 999 -2 10 0 1197000 1189000 1191000 1185000 1496000 1500000 1191000 1495000 1998000 999000 0 0 0 0 0 0 -209 191 ␊
[17:57:07:138] 115801000 5000 10000 0 -525 1451 -24199 999 12 -4 0 1219000 1207000 1128000 1212000 1496000 1500000 1191000 1495000 1998000 998000 0 0 0 0 0 0 -209 191 ␊
[17:57:07:367] 116001000 5000 10000 0 711 -12 -24415 999 0 6 0 1196000 1195000 1239000 1136000 1497000 1499000 1192000 1495000 1997000 998000 0 0 0 0 0 0 -208 192 ␊
[17:57:07:597] 116201000 5000 10000 0 -74 773 -24271 999 6 0 0 1211000 1190000 1136000 1229000 1496000 1499000 1192000 1495000 1998000 998000 0 0 0 0 0 0 -208 192 ␊
[17:57:07:697] 116401000 5000 10000 0 167 423 -24360 999 3 1 0 1187000 1182000 1235000 1162000 1496000 1499000 1192000 1495000 1998000 999000 0 0 0 0 0 0 -208 192 ␊
[17:57:07:934] 116601000 5000 10000 0 -43 775 -24226 999 6 0 0 1206000 1196000 1171000 1193000 1496000 1499000 1192000 1495000 1998000 999000 0 0 0 0 0 0 -208 192 ␊
[17:57:08:168] 116801000 5000 10000 0 280 471 -24313 999 4 2 0 1203000 1196000 1164000 1202000 1496000 1499000 1192000 1495000 1998000 999000 0 0 0 0 0 0 -208 192 ␊
[17:57:08:395] 117001000 5000 10000 0 979 -337 -24299 999 -2 8 0 1182000 1192000 1255000 1133000 1497000 1499000 1192000 1496000 1998000 998000 0 0 0 0 0 0 -208 192 ␊
[17:57:08:494] 117201000 5000 10000 0 1258 -561 -24358 999 -4 10 0 1182000 1151000 1271000 1162000 1496000 1500000 1192000 1495000 1998000 998000 0 0 0 0 0 0 -208 192 ␊
[17:57:08:747] 117401000 5000 10000 0 -588 1195 -24231 999 10 -5 0 1238000 1201000 1105000 1217000 1496000 1500000 1191000 1495000 1997000 998000 0 0 0 0 0 0 -209 191 ␊
[17:57:08:977] 117601000 5000 10000 0 344 166 -24373 999 1 3 0 1171000 1169000 1277000 1149000 1497000 1500000 1191000 1496000 1998000 998000 0 0 0 0 0 0 -209 191 ␊
[17:57:09:207] 117801000 5000 10000 0 -242 857 -24223 999 7 -2 0 1204000 1187000 1132000 1243000 1496000 1500000 1191000 1496000 1997000 999000 0 0 0 0 0 0 -208 192 ␊
[17:57:09:318] 118001000 5000 10000 0 164 381 -24286 999 3 1 0 1178000 1183000 1234000 1166000 1496000 1500000 1191000 1495000 1997000 998000 0 0 0 0 0 0 -209 191 ␊
[17:57:09:544] 118201000 5000 10000 0 78 653 -24163 999 5 0 0 1201000 1195000 1173000 1196000 1497000 1499000 1192000 1496000 1997000 998000 0 0 0 0 0 0 -208 192 ␊
[17:57:09:778] 118401000 5000 10000 0 250 347 -24267 999 3 2 0 1201000 1183000 1100000 1403000 1496000 1499000 1192000 1496000 1997000 998000 0 0 0 0 0 0 -208 192 ␊
[17:57:10:004] 118601000 5000 10000 0 -151 1350 -24049 999 11 -1 0 1231000 1192000 1285000 1100000 1496000 1499000 1192000 1495000 1997000 999000 0 0 0 0 0 0 -209 191 ␊
[17:57:10:136] 118801000 5000 10000 0 696 396 -24454 999 3 6 0 1214000 1193000 1136000 1223000 1497000 1499000 1192000 1496000 1997000 998000 0 0 0 0 0 0 -208 192 ␊
[17:57:10:357] 119001000 5000 10000 0 -272 1420 -24240 999 12 -2 0 1179000 1192000 1193000 1198000 1496000 1502000 1190000 1496000 1997000 998000 0 0 0 0 0 0 -209 191 ␊
[17:57:10:587] 119201000 5000 10000 0 327 712 -24355 999 6 2 0 1186000 1186000 1173000 1205000 1496000 1505000 1186000 1495000 1997000 998000 0 0 0 0 0 0 -212 188 ␊
[17:57:10:826] 119401000 5000 10000 0 69 999 -24271 999 8 0 0 1177000 1170000 1212000 1183000 1496000 1498000 1192000 1496000 1997000 999000 0 0 0 0 0 0 -208 192 ␊
[17:57:10:924] 119601000 5000 10000 0 867 64 -24496 999 0 7 0 1225000 1219000 1144000 1182000 1496000 1499000 1193000 1496000 1997000 998000 0 0 0 0 0 0 -207 193 ␊
[17:57:11:158] 119801000 5000 10000 0 -571 1582 -24156 999 13 -4 0 1216000 1186000 1168000 1197000 1496000 1499000 1192000 1495000 1997000 998000 0 0 0 0 0 0 -208 192 ␊
[17:57:11:384] 120001000 5000 10000 0 488 490 -24334 999 4 4 0 1200000 1190000 1221000 1160000 1496000 1498000 1192000 1496000 1997000 999000 0 0 0 0 0 0 -208 192 ␊
[17:57:11:618] 120201000 5000 10000 0 -251 1382 -24198 999 12 -2 0 1206000 1197000 1145000 1221000 1496000 1499000 1193000 1496000 1997000 999000 0 0 0 0 0 0 -207 193 ␊
[17:57:11:745] 120401000 5000 10000 0 84 940 -24260 999 8 0 0 1195000 1193000 1200000 1179000 1496000 1499000 1192000 1495000 1997000 998000 0 0 0 0 0 0 -208 192 ␊
[17:57:11:967] 120601000 5000 10000 0 -150 1274 -24194 999 11 -1 0 1200000 1193000 1181000 1197000 1496000 1498000 1192000 1496000 1997000 999000 0 0 0 0 0 0 -208 192 ␊
[17:57:12:197] 120801000 5000 10000 0 384 721 -24354 999 6 3 0 1205000 1196000 1199000 1169000 1496000 1499000 1193000 1496000 1997000 998000 0 0 0 0 0 0 -207 193 ␊
[17:57:12:295] 121001000 5000 10000 0 -1701 2321 -24044 999 20 -14 0 1197000 1194000 1100000 1359000 1496000 1499000 1192000 1495000 1997000 998000 0 0 0 0 0 0 -208 192 ␊
[17:57:12:534] 121201000 5000 10000 0 436 483 -23851 999 4 3 0 1165000 1173000 1405000 1100000 1496000 1498000 1192000 1496000 1997000 999000 0 0 0 0 0 0 -208 192 ␊
[17:57:12:768] 121401000 5000 10000 0 240 736 -24163 999 6 2 0 1247000 1195000 1100000 1263000 1496000 1499000 1193000 1496000 1997000 999000 0 0 0 0 0 0 -208 192 ␊
[17:57:12:994] 121601000 5000 10000 0 -69 941 -24053 999 8 0 0 1166000 1166000 1287000 1147000 1496000 1499000 1192000 1496000 1997000 999000 0 0 0 0 0 0 -208 192 ␊
[17:57:13:092] 121801000 5000 10000 0 155 1002 -24066 999 8 1 0 1210000 1198000 1136000 1227000 1496000 1498000 1192000 1496000 1997000 999000 0 0 0 0 0 0 -208 192 ␊
[17:57:13:347] 122001000 5000 10000 0 878 -72 -24173 999 0 7 0 1186000 1176000 1100000 1324000 1496000 1499000 1192000 1496000 1997000 998000 0 0 0 0 0 0 -208 192 ␊
[17:57:13:577] 122201000 5000 10000 0 -858 2140 -23906 999 18 -7 0 1248000 1184000 1193000 1141000 1496000 1499000 1193000 1495000 1997000 998000 0 0 0 0 0 0 -208 192 ␊
[17:57:13:806] 122401000 5000 10000 0 286 285 -24220 999 2 2 0 1192000 1178000 1235000 1161000 1496000 1498000 1192000 1496000 1997000 998000 0 0 0 0 0 0 -208 192 ␊
[17:57:13:917] 122601000 5000 10000 0 -584 1565 -23996 999 13 -5 0 1202000 1193000 1132000 1243000 1496000 1499000 1192000 1496000 1997000 998000 0 0 0 0 0 0 -207 193 ␊
[17:57:14:144] 122801000 5000 10000 0 53 880 -24029 999 7 0 0 1188000 1193000 1194000 1191000 1496000 1499000 1192000 1496000 1997000 998000 0 0 0 0 0 0 -208 192 ␊
[17:57:14:378] 123001000 5000 10000 0 299 541 -24134 999 4 2 0 1184000 1185000 1239000 1162000 1497000 1499000 1192000 1496000 1997000 998000 0 0 0 0 0 0 -208 192 ␊
[17:57:14:604] 123201000 5000 10000 0 -1941 2429 -23789 999 21 -16 0 1208000 1252000 1108000 1202000 1496000 1499000 1193000 1496000 1997000 998000 0 0 0 0 0 0 -207 193 ␊
[17:57:14:736] 123401000 5000 10000 0 1081 304 -23889 999 2 9 0 1110000 1152000 1323000 1180000 1496000 1499000 1193000 1495000 1997000 998000 0 0 0 0 0 0 -208 192 ␊
[17:57:14:956] 123601000 5000 10000 0 -219 1542 -23889 999 13 -1 0 1234000 1225000 1100000 1251000 1497000 1499000 1192000 1496000 1998000 998000 0 0 0 0 0 0 -208 192 ␊
[17:57:15:186] 123801000 5000 10000 0 421 851 -24025 999 7 3 0 1180000 1190000 1265000 1135000 1496000 1499000 1193000 1496000 1997000 999000 0 0 0 0 0 0 -207 193 ␊
[17:57:15:417] 124001000 5000 10000 0 55 1177 -23955 999 10 0 0 1219000 1201000 1112000 1233000 1496000 1499000 1192000 1495000 1997000 999000 0 0 0 0 0 0 -208 192 ␊
[17:57:15:524] 124201000 5000 10000 0 293 981 -23980 999 8 2 0 1133000 1125000 1299000 1217000 1497000 1499000 999000 1622000 1998000 998000 0 0 0 0 0 0 -400 0 ␊
[17:57:15:757] 124401000 5000 10000 0 120 1066 -23958 999 9 1 0 1100000 1100000 1100000 1100000 1496000 1498000 998000 1495000 1997000 999000 0 0 0 0 0 0 -400 0 ␊
[17:57:15:983] 124601000 5000 10000 0 132 1009 -23986 999 8 1 0 1100000 1100000 1100000 1100000 1496000 1499000 998000 1496000 1997000 998000 0 0 0 0 0 0 -400 0 ␊
[17:57:16:217] 124801000 5000 10000 0 131 1092 -23959 999 9 1 0 1100000 1100000 1100000 1100000 1496000 1499000 998000 1496000 1997000 999000 0 0 0 0 0 0 -400 0 ␊
[17:57:16:345] 125001000 5000 10000 0 300 767 -23985 999 6 2 0 1100000 1100000 1100000 1100000 1496000 1498000 998000 1496000 1997000 998000 0 0 0 0 0 0 -400 0 ␊
[17:57:16:574] 125201000 5000 10000 0 80 879 -23953 999 7 0 0 1100000 1100000 1100000 1100000 1496000 1499000 998000 1496000 1997000 999000 0 0 0 0 0 0 -400 0 ␊
[17:57:16:805] 125401000 5000 10000 0 105 718 -23979 999 6 0 0 1100000 1100000 1100000 1100000 1496000 1499000 998000 1496000 1997000 998000 0 0 0 0 0 0 -400 0 ␊
[17:57:16:894] 125601000 5000 10000 0 -19 945 -23959 999 8 0 0 1100000 1100000 1100000 1100000 1497000 1499000 998000 1496000 1997000 998000 0 0 0 0 0 0 -400 0 ␊
[17:57:17:133] 125801000 5000 10000 0 206 725 -23955 999 6 1 0 1100000 1100000 1100000 1100000 1496000 1499000 999000 1496000 1997000 998000 0 0 0 0 0 0 -400 0 ␊
[17:57:17:367] 126001000 5000 10000 0 309 838 -23774 999 7 2 0 1100000 1100000 1100000 1100000 1496000 1499000 998000 1496000 1997000 998000 0 0 0 0 0 0 -400 0 ␊
[17:57:17:593] 126201000 5000 10000 0 166 800 -23809 999 6 1 0 1100000 1100000 1100000 1100000 1496000 1499000 998000 1495000 1998000 998000 0 0 0 0 0 0 -400 0 ␊
[17:57:17:691] 126401000 5000 10000 0 -100 1145 -23898 999 9 0 0 1100000 1100000 1100000 1100000 1496000 1498000 998000 1496000 1997000 999000 0 0 0 0 0 0 -400 0 ␊
[17:57:17:954] 126601000 5000 10000 0 104 805 -24047 999 7 0 0 1100000 1100000 1100000 1100000 1496000 1499000 999000 1496000 1997000 999000 0 0 0 0 0 0 -400 0 ␊
[17:57:18:176] 126801000 5000 10000 0 -314 1320 -24081 999 11 -2 0 1100000 1100000 1100000 1100000 1496000 1499000 999000 1495000 1997000 998000 0 0 0 0 0 0 -400 0 ␊
[17:57:18:414] 127001000 5000 10000 0 -9 1101 -24335 999 9 0 0 1100000 1100000 1100000 1100000 1497000 1499000 998000 1496000 1997000 998000 0 0 0 0 0 0 -400 0 ␊
[17:57:18:517] 127201000 5000 10000 0 -247 1339 -24495 999 11 -2 0 1100000 1100000 1100000 1100000 1496000 1499000 999000 1496000 1997000 999000 0 0 0 0 0 0 -400 0 ␊
