Hello Junta. Starting Potato Controller now
imu.begin()-IMU comm & initialize completed 
imu.dmpBegin() suceeded
IMU SETUP COMPLETED
101000 5000 10000 2000 0 -15685 -16204 -36304 980 -139 -135 -19 1100000 1110000 1100000 1100000 1497000 1499000 997000 1497000 1999000 997000 0 0 0 0 0 0 0 0 
201000 5000 10000 2000 0 -15692 -16199 -36307 980 -139 -135 -19 1100000 1109000 1100000 1100000 1497000 1499000 997000 1497000 1999000 998000 0 0 0 0 0 0 -400 0 
301000 5000 10000 2000 0 -15690 -16189 -36310 980 -139 -135 -19 1100000 1110000 1100000 1100000 1496000 1498000 997000 1497000 1998000 997000 0 0 0 0 0 0 -400 0 
401000 5000 10000 2000 0 -15698 -16199 -36306 980 -139 -135 -19 1100000 1110000 1100000 1100000 1497000 1499000 997000 1497000 1999000 997000 0 0 0 0 0 0 -400 0 
501000 5000 10000 2000 0 -15694 -16200 -36303 980 -139 -135 -19 1100000 1110000 1100000 1100000 1497000 1498000 997000 1496000 1999000 998000 0 0 0 0 0 0 -400 0 
601000 5000 10000 2000 0 -15698 -16207 -36300 980 -139 -135 -19 1100000 1109000 1100000 1100000 1496000 1498000 997000 1497000 1998000 997000 0 0 0 0 0 0 -400 0 
701000 5000 10000 2000 0 -15691 -16204 -36300 980 -139 -135 -19 1100000 1110000 1100000 1100000 1497000 1499000 997000 1497000 2000000 997000 0 0 0 0 0 0 -400 0 
801000 5000 10000 2000 0 -15699 -16208 -36298 980 -139 -135 -19 1100000 1110000 1100000 1100000 1497000 1499000 998000 1497000 1998000 997000 0 0 0 0 0 0 -400 0 
901000 5000 10000 2000 0 -15696 -16206 -36298 980 -139 -135 -19 1100000 1110000 1100000 1100000 1497000 1499000 997000 1497000 1998000 997000 0 0 0 0 0 0 -400 0 
1001000 5000 10000 2000 0 -15702 -16202 -36301 980 -139 -135 -19 1100000 1110000 1100000 1100000 1497000 1499000 997000 1497000 1999000 998000 0 0 0 0 0 0 -400 0 
1101000 5000 10000 2000 0 -15704 -16212 -36296 980 -139 -135 -19 1100000 1110000 1100000 1100000 1496000 1499000 997000 1497000 1998000 997000 0 0 0 0 0 0 -400 0 
1201000 5000 10000 2000 0 -15702 -16215 -36293 980 -139 -135 -19 1100000 1110000 1100000 1100000 1497000 1499000 997000 1497000 2000000 997000 0 0 0 0 0 0 -400 0 
1301000 5000 10000 2000 0 -15698 -16218 -36294 980 -139 -135 -19 1100000 1111000 1100000 1100000 1497000 1499000 997000 1496000 1998000 998000 0 0 0 0 0 0 -400 0 
1401000 5000 10000 2000 0 -15700 -16220 -36292 980 -139 -135 -19 1100000 1110000 1100000 1100000 1497000 1498000 997000 1497000 1998000 997000 0 0 0 0 0 0 -400 0 
1501000 5000 10000 2000 0 -15705 -16224 -36290 980 -139 -135 -19 1100000 1111000 1100000 1100000 1497000 1499000 997000 1496000 1999000 997000 0 0 0 0 0 0 -400 0 
1601000 5000 10000 2000 0 -15703 -16222 -36289 980 -139 -135 -19 1100000 1110000 1100000 1100000 1497000 1499000 998000 1496000 1998000 997000 0 0 0 0 0 0 -400 0 
1701000 5000 10000 2000 0 -15701 -16221 -36289 980 -139 -135 -19 1100000 1110000 1100000 1100000 1496000 1499000 997000 1497000 1998000 997000 0 0 0 0 0 0 -400 0 
1801000 5000 10000 2000 0 -15708 -16218 -36293 980 -139 -135 -19 1100000 1111000 1100000 1100000 1497000 1499000 997000 1496000 1999000 998000 0 0 0 0 0 0 -400 0 
1901000 5000 10000 2000 0 -15706 -16224 -36292 980 -139 -135 -19 1100000 1111000 1100000 1100000 1497000 1498000 997000 1497000 1998000 997000 0 0 0 0 0 0 -400 0 
2001000 5000 10000 2000 0 -15705 -16222 -36291 980 -139 -135 -19 1100000 1111000 1100000 1100000 1496000 1499000 997000 1497000 1999000 997000 0 0 0 0 0 0 -400 0 
2101000 5000 10000 2000 0 -15693 -16222 -36293 980 -139 -135 -19 1100000 1112000 1100000 1100000 1497000 1499000 998000 1495000 1998000 997000 0 0 0 0 0 0 -400 0 
2201000 5000 10000 2000 0 -15692 -16222 -36292 980 -139 -135 -19 1100000 1110000 1100000 1100000 1496000 1499000 997000 1497000 1998000 997000 0 0 0 0 0 0 -400 0 
2301000 5000 10000 2000 0 -15690 -16221 -36291 980 -139 -135 -19 1100000 1110000 1100000 1100000 1497000 1499000 997000 1498000 2001000 998000 0 0 0 0 0 0 -400 0 
2401000 5000 10000 2000 0 -15691 -16218 -36289 980 -139 -135 -19 1100000 1110000 1100000 1100000 1496000 1499000 998000 1497000 1998000 997000 0 0 0 0 0 0 -400 0 
2501000 5000 10000 2000 0 -15695 -16216 -36290 980 -139 -135 -19 1100000 1109000 1100000 1100000 1496000 1499000 997000 1498000 1999000 997000 0 0 0 0 0 0 -400 0 
2601000 5000 10000 2000 0 -15698 -16209 -36292 980 -139 -135 -19 1100000 1107000 1100000 1100000 1497000 1499000 997000 1502000 1998000 998000 0 0 0 0 0 0 -400 0 
2701000 5000 10000 2000 0 -15698 -16212 -36288 980 -139 -135 -19 1100000 1104000 1100000 1100000 1496000 1498000 997000 1509000 1998000 997000 0 0 0 0 0 0 -400 0 
2801000 5000 10000 2000 0 -15696 -16206 -36288 980 -139 -135 -19 1100000 1108000 1100000 1100000 1497000 1499000 997000 1500000 1999000 997000 0 0 0 0 0 0 -400 0 
2901000 5000 10000 2000 0 -15693 -16202 -36293 980 -139 -135 -19 1100000 1129000 1100000 1100000 1497000 1499000 1042000 1501000 1998000 997000 0 0 0 0 0 0 -379 21 
3001000 5000 10000 2000 0 -15696 -16172 -36318 980 -139 -135 -19 1100000 1130000 1100000 1100000 1496000 1499000 1050000 1505000 1998000 997000 0 0 0 0 0 0 -379 21 
3101000 5000 10000 2000 0 -15674 -16159 -36328 980 -139 -135 -19 1100000 1154000 1100000 1100000 1497000 1499000 1051000 1501000 1999000 998000 0 0 0 0 0 0 -350 50 
3201000 5000 10000 2000 0 -15646 -16084 -36328 980 -138 -134 -19 1100000 1155000 1100000 1100000 1496000 1498000 1051000 1500000 1998000 997000 0 0 0 0 0 0 -348 52 
3301000 5000 10000 2000 0 -15425 -15893 -36364 981 -137 -132 -18 1100000 1144000 1100000 1100000 1497000 1499000 1052000 1500000 1999000 997000 0 0 0 0 0 0 -348 52 
3401000 5000 10000 2000 0 -14632 -15067 -36588 983 -130 -126 -16 1100000 1122000 1100000 1100000 1497000 1499000 1065000 1498000 1998000 998000 0 0 0 0 0 0 -348 52 
3501000 5000 10000 2000 0 -13114 -13513 -36977 986 -116 -113 -13 1100000 1109000 1100000 1100000 1497000 1498000 1071000 1498000 1998000 997000 0 0 0 0 0 0 -330 70 
3601000 5000 10000 2000 0 -10873 -11210 -37450 990 -97 -94 -9 1100000 1100000 1100000 1100000 1497000 1499000 1071000 1497000 1999000 997000 0 0 0 0 0 0 -330 70 
3701000 5000 10000 2000 0 -7852 -8215 -37925 995 -71 -68 -4 1104000 1100000 1100000 1100000 1497000 1499000 1073000 1498000 1998000 997000 0 0 0 0 0 0 -329 71 
3801000 5000 10000 2000 0 -4230 -4782 -38285 998 -41 -36 -1 1151000 1100000 1100000 1100000 1496000 1499000 1073000 1497000 1998000 997000 0 0 0 0 0 0 -329 71 
3901000 5000 10000 2000 0 106 -670 -38517 999 -5 0 0 1196000 1100000 1100000 1100000 1497000 1499000 1073000 1497000 2001000 998000 0 0 0 0 0 0 -329 71 
4001000 5000 10000 2000 0 4729 3758 -38450 998 32 41 -1 1213000 1100000 1100000 1100000 1496000 1499000 1076000 1497000 1998000 997000 0 0 0 0 0 0 -327 73 
4101000 5000 10000 2000 0 9385 8171 -37945 994 71 81 -5 1231000 1100000 1121000 1100000 1497000 1499000 1078000 1497000 1999000 997000 0 0 0 0 0 0 -323 77 
4201000 5000 10000 2000 0 12725 11669 -37231 988 101 110 -11 1201000 1100000 1100000 1100000 1497000 1499000 1081000 1496000 1998000 997000 0 0 0 0 0 0 -323 77 
4301000 5000 10000 2000 0 13642 12582 -37091 986 108 118 -13 1150000 1100000 1100000 1100000 1496000 1499000 1084000 1497000 1998000 997000 0 0 0 0 0 0 -319 81 
4401000 5000 10000 2000 0 12201 11121 -37437 989 96 105 -10 1100000 1100000 1100000 1100000 1497000 1499000 1085000 1496000 1999000 998000 0 0 0 0 0 0 -316 84 
4501000 5000 10000 2000 0 8734 7803 -37996 994 67 75 -5 1100000 1132000 1100000 1100000 1496000 1499000 1086000 1496000 1998000 997000 0 0 0 0 0 0 -316 84 
4601000 5000 10000 2000 0 4166 3496 -38457 998 30 36 -1 1100000 1182000 1100000 1100000 1496000 1499000 1094000 1496000 1999000 997000 0 0 0 0 0 0 -314 86 
4701000 5000 10000 2000 0 -603 -964 -38614 999 -8 -5 0 1100000 1228000 1100000 1114000 1497000 1499000 1099000 1496000 1998000 998000 0 0 0 0 0 0 -303 97 
4801000 5000 10000 2000 0 -4633 -4692 -38441 998 -40 -40 -1 1100000 1199000 1100000 1103000 1496000 1499000 1099000 1497000 1998000 997000 0 0 0 0 0 0 -303 97 
4901000 5000 10000 2000 0 -6922 -7010 -38195 996 -61 -60 -3 1100000 1170000 1100000 1107000 1497000 1499000 1099000 1497000 1999000 997000 0 0 0 0 0 0 -301 99 
5001000 5000 10000 2000 0 -7368 -7516 -38097 995 -65 -64 -4 1100000 1125000 1100000 1106000 1497000 1499000 1099000 1497000 1998000 997000 0 0 0 0 0 0 -301 99 
5101000 5000 10000 2000 0 -6154 -6348 -38221 997 -55 -53 -2 1109000 1100000 1100000 1100000 1496000 1499000 1098000 1497000 1998000 997000 0 0 0 0 0 0 -301 99 
5201000 5000 10000 2000 0 -4052 -4254 -38425 998 -37 -35 -1 1144000 1100000 1100000 1100000 1497000 1499000 1098000 1497000 1999000 998000 0 0 0 0 0 0 -302 98 
5301000 5000 10000 2000 0 -1211 -1661 -38554 999 -14 -10 0 1175000 1100000 1104000 1100000 1496000 1498000 1098000 1497000 1998000 997000 0 0 0 0 0 0 -302 98 
5401000 5000 10000 2000 0 1585 880 -38552 999 7 13 0 1161000 1100000 1104000 1100000 1497000 1499000 1098000 1497000 1999000 997000 0 0 0 0 0 0 -302 98 
5501000 5000 10000 2000 0 3521 2835 -38460 999 24 30 0 1147000 1100000 1104000 1100000 1497000 1499000 1100000 1496000 1998000 997000 0 0 0 0 0 0 -302 98 
5601000 5000 10000 2000 0 4289 3569 -38410 998 31 37 -1 1123000 1100000 1108000 1100000 1497000 1498000 1100000 1497000 1998000 997000 0 0 0 0 0 0 -300 100 
5701000 5000 10000 2000 0 4031 3119 -38435 999 27 35 0 1100000 1102000 1105000 1100000 1497000 1499000 1101000 1497000 1999000 998000 0 0 0 0 0 0 -300 100 
5801000 5000 10000 2000 0 2691 1951 -38513 999 17 23 0 1100000 1134000 1100000 1100000 1496000 1499000 1102000 1497000 1998000 997000 0 0 0 0 0 0 -299 101 
5901000 5000 10000 2000 0 765 158 -38573 999 1 6 0 1100000 1155000 1100000 1111000 1497000 1499000 1105000 1497000 1999000 997000 0 0 0 0 0 0 -298 102 
6001000 5000 10000 2000 0 -1219 -1723 -38560 999 -15 -10 0 1100000 1156000 1100000 1102000 1497000 1499000 1109000 1496000 1998000 997000 0 0 0 0 0 0 -298 102 
6101000 5000 10000 2000 0 -2860 -3312 -38503 999 -28 -24 0 1100000 1160000 1103000 1111000 1496000 1498000 1115000 1497000 1998000 997000 0 0 0 0 0 0 -291 109 
6201000 5000 10000 2000 0 -3846 -4186 -38447 998 -36 -33 -1 1100000 1151000 1111000 1121000 1497000 1499000 1119000 1497000 1999000 997000 0 0 0 0 0 0 -283 117 
6301000 5000 10000 2000 0 -3827 -4290 -38435 998 -37 -33 -1 1110000 1128000 1112000 1116000 1497000 1499000 1120000 1497000 1998000 997000 0 0 0 0 0 0 -283 117 
6401000 5000 10000 2000 0 -2855 -3308 -38520 999 -28 -24 0 1142000 1110000 1110000 1116000 1497000 1499000 1121000 1497000 1999000 997000 0 0 0 0 0 0 -280 120 
6501000 5000 10000 2000 0 -1368 -1846 -38574 999 -16 -11 0 1164000 1100000 1131000 1109000 1497000 1499000 1126000 1496000 1998000 998000 0 0 0 0 0 0 -276 124 
6601000 5000 10000 2000 0 154 -369 -38578 999 -3 1 0 1142000 1100000 1132000 1133000 1496000 1498000 1127000 1497000 1998000 997000 0 0 0 0 0 0 -276 124 
6701000 5000 10000 2000 0 912 360 -38534 999 3 7 0 1126000 1109000 1142000 1129000 1497000 1499000 1128000 1497000 1999000 997000 0 0 0 0 0 0 -273 127 
6801000 5000 10000 2000 0 697 179 -38532 999 1 6 0 1111000 1147000 1129000 1123000 1497000 1499000 1129000 1497000 1998000 997000 0 0 0 0 0 0 -272 128 
6901000 5000 10000 2000 0 -183 -562 -38560 999 -4 -1 0 1100000 1156000 1127000 1128000 1496000 1500000 1129000 1497000 1998000 997000 0 0 0 0 0 0 -272 128 
7044000 5000 143000 3000 1000 -183 -562 -38560 999 -4 -1 0 1101000 1156000 1128000 1129000 1497000 1499000 1130000 1497000 1998000 998000 0 0 0 0 0 0 -271 129 
7101000 5000 10000 3000 0 -1239 -1593 -38575 999 -13 -10 0 1119000 1141000 1128000 1130000 1496000 1499000 1130000 1497000 1998000 997000 0 0 0 0 0 0 -270 130 
7201000 5000 10000 3000 0 -1150 -1494 -38574 999 -13 -10 0 1137000 1132000 1124000 1125000 1496000 1499000 1131000 1497000 1999000 997000 0 0 0 0 0 0 -270 130 
7301000 5000 10000 3000 0 -698 -1024 -38578 999 -8 -6 0 1138000 1119000 1135000 1130000 1497000 1499000 1135000 1497000 1998000 997000 0 0 0 0 0 0 -269 131 
7401000 5000 10000 3000 0 -195 -571 -38568 999 -4 -1 0 1148000 1128000 1130000 1129000 1496000 1499000 1134000 1497000 1998000 997000 0 0 0 0 0 0 -266 134 
7501000 5000 10000 3000 0 253 -321 -38573 999 -2 2 0 1137000 1125000 1136000 1136000 1497000 1499000 1136000 1497000 1999000 998000 0 0 0 0 0 0 -266 134 
7601000 5000 10000 3000 0 355 -264 -38564 999 -2 3 0 1135000 1136000 1139000 1132000 1496000 1499000 1136000 1497000 1998000 997000 0 0 0 0 0 0 -264 136 
7701000 5000 10000 3000 0 312 -398 -38565 999 -3 2 0 1136000 1148000 1131000 1130000 1496000 1499000 1138000 1497000 1999000 997000 0 0 0 0 0 0 -263 137 
7801000 5000 10000 3000 0 73 -661 -38576 999 -5 0 0 1129000 1149000 1134000 1133000 1497000 1499000 1142000 1496000 1998000 997000 0 0 0 0 0 0 -263 137 
7901000 5000 10000 3000 0 -327 -896 -38566 999 -7 -2 0 1130000 1154000 1143000 1139000 1496000 1499000 1150000 1497000 1998000 997000 0 0 0 0 0 0 -258 142 
8001000 5000 10000 3000 0 -494 -1050 -38563 999 -9 -4 0 1150000 1168000 1154000 1149000 1497000 1499000 1159000 1497000 1999000 998000 0 0 0 0 0 0 -244 156 
8101000 5000 10000 3000 0 -417 -951 -38571 999 -8 -3 0 1159000 1160000 1155000 1148000 1496000 1499000 1160000 1497000 1998000 997000 0 0 0 0 0 0 -244 156 
8201000 5000 10000 3000 0 -337 -828 -38568 999 -7 -2 0 1164000 1166000 1158000 1151000 1496000 1499000 1160000 1497000 1999000 997000 0 0 0 0 0 0 -240 160 
8301000 5000 10000 3000 0 -281 -702 -38563 999 -6 -2 0 1163000 1169000 1155000 1151000 1497000 1499000 1161000 1496000 1998000 997000 0 0 0 0 0 0 -240 160 
8401000 5000 10000 3000 0 -117 -574 -38565 999 -5 -1 0 1165000 1166000 1156000 1150000 1496000 1499000 1161000 1497000 1998000 997000 0 0 0 0 0 0 -240 160 
8501000 5000 10000 3000 0 87 -439 -38561 999 -3 0 0 1169000 1164000 1159000 1151000 1497000 1499000 1162000 1497000 1999000 997000 0 0 0 0 0 0 -239 161 
8601000 5000 10000 3000 0 223 -327 -38565 999 -2 1 0 1161000 1157000 1168000 1164000 1496000 1499000 1164000 1496000 1998000 997000 0 0 0 0 0 0 -237 163 
8701000 5000 10000 3000 0 158 -479 -38574 999 -4 1 0 1153000 1163000 1170000 1164000 1496000 1499000 1164000 1496000 1999000 997000 0 0 0 0 0 0 -237 163 
8801000 5000 10000 3000 0 -1 -886 -38569 999 -7 0 0 1159000 1176000 1163000 1155000 1497000 1499000 1164000 1495000 1998000 998000 0 0 0 0 0 0 -236 164 
8901000 5000 10000 3000 0 -163 -957 -38549 999 -8 -1 0 1159000 1182000 1161000 1152000 1497000 1498000 1164000 1496000 1998000 997000 0 0 0 0 0 0 -236 164 
9001000 5000 10000 3000 0 -300 -1106 -38555 999 -9 -2 0 1156000 1169000 1168000 1161000 1497000 1499000 1164000 1496000 1999000 997000 0 0 0 0 0 0 -236 164 
9101000 5000 10000 3000 0 -363 -1021 -38557 999 -8 -3 0 1160000 1164000 1165000 1165000 1497000 1499000 1164000 1497000 1998000 997000 0 0 0 0 0 0 -236 164 
9201000 5000 10000 3000 0 -126 -685 -38559 999 -5 -1 0 1169000 1162000 1158000 1161000 1496000 1499000 1163000 1497000 1999000 997000 0 0 0 0 0 0 -237 163 
9301000 5000 10000 3000 0 -93 -473 -38562 999 -4 0 0 1164000 1171000 1160000 1156000 1497000 1499000 1163000 1496000 1998000 998000 0 0 0 0 0 0 -237 163 
9401000 5000 10000 3000 0 -352 -673 -38561 999 -5 -3 0 1154000 1178000 1160000 1158000 1496000 1499000 1163000 1497000 1998000 997000 0 0 0 0 0 0 -237 163 
9501000 5000 10000 3000 0 -508 -812 -38555 999 -7 -4 0 1153000 1169000 1164000 1165000 1497000 1499000 1163000 1497000 1999000 997000 0 0 0 0 0 0 -237 163 
9601000 5000 10000 3000 0 -512 -787 -38571 999 -6 -4 0 1155000 1160000 1171000 1164000 1497000 1499000 1164000 1497000 1998000 997000 0 0 0 0 0 0 -237 163 
9701000 5000 10000 3000 0 -301 -754 -38561 999 -6 -2 0 1162000 1167000 1165000 1160000 1497000 1499000 1163000 1497000 1998000 997000 0 0 0 0 0 0 -236 164 
9801000 5000 10000 3000 0 -142 -709 -38553 999 -6 -1 0 1168000 1166000 1163000 1153000 1497000 1499000 1163000 1496000 1999000 998000 0 0 0 0 0 0 -237 163 
9901000 5000 10000 3000 0 -33 -560 -38563 999 -4 0 0 1163000 1165000 1163000 1158000 1497000 1498000 1163000 1497000 1998000 997000 0 0 0 0 0 0 -237 163 
10001000 5000 10000 3000 0 17 -201 -38556 999 -1 0 0 1159000 1162000 1162000 1167000 1497000 1499000 1163000 1497000 2001000 997000 0 0 0 0 0 0 -237 163 
10101000 5000 10000 3000 0 -7 -4 -38561 1000 0 0 0 1164000 1155000 1166000 1169000 1498000 1498000 1164000 1497000 1998000 997000 0 0 0 0 0 0 -236 164 
10201000 5000 10000 3000 0 86 5 -38554 999 0 0 0 1170000 1171000 1155000 1157000 1497000 1499000 1163000 1497000 1998000 997000 0 0 0 0 0 0 -236 164 
10301000 5000 10000 3000 0 175 -142 -38553 999 -1 1 0 1160000 1170000 1160000 1159000 1497000 1499000 1163000 1496000 1999000 998000 0 0 0 0 0 0 -237 163 
10401000 5000 10000 3000 0 -105 -310 -38557 999 -2 0 0 1146000 1169000 1164000 1171000 1497000 1498000 1163000 1497000 2000000 997000 0 0 0 0 0 0 -237 163 
10501000 5000 10000 3000 0 -377 -638 -38561 999 -5 -3 0 1151000 1174000 1164000 1161000 1497000 1499000 1163000 1497000 2000000 997000 0 0 0 0 0 0 -237 163 
10601000 5000 10000 3000 0 -480 -879 -38552 999 -7 -4 0 1164000 1178000 1158000 1151000 1497000 1499000 1164000 1497000 1998000 997000 0 0 0 0 0 0 -237 163 
10701000 5000 10000 3000 0 -467 -731 -38550 999 -6 -4 0 1169000 1165000 1160000 1156000 1497000 1499000 1163000 1497000 1998000 997000 0 0 0 0 0 0 -237 163 
10801000 5000 10000 3000 0 -294 -591 -38555 999 -5 -2 0 1166000 1160000 1163000 1161000 1497000 1499000 1163000 1496000 1999000 998000 0 0 0 0 0 0 -237 163 
10901000 5000 10000 3000 0 -54 -355 -38548 999 -3 0 0 1163000 1160000 1164000 1163000 1496000 1498000 1163000 1497000 1998000 997000 0 0 0 0 0 0 -237 163 
11001000 5000 10000 3000 0 116 -322 -38554 999 -2 1 0 1161000 1157000 1164000 1168000 1497000 1499000 1163000 1497000 1999000 997000 0 0 0 0 0 0 -237 163 
11101000 5000 10000 3000 0 137 -416 -38545 999 -3 1 0 1164000 1172000 1156000 1158000 1497000 1499000 1164000 1497000 1998000 997000 0 0 0 0 0 0 -237 163 
11201000 5000 10000 4000 0 -26 -407 -38539 999 -3 0 0 1162000 1178000 1157000 1157000 1497000 1499000 1163000 1497000 1998000 997000 0 0 0 0 0 0 -236 164 
11301000 5000 10000 4000 0 -127 -406 -38540 999 -3 -1 0 1157000 1170000 1161000 1162000 1497000 1499000 1163000 1496000 1999000 998000 0 0 0 0 0 0 -237 163 
11401000 5000 10000 4000 0 -253 -533 -38555 999 -4 -2 0 1154000 1166000 1166000 1164000 1496000 1499000 1163000 1497000 1998000 997000 0 0 0 0 0 0 -237 163 
11501000 5000 10000 4000 0 -316 -608 -38561 999 -5 -2 0 1159000 1169000 1163000 1160000 1497000 1499000 1163000 1497000 1999000 997000 0 0 0 0 0 0 -237 163 
11601000 5000 10000 4000 0 -403 -665 -38546 999 -5 -3 0 1165000 1169000 1161000 1158000 1497000 1499000 1164000 1497000 1998000 997000 0 0 0 0 0 0 -236 164 
11701000 5000 10000 4000 0 -304 -560 -38546 999 -4 -2 0 1167000 1167000 1162000 1157000 1497000 1499000 1163000 1497000 1998000 997000 0 0 0 0 0 0 -236 164 
11801000 5000 10000 4000 0 -176 -305 -38541 999 -2 -1 0 1164000 1163000 1162000 1161000 1497000 1499000 1163000 1496000 1999000 998000 0 0 0 0 0 0 -237 163 
11901000 5000 10000 4000 0 -117 -279 -38547 999 -2 -1 0 1156000 1158000 1167000 1169000 1497000 1498000 1163000 1497000 1998000 997000 0 0 0 0 0 0 -237 163 
12001000 5000 10000 4000 0 -355 -402 -38553 999 -3 -3 0 1153000 1173000 1158000 1166000 1497000 1499000 1163000 1497000 1999000 997000 0 0 0 0 0 0 -237 163 
12101000 5000 10000 4000 0 -604 -571 -38541 999 -4 -5 0 1159000 1184000 1150000 1157000 1498000 1498000 1164000 1497000 1998000 997000 0 0 0 0 0 0 -237 163 
12201000 5000 10000 4000 0 -623 -603 -38548 999 -5 -5 0 1163000 1171000 1158000 1158000 1497000 1499000 1163000 1497000 1998000 997000 0 0 0 0 0 0 -237 163 
12301000 5000 10000 4000 0 -481 -599 -38555 999 -5 -4 0 1166000 1165000 1163000 1157000 1497000 1498000 1163000 1496000 1998000 998000 0 0 0 0 0 0 -237 163 
12401000 5000 10000 4000 0 -372 -519 -38548 999 -4 -3 0 1162000 1162000 1164000 1162000 1497000 1498000 1163000 1497000 1998000 997000 0 0 0 0 0 0 -237 163 
12501000 5000 10000 4000 0 -179 -727 -38551 999 -6 -1 0 1158000 1165000 1165000 1162000 1497000 1499000 1163000 1497000 1998000 997000 0 0 0 0 0 0 -237 163 
12601000 5000 10000 4000 0 -216 -885 -38546 999 -7 -1 0 1158000 1173000 1160000 1158000 1497000 1499000 1164000 1497000 1998000 997000 0 0 0 0 0 0 -237 163 
12701000 5000 10000 4000 0 -194 -811 -38543 999 -7 -1 0 1162000 1166000 1162000 1164000 1497000 1499000 1163000 1497000 1999000 997000 0 0 0 0 0 0 -236 164 
12801000 5000 10000 4000 0 -61 -779 -38549 999 -6 0 0 1162000 1161000 1165000 1162000 1497000 1499000 1163000 1496000 1998000 998000 0 0 0 0 0 0 -237 163 
12901000 5000 10000 4000 0 81 -594 -38548 999 -5 0 0 1170000 1164000 1157000 1159000 1496000 1498000 1163000 1497000 1998000 997000 0 0 0 0 0 0 -237 163 
13001000 5000 10000 4000 0 436 -457 -38543 999 -3 3 0 1169000 1162000 1162000 1156000 1497000 1499000 1163000 1497000 1999000 997000 0 0 0 0 0 0 -237 163 
13101000 5000 10000 4000 0 346 -329 -38545 999 -2 3 0 1160000 1174000 1164000 1157000 1497000 1498000 1164000 1497000 1998000 997000 0 0 0 0 0 0 -236 164 
13201000 5000 10000 4000 0 38 -600 -38544 999 -5 0 0 1155000 1181000 1164000 1154000 1497000 1499000 1163000 1497000 1999000 997000 0 0 0 0 0 0 -236 164 
13301000 5000 10000 4000 0 -320 -739 -38545 999 -6 -2 0 1157000 1172000 1161000 1159000 1497000 1499000 1163000 1496000 1998000 998000 0 0 0 0 0 0 -237 163 
13444000 5000 143000 5000 1000 -320 -739 -38545 999 -6 -2 0 1158000 1171000 1162000 1160000 1497000 1499000 1163000 1497000 1999000 997000 0 0 0 0 0 0 -237 163 
13501000 5000 10000 5000 0 -414 -785 -38537 999 -6 -3 0 1162000 1169000 1159000 1160000 1497000 1499000 1163000 1497000 1999000 997000 0 0 0 0 0 0 -237 163 
13601000 5000 10000 5000 0 -359 -556 -38539 999 -4 -3 0 1166000 1156000 1165000 1163000 1496000 1499000 1164000 1497000 1998000 997000 0 0 0 0 0 0 -237 163 
13701000 5000 10000 5000 0 -4 -569 -38555 999 -4 0 0 1169000 1158000 1164000 1159000 1497000 1499000 1163000 1497000 1999000 997000 0 0 0 0 0 0 -237 163 
13801000 5000 10000 5000 0 161 -404 -38551 999 -3 1 0 1166000 1167000 1160000 1157000 1497000 1499000 1163000 1496000 1998000 998000 0 0 0 0 0 0 -237 163 
13901000 5000 10000 5000 0 225 -371 -38541 999 -3 1 0 1162000 1164000 1163000 1161000 1497000 1498000 1163000 1497000 1998000 997000 0 0 0 0 0 0 -237 163 
14001000 5000 10000 5000 0 245 -548 -38549 999 -4 2 0 1159000 1169000 1163000 1159000 1497000 1499000 1163000 1497000 1999000 998000 0 0 0 0 0 0 -237 163 
14101000 5000 10000 5000 0 153 -908 -38553 999 -7 1 0 1156000 1174000 1164000 1156000 1496000 1499000 1163000 1497000 1998000 997000 0 0 0 0 0 0 -237 163 
14201000 5000 10000 5000 0 26 -1260 -38541 999 -10 0 0 1154000 1172000 1165000 1158000 1496000 1499000 1163000 1497000 1999000 997000 0 0 0 0 0 0 -237 163 
14301000 5000 10000 5000 0 -37 -1352 -38545 999 -11 0 0 1160000 1175000 1162000 1153000 1497000 1499000 1164000 1496000 1998000 997000 0 0 0 0 0 0 -237 163 
14401000 5000 10000 5000 0 -7 -1374 -38546 999 -11 0 0 1159000 1171000 1167000 1153000 1496000 1498000 1163000 1497000 1998000 997000 0 0 0 0 0 0 -237 163 
14501000 5000 10000 5000 0 115 -1159 -38554 999 -10 1 0 1159000 1153000 1173000 1164000 1497000 1499000 1163000 1497000 1999000 998000 0 0 0 0 0 0 -237 163 
14601000 5000 10000 5000 0 311 -991 -38556 999 -8 2 0 1167000 1161000 1165000 1158000 1496000 1498000 1163000 1497000 1998000 997000 0 0 0 0 0 0 -237 163 
14701000 5000 10000 5000 0 487 -1055 -38543 999 -9 4 0 1166000 1174000 1159000 1150000 1497000 1499000 1163000 1497000 1999000 997000 0 0 0 0 0 0 -237 163 
14801000 5000 10000 5000 0 440 -1155 -38550 999 -10 3 0 1158000 1165000 1171000 1156000 1497000 1499000 1164000 1497000 1998000 997000 0 0 0 0 0 0 -237 163 
14901000 5000 10000 5000 0 352 -1185 -38560 999 -10 3 0 1153000 1167000 1168000 1162000 1496000 1499000 1163000 1497000 1998000 997000 0 0 0 0 0 0 -237 163 
15001000 5000 10000 5000 0 77 -1178 -38553 999 -10 0 0 1160000 1179000 1158000 1153000 1497000 1499000 1163000 1496000 1999000 998000 0 0 0 0 0 0 -237 163 
15101000 5000 10000 5000 0 0 -1211 -38550 999 -10 0 0 1161000 1171000 1166000 1152000 1496000 1499000 1163000 1497000 1998000 997000 0 0 0 0 0 0 -237 163 
15201000 5000 10000 5000 0 -17 -1129 -38549 999 -9 0 0 1161000 1164000 1168000 1158000 1497000 1499000 1163000 1497000 1999000 997000 0 0 0 0 0 0 -237 163 
15301000 5000 10000 5000 0 20 -1099 -38546 999 -9 0 0 1160000 1163000 1164000 1163000 1497000 1499000 1164000 1497000 1998000 997000 0 0 0 0 0 0 -237 163 
15401000 5000 10000 5000 0 110 -947 -38552 999 -8 0 0 1158000 1165000 1169000 1162000 1496000 1499000 1163000 1497000 1999000 997000 0 0 0 0 0 0 -236 164 
15501000 5000 10000 5000 0 17 -953 -38550 999 -8 0 0 1159000 1173000 1162000 1156000 1497000 1499000 1163000 1496000 1998000 998000 0 0 0 0 0 0 -237 163 
15601000 5000 10000 5000 0 -205 -885 -38552 999 -7 -1 0 1159000 1168000 1161000 1162000 1496000 1499000 1163000 1497000 1998000 997000 0 0 0 0 0 0 -237 163 
15701000 5000 10000 5000 0 -298 -990 -38553 999 -8 -2 0 1151000 1172000 1165000 1162000 1497000 1499000 1163000 1497000 1999000 997000 0 0 0 0 0 0 -237 163 
15801000 5000 10000 5000 0 -460 -1065 -38549 999 -9 -4 0 1154000 1178000 1163000 1159000 1496000 1499000 1164000 1497000 1998000 997000 0 0 0 0 0 0 -236 164 
15901000 5000 10000 5000 0 -640 -999 -38548 999 -8 -5 0 1155000 1168000 1171000 1160000 1496000 1499000 1163000 1497000 1999000 997000 0 0 0 0 0 0 -236 164 
16001000 5000 10000 5000 0 -696 -979 -38548 999 -8 -6 0 1158000 1166000 1167000 1159000 1497000 1499000 1163000 1496000 1998000 998000 0 0 0 0 0 0 -237 163 
16101000 5000 10000 5000 0 -608 -1057 -38557 999 -9 -5 0 1160000 1161000 1162000 1167000 1496000 1499000 1163000 1497000 1998000 997000 0 0 0 0 0 0 -237 163 
16201000 5000 10000 5000 0 -350 -913 -38554 999 -7 -3 0 1167000 1167000 1156000 1159000 1497000 1499000 1163000 1497000 1999000 998000 0 0 0 0 0 0 -237 163 
16301000 5000 10000 5000 0 -164 -594 -38541 999 -5 -1 0 1167000 1167000 1158000 1157000 1496000 1499000 1163000 1497000 1998000 997000 0 0 0 0 0 0 -237 163 
16401000 5000 10000 5000 0 -48 -252 -38553 999 -2 0 0 1159000 1155000 1173000 1163000 1496000 1499000 1163000 1497000 1999000 997000 0 0 0 0 0 0 -237 163 
16501000 5000 10000 5000 0 189 -219 -38558 999 -1 1 0 1162000 1160000 1164000 1163000 1498000 1498000 1164000 1497000 1998000 997000 0 0 0 0 0 0 -237 163 
16601000 5000 10000 5000 0 181 -75 -38546 999 0 1 0 1170000 1168000 1159000 1158000 1497000 1499000 1163000 1497000 1998000 997000 0 0 0 0 0 0 -236 164 
16701000 5000 10000 5000 0 223 -329 -38544 999 -2 1 0 1157000 1170000 1163000 1160000 1498000 1498000 1163000 1497000 1999000 998000 0 0 0 0 0 0 -237 163 
16801000 5000 10000 5000 0 -22 -448 -38551 999 -3 0 0 1157000 1167000 1163000 1163000 1496000 1498000 1163000 1497000 1998000 997000 0 0 0 0 0 0 -237 163 
16901000 5000 10000 5000 0 -220 -824 -38546 999 -7 -1 0 1156000 1177000 1158000 1159000 1497000 1498000 1163000 1497000 1999000 997000 0 0 0 0 0 0 -237 163 
17001000 5000 10000 5000 0 -482 -1002 -38556 999 -8 -4 0 1155000 1177000 1164000 1159000 1497000 1499000 1164000 1497000 1998000 997000 0 0 0 0 0 0 -236 164 
17101000 5000 10000 5000 0 -566 -1094 -38543 999 -9 -4 0 1162000 1176000 1160000 1157000 1496000 1499000 1163000 1497000 1999000 997000 0 0 0 0 0 0 -236 164 
17201000 5000 10000 5000 0 -396 -1041 -38539 999 -9 -3 0 1167000 1159000 1166000 1158000 1497000 1499000 1163000 1496000 1998000 998000 0 0 0 0 0 0 -237 163 
17301000 5000 10000 5000 0 -31 -670 -38559 999 -5 0 0 1170000 1152000 1164000 1164000 1496000 1499000 1163000 1497000 1998000 997000 0 0 0 0 0 0 -237 163 
17401000 5000 10000 5000 0 129 -361 -38558 999 -3 1 0 1166000 1169000 1157000 1158000 1497000 1499000 1163000 1497000 1999000 997000 0 0 0 0 0 0 -237 163 
17501000 5000 10000 5000 0 257 -259 -38558 999 -2 2 0 1164000 1164000 1167000 1155000 1496000 1499000 1164000 1497000 1998000 997000 0 0 0 0 0 0 -237 163 
17601000 5000 10000 5000 0 285 -273 -38572 999 -2 2 0 1163000 1158000 1167000 1163000 1496000 1499000 1163000 1497000 1999000 997000 0 0 0 0 0 0 -237 163 
17701000 5000 10000 5000 0 376 -467 -38559 999 -4 3 0 1156000 1169000 1163000 1163000 1497000 1499000 1163000 1496000 1998000 997000 0 0 0 0 0 0 -237 163 
17801000 5000 10000 5000 0 142 -607 -38550 999 -5 1 0 1151000 1176000 1161000 1162000 1496000 1498000 1163000 1497000 1998000 997000 0 0 0 0 0 0 -237 163 
17901000 5000 10000 5000 0 -268 -986 -38552 999 -8 -2 0 1149000 1188000 1157000 1157000 1497000 1499000 1163000 1497000 1999000 998000 0 0 0 0 0 0 -237 163 
18001000 5000 10000 5000 0 -530 -1385 -38548 999 -12 -4 0 1155000 1177000 1163000 1155000 1496000 1498000 1163000 1497000 1998000 997000 0 0 0 0 0 0 -237 163 
18101000 5000 10000 5000 0 -535 -1388 -38552 999 -12 -4 0 1155000 1160000 1173000 1162000 1497000 1499000 1163000 1497000 1999000 997000 0 0 0 0 0 0 -237 163 
18201000 5000 10000 5000 0 -342 -1118 -38561 999 -9 -2 0 1168000 1155000 1170000 1161000 1497000 1499000 1164000 1497000 1998000 997000 0 0 0 0 0 0 -236 164 
18301000 5000 10000 5000 0 162 -869 -38566 999 -7 1 0 1174000 1156000 1165000 1159000 1496000 1499000 1163000 1497000 1998000 997000 0 0 0 0 0 0 -236 164 
18401000 5000 10000 5000 0 707 -602 -38557 999 -5 6 0 1175000 1161000 1163000 1151000 1497000 1499000 1163000 1496000 1998000 998000 0 0 0 0 0 0 -237 163 
18501000 5000 10000 5000 0 811 -524 -38565 999 -4 7 0 1156000 1168000 1167000 1159000 1497000 1498000 1163000 1497000 1998000 997000 0 0 0 0 0 0 -237 163 
18601000 5000 10000 5000 0 649 -820 -38559 999 -7 5 0 1158000 1168000 1159000 1164000 1497000 1499000 1163000 1497000 1999000 997000 0 0 0 0 0 0 -237 163 
18701000 5000 10000 5000 0 760 -819 -38547 999 -7 6 0 1183000 1152000 1159000 1156000 1496000 1499000 1164000 1497000 1998000 997000 0 0 0 0 0 0 -237 163 
18801000 5000 10000 5000 0 1857 128 -38553 999 1 16 0 1218000 1112000 1171000 1149000 1497000 1499000 1163000 1497000 1999000 997000 0 0 0 0 0 0 -237 163 
18901000 5000 10000 5000 0 3441 1766 -38523 999 15 30 0 1225000 1110000 1166000 1149000 1497000 1499000 1163000 1496000 2001000 998000 0 0 0 0 0 0 -237 163 
19001000 5000 10000 5000 0 4397 2810 -38445 998 24 38 0 1184000 1150000 1171000 1145000 1497000 1498000 1163000 1497000 1998000 997000 0 0 0 0 0 0 -237 163 
19101000 5000 10000 5000 0 3180 1812 -38514 999 15 27 0 1112000 1214000 1165000 1159000 1497000 1499000 1163000 1497000 1999000 998000 0 0 0 0 0 0 -237 163 
19201000 5000 10000 5000 0 583 -635 -38581 999 -5 5 0 1100000 1230000 1166000 1167000 1496000 1499000 1163000 1497000 2001000 997000 0 0 0 0 0 0 -237 163 
19301000 5000 10000 5000 0 -1793 -2868 -38503 999 -25 -15 0 1110000 1218000 1155000 1168000 1497000 1499000 1163000 1497000 1999000 997000 0 0 0 0 0 0 -237 163 
19401000 5000 10000 5000 0 -2409 -3499 -38451 999 -30 -21 0 1164000 1177000 1156000 1157000 1497000 1499000 1164000 1497000 2000000 997000 0 0 0 0 0 0 -236 164 
19501000 5000 10000 5000 0 -1392 -2586 -38505 999 -22 -12 0 1205000 1130000 1161000 1157000 1496000 1499000 1163000 1497000 1998000 997000 0 0 0 0 0 0 -236 164 
19601000 5000 10000 5000 0 283 -751 -38551 999 -6 2 0 1209000 1122000 1163000 1156000 1497000 1499000 1163000 1496000 1999000 998000 0 0 0 0 0 0 -237 163 
19701000 5000 10000 5000 0 1482 257 -38555 999 2 12 0 1182000 1144000 1172000 1152000 1496000 1498000 1163000 1497000 1998000 997000 0 0 0 0 0 0 -237 163 
19801000 5000 10000 5000 0 1473 206 -38550 999 1 12 0 1144000 1180000 1169000 1158000 1497000 1499000 1163000 1497000 1999000 997000 0 0 0 0 0 0 -237 163 
19901000 5000 10000 5000 0 472 -728 -38552 999 -6 4 0 1131000 1200000 1165000 1154000 1496000 1499000 1163000 1497000 1998000 997000 0 0 0 0 0 0 -237 163 
20001000 5000 10000 5000 0 -590 -1811 -38535 999 -15 -5 0 1132000 1187000 1165000 1165000 1496000 1499000 1163000 1497000 1999000 997000 0 0 0 0 0 0 -237 163 
20101000 5000 10000 5000 0 -1089 -2260 -38523 999 -19 -9 0 1156000 1181000 1157000 1156000 1497000 1499000 1164000 1496000 1998000 997000 0 0 0 0 0 0 -237 163 
20201000 5000 10000 5000 0 -705 -2150 -38513 999 -18 -6 0 1177000 1154000 1166000 1157000 1496000 1500000 1163000 1497000 1998000 997000 0 0 0 0 0 0 -236 164 
20301000 5000 10000 5000 0 366 -1127 -38534 999 -9 3 0 1208000 1117000 1172000 1153000 1497000 1499000 1163000 1497000 1999000 996000 0 0 0 0 0 0 -237 163 
20401000 5000 10000 5000 0 2657 917 -38489 999 8 23 0 1262000 1100000 1166000 1138000 1496000 1499000 1163000 1497000 1998000 998000 0 0 0 0 0 0 -237 163 
20501000 5000 10000 5000 0 5067 3644 -38392 998 31 44 -1 1248000 1100000 1168000 1142000 1497000 1499000 1163000 1497000 1999000 997000 0 0 0 0 0 0 -237 163 
20601000 5000 10000 5000 0 5645 4328 -38343 998 37 49 -1 1155000 1174000 1176000 1149000 1497000 1499000 1164000 1497000 1998000 995000 0 0 0 0 0 0 -236 164 
20701000 5000 10000 5000 0 3192 1990 -38520 999 17 27 0 1100000 1244000 1163000 1162000 1496000 1499000 1163000 1497000 1999000 997000 0 0 0 0 0 0 -236 164 
20801000 5000 10000 5000 0 -396 -1365 -38559 999 -11 -3 0 1100000 1257000 1149000 1175000 1497000 1499000 1163000 1496000 1998000 995000 0 0 0 0 0 0 -237 163 
20901000 5000 10000 5000 0 -3031 -4015 -38439 999 -35 -26 0 1100000 1223000 1147000 1181000 1496000 1499000 1163000 1497000 1998000 997000 0 0 0 0 0 0 -237 163 
21001000 5000 10000 5000 0 -3677 -4664 -38395 998 -40 -32 -1 1156000 1159000 1163000 1172000 1497000 1499000 1163000 1497000 1998000 995000 0 0 0 0 0 0 -237 163 
21101000 5000 10000 5000 0 -2407 -3324 -38482 999 -29 -20 0 1205000 1113000 1170000 1162000 1496000 1499000 1163000 1497000 1998000 997000 0 0 0 0 0 0 -237 163 
21201000 5000 10000 5000 0 -180 -1124 -38549 999 -9 -1 0 1226000 1117000 1170000 1137000 1497000 1499000 1163000 1497000 1999000 996000 0 0 0 0 0 0 -237 163 
21301000 5000 10000 5000 0 1317 342 -38551 999 2 11 0 1185000 1138000 1176000 1151000 1497000 1499000 1164000 1497000 2000000 997000 0 0 0 0 0 0 -237 163 
21401000 5000 10000 5000 0 1466 552 -38536 999 4 12 0 1147000 1171000 1176000 1160000 1497000 1499000 1163000 1497000 1999000 998000 0 0 0 0 0 0 -236 164 
21501000 5000 10000 5000 0 551 -276 -38544 999 -2 4 0 1122000 1203000 1157000 1167000 1497000 1499000 1163000 1496000 1998000 997000 0 0 0 0 0 0 -237 163 
21601000 5000 10000 5000 0 -755 -1344 -38530 999 -11 -6 0 1134000 1200000 1152000 1164000 1496000 1498000 1163000 1497000 1998000 998000 0 0 0 0 0 0 -237 163 
21701000 5000 10000 5000 0 -1384 -1901 -38524 999 -16 -12 0 1150000 1175000 1157000 1168000 1497000 1499000 1163000 1497000 1998000 998000 0 0 0 0 0 0 -237 163 
21801000 5000 10000 5000 0 -1118 -1611 -38532 999 -14 -9 0 1173000 1149000 1164000 1168000 1496000 1499000 1163000 1497000 1999000 997000 0 0 0 0 0 0 -236 164 
21901000 5000 10000 5000 0 -273 -956 -38553 999 -8 -2 0 1187000 1148000 1160000 1159000 1496000 1499000 1163000 1497000 1999000 998000 0 0 0 0 0 0 -236 164 
22001000 5000 10000 5000 0 428 -342 -38542 999 -2 3 0 1184000 1163000 1156000 1147000 1497000 1499000 1164000 1497000 1998000 997000 0 0 0 0 0 0 -237 163 
22214000 5000 143000 6000 1000 813 22 -38560 999 0 7 0 1178000 1142000 1172000 1158000 1497000 1499000 1164000 1497000 1998000 998000 0 0 0 0 0 0 -237 163 
22301000 5000 10000 6000 0 2672 1638 -38513 999 14 23 0 1257000 1100000 1169000 1150000 1496000 1499000 1163000 1497000 1998000 997000 0 0 0 0 0 0 -236 164 
22401000 5000 10000 6000 0 5508 4489 -38274 998 39 48 -1 1277000 1100000 1177000 1148000 1497000 1499000 1163000 1497000 1999000 996000 0 0 0 0 0 0 -237 163 
22501000 5000 10000 6000 0 6550 5630 -38212 997 49 57 -2 1174000 1165000 1159000 1151000 1496000 1499000 1164000 1497000 1998000 997000 0 0 0 0 0 0 -237 163 
22601000 5000 10000 6000 0 4262 3473 -38494 998 30 37 -1 1100000 1253000 1149000 1159000 1496000 1499000 1163000 1497000 1999000 998000 0 0 0 0 0 0 -236 164 
22701000 5000 10000 6000 0 391 -192 -38628 999 -1 3 0 1100000 1269000 1150000 1180000 1497000 1499000 1164000 1496000 1998000 997000 0 0 0 0 0 0 -237 163 
22801000 5000 10000 6000 0 -2751 -3339 -38508 999 -29 -23 0 1100000 1224000 1163000 1178000 1497000 1499000 1163000 1497000 2000000 998000 0 0 0 0 0 0 -237 163 
22901000 5000 10000 6000 0 -3831 -4468 -38417 998 -38 -33 -1 1143000 1165000 1158000 1184000 1497000 1499000 1163000 1497000 1999000 998000 0 0 0 0 0 0 -237 163 
23044000 5000 143000 7000 1000 -3831 -4468 -38417 998 -38 -33 -1 1145000 1162000 1160000 1182000 1496000 1499000 1163000 1497000 1998000 998000 0 0 0 0 0 0 -237 163 
23101000 5000 10000 7000 0 -755 -1948 -38570 999 -17 -6 0 1277000 1100000 1153000 1159000 1497000 1499000 1163000 1497000 1999000 998000 0 0 0 0 0 0 -237 163 
23201000 5000 10000 7000 0 2368 935 -38546 999 8 20 0 1245000 1100000 1167000 1144000 1497000 1499000 1164000 1497000 1998000 998000 0 0 0 0 0 0 -237 163 
23301000 5000 10000 7000 0 3446 2108 -38493 999 18 30 0 1171000 1151000 1181000 1147000 1497000 1499000 1163000 1497000 1999000 998000 0 0 0 0 0 0 -237 163 
23401000 5000 10000 7000 0 2422 1245 -38536 999 10 21 0 1119000 1211000 1172000 1148000 1497000 1498000 1163000 1496000 1998000 995000 0 0 0 0 0 0 -237 163 
23501000 5000 10000 7000 0 133 -894 -38571 999 -7 1 0 1100000 1236000 1163000 1158000 1497000 1498000 1163000 1497000 2000000 998000 0 0 0 0 0 0 -237 163 
23601000 5000 10000 7000 0 -2001 -2970 -38504 999 -25 -17 0 1106000 1220000 1156000 1167000 1497000 1499000 1163000 1497000 1999000 998000 0 0 0 0 0 0 -237 163 
23701000 5000 10000 7000 0 -2517 -3357 -38469 999 -29 -21 0 1159000 1155000 1165000 1171000 1497000 1498000 1163000 1497000 1998000 998000 0 0 0 0 0 0 -237 163 
23801000 5000 10000 7000 0 -1329 -2303 -38514 999 -20 -11 0 1196000 1126000 1167000 1162000 1497000 1499000 1163000 1497000 1999000 998000 0 0 0 0 0 0 -237 163 
23901000 5000 10000 7000 0 497 -824 -38534 999 -7 4 0 1218000 1127000 1161000 1149000 1497000 1498000 1164000 1497000 1998000 997000 0 0 0 0 0 0 -236 164 
24001000 5000 10000 7000 0 1759 241 -38529 999 2 15 0 1182000 1143000 1171000 1158000 1496000 1499000 1163000 1497000 1999000 998000 0 0 0 0 0 0 -236 164 
24101000 5000 10000 7000 0 1837 355 -38542 999 3 16 0 1150000 1178000 1168000 1153000 1497000 1499000 1163000 1496000 1998000 997000 0 0 0 0 0 0 -237 163 
24201000 5000 10000 7000 0 808 -508 -38543 999 -4 7 0 1129000 1200000 1163000 1158000 1496000 1498000 1163000 1497000 1998000 998000 0 0 0 0 0 0 -237 163 
24301000 5000 10000 7000 0 -254 -1367 -38521 999 -11 -2 0 1140000 1192000 1165000 1153000 1497000 1499000 1163000 1497000 1999000 998000 0 0 0 0 0 0 -237 163 
24401000 5000 10000 7000 0 -732 -1794 -38530 999 -15 -6 0 1152000 1174000 1165000 1158000 1496000 1499000 1163000 1497000 1998000 998000 0 0 0 0 0 0 -237 163 
24501000 5000 10000 7000 0 -773 -1740 -38520 999 -15 -6 0 1171000 1162000 1159000 1158000 1497000 1499000 1163000 1497000 1999000 998000 0 0 0 0 0 0 -237 163 
24601000 5000 10000 7000 0 -256 -1176 -38523 999 -10 -2 0 1182000 1153000 1161000 1155000 1497000 1499000 1164000 1497000 1998000 996000 0 0 0 0 0 0 -237 163 
24701000 5000 10000 7000 0 494 -597 -38521 999 -5 4 0 1180000 1149000 1167000 1158000 1497000 1499000 1163000 1497000 1999000 998000 0 0 0 0 0 0 -236 164 
24801000 5000 10000 7000 0 951 -161 -38528 999 -1 8 0 1172000 1152000 1165000 1161000 1497000 1499000 1163000 1496000 1998000 997000 0 0 0 0 0 0 -237 163 
24901000 5000 10000 7000 0 979 -79 -38521 999 0 8 0 1160000 1169000 1164000 1157000 1496000 1498000 1163000 1497000 1998000 998000 0 0 0 0 0 0 -237 163 
25001000 5000 10000 7000 0 716 -456 -38531 999 -3 6 0 1150000 1181000 1165000 1154000 1497000 1499000 1163000 1497000 1999000 998000 0 0 0 0 0 0 -237 163 
25101000 5000 10000 8000 0 0 -960 -38528 999 -8 0 0 1142000 1186000 1162000 1160000 1496000 1498000 1163000 1497000 1998000 998000 0 0 0 0 0 0 -237 163 
25201000 5000 10000 8000 0 -477 -1393 -38518 999 -12 -4 0 1149000 1177000 1163000 1162000 1497000 1499000 1163000 1497000 1999000 998000 0 0 0 0 0 0 -237 163 
25301000 5000 10000 8000 0 -670 -1641 -38521 999 -14 -5 0 1156000 1174000 1162000 1158000 1497000 1499000 1164000 1497000 1998000 997000 0 0 0 0 0 0 -237 163 
25401000 5000 10000 8000 0 -471 -1540 -38517 999 -13 -4 0 1172000 1166000 1159000 1153000 1496000 1499000 1163000 1497000 1999000 998000 0 0 0 0 0 0 -237 163 
25501000 5000 10000 8000 0 0 -1164 -38520 999 -10 0 0 1176000 1157000 1164000 1152000 1497000 1499000 1163000 1496000 1998000 997000 0 0 0 0 0 0 -237 163 
25601000 5000 10000 8000 0 404 -600 -38524 999 -5 3 0 1169000 1157000 1167000 1157000 1496000 1499000 1163000 1497000 1998000 998000 0 0 0 0 0 0 -237 163 
25701000 5000 10000 8000 0 480 -427 -38526 999 -3 4 0 1159000 1162000 1166000 1162000 1497000 1499000 1163000 1497000 1999000 998000 0 0 0 0 0 0 -237 163 
25801000 5000 10000 8000 0 280 -535 -38519 999 -4 2 0 1157000 1180000 1161000 1152000 1496000 1499000 1163000 1497000 1998000 998000 0 0 0 0 0 0 -237 163 
25901000 5000 10000 8000 0 -125 -839 -38519 999 -7 -1 0 1152000 1185000 1159000 1154000 1497000 1499000 1163000 1497000 1999000 998000 0 0 0 0 0 0 -237 163 
26001000 5000 10000 8000 0 -553 -1119 -38523 999 -9 -4 0 1147000 1174000 1164000 1169000 1496000 1499000 1164000 1497000 1998000 997000 0 0 0 0 0 0 -236 164 
26101000 5000 10000 8000 0 -429 -1251 -38528 999 -10 -3 0 1165000 1164000 1165000 1160000 1496000 1499000 1163000 1497000 1999000 998000 0 0 0 0 0 0 -236 164 
26201000 5000 10000 8000 0 -104 -863 -38525 999 -7 0 0 1178000 1154000 1162000 1156000 1497000 1499000 1163000 1496000 1998000 997000 0 0 0 0 0 0 -237 163 
26301000 5000 10000 8000 0 439 -270 -38525 999 -2 3 0 1181000 1146000 1167000 1156000 1497000 1499000 1163000 1497000 1998000 998000 0 0 0 0 0 0 -237 163 
26401000 5000 10000 8000 0 767 48 -38520 999 0 6 0 1164000 1159000 1166000 1161000 1497000 1499000 1163000 1496000 1999000 998000 0 0 0 0 0 0 -237 163 
26501000 5000 10000 8000 0 561 -72 -38525 999 0 4 0 1153000 1176000 1163000 1159000 1496000 1498000 1163000 1497000 1998000 998000 0 0 0 0 0 0 -237 163 
26601000 5000 10000 8000 0 -42 -527 -38516 999 -4 0 0 1144000 1190000 1159000 1158000 1497000 1499000 1163000 1497000 1999000 998000 0 0 0 0 0 0 -237 163 
26701000 5000 10000 8000 0 -524 -1102 -38512 999 -9 -4 0 1147000 1179000 1162000 1162000 1496000 1499000 1163000 1497000 1998000 997000 0 0 0 0 0 0 -237 163 
26801000 5000 10000 8000 0 -692 -1265 -38508 999 -11 -6 0 1155000 1167000 1161000 1166000 1497000 1499000 1163000 1497000 1999000 998000 0 0 0 0 0 0 -237 163 
26901000 5000 10000 8000 0 -528 -1109 -38511 999 -9 -4 0 1170000 1158000 1161000 1161000 1498000 1498000 1164000 1497000 1998000 997000 0 0 0 0 0 0 -237 163 
27001000 5000 10000 8000 0 40 -545 -38514 999 -4 0 0 1184000 1152000 1157000 1157000 1496000 1500000 1163000 1497000 1998000 998000 0 0 0 0 0 0 -237 163 
27101000 5000 10000 8000 0 679 40 -38509 999 0 5 0 1182000 1148000 1165000 1155000 1498000 1498000 1163000 1496000 1998000 998000 0 0 0 0 0 0 -237 163 
27201000 5000 10000 8000 0 1020 194 -38504 999 1 8 0 1162000 1155000 1169000 1164000 1497000 1498000 1163000 1497000 1998000 998000 0 0 0 0 0 0 -237 163 
27301000 5000 10000 8000 0 906 -86 -38511 999 0 7 0 1151000 1170000 1165000 1164000 1497000 1498000 1163000 1497000 1999000 998000 0 0 0 0 0 0 -237 163 
27401000 5000 10000 8000 0 379 -509 -38510 999 -4 3 0 1160000 1179000 1159000 1151000 1497000 1498000 1163000 1497000 1998000 998000 0 0 0 0 0 0 -237 163 
27501000 5000 10000 8000 0 789 -360 -38515 999 -3 6 0 1204000 1120000 1175000 1151000 1497000 1499000 1163000 1497000 1999000 998000 0 0 0 0 0 0 -237 163 
27601000 5000 10000 8000 0 3150 1682 -38437 999 14 27 0 1270000 1100000 1172000 1152000 1498000 1498000 1164000 1497000 1998000 997000 0 0 0 0 0 0 -237 163 
27701000 5000 10000 8000 0 6559 4963 -38197 997 43 57 -2 1280000 1100000 1167000 1159000 1497000 1499000 1163000 1497000 1999000 998000 0 0 0 0 0 0 -236 164 
27801000 5000 10000 8000 0 7826 6256 -38101 996 54 68 -3 1176000 1158000 1171000 1145000 1497000 1499000 1163000 1496000 1998000 997000 0 0 0 0 0 0 -237 163 
27901000 5000 10000 8000 0 5150 3772 -38393 998 32 44 -1 1100000 1239000 1171000 1169000 1497000 1498000 1163000 1497000 1999000 998000 0 0 0 0 0 0 -237 163 
28001000 5000 10000 8000 0 713 -420 -38525 999 -3 6 0 1100000 1282000 1154000 1172000 1497000 1499000 1163000 1497000 1999000 998000 0 0 0 0 0 0 -237 163 
28101000 5000 10000 8000 0 -2891 -3922 -38391 999 -34 -25 0 1100000 1244000 1154000 1177000 1496000 1499000 1163000 1497000 1998000 998000 0 0 0 0 0 0 -237 163 
28201000 5000 10000 8000 0 -4072 -5059 -38308 998 -44 -35 -1 1154000 1165000 1168000 1163000 1497000 1499000 1163000 1497000 1999000 998000 0 0 0 0 0 0 -237 163 
28301000 5000 10000 8000 0 -2866 -3901 -38384 999 -34 -25 0 1207000 1121000 1167000 1154000 1496000 1498000 1164000 1497000 1998000 997000 0 0 0 0 0 0 -237 163 
28401000 5000 10000 8000 0 -355 -1520 -38492 999 -13 -3 0 1226000 1100000 1178000 1157000 1497000 1499000 1163000 1497000 1998000 998000 0 0 0 0 0 0 -237 163 
28501000 5000 10000 8000 0 1538 476 -38497 999 4 13 0 1193000 1132000 1170000 1155000 1497000 1499000 1164000 1496000 1999000 997000 0 0 0 0 0 0 -237 163 
28601000 5000 10000 8000 0 1975 900 -38458 999 7 17 0 1154000 1173000 1169000 1158000 1498000 1498000 1163000 1497000 1998000 998000 0 0 0 0 0 0 -236 164 
28701000 5000 10000 8000 0 1154 130 -38481 999 1 10 0 1127000 1203000 1158000 1162000 1497000 1499000 1163000 1496000 1998000 998000 0 0 0 0 0 0 -237 163 
28801000 5000 10000 8000 0 -224 -1147 -38507 999 -10 -1 0 1120000 1205000 1162000 1164000 1497000 1498000 1163000 1497000 1998000 998000 0 0 0 0 0 0 -237 163 
28901000 5000 10000 8000 0 -1488 -2299 -38453 999 -20 -12 0 1130000 1201000 1160000 1159000 1499000 1497000 1163000 1497000 1999000 998000 0 0 0 0 0 0 -237 163 
29001000 5000 10000 8000 0 -1757 -2315 -38459 999 -20 -15 0 1161000 1156000 1171000 1166000 1497000 1498000 1163000 1497000 1999000 998000 0 0 0 0 0 0 -236 164 
29101000 5000 10000 8000 0 -1013 -1523 -38504 999 -13 -8 0 1184000 1137000 1167000 1165000 1499000 1497000 1163000 1497000 1999000 998000 0 0 0 0 0 0 -236 164 
29201000 5000 10000 8000 0 -63 -432 -38492 999 -3 0 0 1186000 1146000 1161000 1157000 1501000 1495000 1164000 1497000 1998000 997000 0 0 0 0 0 0 -237 163 
29301000 5000 10000 8000 0 553 236 -38470 999 2 4 0 1171000 1166000 1162000 1151000 1502000 1494000 1163000 1497000 1998000 998000 0 0 0 0 0 0 -237 163 
29401000 5000 10000 8000 0 287 -96 -38493 999 0 2 0 1143000 1178000 1164000 1165000 1504000 1492000 1163000 1496000 1999000 997000 0 0 0 0 0 0 -237 163 
29501000 5000 10000 8000 0 -482 -646 -38480 999 -5 -4 0 1138000 1185000 1162000 1165000 1496000 1499000 1163000 1497000 1999000 998000 0 0 0 0 0 0 -237 163 
29601000 5000 10000 8000 0 -884 -959 -38475 999 -8 -7 0 1155000 1178000 1153000 1164000 1496000 1499000 1163000 1497000 1999000 998000 0 0 0 0 0 0 -237 163 
29701000 5000 10000 8000 0 -966 -1033 -38489 999 -9 -8 0 1167000 1166000 1159000 1158000 1496000 1499000 1163000 1497000 1998000 998000 0 0 0 0 0 0 -237 163 
29801000 5000 10000 8000 0 -563 -730 -38461 999 -6 -4 0 1178000 1161000 1159000 1153000 1496000 1500000 1163000 1497000 1999000 997000 0 0 0 0 0 0 -237 163 
29901000 5000 10000 8000 0 5 -121 -38476 999 -1 0 0 1178000 1144000 1169000 1163000 1496000 1499000 1163000 1497000 1999000 998000 0 0 0 0 0 0 -236 164 
30001000 5000 10000 8000 0 232 46 -38495 999 0 2 0 1159000 1163000 1166000 1166000 1496000 1500000 1163000 1497000 1999000 998000 0 0 0 0 0 0 -236 164 
30101000 5000 10000 8000 0 48 -288 -38464 999 -2 0 0 1158000 1182000 1157000 1153000 1497000 1499000 1164000 1497000 1999000 998000 0 0 0 0 0 0 -237 163 
30201000 5000 10000 8000 0 -258 -682 -38465 999 -5 -2 0 1151000 1180000 1160000 1159000 1496000 1500000 1163000 1497000 1998000 997000 0 0 0 0 0 0 -237 163 
30301000 5000 10000 8000 0 -591 -1125 -38482 999 -9 -5 0 1150000 1172000 1168000 1160000 1496000 1499000 1163000 1496000 1999000 997000 0 0 0 0 0 0 -237 163 
30401000 5000 10000 8000 0 -517 -1030 -38469 999 -8 -4 0 1163000 1154000 1168000 1165000 1496000 1499000 1163000 1497000 1998000 998000 0 0 0 0 0 0 -237 163 
30501000 5000 10000 8000 0 269 -256 -38474 999 -2 2 0 1191000 1127000 1170000 1162000 1496000 1499000 1163000 1497000 1999000 997000 0 0 0 0 0 0 -237 163 
30601000 5000 10000 8000 0 1406 650 -38474 999 5 12 0 1209000 1124000 1158000 1158000 1496000 1499000 1163000 1497000 1998000 998000 0 0 0 0 0 0 -237 163 
30701000 5000 10000 8000 0 3044 2124 -38384 999 18 26 0 1240000 1100000 1163000 1153000 1496000 1500000 1163000 1497000 1999000 997000 0 0 0 0 0 0 -237 163 
30801000 5000 10000 8000 0 5727 4437 -38182 998 38 49 -1 1284000 1100000 1166000 1165000 1496000 1499000 1163000 1497000 1998000 997000 0 0 0 0 0 0 -236 164 
30901000 5000 10000 8000 0 7841 6875 -38019 995 59 68 -4 1239000 1100000 1166000 1148000 1496000 1500000 1163000 1497000 1998000 998000 0 0 0 0 0 0 -236 164 
31001000 5000 10000 8000 0 6899 6142 -38061 996 53 60 -3 1113000 1200000 1180000 1157000 1497000 1499000 1164000 1497000 1999000 998000 0 0 0 0 0 0 -237 163 
31101000 5000 10000 8000 0 2904 2357 -38387 999 20 25 0 1100000 1277000 1162000 1182000 1496000 1500000 1163000 1497000 1998000 998000 0 0 0 0 0 0 -237 163 
31201000 5000 10000 8000 0 -1651 -1981 -38460 999 -17 -14 0 1100000 1274000 1154000 1165000 1496000 1499000 1163000 1496000 1998000 998000 0 0 0 0 0 0 -237 163 
31301000 5000 10000 8000 0 -4774 -4877 -38296 998 -42 -41 -1 1105000 1233000 1149000 1164000 1496000 1499000 1163000 1497000 1998000 997000 0 0 0 0 0 0 -237 163 
31401000 5000 10000 8000 0 -5141 -5337 -38229 997 -46 -44 -2 1171000 1163000 1155000 1161000 1496000 1499000 1163000 1497000 1999000 998000 0 0 0 0 0 0 -237 163 
31501000 5000 10000 8000 0 -3250 -3540 -38374 999 -30 -28 0 1223000 1113000 1149000 1165000 1496000 1499000 1163000 1497000 1998000 998000 0 0 0 0 0 0 -237 163 
31601000 5000 10000 8000 0 -715 -1162 -38444 999 -10 -6 0 1224000 1114000 1160000 1152000 1496000 1500000 1163000 1497000 1998000 998000 0 0 0 0 0 0 -237 163 
31701000 5000 10000 8000 0 1203 382 -38429 999 3 10 0 1197000 1140000 1167000 1150000 1496000 1499000 1163000 1497000 1998000 997000 0 0 0 0 0 0 -236 164 
31801000 5000 10000 8000 0 1393 721 -38475 999 6 12 0 1151000 1180000 1164000 1159000 1496000 1500000 1163000 1497000 1998000 998000 0 0 0 0 0 0 -236 164 
31901000 5000 10000 8000 0 270 -277 -38467 999 -2 2 0 1122000 1210000 1160000 1158000 1497000 1499000 1164000 1497000 1998000 998000 0 0 0 0 0 0 -237 163 
32001000 5000 10000 8000 0 -1045 -1330 -38445 999 -11 -9 0 1116000 1203000 1167000 1164000 1496000 1500000 1163000 1497000 1999000 998000 0 0 0 0 0 0 -237 163 
32101000 5000 10000 8000 0 -1767 -2250 -38443 999 -19 -15 0 1141000 1175000 1167000 1168000 1496000 1499000 1163000 1496000 1998000 998000 0 0 0 0 0 0 -237 163 
32201000 5000 10000 8000 0 -1747 -2232 -38431 999 -19 -15 0 1166000 1153000 1167000 1164000 1496000 1499000 1163000 1497000 1999000 998000 0 0 0 0 0 0 -237 163 
32301000 5000 10000 8000 0 -738 -1256 -38429 999 -10 -6 0 1189000 1132000 1168000 1161000 1496000 1499000 1163000 1497000 1999000 998000 0 0 0 0 0 0 -237 163 
32504000 5000 143000 9000 1000 30 -745 -38459 999 -6 0 0 1188000 1137000 1169000 1156000 1496000 1500000 1163000 1497000 1998000 997000 0 0 0 0 0 0 -237 163 
32601000 5000 10000 10000 0 264 -716 -38472 999 -6 2 0 1136000 1197000 1161000 1160000 1496000 1499000 1163000 1497000 1998000 998000 0 0 0 0 0 0 -236 164 
32701000 5000 10000 10000 0 -648 -1358 -38487 999 -11 -5 0 1137000 1195000 1163000 1159000 1496000 1500000 1163000 1497000 1998000 997000 0 0 0 0 0 0 -236 164 
32801000 5000 10000 10000 0 -1449 -2023 -38458 999 -17 -12 0 1142000 1191000 1160000 1157000 1497000 1499000 1164000 1497000 1998000 998000 0 0 0 0 0 0 -237 163 
32901000 5000 10000 10000 0 -1617 -2042 -38452 999 -17 -14 0 1154000 1163000 1169000 1164000 1496000 1500000 1163000 1497000 1999000 998000 0 0 0 0 0 0 -237 163 
33001000 5000 10000 10000 0 -1153 -1606 -38476 999 -14 -10 0 1171000 1156000 1163000 1160000 1496000 1499000 1163000 1496000 1999000 997000 0 0 0 0 0 0 -237 163 
33101000 5000 10000 10000 0 -646 -1037 -38471 999 -9 -5 0 1173000 1155000 1167000 1155000 1496000 1499000 1163000 1497000 1999000 998000 0 0 0 0 0 0 -237 163 
33201000 5000 10000 10000 0 -60 -570 -38466 999 -4 0 0 1171000 1158000 1167000 1154000 1496000 1499000 1163000 1497000 1999000 998000 0 0 0 0 0 0 -237 163 
33301000 5000 10000 10000 0 408 -185 -38478 999 -1 3 0 1181000 1146000 1164000 1159000 1496000 1499000 1163000 1497000 1998000 998000 0 0 0 0 0 0 -237 163 
33401000 5000 10000 10000 0 1472 531 -38488 999 4 12 0 1222000 1103000 1164000 1160000 1496000 1500000 1163000 1497000 1999000 998000 0 0 0 0 0 0 -237 163 
33501000 5000 10000 10000 0 4379 3181 -38352 998 27 38 -1 1310000 1100000 1175000 1140000 1496000 1499000 1163000 1497000 1999000 997000 0 0 0 0 0 0 -236 164 
33601000 5000 10000 10000 0 8469 7289 -37889 995 63 73 -4 1316000 1100000 1170000 1158000 1496000 1500000 1163000 1497000 1999000 998000 0 0 0 0 0 0 -236 164 
33701000 5000 10000 10000 0 10507 9585 -37639 992 83 91 -7 1210000 1133000 1172000 1136000 1497000 1499000 1164000 1497000 1998000 997000 0 0 0 0 0 0 -237 163 
33801000 5000 10000 10000 0 7726 6936 -38054 995 60 67 -4 1100000 1267000 1161000 1164000 1496000 1500000 1163000 1497000 1998000 998000 0 0 0 0 0 0 -237 163 
33901000 5000 10000 10000 0 2216 1676 -38508 999 14 19 0 1100000 1295000 1164000 1169000 1497000 1499000 1163000 1496000 1999000 998000 0 0 0 0 0 0 -237 163 
34001000 5000 10000 10000 0 -2974 -3211 -38424 999 -28 -25 0 1100000 1289000 1140000 1175000 1496000 1499000 1163000 1497000 1998000 998000 0 0 0 0 0 0 -237 163 
34101000 5000 10000 10000 0 -5629 -5848 -38189 997 -50 -49 -2 1109000 1219000 1144000 1178000 1496000 1499000 1163000 1496000 1999000 997000 0 0 0 0 0 0 -237 163 
34201000 5000 10000 10000 0 -5280 -5599 -38226 997 -48 -46 -2 1195000 1143000 1142000 1171000 1496000 1499000 1163000 1497000 1998000 998000 0 0 0 0 0 0 -237 163 
34301000 5000 10000 10000 0 -2740 -3182 -38403 999 -27 -23 0 1236000 1100000 1158000 1155000 1496000 1500000 1163000 1497000 1999000 998000 0 0 0 0 0 0 -237 163 
34401000 5000 10000 10000 0 175 -461 -38461 999 -4 1 0 1228000 1108000 1172000 1147000 1496000 1499000 1163000 1497000 1998000 998000 0 0 0 0 0 0 -236 164 
34501000 5000 10000 10000 0 1523 893 -38442 999 7 13 0 1176000 1158000 1168000 1151000 1496000 1500000 1163000 1497000 1999000 998000 0 0 0 0 0 0 -236 164 
34601000 5000 10000 10000 0 1033 445 -38443 999 3 9 0 1127000 1192000 1172000 1158000 1497000 1499000 1164000 1497000 1998000 997000 0 0 0 0 0 0 -237 163 
34701000 5000 10000 10000 0 -323 -789 -38444 999 -6 -2 0 1115000 1213000 1164000 1159000 1496000 1500000 1163000 1497000 1998000 998000 0 0 0 0 0 0 -237 163 
34801000 5000 10000 10000 0 -1597 -1863 -38441 999 -16 -13 0 1128000 1191000 1166000 1164000 1497000 1499000 1164000 1497000 1998000 998000 0 0 0 0 0 0 -237 163 
34901000 5000 10000 10000 0 -2040 -2362 -38411 999 -20 -17 0 1150000 1168000 1163000 1173000 1496000 1500000 1163000 1497000 1998000 998000 0 0 0 0 0 0 -236 164 
35001000 5000 10000 10000 0 -1385 -1875 -38426 999 -16 -12 0 1176000 1138000 1168000 1168000 1496000 1499000 1163000 1496000 1998000 998000 0 0 0 0 0 0 -237 163 
35101000 5000 10000 10000 0 -363 -931 -38451 999 -8 -3 0 1190000 1139000 1160000 1162000 1496000 1499000 1163000 1497000 1998000 998000 0 0 0 0 0 0 -237 163 
35201000 5000 10000 10000 0 404 -230 -38416 999 -2 3 0 1179000 1163000 1156000 1152000 1496000 1499000 1163000 1497000 1999000 998000 0 0 0 0 0 0 -237 163 
35301000 5000 10000 10000 0 491 -356 -38425 999 -3 4 0 1144000 1175000 1170000 1161000 1496000 1499000 1163000 1497000 1998000 998000 0 0 0 0 0 0 -237 163 
35401000 5000 10000 10000 0 -53 -1170 -38447 999 -10 0 0 1134000 1187000 1167000 1162000 1496000 1500000 1163000 1497000 1998000 998000 0 0 0 0 0 0 -237 163 
35501000 5000 10000 10000 0 -712 -1972 -38410 999 -17 -6 0 1145000 1186000 1159000 1160000 1496000 1499000 1163000 1497000 1998000 998000 0 0 0 0 0 0 -237 163 
35601000 5000 10000 10000 0 -850 -2107 -38398 999 -18 -7 0 1163000 1175000 1158000 1154000 1496000 1500000 1163000 1497000 1999000 998000 0 0 0 0 0 0 -237 163 
35701000 5000 10000 10000 0 -465 -1835 -38419 999 -16 -4 0 1175000 1155000 1167000 1152000 1497000 1499000 1164000 1497000 1998000 998000 0 0 0 0 0 0 -237 163 
35801000 5000 10000 10000 0 194 -1267 -38423 999 -11 1 0 1179000 1149000 1173000 1154000 1496000 1500000 1163000 1497000 1999000 998000 0 0 0 0 0 0 -236 164 
35901000 5000 10000 10000 0 825 -731 -38433 999 -6 7 0 1172000 1154000 1170000 1154000 1497000 1499000 1164000 1496000 1998000 998000 0 0 0 0 0 0 -237 163 
36001000 5000 10000 10000 0 783 -782 -38432 999 -6 6 0 1157000 1173000 1168000 1151000 1496000 1500000 1163000 1497000 1999000 998000 0 0 0 0 0 0 -237 163 
36101000 5000 10000 10000 0 378 -1252 -38416 999 -10 3 0 1143000 1183000 1168000 1156000 1496000 1499000 1163000 1496000 1998000 998000 0 0 0 0 0 0 -237 163 
36201000 5000 10000 10000 0 -214 -1669 -38408 999 -14 -1 0 1140000 1188000 1161000 1161000 1496000 1499000 1163000 1497000 1999000 997000 0 0 0 0 0 0 -237 163 
36301000 5000 10000 10000 0 -609 -1996 -38405 999 -17 -5 0 1153000 1175000 1164000 1158000 1496000 1499000 1163000 1497000 1999000 997000 0 0 0 0 0 0 -237 163 
36401000 5000 10000 10000 0 -566 -1893 -38401 999 -16 -4 0 1167000 1159000 1164000 1159000 1496000 1499000 1163000 1497000 1999000 998000 0 0 0 0 0 0 -237 163 
36501000 5000 10000 10000 0 4 -1233 -38429 999 -10 0 0 1175000 1143000 1172000 1160000 1496000 1500000 1163000 1497000 1999000 998000 0 0 0 0 0 0 -237 163 
36601000 5000 10000 10000 0 411 -622 -38431 999 -5 3 0 1177000 1163000 1161000 1148000 1496000 1499000 1163000 1497000 1998000 998000 0 0 0 0 0 0 -237 163 
36701000 5000 10000 10000 0 425 -398 -38411 999 -3 3 0 1161000 1173000 1163000 1153000 1496000 1500000 1163000 1497000 1999000 997000 0 0 0 0 0 0 -237 163 
36801000 5000 10000 10000 0 84 -533 -38423 999 -4 0 0 1145000 1172000 1168000 1169000 1497000 1499000 1164000 1497000 1998000 997000 0 0 0 0 0 0 -236 164 
36901000 5000 10000 10000 0 -469 -1067 -38424 999 -9 -4 0 1143000 1185000 1160000 1166000 1496000 1500000 1163000 1497000 1998000 997000 0 0 0 0 0 0 -236 164 
37001000 5000 10000 10000 0 -956 -1436 -38397 999 -12 -8 0 1154000 1189000 1149000 1158000 1497000 1499000 1164000 1496000 1998000 998000 0 0 0 0 0 0 -237 163 
37101000 5000 10000 10000 0 -1082 -1493 -38414 999 -13 -9 0 1163000 1168000 1161000 1158000 1496000 1500000 1163000 1497000 1998000 997000 0 0 0 0 0 0 -237 163 
37201000 5000 10000 10000 0 -857 -1372 -38420 999 -11 -7 0 1170000 1166000 1158000 1155000 1496000 1499000 1163000 1496000 1998000 997000 0 0 0 0 0 0 -237 163 
37301000 5000 10000 10000 0 -428 -969 -38415 999 -8 -3 0 1167000 1157000 1167000 1159000 1496000 1499000 1163000 1497000 1999000 998000 0 0 0 0 0 0 -237 163 
37401000 5000 10000 10000 0 -86 -762 -38422 999 -6 0 0 1162000 1169000 1163000 1156000 1496000 1499000 1163000 1497000 1999000 997000 0 0 0 0 0 0 -237 163 
37501000 5000 10000 10000 0 -198 -945 -38418 999 -8 -1 0 1155000 1174000 1164000 1158000 1496000 1499000 1163000 1497000 1998000 998000 0 0 0 0 0 0 -237 163 
37601000 5000 10000 10000 0 -374 -1102 -38411 999 -9 -3 0 1152000 1174000 1163000 1160000 1496000 1500000 1163000 1497000 1999000 998000 0 0 0 0 0 0 -237 163 
37701000 5000 10000 10000 0 -509 -1170 -38413 999 -10 -4 0 1161000 1172000 1160000 1160000 1496000 1499000 1163000 1497000 1998000 998000 0 0 0 0 0 0 -236 164 
37801000 5000 10000 10000 0 -456 -1032 -38411 999 -9 -3 0 1169000 1170000 1158000 1157000 1496000 1500000 1163000 1497000 1998000 998000 0 0 0 0 0 0 -236 164 
37901000 5000 10000 10000 0 -271 -666 -38404 999 -5 -2 0 1169000 1163000 1160000 1158000 1497000 1499000 1163000 1496000 1998000 998000 0 0 0 0 0 0 -237 163 
38001000 5000 10000 10000 0 -17 -323 -38415 999 -2 0 0 1167000 1150000 1169000 1164000 1496000 1499000 1163000 1497000 1998000 998000 0 0 0 0 0 0 -237 163 
38101000 5000 10000 10000 0 129 -176 -38419 999 -1 1 0 1160000 1164000 1165000 1161000 1496000 1500000 1163000 1497000 1999000 998000 0 0 0 0 0 0 -237 163 
38201000 5000 10000 10000 0 -36 -88 -38405 999 0 0 0 1158000 1174000 1159000 1159000 1497000 1499000 1164000 1497000 1998000 997000 0 0 0 0 0 0 -237 163 
38301000 5000 10000 10000 0 -188 -434 -38415 999 -3 -1 0 1152000 1172000 1162000 1163000 1496000 1499000 1163000 1497000 1998000 998000 0 0 0 0 0 0 -237 163 
38401000 5000 10000 10000 0 -486 -832 -38414 999 -7 -4 0 1151000 1174000 1164000 1161000 1496000 1500000 1163000 1497000 1999000 998000 0 0 0 0 0 0 -237 163 
38501000 5000 10000 10000 0 -574 -863 -38403 999 -7 -5 0 1160000 1170000 1160000 1160000 1497000 1499000 1164000 1497000 1998000 997000 0 0 0 0 0 0 -237 163 
38601000 5000 10000 10000 0 -411 -746 -38413 999 -6 -3 0 1165000 1159000 1165000 1161000 1496000 1500000 1163000 1497000 1998000 998000 0 0 0 0 0 0 -237 163 
38701000 5000 10000 10000 0 -57 -470 -38406 999 -4 0 0 1174000 1160000 1157000 1159000 1496000 1499000 1163000 1497000 1999000 997000 0 0 0 0 0 0 -237 163 
38801000 5000 10000 10000 0 97 -98 -38396 999 0 0 0 1170000 1161000 1160000 1159000 1496000 1499000 1163000 1497000 1998000 998000 0 0 0 0 0 0 -237 163 
38900000 5000 9000 10000 0 290 -137 -38412 999 -1 2 0 1161000 1165000 1164000 1160000 1496000 1500000 1163000 1497000 1999000 998000 0 0 0 0 0 0 -237 163 
39001000 5000 10000 11000 0 -37 -433 -38410 999 -3 0 0 1152000 1172000 1167000 1159000 1496000 1499000 1163000 1496000 1998000 997000 0 0 0 0 0 0 -237 163 
39101000 5000 10000 11000 0 -355 -591 -38406 999 -5 -3 0 1152000 1172000 1162000 1165000 1496000 1499000 1163000 1497000 1999000 998000 0 0 0 0 0 0 -237 163 
39201000 5000 10000 11000 0 -523 -624 -38409 999 -5 -4 0 1162000 1163000 1160000 1164000 1496000 1500000 1163000 1497000 1998000 998000 0 0 0 0 0 0 -237 163 
39301000 5000 10000 11000 0 -270 -538 -38399 999 -4 -2 0 1166000 1160000 1164000 1160000 1497000 1499000 1164000 1496000 1998000 997000 0 0 0 0 0 0 -237 163 
39401000 5000 10000 11000 0 127 -256 -38391 999 -2 1 0 1176000 1158000 1163000 1157000 1496000 1499000 1163000 1497000 1998000 998000 0 0 0 0 0 0 -236 164 
39501000 5000 10000 11000 0 609 -63 -38397 999 0 5 0 1169000 1158000 1163000 1161000 1496000 1500000 1163000 1497000 1999000 997000 0 0 0 0 0 0 -237 163 
39601000 5000 10000 11000 0 510 -125 -38402 999 -1 4 0 1154000 1165000 1166000 1165000 1497000 1499000 1164000 1497000 1999000 997000 0 0 0 0 0 0 -237 163 
39701000 5000 10000 11000 0 236 -582 -38395 999 -5 2 0 1155000 1184000 1158000 1157000 1496000 1500000 1163000 1497000 1998000 997000 0 0 0 0 0 0 -236 164 
39801000 5000 10000 11000 0 -264 -1117 -38397 999 -9 -2 0 1148000 1187000 1160000 1155000 1496000 1499000 1163000 1497000 1999000 997000 0 0 0 0 0 0 -237 163 
39901000 5000 10000 11000 0 -584 -1457 -38385 999 -12 -5 0 1153000 1167000 1169000 1161000 1496000 1499000 1163000 1497000 1998000 998000 0 0 0 0 0 0 -237 163 
40001000 5000 10000 11000 0 -481 -1229 -38388 999 -10 -4 0 1168000 1157000 1166000 1158000 1496000 1500000 1163000 1497000 1999000 998000 0 0 0 0 0 0 -237 163 
40101000 5000 10000 11000 0 1 -685 -38401 999 -5 0 0 1181000 1147000 1163000 1158000 1496000 1499000 1163000 1496000 1998000 997000 0 0 0 0 0 0 -237 163 
40201000 5000 10000 11000 0 582 -84 -38393 999 0 5 0 1175000 1152000 1168000 1155000 1496000 1499000 1163000 1497000 1999000 998000 0 0 0 0 0 0 -237 163 
40301000 5000 10000 11000 0 813 106 -38380 999 0 7 0 1163000 1158000 1168000 1160000 1496000 1500000 1163000 1497000 1999000 998000 0 0 0 0 0 0 -237 163 
40401000 5000 10000 11000 0 658 -210 -38396 999 -1 5 0 1152000 1173000 1165000 1164000 1497000 1499000 1164000 1496000 1998000 998000 0 0 0 0 0 0 -236 164 
40501000 5000 10000 11000 0 190 -855 -38380 999 -7 1 0 1150000 1192000 1156000 1156000 1496000 1499000 1163000 1497000 1998000 998000 0 0 0 0 0 0 -236 164 
40601000 5000 10000 11000 0 -365 -1260 -38376 999 -10 -3 0 1151000 1183000 1160000 1156000 1496000 1500000 1163000 1497000 1999000 998000 0 0 0 0 0 0 -237 163 
40701000 5000 10000 11000 0 -472 -1468 -38380 999 -12 -4 0 1163000 1169000 1162000 1160000 1497000 1499000 1164000 1497000 1998000 997000 0 0 0 0 0 0 -236 164 
40801000 5000 10000 11000 0 -382 -1307 -38386 999 -11 -3 0 1165000 1157000 1167000 1165000 1496000 1500000 1163000 1497000 1999000 998000 0 0 0 0 0 0 -236 164 
40901000 5000 10000 11000 0 -50 -920 -38391 999 -8 0 0 1174000 1155000 1163000 1158000 1496000 1499000 1163000 1497000 1999000 998000 0 0 0 0 0 0 -237 163 
41001000 5000 10000 11000 0 237 -628 -38391 999 -5 2 0 1172000 1172000 1160000 1146000 1496000 1499000 1163000 1497000 1999000 999000 0 0 0 0 0 0 -237 163 
41101000 5000 10000 11000 0 62 -492 -38387 999 -4 0 0 1156000 1168000 1170000 1156000 1496000 1500000 1163000 1497000 1999000 998000 0 0 0 0 0 0 -237 163 
41201000 5000 10000 11000 0 -144 -492 -38402 999 -4 -1 0 1153000 1166000 1166000 1165000 1496000 1499000 1163000 1496000 1998000 998000 0 0 0 0 0 0 -237 163 
41301000 5000 10000 11000 0 -487 -686 -38394 999 -5 -4 0 1153000 1180000 1155000 1161000 1496000 1499000 1163000 1497000 1998000 998000 0 0 0 0 0 0 -237 163 
41401000 5000 10000 11000 0 -869 -808 -38387 999 -7 -7 0 1156000 1177000 1159000 1157000 1496000 1500000 1163000 1497000 1998000 998000 0 0 0 0 0 0 -237 163 
41501000 5000 10000 11000 0 -800 -909 -38385 999 -7 -6 0 1162000 1166000 1162000 1160000 1497000 1499000 1164000 1497000 1998000 998000 0 0 0 0 0 0 -237 163 
41601000 5000 10000 11000 0 -557 -690 -38401 999 -6 -4 0 1165000 1156000 1166000 1163000 1496000 1500000 1163000 1497000 1998000 998000 0 0 0 0 0 0 -237 163 
41701000 5000 10000 11000 0 -155 -486 -38395 999 -4 -1 0 1168000 1159000 1162000 1161000 1496000 1500000 1163000 1497000 1999000 998000 0 0 0 0 0 0 -237 163 
41801000 5000 10000 11000 0 163 -309 -38395 999 -2 1 0 1167000 1172000 1157000 1154000 1496000 1499000 1163000 1497000 1999000 998000 0 0 0 0 0 0 -237 163 
41901000 5000 10000 11000 0 -2 -344 -38395 999 -3 0 0 1157000 1172000 1162000 1159000 1496000 1500000 1163000 1497000 1998000 998000 0 0 0 0 0 0 -237 163 
42001000 5000 10000 11000 0 -289 -532 -38388 999 -4 -2 0 1153000 1172000 1162000 1163000 1496000 1499000 1163000 1496000 1998000 998000 0 0 0 0 0 0 -237 163 
42101000 5000 10000 11000 0 -387 -611 -38400 999 -5 -3 0 1155000 1168000 1163000 1164000 1496000 1499000 1163000 1497000 1998000 998000 0 0 0 0 0 0 -237 163 
42201000 5000 10000 11000 0 -468 -768 -38407 999 -6 -4 0 1160000 1168000 1164000 1158000 1496000 1500000 1163000 1497000 1999000 998000 0 0 0 0 0 0 -237 163 
42301000 5000 10000 11000 0 -471 -715 -38391 999 -6 -4 0 1166000 1171000 1159000 1154000 1497000 1499000 1164000 1496000 1998000 998000 0 0 0 0 0 0 -237 163 
42401000 5000 10000 11000 0 -411 -579 -38387 999 -5 -3 0 1164000 1166000 1165000 1159000 1496000 1499000 1163000 1497000 1998000 998000 0 0 0 0 0 0 -236 164 
42501000 5000 10000 11000 0 -313 -699 -38392 999 -6 -2 0 1155000 1163000 1168000 1164000 1496000 1500000 1163000 1497000 1998000 998000 0 0 0 0 0 0 -237 163 
42601000 5000 10000 11000 0 -238 -880 -38385 999 -7 -2 0 1156000 1167000 1165000 1162000 1497000 1499000 1164000 1497000 1998000 997000 0 0 0 0 0 0 -237 163 
42701000 5000 10000 11000 0 -239 -729 -38391 999 -6 -2 0 1164000 1165000 1164000 1161000 1496000 1500000 1163000 1497000 1998000 998000 0 0 0 0 0 0 -236 164 
42801000 5000 10000 11000 0 -49 -895 -38386 999 -7 0 0 1167000 1169000 1159000 1155000 1496000 1499000 1163000 1497000 1999000 998000 0 0 0 0 0 0 -237 163 
42901000 5000 10000 11000 0 108 -784 -38378 999 -6 0 0 1164000 1160000 1165000 1160000 1496000 1499000 1163000 1497000 1999000 998000 0 0 0 0 0 0 -237 163 
43001000 5000 10000 11000 0 422 -533 -38385 999 -4 3 0 1165000 1151000 1166000 1168000 1496000 1500000 1163000 1497000 1998000 998000 0 0 0 0 0 0 -237 163 
43101000 5000 10000 11000 0 407 -422 -38383 999 -3 3 0 1165000 1167000 1162000 1156000 1497000 1499000 1163000 1496000 1998000 997000 0 0 0 0 0 0 -237 163 
43201000 5000 10000 11000 0 308 -571 -38369 999 -4 2 0 1158000 1176000 1162000 1154000 1496000 1499000 1163000 1497000 1998000 998000 0 0 0 0 0 0 -237 163 
43301000 5000 10000 11000 0 12 -807 -38382 999 -7 0 0 1152000 1174000 1165000 1160000 1496000 1500000 1163000 1497000 1999000 997000 0 0 0 0 0 0 -237 163 
43401000 5000 10000 11000 0 -225 -952 -38384 999 -8 -1 0 1150000 1170000 1167000 1167000 1497000 1499000 1164000 1497000 1998000 998000 0 0 0 0 0 0 -236 164 
43501000 5000 10000 11000 0 -292 -999 -38365 999 -8 -2 0 1166000 1169000 1161000 1158000 1496000 1500000 1163000 1497000 1998000 998000 0 0 0 0 0 0 -236 164 
43601000 5000 10000 11000 0 -33 -671 -38364 999 -5 0 0 1172000 1162000 1160000 1156000 1496000 1499000 1163000 1497000 1999000 997000 0 0 0 0 0 0 -237 163 
43701000 5000 10000 11000 0 322 -475 -38361 999 -4 2 0 1168000 1156000 1170000 1157000 1496000 1499000 1163000 1497000 1998000 998000 0 0 0 0 0 0 -237 163 
43801000 5000 10000 11000 0 333 -140 -38355 999 -1 2 0 1162000 1164000 1165000 1159000 1496000 1500000 1163000 1497000 1999000 997000 0 0 0 0 0 0 -237 163 
43901000 5000 10000 11000 0 169 -203 -38361 999 -1 1 0 1161000 1175000 1159000 1155000 1496000 1499000 1163000 1496000 1998000 997000 0 0 0 0 0 0 -237 163 
44001000 5000 10000 11000 0 -136 -431 -38357 999 -3 -1 0 1150000 1178000 1161000 1161000 1496000 1499000 1163000 1497000 1998000 998000 0 0 0 0 0 0 -237 163 
44101000 5000 10000 11000 0 -336 -664 -38353 999 -5 -2 0 1153000 1167000 1167000 1163000 1496000 1500000 1163000 1497000 1998000 997000 0 0 0 0 0 0 -237 163 
44201000 5000 10000 11000 0 -440 -878 -38356 999 -7 -3 0 1156000 1163000 1164000 1168000 1497000 1499000 1164000 1497000 1998000 997000 0 0 0 0 0 0 -237 163 
44301000 5000 10000 11000 0 -443 -890 -38360 999 -7 -3 0 1160000 1163000 1162000 1165000 1496000 1500000 1163000 1497000 1999000 997000 0 0 0 0 0 0 -237 163 
44401000 5000 10000 11000 0 -198 -779 -38343 999 -6 -1 0 1173000 1168000 1151000 1158000 1496000 1499000 1163000 1497000 1999000 997000 0 0 0 0 0 0 -237 163 
44501000 5000 10000 11000 0 10 -555 -38353 999 -4 0 0 1173000 1159000 1161000 1158000 1496000 1499000 1163000 1497000 1999000 998000 0 0 0 0 0 0 -237 163 
44601000 5000 10000 11000 0 248 -403 -38360 999 -3 2 0 1162000 1163000 1165000 1160000 1496000 1500000 1163000 1497000 1998000 997000 0 0 0 0 0 0 -237 163 
44701000 5000 10000 11000 0 38 -323 -38362 999 -2 0 0 1155000 1174000 1161000 1159000 1496000 1499000 1163000 1496000 1998000 997000 0 0 0 0 0 0 -237 163 
44801000 5000 10000 11000 0 -222 -853 -38362 999 -7 -1 0 1153000 1179000 1161000 1157000 1496000 1499000 1163000 1497000 1998000 998000 0 0 0 0 0 0 -237 163 
44901000 5000 10000 11000 0 -480 -1107 -38352 999 -9 -4 0 1155000 1179000 1162000 1154000 1496000 1500000 1163000 1497000 1999000 997000 0 0 0 0 0 0 -237 163 
45001000 5000 10000 11000 0 -583 -1072 -38344 999 -9 -5 0 1158000 1169000 1164000 1159000 1497000 1499000 1164000 1497000 1998000 997000 0 0 0 0 0 0 -237 163 
45101000 5000 10000 11000 0 -454 -981 -38362 999 -8 -3 0 1160000 1158000 1171000 1165000 1496000 1500000 1163000 1497000 1998000 998000 0 0 0 0 0 0 -236 164 
45201000 5000 10000 11000 0 -219 -913 -38358 999 -7 -1 0 1165000 1160000 1162000 1163000 1496000 1499000 1163000 1497000 1999000 997000 0 0 0 0 0 0 -237 163 
45301000 5000 10000 11000 0 -151 -577 -38350 999 -5 -1 0 1170000 1168000 1152000 1160000 1496000 1499000 1163000 1497000 1998000 998000 0 0 0 0 0 0 -237 163 
45401000 5000 10000 11000 0 -154 -522 -38353 999 -4 -1 0 1159000 1174000 1160000 1158000 1496000 1500000 1163000 1497000 1998000 998000 0 0 0 0 0 0 -237 163 
45501000 5000 10000 11000 0 -157 -719 -38357 999 -6 -1 0 1156000 1167000 1164000 1163000 1497000 1499000 1163000 1496000 1998000 998000 0 0 0 0 0 0 -237 163 
45601000 5000 10000 11000 0 -112 -624 -38358 999 -5 0 0 1160000 1157000 1168000 1165000 1496000 1499000 1163000 1497000 1998000 998000 0 0 0 0 0 0 -237 163 
45701000 5000 10000 11000 0 -1 -566 -38356 999 -4 0 0 1167000 1167000 1160000 1157000 1496000 1500000 1163000 1497000 1999000 998000 0 0 0 0 0 0 -237 163 
45801000 5000 10000 11000 0 181 -764 -38354 999 -6 1 0 1169000 1172000 1159000 1154000 1497000 1499000 1164000 1497000 1998000 998000 0 0 0 0 0 0 -236 164 
45901000 5000 10000 11000 0 202 -855 -38339 999 -7 1 0 1164000 1176000 1160000 1154000 1496000 1500000 1163000 1497000 1999000 998000 0 0 0 0 0 0 -236 164 
46001000 5000 10000 11000 0 69 -992 -38352 999 -8 0 0 1150000 1170000 1167000 1162000 1496000 1499000 1163000 1497000 1999000 998000 0 0 0 0 0 0 -237 163 
46101000 5000 10000 11000 0 -222 -1233 -38345 999 -10 -1 0 1145000 1177000 1165000 1164000 1496000 1499000 1163000 1497000 1998000 997000 0 0 0 0 0 0 -237 163 
46201000 5000 10000 11000 0 -459 -1410 -38334 999 -12 -4 0 1155000 1173000 1163000 1159000 1496000 1500000 1163000 1497000 1999000 998000 0 0 0 0 0 0 -237 163 
46301000 5000 10000 11000 0 -550 -1397 -38339 999 -12 -4 0 1164000 1167000 1162000 1156000 1497000 1499000 1163000 1496000 1998000 997000 0 0 0 0 0 0 -237 163 
46401000 5000 10000 11000 0 -287 -1188 -38336 999 -10 -2 0 1171000 1159000 1162000 1158000 1496000 1499000 1163000 1497000 1998000 998000 0 0 0 0 0 0 -237 163 
46501000 5000 10000 11000 0 -60 -756 -38340 999 -6 0 0 1167000 1164000 1163000 1156000 1496000 1500000 1163000 1497000 1998000 998000 0 0 0 0 0 0 -237 163 
46601000 5000 10000 11000 0 160 -955 -38340 999 -8 1 0 1164000 1169000 1164000 1153000 1497000 1499000 1164000 1497000 1998000 997000 0 0 0 0 0 0 -237 163 
46701000 5000 10000 11000 0 191 -850 -38331 999 -7 1 0 1158000 1165000 1168000 1159000 1496000 1500000 1163000 1496000 1999000 998000 0 0 0 0 0 0 -237 163 
46801000 5000 10000 11000 0 144 -939 -38334 999 -8 1 0 1156000 1169000 1165000 1160000 1496000 1499000 1164000 1496000 1999000 998000 0 0 0 0 0 0 -237 163 
46901000 5000 10000 11000 0 -117 -1067 -38331 999 -9 -1 0 1158000 1183000 1159000 1155000 1496000 1499000 1163000 1496000 1998000 998000 0 0 0 0 0 0 -236 164 
47001000 5000 10000 11000 0 -376 -1290 -38317 999 -11 -3 0 1160000 1176000 1160000 1158000 1496000 1500000 1164000 1496000 1999000 998000 0 0 0 0 0 0 -236 164 
47101000 5000 10000 11000 0 -322 -1314 -38327 999 -11 -2 0 1164000 1170000 1161000 1159000 1497000 1499000 1164000 1496000 1998000 998000 0 0 0 0 0 0 -236 164 
47201000 5000 10000 11000 0 -195 -1284 -38346 999 -11 -1 0 1160000 1161000 1169000 1163000 1496000 1499000 1163000 1496000 1998000 998000 0 0 0 0 0 0 -236 164 
47301000 5000 10000 11000 0 31 -1063 -38349 999 -9 0 0 1165000 1164000 1166000 1159000 1496000 1500000 1164000 1496000 1999000 998000 0 0 0 0 0 0 -236 164 
47401000 5000 10000 11000 0 200 -1057 -38333 999 -9 1 0 1169000 1169000 1165000 1151000 1496000 1499000 1163000 1497000 1998000 998000 0 0 0 0 0 0 -236 164 
47501000 5000 10000 11000 0 245 -956 -38333 999 -8 2 0 1157000 1161000 1171000 1160000 1496000 1500000 1164000 1496000 1999000 998000 0 0 0 0 0 0 -237 163 
47601000 5000 10000 11000 0 140 -933 -38324 999 -8 1 0 1153000 1168000 1169000 1163000 1496000 1499000 1164000 1496000 1998000 998000 0 0 0 0 0 0 -236 164 
47701000 5000 10000 11000 0 75 -939 -38322 999 -8 0 0 1164000 1171000 1162000 1157000 1496000 1499000 1163000 1496000 1999000 998000 0 0 0 0 0 0 -236 164 
47801000 5000 10000 11000 0 -9 -869 -38322 999 -7 0 0 1164000 1170000 1165000 1151000 1496000 1500000 1164000 1496000 1998000 998000 0 0 0 0 0 0 -237 163 
47901000 5000 10000 11000 0 -55 -971 -38319 999 -8 0 0 1160000 1172000 1165000 1157000 1497000 1499000 1164000 1497000 1998000 998000 0 0 0 0 0 0 -236 164 
48001000 5000 10000 11000 0 -111 -1001 -38325 999 -8 0 0 1158000 1169000 1164000 1162000 1496000 1500000 1164000 1496000 1998000 998000 0 0 0 0 0 0 -236 164 
48101000 5000 10000 11000 0 -259 -982 -38323 999 -8 -2 0 1160000 1170000 1165000 1159000 1496000 1499000 1164000 1496000 1999000 998000 0 0 0 0 0 0 -236 164 
48201000 5000 10000 11000 0 -248 -872 -38310 999 -7 -2 0 1162000 1166000 1165000 1156000 1496000 1499000 1163000 1496000 1998000 997000 0 0 0 0 0 0 -237 163 
48301000 5000 10000 11000 0 -189 -782 -38319 999 -6 -1 0 1159000 1161000 1166000 1163000 1496000 1500000 1164000 1496000 1999000 998000 0 0 0 0 0 0 -237 163 
48401000 5000 10000 11000 0 -230 -769 -38315 999 -6 -2 0 1160000 1174000 1158000 1162000 1497000 1499000 1164000 1496000 1998000 997000 0 0 0 0 0 0 -236 164 
48501000 5000 10000 11000 0 -337 -840 -38301 999 -7 -2 0 1158000 1176000 1156000 1159000 1496000 1499000 1163000 1496000 1998000 998000 0 0 0 0 0 0 -237 163 
48601000 5000 10000 11000 0 -379 -1028 -38318 999 -8 -3 0 1152000 1169000 1168000 1161000 1496000 1500000 1164000 1496000 1999000 998000 0 0 0 0 0 0 -237 163 
48701000 5000 10000 11000 0 -517 -1129 -38319 999 -9 -4 0 1155000 1172000 1164000 1163000 1497000 1499000 1164000 1497000 1998000 998000 0 0 0 0 0 0 -236 164 
48801000 5000 10000 11000 0 -652 -1047 -38319 999 -9 -5 0 1159000 1169000 1163000 1162000 1496000 1500000 1164000 1496000 1998000 998000 0 0 0 0 0 0 -236 164 
48901000 5000 10000 11000 0 -448 -806 -38307 999 -7 -3 0 1177000 1168000 1155000 1154000 1496000 1499000 1164000 1496000 1998000 998000 0 0 0 0 0 0 -236 164 
49001000 5000 10000 11000 0 -6 -436 -38305 999 -3 0 0 1173000 1155000 1165000 1161000 1496000 1499000 1163000 1496000 1998000 998000 0 0 0 0 0 0 -236 164 
49101000 5000 10000 11000 0 173 -206 -38312 999 -1 1 0 1161000 1161000 1166000 1166000 1496000 1500000 1164000 1496000 1999000 998000 0 0 0 0 0 0 -236 164 
49201000 5000 10000 11000 0 85 -284 -38309 999 -2 0 0 1160000 1178000 1156000 1161000 1497000 1499000 1164000 1497000 1998000 997000 0 0 0 0 0 0 -236 164 
49301000 5000 10000 11000 0 -436 -573 -38302 999 -5 -3 0 1154000 1184000 1158000 1158000 1496000 1500000 1163000 1496000 1999000 998000 0 0 0 0 0 0 -236 164 
49401000 5000 10000 11000 0 -743 -964 -38294 999 -8 -6 0 1149000 1176000 1165000 1164000 1496000 1500000 1164000 1496000 1999000 998000 0 0 0 0 0 0 -236 164 
49501000 5000 10000 11000 0 -803 -1044 -38301 999 -9 -7 0 1157000 1160000 1169000 1169000 1496000 1499000 1163000 1496000 1998000 997000 0 0 0 0 0 0 -236 164 
49601000 5000 10000 11000 0 -640 -888 -38308 999 -7 -5 0 1163000 1163000 1162000 1162000 1496000 1500000 1164000 1496000 1998000 998000 0 0 0 0 0 0 -237 163 
49701000 5000 10000 11000 0 -462 -705 -38294 999 -6 -4 0 1171000 1172000 1157000 1154000 1497000 1499000 1164000 1496000 1998000 997000 0 0 0 0 0 0 -236 164 
49801000 5000 10000 11000 0 -335 -611 -38296 999 -5 -2 0 1163000 1171000 1166000 1154000 1496000 1499000 1163000 1496000 1999000 998000 0 0 0 0 0 0 -236 164 
49901000 5000 10000 11000 0 -292 -899 -38301 999 -7 -2 0 1154000 1168000 1165000 1162000 1496000 1500000 1164000 1496000 1999000 998000 0 0 0 0 0 0 -237 163 
50001000 5000 10000 11000 0 -348 -873 -38305 999 -7 -3 0 1153000 1164000 1166000 1170000 1496000 1499000 1164000 1497000 1998000 997000 0 0 0 0 0 0 -236 164 
50101000 5000 10000 11000 0 -564 -1031 -38303 999 -9 -4 0 1158000 1178000 1155000 1163000 1496000 1500000 1164000 1496000 1998000 998000 0 0 0 0 0 0 -236 164 
50201000 5000 10000 11000 0 -671 -1194 -38287 999 -10 -5 0 1162000 1175000 1158000 1159000 1496000 1499000 1164000 1496000 1998000 998000 0 0 0 0 0 0 -236 164 
50301000 5000 10000 11000 0 -587 -1080 -38294 999 -9 -5 0 1163000 1167000 1159000 1161000 1496000 1499000 1163000 1496000 1998000 998000 0 0 0 0 0 0 -237 163 
50401000 5000 10000 11000 0 -347 -882 -38308 999 -7 -3 0 1168000 1167000 1160000 1155000 1496000 1500000 1164000 1496000 1998000 998000 0 0 0 0 0 0 -237 163 
50501000 5000 10000 11000 0 -151 -653 -38308 999 -5 -1 0 1167000 1164000 1166000 1157000 1497000 1499000 1164000 1497000 1998000 997000 0 0 0 0 0 0 -236 164 
50601000 5000 10000 11000 0 99 -618 -38300 999 -5 0 0 1164000 1163000 1169000 1154000 1496000 1499000 1165000 1496000 1998000 997000 0 0 0 0 0 0 -237 163 
50701000 5000 10000 11000 0 279 -482 -38306 999 -4 2 0 1163000 1158000 1171000 1157000 1496000 1499000 1164000 1496000 2000000 998000 0 0 0 0 0 0 -237 163 
50801000 5000 10000 11000 0 231 -594 -38297 999 -5 2 0 1160000 1172000 1165000 1157000 1496000 1499000 1164000 1496000 1998000 998000 0 0 0 0 0 0 -236 164 
50901000 5000 10000 11000 0 129 -775 -38294 999 -6 1 0 1160000 1175000 1163000 1156000 1496000 1500000 1164000 1496000 1999000 998000 0 0 0 0 0 0 -236 164 
51001000 5000 10000 11000 0 -5 -818 -38299 999 -7 0 0 1158000 1165000 1167000 1164000 1497000 1499000 1164000 1496000 1998000 997000 0 0 0 0 0 0 -236 164 
51101000 5000 10000 11000 0 -6 -1118 -38299 999 -9 0 0 1159000 1175000 1162000 1159000 1496000 1499000 1163000 1496000 1999000 998000 0 0 0 0 0 0 -236 164 
51201000 5000 10000 11000 0 -123 -1129 -38284 999 -9 -1 0 1166000 1182000 1154000 1152000 1496000 1500000 1164000 1496000 1999000 997000 0 0 0 0 0 0 -236 164 
51301000 5000 10000 11000 0 -139 -1091 -38302 999 -9 -1 0 1161000 1164000 1170000 1158000 1496000 1499000 1164000 1497000 1998000 997000 0 0 0 0 0 0 -236 164 
51401000 5000 10000 11000 0 -113 -998 -38299 999 -8 0 0 1162000 1159000 1170000 1163000 1496000 1499000 1164000 1496000 1998000 997000 0 0 0 0 0 0 -236 164 
51501000 5000 10000 11000 0 -12 -752 -38291 999 -6 0 0 1166000 1166000 1162000 1160000 1496000 1499000 1164000 1496000 1998000 997000 0 0 0 0 0 0 -236 164 
51601000 5000 10000 11000 0 11 -971 -38288 999 -8 0 0 1159000 1179000 1163000 1154000 1496000 1499000 1164000 1496000 1998000 998000 0 0 0 0 0 0 -236 164 
51701000 5000 10000 11000 0 -239 -1293 -38280 999 -11 -2 0 1146000 1180000 1165000 1163000 1496000 1500000 1164000 1496000 1999000 997000 0 0 0 0 0 0 -236 164 
51801000 5000 10000 11000 0 -485 -1488 -38273 999 -12 -4 0 1145000 1170000 1168000 1167000 1497000 1499000 1164000 1497000 1998000 998000 0 0 0 0 0 0 -237 163 
51901000 5000 10000 11000 0 -744 -1673 -38274 999 -14 -6 0 1153000 1181000 1158000 1158000 1496000 1499000 1164000 1496000 1999000 998000 0 0 0 0 0 0 -237 163 
52001000 5000 10000 11000 0 -886 -1723 -38260 999 -15 -7 0 1155000 1174000 1166000 1158000 1496000 1499000 1164000 1496000 1998000 997000 0 0 0 0 0 0 -236 164 
52101000 5000 10000 11000 0 -652 -1629 -38270 999 -14 -5 0 1164000 1163000 1165000 1158000 1496000 1499000 1164000 1496000 1998000 998000 0 0 0 0 0 0 -237 163 
52201000 5000 10000 11000 0 -316 -1096 -38281 999 -9 -2 0 1171000 1155000 1169000 1155000 1496000 1500000 1164000 1496000 1999000 998000 0 0 0 0 0 0 -237 163 
52301000 5000 10000 11000 0 177 -628 -38271 999 -5 1 0 1178000 1162000 1163000 1151000 1497000 1499000 1164000 1497000 1999000 997000 0 0 0 0 0 0 -236 164 
52401000 5000 10000 11000 0 597 -440 -38263 999 -3 5 0 1167000 1158000 1170000 1155000 1496000 1499000 1165000 1496000 1999000 998000 0 0 0 0 0 0 -237 163 
52501000 5000 10000 11000 0 536 -449 -38268 999 -3 4 0 1156000 1165000 1169000 1160000 1496000 1499000 1164000 1496000 1999000 997000 0 0 0 0 0 0 -237 163 
52601000 5000 10000 11000 0 243 -891 -38265 999 -7 2 0 1150000 1184000 1163000 1157000 1496000 1499000 1164000 1496000 1998000 998000 0 0 0 0 0 0 -236 164 
52701000 5000 10000 11000 0 -237 -1371 -38254 999 -11 -2 0 1149000 1188000 1158000 1159000 1496000 1500000 1164000 1496000 1999000 997000 0 0 0 0 0 0 -236 164 
52801000 5000 10000 12000 0 -617 -1618 -38255 999 -14 -5 0 1155000 1176000 1164000 1158000 1497000 1499000 1164000 1497000 1998000 997000 0 0 0 0 0 0 -236 164 
52901000 5000 10000 12000 0 -553 -1436 -38247 999 -12 -4 0 1166000 1159000 1166000 1163000 1496000 1499000 1163000 1496000 1999000 998000 0 0 0 0 0 0 -236 164 
53001000 5000 10000 12000 0 -53 -1032 -38259 999 -9 0 0 1180000 1146000 1169000 1159000 1496000 1500000 1164000 1496000 1999000 998000 0 0 0 0 0 0 -236 164 
53144000 5000 143000 13000 1000 -53 -1032 -38259 999 -9 0 0 1182000 1142000 1168000 1162000 1496000 1500000 1163000 1498000 1998000 997000 0 0 0 0 0 0 -236 164 
53201000 5000 10000 14000 0 269 -399 -38286 999 -3 2 0 1158000 1172000 1167000 1153000 1496000 1500000 1164000 1496000 1999000 998000 0 0 0 0 0 0 -237 163 
53301000 5000 10000 14000 0 -303 -1067 -38289 999 -9 -2 0 1130000 1191000 1162000 1166000 1497000 1499000 1164000 1496000 1998000 997000 0 0 0 0 0 0 -237 163 
53401000 5000 10000 14000 0 -1216 -1914 -38277 999 -16 -10 0 1134000 1192000 1162000 1161000 1496000 1499000 1164000 1496000 1998000 998000 0 0 0 0 0 0 -237 163 
53501000 5000 10000 14000 0 -1767 -2419 -38250 999 -21 -15 0 1151000 1191000 1155000 1157000 1496000 1500000 1164000 1496000 1999000 998000 0 0 0 0 0 0 -236 164 
53601000 5000 10000 14000 0 -1620 -2124 -38265 999 -18 -14 0 1169000 1165000 1163000 1153000 1496000 1499000 1164000 1497000 1998000 997000 0 0 0 0 0 0 -237 163 
53701000 5000 10000 14000 0 -1021 -1508 -38286 999 -13 -8 0 1179000 1153000 1160000 1158000 1496000 1499000 1164000 1496000 1998000 998000 0 0 0 0 0 0 -237 163 
53801000 5000 10000 14000 0 -339 -806 -38293 999 -7 -2 0 1173000 1154000 1167000 1160000 1497000 1499000 1164000 1496000 1998000 997000 0 0 0 0 0 0 -236 164 
53901000 5000 10000 14000 0 173 -572 -38300 999 -4 1 0 1166000 1163000 1166000 1156000 1496000 1499000 1164000 1496000 1999000 998000 0 0 0 0 0 0 -237 163 
54001000 5000 10000 14000 0 -20 -718 -38289 999 -6 0 0 1154000 1183000 1160000 1153000 1496000 1500000 1164000 1496000 1999000 998000 0 0 0 0 0 0 -237 163 
54101000 5000 10000 14000 0 -464 -1282 -38281 999 -11 -4 0 1140000 1183000 1170000 1160000 1496000 1499000 1164000 1497000 1998000 997000 0 0 0 0 0 0 -236 164 
54201000 5000 10000 14000 0 -929 -1563 -38278 999 -13 -8 0 1145000 1182000 1163000 1164000 1496000 1499000 1164000 1496000 1999000 998000 0 0 0 0 0 0 -236 164 
54301000 5000 10000 14000 0 -1050 -1569 -38274 999 -13 -9 0 1160000 1167000 1164000 1163000 1496000 1499000 1164000 1496000 1998000 998000 0 0 0 0 0 0 -236 164 
54401000 5000 10000 14000 0 -774 -1156 -38271 999 -10 -6 0 1173000 1159000 1161000 1160000 1496000 1499000 1164000 1496000 1998000 998000 0 0 0 0 0 0 -236 164 
54501000 5000 10000 14000 0 -291 -782 -38283 999 -6 -2 0 1170000 1152000 1169000 1163000 1496000 1500000 1164000 1496000 1999000 998000 0 0 0 0 0 0 -236 164 
54601000 5000 10000 14000 0 8 -568 -38288 999 -4 0 0 1168000 1167000 1162000 1157000 1497000 1499000 1164000 1497000 1998000 997000 0 0 0 0 0 0 -236 164 
54701000 5000 10000 14000 0 55 -759 -38279 999 -6 0 0 1156000 1177000 1162000 1159000 1496000 1499000 1164000 1496000 1998000 998000 0 0 0 0 0 0 -236 164 
54801000 5000 10000 14000 0 -251 -1023 -38284 999 -8 -2 0 1151000 1172000 1166000 1161000 1496000 1499000 1164000 1496000 1998000 998000 0 0 0 0 0 0 -237 163 
54901000 5000 10000 14000 0 -355 -1260 -38280 999 -11 -3 0 1150000 1175000 1164000 1161000 1496000 1499000 1164000 1496000 1998000 998000 0 0 0 0 0 0 -237 163 
55001000 5000 10000 14000 0 -450 -1395 -38277 999 -12 -3 0 1155000 1173000 1167000 1160000 1496000 1500000 1164000 1496000 1999000 998000 0 0 0 0 0 0 -236 164 
55101000 5000 10000 14000 0 -500 -1392 -38268 999 -12 -4 0 1163000 1177000 1161000 1154000 1497000 1499000 1164000 1497000 1999000 997000 0 0 0 0 0 0 -236 164 
55201000 5000 10000 14000 0 -512 -1413 -38261 999 -12 -4 0 1157000 1171000 1167000 1159000 1496000 1499000 1164000 1496000 1999000 997000 0 0 0 0 0 0 -236 164 
55301000 5000 10000 14000 0 -473 -1297 -38267 999 -11 -4 0 1155000 1172000 1165000 1162000 1496000 1499000 1164000 1496000 1998000 997000 0 0 0 0 0 0 -236 164 
55401000 5000 10000 14000 0 -396 -1183 -38276 999 -10 -3 0 1160000 1165000 1165000 1160000 1496000 1499000 1164000 1496000 1998000 998000 0 0 0 0 0 0 -237 163 
55501000 5000 10000 14000 0 -252 -964 -38281 999 -8 -2 0 1167000 1166000 1162000 1155000 1496000 1499000 1164000 1496000 1998000 998000 0 0 0 0 0 0 -237 163 
55601000 5000 10000 14000 0 13 -692 -38268 999 -6 0 0 1171000 1161000 1163000 1159000 1497000 1499000 1164000 1497000 1998000 998000 0 0 0 0 0 0 -236 164 
55701000 5000 10000 14000 0 211 -589 -38282 999 -5 1 0 1158000 1164000 1168000 1160000 1496000 1499000 1165000 1496000 1999000 997000 0 0 0 0 0 0 -237 163 
55801000 5000 10000 14000 0 29 -592 -38274 999 -5 0 0 1153000 1173000 1165000 1158000 1496000 1499000 1164000 1496000 1999000 998000 0 0 0 0 0 0 -237 163 
55901000 5000 10000 14000 0 -143 -893 -38263 999 -7 -1 0 1153000 1171000 1167000 1163000 1496000 1499000 1164000 1496000 1999000 997000 0 0 0 0 0 0 -236 164 
56001000 5000 10000 14000 0 -364 -1090 -38268 999 -9 -3 0 1152000 1174000 1163000 1166000 1496000 1499000 1164000 1496000 1998000 998000 0 0 0 0 0 0 -236 164 
56101000 5000 10000 14000 0 -640 -1282 -38260 999 -11 -5 0 1158000 1176000 1158000 1162000 1497000 1499000 1164000 1497000 1998000 998000 0 0 0 0 0 0 -236 164 
56201000 5000 10000 14000 0 -511 -1257 -38253 999 -10 -4 0 1167000 1170000 1159000 1158000 1496000 1499000 1165000 1496000 1998000 997000 0 0 0 0 0 0 -236 164 
56301000 5000 10000 14000 0 -145 -1023 -38257 999 -8 -1 0 1171000 1158000 1168000 1157000 1496000 1499000 1164000 1496000 1999000 998000 0 0 0 0 0 0 -236 164 
56401000 5000 10000 14000 0 163 -849 -38267 999 -7 1 0 1161000 1158000 1173000 1162000 1496000 1499000 1164000 1496000 1999000 997000 0 0 0 0 0 0 -236 164 
56501000 5000 10000 14000 0 211 -798 -38264 999 -6 1 0 1162000 1174000 1163000 1154000 1496000 1499000 1164000 1496000 1999000 998000 0 0 0 0 0 0 -236 164 
56601000 5000 10000 14000 0 43 -1042 -38252 999 -9 0 0 1158000 1183000 1156000 1152000 1497000 1499000 1164000 1497000 1998000 998000 0 0 0 0 0 0 -237 163 
56701000 5000 10000 14000 0 -232 -1260 -38256 999 -11 -2 0 1150000 1174000 1166000 1161000 1496000 1499000 1164000 1496000 1998000 998000 0 0 0 0 0 0 -237 163 
56801000 5000 10000 14000 0 -413 -1471 -38258 999 -12 -3 0 1151000 1174000 1165000 1164000 1496000 1499000 1164000 1496000 1999000 998000 0 0 0 0 0 0 -236 164 
56901000 5000 10000 14000 0 -525 -1537 -38262 999 -13 -4 0 1158000 1167000 1166000 1159000 1496000 1499000 1164000 1496000 1999000 997000 0 0 0 0 0 0 -237 163 
57001000 5000 10000 14000 0 -499 -1449 -38253 999 -12 -4 0 1162000 1171000 1165000 1152000 1496000 1499000 1164000 1496000 1999000 998000 0 0 0 0 0 0 -237 163 
57101000 5000 10000 14000 0 -254 -1223 -38253 999 -10 -2 0 1166000 1161000 1168000 1160000 1497000 1499000 1164000 1497000 1998000 997000 0 0 0 0 0 0 -236 164 
57201000 5000 10000 14000 0 -97 -975 -38266 999 -8 0 0 1167000 1171000 1161000 1151000 1496000 1499000 1165000 1496000 1998000 998000 0 0 0 0 0 0 -237 163 
57301000 5000 10000 14000 0 -64 -787 -38252 999 -6 0 0 1162000 1176000 1159000 1153000 1496000 1499000 1164000 1496000 1999000 998000 0 0 0 0 0 0 -237 163 
57401000 5000 10000 14000 0 -183 -755 -38255 999 -6 -1 0 1154000 1165000 1169000 1166000 1496000 1499000 1164000 1496000 1998000 998000 0 0 0 0 0 0 -236 164 
57501000 5000 10000 14000 0 -316 -923 -38263 999 -8 -2 0 1155000 1171000 1163000 1165000 1496000 1500000 1164000 1496000 1998000 998000 0 0 0 0 0 0 -236 164 
57601000 5000 10000 14000 0 -386 -1119 -38243 999 -9 -3 0 1163000 1175000 1159000 1157000 1497000 1499000 1164000 1497000 1999000 997000 0 0 0 0 0 0 -236 164 
57701000 5000 10000 14000 0 -295 -982 -38240 999 -8 -2 0 1173000 1168000 1159000 1154000 1496000 1499000 1165000 1496000 1999000 997000 0 0 0 0 0 0 -236 164 
57801000 5000 10000 14000 0 -7 -711 -38250 999 -6 0 0 1174000 1158000 1162000 1160000 1496000 1499000 1164000 1496000 1999000 998000 0 0 0 0 0 0 -236 164 
57901000 5000 10000 14000 0 231 -445 -38253 999 -3 2 0 1163000 1158000 1166000 1167000 1496000 1499000 1164000 1496000 1998000 998000 0 0 0 0 0 0 -236 164 
58001000 5000 10000 14000 0 132 -395 -38254 999 -3 1 0 1160000 1177000 1159000 1157000 1496000 1499000 1164000 1496000 1999000 998000 0 0 0 0 0 0 -236 164 
58101000 5000 10000 14000 0 -198 -913 -38247 999 -7 -1 0 1149000 1186000 1157000 1158000 1497000 1499000 1164000 1497000 1998000 998000 0 0 0 0 0 0 -237 163 
58201000 5000 10000 14000 0 -669 -1208 -38244 999 -10 -5 0 1146000 1174000 1168000 1161000 1496000 1499000 1165000 1496000 1998000 998000 0 0 0 0 0 0 -237 163 
58301000 5000 10000 14000 0 -784 -1261 -38251 999 -11 -6 0 1159000 1173000 1166000 1160000 1496000 1499000 1164000 1496000 1999000 998000 0 0 0 0 0 0 -235 165 
58401000 5000 10000 14000 0 -644 -1058 -38264 999 -9 -5 0 1166000 1163000 1167000 1158000 1496000 1499000 1164000 1496000 1998000 998000 0 0 0 0 0 0 -236 164 
58501000 5000 10000 14000 0 -376 -735 -38244 999 -6 -3 0 1171000 1162000 1165000 1156000 1496000 1499000 1164000 1496000 1999000 997000 0 0 0 0 0 0 -236 164 
58601000 5000 10000 14000 0 10 -550 -38246 999 -4 0 0 1165000 1157000 1168000 1163000 1497000 1499000 1164000 1497000 1999000 997000 0 0 0 0 0 0 -236 164 
58701000 5000 10000 14000 0 89 -575 -38252 999 -5 0 0 1153000 1170000 1165000 1162000 1496000 1499000 1164000 1496000 1998000 998000 0 0 0 0 0 0 -237 163 
58801000 5000 10000 14000 0 -198 -809 -38238 999 -7 -1 0 1150000 1180000 1159000 1161000 1496000 1499000 1164000 1496000 1998000 998000 0 0 0 0 0 0 -237 163 
58901000 5000 10000 14000 0 -496 -1085 -38241 999 -9 -4 0 1151000 1175000 1166000 1162000 1496000 1499000 1164000 1496000 1998000 998000 0 0 0 0 0 0 -236 164 
59001000 5000 10000 14000 0 -582 -1346 -38245 999 -11 -5 0 1162000 1169000 1162000 1161000 1496000 1499000 1164000 1496000 1998000 998000 0 0 0 0 0 0 -236 164 
59101000 5000 10000 14000 0 -443 -1122 -38234 999 -9 -3 0 1168000 1168000 1161000 1157000 1497000 1499000 1164000 1497000 1998000 998000 0 0 0 0 0 0 -236 164 
59201000 5000 10000 14000 0 -198 -911 -38244 999 -7 -1 0 1170000 1168000 1160000 1156000 1496000 1499000 1164000 1496000 1998000 998000 0 0 0 0 0 0 -236 164 
59301000 5000 10000 14000 0 -21 -764 -38250 999 -6 0 0 1165000 1163000 1168000 1158000 1496000 1499000 1164000 1496000 1998000 998000 0 0 0 0 0 0 -236 164 
59401000 5000 10000 14000 0 139 -495 -38251 999 -4 1 0 1159000 1156000 1174000 1165000 1496000 1499000 1164000 1496000 1998000 998000 0 0 0 0 0 0 -236 164 
59501000 5000 10000 14000 0 139 -373 -38249 999 -3 1 0 1165000 1171000 1162000 1156000 1496000 1500000 1164000 1496000 1998000 998000 0 0 0 0 0 0 -236 164 
59601000 5000 10000 14000 0 -109 -436 -38244 999 -3 0 0 1158000 1178000 1156000 1158000 1497000 1499000 1164000 1497000 1998000 997000 0 0 0 0 0 0 -237 163 
59701000 5000 10000 14000 0 -309 -788 -38226 999 -6 -2 0 1150000 1173000 1163000 1164000 1496000 1499000 1164000 1496000 1998000 999000 0 0 0 0 0 0 -237 163 
59801000 5000 10000 14000 0 -563 -1002 -38237 999 -8 -4 0 1152000 1174000 1163000 1166000 1496000 1499000 1164000 1496000 1998000 997000 0 0 0 0 0 0 -236 164 
59901000 5000 10000 14000 0 -770 -1133 -38244 999 -9 -6 0 1158000 1173000 1158000 1161000 1496000 1499000 1164000 1496000 1998000 998000 0 0 0 0 0 0 -237 163 
60001000 5000 10000 14000 0 -720 -1200 -38239 999 -10 -6 0 1162000 1174000 1158000 1156000 1496000 1500000 1164000 1496000 1999000 997000 0 0 0 0 0 0 -237 163 
60101000 5000 10000 14000 0 -563 -1135 -38237 999 -9 -4 0 1166000 1167000 1163000 1157000 1496000 1499000 1164000 1497000 1998000 998000 0 0 0 0 0 0 -236 164 
60201000 5000 10000 14000 0 -462 -998 -38244 999 -8 -4 0 1161000 1167000 1168000 1159000 1496000 1499000 1164000 1496000 1999000 998000 0 0 0 0 0 0 -236 164 
60301000 5000 10000 14000 0 -307 -959 -38242 999 -8 -2 0 1161000 1172000 1163000 1158000 1497000 1499000 1164000 1496000 1998000 998000 0 0 0 0 0 0 -236 164 
60401000 5000 10000 14000 0 -299 -911 -38242 999 -7 -2 0 1162000 1170000 1162000 1160000 1496000 1499000 1164000 1496000 1998000 998000 0 0 0 0 0 0 -236 164 
60501000 5000 10000 14000 0 -311 -993 -38241 999 -8 -2 0 1155000 1168000 1168000 1164000 1496000 1500000 1164000 1496000 1999000 998000 0 0 0 0 0 0 -236 164 
60601000 5000 10000 14000 0 -237 -1030 -38234 999 -8 -2 0 1161000 1167000 1163000 1164000 1496000 1499000 1164000 1496000 1998000 998000 0 0 0 0 0 0 -236 164 
60701000 5000 10000 14000 0 -146 -907 -38238 999 -7 -1 0 1166000 1170000 1162000 1157000 1496000 1499000 1164000 1496000 1998000 998000 0 0 0 0 0 0 -236 164 
60801000 5000 10000 14000 0 -144 -939 -38222 999 -8 -1 0 1163000 1178000 1160000 1153000 1497000 1499000 1164000 1496000 1999000 997000 0 0 0 0 0 0 -236 164 
60901000 5000 10000 14000 0 -116 -992 -38229 999 -8 -1 0 1156000 1164000 1171000 1162000 1496000 1499000 1164000 1496000 1999000 997000 0 0 0 0 0 0 -236 164 
61001000 5000 10000 14000 0 -71 -1018 -38245 999 -8 0 0 1160000 1170000 1164000 1160000 1496000 1500000 1164000 1496000 1999000 998000 0 0 0 0 0 0 -236 164 
61101000 5000 10000 14000 0 -194 -1017 -38236 999 -8 -1 0 1162000 1177000 1157000 1154000 1496000 1499000 1164000 1496000 1998000 998000 0 0 0 0 0 0 -237 163 
61201000 5000 10000 14000 0 -284 -1257 -38222 999 -10 -2 0 1153000 1177000 1166000 1154000 1496000 1499000 1164000 1496000 1998000 998000 0 0 0 0 0 0 -237 163 
61301000 5000 10000 14000 0 -531 -1436 -38222 999 -12 -4 0 1151000 1180000 1164000 1159000 1497000 1499000 1164000 1497000 1998000 998000 0 0 0 0 0 0 -236 164 
61401000 5000 10000 14000 0 -710 -1663 -38220 999 -14 -6 0 1154000 1173000 1167000 1156000 1496000 1499000 1165000 1496000 1999000 997000 0 0 0 0 0 0 -237 163 
61501000 5000 10000 14000 0 -619 -1590 -38208 999 -13 -5 0 1163000 1168000 1164000 1155000 1496000 1499000 1164000 1496000 2000000 997000 0 0 0 0 0 0 -237 163 
61601000 5000 10000 14000 0 -290 -1274 -38227 999 -11 -2 0 1164000 1153000 1173000 1165000 1496000 1500000 1163000 1496000 1999000 997000 0 0 0 0 0 0 -236 164 
61701000 5000 10000 14000 0 -115 -927 -38220 999 -8 -1 0 1167000 1163000 1163000 1160000 1496000 1499000 1164000 1496000 1998000 998000 0 0 0 0 0 0 -236 164 
61801000 5000 10000 14000 0 -10 -646 -38215 999 -5 0 0 1166000 1172000 1158000 1158000 1497000 1499000 1164000 1497000 1999000 997000 0 0 0 0 0 0 -236 164 
61901000 5000 10000 14000 0 -144 -1004 -38223 999 -8 -1 0 1159000 1180000 1160000 1155000 1496000 1499000 1165000 1496000 1998000 998000 0 0 0 0 0 0 -236 164 
62001000 5000 10000 14000 0 -439 -1221 -38222 999 -10 -3 0 1149000 1179000 1163000 1162000 1496000 1499000 1164000 1496000 1998000 998000 0 0 0 0 0 0 -236 164 
62101000 5000 10000 14000 0 -491 -1312 -38230 999 -11 -4 0 1155000 1165000 1168000 1166000 1496000 1499000 1164000 1496000 1998000 998000 0 0 0 0 0 0 -236 164 
62201000 5000 10000 14000 0 -335 -1249 -38223 999 -10 -2 0 1171000 1165000 1161000 1156000 1496000 1500000 1164000 1496000 1999000 998000 0 0 0 0 0 0 -236 164 
62301000 5000 10000 14000 0 100 -956 -38216 999 -8 0 0 1179000 1155000 1169000 1151000 1496000 1499000 1164000 1497000 1998000 998000 0 0 0 0 0 0 -236 164 
62401000 5000 10000 14000 0 422 -433 -38221 999 -3 3 0 1167000 1158000 1169000 1161000 1496000 1499000 1164000 1496000 1998000 999000 0 0 0 0 0 0 -236 164 
62501000 5000 10000 14000 0 279 -392 -38230 999 -3 2 0 1155000 1176000 1162000 1161000 1496000 1499000 1164000 1496000 1998000 998000 0 0 0 0 0 0 -236 164 
62601000 5000 10000 14000 0 -284 -823 -38219 999 -7 -2 0 1143000 1192000 1160000 1159000 1496000 1499000 1164000 1496000 1998000 997000 0 0 0 0 0 0 -236 164 
62701000 5000 10000 14000 0 -764 -1397 -38209 999 -12 -6 0 1149000 1185000 1163000 1157000 1496000 1500000 1164000 1496000 1999000 998000 0 0 0 0 0 0 -236 164 
62801000 5000 10000 14000 0 -955 -1697 -38212 999 -14 -8 0 1156000 1168000 1166000 1164000 1496000 1499000 1164000 1496000 1999000 997000 0 0 0 0 0 0 -236 164 
62901000 5000 10000 14000 0 -693 -1437 -38203 999 -12 -6 0 1174000 1160000 1162000 1157000 1496000 1499000 1164000 1496000 1999000 998000 0 0 0 0 0 0 -236 164 
63001000 5000 10000 14000 0 -164 -812 -38212 999 -7 -1 0 1175000 1156000 1164000 1159000 1497000 1499000 1164000 1496000 1999000 997000 0 0 0 0 0 0 -236 164 
63101000 5000 10000 14000 0 17 -590 -38221 999 -5 0 0 1163000 1168000 1165000 1158000 1496000 1499000 1163000 1496000 1998000 998000 0 0 0 0 0 0 -236 164 
63201000 5000 10000 14000 0 -145 -765 -38209 999 -6 -1 0 1153000 1182000 1158000 1157000 1496000 1499000 1164000 1496000 1999000 998000 0 0 0 0 0 0 -237 163 
63301000 5000 10000 14000 0 -398 -1105 -38211 999 -9 -3 0 1152000 1177000 1163000 1159000 1496000 1499000 1164000 1496000 1998000 997000 0 0 0 0 0 0 -237 163 
63401000 5000 10000 14000 0 -625 -1304 -38206 999 -11 -5 0 1154000 1175000 1163000 1161000 1496000 1499000 1164000 1496000 1999000 997000 0 0 0 0 0 0 -236 164 
63501000 5000 10000 14000 0 -670 -1123 -38203 999 -9 -5 0 1159000 1161000 1166000 1168000 1497000 1499000 1164000 1497000 1998000 998000 0 0 0 0 0 0 -236 164 
63601000 5000 10000 14000 0 -446 -1085 -38216 999 -9 -3 0 1163000 1169000 1164000 1158000 1496000 1499000 1165000 1496000 1999000 997000 0 0 0 0 0 0 -236 164 
63701000 5000 10000 14000 0 -376 -961 -38202 999 -8 -3 0 1172000 1172000 1160000 1153000 1496000 1499000 1164000 1496000 1998000 998000 0 0 0 0 0 0 -235 165 
63801000 5000 10000 14000 0 -152 -1004 -38199 999 -8 -1 0 1165000 1169000 1166000 1155000 1496000 1499000 1164000 1496000 1998000 998000 0 0 0 0 0 0 -236 164 
63901000 5000 10000 14000 0 -126 -914 -38211 999 -7 -1 0 1160000 1167000 1166000 1161000 1496000 1500000 1164000 1496000 1998000 998000 0 0 0 0 0 0 -236 164 
64001000 5000 10000 14000 0 -95 -761 -38214 999 -6 0 0 1159000 1165000 1166000 1164000 1496000 1499000 1164000 1497000 1998000 998000 0 0 0 0 0 0 -236 164 
64101000 5000 10000 14000 0 -49 -506 -38221 999 -4 0 0 1173000 1167000 1154000 1161000 1496000 1499000 1164000 1496000 1999000 998000 0 0 0 0 0 0 -236 164 
64201000 5000 10000 14000 0 468 -337 -38209 999 -2 4 0 1182000 1145000 1164000 1163000 1497000 1500000 1163000 1496000 1998000 997000 0 0 0 0 0 0 -236 164 
64301000 5000 10000 14000 0 1562 687 -38166 999 5 13 0 1218000 1108000 1167000 1157000 1496000 1499000 1164000 1496000 1998000 997000 0 0 0 0 0 0 -237 163 
64401000 5000 10000 14000 0 3871 2716 -38021 999 23 33 0 1269000 1100000 1173000 1144000 1496000 1501000 1163000 1496000 1999000 998000 0 0 0 0 0 0 -236 164 
64501000 5000 10000 14000 0 5754 4846 -37992 997 42 50 -2 1208000 1120000 1171000 1155000 1496000 1500000 1163000 1496000 1998000 998000 0 0 0 0 0 0 -236 164 
64601000 5000 10000 14000 0 4812 3819 -38049 998 33 41 -1 1106000 1204000 1174000 1166000 1496000 1499000 1164000 1496000 1998000 998000 0 0 0 0 0 0 -237 163 
64701000 5000 10000 14000 0 1572 823 -38194 999 7 13 0 1100000 1256000 1155000 1186000 1497000 1500000 1163000 1497000 1998000 998000 0 0 0 0 0 0 -236 164 
64801000 5000 10000 14000 0 -1758 -2101 -38169 999 -18 -15 0 1100000 1237000 1154000 1178000 1496000 1499000 1164000 1496000 1999000 997000 0 0 0 0 0 0 -236 164 
64901000 5000 10000 14000 0 -3496 -3919 -38073 998 -34 -30 -1 1138000 1205000 1145000 1165000 1496000 1500000 1163000 1496000 1999000 998000 0 0 0 0 0 0 -236 164 
65001000 5000 10000 14000 0 -2984 -3602 -38103 999 -31 -26 0 1197000 1145000 1156000 1156000 1496000 1499000 1164000 1496000 1998000 998000 0 0 0 0 0 0 -236 164 
65101000 5000 10000 14000 0 -1234 -1912 -38197 999 -16 -10 0 1214000 1118000 1169000 1154000 1496000 1500000 1164000 1496000 1998000 998000 0 0 0 0 0 0 -236 164 
65201000 5000 10000 14000 0 594 -61 -38203 999 0 5 0 1208000 1127000 1170000 1148000 1496000 1499000 1164000 1497000 1998000 998000 0 0 0 0 0 0 -236 164 
65301000 5000 10000 14000 0 1407 870 -38178 999 7 12 0 1175000 1154000 1169000 1157000 1496000 1499000 1164000 1496000 1998000 998000 0 0 0 0 0 0 -236 164 
65401000 5000 10000 14000 0 1042 565 -38174 999 4 9 0 1144000 1185000 1169000 1156000 1497000 1499000 1164000 1496000 1998000 998000 0 0 0 0 0 0 -236 164 
65501000 5000 10000 14000 0 -63 -364 -38183 999 -3 0 0 1127000 1197000 1167000 1163000 1496000 1500000 1163000 1496000 1998000 998000 0 0 0 0 0 0 -236 164 
65601000 5000 10000 14000 0 -1011 -1335 -38177 999 -11 -8 0 1135000 1198000 1151000 1170000 1496000 1500000 1164000 1496000 1999000 998000 0 0 0 0 0 0 -236 164 
65701000 5000 10000 14000 0 -1316 -1591 -38181 999 -13 -11 0 1167000 1175000 1153000 1159000 1496000 1499000 1164000 1496000 1999000 997000 0 0 0 0 0 0 -236 164 
65801000 5000 10000 14000 0 -564 -906 -38175 999 -7 -4 0 1203000 1143000 1154000 1154000 1496000 1500000 1163000 1496000 1999000 998000 0 0 0 0 0 0 -236 164 
65901000 5000 10000 14000 0 1226 635 -38164 999 5 10 0 1237000 1100000 1169000 1156000 1497000 1500000 1163000 1497000 1998000 998000 0 0 0 0 0 0 -236 164 
66001000 5000 10000 14000 0 3351 2606 -38063 999 22 29 0 1229000 1100000 1165000 1167000 1496000 1500000 1164000 1496000 1998000 998000 0 0 0 0 0 0 -236 164 
66101000 5000 10000 14000 0 4247 3470 -38027 998 30 37 -1 1171000 1152000 1166000 1165000 1496000 1500000 1163000 1496000 1998000 998000 0 0 0 0 0 0 -236 164 
66201000 5000 10000 14000 0 2859 2110 -38108 999 18 24 0 1104000 1225000 1157000 1163000 1496000 1499000 1164000 1496000 1998000 998000 0 0 0 0 0 0 -237 163 
66301000 5000 10000 14000 0 33 -479 -38195 999 -4 0 0 1100000 1234000 1165000 1159000 1496000 1501000 1163000 1496000 1999000 998000 0 0 0 0 0 0 -237 163 
66401000 5000 10000 14000 0 -2196 -2555 -38143 999 -22 -19 0 1123000 1211000 1153000 1163000 1496000 1500000 1163000 1497000 1998000 998000 0 0 0 0 0 0 -237 163 
66501000 5000 10000 15000 0 -2447 -2883 -38121 999 -25 -21 0 1171000 1148000 1163000 1172000 1496000 1500000 1164000 1496000 1999000 998000 0 0 0 0 0 0 -236 164 
66601000 5000 10000 15000 0 -869 -1486 -38160 999 -12 -7 0 1225000 1102000 1167000 1160000 1497000 1499000 1163000 1496000 1998000 998000 0 0 0 0 0 0 -236 164 
66701000 5000 10000 15000 0 1725 902 -38116 999 7 15 0 1245000 1100000 1163000 1149000 1496000 1500000 1164000 1496000 1998000 998000 0 0 0 0 0 0 -237 163 
66801000 5000 10000 15000 0 3514 2839 -38036 999 24 30 0 1217000 1130000 1163000 1144000 1496000 1499000 1164000 1496000 1999000 997000 0 0 0 0 0 0 -236 164 
66901000 5000 10000 15000 0 3317 2708 -38087 999 23 28 0 1141000 1192000 1168000 1153000 1496000 1500000 1163000 1496000 1999000 997000 0 0 0 0 0 0 -236 164 
67001000 5000 10000 15000 0 1040 597 -38165 999 5 9 0 1100000 1237000 1160000 1165000 1496000 1500000 1164000 1496000 1998000 998000 0 0 0 0 0 0 -237 163 
67101000 5000 10000 15000 0 -1625 -1773 -38154 999 -15 -14 0 1100000 1239000 1151000 1172000 1496000 1500000 1163000 1497000 1999000 997000 0 0 0 0 0 0 -236 164 
67201000 5000 10000 15000 0 -3244 -3288 -38107 999 -28 -28 0 1146000 1191000 1157000 1160000 1496000 1500000 1164000 1496000 1998000 999000 0 0 0 0 0 0 -236 164 
67301000 5000 10000 15000 0 -2850 -2994 -38090 999 -26 -24 0 1200000 1143000 1157000 1155000 1497000 1499000 1164000 1496000 1998000 998000 0 0 0 0 0 0 -236 164 
67401000 5000 10000 15000 0 -815 -1101 -38121 999 -9 -7 0 1233000 1100000 1170000 1151000 1496000 1500000 1163000 1496000 1999000 997000 0 0 0 0 0 0 -236 164 
67501000 5000 10000 15000 0 1456 1031 -38110 999 9 12 0 1213000 1102000 1171000 1168000 1496000 1499000 1164000 1496000 1999000 998000 0 0 0 0 0 0 -236 164 
67601000 5000 10000 15000 0 2278 1898 -38109 999 16 19 0 1167000 1162000 1168000 1157000 1496000 1499000 1164000 1496000 1998000 998000 0 0 0 0 0 0 -236 164 
67701000 5000 10000 15000 0 1336 872 -38137 999 7 11 0 1113000 1212000 1163000 1166000 1496000 1500000 1164000 1496000 1998000 998000 0 0 0 0 0 0 -236 164 
67801000 5000 10000 15000 0 -470 -879 -38167 999 -7 -4 0 1108000 1212000 1164000 1170000 1497000 1499000 1164000 1497000 1998000 998000 0 0 0 0 0 0 -236 164 
67901000 5000 10000 15000 0 -1840 -2287 -38125 999 -19 -16 0 1131000 1192000 1162000 1169000 1496000 1500000 1164000 1496000 1998000 999000 0 0 0 0 0 0 -236 164 
68001000 5000 10000 15000 0 -1979 -2394 -38115 999 -20 -17 0 1175000 1158000 1160000 1161000 1497000 1500000 1163000 1496000 1998000 998000 0 0 0 0 0 0 -236 164 
68101000 5000 10000 15000 0 -976 -1525 -38161 999 -13 -8 0 1206000 1136000 1159000 1152000 1496000 1500000 1163000 1496000 1998000 998000 0 0 0 0 0 0 -236 164 
68201000 5000 10000 15000 0 659 86 -38135 999 0 5 0 1222000 1113000 1168000 1147000 1496000 1500000 1164000 1496000 1999000 997000 0 0 0 0 0 0 -237 163 
68301000 5000 10000 15000 0 2312 1694 -38122 999 14 20 0 1201000 1115000 1174000 1160000 1496000 1499000 1163000 1496000 1998000 998000 0 0 0 0 0 0 -237 163 
68401000 5000 10000 15000 0 2379 1903 -38101 999 16 20 0 1144000 1172000 1165000 1169000 1496000 1500000 1164000 1496000 1998000 998000 0 0 0 0 0 0 -237 163 
68501000 5000 10000 15000 0 835 395 -38137 999 3 7 0 1108000 1223000 1158000 1165000 1497000 1499000 1164000 1497000 1998000 998000 0 0 0 0 0 0 -236 164 
68601000 5000 10000 15000 0 -1192 -1555 -38131 999 -13 -10 0 1102000 1224000 1156000 1171000 1496000 1500000 1164000 1496000 1999000 998000 0 0 0 0 0 0 -236 164 
68701000 5000 10000 15000 0 -2363 -2750 -38099 999 -23 -20 0 1142000 1184000 1161000 1167000 1496000 1499000 1164000 1496000 1998000 997000 0 0 0 0 0 0 -236 164 
68801000 5000 10000 15000 0 -2112 -2452 -38119 999 -21 -18 0 1180000 1151000 1163000 1161000 1496000 1499000 1163000 1496000 1999000 997000 0 0 0 0 0 0 -236 164 
68901000 5000 10000 15000 0 -681 -1235 -38133 999 -10 -5 0 1210000 1124000 1168000 1152000 1496000 1500000 1164000 1496000 1999000 998000 0 0 0 0 0 0 -236 164 
69001000 5000 10000 15000 0 900 445 -38154 999 3 7 0 1206000 1118000 1168000 1162000 1496000 1499000 1164000 1496000 1999000 997000 0 0 0 0 0 0 -236 164 
69101000 5000 10000 15000 0 1622 1339 -38101 999 11 14 0 1161000 1150000 1174000 1168000 1496000 1500000 1164000 1496000 1999000 997000 0 0 0 0 0 0 -236 164 
69201000 5000 10000 15000 0 1012 798 -38110 999 6 8 0 1124000 1200000 1158000 1168000 1497000 1499000 1164000 1497000 1998000 998000 0 0 0 0 0 0 -237 163 
69301000 5000 10000 15000 0 -1097 -1004 -38160 999 -8 -9 0 1100000 1245000 1147000 1164000 1496000 1500000 1164000 1496000 1998000 999000 0 0 0 0 0 0 -237 163 
69401000 5000 10000 15000 0 -3512 -3278 -38116 999 -28 -30 0 1100000 1247000 1151000 1162000 1496000 1499000 1164000 1496000 1998000 997000 0 0 0 0 0 0 -236 164 
69501000 5000 10000 15000 0 -4792 -4523 -37999 998 -39 -41 -1 1137000 1205000 1154000 1154000 1496000 1499000 1163000 1496000 1999000 997000 0 0 0 0 0 0 -237 163 
69601000 5000 10000 15000 0 -4122 -3706 -38070 998 -32 -35 -1 1196000 1137000 1161000 1156000 1496000 1500000 1164000 1496000 1999000 998000 0 0 0 0 0 0 -237 163 
69701000 5000 10000 15000 0 -1835 -1544 -38129 999 -13 -16 0 1222000 1106000 1170000 1156000 1496000 1499000 1164000 1496000 1999000 997000 0 0 0 0 0 0 -236 164 
69801000 5000 10000 15000 0 385 488 -38128 999 4 3 0 1204000 1119000 1172000 1159000 1496000 1499000 1164000 1496000 1999000 998000 0 0 0 0 0 0 -236 164 
69901000 5000 10000 15000 0 1118 1078 -38101 999 9 9 0 1164000 1177000 1156000 1157000 1497000 1499000 1164000 1497000 1998000 998000 0 0 0 0 0 0 -236 164 
70001000 5000 10000 15000 0 306 216 -38121 999 1 2 0 1124000 1212000 1156000 1163000 1496000 1499000 1164000 1496000 1998000 998000 0 0 0 0 0 0 -236 164 
70101000 5000 10000 15000 0 -1008 -1281 -38130 999 -11 -8 0 1125000 1213000 1154000 1162000 1497000 1499000 1164000 1496000 1998000 998000 0 0 0 0 0 0 -236 164 
70201000 5000 10000 15000 0 -1552 -1814 -38126 999 -15 -13 0 1170000 1162000 1161000 1162000 1496000 1499000 1164000 1496000 1998000 997000 0 0 0 0 0 0 -236 164 
70301000 5000 10000 15000 0 -573 -792 -38148 999 -6 -5 0 1207000 1130000 1162000 1155000 1496000 1500000 1164000 1496000 1999000 997000 0 0 0 0 0 0 -236 164 
70401000 5000 10000 15000 0 774 622 -38132 999 5 6 0 1202000 1117000 1178000 1153000 1496000 1499000 1164000 1496000 1998000 998000 0 0 0 0 0 0 -237 163 
70501000 5000 10000 15000 0 1297 950 -38102 999 8 11 0 1157000 1157000 1173000 1163000 1496000 1500000 1164000 1496000 1998000 998000 0 0 0 0 0 0 -237 163 
70601000 5000 10000 15000 0 467 189 -38114 999 1 4 0 1130000 1201000 1161000 1163000 1497000 1499000 1164000 1497000 1998000 998000 0 0 0 0 0 0 -236 164 
70701000 5000 10000 15000 0 -765 -1075 -38112 999 -9 -6 0 1129000 1214000 1149000 1162000 1496000 1499000 1164000 1496000 1999000 998000 0 0 0 0 0 0 -236 164 
70801000 5000 10000 15000 0 -1571 -1830 -38133 999 -15 -13 0 1161000 1177000 1158000 1158000 1497000 1499000 1164000 1496000 1999000 997000 0 0 0 0 0 0 -236 164 
70901000 5000 10000 15000 0 -899 -1403 -38102 999 -12 -7 0 1207000 1131000 1161000 1155000 1496000 1499000 1164000 1496000 1998000 997000 0 0 0 0 0 0 -236 164 
71001000 5000 10000 15000 0 1228 578 -38128 999 5 10 0 1238000 1100000 1179000 1150000 1496000 1499000 1164000 1496000 1999000 998000 0 0 0 0 0 0 -236 164 
71101000 5000 10000 15000 0 2994 2421 -38070 999 21 26 0 1199000 1125000 1174000 1156000 1496000 1499000 1164000 1496000 1999000 997000 0 0 0 0 0 0 -236 164 
71201000 5000 10000 15000 0 2836 2384 -38041 999 20 24 0 1140000 1181000 1169000 1164000 1496000 1500000 1164000 1496000 1998000 998000 0 0 0 0 0 0 -236 164 
71301000 5000 10000 15000 0 1013 670 -38123 999 5 8 0 1100000 1228000 1154000 1174000 1496000 1499000 1164000 1497000 1998000 998000 0 0 0 0 0 0 -237 163 
71401000 5000 10000 15000 0 -1357 -1661 -38124 999 -14 -11 0 1106000 1228000 1149000 1166000 1496000 1499000 1164000 1496000 1999000 998000 0 0 0 0 0 0 -237 163 
71501000 5000 10000 15000 0 -2685 -2861 -38061 999 -24 -23 0 1145000 1194000 1148000 1167000 1497000 1499000 1164000 1497000 1998000 998000 0 0 0 0 0 0 -236 164 
71601000 5000 10000 15000 0 -2015 -2312 -38081 999 -20 -17 0 1204000 1131000 1162000 1157000 1496000 1500000 1164000 1496000 1998000 998000 0 0 0 0 0 0 -236 164 
71701000 5000 10000 15000 0 242 -171 -38089 999 -1 2 0 1248000 1100000 1160000 1162000 1496000 1499000 1163000 1496000 1998000 998000 0 0 0 0 0 0 -236 164 
71801000 5000 10000 15000 0 2543 2144 -38066 999 18 22 0 1221000 1121000 1164000 1144000 1496000 1500000 1163000 1496000 1998000 998000 0 0 0 0 0 0 -237 163 
71901000 5000 10000 15000 0 3036 2520 -38035 999 21 26 0 1157000 1178000 1167000 1152000 1496000 1500000 1164000 1496000 1999000 998000 0 0 0 0 0 0 -236 164 
72001000 5000 10000 15000 0 1466 1050 -38109 999 9 12 0 1105000 1213000 1173000 1163000 1496000 1500000 1163000 1496000 1998000 998000 0 0 0 0 0 0 -236 164 
72101000 5000 10000 15000 0 -739 -1078 -38113 999 -9 -6 0 1103000 1224000 1159000 1164000 1496000 1500000 1164000 1496000 1998000 998000 0 0 0 0 0 0 -237 163 
72201000 5000 10000 15000 0 -2084 -2443 -38081 999 -21 -18 0 1135000 1190000 1157000 1172000 1497000 1500000 1163000 1497000 1998000 997000 0 0 0 0 0 0 -236 164 
72301000 5000 10000 15000 0 -2038 -2384 -38090 999 -20 -17 0 1183000 1160000 1154000 1158000 1496000 1500000 1164000 1496000 1998000 997000 0 0 0 0 0 0 -236 164 
72401000 5000 10000 15000 0 -547 -1071 -38097 999 -9 -4 0 1232000 1118000 1152000 1152000 1496000 1499000 1163000 1496000 1998000 998000 0 0 0 0 0 0 -236 164 
72501000 5000 10000 15000 0 1589 1024 -38111 999 8 13 0 1218000 1102000 1180000 1154000 1496000 1500000 1163000 1496000 1998000 997000 0 0 0 0 0 0 -236 164 
72601000 5000 10000 15000 0 2402 1927 -38069 999 16 20 0 1163000 1153000 1174000 1164000 1496000 1499000 1164000 1496000 1999000 998000 0 0 0 0 0 0 -236 164 
72701000 5000 10000 15000 0 1626 1177 -38083 999 10 14 0 1130000 1206000 1161000 1157000 1496000 1499000 1163000 1496000 1998000 997000 0 0 0 0 0 0 -236 164 
72801000 5000 10000 15000 0 -130 -548 -38117 999 -4 -1 0 1104000 1229000 1152000 1165000 1496000 1500000 1164000 1496000 1998000 998000 0 0 0 0 0 0 -237 163 
72901000 5000 10000 15000 0 -1962 -2070 -38094 999 -18 -17 0 1123000 1204000 1163000 1161000 1496000 1499000 1164000 1497000 1998000 998000 0 0 0 0 0 0 -237 163 
73001000 5000 10000 15000 0 -2500 -2576 -38076 999 -22 -21 0 1155000 1163000 1164000 1172000 1496000 1500000 1164000 1496000 1998000 998000 0 0 0 0 0 0 -236 164 
73101000 5000 10000 15000 0 -1798 -1972 -38102 999 -17 -15 0 1186000 1141000 1163000 1160000 1497000 1499000 1164000 1497000 1998000 998000 0 0 0 0 0 0 -237 163 
73201000 5000 10000 15000 0 -597 -878 -38128 999 -7 -5 0 1191000 1139000 1162000 1159000 1496000 1499000 1165000 1496000 1998000 998000 0 0 0 0 0 0 -237 163 
73301000 5000 10000 15000 0 270 -9 -38094 999 0 2 0 1183000 1156000 1164000 1155000 1496000 1499000 1164000 1496000 1998000 998000 0 0 0 0 0 0 -235 165 
73401000 5000 10000 15000 0 792 351 -38085 999 3 6 0 1182000 1155000 1160000 1157000 1496000 1499000 1164000 1496000 1998000 997000 0 0 0 0 0 0 -236 164 
73501000 5000 10000 15000 0 1015 633 -38075 999 5 8 0 1176000 1159000 1156000 1163000 1496000 1500000 1164000 1496000 1999000 999000 0 0 0 0 0 0 -236 164 
73601000 5000 10000 15000 0 923 392 -38114 999 3 8 0 1150000 1174000 1167000 1163000 1496000 1499000 1164000 1496000 1998000 1000000 0 0 0 0 0 0 -236 164 
73701000 5000 10000 15000 0 233 -374 -38116 999 -3 2 0 1139000 1196000 1161000 1158000 1496000 1500000 1164000 1496000 1998000 998000 0 0 0 0 0 0 -236 164 
73801000 5000 10000 15000 0 -603 -1197 -38096 999 -10 -5 0 1144000 1192000 1162000 1156000 1497000 1499000 1164000 1497000 1998000 997000 0 0 0 0 0 0 -236 164 
73901000 5000 10000 15000 0 -957 -1631 -38082 999 -14 -8 0 1153000 1167000 1169000 1165000 1496000 1499000 1164000 1496000 1999000 998000 0 0 0 0 0 0 -236 164 
74001000 5000 10000 15000 0 -650 -1234 -38095 999 -10 -5 0 1176000 1147000 1167000 1164000 1497000 1499000 1164000 1496000 1998000 998000 0 0 0 0 0 0 -236 164 
74101000 5000 10000 15000 0 111 -483 -38102 999 -4 0 0 1191000 1140000 1165000 1158000 1496000 1499000 1164000 1496000 1998000 997000 0 0 0 0 0 0 -236 164 
74201000 5000 10000 15000 0 1179 440 -38066 999 3 10 0 1211000 1137000 1157000 1149000 1496000 1499000 1164000 1496000 1999000 998000 0 0 0 0 0 0 -236 164 
74301000 5000 10000 15000 0 2205 1505 -38072 999 13 19 0 1195000 1124000 1166000 1165000 1496000 1499000 1164000 1496000 1999000 997000 0 0 0 0 0 0 -237 163 
74401000 5000 10000 15000 0 2241 1435 -38054 999 12 19 0 1141000 1171000 1169000 1170000 1496000 1500000 1164000 1496000 1999000 998000 0 0 0 0 0 0 -237 163 
74501000 5000 10000 15000 0 850 298 -38076 999 2 7 0 1119000 1220000 1155000 1160000 1496000 1499000 1164000 1497000 1998000 998000 0 0 0 0 0 0 -236 164 
74601000 5000 10000 15000 0 -998 -1413 -38084 999 -12 -8 0 1112000 1223000 1154000 1166000 1496000 1499000 1164000 1496000 1999000 998000 0 0 0 0 0 0 -236 164 
74701000 5000 10000 15000 0 -2294 -2568 -38052 999 -22 -20 0 1140000 1199000 1159000 1156000 1497000 1499000 1164000 1497000 1999000 997000 0 0 0 0 0 0 -236 164 
74801000 5000 10000 15000 0 -2298 -2471 -38062 999 -21 -20 0 1172000 1161000 1164000 1157000 1496000 1499000 1164000 1496000 1998000 998000 0 0 0 0 0 0 -236 164 
74901000 5000 10000 15000 0 -1122 -1414 -38093 999 -12 -9 0 1204000 1122000 1175000 1153000 1496000 1499000 1164000 1496000 1998000 998000 0 0 0 0 0 0 -236 164 
75001000 5000 10000 15000 0 621 -37 -38061 999 0 5 0 1207000 1123000 1166000 1157000 1496000 1500000 1163000 1496000 1999000 997000 0 0 0 0 0 0 -236 164 
75101000 5000 10000 15000 0 1851 1247 -38042 999 10 16 0 1191000 1142000 1162000 1155000 1496000 1499000 1164000 1496000 1999000 998000 0 0 0 0 0 0 -237 163 
75201000 5000 10000 15000 0 1741 1122 -38057 999 9 15 0 1146000 1184000 1159000 1165000 1496000 1499000 1164000 1496000 1998000 998000 0 0 0 0 0 0 -236 164 
75301000 5000 10000 15000 0 506 12 -38076 999 0 4 0 1125000 1203000 1157000 1168000 1496000 1500000 1163000 1496000 1998000 998000 0 0 0 0 0 0 -236 164 
75401000 5000 10000 15000 0 -770 -1195 -38082 999 -10 -6 0 1131000 1195000 1157000 1167000 1496000 1500000 1163000 1497000 1998000 998000 0 0 0 0 0 0 -237 163 
75501000 5000 10000 15000 0 -1285 -1805 -38076 999 -15 -11 0 1157000 1177000 1159000 1162000 1496000 1499000 1164000 1496000 1998000 997000 0 0 0 0 0 0 -236 164 
75601000 5000 10000 15000 0 -1023 -1480 -38089 999 -12 -8 0 1184000 1147000 1165000 1159000 1497000 1499000 1163000 1497000 1998000 998000 0 0 0 0 0 0 -236 164 
75701000 5000 10000 15000 0 217 -324 -38076 999 -2 1 0 1208000 1123000 1168000 1151000 1496000 1500000 1164000 1496000 1998000 999000 0 0 0 0 0 0 -237 163 
75801000 5000 10000 15000 0 1570 1095 -38073 999 9 13 0 1202000 1118000 1177000 1157000 1496000 1500000 1163000 1496000 1999000 997000 0 0 0 0 0 0 -236 164 
75901000 5000 10000 15000 0 2020 1602 -38026 999 13 17 0 1164000 1165000 1168000 1157000 1496000 1500000 1163000 1496000 1998000 998000 0 0 0 0 0 0 -236 164 
76001000 5000 10000 15000 0 1133 827 -38061 999 7 9 0 1124000 1193000 1164000 1169000 1496000 1499000 1164000 1496000 1999000 998000 0 0 0 0 0 0 -237 163 
76101000 5000 10000 15000 0 -467 -685 -38080 999 -5 -4 0 1114000 1215000 1151000 1174000 1496000 1500000 1163000 1496000 1998000 998000 0 0 0 0 0 0 -236 164 
76201000 5000 10000 15000 0 -1648 -1934 -38052 999 -16 -14 0 1141000 1191000 1154000 1169000 1496000 1500000 1164000 1496000 1998000 998000 0 0 0 0 0 0 -236 164 
76301000 5000 10000 15000 0 -1490 -1880 -38039 999 -16 -13 0 1186000 1159000 1155000 1154000 1496000 1499000 1163000 1497000 1998000 998000 0 0 0 0 0 0 -236 164 
76401000 5000 10000 15000 0 -45 -541 -38075 999 -4 0 0 1218000 1107000 1172000 1153000 1496000 1500000 1164000 1496000 1999000 998000 0 0 0 0 0 0 -237 163 
76501000 5000 10000 15000 0 1513 1078 -38050 999 9 13 0 1198000 1128000 1167000 1157000 1497000 1499000 1164000 1497000 1998000 998000 0 0 0 0 0 0 -237 163 
76601000 5000 10000 15000 0 1913 1510 -38032 999 13 16 0 1161000 1164000 1168000 1162000 1496000 1500000 1164000 1496000 1999000 997000 0 0 0 0 0 0 -236 164 
76701000 5000 10000 15000 0 1024 690 -38057 999 6 8 0 1128000 1207000 1158000 1161000 1496000 1499000 1164000 1496000 1998000 998000 0 0 0 0 0 0 -236 164 
76801000 5000 10000 15000 0 -444 -691 -38063 999 -6 -3 0 1123000 1205000 1161000 1165000 1496000 1500000 1163000 1496000 1999000 997000 0 0 0 0 0 0 -236 164 
76901000 5000 10000 15000 0 -1413 -1807 -38061 999 -15 -12 0 1140000 1185000 1157000 1168000 1496000 1499000 1164000 1496000 1999000 998000 0 0 0 0 0 0 -237 163 
77001000 5000 10000 15000 0 -1218 -1719 -38050 999 -15 -10 0 1189000 1131000 1166000 1165000 1496000 1499000 1163000 1496000 1999000 997000 0 0 0 0 0 0 -237 163 
77101000 5000 10000 15000 0 561 -110 -38057 999 0 4 0 1240000 1105000 1156000 1149000 1496000 1500000 1164000 1496000 1999000 998000 0 0 0 0 0 0 -237 163 
77201000 5000 10000 15000 0 2571 1850 -38028 999 16 22 0 1217000 1125000 1167000 1146000 1496000 1499000 1164000 1496000 1998000 998000 0 0 0 0 0 0 -236 164 
77301000 5000 10000 15000 0 2933 2061 -38021 999 17 25 0 1154000 1173000 1171000 1156000 1496000 1500000 1164000 1496000 1999000 998000 0 0 0 0 0 0 -236 164 
77401000 5000 10000 15000 0 1573 703 -38065 999 6 13 0 1114000 1213000 1167000 1159000 1497000 1500000 1163000 1497000 1998000 998000 0 0 0 0 0 0 -236 164 
77501000 5000 10000 15000 0 -479 -1095 -38071 999 -9 -4 0 1109000 1214000 1160000 1168000 1496000 1500000 1164000 1496000 1999000 998000 0 0 0 0 0 0 -237 163 
77601000 5000 10000 15000 0 -1752 -2260 -38047 999 -19 -15 0 1141000 1194000 1154000 1165000 1497000 1499000 1164000 1496000 1998000 998000 0 0 0 0 0 0 -236 164 
77701000 5000 10000 15000 0 -1745 -2282 -38040 999 -19 -15 0 1173000 1156000 1159000 1167000 1496000 1500000 1164000 1496000 1998000 997000 0 0 0 0 0 0 -236 164 
77801000 5000 10000 15000 0 -557 -1221 -38044 999 -10 -4 0 1204000 1120000 1163000 1166000 1496000 1499000 1163000 1496000 1998000 998000 0 0 0 0 0 0 -236 164 
77901000 5000 10000 15000 0 1322 434 -38058 999 3 11 0 1226000 1106000 1167000 1155000 1496000 1500000 1163000 1496000 1998000 998000 0 0 0 0 0 0 -236 164 
78001000 5000 10000 15000 0 2396 1690 -38028 999 14 20 0 1182000 1155000 1162000 1155000 1496000 1500000 1164000 1496000 1999000 997000 0 0 0 0 0 0 -236 164 
78101000 5000 10000 15000 0 1891 1225 -38038 999 10 16 0 1132000 1197000 1168000 1158000 1496000 1499000 1163000 1496000 1998000 997000 0 0 0 0 0 0 -236 164 
78201000 5000 10000 15000 0 154 -405 -38070 999 -3 1 0 1107000 1222000 1157000 1164000 1496000 1500000 1164000 1496000 1999000 998000 0 0 0 0 0 0 -237 163 
78301000 5000 10000 15000 0 -1512 -1958 -38046 999 -17 -13 0 1125000 1200000 1164000 1161000 1496000 1499000 1164000 1497000 1998000 998000 0 0 0 0 0 0 -237 163 
78401000 5000 10000 15000 0 -1978 -2427 -38019 999 -21 -17 0 1165000 1168000 1159000 1162000 1496000 1500000 1164000 1496000 1998000 998000 0 0 0 0 0 0 -236 164 
78501000 5000 10000 15000 0 -1168 -1827 -38044 999 -15 -10 0 1198000 1140000 1160000 1152000 1497000 1499000 1164000 1497000 1998000 998000 0 0 0 0 0 0 -237 163 
78601000 5000 10000 15000 0 327 -419 -38053 999 -3 2 0 1210000 1108000 1170000 1162000 1496000 1500000 1164000 1496000 1999000 998000 0 0 0 0 0 0 -237 163 
78701000 5000 10000 15000 0 1830 1145 -38034 999 9 15 0 1201000 1133000 1167000 1153000 1497000 1499000 1164000 1496000 1998000 998000 0 0 0 0 0 0 -236 164 
78801000 5000 10000 15000 0 1939 1263 -38039 999 11 16 0 1150000 1181000 1162000 1157000 1496000 1499000 1164000 1496000 1998000 998000 0 0 0 0 0 0 -237 163 
78901000 5000 10000 15000 0 737 15 -38056 999 0 6 0 1117000 1211000 1161000 1160000 1496000 1499000 1164000 1496000 1999000 997000 0 0 0 0 0 0 -237 163 
79001000 5000 10000 15000 0 -872 -1582 -38050 999 -13 -7 0 1115000 1203000 1164000 1171000 1496000 1499000 1163000 1496000 1998000 998000 0 0 0 0 0 0 -236 164 
79101000 5000 10000 15000 0 -1771 -2405 -38041 999 -20 -15 0 1143000 1178000 1162000 1172000 1496000 1500000 1164000 1496000 1999000 998000 0 0 0 0 0 0 -236 164 
79201000 5000 10000 15000 0 -1420 -2079 -38040 999 -18 -12 0 1185000 1147000 1166000 1156000 1496000 1499000 1164000 1496000 1998000 998000 0 0 0 0 0 0 -236 164 
79301000 5000 10000 15000 0 122 -659 -38022 999 -5 1 0 1221000 1122000 1168000 1143000 1496000 1499000 1164000 1496000 1998000 998000 0 0 0 0 0 0 -236 164 
79401000 5000 10000 15000 0 1846 969 -38032 999 8 16 0 1207000 1116000 1174000 1153000 1496000 1499000 1164000 1497000 1999000 997000 0 0 0 0 0 0 -237 163 
79501000 5000 10000 15000 0 2433 1519 -38010 999 13 21 0 1169000 1165000 1162000 1154000 1496000 1499000 1164000 1496000 1998000 998000 0 0 0 0 0 0 -237 163 
79601000 5000 10000 15000 0 1617 760 -38035 999 6 14 0 1133000 1199000 1162000 1160000 1497000 1499000 1164000 1497000 1998000 998000 0 0 0 0 0 0 -236 164 
79701000 5000 10000 15000 0 119 -759 -38052 999 -6 1 0 1114000 1216000 1159000 1164000 1496000 1499000 1164000 1496000 1998000 999000 0 0 0 0 0 0 -236 164 
79801000 5000 10000 15000 0 -1312 -2009 -38025 999 -17 -11 0 1134000 1196000 1161000 1163000 1496000 1500000 1163000 1496000 1998000 998000 0 0 0 0 0 0 -236 164 
79901000 5000 10000 15000 0 -1690 -2171 -38027 999 -18 -14 0 1170000 1164000 1151000 1166000 1496000 1499000 1164000 1496000 1998000 998000 0 0 0 0 0 0 -237 163 
80001000 5000 10000 15000 0 -480 -1139 -38041 999 -9 -4 0 1221000 1114000 1165000 1155000 1496000 1499000 1164000 1496000 1999000 998000 0 0 0 0 0 0 -236 164 
80101000 5000 10000 15000 0 1559 855 -38029 999 7 13 0 1229000 1103000 1167000 1155000 1496000 1499000 1164000 1496000 1998000 998000 0 0 0 0 0 0 -236 164 
80201000 5000 10000 15000 0 3071 2066 -37992 999 18 26 0 1182000 1134000 1178000 1160000 1496000 1499000 1164000 1496000 1998000 998000 0 0 0 0 0 0 -236 164 
80301000 5000 10000 16000 0 2663 1563 -38004 999 13 23 0 1125000 1194000 1170000 1164000 1496000 1499000 1164000 1496000 1998000 998000 0 0 0 0 0 0 -236 164 
80401000 5000 10000 16000 0 657 -192 -38037 999 -1 5 0 1105000 1225000 1161000 1163000 1497000 1499000 1164000 1496000 1998000 998000 0 0 0 0 0 0 -236 164 
80501000 5000 10000 16000 0 -1288 -1906 -38025 999 -16 -11 0 1129000 1213000 1154000 1158000 1496000 1499000 1164000 1496000 1998000 998000 0 0 0 0 0 0 -236 164 
80601000 5000 10000 16000 0 -1786 -2387 -38013 999 -20 -15 0 1181000 1163000 1158000 1152000 1496000 1500000 1164000 1496000 1999000 997000 0 0 0 0 0 0 -236 164 
80701000 5000 10000 16000 0 -261 -1061 -38035 999 -9 -2 0 1226000 1104000 1163000 1161000 1497000 1499000 1164000 1497000 1998000 998000 0 0 0 0 0 0 -236 164 
80801000 5000 10000 16000 0 1838 999 -38031 999 8 16 0 1217000 1114000 1166000 1157000 1496000 1499000 1164000 1496000 1998000 998000 0 0 0 0 0 0 -236 164 
80901000 5000 10000 16000 0 2556 1727 -37988 999 15 22 0 1166000 1160000 1166000 1158000 1496000 1500000 1164000 1496000 1999000 998000 0 0 0 0 0 0 -237 163 
81001000 5000 10000 16000 0 1681 787 -38021 999 6 14 0 1127000 1202000 1163000 1157000 1496000 1499000 1164000 1496000 1998000 998000 0 0 0 0 0 0 -237 163 
81101000 5000 10000 16000 0 -97 -976 -38048 999 -8 0 0 1107000 1211000 1168000 1168000 1496000 1499000 1164000 1496000 1998000 999000 0 0 0 0 0 0 -236 164 
81201000 5000 10000 16000 0 -1445 -2372 -38014 999 -20 -12 0 1131000 1193000 1158000 1168000 1496000 1499000 1164000 1496000 1998000 998000 0 0 0 0 0 0 -237 163 
81301000 5000 10000 16000 0 -1589 -2415 -38018 999 -21 -13 0 1172000 1162000 1158000 1158000 1496000 1499000 1164000 1496000 1999000 997000 0 0 0 0 0 0 -237 163 
81401000 5000 10000 16000 0 -363 -1325 -38036 999 -11 -3 0 1218000 1113000 1168000 1155000 1496000 1500000 1164000 1496000 1999000 998000 0 0 0 0 0 0 -236 164 
81501000 5000 10000 16000 0 1841 900 -38017 999 7 16 0 1239000 1100000 1171000 1148000 1497000 1499000 1164000 1496000 1998000 998000 0 0 0 0 0 0 -237 163 
81601000 5000 10000 16000 0 3276 2264 -37966 999 19 28 0 1187000 1147000 1163000 1154000 1496000 1499000 1164000 1496000 1998000 998000 0 0 0 0 0 0 -237 163 
81701000 5000 10000 16000 0 2713 1774 -37983 999 15 23 0 1141000 1201000 1158000 1154000 1496000 1500000 1164000 1496000 1998000 998000 0 0 0 0 0 0 -236 164 
81801000 5000 10000 16000 0 943 123 -38034 999 1 8 0 1104000 1228000 1157000 1165000 1497000 1499000 1163000 1497000 1998000 998000 0 0 0 0 0 0 -236 164 
81901000 5000 10000 16000 0 -1018 -1930 -38041 999 -16 -8 0 1112000 1209000 1168000 1165000 1496000 1500000 1163000 1496000 1998000 998000 0 0 0 0 0 0 -236 164 
82001000 5000 10000 16000 0 -2127 -2935 -37994 999 -25 -18 0 1143000 1183000 1160000 1164000 1496000 1500000 1164000 1496000 1999000 997000 0 0 0 0 0 0 -237 163 
82101000 5000 10000 16000 0 -1581 -2498 -37984 999 -21 -13 0 1201000 1138000 1163000 1152000 1496000 1500000 1163000 1497000 1998000 998000 0 0 0 0 0 0 -236 164 
82201000 5000 10000 16000 0 236 -705 -38045 999 -6 2 0 1220000 1110000 1167000 1157000 1496000 1500000 1164000 1496000 1999000 999000 0 0 0 0 0 0 -236 164 
82301000 5000 10000 16000 0 1909 686 -38017 999 5 16 0 1197000 1131000 1171000 1155000 1496000 1499000 1164000 1496000 1999000 997000 0 0 0 0 0 0 -236 164 
82401000 5000 10000 16000 0 2228 932 -38016 999 8 19 0 1162000 1172000 1163000 1153000 1496000 1499000 1163000 1496000 1998000 999000 0 0 0 0 0 0 -237 163 
82501000 5000 10000 16000 0 1249 -22 -38039 999 0 10 0 1129000 1203000 1162000 1157000 1496000 1500000 1164000 1496000 1999000 998000 0 0 0 0 0 0 -237 163 
82601000 5000 10000 16000 0 -129 -1480 -38030 999 -12 -1 0 1124000 1206000 1165000 1159000 1497000 1499000 1164000 1496000 1998000 999000 0 0 0 0 0 0 -236 164 
82701000 5000 10000 16000 0 -1125 -2323 -38014 999 -20 -9 0 1141000 1189000 1160000 1160000 1496000 1499000 1163000 1496000 1999000 997000 0 0 0 0 0 0 -237 163 
82801000 5000 10000 16000 0 -917 -2257 -38022 999 -19 -8 0 1189000 1147000 1163000 1152000 1496000 1500000 1164000 1496000 1999000 998000 0 0 0 0 0 0 -237 163 
82901000 5000 10000 16000 0 921 -444 -38039 999 -3 8 0 1248000 1100000 1162000 1153000 1497000 1499000 1164000 1497000 1998000 998000 0 0 0 0 0 0 -236 164 
83001000 5000 10000 16000 0 3381 1896 -37968 999 16 29 0 1234000 1108000 1166000 1142000 1496000 1499000 1164000 1496000 1998000 997000 0 0 0 0 0 0 -237 163 
83101000 5000 10000 16000 0 3815 2329 -37939 999 20 33 0 1157000 1182000 1162000 1149000 1496000 1500000 1164000 1496000 1999000 998000 0 0 0 0 0 0 -237 163 
83201000 5000 10000 16000 0 2070 670 -38028 999 5 18 0 1106000 1232000 1161000 1156000 1496000 1499000 1163000 1497000 1998000 998000 0 0 0 0 0 0 -236 164 
83301000 5000 10000 16000 0 -529 -1616 -38027 999 -14 -4 0 1100000 1242000 1159000 1159000 1496000 1500000 1164000 1496000 1998000 997000 0 0 0 0 0 0 -236 164 
83401000 5000 10000 16000 0 -2194 -3282 -37962 999 -28 -19 0 1132000 1194000 1165000 1163000 1496000 1499000 1164000 1496000 1999000 998000 0 0 0 0 0 0 -236 164 
83501000 5000 10000 16000 0 -2107 -3137 -37977 999 -27 -18 0 1184000 1150000 1160000 1160000 1496000 1499000 1163000 1496000 1998000 998000 0 0 0 0 0 0 -236 164 
83601000 5000 10000 16000 0 -724 -1656 -38022 999 -14 -6 0 1220000 1124000 1160000 1150000 1496000 1500000 1164000 1496000 1998000 998000 0 0 0 0 0 0 -236 164 
83701000 5000 10000 16000 0 1162 76 -38019 999 0 10 0 1221000 1115000 1165000 1153000 1497000 1500000 1163000 1496000 1999000 997000 0 0 0 0 0 0 -236 164 
83801000 5000 10000 16000 0 2825 1702 -38002 999 14 24 0 1206000 1114000 1167000 1163000 1496000 1499000 1163000 1496000 1998000 998000 0 0 0 0 0 0 -237 163 
83901000 5000 10000 16000 0 3064 1913 -37965 999 16 26 0 1153000 1178000 1162000 1157000 1496000 1500000 1164000 1496000 1998000 998000 0 0 0 0 0 0 -237 163 
84001000 5000 10000 16000 0 1654 549 -37999 999 4 14 0 1117000 1218000 1159000 1156000 1497000 1499000 1163000 1497000 1998000 998000 0 0 0 0 0 0 -237 163 
84101000 5000 10000 16000 0 -566 -1514 -38031 999 -13 -4 0 1100000 1226000 1162000 1164000 1496000 1500000 1163000 1496000 1998000 998000 0 0 0 0 0 0 -237 163 
84201000 5000 10000 16000 0 -2373 -3221 -37967 999 -28 -20 0 1117000 1209000 1160000 1168000 1496000 1500000 1164000 1496000 1999000 1000000 0 0 0 0 0 0 -236 164 
84301000 5000 10000 16000 0 -2598 -3379 -37948 999 -29 -22 0 1168000 1154000 1167000 1165000 1496000 1500000 1163000 1497000 1999000 997000 0 0 0 0 0 0 -236 164 
84401000 5000 10000 16000 0 -1079 -1949 -38012 999 -17 -9 0 1224000 1118000 1165000 1144000 1496000 1499000 1164000 1496000 1998000 998000 0 0 0 0 0 0 -237 163 
84501000 5000 10000 16000 0 1256 364 -38024 999 3 10 0 1234000 1100000 1181000 1149000 1496000 1499000 1163000 1496000 1998000 999000 0 0 0 0 0 0 -236 164 
84601000 5000 10000 16000 0 3004 1801 -37965 999 15 26 0 1184000 1137000 1170000 1163000 1496000 1499000 1164000 1496000 1998000 998000 0 0 0 0 0 0 -236 164 
84701000 5000 10000 16000 0 2572 1495 -37989 999 13 22 0 1137000 1196000 1159000 1162000 1496000 1500000 1163000 1496000 1998000 998000 0 0 0 0 0 0 -236 164 
84801000 5000 10000 16000 0 723 -296 -38028 999 -2 6 0 1100000 1234000 1148000 1179000 1497000 1500000 1163000 1496000 1998000 998000 0 0 0 0 0 0 -236 164 
84901000 5000 10000 16000 0 -1254 -2086 -37990 999 -18 -10 0 1119000 1213000 1156000 1167000 1496000 1500000 1163000 1496000 1999000 997000 0 0 0 0 0 0 -236 164 
85001000 5000 10000 16000 0 -1957 -2742 -38007 999 -23 -17 0 1160000 1171000 1162000 1157000 1496000 1500000 1164000 1496000 1998000 998000 0 0 0 0 0 0 -237 163 
85101000 5000 10000 16000 0 -967 -1778 -38006 999 -15 -8 0 1226000 1111000 1168000 1148000 1497000 1499000 1164000 1497000 1998000 998000 0 0 0 0 0 0 -236 164 
85201000 5000 10000 16000 0 1377 511 -38020 999 4 12 0 1228000 1111000 1165000 1150000 1496000 1500000 1164000 1496000 1998000 998000 0 0 0 0 0 0 -236 164 
85301000 5000 10000 16000 0 2678 2016 -37961 999 17 23 0 1189000 1140000 1173000 1152000 1496000 1500000 1163000 1496000 1999000 998000 0 0 0 0 0 0 -236 164 
85401000 5000 10000 16000 0 2325 1586 -37984 999 13 20 0 1135000 1187000 1166000 1166000 1496000 1499000 1164000 1496000 1998000 998000 0 0 0 0 0 0 -236 164 
85501000 5000 10000 16000 0 633 -39 -38004 999 0 5 0 1106000 1215000 1164000 1170000 1496000 1500000 1164000 1496000 1999000 996000 0 0 0 0 0 0 -236 164 
85601000 5000 10000 16000 0 -1221 -1809 -37998 999 -15 -10 0 1120000 1212000 1156000 1166000 1497000 1499000 1164000 1496000 1998000 998000 0 0 0 0 0 0 -236 164 
85701000 5000 10000 16000 0 -1793 -2481 -37984 999 -21 -15 0 1169000 1161000 1160000 1164000 1496000 1500000 1163000 1496000 1998000 997000 0 0 0 0 0 0 -236 164 
85801000 5000 10000 16000 0 -487 -1220 -38018 999 -10 -4 0 1219000 1109000 1166000 1160000 1496000 1500000 1164000 1496000 1999000 998000 0 0 0 0 0 0 -236 164 
85901000 5000 10000 16000 0 1451 625 -38011 999 5 12 0 1211000 1120000 1168000 1155000 1497000 1499000 1164000 1497000 1998000 998000 0 0 0 0 0 0 -236 164 
86001000 5000 10000 16000 0 2185 1256 -37980 999 10 19 0 1176000 1166000 1160000 1148000 1496000 1499000 1165000 1496000 1998000 998000 0 0 0 0 0 0 -237 163 
86101000 5000 10000 16000 0 1381 569 -38003 999 4 12 0 1128000 1195000 1166000 1160000 1496000 1500000 1164000 1496000 2000000 997000 0 0 0 0 0 0 -237 163 
86201000 5000 10000 16000 0 -189 -929 -38011 999 -8 -1 0 1118000 1213000 1163000 1160000 1496000 1499000 1164000 1496000 1998000 998000 0 0 0 0 0 0 -236 164 
86301000 5000 10000 16000 0 -1291 -1947 -38015 999 -16 -11 0 1151000 1196000 1151000 1156000 1496000 1499000 1164000 1496000 1999000 998000 0 0 0 0 0 0 -236 164 
86401000 5000 10000 16000 0 -909 -1640 -38007 999 -14 -7 0 1207000 1130000 1166000 1150000 1496000 1499000 1164000 1496000 1998000 998000 0 0 0 0 0 0 -236 164 
86501000 5000 10000 16000 0 1161 338 -38003 999 2 10 0 1232000 1100000 1175000 1161000 1496000 1499000 1164000 1496000 1998000 997000 0 0 0 0 0 0 -236 164 
86601000 5000 10000 16000 0 2930 1884 -37942 999 16 25 0 1198000 1130000 1173000 1153000 1496000 1500000 1163000 1496000 1999000 998000 0 0 0 0 0 0 -236 164 
86701000 5000 10000 16000 0 2775 1755 -37942 999 15 24 0 1149000 1198000 1156000 1152000 1497000 1499000 1164000 1497000 1998000 998000 0 0 0 0 0 0 -236 164 
86801000 5000 10000 16000 0 1053 198 -38006 999 1 9 0 1113000 1223000 1158000 1160000 1496000 1499000 1164000 1496000 1998000 997000 0 0 0 0 0 0 -236 164 
86901000 5000 10000 16000 0 -910 -1692 -37994 999 -14 -7 0 1114000 1218000 1150000 1167000 1496000 1500000 1164000 1496000 1999000 997000 0 0 0 0 0 0 -237 163 
87001000 5000 10000 16000 0 -1715 -2509 -37979 999 -21 -14 0 1157000 1176000 1159000 1158000 1496000 1499000 1164000 1497000 1998000 998000 0 0 0 0 0 0 -237 163 
87101000 5000 10000 16000 0 -811 -1771 -37994 999 -15 -7 0 1217000 1119000 1160000 1158000 1496000 1499000 1164000 1496000 1998000 999000 0 0 0 0 0 0 -236 164 
87201000 5000 10000 16000 0 1354 227 -38003 999 1 11 0 1246000 1100000 1177000 1142000 1496000 1499000 1164000 1496000 1998000 998000 0 0 0 0 0 0 -236 164 
87301000 5000 10000 16000 0 3162 2039 -37944 999 17 27 0 1199000 1132000 1174000 1149000 1496000 1499000 1163000 1496000 1998000 998000 0 0 0 0 0 0 -236 164 
87401000 5000 10000 16000 0 2987 1892 -37954 999 16 26 0 1133000 1178000 1175000 1163000 1496000 1500000 1164000 1496000 1999000 998000 0 0 0 0 0 0 -237 163 
87501000 5000 10000 16000 0 1159 35 -37998 999 0 10 0 1100000 1219000 1163000 1176000 1497000 1499000 1164000 1496000 1998000 998000 0 0 0 0 0 0 -237 163 
87601000 5000 10000 16000 0 -962 -1843 -37962 999 -16 -8 0 1115000 1216000 1155000 1165000 1496000 1499000 1164000 1496000 1998000 998000 0 0 0 0 0 0 -237 163 
87701000 5000 10000 16000 0 -2198 -2881 -37945 999 -25 -19 0 1141000 1193000 1152000 1168000 1496000 1500000 1164000 1496000 1998000 998000 0 0 0 0 0 0 -236 164 
87828000 5000 97000 17000 1000 -2319 -3022 -37947 999 -26 -20 0 1147000 1168000 1169000 1170000 1496000 1500000 1163000 1496000 1999000 998000 0 0 0 0 0 0 -236 164 
87901000 5000 10000 18000 0 -1809 -2556 -37958 999 -22 -15 0 1195000 1140000 1165000 1150000 1496000 1500000 1164000 1496000 1998000 997000 0 0 0 0 0 0 -237 163 
88001000 5000 10000 18000 0 639 -504 -37981 999 -4 5 0 1264000 1100000 1170000 1151000 1496000 1499000 1164000 1496000 2000000 997000 0 0 0 0 0 0 -236 164 
88101000 5000 10000 18000 0 4332 2869 -37923 998 25 37 0 1283000 1100000 1188000 1146000 1496000 1499000 1163000 1496000 1998000 998000 0 0 0 0 0 0 -236 164 
88201000 5000 10000 18000 0 6878 5307 -37701 997 46 59 -2 1224000 1103000 1171000 1156000 1496000 1500000 1164000 1496000 1999000 998000 0 0 0 0 0 0 -236 164 
88301000 5000 10000 18000 0 6373 4969 -37729 997 43 55 -2 1132000 1205000 1166000 1151000 1497000 1500000 1163000 1496000 1999000 997000 0 0 0 0 0 0 -236 164 
88401000 5000 10000 18000 0 2592 1334 -37997 999 11 22 0 1100000 1315000 1153000 1180000 1496000 1500000 1163000 1496000 1998000 997000 0 0 0 0 0 0 -236 164 
88501000 5000 10000 18000 0 -3909 -4839 -37833 998 -42 -34 -1 1100000 1373000 1159000 1164000 1496000 1500000 1163000 1496000 1998000 997000 0 0 0 0 0 0 -236 164 
88601000 5000 10000 18000 0 -9960 -10686 -37027 991 -92 -86 -8 1100000 1346000 1148000 1179000 1496000 1500000 1163000 1497000 1998000 997000 0 0 0 0 0 0 -237 163 
88701000 5000 10000 18000 0 -12800 -13519 -36486 986 -116 -110 -13 1100000 1247000 1144000 1171000 1496000 1499000 1164000 1496000 1999000 998000 0 0 0 0 0 0 -236 164 
88801000 5000 10000 18000 0 -10726 -11564 -36865 990 -100 -92 -9 1234000 1100000 1168000 1169000 1496000 1499000 1164000 1496000 1999000 997000 0 0 0 0 0 0 -236 164 
88901000 5000 10000 18000 0 -3599 -4821 -37711 998 -42 -31 -1 1397000 1100000 1174000 1137000 1496000 1499000 1164000 1496000 1999000 997000 0 0 0 0 0 0 -236 164 
89001000 5000 10000 18000 0 5894 4336 -37936 997 37 51 -1 1447000 1100000 1209000 1112000 1496000 1499000 1164000 1496000 1999000 998000 0 0 0 0 0 0 -236 164 
89101000 5000 10000 18000 0 11965 10431 -36971 990 90 103 -9 1262000 1100000 1198000 1159000 1497000 1499000 1164000 1496000 1998000 998000 0 0 0 0 0 0 -236 164 
89201000 5000 10000 18000 0 10967 9287 -37171 992 80 95 -7 1100000 1290000 1163000 1141000 1496000 1499000 1163000 1496000 1999000 998000 0 0 0 0 0 0 -236 164 
89301000 5000 10000 18000 0 2463 908 -38124 999 7 21 0 1100000 1507000 1133000 1194000 1496000 1500000 1164000 1496000 1999000 998000 0 0 0 0 0 0 -236 164 
89401000 5000 10000 18000 0 -10211 -11344 -36908 991 -98 -88 -8 1100000 1534000 1162000 1184000 1496000 1499000 1164000 1497000 1998000 999000 0 0 0 0 0 0 -236 164 
89501000 5000 10000 18000 0 -17662 -18679 -35359 975 -160 -151 -24 1181000 1100000 1191000 1221000 1496000 1499000 1164000 1496000 1998000 997000 0 0 0 0 0 0 -236 164 
89601000 5000 10000 18000 0 -9634 -10762 -36807 992 -93 -83 -7 1532000 1100000 1184000 1120000 1496000 1499000 1164000 1496000 1998000 998000 0 0 0 0 0 0 -236 164 
89701000 5000 10000 18000 0 6038 4420 -38056 997 38 52 -2 1641000 1100000 1183000 1103000 1496000 1499000 1164000 1496000 1998000 998000 0 0 0 0 0 0 -236 164 
89801000 5000 10000 18000 0 16998 15848 -36009 979 136 146 -20 1293000 1100000 1243000 1144000 1496000 1499000 1164000 1496000 1999000 998000 0 0 0 0 0 0 -236 164 
Hello Junta. Starting Potato Controller now
imu.begin()-IMU comm & initialize completed 
imu.dmpBegin() suceeded
IMU SETUP COMPLETED
