Hello Junta. Starting Potato Controller now
imu.begin()-IMU comm & initialize completed 
imu.dmpBegin() suceeded
IMU SETUP COMPLETED
-0.181299 -0.993799 -16.480505 0.999961 -0.008672 -0.001582 -0.000014 0.000000 0.000000 0.000000 -0.400000 0.000000 
-0.181205 -0.994405 -16.482031 0.999961 -0.008678 -0.001581 -0.000014 0.000000 0.000000 0.000000 -0.400000 0.000000 
-0.186065 -0.979576 -16.481392 0.999962 -0.008548 -0.001624 -0.000014 0.000000 0.000000 0.000000 -0.400000 0.000000 
-0.188592 -0.981636 -16.483435 0.999962 -0.008566 -0.001646 -0.000014 0.000000 0.000000 0.000000 -0.400000 0.000000 
-0.190940 -0.987667 -16.486767 0.999961 -0.008619 -0.001666 -0.000014 0.000000 0.000000 0.000000 -0.400000 0.000000 
-0.190857 -0.982981 -16.485306 0.999962 -0.008578 -0.001665 -0.000014 0.000000 0.000000 0.000000 -0.400000 0.000000 
-0.189326 -0.987044 -16.487070 0.999962 -0.008613 -0.001652 -0.000014 0.000000 0.000000 0.000000 -0.400000 0.000000 
-0.188021 -0.997203 -16.484961 0.999961 -0.008702 -0.001641 -0.000014 0.000000 0.000000 0.000000 -0.400000 0.000000 
-0.192252 -0.996127 -16.485788 0.999961 -0.008693 -0.001678 -0.000015 0.000000 0.000000 0.000000 -0.400000 0.000000 
-0.190846 -1.005145 -16.486980 0.999960 -0.008771 -0.001665 -0.000015 0.000000 0.000000 0.000000 -0.400000 0.000000 
-0.190822 -1.005220 -16.486010 0.999960 -0.008772 -0.001665 -0.000015 0.000000 0.000000 0.000000 -0.400000 0.000000 
-0.188318 -1.000275 -16.485678 0.999961 -0.008729 -0.001643 -0.000014 0.000000 0.000000 0.000000 -0.400000 0.000000 
-0.186369 -1.004393 -16.484774 0.999960 -0.008765 -0.001626 -0.000014 0.000000 0.000000 0.000000 -0.355000 0.045000 
-0.178236 -1.001724 -16.481495 0.999961 -0.008742 -0.001555 -0.000014 0.000000 0.000000 0.000000 -0.305000 0.095000 
-0.168146 -0.995638 -16.477930 0.999961 -0.008688 -0.001467 -0.000013 0.000000 0.000000 0.000000 -0.222000 0.178000 
-0.169770 -1.020023 -16.465395 0.999959 -0.008901 -0.001481 -0.000013 0.000000 0.000000 0.000000 -0.204000 0.196000 
-0.403609 -0.939443 -16.468344 0.999960 -0.008198 -0.003522 -0.000029 0.000000 0.000000 0.000000 -0.358000 0.042000 
-0.209572 -1.034045 -16.466293 0.999958 -0.009024 -0.001829 -0.000017 0.000000 0.000000 0.000000 -0.400000 0.000000 
-0.094837 -1.097335 -16.454809 0.999954 -0.009576 -0.000828 -0.000008 0.000000 0.000000 0.000000 -0.400000 0.000000 
0.138552 -1.060754 -16.464115 0.999956 -0.009257 0.001209 0.000011 0.000000 0.000000 0.000000 -0.400000 0.000000 
0.121488 -0.891683 -16.466856 0.999969 -0.007781 0.001060 0.000008 0.000000 0.000000 0.000000 -0.400000 0.000000 
0.492425 -0.900944 -16.455940 0.999960 -0.007862 0.004297 0.000034 0.000000 0.000000 0.000000 -0.400000 0.000000 
0.437313 -0.880163 -16.451393 0.999963 -0.007681 0.003816 0.000029 0.000000 0.000000 0.000000 -0.400000 0.000000 
0.387916 -0.890492 -16.449795 0.999964 -0.007771 0.003385 0.000026 0.000000 0.000000 0.000000 -0.400000 0.000000 
0.354473 -0.963992 -16.457851 0.999960 -0.008412 0.003093 0.000026 0.000000 0.000000 0.000000 -0.400000 0.000000 
0.240718 -0.986244 -16.457081 0.999961 -0.008606 0.002101 0.000018 0.000000 0.000000 0.000000 -0.400000 0.000000 
0.197788 -1.087986 -16.460220 0.999953 -0.009494 0.001726 0.000016 0.000000 0.000000 0.000000 -0.400000 0.000000 
0.142170 -1.058019 -16.459335 0.999957 -0.009233 0.001241 0.000011 0.000000 0.000000 0.000000 -0.400000 0.000000 
-0.006241 -0.974595 -16.459581 0.999964 -0.008505 -0.000054 -0.000000 0.000000 0.000000 0.000000 -0.400000 0.000000 
0.047588 -0.945570 -16.459684 0.999966 -0.008252 0.000415 0.000003 0.000000 0.000000 0.000000 -0.400000 0.000000 
-0.176064 -1.062586 -16.463219 0.999956 -0.009273 -0.001536 -0.000014 0.000000 0.000000 0.000000 -0.400000 0.000000 
-0.117773 -1.014408 -16.462461 0.999960 -0.008852 -0.001028 -0.000009 0.000000 0.000000 0.000000 -0.400000 0.000000 
0.022744 -0.995210 -16.458750 0.999962 -0.008685 0.000198 0.000002 0.000000 0.000000 0.000000 -0.400000 0.000000 
-0.043232 -0.997947 -16.452555 0.999962 -0.008709 -0.000377 -0.000003 0.000000 0.000000 0.000000 -0.400000 0.000000 
0.028519 -1.051994 -16.455189 0.999958 -0.009180 0.000249 0.000002 0.000000 0.000000 0.000000 -0.400000 0.000000 
0.071512 -1.030756 -16.460480 0.999959 -0.008995 0.000624 0.000006 0.000000 0.000000 0.000000 -0.400000 0.000000 
-0.023797 -1.104400 -16.454714 0.999954 -0.009638 -0.000208 -0.000002 0.000000 0.000000 0.000000 -0.400000 0.000000 
-0.025366 -1.035960 -16.449133 0.999959 -0.009040 -0.000221 -0.000002 0.000000 0.000000 0.000000 -0.400000 0.000000 
-0.086927 -1.039636 -16.442862 0.999959 -0.009072 -0.000759 -0.000007 0.000000 0.000000 0.000000 -0.400000 0.000000 
-0.188959 -1.040535 -16.444635 0.999957 -0.009080 -0.001649 -0.000015 0.000000 0.000000 0.000000 -0.400000 0.000000 
-0.180919 -1.031927 -16.443956 0.999958 -0.009005 -0.001579 -0.000014 0.000000 0.000000 0.000000 -0.400000 0.000000 
-0.286272 -0.923216 -16.443630 0.999964 -0.008056 -0.002498 -0.000020 0.000000 0.000000 0.000000 -0.400000 0.000000 
-0.330670 -0.942808 -16.445280 0.999962 -0.008227 -0.002886 -0.000024 0.000000 0.000000 0.000000 -0.400000 0.000000 
-0.176909 -1.055487 -16.441980 0.999956 -0.009211 -0.001544 -0.000014 0.000000 0.000000 0.000000 -0.400000 0.000000 
-0.313303 -0.946899 -16.441799 0.999962 -0.008263 -0.002734 -0.000023 0.000000 0.000000 0.000000 -0.400000 0.000000 
-0.111050 -0.963734 -16.448839 0.999964 -0.008410 -0.000969 -0.000008 0.000000 0.000000 0.000000 -0.400000 0.000000 
-0.226778 -0.961036 -16.437784 0.999963 -0.008387 -0.001979 -0.000017 0.000000 0.000000 0.000000 -0.400000 0.000000 
-0.101823 -1.003912 -16.426447 0.999961 -0.008761 -0.000889 -0.000008 0.000000 0.000000 0.000000 -0.400000 0.000000 
-0.250383 -0.938465 -16.425913 0.999964 -0.008190 -0.002185 -0.000018 0.000000 0.000000 0.000000 -0.400000 0.000000 
-0.171055 -1.039337 -16.426153 0.999958 -0.009070 -0.001493 -0.000014 0.000000 0.000000 0.000000 -0.400000 0.000000 
-0.193885 -0.969112 -16.429121 0.999963 -0.008457 -0.001692 -0.000014 0.000000 0.000000 0.000000 -0.400000 0.000000 
-0.246156 -0.923650 -16.424210 0.999965 -0.008060 -0.002148 -0.000017 0.000000 0.000000 0.000000 -0.400000 0.000000 
-0.379573 -0.953591 -16.418716 0.999960 -0.008322 -0.003312 -0.000028 0.000000 0.000000 0.000000 -0.400000 0.000000 
-0.324697 -1.021807 -16.413895 0.999956 -0.008917 -0.002833 -0.000025 0.000000 0.000000 0.000000 -0.400000 0.000000 
-0.315499 -1.133384 -16.406528 0.999947 -0.009890 -0.002753 -0.000027 0.000000 0.000000 0.000000 -0.400000 0.000000 
-0.174794 -1.191507 -16.404480 0.999945 -0.010398 -0.001525 -0.000016 0.000000 0.000000 0.000000 -0.400000 0.000000 
-0.085431 -1.196425 -16.405092 0.999945 -0.010441 -0.000745 -0.000008 0.000000 0.000000 0.000000 -0.400000 0.000000 
-0.167819 -1.152638 -16.400446 0.999948 -0.010058 -0.001464 -0.000015 0.000000 0.000000 0.000000 -0.400000 0.000000 
-0.164444 -1.149967 -16.400890 0.999949 -0.010035 -0.001435 -0.000014 0.000000 0.000000 0.000000 -0.400000 0.000000 
-0.310632 -1.004513 -16.412426 0.999958 -0.008766 -0.002711 -0.000024 0.000000 0.000000 0.000000 -0.400000 0.000000 
-0.294652 -1.091049 -16.420729 0.999951 -0.009521 -0.002571 -0.000024 0.000000 0.000000 0.000000 -0.400000 0.000000 
-0.298726 -1.084634 -16.418266 0.999952 -0.009465 -0.002607 -0.000025 0.000000 0.000000 0.000000 -0.400000 0.000000 
-0.480130 -0.960695 -16.407934 0.999956 -0.008383 -0.004190 -0.000035 0.000000 0.000000 0.000000 -0.400000 0.000000 
-0.318509 -1.110403 -16.400480 0.999949 -0.009690 -0.002779 -0.000027 0.000000 0.000000 0.000000 -0.400000 0.000000 
-0.147301 -1.024270 -16.402334 0.999959 -0.008938 -0.001285 -0.000011 0.000000 0.000000 0.000000 -0.400000 0.000000 
-0.216081 -0.901004 -16.400551 0.999967 -0.007863 -0.001886 -0.000015 0.000000 0.000000 0.000000 -0.400000 0.000000 
-0.337519 -0.871751 -16.400911 0.999967 -0.007607 -0.002945 -0.000022 0.000000 0.000000 0.000000 -0.400000 0.000000 
-0.194009 -0.814659 -16.404276 0.999973 -0.007109 -0.001693 -0.000012 0.000000 0.000000 0.000000 -0.400000 0.000000 
-0.271522 -0.882159 -16.409132 0.999968 -0.007698 -0.002369 -0.000018 0.000000 0.000000 0.000000 -0.400000 0.000000 
-0.317914 -0.953084 -16.408304 0.999962 -0.008317 -0.002774 -0.000023 0.000000 0.000000 0.000000 -0.400000 0.000000 
-0.202335 -0.898724 -16.406340 0.999968 -0.007843 -0.001766 -0.000014 0.000000 0.000000 0.000000 -0.400000 0.000000 
-0.297390 -0.916610 -16.405941 0.999965 -0.007999 -0.002595 -0.000021 0.000000 0.000000 0.000000 -0.400000 0.000000 
-0.299213 -0.885896 -16.396729 0.999967 -0.007731 -0.002611 -0.000020 0.000000 0.000000 0.000000 -0.400000 0.000000 
-0.270988 -0.941614 -16.396885 0.999963 -0.008217 -0.002365 -0.000019 0.000000 0.000000 0.000000 -0.400000 0.000000 
-0.277288 -0.917584 -16.402296 0.999965 -0.008007 -0.002420 -0.000019 0.000000 0.000000 0.000000 -0.400000 0.000000 
-0.409322 -0.855827 -16.415140 0.999966 -0.007468 -0.003572 -0.000027 0.000000 0.000000 0.000000 -0.400000 0.000000 
-0.313832 -1.064806 -16.418598 0.999953 -0.009292 -0.002739 -0.000025 0.000000 0.000000 0.000000 -0.400000 0.000000 
-0.168627 -0.952647 -16.411530 0.999964 -0.008313 -0.001471 -0.000012 0.000000 0.000000 0.000000 -0.400000 0.000000 
-0.094259 -1.057292 -16.412222 0.999957 -0.009226 -0.000823 -0.000008 0.000000 0.000000 0.000000 -0.400000 0.000000 
-0.323839 -1.121620 -16.408848 0.999948 -0.009788 -0.002826 -0.000028 0.000000 0.000000 0.000000 -0.400000 0.000000 
-0.305882 -1.174363 -16.404219 0.999944 -0.010248 -0.002669 -0.000027 0.000000 0.000000 0.000000 -0.400000 0.000000 
-0.398519 -1.117595 -16.408953 0.999946 -0.009753 -0.003478 -0.000034 0.000000 0.000000 0.000000 -0.400000 0.000000 
-0.366309 -1.117703 -16.401970 0.999947 -0.009754 -0.003196 -0.000031 0.000000 0.000000 0.000000 -0.400000 0.000000 
-0.345194 -1.173119 -16.405062 0.999943 -0.010237 -0.003012 -0.000031 0.000000 0.000000 0.000000 -0.400000 0.000000 
-0.244211 -1.201834 -16.412096 0.999943 -0.010488 -0.002131 -0.000022 0.000000 0.000000 0.000000 -0.400000 0.000000 
-0.308025 -1.219873 -16.409809 0.999940 -0.010645 -0.002688 -0.000029 0.000000 0.000000 0.000000 -0.400000 0.000000 
-0.276389 -1.258199 -16.399426 0.999937 -0.010980 -0.002412 -0.000026 0.000000 0.000000 0.000000 -0.400000 0.000000 
-0.313574 -1.339101 -16.389980 0.999928 -0.011686 -0.002736 -0.000032 0.000000 0.000000 0.000000 -0.400000 0.000000 
-0.201485 -1.294707 -16.393002 0.999935 -0.011298 -0.001758 -0.000020 0.000000 0.000000 0.000000 -0.400000 0.000000 
-0.320334 -1.247879 -16.397188 0.999937 -0.010890 -0.002795 -0.000030 0.000000 0.000000 0.000000 -0.400000 0.000000 
-0.273670 -1.253059 -16.407072 0.999937 -0.010935 -0.002388 -0.000026 0.000000 0.000000 0.000000 -0.400000 0.000000 
-0.147645 -1.332651 -16.407129 0.999932 -0.011629 -0.001288 -0.000015 0.000000 0.000000 0.000000 -0.400000 0.000000 
-0.085329 -1.271443 -16.403284 0.999938 -0.011095 -0.000745 -0.000008 0.000000 0.000000 0.000000 -0.400000 0.000000 
-0.254790 -1.146925 -16.403370 0.999947 -0.010009 -0.002223 -0.000022 0.000000 0.000000 0.000000 -0.400000 0.000000 
-0.438027 -0.933887 -16.398458 0.999959 -0.008150 -0.003822 -0.000031 0.000000 0.000000 0.000000 -0.400000 0.000000 
-0.286145 -0.907884 -16.400145 0.999965 -0.007923 -0.002497 -0.000020 0.000000 0.000000 0.000000 -0.400000 0.000000 
-0.217221 -0.891493 -16.392738 0.999968 -0.007780 -0.001896 -0.000015 0.000000 0.000000 0.000000 -0.400000 0.000000 
-0.202320 -0.940285 -16.384222 0.999965 -0.008205 -0.001766 -0.000014 0.000000 0.000000 0.000000 -0.400000 0.000000 
-0.136962 -0.946603 -16.388208 0.999965 -0.008261 -0.001195 -0.000010 0.000000 0.000000 0.000000 -0.400000 0.000000 
-0.076619 -0.893307 -16.402287 0.999969 -0.007795 -0.000669 -0.000005 0.000000 0.000000 0.000000 -0.400000 0.000000 
-0.146875 -0.905998 -16.406246 0.999968 -0.007906 -0.001282 -0.000010 0.000000 0.000000 0.000000 -0.400000 0.000000 
-0.067360 -0.813742 -16.401781 0.999975 -0.007101 -0.000588 -0.000004 0.000000 0.000000 0.000000 -0.400000 0.000000 
-0.150181 -0.769990 -16.389153 0.999977 -0.006719 -0.001311 -0.000009 0.000000 0.000000 0.000000 -0.400000 0.000000 
-0.141455 -0.745182 -16.385244 0.999978 -0.006503 -0.001234 -0.000008 0.000000 0.000000 0.000000 -0.400000 0.000000 
-0.134266 -0.893689 -16.385126 0.999969 -0.007799 -0.001172 -0.000009 0.000000 0.000000 0.000000 -0.400000 0.000000 
-0.208205 -0.882768 -16.386250 0.999969 -0.007704 -0.001817 -0.000014 0.000000 0.000000 0.000000 -0.400000 0.000000 
-0.284053 -0.945294 -16.374264 0.999963 -0.008249 -0.002479 -0.000020 0.000000 0.000000 0.000000 -0.400000 0.000000 
-0.288164 -1.077721 -16.370556 0.999953 -0.009405 -0.002515 -0.000024 0.000000 0.000000 0.000000 -0.400000 0.000000 
-0.174866 -1.110574 -16.373251 0.999952 -0.009691 -0.001526 -0.000015 0.000000 0.000000 0.000000 -0.400000 0.000000 
-0.145157 -1.040508 -16.374157 0.999958 -0.009080 -0.001267 -0.000012 0.000000 0.000000 0.000000 -0.400000 0.000000 
-0.046480 -1.092414 -16.363951 0.999954 -0.009533 -0.000406 -0.000004 0.000000 0.000000 0.000000 -0.400000 0.000000 
-0.146934 -0.955213 -16.360033 0.999964 -0.008336 -0.001282 -0.000011 0.000000 0.000000 0.000000 -0.400000 0.000000 
-0.143757 -0.938985 -16.357910 0.999966 -0.008194 -0.001254 -0.000010 0.000000 0.000000 0.000000 -0.400000 0.000000 
-0.122506 -0.923871 -16.356714 0.999967 -0.008062 -0.001069 -0.000009 0.000000 0.000000 0.000000 -0.400000 0.000000 
-0.119316 -0.948116 -16.366112 0.999965 -0.008274 -0.001041 -0.000009 0.000000 0.000000 0.000000 -0.400000 0.000000 
-0.114127 -0.817911 -16.369165 0.999974 -0.007138 -0.000996 -0.000007 0.000000 0.000000 0.000000 -0.400000 0.000000 
0.006515 -1.063063 -16.373953 0.999957 -0.009277 0.000057 0.000001 0.000000 0.000000 0.000000 -0.400000 0.000000 
0.044291 -1.045754 -16.372026 0.999958 -0.009126 0.000386 0.000004 0.000000 0.000000 0.000000 -0.400000 0.000000 
0.032501 -1.104320 -16.369289 0.999954 -0.009637 0.000284 0.000003 0.000000 0.000000 0.000000 -0.400000 0.000000 
-0.024196 -1.102791 -16.360802 0.999954 -0.009624 -0.000211 -0.000002 0.000000 0.000000 0.000000 -0.400000 0.000000 
0.029840 -1.072274 -16.352190 0.999956 -0.009357 0.000260 0.000002 0.000000 0.000000 0.000000 -0.400000 0.000000 
0.008830 -0.997413 -16.352392 0.999962 -0.008704 0.000077 0.000001 0.000000 0.000000 0.000000 -0.400000 0.000000 
-0.058827 -0.883866 -16.350143 0.999970 -0.007713 -0.000513 -0.000004 0.000000 0.000000 0.000000 -0.400000 0.000000 
0.048441 -0.924378 -16.349756 0.999967 -0.008067 0.000423 0.000003 0.000000 0.000000 0.000000 -0.400000 0.000000 
0.142784 -0.893097 -16.349569 0.999969 -0.007794 0.001246 0.000010 0.000000 0.000000 0.000000 -0.400000 0.000000 
-0.106898 -0.802739 -16.352886 0.999975 -0.007005 -0.000933 -0.000007 0.000000 0.000000 0.000000 -0.400000 0.000000 
0.024139 -0.957982 -16.348759 0.999965 -0.008360 0.000211 0.000002 0.000000 0.000000 0.000000 -0.400000 0.000000 
-0.000760 -0.856994 -16.337013 0.999972 -0.007479 -0.000007 -0.000000 0.000000 0.000000 0.000000 -0.400000 0.000000 
0.079569 -1.003836 -16.327906 0.999961 -0.008760 0.000694 0.000006 0.000000 0.000000 0.000000 -0.400000 0.000000 
0.143091 -0.950332 -16.332706 0.999965 -0.008293 0.001249 0.000010 0.000000 0.000000 0.000000 -0.400000 0.000000 
0.074191 -0.916716 -16.337559 0.999968 -0.008000 0.000647 0.000005 0.000000 0.000000 0.000000 -0.400000 0.000000 
0.060672 -0.852422 -16.336485 0.999972 -0.007439 0.000529 0.000004 0.000000 0.000000 0.000000 -0.400000 0.000000 
-0.156310 -0.884016 -16.336788 0.999969 -0.007714 -0.001364 -0.000011 0.000000 0.000000 0.000000 -0.400000 0.000000 
-0.315230 -0.902392 -16.337431 0.999965 -0.007875 -0.002751 -0.000022 0.000000 0.000000 0.000000 -0.400000 0.000000 
-0.249407 -1.004930 -16.338770 0.999959 -0.008770 -0.002176 -0.000019 0.000000 0.000000 0.000000 -0.400000 0.000000 
-0.122056 -0.896103 -16.333759 0.999969 -0.007820 -0.001065 -0.000008 0.000000 0.000000 0.000000 -0.400000 0.000000 
-0.109610 -0.900170 -16.324638 0.999969 -0.007855 -0.000956 -0.000008 0.000000 0.000000 0.000000 -0.400000 0.000000 
-0.026916 -1.025162 -16.322392 0.999960 -0.008946 -0.000235 -0.000002 0.000000 0.000000 0.000000 -0.400000 0.000000 
-0.028875 -1.065573 -16.337315 0.999957 -0.009299 -0.000252 -0.000002 0.000000 0.000000 0.000000 -0.400000 0.000000 
-0.001523 -1.086036 -16.335316 0.999955 -0.009477 -0.000013 -0.000000 0.000000 0.000000 0.000000 -0.400000 0.000000 
-0.077377 -1.024660 -16.333452 0.999960 -0.008942 -0.000675 -0.000006 0.000000 0.000000 0.000000 -0.400000 0.000000 
-0.215694 -1.046501 -16.333027 0.999957 -0.009132 -0.001882 -0.000017 0.000000 0.000000 0.000000 -0.400000 0.000000 
-0.274757 -1.091250 -16.337454 0.999952 -0.009523 -0.002398 -0.000023 0.000000 0.000000 0.000000 -0.400000 0.000000 
-0.322736 -0.913695 -16.340479 0.999964 -0.007973 -0.002816 -0.000022 0.000000 0.000000 0.000000 -0.400000 0.000000 
-0.173143 -1.022583 -16.335392 0.999959 -0.008924 -0.001511 -0.000013 0.000000 0.000000 0.000000 -0.400000 0.000000 
-0.237539 -1.017353 -16.329157 0.999958 -0.008878 -0.002073 -0.000018 0.000000 0.000000 0.000000 -0.400000 0.000000 
-0.273185 -1.055944 -16.328291 0.999955 -0.009215 -0.002384 -0.000022 0.000000 0.000000 0.000000 -0.400000 0.000000 
-0.272146 -1.031962 -16.328331 0.999957 -0.009005 -0.002375 -0.000021 0.000000 0.000000 0.000000 -0.400000 0.000000 
-0.438564 -0.959311 -16.332945 0.999958 -0.008371 -0.003827 -0.000032 0.000000 0.000000 0.000000 -0.400000 0.000000 
-0.264059 -0.983997 -16.332268 0.999960 -0.008587 -0.002304 -0.000020 0.000000 0.000000 0.000000 -0.400000 0.000000 
-0.390464 -0.954394 -16.322309 0.999960 -0.008329 -0.003407 -0.000028 0.000000 0.000000 0.000000 -0.400000 0.000000 
-0.291923 -0.992281 -16.323511 0.999959 -0.008659 -0.002547 -0.000022 0.000000 0.000000 0.000000 -0.400000 0.000000 
-0.227025 -0.953260 -16.323816 0.999963 -0.008319 -0.001981 -0.000016 0.000000 0.000000 0.000000 -0.400000 0.000000 
-0.250816 -1.079187 -16.325741 0.999953 -0.009418 -0.002189 -0.000021 0.000000 0.000000 0.000000 -0.400000 0.000000 
-0.328100 -1.110086 -16.324625 0.999949 -0.009687 -0.002863 -0.000028 0.000000 0.000000 0.000000 -0.400000 0.000000 
-0.229799 -1.059224 -16.322718 0.999955 -0.009243 -0.002005 -0.000019 0.000000 0.000000 0.000000 -0.400000 0.000000 
-0.337279 -1.105488 -16.324114 0.999949 -0.009647 -0.002943 -0.000028 0.000000 0.000000 0.000000 -0.400000 0.000000 
-0.274156 -1.110440 -16.326317 0.999950 -0.009690 -0.002392 -0.000023 0.000000 0.000000 0.000000 -0.400000 0.000000 
-0.239442 -1.052947 -16.320028 0.999956 -0.009189 -0.002089 -0.000019 0.000000 0.000000 0.000000 -0.400000 0.000000 
-0.290329 -1.005458 -16.312738 0.999958 -0.008774 -0.002533 -0.000022 0.000000 0.000000 0.000000 -0.400000 0.000000 
-0.426094 -0.948915 -16.312099 0.999959 -0.008281 -0.003718 -0.000031 0.000000 0.000000 0.000000 -0.400000 0.000000 
-0.457952 -0.940552 -16.310787 0.999958 -0.008208 -0.003996 -0.000033 0.000000 0.000000 0.000000 -0.400000 0.000000 
-0.451238 -0.870304 -16.319681 0.999963 -0.007595 -0.003938 -0.000030 0.000000 0.000000 0.000000 -0.400000 0.000000 
-0.344371 -0.936324 -16.322899 0.999962 -0.008171 -0.003005 -0.000025 0.000000 0.000000 0.000000 -0.400000 0.000000 
-0.255925 -0.783873 -16.328983 0.999974 -0.006841 -0.002233 -0.000015 0.000000 0.000000 0.000000 -0.400000 0.000000 
-0.353688 -0.871586 -16.321207 0.999966 -0.007606 -0.003086 -0.000023 0.000000 0.000000 0.000000 -0.400000 0.000000 
-0.283064 -0.902730 -16.316448 0.999966 -0.007878 -0.002470 -0.000019 0.000000 0.000000 0.000000 -0.400000 0.000000 
-0.347550 -0.921895 -16.312777 0.999963 -0.008045 -0.003033 -0.000024 0.000000 0.000000 0.000000 -0.400000 0.000000 
-0.323803 -0.962258 -16.309626 0.999961 -0.008397 -0.002826 -0.000024 0.000000 0.000000 0.000000 -0.400000 0.000000 
-0.197236 -1.050282 -16.302523 0.999956 -0.009165 -0.001721 -0.000016 0.000000 0.000000 0.000000 -0.400000 0.000000 
Hello Junta. Starting Potato Controller now
imu.begin()-IMU comm & initialize completed 
imu.dmpBegin() suceeded
IMU SETUP COMPLETED
Hello Junta. Starting Potato Controller now
imu.begin()-IMU comm & initialize completed 
imu.dmpBegin() suceeded
IMU SETUP COMPLETED
Hello Junta. Starting Potato Controller now
imu.begin()-IMU comm & initialize completed 
imu.dmpBegin() suceeded
IMU SETUP COMPLETED
Hello Junta. Starting Potato Controller now
imu.begin()-IMU comm & initialize completed 
imu.dmpBegin() suceeded
Hello Junta. Starting Potato Controller now
imu.begin()-IMU comm & initialize completed 
imu.dmpBegin() suceeded
IMU SETUP COMPLETED
Hello Junta. Starting Potato Controller now
imu.begin()-IMU comm & initialize completed 
imu.dmpBegin() suceeded
IMU SETUP COMPLETED
0.341001 -1.007474 -15.797644 0.999957 -0.008792 0.002976 0.000026 -0.007000 0.684000 1.565000 -0.400000 0.000000 
0.345022 -1.000950 -15.794138 0.999957 -0.008735 0.003011 0.000026 -0.126000 0.719000 1.628000 -0.400000 0.000000 
0.343649 -0.999053 -15.791438 0.999958 -0.008718 0.002999 0.000026 0.002000 0.701000 1.612000 -0.400000 0.000000 
0.338947 -0.989406 -15.788172 0.999958 -0.008634 0.002958 0.000026 -0.005000 0.702000 1.608000 -0.400000 0.000000 
0.327689 -0.981676 -15.788382 0.999959 -0.008567 0.002860 0.000024 -0.268000 0.798000 1.738000 -0.400000 0.000000 
0.321688 -0.969355 -15.786688 0.999960 -0.008459 0.002807 0.000024 -0.190000 0.752000 1.711000 -0.400000 0.000000 
0.316553 -0.971473 -15.782001 0.999960 -0.008478 0.002762 0.000023 -0.032000 0.687000 1.606000 -0.400000 0.000000 
0.323750 -0.978233 -15.777307 0.999960 -0.008537 0.002825 0.000024 -0.003000 0.681000 1.610000 -0.400000 0.000000 
0.328971 -0.969114 -15.777756 0.999960 -0.008457 0.002871 0.000024 -0.135000 0.719000 1.692000 -0.400000 0.000000 
0.334174 -0.950074 -15.777918 0.999961 -0.008291 0.002916 0.000024 -0.069000 0.694000 1.628000 -0.400000 0.000000 
0.335828 -0.942572 -15.776226 0.999962 -0.008225 0.002931 0.000024 -0.047000 0.675000 1.653000 -0.400000 0.000000 
0.340972 -0.943806 -15.776376 0.999962 -0.008236 0.002975 0.000025 -0.240000 0.758000 1.732000 -0.400000 0.000000 
0.351815 -0.953651 -15.775435 0.999961 -0.008322 0.003070 0.000026 -0.066000 0.690000 1.604000 -0.400000 0.000000 
0.350194 -0.958219 -15.778300 0.999960 -0.008362 0.003056 0.000026 -0.032000 0.679000 1.601000 -0.400000 0.000000 
0.342873 -0.956442 -15.778142 0.999961 -0.008346 0.002992 0.000025 -0.205000 0.765000 1.696000 -0.400000 0.000000 
0.344828 -0.949762 -15.778331 0.999961 -0.008288 0.003009 0.000025 -0.095000 0.718000 1.602000 -0.400000 0.000000 
0.338403 -0.955583 -15.777915 0.999961 -0.008339 0.002953 0.000025 -0.043000 0.699000 1.604000 -0.400000 0.000000 
0.338214 -0.961167 -15.779363 0.999960 -0.008388 0.002951 0.000025 -0.016000 0.674000 1.566000 -0.400000 0.000000 
0.333460 -0.962283 -15.778886 0.999960 -0.008397 0.002910 0.000024 -0.029000 0.678000 1.594000 -0.400000 0.000000 
0.320356 -0.966888 -15.780242 0.999960 -0.008438 0.002796 0.000024 -0.223000 0.768000 1.721000 -0.400000 0.000000 
0.331891 -0.970410 -15.777998 0.999960 -0.008468 0.002896 0.000025 -0.062000 0.686000 1.582000 -0.400000 0.000000 
0.326782 -0.980306 -15.777546 0.999959 -0.008555 0.002852 0.000024 -0.223000 0.765000 1.692000 -0.400000 0.000000 
0.335626 -0.960403 -15.776388 0.999961 -0.008381 0.002929 0.000025 -0.112000 0.709000 1.606000 -0.400000 0.000000 
0.333648 -0.948306 -15.776196 0.999961 -0.008275 0.002912 0.000024 -0.045000 0.699000 1.571000 -0.400000 0.000000 
0.340743 -0.950525 -15.776421 0.999961 -0.008295 0.002973 0.000025 0.022000 0.685000 1.578000 -0.400000 0.000000 
0.343325 -0.947731 -15.771708 0.999961 -0.008270 0.002996 0.000025 -0.178000 0.779000 1.668000 -0.400000 0.000000 
0.341972 -0.955555 -15.770640 0.999961 -0.008339 0.002984 0.000025 -0.092000 0.719000 1.555000 -0.400000 0.000000 
0.344388 -0.944105 -15.768361 0.999962 -0.008239 0.003005 0.000025 -0.015000 0.711000 1.621000 -0.400000 0.000000 
0.339109 -0.935517 -15.764198 0.999962 -0.008164 0.002959 0.000024 -0.015000 0.717000 1.600000 -0.400000 0.000000 
0.326345 -0.936045 -15.764070 0.999963 -0.008168 0.002848 0.000023 -0.008000 0.707000 1.608000 -0.400000 0.000000 
0.333537 -0.946028 -15.766479 0.999962 -0.008256 0.002911 0.000024 -0.023000 0.712000 1.606000 -0.400000 0.000000 
0.334337 -0.956495 -15.763983 0.999961 -0.008347 0.002918 0.000024 -0.036000 0.716000 1.579000 -0.400000 0.000000 
0.331663 -0.944721 -15.760101 0.999962 -0.008244 0.002894 0.000024 -0.034000 0.732000 1.605000 -0.400000 0.000000 
0.329360 -0.957385 -15.760332 0.999961 -0.008355 0.002874 0.000024 -0.214000 0.801000 1.696000 -0.400000 0.000000 
0.340393 -0.947980 -15.754757 0.999961 -0.008273 0.002970 0.000025 -0.063000 0.720000 1.585000 -0.400000 0.000000 
0.335096 -0.950897 -15.752214 0.999961 -0.008298 0.002924 0.000024 -0.026000 0.704000 1.613000 -0.400000 0.000000 
0.339064 -0.944406 -15.750326 0.999962 -0.008241 0.002959 0.000024 -0.030000 0.714000 1.581000 -0.400000 0.000000 
0.342888 -0.952585 -15.754174 0.999961 -0.008313 0.002992 0.000025 -0.029000 0.711000 1.589000 -0.400000 0.000000 
0.343520 -0.947905 -15.757892 0.999961 -0.008272 0.002998 0.000025 -0.028000 0.709000 1.582000 -0.400000 0.000000 
0.350144 -0.953864 -15.758370 0.999961 -0.008324 0.003055 0.000025 -0.046000 0.704000 1.569000 -0.400000 0.000000 
0.352027 -0.963876 -15.760402 0.999960 -0.008411 0.003072 0.000026 -0.044000 0.690000 1.594000 -0.400000 0.000000 
0.346916 -0.956967 -15.761427 0.999961 -0.008351 0.003027 0.000025 -0.043000 0.694000 1.582000 -0.400000 0.000000 
0.351035 -0.948624 -15.760050 0.999961 -0.008278 0.003063 0.000025 -0.052000 0.702000 1.587000 -0.400000 0.000000 
0.337045 -0.954235 -15.760522 0.999961 -0.008327 0.002941 0.000024 -0.057000 0.698000 1.595000 -0.400000 0.000000 
0.332372 -0.957738 -15.755469 0.999961 -0.008358 0.002900 0.000024 -0.030000 0.694000 1.587000 -0.400000 0.000000 
0.341243 -0.958934 -15.757465 0.999961 -0.008368 0.002978 0.000025 -0.041000 0.700000 1.599000 -0.400000 0.000000 
0.345816 -0.969662 -15.751178 0.999960 -0.008462 0.003018 0.000026 -0.041000 0.708000 1.628000 -0.400000 0.000000 
0.338258 -0.972036 -15.750082 0.999960 -0.008482 0.002952 0.000025 -0.055000 0.702000 1.593000 -0.400000 0.000000 
0.340348 -0.960550 -15.750130 0.999960 -0.008382 0.002970 0.000025 -0.055000 0.702000 1.593000 -0.400000 0.000000 
0.335988 -0.950849 -15.750478 0.999961 -0.008298 0.002932 0.000024 -0.322000 0.853000 1.804000 -0.400000 0.000000 
0.344592 -0.956083 -15.749433 0.999961 -0.008343 0.003007 0.000025 -0.150000 0.734000 1.652000 -0.400000 0.000000 
0.339626 -0.949453 -15.751948 0.999961 -0.008285 0.002964 0.000025 -0.138000 0.759000 1.662000 -0.400000 0.000000 
0.330268 -0.938637 -15.754128 0.999962 -0.008191 0.002882 0.000024 -0.227000 0.784000 1.711000 -0.400000 0.000000 
0.321848 -0.941277 -15.752446 0.999962 -0.008214 0.002809 0.000023 -0.355000 0.868000 1.728000 -0.400000 0.000000 
0.326743 -0.933579 -15.750409 0.999963 -0.008147 0.002851 0.000023 -0.351000 0.864000 1.734000 -0.400000 0.000000 
0.327994 -0.930776 -15.752023 0.999963 -0.008122 0.002862 0.000023 -0.344000 0.860000 1.729000 -0.400000 0.000000 
0.335673 -0.940412 -15.748871 0.999962 -0.008207 0.002929 0.000024 -0.028000 0.700000 1.558000 -0.400000 0.000000 
0.349964 -0.942107 -15.745697 0.999962 -0.008221 0.003054 0.000025 -0.035000 0.724000 1.599000 -0.400000 0.000000 
0.337940 -0.933961 -15.746016 0.999962 -0.008150 0.002949 0.000024 0.033000 0.702000 1.559000 -0.400000 0.000000 
0.341880 -0.928722 -15.747391 0.999963 -0.008105 0.002983 0.000024 0.046000 0.673000 1.569000 -0.400000 0.000000 
0.340876 -0.932201 -15.750541 0.999963 -0.008135 0.002975 0.000024 -0.142000 0.761000 1.680000 -0.400000 0.000000 
0.335214 -0.932339 -15.747841 0.999963 -0.008136 0.002925 0.000024 -0.042000 0.708000 1.559000 -0.400000 0.000000 
0.333517 -0.942959 -15.748003 0.999962 -0.008229 0.002910 0.000024 0.031000 0.684000 1.562000 -0.400000 0.000000 
0.329754 -0.947508 -15.750247 0.999962 -0.008268 0.002878 0.000024 -0.155000 0.778000 1.694000 -0.400000 0.000000 
0.325573 -0.938329 -15.749698 0.999962 -0.008188 0.002841 0.000023 -0.028000 0.690000 1.552000 -0.400000 0.000000 
0.324148 -0.945751 -15.748365 0.999962 -0.008253 0.002829 0.000023 -0.004000 0.683000 1.587000 -0.400000 0.000000 
0.323349 -0.934177 -15.750869 0.999963 -0.008152 0.002822 0.000023 -0.180000 0.766000 1.684000 -0.400000 0.000000 
0.324780 -0.948413 -15.748910 0.999962 -0.008276 0.002834 0.000023 -0.196000 0.740000 1.645000 -0.400000 0.000000 
0.326321 -0.955351 -15.747816 0.999961 -0.008337 0.002848 0.000024 -0.084000 0.692000 1.613000 -0.400000 0.000000 
0.327314 -0.952854 -15.744575 0.999961 -0.008315 0.002856 0.000024 -0.039000 0.666000 1.567000 -0.400000 0.000000 
0.319449 -0.959331 -15.748973 0.999961 -0.008372 0.002788 0.000023 -0.180000 0.746000 1.670000 -0.400000 0.000000 
0.317968 -0.961176 -15.749149 0.999961 -0.008388 0.002775 0.000023 -0.063000 0.683000 1.595000 -0.400000 0.000000 
0.317274 -0.949105 -15.753737 0.999962 -0.008282 0.002769 0.000023 -0.159000 0.753000 1.670000 -0.400000 0.000000 
0.320223 -0.947031 -15.750553 0.999962 -0.008264 0.002794 0.000023 -0.047000 0.702000 1.572000 -0.400000 0.000000 
0.328873 -0.942346 -15.754654 0.999962 -0.008223 0.002870 0.000024 0.005000 0.684000 1.562000 -0.400000 0.000000 
0.327592 -0.952879 -15.753975 0.999961 -0.008315 0.002859 0.000024 0.021000 0.659000 1.533000 -0.400000 0.000000 
0.333411 -0.939482 -15.755291 0.999962 -0.008198 0.002909 0.000024 -0.164000 0.751000 1.656000 -0.400000 0.000000 
0.331719 -0.940428 -15.747832 0.999962 -0.008207 0.002895 0.000024 -0.203000 0.774000 1.689000 -0.400000 0.000000 
0.335612 -0.952898 -15.746503 0.999961 -0.008315 0.002929 0.000024 -0.094000 0.726000 1.553000 -0.400000 0.000000 
0.338250 -0.951194 -15.743898 0.999961 -0.008301 0.002952 0.000025 -0.019000 0.684000 1.553000 -0.400000 0.000000 
0.340886 -0.957382 -15.740719 0.999961 -0.008355 0.002975 0.000025 0.038000 0.670000 1.574000 -0.400000 0.000000 
0.350117 -0.940171 -15.740864 0.999962 -0.008204 0.003055 0.000025 0.045000 0.677000 1.550000 -0.400000 0.000000 
0.344934 -0.929003 -15.736102 0.999963 -0.008107 0.003010 0.000024 -0.117000 0.721000 1.611000 -0.400000 0.000000 
0.347791 -0.927994 -15.733845 0.999963 -0.008098 0.003035 0.000025 -0.125000 0.719000 1.601000 -0.400000 0.000000 
0.350594 -0.925362 -15.736437 0.999963 -0.008075 0.003059 0.000025 -0.034000 0.687000 1.565000 -0.400000 0.000000 
0.337525 -0.918035 -15.733129 0.999964 -0.008011 0.002945 0.000024 -0.008000 0.681000 1.566000 -0.400000 0.000000 
0.335570 -0.926337 -15.733314 0.999963 -0.008084 0.002928 0.000024 -0.051000 0.690000 1.586000 -0.400000 0.000000 
0.338677 -0.936033 -15.729309 0.999962 -0.008168 0.002955 0.000024 -0.035000 0.676000 1.569000 -0.400000 0.000000 
0.340187 -0.933563 -15.727896 0.999962 -0.008147 0.002969 0.000024 -0.029000 0.684000 1.586000 -0.400000 0.000000 
0.348048 -0.927054 -15.723699 0.999963 -0.008090 0.003037 0.000025 -0.041000 0.683000 1.573000 -0.400000 0.000000 
0.341764 -0.928509 -15.722317 0.999963 -0.008103 0.002982 0.000024 -0.053000 0.686000 1.578000 -0.400000 0.000000 
0.334571 -0.924537 -15.722778 0.999963 -0.008068 0.002920 0.000024 -0.231000 0.777000 1.698000 -0.400000 0.000000 
0.338663 -0.937156 -15.717773 0.999962 -0.008178 0.002955 0.000024 -0.190000 0.746000 1.617000 -0.400000 0.000000 
0.331331 -0.940127 -15.714821 0.999962 -0.008204 0.002891 0.000024 -0.105000 0.703000 1.573000 -0.400000 0.000000 
0.336356 -0.941779 -15.714951 0.999962 -0.008218 0.002935 0.000024 -0.200000 0.769000 1.710000 -0.400000 0.000000 
0.344248 -0.934016 -15.709281 0.999962 -0.008151 0.003004 0.000024 -0.034000 0.703000 1.577000 -0.400000 0.000000 
0.346218 -0.937166 -15.705826 0.999962 -0.008178 0.003021 0.000025 -0.017000 0.681000 1.607000 -0.400000 0.000000 
0.345479 -0.935546 -15.703271 0.999962 -0.008164 0.003015 0.000025 -0.025000 0.703000 1.728000 -0.400000 0.000000 
0.343895 -0.942566 -15.703727 0.999962 -0.008225 0.003001 0.000025 -0.301000 0.847000 1.819000 -0.400000 0.000000 
0.343662 -0.961491 -15.706396 0.999960 -0.008390 0.002999 0.000025 -0.081000 0.731000 1.692000 -0.400000 0.000000 
0.348061 -0.949905 -15.698314 0.999961 -0.008289 0.003037 0.000025 -0.043000 0.721000 1.691000 -0.400000 0.000000 
0.339790 -0.946238 -15.697489 0.999961 -0.008257 0.002965 0.000024 -0.031000 0.708000 1.675000 -0.400000 0.000000 
0.336783 -0.951428 -15.695466 0.999961 -0.008303 0.002939 0.000024 -0.210000 0.801000 1.801000 -0.400000 0.000000 
0.339754 -0.947430 -15.689178 0.999961 -0.008268 0.002965 0.000025 -0.291000 0.840000 1.832000 -0.400000 0.000000 
0.345157 -0.936711 -15.687714 0.999962 -0.008174 0.003012 0.000025 -0.093000 0.742000 1.683000 -0.400000 0.000000 
0.343086 -0.929430 -15.683868 0.999963 -0.008111 0.002994 0.000024 0.002000 0.686000 1.675000 -0.400000 0.000000 
0.346705 -0.925826 -15.682488 0.999963 -0.008079 0.003025 0.000024 0.008000 0.704000 1.686000 -0.400000 0.000000 
0.353031 -0.922244 -15.683892 0.999963 -0.008048 0.003081 0.000025 -0.029000 0.703000 1.653000 -0.400000 0.000000 
0.349551 -0.932765 -15.680957 0.999962 -0.008140 0.003050 0.000025 -0.190000 0.787000 1.771000 -0.400000 0.000000 
0.354894 -0.924312 -15.680110 0.999963 -0.008066 0.003097 0.000025 -0.030000 0.701000 1.622000 -0.400000 0.000000 
0.358237 -0.917815 -15.671085 0.999963 -0.008009 0.003126 0.000025 -0.070000 0.737000 1.633000 -0.400000 0.000000 
0.354938 -0.921069 -15.669465 0.999963 -0.008038 0.003097 0.000025 -0.172000 0.785000 1.769000 -0.400000 0.000000 
0.352287 -0.918819 -15.669584 0.999963 -0.008018 0.003074 0.000025 -0.179000 0.767000 1.700000 -0.400000 0.000000 
0.350680 -0.917739 -15.666052 0.999963 -0.008009 0.003060 0.000025 -0.049000 0.714000 1.631000 -0.400000 0.000000 
0.347383 -0.914948 -15.666656 0.999964 -0.007984 0.003031 0.000024 0.018000 0.686000 1.620000 -0.400000 0.000000 
0.344085 -0.920297 -15.669649 0.999963 -0.008031 0.003003 0.000024 0.044000 0.673000 1.593000 -0.400000 0.000000 
0.353047 -0.926383 -15.667701 0.999963 -0.008084 0.003081 0.000025 0.031000 0.678000 1.603000 -0.400000 0.000000 
0.349872 -0.934829 -15.666347 0.999962 -0.008158 0.003053 0.000025 -0.243000 0.813000 1.745000 -0.400000 0.000000 
0.347411 -0.926084 -15.666733 0.999963 -0.008081 0.003032 0.000025 -0.217000 0.776000 1.665000 -0.400000 0.000000 
0.352963 -0.924692 -15.665752 0.999963 -0.008069 0.003080 0.000025 -0.084000 0.736000 1.603000 -0.400000 0.000000 
0.352838 -0.922358 -15.662888 0.999963 -0.008049 0.003079 0.000025 0.014000 0.697000 1.686000 -0.400000 0.000000 
0.355610 -0.915465 -15.659616 0.999963 -0.007989 0.003103 0.000025 0.016000 0.709000 1.661000 -0.400000 0.000000 
0.343585 -0.919931 -15.658277 0.999963 -0.008028 0.002998 0.000024 -0.046000 0.718000 1.672000 -0.400000 0.000000 
0.340825 -0.920787 -15.659648 0.999963 -0.008035 0.002974 0.000024 -0.183000 0.789000 1.738000 -0.400000 0.000000 
0.335484 -0.911717 -15.656289 0.999964 -0.007956 0.002928 0.000023 -0.064000 0.724000 1.637000 -0.400000 0.000000 
0.343281 -0.912531 -15.659488 0.999964 -0.007963 0.002996 0.000024 -0.075000 0.738000 1.647000 -0.400000 0.000000 
0.346027 -0.912846 -15.657470 0.999964 -0.007966 0.003020 0.000024 -0.185000 0.794000 1.720000 -0.400000 0.000000 
0.342198 -0.907713 -15.661525 0.999964 -0.007921 0.002986 0.000024 -0.060000 0.719000 1.596000 -0.400000 0.000000 
0.355172 -0.901714 -15.661950 0.999964 -0.007869 0.003099 0.000024 -0.025000 0.697000 1.618000 -0.400000 0.000000 
0.358534 -0.905751 -15.660529 0.999964 -0.007904 0.003129 0.000025 -0.155000 0.756000 1.708000 -0.400000 0.000000 
0.349461 -0.910798 -15.660063 0.999964 -0.007948 0.003050 0.000024 -0.058000 0.693000 1.607000 -0.400000 0.000000 
0.349256 -0.908097 -15.659546 0.999964 -0.007925 0.003048 0.000024 -0.003000 0.678000 1.587000 -0.400000 0.000000 
0.348002 -0.910544 -15.657561 0.999964 -0.007946 0.003037 0.000024 0.016000 0.659000 1.584000 -0.400000 0.000000 
0.338209 -0.907862 -15.656805 0.999964 -0.007922 0.002951 0.000023 0.027000 0.660000 1.587000 -0.400000 0.000000 
0.354529 -0.917824 -15.658810 0.999963 -0.008009 0.003094 0.000025 -0.242000 0.777000 1.695000 -0.400000 0.000000 
0.353364 -0.928923 -15.657153 0.999962 -0.008106 0.003084 0.000025 -0.244000 0.774000 1.665000 -0.400000 0.000000 
0.343069 -0.922288 -15.656954 0.999963 -0.008048 0.002994 0.000024 -0.071000 0.704000 1.566000 -0.400000 0.000000 
0.338804 -0.927841 -15.658919 0.999963 -0.008097 0.002957 0.000024 -0.070000 0.695000 1.561000 -0.400000 0.000000 
0.348055 -0.924928 -15.658194 0.999963 -0.008071 0.003037 0.000025 -0.188000 0.769000 1.656000 -0.400000 0.000000 
0.340186 -0.928453 -15.655008 0.999963 -0.008102 0.002969 0.000024 0.016000 0.672000 1.570000 -0.400000 0.000000 
0.346582 -0.934245 -15.654208 0.999962 -0.008153 0.003024 0.000025 0.035000 0.666000 1.543000 -0.400000 0.000000 
0.340088 -0.932232 -15.657688 0.999963 -0.008135 0.002968 0.000024 -0.147000 0.753000 1.675000 -0.400000 0.000000 
0.333477 -0.942903 -15.656634 0.999962 -0.008228 0.002910 0.000024 -0.055000 0.684000 1.567000 -0.400000 0.000000 
0.330053 -0.945419 -15.654617 0.999962 -0.008250 0.002880 0.000024 0.044000 0.683000 1.533000 -0.400000 0.000000 
0.333361 -0.946512 -15.654403 0.999962 -0.008260 0.002909 0.000024 0.044000 0.691000 1.543000 -0.400000 0.000000 
0.329332 -0.943524 -15.656694 0.999962 -0.008234 0.002874 0.000024 0.029000 0.694000 1.579000 -0.400000 0.000000 
0.333034 -0.941897 -15.655610 0.999962 -0.008219 0.002906 0.000024 -0.169000 0.799000 1.661000 -0.400000 0.000000 
0.334932 -0.927964 -15.657198 0.999963 -0.008098 0.002923 0.000024 -0.199000 0.800000 1.673000 -0.400000 0.000000 
0.337487 -0.912620 -15.655114 0.999964 -0.007964 0.002945 0.000023 -0.085000 0.740000 1.584000 -0.400000 0.000000 
0.346921 -0.927142 -15.652327 0.999963 -0.008091 0.003027 0.000024 -0.240000 0.823000 1.673000 -0.400000 0.000000 
0.358949 -0.928529 -15.654372 0.999962 -0.008103 0.003132 0.000025 -0.095000 0.744000 1.560000 -0.400000 0.000000 
0.346503 -0.926481 -15.653791 0.999963 -0.008085 0.003024 0.000024 0.037000 0.695000 1.515000 -0.400000 0.000000 
0.346345 -0.943021 -15.649143 0.999962 -0.008229 0.003022 0.000025 -0.002000 0.709000 1.535000 -0.400000 0.000000 
0.346661 -0.938560 -15.652642 0.999962 -0.008190 0.003025 0.000025 -0.008000 0.702000 1.573000 -0.400000 0.000000 
0.352062 -0.945722 -15.653142 0.999961 -0.008253 0.003072 0.000025 0.010000 0.694000 1.545000 -0.400000 0.000000 
0.351451 -0.938952 -15.652355 0.999962 -0.008194 0.003067 0.000025 0.016000 0.707000 1.561000 -0.400000 0.000000 
0.348714 -0.943569 -15.652545 0.999961 -0.008234 0.003043 0.000025 0.018000 0.710000 1.554000 -0.400000 0.000000 
0.344363 -0.933977 -15.654539 0.999962 -0.008150 0.003005 0.000024 0.010000 0.717000 1.533000 -0.400000 0.000000 
0.349354 -0.932129 -15.651999 0.999962 -0.008134 0.003049 0.000025 -0.005000 0.704000 1.582000 -0.400000 0.000000 
0.353119 -0.941167 -15.652225 0.999961 -0.008213 0.003081 0.000025 -0.193000 0.792000 1.689000 -0.400000 0.000000 
0.350000 -0.940989 -15.648421 0.999962 -0.008212 0.003054 0.000025 -0.094000 0.741000 1.580000 -0.400000 0.000000 
0.353461 -0.934871 -15.651387 0.999962 -0.008158 0.003084 0.000025 -0.091000 0.725000 1.601000 -0.400000 0.000000 
0.366860 -0.934218 -15.645432 0.999962 -0.008152 0.003201 0.000026 -0.055000 0.704000 1.576000 -0.400000 0.000000 
0.379124 -0.933191 -15.643795 0.999961 -0.008143 0.003308 0.000027 -0.020000 0.694000 1.569000 -0.400000 0.000000 
0.373992 -0.933000 -15.641864 0.999962 -0.008142 0.003264 0.000027 -0.021000 0.684000 1.586000 -0.400000 0.000000 
0.379382 -0.945941 -15.636613 0.999960 -0.008255 0.003311 0.000027 -0.013000 0.682000 1.565000 -0.400000 0.000000 
0.376247 -0.945646 -15.634269 0.999961 -0.008252 0.003283 0.000027 -0.013000 0.685000 1.570000 -0.400000 0.000000 
0.359841 -0.953631 -15.631171 0.999960 -0.008322 0.003140 0.000026 -0.107000 0.732000 1.602000 -0.400000 0.000000 
0.364093 -0.951296 -15.629240 0.999960 -0.008301 0.003177 0.000026 -0.181000 0.754000 1.615000 -0.400000 0.000000 
0.359852 -0.946496 -15.627859 0.999961 -0.008260 0.003140 0.000026 -0.079000 0.717000 1.576000 -0.400000 0.000000 
0.352188 -0.952999 -15.629225 0.999961 -0.008316 0.003073 0.000026 -0.116000 0.746000 1.580000 -0.400000 0.000000 
0.355480 -0.952392 -15.631527 0.999961 -0.008311 0.003102 0.000026 -0.020000 0.717000 1.538000 -0.400000 0.000000 
0.344574 -0.942608 -15.631274 0.999962 -0.008226 0.003007 0.000025 -0.094000 0.732000 1.601000 -0.400000 0.000000 
0.337620 -0.940570 -15.627707 0.999962 -0.008208 0.002946 0.000024 0.012000 0.694000 1.579000 -0.400000 0.000000 
0.335606 -0.939036 -15.622936 0.999962 -0.008195 0.002929 0.000024 0.008000 0.691000 1.570000 -0.400000 0.000000 
0.328738 -0.942497 -15.618776 0.999962 -0.008225 0.002869 0.000024 -0.183000 0.771000 1.689000 -0.400000 0.000000 
0.340937 -0.938416 -15.613143 0.999962 -0.008189 0.002975 0.000024 -0.185000 0.779000 1.711000 -0.400000 0.000000 
0.339196 -0.941676 -15.609334 0.999962 -0.008218 0.002960 0.000024 -0.201000 0.756000 1.670000 -0.400000 0.000000 
0.340633 -0.940834 -15.612513 0.999962 -0.008210 0.002972 0.000024 -0.077000 0.708000 1.627000 -0.400000 0.000000 
0.346792 -0.942402 -15.611734 0.999962 -0.008224 0.003026 0.000025 0.006000 0.661000 1.594000 -0.400000 0.000000 
0.349819 -0.945964 -15.606972 0.999961 -0.008255 0.003053 0.000025 0.005000 0.668000 1.595000 -0.400000 0.000000 
0.351015 -0.939014 -15.603731 0.999962 -0.008194 0.003063 0.000025 0.007000 0.687000 1.606000 -0.400000 0.000000 
0.356518 -0.934661 -15.604508 0.999962 -0.008156 0.003111 0.000025 -0.222000 0.783000 1.720000 -0.400000 0.000000 
0.358023 -0.929983 -15.605267 0.999962 -0.008116 0.003124 0.000025 -0.093000 0.724000 1.639000 -0.400000 0.000000 
0.348857 -0.935897 -15.602345 0.999962 -0.008167 0.003044 0.000025 -0.092000 0.726000 1.638000 -0.400000 0.000000 
0.351959 -0.938305 -15.604634 0.999962 -0.008188 0.003071 0.000025 -0.185000 0.780000 1.697000 -0.400000 0.000000 
0.350030 -0.938601 -15.603617 0.999962 -0.008191 0.003054 0.000025 -0.198000 0.796000 1.713000 -0.400000 0.000000 
0.352975 -0.943474 -15.602575 0.999961 -0.008233 0.003080 0.000025 -0.264000 0.814000 1.738000 -0.400000 0.000000 
0.351799 -0.942317 -15.604245 0.999961 -0.008223 0.003070 0.000025 -0.042000 0.262000 1.542000 -0.400000 0.000000 
0.353222 -0.939605 -15.604358 0.999962 -0.008199 0.003082 0.000025 0.037000 0.594000 1.579000 -0.400000 0.000000 
0.345522 -0.936834 -15.606139 0.999962 -0.008175 0.003015 0.000025 -0.155000 0.915000 1.742000 -0.400000 0.000000 
0.341988 -0.931178 -15.605714 0.999963 -0.008126 0.002984 0.000024 0.025000 0.864000 1.611000 -0.400000 0.000000 
0.350236 -0.927552 -15.606202 0.999963 -0.008094 0.003056 0.000025 0.028000 0.833000 1.774000 -0.400000 0.000000 
0.353104 -0.932131 -15.599711 0.999962 -0.008134 0.003081 0.000025 0.026000 0.825000 1.763000 -0.400000 0.000000 
0.352915 -0.934183 -15.598983 0.999962 -0.008152 0.003080 0.000025 -0.145000 0.898000 1.863000 -0.400000 0.000000 
0.361823 -0.938839 -15.599800 0.999961 -0.008193 0.003157 0.000026 -0.008000 0.813000 1.764000 -0.400000 0.000000 
0.364061 -0.938555 -15.599031 0.999961 -0.008190 0.003177 0.000026 0.002000 0.796000 1.723000 -0.400000 0.000000 
0.361367 -0.934700 -15.595291 0.999962 -0.008157 0.003153 0.000026 -0.221000 0.860000 1.813000 -0.400000 0.000000 
0.364677 -0.939554 -15.593989 0.999961 -0.008199 0.003182 0.000026 -0.264000 0.874000 1.842000 -0.400000 0.000000 
0.360873 -0.943151 -15.593641 0.999961 -0.008230 0.003149 0.000026 -0.095000 0.781000 1.683000 -0.400000 0.000000 
0.359892 -0.948986 -15.594421 0.999961 -0.008281 0.003141 0.000026 -0.063000 0.744000 1.692000 -0.400000 0.000000 
0.359081 -0.955344 -15.585143 0.999960 -0.008337 0.003133 0.000026 0.044000 0.690000 1.632000 -0.400000 0.000000 
0.367449 -0.955236 -15.589600 0.999960 -0.008336 0.003206 0.000027 0.054000 0.694000 1.617000 -0.400000 0.000000 
0.363033 -0.959448 -15.591659 0.999960 -0.008373 0.003168 0.000027 0.048000 0.696000 1.682000 -0.400000 0.000000 
0.349364 -0.954790 -15.589293 0.999961 -0.008332 0.003049 0.000025 -0.157000 0.790000 1.758000 -0.400000 0.000000 
0.352971 -0.946637 -15.586410 0.999961 -0.008261 0.003080 0.000025 -0.063000 0.753000 1.659000 -0.400000 0.000000 
0.350898 -0.948052 -15.578598 0.999961 -0.008273 0.003062 0.000025 0.008000 0.718000 1.667000 -0.400000 0.000000 
0.353816 -0.947213 -15.573945 0.999961 -0.008266 0.003088 0.000026 0.032000 0.725000 1.625000 -0.400000 0.000000 
0.361693 -0.937671 -15.572021 0.999962 -0.008183 0.003156 0.000026 0.002000 0.730000 1.634000 -0.400000 0.000000 
0.369407 -0.939724 -15.565284 0.999961 -0.008201 0.003224 0.000026 -0.294000 0.860000 1.757000 -0.400000 0.000000 
0.375413 -0.946674 -15.565232 0.999960 -0.008261 0.003276 0.000027 -0.124000 0.763000 1.632000 -0.400000 0.000000 
0.367418 -0.939305 -15.565955 0.999961 -0.008197 0.003206 0.000026 -0.031000 0.725000 1.611000 -0.400000 0.000000 
0.362201 -0.937005 -15.565755 0.999962 -0.008177 0.003161 0.000026 0.023000 0.709000 1.594000 -0.400000 0.000000 
0.355656 -0.940028 -15.568064 0.999962 -0.008203 0.003104 0.000025 0.034000 0.693000 1.588000 -0.400000 0.000000 
0.345671 -0.937398 -15.567312 0.999962 -0.008180 0.003016 0.000025 0.044000 0.694000 1.591000 -0.400000 0.000000 
0.342341 -0.938557 -15.562063 0.999962 -0.008190 0.002987 0.000024 -0.047000 0.733000 1.585000 -0.400000 0.000000 
0.345789 -0.949261 -15.562016 0.999961 -0.008284 0.003017 0.000025 0.008000 0.706000 1.577000 -0.400000 0.000000 
0.345002 -0.940860 -15.560262 0.999962 -0.008210 0.003011 0.000025 -0.204000 0.838000 1.764000 -0.400000 0.000000 
0.346568 -0.953071 -15.559564 0.999961 -0.008317 0.003024 0.000025 -0.018000 0.745000 1.638000 -0.400000 0.000000 
0.345194 -0.941192 -15.563674 0.999962 -0.008213 0.003012 0.000025 -0.197000 0.827000 1.765000 -0.400000 0.000000 
0.344084 -0.937605 -15.558047 0.999962 -0.008182 0.003003 0.000025 -0.026000 0.743000 1.645000 -0.400000 0.000000 
0.343470 -0.932062 -15.559065 0.999962 -0.008134 0.002997 0.000024 -0.062000 0.741000 1.648000 -0.400000 0.000000 
0.343044 -0.932131 -15.556500 0.999962 -0.008134 0.002994 0.000024 -0.104000 0.766000 1.708000 -0.400000 0.000000 
0.351601 -0.925457 -15.557238 0.999963 -0.008076 0.003068 0.000025 -0.038000 0.738000 1.637000 -0.400000 0.000000 
0.354173 -0.934339 -15.553543 0.999962 -0.008154 0.003091 0.000025 -0.277000 0.855000 1.779000 -0.400000 0.000000 
0.347977 -0.942052 -15.553472 0.999962 -0.008221 0.003037 0.000025 -0.080000 0.765000 1.661000 -0.400000 0.000000 
0.349076 -0.947315 -15.553701 0.999961 -0.008267 0.003046 0.000025 -0.136000 0.804000 1.732000 -0.400000 0.000000 
0.353553 -0.943258 -15.550241 0.999961 -0.008231 0.003085 0.000025 -0.047000 0.756000 1.652000 -0.400000 0.000000 
0.355559 -0.930350 -15.549182 0.999962 -0.008119 0.003103 0.000025 0.045000 0.707000 1.619000 -0.400000 0.000000 
0.347136 -0.932302 -15.552730 0.999962 -0.008136 0.003029 0.000025 -0.131000 0.794000 1.727000 -0.400000 0.000000 
0.338038 -0.938335 -15.555399 0.999962 -0.008188 0.002950 0.000024 -0.029000 0.739000 1.647000 -0.400000 0.000000 
0.345225 -0.937004 -15.557021 0.999962 -0.008177 0.003013 0.000025 0.025000 0.707000 1.608000 -0.400000 0.000000 
0.344251 -0.943602 -15.557807 0.999962 -0.008234 0.003004 0.000025 -0.042000 0.723000 1.635000 -0.400000 0.000000 
0.337415 -0.951675 -15.555870 0.999961 -0.008305 0.002944 0.000024 -0.162000 0.787000 1.756000 -0.400000 0.000000 
0.335794 -0.947390 -15.554999 0.999962 -0.008267 0.002930 0.000024 -0.152000 0.760000 1.748000 -0.400000 0.000000 
0.342131 -0.942341 -15.553546 0.999962 -0.008223 0.002986 0.000025 -0.045000 0.723000 1.629000 -0.400000 0.000000 
0.342629 -0.949093 -15.548817 0.999961 -0.008282 0.002990 0.000025 0.021000 0.710000 1.604000 -0.400000 0.000000 
0.340224 -0.944136 -15.546166 0.999962 -0.008239 0.002969 0.000024 0.011000 0.701000 1.573000 -0.400000 0.000000 
0.337496 -0.943107 -15.543844 0.999962 -0.008230 0.002945 0.000024 0.017000 0.695000 1.602000 -0.400000 0.000000 
0.326829 -0.937278 -15.543017 0.999963 -0.008179 0.002852 0.000023 -0.009000 0.704000 1.628000 -0.400000 0.000000 
0.327918 -0.936366 -15.540799 0.999963 -0.008171 0.002862 0.000023 -0.030000 0.693000 1.589000 -0.400000 0.000000 
0.327697 -0.930770 -15.537846 0.999963 -0.008122 0.002860 0.000023 -0.026000 0.702000 1.592000 -0.400000 0.000000 
0.331670 -0.930543 -15.538585 0.999963 -0.008120 0.002894 0.000024 -0.124000 0.753000 1.627000 -0.400000 0.000000 
0.321301 -0.936588 -15.534781 0.999963 -0.008173 0.002804 0.000023 -0.170000 0.750000 1.638000 -0.400000 0.000000 
0.315621 -0.944703 -15.537745 0.999962 -0.008244 0.002754 0.000023 -0.079000 0.710000 1.587000 -0.400000 0.000000 
0.313937 -0.941785 -15.545777 0.999962 -0.008218 0.002740 0.000023 -0.077000 0.717000 1.619000 -0.400000 0.000000 
0.316339 -0.933573 -15.546454 0.999963 -0.008147 0.002760 0.000022 0.014000 0.689000 1.579000 -0.400000 0.000000 
0.318146 -0.933289 -15.547138 0.999963 -0.008144 0.002776 0.000023 -0.116000 0.726000 1.650000 -0.400000 0.000000 
0.331684 -0.924160 -15.543933 0.999963 -0.008065 0.002894 0.000023 -0.018000 0.693000 1.597000 -0.400000 0.000000 
0.329793 -0.929195 -15.541339 0.999963 -0.008109 0.002878 0.000023 -0.196000 0.771000 1.692000 -0.400000 0.000000 
0.332224 -0.923199 -15.540243 0.999963 -0.008056 0.002899 0.000023 -0.081000 0.726000 1.593000 -0.400000 0.000000 
0.335254 -0.935212 -15.537019 0.999962 -0.008161 0.002926 0.000024 -0.225000 0.798000 1.676000 -0.400000 0.000000 
0.339830 -0.940094 -15.537252 0.999962 -0.008204 0.002965 0.000024 -0.029000 0.699000 1.567000 -0.400000 0.000000 
0.345762 -0.944993 -15.536788 0.999961 -0.008246 0.003017 0.000025 0.015000 0.683000 1.580000 -0.400000 0.000000 
0.336127 -0.942412 -15.533252 0.999962 -0.008224 0.002933 0.000024 -0.018000 0.701000 1.561000 -0.400000 0.000000 
0.340020 -0.941746 -15.532385 0.999962 -0.008218 0.002967 0.000024 0.000000 0.699000 1.571000 -0.400000 0.000000 
0.349064 -0.943168 -15.532267 0.999961 -0.008231 0.003046 0.000025 0.018000 0.694000 1.573000 -0.400000 0.000000 
0.344139 -0.940829 -15.529407 0.999962 -0.008210 0.003003 0.000025 -0.261000 0.820000 1.710000 -0.400000 0.000000 
0.340147 -0.937282 -15.523388 0.999962 -0.008179 0.002968 0.000024 -0.110000 0.739000 1.602000 -0.400000 0.000000 
0.348623 -0.929922 -15.522592 0.999962 -0.008115 0.003042 0.000025 0.011000 0.691000 1.611000 -0.400000 0.000000 
0.347107 -0.920218 -15.521209 0.999963 -0.008030 0.003029 0.000024 -0.158000 0.779000 1.687000 -0.400000 0.000000 
0.345015 -0.921356 -15.523418 0.999963 -0.008040 0.003011 0.000024 -0.063000 0.733000 1.600000 -0.400000 0.000000 
0.347512 -0.904779 -15.514694 0.999964 -0.007896 0.003033 0.000024 -0.025000 0.710000 1.596000 -0.400000 0.000000 
0.350751 -0.899307 -15.515135 0.999965 -0.007848 0.003061 0.000024 -0.009000 0.705000 1.582000 -0.400000 0.000000 
0.350864 -0.901785 -15.512884 0.999964 -0.007869 0.003062 0.000024 0.001000 0.697000 1.589000 -0.400000 0.000000 
0.354815 -0.905581 -15.507961 0.999964 -0.007903 0.003096 0.000024 0.017000 0.705000 1.576000 -0.400000 0.000000 
0.344597 -0.906041 -15.504798 0.999964 -0.007907 0.003007 0.000024 -0.186000 0.795000 1.657000 -0.400000 0.000000 
0.351289 -0.918464 -15.504058 0.999963 -0.008015 0.003065 0.000025 -0.051000 0.731000 1.574000 -0.400000 0.000000 
0.345443 -0.926623 -15.501741 0.999963 -0.008086 0.003014 0.000024 -0.235000 0.827000 1.660000 -0.400000 0.000000 
0.330951 -0.920490 -15.501174 0.999964 -0.008033 0.002888 0.000023 -0.251000 0.827000 1.659000 -0.400000 0.000000 
0.331962 -0.921959 -15.501224 0.999963 -0.008045 0.002897 0.000023 -0.130000 0.771000 1.599000 -0.400000 0.000000 
0.339952 -0.922931 -15.494895 0.999963 -0.008054 0.002967 0.000024 -0.056000 0.729000 1.574000 -0.400000 0.000000 
0.341604 -0.920519 -15.494342 0.999963 -0.008033 0.002981 0.000024 -0.187000 0.796000 1.730000 -0.400000 0.000000 
0.334111 -0.925009 -15.496851 0.999963 -0.008072 0.002916 0.000024 -0.072000 0.732000 1.607000 -0.400000 0.000000 
0.342399 -0.932964 -15.495782 0.999962 -0.008142 0.002988 0.000024 -0.003000 0.704000 1.598000 -0.400000 0.000000 
0.347558 -0.928262 -15.493110 0.999963 -0.008100 0.003033 0.000025 0.004000 0.692000 1.636000 -0.400000 0.000000 
0.341444 -0.941830 -15.485338 0.999962 -0.008219 0.002980 0.000024 -0.100000 0.732000 1.620000 -0.400000 0.000000 
0.336360 -0.941672 -15.483238 0.999962 -0.008218 0.002935 0.000024 -0.153000 0.744000 1.656000 -0.400000 0.000000 
0.338932 -0.951907 -15.478503 0.999961 -0.008307 0.002958 0.000025 -0.195000 0.789000 1.695000 -0.400000 0.000000 
0.343124 -0.962575 -15.476251 0.999960 -0.008400 0.002994 0.000025 -0.203000 0.759000 1.641000 -0.400000 0.000000 
0.346526 -0.958906 -15.473250 0.999960 -0.008368 0.003024 0.000025 -0.276000 0.801000 1.708000 -0.400000 0.000000 
0.346136 -0.968292 -15.474296 0.999960 -0.008450 0.003020 0.000026 -0.005000 0.683000 1.606000 -0.400000 0.000000 
0.339424 -0.971822 -15.478668 0.999960 -0.008481 0.002962 0.000025 -0.008000 0.686000 1.603000 -0.400000 0.000000 
0.337692 -0.974621 -15.479078 0.999959 -0.008505 0.002947 0.000025 -0.130000 0.720000 1.658000 -0.400000 0.000000 
0.335819 -0.969217 -15.478547 0.999960 -0.008458 0.002930 0.000025 -0.277000 0.807000 1.709000 -0.400000 0.000000 
0.339194 -0.968916 -15.478577 0.999960 -0.008455 0.002960 0.000025 -0.093000 0.723000 1.593000 -0.400000 0.000000 
0.332552 -0.962348 -15.481037 0.999961 -0.008398 0.002902 0.000024 -0.030000 0.686000 1.579000 -0.400000 0.000000 
0.340115 -0.953694 -15.479482 0.999961 -0.008322 0.002968 0.000025 -0.098000 0.704000 1.612000 -0.400000 0.000000 
0.338509 -0.946664 -15.475819 0.999961 -0.008261 0.002954 0.000024 -0.077000 0.711000 1.591000 -0.400000 0.000000 
0.333763 -0.941748 -15.478276 0.999962 -0.008218 0.002913 0.000024 -0.013000 0.685000 1.584000 -0.400000 0.000000 
0.324644 -0.936031 -15.475501 0.999963 -0.008168 0.002833 0.000023 -0.005000 0.697000 1.560000 -0.400000 0.000000 
0.313936 -0.938616 -15.472509 0.999963 -0.008191 0.002740 0.000022 0.018000 0.681000 1.567000 -0.400000 0.000000 
0.318436 -0.929377 -15.468536 0.999963 -0.008110 0.002779 0.000023 0.024000 0.690000 1.590000 -0.400000 0.000000 
0.317481 -0.930646 -15.467262 0.999963 -0.008121 0.002770 0.000023 -0.021000 0.685000 1.569000 -0.400000 0.000000 
0.324282 -0.935803 -15.468304 0.999963 -0.008166 0.002830 0.000023 -0.192000 0.772000 1.690000 -0.400000 0.000000 
0.323096 -0.945518 -15.467520 0.999962 -0.008251 0.002819 0.000023 -0.052000 0.686000 1.607000 -0.400000 0.000000 
0.340207 -0.937342 -15.467854 0.999962 -0.008180 0.002969 0.000024 -0.025000 0.690000 1.587000 -0.400000 0.000000 
0.344313 -0.944699 -15.467059 0.999961 -0.008244 0.003005 0.000025 -0.016000 0.680000 1.607000 -0.400000 0.000000 
0.340882 -0.961640 -15.467896 0.999960 -0.008392 0.002975 0.000025 -0.031000 0.679000 1.607000 -0.400000 0.000000 
0.349060 -0.956407 -15.467317 0.999961 -0.008346 0.003046 0.000025 -0.114000 0.724000 1.614000 -0.400000 0.000000 
0.354509 -0.964821 -15.468003 0.999960 -0.008420 0.003094 0.000026 -0.084000 0.694000 1.608000 -0.400000 0.000000 
0.367201 -0.966447 -15.465375 0.999959 -0.008434 0.003204 0.000027 -0.136000 0.712000 1.604000 -0.400000 0.000000 
0.360691 -0.974245 -15.464911 0.999959 -0.008502 0.003148 0.000027 -0.039000 0.668000 1.599000 -0.400000 0.000000 
0.362674 -0.973132 -15.462232 0.999959 -0.008492 0.003165 0.000027 -0.028000 0.665000 1.595000 -0.400000 0.000000 
0.355395 -0.973256 -15.460106 0.999959 -0.008493 0.003101 0.000026 -0.027000 0.678000 1.588000 -0.400000 0.000000 
0.357090 -0.975776 -15.463014 0.999959 -0.008515 0.003116 0.000027 -0.253000 0.771000 1.737000 -0.400000 0.000000 
0.345768 -0.957027 -15.464081 0.999961 -0.008352 0.003017 0.000025 -0.331000 0.813000 1.760000 -0.400000 0.000000 
0.342980 -0.952301 -15.463720 0.999961 -0.008310 0.002993 0.000025 -0.147000 0.729000 1.588000 -0.400000 0.000000 
0.336727 -0.954257 -15.464877 0.999961 -0.008327 0.002938 0.000024 -0.012000 0.652000 1.579000 -0.400000 0.000000 
0.331177 -0.942853 -15.468249 0.999962 -0.008228 0.002890 0.000024 0.009000 0.644000 1.592000 -0.400000 0.000000 
0.331395 -0.945970 -15.468481 0.999962 -0.008255 0.002892 0.000024 -0.188000 0.744000 1.721000 -0.400000 0.000000 
0.338755 -0.938652 -15.467111 0.999962 -0.008191 0.002956 0.000024 -0.045000 0.681000 1.610000 -0.400000 0.000000 
0.342974 -0.937687 -15.461641 0.999962 -0.008183 0.002993 0.000024 -0.030000 0.671000 1.591000 -0.400000 0.000000 
0.351480 -0.932486 -15.459848 0.999962 -0.008137 0.003067 0.000025 -0.009000 0.669000 1.592000 -0.400000 0.000000 
0.356570 -0.942367 -15.457788 0.999961 -0.008224 0.003112 0.000026 -0.018000 0.688000 1.609000 -0.400000 0.000000 
0.367459 -0.944367 -15.452950 0.999961 -0.008241 0.003207 0.000026 -0.214000 0.764000 1.702000 -0.400000 0.000000 
0.378370 -0.955254 -15.451826 0.999960 -0.008336 0.003302 0.000028 -0.300000 0.803000 1.701000 -0.400000 0.000000 
0.366869 -0.946205 -15.452062 0.999961 -0.008257 0.003201 0.000026 -0.298000 0.797000 1.715000 -0.400000 0.000000 
0.369395 -0.950496 -15.454563 0.999960 -0.008295 0.003223 0.000027 -0.140000 0.712000 1.580000 -0.400000 0.000000 
0.370585 -0.958028 -15.454543 0.999960 -0.008360 0.003234 0.000027 -0.013000 0.674000 1.581000 -0.400000 0.000000 
0.357803 -0.954638 -15.451047 0.999960 -0.008331 0.003122 0.000026 0.007000 0.666000 1.612000 -0.400000 0.000000 
0.351650 -0.953800 -15.448256 0.999961 -0.008323 0.003069 0.000026 -0.187000 0.764000 1.693000 -0.400000 0.000000 
0.353009 -0.956785 -15.444860 0.999960 -0.008349 0.003080 0.000026 -0.088000 0.709000 1.598000 -0.400000 0.000000 
0.346223 -0.945248 -15.442016 0.999961 -0.008249 0.003021 0.000025 -0.016000 0.661000 1.590000 -0.400000 0.000000 
0.348307 -0.941484 -15.441689 0.999962 -0.008216 0.003039 0.000025 -0.005000 0.664000 1.594000 -0.400000 0.000000 
0.340145 -0.934152 -15.437971 0.999962 -0.008152 0.002968 0.000024 -0.183000 0.753000 1.730000 -0.400000 0.000000 
0.340238 -0.934869 -15.440732 0.999962 -0.008158 0.002969 0.000024 -0.308000 0.803000 1.713000 -0.400000 0.000000 
0.328554 -0.933991 -15.434909 0.999963 -0.008150 0.002867 0.000023 -0.055000 0.666000 1.577000 -0.400000 0.000000 
0.326655 -0.934079 -15.433379 0.999963 -0.008151 0.002851 0.000023 -0.137000 0.692000 1.646000 -0.400000 0.000000 
0.342406 -0.935776 -15.431230 0.999962 -0.008166 0.002988 0.000024 0.005000 0.646000 1.589000 -0.400000 0.000000 
0.335034 -0.939607 -15.434077 0.999962 -0.008199 0.002924 0.000024 0.015000 0.650000 1.596000 -0.400000 0.000000 
0.331444 -0.927558 -15.431625 0.999963 -0.008094 0.002892 0.000023 0.000000 0.644000 1.603000 -0.400000 0.000000 
0.345842 -0.925198 -15.429486 0.999963 -0.008074 0.003018 0.000024 -0.217000 0.730000 1.631000 -0.400000 0.000000 
0.361061 -0.923259 -15.428904 0.999963 -0.008057 0.003151 0.000025 -0.046000 0.664000 1.594000 -0.400000 0.000000 
0.356114 -0.916802 -15.424097 0.999963 -0.008000 0.003108 0.000025 -0.034000 0.658000 1.600000 -0.400000 0.000000 
0.358933 -0.920331 -15.425603 0.999963 -0.008031 0.003132 0.000025 0.002000 0.671000 1.575000 -0.400000 0.000000 
0.359346 -0.916906 -15.425961 0.999963 -0.008001 0.003136 0.000025 -0.004000 0.668000 1.584000 -0.400000 0.000000 
0.348023 -0.914228 -15.430804 0.999964 -0.007978 0.003037 0.000024 -0.209000 0.769000 1.708000 -0.400000 0.000000 
0.343921 -0.919207 -15.426559 0.999963 -0.008021 0.003001 0.000024 -0.040000 0.693000 1.598000 -0.400000 0.000000 
0.344446 -0.927221 -15.425704 0.999963 -0.008091 0.003006 0.000024 -0.017000 0.683000 1.617000 -0.400000 0.000000 
0.346092 -0.929431 -15.426536 0.999963 -0.008111 0.003020 0.000024 -0.036000 0.695000 1.638000 -0.400000 0.000000 
0.358516 -0.931202 -15.424119 0.999962 -0.008126 0.003129 0.000025 -0.034000 0.695000 1.593000 -0.400000 0.000000 
0.357119 -0.927076 -15.423467 0.999962 -0.008090 0.003116 0.000025 -0.241000 0.788000 1.733000 -0.400000 0.000000 
0.346795 -0.930016 -15.426799 0.999963 -0.008116 0.003026 0.000025 -0.131000 0.732000 1.653000 -0.400000 0.000000 
0.347431 -0.928888 -15.427052 0.999963 -0.008106 0.003032 0.000025 -0.050000 0.711000 1.615000 -0.400000 0.000000 
0.349878 -0.933782 -15.429761 0.999962 -0.008149 0.003053 0.000025 -0.058000 0.704000 1.623000 -0.400000 0.000000 
0.359583 -0.926602 -15.430849 0.999962 -0.008086 0.003138 0.000025 -0.114000 0.720000 1.608000 -0.400000 0.000000 
0.358086 -0.928347 -15.429797 0.999962 -0.008101 0.003125 0.000025 -0.069000 0.702000 1.630000 -0.400000 0.000000 
0.353663 -0.920856 -15.430246 0.999963 -0.008036 0.003086 0.000025 -0.186000 0.729000 1.697000 -0.400000 0.000000 
0.361761 -0.931571 -15.431952 0.999962 -0.008129 0.003157 0.000026 -0.286000 0.808000 1.745000 -0.400000 0.000000 
0.355366 -0.929732 -15.432092 0.999962 -0.008113 0.003101 0.000025 -0.044000 0.705000 1.615000 -0.400000 0.000000 
0.366198 -0.942878 -15.433010 0.999961 -0.008228 0.003196 0.000026 -0.013000 0.686000 1.611000 -0.400000 0.000000 
0.369492 -0.944068 -15.433197 0.999961 -0.008238 0.003224 0.000027 -0.070000 0.715000 1.590000 -0.400000 0.000000 
0.379333 -0.941706 -15.433429 0.999961 -0.008218 0.003310 0.000027 0.008000 0.695000 1.606000 -0.400000 0.000000 
0.378272 -0.940759 -15.430329 0.999961 -0.008210 0.003301 0.000027 -0.002000 0.689000 1.612000 -0.400000 0.000000 
0.376387 -0.939154 -15.429283 0.999961 -0.008196 0.003284 0.000027 -0.199000 0.774000 1.707000 -0.400000 0.000000 
0.371071 -0.944074 -15.425838 0.999961 -0.008238 0.003238 0.000027 -0.058000 0.695000 1.583000 -0.400000 0.000000 
0.371472 -0.946885 -15.421148 0.999961 -0.008263 0.003242 0.000027 -0.219000 0.779000 1.720000 -0.400000 0.000000 
0.360584 -0.947933 -15.421367 0.999961 -0.008272 0.003147 0.000026 -0.283000 0.802000 1.703000 -0.400000 0.000000 
0.371089 -0.947213 -15.419410 0.999961 -0.008266 0.003238 0.000027 0.003000 0.696000 1.592000 -0.400000 0.000000 
0.362305 -0.946716 -15.417781 0.999961 -0.008262 0.003162 0.000026 -0.169000 0.771000 1.705000 -0.400000 0.000000 
0.361994 -0.945439 -15.422574 0.999961 -0.008250 0.003159 0.000026 -0.060000 0.712000 1.590000 -0.400000 0.000000 
0.350437 -0.931457 -15.420630 0.999962 -0.008128 0.003058 0.000025 -0.124000 0.725000 1.635000 -0.400000 0.000000 
0.346812 -0.928875 -15.420817 0.999963 -0.008106 0.003026 0.000025 -0.162000 0.730000 1.654000 -0.400000 0.000000 
0.351843 -0.921720 -15.416411 0.999963 -0.008043 0.003070 0.000025 -0.004000 0.673000 1.557000 -0.400000 0.000000 
0.354535 -0.915550 -15.418155 0.999963 -0.007990 0.003094 0.000025 0.014000 0.670000 1.590000 -0.400000 0.000000 
0.338257 -0.920787 -15.417168 0.999963 -0.008035 0.002952 0.000024 -0.161000 0.766000 1.670000 -0.400000 0.000000 
0.321600 -0.924304 -15.416755 0.999964 -0.008066 0.002806 0.000023 -0.062000 0.704000 1.578000 -0.400000 0.000000 
0.321108 -0.923743 -15.416943 0.999964 -0.008061 0.002802 0.000023 -0.197000 0.752000 1.709000 -0.400000 0.000000 
0.319802 -0.927206 -15.412870 0.999963 -0.008091 0.002791 0.000023 -0.097000 0.699000 1.593000 -0.400000 0.000000 
0.328782 -0.926960 -15.410294 0.999963 -0.008089 0.002869 0.000023 -0.081000 0.690000 1.585000 -0.400000 0.000000 
0.330405 -0.923487 -15.406875 0.999963 -0.008059 0.002883 0.000023 -0.173000 0.761000 1.713000 -0.400000 0.000000 
0.340419 -0.929398 -15.406132 0.999963 -0.008110 0.002971 0.000024 -0.063000 0.694000 1.595000 -0.400000 0.000000 
0.345703 -0.937351 -15.403383 0.999962 -0.008180 0.003017 0.000025 0.005000 0.690000 1.591000 -0.400000 0.000000 
0.358334 -0.929014 -15.400550 0.999962 -0.008107 0.003127 0.000025 -0.105000 0.715000 1.641000 -0.400000 0.000000 
0.341707 -0.928047 -15.401336 0.999963 -0.008099 0.002982 0.000024 -0.031000 0.686000 1.581000 -0.400000 0.000000 
0.346236 -0.923345 -15.395413 0.999963 -0.008058 0.003021 0.000024 0.036000 0.683000 1.586000 -0.400000 0.000000 
0.336451 -0.933767 -15.391432 0.999963 -0.008149 0.002936 0.000024 0.024000 0.681000 1.619000 -0.400000 0.000000 
0.334917 -0.940872 -15.391295 0.999962 -0.008211 0.002923 0.000024 -0.066000 0.698000 1.595000 -0.400000 0.000000 
0.328694 -0.941242 -15.385066 0.999962 -0.008214 0.002868 0.000024 -0.036000 0.680000 1.585000 -0.400000 0.000000 
0.325662 -0.950191 -15.381668 0.999962 -0.008292 0.002842 0.000024 -0.051000 0.688000 1.547000 -0.400000 0.000000 
0.330306 -0.941892 -15.376035 0.999962 -0.008219 0.002882 0.000024 -0.048000 0.692000 1.540000 -0.400000 0.000000 
0.339113 -0.935827 -15.368135 0.999962 -0.008167 0.002959 0.000024 -0.205000 0.769000 1.670000 -0.400000 0.000000 
0.335018 -0.932308 -15.369701 0.999963 -0.008136 0.002923 0.000024 -0.052000 0.693000 1.578000 -0.400000 0.000000 
0.338595 -0.940178 -15.368679 0.999962 -0.008204 0.002955 0.000024 -0.093000 0.706000 1.550000 -0.400000 0.000000 
0.335156 -0.934117 -15.368474 0.999963 -0.008152 0.002925 0.000024 -0.235000 0.764000 1.646000 -0.400000 0.000000 
0.336207 -0.943259 -15.373896 0.999962 -0.008231 0.002934 0.000024 -0.096000 0.701000 1.561000 -0.400000 0.000000 
0.339221 -0.942619 -15.371904 0.999962 -0.008226 0.002960 0.000024 -0.033000 0.677000 1.544000 -0.400000 0.000000 
0.332640 -0.946062 -15.371756 0.999962 -0.008256 0.002903 0.000024 -0.067000 0.703000 1.597000 -0.400000 0.000000 
0.329647 -0.944564 -15.369812 0.999962 -0.008243 0.002877 0.000024 -0.111000 0.723000 1.613000 -0.400000 0.000000 
0.332182 -0.955094 -15.365378 0.999961 -0.008335 0.002899 0.000024 0.004000 0.680000 1.560000 -0.400000 0.000000 
0.333892 -0.951452 -15.358706 0.999961 -0.008303 0.002914 0.000024 0.018000 0.684000 1.577000 -0.400000 0.000000 
0.326582 -0.952975 -15.359717 0.999961 -0.008316 0.002850 0.000024 -0.088000 0.724000 1.586000 -0.400000 0.000000 
0.328142 -0.947310 -15.358855 0.999962 -0.008267 0.002863 0.000024 -0.045000 0.710000 1.590000 -0.400000 0.000000 
0.333058 -0.951618 -15.357180 0.999961 -0.008304 0.002906 0.000024 -0.195000 0.755000 1.683000 -0.400000 0.000000 
0.328804 -0.946363 -15.358492 0.999962 -0.008258 0.002869 0.000024 -0.088000 0.714000 1.585000 -0.400000 0.000000 
0.333106 -0.946257 -15.359207 0.999962 -0.008258 0.002907 0.000024 -0.049000 0.693000 1.609000 -0.400000 0.000000 
0.326203 -0.942868 -15.364727 0.999962 -0.008228 0.002847 0.000023 -0.027000 0.693000 1.646000 -0.400000 0.000000 
0.323670 -0.942581 -15.366399 0.999962 -0.008225 0.002824 0.000023 -0.195000 0.797000 1.689000 -0.400000 0.000000 
0.328063 -0.936368 -15.364115 0.999963 -0.008171 0.002863 0.000023 -0.111000 0.740000 1.596000 -0.400000 0.000000 
0.318466 -0.936929 -15.361715 0.999963 -0.008176 0.002779 0.000023 -0.231000 0.806000 1.698000 -0.400000 0.000000 
0.324252 -0.935027 -15.363039 0.999963 -0.008160 0.002830 0.000023 -0.013000 0.696000 1.567000 -0.400000 0.000000 
0.324492 -0.941502 -15.361691 0.999962 -0.008216 0.002832 0.000023 0.007000 0.689000 1.600000 -0.400000 0.000000 
0.339986 -0.953273 -15.359853 0.999961 -0.008319 0.002967 0.000025 -0.108000 0.734000 1.635000 -0.400000 0.000000 
0.348593 -0.949041 -15.357287 0.999961 -0.008282 0.003042 0.000025 -0.225000 0.790000 1.688000 -0.400000 0.000000 
0.356983 -0.956834 -15.356579 0.999960 -0.008350 0.003115 0.000026 -0.198000 0.771000 1.626000 -0.400000 0.000000 
0.355471 -0.957929 -15.356174 0.999960 -0.008359 0.003102 0.000026 -0.066000 0.714000 1.535000 -0.400000 0.000000 
0.357316 -0.954508 -15.354122 0.999960 -0.008330 0.003118 0.000026 -0.186000 0.816000 1.760000 -0.400000 0.000000 
0.352356 -0.957500 -15.353902 0.999960 -0.008356 0.003075 0.000026 -0.053000 0.753000 1.649000 -0.400000 0.000000 
0.342359 -0.957965 -15.355093 0.999961 -0.008360 0.002988 0.000025 0.011000 0.722000 1.627000 -0.400000 0.000000 
0.343288 -0.957504 -15.357352 0.999961 -0.008356 0.002996 0.000025 -0.002000 0.709000 1.678000 -0.400000 0.000000 
0.341569 -0.963266 -15.357540 0.999960 -0.008406 0.002981 0.000025 0.013000 0.700000 1.646000 -0.400000 0.000000 
0.347033 -0.969075 -15.356499 0.999960 -0.008457 0.003028 0.000026 -0.220000 0.793000 1.741000 -0.400000 0.000000 
0.347464 -0.962718 -15.351938 0.999960 -0.008401 0.003032 0.000025 -0.232000 0.801000 1.770000 -0.400000 0.000000 
0.349989 -0.954550 -15.349178 0.999961 -0.008330 0.003054 0.000025 -0.130000 0.750000 1.680000 -0.400000 0.000000 
0.350844 -0.951183 -15.351723 0.999961 -0.008301 0.003062 0.000025 -0.037000 0.708000 1.639000 -0.400000 0.000000 
0.355551 -0.946415 -15.350022 0.999961 -0.008259 0.003103 0.000026 0.005000 0.680000 1.638000 -0.400000 0.000000 
0.361376 -0.951630 -15.345361 0.999961 -0.008304 0.003153 0.000026 -0.185000 0.762000 1.753000 -0.400000 0.000000 
0.371466 -0.950192 -15.346128 0.999960 -0.008292 0.003242 0.000027 -0.219000 0.774000 1.743000 -0.400000 0.000000 
0.369245 -0.952119 -15.349029 0.999960 -0.008309 0.003222 0.000027 -0.217000 0.781000 1.741000 -0.400000 0.000000 
0.366003 -0.955774 -15.345801 0.999960 -0.008341 0.003194 0.000027 -0.039000 0.677000 1.637000 -0.400000 0.000000 
0.363787 -0.947955 -15.351068 0.999961 -0.008272 0.003175 0.000026 0.000000 0.664000 1.642000 -0.400000 0.000000 
0.361100 -0.949051 -15.348712 0.999961 -0.008282 0.003151 0.000026 -0.198000 0.757000 1.727000 -0.400000 0.000000 
0.361027 -0.935458 -15.341025 0.999962 -0.008163 0.003150 0.000026 -0.083000 0.696000 1.628000 -0.400000 0.000000 
0.358384 -0.945556 -15.337792 0.999961 -0.008251 0.003127 0.000026 0.000000 0.655000 1.639000 -0.400000 0.000000 
0.359646 -0.949309 -15.333266 0.999961 -0.008284 0.003138 0.000026 -0.077000 0.688000 1.637000 -0.400000 0.000000 
0.367300 -0.947009 -15.331741 0.999961 -0.008264 0.003205 0.000026 0.023000 0.660000 1.621000 -0.400000 0.000000 
0.373061 -0.953672 -15.333662 0.999960 -0.008322 0.003255 0.000027 -0.010000 0.675000 1.634000 -0.400000 0.000000 
0.374052 -0.953596 -15.330322 0.999960 -0.008322 0.003264 0.000027 -0.020000 0.660000 1.664000 -0.400000 0.000000 
0.372311 -0.950758 -15.328567 0.999960 -0.008297 0.003249 0.000027 -0.191000 0.748000 1.754000 -0.400000 0.000000 
0.372463 -0.957086 -15.323750 0.999960 -0.008352 0.003250 0.000027 -0.072000 0.663000 1.633000 -0.400000 0.000000 
0.365626 -0.963979 -15.324713 0.999960 -0.008412 0.003191 0.000027 -0.173000 0.696000 1.720000 -0.400000 0.000000 
0.369171 -0.952337 -15.324726 0.999960 -0.008311 0.003222 0.000027 -0.164000 0.703000 1.705000 -0.400000 0.000000 
0.367381 -0.960378 -15.325747 0.999960 -0.008381 0.003206 0.000027 -0.098000 0.683000 1.657000 -0.400000 0.000000 
0.355757 -0.956534 -15.325710 0.999960 -0.008347 0.003104 0.000026 -0.144000 0.707000 1.704000 -0.400000 0.000000 
0.367806 -0.949813 -15.325100 0.999960 -0.008289 0.003210 0.000027 -0.061000 0.680000 1.644000 -0.400000 0.000000 
0.360131 -0.945104 -15.322734 0.999961 -0.008247 0.003143 0.000026 -0.034000 0.671000 1.657000 -0.400000 0.000000 
0.370950 -0.947959 -15.321911 0.999961 -0.008272 0.003237 0.000027 -0.029000 0.661000 1.641000 -0.400000 0.000000 
0.355986 -0.952851 -15.321693 0.999961 -0.008315 0.003106 0.000026 -0.231000 0.749000 1.749000 -0.400000 0.000000 
0.361043 -0.951048 -15.322066 0.999961 -0.008299 0.003151 0.000026 -0.117000 0.693000 1.656000 -0.400000 0.000000 
0.355508 -0.953649 -15.323015 0.999961 -0.008322 0.003102 0.000026 -0.034000 0.678000 1.618000 -0.400000 0.000000 
0.360303 -0.942230 -15.324512 0.999961 -0.008222 0.003144 0.000026 -0.136000 0.717000 1.675000 -0.400000 0.000000 
0.356524 -0.949338 -15.320285 0.999961 -0.008284 0.003111 0.000026 -0.166000 0.725000 1.672000 -0.400000 0.000000 
0.358586 -0.957669 -15.319448 0.999960 -0.008357 0.003129 0.000026 -0.134000 0.718000 1.597000 -0.400000 0.000000 
0.350340 -0.959946 -15.321579 0.999960 -0.008377 0.003057 0.000026 -0.031000 0.678000 1.602000 -0.400000 0.000000 
0.357566 -0.959478 -15.324114 0.999960 -0.008373 0.003120 0.000026 -0.018000 0.668000 1.617000 -0.400000 0.000000 
0.352628 -0.954285 -15.323133 0.999961 -0.008328 0.003077 0.000026 -0.253000 0.777000 1.722000 -0.400000 0.000000 
0.347688 -0.960323 -15.320094 0.999960 -0.008380 0.003034 0.000025 -0.119000 0.718000 1.621000 -0.400000 0.000000 
0.347197 -0.961663 -15.317691 0.999960 -0.008392 0.003030 0.000025 -0.015000 0.681000 1.612000 -0.400000 0.000000 
0.359605 -0.956156 -15.319630 0.999960 -0.008344 0.003138 0.000026 -0.241000 0.785000 1.742000 -0.400000 0.000000 
0.361755 -0.956728 -15.319945 0.999960 -0.008349 0.003157 0.000026 -0.040000 0.701000 1.641000 -0.400000 0.000000 
0.353636 -0.950841 -15.318187 0.999961 -0.008298 0.003086 0.000026 -0.026000 0.692000 1.621000 -0.400000 0.000000 
0.353645 -0.943551 -15.312711 0.999961 -0.008234 0.003086 0.000025 -0.036000 0.701000 1.602000 -0.400000 0.000000 
0.351341 -0.932238 -15.311378 0.999962 -0.008135 0.003066 0.000025 -0.015000 0.686000 1.616000 -0.400000 0.000000 
0.351783 -0.943875 -15.311766 0.999961 -0.008237 0.003070 0.000025 -0.074000 0.716000 1.620000 -0.400000 0.000000 
0.344168 -0.945263 -15.307169 0.999961 -0.008249 0.003003 0.000025 -0.105000 0.706000 1.619000 -0.400000 0.000000 
0.344050 -0.941904 -15.309338 0.999962 -0.008220 0.003002 0.000025 -0.026000 0.672000 1.612000 -0.400000 0.000000 
0.347468 -0.939905 -15.305129 0.999962 -0.008202 0.003032 0.000025 -0.188000 0.757000 1.702000 -0.400000 0.000000 
0.346552 -0.935094 -15.308223 0.999962 -0.008160 0.003024 0.000025 0.000000 0.682000 1.601000 -0.400000 0.000000 
0.339110 -0.929198 -15.308786 0.999963 -0.008109 0.002959 0.000024 0.020000 0.674000 1.621000 -0.400000 0.000000 
0.346707 -0.929824 -15.310588 0.999963 -0.008114 0.003025 0.000025 -0.167000 0.757000 1.725000 -0.400000 0.000000 
0.348413 -0.930908 -15.307130 0.999962 -0.008124 0.003040 0.000025 -0.009000 0.671000 1.619000 -0.400000 0.000000 
0.356045 -0.931489 -15.303689 0.999962 -0.008129 0.003107 0.000025 -0.070000 0.714000 1.611000 -0.400000 0.000000 
0.354097 -0.934324 -15.305470 0.999962 -0.008153 0.003090 0.000025 -0.031000 0.694000 1.591000 -0.400000 0.000000 
0.367028 -0.943293 -15.307363 0.999961 -0.008232 0.003203 0.000026 0.012000 0.678000 1.638000 -0.400000 0.000000 
0.373837 -0.942734 -15.305801 0.999961 -0.008227 0.003262 0.000027 -0.011000 0.686000 1.610000 -0.400000 0.000000 
0.358535 -0.932802 -15.302580 0.999962 -0.008140 0.003129 0.000025 -0.012000 0.691000 1.594000 -0.400000 0.000000 
0.347114 -0.936075 -15.302466 0.999962 -0.008169 0.003029 0.000025 -0.020000 0.670000 1.641000 -0.400000 0.000000 
0.347757 -0.947326 -15.302505 0.999961 -0.008267 0.003035 0.000025 -0.155000 0.715000 1.671000 -0.400000 0.000000 
0.343932 -0.952493 -15.305161 0.999961 -0.008312 0.003001 0.000025 -0.111000 0.709000 1.635000 -0.400000 0.000000 
0.346990 -0.953230 -15.302978 0.999961 -0.008318 0.003028 0.000025 -0.030000 0.686000 1.610000 -0.400000 0.000000 
0.343685 -0.961333 -15.302311 0.999960 -0.008389 0.002999 0.000025 -0.025000 0.681000 1.612000 -0.400000 0.000000 
0.330097 -0.975533 -15.299893 0.999960 -0.008513 0.002881 0.000025 -0.011000 0.683000 1.620000 -0.400000 0.000000 
0.322594 -0.964958 -15.299079 0.999961 -0.008421 0.002815 0.000024 -0.254000 0.794000 1.763000 -0.400000 0.000000 
0.315907 -0.967453 -15.295056 0.999961 -0.008442 0.002757 0.000023 -0.114000 0.723000 1.655000 -0.400000 0.000000 
0.320468 -0.957609 -15.295850 0.999961 -0.008357 0.002797 0.000023 -0.114000 0.723000 1.655000 -0.400000 0.000000 
0.320405 -0.949250 -15.294161 0.999962 -0.008284 0.002796 0.000023 -0.090000 0.745000 1.725000 -0.400000 0.000000 
0.321376 -0.937774 -15.293389 0.999963 -0.008183 0.002804 0.000023 -0.222000 0.793000 1.828000 -0.400000 0.000000 
0.328752 -0.934816 -15.295426 0.999963 -0.008158 0.002869 0.000023 -0.033000 0.695000 1.728000 -0.400000 0.000000 
0.331320 -0.937462 -15.295712 0.999962 -0.008181 0.002891 0.000024 -0.010000 0.685000 1.686000 -0.400000 0.000000 
0.325563 -0.937410 -15.298012 0.999963 -0.008180 0.002841 0.000023 -0.100000 0.720000 1.716000 -0.400000 0.000000 
0.325653 -0.946314 -15.297375 0.999962 -0.008258 0.002842 0.000023 -0.053000 0.695000 1.719000 -0.400000 0.000000 
0.334010 -0.951396 -15.293069 0.999961 -0.008302 0.002915 0.000024 -0.098000 0.726000 1.709000 -0.400000 0.000000 
0.341910 -0.951343 -15.291856 0.999961 -0.008302 0.002984 0.000025 -0.050000 0.703000 1.712000 -0.400000 0.000000 
0.343581 -0.944867 -15.292020 0.999961 -0.008245 0.002998 0.000025 -0.104000 0.731000 1.691000 -0.400000 0.000000 
0.343647 -0.948224 -15.296195 0.999961 -0.008275 0.002999 0.000025 -0.202000 0.747000 1.729000 -0.400000 0.000000 
0.339510 -0.943167 -15.297707 0.999962 -0.008231 0.002963 0.000024 -0.100000 0.727000 1.705000 -0.400000 0.000000 
0.343019 -0.936449 -15.298223 0.999962 -0.008172 0.002993 0.000024 -0.012000 0.691000 1.651000 -0.400000 0.000000 
0.343326 -0.943843 -15.295748 0.999962 -0.008236 0.002996 0.000025 0.014000 0.666000 1.665000 -0.400000 0.000000 
0.342844 -0.935758 -15.297148 0.999962 -0.008166 0.002992 0.000024 0.008000 0.672000 1.667000 -0.400000 0.000000 
0.337077 -0.935912 -15.295171 0.999962 -0.008167 0.002941 0.000024 -0.195000 0.750000 1.742000 -0.400000 0.000000 
0.328786 -0.935323 -15.291685 0.999963 -0.008162 0.002869 0.000023 -0.026000 0.672000 1.643000 -0.400000 0.000000 
0.344435 -0.925986 -15.291585 0.999963 -0.008081 0.003006 0.000024 0.002000 0.668000 1.629000 -0.400000 0.000000 
0.343790 -0.922742 -15.290855 0.999963 -0.008052 0.003000 0.000024 -0.023000 0.673000 1.631000 -0.400000 0.000000 
0.336946 -0.916204 -15.287954 0.999964 -0.007995 0.002940 0.000024 -0.035000 0.682000 1.636000 -0.400000 0.000000 
0.327455 -0.918975 -15.283192 0.999964 -0.008019 0.002857 0.000023 -0.043000 0.696000 1.614000 -0.400000 0.000000 
0.325878 -0.928029 -15.276439 0.999963 -0.008098 0.002844 0.000023 -0.049000 0.683000 1.619000 -0.400000 0.000000 
0.328837 -0.938687 -15.275179 0.999962 -0.008191 0.002870 0.000024 -0.067000 0.693000 1.645000 -0.400000 0.000000 
0.327136 -0.947895 -15.274772 0.999962 -0.008272 0.002855 0.000024 -0.062000 0.696000 1.608000 -0.400000 0.000000 
0.327108 -0.943922 -15.274633 0.999962 -0.008237 0.002854 0.000024 -0.051000 0.698000 1.605000 -0.400000 0.000000 
0.334995 -0.943177 -15.274825 0.999962 -0.008231 0.002923 0.000024 -0.097000 0.712000 1.632000 -0.400000 0.000000 
0.337591 -0.949343 -15.270732 0.999961 -0.008284 0.002946 0.000024 -0.059000 0.700000 1.615000 -0.400000 0.000000 
0.341696 -0.948270 -15.273295 0.999961 -0.008275 0.002982 0.000025 -0.059000 0.695000 1.599000 -0.400000 0.000000 
0.342153 -0.947236 -15.270093 0.999961 -0.008266 0.002986 0.000025 -0.159000 0.735000 1.691000 -0.400000 0.000000 
0.341591 -0.947313 -15.267180 0.999961 -0.008267 0.002981 0.000025 -0.138000 0.716000 1.669000 -0.400000 0.000000 
0.351510 -0.939904 -15.262199 0.999962 -0.008202 0.003067 0.000025 -0.066000 0.707000 1.620000 -0.400000 0.000000 
0.350389 -0.937438 -15.258745 0.999962 -0.008181 0.003058 0.000025 -0.282000 0.803000 1.761000 -0.400000 0.000000 
0.352812 -0.936939 -15.264681 0.999962 -0.008176 0.003079 0.000025 -0.119000 0.737000 1.643000 -0.400000 0.000000 
0.354956 -0.927305 -15.263932 0.999962 -0.008092 0.003097 0.000025 -0.048000 0.701000 1.603000 -0.400000 0.000000 
0.362115 -0.931328 -15.260717 0.999962 -0.008127 0.003160 0.000026 -0.013000 0.702000 1.625000 -0.400000 0.000000 
0.370260 -0.933122 -15.258795 0.999962 -0.008143 0.003231 0.000026 0.049000 0.672000 1.624000 -0.400000 0.000000 
0.371215 -0.925112 -15.259860 0.999962 -0.008073 0.003239 0.000026 0.011000 0.680000 1.623000 -0.400000 0.000000 
0.365159 -0.924572 -15.261525 0.999962 -0.008068 0.003187 0.000026 -0.183000 0.778000 1.766000 -0.400000 0.000000 
0.363297 -0.928016 -15.260190 0.999962 -0.008098 0.003170 0.000026 -0.070000 0.729000 1.638000 -0.400000 0.000000 
0.370934 -0.932626 -15.261076 0.999962 -0.008139 0.003237 0.000026 -0.036000 0.703000 1.609000 -0.400000 0.000000 
0.371977 -0.931305 -15.258801 0.999962 -0.008127 0.003246 0.000026 -0.022000 0.693000 1.658000 -0.274000 0.126000 
0.265659 -0.703767 -15.188140 0.999978 -0.006141 0.002318 0.000014 -0.116000 0.718000 1.841000 -0.400000 0.000000 
0.461511 -0.757223 -15.216716 0.999970 -0.006608 0.004027 0.000027 -0.132000 0.646000 2.006000 -0.400000 0.000000 
0.468138 -0.754774 -15.298627 0.999970 -0.006587 0.004085 0.000027 -0.457000 0.296000 2.185000 -0.400000 0.000000 
0.443533 -0.646767 -15.274981 0.999977 -0.005644 0.003870 0.000022 -0.385000 0.190000 1.885000 -0.400000 0.000000 
0.378110 -0.641073 -15.245580 0.999979 -0.005594 0.003300 0.000018 -0.294000 0.243000 1.754000 -0.400000 0.000000 
0.430471 -0.668276 -15.243661 0.999976 -0.005832 0.003756 0.000022 0.069000 0.392000 2.269000 -0.400000 0.000000 
Hello Junta. Starting Potato Controller now
imu.begin()-IMU comm & initialize completed 
imu.dmpBegin() suceeded
IMU SETUP COMPLETED
0.747497 -0.687630 2.683254 0.999961 -0.006001 0.006523 0.000039 0.026000 1.046000 0.015000 -0.400000 0.000000 
0.747752 -0.747593 2.678899 0.999957 -0.006524 0.006525 0.000043 0.026000 1.046000 0.015000 -0.400000 0.000000 
0.749443 -0.790298 2.680951 0.999955 -0.006896 0.006540 0.000045 0.025000 1.042000 0.014000 -0.400000 0.000000 
0.749437 -0.831878 2.682264 0.999952 -0.007259 0.006540 0.000047 0.026000 1.041000 0.014000 -0.400000 0.000000 
0.755426 -0.866535 2.683190 0.999950 -0.007562 0.006592 0.000050 0.027000 1.037000 0.015000 -0.400000 0.000000 
0.769046 -0.893890 2.685110 0.999947 -0.007800 0.006711 0.000052 0.028000 1.039000 0.013000 -0.400000 0.000000 
0.766522 -0.921953 2.686397 0.999945 -0.008045 0.006689 0.000054 0.029000 1.042000 0.015000 -0.400000 0.000000 
0.759348 -0.948757 2.687394 0.999944 -0.008279 0.006626 0.000055 0.028000 1.042000 0.015000 -0.400000 0.000000 
0.759649 -0.964818 2.685514 0.999943 -0.008419 0.006629 0.000056 0.029000 1.043000 0.014000 -0.400000 0.000000 
0.750798 -0.978669 2.687273 0.999942 -0.008540 0.006552 0.000056 0.032000 1.047000 0.013000 -0.400000 0.000000 
0.744605 -0.981218 2.689265 0.999942 -0.008562 0.006498 0.000056 0.034000 1.048000 0.015000 -0.400000 0.000000 
0.743641 -0.998975 2.689282 0.999941 -0.008717 0.006489 0.000057 0.034000 1.053000 0.014000 -0.400000 0.000000 
0.745197 -1.008982 2.689542 0.999940 -0.008805 0.006503 0.000057 0.036000 1.051000 0.013000 -0.400000 0.000000 
0.742553 -1.016580 2.689656 0.999940 -0.008871 0.006480 0.000057 0.034000 1.047000 0.015000 -0.400000 0.000000 
0.751085 -1.032806 2.690536 0.999938 -0.009013 0.006554 0.000059 0.035000 1.044000 0.013000 -0.400000 0.000000 
0.748567 -1.048030 2.693879 0.999937 -0.009145 0.006532 0.000060 0.040000 1.044000 0.012000 -0.400000 0.000000 
0.749952 -1.056816 2.695704 0.999936 -0.009222 0.006544 0.000060 0.041000 1.043000 0.014000 -0.400000 0.000000 
0.748951 -1.062582 2.695503 0.999936 -0.009272 0.006536 0.000061 0.044000 1.047000 0.014000 -0.400000 0.000000 
0.762437 -1.072046 2.700755 0.999934 -0.009355 0.006653 0.000062 0.043000 1.046000 0.011000 -0.400000 0.000000 
0.759817 -1.080353 2.703660 0.999934 -0.009428 0.006630 0.000063 0.044000 1.046000 0.014000 -0.400000 0.000000 
0.744025 -1.091597 2.706501 0.999934 -0.009526 0.006492 0.000062 0.050000 1.045000 0.013000 -0.400000 0.000000 
0.750383 -1.090083 2.707609 0.999933 -0.009512 0.006548 0.000062 0.049000 1.045000 0.011000 -0.400000 0.000000 
0.754626 -1.086913 2.708657 0.999933 -0.009485 0.006585 0.000062 0.049000 1.042000 0.015000 -0.400000 0.000000 
0.753071 -1.098601 2.711097 0.999932 -0.009587 0.006571 0.000063 0.051000 1.045000 0.013000 -0.400000 0.000000 
0.759351 -1.096442 2.709464 0.999932 -0.009568 0.006626 0.000063 0.056000 1.047000 0.013000 -0.400000 0.000000 
0.763962 -1.099599 2.709565 0.999932 -0.009595 0.006666 0.000064 0.057000 1.050000 0.013000 -0.400000 0.000000 
0.763148 -1.096388 2.711315 0.999932 -0.009567 0.006659 0.000064 0.055000 1.052000 0.013000 -0.400000 0.000000 
0.763384 -1.088074 2.713126 0.999933 -0.009495 0.006661 0.000063 0.056000 1.055000 0.014000 -0.400000 0.000000 
0.757555 -1.092487 2.718176 0.999933 -0.009533 0.006611 0.000063 0.059000 1.057000 0.016000 -0.400000 0.000000 
0.760236 -1.099948 2.722068 0.999932 -0.009598 0.006634 0.000064 0.061000 1.058000 0.013000 -0.400000 0.000000 
0.766725 -1.094842 2.726140 0.999932 -0.009554 0.006691 0.000064 0.062000 1.056000 0.015000 -0.400000 0.000000 
0.771212 -1.087290 2.724049 0.999932 -0.009488 0.006730 0.000064 0.061000 1.054000 0.016000 -0.400000 0.000000 
0.775068 -1.089299 2.726028 0.999932 -0.009506 0.006763 0.000064 0.062000 1.056000 0.013000 -0.400000 0.000000 
0.781876 -1.100561 2.730018 0.999931 -0.009604 0.006823 0.000066 0.062000 1.055000 0.014000 -0.400000 0.000000 
0.794899 -1.097813 2.729295 0.999930 -0.009580 0.006936 0.000066 0.064000 1.056000 0.016000 -0.400000 0.000000 
0.799928 -1.093243 2.734454 0.999930 -0.009540 0.006980 0.000067 0.066000 1.052000 0.013000 -0.400000 0.000000 
0.792795 -1.083045 2.735430 0.999931 -0.009451 0.006918 0.000065 0.067000 1.050000 0.016000 -0.400000 0.000000 
0.784493 -1.078870 2.736891 0.999932 -0.009415 0.006846 0.000064 0.066000 1.048000 0.016000 -0.400000 0.000000 
0.786690 -1.070518 2.738406 0.999933 -0.009342 0.006865 0.000064 0.068000 1.053000 0.012000 -0.400000 0.000000 
0.788108 -1.075908 2.736138 0.999932 -0.009389 0.006877 0.000065 0.067000 1.055000 0.014000 -0.400000 0.000000 
0.784883 -1.085299 2.738505 0.999932 -0.009471 0.006849 0.000065 0.069000 1.057000 0.014000 -0.400000 0.000000 
0.780082 -1.093781 2.740856 0.999931 -0.009545 0.006807 0.000065 0.070000 1.063000 0.014000 -0.400000 0.000000 
0.789534 -1.086247 2.745977 0.999931 -0.009479 0.006890 0.000065 0.072000 1.066000 0.013000 -0.400000 0.000000 
0.781307 -1.076962 2.736810 0.999933 -0.009398 0.006818 0.000064 0.070000 1.067000 0.014000 -0.400000 0.000000 
0.787009 -1.069982 2.740353 0.999933 -0.009337 0.006868 0.000064 0.073000 1.073000 0.014000 -0.400000 0.000000 
0.783127 -1.076167 2.745709 0.999933 -0.009391 0.006834 0.000064 0.071000 1.072000 0.012000 -0.400000 0.000000 
0.786504 -1.078380 2.747977 0.999932 -0.009410 0.006863 0.000065 0.072000 1.074000 0.013000 -0.400000 0.000000 
0.783942 -1.081665 2.750164 0.999932 -0.009439 0.006841 0.000065 0.073000 1.077000 0.019000 -0.400000 0.000000 
0.783109 -1.080889 2.745768 0.999932 -0.009432 0.006834 0.000064 0.068000 1.076000 0.013000 -0.400000 0.000000 
0.773621 -1.072114 2.744824 0.999933 -0.009356 0.006751 0.000063 0.065000 1.074000 0.014000 -0.400000 0.000000 
0.775713 -1.082062 2.748250 0.999933 -0.009442 0.006769 0.000064 0.065000 1.077000 0.013000 -0.400000 0.000000 
0.776981 -1.080410 2.748995 0.999933 -0.009428 0.006780 0.000064 0.064000 1.075000 0.012000 -0.400000 0.000000 
0.769320 -1.086687 2.754001 0.999933 -0.009483 0.006713 0.000064 0.065000 1.076000 0.014000 -0.400000 0.000000 
0.773185 -1.084707 2.756968 0.999932 -0.009465 0.006747 0.000064 0.065000 1.072000 0.014000 -0.400000 0.000000 
0.760131 -1.083932 2.758124 0.999933 -0.009459 0.006633 0.000063 0.064000 1.074000 0.011000 -0.400000 0.000000 
0.760741 -1.070140 2.757603 0.999934 -0.009338 0.006638 0.000062 0.062000 1.073000 0.014000 -0.400000 0.000000 
0.761763 -1.072486 2.757385 0.999934 -0.009359 0.006647 0.000062 0.063000 1.071000 0.014000 -0.400000 0.000000 
0.760737 -1.077343 2.752856 0.999934 -0.009401 0.006638 0.000062 0.065000 1.072000 0.013000 -0.400000 0.000000 
0.758379 -1.070085 2.754728 0.999934 -0.009338 0.006618 0.000062 0.064000 1.074000 0.014000 -0.400000 0.000000 
0.762709 -1.072591 2.753912 0.999934 -0.009360 0.006656 0.000062 0.064000 1.079000 0.013000 -0.400000 0.000000 
0.764566 -1.079623 2.751939 0.999933 -0.009421 0.006672 0.000063 0.067000 1.079000 0.012000 -0.400000 0.000000 
0.755232 -1.082471 2.754546 0.999934 -0.009446 0.006590 0.000062 0.067000 1.082000 0.014000 -0.400000 0.000000 
0.755902 -1.082753 2.751724 0.999934 -0.009448 0.006596 0.000062 0.068000 1.079000 0.014000 -0.400000 0.000000 
0.765969 -1.081994 2.752514 0.999933 -0.009442 0.006684 0.000063 0.067000 1.076000 0.015000 -0.400000 0.000000 
0.771434 -1.082343 2.754734 0.999933 -0.009445 0.006732 0.000064 0.065000 1.074000 0.013000 -0.400000 0.000000 
0.770183 -1.086247 2.753965 0.999932 -0.009479 0.006721 0.000064 0.061000 1.077000 0.014000 -0.400000 0.000000 
0.770229 -1.076689 2.754082 0.999933 -0.009396 0.006721 0.000063 0.062000 1.076000 0.015000 -0.400000 0.000000 
0.764741 -1.077353 2.757958 0.999934 -0.009401 0.006673 0.000063 0.064000 1.078000 0.015000 -0.400000 0.000000 
0.767609 -1.076494 2.762989 0.999933 -0.009394 0.006698 0.000063 0.064000 1.072000 0.015000 -0.400000 0.000000 
0.779198 -1.076888 2.764656 0.999933 -0.009397 0.006799 0.000064 0.063000 1.074000 0.013000 -0.400000 0.000000 
0.774283 -1.069472 2.765248 0.999934 -0.009333 0.006757 0.000063 0.064000 1.074000 0.016000 -0.400000 0.000000 
0.764009 -1.068827 2.765489 0.999934 -0.009327 0.006667 0.000062 0.063000 1.072000 0.016000 -0.400000 0.000000 
0.771683 -1.066897 2.765934 0.999934 -0.009310 0.006734 0.000063 0.062000 1.075000 0.014000 -0.400000 0.000000 
0.771454 -1.062203 2.764479 0.999934 -0.009269 0.006732 0.000062 0.061000 1.077000 0.015000 -0.400000 0.000000 
0.765017 -1.054381 2.761675 0.999935 -0.009201 0.006676 0.000061 0.062000 1.076000 0.015000 -0.400000 0.000000 
0.766028 -1.061643 2.756986 0.999935 -0.009264 0.006685 0.000062 0.061000 1.076000 0.014000 -0.400000 0.000000 
0.777583 -1.074793 2.761710 0.999933 -0.009379 0.006785 0.000064 0.062000 1.074000 0.015000 -0.400000 0.000000 
0.780248 -1.073777 2.760053 0.999933 -0.009370 0.006809 0.000064 0.061000 1.071000 0.015000 -0.400000 0.000000 
0.773671 -1.074157 2.759641 0.999933 -0.009373 0.006751 0.000063 0.061000 1.071000 0.014000 -0.400000 0.000000 
0.781861 -1.086361 2.757234 0.999932 -0.009480 0.006823 0.000065 0.061000 1.071000 0.015000 -0.400000 0.000000 
0.767733 -1.090404 2.756486 0.999932 -0.009515 0.006699 0.000064 0.063000 1.074000 0.013000 -0.400000 0.000000 
0.765911 -1.089076 2.754881 0.999933 -0.009504 0.006683 0.000064 0.061000 1.072000 0.014000 -0.400000 0.000000 
0.769577 -1.090635 2.754488 0.999932 -0.009517 0.006715 0.000064 0.062000 1.073000 0.014000 -0.400000 0.000000 
0.767679 -1.080552 2.759098 0.999933 -0.009429 0.006699 0.000063 0.065000 1.072000 0.015000 -0.400000 0.000000 
0.769310 -1.083291 2.759580 0.999933 -0.009453 0.006713 0.000063 0.063000 1.071000 0.016000 -0.400000 0.000000 
0.775217 -1.090240 2.762236 0.999932 -0.009514 0.006765 0.000064 0.062000 1.070000 0.014000 -0.400000 0.000000 
0.781423 -1.084470 2.764607 0.999932 -0.009463 0.006819 0.000065 0.062000 1.071000 0.014000 -0.400000 0.000000 
0.783064 -1.082693 2.768105 0.999932 -0.009448 0.006833 0.000065 0.063000 1.070000 0.014000 -0.400000 0.000000 
0.777116 -1.088184 2.770669 0.999932 -0.009496 0.006781 0.000064 0.065000 1.075000 0.012000 -0.400000 0.000000 
0.773871 -1.087761 2.771202 0.999932 -0.009492 0.006753 0.000064 0.063000 1.076000 0.013000 -0.400000 0.000000 
0.774560 -1.082202 2.774212 0.999933 -0.009444 0.006759 0.000064 0.063000 1.079000 0.015000 -0.400000 0.000000 
0.775500 -1.075944 2.772959 0.999933 -0.009389 0.006767 0.000064 0.062000 1.076000 0.014000 -0.400000 0.000000 
0.769452 -1.078436 2.771937 0.999933 -0.009411 0.006714 0.000063 0.060000 1.077000 0.016000 -0.400000 0.000000 
0.762251 -1.090102 2.770797 0.999933 -0.009513 0.006652 0.000063 0.064000 1.083000 0.015000 -0.400000 0.000000 
0.774737 -1.090363 2.769053 0.999932 -0.009515 0.006760 0.000064 0.064000 1.083000 0.015000 -0.400000 0.000000 
0.776563 -1.089270 2.766020 0.999932 -0.009505 0.006776 0.000064 0.070000 1.081000 0.014000 -0.400000 0.000000 
0.771111 -1.086893 2.764668 0.999932 -0.009485 0.006729 0.000064 0.070000 1.081000 0.013000 -0.400000 0.000000 
0.767276 -1.084916 2.768208 0.999933 -0.009467 0.006695 0.000063 0.071000 1.080000 0.013000 -0.400000 0.000000 
0.769977 -1.087989 2.772856 0.999932 -0.009494 0.006719 0.000064 0.068000 1.084000 0.012000 -0.400000 0.000000 
0.774523 -1.075735 2.773152 0.999933 -0.009387 0.006759 0.000063 0.071000 1.082000 0.014000 -0.400000 0.000000 
0.781459 -1.075988 2.772387 0.999933 -0.009389 0.006819 0.000064 0.069000 1.086000 0.013000 -0.400000 0.000000 
0.785828 -1.068258 2.775672 0.999933 -0.009322 0.006857 0.000064 0.068000 1.089000 0.012000 -0.400000 0.000000 
0.791871 -1.080910 2.778680 0.999932 -0.009432 0.006910 0.000065 0.069000 1.086000 0.014000 -0.400000 0.000000 
0.792400 -1.087322 2.782155 0.999931 -0.009488 0.006915 0.000066 0.067000 1.085000 0.013000 -0.400000 0.000000 
0.781013 -1.086227 2.777447 0.999932 -0.009479 0.006815 0.000065 0.068000 1.087000 0.015000 -0.400000 0.000000 
0.784432 -1.087994 2.781582 0.999932 -0.009494 0.006845 0.000065 0.070000 1.088000 0.014000 -0.400000 0.000000 
0.794001 -1.079060 2.785152 0.999932 -0.009416 0.006929 0.000065 0.068000 1.086000 0.015000 -0.400000 0.000000 
0.784978 -1.087916 2.784017 0.999931 -0.009493 0.006850 0.000065 0.066000 1.086000 0.014000 -0.400000 0.000000 
0.770019 -1.087544 2.783939 0.999932 -0.009490 0.006719 0.000064 0.068000 1.087000 0.012000 -0.400000 0.000000 
0.766959 -1.091511 2.786149 0.999932 -0.009525 0.006693 0.000064 0.070000 1.084000 0.014000 -0.400000 0.000000 
0.766331 -1.103675 2.786166 0.999931 -0.009631 0.006687 0.000064 0.070000 1.084000 0.013000 -0.400000 0.000000 
0.770782 -1.111963 2.786693 0.999930 -0.009703 0.006726 0.000065 0.065000 1.082000 0.015000 -0.400000 0.000000 
0.761706 -1.103725 2.787899 0.999932 -0.009631 0.006647 0.000064 0.063000 1.084000 0.014000 -0.400000 0.000000 
0.748757 -1.091763 2.786038 0.999933 -0.009527 0.006534 0.000062 0.063000 1.082000 0.015000 -0.400000 0.000000 
0.747300 -1.089441 2.784402 0.999934 -0.009507 0.006521 0.000062 0.065000 1.084000 0.016000 -0.400000 0.000000 
0.750199 -1.082150 2.788003 0.999934 -0.009443 0.006546 0.000062 0.065000 1.085000 0.014000 -0.400000 0.000000 
0.759469 -1.074310 2.790326 0.999934 -0.009375 0.006627 0.000062 0.071000 1.087000 0.015000 -0.400000 0.000000 
0.765426 -1.073034 2.792573 0.999934 -0.009364 0.006679 0.000063 0.075000 1.089000 0.015000 -0.400000 0.000000 
0.785996 -1.070402 2.792090 0.999933 -0.009341 0.006859 0.000064 0.074000 1.089000 0.013000 -0.400000 0.000000 
0.781027 -1.073163 2.793118 0.999933 -0.009365 0.006815 0.000064 0.073000 1.087000 0.014000 -0.400000 0.000000 
0.781736 -1.078153 2.796252 0.999932 -0.009408 0.006822 0.000064 0.072000 1.085000 0.013000 -0.400000 0.000000 
0.784375 -1.083794 2.799134 0.999932 -0.009458 0.006845 0.000065 0.070000 1.085000 0.011000 -0.400000 0.000000 
0.790879 -1.090376 2.800723 0.999931 -0.009515 0.006901 0.000066 0.065000 1.087000 0.012000 -0.400000 0.000000 
0.791172 -1.095815 2.805435 0.999930 -0.009562 0.006904 0.000066 0.062000 1.092000 0.014000 -0.400000 0.000000 
0.780504 -1.092155 2.810215 0.999931 -0.009530 0.006811 0.000065 0.063000 1.093000 0.015000 -0.400000 0.000000 
0.766029 -1.078043 2.810971 0.999933 -0.009407 0.006685 0.000063 0.060000 1.094000 0.016000 -0.400000 0.000000 
0.772363 -1.073283 2.808089 0.999933 -0.009366 0.006740 0.000063 0.063000 1.092000 0.014000 -0.400000 0.000000 
0.781637 -1.064653 2.808416 0.999934 -0.009290 0.006821 0.000063 0.062000 1.092000 0.015000 -0.400000 0.000000 
0.774727 -1.069838 2.808549 0.999934 -0.009336 0.006760 0.000063 0.064000 1.093000 0.023000 -0.400000 0.000000 
0.779147 -1.065130 2.808975 0.999934 -0.009295 0.006799 0.000063 0.062000 1.093000 0.016000 -0.400000 0.000000 
0.770387 -1.055188 2.808573 0.999935 -0.009208 0.006723 0.000062 0.060000 1.092000 0.016000 -0.400000 0.000000 
0.760766 -1.056932 2.809899 0.999935 -0.009223 0.006639 0.000061 0.059000 1.090000 0.015000 -0.400000 0.000000 
0.757911 -1.061693 2.810256 0.999935 -0.009265 0.006614 0.000061 0.057000 1.089000 0.014000 -0.400000 0.000000 
0.766638 -1.064192 2.809328 0.999934 -0.009286 0.006690 0.000062 0.057000 1.088000 0.016000 -0.400000 0.000000 
0.758714 -1.066373 2.807369 0.999935 -0.009306 0.006621 0.000062 0.057000 1.085000 0.016000 -0.400000 0.000000 
0.764506 -1.068741 2.803954 0.999934 -0.009326 0.006671 0.000062 0.054000 1.083000 0.015000 -0.400000 0.000000 
0.767278 -1.078594 2.801671 0.999933 -0.009412 0.006695 0.000063 0.053000 1.084000 0.016000 -0.400000 0.000000 
0.761337 -1.079046 2.798968 0.999934 -0.009416 0.006644 0.000063 0.054000 1.083000 0.015000 -0.400000 0.000000 
0.762794 -1.080554 2.800249 0.999933 -0.009429 0.006656 0.000063 0.057000 1.084000 0.014000 -0.400000 0.000000 
0.767335 -1.076330 2.803904 0.999933 -0.009392 0.006696 0.000063 0.057000 1.086000 0.016000 -0.400000 0.000000 
0.757701 -1.077402 2.803288 0.999934 -0.009402 0.006612 0.000062 0.055000 1.088000 0.015000 -0.400000 0.000000 
0.761638 -1.081624 2.800197 0.999933 -0.009439 0.006646 0.000063 0.056000 1.086000 0.014000 -0.400000 0.000000 
0.760524 -1.075952 2.807031 0.999934 -0.009389 0.006636 0.000062 0.055000 1.086000 0.015000 -0.400000 0.000000 
0.761452 -1.070472 2.811106 0.999934 -0.009341 0.006645 0.000062 0.056000 1.086000 0.014000 -0.400000 0.000000 
0.765826 -1.069753 2.810320 0.999934 -0.009335 0.006683 0.000062 0.054000 1.085000 0.013000 -0.400000 0.000000 
0.759636 -1.067197 2.809587 0.999935 -0.009313 0.006629 0.000062 0.054000 1.082000 0.013000 -0.400000 0.000000 
0.765976 -1.067175 2.808703 0.999934 -0.009313 0.006684 0.000062 0.053000 1.079000 0.015000 -0.400000 0.000000 
0.775023 -1.063157 2.810690 0.999934 -0.009277 0.006763 0.000063 0.052000 1.079000 0.013000 -0.400000 0.000000 
0.755136 -1.058663 2.810808 0.999936 -0.009238 0.006589 0.000061 0.053000 1.077000 0.013000 -0.400000 0.000000 
0.752003 -1.067083 2.805260 0.999935 -0.009312 0.006562 0.000061 0.054000 1.076000 0.013000 -0.400000 0.000000 
0.755107 -1.068761 2.808250 0.999935 -0.009326 0.006589 0.000061 0.053000 1.077000 0.015000 -0.400000 0.000000 
0.751977 -1.075320 2.816415 0.999934 -0.009384 0.006562 0.000062 0.056000 1.075000 0.012000 -0.400000 0.000000 
0.759215 -1.064208 2.817771 0.999935 -0.009287 0.006625 0.000062 0.054000 1.081000 0.014000 -0.400000 0.000000 
0.751834 -1.058137 2.816029 0.999936 -0.009234 0.006561 0.000061 0.054000 1.083000 0.016000 -0.400000 0.000000 
0.744027 -1.070862 2.814920 0.999935 -0.009345 0.006493 0.000061 0.054000 1.083000 0.013000 -0.400000 0.000000 
0.744298 -1.061603 2.813817 0.999936 -0.009264 0.006495 0.000060 0.052000 1.084000 0.015000 -0.400000 0.000000 
0.747663 -1.065578 2.811894 0.999936 -0.009299 0.006524 0.000061 0.051000 1.086000 0.016000 -0.400000 0.000000 
0.739987 -1.066486 2.814348 0.999936 -0.009307 0.006457 0.000060 0.052000 1.086000 0.012000 -0.400000 0.000000 
0.729641 -1.061487 2.814367 0.999937 -0.009263 0.006367 0.000059 0.056000 1.088000 0.014000 -0.400000 0.000000 
0.728796 -1.063612 2.816113 0.999937 -0.009281 0.006360 0.000059 0.056000 1.090000 0.015000 -0.400000 0.000000 
0.735891 -1.068252 2.813511 0.999936 -0.009322 0.006422 0.000060 0.055000 1.091000 0.013000 -0.400000 0.000000 
0.733379 -1.063123 2.808712 0.999936 -0.009277 0.006400 0.000059 0.055000 1.092000 0.014000 -0.400000 0.000000 
0.728545 -1.053513 2.809486 0.999938 -0.009193 0.006357 0.000058 0.056000 1.093000 0.017000 -0.400000 0.000000 
0.728760 -1.061198 2.810654 0.999937 -0.009260 0.006359 0.000059 0.056000 1.094000 0.013000 -0.400000 0.000000 
0.744393 -1.051195 2.814101 0.999937 -0.009173 0.006496 0.000060 0.056000 1.094000 0.013000 -0.400000 0.000000 
0.737756 -1.051673 2.812612 0.999937 -0.009177 0.006438 0.000059 0.055000 1.095000 0.015000 -0.400000 0.000000 
0.735963 -1.060351 2.813767 0.999937 -0.009253 0.006422 0.000059 0.054000 1.095000 0.012000 -0.400000 0.000000 
0.727745 -1.062515 2.815268 0.999937 -0.009272 0.006350 0.000059 0.053000 1.091000 0.014000 -0.400000 0.000000 
0.718896 -1.086573 2.817164 0.999935 -0.009482 0.006273 0.000059 0.055000 1.091000 0.014000 -0.400000 0.000000 
0.729029 -1.076452 2.813516 0.999936 -0.009393 0.006362 0.000060 0.054000 1.089000 0.014000 -0.400000 0.000000 
0.729521 -1.084423 2.811499 0.999935 -0.009463 0.006366 0.000060 0.058000 1.090000 0.014000 -0.400000 0.000000 
Hello Junta. Starting Potato Controller now
imu.begin()-IMU comm & initialize completed 
imu.dmpBegin() suceeded
IMU SETUP COMPLETED
