ISO-10303-21;
HEADER;
FILE_DESCRIPTION (( 'STEP AP203' ),
    '1' );
FILE_NAME ('frame_Default_sldprt.STEP',
    '2016-07-29T06:56:39',
    ( '' ),
    ( '' ),
    'SwSTEP 2.0',
    'SolidWorks 2016',
    '' );
FILE_SCHEMA (( 'CONFIG_CONTROL_DESIGN' ));
ENDSEC;

DATA;
#1 = CIRCLE ( 'NONE', #1111, 125.0000000000000000 ) ;
#2 = DIRECTION ( 'NONE',  ( -1.000000000000000000, 0.0000000000000000000, 0.0000000000000000000 ) ) ;
#3 = LINE ( 'NONE', #415, #701 ) ;
#4 = EDGE_LOOP ( 'NONE', ( #860, #396, #1133, #1219 ) ) ;
#5 = ORIENTED_EDGE ( 'NONE', *, *, #175, .T. ) ;
#6 = VERTEX_POINT ( 'NONE', #622 ) ;
#7 = DIRECTION ( 'NONE',  ( 0.0000000000000000000, 1.000000000000000000, -0.0000000000000000000 ) ) ;
#8 = DIRECTION ( 'NONE',  ( -1.000000000000000000, 0.0000000000000000000, 0.0000000000000000000 ) ) ;
#9 = CARTESIAN_POINT ( 'NONE',  ( -390.4159255998957300, -1.032233383327252300, 15.00000000000000000 ) ) ;
#10 = CIRCLE ( 'NONE', #895, 25.00000000000002100 ) ;
#11 = CIRCLE ( 'NONE', #916, 25.00000000000002100 ) ;
#12 = FACE_OUTER_BOUND ( 'NONE', #969, .T. ) ;
#13 = EDGE_CURVE ( 'NONE', #120, #1377, #444, .T. ) ;
#14 = CALENDAR_DATE ( 2016, 29, 7 ) ;
#15 = CARTESIAN_POINT ( 'NONE',  ( -390.4159255998957300, -1.032233383327252300, 50.00000000000000000 ) ) ;
#16 = EDGE_LOOP ( 'NONE', ( #1326, #138 ) ) ;
#17 = DIRECTION ( 'NONE',  ( 0.7071067811865513500, -0.7071067811865435800, 0.0000000000000000000 ) ) ;
#18 = ORIENTED_EDGE ( 'NONE', *, *, #607, .T. ) ;
#19 = ORIENTED_EDGE ( 'NONE', *, *, #770, .F. ) ;
#20 = DIRECTION ( 'NONE',  ( 0.0000000000000000000, 0.0000000000000000000, 1.000000000000000000 ) ) ;
#21 = DIRECTION ( 'NONE',  ( -0.0000000000000000000, -0.0000000000000000000, -1.000000000000000000 ) ) ;
#22 = ORIENTED_EDGE ( 'NONE', *, *, #1178, .T. ) ;
#23 = EDGE_CURVE ( 'NONE', #629, #90, #946, .T. ) ;
#24 = AXIS2_PLACEMENT_3D ( 'NONE', #677, #1254, #905 ) ;
#25 = DIRECTION ( 'NONE',  ( -1.000000000000000000, 0.0000000000000000000, 0.0000000000000000000 ) ) ;
#26 = DIRECTION ( 'NONE',  ( -0.0000000000000000000, -0.0000000000000000000, -1.000000000000000000 ) ) ;
#27 = CARTESIAN_POINT ( 'NONE',  ( -415.4159255998957900, -1.032233383327252300, 35.00000000000000000 ) ) ;
#28 = CARTESIAN_POINT ( 'NONE',  ( 415.0000000000001100, 3.061616997868383800E-015, 35.00000000000000000 ) ) ;
#29 = CARTESIAN_POINT ( 'NONE',  ( -365.4159255998957300, -1.032233383327249200, 35.00000000000000000 ) ) ;
#30 = DIRECTION ( 'NONE',  ( -3.491130995403321100E-015, 1.000000000000000000, 0.0000000000000000000 ) ) ;
#31 = FACE_OUTER_BOUND ( 'NONE', #381, .T. ) ;
#32 = VERTEX_POINT ( 'NONE', #176 ) ;
#33 = LINE ( 'NONE', #573, #164 ) ;
#34 = ADVANCED_FACE ( 'NONE', ( #512 ), #331, .T. ) ;
#35 = EDGE_CURVE ( 'NONE', #288, #425, #844, .T. ) ;
#36 = ORIENTED_EDGE ( 'NONE', *, *, #13, .F. ) ;
#37 = CARTESIAN_POINT ( 'NONE',  ( 0.0000000000000000000, -30.00000000000000000, 15.00000000000000000 ) ) ;
#38 = DIRECTION ( 'NONE',  ( -0.0000000000000000000, -0.0000000000000000000, -1.000000000000000000 ) ) ;
#39 = VERTEX_POINT ( 'NONE', #1378 ) ;
#40 = CARTESIAN_POINT ( 'NONE',  ( 30.00000000000000000, -430.0000000000000600, -15.00000000000000000 ) ) ;
#41 = VERTEX_POINT ( 'NONE', #400 ) ;
#42 = ORIENTED_EDGE ( 'NONE', *, *, #1278, .F. ) ;
#43 = DIRECTION ( 'NONE',  ( -1.000000000000000000, 0.0000000000000000000, 0.0000000000000000000 ) ) ;
#44 = ORIENTED_EDGE ( 'NONE', *, *, #1396, .F. ) ;
#45 = PLANE ( 'NONE',  #88 ) ;
#46 = CARTESIAN_POINT ( 'NONE',  ( -430.0000000000000600, 30.00000000000000000, -15.00000000000000000 ) ) ;
#47 = EDGE_LOOP ( 'NONE', ( #117, #300, #971, #333 ) ) ;
#48 = ORIENTED_EDGE ( 'NONE', *, *, #934, .T. ) ;
#49 = CARTESIAN_POINT ( 'NONE',  ( 25.30815389171988600, -390.7240794916115200, 35.00000000000000000 ) ) ;
#50 = CYLINDRICAL_SURFACE ( 'NONE', #583, 25.00000000000000700 ) ;
#51 = LINE ( 'NONE', #505, #1180 ) ;
#52 = FACE_BOUND ( 'NONE', #1280, .T. ) ;
#53 = DIRECTION ( 'NONE',  ( 1.000000000000000000, 0.0000000000000000000, 0.0000000000000000000 ) ) ;
#54 = CARTESIAN_POINT ( 'NONE',  ( 30.00000000000000000, 0.0000000000000000000, 15.00000000000000000 ) ) ;
#55 = CIRCLE ( 'NONE', #641, 2.500000000000002200 ) ;
#56 = EDGE_CURVE ( 'NONE', #1050, #410, #1290, .T. ) ;
#57 = ORIENTED_EDGE ( 'NONE', *, *, #1103, .T. ) ;
#58 = AXIS2_PLACEMENT_3D ( 'NONE', #290, #809, #1063 ) ;
#59 = ORIENTED_EDGE ( 'NONE', *, *, #35, .F. ) ;
#60 = ADVANCED_FACE ( 'NONE', ( #1182 ), #296, .T. ) ;
#61 = DIRECTION ( 'NONE',  ( 0.0000000000000000000, 0.0000000000000000000, 1.000000000000000000 ) ) ;
#62 = EDGE_LOOP ( 'NONE', ( #651, #812, #1186, #22 ) ) ;
#63 = CARTESIAN_POINT ( 'NONE',  ( 430.0000000000000600, -30.00000000000000000, -15.00000000000000000 ) ) ;
#64 = EDGE_CURVE ( 'NONE', #1112, #956, #263, .T. ) ;
#65 = PLANE ( 'NONE',  #570 ) ;
#66 = CARTESIAN_POINT ( 'NONE',  ( -0.2079627999478361700, -0.5161166916636261700, -15.00000000000000000 ) ) ;
#67 = VECTOR ( 'NONE', #556, 1000.000000000000000 ) ;
#68 = VECTOR ( 'NONE', #179, 999.9999999999998900 ) ;
#69 = FACE_OUTER_BOUND ( 'NONE', #376, .T. ) ;
#70 = DIRECTION ( 'NONE',  ( -1.000000000000000000, 0.0000000000000000000, 0.0000000000000000000 ) ) ;
#71 = EDGE_CURVE ( 'NONE', #1309, #850, #224, .T. ) ;
#72 = VERTEX_POINT ( 'NONE', #1283 ) ;
#73 = ORIENTED_EDGE ( 'NONE', *, *, #1103, .F. ) ;
#74 = DIRECTION ( 'NONE',  ( 0.0000000000000000000, 0.0000000000000000000, 1.000000000000000000 ) ) ;
#75 =( GEOMETRIC_REPRESENTATION_CONTEXT ( 3 ) GLOBAL_UNCERTAINTY_ASSIGNED_CONTEXT ( ( #1390 ) ) GLOBAL_UNIT_ASSIGNED_CONTEXT ( ( #885, #1358, #362 ) ) REPRESENTATION_CONTEXT ( 'NONE', 'WORKASPACE' ) );
#76 = ORIENTED_EDGE ( 'NONE', *, *, #968, .T. ) ;
#77 = ORIENTED_EDGE ( 'NONE', *, *, #740, .F. ) ;
#78 = DIRECTION ( 'NONE',  ( 0.0000000000000000000, -1.000000000000000000, 0.0000000000000000000 ) ) ;
#79 = CARTESIAN_POINT ( 'NONE',  ( 121.0098849868395900, 30.00000000000000000, 15.00000000000000000 ) ) ;
#80 = AXIS2_PLACEMENT_3D ( 'NONE', #417, #414, #1313 ) ;
#81 = FACE_OUTER_BOUND ( 'NONE', #883, .T. ) ;
#82 = VECTOR ( 'NONE', #1085, 1000.000000000000000 ) ;
#83 = LINE ( 'NONE', #590, #1076 ) ;
#84 = CYLINDRICAL_SURFACE ( 'NONE', #399, 25.00000000000002100 ) ;
#85 = ORIENTED_EDGE ( 'NONE', *, *, #456, .T. ) ;
#86 = EDGE_CURVE ( 'NONE', #584, #100, #51, .T. ) ;
#87 = ORIENTED_EDGE ( 'NONE', *, *, #702, .T. ) ;
#88 = AXIS2_PLACEMENT_3D ( 'NONE', #251, #1118, #909 ) ;
#89 = ORIENTED_EDGE ( 'NONE', *, *, #1093, .F. ) ;
#90 = VERTEX_POINT ( 'NONE', #181 ) ;
#91 = LOCAL_TIME ( 12, 26, 39.00000000000000000, #1247 ) ;
#92 = DIRECTION ( 'NONE',  ( 0.7071067811865515700, -0.7071067811865435800, 0.0000000000000000000 ) ) ;
#93 = EDGE_CURVE ( 'NONE', #1398, #1245, #914, .T. ) ;
#94 = VECTOR ( 'NONE', #671, 1000.000000000000000 ) ;
#95 = AXIS2_PLACEMENT_3D ( 'NONE', #559, #1331, #656 ) ;
#96 = FACE_OUTER_BOUND ( 'NONE', #1261, .T. ) ;
#97 = LINE ( 'NONE', #504, #1040 ) ;
#98 = ORIENTED_EDGE ( 'NONE', *, *, #1017, .T. ) ;
#99 = DIRECTION ( 'NONE',  ( 0.0000000000000000000, 0.0000000000000000000, 1.000000000000000000 ) ) ;
#100 = VERTEX_POINT ( 'NONE', #828 ) ;
#101 = EDGE_CURVE ( 'NONE', #410, #321, #952, .T. ) ;
#102 = DIRECTION ( 'NONE',  ( -1.000000000000000000, 0.0000000000000000000, 0.0000000000000000000 ) ) ;
#103 = ORIENTED_EDGE ( 'NONE', *, *, #172, .F. ) ;
#104 = EDGE_CURVE ( 'NONE', #780, #186, #758, .T. ) ;
#105 = ORIENTED_EDGE ( 'NONE', *, *, #1396, .T. ) ;
#106 = ORIENTED_EDGE ( 'NONE', *, *, #681, .T. ) ;
#107 = CARTESIAN_POINT ( 'NONE',  ( -30.00000000000000000, 120.8817190364526700, -15.00000000000000000 ) ) ;
#108 = CARTESIAN_POINT ( 'NONE',  ( 430.0000000000000600, -30.00000000000000000, -15.00000000000000000 ) ) ;
#109 = COORDINATED_UNIVERSAL_TIME_OFFSET ( 5, 30, .AHEAD. ) ;
#110 = AXIS2_PLACEMENT_3D ( 'NONE', #967, #1080, #529 ) ;
#111 = LINE ( 'NONE', #1395, #295 ) ;
#112 = DIRECTION ( 'NONE',  ( 0.0000000000000000000, 1.000000000000000000, -0.0000000000000000000 ) ) ;
#113 = CIRCLE ( 'NONE', #1295, 25.00000000000002100 ) ;
#114 = CARTESIAN_POINT ( 'NONE',  ( -0.2079627999478361700, -0.5161166916636261700, -15.00000000000000000 ) ) ;
#115 = VECTOR ( 'NONE', #325, 1000.000000000000000 ) ;
#116 = EDGE_LOOP ( 'NONE', ( #870, #631 ) ) ;
#117 = ORIENTED_EDGE ( 'NONE', *, *, #335, .F. ) ;
#118 = DIRECTION ( 'NONE',  ( -0.0000000000000000000, -0.0000000000000000000, -1.000000000000000000 ) ) ;
#119 = EDGE_CURVE ( 'NONE', #774, #1101, #11, .T. ) ;
#120 = VERTEX_POINT ( 'NONE', #1039 ) ;
#121 = AXIS2_PLACEMENT_3D ( 'NONE', #163, #184, #831 ) ;
#122 = CARTESIAN_POINT ( 'NONE',  ( -0.0000000000000000000, -30.00000000000000000, -15.00000000000000000 ) ) ;
#123 = DIRECTION ( 'NONE',  ( -0.0000000000000000000, -0.0000000000000000000, -1.000000000000000000 ) ) ;
#124 = CARTESIAN_POINT ( 'NONE',  ( -0.2079627999478361700, -0.5161166916636261700, 15.00000000000000000 ) ) ;
#125 = DIRECTION ( 'NONE',  ( -1.000000000000000000, 0.0000000000000000000, 0.0000000000000000000 ) ) ;
#126 = CIRCLE ( 'NONE', #262, 125.0000000000000000 ) ;
#127 = PERSON_AND_ORGANIZATION ( #1296, #471 ) ;
#128 = LINE ( 'NONE', #654, #1194 ) ;
#129 = DIRECTION ( 'NONE',  ( 1.000000000000000000, 0.0000000000000000000, 0.0000000000000000000 ) ) ;
#130 = CARTESIAN_POINT ( 'NONE',  ( -0.0000000000000000000, 30.00000000000000000, -15.00000000000000000 ) ) ;
#131 = DIRECTION ( 'NONE',  ( -0.7071067811865516800, 0.7071067811865434600, 0.0000000000000000000 ) ) ;
#132 = VERTEX_POINT ( 'NONE', #1276 ) ;
#133 = DIRECTION ( 'NONE',  ( -1.000000000000000000, 0.0000000000000000000, 0.0000000000000000000 ) ) ;
#134 = ORIENTED_EDGE ( 'NONE', *, *, #1314, .T. ) ;
#135 = EDGE_LOOP ( 'NONE', ( #85, #1325 ) ) ;
#136 = ADVANCED_FACE ( 'NONE', ( #373, #279, #1360, #810, #1320, #731 ), #65, .T. ) ;
#137 = CARTESIAN_POINT ( 'NONE',  ( 0.0000000000000000000, 0.0000000000000000000, 0.0000000000000000000 ) ) ;
#138 = ORIENTED_EDGE ( 'NONE', *, *, #1143, .T. ) ;
#139 = CARTESIAN_POINT ( 'NONE',  ( 121.2650820497652400, -30.00000000000000000, -15.00000000000000000 ) ) ;
#140 = EDGE_CURVE ( 'NONE', #1364, #454, #55, .T. ) ;
#141 = EDGE_LOOP ( 'NONE', ( #1151, #1115, #200, #868 ) ) ;
#142 = CARTESIAN_POINT ( 'NONE',  ( -121.4258105867352700, 30.00000000000000000, -15.00000000000000000 ) ) ;
#143 = DIRECTION ( 'NONE',  ( 1.047339298620996300E-014, -1.000000000000000000, 0.0000000000000000000 ) ) ;
#144 = CARTESIAN_POINT ( 'NONE',  ( 121.2650820497652400, -30.00000000000000000, -15.00000000000000000 ) ) ;
#145 = ADVANCED_FACE ( 'NONE', ( #980 ), #84, .T. ) ;
#146 = DIRECTION ( 'NONE',  ( -0.0000000000000000000, -0.0000000000000000000, -1.000000000000000000 ) ) ;
#147 = CARTESIAN_POINT ( 'NONE',  ( -390.4159255998957300, -1.032233383327252300, 50.00000000000000000 ) ) ;
#148 = VECTOR ( 'NONE', #785, 1000.000000000000000 ) ;
#149 = VECTOR ( 'NONE', #825, 1000.000000000000000 ) ;
#150 = VECTOR ( 'NONE', #866, 1000.000000000000000 ) ;
#151 = ORIENTED_EDGE ( 'NONE', *, *, #388, .T. ) ;
#152 = CARTESIAN_POINT ( 'NONE',  ( -24.69184610828013100, -390.7240794916115200, 15.00000000000000000 ) ) ;
#153 = ORIENTED_EDGE ( 'NONE', *, *, #740, .T. ) ;
#154 = CARTESIAN_POINT ( 'NONE',  ( 387.5000000000000600, 0.0000000000000000000, 50.00000000000000000 ) ) ;
#155 = PRODUCT_DEFINITION_SHAPE ( 'NONE', 'NONE',  #604 ) ;
#156 = AXIS2_PLACEMENT_3D ( 'NONE', #271, #1043, #1159 ) ;
#157 = ADVANCED_FACE ( 'NONE', ( #595 ), #1407, .F. ) ;
#158 = AXIS2_PLACEMENT_3D ( 'NONE', #478, #589, #143 ) ;
#159 = CARTESIAN_POINT ( 'NONE',  ( -0.7240794916128247000, 389.6918461082842700, 50.00000000000000000 ) ) ;
#160 = CARTESIAN_POINT ( 'NONE',  ( 0.0000000000000000000, 30.00000000000000000, 15.00000000000000000 ) ) ;
#161 = CIRCLE ( 'NONE', #1350, 25.00000000000002100 ) ;
#162 = FACE_OUTER_BOUND ( 'NONE', #1098, .T. ) ;
#163 = CARTESIAN_POINT ( 'NONE',  ( 0.0000000000000000000, -30.00000000000000000, -15.00000000000000000 ) ) ;
#164 = VECTOR ( 'NONE', #696, 1000.000000000000000 ) ;
#165 = EDGE_CURVE ( 'NONE', #528, #515, #247, .T. ) ;
#166 = ORIENTED_EDGE ( 'NONE', *, *, #101, .F. ) ;
#167 = DIRECTION ( 'NONE',  ( -1.000000000000000000, 0.0000000000000000000, 0.0000000000000000000 ) ) ;
#168 = AXIS2_PLACEMENT_3D ( 'NONE', #768, #445, #125 ) ;
#169 = VERTEX_POINT ( 'NONE', #974 ) ;
#170 = ORIENTED_EDGE ( 'NONE', *, *, #397, .F. ) ;
#171 = CARTESIAN_POINT ( 'NONE',  ( -390.4159255998957300, -1.032233383327252300, 15.00000000000000000 ) ) ;
#172 = EDGE_CURVE ( 'NONE', #356, #321, #209, .T. ) ;
#173 = EDGE_LOOP ( 'NONE', ( #562, #358, #1383, #1312 ) ) ;
#174 = DIRECTION ( 'NONE',  ( -0.7071067811865516800, 0.7071067811865434600, -0.0000000000000000000 ) ) ;
#175 = EDGE_CURVE ( 'NONE', #269, #1112, #795, .T. ) ;
#176 = CARTESIAN_POINT ( 'NONE',  ( -121.4258105867352700, 30.00000000000000000, 15.00000000000000000 ) ) ;
#177 = CARTESIAN_POINT ( 'NONE',  ( -0.7240794916128247000, 389.6918461082842700, 50.00000000000000000 ) ) ;
#178 = LOCAL_TIME ( 12, 26, 39.00000000000000000, #1053 ) ;
#179 = DIRECTION ( 'NONE',  ( -0.7071067811865435800, -0.7071067811865515700, -0.0000000000000000000 ) ) ;
#180 = LINE ( 'NONE', #797, #1315 ) ;
#181 = CARTESIAN_POINT ( 'NONE',  ( -30.00000000000000000, 430.0000000000000600, -15.00000000000000000 ) ) ;
#182 = CIRCLE ( 'NONE', #413, 2.500000000000002200 ) ;
#183 = LINE ( 'NONE', #1188, #1145 ) ;
#184 = DIRECTION ( 'NONE',  ( 0.0000000000000000000, 1.000000000000000000, -0.0000000000000000000 ) ) ;
#185 = EDGE_CURVE ( 'NONE', #603, #132, #3, .T. ) ;
#186 = VERTEX_POINT ( 'NONE', #192 ) ;
#187 = DIRECTION ( 'NONE',  ( 1.000000000000000000, 0.0000000000000000000, 0.0000000000000000000 ) ) ;
#188 = ORIENTED_EDGE ( 'NONE', *, *, #1349, .F. ) ;
#189 = EDGE_CURVE ( 'NONE', #41, #617, #875, .T. ) ;
#190 = PLANE ( 'NONE',  #803 ) ;
#191 = FACE_OUTER_BOUND ( 'NONE', #736, .T. ) ;
#192 = CARTESIAN_POINT ( 'NONE',  ( -30.00000000000000000, -121.9139524197799200, 15.00000000000000000 ) ) ;
#193 = LINE ( 'NONE', #144, #451 ) ;
#194 = CIRCLE ( 'NONE', #824, 2.500000000000002200 ) ;
#195 = CARTESIAN_POINT ( 'NONE',  ( 30.00000000000000000, 120.7788913815335500, -15.00000000000000000 ) ) ;
#196 = ORIENTED_EDGE ( 'NONE', *, *, #1376, .F. ) ;
#197 = EDGE_CURVE ( 'NONE', #629, #1198, #1059, .T. ) ;
#198 = ORIENTED_EDGE ( 'NONE', *, *, #64, .T. ) ;
#199 = DIRECTION ( 'NONE',  ( -0.0000000000000000000, -0.0000000000000000000, -1.000000000000000000 ) ) ;
#200 = ORIENTED_EDGE ( 'NONE', *, *, #197, .F. ) ;
#201 = DIRECTION ( 'NONE',  ( 0.0000000000000000000, 0.0000000000000000000, 1.000000000000000000 ) ) ;
#202 = CARTESIAN_POINT ( 'NONE',  ( -121.6810076496609100, -30.00000000000000000, -15.00000000000000000 ) ) ;
#203 = DIRECTION ( 'NONE',  ( 1.000000000000000000, 0.0000000000000000000, 0.0000000000000000000 ) ) ;
#204 = EDGE_CURVE ( 'NONE', #1185, #938, #476, .T. ) ;
#205 = PERSON_AND_ORGANIZATION ( #1296, #471 ) ;
#206 = VECTOR ( 'NONE', #123, 1000.000000000000000 ) ;
#207 = CARTESIAN_POINT ( 'NONE',  ( 0.0000000000000000000, 430.0000000000000600, -15.00000000000000000 ) ) ;
#208 = CYLINDRICAL_SURFACE ( 'NONE', #563, 2.500000000000002200 ) ;
#209 = LINE ( 'NONE', #754, #1211 ) ;
#210 = ORIENTED_EDGE ( 'NONE', *, *, #272, .T. ) ;
#211 = CARTESIAN_POINT ( 'NONE',  ( -5.834664758178121200, -5.834664758178187900, 25.00000000000000000 ) ) ;
#212 = CARTESIAN_POINT ( 'NONE',  ( 30.00000000000000000, -121.8111247648608100, 15.00000000000000000 ) ) ;
#213 = ORIENTED_EDGE ( 'NONE', *, *, #23, .F. ) ;
#214 = AXIS2_PLACEMENT_3D ( 'NONE', #973, #92, #854 ) ;
#215 = ORIENTED_EDGE ( 'NONE', *, *, #1306, .F. ) ;
#216 = ORIENTED_EDGE ( 'NONE', *, *, #437, .T. ) ;
#217 = DIRECTION ( 'NONE',  ( 0.0000000000000000000, -1.000000000000000000, 0.0000000000000000000 ) ) ;
#218 = CARTESIAN_POINT ( 'NONE',  ( -390.4159255998957300, -1.032233383327252300, 35.00000000000000000 ) ) ;
#219 = DIRECTION ( 'NONE',  ( 1.000000000000000000, 0.0000000000000000000, 0.0000000000000000000 ) ) ;
#220 = AXIS2_PLACEMENT_3D ( 'NONE', #1269, #1149, #924 ) ;
#221 = CIRCLE ( 'NONE', #158, 2.500000000000002200 ) ;
#222 = CIRCLE ( 'NONE', #292, 25.00000000000002100 ) ;
#223 = DIRECTION ( 'NONE',  ( -1.000000000000000000, 0.0000000000000000000, 0.0000000000000000000 ) ) ;
#224 = LINE ( 'NONE', #498, #1392 ) ;
#225 = ORIENTED_EDGE ( 'NONE', *, *, #723, .T. ) ;
#226 = DIRECTION ( 'NONE',  ( 0.0000000000000000000, 0.0000000000000000000, 1.000000000000000000 ) ) ;
#227 = EDGE_LOOP ( 'NONE', ( #836, #852 ) ) ;
#228 = PLANE ( 'NONE',  #1330 ) ;
#229 = EDGE_CURVE ( 'NONE', #759, #735, #183, .T. ) ;
#230 = ORIENTED_EDGE ( 'NONE', *, *, #412, .F. ) ;
#231 = AXIS2_PLACEMENT_3D ( 'NONE', #114, #976, #997 ) ;
#232 = CARTESIAN_POINT ( 'NONE',  ( -0.2079627999478361700, -0.5161166916636261700, 15.00000000000000000 ) ) ;
#233 = DIRECTION ( 'NONE',  ( -3.512815038853031200E-015, 1.000000000000000000, 0.0000000000000000000 ) ) ;
#234 = CARTESIAN_POINT ( 'NONE',  ( -2.191846108280144400, -390.7240794916115200, 50.00000000000000000 ) ) ;
#235 = ORIENTED_EDGE ( 'NONE', *, *, #1223, .T. ) ;
#236 = ADVANCED_FACE ( 'NONE', ( #557 ), #1128, .T. ) ;
#237 = SECURITY_CLASSIFICATION_LEVEL ( 'unclassified' ) ;
#238 = DIRECTION ( 'NONE',  ( -1.000000000000000000, 0.0000000000000000000, 0.0000000000000000000 ) ) ;
#239 = CARTESIAN_POINT ( 'NONE',  ( 430.0000000000000600, 0.0000000000000000000, -15.00000000000000000 ) ) ;
#240 = PERSON_AND_ORGANIZATION ( #1296, #471 ) ;
#241 = FACE_OUTER_BOUND ( 'NONE', #1340, .T. ) ;
#242 = EDGE_CURVE ( 'NONE', #1239, #614, #1023, .T. ) ;
#243 = VECTOR ( 'NONE', #1189, 1000.000000000000000 ) ;
#244 = ADVANCED_FACE ( 'NONE', ( #918 ), #1300, .F. ) ;
#245 = CARTESIAN_POINT ( 'NONE',  ( 390.0000000000000600, 0.0000000000000000000, 35.00000000000000000 ) ) ;
#246 = DIRECTION ( 'NONE',  ( -0.7071067811865434600, -0.7071067811865516800, 0.0000000000000000000 ) ) ;
#247 = LINE ( 'NONE', #1190, #1150 ) ;
#248 = CARTESIAN_POINT ( 'NONE',  ( 30.00000000000000000, 0.0000000000000000000, -15.00000000000000000 ) ) ;
#249 = ORIENTED_EDGE ( 'NONE', *, *, #1028, .T. ) ;
#250 = ORIENTED_EDGE ( 'NONE', *, *, #1028, .F. ) ;
#251 = CARTESIAN_POINT ( 'NONE',  ( 0.3081538917198772300, -390.7240794916115200, 35.00000000000000000 ) ) ;
#252 = VERTEX_POINT ( 'NONE', #534 ) ;
#253 = AXIS2_PLACEMENT_3D ( 'NONE', #1199, #853, #419 ) ;
#254 = ORIENTED_EDGE ( 'NONE', *, *, #1252, .T. ) ;
#255 = ORIENTED_EDGE ( 'NONE', *, *, #93, .T. ) ;
#256 = CC_DESIGN_DATE_AND_TIME_ASSIGNMENT ( #725, #1248, ( #604 ) ) ;
#257 = DIRECTION ( 'NONE',  ( -1.000000000000000000, 0.0000000000000000000, 0.0000000000000000000 ) ) ;
#258 = ADVANCED_FACE ( 'NONE', ( #597 ), #298, .T. ) ;
#259 = DIRECTION ( 'NONE',  ( -0.0000000000000000000, -0.0000000000000000000, -1.000000000000000000 ) ) ;
#260 = EDGE_CURVE ( 'NONE', #454, #1364, #1408, .T. ) ;
#261 = FACE_OUTER_BOUND ( 'NONE', #1049, .T. ) ;
#262 = AXIS2_PLACEMENT_3D ( 'NONE', #661, #453, #440 ) ;
#263 = LINE ( 'NONE', #160, #627 ) ;
#264 = ORIENTED_EDGE ( 'NONE', *, *, #308, .F. ) ;
#265 = CARTESIAN_POINT ( 'NONE',  ( 30.00000000000000000, -121.8111247648608100, -15.00000000000000000 ) ) ;
#266 = ORIENTED_EDGE ( 'NONE', *, *, #507, .T. ) ;
#267 = ORIENTED_EDGE ( 'NONE', *, *, #856, .F. ) ;
#268 = DIRECTION ( 'NONE',  ( -0.0000000000000000000, 0.0000000000000000000, 1.000000000000000000 ) ) ;
#269 = VERTEX_POINT ( 'NONE', #855 ) ;
#270 = VERTEX_POINT ( 'NONE', #522 ) ;
#271 = CARTESIAN_POINT ( 'NONE',  ( 390.0000000000000600, 0.0000000000000000000, 50.00000000000000000 ) ) ;
#272 = EDGE_CURVE ( 'NONE', #514, #1309, #542, .T. ) ;
#273 = DIRECTION ( 'NONE',  ( 0.0000000000000000000, 1.000000000000000000, -0.0000000000000000000 ) ) ;
#274 = DIRECTION ( 'NONE',  ( -0.0000000000000000000, -0.0000000000000000000, -1.000000000000000000 ) ) ;
#275 = APPROVAL_PERSON_ORGANIZATION ( #857, #816, #347 ) ;
#276 = FACE_OUTER_BOUND ( 'NONE', #4, .T. ) ;
#277 = FACE_OUTER_BOUND ( 'NONE', #319, .T. ) ;
#278 = EDGE_CURVE ( 'NONE', #1198, #32, #846, .T. ) ;
#279 = FACE_BOUND ( 'NONE', #903, .T. ) ;
#280 = CARTESIAN_POINT ( 'NONE',  ( -0.7240794916128247000, 389.6918461082842700, 50.00000000000000000 ) ) ;
#281 = ORIENTED_EDGE ( 'NONE', *, *, #551, .T. ) ;
#282 = ORIENTED_EDGE ( 'NONE', *, *, #1086, .T. ) ;
#283 = CALENDAR_DATE ( 2016, 29, 7 ) ;
#284 = PLANE ( 'NONE',  #1361 ) ;
#285 = ORIENTED_EDGE ( 'NONE', *, *, #357, .F. ) ;
#286 = DIRECTION ( 'NONE',  ( 0.7071067811865513500, -0.7071067811865435800, 0.0000000000000000000 ) ) ;
#287 = ORIENTED_EDGE ( 'NONE', *, *, #1017, .F. ) ;
#288 = VERTEX_POINT ( 'NONE', #212 ) ;
#289 = DIRECTION ( 'NONE',  ( 1.047339298620996300E-014, -1.000000000000000000, 0.0000000000000000000 ) ) ;
#290 = CARTESIAN_POINT ( 'NONE',  ( 390.0000000000000600, 0.0000000000000000000, 35.00000000000000000 ) ) ;
#291 = ORIENTED_EDGE ( 'NONE', *, *, #1270, .F. ) ;
#292 = AXIS2_PLACEMENT_3D ( 'NONE', #882, #1335, #343 ) ;
#293 = DIRECTION ( 'NONE',  ( 0.0000000000000000000, 1.000000000000000000, -0.0000000000000000000 ) ) ;
#294 = DIRECTION ( 'NONE',  ( 1.000000000000000000, 0.0000000000000000000, 0.0000000000000000000 ) ) ;
#295 = VECTOR ( 'NONE', #294, 1000.000000000000000 ) ;
#296 = CYLINDRICAL_SURFACE ( 'NONE', #842, 2.500000000000002200 ) ;
#297 = LINE ( 'NONE', #211, #1422 ) ;
#298 = CYLINDRICAL_SURFACE ( 'NONE', #253, 125.0000000000000000 ) ;
#299 = EDGE_CURVE ( 'NONE', #621, #548, #436, .T. ) ;
#300 = ORIENTED_EDGE ( 'NONE', *, *, #681, .F. ) ;
#301 = AXIS2_PLACEMENT_3D ( 'NONE', #704, #911, #238 ) ;
#302 = CARTESIAN_POINT ( 'NONE',  ( 1.775920508387196900, 389.6918461082842700, 50.00000000000000000 ) ) ;
#303 = ORIENTED_EDGE ( 'NONE', *, *, #794, .F. ) ;
#304 = DIRECTION ( 'NONE',  ( -0.7071067811865516800, 0.7071067811865434600, -0.0000000000000000000 ) ) ;
#305 = ORIENTED_EDGE ( 'NONE', *, *, #1376, .T. ) ;
#306 = CARTESIAN_POINT ( 'NONE',  ( 0.3081538917198772300, -390.7240794916115200, 35.00000000000000000 ) ) ;
#307 = DIRECTION ( 'NONE',  ( -1.000000000000000000, 0.0000000000000000000, 0.0000000000000000000 ) ) ;
#308 = EDGE_CURVE ( 'NONE', #584, #614, #1108, .T. ) ;
#309 = AXIS2_PLACEMENT_3D ( 'NONE', #9, #555, #223 ) ;
#310 = DIRECTION ( 'NONE',  ( 0.0000000000000000000, 0.0000000000000000000, -1.000000000000000000 ) ) ;
#311 = COORDINATED_UNIVERSAL_TIME_OFFSET ( 5, 30, .AHEAD. ) ;
#312 = DIRECTION ( 'NONE',  ( -1.000000000000000000, 0.0000000000000000000, 0.0000000000000000000 ) ) ;
#313 = VECTOR ( 'NONE', #1091, 1000.000000000000000 ) ;
#314 = FACE_OUTER_BOUND ( 'NONE', #958, .T. ) ;
#315 = DIRECTION ( 'NONE',  ( -3.512815038853031200E-015, 1.000000000000000000, 0.0000000000000000000 ) ) ;
#316 = ORIENTED_EDGE ( 'NONE', *, *, #175, .F. ) ;
#317 = ORIENTED_EDGE ( 'NONE', *, *, #1048, .T. ) ;
#318 = EDGE_LOOP ( 'NONE', ( #19, #1024 ) ) ;
#319 = EDGE_LOOP ( 'NONE', ( #935, #426, #865, #42 ) ) ;
#320 = CARTESIAN_POINT ( 'NONE',  ( -0.7240794916128247000, 389.6918461082842700, 35.00000000000000000 ) ) ;
#321 = VERTEX_POINT ( 'NONE', #1324 ) ;
#322 = CARTESIAN_POINT ( 'NONE',  ( -387.9159255998957300, -1.032233383327252100, 50.00000000000000000 ) ) ;
#323 = ORIENTED_EDGE ( 'NONE', *, *, #1402, .T. ) ;
#324 = ORIENTED_EDGE ( 'NONE', *, *, #189, .T. ) ;
#325 = DIRECTION ( 'NONE',  ( 0.0000000000000000000, 0.0000000000000000000, 1.000000000000000000 ) ) ;
#326 = AXIS2_PLACEMENT_3D ( 'NONE', #1206, #544, #978 ) ;
#327 = CC_DESIGN_SECURITY_CLASSIFICATION ( #1020, ( #742 ) ) ;
#328 = CIRCLE ( 'NONE', #510, 125.0000000000000000 ) ;
#329 = VECTOR ( 'NONE', #438, 1000.000000000000000 ) ;
#330 = FACE_BOUND ( 'NONE', #747, .T. ) ;
#331 = CYLINDRICAL_SURFACE ( 'NONE', #960, 2.500000000000021300 ) ;
#332 = DIRECTION ( 'NONE',  ( 0.0000000000000000000, 0.0000000000000000000, 1.000000000000000000 ) ) ;
#333 = ORIENTED_EDGE ( 'NONE', *, *, #140, .T. ) ;
#334 = CARTESIAN_POINT ( 'NONE',  ( 365.0000000000000600, 0.0000000000000000000, 35.00000000000000000 ) ) ;
#335 = EDGE_CURVE ( 'NONE', #1004, #454, #625, .T. ) ;
#336 = ORIENTED_EDGE ( 'NONE', *, *, #561, .F. ) ;
#337 = AXIS2_PLACEMENT_3D ( 'NONE', #995, #981, #233 ) ;
#338 = ORIENTED_EDGE ( 'NONE', *, *, #56, .F. ) ;
#339 = CARTESIAN_POINT ( 'NONE',  ( -365.4159255998957300, -1.032233383327249200, 15.00000000000000000 ) ) ;
#340 = DIRECTION ( 'NONE',  ( -1.000000000000000000, 0.0000000000000000000, 0.0000000000000000000 ) ) ;
#341 = APPLICATION_PROTOCOL_DEFINITION ( 'international standard', 'config_control_design', 1994, #1007 ) ;
#342 = PLANE ( 'NONE',  #301 ) ;
#343 = DIRECTION ( 'NONE',  ( -3.491130995403321100E-015, 1.000000000000000000, 0.0000000000000000000 ) ) ;
#344 = EDGE_CURVE ( 'NONE', #850, #186, #128, .T. ) ;
#345 = LINE ( 'NONE', #130, #67 ) ;
#346 = ADVANCED_FACE ( 'NONE', ( #1336 ), #951, .T. ) ;
#347 = APPROVAL_ROLE ( '' ) ;
#348 = DIRECTION ( 'NONE',  ( -0.0000000000000000000, -0.0000000000000000000, -1.000000000000000000 ) ) ;
#349 = CARTESIAN_POINT ( 'NONE',  ( -415.4159255998957900, -1.032233383327252300, 35.00000000000000000 ) ) ;
#350 = LINE ( 'NONE', #428, #610 ) ;
#351 = CYLINDRICAL_SURFACE ( 'NONE', #1058, 2.500000000000021300 ) ;
#352 = ORIENTED_EDGE ( 'NONE', *, *, #272, .F. ) ;
#353 = EDGE_LOOP ( 'NONE', ( #619, #1294, #926, #543 ) ) ;
#354 = PERSON_AND_ORGANIZATION_ROLE ( 'classification_officer' ) ;
#355 = DIRECTION ( 'NONE',  ( -0.0000000000000000000, -0.0000000000000000000, -1.000000000000000000 ) ) ;
#356 = VERTEX_POINT ( 'NONE', #1035 ) ;
#357 = EDGE_CURVE ( 'NONE', #956, #169, #97, .T. ) ;
#358 = ORIENTED_EDGE ( 'NONE', *, *, #708, .F. ) ;
#359 = ADVANCED_FACE ( 'NONE', ( #277 ), #474, .T. ) ;
#360 = VERTEX_POINT ( 'NONE', #715 ) ;
#361 = AXIS2_PLACEMENT_3D ( 'NONE', #1026, #1232, #572 ) ;
#362 =( NAMED_UNIT ( * ) SI_UNIT ( $, .STERADIAN. ) SOLID_ANGLE_UNIT ( ) );
#363 = ORIENTED_EDGE ( 'NONE', *, *, #23, .T. ) ;
#364 = CARTESIAN_POINT ( 'NONE',  ( -121.6810076496609100, -30.00000000000000000, 15.00000000000000000 ) ) ;
#365 = CARTESIAN_POINT ( 'NONE',  ( 30.00000000000000000, 430.0000000000000600, 15.00000000000000000 ) ) ;
#366 = VERTEX_POINT ( 'NONE', #1154 ) ;
#367 = PLANE ( 'NONE',  #458 ) ;
#368 = DIRECTION ( 'NONE',  ( 0.0000000000000000000, 1.000000000000000000, -0.0000000000000000000 ) ) ;
#369 = CYLINDRICAL_SURFACE ( 'NONE', #430, 25.00000000000002100 ) ;
#370 = LINE ( 'NONE', #1176, #420 ) ;
#371 = CARTESIAN_POINT ( 'NONE',  ( -30.00000000000000000, 0.0000000000000000000, -15.00000000000000000 ) ) ;
#372 = CARTESIAN_POINT ( 'NONE',  ( -0.2079627999478361700, -0.5161166916636261700, 15.00000000000000000 ) ) ;
#373 = FACE_BOUND ( 'NONE', #999, .T. ) ;
#374 = ORIENTED_EDGE ( 'NONE', *, *, #708, .T. ) ;
#375 = ADVANCED_FACE ( 'NONE', ( #1275 ), #1090, .T. ) ;
#376 = EDGE_LOOP ( 'NONE', ( #267, #459, #1152, #324 ) ) ;
#377 = CARTESIAN_POINT ( 'NONE',  ( -0.7240794916128247000, 389.6918461082842700, 35.00000000000000000 ) ) ;
#378 = ORIENTED_EDGE ( 'NONE', *, *, #1260, .T. ) ;
#379 = EDGE_CURVE ( 'NONE', #629, #1380, #1, .T. ) ;
#380 = EDGE_LOOP ( 'NONE', ( #166, #972, #863, #776 ) ) ;
#381 = EDGE_LOOP ( 'NONE', ( #1173, #937, #499, #1217 ) ) ;
#382 = AXIS2_PLACEMENT_3D ( 'NONE', #805, #257, #1249 ) ;
#383 = ADVANCED_FACE ( 'NONE', ( #1317 ), #1391, .T. ) ;
#384 = CARTESIAN_POINT ( 'NONE',  ( 5.834664758178119500, 5.834664758178186100, 25.00000000000000000 ) ) ;
#385 = DIRECTION ( 'NONE',  ( 1.000000000000000000, 0.0000000000000000000, 0.0000000000000000000 ) ) ;
#386 = CARTESIAN_POINT ( 'NONE',  ( 67.78812317649631300, -79.45745269285181700, 15.00000000000000000 ) ) ;
#387 = FACE_BOUND ( 'NONE', #116, .T. ) ;
#388 = EDGE_CURVE ( 'NONE', #1198, #1239, #730, .T. ) ;
#389 = FACE_OUTER_BOUND ( 'NONE', #1031, .T. ) ;
#390 = AXIS2_PLACEMENT_3D ( 'NONE', #988, #118, #775 ) ;
#391 = ADVANCED_BREP_SHAPE_REPRESENTATION ( 'frame_Default_sldprt', ( #1344, #869 ), #75 ) ;
#392 = VECTOR ( 'NONE', #606, 1000.000000000000000 ) ;
#393 = VERTEX_POINT ( 'NONE', #488 ) ;
#394 = EDGE_LOOP ( 'NONE', ( #170, #423, #255, #848 ) ) ;
#395 = DIRECTION ( 'NONE',  ( 0.0000000000000000000, 0.0000000000000000000, 1.000000000000000000 ) ) ;
#396 = ORIENTED_EDGE ( 'NONE', *, *, #1387, .F. ) ;
#397 = EDGE_CURVE ( 'NONE', #6, #970, #113, .T. ) ;
#398 = CARTESIAN_POINT ( 'NONE',  ( -390.4159255998957300, -1.032233383327252300, 50.00000000000000000 ) ) ;
#399 = AXIS2_PLACEMENT_3D ( 'NONE', #732, #823, #1393 ) ;
#400 = CARTESIAN_POINT ( 'NONE',  ( 387.5000000000000600, 0.0000000000000000000, 35.00000000000000000 ) ) ;
#401 = DATE_AND_TIME ( #975, #1285 ) ;
#402 = VECTOR ( 'NONE', #1009, 1000.000000000000000 ) ;
#403 = DIRECTION ( 'NONE',  ( 0.0000000000000000000, 0.0000000000000000000, 1.000000000000000000 ) ) ;
#404 = CARTESIAN_POINT ( 'NONE',  ( 390.0000000000000600, 0.0000000000000000000, 50.00000000000000000 ) ) ;
#405 = FACE_OUTER_BOUND ( 'NONE', #227, .T. ) ;
#406 = EDGE_CURVE ( 'NONE', #425, #850, #435, .T. ) ;
#407 = VECTOR ( 'NONE', #304, 1000.000000000000000 ) ;
#408 = VERTEX_POINT ( 'NONE', #154 ) ;
#409 = ORIENTED_EDGE ( 'NONE', *, *, #763, .T. ) ;
#410 = VERTEX_POINT ( 'NONE', #1367 ) ;
#411 = DIRECTION ( 'NONE',  ( 1.000000000000000000, 0.0000000000000000000, 0.0000000000000000000 ) ) ;
#412 = EDGE_CURVE ( 'NONE', #1347, #1183, #659, .T. ) ;
#413 = AXIS2_PLACEMENT_3D ( 'NONE', #519, #616, #289 ) ;
#414 = DIRECTION ( 'NONE',  ( 1.000000000000000000, -0.0000000000000000000, 0.0000000000000000000 ) ) ;
#415 = CARTESIAN_POINT ( 'NONE',  ( -2.191846108280144400, -390.7240794916115200, 50.00000000000000000 ) ) ;
#416 = LINE ( 'NONE', #1221, #94 ) ;
#417 = CARTESIAN_POINT ( 'NONE',  ( -30.00000000000000000, 0.0000000000000000000, -15.00000000000000000 ) ) ;
#418 = VECTOR ( 'NONE', #1015, 1000.000000000000000 ) ;
#419 = DIRECTION ( 'NONE',  ( 1.000000000000000000, 0.0000000000000000000, 0.0000000000000000000 ) ) ;
#420 = VECTOR ( 'NONE', #840, 1000.000000000000000 ) ;
#421 = EDGE_CURVE ( 'NONE', #614, #1234, #1230, .T. ) ;
#422 = ORIENTED_EDGE ( 'NONE', *, *, #623, .F. ) ;
#423 = ORIENTED_EDGE ( 'NONE', *, *, #1349, .T. ) ;
#424 = EDGE_LOOP ( 'NONE', ( #1135, #305, #666, #1381 ) ) ;
#425 = VERTEX_POINT ( 'NONE', #939 ) ;
#426 = ORIENTED_EDGE ( 'NONE', *, *, #335, .T. ) ;
#427 = EDGE_LOOP ( 'NONE', ( #1166, #839, #1200, #352 ) ) ;
#428 = CARTESIAN_POINT ( 'NONE',  ( -25.72407949161283400, 389.6918461082842700, 35.00000000000000000 ) ) ;
#429 = EDGE_CURVE ( 'NONE', #703, #288, #1021, .T. ) ;
#430 = AXIS2_PLACEMENT_3D ( 'NONE', #734, #1105, #133 ) ;
#431 = CARTESIAN_POINT ( 'NONE',  ( -430.0000000000000600, 0.0000000000000000000, -15.00000000000000000 ) ) ;
#432 = DIRECTION ( 'NONE',  ( 0.0000000000000000000, 0.0000000000000000000, 1.000000000000000000 ) ) ;
#433 = VECTOR ( 'NONE', #987, 1000.000000000000000 ) ;
#434 = DIRECTION ( 'NONE',  ( 1.000000000000000000, 0.0000000000000000000, 0.0000000000000000000 ) ) ;
#435 = LINE ( 'NONE', #932, #966 ) ;
#436 = LINE ( 'NONE', #872, #115 ) ;
#437 = EDGE_CURVE ( 'NONE', #321, #1185, #511, .T. ) ;
#438 = DIRECTION ( 'NONE',  ( -0.0000000000000000000, -0.0000000000000000000, -1.000000000000000000 ) ) ;
#439 = AXIS2_PLACEMENT_3D ( 'NONE', #837, #403, #516 ) ;
#440 = DIRECTION ( 'NONE',  ( 1.000000000000000000, 0.0000000000000000000, 0.0000000000000000000 ) ) ;
#441 = EDGE_LOOP ( 'NONE', ( #153, #44, #316, #57 ) ) ;
#442 = DIRECTION ( 'NONE',  ( -0.0000000000000000000, 0.0000000000000000000, 1.000000000000000000 ) ) ;
#443 = ORIENTED_EDGE ( 'NONE', *, *, #397, .T. ) ;
#444 = LINE ( 'NONE', #1060, #820 ) ;
#445 = DIRECTION ( 'NONE',  ( -0.0000000000000000000, -0.0000000000000000000, -1.000000000000000000 ) ) ;
#446 = EDGE_CURVE ( 'NONE', #800, #764, #979, .T. ) ;
#447 = DIRECTION ( 'NONE',  ( -0.0000000000000000000, 0.0000000000000000000, 1.000000000000000000 ) ) ;
#448 = CARTESIAN_POINT ( 'NONE',  ( 0.0000000000000000000, 0.0000000000000000000, 25.00000000000000000 ) ) ;
#449 = AXIS2_PLACEMENT_3D ( 'NONE', #676, #1321, #8 ) ;
#450 = VECTOR ( 'NONE', #897, 1000.000000000000000 ) ;
#451 = VECTOR ( 'NONE', #1243, 1000.000000000000000 ) ;
#452 = FACE_OUTER_BOUND ( 'NONE', #135, .T. ) ;
#453 = DIRECTION ( 'NONE',  ( -0.0000000000000000000, 0.0000000000000000000, 1.000000000000000000 ) ) ;
#454 = VERTEX_POINT ( 'NONE', #806 ) ;
#455 = DIRECTION ( 'NONE',  ( -3.512815038853031200E-015, 1.000000000000000000, 0.0000000000000000000 ) ) ;
#456 = EDGE_CURVE ( 'NONE', #408, #39, #1289, .T. ) ;
#457 = ORIENTED_EDGE ( 'NONE', *, *, #299, .T. ) ;
#458 = AXIS2_PLACEMENT_3D ( 'NONE', #1119, #472, #1126 ) ;
#459 = ORIENTED_EDGE ( 'NONE', *, *, #456, .F. ) ;
#460 = PERSON_AND_ORGANIZATION_ROLE ( 'design_supplier' ) ;
#461 = DIRECTION ( 'NONE',  ( 0.0000000000000000000, 0.0000000000000000000, 1.000000000000000000 ) ) ;
#462 = PLANE ( 'NONE',  #832 ) ;
#463 = VERTEX_POINT ( 'NONE', #63 ) ;
#464 = PLANE ( 'NONE',  #695 ) ;
#465 = ORIENTED_EDGE ( 'NONE', *, *, #581, .T. ) ;
#466 = ADVANCED_FACE ( 'NONE', ( #933 ), #1375, .F. ) ;
#467 = CARTESIAN_POINT ( 'NONE',  ( 0.3081538917198772300, -390.7240794916115200, 15.00000000000000000 ) ) ;
#468 = DIRECTION ( 'NONE',  ( -0.0000000000000000000, -0.0000000000000000000, -1.000000000000000000 ) ) ;
#469 = AXIS2_PLACEMENT_3D ( 'NONE', #1353, #790, #1002 ) ;
#470 = DIRECTION ( 'NONE',  ( 1.000000000000000000, 0.0000000000000000000, 0.0000000000000000000 ) ) ;
#471 = ORGANIZATION ( 'UNSPECIFIED', 'UNSPECIFIED', '' ) ;
#472 = DIRECTION ( 'NONE',  ( -1.000000000000000000, 0.0000000000000000000, 0.0000000000000000000 ) ) ;
#473 = ADVANCED_FACE ( 'NONE', ( #680 ), #710, .T. ) ;
#474 = CYLINDRICAL_SURFACE ( 'NONE', #1414, 2.500000000000002200 ) ;
#475 = ADVANCED_FACE ( 'NONE', ( #69 ), #208, .T. ) ;
#476 = LINE ( 'NONE', #1305, #407 ) ;
#477 = ORIENTED_EDGE ( 'NONE', *, *, #197, .T. ) ;
#478 = CARTESIAN_POINT ( 'NONE',  ( 0.3081538917198772300, -390.7240794916115200, 50.00000000000000000 ) ) ;
#479 = DIRECTION ( 'NONE',  ( 1.000000000000000000, 0.0000000000000000000, 0.0000000000000000000 ) ) ;
#480 = EDGE_CURVE ( 'NONE', #603, #120, #182, .T. ) ;
#481 = ORIENTED_EDGE ( 'NONE', *, *, #446, .F. ) ;
#482 = ORIENTED_EDGE ( 'NONE', *, *, #1195, .F. ) ;
#483 = APPROVAL ( #1338, 'UNSPECIFIED' ) ;
#484 = ADVANCED_FACE ( 'NONE', ( #793 ), #284, .F. ) ;
#485 = ORIENTED_EDGE ( 'NONE', *, *, #1235, .T. ) ;
#486 = DIRECTION ( 'NONE',  ( 0.0000000000000000000, 0.0000000000000000000, 1.000000000000000000 ) ) ;
#487 = CARTESIAN_POINT ( 'NONE',  ( -24.69184610828013100, -390.7240794916115200, 35.00000000000000000 ) ) ;
#488 = CARTESIAN_POINT ( 'NONE',  ( 121.2650820497652400, -30.00000000000000000, 15.00000000000000000 ) ) ;
#489 = EDGE_CURVE ( 'NONE', #703, #1008, #746, .T. ) ;
#490 = ADVANCED_FACE ( 'NONE', ( #452 ), #733, .T. ) ;
#491 = DIRECTION ( 'NONE',  ( -1.000000000000000000, 0.0000000000000000000, 0.0000000000000000000 ) ) ;
#492 = LINE ( 'NONE', #371, #1255 ) ;
#493 = AXIS2_PLACEMENT_3D ( 'NONE', #306, #738, #1187 ) ;
#494 = LINE ( 'NONE', #40, #845 ) ;
#495 = DIRECTION ( 'NONE',  ( 0.7071067811865434600, 0.7071067811865516800, 0.0000000000000000000 ) ) ;
#496 = FACE_OUTER_BOUND ( 'NONE', #530, .T. ) ;
#497 = EDGE_LOOP ( 'NONE', ( #317, #338, #818, #87 ) ) ;
#498 = CARTESIAN_POINT ( 'NONE',  ( -30.00000000000000000, -430.0000000000000600, -15.00000000000000000 ) ) ;
#499 = ORIENTED_EDGE ( 'NONE', *, *, #822, .T. ) ;
#500 = EDGE_CURVE ( 'NONE', #1297, #515, #896, .T. ) ;
#501 = ORIENTED_EDGE ( 'NONE', *, *, #794, .T. ) ;
#502 = DIRECTION ( 'NONE',  ( 0.0000000000000000000, -0.0000000000000000000, -1.000000000000000000 ) ) ;
#503 = ORIENTED_EDGE ( 'NONE', *, *, #867, .T. ) ;
#504 = CARTESIAN_POINT ( 'NONE',  ( 430.0000000000000600, 0.0000000000000000000, 15.00000000000000000 ) ) ;
#505 = CARTESIAN_POINT ( 'NONE',  ( 30.00000000000000000, 0.0000000000000000000, -15.00000000000000000 ) ) ;
#506 = APPROVAL_DATE_TIME ( #401, #816 ) ;
#507 = EDGE_CURVE ( 'NONE', #735, #1183, #370, .T. ) ;
#508 = CYLINDRICAL_SURFACE ( 'NONE', #1263, 2.500000000000002200 ) ;
#509 = CARTESIAN_POINT ( 'NONE',  ( -5.834664758178121200, -5.834664758178187900, 25.00000000000000000 ) ) ;
#510 = AXIS2_PLACEMENT_3D ( 'NONE', #232, #447, #1220 ) ;
#511 = LINE ( 'NONE', #386, #757 ) ;
#512 = FACE_OUTER_BOUND ( 'NONE', #424, .T. ) ;
#513 = CARTESIAN_POINT ( 'NONE',  ( -0.2079627999478361700, -0.5161166916636261700, -15.00000000000000000 ) ) ;
#514 = VERTEX_POINT ( 'NONE', #910 ) ;
#515 = VERTEX_POINT ( 'NONE', #152 ) ;
#516 = DIRECTION ( 'NONE',  ( 1.000000000000000000, 0.0000000000000000000, -0.0000000000000000000 ) ) ;
#517 = CARTESIAN_POINT ( 'NONE',  ( 5.834664758178119500, 5.834664758178186100, 25.00000000000000000 ) ) ;
#518 = AXIS2_PLACEMENT_3D ( 'NONE', #372, #1259, #479 ) ;
#519 = CARTESIAN_POINT ( 'NONE',  ( 0.3081538917198772300, -390.7240794916115200, 50.00000000000000000 ) ) ;
#520 = CARTESIAN_POINT ( 'NONE',  ( -0.7240794916128247000, 389.6918461082842700, 50.00000000000000000 ) ) ;
#521 = CIRCLE ( 'NONE', #1399, 25.00000000000002100 ) ;
#522 = CARTESIAN_POINT ( 'NONE',  ( 24.27592050838718400, 389.6918461082842700, 15.00000000000000000 ) ) ;
#523 = FACE_OUTER_BOUND ( 'NONE', #1279, .T. ) ;
#524 = AXIS2_PLACEMENT_3D ( 'NONE', #207, #1075, #1184 ) ;
#525 = VECTOR ( 'NONE', #1193, 1000.000000000000000 ) ;
#526 = CC_DESIGN_PERSON_AND_ORGANIZATION_ASSIGNMENT ( #240, #1226, ( #1196 ) ) ;
#527 = CARTESIAN_POINT ( 'NONE',  ( -30.00000000000000000, -121.9139524197799200, -15.00000000000000000 ) ) ;
#528 = VERTEX_POINT ( 'NONE', #487 ) ;
#529 = DIRECTION ( 'NONE',  ( -1.000000000000000000, 0.0000000000000000000, 0.0000000000000000000 ) ) ;
#530 = EDGE_LOOP ( 'NONE', ( #216, #1277, #919, #620 ) ) ;
#531 = ORIENTED_EDGE ( 'NONE', *, *, #723, .F. ) ;
#532 = CARTESIAN_POINT ( 'NONE',  ( 390.0000000000000600, 0.0000000000000000000, 50.00000000000000000 ) ) ;
#533 = EDGE_LOOP ( 'NONE', ( #550, #1348, #1064, #422 ) ) ;
#534 = CARTESIAN_POINT ( 'NONE',  ( 430.0000000000000600, 30.00000000000000000, -15.00000000000000000 ) ) ;
#535 = EDGE_CURVE ( 'NONE', #764, #1050, #699, .T. ) ;
#536 = ORIENTED_EDGE ( 'NONE', *, *, #357, .T. ) ;
#537 = AXIS2_PLACEMENT_3D ( 'NONE', #1124, #131, #246 ) ;
#538 = CARTESIAN_POINT ( 'NONE',  ( 30.00000000000000000, -121.8111247648608100, -15.00000000000000000 ) ) ;
#539 = CIRCLE ( 'NONE', #493, 2.500000000000002200 ) ;
#540 = LINE ( 'NONE', #1303, #243 ) ;
#541 = AXIS2_PLACEMENT_3D ( 'NONE', #320, #630, #1405 ) ;
#542 = LINE ( 'NONE', #1417, #877 ) ;
#543 = ORIENTED_EDGE ( 'NONE', *, *, #1318, .F. ) ;
#544 = DIRECTION ( 'NONE',  ( -0.0000000000000000000, 0.0000000000000000000, 1.000000000000000000 ) ) ;
#545 = ORIENTED_EDGE ( 'NONE', *, *, #86, .F. ) ;
#546 = ORIENTED_EDGE ( 'NONE', *, *, #489, .F. ) ;
#547 = CARTESIAN_POINT ( 'NONE',  ( -430.0000000000000600, -30.00000000000000000, 15.00000000000000000 ) ) ;
#548 = VERTEX_POINT ( 'NONE', #1139 ) ;
#549 = CARTESIAN_POINT ( 'NONE',  ( -30.00000000000000000, -430.0000000000000600, 15.00000000000000000 ) ) ;
#550 = ORIENTED_EDGE ( 'NONE', *, *, #1077, .F. ) ;
#551 = EDGE_CURVE ( 'NONE', #288, #393, #612, .T. ) ;
#552 = ORIENTED_EDGE ( 'NONE', *, *, #1329, .T. ) ;
#553 = CARTESIAN_POINT ( 'NONE',  ( 24.27592050838718400, 389.6918461082842700, 35.00000000000000000 ) ) ;
#554 = AXIS2_PLACEMENT_3D ( 'NONE', #784, #1114, #571 ) ;
#555 = DIRECTION ( 'NONE',  ( 0.0000000000000000000, 0.0000000000000000000, 1.000000000000000000 ) ) ;
#556 = DIRECTION ( 'NONE',  ( 1.000000000000000000, 0.0000000000000000000, 0.0000000000000000000 ) ) ;
#557 = FACE_OUTER_BOUND ( 'NONE', #1140, .T. ) ;
#558 = CIRCLE ( 'NONE', #756, 2.500000000000002200 ) ;
#559 = CARTESIAN_POINT ( 'NONE',  ( 0.3081538917198772300, -390.7240794916115200, 35.00000000000000000 ) ) ;
#560 = VECTOR ( 'NONE', #274, 1000.000000000000000 ) ;
#561 = EDGE_CURVE ( 'NONE', #617, #41, #1357, .T. ) ;
#562 = ORIENTED_EDGE ( 'NONE', *, *, #1329, .F. ) ;
#563 = AXIS2_PLACEMENT_3D ( 'NONE', #1179, #944, #1403 ) ;
#564 = EDGE_LOOP ( 'NONE', ( #106, #485 ) ) ;
#565 = DIRECTION ( 'NONE',  ( 1.000000000000000000, 0.0000000000000000000, 0.0000000000000000000 ) ) ;
#566 = EDGE_LOOP ( 'NONE', ( #501, #645, #719, #1397 ) ) ;
#567 = ORIENTED_EDGE ( 'NONE', *, *, #13, .T. ) ;
#568 = APPLICATION_PROTOCOL_DEFINITION ( 'international standard', 'config_control_design', 1994, #888 ) ;
#569 = CARTESIAN_POINT ( 'NONE',  ( -0.2079627999478361700, -0.5161166916636261700, -15.00000000000000000 ) ) ;
#570 = AXIS2_PLACEMENT_3D ( 'NONE', #724, #268, #385 ) ;
#571 = DIRECTION ( 'NONE',  ( -0.7071067811865513500, 0.7071067811865436900, 0.0000000000000000000 ) ) ;
#572 = DIRECTION ( 'NONE',  ( 0.0000000000000000000, 0.0000000000000000000, 1.000000000000000000 ) ) ;
#573 = CARTESIAN_POINT ( 'NONE',  ( -121.6810076496609100, -30.00000000000000000, -15.00000000000000000 ) ) ;
#574 = DIRECTION ( 'NONE',  ( 0.0000000000000000000, 0.0000000000000000000, 1.000000000000000000 ) ) ;
#575 = PERSON_AND_ORGANIZATION ( #1296, #471 ) ;
#576 = ADVANCED_FACE ( 'NONE', ( #642 ), #692, .F. ) ;
#577 = FACE_OUTER_BOUND ( 'NONE', #497, .T. ) ;
#578 = DATE_AND_TIME ( #14, #830 ) ;
#579 = APPROVAL_STATUS ( 'not_yet_approved' ) ;
#580 = ORIENTED_EDGE ( 'NONE', *, *, #783, .T. ) ;
#581 = EDGE_CURVE ( 'NONE', #360, #737, #83, .T. ) ;
#582 = ORIENTED_EDGE ( 'NONE', *, *, #229, .F. ) ;
#583 = AXIS2_PLACEMENT_3D ( 'NONE', #1327, #21, #778 ) ;
#584 = VERTEX_POINT ( 'NONE', #588 ) ;
#585 = ADVANCED_FACE ( 'NONE', ( #405 ), #462, .T. ) ;
#586 = DIRECTION ( 'NONE',  ( -0.0000000000000000000, 0.0000000000000000000, 1.000000000000000000 ) ) ;
#587 = CARTESIAN_POINT ( 'NONE',  ( -392.9159255998957300, -1.032233383327252300, 35.00000000000000000 ) ) ;
#588 = CARTESIAN_POINT ( 'NONE',  ( 30.00000000000000000, 430.0000000000000600, -15.00000000000000000 ) ) ;
#589 = DIRECTION ( 'NONE',  ( 0.0000000000000000000, 0.0000000000000000000, 1.000000000000000000 ) ) ;
#590 = CARTESIAN_POINT ( 'NONE',  ( -3.224079491612846100, 389.6918461082842700, 50.00000000000000000 ) ) ;
#591 = AXIS2_PLACEMENT_3D ( 'NONE', #1142, #1250, #30 ) ;
#592 = CARTESIAN_POINT ( 'NONE',  ( 415.0000000000001100, 3.061616997868382300E-015, 15.00000000000000000 ) ) ;
#593 = CARTESIAN_POINT ( 'NONE',  ( 0.3081538917198772300, -390.7240794916115200, 50.00000000000000000 ) ) ;
#594 = CIRCLE ( 'NONE', #1253, 25.00000000000002100 ) ;
#595 = FACE_OUTER_BOUND ( 'NONE', #1293, .T. ) ;
#596 = CYLINDRICAL_SURFACE ( 'NONE', #390, 25.00000000000000700 ) ;
#597 = FACE_OUTER_BOUND ( 'NONE', #1382, .T. ) ;
#598 = ADVANCED_FACE ( 'NONE', ( #496 ), #1363, .F. ) ;
#599 = CARTESIAN_POINT ( 'NONE',  ( 0.0000000000000000000, -30.00000000000000000, 15.00000000000000000 ) ) ;
#600 = AXIS2_PLACEMENT_3D ( 'NONE', #1099, #1316, #203 ) ;
#601 = ORIENTED_EDGE ( 'NONE', *, *, #1314, .F. ) ;
#602 = CARTESIAN_POINT ( 'NONE',  ( -5.834664758178121200, -5.834664758178187900, 15.00000000000000000 ) ) ;
#603 = VERTEX_POINT ( 'NONE', #234 ) ;
#604 = PRODUCT_DEFINITION ( 'UNKNOWN', '', #742, #1074 ) ;
#605 = ORIENTED_EDGE ( 'NONE', *, *, #1005, .T. ) ;
#606 = DIRECTION ( 'NONE',  ( -1.000000000000000000, 0.0000000000000000000, 0.0000000000000000000 ) ) ;
#607 = EDGE_CURVE ( 'NONE', #970, #1245, #1308, .T. ) ;
#608 = CALENDAR_DATE ( 2016, 29, 7 ) ;
#609 = AXIS2_PLACEMENT_3D ( 'NONE', #404, #841, #187 ) ;
#610 = VECTOR ( 'NONE', #1078, 1000.000000000000000 ) ;
#611 = DIRECTION ( 'NONE',  ( -0.0000000000000000000, -0.0000000000000000000, -1.000000000000000000 ) ) ;
#612 = CIRCLE ( 'NONE', #518, 125.0000000000000000 ) ;
#613 = ORIENTED_EDGE ( 'NONE', *, *, #1385, .F. ) ;
#614 = VERTEX_POINT ( 'NONE', #365 ) ;
#615 = ORIENTED_EDGE ( 'NONE', *, *, #429, .F. ) ;
#616 = DIRECTION ( 'NONE',  ( 0.0000000000000000000, 0.0000000000000000000, 1.000000000000000000 ) ) ;
#617 = VERTEX_POINT ( 'NONE', #1014 ) ;
#618 = AXIS2_PLACEMENT_3D ( 'NONE', #1323, #442, #219 ) ;
#619 = ORIENTED_EDGE ( 'NONE', *, *, #71, .T. ) ;
#620 = ORIENTED_EDGE ( 'NONE', *, *, #172, .T. ) ;
#621 = VERTEX_POINT ( 'NONE', #46 ) ;
#622 = CARTESIAN_POINT ( 'NONE',  ( -365.4159255998957300, -1.032233383327249200, 35.00000000000000000 ) ) ;
#623 = EDGE_CURVE ( 'NONE', #408, #41, #1163, .T. ) ;
#624 = VECTOR ( 'NONE', #43, 1000.000000000000000 ) ;
#625 = LINE ( 'NONE', #322, #329 ) ;
#626 = LINE ( 'NONE', #693, #1371 ) ;
#627 = VECTOR ( 'NONE', #1268, 1000.000000000000000 ) ;
#628 = DIRECTION ( 'NONE',  ( -3.491481338843133400E-015, 1.000000000000000000, 0.0000000000000000000 ) ) ;
#629 = VERTEX_POINT ( 'NONE', #799 ) ;
#630 = DIRECTION ( 'NONE',  ( 0.0000000000000000000, 0.0000000000000000000, 1.000000000000000000 ) ) ;
#631 = ORIENTED_EDGE ( 'NONE', *, *, #260, .F. ) ;
#632 = DIRECTION ( 'NONE',  ( 0.0000000000000000000, 0.0000000000000000000, 1.000000000000000000 ) ) ;
#633 = EDGE_CURVE ( 'NONE', #647, #270, #1127, .T. ) ;
#634 = ORIENTED_EDGE ( 'NONE', *, *, #165, .F. ) ;
#635 = ORIENTED_EDGE ( 'NONE', *, *, #1195, .T. ) ;
#636 = CARTESIAN_POINT ( 'NONE',  ( -392.9159255998957300, -1.032233383327252300, 50.00000000000000000 ) ) ;
#637 = PLANE ( 'NONE',  #214 ) ;
#638 = VECTOR ( 'NONE', #38, 1000.000000000000000 ) ;
#639 = CARTESIAN_POINT ( 'NONE',  ( -390.4159255998957300, -1.032233383327252300, 35.00000000000000000 ) ) ;
#640 = LINE ( 'NONE', #1292, #68 ) ;
#641 = AXIS2_PLACEMENT_3D ( 'NONE', #1302, #1423, #1319 ) ;
#642 = FACE_OUTER_BOUND ( 'NONE', #353, .T. ) ;
#643 = ORIENTED_EDGE ( 'NONE', *, *, #849, .T. ) ;
#644 = DIRECTION ( 'NONE',  ( 0.0000000000000000000, 0.0000000000000000000, 1.000000000000000000 ) ) ;
#645 = ORIENTED_EDGE ( 'NONE', *, *, #1385, .T. ) ;
#646 = ORIENTED_EDGE ( 'NONE', *, *, #1178, .F. ) ;
#647 = VERTEX_POINT ( 'NONE', #1132 ) ;
#648 = ORIENTED_EDGE ( 'NONE', *, *, #650, .T. ) ;
#649 = CARTESIAN_POINT ( 'NONE',  ( 0.0000000000000000000, 430.0000000000000600, 15.00000000000000000 ) ) ;
#650 = EDGE_CURVE ( 'NONE', #759, #1347, #33, .T. ) ;
#651 = ORIENTED_EDGE ( 'NONE', *, *, #1421, .F. ) ;
#652 = AXIS2_PLACEMENT_3D ( 'NONE', #1352, #486, #1123 ) ;
#653 = CARTESIAN_POINT ( 'NONE',  ( 0.0000000000000000000, 30.00000000000000000, 15.00000000000000000 ) ) ;
#654 = CARTESIAN_POINT ( 'NONE',  ( -30.00000000000000000, 0.0000000000000000000, 15.00000000000000000 ) ) ;
#655 = DIRECTION ( 'NONE',  ( 1.000000000000000000, 0.0000000000000000000, 0.0000000000000000000 ) ) ;
#656 = DIRECTION ( 'NONE',  ( -1.000000000000000000, 0.0000000000000000000, 0.0000000000000000000 ) ) ;
#657 = FACE_OUTER_BOUND ( 'NONE', #1394, .T. ) ;
#658 = CARTESIAN_POINT ( 'NONE',  ( 30.00000000000000000, 430.0000000000000600, -15.00000000000000000 ) ) ;
#659 = LINE ( 'NONE', #599, #392 ) ;
#660 = VECTOR ( 'NONE', #1373, 1000.000000000000000 ) ;
#661 = CARTESIAN_POINT ( 'NONE',  ( -0.2079627999478361700, -0.5161166916636261700, -15.00000000000000000 ) ) ;
#662 = EDGE_LOOP ( 'NONE', ( #664, #940, #1362, #1156 ) ) ;
#663 = DIRECTION ( 'NONE',  ( 0.0000000000000000000, 0.0000000000000000000, 1.000000000000000000 ) ) ;
#664 = ORIENTED_EDGE ( 'NONE', *, *, #429, .T. ) ;
#665 = ORIENTED_EDGE ( 'NONE', *, *, #406, .F. ) ;
#666 = ORIENTED_EDGE ( 'NONE', *, *, #991, .T. ) ;
#667 = EDGE_LOOP ( 'NONE', ( #646, #748 ) ) ;
#668 = CARTESIAN_POINT ( 'NONE',  ( 365.0000000000000600, 0.0000000000000000000, 15.00000000000000000 ) ) ;
#669 = AXIS2_PLACEMENT_3D ( 'NONE', #159, #611, #1051 ) ;
#670 = DIRECTION ( 'NONE',  ( 1.000000000000000000, 0.0000000000000000000, 0.0000000000000000000 ) ) ;
#671 = DIRECTION ( 'NONE',  ( -0.0000000000000000000, -0.0000000000000000000, -1.000000000000000000 ) ) ;
#672 = CC_DESIGN_PERSON_AND_ORGANIZATION_ASSIGNMENT ( #1088, #1130, ( #604 ) ) ;
#673 = DIRECTION ( 'NONE',  ( 0.0000000000000000000, -0.0000000000000000000, -1.000000000000000000 ) ) ;
#674 = LINE ( 'NONE', #1366, #402 ) ;
#675 = PLANE ( 'NONE',  #554 ) ;
#676 = CARTESIAN_POINT ( 'NONE',  ( 0.3081538917198772300, -390.7240794916115200, 35.00000000000000000 ) ) ;
#677 = CARTESIAN_POINT ( 'NONE',  ( -30.00000000000000000, 0.0000000000000000000, -15.00000000000000000 ) ) ;
#678 = CIRCLE ( 'NONE', #928, 2.500000000000002200 ) ;
#679 = DIRECTION ( 'NONE',  ( 0.0000000000000000000, 0.0000000000000000000, 1.000000000000000000 ) ) ;
#680 = FACE_OUTER_BOUND ( 'NONE', #16, .T. ) ;
#681 = EDGE_CURVE ( 'NONE', #714, #1004, #194, .T. ) ;
#682 = ORIENTED_EDGE ( 'NONE', *, *, #242, .T. ) ;
#683 = ORIENTED_EDGE ( 'NONE', *, *, #500, .F. ) ;
#684 = ADVANCED_FACE ( 'NONE', ( #862 ), #351, .T. ) ;
#685 = APPROVAL_STATUS ( 'not_yet_approved' ) ;
#686 = EDGE_LOOP ( 'NONE', ( #1079, #1046, #77, #545 ) ) ;
#687 = CARTESIAN_POINT ( 'NONE',  ( -0.7240794916128247000, 389.6918461082842700, 35.00000000000000000 ) ) ;
#688 = ORIENTED_EDGE ( 'NONE', *, *, #867, .F. ) ;
#689 = ORIENTED_EDGE ( 'NONE', *, *, #64, .F. ) ;
#690 = EDGE_LOOP ( 'NONE', ( #1069, #1213 ) ) ;
#691 = DIRECTION ( 'NONE',  ( 1.047339298620996300E-014, -1.000000000000000000, 0.0000000000000000000 ) ) ;
#692 = PLANE ( 'NONE',  #24 ) ;
#693 = CARTESIAN_POINT ( 'NONE',  ( 67.78812317649631300, -79.45745269285181700, 25.00000000000000000 ) ) ;
#694 = ADVANCED_FACE ( 'NONE', ( #314 ), #190, .F. ) ;
#695 = AXIS2_PLACEMENT_3D ( 'NONE', #687, #1011, #1299 ) ;
#696 = DIRECTION ( 'NONE',  ( 0.0000000000000000000, 0.0000000000000000000, 1.000000000000000000 ) ) ;
#697 = PERSON_AND_ORGANIZATION ( #1296, #471 ) ;
#698 = VECTOR ( 'NONE', #61, 1000.000000000000000 ) ;
#699 = LINE ( 'NONE', #1027, #1374 ) ;
#700 = DIRECTION ( 'NONE',  ( -1.000000000000000000, 0.0000000000000000000, 0.0000000000000000000 ) ) ;
#701 = VECTOR ( 'NONE', #861, 1000.000000000000000 ) ;
#702 = EDGE_CURVE ( 'NONE', #764, #938, #540, .T. ) ;
#703 = VERTEX_POINT ( 'NONE', #538 ) ;
#704 = CARTESIAN_POINT ( 'NONE',  ( -390.4159255998957300, -1.032233383327252300, 35.00000000000000000 ) ) ;
#705 = DIRECTION ( 'NONE',  ( -1.000000000000000000, 0.0000000000000000000, 0.0000000000000000000 ) ) ;
#706 = ADVANCED_FACE ( 'NONE', ( #523 ), #1084, .F. ) ;
#707 = DIRECTION ( 'NONE',  ( 0.0000000000000000000, 0.0000000000000000000, 1.000000000000000000 ) ) ;
#708 = EDGE_CURVE ( 'NONE', #528, #72, #829, .T. ) ;
#709 = DIRECTION ( 'NONE',  ( 0.0000000000000000000, 1.000000000000000000, -0.0000000000000000000 ) ) ;
#710 = PLANE ( 'NONE',  #751 ) ;
#711 = CYLINDRICAL_SURFACE ( 'NONE', #796, 125.0000000000000000 ) ;
#712 = LINE ( 'NONE', #239, #418 ) ;
#713 = VECTOR ( 'NONE', #273, 1000.000000000000000 ) ;
#714 = VERTEX_POINT ( 'NONE', #636 ) ;
#715 = CARTESIAN_POINT ( 'NONE',  ( -3.224079491612846100, 389.6918461082842700, 50.00000000000000000 ) ) ;
#716 = EDGE_CURVE ( 'NONE', #360, #752, #678, .T. ) ;
#717 = ORIENTED_EDGE ( 'NONE', *, *, #716, .F. ) ;
#718 = CARTESIAN_POINT ( 'NONE',  ( -0.7240794916128247000, 389.6918461082842700, 35.00000000000000000 ) ) ;
#719 = ORIENTED_EDGE ( 'NONE', *, *, #947, .F. ) ;
#720 = CARTESIAN_POINT ( 'NONE',  ( -30.00000000000000000, 0.0000000000000000000, 15.00000000000000000 ) ) ;
#721 = ORIENTED_EDGE ( 'NONE', *, *, #702, .F. ) ;
#722 = DIRECTION ( 'NONE',  ( -0.0000000000000000000, -0.0000000000000000000, -1.000000000000000000 ) ) ;
#723 = EDGE_CURVE ( 'NONE', #90, #584, #1389, .T. ) ;
#724 = CARTESIAN_POINT ( 'NONE',  ( 0.0000000000000000000, 0.0000000000000000000, 15.00000000000000000 ) ) ;
#725 = DATE_AND_TIME ( #608, #1016 ) ;
#726 = AXIS2_PLACEMENT_3D ( 'NONE', #1333, #20, #470 ) ;
#727 = FACE_OUTER_BOUND ( 'NONE', #441, .T. ) ;
#728 = DIRECTION ( 'NONE',  ( 1.000000000000000000, 0.0000000000000000000, 0.0000000000000000000 ) ) ;
#729 = DIRECTION ( 'NONE',  ( -3.512815038853031200E-015, 1.000000000000000000, 0.0000000000000000000 ) ) ;
#730 = LINE ( 'NONE', #720, #713 ) ;
#731 = FACE_BOUND ( 'NONE', #380, .T. ) ;
#732 = CARTESIAN_POINT ( 'NONE',  ( -390.4159255998957300, -1.032233383327252300, 35.00000000000000000 ) ) ;
#733 = PLANE ( 'NONE',  #439 ) ;
#734 = CARTESIAN_POINT ( 'NONE',  ( 390.0000000000000600, 0.0000000000000000000, 35.00000000000000000 ) ) ;
#735 = VERTEX_POINT ( 'NONE', #743 ) ;
#736 = EDGE_LOOP ( 'NONE', ( #955, #103, #1246, #923 ) ) ;
#737 = VERTEX_POINT ( 'NONE', #1411 ) ;
#738 = DIRECTION ( 'NONE',  ( 0.0000000000000000000, 0.0000000000000000000, 1.000000000000000000 ) ) ;
#739 = CARTESIAN_POINT ( 'NONE',  ( 121.0098849868395900, 30.00000000000000000, -15.00000000000000000 ) ) ;
#740 = EDGE_CURVE ( 'NONE', #100, #1234, #1089, .T. ) ;
#741 = LINE ( 'NONE', #28, #450 ) ;
#742 = PRODUCT_DEFINITION_FORMATION_WITH_SPECIFIED_SOURCE ( 'ANY', '', #1196, .NOT_KNOWN. ) ;
#743 = CARTESIAN_POINT ( 'NONE',  ( -430.0000000000000600, -30.00000000000000000, -15.00000000000000000 ) ) ;
#744 = CYLINDRICAL_SURFACE ( 'NONE', #231, 125.0000000000000000 ) ;
#745 = DIRECTION ( 'NONE',  ( -0.0000000000000000000, -0.0000000000000000000, -1.000000000000000000 ) ) ;
#746 = CIRCLE ( 'NONE', #874, 125.0000000000000000 ) ;
#747 = EDGE_LOOP ( 'NONE', ( #1044, #336 ) ) ;
#748 = ORIENTED_EDGE ( 'NONE', *, *, #1402, .F. ) ;
#749 = EDGE_CURVE ( 'NONE', #1380, #32, #1073, .T. ) ;
#750 = ORIENTED_EDGE ( 'NONE', *, *, #299, .F. ) ;
#751 = AXIS2_PLACEMENT_3D ( 'NONE', #177, #953, #628 ) ;
#752 = VERTEX_POINT ( 'NONE', #302 ) ;
#753 = ORIENTED_EDGE ( 'NONE', *, *, #1068, .T. ) ;
#754 = CARTESIAN_POINT ( 'NONE',  ( 67.78812317649631300, -79.45745269285181700, 25.00000000000000000 ) ) ;
#755 = LINE ( 'NONE', #29, #148 ) ;
#756 = AXIS2_PLACEMENT_3D ( 'NONE', #1354, #679, #455 ) ;
#757 = VECTOR ( 'NONE', #495, 999.9999999999998900 ) ;
#758 = LINE ( 'NONE', #1160, #660 ) ;
#759 = VERTEX_POINT ( 'NONE', #202 ) ;
#760 = CARTESIAN_POINT ( 'NONE',  ( -430.0000000000000600, 0.0000000000000000000, 15.00000000000000000 ) ) ;
#761 = ORIENTED_EDGE ( 'NONE', *, *, #1260, .F. ) ;
#762 = PLANE ( 'NONE',  #772 ) ;
#763 = EDGE_CURVE ( 'NONE', #774, #647, #350, .T. ) ;
#764 = VERTEX_POINT ( 'NONE', #1416 ) ;
#765 = CARTESIAN_POINT ( 'NONE',  ( -30.00000000000000000, 430.0000000000000600, 15.00000000000000000 ) ) ;
#766 = AXIS2_PLACEMENT_3D ( 'NONE', #15, #990, #340 ) ;
#767 = DIRECTION ( 'NONE',  ( -1.000000000000000000, 0.0000000000000000000, 0.0000000000000000000 ) ) ;
#768 = CARTESIAN_POINT ( 'NONE',  ( -390.4159255998957300, -1.032233383327252300, 35.00000000000000000 ) ) ;
#769 = CIRCLE ( 'NONE', #1136, 125.0000000000000000 ) ;
#770 = EDGE_CURVE ( 'NONE', #132, #1377, #539, .T. ) ;
#771 = LINE ( 'NONE', #108, #1209 ) ;
#772 = AXIS2_PLACEMENT_3D ( 'NONE', #1210, #663, #767 ) ;
#773 = VECTOR ( 'NONE', #355, 1000.000000000000000 ) ;
#774 = VERTEX_POINT ( 'NONE', #962 ) ;
#775 = DIRECTION ( 'NONE',  ( -1.000000000000000000, 0.0000000000000000000, 0.0000000000000000000 ) ) ;
#776 = ORIENTED_EDGE ( 'NONE', *, *, #437, .F. ) ;
#777 = EDGE_LOOP ( 'NONE', ( #196, #717, #465, #249 ) ) ;
#778 = DIRECTION ( 'NONE',  ( -1.000000000000000000, 0.0000000000000000000, 0.0000000000000000000 ) ) ;
#779 = DIRECTION ( 'NONE',  ( 0.0000000000000000000, 0.0000000000000000000, 1.000000000000000000 ) ) ;
#780 = VERTEX_POINT ( 'NONE', #527 ) ;
#781 = CARTESIAN_POINT ( 'NONE',  ( -387.9159255998957300, -1.032233383327252100, 50.00000000000000000 ) ) ;
#782 = ADVANCED_FACE ( 'NONE', ( #577 ), #637, .F. ) ;
#783 = EDGE_CURVE ( 'NONE', #1101, #774, #1192, .T. ) ;
#784 = CARTESIAN_POINT ( 'NONE',  ( -5.834664758178121200, -5.834664758178187900, 25.00000000000000000 ) ) ;
#785 = DIRECTION ( 'NONE',  ( -0.0000000000000000000, -0.0000000000000000000, -1.000000000000000000 ) ) ;
#786 = DIRECTION ( 'NONE',  ( 0.7071067811865434600, 0.7071067811865516800, 0.0000000000000000000 ) ) ;
#787 = COORDINATED_UNIVERSAL_TIME_OFFSET ( 5, 30, .AHEAD. ) ;
#788 = ADVANCED_FACE ( 'NONE', ( #791 ), #508, .T. ) ;
#789 = DIRECTION ( 'NONE',  ( 0.0000000000000000000, 0.0000000000000000000, 1.000000000000000000 ) ) ;
#790 = DIRECTION ( 'NONE',  ( 0.0000000000000000000, 0.0000000000000000000, 1.000000000000000000 ) ) ;
#791 = FACE_OUTER_BOUND ( 'NONE', #533, .T. ) ;
#792 = DIRECTION ( 'NONE',  ( 0.0000000000000000000, -1.000000000000000000, 0.0000000000000000000 ) ) ;
#793 = FACE_OUTER_BOUND ( 'NONE', #566, .T. ) ;
#794 = EDGE_CURVE ( 'NONE', #463, #169, #771, .T. ) ;
#795 = LINE ( 'NONE', #739, #82 ) ;
#796 = AXIS2_PLACEMENT_3D ( 'NONE', #569, #1094, #434 ) ;
#797 = CARTESIAN_POINT ( 'NONE',  ( 1.775920508387196900, 389.6918461082842700, 50.00000000000000000 ) ) ;
#798 = CARTESIAN_POINT ( 'NONE',  ( 25.30815389171988600, -390.7240794916115200, 15.00000000000000000 ) ) ;
#799 = CARTESIAN_POINT ( 'NONE',  ( -30.00000000000000000, 120.8817190364526700, -15.00000000000000000 ) ) ;
#800 = VERTEX_POINT ( 'NONE', #983 ) ;
#801 = ADVANCED_FACE ( 'NONE', ( #276 ), #744, .T. ) ;
#802 = ORIENTED_EDGE ( 'NONE', *, *, #507, .F. ) ;
#803 = AXIS2_PLACEMENT_3D ( 'NONE', #431, #864, #310 ) ;
#804 = ADVANCED_FACE ( 'NONE', ( #915 ), #228, .F. ) ;
#805 = CARTESIAN_POINT ( 'NONE',  ( 30.00000000000000000, 0.0000000000000000000, -15.00000000000000000 ) ) ;
#806 = CARTESIAN_POINT ( 'NONE',  ( -387.9159255998957300, -1.032233383327252100, 35.00000000000000000 ) ) ;
#807 = VECTOR ( 'NONE', #25, 1000.000000000000000 ) ;
#808 = LINE ( 'NONE', #1222, #1146 ) ;
#809 = DIRECTION ( 'NONE',  ( 0.0000000000000000000, 0.0000000000000000000, 1.000000000000000000 ) ) ;
#810 = FACE_BOUND ( 'NONE', #667, .T. ) ;
#811 = EDGE_CURVE ( 'NONE', #1050, #356, #297, .T. ) ;
#812 = ORIENTED_EDGE ( 'NONE', *, *, #1252, .F. ) ;
#813 = ADVANCED_FACE ( 'NONE', ( #12 ), #965, .T. ) ;
#814 = DIRECTION ( 'NONE',  ( -0.0000000000000000000, -0.0000000000000000000, -1.000000000000000000 ) ) ;
#815 = ORIENTED_EDGE ( 'NONE', *, *, #1068, .F. ) ;
#816 = APPROVAL ( #579, 'UNSPECIFIED' ) ;
#817 = ORIENTED_EDGE ( 'NONE', *, *, #884, .F. ) ;
#818 = ORIENTED_EDGE ( 'NONE', *, *, #535, .F. ) ;
#819 = ORIENTED_EDGE ( 'NONE', *, *, #893, .T. ) ;
#820 = VECTOR ( 'NONE', #814, 1000.000000000000000 ) ;
#821 = DIRECTION ( 'NONE',  ( 0.0000000000000000000, 0.0000000000000000000, 1.000000000000000000 ) ) ;
#822 = EDGE_CURVE ( 'NONE', #270, #647, #222, .T. ) ;
#823 = DIRECTION ( 'NONE',  ( -0.0000000000000000000, -0.0000000000000000000, -1.000000000000000000 ) ) ;
#824 = AXIS2_PLACEMENT_3D ( 'NONE', #147, #1022, #1282 ) ;
#825 = DIRECTION ( 'NONE',  ( 0.0000000000000000000, 0.0000000000000000000, 1.000000000000000000 ) ) ;
#826 = DATE_AND_TIME ( #892, #178 ) ;
#827 = LINE ( 'NONE', #248, #1107 ) ;
#828 = CARTESIAN_POINT ( 'NONE',  ( 30.00000000000000000, 120.7788913815335500, -15.00000000000000000 ) ) ;
#829 = CIRCLE ( 'NONE', #1029, 25.00000000000002100 ) ;
#830 = LOCAL_TIME ( 12, 26, 39.00000000000000000, #109 ) ;
#831 = DIRECTION ( 'NONE',  ( 0.0000000000000000000, 0.0000000000000000000, 1.000000000000000000 ) ) ;
#832 = AXIS2_PLACEMENT_3D ( 'NONE', #593, #779, #1233 ) ;
#833 = VERTEX_POINT ( 'NONE', #668 ) ;
#834 = ORIENTED_EDGE ( 'NONE', *, *, #1387, .T. ) ;
#835 = DIRECTION ( 'NONE',  ( 0.0000000000000000000, -1.000000000000000000, 0.0000000000000000000 ) ) ;
#836 = ORIENTED_EDGE ( 'NONE', *, *, #480, .T. ) ;
#837 = CARTESIAN_POINT ( 'NONE',  ( 390.0000000000000600, 0.0000000000000000000, 50.00000000000000000 ) ) ;
#838 = CARTESIAN_POINT ( 'NONE',  ( 24.27592050838718400, 389.6918461082842700, 35.00000000000000000 ) ) ;
#839 = ORIENTED_EDGE ( 'NONE', *, *, #406, .T. ) ;
#840 = DIRECTION ( 'NONE',  ( 0.0000000000000000000, 0.0000000000000000000, 1.000000000000000000 ) ) ;
#841 = DIRECTION ( 'NONE',  ( 0.0000000000000000000, 0.0000000000000000000, 1.000000000000000000 ) ) ;
#842 = AXIS2_PLACEMENT_3D ( 'NONE', #1384, #722, #167 ) ;
#843 = CIRCLE ( 'NONE', #726, 25.00000000000002100 ) ;
#844 = LINE ( 'NONE', #1167, #1257 ) ;
#845 = VECTOR ( 'NONE', #1134, 1000.000000000000000 ) ;
#846 = CIRCLE ( 'NONE', #326, 125.0000000000000000 ) ;
#847 = DIRECTION ( 'NONE',  ( 0.0000000000000000000, 0.0000000000000000000, 1.000000000000000000 ) ) ;
#848 = ORIENTED_EDGE ( 'NONE', *, *, #607, .F. ) ;
#849 = EDGE_CURVE ( 'NONE', #90, #1239, #894, .T. ) ;
#850 = VERTEX_POINT ( 'NONE', #549 ) ;
#851 = DIRECTION ( 'NONE',  ( 0.0000000000000000000, 0.0000000000000000000, 1.000000000000000000 ) ) ;
#852 = ORIENTED_EDGE ( 'NONE', *, *, #1238, .T. ) ;
#853 = DIRECTION ( 'NONE',  ( 0.0000000000000000000, 0.0000000000000000000, 1.000000000000000000 ) ) ;
#854 = DIRECTION ( 'NONE',  ( 0.7071067811865435800, 0.7071067811865515700, 0.0000000000000000000 ) ) ;
#855 = CARTESIAN_POINT ( 'NONE',  ( 121.0098849868395900, 30.00000000000000000, -15.00000000000000000 ) ) ;
#856 = EDGE_CURVE ( 'NONE', #39, #617, #1161, .T. ) ;
#857 = PERSON_AND_ORGANIZATION ( #1296, #471 ) ;
#858 = DIRECTION ( 'NONE',  ( 1.047339298620996300E-014, -1.000000000000000000, 0.0000000000000000000 ) ) ;
#859 = CIRCLE ( 'NONE', #309, 25.00000000000002100 ) ;
#860 = ORIENTED_EDGE ( 'NONE', *, *, #104, .T. ) ;
#861 = DIRECTION ( 'NONE',  ( -0.0000000000000000000, -0.0000000000000000000, -1.000000000000000000 ) ) ;
#862 = FACE_OUTER_BOUND ( 'NONE', #1328, .T. ) ;
#863 = ORIENTED_EDGE ( 'NONE', *, *, #204, .F. ) ;
#864 = DIRECTION ( 'NONE',  ( 1.000000000000000000, -0.0000000000000000000, 0.0000000000000000000 ) ) ;
#865 = ORIENTED_EDGE ( 'NONE', *, *, #260, .T. ) ;
#866 = DIRECTION ( 'NONE',  ( 1.000000000000000000, 0.0000000000000000000, 0.0000000000000000000 ) ) ;
#867 = EDGE_CURVE ( 'NONE', #1245, #1398, #859, .T. ) ;
#868 = ORIENTED_EDGE ( 'NONE', *, *, #379, .T. ) ;
#869 = AXIS2_PLACEMENT_3D ( 'NONE', #137, #994, #129 ) ;
#870 = ORIENTED_EDGE ( 'NONE', *, *, #140, .F. ) ;
#871 = ORIENTED_EDGE ( 'NONE', *, *, #489, .T. ) ;
#872 = CARTESIAN_POINT ( 'NONE',  ( -430.0000000000000600, 30.00000000000000000, -15.00000000000000000 ) ) ;
#873 = LINE ( 'NONE', #760, #1332 ) ;
#874 = AXIS2_PLACEMENT_3D ( 'NONE', #513, #1062, #728 ) ;
#875 = CIRCLE ( 'NONE', #1038, 2.500000000000002200 ) ;
#876 = CIRCLE ( 'NONE', #1203, 2.500000000000002200 ) ;
#877 = VECTOR ( 'NONE', #102, 1000.000000000000000 ) ;
#878 = DIRECTION ( 'NONE',  ( 0.0000000000000000000, -1.000000000000000000, 0.0000000000000000000 ) ) ;
#879 = ORIENTED_EDGE ( 'NONE', *, *, #1172, .T. ) ;
#880 = CARTESIAN_POINT ( 'NONE',  ( 30.00000000000000000, 120.7788913815335500, 15.00000000000000000 ) ) ;
#881 = ORIENTED_EDGE ( 'NONE', *, *, #535, .T. ) ;
#882 = CARTESIAN_POINT ( 'NONE',  ( -0.7240794916128247000, 389.6918461082842700, 15.00000000000000000 ) ) ;
#883 = EDGE_LOOP ( 'NONE', ( #921, #902, #409, #1409 ) ) ;
#884 = EDGE_CURVE ( 'NONE', #906, #833, #808, .T. ) ;
#885 =( LENGTH_UNIT ( ) NAMED_UNIT ( * ) SI_UNIT ( .MILLI., .METRE. ) );
#886 = CC_DESIGN_DATE_AND_TIME_ASSIGNMENT ( #578, #1346, ( #1020 ) ) ;
#887 = ADVANCED_FACE ( 'NONE', ( #389 ), #1102, .F. ) ;
#888 = APPLICATION_CONTEXT ( 'configuration controlled 3d designs of mechanical parts and assemblies' ) ;
#889 = CARTESIAN_POINT ( 'NONE',  ( 79.45745269285258400, -67.78812317649540400, 15.00000000000000000 ) ) ;
#890 = CARTESIAN_POINT ( 'NONE',  ( 387.5000000000000600, 0.0000000000000000000, 50.00000000000000000 ) ) ;
#891 = DIRECTION ( 'NONE',  ( 1.047339298620996300E-014, -1.000000000000000000, 0.0000000000000000000 ) ) ;
#892 = CALENDAR_DATE ( 2016, 29, 7 ) ;
#893 = EDGE_CURVE ( 'NONE', #548, #32, #1406, .T. ) ;
#894 = LINE ( 'NONE', #1097, #1356 ) ;
#895 = AXIS2_PLACEMENT_3D ( 'NONE', #1131, #461, #691 ) ;
#896 = CIRCLE ( 'NONE', #1379, 25.00000000000002100 ) ;
#897 = DIRECTION ( 'NONE',  ( -0.0000000000000000000, -0.0000000000000000000, -1.000000000000000000 ) ) ;
#898 = PLANE ( 'NONE',  #361 ) ;
#899 = CARTESIAN_POINT ( 'NONE',  ( 0.3081538917198772300, -390.7240794916115200, 50.00000000000000000 ) ) ;
#900 = EDGE_LOOP ( 'NONE', ( #648, #1264, #802, #582 ) ) ;
#901 = ADVANCED_FACE ( 'NONE', ( #1181 ), #762, .T. ) ;
#902 = ORIENTED_EDGE ( 'NONE', *, *, #119, .F. ) ;
#903 = EDGE_LOOP ( 'NONE', ( #688, #957 ) ) ;
#904 = CARTESIAN_POINT ( 'NONE',  ( -392.9159255998957300, -1.032233383327252300, 50.00000000000000000 ) ) ;
#905 = DIRECTION ( 'NONE',  ( 0.0000000000000000000, 0.0000000000000000000, -1.000000000000000000 ) ) ;
#906 = VERTEX_POINT ( 'NONE', #334 ) ;
#907 = ORIENTED_EDGE ( 'NONE', *, *, #849, .F. ) ;
#908 = CLOSED_SHELL ( 'NONE', ( #236, #359, #34, #813, #145, #917, #788, #375, #136, #801, #466, #694, #804, #346, #706, #157, #244, #1147, #1025, #1006, #484, #258, #1262, #1343, #576, #887, #1365, #1034, #475, #490, #1231, #1018, #922, #1244, #1129, #1351, #383, #473, #60, #901, #684, #585, #782, #1372, #598, #1033, #1121 ) ) ;
#909 = DIRECTION ( 'NONE',  ( 1.047444401652940000E-014, -1.000000000000000000, 0.0000000000000000000 ) ) ;
#910 = CARTESIAN_POINT ( 'NONE',  ( 30.00000000000000000, -430.0000000000000600, -15.00000000000000000 ) ) ;
#911 = DIRECTION ( 'NONE',  ( 0.0000000000000000000, 0.0000000000000000000, 1.000000000000000000 ) ) ;
#912 = DIRECTION ( 'NONE',  ( -0.7071067811865435800, -0.7071067811865515700, -0.0000000000000000000 ) ) ;
#913 = LINE ( 'NONE', #904, #1072 ) ;
#914 = CIRCLE ( 'NONE', #1212, 25.00000000000002100 ) ;
#915 = FACE_OUTER_BOUND ( 'NONE', #1137, .T. ) ;
#916 = AXIS2_PLACEMENT_3D ( 'NONE', #718, #74, #941 ) ;
#917 = ADVANCED_FACE ( 'NONE', ( #31 ), #596, .T. ) ;
#918 = FACE_OUTER_BOUND ( 'NONE', #686, .T. ) ;
#919 = ORIENTED_EDGE ( 'NONE', *, *, #1005, .F. ) ;
#920 = ORIENTED_EDGE ( 'NONE', *, *, #749, .F. ) ;
#921 = ORIENTED_EDGE ( 'NONE', *, *, #1162, .F. ) ;
#922 = ADVANCED_FACE ( 'NONE', ( #261 ), #1125, .T. ) ;
#923 = ORIENTED_EDGE ( 'NONE', *, *, #56, .T. ) ;
#924 = DIRECTION ( 'NONE',  ( -1.000000000000000000, 0.0000000000000000000, 0.0000000000000000000 ) ) ;
#925 = EDGE_CURVE ( 'NONE', #514, #425, #494, .T. ) ;
#926 = ORIENTED_EDGE ( 'NONE', *, *, #104, .F. ) ;
#927 = ORIENTED_EDGE ( 'NONE', *, *, #278, .T. ) ;
#928 = AXIS2_PLACEMENT_3D ( 'NONE', #520, #851, #315 ) ;
#929 = DIRECTION ( 'NONE',  ( 1.000000000000000000, 0.0000000000000000000, 0.0000000000000000000 ) ) ;
#930 = CIRCLE ( 'NONE', #337, 2.500000000000002200 ) ;
#931 = FACE_OUTER_BOUND ( 'NONE', #1109, .T. ) ;
#932 = CARTESIAN_POINT ( 'NONE',  ( 0.0000000000000000000, -430.0000000000000600, 15.00000000000000000 ) ) ;
#933 = FACE_OUTER_BOUND ( 'NONE', #900, .T. ) ;
#934 = EDGE_CURVE ( 'NONE', #1377, #132, #876, .T. ) ;
#935 = ORIENTED_EDGE ( 'NONE', *, *, #1235, .F. ) ;
#936 = DIRECTION ( 'NONE',  ( -0.0000000000000000000, -0.0000000000000000000, -1.000000000000000000 ) ) ;
#937 = ORIENTED_EDGE ( 'NONE', *, *, #1162, .T. ) ;
#938 = VERTEX_POINT ( 'NONE', #1251 ) ;
#939 = CARTESIAN_POINT ( 'NONE',  ( 30.00000000000000000, -430.0000000000000600, 15.00000000000000000 ) ) ;
#940 = ORIENTED_EDGE ( 'NONE', *, *, #35, .T. ) ;
#941 = DIRECTION ( 'NONE',  ( -3.491130995403321100E-015, 1.000000000000000000, 0.0000000000000000000 ) ) ;
#942 = VECTOR ( 'NONE', #709, 1000.000000000000000 ) ;
#943 = EDGE_LOOP ( 'NONE', ( #235, #443 ) ) ;
#944 = DIRECTION ( 'NONE',  ( -0.0000000000000000000, -0.0000000000000000000, -1.000000000000000000 ) ) ;
#945 = DIRECTION ( 'NONE',  ( -0.0000000000000000000, 0.0000000000000000000, 1.000000000000000000 ) ) ;
#946 = LINE ( 'NONE', #1281, #942 ) ;
#947 = EDGE_CURVE ( 'NONE', #1008, #393, #193, .T. ) ;
#948 = CC_DESIGN_PERSON_AND_ORGANIZATION_ASSIGNMENT ( #1355, #460, ( #742 ) ) ;
#949 = PLANE ( 'NONE',  #58 ) ;
#950 = LINE ( 'NONE', #49, #638 ) ;
#951 = CYLINDRICAL_SURFACE ( 'NONE', #600, 125.0000000000000000 ) ;
#952 = LINE ( 'NONE', #602, #1092 ) ;
#953 = DIRECTION ( 'NONE',  ( 0.0000000000000000000, 0.0000000000000000000, 1.000000000000000000 ) ) ;
#954 = CARTESIAN_POINT ( 'NONE',  ( 430.0000000000000600, 30.00000000000000000, -15.00000000000000000 ) ) ;
#955 = ORIENTED_EDGE ( 'NONE', *, *, #101, .T. ) ;
#956 = VERTEX_POINT ( 'NONE', #1341 ) ;
#957 = ORIENTED_EDGE ( 'NONE', *, *, #93, .F. ) ;
#958 = EDGE_LOOP ( 'NONE', ( #266, #635, #750, #291 ) ) ;
#959 = CARTESIAN_POINT ( 'NONE',  ( -0.0000000000000000000, 430.0000000000000600, -15.00000000000000000 ) ) ;
#960 = AXIS2_PLACEMENT_3D ( 'NONE', #280, #936, #1052 ) ;
#961 = PRODUCT_RELATED_PRODUCT_CATEGORY ( 'detail', '', ( #1196 ) ) ;
#962 = CARTESIAN_POINT ( 'NONE',  ( -25.72407949161283400, 389.6918461082842700, 35.00000000000000000 ) ) ;
#963 = LINE ( 'NONE', #122, #807 ) ;
#964 = DIRECTION ( 'NONE',  ( -0.0000000000000000000, -0.0000000000000000000, -1.000000000000000000 ) ) ;
#965 = CYLINDRICAL_SURFACE ( 'NONE', #95, 25.00000000000000700 ) ;
#966 = VECTOR ( 'NONE', #705, 1000.000000000000000 ) ;
#967 = CARTESIAN_POINT ( 'NONE',  ( 0.3081538917198772300, -390.7240794916115200, 50.00000000000000000 ) ) ;
#968 = EDGE_CURVE ( 'NONE', #703, #514, #827, .T. ) ;
#969 = EDGE_LOOP ( 'NONE', ( #601, #552, #1410, #634 ) ) ;
#970 = VERTEX_POINT ( 'NONE', #27 ) ;
#971 = ORIENTED_EDGE ( 'NONE', *, *, #1278, .T. ) ;
#972 = ORIENTED_EDGE ( 'NONE', *, *, #1048, .F. ) ;
#973 = CARTESIAN_POINT ( 'NONE',  ( -5.834664758178121200, -5.834664758178187900, 25.00000000000000000 ) ) ;
#974 = CARTESIAN_POINT ( 'NONE',  ( 430.0000000000000600, -30.00000000000000000, 15.00000000000000000 ) ) ;
#975 = CALENDAR_DATE ( 2016, 29, 7 ) ;
#976 = DIRECTION ( 'NONE',  ( 0.0000000000000000000, 0.0000000000000000000, 1.000000000000000000 ) ) ;
#977 = CYLINDRICAL_SURFACE ( 'NONE', #449, 25.00000000000000700 ) ;
#978 = DIRECTION ( 'NONE',  ( 1.000000000000000000, 0.0000000000000000000, 0.0000000000000000000 ) ) ;
#979 = LINE ( 'NONE', #384, #1057 ) ;
#980 = FACE_OUTER_BOUND ( 'NONE', #394, .T. ) ;
#981 = DIRECTION ( 'NONE',  ( 0.0000000000000000000, 0.0000000000000000000, 1.000000000000000000 ) ) ;
#982 = ORIENTED_EDGE ( 'NONE', *, *, #242, .F. ) ;
#983 = CARTESIAN_POINT ( 'NONE',  ( 79.45745269285258400, -67.78812317649540400, 25.00000000000000000 ) ) ;
#984 = AXIS2_PLACEMENT_3D ( 'NONE', #1310, #312, #632 ) ;
#985 = EDGE_LOOP ( 'NONE', ( #761, #1042, #323, #817 ) ) ;
#986 = ORIENTED_EDGE ( 'NONE', *, *, #229, .T. ) ;
#987 = DIRECTION ( 'NONE',  ( -0.0000000000000000000, -0.0000000000000000000, -1.000000000000000000 ) ) ;
#988 = CARTESIAN_POINT ( 'NONE',  ( -0.7240794916128247000, 389.6918461082842700, 35.00000000000000000 ) ) ;
#989 = CARTESIAN_POINT ( 'NONE',  ( 2.808153891719899200, -390.7240794916115200, 35.00000000000000000 ) ) ;
#990 = DIRECTION ( 'NONE',  ( 0.0000000000000000000, 0.0000000000000000000, 1.000000000000000000 ) ) ;
#991 = EDGE_CURVE ( 'NONE', #366, #737, #558, .T. ) ;
#992 = LINE ( 'NONE', #954, #698 ) ;
#993 = AXIS2_PLACEMENT_3D ( 'NONE', #1170, #878, #502 ) ;
#994 = DIRECTION ( 'NONE',  ( 0.0000000000000000000, 0.0000000000000000000, 1.000000000000000000 ) ) ;
#995 = CARTESIAN_POINT ( 'NONE',  ( -0.7240794916128247000, 389.6918461082842700, 50.00000000000000000 ) ) ;
#996 = CIRCLE ( 'NONE', #1288, 2.500000000000002200 ) ;
#997 = DIRECTION ( 'NONE',  ( 1.000000000000000000, 0.0000000000000000000, 0.0000000000000000000 ) ) ;
#998 = VECTOR ( 'NONE', #468, 1000.000000000000000 ) ;
#999 = EDGE_LOOP ( 'NONE', ( #215, #683 ) ) ;
#1000 = ORIENTED_EDGE ( 'NONE', *, *, #204, .T. ) ;
#1001 = APPROVAL_ROLE ( '' ) ;
#1002 = DIRECTION ( 'NONE',  ( 1.000000000000000000, 0.0000000000000000000, 0.0000000000000000000 ) ) ;
#1003 = ORIENTED_EDGE ( 'NONE', *, *, #185, .F. ) ;
#1004 = VERTEX_POINT ( 'NONE', #781 ) ;
#1005 = EDGE_CURVE ( 'NONE', #356, #800, #626, .T. ) ;
#1006 = ADVANCED_FACE ( 'NONE', ( #241 ), #367, .F. ) ;
#1007 = APPLICATION_CONTEXT ( 'configuration controlled 3d designs of mechanical parts and assemblies' ) ;
#1008 = VERTEX_POINT ( 'NONE', #139 ) ;
#1009 = DIRECTION ( 'NONE',  ( 0.0000000000000000000, 1.000000000000000000, -0.0000000000000000000 ) ) ;
#1010 = PLANE ( 'NONE',  #993 ) ;
#1011 = DIRECTION ( 'NONE',  ( 0.0000000000000000000, 0.0000000000000000000, 1.000000000000000000 ) ) ;
#1012 = DATE_AND_TIME ( #283, #91 ) ;
#1013 = PLANE ( 'NONE',  #382 ) ;
#1014 = CARTESIAN_POINT ( 'NONE',  ( 392.5000000000000600, 3.061616997868432900E-016, 35.00000000000000000 ) ) ;
#1015 = DIRECTION ( 'NONE',  ( 0.0000000000000000000, -1.000000000000000000, 0.0000000000000000000 ) ) ;
#1016 = LOCAL_TIME ( 12, 26, 39.00000000000000000, #311 ) ;
#1017 = EDGE_CURVE ( 'NONE', #252, #463, #712, .T. ) ;
#1018 = ADVANCED_FACE ( 'NONE', ( #52, #162 ), #464, .T. ) ;
#1019 = CIRCLE ( 'NONE', #766, 2.500000000000002200 ) ;
#1020 = SECURITY_CLASSIFICATION ( '', '', #237 ) ;
#1021 = LINE ( 'NONE', #265, #149 ) ;
#1022 = DIRECTION ( 'NONE',  ( 0.0000000000000000000, 0.0000000000000000000, 1.000000000000000000 ) ) ;
#1023 = LINE ( 'NONE', #649, #150 ) ;
#1024 = ORIENTED_EDGE ( 'NONE', *, *, #934, .F. ) ;
#1025 = ADVANCED_FACE ( 'NONE', ( #1307 ), #1010, .F. ) ;
#1026 = CARTESIAN_POINT ( 'NONE',  ( 0.0000000000000000000, -430.0000000000000600, -15.00000000000000000 ) ) ;
#1027 = CARTESIAN_POINT ( 'NONE',  ( -5.834664758178121200, -5.834664758178187900, 25.00000000000000000 ) ) ;
#1028 = EDGE_CURVE ( 'NONE', #737, #366, #996, .T. ) ;
#1029 = AXIS2_PLACEMENT_3D ( 'NONE', #1087, #847, #858 ) ;
#1030 = ORIENTED_EDGE ( 'NONE', *, *, #551, .F. ) ;
#1031 = EDGE_LOOP ( 'NONE', ( #89, #986, #1337, #282, #1165, #363, #225, #1342, #73, #1096, #98, #1158, #546, #76, #210, #1267 ) ) ;
#1032 = CARTESIAN_POINT ( 'NONE',  ( 415.0000000000001100, 3.061616997868382300E-015, 35.00000000000000000 ) ) ;
#1033 = ADVANCED_FACE ( 'NONE', ( #96 ), #1067, .F. ) ;
#1034 = ADVANCED_FACE ( 'NONE', ( #330, #931 ), #949, .T. ) ;
#1035 = CARTESIAN_POINT ( 'NONE',  ( 67.78812317649631300, -79.45745269285181700, 25.00000000000000000 ) ) ;
#1036 = FACE_OUTER_BOUND ( 'NONE', #662, .T. ) ;
#1037 = VECTOR ( 'NONE', #565, 1000.000000000000000 ) ;
#1038 = AXIS2_PLACEMENT_3D ( 'NONE', #1071, #201, #411 ) ;
#1039 = CARTESIAN_POINT ( 'NONE',  ( 2.808153891719899200, -390.7240794916115200, 50.00000000000000000 ) ) ;
#1040 = VECTOR ( 'NONE', #1164, 1000.000000000000000 ) ;
#1041 = CC_DESIGN_APPROVAL ( #483, ( #604 ) ) ;
#1042 = ORIENTED_EDGE ( 'NONE', *, *, #1421, .T. ) ;
#1043 = DIRECTION ( 'NONE',  ( 0.0000000000000000000, 0.0000000000000000000, 1.000000000000000000 ) ) ;
#1044 = ORIENTED_EDGE ( 'NONE', *, *, #189, .F. ) ;
#1045 = DIRECTION ( 'NONE',  ( 0.0000000000000000000, 0.0000000000000000000, 1.000000000000000000 ) ) ;
#1046 = ORIENTED_EDGE ( 'NONE', *, *, #421, .T. ) ;
#1047 = CARTESIAN_POINT ( 'NONE',  ( -390.4159255998957300, -1.032233383327252300, 35.00000000000000000 ) ) ;
#1048 = EDGE_CURVE ( 'NONE', #938, #410, #640, .T. ) ;
#1049 = EDGE_LOOP ( 'NONE', ( #188, #1168, #18, #503 ) ) ;
#1050 = VERTEX_POINT ( 'NONE', #1286 ) ;
#1051 = DIRECTION ( 'NONE',  ( -1.000000000000000000, 0.0000000000000000000, 0.0000000000000000000 ) ) ;
#1052 = DIRECTION ( 'NONE',  ( -1.000000000000000000, 0.0000000000000000000, 0.0000000000000000000 ) ) ;
#1053 = COORDINATED_UNIVERSAL_TIME_OFFSET ( 5, 30, .AHEAD. ) ;
#1054 = FACE_OUTER_BOUND ( 'NONE', #1237, .T. ) ;
#1055 = DIRECTION ( 'NONE',  ( 0.0000000000000000000, 0.0000000000000000000, 1.000000000000000000 ) ) ;
#1056 = DIRECTION ( 'NONE',  ( 0.7071067811865516800, -0.7071067811865434600, 0.0000000000000000000 ) ) ;
#1057 = VECTOR ( 'NONE', #174, 1000.000000000000000 ) ;
#1058 = AXIS2_PLACEMENT_3D ( 'NONE', #899, #1359, #700 ) ;
#1059 = LINE ( 'NONE', #107, #525 ) ;
#1060 = CARTESIAN_POINT ( 'NONE',  ( 2.808153891719899200, -390.7240794916115200, 50.00000000000000000 ) ) ;
#1061 = EDGE_LOOP ( 'NONE', ( #5, #198, #815, #1083 ) ) ;
#1062 = DIRECTION ( 'NONE',  ( -0.0000000000000000000, 0.0000000000000000000, 1.000000000000000000 ) ) ;
#1063 = DIRECTION ( 'NONE',  ( 1.000000000000000000, 0.0000000000000000000, -0.0000000000000000000 ) ) ;
#1064 = ORIENTED_EDGE ( 'NONE', *, *, #561, .T. ) ;
#1065 = ORIENTED_EDGE ( 'NONE', *, *, #421, .F. ) ;
#1066 = DIRECTION ( 'NONE',  ( 1.047339298620996300E-014, -1.000000000000000000, 0.0000000000000000000 ) ) ;
#1067 = PLANE ( 'NONE',  #1157 ) ;
#1068 = EDGE_CURVE ( 'NONE', #252, #956, #992, .T. ) ;
#1069 = ORIENTED_EDGE ( 'NONE', *, *, #633, .F. ) ;
#1070 = CC_DESIGN_PERSON_AND_ORGANIZATION_ASSIGNMENT ( #205, #1117, ( #742 ) ) ;
#1071 = CARTESIAN_POINT ( 'NONE',  ( 390.0000000000000600, 0.0000000000000000000, 35.00000000000000000 ) ) ;
#1072 = VECTOR ( 'NONE', #348, 1000.000000000000000 ) ;
#1073 = LINE ( 'NONE', #1197, #1334 ) ;
#1074 = DESIGN_CONTEXT ( 'detailed design', #888, 'design' ) ;
#1075 = DIRECTION ( 'NONE',  ( 0.0000000000000000000, -1.000000000000000000, 0.0000000000000000000 ) ) ;
#1076 = VECTOR ( 'NONE', #26, 1000.000000000000000 ) ;
#1077 = EDGE_CURVE ( 'NONE', #39, #408, #1370, .T. ) ;
#1078 = DIRECTION ( 'NONE',  ( -0.0000000000000000000, -0.0000000000000000000, -1.000000000000000000 ) ) ;
#1079 = ORIENTED_EDGE ( 'NONE', *, *, #308, .T. ) ;
#1080 = DIRECTION ( 'NONE',  ( -0.0000000000000000000, -0.0000000000000000000, -1.000000000000000000 ) ) ;
#1081 = ORIENTED_EDGE ( 'NONE', *, *, #947, .T. ) ;
#1082 = ORIENTED_EDGE ( 'NONE', *, *, #446, .T. ) ;
#1083 = ORIENTED_EDGE ( 'NONE', *, *, #1120, .F. ) ;
#1084 = PLANE ( 'NONE',  #80 ) ;
#1085 = DIRECTION ( 'NONE',  ( 0.0000000000000000000, 0.0000000000000000000, 1.000000000000000000 ) ) ;
#1086 = EDGE_CURVE ( 'NONE', #621, #1380, #111, .T. ) ;
#1087 = CARTESIAN_POINT ( 'NONE',  ( 0.3081538917198772300, -390.7240794916115200, 35.00000000000000000 ) ) ;
#1088 = PERSON_AND_ORGANIZATION ( #1296, #471 ) ;
#1089 = LINE ( 'NONE', #195, #1273 ) ;
#1090 = CYLINDRICAL_SURFACE ( 'NONE', #220, 25.00000000000002100 ) ;
#1091 = DIRECTION ( 'NONE',  ( 1.000000000000000000, 0.0000000000000000000, 0.0000000000000000000 ) ) ;
#1092 = VECTOR ( 'NONE', #286, 1000.000000000000100 ) ;
#1093 = EDGE_CURVE ( 'NONE', #759, #780, #769, .T. ) ;
#1094 = DIRECTION ( 'NONE',  ( 0.0000000000000000000, 0.0000000000000000000, 1.000000000000000000 ) ) ;
#1095 = CC_DESIGN_PERSON_AND_ORGANIZATION_ASSIGNMENT ( #697, #354, ( #1020 ) ) ;
#1096 = ORIENTED_EDGE ( 'NONE', *, *, #1120, .T. ) ;
#1097 = CARTESIAN_POINT ( 'NONE',  ( -30.00000000000000000, 430.0000000000000600, -15.00000000000000000 ) ) ;
#1098 = EDGE_LOOP ( 'NONE', ( #1215, #580 ) ) ;
#1099 = CARTESIAN_POINT ( 'NONE',  ( -0.2079627999478361700, -0.5161166916636261700, -15.00000000000000000 ) ) ;
#1100 = DIRECTION ( 'NONE',  ( 0.0000000000000000000, 0.0000000000000000000, -1.000000000000000000 ) ) ;
#1101 = VERTEX_POINT ( 'NONE', #838 ) ;
#1102 = PLANE ( 'NONE',  #618 ) ;
#1103 = EDGE_CURVE ( 'NONE', #269, #100, #126, .T. ) ;
#1104 = PLANE ( 'NONE',  #1225 ) ;
#1105 = DIRECTION ( 'NONE',  ( -0.0000000000000000000, -0.0000000000000000000, -1.000000000000000000 ) ) ;
#1106 = FACE_OUTER_BOUND ( 'NONE', #173, .T. ) ;
#1107 = VECTOR ( 'NONE', #792, 1000.000000000000000 ) ;
#1108 = LINE ( 'NONE', #658, #1208 ) ;
#1109 = EDGE_LOOP ( 'NONE', ( #254, #378 ) ) ;
#1110 = CARTESIAN_POINT ( 'NONE',  ( 0.0000000000000000000, 30.00000000000000000, -15.00000000000000000 ) ) ;
#1111 = AXIS2_PLACEMENT_3D ( 'NONE', #66, #1274, #929 ) ;
#1112 = VERTEX_POINT ( 'NONE', #79 ) ;
#1113 = VERTEX_POINT ( 'NONE', #1032 ) ;
#1114 = DIRECTION ( 'NONE',  ( 0.7071067811865436900, 0.7071067811865513500, -0.0000000000000000000 ) ) ;
#1115 = ORIENTED_EDGE ( 'NONE', *, *, #278, .F. ) ;
#1116 = DIRECTION ( 'NONE',  ( 0.0000000000000000000, 0.0000000000000000000, 1.000000000000000000 ) ) ;
#1117 = PERSON_AND_ORGANIZATION_ROLE ( 'creator' ) ;
#1118 = DIRECTION ( 'NONE',  ( 0.0000000000000000000, 0.0000000000000000000, 1.000000000000000000 ) ) ;
#1119 = CARTESIAN_POINT ( 'NONE',  ( 430.0000000000000600, 0.0000000000000000000, -15.00000000000000000 ) ) ;
#1120 = EDGE_CURVE ( 'NONE', #269, #252, #345, .T. ) ;
#1121 = ADVANCED_FACE ( 'NONE', ( #1054 ), #1104, .F. ) ;
#1122 = APPROVAL_ROLE ( '' ) ;
#1123 = DIRECTION ( 'NONE',  ( 1.000000000000000000, 0.0000000000000000000, 0.0000000000000000000 ) ) ;
#1124 = CARTESIAN_POINT ( 'NONE',  ( 67.78812317649631300, -79.45745269285181700, 25.00000000000000000 ) ) ;
#1125 = CYLINDRICAL_SURFACE ( 'NONE', #168, 25.00000000000002100 ) ;
#1126 = DIRECTION ( 'NONE',  ( 0.0000000000000000000, 0.0000000000000000000, 1.000000000000000000 ) ) ;
#1127 = CIRCLE ( 'NONE', #591, 25.00000000000002100 ) ;
#1128 = CYLINDRICAL_SURFACE ( 'NONE', #110, 2.500000000000021300 ) ;
#1129 = ADVANCED_FACE ( 'NONE', ( #1106 ), #977, .T. ) ;
#1130 = PERSON_AND_ORGANIZATION_ROLE ( 'creator' ) ;
#1131 = CARTESIAN_POINT ( 'NONE',  ( 0.3081538917198772300, -390.7240794916115200, 35.00000000000000000 ) ) ;
#1132 = CARTESIAN_POINT ( 'NONE',  ( -25.72407949161283400, 389.6918461082842700, 15.00000000000000000 ) ) ;
#1133 = ORIENTED_EDGE ( 'NONE', *, *, #650, .F. ) ;
#1134 = DIRECTION ( 'NONE',  ( 0.0000000000000000000, 0.0000000000000000000, 1.000000000000000000 ) ) ;
#1135 = ORIENTED_EDGE ( 'NONE', *, *, #1143, .F. ) ;
#1136 = AXIS2_PLACEMENT_3D ( 'NONE', #1148, #945, #1265 ) ;
#1137 = EDGE_LOOP ( 'NONE', ( #457, #819, #920, #1413 ) ) ;
#1138 = DIRECTION ( 'NONE',  ( 0.0000000000000000000, 0.0000000000000000000, 1.000000000000000000 ) ) ;
#1139 = CARTESIAN_POINT ( 'NONE',  ( -430.0000000000000600, 30.00000000000000000, 15.00000000000000000 ) ) ;
#1140 = EDGE_LOOP ( 'NONE', ( #1412, #567, #48, #1003 ) ) ;
#1141 = CARTESIAN_POINT ( 'NONE',  ( -415.4159255998957900, -1.032233383327252300, 15.00000000000000000 ) ) ;
#1142 = CARTESIAN_POINT ( 'NONE',  ( -0.7240794916128247000, 389.6918461082842700, 15.00000000000000000 ) ) ;
#1143 = EDGE_CURVE ( 'NONE', #752, #360, #930, .T. ) ;
#1144 = LINE ( 'NONE', #553, #433 ) ;
#1145 = VECTOR ( 'NONE', #307, 1000.000000000000000 ) ;
#1146 = VECTOR ( 'NONE', #1202, 1000.000000000000000 ) ;
#1147 = ADVANCED_FACE ( 'NONE', ( #727 ), #711, .T. ) ;
#1148 = CARTESIAN_POINT ( 'NONE',  ( -0.2079627999478361700, -0.5161166916636261700, -15.00000000000000000 ) ) ;
#1149 = DIRECTION ( 'NONE',  ( -0.0000000000000000000, -0.0000000000000000000, -1.000000000000000000 ) ) ;
#1150 = VECTOR ( 'NONE', #964, 1000.000000000000000 ) ;
#1151 = ORIENTED_EDGE ( 'NONE', *, *, #749, .T. ) ;
#1152 = ORIENTED_EDGE ( 'NONE', *, *, #623, .T. ) ;
#1153 = ORIENTED_EDGE ( 'NONE', *, *, #480, .F. ) ;
#1154 = CARTESIAN_POINT ( 'NONE',  ( 1.775920508387196900, 389.6918461082842700, 35.00000000000000000 ) ) ;
#1155 = EDGE_CURVE ( 'NONE', #463, #1008, #963, .T. ) ;
#1156 = ORIENTED_EDGE ( 'NONE', *, *, #968, .F. ) ;
#1157 = AXIS2_PLACEMENT_3D ( 'NONE', #517, #1171, #1056 ) ;
#1158 = ORIENTED_EDGE ( 'NONE', *, *, #1155, .T. ) ;
#1159 = DIRECTION ( 'NONE',  ( 1.000000000000000000, 0.0000000000000000000, 0.0000000000000000000 ) ) ;
#1160 = CARTESIAN_POINT ( 'NONE',  ( -30.00000000000000000, -121.9139524197799200, -15.00000000000000000 ) ) ;
#1161 = LINE ( 'NONE', #1205, #206 ) ;
#1162 = EDGE_CURVE ( 'NONE', #1101, #270, #1144, .T. ) ;
#1163 = LINE ( 'NONE', #890, #773 ) ;
#1164 = DIRECTION ( 'NONE',  ( 0.0000000000000000000, -1.000000000000000000, 0.0000000000000000000 ) ) ;
#1165 = ORIENTED_EDGE ( 'NONE', *, *, #379, .F. ) ;
#1166 = ORIENTED_EDGE ( 'NONE', *, *, #925, .T. ) ;
#1167 = CARTESIAN_POINT ( 'NONE',  ( 30.00000000000000000, 0.0000000000000000000, 15.00000000000000000 ) ) ;
#1168 = ORIENTED_EDGE ( 'NONE', *, *, #1223, .F. ) ;
#1169 = ORIENTED_EDGE ( 'NONE', *, *, #185, .T. ) ;
#1170 = CARTESIAN_POINT ( 'NONE',  ( 0.0000000000000000000, 30.00000000000000000, -15.00000000000000000 ) ) ;
#1171 = DIRECTION ( 'NONE',  ( -0.7071067811865434600, -0.7071067811865516800, 0.0000000000000000000 ) ) ;
#1172 = EDGE_CURVE ( 'NONE', #800, #1185, #416, .T. ) ;
#1173 = ORIENTED_EDGE ( 'NONE', *, *, #783, .F. ) ;
#1174 = ORIENTED_EDGE ( 'NONE', *, *, #388, .F. ) ;
#1175 = CC_DESIGN_APPROVAL ( #1322, ( #1020 ) ) ;
#1176 = CARTESIAN_POINT ( 'NONE',  ( -430.0000000000000600, -30.00000000000000000, -15.00000000000000000 ) ) ;
#1177 = FACE_OUTER_BOUND ( 'NONE', #427, .T. ) ;
#1178 = EDGE_CURVE ( 'NONE', #833, #1240, #521, .T. ) ;
#1179 = CARTESIAN_POINT ( 'NONE',  ( 390.0000000000000600, 0.0000000000000000000, 50.00000000000000000 ) ) ;
#1180 = VECTOR ( 'NONE', #78, 1000.000000000000000 ) ;
#1181 = FACE_OUTER_BOUND ( 'NONE', #564, .T. ) ;
#1182 = FACE_OUTER_BOUND ( 'NONE', #47, .T. ) ;
#1183 = VERTEX_POINT ( 'NONE', #547 ) ;
#1184 = DIRECTION ( 'NONE',  ( 0.0000000000000000000, -0.0000000000000000000, -1.000000000000000000 ) ) ;
#1185 = VERTEX_POINT ( 'NONE', #889 ) ;
#1186 = ORIENTED_EDGE ( 'NONE', *, *, #884, .T. ) ;
#1187 = DIRECTION ( 'NONE',  ( 1.047339298620996300E-014, -1.000000000000000000, 0.0000000000000000000 ) ) ;
#1188 = CARTESIAN_POINT ( 'NONE',  ( -0.0000000000000000000, -30.00000000000000000, -15.00000000000000000 ) ) ;
#1189 = DIRECTION ( 'NONE',  ( -0.0000000000000000000, -0.0000000000000000000, -1.000000000000000000 ) ) ;
#1190 = CARTESIAN_POINT ( 'NONE',  ( -24.69184610828013100, -390.7240794916115200, 35.00000000000000000 ) ) ;
#1191 = CIRCLE ( 'NONE', #1369, 125.0000000000000000 ) ;
#1192 = CIRCLE ( 'NONE', #541, 25.00000000000002100 ) ;
#1193 = DIRECTION ( 'NONE',  ( 0.0000000000000000000, 0.0000000000000000000, 1.000000000000000000 ) ) ;
#1194 = VECTOR ( 'NONE', #7, 1000.000000000000000 ) ;
#1195 = EDGE_CURVE ( 'NONE', #1183, #548, #873, .T. ) ;
#1196 = PRODUCT ( 'frame_Default_sldprt', 'frame_Default_sldprt', '', ( #1241 ) ) ;
#1197 = CARTESIAN_POINT ( 'NONE',  ( -121.4258105867352700, 30.00000000000000000, -15.00000000000000000 ) ) ;
#1198 = VERTEX_POINT ( 'NONE', #1204 ) ;
#1199 = CARTESIAN_POINT ( 'NONE',  ( -0.2079627999478361700, -0.5161166916636261700, -15.00000000000000000 ) ) ;
#1200 = ORIENTED_EDGE ( 'NONE', *, *, #71, .F. ) ;
#1201 = ORIENTED_EDGE ( 'NONE', *, *, #991, .F. ) ;
#1202 = DIRECTION ( 'NONE',  ( -0.0000000000000000000, -0.0000000000000000000, -1.000000000000000000 ) ) ;
#1203 = AXIS2_PLACEMENT_3D ( 'NONE', #1236, #574, #891 ) ;
#1204 = CARTESIAN_POINT ( 'NONE',  ( -30.00000000000000000, 120.8817190364526700, 15.00000000000000000 ) ) ;
#1205 = CARTESIAN_POINT ( 'NONE',  ( 392.5000000000000600, 3.061616997868409300E-016, 50.00000000000000000 ) ) ;
#1206 = CARTESIAN_POINT ( 'NONE',  ( -0.2079627999478361700, -0.5161166916636261700, 15.00000000000000000 ) ) ;
#1207 = LINE ( 'NONE', #37, #624 ) ;
#1208 = VECTOR ( 'NONE', #432, 1000.000000000000000 ) ;
#1209 = VECTOR ( 'NONE', #1216, 1000.000000000000000 ) ;
#1210 = CARTESIAN_POINT ( 'NONE',  ( -390.4159255998957300, -1.032233383327252300, 50.00000000000000000 ) ) ;
#1211 = VECTOR ( 'NONE', #745, 1000.000000000000000 ) ;
#1212 = AXIS2_PLACEMENT_3D ( 'NONE', #171, #1045, #491 ) ;
#1213 = ORIENTED_EDGE ( 'NONE', *, *, #822, .F. ) ;
#1214 = DIRECTION ( 'NONE',  ( -1.000000000000000000, 0.0000000000000000000, 0.0000000000000000000 ) ) ;
#1215 = ORIENTED_EDGE ( 'NONE', *, *, #119, .T. ) ;
#1216 = DIRECTION ( 'NONE',  ( 0.0000000000000000000, 0.0000000000000000000, 1.000000000000000000 ) ) ;
#1217 = ORIENTED_EDGE ( 'NONE', *, *, #763, .F. ) ;
#1218 = ORIENTED_EDGE ( 'NONE', *, *, #893, .F. ) ;
#1219 = ORIENTED_EDGE ( 'NONE', *, *, #1093, .T. ) ;
#1220 = DIRECTION ( 'NONE',  ( 1.000000000000000000, 0.0000000000000000000, 0.0000000000000000000 ) ) ;
#1221 = CARTESIAN_POINT ( 'NONE',  ( 79.45745269285258400, -67.78812317649540400, 25.00000000000000000 ) ) ;
#1222 = CARTESIAN_POINT ( 'NONE',  ( 365.0000000000000600, 0.0000000000000000000, 35.00000000000000000 ) ) ;
#1223 = EDGE_CURVE ( 'NONE', #970, #6, #594, .T. ) ;
#1224 = SHAPE_DEFINITION_REPRESENTATION ( #155, #391 ) ;
#1225 = AXIS2_PLACEMENT_3D ( 'NONE', #448, #1100, #1339 ) ;
#1226 = PERSON_AND_ORGANIZATION_ROLE ( 'design_owner' ) ;
#1227 = CARTESIAN_POINT ( 'NONE',  ( 390.0000000000000600, 0.0000000000000000000, 15.00000000000000000 ) ) ;
#1228 = CIRCLE ( 'NONE', #652, 25.00000000000002100 ) ;
#1229 = APPROVAL_PERSON_ORGANIZATION ( #127, #1322, #1122 ) ;
#1230 = LINE ( 'NONE', #54, #1256 ) ;
#1231 = ADVANCED_FACE ( 'NONE', ( #81 ), #50, .T. ) ;
#1232 = DIRECTION ( 'NONE',  ( 0.0000000000000000000, 1.000000000000000000, -0.0000000000000000000 ) ) ;
#1233 = DIRECTION ( 'NONE',  ( 1.047444401652940000E-014, -1.000000000000000000, 0.0000000000000000000 ) ) ;
#1234 = VERTEX_POINT ( 'NONE', #880 ) ;
#1235 = EDGE_CURVE ( 'NONE', #1004, #714, #1019, .T. ) ;
#1236 = CARTESIAN_POINT ( 'NONE',  ( 0.3081538917198772300, -390.7240794916115200, 35.00000000000000000 ) ) ;
#1237 = EDGE_LOOP ( 'NONE', ( #881, #1311, #605, #1082 ) ) ;
#1238 = EDGE_CURVE ( 'NONE', #120, #603, #221, .T. ) ;
#1239 = VERTEX_POINT ( 'NONE', #765 ) ;
#1240 = VERTEX_POINT ( 'NONE', #592 ) ;
#1241 = MECHANICAL_CONTEXT ( 'NONE', #1007, 'mechanical' ) ;
#1242 = DIRECTION ( 'NONE',  ( 1.047339298620996300E-014, -1.000000000000000000, 0.0000000000000000000 ) ) ;
#1243 = DIRECTION ( 'NONE',  ( 0.0000000000000000000, 0.0000000000000000000, 1.000000000000000000 ) ) ;
#1244 = ADVANCED_FACE ( 'NONE', ( #387, #1271 ), #342, .T. ) ;
#1245 = VERTEX_POINT ( 'NONE', #1141 ) ;
#1246 = ORIENTED_EDGE ( 'NONE', *, *, #811, .F. ) ;
#1247 = COORDINATED_UNIVERSAL_TIME_OFFSET ( 5, 30, .AHEAD. ) ;
#1248 = DATE_TIME_ROLE ( 'creation_date' ) ;
#1249 = DIRECTION ( 'NONE',  ( 0.0000000000000000000, 0.0000000000000000000, 1.000000000000000000 ) ) ;
#1250 = DIRECTION ( 'NONE',  ( 0.0000000000000000000, 0.0000000000000000000, 1.000000000000000000 ) ) ;
#1251 = CARTESIAN_POINT ( 'NONE',  ( 5.834664758178119500, 5.834664758178186100, 15.00000000000000000 ) ) ;
#1252 = EDGE_CURVE ( 'NONE', #906, #1113, #161, .T. ) ;
#1253 = AXIS2_PLACEMENT_3D ( 'NONE', #218, #332, #1214 ) ;
#1254 = DIRECTION ( 'NONE',  ( 1.000000000000000000, -0.0000000000000000000, 0.0000000000000000000 ) ) ;
#1255 = VECTOR ( 'NONE', #368, 1000.000000000000000 ) ;
#1256 = VECTOR ( 'NONE', #1386, 1000.000000000000000 ) ;
#1257 = VECTOR ( 'NONE', #835, 1000.000000000000000 ) ;
#1258 = CARTESIAN_POINT ( 'NONE',  ( -30.00000000000000000, -430.0000000000000600, -15.00000000000000000 ) ) ;
#1259 = DIRECTION ( 'NONE',  ( -0.0000000000000000000, 0.0000000000000000000, 1.000000000000000000 ) ) ;
#1260 = EDGE_CURVE ( 'NONE', #1113, #906, #1228, .T. ) ;
#1261 = EDGE_LOOP ( 'NONE', ( #1000, #721, #481, #879 ) ) ;
#1262 = ADVANCED_FACE ( 'NONE', ( #1036 ), #1013, .F. ) ;
#1263 = AXIS2_PLACEMENT_3D ( 'NONE', #532, #199, #2 ) ;
#1264 = ORIENTED_EDGE ( 'NONE', *, *, #412, .T. ) ;
#1265 = DIRECTION ( 'NONE',  ( 1.000000000000000000, 0.0000000000000000000, 0.0000000000000000000 ) ) ;
#1266 = DIRECTION ( 'NONE',  ( -1.000000000000000000, 0.0000000000000000000, 0.0000000000000000000 ) ) ;
#1267 = ORIENTED_EDGE ( 'NONE', *, *, #1318, .T. ) ;
#1268 = DIRECTION ( 'NONE',  ( 1.000000000000000000, 0.0000000000000000000, 0.0000000000000000000 ) ) ;
#1269 = CARTESIAN_POINT ( 'NONE',  ( 390.0000000000000600, 0.0000000000000000000, 35.00000000000000000 ) ) ;
#1270 = EDGE_CURVE ( 'NONE', #735, #621, #674, .T. ) ;
#1271 = FACE_OUTER_BOUND ( 'NONE', #943, .T. ) ;
#1272 = AXIS2_PLACEMENT_3D ( 'NONE', #467, #1138, #1242 ) ;
#1273 = VECTOR ( 'NONE', #1418, 1000.000000000000000 ) ;
#1274 = DIRECTION ( 'NONE',  ( -0.0000000000000000000, 0.0000000000000000000, 1.000000000000000000 ) ) ;
#1275 = FACE_OUTER_BOUND ( 'NONE', #985, .T. ) ;
#1276 = CARTESIAN_POINT ( 'NONE',  ( -2.191846108280144400, -390.7240794916115200, 35.00000000000000000 ) ) ;
#1277 = ORIENTED_EDGE ( 'NONE', *, *, #1172, .F. ) ;
#1278 = EDGE_CURVE ( 'NONE', #714, #1364, #913, .T. ) ;
#1279 = EDGE_LOOP ( 'NONE', ( #477, #151, #907, #213 ) ) ;
#1280 = EDGE_LOOP ( 'NONE', ( #250, #1201 ) ) ;
#1281 = CARTESIAN_POINT ( 'NONE',  ( -30.00000000000000000, 0.0000000000000000000, -15.00000000000000000 ) ) ;
#1282 = DIRECTION ( 'NONE',  ( -1.000000000000000000, 0.0000000000000000000, 0.0000000000000000000 ) ) ;
#1283 = CARTESIAN_POINT ( 'NONE',  ( 25.30815389171988600, -390.7240794916115200, 35.00000000000000000 ) ) ;
#1284 = CARTESIAN_POINT ( 'NONE',  ( 0.3081538917198772300, -390.7240794916115200, 15.00000000000000000 ) ) ;
#1285 = LOCAL_TIME ( 12, 26, 39.00000000000000000, #787 ) ;
#1286 = CARTESIAN_POINT ( 'NONE',  ( -5.834664758178121200, -5.834664758178187900, 25.00000000000000000 ) ) ;
#1287 = FACE_BOUND ( 'NONE', #318, .T. ) ;
#1288 = AXIS2_PLACEMENT_3D ( 'NONE', #377, #707, #729 ) ;
#1289 = CIRCLE ( 'NONE', #156, 2.500000000000002200 ) ;
#1290 = LINE ( 'NONE', #509, #560 ) ;
#1291 = DIRECTION ( 'NONE',  ( 0.0000000000000000000, 0.0000000000000000000, 1.000000000000000000 ) ) ;
#1292 = CARTESIAN_POINT ( 'NONE',  ( -5.834664758178121200, -5.834664758178187900, 15.00000000000000000 ) ) ;
#1293 = EDGE_LOOP ( 'NONE', ( #643, #682, #264, #531 ) ) ;
#1294 = ORIENTED_EDGE ( 'NONE', *, *, #344, .T. ) ;
#1295 = AXIS2_PLACEMENT_3D ( 'NONE', #1047, #821, #1266 ) ;
#1296 = PERSON ( 'UNSPECIFIED', 'UNSPECIFIED', 'UNSPECIFIED', ('UNSPECIFIED'), ('UNSPECIFIED'), ('UNSPECIFIED') ) ;
#1297 = VERTEX_POINT ( 'NONE', #798 ) ;
#1298 = CC_DESIGN_APPROVAL ( #816, ( #742 ) ) ;
#1299 = DIRECTION ( 'NONE',  ( -3.491481338843133400E-015, 1.000000000000000000, 0.0000000000000000000 ) ) ;
#1300 = PLANE ( 'NONE',  #984 ) ;
#1301 = APPROVAL_DATE_TIME ( #1012, #1322 ) ;
#1302 = CARTESIAN_POINT ( 'NONE',  ( -390.4159255998957300, -1.032233383327252300, 35.00000000000000000 ) ) ;
#1303 = CARTESIAN_POINT ( 'NONE',  ( 5.834664758178119500, 5.834664758178186100, 25.00000000000000000 ) ) ;
#1304 = FACE_OUTER_BOUND ( 'NONE', #62, .T. ) ;
#1305 = CARTESIAN_POINT ( 'NONE',  ( 5.834664758178119500, 5.834664758178186100, 15.00000000000000000 ) ) ;
#1306 = EDGE_CURVE ( 'NONE', #515, #1297, #1404, .T. ) ;
#1307 = FACE_OUTER_BOUND ( 'NONE', #1061, .T. ) ;
#1308 = LINE ( 'NONE', #349, #998 ) ;
#1309 = VERTEX_POINT ( 'NONE', #1258 ) ;
#1310 = CARTESIAN_POINT ( 'NONE',  ( 30.00000000000000000, 0.0000000000000000000, -15.00000000000000000 ) ) ;
#1311 = ORIENTED_EDGE ( 'NONE', *, *, #811, .T. ) ;
#1312 = ORIENTED_EDGE ( 'NONE', *, *, #1306, .T. ) ;
#1313 = DIRECTION ( 'NONE',  ( 0.0000000000000000000, 0.0000000000000000000, -1.000000000000000000 ) ) ;
#1314 = EDGE_CURVE ( 'NONE', #72, #528, #10, .T. ) ;
#1315 = VECTOR ( 'NONE', #146, 1000.000000000000000 ) ;
#1316 = DIRECTION ( 'NONE',  ( 0.0000000000000000000, 0.0000000000000000000, 1.000000000000000000 ) ) ;
#1317 = FACE_OUTER_BOUND ( 'NONE', #777, .T. ) ;
#1318 = EDGE_CURVE ( 'NONE', #1309, #780, #492, .T. ) ;
#1319 = DIRECTION ( 'NONE',  ( -1.000000000000000000, 0.0000000000000000000, 0.0000000000000000000 ) ) ;
#1320 = FACE_OUTER_BOUND ( 'NONE', #1415, .T. ) ;
#1321 = DIRECTION ( 'NONE',  ( -0.0000000000000000000, -0.0000000000000000000, -1.000000000000000000 ) ) ;
#1322 = APPROVAL ( #685, 'UNSPECIFIED' ) ;
#1323 = CARTESIAN_POINT ( 'NONE',  ( 0.0000000000000000000, 0.0000000000000000000, -15.00000000000000000 ) ) ;
#1324 = CARTESIAN_POINT ( 'NONE',  ( 67.78812317649631300, -79.45745269285181700, 15.00000000000000000 ) ) ;
#1325 = ORIENTED_EDGE ( 'NONE', *, *, #1077, .T. ) ;
#1326 = ORIENTED_EDGE ( 'NONE', *, *, #716, .T. ) ;
#1327 = CARTESIAN_POINT ( 'NONE',  ( -0.7240794916128247000, 389.6918461082842700, 35.00000000000000000 ) ) ;
#1328 = EDGE_LOOP ( 'NONE', ( #36, #1153, #1169, #1401 ) ) ;
#1329 = EDGE_CURVE ( 'NONE', #72, #1297, #950, .T. ) ;
#1330 = AXIS2_PLACEMENT_3D ( 'NONE', #1110, #217, #673 ) ;
#1331 = DIRECTION ( 'NONE',  ( -0.0000000000000000000, -0.0000000000000000000, -1.000000000000000000 ) ) ;
#1332 = VECTOR ( 'NONE', #112, 1000.000000000000000 ) ;
#1333 = CARTESIAN_POINT ( 'NONE',  ( 390.0000000000000600, 0.0000000000000000000, 15.00000000000000000 ) ) ;
#1334 = VECTOR ( 'NONE', #99, 1000.000000000000000 ) ;
#1335 = DIRECTION ( 'NONE',  ( 0.0000000000000000000, 0.0000000000000000000, 1.000000000000000000 ) ) ;
#1336 = FACE_OUTER_BOUND ( 'NONE', #141, .T. ) ;
#1337 = ORIENTED_EDGE ( 'NONE', *, *, #1270, .T. ) ;
#1338 = APPROVAL_STATUS ( 'not_yet_approved' ) ;
#1339 = DIRECTION ( 'NONE',  ( -1.000000000000000000, 0.0000000000000000000, -0.0000000000000000000 ) ) ;
#1340 = EDGE_LOOP ( 'NONE', ( #753, #536, #303, #287 ) ) ;
#1341 = CARTESIAN_POINT ( 'NONE',  ( 430.0000000000000600, 30.00000000000000000, 15.00000000000000000 ) ) ;
#1342 = ORIENTED_EDGE ( 'NONE', *, *, #86, .T. ) ;
#1343 = ADVANCED_FACE ( 'NONE', ( #1177 ), #898, .F. ) ;
#1344 = MANIFOLD_SOLID_BREP ( 'Boss-Extrude4', #908 ) ;
#1345 = ORIENTED_EDGE ( 'NONE', *, *, #344, .F. ) ;
#1346 = DATE_TIME_ROLE ( 'classification_date' ) ;
#1347 = VERTEX_POINT ( 'NONE', #364 ) ;
#1348 = ORIENTED_EDGE ( 'NONE', *, *, #856, .T. ) ;
#1349 = EDGE_CURVE ( 'NONE', #6, #1398, #755, .T. ) ;
#1350 = AXIS2_PLACEMENT_3D ( 'NONE', #245, #789, #53 ) ;
#1351 = ADVANCED_FACE ( 'NONE', ( #1287, #657 ), #45, .T. ) ;
#1352 = CARTESIAN_POINT ( 'NONE',  ( 390.0000000000000600, 0.0000000000000000000, 35.00000000000000000 ) ) ;
#1353 = CARTESIAN_POINT ( 'NONE',  ( 390.0000000000000600, 0.0000000000000000000, 35.00000000000000000 ) ) ;
#1354 = CARTESIAN_POINT ( 'NONE',  ( -0.7240794916128247000, 389.6918461082842700, 35.00000000000000000 ) ) ;
#1355 = PERSON_AND_ORGANIZATION ( #1296, #471 ) ;
#1356 = VECTOR ( 'NONE', #1116, 1000.000000000000000 ) ;
#1357 = CIRCLE ( 'NONE', #469, 2.500000000000002200 ) ;
#1358 =( NAMED_UNIT ( * ) PLANE_ANGLE_UNIT ( ) SI_UNIT ( $, .RADIAN. ) );
#1359 = DIRECTION ( 'NONE',  ( -0.0000000000000000000, -0.0000000000000000000, -1.000000000000000000 ) ) ;
#1360 = FACE_BOUND ( 'NONE', #690, .T. ) ;
#1361 = AXIS2_PLACEMENT_3D ( 'NONE', #1400, #293, #1055 ) ;
#1362 = ORIENTED_EDGE ( 'NONE', *, *, #925, .F. ) ;
#1363 = PLANE ( 'NONE',  #537 ) ;
#1364 = VERTEX_POINT ( 'NONE', #587 ) ;
#1365 = ADVANCED_FACE ( 'NONE', ( #1304 ), #369, .T. ) ;
#1366 = CARTESIAN_POINT ( 'NONE',  ( -430.0000000000000600, 0.0000000000000000000, -15.00000000000000000 ) ) ;
#1367 = CARTESIAN_POINT ( 'NONE',  ( -5.834664758178121200, -5.834664758178187900, 15.00000000000000000 ) ) ;
#1368 = AXIS2_PLACEMENT_3D ( 'NONE', #639, #644, #1420 ) ;
#1369 = AXIS2_PLACEMENT_3D ( 'NONE', #124, #586, #670 ) ;
#1370 = CIRCLE ( 'NONE', #609, 2.500000000000002200 ) ;
#1371 = VECTOR ( 'NONE', #786, 999.9999999999998900 ) ;
#1372 = ADVANCED_FACE ( 'NONE', ( #191 ), #675, .F. ) ;
#1373 = DIRECTION ( 'NONE',  ( 0.0000000000000000000, 0.0000000000000000000, 1.000000000000000000 ) ) ;
#1374 = VECTOR ( 'NONE', #912, 999.9999999999998900 ) ;
#1375 = PLANE ( 'NONE',  #121 ) ;
#1376 = EDGE_CURVE ( 'NONE', #752, #366, #180, .T. ) ;
#1377 = VERTEX_POINT ( 'NONE', #989 ) ;
#1378 = CARTESIAN_POINT ( 'NONE',  ( 392.5000000000000600, 3.061616997868432900E-016, 50.00000000000000000 ) ) ;
#1379 = AXIS2_PLACEMENT_3D ( 'NONE', #1284, #1291, #1066 ) ;
#1380 = VERTEX_POINT ( 'NONE', #142 ) ;
#1381 = ORIENTED_EDGE ( 'NONE', *, *, #581, .F. ) ;
#1382 = EDGE_LOOP ( 'NONE', ( #1081, #1030, #615, #871 ) ) ;
#1383 = ORIENTED_EDGE ( 'NONE', *, *, #165, .T. ) ;
#1384 = CARTESIAN_POINT ( 'NONE',  ( -390.4159255998957300, -1.032233383327252300, 50.00000000000000000 ) ) ;
#1385 = EDGE_CURVE ( 'NONE', #169, #393, #1207, .T. ) ;
#1386 = DIRECTION ( 'NONE',  ( 0.0000000000000000000, -1.000000000000000000, 0.0000000000000000000 ) ) ;
#1387 = EDGE_CURVE ( 'NONE', #1347, #186, #1191, .T. ) ;
#1388 = APPROVAL_DATE_TIME ( #826, #483 ) ;
#1389 = LINE ( 'NONE', #959, #313 ) ;
#1390 = UNCERTAINTY_MEASURE_WITH_UNIT (LENGTH_MEASURE( 1.000000000000000100E-005 ), #885, 'distance_accuracy_value', 'NONE');
#1391 = CYLINDRICAL_SURFACE ( 'NONE', #669, 2.500000000000021300 ) ;
#1392 = VECTOR ( 'NONE', #395, 1000.000000000000000 ) ;
#1393 = DIRECTION ( 'NONE',  ( -1.000000000000000000, 0.0000000000000000000, 0.0000000000000000000 ) ) ;
#1394 = EDGE_LOOP ( 'NONE', ( #374, #134 ) ) ;
#1395 = CARTESIAN_POINT ( 'NONE',  ( -0.0000000000000000000, 30.00000000000000000, -15.00000000000000000 ) ) ;
#1396 = EDGE_CURVE ( 'NONE', #1112, #1234, #328, .T. ) ;
#1397 = ORIENTED_EDGE ( 'NONE', *, *, #1155, .F. ) ;
#1398 = VERTEX_POINT ( 'NONE', #339 ) ;
#1399 = AXIS2_PLACEMENT_3D ( 'NONE', #1227, #226, #655 ) ;
#1400 = CARTESIAN_POINT ( 'NONE',  ( 0.0000000000000000000, -30.00000000000000000, -15.00000000000000000 ) ) ;
#1401 = ORIENTED_EDGE ( 'NONE', *, *, #770, .T. ) ;
#1402 = EDGE_CURVE ( 'NONE', #1240, #833, #843, .T. ) ;
#1403 = DIRECTION ( 'NONE',  ( -1.000000000000000000, 0.0000000000000000000, 0.0000000000000000000 ) ) ;
#1404 = CIRCLE ( 'NONE', #1272, 25.00000000000002100 ) ;
#1405 = DIRECTION ( 'NONE',  ( -3.491130995403321100E-015, 1.000000000000000000, 0.0000000000000000000 ) ) ;
#1406 = LINE ( 'NONE', #653, #1037 ) ;
#1407 = PLANE ( 'NONE',  #524 ) ;
#1408 = CIRCLE ( 'NONE', #1368, 2.500000000000002200 ) ;
#1409 = ORIENTED_EDGE ( 'NONE', *, *, #633, .T. ) ;
#1410 = ORIENTED_EDGE ( 'NONE', *, *, #500, .T. ) ;
#1411 = CARTESIAN_POINT ( 'NONE',  ( -3.224079491612846100, 389.6918461082842700, 35.00000000000000000 ) ) ;
#1412 = ORIENTED_EDGE ( 'NONE', *, *, #1238, .F. ) ;
#1413 = ORIENTED_EDGE ( 'NONE', *, *, #1086, .F. ) ;
#1414 = AXIS2_PLACEMENT_3D ( 'NONE', #398, #259, #70 ) ;
#1415 = EDGE_LOOP ( 'NONE', ( #834, #1345, #665, #59, #281, #613, #285, #689, #105, #1065, #982, #1174, #927, #1218, #482, #230 ) ) ;
#1416 = CARTESIAN_POINT ( 'NONE',  ( 5.834664758178119500, 5.834664758178186100, 25.00000000000000000 ) ) ;
#1417 = CARTESIAN_POINT ( 'NONE',  ( -0.0000000000000000000, -430.0000000000000600, -15.00000000000000000 ) ) ;
#1418 = DIRECTION ( 'NONE',  ( 0.0000000000000000000, 0.0000000000000000000, 1.000000000000000000 ) ) ;
#1419 = APPROVAL_PERSON_ORGANIZATION ( #575, #483, #1001 ) ;
#1420 = DIRECTION ( 'NONE',  ( -1.000000000000000000, 0.0000000000000000000, 0.0000000000000000000 ) ) ;
#1421 = EDGE_CURVE ( 'NONE', #1113, #1240, #741, .T. ) ;
#1422 = VECTOR ( 'NONE', #17, 1000.000000000000100 ) ;
#1423 = DIRECTION ( 'NONE',  ( 0.0000000000000000000, 0.0000000000000000000, 1.000000000000000000 ) ) ;
ENDSEC;
END-ISO-10303-21;
