ISO-10303-21;
HEADER;
FILE_DESCRIPTION (( 'STEP AP203' ),
    '1' );
FILE_NAME ('PROPELLER - 8x4_Défaut_sldprt.STEP',
    '2016-07-29T06:56:38',
    ( '' ),
    ( '' ),
    'SwSTEP 2.0',
    'SolidWorks 2016',
    '' );
FILE_SCHEMA (( 'CONFIG_CONTROL_DESIGN' ));
ENDSEC;

DATA;
#1 = CARTESIAN_POINT ( 'NONE',  ( 4.416616607757243100, -2.106566525355265900, -92.34736042099463300 ) ) ;
#2 = CARTESIAN_POINT ( 'NONE',  ( 6.571916522899861100, 2.327642394770359500, 75.81319226473746700 ) ) ;
#3 = CARTESIAN_POINT ( 'NONE',  ( -0.2003605797935595100, 1.809459859870980800, -9.814524093659249700 ) ) ;
#4 = EDGE_LOOP ( 'NONE', ( #1949, #1686, #4901, #1244, #2130, #4140, #3683, #2781, #4666, #819, #1523, #3065 ) ) ;
#5 = CARTESIAN_POINT ( 'NONE',  ( 5.500000000000000000, -3.500000000000000000, -101.5999999999999900 ) ) ;
#6 = CARTESIAN_POINT ( 'NONE',  ( 0.9554873441741139600, -0.2846749504638596000, -78.88710329366605800 ) ) ;
#7 = FACE_OUTER_BOUND ( 'NONE', #4342, .T. ) ;
#8 = CARTESIAN_POINT ( 'NONE',  ( 7.621052123507751300, 1.136561707596037900, 75.83850305404818900 ) ) ;
#9 = CARTESIAN_POINT ( 'NONE',  ( 4.201794849009997900, -2.927145452471277200, -0.0000000000000000000 ) ) ;
#10 = CARTESIAN_POINT ( 'NONE',  ( -5.867394716286332500, 0.4402472501814538900, -91.60000000000023600 ) ) ;
#11 = CARTESIAN_POINT ( 'NONE',  ( -8.964587746632174600, -3.352262264179022700, 84.89983322279214000 ) ) ;
#12 = CARTESIAN_POINT ( 'NONE',  ( -6.721499208812427500, 0.4678324047076254400, -86.34477564498041600 ) ) ;
#13 = EDGE_LOOP ( 'NONE', ( #86, #2010 ) ) ;
#14 = DIRECTION ( 'NONE',  ( -1.000000000000000000, 0.0000000000000000000, 0.0000000000000000000 ) ) ;
#15 = CARTESIAN_POINT ( 'NONE',  ( -6.692205675365906700, 0.3089669036976657700, -75.67506726877249400 ) ) ;
#16 = CARTESIAN_POINT ( 'NONE',  ( -12.04282393643056700, -3.495300514531105100, 65.00000000000000000 ) ) ;
#17 = CARTESIAN_POINT ( 'NONE',  ( 4.344009106448598200, -2.089210432617129700, -3.380585774213791700 ) ) ;
#18 = CARTESIAN_POINT ( 'NONE',  ( 5.494226188236088300, 1.646656890334613700, 0.2600344868026330800 ) ) ;
#19 = CARTESIAN_POINT ( 'NONE',  ( 12.16943688249379600, -3.327076894493239800, -65.00000000000000000 ) ) ;
#20 = CARTESIAN_POINT ( 'NONE',  ( 5.500000000000000000, -3.500000000000000000, -101.5999999999999900 ) ) ;
#21 = ORIENTED_EDGE ( 'NONE', *, *, #5252, .F. ) ;
#22 = VERTEX_POINT ( 'NONE', #4157 ) ;
#23 = CARTESIAN_POINT ( 'NONE',  ( 6.674238266302834800, 1.583576310168084200, 81.05940348444087800 ) ) ;
#24 = CARTESIAN_POINT ( 'NONE',  ( 12.21141010944020700, -2.416042901537755100, -35.00000000000003600 ) ) ;
#25 = CARTESIAN_POINT ( 'NONE',  ( 3.401181651596549400, -2.475969392201541600, -4.331381501159379300 ) ) ;
#26 = CARTESIAN_POINT ( 'NONE',  ( 1.476432088470641900, -0.4290888756436229100, -78.70421137605153200 ) ) ;
#27 = CARTESIAN_POINT ( 'NONE',  ( 1.134145014508740600, -1.897447705419733800, -91.59999999999999400 ) ) ;
#28 = CARTESIAN_POINT ( 'NONE',  ( 7.287932378576790000, 1.371874578723889100, 65.00000000000000000 ) ) ;
#29 = CARTESIAN_POINT ( 'NONE',  ( 0.03834867992640955700, 2.685545651007119600, -23.27765147276359100 ) ) ;
#30 = CARTESIAN_POINT ( 'NONE',  ( -5.902346655604682200, 1.025198713462589100, -86.28210766068227100 ) ) ;
#31 = CARTESIAN_POINT ( 'NONE',  ( -7.652957546982749500, -3.337471884920913300, 91.60000000000000900 ) ) ;
#32 = CARTESIAN_POINT ( 'NONE',  ( -6.324741436339619000, -0.2707379314590873100, -91.59999999999996600 ) ) ;
#33 = CARTESIAN_POINT ( 'NONE',  ( 0.0000000000000000000, -3.926777784743245500, 0.0000000000000000000 ) ) ;
#34 = CARTESIAN_POINT ( 'NONE',  ( -7.494276574226447900, 1.096134171162186800, -70.40484003620059600 ) ) ;
#35 = CARTESIAN_POINT ( 'NONE',  ( 5.492100352882647300, -3.188670276278762200, -0.3197656788274306200 ) ) ;
#36 = CARTESIAN_POINT ( 'NONE',  ( 12.16059538358808800, -3.314580652250296300, -65.00000000000000000 ) ) ;
#37 = CARTESIAN_POINT ( 'NONE',  ( 4.093176569671714800, 0.4309039440911763800, 91.60000000000006500 ) ) ;
#38 = CARTESIAN_POINT ( 'NONE',  ( 2.105501622571343700, -1.283420647238255000, -93.14104977009940000 ) ) ;
#39 = CARTESIAN_POINT ( 'NONE',  ( 6.089569868842662700, 0.2942611143748803400, 91.60000000000026400 ) ) ;
#40 = CARTESIAN_POINT ( 'NONE',  ( 2.649311318998816700, -0.6477401337526967900, -0.0000000000000000000 ) ) ;
#41 = CARTESIAN_POINT ( 'NONE',  ( -0.06692549524274162000, -0.5607342222052168500, -94.25483705900106200 ) ) ;
#42 = CARTESIAN_POINT ( 'NONE',  ( 3.182170006955480400, 0.2445196036921183400, -67.92103883184871900 ) ) ;
#43 = CARTESIAN_POINT ( 'NONE',  ( 5.505696776299161300, -3.017552498776584300, -92.06314416388509900 ) ) ;
#44 = CARTESIAN_POINT ( 'NONE',  ( 7.568115455234868200, 0.9473495702130605400, 75.81784345939784900 ) ) ;
#45 = CARTESIAN_POINT ( 'NONE',  ( -4.552846171616891100, 2.718282363560556200, 0.0000000000000000000 ) ) ;
#46 = CARTESIAN_POINT ( 'NONE',  ( -6.059356797506832300, 1.017507208359433600, -86.29843617150305600 ) ) ;
#47 = CARTESIAN_POINT ( 'NONE',  ( -7.646605843074763900, -3.330072874238323400, 91.60000000000000900 ) ) ;
#48 = CARTESIAN_POINT ( 'NONE',  ( -6.984957542054771400, 1.399935842589649100, -81.08498772180637100 ) ) ;
#49 = CARTESIAN_POINT ( 'NONE',  ( -5.500000000000000000, -3.500000000000000000, 101.5999999999999900 ) ) ;
#50 = CARTESIAN_POINT ( 'NONE',  ( -6.085185394108310500, -0.5460765632072309700, -86.29601873208369500 ) ) ;
#51 = CARTESIAN_POINT ( 'NONE',  ( -3.987009998229922700, -0.07922085577355937600, 67.67033712664007800 ) ) ;
#52 = CARTESIAN_POINT ( 'NONE',  ( 5.499555416384282600, -3.235529499516978500, -0.07161638441213474800 ) ) ;
#53 = CARTESIAN_POINT ( 'NONE',  ( 4.884390998156982600, 2.759449248230522400, 2.543517942267000900 ) ) ;
#54 = CARTESIAN_POINT ( 'NONE',  ( 5.956627282007008100, 5.500000000000001800, 23.28022362359615400 ) ) ;
#55 = CARTESIAN_POINT ( 'NONE',  ( 11.90583012651492600, -3.447723289113967700, -70.22584695823610400 ) ) ;
#56 = CARTESIAN_POINT ( 'NONE',  ( 2.514652690547567000, 0.8065061206032324600, 85.81554183458447900 ) ) ;
#57 = CARTESIAN_POINT ( 'NONE',  ( 7.424495560152087700, -3.232430917835104300, -91.59999999999998000 ) ) ;
#58 = CARTESIAN_POINT ( 'NONE',  ( -0.7946534794026892700, 2.155801105530697400, 0.0000000000000000000 ) ) ;
#59 = CARTESIAN_POINT ( 'NONE',  ( 4.042823936348948900, 0.04683820488519256600, -65.00000000000000000 ) ) ;
#60 = CARTESIAN_POINT ( 'NONE',  ( 0.009039846799301627300, 1.092027101640156200, -68.86489109586612800 ) ) ;
#61 = CARTESIAN_POINT ( 'NONE',  ( 5.500000000000000000, -3.500000000000000000, -101.5999999999999900 ) ) ;
#62 = CARTESIAN_POINT ( 'NONE',  ( 7.624736990385947000, 1.157524644621472000, 75.84059318009144600 ) ) ;
#63 = CARTESIAN_POINT ( 'NONE',  ( 0.0000000000000000000, -3.926777784743245500, 0.0000000000000000000 ) ) ;
#64 = CARTESIAN_POINT ( 'NONE',  ( -6.940579264250523300, 3.242176048693420100, -65.00000000000000000 ) ) ;
#65 = CARTESIAN_POINT ( 'NONE',  ( -10.26071366622993600, -3.435132581585471200, 78.21648902189134800 ) ) ;
#66 = CARTESIAN_POINT ( 'NONE',  ( -6.649510058718241200, 0.6492244923499722600, -86.34249386090320400 ) ) ;
#67 = EDGE_CURVE ( 'NONE', #2000, #4728, #4402, .T. ) ;
#68 = CARTESIAN_POINT ( 'NONE',  ( -6.053224935138692000, -3.219023498586314000, 96.79169207297772500 ) ) ;
#69 = CARTESIAN_POINT ( 'NONE',  ( -6.434951684269401000, -0.3838512225318878600, -86.31807101523848800 ) ) ;
#70 = CARTESIAN_POINT ( 'NONE',  ( -3.623554044151950500, 0.2265022081313223500, 65.00000000000000000 ) ) ;
#71 = CARTESIAN_POINT ( 'NONE',  ( 4.438290311729540200, 2.735737333946335300, 0.0000000000000000000 ) ) ;
#72 = CARTESIAN_POINT ( 'NONE',  ( 7.312499999999926300, 5.500000000000005300, 35.00000000000000000 ) ) ;
#73 = CARTESIAN_POINT ( 'NONE',  ( -1.411435737789017700, 0.4430318702753954800, 0.0000000000000000000 ) ) ;
#74 = CARTESIAN_POINT ( 'NONE',  ( 10.23257998441519900, -3.450393278192283900, -78.25289115165121200 ) ) ;
#75 = CARTESIAN_POINT ( 'NONE',  ( 5.386200802149455800, 1.023707619174317100, 86.23600614581225400 ) ) ;
#76 = ORIENTED_EDGE ( 'NONE', *, *, #755, .T. ) ;
#77 = CARTESIAN_POINT ( 'NONE',  ( 7.615720755701706100, -3.343592551263692600, -91.93660459115156400 ) ) ;
#78 = CARTESIAN_POINT ( 'NONE',  ( 5.452379978716774800, -3.390714092315537900, -0.0000000000000000000 ) ) ;
#79 = CARTESIAN_POINT ( 'NONE',  ( 2.716537252378629300, -2.030367111102608500, -97.92741852950052800 ) ) ;
#80 = CARTESIAN_POINT ( 'NONE',  ( -5.244046432677080800, 0.06102793791293807000, -80.81399947052756300 ) ) ;
#81 = FACE_OUTER_BOUND ( 'NONE', #1701, .T. ) ;
#82 = CARTESIAN_POINT ( 'NONE',  ( 5.500000000000000000, -3.500000000000000000, -101.5999999999999900 ) ) ;
#83 = CARTESIAN_POINT ( 'NONE',  ( 7.542596220237639300, 1.151491801500090800, 70.40997535485749400 ) ) ;
#84 = CARTESIAN_POINT ( 'NONE',  ( -4.789576431103972400, 2.649599163913951600, 0.0000000000000000000 ) ) ;
#85 = CARTESIAN_POINT ( 'NONE',  ( -6.700073671284774200, 2.650378996277289000, -70.32203413774399800 ) ) ;
#86 = ORIENTED_EDGE ( 'NONE', *, *, #1121, .T. ) ;
#87 = CARTESIAN_POINT ( 'NONE',  ( -10.27598351154716200, -3.422557455080991000, 78.20774484972240300 ) ) ;
#88 = CARTESIAN_POINT ( 'NONE',  ( -7.697490431060526100, 2.174318355896260000, -70.44934976443546800 ) ) ;
#89 = CARTESIAN_POINT ( 'NONE',  ( -6.977909564158400400, -3.085472570157330500, 91.95697146355861700 ) ) ;
#90 = CARTESIAN_POINT ( 'NONE',  ( -6.148823661859199600, -0.5304573572836411800, -86.29985334261273500 ) ) ;
#91 = CARTESIAN_POINT ( 'NONE',  ( -0.5250103917767042800, -1.745611812738473200, 91.59999999999998000 ) ) ;
#92 = CARTESIAN_POINT ( 'NONE',  ( -3.987009998229922700, -0.07922085577355933400, 67.67033712664007800 ) ) ;
#93 = DIRECTION ( 'NONE',  ( 0.0000000000000000000, 0.0000000000000000000, 1.000000000000000000 ) ) ;
#94 = CARTESIAN_POINT ( 'NONE',  ( -13.43918027289603300, -3.386841064597006000, 23.03659905653087800 ) ) ;
#95 = CARTESIAN_POINT ( 'NONE',  ( 11.90308198615249700, -3.453846919859142600, -70.20519569396235200 ) ) ;
#96 = CARTESIAN_POINT ( 'NONE',  ( 5.738202270562997100, 3.232811356166312300, 64.99999999999997200 ) ) ;
#97 = CARTESIAN_POINT ( 'NONE',  ( 5.228520124881789000, -3.437037112749414400, -0.0000000000000000000 ) ) ;
#98 = CARTESIAN_POINT ( 'NONE',  ( 7.628358439179398200, -3.496058060785116200, -91.60000000000002300 ) ) ;
#99 = CARTESIAN_POINT ( 'NONE',  ( -4.419613180479089500, 1.229358977622461200, -69.97705262769400700 ) ) ;
#100 = CARTESIAN_POINT ( 'NONE',  ( 6.307152862957285500, -3.209304469056137900, -91.98489517460844000 ) ) ;
#101 = CARTESIAN_POINT ( 'NONE',  ( 7.205509932403297800, 0.6483707540039165300, 81.07707583891962600 ) ) ;
#102 = CARTESIAN_POINT ( 'NONE',  ( -8.199637109549797700, 3.326263060902202800, -35.00000000000002100 ) ) ;
#103 = EDGE_CURVE ( 'NONE', #4071, #3288, #5196, .T. ) ;
#104 = CARTESIAN_POINT ( 'NONE',  ( -4.267398702843086000, 3.137589174562621000, -65.00000000000000000 ) ) ;
#105 = CARTESIAN_POINT ( 'NONE',  ( -12.02946373356230800, -3.460804824644049900, 67.62781773001950100 ) ) ;
#106 = CARTESIAN_POINT ( 'NONE',  ( -7.691932485758518300, 2.185588763430502000, -70.44921668904642300 ) ) ;
#107 = COORDINATED_UNIVERSAL_TIME_OFFSET ( 5, 30, .AHEAD. ) ;
#108 = CARTESIAN_POINT ( 'NONE',  ( -3.109052673197406900, -1.623752969793905500, 92.73665145521403000 ) ) ;
#109 = CARTESIAN_POINT ( 'NONE',  ( -6.932533860554155300, 0.3549753044369269300, -75.70676095495193200 ) ) ;
#110 = CARTESIAN_POINT ( 'NONE',  ( -2.038119066391566500, -0.6066085093652626700, 78.50748083780776200 ) ) ;
#111 = DIRECTION ( 'NONE',  ( 1.000000000000000000, 0.0000000000000000000, 0.0000000000000000000 ) ) ;
#112 = CARTESIAN_POINT ( 'NONE',  ( -7.236995560273752100, -3.157766779282542600, 91.59999999999998000 ) ) ;
#113 = CARTESIAN_POINT ( 'NONE',  ( -0.2134503257450141900, 1.498654073772275800, -0.0000000000000000000 ) ) ;
#114 = CARTESIAN_POINT ( 'NONE',  ( 12.05751920069534400, -3.435015512788734500, -67.58262815693024100 ) ) ;
#115 = CARTESIAN_POINT ( 'NONE',  ( 3.536850221109658000, 2.000024045857273800, 74.72757693756534500 ) ) ;
#116 = AXIS2_PLACEMENT_3D ( 'NONE', #4821, #2320, #1908 ) ;
#117 = ORGANIZATION ( 'UNSPECIFIED', 'UNSPECIFIED', '' ) ;
#118 = CARTESIAN_POINT ( 'NONE',  ( 5.216487792279433000, -3.431835659856597800, -23.94588434595592100 ) ) ;
#119 = CARTESIAN_POINT ( 'NONE',  ( -5.500000000000000000, -3.500000000000000000, 101.5999999999999900 ) ) ;
#120 = CARTESIAN_POINT ( 'NONE',  ( 4.304526336598703700, -2.561876484896953100, -97.16832572760701200 ) ) ;
#121 = CARTESIAN_POINT ( 'NONE',  ( -3.304293724253680100, 1.319260032677619600, -69.73806104205688400 ) ) ;
#122 = CARTESIAN_POINT ( 'NONE',  ( 5.162781236881126100, 0.3481630525693187300, -67.90072908368479400 ) ) ;
#123 = CARTESIAN_POINT ( 'NONE',  ( 5.500000000000000000, -3.500000000000000000, -101.5999999999999900 ) ) ;
#124 = CARTESIAN_POINT ( 'NONE',  ( 7.727388212573875300, 1.454817587760580000, 70.43192107918541500 ) ) ;
#125 = CARTESIAN_POINT ( 'NONE',  ( -5.401643454997826100, 2.056579181121865200, -5.464696221094448500 ) ) ;
#126 = CARTESIAN_POINT ( 'NONE',  ( -6.177604975996977100, 1.550917069118307000, -80.95706275498507400 ) ) ;
#127 = CARTESIAN_POINT ( 'NONE',  ( -8.945574693767754900, -3.452276345958110900, 84.92644557582563900 ) ) ;
#128 = CARTESIAN_POINT ( 'NONE',  ( -7.358244729590059500, 2.550694317508848600, -70.42700917066251500 ) ) ;
#129 = CARTESIAN_POINT ( 'NONE',  ( 7.127574927743416400, 3.200403435401751700, 65.00000000000000000 ) ) ;
#130 = CARTESIAN_POINT ( 'NONE',  ( -5.500000000000000000, -3.500000000000000000, 101.5999999999999900 ) ) ;
#131 = CARTESIAN_POINT ( 'NONE',  ( -7.631755103491073600, 1.186123482563021400, -75.84348695971333100 ) ) ;
#132 = CARTESIAN_POINT ( 'NONE',  ( -3.827525614779567800, 0.1408364757835729500, 65.00000000000000000 ) ) ;
#133 = CARTESIAN_POINT ( 'NONE',  ( -5.424495561112171200, -2.436013439694203700, 91.59999999999996600 ) ) ;
#134 = CARTESIAN_POINT ( 'NONE',  ( -7.931666547352816300, 0.7096218129894285000, 35.00000000000000000 ) ) ;
#135 = CARTESIAN_POINT ( 'NONE',  ( 7.658569403120310400, -3.454159413723937500, -91.60000000000005100 ) ) ;
#136 = CARTESIAN_POINT ( 'NONE',  ( -2.784743616428259700, 0.9454610534041878500, 71.87688641509738800 ) ) ;
#137 = CARTESIAN_POINT ( 'NONE',  ( 0.9078375051027158800, -1.721121880917405800, 94.11631880615279000 ) ) ;
#138 = CARTESIAN_POINT ( 'NONE',  ( 6.486849587866337300, -3.516968981466880100, -96.76894068899616700 ) ) ;
#139 = CARTESIAN_POINT ( 'NONE',  ( 6.541525825684529700, 1.603447768602186900, 81.04293333198117500 ) ) ;
#140 = CARTESIAN_POINT ( 'NONE',  ( 3.243725878551087400, -0.07588453309606539600, -78.54072908368480900 ) ) ;
#141 = CARTESIAN_POINT ( 'NONE',  ( 2.296081247448642100, -2.610560940458703300, -97.85815940307638500 ) ) ;
#142 = B_SPLINE_CURVE_WITH_KNOTS ( 'NONE', 3,
 ( #2019, #380, #2364, #2777 ),
 .UNSPECIFIED., .F., .F.,
 ( 4, 4 ),
 ( 0.0000000000000000000, 0.8623188966464435700 ),
 .UNSPECIFIED. ) ;
#143 = ORIENTED_EDGE ( 'NONE', *, *, #3787, .F. ) ;
#144 = CARTESIAN_POINT ( 'NONE',  ( 7.379305363135803700, 1.428528482263407700, 65.00000000000000000 ) ) ;
#145 = CARTESIAN_POINT ( 'NONE',  ( 12.68310727074662300, -3.502888593200705900, -52.50191092872521600 ) ) ;
#146 = CARTESIAN_POINT ( 'NONE',  ( -5.628394830572341700, 1.026019168075865900, -86.25888597626566000 ) ) ;
#147 = CARTESIAN_POINT ( 'NONE',  ( -12.04757080901978800, -3.441182631172480900, 67.59328417660600500 ) ) ;
#148 = CARTESIAN_POINT ( 'NONE',  ( -6.092236742730660700, 0.2917300450999967800, -91.60000000000026400 ) ) ;
#149 = CARTESIAN_POINT ( 'NONE',  ( 6.225357527135473700, 0.9830035291979860600, 86.31403820538874100 ) ) ;
#150 = EDGE_CURVE ( 'NONE', #5125, #1178, #2985, .T. ) ;
#151 = CIRCLE ( 'NONE', #3245, 5.500000000000000000 ) ;
#152 = CARTESIAN_POINT ( 'NONE',  ( -5.500000000000000000, -3.500000000000000000, 101.5999999999999900 ) ) ;
#153 = CARTESIAN_POINT ( 'NONE',  ( -7.595367687778446200, 1.221003493014359600, -70.41581147553557700 ) ) ;
#154 = CARTESIAN_POINT ( 'NONE',  ( -3.885415785753489000, -0.1796416769483043800, 70.37256937397201300 ) ) ;
#155 = CARTESIAN_POINT ( 'NONE',  ( 2.710505431213761100E-016, 2.034576191987957500, 5.500000000000000000 ) ) ;
#156 = CARTESIAN_POINT ( 'NONE',  ( -4.424495561535934500, -2.037804700582602500, 91.59999999999996600 ) ) ;
#157 = CARTESIAN_POINT ( 'NONE',  ( -5.228520124881789000, -3.437037112749414400, 23.95002637645679800 ) ) ;
#158 = CARTESIAN_POINT ( 'NONE',  ( 11.91146287807707100, -3.495627888606577000, -67.67748053202908000 ) ) ;
#159 = CARTESIAN_POINT ( 'NONE',  ( -6.227320737911400200, -0.3475896502577191000, 70.50331196721822400 ) ) ;
#160 = ORIENTED_EDGE ( 'NONE', *, *, #3868, .T. ) ;
#161 = CARTESIAN_POINT ( 'NONE',  ( -2.082061681108955800, -2.133749714706710200, 91.59999999999996600 ) ) ;
#162 = CARTESIAN_POINT ( 'NONE',  ( 5.500000000000000000, -3.500000000000000000, -101.5999999999999900 ) ) ;
#163 = CARTESIAN_POINT ( 'NONE',  ( 6.539865602800005300, 1.603509288224376700, 81.04269887043116700 ) ) ;
#164 = CARTESIAN_POINT ( 'NONE',  ( 4.864424039845571800, 0.4772476029195476000, -67.95257729464056200 ) ) ;
#165 = VERTEX_POINT ( 'NONE', #1285 ) ;
#166 = ADVANCED_FACE ( 'NONE', ( #2846 ), #5140, .T. ) ;
#167 = CARTESIAN_POINT ( 'NONE',  ( 7.636777089755940800, 1.210199352822791700, 75.84584804485034200 ) ) ;
#168 = CARTESIAN_POINT ( 'NONE',  ( 9.008502633510493900, -0.8463118392531696600, -53.34520522423023400 ) ) ;
#169 = CARTESIAN_POINT ( 'NONE',  ( -6.316586852261570700, 2.655098022408563600, -70.27777195253126800 ) ) ;
#170 = CARTESIAN_POINT ( 'NONE',  ( -12.01972085856009200, -3.471793218467273500, 67.63827034368542000 ) ) ;
#171 = CARTESIAN_POINT ( 'NONE',  ( -6.549883099626172500, 1.603059247592111500, -81.04409992298963100 ) ) ;
#172 = CARTESIAN_POINT ( 'NONE',  ( 6.472122131322740800, 2.138388209618946200, 75.73478582970129500 ) ) ;
#173 = ORIENTED_EDGE ( 'NONE', *, *, #1469, .F. ) ;
#174 = CARTESIAN_POINT ( 'NONE',  ( -7.043222438984862800, 0.2859380727417338300, -81.05269793781558000 ) ) ;
#175 = CARTESIAN_POINT ( 'NONE',  ( -1.329523725410979100, 0.6641625032265096000, 71.94997084584257200 ) ) ;
#176 = CARTESIAN_POINT ( 'NONE',  ( -4.958308303878621500, -2.803283262677633400, 96.97368021049730700 ) ) ;
#177 = CARTESIAN_POINT ( 'NONE',  ( -13.26915514171067500, -3.492244288815582900, 35.00000000000000000 ) ) ;
#178 = CARTESIAN_POINT ( 'NONE',  ( 12.13318786544493700, -3.482662800778712600, -65.00000000000000000 ) ) ;
#179 = CARTESIAN_POINT ( 'NONE',  ( -0.02037496459316966200, 0.2878380359999392900, 85.33900634966536800 ) ) ;
#180 = CARTESIAN_POINT ( 'NONE',  ( -5.721416156616150800, -3.310948840702010500, 96.80783556360094600 ) ) ;
#181 = CARTESIAN_POINT ( 'NONE',  ( 5.509145014202041500, -2.988072363667311200, -91.60000000000000900 ) ) ;
#182 = CARTESIAN_POINT ( 'NONE',  ( 5.078179577282570600, 0.6209759716901776000, -64.99999999999997200 ) ) ;
#183 = DIRECTION ( 'NONE',  ( 0.0000000000000000000, 0.0000000000000000000, 1.000000000000000000 ) ) ;
#184 = CARTESIAN_POINT ( 'NONE',  ( 7.786523262564686300, 1.711995033765072000, 70.44330349631209700 ) ) ;
#185 = CARTESIAN_POINT ( 'NONE',  ( 9.656521415243194200, -0.5501074020983604000, -41.69041044846055400 ) ) ;
#186 = EDGE_CURVE ( 'NONE', #4855, #5041, #3180, .T. ) ;
#187 = CALENDAR_DATE ( 2016, 29, 7 ) ;
#188 = CARTESIAN_POINT ( 'NONE',  ( -2.765699483134438800, 2.971862260744864600, -65.00000000000000000 ) ) ;
#189 = CARTESIAN_POINT ( 'NONE',  ( -11.89307395511917400, -3.469786775825646000, 70.30054656601929300 ) ) ;
#190 = CARTESIAN_POINT ( 'NONE',  ( -6.102813215309161900, 0.2814837495404421400, -91.60000000000026400 ) ) ;
#191 = CARTESIAN_POINT ( 'NONE',  ( 7.342820218160389900, 3.097260252069106800, 64.99999999999998600 ) ) ;
#192 = CARTESIAN_POINT ( 'NONE',  ( -7.624736990385947000, 1.157524644621472000, -75.84059318009144600 ) ) ;
#193 = CARTESIAN_POINT ( 'NONE',  ( -2.072540673559688100, 0.4614864690042545500, 71.49480833502201400 ) ) ;
#194 = CARTESIAN_POINT ( 'NONE',  ( 5.500005099422955000, 1.492001305332441700, 0.0000000000000000000 ) ) ;
#195 = CARTESIAN_POINT ( 'NONE',  ( -5.500000000000000000, -3.500000000000000000, 101.5999999999999900 ) ) ;
#196 = CARTESIAN_POINT ( 'NONE',  ( -5.216487792279433000, -3.431835659856597800, 23.94588434595592100 ) ) ;
#197 = CARTESIAN_POINT ( 'NONE',  ( 8.924682200871545800, -3.476401955368870300, -84.93810313750935800 ) ) ;
#198 = CARTESIAN_POINT ( 'NONE',  ( -3.763854275185061700, 0.6378896535929208200, 71.42315322807601800 ) ) ;
#199 = CARTESIAN_POINT ( 'NONE',  ( 0.9576719399753763600, -1.408451403349630900, 91.60000000000013600 ) ) ;
#200 = CARTESIAN_POINT ( 'NONE',  ( -0.9576719399753763600, -1.408451403349630900, -91.60000000000013600 ) ) ;
#201 = CARTESIAN_POINT ( 'NONE',  ( 5.541112712502142700, 0.4003503166141035900, -64.99999999999997200 ) ) ;
#202 = CARTESIAN_POINT ( 'NONE',  ( 5.500000000000000000, -3.500000000000000000, -101.5999999999999900 ) ) ;
#203 = CARTESIAN_POINT ( 'NONE',  ( 7.776443737658842900, 1.983534977106965900, 65.00000000000004300 ) ) ;
#204 = CARTESIAN_POINT ( 'NONE',  ( 8.175361925316210000, -0.3040165626875691600, -53.62657717631147800 ) ) ;
#205 = CARTESIAN_POINT ( 'NONE',  ( -3.038397187213422300, 0.3163165766397309500, -91.60000000000005100 ) ) ;
#206 = CARTESIAN_POINT ( 'NONE',  ( -6.494011707170883200, 2.247908345917574400, -75.78400298564785900 ) ) ;
#207 = CARTESIAN_POINT ( 'NONE',  ( 6.328073274804474100, 1.580665595134529600, 81.00319266760062900 ) ) ;
#208 = CARTESIAN_POINT ( 'NONE',  ( -6.516176026290697400, -0.3077260800753554600, -86.32372505457793500 ) ) ;
#209 = ORIENTED_EDGE ( 'NONE', *, *, #2375, .F. ) ;
#210 = CARTESIAN_POINT ( 'NONE',  ( -0.5539239101922386300, 0.8210079288703429100, 72.41915125447540900 ) ) ;
#211 = CARTESIAN_POINT ( 'NONE',  ( -3.794162780614560600, -2.873037202515628800, 97.19525869655981900 ) ) ;
#212 = CARTESIAN_POINT ( 'NONE',  ( 11.90476230449918800, -3.454891051480024200, -70.27229691655192300 ) ) ;
#213 = CARTESIAN_POINT ( 'NONE',  ( -4.251135326965861200, 0.7307946623441019500, 68.06888295621240600 ) ) ;
#214 = CARTESIAN_POINT ( 'NONE',  ( -6.735557395310442000E-016, 3.500000000000000000, -5.500000000000000000 ) ) ;
#215 = CARTESIAN_POINT ( 'NONE',  ( 5.502848388149580200, -3.258776249388292800, -96.83157208194253900 ) ) ;
#216 = B_SPLINE_CURVE_WITH_KNOTS ( 'NONE', 3,
 ( #5344, #1673, #467, #4554, #4964, #4536, #2912, #2511, #3350, #2105, #3678, #887 ),
 .UNSPECIFIED., .F., .F.,
 ( 4, 2, 2, 2, 2, 4 ),
 ( 0.01232525779680860100, 0.01375487134208199700, 0.01518448488735539000, 0.01661409843262878800, 0.01732890520526548400, 0.01804371197790218000 ),
 .UNSPECIFIED. ) ;
#218 = EDGE_LOOP ( 'NONE', ( #3308, #2340 ) ) ;
#217 = CARTESIAN_POINT ( 'NONE',  ( 7.040537843238975100, -0.7477110926982506500, -70.33712667903152700 ) ) ;
#219 = CARTESIAN_POINT ( 'NONE',  ( 6.015744455871889300, -0.6829223572617525400, 98.10577902176464700 ) ) ;
#220 = CARTESIAN_POINT ( 'NONE',  ( 7.794194789452899600, 2.059445417220787900, 65.00000000000002800 ) ) ;
#221 = CARTESIAN_POINT ( 'NONE',  ( 12.18750309297847200, -3.437483214734717900, -64.99999999999994300 ) ) ;
#222 = CARTESIAN_POINT ( 'NONE',  ( -0.6574063938439833600, 0.4554975546210587300, -85.46478663198408300 ) ) ;
#223 = ORIENTED_EDGE ( 'NONE', *, *, #2583, .T. ) ;
#224 = CIRCLE ( 'NONE', #3089, 0.9999999999999991100 ) ;
#225 = CARTESIAN_POINT ( 'NONE',  ( -12.05969905669766400, -3.499416878780418300, 65.00000000000000000 ) ) ;
#226 = CARTESIAN_POINT ( 'NONE',  ( -6.315547847263595700, 0.9488544414885336000, -86.32146666599072700 ) ) ;
#227 = CARTESIAN_POINT ( 'NONE',  ( 5.573167675344517000, 0.5000253446774638500, 91.59999999999998000 ) ) ;
#228 = AXIS2_PLACEMENT_3D ( 'NONE', #2843, #351, #3618 ) ;
#229 = CARTESIAN_POINT ( 'NONE',  ( -6.318134577190406300, -0.3519692570995622800, -91.59999999999990900 ) ) ;
#230 = EDGE_LOOP ( 'NONE', ( #2873, #4005, #2603, #617, #4413, #1944, #4450 ) ) ;
#231 = CARTESIAN_POINT ( 'NONE',  ( -1.332950515941026400, 0.8257623464292911400, 68.47455797756634900 ) ) ;
#232 = DATE_TIME_ROLE ( 'creation_date' ) ;
#233 = CARTESIAN_POINT ( 'NONE',  ( -7.326732501394746900, -3.439767515673693300, 91.93932359218244700 ) ) ;
#234 = CARTESIAN_POINT ( 'NONE',  ( 8.897655726450663500, -3.493531228670705900, -84.94704453395536300 ) ) ;
#235 = CARTESIAN_POINT ( 'NONE',  ( -1.562093928767093600, -0.8979713550837173900, 91.60000000000000900 ) ) ;
#236 = CARTESIAN_POINT ( 'NONE',  ( 5.500000000000000000, -3.500000000000000000, -101.5999999999999900 ) ) ;
#237 = CARTESIAN_POINT ( 'NONE',  ( 7.450818845113680300, -0.7939009660209788200, -67.64633856719345300 ) ) ;
#238 = CARTESIAN_POINT ( 'NONE',  ( -5.500000000000000000, -3.500000000000000000, 101.5999999999999900 ) ) ;
#239 = CARTESIAN_POINT ( 'NONE',  ( 6.310850953093063400, -0.3985518718915080400, 91.59999999999989500 ) ) ;
#240 = CARTESIAN_POINT ( 'NONE',  ( -11.91146287807707100, -3.495627888606581900, 67.67748053202908000 ) ) ;
#241 = CARTESIAN_POINT ( 'NONE',  ( -8.924682200871545800, -3.476401955368870300, 84.93810313750935800 ) ) ;
#242 = CARTESIAN_POINT ( 'NONE',  ( -6.084212855873268200, 0.2992914682499146500, -91.60000000000027900 ) ) ;
#243 = CARTESIAN_POINT ( 'NONE',  ( 6.247066958547574900, 1.558773547450306200, 80.98072553602078500 ) ) ;
#244 = CARTESIAN_POINT ( 'NONE',  ( 8.139115746763122800, 3.652219117492258700, 55.02796668370977100 ) ) ;
#245 = CARTESIAN_POINT ( 'NONE',  ( -7.567157983777036600, 1.904281594847090400, -75.89469614019620300 ) ) ;
#246 = CARTESIAN_POINT ( 'NONE',  ( -2.737643818839815300, 0.5671970574908137300, 65.00000000000000000 ) ) ;
#247 = CARTESIAN_POINT ( 'NONE',  ( 0.0000000000000000000, 0.0000000000000000000, 0.0000000000000000000 ) ) ;
#248 = CARTESIAN_POINT ( 'NONE',  ( -6.894561680724578400, -3.333436838767325700, 91.59999999999999400 ) ) ;
#249 = CARTESIAN_POINT ( 'NONE',  ( -5.210932498510612000, -3.429072555626031500, 0.0000000000000000000 ) ) ;
#250 = CARTESIAN_POINT ( 'NONE',  ( -1.563419532724097100E-013, -0.8858127423063783000, 5.499999999999997300 ) ) ;
#251 = CARTESIAN_POINT ( 'NONE',  ( 7.754760987370175900, 5.447362335066739700, 45.03892597291714100 ) ) ;
#252 = CARTESIAN_POINT ( 'NONE',  ( -7.869071010582949600, -0.8626433313480498200, 65.00000000000000000 ) ) ;
#253 = PERSON_AND_ORGANIZATION ( #4138, #117 ) ;
#254 = DIRECTION ( 'NONE',  ( 0.0000000000000000000, 0.0000000000000000000, 1.000000000000000000 ) ) ;
#255 = CARTESIAN_POINT ( 'NONE',  ( 6.195010293770467400, -3.424981596098041000, -96.77619747656956400 ) ) ;
#256 = CARTESIAN_POINT ( 'NONE',  ( 1.512451053556452800, -0.8783870594269301800, -91.60000000000000900 ) ) ;
#257 = FACE_OUTER_BOUND ( 'NONE', #2580, .T. ) ;
#258 = CARTESIAN_POINT ( 'NONE',  ( -0.04664824619674337600, -1.868037089616290300, 100.0101994566949300 ) ) ;
#259 = CARTESIAN_POINT ( 'NONE',  ( 7.747669938283650900, 2.048027517653587800, 70.44973523575096400 ) ) ;
#260 = CARTESIAN_POINT ( 'NONE',  ( -9.475592860563770300, -2.524148729762156300, 70.35239488166720900 ) ) ;
#261 = EDGE_CURVE ( 'NONE', #781, #4207, #1110, .T. ) ;
#262 = CARTESIAN_POINT ( 'NONE',  ( 7.376524451966854000, -0.8943941281142757700, -53.47072168711505200 ) ) ;
#263 = CARTESIAN_POINT ( 'NONE',  ( -6.077450197879860700, 0.3054870637028526700, -91.60000000000029300 ) ) ;
#264 = CARTESIAN_POINT ( 'NONE',  ( 6.184140123059984600, 1.552308680257471000, 80.95884489512198500 ) ) ;
#265 = CARTESIAN_POINT ( 'NONE',  ( 6.626635759677442100, 0.7804780039836859400, 70.32896420320452100 ) ) ;
#266 = APPLICATION_PROTOCOL_DEFINITION ( 'international standard', 'config_control_design', 1994, #1883 ) ;
#267 = CARTESIAN_POINT ( 'NONE',  ( -7.674438083966977700, -3.353084818829482400, 91.60000000000003700 ) ) ;
#268 = CARTESIAN_POINT ( 'NONE',  ( -2.199754458636715700, -1.863538655640830700, 5.071858964317655700 ) ) ;
#269 = ORIENTED_EDGE ( 'NONE', *, *, #5004, .F. ) ;
#270 = CARTESIAN_POINT ( 'NONE',  ( -7.040537843238975100, -0.7477110926982506500, 70.33712667903152700 ) ) ;
#271 = CARTESIAN_POINT ( 'NONE',  ( -4.249999999999999100, 1.500000000000000000, 0.0000000000000000000 ) ) ;
#272 = CARTESIAN_POINT ( 'NONE',  ( 7.172292136943269700, -0.4658088592432440600, -65.00000000000000000 ) ) ;
#273 = CARTESIAN_POINT ( 'NONE',  ( -3.061616997868383100E-016, -3.500000000000000000, 2.500000000000000000 ) ) ;
#274 = CARTESIAN_POINT ( 'NONE',  ( 7.792985683201791000, 2.053377310124329100, 65.00000000000002800 ) ) ;
#275 = DIRECTION ( 'NONE',  ( 0.0000000000000000000, 0.0000000000000000000, 1.000000000000000000 ) ) ;
#276 = CARTESIAN_POINT ( 'NONE',  ( -5.438276703645452200, 1.065356815629277000, -0.8395466967214205700 ) ) ;
#277 = CARTESIAN_POINT ( 'NONE',  ( -6.302082052002060000, 0.9546598742056270300, -86.32040532838783500 ) ) ;
#278 = CARTESIAN_POINT ( 'NONE',  ( 6.906085064837651700, 3.245722201704868600, 65.00000000000000000 ) ) ;
#279 = EDGE_LOOP ( 'NONE', ( #4130, #3432, #1391, #3171, #2976 ) ) ;
#280 = CARTESIAN_POINT ( 'NONE',  ( 6.639970961979404500, 1.264982612241525100, 65.00000000000000000 ) ) ;
#281 = CARTESIAN_POINT ( 'NONE',  ( -5.500000000000000000, -3.500000000000000000, 101.5999999999999900 ) ) ;
#282 = CARTESIAN_POINT ( 'NONE',  ( 3.987009998229922700, -0.07922085577355933400, -67.67033712664007800 ) ) ;
#283 = CARTESIAN_POINT ( 'NONE',  ( -3.259832298061113900, -0.8577620591919898900, 84.95547810350510100 ) ) ;
#284 = B_SPLINE_CURVE_WITH_KNOTS ( 'NONE', 3,
 ( #430, #4156, #53, #3759, #868, #1301, #1341, #4877, #4966, #3735, #18, #2893, #2972, #469, #2935, #2553, #2914, #2954 ),
 .UNSPECIFIED., .F., .F.,
 ( 4, 2, 2, 2, 2, 2, 2, 2, 4 ),
 ( 0.0000000000000000000, 0.0008769245444300127500, 0.001753849088860025500, 0.002630773633290038300, 0.003069235905505044700, 0.003288467041612547400, 0.003398082609666299000, 0.003452890393693174500, 0.003507698177720050100 ),
 .UNSPECIFIED. ) ;
#285 = VECTOR ( 'NONE', #2854, 1000.000000000000100 ) ;
#286 = CARTESIAN_POINT ( 'NONE',  ( -6.407476991347506300, -0.2454133121814425800, -91.59999999999998000 ) ) ;
#287 = CARTESIAN_POINT ( 'NONE',  ( 3.574237215225569900, -0.9941380446429157700, -84.94316928359671700 ) ) ;
#288 = EDGE_CURVE ( 'NONE', #3791, #4768, #1768, .T. ) ;
#289 = ORIENTED_EDGE ( 'NONE', *, *, #3049, .T. ) ;
#290 = CARTESIAN_POINT ( 'NONE',  ( 4.838430167212462300, -1.006750071235392100, 91.60000000000000900 ) ) ;
#291 = CARTESIAN_POINT ( 'NONE',  ( 6.298919673227152800, -0.04068574578858128600, 91.60000000000008000 ) ) ;
#292 = CARTESIAN_POINT ( 'NONE',  ( -7.373432227444727300, -3.051594379601573000, 84.95822831752110500 ) ) ;
#293 = CARTESIAN_POINT ( 'NONE',  ( -4.970766139296475900, 0.5035469641018854900, -2.361450317294095900 ) ) ;
#294 = CARTESIAN_POINT ( 'NONE',  ( -7.138564810686628600, 2.632617157671500100, -70.40199407626023700 ) ) ;
#295 = CARTESIAN_POINT ( 'NONE',  ( 6.193226557839322400, 1.550681834139615600, 80.96203413774398400 ) ) ;
#296 = VERTEX_POINT ( 'NONE', #1049 ) ;
#297 = CARTESIAN_POINT ( 'NONE',  ( 6.472847820558123500, 0.3056898166041294200, 75.64431195566984900 ) ) ;
#298 = CARTESIAN_POINT ( 'NONE',  ( -5.500000000000000000, -3.500000000000000000, 101.5999999999999900 ) ) ;
#299 = CARTESIAN_POINT ( 'NONE',  ( -2.712727051717077800, -2.117652668699539800, 4.817335496501476300 ) ) ;
#300 = CARTESIAN_POINT ( 'NONE',  ( -7.544471992872605200, -1.001070964203598000, 70.25970356848381500 ) ) ;
#301 = CARTESIAN_POINT ( 'NONE',  ( 9.362655985792045500, -3.227126311283343300, -78.31686568320941400 ) ) ;
#302 = CARTESIAN_POINT ( 'NONE',  ( -5.742543570862030000, -0.4731011181199776800, -98.04236158657549500 ) ) ;
#303 = CARTESIAN_POINT ( 'NONE',  ( 7.614804135358855100, -3.308256347538579800, -91.59999999999998000 ) ) ;
#304 = CARTESIAN_POINT ( 'NONE',  ( 6.716058210563590000, 0.4861989583503629800, 86.34467488221773100 ) ) ;
#305 = CARTESIAN_POINT ( 'NONE',  ( -7.191343599440116000, -1.556214409828279100, 70.35092256225625800 ) ) ;
#306 = CARTESIAN_POINT ( 'NONE',  ( 11.41460097594134200, -3.217143905437039700, -64.99999999999998600 ) ) ;
#307 = CARTESIAN_POINT ( 'NONE',  ( -6.123770628299521200, 1.007801853363019500, -86.30472896608617400 ) ) ;
#308 = CARTESIAN_POINT ( 'NONE',  ( 6.675148411083455400, 2.650945102439330000, 70.31706275498503100 ) ) ;
#309 = FACE_OUTER_BOUND ( 'NONE', #4393, .T. ) ;
#310 = CARTESIAN_POINT ( 'NONE',  ( 6.548578059136613800, 0.7899767677737457000, 70.32165494154138200 ) ) ;
#311 = CARTESIAN_POINT ( 'NONE',  ( 0.002753594491033961600, -2.458931589830675600, 99.43733406778260100 ) ) ;
#312 = CARTESIAN_POINT ( 'NONE',  ( -0.2839642420000842400, -1.001630237523277300, 5.499999999999990200 ) ) ;
#313 = CARTESIAN_POINT ( 'NONE',  ( -9.540589985151445500, -2.973780345413226600, 78.15214096324062600 ) ) ;
#314 = CARTESIAN_POINT ( 'NONE',  ( 8.106097407930771900, -3.274669800041051500, -84.95843284160471900 ) ) ;
#315 = CARTESIAN_POINT ( 'NONE',  ( -5.566735720207312000, 0.4999544664041345500, -91.59999999999999400 ) ) ;
#316 = CARTESIAN_POINT ( 'NONE',  ( 3.794461570183167900, -1.786919659182252300, -91.60000000000002300 ) ) ;
#317 = CARTESIAN_POINT ( 'NONE',  ( -4.997049666523097700, -21.89768038953364400, -35.00000000000000000 ) ) ;
#318 = CARTESIAN_POINT ( 'NONE',  ( 6.683754435136737700, 0.5798086459388056600, 86.34384978757573500 ) ) ;
#319 = CARTESIAN_POINT ( 'NONE',  ( 0.0000000000000000000, -3.500000000000000000, 0.0000000000000000000 ) ) ;
#320 = CARTESIAN_POINT ( 'NONE',  ( -1.736094968535548500, -0.2408337396312378300, -5.231190136604697100 ) ) ;
#321 = CARTESIAN_POINT ( 'NONE',  ( 1.542036801856625100, -1.266569315274540500, -84.96080751264931100 ) ) ;
#322 = CARTESIAN_POINT ( 'NONE',  ( 5.592872297305001800, -0.9997996483548975400, 91.59999999999996600 ) ) ;
#323 = CARTESIAN_POINT ( 'NONE',  ( -5.500000000000000000, -3.500000000000000000, 101.5999999999999900 ) ) ;
#324 = CARTESIAN_POINT ( 'NONE',  ( 7.266722016811225900, 1.195256904456912400, -35.00000000000000000 ) ) ;
#325 = CARTESIAN_POINT ( 'NONE',  ( -7.466496160307767300, -1.978936909505438500, 78.18701539812403200 ) ) ;
#326 = CARTESIAN_POINT ( 'NONE',  ( -7.781588678001011900, 2.002666651276991500, -65.00000000000002800 ) ) ;
#327 = EDGE_LOOP ( 'NONE', ( #962, #389, #4197, #4960 ) ) ;
#328 = CARTESIAN_POINT ( 'NONE',  ( 5.693469306443474500, -0.8079687229036501800, -67.67363234640063800 ) ) ;
#329 = CARTESIAN_POINT ( 'NONE',  ( 9.145624514350323900, -1.826328535366277700, -70.09355696151260400 ) ) ;
#330 = CARTESIAN_POINT ( 'NONE',  ( -3.923995102174998800, -1.698558109785529300, 3.859636546278925300 ) ) ;
#331 = CARTESIAN_POINT ( 'NONE',  ( 7.640188991374171400, 2.282989125779439500, 70.44769957515151800 ) ) ;
#332 = DIRECTION ( 'NONE',  ( 0.0000000000000000000, 0.0000000000000000000, 1.000000000000000000 ) ) ;
#333 = ORIENTED_EDGE ( 'NONE', *, *, #4671, .F. ) ;
#334 = CARTESIAN_POINT ( 'NONE',  ( 2.590204796240931400, -0.7987684386529365600, -78.31033712664007900 ) ) ;
#335 = CIRCLE ( 'NONE', #4178, 2.500000000000000000 ) ;
#336 = CARTESIAN_POINT ( 'NONE',  ( 5.671026160027477800, -0.9939399868418477000, 91.59999999999990900 ) ) ;
#337 = CARTESIAN_POINT ( 'NONE',  ( 5.505507188982068800, -1.417863179661351200, 97.27466813556522100 ) ) ;
#338 = CARTESIAN_POINT ( 'NONE',  ( 0.7002196201297720100, 3.338994065169126100, -54.94790748116015800 ) ) ;
#339 = CARTESIAN_POINT ( 'NONE',  ( -12.13223443660643100, -3.290641616042996100, 65.00000000000000000 ) ) ;
#340 = CARTESIAN_POINT ( 'NONE',  ( -7.600105008679240500, 1.628853572893237600, -65.00000000000001400 ) ) ;
#341 = VERTEX_POINT ( 'NONE', #4771 ) ;
#342 = ORIENTED_EDGE ( 'NONE', *, *, #1314, .T. ) ;
#343 = CARTESIAN_POINT ( 'NONE',  ( 4.865233192561156300, -0.4526997273211050800, -67.67217879788810800 ) ) ;
#344 = CARTESIAN_POINT ( 'NONE',  ( -3.751148974479190400, -2.703002216448096500, 0.0000000000000000000 ) ) ;
#345 = CARTESIAN_POINT ( 'NONE',  ( 10.27488029085789400, -2.330537429458599400, -67.51513579244570500 ) ) ;
#346 = EDGE_CURVE ( 'NONE', #2659, #3995, #5130, .T. ) ;
#347 = ADVANCED_FACE ( 'NONE', ( #1128 ), #1838, .T. ) ;
#348 = CARTESIAN_POINT ( 'NONE',  ( -5.499555416384282600, -3.235529499516978500, 0.07161638441213474800 ) ) ;
#349 = VERTEX_POINT ( 'NONE', #4368 ) ;
#350 = CARTESIAN_POINT ( 'NONE',  ( 7.816024788943287200, 2.297420356611036500, 64.99999999999998600 ) ) ;
#351 = DIRECTION ( 'NONE',  ( 0.0000000000000000000, 0.0000000000000000000, -1.000000000000000000 ) ) ;
#352 = CARTESIAN_POINT ( 'NONE',  ( 6.282735820929575600, 0.4417012794083413100, -42.86279592904925600 ) ) ;
#353 = CARTESIAN_POINT ( 'NONE',  ( 3.937832304236549500, -0.05825803499628843400, -67.68612178581753400 ) ) ;
#354 = CARTESIAN_POINT ( 'NONE',  ( 5.622819114621520100, -0.9985021857482939700, 91.59999999999993700 ) ) ;
#355 = CARTESIAN_POINT ( 'NONE',  ( -12.13067544833451100, -3.289742675707854500, 65.00000000000000000 ) ) ;
#356 = CARTESIAN_POINT ( 'NONE',  ( -13.29785949944605500, -3.502856202887450800, 40.00382185745043300 ) ) ;
#357 = CARTESIAN_POINT ( 'NONE',  ( -10.41930275081424500, -2.504148395586232900, 70.00468985797240900 ) ) ;
#358 = CARTESIAN_POINT ( 'NONE',  ( -6.738072322145830700, 0.3991327400285057400, -86.34490824552362700 ) ) ;
#359 = CARTESIAN_POINT ( 'NONE',  ( 3.936494959300416600, -0.1933102078443929300, -70.34135006407326800 ) ) ;
#360 = CARTESIAN_POINT ( 'NONE',  ( -6.134730578843367300, -0.1174847599364391100, -80.96244705971561500 ) ) ;
#361 = CARTESIAN_POINT ( 'NONE',  ( -3.751148974479189900, -2.703002216448096500, 24.09625883010560400 ) ) ;
#362 = CARTESIAN_POINT ( 'NONE',  ( 9.063505096989668900, -1.542905948478297400, -65.00000000000000000 ) ) ;
#363 = CARTESIAN_POINT ( 'NONE',  ( 3.061616997868383100E-016, 3.500000000000000000, -2.500000000000000000 ) ) ;
#364 = CARTESIAN_POINT ( 'NONE',  ( 7.663027218415099800, 2.772969761729192000, 64.99999999999994300 ) ) ;
#365 = CARTESIAN_POINT ( 'NONE',  ( -2.992917139856345000, -1.715163262314656200, 84.95681617320035200 ) ) ;
#366 = CARTESIAN_POINT ( 'NONE',  ( -3.675057738030871300, 2.396261171291823400, -54.88653246951085400 ) ) ;
#367 = CARTESIAN_POINT ( 'NONE',  ( 3.829416331527867100, -0.1584509771498687800, -70.40852046335473300 ) ) ;
#368 = CARTESIAN_POINT ( 'NONE',  ( 7.056807788922984800, 0.8245374824465325800, 70.36466363231689100 ) ) ;
#369 = CARTESIAN_POINT ( 'NONE',  ( -5.229753836566577400, 0.6794399671886728300, 0.0000000000000000000 ) ) ;
#370 = CARTESIAN_POINT ( 'NONE',  ( 6.497555138103220600, 1.603893369970812900, 81.03652351278562100 ) ) ;
#371 = CARTESIAN_POINT ( 'NONE',  ( -12.13302004088619200, -3.291111225364293800, 65.00000000000000000 ) ) ;
#372 = CARTESIAN_POINT ( 'NONE',  ( -6.324649428173153800, -0.2736824674321704500, -91.59999999999996600 ) ) ;
#373 = EDGE_CURVE ( 'NONE', #5115, #2774, #676, .T. ) ;
#374 = CARTESIAN_POINT ( 'NONE',  ( -5.859541240004621600, -0.5587161770044695200, -86.28122352985778300 ) ) ;
#375 = CARTESIAN_POINT ( 'NONE',  ( -3.418959789684481400, -2.537777229246541900, 23.78055256083094400 ) ) ;
#376 = CARTESIAN_POINT ( 'NONE',  ( 10.29342629221402000, -3.376342897652287800, -78.19909717194892100 ) ) ;
#377 = CARTESIAN_POINT ( 'NONE',  ( 1.316889408065761600, 1.549138817828105400, 64.99999999999992900 ) ) ;
#378 = CARTESIAN_POINT ( 'NONE',  ( 6.238954782079200200, -3.292736285078665200, -96.77848573177931300 ) ) ;
#379 = CARTESIAN_POINT ( 'NONE',  ( 7.201261797888827600, 2.617199410488108700, 70.41002487730516200 ) ) ;
#380 = CARTESIAN_POINT ( 'NONE',  ( -7.312499999999927200, 5.500000000000001800, -24.87452441242750800 ) ) ;
#381 = AXIS2_PLACEMENT_3D ( 'NONE', #4193, #3316, #449 ) ;
#382 = CARTESIAN_POINT ( 'NONE',  ( 2.728406566673180900, 1.271011514644623300, -54.23187544343253600 ) ) ;
#383 = CARTESIAN_POINT ( 'NONE',  ( 1.530650797925568600, -1.263049226414871800, -84.96306089290877100 ) ) ;
#384 = CARTESIAN_POINT ( 'NONE',  ( 6.325522424406660300, -0.1214198515688798600, 80.98128885883903600 ) ) ;
#385 = CARTESIAN_POINT ( 'NONE',  ( 2.639751221370270100, -2.150212758095498600, -22.88156924917728200 ) ) ;
#386 = CARTESIAN_POINT ( 'NONE',  ( -12.74401140838147500, -3.500636023863865200, 52.50155703662636600 ) ) ;
#387 = CARTESIAN_POINT ( 'NONE',  ( -12.09983006959245000, -3.358842818403903000, 67.55846129354672800 ) ) ;
#388 = CARTESIAN_POINT ( 'NONE',  ( -7.128096761302567900, 1.193288753042539300, -81.08968686675628100 ) ) ;
#389 = ORIENTED_EDGE ( 'NONE', *, *, #1121, .F. ) ;
#390 = CARTESIAN_POINT ( 'NONE',  ( -6.812499999999925400, 2.250000000000000000, -65.00000000000000000 ) ) ;
#391 = CARTESIAN_POINT ( 'NONE',  ( -6.235197726546100900, -0.1236919948671297300, -80.97270248011042800 ) ) ;
#392 = CARTESIAN_POINT ( 'NONE',  ( -0.5508116812163015300, -1.752031084320056800, 91.59999999999998000 ) ) ;
#393 = CARTESIAN_POINT ( 'NONE',  ( -3.709654565632028300, 1.643812679281249500, 35.00000000000001400 ) ) ;
#394 = CARTESIAN_POINT ( 'NONE',  ( 0.0000000000000000000, -3.500000000000000000, 0.0000000000000000000 ) ) ;
#395 = CARTESIAN_POINT ( 'NONE',  ( 12.15415841100721500, -3.307679960089096500, -65.00000000000000000 ) ) ;
#396 = CARTESIAN_POINT ( 'NONE',  ( -6.812492010791485700, 3.249999999999999600, -65.00000000000000000 ) ) ;
#397 = FACE_OUTER_BOUND ( 'NONE', #2732, .T. ) ;
#398 = CARTESIAN_POINT ( 'NONE',  ( -5.566735720207312000, 0.4999544664041345500, -91.59999999999999400 ) ) ;
#399 = CARTESIAN_POINT ( 'NONE',  ( 6.344099711637619900, 0.9354805417212723700, 86.32365936181237500 ) ) ;
#400 = DIRECTION ( 'NONE',  ( 0.0000000000000000000, 0.0000000000000000000, 1.000000000000000000 ) ) ;
#401 = CARTESIAN_POINT ( 'NONE',  ( -4.042823936430568000, 0.04683820484905505000, 65.00000000000000000 ) ) ;
#402 = CARTESIAN_POINT ( 'NONE',  ( 3.316253159647913700, 0.04490724156681704500, -70.73528651428350100 ) ) ;
#403 = ORIENTED_EDGE ( 'NONE', *, *, #346, .T. ) ;
#404 = CARTESIAN_POINT ( 'NONE',  ( 6.995248487294218400, 0.8069349028784216200, 70.35970668522564600 ) ) ;
#405 = CARTESIAN_POINT ( 'NONE',  ( 2.639751221370270100, -2.150212758095498600, -0.0000000000000000000 ) ) ;
#406 = CARTESIAN_POINT ( 'NONE',  ( -6.091296463850532000, 1.013132768926845200, -86.30159633380044700 ) ) ;
#407 = VERTEX_POINT ( 'NONE', #3110 ) ;
#408 = CARTESIAN_POINT ( 'NONE',  ( -12.05853164192906100, -3.422171029329296400, 70.11681672218236400 ) ) ;
#409 = CARTESIAN_POINT ( 'NONE',  ( -7.718964087560524800, 2.126645048151311300, -70.44971980031131400 ) ) ;
#410 = CARTESIAN_POINT ( 'NONE',  ( -6.461562612102260200, 0.3075705330883804500, -75.64271764530195700 ) ) ;
#411 = CARTESIAN_POINT ( 'NONE',  ( 10.11465797579507600, -3.496319897800611800, -78.31748053202910900 ) ) ;
#412 = CARTESIAN_POINT ( 'NONE',  ( 4.887793014709653300, 0.3980046945130481000, 0.0000000000000000000 ) ) ;
#413 = CARTESIAN_POINT ( 'NONE',  ( 6.812499999999925400, -24.92412854073873500, 65.00000000000000000 ) ) ;
#414 = CARTESIAN_POINT ( 'NONE',  ( 8.964587746632174600, -3.352262264179022700, -84.89983322279214000 ) ) ;
#415 = EDGE_CURVE ( 'NONE', #1824, #3025, #5243, .T. ) ;
#416 = CARTESIAN_POINT ( 'NONE',  ( 6.111995560820832700, -2.709781947833429500, -91.59999999999998000 ) ) ;
#417 = CARTESIAN_POINT ( 'NONE',  ( 6.573717372366743900, 1.601303147857571700, 81.04731872362447100 ) ) ;
#418 = CARTESIAN_POINT ( 'NONE',  ( 5.316054421730868300, 2.341894158340885200, -35.00000000000001400 ) ) ;
#419 = CARTESIAN_POINT ( 'NONE',  ( 5.500000000000000000, -3.500000000000000000, -101.5999999999999900 ) ) ;
#420 = CARTESIAN_POINT ( 'NONE',  ( 1.329523725410979100, 0.6641625032265096000, -71.94997084584257200 ) ) ;
#421 = CARTESIAN_POINT ( 'NONE',  ( 7.043222438984862800, 0.2859380727417338300, 81.05269793781558000 ) ) ;
#422 = CARTESIAN_POINT ( 'NONE',  ( 8.635008004818004700, -0.8828271103404621300, -23.20770073081612500 ) ) ;
#423 = CARTESIAN_POINT ( 'NONE',  ( -6.247066958547574900, 1.558773547450306200, -80.98072553602078500 ) ) ;
#424 = CARTESIAN_POINT ( 'NONE',  ( -8.970493857858748800, -3.388451212429430400, 84.90361540284905600 ) ) ;
#425 = CARTESIAN_POINT ( 'NONE',  ( -7.705848123918121600, 2.156496151855008300, -70.44951892045811800 ) ) ;
#426 = VECTOR ( 'NONE', #428, 1000.000000000000000 ) ;
#427 = CARTESIAN_POINT ( 'NONE',  ( -5.965416102092135000, -0.5601120408624316000, -86.28854234349042000 ) ) ;
#428 = DIRECTION ( 'NONE',  ( -0.0000000000000000000, 1.000000000000000000, -0.0000000000000000000 ) ) ;
#429 = CARTESIAN_POINT ( 'NONE',  ( 4.208198889421247200, -1.963095102053526300, -3.547618065454492900 ) ) ;
#430 = CARTESIAN_POINT ( 'NONE',  ( 4.586738841511640400, 2.878507268367561000, 3.035099141670409000 ) ) ;
#431 = CARTESIAN_POINT ( 'NONE',  ( 12.09991086433530100, -3.362195327129340300, -67.55864013613963000 ) ) ;
#432 = CARTESIAN_POINT ( 'NONE',  ( -7.874031562348395000, -0.4543329467462974300, 34.99999999999999300 ) ) ;
#433 = CARTESIAN_POINT ( 'NONE',  ( -5.175315884351128700, -0.1696569241813815600, -98.38101291942410900 ) ) ;
#434 = CARTESIAN_POINT ( 'NONE',  ( 7.606051203565474600, 2.855349444061943100, 64.99999999999994300 ) ) ;
#435 = CARTESIAN_POINT ( 'NONE',  ( 6.963241165860361000, 1.373699929695051200, -23.09339618067864200 ) ) ;
#436 = CARTESIAN_POINT ( 'NONE',  ( 7.312499999999926300, 5.500000000000005300, 35.00000000000000000 ) ) ;
#437 = CARTESIAN_POINT ( 'NONE',  ( 1.332950515941026400, 0.8257623464292911400, -68.47455797756634900 ) ) ;
#438 = CARTESIAN_POINT ( 'NONE',  ( 0.05052419252702244200, -1.627316599414467600, -91.59999999999998000 ) ) ;
#439 = CARTESIAN_POINT ( 'NONE',  ( 7.473498997492115800, 1.074995622217624200, 70.40270111377668600 ) ) ;
#440 = CARTESIAN_POINT ( 'NONE',  ( -4.887793014709653300, 0.3980046945130480400, -5.598203160062026600 ) ) ;
#441 = CARTESIAN_POINT ( 'NONE',  ( -7.063472282183264300, 3.219488204358445000, -65.00000000000000000 ) ) ;
#442 = CARTESIAN_POINT ( 'NONE',  ( -10.29342629221402000, -3.376342897652287800, 78.19909717194892100 ) ) ;
#443 = CARTESIAN_POINT ( 'NONE',  ( -7.120375546308739700, 1.207729769979427400, -81.08958147240127800 ) ) ;
#444 = AXIS2_PLACEMENT_3D ( 'NONE', #844, #3712, #14 ) ;
#445 = DIRECTION ( 'NONE',  ( 0.0000000000000000000, 0.0000000000000000000, 1.000000000000000000 ) ) ;
#446 = CARTESIAN_POINT ( 'NONE',  ( -5.795241581959779800, -0.9673361474823379800, -91.59999999999986600 ) ) ;
#447 = DIRECTION ( 'NONE',  ( 0.0000000000000000000, 0.0000000000000000000, 1.000000000000000000 ) ) ;
#448 = CARTESIAN_POINT ( 'NONE',  ( 5.264845917382781500, -3.449872081622491000, -1.596092690655961600 ) ) ;
#449 = DIRECTION ( 'NONE',  ( 0.0000000000000000000, 0.0000000000000000000, 1.000000000000000000 ) ) ;
#450 = CARTESIAN_POINT ( 'NONE',  ( 12.16630261225316200, -3.322234127128258100, -65.00000000000000000 ) ) ;
#451 = CARTESIAN_POINT ( 'NONE',  ( 3.226394505401886500, 0.8952662083648163000, 85.94052507481822500 ) ) ;
#452 = CARTESIAN_POINT ( 'NONE',  ( 5.417448236387047100, -2.482231842833345400, -92.14071003057451000 ) ) ;
#453 = CARTESIAN_POINT ( 'NONE',  ( 7.598163299628895500, 2.865559062002140100, 64.99999999999997200 ) ) ;
#454 = CARTESIAN_POINT ( 'NONE',  ( -1.960588517315774400, 2.604610318927721700, 0.0000000000000000000 ) ) ;
#455 = CARTESIAN_POINT ( 'NONE',  ( 4.734724448906395500, -3.173104921007892100, -2.814348487099963300 ) ) ;
#456 = CARTESIAN_POINT ( 'NONE',  ( 3.529006834819595500, -0.03752655080310460900, -70.60128852799923000 ) ) ;
#457 = CARTESIAN_POINT ( 'NONE',  ( 6.311228347479147500, -3.188020217679367300, -91.60000000000000900 ) ) ;
#458 = EDGE_LOOP ( 'NONE', ( #2082, #856, #1459, #209, #2437, #4579, #3556 ) ) ;
#459 = CARTESIAN_POINT ( 'NONE',  ( 6.516176026290697400, -0.3077260800753554600, 86.32372505457793500 ) ) ;
#460 = CARTESIAN_POINT ( 'NONE',  ( -8.534904603162383200, 4.625023821766148100, -35.00000000000002800 ) ) ;
#461 = CARTESIAN_POINT ( 'NONE',  ( -5.776366998400899200, 0.4729246156365278800, -91.60000000000017900 ) ) ;
#462 = CARTESIAN_POINT ( 'NONE',  ( -8.965845422728001800, -3.355516603754779700, 84.90002215879178500 ) ) ;
#463 = CARTESIAN_POINT ( 'NONE',  ( -7.802706564120370600, 2.109461425837337400, -65.00000000000002800 ) ) ;
#464 = VERTEX_POINT ( 'NONE', #4335 ) ;
#465 = CARTESIAN_POINT ( 'NONE',  ( -5.500000000000000000, -3.500000000000000000, 101.5999999999999900 ) ) ;
#466 = CARTESIAN_POINT ( 'NONE',  ( -7.175520537883930000, 0.8678555606868695300, -70.37466977901918600 ) ) ;
#467 = CARTESIAN_POINT ( 'NONE',  ( -0.8124265380323695300, 2.492197029946514600, -5.457946530111527700 ) ) ;
#468 = CARTESIAN_POINT ( 'NONE',  ( 5.457814758148871600, -3.122393844327875800, -0.6911924401936490000 ) ) ;
#469 = CARTESIAN_POINT ( 'NONE',  ( 5.499395578902635900, 1.549077229301442800, 0.08311299303495850400 ) ) ;
#470 = DIRECTION ( 'NONE',  ( -1.000000000000000000, 0.0000000000000000000, 0.0000000000000000000 ) ) ;
#471 = CARTESIAN_POINT ( 'NONE',  ( 12.15017336965970600, -3.470426151217923700, -65.00000000000001400 ) ) ;
#472 = CARTESIAN_POINT ( 'NONE',  ( 5.184667322800356400, 0.4934606381431493900, 91.60000000000002300 ) ) ;
#473 = CARTESIAN_POINT ( 'NONE',  ( 6.557860377850853500, -3.421796275631846300, -96.76830229557577900 ) ) ;
#474 = EDGE_LOOP ( 'NONE', ( #827, #3227, #1135, #3860, #1507 ) ) ;
#475 = CARTESIAN_POINT ( 'NONE',  ( -5.956627282007008100, 5.500000000000001800, -35.00000000000000000 ) ) ;
#476 = CARTESIAN_POINT ( 'NONE',  ( 7.269155141709900300, -0.1137363113259167900, -35.00000000000000000 ) ) ;
#477 = CARTESIAN_POINT ( 'NONE',  ( -0.7656771069192998000, 0.06747116242267377200, -79.50489109586611400 ) ) ;
#478 = CARTESIAN_POINT ( 'NONE',  ( 4.194904221485423100, -2.710598173594952700, -92.26053410948124200 ) ) ;
#479 = CARTESIAN_POINT ( 'NONE',  ( 7.517686572087437300, 0.8303959714752510200, 75.80340039903732900 ) ) ;
#480 = DIRECTION ( 'NONE',  ( 0.0000000000000000000, 0.0000000000000000000, 1.000000000000000000 ) ) ;
#481 = EDGE_CURVE ( 'NONE', #1120, #2670, #4009, .T. ) ;
#482 = CARTESIAN_POINT ( 'NONE',  ( -6.519075273945873900, 2.056686933191700400, -75.66801077817361000 ) ) ;
#483 = CARTESIAN_POINT ( 'NONE',  ( -10.25285938673788500, -3.439913492765378500, 78.22262815693025600 ) ) ;
#484 = CARTESIAN_POINT ( 'NONE',  ( -6.749483337190296700, 1.557673123991738700, -81.06700917066260100 ) ) ;
#485 = CARTESIAN_POINT ( 'NONE',  ( -3.275973055709789300, -2.206130419742017500, 97.62043125803933200 ) ) ;
#486 = CARTESIAN_POINT ( 'NONE',  ( -6.444048327463189500, -0.1069805570946760300, -80.99203746416751000 ) ) ;
#487 = CARTESIAN_POINT ( 'NONE',  ( -3.575198992685486600, 0.09187056109056887500, 67.80050017507353700 ) ) ;
#488 = CARTESIAN_POINT ( 'NONE',  ( 5.211733259823773800, -2.892902860238163200, -1.773202749243130600 ) ) ;
#489 = DIRECTION ( 'NONE',  ( 0.0000000000000000000, 0.0000000000000000000, 1.000000000000000000 ) ) ;
#490 = CARTESIAN_POINT ( 'NONE',  ( -5.508302296235712000, -3.199822055969844900, 23.93804279555126900 ) ) ;
#491 = CARTESIAN_POINT ( 'NONE',  ( 8.970380752774318000, -3.389904122731395700, -84.90387242486120600 ) ) ;
#492 = CARTESIAN_POINT ( 'NONE',  ( 4.663717303330686900, 1.002055867054804100, 86.15346158696789300 ) ) ;
#493 = CARTESIAN_POINT ( 'NONE',  ( 7.679627717177846900, -3.433820798119975300, -91.59999999999999400 ) ) ;
#494 = CARTESIAN_POINT ( 'NONE',  ( 13.41105885505465500, -3.455010291813798600, -35.00000000000005000 ) ) ;
#495 = CARTESIAN_POINT ( 'NONE',  ( 6.606449870277383100, -2.938046997172626600, -91.98338414595545500 ) ) ;
#496 = CARTESIAN_POINT ( 'NONE',  ( -2.834395574614077900, -1.137966978114028900, -91.60000000000006500 ) ) ;
#497 = CARTESIAN_POINT ( 'NONE',  ( 6.534814610955791600, -3.502338782954979500, -96.76861869060842000 ) ) ;
#498 = CARTESIAN_POINT ( 'NONE',  ( 6.960169888161888500, 0.1808461862446944500, 81.04270111377657300 ) ) ;
#499 = CIRCLE ( 'NONE', #5016, 2.500000000000000000 ) ;
#500 = CARTESIAN_POINT ( 'NONE',  ( -6.811106945119870900, 3.250000000000000400, -64.99999999999997200 ) ) ;
#501 = CARTESIAN_POINT ( 'NONE',  ( -12.18070504909543000, -3.351825034023381300, 65.00000000000000000 ) ) ;
#502 = CARTESIAN_POINT ( 'NONE',  ( -6.928327590955409400, 1.450999990674205000, -81.08157155341567100 ) ) ;
#503 = CARTESIAN_POINT ( 'NONE',  ( -6.367150278152977600, -3.340552441766227300, 96.77279941328799900 ) ) ;
#504 = CARTESIAN_POINT ( 'NONE',  ( -6.801937955714072900, 0.7780832919103667400, -70.34403245519907000 ) ) ;
#505 = CARTESIAN_POINT ( 'NONE',  ( -4.021402828942767000, 0.05630881678932223700, 65.00000000000000000 ) ) ;
#506 = CARTESIAN_POINT ( 'NONE',  ( 5.300832950019472600, -3.452909573147706600, -1.472209024453376100 ) ) ;
#507 = CARTESIAN_POINT ( 'NONE',  ( -5.464569442612244600, -3.128445619799244100, 0.0000000000000000000 ) ) ;
#508 = CARTESIAN_POINT ( 'NONE',  ( 8.934008887493964900, -3.468040811311905000, -84.93390886500975500 ) ) ;
#509 = CARTESIAN_POINT ( 'NONE',  ( 1.394271579942802500, 1.204896510763769200, 79.85877850993006200 ) ) ;
#510 = CARTESIAN_POINT ( 'NONE',  ( 13.42971025364485800, -3.422871903549387100, -34.99999999999996400 ) ) ;
#511 = CARTESIAN_POINT ( 'NONE',  ( 5.500000000000000000, -3.500000000000000000, -101.5999999999999900 ) ) ;
#512 = CARTESIAN_POINT ( 'NONE',  ( -1.659413550343998600, 1.564445737700937500, -65.00000000000012800 ) ) ;
#513 = DESIGN_CONTEXT ( 'detailed design', #1883, 'design' ) ;
#514 = CARTESIAN_POINT ( 'NONE',  ( 6.894561680724578400, -3.333436838767325700, -91.59999999999999400 ) ) ;
#515 = CARTESIAN_POINT ( 'NONE',  ( 6.299913725351233400, -0.4444001595011705700, 91.59999999999985200 ) ) ;
#516 = CARTESIAN_POINT ( 'NONE',  ( -4.884390998156982600, 2.759449248230522400, -2.543517942267000900 ) ) ;
#517 = CARTESIAN_POINT ( 'NONE',  ( -5.436032888767121200, 2.063745169313767800, -75.36117411221459900 ) ) ;
#518 = CARTESIAN_POINT ( 'NONE',  ( -12.04091100025431200, -3.441830638634747700, 67.60260835014685200 ) ) ;
#519 = CARTESIAN_POINT ( 'NONE',  ( -6.613623632091281100, 0.7051571224428119200, -86.34078577670786100 ) ) ;
#520 = AXIS2_PLACEMENT_3D ( 'NONE', #3330, #3694, #2490 ) ;
#521 = CARTESIAN_POINT ( 'NONE',  ( -2.716537252378629300, -2.030367111102608500, 97.92741852950052800 ) ) ;
#522 = CARTESIAN_POINT ( 'NONE',  ( -5.929178605221165900, -0.9109617970203784900, -91.59999999999976700 ) ) ;
#523 = CARTESIAN_POINT ( 'NONE',  ( -3.881499495426875300, -0.03437387655633051400, 67.70413895884649900 ) ) ;
#524 = CARTESIAN_POINT ( 'NONE',  ( 5.343447216906693800, 0.8368971562719675900, 1.347716767606197200 ) ) ;
#525 = CARTESIAN_POINT ( 'NONE',  ( -5.500000000000000000, -3.500000000000000000, 101.5999999999999900 ) ) ;
#526 = CARTESIAN_POINT ( 'NONE',  ( -5.464569442612244600, -3.128445619799244100, 23.93397022511259900 ) ) ;
#527 = CARTESIAN_POINT ( 'NONE',  ( 7.674566404867358700, -3.397481256814082000, -91.60000000000002300 ) ) ;
#528 = CARTESIAN_POINT ( 'NONE',  ( 4.267398702843086000, 3.137589174562621000, 65.00000000000000000 ) ) ;
#529 = ORIENTED_EDGE ( 'NONE', *, *, #4059, .F. ) ;
#530 = CARTESIAN_POINT ( 'NONE',  ( 13.43918027289603300, -3.386841064597006000, -35.00000000000001400 ) ) ;
#531 = CARTESIAN_POINT ( 'NONE',  ( -5.500000000000000000, -3.500000000000000000, 101.5999999999999900 ) ) ;
#532 = CARTESIAN_POINT ( 'NONE',  ( 5.500000000000000000, -3.500000000000000000, -101.5999999999999900 ) ) ;
#533 = CARTESIAN_POINT ( 'NONE',  ( -6.444799804390879000, 0.3117372490200217600, -75.64080930465655700 ) ) ;
#535 = VECTOR ( 'NONE', #4100, 999.9999999999998900 ) ;
#534 = CARTESIAN_POINT ( 'NONE',  ( 2.601246744311327400, 1.318156570350203200, -68.43801269933077000 ) ) ;
#536 = CARTESIAN_POINT ( 'NONE',  ( 5.500000000000000000, -3.500000000000000000, -101.5999999999999900 ) ) ;
#537 = B_SPLINE_CURVE_WITH_KNOTS ( 'NONE', 3,
 ( #194, #2569, #3075, #608, #3402, #3483, #1359, #2204, #4313, #3895, #1440, #569, #3036, #524, #1852, #4235, #2183, #4731, #5074, #3834, #4677, #2592, #3424, #968, #1381, #4255, #5097, #3448, #988, #2672, #4395, #5173, #692, #678, #1901, #1461 ),
 .UNSPECIFIED., .F., .F.,
 ( 4, 2, 2, 2, 2, 2, 2, 2, 2, 2, 2, 2, 2, 2, 2, 2, 2, 4 ),
 ( 0.0000000000000000000, 3.523397945295991900E-005, 7.046795890591983900E-005, 0.0001409359178118397000, 0.0002818718356236797300, 0.0005637436712473594700, 0.001127487342494719400, 0.002254974684989438700, 0.002818718356236798300, 0.003100590191860478300, 0.003382462027484157900, 0.003946205698731517500, 0.004509949369978877500, 0.005637436712473599200, 0.006201180383720958400, 0.006764924054968317500, 0.007892411397463036700, 0.009019898739957756700 ),
 .UNSPECIFIED. ) ;
#538 = CARTESIAN_POINT ( 'NONE',  ( 7.722486342907477500, 1.834423572835391300, 65.00000000000005700 ) ) ;
#539 = CARTESIAN_POINT ( 'NONE',  ( -5.499915705305475900, 1.523060095549865400, -0.03451356081176395300 ) ) ;
#540 = CARTESIAN_POINT ( 'NONE',  ( -5.564493985711966000, 0.4999296609657583600, -91.60000000000000900 ) ) ;
#541 = ORIENTED_EDGE ( 'NONE', *, *, #1586, .F. ) ;
#542 = CARTESIAN_POINT ( 'NONE',  ( -12.16160680492496500, -3.458145386200543100, 65.00000000000001400 ) ) ;
#543 = CARTESIAN_POINT ( 'NONE',  ( -6.325077877886817700, -0.2422703399451262800, -91.59999999999995200 ) ) ;
#544 = CARTESIAN_POINT ( 'NONE',  ( 7.378274924456011500, 3.073528924094794100, 64.99999999999997200 ) ) ;
#545 = CARTESIAN_POINT ( 'NONE',  ( -7.635275507536288600, -3.316365334926254500, 91.59999999999998000 ) ) ;
#546 = CARTESIAN_POINT ( 'NONE',  ( -7.000636165853513200, 0.2279984180693859800, -81.04745010915615900 ) ) ;
#547 = CARTESIAN_POINT ( 'NONE',  ( -2.546598028731186700, -0.7830419820585996500, 78.32612178581754800 ) ) ;
#548 = CARTESIAN_POINT ( 'NONE',  ( -5.500000000000000000, -3.500000000000000000, 101.5999999999999900 ) ) ;
#549 = CARTESIAN_POINT ( 'NONE',  ( -13.43918027289603300, -3.386841064597006000, 35.00000000000001400 ) ) ;
#550 = CARTESIAN_POINT ( 'NONE',  ( 10.27029494409882200, -3.427920974687204600, -78.21046105570758300 ) ) ;
#551 = CARTESIAN_POINT ( 'NONE',  ( -5.541112712502142700, 0.4003503166141035900, 64.99999999999997200 ) ) ;
#552 = CARTESIAN_POINT ( 'NONE',  ( 7.065923585626098500, 2.116197434493308100, 55.01261580622293200 ) ) ;
#553 = CARTESIAN_POINT ( 'NONE',  ( -1.557300761830803200, -2.557322722032138600, 98.30928583163678500 ) ) ;
#554 = CARTESIAN_POINT ( 'NONE',  ( 3.109052673197406900, -1.623752969793905500, -92.73665145521403000 ) ) ;
#555 = CARTESIAN_POINT ( 'NONE',  ( 6.534899318713026900, 1.603673796005009600, 81.04199407626038000 ) ) ;
#556 = CARTESIAN_POINT ( 'NONE',  ( 1.549109481728525600, -0.1821429487173759100, -85.09628864732030700 ) ) ;
#557 = CARTESIAN_POINT ( 'NONE',  ( -6.015744455871889300, -0.6829223572617525400, -98.10577902176464700 ) ) ;
#558 = CARTESIAN_POINT ( 'NONE',  ( 7.481316037652601600, 1.504553224338018600, 65.00000000000000000 ) ) ;
#559 = DIRECTION ( 'NONE',  ( 0.0000000000000000000, 1.000000000000000000, 0.0000000000000000000 ) ) ;
#560 = EDGE_CURVE ( 'NONE', #3046, #4728, #2909, .T. ) ;
#561 = CARTESIAN_POINT ( 'NONE',  ( -5.573167675344517000, 0.5000253446774638500, -91.59999999999998000 ) ) ;
#562 = CARTESIAN_POINT ( 'NONE',  ( -7.664777994001474900, -3.357250790381801000, 91.60000000000000900 ) ) ;
#563 = CARTESIAN_POINT ( 'NONE',  ( -6.129773067480890300, 0.2535602488913912300, -91.60000000000026400 ) ) ;
#564 = CARTESIAN_POINT ( 'NONE',  ( 6.473390158848458100, 2.126031503723137700, 75.72789715189415500 ) ) ;
#565 = CARTESIAN_POINT ( 'NONE',  ( 8.092664131300974600, 2.735701323569667700, 55.02815715864551300 ) ) ;
#566 = CARTESIAN_POINT ( 'NONE',  ( -7.615720755701706100, -3.343592551263692600, 91.93660459115156400 ) ) ;
#567 = CARTESIAN_POINT ( 'NONE',  ( -7.360272753145236100, 1.415658301299520300, -65.00000000000000000 ) ) ;
#568 = CARTESIAN_POINT ( 'NONE',  ( -3.529006834819595500, -0.03752655080310460900, 70.60128852799923000 ) ) ;
#569 = CARTESIAN_POINT ( 'NONE',  ( 5.461525616445960000, 1.146111165177060100, 0.6709004556189337400 ) ) ;
#570 = CARTESIAN_POINT ( 'NONE',  ( -1.125666951756208300, -1.798190371432724100, 99.13166649291886800 ) ) ;
#571 = CARTESIAN_POINT ( 'NONE',  ( 6.972292478607136500, 3.249999999999999600, 65.00000000000000000 ) ) ;
#572 = CARTESIAN_POINT ( 'NONE',  ( -13.30936383028630100, -3.500815289903507200, 23.02627647373728000 ) ) ;
#573 = CARTESIAN_POINT ( 'NONE',  ( 10.21727310661961700, -3.472525925007758500, -78.27827034368542100 ) ) ;
#574 = CARTESIAN_POINT ( 'NONE',  ( -5.657720063575519400, -0.08879999274258683400, 70.66485439059654500 ) ) ;
#575 = CIRCLE ( 'NONE', #4295, 0.9999999999999991100 ) ;
#576 = CARTESIAN_POINT ( 'NONE',  ( -5.500000000000000000, -3.500000000000000000, 101.5999999999999900 ) ) ;
#577 = CARTESIAN_POINT ( 'NONE',  ( 7.679627717177846900, -3.433820798119975300, -91.59999999999999400 ) ) ;
#578 = CARTESIAN_POINT ( 'NONE',  ( 6.092236742730660700, 0.2917300450999967800, 91.60000000000026400 ) ) ;
#579 = CARTESIAN_POINT ( 'NONE',  ( 3.443246196862034900, 0.7427238252604905200, -71.56753185437116800 ) ) ;
#580 = CARTESIAN_POINT ( 'NONE',  ( 6.180303974165998000, -0.6969285755904497400, 91.59999999999968200 ) ) ;
#581 = CARTESIAN_POINT ( 'NONE',  ( 12.34177851702005000, -3.011075928254519000, -52.50881159439824600 ) ) ;
#582 = CARTESIAN_POINT ( 'NONE',  ( -5.587734281498556200, 1.553954600205484900, -80.87201229162450000 ) ) ;
#583 = CARTESIAN_POINT ( 'NONE',  ( -11.93963244836229400, -3.501791265136455800, 67.67101059883704300 ) ) ;
#584 = CARTESIAN_POINT ( 'NONE',  ( -6.428171221616768300, 0.8869652926753953700, -86.32970174222056400 ) ) ;
#585 = CARTESIAN_POINT ( 'NONE',  ( 5.892986876335308800, 0.4289016608624850500, 91.60000000000025000 ) ) ;
#586 = CARTESIAN_POINT ( 'NONE',  ( 8.511490851541692500, 3.778267773706527800, 45.05631431729104700 ) ) ;
#587 = CARTESIAN_POINT ( 'NONE',  ( -6.049269056668221000, -0.8292596109046197500, -91.59999999999968200 ) ) ;
#588 = CARTESIAN_POINT ( 'NONE',  ( -2.316639603144688300, 0.3892316496010324600, 71.34784493958852600 ) ) ;
#589 = CARTESIAN_POINT ( 'NONE',  ( -6.735557395310442000E-016, 3.500000000000000000, -5.500000000000000000 ) ) ;
#590 = CARTESIAN_POINT ( 'NONE',  ( -3.111995562092119800, -1.515155730498627600, 91.60000000000003700 ) ) ;
#591 = CARTESIAN_POINT ( 'NONE',  ( -3.061616997868383100E-016, -3.926777784743245500, 2.500000000000000000 ) ) ;
#592 = CARTESIAN_POINT ( 'NONE',  ( -5.988958720703872800, 0.1745063670565523100, 64.99999999999998600 ) ) ;
#593 = CARTESIAN_POINT ( 'NONE',  ( -6.304359740759720100, -3.454829074453073200, 96.77228008868436900 ) ) ;
#594 = CARTESIAN_POINT ( 'NONE',  ( 3.320785158278384900, -2.780127480640186100, -97.37007836625018300 ) ) ;
#595 = CARTESIAN_POINT ( 'NONE',  ( 0.5557569461454675600, -0.5290004530701872800, -91.60000000000000900 ) ) ;
#596 = CARTESIAN_POINT ( 'NONE',  ( -5.000222652930276000, -1.511864834312181700, -97.00901297692681200 ) ) ;
#597 = ORIENTED_EDGE ( 'NONE', *, *, #261, .F. ) ;
#598 = CARTESIAN_POINT ( 'NONE',  ( 7.777945368998335800, 1.908992604750640300, 70.44815545950476100 ) ) ;
#599 = CARTESIAN_POINT ( 'NONE',  ( 12.19201967071585300, -3.348920651434912400, -65.00000000000005700 ) ) ;
#600 = CARTESIAN_POINT ( 'NONE',  ( -2.381598981261954700, 1.919710567582341600, -74.28240470174210900 ) ) ;
#601 = CARTESIAN_POINT ( 'NONE',  ( -10.15414213913295100, -3.501729322662282300, 78.30777135554414800 ) ) ;
#602 = CARTESIAN_POINT ( 'NONE',  ( -6.494817959400737800, 2.249126979495306600, -75.78442511719356400 ) ) ;
#603 = CARTESIAN_POINT ( 'NONE',  ( 6.190820367993549800, 0.9929611963255273700, 86.31097323669276000 ) ) ;
#604 = AXIS2_PLACEMENT_3D ( 'NONE', #4415, #3554, #1160 ) ;
#605 = ORIENTED_EDGE ( 'NONE', *, *, #2930, .T. ) ;
#606 = CARTESIAN_POINT ( 'NONE',  ( -7.379305363135803700, 1.428528482263407700, -65.00000000000000000 ) ) ;
#607 = CARTESIAN_POINT ( 'NONE',  ( 0.7250702149362999700, -1.467709435594815000, 91.60000000000000900 ) ) ;
#608 = CARTESIAN_POINT ( 'NONE',  ( 5.499834580438649000, 1.475455863458865300, 0.04395662302204639300 ) ) ;
#609 = CARTESIAN_POINT ( 'NONE',  ( -5.500000000000000000, -3.500000000000000000, 101.5999999999999900 ) ) ;
#610 = CARTESIAN_POINT ( 'NONE',  ( 8.863150277198853300, -3.501002820499041300, -84.95388567777207800 ) ) ;
#611 = CARTESIAN_POINT ( 'NONE',  ( -3.111811958087539000, 1.447461528581468000, 64.99999999999995700 ) ) ;
#612 = ORIENTED_EDGE ( 'NONE', *, *, #5004, .T. ) ;
#613 = CARTESIAN_POINT ( 'NONE',  ( -2.296081247448642100, -2.610560940458703300, 97.85815940307638500 ) ) ;
#614 = CARTESIAN_POINT ( 'NONE',  ( 6.307152862957285500, -3.209304469056137900, -91.98489517460844000 ) ) ;
#615 = B_SPLINE_CURVE_WITH_KNOTS ( 'NONE', 5,
 ( #847, #92, #4215, #2614, #1009, #4277 ),
 .UNSPECIFIED., .F., .F.,
 ( 6, 6 ),
 ( 0.0000000000000000000, 1.000000000000000000 ),
 .UNSPECIFIED. ) ;
#616 = CARTESIAN_POINT ( 'NONE',  ( 6.227320737911400200, -0.3475896502577191000, -70.50331196721822400 ) ) ;
#617 = ORIENTED_EDGE ( 'NONE', *, *, #2663, .T. ) ;
#618 = CARTESIAN_POINT ( 'NONE',  ( -5.772038243104801400, -1.000000000000002000, -91.59999999999999400 ) ) ;
#619 = CARTESIAN_POINT ( 'NONE',  ( 7.120375546308739700, 1.207729769979427400, 81.08958147240127800 ) ) ;
#620 = CARTESIAN_POINT ( 'NONE',  ( 0.0000000000000000000, 3.500000000000000000, 5.500000000000000000 ) ) ;
#621 = CARTESIAN_POINT ( 'NONE',  ( 1.349305803138686400, 2.046140262461224200, -65.00000000000000000 ) ) ;
#622 = CARTESIAN_POINT ( 'NONE',  ( -6.492683906024118400, 2.245675381711405500, -75.78318951479280900 ) ) ;
#623 = CARTESIAN_POINT ( 'NONE',  ( 5.815693118535804700, 0.4606982061924536600, 91.60000000000020700 ) ) ;
#624 = CARTESIAN_POINT ( 'NONE',  ( -6.552736663511048200, -0.2662025429009796100, -86.32634896890763800 ) ) ;
#625 = CARTESIAN_POINT ( 'NONE',  ( -1.783841016749530700, -0.5242349797156140600, 78.59686089445550300 ) ) ;
#626 = DIRECTION ( 'NONE',  ( 0.0000000000000000000, 0.0000000000000000000, 1.000000000000000000 ) ) ;
#627 = CARTESIAN_POINT ( 'NONE',  ( -5.211462668657368600, -3.189792391704306100, 96.86851599800185400 ) ) ;
#628 = CARTESIAN_POINT ( 'NONE',  ( 11.95262711332264700, -3.501695169439779800, -67.66777135554414700 ) ) ;
#629 = CARTESIAN_POINT ( 'NONE',  ( -0.09926796821879206600, -0.3824172440725708300, 91.60000000000000900 ) ) ;
#630 = CARTESIAN_POINT ( 'NONE',  ( 0.0000000000000000000, 3.500000000000000000, 0.0000000000000000000 ) ) ;
#631 = CARTESIAN_POINT ( 'NONE',  ( 5.500000000000000000, -3.500000000000000000, -101.5999999999999900 ) ) ;
#632 = CARTESIAN_POINT ( 'NONE',  ( 7.061967188581501600, -0.4029758080423087000, -65.00000000000000000 ) ) ;
#633 = CARTESIAN_POINT ( 'NONE',  ( 7.118415781238502000, 1.211310185638204700, 81.08955128996088000 ) ) ;
#634 = CARTESIAN_POINT ( 'NONE',  ( 13.29785949944605300, -3.502856202887451300, -35.00000000000000000 ) ) ;
#635 = EDGE_CURVE ( 'NONE', #1002, #341, #1632, .T. ) ;
#636 = CALENDAR_DATE ( 2016, 29, 7 ) ;
#637 = CARTESIAN_POINT ( 'NONE',  ( -1.656847080559405300, 0.07129772257941643900, -91.59999999999998000 ) ) ;
#638 = CARTESIAN_POINT ( 'NONE',  ( -7.627068485593742500, -3.484494567129924600, 91.59999999999999400 ) ) ;
#639 = CARTESIAN_POINT ( 'NONE',  ( -6.096213529124771200, 0.2879017730269637900, -91.60000000000026400 ) ) ;
#640 = CARTESIAN_POINT ( 'NONE',  ( 5.657807863398571300, 0.4955334578815471800, 91.60000000000002300 ) ) ;
#641 = CIRCLE ( 'NONE', #2632, 17.99999999999999600 ) ;
#642 = CARTESIAN_POINT ( 'NONE',  ( -7.786523262564686300, 1.711995033765072000, -70.44330349631209700 ) ) ;
#643 = CARTESIAN_POINT ( 'NONE',  ( 2.834395574614077900, -1.137966978114028900, 91.60000000000006500 ) ) ;
#644 = CARTESIAN_POINT ( 'NONE',  ( 5.575000000000001100, -0.2499999999999997800, 91.59999999999999400 ) ) ;
#645 = CARTESIAN_POINT ( 'NONE',  ( -5.942832313232300700, -3.121897681404020000, 92.01567112720192700 ) ) ;
#646 = CARTESIAN_POINT ( 'NONE',  ( 11.93963244836229400, -3.501791265136455800, -67.67101059883704300 ) ) ;
#647 = CARTESIAN_POINT ( 'NONE',  ( -7.213414968790083900, -0.4892294276398458400, 65.00000000000000000 ) ) ;
#648 = CARTESIAN_POINT ( 'NONE',  ( -6.735557395310442000E-016, 3.500000000000000000, -5.500000000000000000 ) ) ;
#649 = CARTESIAN_POINT ( 'NONE',  ( 6.675811680763419400, -3.278905605860806400, -91.60000000000000900 ) ) ;
#650 = CARTESIAN_POINT ( 'NONE',  ( 7.213414968790083900, -0.4892294276398458400, -65.00000000000000000 ) ) ;
#651 = CARTESIAN_POINT ( 'NONE',  ( -5.500000000000000000, -3.500000000000000000, 101.5999999999999900 ) ) ;
#652 = CARTESIAN_POINT ( 'NONE',  ( 7.119723676443801000, 1.208924672641711100, 81.08957159396671000 ) ) ;
#653 = CARTESIAN_POINT ( 'NONE',  ( -6.567520810171275900, -1.071015114047760400, 64.99999999999997200 ) ) ;
#654 = CARTESIAN_POINT ( 'NONE',  ( 10.07253748066759900, -2.622922021627566800, -65.00000000000000000 ) ) ;
#655 = CARTESIAN_POINT ( 'NONE',  ( -6.490216312197436100, 2.241868967693481500, -75.78190063152148100 ) ) ;
#656 = CARTESIAN_POINT ( 'NONE',  ( 5.618558260364305400, 0.4987594352989396800, 91.59999999999998000 ) ) ;
#657 = CARTESIAN_POINT ( 'NONE',  ( 7.392029308696178800, 1.401177603670517500, 65.00000000000001400 ) ) ;
#658 = CARTESIAN_POINT ( 'NONE',  ( -7.674863301620990600, 1.341122117860140200, -70.42496488473321400 ) ) ;
#659 = CARTESIAN_POINT ( 'NONE',  ( 1.659413550343998600, 1.564445737700937500, 65.00000000000012800 ) ) ;
#660 = SECURITY_CLASSIFICATION_LEVEL ( 'unclassified' ) ;
#661 = CARTESIAN_POINT ( 'NONE',  ( -7.613518841526084400, -3.394623430052362300, 91.93448385855174400 ) ) ;
#662 = CARTESIAN_POINT ( 'NONE',  ( 5.914071641693515100, 5.500000000000001800, 45.05079490154284400 ) ) ;
#663 = CARTESIAN_POINT ( 'NONE',  ( -8.110454194089422600, -1.000117603065569200, 65.00000000000000000 ) ) ;
#664 = DIRECTION ( 'NONE',  ( 0.0000000000000000000, 0.0000000000000000000, 1.000000000000000000 ) ) ;
#665 = CARTESIAN_POINT ( 'NONE',  ( 4.847452110742711500, -3.105299086797476300, -96.93026705474061100 ) ) ;
#667 = ORIENTED_EDGE ( 'NONE', *, *, #4865, .T. ) ;
#666 = CARTESIAN_POINT ( 'NONE',  ( 7.575599249541222800, -0.6955032015643718400, -65.00000000000000000 ) ) ;
#668 = EDGE_CURVE ( 'NONE', #4844, #3125, #1956, .T. ) ;
#669 = CARTESIAN_POINT ( 'NONE',  ( -5.500000000000000000, -3.500000000000000000, 101.5999999999999900 ) ) ;
#670 = CARTESIAN_POINT ( 'NONE',  ( 6.324231383865837900, -0.2844771172895041400, 91.59999999999995200 ) ) ;
#671 = CARTESIAN_POINT ( 'NONE',  ( -10.23222477039665400, -2.845021310412859900, 70.35293642492540300 ) ) ;
#672 = LINE ( 'NONE', #4512, #285 ) ;
#673 = CARTESIAN_POINT ( 'NONE',  ( 6.812492010791485700, 3.249999999999999600, 65.00000000000000000 ) ) ;
#674 = CARTESIAN_POINT ( 'NONE',  ( -7.493927004186798700, 2.981388297509371300, -64.99999999999997200 ) ) ;
#675 = CARTESIAN_POINT ( 'NONE',  ( 5.892884633789782900, 1.025285688645692000, 86.28101706887198900 ) ) ;
#676 = LINE ( 'NONE', #214, #4910 ) ;
#677 = CARTESIAN_POINT ( 'NONE',  ( 6.540220849881127800, 0.7917613981688966800, 70.32087535899336200 ) ) ;
#678 = CARTESIAN_POINT ( 'NONE',  ( 0.6941419962955418500, -0.6095126783311918300, 5.467597511674634700 ) ) ;
#679 = CARTESIAN_POINT ( 'NONE',  ( -6.675811680763419400, -3.278905605860806400, 91.60000000000000900 ) ) ;
#680 = CARTESIAN_POINT ( 'NONE',  ( 5.755195802161717100, 4.375000000000001800, 55.02539745077142900 ) ) ;
#681 = CARTESIAN_POINT ( 'NONE',  ( -6.866021471563688500, -0.4799930348159259200, 67.68749069539161700 ) ) ;
#682 = ADVANCED_FACE ( 'NONE', ( #4977 ), #4452, .T. ) ;
#683 = DIRECTION ( 'NONE',  ( -1.000000000000000000, 0.0000000000000000000, 0.0000000000000000000 ) ) ;
#684 = DIRECTION ( 'NONE',  ( -1.000000000000000000, 0.0000000000000000000, 0.0000000000000000000 ) ) ;
#685 = CARTESIAN_POINT ( 'NONE',  ( 4.790753321610658600, -0.7446102340961012800, -78.31787031441581300 ) ) ;
#686 = CARTESIAN_POINT ( 'NONE',  ( 6.324471001425068000, -0.2785894495107314500, 91.59999999999995200 ) ) ;
#687 = CARTESIAN_POINT ( 'NONE',  ( -8.832734828260328200, -3.496675217658396000, 84.95874026601454400 ) ) ;
#688 = CARTESIAN_POINT ( 'NONE',  ( 6.282735820929575600, 0.4417012794083412500, -35.00000000000000000 ) ) ;
#689 = CARTESIAN_POINT ( 'NONE',  ( -5.967913143498689600, 0.3888005105753441500, -91.60000000000029300 ) ) ;
#690 = CARTESIAN_POINT ( 'NONE',  ( 6.734892422651513200, 2.650191370069476400, 70.32952931684940300 ) ) ;
#691 = CARTESIAN_POINT ( 'NONE',  ( 5.846554226464978600, -0.5571796470870112900, 86.28034308778367700 ) ) ;
#692 = CARTESIAN_POINT ( 'NONE',  ( 1.392441428748096600, -0.3563023516121678900, 5.332688114656416000 ) ) ;
#693 = CARTESIAN_POINT ( 'NONE',  ( -6.890020587540935700, -3.349963192196080600, 91.95239495313916200 ) ) ;
#694 = CARTESIAN_POINT ( 'NONE',  ( -3.401181651596549400, -2.475969392201541600, 4.331381501159379300 ) ) ;
#695 = CARTESIAN_POINT ( 'NONE',  ( -7.450818845113680300, -0.7939009660209788200, 67.64633856719345300 ) ) ;
#696 = DIRECTION ( 'NONE',  ( 0.0000000000000000000, 0.0000000000000000000, -1.000000000000000000 ) ) ;
#697 = CARTESIAN_POINT ( 'NONE',  ( -5.763762000709626900, 0.5021256386628032400, -91.59999999999999400 ) ) ;
#698 = CARTESIAN_POINT ( 'NONE',  ( 5.644180266045265300, -1.141373657701496300, -78.25746359927246900 ) ) ;
#699 = FACE_OUTER_BOUND ( 'NONE', #1250, .T. ) ;
#700 = ORIENTED_EDGE ( 'NONE', *, *, #4511, .F. ) ;
#701 = CARTESIAN_POINT ( 'NONE',  ( 5.505507188982068800, -1.417863179661351200, 97.27466813556522100 ) ) ;
#702 = CARTESIAN_POINT ( 'NONE',  ( 7.785933817405665800, 2.495533697805040400, 64.99999999999995700 ) ) ;
#703 = CARTESIAN_POINT ( 'NONE',  ( -8.917949369175069300, -2.111708114796207300, 64.99999999999994300 ) ) ;
#704 = CARTESIAN_POINT ( 'NONE',  ( -4.388601888445580600, 0.3804868997340238900, -3.320435381050861800 ) ) ;
#705 = CARTESIAN_POINT ( 'NONE',  ( -6.471972684724759600, 2.164913676540974700, -75.74847266839776700 ) ) ;
#706 = CARTESIAN_POINT ( 'NONE',  ( 5.883402976679949600, 1.025356480097562300, 86.27990027058136500 ) ) ;
#707 = CARTESIAN_POINT ( 'NONE',  ( 5.873276522652505900, -0.5596443489168209100, 86.28222388385120200 ) ) ;
#708 = CARTESIAN_POINT ( 'NONE',  ( -1.141570316556769000, -2.060254961280371800, 93.14015673250037300 ) ) ;
#709 = CARTESIAN_POINT ( 'NONE',  ( 5.500017139085892700, 1.498826231819932600, 0.0000000000000000000 ) ) ;
#710 = CARTESIAN_POINT ( 'NONE',  ( -6.739682815244720800, -0.4133103354030923700, 67.69813125231266300 ) ) ;
#711 = PLANE ( 'NONE',  #4389 ) ;
#712 = CARTESIAN_POINT ( 'NONE',  ( -5.772038243104801400, -1.000000000000002000, -91.59999999999999400 ) ) ;
#713 = CARTESIAN_POINT ( 'NONE',  ( 9.540589985151445500, -2.973780345413226600, -78.15214096324062600 ) ) ;
#714 = CARTESIAN_POINT ( 'NONE',  ( 6.553696110248957900, 0.7811639498112239500, 86.33761742795557800 ) ) ;
#715 = CARTESIAN_POINT ( 'NONE',  ( -5.630195017442184200, -1.892410213393801900, 78.31536923830654500 ) ) ;
#716 = CARTESIAN_POINT ( 'NONE',  ( -5.496129928210492300, 1.385351436379871300, -0.2104710196305623900 ) ) ;
#717 = CARTESIAN_POINT ( 'NONE',  ( -5.892986876335308800, 0.4289016608624850500, -91.60000000000025000 ) ) ;
#718 = CARTESIAN_POINT ( 'NONE',  ( 6.541944248788661700, 2.051890143860482000, 75.63412547428936300 ) ) ;
#719 = ORIENTED_EDGE ( 'NONE', *, *, #1730, .T. ) ;
#720 = CARTESIAN_POINT ( 'NONE',  ( 5.576698729712803400, -0.9999987838830194400, 91.59999999999998000 ) ) ;
#721 = CARTESIAN_POINT ( 'NONE',  ( 6.407476991347506300, -0.2454133121814425800, 91.59999999999998000 ) ) ;
#722 = CARTESIAN_POINT ( 'NONE',  ( -9.008502633510493900, -0.8463118392531696600, 53.34520522423023400 ) ) ;
#723 = CARTESIAN_POINT ( 'NONE',  ( -7.613874176886488600, -3.307857466264385100, 91.59999999999999400 ) ) ;
#724 = EDGE_LOOP ( 'NONE', ( #3955, #4527 ) ) ;
#725 = CARTESIAN_POINT ( 'NONE',  ( 7.272878014995420400, -1.490608911064571700, -67.67536923830650200 ) ) ;
#726 = CARTESIAN_POINT ( 'NONE',  ( 0.2498886735348620200, -2.505932417156091100, -99.30450648846338900 ) ) ;
#727 = CARTESIAN_POINT ( 'NONE',  ( 12.09961438355102800, -3.346823178263799400, -67.55796246428971600 ) ) ;
#728 = AXIS2_PLACEMENT_3D ( 'NONE', #2438, #1653, #1225 ) ;
#729 = VECTOR ( 'NONE', #5159, 1000.000000000000000 ) ;
#730 = CARTESIAN_POINT ( 'NONE',  ( -5.457717907580650300, -3.388672195213603600, 0.7264460483838475200 ) ) ;
#731 = CARTESIAN_POINT ( 'NONE',  ( 7.115115268280432800, 1.217241557879603400, 81.08949643050291900 ) ) ;
#732 = CARTESIAN_POINT ( 'NONE',  ( -5.628821137879788800, -0.8947071661516296000, 70.34757557918128200 ) ) ;
#733 = CARTESIAN_POINT ( 'NONE',  ( -6.972292478607136500, 3.249999999999999600, -65.00000000000000000 ) ) ;
#734 = CARTESIAN_POINT ( 'NONE',  ( 3.922467100098260100, -0.1881423901954560600, -70.35034765337528000 ) ) ;
#735 = ORIENTED_EDGE ( 'NONE', *, *, #3754, .F. ) ;
#736 = CARTESIAN_POINT ( 'NONE',  ( 6.134730578843367300, -0.1174847599364391100, 80.96244705971561500 ) ) ;
#737 = CARTESIAN_POINT ( 'NONE',  ( -0.07395546124651723700, -1.862147600767278800, 93.61623552985697900 ) ) ;
#738 = CARTESIAN_POINT ( 'NONE',  ( 0.0000000000000000000, 3.500000000000000000, 5.500000000000000000 ) ) ;
#739 = CARTESIAN_POINT ( 'NONE',  ( -8.575225733001888200, -1.529501592389309600, 70.13415675375561900 ) ) ;
#740 = CARTESIAN_POINT ( 'NONE',  ( -6.320151960343235200, -0.3363764229656812700, -91.59999999999992300 ) ) ;
#741 = CARTESIAN_POINT ( 'NONE',  ( 1.854917373834132200, -2.077125901561141900, -91.60000000000003700 ) ) ;
#742 = CARTESIAN_POINT ( 'NONE',  ( -6.158294465473434600, 0.3436141235815725600, -91.60000000000002300 ) ) ;
#743 = CARTESIAN_POINT ( 'NONE',  ( 8.953631277432872800, -3.331101897410240700, -84.89901728372667800 ) ) ;
#744 = CARTESIAN_POINT ( 'NONE',  ( -5.499854576771783200, -3.242047998893700100, 0.04071030436381234400 ) ) ;
#745 = CARTESIAN_POINT ( 'NONE',  ( 6.710182377969689900, 0.5042968166443385600, 86.34454089731272600 ) ) ;
#746 = CARTESIAN_POINT ( 'NONE',  ( 13.38622377657959800, -3.274055437160528800, -35.00000000000000000 ) ) ;
#747 = CARTESIAN_POINT ( 'NONE',  ( -7.673837411060255900, 1.693134873432807600, -64.99999999999998600 ) ) ;
#748 = CARTESIAN_POINT ( 'NONE',  ( 0.5456475499666044700, -1.750743740576115900, -91.59999999999998000 ) ) ;
#749 = PERSON_AND_ORGANIZATION ( #4138, #117 ) ;
#750 = CARTESIAN_POINT ( 'NONE',  ( 6.444048327463189500, -0.1069805570946760300, 80.99203746416751000 ) ) ;
#751 = CARTESIAN_POINT ( 'NONE',  ( 0.2578722279359448300, -2.091461178630876500, 99.85288951088232100 ) ) ;
#752 = CARTESIAN_POINT ( 'NONE',  ( 7.266722016811225900, 1.195256904456912400, -43.18094544173991500 ) ) ;
#753 = CARTESIAN_POINT ( 'NONE',  ( -12.07095665833383600, -3.401247546154780600, 70.11615771178567500 ) ) ;
#754 = CARTESIAN_POINT ( 'NONE',  ( -7.450453215317784500, 2.066376901069473200, -75.89785197517363700 ) ) ;
#755 = EDGE_CURVE ( 'NONE', #2598, #3020, #4848, .T. ) ;
#756 = VECTOR ( 'NONE', #1540, 1000.000000000000100 ) ;
#757 = CARTESIAN_POINT ( 'NONE',  ( 11.24457604585145100, -3.141862419420625900, -65.00000000000000000 ) ) ;
#758 = CARTESIAN_POINT ( 'NONE',  ( -8.635008004818004700, -0.8828271103404621300, 34.99999999999998600 ) ) ;
#759 = CARTESIAN_POINT ( 'NONE',  ( 10.69693262416273600, -2.473187239989410400, -65.00000000000002800 ) ) ;
#760 = CARTESIAN_POINT ( 'NONE',  ( -5.373099757032242100, -3.042226386248210200, 1.181062772307778500 ) ) ;
#761 = ORIENTED_EDGE ( 'NONE', *, *, #2760, .T. ) ;
#762 = CARTESIAN_POINT ( 'NONE',  ( 6.649510058718241200, 0.6492244923499722600, 86.34249386090320400 ) ) ;
#763 = DIRECTION ( 'NONE',  ( 0.0000000000000000000, 0.0000000000000000000, -1.000000000000000000 ) ) ;
#764 = CC_DESIGN_PERSON_AND_ORGANIZATION_ASSIGNMENT ( #4871, #1112, ( #1699 ) ) ;
#765 = CARTESIAN_POINT ( 'NONE',  ( -8.511490851541692500, 3.778267773706527800, -35.00000000000003600 ) ) ;
#766 = CARTESIAN_POINT ( 'NONE',  ( 4.042824686188778200, 0.04683787287838525600, -65.00000000000000000 ) ) ;
#767 = CARTESIAN_POINT ( 'NONE',  ( 5.998274292217069500, -0.5576799192053637500, 86.29064442941947300 ) ) ;
#768 = CARTESIAN_POINT ( 'NONE',  ( -5.500000000000000000, -3.500000000000000000, 101.5999999999999900 ) ) ;
#769 = CARTESIAN_POINT ( 'NONE',  ( -12.68310727074662300, -3.502888593200705900, 52.50191092872521600 ) ) ;
#770 = CARTESIAN_POINT ( 'NONE',  ( -10.29171909380458600, -3.356530006669240500, 78.19803802298280000 ) ) ;
#771 = CARTESIAN_POINT ( 'NONE',  ( -7.164346274096275600, 1.113825823970976400, -81.08973523575090800 ) ) ;
#772 = CARTESIAN_POINT ( 'NONE',  ( 1.570508238728616200, -1.275399761486496500, -84.95516856332004400 ) ) ;
#773 = CARTESIAN_POINT ( 'NONE',  ( -5.612529790258424400, -0.9990960840769516100, -91.59999999999995200 ) ) ;
#774 = CARTESIAN_POINT ( 'NONE',  ( 2.419807581430968700, -0.2249859100612356400, 8.943804574258264100 ) ) ;
#775 = CARTESIAN_POINT ( 'NONE',  ( 8.276955102827148600, -3.021238824830460700, -84.87607048162031700 ) ) ;
#776 = CARTESIAN_POINT ( 'NONE',  ( -9.127063101341201800, -1.755202108929919000, 53.15101810504420900 ) ) ;
#777 = ADVANCED_FACE ( 'NONE', ( #1952 ), #4978, .T. ) ;
#778 = CARTESIAN_POINT ( 'NONE',  ( -0.2120656755743774200, 1.895165735463071100, 5.500000000000006200 ) ) ;
#779 = CARTESIAN_POINT ( 'NONE',  ( 7.607612137029612100, 2.853296867367342700, 64.99999999999994300 ) ) ;
#780 = CARTESIAN_POINT ( 'NONE',  ( -6.419066497656505300, -1.228489802778739200, 70.34962503206385500 ) ) ;
#781 = VERTEX_POINT ( 'NONE', #1887 ) ;
#782 = ORIENTED_EDGE ( 'NONE', *, *, #2404, .F. ) ;
#783 = CARTESIAN_POINT ( 'NONE',  ( -7.739481818608713800, 3.033438695126689400, -34.99999999999995000 ) ) ;
#784 = CARTESIAN_POINT ( 'NONE',  ( 3.725365427061033700, -0.1158816018885672300, -70.47596358434007900 ) ) ;
#785 = LINE ( 'NONE', #2733, #4904 ) ;
#786 = CARTESIAN_POINT ( 'NONE',  ( 5.795241581959779800, -0.9673361474823379800, 91.59999999999986600 ) ) ;
#787 = CARTESIAN_POINT ( 'NONE',  ( 3.751148974479190400, -2.703002216448096500, -0.0000000000000000000 ) ) ;
#788 = CARTESIAN_POINT ( 'NONE',  ( -12.15459276052485800, -3.303364233875434300, 65.00000000000000000 ) ) ;
#789 = CARTESIAN_POINT ( 'NONE',  ( -4.723407679269733700, -2.156834118140998700, 91.60000000000002300 ) ) ;
#790 = CARTESIAN_POINT ( 'NONE',  ( -6.719289056107806200, 0.4754131216698849700, -86.34473642462128900 ) ) ;
#791 = ORIENTED_EDGE ( 'NONE', *, *, #5342, .T. ) ;
#792 = CARTESIAN_POINT ( 'NONE',  ( 5.575000000000002800, -1.000000000000004400, 91.59999999999999400 ) ) ;
#793 = CARTESIAN_POINT ( 'NONE',  ( -6.220072117741078300, -0.1233364098327204800, -80.97122065485260100 ) ) ;
#794 = CARTESIAN_POINT ( 'NONE',  ( -4.201794849009997900, -2.927145452471277200, 0.0000000000000000000 ) ) ;
#795 = CARTESIAN_POINT ( 'NONE',  ( 8.957534317270070500, -3.338610833661416400, -84.89923064677337500 ) ) ;
#796 = EDGE_CURVE ( 'NONE', #464, #349, #4064, .T. ) ;
#797 = CARTESIAN_POINT ( 'NONE',  ( 7.236995560273752100, -3.157766779282542600, -91.59999999999998000 ) ) ;
#798 = ORIENTED_EDGE ( 'NONE', *, *, #1875, .T. ) ;
#799 = CARTESIAN_POINT ( 'NONE',  ( 6.380240425679138700, 0.9163090829247027000, 86.32632687306109200 ) ) ;
#800 = CARTESIAN_POINT ( 'NONE',  ( -3.983583382390500900, 2.805021401942735100, 0.0000000000000000000 ) ) ;
#801 = CARTESIAN_POINT ( 'NONE',  ( -7.754760987370175900, 5.447362335066740600, -34.99999999999999300 ) ) ;
#802 = CARTESIAN_POINT ( 'NONE',  ( 2.737643818839815300, 0.5671970574908137300, -65.00000000000000000 ) ) ;
#803 = CARTESIAN_POINT ( 'NONE',  ( 6.768894855696934200, 0.7762645037106268300, 70.34128885883907900 ) ) ;
#804 = CARTESIAN_POINT ( 'NONE',  ( 1.458233081073477800, -1.603710014415314700, -20.32496010687508600 ) ) ;
#805 = CARTESIAN_POINT ( 'NONE',  ( -13.26915514171067500, -3.492244288815582900, 35.00000000000000000 ) ) ;
#806 = CARTESIAN_POINT ( 'NONE',  ( -12.08628327133804200, -3.410572397911004300, 67.56524795891698400 ) ) ;
#807 = CARTESIAN_POINT ( 'NONE',  ( -6.324231383865837900, -0.2844771172895041400, -91.59999999999995200 ) ) ;
#808 = DIRECTION ( 'NONE',  ( 1.000000000000000000, 0.0000000000000000000, 0.0000000000000000000 ) ) ;
#809 = CARTESIAN_POINT ( 'NONE',  ( -6.127189547959753600, -0.1164050099558741300, -80.96165494154139700 ) ) ;
#810 = CARTESIAN_POINT ( 'NONE',  ( 0.4280047568432220300, -0.8652004700196656000, 0.0000000000000000000 ) ) ;
#811 = CARTESIAN_POINT ( 'NONE',  ( 4.438290311729540200, 2.735737333946334000, 5.871073698460308200 ) ) ;
#812 = CARTESIAN_POINT ( 'NONE',  ( 8.970493857858748800, -3.388451212429430400, -84.90361540284905600 ) ) ;
#813 = PERSON_AND_ORGANIZATION ( #4138, #117 ) ;
#814 = CARTESIAN_POINT ( 'NONE',  ( 1.125666951756208300, -1.798190371432724100, -99.13166649291886800 ) ) ;
#815 = CARTESIAN_POINT ( 'NONE',  ( 6.615950624458279500, 1.595782281889496200, 81.05265374612191900 ) ) ;
#816 = CARTESIAN_POINT ( 'NONE',  ( 0.7390350521396605900, 1.035527476884599500, 0.0000000000000000000 ) ) ;
#817 = CARTESIAN_POINT ( 'NONE',  ( -0.3354983284784873700, -1.546924376201045200, -91.59999999999999400 ) ) ;
#818 = CIRCLE ( 'NONE', #3912, 2.500000000000000000 ) ;
#819 = ORIENTED_EDGE ( 'NONE', *, *, #4129, .F. ) ;
#820 = CARTESIAN_POINT ( 'NONE',  ( 7.395403670390652300, 0.6577369003178139600, 75.77746272888983000 ) ) ;
#821 = CARTESIAN_POINT ( 'NONE',  ( -0.4280047568432220300, -0.8652004700196656000, -14.61195414614757100 ) ) ;
#822 = CARTESIAN_POINT ( 'NONE',  ( -5.638138943575417400, 0.4974768202577069500, -91.60000000000000900 ) ) ;
#823 = CARTESIAN_POINT ( 'NONE',  ( -12.09979379412483300, -3.369877819041294600, 67.55909717194889200 ) ) ;
#824 = CARTESIAN_POINT ( 'NONE',  ( -6.720874537182208300, 0.4700023034751251700, -86.34476494621193900 ) ) ;
#825 = PLANE ( 'NONE',  #728 ) ;
#826 = CARTESIAN_POINT ( 'NONE',  ( -6.601367306103134600, 0.7832377970834293300, -70.32665417930998300 ) ) ;
#827 = ORIENTED_EDGE ( 'NONE', *, *, #2316, .T. ) ;
#828 = CARTESIAN_POINT ( 'NONE',  ( -3.972976464267841600, -0.07322186080509268700, 67.67485012061081300 ) ) ;
#829 = CARTESIAN_POINT ( 'NONE',  ( 8.472911638776375700, 3.713797404061414100, 23.25790015865194600 ) ) ;
#830 = CARTESIAN_POINT ( 'NONE',  ( 4.438290311729540200, 2.735737333946334000, 0.0000000000000000000 ) ) ;
#831 = CARTESIAN_POINT ( 'NONE',  ( 8.955490760577932400, -3.335473738477718400, -84.89912042895129200 ) ) ;
#832 = ADVANCED_FACE ( 'NONE', ( #2282, #1453 ), #711, .F. ) ;
#833 = CARTESIAN_POINT ( 'NONE',  ( 1.042268434935401200, -0.6909723004562056100, -91.59999999999998000 ) ) ;
#834 = CARTESIAN_POINT ( 'NONE',  ( 7.745391139878647000, 2.609655201999432800, 64.99999999999994300 ) ) ;
#835 = CARTESIAN_POINT ( 'NONE',  ( 0.7390350521396605900, 1.035527476884599500, -13.06272197092776300 ) ) ;
#836 = CARTESIAN_POINT ( 'NONE',  ( 5.225223840640141200, -3.429184591355484400, -1.716693279303529000 ) ) ;
#837 = CARTESIAN_POINT ( 'NONE',  ( -0.5700240368393139100, -1.498465376580942600, -91.59999999999999400 ) ) ;
#838 = CARTESIAN_POINT ( 'NONE',  ( 6.482389746706553900, -0.3413264124818705700, 86.32135055688813500 ) ) ;
#839 = CARTESIAN_POINT ( 'NONE',  ( -6.026825518760718500, 3.108958647604744400, -23.26988219014421600 ) ) ;
#840 = CARTESIAN_POINT ( 'NONE',  ( -6.266686336860257000, 1.564103567689203200, -80.98669606204033800 ) ) ;
#841 = CARTESIAN_POINT ( 'NONE',  ( -12.01666568611428900, -3.468966218542814100, 70.11877911437804300 ) ) ;
#842 = CARTESIAN_POINT ( 'NONE',  ( -6.323932935422575100, -0.2903628384458580800, -91.59999999999995200 ) ) ;
#843 = VERTEX_POINT ( 'NONE', #3270 ) ;
#844 = CARTESIAN_POINT ( 'NONE',  ( -5.787116517822916300, -19.49883130433810800, -91.59999999999999400 ) ) ;
#845 = CARTESIAN_POINT ( 'NONE',  ( -5.873276522652505900, -0.5596443489168209100, -86.28222388385120200 ) ) ;
#846 = CARTESIAN_POINT ( 'NONE',  ( 1.611995560391069600, -0.9178426209007341000, -91.59999999999999400 ) ) ;
#847 = CARTESIAN_POINT ( 'NONE',  ( -4.042823936348948900, 0.04683820488519256600, 65.00000000000000000 ) ) ;
#848 = DIRECTION ( 'NONE',  ( 0.0000000000000000000, 0.0000000000000000000, -1.000000000000000000 ) ) ;
#849 = CARTESIAN_POINT ( 'NONE',  ( 12.02628232033350200, -3.460227747236818400, -70.11830220041571200 ) ) ;
#850 = ORIENTED_EDGE ( 'NONE', *, *, #5087, .T. ) ;
#851 = CARTESIAN_POINT ( 'NONE',  ( 7.826788817194575600, 2.073798295717659700, 64.99999999999997200 ) ) ;
#852 = CARTESIAN_POINT ( 'NONE',  ( 7.358244729590059500, 2.550694317508848600, 70.42700917066251500 ) ) ;
#853 = CARTESIAN_POINT ( 'NONE',  ( -3.983583382390500900, 2.805021401942735100, -5.844137577975714300 ) ) ;
#854 = CARTESIAN_POINT ( 'NONE',  ( 1.127790289343627800, -1.367487112031255500, -5.390543744727435400 ) ) ;
#855 = CARTESIAN_POINT ( 'NONE',  ( 1.783841016749530700, -0.5242349797156140600, -78.59686089445550300 ) ) ;
#856 = ORIENTED_EDGE ( 'NONE', *, *, #3903, .T. ) ;
#857 = CARTESIAN_POINT ( 'NONE',  ( 7.108719481519441000, -3.409658148906145000, -91.94456017736872900 ) ) ;
#858 = CARTESIAN_POINT ( 'NONE',  ( 7.047064359038182100, 0.2915741350477837300, 81.05318348199435300 ) ) ;
#859 = CARTESIAN_POINT ( 'NONE',  ( 6.102691817818849200, 0.5430812962098321400, -35.00000000000000000 ) ) ;
#860 = CARTESIAN_POINT ( 'NONE',  ( -5.657807863398571300, 0.4955334578815471800, -91.60000000000002300 ) ) ;
#861 = ORIENTED_EDGE ( 'NONE', *, *, #4481, .T. ) ;
#862 = CARTESIAN_POINT ( 'NONE',  ( -12.02628232033350200, -3.460227747236818400, 70.11830220041571200 ) ) ;
#863 = CARTESIAN_POINT ( 'NONE',  ( -6.324681188308105100, -0.2727009766986720500, -91.59999999999996600 ) ) ;
#864 = DIRECTION ( 'NONE',  ( 0.0000000000000000000, 0.0000000000000000000, -1.000000000000000000 ) ) ;
#865 = CARTESIAN_POINT ( 'NONE',  ( -6.497693652376399100, -0.3266498913587523300, -86.32242001810009000 ) ) ;
#866 = CARTESIAN_POINT ( 'NONE',  ( -7.312499999999926300, 5.500000000000005300, -35.00000000000000000 ) ) ;
#867 = CARTESIAN_POINT ( 'NONE',  ( 5.363312068258555800, -3.444152956822558400, -1.225199181425698600 ) ) ;
#868 = CARTESIAN_POINT ( 'NONE',  ( 5.209195556452081100, 2.450857846071467600, 1.784279507520499600 ) ) ;
#869 = CARTESIAN_POINT ( 'NONE',  ( 3.765591693665141500, 5.340489078674536000, 35.00000000000001400 ) ) ;
#870 = CARTESIAN_POINT ( 'NONE',  ( 12.09983006959245000, -3.358842818403903000, -67.55846129354672800 ) ) ;
#871 = CARTESIAN_POINT ( 'NONE',  ( -1.742262568857854600, 1.221658706743933300, 72.37997313043105400 ) ) ;
#872 = CC_DESIGN_PERSON_AND_ORGANIZATION_ASSIGNMENT ( #813, #2326, ( #5056 ) ) ;
#873 = CARTESIAN_POINT ( 'NONE',  ( 5.500000000000000000, -3.500000000000000000, -101.5999999999999900 ) ) ;
#874 = CARTESIAN_POINT ( 'NONE',  ( 7.098659748063065300, 2.639954927174565000, 70.39652351278549200 ) ) ;
#875 = CARTESIAN_POINT ( 'NONE',  ( 7.931666547352816300, 0.7096218129894285000, -35.00000000000000000 ) ) ;
#876 = DIRECTION ( 'NONE',  ( 0.9143797892797629300, 0.4048575069783149600, -0.0000000000000000000 ) ) ;
#877 = CARTESIAN_POINT ( 'NONE',  ( 2.110753363627321500, 0.7745193499756066700, -65.00000000000001400 ) ) ;
#878 = CARTESIAN_POINT ( 'NONE',  ( 7.621869045145825100, -3.455537981140254500, -91.93696825946224700 ) ) ;
#879 = CARTESIAN_POINT ( 'NONE',  ( 7.353854001680362600, 1.411463800705353000, 65.00000000000000000 ) ) ;
#880 = CARTESIAN_POINT ( 'NONE',  ( -8.472911638776375700, 3.713797404061414100, -34.99999999999998600 ) ) ;
#881 = CARTESIAN_POINT ( 'NONE',  ( -6.837752285024074600, 2.653050298449298100, -70.35074997370833200 ) ) ;
#882 = CARTESIAN_POINT ( 'NONE',  ( -8.968147686887594000, -3.403654418518375000, 84.90682906820326500 ) ) ;
#883 = CARTESIAN_POINT ( 'NONE',  ( -6.298919673227152800, -0.04068574578858128600, -91.60000000000008000 ) ) ;
#884 = CALENDAR_DATE ( 2016, 29, 7 ) ;
#885 = CARTESIAN_POINT ( 'NONE',  ( -3.111995562092119800, -1.515155730498627600, 91.60000000000003700 ) ) ;
#886 = CARTESIAN_POINT ( 'NONE',  ( -6.931115795259041900, 1.256085098881443600, -64.99999999999998600 ) ) ;
#887 = CARTESIAN_POINT ( 'NONE',  ( -4.586738841511640400, 2.878507268367561000, -3.035099141670409000 ) ) ;
#888 = CARTESIAN_POINT ( 'NONE',  ( 1.037758750742042500, 1.133609295778317000, -5.401907247273878300 ) ) ;
#889 = DIRECTION ( 'NONE',  ( 1.000000000000000000, 0.0000000000000000000, 0.0000000000000000000 ) ) ;
#890 = CARTESIAN_POINT ( 'NONE',  ( 3.352147286964856300, 2.824631478723828700, 0.0000000000000000000 ) ) ;
#891 = CARTESIAN_POINT ( 'NONE',  ( 8.945574693767754900, -3.452276345958110900, -84.92644557582563900 ) ) ;
#892 = CARTESIAN_POINT ( 'NONE',  ( -2.094555630263320400, 1.132547951797691100, 72.20932403200944800 ) ) ;
#893 = CARTESIAN_POINT ( 'NONE',  ( 6.556759420763041700, -3.447311715026180900, -96.76724192927586900 ) ) ;
#894 = CARTESIAN_POINT ( 'NONE',  ( 5.210932498510612000, -3.429072555626031500, -0.0000000000000000000 ) ) ;
#895 = CARTESIAN_POINT ( 'NONE',  ( -5.566735720207312000, 0.4999544664041345500, -91.59999999999999400 ) ) ;
#896 = CARTESIAN_POINT ( 'NONE',  ( -5.576698729712803400, -0.9999987838830194400, -91.59999999999998000 ) ) ;
#897 = CARTESIAN_POINT ( 'NONE',  ( 5.500000000000000000, -3.500000000000000000, -101.5999999999999900 ) ) ;
#898 = CARTESIAN_POINT ( 'NONE',  ( 6.978625445675492100, 0.2014672731021806000, 81.04484003620046900 ) ) ;
#899 = CARTESIAN_POINT ( 'NONE',  ( 8.386223776579909000, 0.3776408259240731100, -35.00000000000000000 ) ) ;
#900 = CARTESIAN_POINT ( 'NONE',  ( -6.734892422651513200, 2.650191370069476400, -70.32952931684940300 ) ) ;
#901 = CARTESIAN_POINT ( 'NONE',  ( -12.18331411520835100, -3.361373774031518400, 65.00000000000000000 ) ) ;
#902 = CARTESIAN_POINT ( 'NONE',  ( -7.640188991374171400, 2.282989125779439500, -70.44769957515151800 ) ) ;
#903 = AXIS2_PLACEMENT_3D ( 'NONE', #394, #4915, #1675 ) ;
#904 = CARTESIAN_POINT ( 'NONE',  ( -0.2973685380884908400, -1.796070606107766000, 99.96752272332165000 ) ) ;
#905 = CARTESIAN_POINT ( 'NONE',  ( -7.054506001829140300, 0.4036541274428615000, -75.72332945721737500 ) ) ;
#906 = CARTESIAN_POINT ( 'NONE',  ( -3.915135322757573400, -0.1862724915137599400, 70.35480379427288300 ) ) ;
#907 = CARTESIAN_POINT ( 'NONE',  ( 5.390149825241728400, -3.433084091957305400, -1.101084472886060700 ) ) ;
#908 = CARTESIAN_POINT ( 'NONE',  ( 7.312499999999927200, 5.500000000000001800, 24.87452441242750800 ) ) ;
#909 = CARTESIAN_POINT ( 'NONE',  ( -5.314347337308381800, -3.451720834566145000, 23.95630204710258600 ) ) ;
#910 = CARTESIAN_POINT ( 'NONE',  ( 11.90485386154045400, -3.484410013876452400, -70.16405867307123900 ) ) ;
#911 = CARTESIAN_POINT ( 'NONE',  ( 0.8698980073923887600, 2.631800785235657500, 65.00000000000000000 ) ) ;
#912 = CARTESIAN_POINT ( 'NONE',  ( 13.43918027289603300, -3.386841064597006000, -23.03659905653087800 ) ) ;
#913 = CARTESIAN_POINT ( 'NONE',  ( 5.500000000000000000, -3.500000000000000000, -101.5999999999999900 ) ) ;
#914 = CARTESIAN_POINT ( 'NONE',  ( -4.488821115242674700, 1.595714051965992700, -65.00000000000007100 ) ) ;
#915 = CARTESIAN_POINT ( 'NONE',  ( 6.195010293770467400, -3.424981596098041000, -96.77619747656956400 ) ) ;
#916 = VERTEX_POINT ( 'NONE', #2062 ) ;
#917 = CARTESIAN_POINT ( 'NONE',  ( 5.967625397695600900, -0.8887164503897334600, 91.59999999999973900 ) ) ;
#918 = CARTESIAN_POINT ( 'NONE',  ( -5.466157640471617900, 1.095957696284068000, 0.0000000000000000000 ) ) ;
#919 = CARTESIAN_POINT ( 'NONE',  ( -5.878653899202250300, 1.026167012467467300, -86.27942244756098900 ) ) ;
#920 = CARTESIAN_POINT ( 'NONE',  ( -8.957567782643190300, -3.432532790867731000, 84.91664208830303600 ) ) ;
#921 = CARTESIAN_POINT ( 'NONE',  ( -7.328155452793180500, 2.567016361149965200, -70.42407349743327000 ) ) ;
#922 = FACE_BOUND ( 'NONE', #1305, .T. ) ;
#923 = CARTESIAN_POINT ( 'NONE',  ( -2.105501622571343700, -1.283420647238255000, 93.14104977009940000 ) ) ;
#924 = CARTESIAN_POINT ( 'NONE',  ( -7.395403670390652300, 0.6577369003178139600, -75.77746272888983000 ) ) ;
#925 = CARTESIAN_POINT ( 'NONE',  ( -1.524958185466646500, -1.261291078911410200, 84.96418725079072900 ) ) ;
#926 = CARTESIAN_POINT ( 'NONE',  ( 0.2120656755743774200, 1.895165735463071100, -5.500000000000006200 ) ) ;
#927 = CARTESIAN_POINT ( 'NONE',  ( 5.566735720207312000, 0.4999544664041345500, 91.59999999999999400 ) ) ;
#928 = CARTESIAN_POINT ( 'NONE',  ( -13.42971025364485800, -3.422871903549387100, 34.99999999999996400 ) ) ;
#929 = CARTESIAN_POINT ( 'NONE',  ( 10.27598351154716200, -3.422557455080991000, -78.20774484972240300 ) ) ;
#930 = CARTESIAN_POINT ( 'NONE',  ( 4.096002930801534000, 1.501954506270182200, 80.57432127443152600 ) ) ;
#931 = ORIENTED_EDGE ( 'NONE', *, *, #938, .F. ) ;
#932 = CARTESIAN_POINT ( 'NONE',  ( 13.30936383028630100, -3.500815289903507200, -23.02627647373728000 ) ) ;
#933 = CARTESIAN_POINT ( 'NONE',  ( 5.802315442584281300, -3.122671246747942100, -96.81852066005116300 ) ) ;
#934 = CARTESIAN_POINT ( 'NONE',  ( -6.536721708122074800, 0.7925446106177731500, -70.32068617556738800 ) ) ;
#935 = CARTESIAN_POINT ( 'NONE',  ( 7.575125411725758300, -3.503091601416670600, -91.59999999999998000 ) ) ;
#936 = CARTESIAN_POINT ( 'NONE',  ( 7.389778564901099000, 1.435804755371729000, 65.00000000000000000 ) ) ;
#937 = CARTESIAN_POINT ( 'NONE',  ( -5.355858795563871200, 2.202293069614227300, -1.278338088417464400 ) ) ;
#938 = EDGE_CURVE ( 'NONE', #781, #1120, #672, .T. ) ;
#939 = CARTESIAN_POINT ( 'NONE',  ( -5.883402976679949600, 1.025356480097562300, -86.27990027058136500 ) ) ;
#940 = CARTESIAN_POINT ( 'NONE',  ( -7.671428530061782600, -3.375061224639781500, 91.60000000000000900 ) ) ;
#941 = CARTESIAN_POINT ( 'NONE',  ( -7.089558443201604600, 2.331823395037076800, -75.88745905699413200 ) ) ;
#942 = CARTESIAN_POINT ( 'NONE',  ( -6.111995560820832700, -2.709781947833429500, 91.59999999999998000 ) ) ;
#943 = CARTESIAN_POINT ( 'NONE',  ( -7.517686572087437300, 0.8303959714752510200, -75.80340039903732900 ) ) ;
#944 = CARTESIAN_POINT ( 'NONE',  ( -1.885800748981033800, -0.5568058030227585100, 78.56103883184869100 ) ) ;
#945 = CARTESIAN_POINT ( 'NONE',  ( -6.557860377850853500, -3.421796275631846300, 96.76830229557577900 ) ) ;
#946 = CARTESIAN_POINT ( 'NONE',  ( -4.090356027915085200, -1.917537558387645700, 0.0000000000000000000 ) ) ;
#947 = CARTESIAN_POINT ( 'NONE',  ( 12.18489663741198300, -3.401443045118024400, -65.00000000000000000 ) ) ;
#948 = CARTESIAN_POINT ( 'NONE',  ( 1.426603860347402500, 2.283645218729234200, 69.39108366916887900 ) ) ;
#949 = AXIS2_PLACEMENT_3D ( 'NONE', #63, #2945, #480 ) ;
#950 = CARTESIAN_POINT ( 'NONE',  ( 5.495108959702397700, -3.314217173722037400, -0.0000000000000000000 ) ) ;
#951 = CARTESIAN_POINT ( 'NONE',  ( -5.500000000000000000, -3.500000000000000000, 101.5999999999999900 ) ) ;
#952 = CARTESIAN_POINT ( 'NONE',  ( 5.500000000000000000, -3.500000000000000000, -101.5999999999999900 ) ) ;
#953 = CARTESIAN_POINT ( 'NONE',  ( -5.846554226464978600, -0.5571796470870112900, -86.28034308778367700 ) ) ;
#954 = LOCAL_TIME ( 12, 26, 38.00000000000000000, #3773 ) ;
#955 = CARTESIAN_POINT ( 'NONE',  ( 6.408379831225945900, -0.4333752437519615100, -70.45883241180341400 ) ) ;
#956 = CARTESIAN_POINT ( 'NONE',  ( 7.673837411060255900, 1.693134873432807600, 64.99999999999998600 ) ) ;
#957 = CARTESIAN_POINT ( 'NONE',  ( 7.136612466117175500, 0.4393312363164232900, 81.06496488473307200 ) ) ;
#958 = CARTESIAN_POINT ( 'NONE',  ( -5.490811119614493300, 1.682250299404923800, -0.3242354154820829000 ) ) ;
#959 = CYLINDRICAL_SURFACE ( 'NONE', #1505, 5.500000000000000000 ) ;
#960 = CARTESIAN_POINT ( 'NONE',  ( -5.587118221058632100, 2.648215097801457600, -70.18057983664458300 ) ) ;
#961 = CARTESIAN_POINT ( 'NONE',  ( -12.18352647707713600, -3.409510262146695100, 65.00000000000000000 ) ) ;
#962 = ORIENTED_EDGE ( 'NONE', *, *, #2027, .F. ) ;
#963 = CARTESIAN_POINT ( 'NONE',  ( -6.324820352809604500, -0.2677931760928932100, -91.59999999999998000 ) ) ;
#964 = CARTESIAN_POINT ( 'NONE',  ( 6.497629315978318100, 2.072521118444269100, 75.68954623505582900 ) ) ;
#965 = CARTESIAN_POINT ( 'NONE',  ( -7.569629221911583300, -3.504677565909957600, 91.93723738121686000 ) ) ;
#966 = CARTESIAN_POINT ( 'NONE',  ( -7.636777089755940800, 1.210199352822791700, -75.84584804485034200 ) ) ;
#967 = CARTESIAN_POINT ( 'NONE',  ( -1.485112572646767500, -1.248997359055809000, 84.97206947942324000 ) ) ;
#968 = CARTESIAN_POINT ( 'NONE',  ( 4.152417479136288700, 0.3461543157580551100, 3.611446626210322600 ) ) ;
#969 = CARTESIAN_POINT ( 'NONE',  ( -5.500000000000000000, -3.500000000000000000, 101.5999999999999900 ) ) ;
#970 = CARTESIAN_POINT ( 'NONE',  ( -13.41105885505465500, -3.455010291813798600, 23.03012406593136100 ) ) ;
#971 = CARTESIAN_POINT ( 'NONE',  ( 8.951898278693635200, -3.441467693421170500, -84.92130417507345900 ) ) ;
#972 = CARTESIAN_POINT ( 'NONE',  ( -6.641675357972213000, -0.1698116158812811000, 65.00000000000000000 ) ) ;
#973 = CARTESIAN_POINT ( 'NONE',  ( -6.307152862957285500, -3.209304469056137900, 91.98489517460844000 ) ) ;
#974 = CARTESIAN_POINT ( 'NONE',  ( 7.424495560152087700, -3.232430917835104300, -91.59999999999998000 ) ) ;
#975 = CARTESIAN_POINT ( 'NONE',  ( 7.588527807730404400, 2.877699812167158600, 64.99999999999997200 ) ) ;
#976 = CARTESIAN_POINT ( 'NONE',  ( 0.2805411814574738600, -0.4391429924732824800, -91.60000000000000900 ) ) ;
#977 = DIRECTION ( 'NONE',  ( -0.0000000000000000000, -1.000000000000000000, -0.0000000000000000000 ) ) ;
#978 = CARTESIAN_POINT ( 'NONE',  ( 6.291034701034318400, -0.4745089486237626400, 91.59999999999982400 ) ) ;
#979 = CARTESIAN_POINT ( 'NONE',  ( -5.225223840640141200, -3.429184591355484400, 1.716693279303529000 ) ) ;
#980 = CARTESIAN_POINT ( 'NONE',  ( -5.738202270562997100, 3.232811356166312300, -64.99999999999997200 ) ) ;
#981 = CARTESIAN_POINT ( 'NONE',  ( -8.904781857479489900, -3.489969185636074800, 84.94516695394909800 ) ) ;
#982 = CARTESIAN_POINT ( 'NONE',  ( -7.606051203565474600, 2.855349444061943100, -64.99999999999994300 ) ) ;
#983 = CARTESIAN_POINT ( 'NONE',  ( 6.145900332168970700, 1.003344475910855000, 86.30681790068531700 ) ) ;
#984 = EDGE_CURVE ( 'NONE', #1178, #4014, #1068, .T. ) ;
#985 = CARTESIAN_POINT ( 'NONE',  ( -5.500000000000000000, -3.500000000000000000, 101.5999999999999900 ) ) ;
#986 = CARTESIAN_POINT ( 'NONE',  ( -6.031715886727881500, -0.8434505782200969500, -91.59999999999969600 ) ) ;
#987 = CARTESIAN_POINT ( 'NONE',  ( -3.725952051032681100, 0.1839622008480167000, 65.00000000000000000 ) ) ;
#988 = CARTESIAN_POINT ( 'NONE',  ( 2.724392993501400200, 0.04769320525146207600, 4.781339242743729100 ) ) ;
#989 = CARTESIAN_POINT ( 'NONE',  ( -6.053224935138692000, -3.219023498586314000, 96.79169207297772500 ) ) ;
#990 = CARTESIAN_POINT ( 'NONE',  ( 7.312499999999926300, 5.500000000000005300, 35.00000000000000000 ) ) ;
#991 = CARTESIAN_POINT ( 'NONE',  ( 11.88623464759692200, -3.477630528262851700, -70.30809078125713500 ) ) ;
#992 = CARTESIAN_POINT ( 'NONE',  ( -6.012843914293650700, -0.04679952940236827000, 67.77687040799854400 ) ) ;
#993 = VERTEX_POINT ( 'NONE', #792 ) ;
#994 = CARTESIAN_POINT ( 'NONE',  ( -0.05052419252702244200, -1.627316599414467600, 91.59999999999998000 ) ) ;
#995 = CARTESIAN_POINT ( 'NONE',  ( 6.554044066990981900, -3.453884755073608000, -96.76691597222581700 ) ) ;
#996 = CARTESIAN_POINT ( 'NONE',  ( 6.488129778717199900, 2.236309692341624800, 75.77963198324610500 ) ) ;
#998 = CARTESIAN_POINT ( 'NONE',  ( -0.7881091844902099500, -0.1319369204841387100, -91.59999999999998000 ) ) ;
#997 = CIRCLE ( 'NONE', #3800, 0.7499999999999997800 ) ;
#999 = CARTESIAN_POINT ( 'NONE',  ( 0.04664824619674337600, -1.868037089616290300, -100.0101994566949300 ) ) ;
#1000 = CARTESIAN_POINT ( 'NONE',  ( 6.080650230939898600, -0.8020748677781510700, 91.59999999999968200 ) ) ;
#1001 = CARTESIAN_POINT ( 'NONE',  ( -6.824336631920922400, 3.250000000000000400, -64.99999999999997200 ) ) ;
#1002 = VERTEX_POINT ( 'NONE', #4111 ) ;
#1003 = CARTESIAN_POINT ( 'NONE',  ( -8.914369491731193300, -3.484248782748050400, 84.94224995604624000 ) ) ;
#1004 = CARTESIAN_POINT ( 'NONE',  ( -6.502749126608038400, 2.260796333787532300, -75.78857016844418100 ) ) ;
#1005 = CARTESIAN_POINT ( 'NONE',  ( 6.373585703283160000, 1.590411155545548900, 81.01363580137035600 ) ) ;
#1006 = CARTESIAN_POINT ( 'NONE',  ( -7.048971915750749800, 0.2943990107154806400, -81.05342533890920700 ) ) ;
#1007 = ORIENTED_EDGE ( 'NONE', *, *, #4168, .T. ) ;
#1008 = CARTESIAN_POINT ( 'NONE',  ( 3.248832467788079100, 1.023441375383721900, 74.47766400896067300 ) ) ;
#1009 = CARTESIAN_POINT ( 'NONE',  ( -1.570508238728616200, -1.275399761486496500, 84.95516856332004400 ) ) ;
#1010 = CARTESIAN_POINT ( 'NONE',  ( -5.500000000000000000, -3.500000000000000000, 101.5999999999999900 ) ) ;
#1011 = CARTESIAN_POINT ( 'NONE',  ( 8.832734828260328200, -3.496675217658393700, -84.95874026601454400 ) ) ;
#1012 = CARTESIAN_POINT ( 'NONE',  ( -4.294295585004517700, -0.5166289285316958400, 78.36921327587280900 ) ) ;
#1013 = ADVANCED_FACE ( 'NONE', ( #4591, #1123 ), #825, .T. ) ;
#1014 = CARTESIAN_POINT ( 'NONE',  ( -4.925811680909601100, -2.842655742567634200, 91.60000000000000900 ) ) ;
#1015 = CARTESIAN_POINT ( 'NONE',  ( 5.500000000000000000, -3.500000000000000000, -101.5999999999999900 ) ) ;
#1016 = B_SPLINE_CURVE_WITH_KNOTS ( 'NONE', 3,
 ( #2512, #448, #506, #867, #907, #3758, #4155, #2492, #4632, #3777, #4965, #2475, #2953, #1695, #2162, #52, #4575, #1674, #2934, #35, #5011, #468, #1752, #2913, #3351, #4613, #488, #3368, #1713, #1322, #2124, #17, #429, #3333, #1263, #4192, #4174, #3386, #1734, #2143, #4133, #888, #5032, #3734, #1300, #4595, #926, #2552 ),
 .UNSPECIFIED., .F., .F.,
 ( 4, 2, 2, 2, 2, 2, 2, 2, 2, 2, 2, 2, 2, 2, 2, 2, 2, 2, 2, 2, 2, 2, 2, 4 ),
 ( 7.663399883020687300E-018, 0.0003851643061502645000, 0.0007703286123005214000, 0.001540657224601035000, 0.001733239377676163500, 0.001745275762243359300, 0.001757312146810555300, 0.001781384915944947300, 0.001829530454213731300, 0.001925821530751299300, 0.002310985836901570000, 0.002696150143051840800, 0.003081314449202111600, 0.003851643061502653700, 0.004621971673803194600, 0.005392300286103736200, 0.006162628898404277000, 0.006932957510704818700, 0.007703286123005359500, 0.009243943347606439400, 0.01078460057220751900, 0.01116976487835779100, 0.01155492918450806200, 0.01232525779680860100 ),
 .UNSPECIFIED. ) ;
#1017 = CARTESIAN_POINT ( 'NONE',  ( 5.988958720703872800, 0.1745063670565523100, -64.99999999999998600 ) ) ;
#1018 = CARTESIAN_POINT ( 'NONE',  ( -5.406703507606513500, -0.2360741792325806400, -98.42039891338988900 ) ) ;
#1019 = CARTESIAN_POINT ( 'NONE',  ( 6.259792186997551700, -0.5631076162855686000, 91.59999999999976700 ) ) ;
#1020 = CARTESIAN_POINT ( 'NONE',  ( 12.65598953907062100, -3.493772401673344200, -52.50208787477462400 ) ) ;
#1021 = EDGE_CURVE ( 'NONE', #4790, #4940, #4519, .T. ) ;
#1022 = CARTESIAN_POINT ( 'NONE',  ( -1.627636353377647700, 2.783690462045981500, -65.00000000000000000 ) ) ;
#1023 = CARTESIAN_POINT ( 'NONE',  ( -8.897655726450663500, -3.493531228670705900, 84.94704453395536300 ) ) ;
#1024 = CARTESIAN_POINT ( 'NONE',  ( -6.392259712936355400, 0.9092608707883260700, -86.32718498141608200 ) ) ;
#1025 = CARTESIAN_POINT ( 'NONE',  ( 6.969358454015670100, 2.652807170889680800, 70.37571948307918000 ) ) ;
#1026 = CARTESIAN_POINT ( 'NONE',  ( -7.560846707642813400, 1.174302253439068100, -70.41196326884718800 ) ) ;
#1027 = CARTESIAN_POINT ( 'NONE',  ( 3.360311525907682600, 1.637291299168804000, 65.00000000000011400 ) ) ;
#1028 = CARTESIAN_POINT ( 'NONE',  ( 3.848599838653296200, 3.006491934517394600, 3.936157108324641800 ) ) ;
#1029 = CARTESIAN_POINT ( 'NONE',  ( -7.549495560061596500, -3.282207010196621000, 91.59999999999998000 ) ) ;
#1030 = CARTESIAN_POINT ( 'NONE',  ( 7.630103133596894500, -3.482483584105702700, -91.59999999999998000 ) ) ;
#1031 = CARTESIAN_POINT ( 'NONE',  ( -2.394484768159039800, -0.4970092324879854500, 85.00843520399928400 ) ) ;
#1032 = CARTESIAN_POINT ( 'NONE',  ( 3.808055623892455000, -1.051725551664988200, 91.60000000000012200 ) ) ;
#1033 = CARTESIAN_POINT ( 'NONE',  ( 5.903576431478642300, -3.354652234528068700, -96.79244758730421000 ) ) ;
#1034 = CARTESIAN_POINT ( 'NONE',  ( 0.02037496459316966200, 0.2878380359999392900, -85.33900634966536800 ) ) ;
#1035 = CARTESIAN_POINT ( 'NONE',  ( 5.500000000000000000, -3.500000000000000000, -101.5999999999999900 ) ) ;
#1036 = CARTESIAN_POINT ( 'NONE',  ( 7.144134454732885300, 1.161351121987985300, 81.08982916283969200 ) ) ;
#1037 = CARTESIAN_POINT ( 'NONE',  ( 12.81842673036878100, -3.346424057976369300, -52.50133064449435200 ) ) ;
#1038 = CARTESIAN_POINT ( 'NONE',  ( 1.544495446350675500, 1.629634402615424400, -68.68957326396821400 ) ) ;
#1039 = CARTESIAN_POINT ( 'NONE',  ( -7.630103133596894500, -3.482483584105702700, 91.59999999999998000 ) ) ;
#1040 = CARTESIAN_POINT ( 'NONE',  ( -6.318546232975025500, 0.9475206675808367500, -86.32170065376757900 ) ) ;
#1041 = CARTESIAN_POINT ( 'NONE',  ( 6.470006481749544800, 1.602739338024222100, 81.03209777800907400 ) ) ;
#1042 = CARTESIAN_POINT ( 'NONE',  ( 7.380514762011962700, 2.140148145524146900, 55.01816993512505900 ) ) ;
#1043 = CARTESIAN_POINT ( 'NONE',  ( -7.574082053745355500, 1.191664413927693100, -70.41342533890930600 ) ) ;
#1044 = CARTESIAN_POINT ( 'NONE',  ( 2.094738223894651300, 0.2285469907838393000, 79.96941449221870400 ) ) ;
#1045 = CARTESIAN_POINT ( 'NONE',  ( -6.304359740759720100, -3.454829074453073200, 96.77228008868436900 ) ) ;
#1046 = CARTESIAN_POINT ( 'NONE',  ( 7.895152724523414100, 4.046592522412926700, 55.02444295510083100 ) ) ;
#1047 = CARTESIAN_POINT ( 'NONE',  ( 12.01972085856009200, -3.471793218467273500, -67.63827034368542000 ) ) ;
#1048 = CARTESIAN_POINT ( 'NONE',  ( -4.864424039845571800, 0.4772476029195476000, 67.95257729464056200 ) ) ;
#1049 = CARTESIAN_POINT ( 'NONE',  ( -1.611995562727764700, -0.9178426218312254500, 91.60000000000000900 ) ) ;
#1050 = CARTESIAN_POINT ( 'NONE',  ( 3.248728347693834000, -2.424582956906062000, -91.59999999999999400 ) ) ;
#1051 = CARTESIAN_POINT ( 'NONE',  ( 4.736484092474752200, -0.7191017572940284800, -78.32251145703573100 ) ) ;
#1052 = EDGE_CURVE ( 'NONE', #2446, #993, #3506, .T. ) ;
#1053 = CARTESIAN_POINT ( 'NONE',  ( 5.406703507606513500, -0.2360741792325806400, 98.42039891338988900 ) ) ;
#1054 = CARTESIAN_POINT ( 'NONE',  ( 7.798202656892454100, 2.081356020957780400, 65.00000000000002800 ) ) ;
#1055 = CARTESIAN_POINT ( 'NONE',  ( -4.439982518622888300, -2.158626422097222900, 84.95768461915334100 ) ) ;
#1056 = CARTESIAN_POINT ( 'NONE',  ( 2.094555630263320400, 1.132547951797691100, -72.20932403200944800 ) ) ;
#1057 = CARTESIAN_POINT ( 'NONE',  ( -11.81969559630438300, -3.503043152006073900, 70.34202773989282800 ) ) ;
#1058 = CARTESIAN_POINT ( 'NONE',  ( -7.098659748063065300, 2.639954927174565000, -70.39652351278549200 ) ) ;
#1059 = CARTESIAN_POINT ( 'NONE',  ( 6.710148048661805500, 2.650244590077850000, 70.32421532136456200 ) ) ;
#1060 = CARTESIAN_POINT ( 'NONE',  ( 7.800151412454075800, 2.362101102032031700, 55.02440734173170300 ) ) ;
#1061 = ORIENTED_EDGE ( 'NONE', *, *, #560, .F. ) ;
#1062 = CARTESIAN_POINT ( 'NONE',  ( -7.603509629318455900, 1.232897152940497700, -70.41674186111602300 ) ) ;
#1063 = CARTESIAN_POINT ( 'NONE',  ( 4.352117754238544300, 0.8763125125787497600, 74.95520219224901800 ) ) ;
#1064 = DATE_TIME_ROLE ( 'classification_date' ) ;
#1065 = CARTESIAN_POINT ( 'NONE',  ( -5.500000000000000000, -3.500000000000000000, 101.5999999999999900 ) ) ;
#1066 = CARTESIAN_POINT ( 'NONE',  ( 11.92582391886934800, -3.499898416530387900, -67.67423102496660200 ) ) ;
#1067 = CARTESIAN_POINT ( 'NONE',  ( -3.291226952691051400, -0.8714555436749686900, 84.95423552326438700 ) ) ;
#1068 = CIRCLE ( 'NONE', #520, 26.61747082298127500 ) ;
#1069 = CARTESIAN_POINT ( 'NONE',  ( 7.113311680673986900, -3.387968071670915300, -91.59999999999998000 ) ) ;
#1070 = CARTESIAN_POINT ( 'NONE',  ( 3.124467573015603100, -0.7987444083604793300, -84.96125572851787000 ) ) ;
#1071 = ORIENTED_EDGE ( 'NONE', *, *, #1090, .T. ) ;
#1072 = CARTESIAN_POINT ( 'NONE',  ( 7.257101094498342100, 2.241127700781188300, 75.89553453997122300 ) ) ;
#1073 = CARTESIAN_POINT ( 'NONE',  ( -7.356477513686684200, -1.420339374977566800, 64.99999999999994300 ) ) ;
#1074 = CARTESIAN_POINT ( 'NONE',  ( -3.630267525174327000, 0.2568862225799827300, -4.148575769901597700 ) ) ;
#1075 = CARTESIAN_POINT ( 'NONE',  ( -7.068612139924490600, 2.644357207305768000, -70.39209777800893200 ) ) ;
#1076 = CARTESIAN_POINT ( 'NONE',  ( 5.710439618725811100, 0.4882498431360366400, 91.60000000000009400 ) ) ;
#1077 = ORIENTED_EDGE ( 'NONE', *, *, #4590, .F. ) ;
#1078 = CARTESIAN_POINT ( 'NONE',  ( -7.669208054007760300, 1.727546476458545800, -65.00000000000002800 ) ) ;
#1079 = CARTESIAN_POINT ( 'NONE',  ( 4.488821115242674700, 1.595714051965992700, 65.00000000000007100 ) ) ;
#1080 = APPROVAL_ROLE ( '' ) ;
#1081 = CARTESIAN_POINT ( 'NONE',  ( -5.500000000000000000, -3.500000000000000000, 101.5999999999999900 ) ) ;
#1082 = CARTESIAN_POINT ( 'NONE',  ( 6.812499999999927200, 3.250000000000002700, 65.00000000000000000 ) ) ;
#1083 = CARTESIAN_POINT ( 'NONE',  ( -7.254063210149828600, -0.5123797038784514400, 65.00000000000000000 ) ) ;
#1084 = DIRECTION ( 'NONE',  ( 0.0000000000000000000, -1.000000000000000000, 0.0000000000000000000 ) ) ;
#1085 = CARTESIAN_POINT ( 'NONE',  ( 7.108719481519441000, -3.409658148906145000, -91.94456017736872900 ) ) ;
#1086 = CARTESIAN_POINT ( 'NONE',  ( 6.583272169237727000, -0.5184448742554737000, -70.42064639903445300 ) ) ;
#1087 = CARTESIAN_POINT ( 'NONE',  ( 6.407476991347506300, -0.2454133121814425800, 91.59999999999998000 ) ) ;
#1088 = CARTESIAN_POINT ( 'NONE',  ( 7.730314706120466900, 2.098862979336994600, 70.44982916283973400 ) ) ;
#1089 = CARTESIAN_POINT ( 'NONE',  ( -11.24457604585145100, -3.141862419420625900, 65.00000000000000000 ) ) ;
#1090 = EDGE_CURVE ( 'NONE', #3061, #1822, #3811, .T. ) ;
#1091 = LOCAL_TIME ( 12, 26, 38.00000000000000000, #2249 ) ;
#1092 = CARTESIAN_POINT ( 'NONE',  ( -4.841872448157576300, 0.4538870151245159600, -2.610557813749531300 ) ) ;
#1093 = CARTESIAN_POINT ( 'NONE',  ( -6.190820367993549800, 0.9929611963255273700, -86.31097323669276000 ) ) ;
#1094 = CARTESIAN_POINT ( 'NONE',  ( 5.873340010167877900, 1.025328843450403500, 86.27868448288768400 ) ) ;
#1095 = CYLINDRICAL_SURFACE ( 'NONE', #1326, 5.500000000000000000 ) ;
#1096 = CARTESIAN_POINT ( 'NONE',  ( 6.450400880963025300, 0.3102504006572623400, 75.64117134083827000 ) ) ;
#1097 =( NAMED_UNIT ( * ) SI_UNIT ( $, .STERADIAN. ) SOLID_ANGLE_UNIT ( ) );
#1098 = CARTESIAN_POINT ( 'NONE',  ( -6.554044066990981900, -3.453884755073608000, 96.76691597222581700 ) ) ;
#1099 = CARTESIAN_POINT ( 'NONE',  ( -4.888944653252027100, 2.662847721955357500, 44.17831464003693000 ) ) ;
#1100 = CARTESIAN_POINT ( 'NONE',  ( -4.877443877333754500, -0.7856455752632678400, 78.31095620701019300 ) ) ;
#1101 = DIRECTION ( 'NONE',  ( 0.0000000000000000000, -0.0000000000000000000, 1.000000000000000000 ) ) ;
#1102 = CARTESIAN_POINT ( 'NONE',  ( -4.992806608092823100, -3.320580620601477000, 24.02336082407670000 ) ) ;
#1103 = CARTESIAN_POINT ( 'NONE',  ( 8.110454194089422600, -1.000117603065569200, -65.00000000000000000 ) ) ;
#1104 = CARTESIAN_POINT ( 'NONE',  ( -5.500000000000000000, -3.500000000000000000, 101.5999999999999900 ) ) ;
#1105 = CARTESIAN_POINT ( 'NONE',  ( 7.157755367532578500, 2.298350186991991300, 75.89152359647401600 ) ) ;
#1106 = CARTESIAN_POINT ( 'NONE',  ( -8.832734828260328200, -3.496675217658396000, 84.95874026601454400 ) ) ;
#1107 = CARTESIAN_POINT ( 'NONE',  ( -4.702420886933732700, 0.4191362411863028800, -2.854119033140118100 ) ) ;
#1108 = CARTESIAN_POINT ( 'NONE',  ( -6.248688524436889900, 0.9754051228051946500, -86.31604888900467600 ) ) ;
#1109 = CARTESIAN_POINT ( 'NONE',  ( 6.836143175166427000, 3.249825630778890900, 64.99999999999997200 ) ) ;
#1110 = B_SPLINE_CURVE_WITH_KNOTS ( 'NONE', 3,
 ( #3553, #3934, #4383, #5177 ),
 .UNSPECIFIED., .F., .F.,
 ( 4, 4 ),
 ( 0.0000000000000000000, 1.000000000000000000 ),
 .UNSPECIFIED. ) ;
#1111 = CARTESIAN_POINT ( 'NONE',  ( 6.556978203168776900, 0.7884873225891708700, 70.32244705971562800 ) ) ;
#1112 = PERSON_AND_ORGANIZATION_ROLE ( 'creator' ) ;
#1113 = CARTESIAN_POINT ( 'NONE',  ( -5.509145014202041500, -2.988072363667311200, 91.60000000000000900 ) ) ;
#1114 = CARTESIAN_POINT ( 'NONE',  ( -9.656521415243194200, -0.5501074020983604000, 34.99999999999999300 ) ) ;
#1115 = CARTESIAN_POINT ( 'NONE',  ( -1.463058394554389800, -0.8590833059379647800, 91.60000000000000900 ) ) ;
#1116 = EDGE_LOOP ( 'NONE', ( #5121, #2017 ) ) ;
#1117 = CARTESIAN_POINT ( 'NONE',  ( -5.500000000000000000, -3.500000000000000000, 101.5999999999999900 ) ) ;
#1118 = CARTESIAN_POINT ( 'NONE',  ( -6.015744455871889300, -0.6829223572617525400, -98.10577902176464700 ) ) ;
#1120 = VERTEX_POINT ( 'NONE', #2833 ) ;
#1119 = CARTESIAN_POINT ( 'NONE',  ( 4.039390917849457800, -1.193392590237559500, -84.92873179963621100 ) ) ;
#1121 = EDGE_CURVE ( 'NONE', #464, #1560, #335, .T. ) ;
#1122 = CARTESIAN_POINT ( 'NONE',  ( 6.726782252728390300, 2.395673277076114400, 75.84655849139515700 ) ) ;
#1123 = FACE_OUTER_BOUND ( 'NONE', #218, .T. ) ;
#1124 = CARTESIAN_POINT ( 'NONE',  ( -5.461525616445960000, 1.146111165177060100, -0.6709004556189337400 ) ) ;
#1125 = CARTESIAN_POINT ( 'NONE',  ( -6.383397518942242500, 1.592172758270775400, -81.01571948307928000 ) ) ;
#1126 = CARTESIAN_POINT ( 'NONE',  ( 6.824336631920922400, 3.250000000000000400, 64.99999999999997200 ) ) ;
#1127 = CARTESIAN_POINT ( 'NONE',  ( 8.467531161739978900, 4.810201473950261400, 45.05593336741956300 ) ) ;
#1128 = FACE_OUTER_BOUND ( 'NONE', #5058, .T. ) ;
#1129 = CARTESIAN_POINT ( 'NONE',  ( 6.702317010732246100, 1.256013156907107800, 64.99999999999998600 ) ) ;
#1130 = CARTESIAN_POINT ( 'NONE',  ( 6.015744455871889300, -0.6829223572617525400, 98.10577902176464700 ) ) ;
#1131 = CARTESIAN_POINT ( 'NONE',  ( 0.0000000000000000000, 3.500000000000000000, -5.500000000000000000 ) ) ;
#1132 = CARTESIAN_POINT ( 'NONE',  ( -10.78896512804611000, -2.615019565951158100, 67.50247128482489200 ) ) ;
#1133 = ORIENTED_EDGE ( 'NONE', *, *, #5195, .F. ) ;
#1135 = ORIENTED_EDGE ( 'NONE', *, *, #1875, .F. ) ;
#1134 = CARTESIAN_POINT ( 'NONE',  ( 4.808201524973177300, -0.5518715852301239200, -70.34480649329047700 ) ) ;
#1136 = CARTESIAN_POINT ( 'NONE',  ( -5.210932498510612000, -3.429072555626031500, 23.94381333070548500 ) ) ;
#1137 = CARTESIAN_POINT ( 'NONE',  ( 8.336743089638499500, -1.271097987354326200, -67.59431797477203900 ) ) ;
#1138 = CARTESIAN_POINT ( 'NONE',  ( -2.820352840402538000, -0.6606301824433897800, 4.738356817849393100 ) ) ;
#1139 = CARTESIAN_POINT ( 'NONE',  ( 6.267236427569985200, 0.04680062874617391100, 91.60000000000015100 ) ) ;
#1140 = DIRECTION ( 'NONE',  ( 0.8689539937079592300, -0.4948928740838647900, 0.0000000000000000000 ) ) ;
#1141 = CARTESIAN_POINT ( 'NONE',  ( 0.0000000000000000000, -3.500000000000000000, 5.500000000000000000 ) ) ;
#1142 = CARTESIAN_POINT ( 'NONE',  ( 6.546525665001830400, 2.051057037844410800, 75.63442031950411600 ) ) ;
#1143 = CARTESIAN_POINT ( 'NONE',  ( 5.848620957453592300, -0.5575174876767254900, 86.28043767949668600 ) ) ;
#1144 = CARTESIAN_POINT ( 'NONE',  ( 2.385398476338394000, -1.614645444064277000, 95.01857166327359000 ) ) ;
#1145 = CARTESIAN_POINT ( 'NONE',  ( -0.9977608108123169300, 4.286552377158776600, 35.00000000000000000 ) ) ;
#1146 = CARTESIAN_POINT ( 'NONE',  ( -11.15422207390537700, -2.733625987851395300, 65.00000000000002800 ) ) ;
#1147 = CARTESIAN_POINT ( 'NONE',  ( 11.12067087210482800, -3.154985963532089200, -67.67686568320944200 ) ) ;
#1148 = CARTESIAN_POINT ( 'NONE',  ( -5.354029437801478300, -1.000000000000003600, -91.59999999999998000 ) ) ;
#1149 = CARTESIAN_POINT ( 'NONE',  ( 8.953261614581720100, -3.332393177103909900, -84.89901901149140400 ) ) ;
#1150 = COORDINATED_UNIVERSAL_TIME_OFFSET ( 5, 30, .AHEAD. ) ;
#1151 = CARTESIAN_POINT ( 'NONE',  ( 7.799235272070451900, 2.087456809847491700, 65.00000000000002800 ) ) ;
#1152 = DIRECTION ( 'NONE',  ( -0.0000000000000000000, -1.000000000000000000, -0.0000000000000000000 ) ) ;
#1153 = CARTESIAN_POINT ( 'NONE',  ( -7.312499999999926300, 5.500000000000005300, -45.02947046347799900 ) ) ;
#1154 = CARTESIAN_POINT ( 'NONE',  ( 1.485112572646767500, -1.248997359055809000, -84.97206947942324000 ) ) ;
#1155 = CARTESIAN_POINT ( 'NONE',  ( 5.904945333272760200, -0.5607253286008335700, 86.28448210160222200 ) ) ;
#1156 = CARTESIAN_POINT ( 'NONE',  ( -12.78236428029541600, -3.297441780198733200, 52.50180841888239100 ) ) ;
#1157 = CARTESIAN_POINT ( 'NONE',  ( -9.063505096989668900, -1.542905948478297400, 65.00000000000000000 ) ) ;
#1158 = CARTESIAN_POINT ( 'NONE',  ( -7.787707002402931300, 2.027932208377438300, -65.00000000000002800 ) ) ;
#1159 = CARTESIAN_POINT ( 'NONE',  ( 10.34781850454924700, -2.821033886147007200, -67.67645663504215700 ) ) ;
#1160 = DIRECTION ( 'NONE',  ( 0.0000000000000000000, 0.0000000000000000000, 1.000000000000000000 ) ) ;
#1161 = CARTESIAN_POINT ( 'NONE',  ( 10.29221156117616700, -3.353738925625876300, -78.19796246428974500 ) ) ;
#1162 = CARTESIAN_POINT ( 'NONE',  ( -3.775587807881327400, -1.560127702851500400, 4.004602686623754500 ) ) ;
#1163 = CARTESIAN_POINT ( 'NONE',  ( 7.043684404601330900, 1.331248208886296700, 81.08769957515149000 ) ) ;
#1164 = CARTESIAN_POINT ( 'NONE',  ( -5.761298375246422400, -0.7140461511498397100, 64.99999999999998600 ) ) ;
#1165 = B_SPLINE_CURVE_WITH_KNOTS ( 'NONE', 3,
 ( #979, #2682, #2626, #3825 ),
 .UNSPECIFIED., .F., .F.,
 ( 4, 4 ),
 ( 0.02451514697369290900, 1.000000000000000000 ),
 .UNSPECIFIED. ) ;
#1166 = CARTESIAN_POINT ( 'NONE',  ( -7.754760987370175900, 5.447362335066739700, -45.03892597291714100 ) ) ;
#1167 = CARTESIAN_POINT ( 'NONE',  ( 7.448417052069137500, 0.7240337262817211400, 75.78800316188554100 ) ) ;
#1168 = CARTESIAN_POINT ( 'NONE',  ( -5.500000000000000000, -3.500000000000000000, 101.5999999999999900 ) ) ;
#1169 = CARTESIAN_POINT ( 'NONE',  ( -3.170332808374668200, 3.092486487216391700, -65.00000000000009900 ) ) ;
#1170 = CARTESIAN_POINT ( 'NONE',  ( -6.375430688691025700, -2.814684117984775500, 91.60000000000003700 ) ) ;
#1171 = CARTESIAN_POINT ( 'NONE',  ( -7.210214414293997000, 0.9368330561144021500, -81.08715264414978200 ) ) ;
#1172 = ORIENTED_EDGE ( 'NONE', *, *, #1469, .T. ) ;
#1173 = CARTESIAN_POINT ( 'NONE',  ( 4.680804423831263600, -2.781578952616098600, -91.60000000000012200 ) ) ;
#1174 = CARTESIAN_POINT ( 'NONE',  ( -11.96426923553686100, -2.757483048195332300, 35.00000000000000700 ) ) ;
#1175 = CARTESIAN_POINT ( 'NONE',  ( 8.575225733001888200, -1.529501592389309600, -70.13415675375561900 ) ) ;
#1176 = CARTESIAN_POINT ( 'NONE',  ( -12.04282393643056700, -3.495300514531104700, 65.00000000000000000 ) ) ;
#1177 = EDGE_CURVE ( 'NONE', #3359, #1824, #224, .T. ) ;
#1178 = VERTEX_POINT ( 'NONE', #4131 ) ;
#1179 = ORIENTED_EDGE ( 'NONE', *, *, #3493, .T. ) ;
#1180 = CIRCLE ( 'NONE', #116, 2.500000000000000000 ) ;
#1181 = CARTESIAN_POINT ( 'NONE',  ( 7.801048940105946600, 2.098445977629234800, 65.00000000000002800 ) ) ;
#1182 = CARTESIAN_POINT ( 'NONE',  ( -5.500017139085892700, 1.498826231819932600, 0.0000000000000000000 ) ) ;
#1183 = CARTESIAN_POINT ( 'NONE',  ( -5.844520774119822600, 2.277506761396692200, -54.98604742037063200 ) ) ;
#1184 = CARTESIAN_POINT ( 'NONE',  ( 3.985627352216881900, 0.07204645612146455500, -65.00000000000000000 ) ) ;
#1185 = ORIENTED_EDGE ( 'NONE', *, *, #67, .T. ) ;
#1186 = CARTESIAN_POINT ( 'NONE',  ( 6.931115795259041900, 1.256085098881443600, 64.99999999999998600 ) ) ;
#1187 = CARTESIAN_POINT ( 'NONE',  ( 6.143903355988563900, -1.070563694062896900, 97.48172458847388100 ) ) ;
#1188 = CARTESIAN_POINT ( 'NONE',  ( -7.062499999999927200, 4.375000000000001800, -55.01473523173899600 ) ) ;
#1189 = CARTESIAN_POINT ( 'NONE',  ( -8.066054962174789000, -1.265789677325184000, 70.18835186290465300 ) ) ;
#1190 = CARTESIAN_POINT ( 'NONE',  ( -6.215316828849786600, -0.6455560552760246700, -91.59999999999971000 ) ) ;
#1191 = CARTESIAN_POINT ( 'NONE',  ( -6.601680665506458800, 0.3040364376700361900, -75.66272048376394800 ) ) ;
#1192 = CARTESIAN_POINT ( 'NONE',  ( 5.466157640471617900, 1.095957696284068000, 0.0000000000000000000 ) ) ;
#1193 = CARTESIAN_POINT ( 'NONE',  ( 12.09900545601552000, -3.349671957799528000, -67.55803802298281400 ) ) ;
#1194 = CARTESIAN_POINT ( 'NONE',  ( 7.312499999999926300, 5.500000000000005300, 35.00000000000000000 ) ) ;
#1195 = CARTESIAN_POINT ( 'NONE',  ( -5.211733259823773800, -2.892902860238163200, 1.773202749243130600 ) ) ;
#1196 = CARTESIAN_POINT ( 'NONE',  ( 6.330556582957292700, 0.9420330759860114900, 86.32263012437862000 ) ) ;
#1197 = CARTESIAN_POINT ( 'NONE',  ( 0.0000000000000000000, 3.500000000000000000, 0.0000000000000000000 ) ) ;
#1198 = CARTESIAN_POINT ( 'NONE',  ( -8.597266801069935100, 4.308727309818356900, -45.05875648745953300 ) ) ;
#1199 = CARTESIAN_POINT ( 'NONE',  ( 0.0000000000000000000, -3.500000000000000000, 2.500000000000000000 ) ) ;
#1200 = PERSON_AND_ORGANIZATION ( #4138, #117 ) ;
#1201 = CARTESIAN_POINT ( 'NONE',  ( 7.056746894229207500, 1.278885164626932800, 65.00000000000000000 ) ) ;
#1202 = CARTESIAN_POINT ( 'NONE',  ( -3.808764071486309400, 0.1250870961561772700, 0.0000000000000000000 ) ) ;
#1203 = CARTESIAN_POINT ( 'NONE',  ( -12.14090616241077700, -2.364551101557721000, 40.21567056942785700 ) ) ;
#1204 = CARTESIAN_POINT ( 'NONE',  ( -8.970114244993046900, -3.371699922788969200, 84.90127791072826800 ) ) ;
#1205 = CARTESIAN_POINT ( 'NONE',  ( -7.709352251312362000, 2.148783166107241600, -70.44958147240132000 ) ) ;
#1206 = EDGE_CURVE ( 'NONE', #2670, #1899, #4123, .T. ) ;
#1207 = FACE_OUTER_BOUND ( 'NONE', #3510, .T. ) ;
#1208 = CARTESIAN_POINT ( 'NONE',  ( -5.602266393677314000, -0.9995098662938192200, -91.59999999999996600 ) ) ;
#1209 = CARTESIAN_POINT ( 'NONE',  ( -3.418959789684481400, -2.537777229246541900, -0.0000000000000000000 ) ) ;
#1210 = CARTESIAN_POINT ( 'NONE',  ( -3.457703102934874400, 3.253894066436547200, 35.00000000000000000 ) ) ;
#1211 = CARTESIAN_POINT ( 'NONE',  ( 10.29321312890917600, -3.368789827932107400, -78.19864013613961600 ) ) ;
#1212 = CARTESIAN_POINT ( 'NONE',  ( 3.941059927580680800, 1.638235923333909400, 65.00000000000005700 ) ) ;
#1213 = ADVANCED_FACE ( 'NONE', ( #1762 ), #4398, .F. ) ;
#1214 = CARTESIAN_POINT ( 'NONE',  ( 7.234300556305955300, -3.181104883532454200, -91.94559882657600300 ) ) ;
#1215 = CARTESIAN_POINT ( 'NONE',  ( 6.506294556779386600, 2.265449377616698600, 75.79022768431247000 ) ) ;
#1216 = CARTESIAN_POINT ( 'NONE',  ( 9.023700618805493800, -0.08793353458758541900, -23.00867411803021400 ) ) ;
#1217 = AXIS2_PLACEMENT_3D ( 'NONE', #3958, #2335, #275 ) ;
#1218 = CARTESIAN_POINT ( 'NONE',  ( -7.516785843900743600, 4.310138884025779000, -55.01946298645856400 ) ) ;
#1219 = CARTESIAN_POINT ( 'NONE',  ( 0.5411897317936561500, 1.194184789398906200, -65.00000000000005700 ) ) ;
#1220 = CARTESIAN_POINT ( 'NONE',  ( 6.235197726546100900, -0.1236919948671297300, 80.97270248011042800 ) ) ;
#1221 = CARTESIAN_POINT ( 'NONE',  ( -2.419807581430968700, -0.2249859100612356400, -8.943804574258264100 ) ) ;
#1222 = CARTESIAN_POINT ( 'NONE',  ( 11.91146287807707100, -3.495627888606581900, -67.67748053202908000 ) ) ;
#1223 = CARTESIAN_POINT ( 'NONE',  ( -7.639324311853663100, -3.323463463182948700, 91.59999999999999400 ) ) ;
#1224 = CARTESIAN_POINT ( 'NONE',  ( -6.324509303079784300, -0.2776081218954847300, -91.59999999999995200 ) ) ;
#1225 = DIRECTION ( 'NONE',  ( 0.0000000000000000000, 0.0000000000000000000, -1.000000000000000000 ) ) ;
#1226 = CARTESIAN_POINT ( 'NONE',  ( -5.888451486080197300, -0.5601015826109907400, -86.28332708965497500 ) ) ;
#1227 = CARTESIAN_POINT ( 'NONE',  ( -4.035688327846529000, 0.04999761927829515800, 65.00000000000000000 ) ) ;
#1228 = CARTESIAN_POINT ( 'NONE',  ( -2.639751221370270100, -2.150212758095498600, 22.88156924917728200 ) ) ;
#1229 = CARTESIAN_POINT ( 'NONE',  ( 8.968562126486977700, -3.363659482820444700, -84.90054197099397000 ) ) ;
#1230 = CARTESIAN_POINT ( 'NONE',  ( -8.917270405296465100, -1.041764738967407000, 41.94144337423019000 ) ) ;
#1231 = CARTESIAN_POINT ( 'NONE',  ( 5.500000000000000000, -3.500000000000000000, -101.5999999999999900 ) ) ;
#1232 = CARTESIAN_POINT ( 'NONE',  ( 6.558299950605426300, 1.602582402431580700, 81.04526024875697500 ) ) ;
#1233 = CARTESIAN_POINT ( 'NONE',  ( 6.963241165860361000, 1.373699929695051200, -35.00000000000000700 ) ) ;
#1234 = ORIENTED_EDGE ( 'NONE', *, *, #4168, .F. ) ;
#1235 = CARTESIAN_POINT ( 'NONE',  ( 5.500000000000000000, -3.500000000000000000, -101.5999999999999900 ) ) ;
#1236 = CARTESIAN_POINT ( 'NONE',  ( 3.102476923854471800, 0.4322654118848899300, -65.00000000000000000 ) ) ;
#1237 = FACE_OUTER_BOUND ( 'NONE', #4, .T. ) ;
#1238 = CARTESIAN_POINT ( 'NONE',  ( 6.346835043171594700, -0.4446047206246392900, 86.31220833854443700 ) ) ;
#1239 = CARTESIAN_POINT ( 'NONE',  ( 4.992806608092823100, -3.320580620601477000, -0.0000000000000000000 ) ) ;
#1240 = ADVANCED_FACE ( 'NONE', ( #1512 ), #1481, .T. ) ;
#1241 = CARTESIAN_POINT ( 'NONE',  ( -6.522797163061778000, 2.054944060622234700, -75.66424405435611800 ) ) ;
#1242 = CARTESIAN_POINT ( 'NONE',  ( -8.970648951034419800, -3.376443654399636300, 84.90180337343237200 ) ) ;
#1243 = CARTESIAN_POINT ( 'NONE',  ( -6.323643425347572000, -0.2952657016641445100, -91.59999999999993700 ) ) ;
#1244 = ORIENTED_EDGE ( 'NONE', *, *, #1177, .T. ) ;
#1245 = CARTESIAN_POINT ( 'NONE',  ( -5.932443280641756200, -0.5608587569424999800, -86.28635124005518300 ) ) ;
#1246 = DIRECTION ( 'NONE',  ( 0.0000000000000000000, 0.0000000000000000000, 1.000000000000000000 ) ) ;
#1247 = CARTESIAN_POINT ( 'NONE',  ( 5.131428798358680200, 2.420568593374853100, 5.577632776552707800 ) ) ;
#1248 = CARTESIAN_POINT ( 'NONE',  ( 7.636269092620366900, -3.320956970182019000, -91.59999999999999400 ) ) ;
#1249 = DIRECTION ( 'NONE',  ( 1.000000000000000000, 0.0000000000000000000, 0.0000000000000000000 ) ) ;
#1250 = EDGE_LOOP ( 'NONE', ( #1831, #4408, #3373, #1386, #2836, #4058, #2455, #223, #3880, #143, #3980, #3187 ) ) ;
#1251 = CARTESIAN_POINT ( 'NONE',  ( 7.172288267921467200, 2.624999941600651100, 70.40640833689933200 ) ) ;
#1252 = CARTESIAN_POINT ( 'NONE',  ( 0.2134503257450141900, 1.498654073772275800, 0.0000000000000000000 ) ) ;
#1253 = CARTESIAN_POINT ( 'NONE',  ( 4.032851460472246100, -2.807047847111086000, -3.750856762935957300 ) ) ;
#1254 = CARTESIAN_POINT ( 'NONE',  ( -0.9835666426009925800, -0.6531093931092922800, -85.47453116563227100 ) ) ;
#1255 = CARTESIAN_POINT ( 'NONE',  ( 6.434951684269401000, -0.3838512225318878600, 86.31807101523848800 ) ) ;
#1256 = CARTESIAN_POINT ( 'NONE',  ( 5.601186592583172100, -3.432131918539971200, -23.90666067620413700 ) ) ;
#1257 = CARTESIAN_POINT ( 'NONE',  ( -6.537137449636546200, 2.051210960185524600, -75.64825575200225700 ) ) ;
#1258 = CARTESIAN_POINT ( 'NONE',  ( -10.28727094300334200, -3.405927960657024700, 78.20255582145651400 ) ) ;
#1259 = CARTESIAN_POINT ( 'NONE',  ( -6.720560362396243500, 0.4710861880468777400, -86.34475946022902800 ) ) ;
#1260 = CARTESIAN_POINT ( 'NONE',  ( 0.0000000000000000000, -3.500000000000000000, 0.0000000000000000000 ) ) ;
#1261 = CARTESIAN_POINT ( 'NONE',  ( -6.668670614712641300, 0.7774610760289261100, -70.33270248011047000 ) ) ;
#1262 = CARTESIAN_POINT ( 'NONE',  ( 7.269155141710674800, -0.1137363113263521500, -35.00000000000000000 ) ) ;
#1263 = CARTESIAN_POINT ( 'NONE',  ( 3.775587807881327400, -1.560127702851500400, -4.004602686623754500 ) ) ;
#1264 = CARTESIAN_POINT ( 'NONE',  ( 2.710505431213761100E-016, 2.034576191987957500, 5.500000000000000000 ) ) ;
#1265 = CARTESIAN_POINT ( 'NONE',  ( 12.09830017326376300, -3.381256343089069200, -67.56004431758357500 ) ) ;
#1266 = CARTESIAN_POINT ( 'NONE',  ( -6.282735820929575600, 0.4417012794083413100, 42.86279592904925600 ) ) ;
#1267 = CARTESIAN_POINT ( 'NONE',  ( -0.1180673349359078600, -0.2896717723429190800, -91.60000000000002300 ) ) ;
#1268 = CARTESIAN_POINT ( 'NONE',  ( 7.622977708662735300, 2.832618299263363100, 64.99999999999994300 ) ) ;
#1269 = CARTESIAN_POINT ( 'NONE',  ( 5.316054421730868300, 2.341894158340885200, -23.15914934196612400 ) ) ;
#1270 = CARTESIAN_POINT ( 'NONE',  ( 0.5249949327120372300, -1.835273606282757900, -99.54899959821987900 ) ) ;
#1271 = CARTESIAN_POINT ( 'NONE',  ( 0.3218720700054221200, -0.1277316043184999500, -79.11455797756634900 ) ) ;
#1272 = PERSON_AND_ORGANIZATION ( #4138, #117 ) ;
#1273 = CARTESIAN_POINT ( 'NONE',  ( 2.786977730623259000, -2.681073800383639000, -97.60811776492849400 ) ) ;
#1274 = CARTESIAN_POINT ( 'NONE',  ( 6.046354220889855700, -0.8316411299300952000, 91.59999999999968200 ) ) ;
#1275 = CARTESIAN_POINT ( 'NONE',  ( 13.26915514171067500, -3.492244288815582900, -35.00000000000000000 ) ) ;
#1276 = CARTESIAN_POINT ( 'NONE',  ( -5.605526368485757700, 0.4994688674827784100, -91.59999999999998000 ) ) ;
#1277 = CARTESIAN_POINT ( 'NONE',  ( -12.09830017326376300, -3.381256343089069200, 67.56004431758357500 ) ) ;
#1278 = CARTESIAN_POINT ( 'NONE',  ( -7.111959786431945900, 2.320311472625807600, -75.88905113691208700 ) ) ;
#1279 = EDGE_CURVE ( 'NONE', #4668, #22, #3436, .T. ) ;
#1280 = CARTESIAN_POINT ( 'NONE',  ( -6.611995560608952400, -2.908886317389230300, 91.59999999999998000 ) ) ;
#1281 = CARTESIAN_POINT ( 'NONE',  ( -6.973453198431170300, 1.262225913396016800, -64.99999999999998600 ) ) ;
#1282 = ORIENTED_EDGE ( 'NONE', *, *, #4211, .F. ) ;
#1283 = CARTESIAN_POINT ( 'NONE',  ( 4.552846171616891100, 2.718282363560556200, -0.0000000000000000000 ) ) ;
#1284 = CARTESIAN_POINT ( 'NONE',  ( -6.624709192242344900, 1.267790952711550700, -65.00000000000000000 ) ) ;
#1285 = CARTESIAN_POINT ( 'NONE',  ( -4.586738841511640400, 2.878507268367561000, -3.035099141670409000 ) ) ;
#1286 = CARTESIAN_POINT ( 'NONE',  ( 11.99166852849862000, -3.489724016988297300, -70.12014765095723600 ) ) ;
#1287 = CARTESIAN_POINT ( 'NONE',  ( 4.094189573718742800, 2.578876231780252900, 69.93432127443152500 ) ) ;
#1288 = CARTESIAN_POINT ( 'NONE',  ( 6.606449870277383100, -2.938046997172626600, -91.98338414595545500 ) ) ;
#1289 = CARTESIAN_POINT ( 'NONE',  ( 5.464569442612244600, -3.128445619799244100, -0.0000000000000000000 ) ) ;
#1290 = CARTESIAN_POINT ( 'NONE',  ( -0.4324879079899226500, -0.7537871809833294200, -85.35727898878317900 ) ) ;
#1291 = CARTESIAN_POINT ( 'NONE',  ( 5.942832313232300700, -3.121897681404020000, -92.01567112720192700 ) ) ;
#1292 = CARTESIAN_POINT ( 'NONE',  ( 7.025398447008310400, 0.2608619800144715800, 81.05047695738584000 ) ) ;
#1293 = CARTESIAN_POINT ( 'NONE',  ( -5.115268619146227100, 2.566817859842578400, -2.039800455801734200 ) ) ;
#1294 = CARTESIAN_POINT ( 'NONE',  ( -6.759200990390687600, 2.650552092334512700, -70.33466533855343500 ) ) ;
#1295 = CARTESIAN_POINT ( 'NONE',  ( -11.90313734521569300, -3.473804978938547400, 70.17849965094855200 ) ) ;
#1296 = CARTESIAN_POINT ( 'NONE',  ( -6.486485498034770800, 0.8423876710991987600, -86.33350458533139700 ) ) ;
#1297 = CARTESIAN_POINT ( 'NONE',  ( -6.104630885168563600, -2.745342493495884600, 92.03704132010233300 ) ) ;
#1298 = CARTESIAN_POINT ( 'NONE',  ( -7.175992699332614900, 1.318462426678195900, -65.00000000000000000 ) ) ;
#1299 = DIRECTION ( 'NONE',  ( -0.8713577631282917200, 0.4906481923293509700, 0.0000000000000000000 ) ) ;
#1300 = CARTESIAN_POINT ( 'NONE',  ( 0.6909348014149893100, 1.490972618346815900, -5.457228716751601800 ) ) ;
#1301 = CARTESIAN_POINT ( 'NONE',  ( 5.355858795563871200, 2.202293069614227300, 1.278338088417464400 ) ) ;
#1302 = CARTESIAN_POINT ( 'NONE',  ( -5.216487792279433900, -3.431835659856597800, 0.0000000000000000000 ) ) ;
#1303 = CARTESIAN_POINT ( 'NONE',  ( 12.02946373356230800, -3.460804824644049900, -67.62781773001950100 ) ) ;
#1304 = CARTESIAN_POINT ( 'NONE',  ( -0.6232856854135905300, 0.7688936664696245400, 79.24424020051199600 ) ) ;
#1305 = EDGE_LOOP ( 'NONE', ( #5057, #2226 ) ) ;
#1306 = CARTESIAN_POINT ( 'NONE',  ( 5.500000000000000000, -3.500000000000000000, -101.5999999999999900 ) ) ;
#1307 = CARTESIAN_POINT ( 'NONE',  ( 13.26915514171067500, -3.492244288815582900, -23.02809333464725600 ) ) ;
#1308 = CARTESIAN_POINT ( 'NONE',  ( 0.2973685380884908400, -1.796070606107766000, -99.96752272332165000 ) ) ;
#1309 = CARTESIAN_POINT ( 'NONE',  ( -6.628866930184425900, 1.267003708484707000, -65.00000000000000000 ) ) ;
#1310 = VECTOR ( 'NONE', #4289, 1000.000000000000000 ) ;
#1311 = CARTESIAN_POINT ( 'NONE',  ( 7.628358439179398200, -3.496058060785116200, -91.60000000000002300 ) ) ;
#1312 = CARTESIAN_POINT ( 'NONE',  ( 7.360272753145236100, 1.415658301299520300, 65.00000000000000000 ) ) ;
#1313 = CARTESIAN_POINT ( 'NONE',  ( -4.586738841511640400, 2.878507268367561000, -3.035099141670409000 ) ) ;
#1314 = EDGE_CURVE ( 'NONE', #2919, #1890, #2449, .T. ) ;
#1315 = CARTESIAN_POINT ( 'NONE',  ( -5.815693118535804700, 0.4606982061924536600, -91.60000000000020700 ) ) ;
#1316 = VERTEX_POINT ( 'NONE', #5210 ) ;
#1317 = CARTESIAN_POINT ( 'NONE',  ( -11.90308198615249700, -3.453846919859142600, 70.20519569396235200 ) ) ;
#1318 = CARTESIAN_POINT ( 'NONE',  ( -6.674238266302834800, 1.583576310168084200, -81.05940348444087800 ) ) ;
#1319 = CARTESIAN_POINT ( 'NONE',  ( -1.051946111419579200, -0.9122608394840346900, 93.64086251607868400 ) ) ;
#1320 = CARTESIAN_POINT ( 'NONE',  ( -5.967625397695600900, -0.8887164503897334600, -91.59999999999973900 ) ) ;
#1321 = CARTESIAN_POINT ( 'NONE',  ( -1.399768454309571200, -1.222853877143723800, 84.98892655912523300 ) ) ;
#1322 = CARTESIAN_POINT ( 'NONE',  ( 4.722381231122407800, -2.439996045692902200, -2.828692905572556700 ) ) ;
#1323 = CARTESIAN_POINT ( 'NONE',  ( -13.43511312020813300, -3.336622343617651400, 34.99999999999999300 ) ) ;
#1324 = CARTESIAN_POINT ( 'NONE',  ( 12.06543051443946100, -3.429830764303477300, -67.57648902189134800 ) ) ;
#1325 = CARTESIAN_POINT ( 'NONE',  ( 4.183967513175799600, 0.9736196835288133400, 86.08716063721580300 ) ) ;
#1326 = AXIS2_PLACEMENT_3D ( 'NONE', #1714, #3369, #4596 ) ;
#1327 = CARTESIAN_POINT ( 'NONE',  ( 13.42971025364485800, -3.422871903549387100, -23.03412524527423600 ) ) ;
#1328 = CARTESIAN_POINT ( 'NONE',  ( 5.417448236387047100, -2.482231842833345400, -92.14071003057451000 ) ) ;
#1329 = CARTESIAN_POINT ( 'NONE',  ( -5.502130712212363900, 1.047803763587667600, -70.17399947052757600 ) ) ;
#1330 = CARTESIAN_POINT ( 'NONE',  ( 4.922925337314735500, -2.879584783408612100, -92.13703199600371400 ) ) ;
#1331 = MANIFOLD_SOLID_BREP ( 'Répétition circulaire3', #2665 ) ;
#1332 = CARTESIAN_POINT ( 'NONE',  ( 7.560846707642813400, 1.174302253439068100, 70.41196326884718800 ) ) ;
#1333 = CARTESIAN_POINT ( 'NONE',  ( -4.789576431103972400, 2.649599163913952000, -5.719227204834493400 ) ) ;
#1334 = CARTESIAN_POINT ( 'NONE',  ( -5.373220580735140800, 0.4977957292524653500, -91.60000000000000900 ) ) ;
#1335 = CARTESIAN_POINT ( 'NONE',  ( -12.17833066966497300, -3.429358790249550400, 65.00000000000000000 ) ) ;
#1336 = CARTESIAN_POINT ( 'NONE',  ( -7.113114837602074300, 1.220778555168661600, -81.08946078597168100 ) ) ;
#1337 = CARTESIAN_POINT ( 'NONE',  ( -6.238954782079200200, -3.292736285078665200, 96.77848573177931300 ) ) ;
#1338 = CARTESIAN_POINT ( 'NONE',  ( -6.346835043171594700, -0.4446047206246392900, -86.31220833854443700 ) ) ;
#1339 = CARTESIAN_POINT ( 'NONE',  ( -2.227346060668968800, -0.6706385910147907300, 78.44050017507356600 ) ) ;
#1340 = CARTESIAN_POINT ( 'NONE',  ( 7.915376637290567200, 5.388116888409729000, 34.99999999999997200 ) ) ;
#1341 = CARTESIAN_POINT ( 'NONE',  ( 5.409646841502265600, 2.068735829641974000, 1.025482422186821100 ) ) ;
#1342 = CARTESIAN_POINT ( 'NONE',  ( -9.023700618805493800, -0.08793353458758541900, 23.00867411803021400 ) ) ;
#1343 = CARTESIAN_POINT ( 'NONE',  ( 8.957567782643190300, -3.432532790867731000, -84.91664208830303600 ) ) ;
#1344 = CARTESIAN_POINT ( 'NONE',  ( 4.846377365877853700, 2.625007923199639000, 70.06692317393572000 ) ) ;
#1345 = CARTESIAN_POINT ( 'NONE',  ( 5.379734944575508500, -3.438998903372055200, -0.0000000000000000000 ) ) ;
#1346 = CARTESIAN_POINT ( 'NONE',  ( 5.500000000000000000, -3.500000000000000000, -101.5999999999999900 ) ) ;
#1347 = CARTESIAN_POINT ( 'NONE',  ( -4.354138438173416500, 0.1831904700945267700, -80.61705262769399400 ) ) ;
#1348 = DIRECTION ( 'NONE',  ( 0.0000000000000000000, 0.0000000000000000000, -1.000000000000000000 ) ) ;
#1349 = CARTESIAN_POINT ( 'NONE',  ( 6.304359740759720100, -3.454829074453073200, -96.77228008868436900 ) ) ;
#1350 = CARTESIAN_POINT ( 'NONE',  ( 7.668847182415285100, 1.403014359377056300, 75.86395098747186700 ) ) ;
#1351 = CARTESIAN_POINT ( 'NONE',  ( -7.312499999999926300, 5.500000000000005300, -23.25785260307938500 ) ) ;
#1352 = CARTESIAN_POINT ( 'NONE',  ( -6.544878779451744700, 2.054607114753219700, -75.63769092028184100 ) ) ;
#1353 = CARTESIAN_POINT ( 'NONE',  ( -10.24301031735963400, -3.445289113577133700, 78.23328417660602000 ) ) ;
#1354 = CARTESIAN_POINT ( 'NONE',  ( -6.710182377969689900, 0.5042968166443385600, -86.34454089731272600 ) ) ;
#1355 = AXIS2_PLACEMENT_3D ( 'NONE', #630, #4318, #2299 ) ;
#1356 = CARTESIAN_POINT ( 'NONE',  ( -7.236995560273752100, -3.157766779282542600, 91.59999999999998000 ) ) ;
#1357 = CARTESIAN_POINT ( 'NONE',  ( -7.473498997492115800, 1.074995622217624200, -70.40270111377668600 ) ) ;
#1358 = CARTESIAN_POINT ( 'NONE',  ( -2.559063211936545700, -0.7875268178106076300, 78.32161502529864100 ) ) ;
#1359 = CARTESIAN_POINT ( 'NONE',  ( 5.499008483895957000, 1.441787242512382300, 0.1064815977745409000 ) ) ;
#1360 = CARTESIAN_POINT ( 'NONE',  ( -0.5249949327120372300, -1.835273606282757900, 99.54899959821987900 ) ) ;
#1361 = CARTESIAN_POINT ( 'NONE',  ( -5.011878916172491000, -2.729550803369759300, -0.0000000000000000000 ) ) ;
#1362 = CARTESIAN_POINT ( 'NONE',  ( 10.25285938673788500, -3.439913492765378500, -78.22262815693025600 ) ) ;
#1363 = CARTESIAN_POINT ( 'NONE',  ( -4.124520451430692300, -0.4415934080907471500, 78.39142766351277200 ) ) ;
#1364 = CARTESIAN_POINT ( 'NONE',  ( -7.113311680673986900, -3.387968071670915300, 91.59999999999998000 ) ) ;
#1365 = CARTESIAN_POINT ( 'NONE',  ( 7.575125411725758300, -3.503091601416670600, -91.59999999999998000 ) ) ;
#1366 = CARTESIAN_POINT ( 'NONE',  ( 6.491159178883281200, 2.243238944795370200, 75.78234551818705700 ) ) ;
#1367 = CARTESIAN_POINT ( 'NONE',  ( 1.122016608850552300, -0.7293458025016740200, -91.60000000000000900 ) ) ;
#1368 = CARTESIAN_POINT ( 'NONE',  ( 6.735557395310442000E-016, 3.500000000000000000, 5.500000000000000000 ) ) ;
#1369 = ORIENTED_EDGE ( 'NONE', *, *, #755, .F. ) ;
#1370 = CARTESIAN_POINT ( 'NONE',  ( 7.631755103491073600, 1.186123482563021400, 75.84348695971333100 ) ) ;
#1371 = CARTESIAN_POINT ( 'NONE',  ( 12.06835504204718900, -3.502920983513961000, -65.00000000000000000 ) ) ;
#1372 = CARTESIAN_POINT ( 'NONE',  ( -6.187190091452854400, 1.550686125364394200, -80.95980054116273500 ) ) ;
#1373 = CARTESIAN_POINT ( 'NONE',  ( -10.22614392549542700, -3.462190723718860500, 78.26781773001948700 ) ) ;
#1374 = CARTESIAN_POINT ( 'NONE',  ( -7.598163299628895500, 2.865559062002140100, -64.99999999999997200 ) ) ;
#1375 = CARTESIAN_POINT ( 'NONE',  ( 6.868594179606672500, 2.653958671395515000, 70.35687234300580400 ) ) ;
#1376 = B_SPLINE_SURFACE_WITH_KNOTS ( 'NONE', 3, 3, ( 
 ( #4381, #3537, #3584, #1082 ),
 ( #1947, #662, #680, #2328 ),
 ( #3949, #1493, #4769, #4827 ),
 ( #1145, #3981, #2343, #1510 ),
 ( #2358, #1099, #4813, #2311 ),
 ( #5231, #1554, #2297, #5206 ),
 ( #2725, #1917, #5190, #2769 ),
 ( #1114, #3190, #722, #3598 ),
 ( #2370, #5290, #1617, #2850 ),
 ( #4907, #1203, #3266, #2401 ),
 ( #1570, #2812, #2024, #3232 ),
 ( #1583, #4474, #1156, #788 ),
 ( #3203, #4074, #5322, #4041 ),
 ( #1975, #2433, #1988, #4891 ),
 ( #4438, #1601, #386, #2006 ),
 ( #4874, #356, #769, #4859 ),
 ( #805, #5305, #3671, #3639 ) ),
 .UNSPECIFIED., .F., .F., .F.,
 ( 4, 1, 1, 1, 2, 1, 1, 1, 2, 1, 1, 1, 4 ),
 ( 4, 4 ),
 ( 0.0000000000000000000, 0.1781379411091100800, 0.3562758822182201500, 0.5344138233273303400, 0.7125517644364403000, 0.7805111709524961100, 0.8484705774685519200, 0.9164299839846077300, 0.9843893905006636500, 0.9882920428754977700, 0.9921946952503317700, 0.9960973476251660000, 1.000000000000000000 ),
 ( 0.0000000000000000000, 1.000000000000000000 ),
 .UNSPECIFIED. ) ;
#1377 = CIRCLE ( 'NONE', #4749, 19.99999999999999600 ) ;
#1378 = CARTESIAN_POINT ( 'NONE',  ( -6.534814610955791600, -3.502338782954979500, 96.76861869060842000 ) ) ;
#1379 = CARTESIAN_POINT ( 'NONE',  ( -6.057944684140805300, -0.8220127014080629300, -91.59999999999968200 ) ) ;
#1380 = CARTESIAN_POINT ( 'NONE',  ( -3.877800073213117500, -0.1783943080360548500, 70.37698489508213100 ) ) ;
#1381 = CARTESIAN_POINT ( 'NONE',  ( 4.025947264242243600, 0.3260886170566560900, 3.751883451185273000 ) ) ;
#1382 = CARTESIAN_POINT ( 'NONE',  ( -5.500000000000000000, -3.500000000000000000, 101.5999999999999900 ) ) ;
#1383 = CARTESIAN_POINT ( 'NONE',  ( -6.963241165860361000, 1.373699929695051200, 35.00000000000000700 ) ) ;
#1384 = CARTESIAN_POINT ( 'NONE',  ( 12.03667806858710200, -3.447868057076233200, -67.61289115165119800 ) ) ;
#1385 = CARTESIAN_POINT ( 'NONE',  ( 0.7881091844902099500, -0.1319369204841387100, 91.59999999999998000 ) ) ;
#1386 = ORIENTED_EDGE ( 'NONE', *, *, #3277, .T. ) ;
#1387 = CARTESIAN_POINT ( 'NONE',  ( -6.085740376444058500, -3.399194561495446200, 96.78146330470583800 ) ) ;
#1388 = CARTESIAN_POINT ( 'NONE',  ( 7.635275507536288600, -3.316365334926254500, -91.59999999999998000 ) ) ;
#1389 = CARTESIAN_POINT ( 'NONE',  ( 7.149127205275364700, 2.630397576339726500, 70.40340130753477900 ) ) ;
#1390 = CARTESIAN_POINT ( 'NONE',  ( 6.427923200429257000, -0.05403908331738876300, -65.00000000000000000 ) ) ;
#1391 = ORIENTED_EDGE ( 'NONE', *, *, #1052, .T. ) ;
#1392 = CARTESIAN_POINT ( 'NONE',  ( 0.9505398672268596800, -2.539947132595493000, -98.75440387098350900 ) ) ;
#1393 = CARTESIAN_POINT ( 'NONE',  ( 7.738434810200419500, 1.870852118914267100, 65.00000000000005700 ) ) ;
#1394 = EDGE_CURVE ( 'NONE', #3751, #843, #785, .T. ) ;
#1395 = CARTESIAN_POINT ( 'NONE',  ( -5.291535515864023200, 1.549908688011877500, -80.82057983664462600 ) ) ;
#1396 = CARTESIAN_POINT ( 'NONE',  ( -12.06837085073899200, -3.500190935279544400, 65.00000000000000000 ) ) ;
#1397 = CARTESIAN_POINT ( 'NONE',  ( -6.380240425679138700, 0.9163090829247027000, -86.32632687306109200 ) ) ;
#1398 = CARTESIAN_POINT ( 'NONE',  ( 7.493927004186798700, 2.981388297509371300, 64.99999999999997200 ) ) ;
#1399 = B_SPLINE_SURFACE_WITH_KNOTS ( 'NONE', 3, 3, ( 
 ( #927, #4134, #2513, #3796 ),
 ( #1991, #2086, #2493, #3334 ),
 ( #2636, #3449, #1360, #525 ),
 ( #4278, #3835, #570, #1382 ),
 ( #4697, #4256, #1814, #3816 ),
 ( #2246, #3403, #1423, #2652 ),
 ( #1403, #4652, #5139, #4678 ),
 ( #1835, #1774, #2229, #195 ),
 ( #590, #2205, #5098, #2615 ),
 ( #156, #3076, #176, #609 ),
 ( #133, #5118, #4236, #1441 ),
 ( #3058, #2184, #2163, #3468 ),
 ( #1792, #3037, #989, #3425 ),
 ( #3896, #5052, #5075, #969 ),
 ( #112, #3484, #3856, #1010 ),
 ( #2593, #3876, #4298, #4717 ),
 ( #1029, #3013, #1753, #4633 ),
 ( #2570, #2992, #945, #548 ),
 ( #267, #661, #5174, #1884 ),
 ( #1462, #4767, #1098, #3160 ),
 ( #3142, #3963, #3948, #281 ),
 ( #5205, #4379, #3569, #1081 ),
 ( #3931, #2691, #1509, #3521 ),
 ( #4752, #233, #2296, #5217 ),
 ( #1916, #3107, #1045, #1065 ),
 ( #248, #693, #3093, #5189 ),
 ( #679, #1492, #2709, #3128 ),
 ( #2741, #1477, #4799, #2327 ),
 ( #3536, #645, #4332, #4365 ),
 ( #1113, #1902, #4350, #4784 ),
 ( #3550, #3979, #627, #4314 ),
 ( #2310, #2724, #1853, #1869 ),
 ( #4732, #3916, #2279, #2262 ),
 ( #5155, #2673, #211, #3502 ),
 ( #4826, #708, #1582, #4425 ),
 ( #2797, #737, #1553, #1946 ),
 ( #1974, #4857, #2357, #1931 ),
 ( #2753, #1144, #2369, #3202 ),
 ( #3608, #3638, #4812, #5245 ),
 ( #2342, #5230, #5289, #2783 ),
 ( #4873, #2768, #5275, #323 ),
 ( #3993, #337, #311, #4454 ),
 ( #3189, #1187, #1962, #3597 ),
 ( #721, #3583, #4023, #4011 ),
 ( #3217, #1130, #751, #1168 ),
 ( #4841, #5261, #1525, #298 ),
 ( #4396, #2382, #1986, #768 ) ),
 .UNSPECIFIED., .T., .F., .F.,
 ( 4, 1, 1, 1, 1, 2, 1, 1, 1, 1, 1, 1, 1, 1, 2, 1, 1, 1, 2, 1, 1, 1, 1, 1, 1, 1, 1, 1, 1, 1, 2, 1, 1, 1, 1, 2, 1, 1, 1, 4 ),
 ( 4, 4 ),
 ( 0.0000000000000000000, 0.02308594244383046400, 0.06156251318354790500, 0.1231250263670958100, 0.1846875395506437100, 0.2462500527341916200, 0.3002781212404546100, 0.3543061897467175700, 0.3880737325631319300, 0.4083342582529805300, 0.4285947839428291300, 0.4421018010693949000, 0.4488553096326777200, 0.4556088181959606100, 0.4623623267592434900, 0.4648778679603207100, 0.4673934091613979300, 0.4699089503624752600, 0.4724244915635524800, 0.4799685775639622200, 0.4875126635643719500, 0.4950567495647816800, 0.5026008355651914200, 0.5101449215656010900, 0.5327771795668303500, 0.5403212655672401400, 0.5554094375680596100, 0.5931298675701082200, 0.6157621255713374700, 0.6534825555733860800, 0.7138352435766639500, 0.7655958631888616400, 0.8173564828010593300, 0.8691171024132569000, 0.8986945993345126800, 0.9208777220254545900, 0.9406582915190908600, 0.9604388610127272400, 0.9802194305063636200, 1.000000000000000000 ),
 ( 0.0000000000000000000, 1.000000000000000000 ),
 .UNSPECIFIED. ) ;
#1400 = CARTESIAN_POINT ( 'NONE',  ( -6.554044066990981900, -3.453884755073608000, 96.76691597222581700 ) ) ;
#1401 = CARTESIAN_POINT ( 'NONE',  ( -6.062250888037233700, -0.8183431585436929900, -91.59999999999968200 ) ) ;
#1402 = CARTESIAN_POINT ( 'NONE',  ( -3.775458037453868900, 0.01016806734913096300, 67.73785311825051300 ) ) ;
#1403 = CARTESIAN_POINT ( 'NONE',  ( -1.042268434935401200, -0.6909723004562056100, 91.59999999999998000 ) ) ;
#1404 = CARTESIAN_POINT ( 'NONE',  ( -13.28631023885851000, -3.498586476245995500, 23.02748771434393000 ) ) ;
#1405 = CARTESIAN_POINT ( 'NONE',  ( 10.11465797579507600, -3.496319897800608300, -78.31748053202910900 ) ) ;
#1406 = CARTESIAN_POINT ( 'NONE',  ( 7.456987757109556200, 5.500000000000005300, 35.00000000000000000 ) ) ;
#1407 = CARTESIAN_POINT ( 'NONE',  ( -5.251260140644793900, 0.08365937844901308300, 70.80212474772787300 ) ) ;
#1408 = CARTESIAN_POINT ( 'NONE',  ( -3.249234603997036800, -2.497995535183740000, 92.46980101515865200 ) ) ;
#1409 = CARTESIAN_POINT ( 'NONE',  ( 7.621869045145825100, -3.455537981140254500, -91.93696825946224700 ) ) ;
#1410 = CARTESIAN_POINT ( 'NONE',  ( 7.133322718872568300, 2.633650474957781800, 70.40128508892404100 ) ) ;
#1411 = ADVANCED_BREP_SHAPE_REPRESENTATION ( 'PROPELLER - 8x4_DTfaut_sldprt', ( #2352, #1331, #4004 ), #2069 ) ;
#1412 = CARTESIAN_POINT ( 'NONE',  ( 3.451686225393161900, 1.316883167569708800, -64.99999999999995700 ) ) ;
#1413 = CARTESIAN_POINT ( 'NONE',  ( 0.4416694836616071300, -2.496975873700542500, -99.10883661267729400 ) ) ;
#1414 = CARTESIAN_POINT ( 'NONE',  ( 6.574114031250244800, -0.2395981043819823700, 86.32790573776756600 ) ) ;
#1415 = CARTESIAN_POINT ( 'NONE',  ( 12.81039460359480100, -3.437591860374771300, -52.50123405878348800 ) ) ;
#1416 = LINE ( 'NONE', #846, #3977 ) ;
#1417 = CARTESIAN_POINT ( 'NONE',  ( -3.715179289494559400, 2.549814596867514500, -69.86370928420419100 ) ) ;
#1418 = CARTESIAN_POINT ( 'NONE',  ( -12.11063020378982600, -3.494048693186965000, 65.00000000000000000 ) ) ;
#1419 = CARTESIAN_POINT ( 'NONE',  ( -7.673587860730875400, 2.755449905536768300, -64.99999999999994300 ) ) ;
#1420 = CARTESIAN_POINT ( 'NONE',  ( 5.918214961054778700, 0.4162777962761608500, 91.60000000000026400 ) ) ;
#1421 = CARTESIAN_POINT ( 'NONE',  ( -6.533835026603593800, -0.2881415343209994800, -86.32498767742852400 ) ) ;
#1422 = CARTESIAN_POINT ( 'NONE',  ( 5.422186433844844400, 0.6318281322102052800, 75.34834741916859000 ) ) ;
#1423 = CARTESIAN_POINT ( 'NONE',  ( -2.716537252378629300, -2.030367111102608500, 97.92741852950052800 ) ) ;
#1424 = CARTESIAN_POINT ( 'NONE',  ( 12.00305987693304200, -3.485423974475123600, -67.65033390789820100 ) ) ;
#1425 = CARTESIAN_POINT ( 'NONE',  ( -1.122016608850552300, -0.7293458025016740200, 91.60000000000000900 ) ) ;
#1426 = CARTESIAN_POINT ( 'NONE',  ( -2.088325561229120300, -2.246074405031257100, 92.79051739311965700 ) ) ;
#1427 = CARTESIAN_POINT ( 'NONE',  ( 5.946645014171371800, -3.097134829492069300, -91.60000000000000900 ) ) ;
#1428 = CARTESIAN_POINT ( 'NONE',  ( 5.251260140644793900, 0.08365937844901308300, -70.80212474772787300 ) ) ;
#1429 = CARTESIAN_POINT ( 'NONE',  ( 7.202536935058660100, 0.9828916933844655800, 81.08815545950467700 ) ) ;
#1430 = DIRECTION ( 'NONE',  ( 0.0000000000000000000, 0.0000000000000000000, -1.000000000000000000 ) ) ;
#1431 = CARTESIAN_POINT ( 'NONE',  ( 0.6662050089360999100, 1.474103785532560500, -72.90118987334980700 ) ) ;
#1432 = CARTESIAN_POINT ( 'NONE',  ( -7.564931066371014100, -3.499857986868197400, 91.59999999999999400 ) ) ;
#1433 = CARTESIAN_POINT ( 'NONE',  ( -7.628942016511497400, 2.824235552641646500, -64.99999999999994300 ) ) ;
#1434 = CARTESIAN_POINT ( 'NONE',  ( 6.912105526788550100, 2.654280857868339900, 70.36527011294697300 ) ) ;
#1435 = B_SPLINE_SURFACE_WITH_KNOTS ( 'NONE', 5, 5, ( 
 ( #4358, #240, #3988, #1500, #687, #5224 ),
 ( #1089, #1486, #4807, #1519, #1926, #1893 ),
 ( #2747, #2288, #671, #3559, #292, #2717 ),
 ( #3183, #1468, #260, #3136, #4759, #2700 ),
 ( #703, #3578, #1940, #1533, #2351, #5238 ),
 ( #1073, #2763, #305, #715, #1055, #3923 ),
 ( #653, #3939, #780, #2395, #4886, #5285 ),
 ( #1164, #5316, #732, #4035, #365, #2428 ),
 ( #2412, #3244, #3226, #4899, #1548, #3197 ),
 ( #1999, #2807, #1612, #4468, #2823, #5255 ) ),
 .UNSPECIFIED., .F., .F., .F.,
 ( 6, 4, 6 ),
 ( 6, 6 ),
 ( 0.0000000000000000000, 0.5000000000000000000, 1.000000000000000000 ),
 ( 0.0000000000000000000, 1.000000000000000000 ),
 .UNSPECIFIED. ) ;
#1436 = AXIS2_PLACEMENT_3D ( 'NONE', #4766, #3915, #3962 ) ;
#1437 = CARTESIAN_POINT ( 'NONE',  ( -6.542532019217340200, -0.2782469555475582400, -86.32561205548901700 ) ) ;
#1438 = FACE_OUTER_BOUND ( 'NONE', #458, .T. ) ;
#1439 = CARTESIAN_POINT ( 'NONE',  ( 4.325134259478497600, -1.019707216853843000, 91.60000000000000900 ) ) ;
#1440 = CARTESIAN_POINT ( 'NONE',  ( 5.484639492678873300, 1.274435565630001900, 0.4193113466810433100 ) ) ;
#1441 = CARTESIAN_POINT ( 'NONE',  ( -5.500000000000000000, -3.500000000000000000, 101.5999999999999900 ) ) ;
#1442 = CARTESIAN_POINT ( 'NONE',  ( 7.456987757109556200, 5.500000000000005300, 45.03262229995771500 ) ) ;
#1443 = CARTESIAN_POINT ( 'NONE',  ( 7.572158415264754100, -3.500276318335800300, -91.59999999999999400 ) ) ;
#1444 = CARTESIAN_POINT ( 'NONE',  ( -0.4638402098388116900, 0.1633446177157856200, 85.26167146045253300 ) ) ;
#1445 = DIRECTION ( 'NONE',  ( 0.0000000000000000000, 1.000000000000000000, -0.0000000000000000000 ) ) ;
#1446 = CARTESIAN_POINT ( 'NONE',  ( 5.721416156616150800, -3.310948840702010500, -96.80783556360094600 ) ) ;
#1448 = ORIENTED_EDGE ( 'NONE', *, *, #4961, .T. ) ;
#1447 = CARTESIAN_POINT ( 'NONE',  ( 3.275758061198933600, 1.090385535541952700, -68.28334292090507100 ) ) ;
#1449 = CARTESIAN_POINT ( 'NONE',  ( -6.143903355988563900, -1.070563694062896900, -97.48172458847388100 ) ) ;
#1450 = CARTESIAN_POINT ( 'NONE',  ( 7.787707002402931300, 2.027932208377438300, 65.00000000000002800 ) ) ;
#1451 = CARTESIAN_POINT ( 'NONE',  ( 13.41013580006597300, -3.291519326522031700, -40.00361683776478100 ) ) ;
#1452 = CARTESIAN_POINT ( 'NONE',  ( -3.536850221109658000, 2.000024045857273800, -74.72757693756534500 ) ) ;
#1453 = FACE_OUTER_BOUND ( 'NONE', #5185, .T. ) ;
#1454 = CARTESIAN_POINT ( 'NONE',  ( -8.881745761024285800, -3.499006284879282400, 84.95057971921957600 ) ) ;
#1455 = CARTESIAN_POINT ( 'NONE',  ( -6.506294556779386600, 2.265449377616698600, -75.79022768431247000 ) ) ;
#1456 = CARTESIAN_POINT ( 'NONE',  ( 6.491430049212833200, 2.080041040758979800, 75.69652591683258400 ) ) ;
#1457 = B_SPLINE_SURFACE_WITH_KNOTS ( 'NONE', 3, 3, ( 
 ( #2390, #2791, #2838, #1176 ),
 ( #3257, #4445, #3660, #3276 ),
 ( #3646, #1590, #3223, #4082 ),
 ( #2409, #2819, #776, #4063 ),
 ( #2032, #1230, #3699, #2068 ),
 ( #432, #4518, #3298, #3700 ),
 ( #1659, #1266, #1678, #3740 ),
 ( #4540, #2879, #1609, #4520 ),
 ( #4483, #2014, #2840, #377 ),
 ( #4918, #5331, #3661, #1212 ),
 ( #4499, #2033, #2860, #3278 ),
 ( #5079, #3018, #552, #4995 ),
 ( #2938, #4418, #1042, #3123 ),
 ( #3911, #5170, #1060, #657 ),
 ( #2721, #586, #565, #956 ),
 ( #1783, #2236, #2604, #851 ),
 ( #3172, #1127, #244, #1913 ),
 ( #3565, #2674, #1046, #4135 ),
 ( #4576, #251, #3130, #3016 ),
 ( #1406, #1442, #2616, #571 ),
 ( #990, #2456, #1621, #2891 ) ),
 .UNSPECIFIED., .F., .F., .F.,
 ( 4, 1, 1, 1, 2, 1, 1, 1, 2, 1, 1, 1, 1, 1, 1, 1, 4 ),
 ( 4, 4 ),
 ( 0.0000000000000000000, 0.08075097211383125400, 0.1615019442276625100, 0.2422529163414937600, 0.3230038884553250200, 0.4546910722870358700, 0.5863782561187467200, 0.7180654399504578000, 0.8497526237821685400, 0.8685335458093974600, 0.8873144678366264900, 0.9060953898638552900, 0.9248763118910842100, 0.9436572339183132400, 0.9624381559455421600, 0.9812190779727709700, 1.000000000000000000 ),
 ( 0.0000000000000000000, 1.000000000000000000 ),
 .UNSPECIFIED. ) ;
#1458 = CARTESIAN_POINT ( 'NONE',  ( -7.636679237642790800, 1.711310004182867100, -75.88545356344464200 ) ) ;
#1459 = ORIENTED_EDGE ( 'NONE', *, *, #1090, .F. ) ;
#1460 = CARTESIAN_POINT ( 'NONE',  ( -2.705688947397963100, 0.4165596978331203600, 68.06421137605153100 ) ) ;
#1461 = CARTESIAN_POINT ( 'NONE',  ( -1.563419532724097100E-013, -0.8858127423063783000, 5.499999999999997300 ) ) ;
#1462 = CARTESIAN_POINT ( 'NONE',  ( -7.679627717177846900, -3.433820798119975300, 91.59999999999999400 ) ) ;
#1463 = CARTESIAN_POINT ( 'NONE',  ( 10.14172525223163200, -3.501967708371569000, -78.31101059883705800 ) ) ;
#1464 = CARTESIAN_POINT ( 'NONE',  ( -2.968505665854463100, -0.7319335564640252500, 84.96906562615633600 ) ) ;
#1465 = CARTESIAN_POINT ( 'NONE',  ( 3.249234603997036800, -2.497995535183740000, -92.46980101515865200 ) ) ;
#1466 = CARTESIAN_POINT ( 'NONE',  ( 1.463058394554389800, -0.8590833059379647800, -91.60000000000000900 ) ) ;
#1467 = CARTESIAN_POINT ( 'NONE',  ( 7.781588678001011900, 2.002666651276991500, 65.00000000000002800 ) ) ;
#1468 = CARTESIAN_POINT ( 'NONE',  ( -9.582646131356030500, -2.489814680665105100, 67.67617192440614800 ) ) ;
#1469 = EDGE_CURVE ( 'NONE', #4656, #5125, #5192, .T. ) ;
#1470 = CARTESIAN_POINT ( 'NONE',  ( -4.271932095550065300, 0.4452848607874442800, -91.60000000000006500 ) ) ;
#1471 = CARTESIAN_POINT ( 'NONE',  ( -10.12848473805956600, -3.500293691370864700, 78.31423102496661700 ) ) ;
#1472 = CARTESIAN_POINT ( 'NONE',  ( -7.588527807730404400, 2.877699812167158600, -64.99999999999997200 ) ) ;
#1473 = CARTESIAN_POINT ( 'NONE',  ( 6.533663619888054400, 2.051772578565271400, 75.65236937956700600 ) ) ;
#1474 = B_SPLINE_SURFACE_WITH_KNOTS ( 'NONE', 3, 3, ( 
 ( #398, #433, #3299, #3682 ),
 ( #3319, #2443, #4139, #2426 ),
 ( #3279, #2478, #2052, #4561 ),
 ( #3719, #3701, #814, #4934 ),
 ( #4500, #2462, #1679, #873 ),
 ( #1267, #2090, #4971, #2896 ),
 ( #833, #4102, #1642, #4521 ),
 ( #2497, #38, #3662, #3338 ),
 ( #4919, #2016, #5332, #1231 ),
 ( #4541, #1, #4117, #2071 ),
 ( #2918, #452, #2881, #1660 ),
 ( #416, #4951, #5314, #20 ),
 ( #3741, #1288, #4160, #1700 ),
 ( #4897, #2841, #378, #3259 ),
 ( #797, #1214, #4083, #1627 ),
 ( #57, #4179, #5018, #2538 ),
 ( #3355, #1718, #3763, #4996 ),
 ( #2939, #77, #473, #4600 ),
 ( #2128, #2958, #893, #1306 ),
 ( #493, #4580, #2111, #2519 ),
 ( #1311, #878, #4979, #3324 ),
 ( #935, #2902, #497, #4146 ),
 ( #1763, #3358, #2962, #4183 ),
 ( #1723, #4641, #3804, #4584 ),
 ( #5001, #857, #1349, #3767 ),
 ( #514, #3747, #915, #4604 ),
 ( #2502, #2171, #3784, #4567 ),
 ( #457, #100, #2484, #61 ),
 ( #1685, #1291, #2095, #5022 ),
 ( #4226, #43, #2943, #4621 ),
 ( #2132, #1330, #2153, #5040 ),
 ( #4165, #478, #2924, #2524 ),
 ( #3377, #2115, #1705, #2560 ),
 ( #4203, #2981, #3393, #82 ),
 ( #27, #3724, #3342, #897 ),
 ( #438, #1742, #1273, #2542 ),
 ( #4662, #3843, #141, #3001 ),
 ( #2253, #3490, #2215, #202 ),
 ( #3904, #3045, #1392, #2194 ),
 ( #2660, #3865, #1413, #4264 ),
 ( #5146, #596, #4321, #536 ),
 ( #618, #4686, #4705, #3458 ),
 ( #4287, #1449, #5084, #3026 ),
 ( #1802, #2642, #2579, #4304 ),
 ( #5107, #557, #4245, #1035 ),
 ( #2624, #1018, #999, #123 ),
 ( #3066, #1859, #3413, #3474 ) ),
 .UNSPECIFIED., .T., .F., .F.,
 ( 4, 1, 1, 1, 1, 2, 1, 1, 1, 1, 1, 1, 1, 1, 2, 1, 1, 1, 2, 1, 1, 1, 1, 1, 1, 1, 1, 1, 1, 1, 2, 1, 1, 1, 1, 2, 1, 1, 1, 4 ),
 ( 4, 4 ),
 ( 0.0000000000000000000, 0.02308594244383046400, 0.06156251318354790500, 0.1231250263670958100, 0.1846875395506437100, 0.2462500527341916200, 0.3002781212404546100, 0.3543061897467175700, 0.3880737325631319300, 0.4083342582529805300, 0.4285947839428291300, 0.4421018010693949000, 0.4488553096326777200, 0.4556088181959606100, 0.4623623267592434900, 0.4648778679603207100, 0.4673934091613979300, 0.4699089503624752600, 0.4724244915635524800, 0.4799685775639622200, 0.4875126635643719500, 0.4950567495647816800, 0.5026008355651914200, 0.5101449215656010900, 0.5327771795668303500, 0.5403212655672401400, 0.5554094375680596100, 0.5931298675701082200, 0.6157621255713374700, 0.6534825555733860800, 0.7138352435766639500, 0.7655958631888616400, 0.8173564828010593300, 0.8691171024132569000, 0.8986945993345126800, 0.9208777220254545900, 0.9406582915190908600, 0.9604388610127272400, 0.9802194305063636200, 1.000000000000000000 ),
 ( 0.0000000000000000000, 1.000000000000000000 ),
 .UNSPECIFIED. ) ;
#1475 = CARTESIAN_POINT ( 'NONE',  ( -6.580435678470978500, -0.2312567752170645000, -86.32837093055778200 ) ) ;
#1476 = CARTESIAN_POINT ( 'NONE',  ( -0.3218720700054221200, -0.1277316043184999500, 79.11455797756634900 ) ) ;
#1477 = CARTESIAN_POINT ( 'NONE',  ( -6.307152862957285500, -3.209304469056137900, 91.98489517460844000 ) ) ;
#1478 = CARTESIAN_POINT ( 'NONE',  ( 11.89307395511917400, -3.469786775825646000, -70.30054656601929300 ) ) ;
#1479 = CARTESIAN_POINT ( 'NONE',  ( -7.575599249541222800, -0.6955032015643718400, 65.00000000000000000 ) ) ;
#1480 = COORDINATED_UNIVERSAL_TIME_OFFSET ( 5, 30, .AHEAD. ) ;
#1481 = B_SPLINE_SURFACE_WITH_KNOTS ( 'NONE', 3, 3, ( 
 ( #3312, #2422, #5308, #4495 ),
 ( #5326, #4592, #904, #3755 ),
 ( #2509, #2950, #2140, #2931 ),
 ( #3812, #4629, #2159, #3421 ),
 ( #2121, #2988, #5049, #3792 ),
 ( #2566, #4172, #521, #4152 ),
 ( #3731, #1319, #485, #465 ),
 ( #3348, #923, #3774, #49 ),
 ( #885, #108, #3399, #4986 ),
 ( #4189, #5008, #3009, #4610 ),
 ( #1731, #1710, #5029, #1692 ),
 ( #942, #1297, #5071, #3365 ),
 ( #1280, #2531, #68, #4573 ),
 ( #2549, #89, #1337, #2103 ),
 ( #1356, #2968, #503, #3383 ),
 ( #4232, #4212, #1749, #1771 ),
 ( #4648, #2180, #2589, #130 ),
 ( #545, #566, #5094, #3033 ),
 ( #2224, #3444, #2611, #985 ),
 ( #1789, #3852, #1400, #152 ),
 ( #3831, #4274, #1810, #4693 ),
 ( #4673, #965, #1378, #4252 ),
 ( #2201, #2210, #5103, #4241 ),
 ( #5143, #5122, #2656, #3041 ),
 ( #1364, #5060, #593, #2168 ),
 ( #4260, #2575, #3431, #4638 ),
 ( #3821, #5080, #1387, #1779 ),
 ( #2997, #973, #2620, #3409 ),
 ( #4301, #2639, #180, #3899 ),
 ( #2599, #3471, #3062, #4282 ),
 ( #1014, #4657, #3881, #119 ),
 ( #4221, #1798, #3839, #951 ),
 ( #2188, #1408, #4682, #531 ),
 ( #161, #1426, #3080, #576 ),
 ( #1839, #4719, #2250, #3454 ),
 ( #994, #3861, #1818, #4701 ),
 ( #199, #137, #613, #2233 ),
 ( #1759, #3021, #553, #3487 ),
 ( #1032, #2346, #2317, #5162 ),
 ( #290, #3134, #3956, #1484 ),
 ( #3970, #2268, #3511, #669 ),
 ( #4775, #701, #4386, #3986 ),
 ( #3937, #4757, #3542, #3576 ),
 ( #1087, #1891, #4791, #1924 ),
 ( #1531, #219, #4805, #238 ),
 ( #3557, #1053, #258, #1104 ),
 ( #1938, #1876, #3115, #651 ) ),
 .UNSPECIFIED., .T., .F., .F.,
 ( 4, 1, 1, 1, 1, 2, 1, 1, 1, 1, 1, 1, 1, 1, 2, 1, 1, 1, 2, 1, 1, 1, 1, 1, 1, 1, 1, 1, 1, 1, 2, 1, 1, 1, 1, 2, 1, 1, 1, 4 ),
 ( 4, 4 ),
 ( 0.0000000000000000000, 0.02308594244383046400, 0.06156251318354790500, 0.1231250263670958100, 0.1846875395506437100, 0.2462500527341916200, 0.3002781212404546100, 0.3543061897467175700, 0.3880737325631319300, 0.4083342582529805300, 0.4285947839428291300, 0.4421018010693949000, 0.4488553096326777200, 0.4556088181959606100, 0.4623623267592434900, 0.4648778679603207100, 0.4673934091613979300, 0.4699089503624752600, 0.4724244915635524800, 0.4799685775639622200, 0.4875126635643719500, 0.4950567495647816800, 0.5026008355651914200, 0.5101449215656010900, 0.5327771795668303500, 0.5403212655672401400, 0.5554094375680596100, 0.5931298675701082200, 0.6157621255713374700, 0.6534825555733860800, 0.7138352435766639500, 0.7655958631888616400, 0.8173564828010593300, 0.8691171024132569000, 0.8986945993345126800, 0.9208777220254545900, 0.9406582915190908600, 0.9604388610127272400, 0.9802194305063636200, 1.000000000000000000 ),
 ( 0.0000000000000000000, 1.000000000000000000 ),
 .UNSPECIFIED. ) ;
#1482 = CARTESIAN_POINT ( 'NONE',  ( 5.505696776299161300, -3.017552498776584300, -92.06314416388509900 ) ) ;
#1483 = CARTESIAN_POINT ( 'NONE',  ( 4.461421170145278800, -0.5922802570593296300, -78.35014774712657000 ) ) ;
#1484 = CARTESIAN_POINT ( 'NONE',  ( -5.500000000000000000, -3.500000000000000000, 101.5999999999999900 ) ) ;
#1485 = CARTESIAN_POINT ( 'NONE',  ( 6.721499208812427500, 0.4678324047076254400, 86.34477564498041600 ) ) ;
#1486 = CARTESIAN_POINT ( 'NONE',  ( -11.12067087210482800, -3.154985963532089200, 67.67686568320944200 ) ) ;
#1487 = CARTESIAN_POINT ( 'NONE',  ( -5.499740879268513200, 1.469883846861060000, -0.05439817374090261100 ) ) ;
#1488 = CARTESIAN_POINT ( 'NONE',  ( -7.133322718872568300, 2.633650474957781800, -70.40128508892404100 ) ) ;
#1489 = CARTESIAN_POINT ( 'NONE',  ( 6.507966232544145400, 2.063014694047892800, 75.67906369058027800 ) ) ;
#1490 = CARTESIAN_POINT ( 'NONE',  ( -6.259792186997551700, -0.5631076162855686000, -91.59999999999976700 ) ) ;
#1491 = CARTESIAN_POINT ( 'NONE',  ( -3.027929283534118700, 0.1514627372581398000, 70.91410312602917500 ) ) ;
#1492 = CARTESIAN_POINT ( 'NONE',  ( -6.671480752888114400, -3.298389122990891900, 91.96292660941169600 ) ) ;
#1493 = CARTESIAN_POINT ( 'NONE',  ( 3.109878336842438100, 5.278925673685592700, 45.09344377767258300 ) ) ;
#1494 = CARTESIAN_POINT ( 'NONE',  ( -7.914521315819572900, -1.043256089818274800, 67.61746359927248300 ) ) ;
#1495 = B_SPLINE_SURFACE_WITH_KNOTS ( 'NONE', 3, 3, ( 
 ( #2078, #1634, #4943, #4125 ),
 ( #1239, #2486, #2469, #2887 ),
 ( #2043, #2451, #4491, #4506 ),
 ( #9, #4956, #2868, #2432 ),
 ( #787, #3726, #422, #5304 ),
 ( #4472, #3306, #2827, #3670 ),
 ( #405, #385, #3286, #859 ),
 ( #2023, #804, #4890, #2417 ),
 ( #5338, #821, #29, #5321 ),
 ( #3690, #1221, #4906, #4054 ),
 ( #1202, #1600, #839, #4089 ),
 ( #3708, #1667, #4547, #2905 ),
 ( #2848, #440, #3326, #2005 ),
 ( #369, #3249, #3652, #102 ),
 ( #918, #2582, #4569, #880 ),
 ( #5043, #2964, #4643, #2155 ),
 ( #2926, #125, #3749, #460 ),
 ( #1688, #3807, #2117, #5024 ),
 ( #84, #1333, #4148, #2562 ),
 ( #45, #4606, #4623, #2983 ),
 ( #1726, #2135, #1351, #5066 ) ),
 .UNSPECIFIED., .F., .F., .F.,
 ( 4, 1, 1, 1, 2, 1, 1, 1, 2, 1, 1, 1, 1, 1, 1, 1, 4 ),
 ( 4, 4 ),
 ( 0.0000000000000000000, 0.05322528655803803600, 0.1064505731160760700, 0.1596758596741141000, 0.2129011462321520900, 0.3590420061121262200, 0.5051828659921002700, 0.6513237258720743200, 0.7974645857520482600, 0.8227815125330422100, 0.8480984393140361700, 0.8734153660950301200, 0.8987322928760241900, 0.9240492196570181400, 0.9493661464380122000, 0.9746830732190060500, 1.000000000000000000 ),
 ( 0.0000000000000000000, 1.000000000000000000 ),
 .UNSPECIFIED. ) ;
#1496 = CARTESIAN_POINT ( 'NONE',  ( 0.05052419252702244200, -1.627316599414467600, -91.59999999999998000 ) ) ;
#1497 = CARTESIAN_POINT ( 'NONE',  ( 5.440761036159545800, -1.047841116697492100, -78.26987361524264500 ) ) ;
#1498 = EDGE_CURVE ( 'NONE', #407, #3620, #3154, .T. ) ;
#1499 = CARTESIAN_POINT ( 'NONE',  ( 7.131227184418840200, 1.187187843435921800, 81.08971980031125800 ) ) ;
#1500 = CARTESIAN_POINT ( 'NONE',  ( -10.11465797579507600, -3.496319897800611800, 78.31748053202910900 ) ) ;
#1501 = CARTESIAN_POINT ( 'NONE',  ( -4.796796274429932600, 0.4401737676574153400, -2.692490140152501900 ) ) ;
#1502 = CARTESIAN_POINT ( 'NONE',  ( -6.969358454015670100, 2.652807170889680800, -70.37571948307918000 ) ) ;
#1503 = CARTESIAN_POINT ( 'NONE',  ( 6.528344563924750200, 2.052911910354219900, 75.65844214945096300 ) ) ;
#1504 = B_SPLINE_SURFACE_WITH_KNOTS ( 'NONE', 3, 3, ( 
 ( #3941, #3593, #1910, #1927 ),
 ( #2337, #5240, #2304, #306 ),
 ( #5199, #4006, #2718, #654 ),
 ( #3168, #1957, #5226, #3562 ),
 ( #4836, #2365, #262, #3137 ),
 ( #2321, #3155, #3545, #2737 ),
 ( #688, #352, #3246, #5272 ),
 ( #3666, #1970, #382, #2001 ),
 ( #1564, #4902, #4922, #2429 ),
 ( #3261, #3214, #366, #1630 ),
 ( #2020, #3635, #1183, #4434 ),
 ( #2038, #4069, #4086, #4887 ),
 ( #783, #2794, #2865, #3649 ),
 ( #4503, #2447, #3228, #4050 ),
 ( #765, #1596, #4469, #747 ),
 ( #4852, #1198, #2396, #3619 ),
 ( #4487, #2414, #5300, #2808 ),
 ( #4036, #5317, #2844, #1613 ),
 ( #801, #1166, #1218, #5335 ),
 ( #5286, #3198, #2824, #733 ),
 ( #3605, #1153, #1579, #4020 ) ),
 .UNSPECIFIED., .F., .F., .F.,
 ( 4, 1, 1, 1, 2, 1, 1, 1, 2, 1, 1, 1, 1, 1, 1, 1, 4 ),
 ( 4, 4 ),
 ( 0.0000000000000000000, 0.08075097211383125400, 0.1615019442276625100, 0.2422529163414937600, 0.3230038884553250200, 0.4546910722870358700, 0.5863782561187467200, 0.7180654399504578000, 0.8497526237821685400, 0.8685335458093974600, 0.8873144678366264900, 0.9060953898638552900, 0.9248763118910842100, 0.9436572339183132400, 0.9624381559455421600, 0.9812190779727709700, 1.000000000000000000 ),
 ( 0.0000000000000000000, 1.000000000000000000 ),
 .UNSPECIFIED. ) ;
#1505 = AXIS2_PLACEMENT_3D ( 'NONE', #3733, #2474, #1246 ) ;
#1506 = B_SPLINE_CURVE_WITH_KNOTS ( 'NONE', 3,
 ( #3687, #3574, #3984, #4443 ),
 .UNSPECIFIED., .F., .F.,
 ( 4, 4 ),
 ( 0.0000000000000000000, 1.000000000000000000 ),
 .UNSPECIFIED. ) ;
#1507 = ORIENTED_EDGE ( 'NONE', *, *, #3149, .T. ) ;
#1508 = CARTESIAN_POINT ( 'NONE',  ( 5.586906639779927600, -0.9999109580733647200, 91.59999999999996600 ) ) ;
#1509 = CARTESIAN_POINT ( 'NONE',  ( -6.486849587866337300, -3.516968981466880100, 96.76894068899616700 ) ) ;
#1510 = CARTESIAN_POINT ( 'NONE',  ( -0.4026784294472274300, 2.391435753179474800, 64.99999999999992900 ) ) ;
#1511 = CARTESIAN_POINT ( 'NONE',  ( -3.322983937942265900, -0.8851522939072213900, 84.95295925144915800 ) ) ;
#1512 = FACE_OUTER_BOUND ( 'NONE', #1567, .T. ) ;
#1513 = B_SPLINE_SURFACE_WITH_KNOTS ( 'NONE', 3, 3, ( 
 ( #3207, #1136, #4830, #3613 ),
 ( #1979, #1102, #3967, #4384 ),
 ( #1920, #4803, #2330, #1174 ),
 ( #794, #1623, #1607, #4497 ),
 ( #344, #361, #4478, #758 ),
 ( #1209, #375, #4895, #3273 ),
 ( #4515, #1228, #5328, #2407 ),
 ( #3240, #2876, #5345, #393 ),
 ( #810, #5310, #2459, #4079 ),
 ( #2030, #774, #2835, #1656 ),
 ( #3255, #2050, #2440, #3679 ),
 ( #2065, #3629, #4045, #2802 ),
 ( #412, #4537, #4914, #4097 ),
 ( #3644, #3295, #2012, #2857 ),
 ( #1192, #3658, #829, #1588 ),
 ( #4061, #1994, #2424, #5281 ),
 ( #1640, #4463, #4948, #4931 ),
 ( #3697, #1247, #4114, #3221 ),
 ( #4881, #5296, #2817, #1340 ),
 ( #1283, #2106, #3795, #3715 ),
 ( #71, #4989, #2533, #4555 ) ),
 .UNSPECIFIED., .F., .F., .F.,
 ( 4, 1, 1, 1, 2, 1, 1, 1, 2, 1, 1, 1, 1, 1, 1, 1, 4 ),
 ( 4, 4 ),
 ( 0.0000000000000000000, 0.05322528655803803600, 0.1064505731160760700, 0.1596758596741141000, 0.2129011462321520900, 0.3590420061121262200, 0.5051828659921002700, 0.6513237258720743200, 0.7974645857520482600, 0.8227815125330422100, 0.8480984393140361700, 0.8734153660950301200, 0.8987322928760241900, 0.9240492196570181400, 0.9493661464380122000, 0.9746830732190060500, 1.000000000000000000 ),
 ( 0.0000000000000000000, 1.000000000000000000 ),
 .UNSPECIFIED. ) ;
#1514 = CARTESIAN_POINT ( 'NONE',  ( -0.3219516779942819800, -2.285281847031448400, -99.54086229423693100 ) ) ;
#1515 = CARTESIAN_POINT ( 'NONE',  ( 7.717382419950659800, -1.088512154467719900, -70.23479956508967300 ) ) ;
#1516 = ORIENTED_EDGE ( 'NONE', *, *, #796, .F. ) ;
#1517 = DIRECTION ( 'NONE',  ( 0.0000000000000000000, 1.000000000000000000, 0.0000000000000000000 ) ) ;
#1518 = CARTESIAN_POINT ( 'NONE',  ( 7.155992683948428000, 1.134641903022692600, 81.08981649104734400 ) ) ;
#1519 = CARTESIAN_POINT ( 'NONE',  ( -9.362655985792045500, -3.227126311283343300, 78.31686568320941400 ) ) ;
#1520 = CARTESIAN_POINT ( 'NONE',  ( 1.563419532724097100E-013, -0.8858127423063783000, -5.499999999999997300 ) ) ;
#1521 = CARTESIAN_POINT ( 'NONE',  ( -6.225357527135473700, 0.9830035291979860600, -86.31403820538874100 ) ) ;
#1522 = CARTESIAN_POINT ( 'NONE',  ( 6.684607705690544900, 2.652298542386485500, 70.31884489512195600 ) ) ;
#1523 = ORIENTED_EDGE ( 'NONE', *, *, #1021, .F. ) ;
#1524 = CARTESIAN_POINT ( 'NONE',  ( 6.174636578483079700, -0.1206932989281622700, 80.96665417930998400 ) ) ;
#1525 = CARTESIAN_POINT ( 'NONE',  ( -0.04664824619674337600, -1.868037089616290300, 100.0101994566949300 ) ) ;
#1526 = CARTESIAN_POINT ( 'NONE',  ( -5.499983423329586800, 1.511335797240829200, 0.0000000000000000000 ) ) ;
#1527 = CARTESIAN_POINT ( 'NONE',  ( -5.440761036159545800, -1.047841116697492100, 78.26987361524264500 ) ) ;
#1528 = DIRECTION ( 'NONE',  ( 0.0000000000000000000, 1.000000000000000000, 0.0000000000000000000 ) ) ;
#1529 = CARTESIAN_POINT ( 'NONE',  ( 5.566735720084823300, 0.4999544664027813500, 91.59999999999999400 ) ) ;
#1530 = CARTESIAN_POINT ( 'NONE',  ( 2.434601569653649400, -1.245411522773622700, -91.59999999999998000 ) ) ;
#1531 = CARTESIAN_POINT ( 'NONE',  ( 6.158294465473434600, 0.3436141235815725600, 91.60000000000002300 ) ) ;
#1532 = CARTESIAN_POINT ( 'NONE',  ( 6.324820352809604500, -0.2677931760928932100, 91.59999999999998000 ) ) ;
#1533 = CARTESIAN_POINT ( 'NONE',  ( -7.123470285869204900, -2.426840238338845000, 78.31593008818033800 ) ) ;
#1534 = EDGE_CURVE ( 'NONE', #2009, #2919, #3297, .T. ) ;
#1535 = CARTESIAN_POINT ( 'NONE',  ( -5.497564486062443300, 1.407885015740916600, -0.1688646442637471200 ) ) ;
#1536 = CARTESIAN_POINT ( 'NONE',  ( -7.446539390988944800, 3.023102039866678100, -64.99999999999997200 ) ) ;
#1537 = CARTESIAN_POINT ( 'NONE',  ( 6.544878779451744700, 2.054607114753219700, 75.63769092028184100 ) ) ;
#1538 = CIRCLE ( 'NONE', #1436, 5.500000000000000000 ) ;
#1539 = CARTESIAN_POINT ( 'NONE',  ( 6.592880482700737200, 0.7839195207360785100, 70.32584826533945900 ) ) ;
#1540 = DIRECTION ( 'NONE',  ( -0.8689539937079592300, -0.4948928740838647900, -0.0000000000000000000 ) ) ;
#1541 = CARTESIAN_POINT ( 'NONE',  ( -8.336743089638499500, -1.271097987354326200, 67.59431797477203900 ) ) ;
#1542 = EDGE_LOOP ( 'NONE', ( #2463, #3730, #1007, #1960, #1620, #735, #4675, #4510 ) ) ;
#1543 = CARTESIAN_POINT ( 'NONE',  ( 10.46380385298803100, -2.796161992501015700, -64.99999999999997200 ) ) ;
#1544 = CARTESIAN_POINT ( 'NONE',  ( 5.500000000000000000, -3.500000000000000000, -101.5999999999999900 ) ) ;
#1545 = CARTESIAN_POINT ( 'NONE',  ( 12.09954266404917400, -3.354300193386678100, -67.55824085790254700 ) ) ;
#1546 = CARTESIAN_POINT ( 'NONE',  ( -5.285901998916067200, -2.961531500974945000, 1.539376868236037600 ) ) ;
#1547 = CARTESIAN_POINT ( 'NONE',  ( 7.107083873906442600, 1.231356522517754500, 81.08934976443546800 ) ) ;
#1548 = CARTESIAN_POINT ( 'NONE',  ( -2.280454307790498600, -1.495465957731330300, 84.95608939894405900 ) ) ;
#1549 = CARTESIAN_POINT ( 'NONE',  ( -5.499963248186062100, 1.485941119275866300, -0.02273467613381275100 ) ) ;
#1550 = CARTESIAN_POINT ( 'NONE',  ( 8.813313340328031500, 0.06572055313576348500, -35.00000000000000000 ) ) ;
#1551 = CARTESIAN_POINT ( 'NONE',  ( 6.177408706829849500, 2.060235033420366500, 75.55554089358226100 ) ) ;
#1552 = CARTESIAN_POINT ( 'NONE',  ( 6.140405924411030700, -0.1181606605825551200, 80.96304575654133400 ) ) ;
#1553 = CARTESIAN_POINT ( 'NONE',  ( -2.786977730623259000, -2.681073800383639000, 97.60811776492849400 ) ) ;
#1554 = CARTESIAN_POINT ( 'NONE',  ( -7.266722016811225900, 1.195256904456912400, 43.18094544173991500 ) ) ;
#1555 = CARTESIAN_POINT ( 'NONE',  ( -8.731806536235417600, -1.485620247608861800, 67.57677729352649000 ) ) ;
#1556 = B_SPLINE_SURFACE_WITH_KNOTS ( 'NONE', 5, 5, ( 
 ( #766, #1580, #4488, #334, #3215, #3262 ),
 ( #2795, #5318, #3199, #1565, #4435, #748 ),
 ( #4007, #2415, #734, #4037, #1971, #2780 ),
 ( #1984, #4869, #4888, #3606, #5273, #4853 ),
 ( #2397, #1614, #5287, #2809, #321, #2845 ),
 ( #4051, #353, #3229, #3636, #383, #4422 ),
 ( #1184, #1958, #4837, #2021, #1597, #2002 ),
 ( #2380, #5301, #367, #3247, #1154, #3594 ),
 ( #4021, #2366, #784, #3650, #4070, #4903 ),
 ( #2430, #4938, #5336, #3323, #3303, #2448 ),
 ( #2866, #4565, #456, #2039, #2056, #3705 ),
 ( #2114, #4087, #402, #4923, #2094, #2482 ),
 ( #1684, #42, #3284, #4999, #2885, #3688 ),
 ( #1236, #4106, #1631, #855, #2467, #4954 ),
 ( #802, #3723, #3745, #26, #2923, #817 ),
 ( #1646, #4504, #1665, #3341, #4583, #837 ),
 ( #877, #2522, #4122, #6, #4526, #4545 ),
 ( #2901, #437, #420, #1271, #1290, #4163 ),
 ( #1219, #4145, #2075, #1704, #1254, #4976 ),
 ( #2501, #60, #2942, #477, #3667, #2961 ),
 ( #512, #3357, #4223, #2541, #4201, #496 ),
 ( #3803, #121, #2559, #3376, #5039, #2577 ),
 ( #914, #99, #5062, #1347, #3783, #3766 ),
 ( #5021, #1329, #1741, #80, #3392, #1721 ),
 ( #4620, #2152, #2979, #2999, #1761, #4640 ),
 ( #2170, #934, #533, #3411, #953, #896 ),
 ( #1309, #4182, #4603, #2131, #3657, #4929 ),
 ( #1654, #3271, #410, #809, #5309, #2029 ),
 ( #3643, #2874, #4112, #360, #374, #4913 ),
 ( #5295, #2816, #1993, #5343, #4535, #3713 ),
 ( #2457, #4078, #2834, #2063, #845, #3293 ),
 ( #4894, #2423, #2406, #1638, #3254, #3677 ),
 ( #4880, #826, #4947, #5327, #1226, #1208 ),
 ( #3695, #4462, #3239, #2855, #2439, #773 ),
 ( #4095, #4060, #1191, #793, #4513, #1622 ),
 ( #4496, #1261, #2048, #391, #1245, #1606 ),
 ( #2473, #4477, #15, #2892, #427, #3313 ),
 ( #4132, #2011, #2141, #1750, #1693, #4190 ),
 ( #4611, #504, #2122, #5009, #2532, #4574 ),
 ( #2567, #2550, #109, #486, #50, #2951 ),
 ( #886, #2932, #905, #4630, #90, #4987 ),
 ( #1281, #2510, #4173, #2104, #1732, #446 ),
 ( #3756, #466, #4593, #2160, #2969, #3384 ),
 ( #5030, #3349, #924, #3793, #1338, #4153 ),
 ( #1298, #5050, #2989, #4213, #1711, #522 ),
 ( #3400, #3366, #943, #3775, #69, #1320 ),
 ( #3813, #1357, #1672, #4553, #2084, #4963 ),
 ( #2491, #34, #2911, #3331, #865, #3732 ),
 ( #2260, #5135, #3481, #546, #208, #986 ),
 ( #4233, #4674, #2202, #2181, #1421, #3034 ),
 ( #4296, #1772, #2649, #1850, #5114, #587 ),
 ( #567, #5095, #5072, #2633, #1437, #2669 ),
 ( #4729, #1026, #3090, #2225, #3445, #1379 ),
 ( #5153, #3055, #3465, #3853, #1832, #3892 ),
 ( #4714, #4649, #2243, #174, #624, #1401 ),
 ( #3499, #1811, #192, #4311, #4253, #3073 ),
 ( #606, #1043, #4694, #1006, #3873, #1790 ),
 ( #3913, #2590, #131, #3010, #2612, #3422 ),
 ( #4275, #153, #966, #3832, #5278, #4764 ),
 ( #5186, #1062, #2294, #3945, #1475, #1572 ),
 ( #1977, #658, #4347, #4363, #1585, #2385 ),
 ( #4876, #2706, #2800, #2786, #3124, #1881 ),
 ( #340, #3928, #1458, #4440, #3533, #1190 ),
 ( #1078, #642, #245, #3518, #4026, #1490 ),
 ( #3220, #1898, #754, #1171, #2688, #4781 ),
 ( #3641, #2276, #5171, #4329, #3626, #4457 ),
 ( #3610, #4861, #2372, #5264, #4043, #3234 ),
 ( #1990, #2403, #5292, #771, #1867, #229 ),
 ( #326, #3205, #4750, #2814, #358, #740 ),
 ( #1158, #3105, #4057, #5307, #4927, #1637 ),
 ( #4946, #409, #3655, #2830, #2026, #1243 ),
 ( #1670, #2871, #3290, #388, #4110, #842 ),
 ( #1651, #4476, #4533, #2046, #4959, #807 ),
 ( #3729, #1205, #3269, #443, #4076, #4909 ),
 ( #3673, #2060, #1603, #2890, #1619, #1224 ),
 ( #3252, #4128, #4509, #2454, #12, #4494 ),
 ( #2472, #4092, #2083, #5341, #824, #372 ),
 ( #3693, #425, #3310, #3711, #1259, #863 ),
 ( #2435, #4550, #4893, #2421, #2489, #32 ),
 ( #2908, #5324, #3329, #2008, #790, #2852 ),
 ( #5046, #3753, #1278, #1336, #2949, #963 ),
 ( #3810, #88, #2565, #2967, #2120, #4188 ),
 ( #463, #106, #941, #2508, #2530, #1729 ),
 ( #2100, #4985, #4151, #2158, #1354, #543 ),
 ( #1747, #902, #5007, #4231, #3005, #2987 ),
 ( #4210, #3419, #1691, #48, #66, #3347 ),
 ( #4572, #4628, #1770, #502, #519, #883 ),
 ( #1709, #2929, #2138, #4646, #5069, #3772 ),
 ( #3398, #128, #4609, #484, #1296, #5027 ),
 ( #3381, #921, #3363, #3790, #2177, #2586 ),
 ( #4171, #4589, #2547, #1318, #584, #3463 ),
 ( #1419, #4309, #3909, #3850, #1024, #2273 ),
 ( #2667, #4292, #1829, #4712, #1397, #2241 ),
 ( #4726, #4747, #2647, #2222, #3890, #563 ),
 ( #1433, #3071, #1455, #2258, #1807, #4250 ),
 ( #3442, #4691, #1004, #4270, #1848, #2609 ),
 ( #3052, #4669, #2199, #5168, #5132, #190 ),
 ( #5112, #5151, #602, #171, #2630, #639 ),
 ( #982, #3828, #206, #3871, #3516, #3479 ),
 ( #3030, #3087, #622, #3496, #1040, #148 ),
 ( #4327, #1864, #2685, #5092, #226, #3103 ),
 ( #1374, #1787, #655, #2291, #4809, #2738 ),
 ( #1928, #294, #2702, #2354, #3530, #242 ),
 ( #1472, #1488, #4345, #3563, #5200, #5214 ),
 ( #3926, #2338, #3990, #1911, #277, #263 ),
 ( #2749, #1058, #5183, #4795, #3959, #1879 ),
 ( #3156, #1075, #3121, #4360, #1108, #3138 ),
 ( #674, #3185, #3975, #3546, #1521, #3942 ),
 ( #1536, #1896, #705, #1942, #1093, #689 ),
 ( #4406, #1502, #4391, #1125, #4779, #5227 ),
 ( #3169, #4761, #3580, #2305, #4375, #2719 ),
 ( #4823, #5241, #2765, #2322, #307, #717 ),
 ( #4847, #4465, #1604, #4126, #2044, #10 ),
 ( #2470, #1668, #1649, #1689, #406, #2098 ),
 ( #4530, #4548, #1707, #2506, #46, #1315 ),
 ( #2888, #881, #2927, #4570, #4108, #461 ),
 ( #4587, #2118, #4982, #840, #3345, #2079 ),
 ( #441, #3750, #3327, #423, #4957, #3361 ),
 ( #2487, #1294, #482, #2906, #4169, #5005 ),
 ( #2947, #4925, #1241, #2869, #2527, #860 ),
 ( #64, #900, #3287, #3770, #2058, #822 ),
 ( #1635, #4507, #2452, #5339, #3307, #3691 ),
 ( #4944, #3709, #1257, #3727, #30, #1276 ),
 ( #4149, #85, #5067, #1767, #5025, #5089 ),
 ( #3788, #2965, #2156, #1372, #939, #3003 ),
 ( #1001, #1785, #1352, #4248, #919, #561 ),
 ( #500, #3847, #5110, #3808, #3826, #1745 ),
 ( #4644, #4665, #4268, #4206, #2197, #2628 ),
 ( #3028, #2175, #2584, #126, #4626, #540 ),
 ( #2607, #169, #3417, #2563, #146, #1334 ),
 ( #3440, #3379, #3050, #582, #4229, #4607 ),
 ( #980, #960, #517, #1395, #3869, #2136 ),
 ( #3396, #2545, #5044, #3461, #1805, #4689 ),
 ( #104, #2219, #4186, #1727, #2984, #1470 ),
 ( #3069, #1417, #1452, #4307, #4290, #2664 ),
 ( #188, #1846, #600, #4325, #5149, #3477 ),
 ( #1022, #2271, #3101, #5129, #4724, #205 ),
 ( #4341, #4710, #3887, #2645, #5166, #3494 ),
 ( #4745, #2683, #1431, #1827, #2256, #3085 ),
 ( #621, #1038, #3907, #1862, #222, #637 ),
 ( #2239, #3514, #1056, #3924, #4285, #1801 ),
 ( #3024, #534, #3457, #5145, #1034, #5106 ),
 ( #4721, #1447, #579, #4263, #5083, #998 ),
 ( #1412, #1821, #4685, #5124, #2252, #2658 ),
 ( #3000, #2641, #3864, #3489, #2214, #2623 ),
 ( #2602, #164, #4320, #2192, #556, #3435 ),
 ( #182, #122, #1428, #140, #3044, #976 ),
 ( #201, #4704, #2235, #3883, #3064, #595 ),
 ( #1017, #3473, #4303, #3842, #3412, #4244 ),
 ( #1841, #3082, #616, #3902, #1858, #4739 ),
 ( #1390, #2267, #955, #3823, #2578, #1367 ),
 ( #1782, #4661, #1086, #1483, #5179, #1937 ),
 ( #2284, #5161, #5209, #4355, #4817, #2715 ),
 ( #4337, #3936, #1874, #2315, #2301, #1466 ),
 ( #4756, #3555, #4804, #1051, #1070, #256 ),
 ( #632, #3509, #2679, #685, #5222, #4401 ),
 ( #272, #4774, #3525, #2331, #1889, #4789 ),
 ( #650, #2730, #217, #3098, #3920, #5194 ),
 ( #3133, #2696, #3148, #2745, #3954, #4385 ),
 ( #666, #237, #3112, #3541, #287, #3575 ),
 ( #3165, #1921, #3985, #1497, #4370, #1906 ),
 ( #1103, #3968, #1515, #698, #1119, #1530 ),
 ( #2818, #1137, #1995, #3241, #1966, #1980 ),
 ( #362, #5267, #2803, #2408, #2362, #4864 ),
 ( #5282, #5234, #1175, #4831, #4846, #316 ),
 ( #5297, #2790, #329, #3630, #1575, #2374 ),
 ( #759, #345, #3222, #2773, #2759, #3999 ),
 ( #3208, #4046, #4030, #4017, #4444, #4479 ),
 ( #3194, #1559, #3179, #713, #775, #3614 ),
 ( #3645, #727, #1589, #1161, #4431, #5251 ),
 ( #4464, #3602, #2348, #2389, #743, #2013 ),
 ( #4882, #1193, #4062, #1608, #1149, #303 ),
 ( #3587, #1545, #4416, #1951, #831, #3717 ),
 ( #4539, #870, #2837, #4498, #795, #3318 ),
 ( #2916, #431, #4136, #1211, #3737, #2031 ),
 ( #1697, #5311, #5330, #376, #2067, #3681 ),
 ( #4950, #2425, #849, #2495, #414, #1248 ),
 ( #395, #1265, #4896, #3659, #3296, #2461 ),
 ( #36, #1676, #1286, #2878, #1229, #4916 ),
 ( #450, #3698, #4116, #4099, #2477, #4558 ),
 ( #19, #3256, #2894, #1658, #3336, #1641 ),
 ( #4158, #5347, #2088, #4968, #2441, #4577 ),
 ( #4081, #1624, #2859, #3275, #812, #4517 ),
 ( #2051, #4932, #3015, #929, #491, #4635 ),
 ( #1794, #2165, #3353, #550, #3427, #4616 ),
 ( #3371, #1716, #2956, #2146, #2126, #5054 ),
 ( #2572, #1324, #5014, #5035, #2186, #2994 ),
 ( #2109, #114, #910, #1362, #3405, #527 ),
 ( #947, #2536, #5077, #2595, #3818, #4195 ),
 ( #2555, #4654, #3798, #4238, #1343, #3779 ),
 ( #3837, #4598, #95, #1776, #971, #3388 ),
 ( #1755, #1384, #55, #74, #891, #135 ),
 ( #4258, #4992, #2515, #3761, #2936, #1737 ),
 ( #471, #1303, #2974, #4176, #508, #4218 ),
 ( #4733, #2207, #212, #2280, #197, #1030 ),
 ( #178, #1047, #4680, #573, #3078, #2247 ),
 ( #3094, #3897, #4279, #3452, #2637, #1854 ),
 ( #3485, #1424, #1478, #2263, #1836, #5156 ),
 ( #3917, #5175, #991, #4333, #234, #4299 ),
 ( #2230, #2692, #5141, #2675, #4753, #4698 ),
 ( #3108, #628, #3503, #2653, #610, #1443 ),
 ( #3857, #646, #4316, #1463, #1870, #3522 ),
 ( #5119, #1066, #3932, #4351, #3059, #5100 ),
 ( #2618, #158, #3039, #1405, #1011, #1816 ) ),
 .UNSPECIFIED., .F., .F., .F.,
 ( 6, 3, 3, 1, 3, 3, 3, 3, 4, 3, 3, 3, 3, 3, 3, 3, 3, 3, 3, 3, 3, 3, 3, 3, 3, 3, 3, 3, 3, 3, 3, 3, 3, 3, 3, 3, 3, 3, 3, 3, 3, 2, 4, 3, 3, 3, 3, 3, 3, 3, 2, 3, 4, 3, 3, 3, 4, 3, 3, 3, 3, 3, 3, 3, 3, 3, 3, 6 ),
 ( 6, 6 ),
 ( 0.0000000000000000000, 0.001143221307158447400, 0.002286442614316894700, 0.009145770457267579000, 0.01829154091453515800, 0.03658308182907031600, 0.07316616365814063200, 0.1463323273162812600, 0.2926646546325625300, 0.2928596958542818400, 0.2934448195194397400, 0.2942249844063169500, 0.2957853141800713100, 0.2989059737275801000, 0.3051472928225976700, 0.3113886119176152400, 0.3145092714651240300, 0.3152894363520012400, 0.3156795187954398200, 0.3160696012388783900, 0.3176299310126328200, 0.3301125692026679600, 0.3363538882976855300, 0.3394745478451942600, 0.3404497539537907300, 0.3406447951755100500, 0.3408398363972293700, 0.3410348776189486800, 0.3425952073927030500, 0.3550778455827381400, 0.3613191646777557100, 0.3644398242252645000, 0.3660001539990188600, 0.3663902364424575000, 0.3667803188858960700, 0.3675604837727732800, 0.3738018028677908600, 0.3769224624152996400, 0.3800431219628084300, 0.3862844410578260000, 0.3894051006053347900, 0.3909654303790891500, 0.3925257601528435700, 0.3927070445572892200, 0.4389345676909319800, 0.4853433752290203800, 0.5781609903051971900, 0.6245697978432855900, 0.6709786053813739900, 0.7173874129194624000, 0.7405918166885066000, 0.7521940185730287000, 0.7637962204575506900, 0.7708236128448195900, 0.8200153595557027100, 0.8762344986538548300, 0.9886727768501588600, 0.9888497647118751300, 0.9893807282970239500, 0.9900886797438890300, 0.9911506069141866600, 0.9915045826376192000, 0.9929204855313493700, 0.9943363884250794300, 0.9964602427656745800, 0.9971681942125396600, 0.9985840971062698300, 1.000000000000000000 ),
 ( 0.0000000000000000000, 1.000000000000000000 ),
 .UNSPECIFIED. ) ;
#1557 = CARTESIAN_POINT ( 'NONE',  ( 9.475592860563770300, -2.524148729762156300, -70.35239488166720900 ) ) ;
#1558 = CARTESIAN_POINT ( 'NONE',  ( -0.2578722279359448300, -2.091461178630876500, -99.85288951088232100 ) ) ;
#1560 = VERTEX_POINT ( 'NONE', #273 ) ;
#1559 = CARTESIAN_POINT ( 'NONE',  ( 11.38597746386010100, -2.947407674057680400, -67.51214096324061100 ) ) ;
#1561 = CARTESIAN_POINT ( 'NONE',  ( -5.499921902384163500, -3.252158485179836000, 0.02950898033606895800 ) ) ;
#1562 = CARTESIAN_POINT ( 'NONE',  ( 7.111959786431945900, 2.320311472625807600, 75.88905113691208700 ) ) ;
#1563 = ORIENTED_EDGE ( 'NONE', *, *, #2442, .T. ) ;
#1564 = CARTESIAN_POINT ( 'NONE',  ( 0.4861509506967343100, 2.597976161845658700, -34.99999999999999300 ) ) ;
#1565 = CARTESIAN_POINT ( 'NONE',  ( 2.583978863396210600, -0.7965168315056281300, -78.31259398398344700 ) ) ;
#1566 = CC_DESIGN_PERSON_AND_ORGANIZATION_ASSIGNMENT ( #1200, #3141, ( #3429 ) ) ;
#1567 = EDGE_LOOP ( 'NONE', ( #1179, #861, #2722, #3210, #3900, #1748 ) ) ;
#1568 = CARTESIAN_POINT ( 'NONE',  ( 6.651871276185367800, 0.7784697272294401900, 70.33122065485262900 ) ) ;
#1569 = CARTESIAN_POINT ( 'NONE',  ( 0.0000000000000000000, -3.500000000000000000, -5.500000000000000000 ) ) ;
#1570 = CARTESIAN_POINT ( 'NONE',  ( -12.96936919485861300, -2.969610173496467300, 35.00000000000000000 ) ) ;
#1571 = CARTESIAN_POINT ( 'NONE',  ( -4.510032478501768700, -1.393732167215711200, 84.91715898738603100 ) ) ;
#1572 = CARTESIAN_POINT ( 'NONE',  ( -6.086206777123063500, -0.7969271835119912100, -91.59999999999968200 ) ) ;
#1573 = ORIENTED_EDGE ( 'NONE', *, *, #3493, .F. ) ;
#1574 = CARTESIAN_POINT ( 'NONE',  ( 8.615030532364153600, -2.959888994877042800, -78.31645663504215800 ) ) ;
#1575 = CARTESIAN_POINT ( 'NONE',  ( 6.094951919788750900, -2.067885513823218600, -84.89350769906204200 ) ) ;
#1576 = CARTESIAN_POINT ( 'NONE',  ( -1.807403084925898600, 0.3279063277462635500, 5.207596178271328000 ) ) ;
#1577 = CARTESIAN_POINT ( 'NONE',  ( 6.984957542054771400, 1.399935842589649100, 81.08498772180637100 ) ) ;
#1578 = CARTESIAN_POINT ( 'NONE',  ( 0.0000000000000000000, 3.500000000000000000, 0.0000000000000000000 ) ) ;
#1579 = CARTESIAN_POINT ( 'NONE',  ( -7.062499999999925400, 4.375000000000001800, -55.01473523173899600 ) ) ;
#1580 = CARTESIAN_POINT ( 'NONE',  ( 3.987009998229922700, -0.07922085577355937600, -67.67033712664007800 ) ) ;
#1581 = CARTESIAN_POINT ( 'NONE',  ( 5.929178605221165900, -0.9109617970203784900, 91.59999999999976700 ) ) ;
#1582 = CARTESIAN_POINT ( 'NONE',  ( -3.320785158278384900, -2.780127480640186100, 97.37007836625018300 ) ) ;
#1583 = CARTESIAN_POINT ( 'NONE',  ( -13.41013580006597300, -3.291519326522031700, 35.00000000000000000 ) ) ;
#1584 = CARTESIAN_POINT ( 'NONE',  ( -6.503735676190431500, -1.535260115693807000, 78.21677729352646200 ) ) ;
#1585 = CARTESIAN_POINT ( 'NONE',  ( -6.636150707505120000, -0.1552963716024248500, -86.33248244236638400 ) ) ;
#1586 = EDGE_CURVE ( 'NONE', #2899, #2041, #2588, .T. ) ;
#1587 = CARTESIAN_POINT ( 'NONE',  ( 1.190147867526198500, -1.911408412262552500, -91.59999999999999400 ) ) ;
#1588 = CARTESIAN_POINT ( 'NONE',  ( 8.472911638776375700, 3.713797404061414100, 34.99999999999998600 ) ) ;
#1589 = CARTESIAN_POINT ( 'NONE',  ( 12.06950401026627900, -3.400444960255726700, -70.11601321798120500 ) ) ;
#1590 = CARTESIAN_POINT ( 'NONE',  ( -11.74014435581564400, -2.631281765846673200, 40.65278751463463200 ) ) ;
#1591 = APPROVAL_DATE_TIME ( #1722, #4974 ) ;
#1592 = ADVANCED_FACE ( 'NONE', ( #5298 ), #1474, .T. ) ;
#1593 = DIRECTION ( 'NONE',  ( 0.0000000000000000000, -0.0000000000000000000, 1.000000000000000000 ) ) ;
#1594 = CARTESIAN_POINT ( 'NONE',  ( 6.314062575381711000, -0.1014868578897044900, 91.60000000000002300 ) ) ;
#1595 = CARTESIAN_POINT ( 'NONE',  ( 6.751226088784453500, -3.297705334542096800, -91.59999999999999400 ) ) ;
#1596 = CARTESIAN_POINT ( 'NONE',  ( -8.511490851541692500, 3.778267773706527800, -45.05631431729104700 ) ) ;
#1597 = CARTESIAN_POINT ( 'NONE',  ( 1.524958185466646500, -1.261291078911410200, -84.96418725079072900 ) ) ;
#1598 = FACE_OUTER_BOUND ( 'NONE', #279, .T. ) ;
#1599 = CARTESIAN_POINT ( 'NONE',  ( 6.932533860554155300, 0.3549753044369269300, 75.70676095495193200 ) ) ;
#1600 = CARTESIAN_POINT ( 'NONE',  ( -3.808764071486309400, 0.1250870961561772700, -6.462173173609989400 ) ) ;
#1601 = CARTESIAN_POINT ( 'NONE',  ( -13.36243348000059700, -3.501910596087584700, 40.00311407325270400 ) ) ;
#1602 = CARTESIAN_POINT ( 'NONE',  ( -12.13614637825615400, -3.293025317545518000, 65.00000000000000000 ) ) ;
#1603 = CARTESIAN_POINT ( 'NONE',  ( -7.126132036583678400, 2.313221918943848500, -75.88993219447084500 ) ) ;
#1604 = CARTESIAN_POINT ( 'NONE',  ( -6.475679606003765800, 2.114039807575883500, -75.72088057688313300 ) ) ;
#1605 = DIRECTION ( 'NONE',  ( 0.0000000000000000000, 0.0000000000000000000, -1.000000000000000000 ) ) ;
#1606 = CARTESIAN_POINT ( 'NONE',  ( -5.629688834737411400, -0.9980255190178704000, -91.59999999999993700 ) ) ;
#1607 = CARTESIAN_POINT ( 'NONE',  ( -10.32062157405203400, -1.831970258777327400, 23.15442164759888800 ) ) ;
#1608 = CARTESIAN_POINT ( 'NONE',  ( 10.29171909380458600, -3.356530006669240500, -78.19803802298280000 ) ) ;
#1609 = CARTESIAN_POINT ( 'NONE',  ( -2.728406566673180900, 1.271011514644623300, 54.23187544343253600 ) ) ;
#1610 = CARTESIAN_POINT ( 'NONE',  ( -5.398300088980041900, -3.065548844884101100, 1.060103803918998700 ) ) ;
#1611 = CARTESIAN_POINT ( 'NONE',  ( 6.502749126608038400, 2.260796333787532300, 75.78857016844418100 ) ) ;
#1612 = CARTESIAN_POINT ( 'NONE',  ( -3.936494959300416600, -0.1933102078443929300, 70.34135006407326800 ) ) ;
#1613 = CARTESIAN_POINT ( 'NONE',  ( -7.627423708357715900, 2.884069422438128200, -65.00000000000001400 ) ) ;
#1614 = CARTESIAN_POINT ( 'NONE',  ( 3.951900877071023100, -0.06423741917270404900, -67.68161502529865500 ) ) ;
#1615 = CARTESIAN_POINT ( 'NONE',  ( 5.650324346522995500, -0.9963514374856179400, 91.59999999999992300 ) ) ;
#1616 = DIRECTION ( 'NONE',  ( -1.000000000000000000, 0.0000000000000000000, 0.0000000000000000000 ) ) ;
#1617 = CARTESIAN_POINT ( 'NONE',  ( -10.25828859273808300, -1.658266611398802700, 52.93096387290636100 ) ) ;
#1618 = CARTESIAN_POINT ( 'NONE',  ( -11.95115759503744500, -3.513849097385651100, 70.12421495472344200 ) ) ;
#1619 = CARTESIAN_POINT ( 'NONE',  ( -6.722116489761791800, 0.4656582753731132200, -86.34478579698331700 ) ) ;
#1620 = ORIENTED_EDGE ( 'NONE', *, *, #1766, .F. ) ;
#1621 = CARTESIAN_POINT ( 'NONE',  ( 7.062499999999925400, 4.375000000000001800, 55.01473523173899600 ) ) ;
#1622 = CARTESIAN_POINT ( 'NONE',  ( -5.622819114621520100, -0.9985021857482939700, -91.59999999999993700 ) ) ;
#1623 = CARTESIAN_POINT ( 'NONE',  ( -4.201794849009997900, -2.927145452471276800, 24.24837447618146800 ) ) ;
#1624 = CARTESIAN_POINT ( 'NONE',  ( 12.08198841530765000, -3.415545570737652100, -67.56723080569810200 ) ) ;
#1625 = EDGE_CURVE ( 'NONE', #4844, #296, #1377, .T. ) ;
#1626 = LINE ( 'NONE', #4917, #535 ) ;
#1627 = CARTESIAN_POINT ( 'NONE',  ( 5.500000000000000000, -3.500000000000000000, -101.5999999999999900 ) ) ;
#1628 = CARTESIAN_POINT ( 'NONE',  ( 6.114482050908494900, 0.2696579355849730300, 91.60000000000026400 ) ) ;
#1629 = CARTESIAN_POINT ( 'NONE',  ( -1.378307846065301800, 2.414775042353970700, 0.0000000000000000000 ) ) ;
#1630 = CARTESIAN_POINT ( 'NONE',  ( -3.941059927580680800, 1.638235923333909400, -65.00000000000005700 ) ) ;
#1631 = CARTESIAN_POINT ( 'NONE',  ( 3.027929283534118700, 0.1514627372581398000, -70.91410312602917500 ) ) ;
#1632 = CIRCLE ( 'NONE', #5312, 5.500000000000000000 ) ;
#1633 = CARTESIAN_POINT ( 'NONE',  ( 6.973453198431170300, 1.262225913396016800, 64.99999999999998600 ) ) ;
#1634 = CARTESIAN_POINT ( 'NONE',  ( 5.210932498510612000, -3.429072555626031500, -23.94381333070548500 ) ) ;
#1635 = CARTESIAN_POINT ( 'NONE',  ( -6.906085064837651700, 3.245722201704868600, -65.00000000000000000 ) ) ;
#1636 = CARTESIAN_POINT ( 'NONE',  ( -8.968562126486977700, -3.363659482820444700, 84.90054197099397000 ) ) ;
#1637 = CARTESIAN_POINT ( 'NONE',  ( -6.322256373933972100, -0.3158474349950853900, -91.59999999999993700 ) ) ;
#1638 = CARTESIAN_POINT ( 'NONE',  ( -6.166999980417624100, -0.1203858579863107500, -80.96584826533941700 ) ) ;
#1639 = CARTESIAN_POINT ( 'NONE',  ( -3.929616587110299300, -0.1904210394183396300, 70.34586690625101800 ) ) ;
#1640 = CARTESIAN_POINT ( 'NONE',  ( 5.401643454997826900, 2.056579181121865200, 0.0000000000000000000 ) ) ;
#1641 = CARTESIAN_POINT ( 'NONE',  ( 7.656413022509625000, -3.342158639948342300, -91.60000000000000900 ) ) ;
#1642 = CARTESIAN_POINT ( 'NONE',  ( 3.275973055709789300, -2.206130419742017500, -97.62043125803933200 ) ) ;
#1643 = CARTESIAN_POINT ( 'NONE',  ( 6.102813215309161900, 0.2814837495404421400, 91.60000000000026400 ) ) ;
#1644 = CARTESIAN_POINT ( 'NONE',  ( 5.508302296235711100, -3.199822055969844900, -0.0000000000000000000 ) ) ;
#1645 = DIRECTION ( 'NONE',  ( -0.9703053751617990400, 0.2418831927441851500, 0.0000000000000000000 ) ) ;
#1646 = CARTESIAN_POINT ( 'NONE',  ( 2.363803043902819500, 0.6939293055735059600, -65.00000000000001400 ) ) ;
#1647 = CARTESIAN_POINT ( 'NONE',  ( 5.903003819886094100, -0.9244383766664797700, 91.59999999999979500 ) ) ;
#1648 = CARTESIAN_POINT ( 'NONE',  ( 5.225223840640141200, -3.429184591355484400, -1.716693279303529000 ) ) ;
#1649 = CARTESIAN_POINT ( 'NONE',  ( -6.476921690988590700, 2.107954231667514400, -75.71734380613284500 ) ) ;
#1650 = CARTESIAN_POINT ( 'NONE',  ( -7.630685622927794400, -3.316829817236568400, 91.59999999999999400 ) ) ;
#1651 = CARTESIAN_POINT ( 'NONE',  ( -7.795588306342452300, 2.066738329282708200, -65.00000000000002800 ) ) ;
#1652 = VECTOR ( 'NONE', #1645, 999.9999999999998900 ) ;
#1653 = DIRECTION ( 'NONE',  ( 0.0000000000000000000, 1.000000000000000000, 0.0000000000000000000 ) ) ;
#1654 = CARTESIAN_POINT ( 'NONE',  ( -6.634419581709220600, 1.265972706267507500, -65.00000000000000000 ) ) ;
#1655 = CARTESIAN_POINT ( 'NONE',  ( -2.577751611685559200, -0.7942670375992503300, 78.31485012061081400 ) ) ;
#1656 = CARTESIAN_POINT ( 'NONE',  ( 3.630623878870445700, 3.153323766124595600, 34.99999999999997200 ) ) ;
#1657 = CARTESIAN_POINT ( 'NONE',  ( 1.960588517315774400, 2.604610318927721700, 0.0000000000000000000 ) ) ;
#1658 = CARTESIAN_POINT ( 'NONE',  ( 10.28488487955921100, -3.410728668850930400, -78.20360674686470800 ) ) ;
#1659 = CARTESIAN_POINT ( 'NONE',  ( -6.282735820929575600, 0.4417012794083412500, 35.00000000000000000 ) ) ;
#1660 = CARTESIAN_POINT ( 'NONE',  ( 5.500000000000000000, -3.500000000000000000, -101.5999999999999900 ) ) ;
#1661 = CARTESIAN_POINT ( 'NONE',  ( 6.549883099626172500, 1.603059247592111500, 81.04409992298963100 ) ) ;
#1662 = CARTESIAN_POINT ( 'NONE',  ( 2.649311318998816700, -0.6477401337526967900, -19.61580784746437800 ) ) ;
#1663 = APPROVAL ( #1915, 'UNSPECIFIED' ) ;
#1664 = CARTESIAN_POINT ( 'NONE',  ( -4.905262923823018500, -0.09214121221553189800, -98.33504544664333500 ) ) ;
#1665 = CARTESIAN_POINT ( 'NONE',  ( 2.316639603144688300, 0.3892316496010324600, -71.34784493958852600 ) ) ;
#1666 = CARTESIAN_POINT ( 'NONE',  ( 7.305889680454702000, 1.381900189330330400, 65.00000000000000000 ) ) ;
#1667 = CARTESIAN_POINT ( 'NONE',  ( -4.637581098712199300, 0.3050256012237314000, -5.765207112172456400 ) ) ;
#1668 = CARTESIAN_POINT ( 'NONE',  ( -6.901103914158494700, 2.654311310581519900, -70.36319266760054300 ) ) ;
#1669 = CARTESIAN_POINT ( 'NONE',  ( -12.09991086433530100, -3.362195327129340300, 67.55864013613963000 ) ) ;
#1670 = CARTESIAN_POINT ( 'NONE',  ( -7.794194789452899600, 2.059445417220787900, -65.00000000000002800 ) ) ;
#1671 = DIRECTION ( 'NONE',  ( 0.0000000000000000000, 0.0000000000000000000, 1.000000000000000000 ) ) ;
#1672 = CARTESIAN_POINT ( 'NONE',  ( -7.568115455234868200, 0.9473495702130605400, -75.81784345939784900 ) ) ;
#1673 = CARTESIAN_POINT ( 'NONE',  ( -0.3935618610650683000, 2.293300941164175400, -5.500000000000008900 ) ) ;
#1674 = CARTESIAN_POINT ( 'NONE',  ( 5.498464029802058000, -3.223514804799417100, -0.1336222005176074300 ) ) ;
#1675 = DIRECTION ( 'NONE',  ( 0.0000000000000000000, 0.0000000000000000000, -1.000000000000000000 ) ) ;
#1676 = CARTESIAN_POINT ( 'NONE',  ( 12.09611422610452500, -3.391049202607356900, -67.56108394198794500 ) ) ;
#1677 = CARTESIAN_POINT ( 'NONE',  ( 0.4593692119610436300, 1.677043496898074700, 73.43815069250250400 ) ) ;
#1678 = CARTESIAN_POINT ( 'NONE',  ( -4.698651986132983200, 0.4497704144956168300, 53.93139796452462800 ) ) ;
#1679 = CARTESIAN_POINT ( 'NONE',  ( 1.855223084407636900, -1.876771981872852300, -98.48528102659125200 ) ) ;
#1680 = CARTESIAN_POINT ( 'NONE',  ( 6.321547218145928700, 0.9461643315097270100, 86.32193368613218400 ) ) ;
#1681 = CARTESIAN_POINT ( 'NONE',  ( 3.457703102934874400, 3.253894066436547200, -35.00000000000000000 ) ) ;
#1682 = ORIENTED_EDGE ( 'NONE', *, *, #1586, .T. ) ;
#1683 = CARTESIAN_POINT ( 'NONE',  ( 2.199754458636715700, -1.863538655640830700, -5.071858964317655700 ) ) ;
#1684 = CARTESIAN_POINT ( 'NONE',  ( 3.223064492661988500, 0.3864088955523384800, -65.00000000000000000 ) ) ;
#1685 = CARTESIAN_POINT ( 'NONE',  ( 5.946645014171371800, -3.097134829492069300, -91.60000000000000900 ) ) ;
#1686 = ORIENTED_EDGE ( 'NONE', *, *, #2316, .F. ) ;
#1687 = CARTESIAN_POINT ( 'NONE',  ( 7.494276574226447900, 1.096134171162186800, 70.40484003620059600 ) ) ;
#1688 = CARTESIAN_POINT ( 'NONE',  ( -5.131428798358680200, 2.420568593374853100, 0.0000000000000000000 ) ) ;
#1689 = CARTESIAN_POINT ( 'NONE',  ( -6.328073274804474100, 1.580665595134529600, -81.00319266760062900 ) ) ;
#1690 = CARTESIAN_POINT ( 'NONE',  ( -12.16943688249379600, -3.327076894493239800, 65.00000000000000000 ) ) ;
#1691 = CARTESIAN_POINT ( 'NONE',  ( -6.904354598862813200, 2.396899441540767400, -75.87102676846659200 ) ) ;
#1692 = CARTESIAN_POINT ( 'NONE',  ( -5.500000000000000000, -3.500000000000000000, 101.5999999999999900 ) ) ;
#1693 = CARTESIAN_POINT ( 'NONE',  ( -5.998274292217069500, -0.5576799192053637500, -86.29064442941947300 ) ) ;
#1694 = CARTESIAN_POINT ( 'NONE',  ( 12.04282393643056700, -3.495300514531105100, -65.00000000000000000 ) ) ;
#1695 = CARTESIAN_POINT ( 'NONE',  ( 5.499854576771783200, -3.242047998893700100, -0.04071030436381234400 ) ) ;
#1696 = CARTESIAN_POINT ( 'NONE',  ( 6.751226088784453500, -3.297705334542096800, -91.59999999999999400 ) ) ;
#1697 = CARTESIAN_POINT ( 'NONE',  ( 12.14660437770483100, -3.300667120709090500, -65.00000000000000000 ) ) ;
#1698 = CARTESIAN_POINT ( 'NONE',  ( 0.6574063938439833600, 0.4554975546210587300, 85.46478663198408300 ) ) ;
#1699 = PRODUCT_DEFINITION ( 'UNKNOWN', '', #2232, #513 ) ;
#1700 = CARTESIAN_POINT ( 'NONE',  ( 5.500000000000000000, -3.500000000000000000, -101.5999999999999900 ) ) ;
#1701 = EDGE_LOOP ( 'NONE', ( #1448, #3113, #1573, #3675, #3884 ) ) ;
#1702 = CARTESIAN_POINT ( 'NONE',  ( 0.2134503257450141900, 1.498654073772275800, -11.18764369610210900 ) ) ;
#1703 = CARTESIAN_POINT ( 'NONE',  ( 6.624709192242344900, 1.267790952711550700, 65.00000000000000000 ) ) ;
#1704 = CARTESIAN_POINT ( 'NONE',  ( -0.3270887581609129300, -0.001666529067122918300, -79.34906233126453400 ) ) ;
#1705 = CARTESIAN_POINT ( 'NONE',  ( 4.374617301998518400, -2.998997767591870200, -97.03490050757930900 ) ) ;
#1706 = CARTESIAN_POINT ( 'NONE',  ( 6.549354633362690400, -0.2702313894043547000, 86.32610437984951100 ) ) ;
#1707 = CARTESIAN_POINT ( 'NONE',  ( -6.483144909201541900, 2.092968709196150200, -75.70687171689466800 ) ) ;
#1708 = CARTESIAN_POINT ( 'NONE',  ( -8.970380752774318000, -3.389904122731395700, 84.90387242486120600 ) ) ;
#1709 = CARTESIAN_POINT ( 'NONE',  ( -7.785933817405665800, 2.495533697805040400, -64.99999999999995700 ) ) ;
#1710 = CARTESIAN_POINT ( 'NONE',  ( -5.417448236387047100, -2.482231842833345400, 92.14071003057451000 ) ) ;
#1711 = CARTESIAN_POINT ( 'NONE',  ( -6.383019339102705000, -0.4215157709221767900, -86.31459341377328100 ) ) ;
#1712 = CARTESIAN_POINT ( 'NONE',  ( -3.936494959300416600, -0.1933102078443932600, 70.34135006407326800 ) ) ;
#1713 = CARTESIAN_POINT ( 'NONE',  ( 4.941079713719694200, -2.642467703344775700, -2.426544726305580400 ) ) ;
#1714 = CARTESIAN_POINT ( 'NONE',  ( 0.0000000000000000000, 3.500000000000000000, 0.0000000000000000000 ) ) ;
#1715 = CARTESIAN_POINT ( 'NONE',  ( -13.41771719429915600, -3.297056316320183800, 35.00000000000000000 ) ) ;
#1716 = CARTESIAN_POINT ( 'NONE',  ( 12.06962107777203000, -3.426772632153663300, -67.57365813640650700 ) ) ;
#1717 = CARTESIAN_POINT ( 'NONE',  ( 0.4303031582508657900, 0.4014669507882640500, 85.42212010025598100 ) ) ;
#1718 = CARTESIAN_POINT ( 'NONE',  ( 7.576290573974581800, -3.293550582068236500, -91.93936013234511500 ) ) ;
#1719 = DIRECTION ( 'NONE',  ( 0.0000000000000000000, 1.000000000000000000, -0.0000000000000000000 ) ) ;
#1720 = CARTESIAN_POINT ( 'NONE',  ( -3.500103634515409300, 0.3890674239539849100, -91.59999999999998000 ) ) ;
#1721 = CARTESIAN_POINT ( 'NONE',  ( -4.937842997241200600, -1.000000000000005100, -91.59999999999998000 ) ) ;
#1722 = DATE_AND_TIME ( #2804, #5319 ) ;
#1723 = CARTESIAN_POINT ( 'NONE',  ( 7.332061680609292000, -3.442499304570989100, -91.59999999999998000 ) ) ;
#1724 = B_SPLINE_CURVE_WITH_KNOTS ( 'NONE', 3,
 ( #155, #1834, #2228, #3467, #4696, #2245, #5138, #1028, #2991, #4651, #3815, #2651 ),
 .UNSPECIFIED., .F., .F.,
 ( 4, 2, 2, 2, 2, 4 ),
 ( 0.01232525779680860100, 0.01375487134208199700, 0.01518448488735539000, 0.01661409843262878800, 0.01732890520526548400, 0.01804371197790218000 ),
 .UNSPECIFIED. ) ;
#1725 = CARTESIAN_POINT ( 'NONE',  ( 7.611053167411868400, 1.090000917744527800, 75.83371176929703900 ) ) ;
#1726 = CARTESIAN_POINT ( 'NONE',  ( -4.438290311729540200, 2.735737333946335300, 0.0000000000000000000 ) ) ;
#1727 = CARTESIAN_POINT ( 'NONE',  ( -4.096002930801534000, 1.501954506270182200, -80.57432127443152600 ) ) ;
#1728 = CARTESIAN_POINT ( 'NONE',  ( -10.23649811095945100, -3.445186626622759100, 78.24260835014688100 ) ) ;
#1729 = CARTESIAN_POINT ( 'NONE',  ( -6.325112109241051600, -0.2501229010015084700, -91.59999999999998000 ) ) ;
#1730 = EDGE_CURVE ( 'NONE', #916, #1757, #5048, .T. ) ;
#1731 = CARTESIAN_POINT ( 'NONE',  ( -5.424495561112171200, -2.436013439694203700, 91.59999999999996600 ) ) ;
#1732 = CARTESIAN_POINT ( 'NONE',  ( -6.190382362147103000, -0.5173117446935735500, -86.30233181615834300 ) ) ;
#1733 = CARTESIAN_POINT ( 'NONE',  ( -2.315342084043631400, -0.7009816567022247900, 78.40921146435664500 ) ) ;
#1734 = CARTESIAN_POINT ( 'NONE',  ( 2.485879524328468400, -0.3409502216296218000, -4.919976306637082100 ) ) ;
#1735 = CARTESIAN_POINT ( 'NONE',  ( 5.500000000000000000, -3.500000000000000000, -101.5999999999999900 ) ) ;
#1736 = CARTESIAN_POINT ( 'NONE',  ( -13.36064268990514000, -3.490970175769123600, 34.99999999999999300 ) ) ;
#1737 = CARTESIAN_POINT ( 'NONE',  ( 7.652047974643293700, -3.463198621321495800, -91.60000000000003700 ) ) ;
#1738 = CARTESIAN_POINT ( 'NONE',  ( 3.893364622400897100, 3.101051363338989100, 65.00000000000000000 ) ) ;
#1739 = CARTESIAN_POINT ( 'NONE',  ( 5.314347337308381800, -3.451720834566145000, -23.95630204710258600 ) ) ;
#1740 = CARTESIAN_POINT ( 'NONE',  ( 4.958308303878621500, -2.803283262677633400, -96.97368021049730700 ) ) ;
#1741 = CARTESIAN_POINT ( 'NONE',  ( -5.422186433844844400, 0.6318281322102052800, -75.34834741916859000 ) ) ;
#1742 = CARTESIAN_POINT ( 'NONE',  ( 0.07395546124651723700, -1.862147600767278800, -93.61623552985697900 ) ) ;
#1743 = CARTESIAN_POINT ( 'NONE',  ( 6.547655246107862800, -0.2722398280421636800, 86.32598163442337100 ) ) ;
#1744 = CARTESIAN_POINT ( 'NONE',  ( -5.499983423329586800, 1.511335797240829200, 0.0000000000000000000 ) ) ;
#1745 = CARTESIAN_POINT ( 'NONE',  ( -5.565988433780144200, 0.4999462315252330400, -91.59999999999998000 ) ) ;
#1746 = CARTESIAN_POINT ( 'NONE',  ( -11.90726362579578400, -3.447092324581084300, 70.23855313287803900 ) ) ;
#1747 = CARTESIAN_POINT ( 'NONE',  ( -7.815085932604241700, 2.207721375224171600, -65.00000000000000000 ) ) ;
#1748 = ORIENTED_EDGE ( 'NONE', *, *, #1279, .T. ) ;
#1749 = CARTESIAN_POINT ( 'NONE',  ( -6.451009957655247500, -3.380820244756781900, 96.76943511553531600 ) ) ;
#1750 = CARTESIAN_POINT ( 'NONE',  ( -6.325522424406660300, -0.1214198515688798600, -80.98128885883903600 ) ) ;
#1751 = CARTESIAN_POINT ( 'NONE',  ( -1.542036801856625100, -1.266569315274540500, 84.96080751264931100 ) ) ;
#1752 = CARTESIAN_POINT ( 'NONE',  ( 5.440696670390790000, -3.104786526022111000, -0.8150359909623881000 ) ) ;
#1753 = CARTESIAN_POINT ( 'NONE',  ( -6.538145286987290000, -3.396775291034118000, 96.76968006617255500 ) ) ;
#1754 = CARTESIAN_POINT ( 'NONE',  ( -5.314347337308381800, -3.451720834566144500, 0.0000000000000000000 ) ) ;
#1755 = CARTESIAN_POINT ( 'NONE',  ( 12.16881461355006900, -3.447846360933811500, -65.00000000000001400 ) ) ;
#1756 = CARTESIAN_POINT ( 'NONE',  ( 5.436032888767121200, 2.063745169313767800, 75.36117411221459900 ) ) ;
#1757 = VERTEX_POINT ( 'NONE', #1823 ) ;
#1758 = CARTESIAN_POINT ( 'NONE',  ( 13.30936383028630100, -3.500815289903507700, -34.99999999999998600 ) ) ;
#1759 = CARTESIAN_POINT ( 'NONE',  ( 2.487189187078144400, -1.173076867064040100, 91.59999999999983800 ) ) ;
#1760 = CARTESIAN_POINT ( 'NONE',  ( 6.451009957655247500, -3.380820244756781900, -96.76943511553531600 ) ) ;
#1761 = CARTESIAN_POINT ( 'NONE',  ( -5.845549628002840100, -0.5570646902255138600, -86.28024563583517200 ) ) ;
#1762 = FACE_OUTER_BOUND ( 'NONE', #3237, .T. ) ;
#1763 = CARTESIAN_POINT ( 'NONE',  ( 7.477895013888527800, -3.478853459834970500, -91.59999999999998000 ) ) ;
#1764 = CARTESIAN_POINT ( 'NONE',  ( 6.710413380626542700, 0.001407349363945903400, 86.33853791945966800 ) ) ;
#1765 = CARTESIAN_POINT ( 'NONE',  ( -5.499615826245675800, 1.540237350613237200, -0.06700533601021989300 ) ) ;
#1766 = EDGE_CURVE ( 'NONE', #3450, #4207, #2139, .T. ) ;
#1767 = CARTESIAN_POINT ( 'NONE',  ( -6.193226557839322400, 1.550681834139615600, -80.96203413774398400 ) ) ;
#1768 = CIRCLE ( 'NONE', #3382, 17.99999999999999600 ) ;
#1769 = CARTESIAN_POINT ( 'NONE',  ( -12.18489663741198300, -3.401443045118024400, 65.00000000000000000 ) ) ;
#1770 = CARTESIAN_POINT ( 'NONE',  ( -6.830455607319101400, 2.401672315662577900, -75.86185827574406900 ) ) ;
#1771 = CARTESIAN_POINT ( 'NONE',  ( -5.500000000000000000, -3.500000000000000000, 101.5999999999999900 ) ) ;
#1772 = CARTESIAN_POINT ( 'NONE',  ( -7.547232425013168800, 1.157151344658460500, -70.41047695738592400 ) ) ;
#1773 = CARTESIAN_POINT ( 'NONE',  ( -1.559118594219715700, -1.271862688035383600, 84.95742506030539700 ) ) ;
#1774 = CARTESIAN_POINT ( 'NONE',  ( -2.105501622571343700, -1.283420647238255000, 93.14104977009940000 ) ) ;
#1775 = CARTESIAN_POINT ( 'NONE',  ( -5.274610528618672400, -3.449308689770564500, 0.0000000000000000000 ) ) ;
#1776 = CARTESIAN_POINT ( 'NONE',  ( 10.23649811095945100, -3.445186626622759100, -78.24260835014688100 ) ) ;
#1777 = CARTESIAN_POINT ( 'NONE',  ( -6.427923200429257000, -0.05403908331738876300, 65.00000000000000000 ) ) ;
#1778 = AXIS2_PLACEMENT_3D ( 'NONE', #5117, #3855, #2635 ) ;
#1779 = CARTESIAN_POINT ( 'NONE',  ( -5.500000000000000000, -3.500000000000000000, 101.5999999999999900 ) ) ;
#1780 = CARTESIAN_POINT ( 'NONE',  ( 6.534814610955791600, -3.502338782954979500, -96.76861869060842000 ) ) ;
#1781 = CARTESIAN_POINT ( 'NONE',  ( 7.585267802819307000, 2.881714694686961000, 64.99999999999997200 ) ) ;
#1782 = CARTESIAN_POINT ( 'NONE',  ( 6.641675357972213000, -0.1698116158812811000, -65.00000000000000000 ) ) ;
#1783 = CARTESIAN_POINT ( 'NONE',  ( 8.597266801069935100, 4.308727309818356900, 34.99999999999995000 ) ) ;
#1784 = CARTESIAN_POINT ( 'NONE',  ( 7.595367687778446200, 1.221003493014359600, 70.41581147553557700 ) ) ;
#1785 = CARTESIAN_POINT ( 'NONE',  ( -6.684607705690544900, 2.652298542386485500, -70.31884489512195600 ) ) ;
#1786 = CARTESIAN_POINT ( 'NONE',  ( -12.05071081851454400, -3.438653025691208200, 67.58958386454320100 ) ) ;
#1787 = CARTESIAN_POINT ( 'NONE',  ( -7.143837683376738700, 2.631524067894735400, -70.40269887043103800 ) ) ;
#1788 = CARTESIAN_POINT ( 'NONE',  ( 6.303020476477860800, 1.574316210526413700, 80.99687234300590400 ) ) ;
#1789 = CARTESIAN_POINT ( 'NONE',  ( -7.679627717177846900, -3.433820798119975300, 91.59999999999999400 ) ) ;
#1790 = CARTESIAN_POINT ( 'NONE',  ( -6.066530018149286700, -0.8146350257671234300, -91.59999999999968200 ) ) ;
#1791 = CARTESIAN_POINT ( 'NONE',  ( -3.675716811199783300, 0.05127676735730138400, 67.76921146435665800 ) ) ;
#1792 = CARTESIAN_POINT ( 'NONE',  ( -6.611995560608952400, -2.908886317389230300, 91.59999999999998000 ) ) ;
#1793 = CARTESIAN_POINT ( 'NONE',  ( -2.649311318998816700, -0.6477401337526967900, 19.61580784746437800 ) ) ;
#1794 = CARTESIAN_POINT ( 'NONE',  ( 12.18070504909543000, -3.351825034023381300, -65.00000000000000000 ) ) ;
#1795 = CARTESIAN_POINT ( 'NONE',  ( 1.137221937100307800, -0.04459202387191412600, 91.59999999999996600 ) ) ;
#1796 = FACE_OUTER_BOUND ( 'NONE', #4286, .T. ) ;
#1797 = ORIENTED_EDGE ( 'NONE', *, *, #2548, .T. ) ;
#1798 = CARTESIAN_POINT ( 'NONE',  ( -4.194904221485423100, -2.710598173594952700, 92.26053410948124200 ) ) ;
#1799 = CARTESIAN_POINT ( 'NONE',  ( 6.053224935138692000, -3.219023498586314000, -96.79169207297772500 ) ) ;
#1800 = CARTESIAN_POINT ( 'NONE',  ( 6.489146310642580900, 2.239103471499720200, 75.78076872519277200 ) ) ;
#1801 = CARTESIAN_POINT ( 'NONE',  ( -1.483892001915322100, 0.03404023510690354400, -91.59999999999996600 ) ) ;
#1802 = CARTESIAN_POINT ( 'NONE',  ( -6.407476991347506300, -0.2454133121814425800, -91.59999999999998000 ) ) ;
#1803 = CARTESIAN_POINT ( 'NONE',  ( 7.759425204335078900, 1.558134605271621400, 70.43707583891975300 ) ) ;
#1804 = CARTESIAN_POINT ( 'NONE',  ( 13.41013580006597300, -3.291519326522031700, -35.00000000000000000 ) ) ;
#1805 = CARTESIAN_POINT ( 'NONE',  ( -4.663717303330686900, 1.002055867054804100, -86.15346158696789300 ) ) ;
#1806 = CARTESIAN_POINT ( 'NONE',  ( -5.500000000000563100, 1.492003218558841900, -0.01209336135280631400 ) ) ;
#1807 = CARTESIAN_POINT ( 'NONE',  ( -6.344099711637619900, 0.9354805417212723700, -86.32365936181237500 ) ) ;
#1808 = CARTESIAN_POINT ( 'NONE',  ( 7.305907562744490500, 3.119204873651812100, 65.00000000000000000 ) ) ;
#1809 = AXIS2_PLACEMENT_3D ( 'NONE', #33, #2910, #445 ) ;
#1810 = CARTESIAN_POINT ( 'NONE',  ( -6.560934522572912500, -3.477768990570127400, 96.76848412973112100 ) ) ;
#1811 = CARTESIAN_POINT ( 'NONE',  ( -7.571904260245323000, 1.188755645738921500, -70.41318348199449400 ) ) ;
#1812 = CARTESIAN_POINT ( 'NONE',  ( -3.182170006955480400, 0.2445196036921183400, 67.92103883184871900 ) ) ;
#1813 = CARTESIAN_POINT ( 'NONE',  ( 5.500000000000000000, -3.500000000000000000, -101.5999999999999900 ) ) ;
#1814 = CARTESIAN_POINT ( 'NONE',  ( -1.855223084407636900, -1.876771981872852300, 98.48528102659125200 ) ) ;
#1815 = CARTESIAN_POINT ( 'NONE',  ( -13.26915514171067500, -3.492244288815582900, 23.02809333464725600 ) ) ;
#1816 = CARTESIAN_POINT ( 'NONE',  ( 7.550811680725582100, -3.497030537516180100, -91.59999999999999400 ) ) ;
#1817 = CARTESIAN_POINT ( 'NONE',  ( -1.980172097870913200, 0.3747652898241332600, 78.85116085546610500 ) ) ;
#1818 = CARTESIAN_POINT ( 'NONE',  ( -2.786977730623259000, -2.681073800383639000, 97.60811776492849400 ) ) ;
#1819 = CARTESIAN_POINT ( 'NONE',  ( 5.500000000000000000, -3.500000000000000000, -101.5999999999999900 ) ) ;
#1820 = CARTESIAN_POINT ( 'NONE',  ( 6.529976809862549900, 1.603778474662447700, 81.04128508892414100 ) ) ;
#1821 = CARTESIAN_POINT ( 'NONE',  ( 3.605931155248595800, 0.9726813750880400900, -68.21116085546610500 ) ) ;
#1822 = VERTEX_POINT ( 'NONE', #3615 ) ;
#1823 = CARTESIAN_POINT ( 'NONE',  ( 6.735557395310442000E-016, -3.500000000000000000, 5.500000000000000000 ) ) ;
#1824 = VERTEX_POINT ( 'NONE', #396 ) ;
#1825 = CARTESIAN_POINT ( 'NONE',  ( 7.567157983777036600, 1.904281594847090400, 75.89469614019620300 ) ) ;
#1826 = CARTESIAN_POINT ( 'NONE',  ( -12.04282393643056700, -3.495300514531105100, 65.00000000000000000 ) ) ;
#1827 = CARTESIAN_POINT ( 'NONE',  ( -0.5122998450535689600, 1.040737583510074500, -79.59022003946365900 ) ) ;
#1828 = CARTESIAN_POINT ( 'NONE',  ( -8.853328159301323600, -3.500912847619883200, 84.95550529941853300 ) ) ;
#1829 = CARTESIAN_POINT ( 'NONE',  ( -6.530870926219315600, 2.292957994011311400, -75.80014218580352300 ) ) ;
#1830 = CARTESIAN_POINT ( 'NONE',  ( 6.059356797506832300, 1.017507208359433600, 86.29843617150305600 ) ) ;
#1831 = ORIENTED_EDGE ( 'NONE', *, *, #1052, .F. ) ;
#1832 = CARTESIAN_POINT ( 'NONE',  ( -6.549354633362690400, -0.2702313894043547000, -86.32610437984951100 ) ) ;
#1833 = CARTESIAN_POINT ( 'NONE',  ( -2.110753363627321500, 0.7745193499756066700, 65.00000000000001400 ) ) ;
#1834 = CARTESIAN_POINT ( 'NONE',  ( 0.3935618610650683000, 2.293300941164175400, 5.500000000000008900 ) ) ;
#1835 = CARTESIAN_POINT ( 'NONE',  ( -2.111995562515883100, -1.116946991387025600, 91.59999999999998000 ) ) ;
#1836 = CARTESIAN_POINT ( 'NONE',  ( 8.904781857479489900, -3.489969185636074800, -84.94516695394909800 ) ) ;
#1837 = CARTESIAN_POINT ( 'NONE',  ( -5.597548834828257800, 0.1519597771718472500, 67.83213103761090700 ) ) ;
#1838 = CYLINDRICAL_SURFACE ( 'NONE', #5047, 5.500000000000000000 ) ;
#1839 = CARTESIAN_POINT ( 'NONE',  ( -1.134145014508740600, -1.897447705419733800, 91.59999999999999400 ) ) ;
#1840 = CARTESIAN_POINT ( 'NONE',  ( -3.808055623892455000, -1.051725551664988200, -91.60000000000012200 ) ) ;
#1841 = CARTESIAN_POINT ( 'NONE',  ( 6.210348738187612100, 0.06078350836537170500, -65.00000000000000000 ) ) ;
#1842 = ORIENTED_EDGE ( 'NONE', *, *, #5342, .F. ) ;
#1843 = CARTESIAN_POINT ( 'NONE',  ( 6.751225330204945900, 0.2692457669416474800, 86.34407772975225700 ) ) ;
#1844 = CARTESIAN_POINT ( 'NONE',  ( 13.44483379002171300, -3.343927464517826300, -34.99999999999995000 ) ) ;
#1845 = AXIS2_PLACEMENT_3D ( 'NONE', #2028, #3253, #808 ) ;
#1846 = CARTESIAN_POINT ( 'NONE',  ( -2.573829701236715300, 2.444384813700364800, -69.64105014963634200 ) ) ;
#1847 = CARTESIAN_POINT ( 'NONE',  ( -11.92582391886934800, -3.499898416530387900, 67.67423102496660200 ) ) ;
#1848 = CARTESIAN_POINT ( 'NONE',  ( -6.338077636417046400, 0.9384436906602012800, -86.32320416844984800 ) ) ;
#1849 = CARTESIAN_POINT ( 'NONE',  ( 6.336700388205286100, 1.582697808480197000, 81.00527011294704500 ) ) ;
#1850 = CARTESIAN_POINT ( 'NONE',  ( -7.025398447008310400, 0.2608619800144715800, -81.05047695738584000 ) ) ;
#1851 = CARTESIAN_POINT ( 'NONE',  ( -1.476432088470641900, -0.4290888756436229100, 78.70421137605153200 ) ) ;
#1852 = CARTESIAN_POINT ( 'NONE',  ( 5.246139640217502500, 0.7014085854226807000, 1.690739151490640200 ) ) ;
#1853 = CARTESIAN_POINT ( 'NONE',  ( -4.847452110742711500, -3.105299086797476300, 96.93026705474061100 ) ) ;
#1854 = CARTESIAN_POINT ( 'NONE',  ( 7.617713430617347300, -3.490099978400008400, -91.59999999999999400 ) ) ;
#1855 = CARTESIAN_POINT ( 'NONE',  ( -2.601246744311327400, 1.318156570350203200, 68.43801269933077000 ) ) ;
#1856 = DIRECTION ( 'NONE',  ( 1.000000000000000000, 0.0000000000000000000, 0.0000000000000000000 ) ) ;
#1857 = CARTESIAN_POINT ( 'NONE',  ( 3.794162780614560600, -2.873037202515628800, -97.19525869655981900 ) ) ;
#1858 = CARTESIAN_POINT ( 'NONE',  ( 2.551560972714160600, -0.5592765421640639700, -84.99571383175639000 ) ) ;
#1859 = CARTESIAN_POINT ( 'NONE',  ( -5.175315884351128700, -0.1696569241813815600, -98.38101291942410900 ) ) ;
#1860 = CARTESIAN_POINT ( 'NONE',  ( 7.795588306342452300, 2.066738329282708200, 65.00000000000002800 ) ) ;
#1861 = CARTESIAN_POINT ( 'NONE',  ( 10.87592070378904200, -2.575125807271929600, -64.99999999999992900 ) ) ;
#1862 = CARTESIAN_POINT ( 'NONE',  ( 0.3420342928714386600, 0.8396973866627010000, -79.32957326396820000 ) ) ;
#1863 = CARTESIAN_POINT ( 'NONE',  ( -12.12236998639176700, -3.489132808493520300, 65.00000000000000000 ) ) ;
#1864 = CARTESIAN_POINT ( 'NONE',  ( -7.145598663201216300, 2.631153035419402400, -70.40293333198108900 ) ) ;
#1865 = CARTESIAN_POINT ( 'NONE',  ( 6.522797163061778000, 2.054944060622234700, 75.66424405435611800 ) ) ;
#1866 = CIRCLE ( 'NONE', #5134, 1.250000000000002000 ) ;
#1867 = CARTESIAN_POINT ( 'NONE',  ( -6.741240425643340500, 0.3809282834357070600, -86.34486761787540800 ) ) ;
#1868 = CARTESIAN_POINT ( 'NONE',  ( 1.640044527041072000, -1.304552257151461600, 91.60000000000003700 ) ) ;
#1869 = CARTESIAN_POINT ( 'NONE',  ( -5.500000000000000000, -3.500000000000000000, 101.5999999999999900 ) ) ;
#1870 = CARTESIAN_POINT ( 'NONE',  ( 8.853328159301323600, -3.500912847619883200, -84.95550529941853300 ) ) ;
#1871 = CARTESIAN_POINT ( 'NONE',  ( -5.644180266045265300, -1.141373657701496300, 78.25746359927246900 ) ) ;
#1872 = CARTESIAN_POINT ( 'NONE',  ( -5.575000000000001100, -26.32549538158371000, -91.59999999999999400 ) ) ;
#1873 = CARTESIAN_POINT ( 'NONE',  ( 2.088325561229120300, -2.246074405031257100, -92.79051739311965700 ) ) ;
#1874 = CARTESIAN_POINT ( 'NONE',  ( 6.810960814395602200, -0.6310940460536120800, -70.37525518175421300 ) ) ;
#1875 = EDGE_CURVE ( 'NONE', #5041, #3572, #1626, .T. ) ;
#1876 = CARTESIAN_POINT ( 'NONE',  ( 5.175315884351128700, -0.1696569241813815600, 98.38101291942410900 ) ) ;
#1877 = CARTESIAN_POINT ( 'NONE',  ( 6.320151960343235200, -0.3363764229656812700, 91.59999999999992300 ) ) ;
#1878 = CARTESIAN_POINT ( 'NONE',  ( -12.04282393643056700, -3.495300514531104700, 65.00000000000000000 ) ) ;
#1879 = CARTESIAN_POINT ( 'NONE',  ( -6.052919756695125400, 0.3275268325420799800, -91.60000000000029300 ) ) ;
#1880 = CARTESIAN_POINT ( 'NONE',  ( 6.187190091452854400, 1.550686125364394200, 80.95980054116273500 ) ) ;
#1881 = CARTESIAN_POINT ( 'NONE',  ( -6.180303974165998000, -0.6969285755904497400, -91.59999999999968200 ) ) ;
#1882 = CARTESIAN_POINT ( 'NONE',  ( 5.583053696079408800, 1.466939564186818800, 64.99999999999998600 ) ) ;
#1883 = APPLICATION_CONTEXT ( 'configuration controlled 3d designs of mechanical parts and assemblies' ) ;
#1884 = CARTESIAN_POINT ( 'NONE',  ( -5.500000000000000000, -3.500000000000000000, 101.5999999999999900 ) ) ;
#1885 = CARTESIAN_POINT ( 'NONE',  ( -5.010207450325055800, -3.316846972378756600, 2.288229516158967400 ) ) ;
#1886 = CARTESIAN_POINT ( 'NONE',  ( -1.672593649292130500, -0.9419733094848231600, 91.59999999999999400 ) ) ;
#1887 = CARTESIAN_POINT ( 'NONE',  ( -13.26915514171067500, -3.492244288815582900, 35.00000000000000000 ) ) ;
#1888 = CARTESIAN_POINT ( 'NONE',  ( 0.07395546124651723700, -1.862147600767278800, -93.61623552985697900 ) ) ;
#1890 = VERTEX_POINT ( 'NONE', #363 ) ;
#1889 = CARTESIAN_POINT ( 'NONE',  ( 3.259832298061113900, -0.8577620591919898900, -84.95547810350510100 ) ) ;
#1891 = CARTESIAN_POINT ( 'NONE',  ( 5.742543570862030000, -0.4731011181199776800, 98.04236158657549500 ) ) ;
#1892 = CARTESIAN_POINT ( 'NONE',  ( 7.128249781501347500, 2.312368313644595400, 75.89003133751924700 ) ) ;
#1893 = CARTESIAN_POINT ( 'NONE',  ( -6.849538830069498400, -3.322213288798760100, 91.59999999999999400 ) ) ;
#1894 = VECTOR ( 'NONE', #1528, 1000.000000000000000 ) ;
#1895 = CARTESIAN_POINT ( 'NONE',  ( -2.724392993501400200, 0.04769320525146207600, -4.781339242743729100 ) ) ;
#1896 = CARTESIAN_POINT ( 'NONE',  ( -7.005178091484513200, 2.650842493792244300, -70.38194647338507100 ) ) ;
#1897 = CARTESIAN_POINT ( 'NONE',  ( 5.940303340326385900, 1.024621163768027800, 86.28631345530536100 ) ) ;
#1898 = CARTESIAN_POINT ( 'NONE',  ( -7.782795071043262100, 1.860406064698063800, -70.44715264414988100 ) ) ;
#1899 = VERTEX_POINT ( 'NONE', #1194 ) ;
#1900 = CARTESIAN_POINT ( 'NONE',  ( 5.502130712212363900, 1.047803763587667600, 70.17399947052757600 ) ) ;
#1901 = CARTESIAN_POINT ( 'NONE',  ( 0.3465883073302139000, -0.7444534312052337700, 5.500000000000009800 ) ) ;
#1902 = CARTESIAN_POINT ( 'NONE',  ( -5.505696776299161300, -3.017552498776584300, 92.06314416388509900 ) ) ;
#1903 = CARTESIAN_POINT ( 'NONE',  ( -4.032851460472246100, -2.807047847111086000, 3.750856762935957300 ) ) ;
#1904 = CARTESIAN_POINT ( 'NONE',  ( -7.008444097656921600, -0.7310944616935094500, 70.34212506173065500 ) ) ;
#1905 = CARTESIAN_POINT ( 'NONE',  ( -0.9078375051027158800, -1.721121880917405800, -94.11631880615279000 ) ) ;
#1906 = CARTESIAN_POINT ( 'NONE',  ( 2.203581270870703900, -1.153417220847097200, -91.59999999999996600 ) ) ;
#1907 = CARTESIAN_POINT ( 'NONE',  ( 7.708772590262644700, 2.150072725995233000, 70.44957159396672400 ) ) ;
#1908 = DIRECTION ( 'NONE',  ( 0.0000000000000000000, 0.0000000000000000000, -1.000000000000000000 ) ) ;
#1909 = AXIS2_PLACEMENT_3D ( 'NONE', #2494, #3274, #470 ) ;
#1910 = CARTESIAN_POINT ( 'NONE',  ( 12.65598953907061900, -3.493772401673342900, -52.50208787477462400 ) ) ;
#1911 = CARTESIAN_POINT ( 'NONE',  ( -6.526713906124260100, 1.603832684708401200, -81.04081065677536300 ) ) ;
#1912 = CARTESIAN_POINT ( 'NONE',  ( 5.605526368485757700, 0.4994688674827784100, 91.59999999999998000 ) ) ;
#1913 = CARTESIAN_POINT ( 'NONE',  ( 7.810700331786265800, 2.494236761034255100, 65.00000000000000000 ) ) ;
#1914 = CARTESIAN_POINT ( 'NONE',  ( 6.115250012323455700, -0.1141293804510270800, 80.96049127167033500 ) ) ;
#1915 = APPROVAL_STATUS ( 'not_yet_approved' ) ;
#1916 = CARTESIAN_POINT ( 'NONE',  ( -7.113311680673986900, -3.387968071670915300, 91.59999999999998000 ) ) ;
#1917 = CARTESIAN_POINT ( 'NONE',  ( -8.813313340328031500, 0.06572055313576348500, 42.25315435262296400 ) ) ;
#1918 = CARTESIAN_POINT ( 'NONE',  ( -7.717382419950659800, -1.088512154467719900, 70.23479956508967300 ) ) ;
#1919 = DIRECTION ( 'NONE',  ( 0.0000000000000000000, -1.000000000000000000, 0.0000000000000000000 ) ) ;
#1920 = CARTESIAN_POINT ( 'NONE',  ( -4.656499366474401200, -3.153307385241527400, 0.0000000000000000000 ) ) ;
#1921 = CARTESIAN_POINT ( 'NONE',  ( 7.706956932044444200, -0.9315315608978729200, -67.62987361524267300 ) ) ;
#1922 = VECTOR ( 'NONE', #2107, 999.9999999999998900 ) ;
#1923 = ORIENTED_EDGE ( 'NONE', *, *, #2853, .F. ) ;
#1924 = CARTESIAN_POINT ( 'NONE',  ( -5.500000000000000000, -3.500000000000000000, 101.5999999999999900 ) ) ;
#1925 = CARTESIAN_POINT ( 'NONE',  ( 7.095286878052560200, 1.250863973233803400, 81.08908179462548600 ) ) ;
#1926 = CARTESIAN_POINT ( 'NONE',  ( -8.106097407930771900, -3.274669800041051500, 84.95843284160471900 ) ) ;
#1927 = CARTESIAN_POINT ( 'NONE',  ( 12.04282393643056700, -3.495300514531104700, -65.00000000000000000 ) ) ;
#1928 = CARTESIAN_POINT ( 'NONE',  ( -7.593376585807272100, 2.871649872416140300, -64.99999999999997200 ) ) ;
#1929 = CARTESIAN_POINT ( 'NONE',  ( 5.750020388456277100, 0.4798059209331626000, 91.60000000000015100 ) ) ;
#1930 = CARTESIAN_POINT ( 'NONE',  ( 6.626090382569693700, 1.267526890229387700, 65.00000000000000000 ) ) ;
#1931 = CARTESIAN_POINT ( 'NONE',  ( -5.500000000000000000, -3.500000000000000000, 101.5999999999999900 ) ) ;
#1932 = CARTESIAN_POINT ( 'NONE',  ( -5.129514063270048200, -3.379163543254514400, 2.008012070217357200 ) ) ;
#1933 = ORIENTED_EDGE ( 'NONE', *, *, #4777, .F. ) ;
#1934 = CARTESIAN_POINT ( 'NONE',  ( -2.203581270870703900, -1.153417220847097200, 91.59999999999996600 ) ) ;
#1935 = CARTESIAN_POINT ( 'NONE',  ( 7.356477513686684200, -1.420339374977566800, -64.99999999999994300 ) ) ;
#1936 = CARTESIAN_POINT ( 'NONE',  ( 7.611995560185191000, -3.307095056500830100, -91.60000000000000900 ) ) ;
#1937 = CARTESIAN_POINT ( 'NONE',  ( 1.267390063227272800, -0.7840383633704196600, -91.60000000000000900 ) ) ;
#1938 = CARTESIAN_POINT ( 'NONE',  ( 5.566735720207312000, 0.4999544664041345500, 91.59999999999999400 ) ) ;
#1939 = CARTESIAN_POINT ( 'NONE',  ( 7.808800537980612700, 2.377205253589175900, 64.99999999999997200 ) ) ;
#1940 = CARTESIAN_POINT ( 'NONE',  ( -8.719900728331081700, -2.203379988663610100, 70.35194919789700000 ) ) ;
#1941 = CARTESIAN_POINT ( 'NONE',  ( -2.884000853482684400, 0.08851395560837255200, -4.686832848589429700 ) ) ;
#1942 = CARTESIAN_POINT ( 'NONE',  ( -6.413727592488411000, 1.597121882075710700, -81.02194647338524200 ) ) ;
#1943 = CARTESIAN_POINT ( 'NONE',  ( 6.180332352462921900, 1.550505704499369500, 80.95721038716365600 ) ) ;
#1944 = ORIENTED_EDGE ( 'NONE', *, *, #2289, .T. ) ;
#1945 = CARTESIAN_POINT ( 'NONE',  ( 6.634419581709220600, 1.265972706267507500, 65.00000000000000000 ) ) ;
#1946 = CARTESIAN_POINT ( 'NONE',  ( -5.500000000000000000, -3.500000000000000000, 101.5999999999999900 ) ) ;
#1947 = CARTESIAN_POINT ( 'NONE',  ( 5.914071641693516000, 5.500000000000001800, 35.00000000000000000 ) ) ;
#1948 = CARTESIAN_POINT ( 'NONE',  ( -6.094951919788750900, -2.067885513823218600, 84.89350769906204200 ) ) ;
#1949 = ORIENTED_EDGE ( 'NONE', *, *, #346, .F. ) ;
#1950 = CARTESIAN_POINT ( 'NONE',  ( 6.567520810171275900, -1.071015114047760400, -64.99999999999997200 ) ) ;
#1951 = CARTESIAN_POINT ( 'NONE',  ( 10.29248337229218500, -3.361049326536175400, -78.19824085790259000 ) ) ;
#1952 = FACE_OUTER_BOUND ( 'NONE', #474, .T. ) ;
#1953 = CARTESIAN_POINT ( 'NONE',  ( -4.208198889421247200, -1.963095102053526300, 3.547618065454492900 ) ) ;
#1954 = CARTESIAN_POINT ( 'NONE',  ( 7.704667129717945400, 2.159054890617972500, 70.44949643050296100 ) ) ;
#1955 = CARTESIAN_POINT ( 'NONE',  ( 1.563419532724097100E-013, -0.8858127423063783000, -5.499999999999997300 ) ) ;
#1956 = B_SPLINE_CURVE_WITH_KNOTS ( 'NONE', 3,
 ( #3163, #2713, #2677, #1117 ),
 .UNSPECIFIED., .F., .F.,
 ( 4, 4 ),
 ( 0.0000000000000000000, 1.000000000000000000 ),
 .UNSPECIFIED. ) ;
#1957 = CARTESIAN_POINT ( 'NONE',  ( 10.34227949739616500, -1.844165503243006400, -41.30203621008836700 ) ) ;
#1958 = CARTESIAN_POINT ( 'NONE',  ( 3.930794118127710400, -0.05527055938436172000, -67.68837450158146400 ) ) ;
#1959 = CARTESIAN_POINT ( 'NONE',  ( 6.098403717417051300, 3.244279201044522900, 64.99999999999997200 ) ) ;
#1960 = ORIENTED_EDGE ( 'NONE', *, *, #261, .T. ) ;
#1961 = CARTESIAN_POINT ( 'NONE',  ( 6.663549567170828200, 1.261135580644581900, 64.99999999999998600 ) ) ;
#1962 = CARTESIAN_POINT ( 'NONE',  ( 0.3219516779942819800, -2.285281847031448400, 99.54086229423693100 ) ) ;
#1963 = CARTESIAN_POINT ( 'NONE',  ( 0.9977608108123169300, 4.286552377158776600, -35.00000000000000000 ) ) ;
#1964 = CARTESIAN_POINT ( 'NONE',  ( -9.145624514350323900, -1.826328535366277700, 70.09355696151260400 ) ) ;
#1965 = CARTESIAN_POINT ( 'NONE',  ( 9.690464521148044200, -2.453752593685040800, -64.99999999999994300 ) ) ;
#1966 = CARTESIAN_POINT ( 'NONE',  ( 4.510032478501768700, -1.393732167215711200, -84.91715898738603100 ) ) ;
#1967 = CARTESIAN_POINT ( 'NONE',  ( -5.485100376016002400, -3.341852423679902500, 0.4760855945255575400 ) ) ;
#1968 = CARTESIAN_POINT ( 'NONE',  ( 7.802706564120370600, 2.109461425837337400, 65.00000000000002800 ) ) ;
#1969 = APPROVAL ( #2708, 'UNSPECIFIED' ) ;
#1970 = CARTESIAN_POINT ( 'NONE',  ( 4.140803634213592800, 1.470674568676444400, -43.46375088686501400 ) ) ;
#1971 = CARTESIAN_POINT ( 'NONE',  ( 1.559118594219715700, -1.271862688035383600, -84.95742506030539700 ) ) ;
#1972 = APPROVAL_DATE_TIME ( #3200, #1969 ) ;
#1973 = CARTESIAN_POINT ( 'NONE',  ( 6.628866930184425900, 1.267003708484707000, 65.00000000000000000 ) ) ;
#1974 = CARTESIAN_POINT ( 'NONE',  ( 0.9576719399753763600, -1.408451403349630900, 91.60000000000013600 ) ) ;
#1975 = CARTESIAN_POINT ( 'NONE',  ( -13.43328611421113200, -3.437700506014824200, 35.00000000000008500 ) ) ;
#1976 = CARTESIAN_POINT ( 'NONE',  ( -6.738161340093694400, -1.643133977699772900, 78.20729161852366900 ) ) ;
#1977 = CARTESIAN_POINT ( 'NONE',  ( -7.481316037652601600, 1.504553224338018600, -65.00000000000000000 ) ) ;
#1978 = CARTESIAN_POINT ( 'NONE',  ( 2.992917139856345000, -1.715163262314656200, -84.95681617320035200 ) ) ;
#1979 = CARTESIAN_POINT ( 'NONE',  ( -4.992806608092823100, -3.320580620601477000, 0.0000000000000000000 ) ) ;
#1980 = CARTESIAN_POINT ( 'NONE',  ( 2.946523355432882200, -1.449263251698913900, -91.59999999999999400 ) ) ;
#1981 = CARTESIAN_POINT ( 'NONE',  ( -3.467451997529236200, -1.271595388639702200, 4.274187948320340900 ) ) ;
#1982 = CARTESIAN_POINT ( 'NONE',  ( 6.720560362396243500, 0.4710861880468777400, 86.34475946022902800 ) ) ;
#1983 = CARTESIAN_POINT ( 'NONE',  ( 7.062499999999927200, 4.375000000000001800, 55.01473523173899600 ) ) ;
#1984 = CARTESIAN_POINT ( 'NONE',  ( 4.021402828942767000, 0.05630881678932223700, -65.00000000000000000 ) ) ;
#1985 = CARTESIAN_POINT ( 'NONE',  ( 5.921445616181299200, -0.5609192977905072000, 86.28561032742626900 ) ) ;
#1986 = CARTESIAN_POINT ( 'NONE',  ( -0.1623420578244355900, -1.834828462090690900, 99.99050645971205100 ) ) ;
#1987 = ADVANCED_FACE ( 'NONE', ( #397 ), #1457, .T. ) ;
#1988 = CARTESIAN_POINT ( 'NONE',  ( -12.81039460359480100, -3.437591860374771300, 52.50123405878348800 ) ) ;
#1989 = CARTESIAN_POINT ( 'NONE',  ( -12.06648375445481000, -3.405457489023364200, 70.11614927074758400 ) ) ;
#1990 = CARTESIAN_POINT ( 'NONE',  ( -7.776443737658842900, 1.983534977106965900, -65.00000000000004300 ) ) ;
#1991 = CARTESIAN_POINT ( 'NONE',  ( 5.336785951922745900, 0.4974204868938179600, 91.59999999999999400 ) ) ;
#1992 = CARTESIAN_POINT ( 'NONE',  ( 4.130916905878558000, -1.353200623068171000, -78.31363234640065200 ) ) ;
#1993 = CARTESIAN_POINT ( 'NONE',  ( -6.481367097174954800, 0.3046593486798787600, -75.64552843288588200 ) ) ;
#1994 = CARTESIAN_POINT ( 'NONE',  ( 5.528981754331067800, 1.587890443033218100, 5.395821586454505200 ) ) ;
#1995 = CARTESIAN_POINT ( 'NONE',  ( 8.066054962174789000, -1.265789677325184000, -70.18835186290465300 ) ) ;
#1996 = EDGE_CURVE ( 'NONE', #1899, #3751, #4793, .T. ) ;
#1997 = CARTESIAN_POINT ( 'NONE',  ( -0.7804791820197343200, 1.404412074653758500, 5.445047098098835500 ) ) ;
#1998 = CARTESIAN_POINT ( 'NONE',  ( 7.152668655156570100, 2.629615217531823500, 70.40386737226397400 ) ) ;
#1999 = CARTESIAN_POINT ( 'NONE',  ( -4.042824686188778200, 0.04683787287838525600, 65.00000000000000000 ) ) ;
#2000 = VERTEX_POINT ( 'NONE', #1141 ) ;
#2001 = CARTESIAN_POINT ( 'NONE',  ( 1.316009499132770000, 1.071348460612802100, -65.00000000000005700 ) ) ;
#2002 = CARTESIAN_POINT ( 'NONE',  ( 0.5095522812088113500, -1.741780725707052100, -91.59999999999998000 ) ) ;
#2003 = VECTOR ( 'NONE', #1152, 1000.000000000000000 ) ;
#2004 = CARTESIAN_POINT ( 'NONE',  ( 6.801937955714072900, 0.7780832919103667400, 70.34403245519907000 ) ) ;
#2005 = CARTESIAN_POINT ( 'NONE',  ( -7.776606121294507000, 3.050896305807777200, -35.00000000000000000 ) ) ;
#2006 = CARTESIAN_POINT ( 'NONE',  ( -12.12558933676235100, -3.499361451640145200, 65.00000000000002800 ) ) ;
#2007 = CARTESIAN_POINT ( 'NONE',  ( -12.09954266404917400, -3.354300193386678100, 67.55824085790254700 ) ) ;
#2008 = CARTESIAN_POINT ( 'NONE',  ( -7.113782973692718100, 1.219601019862717000, -81.08947284924259700 ) ) ;
#2009 = VERTEX_POINT ( 'NONE', #1199 ) ;
#2010 = ORIENTED_EDGE ( 'NONE', *, *, #2697, .T. ) ;
#2011 = CARTESIAN_POINT ( 'NONE',  ( -6.768894855696934200, 0.7762645037106268300, -70.34128885883907900 ) ) ;
#2012 = CARTESIAN_POINT ( 'NONE',  ( 8.199637109549797700, 3.326263060902202800, 23.25820054325658100 ) ) ;
#2013 = CARTESIAN_POINT ( 'NONE',  ( 7.613874176886488600, -3.307857466264385100, -91.59999999999999400 ) ) ;
#2014 = CARTESIAN_POINT ( 'NONE',  ( -0.4861509506967343100, 2.597976161845658700, 44.21765596549889900 ) ) ;
#2015 = ADVANCED_FACE ( 'NONE', ( #1237 ), #1556, .T. ) ;
#2016 = CARTESIAN_POINT ( 'NONE',  ( 3.109052673197406900, -1.623752969793905500, -92.73665145521403000 ) ) ;
#2017 = ORIENTED_EDGE ( 'NONE', *, *, #3236, .F. ) ;
#2018 = CARTESIAN_POINT ( 'NONE',  ( 6.323048314375472300, 0.9454805103095376100, 86.32204996149494000 ) ) ;
#2019 = CARTESIAN_POINT ( 'NONE',  ( -7.312499999999926300, 5.500000000000005300, -35.00000000000000000 ) ) ;
#2020 = CARTESIAN_POINT ( 'NONE',  ( -5.970799470778768400, 3.113919911072501500, -35.00000000000000000 ) ) ;
#2021 = CARTESIAN_POINT ( 'NONE',  ( 2.540364089724481500, -0.7808014321157682500, -78.32837450158147900 ) ) ;
#2022 = CARTESIAN_POINT ( 'NONE',  ( 5.726322460753430700, -0.9851725693197860300, 91.59999999999989500 ) ) ;
#2023 = CARTESIAN_POINT ( 'NONE',  ( 1.458233081073477800, -1.603710014415314500, -0.0000000000000000000 ) ) ;
#2024 = CARTESIAN_POINT ( 'NONE',  ( -12.34177851702005000, -3.011075928254519000, 52.50881159439824600 ) ) ;
#2025 = CARTESIAN_POINT ( 'NONE',  ( -12.08092138632699500, -3.416752760299575500, 67.56774484972237400 ) ) ;
#2026 = CARTESIAN_POINT ( 'NONE',  ( -6.727435304883205600, 0.4459610708858886600, -86.34485990015558300 ) ) ;
#2027 = EDGE_CURVE ( 'NONE', #1560, #2518, #3054, .T. ) ;
#2028 = CARTESIAN_POINT ( 'NONE',  ( 5.575000000000001100, -26.32549538158371000, 91.59999999999999400 ) ) ;
#2029 = CARTESIAN_POINT ( 'NONE',  ( -5.580948303767071300, -0.9999817380565414500, -91.59999999999998000 ) ) ;
#2030 = CARTESIAN_POINT ( 'NONE',  ( 2.419807581430968700, -0.2249859100612356400, 0.0000000000000000000 ) ) ;
#2031 = CARTESIAN_POINT ( 'NONE',  ( 7.624713572301971900, -3.313188991217029600, -91.60000000000000900 ) ) ;
#2032 = CARTESIAN_POINT ( 'NONE',  ( -8.917270405296465100, -1.041764738967407000, 34.99999999999997900 ) ) ;
#2033 = CARTESIAN_POINT ( 'NONE',  ( 5.970799470778768400, 3.113919911072501500, 44.97209484074124900 ) ) ;
#2034 = DIRECTION ( 'NONE',  ( 0.0000000000000000000, 0.0000000000000000000, 1.000000000000000000 ) ) ;
#2035 = CARTESIAN_POINT ( 'NONE',  ( 7.615382023049038600, 2.843012045654912200, 64.99999999999994300 ) ) ;
#2036 = CARTESIAN_POINT ( 'NONE',  ( -1.960588517315774400, 2.604610318927721700, -6.477235281265006300 ) ) ;
#2037 = AXIS2_PLACEMENT_3D ( 'NONE', #644, #4783, #4331 ) ;
#2038 = CARTESIAN_POINT ( 'NONE',  ( -7.377851521645606400, 2.989321511066712000, -34.99999999999999300 ) ) ;
#2039 = CARTESIAN_POINT ( 'NONE',  ( 2.227346060668968800, -0.6706385910147907300, -78.44050017507356600 ) ) ;
#2040 = FACE_BOUND ( 'NONE', #724, .T. ) ;
#2041 = VERTEX_POINT ( 'NONE', #709 ) ;
#2042 = CARTESIAN_POINT ( 'NONE',  ( 5.629688834737411400, -0.9980255190178704000, 91.59999999999993700 ) ) ;
#2043 = CARTESIAN_POINT ( 'NONE',  ( 4.656499366474401200, -3.153307385241527400, -0.0000000000000000000 ) ) ;
#2044 = CARTESIAN_POINT ( 'NONE',  ( -6.102047552245808900, 1.011472529330825500, -86.30263505647364800 ) ) ;
#2045 = CARTESIAN_POINT ( 'NONE',  ( -12.16630261225316200, -3.322234127128258100, 65.00000000000000000 ) ) ;
#2046 = CARTESIAN_POINT ( 'NONE',  ( -7.124274192474408600, 1.200547536383984400, -81.08963910048619500 ) ) ;
#2047 = CARTESIAN_POINT ( 'NONE',  ( 13.31250000000007500, -3.375000000000000400, -35.00000000000000000 ) ) ;
#2048 = CARTESIAN_POINT ( 'NONE',  ( -6.624594017102083400, 0.3061588068195224600, -75.66595592359784900 ) ) ;
#2049 = CARTESIAN_POINT ( 'NONE',  ( -0.5456475499666044700, -1.750743740576115900, 91.59999999999998000 ) ) ;
#2050 = CARTESIAN_POINT ( 'NONE',  ( 3.808764071486309400, 0.1250870961561772700, 6.462173173609989400 ) ) ;
#2051 = CARTESIAN_POINT ( 'NONE',  ( 12.17712268095105800, -3.342739053428265700, -65.00000000000000000 ) ) ;
#2052 = CARTESIAN_POINT ( 'NONE',  ( 0.5249949327120372300, -1.835273606282757900, -99.54899959821987900 ) ) ;
#2053 = CARTESIAN_POINT ( 'NONE',  ( 7.328155452793180500, 2.567016361149965200, 70.42407349743327000 ) ) ;
#2054 = CARTESIAN_POINT ( 'NONE',  ( 1.419085416410033100, 4.061546986379974000, -23.27328101857091600 ) ) ;
#2055 = CARTESIAN_POINT ( 'NONE',  ( 1.042268434935401200, -0.6909723004562056100, -91.59999999999998000 ) ) ;
#2056 = CARTESIAN_POINT ( 'NONE',  ( 1.240633887389811100, -1.175204631573433700, -85.02025008753678000 ) ) ;
#2057 = CARTESIAN_POINT ( 'NONE',  ( 6.085185394108310500, -0.5460765632072309700, 86.29601873208369500 ) ) ;
#2058 = CARTESIAN_POINT ( 'NONE',  ( -5.926027618978443100, 1.024894249476449000, -86.28476465842472000 ) ) ;
#2059 = CARTESIAN_POINT ( 'NONE',  ( -7.656413022509625000, -3.342158639948342300, 91.60000000000000900 ) ) ;
#2060 = CARTESIAN_POINT ( 'NONE',  ( -7.708772590262644700, 2.150072725995233000, -70.44957159396672400 ) ) ;
#2061 = ORIENTED_EDGE ( 'NONE', *, *, #2930, .F. ) ;
#2062 = CARTESIAN_POINT ( 'NONE',  ( -1.563419532724097100E-013, -0.8858127423063783000, 5.499999999999997300 ) ) ;
#2063 = CARTESIAN_POINT ( 'NONE',  ( -6.153680748000009100, -0.1194890494787442400, -80.96444776770245300 ) ) ;
#2064 = CARTESIAN_POINT ( 'NONE',  ( -7.312499999999927200, 5.500000000000001800, -45.02947046347799900 ) ) ;
#2065 = CARTESIAN_POINT ( 'NONE',  ( 4.637581098712199300, 0.3050256012237314000, 0.0000000000000000000 ) ) ;
#2066 = CARTESIAN_POINT ( 'NONE',  ( 0.2003605797935595100, 1.809459859870980800, 0.0000000000000000000 ) ) ;
#2067 = CARTESIAN_POINT ( 'NONE',  ( 8.962055957570905600, -3.346586357444428100, -84.89954858597445800 ) ) ;
#2068 = CARTESIAN_POINT ( 'NONE',  ( -5.835778498637243000, -0.7470235172611444700, 64.99999999999990100 ) ) ;
#2069 =( GEOMETRIC_REPRESENTATION_CONTEXT ( 3 ) GLOBAL_UNCERTAINTY_ASSIGNED_CONTEXT ( ( #4773 ) ) GLOBAL_UNIT_ASSIGNED_CONTEXT ( ( #3568, #2690, #1097 ) ) REPRESENTATION_CONTEXT ( 'NONE', 'WORKASPACE' ) );
#2070 = CYLINDRICAL_SURFACE ( 'NONE', #4068, 2.500000000000000000 ) ;
#2071 = CARTESIAN_POINT ( 'NONE',  ( 5.500000000000000000, -3.500000000000000000, -101.5999999999999900 ) ) ;
#2072 = CARTESIAN_POINT ( 'NONE',  ( 6.096213529124771200, 0.2879017730269637900, 91.60000000000026400 ) ) ;
#2073 = CARTESIAN_POINT ( 'NONE',  ( 9.023700618805493800, -0.08793353458758543200, -34.99999999999999300 ) ) ;
#2074 = CARTESIAN_POINT ( 'NONE',  ( 2.111995562515883100, -1.116946991387025600, -91.59999999999998000 ) ) ;
#2075 = CARTESIAN_POINT ( 'NONE',  ( 0.5539239101922386300, 0.8210079288703429100, -72.41915125447540900 ) ) ;
#2076 = ORIENTED_EDGE ( 'NONE', *, *, #186, .T. ) ;
#2077 = CARTESIAN_POINT ( 'NONE',  ( 7.377205667334266100, 1.427079499118825600, 65.00000000000000000 ) ) ;
#2078 = CARTESIAN_POINT ( 'NONE',  ( 5.210932498510611100, -3.429072555626031500, -0.0000000000000000000 ) ) ;
#2079 = CARTESIAN_POINT ( 'NONE',  ( -5.750020388456277100, 0.4798059209331626000, -91.60000000000015100 ) ) ;
#2080 = ORIENTED_EDGE ( 'NONE', *, *, #2027, .T. ) ;
#2081 = CARTESIAN_POINT ( 'NONE',  ( -12.16059538358808800, -3.314580652250296300, 65.00000000000000000 ) ) ;
#2082 = ORIENTED_EDGE ( 'NONE', *, *, #4933, .F. ) ;
#2083 = CARTESIAN_POINT ( 'NONE',  ( -7.119193224656513900, 2.316325423979154400, -75.88956017581222100 ) ) ;
#2084 = CARTESIAN_POINT ( 'NONE',  ( -6.482389746706553900, -0.3413264124818705700, -86.32135055688813500 ) ) ;
#2085 = CARTESIAN_POINT ( 'NONE',  ( 7.550811680725583000, -3.497030537516179600, -91.59999999999999400 ) ) ;
#2086 = CARTESIAN_POINT ( 'NONE',  ( 4.905262923823018500, -0.09214121221553189800, 98.33504544664333500 ) ) ;
#2087 = CARTESIAN_POINT ( 'NONE',  ( 2.549476680035415400, 2.733200515065060500, 6.059905726805790300 ) ) ;
#2088 = CARTESIAN_POINT ( 'NONE',  ( 11.93421857605521000, -3.519978851631858900, -70.12722263355212200 ) ) ;
#2089 = CARTESIAN_POINT ( 'NONE',  ( 3.795104068402886700, 1.481755629168389800, 80.50370928420422000 ) ) ;
#2090 = CARTESIAN_POINT ( 'NONE',  ( -0.06692549524274162000, -0.5607342222052168500, -94.25483705900106200 ) ) ;
#2091 = CARTESIAN_POINT ( 'NONE',  ( 6.487464658304908500, 2.234451296713401400, 75.77887106673466600 ) ) ;
#2092 = CARTESIAN_POINT ( 'NONE',  ( 12.97695079610255100, -2.975147314482604200, -34.99999999999999300 ) ) ;
#2093 = CARTESIAN_POINT ( 'NONE',  ( 5.500000000000000000, -3.500000000000000000, -101.5999999999999900 ) ) ;
#2094 = CARTESIAN_POINT ( 'NONE',  ( 1.070238200517444200, -1.125444562142694300, -85.05374041890387100 ) ) ;
#2095 = CARTESIAN_POINT ( 'NONE',  ( 5.721416156616150800, -3.310948840702010500, -96.80783556360094600 ) ) ;
#2096 = CARTESIAN_POINT ( 'NONE',  ( 7.349555190690622000, 1.408693220599892100, 65.00000000000000000 ) ) ;
#2097 = CARTESIAN_POINT ( 'NONE',  ( -5.494226188236088300, 1.646656890334613700, -0.2600344868026330800 ) ) ;
#2098 = CARTESIAN_POINT ( 'NONE',  ( -5.854519652896589000, 0.4455999427191610400, -91.60000000000023600 ) ) ;
#2099 = CARTESIAN_POINT ( 'NONE',  ( -12.14660437770483100, -3.300667120709090500, 65.00000000000000000 ) ) ;
#2100 = CARTESIAN_POINT ( 'NONE',  ( -7.804056259504495300, 2.119271928480658000, -65.00000000000002800 ) ) ;
#2101 = AXIS2_PLACEMENT_3D ( 'NONE', #2047, #864, #4534 ) ;
#2102 = DATE_AND_TIME ( #636, #3528 ) ;
#2103 = CARTESIAN_POINT ( 'NONE',  ( -5.500000000000000000, -3.500000000000000000, 101.5999999999999900 ) ) ;
#2104 = CARTESIAN_POINT ( 'NONE',  ( -6.585523142334428900, -0.06728734190480922800, -81.00466363231682000 ) ) ;
#2105 = CARTESIAN_POINT ( 'NONE',  ( -4.317614659480442500, 2.941970477357747100, -3.415032071104044100 ) ) ;
#2106 = CARTESIAN_POINT ( 'NONE',  ( 4.552846171616891100, 2.718282363560556200, 5.820458200585034300 ) ) ;
#2107 = DIRECTION ( 'NONE',  ( 0.9703053751617990400, 0.2418831927441851500, 0.0000000000000000000 ) ) ;
#2108 = CARTESIAN_POINT ( 'NONE',  ( 7.312499999999928100, 5.500000000000001800, 35.00000000000000000 ) ) ;
#2109 = CARTESIAN_POINT ( 'NONE',  ( 12.18621593976100400, -3.385236306872472700, -65.00000000000000000 ) ) ;
#2110 = CARTESIAN_POINT ( 'NONE',  ( 1.656847080559405300, 0.07129772257941643900, 91.59999999999998000 ) ) ;
#2111 = CARTESIAN_POINT ( 'NONE',  ( 6.554044066990981900, -3.453884755073608000, -96.76691597222581700 ) ) ;
#2112 = CARTESIAN_POINT ( 'NONE',  ( 0.0000000000000000000, -3.500000000000000000, 0.0000000000000000000 ) ) ;
#2113 = CARTESIAN_POINT ( 'NONE',  ( 4.577908147563846300, -3.091346004255367300, -3.062345030431993500 ) ) ;
#2114 = CARTESIAN_POINT ( 'NONE',  ( 3.402381996270134000, 0.3163546224133589300, -65.00000000000000000 ) ) ;
#2115 = CARTESIAN_POINT ( 'NONE',  ( 3.249234603997036800, -2.497995535183740000, -92.46980101515865200 ) ) ;
#2116 = CARTESIAN_POINT ( 'NONE',  ( 6.049269056668221000, -0.8292596109046197500, 91.59999999999968200 ) ) ;
#2117 = CARTESIAN_POINT ( 'NONE',  ( -8.312085610032735200, 5.053453130918208900, -23.25257406693531300 ) ) ;
#2118 = CARTESIAN_POINT ( 'NONE',  ( -6.817708152575113100, 2.652342573476639000, -70.34669606204029400 ) ) ;
#2119 = CARTESIAN_POINT ( 'NONE',  ( -10.24611048990721700, -3.443039919709836500, 78.22958386454317300 ) ) ;
#2120 = CARTESIAN_POINT ( 'NONE',  ( -6.716058210563590000, 0.4861989583503629800, -86.34467488221773100 ) ) ;
#2121 = CARTESIAN_POINT ( 'NONE',  ( 1.906508406157840600, 0.1498497930718353200, 91.59999999999996600 ) ) ;
#2122 = CARTESIAN_POINT ( 'NONE',  ( -6.802835662059991700, 0.3249121850196134400, -75.68970611918258800 ) ) ;
#2123 = DIRECTION ( 'NONE',  ( 0.9290494341718689200, -0.3699556039106990900, -0.0000000000000000000 ) ) ;
#2124 = CARTESIAN_POINT ( 'NONE',  ( 4.601079348588411800, -2.327642597506036200, -3.021397709954490600 ) ) ;
#2125 = CARTESIAN_POINT ( 'NONE',  ( -5.508302296235711100, -3.199822055969844900, 0.0000000000000000000 ) ) ;
#2126 = CARTESIAN_POINT ( 'NONE',  ( 8.968147686887594000, -3.403654418518375000, -84.90682906820326500 ) ) ;
#2127 = CARTESIAN_POINT ( 'NONE',  ( -0.6662050089360999100, 1.474103785532560500, 72.90118987334980700 ) ) ;
#2128 = CARTESIAN_POINT ( 'NONE',  ( 7.674438083966977700, -3.353084818829482400, -91.60000000000003700 ) ) ;
#2129 = CARTESIAN_POINT ( 'NONE',  ( -1.906508406157840600, 0.1498497930718353200, -91.59999999999996600 ) ) ;
#2130 = ORIENTED_EDGE ( 'NONE', *, *, #415, .T. ) ;
#2131 = CARTESIAN_POINT ( 'NONE',  ( -6.119693459835881200, -0.1150386252616902900, -80.96087535899336300 ) ) ;
#2132 = CARTESIAN_POINT ( 'NONE',  ( 4.925811680909601100, -2.842655742567634200, -91.60000000000000900 ) ) ;
#2133 = VERTEX_POINT ( 'NONE', #1526 ) ;
#2134 = CARTESIAN_POINT ( 'NONE',  ( 6.004609605251221900, -0.8634990112084355300, 91.59999999999971000 ) ) ;
#2135 = CARTESIAN_POINT ( 'NONE',  ( -4.438290311729540200, 2.735737333946335800, -5.871073698460308200 ) ) ;
#2136 = CARTESIAN_POINT ( 'NONE',  ( -4.999245507576471700, 0.4870453316923605300, -91.60000000000003700 ) ) ;
#2137 = CARTESIAN_POINT ( 'NONE',  ( -7.672125247926749700, -3.419776468158328300, 91.60000000000003700 ) ) ;
#2138 = CARTESIAN_POINT ( 'NONE',  ( -6.726782252728390300, 2.395673277076114400, -75.84655849139515700 ) ) ;
#2139 = CIRCLE ( 'NONE', #2148, 0.1124999999999997500 ) ;
#2140 = CARTESIAN_POINT ( 'NONE',  ( -0.5249949327120372300, -1.835273606282757900, 99.54899959821987900 ) ) ;
#2141 = CARTESIAN_POINT ( 'NONE',  ( -6.758918627481253200, 0.3171759964551070800, -75.68390413031986000 ) ) ;
#2142 = CARTESIAN_POINT ( 'NONE',  ( -3.102476923854471800, 0.4322654118848899300, 65.00000000000000000 ) ) ;
#2143 = CARTESIAN_POINT ( 'NONE',  ( 1.807403084925898600, 0.3279063277462635500, -5.207596178271328000 ) ) ;
#2144 = CARTESIAN_POINT ( 'NONE',  ( 0.0000000000000000000, 3.500000000000000000, 0.0000000000000000000 ) ) ;
#2145 = CARTESIAN_POINT ( 'NONE',  ( -9.919199284694100200, -0.7419513609521681800, 22.98579453260733600 ) ) ;
#2146 = CARTESIAN_POINT ( 'NONE',  ( 10.26486684371340800, -3.432247612396968500, -78.21365813640650800 ) ) ;
#2147 = CARTESIAN_POINT ( 'NONE',  ( 4.271932095550065300, 0.4452848607874442800, 91.60000000000006500 ) ) ;
#2148 = AXIS2_PLACEMENT_3D ( 'NONE', #5126, #183, #4480 ) ;
#2149 = ORIENTED_EDGE ( 'NONE', *, *, #373, .F. ) ;
#2150 = CARTESIAN_POINT ( 'NONE',  ( 5.274610528618672400, -3.449308689770564500, -0.0000000000000000000 ) ) ;
#2151 = CARTESIAN_POINT ( 'NONE',  ( 6.986995560419892100, -3.058214594534034900, -91.59999999999998000 ) ) ;
#2152 = CARTESIAN_POINT ( 'NONE',  ( -6.535346467878443200, 0.7928813756407284700, -70.32049127167033500 ) ) ;
#2153 = CARTESIAN_POINT ( 'NONE',  ( 5.211462668657368600, -3.189792391704306100, -96.86851599800185400 ) ) ;
#2154 = CARTESIAN_POINT ( 'NONE',  ( 7.766637059656421400, 1.980134174026906300, 70.44927438863099700 ) ) ;
#2155 = CARTESIAN_POINT ( 'NONE',  ( -8.587608029728986700, 4.163413077083399500, -34.99999999999996400 ) ) ;
#2156 = CARTESIAN_POINT ( 'NONE',  ( -6.543449257224878600, 2.051280796818420800, -75.63958910835263800 ) ) ;
#2157 = CARTESIAN_POINT ( 'NONE',  ( -7.668644126947210500, -3.365967493056134100, 91.60000000000000900 ) ) ;
#2158 = CARTESIAN_POINT ( 'NONE',  ( -7.095286878052560200, 1.250863973233803400, -81.08908179462548600 ) ) ;
#2159 = CARTESIAN_POINT ( 'NONE',  ( -1.125666951756208300, -1.798190371432724100, 99.13166649291886800 ) ) ;
#2160 = CARTESIAN_POINT ( 'NONE',  ( -6.692734912096676100, -0.02315658714890818400, -81.01466977901910100 ) ) ;
#2161 = CARTESIAN_POINT ( 'NONE',  ( -1.530650797925568600, -1.263049226414871800, 84.96306089290877100 ) ) ;
#2162 = CARTESIAN_POINT ( 'NONE',  ( 5.499792077993110000, -3.240446405013968100, -0.04844347163143961100 ) ) ;
#2163 = CARTESIAN_POINT ( 'NONE',  ( -5.802315442584281300, -3.122671246747942100, 96.81852066005116300 ) ) ;
#2164 = CARTESIAN_POINT ( 'NONE',  ( -2.649311318998816700, -0.6477401337526967900, 0.0000000000000000000 ) ) ;
#2165 = CARTESIAN_POINT ( 'NONE',  ( 12.07511931295811000, -3.422263991074103700, -67.57046105570758200 ) ) ;
#2166 = CARTESIAN_POINT ( 'NONE',  ( 5.953228839345233500, 2.654282025366034900, 70.23201229162448600 ) ) ;
#2167 = CARTESIAN_POINT ( 'NONE',  ( 5.314347337308381800, -3.451720834566144500, -0.0000000000000000000 ) ) ;
#2168 = CARTESIAN_POINT ( 'NONE',  ( -5.500000000000000000, -3.500000000000000000, 101.5999999999999900 ) ) ;
#2169 = CARTESIAN_POINT ( 'NONE',  ( 5.500000000000000000, -3.500000000000000000, -101.5999999999999900 ) ) ;
#2170 = CARTESIAN_POINT ( 'NONE',  ( -6.627478691975110100, 1.267264018388921200, -65.00000000000000000 ) ) ;
#2171 = CARTESIAN_POINT ( 'NONE',  ( 6.671480752888114400, -3.298389122990891900, -91.96292660941169600 ) ) ;
#2172 = CARTESIAN_POINT ( 'NONE',  ( 6.066530018149286700, -0.8146350257671234300, 91.59999999999968200 ) ) ;
#2173 = CARTESIAN_POINT ( 'NONE',  ( -7.550811680725582100, -3.497030537516180100, 91.59999999999999400 ) ) ;
#2174 = SHAPE_DEFINITION_REPRESENTATION ( #4224, #1411 ) ;
#2175 = CARTESIAN_POINT ( 'NONE',  ( -6.675148411083455400, 2.650945102439330000, -70.31706275498503100 ) ) ;
#2176 = CARTESIAN_POINT ( 'NONE',  ( -11.90869439451040700, -3.502582292349657700, 70.14494848357341500 ) ) ;
#2177 = CARTESIAN_POINT ( 'NONE',  ( -6.463439892644075300, 0.8611738803630938400, -86.33203674871680300 ) ) ;
#2178 = CARTESIAN_POINT ( 'NONE',  ( 6.474678167793757500, 2.186103880194783400, 75.75843629278449500 ) ) ;
#2179 = AXIS2_PLACEMENT_3D ( 'NONE', #1872, #1101, #4737 ) ;
#2180 = CARTESIAN_POINT ( 'NONE',  ( -7.576290573974581800, -3.293550582068236500, 91.93936013234511500 ) ) ;
#2181 = CARTESIAN_POINT ( 'NONE',  ( -7.021315832317331900, 0.2553580612880960700, -81.04997535485736600 ) ) ;
#2182 = CARTESIAN_POINT ( 'NONE',  ( -0.4735081097597123000, -1.732863964378639700, 91.59999999999998000 ) ) ;
#2183 = CARTESIAN_POINT ( 'NONE',  ( 4.970766139296475900, 0.5035469641018854900, 2.361450317294095900 ) ) ;
#2184 = CARTESIAN_POINT ( 'NONE',  ( -6.104630885168563600, -2.745342493495884600, 92.03704132010233300 ) ) ;
#2185 = CARTESIAN_POINT ( 'NONE',  ( -13.36064268990514000, -3.490970175769123200, 23.02601229959659800 ) ) ;
#2186 = CARTESIAN_POINT ( 'NONE',  ( 8.966830572098949400, -3.408811202317005900, -84.90824451094567800 ) ) ;
#2187 = CARTESIAN_POINT ( 'NONE',  ( -2.708156096927535100, -0.6229873655166848800, 84.98460663793642300 ) ) ;
#2188 = CARTESIAN_POINT ( 'NONE',  ( -3.248728347693834000, -2.424582956906062000, 91.59999999999999400 ) ) ;
#2189 = CARTESIAN_POINT ( 'NONE',  ( 7.234300556305955300, -3.181104883532454200, -91.94559882657600300 ) ) ;
#2190 = CARTESIAN_POINT ( 'NONE',  ( 7.143837683376738700, 2.631524067894735400, 70.40269887043103800 ) ) ;
#2191 = B_SPLINE_CURVE_WITH_KNOTS ( 'NONE', 3,
 ( #1595, #4067, #3213, #4851 ),
 .UNSPECIFIED., .F., .F.,
 ( 4, 4 ),
 ( 0.0000000000000000000, 1.000000000000000000 ),
 .UNSPECIFIED. ) ;
#2192 = CARTESIAN_POINT ( 'NONE',  ( 2.998950995238259100, 0.01813134663781901900, -78.59257729464060600 ) ) ;
#2193 = CARTESIAN_POINT ( 'NONE',  ( 7.575000000000000200, -3.400000000000000400, -91.59999999999999400 ) ) ;
#2194 = CARTESIAN_POINT ( 'NONE',  ( 5.500000000000000000, -3.500000000000000000, -101.5999999999999900 ) ) ;
#2195 = CARTESIAN_POINT ( 'NONE',  ( 7.048971915750749800, 0.2943990107154806400, 81.05342533890920700 ) ) ;
#2196 = CARTESIAN_POINT ( 'NONE',  ( 13.29785949944605500, -3.502856202887450800, -40.00382185745043300 ) ) ;
#2197 = CARTESIAN_POINT ( 'NONE',  ( -5.872786770718782600, 1.025221833771809100, -86.27860519358182500 ) ) ;
#2198 = CARTESIAN_POINT ( 'NONE',  ( -8.934008887493964900, -3.468040811311905000, 84.93390886500975500 ) ) ;
#2199 = CARTESIAN_POINT ( 'NONE',  ( -6.498602511060180800, 2.254964449777561600, -75.78649749540453200 ) ) ;
#2200 = CARTESIAN_POINT ( 'NONE',  ( 6.477560679311269000, 2.200571816618072800, 75.76491813733530000 ) ) ;
#2201 = CARTESIAN_POINT ( 'NONE',  ( -7.477895013888527800, -3.478853459834970500, 91.59999999999998000 ) ) ;
#2202 = CARTESIAN_POINT ( 'NONE',  ( -7.611053167411868400, 1.090000917744527800, -75.83371176929703900 ) ) ;
#2203 = CARTESIAN_POINT ( 'NONE',  ( -3.829416331527867100, -0.1584509771498687800, 70.40852046335473300 ) ) ;
#2204 = CARTESIAN_POINT ( 'NONE',  ( 5.497564486062443300, 1.407885015740916600, 0.1688646442637471200 ) ) ;
#2205 = CARTESIAN_POINT ( 'NONE',  ( -3.109052673197406900, -1.623752969793905500, 92.73665145521403000 ) ) ;
#2206 = CARTESIAN_POINT ( 'NONE',  ( -5.452379978716774800, -3.390714092315537900, 0.0000000000000000000 ) ) ;
#2207 = CARTESIAN_POINT ( 'NONE',  ( 12.02189268356055200, -3.469463273565001900, -67.63620627501872200 ) ) ;
#2208 = CARTESIAN_POINT ( 'NONE',  ( -3.603406528285587800, -0.2197805307018690400, 78.47213103761093600 ) ) ;
#2209 = ORIENTED_EDGE ( 'NONE', *, *, #1177, .F. ) ;
#2210 = CARTESIAN_POINT ( 'NONE',  ( -7.473699175732674500, -3.533937962933759700, 91.93788137799234100 ) ) ;
#2211 = CARTESIAN_POINT ( 'NONE',  ( 5.458724118193523500, -2.991115921416672900, -96.87035501528724500 ) ) ;
#2212 = CARTESIAN_POINT ( 'NONE',  ( 6.094890187543912300, 0.2891808736517198500, 91.60000000000026400 ) ) ;
#2214 = CARTESIAN_POINT ( 'NONE',  ( 1.119877842172776600, -0.03655926486981942600, -85.15444147810623600 ) ) ;
#2213 = FACE_OUTER_BOUND ( 'NONE', #1542, .T. ) ;
#2215 = CARTESIAN_POINT ( 'NONE',  ( 1.557300761830803200, -2.557322722032138600, -98.30928583163678500 ) ) ;
#2216 = CARTESIAN_POINT ( 'NONE',  ( 6.680422021147630400, -0.07395076556082469400, 86.33596053959249200 ) ) ;
#2217 = CARTESIAN_POINT ( 'NONE',  ( -3.061616997868383100E-016, 3.500000000000000000, 2.500000000000000000 ) ) ;
#2218 = EDGE_CURVE ( 'NONE', #1002, #3746, #2980, .T. ) ;
#2219 = CARTESIAN_POINT ( 'NONE',  ( -4.094189573718742800, 2.578876231780252900, -69.93432127443152500 ) ) ;
#2220 = ORIENTED_EDGE ( 'NONE', *, *, #3277, .F. ) ;
#2221 = CARTESIAN_POINT ( 'NONE',  ( -8.922170796106678700, -3.478510246068841700, 84.93913517184272200 ) ) ;
#2222 = CARTESIAN_POINT ( 'NONE',  ( -6.594572603324483100, 1.599067535561754500, -81.05002487730527600 ) ) ;
#2223 = CARTESIAN_POINT ( 'NONE',  ( 6.471972684724759600, 2.164913676540974700, 75.74847266839776700 ) ) ;
#2224 = CARTESIAN_POINT ( 'NONE',  ( -7.674438083966977700, -3.353084818829482400, 91.60000000000003700 ) ) ;
#2225 = CARTESIAN_POINT ( 'NONE',  ( -7.037365808074919300, 0.2775330453237356800, -81.05196326884707500 ) ) ;
#2226 = ORIENTED_EDGE ( 'NONE', *, *, #4865, .F. ) ;
#2227 = CARTESIAN_POINT ( 'NONE',  ( -0.5404855767538724300, -1.749458338471516500, 91.59999999999998000 ) ) ;
#2228 = CARTESIAN_POINT ( 'NONE',  ( 0.8124265380323695300, 2.492197029946514600, 5.457946530111527700 ) ) ;
#2229 = CARTESIAN_POINT ( 'NONE',  ( -3.802750811285671600, -2.391710323619127700, 97.37052488504970400 ) ) ;
#2230 = CARTESIAN_POINT ( 'NONE',  ( 12.08567792179114700, -3.500033375735298200, -65.00000000000000000 ) ) ;
#2231 = CARTESIAN_POINT ( 'NONE',  ( -5.078179577282570600, 0.6209759716901776000, 64.99999999999997200 ) ) ;
#2232 = PRODUCT_DEFINITION_FORMATION_WITH_SPECIFIED_SOURCE ( 'ANY', '', #5056, .NOT_KNOWN. ) ;
#2233 = CARTESIAN_POINT ( 'NONE',  ( -5.500000000000000000, -3.500000000000000000, 101.5999999999999900 ) ) ;
#2234 = CARTESIAN_POINT ( 'NONE',  ( 6.111995560820832700, -2.709781947833429500, -91.59999999999998000 ) ) ;
#2235 = CARTESIAN_POINT ( 'NONE',  ( 5.657720063575519400, -0.08879999274258683400, -70.66485439059654500 ) ) ;
#2236 = CARTESIAN_POINT ( 'NONE',  ( 8.597266801069935100, 4.308727309818356900, 45.05875648745953300 ) ) ;
#2237 = CARTESIAN_POINT ( 'NONE',  ( 6.580435678470978500, -0.2312567752170645000, 86.32837093055778200 ) ) ;
#2238 = CARTESIAN_POINT ( 'NONE',  ( 11.50841343309991100, -2.469838454414825500, -52.60783528471389300 ) ) ;
#2239 = CARTESIAN_POINT ( 'NONE',  ( 1.709649314139779100, 1.934179348758109600, -64.99999999999998600 ) ) ;
#2240 = CARTESIAN_POINT ( 'NONE',  ( -11.91146287807707100, -3.495627888606577000, 67.67748053202908000 ) ) ;
#2241 = CARTESIAN_POINT ( 'NONE',  ( -6.144530226899998800, 0.2368358839599092900, -91.60000000000026400 ) ) ;
#2242 = CARTESIAN_POINT ( 'NONE',  ( 7.042752249930929400, 2.647406324255696200, 70.38807641077707400 ) ) ;
#2243 = CARTESIAN_POINT ( 'NONE',  ( -7.622467142886963000, 1.147751311632570400, -75.83960237896566500 ) ) ;
#2244 = CARTESIAN_POINT ( 'NONE',  ( -0.1152085646189070800, -0.8761921930293372600, 85.24355164683302600 ) ) ;
#2245 = CARTESIAN_POINT ( 'NONE',  ( 2.939528488548233600, 3.018642228183911100, 4.671985586325110500 ) ) ;
#2246 = CARTESIAN_POINT ( 'NONE',  ( 0.1180673349359078600, -0.2896717723429190800, 91.60000000000002300 ) ) ;
#2247 = CARTESIAN_POINT ( 'NONE',  ( 7.627068485593742500, -3.484494567129924600, -91.59999999999999400 ) ) ;
#2248 = CARTESIAN_POINT ( 'NONE',  ( -4.386504892554291300, 0.4227497619459305600, 71.13854973613990800 ) ) ;
#2249 = COORDINATED_UNIVERSAL_TIME_OFFSET ( 5, 30, .AHEAD. ) ;
#2250 = CARTESIAN_POINT ( 'NONE',  ( -3.320785158278384900, -2.780127480640186100, 97.37007836625018300 ) ) ;
#2251 = CARTESIAN_POINT ( 'NONE',  ( 5.500000000000000000, -3.500000000000000000, -101.5999999999999900 ) ) ;
#2252 = CARTESIAN_POINT ( 'NONE',  ( 0.6837303399099351500, 0.09842912211703736000, -85.22558042773305000 ) ) ;
#2253 = CARTESIAN_POINT ( 'NONE',  ( -2.487189187078144400, -1.173076867064040100, -91.59999999999983800 ) ) ;
#2254 = CARTESIAN_POINT ( 'NONE',  ( 6.733195414333428300, 0.4227518434964501700, 86.34491458141981500 ) ) ;
#2255 = CARTESIAN_POINT ( 'NONE',  ( 12.96936919485861300, -2.969610173496467300, -35.00000000000000000 ) ) ;
#2256 = CARTESIAN_POINT ( 'NONE',  ( -1.343698062242075100, 0.6089182105657340300, -85.59511001973182000 ) ) ;
#2257 = CARTESIAN_POINT ( 'NONE',  ( -11.80054704467097400, -3.501899077608619400, 70.34846376887118400 ) ) ;
#2258 = CARTESIAN_POINT ( 'NONE',  ( -6.573717372366743900, 1.601303147857571700, -81.04731872362447100 ) ) ;
#2259 = CARTESIAN_POINT ( 'NONE',  ( 6.102047552245808900, 1.011472529330825500, 86.30263505647364800 ) ) ;
#2260 = CARTESIAN_POINT ( 'NONE',  ( -7.327963758570162700, 1.394970038538826400, -65.00000000000000000 ) ) ;
#2261 = CARTESIAN_POINT ( 'NONE',  ( -1.340848228853743800, 1.003892119221319000, 65.00000000000002800 ) ) ;
#2262 = CARTESIAN_POINT ( 'NONE',  ( -5.500000000000000000, -3.500000000000000000, 101.5999999999999900 ) ) ;
#2263 = CARTESIAN_POINT ( 'NONE',  ( 10.20188091528621600, -3.485557032649426300, -78.29033390789820100 ) ) ;
#2264 = CARTESIAN_POINT ( 'NONE',  ( -2.499415132661436000, 0.2016658034442799500, 78.70888295621244900 ) ) ;
#2265 = CARTESIAN_POINT ( 'NONE',  ( 0.0000000000000000000, 3.500000000000000000, 0.0000000000000000000 ) ) ;
#2266 = CARTESIAN_POINT ( 'NONE',  ( -2.487189187078144400, -1.173076867064040100, -91.59999999999983800 ) ) ;
#2267 = CARTESIAN_POINT ( 'NONE',  ( 6.416658221636000200, -0.2465062408579819000, -67.72921327587282300 ) ) ;
#2268 = CARTESIAN_POINT ( 'NONE',  ( 5.000222652930276000, -1.511864834312181700, 97.00901297692681200 ) ) ;
#2269 = CARTESIAN_POINT ( 'NONE',  ( 6.324509303079784300, -0.2776081218954847300, 91.59999999999995200 ) ) ;
#2270 = CARTESIAN_POINT ( 'NONE',  ( 12.14090616241077600, -2.364551101557721000, -34.99999999999998600 ) ) ;
#2271 = CARTESIAN_POINT ( 'NONE',  ( -1.426603860347402500, 2.283645218729234200, -69.39108366916887900 ) ) ;
#2272 = CARTESIAN_POINT ( 'NONE',  ( -7.607682799672765000, -3.494381338622723400, 91.59999999999999400 ) ) ;
#2273 = CARTESIAN_POINT ( 'NONE',  ( -6.154119238843909700, 0.2254141888362178300, -91.60000000000026400 ) ) ;
#2274 = CARTESIAN_POINT ( 'NONE',  ( 6.678738991091504000, 2.650732962765480300, 70.31736896577534400 ) ) ;
#2275 = ORIENTED_EDGE ( 'NONE', *, *, #4324, .F. ) ;
#2276 = CARTESIAN_POINT ( 'NONE',  ( -7.777945368998335800, 1.908992604750640300, -70.44815545950476100 ) ) ;
#2277 = CARTESIAN_POINT ( 'NONE',  ( 3.587702466508436900, -0.4077846779806804100, 85.98903052102846800 ) ) ;
#2278 = DIRECTION ( 'NONE',  ( 0.0000000000000000000, 0.0000000000000000000, 1.000000000000000000 ) ) ;
#2279 = CARTESIAN_POINT ( 'NONE',  ( -4.374617301998518400, -2.998997767591870200, 97.03490050757930900 ) ) ;
#2280 = CARTESIAN_POINT ( 'NONE',  ( 10.21926126814619600, -3.470320326632038400, -78.27620627501872300 ) ) ;
#2281 = CARTESIAN_POINT ( 'NONE',  ( -2.864405616686276400, -0.6881593102148746400, 84.97507387356328900 ) ) ;
#2282 = FACE_BOUND ( 'NONE', #13, .T. ) ;
#2283 = CARTESIAN_POINT ( 'NONE',  ( 5.500000000000000000, -3.500000000000000000, -101.5999999999999900 ) ) ;
#2284 = CARTESIAN_POINT ( 'NONE',  ( 6.783327538423542100, -0.2471934027116899900, -65.00000000000000000 ) ) ;
#2285 = ORIENTED_EDGE ( 'NONE', *, *, #1534, .T. ) ;
#2286 = DIRECTION ( 'NONE',  ( 0.0000000000000000000, 0.0000000000000000000, 1.000000000000000000 ) ) ;
#2287 = CARTESIAN_POINT ( 'NONE',  ( 7.124274192474408600, 1.200547536383984400, 81.08963910048619500 ) ) ;
#2288 = CARTESIAN_POINT ( 'NONE',  ( -10.34781850454924700, -2.821033886147007200, 67.67645663504215700 ) ) ;
#2289 = EDGE_CURVE ( 'NONE', #916, #407, #4672, .T. ) ;
#2290 = CARTESIAN_POINT ( 'NONE',  ( -11.78010181972357500, -3.495955262682049400, 70.35496106405817300 ) ) ;
#2291 = CARTESIAN_POINT ( 'NONE',  ( -6.539865602800005300, 1.603509288224376700, -81.04269887043116700 ) ) ;
#2292 = CARTESIAN_POINT ( 'NONE',  ( 6.996980864396083400, 3.233213221323628900, 65.00000000000000000 ) ) ;
#2293 = B_SPLINE_CURVE_WITH_KNOTS ( 'NONE', 3,
 ( #673, #1983, #2900, #436 ),
 .UNSPECIFIED., .F., .F.,
 ( 4, 4 ),
 ( 0.0000000000000000000, 1.000000000000000000 ),
 .UNSPECIFIED. ) ;
#2294 = CARTESIAN_POINT ( 'NONE',  ( -7.640384419215419800, 1.229422329665369900, -75.84769623111040500 ) ) ;
#2295 = CARTESIAN_POINT ( 'NONE',  ( 1.186847885985267400, -1.379842757648159100, 91.60000000000000900 ) ) ;
#2296 = CARTESIAN_POINT ( 'NONE',  ( -6.413366250697373900, -3.469883757836846400, 96.76966179609121400 ) ) ;
#2297 = CARTESIAN_POINT ( 'NONE',  ( -6.665623551968064200, 0.6801757168677998700, 54.09047272086995400 ) ) ;
#2298 = CARTESIAN_POINT ( 'NONE',  ( -3.072495057392669700, -0.7763641147537959600, 84.96374534769582000 ) ) ;
#2299 = DIRECTION ( 'NONE',  ( 0.0000000000000000000, 0.0000000000000000000, -1.000000000000000000 ) ) ;
#2300 = CARTESIAN_POINT ( 'NONE',  ( 5.500000000000000000, -3.500000000000000000, -101.5999999999999900 ) ) ;
#2301 = CARTESIAN_POINT ( 'NONE',  ( 3.072495057392669700, -0.7763641147537959600, -84.96374534769582000 ) ) ;
#2302 = CARTESIAN_POINT ( 'NONE',  ( 6.738072322145830700, 0.3991327400285057400, 86.34490824552362700 ) ) ;
#2303 = LOCAL_TIME ( 12, 26, 38.00000000000000000, #107 ) ;
#2304 = CARTESIAN_POINT ( 'NONE',  ( 12.07119293955065400, -3.202275457983076100, -52.61018983562218700 ) ) ;
#2305 = CARTESIAN_POINT ( 'NONE',  ( -6.373585703283160000, 1.590411155545548900, -81.01363580137035600 ) ) ;
#2306 = CARTESIAN_POINT ( 'NONE',  ( 6.519075273945873900, 2.056686933191700400, 75.66801077817361000 ) ) ;
#2307 = VECTOR ( 'NONE', #4073, 1000.000000000000100 ) ;
#2308 = CARTESIAN_POINT ( 'NONE',  ( 0.002904165436197426900, 1.301999407988037700, 65.00000000000008500 ) ) ;
#2309 = APPLICATION_PROTOCOL_DEFINITION ( 'international standard', 'config_control_design', 1994, #5188 ) ;
#2310 = CARTESIAN_POINT ( 'NONE',  ( -4.196645014294048800, -2.660884966193036000, 91.60000000000003700 ) ) ;
#2311 = CARTESIAN_POINT ( 'NONE',  ( -3.863359722776050600, 1.234244328588178100, 65.00000000000001400 ) ) ;
#2312 = CARTESIAN_POINT ( 'NONE',  ( -2.434601569653649400, -1.245411522773622700, 91.59999999999998000 ) ) ;
#2313 = CARTESIAN_POINT ( 'NONE',  ( 12.04282393643056700, -3.495300514531104700, -65.00000000000000000 ) ) ;
#2314 = CARTESIAN_POINT ( 'NONE',  ( 6.304359740759720100, -3.454829074453073200, -96.77228008868436900 ) ) ;
#2315 = CARTESIAN_POINT ( 'NONE',  ( 4.681931720230950100, -0.6936449235696270400, -78.32749069539161700 ) ) ;
#2316 = EDGE_CURVE ( 'NONE', #4601, #2659, #2831, .T. ) ;
#2317 = CARTESIAN_POINT ( 'NONE',  ( -0.9505398672268596800, -2.539947132595493000, 98.75440387098350900 ) ) ;
#2318 = ADVANCED_FACE ( 'NONE', ( #2213 ), #1376, .T. ) ;
#2319 = CARTESIAN_POINT ( 'NONE',  ( 7.138662578550427200, 2.307607740141465000, 75.89057819754329200 ) ) ;
#2320 = DIRECTION ( 'NONE',  ( 0.0000000000000000000, 1.000000000000000000, 0.0000000000000000000 ) ) ;
#2321 = CARTESIAN_POINT ( 'NONE',  ( 7.874031562348395000, -0.4543329467462974300, -34.99999999999999300 ) ) ;
#2322 = CARTESIAN_POINT ( 'NONE',  ( -6.354554380263732800, 1.586702045863554100, -81.00945793217212600 ) ) ;
#2323 = CARTESIAN_POINT ( 'NONE',  ( 6.788280023930554700, 2.651268891939269500, 70.34072553602074200 ) ) ;
#2324 = AXIS2_PLACEMENT_3D ( 'NONE', #4912, #1671, #4552 ) ;
#2325 = CARTESIAN_POINT ( 'NONE',  ( 6.644133670718318300, 1.264262982704586400, 64.99999999999998600 ) ) ;
#2326 = PERSON_AND_ORGANIZATION_ROLE ( 'design_owner' ) ;
#2327 = CARTESIAN_POINT ( 'NONE',  ( -5.500000000000000000, -3.500000000000000000, 101.5999999999999900 ) ) ;
#2328 = CARTESIAN_POINT ( 'NONE',  ( 5.596319962629918300, 3.250000000000002700, 65.00000000000001400 ) ) ;
#2329 = CARTESIAN_POINT ( 'NONE',  ( -4.461421170145278800, -0.5922802570593296300, 78.35014774712657000 ) ) ;
#2330 = CARTESIAN_POINT ( 'NONE',  ( -11.96426923553686100, -2.757483048195332300, 23.08157454901314400 ) ) ;
#2332 = ORIENTED_EDGE ( 'NONE', *, *, #4777, .T. ) ;
#2331 = CARTESIAN_POINT ( 'NONE',  ( 4.877443877333754500, -0.7856455752632678400, -78.31095620701019300 ) ) ;
#2333 = DIRECTION ( 'NONE',  ( 0.0000000000000000000, 0.0000000000000000000, 1.000000000000000000 ) ) ;
#2334 = CARTESIAN_POINT ( 'NONE',  ( 6.830455607319101400, 2.401672315662577900, 75.86185827574406900 ) ) ;
#2335 = DIRECTION ( 'NONE',  ( 0.0000000000000000000, 1.000000000000000000, -0.0000000000000000000 ) ) ;
#2336 = VECTOR ( 'NONE', #977, 1000.000000000000000 ) ;
#2337 = CARTESIAN_POINT ( 'NONE',  ( 12.72778490315996400, -3.187407010529113500, -34.99999999999999300 ) ) ;
#2338 = CARTESIAN_POINT ( 'NONE',  ( -7.129840948100037300, 2.634323737102044900, -70.40081065677524900 ) ) ;
#2339 = CARTESIAN_POINT ( 'NONE',  ( 5.638138943575417400, 0.4974768202577069500, 91.60000000000000900 ) ) ;
#2340 = ORIENTED_EDGE ( 'NONE', *, *, #2853, .T. ) ;
#2341 = CARTESIAN_POINT ( 'NONE',  ( 5.575849243682224500, -1.000000000000000400, 91.59999999999998000 ) ) ;
#2342 = CARTESIAN_POINT ( 'NONE',  ( 4.838430167212462300, -1.006750071235392100, 91.60000000000000900 ) ) ;
#2343 = CARTESIAN_POINT ( 'NONE',  ( -0.7002196201297720100, 3.338994065169126100, 54.94790748116015800 ) ) ;
#2344 = CARTESIAN_POINT ( 'NONE',  ( -3.124467573015603100, -0.7987444083604793300, 84.96125572851787000 ) ) ;
#2345 = VERTEX_POINT ( 'NONE', #738 ) ;
#2346 = CARTESIAN_POINT ( 'NONE',  ( 3.598920265546281100, -1.579894265190986400, 95.90880774196703800 ) ) ;
#2347 = DIRECTION ( 'NONE',  ( 0.0000000000000000000, 0.0000000000000000000, -1.000000000000000000 ) ) ;
#2348 = CARTESIAN_POINT ( 'NONE',  ( 12.07095665833383600, -3.401247546154780600, -70.11615771178567500 ) ) ;
#2349 = CARTESIAN_POINT ( 'NONE',  ( -4.722381231122407800, -2.439996045692902200, 2.828692905572556700 ) ) ;
#2350 = CARTESIAN_POINT ( 'NONE',  ( 7.118177794854412700, 2.316964707766989000, 75.88947967170942400 ) ) ;
#2351 = CARTESIAN_POINT ( 'NONE',  ( -5.902137354850234300, -2.604209595477471800, 84.95796504409023000 ) ) ;
#2352 = MANIFOLD_SOLID_BREP ( 'Enlèv. mat.-Extru.1', #3291 ) ;
#2353 = CARTESIAN_POINT ( 'NONE',  ( -0.3465883073302139000, -0.7444534312052337700, -5.500000000000009800 ) ) ;
#2354 = CARTESIAN_POINT ( 'NONE',  ( -6.534899318713026900, 1.603673796005009600, -81.04199407626038000 ) ) ;
#2355 = CARTESIAN_POINT ( 'NONE',  ( 5.628394830572341700, 1.026019168075865900, 86.25888597626566000 ) ) ;
#2356 = CARTESIAN_POINT ( 'NONE',  ( 5.845549628002840100, -0.5570646902255138600, 86.28024563583517200 ) ) ;
#2357 = CARTESIAN_POINT ( 'NONE',  ( -2.296081247448642100, -2.610560940458703300, 97.85815940307638500 ) ) ;
#2358 = CARTESIAN_POINT ( 'NONE',  ( -4.888944653252027100, 2.662847721955357000, 35.00000000000000000 ) ) ;
#2359 = CARTESIAN_POINT ( 'NONE',  ( -8.941595571132595000, -1.600098772092630500, 67.56729161852368300 ) ) ;
#2360 = CARTESIAN_POINT ( 'NONE',  ( 8.917949369175069300, -2.111708114796207300, -64.99999999999994300 ) ) ;
#2361 = CARTESIAN_POINT ( 'NONE',  ( 12.07500000000007600, -3.387499999999999700, -65.00000000000000000 ) ) ;
#2362 = CARTESIAN_POINT ( 'NONE',  ( 4.998531811533817800, -1.601132867192234200, -84.90838864676324200 ) ) ;
#2363 = CARTESIAN_POINT ( 'NONE',  ( 7.113782973692718100, 1.219601019862717000, 81.08947284924259700 ) ) ;
#2364 = CARTESIAN_POINT ( 'NONE',  ( -5.175255267363547200, 3.444511200154714900, -10.55173538362115000 ) ) ;
#2365 = CARTESIAN_POINT ( 'NONE',  ( 8.917270405296465100, -1.041764738967407000, -41.94144337423019000 ) ) ;
#2366 = CARTESIAN_POINT ( 'NONE',  ( 3.775458037453868900, 0.01016806734913096300, -67.73785311825051300 ) ) ;
#2367 = CARTESIAN_POINT ( 'NONE',  ( 5.565241188974642500, 0.4999379630442487000, 91.59999999999999400 ) ) ;
#2368 = CARTESIAN_POINT ( 'NONE',  ( 5.854068925863412400, -0.5581933740062078300, 86.28082747077067400 ) ) ;
#2369 = CARTESIAN_POINT ( 'NONE',  ( -1.557300761830803200, -2.557322722032138600, 98.30928583163678500 ) ) ;
#2370 = CARTESIAN_POINT ( 'NONE',  ( -10.90229518007885000, -1.459944882438274800, 35.00000000000002800 ) ) ;
#2371 = CARTESIAN_POINT ( 'NONE',  ( -8.282092450961931400, -2.361934582287275500, 78.15513579244570500 ) ) ;
#2372 = CARTESIAN_POINT ( 'NONE',  ( -7.335949078964521400, 2.184587085928809000, -75.89769668342718500 ) ) ;
#2373 = CARTESIAN_POINT ( 'NONE',  ( 7.550811680725582100, -3.497030537516180100, -91.59999999999999400 ) ) ;
#2374 = CARTESIAN_POINT ( 'NONE',  ( 4.723407679269733700, -2.156834118140998700, -91.60000000000002300 ) ) ;
#2375 = EDGE_CURVE ( 'NONE', #4014, #3061, #2391, .T. ) ;
#2376 = CARTESIAN_POINT ( 'NONE',  ( -4.601079348588411800, -2.327642597506036200, 3.021397709954490600 ) ) ;
#2377 = CARTESIAN_POINT ( 'NONE',  ( 6.324681188308105100, -0.2727009766986720500, 91.59999999999996600 ) ) ;
#2378 = CARTESIAN_POINT ( 'NONE',  ( -4.438290311729540200, 2.735737333946334000, -5.871073698460308200 ) ) ;
#2379 = CARTESIAN_POINT ( 'NONE',  ( -6.746821124404576200, -3.316136826881716600, 91.95943845209420400 ) ) ;
#2380 = CARTESIAN_POINT ( 'NONE',  ( 3.935464259492342400, 0.09402822856297864100, -65.00000000000000000 ) ) ;
#2381 = CARTESIAN_POINT ( 'NONE',  ( 7.335585710628822500, 0.9596999446554543800, 70.38918682754686500 ) ) ;
#2382 = CARTESIAN_POINT ( 'NONE',  ( 5.175315884351128700, -0.1696569241813815600, 98.38101291942410900 ) ) ;
#2383 = CARTESIAN_POINT ( 'NONE',  ( -5.755195802161717100, 4.375000000000001800, -55.02539745077142900 ) ) ;
#2384 = CARTESIAN_POINT ( 'NONE',  ( -5.714963024422827300, -2.551680122061100500, 91.60000000000003700 ) ) ;
#2385 = CARTESIAN_POINT ( 'NONE',  ( -6.135688948893065500, -0.7499239795212731000, -91.59999999999968200 ) ) ;
#2386 = EDGE_LOOP ( 'NONE', ( #1842, #4531, #2903, #3151, #5102, #541, #3304, #719, #4000, #2597 ) ) ;
#2387 = CARTESIAN_POINT ( 'NONE',  ( 5.902137354850234300, -2.604209595477471800, -84.95796504409023000 ) ) ;
#2388 = CARTESIAN_POINT ( 'NONE',  ( 0.1623420578244355900, -1.834828462090690900, -99.99050645971205100 ) ) ;
#2389 = CARTESIAN_POINT ( 'NONE',  ( 10.29338837797925700, -3.354346328556096600, -78.19803456745334800 ) ) ;
#2390 = CARTESIAN_POINT ( 'NONE',  ( -13.26915514171067100, -3.492244288815581100, 35.00000000000000000 ) ) ;
#2391 = LINE ( 'NONE', #4492, #3561 ) ;
#2392 = ADVANCED_FACE ( 'NONE', ( #7 ), #5000, .T. ) ;
#2393 = CARTESIAN_POINT ( 'NONE',  ( 2.710505431213761100E-016, 2.034576191987957500, 5.500000000000000000 ) ) ;
#2394 = CARTESIAN_POINT ( 'NONE',  ( 6.325032547220736500, -0.2589586058170286200, 91.59999999999998000 ) ) ;
#2395 = CARTESIAN_POINT ( 'NONE',  ( -4.882457373097620000, -1.623747630943249000, 78.31469631294959300 ) ) ;
#2396 = CARTESIAN_POINT ( 'NONE',  ( -8.212027809132255400, 3.191262802768008100, -55.02937824372975200 ) ) ;
#2397 = CARTESIAN_POINT ( 'NONE',  ( 4.007104554612896900, 0.06261168385628486400, -65.00000000000000000 ) ) ;
#2398 = ORIENTED_EDGE ( 'NONE', *, *, #2548, .F. ) ;
#2399 = ORIENTED_EDGE ( 'NONE', *, *, #481, .T. ) ;
#2400 = CARTESIAN_POINT ( 'NONE',  ( 6.383019339102705000, -0.4215157709221767900, 86.31459341377328100 ) ) ;
#2401 = CARTESIAN_POINT ( 'NONE',  ( -10.87592070378904200, -2.575125807271929600, 64.99999999999992900 ) ) ;
#2402 = CARTESIAN_POINT ( 'NONE',  ( -2.946523355432882200, -1.449263251698913900, 91.59999999999999400 ) ) ;
#2403 = CARTESIAN_POINT ( 'NONE',  ( -7.747669938283650900, 2.048027517653587800, -70.44973523575096400 ) ) ;
#2404 = EDGE_CURVE ( 'NONE', #4728, #2000, #151, .T. ) ;
#2405 = CARTESIAN_POINT ( 'NONE',  ( 10.23222477039665400, -2.845021310412859900, -70.35293642492540300 ) ) ;
#2406 = CARTESIAN_POINT ( 'NONE',  ( -6.521464476684617900, 0.3026130392090759500, -75.65131771553022600 ) ) ;
#2407 = CARTESIAN_POINT ( 'NONE',  ( -6.102691817818849200, 0.5430812962098321400, 35.00000000000000000 ) ) ;
#2408 = CARTESIAN_POINT ( 'NONE',  ( 6.503735676190431500, -1.535260115693807000, -78.21677729352646200 ) ) ;
#2409 = CARTESIAN_POINT ( 'NONE',  ( -10.34227949739616500, -1.844165503243006400, 35.00000000000003600 ) ) ;
#2410 = CARTESIAN_POINT ( 'NONE',  ( -4.941079713719694200, -2.642467703344775700, 2.426544726305580400 ) ) ;
#2411 = CARTESIAN_POINT ( 'NONE',  ( 7.646496053891751500, 2.798889936207276600, 64.99999999999994300 ) ) ;
#2412 = CARTESIAN_POINT ( 'NONE',  ( -4.926328978792089000, -0.3443489725650449300, 65.00000000000000000 ) ) ;
#2413 = AXIS2_PLACEMENT_3D ( 'NONE', #4470, #2825, #5257 ) ;
#2414 = CARTESIAN_POINT ( 'NONE',  ( -8.467531161739978900, 4.810201473950261400, -45.05593336741956300 ) ) ;
#2415 = CARTESIAN_POINT ( 'NONE',  ( 3.972976464267841600, -0.07322186080509268700, -67.67485012061081300 ) ) ;
#2416 = CARTESIAN_POINT ( 'NONE',  ( 5.767746538948427900, -0.9752968413522333800, 91.59999999999988100 ) ) ;
#2417 = CARTESIAN_POINT ( 'NONE',  ( 3.709654565632028300, 1.643812679281249500, -35.00000000000001400 ) ) ;
#2418 = ADVANCED_FACE ( 'NONE', ( #4273 ), #2070, .F. ) ;
#2419 = CARTESIAN_POINT ( 'NONE',  ( -7.312499999999927200, 5.500000000000001800, -45.02947046347799900 ) ) ;
#2420 = CARTESIAN_POINT ( 'NONE',  ( -10.29338837797925700, -3.354346328556096600, 78.19803456745334800 ) ) ;
#2421 = CARTESIAN_POINT ( 'NONE',  ( -7.115115268280432800, 1.217241557879603400, -81.08949643050291900 ) ) ;
#2422 = CARTESIAN_POINT ( 'NONE',  ( 5.175315884351128700, -0.1696569241813815600, 98.38101291942410900 ) ) ;
#2423 = CARTESIAN_POINT ( 'NONE',  ( -6.592880482700737200, 0.7839195207360785100, -70.32584826533945900 ) ) ;
#2424 = CARTESIAN_POINT ( 'NONE',  ( 8.587608029728986700, 4.163413077083399500, 23.25746102708412300 ) ) ;
#2425 = CARTESIAN_POINT ( 'NONE',  ( 12.09898875134094200, -3.377203229704993400, -67.55966644558428400 ) ) ;
#2426 = CARTESIAN_POINT ( 'NONE',  ( 5.500000000000000000, -3.500000000000000000, -101.5999999999999900 ) ) ;
#2427 = CARTESIAN_POINT ( 'NONE',  ( 7.673587860730875400, 2.755449905536768300, 64.99999999999994300 ) ) ;
#2428 = CARTESIAN_POINT ( 'NONE',  ( -1.854917373834132200, -2.077125901561141900, 91.60000000000003700 ) ) ;
#2429 = CARTESIAN_POINT ( 'NONE',  ( -1.316889408065761600, 1.549138817828105400, -64.99999999999992900 ) ) ;
#2430 = CARTESIAN_POINT ( 'NONE',  ( 3.725952051032681100, 0.1839622008480167000, -65.00000000000000000 ) ) ;
#2431 = CARTESIAN_POINT ( 'NONE',  ( 6.271258870928877000, -0.4859008960557099600, 86.30733488950944800 ) ) ;
#2432 = CARTESIAN_POINT ( 'NONE',  ( 10.32062157405203400, -1.831970258777327700, -35.00000000000000000 ) ) ;
#2433 = CARTESIAN_POINT ( 'NONE',  ( -13.43328611421113400, -3.437700506014824200, 40.00246811756703400 ) ) ;
#2434 = CARTESIAN_POINT ( 'NONE',  ( -8.970870218542328800, -3.382600657848847000, 84.90262397945849700 ) ) ;
#2435 = CARTESIAN_POINT ( 'NONE',  ( -7.798621089933406300, 2.083795400386835500, -65.00000000000002800 ) ) ;
#2436 = B_SPLINE_CURVE_WITH_KNOTS ( 'NONE', 5,
 ( #3769, #1222, #2875, #411, #4594, #2458 ),
 .UNSPECIFIED., .F., .F.,
 ( 6, 6 ),
 ( 0.0000000000000000000, 1.000000000000000000 ),
 .UNSPECIFIED. ) ;
#2437 = ORIENTED_EDGE ( 'NONE', *, *, #984, .F. ) ;
#2438 = CARTESIAN_POINT ( 'NONE',  ( 0.0000000000000000000, 3.500000000000000000, 0.0000000000000000000 ) ) ;
#2439 = CARTESIAN_POINT ( 'NONE',  ( -5.904945333272760200, -0.5607253286008335700, -86.28448210160222200 ) ) ;
#2440 = CARTESIAN_POINT ( 'NONE',  ( 6.026825518760718500, 3.108958647604744400, 23.26988219014421600 ) ) ;
#2441 = CARTESIAN_POINT ( 'NONE',  ( 8.970870218542328800, -3.382600657848847000, -84.90262397945849700 ) ) ;
#2442 = EDGE_CURVE ( 'NONE', #2345, #2000, #4660, .T. ) ;
#2443 = CARTESIAN_POINT ( 'NONE',  ( -4.905262923823018500, -0.09214121221553189800, -98.33504544664333500 ) ) ;
#2444 = CARTESIAN_POINT ( 'NONE',  ( 6.463439892644075300, 0.8611738803630938400, 86.33203674871680300 ) ) ;
#2445 = CARTESIAN_POINT ( 'NONE',  ( -2.549476680035415400, 2.733200515065060500, -6.059905726805790300 ) ) ;
#2446 = VERTEX_POINT ( 'NONE', #3439 ) ;
#2447 = CARTESIAN_POINT ( 'NONE',  ( -8.208273516211974700, 3.323024600393546200, -45.04881468346339100 ) ) ;
#2448 = CARTESIAN_POINT ( 'NONE',  ( 0.3250152331423030200, -1.696683859300798900, -91.59999999999998000 ) ) ;
#2449 = CIRCLE ( 'NONE', #4362, 2.500000000000000000 ) ;
#2450 = CARTESIAN_POINT ( 'NONE',  ( 6.718973794289101200, 0.7754125465397886400, 70.33708468698097200 ) ) ;
#2451 = CARTESIAN_POINT ( 'NONE',  ( 4.656499366474401200, -3.153307385241527400, -24.18245581081911100 ) ) ;
#2452 = CARTESIAN_POINT ( 'NONE',  ( -6.533663619888054400, 2.051772578565271400, -75.65236937956700600 ) ) ;
#2453 = CARTESIAN_POINT ( 'NONE',  ( -11.92014866741161300, -3.519237336298652900, 70.13224966682892600 ) ) ;
#2454 = CARTESIAN_POINT ( 'NONE',  ( -7.118415781238502000, 1.211310185638204700, -81.08955128996088000 ) ) ;
#2455 = ORIENTED_EDGE ( 'NONE', *, *, #1766, .T. ) ;
#2456 = CARTESIAN_POINT ( 'NONE',  ( 7.312499999999926300, 5.500000000000005300, 45.02947046347799900 ) ) ;
#2457 = CARTESIAN_POINT ( 'NONE',  ( -6.653844470736795600, 1.262637212728754800, -64.99999999999998600 ) ) ;
#2458 = CARTESIAN_POINT ( 'NONE',  ( 7.550811680725583000, -3.497030537516179600, -91.59999999999999400 ) ) ;
#2459 = CARTESIAN_POINT ( 'NONE',  ( -0.03834867992640955700, 2.685545651007119600, 23.27765147276359100 ) ) ;
#2460 = DIRECTION ( 'NONE',  ( 1.000000000000000000, 0.0000000000000000000, 0.0000000000000000000 ) ) ;
#2461 = CARTESIAN_POINT ( 'NONE',  ( 7.639324311853663100, -3.323463463182948700, -91.59999999999999400 ) ) ;
#2462 = CARTESIAN_POINT ( 'NONE',  ( -1.789553831184726300, -0.2535439637457045400, -95.37056205318251000 ) ) ;
#2463 = ORIENTED_EDGE ( 'NONE', *, *, #1996, .T. ) ;
#2464 = CARTESIAN_POINT ( 'NONE',  ( 6.630400187028802100, 1.593107552740434400, 81.05436996283192700 ) ) ;
#2465 = CARTESIAN_POINT ( 'NONE',  ( -5.956627282007008100, 5.500000000000001800, -23.28022362359615400 ) ) ;
#2466 = CARTESIAN_POINT ( 'NONE',  ( 3.802750811285671600, -2.391710323619127700, -97.37052488504970400 ) ) ;
#2467 = CARTESIAN_POINT ( 'NONE',  ( 0.8431347878130017700, -1.061663178730185600, -85.09843044722774200 ) ) ;
#2468 = CARTESIAN_POINT ( 'NONE',  ( 7.031442278455085800, 0.2691641161552798500, 81.05122411097833900 ) ) ;
#2469 = CARTESIAN_POINT ( 'NONE',  ( 12.86267587340760000, -3.263362047041263200, -23.04592040610254200 ) ) ;
#2470 = CARTESIAN_POINT ( 'NONE',  ( -7.287096251281642600, 3.129714231336636400, -65.00000000000000000 ) ) ;
#2471 = CARTESIAN_POINT ( 'NONE',  ( -10.29290640064398100, -3.383567558176026900, 78.19966644558428500 ) ) ;
#2472 = CARTESIAN_POINT ( 'NONE',  ( -7.797991517482529400, 2.080136669524498000, -65.00000000000002800 ) ) ;
#2473 = CARTESIAN_POINT ( 'NONE',  ( -6.746489188092560600, 1.251861539461966100, -64.99999999999998600 ) ) ;
#2474 = DIRECTION ( 'NONE',  ( 0.0000000000000000000, -1.000000000000000000, 0.0000000000000000000 ) ) ;
#2475 = CARTESIAN_POINT ( 'NONE',  ( 5.499954366725181600, -3.248008700776063400, -0.02266442556289231500 ) ) ;
#2476 = CARTESIAN_POINT ( 'NONE',  ( -7.130675448363576600, -0.4421070260389650100, 65.00000000000000000 ) ) ;
#2477 = CARTESIAN_POINT ( 'NONE',  ( 8.970114244993046900, -3.371699922788969200, -84.90127791072826800 ) ) ;
#2478 = CARTESIAN_POINT ( 'NONE',  ( -4.450010134575926200, -0.1705472125655154700, -97.49799919643973600 ) ) ;
#2479 = CARTESIAN_POINT ( 'NONE',  ( 7.179501358607944400, 2.623134194680240700, 70.40731872362432900 ) ) ;
#2480 = CARTESIAN_POINT ( 'NONE',  ( 12.21141010944020700, -2.416042901537755100, -23.02661838522486100 ) ) ;
#2481 = CARTESIAN_POINT ( 'NONE',  ( 5.500000000000000000, -3.500000000000000000, -101.5999999999999900 ) ) ;
#2482 = CARTESIAN_POINT ( 'NONE',  ( 0.1023573346433221700, -1.644280614920126100, -91.59999999999998000 ) ) ;
#2483 = CIRCLE ( 'NONE', #604, 2.500000000000000000 ) ;
#2484 = CARTESIAN_POINT ( 'NONE',  ( 5.903576431478642300, -3.354652234528068700, -96.79244758730421000 ) ) ;
#2485 = CARTESIAN_POINT ( 'NONE',  ( 7.571904260245323000, 1.188755645738921500, 70.41318348199449400 ) ) ;
#2486 = CARTESIAN_POINT ( 'NONE',  ( 4.992806608092823100, -3.320580620601477000, -24.02336082407670000 ) ) ;
#2487 = CARTESIAN_POINT ( 'NONE',  ( -6.996980864396083400, 3.233213221323628900, -65.00000000000000000 ) ) ;
#2488 = CARTESIAN_POINT ( 'NONE',  ( -12.05401486791064200, -3.428813497694549500, 70.11705068533839800 ) ) ;
#2489 = CARTESIAN_POINT ( 'NONE',  ( -6.719928352310025900, 0.4732518132102580500, -86.34474821525144300 ) ) ;
#2490 = DIRECTION ( 'NONE',  ( -1.000000000000000000, 0.0000000000000000000, 0.0000000000000000000 ) ) ;
#2491 = CARTESIAN_POINT ( 'NONE',  ( -7.305889680454702000, 1.381900189330330400, -65.00000000000000000 ) ) ;
#2492 = CARTESIAN_POINT ( 'NONE',  ( 5.497952707933458200, -3.279910869073725100, -0.1626422395780707000 ) ) ;
#2493 = CARTESIAN_POINT ( 'NONE',  ( -0.2973685380884908400, -1.796070606107766000, 99.96752272332165000 ) ) ;
#2494 = CARTESIAN_POINT ( 'NONE',  ( -7.312499999999926300, 4.250000000000000000, -35.00000000000000000 ) ) ;
#2495 = CARTESIAN_POINT ( 'NONE',  ( 10.29290640064398100, -3.383567558176026900, -78.19966644558428500 ) ) ;
#2496 = CARTESIAN_POINT ( 'NONE',  ( 2.692543192639606600, 0.2651217127399817500, 91.60000000000000900 ) ) ;
#2497 = CARTESIAN_POINT ( 'NONE',  ( 2.111995562515883100, -1.116946991387025600, -91.59999999999998000 ) ) ;
#2498 = CARTESIAN_POINT ( 'NONE',  ( 6.077450197879860700, 0.3054870637028526700, 91.60000000000029300 ) ) ;
#2499 = CARTESIAN_POINT ( 'NONE',  ( 9.919199284694100200, -0.7419513609521681800, -35.00000000000000000 ) ) ;
#2500 = CARTESIAN_POINT ( 'NONE',  ( 5.500000000000000000, -3.500000000000000000, -101.5999999999999900 ) ) ;
#2501 = CARTESIAN_POINT ( 'NONE',  ( -0.002904165436197426900, 1.301999407988037700, -65.00000000000008500 ) ) ;
#2502 = CARTESIAN_POINT ( 'NONE',  ( 6.675811680763419400, -3.278905605860806400, -91.60000000000000900 ) ) ;
#2503 = B_SPLINE_CURVE_WITH_KNOTS ( 'NONE', 3,
 ( #2971, #3315, #3057, #1813 ),
 .UNSPECIFIED., .F., .F.,
 ( 4, 4 ),
 ( 0.0000000000000000000, 1.000000000000000000 ),
 .UNSPECIFIED. ) ;
#2504 = CARTESIAN_POINT ( 'NONE',  ( 6.065105914316416300, -0.8158742776090184300, 91.59999999999968200 ) ) ;
#2505 = CARTESIAN_POINT ( 'NONE',  ( -5.409646841502265600, 2.068735829641974000, -1.025482422186821100 ) ) ;
#2506 = CARTESIAN_POINT ( 'NONE',  ( -6.303020476477860800, 1.574316210526413700, -80.99687234300590400 ) ) ;
#2507 = CARTESIAN_POINT ( 'NONE',  ( -8.962055957570905600, -3.346586357444428100, 84.89954858597445800 ) ) ;
#2508 = CARTESIAN_POINT ( 'NONE',  ( -7.100894703806790000, 1.241755032694963600, -81.08921668904641000 ) ) ;
#2509 = CARTESIAN_POINT ( 'NONE',  ( 4.723703292664049900, 0.4800804721186269800, 91.59999999999999400 ) ) ;
#2510 = CARTESIAN_POINT ( 'NONE',  ( -7.056807788922984800, 0.8245374824465325800, -70.36466363231689100 ) ) ;
#2511 = CARTESIAN_POINT ( 'NONE',  ( -3.848599838653296200, 3.006491934517394600, -3.936157108324641800 ) ) ;
#2512 = CARTESIAN_POINT ( 'NONE',  ( 5.225223840640141200, -3.429184591355484400, -1.716693279303529000 ) ) ;
#2513 = CARTESIAN_POINT ( 'NONE',  ( -0.1623420578244355900, -1.834828462090690900, 99.99050645971205100 ) ) ;
#2514 = CARTESIAN_POINT ( 'NONE',  ( 7.312499999999927200, 5.500000000000001800, 23.25785260307938500 ) ) ;
#2515 = CARTESIAN_POINT ( 'NONE',  ( 11.90726362579578400, -3.447092324581084300, -70.23855313287803900 ) ) ;
#2516 = CARTESIAN_POINT ( 'NONE',  ( 5.808055027835277600, 2.064300999287797200, 75.46402653936841900 ) ) ;
#2517 = CC_DESIGN_APPROVAL ( #1969, ( #1699 ) ) ;
#2518 = VERTEX_POINT ( 'NONE', #2217 ) ;
#2519 = CARTESIAN_POINT ( 'NONE',  ( 5.500000000000000000, -3.500000000000000000, -101.5999999999999900 ) ) ;
#2520 = CARTESIAN_POINT ( 'NONE',  ( 13.41771719429915600, -3.297056316320183800, -35.00000000000000000 ) ) ;
#2521 = CARTESIAN_POINT ( 'NONE',  ( -5.500000000000000000, -3.500000000000000000, 101.5999999999999900 ) ) ;
#2522 = CARTESIAN_POINT ( 'NONE',  ( 2.089816775599562200, 0.6122165637643094400, -68.24710329366604400 ) ) ;
#2523 = CIRCLE ( 'NONE', #228, 1.250000000000002000 ) ;
#2524 = CARTESIAN_POINT ( 'NONE',  ( 5.500000000000000000, -3.500000000000000000, -101.5999999999999900 ) ) ;
#2525 = CARTESIAN_POINT ( 'NONE',  ( 7.563080686523447200, 1.177180673536578400, 70.41220875969946700 ) ) ;
#2526 = CARTESIAN_POINT ( 'NONE',  ( -5.463645723617629500, 1.859896454552714600, -0.6442427289400984900 ) ) ;
#2527 = CARTESIAN_POINT ( 'NONE',  ( -5.940303340326385900, 1.024621163768027800, -86.28631345530536100 ) ) ;
#2528 = ORIENTED_EDGE ( 'NONE', *, *, #3416, .F. ) ;
#2529 = CARTESIAN_POINT ( 'NONE',  ( -12.05751920069534400, -3.435015512788734500, 67.58262815693024100 ) ) ;
#2530 = CARTESIAN_POINT ( 'NONE',  ( -6.713003406523920800, 0.4958160658467275500, -86.34460834452320900 ) ) ;
#2531 = CARTESIAN_POINT ( 'NONE',  ( -6.606449870277383100, -2.938046997172626600, 91.98338414595545500 ) ) ;
#2532 = CARTESIAN_POINT ( 'NONE',  ( -6.020090195993635300, -0.5553232306746324100, -86.29201622759946100 ) ) ;
#2533 = CARTESIAN_POINT ( 'NONE',  ( 7.312499999999926300, 5.500000000000005300, 23.25785260307938500 ) ) ;
#2534 = CARTESIAN_POINT ( 'NONE',  ( 4.586738841511640400, 2.878507268367561000, 3.035099141670409000 ) ) ;
#2535 = CARTESIAN_POINT ( 'NONE',  ( -6.963241165860361000, 1.373699929695051200, 23.09339618067864200 ) ) ;
#2536 = CARTESIAN_POINT ( 'NONE',  ( 12.05071081851454400, -3.438653025691208200, -67.58958386454320100 ) ) ;
#2537 = CARTESIAN_POINT ( 'NONE',  ( 3.038397187213422300, 0.3163165766397309500, 91.60000000000005100 ) ) ;
#2538 = CARTESIAN_POINT ( 'NONE',  ( 5.500000000000000000, -3.500000000000000000, -101.5999999999999900 ) ) ;
#2539 = CARTESIAN_POINT ( 'NONE',  ( 5.379734944575508500, -3.438998903372055200, -23.95328996164648300 ) ) ;
#2540 = CARTESIAN_POINT ( 'NONE',  ( 1.855223084407636900, -1.876771981872852300, -98.48528102659125200 ) ) ;
#2541 = CARTESIAN_POINT ( 'NONE',  ( -2.094738223894651300, 0.2285469907838393000, -79.96941449221870400 ) ) ;
#2542 = CARTESIAN_POINT ( 'NONE',  ( 5.500000000000000000, -3.500000000000000000, -101.5999999999999900 ) ) ;
#2543 = CARTESIAN_POINT ( 'NONE',  ( 7.547232425013168800, 1.157151344658460500, 70.41047695738592400 ) ) ;
#2544 = CARTESIAN_POINT ( 'NONE',  ( -5.575000000000002800, -1.000000000000004400, -91.59999999999999400 ) ) ;
#2545 = CARTESIAN_POINT ( 'NONE',  ( -4.846377365877853700, 2.625007923199639000, -70.06692317393572000 ) ) ;
#2546 = CARTESIAN_POINT ( 'NONE',  ( -12.03409396563526600, -3.452902464448212200, 67.61925899209073500 ) ) ;
#2547 = CARTESIAN_POINT ( 'NONE',  ( -6.571916522899861100, 2.327642394770359500, -75.81319226473746700 ) ) ;
#2548 = EDGE_CURVE ( 'NONE', #407, #781, #1165, .T. ) ;
#2549 = CARTESIAN_POINT ( 'NONE',  ( -6.986995560419892100, -3.058214594534034900, 91.59999999999998000 ) ) ;
#2550 = CARTESIAN_POINT ( 'NONE',  ( -6.900217625002943200, 0.7872052373602341800, -70.35203746416755200 ) ) ;
#2551 = CARTESIAN_POINT ( 'NONE',  ( -3.935464259492342400, 0.09402822856297864100, 65.00000000000000000 ) ) ;
#2552 = CARTESIAN_POINT ( 'NONE',  ( -2.710505431213761100E-016, 2.034576191987957500, -5.500000000000000000 ) ) ;
#2553 = CARTESIAN_POINT ( 'NONE',  ( 5.499915705305475900, 1.523060095549865400, 0.03451356081176395300 ) ) ;
#2554 = CARTESIAN_POINT ( 'NONE',  ( -5.495108959702397700, -3.314217173722037400, 0.0000000000000000000 ) ) ;
#2555 = CARTESIAN_POINT ( 'NONE',  ( 12.18352647707713600, -3.409510262146695100, -65.00000000000000000 ) ) ;
#2556 = CARTESIAN_POINT ( 'NONE',  ( 5.587734281498556200, 1.553954600205484900, 80.87201229162450000 ) ) ;
#2557 = CARTESIAN_POINT ( 'NONE',  ( 13.33794258506136100, -3.498520748388761700, -23.02588622144453700 ) ) ;
#2558 = CARTESIAN_POINT ( 'NONE',  ( 6.104630885168563600, -2.745342493495884600, -92.03704132010233300 ) ) ;
#2559 = CARTESIAN_POINT ( 'NONE',  ( -3.248832467788079100, 1.023441375383721900, -74.47766400896067300 ) ) ;
#2560 = CARTESIAN_POINT ( 'NONE',  ( 5.500000000000000000, -3.500000000000000000, -101.5999999999999900 ) ) ;
#2561 = CARTESIAN_POINT ( 'NONE',  ( 7.450453215317784500, 2.066376901069473200, 75.89785197517363700 ) ) ;
#2562 = CARTESIAN_POINT ( 'NONE',  ( -7.915376637290567200, 5.388116888409729000, -34.99999999999997200 ) ) ;
#2563 = CARTESIAN_POINT ( 'NONE',  ( -5.883569080409542600, 1.554242606899266500, -80.91777195253128200 ) ) ;
#2564 = CARTESIAN_POINT ( 'NONE',  ( -12.15017336965970600, -3.470426151217923700, 65.00000000000001400 ) ) ;
#2565 = CARTESIAN_POINT ( 'NONE',  ( -7.100763719796335100, 2.326237577894280300, -75.88827071501459900 ) ) ;
#2566 = CARTESIAN_POINT ( 'NONE',  ( 0.1180673349359078600, -0.2896717723429190800, 91.60000000000002300 ) ) ;
#2567 = CARTESIAN_POINT ( 'NONE',  ( -6.866745704602823100, 1.250291916817489700, -64.99999999999998600 ) ) ;
#2568 = CARTESIAN_POINT ( 'NONE',  ( -3.402381996270134000, 0.3163546224133589300, 65.00000000000000000 ) ) ;
#2569 = CARTESIAN_POINT ( 'NONE',  ( 5.500000000000563100, 1.492003218558841900, 0.01209336135280631400 ) ) ;
#2570 = CARTESIAN_POINT ( 'NONE',  ( -7.635275507536288600, -3.316365334926254500, 91.59999999999998000 ) ) ;
#2571 = CARTESIAN_POINT ( 'NONE',  ( -11.11302621422801600, -1.613850028421954400, 22.99238707864483900 ) ) ;
#2572 = CARTESIAN_POINT ( 'NONE',  ( 12.18473959849176300, -3.369235279843554800, -65.00000000000000000 ) ) ;
#2573 = CARTESIAN_POINT ( 'NONE',  ( 0.5122998450535689600, 1.040737583510074500, 79.59022003946365900 ) ) ;
#2574 = CARTESIAN_POINT ( 'NONE',  ( 13.43511312020813300, -3.336622343617651400, -23.03763602274474600 ) ) ;
#2575 = CARTESIAN_POINT ( 'NONE',  ( -6.890020587540935700, -3.349963192196080600, 91.95239495313916200 ) ) ;
#2576 = CARTESIAN_POINT ( 'NONE',  ( 7.576290573974581800, -3.293550582068236500, -91.93936013234511500 ) ) ;
#2577 = CARTESIAN_POINT ( 'NONE',  ( -3.725168442233047500, -1.057080620693898700, -91.60000000000005100 ) ) ;
#2578 = CARTESIAN_POINT ( 'NONE',  ( 2.708156096927535100, -0.6229873655166848800, -84.98460663793642300 ) ) ;
#2579 = CARTESIAN_POINT ( 'NONE',  ( -0.1212717854310145500, -1.986550559059989000, -99.82118079328773800 ) ) ;
#2580 = EDGE_LOOP ( 'NONE', ( #1282, #2528, #2285, #342 ) ) ;
#2581 = CARTESIAN_POINT ( 'NONE',  ( 7.640384419215419800, 1.229422329665369900, 75.84769623111040500 ) ) ;
#2582 = CARTESIAN_POINT ( 'NONE',  ( -5.466157640471617000, 1.095957696284068000, -5.385918619472200000 ) ) ;
#2583 = EDGE_CURVE ( 'NONE', #4207, #22, #4994, .T. ) ;
#2584 = CARTESIAN_POINT ( 'NONE',  ( -6.541944248788661700, 2.051890143860482000, -75.63412547428936300 ) ) ;
#2585 = CARTESIAN_POINT ( 'NONE',  ( -8.963712895802622400, -3.418697374789730200, 84.91131407846513900 ) ) ;
#2586 = CARTESIAN_POINT ( 'NONE',  ( -6.207641223178845800, 0.1529815583158529400, -91.60000000000022200 ) ) ;
#2587 = CARTESIAN_POINT ( 'NONE',  ( 5.930725949115013900, 0.4096468284710984000, 91.60000000000026400 ) ) ;
#2588 = CIRCLE ( 'NONE', #4900, 1.250000000000002000 ) ;
#2589 = CARTESIAN_POINT ( 'NONE',  ( -6.538145286987290000, -3.396775291034118000, 96.76968006617255500 ) ) ;
#2590 = CARTESIAN_POINT ( 'NONE',  ( -7.584900717643533200, 1.206244700770510200, -70.41463001415957000 ) ) ;
#2591 = CARTESIAN_POINT ( 'NONE',  ( -2.496717035533822400, -0.7651307537329781200, 78.34413895884648600 ) ) ;
#2592 = CARTESIAN_POINT ( 'NONE',  ( 4.499012324611739700, 0.3948857285778399900, 3.169233004759167900 ) ) ;
#2593 = CARTESIAN_POINT ( 'NONE',  ( -7.424495560152087700, -3.232430917835104300, 91.59999999999998000 ) ) ;
#2594 = CARTESIAN_POINT ( 'NONE',  ( -5.249758284066310000, -3.443762529998077900, 23.95332616803729300 ) ) ;
#2595 = CARTESIAN_POINT ( 'NONE',  ( 10.24611048990721700, -3.443039919709836500, -78.22958386454317300 ) ) ;
#2596 = CARTESIAN_POINT ( 'NONE',  ( -2.998950995238259100, 0.01813134663781901900, 78.59257729464060600 ) ) ;
#2597 = ORIENTED_EDGE ( 'NONE', *, *, #2218, .F. ) ;
#2598 = VERTEX_POINT ( 'NONE', #3513 ) ;
#2599 = CARTESIAN_POINT ( 'NONE',  ( -5.509145014202041500, -2.988072363667311200, 91.60000000000000900 ) ) ;
#2600 = CARTESIAN_POINT ( 'NONE',  ( 7.477895013888527800, -3.478853459834970500, -91.59999999999998000 ) ) ;
#2601 = CARTESIAN_POINT ( 'NONE',  ( 6.302082052002060000, 0.9546598742056270300, 86.32040532838783500 ) ) ;
#2602 = CARTESIAN_POINT ( 'NONE',  ( 4.762950579737072600, 0.7653733966317504100, -64.99999999999995700 ) ) ;
#2603 = ORIENTED_EDGE ( 'NONE', *, *, #2218, .T. ) ;
#2604 = CARTESIAN_POINT ( 'NONE',  ( 8.212027809132255400, 3.191262802768008100, 55.02937824372975200 ) ) ;
#2605 = CARTESIAN_POINT ( 'NONE',  ( 6.566038001805951700, -0.2499289414310919000, 86.32731500707956200 ) ) ;
#2606 = CARTESIAN_POINT ( 'NONE',  ( 12.74401140838147500, -3.500636023863865200, -52.50155703662636600 ) ) ;
#2607 = CARTESIAN_POINT ( 'NONE',  ( -6.455765010365214000, 3.249934268025708000, -64.99999999999997200 ) ) ;
#2608 = CARTESIAN_POINT ( 'NONE',  ( -12.13668167213277700, -3.480340951438110100, 65.00000000000000000 ) ) ;
#2609 = CARTESIAN_POINT ( 'NONE',  ( -6.109327205984086200, 0.2749533995893548300, -91.60000000000026400 ) ) ;
#2610 = CARTESIAN_POINT ( 'NONE',  ( 6.027370567124235900, 0.3480709075861673800, 91.60000000000029300 ) ) ;
#2611 = CARTESIAN_POINT ( 'NONE',  ( -6.556759420763041700, -3.447311715026180900, 96.76724192927586900 ) ) ;
#2612 = CARTESIAN_POINT ( 'NONE',  ( -6.566038001805951700, -0.2499289414310919000, -86.32731500707956200 ) ) ;
#2613 = CARTESIAN_POINT ( 'NONE',  ( -3.985627352216881900, 0.07204645612146455500, 65.00000000000000000 ) ) ;
#2614 = CARTESIAN_POINT ( 'NONE',  ( -2.590204796240931400, -0.7987684386529359000, 78.31033712664007900 ) ) ;
#2615 = CARTESIAN_POINT ( 'NONE',  ( -5.500000000000000000, -3.500000000000000000, 101.5999999999999900 ) ) ;
#2616 = CARTESIAN_POINT ( 'NONE',  ( 7.214640117858346400, 4.375000000000001800, 55.01631114997885400 ) ) ;
#2617 = CARTESIAN_POINT ( 'NONE',  ( -5.228520124881789000, -3.437037112749414400, 0.0000000000000000000 ) ) ;
#2618 = CARTESIAN_POINT ( 'NONE',  ( 12.04282393643056700, -3.495300514531104700, -65.00000000000000000 ) ) ;
#2619 = CARTESIAN_POINT ( 'NONE',  ( -3.952034457528095200, -0.3672924730109839400, 78.41687040799853000 ) ) ;
#2620 = CARTESIAN_POINT ( 'NONE',  ( -5.903576431478642300, -3.354652234528068700, 96.79244758730421000 ) ) ;
#2621 = CARTESIAN_POINT ( 'NONE',  ( 7.613518841526084400, -3.394623430052362300, -91.93448385855174400 ) ) ;
#2622 = CARTESIAN_POINT ( 'NONE',  ( 6.080163035205360200, 0.3030198114288231200, 91.60000000000027900 ) ) ;
#2623 = CARTESIAN_POINT ( 'NONE',  ( -0.2596594483158828900, -0.2747843331839187600, -91.60000000000000900 ) ) ;
#2624 = CARTESIAN_POINT ( 'NONE',  ( -5.763762000709626900, 0.5021256386628032400, -91.59999999999999400 ) ) ;
#2625 = CARTESIAN_POINT ( 'NONE',  ( 7.584900717643533200, 1.206244700770510200, 70.41463001415957000 ) ) ;
#2626 = CARTESIAN_POINT ( 'NONE',  ( -13.26915514171067500, -3.492244288815582900, 23.32158638610371400 ) ) ;
#2627 = LINE ( 'NONE', #401, #3019 ) ;
#2628 = CARTESIAN_POINT ( 'NONE',  ( -5.565241188974642500, 0.4999379630442487000, -91.59999999999999400 ) ) ;
#2629 = CARTESIAN_POINT ( 'NONE',  ( -11.90030361876833400, -3.460494181924651100, 70.28884426746479600 ) ) ;
#2630 = CARTESIAN_POINT ( 'NONE',  ( -6.323048314375472300, 0.9454805103095376100, -86.32204996149494000 ) ) ;
#2631 = CARTESIAN_POINT ( 'NONE',  ( 6.354554380263732800, 1.586702045863554100, 81.00945793217212600 ) ) ;
#2632 = AXIS2_PLACEMENT_3D ( 'NONE', #4529, #3265, #1616 ) ;
#2633 = CARTESIAN_POINT ( 'NONE',  ( -7.031442278455085800, 0.2691641161552798500, -81.05122411097833900 ) ) ;
#2634 = CARTESIAN_POINT ( 'NONE',  ( 3.450236490783826300, 0.2415112647325381400, 80.37806104205687100 ) ) ;
#2635 = DIRECTION ( 'NONE',  ( 0.0000000000000000000, 0.0000000000000000000, -1.000000000000000000 ) ) ;
#2636 = CARTESIAN_POINT ( 'NONE',  ( 4.723703292664049900, 0.4800804721186269800, 91.59999999999999400 ) ) ;
#2637 = CARTESIAN_POINT ( 'NONE',  ( 8.914369491731193300, -3.484248782748050400, -84.94224995604624000 ) ) ;
#2638 = CARTESIAN_POINT ( 'NONE',  ( -2.079581737215527900, -0.3743904918860281900, 85.03606551880545800 ) ) ;
#2639 = CARTESIAN_POINT ( 'NONE',  ( -5.942832313232300700, -3.121897681404020000, 92.01567112720192700 ) ) ;
#2640 = CARTESIAN_POINT ( 'NONE',  ( 7.569629221911583300, -3.504677565909957600, -91.93723738121686000 ) ) ;
#2641 = CARTESIAN_POINT ( 'NONE',  ( 4.251135326965861200, 0.7307946623441019500, -68.06888295621240600 ) ) ;
#2642 = CARTESIAN_POINT ( 'NONE',  ( -5.742543570862030000, -0.4731011181199776800, -98.04236158657549500 ) ) ;
#2643 = CARTESIAN_POINT ( 'NONE',  ( 7.222756915760602900, 0.7957333966674259300, 81.08330349631201300 ) ) ;
#2644 = CARTESIAN_POINT ( 'NONE',  ( 12.96936919485861500, -2.969610173496466800, -40.01762318879649900 ) ) ;
#2645 = CARTESIAN_POINT ( 'NONE',  ( -1.394271579942802500, 1.204896510763769200, -79.85877850993006200 ) ) ;
#2646 = CARTESIAN_POINT ( 'NONE',  ( -10.14172525223163200, -3.501967708371569000, 78.31101059883705800 ) ) ;
#2647 = CARTESIAN_POINT ( 'NONE',  ( -6.517599053354827800, 2.279342903484146400, -75.79519563293634100 ) ) ;
#2648 = CARTESIAN_POINT ( 'NONE',  ( 6.383397518942242500, 1.592172758270775400, 81.01571948307928000 ) ) ;
#2649 = CARTESIAN_POINT ( 'NONE',  ( -7.613416113876958500, 1.100388927126827500, -75.83479667158646000 ) ) ;
#2650 = CARTESIAN_POINT ( 'NONE',  ( -2.089816775599562200, 0.6122165637643094400, 68.24710329366604400 ) ) ;
#2651 = CARTESIAN_POINT ( 'NONE',  ( 4.586738841511640400, 2.878507268367561000, 3.035099141670409000 ) ) ;
#2652 = CARTESIAN_POINT ( 'NONE',  ( -5.500000000000000000, -3.500000000000000000, 101.5999999999999900 ) ) ;
#2653 = CARTESIAN_POINT ( 'NONE',  ( 10.15414213913295100, -3.501729322662282300, -78.30777135554414800 ) ) ;
#2654 = CARTESIAN_POINT ( 'NONE',  ( -0.5557569461454675600, -0.5290004530701872800, 91.60000000000000900 ) ) ;
#2655 = ORIENTED_EDGE ( 'NONE', *, *, #938, .T. ) ;
#2656 = CARTESIAN_POINT ( 'NONE',  ( -6.413366250697373900, -3.469883757836846400, 96.76966179609121400 ) ) ;
#2657 = CARTESIAN_POINT ( 'NONE',  ( -3.598920265546281100, -1.579894265190986400, -95.90880774196703800 ) ) ;
#2659 = VERTEX_POINT ( 'NONE', #4388 ) ;
#2658 = CARTESIAN_POINT ( 'NONE',  ( -0.6127114180510429000, -0.1779070455900585200, -91.59999999999998000 ) ) ;
#2660 = CARTESIAN_POINT ( 'NONE',  ( -4.838430167212462300, -1.006750071235392100, -91.60000000000000900 ) ) ;
#2661 = CARTESIAN_POINT ( 'NONE',  ( 7.712816961465055200, 2.141033715012869500, 70.44963910048619500 ) ) ;
#2662 = DIRECTION ( 'NONE',  ( 0.0000000000000000000, 1.000000000000000000, 0.0000000000000000000 ) ) ;
#2663 = EDGE_CURVE ( 'NONE', #3746, #1757, #3951, .T. ) ;
#2664 = CARTESIAN_POINT ( 'NONE',  ( -4.093176569671714800, 0.4309039440911763800, -91.60000000000006500 ) ) ;
#2665 = CLOSED_SHELL ( 'NONE', ( #2418, #4706, #347, #4065, #1013, #832, #3258, #3859, #2392, #4473, #2015, #777, #1592, #4858 ) ) ;
#2666 = CARTESIAN_POINT ( 'NONE',  ( -12.08567792179114700, -3.500033375735298200, 65.00000000000000000 ) ) ;
#2667 = CARTESIAN_POINT ( 'NONE',  ( -7.663027218415099800, 2.772969761729192000, -64.99999999999994300 ) ) ;
#2668 = CARTESIAN_POINT ( 'NONE',  ( 6.476921690988590700, 2.107954231667514400, 75.71734380613284500 ) ) ;
#2669 = CARTESIAN_POINT ( 'NONE',  ( -6.053621759979593600, -0.8256580272503963900, -91.59999999999968200 ) ) ;
#2670 = VERTEX_POINT ( 'NONE', #2735 ) ;
#2671 = CARTESIAN_POINT ( 'NONE',  ( 1.624745414186618900, 1.309512077109826100, 69.32941449221870300 ) ) ;
#2672 = CARTESIAN_POINT ( 'NONE',  ( 2.400380103091954700, -0.04072456114653959900, 4.951938761527745000 ) ) ;
#2673 = CARTESIAN_POINT ( 'NONE',  ( -2.088325561229120300, -2.246074405031257100, 92.79051739311965700 ) ) ;
#2674 = CARTESIAN_POINT ( 'NONE',  ( 8.162881740689112300, 5.209115622387726000, 45.04888591020164100 ) ) ;
#2675 = CARTESIAN_POINT ( 'NONE',  ( 10.17687546614174300, -3.498245635986641000, -78.30115943843915700 ) ) ;
#2676 = CARTESIAN_POINT ( 'NONE',  ( -1.549109481728525600, -0.1821429487173759100, 85.09628864732030700 ) ) ;
#2677 = CARTESIAN_POINT ( 'NONE',  ( -0.1623420578244355900, -1.834828462090690900, 99.99050645971205100 ) ) ;
#2678 = CARTESIAN_POINT ( 'NONE',  ( 4.194904221485423100, -2.710598173594952700, -92.26053410948124200 ) ) ;
#2679 = CARTESIAN_POINT ( 'NONE',  ( 6.921543770171569900, -0.6865290751911890000, -70.35599623766505300 ) ) ;
#2680 = DIRECTION ( 'NONE',  ( -0.8075565027142513900, -0.5897902126382969000, -0.0000000000000000000 ) ) ;
#2681 = CARTESIAN_POINT ( 'NONE',  ( 6.318134577190406300, -0.3519692570995622800, 91.59999999999990900 ) ) ;
#2682 = CARTESIAN_POINT ( 'NONE',  ( -5.601186592583172100, -3.432131918539971200, 23.90666067620413700 ) ) ;
#2683 = CARTESIAN_POINT ( 'NONE',  ( 0.4600450460384835600, 1.916126946105138200, -68.95022003946367300 ) ) ;
#2684 = CARTESIAN_POINT ( 'NONE',  ( -11.95262711332264700, -3.501695169439779800, 67.66777135554414700 ) ) ;
#2685 = CARTESIAN_POINT ( 'NONE',  ( -6.491159178883281200, 2.243238944795370200, -75.78234551818705700 ) ) ;
#2686 = CARTESIAN_POINT ( 'NONE',  ( 6.180691586555612500, 1.550711455375574300, 80.95736896577535900 ) ) ;
#2687 = B_SPLINE_CURVE_WITH_KNOTS ( 'NONE', 3,
 ( #3744, #4953, #3302, #854, #4582, #1683, #3722, #25, #4162, #1253, #4998, #2113, #455, #2884, #2941, #836 ),
 .UNSPECIFIED., .F., .F.,
 ( 4, 2, 2, 2, 2, 2, 2, 4 ),
 ( 0.009019898739957756700, 0.009943663569308569200, 0.01086742839865938200, 0.01271495805736100700, 0.01363872288671182100, 0.01456248771606263300, 0.01548625254541344600, 0.01641001737476426000 ),
 .UNSPECIFIED. ) ;
#2688 = CARTESIAN_POINT ( 'NONE',  ( -6.750624557664156800, 0.2311620537453197000, -86.34357632207479600 ) ) ;
#2689 = CARTESIAN_POINT ( 'NONE',  ( -2.363803043902819500, 0.6939293055735059600, 65.00000000000001400 ) ) ;
#2690 =( NAMED_UNIT ( * ) PLANE_ANGLE_UNIT ( ) SI_UNIT ( $, .RADIAN. ) );
#2691 = CARTESIAN_POINT ( 'NONE',  ( -7.473699175732674500, -3.533937962933759700, 91.93788137799234100 ) ) ;
#2692 = CARTESIAN_POINT ( 'NONE',  ( 11.97650021249547500, -3.498352212771990800, -67.66115943843915700 ) ) ;
#2693 = CARTESIAN_POINT ( 'NONE',  ( -1.512451053556452800, -0.8783870594269301800, 91.60000000000000900 ) ) ;
#2694 = APPROVAL_PERSON_ORGANIZATION ( #3008, #4974, #4378 ) ;
#2695 = CARTESIAN_POINT ( 'NONE',  ( 5.211462668657368600, -3.189792391704306100, -96.86851599800185400 ) ) ;
#2696 = CARTESIAN_POINT ( 'NONE',  ( 7.163231072387155500, -0.6394779869911262300, -67.66591850289836400 ) ) ;
#2697 = EDGE_CURVE ( 'NONE', #1560, #464, #1180, .T. ) ;
#2698 = CIRCLE ( 'NONE', #4449, 5.500000000000000000 ) ;
#2699 = CARTESIAN_POINT ( 'NONE',  ( 7.797131587626891400, 2.075262011488318700, 65.00000000000002800 ) ) ;
#2700 = CARTESIAN_POINT ( 'NONE',  ( -5.405684434632529900, -2.962281127268910500, 91.60000000000009400 ) ) ;
#2701 = CARTESIAN_POINT ( 'NONE',  ( -8.832734828260328200, -3.496675217658393700, 84.95874026601454400 ) ) ;
#2702 = CARTESIAN_POINT ( 'NONE',  ( -6.489146310642580900, 2.239103471499720200, -75.78076872519277200 ) ) ;
#2703 = CARTESIAN_POINT ( 'NONE',  ( 6.759200990390687600, 2.650552092334512700, 70.33466533855343500 ) ) ;
#2704 = ORIENTED_EDGE ( 'NONE', *, *, #288, .F. ) ;
#2705 = AXIS2_PLACEMENT_3D ( 'NONE', #4339, #2333, #5197 ) ;
#2706 = CARTESIAN_POINT ( 'NONE',  ( -7.727388212573875300, 1.454817587760580000, -70.43192107918541500 ) ) ;
#2707 = CARTESIAN_POINT ( 'NONE',  ( -0.5454049453729784600, 0.9978282895530242700, 68.70906233126451900 ) ) ;
#2708 = APPROVAL_STATUS ( 'not_yet_approved' ) ;
#2709 = CARTESIAN_POINT ( 'NONE',  ( -6.085740376444058500, -3.399194561495446200, 96.78146330470583800 ) ) ;
#2710 = CARTESIAN_POINT ( 'NONE',  ( -13.28631023885851000, -3.498586476245995500, 35.00000000000000000 ) ) ;
#2711 = CARTESIAN_POINT ( 'NONE',  ( 2.590204796240931400, -0.7987684386529359000, -78.31033712664007900 ) ) ;
#2712 = CARTESIAN_POINT ( 'NONE',  ( -5.199977798198320400, -0.9364358007925448500, 78.28633856719344000 ) ) ;
#2713 = CARTESIAN_POINT ( 'NONE',  ( 5.175315884351128700, -0.1696569241813815600, 98.38101291942410900 ) ) ;
#2714 = CARTESIAN_POINT ( 'NONE',  ( 5.500000000000000000, -3.500000000000000000, -101.5999999999999900 ) ) ;
#2715 = CARTESIAN_POINT ( 'NONE',  ( 1.364756808452586100, -0.8210243847211671200, -91.60000000000000900 ) ) ;
#2716 = CARTESIAN_POINT ( 'NONE',  ( 7.707608884562414000, 2.152647796179195400, 70.44955128996092200 ) ) ;
#2717 = CARTESIAN_POINT ( 'NONE',  ( -6.131833922525300900, -3.143299764326104000, 91.60000000000003700 ) ) ;
#2718 = CARTESIAN_POINT ( 'NONE',  ( 10.90634091824162200, -2.627101893737120000, -52.82639375731731900 ) ) ;
#2719 = CARTESIAN_POINT ( 'NONE',  ( -5.918214961054778700, 0.4162777962761608500, -91.60000000000026400 ) ) ;
#2720 = CARTESIAN_POINT ( 'NONE',  ( 5.926027618978443100, 1.024894249476449000, 86.28476465842472000 ) ) ;
#2721 = CARTESIAN_POINT ( 'NONE',  ( 8.511490851541692500, 3.778267773706527800, 35.00000000000003600 ) ) ;
#2722 = ORIENTED_EDGE ( 'NONE', *, *, #668, .F. ) ;
#2723 = CARTESIAN_POINT ( 'NONE',  ( 6.119693459835881200, -0.1150386252616902900, 80.96087535899336300 ) ) ;
#2724 = CARTESIAN_POINT ( 'NONE',  ( -4.194904221485423100, -2.710598173594952700, 92.26053410948124200 ) ) ;
#2725 = CARTESIAN_POINT ( 'NONE',  ( -8.813313340328031500, 0.06572055313576348500, 35.00000000000000000 ) ) ;
#2726 = CARTESIAN_POINT ( 'NONE',  ( -7.061967188581501600, -0.4029758080423087000, 65.00000000000000000 ) ) ;
#2727 = VECTOR ( 'NONE', #5283, 1000.000000000000000 ) ;
#2728 = DIRECTION ( 'NONE',  ( -0.0000000000000000000, -0.0000000000000000000, -1.000000000000000000 ) ) ;
#2729 = CARTESIAN_POINT ( 'NONE',  ( -6.735557395310442000E-016, -3.500000000000000000, -5.500000000000000000 ) ) ;
#2730 = CARTESIAN_POINT ( 'NONE',  ( 7.126188783889153600, -0.6198402251271233300, -67.66847104652882200 ) ) ;
#2731 = ORIENTED_EDGE ( 'NONE', *, *, #373, .T. ) ;
#2732 = EDGE_LOOP ( 'NONE', ( #2655, #2399, #5028, #700, #2220, #2704, #1077, #597 ) ) ;
#2733 = CARTESIAN_POINT ( 'NONE',  ( -13.38622377657985900, -3.274055437160718500, 35.00000000000000000 ) ) ;
#2734 = CARTESIAN_POINT ( 'NONE',  ( 6.322256373933972100, -0.3158474349950853900, 91.59999999999993700 ) ) ;
#2735 = CARTESIAN_POINT ( 'NONE',  ( 7.202240460310553000, 3.004872362403155700, 35.00000000000000000 ) ) ;
#2736 = AXIS2_PLACEMENT_3D ( 'NONE', #4802, #696, #3096 ) ;
#2737 = CARTESIAN_POINT ( 'NONE',  ( 4.612033144759637400, -0.2051890421822103200, -64.99999999999998600 ) ) ;
#2738 = CARTESIAN_POINT ( 'NONE',  ( -6.088233098187057400, 0.2955221128262427400, -91.60000000000027900 ) ) ;
#2739 = CARTESIAN_POINT ( 'NONE',  ( 6.008353362658267500, 1.021954744311182900, 86.29334803102024400 ) ) ;
#2740 = CARTESIAN_POINT ( 'NONE',  ( 6.166999980417624100, -0.1203858579863107500, 80.96584826533941700 ) ) ;
#2741 = CARTESIAN_POINT ( 'NONE',  ( -6.311228347479147500, -3.188020217679367300, 91.60000000000000900 ) ) ;
#2742 = CARTESIAN_POINT ( 'NONE',  ( -1.127790289343627800, -1.367487112031255500, 5.390543744727435400 ) ) ;
#2743 = CARTESIAN_POINT ( 'NONE',  ( -3.176423625188876000, -0.8212907945899093900, 84.95893515720791800 ) ) ;
#2744 = CARTESIAN_POINT ( 'NONE',  ( -6.164800110518277700, -0.8371507394188374400, -91.59999999999999400 ) ) ;
#2745 = CARTESIAN_POINT ( 'NONE',  ( 4.942852099057882100, -0.8161771004039448700, -78.30591850289833600 ) ) ;
#2746 = CARTESIAN_POINT ( 'NONE',  ( 6.928327590955409400, 1.450999990674205000, 81.08157155341567100 ) ) ;
#2747 = CARTESIAN_POINT ( 'NONE',  ( -10.46380385298803100, -2.796161992501015700, 64.99999999999997200 ) ) ;
#2748 = CARTESIAN_POINT ( 'NONE',  ( -5.484639492678873300, 1.274435565630001900, -0.4193113466810433100 ) ) ;
#2749 = CARTESIAN_POINT ( 'NONE',  ( -7.555681281594739400, 2.917680725551460100, -64.99999999999997200 ) ) ;
#2750 = CARTESIAN_POINT ( 'NONE',  ( 6.228788859718103600, 1.554842589628582500, 80.97466533855346400 ) ) ;
#2751 = CIRCLE ( 'NONE', #4560, 0.1250000000000001100 ) ;
#2752 = CARTESIAN_POINT ( 'NONE',  ( 5.863656282095479200, -0.5590358093279599300, 86.28152287827065000 ) ) ;
#2753 = CARTESIAN_POINT ( 'NONE',  ( 2.487189187078144400, -1.173076867064040100, 91.59999999999983800 ) ) ;
#2754 = ORIENTED_EDGE ( 'NONE', *, *, #3969, .F. ) ;
#2755 = CARTESIAN_POINT ( 'NONE',  ( 1.570508238728616200, -1.275399761486496500, -84.95516856332004400 ) ) ;
#2756 = CARTESIAN_POINT ( 'NONE',  ( -4.039390917849457800, -1.193392590237559500, 84.92873179963621100 ) ) ;
#2757 = CARTESIAN_POINT ( 'NONE',  ( 6.419066497656505300, -1.228489802778739200, -70.34962503206385500 ) ) ;
#2758 = CARTESIAN_POINT ( 'NONE',  ( 5.500000000000000000, -3.500000000000000000, -101.5999999999999900 ) ) ;
#2759 = CARTESIAN_POINT ( 'NONE',  ( 6.998527737692379300, -2.456807352174188400, -84.87756789622287100 ) ) ;
#2760 = EDGE_CURVE ( 'NONE', #3995, #4790, #997, .T. ) ;
#2761 = CARTESIAN_POINT ( 'NONE',  ( -5.225223840640141200, -3.429184591355484400, 1.716693279303529000 ) ) ;
#2762 = CARTESIAN_POINT ( 'NONE',  ( 7.089558443201604600, 2.331823395037076800, 75.88745905699413200 ) ) ;
#2763 = CARTESIAN_POINT ( 'NONE',  ( -7.272878014995420400, -1.490608911064571700, 67.67536923830650200 ) ) ;
#2764 = CARTESIAN_POINT ( 'NONE',  ( 12.13067544833451100, -3.289742675707854500, -65.00000000000000000 ) ) ;
#2765 = CARTESIAN_POINT ( 'NONE',  ( -6.473390158848458100, 2.126031503723137700, -75.72789715189415500 ) ) ;
#2766 = CARTESIAN_POINT ( 'NONE',  ( 5.871049480854472000, 1.025423365042032800, 86.27853137749254100 ) ) ;
#2767 = CARTESIAN_POINT ( 'NONE',  ( 5.888451486080197300, -0.5601015826109907400, 86.28332708965497500 ) ) ;
#2768 = CARTESIAN_POINT ( 'NONE',  ( 5.000222652930276000, -1.511864834312181700, 97.00901297692681200 ) ) ;
#2769 = CARTESIAN_POINT ( 'NONE',  ( -7.537410510304390200, -0.6737536785109018400, 65.00000000000000000 ) ) ;
#2770 = CARTESIAN_POINT ( 'NONE',  ( -8.955490760577932400, -3.335473738477718400, 84.89912042895129200 ) ) ;
#2771 = CARTESIAN_POINT ( 'NONE',  ( 5.630195017442184200, -1.892410213393801900, -78.31536923830654500 ) ) ;
#2772 = CARTESIAN_POINT ( 'NONE',  ( -6.143903355988563900, -1.070563694062896900, -97.48172458847388100 ) ) ;
#2774 = VERTEX_POINT ( 'NONE', #4404 ) ;
#2773 = CARTESIAN_POINT ( 'NONE',  ( 8.282092450961931400, -2.361934582287275500, -78.15513579244570500 ) ) ;
#2775 = CARTESIAN_POINT ( 'NONE',  ( -5.039468909172123600, -2.733506238000674500, 2.215889138689990800 ) ) ;
#2776 = CARTESIAN_POINT ( 'NONE',  ( 6.325077877886817700, -0.2422703399451262800, 91.59999999999995200 ) ) ;
#2777 = CARTESIAN_POINT ( 'NONE',  ( -4.586738841511640400, 2.878507268367561000, -3.035099141670409000 ) ) ;
#2778 = ORIENTED_EDGE ( 'NONE', *, *, #2289, .F. ) ;
#2779 = CARTESIAN_POINT ( 'NONE',  ( -5.499834580438649000, 1.475455863458865300, -0.04395662302204639300 ) ) ;
#2780 = CARTESIAN_POINT ( 'NONE',  ( 0.5404855767538724300, -1.749458338471516500, -91.59999999999998000 ) ) ;
#2781 = ORIENTED_EDGE ( 'NONE', *, *, #4031, .T. ) ;
#2782 = CARTESIAN_POINT ( 'NONE',  ( 5.584351901165877800, -0.9999475940724998900, 91.59999999999996600 ) ) ;
#2783 = CARTESIAN_POINT ( 'NONE',  ( -5.500000000000000000, -3.500000000000000000, 101.5999999999999900 ) ) ;
#2784 = CARTESIAN_POINT ( 'NONE',  ( 3.863359722776050600, 1.234244328588178100, -65.00000000000001400 ) ) ;
#2785 = CARTESIAN_POINT ( 'NONE',  ( -3.794461570183167900, -1.786919659182252300, 91.60000000000002300 ) ) ;
#2786 = CARTESIAN_POINT ( 'NONE',  ( -7.180540068129263700, 0.5490270444688003500, -81.07192107918528700 ) ) ;
#2787 = ORIENTED_EDGE ( 'NONE', *, *, #1534, .F. ) ;
#2788 = CARTESIAN_POINT ( 'NONE',  ( 3.713036499837402800, -1.936278057290624400, -84.95734815647485000 ) ) ;
#2789 = CARTESIAN_POINT ( 'NONE',  ( -5.566735720084823300, 0.4999544664027813500, -91.59999999999999400 ) ) ;
#2790 = CARTESIAN_POINT ( 'NONE',  ( 9.582292136618200100, -1.949647561176319100, -67.54701539812400300 ) ) ;
#2791 = CARTESIAN_POINT ( 'NONE',  ( -13.26915514171067100, -3.492244288815581100, 40.00417574954925500 ) ) ;
#2792 = CARTESIAN_POINT ( 'NONE',  ( 7.100763719796335100, 2.326237577894280300, 75.88827071501459900 ) ) ;
#2793 = CARTESIAN_POINT ( 'NONE',  ( -4.438290311729540200, 2.735737333946334000, 0.0000000000000000000 ) ) ;
#2794 = CARTESIAN_POINT ( 'NONE',  ( -7.739481818608713800, 3.033438695126689400, -45.03633987025011000 ) ) ;
#2795 = CARTESIAN_POINT ( 'NONE',  ( 4.035688327846529000, 0.04999761927829515800, -65.00000000000000000 ) ) ;
#2796 = CARTESIAN_POINT ( 'NONE',  ( 6.746489188092560600, 1.251861539461966100, 64.99999999999998600 ) ) ;
#2797 = CARTESIAN_POINT ( 'NONE',  ( -0.05052419252702244200, -1.627316599414467600, 91.59999999999998000 ) ) ;
#2798 = CARTESIAN_POINT ( 'NONE',  ( -3.140105572608553200, 4.185706080450992200, -55.04672188883633800 ) ) ;
#2799 = CARTESIAN_POINT ( 'NONE',  ( -5.266311455138431800, -1.715026818441012700, 84.90364580926184600 ) ) ;
#2800 = CARTESIAN_POINT ( 'NONE',  ( -7.664639730076877400, 1.570258109074861300, -75.87677274795665000 ) ) ;
#2801 = CARTESIAN_POINT ( 'NONE',  ( 7.373432227444727300, -3.051594379601573000, -84.95822831752110500 ) ) ;
#2802 = CARTESIAN_POINT ( 'NONE',  ( 7.405865196312994700, 2.986840821713614400, 35.00000000000000000 ) ) ;
#2803 = CARTESIAN_POINT ( 'NONE',  ( 8.395830091750694300, -1.435845837258726200, -70.15316868681284700 ) ) ;
#2804 = CALENDAR_DATE ( 2016, 29, 7 ) ;
#2805 = CARTESIAN_POINT ( 'NONE',  ( -5.497622251550462000, -3.217702581612571900, 0.1646605682163835300 ) ) ;
#2806 = CARTESIAN_POINT ( 'NONE',  ( 6.713003406523920800, 0.4958160658467275500, 86.34460834452320900 ) ) ;
#2807 = CARTESIAN_POINT ( 'NONE',  ( -3.987009998229922700, -0.07922085577355933400, 67.67033712664007800 ) ) ;
#2808 = CARTESIAN_POINT ( 'NONE',  ( -7.810700331786265800, 2.494236761034255100, -65.00000000000000000 ) ) ;
#2809 = CARTESIAN_POINT ( 'NONE',  ( 2.559063211936545700, -0.7875268178106076300, -78.32161502529864100 ) ) ;
#2810 = CARTESIAN_POINT ( 'NONE',  ( 6.779457238253163700, 1.250270901356918700, 64.99999999999998600 ) ) ;
#2811 = CARTESIAN_POINT ( 'NONE',  ( -8.386223776579909000, 0.3776408259240731100, 35.00000000000000000 ) ) ;
#2812 = CARTESIAN_POINT ( 'NONE',  ( -12.96936919485861500, -2.969610173496466800, 40.01762318879649900 ) ) ;
#2813 = CARTESIAN_POINT ( 'NONE',  ( -9.303047147780416600, -1.679331645164397600, 65.00000000000000000 ) ) ;
#2814 = CARTESIAN_POINT ( 'NONE',  ( -7.155992683948428000, 1.134641903022692600, -81.08981649104734400 ) ) ;
#2815 = CARTESIAN_POINT ( 'NONE',  ( 3.987009998229922700, -0.07922085577355933400, -67.67033712664007800 ) ) ;
#2816 = CARTESIAN_POINT ( 'NONE',  ( -6.563296736786389500, 0.7875089157286255800, -70.32304575654137600 ) ) ;
#2817 = CARTESIAN_POINT ( 'NONE',  ( 7.915376637290567200, 5.388116888409729000, 23.25091993048927500 ) ) ;
#2818 = CARTESIAN_POINT ( 'NONE',  ( 8.604527075602501200, -1.281505513253458300, -65.00000000000001400 ) ) ;
#2819 = CARTESIAN_POINT ( 'NONE',  ( -10.34227949739616500, -1.844165503243006400, 41.30203621008836700 ) ) ;
#2820 = AXIS2_PLACEMENT_3D ( 'NONE', #413, #2858, #2460 ) ;
#2821 = CARTESIAN_POINT ( 'NONE',  ( -0.6909348014149893100, 1.490972618346815900, 5.457228716751601800 ) ) ;
#2822 = CARTESIAN_POINT ( 'NONE',  ( 6.207641223178845800, 0.1529815583158529400, 91.60000000000022200 ) ) ;
#2823 = CARTESIAN_POINT ( 'NONE',  ( -1.570508238728616200, -1.275399761486496500, 84.95516856332004400 ) ) ;
#2824 = CARTESIAN_POINT ( 'NONE',  ( -7.214640117858346400, 4.375000000000001800, -55.01631114997885400 ) ) ;
#2825 = DIRECTION ( 'NONE',  ( 0.0000000000000000000, 0.0000000000000000000, 1.000000000000000000 ) ) ;
#2826 = CARTESIAN_POINT ( 'NONE',  ( 6.280507857661274500, -0.1238726442392451400, 80.97708468698093000 ) ) ;
#2827 = CARTESIAN_POINT ( 'NONE',  ( 7.693987356707471500, -0.3529528159032009900, -23.22325450490696100 ) ) ;
#2828 = CARTESIAN_POINT ( 'NONE',  ( 0.4026784294472274300, 2.391435753179474800, -64.99999999999992900 ) ) ;
#2829 = CARTESIAN_POINT ( 'NONE',  ( -12.09961438355102800, -3.346823178263799400, 67.55796246428971600 ) ) ;
#2830 = CARTESIAN_POINT ( 'NONE',  ( -7.131227184418840200, 1.187187843435921800, -81.08971980031125800 ) ) ;
#2831 = B_SPLINE_CURVE_WITH_KNOTS ( 'NONE', 5,
 ( #3129, #282, #4800, #2711, #2755, #3570 ),
 .UNSPECIFIED., .F., .F.,
 ( 6, 6 ),
 ( 0.0000000000000000000, 1.000000000000000000 ),
 .UNSPECIFIED. ) ;
#2832 = ORIENTED_EDGE ( 'NONE', *, *, #1996, .F. ) ;
#2833 = CARTESIAN_POINT ( 'NONE',  ( -7.269155141709900300, -0.1137363113259167900, 35.00000000000000000 ) ) ;
#2834 = CARTESIAN_POINT ( 'NONE',  ( -6.501341741189143900, 0.3029796947992076700, -75.64840067936155800 ) ) ;
#2835 = CARTESIAN_POINT ( 'NONE',  ( 3.630623878870446100, 3.153323766124595600, 23.27590886402343200 ) ) ;
#2836 = ORIENTED_EDGE ( 'NONE', *, *, #103, .T. ) ;
#2837 = CARTESIAN_POINT ( 'NONE',  ( 12.05853164192906100, -3.422171029329296400, -70.11681672218236400 ) ) ;
#2838 = CARTESIAN_POINT ( 'NONE',  ( -12.65598953907061900, -3.493772401673342900, 52.50208787477462400 ) ) ;
#2839 = FACE_OUTER_BOUND ( 'NONE', #4983, .T. ) ;
#2840 = CARTESIAN_POINT ( 'NONE',  ( 0.4153692286845136500, 2.073557489836881800, 54.60882798274941100 ) ) ;
#2841 = CARTESIAN_POINT ( 'NONE',  ( 6.977909564158400400, -3.085472570157330500, -91.95697146355861700 ) ) ;
#2842 = CARTESIAN_POINT ( 'NONE',  ( 6.182104176930703700, 0.1903542751827066400, 91.60000000000023600 ) ) ;
#2843 = CARTESIAN_POINT ( 'NONE',  ( -4.249999999999999100, 1.500000000000000000, 0.0000000000000000000 ) ) ;
#2844 = CARTESIAN_POINT ( 'NONE',  ( -7.895152724523414100, 4.046592522412926700, -55.02444295510083100 ) ) ;
#2845 = CARTESIAN_POINT ( 'NONE',  ( 0.5250103917767042800, -1.745611812738473200, -91.59999999999998000 ) ) ;
#2846 = FACE_OUTER_BOUND ( 'NONE', #4736, .T. ) ;
#2847 = CARTESIAN_POINT ( 'NONE',  ( 6.758918627481253200, 0.3171759964551070800, 75.68390413031986000 ) ) ;
#2848 = CARTESIAN_POINT ( 'NONE',  ( -4.887793014709653300, 0.3980046945130481000, 0.0000000000000000000 ) ) ;
#2849 = ADVANCED_FACE ( 'NONE', ( #81 ), #1435, .T. ) ;
#2850 = CARTESIAN_POINT ( 'NONE',  ( -9.614282005397315700, -1.856588340359330600, 65.00000000000008500 ) ) ;
#2851 = CARTESIAN_POINT ( 'NONE',  ( -11.99166852849862000, -3.489724016988297300, 70.12014765095723600 ) ) ;
#2852 = CARTESIAN_POINT ( 'NONE',  ( -6.324795138522893500, -0.2687747765229471200, -91.59999999999996600 ) ) ;
#2853 = EDGE_CURVE ( 'NONE', #5115, #2345, #5239, .T. ) ;
#2854 = DIRECTION ( 'NONE',  ( 0.8713577631282917200, 0.4906481923293509700, -0.0000000000000000000 ) ) ;
#2855 = CARTESIAN_POINT ( 'NONE',  ( -6.197360876287095100, -0.1223545731247156100, -80.96896420320449300 ) ) ;
#2856 = CARTESIAN_POINT ( 'NONE',  ( -1.570508238728616200, -1.275399761486496700, 84.95516856332004400 ) ) ;
#2857 = CARTESIAN_POINT ( 'NONE',  ( 8.199637109549797700, 3.326263060902202800, 35.00000000000002100 ) ) ;
#2858 = DIRECTION ( 'NONE',  ( 0.0000000000000000000, 0.0000000000000000000, 1.000000000000000000 ) ) ;
#2859 = CARTESIAN_POINT ( 'NONE',  ( 11.92280823526557600, -3.519389287181667700, -70.13120948544549500 ) ) ;
#2860 = CARTESIAN_POINT ( 'NONE',  ( 5.844520774119822600, 2.277506761396692200, 54.98604742037063200 ) ) ;
#2861 = CARTESIAN_POINT ( 'NONE',  ( 4.249999999999999100, 1.500000000000000000, 0.0000000000000000000 ) ) ;
#2862 = CARTESIAN_POINT ( 'NONE',  ( 7.163327473701373900, 2.627193720877369000, 70.40526024875684600 ) ) ;
#2863 = CARTESIAN_POINT ( 'NONE',  ( -3.765591693665141500, 5.340489078674536000, -35.00000000000001400 ) ) ;
#2864 = AXIS2_PLACEMENT_3D ( 'NONE', #2361, #4029, #684 ) ;
#2865 = CARTESIAN_POINT ( 'NONE',  ( -7.380514762011962700, 2.140148145524146900, -55.01816993512505900 ) ) ;
#2866 = CARTESIAN_POINT ( 'NONE',  ( 3.623554044151950500, 0.2265022081313223500, -65.00000000000000000 ) ) ;
#2867 = CARTESIAN_POINT ( 'NONE',  ( 6.585523142334428900, -0.06728734190480922800, 81.00466363231682000 ) ) ;
#2868 = CARTESIAN_POINT ( 'NONE',  ( 10.32062157405203400, -1.831970258777327400, -23.15442164759888800 ) ) ;
#2869 = CARTESIAN_POINT ( 'NONE',  ( -6.222798817254201300, 1.553708869654508500, -80.97262691061070000 ) ) ;
#2870 = CARTESIAN_POINT ( 'NONE',  ( -7.663961752398668300, -3.355523901087058100, 91.60000000000000900 ) ) ;
#2871 = CARTESIAN_POINT ( 'NONE',  ( -7.716201502914696400, 2.133212055309198000, -70.44968686675632300 ) ) ;
#2872 = CIRCLE ( 'NONE', #381, 2.500000000000000000 ) ;
#2873 = ORIENTED_EDGE ( 'NONE', *, *, #3209, .F. ) ;
#2874 = CARTESIAN_POINT ( 'NONE',  ( -6.556978203168776900, 0.7884873225891708700, -70.32244705971562800 ) ) ;
#2875 = CARTESIAN_POINT ( 'NONE',  ( 11.78010181972357100, -3.495955262682059600, -70.35496106405817300 ) ) ;
#2876 = CARTESIAN_POINT ( 'NONE',  ( -1.458233081073477800, -1.603710014415314700, 20.32496010687508600 ) ) ;
#2877 = CARTESIAN_POINT ( 'NONE',  ( -5.316054421730868300, 2.341894158340885200, 35.00000000000001400 ) ) ;
#2878 = CARTESIAN_POINT ( 'NONE',  ( 10.29051840989919200, -3.397246091402566400, -78.20108394198791800 ) ) ;
#2879 = CARTESIAN_POINT ( 'NONE',  ( -4.140803634213592800, 1.470674568676444400, 43.46375088686501400 ) ) ;
#2880 = ADVANCED_FACE ( 'NONE', ( #922, #2839 ), #3153, .T. ) ;
#2881 = CARTESIAN_POINT ( 'NONE',  ( 5.458724118193523500, -2.991115921416672900, -96.87035501528724500 ) ) ;
#2882 = CARTESIAN_POINT ( 'NONE',  ( 7.238187635783588400, 2.605121839420653900, 70.41436996283179900 ) ) ;
#2883 = CARTESIAN_POINT ( 'NONE',  ( -3.352147286964856300, 2.824631478723828700, 0.0000000000000000000 ) ) ;
#2884 = CARTESIAN_POINT ( 'NONE',  ( 5.010207450325055800, -3.316846972378756600, -2.288229516158967400 ) ) ;
#2885 = CARTESIAN_POINT ( 'NONE',  ( 0.9339710483534516800, -1.086855212128806000, -85.08051941592434300 ) ) ;
#2886 = CARTESIAN_POINT ( 'NONE',  ( 7.567520566074685800, 1.182952985592119000, 70.41269793781570700 ) ) ;
#2887 = CARTESIAN_POINT ( 'NONE',  ( 12.86267587340760000, -3.263362047041262800, -35.00000000000000000 ) ) ;
#2888 = CARTESIAN_POINT ( 'NONE',  ( -7.169148224155540200, 3.185432599589286300, -65.00000000000000000 ) ) ;
#2889 = CARTESIAN_POINT ( 'NONE',  ( -10.27702596331883100, -3.421378523771802200, 78.20723080569810300 ) ) ;
#2890 = CARTESIAN_POINT ( 'NONE',  ( -7.119723676443801000, 1.208924672641711100, -81.08957159396671000 ) ) ;
#2891 = CARTESIAN_POINT ( 'NONE',  ( 6.812499999999925400, 3.249999999999999600, 65.00000000000000000 ) ) ;
#2892 = CARTESIAN_POINT ( 'NONE',  ( -6.280507857661274500, -0.1238726442392451400, -80.97708468698093000 ) ) ;
#2893 = CARTESIAN_POINT ( 'NONE',  ( 5.497660726117635100, 1.593373963148305300, 0.1635890459662168700 ) ) ;
#2894 = CARTESIAN_POINT ( 'NONE',  ( 11.95115759503744500, -3.513849097385651100, -70.12421495472344200 ) ) ;
#2895 = AXIS2_PLACEMENT_3D ( 'NONE', #2112, #4085, #400 ) ;
#2896 = CARTESIAN_POINT ( 'NONE',  ( 5.500000000000000000, -3.500000000000000000, -101.5999999999999900 ) ) ;
#2897 = CARTESIAN_POINT ( 'NONE',  ( 7.729933449888538800, 2.647106955164929800, 64.99999999999994300 ) ) ;
#2898 = CARTESIAN_POINT ( 'NONE',  ( -0.7946534794026892700, 2.155801105530697400, -8.281370285117992200 ) ) ;
#2899 = VERTEX_POINT ( 'NONE', #3634 ) ;
#2900 = CARTESIAN_POINT ( 'NONE',  ( 7.312499999999927200, 5.500000000000001800, 45.02947046347799900 ) ) ;
#2901 = CARTESIAN_POINT ( 'NONE',  ( 1.340848228853743800, 1.003892119221319000, -65.00000000000002800 ) ) ;
#2902 = CARTESIAN_POINT ( 'NONE',  ( 7.569629221911583300, -3.504677565909957600, -91.93723738121686000 ) ) ;
#2903 = ORIENTED_EDGE ( 'NONE', *, *, #5195, .T. ) ;
#2904 = CARTESIAN_POINT ( 'NONE',  ( 7.372996205761786800, 1.424194123582270400, 65.00000000000000000 ) ) ;
#2905 = CARTESIAN_POINT ( 'NONE',  ( -7.405865196312994700, 2.986840821713614400, -35.00000000000000000 ) ) ;
#2906 = CARTESIAN_POINT ( 'NONE',  ( -6.228788859718103600, 1.554842589628582500, -80.97466533855346400 ) ) ;
#2907 = CARTESIAN_POINT ( 'NONE',  ( -12.17636788237071800, -3.340941518501682000, 65.00000000000000000 ) ) ;
#2908 = CARTESIAN_POINT ( 'NONE',  ( -7.799031827817442400, 2.086236119115049800, -65.00000000000002800 ) ) ;
#2909 = LINE ( 'NONE', #648, #729 ) ;
#2910 = DIRECTION ( 'NONE',  ( -0.0000000000000000000, 1.000000000000000000, -0.0000000000000000000 ) ) ;
#2911 = CARTESIAN_POINT ( 'NONE',  ( -7.582834564909076900, 0.9872971788641214900, -75.82253754868980900 ) ) ;
#2912 = CARTESIAN_POINT ( 'NONE',  ( -3.324780642578197400, 3.033451537194835600, -4.406364451191202600 ) ) ;
#2913 = CARTESIAN_POINT ( 'NONE',  ( 5.398300088980041900, -3.065548844884101100, -1.060103803918998700 ) ) ;
#2914 = CARTESIAN_POINT ( 'NONE',  ( 5.499999999999998200, 1.511333873039345300, 0.01863705324913501900 ) ) ;
#2915 = CARTESIAN_POINT ( 'NONE',  ( 3.765591693665141500, 5.340489078674536000, 23.31378015437135800 ) ) ;
#2916 = CARTESIAN_POINT ( 'NONE',  ( 12.14145791086728800, -3.296702739210108500, -65.00000000000000000 ) ) ;
#2917 = CARTESIAN_POINT ( 'NONE',  ( -0.2557659482995503500, 2.365572244109053200, 65.00000000000001400 ) ) ;
#2918 = CARTESIAN_POINT ( 'NONE',  ( 5.424495561112171200, -2.436013439694203700, -91.59999999999996600 ) ) ;
#2919 = VERTEX_POINT ( 'NONE', #4003 ) ;
#2920 = CARTESIAN_POINT ( 'NONE',  ( 6.088233098187057400, 0.2955221128262427400, 91.60000000000027900 ) ) ;
#2921 = CARTESIAN_POINT ( 'NONE',  ( 4.090356027915085200, -1.917537558387645700, -0.0000000000000000000 ) ) ;
#2922 = CARTESIAN_POINT ( 'NONE',  ( 2.105501622571343700, -1.283420647238255000, -93.14104977009940000 ) ) ;
#2923 = CARTESIAN_POINT ( 'NONE',  ( 0.5704668799960772600, -0.9880066259223340100, -85.15210568802577000 ) ) ;
#2924 = CARTESIAN_POINT ( 'NONE',  ( 4.847452110742711500, -3.105299086797476300, -96.93026705474061100 ) ) ;
#2925 = CARTESIAN_POINT ( 'NONE',  ( 7.000636165853513200, 0.2279984180693859800, 81.04745010915615900 ) ) ;
#2926 = CARTESIAN_POINT ( 'NONE',  ( -5.401643454997826900, 2.056579181121865200, 0.0000000000000000000 ) ) ;
#2927 = CARTESIAN_POINT ( 'NONE',  ( -6.491430049212833200, 2.080041040758979800, -75.69652591683258400 ) ) ;
#2928 = CARTESIAN_POINT ( 'NONE',  ( -12.14145791086728800, -3.296702739210108500, 65.00000000000000000 ) ) ;
#2929 = CARTESIAN_POINT ( 'NONE',  ( -7.447634748862201400, 2.495020498499820800, -70.43523485591092000 ) ) ;
#2930 = EDGE_CURVE ( 'NONE', #3020, #2133, #2523, .T. ) ;
#2931 = CARTESIAN_POINT ( 'NONE',  ( -5.500000000000000000, -3.500000000000000000, 101.5999999999999900 ) ) ;
#2932 = CARTESIAN_POINT ( 'NONE',  ( -6.995248487294218400, 0.8069349028784216200, -70.35970668522564600 ) ) ;
#2933 = CARTESIAN_POINT ( 'NONE',  ( -6.812492010791485700, 3.249999999999999600, -65.00000000000000000 ) ) ;
#2934 = CARTESIAN_POINT ( 'NONE',  ( 5.497622251550462000, -3.217702581612571900, -0.1646605682163835300 ) ) ;
#2935 = CARTESIAN_POINT ( 'NONE',  ( 5.499615826245675800, 1.540237350613237200, 0.06700533601021989300 ) ) ;
#2936 = CARTESIAN_POINT ( 'NONE',  ( 8.941159204082945100, -3.459061189909045100, -84.92962949604540800 ) ) ;
#2937 = CARTESIAN_POINT ( 'NONE',  ( -1.900702211835630900, 1.528949311930107000, 68.60424020051199500 ) ) ;
#2938 = CARTESIAN_POINT ( 'NONE',  ( 7.739481818608713800, 3.033438695126689400, 34.99999999999995000 ) ) ;
#2939 = CARTESIAN_POINT ( 'NONE',  ( 7.635275507536288600, -3.316365334926254500, -91.59999999999998000 ) ) ;
#2940 = CARTESIAN_POINT ( 'NONE',  ( -7.312499999999927200, 5.500000000000001800, -23.25785260307938500 ) ) ;
#2941 = CARTESIAN_POINT ( 'NONE',  ( 5.129514063270048200, -3.379163543254514400, -2.008012070217357200 ) ) ;
#2942 = CARTESIAN_POINT ( 'NONE',  ( 0.02516502865302195500, 0.9041067581409625300, -72.73096454418418900 ) ) ;
#2943 = CARTESIAN_POINT ( 'NONE',  ( 5.502848388149580200, -3.258776249388292800, -96.83157208194253900 ) ) ;
#2944 = CARTESIAN_POINT ( 'NONE',  ( 7.327963758570162700, 1.394970038538826400, 65.00000000000000000 ) ) ;
#2945 = DIRECTION ( 'NONE',  ( -0.0000000000000000000, 1.000000000000000000, -0.0000000000000000000 ) ) ;
#2946 = CYLINDRICAL_SURFACE ( 'NONE', #3718, 2.500000000000000000 ) ;
#2947 = CARTESIAN_POINT ( 'NONE',  ( -6.974564154841015600, 3.237175892043605800, -65.00000000000000000 ) ) ;
#2948 = CARTESIAN_POINT ( 'NONE',  ( -7.672947477967961800, -3.382489823048541000, 91.60000000000000900 ) ) ;
#2949 = CARTESIAN_POINT ( 'NONE',  ( -6.718967595205839400, 0.4764926895378841500, -86.34473039298582400 ) ) ;
#2950 = CARTESIAN_POINT ( 'NONE',  ( 4.450010134575926200, -0.1705472125655154700, 97.49799919643973600 ) ) ;
#2951 = CARTESIAN_POINT ( 'NONE',  ( -5.726322460753430700, -0.9851725693197860300, -91.59999999999989500 ) ) ;
#2952 = CARTESIAN_POINT ( 'NONE',  ( -3.358128931042291000, 0.1776455855681314000, 67.86748083780776100 ) ) ;
#2953 = CARTESIAN_POINT ( 'NONE',  ( 5.499923175702436500, -3.245335416019970800, -0.02931697461638157000 ) ) ;
#2954 = CARTESIAN_POINT ( 'NONE',  ( 5.499983423329586800, 1.511335797240829200, 0.0000000000000000000 ) ) ;
#2955 = CARTESIAN_POINT ( 'NONE',  ( -13.41771719429915600, -3.297056316320183800, 23.03645053938556600 ) ) ;
#2956 = CARTESIAN_POINT ( 'NONE',  ( 11.90869439451040700, -3.502582292349657700, -70.14494848357341500 ) ) ;
#2957 = CARTESIAN_POINT ( 'NONE',  ( 4.683732296882611800, 2.052807794062179600, 75.13390020506669500 ) ) ;
#2958 = CARTESIAN_POINT ( 'NONE',  ( 7.613518841526084400, -3.394623430052362300, -91.93448385855174400 ) ) ;
#2959 = CARTESIAN_POINT ( 'NONE',  ( 5.452379978716774800, -3.390714092315537900, -23.94753839101931800 ) ) ;
#2960 = CARTESIAN_POINT ( 'NONE',  ( 7.332061680609292000, -3.442499304570989100, -91.59999999999998000 ) ) ;
#2961 = CARTESIAN_POINT ( 'NONE',  ( -1.939696549732699900, -1.259390440055667700, -91.60000000000005100 ) ) ;
#2962 = CARTESIAN_POINT ( 'NONE',  ( 6.486849587866337300, -3.516968981466880100, -96.76894068899616700 ) ) ;
#2963 = CARTESIAN_POINT ( 'NONE',  ( 7.554102675721341400, 1.165690647575246400, 70.41122411097846600 ) ) ;
#2964 = CARTESIAN_POINT ( 'NONE',  ( -5.528981754331067800, 1.587890443033218100, -5.395821586454505200 ) ) ;
#2965 = CARTESIAN_POINT ( 'NONE',  ( -6.689801016756609500, 2.650605643743658000, -70.31980054116272100 ) ) ;
#2966 = CARTESIAN_POINT ( 'NONE',  ( -11.90777142699505100, -3.496066098990042300, 70.15105668274678400 ) ) ;
#2967 = CARTESIAN_POINT ( 'NONE',  ( -7.107083873906442600, 1.231356522517754500, -81.08934976443546800 ) ) ;
#2968 = CARTESIAN_POINT ( 'NONE',  ( -7.234300556305955300, -3.181104883532454200, 91.94559882657600300 ) ) ;
#2969 = CARTESIAN_POINT ( 'NONE',  ( -6.271258870928877000, -0.4859008960557099600, -86.30733488950944800 ) ) ;
#2970 = CARTESIAN_POINT ( 'NONE',  ( -0.3250152331423030200, -1.696683859300798900, 91.59999999999998000 ) ) ;
#2971 = CARTESIAN_POINT ( 'NONE',  ( -5.566735720084823300, 0.4999544664027813500, -91.59999999999999400 ) ) ;
#2972 = CARTESIAN_POINT ( 'NONE',  ( 5.498523759517777200, 1.575596719706731500, 0.1314324065031604900 ) ) ;
#2973 = CARTESIAN_POINT ( 'NONE',  ( -0.2134503257450141900, 1.498654073772275800, 11.18764369610210900 ) ) ;
#2974 = CARTESIAN_POINT ( 'NONE',  ( 11.90770782854872900, -3.449422053367337900, -70.25558499713639500 ) ) ;
#2975 = CARTESIAN_POINT ( 'NONE',  ( 4.695536363051185300, 1.533983956194866000, 80.70692317393572100 ) ) ;
#2976 = ORIENTED_EDGE ( 'NONE', *, *, #668, .T. ) ;
#2977 = CARTESIAN_POINT ( 'NONE',  ( 5.228520124881789000, -3.437037112749414400, -23.95002637645679800 ) ) ;
#2978 = CARTESIAN_POINT ( 'NONE',  ( 7.326732501394746900, -3.439767515673693300, -91.93932359218244700 ) ) ;
#2979 = CARTESIAN_POINT ( 'NONE',  ( -6.443440485367010400, 0.3121601993113121100, -75.64042070885649600 ) ) ;
#2980 = LINE ( 'NONE', #1131, #3364 ) ;
#2981 = CARTESIAN_POINT ( 'NONE',  ( 2.088325561229120300, -2.246074405031257100, -92.79051739311965700 ) ) ;
#2982 = CARTESIAN_POINT ( 'NONE',  ( 7.187148539854195700, 1.050098805338632000, 81.08927438863092600 ) ) ;
#2983 = CARTESIAN_POINT ( 'NONE',  ( -7.534388538139571900, 5.500000000000005300, -35.00000000000000000 ) ) ;
#2984 = CARTESIAN_POINT ( 'NONE',  ( -4.183967513175799600, 0.9736196835288133400, -86.08716063721580300 ) ) ;
#2985 = CIRCLE ( 'NONE', #1909, 1.250000000000004700 ) ;
#2986 = CARTESIAN_POINT ( 'NONE',  ( -11.90239876217470900, -3.470295008435116700, 70.18610862025423100 ) ) ;
#2987 = CARTESIAN_POINT ( 'NONE',  ( -6.323824465672143600, -0.1716309170086853800, -91.59999999999998000 ) ) ;
#2988 = CARTESIAN_POINT ( 'NONE',  ( 1.789553831184726300, -0.2535439637457045400, 95.37056205318251000 ) ) ;
#2989 = CARTESIAN_POINT ( 'NONE',  ( -7.448417052069137500, 0.7240337262817211400, -75.78800316188554100 ) ) ;
#2990 = CARTESIAN_POINT ( 'NONE',  ( -0.5095522812088113500, -1.741780725707052100, 91.59999999999998000 ) ) ;
#2991 = CARTESIAN_POINT ( 'NONE',  ( 4.013459655556380800, 2.989082619949431100, 3.767808645307090000 ) ) ;
#2992 = CARTESIAN_POINT ( 'NONE',  ( -7.615720755701706100, -3.343592551263692600, 91.93660459115156400 ) ) ;
#2993 = CARTESIAN_POINT ( 'NONE',  ( -11.11302621422801600, -1.613850028421954400, 35.00000000000000000 ) ) ;
#2994 = CARTESIAN_POINT ( 'NONE',  ( 7.672947477967961800, -3.382489823048541000, -91.60000000000000900 ) ) ;
#2995 = CARTESIAN_POINT ( 'NONE',  ( 3.560885073443453400, 0.3820660766622955800, 91.60000000000006500 ) ) ;
#2996 = CARTESIAN_POINT ( 'NONE',  ( 5.249758284066310000, -3.443762529998077900, -0.0000000000000000000 ) ) ;
#2997 = CARTESIAN_POINT ( 'NONE',  ( -6.311228347479147500, -3.188020217679367300, 91.60000000000000900 ) ) ;
#2998 = CARTESIAN_POINT ( 'NONE',  ( 6.367150278152977600, -3.340552441766227300, -96.77279941328799900 ) ) ;
#2999 = CARTESIAN_POINT ( 'NONE',  ( -6.115250012323455700, -0.1141293804510270800, -80.96049127167033500 ) ) ;
#3000 = CARTESIAN_POINT ( 'NONE',  ( 4.119641037445180000, 1.048037814065636300, -64.99999999999994300 ) ) ;
#3001 = CARTESIAN_POINT ( 'NONE',  ( 5.500000000000000000, -3.500000000000000000, -101.5999999999999900 ) ) ;
#3002 = CARTESIAN_POINT ( 'NONE',  ( 7.067577831560589300, 0.3228786590141863300, 81.05581147553545000 ) ) ;
#3003 = CARTESIAN_POINT ( 'NONE',  ( -5.579615861907044800, 0.5000268348307304000, -91.59999999999998000 ) ) ;
#3004 = CARTESIAN_POINT ( 'NONE',  ( -7.658569403120310400, -3.454159413723937500, 91.60000000000005100 ) ) ;
#3005 = CARTESIAN_POINT ( 'NONE',  ( -6.683754435136737700, 0.5798086459388056600, -86.34384978757573500 ) ) ;
#3006 = CARTESIAN_POINT ( 'NONE',  ( 6.280639794722218600, 1.568047104868194500, 80.99074997370839000 ) ) ;
#3007 = AXIS2_PLACEMENT_3D ( 'NONE', #271, #3146, #683 ) ;
#3008 = PERSON_AND_ORGANIZATION ( #4138, #117 ) ;
#3009 = CARTESIAN_POINT ( 'NONE',  ( -4.958308303878621500, -2.803283262677633400, 96.97368021049730700 ) ) ;
#3010 = CARTESIAN_POINT ( 'NONE',  ( -7.058442637948467700, 0.3085568896263893300, -81.05463001415944300 ) ) ;
#3011 = CARTESIAN_POINT ( 'NONE',  ( -0.2539217141106531700, -1.679770672132076400, 91.59999999999998000 ) ) ;
#3012 = CARTESIAN_POINT ( 'NONE',  ( -7.202240460310553000, 3.004872362403155700, -35.00000000000000000 ) ) ;
#3013 = CARTESIAN_POINT ( 'NONE',  ( -7.576290573974581800, -3.293550582068236500, 91.93936013234511500 ) ) ;
#3014 = CARTESIAN_POINT ( 'NONE',  ( -5.495108959702396800, -3.314217173722037400, 23.94290938275108300 ) ) ;
#3015 = CARTESIAN_POINT ( 'NONE',  ( 11.92014866741161300, -3.519237336298652900, -70.13224966682892600 ) ) ;
#3016 = CARTESIAN_POINT ( 'NONE',  ( 7.278810700431313000, 3.172915432984817900, 64.99999999999998600 ) ) ;
#3017 = CARTESIAN_POINT ( 'NONE',  ( -1.715789604167833300, 0.4586261559157099300, 78.92334292090511400 ) ) ;
#3018 = CARTESIAN_POINT ( 'NONE',  ( 7.377851521645606400, 2.989321511066711500, 45.02523161244585000 ) ) ;
#3019 = VECTOR ( 'NONE', #876, 1000.000000000000000 ) ;
#3020 = VERTEX_POINT ( 'NONE', #1182 ) ;
#3021 = CARTESIAN_POINT ( 'NONE',  ( 2.385398476338394000, -1.614645444064277000, 95.01857166327359000 ) ) ;
#3022 = CARTESIAN_POINT ( 'NONE',  ( 5.500000000000000000, -3.500000000000000000, -101.5999999999999900 ) ) ;
#3023 = CARTESIAN_POINT ( 'NONE',  ( 6.314049350493530000, 0.9495157005253096500, 86.32134943521572300 ) ) ;
#3024 = CARTESIAN_POINT ( 'NONE',  ( 2.420965257961393800, 1.700129162324111300, -64.99999999999997200 ) ) ;
#3025 = VERTEX_POINT ( 'NONE', #4049 ) ;
#3026 = CARTESIAN_POINT ( 'NONE',  ( 5.500000000000000000, -3.500000000000000000, -101.5999999999999900 ) ) ;
#3027 = CARTESIAN_POINT ( 'NONE',  ( 7.400124871484538700, 1.443237217222281600, 65.00000000000000000 ) ) ;
#3028 = CARTESIAN_POINT ( 'NONE',  ( -6.808352573428159400, 3.249999744268315300, -64.99999999999997200 ) ) ;
#3029 = CARTESIAN_POINT ( 'NONE',  ( -12.06962107777203000, -3.426772632153663300, 67.57365813640650700 ) ) ;
#3030 = CARTESIAN_POINT ( 'NONE',  ( -7.602915447870597800, 2.859445760795120700, -64.99999999999995700 ) ) ;
#3031 = CARTESIAN_POINT ( 'NONE',  ( 6.157061734028627800, 1.000909793370937000, 86.30785974153977200 ) ) ;
#3032 = ORIENTED_EDGE ( 'NONE', *, *, #5087, .F. ) ;
#3033 = CARTESIAN_POINT ( 'NONE',  ( -5.500000000000000000, -3.500000000000000000, 101.5999999999999900 ) ) ;
#3034 = CARTESIAN_POINT ( 'NONE',  ( -6.046354220889855700, -0.8316411299300952000, -91.59999999999968200 ) ) ;
#3035 = CARTESIAN_POINT ( 'NONE',  ( -3.937832304236549500, -0.05825803499628843400, 67.68612178581753400 ) ) ;
#3036 = CARTESIAN_POINT ( 'NONE',  ( 5.438276703645452200, 1.065356815629277000, 0.8395466967214205700 ) ) ;
#3037 = CARTESIAN_POINT ( 'NONE',  ( -6.606449870277383100, -2.938046997172626600, 91.98338414595545500 ) ) ;
#3038 = CARTESIAN_POINT ( 'NONE',  ( -12.21141010944020700, -2.416042901537755100, 35.00000000000003600 ) ) ;
#3039 = CARTESIAN_POINT ( 'NONE',  ( 11.78010181972357500, -3.495955262682049400, -70.35496106405817300 ) ) ;
#3040 = CARTESIAN_POINT ( 'NONE',  ( -6.611135288043255900, -0.3465895580636743600, 67.71014774712655500 ) ) ;
#3041 = CARTESIAN_POINT ( 'NONE',  ( -5.500000000000000000, -3.500000000000000000, 101.5999999999999900 ) ) ;
#3042 = CARTESIAN_POINT ( 'NONE',  ( 6.238954782079200200, -3.292736285078665200, -96.77848573177931300 ) ) ;
#3043 = CARTESIAN_POINT ( 'NONE',  ( 7.138564810686628600, 2.632617157671500100, 70.40199407626023700 ) ) ;
#3044 = CARTESIAN_POINT ( 'NONE',  ( 1.762133530004280900, -0.2575137627846739200, -85.07036454184240900 ) ) ;
#3045 = CARTESIAN_POINT ( 'NONE',  ( -3.598920265546281100, -1.579894265190986400, -95.90880774196703800 ) ) ;
#3046 = VERTEX_POINT ( 'NONE', #1955 ) ;
#3047 = CARTESIAN_POINT ( 'NONE',  ( 6.086206777123063500, -0.7969271835119912100, 91.59999999999968200 ) ) ;
#3048 = CARTESIAN_POINT ( 'NONE',  ( 10.25828859273808300, -1.658266611398802700, -52.93096387290636100 ) ) ;
#3049 = EDGE_CURVE ( 'NONE', #3572, #3430, #2191, .T. ) ;
#3050 = CARTESIAN_POINT ( 'NONE',  ( -5.808055027835277600, 2.064300999287797200, -75.46402653936841900 ) ) ;
#3051 = CARTESIAN_POINT ( 'NONE',  ( -11.99522973029014100, -3.490438158462971800, 67.65408906791071800 ) ) ;
#3052 = CARTESIAN_POINT ( 'NONE',  ( -7.615382023049038600, 2.843012045654912200, -64.99999999999994300 ) ) ;
#3053 = CARTESIAN_POINT ( 'NONE',  ( 5.854519652896589000, 0.4455999427191610400, 91.60000000000023600 ) ) ;
#3054 = LINE ( 'NONE', #591, #4202 ) ;
#3055 = CARTESIAN_POINT ( 'NONE',  ( -7.563080686523447200, 1.177180673536578400, -70.41220875969946700 ) ) ;
#3056 = CARTESIAN_POINT ( 'NONE',  ( -2.338489481204369300, 0.5363426728578472000, 68.17364871362056500 ) ) ;
#3057 = CARTESIAN_POINT ( 'NONE',  ( 0.1623420578244355900, -1.834828462090690900, -99.99050645971205100 ) ) ;
#3058 = CARTESIAN_POINT ( 'NONE',  ( -6.111995560820832700, -2.709781947833429500, 91.59999999999998000 ) ) ;
#3059 = CARTESIAN_POINT ( 'NONE',  ( 8.843136162709269500, -3.499531611105070300, -84.95711551248331300 ) ) ;
#3060 = CARTESIAN_POINT ( 'NONE',  ( -1.119877842172776600, -0.03655926486981942600, 85.15444147810623600 ) ) ;
#3061 = VERTEX_POINT ( 'NONE', #746 ) ;
#3062 = CARTESIAN_POINT ( 'NONE',  ( -5.502848388149580200, -3.258776249388292800, 96.83157208194253900 ) ) ;
#3063 = CARTESIAN_POINT ( 'NONE',  ( 6.894561680724578400, -3.333436838767325700, -91.59999999999999400 ) ) ;
#3064 = CARTESIAN_POINT ( 'NONE',  ( 2.079581737215527900, -0.3743904918860281900, -85.03606551880545800 ) ) ;
#3065 = ORIENTED_EDGE ( 'NONE', *, *, #2760, .F. ) ;
#3066 = CARTESIAN_POINT ( 'NONE',  ( -5.566735720207312000, 0.4999544664041345500, -91.59999999999999400 ) ) ;
#3067 = CARTESIAN_POINT ( 'NONE',  ( 7.210214414293997000, 0.9368330561144021500, 81.08715264414978200 ) ) ;
#3068 = CARTESIAN_POINT ( 'NONE',  ( 8.360483851777795300, -1.142516276407978600, -64.99999999999991500 ) ) ;
#3069 = CARTESIAN_POINT ( 'NONE',  ( -3.893364622400897100, 3.101051363338989100, -65.00000000000000000 ) ) ;
#3070 = CARTESIAN_POINT ( 'NONE',  ( -12.02189268356055200, -3.469463273565001900, 67.63620627501872200 ) ) ;
#3071 = CARTESIAN_POINT ( 'NONE',  ( -7.179501358607944400, 2.623134194680240700, -70.40731872362432900 ) ) ;
#3072 = CARTESIAN_POINT ( 'NONE',  ( 6.052919756695125400, 0.3275268325420799800, 91.60000000000029300 ) ) ;
#3073 = CARTESIAN_POINT ( 'NONE',  ( -6.065105914316416300, -0.8158742776090184300, -91.59999999999968200 ) ) ;
#3074 = CARTESIAN_POINT ( 'NONE',  ( 2.464566899254364800, -0.4547099936650947400, 85.78470724610939200 ) ) ;
#3075 = CARTESIAN_POINT ( 'NONE',  ( 5.499963248186062100, 1.485941119275866300, 0.02273467613381275100 ) ) ;
#3076 = CARTESIAN_POINT ( 'NONE',  ( -4.416616607757243100, -2.106566525355265900, 92.34736042099463300 ) ) ;
#3077 = CARTESIAN_POINT ( 'NONE',  ( -5.210932498510612000, -3.429072555626031500, 23.94381333070548100 ) ) ;
#3078 = CARTESIAN_POINT ( 'NONE',  ( 8.922170796106678700, -3.478510246068841700, -84.93913517184272200 ) ) ;
#3079 = CARTESIAN_POINT ( 'NONE',  ( -2.420965257961393800, 1.700129162324111300, 64.99999999999997200 ) ) ;
#3080 = CARTESIAN_POINT ( 'NONE',  ( -3.794162780614560600, -2.873037202515628800, 97.19525869655981900 ) ) ;
#3081 = CARTESIAN_POINT ( 'NONE',  ( 0.9505398672268596800, -2.539947132595493000, -98.75440387098350900 ) ) ;
#3082 = CARTESIAN_POINT ( 'NONE',  ( 6.217219349106686700, -0.1464961342496459700, -67.75142766351277100 ) ) ;
#3083 = CARTESIAN_POINT ( 'NONE',  ( 7.705848123918121600, 2.156496151855008300, 70.44951892045811800 ) ) ;
#3084 = DIRECTION ( 'NONE',  ( 0.0000000000000000000, 0.0000000000000000000, -1.000000000000000000 ) ) ;
#3085 = CARTESIAN_POINT ( 'NONE',  ( -2.175096279430581700, 0.1770988376213935600, -91.59999999999998000 ) ) ;
#3086 = CARTESIAN_POINT ( 'NONE',  ( -12.01288817515481000, -3.478010719133497000, 67.64449991209247100 ) ) ;
#3087 = CARTESIAN_POINT ( 'NONE',  ( -7.149127205275364700, 2.630397576339726500, -70.40340130753477900 ) ) ;
#3088 = CARTESIAN_POINT ( 'NONE',  ( 6.091296463850532000, 1.013132768926845200, 86.30159633380044700 ) ) ;
#3089 = AXIS2_PLACEMENT_3D ( 'NONE', #390, #3292, #4077 ) ;
#3090 = CARTESIAN_POINT ( 'NONE',  ( -7.619820043331929900, 1.131689195822640000, -75.83799996633804600 ) ) ;
#3091 = CARTESIAN_POINT ( 'NONE',  ( 0.3270887581609129300, -0.001666529067122918300, 79.34906233126453400 ) ) ;
#3092 = DIRECTION ( 'NONE',  ( 1.000000000000000000, 0.0000000000000000000, 0.0000000000000000000 ) ) ;
#3093 = CARTESIAN_POINT ( 'NONE',  ( -6.195010293770467400, -3.424981596098041000, 96.77619747656956400 ) ) ;
#3094 = CARTESIAN_POINT ( 'NONE',  ( 12.12236998639176700, -3.489132808493520300, -65.00000000000000000 ) ) ;
#3095 = CARTESIAN_POINT ( 'NONE',  ( -3.275758061198933600, 1.090385535541952700, 68.28334292090507100 ) ) ;
#3096 = DIRECTION ( 'NONE',  ( -1.000000000000000000, 0.0000000000000000000, 0.0000000000000000000 ) ) ;
#3097 = CARTESIAN_POINT ( 'NONE',  ( -4.838430167212462300, -1.006750071235392100, -91.60000000000000900 ) ) ;
#3098 = CARTESIAN_POINT ( 'NONE',  ( 4.909860256089972500, -0.8009377778651141100, -78.30847104652879400 ) ) ;
#3099 = CARTESIAN_POINT ( 'NONE',  ( 6.323932935422575100, -0.2903628384458580800, 91.59999999999995200 ) ) ;
#3100 = CARTESIAN_POINT ( 'NONE',  ( 13.26915514171067500, -3.492244288815582900, -40.00417574954925500 ) ) ;
#3101 = CARTESIAN_POINT ( 'NONE',  ( -1.224754911738876500, 1.788146781834018700, -73.78264846993040700 ) ) ;
#3102 = CARTESIAN_POINT ( 'NONE',  ( -12.10247170129589900, -3.496575226439445000, 65.00000000000000000 ) ) ;
#3103 = CARTESIAN_POINT ( 'NONE',  ( -6.089569868842662700, 0.2942611143748803400, -91.60000000000026400 ) ) ;
#3104 = CARTESIAN_POINT ( 'NONE',  ( 5.949869698716364400, 1.024391027093692700, 86.28733266927675100 ) ) ;
#3105 = CARTESIAN_POINT ( 'NONE',  ( -7.730314706120466900, 2.098862979336994600, -70.44982916283973400 ) ) ;
#3106 = CARTESIAN_POINT ( 'NONE',  ( -0.009039846799301627300, 1.092027101640156200, 68.86489109586612800 ) ) ;
#3107 = CARTESIAN_POINT ( 'NONE',  ( -7.108719481519441000, -3.409658148906145000, 91.94456017736872900 ) ) ;
#3108 = CARTESIAN_POINT ( 'NONE',  ( 12.06837085073899200, -3.500190935279544400, -65.00000000000000000 ) ) ;
#3109 = CARTESIAN_POINT ( 'NONE',  ( -7.172292136943269700, -0.4658088592432440600, 65.00000000000000000 ) ) ;
#3110 = CARTESIAN_POINT ( 'NONE',  ( -5.225223840640141200, -3.429184591355484400, 1.716693279303529000 ) ) ;
#3111 = CARTESIAN_POINT ( 'NONE',  ( 1.141570316556769000, -2.060254961280371800, -93.14015673250037300 ) ) ;
#3113 = ORIENTED_EDGE ( 'NONE', *, *, #3940, .F. ) ;
#3112 = CARTESIAN_POINT ( 'NONE',  ( 7.326638908209793600, -0.8912444047144534300, -70.29274089193096100 ) ) ;
#3114 = ORIENTED_EDGE ( 'NONE', *, *, #67, .F. ) ;
#3115 = CARTESIAN_POINT ( 'NONE',  ( -0.1623420578244355900, -1.834828462090690900, 99.99050645971205100 ) ) ;
#3116 = CARTESIAN_POINT ( 'NONE',  ( 7.126132036583678400, 2.313221918943848500, 75.88993219447084500 ) ) ;
#3117 = CARTESIAN_POINT ( 'NONE',  ( -7.550811680725583000, -3.497030537516179600, 91.59999999999999400 ) ) ;
#3118 = EDGE_CURVE ( 'NONE', #1178, #165, #142, .T. ) ;
#3119 = LINE ( 'NONE', #3592, #2003 ) ;
#3120 = CARTESIAN_POINT ( 'NONE',  ( -7.550811680725582100, -3.497030537516180100, 91.59999999999999400 ) ) ;
#3121 = CARTESIAN_POINT ( 'NONE',  ( -6.477560679311269000, 2.200571816618072800, -75.76491813733530000 ) ) ;
#3122 = CARTESIAN_POINT ( 'NONE',  ( 5.592542709740243400, 0.4998895431517681500, 91.59999999999998000 ) ) ;
#3123 = CARTESIAN_POINT ( 'NONE',  ( 7.021547705415210700, 1.246857595921604200, 65.00000000000000000 ) ) ;
#3124 = CARTESIAN_POINT ( 'NONE',  ( -6.680422021147630400, -0.07395076556082469400, -86.33596053959249200 ) ) ;
#3125 = VERTEX_POINT ( 'NONE', #3604 ) ;
#3126 = CARTESIAN_POINT ( 'NONE',  ( 0.5700240368393139100, -1.498465376580942600, 91.59999999999999400 ) ) ;
#3127 = APPROVAL_ROLE ( '' ) ;
#3128 = CARTESIAN_POINT ( 'NONE',  ( -5.500000000000000000, -3.500000000000000000, 101.5999999999999900 ) ) ;
#3129 = CARTESIAN_POINT ( 'NONE',  ( 4.042823936348948900, 0.04683820488519256600, -65.00000000000000000 ) ) ;
#3130 = CARTESIAN_POINT ( 'NONE',  ( 7.516785843900743600, 4.310138884025779000, 55.01946298645856400 ) ) ;
#3131 = CARTESIAN_POINT ( 'NONE',  ( -3.822171153515124600, -1.100629168772294700, 84.93493680762129800 ) ) ;
#3132 = CARTESIAN_POINT ( 'NONE',  ( 5.942832313232300700, -3.121897681404020000, -92.01567112720192700 ) ) ;
#3133 = CARTESIAN_POINT ( 'NONE',  ( 7.254063210149828600, -0.5123797038784514400, -65.00000000000000000 ) ) ;
#3134 = CARTESIAN_POINT ( 'NONE',  ( 4.616661032676786300, -1.493951747401085500, 96.61767322535457900 ) ) ;
#3135 = CARTESIAN_POINT ( 'NONE',  ( 7.119193224656513900, 2.316325423979154400, 75.88956017581222100 ) ) ;
#3136 = CARTESIAN_POINT ( 'NONE',  ( -7.868734096749824000, -2.693226094098652500, 78.31617192440620600 ) ) ;
#3137 = CARTESIAN_POINT ( 'NONE',  ( 5.835778498637243000, -0.7470235172611444700, -64.99999999999990100 ) ) ;
#3138 = CARTESIAN_POINT ( 'NONE',  ( -6.027370567124235900, 0.3480709075861673800, -91.60000000000029300 ) ) ;
#3139 = CARTESIAN_POINT ( 'NONE',  ( 5.878653899202250300, 1.026167012467467300, 86.27942244756098900 ) ) ;
#3140 = CARTESIAN_POINT ( 'NONE',  ( 6.567365395156482300, 0.3026143729517862800, 75.65789158512423300 ) ) ;
#3141 = PERSON_AND_ORGANIZATION_ROLE ( 'classification_officer' ) ;
#3142 = CARTESIAN_POINT ( 'NONE',  ( -7.628358439179398200, -3.496058060785116200, 91.60000000000002300 ) ) ;
#3143 = CARTESIAN_POINT ( 'NONE',  ( 6.064525087124903500, 0.1650945292786877300, -65.00000000000000000 ) ) ;
#3144 = CARTESIAN_POINT ( 'NONE',  ( -1.948496632252819700, -1.051840288493286700, 91.59999999999998000 ) ) ;
#3145 = APPROVAL_DATE_TIME ( #5268, #1663 ) ;
#3146 = DIRECTION ( 'NONE',  ( 0.0000000000000000000, 0.0000000000000000000, -1.000000000000000000 ) ) ;
#3147 = CARTESIAN_POINT ( 'NONE',  ( 0.0000000000000000000, -3.926777784743245500, 0.0000000000000000000 ) ) ;
#3148 = CARTESIAN_POINT ( 'NONE',  ( 7.073953504114558500, -0.7638466909734974400, -70.33202004421448800 ) ) ;
#3149 = EDGE_CURVE ( 'NONE', #4209, #4601, #3668, .T. ) ;
#3150 = LINE ( 'NONE', #4216, #1922 ) ;
#3151 = ORIENTED_EDGE ( 'NONE', *, *, #3311, .T. ) ;
#3152 = CARTESIAN_POINT ( 'NONE',  ( 6.722423273866904300, 0.4645701602343478800, 86.34479073620062200 ) ) ;
#3153 = PLANE ( 'NONE',  #5202 ) ;
#3154 = B_SPLINE_CURVE_WITH_KNOTS ( 'NONE', 3,
 ( #2761, #4018, #5236, #3195, #4419, #730, #1967, #4832, #4866, #3590, #1561, #3211, #4001, #744, #4884, #348, #3224, #4484, #2805, #4432, #4047, #4849, #5253, #1610, #760, #1546, #1195, #2775, #2410, #2349, #2376, #5269, #1953, #330, #1162, #1981, #4033, #1138, #3632, #1576, #4466, #3647, #4446, #1997, #2821, #3242, #778, #2393 ),
 .UNSPECIFIED., .F., .F.,
 ( 4, 2, 2, 2, 2, 2, 2, 2, 2, 2, 2, 2, 2, 2, 2, 2, 2, 2, 2, 2, 2, 2, 2, 4 ),
 ( 7.663399883020687300E-018, 0.0003851643061502645000, 0.0007703286123005214000, 0.001540657224601035000, 0.001733239377676163500, 0.001745275762243359300, 0.001757312146810555300, 0.001781384915944947300, 0.001829530454213731300, 0.001925821530751299300, 0.002310985836901570000, 0.002696150143051840800, 0.003081314449202111600, 0.003851643061502653700, 0.004621971673803194600, 0.005392300286103736200, 0.006162628898404277000, 0.006932957510704818700, 0.007703286123005359500, 0.009243943347606439400, 0.01078460057220751900, 0.01116976487835779100, 0.01155492918450806200, 0.01232525779680860100 ),
 .UNSPECIFIED. ) ;
#3155 = CARTESIAN_POINT ( 'NONE',  ( 7.874031562348395000, -0.4543329467462974300, -42.34747105268888800 ) ) ;
#3156 = CARTESIAN_POINT ( 'NONE',  ( -7.523884712561598000, 2.952115580790032100, -64.99999999999997200 ) ) ;
#3157 = CARTESIAN_POINT ( 'NONE',  ( 6.222798817254201300, 1.553708869654508500, 80.97262691061070000 ) ) ;
#3158 = AXIS2_PLACEMENT_3D ( 'NONE', #3535, #3930, #2278 ) ;
#3159 = CARTESIAN_POINT ( 'NONE',  ( 5.882924145940334500, -0.5600068620738510900, 86.28292413266969200 ) ) ;
#3160 = CARTESIAN_POINT ( 'NONE',  ( -5.500000000000000000, -3.500000000000000000, 101.5999999999999900 ) ) ;
#3161 = CARTESIAN_POINT ( 'NONE',  ( -0.5693224952033819600, -1.122683895444421800, 5.477749966638972600 ) ) ;
#3162 = CARTESIAN_POINT ( 'NONE',  ( -7.126188783889153600, -0.6198402251271233300, 67.66847104652882200 ) ) ;
#3163 = CARTESIAN_POINT ( 'NONE',  ( 5.566735720084823300, 0.4999544664027813500, 91.59999999999999400 ) ) ;
#3164 = CARTESIAN_POINT ( 'NONE',  ( 5.500000000000000000, -3.500000000000000000, -101.5999999999999900 ) ) ;
#3165 = CARTESIAN_POINT ( 'NONE',  ( 7.869071010582949600, -0.8626433313480498200, -65.00000000000000000 ) ) ;
#3166 = CARTESIAN_POINT ( 'NONE',  ( 6.325112109241051600, -0.2501229010015084700, 91.59999999999998000 ) ) ;
#3167 = DIRECTION ( 'NONE',  ( -1.000000000000000000, 0.0000000000000000000, 0.0000000000000000000 ) ) ;
#3168 = CARTESIAN_POINT ( 'NONE',  ( 10.34227949739616500, -1.844165503243006400, -35.00000000000003600 ) ) ;
#3169 = CARTESIAN_POINT ( 'NONE',  ( -7.378274924456011500, 3.073528924094794100, -64.99999999999997200 ) ) ;
#3170 = CARTESIAN_POINT ( 'NONE',  ( 6.882979133331260400, 3.247758944071403400, 65.00000000000000000 ) ) ;
#3171 = ORIENTED_EDGE ( 'NONE', *, *, #5279, .T. ) ;
#3172 = CARTESIAN_POINT ( 'NONE',  ( 8.467531161739978900, 4.810201473950261400, 35.00000000000002800 ) ) ;
#3173 = CARTESIAN_POINT ( 'NONE',  ( 6.153680748000009100, -0.1194890494787442400, 80.96444776770245300 ) ) ;
#3174 = CARTESIAN_POINT ( 'NONE',  ( 0.0000000000000000000, 3.500000000000000000, 0.0000000000000000000 ) ) ;
#3175 = CARTESIAN_POINT ( 'NONE',  ( -4.577908147563846300, -3.091346004255367300, 3.062345030431993500 ) ) ;
#3176 = CARTESIAN_POINT ( 'NONE',  ( -6.923282772886235400, -0.3249535840537120000, 65.00000000000000000 ) ) ;
#3177 = CARTESIAN_POINT ( 'NONE',  ( 2.543615626577186100, -2.248808483637999800, -91.60000000000009400 ) ) ;
#3178 = CARTESIAN_POINT ( 'NONE',  ( 5.500000000000000000, -3.500000000000000000, -101.5999999999999900 ) ) ;
#3179 = CARTESIAN_POINT ( 'NONE',  ( 11.14313200150176700, -2.895621129018439700, -70.02418733614972300 ) ) ;
#3180 = CIRCLE ( 'NONE', #4101, 0.1000000000000002600 ) ;
#3181 = CARTESIAN_POINT ( 'NONE',  ( 0.0000000000000000000, -3.926777784743245500, 2.500000000000000000 ) ) ;
#3182 = CARTESIAN_POINT ( 'NONE',  ( 7.804056259504495300, 2.119271928480658000, 65.00000000000002800 ) ) ;
#3183 = CARTESIAN_POINT ( 'NONE',  ( -9.690464521148044200, -2.453752593685040800, 64.99999999999994300 ) ) ;
#3184 = CARTESIAN_POINT ( 'NONE',  ( -5.246139640217502500, 0.7014085854226807000, -1.690739151490640200 ) ) ;
#3185 = CARTESIAN_POINT ( 'NONE',  ( -7.042752249930929400, 2.647406324255696200, -70.38807641077707400 ) ) ;
#3186 = CARTESIAN_POINT ( 'NONE',  ( 6.316586852261570700, 2.655098022408563600, 70.27777195253126800 ) ) ;
#3187 = ORIENTED_EDGE ( 'NONE', *, *, #5279, .F. ) ;
#3188 = CARTESIAN_POINT ( 'NONE',  ( 6.653844470736795600, 1.262637212728754800, 64.99999999999998600 ) ) ;
#3189 = CARTESIAN_POINT ( 'NONE',  ( 6.164800110518277700, -0.8371507394188374400, 91.59999999999999400 ) ) ;
#3190 = CARTESIAN_POINT ( 'NONE',  ( -9.656521415243194200, -0.5501074020983604000, 41.69041044846055400 ) ) ;
#3191 = CARTESIAN_POINT ( 'NONE',  ( -7.013320220502854400, -3.068697304247694400, 91.59999999999999400 ) ) ;
#3192 = CARTESIAN_POINT ( 'NONE',  ( 8.719900728331081700, -2.203379988663610100, -70.35194919789700000 ) ) ;
#3193 = CARTESIAN_POINT ( 'NONE',  ( -5.000222652930276000, -1.511864834312181700, -97.00901297692681200 ) ) ;
#3194 = CARTESIAN_POINT ( 'NONE',  ( 11.62678891727449200, -3.002765625858827600, -65.00000000000000000 ) ) ;
#3195 = CARTESIAN_POINT ( 'NONE',  ( -5.363312068258555800, -3.444152956822558400, 1.225199181425698600 ) ) ;
#3196 = CARTESIAN_POINT ( 'NONE',  ( 6.323824465672143600, -0.1716309170086853800, 91.59999999999998000 ) ) ;
#3197 = CARTESIAN_POINT ( 'NONE',  ( -1.190147867526198500, -1.911408412262552500, 91.59999999999999400 ) ) ;
#3198 = CARTESIAN_POINT ( 'NONE',  ( -7.456987757109556200, 5.500000000000005300, -45.03262229995771500 ) ) ;
#3199 = CARTESIAN_POINT ( 'NONE',  ( 3.929616587110299300, -0.1904210394183396300, -70.34586690625101800 ) ) ;
#3200 = DATE_AND_TIME ( #187, #1091 ) ;
#3201 = CARTESIAN_POINT ( 'NONE',  ( 6.669093212727449100, 1.260317873735159700, 64.99999999999998600 ) ) ;
#3202 = CARTESIAN_POINT ( 'NONE',  ( -5.500000000000000000, -3.500000000000000000, 101.5999999999999900 ) ) ;
#3203 = CARTESIAN_POINT ( 'NONE',  ( -13.44483379002171300, -3.343927464517826300, 34.99999999999995000 ) ) ;
#3204 = CARTESIAN_POINT ( 'NONE',  ( -11.14313200150176700, -2.895621129018439700, 70.02418733614972300 ) ) ;
#3205 = CARTESIAN_POINT ( 'NONE',  ( -7.740567371011539200, 2.070259132719761500, -70.44981649104740000 ) ) ;
#3206 = CARTESIAN_POINT ( 'NONE',  ( 10.11465797579507600, -3.496319897800611800, -78.31748053202910900 ) ) ;
#3207 = CARTESIAN_POINT ( 'NONE',  ( -5.210932498510611100, -3.429072555626031500, 0.0000000000000000000 ) ) ;
#3208 = CARTESIAN_POINT ( 'NONE',  ( 11.15422207390537700, -2.733625987851395300, -65.00000000000002800 ) ) ;
#3209 = EDGE_CURVE ( 'NONE', #341, #3620, #3119, .T. ) ;
#3210 = ORIENTED_EDGE ( 'NONE', *, *, #1625, .T. ) ;
#3211 = CARTESIAN_POINT ( 'NONE',  ( -5.499954366725181600, -3.248008700776063400, 0.02266442556289231500 ) ) ;
#3212 = CARTESIAN_POINT ( 'NONE',  ( 6.719928352310025900, 0.4732518132102580500, 86.34474821525144300 ) ) ;
#3213 = CARTESIAN_POINT ( 'NONE',  ( 6.123410562202287200, -3.408068413440858500, -96.77971922604707800 ) ) ;
#3214 = CARTESIAN_POINT ( 'NONE',  ( -3.409055548481061400, 3.154286419249737100, -44.77306493902164400 ) ) ;
#3215 = CARTESIAN_POINT ( 'NONE',  ( 1.570508238728616200, -1.275399761486496700, -84.95516856332004400 ) ) ;
#3216 = CARTESIAN_POINT ( 'NONE',  ( 6.866745704602823100, 1.250291916817489700, 64.99999999999998600 ) ) ;
#3217 = CARTESIAN_POINT ( 'NONE',  ( 6.158294465473434600, 0.3436141235815725600, 91.60000000000002300 ) ) ;
#3218 = CARTESIAN_POINT ( 'NONE',  ( 4.888944653252027100, 2.662847721955357000, -35.00000000000000000 ) ) ;
#3219 = CARTESIAN_POINT ( 'NONE',  ( -12.09900545601552000, -3.349671957799528000, 67.55803802298281400 ) ) ;
#3220 = CARTESIAN_POINT ( 'NONE',  ( -7.722486342907477500, 1.834423572835391300, -65.00000000000005700 ) ) ;
#3221 = CARTESIAN_POINT ( 'NONE',  ( 8.312085610032735200, 5.053453130918208900, 35.00000000000001400 ) ) ;
#3222 = CARTESIAN_POINT ( 'NONE',  ( 9.847203325464706200, -2.197763591662127900, -70.02989909491600400 ) ) ;
#3223 = CARTESIAN_POINT ( 'NONE',  ( -10.90634091824162200, -2.627101893737120000, 52.82639375731731900 ) ) ;
#3224 = CARTESIAN_POINT ( 'NONE',  ( -5.499331882033201800, -3.232506869414817400, 0.08711627934964023800 ) ) ;
#3225 = CARTESIAN_POINT ( 'NONE',  ( 7.113114837602074300, 1.220778555168661600, 81.08946078597168100 ) ) ;
#3226 = CARTESIAN_POINT ( 'NONE',  ( -4.808201524973177300, -0.5518715852301239200, 70.34480649329047700 ) ) ;
#3227 = ORIENTED_EDGE ( 'NONE', *, *, #4624, .F. ) ;
#3228 = CARTESIAN_POINT ( 'NONE',  ( -7.800151412454075800, 2.362101102032031700, -55.02440734173170300 ) ) ;
#3229 = CARTESIAN_POINT ( 'NONE',  ( 3.885415785753489000, -0.1796416769483043800, -70.37256937397201300 ) ) ;
#3230 = VECTOR ( 'NONE', #5271, 1000.000000000000000 ) ;
#3231 = CARTESIAN_POINT ( 'NONE',  ( 5.932443280641756200, -0.5608587569424999800, 86.28635124005518300 ) ) ;
#3232 = CARTESIAN_POINT ( 'NONE',  ( -11.71418783918148400, -3.052541683012570700, 65.00000000000000000 ) ) ;
#3233 = CARTESIAN_POINT ( 'NONE',  ( -8.952574744826916800, -3.330604620708195200, 84.89898123214487700 ) ) ;
#3234 = CARTESIAN_POINT ( 'NONE',  ( -6.310850953093063400, -0.3985518718915080400, -91.59999999999989500 ) ) ;
#3235 = B_SPLINE_CURVE_WITH_KNOTS ( 'NONE', 3,
 ( #72, #908, #4458, #2534 ),
 .UNSPECIFIED., .F., .F.,
 ( 4, 4 ),
 ( 0.0000000000000000000, 0.8623188966464435700 ),
 .UNSPECIFIED. ) ;
#3236 = EDGE_CURVE ( 'NONE', #1757, #3746, #4343, .T. ) ;
#3237 = EDGE_LOOP ( 'NONE', ( #2754, #4460, #667, #2787 ) ) ;
#3238 = CARTESIAN_POINT ( 'NONE',  ( 2.590204796240931400, -0.7987684386529359000, -78.31033712664007900 ) ) ;
#3239 = CARTESIAN_POINT ( 'NONE',  ( -6.567365395156482300, 0.3026143729517862800, -75.65789158512423300 ) ) ;
#3240 = CARTESIAN_POINT ( 'NONE',  ( -1.458233081073477800, -1.603710014415314500, 0.0000000000000000000 ) ) ;
#3241 = CARTESIAN_POINT ( 'NONE',  ( 6.073541601570654300, -1.338201082732508600, -78.23431797477206800 ) ) ;
#3242 = CARTESIAN_POINT ( 'NONE',  ( -0.4121948632603468200, 1.740782857215374100, 5.487717199499326300 ) ) ;
#3243 = CARTESIAN_POINT ( 'NONE',  ( 6.749483337190296700, 1.557673123991738700, 81.06700917066260100 ) ) ;
#3244 = CARTESIAN_POINT ( 'NONE',  ( -4.865233192561156300, -0.4526997273211050800, 67.67217879788810800 ) ) ;
#3245 = AXIS2_PLACEMENT_3D ( 'NONE', #4744, #2662, #3084 ) ;
#3246 = CARTESIAN_POINT ( 'NONE',  ( 4.698651986132983200, 0.4497704144956168300, -53.93139796452462800 ) ) ;
#3247 = CARTESIAN_POINT ( 'NONE',  ( 2.496717035533822400, -0.7651307537329781200, -78.34413895884648600 ) ) ;
#3248 = CARTESIAN_POINT ( 'NONE',  ( 6.802835662059991700, 0.3249121850196134400, 75.68970611918258800 ) ) ;
#3249 = CARTESIAN_POINT ( 'NONE',  ( -5.229753836566577400, 0.6794399671886728300, -5.448849002921631000 ) ) ;
#3250 = CARTESIAN_POINT ( 'NONE',  ( 0.9977608108123169300, 4.286552377158776600, -44.89581496232038700 ) ) ;
#3251 = CARTESIAN_POINT ( 'NONE',  ( -10.01289762004581800, -2.083610747318200800, 64.99999999999998600 ) ) ;
#3252 = CARTESIAN_POINT ( 'NONE',  ( -7.797565394696129600, 2.077698650129524300, -65.00000000000002800 ) ) ;
#3253 = DIRECTION ( 'NONE',  ( -0.0000000000000000000, -0.0000000000000000000, -1.000000000000000000 ) ) ;
#3254 = CARTESIAN_POINT ( 'NONE',  ( -5.882924145940334500, -0.5600068620738510900, -86.28292413266969200 ) ) ;
#3255 = CARTESIAN_POINT ( 'NONE',  ( 3.808764071486309400, 0.1250870961561772700, -0.0000000000000000000 ) ) ;
#3256 = CARTESIAN_POINT ( 'NONE',  ( 12.09009442355287900, -3.404695970668889100, -67.56360674686470700 ) ) ;
#3257 = CARTESIAN_POINT ( 'NONE',  ( -12.72778490315996400, -3.187407010529113500, 34.99999999999999300 ) ) ;
#3258 = ADVANCED_FACE ( 'NONE', ( #1438 ), #4941, .T. ) ;
#3259 = CARTESIAN_POINT ( 'NONE',  ( 5.500000000000000000, -3.500000000000000000, -101.5999999999999900 ) ) ;
#3260 = CARTESIAN_POINT ( 'NONE',  ( 7.628942016511497400, 2.824235552641646500, 64.99999999999994300 ) ) ;
#3261 = CARTESIAN_POINT ( 'NONE',  ( -3.409055548481061000, 3.154286419249737100, -35.00000000000000000 ) ) ;
#3262 = CARTESIAN_POINT ( 'NONE',  ( 0.5508116812163015300, -1.752031084320056800, -91.59999999999998000 ) ) ;
#3263 = LINE ( 'NONE', #4410, #2307 ) ;
#3264 = CARTESIAN_POINT ( 'NONE',  ( 6.190382362147103000, -0.5173117446935735500, 86.30233181615834300 ) ) ;
#3265 = DIRECTION ( 'NONE',  ( 0.0000000000000000000, -0.0000000000000000000, 1.000000000000000000 ) ) ;
#3266 = CARTESIAN_POINT ( 'NONE',  ( -11.50841343309991100, -2.469838454414825500, 52.60783528471389300 ) ) ;
#3267 = CARTESIAN_POINT ( 'NONE',  ( -12.09009442355287900, -3.404695970668889100, 67.56360674686470700 ) ) ;
#3268 = B_SPLINE_SURFACE_WITH_KNOTS ( 'NONE', 3, 3, ( 
 ( #895, #3765, #5020, #2500 ),
 ( #3322, #1664, #1308, #2481 ),
 ( #3704, #4544, #1270, #4181 ),
 ( #1720, #4564, #4602, #1235 ),
 ( #2129, #4105, #2540, #4525 ),
 ( #4144, #41, #79, #2093 ),
 ( #2055, #4937, #4975, #5 ),
 ( #2074, #2922, #2466, #419 ),
 ( #5123, #554, #120, #3022 ),
 ( #4683, #3455, #1740, #162 ),
 ( #3391, #1328, #2211, #4702 ),
 ( #2234, #2558, #933, #3802 ),
 ( #3433, #495, #1799, #1346 ),
 ( #2151, #3375, #3042, #532 ),
 ( #4261, #2189, #2998, #4222 ),
 ( #974, #3840, #1760, #913 ),
 ( #4200, #2576, #3822, #4658 ),
 ( #1388, #4619, #5104, #2169 ),
 ( #3410, #2621, #4242, #952 ),
 ( #577, #4639, #995, #3862 ),
 ( #98, #1409, #5061, #4283 ),
 ( #1365, #2640, #1780, #5081 ),
 ( #2600, #5038, #138, #1819 ),
 ( #2960, #2978, #3782, #511 ),
 ( #1069, #1085, #2314, #1015 ),
 ( #3063, #3935, #255, #4788 ),
 ( #649, #5160, #3901, #2714 ),
 ( #5178, #614, #1033, #631 ),
 ( #1427, #3132, #1446, #2251 ),
 ( #181, #1482, #215, #4302 ),
 ( #3524, #4354, #2695, #3508 ),
 ( #3953, #2678, #665, #2300 ),
 ( #1050, #1465, #5193, #3488 ),
 ( #4336, #1873, #1857, #236 ),
 ( #3540, #3111, #594, #5208 ),
 ( #1496, #1888, #4772, #4720 ),
 ( #200, #1905, #5144, #4319 ),
 ( #2266, #4369, #3472, #3882 ),
 ( #1840, #2657, #3081, #4738 ),
 ( #3097, #3919, #4755, #2283 ),
 ( #1148, #3193, #726, #3164 ),
 ( #712, #5266, #5233, #2758 ),
 ( #2744, #2772, #1514, #3601 ),
 ( #286, #302, #4016, #3998 ),
 ( #742, #1118, #1558, #1544 ),
 ( #697, #4863, #4430, #5221 ),
 ( #315, #4400, #2388, #3178 ) ),
 .UNSPECIFIED., .T., .F., .F.,
 ( 4, 1, 1, 1, 1, 2, 1, 1, 1, 1, 1, 1, 1, 1, 2, 1, 1, 1, 2, 1, 1, 1, 1, 1, 1, 1, 1, 1, 1, 1, 2, 1, 1, 1, 1, 2, 1, 1, 1, 4 ),
 ( 4, 4 ),
 ( 0.0000000000000000000, 0.02308594244383046400, 0.06156251318354790500, 0.1231250263670958100, 0.1846875395506437100, 0.2462500527341916200, 0.3002781212404546100, 0.3543061897467175700, 0.3880737325631319300, 0.4083342582529805300, 0.4285947839428291300, 0.4421018010693949000, 0.4488553096326777200, 0.4556088181959606100, 0.4623623267592434900, 0.4648778679603207100, 0.4673934091613979300, 0.4699089503624752600, 0.4724244915635524800, 0.4799685775639622200, 0.4875126635643719500, 0.4950567495647816800, 0.5026008355651914200, 0.5101449215656010900, 0.5327771795668303500, 0.5403212655672401400, 0.5554094375680596100, 0.5931298675701082200, 0.6157621255713374700, 0.6534825555733860800, 0.7138352435766639500, 0.7655958631888616400, 0.8173564828010593300, 0.8691171024132569000, 0.8986945993345126800, 0.9208777220254545900, 0.9406582915190908600, 0.9604388610127272400, 0.9802194305063636200, 1.000000000000000000 ),
 ( 0.0000000000000000000, 1.000000000000000000 ),
 .UNSPECIFIED. ) ;
#3269 = CARTESIAN_POINT ( 'NONE',  ( -7.128249781501347500, 2.312368313644595400, -75.89003133751924700 ) ) ;
#3270 = CARTESIAN_POINT ( 'NONE',  ( -13.38622377657959800, -3.274055437160528800, 35.00000000000000000 ) ) ;
#3271 = CARTESIAN_POINT ( 'NONE',  ( -6.548578059136613800, 0.7899767677737457000, -70.32165494154138200 ) ) ;
#3272 = DIRECTION ( 'NONE',  ( 1.000000000000000000, 0.0000000000000000000, 0.0000000000000000000 ) ) ;
#3273 = CARTESIAN_POINT ( 'NONE',  ( -7.693987356707471500, -0.3529528159032009900, 35.00000000000000700 ) ) ;
#3274 = DIRECTION ( 'NONE',  ( 0.0000000000000000000, 0.0000000000000000000, -1.000000000000000000 ) ) ;
#3275 = CARTESIAN_POINT ( 'NONE',  ( 10.27702596331883100, -3.421378523771802200, -78.20723080569810300 ) ) ;
#3276 = CARTESIAN_POINT ( 'NONE',  ( -11.41460097594134200, -3.217143905437039700, 64.99999999999998600 ) ) ;
#3277 = EDGE_CURVE ( 'NONE', #4768, #4071, #575, .T. ) ;
#3278 = CARTESIAN_POINT ( 'NONE',  ( 5.718242077460877800, 1.441093611720883200, 65.00000000000000000 ) ) ;
#3279 = CARTESIAN_POINT ( 'NONE',  ( -4.723703292664049900, 0.4800804721186269800, -91.59999999999999400 ) ) ;
#3280 = CARTESIAN_POINT ( 'NONE',  ( 6.428171221616768300, 0.8869652926753953700, 86.32970174222056400 ) ) ;
#3281 = CARTESIAN_POINT ( 'NONE',  ( -0.7689004309060036800, 4.716700250569106200, -35.00000000000000000 ) ) ;
#3282 = CARTESIAN_POINT ( 'NONE',  ( 7.550811680725582100, -3.497030537516180100, -91.59999999999999400 ) ) ;
#3283 = ORIENTED_EDGE ( 'NONE', *, *, #3118, .F. ) ;
#3284 = CARTESIAN_POINT ( 'NONE',  ( 3.143835100110508500, 0.1092640972156425500, -70.84243535766847800 ) ) ;
#3285 = CARTESIAN_POINT ( 'NONE',  ( 5.849782829761077000, -0.9486452049625117000, 91.59999999999982400 ) ) ;
#3286 = CARTESIAN_POINT ( 'NONE',  ( 6.102691817818850100, 0.5430812962098321400, -23.24749349164519400 ) ) ;
#3287 = CARTESIAN_POINT ( 'NONE',  ( -6.528344563924750200, 2.052911910354219900, -75.65844214945096300 ) ) ;
#3288 = VERTEX_POINT ( 'NONE', #2476 ) ;
#3289 = CARTESIAN_POINT ( 'NONE',  ( -11.96583004158950900, -3.506225285905156100, 70.12243686704181300 ) ) ;
#3290 = CARTESIAN_POINT ( 'NONE',  ( -7.149079728384628600, 2.302637162982001900, -75.89110255650749100 ) ) ;
#3291 = CLOSED_SHELL ( 'NONE', ( #1213, #1240, #682, #3459, #2880, #5313, #166, #4883, #2318, #1987, #4372, #2849, #3631, #3966 ) ) ;
#3292 = DIRECTION ( 'NONE',  ( 0.0000000000000000000, 0.0000000000000000000, -1.000000000000000000 ) ) ;
#3293 = CARTESIAN_POINT ( 'NONE',  ( -5.592872297305001800, -0.9997996483548975400, -91.59999999999996600 ) ) ;
#3294 = CARTESIAN_POINT ( 'NONE',  ( -2.583978863396210600, -0.7965168315056281300, 78.31259398398344700 ) ) ;
#3295 = CARTESIAN_POINT ( 'NONE',  ( 5.229753836566577400, 0.6794399671886728300, 5.448849002921631000 ) ) ;
#3296 = CARTESIAN_POINT ( 'NONE',  ( 8.965845422728001800, -3.355516603754779700, -84.90002215879178500 ) ) ;
#3297 = LINE ( 'NONE', #3181, #2727 ) ;
#3298 = CARTESIAN_POINT ( 'NONE',  ( -6.243032353554017500, -0.3297609944642538300, 53.67373552634443000 ) ) ;
#3299 = CARTESIAN_POINT ( 'NONE',  ( 0.1623420578244355900, -1.834828462090690900, -99.99050645971205100 ) ) ;
#3300 = CARTESIAN_POINT ( 'NONE',  ( 6.609845030707455200, 2.350319778117861100, 75.82267771736425700 ) ) ;
#3301 = CARTESIAN_POINT ( 'NONE',  ( -2.549476680035415400, 2.733200515065060900, 0.0000000000000000000 ) ) ;
#3302 = CARTESIAN_POINT ( 'NONE',  ( 0.5693224952033819600, -1.122683895444421800, -5.477749966638972600 ) ) ;
#3303 = CARTESIAN_POINT ( 'NONE',  ( 1.320178658592967300, -1.198832758001511700, -85.00460573217831900 ) ) ;
#3304 = ORIENTED_EDGE ( 'NONE', *, *, #5252, .T. ) ;
#3305 = CARTESIAN_POINT ( 'NONE',  ( 6.059382324865863400, -0.8207927445222676900, 91.59999999999968200 ) ) ;
#3306 = CARTESIAN_POINT ( 'NONE',  ( 3.418959789684481400, -2.537777229246541900, -23.78055256083094400 ) ) ;
#3307 = CARTESIAN_POINT ( 'NONE',  ( -5.911814251511112100, 1.025086316260137400, -86.28317637822713900 ) ) ;
#3308 = ORIENTED_EDGE ( 'NONE', *, *, #3588, .T. ) ;
#3309 = CARTESIAN_POINT ( 'NONE',  ( -10.29321312890917600, -3.368789827932107400, 78.19864013613961600 ) ) ;
#3310 = CARTESIAN_POINT ( 'NONE',  ( -7.118177794854412700, 2.316964707766989000, -75.88947967170942400 ) ) ;
#3311 = EDGE_CURVE ( 'NONE', #4294, #3616, #284, .T. ) ;
#3312 = CARTESIAN_POINT ( 'NONE',  ( 5.566735720207312000, 0.4999544664041345500, 91.59999999999999400 ) ) ;
#3313 = CARTESIAN_POINT ( 'NONE',  ( -5.650324346522995500, -0.9963514374856179400, -91.59999999999992300 ) ) ;
#3314 = CARTESIAN_POINT ( 'NONE',  ( 4.586738841511640400, 2.878507268367561000, 3.035099141670409000 ) ) ;
#3315 = CARTESIAN_POINT ( 'NONE',  ( -5.175315884351128700, -0.1696569241813815600, -98.38101291942410900 ) ) ;
#3316 = DIRECTION ( 'NONE',  ( 0.0000000000000000000, 1.000000000000000000, -0.0000000000000000000 ) ) ;
#3317 = CARTESIAN_POINT ( 'NONE',  ( 5.956627282007008100, 5.500000000000001800, 35.00000000000000000 ) ) ;
#3318 = CARTESIAN_POINT ( 'NONE',  ( 7.622086315420630400, -3.311722468499423800, -91.60000000000000900 ) ) ;
#3319 = CARTESIAN_POINT ( 'NONE',  ( -5.336785951922745900, 0.4974204868938179600, -91.59999999999999400 ) ) ;
#3320 = CARTESIAN_POINT ( 'NONE',  ( 7.282946314946333800, 2.588321695835204200, 70.41940348444075000 ) ) ;
#3321 = CARTESIAN_POINT ( 'NONE',  ( 5.011878916172491000, -2.729550803369759300, 0.0000000000000000000 ) ) ;
#3322 = CARTESIAN_POINT ( 'NONE',  ( -5.336785951922745900, 0.4974204868938179600, -91.59999999999999400 ) ) ;
#3323 = CARTESIAN_POINT ( 'NONE',  ( 2.315342084043631400, -0.7009816567022247900, -78.40921146435664500 ) ) ;
#3324 = CARTESIAN_POINT ( 'NONE',  ( 5.500000000000000000, -3.500000000000000000, -101.5999999999999900 ) ) ;
#3325 = CARTESIAN_POINT ( 'NONE',  ( 6.062250888037233700, -0.8183431585436929900, 91.59999999999968200 ) ) ;
#3326 = CARTESIAN_POINT ( 'NONE',  ( -7.776606121294507000, 3.050896305807777200, -23.26039490698691700 ) ) ;
#3327 = CARTESIAN_POINT ( 'NONE',  ( -6.507966232544145400, 2.063014694047892800, -75.67906369058027800 ) ) ;
#3328 = CARTESIAN_POINT ( 'NONE',  ( -12.15147496936277300, -3.305046149004432700, 65.00000000000000000 ) ) ;
#3329 = CARTESIAN_POINT ( 'NONE',  ( -7.113203681229541600, 2.319648816655895300, -75.88913746409774300 ) ) ;
#3330 = CARTESIAN_POINT ( 'NONE',  ( -7.312499999999926300, -21.11747082298127500, -35.00000000000000000 ) ) ;
#3331 = CARTESIAN_POINT ( 'NONE',  ( -6.978625445675492100, 0.2014672731021806000, -81.04484003620046900 ) ) ;
#3332 = CARTESIAN_POINT ( 'NONE',  ( -7.062499999999927200, 4.375000000000001800, -55.01473523173899600 ) ) ;
#3333 = CARTESIAN_POINT ( 'NONE',  ( 3.923995102174998800, -1.698558109785529300, -3.859636546278925300 ) ) ;
#3334 = CARTESIAN_POINT ( 'NONE',  ( -5.500000000000000000, -3.500000000000000000, 101.5999999999999900 ) ) ;
#3335 = CARTESIAN_POINT ( 'NONE',  ( 0.7689004309060035700, 4.716700250569106200, 23.30396550313230700 ) ) ;
#3336 = CARTESIAN_POINT ( 'NONE',  ( 8.970648951034419800, -3.376443654399636300, -84.90180337343237200 ) ) ;
#3337 = CARTESIAN_POINT ( 'NONE',  ( 1.627636353377647700, 2.783690462045981500, 65.00000000000000000 ) ) ;
#3338 = CARTESIAN_POINT ( 'NONE',  ( 5.500000000000000000, -3.500000000000000000, -101.5999999999999900 ) ) ;
#3339 = CARTESIAN_POINT ( 'NONE',  ( 7.555681281594739400, 2.917680725551460100, 64.99999999999997200 ) ) ;
#3340 = CARTESIAN_POINT ( 'NONE',  ( -0.2003605797935595100, 1.809459859870980800, 0.0000000000000000000 ) ) ;
#3341 = CARTESIAN_POINT ( 'NONE',  ( 1.164958648907515900, -0.3406152000039321900, -78.81364871362056600 ) ) ;
#3342 = CARTESIAN_POINT ( 'NONE',  ( 3.320785158278384900, -2.780127480640186100, -97.37007836625018300 ) ) ;
#3343 = CARTESIAN_POINT ( 'NONE',  ( 6.533835026603593800, -0.2881415343209994800, 86.32498767742852400 ) ) ;
#3344 = CARTESIAN_POINT ( 'NONE',  ( -4.748604847522644300, 2.837148999236450900, -2.790482059250357400 ) ) ;
#3345 = CARTESIAN_POINT ( 'NONE',  ( -6.008353362658267500, 1.021954744311182900, -86.29334803102024400 ) ) ;
#3346 = CARTESIAN_POINT ( 'NONE',  ( -11.93421857605521000, -3.519978851631858900, 70.12722263355212200 ) ) ;
#3347 = CARTESIAN_POINT ( 'NONE',  ( -6.314062575381711000, -0.1014868578897044900, -91.60000000000002300 ) ) ;
#3348 = CARTESIAN_POINT ( 'NONE',  ( -2.111995562515883100, -1.116946991387025600, 91.59999999999998000 ) ) ;
#3349 = CARTESIAN_POINT ( 'NONE',  ( -7.284203915740203400, 0.9265774916880872300, -70.38441667708913500 ) ) ;
#3350 = CARTESIAN_POINT ( 'NONE',  ( -4.013459655556380800, 2.989082619949431100, -3.767808645307090000 ) ) ;
#3351 = CARTESIAN_POINT ( 'NONE',  ( 5.373099757032242100, -3.042226386248210200, -1.181062772307778500 ) ) ;
#3352 = CARTESIAN_POINT ( 'NONE',  ( 6.812499999999925400, 2.250000000000000000, 65.00000000000000000 ) ) ;
#3353 = CARTESIAN_POINT ( 'NONE',  ( 11.91094975054133400, -3.511665730242716300, -70.13798802247397600 ) ) ;
#3354 = CARTESIAN_POINT ( 'NONE',  ( 4.999245507576471700, 0.4870453316923605300, 91.60000000000003700 ) ) ;
#3355 = CARTESIAN_POINT ( 'NONE',  ( 7.549495560061596500, -3.282207010196621000, -91.59999999999998000 ) ) ;
#3356 = CARTESIAN_POINT ( 'NONE',  ( 13.28631023885851000, -3.498586476245995500, -35.00000000000000000 ) ) ;
#3357 = CARTESIAN_POINT ( 'NONE',  ( -1.624745414186618900, 1.309512077109826100, -69.32941449221870300 ) ) ;
#3358 = CARTESIAN_POINT ( 'NONE',  ( 7.473699175732674500, -3.533937962933759700, -91.93788137799234100 ) ) ;
#3359 = VERTEX_POINT ( 'NONE', #1284 ) ;
#3360 = CARTESIAN_POINT ( 'NONE',  ( 7.622467142886963000, 1.147751311632570400, 75.83960237896566500 ) ) ;
#3361 = CARTESIAN_POINT ( 'NONE',  ( -5.710439618725811100, 0.4882498431360366400, -91.60000000000009400 ) ) ;
#3362 = CARTESIAN_POINT ( 'NONE',  ( -10.26486684371340800, -3.432247612396968500, 78.21365813640650800 ) ) ;
#3363 = CARTESIAN_POINT ( 'NONE',  ( -6.609845030707455200, 2.350319778117861100, -75.82267771736425700 ) ) ;
#3364 = VECTOR ( 'NONE', #4411, 1000.000000000000000 ) ;
#3365 = CARTESIAN_POINT ( 'NONE',  ( -5.500000000000000000, -3.500000000000000000, 101.5999999999999900 ) ) ;
#3366 = CARTESIAN_POINT ( 'NONE',  ( -7.408507895377482600, 1.013750431886375900, -70.39614203047735000 ) ) ;
#3367 = CARTESIAN_POINT ( 'NONE',  ( -3.725365427061033700, -0.1158816018885672300, 70.47596358434007900 ) ) ;
#3368 = CARTESIAN_POINT ( 'NONE',  ( 5.039468909172123600, -2.733506238000674500, -2.215889138689990800 ) ) ;
#3369 = DIRECTION ( 'NONE',  ( -0.0000000000000000000, -1.000000000000000000, -0.0000000000000000000 ) ) ;
#3370 = CARTESIAN_POINT ( 'NONE',  ( -13.43511312020813300, -3.336622343617651400, 23.03763602274474600 ) ) ;
#3371 = CARTESIAN_POINT ( 'NONE',  ( 12.18331411520835100, -3.361373774031518400, -65.00000000000000000 ) ) ;
#3372 = CARTESIAN_POINT ( 'NONE',  ( 2.765699483134438800, 2.971862260744864600, 65.00000000000000000 ) ) ;
#3373 = ORIENTED_EDGE ( 'NONE', *, *, #288, .T. ) ;
#3374 = CARTESIAN_POINT ( 'NONE',  ( 5.274610528618672400, -3.449308689770564000, -23.95547209840502800 ) ) ;
#3375 = CARTESIAN_POINT ( 'NONE',  ( 6.977909564158400400, -3.085472570157330500, -91.95697146355861700 ) ) ;
#3376 = CARTESIAN_POINT ( 'NONE',  ( -3.450236490783826300, 0.2415112647325381400, -80.37806104205687100 ) ) ;
#3377 = CARTESIAN_POINT ( 'NONE',  ( 3.248728347693834000, -2.424582956906062000, -91.59999999999999400 ) ) ;
#3378 = CARTESIAN_POINT ( 'NONE',  ( 6.542532019217340200, -0.2782469555475582400, 86.32561205548901700 ) ) ;
#3379 = CARTESIAN_POINT ( 'NONE',  ( -5.953228839345233500, 2.654282025366034900, -70.23201229162448600 ) ) ;
#3380 = CARTESIAN_POINT ( 'NONE',  ( -12.18621593976100400, -3.385236306872472700, 65.00000000000000000 ) ) ;
#3381 = CARTESIAN_POINT ( 'NONE',  ( -7.729933449888538800, 2.647106955164929800, -64.99999999999994300 ) ) ;
#3382 = AXIS2_PLACEMENT_3D ( 'NONE', #3952, #5220, #1856 ) ;
#3383 = CARTESIAN_POINT ( 'NONE',  ( -5.500000000000000000, -3.500000000000000000, 101.5999999999999900 ) ) ;
#3384 = CARTESIAN_POINT ( 'NONE',  ( -5.849782829761077000, -0.9486452049625117000, -91.59999999999982400 ) ) ;
#3385 = CARTESIAN_POINT ( 'NONE',  ( -3.992789255883359500, 0.06890339688463387200, 65.00000000000000000 ) ) ;
#3386 = CARTESIAN_POINT ( 'NONE',  ( 2.820352840402538000, -0.6606301824433897800, -4.738356817849393100 ) ) ;
#3387 = CARTESIAN_POINT ( 'NONE',  ( -13.42971025364485800, -3.422871903549387100, 23.03412524527423600 ) ) ;
#3388 = CARTESIAN_POINT ( 'NONE',  ( 7.667298446427821500, -3.437748760219582000, -91.60000000000005100 ) ) ;
#3389 = CARTESIAN_POINT ( 'NONE',  ( 2.891903937360320100, 1.408466340067337200, 80.28105014963637100 ) ) ;
#3390 = CARTESIAN_POINT ( 'NONE',  ( 13.36064268990514000, -3.490970175769123600, -34.99999999999999300 ) ) ;
#3391 = CARTESIAN_POINT ( 'NONE',  ( 5.424495561112171200, -2.436013439694203700, -91.59999999999996600 ) ) ;
#3392 = CARTESIAN_POINT ( 'NONE',  ( -5.090944714959140200, -0.4694860310435334800, -86.20699973526377800 ) ) ;
#3393 = CARTESIAN_POINT ( 'NONE',  ( 3.794162780614560600, -2.873037202515628800, -97.19525869655981900 ) ) ;
#3394 = CARTESIAN_POINT ( 'NONE',  ( 6.215316828849786600, -0.6455560552760246700, 91.59999999999971000 ) ) ;
#3395 = CARTESIAN_POINT ( 'NONE',  ( -5.209195556452081100, 2.450857846071467600, -1.784279507520499600 ) ) ;
#3396 = CARTESIAN_POINT ( 'NONE',  ( -5.009000750676852600, 3.197687695426675100, -64.99999999999998600 ) ) ;
#3397 = CARTESIAN_POINT ( 'NONE',  ( -8.941159204082945100, -3.459061189909045100, 84.92962949604540800 ) ) ;
#3398 = CARTESIAN_POINT ( 'NONE',  ( -7.745391139878647000, 2.609655201999432800, -64.99999999999994300 ) ) ;
#3399 = CARTESIAN_POINT ( 'NONE',  ( -4.304526336598703700, -2.561876484896953100, 97.16832572760701200 ) ) ;
#3400 = CARTESIAN_POINT ( 'NONE',  ( -7.233200209031307900, 1.343124616011312800, -65.00000000000000000 ) ) ;
#3401 = CARTESIAN_POINT ( 'NONE',  ( -3.143835100110508500, 0.1092640972156425500, 70.84243535766847800 ) ) ;
#3402 = CARTESIAN_POINT ( 'NONE',  ( 5.499740879268513200, 1.469883846861060000, 0.05439817374090261100 ) ) ;
#3403 = CARTESIAN_POINT ( 'NONE',  ( 0.06692549524274162000, -0.5607342222052168500, 94.25483705900106200 ) ) ;
#3404 = CARTESIAN_POINT ( 'NONE',  ( -5.452379978716774800, -3.390714092315537900, 23.94753839101931800 ) ) ;
#3405 = CARTESIAN_POINT ( 'NONE',  ( 8.963712895802622400, -3.418697374789730200, -84.91131407846513900 ) ) ;
#3406 = CARTESIAN_POINT ( 'NONE',  ( -0.4600450460384835600, 1.916126946105138200, 68.95022003946367300 ) ) ;
#3407 = B_SPLINE_CURVE_WITH_KNOTS ( 'NONE', 3,
 ( #1313, #3344, #516, #1293, #3395, #937, #2505, #2526, #4185, #958, #2097, #4981, #4167, #4228, #1765, #539, #3786, #1744 ),
 .UNSPECIFIED., .F., .F.,
 ( 4, 2, 2, 2, 2, 2, 2, 2, 4 ),
 ( 0.0000000000000000000, 0.0008769245444300127500, 0.001753849088860025500, 0.002630773633290038300, 0.003069235905505044700, 0.003288467041612547400, 0.003398082609666299000, 0.003452890393693174500, 0.003507698177720050100 ),
 .UNSPECIFIED. ) ;
#3408 = CARTESIAN_POINT ( 'NONE',  ( 13.28631023885851000, -3.498586476245995500, -23.02748771434393000 ) ) ;
#3409 = CARTESIAN_POINT ( 'NONE',  ( -5.500000000000000000, -3.500000000000000000, 101.5999999999999900 ) ) ;
#3410 = CARTESIAN_POINT ( 'NONE',  ( 7.674438083966977700, -3.353084818829482400, -91.60000000000003700 ) ) ;
#3411 = CARTESIAN_POINT ( 'NONE',  ( -6.116409723217153700, -0.1143605102910030100, -80.96068617556736100 ) ) ;
#3412 = CARTESIAN_POINT ( 'NONE',  ( 2.394484768159039800, -0.4970092324879854500, -85.00843520399928400 ) ) ;
#3413 = CARTESIAN_POINT ( 'NONE',  ( 0.1623420578244355900, -1.834828462090690900, -99.99050645971205100 ) ) ;
#3414 = CARTESIAN_POINT ( 'NONE',  ( 6.750624557664156800, 0.2311620537453197000, 86.34357632207479600 ) ) ;
#3415 = DIRECTION ( 'NONE',  ( 0.9703053751617990400, 0.2418831927441851500, 0.0000000000000000000 ) ) ;
#3416 = EDGE_CURVE ( 'NONE', #2009, #3566, #2872, .T. ) ;
#3417 = CARTESIAN_POINT ( 'NONE',  ( -6.177408706829849500, 2.060235033420366500, -75.55554089358226100 ) ) ;
#3418 = CARTESIAN_POINT ( 'NONE',  ( -7.652047974643293700, -3.463198621321495800, 91.60000000000003700 ) ) ;
#3419 = CARTESIAN_POINT ( 'NONE',  ( -7.585742427479402700, 2.359498728389946000, -70.44498772180637000 ) ) ;
#3420 = CARTESIAN_POINT ( 'NONE',  ( 6.817708152575113100, 2.652342573476639000, 70.34669606204029400 ) ) ;
#3421 = CARTESIAN_POINT ( 'NONE',  ( -5.500000000000000000, -3.500000000000000000, 101.5999999999999900 ) ) ;
#3422 = CARTESIAN_POINT ( 'NONE',  ( -6.073633365663435600, -0.8084147724885731900, -91.59999999999968200 ) ) ;
#3423 = CARTESIAN_POINT ( 'NONE',  ( -0.5147035671199506900, -1.743056470771144000, 91.59999999999998000 ) ) ;
#3424 = CARTESIAN_POINT ( 'NONE',  ( 4.388601888445580600, 0.3804868997340238900, 3.320435381050861800 ) ) ;
#3425 = CARTESIAN_POINT ( 'NONE',  ( -5.500000000000000000, -3.500000000000000000, 101.5999999999999900 ) ) ;
#3426 = CARTESIAN_POINT ( 'NONE',  ( -13.33794258506136100, -3.498520748388761700, 23.02588622144453700 ) ) ;
#3427 = CARTESIAN_POINT ( 'NONE',  ( 8.969469535523018100, -3.396944233871669500, -84.90523052785380300 ) ) ;
#3428 = CARTESIAN_POINT ( 'NONE',  ( -4.762950579737072600, 0.7653733966317504100, 64.99999999999995700 ) ) ;
#3429 = SECURITY_CLASSIFICATION ( '', '', #660 ) ;
#3430 = VERTEX_POINT ( 'NONE', #1735 ) ;
#3431 = CARTESIAN_POINT ( 'NONE',  ( -6.195010293770467400, -3.424981596098041000, 96.77619747656956400 ) ) ;
#3432 = ORIENTED_EDGE ( 'NONE', *, *, #3940, .T. ) ;
#3433 = CARTESIAN_POINT ( 'NONE',  ( 6.611995560608952400, -2.908886317389230300, -91.59999999999998000 ) ) ;
#3434 = CARTESIAN_POINT ( 'NONE',  ( 6.309556087293147500, 0.9514826321274622000, 86.32099703813032900 ) ) ;
#3436 = CIRCLE ( 'NONE', #2705, 0.1000000000000002600 ) ;
#3435 = CARTESIAN_POINT ( 'NONE',  ( 0.09926796821879206600, -0.3824172440725708300, -91.60000000000000900 ) ) ;
#3437 = DIRECTION ( 'NONE',  ( 1.000000000000000000, 0.0000000000000000000, 0.0000000000000000000 ) ) ;
#3438 = CARTESIAN_POINT ( 'NONE',  ( 7.664639730076877400, 1.570258109074861300, 75.87677274795665000 ) ) ;
#3439 = CARTESIAN_POINT ( 'NONE',  ( -0.5508116812163014200, -1.752031084320057100, 91.59999999999999400 ) ) ;
#3440 = CARTESIAN_POINT ( 'NONE',  ( -6.098403717417051300, 3.244279201044522900, -64.99999999999997200 ) ) ;
#3441 = ORIENTED_EDGE ( 'NONE', *, *, #3830, .F. ) ;
#3442 = CARTESIAN_POINT ( 'NONE',  ( -7.622977708662735300, 2.832618299263363100, -64.99999999999994300 ) ) ;
#3443 = CARTESIAN_POINT ( 'NONE',  ( 6.475679606003765800, 2.114039807575883500, 75.72088057688313300 ) ) ;
#3444 = CARTESIAN_POINT ( 'NONE',  ( -7.613518841526084400, -3.394623430052362300, 91.93448385855174400 ) ) ;
#3445 = CARTESIAN_POINT ( 'NONE',  ( -6.547655246107862800, -0.2722398280421636800, -86.32598163442337100 ) ) ;
#3446 = ORIENTED_EDGE ( 'NONE', *, *, #1206, .F. ) ;
#3447 = CARTESIAN_POINT ( 'NONE',  ( -4.007104554612896900, 0.06261168385628486400, 65.00000000000000000 ) ) ;
#3448 = CARTESIAN_POINT ( 'NONE',  ( 2.884000853482684400, 0.08851395560837255200, 4.686832848589429700 ) ) ;
#3449 = CARTESIAN_POINT ( 'NONE',  ( 4.450010134575926200, -0.1705472125655154700, 97.49799919643973600 ) ) ;
#3450 = VERTEX_POINT ( 'NONE', #4614 ) ;
#3451 = CARTESIAN_POINT ( 'NONE',  ( -5.011878916172491000, -2.729550803369758900, 23.85831162089521800 ) ) ;
#3452 = CARTESIAN_POINT ( 'NONE',  ( 10.21102555284504200, -3.478397587096092400, -78.28449991209248500 ) ) ;
#3453 = CARTESIAN_POINT ( 'NONE',  ( -6.583272169237727000, -0.5184448742554737000, 70.42064639903445300 ) ) ;
#3454 = CARTESIAN_POINT ( 'NONE',  ( -5.500000000000000000, -3.500000000000000000, 101.5999999999999900 ) ) ;
#3455 = CARTESIAN_POINT ( 'NONE',  ( 4.416616607757243100, -2.106566525355265900, -92.34736042099463300 ) ) ;
#3456 = CARTESIAN_POINT ( 'NONE',  ( 6.084212855873268200, 0.2992914682499146500, 91.60000000000027900 ) ) ;
#3457 = CARTESIAN_POINT ( 'NONE',  ( 2.784743616428259700, 0.9454610534041878500, -71.87688641509738800 ) ) ;
#3458 = CARTESIAN_POINT ( 'NONE',  ( 5.500000000000000000, -3.500000000000000000, -101.5999999999999900 ) ) ;
#3459 = ADVANCED_FACE ( 'NONE', ( #4625 ), #1095, .T. ) ;
#3460 = CARTESIAN_POINT ( 'NONE',  ( 6.073633365663435600, -0.8084147724885731900, 91.59999999999968200 ) ) ;
#3461 = CARTESIAN_POINT ( 'NONE',  ( -4.695536363051185300, 1.533983956194866000, -80.70692317393572100 ) ) ;
#3462 = CARTESIAN_POINT ( 'NONE',  ( -10.21102555284504200, -3.478397587096092400, 78.28449991209248500 ) ) ;
#3463 = CARTESIAN_POINT ( 'NONE',  ( -6.182104176930703700, 0.1903542751827066400, -91.60000000000023600 ) ) ;
#3464 = CARTESIAN_POINT ( 'NONE',  ( 7.229627376357832700, 3.159804358365207600, 65.00000000000000000 ) ) ;
#3465 = CARTESIAN_POINT ( 'NONE',  ( -7.621052123507751300, 1.136561707596037900, -75.83850305404818900 ) ) ;
#3466 = CARTESIAN_POINT ( 'NONE',  ( -0.5411897317936561500, 1.194184789398906200, 65.00000000000005700 ) ) ;
#3467 = CARTESIAN_POINT ( 'NONE',  ( 1.681849624247868200, 2.800057761508612900, 5.255530329726299900 ) ) ;
#3468 = CARTESIAN_POINT ( 'NONE',  ( -5.500000000000000000, -3.500000000000000000, 101.5999999999999900 ) ) ;
#3469 = CARTESIAN_POINT ( 'NONE',  ( -6.416658221636000200, -0.2465062408579819000, 67.72921327587282300 ) ) ;
#3470 = CYLINDRICAL_SURFACE ( 'NONE', #949, 2.500000000000000000 ) ;
#3471 = CARTESIAN_POINT ( 'NONE',  ( -5.505696776299161300, -3.017552498776584300, 92.06314416388509900 ) ) ;
#3472 = CARTESIAN_POINT ( 'NONE',  ( 1.557300761830803200, -2.557322722032138600, -98.30928583163678500 ) ) ;
#3473 = CARTESIAN_POINT ( 'NONE',  ( 6.012843914293650700, -0.04679952940236827000, -67.77687040799854400 ) ) ;
#3474 = CARTESIAN_POINT ( 'NONE',  ( 5.500000000000000000, -3.500000000000000000, -101.5999999999999900 ) ) ;
#3475 = CARTESIAN_POINT ( 'NONE',  ( 7.636679237642790800, 1.711310004182867100, 75.88545356344464200 ) ) ;
#3476 = CARTESIAN_POINT ( 'NONE',  ( 13.43328611421113200, -3.437700506014824200, -35.00000000000008500 ) ) ;
#3477 = CARTESIAN_POINT ( 'NONE',  ( -3.560885073443453400, 0.3820660766622955800, -91.60000000000006500 ) ) ;
#3478 = CARTESIAN_POINT ( 'NONE',  ( -11.97650021249547500, -3.498352212771990800, 67.66115943843915700 ) ) ;
#3479 = CARTESIAN_POINT ( 'NONE',  ( -6.094890187543912300, 0.2891808736517198500, -91.60000000000026400 ) ) ;
#3480 = CARTESIAN_POINT ( 'NONE',  ( 6.446762478546134800, 1.600895591864526200, 81.02807641077718900 ) ) ;
#3481 = CARTESIAN_POINT ( 'NONE',  ( -7.598584155110677900, 1.038215962506129600, -75.82823995624487200 ) ) ;
#3482 = CARTESIAN_POINT ( 'NONE',  ( 0.4324879079899226500, -0.7537871809833294200, 85.35727898878317900 ) ) ;
#3483 = CARTESIAN_POINT ( 'NONE',  ( 5.499371842768467500, 1.453130053870948000, 0.08570260544238356100 ) ) ;
#3484 = CARTESIAN_POINT ( 'NONE',  ( -7.234300556305955300, -3.181104883532454200, 91.94559882657600300 ) ) ;
#3485 = CARTESIAN_POINT ( 'NONE',  ( 12.11063020378982600, -3.494048693186965000, -65.00000000000000000 ) ) ;
#3486 = CARTESIAN_POINT ( 'NONE',  ( -3.443246196862034900, 0.7427238252604905200, 71.56753185437116800 ) ) ;
#3487 = CARTESIAN_POINT ( 'NONE',  ( -5.500000000000000000, -3.500000000000000000, 101.5999999999999900 ) ) ;
#3488 = CARTESIAN_POINT ( 'NONE',  ( 5.500000000000000000, -3.500000000000000000, -101.5999999999999900 ) ) ;
#3489 = CARTESIAN_POINT ( 'NONE',  ( 2.499415132661436000, 0.2016658034442799500, -78.70888295621244900 ) ) ;
#3490 = CARTESIAN_POINT ( 'NONE',  ( -2.385398476338394000, -1.614645444064277000, -95.01857166327359000 ) ) ;
#3491 = CARTESIAN_POINT ( 'NONE',  ( 6.741240425643340500, 0.3809282834357070600, 86.34486761787540800 ) ) ;
#3492 = CARTESIAN_POINT ( 'NONE',  ( 13.36243348000059700, -3.501910596087584700, -40.00311407325270400 ) ) ;
#3493 = EDGE_CURVE ( 'NONE', #22, #3498, #3150, .T. ) ;
#3494 = CARTESIAN_POINT ( 'NONE',  ( -2.692543192639606600, 0.2651217127399817500, -91.60000000000000900 ) ) ;
#3495 = CARTESIAN_POINT ( 'NONE',  ( -12.13318786544493700, -3.482662800778712600, 65.00000000000000000 ) ) ;
#3496 = CARTESIAN_POINT ( 'NONE',  ( -6.544855723219389400, 1.603311290061676800, -81.04340130753492100 ) ) ;
#3497 = CARTESIAN_POINT ( 'NONE',  ( 7.169148224155540200, 3.185432599589286300, 65.00000000000000000 ) ) ;
#3498 = VERTEX_POINT ( 'NONE', #4556 ) ;
#3499 = CARTESIAN_POINT ( 'NONE',  ( -7.377205667334266100, 1.427079499118825600, -65.00000000000000000 ) ) ;
#3500 = CARTESIAN_POINT ( 'NONE',  ( 1.587592785639302800, 1.081626734045285000, 73.66039144466176900 ) ) ;
#3501 = APPROVAL_STATUS ( 'not_yet_approved' ) ;
#3502 = CARTESIAN_POINT ( 'NONE',  ( -5.500000000000000000, -3.500000000000000000, 101.5999999999999900 ) ) ;
#3503 = CARTESIAN_POINT ( 'NONE',  ( 11.83704275198465400, -3.500623066878259900, -70.33555084614485500 ) ) ;
#3504 = CARTESIAN_POINT ( 'NONE',  ( -6.217219349106686700, -0.1464961342496459700, 67.75142766351277100 ) ) ;
#3505 = CC_DESIGN_PERSON_AND_ORGANIZATION_ASSIGNMENT ( #4164, #3947, ( #2232 ) ) ;
#3506 = CIRCLE ( 'NONE', #1845, 25.32549538158370700 ) ;
#3507 = CARTESIAN_POINT ( 'NONE',  ( 11.91146287807707100, -3.495627888606581900, -67.67748053202908000 ) ) ;
#3508 = CARTESIAN_POINT ( 'NONE',  ( 5.500000000000000000, -3.500000000000000000, -101.5999999999999900 ) ) ;
#3509 = CARTESIAN_POINT ( 'NONE',  ( 6.990702625536420600, -0.5466120152795376200, -67.67787031441582700 ) ) ;
#3510 = EDGE_LOOP ( 'NONE', ( #798, #289, #269, #3888, #4911, #2076 ) ) ;
#3511 = CARTESIAN_POINT ( 'NONE',  ( -0.2498886735348620200, -2.505932417156091100, 99.30450648846338900 ) ) ;
#3512 = CARTESIAN_POINT ( 'NONE',  ( 7.117099646191263700, 1.213687074382420800, 81.08952989242389700 ) ) ;
#3513 = CARTESIAN_POINT ( 'NONE',  ( -5.500005099422955000, 1.492001305332441700, 0.0000000000000000000 ) ) ;
#3514 = CARTESIAN_POINT ( 'NONE',  ( 1.900702211835630900, 1.528949311930107000, -68.60424020051199500 ) ) ;
#3515 = CARTESIAN_POINT ( 'NONE',  ( -10.19454687923737000, -3.490452179159827300, 78.29408906791071800 ) ) ;
#3516 = CARTESIAN_POINT ( 'NONE',  ( -6.321547218145928700, 0.9461643315097270100, -86.32193368613218400 ) ) ;
#3517 = CARTESIAN_POINT ( 'NONE',  ( 6.205070242657917800, 1.551413197221335200, 80.96635275645428500 ) ) ;
#3518 = CARTESIAN_POINT ( 'NONE',  ( -7.222756915760602900, 0.7957333966674259300, -81.08330349631201300 ) ) ;
#3519 = CARTESIAN_POINT ( 'NONE',  ( 4.354138438173416500, 0.1831904700945267700, 80.61705262769399400 ) ) ;
#3520 = PERSON_AND_ORGANIZATION_ROLE ( 'design_supplier' ) ;
#3521 = CARTESIAN_POINT ( 'NONE',  ( -5.500000000000000000, -3.500000000000000000, 101.5999999999999900 ) ) ;
#3522 = CARTESIAN_POINT ( 'NONE',  ( 7.564931066371014100, -3.499857986868197400, -91.59999999999999400 ) ) ;
#3523 = CARTESIAN_POINT ( 'NONE',  ( -4.909860256089972500, -0.8009377778651141100, 78.30847104652879400 ) ) ;
#3524 = CARTESIAN_POINT ( 'NONE',  ( 4.925811680909601100, -2.842655742567634200, -91.60000000000000900 ) ) ;
#3525 = CARTESIAN_POINT ( 'NONE',  ( 7.008444097656921600, -0.7310944616935094500, -70.34212506173065500 ) ) ;
#3526 = CARTESIAN_POINT ( 'NONE',  ( 7.740567371011539200, 2.070259132719761500, 70.44981649104740000 ) ) ;
#3527 = CARTESIAN_POINT ( 'NONE',  ( -5.575000000000001100, -0.2499999999999997800, -91.59999999999999400 ) ) ;
#3528 = LOCAL_TIME ( 12, 26, 38.00000000000000000, #1480 ) ;
#3529 = CARTESIAN_POINT ( 'NONE',  ( -5.499008483895957000, 1.441787242512382300, -0.1064815977745409000 ) ) ;
#3530 = CARTESIAN_POINT ( 'NONE',  ( -6.309556087293147500, 0.9514826321274622000, -86.32099703813032900 ) ) ;
#3531 = CARTESIAN_POINT ( 'NONE',  ( 6.811106945119870900, 3.250000000000000400, 64.99999999999997200 ) ) ;
#3532 = AXIS2_PLACEMENT_3D ( 'NONE', #1197, #4448, #763 ) ;
#3533 = CARTESIAN_POINT ( 'NONE',  ( -6.710413380626542700, 0.001407349363945903400, -86.33853791945966800 ) ) ;
#3534 = CARTESIAN_POINT ( 'NONE',  ( 0.7656771069192998000, 0.06747116242267377200, 79.50489109586611400 ) ) ;
#3535 = CARTESIAN_POINT ( 'NONE',  ( 0.0000000000000000000, -3.500000000000000000, 0.0000000000000000000 ) ) ;
#3536 = CARTESIAN_POINT ( 'NONE',  ( -5.946645014171371800, -3.097134829492069300, 91.60000000000000900 ) ) ;
#3537 = CARTESIAN_POINT ( 'NONE',  ( 7.312499999999927200, 5.500000000000001800, 45.02947046347799900 ) ) ;
#3538 = CARTESIAN_POINT ( 'NONE',  ( -4.681931720230950100, -0.6936449235696270400, 78.32749069539161700 ) ) ;
#3539 = DIRECTION ( 'NONE',  ( 1.000000000000000000, 0.0000000000000000000, 0.0000000000000000000 ) ) ;
#3540 = CARTESIAN_POINT ( 'NONE',  ( 1.134145014508740600, -1.897447705419733800, -91.59999999999999400 ) ) ;
#3541 = CARTESIAN_POINT ( 'NONE',  ( 5.199977798198320400, -0.9364358007925448500, -78.28633856719344000 ) ) ;
#3542 = CARTESIAN_POINT ( 'NONE',  ( 0.3219516779942819800, -2.285281847031448400, 99.54086229423693100 ) ) ;
#3543 = CARTESIAN_POINT ( 'NONE',  ( 6.748999746473630000, 0.3257734667235619400, 86.34463719431541100 ) ) ;
#3544 = CARTESIAN_POINT ( 'NONE',  ( -10.11465797579507600, -3.496319897800611800, 78.31748053202910900 ) ) ;
#3545 = CARTESIAN_POINT ( 'NONE',  ( 6.243032353554017500, -0.3297609944642538300, -53.67373552634443000 ) ) ;
#3546 = CARTESIAN_POINT ( 'NONE',  ( -6.446762478546134800, 1.600895591864526200, -81.02807641077718900 ) ) ;
#3547 = CARTESIAN_POINT ( 'NONE',  ( 6.720080964447257400, 2.650198303783706200, 70.32635275645427000 ) ) ;
#3548 = CARTESIAN_POINT ( 'NONE',  ( 6.116409723217153700, -0.1143605102910030100, 80.96068617556736100 ) ) ;
#3549 = PLANE ( 'NONE',  #3158 ) ;
#3550 = CARTESIAN_POINT ( 'NONE',  ( -4.925811680909601100, -2.842655742567634200, 91.60000000000000900 ) ) ;
#3551 = CARTESIAN_POINT ( 'NONE',  ( -3.619384443700886000, -2.590929775577309100, 4.151249644021852700 ) ) ;
#3552 = CARTESIAN_POINT ( 'NONE',  ( -6.992836546078583700, -0.3639228227532886900, 65.00000000000000000 ) ) ;
#3553 = CARTESIAN_POINT ( 'NONE',  ( -13.26915514171067500, -3.492244288815582900, 35.00000000000000000 ) ) ;
#3554 = DIRECTION ( 'NONE',  ( 0.0000000000000000000, 1.000000000000000000, 0.0000000000000000000 ) ) ;
#3556 = ORIENTED_EDGE ( 'NONE', *, *, #4356, .F. ) ;
#3555 = CARTESIAN_POINT ( 'NONE',  ( 6.928638289483606300, -0.5133160626245719700, -67.68251145703571600 ) ) ;
#3557 = CARTESIAN_POINT ( 'NONE',  ( 5.763762000709626900, 0.5021256386628032400, 91.59999999999999400 ) ) ;
#3558 = CARTESIAN_POINT ( 'NONE',  ( 6.324582636386352000, -0.2756453762229534300, 91.59999999999996600 ) ) ;
#3559 = CARTESIAN_POINT ( 'NONE',  ( -8.615030532364153600, -2.959888994877042800, 78.31645663504215800 ) ) ;
#3560 = EDGE_CURVE ( 'NONE', #1899, #4294, #3235, .T. ) ;
#3561 = VECTOR ( 'NONE', #4055, 1000.000000000000100 ) ;
#3562 = CARTESIAN_POINT ( 'NONE',  ( 7.911846705286238900, -1.666238714616831800, -65.00000000000005700 ) ) ;
#3563 = CARTESIAN_POINT ( 'NONE',  ( -6.529976809862549900, 1.603778474662447700, -81.04128508892414100 ) ) ;
#3564 = CARTESIAN_POINT ( 'NONE',  ( 6.859660493353878500, 3.249132448495952300, 64.99999999999998600 ) ) ;
#3565 = CARTESIAN_POINT ( 'NONE',  ( 8.162881740689112300, 5.209115622387726000, 35.00000000000000000 ) ) ;
#3566 = VERTEX_POINT ( 'NONE', #5012 ) ;
#3567 = CARTESIAN_POINT ( 'NONE',  ( 6.127189547959753600, -0.1164050099558741300, 80.96165494154139700 ) ) ;
#3568 =( LENGTH_UNIT ( ) NAMED_UNIT ( * ) SI_UNIT ( .MILLI., .METRE. ) );
#3569 = CARTESIAN_POINT ( 'NONE',  ( -6.534814610955791600, -3.502338782954979500, 96.76861869060842000 ) ) ;
#3570 = CARTESIAN_POINT ( 'NONE',  ( 0.5508116812163014200, -1.752031084320057100, -91.59999999999999400 ) ) ;
#3571 = CARTESIAN_POINT ( 'NONE',  ( -7.706956932044444200, -0.9315315608978729200, 67.62987361524267300 ) ) ;
#3572 = VERTEX_POINT ( 'NONE', #1696 ) ;
#3573 = CARTESIAN_POINT ( 'NONE',  ( 0.0000000000000000000, 3.500000000000000000, 0.0000000000000000000 ) ) ;
#3574 = CARTESIAN_POINT ( 'NONE',  ( 13.26915514171067500, -3.492244288815582900, -40.00417574954925500 ) ) ;
#3575 = CARTESIAN_POINT ( 'NONE',  ( 1.948496632252819700, -1.051840288493286700, -91.59999999999998000 ) ) ;
#3576 = CARTESIAN_POINT ( 'NONE',  ( -5.500000000000000000, -3.500000000000000000, 101.5999999999999900 ) ) ;
#3577 = CARTESIAN_POINT ( 'NONE',  ( 7.447634748862201400, 2.495020498499820800, 70.43523485591092000 ) ) ;
#3578 = CARTESIAN_POINT ( 'NONE',  ( -8.818328264006725100, -2.158891903210888000, 67.67593008818026600 ) ) ;
#3579 = CARTESIAN_POINT ( 'NONE',  ( -4.025947264242243600, 0.3260886170566560900, -3.751883451185273000 ) ) ;
#3580 = CARTESIAN_POINT ( 'NONE',  ( -6.472122131322740800, 2.138388209618946200, -75.73478582970129500 ) ) ;
#3581 = CARTESIAN_POINT ( 'NONE',  ( 6.689801016756609500, 2.650605643743658000, 70.31980054116272100 ) ) ;
#3582 = CARTESIAN_POINT ( 'NONE',  ( 6.197360876287095100, -0.1223545731247156100, 80.96896420320449300 ) ) ;
#3583 = CARTESIAN_POINT ( 'NONE',  ( 5.742543570862030000, -0.4731011181199776800, 98.04236158657549500 ) ) ;
#3584 = CARTESIAN_POINT ( 'NONE',  ( 7.062499999999927200, 4.375000000000001800, 55.01473523173899600 ) ) ;
#3585 = CARTESIAN_POINT ( 'NONE',  ( -7.089472444595673800, -0.6000177017122805300, 67.67095620701017800 ) ) ;
#3586 = CARTESIAN_POINT ( 'NONE',  ( 4.439982518622888300, -2.158626422097222900, -84.95768461915334100 ) ) ;
#3587 = CARTESIAN_POINT ( 'NONE',  ( 12.13614637825615400, -3.293025317545518000, -65.00000000000000000 ) ) ;
#3588 = EDGE_CURVE ( 'NONE', #2345, #5115, #2698, .T. ) ;
#3589 = FACE_OUTER_BOUND ( 'NONE', #327, .T. ) ;
#3590 = CARTESIAN_POINT ( 'NONE',  ( -5.499899027494703500, -3.252912044328662800, 0.03355098057960232600 ) ) ;
#3591 = CARTESIAN_POINT ( 'NONE',  ( 6.613623632091281100, 0.7051571224428119200, 86.34078577670786100 ) ) ;
#3592 = CARTESIAN_POINT ( 'NONE',  ( 6.735557395310442000E-016, 3.500000000000000000, 5.500000000000000000 ) ) ;
#3593 = CARTESIAN_POINT ( 'NONE',  ( 13.26915514171067100, -3.492244288815581100, -40.00417574954925500 ) ) ;
#3594 = CARTESIAN_POINT ( 'NONE',  ( 0.4735081097597123000, -1.732863964378639700, -91.59999999999998000 ) ) ;
#3595 = CARTESIAN_POINT ( 'NONE',  ( 6.177604975996977100, 1.550917069118307000, 80.95706275498507400 ) ) ;
#3596 = CARTESIAN_POINT ( 'NONE',  ( 6.444799804390879000, 0.3117372490200217600, 75.64080930465655700 ) ) ;
#3597 = CARTESIAN_POINT ( 'NONE',  ( -5.500000000000000000, -3.500000000000000000, 101.5999999999999900 ) ) ;
#3598 = CARTESIAN_POINT ( 'NONE',  ( -8.360483851777795300, -1.142516276407978600, 64.99999999999991500 ) ) ;
#3599 = CARTESIAN_POINT ( 'NONE',  ( -8.877448573960371900, -2.647442818004510600, 78.14247128482487900 ) ) ;
#3600 = CARTESIAN_POINT ( 'NONE',  ( 3.249770019803592400, -2.424842630800643700, -91.60000000000012200 ) ) ;
#3601 = CARTESIAN_POINT ( 'NONE',  ( 5.500000000000000000, -3.500000000000000000, -101.5999999999999900 ) ) ;
#3602 = CARTESIAN_POINT ( 'NONE',  ( 12.10073248186723700, -3.347459988467541800, -67.55803456745334800 ) ) ;
#3603 = CARTESIAN_POINT ( 'NONE',  ( 6.324741436339619000, -0.2707379314590873100, 91.59999999999996600 ) ) ;
#3604 = CARTESIAN_POINT ( 'NONE',  ( -5.500000000000000000, -3.500000000000000000, 101.5999999999999900 ) ) ;
#3605 = CARTESIAN_POINT ( 'NONE',  ( -7.312499999999926300, 5.500000000000005300, -35.00000000000000000 ) ) ;
#3606 = CARTESIAN_POINT ( 'NONE',  ( 2.571523033910379800, -0.7920190706095172600, -78.31710555057728100 ) ) ;
#3607 = CARTESIAN_POINT ( 'NONE',  ( 6.685716998734289300, 1.257985358694052600, 64.99999999999998600 ) ) ;
#3608 = CARTESIAN_POINT ( 'NONE',  ( 3.808055623892455000, -1.051725551664988200, 91.60000000000012200 ) ) ;
#3609 = CARTESIAN_POINT ( 'NONE',  ( -10.69693262416273600, -2.473187239989410400, 65.00000000000002800 ) ) ;
#3610 = CARTESIAN_POINT ( 'NONE',  ( -7.759572252598631300, 1.926536549829178200, -65.00000000000005700 ) ) ;
#3611 = ORIENTED_EDGE ( 'NONE', *, *, #150, .F. ) ;
#3612 = CARTESIAN_POINT ( 'NONE',  ( 2.280454307790498600, -1.495465957731330300, -84.95608939894405900 ) ) ;
#3613 = CARTESIAN_POINT ( 'NONE',  ( -13.26915514171067300, -3.492244288815582000, 35.00000000000000000 ) ) ;
#3614 = CARTESIAN_POINT ( 'NONE',  ( 7.013320220502854400, -3.068697304247694400, -91.59999999999999400 ) ) ;
#3615 = CARTESIAN_POINT ( 'NONE',  ( 13.26915514171067500, -3.492244288815582900, -35.00000000000000000 ) ) ;
#3616 = VERTEX_POINT ( 'NONE', #4990 ) ;
#3617 = CARTESIAN_POINT ( 'NONE',  ( 6.990332560331685500, 2.375813977721021900, 75.87977926206748700 ) ) ;
#3618 = DIRECTION ( 'NONE',  ( -1.000000000000000000, 0.0000000000000000000, 0.0000000000000000000 ) ) ;
#3619 = CARTESIAN_POINT ( 'NONE',  ( -7.826788817194575600, 2.073798295717659700, -64.99999999999997200 ) ) ;
#3620 = VERTEX_POINT ( 'NONE', #1264 ) ;
#3621 = EDGE_LOOP ( 'NONE', ( #3665, #4198, #403, #761, #612 ) ) ;
#3622 = CARTESIAN_POINT ( 'NONE',  ( 6.801353162191357000, 1.249824110709331100, 64.99999999999998600 ) ) ;
#3623 = DIRECTION ( 'NONE',  ( 0.0000000000000000000, 1.000000000000000000, 0.0000000000000000000 ) ) ;
#3624 = CARTESIAN_POINT ( 'NONE',  ( -5.596319962629918300, 3.250000000000002700, -65.00000000000001400 ) ) ;
#3625 = CARTESIAN_POINT ( 'NONE',  ( -7.612937928477665000, -3.307470315790514100, 91.60000000000000900 ) ) ;
#3626 = CARTESIAN_POINT ( 'NONE',  ( -6.751225330204945900, 0.2692457669416474800, -86.34407772975225700 ) ) ;
#3627 = ORIENTED_EDGE ( 'NONE', *, *, #984, .T. ) ;
#3628 = CARTESIAN_POINT ( 'NONE',  ( 8.832734828260328200, -3.496675217658396000, -84.95874026601454400 ) ) ;
#3629 = CARTESIAN_POINT ( 'NONE',  ( 4.637581098712199300, 0.3050256012237314000, 5.765207112172456400 ) ) ;
#3630 = CARTESIAN_POINT ( 'NONE',  ( 7.466496160307767300, -1.978936909505438500, -78.18701539812403200 ) ) ;
#3631 = ADVANCED_FACE ( 'NONE', ( #1598 ), #1399, .T. ) ;
#3632 = CARTESIAN_POINT ( 'NONE',  ( -2.485879524328468400, -0.3409502216296218000, 4.919976306637082100 ) ) ;
#3633 = CARTESIAN_POINT ( 'NONE',  ( 7.703477649410538100, 2.161605378117915900, 70.44947284924263900 ) ) ;
#3634 = CARTESIAN_POINT ( 'NONE',  ( 5.500005099422955000, 1.492001305332441700, 0.0000000000000000000 ) ) ;
#3635 = CARTESIAN_POINT ( 'NONE',  ( -5.970799470778768400, 3.113919911072501500, -44.97209484074124900 ) ) ;
#3636 = CARTESIAN_POINT ( 'NONE',  ( 2.546598028731186700, -0.7830419820585996500, -78.32612178581754800 ) ) ;
#3637 = CARTESIAN_POINT ( 'NONE',  ( 6.900217625002943200, 0.7872052373602341800, 70.35203746416755200 ) ) ;
#3638 = CARTESIAN_POINT ( 'NONE',  ( 3.598920265546281100, -1.579894265190986400, 95.90880774196703800 ) ) ;
#3639 = CARTESIAN_POINT ( 'NONE',  ( -12.04282393643056700, -3.495300514531105100, 65.00000000000000000 ) ) ;
#3640 = CARTESIAN_POINT ( 'NONE',  ( -8.953261614581720100, -3.332393177103909900, 84.89901901149140400 ) ) ;
#3641 = CARTESIAN_POINT ( 'NONE',  ( -7.738434810200419500, 1.870852118914267100, -65.00000000000005700 ) ) ;
#3642 = CARTESIAN_POINT ( 'NONE',  ( 0.5508116812163015300, -1.752031084320056800, -91.59999999999998000 ) ) ;
#3643 = CARTESIAN_POINT ( 'NONE',  ( -6.639970961979404500, 1.264982612241525100, -65.00000000000000000 ) ) ;
#3644 = CARTESIAN_POINT ( 'NONE',  ( 5.229753836566577400, 0.6794399671886728300, 0.0000000000000000000 ) ) ;
#3645 = CARTESIAN_POINT ( 'NONE',  ( 12.13144498441480000, -3.290180947385321600, -65.00000000000000000 ) ) ;
#3646 = CARTESIAN_POINT ( 'NONE',  ( -11.74014435581564400, -2.631281765846673200, 34.99999999999997900 ) ) ;
#3647 = CARTESIAN_POINT ( 'NONE',  ( -1.037758750742042500, 1.133609295778317000, 5.401907247273878300 ) ) ;
#3648 = CARTESIAN_POINT ( 'NONE',  ( 6.498602511060180800, 2.254964449777561600, 75.78649749540453200 ) ) ;
#3649 = CARTESIAN_POINT ( 'NONE',  ( -7.021547705415210700, 1.246857595921604200, -65.00000000000000000 ) ) ;
#3650 = CARTESIAN_POINT ( 'NONE',  ( 2.403044682135500000, -0.7317497319137694600, -78.37785311825048500 ) ) ;
#3651 = CARTESIAN_POINT ( 'NONE',  ( 6.148823661859199600, -0.5304573572836411800, 86.29985334261273500 ) ) ;
#3652 = CARTESIAN_POINT ( 'NONE',  ( -8.199637109549797700, 3.326263060902202800, -23.25820054325658100 ) ) ;
#3653 = CARTESIAN_POINT ( 'NONE',  ( 4.376152188014038400, 1.948546025271767700, -54.58915732001847900 ) ) ;
#3654 = CARTESIAN_POINT ( 'NONE',  ( -10.29298231911951200, -3.365499198823409100, 78.19846129354675700 ) ) ;
#3655 = CARTESIAN_POINT ( 'NONE',  ( -7.157755367532578500, 2.298350186991991300, -75.89152359647401600 ) ) ;
#3656 = DIRECTION ( 'NONE',  ( 0.0000000000000000000, 1.000000000000000000, 0.0000000000000000000 ) ) ;
#3657 = CARTESIAN_POINT ( 'NONE',  ( -5.848620957453592300, -0.5575174876767254900, -86.28043767949668600 ) ) ;
#3658 = CARTESIAN_POINT ( 'NONE',  ( 5.466157640471617000, 1.095957696284068000, 5.385918619472200000 ) ) ;
#3659 = CARTESIAN_POINT ( 'NONE',  ( 10.29236653360234400, -3.387569744326610600, -78.20004431758356100 ) ) ;
#3660 = CARTESIAN_POINT ( 'NONE',  ( -12.07119293955065400, -3.202275457983076100, 52.61018983562218700 ) ) ;
#3661 = CARTESIAN_POINT ( 'NONE',  ( 3.675057738030871300, 2.396261171291823400, 54.88653246951085400 ) ) ;
#3662 = CARTESIAN_POINT ( 'NONE',  ( 3.802750811285671600, -2.391710323619127700, -97.37052488504970400 ) ) ;
#3663 = CARTESIAN_POINT ( 'NONE',  ( 6.517599053354827800, 2.279342903484146400, 75.79519563293634100 ) ) ;
#3664 = CARTESIAN_POINT ( 'NONE',  ( 3.457703102934873900, 3.253894066436547200, -23.22278503917813800 ) ) ;
#3665 = ORIENTED_EDGE ( 'NONE', *, *, #3049, .F. ) ;
#3666 = CARTESIAN_POINT ( 'NONE',  ( 4.140803634213592800, 1.470674568676444400, -35.00000000000001400 ) ) ;
#3667 = CARTESIAN_POINT ( 'NONE',  ( -1.352686828325999800, -0.5959596388164969400, -85.55244554793309000 ) ) ;
#3668 = LINE ( 'NONE', #4834, #3230 ) ;
#3669 = CARTESIAN_POINT ( 'NONE',  ( 5.965416102092135000, -0.5601120408624316000, 86.28854234349042000 ) ) ;
#3670 = CARTESIAN_POINT ( 'NONE',  ( 7.693987356707471500, -0.3529528159032009900, -35.00000000000000700 ) ) ;
#3671 = CARTESIAN_POINT ( 'NONE',  ( -12.65598953907062100, -3.493772401673344200, 52.50208787477462400 ) ) ;
#3672 = CARTESIAN_POINT ( 'NONE',  ( -10.29051840989919200, -3.397246091402566400, 78.20108394198791800 ) ) ;
#3673 = CARTESIAN_POINT ( 'NONE',  ( -7.797131587626891400, 2.075262011488318700, -65.00000000000002800 ) ) ;
#3674 = EDGE_CURVE ( 'NONE', #349, #2518, #818, .T. ) ;
#3675 = ORIENTED_EDGE ( 'NONE', *, *, #2583, .F. ) ;
#3676 = DIRECTION ( 'NONE',  ( 0.0000000000000000000, 1.000000000000000000, 0.0000000000000000000 ) ) ;
#3677 = CARTESIAN_POINT ( 'NONE',  ( -5.598848311463045000, -0.9996278661613914300, -91.59999999999996600 ) ) ;
#3678 = CARTESIAN_POINT ( 'NONE',  ( -4.457987939276669000, 2.912209220752040900, -3.229671620721552100 ) ) ;
#3679 = CARTESIAN_POINT ( 'NONE',  ( 6.026825518760718500, 3.108958647604744400, 35.00000000000000000 ) ) ;
#3680 = CARTESIAN_POINT ( 'NONE',  ( 1.378307846065301800, 2.414775042353970700, 0.0000000000000000000 ) ) ;
#3681 = CARTESIAN_POINT ( 'NONE',  ( 7.630685622927794400, -3.316829817236568400, -91.59999999999999400 ) ) ;
#3682 = CARTESIAN_POINT ( 'NONE',  ( 5.500000000000000000, -3.500000000000000000, -101.5999999999999900 ) ) ;
#3683 = ORIENTED_EDGE ( 'NONE', *, *, #4709, .T. ) ;
#3684 = CARTESIAN_POINT ( 'NONE',  ( 6.144530226899998800, 0.2368358839599092900, 91.60000000000026400 ) ) ;
#3685 = CARTESIAN_POINT ( 'NONE',  ( 1.411435737789017700, 0.4430318702753954800, 0.0000000000000000000 ) ) ;
#3686 = CC_DESIGN_APPROVAL ( #1663, ( #3429 ) ) ;
#3687 = CARTESIAN_POINT ( 'NONE',  ( 13.26915514171067500, -3.492244288815582900, -35.00000000000000000 ) ) ;
#3688 = CARTESIAN_POINT ( 'NONE',  ( -0.01785865227413020700, -1.616904621234853500, -91.59999999999998000 ) ) ;
#3689 = CARTESIAN_POINT ( 'NONE',  ( 6.790666266457096300, 0.03522893541720115800, 81.02441667708906400 ) ) ;
#3690 = CARTESIAN_POINT ( 'NONE',  ( -2.419807581430968700, -0.2249859100612356400, 0.0000000000000000000 ) ) ;
#3691 = CARTESIAN_POINT ( 'NONE',  ( -5.618558260364305400, 0.4987594352989396800, -91.59999999999998000 ) ) ;
#3692 = CARTESIAN_POINT ( 'NONE',  ( -7.622086315420630400, -3.311722468499423800, 91.60000000000000900 ) ) ;
#3693 = CARTESIAN_POINT ( 'NONE',  ( -7.798202656892454100, 2.081356020957780400, -65.00000000000002800 ) ) ;
#3694 = DIRECTION ( 'NONE',  ( 0.0000000000000000000, 0.0000000000000000000, -1.000000000000000000 ) ) ;
#3695 = CARTESIAN_POINT ( 'NONE',  ( -6.685716998734289300, 1.257985358694052600, -64.99999999999998600 ) ) ;
#3696 = CARTESIAN_POINT ( 'NONE',  ( 6.812492010791485700, 3.249999999999999600, 65.00000000000000000 ) ) ;
#3697 = CARTESIAN_POINT ( 'NONE',  ( 5.131428798358680200, 2.420568593374853100, 0.0000000000000000000 ) ) ;
#3698 = CARTESIAN_POINT ( 'NONE',  ( 12.09260896911150600, -3.399832857539963900, -67.56255582145651300 ) ) ;
#3699 = CARTESIAN_POINT ( 'NONE',  ( -7.376524451966854000, -0.8943941281142757700, 53.47072168711505200 ) ) ;
#3700 = CARTESIAN_POINT ( 'NONE',  ( -4.612033144759637400, -0.2051890421822103200, 64.99999999999998600 ) ) ;
#3701 = CARTESIAN_POINT ( 'NONE',  ( -3.248666096487583800, -0.09638074286544820500, -96.66333298583774100 ) ) ;
#3702 = CARTESIAN_POINT ( 'NONE',  ( 6.637543125987060800, 2.363444543733380900, 75.82881275239206800 ) ) ;
#3703 = CARTESIAN_POINT ( 'NONE',  ( 1.419085416410033300, 4.061546986379974000, -34.99999999999999300 ) ) ;
#3704 = CARTESIAN_POINT ( 'NONE',  ( -4.723703292664049900, 0.4800804721186269800, -91.59999999999999400 ) ) ;
#3705 = CARTESIAN_POINT ( 'NONE',  ( 0.2539217141106531700, -1.679770672132076400, -91.59999999999998000 ) ) ;
#3706 = VECTOR ( 'NONE', #1299, 1000.000000000000100 ) ;
#3707 = CARTESIAN_POINT ( 'NONE',  ( 6.016761859077306900, -0.8547670558196852600, 91.59999999999971000 ) ) ;
#3708 = CARTESIAN_POINT ( 'NONE',  ( -4.637581098712199300, 0.3050256012237314000, 0.0000000000000000000 ) ) ;
#3709 = CARTESIAN_POINT ( 'NONE',  ( -6.710148048661805500, 2.650244590077850000, -70.32421532136456200 ) ) ;
#3710 = CARTESIAN_POINT ( 'NONE',  ( -12.09611422610452500, -3.391049202607356900, 67.56108394198794500 ) ) ;
#3711 = CARTESIAN_POINT ( 'NONE',  ( -7.116439536484382900, 1.214873352792427600, -81.08951892045810400 ) ) ;
#3712 = DIRECTION ( 'NONE',  ( 0.0000000000000000000, 0.0000000000000000000, -1.000000000000000000 ) ) ;
#3713 = CARTESIAN_POINT ( 'NONE',  ( -5.586906639779927600, -0.9999109580733647200, -91.59999999999996600 ) ) ;
#3714 = CARTESIAN_POINT ( 'NONE',  ( 5.225223840640141200, -3.429184591355484400, -1.716693279303529000 ) ) ;
#3715 = CARTESIAN_POINT ( 'NONE',  ( 7.534388538139571900, 5.500000000000005300, 35.00000000000000000 ) ) ;
#3716 = CARTESIAN_POINT ( 'NONE',  ( 3.352147286964856300, 2.824631478723828700, 5.803733397248822500 ) ) ;
#3717 = CARTESIAN_POINT ( 'NONE',  ( 7.618498148863679400, -3.309898150419261900, -91.59999999999999400 ) ) ;
#3718 = AXIS2_PLACEMENT_3D ( 'NONE', #3147, #4816, #2347 ) ;
#3719 = CARTESIAN_POINT ( 'NONE',  ( -3.500103634515409300, 0.3890674239539849100, -91.59999999999998000 ) ) ;
#3720 = CARTESIAN_POINT ( 'NONE',  ( 6.548204248747945000, 1.603147789367734200, 81.04386737226410300 ) ) ;
#3721 = CARTESIAN_POINT ( 'NONE',  ( 12.97695079610255100, -2.975147314482604200, -23.02619614562116400 ) ) ;
#3722 = CARTESIAN_POINT ( 'NONE',  ( 2.712727051717077800, -2.117652668699539800, -4.817335496501476300 ) ) ;
#3723 = CARTESIAN_POINT ( 'NONE',  ( 2.705688947397963100, 0.4165596978331203600, -68.06421137605153100 ) ) ;
#3724 = CARTESIAN_POINT ( 'NONE',  ( 1.141570316556769000, -2.060254961280371800, -93.14015673250037300 ) ) ;
#3725 = CARTESIAN_POINT ( 'NONE',  ( 6.053621759979593600, -0.8256580272503963900, 91.59999999999968200 ) ) ;
#3726 = CARTESIAN_POINT ( 'NONE',  ( 3.751148974479189900, -2.703002216448096500, -24.09625883010560400 ) ) ;
#3727 = CARTESIAN_POINT ( 'NONE',  ( -6.199166942723604900, 1.550928559442399800, -80.96421532136454900 ) ) ;
#3728 = CARTESIAN_POINT ( 'NONE',  ( -12.15415841100721500, -3.307679960089096500, 65.00000000000000000 ) ) ;
#3729 = CARTESIAN_POINT ( 'NONE',  ( -7.796912763934129100, 2.074044040808804600, -65.00000000000002800 ) ) ;
#3730 = ORIENTED_EDGE ( 'NONE', *, *, #1394, .T. ) ;
#3731 = CARTESIAN_POINT ( 'NONE',  ( -1.042268434935401200, -0.6909723004562056100, 91.59999999999998000 ) ) ;
#3732 = CARTESIAN_POINT ( 'NONE',  ( -6.016761859077306900, -0.8547670558196852600, -91.59999999999971000 ) ) ;
#3733 = CARTESIAN_POINT ( 'NONE',  ( 0.0000000000000000000, 3.500000000000000000, 0.0000000000000000000 ) ) ;
#3734 = CARTESIAN_POINT ( 'NONE',  ( 0.7804791820197343200, 1.404412074653758500, -5.445047098098835500 ) ) ;
#3735 = CARTESIAN_POINT ( 'NONE',  ( 5.490811119614493300, 1.682250299404923800, 0.3242354154820829000 ) ) ;
#3736 = CARTESIAN_POINT ( 'NONE',  ( 0.7946534794026892700, 2.155801105530697400, 8.281370285117992200 ) ) ;
#3737 = CARTESIAN_POINT ( 'NONE',  ( 8.958963350605573700, -3.340989409574568500, -84.89932006806981200 ) ) ;
#3738 = CARTESIAN_POINT ( 'NONE',  ( 3.944140319037300600, 0.9563297866297830700, 86.05185464210214300 ) ) ;
#3739 = ORIENTED_EDGE ( 'NONE', *, *, #3674, .F. ) ;
#3740 = CARTESIAN_POINT ( 'NONE',  ( -3.114568151336391600, 0.4578395495828923000, 65.00000000000000000 ) ) ;
#3741 = CARTESIAN_POINT ( 'NONE',  ( 6.611995560608952400, -2.908886317389230300, -91.59999999999998000 ) ) ;
#3742 = CARTESIAN_POINT ( 'NONE',  ( 7.145598663201216300, 2.631153035419402400, 70.40293333198108900 ) ) ;
#3743 = CARTESIAN_POINT ( 'NONE',  ( 5.011878916172491000, -2.729550803369758900, -23.85831162089521800 ) ) ;
#3744 = CARTESIAN_POINT ( 'NONE',  ( 1.563419532724097100E-013, -0.8858127423063783000, -5.499999999999997300 ) ) ;
#3745 = CARTESIAN_POINT ( 'NONE',  ( 2.676801123231022500, 0.2745489856260103800, -71.12887899841656700 ) ) ;
#3746 = VERTEX_POINT ( 'NONE', #1569 ) ;
#3747 = CARTESIAN_POINT ( 'NONE',  ( 6.890020587540935700, -3.349963192196080600, -91.95239495313916200 ) ) ;
#3748 = CARTESIAN_POINT ( 'NONE',  ( 7.613416113876958500, 1.100388927126827500, 75.83479667158646000 ) ) ;
#3749 = CARTESIAN_POINT ( 'NONE',  ( -8.534904603162383200, 4.625023821766148100, -23.25540309655908500 ) ) ;
#3750 = CARTESIAN_POINT ( 'NONE',  ( -6.788280023930554700, 2.651268891939269500, -70.34072553602074200 ) ) ;
#3751 = VERTEX_POINT ( 'NONE', #2811 ) ;
#3752 = CARTESIAN_POINT ( 'NONE',  ( -12.18473959849176300, -3.369235279843554800, 65.00000000000000000 ) ) ;
#3753 = CARTESIAN_POINT ( 'NONE',  ( -7.702880805306413900, 2.162878549544815500, -70.44946078597166700 ) ) ;
#3754 = EDGE_CURVE ( 'NONE', #3288, #3450, #4939, .T. ) ;
#3755 = CARTESIAN_POINT ( 'NONE',  ( -5.500000000000000000, -3.500000000000000000, 101.5999999999999900 ) ) ;
#3756 = CARTESIAN_POINT ( 'NONE',  ( -7.056746894229207500, 1.278885164626932800, -65.00000000000000000 ) ) ;
#3757 = CARTESIAN_POINT ( 'NONE',  ( -4.042824686188778200, 0.04683787287838525600, 65.00000000000000000 ) ) ;
#3758 = CARTESIAN_POINT ( 'NONE',  ( 5.457717907580650300, -3.388672195213603600, -0.7264460483838475200 ) ) ;
#3759 = CARTESIAN_POINT ( 'NONE',  ( 5.115268619146227100, 2.566817859842578400, 2.039800455801734200 ) ) ;
#3760 = CARTESIAN_POINT ( 'NONE',  ( -13.30936383028630100, -3.500815289903507700, 34.99999999999998600 ) ) ;
#3761 = CARTESIAN_POINT ( 'NONE',  ( 10.23027043352260000, -3.454923758496593900, -78.25925899209077800 ) ) ;
#3762 = CARTESIAN_POINT ( 'NONE',  ( -1.709649314139779100, 1.934179348758109600, 64.99999999999998600 ) ) ;
#3763 = CARTESIAN_POINT ( 'NONE',  ( 6.538145286987290000, -3.396775291034118000, -96.76968006617255500 ) ) ;
#3764 = CARTESIAN_POINT ( 'NONE',  ( 5.210932498510612000, -3.429072555626031500, -23.94381333070548100 ) ) ;
#3765 = CARTESIAN_POINT ( 'NONE',  ( -5.175315884351128700, -0.1696569241813815600, -98.38101291942410900 ) ) ;
#3766 = CARTESIAN_POINT ( 'NONE',  ( -4.325134259478497600, -1.019707216853843000, -91.60000000000000900 ) ) ;
#3767 = CARTESIAN_POINT ( 'NONE',  ( 5.500000000000000000, -3.500000000000000000, -101.5999999999999900 ) ) ;
#3768 = CARTESIAN_POINT ( 'NONE',  ( 7.519135314590424300, 1.123366664772955200, 70.40745010915628700 ) ) ;
#3769 = CARTESIAN_POINT ( 'NONE',  ( 12.04282393643056700, -3.495300514531105100, -65.00000000000000000 ) ) ;
#3770 = CARTESIAN_POINT ( 'NONE',  ( -6.213916294381470500, 1.552311678695190900, -80.96952931684941700 ) ) ;
#3771 = CARTESIAN_POINT ( 'NONE',  ( -10.23257998441519900, -3.450393278192283900, 78.25289115165121200 ) ) ;
#3772 = CARTESIAN_POINT ( 'NONE',  ( -6.267236427569985200, 0.04680062874617391100, -91.60000000000015100 ) ) ;
#3773 = COORDINATED_UNIVERSAL_TIME_OFFSET ( 5, 30, .AHEAD. ) ;
#3774 = CARTESIAN_POINT ( 'NONE',  ( -3.802750811285671600, -2.391710323619127700, 97.37052488504970400 ) ) ;
#3775 = CARTESIAN_POINT ( 'NONE',  ( -6.902277970843200300, 0.1210140053259577500, -81.03614203047723700 ) ) ;
#3776 = CARTESIAN_POINT ( 'NONE',  ( -0.9339710483534516800, -1.086855212128806000, 85.08051941592434300 ) ) ;
#3777 = CARTESIAN_POINT ( 'NONE',  ( 5.499899027494703500, -3.252912044328662800, -0.03355098057960232600 ) ) ;
#3778 = CARTESIAN_POINT ( 'NONE',  ( -13.38646216366368700, -3.477555676979774200, 35.00000000000000000 ) ) ;
#3779 = CARTESIAN_POINT ( 'NONE',  ( 7.672125247926749700, -3.419776468158328300, -91.60000000000003700 ) ) ;
#3780 = CARTESIAN_POINT ( 'NONE',  ( 3.715179289494559400, 2.549814596867514500, 69.86370928420419100 ) ) ;
#3781 = CARTESIAN_POINT ( 'NONE',  ( 13.43511312020813300, -3.336622343617651400, -34.99999999999999300 ) ) ;
#3782 = CARTESIAN_POINT ( 'NONE',  ( 6.413366250697373900, -3.469883757836846400, -96.76966179609121400 ) ) ;
#3783 = CARTESIAN_POINT ( 'NONE',  ( -4.339636348825957100, -0.4182583733796581000, -86.10852631384699400 ) ) ;
#3784 = CARTESIAN_POINT ( 'NONE',  ( 6.085740376444058500, -3.399194561495446200, -96.78146330470583800 ) ) ;
#3785 = CARTESIAN_POINT ( 'NONE',  ( 7.021315832317331900, 0.2553580612880960700, 81.04997535485736600 ) ) ;
#3786 = CARTESIAN_POINT ( 'NONE',  ( -5.499999999999998200, 1.511333873039345300, -0.01863705324913501900 ) ) ;
#3787 = EDGE_CURVE ( 'NONE', #296, #4668, #3263, .T. ) ;
#3788 = CARTESIAN_POINT ( 'NONE',  ( -6.836143175166427000, 3.249825630778890900, -64.99999999999997200 ) ) ;
#3789 = CARTESIAN_POINT ( 'NONE',  ( -12.06543051443946100, -3.429830764303477300, 67.57648902189134800 ) ) ;
#3790 = CARTESIAN_POINT ( 'NONE',  ( -6.719238562109303800, 1.569366202410334800, -81.06407349743337000 ) ) ;
#3791 = VERTEX_POINT ( 'NONE', #4437 ) ;
#3792 = CARTESIAN_POINT ( 'NONE',  ( -5.500000000000000000, -3.500000000000000000, 101.5999999999999900 ) ) ;
#3793 = CARTESIAN_POINT ( 'NONE',  ( -6.790666266457096300, 0.03522893541720115800, -81.02441667708906400 ) ) ;
#3794 = CARTESIAN_POINT ( 'NONE',  ( -3.951900877071023100, -0.06423741917270404900, 67.68161502529865500 ) ) ;
#3795 = CARTESIAN_POINT ( 'NONE',  ( 7.534388538139571900, 5.500000000000005300, 23.25554171221604000 ) ) ;
#3796 = CARTESIAN_POINT ( 'NONE',  ( -5.500000000000000000, -3.500000000000000000, 101.5999999999999900 ) ) ;
#3797 = CARTESIAN_POINT ( 'NONE',  ( -13.41105885505465500, -3.455010291813798600, 35.00000000000005000 ) ) ;
#3798 = CARTESIAN_POINT ( 'NONE',  ( 11.90239876217470900, -3.470295008435116700, -70.18610862025423100 ) ) ;
#3799 = CARTESIAN_POINT ( 'NONE',  ( 2.043407386291204600, 0.7350091117518754400, 85.72938925496504200 ) ) ;
#3800 = AXIS2_PLACEMENT_3D ( 'NONE', #3527, #5212, #3167 ) ;
#3801 = CARTESIAN_POINT ( 'NONE',  ( 13.38646216366368700, -3.477555676979774200, -35.00000000000000000 ) ) ;
#3802 = CARTESIAN_POINT ( 'NONE',  ( 5.500000000000000000, -3.500000000000000000, -101.5999999999999900 ) ) ;
#3803 = CARTESIAN_POINT ( 'NONE',  ( -3.360311525907682600, 1.637291299168804000, -65.00000000000011400 ) ) ;
#3804 = CARTESIAN_POINT ( 'NONE',  ( 6.413366250697373900, -3.469883757836846400, -96.76966179609121400 ) ) ;
#3805 = ORIENTED_EDGE ( 'NONE', *, *, #635, .T. ) ;
#3806 = CARTESIAN_POINT ( 'NONE',  ( 6.741274551379077300, 0.1163128901909287100, 86.34165174815589700 ) ) ;
#3807 = CARTESIAN_POINT ( 'NONE',  ( -5.131428798358680200, 2.420568593374853100, -5.577632776552707800 ) ) ;
#3808 = CARTESIAN_POINT ( 'NONE',  ( -6.180691586555612500, 1.550711455375574300, -80.95736896577535900 ) ) ;
#3809 = CARTESIAN_POINT ( 'NONE',  ( -12.16881461355006900, -3.447846360933811500, 65.00000000000001400 ) ) ;
#3810 = CARTESIAN_POINT ( 'NONE',  ( -7.801048940105946600, 2.098445977629234800, -65.00000000000002800 ) ) ;
#3811 = CIRCLE ( 'NONE', #2101, 0.1250000000000001100 ) ;
#3812 = CARTESIAN_POINT ( 'NONE',  ( 3.500103634515409300, 0.3890674239539849100, 91.59999999999998000 ) ) ;
#3813 = CARTESIAN_POINT ( 'NONE',  ( -7.287932378576790000, 1.371874578723889100, -65.00000000000000000 ) ) ;
#3814 = CARTESIAN_POINT ( 'NONE',  ( -1.240633887389811100, -1.175204631573433700, 85.02025008753678000 ) ) ;
#3815 = CARTESIAN_POINT ( 'NONE',  ( 4.457987939276669000, 2.912209220752040900, 3.229671620721552100 ) ) ;
#3816 = CARTESIAN_POINT ( 'NONE',  ( -5.500000000000000000, -3.500000000000000000, 101.5999999999999900 ) ) ;
#3817 = CARTESIAN_POINT ( 'NONE',  ( -5.379734944575508500, -3.438998903372055200, 0.0000000000000000000 ) ) ;
#3818 = CARTESIAN_POINT ( 'NONE',  ( 8.959753152900439900, -3.427725099937216400, -84.91479193227161200 ) ) ;
#3819 = CARTESIAN_POINT ( 'NONE',  ( 1.343698062242075100, 0.6089182105657340300, 85.59511001973182000 ) ) ;
#3820 = ORIENTED_EDGE ( 'NONE', *, *, #4417, .F. ) ;
#3821 = CARTESIAN_POINT ( 'NONE',  ( -6.675811680763419400, -3.278905605860806400, 91.60000000000000900 ) ) ;
#3822 = CARTESIAN_POINT ( 'NONE',  ( 6.538145286987290000, -3.396775291034118000, -96.76968006617255500 ) ) ;
#3823 = CARTESIAN_POINT ( 'NONE',  ( 4.294295585004517700, -0.5166289285316958400, -78.36921327587280900 ) ) ;
#3824 = CARTESIAN_POINT ( 'NONE',  ( 7.759572252598631300, 1.926536549829178200, 65.00000000000005700 ) ) ;
#3825 = CARTESIAN_POINT ( 'NONE',  ( -13.26915514171067500, -3.492244288815582900, 35.00000000000000000 ) ) ;
#3826 = CARTESIAN_POINT ( 'NONE',  ( -5.873340010167877900, 1.025328843450403500, -86.27868448288768400 ) ) ;
#3827 = CARTESIAN_POINT ( 'NONE',  ( -11.90770782854872900, -3.449422053367337900, 70.25558499713639500 ) ) ;
#3828 = CARTESIAN_POINT ( 'NONE',  ( -7.152668655156570100, 2.629615217531823500, -70.40386737226397400 ) ) ;
#3829 = CARTESIAN_POINT ( 'NONE',  ( 7.523884712561598000, 2.952115580790032100, 64.99999999999997200 ) ) ;
#3830 = EDGE_CURVE ( 'NONE', #4601, #3359, #641, .T. ) ;
#3831 = CARTESIAN_POINT ( 'NONE',  ( -7.628358439179398200, -3.496058060785116200, 91.60000000000002300 ) ) ;
#3832 = CARTESIAN_POINT ( 'NONE',  ( -7.067577831560589300, 0.3228786590141863300, -81.05581147553545000 ) ) ;
#3833 = CARTESIAN_POINT ( 'NONE',  ( -3.900284836539228600, -0.1829466578808035000, 70.36368984126843900 ) ) ;
#3834 = CARTESIAN_POINT ( 'NONE',  ( 4.702420886933732700, 0.4191362411863028800, 2.854119033140118100 ) ) ;
#3835 = CARTESIAN_POINT ( 'NONE',  ( 3.248666096487583800, -0.09638074286544820500, 96.66333298583774100 ) ) ;
#3836 = CARTESIAN_POINT ( 'NONE',  ( -13.33794258506136300, -3.498520748388761700, 35.00000000000001400 ) ) ;
#3837 = CARTESIAN_POINT ( 'NONE',  ( 12.17833066966497300, -3.429358790249550400, -65.00000000000000000 ) ) ;
#3838 = CARTESIAN_POINT ( 'NONE',  ( -6.210348738187612100, 0.06078350836537170500, 65.00000000000000000 ) ) ;
#3839 = CARTESIAN_POINT ( 'NONE',  ( -4.847452110742711500, -3.105299086797476300, 96.93026705474061100 ) ) ;
#3840 = CARTESIAN_POINT ( 'NONE',  ( 7.402019915310493300, -3.261640489513562900, -91.93887023107065200 ) ) ;
#3841 = CARTESIAN_POINT ( 'NONE',  ( 6.305069922533955500, 0.9533991430456355600, 86.32064254446221700 ) ) ;
#3842 = CARTESIAN_POINT ( 'NONE',  ( 3.952034457528095200, -0.3672924730109839400, -78.41687040799853000 ) ) ;
#3843 = CARTESIAN_POINT ( 'NONE',  ( -0.9078375051027158800, -1.721121880917405800, -94.11631880615279000 ) ) ;
#3844 = CARTESIAN_POINT ( 'NONE',  ( 7.669208054007760300, 1.727546476458545800, 65.00000000000002800 ) ) ;
#3845 = CARTESIAN_POINT ( 'NONE',  ( 11.71418783918148400, -3.052541683012570700, -65.00000000000000000 ) ) ;
#3846 = VECTOR ( 'NONE', #1140, 1000.000000000000100 ) ;
#3847 = CARTESIAN_POINT ( 'NONE',  ( -6.678738991091504000, 2.650732962765480300, -70.31736896577534400 ) ) ;
#3848 = CARTESIAN_POINT ( 'NONE',  ( -11.88623464759692200, -3.477630528262851700, 70.30809078125713500 ) ) ;
#3849 = ORIENTED_EDGE ( 'NONE', *, *, #5165, .T. ) ;
#3850 = CARTESIAN_POINT ( 'NONE',  ( -6.630400187028802100, 1.593107552740434400, -81.05436996283192700 ) ) ;
#3851 = CARTESIAN_POINT ( 'NONE',  ( 6.934487716993764600, 2.654045482346203000, 70.36945793217202500 ) ) ;
#3852 = CARTESIAN_POINT ( 'NONE',  ( -7.608088133981962800, -3.407769510147216100, 91.93383194445166900 ) ) ;
#3853 = CARTESIAN_POINT ( 'NONE',  ( -7.039326941859516600, 0.2803299657135582300, -81.05220875969934000 ) ) ;
#3854 = CARTESIAN_POINT ( 'NONE',  ( -3.223064492661988500, 0.3864088955523384800, 65.00000000000000000 ) ) ;
#3855 = DIRECTION ( 'NONE',  ( 0.0000000000000000000, 1.000000000000000000, 0.0000000000000000000 ) ) ;
#3856 = CARTESIAN_POINT ( 'NONE',  ( -6.367150278152977600, -3.340552441766227300, 96.77279941328799900 ) ) ;
#3857 = CARTESIAN_POINT ( 'NONE',  ( 12.05969905669766400, -3.499416878780418300, -65.00000000000000000 ) ) ;
#3858 = CARTESIAN_POINT ( 'NONE',  ( 1.483892001915322100, 0.03404023510690354400, 91.59999999999996600 ) ) ;
#3859 = ADVANCED_FACE ( 'NONE', ( #4551 ), #1495, .T. ) ;
#3860 = ORIENTED_EDGE ( 'NONE', *, *, #4031, .F. ) ;
#3861 = CARTESIAN_POINT ( 'NONE',  ( -0.07395546124651723700, -1.862147600767278800, 93.61623552985697900 ) ) ;
#3862 = CARTESIAN_POINT ( 'NONE',  ( 5.500000000000000000, -3.500000000000000000, -101.5999999999999900 ) ) ;
#3863 = CARTESIAN_POINT ( 'NONE',  ( 6.315547847263595700, 0.9488544414885336000, 86.32146666599072700 ) ) ;
#3864 = CARTESIAN_POINT ( 'NONE',  ( 4.386504892554291300, 0.4227497619459305600, -71.13854973613990800 ) ) ;
#3865 = CARTESIAN_POINT ( 'NONE',  ( -4.616661032676786300, -1.493951747401085500, -96.61767322535457900 ) ) ;
#3866 = CARTESIAN_POINT ( 'NONE',  ( 7.603509629318455900, 1.232897152940497700, 70.41674186111602300 ) ) ;
#3867 = CARTESIAN_POINT ( 'NONE',  ( 13.44483379002171300, -3.343927464517825900, -40.00266128898864800 ) ) ;
#3868 = EDGE_CURVE ( 'NONE', #165, #2133, #3407, .T. ) ;
#3869 = CARTESIAN_POINT ( 'NONE',  ( -5.145390511720247400, 1.018477009852119000, -86.21028991832233100 ) ) ;
#3870 = CARTESIAN_POINT ( 'NONE',  ( -11.86715903094447500, -3.491175392880836000, 70.32231106715319400 ) ) ;
#3871 = CARTESIAN_POINT ( 'NONE',  ( -6.548204248747945000, 1.603147789367734200, -81.04386737226410300 ) ) ;
#3872 = CARTESIAN_POINT ( 'NONE',  ( 5.967913143498689600, 0.3888005105753441500, 91.60000000000029300 ) ) ;
#3873 = CARTESIAN_POINT ( 'NONE',  ( -6.557750966950018200, -0.2601180075258214300, -86.32671266945443700 ) ) ;
#3874 = CARTESIAN_POINT ( 'NONE',  ( -0.02516502865302195500, 0.9041067581409625300, 72.73096454418418900 ) ) ;
#3875 = DIRECTION ( 'NONE',  ( 0.0000000000000000000, 0.0000000000000000000, 1.000000000000000000 ) ) ;
#3876 = CARTESIAN_POINT ( 'NONE',  ( -7.402019915310493300, -3.261640489513562900, 91.93887023107065200 ) ) ;
#3877 = CARTESIAN_POINT ( 'NONE',  ( 6.665623551968064200, 0.6801757168677998700, -54.09047272086995400 ) ) ;
#3878 = CARTESIAN_POINT ( 'NONE',  ( -4.969809633408057300, 0.1977891055578922300, 70.90586465312273400 ) ) ;
#3879 = CC_DESIGN_SECURITY_CLASSIFICATION ( #3429, ( #2232 ) ) ;
#3880 = ORIENTED_EDGE ( 'NONE', *, *, #1279, .F. ) ;
#3881 = CARTESIAN_POINT ( 'NONE',  ( -5.211462668657368600, -3.189792391704306100, 96.86851599800185400 ) ) ;
#3882 = CARTESIAN_POINT ( 'NONE',  ( 5.500000000000000000, -3.500000000000000000, -101.5999999999999900 ) ) ;
#3884 = ORIENTED_EDGE ( 'NONE', *, *, #4590, .T. ) ;
#3883 = CARTESIAN_POINT ( 'NONE',  ( 3.603406528285587800, -0.2197805307018690400, -78.47213103761093600 ) ) ;
#3885 = CARTESIAN_POINT ( 'NONE',  ( 7.547424335277528800, 1.567547782638999900, 65.00000000000000000 ) ) ;
#3886 = CARTESIAN_POINT ( 'NONE',  ( 0.0000000000000000000, -3.926777784743245500, 0.0000000000000000000 ) ) ;
#3887 = CARTESIAN_POINT ( 'NONE',  ( -0.4593692119610436300, 1.677043496898074700, -73.43815069250250400 ) ) ;
#3888 = ORIENTED_EDGE ( 'NONE', *, *, #1021, .T. ) ;
#3889 = CARTESIAN_POINT ( 'NONE',  ( -7.600764573663960600, -3.496610278181584000, 91.59999999999999400 ) ) ;
#3890 = CARTESIAN_POINT ( 'NONE',  ( -6.362172835402686700, 0.9263138922265730100, -86.32501243865277700 ) ) ;
#3891 = CARTESIAN_POINT ( 'NONE',  ( 6.123770628299521200, 1.007801853363019500, 86.30472896608617400 ) ) ;
#3892 = CARTESIAN_POINT ( 'NONE',  ( -6.059382324865863400, -0.8207927445222676900, -91.59999999999968200 ) ) ;
#3893 = ORIENTED_EDGE ( 'NONE', *, *, #3149, .F. ) ;
#3894 = CARTESIAN_POINT ( 'NONE',  ( 4.419613180479089500, 1.229358977622461200, 69.97705262769400700 ) ) ;
#3895 = CARTESIAN_POINT ( 'NONE',  ( 5.490388750744920700, 1.318359123160094200, 0.3355597073674244600 ) ) ;
#3896 = CARTESIAN_POINT ( 'NONE',  ( -6.986995560419892100, -3.058214594534034900, 91.59999999999998000 ) ) ;
#3897 = CARTESIAN_POINT ( 'NONE',  ( 12.01288817515481000, -3.478010719133497000, -67.64449991209247100 ) ) ;
#3898 = CARTESIAN_POINT ( 'NONE',  ( -1.177971866286647000, 0.6202680958717926600, 79.07801269933075600 ) ) ;
#3900 = ORIENTED_EDGE ( 'NONE', *, *, #3787, .T. ) ;
#3899 = CARTESIAN_POINT ( 'NONE',  ( -5.500000000000000000, -3.500000000000000000, 101.5999999999999900 ) ) ;
#3901 = CARTESIAN_POINT ( 'NONE',  ( 6.085740376444058500, -3.399194561495446200, -96.78146330470583800 ) ) ;
#3902 = CARTESIAN_POINT ( 'NONE',  ( 4.124520451430692300, -0.4415934080907471500, -78.39142766351277200 ) ) ;
#3903 = EDGE_CURVE ( 'NONE', #4281, #1822, #4428, .T. ) ;
#3904 = CARTESIAN_POINT ( 'NONE',  ( -3.808055623892455000, -1.051725551664988200, -91.60000000000012200 ) ) ;
#3905 = CARTESIAN_POINT ( 'NONE',  ( 6.727435304883205600, 0.4459610708858886600, 86.34485990015558300 ) ) ;
#3906 = CARTESIAN_POINT ( 'NONE',  ( 12.78236428029541600, -3.297441780198733200, -52.50180841888239100 ) ) ;
#3907 = CARTESIAN_POINT ( 'NONE',  ( 1.742262568857854600, 1.221658706743933300, -72.37997313043105400 ) ) ;
#3908 = CARTESIAN_POINT ( 'NONE',  ( -10.20188091528621600, -3.485557032649426300, 78.29033390789820100 ) ) ;
#3909 = CARTESIAN_POINT ( 'NONE',  ( -6.540550697957782800, 2.301833406219072400, -75.80342282092208000 ) ) ;
#3910 = CARTESIAN_POINT ( 'NONE',  ( 6.837752285024074600, 2.653050298449298100, 70.35074997370833200 ) ) ;
#3911 = CARTESIAN_POINT ( 'NONE',  ( 8.208273516211974700, 3.323024600393545700, 35.00000000000002800 ) ) ;
#3912 = AXIS2_PLACEMENT_3D ( 'NONE', #3174, #3623, #4040 ) ;
#3913 = CARTESIAN_POINT ( 'NONE',  ( -7.389778564901099000, 1.435804755371729000, -65.00000000000000000 ) ) ;
#3914 = CARTESIAN_POINT ( 'NONE',  ( 3.304293724253680100, 1.319260032677619600, 69.73806104205688400 ) ) ;
#3915 = DIRECTION ( 'NONE',  ( 0.0000000000000000000, 1.000000000000000000, -0.0000000000000000000 ) ) ;
#3916 = CARTESIAN_POINT ( 'NONE',  ( -3.249234603997036800, -2.497995535183740000, 92.46980101515865200 ) ) ;
#3917 = CARTESIAN_POINT ( 'NONE',  ( 12.10247170129589900, -3.496575226439445000, -65.00000000000000000 ) ) ;
#3918 = CARTESIAN_POINT ( 'NONE',  ( -4.942852099057882100, -0.8161771004039448700, 78.30591850289833600 ) ) ;
#3919 = CARTESIAN_POINT ( 'NONE',  ( -4.616661032676786300, -1.493951747401085500, -96.61767322535457900 ) ) ;
#3920 = CARTESIAN_POINT ( 'NONE',  ( 3.291226952691051400, -0.8714555436749686900, -84.95423552326438700 ) ) ;
#3921 = LINE ( 'NONE', #1262, #3706 ) ;
#3922 = CARTESIAN_POINT ( 'NONE',  ( 7.123426921110452200, 2.314653353606155300, 75.88976217538969100 ) ) ;
#3923 = CARTESIAN_POINT ( 'NONE',  ( -3.249770019803592400, -2.424842630800643700, 91.60000000000012200 ) ) ;
#3924 = CARTESIAN_POINT ( 'NONE',  ( 0.6232856854135905300, 0.7688936664696245400, -79.24424020051199600 ) ) ;
#3925 = CARTESIAN_POINT ( 'NONE',  ( -10.21727310661961700, -3.472525925007758500, 78.27827034368542100 ) ) ;
#3926 = CARTESIAN_POINT ( 'NONE',  ( -7.585267802819307000, 2.881714694686961000, -64.99999999999997200 ) ) ;
#3927 = CARTESIAN_POINT ( 'NONE',  ( 6.974564154841015600, 3.237175892043605800, 65.00000000000000000 ) ) ;
#3928 = CARTESIAN_POINT ( 'NONE',  ( -7.759425204335078900, 1.558134605271621400, -70.43707583891975300 ) ) ;
#3929 = CARTESIAN_POINT ( 'NONE',  ( 0.9835666426009925800, -0.6531093931092922800, 85.47453116563227100 ) ) ;
#3930 = DIRECTION ( 'NONE',  ( 0.0000000000000000000, 1.000000000000000000, -0.0000000000000000000 ) ) ;
#3931 = CARTESIAN_POINT ( 'NONE',  ( -7.477895013888527800, -3.478853459834970500, 91.59999999999998000 ) ) ;
#3932 = CARTESIAN_POINT ( 'NONE',  ( 11.80054704467097400, -3.501899077608619400, -70.34846376887118400 ) ) ;
#3933 = CARTESIAN_POINT ( 'NONE',  ( -7.073953504114558500, -0.7638466909734974400, 70.33202004421448800 ) ) ;
#3934 = CARTESIAN_POINT ( 'NONE',  ( -13.26915514171067500, -3.492244288815582900, 40.00417574954925500 ) ) ;
#3935 = CARTESIAN_POINT ( 'NONE',  ( 6.890020587540935700, -3.349963192196080600, -91.95239495313916200 ) ) ;
#3936 = CARTESIAN_POINT ( 'NONE',  ( 6.866021471563688500, -0.4799930348159259200, -67.68749069539161700 ) ) ;
#3937 = CARTESIAN_POINT ( 'NONE',  ( 6.164800110518277700, -0.8371507394188374400, 91.59999999999999400 ) ) ;
#3938 = CARTESIAN_POINT ( 'NONE',  ( 6.722116489761791800, 0.4656582753731132200, 86.34478579698331700 ) ) ;
#3939 = CARTESIAN_POINT ( 'NONE',  ( -6.492019446535257600, -1.152630283107153500, 67.67469631294950700 ) ) ;
#3940 = EDGE_CURVE ( 'NONE', #3498, #2446, #4093, .T. ) ;
#3941 = CARTESIAN_POINT ( 'NONE',  ( 13.26915514171067100, -3.492244288815581100, -35.00000000000000000 ) ) ;
#3942 = CARTESIAN_POINT ( 'NONE',  ( -6.003952575724813600, 0.3651114665314460500, -91.60000000000029300 ) ) ;
#3943 = CARTESIAN_POINT ( 'NONE',  ( 6.749501333831178200, 2.650365843319332400, 70.33262691061068500 ) ) ;
#3944 = ORIENTED_EDGE ( 'NONE', *, *, #2404, .T. ) ;
#3945 = CARTESIAN_POINT ( 'NONE',  ( -7.074664579818895400, 0.3344136330778622600, -81.05674186111588100 ) ) ;
#3946 = CARTESIAN_POINT ( 'NONE',  ( 1.352686828325999800, -0.5959596388164969400, 85.55244554793309000 ) ) ;
#3947 = PERSON_AND_ORGANIZATION_ROLE ( 'creator' ) ;
#3948 = CARTESIAN_POINT ( 'NONE',  ( -6.560934522572912500, -3.477768990570127400, 96.76848412973112100 ) ) ;
#3949 = CARTESIAN_POINT ( 'NONE',  ( 3.109878336842438500, 5.278925673685591800, 35.00000000000002800 ) ) ;
#3950 = CARTESIAN_POINT ( 'NONE',  ( -1.703115776826649400, -0.9541274874104979100, 91.59999999999998000 ) ) ;
#3951 = CIRCLE ( 'NONE', #1217, 5.500000000000000000 ) ;
#3952 = CARTESIAN_POINT ( 'NONE',  ( 3.244611189179100700, -16.41199800218667400, 65.00000000000000000 ) ) ;
#3953 = CARTESIAN_POINT ( 'NONE',  ( 4.196645014294048800, -2.660884966193036000, -91.60000000000003700 ) ) ;
#3954 = CARTESIAN_POINT ( 'NONE',  ( 3.322983937942265900, -0.8851522939072213900, -84.95295925144915800 ) ) ;
#3955 = ORIENTED_EDGE ( 'NONE', *, *, #3416, .T. ) ;
#3956 = CARTESIAN_POINT ( 'NONE',  ( -0.4416694836616071300, -2.496975873700542500, 99.10883661267729400 ) ) ;
#3957 = CARTESIAN_POINT ( 'NONE',  ( 7.718964087560524800, 2.126645048151311300, 70.44971980031131400 ) ) ;
#3958 = CARTESIAN_POINT ( 'NONE',  ( 0.0000000000000000000, -3.500000000000000000, 0.0000000000000000000 ) ) ;
#3959 = CARTESIAN_POINT ( 'NONE',  ( -6.275237447399173400, 0.9657101012564463000, -86.31826175639295700 ) ) ;
#3960 = CARTESIAN_POINT ( 'NONE',  ( 7.063472282183264300, 3.219488204358445000, 65.00000000000000000 ) ) ;
#3961 = CARTESIAN_POINT ( 'NONE',  ( 5.859541240004621600, -0.5587161770044695200, 86.28122352985778300 ) ) ;
#3962 = DIRECTION ( 'NONE',  ( 0.0000000000000000000, 0.0000000000000000000, 1.000000000000000000 ) ) ;
#3963 = CARTESIAN_POINT ( 'NONE',  ( -7.621869045145825100, -3.455537981140254500, 91.93696825946224700 ) ) ;
#3964 = CARTESIAN_POINT ( 'NONE',  ( -5.225223840640141200, -3.429184591355484400, 1.716693279303529000 ) ) ;
#3965 = CARTESIAN_POINT ( 'NONE',  ( -6.990702625536420600, -0.5466120152795376200, 67.67787031441582700 ) ) ;
#3966 = ADVANCED_FACE ( 'NONE', ( #257 ), #3470, .F. ) ;
#3967 = CARTESIAN_POINT ( 'NONE',  ( -12.86267587340760000, -3.263362047041263200, 23.04592040610254200 ) ) ;
#3968 = CARTESIAN_POINT ( 'NONE',  ( 7.914521315819572900, -1.043256089818274800, -67.61746359927248300 ) ) ;
#3969 = EDGE_CURVE ( 'NONE', #3566, #2009, #499, .T. ) ;
#3970 = CARTESIAN_POINT ( 'NONE',  ( 5.354029437801478300, -1.000000000000003600, 91.59999999999998000 ) ) ;
#3971 = CARTESIAN_POINT ( 'NONE',  ( 6.720874537182208300, 0.4700023034751251700, 86.34476494621193900 ) ) ;
#3972 = CARTESIAN_POINT ( 'NONE',  ( -11.78010181972357100, -3.495955262682059600, 70.35496106405817300 ) ) ;
#3973 = APPROVAL_PERSON_ORGANIZATION ( #749, #1663, #1080 ) ;
#3974 = CARTESIAN_POINT ( 'NONE',  ( -1.392441428748096600, -0.3563023516121678900, -5.332688114656416000 ) ) ;
#3975 = CARTESIAN_POINT ( 'NONE',  ( -6.474678167793757500, 2.186103880194783400, -75.75843629278449500 ) ) ;
#3976 = CARTESIAN_POINT ( 'NONE',  ( 6.543449257224878600, 2.051280796818420800, 75.63958910835263800 ) ) ;
#3977 = VECTOR ( 'NONE', #2123, 1000.000000000000100 ) ;
#3978 = CARTESIAN_POINT ( 'NONE',  ( 6.443440485367010400, 0.3121601993113121100, 75.64042070885649600 ) ) ;
#3979 = CARTESIAN_POINT ( 'NONE',  ( -4.922925337314735500, -2.879584783408612100, 92.13703199600371400 ) ) ;
#3980 = ORIENTED_EDGE ( 'NONE', *, *, #1625, .F. ) ;
#3981 = CARTESIAN_POINT ( 'NONE',  ( -0.9977608108123169300, 4.286552377158776600, 44.89581496232038700 ) ) ;
#3982 = CARTESIAN_POINT ( 'NONE',  ( -3.574237215225569900, -0.9941380446429157700, 84.94316928359671700 ) ) ;
#3983 = CARTESIAN_POINT ( 'NONE',  ( 0.0000000000000000000, -3.926777784743245500, -2.500000000000000000 ) ) ;
#3984 = CARTESIAN_POINT ( 'NONE',  ( 12.65598953907062100, -3.493772401673344200, -52.50208787477462400 ) ) ;
#3985 = CARTESIAN_POINT ( 'NONE',  ( 7.544471992872605200, -1.001070964203598000, -70.25970356848381500 ) ) ;
#3986 = CARTESIAN_POINT ( 'NONE',  ( -5.500000000000000000, -3.500000000000000000, 101.5999999999999900 ) ) ;
#3987 = CARTESIAN_POINT ( 'NONE',  ( 7.686878230699629300, 2.195480880604116600, 70.44908179462555600 ) ) ;
#3988 = CARTESIAN_POINT ( 'NONE',  ( -11.78010181972357100, -3.495955262682059600, 70.35496106405817300 ) ) ;
#3989 = CARTESIAN_POINT ( 'NONE',  ( -0.6941419962955418500, -0.6095126783311918300, -5.467597511674634700 ) ) ;
#3990 = CARTESIAN_POINT ( 'NONE',  ( -6.487464658304908500, 2.234451296713401400, -75.77887106673466600 ) ) ;
#3991 = CARTESIAN_POINT ( 'NONE',  ( 6.537137449636546200, 2.051210960185524600, 75.64825575200225700 ) ) ;
#3992 = CARTESIAN_POINT ( 'NONE',  ( 6.601367306103134600, 0.7832377970834293300, 70.32665417930998300 ) ) ;
#3993 = CARTESIAN_POINT ( 'NONE',  ( 5.772038243104801400, -1.000000000000002000, 91.59999999999999400 ) ) ;
#3994 = CARTESIAN_POINT ( 'NONE',  ( -7.626439631325698800, -2.731063467994643300, 84.87123564241245800 ) ) ;
#3995 = VERTEX_POINT ( 'NONE', #2544 ) ;
#3996 = CARTESIAN_POINT ( 'NONE',  ( 11.78010181972357100, -3.495955262682059600, -70.35496106405817300 ) ) ;
#3997 = ORIENTED_EDGE ( 'NONE', *, *, #4059, .T. ) ;
#3998 = CARTESIAN_POINT ( 'NONE',  ( 5.500000000000000000, -3.500000000000000000, -101.5999999999999900 ) ) ;
#4000 = ORIENTED_EDGE ( 'NONE', *, *, #3236, .T. ) ;
#3999 = CARTESIAN_POINT ( 'NONE',  ( 5.714963024422827300, -2.551680122061100500, -91.60000000000003700 ) ) ;
#4001 = CARTESIAN_POINT ( 'NONE',  ( -5.499923175702436500, -3.245335416019970800, 0.02931697461638157000 ) ) ;
#4002 = CARTESIAN_POINT ( 'NONE',  ( 7.079604263127681200, 2.336571919619184100, 75.88671430661254600 ) ) ;
#4003 = CARTESIAN_POINT ( 'NONE',  ( 0.0000000000000000000, 3.500000000000000000, 2.500000000000000000 ) ) ;
#4004 = AXIS2_PLACEMENT_3D ( 'NONE', #247, #626, #3092 ) ;
#4005 = ORIENTED_EDGE ( 'NONE', *, *, #635, .F. ) ;
#4006 = CARTESIAN_POINT ( 'NONE',  ( 11.74014435581564400, -2.631281765846673200, -40.65278751463463200 ) ) ;
#4007 = CARTESIAN_POINT ( 'NONE',  ( 4.028547708209576900, 0.05315460351387792100, -65.00000000000000000 ) ) ;
#4008 = CARTESIAN_POINT ( 'NONE',  ( 5.564493985711966000, 0.4999296609657583600, 91.60000000000000900 ) ) ;
#4009 = CIRCLE ( 'NONE', #5225, 24.99999999999999300 ) ;
#4010 = CARTESIAN_POINT ( 'NONE',  ( 6.627478691975110100, 1.267264018388921200, 65.00000000000000000 ) ) ;
#4011 = CARTESIAN_POINT ( 'NONE',  ( -5.500000000000000000, -3.500000000000000000, 101.5999999999999900 ) ) ;
#4012 = CARTESIAN_POINT ( 'NONE',  ( -4.228062368382893500, -2.908887779592605600, 3.529686771089948700 ) ) ;
#4013 = CARTESIAN_POINT ( 'NONE',  ( -12.06950401026627900, -3.400444960255726700, 70.11601321798120500 ) ) ;
#4014 = VERTEX_POINT ( 'NONE', #899 ) ;
#4015 = CARTESIAN_POINT ( 'NONE',  ( 4.882457373097620000, -1.623747630943249000, -78.31469631294959300 ) ) ;
#4016 = CARTESIAN_POINT ( 'NONE',  ( -0.1212717854310145500, -1.986550559059989000, -99.82118079328773800 ) ) ;
#4017 = CARTESIAN_POINT ( 'NONE',  ( 8.877448573960371900, -2.647442818004510600, -78.14247128482487900 ) ) ;
#4018 = CARTESIAN_POINT ( 'NONE',  ( -5.264845917382781500, -3.449872081622491000, 1.596092690655961600 ) ) ;
#4019 = CARTESIAN_POINT ( 'NONE',  ( 7.697490431060526100, 2.174318355896260000, 70.44934976443546800 ) ) ;
#4020 = CARTESIAN_POINT ( 'NONE',  ( -6.812499999999925400, 3.249999999999999600, -65.00000000000000000 ) ) ;
#4021 = CARTESIAN_POINT ( 'NONE',  ( 3.827525614779567800, 0.1408364757835729500, -65.00000000000000000 ) ) ;
#4022 = CARTESIAN_POINT ( 'NONE',  ( 5.612529790258424400, -0.9990960840769516100, 91.59999999999995200 ) ) ;
#4023 = CARTESIAN_POINT ( 'NONE',  ( 0.1212717854310145500, -1.986550559059989000, 99.82118079328773800 ) ) ;
#4024 = CARTESIAN_POINT ( 'NONE',  ( -3.109878336842438500, 5.278925673685591800, -35.00000000000002800 ) ) ;
#4025 = CARTESIAN_POINT ( 'NONE',  ( -6.073541601570654300, -1.338201082732508600, 78.23431797477206800 ) ) ;
#4026 = CARTESIAN_POINT ( 'NONE',  ( -6.741274551379077300, 0.1163128901909287100, -86.34165174815589700 ) ) ;
#4027 = B_SPLINE_CURVE_WITH_KNOTS ( 'NONE', 3,
 ( #4794, #2379, #4868, #2521 ),
 .UNSPECIFIED., .F., .F.,
 ( 4, 4 ),
 ( 0.0000000000000000000, 1.000000000000000000 ),
 .UNSPECIFIED. ) ;
#4028 = CARTESIAN_POINT ( 'NONE',  ( 6.492019446535257600, -1.152630283107153500, -67.67469631294950700 ) ) ;
#4029 = DIRECTION ( 'NONE',  ( 0.0000000000000000000, 0.0000000000000000000, -1.000000000000000000 ) ) ;
#4030 = CARTESIAN_POINT ( 'NONE',  ( 10.41930275081424500, -2.504148395586232900, -70.00468985797240900 ) ) ;
#4031 = EDGE_CURVE ( 'NONE', #4209, #5041, #2436, .T. ) ;
#4032 = DATE_AND_TIME ( #4482, #954 ) ;
#4033 = CARTESIAN_POINT ( 'NONE',  ( -3.307049797634146000, -1.120859104901538800, 4.399150543613458800 ) ) ;
#4034 = CARTESIAN_POINT ( 'NONE',  ( 6.719289056107806200, 0.4754131216698849700, 86.34473642462128900 ) ) ;
#4035 = CARTESIAN_POINT ( 'NONE',  ( -4.130916905878558000, -1.353200623068171000, 78.31363234640065200 ) ) ;
#4036 = CARTESIAN_POINT ( 'NONE',  ( -8.162881740689112300, 5.209115622387726000, -35.00000000000000000 ) ) ;
#4037 = CARTESIAN_POINT ( 'NONE',  ( 2.577751611685559200, -0.7942670375992503300, -78.31485012061081400 ) ) ;
#4038 = PRODUCT_RELATED_PRODUCT_CATEGORY ( 'detail', '', ( #5056 ) ) ;
#4039 = CARTESIAN_POINT ( 'NONE',  ( 6.836860072984244100, 0.06793025517602482900, 81.02918682754678100 ) ) ;
#4040 = DIRECTION ( 'NONE',  ( 0.0000000000000000000, 0.0000000000000000000, -1.000000000000000000 ) ) ;
#4041 = CARTESIAN_POINT ( 'NONE',  ( -12.19201967071585300, -3.348920651434912400, 65.00000000000005700 ) ) ;
#4042 = CARTESIAN_POINT ( 'NONE',  ( -12.10073248186723700, -3.347459988467541800, 67.55803456745334800 ) ) ;
#4043 = CARTESIAN_POINT ( 'NONE',  ( -6.748999746473630000, 0.3257734667235619400, -86.34463719431541100 ) ) ;
#4044 = CARTESIAN_POINT ( 'NONE',  ( 3.370760748054799200, -1.079523503200108300, -78.31217879788810900 ) ) ;
#4045 = CARTESIAN_POINT ( 'NONE',  ( 7.405865196312994700, 2.986840821713614400, 23.26270183871196200 ) ) ;
#4046 = CARTESIAN_POINT ( 'NONE',  ( 10.78896512804611000, -2.615019565951158100, -67.50247128482489200 ) ) ;
#4047 = CARTESIAN_POINT ( 'NONE',  ( -5.483493206224590500, -3.165717355812586400, 0.4436115202936831700 ) ) ;
#4048 = CARTESIAN_POINT ( 'NONE',  ( 7.815085932604241700, 2.207721375224171600, 65.00000000000000000 ) ) ;
#4049 = CARTESIAN_POINT ( 'NONE',  ( 7.130675448363576600, -0.4421070260389650100, -65.00000000000000000 ) ) ;
#4050 = CARTESIAN_POINT ( 'NONE',  ( -7.392029308696178800, 1.401177603670517500, -65.00000000000001400 ) ) ;
#4051 = CARTESIAN_POINT ( 'NONE',  ( 3.992789255883359500, 0.06890339688463387200, -65.00000000000000000 ) ) ;
#4052 = EDGE_LOOP ( 'NONE', ( #3820, #76, #605, #5248, #3283, #3611, #173, #2275, #4094, #333 ) ) ;
#4053 = CARTESIAN_POINT ( 'NONE',  ( 6.020090195993635300, -0.5553232306746324100, 86.29201622759946100 ) ) ;
#4054 = CARTESIAN_POINT ( 'NONE',  ( -3.630623878870445700, 3.153323766124595600, -34.99999999999997200 ) ) ;
#4055 = DIRECTION ( 'NONE',  ( 0.8075565027142513900, -0.5897902126382969000, 0.0000000000000000000 ) ) ;
#4056 = CARTESIAN_POINT ( 'NONE',  ( -7.614804135358855100, -3.308256347538579800, 91.59999999999998000 ) ) ;
#4057 = CARTESIAN_POINT ( 'NONE',  ( -7.194138058836306200, 2.279742555208047200, -75.89322415161674900 ) ) ;
#4058 = ORIENTED_EDGE ( 'NONE', *, *, #3754, .T. ) ;
#4059 = EDGE_CURVE ( 'NONE', #1824, #1178, #4272, .T. ) ;
#4060 = CARTESIAN_POINT ( 'NONE',  ( -6.651871276185367800, 0.7784697272294401900, -70.33122065485262900 ) ) ;
#4061 = CARTESIAN_POINT ( 'NONE',  ( 5.528981754331067800, 1.587890443033218100, 0.0000000000000000000 ) ) ;
#4062 = CARTESIAN_POINT ( 'NONE',  ( 12.06648375445481000, -3.405457489023364200, -70.11614927074758400 ) ) ;
#4063 = CARTESIAN_POINT ( 'NONE',  ( -7.911846705286238900, -1.666238714616831800, 65.00000000000005700 ) ) ;
#4064 = LINE ( 'NONE', #3983, #1894 ) ;
#4065 = ADVANCED_FACE ( 'NONE', ( #1796 ), #959, .T. ) ;
#4066 = CARTESIAN_POINT ( 'NONE',  ( 6.494817959400737800, 2.249126979495306600, 75.78442511719356400 ) ) ;
#4067 = CARTESIAN_POINT ( 'NONE',  ( 6.746821124404576200, -3.316136826881716600, -91.95943845209420400 ) ) ;
#4068 = AXIS2_PLACEMENT_3D ( 'NONE', #3886, #559, #1430 ) ;
#4069 = CARTESIAN_POINT ( 'NONE',  ( -7.377851521645606400, 2.989321511066711500, -45.02523161244585000 ) ) ;
#4070 = CARTESIAN_POINT ( 'NONE',  ( 1.399768454309571200, -1.222853877143723800, -84.98892655912523300 ) ) ;
#4071 = VERTEX_POINT ( 'NONE', #3696 ) ;
#4072 = CARTESIAN_POINT ( 'NONE',  ( 6.355334891166029000, -0.1186463835093369800, 80.98403245519902800 ) ) ;
#4073 = DIRECTION ( 'NONE',  ( -0.9290494341718689200, -0.3699556039106990900, 0.0000000000000000000 ) ) ;
#4074 = CARTESIAN_POINT ( 'NONE',  ( -13.44483379002171300, -3.343927464517825900, 40.00266128898864800 ) ) ;
#4075 = CARTESIAN_POINT ( 'NONE',  ( -10.29236653360234400, -3.387569744326610600, 78.20004431758356100 ) ) ;
#4076 = CARTESIAN_POINT ( 'NONE',  ( -6.722423273866904300, 0.4645701602343478800, -86.34479073620062200 ) ) ;
#4077 = DIRECTION ( 'NONE',  ( -1.000000000000000000, 0.0000000000000000000, 0.0000000000000000000 ) ) ;
#4078 = CARTESIAN_POINT ( 'NONE',  ( -6.578069617372726400, 0.7854856949547166500, -70.32444776770246600 ) ) ;
#4079 = CARTESIAN_POINT ( 'NONE',  ( -0.03834867992640955700, 2.685545651007120100, 35.00000000000002100 ) ) ;
#4080 = CARTESIAN_POINT ( 'NONE',  ( -5.316054421730868300, 2.341894158340885200, 23.15914934196612400 ) ) ;
#4081 = CARTESIAN_POINT ( 'NONE',  ( 12.17636788237071800, -3.340941518501682000, -65.00000000000000000 ) ) ;
#4082 = CARTESIAN_POINT ( 'NONE',  ( -10.07253748066759900, -2.622922021627566800, 65.00000000000000000 ) ) ;
#4083 = CARTESIAN_POINT ( 'NONE',  ( 6.367150278152977600, -3.340552441766227300, -96.77279941328799900 ) ) ;
#4084 = CARTESIAN_POINT ( 'NONE',  ( 7.223349421064321000, 2.610235832997209700, 70.41265374612179100 ) ) ;
#4085 = DIRECTION ( 'NONE',  ( 0.0000000000000000000, 1.000000000000000000, -0.0000000000000000000 ) ) ;
#4086 = CARTESIAN_POINT ( 'NONE',  ( -7.065923585626098500, 2.116197434493308100, -55.01261580622293200 ) ) ;
#4087 = CARTESIAN_POINT ( 'NONE',  ( 3.358128931042291000, 0.1776455855681314000, -67.86748083780776100 ) ) ;
#4088 = CARTESIAN_POINT ( 'NONE',  ( 6.529900784769971300, -0.08561787321504903100, 80.99970668522560400 ) ) ;
#4089 = CARTESIAN_POINT ( 'NONE',  ( -6.026825518760718500, 3.108958647604744400, -35.00000000000000000 ) ) ;
#4090 = CARTESIAN_POINT ( 'NONE',  ( -6.812499999999927200, 3.250000000000002700, -65.00000000000000000 ) ) ;
#4091 = CARTESIAN_POINT ( 'NONE',  ( -12.09898875134094200, -3.377203229704993400, 67.55966644558428400 ) ) ;
#4092 = CARTESIAN_POINT ( 'NONE',  ( -7.706436481915013700, 2.155214729165087800, -70.44952989242391100 ) ) ;
#4093 = LINE ( 'NONE', #2173, #5088 ) ;
#4094 = ORIENTED_EDGE ( 'NONE', *, *, #3903, .F. ) ;
#4095 = CARTESIAN_POINT ( 'NONE',  ( -6.702317010732246100, 1.256013156907107800, -64.99999999999998600 ) ) ;
#4096 = CARTESIAN_POINT ( 'NONE',  ( -3.979995174548181400, -0.07622028756386360600, 67.67259398398344700 ) ) ;
#4097 = CARTESIAN_POINT ( 'NONE',  ( 7.776606121294507000, 3.050896305807777200, 35.00000000000000000 ) ) ;
#4098 = CARTESIAN_POINT ( 'NONE',  ( -3.457703102934873900, 3.253894066436547200, 23.22278503917813800 ) ) ;
#4099 = CARTESIAN_POINT ( 'NONE',  ( 10.28727094300334200, -3.405927960657024700, -78.20255582145651400 ) ) ;
#4100 = DIRECTION ( 'NONE',  ( -0.9703053751617990400, 0.2418831927441851500, 0.0000000000000000000 ) ) ;
#4101 = AXIS2_PLACEMENT_3D ( 'NONE', #2193, #1348, #4225 ) ;
#4102 = CARTESIAN_POINT ( 'NONE',  ( 1.051946111419579200, -0.9122608394840346900, -93.64086251607868400 ) ) ;
#4103 = CARTESIAN_POINT ( 'NONE',  ( 6.129773067480890300, 0.2535602488913912300, 91.60000000000026400 ) ) ;
#4104 = CARTESIAN_POINT ( 'NONE',  ( 11.11302621422801600, -1.613850028421954400, -35.00000000000000000 ) ) ;
#4105 = CARTESIAN_POINT ( 'NONE',  ( -1.789553831184726300, -0.2535439637457045400, -95.37056205318251000 ) ) ;
#4106 = CARTESIAN_POINT ( 'NONE',  ( 3.063860362740729900, 0.2883077361362449400, -67.95686089445553100 ) ) ;
#4107 = CARTESIAN_POINT ( 'NONE',  ( 7.136847943093864700, 1.303933014010735900, 65.00000000000000000 ) ) ;
#4108 = CARTESIAN_POINT ( 'NONE',  ( -6.028503396561559300, 1.020485860252361200, -86.29537498685428400 ) ) ;
#4109 = CARTESIAN_POINT ( 'NONE',  ( -8.958963350605573700, -3.340989409574568500, 84.89932006806981200 ) ) ;
#4110 = CARTESIAN_POINT ( 'NONE',  ( -6.726014848362571500, 0.4514629572983406800, -86.34484343337811700 ) ) ;
#4111 = CARTESIAN_POINT ( 'NONE',  ( 0.0000000000000000000, 3.500000000000000000, -5.500000000000000000 ) ) ;
#4112 = CARTESIAN_POINT ( 'NONE',  ( -6.472847820558123500, 0.3056898166041294200, -75.64431195566984900 ) ) ;
#4113 = CARTESIAN_POINT ( 'NONE',  ( -3.922467100098260100, -0.1881423901954560600, 70.35034765337528000 ) ) ;
#4114 = CARTESIAN_POINT ( 'NONE',  ( 8.312085610032735200, 5.053453130918208900, 23.25257406693531300 ) ) ;
#4115 = CARTESIAN_POINT ( 'NONE',  ( 0.7689004309060036800, 4.716700250569106200, 35.00000000000000000 ) ) ;
#4116 = CARTESIAN_POINT ( 'NONE',  ( 11.96583004158950900, -3.506225285905156100, -70.12243686704181300 ) ) ;
#4117 = CARTESIAN_POINT ( 'NONE',  ( 4.958308303878621500, -2.803283262677633400, -96.97368021049730700 ) ) ;
#4118 = CARTESIAN_POINT ( 'NONE',  ( 7.154442542788108200, 2.629217285328263400, 70.40409992298948800 ) ) ;
#4119 = CARTESIAN_POINT ( 'NONE',  ( 1.411435737789017700, 0.4430318702753954200, -15.62139053613845300 ) ) ;
#4120 = ORIENTED_EDGE ( 'NONE', *, *, #150, .T. ) ;
#4121 = CARTESIAN_POINT ( 'NONE',  ( -7.611995560185191000, -3.307095056500830100, 91.60000000000000900 ) ) ;
#4122 = CARTESIAN_POINT ( 'NONE',  ( 2.072540673559688100, 0.4614864690042545500, -71.49480833502201400 ) ) ;
#4123 = CIRCLE ( 'NONE', #2324, 1.250000000000004700 ) ;
#4124 = CARTESIAN_POINT ( 'NONE',  ( 7.616764553414889800, 1.116012248012482300, 75.83640949013695800 ) ) ;
#4125 = CARTESIAN_POINT ( 'NONE',  ( 13.26915514171067300, -3.492244288815582000, -35.00000000000000000 ) ) ;
#4126 = CARTESIAN_POINT ( 'NONE',  ( -6.336700388205286100, 1.582697808480197000, -81.00527011294704500 ) ) ;
#4127 = CARTESIAN_POINT ( 'NONE',  ( -12.17319802478244600, -3.333834472861840800, 65.00000000000000000 ) ) ;
#4128 = CARTESIAN_POINT ( 'NONE',  ( -7.707608884562414000, 2.152647796179195400, -70.44955128996092200 ) ) ;
#4129 = EDGE_CURVE ( 'NONE', #4940, #4855, #1416, .T. ) ;
#4130 = ORIENTED_EDGE ( 'NONE', *, *, #4481, .F. ) ;
#4131 = CARTESIAN_POINT ( 'NONE',  ( -7.312499999999926300, 5.500000000000005300, -35.00000000000000000 ) ) ;
#4132 = CARTESIAN_POINT ( 'NONE',  ( -6.779457238253163700, 1.250270901356918700, -64.99999999999998600 ) ) ;
#4133 = CARTESIAN_POINT ( 'NONE',  ( 1.462926102187331200, 0.6809640227196338500, -5.313244709761314700 ) ) ;
#4134 = CARTESIAN_POINT ( 'NONE',  ( 5.175315884351128700, -0.1696569241813815600, 98.38101291942410900 ) ) ;
#4135 = CARTESIAN_POINT ( 'NONE',  ( 7.627423708357715900, 2.884069422438128200, 65.00000000000001400 ) ) ;
#4136 = CARTESIAN_POINT ( 'NONE',  ( 12.05401486791064200, -3.428813497694549500, -70.11705068533839800 ) ) ;
#4137 = CARTESIAN_POINT ( 'NONE',  ( -1.544495446350675500, 1.629634402615424400, 68.68957326396821400 ) ) ;
#4138 = PERSON ( 'UNSPECIFIED', 'UNSPECIFIED', 'UNSPECIFIED', ('UNSPECIFIED'), ('UNSPECIFIED'), ('UNSPECIFIED') ) ;
#4139 = CARTESIAN_POINT ( 'NONE',  ( 0.2973685380884908400, -1.796070606107766000, -99.96752272332165000 ) ) ;
#4140 = ORIENTED_EDGE ( 'NONE', *, *, #4441, .T. ) ;
#4141 = CARTESIAN_POINT ( 'NONE',  ( 6.362172835402686700, 0.9263138922265730100, 86.32501243865277700 ) ) ;
#4142 = CARTESIAN_POINT ( 'NONE',  ( 9.919199284694100200, -0.7419513609521681800, -22.98579453260733600 ) ) ;
#4143 = CC_DESIGN_PERSON_AND_ORGANIZATION_ASSIGNMENT ( #253, #3520, ( #2232 ) ) ;
#4144 = CARTESIAN_POINT ( 'NONE',  ( -0.1180673349359078600, -0.2896717723429190800, -91.60000000000002300 ) ) ;
#4145 = CARTESIAN_POINT ( 'NONE',  ( 0.5454049453729784600, 0.9978282895530242700, -68.70906233126451900 ) ) ;
#4146 = CARTESIAN_POINT ( 'NONE',  ( 5.500000000000000000, -3.500000000000000000, -101.5999999999999900 ) ) ;
#4147 = CARTESIAN_POINT ( 'NONE',  ( 6.537333751838266600, -0.2841988154450740300, 86.32523847869275400 ) ) ;
#4148 = CARTESIAN_POINT ( 'NONE',  ( -7.915376637290567200, 5.388116888409729000, -23.25091993048927500 ) ) ;
#4149 = CARTESIAN_POINT ( 'NONE',  ( -6.859660493353878500, 3.249132448495952300, -64.99999999999998600 ) ) ;
#4150 = CARTESIAN_POINT ( 'NONE',  ( -12.04176966875522800, -3.444526936924092300, 70.11761678628840900 ) ) ;
#4151 = CARTESIAN_POINT ( 'NONE',  ( -7.079604263127681200, 2.336571919619184100, -75.88671430661254600 ) ) ;
#4152 = CARTESIAN_POINT ( 'NONE',  ( -5.500000000000000000, -3.500000000000000000, 101.5999999999999900 ) ) ;
#4153 = CARTESIAN_POINT ( 'NONE',  ( -5.903003819886094100, -0.9244383766664797700, -91.59999999999979500 ) ) ;
#4154 = CARTESIAN_POINT ( 'NONE',  ( 3.061616997868383100E-016, -3.926777784743245500, -2.500000000000000000 ) ) ;
#4155 = CARTESIAN_POINT ( 'NONE',  ( 5.485100376016002400, -3.341852423679902500, -0.4760855945255575400 ) ) ;
#4156 = CARTESIAN_POINT ( 'NONE',  ( 4.748604847522644300, 2.837148999236450900, 2.790482059250357400 ) ) ;
#4157 = CARTESIAN_POINT ( 'NONE',  ( -7.550811680725583000, -3.497030537516179600, 91.59999999999999400 ) ) ;
#4158 = CARTESIAN_POINT ( 'NONE',  ( 12.17319802478244600, -3.333834472861840800, -65.00000000000000000 ) ) ;
#4159 = CARTESIAN_POINT ( 'NONE',  ( -0.3420342928714386600, 0.8396973866627010000, 79.32957326396820000 ) ) ;
#4160 = CARTESIAN_POINT ( 'NONE',  ( 6.053224935138692000, -3.219023498586314000, -96.79169207297772500 ) ) ;
#4161 = CARTESIAN_POINT ( 'NONE',  ( 5.464569442612244600, -3.128445619799244100, -23.93397022511259900 ) ) ;
#4162 = CARTESIAN_POINT ( 'NONE',  ( 3.619384443700886000, -2.590929775577309100, -4.151249644021852700 ) ) ;
#4163 = CARTESIAN_POINT ( 'NONE',  ( -1.186847885985267400, -1.379842757648159100, -91.60000000000000900 ) ) ;
#4164 = PERSON_AND_ORGANIZATION ( #4138, #117 ) ;
#4165 = CARTESIAN_POINT ( 'NONE',  ( 4.196645014294048800, -2.660884966193036000, -91.60000000000003700 ) ) ;
#4166 = CARTESIAN_POINT ( 'NONE',  ( 7.039326941859516600, 0.2803299657135582300, 81.05220875969934000 ) ) ;
#4167 = CARTESIAN_POINT ( 'NONE',  ( -5.498523759517777200, 1.575596719706731500, -0.1314324065031604900 ) ) ;
#4168 = EDGE_CURVE ( 'NONE', #843, #781, #2751, .T. ) ;
#4169 = CARTESIAN_POINT ( 'NONE',  ( -5.949869698716364400, 1.024391027093692700, -86.28733266927675100 ) ) ;
#4170 = CARTESIAN_POINT ( 'NONE',  ( -7.673395815893664800, -3.412410280164596400, 91.60000000000003700 ) ) ;
#4171 = CARTESIAN_POINT ( 'NONE',  ( -7.703874298539448200, 2.702217739350506700, -64.99999999999994300 ) ) ;
#4172 = CARTESIAN_POINT ( 'NONE',  ( 0.06692549524274162000, -0.5607342222052168500, 94.25483705900106200 ) ) ;
#4173 = CARTESIAN_POINT ( 'NONE',  ( -7.131502944156905800, 0.4440671511152337600, -75.73414849712610000 ) ) ;
#4174 = CARTESIAN_POINT ( 'NONE',  ( 3.307049797634146000, -1.120859104901538800, -4.399150543613458800 ) ) ;
#4175 = CARTESIAN_POINT ( 'NONE',  ( 0.2003605797935595100, 1.809459859870980800, 9.814524093659249700 ) ) ;
#4176 = CARTESIAN_POINT ( 'NONE',  ( 10.22614392549542700, -3.462190723718860500, -78.26781773001948700 ) ) ;
#4177 = CARTESIAN_POINT ( 'NONE',  ( 5.009000750676852600, 3.197687695426675100, 64.99999999999998600 ) ) ;
#4178 = AXIS2_PLACEMENT_3D ( 'NONE', #1260, #3656, #4928 ) ;
#4179 = CARTESIAN_POINT ( 'NONE',  ( 7.402019915310493300, -3.261640489513562900, -91.93887023107065200 ) ) ;
#4180 = CARTESIAN_POINT ( 'NONE',  ( 13.26915514171067500, -3.492244288815582900, -35.00000000000000000 ) ) ;
#4181 = CARTESIAN_POINT ( 'NONE',  ( 5.500000000000000000, -3.500000000000000000, -101.5999999999999900 ) ) ;
#4182 = CARTESIAN_POINT ( 'NONE',  ( -6.540220849881127800, 0.7917613981688966800, -70.32087535899336200 ) ) ;
#4183 = CARTESIAN_POINT ( 'NONE',  ( 5.500000000000000000, -3.500000000000000000, -101.5999999999999900 ) ) ;
#4184 = CARTESIAN_POINT ( 'NONE',  ( 6.902277970843200300, 0.1210140053259577500, 81.03614203047723700 ) ) ;
#4185 = CARTESIAN_POINT ( 'NONE',  ( -5.477188090692726200, 1.789020910303784900, -0.5166740199717598800 ) ) ;
#4186 = CARTESIAN_POINT ( 'NONE',  ( -3.920889111771626900, 2.021256488415351400, -74.86876329537159300 ) ) ;
#4187 = CARTESIAN_POINT ( 'NONE',  ( -12.07511931295811000, -3.422263991074103700, 67.57046105570758200 ) ) ;
#4188 = CARTESIAN_POINT ( 'NONE',  ( -6.325032547220736500, -0.2589586058170286200, -91.59999999999998000 ) ) ;
#4189 = CARTESIAN_POINT ( 'NONE',  ( -4.424495561535934500, -2.037804700582602500, 91.59999999999996600 ) ) ;
#4190 = CARTESIAN_POINT ( 'NONE',  ( -5.671026160027477800, -0.9939399868418477000, -91.59999999999990900 ) ) ;
#4191 = CARTESIAN_POINT ( 'NONE',  ( -1.070238200517444200, -1.125444562142694300, 85.05374041890387100 ) ) ;
#4192 = CARTESIAN_POINT ( 'NONE',  ( 3.467451997529236200, -1.271595388639702200, -4.274187948320340900 ) ) ;
#4193 = CARTESIAN_POINT ( 'NONE',  ( 0.0000000000000000000, -3.500000000000000000, 0.0000000000000000000 ) ) ;
#4194 = CARTESIAN_POINT ( 'NONE',  ( -5.274610528618672400, -3.449308689770564000, 23.95547209840502800 ) ) ;
#4195 = CARTESIAN_POINT ( 'NONE',  ( 7.673395815893664800, -3.412410280164596400, -91.60000000000003700 ) ) ;
#4196 = CARTESIAN_POINT ( 'NONE',  ( 0.6652135058439155900, 2.151568139762039400, 69.21877850993004700 ) ) ;
#4197 = ORIENTED_EDGE ( 'NONE', *, *, #796, .T. ) ;
#4198 = ORIENTED_EDGE ( 'NONE', *, *, #4624, .T. ) ;
#4199 = CARTESIAN_POINT ( 'NONE',  ( 13.41105885505465500, -3.455010291813798600, -23.03012406593136100 ) ) ;
#4200 = CARTESIAN_POINT ( 'NONE',  ( 7.549495560061596500, -3.282207010196621000, -91.59999999999998000 ) ) ;
#4201 = CARTESIAN_POINT ( 'NONE',  ( -2.464566899254364800, -0.4547099936650947400, -85.78470724610939200 ) ) ;
#4202 = VECTOR ( 'NONE', #4366, 1000.000000000000000 ) ;
#4203 = CARTESIAN_POINT ( 'NONE',  ( 2.082061681108955800, -2.133749714706710200, -91.59999999999996600 ) ) ;
#4204 = CARTESIAN_POINT ( 'NONE',  ( 7.619820043331929900, 1.131689195822640000, 75.83799996633804600 ) ) ;
#4205 = CARTESIAN_POINT ( 'NONE',  ( 13.26915514171067500, -3.492244288815582900, -23.32158638610371400 ) ) ;
#4206 = CARTESIAN_POINT ( 'NONE',  ( -6.180332352462921900, 1.550505704499369500, -80.95721038716365600 ) ) ;
#4207 = VERTEX_POINT ( 'NONE', #16 ) ;
#4208 = CARTESIAN_POINT ( 'NONE',  ( -8.951898278693635200, -3.441467693421170500, 84.92130417507345900 ) ) ;
#4209 = VERTEX_POINT ( 'NONE', #1694 ) ;
#4210 = CARTESIAN_POINT ( 'NONE',  ( -7.816024788943287200, 2.297420356611036500, -64.99999999999998600 ) ) ;
#4211 = EDGE_CURVE ( 'NONE', #3566, #1890, #4818, .T. ) ;
#4212 = CARTESIAN_POINT ( 'NONE',  ( -7.402019915310493300, -3.261640489513562900, 91.93887023107065200 ) ) ;
#4213 = CARTESIAN_POINT ( 'NONE',  ( -6.836860072984244100, 0.06793025517602482900, -81.02918682754678100 ) ) ;
#4214 = CARTESIAN_POINT ( 'NONE',  ( -3.063860362740729900, 0.2883077361362449400, 67.95686089445553100 ) ) ;
#4215 = CARTESIAN_POINT ( 'NONE',  ( -3.936494959300416600, -0.1933102078443929300, 70.34135006407326800 ) ) ;
#4216 = CARTESIAN_POINT ( 'NONE',  ( -7.550811680725582100, -3.497030537516180100, 91.59999999999999400 ) ) ;
#4217 = CARTESIAN_POINT ( 'NONE',  ( -4.090356027915085200, -1.917537558387645700, 22.80891941351469400 ) ) ;
#4218 = CARTESIAN_POINT ( 'NONE',  ( 7.641873849492504300, -3.473890898904950000, -91.60000000000000900 ) ) ;
#4219 = CARTESIAN_POINT ( 'NONE',  ( 5.291535515864023200, 1.549908688011877500, 80.82057983664462600 ) ) ;
#4220 = CARTESIAN_POINT ( 'NONE',  ( 13.36064268990514000, -3.490970175769123200, -23.02601229959659800 ) ) ;
#4221 = CARTESIAN_POINT ( 'NONE',  ( -4.196645014294048800, -2.660884966193036000, 91.60000000000003700 ) ) ;
#4222 = CARTESIAN_POINT ( 'NONE',  ( 5.500000000000000000, -3.500000000000000000, -101.5999999999999900 ) ) ;
#4223 = CARTESIAN_POINT ( 'NONE',  ( -1.587592785639302800, 1.081626734045285000, -73.66039144466176900 ) ) ;
#4224 = PRODUCT_DEFINITION_SHAPE ( 'NONE', 'NONE',  #1699 ) ;
#4225 = DIRECTION ( 'NONE',  ( -1.000000000000000000, 0.0000000000000000000, 0.0000000000000000000 ) ) ;
#4226 = CARTESIAN_POINT ( 'NONE',  ( 5.509145014202041500, -2.988072363667311200, -91.60000000000000900 ) ) ;
#4227 = CARTESIAN_POINT ( 'NONE',  ( 6.636150707505120000, -0.1552963716024248500, 86.33248244236638400 ) ) ;
#4228 = CARTESIAN_POINT ( 'NONE',  ( -5.499395578902635900, 1.549077229301442800, -0.08311299303495850400 ) ) ;
#4229 = CARTESIAN_POINT ( 'NONE',  ( -5.386200802149455800, 1.023707619174317100, -86.23600614581225400 ) ) ;
#4230 = CARTESIAN_POINT ( 'NONE',  ( -11.90583012651492600, -3.447723289113967700, 70.22584695823610400 ) ) ;
#4231 = CARTESIAN_POINT ( 'NONE',  ( -7.043684404601330900, 1.331248208886296700, -81.08769957515149000 ) ) ;
#4232 = CARTESIAN_POINT ( 'NONE',  ( -7.424495560152087700, -3.232430917835104300, 91.59999999999998000 ) ) ;
#4233 = CARTESIAN_POINT ( 'NONE',  ( -7.349555190690622000, 1.408693220599892100, -65.00000000000000000 ) ) ;
#4234 = CARTESIAN_POINT ( 'NONE',  ( -3.930794118127710400, -0.05527055938436172000, 67.68837450158146400 ) ) ;
#4235 = CARTESIAN_POINT ( 'NONE',  ( 5.046406568328056800, 0.5472311556498298300, 2.194635675436039400 ) ) ;
#4236 = CARTESIAN_POINT ( 'NONE',  ( -5.458724118193523500, -2.991115921416672900, 96.87035501528724500 ) ) ;
#4237 = CARTESIAN_POINT ( 'NONE',  ( -13.38646216366368700, -3.477555676979774200, 23.02707477314376300 ) ) ;
#4238 = CARTESIAN_POINT ( 'NONE',  ( 10.24301031735963400, -3.445289113577133700, -78.23328417660602000 ) ) ;
#4239 = CARTESIAN_POINT ( 'NONE',  ( -2.551560972714160600, -0.5592765421640639700, 84.99571383175639000 ) ) ;
#4240 = CIRCLE ( 'NONE', #2037, 0.7499999999999997800 ) ;
#4241 = CARTESIAN_POINT ( 'NONE',  ( -5.500000000000000000, -3.500000000000000000, 101.5999999999999900 ) ) ;
#4242 = CARTESIAN_POINT ( 'NONE',  ( 6.556759420763041700, -3.447311715026180900, -96.76724192927586900 ) ) ;
#4243 = CARTESIAN_POINT ( 'NONE',  ( 6.318546232975025500, 0.9475206675808367500, 86.32170065376757900 ) ) ;
#4244 = CARTESIAN_POINT ( 'NONE',  ( 0.8369350787899848500, -0.6267259919649870200, -91.60000000000000900 ) ) ;
#4245 = CARTESIAN_POINT ( 'NONE',  ( -0.2578722279359448300, -2.091461178630876500, -99.85288951088232100 ) ) ;
#4246 = CARTESIAN_POINT ( 'NONE',  ( 7.674863301620990600, 1.341122117860140200, 70.42496488473321400 ) ) ;
#4247 = CARTESIAN_POINT ( 'NONE',  ( 10.90229518007885000, -1.459944882438274800, -35.00000000000002800 ) ) ;
#4248 = CARTESIAN_POINT ( 'NONE',  ( -6.184140123059984600, 1.552308680257471000, -80.95884489512198500 ) ) ;
#4249 = CARTESIAN_POINT ( 'NONE',  ( -11.91094975054133400, -3.511665730242716300, 70.13798802247397600 ) ) ;
#4250 = CARTESIAN_POINT ( 'NONE',  ( -6.114482050908494900, 0.2696579355849730300, -91.60000000000026400 ) ) ;
#4251 = CARTESIAN_POINT ( 'NONE',  ( 6.248688524436889900, 0.9754051228051946500, 86.31604888900467600 ) ) ;
#4252 = CARTESIAN_POINT ( 'NONE',  ( -5.500000000000000000, -3.500000000000000000, 101.5999999999999900 ) ) ;
#4253 = CARTESIAN_POINT ( 'NONE',  ( -6.556085136677299200, -0.2621500712806172900, -86.32659174099701700 ) ) ;
#4254 = CARTESIAN_POINT ( 'NONE',  ( -0.3964922264836423500, -1.713958022373678100, 91.59999999999998000 ) ) ;
#4255 = CARTESIAN_POINT ( 'NONE',  ( 3.630267525174327000, 0.2568862225799827300, 4.148575769901597700 ) ) ;
#4256 = CARTESIAN_POINT ( 'NONE',  ( 1.789553831184726300, -0.2535439637457045400, 95.37056205318251000 ) ) ;
#4257 = CARTESIAN_POINT ( 'NONE',  ( -1.411435737789017700, 0.4430318702753954200, 15.62139053613845300 ) ) ;
#4258 = CARTESIAN_POINT ( 'NONE',  ( 12.16160680492496500, -3.458145386200543100, -65.00000000000001400 ) ) ;
#4259 = CARTESIAN_POINT ( 'NONE',  ( -0.2805411814574738600, -0.4391429924732824800, 91.60000000000000900 ) ) ;
#4260 = CARTESIAN_POINT ( 'NONE',  ( -6.894561680724578400, -3.333436838767325700, 91.59999999999999400 ) ) ;
#4261 = CARTESIAN_POINT ( 'NONE',  ( 7.236995560273752100, -3.157766779282542600, -91.59999999999998000 ) ) ;
#4262 = CARTESIAN_POINT ( 'NONE',  ( 7.599751962634377000, 2.863524281417919600, 64.99999999999997200 ) ) ;
#4263 = CARTESIAN_POINT ( 'NONE',  ( 1.715789604167833300, 0.4586261559157099300, -78.92334292090511400 ) ) ;
#4264 = CARTESIAN_POINT ( 'NONE',  ( 5.500000000000000000, -3.500000000000000000, -101.5999999999999900 ) ) ;
#4265 = ORIENTED_EDGE ( 'NONE', *, *, #560, .T. ) ;
#4266 = CARTESIAN_POINT ( 'NONE',  ( 7.335949078964521400, 2.184587085928809000, 75.89769668342718500 ) ) ;
#4267 = CARTESIAN_POINT ( 'NONE',  ( 10.90229518007885200, -1.459944882438274800, -40.86192774581265000 ) ) ;
#4268 = CARTESIAN_POINT ( 'NONE',  ( -6.546525665001830400, 2.051057037844410800, -75.63442031950411600 ) ) ;
#4269 = CARTESIAN_POINT ( 'NONE',  ( -5.500005099422955000, 1.492001305332441700, 0.0000000000000000000 ) ) ;
#4270 = CARTESIAN_POINT ( 'NONE',  ( -6.566828066850008300, 1.601933981731048100, -81.04640833689943200 ) ) ;
#4271 = CARTESIAN_POINT ( 'NONE',  ( 6.957609688643654700, 2.653311606673002900, 70.37363580137024100 ) ) ;
#4272 = B_SPLINE_CURVE_WITH_KNOTS ( 'NONE', 3,
 ( #2933, #3332, #2064, #866 ),
 .UNSPECIFIED., .F., .F.,
 ( 4, 4 ),
 ( 0.0000000000000000000, 1.000000000000000000 ),
 .UNSPECIFIED. ) ;
#4273 = FACE_OUTER_BOUND ( 'NONE', #4854, .T. ) ;
#4274 = CARTESIAN_POINT ( 'NONE',  ( -7.621869045145825100, -3.455537981140254500, 91.93696825946224700 ) ) ;
#4275 = CARTESIAN_POINT ( 'NONE',  ( -7.400124871484538700, 1.443237217222281600, -65.00000000000000000 ) ) ;
#4276 = CARTESIAN_POINT ( 'NONE',  ( -1.320178658592967300, -1.198832758001511700, 85.00460573217831900 ) ) ;
#4277 = CARTESIAN_POINT ( 'NONE',  ( -0.5508116812163014200, -1.752031084320057100, 91.59999999999999400 ) ) ;
#4278 = CARTESIAN_POINT ( 'NONE',  ( 3.500103634515409300, 0.3890674239539849100, 91.59999999999998000 ) ) ;
#4279 = CARTESIAN_POINT ( 'NONE',  ( 11.90030361876833400, -3.460494181924651100, -70.28884426746479600 ) ) ;
#4280 = CARTESIAN_POINT ( 'NONE',  ( -3.243725878551087400, -0.07588453309606539600, 78.54072908368480900 ) ) ;
#4281 = VERTEX_POINT ( 'NONE', #3714 ) ;
#4282 = CARTESIAN_POINT ( 'NONE',  ( -5.500000000000000000, -3.500000000000000000, 101.5999999999999900 ) ) ;
#4283 = CARTESIAN_POINT ( 'NONE',  ( 5.500000000000000000, -3.500000000000000000, -101.5999999999999900 ) ) ;
#4284 = CARTESIAN_POINT ( 'NONE',  ( 7.129840948100037300, 2.634323737102044900, 70.40081065677524900 ) ) ;
#4285 = CARTESIAN_POINT ( 'NONE',  ( -0.4303031582508657900, 0.4014669507882640500, -85.42212010025598100 ) ) ;
#4286 = EDGE_LOOP ( 'NONE', ( #2149, #5136, #1563, #1185, #1061, #5293, #4338 ) ) ;
#4287 = CARTESIAN_POINT ( 'NONE',  ( -6.164800110518277700, -0.8371507394188374400, -91.59999999999999400 ) ) ;
#4288 = CARTESIAN_POINT ( 'NONE',  ( 7.180540068129263700, 0.5490270444688003500, 81.07192107918528700 ) ) ;
#4289 = DIRECTION ( 'NONE',  ( 0.0000000000000000000, -1.000000000000000000, 0.0000000000000000000 ) ) ;
#4290 = CARTESIAN_POINT ( 'NONE',  ( -3.944140319037300600, 0.9563297866297830700, -86.05185464210214300 ) ) ;
#4291 = CARTESIAN_POINT ( 'NONE',  ( -12.00305987693304200, -3.485423974475123600, 67.65033390789820100 ) ) ;
#4292 = CARTESIAN_POINT ( 'NONE',  ( -7.223349421064321000, 2.610235832997209700, -70.41265374612179100 ) ) ;
#4293 = CARTESIAN_POINT ( 'NONE',  ( 6.483144909201541900, 2.092968709196150200, 75.70687171689466800 ) ) ;
#4294 = VERTEX_POINT ( 'NONE', #3314 ) ;
#4295 = AXIS2_PLACEMENT_3D ( 'NONE', #3352, #489, #889 ) ;
#4296 = CARTESIAN_POINT ( 'NONE',  ( -7.353854001680362600, 1.411463800705353000, -65.00000000000000000 ) ) ;
#4297 = CARTESIAN_POINT ( 'NONE',  ( 5.090944714959140200, -0.4694860310435334800, 86.20699973526377800 ) ) ;
#4298 = CARTESIAN_POINT ( 'NONE',  ( -6.451009957655247500, -3.380820244756781900, 96.76943511553531600 ) ) ;
#4299 = CARTESIAN_POINT ( 'NONE',  ( 7.600764573663960600, -3.496610278181584000, -91.59999999999999400 ) ) ;
#4300 = CARTESIAN_POINT ( 'NONE',  ( -3.605931155248595800, 0.9726813750880400900, 68.21116085546610500 ) ) ;
#4301 = CARTESIAN_POINT ( 'NONE',  ( -5.946645014171371800, -3.097134829492069300, 91.60000000000000900 ) ) ;
#4302 = CARTESIAN_POINT ( 'NONE',  ( 5.500000000000000000, -3.500000000000000000, -101.5999999999999900 ) ) ;
#4303 = CARTESIAN_POINT ( 'NONE',  ( 6.040149985665302700, -0.2614064926106425300, -70.55424436417233400 ) ) ;
#4304 = CARTESIAN_POINT ( 'NONE',  ( 5.500000000000000000, -3.500000000000000000, -101.5999999999999900 ) ) ;
#4305 = CARTESIAN_POINT ( 'NONE',  ( 7.782795071043262100, 1.860406064698063800, 70.44715264414988100 ) ) ;
#4306 = CARTESIAN_POINT ( 'NONE',  ( 12.15459276052485800, -3.303364233875434300, -65.00000000000000000 ) ) ;
#4307 = CARTESIAN_POINT ( 'NONE',  ( -3.795104068402886700, 1.481755629168389800, -80.50370928420422000 ) ) ;
#4308 = CARTESIAN_POINT ( 'NONE',  ( -8.863150277198853300, -3.501002820499041300, 84.95388567777207800 ) ) ;
#4309 = CARTESIAN_POINT ( 'NONE',  ( -7.238187635783588400, 2.605121839420653900, -70.41436996283179900 ) ) ;
#4310 = CARTESIAN_POINT ( 'NONE',  ( 6.003952575724813600, 0.3651114665314460500, 91.60000000000029300 ) ) ;
#4311 = CARTESIAN_POINT ( 'NONE',  ( -7.047064359038182100, 0.2915741350477837300, -81.05318348199435300 ) ) ;
#4312 = CARTESIAN_POINT ( 'NONE',  ( -0.8431347878130017700, -1.061663178730185600, 85.09843044722774200 ) ) ;
#4313 = CARTESIAN_POINT ( 'NONE',  ( 5.496129928210492300, 1.385351436379871300, 0.2104710196305623900 ) ) ;
#4314 = CARTESIAN_POINT ( 'NONE',  ( -5.500000000000000000, -3.500000000000000000, 101.5999999999999900 ) ) ;
#4315 = EDGE_LOOP ( 'NONE', ( #3739, #3032 ) ) ;
#4316 = CARTESIAN_POINT ( 'NONE',  ( 11.81969559630438300, -3.503043152006073900, -70.34202773989282800 ) ) ;
#4317 = CARTESIAN_POINT ( 'NONE',  ( -5.162781236881126100, 0.3481630525693187300, 67.90072908368479400 ) ) ;
#4318 = DIRECTION ( 'NONE',  ( -0.0000000000000000000, -1.000000000000000000, -0.0000000000000000000 ) ) ;
#4319 = CARTESIAN_POINT ( 'NONE',  ( 5.500000000000000000, -3.500000000000000000, -101.5999999999999900 ) ) ;
#4320 = CARTESIAN_POINT ( 'NONE',  ( 4.969809633408057300, 0.1977891055578922300, -70.90586465312273400 ) ) ;
#4321 = CARTESIAN_POINT ( 'NONE',  ( 0.2498886735348620200, -2.505932417156091100, -99.30450648846338900 ) ) ;
#4322 = CARTESIAN_POINT ( 'NONE',  ( 7.164346274096275600, 1.113825823970976400, 81.08973523575090800 ) ) ;
#4323 = CARTESIAN_POINT ( 'NONE',  ( 13.26915514171067500, -3.492244288815582900, -35.00000000000000000 ) ) ;
#4324 = EDGE_CURVE ( 'NONE', #1822, #4656, #3921, .T. ) ;
#4325 = CARTESIAN_POINT ( 'NONE',  ( -2.891903937360320100, 1.408466340067337200, -80.28105014963637100 ) ) ;
#4326 = CARTESIAN_POINT ( 'NONE',  ( -7.586616055906825200, -3.499766933771923900, 91.59999999999999400 ) ) ;
#4327 = CARTESIAN_POINT ( 'NONE',  ( -7.599751962634377000, 2.863524281417919600, -64.99999999999997200 ) ) ;
#4328 = CARTESIAN_POINT ( 'NONE',  ( 6.028503396561559300, 1.020485860252361200, 86.29537498685428400 ) ) ;
#4329 = CARTESIAN_POINT ( 'NONE',  ( -7.202536935058660100, 0.9828916933844655800, -81.08815545950467700 ) ) ;
#4330 = CARTESIAN_POINT ( 'NONE',  ( -2.676801123231022500, 0.2745489856260103800, 71.12887899841656700 ) ) ;
#4331 = DIRECTION ( 'NONE',  ( 1.000000000000000000, 0.0000000000000000000, 0.0000000000000000000 ) ) ;
#4332 = CARTESIAN_POINT ( 'NONE',  ( -5.721416156616150800, -3.310948840702010500, 96.80783556360094600 ) ) ;
#4333 = CARTESIAN_POINT ( 'NONE',  ( 10.19454687923737000, -3.490452179159827300, -78.29408906791071800 ) ) ;
#4334 = CARTESIAN_POINT ( 'NONE',  ( -6.921543770171569900, -0.6865290751911890000, 70.35599623766505300 ) ) ;
#4335 = CARTESIAN_POINT ( 'NONE',  ( 0.0000000000000000000, -3.500000000000000000, -2.500000000000000000 ) ) ;
#4336 = CARTESIAN_POINT ( 'NONE',  ( 2.082061681108955800, -2.133749714706710200, -91.59999999999996600 ) ) ;
#4338 = ORIENTED_EDGE ( 'NONE', *, *, #4933, .T. ) ;
#4337 = CARTESIAN_POINT ( 'NONE',  ( 6.923282772886235400, -0.3249535840537120000, -65.00000000000000000 ) ) ;
#4339 = CARTESIAN_POINT ( 'NONE',  ( -7.575000000000000200, -3.400000000000000400, 91.59999999999999400 ) ) ;
#4340 = CARTESIAN_POINT ( 'NONE',  ( 7.230147019892015700, 2.258627208278180600, 75.89463540757986900 ) ) ;
#4341 = CARTESIAN_POINT ( 'NONE',  ( -0.8698980073923887600, 2.631800785235657500, -65.00000000000000000 ) ) ;
#4342 = EDGE_LOOP ( 'NONE', ( #3627, #5302, #1071, #2332, #5091, #4740, #4348, #3997 ) ) ;
#4343 = CIRCLE ( 'NONE', #2895, 5.500000000000000000 ) ;
#4344 = CARTESIAN_POINT ( 'NONE',  ( -7.557787587358974200, -3.498769530839275900, 91.59999999999999400 ) ) ;
#4345 = CARTESIAN_POINT ( 'NONE',  ( -6.488129778717199900, 2.236309692341624800, -75.77963198324610500 ) ) ;
#4346 = CARTESIAN_POINT ( 'NONE',  ( 6.540429727000076600, 2.051048481296022800, 75.64400218728909000 ) ) ;
#4347 = CARTESIAN_POINT ( 'NONE',  ( -7.668847182415285100, 1.403014359377056300, -75.86395098747186700 ) ) ;
#4348 = ORIENTED_EDGE ( 'NONE', *, *, #415, .F. ) ;
#4349 = CARTESIAN_POINT ( 'NONE',  ( 4.339636348825957100, -0.4182583733796581000, 86.10852631384699400 ) ) ;
#4350 = CARTESIAN_POINT ( 'NONE',  ( -5.502848388149580200, -3.258776249388292800, 96.83157208194253900 ) ) ;
#4351 = CARTESIAN_POINT ( 'NONE',  ( 10.12848473805956600, -3.500293691370864700, -78.31423102496661700 ) ) ;
#4352 = CARTESIAN_POINT ( 'NONE',  ( -6.928638289483606300, -0.5133160626245719700, 67.68251145703571600 ) ) ;
#4353 = CARTESIAN_POINT ( 'NONE',  ( 4.997049666523097700, -21.89768038953364400, 35.00000000000000000 ) ) ;
#4354 = CARTESIAN_POINT ( 'NONE',  ( 4.922925337314735500, -2.879584783408612100, -92.13703199600371400 ) ) ;
#4355 = CARTESIAN_POINT ( 'NONE',  ( 4.572254523256340500, -0.6428427282068833700, -78.33813125231266400 ) ) ;
#4356 = EDGE_CURVE ( 'NONE', #2774, #165, #216, .T. ) ;
#4357 = CARTESIAN_POINT ( 'NONE',  ( 7.797991517482529400, 2.080136669524498000, 65.00000000000002800 ) ) ;
#4358 = CARTESIAN_POINT ( 'NONE',  ( -12.04282393643056700, -3.495300514531104700, 65.00000000000000000 ) ) ;
#4359 = CARTESIAN_POINT ( 'NONE',  ( -5.499371842768467500, 1.453130053870948000, -0.08570260544238356100 ) ) ;
#4360 = CARTESIAN_POINT ( 'NONE',  ( -6.470006481749544800, 1.602739338024222100, -81.03209777800907400 ) ) ;
#4361 = CARTESIAN_POINT ( 'NONE',  ( 5.902346655604682200, 1.025198713462589100, 86.28210766068227100 ) ) ;
#4362 = AXIS2_PLACEMENT_3D ( 'NONE', #4371, #1517, #2286 ) ;
#4363 = CARTESIAN_POINT ( 'NONE',  ( -7.136612466117175500, 0.4393312363164232900, -81.06496488473307200 ) ) ;
#4364 = CARTESIAN_POINT ( 'NONE',  ( -0.9554873441741139600, -0.2846749504638596000, 78.88710329366605800 ) ) ;
#4365 = CARTESIAN_POINT ( 'NONE',  ( -5.500000000000000000, -3.500000000000000000, 101.5999999999999900 ) ) ;
#4366 = DIRECTION ( 'NONE',  ( 0.0000000000000000000, 1.000000000000000000, 0.0000000000000000000 ) ) ;
#4367 = CARTESIAN_POINT ( 'NONE',  ( -4.736484092474752200, -0.7191017572940284800, 78.32251145703573100 ) ) ;
#4368 = CARTESIAN_POINT ( 'NONE',  ( 0.0000000000000000000, 3.500000000000000000, -2.500000000000000000 ) ) ;
#4369 = CARTESIAN_POINT ( 'NONE',  ( -2.385398476338394000, -1.614645444064277000, -95.01857166327359000 ) ) ;
#4370 = CARTESIAN_POINT ( 'NONE',  ( 3.822171153515124600, -1.100629168772294700, -84.93493680762129800 ) ) ;
#4371 = CARTESIAN_POINT ( 'NONE',  ( 0.0000000000000000000, 3.500000000000000000, 0.0000000000000000000 ) ) ;
#4372 = ADVANCED_FACE ( 'NONE', ( #699 ), #5063, .T. ) ;
#4373 = CARTESIAN_POINT ( 'NONE',  ( 6.726014848362571500, 0.4514629572983406800, 86.34484343337811700 ) ) ;
#4374 = CARTESIAN_POINT ( 'NONE',  ( -5.343447216906693800, 0.8368971562719675900, -1.347716767606197200 ) ) ;
#4375 = CARTESIAN_POINT ( 'NONE',  ( -6.145900332168970700, 1.003344475910855000, -86.30681790068531700 ) ) ;
#4376 = CARTESIAN_POINT ( 'NONE',  ( 6.809729795724857500, 3.249999914761922500, 64.99999999999997200 ) ) ;
#4377 = CARTESIAN_POINT ( 'NONE',  ( 6.535346467878443200, 0.7928813756407284700, 70.32049127167033500 ) ) ;
#4378 = APPROVAL_ROLE ( '' ) ;
#4379 = CARTESIAN_POINT ( 'NONE',  ( -7.569629221911583300, -3.504677565909957600, 91.93723738121686000 ) ) ;
#4380 = ORIENTED_EDGE ( 'NONE', *, *, #1498, .F. ) ;
#4381 = CARTESIAN_POINT ( 'NONE',  ( 7.312499999999928100, 5.500000000000001800, 35.00000000000000000 ) ) ;
#4382 = CARTESIAN_POINT ( 'NONE',  ( -6.810960814395602200, -0.6310940460536120800, 70.37525518175421300 ) ) ;
#4383 = CARTESIAN_POINT ( 'NONE',  ( -12.65598953907062100, -3.493772401673344200, 52.50208787477462400 ) ) ;
#4384 = CARTESIAN_POINT ( 'NONE',  ( -12.86267587340760000, -3.263362047041262800, 35.00000000000000000 ) ) ;
#4385 = CARTESIAN_POINT ( 'NONE',  ( 1.703115776826649400, -0.9541274874104979100, -91.59999999999998000 ) ) ;
#4386 = CARTESIAN_POINT ( 'NONE',  ( 0.002753594491033961600, -2.458931589830675600, 99.43733406778260100 ) ) ;
#4387 = CARTESIAN_POINT ( 'NONE',  ( 7.709352251312362000, 2.148783166107241600, 70.44958147240132000 ) ) ;
#4388 = CARTESIAN_POINT ( 'NONE',  ( 0.5508116812163014200, -1.752031084320057100, -91.59999999999999400 ) ) ;
#4389 = AXIS2_PLACEMENT_3D ( 'NONE', #4962, #3676, #1605 ) ;
#4390 = CARTESIAN_POINT ( 'NONE',  ( -4.499012324611739700, 0.3948857285778399900, -3.169233004759167900 ) ) ;
#4391 = CARTESIAN_POINT ( 'NONE',  ( -6.471902465956846500, 2.144984873022814000, -75.73823792957206500 ) ) ;
#4392 = CARTESIAN_POINT ( 'NONE',  ( 5.978753288636692500, 1.023511695293171300, 86.29036276801043900 ) ) ;
#4393 = EDGE_LOOP ( 'NONE', ( #21, #1682, #3849, #4797, #4741, #3446, #4970, #931, #2398, #2778 ) ) ;
#4394 = CARTESIAN_POINT ( 'NONE',  ( 5.580948303767071300, -0.9999817380565414500, 91.59999999999998000 ) ) ;
#4395 = CARTESIAN_POINT ( 'NONE',  ( 2.235983043761152100, -0.08827933499768164700, 5.028192898475930800 ) ) ;
#4396 = CARTESIAN_POINT ( 'NONE',  ( 5.566735720207312000, 0.4999544664041345500, 91.59999999999999400 ) ) ;
#4397 = CARTESIAN_POINT ( 'NONE',  ( -7.326638908209793600, -0.8912444047144534300, 70.29274089193096100 ) ) ;
#4398 = CYLINDRICAL_SURFACE ( 'NONE', #1809, 2.500000000000000000 ) ;
#4399 = CARTESIAN_POINT ( 'NONE',  ( 7.191343599440116000, -1.556214409828279100, -70.35092256225625800 ) ) ;
#4400 = CARTESIAN_POINT ( 'NONE',  ( -5.175315884351128700, -0.1696569241813815600, -98.38101291942410900 ) ) ;
#4401 = CARTESIAN_POINT ( 'NONE',  ( 1.562093928767093600, -0.8979713550837173900, -91.60000000000000900 ) ) ;
#4402 = CIRCLE ( 'NONE', #903, 5.500000000000000000 ) ;
#4403 = CARTESIAN_POINT ( 'NONE',  ( 7.113203681229541600, 2.319648816655895300, 75.88913746409774300 ) ) ;
#4404 = CARTESIAN_POINT ( 'NONE',  ( -2.710505431213761100E-016, 2.034576191987957500, -5.500000000000000000 ) ) ;
#4405 = CARTESIAN_POINT ( 'NONE',  ( -3.344236968940117000, 0.1987054267546621300, -4.381955201687623500 ) ) ;
#4406 = CARTESIAN_POINT ( 'NONE',  ( -7.395628286798579900, 3.061232860018361800, -64.99999999999997200 ) ) ;
#4407 = CARTESIAN_POINT ( 'NONE',  ( 6.455765010365214000, 3.249934268025708000, 64.99999999999997200 ) ) ;
#4408 = ORIENTED_EDGE ( 'NONE', *, *, #4961, .F. ) ;
#4409 = CARTESIAN_POINT ( 'NONE',  ( 6.533027427128313700, 0.3029253424768124100, 75.65300821239624400 ) ) ;
#4410 = CARTESIAN_POINT ( 'NONE',  ( -1.611995560391069600, -0.9178426209007341000, 91.59999999999999400 ) ) ;
#4411 = DIRECTION ( 'NONE',  ( -0.0000000000000000000, -1.000000000000000000, -0.0000000000000000000 ) ) ;
#4412 = CARTESIAN_POINT ( 'NONE',  ( -9.582292136618200100, -1.949647561176319100, 67.54701539812400300 ) ) ;
#4413 = ORIENTED_EDGE ( 'NONE', *, *, #1730, .F. ) ;
#4414 = CARTESIAN_POINT ( 'NONE',  ( 9.582646131356030500, -2.489814680665105100, -67.67617192440614800 ) ) ;
#4415 = CARTESIAN_POINT ( 'NONE',  ( 0.0000000000000000000, 3.500000000000000000, 0.0000000000000000000 ) ) ;
#4416 = CARTESIAN_POINT ( 'NONE',  ( 12.06340006411512000, -3.413562894670909600, -70.11649881232453700 ) ) ;
#4417 = EDGE_CURVE ( 'NONE', #2598, #3046, #4524, .T. ) ;
#4418 = CARTESIAN_POINT ( 'NONE',  ( 7.739481818608713800, 3.033438695126689400, 45.03633987025011000 ) ) ;
#4419 = CARTESIAN_POINT ( 'NONE',  ( -5.390149825241728400, -3.433084091957305400, 1.101084472886060700 ) ) ;
#4420 = CARTESIAN_POINT ( 'NONE',  ( 7.585742427479402700, 2.359498728389946000, 70.44498772180637000 ) ) ;
#4421 = CARTESIAN_POINT ( 'NONE',  ( -4.653039776035336100, 0.4131993951354069300, -2.933940741817871800 ) ) ;
#4422 = CARTESIAN_POINT ( 'NONE',  ( 0.5147035671199506900, -1.743056470771144000, -91.59999999999998000 ) ) ;
#4423 = CARTESIAN_POINT ( 'NONE',  ( 5.373220580735140800, 0.4977957292524653500, 91.60000000000000900 ) ) ;
#4424 = CARTESIAN_POINT ( 'NONE',  ( 6.578069617372726400, 0.7854856949547166500, 70.32444776770246600 ) ) ;
#4425 = CARTESIAN_POINT ( 'NONE',  ( -5.500000000000000000, -3.500000000000000000, 101.5999999999999900 ) ) ;
#4426 = CARTESIAN_POINT ( 'NONE',  ( -5.914071641693515100, 5.500000000000001800, -45.05079490154284400 ) ) ;
#4427 = CARTESIAN_POINT ( 'NONE',  ( -3.493327946877204500, -1.667005618690661400, 91.60000000000000900 ) ) ;
#4428 = B_SPLINE_CURVE_WITH_KNOTS ( 'NONE', 3,
 ( #1648, #1256, #4205, #1275 ),
 .UNSPECIFIED., .F., .F.,
 ( 4, 4 ),
 ( 0.02451514697369290900, 1.000000000000000000 ),
 .UNSPECIFIED. ) ;
#4429 = CARTESIAN_POINT ( 'NONE',  ( 6.131833922525300900, -3.143299764326104000, -91.60000000000003700 ) ) ;
#4430 = CARTESIAN_POINT ( 'NONE',  ( 0.04664824619674337600, -1.868037089616290300, -100.0101994566949300 ) ) ;
#4431 = CARTESIAN_POINT ( 'NONE',  ( 8.952574744826916800, -3.330604620708195200, -84.89898123214487700 ) ) ;
#4432 = CARTESIAN_POINT ( 'NONE',  ( -5.492100352882647300, -3.188670276278762200, 0.3197656788274306200 ) ) ;
#4433 = CARTESIAN_POINT ( 'NONE',  ( 6.324795138522893500, -0.2687747765229471200, 91.59999999999996600 ) ) ;
#4434 = CARTESIAN_POINT ( 'NONE',  ( -5.718242077460877800, 1.441093611720883200, -65.00000000000000000 ) ) ;
#4435 = CARTESIAN_POINT ( 'NONE',  ( 1.564813206681407600, -1.273630286040872100, -84.95629699199172100 ) ) ;
#4436 = CARTESIAN_POINT ( 'NONE',  ( 6.601680665506458800, 0.3040364376700361900, 75.66272048376394800 ) ) ;
#4437 = CARTESIAN_POINT ( 'NONE',  ( -4.042823936348948900, 0.04683820488519256600, 65.00000000000000000 ) ) ;
#4438 = CARTESIAN_POINT ( 'NONE',  ( -13.36243348000059700, -3.501910596087584700, 34.99999999999994300 ) ) ;
#4439 = CARTESIAN_POINT ( 'NONE',  ( -11.38597746386010100, -2.947407674057680400, 67.51214096324061100 ) ) ;
#4440 = CARTESIAN_POINT ( 'NONE',  ( -7.205509932403297800, 0.6483707540039165300, -81.07707583891962600 ) ) ;
#4441 = EDGE_CURVE ( 'NONE', #3025, #1316, #4763, .T. ) ;
#4442 = CARTESIAN_POINT ( 'NONE',  ( 5.761298375246422400, -0.7140461511498397100, -64.99999999999998600 ) ) ;
#4443 = CARTESIAN_POINT ( 'NONE',  ( 12.04282393643056700, -3.495300514531105100, -65.00000000000000000 ) ) ;
#4444 = CARTESIAN_POINT ( 'NONE',  ( 7.626439631325698800, -2.731063467994643300, -84.87123564241245800 ) ) ;
#4445 = CARTESIAN_POINT ( 'NONE',  ( -12.72778490315996400, -3.187407010529113500, 40.22037967124438800 ) ) ;
#4446 = CARTESIAN_POINT ( 'NONE',  ( -0.9536224655274729800, 1.225440209199033500, 5.417406191834065700 ) ) ;
#4447 = CARTESIAN_POINT ( 'NONE',  ( 7.115691123965842000, 2.318315128689098200, 75.88930934396849200 ) ) ;
#4448 = DIRECTION ( 'NONE',  ( 0.0000000000000000000, 1.000000000000000000, 0.0000000000000000000 ) ) ;
#4449 = AXIS2_PLACEMENT_3D ( 'NONE', #2144, #5033, #848 ) ;
#4450 = ORIENTED_EDGE ( 'NONE', *, *, #1498, .T. ) ;
#4451 = CARTESIAN_POINT ( 'NONE',  ( 8.813313340328031500, 0.06572055313576348500, -42.25315435262296400 ) ) ;
#4452 = CYLINDRICAL_SURFACE ( 'NONE', #1355, 5.500000000000000000 ) ;
#4453 = CARTESIAN_POINT ( 'NONE',  ( 7.233200209031307900, 1.343124616011312800, 65.00000000000000000 ) ) ;
#4454 = CARTESIAN_POINT ( 'NONE',  ( -5.500000000000000000, -3.500000000000000000, 101.5999999999999900 ) ) ;
#4455 = CARTESIAN_POINT ( 'NONE',  ( -5.914071641693516000, 5.500000000000001800, -35.00000000000000000 ) ) ;
#4456 = CARTESIAN_POINT ( 'NONE',  ( -4.998531811533817800, -1.601132867192234200, 84.90838864676324200 ) ) ;
#4457 = CARTESIAN_POINT ( 'NONE',  ( -6.299913725351233400, -0.4444001595011705700, -91.59999999999985200 ) ) ;
#4458 = CARTESIAN_POINT ( 'NONE',  ( 5.175255267363547200, 3.444511200154714900, 10.55173538362115000 ) ) ;
#4459 = ORIENTED_EDGE ( 'NONE', *, *, #2442, .F. ) ;
#4460 = ORIENTED_EDGE ( 'NONE', *, *, #4211, .T. ) ;
#4461 = CARTESIAN_POINT ( 'NONE',  ( 4.042824686188778200, 0.04683787287838525600, -65.00000000000000000 ) ) ;
#4462 = CARTESIAN_POINT ( 'NONE',  ( -6.626635759677442100, 0.7804780039836859400, -70.32896420320452100 ) ) ;
#4463 = CARTESIAN_POINT ( 'NONE',  ( 5.401643454997826100, 2.056579181121865200, 5.464696221094448500 ) ) ;
#4464 = CARTESIAN_POINT ( 'NONE',  ( 12.13223443660643100, -3.290641616042996100, -65.00000000000000000 ) ) ;
#4465 = CARTESIAN_POINT ( 'NONE',  ( -6.912105526788550100, 2.654280857868339900, -70.36527011294697300 ) ) ;
#4466 = CARTESIAN_POINT ( 'NONE',  ( -1.462926102187331200, 0.6809640227196338500, 5.313244709761314700 ) ) ;
#4467 = CARTESIAN_POINT ( 'NONE',  ( 6.566828066850008300, 1.601933981731048100, 81.04640833689943200 ) ) ;
#4468 = CARTESIAN_POINT ( 'NONE',  ( -2.590204796240931400, -0.7987684386529359000, 78.31033712664007900 ) ) ;
#4469 = CARTESIAN_POINT ( 'NONE',  ( -8.092664131300974600, 2.735701323569667700, -55.02815715864551300 ) ) ;
#4470 = CARTESIAN_POINT ( 'NONE',  ( 7.312499999999926300, -21.11747082298127500, 35.00000000000000000 ) ) ;
#4471 = CARTESIAN_POINT ( 'NONE',  ( 6.713371055153766400, 1.254857158222269600, 64.99999999999998600 ) ) ;
#4472 = CARTESIAN_POINT ( 'NONE',  ( 3.418959789684481400, -2.537777229246541900, 0.0000000000000000000 ) ) ;
#4473 = ADVANCED_FACE ( 'NONE', ( #4489 ), #1504, .T. ) ;
#4474 = CARTESIAN_POINT ( 'NONE',  ( -13.41013580006597300, -3.291519326522031700, 40.00361683776478100 ) ) ;
#4475 = CARTESIAN_POINT ( 'NONE',  ( -9.847203325464706200, -2.197763591662127900, 70.02989909491600400 ) ) ;
#4476 = CARTESIAN_POINT ( 'NONE',  ( -7.712816961465055200, 2.141033715012869500, -70.44963910048619500 ) ) ;
#4477 = CARTESIAN_POINT ( 'NONE',  ( -6.718973794289101200, 0.7754125465397886400, -70.33708468698097200 ) ) ;
#4478 = CARTESIAN_POINT ( 'NONE',  ( -8.635008004818004700, -0.8828271103404621300, 23.20770073081612500 ) ) ;
#4479 = CARTESIAN_POINT ( 'NONE',  ( 6.375430688691025700, -2.814684117984775500, -91.60000000000003700 ) ) ;
#4480 = DIRECTION ( 'NONE',  ( 1.000000000000000000, 0.0000000000000000000, 0.0000000000000000000 ) ) ;
#4481 = EDGE_CURVE ( 'NONE', #3498, #3125, #4027, .T. ) ;
#4482 = CALENDAR_DATE ( 2016, 29, 7 ) ;
#4483 = CARTESIAN_POINT ( 'NONE',  ( -0.4861509506967343100, 2.597976161845658700, 34.99999999999999300 ) ) ;
#4484 = CARTESIAN_POINT ( 'NONE',  ( -5.498464029802058000, -3.223514804799417100, 0.1336222005176074300 ) ) ;
#4485 = CARTESIAN_POINT ( 'NONE',  ( 6.223487658879244000, 0.1271022182066587900, 91.60000000000019300 ) ) ;
#4486 = DIRECTION ( 'NONE',  ( 0.0000000000000000000, 1.000000000000000000, -0.0000000000000000000 ) ) ;
#4487 = CARTESIAN_POINT ( 'NONE',  ( -8.467531161739978900, 4.810201473950261400, -35.00000000000002800 ) ) ;
#4488 = CARTESIAN_POINT ( 'NONE',  ( 3.936494959300416600, -0.1933102078443932600, -70.34135006407326800 ) ) ;
#4489 = FACE_OUTER_BOUND ( 'NONE', #5235, .T. ) ;
#4490 = CARTESIAN_POINT ( 'NONE',  ( 5.684845500821242400, -0.9920000778399279400, 91.59999999999990900 ) ) ;
#4491 = CARTESIAN_POINT ( 'NONE',  ( 11.96426923553686100, -2.757483048195332300, -23.08157454901314400 ) ) ;
#4492 = CARTESIAN_POINT ( 'NONE',  ( 13.38622377657985900, -3.274055437160718500, -35.00000000000000000 ) ) ;
#4493 = CARTESIAN_POINT ( 'NONE',  ( -12.17712268095105800, -3.342739053428265700, 65.00000000000000000 ) ) ;
#4494 = CARTESIAN_POINT ( 'NONE',  ( -6.324582636386352000, -0.2756453762229534300, -91.59999999999996600 ) ) ;
#4495 = CARTESIAN_POINT ( 'NONE',  ( -5.500000000000000000, -3.500000000000000000, 101.5999999999999900 ) ) ;
#4496 = CARTESIAN_POINT ( 'NONE',  ( -6.713371055153766400, 1.254857158222269600, -64.99999999999998600 ) ) ;
#4497 = CARTESIAN_POINT ( 'NONE',  ( -10.32062157405203400, -1.831970258777327700, 35.00000000000000000 ) ) ;
#4498 = CARTESIAN_POINT ( 'NONE',  ( 10.29298231911951200, -3.365499198823409100, -78.19846129354675700 ) ) ;
#4499 = CARTESIAN_POINT ( 'NONE',  ( 5.970799470778768400, 3.113919911072501500, 35.00000000000000000 ) ) ;
#4500 = CARTESIAN_POINT ( 'NONE',  ( -1.906508406157840600, 0.1498497930718353200, -91.59999999999996600 ) ) ;
#4501 = CARTESIAN_POINT ( 'NONE',  ( 6.109327205984086200, 0.2749533995893548300, 91.60000000000026400 ) ) ;
#4502 = CARTESIAN_POINT ( 'NONE',  ( -1.378307846065301800, 2.414775042353970700, -7.192876580974879800 ) ) ;
#4503 = CARTESIAN_POINT ( 'NONE',  ( -8.208273516211974700, 3.323024600393545700, -35.00000000000002800 ) ) ;
#4504 = CARTESIAN_POINT ( 'NONE',  ( 2.338489481204369300, 0.5363426728578472000, -68.17364871362056500 ) ) ;
#4505 = CARTESIAN_POINT ( 'NONE',  ( 6.692734912096676100, -0.02315658714890818400, 81.01466977901910100 ) ) ;
#4506 = CARTESIAN_POINT ( 'NONE',  ( 11.96426923553686100, -2.757483048195332300, -35.00000000000000700 ) ) ;
#4507 = CARTESIAN_POINT ( 'NONE',  ( -6.720080964447257400, 2.650198303783706200, -70.32635275645427000 ) ) ;
#4508 = CARTESIAN_POINT ( 'NONE',  ( -12.13920569160297400, -3.295081517450658900, 65.00000000000000000 ) ) ;
#4509 = CARTESIAN_POINT ( 'NONE',  ( -7.123426921110452200, 2.314653353606155300, -75.88976217538969100 ) ) ;
#4510 = ORIENTED_EDGE ( 'NONE', *, *, #4511, .T. ) ;
#4511 = EDGE_CURVE ( 'NONE', #4071, #1899, #2293, .T. ) ;
#4512 = CARTESIAN_POINT ( 'NONE',  ( -7.269155141710674800, -0.1137363113263521500, 35.00000000000000000 ) ) ;
#4513 = CARTESIAN_POINT ( 'NONE',  ( -5.921445616181299200, -0.5609192977905072000, -86.28561032742626900 ) ) ;
#4514 = CARTESIAN_POINT ( 'NONE',  ( -1.564813206681407600, -1.273630286040872100, 84.95629699199172100 ) ) ;
#4515 = CARTESIAN_POINT ( 'NONE',  ( -2.639751221370270100, -2.150212758095498600, 0.0000000000000000000 ) ) ;
#4516 = CARTESIAN_POINT ( 'NONE',  ( -1.419085416410033300, 4.061546986379974000, 34.99999999999999300 ) ) ;
#4517 = CARTESIAN_POINT ( 'NONE',  ( 7.663961752398668300, -3.355523901087058100, -91.60000000000000900 ) ) ;
#4518 = CARTESIAN_POINT ( 'NONE',  ( -7.874031562348395000, -0.4543329467462974300, 42.34747105268888800 ) ) ;
#4519 = CIRCLE ( 'NONE', #444, 19.99999999999999600 ) ;
#4520 = CARTESIAN_POINT ( 'NONE',  ( -1.316009499132770000, 1.071348460612802100, 65.00000000000005700 ) ) ;
#4521 = CARTESIAN_POINT ( 'NONE',  ( 5.500000000000000000, -3.500000000000000000, -101.5999999999999900 ) ) ;
#4522 = CARTESIAN_POINT ( 'NONE',  ( 6.338077636417046400, 0.9384436906602012800, 86.32320416844984800 ) ) ;
#4523 = CARTESIAN_POINT ( 'NONE',  ( 5.508302296235712000, -3.199822055969844900, -23.93804279555126900 ) ) ;
#4524 = B_SPLINE_CURVE_WITH_KNOTS ( 'NONE', 3,
 ( #4269, #1806, #1549, #2779, #1487, #4359, #3529, #1535, #716, #5256, #2748, #1124, #276, #4374, #3184, #5213, #293, #1092, #1501, #1107, #4421, #4390, #704, #4808, #3579, #1074, #4405, #1941, #1895, #4822, #4778, #320, #3974, #3989, #2353, #1520 ),
 .UNSPECIFIED., .F., .F.,
 ( 4, 2, 2, 2, 2, 2, 2, 2, 2, 2, 2, 2, 2, 2, 2, 2, 2, 4 ),
 ( 0.0000000000000000000, 3.523397945295991900E-005, 7.046795890591983900E-005, 0.0001409359178118397000, 0.0002818718356236797300, 0.0005637436712473594700, 0.001127487342494719400, 0.002254974684989438700, 0.002818718356236798300, 0.003100590191860478300, 0.003382462027484157900, 0.003946205698731517500, 0.004509949369978877500, 0.005637436712473599200, 0.006201180383720958400, 0.006764924054968317500, 0.007892411397463036700, 0.009019898739957756700 ),
 .UNSPECIFIED. ) ;
#4525 = CARTESIAN_POINT ( 'NONE',  ( 5.500000000000000000, -3.500000000000000000, -101.5999999999999900 ) ) ;
#4526 = CARTESIAN_POINT ( 'NONE',  ( 0.1152085646189070800, -0.8761921930293372600, -85.24355164683302600 ) ) ;
#4527 = ORIENTED_EDGE ( 'NONE', *, *, #3969, .T. ) ;
#4528 = CARTESIAN_POINT ( 'NONE',  ( 7.175992699332614900, 1.318462426678195900, 65.00000000000000000 ) ) ;
#4529 = CARTESIAN_POINT ( 'NONE',  ( -3.244611189179100700, -16.41199800218667400, -65.00000000000000000 ) ) ;
#4530 = CARTESIAN_POINT ( 'NONE',  ( -7.229627376357832700, 3.159804358365207600, -65.00000000000000000 ) ) ;
#4531 = ORIENTED_EDGE ( 'NONE', *, *, #3209, .T. ) ;
#4532 = CARTESIAN_POINT ( 'NONE',  ( -7.624713572301971900, -3.313188991217029600, 91.60000000000000900 ) ) ;
#4533 = CARTESIAN_POINT ( 'NONE',  ( -7.138662578550427200, 2.307607740141465000, -75.89057819754329200 ) ) ;
#4534 = DIRECTION ( 'NONE',  ( -1.000000000000000000, 0.0000000000000000000, 0.0000000000000000000 ) ) ;
#4535 = CARTESIAN_POINT ( 'NONE',  ( -5.863656282095479200, -0.5590358093279599300, -86.28152287827065000 ) ) ;
#4536 = CARTESIAN_POINT ( 'NONE',  ( -2.939528488548233600, 3.018642228183911100, -4.671985586325110500 ) ) ;
#4537 = CARTESIAN_POINT ( 'NONE',  ( 4.887793014709653300, 0.3980046945130480400, 5.598203160062026600 ) ) ;
#4538 = CARTESIAN_POINT ( 'NONE',  ( 1.378307846065301800, 2.414775042353970700, 7.192876580974879800 ) ) ;
#4539 = CARTESIAN_POINT ( 'NONE',  ( 12.13920569160297400, -3.295081517450658900, -65.00000000000000000 ) ) ;
#4540 = CARTESIAN_POINT ( 'NONE',  ( -4.140803634213592800, 1.470674568676444400, 35.00000000000001400 ) ) ;
#4541 = CARTESIAN_POINT ( 'NONE',  ( 4.424495561535934500, -2.037804700582602500, -91.59999999999996600 ) ) ;
#4542 = CARTESIAN_POINT ( 'NONE',  ( 6.486485498034770800, 0.8423876710991987600, 86.33350458533139700 ) ) ;
#4543 = CARTESIAN_POINT ( 'NONE',  ( 11.11302621422801600, -1.613850028421954400, -22.99238707864483900 ) ) ;
#4544 = CARTESIAN_POINT ( 'NONE',  ( -4.450010134575926200, -0.1705472125655154700, -97.49799919643973600 ) ) ;
#4545 = CARTESIAN_POINT ( 'NONE',  ( -0.7250702149362999700, -1.467709435594815000, -91.60000000000000900 ) ) ;
#4546 = CARTESIAN_POINT ( 'NONE',  ( 7.037365808074919300, 0.2775330453237356800, 81.05196326884707500 ) ) ;
#4547 = CARTESIAN_POINT ( 'NONE',  ( -7.405865196312994700, 2.986840821713614400, -23.26270183871196200 ) ) ;
#4548 = CARTESIAN_POINT ( 'NONE',  ( -6.868594179606672500, 2.653958671395515000, -70.35687234300580400 ) ) ;
#4549 = CARTESIAN_POINT ( 'NONE',  ( -10.28121445447066100, -3.416513667889532700, 78.20524795891697100 ) ) ;
#4550 = CARTESIAN_POINT ( 'NONE',  ( -7.704667129717945400, 2.159054890617972500, -70.44949643050296100 ) ) ;
#4551 = FACE_OUTER_BOUND ( 'NONE', #4052, .T. ) ;
#4552 = DIRECTION ( 'NONE',  ( 1.000000000000000000, 0.0000000000000000000, 0.0000000000000000000 ) ) ;
#4553 = CARTESIAN_POINT ( 'NONE',  ( -6.960169888161888500, 0.1808461862446944500, -81.04270111377657300 ) ) ;
#4554 = CARTESIAN_POINT ( 'NONE',  ( -1.681849624247868200, 2.800057761508612900, -5.255530329726299900 ) ) ;
#4555 = CARTESIAN_POINT ( 'NONE',  ( 7.312499999999926300, 5.500000000000005300, 35.00000000000000000 ) ) ;
#4556 = CARTESIAN_POINT ( 'NONE',  ( -6.751226088784453500, -3.297705334542096800, 91.59999999999999400 ) ) ;
#4557 = CARTESIAN_POINT ( 'NONE',  ( 2.549476680035415400, 2.733200515065060900, 0.0000000000000000000 ) ) ;
#4558 = CARTESIAN_POINT ( 'NONE',  ( 7.652957546982749500, -3.337471884920913300, -91.60000000000000900 ) ) ;
#4559 = CARTESIAN_POINT ( 'NONE',  ( 1.224754911738876500, 1.788146781834018700, 73.78264846993040700 ) ) ;
#4560 = AXIS2_PLACEMENT_3D ( 'NONE', #4988, #447, #3272 ) ;
#4561 = CARTESIAN_POINT ( 'NONE',  ( 5.500000000000000000, -3.500000000000000000, -101.5999999999999900 ) ) ;
#4562 = CARTESIAN_POINT ( 'NONE',  ( 6.490216312197436100, 2.241868967693481500, 75.78190063152148100 ) ) ;
#4563 = CARTESIAN_POINT ( 'NONE',  ( -7.312499999999928100, 5.500000000000001800, -35.00000000000000000 ) ) ;
#4564 = CARTESIAN_POINT ( 'NONE',  ( -3.248666096487583800, -0.09638074286544820500, -96.66333298583774100 ) ) ;
#4565 = CARTESIAN_POINT ( 'NONE',  ( 3.575198992685486600, 0.09187056109056887500, -67.80050017507353700 ) ) ;
#4566 = ORIENTED_EDGE ( 'NONE', *, *, #4356, .T. ) ;
#4567 = CARTESIAN_POINT ( 'NONE',  ( 5.500000000000000000, -3.500000000000000000, -101.5999999999999900 ) ) ;
#4568 = CARTESIAN_POINT ( 'NONE',  ( 6.556085136677299200, -0.2621500712806172900, 86.32659174099701700 ) ) ;
#4569 = CARTESIAN_POINT ( 'NONE',  ( -8.472911638776375700, 3.713797404061414100, -23.25790015865194600 ) ) ;
#4570 = CARTESIAN_POINT ( 'NONE',  ( -6.280639794722218600, 1.568047104868194500, -80.99074997370839000 ) ) ;
#4571 = CARTESIAN_POINT ( 'NONE',  ( -10.28488487955921100, -3.410728668850930400, 78.20360674686470800 ) ) ;
#4572 = CARTESIAN_POINT ( 'NONE',  ( -7.808800537980612700, 2.377205253589175900, -64.99999999999997200 ) ) ;
#4573 = CARTESIAN_POINT ( 'NONE',  ( -5.500000000000000000, -3.500000000000000000, 101.5999999999999900 ) ) ;
#4574 = CARTESIAN_POINT ( 'NONE',  ( -5.684845500821242400, -0.9920000778399279400, -91.59999999999990900 ) ) ;
#4575 = CARTESIAN_POINT ( 'NONE',  ( 5.499331882033201800, -3.232506869414817400, -0.08711627934964023800 ) ) ;
#4576 = CARTESIAN_POINT ( 'NONE',  ( 7.754760987370175900, 5.447362335066740600, 34.99999999999999300 ) ) ;
#4577 = CARTESIAN_POINT ( 'NONE',  ( 7.660525982613998000, -3.348687647808161700, -91.60000000000000900 ) ) ;
#4578 = CARTESIAN_POINT ( 'NONE',  ( 5.587118221058632100, 2.648215097801457600, 70.18057983664458300 ) ) ;
#4579 = ORIENTED_EDGE ( 'NONE', *, *, #3118, .T. ) ;
#4580 = CARTESIAN_POINT ( 'NONE',  ( 7.608088133981962800, -3.407769510147216100, -91.93383194445166900 ) ) ;
#4581 = CARTESIAN_POINT ( 'NONE',  ( 13.41771719429915600, -3.297056316320183800, -23.03645053938556600 ) ) ;
#4582 = CARTESIAN_POINT ( 'NONE',  ( 1.400444876332448400, -1.490975019170152300, -5.326060683695746300 ) ) ;
#4583 = CARTESIAN_POINT ( 'NONE',  ( 0.2974673060341009900, -0.9195402882924373900, -85.20682435681028700 ) ) ;
#4584 = CARTESIAN_POINT ( 'NONE',  ( 5.500000000000000000, -3.500000000000000000, -101.5999999999999900 ) ) ;
#4585 = ORIENTED_EDGE ( 'NONE', *, *, #3560, .T. ) ;
#4586 = CARTESIAN_POINT ( 'NONE',  ( 7.598584155110677900, 1.038215962506129600, 75.82823995624487200 ) ) ;
#4587 = CARTESIAN_POINT ( 'NONE',  ( -7.127574927743416400, 3.200403435401751700, -65.00000000000000000 ) ) ;
#4588 = CARTESIAN_POINT ( 'NONE',  ( -7.674566404867358700, -3.397481256814082000, 91.60000000000002300 ) ) ;
#4589 = CARTESIAN_POINT ( 'NONE',  ( -7.282946314946333800, 2.588321695835204200, -70.41940348444075000 ) ) ;
#4590 = EDGE_CURVE ( 'NONE', #4207, #3791, #2627, .T. ) ;
#4591 = FACE_BOUND ( 'NONE', #4315, .T. ) ;
#4592 = CARTESIAN_POINT ( 'NONE',  ( 4.905262923823018500, -0.09214121221553189800, 98.33504544664333500 ) ) ;
#4593 = CARTESIAN_POINT ( 'NONE',  ( -7.275424440632773900, 0.5375576309081008300, -75.75597131325396600 ) ) ;
#4594 = CARTESIAN_POINT ( 'NONE',  ( 8.832734828260328200, -3.496675217658396000, -84.95874026601454400 ) ) ;
#4595 = CARTESIAN_POINT ( 'NONE',  ( 0.4121948632603468200, 1.740782857215374100, -5.487717199499326300 ) ) ;
#4596 = DIRECTION ( 'NONE',  ( 0.0000000000000000000, 0.0000000000000000000, -1.000000000000000000 ) ) ;
#4597 = CARTESIAN_POINT ( 'NONE',  ( -9.023700618805493800, -0.08793353458758543200, 34.99999999999999300 ) ) ;
#4598 = CARTESIAN_POINT ( 'NONE',  ( 12.04091100025431200, -3.441830638634747700, -67.60260835014685200 ) ) ;
#4599 = CARTESIAN_POINT ( 'NONE',  ( 3.920889111771626900, 2.021256488415351400, 74.86876329537159300 ) ) ;
#4600 = CARTESIAN_POINT ( 'NONE',  ( 5.500000000000000000, -3.500000000000000000, -101.5999999999999900 ) ) ;
#4601 = VERTEX_POINT ( 'NONE', #59 ) ;
#4602 = CARTESIAN_POINT ( 'NONE',  ( 1.125666951756208300, -1.798190371432724100, -99.13166649291886800 ) ) ;
#4603 = CARTESIAN_POINT ( 'NONE',  ( -6.450400880963025300, 0.3102504006572623400, -75.64117134083827000 ) ) ;
#4604 = CARTESIAN_POINT ( 'NONE',  ( 5.500000000000000000, -3.500000000000000000, -101.5999999999999900 ) ) ;
#4605 = CARTESIAN_POINT ( 'NONE',  ( 7.366646933060542000, 1.419910318880267800, 65.00000000000000000 ) ) ;
#4606 = CARTESIAN_POINT ( 'NONE',  ( -4.552846171616891100, 2.718282363560556200, -5.820458200585034300 ) ) ;
#4607 = CARTESIAN_POINT ( 'NONE',  ( -5.184667322800356400, 0.4934606381431493900, -91.60000000000002300 ) ) ;
#4608 = CARTESIAN_POINT ( 'NONE',  ( -10.27029494409882200, -3.427920974687204600, 78.21046105570758300 ) ) ;
#4609 = CARTESIAN_POINT ( 'NONE',  ( -6.637543125987060800, 2.363444543733380900, -75.82881275239206800 ) ) ;
#4610 = CARTESIAN_POINT ( 'NONE',  ( -5.500000000000000000, -3.500000000000000000, 101.5999999999999900 ) ) ;
#4611 = CARTESIAN_POINT ( 'NONE',  ( -6.801353162191357000, 1.249824110709331100, -64.99999999999998600 ) ) ;
#4612 = CARTESIAN_POINT ( 'NONE',  ( 0.01785865227413020700, -1.616904621234853500, 91.59999999999998000 ) ) ;
#4613 = CARTESIAN_POINT ( 'NONE',  ( 5.285901998916067200, -2.961531500974945000, -1.539376868236037600 ) ) ;
#4614 = CARTESIAN_POINT ( 'NONE',  ( -12.13066365381073600, -3.289735958407718400, 64.99999999999998600 ) ) ;
#4615 = CARTESIAN_POINT ( 'NONE',  ( -7.931666547352816300, 0.7096218129894285000, 23.04838997685159900 ) ) ;
#4616 = CARTESIAN_POINT ( 'NONE',  ( 7.668644126947210500, -3.365967493056134100, -91.60000000000000900 ) ) ;
#4617 = CARTESIAN_POINT ( 'NONE',  ( 5.145390511720247400, 1.018477009852119000, 86.21028991832233100 ) ) ;
#4618 = CARTESIAN_POINT ( 'NONE',  ( 13.38646216366368700, -3.477555676979774200, -23.02707477314376300 ) ) ;
#4619 = CARTESIAN_POINT ( 'NONE',  ( 7.615720755701706100, -3.343592551263692600, -91.93660459115156400 ) ) ;
#4620 = CARTESIAN_POINT ( 'NONE',  ( -6.626090382569693700, 1.267526890229387700, -65.00000000000000000 ) ) ;
#4621 = CARTESIAN_POINT ( 'NONE',  ( 5.500000000000000000, -3.500000000000000000, -101.5999999999999900 ) ) ;
#4622 = CARTESIAN_POINT ( 'NONE',  ( 7.368766686525694000, 1.421334025035282400, 65.00000000000000000 ) ) ;
#4623 = CARTESIAN_POINT ( 'NONE',  ( -7.534388538139571900, 5.500000000000005300, -23.25554171221604000 ) ) ;
#4624 = EDGE_CURVE ( 'NONE', #3572, #2659, #5017, .T. ) ;
#4625 = FACE_OUTER_BOUND ( 'NONE', #230, .T. ) ;
#4626 = CARTESIAN_POINT ( 'NONE',  ( -5.871049480854472000, 1.025423365042032800, -86.27853137749254100 ) ) ;
#4627 = CARTESIAN_POINT ( 'NONE',  ( -10.23027043352260000, -3.454923758496593900, 78.25925899209077800 ) ) ;
#4628 = CARTESIAN_POINT ( 'NONE',  ( -7.532279936856792100, 2.418156390425308300, -70.44157155341561300 ) ) ;
#4629 = CARTESIAN_POINT ( 'NONE',  ( 3.248666096487583800, -0.09638074286544820500, 96.66333298583774100 ) ) ;
#4630 = CARTESIAN_POINT ( 'NONE',  ( -6.529900784769971300, -0.08561787321504903100, -80.99970668522560400 ) ) ;
#4631 = CARTESIAN_POINT ( 'NONE',  ( -3.965953864032248700, -0.07022559427114281900, 67.67710555057726700 ) ) ;
#4632 = CARTESIAN_POINT ( 'NONE',  ( 5.499451338317272500, -3.269916917967140300, -0.09934841964374800700 ) ) ;
#4633 = CARTESIAN_POINT ( 'NONE',  ( -5.500000000000000000, -3.500000000000000000, 101.5999999999999900 ) ) ;
#4634 = CARTESIAN_POINT ( 'NONE',  ( -0.7390350521396605900, 1.035527476884599500, 13.06272197092776300 ) ) ;
#4635 = CARTESIAN_POINT ( 'NONE',  ( 7.664777994001474900, -3.357250790381801000, -91.60000000000000900 ) ) ;
#4636 = CARTESIAN_POINT ( 'NONE',  ( 1.990908193881711500, 1.296695664566734200, 80.03108366916892200 ) ) ;
#4637 = CARTESIAN_POINT ( 'NONE',  ( 13.33794258506136300, -3.498520748388761700, -35.00000000000001400 ) ) ;
#4638 = CARTESIAN_POINT ( 'NONE',  ( -5.500000000000000000, -3.500000000000000000, 101.5999999999999900 ) ) ;
#4639 = CARTESIAN_POINT ( 'NONE',  ( 7.608088133981962800, -3.407769510147216100, -91.93383194445166900 ) ) ;
#4640 = CARTESIAN_POINT ( 'NONE',  ( -5.575849243682224500, -1.000000000000000400, -91.59999999999998000 ) ) ;
#4641 = CARTESIAN_POINT ( 'NONE',  ( 7.326732501394746900, -3.439767515673693300, -91.93932359218244700 ) ) ;
#4642 = CARTESIAN_POINT ( 'NONE',  ( 7.408319400871965500, 1.449281616144596900, 65.00000000000000000 ) ) ;
#4643 = CARTESIAN_POINT ( 'NONE',  ( -8.587608029728986700, 4.163413077083399500, -23.25746102708412300 ) ) ;
#4644 = CARTESIAN_POINT ( 'NONE',  ( -6.809729795724857500, 3.249999914761922500, -64.99999999999997200 ) ) ;
#4645 = CARTESIAN_POINT ( 'NONE',  ( -8.969469535523018100, -3.396944233871669500, 84.90523052785380300 ) ) ;
#4646 = CARTESIAN_POINT ( 'NONE',  ( -6.840155792927929700, 1.515527270876274100, -81.07523485591102000 ) ) ;
#4647 = CARTESIAN_POINT ( 'NONE',  ( 5.776366998400899200, 0.4729246156365278800, 91.60000000000017900 ) ) ;
#4648 = CARTESIAN_POINT ( 'NONE',  ( -7.549495560061596500, -3.282207010196621000, 91.59999999999998000 ) ) ;
#4649 = CARTESIAN_POINT ( 'NONE',  ( -7.567520566074685800, 1.182952985592119000, -70.41269793781570700 ) ) ;
#4650 = CARTESIAN_POINT ( 'NONE',  ( -2.540364089724481500, -0.7808014321157682500, 78.32837450158147900 ) ) ;
#4651 = CARTESIAN_POINT ( 'NONE',  ( 4.317614659480442500, 2.941970477357747100, 3.415032071104044100 ) ) ;
#4652 = CARTESIAN_POINT ( 'NONE',  ( -1.051946111419579200, -0.9122608394840346900, 93.64086251607868400 ) ) ;
#4653 = CARTESIAN_POINT ( 'NONE',  ( -5.379734944575508500, -3.438998903372055200, 23.95328996164648300 ) ) ;
#4654 = CARTESIAN_POINT ( 'NONE',  ( 12.04757080901978800, -3.441182631172480900, -67.59328417660600500 ) ) ;
#4655 = CARTESIAN_POINT ( 'NONE',  ( -6.408379831225945900, -0.4333752437519615100, 70.45883241180341400 ) ) ;
#4656 = VERTEX_POINT ( 'NONE', #476 ) ;
#4657 = CARTESIAN_POINT ( 'NONE',  ( -4.922925337314735500, -2.879584783408612100, 92.13703199600371400 ) ) ;
#4658 = CARTESIAN_POINT ( 'NONE',  ( 5.500000000000000000, -3.500000000000000000, -101.5999999999999900 ) ) ;
#4659 = CARTESIAN_POINT ( 'NONE',  ( 6.481927684587204500, 2.217322100243971100, 75.77202017029335900 ) ) ;
#4661 = CARTESIAN_POINT ( 'NONE',  ( 6.611135288043255900, -0.3465895580636743600, -67.71014774712655500 ) ) ;
#4660 = LINE ( 'NONE', #620, #1310 ) ;
#4662 = CARTESIAN_POINT ( 'NONE',  ( -0.9576719399753763600, -1.408451403349630900, -91.60000000000013600 ) ) ;
#4663 = CARTESIAN_POINT ( 'NONE',  ( 7.626066954648639000, 1.162084518823669000, 75.84106334109311800 ) ) ;
#4664 = CARTESIAN_POINT ( 'NONE',  ( 9.614282005397315700, -1.856588340359330600, -65.00000000000008500 ) ) ;
#4665 = CARTESIAN_POINT ( 'NONE',  ( -6.678127795163009100, 2.650530485186439300, -70.31721038716362700 ) ) ;
#4666 = ORIENTED_EDGE ( 'NONE', *, *, #186, .F. ) ;
#4667 = CARTESIAN_POINT ( 'NONE',  ( -7.667298446427821500, -3.437748760219582000, 91.60000000000005100 ) ) ;
#4668 = VERTEX_POINT ( 'NONE', #4121 ) ;
#4669 = CARTESIAN_POINT ( 'NONE',  ( -7.163327473701373900, 2.627193720877369000, -70.40526024875684600 ) ) ;
#4670 = CARTESIAN_POINT ( 'NONE',  ( 7.068612139924490600, 2.644357207305768000, 70.39209777800893200 ) ) ;
#4671 = EDGE_CURVE ( 'NONE', #3046, #4281, #2687, .T. ) ;
#4672 = B_SPLINE_CURVE_WITH_KNOTS ( 'NONE', 3,
 ( #250, #312, #3161, #2742, #5246, #268, #299, #694, #3551, #1903, #4012, #3175, #4785, #1885, #1932, #3964 ),
 .UNSPECIFIED., .F., .F.,
 ( 4, 2, 2, 2, 2, 2, 2, 4 ),
 ( 0.009019898739957756700, 0.009943663569308569200, 0.01086742839865938200, 0.01271495805736100700, 0.01363872288671182100, 0.01456248771606263300, 0.01548625254541344600, 0.01641001737476426000 ),
 .UNSPECIFIED. ) ;
#4673 = CARTESIAN_POINT ( 'NONE',  ( -7.575125411725758300, -3.503091601416670600, 91.59999999999998000 ) ) ;
#4674 = CARTESIAN_POINT ( 'NONE',  ( -7.542596220237639300, 1.151491801500090800, -70.40997535485749400 ) ) ;
#4675 = ORIENTED_EDGE ( 'NONE', *, *, #103, .F. ) ;
#4676 = CARTESIAN_POINT ( 'NONE',  ( -3.627548229478651600, -0.07649391439254367400, 70.53869513230077400 ) ) ;
#4677 = CARTESIAN_POINT ( 'NONE',  ( 4.653039776035336100, 0.4131993951354069300, 2.933940741817871800 ) ) ;
#4678 = CARTESIAN_POINT ( 'NONE',  ( -5.500000000000000000, -3.500000000000000000, 101.5999999999999900 ) ) ;
#4679 = CARTESIAN_POINT ( 'NONE',  ( -12.21141010944020700, -2.416042901537755100, 23.02661838522486100 ) ) ;
#4680 = CARTESIAN_POINT ( 'NONE',  ( 11.90365140475402800, -3.456939033324491800, -70.27641215338658800 ) ) ;
#4681 = CARTESIAN_POINT ( 'NONE',  ( -4.119641037445180000, 1.048037814065636300, 64.99999999999994300 ) ) ;
#4682 = CARTESIAN_POINT ( 'NONE',  ( -4.374617301998518400, -2.998997767591870200, 97.03490050757930900 ) ) ;
#4683 = CARTESIAN_POINT ( 'NONE',  ( 4.424495561535934500, -2.037804700582602500, -91.59999999999996600 ) ) ;
#4684 = CARTESIAN_POINT ( 'NONE',  ( 6.492683906024118400, 2.245675381711405500, 75.78318951479280900 ) ) ;
#4685 = CARTESIAN_POINT ( 'NONE',  ( 3.763854275185061700, 0.6378896535929208200, -71.42315322807601800 ) ) ;
#4686 = CARTESIAN_POINT ( 'NONE',  ( -5.505507188982068800, -1.417863179661351200, -97.27466813556522100 ) ) ;
#4687 = CARTESIAN_POINT ( 'NONE',  ( 6.135688948893065500, -0.7499239795212731000, 91.59999999999968200 ) ) ;
#4688 = CARTESIAN_POINT ( 'NONE',  ( 13.43328611421113400, -3.437700506014824200, -40.00246811756703400 ) ) ;
#4689 = CARTESIAN_POINT ( 'NONE',  ( -4.631898243610186800, 0.4701277779147421400, -91.60000000000005100 ) ) ;
#4690 = CARTESIAN_POINT ( 'NONE',  ( -10.21926126814619600, -3.470320326632038400, 78.27620627501872300 ) ) ;
#4691 = CARTESIAN_POINT ( 'NONE',  ( -7.172288267921467200, 2.624999941600651100, -70.40640833689933200 ) ) ;
#4692 = CARTESIAN_POINT ( 'NONE',  ( 6.901103914158494700, 2.654311310581519900, 70.36319266760054300 ) ) ;
#4693 = CARTESIAN_POINT ( 'NONE',  ( -5.500000000000000000, -3.500000000000000000, 101.5999999999999900 ) ) ;
#4694 = CARTESIAN_POINT ( 'NONE',  ( -7.626066954648639000, 1.162084518823669000, -75.84106334109311800 ) ) ;
#4695 = CARTESIAN_POINT ( 'NONE',  ( -0.1023573346433221700, -1.644280614920126100, 91.59999999999998000 ) ) ;
#4696 = CARTESIAN_POINT ( 'NONE',  ( 2.109366734526803000, 2.900577097470105900, 5.100867478487161900 ) ) ;
#4697 = CARTESIAN_POINT ( 'NONE',  ( 1.906508406157840600, 0.1498497930718353200, 91.59999999999996600 ) ) ;
#4698 = CARTESIAN_POINT ( 'NONE',  ( 7.586616055906825200, -3.499766933771923900, -91.59999999999999400 ) ) ;
#4699 = CARTESIAN_POINT ( 'NONE',  ( -0.6837303399099351500, 0.09842912211703736000, 85.22558042773305000 ) ) ;
#4700 = CIRCLE ( 'NONE', #2864, 0.1124999999999997500 ) ;
#4701 = CARTESIAN_POINT ( 'NONE',  ( -5.500000000000000000, -3.500000000000000000, 101.5999999999999900 ) ) ;
#4702 = CARTESIAN_POINT ( 'NONE',  ( 5.500000000000000000, -3.500000000000000000, -101.5999999999999900 ) ) ;
#4703 = CARTESIAN_POINT ( 'NONE',  ( 7.602915447870597800, 2.859445760795120700, 64.99999999999995700 ) ) ;
#4704 = CARTESIAN_POINT ( 'NONE',  ( 5.597548834828257800, 0.1519597771718472500, -67.83213103761090700 ) ) ;
#4705 = CARTESIAN_POINT ( 'NONE',  ( -0.002753594491033961600, -2.458931589830675600, -99.43733406778260100 ) ) ;
#4706 = ADVANCED_FACE ( 'NONE', ( #1207 ), #3268, .T. ) ;
#4707 = CARTESIAN_POINT ( 'NONE',  ( 7.574082053745355500, 1.191664413927693100, 70.41342533890930600 ) ) ;
#4708 = CARTESIAN_POINT ( 'NONE',  ( 9.656521415243194200, -0.5501074020983604000, -34.99999999999999300 ) ) ;
#4709 = EDGE_CURVE ( 'NONE', #1316, #4209, #4700, .T. ) ;
#4710 = CARTESIAN_POINT ( 'NONE',  ( -0.6652135058439155900, 2.151568139762039400, -69.21877850993004700 ) ) ;
#4711 = CARTESIAN_POINT ( 'NONE',  ( -8.843136162709269500, -3.499531611105070300, 84.95711551248331300 ) ) ;
#4712 = CARTESIAN_POINT ( 'NONE',  ( -6.615950624458279500, 1.595782281889496200, -81.05265374612191900 ) ) ;
#4713 = CARTESIAN_POINT ( 'NONE',  ( 5.867394716286332500, 0.4402472501814538900, 91.60000000000023600 ) ) ;
#4714 = CARTESIAN_POINT ( 'NONE',  ( -7.372996205761786800, 1.424194123582270400, -65.00000000000000000 ) ) ;
#4715 = CARTESIAN_POINT ( 'NONE',  ( 4.937842997241200600, -1.000000000000005100, 91.59999999999998000 ) ) ;
#4716 = CARTESIAN_POINT ( 'NONE',  ( 4.249999999999999100, 1.500000000000000000, 0.0000000000000000000 ) ) ;
#4717 = CARTESIAN_POINT ( 'NONE',  ( -5.500000000000000000, -3.500000000000000000, 101.5999999999999900 ) ) ;
#4718 = CARTESIAN_POINT ( 'NONE',  ( -6.040149985665302700, -0.2614064926106425300, 70.55424436417233400 ) ) ;
#4719 = CARTESIAN_POINT ( 'NONE',  ( -1.141570316556769000, -2.060254961280371800, 93.14015673250037300 ) ) ;
#4720 = CARTESIAN_POINT ( 'NONE',  ( 5.500000000000000000, -3.500000000000000000, -101.5999999999999900 ) ) ;
#4721 = CARTESIAN_POINT ( 'NONE',  ( 3.111811958087539000, 1.447461528581468000, -64.99999999999995700 ) ) ;
#4722 = CARTESIAN_POINT ( 'NONE',  ( 6.324649428173153800, -0.2736824674321704500, 91.59999999999996600 ) ) ;
#4723 = CARTESIAN_POINT ( 'NONE',  ( 12.04282393643056700, -3.495300514531105100, -65.00000000000000000 ) ) ;
#4724 = CARTESIAN_POINT ( 'NONE',  ( -2.514652690547567000, 0.8065061206032324600, -85.81554183458447900 ) ) ;
#4725 = CARTESIAN_POINT ( 'NONE',  ( -12.05113553938343600, -3.497781343738082700, 65.00000000000000000 ) ) ;
#4726 = CARTESIAN_POINT ( 'NONE',  ( -7.646496053891751500, 2.798889936207276600, -64.99999999999994300 ) ) ;
#4727 = CARTESIAN_POINT ( 'NONE',  ( 7.005178091484513200, 2.650842493792244300, 70.38194647338507100 ) ) ;
#4728 = VERTEX_POINT ( 'NONE', #2729 ) ;
#4729 = CARTESIAN_POINT ( 'NONE',  ( -7.366646933060542000, 1.419910318880267800, -65.00000000000000000 ) ) ;
#4730 = CARTESIAN_POINT ( 'NONE',  ( -1.164958648907515900, -0.3406152000039321900, 78.81364871362056600 ) ) ;
#4731 = CARTESIAN_POINT ( 'NONE',  ( 4.841872448157576300, 0.4538870151245159600, 2.610557813749531300 ) ) ;
#4732 = CARTESIAN_POINT ( 'NONE',  ( -3.248728347693834000, -2.424582956906062000, 91.59999999999999400 ) ) ;
#4733 = CARTESIAN_POINT ( 'NONE',  ( 12.13668167213277700, -3.480340951438110100, -65.00000000000000000 ) ) ;
#4734 = CARTESIAN_POINT ( 'NONE',  ( -0.8369350787899848500, -0.6267259919649870200, 91.60000000000000900 ) ) ;
#4735 = ORIENTED_EDGE ( 'NONE', *, *, #1394, .F. ) ;
#4736 = EDGE_LOOP ( 'NONE', ( #4380, #1797, #1234, #4735, #2832, #4585, #1133 ) ) ;
#4737 = DIRECTION ( 'NONE',  ( -1.000000000000000000, 0.0000000000000000000, 0.0000000000000000000 ) ) ;
#4738 = CARTESIAN_POINT ( 'NONE',  ( 5.500000000000000000, -3.500000000000000000, -101.5999999999999900 ) ) ;
#4739 = CARTESIAN_POINT ( 'NONE',  ( 0.9786014939976278600, -0.6769596762373809600, -91.60000000000000900 ) ) ;
#4740 = ORIENTED_EDGE ( 'NONE', *, *, #4441, .F. ) ;
#4741 = ORIENTED_EDGE ( 'NONE', *, *, #3560, .F. ) ;
#4742 = CARTESIAN_POINT ( 'NONE',  ( 5.787116517822916300, -19.49883130433810800, 91.59999999999999400 ) ) ;
#4743 = CARTESIAN_POINT ( 'NONE',  ( 7.796912763934129100, 2.074044040808804600, 65.00000000000002800 ) ) ;
#4744 = CARTESIAN_POINT ( 'NONE',  ( 0.0000000000000000000, -3.500000000000000000, 0.0000000000000000000 ) ) ;
#4745 = CARTESIAN_POINT ( 'NONE',  ( 0.2557659482995503500, 2.365572244109053200, -65.00000000000001400 ) ) ;
#4746 = CARTESIAN_POINT ( 'NONE',  ( -10.17687546614174300, -3.498245635986641000, 78.30115943843915700 ) ) ;
#4747 = CARTESIAN_POINT ( 'NONE',  ( -7.201261797888827600, 2.617199410488108700, -70.41002487730516200 ) ) ;
#4748 = CARTESIAN_POINT ( 'NONE',  ( 6.266686336860257000, 1.564103567689203200, 80.98669606204033800 ) ) ;
#4749 = AXIS2_PLACEMENT_3D ( 'NONE', #4742, #5064, #3437 ) ;
#4750 = CARTESIAN_POINT ( 'NONE',  ( -7.230147019892015700, 2.258627208278180600, -75.89463540757986900 ) ) ;
#4751 = CARTESIAN_POINT ( 'NONE',  ( 3.725168442233047500, -1.057080620693898700, 91.60000000000005100 ) ) ;
#4752 = CARTESIAN_POINT ( 'NONE',  ( -7.332061680609292000, -3.442499304570989100, 91.59999999999998000 ) ) ;
#4753 = CARTESIAN_POINT ( 'NONE',  ( 8.881745761024285800, -3.499006284879282400, -84.95057971921957600 ) ) ;
#4754 = CARTESIAN_POINT ( 'NONE',  ( -6.698493249432847700, -0.5749753268492728800, 70.39657582580939300 ) ) ;
#4755 = CARTESIAN_POINT ( 'NONE',  ( 0.4416694836616071300, -2.496975873700542500, -99.10883661267729400 ) ) ;
#4756 = CARTESIAN_POINT ( 'NONE',  ( 6.992836546078583700, -0.3639228227532886900, -65.00000000000000000 ) ) ;
#4757 = CARTESIAN_POINT ( 'NONE',  ( 6.143903355988563900, -1.070563694062896900, 97.48172458847388100 ) ) ;
#4758 = CARTESIAN_POINT ( 'NONE',  ( 7.716201502914696400, 2.133212055309198000, 70.44968686675632300 ) ) ;
#4759 = CARTESIAN_POINT ( 'NONE',  ( -6.637209265691177000, -2.827753610683781300, 84.95808596220315700 ) ) ;
#4760 = CARTESIAN_POINT ( 'NONE',  ( -11.90476230449918800, -3.454891051480024200, 70.27229691655192300 ) ) ;
#4761 = CARTESIAN_POINT ( 'NONE',  ( -6.957609688643654700, 2.653311606673002900, -70.37363580137024100 ) ) ;
#4762 = CARTESIAN_POINT ( 'NONE',  ( 5.579615861907044800, 0.5000268348307304000, 91.59999999999998000 ) ) ;
#4763 = LINE ( 'NONE', #2764, #3846 ) ;
#4764 = CARTESIAN_POINT ( 'NONE',  ( -6.080650230939898600, -0.8020748677781510700, -91.59999999999968200 ) ) ;
#4765 = CARTESIAN_POINT ( 'NONE',  ( 0.3354983284784873700, -1.546924376201045200, 91.59999999999999400 ) ) ;
#4766 = CARTESIAN_POINT ( 'NONE',  ( 0.0000000000000000000, 3.500000000000000000, 0.0000000000000000000 ) ) ;
#4767 = CARTESIAN_POINT ( 'NONE',  ( -7.608088133981962800, -3.407769510147216100, 91.93383194445166900 ) ) ;
#4768 = VERTEX_POINT ( 'NONE', #1703 ) ;
#4769 = CARTESIAN_POINT ( 'NONE',  ( 3.140105572608553200, 4.185706080450992200, 55.04672188883633800 ) ) ;
#4770 = CARTESIAN_POINT ( 'NONE',  ( -1.267390063227272800, -0.7840383633704196600, 91.60000000000000900 ) ) ;
#4771 = CARTESIAN_POINT ( 'NONE',  ( 6.735557395310442000E-016, 3.500000000000000000, 5.500000000000000000 ) ) ;
#4772 = CARTESIAN_POINT ( 'NONE',  ( 2.786977730623259000, -2.681073800383639000, -97.60811776492849400 ) ) ;
#4773 = UNCERTAINTY_MEASURE_WITH_UNIT (LENGTH_MEASURE( 1.000000000000000100E-005 ), #3568, 'distance_accuracy_value', 'NONE');
#4774 = CARTESIAN_POINT ( 'NONE',  ( 7.089472444595673800, -0.6000177017122805300, -67.67095620701017800 ) ) ;
#4775 = CARTESIAN_POINT ( 'NONE',  ( 5.772038243104801400, -1.000000000000002000, 91.59999999999999400 ) ) ;
#4776 = CARTESIAN_POINT ( 'NONE',  ( 7.706436481915013700, 2.155214729165087800, 70.44952989242391100 ) ) ;
#4777 = EDGE_CURVE ( 'NONE', #1822, #4209, #1506, .T. ) ;
#4778 = CARTESIAN_POINT ( 'NONE',  ( -2.235983043761152100, -0.08827933499768164700, -5.028192898475930800 ) ) ;
#4779 = CARTESIAN_POINT ( 'NONE',  ( -6.157061734028627800, 1.000909793370937000, -86.30785974153977200 ) ) ;
#4780 = CARTESIAN_POINT ( 'NONE',  ( 5.565988433780144200, 0.4999462315252330400, 91.59999999999998000 ) ) ;
#4781 = CARTESIAN_POINT ( 'NONE',  ( -6.291034701034318400, -0.4745089486237626400, -91.59999999999982400 ) ) ;
#4782 = CARTESIAN_POINT ( 'NONE',  ( 5.244046432677080800, 0.06102793791293807000, 80.81399947052756300 ) ) ;
#4783 = DIRECTION ( 'NONE',  ( 0.0000000000000000000, 0.0000000000000000000, 1.000000000000000000 ) ) ;
#4784 = CARTESIAN_POINT ( 'NONE',  ( -5.500000000000000000, -3.500000000000000000, 101.5999999999999900 ) ) ;
#4785 = CARTESIAN_POINT ( 'NONE',  ( -4.734724448906395500, -3.173104921007892100, 2.814348487099963300 ) ) ;
#4786 = CARTESIAN_POINT ( 'NONE',  ( -1.642220718788473000, -0.9298785431207121600, 91.60000000000000900 ) ) ;
#4787 = CC_DESIGN_DATE_AND_TIME_ASSIGNMENT ( #2102, #232, ( #1699 ) ) ;
#4788 = CARTESIAN_POINT ( 'NONE',  ( 5.500000000000000000, -3.500000000000000000, -101.5999999999999900 ) ) ;
#4790 = VERTEX_POINT ( 'NONE', #2789 ) ;
#4789 = CARTESIAN_POINT ( 'NONE',  ( 1.642220718788473000, -0.9298785431207121600, -91.60000000000000900 ) ) ;
#4791 = CARTESIAN_POINT ( 'NONE',  ( 0.1212717854310145500, -1.986550559059989000, 99.82118079328773800 ) ) ;
#4792 = CARTESIAN_POINT ( 'NONE',  ( 6.323643425347572000, -0.2952657016641445100, 91.59999999999993700 ) ) ;
#4793 = CIRCLE ( 'NONE', #2413, 26.61747082298127500 ) ;
#4794 = CARTESIAN_POINT ( 'NONE',  ( -6.751226088784453500, -3.297705334542096800, 91.59999999999999400 ) ) ;
#4795 = CARTESIAN_POINT ( 'NONE',  ( -6.497555138103220600, 1.603893369970812900, -81.03652351278562100 ) ) ;
#4796 = CARTESIAN_POINT ( 'NONE',  ( 6.199166942723604900, 1.550928559442399800, 80.96421532136454900 ) ) ;
#4797 = ORIENTED_EDGE ( 'NONE', *, *, #3311, .F. ) ;
#4798 = CARTESIAN_POINT ( 'NONE',  ( 6.536721708122074800, 0.7925446106177731500, 70.32068617556738800 ) ) ;
#4799 = CARTESIAN_POINT ( 'NONE',  ( -5.903576431478642300, -3.354652234528068700, 96.79244758730421000 ) ) ;
#4800 = CARTESIAN_POINT ( 'NONE',  ( 3.936494959300416600, -0.1933102078443929300, -70.34135006407326800 ) ) ;
#4801 = CARTESIAN_POINT ( 'NONE',  ( -1.364756808452586100, -0.8210243847211671200, 91.60000000000000900 ) ) ;
#4802 = CARTESIAN_POINT ( 'NONE',  ( -6.812499999999925400, -24.92412854073873500, -65.00000000000000000 ) ) ;
#4803 = CARTESIAN_POINT ( 'NONE',  ( -4.656499366474401200, -3.153307385241527400, 24.18245581081911100 ) ) ;
#4804 = CARTESIAN_POINT ( 'NONE',  ( 6.866475705229619900, -0.6590898386838134300, -70.36527296117219500 ) ) ;
#4805 = CARTESIAN_POINT ( 'NONE',  ( 0.2578722279359448300, -2.091461178630876500, 99.85288951088232100 ) ) ;
#4806 = CARTESIAN_POINT ( 'NONE',  ( 7.532279936856792100, 2.418156390425308300, 70.44157155341561300 ) ) ;
#4807 = CARTESIAN_POINT ( 'NONE',  ( -10.99688639316091400, -3.167836915715867000, 70.35373732120969200 ) ) ;
#4808 = CARTESIAN_POINT ( 'NONE',  ( -4.152417479136288700, 0.3461543157580551100, -3.611446626210322600 ) ) ;
#4809 = CARTESIAN_POINT ( 'NONE',  ( -6.314049350493530000, 0.9495157005253096500, -86.32134943521572300 ) ) ;
#4810 = CARTESIAN_POINT ( 'NONE',  ( 5.670950537714625200, 0.4939394645588031100, 91.60000000000003700 ) ) ;
#4811 = CARTESIAN_POINT ( 'NONE',  ( 6.461562612102260200, 0.3075705330883804500, 75.64271764530195700 ) ) ;
#4812 = CARTESIAN_POINT ( 'NONE',  ( -0.9505398672268596800, -2.539947132595493000, 98.75440387098350900 ) ) ;
#4813 = CARTESIAN_POINT ( 'NONE',  ( -4.376152188014038400, 1.948546025271767700, 54.58915732001847900 ) ) ;
#4814 = CARTESIAN_POINT ( 'NONE',  ( -6.783327538423542100, -0.2471934027116899900, 65.00000000000000000 ) ) ;
#4815 = CARTESIAN_POINT ( 'NONE',  ( 5.628821137879788800, -0.8947071661516296000, -70.34757557918128200 ) ) ;
#4816 = DIRECTION ( 'NONE',  ( 0.0000000000000000000, 1.000000000000000000, 0.0000000000000000000 ) ) ;
#4817 = CARTESIAN_POINT ( 'NONE',  ( 2.968505665854463100, -0.7319335564640252500, -84.96906562615633600 ) ) ;
#4818 = LINE ( 'NONE', #4154, #426 ) ;
#4819 = DIRECTION ( 'NONE',  ( -1.000000000000000000, 0.0000000000000000000, 0.0000000000000000000 ) ) ;
#4820 = CARTESIAN_POINT ( 'NONE',  ( 6.840155792927929700, 1.515527270876274100, 81.07523485591102000 ) ) ;
#4821 = CARTESIAN_POINT ( 'NONE',  ( 0.0000000000000000000, -3.500000000000000000, 0.0000000000000000000 ) ) ;
#4822 = CARTESIAN_POINT ( 'NONE',  ( -2.400380103091954700, -0.04072456114653959900, -4.951938761527745000 ) ) ;
#4823 = CARTESIAN_POINT ( 'NONE',  ( -7.342820218160389900, 3.097260252069106800, -64.99999999999998600 ) ) ;
#4824 = CARTESIAN_POINT ( 'NONE',  ( 6.808352573428159400, 3.249999744268315300, 64.99999999999997200 ) ) ;
#4825 = CARTESIAN_POINT ( 'NONE',  ( 6.501341741189143900, 0.3029796947992076700, 75.64840067936155800 ) ) ;
#4826 = CARTESIAN_POINT ( 'NONE',  ( -1.134145014508740600, -1.897447705419733800, 91.59999999999999400 ) ) ;
#4827 = CARTESIAN_POINT ( 'NONE',  ( 3.170332808374668200, 3.092486487216391700, 65.00000000000009900 ) ) ;
#4828 = CARTESIAN_POINT ( 'NONE',  ( -11.62678891727449200, -3.002765625858827600, 65.00000000000000000 ) ) ;
#4829 = CARTESIAN_POINT ( 'NONE',  ( 6.849538830069498400, -3.322213288798760100, -91.59999999999999400 ) ) ;
#4830 = CARTESIAN_POINT ( 'NONE',  ( -13.26915514171067100, -3.492244288815582500, 23.02809333464725600 ) ) ;
#4831 = CARTESIAN_POINT ( 'NONE',  ( 6.738161340093694400, -1.643133977699772900, -78.20729161852366900 ) ) ;
#4832 = CARTESIAN_POINT ( 'NONE',  ( -5.497952707933458200, -3.279910869073725100, 0.1626422395780707000 ) ) ;
#4833 = CARTESIAN_POINT ( 'NONE',  ( 7.799031827817442400, 2.086236119115049800, 65.00000000000002800 ) ) ;
#4834 = CARTESIAN_POINT ( 'NONE',  ( 4.042823936430568000, 0.04683820484905505000, -65.00000000000000000 ) ) ;
#4835 = AXIS2_PLACEMENT_3D ( 'NONE', #317, #1593, #4819 ) ;
#4836 = CARTESIAN_POINT ( 'NONE',  ( 8.917270405296465100, -1.041764738967407000, -34.99999999999997900 ) ) ;
#4837 = CARTESIAN_POINT ( 'NONE',  ( 3.877800073213117500, -0.1783943080360548500, -70.37698489508213100 ) ) ;
#4838 = CARTESIAN_POINT ( 'NONE',  ( 5.872786770718782600, 1.025221833771809100, 86.27860519358182500 ) ) ;
#4839 = ORIENTED_EDGE ( 'NONE', *, *, #4324, .T. ) ;
#4840 = CARTESIAN_POINT ( 'NONE',  ( 5.602266393677314000, -0.9995098662938192200, 91.59999999999996600 ) ) ;
#4841 = CARTESIAN_POINT ( 'NONE',  ( 5.763762000709626900, 0.5021256386628032400, 91.59999999999999400 ) ) ;
#4842 = CARTESIAN_POINT ( 'NONE',  ( -7.312499999999928100, 5.500000000000001800, -35.00000000000000000 ) ) ;
#4843 = CARTESIAN_POINT ( 'NONE',  ( -10.27488029085789400, -2.330537429458599400, 67.51513579244570500 ) ) ;
#4844 = VERTEX_POINT ( 'NONE', #1529 ) ;
#4845 = CARTESIAN_POINT ( 'NONE',  ( 7.123470285869204900, -2.426840238338845000, -78.31593008818033800 ) ) ;
#4846 = CARTESIAN_POINT ( 'NONE',  ( 5.266311455138431800, -1.715026818441012700, -84.90364580926184600 ) ) ;
#4847 = CARTESIAN_POINT ( 'NONE',  ( -7.305907562744490500, 3.119204873651812100, -65.00000000000000000 ) ) ;
#4848 = CIRCLE ( 'NONE', #3007, 1.250000000000002000 ) ;
#4849 = CARTESIAN_POINT ( 'NONE',  ( -5.457814758148871600, -3.122393844327875800, 0.6911924401936490000 ) ) ;
#4850 = CARTESIAN_POINT ( 'NONE',  ( 7.702880805306413900, 2.162878549544815500, 70.44946078597166700 ) ) ;
#4851 = CARTESIAN_POINT ( 'NONE',  ( 5.500000000000000000, -3.500000000000000000, -101.5999999999999900 ) ) ;
#4852 = CARTESIAN_POINT ( 'NONE',  ( -8.597266801069935100, 4.308727309818356900, -34.99999999999995000 ) ) ;
#4853 = CARTESIAN_POINT ( 'NONE',  ( 0.5353257536380956500, -1.748174874056613600, -91.59999999999998000 ) ) ;
#4854 = EDGE_LOOP ( 'NONE', ( #5180, #2080, #850, #1516 ) ) ;
#4855 = VERTEX_POINT ( 'NONE', #1936 ) ;
#4856 = CARTESIAN_POINT ( 'NONE',  ( 6.220072117741078300, -0.1233364098327204800, 80.97122065485260100 ) ) ;
#4857 = CARTESIAN_POINT ( 'NONE',  ( 0.9078375051027158800, -1.721121880917405800, 94.11631880615279000 ) ) ;
#4858 = ADVANCED_FACE ( 'NONE', ( #3589 ), #2946, .F. ) ;
#4859 = CARTESIAN_POINT ( 'NONE',  ( -12.06835504204718900, -3.502920983513961000, 65.00000000000000000 ) ) ;
#4860 = CARTESIAN_POINT ( 'NONE',  ( -12.13144498441480000, -3.290180947385321600, 65.00000000000000000 ) ) ;
#4861 = CARTESIAN_POINT ( 'NONE',  ( -7.766637059656421400, 1.980134174026906300, -70.44927438863099700 ) ) ;
#4862 = CARTESIAN_POINT ( 'NONE',  ( 6.637209265691177000, -2.827753610683781300, -84.95808596220315700 ) ) ;
#4863 = CARTESIAN_POINT ( 'NONE',  ( -5.406703507606513500, -0.2360741792325806400, -98.42039891338988900 ) ) ;
#4864 = CARTESIAN_POINT ( 'NONE',  ( 3.493327946877204500, -1.667005618690661400, -91.60000000000000900 ) ) ;
#4865 = EDGE_CURVE ( 'NONE', #1890, #2919, #2483, .T. ) ;
#4866 = CARTESIAN_POINT ( 'NONE',  ( -5.499451338317272500, -3.269916917967140300, 0.09934841964374800700 ) ) ;
#4867 = CARTESIAN_POINT ( 'NONE',  ( 7.116439536484382900, 1.214873352792427600, 81.08951892045810400 ) ) ;
#4868 = CARTESIAN_POINT ( 'NONE',  ( -6.123410562202287200, -3.408068413440858500, 96.77971922604707800 ) ) ;
#4869 = CARTESIAN_POINT ( 'NONE',  ( 3.965953864032248700, -0.07022559427114281900, -67.67710555057726700 ) ) ;
#4870 = CC_DESIGN_DATE_AND_TIME_ASSIGNMENT ( #4032, #1064, ( #3429 ) ) ;
#4871 = PERSON_AND_ORGANIZATION ( #4138, #117 ) ;
#4872 = CARTESIAN_POINT ( 'NONE',  ( 7.284203915740203400, 0.9265774916880872300, 70.38441667708913500 ) ) ;
#4873 = CARTESIAN_POINT ( 'NONE',  ( 5.354029437801478300, -1.000000000000003600, 91.59999999999998000 ) ) ;
#4874 = CARTESIAN_POINT ( 'NONE',  ( -13.29785949944605300, -3.502856202887451300, 35.00000000000000000 ) ) ;
#4875 = CARTESIAN_POINT ( 'NONE',  ( -8.395830091750694300, -1.435845837258726200, 70.15316868681284700 ) ) ;
#4876 = CARTESIAN_POINT ( 'NONE',  ( -7.547424335277528800, 1.567547782638999900, -65.00000000000000000 ) ) ;
#4877 = CARTESIAN_POINT ( 'NONE',  ( 5.463645723617629500, 1.859896454552714600, 0.6442427289400984900 ) ) ;
#4878 = FACE_OUTER_BOUND ( 'NONE', #1116, .T. ) ;
#4879 = CARTESIAN_POINT ( 'NONE',  ( 7.868734096749824000, -2.693226094098652500, -78.31617192440620600 ) ) ;
#4880 = CARTESIAN_POINT ( 'NONE',  ( -6.669093212727449100, 1.260317873735159700, -64.99999999999998600 ) ) ;
#4881 = CARTESIAN_POINT ( 'NONE',  ( 4.789576431103972400, 2.649599163913951600, 0.0000000000000000000 ) ) ;
#4882 = CARTESIAN_POINT ( 'NONE',  ( 12.13302004088619200, -3.291111225364293800, -65.00000000000000000 ) ) ;
#4883 = ADVANCED_FACE ( 'NONE', ( #309 ), #1513, .T. ) ;
#4884 = CARTESIAN_POINT ( 'NONE',  ( -5.499792077993110000, -3.240446405013968100, 0.04844347163143961100 ) ) ;
#4885 = CARTESIAN_POINT ( 'NONE',  ( 6.154119238843909700, 0.2254141888362178300, 91.60000000000026400 ) ) ;
#4886 = CARTESIAN_POINT ( 'NONE',  ( -3.713036499837402800, -1.936278057290624400, 84.95734815647485000 ) ) ;
#4887 = CARTESIAN_POINT ( 'NONE',  ( -6.753995649606591400, 1.243073357919904900, -65.00000000000000000 ) ) ;
#4888 = CARTESIAN_POINT ( 'NONE',  ( 3.915135322757573400, -0.1862724915137599400, -70.35480379427288300 ) ) ;
#4889 = CARTESIAN_POINT ( 'NONE',  ( 7.054506001829140300, 0.4036541274428615000, 75.72332945721737500 ) ) ;
#4890 = CARTESIAN_POINT ( 'NONE',  ( 3.709654565632028300, 1.643812679281249700, -23.26334147378031500 ) ) ;
#4891 = CARTESIAN_POINT ( 'NONE',  ( -12.18750309297847200, -3.437483214734717900, 64.99999999999994300 ) ) ;
#4892 = CARTESIAN_POINT ( 'NONE',  ( -12.06340006411512000, -3.413562894670909600, 70.11649881232453700 ) ) ;
#4893 = CARTESIAN_POINT ( 'NONE',  ( -7.115691123965842000, 2.318315128689098200, -75.88930934396849200 ) ) ;
#4894 = CARTESIAN_POINT ( 'NONE',  ( -6.663549567170828200, 1.261135580644581900, -64.99999999999998600 ) ) ;
#4895 = CARTESIAN_POINT ( 'NONE',  ( -7.693987356707471500, -0.3529528159032009900, 23.22325450490696100 ) ) ;
#4896 = CARTESIAN_POINT ( 'NONE',  ( 12.01666568611428900, -3.468966218542814100, -70.11877911437804300 ) ) ;
#4897 = CARTESIAN_POINT ( 'NONE',  ( 6.986995560419892100, -3.058214594534034900, -91.59999999999998000 ) ) ;
#4898 = CARTESIAN_POINT ( 'NONE',  ( 7.703874298539448200, 2.702217739350506700, 64.99999999999994300 ) ) ;
#4899 = CARTESIAN_POINT ( 'NONE',  ( -3.370760748054799200, -1.079523503200108300, 78.31217879788810900 ) ) ;
#4900 = AXIS2_PLACEMENT_3D ( 'NONE', #2861, #2034, #1249 ) ;
#4901 = ORIENTED_EDGE ( 'NONE', *, *, #3830, .T. ) ;
#4902 = CARTESIAN_POINT ( 'NONE',  ( 0.4861509506967343100, 2.597976161845658700, -44.21765596549889900 ) ) ;
#4903 = CARTESIAN_POINT ( 'NONE',  ( 0.3964922264836423500, -1.713958022373678100, -91.59999999999998000 ) ) ;
#4904 = VECTOR ( 'NONE', #2680, 1000.000000000000100 ) ;
#4905 = CARTESIAN_POINT ( 'NONE',  ( 7.275424440632773900, 0.5375576309081008300, 75.75597131325396600 ) ) ;
#4906 = CARTESIAN_POINT ( 'NONE',  ( -3.630623878870446100, 3.153323766124595600, -23.27590886402343200 ) ) ;
#4907 = CARTESIAN_POINT ( 'NONE',  ( -12.14090616241077600, -2.364551101557721000, 34.99999999999998600 ) ) ;
#4908 = CARTESIAN_POINT ( 'NONE',  ( -7.618498148863679400, -3.309898150419261900, 91.59999999999999400 ) ) ;
#4909 = CARTESIAN_POINT ( 'NONE',  ( -6.324471001425068000, -0.2785894495107314500, -91.59999999999995200 ) ) ;
#4910 = VECTOR ( 'NONE', #1919, 1000.000000000000000 ) ;
#4911 = ORIENTED_EDGE ( 'NONE', *, *, #4129, .T. ) ;
#4912 = CARTESIAN_POINT ( 'NONE',  ( 7.312499999999926300, 4.250000000000000000, 35.00000000000000000 ) ) ;
#4913 = CARTESIAN_POINT ( 'NONE',  ( -5.584351901165877800, -0.9999475940724998900, -91.59999999999996600 ) ) ;
#4914 = CARTESIAN_POINT ( 'NONE',  ( 7.776606121294507000, 3.050896305807777200, 23.26039490698691700 ) ) ;
#4915 = DIRECTION ( 'NONE',  ( 0.0000000000000000000, 1.000000000000000000, 0.0000000000000000000 ) ) ;
#4916 = CARTESIAN_POINT ( 'NONE',  ( 7.646605843074763900, -3.330072874238323400, -91.60000000000000900 ) ) ;
#4917 = CARTESIAN_POINT ( 'NONE',  ( 7.550811680725582100, -3.497030537516180100, -91.59999999999999400 ) ) ;
#4918 = CARTESIAN_POINT ( 'NONE',  ( 3.409055548481061000, 3.154286419249737100, 35.00000000000000000 ) ) ;
#4919 = CARTESIAN_POINT ( 'NONE',  ( 3.111995562092119800, -1.515155730498627600, -91.60000000000003700 ) ) ;
#4920 = CARTESIAN_POINT ( 'NONE',  ( 6.719238562109303800, 1.569366202410334800, 81.06407349743337000 ) ) ;
#4921 = CARTESIAN_POINT ( 'NONE',  ( 7.931666547352816300, 0.7096218129894285000, -23.04838997685159900 ) ) ;
#4922 = CARTESIAN_POINT ( 'NONE',  ( -0.4153692286845136500, 2.073557489836881800, -54.60882798274941100 ) ) ;
#4923 = CARTESIAN_POINT ( 'NONE',  ( 2.038119066391566500, -0.6066085093652626700, -78.50748083780776200 ) ) ;
#4924 = CARTESIAN_POINT ( 'NONE',  ( 7.175520537883930000, 0.8678555606868695300, 70.37466977901918600 ) ) ;
#4925 = CARTESIAN_POINT ( 'NONE',  ( -6.749501333831178200, 2.650365843319332400, -70.33262691061068500 ) ) ;
#4926 = CARTESIAN_POINT ( 'NONE',  ( -12.09260896911150600, -3.399832857539963900, 67.56255582145651300 ) ) ;
#4927 = CARTESIAN_POINT ( 'NONE',  ( -6.733195414333428300, 0.4227518434964501700, -86.34491458141981500 ) ) ;
#4928 = DIRECTION ( 'NONE',  ( 0.0000000000000000000, 0.0000000000000000000, -1.000000000000000000 ) ) ;
#4929 = CARTESIAN_POINT ( 'NONE',  ( -5.577548455071305300, -0.9999963500917606900, -91.59999999999998000 ) ) ;
#4930 = CARTESIAN_POINT ( 'NONE',  ( -4.028547708209576900, 0.05315460351387792100, 65.00000000000000000 ) ) ;
#4931 = CARTESIAN_POINT ( 'NONE',  ( 8.534904603162383200, 4.625023821766148100, 35.00000000000002800 ) ) ;
#4932 = CARTESIAN_POINT ( 'NONE',  ( 12.08092138632699500, -3.416752760299575500, -67.56774484972237400 ) ) ;
#4933 = EDGE_CURVE ( 'NONE', #4281, #2774, #1016, .T. ) ;
#4934 = CARTESIAN_POINT ( 'NONE',  ( 5.500000000000000000, -3.500000000000000000, -101.5999999999999900 ) ) ;
#4935 = CARTESIAN_POINT ( 'NONE',  ( 6.540550697957782800, 2.301833406219072400, 75.80342282092208000 ) ) ;
#4936 = CARTESIAN_POINT ( 'NONE',  ( -3.765591693665141500, 5.340489078674536000, -23.31378015437135800 ) ) ;
#4937 = CARTESIAN_POINT ( 'NONE',  ( 1.051946111419579200, -0.9122608394840346900, -93.64086251607868400 ) ) ;
#4938 = CARTESIAN_POINT ( 'NONE',  ( 3.675716811199783300, 0.05127676735730138400, -67.76921146435665800 ) ) ;
#4939 = LINE ( 'NONE', #355, #756 ) ;
#4940 = VERTEX_POINT ( 'NONE', #5250 ) ;
#4941 = B_SPLINE_SURFACE_WITH_KNOTS ( 'NONE', 3, 3, ( 
 ( #2793, #2378, #2940, #4563 ),
 ( #800, #853, #2465, #475 ),
 ( #2883, #5334, #4936, #2863 ),
 ( #3301, #2445, #4973, #3281 ),
 ( #454, #2036, #2054, #3703 ),
 ( #1629, #4502, #3664, #1681 ),
 ( #58, #2898, #1269, #418 ),
 ( #3340, #3, #435, #1233 ),
 ( #1252, #1702, #4921, #875 ),
 ( #816, #835, #1216, #2073 ),
 ( #3685, #4119, #4142, #2499 ),
 ( #40, #1662, #4543, #4104 ),
 ( #2921, #4997, #2480, #24 ),
 ( #3321, #3743, #3721, #2092 ),
 ( #1289, #4161, #4581, #2520 ),
 ( #1644, #4523, #2574, #3781 ),
 ( #950, #5019, #912, #530 ),
 ( #78, #2959, #1327, #510 ),
 ( #1345, #2539, #4199, #494 ),
 ( #2167, #1739, #4618, #3801 ),
 ( #2150, #3374, #4220, #3390 ),
 ( #2996, #5037, #2557, #4637 ),
 ( #97, #2977, #932, #1758 ),
 ( #5059, #118, #3408, #3356 ),
 ( #894, #3764, #1307, #4180 ) ),
 .UNSPECIFIED., .F., .F., .F.,
 ( 4, 1, 1, 1, 1, 1, 1, 2, 1, 1, 1, 2, 1, 1, 1, 1, 1, 1, 1, 1, 4 ),
 ( 4, 4 ),
 ( 0.0000000000000000000, 0.1424368362388512300, 0.2136552543582768400, 0.2848736724777024600, 0.3560920905971279300, 0.4273105087165536800, 0.4985289268359791600, 0.5697473449554049100, 0.6696249598889492100, 0.7695025748224934000, 0.8693801897560375900, 0.9692578046895817800, 0.9769433535171863100, 0.9807861279309886300, 0.9846289023447909500, 0.9884716767585931500, 0.9923144511723955800, 0.9942358383792965200, 0.9961572255861977900, 0.9980786127930989500, 1.000000000000000000 ),
 ( 0.0000000000000000000, 1.000000000000000000 ),
 .UNSPECIFIED. ) ;
#4942 = CARTESIAN_POINT ( 'NONE',  ( 7.582834564909076900, 0.9872971788641214900, 75.82253754868980900 ) ) ;
#4943 = CARTESIAN_POINT ( 'NONE',  ( 13.26915514171067100, -3.492244288815582500, -23.02809333464725600 ) ) ;
#4944 = CARTESIAN_POINT ( 'NONE',  ( -6.882979133331260400, 3.247758944071403400, -65.00000000000000000 ) ) ;
#4945 = CARTESIAN_POINT ( 'NONE',  ( -11.92280823526557600, -3.519389287181667700, 70.13120948544549500 ) ) ;
#4946 = CARTESIAN_POINT ( 'NONE',  ( -7.792985683201791000, 2.053377310124329100, -65.00000000000002800 ) ) ;
#4947 = CARTESIAN_POINT ( 'NONE',  ( -6.533027427128313700, 0.3029253424768124100, -75.65300821239624400 ) ) ;
#4948 = CARTESIAN_POINT ( 'NONE',  ( 8.534904603162383200, 4.625023821766148100, 23.25540309655908500 ) ) ;
#4949 = CARTESIAN_POINT ( 'NONE',  ( 1.960588517315774400, 2.604610318927721700, 6.477235281265006300 ) ) ;
#4950 = CARTESIAN_POINT ( 'NONE',  ( 12.15147496936277300, -3.305046149004432700, -65.00000000000000000 ) ) ;
#4951 = CARTESIAN_POINT ( 'NONE',  ( 6.104630885168563600, -2.745342493495884600, -92.03704132010233300 ) ) ;
#4952 = CARTESIAN_POINT ( 'NONE',  ( 6.494011707170883200, 2.247908345917574400, 75.78400298564785900 ) ) ;
#4953 = CARTESIAN_POINT ( 'NONE',  ( 0.2839642420000842400, -1.001630237523277300, -5.499999999999990200 ) ) ;
#4954 = CARTESIAN_POINT ( 'NONE',  ( -0.09757144112352700300, -1.599091377744757300, -91.59999999999998000 ) ) ;
#4955 = CARTESIAN_POINT ( 'NONE',  ( 6.057944684140805300, -0.8220127014080629300, 91.59999999999968200 ) ) ;
#4956 = CARTESIAN_POINT ( 'NONE',  ( 4.201794849009997900, -2.927145452471276800, -24.24837447618146800 ) ) ;
#4957 = CARTESIAN_POINT ( 'NONE',  ( -5.978753288636692500, 1.023511695293171300, -86.29036276801043900 ) ) ;
#4958 = CARTESIAN_POINT ( 'NONE',  ( -8.957534317270070500, -3.338610833661416400, 84.89923064677337500 ) ) ;
#4959 = CARTESIAN_POINT ( 'NONE',  ( -6.724252788170123700, 0.4580352095472402000, -86.34481955024305900 ) ) ;
#4960 = ORIENTED_EDGE ( 'NONE', *, *, #3674, .T. ) ;
#4961 = EDGE_CURVE ( 'NONE', #3791, #2446, #615, .T. ) ;
#4962 = CARTESIAN_POINT ( 'NONE',  ( 0.0000000000000000000, -3.500000000000000000, 0.0000000000000000000 ) ) ;
#4963 = CARTESIAN_POINT ( 'NONE',  ( -6.004609605251221900, -0.8634990112084355300, -91.59999999999971000 ) ) ;
#4964 = CARTESIAN_POINT ( 'NONE',  ( -2.109366734526803000, 2.900577097470105900, -5.100867478487161900 ) ) ;
#4965 = CARTESIAN_POINT ( 'NONE',  ( 5.499921902384163500, -3.252158485179836000, -0.02950898033606895800 ) ) ;
#4966 = CARTESIAN_POINT ( 'NONE',  ( 5.477188090692726200, 1.789020910303784900, 0.5166740199717598800 ) ) ;
#4967 = CARTESIAN_POINT ( 'NONE',  ( 0.7946534794026892700, 2.155801105530697400, 0.0000000000000000000 ) ) ;
#4968 = CARTESIAN_POINT ( 'NONE',  ( 10.28121445447066100, -3.416513667889532700, -78.20524795891697100 ) ) ;
#4969 = CARTESIAN_POINT ( 'NONE',  ( -1.349305803138686400, 2.046140262461224200, 65.00000000000000000 ) ) ;
#4970 = ORIENTED_EDGE ( 'NONE', *, *, #481, .F. ) ;
#4971 = CARTESIAN_POINT ( 'NONE',  ( 2.716537252378629300, -2.030367111102608500, -97.92741852950052800 ) ) ;
#4972 = CARTESIAN_POINT ( 'NONE',  ( 6.526713906124260100, 1.603832684708401200, 81.04081065677536300 ) ) ;
#4973 = CARTESIAN_POINT ( 'NONE',  ( -0.7689004309060035700, 4.716700250569106200, -23.30396550313230700 ) ) ;
#4974 = APPROVAL ( #3501, 'UNSPECIFIED' ) ;
#4975 = CARTESIAN_POINT ( 'NONE',  ( 3.275973055709789300, -2.206130419742017500, -97.62043125803933200 ) ) ;
#4976 = CARTESIAN_POINT ( 'NONE',  ( -1.640044527041072000, -1.304552257151461600, -91.60000000000003700 ) ) ;
#4977 = FACE_OUTER_BOUND ( 'NONE', #2386, .T. ) ;
#4978 = B_SPLINE_SURFACE_WITH_KNOTS ( 'NONE', 5, 5, ( 
 ( #2313, #3507, #3996, #3206, #3628, #2373 ),
 ( #757, #1147, #5265, #301, #314, #4829 ),
 ( #1543, #1159, #2405, #1574, #2801, #4429 ),
 ( #1965, #4414, #1557, #4879, #4862, #5294 ),
 ( #2360, #5249, #3192, #4845, #2387, #1173 ),
 ( #1935, #725, #4399, #2771, #3586, #3600 ),
 ( #1950, #4028, #2757, #4015, #2788, #3177 ),
 ( #4442, #328, #4815, #1992, #1978, #741 ),
 ( #5280, #343, #1134, #4044, #3612, #1587 ),
 ( #4461, #2815, #359, #3238, #772, #3642 ) ),
 .UNSPECIFIED., .F., .F., .F.,
 ( 6, 4, 6 ),
 ( 6, 6 ),
 ( 0.0000000000000000000, 0.5000000000000000000, 1.000000000000000000 ),
 ( 0.0000000000000000000, 1.000000000000000000 ),
 .UNSPECIFIED. ) ;
#4979 = CARTESIAN_POINT ( 'NONE',  ( 6.560934522572912500, -3.477768990570127400, -96.76848412973112100 ) ) ;
#4980 = CARTESIAN_POINT ( 'NONE',  ( 6.497693652376399100, -0.3266498913587523300, 86.32242001810009000 ) ) ;
#4981 = CARTESIAN_POINT ( 'NONE',  ( -5.497660726117635100, 1.593373963148305300, -0.1635890459662168700 ) ) ;
#4982 = CARTESIAN_POINT ( 'NONE',  ( -6.497629315978318100, 2.072521118444269100, -75.68954623505582900 ) ) ;
#4983 = EDGE_LOOP ( 'NONE', ( #3805, #791 ) ) ;
#4984 = CARTESIAN_POINT ( 'NONE',  ( -7.660525982613998000, -3.348687647808161700, 91.60000000000000900 ) ) ;
#4985 = CARTESIAN_POINT ( 'NONE',  ( -7.686878230699629300, 2.195480880604116600, -70.44908179462555600 ) ) ;
#4986 = CARTESIAN_POINT ( 'NONE',  ( -5.500000000000000000, -3.500000000000000000, 101.5999999999999900 ) ) ;
#4987 = CARTESIAN_POINT ( 'NONE',  ( -5.767746538948427900, -0.9752968413522333800, -91.59999999999988100 ) ) ;
#4988 = CARTESIAN_POINT ( 'NONE',  ( -13.31250000000007500, -3.375000000000000400, 35.00000000000000000 ) ) ;
#4989 = CARTESIAN_POINT ( 'NONE',  ( 4.438290311729540200, 2.735737333946335800, 5.871073698460308200 ) ) ;
#4990 = CARTESIAN_POINT ( 'NONE',  ( 5.499983423329586800, 1.511335797240829200, 0.0000000000000000000 ) ) ;
#4991 = CARTESIAN_POINT ( 'NONE',  ( 3.983583382390500900, 2.805021401942735100, 5.844137577975714300 ) ) ;
#4992 = CARTESIAN_POINT ( 'NONE',  ( 12.03409396563526600, -3.452902464448212200, -67.61925899209073500 ) ) ;
#4993 = CARTESIAN_POINT ( 'NONE',  ( 4.631898243610186800, 0.4701277779147421400, 91.60000000000005100 ) ) ;
#4994 = B_SPLINE_CURVE_WITH_KNOTS ( 'NONE', 5,
 ( #1826, #5164, #3972, #3544, #1106, #3117 ),
 .UNSPECIFIED., .F., .F.,
 ( 6, 6 ),
 ( 0.0000000000000000000, 1.000000000000000000 ),
 .UNSPECIFIED. ) ;
#4995 = CARTESIAN_POINT ( 'NONE',  ( 6.753995649606591400, 1.243073357919904900, 65.00000000000000000 ) ) ;
#4996 = CARTESIAN_POINT ( 'NONE',  ( 5.500000000000000000, -3.500000000000000000, -101.5999999999999900 ) ) ;
#4997 = CARTESIAN_POINT ( 'NONE',  ( 4.090356027915085200, -1.917537558387645700, -22.80891941351469400 ) ) ;
#4998 = CARTESIAN_POINT ( 'NONE',  ( 4.228062368382893500, -2.908887779592605600, -3.529686771089948700 ) ) ;
#4999 = CARTESIAN_POINT ( 'NONE',  ( 1.885800748981033800, -0.5568058030227585100, -78.56103883184869100 ) ) ;
#5000 = B_SPLINE_SURFACE_WITH_KNOTS ( 'NONE', 3, 3, ( 
 ( #4842, #2419, #1188, #4090 ),
 ( #4455, #4426, #2383, #3624 ),
 ( #4024, #5276, #2798, #1169 ),
 ( #1963, #3250, #338, #2828 ),
 ( #3218, #5262, #3653, #2784 ),
 ( #324, #752, #3877, #3143 ),
 ( #1550, #4451, #204, #5086 ),
 ( #4708, #185, #168, #3068 ),
 ( #4247, #4267, #3048, #4664 ),
 ( #2270, #5128, #2238, #1861 ),
 ( #2255, #2644, #581, #3845 ),
 ( #1804, #1451, #3906, #4306 ),
 ( #1844, #3867, #1037, #599 ),
 ( #3476, #4688, #1415, #221 ),
 ( #5148, #3492, #2606, #5109 ),
 ( #634, #2196, #145, #1371 ),
 ( #4323, #3100, #1020, #4723 ) ),
 .UNSPECIFIED., .F., .F., .F.,
 ( 4, 1, 1, 1, 2, 1, 1, 1, 2, 1, 1, 1, 4 ),
 ( 4, 4 ),
 ( 0.0000000000000000000, 0.1781379411091100800, 0.3562758822182201500, 0.5344138233273303400, 0.7125517644364403000, 0.7805111709524961100, 0.8484705774685519200, 0.9164299839846077300, 0.9843893905006636500, 0.9882920428754977700, 0.9921946952503317700, 0.9960973476251660000, 1.000000000000000000 ),
 ( 0.0000000000000000000, 1.000000000000000000 ),
 .UNSPECIFIED. ) ;
#5001 = CARTESIAN_POINT ( 'NONE',  ( 7.113311680673986900, -3.387968071670915300, -91.59999999999998000 ) ) ;
#5002 = CARTESIAN_POINT ( 'NONE',  ( 6.552736663511048200, -0.2662025429009796100, 86.32634896890763800 ) ) ;
#5003 = CARTESIAN_POINT ( 'NONE',  ( 6.275237447399173400, 0.9657101012564463000, 86.31826175639295700 ) ) ;
#5004 = EDGE_CURVE ( 'NONE', #4790, #3430, #2503, .T. ) ;
#5005 = CARTESIAN_POINT ( 'NONE',  ( -5.670950537714625200, 0.4939394645588031100, -91.60000000000003700 ) ) ;
#5006 = CARTESIAN_POINT ( 'NONE',  ( -8.959753152900439900, -3.427725099937216400, 84.91479193227161200 ) ) ;
#5007 = CARTESIAN_POINT ( 'NONE',  ( -6.990332560331685500, 2.375813977721021900, -75.87977926206748700 ) ) ;
#5008 = CARTESIAN_POINT ( 'NONE',  ( -4.416616607757243100, -2.106566525355265900, 92.34736042099463300 ) ) ;
#5009 = CARTESIAN_POINT ( 'NONE',  ( -6.355334891166029000, -0.1186463835093369800, -80.98403245519902800 ) ) ;
#5010 = CARTESIAN_POINT ( 'NONE',  ( -2.590204796240931400, -0.7987684386529365600, 78.31033712664007900 ) ) ;
#5011 = CARTESIAN_POINT ( 'NONE',  ( 5.483493206224590500, -3.165717355812586400, -0.4436115202936831700 ) ) ;
#5012 = CARTESIAN_POINT ( 'NONE',  ( 3.061616997868383100E-016, -3.500000000000000000, -2.500000000000000000 ) ) ;
#5013 = CARTESIAN_POINT ( 'NONE',  ( -0.7390350521396605900, 1.035527476884599500, 0.0000000000000000000 ) ) ;
#5014 = CARTESIAN_POINT ( 'NONE',  ( 11.90777142699505100, -3.496066098990042300, -70.15105668274678400 ) ) ;
#5015 = CARTESIAN_POINT ( 'NONE',  ( 2.175096279430581700, 0.1770988376213935600, 91.59999999999998000 ) ) ;
#5016 = AXIS2_PLACEMENT_3D ( 'NONE', #319, #1719, #93 ) ;
#5017 = LINE ( 'NONE', #3282, #1652 ) ;
#5018 = CARTESIAN_POINT ( 'NONE',  ( 6.451009957655247500, -3.380820244756781900, -96.76943511553531600 ) ) ;
#5019 = CARTESIAN_POINT ( 'NONE',  ( 5.495108959702396800, -3.314217173722037400, -23.94290938275108300 ) ) ;
#5020 = CARTESIAN_POINT ( 'NONE',  ( 0.1623420578244355900, -1.834828462090690900, -99.99050645971205100 ) ) ;
#5021 = CARTESIAN_POINT ( 'NONE',  ( -5.583053696079408800, 1.466939564186818800, -64.99999999999998600 ) ) ;
#5022 = CARTESIAN_POINT ( 'NONE',  ( 5.500000000000000000, -3.500000000000000000, -101.5999999999999900 ) ) ;
#5023 = CARTESIAN_POINT ( 'NONE',  ( 6.031715886727881500, -0.8434505782200969500, 91.59999999999969600 ) ) ;
#5024 = CARTESIAN_POINT ( 'NONE',  ( -8.312085610032735200, 5.053453130918208900, -35.00000000000001400 ) ) ;
#5025 = CARTESIAN_POINT ( 'NONE',  ( -5.892884633789782900, 1.025285688645692000, -86.28101706887198900 ) ) ;
#5026 = CARTESIAN_POINT ( 'NONE',  ( -8.966830572098949400, -3.408811202317005900, 84.90824451094567800 ) ) ;
#5027 = CARTESIAN_POINT ( 'NONE',  ( -6.223487658879244000, 0.1271022182066587900, -91.60000000000019300 ) ) ;
#5028 = ORIENTED_EDGE ( 'NONE', *, *, #1206, .T. ) ;
#5029 = CARTESIAN_POINT ( 'NONE',  ( -5.458724118193523500, -2.991115921416672900, 96.87035501528724500 ) ) ;
#5030 = CARTESIAN_POINT ( 'NONE',  ( -7.136847943093864700, 1.303933014010735900, -65.00000000000000000 ) ) ;
#5031 = CARTESIAN_POINT ( 'NONE',  ( -2.403044682135500000, -0.7317497319137694600, 78.37785311825048500 ) ) ;
#5032 = CARTESIAN_POINT ( 'NONE',  ( 0.9536224655274729800, 1.225440209199033500, -5.417406191834065700 ) ) ;
#5033 = DIRECTION ( 'NONE',  ( 0.0000000000000000000, 1.000000000000000000, 0.0000000000000000000 ) ) ;
#5034 = CARTESIAN_POINT ( 'NONE',  ( -9.919199284694100200, -0.7419513609521681800, 35.00000000000000000 ) ) ;
#5035 = CARTESIAN_POINT ( 'NONE',  ( 10.26071366622993600, -3.435132581585471200, -78.21648902189134800 ) ) ;
#5036 = CARTESIAN_POINT ( 'NONE',  ( 2.381598981261954700, 1.919710567582341600, 74.28240470174210900 ) ) ;
#5037 = CARTESIAN_POINT ( 'NONE',  ( 5.249758284066310000, -3.443762529998077900, -23.95332616803729300 ) ) ;
#5038 = CARTESIAN_POINT ( 'NONE',  ( 7.473699175732674500, -3.533937962933759700, -91.93788137799234100 ) ) ;
#5039 = CARTESIAN_POINT ( 'NONE',  ( -3.587702466508436900, -0.4077846779806804100, -85.98903052102846800 ) ) ;
#5040 = CARTESIAN_POINT ( 'NONE',  ( 5.500000000000000000, -3.500000000000000000, -101.5999999999999900 ) ) ;
#5041 = VERTEX_POINT ( 'NONE', #2085 ) ;
#5042 = CARTESIAN_POINT ( 'NONE',  ( 7.406604138426806600, 2.116375729984144800, 75.89819710834360900 ) ) ;
#5043 = CARTESIAN_POINT ( 'NONE',  ( -5.528981754331067800, 1.587890443033218100, 0.0000000000000000000 ) ) ;
#5044 = CARTESIAN_POINT ( 'NONE',  ( -4.683732296882611800, 2.052807794062179600, -75.13390020506669500 ) ) ;
#5045 = CARTESIAN_POINT ( 'NONE',  ( -12.03667806858710200, -3.447868057076233200, 67.61289115165119800 ) ) ;
#5046 = CARTESIAN_POINT ( 'NONE',  ( -7.799235272070451900, 2.087456809847491700, -65.00000000000002800 ) ) ;
#5047 = AXIS2_PLACEMENT_3D ( 'NONE', #2265, #1084, #664 ) ;
#5048 = LINE ( 'NONE', #1368, #2336 ) ;
#5049 = CARTESIAN_POINT ( 'NONE',  ( -1.855223084407636900, -1.876771981872852300, 98.48528102659125200 ) ) ;
#5050 = CARTESIAN_POINT ( 'NONE',  ( -7.335585710628822500, 0.9596999446554543800, -70.38918682754686500 ) ) ;
#5051 = CARTESIAN_POINT ( 'NONE',  ( -0.5353257536380956500, -1.748174874056613600, 91.59999999999998000 ) ) ;
#5052 = CARTESIAN_POINT ( 'NONE',  ( -6.977909564158400400, -3.085472570157330500, 91.95697146355861700 ) ) ;
#5053 = CARTESIAN_POINT ( 'NONE',  ( -12.97695079610255100, -2.975147314482604200, 23.02619614562116400 ) ) ;
#5054 = CARTESIAN_POINT ( 'NONE',  ( 7.671428530061782600, -3.375061224639781500, -91.60000000000000900 ) ) ;
#5055 = CARTESIAN_POINT ( 'NONE',  ( 2.573829701236715300, 2.444384813700364800, 69.64105014963634200 ) ) ;
#5056 = PRODUCT ( 'PROPELLER - 8x4_Défaut_sldprt', 'PROPELLER - 8x4_Défaut_sldprt', '', ( #5204 ) ) ;
#5057 = ORIENTED_EDGE ( 'NONE', *, *, #1314, .F. ) ;
#5058 = EDGE_LOOP ( 'NONE', ( #1923, #2731, #4566, #160, #2061, #1369, #5218, #4265, #3944, #4459 ) ) ;
#5059 = CARTESIAN_POINT ( 'NONE',  ( 5.216487792279433900, -3.431835659856597800, -0.0000000000000000000 ) ) ;
#5060 = CARTESIAN_POINT ( 'NONE',  ( -7.108719481519441000, -3.409658148906145000, 91.94456017736872900 ) ) ;
#5061 = CARTESIAN_POINT ( 'NONE',  ( 6.560934522572912500, -3.477768990570127400, -96.76848412973112100 ) ) ;
#5062 = CARTESIAN_POINT ( 'NONE',  ( -4.352117754238544300, 0.8763125125787497600, -74.95520219224901800 ) ) ;
#5063 = B_SPLINE_SURFACE_WITH_KNOTS ( 'NONE', 5, 5, ( 
 ( #3757, #51, #1712, #5010, #2856, #392 ),
 ( #1227, #4096, #1639, #3294, #4514, #2049 ),
 ( #4930, #828, #4113, #1655, #1773, #2227 ),
 ( #505, #4631, #906, #5116, #5073, #5051 ),
 ( #3447, #3794, #3833, #1358, #1751, #91 ),
 ( #3385, #3035, #154, #547, #2161, #3423 ),
 ( #2613, #4234, #1380, #4650, #925, #2990 ),
 ( #2551, #523, #2203, #2591, #967, #2182 ),
 ( #132, #1402, #3367, #5031, #1321, #4254 ),
 ( #987, #1791, #4676, #1733, #4276, #2970 ),
 ( #70, #487, #568, #1339, #3814, #3011 ),
 ( #2568, #2952, #5096, #110, #4191, #4695 ),
 ( #3854, #1812, #3401, #944, #3776, #4612 ),
 ( #2142, #4214, #1491, #625, #4312, #5137 ),
 ( #246, #1460, #4330, #1851, #5172, #4765 ),
 ( #2689, #3056, #588, #4730, #5187, #3126 ),
 ( #1833, #2650, #193, #4364, #2244, #607 ),
 ( #2261, #231, #175, #1476, #3482, #2295 ),
 ( #3466, #2707, #210, #3091, #3929, #1868 ),
 ( #2308, #3106, #3874, #3534, #3946, #5154 ),
 ( #659, #2671, #3500, #1044, #3074, #643 ),
 ( #1027, #3914, #1008, #2634, #2277, #4751 ),
 ( #1079, #3894, #1063, #3519, #4349, #1439 ),
 ( #1882, #1900, #1422, #4782, #4297, #4715 ),
 ( #1930, #4377, #3978, #1914, #2356, #2341 ),
 ( #4010, #4798, #3596, #3548, #691, #720 ),
 ( #1973, #677, #1096, #2723, #1143, #5260 ),
 ( #1945, #310, #4811, #3567, #2368, #4394 ),
 ( #280, #1111, #297, #736, #3961, #2782 ),
 ( #2325, #5229, #5203, #1552, #2752, #1508 ),
 ( #3188, #4424, #4825, #3173, #707, #322 ),
 ( #1961, #1539, #5216, #2740, #3159, #5244 ),
 ( #3201, #3992, #4409, #1524, #2767, #4840 ),
 ( #3607, #265, #3140, #3582, #1155, #4022 ),
 ( #1129, #1568, #4436, #4856, #1985, #354 ),
 ( #4471, #5320, #5274, #1220, #3231, #2042 ),
 ( #2796, #2450, #5303, #2826, #3669, #1615 ),
 ( #2810, #803, #2847, #384, #767, #336 ),
 ( #3622, #2004, #3248, #4072, #4053, #4490 ),
 ( #3216, #3637, #1599, #750, #2057, #2022 ),
 ( #1186, #404, #4889, #4088, #3651, #2416 ),
 ( #1633, #368, #5337, #2867, #3264, #786 ),
 ( #1201, #4924, #4905, #4505, #2431, #3285 ),
 ( #4107, #4872, #820, #3689, #1238, #1647 ),
 ( #4528, #2381, #1167, #4039, #2400, #1581 ),
 ( #4453, #5288, #479, #4184, #1255, #917 ),
 ( #28, #439, #44, #498, #838, #2134 ),
 ( #1666, #1687, #4942, #898, #4980, #3707 ),
 ( #2944, #3768, #4586, #2925, #459, #5023 ),
 ( #2096, #83, #1725, #3785, #3343, #1274 ),
 ( #879, #2543, #3748, #1292, #4147, #2116 ),
 ( #1312, #2963, #4124, #2468, #3378, #3725 ),
 ( #4605, #1332, #4204, #4546, #1743, #4955 ),
 ( #4622, #2525, #8, #4166, #1706, #3305 ),
 ( #2904, #2886, #3360, #421, #5002, #3325 ),
 ( #2077, #2485, #62, #858, #4568, #2504 ),
 ( #144, #4707, #4663, #2195, #5085, #2172 ),
 ( #936, #2625, #1370, #5065, #2605, #3460 ),
 ( #3027, #1784, #167, #3002, #1414, #1000 ),
 ( #4642, #3866, #2581, #5127, #2237, #3047 ),
 ( #558, #4246, #1350, #957, #4227, #4687 ),
 ( #3885, #124, #3438, #4288, #2216, #580 ),
 ( #5108, #1803, #3475, #101, #1764, #3394 ),
 ( #3844, #184, #1825, #2643, #3806, #1019 ),
 ( #538, #4305, #2561, #3067, #3414, #978 ),
 ( #1393, #598, #5042, #1429, #1843, #515 ),
 ( #3824, #2154, #4266, #2982, #3543, #239 ),
 ( #203, #259, #1072, #4322, #3491, #2681 ),
 ( #1467, #3526, #4340, #1518, #2302, #1877 ),
 ( #1450, #1088, #5211, #1036, #2254, #2734 ),
 ( #274, #3957, #1105, #1499, #3905, #4792 ),
 ( #220, #4758, #5198, #5147, #4373, #3099 ),
 ( #1860, #2661, #2319, #2287, #5181, #670 ),
 ( #4743, #4387, #1892, #619, #3152, #686 ),
 ( #2699, #1907, #3116, #652, #3938, #2269 ),
 ( #5163, #2716, #3922, #633, #1485, #3558 ),
 ( #4357, #4776, #3135, #3512, #3971, #4722 ),
 ( #1054, #3083, #2350, #4867, #1982, #2377 ),
 ( #5270, #1954, #4447, #731, #3212, #3603 ),
 ( #4833, #3633, #4403, #2363, #4034, #4433 ),
 ( #1151, #4850, #1562, #3225, #5223, #1532 ),
 ( #1181, #4019, #2792, #1547, #304, #2394 ),
 ( #1968, #5237, #2762, #5254, #2806, #3166 ),
 ( #3182, #3987, #4002, #1925, #745, #2776 ),
 ( #4048, #331, #3617, #1163, #318, #3196 ),
 ( #350, #4420, #5284, #1577, #762, #1594 ),
 ( #1939, #4806, #2334, #2746, #3591, #291 ),
 ( #702, #3577, #1122, #4820, #714, #1139 ),
 ( #834, #852, #3702, #3243, #4542, #4485 ),
 ( #2897, #2053, #3300, #4920, #2444, #2822 ),
 ( #4898, #3320, #2, #23, #3280, #2842 ),
 ( #2427, #2882, #4935, #2464, #5315, #4885 ),
 ( #364, #4084, #5333, #815, #799, #3684 ),
 ( #2411, #379, #3663, #5299, #4141, #4103 ),
 ( #3260, #2479, #1215, #417, #399, #1628 ),
 ( #1268, #1251, #1611, #4467, #4522, #4501 ),
 ( #2035, #2862, #3648, #1232, #1196, #1643 ),
 ( #779, #4118, #4066, #1661, #2018, #2072 ),
 ( #434, #1998, #4952, #3720, #1680, #2212 ),
 ( #4703, #1389, #4684, #5082, #4243, #578 ),
 ( #4262, #3742, #1366, #139, #3863, #39 ),
 ( #453, #2190, #4562, #163, #3023, #2920 ),
 ( #5105, #3043, #1800, #555, #3434, #3456 ),
 ( #975, #1410, #996, #1820, #3841, #2622 ),
 ( #1781, #4284, #2091, #4972, #2601, #2498 ),
 ( #3339, #874, #4659, #370, #5003, #3072 ),
 ( #3829, #4670, #2200, #1041, #4251, #2610 ),
 ( #1398, #2242, #2178, #3480, #149, #4310 ),
 ( #5070, #4727, #2223, #5113, #603, #3872 ),
 ( #5093, #1025, #5133, #2648, #3031, #2587 ),
 ( #544, #4271, #172, #1005, #983, #1420 ),
 ( #191, #3851, #564, #2631, #3891, #585 ),
 ( #1808, #1434, #3443, #1849, #2259, #4713 ),
 ( #5152, #4692, #2668, #207, #3088, #3053 ),
 ( #3464, #1375, #4293, #1788, #1830, #623 ),
 ( #3497, #3910, #1456, #3006, #4328, #4647 ),
 ( #129, #3420, #964, #4748, #2739, #1929 ),
 ( #3960, #2323, #1489, #243, #4392, #1076 ),
 ( #2292, #2703, #2306, #2750, #3104, #4810 ),
 ( #3927, #3943, #1865, #3157, #1897, #640 ),
 ( #5215, #690, #1503, #5201, #2720, #2339 ),
 ( #278, #3547, #1473, #3517, #5184, #656 ),
 ( #3170, #1059, #3991, #4796, #4361, #1912 ),
 ( #3564, #5228, #4346, #295, #675, #3122 ),
 ( #1109, #3581, #3976, #1880, #706, #4762 ),
 ( #1126, #1522, #1537, #264, #3139, #227 ),
 ( #3531, #2274, #5169, #2686, #1094, #4780 ),
 ( #4376, #5258, #1142, #1943, #4838, #2367 ),
 ( #4824, #308, #718, #3595, #2766, #4008 ),
 ( #4407, #3186, #1551, #5242, #2355, #4423 ),
 ( #1959, #2166, #2516, #2556, #75, #472 ),
 ( #96, #4578, #1756, #4219, #4617, #3354 ),
 ( #4177, #1344, #2957, #2975, #492, #4993 ),
 ( #528, #1287, #4599, #930, #1325, #2147 ),
 ( #1738, #3780, #115, #2089, #3738, #37 ),
 ( #3372, #5055, #5036, #3389, #451, #2995 ),
 ( #3337, #948, #4559, #4636, #56, #2537 ),
 ( #911, #4196, #1677, #509, #3799, #2496 ),
 ( #2917, #3406, #2127, #2573, #3819, #5015 ),
 ( #4969, #4137, #871, #4159, #1698, #2110 ),
 ( #3762, #2937, #892, #1304, #1717, #3858 ),
 ( #3079, #1855, #136, #3898, #179, #1795 ),
 ( #611, #3095, #3486, #3017, #1444, #1385 ),
 ( #5157, #4300, #198, #1817, #4699, #5078 ),
 ( #4681, #213, #2248, #2264, #3060, #5101 ),
 ( #3428, #1048, #3878, #2596, #2676, #629 ),
 ( #2231, #4317, #1407, #4280, #5120, #4259 ),
 ( #551, #1837, #574, #2208, #2638, #2654 ),
 ( #592, #992, #4718, #2619, #1031, #4734 ),
 ( #3838, #3504, #159, #1363, #4239, #5142 ),
 ( #1777, #3469, #4655, #1012, #2187, #1425 ),
 ( #972, #3040, #3453, #2329, #2281, #4770 ),
 ( #4814, #710, #4754, #5176, #1464, #4801 ),
 ( #3176, #681, #4382, #3538, #2298, #1115 ),
 ( #3552, #4352, #5191, #4367, #2344, #2693 ),
 ( #2726, #3965, #4334, #5219, #2743, #235 ),
 ( #3109, #3585, #1904, #1100, #283, #4786 ),
 ( #647, #3162, #270, #3523, #1067, #1886 ),
 ( #1083, #5232, #3933, #3918, #1511, #3950 ),
 ( #1479, #695, #4397, #2712, #3982, #3144 ),
 ( #252, #3571, #300, #1527, #3131, #1934 ),
 ( #663, #1494, #1918, #1871, #2756, #2312 ),
 ( #5207, #1541, #1189, #4025, #1571, #2402 ),
 ( #1157, #1555, #4875, #1584, #4456, #4427 ),
 ( #2813, #2359, #739, #1976, #2799, #2785 ),
 ( #3251, #4412, #1964, #325, #1948, #789 ),
 ( #3609, #4843, #4475, #2371, #5291, #2384 ),
 ( #1146, #1132, #357, #3599, #3994, #1170 ),
 ( #4828, #4439, #3204, #313, #5263, #3191 ),
 ( #4860, #2829, #4013, #5277, #3233, #3625 ),
 ( #339, #4042, #753, #2420, #5247, #723 ),
 ( #371, #3219, #1989, #770, #3640, #4056 ),
 ( #1602, #2007, #4892, #5306, #2770, #4908 ),
 ( #4508, #387, #408, #3654, #4958, #3692 ),
 ( #2928, #1669, #2488, #3309, #4109, #4532 ),
 ( #2099, #823, #4150, #442, #2507, #1650 ),
 ( #3328, #4091, #862, #2471, #11, #5340 ),
 ( #3728, #1277, #841, #4075, #462, #1223 ),
 ( #2081, #3710, #2851, #3672, #1636, #47 ),
 ( #2045, #4926, #3289, #1258, #1204, #31 ),
 ( #1690, #3267, #1618, #4571, #1242, #2059 ),
 ( #4127, #806, #3346, #4549, #2434, #4984 ),
 ( #2907, #5323, #4945, #2889, #424, #2870 ),
 ( #4493, #2025, #2453, #87, #1708, #562 ),
 ( #501, #4187, #4249, #4608, #4645, #2157 ),
 ( #901, #3029, #2176, #3362, #882, #940 ),
 ( #3752, #3789, #2966, #65, #5026, #2948 ),
 ( #3380, #2529, #5068, #483, #2585, #4588 ),
 ( #1769, #1786, #1295, #2119, #5006, #4170 ),
 ( #961, #147, #2986, #1353, #920, #2137 ),
 ( #1335, #518, #1317, #1728, #4208, #4667 ),
 ( #3809, #5045, #4230, #3771, #127, #3004 ),
 ( #542, #2546, #1746, #4627, #3397, #3418 ),
 ( #2564, #105, #3827, #1373, #2198, #5090 ),
 ( #2608, #3070, #4760, #4690, #241, #1039 ),
 ( #3495, #170, #5167, #3925, #2221, #638 ),
 ( #1863, #3086, #2629, #3462, #1003, #5182 ),
 ( #1418, #4291, #189, #3908, #981, #2272 ),
 ( #3102, #3051, #3848, #3515, #1023, #3889 ),
 ( #2666, #3478, #3870, #4746, #1454, #4326 ),
 ( #1396, #2684, #5111, #601, #4308, #5150 ),
 ( #225, #583, #1057, #2646, #1828, #1432 ),
 ( #4725, #1847, #2257, #1471, #4711, #4344 ),
 ( #1878, #2240, #2290, #5131, #2701, #3120 ) ),
 .UNSPECIFIED., .F., .F., .F.,
 ( 6, 3, 3, 1, 3, 3, 3, 3, 4, 3, 3, 3, 3, 3, 3, 3, 3, 3, 3, 3, 3, 3, 3, 3, 3, 3, 3, 3, 3, 3, 3, 3, 3, 3, 3, 3, 3, 3, 3, 3, 3, 2, 4, 3, 3, 3, 3, 3, 3, 3, 2, 3, 4, 3, 3, 3, 4, 3, 3, 3, 3, 3, 3, 3, 3, 3, 3, 6 ),
 ( 6, 6 ),
 ( 0.0000000000000000000, 0.001143221307158447400, 0.002286442614316894700, 0.009145770457267579000, 0.01829154091453515800, 0.03658308182907031600, 0.07316616365814063200, 0.1463323273162812600, 0.2926646546325625300, 0.2928596958542818400, 0.2934448195194397400, 0.2942249844063169500, 0.2957853141800713100, 0.2989059737275801000, 0.3051472928225976700, 0.3113886119176152400, 0.3145092714651240300, 0.3152894363520012400, 0.3156795187954398200, 0.3160696012388783900, 0.3176299310126328200, 0.3301125692026679600, 0.3363538882976855300, 0.3394745478451942600, 0.3404497539537907300, 0.3406447951755100500, 0.3408398363972293700, 0.3410348776189486800, 0.3425952073927030500, 0.3550778455827381400, 0.3613191646777557100, 0.3644398242252645000, 0.3660001539990188600, 0.3663902364424575000, 0.3667803188858960700, 0.3675604837727732800, 0.3738018028677908600, 0.3769224624152996400, 0.3800431219628084300, 0.3862844410578260000, 0.3894051006053347900, 0.3909654303790891500, 0.3925257601528435700, 0.3927070445572892200, 0.4389345676909319800, 0.4853433752290203800, 0.5781609903051971900, 0.6245697978432855900, 0.6709786053813739900, 0.7173874129194624000, 0.7405918166885066000, 0.7521940185730287000, 0.7637962204575506900, 0.7708236128448195900, 0.8200153595557027100, 0.8762344986538548300, 0.9886727768501588600, 0.9888497647118751300, 0.9893807282970239500, 0.9900886797438890300, 0.9911506069141866600, 0.9915045826376192000, 0.9929204855313493700, 0.9943363884250794300, 0.9964602427656745800, 0.9971681942125396600, 0.9985840971062698300, 1.000000000000000000 ),
 ( 0.0000000000000000000, 1.000000000000000000 ),
 .UNSPECIFIED. ) ;
#5064 = DIRECTION ( 'NONE',  ( 0.0000000000000000000, 0.0000000000000000000, 1.000000000000000000 ) ) ;
#5065 = CARTESIAN_POINT ( 'NONE',  ( 7.058442637948467700, 0.3085568896263893300, 81.05463001415944300 ) ) ;
#5066 = CARTESIAN_POINT ( 'NONE',  ( -7.312499999999926300, 5.500000000000005300, -35.00000000000000000 ) ) ;
#5067 = CARTESIAN_POINT ( 'NONE',  ( -6.540429727000076600, 2.051048481296022800, -75.64400218728909000 ) ) ;
#5068 = CARTESIAN_POINT ( 'NONE',  ( -11.90485386154045400, -3.484410013876452400, 70.16405867307123900 ) ) ;
#5069 = CARTESIAN_POINT ( 'NONE',  ( -6.553696110248957900, 0.7811639498112239500, -86.33761742795557800 ) ) ;
#5070 = CARTESIAN_POINT ( 'NONE',  ( 7.446539390988944800, 3.023102039866678100, 64.99999999999997200 ) ) ;
#5071 = CARTESIAN_POINT ( 'NONE',  ( -5.802315442584281300, -3.122671246747942100, 96.81852066005116300 ) ) ;
#5072 = CARTESIAN_POINT ( 'NONE',  ( -7.616764553414889800, 1.116012248012482300, -75.83640949013695800 ) ) ;
#5073 = CARTESIAN_POINT ( 'NONE',  ( -1.553424393774237800, -1.270096972333065500, 84.95855277528863800 ) ) ;
#5074 = CARTESIAN_POINT ( 'NONE',  ( 4.796796274429932600, 0.4401737676574153400, 2.692490140152501900 ) ) ;
#5075 = CARTESIAN_POINT ( 'NONE',  ( -6.238954782079200200, -3.292736285078665200, 96.77848573177931300 ) ) ;
#5076 = CARTESIAN_POINT ( 'NONE',  ( -5.249758284066310000, -3.443762529998077900, 0.0000000000000000000 ) ) ;
#5077 = CARTESIAN_POINT ( 'NONE',  ( 11.90313734521569300, -3.473804978938547400, -70.17849965094855200 ) ) ;
#5078 = CARTESIAN_POINT ( 'NONE',  ( 0.6127114180510429000, -0.1779070455900585200, 91.59999999999998000 ) ) ;
#5079 = CARTESIAN_POINT ( 'NONE',  ( 7.377851521645606400, 2.989321511066712000, 34.99999999999999300 ) ) ;
#5080 = CARTESIAN_POINT ( 'NONE',  ( -6.671480752888114400, -3.298389122990891900, 91.96292660941169600 ) ) ;
#5081 = CARTESIAN_POINT ( 'NONE',  ( 5.500000000000000000, -3.500000000000000000, -101.5999999999999900 ) ) ;
#5082 = CARTESIAN_POINT ( 'NONE',  ( 6.544855723219389400, 1.603311290061676800, 81.04340130753492100 ) ) ;
#5083 = CARTESIAN_POINT ( 'NONE',  ( 0.4638402098388116900, 0.1633446177157856200, -85.26167146045253300 ) ) ;
#5084 = CARTESIAN_POINT ( 'NONE',  ( -0.3219516779942819800, -2.285281847031448400, -99.54086229423693100 ) ) ;
#5085 = CARTESIAN_POINT ( 'NONE',  ( 6.557750966950018200, -0.2601180075258214300, 86.32671266945443700 ) ) ;
#5086 = CARTESIAN_POINT ( 'NONE',  ( 7.537410510304390200, -0.6737536785109018400, -65.00000000000000000 ) ) ;
#5087 = EDGE_CURVE ( 'NONE', #2518, #349, #5325, .T. ) ;
#5088 = VECTOR ( 'NONE', #3415, 999.9999999999998900 ) ;
#5089 = CARTESIAN_POINT ( 'NONE',  ( -5.592542709740243400, 0.4998895431517681500, -91.59999999999998000 ) ) ;
#5090 = CARTESIAN_POINT ( 'NONE',  ( -7.641873849492504300, -3.473890898904950000, 91.60000000000000900 ) ) ;
#5091 = ORIENTED_EDGE ( 'NONE', *, *, #4709, .F. ) ;
#5092 = CARTESIAN_POINT ( 'NONE',  ( -6.541525825684529700, 1.603447768602186900, -81.04293333198117500 ) ) ;
#5093 = CARTESIAN_POINT ( 'NONE',  ( 7.395628286798579900, 3.061232860018361800, 64.99999999999997200 ) ) ;
#5094 = CARTESIAN_POINT ( 'NONE',  ( -6.557860377850853500, -3.421796275631846300, 96.76830229557577900 ) ) ;
#5095 = CARTESIAN_POINT ( 'NONE',  ( -7.554102675721341400, 1.165690647575246400, -70.41122411097846600 ) ) ;
#5096 = CARTESIAN_POINT ( 'NONE',  ( -3.316253159647913700, 0.04490724156681704500, 70.73528651428350100 ) ) ;
#5097 = CARTESIAN_POINT ( 'NONE',  ( 3.344236968940117000, 0.1987054267546621300, 4.381955201687623500 ) ) ;
#5098 = CARTESIAN_POINT ( 'NONE',  ( -4.304526336598703700, -2.561876484896953100, 97.16832572760701200 ) ) ;
#5099 = CARTESIAN_POINT ( 'NONE',  ( -12.97695079610255100, -2.975147314482604200, 34.99999999999999300 ) ) ;
#5100 = CARTESIAN_POINT ( 'NONE',  ( 7.557787587358974200, -3.498769530839275900, -91.59999999999999400 ) ) ;
#5101 = CARTESIAN_POINT ( 'NONE',  ( 0.2596594483158828900, -0.2747843331839187600, 91.60000000000000900 ) ) ;
#5102 = ORIENTED_EDGE ( 'NONE', *, *, #5165, .F. ) ;
#5103 = CARTESIAN_POINT ( 'NONE',  ( -6.486849587866337300, -3.516968981466880100, 96.76894068899616700 ) ) ;
#5104 = CARTESIAN_POINT ( 'NONE',  ( 6.557860377850853500, -3.421796275631846300, -96.76830229557577900 ) ) ;
#5105 = CARTESIAN_POINT ( 'NONE',  ( 7.593376585807272100, 2.871649872416140300, 64.99999999999997200 ) ) ;
#5106 = CARTESIAN_POINT ( 'NONE',  ( -1.137221937100307800, -0.04459202387191412600, -91.59999999999996600 ) ) ;
#5107 = CARTESIAN_POINT ( 'NONE',  ( -6.158294465473434600, 0.3436141235815725600, -91.60000000000002300 ) ) ;
#5108 = CARTESIAN_POINT ( 'NONE',  ( 7.600105008679240500, 1.628853572893237600, 65.00000000000001400 ) ) ;
#5109 = CARTESIAN_POINT ( 'NONE',  ( 12.12558933676235100, -3.499361451640145200, -65.00000000000002800 ) ) ;
#5110 = CARTESIAN_POINT ( 'NONE',  ( -6.546371037064115100, 2.051464759414991100, -75.63473780016907700 ) ) ;
#5111 = CARTESIAN_POINT ( 'NONE',  ( -11.83704275198465400, -3.500623066878259900, 70.33555084614485500 ) ) ;
#5112 = CARTESIAN_POINT ( 'NONE',  ( -7.607612137029612100, 2.853296867367342700, -64.99999999999994300 ) ) ;
#5113 = CARTESIAN_POINT ( 'NONE',  ( 6.413727592488411000, 1.597121882075710700, 81.02194647338524200 ) ) ;
#5114 = CARTESIAN_POINT ( 'NONE',  ( -6.537333751838266600, -0.2841988154450740300, -86.32523847869275400 ) ) ;
#5115 = VERTEX_POINT ( 'NONE', #589 ) ;
#5116 = CARTESIAN_POINT ( 'NONE',  ( -2.571523033910379800, -0.7920190706095172600, 78.31710555057728100 ) ) ;
#5117 = CARTESIAN_POINT ( 'NONE',  ( 0.0000000000000000000, 3.500000000000000000, 0.0000000000000000000 ) ) ;
#5118 = CARTESIAN_POINT ( 'NONE',  ( -5.417448236387047100, -2.482231842833345400, 92.14071003057451000 ) ) ;
#5119 = CARTESIAN_POINT ( 'NONE',  ( 12.05113553938343600, -3.497781343738082700, -65.00000000000000000 ) ) ;
#5120 = CARTESIAN_POINT ( 'NONE',  ( -1.762133530004280900, -0.2575137627846739200, 85.07036454184240900 ) ) ;
#5121 = ORIENTED_EDGE ( 'NONE', *, *, #2663, .F. ) ;
#5122 = CARTESIAN_POINT ( 'NONE',  ( -7.326732501394746900, -3.439767515673693300, 91.93932359218244700 ) ) ;
#5123 = CARTESIAN_POINT ( 'NONE',  ( 3.111995562092119800, -1.515155730498627600, -91.60000000000003700 ) ) ;
#5125 = VERTEX_POINT ( 'NONE', #3012 ) ;
#5124 = CARTESIAN_POINT ( 'NONE',  ( 1.980172097870913200, 0.3747652898241332600, -78.85116085546610500 ) ) ;
#5126 = CARTESIAN_POINT ( 'NONE',  ( -12.07500000000007600, -3.387499999999999700, 65.00000000000000000 ) ) ;
#5127 = CARTESIAN_POINT ( 'NONE',  ( 7.074664579818895400, 0.3344136330778622600, 81.05674186111588100 ) ) ;
#5128 = CARTESIAN_POINT ( 'NONE',  ( 12.14090616241077700, -2.364551101557721000, -40.21567056942785700 ) ) ;
#5129 = CARTESIAN_POINT ( 'NONE',  ( -1.990908193881711500, 1.296695664566734200, -80.03108366916892200 ) ) ;
#5130 = CIRCLE ( 'NONE', #2179, 25.32549538158370700 ) ;
#5131 = CARTESIAN_POINT ( 'NONE',  ( -10.11465797579507600, -3.496319897800608300, 78.31748053202910900 ) ) ;
#5132 = CARTESIAN_POINT ( 'NONE',  ( -6.330556582957292700, 0.9420330759860114900, -86.32263012437862000 ) ) ;
#5133 = CARTESIAN_POINT ( 'NONE',  ( 6.471902465956846500, 2.144984873022814000, 75.73823792957206500 ) ) ;
#5134 = AXIS2_PLACEMENT_3D ( 'NONE', #4716, #3875, #111 ) ;
#5135 = CARTESIAN_POINT ( 'NONE',  ( -7.519135314590424300, 1.123366664772955200, -70.40745010915628700 ) ) ;
#5136 = ORIENTED_EDGE ( 'NONE', *, *, #3588, .F. ) ;
#5137 = CARTESIAN_POINT ( 'NONE',  ( 0.09757144112352700300, -1.599091377744757300, 91.59999999999998000 ) ) ;
#5138 = CARTESIAN_POINT ( 'NONE',  ( 3.324780642578197400, 3.033451537194835600, 4.406364451191202600 ) ) ;
#5139 = CARTESIAN_POINT ( 'NONE',  ( -3.275973055709789300, -2.206130419742017500, 97.62043125803933200 ) ) ;
#5140 = B_SPLINE_SURFACE_WITH_KNOTS ( 'NONE', 3, 3, ( 
 ( #830, #811, #2514, #2108 ),
 ( #5329, #4991, #54, #3317 ),
 ( #890, #3716, #2915, #869 ),
 ( #4557, #2087, #3335, #4115 ),
 ( #1657, #4949, #5346, #4516 ),
 ( #3680, #4538, #4098, #1210 ),
 ( #4967, #3736, #4080, #2877 ),
 ( #2066, #4175, #2535, #1383 ),
 ( #113, #2973, #4615, #134 ),
 ( #5013, #4634, #1342, #4597 ),
 ( #73, #4257, #2145, #5034 ),
 ( #2164, #1793, #2571, #2993 ),
 ( #946, #4217, #4679, #3038 ),
 ( #1361, #3451, #5053, #5099 ),
 ( #507, #526, #2955, #1715 ),
 ( #2125, #490, #3370, #1323 ),
 ( #2554, #3014, #94, #549 ),
 ( #2206, #3404, #3387, #928 ),
 ( #3817, #4653, #970, #3797 ),
 ( #1754, #909, #4237, #3778 ),
 ( #1775, #4194, #2185, #1736 ),
 ( #5076, #2594, #3426, #3836 ),
 ( #2617, #157, #572, #3760 ),
 ( #1302, #196, #1404, #2710 ),
 ( #249, #3077, #1815, #177 ) ),
 .UNSPECIFIED., .F., .F., .F.,
 ( 4, 1, 1, 1, 1, 1, 1, 2, 1, 1, 1, 2, 1, 1, 1, 1, 1, 1, 1, 1, 4 ),
 ( 4, 4 ),
 ( 0.0000000000000000000, 0.1424368362388512300, 0.2136552543582768400, 0.2848736724777024600, 0.3560920905971279300, 0.4273105087165536800, 0.4985289268359791600, 0.5697473449554049100, 0.6696249598889492100, 0.7695025748224934000, 0.8693801897560375900, 0.9692578046895817800, 0.9769433535171863100, 0.9807861279309886300, 0.9846289023447909500, 0.9884716767585931500, 0.9923144511723955800, 0.9942358383792965200, 0.9961572255861977900, 0.9980786127930989500, 1.000000000000000000 ),
 ( 0.0000000000000000000, 1.000000000000000000 ),
 .UNSPECIFIED. ) ;
#5141 = CARTESIAN_POINT ( 'NONE',  ( 11.86715903094447500, -3.491175392880836000, -70.32231106715319400 ) ) ;
#5142 = CARTESIAN_POINT ( 'NONE',  ( -0.9786014939976278600, -0.6769596762373809600, 91.60000000000000900 ) ) ;
#5143 = CARTESIAN_POINT ( 'NONE',  ( -7.332061680609292000, -3.442499304570989100, 91.59999999999998000 ) ) ;
#5144 = CARTESIAN_POINT ( 'NONE',  ( 2.296081247448642100, -2.610560940458703300, -97.85815940307638500 ) ) ;
#5145 = CARTESIAN_POINT ( 'NONE',  ( 1.177971866286647000, 0.6202680958717926600, -79.07801269933075600 ) ) ;
#5146 = CARTESIAN_POINT ( 'NONE',  ( -5.354029437801478300, -1.000000000000003600, -91.59999999999998000 ) ) ;
#5147 = CARTESIAN_POINT ( 'NONE',  ( 7.128096761302567900, 1.193288753042539300, 81.08968686675628100 ) ) ;
#5148 = CARTESIAN_POINT ( 'NONE',  ( 13.36243348000059700, -3.501910596087584700, -34.99999999999994300 ) ) ;
#5149 = CARTESIAN_POINT ( 'NONE',  ( -3.226394505401886500, 0.8952662083648163000, -85.94052507481822500 ) ) ;
#5150 = CARTESIAN_POINT ( 'NONE',  ( -7.572158415264754100, -3.500276318335800300, 91.59999999999999400 ) ) ;
#5151 = CARTESIAN_POINT ( 'NONE',  ( -7.154442542788108200, 2.629217285328263400, -70.40409992298948800 ) ) ;
#5152 = CARTESIAN_POINT ( 'NONE',  ( 7.287096251281642600, 3.129714231336636400, 65.00000000000000000 ) ) ;
#5153 = CARTESIAN_POINT ( 'NONE',  ( -7.368766686525694000, 1.421334025035282400, -65.00000000000000000 ) ) ;
#5154 = CARTESIAN_POINT ( 'NONE',  ( 1.939696549732699900, -1.259390440055667700, 91.60000000000005100 ) ) ;
#5155 = CARTESIAN_POINT ( 'NONE',  ( -2.082061681108955800, -2.133749714706710200, 91.59999999999996600 ) ) ;
#5156 = CARTESIAN_POINT ( 'NONE',  ( 7.607682799672765000, -3.494381338622723400, -91.59999999999999400 ) ) ;
#5157 = CARTESIAN_POINT ( 'NONE',  ( -3.451686225393161900, 1.316883167569708800, 64.99999999999995700 ) ) ;
#5158 = APPROVAL_PERSON_ORGANIZATION ( #1272, #1969, #3127 ) ;
#5159 = DIRECTION ( 'NONE',  ( 0.0000000000000000000, -1.000000000000000000, 0.0000000000000000000 ) ) ;
#5160 = CARTESIAN_POINT ( 'NONE',  ( 6.671480752888114400, -3.298389122990891900, -91.96292660941169600 ) ) ;
#5161 = CARTESIAN_POINT ( 'NONE',  ( 6.739682815244720800, -0.4133103354030923700, -67.69813125231266300 ) ) ;
#5162 = CARTESIAN_POINT ( 'NONE',  ( -5.500000000000000000, -3.500000000000000000, 101.5999999999999900 ) ) ;
#5163 = CARTESIAN_POINT ( 'NONE',  ( 7.797565394696129600, 2.077698650129524300, 65.00000000000002800 ) ) ;
#5164 = CARTESIAN_POINT ( 'NONE',  ( -11.91146287807707100, -3.495627888606581900, 67.67748053202908000 ) ) ;
#5165 = EDGE_CURVE ( 'NONE', #2041, #3616, #1866, .T. ) ;
#5166 = CARTESIAN_POINT ( 'NONE',  ( -2.043407386291204600, 0.7350091117518754400, -85.72938925496504200 ) ) ;
#5167 = CARTESIAN_POINT ( 'NONE',  ( -11.90365140475402800, -3.456939033324491800, 70.27641215338658800 ) ) ;
#5168 = CARTESIAN_POINT ( 'NONE',  ( -6.558299950605426300, 1.602582402431580700, -81.04526024875697500 ) ) ;
#5169 = CARTESIAN_POINT ( 'NONE',  ( 6.546371037064115100, 2.051464759414991100, 75.63473780016907700 ) ) ;
#5170 = CARTESIAN_POINT ( 'NONE',  ( 8.208273516211974700, 3.323024600393546200, 45.04881468346339100 ) ) ;
#5171 = CARTESIAN_POINT ( 'NONE',  ( -7.406604138426806600, 2.116375729984144800, -75.89819710834360900 ) ) ;
#5172 = CARTESIAN_POINT ( 'NONE',  ( -0.5704668799960772600, -0.9880066259223340100, 85.15210568802577000 ) ) ;
#5173 = CARTESIAN_POINT ( 'NONE',  ( 1.736094968535548500, -0.2408337396312378300, 5.231190136604697100 ) ) ;
#5174 = CARTESIAN_POINT ( 'NONE',  ( -6.556759420763041700, -3.447311715026180900, 96.76724192927586900 ) ) ;
#5175 = CARTESIAN_POINT ( 'NONE',  ( 11.99522973029014100, -3.490438158462971800, -67.65408906791071800 ) ) ;
#5176 = CARTESIAN_POINT ( 'NONE',  ( -4.572254523256340500, -0.6428427282068833700, 78.33813125231266400 ) ) ;
#5177 = CARTESIAN_POINT ( 'NONE',  ( -12.04282393643056700, -3.495300514531105100, 65.00000000000000000 ) ) ;
#5178 = CARTESIAN_POINT ( 'NONE',  ( 6.311228347479147500, -3.188020217679367300, -91.60000000000000900 ) ) ;
#5179 = CARTESIAN_POINT ( 'NONE',  ( 2.864405616686276400, -0.6881593102148746400, -84.97507387356328900 ) ) ;
#5180 = ORIENTED_EDGE ( 'NONE', *, *, #2697, .F. ) ;
#5181 = CARTESIAN_POINT ( 'NONE',  ( 6.724252788170123700, 0.4580352095472402000, 86.34481955024305900 ) ) ;
#5182 = CARTESIAN_POINT ( 'NONE',  ( -7.617713430617347300, -3.490099978400008400, 91.59999999999999400 ) ) ;
#5183 = CARTESIAN_POINT ( 'NONE',  ( -6.481927684587204500, 2.217322100243971100, -75.77202017029335900 ) ) ;
#5184 = CARTESIAN_POINT ( 'NONE',  ( 5.911814251511112100, 1.025086316260137400, 86.28317637822713900 ) ) ;
#5185 = EDGE_LOOP ( 'NONE', ( #3114, #782 ) ) ;
#5186 = CARTESIAN_POINT ( 'NONE',  ( -7.408319400871965500, 1.449281616144596900, -65.00000000000000000 ) ) ;
#5187 = CARTESIAN_POINT ( 'NONE',  ( -0.2974673060341009900, -0.9195402882924373900, 85.20682435681028700 ) ) ;
#5188 = APPLICATION_CONTEXT ( 'configuration controlled 3d designs of mechanical parts and assemblies' ) ;
#5189 = CARTESIAN_POINT ( 'NONE',  ( -5.500000000000000000, -3.500000000000000000, 101.5999999999999900 ) ) ;
#5190 = CARTESIAN_POINT ( 'NONE',  ( -8.175361925316210000, -0.3040165626875691600, 53.62657717631147800 ) ) ;
#5191 = CARTESIAN_POINT ( 'NONE',  ( -6.866475705229619900, -0.6590898386838134300, 70.36527296117219500 ) ) ;
#5192 = CIRCLE ( 'NONE', #4835, 24.99999999999999300 ) ;
#5193 = CARTESIAN_POINT ( 'NONE',  ( 4.374617301998518400, -2.998997767591870200, -97.03490050757930900 ) ) ;
#5194 = CARTESIAN_POINT ( 'NONE',  ( 1.672593649292130500, -0.9419733094848231600, -91.59999999999999400 ) ) ;
#5195 = EDGE_CURVE ( 'NONE', #3620, #4294, #1724, .T. ) ;
#5196 = CIRCLE ( 'NONE', #2820, 28.17412854073873500 ) ;
#5197 = DIRECTION ( 'NONE',  ( 1.000000000000000000, 0.0000000000000000000, 0.0000000000000000000 ) ) ;
#5198 = CARTESIAN_POINT ( 'NONE',  ( 7.149079728384628600, 2.302637162982001900, 75.89110255650749100 ) ) ;
#5199 = CARTESIAN_POINT ( 'NONE',  ( 11.74014435581564400, -2.631281765846673200, -34.99999999999997900 ) ) ;
#5200 = CARTESIAN_POINT ( 'NONE',  ( -6.305069922533955500, 0.9533991430456355600, -86.32064254446221700 ) ) ;
#5201 = CARTESIAN_POINT ( 'NONE',  ( 6.213916294381470500, 1.552311678695190900, 80.96952931684941700 ) ) ;
#5202 = AXIS2_PLACEMENT_3D ( 'NONE', #1578, #4486, #332 ) ;
#5203 = CARTESIAN_POINT ( 'NONE',  ( 6.481367097174954800, 0.3046593486798787600, 75.64552843288588200 ) ) ;
#5204 = MECHANICAL_CONTEXT ( 'NONE', #5188, 'mechanical' ) ;
#5205 = CARTESIAN_POINT ( 'NONE',  ( -7.575125411725758300, -3.503091601416670600, 91.59999999999998000 ) ) ;
#5206 = CARTESIAN_POINT ( 'NONE',  ( -6.064525087124903500, 0.1650945292786877300, 65.00000000000000000 ) ) ;
#5207 = CARTESIAN_POINT ( 'NONE',  ( -8.604527075602501200, -1.281505513253458300, 65.00000000000001400 ) ) ;
#5208 = CARTESIAN_POINT ( 'NONE',  ( 5.500000000000000000, -3.500000000000000000, -101.5999999999999900 ) ) ;
#5209 = CARTESIAN_POINT ( 'NONE',  ( 6.698493249432847700, -0.5749753268492728800, -70.39657582580939300 ) ) ;
#5210 = CARTESIAN_POINT ( 'NONE',  ( 12.13066365381073600, -3.289735958407718400, -64.99999999999998600 ) ) ;
#5211 = CARTESIAN_POINT ( 'NONE',  ( 7.194138058836306200, 2.279742555208047200, 75.89322415161674900 ) ) ;
#5212 = DIRECTION ( 'NONE',  ( 0.0000000000000000000, 0.0000000000000000000, -1.000000000000000000 ) ) ;
#5213 = CARTESIAN_POINT ( 'NONE',  ( -5.046406568328056800, 0.5472311556498298300, -2.194635675436039400 ) ) ;
#5214 = CARTESIAN_POINT ( 'NONE',  ( -6.080163035205360200, 0.3030198114288231200, -91.60000000000027900 ) ) ;
#5215 = CARTESIAN_POINT ( 'NONE',  ( 6.940579264250523300, 3.242176048693420100, 65.00000000000000000 ) ) ;
#5216 = CARTESIAN_POINT ( 'NONE',  ( 6.521464476684617900, 0.3026130392090759500, 75.65131771553022600 ) ) ;
#5217 = CARTESIAN_POINT ( 'NONE',  ( -5.500000000000000000, -3.500000000000000000, 101.5999999999999900 ) ) ;
#5218 = ORIENTED_EDGE ( 'NONE', *, *, #4417, .T. ) ;
#5219 = CARTESIAN_POINT ( 'NONE',  ( -4.790753321610658600, -0.7446102340961012800, 78.31787031441581300 ) ) ;
#5220 = DIRECTION ( 'NONE',  ( -0.0000000000000000000, -0.0000000000000000000, -1.000000000000000000 ) ) ;
#5221 = CARTESIAN_POINT ( 'NONE',  ( 5.500000000000000000, -3.500000000000000000, -101.5999999999999900 ) ) ;
#5222 = CARTESIAN_POINT ( 'NONE',  ( 3.176423625188876000, -0.8212907945899093900, -84.95893515720791800 ) ) ;
#5223 = CARTESIAN_POINT ( 'NONE',  ( 6.718967595205839400, 0.4764926895378841500, 86.34473039298582400 ) ) ;
#5224 = CARTESIAN_POINT ( 'NONE',  ( -7.550811680725582100, -3.497030537516180100, 91.59999999999999400 ) ) ;
#5225 = AXIS2_PLACEMENT_3D ( 'NONE', #4353, #2728, #3539 ) ;
#5226 = CARTESIAN_POINT ( 'NONE',  ( 9.127063101341201800, -1.755202108929919000, -53.15101810504420900 ) ) ;
#5227 = CARTESIAN_POINT ( 'NONE',  ( -5.930725949115013900, 0.4096468284710984000, -91.60000000000026400 ) ) ;
#5228 = CARTESIAN_POINT ( 'NONE',  ( 6.700073671284774200, 2.650378996277289000, 70.32203413774399800 ) ) ;
#5229 = CARTESIAN_POINT ( 'NONE',  ( 6.563296736786389500, 0.7875089157286255800, 70.32304575654137600 ) ) ;
#5230 = CARTESIAN_POINT ( 'NONE',  ( 4.616661032676786300, -1.493951747401085500, 96.61767322535457900 ) ) ;
#5231 = CARTESIAN_POINT ( 'NONE',  ( -7.266722016811225900, 1.195256904456912400, 35.00000000000000000 ) ) ;
#5232 = CARTESIAN_POINT ( 'NONE',  ( -7.163231072387155500, -0.6394779869911262300, 67.66591850289836400 ) ) ;
#5233 = CARTESIAN_POINT ( 'NONE',  ( -0.002753594491033961600, -2.458931589830675600, -99.43733406778260100 ) ) ;
#5235 = EDGE_LOOP ( 'NONE', ( #4839, #1172, #4120, #529, #2209, #3441, #3893, #1933 ) ) ;
#5234 = CARTESIAN_POINT ( 'NONE',  ( 8.941595571132595000, -1.600098772092630500, -67.56729161852368300 ) ) ;
#5236 = CARTESIAN_POINT ( 'NONE',  ( -5.300832950019472600, -3.452909573147706600, 1.472209024453376100 ) ) ;
#5237 = CARTESIAN_POINT ( 'NONE',  ( 7.691932485758518300, 2.185588763430502000, 70.44921668904642300 ) ) ;
#5238 = CARTESIAN_POINT ( 'NONE',  ( -4.680804423831263600, -2.781578952616098600, 91.60000000000012200 ) ) ;
#5239 = CIRCLE ( 'NONE', #3532, 5.500000000000000000 ) ;
#5240 = CARTESIAN_POINT ( 'NONE',  ( 12.72778490315996400, -3.187407010529113500, -40.22037967124438800 ) ) ;
#5241 = CARTESIAN_POINT ( 'NONE',  ( -6.934487716993764600, 2.654045482346203000, -70.36945793217202500 ) ) ;
#5242 = CARTESIAN_POINT ( 'NONE',  ( 5.883569080409542600, 1.554242606899266500, 80.91777195253128200 ) ) ;
#5243 = CIRCLE ( 'NONE', #2736, 28.17412854073873500 ) ;
#5244 = CARTESIAN_POINT ( 'NONE',  ( 5.598848311463045000, -0.9996278661613914300, 91.59999999999996600 ) ) ;
#5245 = CARTESIAN_POINT ( 'NONE',  ( -5.500000000000000000, -3.500000000000000000, 101.5999999999999900 ) ) ;
#5246 = CARTESIAN_POINT ( 'NONE',  ( -1.400444876332448400, -1.490975019170152300, 5.326060683695746300 ) ) ;
#5247 = CARTESIAN_POINT ( 'NONE',  ( -8.953631277432872800, -3.331101897410240700, 84.89901728372667800 ) ) ;
#5248 = ORIENTED_EDGE ( 'NONE', *, *, #3868, .F. ) ;
#5249 = CARTESIAN_POINT ( 'NONE',  ( 8.818328264006725100, -2.158891903210888000, -67.67593008818026600 ) ) ;
#5250 = CARTESIAN_POINT ( 'NONE',  ( 1.611995562727764700, -0.9178426218312254500, -91.60000000000000900 ) ) ;
#5251 = CARTESIAN_POINT ( 'NONE',  ( 7.612937928477665000, -3.307470315790514100, -91.60000000000000900 ) ) ;
#5252 = EDGE_CURVE ( 'NONE', #2899, #916, #537, .T. ) ;
#5253 = CARTESIAN_POINT ( 'NONE',  ( -5.440696670390790000, -3.104786526022111000, 0.8150359909623881000 ) ) ;
#5254 = CARTESIAN_POINT ( 'NONE',  ( 7.100894703806790000, 1.241755032694963600, 81.08921668904641000 ) ) ;
#5255 = CARTESIAN_POINT ( 'NONE',  ( -0.5508116812163015300, -1.752031084320056800, 91.59999999999998000 ) ) ;
#5256 = CARTESIAN_POINT ( 'NONE',  ( -5.490388750744920700, 1.318359123160094200, -0.3355597073674244600 ) ) ;
#5257 = DIRECTION ( 'NONE',  ( 1.000000000000000000, 0.0000000000000000000, 0.0000000000000000000 ) ) ;
#5258 = CARTESIAN_POINT ( 'NONE',  ( 6.678127795163009100, 2.650530485186439300, 70.31721038716362700 ) ) ;
#5259 = CC_DESIGN_APPROVAL ( #4974, ( #2232 ) ) ;
#5260 = CARTESIAN_POINT ( 'NONE',  ( 5.577548455071305300, -0.9999963500917606900, 91.59999999999998000 ) ) ;
#5261 = CARTESIAN_POINT ( 'NONE',  ( 5.406703507606513500, -0.2360741792325806400, 98.42039891338988900 ) ) ;
#5262 = CARTESIAN_POINT ( 'NONE',  ( 4.888944653252027100, 2.662847721955357500, -44.17831464003693000 ) ) ;
#5263 = CARTESIAN_POINT ( 'NONE',  ( -8.276955102827148600, -3.021238824830460700, 84.87607048162031700 ) ) ;
#5264 = CARTESIAN_POINT ( 'NONE',  ( -7.187148539854195700, 1.050098805338632000, -81.08927438863092600 ) ) ;
#5265 = CARTESIAN_POINT ( 'NONE',  ( 10.99688639316091400, -3.167836915715867000, -70.35373732120969200 ) ) ;
#5266 = CARTESIAN_POINT ( 'NONE',  ( -5.505507188982068800, -1.417863179661351200, -97.27466813556522100 ) ) ;
#5267 = CARTESIAN_POINT ( 'NONE',  ( 8.731806536235417600, -1.485620247608861800, -67.57677729352649000 ) ) ;
#5268 = DATE_AND_TIME ( #884, #2303 ) ;
#5269 = CARTESIAN_POINT ( 'NONE',  ( -4.344009106448598200, -2.089210432617129700, 3.380585774213791700 ) ) ;
#5270 = CARTESIAN_POINT ( 'NONE',  ( 7.798621089933406300, 2.083795400386835500, 65.00000000000002800 ) ) ;
#5271 = DIRECTION ( 'NONE',  ( -0.9143797892797629300, 0.4048575069783149600, 0.0000000000000000000 ) ) ;
#5272 = CARTESIAN_POINT ( 'NONE',  ( 3.114568151336391600, 0.4578395495828923000, -65.00000000000000000 ) ) ;
#5273 = CARTESIAN_POINT ( 'NONE',  ( 1.553424393774237800, -1.270096972333065500, -84.95855277528863800 ) ) ;
#5274 = CARTESIAN_POINT ( 'NONE',  ( 6.624594017102083400, 0.3061588068195224600, 75.66595592359784900 ) ) ;
#5275 = CARTESIAN_POINT ( 'NONE',  ( -0.2498886735348620200, -2.505932417156091100, 99.30450648846338900 ) ) ;
#5276 = CARTESIAN_POINT ( 'NONE',  ( -3.109878336842438100, 5.278925673685592700, -45.09344377767258300 ) ) ;
#5277 = CARTESIAN_POINT ( 'NONE',  ( -10.29221156117616700, -3.353738925625876300, 78.19796246428974500 ) ) ;
#5278 = CARTESIAN_POINT ( 'NONE',  ( -6.574114031250244800, -0.2395981043819823700, -86.32790573776756600 ) ) ;
#5279 = EDGE_CURVE ( 'NONE', #993, #4844, #4240, .T. ) ;
#5280 = CARTESIAN_POINT ( 'NONE',  ( 4.926328978792089000, -0.3443489725650449300, -65.00000000000000000 ) ) ;
#5281 = CARTESIAN_POINT ( 'NONE',  ( 8.587608029728986700, 4.163413077083399500, 34.99999999999996400 ) ) ;
#5282 = CARTESIAN_POINT ( 'NONE',  ( 9.303047147780416600, -1.679331645164397600, -65.00000000000000000 ) ) ;
#5283 = DIRECTION ( 'NONE',  ( -0.0000000000000000000, 1.000000000000000000, -0.0000000000000000000 ) ) ;
#5284 = CARTESIAN_POINT ( 'NONE',  ( 6.904354598862813200, 2.396899441540767400, 75.87102676846659200 ) ) ;
#5285 = CARTESIAN_POINT ( 'NONE',  ( -2.543615626577186100, -2.248808483637999800, 91.60000000000009400 ) ) ;
#5286 = CARTESIAN_POINT ( 'NONE',  ( -7.456987757109556200, 5.500000000000005300, -35.00000000000000000 ) ) ;
#5287 = CARTESIAN_POINT ( 'NONE',  ( 3.900284836539228600, -0.1829466578808035000, -70.36368984126843900 ) ) ;
#5288 = CARTESIAN_POINT ( 'NONE',  ( 7.408507895377482600, 1.013750431886375900, 70.39614203047735000 ) ) ;
#5289 = CARTESIAN_POINT ( 'NONE',  ( -0.4416694836616071300, -2.496975873700542500, 99.10883661267729400 ) ) ;
#5290 = CARTESIAN_POINT ( 'NONE',  ( -10.90229518007885200, -1.459944882438274800, 40.86192774581265000 ) ) ;
#5291 = CARTESIAN_POINT ( 'NONE',  ( -6.998527737692379300, -2.456807352174188400, 84.87756789622287100 ) ) ;
#5292 = CARTESIAN_POINT ( 'NONE',  ( -7.257101094498342100, 2.241127700781188300, -75.89553453997122300 ) ) ;
#5293 = ORIENTED_EDGE ( 'NONE', *, *, #4671, .T. ) ;
#5294 = CARTESIAN_POINT ( 'NONE',  ( 5.405684434632529900, -2.962281127268910500, -91.60000000000009400 ) ) ;
#5295 = CARTESIAN_POINT ( 'NONE',  ( -6.644133670718318300, 1.264262982704586400, -64.99999999999998600 ) ) ;
#5296 = CARTESIAN_POINT ( 'NONE',  ( 4.789576431103972400, 2.649599163913952000, 5.719227204834493400 ) ) ;
#5297 = CARTESIAN_POINT ( 'NONE',  ( 10.01289762004581800, -2.083610747318200800, -64.99999999999998600 ) ) ;
#5298 = FACE_OUTER_BOUND ( 'NONE', #3621, .T. ) ;
#5299 = CARTESIAN_POINT ( 'NONE',  ( 6.594572603324483100, 1.599067535561754500, 81.05002487730527600 ) ) ;
#5300 = CARTESIAN_POINT ( 'NONE',  ( -8.139115746763122800, 3.652219117492258700, -55.02796668370977100 ) ) ;
#5301 = CARTESIAN_POINT ( 'NONE',  ( 3.881499495426875300, -0.03437387655633051400, -67.70413895884649900 ) ) ;
#5302 = ORIENTED_EDGE ( 'NONE', *, *, #2375, .T. ) ;
#5303 = CARTESIAN_POINT ( 'NONE',  ( 6.692205675365906700, 0.3089669036976657700, 75.67506726877249400 ) ) ;
#5304 = CARTESIAN_POINT ( 'NONE',  ( 8.635008004818004700, -0.8828271103404621300, -34.99999999999998600 ) ) ;
#5305 = CARTESIAN_POINT ( 'NONE',  ( -13.26915514171067500, -3.492244288815582900, 40.00417574954925500 ) ) ;
#5306 = CARTESIAN_POINT ( 'NONE',  ( -10.29248337229218500, -3.361049326536175400, 78.19824085790259000 ) ) ;
#5307 = CARTESIAN_POINT ( 'NONE',  ( -7.144134454732885300, 1.161351121987985300, -81.08982916283969200 ) ) ;
#5308 = CARTESIAN_POINT ( 'NONE',  ( -0.1623420578244355900, -1.834828462090690900, 99.99050645971205100 ) ) ;
#5309 = CARTESIAN_POINT ( 'NONE',  ( -5.854068925863412400, -0.5581933740062078300, -86.28082747077067400 ) ) ;
#5310 = CARTESIAN_POINT ( 'NONE',  ( 0.4280047568432220300, -0.8652004700196656000, 14.61195414614757100 ) ) ;
#5311 = CARTESIAN_POINT ( 'NONE',  ( 12.09979379412483300, -3.369877819041294600, -67.55909717194889200 ) ) ;
#5312 = AXIS2_PLACEMENT_3D ( 'NONE', #3573, #1445, #254 ) ;
#5313 = ADVANCED_FACE ( 'NONE', ( #2040, #4878 ), #3549, .F. ) ;
#5314 = CARTESIAN_POINT ( 'NONE',  ( 5.802315442584281300, -3.122671246747942100, -96.81852066005116300 ) ) ;
#5315 = CARTESIAN_POINT ( 'NONE',  ( 6.392259712936355400, 0.9092608707883260700, 86.32718498141608200 ) ) ;
#5316 = CARTESIAN_POINT ( 'NONE',  ( -5.693469306443474500, -0.8079687229036501800, 67.67363234640063800 ) ) ;
#5317 = CARTESIAN_POINT ( 'NONE',  ( -8.162881740689112300, 5.209115622387726000, -45.04888591020164100 ) ) ;
#5318 = CARTESIAN_POINT ( 'NONE',  ( 3.979995174548181400, -0.07622028756386360600, -67.67259398398344700 ) ) ;
#5319 = LOCAL_TIME ( 12, 26, 38.00000000000000000, #1150 ) ;
#5320 = CARTESIAN_POINT ( 'NONE',  ( 6.668670614712641300, 0.7774610760289261100, 70.33270248011047000 ) ) ;
#5321 = CARTESIAN_POINT ( 'NONE',  ( 0.03834867992640955700, 2.685545651007120100, -35.00000000000002100 ) ) ;
#5322 = CARTESIAN_POINT ( 'NONE',  ( -12.81842673036878100, -3.346424057976369300, 52.50133064449435200 ) ) ;
#5323 = CARTESIAN_POINT ( 'NONE',  ( -12.08198841530765000, -3.415545570737652100, 67.56723080569810200 ) ) ;
#5324 = CARTESIAN_POINT ( 'NONE',  ( -7.703477649410538100, 2.161605378117915900, -70.44947284924263900 ) ) ;
#5325 = CIRCLE ( 'NONE', #1778, 2.500000000000000000 ) ;
#5326 = CARTESIAN_POINT ( 'NONE',  ( 5.336785951922745900, 0.4974204868938179600, 91.59999999999999400 ) ) ;
#5327 = CARTESIAN_POINT ( 'NONE',  ( -6.174636578483079700, -0.1206932989281622700, -80.96665417930998400 ) ) ;
#5328 = CARTESIAN_POINT ( 'NONE',  ( -6.102691817818850100, 0.5430812962098321400, 23.24749349164519400 ) ) ;
#5329 = CARTESIAN_POINT ( 'NONE',  ( 3.983583382390500900, 2.805021401942735100, 0.0000000000000000000 ) ) ;
#5330 = CARTESIAN_POINT ( 'NONE',  ( 12.04176966875522800, -3.444526936924092300, -70.11761678628840900 ) ) ;
#5331 = CARTESIAN_POINT ( 'NONE',  ( 3.409055548481061400, 3.154286419249737100, 44.77306493902164400 ) ) ;
#5332 = CARTESIAN_POINT ( 'NONE',  ( 4.304526336598703700, -2.561876484896953100, -97.16832572760701200 ) ) ;
#5333 = CARTESIAN_POINT ( 'NONE',  ( 6.530870926219315600, 2.292957994011311400, 75.80014218580352300 ) ) ;
#5334 = CARTESIAN_POINT ( 'NONE',  ( -3.352147286964856300, 2.824631478723828700, -5.803733397248822500 ) ) ;
#5335 = CARTESIAN_POINT ( 'NONE',  ( -7.278810700431313000, 3.172915432984817900, -64.99999999999998600 ) ) ;
#5336 = CARTESIAN_POINT ( 'NONE',  ( 3.627548229478651600, -0.07649391439254367400, -70.53869513230077400 ) ) ;
#5337 = CARTESIAN_POINT ( 'NONE',  ( 7.131502944156905800, 0.4440671511152337600, 75.73414849712610000 ) ) ;
#5338 = CARTESIAN_POINT ( 'NONE',  ( -0.4280047568432220300, -0.8652004700196656000, 0.0000000000000000000 ) ) ;
#5339 = CARTESIAN_POINT ( 'NONE',  ( -6.205070242657917800, 1.551413197221335200, -80.96635275645428500 ) ) ;
#5340 = CARTESIAN_POINT ( 'NONE',  ( -7.636269092620366900, -3.320956970182019000, 91.59999999999999400 ) ) ;
#5341 = CARTESIAN_POINT ( 'NONE',  ( -7.117099646191263700, 1.213687074382420800, -81.08952989242389700 ) ) ;
#5342 = EDGE_CURVE ( 'NONE', #341, #1002, #1538, .T. ) ;
#5343 = CARTESIAN_POINT ( 'NONE',  ( -6.140405924411030700, -0.1181606605825551200, -80.96304575654133400 ) ) ;
#5344 = CARTESIAN_POINT ( 'NONE',  ( -2.710505431213761100E-016, 2.034576191987957500, -5.500000000000000000 ) ) ;
#5345 = CARTESIAN_POINT ( 'NONE',  ( -3.709654565632028300, 1.643812679281249700, 23.26334147378031500 ) ) ;
#5346 = CARTESIAN_POINT ( 'NONE',  ( -1.419085416410033100, 4.061546986379974000, 23.27328101857091600 ) ) ;
#5347 = CARTESIAN_POINT ( 'NONE',  ( 12.08628327133804200, -3.410572397911004300, -67.56524795891698400 ) ) ;
ENDSEC;
END-ISO-10303-21;
