Hello Junta. Starting Potato Controller now
8.060356 5.512794 -13.923425 -0.060976 0.121951 0.060976 1100.000000 1100.000000 1100.000000 1100.000000 0.000000 0.000000 0.000000 
8.051888 5.520861 -13.919979 -0.060976 0.060976 0.060976 1100.000000 1100.000000 1100.000000 1100.000000 0.000000 0.000100 0.000000 
8.057609 5.520031 -13.917672 -0.060976 0.060976 0.060976 1100.000000 1100.000000 1100.000000 1100.000000 0.000000 0.000400 0.000000 
8.060875 5.517893 -13.917751 0.000000 0.121951 -0.000000 1100.000000 1100.000000 1100.000000 1100.000000 0.000000 0.000000 0.000000 
8.062460 5.523188 -13.911640 -0.060976 0.121951 -0.000000 1100.000000 1100.000000 1100.000000 1100.000000 0.000000 0.000000 0.000000 
8.066363 5.524543 -13.910375 -0.060976 0.060976 -0.121951 1100.000000 1100.000000 1100.000000 1100.000000 0.000000 0.000000 0.000000 
8.059356 5.527366 -13.906623 0.000000 0.182927 -0.000000 1100.000000 1100.000000 1100.000000 1100.000000 0.000000 0.000000 0.000000 
8.064698 5.523378 -13.906567 0.000000 0.121951 -0.060976 1100.000000 1100.000000 1100.000000 1100.000000 0.000000 0.000000 0.000000 
8.065878 5.517158 -13.904252 -0.060976 0.060976 -0.000000 1100.000000 1100.000000 1100.000000 1100.000000 0.000000 0.000000 0.000000 
8.072341 5.504126 -13.906090 0.000000 0.121951 0.060976 1100.000000 1100.000000 1100.000000 1100.000000 0.000000 0.000000 0.000000 
8.073862 5.507187 -13.899184 -0.060976 0.060976 -0.060976 1100.000000 1100.000000 1100.000000 1100.000000 0.000000 0.000000 0.000000 
8.080130 5.512195 -13.902200 -0.060976 -0.000000 0.121951 1100.000000 1100.000000 1100.000000 1100.000000 0.000000 0.000000 0.000000 
8.087792 5.520805 -13.895911 0.000000 0.060976 -0.000000 1100.000000 1100.000000 1100.000000 1100.000000 0.000000 0.000000 0.000000 
8.082599 5.525058 -13.896438 -0.060976 0.182927 0.060976 1100.000000 1100.000000 1100.000000 1100.000000 0.000000 0.000000 0.000000 
8.076530 5.516876 -13.894437 0.000000 0.060976 -0.000000 1100.000000 1100.000000 1100.000000 1100.000000 0.000000 0.000000 0.000000 
8.076992 5.511757 -13.894296 0.000000 -0.000000 -0.000000 1100.000000 1100.000000 1100.000000 1100.000000 0.000000 0.000000 0.000000 
8.075618 5.520210 -13.891095 0.000000 -0.000000 -0.000000 1100.000000 1100.000000 1100.000000 1100.000000 0.000000 0.000000 0.000000 
8.067031 5.512376 -13.890079 -0.060976 0.243902 0.060976 1100.000000 1100.000000 1100.000000 1100.000000 0.000000 0.000000 0.000000 
8.070518 5.508212 -13.891891 -0.060976 0.121951 0.060976 1104.000000 1104.000000 1104.000000 1104.000000 0.000000 0.000000 0.000000 
8.066648 5.513638 -13.890241 -0.182927 0.121951 -0.000000 1143.000000 1143.000000 1143.000000 1143.000000 0.000000 0.000000 0.000000 
8.133876 5.547029 -13.880564 -1.219512 0.792683 -1.585366 1143.000000 1143.000000 1143.000000 1143.000000 0.000000 0.000000 0.000000 
8.183054 5.381146 -13.872988 0.731707 -0.365854 1.097561 1129.000000 1129.000000 1129.000000 1129.000000 0.000000 0.000000 0.000000 
8.240487 5.499709 -13.842452 -0.853659 0.975610 -0.670732 1126.000000 1126.000000 1126.000000 1126.000000 0.000000 0.000000 0.000000 
8.244496 5.522151 -13.794008 0.182927 0.304878 -1.158537 1127.000000 1127.000000 1127.000000 1127.000000 0.000000 0.000000 0.000000 
8.101846 5.578347 -13.797224 0.487805 -0.426829 1.768293 1128.000000 1128.000000 1128.000000 1128.000000 0.000000 0.000000 0.000000 
7.942760 5.652453 -13.815680 0.060976 0.243902 0.487805 1127.000000 1127.000000 1127.000000 1127.000000 0.000000 0.000000 0.000000 
7.972118 5.642725 -13.790350 -0.670732 0.487805 -1.219512 1127.000000 1127.000000 1127.000000 1127.000000 0.000000 0.000000 0.000000 
7.974477 5.606898 -13.769523 -0.243902 -0.121951 -0.426829 1128.000000 1128.000000 1128.000000 1128.000000 0.000000 0.000000 0.000000 
8.051009 5.604064 -13.796463 0.365854 0.182927 0.426829 1127.000000 1127.000000 1127.000000 1127.000000 0.000000 0.000000 0.000000 
8.237610 5.638458 -13.764234 -0.182927 0.670732 -0.182927 1127.000000 1127.000000 1127.000000 1127.000000 0.000000 0.000000 0.000000 
8.131778 5.633393 -13.751032 0.000000 -0.000000 0.182927 1128.000000 1128.000000 1128.000000 1128.000000 0.000000 0.000000 0.000000 
8.279625 5.660475 -13.759737 0.000000 -0.000000 0.426829 1128.000000 1128.000000 1128.000000 1128.000000 0.000000 0.000000 0.000000 
8.211645 5.667755 -13.762532 -0.243902 -0.000000 -0.487805 1173.000000 1173.000000 1173.000000 1173.000000 0.000000 0.000000 0.000000 
8.344551 5.630779 -13.751430 0.000000 -0.609756 0.121951 1208.000000 1208.000000 1208.000000 1208.000000 0.000000 0.000000 0.000000 
8.330034 5.696957 -13.741473 0.000000 -0.243902 0.853659 1223.000000 1223.000000 1223.000000 1223.000000 0.000000 0.000000 0.000000 
8.250758 5.663923 -13.778570 0.000000 -0.609756 -0.731707 1228.000000 1228.000000 1228.000000 1228.000000 0.000000 0.000000 0.000000 
8.190181 5.659409 -13.762802 -0.060976 0.121951 -0.548781 1240.000000 1240.000000 1240.000000 1240.000000 0.000000 0.000000 0.000000 
8.350810 5.797921 -13.728499 1.646341 -0.670732 0.121951 1252.000000 1252.000000 1252.000000 1252.000000 0.000000 0.000000 0.000000 
8.580382 6.021799 -13.713735 0.426829 -0.548781 -0.365854 1287.000000 1287.000000 1287.000000 1287.000000 0.000000 0.000000 0.000000 
8.548415 5.847904 -13.761916 -0.121951 -0.426829 0.060976 1312.000000 1312.000000 1312.000000 1312.000000 0.000000 0.000000 0.000000 
8.679479 5.757535 -13.771629 -0.304878 0.304878 -0.731707 1328.000000 1328.000000 1328.000000 1328.000000 0.000000 0.000000 0.000000 
9.023757 5.750848 -13.798244 1.280488 -1.646341 -0.426829 1347.000000 1347.000000 1347.000000 1347.000000 0.000000 0.000000 0.000000 
9.096391 6.068528 -13.766445 -0.670732 0.792683 -1.768293 1372.000000 1372.000000 1372.000000 1372.000000 0.000000 0.000000 0.000000 
9.048510 5.916802 -13.758509 0.121951 -1.768293 -0.548781 1377.000000 1377.000000 1377.000000 1377.000000 0.000000 0.000000 0.000000 
9.535224 6.270381 -13.725559 0.000000 0.609756 1.341463 1379.000000 1379.000000 1379.000000 1379.000000 0.000000 0.000000 0.000000 
9.332620 6.155843 -13.730116 -1.097561 -0.792683 0.365854 1395.000000 1395.000000 1395.000000 1395.000000 0.000000 0.000000 0.000000 
9.361168 6.337299 -13.771087 1.890244 0.304878 1.829268 1423.000000 1423.000000 1423.000000 1423.000000 0.000000 0.000000 0.000000 
8.936798 6.133995 -13.770213 -4.939024 4.634146 0.304878 1423.000000 1423.000000 1423.000000 1423.000000 0.000000 0.000000 0.000000 
7.913805 5.323411 -13.830379 -5.365854 7.317073 0.426829 1425.000000 1425.000000 1425.000000 1425.000000 0.000000 0.000000 0.000000 
2.738900 1.065607 -14.025373 -18.109756 19.329269 -0.121951 1425.000000 1425.000000 1425.000000 1425.000000 0.000000 0.000000 0.000000 
-1.653015 -3.055151 -13.967653 -27.012196 28.170732 2.317073 1423.000000 1423.000000 1423.000000 1423.000000 0.000000 0.000000 0.000000 
-6.664899 -7.600461 -13.414354 -6.951220 16.890244 -0.426829 1423.000000 1423.000000 1423.000000 1423.000000 0.000000 0.000000 0.000000 
-6.243802 -7.467815 -13.527083 7.317073 -13.536586 -5.060976 1425.000000 1425.000000 1425.000000 1425.000000 0.000000 0.000000 0.000000 
-3.554857 -5.146286 -13.760736 13.963415 -13.902439 -2.926829 1423.000000 1423.000000 1423.000000 1423.000000 0.000000 0.000000 0.000000 
-1.532896 -3.264976 -13.953765 11.585366 -9.695122 3.658537 1423.000000 1423.000000 1423.000000 1423.000000 0.000000 0.000000 0.000000 
0.856189 -1.163074 -14.044875 13.231708 -12.804878 0.670732 1425.000000 1425.000000 1425.000000 1425.000000 0.000000 0.000000 0.000000 
5.712425 2.809922 -14.059030 12.743903 -13.414635 0.182927 1423.000000 1423.000000 1423.000000 1423.000000 0.000000 0.000000 0.000000 
7.186861 4.280739 -14.011613 8.048780 -7.500000 0.426829 1423.000000 1423.000000 1423.000000 1423.000000 0.000000 0.000000 0.000000 
9.404791 6.216972 -13.686527 9.878049 -9.634147 -1.280488 1423.000000 1423.000000 1423.000000 1423.000000 0.000000 0.000000 0.000000 
10.924446 8.163621 -13.448373 12.195122 -12.317074 -0.731707 1425.000000 1425.000000 1425.000000 1425.000000 0.000000 0.000000 0.000000 
13.881551 11.051508 -12.847257 12.134147 -16.219513 -1.646341 1423.000000 1423.000000 1423.000000 1423.000000 0.000000 0.000000 0.000000 
16.598845 13.677232 -12.298702 14.390244 -15.609756 -0.487805 1423.000000 1423.000000 1423.000000 1423.000000 0.000000 0.000000 0.000000 
19.325317 16.561855 -11.494740 17.195122 -17.500000 0.731707 1425.000000 1425.000000 1425.000000 1425.000000 0.000000 0.000000 0.000000 
20.829994 18.320328 -10.951255 -6.280488 8.658537 -0.426829 1425.000000 1425.000000 1425.000000 1425.000000 0.000000 0.000000 0.000000 
19.506771 16.927618 -11.406919 -7.743903 7.073171 1.402439 1423.000000 1423.000000 1423.000000 1423.000000 0.000000 0.000000 0.000000 
18.403883 15.690396 -11.682099 -4.756098 4.512195 -0.060976 1423.000000 1423.000000 1423.000000 1423.000000 0.000000 0.000000 0.000000 
17.965040 15.196887 -11.848467 -1.402439 -1.158537 -0.975610 1425.000000 1425.000000 1425.000000 1425.000000 0.000000 0.000000 0.000000 
18.015358 15.331640 -11.783625 2.317073 -1.341463 -1.219512 1423.000000 1423.000000 1423.000000 1423.000000 0.000000 0.000000 0.000000 
18.674894 15.887643 -11.647799 3.475610 -1.585366 0.365854 1423.000000 1423.000000 1423.000000 1423.000000 0.000000 0.000000 0.000000 
19.797195 16.834068 -11.375956 3.109756 -1.463415 1.402439 1423.000000 1423.000000 1423.000000 1423.000000 0.000000 0.000000 0.000000 
19.786839 16.942234 -11.309299 -1.341463 1.646341 0.060976 1425.000000 1425.000000 1425.000000 1425.000000 0.000000 0.000000 0.000000 
19.453684 16.650671 -11.365906 -4.329268 5.182927 -2.195122 1423.000000 1423.000000 1423.000000 1423.000000 0.000000 0.000000 0.000000 
18.637867 15.809011 -11.600497 -2.804878 1.524390 -0.243902 1423.000000 1423.000000 1423.000000 1423.000000 0.000000 0.000000 0.000000 
18.407558 15.833301 -11.625793 0.365854 0.853659 0.914634 1423.000000 1423.000000 1423.000000 1423.000000 0.000000 0.000000 0.000000 
18.353781 15.810170 -11.641157 3.292683 -2.378049 1.280488 1423.000000 1423.000000 1423.000000 1423.000000 0.000000 0.000000 0.000000 
18.504507 16.149263 -11.507535 -1.097561 -1.402439 -0.731707 1423.000000 1423.000000 1423.000000 1423.000000 0.000000 0.000000 0.000000 
17.429976 15.145141 -11.736492 -4.024390 2.560976 -0.731707 1423.000000 1423.000000 1423.000000 1423.000000 0.000000 0.000000 0.000000 
17.265152 14.826066 -11.874372 -0.121951 2.073171 0.975610 1423.000000 1423.000000 1423.000000 1423.000000 0.000000 0.000000 0.000000 
17.008467 14.834095 -11.828486 0.670732 1.158537 0.487805 1423.000000 1423.000000 1423.000000 1423.000000 0.000000 0.000000 0.000000 
16.812092 14.543139 -11.920648 -1.341463 0.792683 -0.792683 1423.000000 1423.000000 1423.000000 1423.000000 0.000000 0.000000 0.000000 
16.948069 14.457621 -11.868649 -0.426829 0.243902 -0.243902 1423.000000 1423.000000 1423.000000 1423.000000 0.000000 0.000000 0.000000 
17.010342 14.521467 -11.903488 -0.426829 -2.317073 0.426829 1423.000000 1423.000000 1423.000000 1423.000000 0.000000 0.000000 0.000000 
16.816532 14.395771 -11.954876 2.317073 -1.341463 0.975610 1423.000000 1423.000000 1423.000000 1423.000000 0.000000 0.000000 0.000000 
17.511118 14.869892 -11.813555 2.134146 -1.341463 0.121951 1423.000000 1423.000000 1423.000000 1423.000000 0.000000 0.000000 0.000000 
17.580038 15.319609 -11.699412 2.256098 -1.585366 2.500000 1423.000000 1423.000000 1423.000000 1423.000000 0.000000 0.000000 0.000000 
17.681940 15.540682 -11.670351 -0.121951 -2.073171 0.853659 1423.000000 1423.000000 1423.000000 1423.000000 0.000000 0.000000 0.000000 
17.712172 15.670917 -11.612272 -0.914634 -0.182927 -2.134146 1423.000000 1423.000000 1423.000000 1423.000000 0.000000 0.000000 0.000000 
17.846535 15.491129 -11.625183 -0.792683 -0.243902 -1.219512 1423.000000 1423.000000 1423.000000 1423.000000 0.000000 0.000000 0.000000 
17.655144 15.227903 -11.699280 -0.487805 2.682927 1.036585 1423.000000 1423.000000 1423.000000 1423.000000 0.000000 0.000000 0.000000 
16.763298 14.700272 -11.869928 -2.134146 4.390244 0.975610 1423.000000 1423.000000 1423.000000 1423.000000 0.000000 0.000000 0.000000 
16.699646 14.032236 -12.014425 -3.658537 2.743902 -1.829268 1423.000000 1423.000000 1423.000000 1423.000000 0.000000 0.000000 0.000000 
16.230263 13.683476 -12.062253 -2.804878 1.402439 -0.243902 1423.000000 1423.000000 1423.000000 1423.000000 0.000100 0.000000 0.000000 
15.798407 13.302164 -12.182969 0.792683 -0.243902 1.768293 1434.000000 1411.000000 1423.000000 1422.000000 0.000600 0.000000 0.000000 
15.234054 12.748094 -12.314432 -10.121951 11.402439 0.609756 1431.000000 1414.000000 1425.000000 1420.000000 0.001500 0.000000 0.000000 
12.764357 9.300501 -12.982731 -26.890245 29.878050 -1.341463 1366.000000 1481.000000 1424.000000 1423.000000 0.001800 0.000000 0.000000 
9.047788 5.817532 -13.445006 -0.792683 0.670732 -1.219512 1440.000000 1407.000000 1428.000000 1419.000000 0.001700 0.000000 0.000000 
14.783348 11.317936 -12.656350 55.426830 -59.024391 1.158537 1672.000000 1173.000000 1435.000000 1410.000000 0.001800 0.000000 0.000000 
-12.421637 -13.872683 -12.357077 -32.987804 44.146343 -4.390244 1100.000000 1800.000000 1386.000000 1459.000000 0.001800 0.000000 0.000000 
8.985712 4.925204 -12.448364 49.207317 -45.487804 10.975610 1645.000000 1138.000000 1389.000000 1394.000000 0.001800 0.000000 0.000000 
-13.200645 -14.805965 -11.290437 53.658539 -25.609756 14.939025 1100.000000 1100.000000 1100.000000 1100.000000 0.001700 0.000000 0.000000 
0.943867 -2.497954 -13.911004 98.292686 -176.585373 63.902439 1455.000000 1100.000000 1111.000000 1100.000000 0.001700 0.000000 0.000000 
28.057522 23.105371 -9.282342 131.463425 -60.609756 48.841465 1431.000000 1100.000000 1100.000000 1100.000000 0.001700 0.000000 0.000000 
1.932735 -2.674319 -14.509261 -273.292694 281.585358 3.536585 1100.000000 1800.000000 1100.000000 1100.000000 0.001700 0.000000 0.000000 
-3.251534 -9.049557 -13.072642 158.231705 -134.512192 -52.134148 1423.000000 1100.000000 1100.000000 1100.000000 0.001700 0.000000 0.000000 
21.224514 16.710878 -10.038158 -48.475613 36.036587 4.390244 1100.000000 1100.000000 1100.000000 1100.000000 0.001700 0.000000 0.000000 
9.004976 5.616390 -13.470990 -49.817074 45.487804 26.829269 1100.000000 1140.000000 1100.000000 1100.000000 0.001700 0.000000 0.000000 
3.532802 -0.625957 -13.928685 -5.670732 39.451221 11.097561 1100.000000 1100.000000 1100.000000 1100.000000 0.001700 0.000000 0.000000 
-4.068436 -7.063384 -13.608267 -36.524391 20.548780 -10.365854 1100.000000 1119.000000 1100.000000 1100.000000 0.001700 0.000000 0.000000 
-7.198437 -10.048989 -12.455252 -5.182927 22.500000 -13.414635 1100.000000 1100.000000 1100.000000 1100.000000 0.001700 0.000000 0.000000 
-12.284975 -15.715162 -11.481735 -21.219513 28.353659 5.670732 1100.000000 1134.000000 1100.000000 1100.000000 0.001700 0.000000 0.000000 
-13.994063 -16.693474 -11.308632 -2.500000 -12.256098 8.536586 1100.000000 1100.000000 1100.000000 1100.000000 0.001700 0.000000 0.000000 
-16.260920 -18.733204 -11.029119 -10.487805 13.658537 -6.097561 1100.000000 1100.000000 1100.000000 1100.000000 0.001700 0.000000 0.000000 
-15.377278 -17.934252 -11.153449 4.146341 -7.012195 -0.000000 1100.000000 1100.000000 1100.000000 1100.000000 0.001700 0.000000 0.000000 
-16.782755 -19.134684 -10.871713 -11.768293 12.073171 3.048780 1100.000000 1100.000000 1100.000000 1100.000000 0.001700 0.000000 0.000000 
-16.598757 -19.114389 -10.917709 1.036585 1.402439 0.182927 1100.000000 1100.000000 1100.000000 1100.000000 0.001700 0.000000 0.000000 
-17.368732 -19.987745 -10.648289 0.914634 0.060976 -0.914634 1100.000000 1100.000000 1100.000000 1100.000000 0.001700 0.000000 0.000000 
-17.225174 -19.650370 -10.646167 -1.646341 -1.036585 -0.243902 1100.000000 1100.000000 1100.000000 1100.000000 0.001700 0.000000 0.000000 
Hello Junta. Starting Potato Controller now
-17.607122 -23.168308 -22.514151 -1.951220 -1.585366 1.524390 1100.000000 1100.000000 1100.000000 1100.000000 0.001700 0.000100 0.000000 
-17.618670 -23.165485 -22.943407 -1.768293 -1.585366 1.585366 1100.000000 1132.000000 1100.000000 1100.000000 0.001800 0.000000 0.000000 
-17.595139 -23.145821 -23.389040 -1.829268 -2.073171 1.829268 1100.000000 1129.000000 1100.000000 1100.000000 0.001700 0.000000 0.000000 
-17.491587 -23.045322 -23.860218 0.548781 -4.695122 1.707317 1100.000000 1122.000000 1100.000000 1100.000000 0.001800 0.000000 0.000000 
-16.329176 -21.816414 -24.766411 11.707317 -15.853659 1.036585 1100.000000 1100.000000 1100.000000 1100.000000 0.001700 0.000000 0.000000 
-12.722542 -17.802450 -26.523794 26.280489 -31.280489 1.158537 1101.000000 1100.000000 1100.000000 1100.000000 0.001700 0.000000 0.000000 
-5.917752 -10.848301 -28.651260 44.390244 -52.256100 1.829268 1196.000000 1100.000000 1100.000000 1100.000000 0.001800 0.000000 0.000000 
15.959435 9.505541 -29.224518 83.353661 -91.890244 6.341464 1396.000000 1100.000000 1100.000000 1100.000000 0.001700 0.000000 0.000000 
11.802522 5.496438 -29.621721 -88.536591 89.024391 7.134147 1100.000000 1335.000000 1100.000000 1100.000000 0.001800 0.000000 0.000000 
-4.142035 -9.073760 -29.580853 -62.073174 60.670734 6.890244 1100.000000 1299.000000 1100.000000 1100.000000 0.001700 0.000000 0.000000 
-4.361179 -9.616455 -29.786278 48.719513 -54.207317 -3.658537 1190.000000 1100.000000 1100.000000 1100.000000 0.001800 0.000000 0.000000 
11.372817 4.719731 -30.518084 99.085365 -109.573174 -3.231707 1479.000000 1100.000000 1100.000000 1100.000000 0.000000 0.000000 0.000000 
17.540878 10.714852 -29.696966 -87.621956 87.682930 -6.341464 1100.000000 1100.000000 1100.000000 1100.000000 0.000000 0.000100 0.000000 
-7.143829 -13.279508 -29.156572 -167.560974 184.390244 1.829268 1100.000000 1100.000000 1100.000000 1100.000000 0.000000 0.000500 0.000000 
1.435988 -4.739356 -30.574194 139.939026 -152.987808 6.341464 1100.000000 1100.000000 1100.000000 1100.000000 0.000000 0.000000 0.000000 
14.514071 8.263268 -30.444496 -45.731709 62.743904 3.841464 1551.000000 1100.000000 1168.000000 1100.000000 0.000000 0.000300 0.000000 
8.131888 2.074170 -30.647694 -21.280489 14.329268 -24.695122 1100.000000 1100.000000 1100.000000 1100.000000 0.000000 0.000000 0.000000 
8.836290 2.603965 -30.678963 17.378050 -13.841464 -0.365854 1158.000000 1100.000000 1100.000000 1100.000000 0.000000 0.000200 0.000000 
16.601364 9.431848 -30.336340 31.768293 -38.170734 6.463415 1681.000000 1100.000000 1243.000000 1100.000000 0.000000 0.000000 0.000000 
3.634961 -3.294481 -31.666805 -171.890244 170.670731 23.719513 1100.000000 1100.000000 1100.000000 1100.000000 0.000000 0.000000 0.000000 
-20.961887 -27.421804 -24.704821 26.646341 -30.792685 2.804878 1100.000000 1100.000000 1100.000000 1100.000000 0.000000 0.000000 0.000000 
-19.379719 -26.727926 -26.199402 15.426829 4.451220 3.536585 1100.000000 1100.000000 1100.000000 1100.000000 0.000000 0.000000 0.000000 
-20.433455 -27.158077 -26.094418 2.195122 -21.097561 0.426829 1100.000000 1100.000000 1100.000000 1100.000000 0.000000 0.000000 0.000000 
-18.857544 -25.453833 -27.241772 1.463415 7.743903 -0.853659 1100.000000 1100.000000 1100.000000 1100.000000 0.000000 0.000000 0.000000 
-19.516298 -26.367329 -27.468761 1.341463 -4.024390 2.804878 1100.000000 1100.000000 1100.000000 1100.000000 0.000000 0.000000 0.000000 
-18.957067 -25.533785 -28.674244 0.365854 -2.926829 2.134146 1100.000000 1100.000000 1100.000000 1100.000000 0.000000 0.000000 0.000000 
-18.303291 -24.759020 -29.338350 -3.292683 -0.670732 -0.548781 1100.000000 1100.000000 1100.000000 1100.000000 0.000000 0.000000 0.000000 
-18.715731 -25.104095 -29.666233 -5.792683 -0.914634 0.731707 1100.000000 1100.000000 1100.000000 1100.000000 0.000000 0.000000 0.000000 
-18.636301 -24.892353 -30.114864 -4.268293 1.280488 1.280488 1100.000000 1100.000000 1100.000000 1100.000000 0.000000 0.000000 0.000000 
-18.602711 -24.796915 -30.623531 -1.463415 -0.731707 -0.060976 1100.000000 1100.000000 1100.000000 1100.000000 0.000000 0.000000 0.000000 
-18.560276 -24.707731 -31.067768 -0.853659 -3.475610 1.097561 1100.000000 1100.000000 1100.000000 1100.000000 0.000000 0.000000 0.000000 
-18.180922 -24.133932 -31.684786 -1.646341 -2.012195 1.768293 1100.000000 1100.000000 1100.000000 1100.000000 0.000000 0.000000 0.000000 
-18.223627 -23.965700 -32.476311 -1.768293 -2.317073 1.951220 1100.000000 1100.000000 1100.000000 1100.000000 0.000000 0.000000 0.000000 
-18.393185 -24.023186 -32.881351 -3.109756 -2.256098 1.585366 1100.000000 1100.000000 1100.000000 1100.000000 0.000000 0.000000 0.000000 
-18.248423 -23.922243 -33.332680 -2.256098 -0.487805 1.280488 1100.000000 1100.000000 1100.000000 1100.000000 0.000000 0.000000 0.000000 
-18.085049 -23.780422 -33.834057 -1.585366 -1.341463 1.036585 1100.000000 1100.000000 1100.000000 1100.000000 0.000000 0.000000 0.000000 
-18.151382 -23.821035 -34.248405 -2.073171 -2.743902 1.463415 1100.000000 1100.000000 1100.000000 1100.000000 0.000000 0.000000 0.000000 
-18.115503 -23.826180 -34.679447 -1.829268 -1.036585 2.134146 1100.000000 1100.000000 1100.000000 1100.000000 0.000000 0.000000 0.000000 
-18.178894 -23.981064 -35.065998 -2.256098 -1.158537 1.036585 1100.000000 1100.000000 1100.000000 1100.000000 0.000000 0.000000 0.000000 
-18.176016 -23.944391 -35.822491 -1.890244 -1.585366 1.524390 1100.000000 1100.000000 1100.000000 1100.000000 0.000000 0.000000 0.000000 
-18.211802 -23.837292 -36.285267 -1.890244 -0.853659 1.402439 1100.000000 1100.000000 1100.000000 1100.000000 0.000000 0.000000 0.000000 
-18.151791 -23.728407 -36.752136 -2.195122 -1.646341 1.707317 1100.000000 1100.000000 1100.000000 1100.000000 0.000000 0.000000 0.000000 
-18.124804 -23.657335 -37.200935 -1.829268 -1.524390 1.890244 1100.000000 1100.000000 1100.000000 1100.000000 0.000000 0.000000 0.000000 
-18.134991 -23.633234 -37.645542 -2.012195 -1.646341 1.402439 1100.000000 1100.000000 1100.000000 1100.000000 0.000000 0.000000 0.000000 
-18.134733 -23.609787 -38.081268 -2.195122 -1.646341 1.036585 1100.000000 1100.000000 1100.000000 1100.000000 0.000000 0.000000 0.000000 
-17.991646 -23.568775 -38.525658 -2.134146 -0.975610 1.646341 1100.000000 1100.000000 1100.000000 1100.000000 0.000000 0.000000 0.000000 
-18.034128 -23.585163 -39.257774 -2.195122 -1.585366 1.585366 1100.000000 1100.000000 1100.000000 1100.000000 0.000000 0.000000 0.000000 
-18.003956 -23.547436 -39.692493 -2.195122 -1.341463 1.280488 1100.000000 1100.000000 1100.000000 1100.000000 0.000000 0.000000 0.000000 
-17.961964 -23.473339 -40.147148 -1.951220 -1.585366 1.097561 1100.000000 1100.000000 1100.000000 1100.000000 0.000000 0.000000 0.000000 
-17.929125 -23.501621 -40.573139 -1.646341 -1.951220 1.402439 1100.000000 1100.000000 1100.000000 1100.000000 0.000000 0.000000 0.000000 
-18.017832 -23.526045 -41.002277 -1.646341 -1.036585 1.280488 1100.000000 1100.000000 1100.000000 1100.000000 0.000000 0.000000 0.000000 
-18.007399 -23.597536 -41.411003 -1.524390 -1.585366 1.646341 1100.000000 1100.000000 1100.000000 1100.000000 0.000000 0.000000 0.000000 
-17.958216 -23.632977 -41.828964 -1.890244 -1.707317 1.402439 1100.000000 1100.000000 1100.000000 1100.000000 0.000000 0.000000 0.000000 
-18.052193 -23.496082 -42.603867 -1.890244 -1.585366 1.036585 1100.000000 1100.000000 1100.000000 1100.000000 0.000000 0.000000 0.000000 
-18.043861 -23.450926 -43.051697 -2.134146 -1.585366 1.463415 1100.000000 1100.000000 1100.000000 1100.000000 0.000000 0.000000 0.000000 
-18.040646 -23.443277 -43.481842 -1.707317 -1.280488 1.707317 1100.000000 1100.000000 1100.000000 1100.000000 0.000000 0.000000 0.000000 
-18.057001 -23.395254 -43.932152 -2.073171 -1.829268 1.524390 1100.000000 1100.000000 1100.000000 1100.000000 0.000000 0.000000 0.000000 
-18.061405 -23.625254 -44.287258 -1.951220 -1.585366 1.585366 1100.000000 1100.000000 1100.000000 1100.000000 0.000000 0.000000 0.000000 
-18.023481 -23.343567 -44.810753 -2.073171 -1.951220 1.524390 1100.000000 1100.000000 1100.000000 1100.000000 0.000000 0.000000 0.000000 
-18.063707 -23.548187 -45.172195 -2.134146 -1.463415 0.914634 1100.000000 1100.000000 1100.000000 1100.000000 0.000000 0.000000 0.000000 
-17.967867 -23.261694 -45.994987 -1.646341 -1.341463 1.951220 1100.000000 1100.000000 1100.000000 1100.000000 0.000000 0.000000 0.000000 
-17.994019 -23.294779 -46.416569 -2.317073 -1.646341 1.890244 1100.000000 1100.000000 1100.000000 1100.000000 0.000000 0.000000 0.000000 
-18.073978 -23.568583 -46.752419 -2.256098 -1.463415 1.341463 1100.000000 1100.000000 1100.000000 1100.000000 0.000000 0.000000 0.000000 
-18.050369 -23.490381 -47.209717 -2.012195 -1.646341 1.097561 1100.000000 1100.000000 1100.000000 1100.000000 0.000000 0.000000 0.000000 
-18.095961 -23.468386 -47.651424 -1.829268 -1.768293 1.280488 1100.000000 1100.000000 1100.000000 1100.000000 0.000000 0.000000 0.000000 
-18.024822 -23.411480 -48.103962 -1.463415 -1.097561 1.402439 1100.000000 1100.000000 1100.000000 1100.000000 0.000000 0.000000 0.000000 
-18.041382 -23.293266 -48.570427 -1.707317 -1.707317 1.951220 1100.000000 1100.000000 1100.000000 1100.000000 0.000000 0.000000 0.000000 
-18.023693 -23.465380 -49.253494 -2.073171 -1.951220 1.463415 1100.000000 1100.000000 1100.000000 1100.000000 0.000000 0.000000 0.000000 
-18.070311 -23.386349 -49.705315 -1.951220 -1.463415 0.914634 1108.000000 1108.000000 1108.000000 1108.000000 0.000000 0.000000 0.000000 
-18.029623 -23.379436 -50.143116 -2.073171 -1.768293 1.097561 1131.000000 1131.000000 1131.000000 1131.000000 0.000000 0.000000 0.000000 
-18.084814 -23.375641 -50.584221 -2.134146 -1.768293 1.707317 1137.000000 1137.000000 1137.000000 1137.000000 0.000000 0.000000 0.000000 
-18.043503 -23.259928 -51.048767 -1.890244 -1.463415 0.914634 1138.000000 1138.000000 1138.000000 1138.000000 0.000000 0.000000 0.000000 
-18.043209 -23.508772 -51.402687 -2.256098 -1.768293 1.097561 1151.000000 1151.000000 1151.000000 1151.000000 0.000000 0.000000 0.000000 
-18.138176 -23.512499 -51.838383 -2.134146 -1.646341 1.280488 1159.000000 1159.000000 1159.000000 1159.000000 0.000000 0.000000 0.000000 
-17.790894 -23.334019 -52.606838 -1.402439 -2.073171 1.768293 1180.000000 1180.000000 1180.000000 1180.000000 0.000000 0.000000 0.000000 
-17.842051 -23.294491 -53.040970 -1.890244 -1.524390 1.341463 1187.000000 1187.000000 1187.000000 1187.000000 0.000000 0.000000 0.000000 
-17.953815 -23.427977 -53.429443 -1.707317 -1.280488 1.890244 1193.000000 1193.000000 1193.000000 1193.000000 0.000000 0.000000 0.000000 
-17.809690 -23.331692 -53.894196 -3.170732 -0.975610 2.073171 1214.000000 1214.000000 1214.000000 1214.000000 0.000000 0.000000 0.000000 
-17.846077 -23.476881 -54.287117 -1.585366 -1.585366 2.134146 1232.000000 1232.000000 1232.000000 1232.000000 0.000000 0.000000 0.000000 
-17.918655 -23.329290 -54.761543 -2.073171 -1.646341 1.036585 1239.000000 1239.000000 1239.000000 1239.000000 0.000000 0.000000 0.000000 
-17.943720 -23.131159 -55.039433 -0.060976 0.182927 -1.158537 1240.000000 1240.000000 1240.000000 1240.000000 0.000000 0.000000 0.000000 
-18.192394 -23.255358 -55.000534 -0.182927 -0.000000 -0.670732 1245.000000 1245.000000 1245.000000 1245.000000 0.000000 0.000000 0.000000 
-18.371126 -23.154789 -55.040977 -0.060976 0.853659 0.548781 1246.000000 1246.000000 1246.000000 1246.000000 0.000000 0.000000 0.000000 
-18.257624 -22.804415 -55.151066 0.426829 -0.792683 0.121951 1248.000000 1248.000000 1248.000000 1248.000000 0.000000 0.000000 0.000000 
-18.143267 -22.389339 -55.269043 0.487805 -0.426829 -0.487805 1266.000000 1266.000000 1266.000000 1266.000000 0.000000 0.000000 0.000000 
-18.194170 -22.320137 -55.297466 -0.426829 0.792683 0.121951 1284.000000 1284.000000 1284.000000 1284.000000 0.000000 0.000300 0.000000 
-18.696539 -22.041388 -55.391560 -0.609756 -0.000000 -0.426829 1281.000000 1292.000000 1288.000000 1285.000000 0.000000 0.000300 0.000000 
-18.795778 -22.246674 -55.299767 0.000000 0.304878 -0.426829 1284.000000 1284.000000 1284.000000 1284.000000 0.000000 0.000000 0.000000 
-18.585365 -22.050377 -55.399895 0.853659 -1.158537 -0.121951 1284.000000 1284.000000 1284.000000 1284.000000 0.000000 0.000000 0.000000 
-18.514183 -22.033398 -55.394341 -0.304878 0.426829 -0.853659 1284.000000 1284.000000 1284.000000 1284.000000 0.000000 0.000000 0.000000 
-18.627115 -22.054232 -55.372768 0.060976 -0.000000 0.853659 1284.000000 1284.000000 1284.000000 1284.000000 0.000000 0.000000 0.000000 
-18.632153 -22.069515 -55.380730 0.548781 -0.670732 -0.000000 1284.000000 1284.000000 1284.000000 1284.000000 0.000000 0.000000 0.000000 
-18.916262 -22.276913 -55.289890 -0.060976 0.487805 -0.731707 1284.000000 1284.000000 1284.000000 1284.000000 0.000000 0.000000 0.000000 
-18.921507 -22.166992 -55.326954 0.365854 0.365854 0.426829 1284.000000 1284.000000 1284.000000 1284.000000 0.000000 0.000000 0.000000 
-18.826368 -22.112120 -55.360317 0.243902 0.060976 -0.000000 1284.000000 1284.000000 1284.000000 1284.000000 0.000000 0.000000 0.000000 
-19.037708 -21.973713 -55.407452 -0.304878 0.487805 -0.000000 1284.000000 1284.000000 1284.000000 1284.000000 0.000000 0.000000 0.000000 
-18.936468 -21.901012 -55.432293 0.731707 -0.000000 0.670732 1284.000000 1284.000000 1284.000000 1284.000000 0.000000 0.000000 0.000000 
-19.051056 -22.015104 -55.405674 0.000000 -0.304878 -1.036585 1282.000000 1282.000000 1282.000000 1282.000000 0.000000 0.000000 0.000000 
-18.975256 -21.982918 -55.393173 -0.792683 0.609756 0.243902 1284.000000 1284.000000 1284.000000 1284.000000 0.000000 0.000000 0.000000 
-18.979792 -22.002455 -55.403091 0.060976 -0.121951 0.670732 1284.000000 1284.000000 1284.000000 1284.000000 0.000000 0.000000 0.000000 
-19.076092 -22.049610 -55.395275 0.609756 -0.609756 -0.670732 1284.000000 1284.000000 1284.000000 1284.000000 0.000000 0.000000 0.000000 
-18.841656 -21.749903 -55.468792 -0.304878 0.426829 -0.670732 1284.000000 1284.000000 1284.000000 1284.000000 0.000000 0.000000 0.000000 
-18.499052 -21.468922 -55.567810 0.548781 -0.548781 -0.670732 1284.000000 1284.000000 1284.000000 1284.000000 0.000000 0.000000 0.000000 
-18.584846 -21.445429 -55.558922 -0.243902 0.182927 -0.426829 1284.000000 1284.000000 1284.000000 1284.000000 0.000000 0.000000 0.000000 
-18.734795 -21.512350 -55.550995 -0.182927 0.487805 0.731707 1284.000000 1284.000000 1284.000000 1284.000000 0.000000 0.000000 0.000000 
-18.853197 -21.547995 -55.548962 0.670732 -0.243902 -0.365854 1282.000000 1282.000000 1282.000000 1282.000000 0.000000 0.000000 0.000000 
-18.947283 -21.720736 -55.468102 -0.121951 0.060976 -1.036585 1284.000000 1284.000000 1284.000000 1284.000000 0.000000 0.000000 0.000000 
-18.810232 -21.661217 -55.499722 -0.426829 0.792683 0.731707 1284.000000 1284.000000 1284.000000 1284.000000 0.000000 0.000000 0.000000 
-19.042601 -21.793404 -55.463806 0.853659 -0.060976 -0.121951 1282.000000 1282.000000 1282.000000 1282.000000 0.000000 0.000000 0.000000 
-18.991476 -21.862087 -55.418201 -0.182927 1.036585 0.365854 1284.000000 1284.000000 1284.000000 1284.000000 0.000000 0.000000 0.000000 
-19.057650 -21.920464 -55.410686 0.426829 -0.609756 0.365854 1282.000000 1282.000000 1282.000000 1282.000000 0.000000 0.000000 0.000000 
-19.023077 -21.798796 -55.424881 0.365854 -0.182927 -0.670732 1284.000000 1284.000000 1284.000000 1284.000000 0.000000 0.000000 0.000000 
-18.950745 -21.753345 -55.454330 -0.060976 0.731707 -0.060976 1284.000000 1284.000000 1284.000000 1284.000000 0.000000 0.000000 0.000000 
-18.883499 -21.511154 -55.547432 0.182927 0.182927 0.792683 1282.000000 1282.000000 1282.000000 1282.000000 0.000000 0.000000 0.000000 
-18.879141 -21.660666 -55.473598 0.548781 -0.121951 -0.121951 1284.000000 1284.000000 1284.000000 1284.000000 0.000000 0.000000 0.000000 
-18.983070 -21.625338 -55.494228 -0.548781 0.121951 -0.487805 1284.000000 1284.000000 1284.000000 1284.000000 0.000000 0.000000 0.000000 
-18.873966 -21.630743 -55.484562 0.000000 -0.121951 0.609756 1279.000000 1288.000000 1284.000000 1283.000000 0.000100 0.000000 0.000000 
-18.868202 -21.553562 -55.521141 0.365854 -0.304878 -0.060976 1284.000000 1284.000000 1284.000000 1284.000000 0.000100 0.000000 0.000000 
-19.017612 -21.653978 -55.484348 0.060976 0.670732 0.609756 1275.000000 1292.000000 1284.000000 1283.000000 0.000700 0.000000 0.000000 
-18.969728 -21.812088 -55.484444 5.853659 -5.670732 -0.914634 1243.000000 1326.000000 1288.000000 1281.000000 0.001400 0.000000 0.000000 
-16.089012 -18.837229 -56.543648 29.268293 -31.341465 0.548781 1319.000000 1248.000000 1291.000000 1276.000000 0.001600 0.000000 0.000000 
-10.710847 -13.085290 -58.142334 18.109756 -18.475611 -0.060976 1311.000000 1256.000000 1289.000000 1278.000000 0.001600 0.000000 0.000000 
-12.641117 -14.613142 -57.720516 -34.085365 36.524391 0.609756 1153.000000 1416.000000 1284.000000 1285.000000 0.001400 0.000000 0.000000 
-18.416441 -21.319172 -55.669609 -9.695122 10.304878 0.365854 1182.000000 1385.000000 1287.000000 1280.000000 0.001500 0.000000 0.000000 
-9.017424 -11.140924 -58.589424 124.634148 -135.060974 1.341463 1617.000000 1100.000000 1301.000000 1266.000000 0.001400 0.000000 0.000000 
2.670583 -1.484840 -60.201027 -138.170731 170.426834 17.134148 1100.000000 1748.000000 1248.000000 1321.000000 0.001400 0.000000 0.000000 
5.577306 1.487782 -59.538288 142.560974 -158.719513 27.134148 1730.000000 1100.000000 1301.000000 1266.000000 0.001500 0.000000 0.000000 
9.752795 6.604051 -59.903629 -130.731705 149.878052 19.634148 1100.000000 1608.000000 1264.000000 1305.000000 0.001400 0.000000 0.000000 
-15.712828 -19.747200 -56.896267 75.304878 -68.841469 25.609756 1401.000000 1164.000000 1297.000000 1268.000000 0.001500 0.000000 0.000000 
30.318459 25.129118 -52.627407 9.634147 -8.902439 -6.280488 1800.000000 1100.000000 1294.000000 1271.000000 0.001500 0.000000 0.000000 
-17.006554 -23.844807 -55.613976 121.097565 -46.585365 57.195122 1100.000000 1337.000000 1100.000000 1100.000000 0.001400 0.000000 0.000000 
2.515733 -4.570368 -60.519226 177.926834 -258.597565 100.609756 1580.000000 1100.000000 1139.000000 1100.000000 0.001400 0.000000 0.000000 
9.410231 5.180428 -58.515919 -187.804886 208.780487 92.621956 1100.000000 1530.000000 1100.000000 1100.000000 0.001400 0.000000 0.000000 
-3.884413 -8.162082 -57.802799 89.390244 -94.146347 5.548780 1244.000000 1100.000000 1100.000000 1100.000000 0.001400 0.000000 0.000000 
18.977238 13.442637 -55.895245 129.085373 -149.329269 -27.560976 1435.000000 1100.000000 1100.000000 1100.000000 0.001400 0.000000 0.000000 
26.010769 22.187891 -52.531235 -68.780487 94.634148 3.170732 1100.000000 1130.000000 1100.000000 1100.000000 0.001400 0.000000 0.000000 
1.804236 -1.844380 -57.154644 -158.902435 168.536591 3.841464 1100.000000 1446.000000 1100.000000 1100.000000 0.001400 0.000000 0.000000 
-8.717620 -12.391316 -55.887741 66.585365 -67.073174 -9.268292 1140.000000 1100.000000 1100.000000 1100.000000 0.001400 0.000000 0.000000 
15.852326 11.206775 -55.874107 185.182938 -216.463425 -5.731708 1584.000000 1100.000000 1100.000000 1100.000000 0.001400 0.000000 0.000000 
-6.507102 -9.188789 -57.111431 84.695122 -51.219513 4.146341 1103.000000 1100.000000 1100.000000 1100.000000 0.001400 0.000000 0.000000 
8.398376 3.107188 -58.154766 82.500000 -120.609756 53.353661 1298.000000 1100.000000 1100.000000 1100.000000 0.001400 0.000000 0.000000 
26.077433 21.345179 -53.967892 64.817078 -85.000000 8.658537 1284.000000 1100.000000 1100.000000 1100.000000 0.001400 0.000000 0.000000 
28.586838 24.971420 -52.602646 -4.939024 26.524391 -0.000000 1100.000000 1100.000000 1100.000000 1100.000000 0.001400 0.000000 0.000000 
22.947435 18.341143 -54.476387 -48.353661 47.987804 -11.768293 1100.000000 1100.000000 1100.000000 1100.000000 0.001400 0.000000 0.000000 
10.277381 6.231139 -57.363720 -68.292686 66.707321 3.536585 1100.000000 1162.000000 1100.000000 1100.000000 0.001400 0.000000 0.000000 
-0.488965 -4.269841 -57.628868 -53.292683 60.975613 4.207317 1100.000000 1165.000000 1100.000000 1100.000000 0.001400 0.000000 0.000000 
-11.000690 -13.631657 -56.365894 29.024391 -29.207317 0.060976 1100.000000 1100.000000 1100.000000 1100.000000 0.001400 0.000000 0.000000 
-7.615873 -10.370502 -57.130177 20.853659 -24.268293 -2.195122 1100.000000 1100.000000 1100.000000 1100.000000 0.000700 0.000000 0.000000 
-2.374502 -5.258863 -57.654110 30.792685 -31.951220 -3.170732 1100.000000 1100.000000 1100.000000 1100.000000 0.000000 0.000000 0.000000 
1.627903 -1.750438 -58.062836 25.670732 -27.378050 -0.182927 1100.000000 1100.000000 1100.000000 1100.000000 0.000000 0.000000 0.000000 
7.827127 4.244490 -57.676350 37.378048 -40.182926 -1.280488 1100.000000 1100.000000 1100.000000 1100.000000 0.000000 0.000000 0.000000 
14.394993 10.562140 -57.012630 44.451221 -46.219513 -0.487805 1100.000000 1100.000000 1100.000000 1100.000000 0.000000 0.000000 0.000000 
22.320276 18.919201 -54.667835 -9.329268 8.292683 0.853659 1100.000000 1100.000000 1100.000000 1100.000000 0.000000 0.000000 0.000000 
21.288088 18.534592 -54.965160 1.036585 2.134146 0.914634 1100.000000 1100.000000 1100.000000 1100.000000 0.000000 0.000000 0.000000 
21.640272 18.461178 -55.009537 -4.268293 -2.865854 -0.365854 1100.000000 1100.000000 1100.000000 1100.000000 0.000000 0.000000 0.000000 
21.254190 18.840092 -54.911831 0.548781 1.707317 0.304878 1100.000000 1100.000000 1100.000000 1100.000000 0.000000 0.000000 0.000000 
21.594225 18.579535 -54.953518 0.182927 -0.060976 -0.000000 1100.000000 1100.000000 1100.000000 1100.000000 0.000000 0.000000 0.000000 
21.096386 18.053072 -55.171715 -0.365854 -1.219512 -0.426829 1100.000000 1100.000000 1100.000000 1100.000000 0.000000 0.000000 0.000000 
20.907030 18.390703 -55.034626 1.219512 1.158537 -0.243902 1100.000000 1100.000000 1100.000000 1100.000000 0.000000 0.000000 0.000000 
20.533127 18.347897 -55.040810 0.243902 -0.426829 0.487805 1100.000000 1100.000000 1100.000000 1100.000000 0.000000 0.000000 0.000000 
20.027254 17.904644 -55.178890 -0.060976 0.060976 -0.426829 1100.000000 1100.000000 1100.000000 1100.000000 0.000000 0.000000 0.000000 
19.953457 17.585773 -55.293343 -0.548781 -0.609756 0.182927 1100.000000 1100.000000 1100.000000 1100.000000 0.000000 0.000000 0.000000 
19.923437 17.427237 -55.345810 0.426829 0.548781 -0.121951 1100.000000 1100.000000 1100.000000 1100.000000 0.000000 0.000000 0.000000 
19.956898 17.397894 -55.343204 0.304878 -0.121951 0.426829 1100.000000 1100.000000 1100.000000 1100.000000 0.000000 0.000000 0.000000 
19.860130 17.317751 -55.360092 -0.121951 0.121951 -0.060976 1100.000000 1100.000000 1100.000000 1100.000000 0.000000 0.000000 0.000000 
19.813576 17.187540 -55.397861 0.000000 -0.365854 -0.426829 1100.000000 1100.000000 1100.000000 1100.000000 0.000000 0.000000 0.000000 
19.713007 17.148052 -55.405327 -0.182927 -0.000000 0.060976 1100.000000 1100.000000 1100.000000 1100.000000 0.000000 0.000000 0.000000 
19.639051 17.666183 -55.217026 0.000000 -0.182927 0.365854 1100.000000 1100.000000 1100.000000 1100.000000 0.000000 0.000000 0.000000 
19.775940 17.245586 -55.349442 -0.060976 -0.365854 -0.304878 1100.000000 1100.000000 1100.000000 1100.000000 0.000000 0.000000 0.000000 
19.726282 17.661636 -55.204372 -0.121951 -0.121951 -0.365854 1100.000000 1100.000000 1100.000000 1100.000000 0.000000 0.000000 0.000000 
19.815104 17.665281 -55.196724 0.121951 0.426829 0.121951 1100.000000 1100.000000 1100.000000 1100.000000 0.000000 0.000000 0.000000 
19.706432 17.511950 -55.239040 0.060976 0.121951 0.243902 1100.000000 1100.000000 1100.000000 1100.000000 0.000000 0.000000 0.000000 
19.572683 17.394722 -55.268139 0.000000 -0.243902 0.182927 1100.000000 1100.000000 1100.000000 1100.000000 0.000000 0.000000 0.000000 
19.562349 17.339329 -55.283020 0.000000 -0.182927 -0.487805 1100.000000 1100.000000 1100.000000 1100.000000 0.000000 0.000000 0.000000 
19.715384 17.073616 -55.366352 0.304878 0.304878 0.243902 1100.000000 1100.000000 1100.000000 1100.000000 0.000000 0.000000 0.000000 
19.517618 17.076866 -55.357220 -0.182927 -0.060976 0.121951 1100.000000 1100.000000 1100.000000 1100.000000 0.000000 0.000000 0.000000 
19.229324 17.260340 -55.294472 -0.060976 -0.060976 -0.487805 1100.000000 1100.000000 1100.000000 1100.000000 0.000000 0.000000 0.000000 
19.248077 17.328749 -55.269901 -0.060976 0.060976 -0.060976 1100.000000 1100.000000 1100.000000 1100.000000 0.000000 0.000000 0.000000 
19.377481 17.246504 -55.284718 0.121951 0.243902 0.243902 1100.000000 1100.000000 1100.000000 1100.000000 0.000000 0.000000 0.000000 
19.547205 17.357239 -55.237926 0.243902 0.182927 0.121951 1100.000000 1100.000000 1100.000000 1100.000000 0.000000 0.000000 0.000000 
19.557072 17.442568 -55.197651 -0.121951 -0.182927 -0.121951 1100.000000 1100.000000 1100.000000 1100.000000 0.000000 0.000000 0.000000 
19.557638 17.328278 -55.231667 -0.121951 0.060976 0.121951 1100.000000 1100.000000 1100.000000 1100.000000 0.000000 0.000000 0.000000 
19.515739 17.362452 -55.210686 0.000000 0.487805 0.182927 1100.000000 1100.000000 1100.000000 1100.000000 0.000000 0.000000 0.000000 
19.579887 17.269749 -55.230980 0.060976 -0.000000 0.365854 1100.000000 1100.000000 1100.000000 1100.000000 0.000000 0.000000 0.000000 
19.559368 17.418516 -55.170094 -0.182927 -0.182927 -0.182927 1100.000000 1100.000000 1100.000000 1100.000000 0.000000 0.000000 0.000000 
19.519035 17.411266 -55.173740 0.060976 -0.243902 -0.365854 1100.000000 1100.000000 1100.000000 1100.000000 0.000000 0.000000 0.000000 
19.526163 17.336737 -55.194374 0.000000 0.121951 -0.000000 1100.000000 1100.000000 1100.000000 1100.000000 0.000000 0.000000 0.000000 
19.562136 17.589718 -55.099304 0.304878 0.121951 0.304878 1100.000000 1100.000000 1100.000000 1100.000000 0.000000 0.000000 0.000000 
19.844593 17.423023 -55.136497 -0.060976 -0.182927 -0.487805 1100.000000 1100.000000 1100.000000 1100.000000 0.000000 0.000000 0.000000 
19.754763 17.214996 -55.196880 -0.365854 -0.365854 -0.243902 1100.000000 1100.000000 1100.000000 1100.000000 0.000000 0.000000 0.000000 
19.565838 17.198002 -55.202091 0.000000 0.243902 -0.121951 1100.000000 1100.000000 1100.000000 1100.000000 0.000000 0.000000 0.000000 
19.811258 17.326893 -55.151337 0.121951 0.121951 0.304878 1100.000000 1100.000000 1100.000000 1100.000000 0.000000 0.000000 0.000000 
19.661808 17.220821 -55.174809 0.060976 0.182927 0.060976 1100.000000 1100.000000 1100.000000 1100.000000 0.000000 0.000000 0.000000 
19.701410 17.457754 -55.088619 -0.121951 -0.121951 -0.243902 1100.000000 1100.000000 1100.000000 1100.000000 0.000000 0.000000 0.000000 
19.722147 17.256044 -55.152985 -0.060976 -0.060976 -0.426829 1100.000000 1100.000000 1100.000000 1100.000000 0.000000 0.000000 0.000000 
19.746424 17.519487 -55.060379 0.060976 0.304878 0.304878 1100.000000 1100.000000 1100.000000 1100.000000 0.000000 0.000000 0.000000 
19.643116 17.650246 -55.007561 0.121951 -0.000000 0.182927 1100.000000 1100.000000 1100.000000 1100.000000 0.000000 0.000000 0.000000 
19.727264 17.560787 -55.026890 -0.060976 -0.243902 -0.121951 1100.000000 1100.000000 1100.000000 1100.000000 0.000000 0.000000 0.000000 
19.890358 17.425303 -55.074982 0.060976 -0.304878 -0.365854 1100.000000 1100.000000 1100.000000 1100.000000 0.000000 0.000000 0.000000 
19.650850 17.464622 -55.058628 -0.060976 -0.000000 -0.121951 1100.000000 1100.000000 1100.000000 1100.000000 0.000000 0.000000 0.000000 
19.883684 17.687454 -54.976700 0.365854 0.304878 0.060976 1100.000000 1100.000000 1100.000000 1100.000000 0.000000 0.000000 0.000000 
19.758753 17.355633 -55.078915 0.000000 -0.121951 0.365854 1100.000000 1100.000000 1100.000000 1100.000000 0.000000 0.000000 0.000000 
19.726927 17.407211 -55.056984 -0.243902 -0.060976 -0.060976 1100.000000 1100.000000 1100.000000 1100.000000 0.000000 0.000000 0.000000 
19.682135 17.264812 -55.098522 0.243902 0.365854 0.060976 1100.000000 1100.000000 1100.000000 1100.000000 0.000000 0.000000 0.000000 
19.765257 17.197966 -55.113613 0.243902 0.182927 0.304878 1100.000000 1100.000000 1100.000000 1100.000000 0.000000 0.000000 0.000000 
19.830198 17.459005 -55.012817 -0.060976 -0.000000 0.121951 1100.000000 1100.000000 1100.000000 1100.000000 0.000000 0.000000 0.000000 
19.805454 17.297812 -55.066410 0.000000 -0.365854 -0.365854 1100.000000 1100.000000 1100.000000 1100.000000 0.000000 0.000000 0.000000 
19.779953 17.368521 -55.035450 -0.060976 -0.304878 -0.182927 1100.000000 1100.000000 1100.000000 1100.000000 0.000000 0.000000 0.000000 
19.657152 17.263792 -55.068439 0.304878 0.060976 0.060976 1100.000000 1100.000000 1100.000000 1100.000000 0.000000 0.000000 0.000000 
19.632212 17.113960 -55.102573 0.121951 -0.060976 0.060976 1100.000000 1100.000000 1100.000000 1100.000000 0.000000 0.000000 0.000000 
19.602182 17.043032 -55.122684 -0.365854 -0.243902 -0.182927 1100.000000 1100.000000 1100.000000 1100.000000 0.000000 0.000000 0.000000 
19.706820 17.042204 -55.123482 -0.121951 0.121951 -0.548781 1100.000000 1100.000000 1100.000000 1100.000000 0.000000 0.000000 0.000000 
19.631561 17.304188 -55.037685 -0.060976 0.243902 0.121951 1100.000000 1100.000000 1100.000000 1100.000000 0.000000 0.000000 0.000000 
19.506569 17.195219 -55.072182 0.060976 0.426829 0.060976 1100.000000 1100.000000 1100.000000 1100.000000 0.000000 0.000000 0.000000 
19.552574 17.296553 -55.035099 0.060976 0.304878 0.487805 1100.000000 1100.000000 1100.000000 1100.000000 0.000000 0.000000 0.000000 
19.519817 17.412867 -54.990028 -0.060976 0.243902 0.182927 1100.000000 1100.000000 1100.000000 1100.000000 0.000000 0.000000 0.000000 
19.641426 17.223888 -55.049793 -0.182927 -0.121951 -0.304878 1100.000000 1100.000000 1100.000000 1100.000000 0.000000 0.000000 0.000000 
19.602776 17.431961 -54.983620 -0.182927 -0.060976 -0.243902 1100.000000 1100.000000 1100.000000 1100.000000 0.000000 0.000000 0.000000 
19.521030 17.274555 -55.037628 0.060976 0.426829 -0.000000 1100.000000 1100.000000 1100.000000 1100.000000 0.000000 0.000000 0.000000 
19.643566 17.218552 -55.054832 -0.121951 0.670732 0.487805 1100.000000 1100.000000 1100.000000 1100.000000 0.000000 0.000000 0.000000 
19.885302 17.398571 -54.987324 -0.365854 -0.000000 -0.060976 1100.000000 1100.000000 1100.000000 1100.000000 0.000000 0.000000 0.000000 
19.833864 17.140806 -55.075119 -0.060976 -0.000000 -0.548781 1100.000000 1100.000000 1100.000000 1100.000000 0.000000 0.000000 0.000000 
19.743114 17.207720 -55.056606 -0.060976 0.121951 0.182927 1100.000000 1100.000000 1100.000000 1100.000000 0.000000 0.000000 0.000000 
19.663372 17.339870 -55.008774 0.000000 0.731707 0.182927 1100.000000 1100.000000 1100.000000 1100.000000 0.000000 0.000000 0.000000 
19.817314 17.347792 -55.002094 0.182927 0.121951 0.548781 1100.000000 1100.000000 1100.000000 1100.000000 0.000000 0.000000 0.000000 
19.898193 17.399454 -54.979309 -0.060976 -0.121951 0.060976 1100.000000 1100.000000 1100.000000 1100.000000 0.000000 0.000000 0.000000 
20.006247 17.269209 -55.020996 0.000000 -0.121951 -0.304878 1100.000000 1100.000000 1100.000000 1100.000000 0.000000 0.000000 0.000000 
19.925985 17.222734 -55.042126 0.121951 0.426829 0.060976 1100.000000 1100.000000 1100.000000 1100.000000 0.000000 0.000000 0.000000 
19.991102 17.355894 -54.992664 0.060976 0.121951 0.426829 1100.000000 1100.000000 1100.000000 1100.000000 0.000000 0.000000 0.000000 
19.858248 17.315025 -55.001549 0.243902 0.182927 0.304878 1100.000000 1100.000000 1100.000000 1100.000000 0.000000 0.000000 0.000000 
19.915270 17.257250 -55.021397 -0.060976 0.243902 0.121951 1100.000000 1100.000000 1100.000000 1100.000000 0.000000 0.000000 0.000000 
19.868139 17.304295 -55.005154 -0.182927 -0.121951 -0.000000 1100.000000 1100.000000 1100.000000 1100.000000 0.000000 0.000000 0.000000 
19.938837 17.282263 -55.011360 -0.121951 0.121951 -0.304878 1100.000000 1100.000000 1100.000000 1100.000000 0.000000 0.000000 0.000000 
19.918762 17.221851 -55.034740 -0.243902 0.060976 -0.182927 1100.000000 1100.000000 1100.000000 1100.000000 0.000000 0.000000 0.000000 
19.845068 17.303488 -55.001431 0.182927 0.182927 0.304878 1100.000000 1100.000000 1100.000000 1100.000000 0.000000 0.000000 0.000000 
19.825272 17.236349 -55.017410 -0.060976 0.182927 0.304878 1100.000000 1100.000000 1100.000000 1100.000000 0.000000 0.000000 0.000000 
19.728748 17.279575 -54.998573 0.000000 -0.060976 -0.000000 1100.000000 1100.000000 1100.000000 1100.000000 0.000000 0.000000 0.000000 
19.721020 17.242865 -55.009163 -0.426829 -0.304878 -0.060976 1100.000000 1100.000000 1100.000000 1100.000000 0.000000 0.000000 0.000000 
19.678404 17.324873 -54.985565 -0.182927 0.121951 -0.365854 1100.000000 1100.000000 1100.000000 1100.000000 0.000000 0.000000 0.000000 
19.623636 17.394342 -54.960037 -0.121951 0.121951 -0.121951 1100.000000 1100.000000 1100.000000 1100.000000 0.000000 0.000000 0.000000 
19.810656 17.449041 -54.942440 0.060976 0.304878 0.182927 1100.000000 1100.000000 1100.000000 1100.000000 0.000000 0.000000 0.000000 
19.681545 17.209909 -55.016693 0.182927 -0.243902 0.548781 1100.000000 1100.000000 1100.000000 1100.000000 0.000000 0.000000 0.000000 
19.803869 17.368359 -54.963291 0.121951 -0.060976 -0.060976 1100.000000 1100.000000 1100.000000 1100.000000 0.000000 0.000000 0.000000 
19.750544 17.372959 -54.960201 -0.243902 -0.060976 -0.060976 1100.000000 1100.000000 1100.000000 1100.000000 0.000000 0.000000 0.000000 
19.648426 17.279272 -54.991482 -0.243902 -0.121951 -0.243902 1100.000000 1100.000000 1100.000000 1100.000000 0.000000 0.000000 0.000000 
20.060448 17.629305 -54.862164 -0.060976 -0.304878 -0.365854 1100.000000 1100.000000 1100.000000 1100.000000 0.000000 0.000000 0.000000 
19.956263 17.555946 -54.887726 -0.182927 -0.243902 -0.182927 1100.000000 1100.000000 1100.000000 1100.000000 0.000000 0.000000 0.000000 
19.957102 17.527122 -54.899437 0.000000 0.304878 -0.243902 1100.000000 1100.000000 1100.000000 1100.000000 0.000000 0.000000 0.000000 
20.013132 17.588991 -54.880306 -0.060976 0.243902 0.426829 1100.000000 1100.000000 1100.000000 1100.000000 0.000000 0.000000 0.000000 
19.986649 17.499239 -54.905590 0.060976 0.609756 0.304878 1100.000000 1100.000000 1100.000000 1100.000000 0.000000 0.000000 0.000000 
19.904924 17.472595 -54.910912 0.182927 -0.121951 0.243902 1100.000000 1100.000000 1100.000000 1100.000000 0.000000 0.000000 0.000000 
20.041864 17.606945 -54.861710 0.000000 -0.000000 0.243902 1100.000000 1100.000000 1100.000000 1100.000000 0.000000 0.000000 0.000000 
20.193062 17.589973 -54.872021 -0.182927 -0.365854 -0.243902 1100.000000 1100.000000 1100.000000 1100.000000 0.000000 0.000000 0.000000 
20.229847 17.479616 -54.918053 -0.060976 0.182927 -0.365854 1100.000000 1100.000000 1100.000000 1100.000000 0.000000 0.000000 0.000000 
20.169294 17.581625 -54.885174 -0.121951 0.243902 0.365854 1100.000000 1100.000000 1100.000000 1100.000000 0.000000 0.000000 0.000000 
20.273043 17.618752 -54.868469 0.243902 0.548781 0.487805 1100.000000 1100.000000 1100.000000 1100.000000 0.000000 0.000000 0.000000 
20.205540 17.511965 -54.902195 0.121951 0.060976 0.426829 1100.000000 1100.000000 1100.000000 1100.000000 0.000000 0.000000 0.000000 
20.386406 17.601585 -54.868587 -0.060976 -0.000000 0.243902 1100.000000 1100.000000 1100.000000 1100.000000 0.000000 0.000000 0.000000 
20.367479 17.659897 -54.851234 -0.182927 -0.182927 -0.304878 1100.000000 1100.000000 1100.000000 1100.000000 0.000000 0.000000 0.000000 
19.991617 17.639149 -54.868923 0.121951 0.182927 0.060976 1100.000000 1100.000000 1100.000000 1100.000000 0.000000 0.000000 0.000000 
20.238693 17.588921 -54.882298 -0.060976 0.487805 0.426829 1100.000000 1100.000000 1100.000000 1100.000000 0.000000 0.000000 0.000000 
20.089304 17.521534 -54.899120 0.121951 0.182927 0.060976 1100.000000 1100.000000 1100.000000 1100.000000 0.000000 0.000000 0.000000 
20.057812 17.692223 -54.839336 -0.121951 -0.182927 0.365854 1100.000000 1100.000000 1100.000000 1100.000000 0.000000 0.000000 0.000000 
19.932499 17.499926 -54.908825 -0.243902 -0.060976 -0.304878 1100.000000 1100.000000 1100.000000 1100.000000 0.000000 0.000000 0.000000 
19.895864 17.526041 -54.902988 -0.121951 -0.243902 -0.304878 1100.000000 1100.000000 1100.000000 1100.000000 0.000000 0.000000 0.000000 
20.029737 17.645050 -54.863956 0.060976 0.182927 -0.060976 1100.000000 1100.000000 1100.000000 1100.000000 0.000000 0.000000 0.000000 
19.918011 17.655676 -54.861385 0.121951 0.243902 0.548781 1100.000000 1100.000000 1100.000000 1100.000000 0.000000 0.000000 0.000000 
19.853769 17.651833 -54.863834 0.121951 -0.060976 0.121951 1100.000000 1100.000000 1100.000000 1100.000000 0.000000 0.000000 0.000000 
19.709658 17.479427 -54.920822 -0.243902 -0.121951 -0.121951 1100.000000 1100.000000 1100.000000 1100.000000 0.000000 0.000000 0.000000 
19.746033 17.506908 -54.909588 -0.121951 -0.060976 -0.426829 1100.000000 1100.000000 1100.000000 1100.000000 0.000000 0.000000 0.000000 
Hello Junta. Starting Potato Controller now
Hello Junta. Starting Potato Controller now
Hello Junta. Starting Potato Controller now
7.460575 -0.050919 -13.814763 -2.256098 -1.036585 1.036585 1100.000000 1100.000000 1100.000000 1100.000000 0.000000 0.000000 0.000000 
7.478635 -0.036615 -14.002132 -1.951220 -1.585366 1.280488 1100.000000 1100.000000 1100.000000 1100.000000 0.000000 0.000020 0.000000 
7.462422 -0.044204 -14.194708 -1.768293 -2.012195 1.768293 1100.000000 1100.000000 1100.000000 1100.000000 0.000000 0.000000 0.000000 
7.469285 -0.046356 -14.401563 -1.890244 -1.280488 1.646341 1100.000000 1100.000000 1100.000000 1100.000000 0.000000 0.000000 0.000000 
7.490225 -0.044089 -14.604488 -2.012195 -1.463415 1.280488 1100.000000 1100.000000 1100.000000 1100.000000 0.000000 0.000000 0.000000 
7.477143 -0.048835 -14.784955 -2.134146 -1.951220 1.036585 1100.000000 1100.000000 1100.000000 1100.000000 0.000000 0.000000 0.000000 
7.477005 -0.058108 -14.971035 -2.012195 -1.158537 1.341463 1100.000000 1100.000000 1100.000000 1100.000000 0.000000 0.000040 0.000000 
7.486269 -0.047235 -15.304712 -1.829268 -2.073171 1.646341 1100.000000 1100.000000 1100.000000 1100.000000 0.000000 0.000000 0.000000 
7.498325 -0.047756 -15.497419 -1.951220 -1.280488 1.219512 1100.000000 1100.000000 1100.000000 1100.000000 0.000000 0.000000 0.000000 
7.512044 -0.035248 -15.682223 -2.317073 -1.524390 1.036585 1100.000000 1100.000000 1100.000000 1100.000000 0.000000 0.000000 0.000000 
7.484840 -0.057889 -15.867585 -1.951220 -1.951220 1.524390 1100.000000 1100.000000 1100.000000 1100.000000 0.000000 0.000000 0.000000 
7.482127 -0.068675 -16.067362 -1.768293 -1.402439 1.646341 1100.000000 1100.000000 1100.000000 1100.000000 0.000000 0.000000 0.000000 
7.492893 -0.049345 -16.271055 -1.890244 -1.585366 1.646341 1100.000000 1100.000000 1100.000000 1100.000000 0.000000 0.000000 0.000000 
7.477224 -0.051610 -16.465958 -1.951220 -1.951220 1.402439 1100.000000 1100.000000 1100.000000 1100.000000 0.000000 0.000000 0.000000 
7.472619 -0.060232 -16.781292 -1.951220 -1.463415 1.341463 1100.000000 1100.000000 1100.000000 1100.000000 0.000000 0.000000 0.000000 
7.479167 -0.062858 -16.979733 -1.646341 -1.951220 1.707317 1100.000000 1100.000000 1100.000000 1100.000000 0.000000 0.000000 0.000000 
7.481472 -0.063124 -17.175714 -1.829268 -1.524390 1.646341 1100.000000 1100.000000 1100.000000 1100.000000 0.000000 0.000000 0.000000 
7.491609 -0.059491 -17.372076 -2.256098 -1.463415 1.280488 1100.000000 1100.000000 1100.000000 1100.000000 0.000000 0.000000 0.000000 
7.479673 -0.061037 -17.555416 -2.073171 -1.707317 1.280488 1100.000000 1100.000000 1100.000000 1100.000000 0.000000 0.000000 0.000000 
7.485389 -0.064686 -17.738533 -1.890244 -1.463415 1.402439 1100.000000 1100.000000 1100.000000 1100.000000 0.000000 0.000000 0.000000 
7.220453 0.292176 -17.704599 -0.060976 0.060976 0.182927 1100.000000 1100.000000 1100.000000 1100.000000 0.000000 0.000000 0.000000 
6.816373 0.770308 -17.661978 0.060976 -0.000000 -0.060976 1100.000000 1100.000000 1100.000000 1100.000000 0.000000 0.000000 0.000000 
6.629727 1.010683 -17.632483 -0.487805 0.243902 -0.304878 1100.000000 1100.000000 1100.000000 1100.000000 0.000000 0.000000 0.000000 
6.460733 1.228541 -17.607580 0.000000 -0.182927 0.060976 1100.000000 1100.000000 1100.000000 1100.000000 0.000000 0.000000 0.000000 
6.307681 1.391773 -17.590149 0.182927 -0.000000 0.243902 1100.000000 1100.000000 1100.000000 1100.000000 0.000000 0.000050 0.000000 
6.183905 1.571572 -17.579836 -0.121951 0.121951 0.243902 1123.000000 1123.000000 1123.000000 1123.000000 0.000000 0.000000 0.000000 
6.013887 1.689037 -17.529371 -0.975610 0.060976 0.060976 1228.000000 1228.000000 1228.000000 1228.000000 0.000000 0.000000 0.000000 
5.852289 1.574183 -17.616236 0.182927 1.097561 3.780488 1137.000000 1137.000000 1137.000000 1137.000000 0.000000 0.000000 0.000000 
5.308784 1.696558 -17.588732 -3.170732 3.109756 -2.073171 1120.000000 1120.000000 1120.000000 1120.000000 0.000000 0.000000 0.000000 
4.903973 1.452719 -17.609705 0.609756 -0.304878 1.829268 1120.000000 1120.000000 1120.000000 1120.000000 0.000000 0.000010 0.000000 
5.381429 2.063372 -17.676289 5.609756 -5.914634 1.951220 1123.000000 1123.000000 1123.000000 1123.000000 0.000000 0.000020 0.000000 
5.760390 2.596929 -17.589291 -3.353659 3.170732 -1.707317 1123.000000 1123.000000 1123.000000 1123.000000 0.000000 0.000000 0.000000 
5.606555 2.477976 -17.602032 2.743902 -2.560976 1.341463 1122.000000 1122.000000 1122.000000 1122.000000 0.000000 0.000010 0.000000 
5.468181 2.530203 -17.600779 -1.341463 1.646341 0.548781 1125.000000 1125.000000 1125.000000 1125.000000 0.000000 0.000010 0.000000 
5.675447 2.664072 -17.618492 0.792683 -0.243902 -0.243902 1126.000000 1126.000000 1126.000000 1126.000000 0.000000 0.000040 0.000000 
5.652116 2.515924 -17.606094 -1.341463 1.890244 -0.304878 1125.000000 1125.000000 1125.000000 1125.000000 0.000000 0.000000 0.000000 
5.829598 2.544407 -17.622675 0.304878 -0.792683 -0.182927 1123.000000 1123.000000 1123.000000 1123.000000 0.000000 0.000000 0.000000 
5.828839 2.559212 -17.607420 0.975610 -1.036585 0.182927 1127.000000 1127.000000 1127.000000 1127.000000 0.000000 0.000000 0.000000 
5.853502 2.687791 -17.611624 -0.914634 1.646341 0.365854 1148.000000 1148.000000 1148.000000 1148.000000 0.000000 0.000030 0.000000 
5.774855 2.714322 -17.625458 0.487805 -0.792683 0.670732 1173.000000 1173.000000 1173.000000 1173.000000 0.000000 0.000000 0.000000 
5.668831 2.664697 -17.629189 0.304878 -0.487805 -0.243902 1186.000000 1186.000000 1186.000000 1186.000000 0.000000 0.000000 0.000000 
5.750487 2.780433 -17.638294 -0.670732 -0.243902 -0.365854 1196.000000 1196.000000 1196.000000 1196.000000 0.000000 0.000000 0.000000 
5.638128 2.759115 -17.634647 -1.158537 0.914634 -0.000000 1209.000000 1209.000000 1209.000000 1209.000000 0.000000 0.000000 0.000000 
5.719710 2.831021 -17.643694 0.243902 -0.121951 0.670732 1212.000000 1212.000000 1212.000000 1212.000000 0.000000 0.000000 0.000000 
5.642051 2.641334 -17.656046 -0.121951 0.121951 0.121951 1218.000000 1218.000000 1218.000000 1218.000000 0.000000 0.000000 0.000000 
5.684427 2.235039 -17.695208 -0.060976 0.182927 0.609756 1228.000000 1228.000000 1228.000000 1228.000000 0.000000 0.000000 0.000000 
5.717559 2.456758 -17.680641 -0.243902 -0.487805 -1.036585 1226.000000 1226.000000 1226.000000 1226.000000 0.000000 0.000000 0.000000 
5.781815 2.336485 -17.697639 1.219512 -0.853659 -0.304878 1233.000000 1233.000000 1233.000000 1233.000000 0.000000 0.000000 0.000000 
5.801280 2.558507 -17.683081 -1.097561 0.548781 0.243902 1159.000000 1159.000000 1159.000000 1159.000000 0.000000 0.000050 0.000000 
5.576371 2.519198 -17.647064 -1.524390 1.707317 -0.365854 1100.000000 1100.000000 1100.000000 1100.000000 0.000000 0.000000 0.000000 
5.495135 2.502730 -17.659264 -0.365854 -0.365854 -0.548781 1100.000000 1100.000000 1100.000000 1100.000000 0.000000 0.000000 0.000000 
5.207918 2.490423 -17.666178 0.853659 -0.487805 -0.000000 1100.000000 1100.000000 1100.000000 1100.000000 0.000000 0.000000 0.000000 
5.313412 2.516132 -17.684055 -0.487805 0.487805 0.426829 1100.000000 1100.000000 1100.000000 1100.000000 0.000000 0.000000 0.000000 
5.344023 2.467811 -17.693079 0.487805 -0.182927 -0.000000 1100.000000 1100.000000 1100.000000 1100.000000 0.000000 0.000000 0.000000 
5.135541 2.464267 -17.673876 0.060976 0.304878 -0.182927 1100.000000 1100.000000 1100.000000 1100.000000 0.000000 0.000000 0.000000 
5.117548 2.519714 -17.670929 -0.487805 0.670732 0.304878 1100.000000 1100.000000 1100.000000 1100.000000 0.000000 0.000000 0.000000 
5.177420 2.506896 -17.676619 0.000000 0.304878 0.121951 1100.000000 1100.000000 1100.000000 1100.000000 0.000000 0.000000 0.000000 
5.178725 2.566326 -17.677502 -0.670732 0.121951 -0.304878 1100.000000 1100.000000 1100.000000 1100.000000 0.000000 0.000000 0.000000 
5.131416 2.674426 -17.665327 0.000000 -0.304878 -0.792683 1100.000000 1100.000000 1100.000000 1100.000000 0.000000 0.000000 0.000000 
5.297249 2.776018 -17.644905 0.060976 -0.000000 0.243902 1100.000000 1100.000000 1100.000000 1100.000000 0.000000 0.000000 0.000000 
4.906614 2.669725 -17.672823 0.121951 -0.060976 -0.304878 1100.000000 1100.000000 1100.000000 1100.000000 0.000000 0.000000 0.000000 
4.855178 2.759750 -17.660042 0.000000 0.548781 0.365854 1100.000000 1100.000000 1100.000000 1100.000000 0.000000 0.000000 0.000000 
4.925317 2.816742 -17.665134 0.182927 -0.243902 -0.000000 1100.000000 1100.000000 1100.000000 1100.000000 0.000000 0.000000 0.000000 
5.152282 2.779135 -17.682150 -0.182927 -0.243902 -0.121951 1100.000000 1100.000000 1100.000000 1100.000000 0.000000 0.000000 0.000000 
5.052163 2.613045 -17.698599 0.000000 -0.365854 -0.365854 1100.000000 1100.000000 1100.000000 1100.000000 0.000000 0.000000 0.000000 
5.173977 2.852465 -17.671497 -0.060976 0.609756 0.121951 1100.000000 1100.000000 1100.000000 1100.000000 0.000000 0.000000 0.000000 
5.225284 2.728589 -17.676714 0.060976 0.121951 -0.000000 1100.000000 1100.000000 1100.000000 1100.000000 0.000000 0.000000 0.000000 
5.297662 2.535383 -17.699099 0.060976 -0.731707 -0.121951 1100.000000 1100.000000 1100.000000 1100.000000 0.000000 0.000000 0.000000 
5.223443 2.540898 -17.702969 -0.304878 -0.000000 -0.548781 1108.000000 1108.000000 1108.000000 1108.000000 0.000000 0.000000 0.000000 
5.273153 2.558063 -17.699638 0.000000 -0.060976 -0.304878 1115.000000 1115.000000 1115.000000 1115.000000 0.000000 0.000000 0.000000 
5.549218 2.680908 -17.685476 0.000000 -0.548781 -0.426829 1128.000000 1128.000000 1128.000000 1128.000000 0.000000 0.000000 0.000000 
5.502216 2.634578 -17.688536 -0.121951 -0.182927 0.182927 1130.000000 1130.000000 1130.000000 1130.000000 0.000000 0.000000 0.000000 
5.504697 2.678596 -17.697487 0.060976 -0.060976 0.304878 1130.000000 1130.000000 1130.000000 1130.000000 0.000000 0.000000 0.000000 
5.636638 2.577981 -17.717796 0.304878 -0.000000 0.670732 1150.000000 1150.000000 1150.000000 1150.000000 0.000000 0.000000 0.000000 
5.534115 2.713637 -17.725607 0.060976 -0.060976 -0.487805 1152.000000 1152.000000 1152.000000 1152.000000 0.000000 0.000000 0.000000 
5.555373 2.736346 -17.717710 -0.060976 0.243902 -0.060976 1158.000000 1158.000000 1158.000000 1158.000000 0.000000 0.000000 0.000000 
5.504768 2.738207 -17.712156 0.000000 -0.365854 -0.182927 1178.000000 1178.000000 1178.000000 1178.000000 0.000000 0.000000 0.000000 
5.331538 2.799237 -17.720631 -1.158537 0.121951 0.243902 1188.000000 1188.000000 1188.000000 1188.000000 0.000000 0.000000 0.000000 
5.291134 2.852705 -17.737276 0.914634 -0.243902 0.609756 1192.000000 1192.000000 1192.000000 1192.000000 0.000000 0.000000 0.000000 
5.316841 2.801401 -17.726912 -0.060976 0.243902 0.243902 1207.000000 1207.000000 1207.000000 1207.000000 0.000000 0.000000 0.000000 
5.339974 2.849445 -17.723854 -0.365854 0.487805 0.121951 1208.000000 1208.000000 1208.000000 1208.000000 0.000000 0.000000 0.000000 
5.383927 2.848056 -17.724884 -0.060976 0.792683 0.243902 1215.000000 1215.000000 1215.000000 1215.000000 0.000000 0.000000 0.000000 
5.464484 2.459770 -17.757597 -0.182927 -0.243902 -0.182927 1231.000000 1231.000000 1231.000000 1231.000000 0.000000 0.000000 0.000000 
5.545959 2.608654 -17.762354 1.524390 -1.097561 -0.182927 1243.000000 1243.000000 1243.000000 1243.000000 0.000000 0.000000 0.000000 
5.555425 2.440773 -17.773142 -0.914634 -0.426829 -0.548781 1246.000000 1246.000000 1246.000000 1246.000000 0.000000 0.000000 0.000000 
5.559728 2.570744 -17.770027 -0.182927 0.426829 -0.426829 1247.000000 1247.000000 1247.000000 1247.000000 0.000000 0.000000 0.000000 
5.349804 2.565155 -17.775194 -0.731707 0.731707 0.426829 1254.000000 1254.000000 1254.000000 1254.000000 0.000000 0.000000 0.000000 
4.963791 2.556500 -17.786007 -0.487805 -0.304878 -0.182927 1261.000000 1261.000000 1261.000000 1261.000000 0.000000 0.000000 0.000000 
5.209785 2.693855 -17.740801 -0.243902 0.182927 -0.548781 1270.000000 1270.000000 1270.000000 1270.000000 0.000000 0.000000 0.000000 
5.396756 2.389937 -17.776617 0.182927 -0.060976 0.060976 1282.000000 1282.000000 1282.000000 1282.000000 0.000000 0.000000 0.000000 
5.379029 2.420110 -17.770241 1.097561 -0.670732 -0.121951 1286.000000 1286.000000 1286.000000 1286.000000 0.000000 0.000000 0.000000 
5.640302 2.437393 -17.789972 0.060976 -0.609756 0.426829 1298.000000 1298.000000 1298.000000 1298.000000 0.000000 0.000020 0.000000 
5.344272 2.384582 -17.804630 1.097561 -0.304878 0.426829 1298.000000 1301.000000 1299.000000 1300.000000 0.000000 0.000030 0.000000 
5.458436 2.340270 -17.792274 -1.219512 -0.182927 -1.280488 1313.000000 1310.000000 1311.000000 1312.000000 0.000000 0.000030 0.000000 
5.534640 2.455017 -17.767466 -0.243902 -0.243902 -0.853659 1318.000000 1317.000000 1317.000000 1318.000000 0.000000 0.000010 0.000000 
5.637272 2.548943 -17.774569 -0.060976 0.609756 0.670732 1324.000000 1324.000000 1324.000000 1324.000000 0.000000 0.000000 0.000000 
5.941211 2.878076 -17.785635 0.304878 -0.304878 1.402439 1328.000000 1328.000000 1328.000000 1328.000000 0.000000 0.000000 0.000000 
5.716801 2.765088 -17.771099 0.853659 -0.060976 0.792683 1331.000000 1331.000000 1331.000000 1331.000000 0.000000 0.000000 0.000000 
5.612002 2.973782 -17.754681 -0.121951 -0.426829 -1.280488 1330.000000 1329.000000 1328.000000 1331.000000 0.000000 0.000020 0.000000 
5.886379 2.360190 -17.795313 1.158537 0.304878 -0.060976 1329.000000 1328.000000 1331.000000 1326.000000 0.000000 0.000000 0.000000 
6.462640 2.228835 -17.849518 -0.670732 0.670732 -0.243902 1328.000000 1328.000000 1328.000000 1328.000000 0.000000 0.000010 0.000000 
6.371899 1.861678 -17.880880 -0.060976 -0.853659 -0.304878 1329.000000 1330.000000 1329.000000 1330.000000 0.000000 0.000040 0.000000 
6.143197 2.016096 -17.864365 2.621951 -1.707317 0.487805 1328.000000 1328.000000 1328.000000 1328.000000 0.000000 0.000000 0.000000 
6.230888 2.138758 -17.885000 -0.487805 -0.487805 1.219512 1328.000000 1328.000000 1328.000000 1328.000000 0.000000 0.000000 0.000000 
6.049968 2.140501 -17.868364 0.914634 -0.243902 -0.365854 1330.000000 1330.000000 1330.000000 1330.000000 0.000000 0.000000 0.000000 
6.176434 2.322594 -17.873146 -0.792683 -0.426829 -0.000000 1328.000000 1328.000000 1328.000000 1328.000000 0.000000 0.000000 0.000000 
5.634006 2.564127 -17.834366 1.341463 -1.280488 1.280488 1328.000000 1328.000000 1328.000000 1328.000000 0.000000 0.000000 0.000000 
5.848465 2.165699 -17.873371 -1.585366 0.670732 0.060976 1328.000000 1328.000000 1328.000000 1328.000000 0.000000 0.000000 0.000000 
5.408308 2.469809 -17.836004 0.426829 0.243902 0.670732 1330.000000 1330.000000 1330.000000 1330.000000 0.000000 0.000000 0.000000 
5.294810 2.405887 -17.849268 0.609756 -0.548781 1.402439 1328.000000 1328.000000 1328.000000 1328.000000 0.000000 0.000000 0.000000 
5.222798 2.548643 -17.844173 -0.304878 -0.365854 -0.548781 1328.000000 1328.000000 1328.000000 1328.000000 0.000000 0.000000 0.000000 
5.109370 2.642807 -17.797037 0.182927 -0.670732 -2.134146 1330.000000 1330.000000 1330.000000 1330.000000 0.000010 0.000000 0.000000 
5.299321 2.675432 -17.782803 -0.548781 0.853659 -0.487805 1330.000000 1329.000000 1330.000000 1329.000000 0.000130 0.000000 0.000000 
5.195875 2.734713 -17.772223 -0.914634 0.487805 0.670732 1330.000000 1327.000000 1329.000000 1328.000000 0.000200 0.000000 0.000000 
5.151115 2.768935 -17.774311 -2.439024 2.378049 0.060976 1330.000000 1327.000000 1329.000000 1328.000000 0.000220 0.000000 0.000000 
4.555158 1.431045 -17.908571 -3.048780 3.475610 0.548781 1330.000000 1329.000000 1330.000000 1329.000000 0.000200 0.000000 0.000000 
4.288146 1.162154 -17.911045 -1.341463 1.402439 -0.914634 1329.000000 1328.000000 1329.000000 1328.000000 0.000210 0.000000 0.000000 
4.540791 1.128310 -17.896282 -0.792683 0.243902 -0.060976 1330.000000 1327.000000 1330.000000 1327.000000 0.000210 0.000000 0.000000 
4.278601 0.628908 -17.918903 -0.670732 2.256098 -0.243902 1329.000000 1328.000000 1329.000000 1328.000000 0.000200 0.000000 0.000000 
4.141936 0.755675 -17.914320 0.914634 -2.378049 -0.487805 1331.000000 1328.000000 1330.000000 1329.000000 0.000200 0.000000 0.000000 
4.944240 1.312413 -17.929394 5.609756 -3.719512 1.158537 1332.000000 1325.000000 1329.000000 1328.000000 0.000210 0.000000 0.000000 
5.575603 2.216324 -17.927786 -1.829268 0.792683 0.487805 1330.000000 1327.000000 1329.000000 1328.000000 0.000210 0.000000 0.000000 
4.961033 1.680466 -17.908705 -2.012195 1.280488 0.548781 1330.000000 1329.000000 1330.000000 1329.000000 0.000200 0.000000 0.000000 
5.114086 1.549105 -17.878361 -1.280488 1.829268 0.243902 1330.000000 1329.000000 1330.000000 1329.000000 0.000200 0.000000 0.000000 
5.565219 1.205475 -17.937937 1.768293 -2.743902 0.182927 1331.000000 1326.000000 1329.000000 1328.000000 0.000210 0.000000 0.000000 
6.353018 1.368954 -17.985626 2.317073 -3.780488 1.890244 1331.000000 1326.000000 1330.000000 1327.000000 0.000210 0.000000 0.000000 
6.449089 2.048513 -17.974051 1.341463 -0.609756 -0.000000 1332.000000 1327.000000 1330.000000 1329.000000 0.000200 0.000000 0.000000 
6.315633 1.529938 -17.971476 -4.207317 3.719512 -1.585366 1330.000000 1329.000000 1330.000000 1329.000000 0.000200 0.000000 0.000000 
4.895387 1.195228 -17.908232 -5.792683 6.951220 -1.402439 1327.000000 1330.000000 1329.000000 1328.000000 0.000210 0.000000 0.000000 
3.670923 0.296178 -17.848625 -1.951220 1.707317 -0.426829 1328.000000 1329.000000 1329.000000 1328.000000 0.000210 0.000000 0.000000 
3.350369 -0.160329 -17.846146 -0.548781 0.670732 0.670732 1330.000000 1329.000000 1330.000000 1329.000000 0.000200 0.000000 0.000000 
3.415806 0.145976 -17.875248 1.768293 -2.500000 1.402439 1331.000000 1328.000000 1330.000000 1329.000000 0.000200 0.000000 0.000000 
3.183782 0.783033 -17.854446 1.158537 -1.219512 2.073171 1330.000000 1327.000000 1329.000000 1328.000000 0.000210 0.000000 0.000000 
3.472904 0.522268 -17.892471 -0.121951 -0.182927 -0.243902 1329.000000 1328.000000 1329.000000 1328.000000 0.000210 0.000000 0.000000 
2.996080 0.636816 -17.860426 -1.219512 1.097561 -0.609756 1329.000000 1328.000000 1329.000000 1328.000000 0.000200 0.000000 0.000000 
2.793601 -0.165717 -17.880714 -0.304878 0.365854 -0.609756 1331.000000 1330.000000 1331.000000 1330.000000 0.000200 0.000000 0.000000 
2.674274 0.117155 -17.870985 1.768293 -1.890244 -0.914634 1363.000000 1360.000000 1362.000000 1361.000000 0.000200 0.000000 0.000000 
3.175841 0.511573 -17.853239 1.890244 -1.280488 0.731707 1371.000000 1368.000000 1370.000000 1369.000000 0.000210 0.000000 0.000000 
3.077291 0.233169 -17.871706 -2.682927 2.012195 0.365854 1371.000000 1372.000000 1372.000000 1371.000000 0.000210 0.000000 0.000000 
2.108467 -0.171418 -17.832018 -4.451220 4.512195 0.426829 1369.000000 1372.000000 1371.000000 1370.000000 0.000200 0.000000 0.000000 
1.667149 -0.641555 -17.846148 -0.060976 2.134146 0.487805 1370.000000 1371.000000 1371.000000 1370.000000 0.000200 0.000000 0.000000 
1.706214 -0.444213 -17.859102 1.829268 -3.658537 1.219512 1371.000000 1368.000000 1370.000000 1369.000000 0.000210 0.000000 0.000000 
2.578620 0.017917 -17.900953 1.707317 -1.036585 0.304878 1371.000000 1368.000000 1370.000000 1369.000000 0.000210 0.000000 0.000000 
2.118531 -0.508479 -17.949268 -7.804878 7.743903 -0.000000 1368.000000 1373.000000 1371.000000 1370.000000 0.000200 0.000000 0.000000 
0.826968 -1.599426 -17.909658 -5.000000 6.158537 -0.000000 1368.000000 1373.000000 1371.000000 1370.000000 0.000200 0.000000 0.000000 
-0.340147 -2.750943 -17.859945 -5.426829 5.365854 0.182927 1367.000000 1372.000000 1370.000000 1369.000000 0.000200 0.000000 0.000000 
-1.406616 -3.766193 -17.787725 -5.670732 4.817073 -0.000000 1366.000000 1373.000000 1370.000000 1369.000000 0.000210 0.000000 0.000000 
-1.541263 -3.757555 -17.832249 2.682927 -4.939024 -1.036585 1370.000000 1369.000000 1370.000000 1369.000000 0.000210 0.000000 0.000000 
-0.582696 -2.884930 -17.878790 6.951220 -5.243903 -0.914634 1372.000000 1369.000000 1371.000000 1370.000000 0.000200 0.000000 0.000000 
0.934517 -1.496113 -17.953979 7.012195 -8.658537 0.121951 1374.000000 1367.000000 1371.000000 1370.000000 0.000200 0.000000 0.000000 
1.995088 -0.167519 -17.976412 7.317073 -7.073171 -0.426829 1373.000000 1366.000000 1370.000000 1369.000000 0.000210 0.000000 0.000000 
3.106646 0.748695 -17.953381 3.475610 -4.451220 -1.158537 1372.000000 1367.000000 1370.000000 1369.000000 0.000210 0.000000 0.000000 
3.585128 0.888496 -17.961327 -1.219512 -0.060976 -0.914634 1368.000000 1367.000000 1368.000000 1367.000000 0.000210 0.000000 0.000000 
3.441910 0.672308 -17.960388 -0.975610 3.475610 0.670732 1365.000000 1364.000000 1365.000000 1364.000000 0.000200 0.000000 0.000000 
3.829244 0.963795 -17.993593 3.109756 -3.414634 0.182927 1373.000000 1368.000000 1371.000000 1370.000000 0.000200 0.000000 0.000000 
3.889437 1.192909 -17.957779 0.182927 1.463415 -0.792683 1370.000000 1369.000000 1370.000000 1369.000000 0.000210 0.000000 0.000000 
3.510121 0.986871 -17.935905 -0.792683 0.853659 -0.792683 1371.000000 1370.000000 1371.000000 1370.000000 0.000210 0.000000 0.000000 
3.423475 0.313384 -17.960449 -2.378049 1.158537 0.304878 1370.000000 1371.000000 1371.000000 1370.000000 0.000210 0.000000 0.000000 
2.982022 0.217689 -17.978535 -1.097561 1.341463 0.060976 1370.000000 1371.000000 1371.000000 1370.000000 0.000200 0.000000 0.000000 
2.500785 -0.572318 -17.989882 -4.878049 4.939024 0.243902 1369.000000 1372.000000 1371.000000 1370.000000 0.000200 0.000000 0.000000 
1.351719 -1.049408 -17.985989 -3.536585 5.548780 -0.792683 1368.000000 1371.000000 1370.000000 1369.000000 0.000200 0.000000 0.000000 
0.168922 -1.414147 -17.989676 2.804878 -1.951220 -1.280488 1372.000000 1371.000000 1372.000000 1371.000000 0.000210 0.000000 0.000000 
0.923348 -0.984961 -17.996321 2.256098 -2.621951 -1.097561 1372.000000 1369.000000 1371.000000 1370.000000 0.000210 0.000000 0.000000 
1.495489 -0.044181 -18.012089 5.000000 -4.634146 -0.487805 1373.000000 1368.000000 1371.000000 1370.000000 0.000200 0.000000 0.000000 
2.045605 0.313919 -18.009174 0.548781 -1.585366 0.304878 1371.000000 1370.000000 1371.000000 1370.000000 0.000210 0.000000 0.000000 
1.817229 -0.210846 -17.996557 -3.353659 5.060976 -0.365854 1369.000000 1372.000000 1371.000000 1370.000000 0.000200 0.000000 0.000000 
0.590223 -0.735410 -17.987038 -5.548780 6.097561 -0.731707 1367.000000 1372.000000 1369.000000 1370.000000 0.000210 0.000000 0.000000 
-0.415754 -1.419913 -17.966143 -4.451220 2.500000 -0.609756 1370.000000 1373.000000 1372.000000 1371.000000 0.000210 0.000000 0.000000 
-0.067538 -1.367149 -17.952185 4.634146 -6.341464 -0.487805 1373.000000 1370.000000 1372.000000 1371.000000 0.000200 0.000000 0.000000 
0.949311 -0.126911 -17.989967 6.219512 -6.829268 0.243902 1374.000000 1367.000000 1371.000000 1370.000000 0.000210 0.000000 0.000000 
3.101712 1.557948 -17.964247 10.121951 -9.268292 0.609756 1376.000000 1365.000000 1371.000000 1370.000000 0.000210 0.000000 0.000000 
4.667683 2.910120 -17.935781 8.231708 -9.695122 -0.670732 1375.000000 1366.000000 1371.000000 1370.000000 0.000200 0.000000 0.000000 
6.078772 4.231155 -17.843794 7.500000 -8.536586 -1.402439 1377.000000 1366.000000 1372.000000 1371.000000 0.000210 0.000000 0.000000 
7.094388 5.385568 -17.742136 3.719512 -2.621951 -0.000000 1375.000000 1366.000000 1371.000000 1370.000000 0.000200 0.000000 0.000000 
7.609896 5.532415 -17.701357 -0.792683 0.121951 0.487805 1373.000000 1368.000000 1371.000000 1370.000000 0.000200 0.000000 0.000000 
7.098926 4.766798 -17.731304 -2.500000 0.853659 -0.426829 1373.000000 1370.000000 1372.000000 1371.000000 0.000210 0.000000 0.000000 
6.818954 4.361134 -17.786205 -1.707317 2.012195 0.121951 1373.000000 1370.000000 1372.000000 1371.000000 0.000200 0.000000 0.000000 
6.804412 4.181348 -17.794712 -2.073171 2.134146 1.097561 1371.000000 1368.000000 1370.000000 1369.000000 0.000210 0.000000 0.000000 
5.815851 3.108078 -17.886856 -8.414635 9.573171 0.853659 1369.000000 1372.000000 1371.000000 1370.000000 0.000210 0.000000 0.000000 
4.010205 1.328586 -17.946890 -9.146341 10.243902 0.609756 1368.000000 1373.000000 1371.000000 1370.000000 0.000200 0.000000 0.000000 
1.663838 -0.568211 -17.973633 -11.951220 12.256098 -0.060976 1366.000000 1375.000000 1371.000000 1370.000000 0.000200 0.000000 0.000000 
-0.636344 -2.630486 -17.892235 -12.621951 12.682927 -0.853659 1365.000000 1376.000000 1371.000000 1370.000000 0.000200 0.000000 0.000000 
-5.207975 -6.417517 -17.583420 -3.963415 3.597561 -0.182927 1366.000000 1375.000000 1370.000000 1371.000000 0.000200 0.000000 0.000000 
-4.678212 -6.209174 -17.703096 6.463415 -10.304878 0.670732 1372.000000 1369.000000 1372.000000 1369.000000 0.000210 0.000000 0.000000 
-3.388539 -5.281767 -17.787565 7.073171 -5.121951 -0.914634 1371.000000 1370.000000 1371.000000 1370.000000 0.000210 0.000000 0.000000 
-2.612348 -4.707474 -17.877739 4.207317 -5.548780 0.670732 1371.000000 1370.000000 1371.000000 1370.000000 0.000200 0.000000 0.000000 
-1.813911 -3.826874 -17.945925 4.268293 -4.695122 0.304878 1371.000000 1370.000000 1371.000000 1370.000000 0.000200 0.000000 0.000000 
-0.507647 -2.590050 -18.051212 8.963415 -8.536586 2.743902 1373.000000 1368.000000 1371.000000 1370.000000 0.000200 0.000000 0.000000 
2.143130 -0.407432 -18.137014 15.060976 -16.097561 2.439024 1377.000000 1364.000000 1371.000000 1370.000000 0.000200 0.000000 0.000000 
5.455677 2.138105 -18.092573 0.121951 -0.487805 -0.000000 1372.000000 1369.000000 1371.000000 1370.000000 0.000210 0.000000 0.000000 
4.534766 1.575786 -18.074448 -8.780488 8.475610 0.792683 1368.000000 1373.000000 1371.000000 1370.000000 0.000200 0.000000 0.000000 
2.590308 0.230192 -18.105930 -9.329268 11.402439 -0.670732 1367.000000 1374.000000 1371.000000 1370.000000 0.000200 0.000000 0.000000 
0.840905 -1.303120 -18.033310 -5.182927 5.975610 -0.304878 1368.000000 1373.000000 1371.000000 1370.000000 0.000210 0.000000 0.000000 
0.312681 -1.870244 -18.058836 -3.048780 3.048780 -0.609756 1369.000000 1372.000000 1371.000000 1370.000000 0.000200 0.000000 0.000000 
-0.017222 -2.278133 -17.999088 -2.012195 3.231707 -0.853659 1369.000000 1372.000000 1371.000000 1370.000000 0.000200 0.000000 0.000000 
-0.342891 -2.699771 -17.999384 -2.621951 2.560976 -0.792683 1369.000000 1372.000000 1371.000000 1370.000000 0.000200 0.000000 0.000000 
-0.080397 -2.331919 -17.957790 4.878049 -4.329268 -0.365854 1372.000000 1369.000000 1371.000000 1370.000000 0.000210 0.000000 0.000000 
0.938206 -1.219931 -17.978376 6.280488 -7.743903 0.548781 1300.000000 1295.000000 1298.000000 1297.000000 0.000200 0.000000 0.000000 
2.411355 0.398021 -17.960962 11.829268 -12.682927 0.182927 1100.000000 1100.000000 1100.000000 1100.000000 0.000200 0.000000 0.000000 
5.014520 2.814918 -17.866440 17.500000 -17.987804 -0.548781 1100.000000 1100.000000 1100.000000 1100.000000 0.000200 0.000000 0.000000 
8.782081 6.433655 -17.541468 25.365854 -26.829269 -0.731707 1100.000000 1100.000000 1100.000000 1100.000000 0.000200 0.000000 0.000000 
14.507273 12.004772 -16.548157 36.524391 -38.475609 -1.158537 1100.000000 1100.000000 1100.000000 1100.000000 0.000200 0.000000 0.000000 
18.442080 16.459791 -15.405999 -11.585366 14.939025 0.365854 1100.000000 1100.000000 1100.000000 1100.000000 0.000200 0.000000 0.000000 
18.758825 16.948483 -15.238106 2.987805 -2.012195 -0.914634 1100.000000 1100.000000 1100.000000 1100.000000 0.000200 0.000000 0.000000 
18.940104 17.064495 -15.119300 3.109756 1.463415 -0.426829 1100.000000 1100.000000 1100.000000 1100.000000 0.000200 0.000000 0.000000 
19.060234 17.162916 -15.087439 -1.036585 -1.524390 0.548781 1100.000000 1100.000000 1100.000000 1100.000000 0.000200 0.000000 0.000000 
19.062616 17.255596 -15.077193 0.243902 1.158537 -0.060976 1100.000000 1100.000000 1100.000000 1100.000000 0.000200 0.000000 0.000000 
19.209183 17.056396 -15.119580 -0.426829 0.182927 0.670732 1100.000000 1100.000000 1100.000000 1100.000000 0.000200 0.000000 0.000000 
19.390331 17.344137 -15.031583 -0.853659 -0.670732 -0.182927 1100.000000 1100.000000 1100.000000 1100.000000 0.000200 0.000000 0.000000 
19.420818 17.276787 -15.063448 0.121951 0.548781 -0.304878 1100.000000 1100.000000 1100.000000 1100.000000 0.000200 0.000000 0.000000 
19.768534 17.447344 -15.004510 0.000000 0.121951 0.304878 1100.000000 1100.000000 1100.000000 1100.000000 0.000200 0.000000 0.000000 
19.970938 17.407616 -15.010044 -0.060976 0.548781 0.182927 1100.000000 1100.000000 1100.000000 1100.000000 0.000200 0.000000 0.000000 
19.922848 17.317194 -15.035999 -0.121951 -0.304878 -0.243902 1100.000000 1100.000000 1100.000000 1100.000000 0.000200 0.000000 0.000000 
19.772453 17.225149 -15.073545 -0.121951 0.060976 -0.121951 1100.000000 1100.000000 1100.000000 1100.000000 0.000200 0.000000 0.000000 
19.747414 17.060007 -15.133304 0.426829 0.487805 0.060976 1100.000000 1100.000000 1100.000000 1100.000000 0.000200 0.000000 0.000000 
19.233587 16.772318 -15.230186 -2.195122 -1.463415 0.365854 1100.000000 1100.000000 1100.000000 1100.000000 0.000200 0.000000 0.000000 
19.110998 16.583551 -15.300763 0.853659 3.109756 -0.548781 1100.000000 1100.000000 1100.000000 1100.000000 0.000200 0.000000 0.000000 
19.066811 16.922308 -15.156347 0.365854 0.243902 -0.548781 1100.000000 1100.000000 1100.000000 1100.000000 0.000200 0.000000 0.000000 
19.059940 16.994558 -15.124327 1.219512 0.975610 0.121951 1100.000000 1100.000000 1100.000000 1100.000000 0.000200 0.000000 0.000000 
19.142866 16.990189 -15.117157 -0.670732 -0.792683 0.487805 1100.000000 1100.000000 1100.000000 1100.000000 0.000200 0.000000 0.000000 
19.327442 16.973520 -15.130575 0.731707 0.182927 -0.426829 1100.000000 1100.000000 1100.000000 1100.000000 0.000200 0.000000 0.000000 
19.556152 16.939690 -15.133855 -0.243902 -0.365854 -0.000000 1100.000000 1100.000000 1100.000000 1100.000000 0.000200 0.000000 0.000000 
19.919624 17.114416 -15.081099 0.000000 -0.060976 -0.121951 1100.000000 1100.000000 1100.000000 1100.000000 0.000200 0.000000 0.000000 
19.827641 17.217060 -15.041907 0.060976 0.426829 0.426829 1100.000000 1100.000000 1100.000000 1100.000000 0.000200 0.000000 0.000000 
19.605419 17.580692 -14.914350 -0.365854 -0.000000 -0.243902 1100.000000 1100.000000 1100.000000 1100.000000 0.000200 0.000000 0.000000 
19.358383 17.441814 -14.961306 -0.060976 0.365854 0.060976 1100.000000 1100.000000 1100.000000 1100.000000 0.000200 0.000000 0.000000 
19.073530 17.206970 -15.036839 0.000000 0.182927 0.243902 1100.000000 1100.000000 1100.000000 1100.000000 0.000200 0.000000 0.000000 
19.006973 17.143986 -15.055676 -0.182927 0.243902 0.182927 1103.000000 1100.000000 1100.000000 1100.000000 0.000200 0.000000 0.000000 
18.948244 17.018049 -15.091789 -0.121951 -0.121951 -0.243902 1127.000000 1112.000000 1120.000000 1119.000000 0.000200 0.000000 0.000000 
19.063564 17.034285 -15.089170 -0.182927 -0.304878 -0.060976 1145.000000 1130.000000 1138.000000 1137.000000 0.000200 0.000000 0.000000 
19.309231 17.039076 -15.090101 -0.060976 0.426829 0.426829 1152.000000 1137.000000 1145.000000 1144.000000 0.000200 0.000000 0.000000 
19.647881 17.180256 -15.077662 0.365854 -0.548781 -0.487805 1204.000000 1189.000000 1197.000000 1196.000000 0.000200 0.000000 0.000000 
19.635178 17.185341 -15.072929 -1.402439 1.036585 -0.426829 1214.000000 1199.000000 1207.000000 1206.000000 0.000200 0.000000 0.000000 
19.447109 16.968845 -15.136495 -2.256098 2.865854 0.182927 1238.000000 1225.000000 1232.000000 1231.000000 0.000200 0.000000 0.000000 
18.936188 16.142380 -15.411318 -3.658537 3.719512 -0.060976 1246.000000 1235.000000 1241.000000 1240.000000 0.000200 0.000000 0.000000 
18.006989 15.016874 -15.729121 -5.792683 7.073171 0.365854 1255.000000 1246.000000 1251.000000 1250.000000 0.000200 0.000000 0.000000 
17.121229 14.128518 -15.941120 -3.414634 3.414634 -0.548781 1261.000000 1252.000000 1257.000000 1256.000000 0.000200 0.000000 0.000000 
16.712009 13.625928 -16.073214 -1.158537 1.463415 0.365854 1294.000000 1283.000000 1289.000000 1288.000000 0.000200 0.000000 0.000000 
16.627581 13.231952 -16.201902 -0.487805 0.365854 0.426829 1301.000000 1290.000000 1296.000000 1295.000000 0.000200 0.000000 0.000000 
16.478773 13.122075 -16.235880 -1.402439 1.829268 1.097561 1327.000000 1316.000000 1322.000000 1321.000000 0.000200 0.000000 0.000000 
16.215393 12.787657 -16.321505 -3.353659 3.536585 0.426829 1330.000000 1321.000000 1326.000000 1325.000000 0.000200 0.000000 0.000000 
15.436956 12.081367 -16.479511 -3.841464 4.451220 0.487805 1342.000000 1335.000000 1339.000000 1338.000000 0.000200 0.000000 0.000000 
14.567225 11.143987 -16.671965 -1.402439 2.317073 0.243902 1360.000000 1351.000000 1356.000000 1355.000000 0.000200 0.000000 0.000000 
14.209217 10.824219 -16.758644 -1.585366 2.073171 -0.792683 1381.000000 1372.000000 1377.000000 1376.000000 0.000200 0.000000 0.000000 
13.500235 10.332189 -16.849871 -4.268293 5.365854 0.365854 1387.000000 1380.000000 1384.000000 1383.000000 0.000200 0.000000 0.000000 
12.319326 9.491433 -17.012596 -6.707317 6.707317 0.426829 1393.000000 1390.000000 1392.000000 1391.000000 0.000200 0.000000 0.000000 
10.913500 8.233380 -17.207397 -7.378049 9.756098 -0.548781 1390.000000 1389.000000 1390.000000 1389.000000 0.000200 0.000000 0.000000 
9.101193 7.023556 -17.377270 -5.365854 3.902439 -0.853659 1393.000000 1390.000000 1392.000000 1391.000000 0.000200 0.000000 0.000000 
8.466255 6.227257 -17.472841 -3.841464 7.134147 0.975610 1391.000000 1390.000000 1391.000000 1390.000000 0.000200 0.000000 0.000000 
7.501862 4.907711 -17.583923 -2.804878 4.878049 -0.243902 1392.000000 1389.000000 1391.000000 1390.000000 0.000200 0.000000 0.000000 
6.191661 3.857294 -17.682024 -6.646342 4.817073 -0.853659 1388.000000 1389.000000 1389.000000 1388.000000 0.000200 0.000000 0.000000 
5.233515 2.786338 -17.764454 -3.719512 5.853659 0.182927 1390.000000 1391.000000 1391.000000 1390.000000 0.000200 0.000000 0.000000 
4.339569 1.880933 -17.802515 -9.756098 8.170732 -1.829268 1388.000000 1393.000000 1391.000000 1390.000000 0.000200 0.000000 0.000000 
2.792110 0.060298 -17.837934 -13.292684 14.451220 1.341463 1385.000000 1394.000000 1390.000000 1389.000000 0.000200 0.000000 0.000000 
-0.098315 -2.872080 -17.775812 -22.560976 23.902439 -0.792683 1381.000000 1400.000000 1391.000000 1390.000000 0.000200 0.000000 0.000000 
-3.213037 -6.628584 -17.456852 -21.341463 22.987806 0.487805 1380.000000 1401.000000 1391.000000 1390.000000 0.000200 0.000000 0.000000 
-9.332248 -11.904535 -16.614672 -9.207317 11.951220 -1.402439 1382.000000 1399.000000 1391.000000 1390.000000 0.000200 0.000000 0.000000 
-10.993649 -13.492289 -16.274920 -7.865854 7.439024 1.036585 1383.000000 1398.000000 1391.000000 1390.000000 0.000200 0.000000 0.000000 
-12.879507 -15.293912 -15.848119 -10.487805 10.487805 -0.060976 1381.000000 1400.000000 1391.000000 1390.000000 0.000200 0.000000 0.000000 
-14.915139 -17.445169 -15.221227 -9.939025 12.987805 -0.609756 1379.000000 1400.000000 1390.000000 1389.000000 0.000200 0.000000 0.000000 
-16.576576 -19.255102 -14.675838 -7.378049 5.426829 1.402439 1381.000000 1400.000000 1391.000000 1390.000000 0.000200 0.000000 0.000000 
-17.121178 -20.017818 -14.424666 -0.121951 1.585366 -0.609756 1382.000000 1399.000000 1391.000000 1390.000000 0.000200 0.000000 0.000000 
-17.226309 -19.793930 -14.512298 2.743902 -2.560976 0.426829 1384.000000 1397.000000 1391.000000 1390.000000 0.000200 0.000000 0.000000 
-16.963858 -19.231552 -14.737739 0.914634 0.426829 0.548781 1383.000000 1396.000000 1390.000000 1389.000000 0.000200 0.000000 0.000000 
-17.155075 -19.279564 -14.733244 -1.402439 0.304878 0.243902 1383.000000 1398.000000 1391.000000 1390.000000 0.000200 0.000000 0.000000 
-17.245764 -19.656490 -14.603491 -1.280488 2.560976 -0.182927 1382.000000 1399.000000 1391.000000 1390.000000 0.000200 0.000000 0.000000 
-17.585796 -20.128542 -14.446067 -3.414634 2.195122 0.609756 1382.000000 1399.000000 1391.000000 1390.000000 0.000200 0.000000 0.000000 
-17.901451 -20.399261 -14.314345 0.487805 -1.402439 2.012195 1383.000000 1398.000000 1391.000000 1390.000000 0.000200 0.000000 0.000000 
-17.879732 -20.298727 -14.353835 0.487805 -0.000000 -0.121951 1382.000000 1397.000000 1390.000000 1389.000000 0.000200 0.000000 0.000000 
-18.189785 -20.227238 -14.383953 -1.341463 1.951220 2.195122 1382.000000 1399.000000 1391.000000 1390.000000 0.000200 0.000000 0.000000 
-18.706514 -20.838020 -14.167515 -3.231707 2.256098 -0.000000 1381.000000 1400.000000 1391.000000 1390.000000 0.000280 0.000000 0.000000 
-18.821495 -21.015158 -14.131286 2.560976 -0.426829 0.853659 1376.000000 1405.000000 1391.000000 1390.000000 0.000430 0.000000 0.000000 
-18.132418 -20.405523 -14.338642 4.512195 -6.402439 1.829268 1375.000000 1406.000000 1392.000000 1389.000000 0.000580 0.000000 0.000000 
-16.513086 -18.552509 -14.980688 13.231708 -12.926829 -0.914634 1384.000000 1395.000000 1391.000000 1388.000000 0.000600 0.000000 0.000000 
-12.712445 -14.655214 -16.121450 5.670732 -4.878049 0.975610 1381.000000 1400.000000 1392.000000 1389.000000 0.000600 0.000000 0.000000 
-12.071628 -13.863099 -16.307854 4.024390 -4.390244 -1.036585 1380.000000 1401.000000 1391.000000 1390.000000 0.000590 0.000000 0.000000 
-11.427953 -13.202041 -16.465107 3.292683 -3.414634 -0.304878 1380.000000 1401.000000 1392.000000 1389.000000 0.000590 0.000000 0.000000 
-10.740767 -12.527729 -16.623087 4.512195 -4.146341 0.182927 1382.000000 1399.000000 1392.000000 1389.000000 0.000590 0.000000 0.000000 
-9.837592 -11.588611 -16.814770 3.231707 -4.817073 -1.463415 1381.000000 1398.000000 1391.000000 1388.000000 0.000590 0.000000 0.000000 
-8.781037 -10.722209 -16.982843 4.451220 -3.292683 0.365854 1384.000000 1397.000000 1392.000000 1389.000000 0.000590 0.000000 0.000000 
-7.962376 -9.800369 -17.157995 5.365854 -6.585366 -0.365854 1387.000000 1394.000000 1392.000000 1389.000000 0.000590 0.000000 0.000000 
-6.210299 -7.898974 -17.508595 8.231708 -7.865854 1.036585 1391.000000 1390.000000 1392.000000 1389.000000 0.000590 0.000000 0.000000 
-4.133715 -6.369664 -17.717051 7.317073 -8.719512 -1.158537 1394.000000 1387.000000 1392.000000 1389.000000 0.000590 0.000000 0.000000 
-2.967405 -5.224722 -17.814489 2.317073 -2.743902 0.426829 1388.000000 1391.000000 1391.000000 1388.000000 0.000590 0.000000 0.000000 
-2.150776 -4.541201 -17.867693 6.036585 -5.121951 0.548781 1393.000000 1388.000000 1391.000000 1390.000000 0.000590 0.000000 0.000000 
-0.821200 -3.302703 -17.982260 8.231708 -12.073171 -0.975610 1400.000000 1381.000000 1393.000000 1388.000000 0.000590 0.000000 0.000000 
1.154994 -1.504213 -18.051556 11.402439 -10.731708 0.304878 1403.000000 1378.000000 1393.000000 1388.000000 0.000590 0.000000 0.000000 
2.133402 -0.176581 -18.048574 4.512195 -5.914634 0.853659 1398.000000 1383.000000 1393.000000 1388.000000 0.000590 0.000000 0.000000 
2.744384 0.028525 -17.988119 -5.426829 3.048780 -0.792683 1387.000000 1394.000000 1392.000000 1389.000000 0.000590 0.000000 0.000000 
3.444121 -0.089473 -17.985987 4.146341 -3.292683 1.585366 1396.000000 1385.000000 1393.000000 1388.000000 0.000590 0.000000 0.000000 
4.770117 0.974193 -17.961021 4.756098 -3.536585 0.731707 1399.000000 1382.000000 1392.000000 1389.000000 0.000590 0.000000 0.000000 
5.017341 1.366908 -17.943972 -1.829268 -0.975610 -0.000000 1394.000000 1387.000000 1393.000000 1388.000000 0.000590 0.000000 0.000000 
4.102226 0.774731 -17.917614 -4.207317 7.987805 0.731707 1387.000000 1394.000000 1391.000000 1390.000000 0.000590 0.000000 0.000000 
3.275254 -0.079764 -17.926638 -4.573171 2.865854 -0.853659 1388.000000 1393.000000 1392.000000 1389.000000 0.000590 0.000000 0.000000 
2.490480 -0.329826 -17.945040 1.158537 0.182927 1.097561 1392.000000 1389.000000 1393.000000 1388.000000 0.000590 0.000000 0.000000 
2.791640 0.092872 -17.957764 2.195122 -2.743902 0.060976 1395.000000 1386.000000 1392.000000 1389.000000 0.000590 0.000000 0.000000 
3.354662 0.774794 -17.985184 2.987805 -3.475610 1.707317 1396.000000 1385.000000 1393.000000 1388.000000 0.000590 0.000000 0.000000 
3.426640 0.873370 -17.977671 1.829268 0.792683 1.036585 1393.000000 1386.000000 1390.000000 1389.000000 0.000590 0.000000 0.000000 
2.097485 0.519418 -18.009829 -1.280488 -1.097561 -0.914634 1392.000000 1389.000000 1392.000000 1389.000000 0.000590 0.000000 0.000000 
1.044938 -0.243335 -18.059929 -2.621951 3.658537 -1.951220 1387.000000 1394.000000 1390.000000 1391.000000 0.000590 0.000000 0.000000 
1.002911 -0.417636 -18.047184 0.609756 -2.317073 0.060976 1392.000000 1389.000000 1392.000000 1389.000000 0.000590 0.000000 0.000000 
1.285423 0.077009 -18.055805 4.573171 -5.000000 -1.890244 1397.000000 1384.000000 1391.000000 1390.000000 0.000590 0.000000 0.000000 
2.267969 0.542875 -18.027584 1.402439 -2.621951 -1.707317 1394.000000 1387.000000 1391.000000 1390.000000 0.000590 0.000000 0.000000 
2.951347 0.569709 -18.021414 0.487805 1.341463 0.304878 1392.000000 1389.000000 1392.000000 1389.000000 0.000590 0.000000 0.000000 
2.669342 0.043356 -18.003969 -3.353659 4.207317 -0.670732 1388.000000 1393.000000 1391.000000 1390.000000 0.000590 0.000000 0.000000 
2.629756 -0.202986 -18.024242 -1.890244 0.426829 1.585366 1390.000000 1391.000000 1393.000000 1388.000000 0.000590 0.000000 0.000000 
3.068511 0.284401 -18.010382 1.646341 2.804878 2.987805 1393.000000 1388.000000 1391.000000 1390.000000 0.000590 0.000000 0.000000 
2.380057 -0.197484 -18.018873 -4.756098 3.353659 1.097561 1387.000000 1394.000000 1392.000000 1389.000000 0.000590 0.000000 0.000000 
1.874388 -0.703852 -18.058571 -1.280488 2.256098 2.378049 1390.000000 1391.000000 1393.000000 1388.000000 0.000590 0.000000 0.000000 
1.689803 -0.735595 -18.067368 1.341463 -0.060976 -0.182927 1392.000000 1389.000000 1391.000000 1390.000000 0.000590 0.000000 0.000000 
1.668386 -0.519501 -18.083021 3.902439 -1.951220 -0.243902 1393.000000 1386.000000 1391.000000 1388.000000 0.000590 0.000000 0.000000 
2.478409 0.053886 -18.064526 2.012195 -4.329268 -2.560976 1392.000000 1383.000000 1389.000000 1386.000000 0.000590 0.000000 0.000000 
2.844447 0.354395 -18.066368 4.451220 -5.121951 -0.853659 1396.000000 1381.000000 1391.000000 1386.000000 0.000590 0.000000 0.000000 
2.773690 0.385680 -18.010590 -8.719512 7.378049 -1.890244 1382.000000 1397.000000 1391.000000 1388.000000 0.000590 0.000000 0.000000 
1.846583 -0.603964 -17.988798 -5.243903 4.268293 -0.304878 1384.000000 1393.000000 1391.000000 1386.000000 0.000590 0.000000 0.000000 
1.559568 -0.710779 -17.989653 3.475610 -4.939024 0.365854 1393.000000 1384.000000 1390.000000 1387.000000 0.000590 0.000000 0.000000 
2.856025 0.361745 -18.049294 7.500000 -7.317073 0.792683 1398.000000 1377.000000 1389.000000 1386.000000 0.000590 0.000000 0.000000 
3.848726 1.241584 -18.041149 -0.731707 -1.829268 -0.121951 1372.000000 1365.000000 1371.000000 1366.000000 0.000590 0.000000 0.000000 
3.541536 0.619987 -18.037397 -5.609756 9.268292 0.060976 1181.000000 1194.000000 1188.000000 1187.000000 0.000590 0.000000 0.000000 
2.644488 -0.357734 -17.921795 -3.841464 1.158537 -1.463415 1100.000000 1100.000000 1100.000000 1100.000000 0.000590 0.000000 0.000000 
5.345021 2.416253 -17.828487 17.378050 -21.219513 -0.365854 1100.000000 1100.000000 1100.000000 1100.000000 0.000590 0.000000 0.000000 
9.870933 6.721319 -17.463192 31.097561 -30.243902 0.548781 1100.000000 1100.000000 1100.000000 1100.000000 0.000590 0.000000 0.000000 
16.693413 13.545180 -16.178135 42.439026 -47.439026 0.548781 1100.000000 1100.000000 1100.000000 1100.000000 0.000590 0.000000 0.000000 
19.047358 16.757149 -15.309348 -1.951220 1.341463 -1.280488 1100.000000 1100.000000 1100.000000 1100.000000 0.000590 0.000000 0.000000 
19.873512 17.325056 -15.088740 -2.317073 9.451220 2.317073 1100.000000 1100.000000 1100.000000 1100.000000 0.000590 0.000000 0.000000 
19.736851 17.696056 -14.962851 -3.231707 -4.939024 -1.707317 1100.000000 1100.000000 1100.000000 1100.000000 0.000590 0.000000 0.000000 
19.690376 17.572563 -15.042061 1.463415 3.780488 -0.426829 1100.000000 1100.000000 1100.000000 1100.000000 0.000590 0.000000 0.000000 
19.812422 17.467878 -15.023201 -1.585366 -1.463415 0.304878 1100.000000 1100.000000 1100.000000 1100.000000 0.000590 0.000000 0.000000 
19.875301 17.333448 -15.063919 1.402439 2.134146 -0.304878 1100.000000 1100.000000 1100.000000 1100.000000 0.000590 0.000000 0.000000 
19.833321 17.298834 -15.057806 -0.975610 -1.280488 0.121951 1100.000000 1100.000000 1100.000000 1100.000000 0.000590 0.000000 0.000000 
19.665495 17.376068 -15.056661 -0.060976 0.243902 -0.426829 1100.000000 1100.000000 1100.000000 1100.000000 0.000590 0.000000 0.000000 
19.913788 17.425446 -15.033031 0.914634 1.036585 -0.121951 1100.000000 1100.000000 1100.000000 1100.000000 0.000590 0.000000 0.000000 
19.694529 17.206102 -15.103289 -0.670732 -0.792683 0.609756 1100.000000 1100.000000 1100.000000 1100.000000 0.000590 0.000000 0.000000 
19.543106 17.088097 -15.147264 0.304878 0.243902 -0.060976 1100.000000 1100.000000 1100.000000 1100.000000 0.000590 0.000000 0.000000 
19.361458 17.088949 -15.144461 -0.121951 -0.426829 -0.121951 1100.000000 1100.000000 1100.000000 1100.000000 0.000590 0.000000 0.000000 
19.271408 17.145945 -15.127882 0.182927 0.365854 0.365854 1100.000000 1100.000000 1100.000000 1100.000000 0.000590 0.000000 0.000000 
19.280323 17.145872 -15.121399 0.060976 0.060976 0.304878 1100.000000 1100.000000 1100.000000 1100.000000 0.000590 0.000000 0.000000 
19.290358 17.079403 -15.147382 -0.304878 -0.365854 -0.000000 1100.000000 1100.000000 1100.000000 1100.000000 0.000590 0.000000 0.000000 
19.280630 16.971149 -15.184499 0.060976 0.060976 -0.365854 1100.000000 1100.000000 1100.000000 1100.000000 0.000590 0.000000 0.000000 
19.292658 16.837412 -15.232178 -0.182927 0.060976 0.182927 1100.000000 1100.000000 1100.000000 1100.000000 0.000590 0.000000 0.000000 
19.352655 16.854820 -15.227193 -0.060976 0.426829 0.182927 1100.000000 1100.000000 1100.000000 1100.000000 0.000590 0.000000 0.000000 
19.405266 17.166430 -15.117658 -0.182927 -0.121951 -0.243902 1100.000000 1100.000000 1100.000000 1100.000000 0.000590 0.000000 0.000000 
19.317610 17.225241 -15.106728 -0.121951 0.060976 -0.060976 1100.000000 1100.000000 1100.000000 1100.000000 0.000590 0.000000 0.000000 
19.368219 17.107840 -15.144722 0.121951 0.487805 0.121951 1100.000000 1100.000000 1100.000000 1100.000000 0.000590 0.000000 0.000000 
19.463720 17.083702 -15.150394 0.060976 0.060976 0.243902 1100.000000 1100.000000 1100.000000 1100.000000 0.000590 0.000000 0.000000 
19.473770 17.182848 -15.113440 -0.182927 -0.000000 0.121951 1100.000000 1100.000000 1100.000000 1100.000000 0.000590 0.000000 0.000000 
19.535553 17.217281 -15.100224 -0.182927 -0.243902 -0.365854 1100.000000 1100.000000 1100.000000 1100.000000 0.000590 0.000000 0.000000 
19.680954 17.379700 -15.048193 -0.182927 0.060976 -0.182927 1100.000000 1100.000000 1100.000000 1100.000000 0.000590 0.000000 0.000000 
19.656755 17.205389 -15.105916 0.121951 0.060976 0.365854 1100.000000 1100.000000 1100.000000 1100.000000 0.000590 0.000000 0.000000 
19.608210 17.195740 -15.106782 0.000000 0.304878 0.182927 1100.000000 1100.000000 1100.000000 1100.000000 0.000590 0.000000 0.000000 
19.636349 17.177729 -15.109791 -0.243902 -0.182927 -0.000000 1100.000000 1100.000000 1100.000000 1100.000000 0.000590 0.000000 0.000000 
19.604076 17.215879 -15.095831 0.000000 -0.121951 -0.365854 1100.000000 1100.000000 1100.000000 1100.000000 0.000590 0.000000 0.000000 
19.643883 17.204277 -15.092523 -0.365854 -0.243902 -0.060976 1100.000000 1100.000000 1100.000000 1100.000000 0.000590 0.000000 0.000000 
19.720678 17.202124 -15.091873 -0.060976 0.243902 -0.243902 1100.000000 1100.000000 1100.000000 1100.000000 0.000590 0.000000 0.000000 
19.791197 17.183138 -15.100163 0.000000 0.121951 0.243902 1100.000000 1100.000000 1100.000000 1100.000000 0.000590 0.000000 0.000000 
19.813232 17.178083 -15.097260 0.121951 0.426829 0.243902 1100.000000 1100.000000 1100.000000 1100.000000 0.000590 0.000000 0.000000 
19.843412 17.198931 -15.088583 -0.121951 0.060976 0.121951 1100.000000 1100.000000 1100.000000 1100.000000 0.000590 0.000000 0.000000 
19.854713 17.253916 -15.071598 -0.304878 -0.243902 -0.182927 1100.000000 1100.000000 1100.000000 1100.000000 0.000590 0.000000 0.000000 
19.997641 17.405760 -15.021900 0.000000 -0.000000 -0.487805 1100.000000 1100.000000 1100.000000 1100.000000 0.000590 0.000000 0.000000 
19.965036 17.393776 -15.026448 0.243902 0.243902 0.182927 1100.000000 1100.000000 1100.000000 1100.000000 0.000590 0.000000 0.000000 
19.950396 17.372210 -15.028131 0.121951 -0.182927 0.365854 1100.000000 1100.000000 1100.000000 1100.000000 0.000590 0.000000 0.000000 
19.852369 17.319508 -15.042631 0.000000 -0.121951 -0.243902 1100.000000 1100.000000 1100.000000 1100.000000 0.000590 0.000000 0.000000 
19.852201 17.377335 -15.029340 -0.182927 -0.365854 -0.121951 1100.000000 1100.000000 1100.000000 1100.000000 0.000590 0.000000 0.000000 
19.713326 17.345259 -15.041692 0.000000 0.182927 -0.182927 1100.000000 1100.000000 1100.000000 1100.000000 0.000590 0.000000 0.000000 
19.751385 17.307280 -15.057789 -0.060976 0.365854 0.426829 1100.000000 1100.000000 1100.000000 1100.000000 0.000590 0.000000 0.000000 
19.725330 17.161867 -15.102873 0.182927 0.426829 0.243902 1100.000000 1100.000000 1100.000000 1100.000000 0.000590 0.000000 0.000000 
19.779093 16.977570 -15.168079 0.000000 -0.121951 -0.365854 1100.000000 1100.000000 1100.000000 1100.000000 0.000590 0.000000 0.000000 
19.667561 17.054710 -15.140603 -0.060976 -0.060976 -0.060976 1100.000000 1100.000000 1100.000000 1100.000000 0.000590 0.000000 0.000000 
19.585381 17.097023 -15.127750 0.182927 0.426829 0.182927 1100.000000 1100.000000 1100.000000 1100.000000 0.000590 0.000000 0.000000 
19.603642 17.277084 -15.063807 0.182927 -0.000000 0.487805 1100.000000 1100.000000 1100.000000 1100.000000 0.000590 0.000000 0.000000 
19.532480 17.288172 -15.056623 -0.060976 0.121951 0.060976 1100.000000 1100.000000 1100.000000 1100.000000 0.000590 0.000000 0.000000 
19.536980 17.434732 -15.008471 -0.243902 -0.182927 0.060976 1100.000000 1100.000000 1100.000000 1100.000000 0.000590 0.000000 0.000000 
19.434549 17.418802 -15.017496 -0.304878 0.121951 -0.365854 1100.000000 1100.000000 1100.000000 1100.000000 0.000590 0.000000 0.000000 
19.515564 17.202078 -15.095872 -0.121951 0.548781 0.365854 1100.000000 1100.000000 1100.000000 1100.000000 0.000590 0.000000 0.000000 
19.466671 17.141819 -15.108179 -0.060976 0.243902 0.182927 1100.000000 1100.000000 1100.000000 1100.000000 0.000590 0.000000 0.000000 
19.298038 17.087782 -15.120633 -0.182927 0.060976 0.121951 1100.000000 1100.000000 1100.000000 1100.000000 0.000590 0.000000 0.000000 
19.362574 17.102682 -15.116989 -0.060976 -0.243902 -0.426829 1100.000000 1100.000000 1100.000000 1100.000000 0.000590 0.000000 0.000000 
19.456842 17.134439 -15.105532 -0.243902 -0.060976 -0.060976 1100.000000 1100.000000 1100.000000 1100.000000 0.000590 0.000000 0.000000 
19.343889 17.171396 -15.100472 0.182927 0.304878 0.060976 1100.000000 1100.000000 1100.000000 1100.000000 0.000590 0.000000 0.000000 
19.362720 17.097775 -15.121171 -0.060976 0.060976 0.548781 1100.000000 1100.000000 1100.000000 1100.000000 0.000590 0.000000 0.000000 
19.295492 17.174316 -15.093819 -0.426829 -0.304878 -0.060976 1100.000000 1100.000000 1100.000000 1100.000000 0.000590 0.000000 0.000000 
19.313238 17.186571 -15.090255 0.000000 -0.121951 -0.426829 1100.000000 1100.000000 1100.000000 1100.000000 0.000600 0.000000 0.000000 
19.354576 17.214035 -15.086751 -0.182927 -0.000000 -0.060976 1100.000000 1100.000000 1100.000000 1100.000000 0.000590 0.000000 0.000000 
19.393642 17.228586 -15.084661 0.121951 0.426829 0.060976 1100.000000 1100.000000 1100.000000 1100.000000 0.000590 0.000000 0.000000 
19.340485 17.275848 -15.071758 -0.060976 0.243902 0.426829 1100.000000 1100.000000 1100.000000 1100.000000 0.000590 0.000000 0.000000 
19.378984 17.229393 -15.085257 -0.121951 0.182927 0.121951 1100.000000 1100.000000 1100.000000 1100.000000 0.000590 0.000000 0.000000 
19.368259 17.055832 -15.140551 -0.243902 -0.243902 -0.304878 1100.000000 1100.000000 1100.000000 1100.000000 0.000590 0.000000 0.000000 
19.554283 16.927637 -15.187596 0.000000 0.121951 -0.121951 1100.000000 1100.000000 1100.000000 1100.000000 0.000590 0.000000 0.000000 
19.511879 17.065802 -15.146107 -0.060976 0.426829 0.365854 1100.000000 1100.000000 1100.000000 1100.000000 0.000590 0.000000 0.000000 
19.519018 17.202784 -15.091601 0.365854 0.182927 0.182927 1100.000000 1100.000000 1100.000000 1100.000000 0.000590 0.000000 0.000000 
19.504938 17.272326 -15.067894 -0.182927 -0.121951 0.060976 1100.000000 1100.000000 1100.000000 1100.000000 0.000590 0.000000 0.000000 
19.505825 17.191048 -15.095213 0.060976 -0.243902 -0.487805 1100.000000 1100.000000 1100.000000 1100.000000 0.000590 0.000000 0.000000 
19.472284 17.048845 -15.142118 -0.243902 -0.121951 -0.060976 1100.000000 1100.000000 1100.000000 1100.000000 0.000590 0.000000 0.000000 
19.550611 17.257536 -15.077655 0.000000 0.487805 -0.000000 1100.000000 1100.000000 1100.000000 1100.000000 0.000590 0.000000 0.000000 
19.462734 17.411674 -15.018833 -0.182927 -0.000000 -0.243902 1100.000000 1100.000000 1100.000000 1100.000000 0.000590 0.000000 0.000000 
19.381166 17.490129 -15.000401 -0.182927 -0.182927 -0.243902 1100.000000 1100.000000 1100.000000 1100.000000 0.000590 0.000000 0.000000 
19.731091 17.656219 -14.951537 -0.060976 0.304878 -0.182927 1100.000000 1100.000000 1100.000000 1100.000000 0.000590 0.000000 0.000000 
19.615873 17.384214 -15.048200 0.060976 0.243902 0.365854 1100.000000 1100.000000 1100.000000 1100.000000 0.000590 0.000000 0.000000 
19.469824 17.495850 -15.008400 -0.121951 0.365854 0.182927 1100.000000 1100.000000 1100.000000 1100.000000 0.000590 0.000000 0.000000 
19.596949 17.613888 -14.968831 -0.182927 -0.121951 -0.000000 1100.000000 1100.000000 1100.000000 1100.000000 0.000590 0.000000 0.000000 
19.538084 17.520700 -15.003527 -0.121951 -0.060976 -0.365854 1100.000000 1100.000000 1100.000000 1100.000000 0.000590 0.000000 0.000000 
19.620193 17.102713 -15.152580 0.426829 0.731707 0.243902 1100.000000 1100.000000 1100.000000 1100.000000 0.000590 0.000000 0.000000 
19.575550 17.351307 -15.063269 -0.243902 -0.121951 0.243902 1100.000000 1100.000000 1100.000000 1100.000000 0.000590 0.000000 0.000000 
19.742453 17.265791 -15.089108 -0.243902 -0.426829 -0.182927 1100.000000 1100.000000 1100.000000 1100.000000 0.000590 0.000000 0.000000 
19.643953 17.334881 -15.071588 -0.060976 -0.060976 -0.243902 1100.000000 1100.000000 1100.000000 1100.000000 0.000590 0.000000 0.000000 
19.697750 17.326591 -15.072720 -0.060976 0.121951 0.182927 1120.000000 1100.000000 1100.000000 1100.000000 0.000590 0.000000 0.000000 
19.746471 17.372862 -15.053475 0.060976 0.487805 -0.000000 1141.000000 1100.000000 1121.000000 1118.000000 0.000590 0.000000 0.000000 
19.851734 17.379305 -15.056670 -0.243902 0.182927 -0.182927 1153.000000 1110.000000 1133.000000 1130.000000 0.000590 0.000000 0.000000 
19.517237 17.452816 -15.044580 -4.512195 4.451220 -0.243902 1202.000000 1167.000000 1185.000000 1184.000000 0.000590 0.000000 0.000000 
17.907032 15.633780 -15.584456 -14.268293 14.390244 -0.182927 1210.000000 1203.000000 1207.000000 1206.000000 0.000590 0.000000 0.000000 
15.073007 12.640995 -16.345619 -15.365854 16.036585 0.243902 1214.000000 1219.000000 1217.000000 1216.000000 0.000590 0.000000 0.000000 
12.980947 10.472786 -16.818043 -5.000000 5.426829 0.792683 1240.000000 1227.000000 1235.000000 1232.000000 0.000590 0.000000 0.000000 
13.028481 10.759880 -16.752525 6.341464 -6.829268 0.304878 1270.000000 1227.000000 1250.000000 1247.000000 0.000590 0.000000 0.000000 
14.634789 12.087384 -16.480396 8.353659 -8.170732 0.182927 1286.000000 1235.000000 1262.000000 1259.000000 0.000590 0.000000 0.000000 
15.104116 12.444050 -16.413591 -5.853659 6.646342 0.426829 1288.000000 1267.000000 1279.000000 1276.000000 0.000590 0.000000 0.000000 
8.384601 5.709850 -17.529167 -27.378050 29.817074 0.243902 1264.000000 1315.000000 1290.000000 1289.000000 0.000590 0.000000 0.000000 
5.115900 2.679126 -17.772049 -2.012195 2.317073 0.304878 1290.000000 1289.000000 1291.000000 1288.000000 0.000590 0.000000 0.000000 
6.256939 3.599525 -17.736448 13.902439 -15.792684 -1.097561 1310.000000 1269.000000 1292.000000 1287.000000 0.000590 0.000000 0.000000 
8.205172 5.356651 -17.583376 7.134147 -5.853659 0.304878 1305.000000 1274.000000 1291.000000 1288.000000 0.000590 0.000000 0.000000 
7.677912 4.964375 -17.616245 -8.048780 7.804878 -0.182927 1287.000000 1290.000000 1290.000000 1287.000000 0.000590 0.000000 0.000000 
4.843109 2.435484 -17.791391 -17.804878 17.743902 -0.731707 1289.000000 1322.000000 1307.000000 1304.000000 0.000590 0.000000 0.000000 
2.340096 -0.176914 -17.872007 -11.219512 12.560976 1.341463 1294.000000 1317.000000 1306.000000 1305.000000 0.000590 0.000000 0.000000 
3.393760 0.753645 -17.906685 13.658537 -14.756098 -0.487805 1325.000000 1286.000000 1308.000000 1303.000000 0.000590 0.000000 0.000000 
5.172663 2.394721 -17.872246 2.317073 -3.536585 -1.402439 1313.000000 1298.000000 1307.000000 1304.000000 0.000590 0.000000 0.000000 
4.615837 1.940226 -17.853798 -5.548780 5.365854 -0.975610 1302.000000 1307.000000 1306.000000 1303.000000 0.000590 0.000000 0.000000 
3.718059 1.083525 -17.881130 -5.365854 6.524390 -1.219512 1303.000000 1308.000000 1306.000000 1305.000000 0.000590 0.000000 0.000000 
3.121458 0.655393 -17.880432 0.609756 -2.073171 -0.731707 1308.000000 1303.000000 1308.000000 1303.000000 0.000590 0.000000 0.000000 
3.821327 1.185986 -17.896816 4.268293 -1.829268 1.524390 1314.000000 1297.000000 1306.000000 1305.000000 0.000590 0.000000 0.000000 
5.020109 2.355860 -17.861670 7.804878 -8.902439 1.768293 1319.000000 1292.000000 1308.000000 1303.000000 0.000590 0.000000 0.000000 
6.019077 3.706109 -17.845331 -2.134146 3.475610 0.609756 1309.000000 1302.000000 1306.000000 1305.000000 0.000590 0.000000 0.000000 
5.192576 2.971167 -17.886850 -4.695122 4.817073 -0.243902 1303.000000 1306.000000 1306.000000 1303.000000 0.000590 0.000000 0.000000 
4.514325 2.309864 -17.873486 -2.134146 2.378049 -0.548781 1306.000000 1305.000000 1306.000000 1305.000000 0.000590 0.000000 0.000000 
4.635746 2.426550 -17.860361 1.890244 -2.439024 -1.219512 1312.000000 1299.000000 1307.000000 1304.000000 0.000590 0.000000 0.000000 
4.862370 2.568129 -17.850176 1.280488 -1.768293 0.182927 1312.000000 1299.000000 1307.000000 1304.000000 0.000590 0.000000 0.000000 
4.963603 2.721524 -17.897671 -0.975610 1.890244 0.975610 1309.000000 1302.000000 1307.000000 1304.000000 0.000590 0.000000 0.000000 
4.499205 2.269577 -17.913479 -2.804878 3.780488 0.548781 1305.000000 1306.000000 1306.000000 1305.000000 0.000590 0.000000 0.000000 
4.160816 1.823138 -17.954706 4.573171 -3.536585 -0.914634 1312.000000 1299.000000 1306.000000 1305.000000 0.000590 0.000000 0.000000 
4.845794 2.444146 -17.917562 6.036585 -7.682927 0.426829 1317.000000 1294.000000 1307.000000 1304.000000 0.000590 0.000000 0.000000 
6.880233 4.052481 -17.834948 7.500000 -8.902439 0.304878 1323.000000 1288.000000 1308.000000 1303.000000 0.000590 0.000000 0.000000 
7.470398 4.634501 -17.810171 -3.292683 3.475610 -0.060976 1308.000000 1301.000000 1306.000000 1303.000000 0.000590 0.000000 0.000000 
5.477990 2.729091 -17.939896 -13.841464 16.585365 -0.121951 1291.000000 1320.000000 1306.000000 1305.000000 0.000590 0.000000 0.000000 
2.473905 0.104099 -17.988403 -11.219512 11.463415 -1.097561 1294.000000 1317.000000 1306.000000 1305.000000 0.000590 0.000000 0.000000 
2.118745 0.028958 -17.966673 7.439024 -8.536586 0.365854 1314.000000 1295.000000 1307.000000 1302.000000 0.000590 0.000000 0.000000 
8.551091 5.936696 -17.651672 18.902439 -19.695122 -0.609756 1337.000000 1274.000000 1307.000000 1304.000000 0.000590 0.000000 0.000000 
9.971023 7.258720 -17.501116 -7.560976 8.658537 0.670732 1308.000000 1303.000000 1307.000000 1304.000000 0.000590 0.000000 0.000000 
7.373825 4.803617 -17.770720 -16.219513 16.951220 1.036585 1292.000000 1317.000000 1305.000000 1304.000000 0.000590 0.000000 0.000000 
5.236443 2.816795 -17.893694 -3.902439 5.426829 -1.036585 1304.000000 1307.000000 1306.000000 1305.000000 0.000590 0.000000 0.000000 
5.869817 3.348662 -17.861803 7.987805 -9.451220 -0.000000 1320.000000 1291.000000 1308.000000 1303.000000 0.000590 0.000000 0.000000 
7.401833 5.018632 -17.732742 7.560976 -7.804878 -0.121951 1323.000000 1288.000000 1307.000000 1304.000000 0.000590 0.000000 0.000000 
7.830771 5.607813 -17.673813 -3.841464 4.573171 0.121951 1309.000000 1302.000000 1307.000000 1304.000000 0.000590 0.000000 0.000000 
2.812989 0.809397 -17.942501 -18.231709 20.121952 1.280488 1284.000000 1327.000000 1305.000000 1306.000000 0.000590 0.000000 0.000000 
0.954481 -0.815804 -17.949911 -1.280488 1.585366 -0.243902 1302.000000 1309.000000 1306.000000 1305.000000 0.000590 0.000000 0.000000 
1.751706 0.017918 -17.974524 5.670732 -5.548780 1.036585 1315.000000 1296.000000 1307.000000 1304.000000 0.000590 0.000000 0.000000 
3.079122 0.906526 -17.979191 4.817073 -4.329268 0.426829 1312.000000 1299.000000 1306.000000 1305.000000 0.000590 0.000000 0.000000 
3.223739 0.504900 -17.976480 -7.804878 7.378049 0.426829 1300.000000 1311.000000 1308.000000 1303.000000 0.000590 0.000000 0.000000 
1.263069 -1.262004 -17.927515 -12.012196 14.146341 0.060976 1288.000000 1323.000000 1306.000000 1305.000000 0.000590 0.000000 0.000000 
-1.059515 -3.400718 -17.848547 -8.536586 9.024390 -0.975610 1292.000000 1319.000000 1307.000000 1304.000000 0.000590 0.000000 0.000000 
-0.134457 -2.385653 -17.937916 16.158537 -17.621952 0.487805 1322.000000 1289.000000 1307.000000 1304.000000 0.000590 0.000000 0.000000 
1.848206 -0.277432 -17.997194 3.414634 -4.268293 -0.365854 1312.000000 1299.000000 1307.000000 1304.000000 0.000590 0.000000 0.000000 
2.247962 -0.530193 -17.984692 -3.780488 5.304878 -0.975610 1300.000000 1311.000000 1306.000000 1305.000000 0.000590 0.000000 0.000000 
0.950450 -1.654253 -17.953836 -6.707317 6.890244 -0.914634 1298.000000 1313.000000 1307.000000 1304.000000 0.000590 0.000000 0.000000 
0.748666 -1.834073 -17.939627 4.939024 -5.365854 0.060976 1310.000000 1301.000000 1307.000000 1304.000000 0.000590 0.000000 0.000000 
2.371016 -0.138680 -17.987934 13.353659 -13.475610 1.097561 1323.000000 1288.000000 1307.000000 1304.000000 0.000590 0.000000 0.000000 
4.696122 2.327683 -17.934631 11.463415 -14.146341 0.609756 1323.000000 1286.000000 1307.000000 1302.000000 0.000590 0.000000 0.000000 
3.224898 1.748918 -17.950834 -15.304878 15.670732 1.646341 1291.000000 1320.000000 1306.000000 1305.000000 0.000590 0.000000 0.000000 
1.140861 -0.214601 -17.965399 -3.292683 3.963415 -0.304878 1301.000000 1310.000000 1306.000000 1305.000000 0.000590 0.000000 0.000000 
1.550743 0.233444 -17.981153 7.560976 -7.865854 -0.243902 1314.000000 1295.000000 1305.000000 1304.000000 0.000590 0.000000 0.000000 
3.119512 1.514467 -17.963757 5.060976 -5.365854 -0.670732 1316.000000 1295.000000 1307.000000 1304.000000 0.000590 0.000000 0.000000 
3.255111 1.954359 -17.922663 -2.621951 4.573171 -0.182927 1304.000000 1307.000000 1305.000000 1306.000000 0.000590 0.000000 0.000000 
2.175479 0.527215 -17.948992 -10.914635 10.182927 1.585366 1296.000000 1315.000000 1307.000000 1304.000000 0.000590 0.000000 0.000000 
0.726131 -1.045102 -17.960142 -4.817073 6.646342 1.219512 1298.000000 1313.000000 1306.000000 1305.000000 0.000590 0.000000 0.000000 
2.778821 0.838441 -18.019354 18.536585 -18.780489 0.304878 1329.000000 1282.000000 1307.000000 1304.000000 0.000590 0.000000 0.000000 
5.153185 3.045691 -17.937376 5.609756 -4.573171 -0.243902 1318.000000 1293.000000 1306.000000 1305.000000 0.000590 0.000000 0.000000 
4.926507 2.979582 -17.938124 -6.341464 6.097561 -0.548781 1304.000000 1307.000000 1307.000000 1304.000000 0.000590 0.000000 0.000000 
4.378832 2.605404 -17.970247 2.926829 -2.073171 -0.548781 1312.000000 1299.000000 1306.000000 1305.000000 0.000590 0.000000 0.000000 
5.973272 3.849025 -17.894602 9.451220 -12.012196 0.304878 1323.000000 1288.000000 1308.000000 1303.000000 0.000590 0.000000 0.000000 
7.255861 5.186491 -17.775980 0.365854 1.524390 -0.670732 1314.000000 1297.000000 1306.000000 1305.000000 0.000590 0.000000 0.000000 
6.226175 4.140906 -17.843975 -11.036586 10.975610 -0.304878 1300.000000 1311.000000 1306.000000 1305.000000 0.000590 0.000000 0.000000 
3.246905 1.441234 -17.983961 -3.536585 3.109756 1.707317 1304.000000 1307.000000 1307.000000 1304.000000 0.000590 0.000000 0.000000 
3.263928 1.409257 -17.964735 2.195122 -0.426829 -0.243902 1309.000000 1300.000000 1305.000000 1304.000000 0.000590 0.000000 0.000000 
3.692409 1.722325 -17.978161 0.731707 -2.804878 0.304878 1310.000000 1301.000000 1307.000000 1304.000000 0.000590 0.000000 0.000000 
3.492875 1.509054 -17.988432 -2.865854 4.878049 -0.304878 1305.000000 1306.000000 1306.000000 1305.000000 0.000600 0.000000 0.000000 
3.143394 0.963547 -18.016832 -1.768293 1.585366 -0.243902 1305.000000 1306.000000 1307.000000 1304.000000 0.000590 0.000000 0.000000 
3.089000 0.712432 -18.013889 -0.182927 1.219512 0.609756 1308.000000 1303.000000 1311.000000 1300.000000 0.000590 0.000110 0.000000 
3.546180 1.026446 -18.021538 2.743902 -4.268293 0.731707 1309.000000 1302.000000 1306.000000 1305.000000 0.000590 0.000110 0.000000 
3.278416 0.569144 -18.024742 -9.695122 8.414635 -0.792683 1240.000000 1371.000000 1304.000000 1307.000000 0.000590 0.000100 0.000000 
3.854602 1.051557 -18.014595 13.231708 -12.804878 1.097561 1356.000000 1253.000000 1305.000000 1304.000000 0.000590 0.000100 0.000000 
4.511508 1.815983 -18.050268 -11.341464 11.158537 1.219512 1272.000000 1339.000000 1308.000000 1303.000000 0.000590 0.000110 0.000000 
1.366182 -1.298816 -18.005901 -12.926829 15.548780 0.182927 1271.000000 1340.000000 1305.000000 1306.000000 0.000590 0.000110 0.000000 
3.248403 0.505689 -18.072376 34.207317 -37.073170 -0.243902 1412.000000 1199.000000 1315.000000 1296.000000 0.000590 0.000100 0.000000 
9.333793 6.400229 -17.712189 14.146341 -15.121951 -0.792683 1336.000000 1273.000000 1302.000000 1307.000000 0.000590 0.000110 0.000000 
3.464873 0.931696 -18.058891 -75.731712 83.292686 0.182927 1100.000000 1523.000000 1296.000000 1315.000000 0.000590 0.000110 0.000000 
-3.111490 -5.333943 -16.513845 115.060982 -139.817078 -1.402439 1800.000000 1100.000000 1348.000000 1263.000000 0.000590 0.000100 0.000000 
-2.939579 -4.479359 -16.148203 -153.841461 173.353668 -8.292683 1100.000000 1800.000000 1271.000000 1340.000000 0.000590 0.000000 0.000000 
-15.420976 -18.256695 -13.360468 53.902439 -70.914635 0.182927 1353.000000 1258.000000 1316.000000 1295.000000 0.000590 0.000000 0.000000 
4.231730 0.675396 -16.559868 140.243912 -127.195122 23.231709 1464.000000 1147.000000 1304.000000 1307.000000 0.000590 0.000000 0.000000 
20.769680 18.092100 -14.015994 23.109756 -32.134148 16.463415 1369.000000 1242.000000 1306.000000 1305.000000 0.000590 0.000000 0.000000 
9.427615 5.823815 -16.962999 -129.756104 134.024399 14.634147 1166.000000 1445.000000 1310.000000 1301.000000 0.000590 0.000000 0.000000 
-16.971807 -19.573584 -13.779375 -102.500000 121.158539 3.170732 1128.000000 1483.000000 1297.000000 1314.000000 0.000590 0.000000 0.000000 
16.412605 11.174365 -15.040495 -12.865854 8.719512 8.902439 1459.000000 1152.000000 1309.000000 1302.000000 0.000590 0.000000 0.000000 
-4.439760 -8.590556 -15.112164 -125.060982 139.268295 4.695122 1139.000000 1472.000000 1301.000000 1310.000000 0.000590 0.000000 0.000000 
-18.396873 -23.006847 -11.471469 -17.865854 9.390244 1.097561 1257.000000 1352.000000 1314.000000 1295.000000 0.000590 0.000000 0.000000 
-8.624564 -12.312155 -14.655726 102.987808 -99.207321 0.304878 1408.000000 1203.000000 1305.000000 1306.000000 0.000590 0.000000 0.000000 
11.046091 6.382091 -15.759717 20.914635 -26.463415 -8.536586 1348.000000 1263.000000 1311.000000 1300.000000 0.000590 0.000000 0.000000 
10.260246 6.136878 -15.424712 -33.048782 40.975609 -4.573171 1274.000000 1337.000000 1303.000000 1308.000000 0.000590 0.000000 0.000000 
3.014393 -0.911579 -15.979540 -33.780487 27.987806 3.414634 1267.000000 1342.000000 1311.000000 1298.000000 0.000590 0.000000 0.000000 
3.752285 0.089067 -15.766173 27.804878 -23.536587 3.780488 1336.000000 1275.000000 1304.000000 1307.000000 0.000600 0.000000 0.000000 
9.761028 6.013389 -15.751697 32.317074 -38.109756 7.926829 1354.000000 1257.000000 1311.000000 1300.000000 0.000590 0.000000 0.000000 
14.820872 11.155602 -14.759238 7.804878 -4.573171 0.792683 1330.000000 1281.000000 1306.000000 1305.000000 0.000590 0.000000 0.000000 
10.936356 7.463510 -15.466284 -44.146343 46.219513 -0.365854 1265.000000 1344.000000 1306.000000 1303.000000 0.000600 0.000000 0.000000 
-2.698092 -5.253790 -15.640598 -28.170732 25.914635 0.182927 1266.000000 1345.000000 1308.000000 1303.000000 0.000600 0.000000 0.000000 
-3.033203 -5.600239 -15.455132 17.743902 -17.195122 -0.792683 1319.000000 1292.000000 1307.000000 1304.000000 0.000600 0.000000 0.000000 
0.401582 -1.997108 -15.881800 22.865854 -24.939026 1.036585 1332.000000 1279.000000 1308.000000 1303.000000 0.000600 0.000000 0.000000 
4.175906 1.563857 -15.685483 7.317073 -7.256098 -2.500000 1319.000000 1290.000000 1306.000000 1303.000000 0.000600 0.000000 0.000000 
2.219629 -0.276607 -15.859336 -24.451220 23.048780 -0.121951 1280.000000 1331.000000 1307.000000 1304.000000 0.000600 0.000000 0.000000 
-2.255177 -4.284012 -15.525756 -22.682928 25.243902 -1.036585 1273.000000 1338.000000 1306.000000 1305.000000 0.000600 0.000000 0.000000 
-5.274177 -6.923822 -15.421095 1.341463 1.036585 1.219512 1297.000000 1314.000000 1305.000000 1306.000000 0.000600 0.000000 0.000000 
4.168068 2.208073 -15.831330 40.000000 -42.743904 0.060976 1359.000000 1252.000000 1308.000000 1303.000000 0.000600 0.000000 0.000000 
9.247833 7.196921 -15.248887 4.146341 -3.780488 -1.097561 1323.000000 1288.000000 1306.000000 1305.000000 0.000600 0.000000 0.000000 
6.256652 4.420365 -15.569502 -30.182928 29.878050 0.548781 1277.000000 1334.000000 1307.000000 1304.000000 0.000600 0.000000 0.000000 
1.559485 -0.432488 -15.703650 -7.256098 8.170732 -0.731707 1295.000000 1316.000000 1306.000000 1305.000000 0.000600 0.000000 0.000000 
2.684675 0.428740 -15.797818 12.378049 -14.268293 -2.439024 1323.000000 1288.000000 1307.000000 1304.000000 0.000570 0.000000 0.000000 
4.934349 2.503200 -15.586509 8.353659 -8.841464 -0.182927 1317.000000 1292.000000 1306.000000 1303.000000 0.000440 0.000000 0.000000 
5.833693 3.261520 -15.593226 0.731707 -0.670732 -0.914634 1309.000000 1302.000000 1306.000000 1305.000000 0.000310 0.000000 0.000000 
4.961576 2.909816 -15.512994 -4.390244 5.182927 1.829268 1305.000000 1306.000000 1306.000000 1305.000000 0.000230 0.000000 0.000000 
4.710165 2.449049 -15.657058 1.768293 -1.097561 1.097561 1307.000000 1304.000000 1306.000000 1305.000000 0.000180 0.000000 0.000000 
4.698072 2.370065 -15.611224 -3.475610 1.951220 3.170732 1306.000000 1305.000000 1306.000000 1305.000000 0.000160 0.000000 0.000000 
5.059624 2.804537 -15.726323 1.158537 -0.792683 0.670732 1307.000000 1304.000000 1306.000000 1305.000000 0.000150 0.000000 0.000000 
5.402089 3.161432 -15.741718 2.073171 -2.743902 -2.073171 1307.000000 1304.000000 1306.000000 1305.000000 0.000130 0.000000 0.000000 
5.865114 3.600495 -15.657500 0.975610 -0.426829 1.585366 1307.000000 1304.000000 1306.000000 1305.000000 0.000110 0.000000 0.000000 
6.797715 4.363322 -15.627916 5.914634 -5.182927 -0.609756 1307.000000 1304.000000 1306.000000 1305.000000 0.000090 0.000000 0.000000 
7.969644 5.434585 -15.516664 6.707317 -8.414635 1.402439 1307.000000 1302.000000 1305.000000 1304.000000 0.000090 0.000000 0.000000 
10.282554 7.707500 -15.236343 15.426829 -15.731708 -1.341463 1310.000000 1301.000000 1306.000000 1305.000000 0.000090 0.000000 0.000000 
13.203989 10.464187 -14.810211 15.365854 -17.439024 1.097561 1311.000000 1300.000000 1306.000000 1305.000000 0.000090 0.000000 0.000000 
18.366858 15.745439 -13.596288 13.658537 -14.695123 -0.365854 1311.000000 1300.000000 1306.000000 1305.000000 0.000090 0.000000 0.000000 
18.865690 16.354399 -13.344516 -5.000000 2.073171 -0.121951 1308.000000 1303.000000 1306.000000 1305.000000 0.000090 0.000000 0.000000 
18.195520 15.867789 -13.530510 -0.060976 3.109756 0.914634 1307.000000 1302.000000 1304.000000 1305.000000 0.000090 0.000000 0.000000 
18.521624 16.002232 -13.457231 2.926829 -2.987805 1.036585 1309.000000 1302.000000 1306.000000 1305.000000 0.000090 0.000000 0.000000 
18.978672 16.624039 -13.325599 2.865854 -3.719512 -0.365854 1309.000000 1302.000000 1306.000000 1305.000000 0.000090 0.000000 0.000000 
18.935001 16.687807 -13.261345 -2.439024 2.195122 -1.036585 1308.000000 1303.000000 1306.000000 1305.000000 0.000090 0.000000 0.000000 
18.627037 16.160774 -13.455096 -1.829268 0.853659 0.121951 1308.000000 1303.000000 1306.000000 1305.000000 0.000090 0.000000 0.000000 
19.495924 16.740788 -13.273831 2.134146 -3.536585 -0.365854 1308.000000 1301.000000 1305.000000 1304.000000 0.000100 0.000000 0.000000 
19.449001 16.607080 -13.289031 -2.134146 3.109756 -1.158537 1308.000000 1303.000000 1306.000000 1305.000000 0.000100 0.000000 0.000000 
18.829441 16.218647 -13.400712 -4.024390 2.256098 -0.792683 1309.000000 1302.000000 1306.000000 1305.000000 0.000100 0.000000 0.000000 
18.600981 16.027756 -13.461114 -0.487805 1.585366 0.304878 1309.000000 1302.000000 1306.000000 1305.000000 0.000110 0.000000 0.000000 
18.677700 15.814939 -13.529528 -0.121951 -0.000000 1.463415 1309.000000 1302.000000 1306.000000 1305.000000 0.000110 0.000000 0.000000 
18.482651 15.468463 -13.646235 -1.524390 2.012195 0.914634 1308.000000 1301.000000 1305.000000 1304.000000 0.000110 0.000000 0.000000 
18.456125 15.222425 -13.694301 -0.731707 0.853659 -1.097561 1309.000000 1302.000000 1306.000000 1305.000000 0.000110 0.000000 0.000000 
18.248222 14.991990 -13.769582 -1.768293 2.500000 0.365854 1309.000000 1302.000000 1306.000000 1305.000000 0.000110 0.000000 0.000000 
18.154654 14.973119 -13.782573 -0.060976 -0.060976 0.121951 1309.000000 1302.000000 1306.000000 1305.000000 0.000120 0.000000 0.000000 
18.086151 15.026856 -13.760229 1.341463 -0.975610 0.853659 1309.000000 1302.000000 1306.000000 1305.000000 0.000110 0.000000 0.000000 
18.282127 15.132062 -13.722228 -0.426829 0.365854 0.365854 1311.000000 1302.000000 1307.000000 1306.000000 0.000120 0.000000 0.000000 
18.088638 15.059441 -13.754388 -0.609756 0.365854 -0.609756 1315.000000 1306.000000 1311.000000 1310.000000 0.000140 0.000000 0.000000 
17.919439 14.703640 -13.852754 -2.256098 2.439024 -0.365854 1310.000000 1301.000000 1306.000000 1305.000000 0.000160 0.000000 0.000000 
17.248001 14.121716 -14.001870 -5.121951 4.878049 -0.670732 1310.000000 1301.000000 1306.000000 1305.000000 0.000180 0.000000 0.000000 
16.618528 13.795417 -14.063783 -1.036585 0.487805 1.585366 1310.000000 1299.000000 1305.000000 1304.000000 0.000180 0.000000 0.000000 
16.572989 13.905481 -14.038129 0.853659 -0.243902 0.670732 1310.000000 1299.000000 1305.000000 1304.000000 0.000180 0.000000 0.000000 
16.735655 14.048942 -13.999652 2.195122 -2.682927 -1.280488 1311.000000 1298.000000 1305.000000 1304.000000 0.000180 0.000000 0.000000 
16.857147 14.177505 -13.958162 -0.365854 0.243902 -0.975610 1311.000000 1300.000000 1306.000000 1305.000000 0.000180 0.000000 0.000000 
16.797752 13.957534 -14.018726 -3.536585 3.597561 -0.121951 1310.000000 1301.000000 1306.000000 1305.000000 0.000180 0.000000 0.000000 
16.349348 13.624020 -14.111161 -1.219512 1.829268 -0.060976 1310.000000 1301.000000 1306.000000 1305.000000 0.000180 0.000000 0.000000 
16.360708 13.462498 -14.149181 1.036585 -0.670732 0.426829 1310.000000 1299.000000 1305.000000 1304.000000 0.000180 0.000000 0.000000 
16.101267 13.135733 -14.229022 -1.707317 1.585366 -0.060976 1309.000000 1300.000000 1305.000000 1304.000000 0.000180 0.000000 0.000000 
15.817063 12.957634 -14.274590 -0.670732 0.548781 -1.097561 1309.000000 1300.000000 1305.000000 1304.000000 0.000180 0.000000 0.000000 
15.614183 12.705030 -14.324613 -1.524390 1.341463 -0.182927 1310.000000 1301.000000 1306.000000 1305.000000 0.000180 0.000000 0.000000 
15.404483 12.542809 -14.367575 -2.317073 2.743902 0.121951 1310.000000 1301.000000 1306.000000 1305.000000 0.000180 0.000000 0.000000 
15.346547 12.282367 -14.431817 0.975610 -0.304878 0.731707 1310.000000 1301.000000 1306.000000 1305.000000 0.000180 0.000000 0.000000 
15.330577 12.278514 -14.431870 -0.731707 -0.000000 0.853659 1310.000000 1301.000000 1306.000000 1305.000000 0.000180 0.000000 0.000000 
15.325922 12.363650 -14.405272 0.365854 0.731707 0.060976 1310.000000 1299.000000 1305.000000 1304.000000 0.000200 0.000000 0.000000 
15.575084 12.445536 -14.435921 1.280488 -0.548781 0.121951 1311.000000 1298.000000 1305.000000 1304.000000 0.000230 0.000000 0.000000 
15.453639 12.324964 -14.450732 -3.597561 3.231707 0.670732 1311.000000 1298.000000 1306.000000 1303.000000 0.000280 0.000000 0.000000 
14.629812 11.523132 -14.618793 -5.365854 6.158537 0.975610 1310.000000 1301.000000 1306.000000 1305.000000 0.000290 0.000000 0.000000 
13.745527 10.532628 -14.825385 -3.536585 3.170732 0.548781 1310.000000 1301.000000 1307.000000 1304.000000 0.000300 0.000000 0.000000 
12.939796 9.800066 -14.981866 -2.987805 4.024390 0.121951 1309.000000 1300.000000 1305.000000 1304.000000 0.000290 0.000000 0.000000 
12.120585 9.307939 -15.059015 -5.975610 5.853659 -1.219512 1309.000000 1302.000000 1306.000000 1305.000000 0.000290 0.000000 0.000000 
11.166419 8.448815 -15.181680 -4.146341 5.487805 -1.280488 1308.000000 1303.000000 1306.000000 1305.000000 0.000290 0.000000 0.000000 
10.060357 7.484310 -15.310086 -2.865854 3.292683 0.792683 1308.000000 1301.000000 1305.000000 1304.000000 0.000290 0.000000 0.000000 
9.626175 6.931733 -15.384287 -2.012195 2.195122 -0.609756 1308.000000 1303.000000 1306.000000 1305.000000 0.000290 0.000000 0.000000 
8.565447 6.079680 -15.495510 -7.439024 7.560976 0.182927 1305.000000 1304.000000 1305.000000 1304.000000 0.000290 0.000000 0.000000 
7.185135 4.591892 -15.654181 -8.109756 7.987805 0.243902 1303.000000 1306.000000 1305.000000 1304.000000 0.000290 0.000000 0.000000 
5.778129 3.168633 -15.752307 -6.585366 7.682927 0.914634 1304.000000 1307.000000 1306.000000 1305.000000 0.000290 0.000000 0.000000 
4.688240 2.342589 -15.788388 -2.134146 2.134146 -0.792683 1305.000000 1304.000000 1305.000000 1304.000000 0.000290 0.000000 0.000000 
4.555517 2.104962 -15.819548 -1.890244 1.036585 0.243902 1306.000000 1303.000000 1305.000000 1304.000000 0.000290 0.000000 0.000000 
4.505795 1.881651 -15.812214 -3.170732 1.951220 0.670732 1306.000000 1305.000000 1306.000000 1305.000000 0.000290 0.000000 0.000000 
3.709744 1.230501 -15.839031 -4.329268 5.121951 -0.792683 1303.000000 1306.000000 1305.000000 1304.000000 0.000290 0.000000 0.000000 
2.765501 0.465044 -15.858581 -6.585366 6.036585 0.609756 1302.000000 1307.000000 1305.000000 1304.000000 0.000290 0.000000 0.000000 
2.134348 -0.215984 -15.854428 -2.012195 1.402439 -0.060976 1305.000000 1306.000000 1306.000000 1305.000000 0.000290 0.000000 0.000000 
1.823173 -0.331506 -15.858835 -1.097561 1.402439 -1.158537 1304.000000 1305.000000 1305.000000 1304.000000 0.000290 0.000000 0.000000 
1.514939 -0.690145 -15.864292 -2.134146 2.317073 0.304878 1304.000000 1305.000000 1305.000000 1304.000000 0.000290 0.000000 0.000000 
0.753615 -1.173999 -15.857189 -3.414634 3.475610 1.097561 1303.000000 1308.000000 1306.000000 1305.000000 0.000290 0.000000 0.000000 
-0.306178 -2.300068 -15.839993 -2.256098 3.902439 0.609756 1303.000000 1308.000000 1305.000000 1306.000000 0.000290 0.000000 0.000000 
-0.932935 -2.881898 -15.817644 -3.963415 3.902439 0.548781 1301.000000 1308.000000 1305.000000 1304.000000 0.000290 0.000000 0.000000 
-1.432559 -3.479899 -15.804768 -1.280488 2.073171 -0.731707 1303.000000 1308.000000 1306.000000 1305.000000 0.000290 0.000000 0.000000 
-1.499166 -3.557872 -15.808246 -0.304878 1.158537 -0.243902 1304.000000 1307.000000 1306.000000 1305.000000 0.000290 0.000000 0.000000 
-0.765833 -2.851414 -15.848920 7.378049 -6.768293 0.182927 1307.000000 1302.000000 1305.000000 1304.000000 0.000290 0.000000 0.000000 
0.522236 -1.676997 -15.866078 4.695122 -7.682927 -1.280488 1309.000000 1302.000000 1307.000000 1304.000000 0.000290 0.000000 0.000000 
1.262884 -1.087035 -15.908643 1.768293 -1.097561 -0.000000 1306.000000 1305.000000 1306.000000 1305.000000 0.000290 0.000000 0.000000 
1.233063 -1.257737 -15.894114 -0.609756 2.317073 -0.121951 1304.000000 1305.000000 1305.000000 1304.000000 0.000290 0.000000 0.000000 
1.643120 -1.006198 -15.907031 4.695122 -5.853659 1.707317 1308.000000 1303.000000 1306.000000 1305.000000 0.000290 0.000000 0.000000 
3.000381 0.166626 -15.944634 9.085366 -10.609756 1.036585 1312.000000 1299.000000 1307.000000 1304.000000 0.000290 0.000000 0.000000 
4.899692 1.922535 -15.898264 8.841464 -9.207317 -1.341463 1312.000000 1297.000000 1305.000000 1304.000000 0.000290 0.000000 0.000000 
5.834113 2.888733 -15.848875 2.317073 -3.597561 -1.341463 1309.000000 1300.000000 1306.000000 1303.000000 0.000290 0.000000 0.000000 
6.048029 3.104095 -15.835645 -1.280488 1.585366 -0.426829 1308.000000 1303.000000 1306.000000 1305.000000 0.000290 0.000000 0.000000 
5.321687 2.580637 -15.864274 -6.402439 7.317073 -0.304878 1304.000000 1305.000000 1305.000000 1304.000000 0.000290 0.000000 0.000000 
3.814088 1.180728 -15.903725 -4.451220 4.695122 -0.182927 1303.000000 1306.000000 1305.000000 1304.000000 0.000290 0.000000 0.000000 
3.387971 0.781421 -15.919542 0.304878 -0.731707 -0.304878 1307.000000 1304.000000 1307.000000 1304.000000 0.000290 0.000000 0.000000 
3.689607 1.053463 -15.923308 2.560976 -2.743902 0.914634 1308.000000 1303.000000 1306.000000 1305.000000 0.000290 0.000000 0.000000 
4.198865 1.523807 -15.934206 3.719512 -5.609756 -0.853659 1309.000000 1300.000000 1306.000000 1303.000000 0.000290 0.000000 0.000000 
4.823689 2.228489 -15.918337 2.865854 -1.890244 -1.036585 1309.000000 1302.000000 1306.000000 1305.000000 0.000290 0.000000 0.000000 
5.324445 2.468982 -15.878663 1.097561 -2.500000 -0.487805 1309.000000 1302.000000 1307.000000 1304.000000 0.000290 0.000000 0.000000 
6.312768 3.502541 -15.796424 6.402439 -6.890244 -0.670732 1311.000000 1298.000000 1306.000000 1303.000000 0.000290 0.000000 0.000000 
9.016517 6.181041 -15.552295 7.926829 -10.548780 0.243902 1314.000000 1295.000000 1306.000000 1303.000000 0.000290 0.000000 0.000000 
10.532097 7.492259 -15.410603 4.573171 -3.963415 0.365854 1314.000000 1297.000000 1306.000000 1305.000000 0.000290 0.000000 0.000000 
11.175836 8.319098 -15.294455 1.280488 -1.646341 0.243902 1312.000000 1299.000000 1306.000000 1305.000000 0.000290 0.000000 0.000000 
11.134169 8.215331 -15.291348 -1.036585 3.658537 0.182927 1309.000000 1300.000000 1305.000000 1304.000000 0.000290 0.000000 0.000000 
10.732762 8.011073 -15.322747 -0.121951 -0.914634 0.853659 1310.000000 1301.000000 1306.000000 1305.000000 0.000290 0.000000 0.000000 
10.752517 7.951589 -15.339915 1.463415 -1.097561 0.182927 1312.000000 1299.000000 1306.000000 1305.000000 0.000290 0.000000 0.000000 
11.277921 8.430000 -15.274022 2.195122 -4.512195 -1.097561 1313.000000 1296.000000 1306.000000 1303.000000 0.000300 0.000000 0.000000 
12.443923 9.602669 -15.086034 0.548781 -0.914634 0.853659 1311.000000 1298.000000 1305.000000 1304.000000 0.000290 0.000000 0.000000 
12.532649 9.434494 -15.113770 -1.951220 2.500000 0.731707 1311.000000 1300.000000 1306.000000 1305.000000 0.000290 0.000000 0.000000 
12.048085 9.185581 -15.147871 -1.585366 2.256098 -0.853659 1311.000000 1300.000000 1306.000000 1305.000000 0.000290 0.000000 0.000000 
11.891546 9.049106 -15.158592 0.304878 -0.121951 -0.548781 1310.000000 1299.000000 1305.000000 1304.000000 0.000290 0.000000 0.000000 
11.955272 9.285160 -15.124089 -1.158537 0.792683 1.158537 1310.000000 1299.000000 1305.000000 1304.000000 0.000290 0.000000 0.000000 
11.670299 8.950705 -15.199314 -3.902439 4.207317 1.036585 1309.000000 1302.000000 1306.000000 1305.000000 0.000290 0.000000 0.000000 
10.920964 8.110737 -15.325000 -2.621951 2.804878 -0.792683 1308.000000 1301.000000 1305.000000 1304.000000 0.000300 0.000000 0.000000 
10.429027 7.659283 -15.368563 0.121951 -0.426829 1.158537 1310.000000 1299.000000 1305.000000 1304.000000 0.000290 0.000000 0.000000 
10.700500 8.053707 -15.313178 1.585366 -0.914634 -0.121951 1312.000000 1299.000000 1306.000000 1305.000000 0.000290 0.000000 0.000000 
10.589614 7.927411 -15.332574 -2.926829 3.231707 -1.341463 1309.000000 1302.000000 1306.000000 1305.000000 0.000290 0.000000 0.000000 
9.532737 6.691432 -15.494452 -5.121951 5.121951 -0.304878 1306.000000 1303.000000 1305.000000 1304.000000 0.000290 0.000000 0.000000 
9.053913 6.383233 -15.547156 1.341463 -1.219512 0.548781 1310.000000 1299.000000 1305.000000 1304.000000 0.000300 0.000000 0.000000 
10.203008 7.568501 -15.386097 12.378049 -14.207317 0.365854 1317.000000 1294.000000 1307.000000 1304.000000 0.000290 0.000000 0.000000 
12.380703 9.731223 -15.073898 10.304878 -11.829268 0.731707 1319.000000 1292.000000 1307.000000 1304.000000 0.000290 0.000000 0.000000 
12.615152 9.934431 -15.079163 -9.390244 10.304878 -1.585366 1305.000000 1304.000000 1305.000000 1304.000000 0.000290 0.000000 0.000000 
10.683051 8.106734 -15.358579 -11.341464 12.500000 0.487805 1304.000000 1305.000000 1305.000000 1304.000000 0.000290 0.000000 0.000000 
9.349033 6.839828 -15.528715 -3.719512 3.841464 -0.000000 1308.000000 1303.000000 1306.000000 1305.000000 0.000290 0.000000 0.000000 
9.309452 6.680718 -15.551929 -0.304878 0.609756 -0.243902 1310.000000 1301.000000 1306.000000 1305.000000 0.000290 0.000000 0.000000 
9.398216 6.773695 -15.561343 0.731707 -1.097561 -0.121951 1311.000000 1298.000000 1305.000000 1304.000000 0.000300 0.000000 0.000000 
9.744711 6.925941 -15.535480 0.792683 -0.182927 0.487805 1309.000000 1300.000000 1305.000000 1304.000000 0.000290 0.000000 0.000000 
9.146717 6.338679 -15.601441 -6.097561 6.280488 0.304878 1307.000000 1304.000000 1306.000000 1305.000000 0.000290 0.000000 0.000000 
6.791953 4.192976 -15.796286 -7.134147 7.804878 -0.304878 1304.000000 1307.000000 1306.000000 1305.000000 0.000290 0.000000 0.000000 
5.504529 2.870147 -15.882616 -6.036585 6.402439 0.121951 1304.000000 1305.000000 1305.000000 1304.000000 0.000290 0.000000 0.000000 
3.735265 1.423945 -15.916130 -12.865854 13.170732 0.060976 1298.000000 1311.000000 1305.000000 1304.000000 0.000290 0.000000 0.000000 
0.984750 -1.258687 -15.941999 -14.451220 16.158537 0.609756 1297.000000 1314.000000 1306.000000 1305.000000 0.000290 0.000000 0.000000 
-1.092640 -3.495602 -15.876455 -8.841464 9.756098 0.487805 1299.000000 1312.000000 1306.000000 1305.000000 0.000290 0.000000 0.000000 
-1.955511 -4.079178 -15.841850 0.304878 -0.548781 0.731707 1303.000000 1306.000000 1305.000000 1304.000000 0.000300 0.000000 0.000000 
-1.365452 -3.695204 -15.879691 7.439024 -8.231708 0.426829 1306.000000 1303.000000 1305.000000 1304.000000 0.000300 0.000000 0.000000 
0.737855 -1.505837 -15.978706 5.426829 -6.707317 0.731707 1309.000000 1302.000000 1307.000000 1304.000000 0.000290 0.000000 0.000000 
1.646170 -0.698926 -16.001915 4.390244 -3.353659 0.487805 1308.000000 1303.000000 1306.000000 1305.000000 0.000290 0.000000 0.000000 
1.912452 -0.434498 -16.017736 -0.182927 -0.060976 -0.243902 1305.000000 1304.000000 1305.000000 1304.000000 0.000300 0.000000 0.000000 
1.972271 -0.144102 -16.018339 1.890244 -2.012195 -0.000000 1306.000000 1303.000000 1305.000000 1304.000000 0.000300 0.000000 0.000000 
2.330258 0.155104 -16.006639 0.487805 -0.853659 0.487805 1307.000000 1304.000000 1306.000000 1305.000000 0.000290 0.000000 0.000000 
2.812407 0.501721 -15.978585 2.987805 -3.658537 -1.585366 1308.000000 1303.000000 1306.000000 1305.000000 0.000290 0.000000 0.000000 
3.552369 1.194495 -15.970077 4.817073 -5.182927 -1.158537 1310.000000 1301.000000 1306.000000 1305.000000 0.000300 0.000000 0.000000 
4.403602 1.986428 -15.903902 2.134146 -1.646341 -0.060976 1308.000000 1301.000000 1305.000000 1304.000000 0.000300 0.000000 0.000000 
5.204332 2.654470 -15.884749 4.268293 -5.975610 -0.670732 1309.000000 1300.000000 1305.000000 1304.000000 0.000290 0.000000 0.000000 
6.203818 3.500946 -15.833876 4.512195 -3.963415 0.243902 1311.000000 1300.000000 1306.000000 1305.000000 0.000290 0.000000 0.000000 
6.969966 4.233986 -15.794348 1.890244 -3.170732 0.365854 1311.000000 1300.000000 1307.000000 1304.000000 0.000290 0.000000 0.000000 
7.722753 4.991354 -15.734277 4.512195 -3.292683 0.670732 1311.000000 1298.000000 1305.000000 1304.000000 0.000300 0.000000 0.000000 
8.528434 5.701441 -15.652801 5.731708 -5.914634 0.121951 1311.000000 1298.000000 1305.000000 1304.000000 0.000300 0.000000 0.000000 
9.069534 6.312301 -15.580286 1.280488 -2.195122 -0.182927 1310.000000 1299.000000 1305.000000 1304.000000 0.000290 0.000000 0.000000 
9.616959 7.029426 -15.521622 1.524390 -3.109756 -0.365854 1312.000000 1299.000000 1307.000000 1304.000000 0.000290 0.000000 0.000000 
10.129500 7.456030 -15.461465 1.402439 -1.097561 -0.853659 1311.000000 1300.000000 1306.000000 1305.000000 0.000290 0.000000 0.000000 
9.860873 7.321457 -15.470157 -2.926829 3.475610 0.121951 1308.000000 1301.000000 1305.000000 1304.000000 0.000300 0.000000 0.000000 
9.532809 6.977729 -15.513657 2.012195 -1.707317 1.097561 1310.000000 1299.000000 1305.000000 1304.000000 0.000300 0.000000 0.000000 
10.508640 8.025544 -15.373948 7.073171 -7.804878 -0.182927 1315.000000 1296.000000 1306.000000 1305.000000 0.000290 0.000000 0.000000 
12.068380 9.543252 -15.132168 5.487805 -6.585366 -0.914634 1315.000000 1296.000000 1306.000000 1305.000000 0.000290 0.000000 0.000000 
12.406578 9.789040 -15.092858 -0.731707 1.707317 -0.670732 1311.000000 1300.000000 1306.000000 1305.000000 0.000300 0.000000 0.000000 
10.563049 7.910955 -15.392772 -7.804878 9.573171 -0.060976 1305.000000 1304.000000 1305.000000 1304.000000 0.000300 0.000000 0.000000 
9.268287 6.831400 -15.539073 -2.804878 3.048780 1.280488 1307.000000 1302.000000 1305.000000 1304.000000 0.000290 0.000000 0.000000 
8.674587 6.217882 -15.615351 -2.439024 2.560976 0.121951 1309.000000 1302.000000 1306.000000 1305.000000 0.000290 0.000000 0.000000 
8.215940 5.902942 -15.639935 -0.548781 0.426829 -1.463415 1309.000000 1302.000000 1306.000000 1305.000000 0.000290 0.000000 0.000000 
8.263953 5.790714 -15.655090 -0.914634 0.670732 0.853659 1311.000000 1300.000000 1306.000000 1305.000000 0.000300 0.000100 0.000000 
8.293071 5.887097 -15.649393 0.670732 0.487805 0.670732 1316.000000 1293.000000 1310.000000 1299.000000 0.000300 0.000210 0.000000 
7.966577 5.460723 -15.720010 -1.524390 0.670732 -0.060976 1294.000000 1315.000000 1301.000000 1308.000000 0.000290 0.000260 0.000000 
7.954679 5.392761 -15.714180 7.926829 -8.597561 0.609756 1374.000000 1237.000000 1291.000000 1320.000000 0.000290 0.000300 0.000000 
6.899143 4.424517 -15.820333 -18.109756 21.280489 -0.060976 1170.000000 1441.000000 1305.000000 1306.000000 0.000290 0.000380 0.000000 
8.189825 6.136716 -15.587638 60.853661 -66.280487 0.365854 1739.000000 1100.000000 1322.000000 1289.000000 0.000290 0.000460 0.000000 
8.250674 6.836413 -15.977984 -184.024399 218.292694 -8.902439 1100.000000 1800.000000 1305.000000 1305.000000 0.000300 0.000480 0.000000 
-18.997065 -15.179887 -14.066609 84.085365 -142.621948 22.743902 1100.000000 1800.000000 1305.000000 1305.000000 0.000300 0.000200 0.000000 
22.834696 21.564445 -10.524645 -184.451218 135.609756 -13.719513 1288.000000 1321.000000 1319.000000 1290.000000 0.000290 0.000000 0.000000 
4.391308 3.549375 -17.009939 -97.682930 111.951225 -0.548781 1247.000000 1364.000000 1315.000000 1296.000000 0.000290 0.000000 0.000000 
-11.391136 -8.260957 -16.066841 56.951221 -79.695122 -12.621951 1338.000000 1273.000000 1311.000000 1300.000000 0.000290 0.000000 0.000000 
1.274880 2.750356 -16.372805 49.207317 -49.268295 -7.500000 1337.000000 1272.000000 1305.000000 1304.000000 0.000300 0.000000 0.000000 
3.696831 4.718353 -16.118330 4.817073 2.926829 -13.475610 1308.000000 1301.000000 1302.000000 1307.000000 0.000300 0.000000 0.000000 
3.708438 4.650773 -15.749225 -6.219512 6.707317 -13.719513 1304.000000 1305.000000 1304.000000 1305.000000 0.000290 0.000000 0.000000 
-0.698191 -0.143831 -16.082933 -23.353659 20.487804 -6.341464 1292.000000 1319.000000 1306.000000 1305.000000 0.000290 0.000000 0.000000 
-1.961875 -1.563010 -15.851763 2.743902 5.853659 -9.085366 1304.000000 1307.000000 1303.000000 1308.000000 0.000290 0.000000 0.000000 
-3.438706 -3.263268 -15.920835 -5.121951 -3.536585 -4.146341 1303.000000 1308.000000 1307.000000 1304.000000 0.000290 0.000000 0.000000 
-0.391105 -1.223843 -15.956932 3.475610 -7.621952 -1.707317 1308.000000 1301.000000 1305.000000 1304.000000 0.000300 0.000000 0.000000 
2.116762 0.809184 -15.979460 14.268293 -12.378049 -1.219512 1313.000000 1296.000000 1305.000000 1304.000000 0.000300 0.000000 0.000000 
2.853303 1.548801 -16.017639 1.280488 1.890244 4.512195 1306.000000 1303.000000 1304.000000 1305.000000 0.000290 0.000000 0.000000 
3.442117 1.712392 -16.017096 -1.402439 -3.475610 0.670732 1308.000000 1303.000000 1308.000000 1303.000000 0.000290 0.000000 0.000000 
2.367987 0.790538 -16.051588 -3.841464 10.914635 2.743902 1302.000000 1309.000000 1304.000000 1307.000000 0.000290 0.000000 0.000000 
1.337659 -0.108222 -16.086868 -8.353659 1.463415 -0.975610 1303.000000 1308.000000 1307.000000 1304.000000 0.000290 0.000000 0.000000 
0.388165 -1.315920 -16.070436 -2.682927 7.134147 1.280488 1302.000000 1307.000000 1304.000000 1305.000000 0.000200 0.000000 0.000000 
1.307168 -0.368684 -16.160568 5.304878 -7.500000 -0.975610 1307.000000 1302.000000 1305.000000 1304.000000 0.000190 0.000000 0.000000 
3.404412 1.460012 -16.145643 11.707317 -10.548780 -2.560976 1309.000000 1300.000000 1305.000000 1304.000000 0.000180 0.000000 0.000000 
4.212332 2.197067 -16.063629 0.487805 -2.743902 3.597561 1307.000000 1304.000000 1306.000000 1305.000000 0.000180 0.000000 0.000000 
4.977624 2.851611 -16.106470 5.121951 -2.621951 -1.646341 1308.000000 1303.000000 1305.000000 1306.000000 0.000180 0.000000 0.000000 
5.293192 2.975170 -16.045486 -0.914634 -0.792683 1.707317 1307.000000 1304.000000 1306.000000 1305.000000 0.000180 0.000000 0.000000 
5.543313 3.221656 -16.099119 0.853659 -0.792683 -1.097561 1307.000000 1302.000000 1305.000000 1304.000000 0.000190 0.000000 0.000000 
5.121257 2.858489 -16.050419 -3.048780 3.292683 1.646341 1305.000000 1304.000000 1305.000000 1304.000000 0.000190 0.000000 0.000000 
4.535221 2.339451 -16.115696 -5.182927 5.000000 1.585366 1304.000000 1305.000000 1305.000000 1304.000000 0.000180 0.000000 0.000000 
3.888559 1.866661 -16.141886 -3.414634 5.792683 -1.219512 1304.000000 1305.000000 1305.000000 1304.000000 0.000180 0.000000 0.000000 
2.133742 0.336674 -16.190643 -11.036586 10.731708 2.743902 1302.000000 1309.000000 1306.000000 1305.000000 0.000180 0.000000 0.000000 
0.646680 -1.151623 -16.162735 -6.463415 8.658537 -2.804878 1303.000000 1308.000000 1305.000000 1306.000000 0.000180 0.000000 0.000000 
-0.808944 -2.575825 -16.164089 -7.012195 6.585366 1.524390 1302.000000 1309.000000 1306.000000 1305.000000 0.000180 0.000000 0.000000 
-1.291005 -3.088762 -16.096447 -1.463415 2.256098 -3.292683 1303.000000 1306.000000 1305.000000 1304.000000 0.000190 0.000000 0.000000 
-1.941377 -3.545018 -16.091850 -1.707317 -0.182927 0.548781 1303.000000 1306.000000 1305.000000 1304.000000 0.000190 0.000000 0.000000 
-1.383436 -3.217637 -16.145332 3.109756 -2.560976 1.585366 1304.000000 1305.000000 1305.000000 1304.000000 0.000180 0.000000 0.000000 
-0.452312 -2.299067 -16.189260 2.134146 -2.439024 -0.121951 1305.000000 1304.000000 1305.000000 1304.000000 0.000180 0.000000 0.000000 
-0.505902 -2.458470 -16.193462 -1.463415 2.682927 1.585366 1304.000000 1307.000000 1306.000000 1305.000000 0.000180 0.000000 0.000000 
-0.375978 -2.332028 -16.170782 0.000000 -1.707317 -1.951220 1305.000000 1306.000000 1306.000000 1305.000000 0.000180 0.000000 0.000000 
-0.175767 -2.281756 -16.219841 6.158537 -2.500000 0.670732 1306.000000 1303.000000 1305.000000 1304.000000 0.000190 0.000000 0.000000 
1.483164 -0.527878 -16.223698 10.914635 -12.378049 -0.609756 1309.000000 1300.000000 1305.000000 1304.000000 0.000180 0.000000 0.000000 
3.202762 0.956082 -16.242365 8.048780 -9.695122 -0.000000 1309.000000 1302.000000 1306.000000 1305.000000 0.000180 0.000000 0.000000 
6.416881 4.002727 -16.085569 6.219512 -8.841464 1.524390 1310.000000 1299.000000 1305.000000 1304.000000 0.000190 0.000000 0.000000 
7.931116 5.203022 -15.971810 5.487805 -2.987805 -1.158537 1308.000000 1301.000000 1305.000000 1304.000000 0.000180 0.000000 0.000000 
8.190895 5.364807 -15.966467 -1.036585 -1.524390 -0.670732 1308.000000 1303.000000 1306.000000 1305.000000 0.000180 0.000000 0.000000 
8.350896 5.578049 -15.914618 -0.060976 1.585366 -0.243902 1307.000000 1302.000000 1305.000000 1304.000000 0.000190 0.000000 0.000000 
8.626457 5.701985 -15.918700 1.402439 -1.951220 0.731707 1308.000000 1301.000000 1305.000000 1304.000000 0.000190 0.000000 0.000000 
9.069971 6.137349 -15.857602 3.658537 -2.378049 0.243902 1310.000000 1301.000000 1306.000000 1305.000000 0.000210 0.000000 0.000000 
9.466719 6.643691 -15.815701 -0.182927 -0.914634 -0.182927 1309.000000 1300.000000 1305.000000 1304.000000 0.000230 0.000000 0.000000 
9.522954 6.866930 -15.794683 -0.914634 -2.317073 0.487805 1308.000000 1301.000000 1306.000000 1303.000000 0.000220 0.000000 0.000000 
9.945121 7.184913 -15.752307 4.512195 -0.670732 1.463415 1310.000000 1301.000000 1305.000000 1306.000000 0.000220 0.000000 0.000000 
10.638732 7.853974 -15.650966 3.353659 -5.792683 0.243902 1311.000000 1300.000000 1307.000000 1304.000000 0.000230 0.000000 0.000000 
11.851301 8.898973 -15.491052 9.512196 -8.475610 0.243902 1313.000000 1296.000000 1305.000000 1304.000000 0.000230 0.000000 0.000000 
14.954928 12.058192 -14.879461 10.121951 -11.646341 -0.304878 1316.000000 1295.000000 1306.000000 1305.000000 0.000220 0.000000 0.000000 
16.283817 13.470197 -14.531512 2.743902 -2.134146 -0.182927 1314.000000 1297.000000 1306.000000 1305.000000 0.000220 0.000000 0.000000 
16.222126 13.430551 -14.529365 -3.963415 3.231707 -0.243902 1310.000000 1299.000000 1305.000000 1304.000000 0.000230 0.000000 0.000000 
15.410346 12.500567 -14.741735 -4.817073 6.097561 0.121951 1309.000000 1302.000000 1306.000000 1305.000000 0.000220 0.000000 0.000000 
14.775661 11.831282 -14.891474 -1.768293 1.829268 0.426829 1310.000000 1301.000000 1306.000000 1305.000000 0.000220 0.000000 0.000000 
14.878343 11.811762 -14.912588 3.414634 -2.743902 1.280488 1312.000000 1297.000000 1305.000000 1304.000000 0.000230 0.000000 0.000000 
15.781137 12.778243 -14.672169 5.000000 -5.853659 0.670732 1313.000000 1296.000000 1305.000000 1304.000000 0.000220 0.000000 0.000000 
16.871843 13.915054 -14.394926 -0.487805 0.487805 -0.243902 1312.000000 1299.000000 1306.000000 1305.000000 0.000220 0.000000 0.000000 
16.575655 13.670809 -14.453623 -3.719512 1.768293 0.060976 1311.000000 1298.000000 1306.000000 1303.000000 0.000270 0.000000 0.000000 
16.703810 13.931315 -14.440733 5.548780 -4.695122 -0.304878 1317.000000 1292.000000 1305.000000 1304.000000 0.000320 0.000000 0.000000 
18.489880 15.761442 -13.920464 11.341464 -13.780488 -2.134146 1326.000000 1285.000000 1307.000000 1304.000000 0.000360 0.000000 0.000000 
18.575230 15.904521 -13.855507 -14.207317 11.890244 -3.048780 1310.000000 1301.000000 1307.000000 1304.000000 0.000410 0.000000 0.000000 
15.040899 12.143044 -14.750419 -22.378050 27.378050 -1.097561 1295.000000 1314.000000 1304.000000 1305.000000 0.000430 0.000000 0.000000 
11.032593 8.178115 -15.478163 -18.353659 16.646341 -0.609756 1298.000000 1313.000000 1307.000000 1304.000000 0.000430 0.000000 0.000000 
9.515941 6.778007 -15.659389 6.036585 -8.719512 -1.097561 1318.000000 1293.000000 1307.000000 1304.000000 0.000440 0.000000 0.000000 
10.675337 7.853377 -15.503213 3.658537 -2.987805 0.182927 1316.000000 1293.000000 1306.000000 1303.000000 0.000480 0.000000 0.000000 
10.710539 7.811987 -15.522911 -5.670732 5.060976 -0.731707 1310.000000 1299.000000 1306.000000 1303.000000 0.000480 0.000000 0.000000 
9.719536 6.731749 -15.666549 -7.987805 9.024390 -0.487805 1305.000000 1306.000000 1307.000000 1304.000000 0.000490 0.000000 0.000000 
8.368027 5.511996 -15.811436 -4.573171 6.341464 0.060976 1305.000000 1304.000000 1305.000000 1304.000000 0.000500 0.000000 0.000000 
7.467170 4.494256 -15.876131 -5.304878 5.182927 0.731707 1305.000000 1304.000000 1307.000000 1302.000000 0.000500 0.000000 0.000000 
6.773042 3.866264 -15.915490 -1.402439 3.475610 0.548781 1307.000000 1304.000000 1306.000000 1305.000000 0.000510 0.000000 0.000000 
5.807079 2.944235 -15.995350 -4.268293 5.670732 -0.792683 1305.000000 1306.000000 1306.000000 1305.000000 0.000510 0.000000 0.000000 
4.421700 1.722595 -16.001642 -6.829268 6.951220 -2.012195 1301.000000 1308.000000 1307.000000 1302.000000 0.000520 0.000000 0.000000 
3.387038 0.777581 -16.012571 -3.780488 6.280488 0.243902 1301.000000 1308.000000 1305.000000 1304.000000 0.000510 0.000000 0.000000 
2.584879 0.084527 -16.030174 -3.353659 2.317073 -0.548781 1303.000000 1308.000000 1307.000000 1304.000000 0.000510 0.000000 0.000000 
1.717037 -0.780662 -16.065907 -6.341464 9.939025 2.378049 1299.000000 1312.000000 1306.000000 1305.000000 0.000520 0.000000 0.000000 
0.301446 -2.008792 -16.072025 -7.987805 7.439024 3.475610 1295.000000 1314.000000 1305.000000 1304.000000 0.000520 0.000000 0.000000 
-1.327234 -3.593210 -16.032461 -5.243903 5.304878 0.731707 1297.000000 1314.000000 1307.000000 1304.000000 0.000510 0.000000 0.000000 
-0.533662 -2.681180 -16.165796 7.439024 -8.353659 -1.036585 1312.000000 1299.000000 1307.000000 1304.000000 0.000510 0.000000 0.000000 
0.536597 -1.832291 -16.195829 2.012195 -2.378049 -2.500000 1306.000000 1303.000000 1306.000000 1303.000000 0.000510 0.000000 0.000000 
0.678220 -1.788867 -16.146496 -1.646341 2.926829 -0.304878 1302.000000 1307.000000 1305.000000 1304.000000 0.000510 0.000000 0.000000 
0.193032 -2.204572 -16.115101 -4.329268 4.085366 -0.487805 1300.000000 1311.000000 1307.000000 1304.000000 0.000510 0.000000 0.000000 
-0.746078 -2.835582 -16.077412 -2.134146 3.414634 -0.243902 1301.000000 1310.000000 1306.000000 1305.000000 0.000510 0.000000 0.000000 
-0.676849 -2.672664 -16.115370 3.780488 -5.182927 1.646341 1307.000000 1302.000000 1307.000000 1302.000000 0.000520 0.000000 0.000000 
0.737948 -1.679097 -16.194139 5.975610 -4.268293 1.707317 1310.000000 1299.000000 1305.000000 1304.000000 0.000510 0.000000 0.000000 
1.287409 -0.974515 -16.260927 -4.390244 4.207317 -0.121951 1302.000000 1309.000000 1307.000000 1304.000000 0.000510 0.000000 0.000000 
0.783403 -1.597707 -16.232681 -3.048780 2.987805 -0.914634 1302.000000 1309.000000 1307.000000 1304.000000 0.000520 0.000000 0.000000 
0.330651 -1.896860 -16.183805 -2.926829 1.646341 -0.731707 1301.000000 1308.000000 1306.000000 1303.000000 0.000510 0.000000 0.000000 
0.047245 -2.257288 -16.162672 -1.951220 2.256098 -0.731707 1303.000000 1308.000000 1307.000000 1304.000000 0.000510 0.000000 0.000000 
0.100550 -2.411221 -16.179823 -0.121951 0.670732 1.768293 1303.000000 1308.000000 1306.000000 1305.000000 0.000510 0.000000 0.000000 
0.250188 -2.085617 -16.181219 3.475610 -3.231707 -0.548781 1307.000000 1302.000000 1305.000000 1304.000000 0.000520 0.000000 0.000000 
0.867506 -1.542396 -16.227545 3.536585 -4.573171 -0.000000 1308.000000 1301.000000 1306.000000 1303.000000 0.000520 0.000000 0.000000 
1.412141 -0.878450 -16.219639 -0.853659 2.256098 0.609756 1303.000000 1308.000000 1306.000000 1305.000000 0.000510 0.000000 0.000000 
1.004775 -1.349403 -16.193029 -2.743902 1.707317 -0.365854 1303.000000 1308.000000 1307.000000 1304.000000 0.000500 0.000000 0.000000 
0.771121 -1.614297 -16.208971 0.243902 1.341463 -0.792683 1303.000000 1306.000000 1305.000000 1304.000000 0.000520 0.000000 0.000000 
0.626872 -1.815675 -16.201691 -2.317073 2.134146 1.280488 1303.000000 1306.000000 1306.000000 1303.000000 0.000520 0.000000 0.000000 
0.648338 -1.763351 -16.219810 2.621951 -2.378049 0.060976 1306.000000 1305.000000 1307.000000 1304.000000 0.000500 0.000000 0.000000 
0.893359 -1.521134 -16.199474 -2.134146 0.365854 -1.280488 1305.000000 1306.000000 1307.000000 1304.000000 0.000510 0.000000 0.000000 
0.762419 -1.528124 -16.189384 0.487805 0.792683 -0.731707 1304.000000 1305.000000 1305.000000 1304.000000 0.000510 0.000000 0.000000 
1.498608 -0.880678 -16.162636 0.975610 -3.719512 -0.548781 1308.000000 1301.000000 1307.000000 1302.000000 0.000510 0.000000 0.000000 
1.729706 -0.648749 -16.162245 -0.060976 3.902439 0.792683 1304.000000 1307.000000 1305.000000 1306.000000 0.000510 0.000000 0.000000 
1.184804 -1.161058 -16.183258 -3.414634 0.548781 2.500000 1304.000000 1307.000000 1308.000000 1303.000000 0.000510 0.000000 0.000000 
1.315044 -1.163463 -16.192732 3.841464 -1.036585 -0.121951 1306.000000 1303.000000 1305.000000 1304.000000 0.000520 0.000000 0.000000 
1.280666 -1.022554 -16.206635 -0.731707 -0.731707 -0.670732 1305.000000 1304.000000 1306.000000 1303.000000 0.000510 0.000000 0.000000 
1.438018 -0.918396 -16.188036 0.304878 1.097561 -0.548781 1306.000000 1305.000000 1306.000000 1305.000000 0.000510 0.000000 0.000000 
1.436639 -0.966406 -16.147070 0.304878 -0.304878 -0.853659 1305.000000 1306.000000 1306.000000 1305.000000 0.000510 0.000000 0.000000 
2.129538 -0.254775 -16.118757 5.304878 -5.975610 0.731707 1312.000000 1299.000000 1307.000000 1304.000000 0.000510 0.000000 0.000000 
2.592330 0.304688 -16.137892 -0.731707 0.731707 2.378049 1306.000000 1303.000000 1306.000000 1303.000000 0.000510 0.000000 0.000000 
2.021092 -0.575479 -16.143112 -6.463415 6.829268 1.402439 1299.000000 1310.000000 1306.000000 1303.000000 0.000500 0.000000 0.000000 
1.156014 -1.454327 -16.120543 -1.585366 1.951220 -1.890244 1302.000000 1309.000000 1306.000000 1305.000000 0.000510 0.000000 0.000000 
1.479414 -1.319917 -16.135481 3.414634 -4.268293 0.609756 1309.000000 1302.000000 1307.000000 1304.000000 0.000510 0.000000 0.000000 
2.119253 -0.713023 -16.142012 1.890244 -1.646341 -1.219512 1307.000000 1302.000000 1305.000000 1304.000000 0.000520 0.000000 0.000000 
1.801198 -0.890884 -16.107582 -2.439024 2.012195 -2.012195 1303.000000 1306.000000 1306.000000 1303.000000 0.000500 0.000000 0.000000 
2.002176 -0.818492 -16.071030 0.792683 -0.548781 -1.036585 1306.000000 1305.000000 1307.000000 1304.000000 0.000510 0.000000 0.000000 
2.116143 -0.456777 -16.062641 1.036585 -2.317073 0.304878 1308.000000 1303.000000 1307.000000 1304.000000 0.000510 0.000000 0.000000 
2.771202 -0.107617 -16.071943 2.378049 -2.500000 -0.182927 1308.000000 1301.000000 1306.000000 1303.000000 0.000520 0.000000 0.000000 
2.792624 0.033204 -16.093975 0.000000 0.304878 0.487805 1306.000000 1303.000000 1306.000000 1303.000000 0.000520 0.000000 0.000000 
2.302212 -0.560638 -16.112251 0.670732 -0.731707 0.365854 1306.000000 1303.000000 1306.000000 1303.000000 0.000510 0.000000 0.000000 
1.855936 -0.750044 -16.117968 -2.804878 2.621951 -1.402439 1303.000000 1308.000000 1307.000000 1304.000000 0.000510 0.000000 0.000000 
1.102328 -1.215014 -16.082045 -4.512195 4.512195 -0.792683 1302.000000 1309.000000 1307.000000 1304.000000 0.000510 0.000000 0.000000 
0.631705 -1.410861 -16.087042 4.024390 -2.317073 -0.182927 1306.000000 1303.000000 1305.000000 1304.000000 0.000510 0.000000 0.000000 
1.855237 -0.353732 -16.062063 5.853659 -8.902439 -0.304878 1313.000000 1296.000000 1307.000000 1302.000000 0.000520 0.000000 0.000000 
2.895348 0.525455 -16.087257 2.073171 -0.548781 -0.304878 1309.000000 1302.000000 1306.000000 1305.000000 0.000510 0.000000 0.000000 
1.899684 -0.361203 -16.105595 -9.939025 10.853659 1.768293 1296.000000 1315.000000 1306.000000 1305.000000 0.000510 0.000000 0.000000 
-0.532614 -2.953784 -16.056496 -3.536585 5.121951 -0.670732 1300.000000 1311.000000 1306.000000 1305.000000 0.000520 0.000000 0.000000 
0.010386 -2.339193 -16.082453 5.243903 -8.963415 0.670732 1310.000000 1299.000000 1307.000000 1302.000000 0.000520 0.000000 0.000000 
1.408834 -1.054087 -16.130705 7.195122 -5.731708 -0.182927 1312.000000 1297.000000 1305.000000 1304.000000 0.000510 0.000000 0.000000 
2.077112 -0.430604 -16.129955 -1.646341 0.365854 -0.975610 1305.000000 1306.000000 1307.000000 1304.000000 0.000510 0.000000 0.000000 
0.801740 -1.574434 -16.103230 -7.987805 9.390244 -0.792683 1295.000000 1314.000000 1305.000000 1304.000000 0.000510 0.000000 0.000000 
-1.030066 -2.839376 -16.046574 -6.524390 6.524390 0.609756 1298.000000 1313.000000 1306.000000 1305.000000 0.000510 0.000000 0.000000 
-0.748766 -2.639243 -16.056271 7.256098 -7.195122 -0.060976 1308.000000 1301.000000 1306.000000 1303.000000 0.000510 0.000000 0.000000 
4.204506 1.764273 -16.118736 14.268293 -15.609756 -0.060976 1322.000000 1287.000000 1307.000000 1302.000000 0.000510 0.000000 0.000000 
5.177639 2.981953 -16.075123 0.792683 -0.060976 0.670732 1310.000000 1301.000000 1307.000000 1304.000000 0.000510 0.000000 0.000000 
4.127271 2.278343 -16.108965 -7.500000 8.048780 1.463415 1301.000000 1310.000000 1306.000000 1305.000000 0.000510 0.000000 0.000000 
2.876920 0.945086 -16.137171 -7.987805 8.597561 0.487805 1299.000000 1312.000000 1306.000000 1305.000000 0.000520 0.000000 0.000000 
2.079376 0.178223 -16.137846 -1.036585 2.317073 -1.707317 1303.000000 1306.000000 1305.000000 1304.000000 0.000520 0.000000 0.000000 
2.032969 0.085010 -16.115904 -1.341463 1.097561 -0.365854 1306.000000 1303.000000 1305.000000 1304.000000 0.000510 0.000000 0.000000 
2.453288 0.250914 -16.136436 2.682927 -3.048780 0.487805 1308.000000 1301.000000 1306.000000 1303.000000 0.000510 0.000000 0.000000 
3.521738 1.173899 -16.132017 -0.975610 1.463415 -0.304878 1308.000000 1303.000000 1306.000000 1305.000000 0.000510 0.000000 0.000000 
3.460339 1.033723 -16.103863 -2.621951 2.500000 -0.243902 1305.000000 1306.000000 1307.000000 1304.000000 0.000500 0.000000 0.000000 
2.970563 0.541023 -16.110945 -2.560976 3.292683 1.097561 1303.000000 1306.000000 1305.000000 1304.000000 0.000520 0.000000 0.000000 
2.934628 0.399634 -16.101776 0.487805 -1.646341 -0.426829 1308.000000 1301.000000 1306.000000 1303.000000 0.000520 0.000000 0.000000 
3.535466 0.852062 -16.127911 3.170732 -2.682927 -0.000000 1309.000000 1300.000000 1306.000000 1303.000000 0.000510 0.000000 0.000000 
3.728444 1.339000 -16.110775 0.060976 1.097561 1.341463 1308.000000 1301.000000 1305.000000 1304.000000 0.000510 0.000000 0.000000 
3.376439 0.893453 -16.094046 -4.085366 3.902439 0.243902 1303.000000 1306.000000 1306.000000 1303.000000 0.000510 0.000000 0.000000 
4.785829 2.492671 -16.026447 15.731708 -18.597561 0.182927 1327.000000 1284.000000 1308.000000 1303.000000 0.000510 0.000000 0.000000 
7.304432 4.886384 -15.867745 2.865854 -2.378049 -0.243902 1315.000000 1294.000000 1306.000000 1303.000000 0.000520 0.000000 0.000000 
6.312662 3.856039 -15.964151 -12.195122 14.085366 0.304878 1297.000000 1312.000000 1305.000000 1304.000000 0.000510 0.000000 0.000000 
4.004954 1.640472 -16.043476 -11.707317 12.439025 -0.670732 1296.000000 1315.000000 1306.000000 1305.000000 0.000500 0.000000 0.000000 
1.902488 -0.259550 -16.091339 -10.182927 12.134147 -0.000000 1295.000000 1314.000000 1305.000000 1304.000000 0.000510 0.000000 0.000000 
1.576867 -0.802872 -16.071045 3.597561 -4.634146 0.060976 1307.000000 1302.000000 1306.000000 1303.000000 0.000510 0.000000 0.000000 
2.696873 0.387182 -16.087116 6.829268 -7.317073 -2.012195 1313.000000 1296.000000 1306.000000 1303.000000 0.000520 0.000000 0.000000 
2.997781 0.578692 -16.022797 -8.841464 10.792684 -0.121951 1296.000000 1313.000000 1305.000000 1304.000000 0.000520 0.000000 0.000000 
1.540074 -0.522354 -16.000418 -4.695122 3.170732 -0.304878 1301.000000 1308.000000 1306.000000 1303.000000 0.000510 0.000000 0.000000 
1.383372 -0.657470 -16.047180 2.134146 -0.487805 1.768293 1307.000000 1304.000000 1306.000000 1305.000000 0.000510 0.000000 0.000000 
2.156849 -0.241703 -16.040970 0.975610 -2.439024 1.402439 1309.000000 1302.000000 1307.000000 1304.000000 0.000510 0.000000 0.000000 
2.424426 -0.001184 -16.080204 2.500000 -1.768293 -1.219512 1307.000000 1302.000000 1305.000000 1304.000000 0.000500 0.000000 0.000000 
2.863166 0.380723 -16.043041 3.414634 -5.609756 -0.792683 1310.000000 1299.000000 1307.000000 1302.000000 0.000520 0.000000 0.000000 
4.148720 1.610246 -16.033085 8.170732 -7.317073 -0.670732 1316.000000 1293.000000 1306.000000 1303.000000 0.000510 0.000000 0.000000 
5.126856 2.546648 -15.915307 -5.304878 6.280488 1.463415 1302.000000 1307.000000 1306.000000 1303.000000 0.000500 0.000000 0.000000 
3.813414 1.262015 -15.958100 -8.841464 9.512196 1.768293 1299.000000 1312.000000 1306.000000 1305.000000 0.000510 0.000000 0.000000 
2.477342 0.043637 -15.994918 -5.060976 4.268293 -0.365854 1300.000000 1309.000000 1306.000000 1303.000000 0.000510 0.000000 0.000000 
1.997610 -0.345520 -15.992710 2.865854 -2.256098 0.792683 1308.000000 1301.000000 1306.000000 1303.000000 0.000510 0.000000 0.000000 
3.253042 0.698393 -15.991315 7.073171 -8.292683 -0.609756 1316.000000 1295.000000 1308.000000 1303.000000 0.000520 0.000000 0.000000 
4.302567 1.663733 -15.959900 3.231707 -1.768293 -1.219512 1311.000000 1298.000000 1305.000000 1304.000000 0.000520 0.000000 0.000000 
3.594388 1.089558 -15.964544 -9.573171 9.390244 -0.670732 1298.000000 1311.000000 1306.000000 1303.000000 0.000520 0.000000 0.000000 
-0.645111 -2.940486 -15.875475 -10.000000 10.121951 0.060976 1292.000000 1317.000000 1306.000000 1303.000000 0.000510 0.000000 0.000000 
-1.362014 -3.710172 -15.835683 3.658537 -3.841464 0.792683 1306.000000 1303.000000 1306.000000 1303.000000 0.000510 0.000000 0.000000 
-0.090792 -2.466655 -15.947875 9.329268 -8.719512 -0.000000 1312.000000 1297.000000 1305.000000 1304.000000 0.000510 0.000000 0.000000 
1.126844 -1.208204 -16.008144 4.329268 -5.060976 1.646341 1311.000000 1298.000000 1306.000000 1303.000000 0.000510 0.000000 0.000000 
1.578065 -0.925233 -16.053556 -1.036585 1.219512 1.219512 1304.000000 1305.000000 1306.000000 1303.000000 0.000520 0.000000 0.000000 
0.964915 -1.341228 -16.029898 -1.585366 3.231707 0.060976 1301.000000 1308.000000 1305.000000 1304.000000 0.000510 0.000000 0.000000 
0.702616 -1.690077 -16.006832 -0.365854 -2.317073 -0.914634 1305.000000 1304.000000 1307.000000 1302.000000 0.000510 0.000000 0.000000 
2.568826 -0.108568 -16.026255 7.804878 -8.963415 0.365854 1313.000000 1296.000000 1306.000000 1303.000000 0.000510 0.000000 0.000000 
3.568153 0.716487 -16.030699 2.317073 -1.097561 1.463415 1309.000000 1300.000000 1306.000000 1303.000000 0.000510 0.000000 0.000000 
3.054133 0.302215 -16.045616 -7.256098 7.743903 0.731707 1299.000000 1310.000000 1306.000000 1303.000000 0.000510 0.000000 0.000000 
1.493436 -1.081491 -16.013657 -7.195122 6.829268 -0.487805 1298.000000 1313.000000 1307.000000 1304.000000 0.000520 0.000000 0.000000 
0.693641 -1.670160 -16.003214 0.365854 -0.121951 -0.121951 1305.000000 1304.000000 1305.000000 1304.000000 0.000510 0.000000 0.000000 
1.763805 -0.864178 -16.023001 8.353659 -9.756098 0.731707 1314.000000 1295.000000 1307.000000 1302.000000 0.000510 0.000000 0.000000 
3.175074 0.507183 -16.048246 4.695122 -2.500000 -0.365854 1311.000000 1298.000000 1305.000000 1304.000000 0.000520 0.000000 0.000000 
1.195607 -1.424065 -15.981603 -10.853659 14.024390 -1.158537 1291.000000 1318.000000 1304.000000 1305.000000 0.000510 0.000000 0.000000 
-0.356476 -2.692026 -15.924634 -3.597561 2.378049 2.317073 1301.000000 1308.000000 1306.000000 1303.000000 0.000510 0.000000 0.000000 
0.163002 -2.310670 -16.001562 5.731708 -6.158537 0.914634 1308.000000 1301.000000 1306.000000 1303.000000 0.000520 0.000000 0.000000 
1.122636 -1.348902 -16.030855 5.365854 -4.817073 0.548781 1310.000000 1299.000000 1305.000000 1304.000000 0.000500 0.000000 0.000000 
2.078680 -0.404531 -16.065319 4.268293 -5.060976 0.365854 1310.000000 1299.000000 1306.000000 1303.000000 0.000510 0.000000 0.000000 
2.442860 -0.036776 -16.033049 0.914634 -0.243902 0.304878 1306.000000 1303.000000 1306.000000 1303.000000 0.000520 0.000000 0.000000 
2.590535 0.242004 -16.019541 3.475610 -3.780488 -1.524390 1310.000000 1299.000000 1305.000000 1304.000000 0.000510 0.000000 0.000000 
3.681072 1.503254 -15.948949 -0.914634 1.585366 -0.060976 1307.000000 1302.000000 1305.000000 1304.000000 0.000510 0.000000 0.000000 
2.355977 0.310441 -15.984955 -9.573171 10.670732 -0.000000 1295.000000 1314.000000 1305.000000 1304.000000 0.000510 0.000000 0.000000 
0.437199 -1.489665 -15.957260 -7.500000 8.536586 0.975610 1295.000000 1314.000000 1305.000000 1304.000000 0.000500 0.000000 0.000000 
-0.223318 -2.312227 -15.950186 0.792683 0.487805 0.548781 1303.000000 1306.000000 1305.000000 1304.000000 0.000510 0.000000 0.000000 
0.471164 -1.915381 -15.981794 5.426829 -6.951220 0.853659 1312.000000 1299.000000 1307.000000 1304.000000 0.000520 0.000000 0.000000 
2.101618 -0.718725 -16.037531 6.829268 -5.548780 0.609756 1312.000000 1297.000000 1306.000000 1303.000000 0.000520 0.000000 0.000000 
2.656615 -0.101906 -16.007782 -1.890244 0.914634 -0.609756 1305.000000 1304.000000 1306.000000 1303.000000 0.000510 0.000000 0.000000 
0.493092 -2.126637 -15.932238 -8.109756 8.780488 -0.304878 1296.000000 1315.000000 1306.000000 1305.000000 0.000510 0.000000 0.000000 
-0.246466 -2.683654 -15.948827 0.853659 -2.134146 1.707317 1303.000000 1306.000000 1306.000000 1303.000000 0.000510 0.000000 0.000000 
0.503672 -2.211548 -15.976282 5.121951 -4.085366 -0.670732 1309.000000 1300.000000 1305.000000 1304.000000 0.000510 0.000000 0.000000 
1.460591 -1.348818 -16.028400 3.231707 -3.414634 -0.060976 1308.000000 1301.000000 1306.000000 1303.000000 0.000510 0.000000 0.000000 
1.481059 -1.170825 -15.998367 -0.853659 1.585366 0.487805 1304.000000 1305.000000 1305.000000 1304.000000 0.000520 0.000000 0.000000 
1.399294 -1.218849 -15.972284 0.975610 -2.012195 -1.219512 1306.000000 1303.000000 1306.000000 1303.000000 0.000510 0.000000 0.000000 
2.160675 -0.411003 -15.968193 8.963415 -8.353659 -0.609756 1314.000000 1295.000000 1306.000000 1303.000000 0.000510 0.000000 0.000000 
5.945169 3.073367 -15.895596 7.439024 -8.475610 1.890244 1318.000000 1291.000000 1307.000000 1302.000000 0.000510 0.000000 0.000000 
6.234793 3.402689 -15.890153 -6.280488 6.768293 0.670732 1304.000000 1305.000000 1305.000000 1304.000000 0.000510 0.000000 0.000000 
4.631117 1.772117 -15.946116 -11.280488 11.707317 -0.670732 1296.000000 1313.000000 1306.000000 1303.000000 0.000510 0.000000 0.000000 
2.822586 0.172735 -15.964843 -6.890244 7.926829 -0.792683 1298.000000 1311.000000 1305.000000 1304.000000 0.000520 0.000000 0.000000 
2.101620 -0.286054 -15.929270 -2.134146 1.890244 -0.365854 1303.000000 1306.000000 1306.000000 1303.000000 0.000500 0.000000 0.000000 
2.377329 0.183270 -15.909034 4.329268 -5.121951 -1.707317 1310.000000 1299.000000 1306.000000 1303.000000 0.000510 0.000000 0.000000 
3.236649 0.927730 -15.916128 2.012195 -2.560976 1.890244 1312.000000 1299.000000 1307.000000 1304.000000 0.000520 0.000000 0.000000 
1.712479 -0.654666 -15.899188 -10.670732 12.926829 0.548781 1293.000000 1316.000000 1304.000000 1305.000000 0.000520 0.000000 0.000000 
0.272370 -1.841497 -15.878792 -4.451220 4.329268 0.731707 1301.000000 1308.000000 1306.000000 1303.000000 0.000500 0.000000 0.000000 
0.560902 -1.551675 -15.913740 5.060976 -5.000000 1.341463 1308.000000 1301.000000 1305.000000 1304.000000 0.000500 0.000000 0.000000 
1.544795 -0.638384 -15.932683 3.597561 -5.243903 -0.670732 1310.000000 1299.000000 1306.000000 1303.000000 0.000520 0.000000 0.000000 
2.118242 -0.168648 -15.958894 1.829268 -2.378049 -0.487805 1308.000000 1301.000000 1306.000000 1303.000000 0.000510 0.000000 0.000000 
1.930455 -0.190376 -15.912985 -2.987805 5.853659 0.182927 1301.000000 1308.000000 1304.000000 1305.000000 0.000500 0.000000 0.000000 
0.613568 -1.368340 -15.900255 -7.743903 6.036585 0.243902 1298.000000 1313.000000 1307.000000 1304.000000 0.000510 0.000000 0.000000 
0.090845 -1.947012 -15.884040 5.487805 -7.012195 -0.121951 1308.000000 1301.000000 1306.000000 1303.000000 0.000520 0.000000 0.000000 
1.325152 -0.972996 -15.938822 5.426829 -5.548780 0.853659 1312.000000 1297.000000 1306.000000 1303.000000 0.000500 0.000000 0.000000 
1.852654 -0.273837 -15.932581 -1.829268 1.890244 -0.182927 1304.000000 1305.000000 1305.000000 1304.000000 0.000510 0.000000 0.000000 
1.432118 -0.787260 -15.889213 -2.439024 2.317073 -2.195122 1302.000000 1307.000000 1306.000000 1303.000000 0.000520 0.000000 0.000000 
0.949871 -1.208616 -15.876435 -0.792683 1.646341 0.304878 1304.000000 1305.000000 1305.000000 1304.000000 0.000500 0.000000 0.000000 
1.035619 -1.167982 -15.869176 1.768293 -2.926829 0.609756 1268.000000 1263.000000 1267.000000 1264.000000 0.000500 0.000000 0.000000 
1.638691 -0.398645 -15.903081 4.634146 -4.085366 -0.487805 1228.000000 1219.000000 1224.000000 1223.000000 0.000510 0.000000 0.000000 
2.477606 0.173695 -15.857805 -0.182927 0.365854 -1.402439 1100.000000 1100.000000 1100.000000 1100.000000 0.000520 0.000000 0.000000 
3.011223 0.421201 -15.826906 3.841464 -3.353659 -0.060976 1100.000000 1100.000000 1100.000000 1100.000000 0.000500 0.000000 0.000000 
4.182291 1.429136 -15.837820 8.963415 -10.304878 0.182927 1100.000000 1100.000000 1100.000000 1100.000000 0.000500 0.000000 0.000000 
5.485416 2.757405 -15.768361 13.048780 -14.390244 -1.036585 1100.000000 1100.000000 1100.000000 1100.000000 0.000510 0.000000 0.000000 
11.428702 8.363441 -15.201598 27.073172 -29.512196 0.243902 1100.000000 1100.000000 1100.000000 1100.000000 0.000520 0.000000 0.000000 
17.403345 14.396613 -13.936995 37.804878 -40.792683 0.243902 1100.000000 1100.000000 1100.000000 1100.000000 0.000510 0.000000 0.000000 
19.186682 16.200665 -13.375654 -6.219512 1.890244 0.548781 1100.000000 1100.000000 1100.000000 1100.000000 0.000510 0.000000 0.000000 
19.143579 16.253113 -13.451613 0.975610 -2.012195 -0.487805 1100.000000 1100.000000 1100.000000 1100.000000 0.000520 0.000000 0.000000 
19.258196 16.287939 -13.403446 2.317073 3.963415 -0.426829 1100.000000 1100.000000 1100.000000 1100.000000 0.000510 0.000000 0.000000 
19.247404 16.392860 -13.345506 -0.975610 -2.682927 0.182927 1100.000000 1100.000000 1100.000000 1100.000000 0.000510 0.000000 0.000000 
19.668337 16.541189 -13.315498 -0.365854 -1.036585 -0.060976 1100.000000 1100.000000 1100.000000 1100.000000 0.000510 0.000000 0.000000 
19.715130 16.775532 -13.258099 -0.487805 -0.731707 -0.121951 1100.000000 1100.000000 1100.000000 1100.000000 0.000520 0.000000 0.000000 
19.862980 16.879093 -13.214019 1.341463 1.646341 0.182927 1100.000000 1100.000000 1100.000000 1100.000000 0.000510 0.000000 0.000000 
19.849365 17.042477 -13.146826 -0.426829 -0.853659 0.609756 1100.000000 1100.000000 1100.000000 1100.000000 0.000510 0.000000 0.000000 
19.917974 17.007248 -13.164580 0.304878 0.487805 -0.304878 1100.000000 1100.000000 1100.000000 1100.000000 0.000520 0.000000 0.000000 
19.844561 16.697762 -13.268149 -0.304878 -0.182927 -0.060976 1100.000000 1100.000000 1100.000000 1100.000000 0.000520 0.000000 0.000000 
19.880995 17.127098 -13.123618 -0.182927 -0.243902 -0.243902 1100.000000 1100.000000 1100.000000 1100.000000 0.000510 0.000000 0.000000 
19.625191 16.524193 -13.318295 -0.243902 -0.365854 -0.060976 1100.000000 1100.000000 1100.000000 1100.000000 0.000510 0.000000 0.000000 
19.548912 17.096268 -13.131651 -0.304878 -0.000000 -0.365854 1100.000000 1100.000000 1100.000000 1100.000000 0.000520 0.000000 0.000000 
19.583357 16.496981 -13.335196 0.121951 0.365854 0.121951 1100.000000 1100.000000 1100.000000 1100.000000 0.000520 0.000000 0.000000 
19.262121 16.994076 -13.162305 -0.060976 0.426829 0.243902 1100.000000 1100.000000 1100.000000 1100.000000 0.000490 0.000000 0.000000 
19.571527 17.648767 -12.935869 -0.060976 0.060976 -0.121951 1100.000000 1100.000000 1100.000000 1100.000000 0.000460 0.000000 0.000000 
19.931543 17.466785 -12.995519 -0.487805 -0.121951 -0.304878 1100.000000 1100.000000 1100.000000 1100.000000 0.000520 0.000000 0.000000 
20.168024 16.873226 -13.207060 0.000000 -0.000000 -0.060976 1100.000000 1100.000000 1100.000000 1100.000000 0.000510 0.000000 0.000000 
20.015837 15.506580 -13.672259 -0.060976 0.121951 0.182927 1100.000000 1100.000000 1100.000000 1100.000000 0.000520 0.000000 0.000000 
19.608738 15.314794 -13.737398 -0.365854 -0.121951 -0.304878 1100.000000 1100.000000 1100.000000 1100.000000 0.000520 0.000000 0.000000 
19.282118 15.550157 -13.662859 -0.121951 0.121951 -0.121951 1100.000000 1100.000000 1100.000000 1100.000000 0.000510 0.000000 0.000000 
19.168570 16.401501 -13.378731 0.000000 0.670732 0.304878 1100.000000 1100.000000 1100.000000 1100.000000 0.000520 0.000000 0.000000 
19.502048 16.367590 -13.383018 -0.121951 0.365854 0.243902 1100.000000 1100.000000 1100.000000 1100.000000 0.000510 0.000000 0.000000 
19.200264 16.031881 -13.495996 -0.365854 -0.060976 -0.365854 1100.000000 1100.000000 1100.000000 1100.000000 0.000520 0.000000 0.000000 
19.535353 16.756958 -13.266020 -0.304878 0.182927 0.060976 1100.000000 1100.000000 1100.000000 1100.000000 0.000520 0.000000 0.000000 
19.533190 16.383625 -13.389086 -0.060976 0.182927 0.548781 1100.000000 1100.000000 1100.000000 1100.000000 0.000510 0.000000 0.000000 
19.273355 16.389437 -13.382855 -0.182927 0.182927 -0.426829 1100.000000 1100.000000 1100.000000 1100.000000 0.000510 0.000000 0.000000 
19.307039 16.298382 -13.418249 -0.243902 -0.243902 -0.243902 1100.000000 1100.000000 1100.000000 1100.000000 0.000520 0.000000 0.000000 
19.245150 16.408388 -13.380775 0.000000 0.304878 -0.060976 1100.000000 1100.000000 1100.000000 1100.000000 0.000520 0.000000 0.000000 
19.217623 16.537277 -13.334181 0.060976 0.365854 0.609756 1100.000000 1100.000000 1100.000000 1100.000000 0.000520 0.000000 0.000000 
19.467461 16.598888 -13.309573 0.060976 -0.000000 0.060976 1100.000000 1100.000000 1100.000000 1100.000000 0.000510 0.000000 0.000000 
19.729889 16.819759 -13.229990 -0.487805 -0.243902 -0.121951 1100.000000 1100.000000 1100.000000 1100.000000 0.000520 0.000000 0.000000 
19.789001 16.741508 -13.263963 -0.060976 0.243902 0.243902 1100.000000 1100.000000 1100.000000 1100.000000 0.000520 0.000000 0.000000 
19.618824 16.693861 -13.279841 0.243902 0.426829 0.365854 1100.000000 1100.000000 1100.000000 1100.000000 0.000520 0.000000 0.000000 
19.602564 16.682329 -13.278319 -0.121951 0.182927 0.243902 1100.000000 1100.000000 1100.000000 1100.000000 0.000520 0.000000 0.000000 
19.588999 16.513641 -13.334469 0.000000 -0.121951 -0.182927 1100.000000 1100.000000 1100.000000 1100.000000 0.000520 0.000000 0.000000 
19.611658 16.688437 -13.277868 -0.304878 -0.182927 -0.121951 1100.000000 1100.000000 1100.000000 1100.000000 0.000520 0.000000 0.000000 
19.438580 16.654114 -13.290505 -0.060976 0.121951 -0.060976 1100.000000 1100.000000 1100.000000 1100.000000 0.000520 0.000000 0.000000 
19.724375 16.934849 -13.188704 -0.060976 0.365854 0.304878 1100.000000 1100.000000 1100.000000 1100.000000 0.000520 0.000000 0.000000 
19.678608 16.768499 -13.239057 -0.121951 -0.060976 -0.121951 1100.000000 1100.000000 1100.000000 1100.000000 0.000510 0.000000 0.000000 
19.540096 16.879080 -13.202693 -0.243902 -0.121951 -0.487805 1100.000000 1100.000000 1100.000000 1100.000000 0.000520 0.000000 0.000000 
19.524055 16.611206 -13.299744 -0.121951 0.304878 0.060976 1100.000000 1100.000000 1100.000000 1100.000000 0.000520 0.000000 0.000000 
Hello Junta. Starting Potato Controller now
Hello Junta. Starting Potato Controller now
Hello Junta. Starting Potato Controller now
22.000778 13.944192 0.050725 -1.951220 -1.402439 1.341463 1100.000000 1100.000000 1100.000000 1100.000000 0.000051 0.000000 0.000000 
22.005125 13.959005 0.030697 -1.951220 -1.646341 1.402439 1100.000000 1100.000000 1100.000000 1100.000000 0.000052 0.000000 0.000000 
22.028271 13.962102 0.008177 -1.829268 -1.402439 1.463415 1100.000000 1100.000000 1100.000000 1100.000000 0.000052 0.000000 0.000000 
22.039927 13.958530 -0.015078 -1.951220 -1.829268 1.463415 1100.000000 1100.000000 1100.000000 1100.000000 0.000051 0.000000 0.000000 
22.055767 13.959850 -0.041087 -2.012195 -1.524390 1.463415 1100.000000 1100.000000 1100.000000 1100.000000 0.000050 0.000000 0.000000 
22.063166 13.973089 -0.059752 -1.829268 -1.524390 1.341463 1100.000000 1100.000000 1100.000000 1100.000000 0.000051 0.000000 0.000000 
22.062244 13.967212 -0.079961 -1.768293 -1.524390 1.463415 1100.000000 1100.000000 1100.000000 1100.000000 0.000050 0.000000 0.000000 
22.078770 13.969789 -0.115432 -2.073171 -1.524390 1.524390 1100.000000 1100.000000 1100.000000 1100.000000 0.000051 0.000000 0.000000 
22.087643 13.978687 -0.133951 -1.829268 -1.463415 1.341463 1100.000000 1100.000000 1100.000000 1100.000000 0.000052 0.000000 0.000000 
22.097233 13.981484 -0.152133 -1.829268 -1.646341 1.402439 1100.000000 1100.000000 1100.000000 1100.000000 0.000051 0.000000 0.000000 
22.104280 13.991585 -0.166999 -1.890244 -1.585366 1.402439 1100.000000 1100.000000 1100.000000 1100.000000 0.000051 0.000000 0.000000 
22.113092 13.988409 -0.192566 -2.134146 -1.646341 1.341463 1100.000000 1100.000000 1100.000000 1100.000000 0.000051 0.000000 0.000000 
22.133026 13.999061 -0.212132 -1.890244 -1.646341 1.341463 1100.000000 1100.000000 1100.000000 1100.000000 0.000051 0.000000 0.000000 
22.143656 14.009786 -0.230730 -1.768293 -1.524390 1.341463 1100.000000 1100.000000 1100.000000 1100.000000 0.000051 0.000000 0.000000 
22.144211 14.002666 -0.270699 -2.012195 -1.585366 1.402439 1100.000000 1100.000000 1100.000000 1100.000000 0.000051 0.000002 0.000000 
22.139696 14.000993 -0.292023 -1.890244 -1.524390 1.402439 1100.000000 1100.000000 1100.000000 1100.000000 0.000052 0.000000 0.000000 
22.143284 14.002244 -0.312450 -1.890244 -1.463415 1.341463 1100.000000 1100.000000 1100.000000 1100.000000 0.000051 0.000001 0.000000 
22.150282 13.999272 -0.341787 -1.829268 -1.646341 1.524390 1100.000000 1100.000000 1100.000000 1100.000000 0.000051 0.000004 0.000000 
22.149147 14.003115 -0.368442 -1.951220 -1.524390 1.402439 1100.000000 1100.000000 1100.000000 1100.000000 0.000052 0.000000 0.000000 
22.149952 14.011077 -0.388202 -2.012195 -1.524390 1.585366 1100.000000 1100.000000 1100.000000 1100.000000 0.000052 0.000003 0.000000 
22.144886 14.005492 -0.416370 -1.829268 -1.463415 1.463415 1100.000000 1100.000000 1100.000000 1100.000000 0.000051 0.000000 0.000000 
22.146635 13.996285 -0.445815 -1.951220 -1.585366 1.463415 1100.000000 1100.000000 1100.000000 1100.000000 0.000051 0.000001 0.000000 
22.163292 13.995572 -0.468971 -1.951220 -1.585366 1.524390 1100.000000 1100.000000 1100.000000 1100.000000 0.000052 0.000005 0.000000 
22.160065 14.003044 -0.488560 -2.012195 -1.524390 1.463415 1100.000000 1100.000000 1100.000000 1100.000000 0.000052 0.000000 0.000000 
22.155556 14.004796 -0.509616 -1.890244 -1.585366 1.402439 1100.000000 1100.000000 1100.000000 1100.000000 0.000050 0.000000 0.000000 
22.158588 14.006687 -0.547462 -1.829268 -1.646341 1.463415 1100.000000 1100.000000 1100.000000 1100.000000 0.000051 0.000000 0.000000 
22.153217 14.001707 -0.569206 -1.951220 -1.524390 1.341463 1100.000000 1100.000000 1100.000000 1100.000000 0.000052 0.000000 0.000000 
22.156534 14.007475 -0.590077 -1.890244 -1.524390 1.341463 1100.000000 1100.000000 1100.000000 1100.000000 0.000051 0.000000 0.000000 
22.151882 14.014527 -0.610511 -1.829268 -1.524390 1.402439 1100.000000 1100.000000 1100.000000 1100.000000 0.000051 0.000000 0.000000 
22.157965 14.018484 -0.632872 -1.890244 -1.524390 1.341463 1100.000000 1100.000000 1100.000000 1100.000000 0.000052 0.000000 0.000000 
22.156374 14.019967 -0.652034 -1.951220 -1.524390 1.341463 1100.000000 1100.000000 1100.000000 1100.000000 0.000052 0.000000 0.000000 
22.147871 14.013274 -0.670903 -1.951220 -1.524390 1.341463 1100.000000 1100.000000 1100.000000 1100.000000 0.000051 0.000000 0.000000 
22.139879 14.016873 -0.708663 -1.951220 -1.524390 1.402439 1100.000000 1100.000000 1100.000000 1100.000000 0.000051 0.000000 0.000000 
22.149549 14.008807 -0.734132 -1.951220 -1.524390 1.524390 1100.000000 1100.000000 1100.000000 1100.000000 0.000052 0.000000 0.000000 
22.158201 14.015385 -0.754121 -1.951220 -1.585366 1.463415 1100.000000 1100.000000 1100.000000 1100.000000 0.000052 0.000000 0.000000 
22.157673 14.019278 -0.779513 -1.829268 -1.524390 1.524390 1100.000000 1100.000000 1100.000000 1100.000000 0.000050 0.000000 0.000000 
22.154398 14.022409 -0.800198 -1.890244 -1.463415 1.524390 1100.000000 1100.000000 1100.000000 1100.000000 0.000051 0.000000 0.000000 
22.142353 14.021253 -0.827292 -1.951220 -1.585366 1.463415 1100.000000 1100.000000 1100.000000 1100.000000 0.000052 0.000000 0.000000 
22.140419 14.014377 -0.851971 -1.951220 -1.585366 1.341463 1100.000000 1100.000000 1100.000000 1100.000000 0.000051 0.000000 0.000000 
22.074919 14.099848 -0.853792 0.060976 -0.121951 -0.060976 1100.000000 1100.000000 1100.000000 1100.000000 0.000051 0.000000 0.000000 
21.769411 14.450793 -0.724719 -0.182927 0.182927 0.121951 1100.000000 1100.000000 1100.000000 1100.000000 0.000051 0.000000 0.000000 
21.481331 14.766384 -0.603752 0.000000 -0.000000 -0.000000 1100.000000 1100.000000 1100.000000 1100.000000 0.000052 0.000000 0.000000 
21.236671 15.053013 -0.497620 0.000000 -0.000000 0.060976 1100.000000 1100.000000 1100.000000 1100.000000 0.000052 0.000000 0.000000 
21.033323 15.294130 -0.408311 -0.060976 0.121951 0.060976 1100.000000 1100.000000 1100.000000 1100.000000 0.000051 0.000000 0.000000 
20.845005 15.503498 -0.333644 -0.060976 0.060976 0.121951 1100.000000 1100.000000 1100.000000 1100.000000 0.000051 0.000000 0.000000 
20.686747 15.689146 -0.263415 -0.243902 0.121951 -0.060976 1100.000000 1100.000000 1100.000000 1100.000000 0.000052 0.000000 0.000000 
20.453632 16.366003 -0.020202 -0.121951 0.121951 -0.060976 1100.000000 1100.000000 1100.000000 1100.000000 0.000051 0.000000 0.000000 
20.342016 16.440271 0.008804 -0.060976 0.060976 0.060976 1100.000000 1100.000000 1100.000000 1100.000000 0.000050 0.000000 0.000000 
20.236721 16.503647 0.034220 -0.060976 0.121951 0.060976 1100.000000 1100.000000 1100.000000 1100.000000 0.000050 0.000000 0.000000 
20.147520 16.551634 0.052580 -0.060976 0.121951 -0.000000 1100.000000 1100.000000 1100.000000 1100.000000 0.000052 0.000000 0.000000 
20.079535 16.599190 0.065255 0.000000 0.121951 0.060976 1100.000000 1100.000000 1100.000000 1100.000000 0.000052 0.000000 0.000000 
20.014702 16.639425 0.078862 0.000000 -0.000000 -0.000000 1100.000000 1100.000000 1100.000000 1100.000000 0.000050 0.000000 0.000000 
19.955763 16.675819 0.093290 -0.060976 0.121951 0.060976 1100.000000 1100.000000 1100.000000 1100.000000 0.000052 0.000000 0.000000 
19.864265 16.728922 0.108813 -0.121951 0.182927 0.060976 1100.000000 1100.000000 1100.000000 1100.000000 0.000051 0.000000 0.000000 
19.826649 16.765619 0.122294 0.000000 0.060976 -0.000000 1100.000000 1100.000000 1100.000000 1100.000000 0.000051 0.000000 0.000000 
19.784273 16.789127 0.138029 -0.121951 0.182927 -0.000000 1100.000000 1100.000000 1100.000000 1100.000000 0.000051 0.000000 0.000000 
19.762825 16.812456 0.146061 -0.060976 0.182927 0.060976 1100.000000 1100.000000 1100.000000 1100.000000 0.000051 0.000000 0.000000 
19.746359 16.820049 0.151403 -0.121951 0.121951 0.060976 1100.000000 1100.000000 1100.000000 1100.000000 0.000051 0.000000 0.000000 
19.727396 16.842472 0.157361 -0.121951 0.060976 -0.000000 1100.000000 1100.000000 1100.000000 1100.000000 0.000051 0.000000 0.000000 
19.701309 16.863010 0.164683 -0.060976 0.121951 -0.000000 1100.000000 1100.000000 1100.000000 1100.000000 0.000052 0.000000 0.000000 
19.659698 16.895966 0.174621 -0.060976 0.121951 -0.000000 1100.000000 1100.000000 1100.000000 1100.000000 0.000050 0.000000 0.000000 
19.643984 16.896276 0.176535 -0.182927 0.182927 -0.000000 1100.000000 1100.000000 1100.000000 1100.000000 0.000052 0.000000 0.000000 
19.616919 16.893251 0.174070 -0.121951 0.182927 0.182927 1119.000000 1116.000000 1118.000000 1117.000000 0.000050 0.000000 0.000000 
19.640381 16.763548 0.070419 -0.243902 0.243902 -0.426829 1137.000000 1134.000000 1136.000000 1135.000000 0.000051 0.000001 0.000000 
19.534428 16.813063 0.121543 -0.182927 -0.304878 0.304878 1137.000000 1134.000000 1136.000000 1135.000000 0.000051 0.000000 0.000000 
19.533852 16.598763 0.057145 0.121951 0.426829 0.182927 1161.000000 1158.000000 1160.000000 1159.000000 0.000051 0.000002 0.000000 
19.292517 16.509647 0.023937 -0.914634 -0.060976 -0.000000 1170.000000 1167.000000 1169.000000 1168.000000 0.000052 0.000004 0.000000 
19.472450 16.735695 0.068898 -0.548781 0.182927 -0.182927 1184.000000 1181.000000 1183.000000 1182.000000 0.000050 0.000000 0.000000 
19.324247 16.769810 0.079208 -0.609756 -0.000000 0.182927 1191.000000 1188.000000 1190.000000 1189.000000 0.000051 0.000000 0.000000 
19.310701 16.752110 0.071106 -0.060976 0.243902 -0.426829 1202.000000 1199.000000 1201.000000 1200.000000 0.000052 0.000000 0.000000 
19.565382 16.821093 0.095057 0.304878 -0.243902 0.182927 1215.000000 1212.000000 1214.000000 1213.000000 0.000051 0.000000 0.000000 
19.414680 16.807858 0.085818 0.609756 -0.304878 -0.304878 1233.000000 1230.000000 1232.000000 1231.000000 0.000052 0.000000 0.000000 
19.500563 16.778116 0.077442 -0.365854 -0.121951 0.792683 1235.000000 1232.000000 1234.000000 1233.000000 0.000051 0.000000 0.000000 
19.387854 16.843075 0.082108 0.182927 0.060976 0.060976 1240.000000 1237.000000 1239.000000 1238.000000 0.000052 0.000000 0.000000 
19.580402 17.246035 0.216256 0.426829 -0.243902 -0.243902 1258.000000 1255.000000 1257.000000 1256.000000 0.000051 0.000000 0.000000 
19.850992 17.179411 0.190654 0.731707 -0.914634 0.487805 1274.000000 1271.000000 1273.000000 1272.000000 0.000051 0.000000 0.000000 
19.880920 17.554928 0.304778 -0.487805 0.487805 0.670732 1289.000000 1286.000000 1288.000000 1287.000000 0.000052 0.000000 0.000000 
20.100180 17.293394 0.198877 0.121951 0.121951 0.792683 1301.000000 1298.000000 1300.000000 1299.000000 0.000051 0.000000 0.000000 
20.135611 17.365299 0.215560 0.000000 -0.182927 -0.304878 1318.000000 1315.000000 1317.000000 1316.000000 0.000050 0.000000 0.000000 
20.336506 17.456266 0.224042 0.182927 -0.670732 0.975610 1322.000000 1319.000000 1321.000000 1320.000000 0.000052 0.000000 0.000000 
20.123461 17.167253 0.125311 0.243902 -0.060976 0.060976 1332.000000 1329.000000 1331.000000 1330.000000 0.000051 0.000000 0.000000 
20.379725 16.918682 0.038141 -0.182927 -0.365854 -0.426829 1356.000000 1353.000000 1355.000000 1354.000000 0.000051 0.000000 0.000000 
20.469748 16.893396 0.015813 0.487805 -0.304878 -0.487805 1373.000000 1370.000000 1372.000000 1371.000000 0.000052 0.000000 0.000000 
20.378355 17.038950 0.039695 -0.365854 -0.914634 0.548781 1392.000000 1389.000000 1391.000000 1390.000000 0.000051 0.000000 0.000000 
20.024961 16.840950 -0.053894 0.121951 0.670732 0.365854 1393.000000 1390.000000 1392.000000 1391.000000 0.000052 0.000000 0.000000 
19.971916 16.895645 -0.021450 0.548781 -2.378049 -0.670732 1396.000000 1393.000000 1395.000000 1394.000000 0.000051 0.000000 0.000000 
19.682096 16.856106 -0.028115 0.609756 1.585366 0.243902 1407.000000 1404.000000 1406.000000 1405.000000 0.000050 0.000000 0.000000 
19.656569 16.668472 -0.074332 -1.890244 -1.158537 -0.000000 1415.000000 1412.000000 1414.000000 1413.000000 0.000051 0.000000 0.000000 
19.835526 17.040525 0.001352 0.365854 0.609756 0.853659 1421.000000 1418.000000 1420.000000 1419.000000 0.000050 0.000000 0.000000 
19.321571 17.041059 -0.027626 1.036585 0.731707 1.341463 1431.000000 1428.000000 1430.000000 1429.000000 0.000051 0.000000 0.000000 
20.029009 17.087618 0.015272 -1.524390 -1.280488 -0.426829 1438.000000 1435.000000 1437.000000 1436.000000 0.000052 0.000000 0.000000 
20.579109 17.142635 0.014604 1.341463 0.304878 0.487805 1449.000000 1446.000000 1448.000000 1447.000000 0.000051 0.000000 0.000000 
21.452723 17.477278 0.131513 -0.304878 -0.548781 -1.036585 1462.000000 1459.000000 1461.000000 1460.000000 0.000051 0.000000 0.000000 
21.380636 17.565290 0.132803 1.951220 0.731707 1.524390 1482.000000 1477.000000 1480.000000 1479.000000 0.000051 0.000000 0.000000 
21.078953 17.326706 0.028645 -2.865854 5.731708 1.829268 1485.000000 1482.000000 1484.000000 1483.000000 0.000051 0.000000 0.000000 
19.895836 15.162036 -0.551008 -5.304878 3.902439 1.097561 1484.000000 1481.000000 1483.000000 1482.000000 0.000052 0.000000 0.000000 
19.012074 14.708660 -0.719207 1.951220 1.524390 2.012195 1484.000000 1481.000000 1483.000000 1482.000000 0.000051 0.000000 0.000000 
18.516968 14.491491 -0.778430 -3.170732 0.121951 -1.219512 1483.000000 1480.000000 1482.000000 1481.000000 0.000051 0.000000 0.000000 
18.109798 14.191298 -0.869481 -2.012195 2.865854 0.365854 1482.000000 1479.000000 1481.000000 1480.000000 0.000052 0.000000 0.000000 
18.261398 14.109009 -0.883422 1.158537 1.097561 -0.121951 1482.000000 1479.000000 1481.000000 1480.000000 0.000051 0.000000 0.000000 
17.232979 13.661165 -1.007025 -6.158537 2.134146 -2.804878 1483.000000 1480.000000 1482.000000 1481.000000 0.000051 0.000000 0.000000 
16.695768 13.177299 -1.097113 -7.012195 5.670732 0.060976 1477.000000 1476.000000 1477.000000 1476.000000 0.000051 0.000000 0.000000 
16.288822 12.172711 -1.263719 6.280488 -3.475610 0.731707 1455.000000 1450.000000 1453.000000 1452.000000 0.000052 0.000000 0.000000 
16.678894 13.367986 -0.969890 8.963415 -8.048780 0.975610 1429.000000 1424.000000 1427.000000 1426.000000 0.000050 0.000000 0.000000 
17.548599 14.990638 -0.562295 9.695122 -12.195122 -1.158537 1427.000000 1422.000000 1425.000000 1424.000000 0.000050 0.000000 0.000000 
18.943182 17.164684 0.024819 13.414635 -13.170732 0.731707 1426.000000 1419.000000 1423.000000 1422.000000 0.000052 0.000000 0.000000 
18.785086 16.631783 -0.109739 -3.658537 6.219512 0.853659 1426.000000 1423.000000 1425.000000 1424.000000 0.000051 0.000000 0.000000 
18.035585 15.723157 -0.428770 -4.329268 2.621951 -0.365854 1430.000000 1427.000000 1429.000000 1428.000000 0.000051 0.000000 0.000000 
18.191534 15.032386 -0.591496 4.085366 -5.914634 -0.670732 1430.000000 1425.000000 1428.000000 1427.000000 0.000052 0.000000 0.000000 
20.018000 16.744101 -0.088783 8.719512 -8.475610 0.975610 1430.000000 1425.000000 1428.000000 1427.000000 0.000051 0.000000 0.000000 
19.576246 16.494858 -0.224926 -5.670732 5.609756 -0.365854 1430.000000 1427.000000 1429.000000 1428.000000 0.000051 0.000000 0.000000 
18.523849 15.182817 -0.557397 -8.048780 7.682927 -1.707317 1428.000000 1427.000000 1428.000000 1427.000000 0.000052 0.000000 0.000000 
17.646915 14.155339 -0.825511 -3.597561 3.658537 0.731707 1429.000000 1426.000000 1428.000000 1427.000000 0.000052 0.000000 0.000000 
17.431152 14.377118 -0.762994 2.682927 -1.524390 1.219512 1430.000000 1427.000000 1429.000000 1428.000000 0.000051 0.000000 0.000000 
16.868690 14.980157 -0.603492 5.365854 -4.939024 -0.000000 1430.000000 1425.000000 1428.000000 1427.000000 0.000051 0.000000 0.000000 
17.635189 15.277186 -0.520633 -4.756098 3.841464 0.243902 1428.000000 1427.000000 1428.000000 1427.000000 0.000000 0.000000 0.000000 
16.358088 13.878387 -0.904525 -7.804878 10.060976 1.097561 1428.000000 1428.000000 1428.000000 1428.000000 0.000000 0.000000 0.000000 
15.031569 12.469540 -1.230986 -8.048780 11.707317 0.975610 1428.000000 1428.000000 1428.000000 1428.000000 0.000000 0.000000 0.000000 
12.452931 10.241235 -1.699036 -10.792684 12.317074 1.036585 1428.000000 1428.000000 1428.000000 1428.000000 0.000000 0.000000 0.000000 
11.428116 8.436444 -2.007551 -11.158537 10.609756 -0.121951 1428.000000 1428.000000 1428.000000 1428.000000 0.000000 0.000000 0.000000 
9.574512 6.165069 -2.278209 -15.548780 15.060976 -1.280488 1428.000000 1428.000000 1428.000000 1428.000000 0.000000 0.000000 0.000000 
6.135878 3.176707 -2.532039 -17.560976 18.231709 -1.158537 1428.000000 1428.000000 1428.000000 1428.000000 0.000000 0.000000 0.000000 
-1.678800 -3.716892 -2.620996 -30.426830 32.317074 0.121951 1428.000000 1428.000000 1428.000000 1428.000000 0.000000 0.000000 0.000000 
-8.073809 -9.508832 -2.036478 -33.414635 37.195122 2.073171 1428.000000 1428.000000 1428.000000 1428.000000 0.000000 0.000000 0.000000 
-13.246441 -14.480983 -0.917733 -41.341465 40.182926 1.341463 1428.000000 1428.000000 1428.000000 1428.000000 0.000000 0.000000 0.000000 
-16.825670 -18.213697 0.192512 -6.097561 6.158537 0.853659 1428.000000 1428.000000 1428.000000 1428.000000 0.000000 0.000000 0.000000 
-16.615263 -18.418314 0.168551 -0.426829 0.182927 -1.585366 1428.000000 1428.000000 1428.000000 1428.000000 0.000000 0.000000 0.000000 
-16.903482 -19.244133 0.376767 1.036585 1.036585 -2.073171 1428.000000 1428.000000 1428.000000 1428.000000 0.000000 0.000001 0.000000 
-17.173244 -19.387222 0.411019 -1.097561 -0.731707 0.670732 1428.000000 1428.000000 1428.000000 1428.000000 0.000000 0.000005 0.000000 
-17.357340 -19.664455 0.474370 -0.426829 1.463415 1.341463 1428.000000 1428.000000 1428.000000 1428.000000 0.000000 0.000000 0.000000 
-17.860430 -19.978771 0.575315 0.548781 -0.548781 -1.036585 1428.000000 1428.000000 1428.000000 1428.000000 0.000000 0.000003 0.000000 
-18.024427 -20.177128 0.601504 0.609756 -1.341463 -1.707317 1428.000000 1428.000000 1428.000000 1428.000000 0.000000 0.000000 0.000000 
-17.987204 -20.298105 0.635527 -0.853659 -0.975610 -1.829268 1427.000000 1428.000000 1427.000000 1428.000000 0.000003 0.000000 0.000000 
-18.320454 -20.560862 0.732005 0.182927 1.463415 -0.000000 1427.000000 1428.000000 1428.000000 1427.000000 0.000017 0.000003 0.000000 
-18.176325 -20.562496 0.723163 0.243902 0.487805 1.341463 1428.000000 1429.000000 1429.000000 1428.000000 0.000026 0.000000 0.000000 
-18.268827 -20.818933 0.768719 -0.060976 0.731707 0.121951 1427.000000 1430.000000 1429.000000 1428.000000 0.000035 0.000000 0.000000 
-18.580389 -21.027433 0.806286 -0.670732 -0.182927 -0.731707 1426.000000 1429.000000 1428.000000 1427.000000 0.000049 0.000000 0.000000 
-18.590652 -21.032616 0.814750 -0.670732 -0.731707 -1.097561 1425.000000 1430.000000 1428.000000 1427.000000 0.000057 0.000000 0.000000 
-18.342585 -20.908417 0.758279 0.731707 -0.487805 -1.036585 1426.000000 1431.000000 1429.000000 1428.000000 0.000065 0.000000 0.000000 
-18.339602 -20.896223 0.746024 0.304878 0.853659 -0.426829 1426.000000 1431.000000 1429.000000 1428.000000 0.000070 0.000000 0.000000 
-18.412878 -21.144438 0.862980 0.121951 1.402439 0.792683 1425.000000 1430.000000 1428.000000 1427.000000 0.000076 0.000000 0.000000 
-18.645147 -20.973696 0.764718 -0.792683 0.609756 0.914634 1424.000000 1431.000000 1428.000000 1427.000000 0.000089 0.000000 0.000000 
-18.374264 -20.887045 0.794907 1.158537 0.060976 -1.280488 1425.000000 1432.000000 1429.000000 1428.000000 0.000097 0.000000 0.000000 
-18.474623 -20.917875 0.774363 -0.304878 0.487805 -0.853659 1424.000000 1433.000000 1429.000000 1428.000000 0.000106 0.000000 0.000000 
-18.394749 -21.055265 0.785481 -0.182927 -1.036585 -0.853659 1423.000000 1432.000000 1428.000000 1427.000000 0.000114 0.000000 0.000000 
-18.580797 -21.135231 0.849982 -1.341463 -0.975610 -0.609756 1423.000000 1432.000000 1428.000000 1427.000000 0.000121 0.000000 0.000000 
-18.826088 -21.293684 0.865443 -0.243902 -1.280488 -0.121951 1423.000000 1434.000000 1429.000000 1428.000000 0.000134 0.000000 0.000000 
-18.866480 -21.312559 0.868904 1.219512 1.829268 -0.121951 1423.000000 1434.000000 1429.000000 1428.000000 0.000141 0.000000 0.000000 
-19.044617 -21.419605 0.869328 -0.548781 0.731707 0.243902 1422.000000 1433.000000 1428.000000 1427.000000 0.000148 0.000000 0.000000 
-19.189751 -21.326519 0.865679 -0.060976 -1.036585 -1.951220 1421.000000 1434.000000 1428.000000 1427.000000 0.000155 0.000000 0.000000 
-19.068630 -21.234840 0.806039 -0.243902 1.219512 0.243902 1421.000000 1434.000000 1428.000000 1427.000000 0.000166 0.000000 0.000000 
-18.745308 -21.130671 0.741965 -0.914634 0.121951 -0.060976 1422.000000 1435.000000 1429.000000 1428.000000 0.000159 0.000000 0.000000 
-18.883101 -21.250889 0.763000 -0.182927 -0.426829 0.365854 1422.000000 1435.000000 1429.000000 1428.000000 0.000159 0.000000 0.000000 
-18.606447 -21.026476 0.703985 -0.609756 -0.670732 -0.182927 1421.000000 1434.000000 1428.000000 1427.000000 0.000164 0.000000 0.000000 
-18.719658 -21.330357 0.785414 0.792683 -0.060976 0.731707 1421.000000 1434.000000 1428.000000 1427.000000 0.000170 0.000000 0.000000 
-18.659891 -21.206203 0.750174 1.219512 0.121951 1.036585 1422.000000 1435.000000 1429.000000 1428.000000 0.000173 0.000000 0.000000 
-18.369427 -21.221626 0.733077 0.426829 -0.426829 1.219512 1419.000000 1432.000000 1426.000000 1425.000000 0.000178 0.000000 0.000000 
-17.751795 -21.291765 0.716186 -1.158537 -0.365854 1.402439 1421.000000 1434.000000 1428.000000 1427.000000 0.000183 0.000000 0.000000 
-18.540195 -21.491304 0.736425 1.158537 -0.182927 1.219512 1421.000000 1436.000000 1429.000000 1428.000000 0.000191 0.000000 0.000000 
-18.797371 -21.633184 0.795851 0.000000 0.182927 0.548781 1421.000000 1436.000000 1429.000000 1428.000000 0.000198 0.000000 0.000000 
-18.854870 -21.589584 0.759257 0.609756 1.280488 0.609756 1420.000000 1437.000000 1429.000000 1428.000000 0.000203 0.000000 0.000000 
-18.715862 -21.404041 0.708148 1.646341 1.829268 0.426829 1420.000000 1437.000000 1429.000000 1428.000000 0.000210 0.000000 0.000000 
-18.480022 -21.248087 0.675353 -0.121951 0.121951 -0.426829 1419.000000 1436.000000 1428.000000 1427.000000 0.000217 0.000000 0.000000 
-18.359453 -21.339916 0.682893 1.829268 1.402439 0.060976 1420.000000 1437.000000 1429.000000 1428.000000 0.000225 0.000000 0.000000 
-18.947817 -21.255589 0.616498 0.121951 1.097561 0.243902 1419.000000 1438.000000 1429.000000 1428.000000 0.000236 0.000000 0.000000 
-19.028410 -21.446810 0.688361 0.121951 1.219512 0.975610 1419.000000 1438.000000 1429.000000 1428.000000 0.000252 0.000000 0.000000 
-18.789927 -21.311333 0.612027 -0.304878 1.829268 0.670732 1418.000000 1439.000000 1429.000000 1428.000000 0.000273 0.000000 0.000000 
-18.622835 -21.306318 0.626080 0.000000 -0.487805 0.731707 1416.000000 1439.000000 1428.000000 1427.000000 0.000293 0.000000 0.000000 
-18.594383 -21.370958 0.630895 -1.036585 2.073171 0.548781 1415.000000 1442.000000 1429.000000 1428.000000 0.000310 0.000000 0.000000 
-18.825069 -21.326780 0.627318 -0.975610 0.243902 0.487805 1415.000000 1442.000000 1429.000000 1428.000000 0.000330 0.000000 0.000000 
-19.012461 -21.536776 0.658864 -2.804878 1.463415 -0.182927 1414.000000 1443.000000 1429.000000 1428.000000 0.000339 0.000000 0.000000 
-19.020147 -21.518337 0.649937 -1.463415 -1.219512 -2.621951 1415.000000 1442.000000 1430.000000 1427.000000 0.000352 0.000000 0.000000 
-18.925123 -21.514484 0.658919 0.000000 0.426829 -2.804878 1413.000000 1442.000000 1428.000000 1427.000000 0.000362 0.000000 0.000000 
-19.438936 -21.735352 0.730969 -1.036585 0.487805 -1.768293 1413.000000 1444.000000 1429.000000 1428.000000 0.000374 0.000000 0.000000 
-18.998297 -21.492031 0.629232 -0.060976 1.646341 -1.036585 1413.000000 1444.000000 1429.000000 1428.000000 0.000373 0.000000 0.000000 
-19.364285 -21.755508 0.736481 0.121951 0.975610 -0.304878 1413.000000 1444.000000 1429.000000 1428.000000 0.000390 0.000000 0.000000 
-19.030464 -21.436724 0.616155 0.914634 0.365854 -1.036585 1412.000000 1445.000000 1429.000000 1428.000000 0.000412 0.000000 0.000000 
-19.108315 -21.291727 0.558667 0.731707 -2.073171 -1.951220 1413.000000 1444.000000 1430.000000 1427.000000 0.000423 0.000000 0.000000 
-18.400930 -20.950428 0.428103 2.621951 -0.365854 -0.121951 1413.000000 1444.000000 1429.000000 1428.000000 0.000427 0.000000 0.000000 
-18.150085 -20.711391 0.317384 1.097561 -0.975610 -1.219512 1413.000000 1444.000000 1430.000000 1427.000000 0.000440 0.000000 0.000000 
-18.256535 -20.418591 0.201076 2.682927 -1.646341 -2.256098 1412.000000 1443.000000 1428.000000 1427.000000 0.000453 0.000000 0.000000 
-17.981798 -20.085964 0.082144 0.792683 -3.902439 -2.134146 1413.000000 1444.000000 1430.000000 1427.000000 0.000468 0.000000 0.000000 
-17.969193 -19.823387 -0.018926 0.670732 -0.731707 -0.975610 1411.000000 1446.000000 1430.000000 1427.000000 0.000475 0.000000 0.000000 
-17.607552 -19.626255 -0.065178 0.000000 -1.158537 0.426829 1411.000000 1446.000000 1430.000000 1427.000000 0.000491 0.000000 0.000000 
-17.645103 -19.622725 -0.095157 0.914634 -0.792683 0.487805 1411.000000 1446.000000 1429.000000 1428.000000 0.000503 0.000000 0.000000 
-16.744028 -19.375853 -0.128324 -0.975610 -0.731707 -1.890244 1410.000000 1447.000000 1430.000000 1427.000000 0.000515 0.000000 0.000000 
-16.976101 -18.984209 -0.259792 3.170732 -1.768293 -1.768293 1412.000000 1445.000000 1429.000000 1428.000000 0.000528 0.000000 0.000000 
-16.363611 -18.522751 -0.436965 2.621951 -2.743902 -0.548781 1413.000000 1444.000000 1430.000000 1427.000000 0.000539 0.000000 0.000000 
-15.949272 -18.250525 -0.522184 1.585366 1.280488 0.365854 1410.000000 1447.000000 1429.000000 1428.000000 0.000546 0.000000 0.000000 
-15.392665 -17.706657 -0.704105 5.792683 -5.426829 0.548781 1416.000000 1441.000000 1430.000000 1427.000000 0.000561 0.000000 0.000000 
-14.214473 -16.359722 -1.112647 6.036585 -8.536586 -0.548781 1419.000000 1438.000000 1430.000000 1427.000000 0.000571 0.000000 0.000000 
-13.299541 -15.403630 -1.408411 2.743902 -5.365854 -0.975610 1416.000000 1439.000000 1429.000000 1426.000000 0.000570 0.000000 0.000000 
-14.523679 -15.685560 -1.314412 -6.829268 4.207317 -0.792683 1404.000000 1453.000000 1429.000000 1428.000000 0.000571 0.000000 0.000000 
-14.454018 -15.725903 -1.347540 8.719512 -9.695122 0.182927 1421.000000 1436.000000 1429.000000 1428.000000 0.000570 0.000000 0.000000 
-12.515957 -13.888504 -1.844486 6.585366 -7.439024 0.670732 1421.000000 1434.000000 1429.000000 1426.000000 0.000571 0.000000 0.000000 
-11.718172 -13.282180 -1.992663 0.548781 -0.914634 0.182927 1415.000000 1442.000000 1430.000000 1427.000000 0.000571 0.000000 0.000000 
-12.559881 -13.762641 -1.878516 -3.536585 3.353659 1.036585 1409.000000 1448.000000 1430.000000 1427.000000 0.000570 0.000000 0.000000 
-12.844570 -13.908955 -1.848155 5.548780 -4.451220 0.731707 1417.000000 1438.000000 1428.000000 1427.000000 0.000578 0.000000 0.000000 
-10.933727 -12.362717 -2.244367 10.792684 -11.890244 0.548781 1428.000000 1429.000000 1430.000000 1427.000000 0.000592 0.000000 0.000000 
-8.777109 -10.273494 -2.691938 -3.414634 4.573171 -0.060976 1413.000000 1444.000000 1429.000000 1428.000000 0.000598 0.000000 0.000000 
-8.913186 -10.608250 -2.614182 1.768293 -1.280488 -0.731707 1417.000000 1438.000000 1428.000000 1427.000000 0.000614 0.000000 0.000000 
-8.477235 -10.023294 -2.753850 4.085366 -5.914634 -1.036585 1423.000000 1434.000000 1430.000000 1427.000000 0.000620 0.000000 0.000000 
-7.728489 -9.244248 -2.895061 3.170732 -3.780488 -1.341463 1422.000000 1435.000000 1430.000000 1427.000000 0.000626 0.000000 0.000000 
-6.855711 -8.434411 -3.052333 8.841464 -9.695122 -1.097561 1429.000000 1426.000000 1429.000000 1426.000000 0.000638 0.000000 0.000000 
-4.218357 -6.088466 -3.390181 12.743903 -15.182927 -0.487805 1440.000000 1417.000000 1430.000000 1427.000000 0.000641 0.000000 0.000000 
-2.645031 -4.229721 -3.575103 7.256098 -9.146341 1.707317 1435.000000 1422.000000 1431.000000 1426.000000 0.000640 0.000000 0.000000 
-1.489864 -3.300259 -3.608738 1.890244 -0.853659 0.548781 1425.000000 1430.000000 1429.000000 1426.000000 0.000641 0.000000 0.000000 
-0.802905 -2.401726 -3.671466 6.707317 -7.743903 -0.792683 1436.000000 1421.000000 1429.000000 1428.000000 0.000641 0.000000 0.000000 
0.208389 -1.136068 -3.725629 3.719512 -4.573171 1.280488 1434.000000 1423.000000 1430.000000 1427.000000 0.000640 0.000000 0.000000 
0.506360 -0.858249 -3.713594 -0.548781 2.743902 1.097561 1425.000000 1430.000000 1428.000000 1427.000000 0.000640 0.000000 0.000000 
0.620950 -1.118389 -3.709462 -1.158537 1.097561 -0.060976 1427.000000 1430.000000 1430.000000 1427.000000 0.000640 0.000000 0.000000 
1.175190 -0.756878 -3.759426 3.292683 -7.378049 -0.121951 1435.000000 1422.000000 1431.000000 1426.000000 0.000640 0.000000 0.000000 
1.931635 -0.063676 -3.787803 2.682927 -5.426829 0.548781 1434.000000 1421.000000 1430.000000 1425.000000 0.000640 0.000000 0.000000 
2.217563 -0.002481 -3.866348 -2.926829 2.987805 -1.280488 1426.000000 1431.000000 1429.000000 1428.000000 0.000641 0.000000 0.000000 
3.231623 0.164633 -3.849877 -0.243902 -2.012195 -2.012195 1432.000000 1425.000000 1431.000000 1426.000000 0.000640 0.000000 0.000000 
3.618030 0.508987 -3.851606 0.670732 -0.426829 -0.548781 1433.000000 1424.000000 1431.000000 1426.000000 0.000640 0.000000 0.000000 
2.456698 0.328809 -3.851960 -3.780488 6.219512 0.365854 1424.000000 1433.000000 1429.000000 1428.000000 0.000641 0.000000 0.000000 
1.698049 -0.663009 -3.748532 2.378049 1.280488 1.097561 1429.000000 1428.000000 1428.000000 1429.000000 0.000641 0.000000 0.000000 
2.235942 -0.469830 -3.764604 0.182927 -1.829268 0.304878 1431.000000 1426.000000 1430.000000 1427.000000 0.000640 0.000000 0.000000 
0.412349 -0.858799 -3.794665 -3.231707 0.609756 1.829268 1426.000000 1431.000000 1431.000000 1426.000000 0.000641 0.000000 0.000000 
-0.131831 -1.518643 -3.830209 1.402439 2.865854 2.804878 1426.000000 1431.000000 1428.000000 1429.000000 0.000641 0.000000 0.000000 
1.006138 -0.672072 -3.846385 8.231708 -5.060976 3.048780 1437.000000 1420.000000 1429.000000 1428.000000 0.000640 0.000000 0.000000 
1.442406 0.097674 -3.910737 0.792683 -3.536585 0.792683 1432.000000 1423.000000 1430.000000 1425.000000 0.000640 0.000000 0.000000 
0.260737 -0.406230 -3.879904 -7.987805 9.207317 -0.548781 1418.000000 1439.000000 1428.000000 1429.000000 0.000640 0.000000 0.000000 
-2.398826 -3.260852 -3.863870 -3.231707 2.743902 0.487805 1421.000000 1436.000000 1429.000000 1428.000000 0.000640 0.000000 0.000000 
-2.100530 -3.129036 -3.919877 3.780488 -3.841464 0.426829 1430.000000 1427.000000 1430.000000 1427.000000 0.000640 0.000000 0.000000 
-1.488693 -2.583362 -3.919738 3.048780 -1.707317 -0.182927 1428.000000 1429.000000 1429.000000 1428.000000 0.000641 0.000000 0.000000 
-1.102843 -2.096587 -3.956244 5.975610 -4.695122 -1.036585 1433.000000 1424.000000 1430.000000 1427.000000 0.000640 0.000000 0.000000 
-1.028456 -1.463100 -3.961887 0.060976 -1.585366 -2.743902 1428.000000 1429.000000 1429.000000 1428.000000 0.000640 0.000000 0.000000 
-1.038143 -1.509810 -3.928506 -1.158537 -1.341463 -1.768293 1426.000000 1429.000000 1429.000000 1426.000000 0.000640 0.000000 0.000000 
0.146207 -1.481300 -3.961827 2.134146 0.609756 -0.182927 1429.000000 1428.000000 1429.000000 1428.000000 0.000640 0.000000 0.000000 
-0.479360 -1.581985 -3.910760 0.182927 -0.121951 -0.609756 1426.000000 1431.000000 1429.000000 1428.000000 0.000640 0.000010 0.000000 
0.628948 -1.499810 -3.882895 1.341463 -1.646341 -0.731707 1429.000000 1428.000000 1430.000000 1427.000000 0.000640 0.000020 0.000000 
2.054249 -1.338666 -3.959988 -0.060976 0.914634 -0.670732 1428.000000 1429.000000 1428.000000 1429.000000 0.000640 0.000028 0.000000 
2.162075 -1.107660 -3.939852 3.475610 -2.378049 1.280488 1434.000000 1423.000000 1428.000000 1429.000000 0.000640 0.000037 0.000000 
1.591822 -0.800938 -4.020567 2.073171 -0.000000 2.073171 1429.000000 1428.000000 1431.000000 1426.000000 0.000640 0.000045 0.000000 
1.653511 -1.546142 -3.972486 -7.865854 9.695122 -0.182927 1414.000000 1443.000000 1430.000000 1427.000000 0.000640 0.000042 0.000000 
0.448300 -2.938207 -3.918179 -6.829268 4.512195 -0.182927 1418.000000 1439.000000 1431.000000 1426.000000 0.000640 0.000043 0.000000 
2.322489 -0.654365 -4.162426 16.585365 -14.939025 1.768293 1516.000000 1341.000000 1426.000000 1431.000000 0.000640 0.000043 0.000000 
0.148562 -2.318354 -4.062101 -26.219513 29.085367 2.256098 1355.000000 1502.000000 1436.000000 1421.000000 0.000640 0.000043 0.000000 
-0.651308 -3.624802 -3.879026 21.158537 -21.646341 3.292683 1479.000000 1376.000000 1432.000000 1423.000000 0.000640 0.000042 0.000000 
3.438200 0.291336 -4.200829 3.719512 -1.707317 1.402439 1435.000000 1422.000000 1433.000000 1424.000000 0.000640 0.000042 0.000000 
-1.593320 -4.003000 -3.827407 -41.341465 46.524391 -0.365854 1346.000000 1511.000000 1423.000000 1434.000000 0.000640 0.000026 0.000000 
-6.261500 -8.652416 -3.343477 8.780488 -8.170732 -0.365854 1431.000000 1426.000000 1430.000000 1427.000000 0.000640 0.000006 0.000000 
3.106667 -0.547664 -4.113870 72.500000 -80.121956 -1.280488 1524.000000 1331.000000 1434.000000 1421.000000 0.000640 0.000000 0.000000 
12.921832 8.979779 -3.248449 -58.048782 59.024391 -3.963415 1370.000000 1487.000000 1430.000000 1427.000000 0.000640 0.000000 0.000000 
4.283953 1.369396 -3.873969 -16.341463 12.560976 -0.365854 1410.000000 1447.000000 1431.000000 1426.000000 0.000640 0.000000 0.000000 
5.282027 2.029648 -4.059475 15.365854 -18.292683 0.365854 1454.000000 1403.000000 1433.000000 1424.000000 0.000640 0.000000 0.000000 
7.855186 4.170771 -3.804623 -2.195122 3.475610 -1.280488 1434.000000 1421.000000 1428.000000 1427.000000 0.000640 0.000000 0.000000 
2.777962 -0.169622 -3.881709 -19.390244 24.268293 -0.731707 1402.000000 1455.000000 1428.000000 1429.000000 0.000640 0.000000 0.000000 
1.454354 -2.031207 -3.937967 1.890244 -0.060976 0.609756 1429.000000 1428.000000 1430.000000 1427.000000 0.000640 0.000000 0.000000 
2.705057 -1.243527 -4.054835 4.207317 -4.024390 -0.792683 1435.000000 1422.000000 1432.000000 1425.000000 0.000640 0.000000 0.000000 
2.054976 -1.239213 -3.938629 -6.280488 6.097561 -1.341463 1420.000000 1435.000000 1430.000000 1425.000000 0.000640 0.000000 0.000000 
-0.524706 -2.598266 -3.945113 -7.378049 9.817074 -3.292683 1415.000000 1442.000000 1428.000000 1429.000000 0.000640 0.000000 0.000000 
-1.644181 -3.683026 -3.807714 -5.731708 -0.060976 -1.585366 1421.000000 1436.000000 1432.000000 1425.000000 0.000640 0.000000 0.000000 
-0.509860 -3.101308 -3.991140 9.146341 -10.243902 -1.951220 1438.000000 1419.000000 1431.000000 1426.000000 0.000640 0.000000 0.000000 
2.879747 0.656942 -3.991900 0.487805 -3.170732 -1.829268 1434.000000 1423.000000 1431.000000 1426.000000 0.000640 0.000000 0.000000 
2.091753 0.178908 -3.858165 -7.378049 12.134147 -0.121951 1419.000000 1438.000000 1428.000000 1429.000000 0.000640 0.000000 0.000000 
-1.101996 -1.431948 -3.929376 -4.512195 4.573171 1.829268 1420.000000 1437.000000 1428.000000 1429.000000 0.000640 0.000000 0.000000 
-0.288488 -1.198652 -3.838503 4.390244 -4.390244 0.609756 1433.000000 1424.000000 1430.000000 1427.000000 0.000630 0.000000 0.000000 
1.505782 -0.721992 -3.958195 2.621951 -0.731707 2.439024 1431.000000 1426.000000 1430.000000 1427.000000 0.000612 0.000000 0.000000 
3.304551 -0.739901 -3.908666 -2.378049 4.146341 0.792683 1425.000000 1430.000000 1429.000000 1426.000000 0.000597 0.000000 0.000000 
3.882082 -2.076231 -3.927568 -8.658537 7.621952 1.280488 1420.000000 1437.000000 1432.000000 1425.000000 0.000576 0.000000 0.000000 
1.805257 -3.607581 -3.798032 -0.121951 1.097561 2.195122 1427.000000 1430.000000 1431.000000 1426.000000 0.000560 0.000000 0.000000 
1.816994 -3.220549 -3.850361 4.146341 -4.695122 -0.060976 1432.000000 1425.000000 1431.000000 1426.000000 0.000551 0.000000 0.000000 
1.907252 -2.491241 -3.873789 5.304878 -7.195122 0.487805 1435.000000 1422.000000 1432.000000 1425.000000 0.000549 0.000000 0.000000 
2.858936 -1.679798 -4.009951 0.487805 0.914634 0.975610 1430.000000 1427.000000 1430.000000 1427.000000 0.000549 0.000000 0.000000 
1.419859 -2.683071 -3.871316 -6.402439 9.878049 2.317073 1419.000000 1438.000000 1430.000000 1427.000000 0.000549 0.000000 0.000000 
-1.228642 -4.015225 -3.912699 -1.219512 3.658537 2.500000 1423.000000 1434.000000 1429.000000 1428.000000 0.000549 0.000000 0.000000 
-0.382826 -3.115630 -3.880147 9.939025 -9.878049 2.926829 1437.000000 1420.000000 1430.000000 1427.000000 0.000549 0.000008 0.000000 
2.147695 -0.765341 -4.067278 -6.951220 5.487805 -1.280488 1419.000000 1438.000000 1430.000000 1427.000000 0.000549 0.000022 0.000000 
-0.529394 -1.995648 -4.084731 -3.780488 0.975610 -0.853659 1425.000000 1432.000000 1429.000000 1428.000000 0.000549 0.000028 0.000000 
-0.003025 -1.589923 -4.039385 5.000000 -6.707317 -1.707317 1438.000000 1419.000000 1430.000000 1427.000000 0.000550 0.000035 0.000000 
0.728133 -1.515540 -4.086888 -5.243903 5.060976 -1.463415 1417.000000 1440.000000 1430.000000 1427.000000 0.000549 0.000042 0.000000 
0.752962 -2.480605 -3.985316 -7.743903 7.804878 -0.975610 1417.000000 1440.000000 1427.000000 1430.000000 0.000550 0.000046 0.000000 
0.225039 -2.563391 -4.016545 5.365854 -7.865854 -0.060976 1443.000000 1412.000000 1428.000000 1427.000000 0.000549 0.000048 0.000000 
2.029123 -0.371016 -4.085470 10.365854 -12.317074 -1.036585 1451.000000 1406.000000 1430.000000 1427.000000 0.000550 0.000056 0.000000 
-2.304294 -3.872114 -3.885795 -30.609756 29.268293 -1.768293 1240.000000 1617.000000 1418.000000 1439.000000 0.000549 0.000057 0.000000 
2.214255 -0.210688 -4.057406 52.621952 -55.060978 5.609756 1583.000000 1274.000000 1429.000000 1428.000000 0.000549 0.000057 0.000000 
-2.414949 -3.452451 -3.868165 -88.353661 100.975609 1.707317 1210.000000 1647.000000 1432.000000 1425.000000 0.000550 0.000031 0.000000 
-10.942708 -12.194783 -2.405425 34.817074 -38.719513 1.829268 1447.000000 1410.000000 1432.000000 1425.000000 0.000549 0.000000 0.000000 
4.037209 1.690562 -3.867688 97.378052 -103.353661 -2.378049 1541.000000 1314.000000 1433.000000 1422.000000 0.000549 0.000000 0.000000 
14.664041 12.466430 -2.490324 -11.402439 15.365854 -5.914634 1436.000000 1421.000000 1426.000000 1431.000000 0.000550 0.000000 0.000000 
-1.407025 -2.663682 -3.818242 -138.292679 147.378052 -2.317073 1273.000000 1584.000000 1426.000000 1431.000000 0.000550 0.000000 0.000000 
-8.494430 -8.378314 -3.853744 208.292694 -210.304886 4.878049 1637.000000 1220.000000 1429.000000 1428.000000 0.000549 0.000000 0.000000 
5.575598 4.148976 -4.011847 -142.317078 88.475609 -15.609756 1311.000000 1546.000000 1451.000000 1406.000000 0.000550 0.000000 0.000000 
-12.042429 -14.092632 -1.788339 -31.158537 70.060974 -8.231708 1350.000000 1505.000000 1414.000000 1441.000000 0.000550 0.000000 0.000000 
-10.716862 -11.789325 -2.493804 64.817078 -66.463417 -18.597561 1484.000000 1373.000000 1426.000000 1431.000000 0.000550 0.000000 0.000000 
6.432075 4.143261 -3.695341 53.719513 -81.219513 -13.597561 1511.000000 1346.000000 1445.000000 1412.000000 0.000550 0.000000 0.000000 
9.663648 7.411917 -3.201024 -46.646343 63.902439 -5.182927 1385.000000 1472.000000 1424.000000 1433.000000 0.000550 0.000000 0.000000 
-7.334458 -7.934996 -3.542220 -111.402443 116.829269 -2.682927 1294.000000 1563.000000 1423.000000 1434.000000 0.000550 0.000000 0.000000 
-13.214026 -15.085170 -2.481634 76.768295 -80.548782 3.536585 1499.000000 1358.000000 1430.000000 1427.000000 0.000550 0.000000 0.000000 
-2.454284 -4.704243 -3.992790 8.536586 -13.353659 -1.463415 1439.000000 1416.000000 1428.000000 1427.000000 0.000549 0.000000 0.000000 
-5.862337 -8.109801 -3.664114 -36.585365 33.780487 0.243902 1384.000000 1473.000000 1431.000000 1426.000000 0.000550 0.000000 0.000000 
-8.880992 -10.888502 -3.193303 3.658537 -2.256098 -2.926829 1418.000000 1439.000000 1429.000000 1428.000000 0.000550 0.000000 0.000000 
-4.514133 -7.308343 -3.746562 32.621952 -31.585367 1.829268 1456.000000 1401.000000 1430.000000 1427.000000 0.000549 0.000000 0.000000 
1.768596 -1.374182 -4.321918 23.780489 -27.256098 0.426829 1457.000000 1400.000000 1433.000000 1424.000000 0.000549 0.000001 0.000000 
3.884345 0.522129 -4.100051 -7.378049 11.646341 5.121951 1423.000000 1434.000000 1428.000000 1429.000000 0.000550 0.000003 0.000000 
-5.480115 -8.490515 -3.626025 -27.804878 28.658537 3.963415 1387.000000 1468.000000 1428.000000 1427.000000 0.000549 0.000000 0.000000 
-7.980022 -10.598347 -3.388484 6.097561 -8.902439 3.658537 1425.000000 1432.000000 1430.000000 1427.000000 0.000550 0.000002 0.000000 
-4.698752 -7.440350 -3.764920 16.707317 -20.548780 2.317073 1443.000000 1414.000000 1432.000000 1425.000000 0.000549 0.000000 0.000000 
-3.558276 -6.948344 -3.980464 -8.109756 8.414635 1.585366 1414.000000 1443.000000 1430.000000 1427.000000 0.000549 0.000001 0.000000 
-5.994828 -8.539413 -3.581027 -7.500000 12.317074 0.121951 1408.000000 1447.000000 1427.000000 1428.000000 0.000549 0.000004 0.000000 
-7.730394 -10.245953 -3.403477 -5.975610 -0.609756 0.914634 1416.000000 1441.000000 1433.000000 1424.000000 0.000549 0.000000 0.000000 
-6.608153 -9.160666 -3.605310 13.963415 -11.463415 -0.426829 1433.000000 1424.000000 1429.000000 1428.000000 0.000550 0.000002 0.000000 
-4.205596 -6.632549 -3.958021 -3.170732 -0.243902 0.487805 1417.000000 1438.000000 1430.000000 1425.000000 0.000549 0.000000 0.000000 
-4.971591 -7.120314 -3.793131 -3.536585 6.219512 0.975610 1417.000000 1440.000000 1428.000000 1429.000000 0.000550 0.000000 0.000000 
-5.755698 -7.795793 -3.807508 -1.463415 -3.109756 -0.792683 1421.000000 1436.000000 1430.000000 1427.000000 0.000550 0.000000 0.000000 
-3.956580 -6.182860 -3.893492 11.463415 -17.378050 1.402439 1438.000000 1417.000000 1432.000000 1423.000000 0.000550 0.000000 0.000000 
-2.495581 -4.563120 -4.182080 9.268292 -6.341464 -1.890244 1433.000000 1424.000000 1428.000000 1429.000000 0.000550 0.000000 0.000000 
-1.399768 -2.987976 -4.100501 4.756098 -8.353659 0.670732 1434.000000 1423.000000 1430.000000 1427.000000 0.000549 0.000000 0.000000 
-1.179756 -3.035655 -4.323886 -5.060976 6.768293 1.463415 1420.000000 1437.000000 1430.000000 1427.000000 0.000550 0.000000 0.000000 
-3.071841 -4.710477 -4.109500 -1.463415 -4.329268 0.365854 1426.000000 1431.000000 1431.000000 1426.000000 0.000549 0.000000 0.000000 
-1.390342 -3.378778 -4.139356 9.939025 -10.609756 -1.646341 1437.000000 1420.000000 1429.000000 1428.000000 0.000549 0.000000 0.000000 
0.273681 -2.151949 -4.266246 5.609756 -5.487805 3.292683 1434.000000 1423.000000 1429.000000 1428.000000 0.000550 0.000000 0.000000 
0.587255 -1.617589 -4.288122 -1.890244 -0.365854 1.402439 1428.000000 1429.000000 1431.000000 1426.000000 0.000549 0.000000 0.000000 
-1.736931 -2.655033 -4.219203 -4.207317 6.524390 1.524390 1420.000000 1437.000000 1428.000000 1429.000000 0.000549 0.000000 0.000000 
-1.393569 -2.826346 -4.265694 2.073171 -1.402439 -2.560976 1426.000000 1429.000000 1427.000000 1428.000000 0.000549 0.000000 0.000000 
-0.556814 -2.348539 -4.258099 2.439024 -7.682927 -0.365854 1433.000000 1424.000000 1432.000000 1425.000000 0.000549 0.000000 0.000000 
-1.132372 -2.237936 -4.337862 -4.146341 4.756098 -1.097561 1422.000000 1435.000000 1428.000000 1429.000000 0.000549 0.000000 0.000000 
-0.547524 -2.916690 -4.473460 -2.560976 0.243902 -2.317073 1423.000000 1430.000000 1429.000000 1424.000000 0.000550 0.000000 0.000000 
-0.072697 -2.629548 -4.364420 3.658537 -3.780488 -2.195122 1431.000000 1426.000000 1429.000000 1428.000000 0.000549 0.000000 0.000000 
-0.693057 -1.870689 -4.546693 3.658537 -4.451220 -1.707317 1431.000000 1424.000000 1427.000000 1428.000000 0.000549 0.000000 0.000000 
-0.681662 -1.522513 -4.416431 -1.707317 0.975610 -1.341463 1425.000000 1428.000000 1428.000000 1425.000000 0.000549 0.000000 0.000000 
-2.694241 -2.666852 -4.495468 -7.378049 11.036586 0.060976 1415.000000 1440.000000 1427.000000 1428.000000 0.000549 0.000000 0.000000 
-3.428273 -3.917330 -4.301466 -3.719512 2.012195 -0.487805 1421.000000 1436.000000 1429.000000 1428.000000 0.000550 0.000000 0.000000 
-1.454305 -2.731792 -4.398102 9.695122 -9.329268 -2.012195 1435.000000 1418.000000 1427.000000 1426.000000 0.000550 0.000000 0.000000 
-0.391381 -2.187936 -4.479403 0.182927 2.012195 0.914634 1425.000000 1430.000000 1428.000000 1427.000000 0.000550 0.000000 0.000000 
-1.714632 -2.505617 -4.409010 -5.548780 7.317073 -0.670732 1418.000000 1437.000000 1427.000000 1428.000000 0.000550 0.000000 0.000000 
-2.949405 -3.560743 -4.361422 -3.536585 5.000000 1.219512 1420.000000 1437.000000 1428.000000 1429.000000 0.000550 0.000000 0.000000 
-3.126661 -3.506568 -4.357100 3.597561 -3.292683 0.060976 1428.000000 1429.000000 1429.000000 1428.000000 0.000550 0.000000 0.000000 
-1.263746 -2.655189 -4.389955 5.792683 -5.182927 1.768293 1433.000000 1424.000000 1430.000000 1427.000000 0.000550 0.000000 0.000000 
-0.975911 -2.251693 -4.475968 -1.707317 4.817073 0.670732 1424.000000 1433.000000 1428.000000 1429.000000 0.000550 0.000000 0.000000 
-2.409608 -3.874706 -4.292873 -2.012195 3.353659 0.731707 1420.000000 1435.000000 1429.000000 1426.000000 0.000550 0.000000 0.000000 
-1.895195 -3.593436 -4.260914 4.207317 -0.853659 1.402439 1429.000000 1428.000000 1429.000000 1428.000000 0.000550 0.000000 0.000000 
-1.991607 -3.505644 -4.374047 1.280488 0.060976 1.585366 1426.000000 1431.000000 1429.000000 1428.000000 0.000550 0.000000 0.000000 
-1.646010 -3.228044 -4.304576 2.378049 -2.926829 1.463415 1427.000000 1428.000000 1429.000000 1426.000000 0.000550 0.000000 0.000000 
-3.043441 -3.821288 -4.370908 -3.109756 5.000000 0.243902 1420.000000 1437.000000 1429.000000 1428.000000 0.000550 0.000000 0.000000 
-3.068023 -4.562679 -4.222428 -5.000000 3.902439 0.182927 1420.000000 1437.000000 1430.000000 1427.000000 0.000550 0.000000 0.000000 
-2.730422 -4.467546 -4.312302 2.073171 -3.719512 1.219512 1427.000000 1430.000000 1430.000000 1427.000000 0.000550 0.000000 0.000000 
1.671088 -1.092728 -4.476199 6.280488 -10.670732 -0.426829 1439.000000 1418.000000 1431.000000 1426.000000 0.000550 0.000000 0.000000 
1.297627 -1.204078 -4.415753 -10.975610 12.073171 -1.097561 1417.000000 1440.000000 1430.000000 1427.000000 0.000550 0.000000 0.000000 
-1.832410 -3.609940 -4.315141 -11.341464 15.975610 1.036585 1411.000000 1446.000000 1427.000000 1430.000000 0.000550 0.000000 0.000000 
-3.138435 -4.469717 -4.223220 3.048780 -3.719512 -0.426829 1426.000000 1429.000000 1427.000000 1428.000000 0.000550 0.000000 0.000000 
-1.956189 -3.253740 -4.389317 4.512195 -9.573171 0.121951 1434.000000 1423.000000 1431.000000 1426.000000 0.000550 0.000000 0.000000 
-1.246595 -2.826382 -4.434898 -2.317073 2.865854 -1.585366 1424.000000 1433.000000 1429.000000 1428.000000 0.000550 0.000000 0.000000 
-2.360666 -4.388763 -4.284073 -9.451220 11.585366 0.060976 1414.000000 1443.000000 1429.000000 1428.000000 0.000550 0.000000 0.000000 
-4.951419 -6.793736 -4.122973 -3.902439 5.060976 -0.182927 1416.000000 1439.000000 1427.000000 1428.000000 0.000550 0.000000 0.000000 
-4.874496 -6.542243 -4.236176 3.658537 -7.926829 -0.304878 1428.000000 1429.000000 1430.000000 1427.000000 0.000550 0.000000 0.000000 
-3.465627 -5.391219 -4.328847 4.207317 -5.670732 -0.548781 1429.000000 1428.000000 1430.000000 1427.000000 0.000550 0.000000 0.000000 
-3.438420 -5.028208 -4.433106 -0.792683 1.707317 -1.646341 1422.000000 1435.000000 1428.000000 1429.000000 0.000550 0.000000 0.000000 
-3.095265 -5.244190 -4.332825 -1.341463 1.280488 -1.158537 1423.000000 1434.000000 1430.000000 1427.000000 0.000550 0.000000 0.000000 
-3.164017 -5.193971 -4.409804 1.768293 -2.317073 -0.609756 1426.000000 1431.000000 1429.000000 1428.000000 0.000550 0.000000 0.000000 
-2.272633 -4.374228 -4.416573 2.439024 -2.500000 -0.365854 1428.000000 1429.000000 1430.000000 1427.000000 0.000550 0.000000 0.000000 
-2.068748 -4.843641 -4.361462 -4.634146 6.890244 -1.951220 1418.000000 1437.000000 1428.000000 1427.000000 0.000550 0.000000 0.000000 
-2.805327 -5.459732 -4.358487 1.036585 -1.890244 -1.646341 1426.000000 1431.000000 1430.000000 1427.000000 0.000550 0.000000 0.000000 
-1.950490 -4.731051 -4.409416 5.365854 -6.585366 -2.682927 1431.000000 1426.000000 1429.000000 1428.000000 0.000550 0.000000 0.000000 
-2.109252 -4.688385 -4.460560 -5.121951 2.378049 -0.487805 1421.000000 1436.000000 1430.000000 1427.000000 0.000550 0.000000 0.000000 
-2.506325 -5.127094 -4.364485 -1.036585 1.524390 -1.646341 1421.000000 1434.000000 1428.000000 1427.000000 0.000550 0.000000 0.000000 
-2.910370 -5.415390 -4.381999 0.000000 -1.036585 0.121951 1425.000000 1432.000000 1430.000000 1427.000000 0.000550 0.000000 0.000000 
-2.593431 -5.165742 -4.421779 1.707317 -1.524390 -1.524390 1426.000000 1431.000000 1429.000000 1428.000000 0.000550 0.000000 0.000000 
-0.334339 -3.571779 -4.534776 7.134147 -11.219512 -0.304878 1436.000000 1421.000000 1431.000000 1426.000000 0.000550 0.000000 0.000000 
0.123870 -3.006032 -4.566498 0.731707 1.646341 1.219512 1426.000000 1429.000000 1429.000000 1426.000000 0.000550 0.000000 0.000000 
-0.232975 -2.508021 -4.606994 8.292683 -7.256098 0.975610 1435.000000 1422.000000 1430.000000 1427.000000 0.000550 0.000000 0.000000 
1.018491 -1.005867 -4.655039 8.963415 -10.182927 1.280488 1438.000000 1419.000000 1430.000000 1427.000000 0.000550 0.000000 0.000000 
2.779121 -0.008465 -4.593629 -7.073171 5.304878 -1.463415 1424.000000 1433.000000 1430.000000 1427.000000 0.000550 0.000000 0.000000 
1.074921 -1.788683 -4.597779 -9.451220 8.536586 -2.926829 1417.000000 1438.000000 1429.000000 1426.000000 0.000550 0.000000 0.000000 
0.039467 -2.552032 -4.503151 0.548781 -1.341463 -3.231707 1428.000000 1429.000000 1430.000000 1427.000000 0.000549 0.000000 0.000000 
0.499057 -1.587991 -4.621861 5.731708 -8.170732 -2.012195 1436.000000 1421.000000 1430.000000 1427.000000 0.000550 0.000000 0.000000 
0.883247 -1.005510 -4.556416 -2.317073 2.621951 -1.951220 1426.000000 1431.000000 1429.000000 1428.000000 0.000550 0.000000 0.000000 
-1.371966 -2.094661 -4.586854 -7.317073 8.902439 1.158537 1418.000000 1437.000000 1427.000000 1428.000000 0.000550 0.000000 0.000000 
-3.220348 -3.239338 -4.489277 -3.292683 3.902439 1.768293 1421.000000 1436.000000 1428.000000 1429.000000 0.000550 0.000000 0.000000 
-1.113208 -1.510954 -4.586895 11.890244 -10.914635 0.304878 1440.000000 1417.000000 1428.000000 1429.000000 0.000550 0.000000 0.000000 
-0.858800 -1.408239 -4.620962 -8.902439 10.060976 2.256098 1418.000000 1439.000000 1429.000000 1428.000000 0.000550 0.000000 0.000000 
-1.166672 -2.716553 -4.538947 -1.951220 3.231707 2.073171 1422.000000 1435.000000 1429.000000 1428.000000 0.000550 0.000000 0.000000 
-0.797109 -2.136115 -4.600927 9.878049 -6.524390 2.134146 1435.000000 1422.000000 1428.000000 1429.000000 0.000550 0.000000 0.000000 
1.541543 -0.478639 -4.643340 7.256098 -7.256098 1.097561 1437.000000 1420.000000 1430.000000 1427.000000 0.000550 0.000000 0.000000 
2.599599 0.335951 -4.682351 -1.341463 -0.975610 0.609756 1430.000000 1427.000000 1431.000000 1426.000000 0.000550 0.000000 0.000000 
1.368434 -0.187040 -4.622126 -6.219512 7.865854 -2.439024 1422.000000 1435.000000 1428.000000 1429.000000 0.000550 0.000000 0.000000 
0.088322 -2.553159 -4.538483 -4.024390 1.707317 0.243902 1422.000000 1433.000000 1430.000000 1425.000000 0.000550 0.000000 0.000000 
0.343143 -2.339408 -4.549059 2.378049 -0.548781 1.097561 1429.000000 1428.000000 1430.000000 1427.000000 0.000550 0.000000 0.000000 
-0.460241 -2.257920 -4.598830 1.219512 1.280488 -0.487805 1427.000000 1430.000000 1429.000000 1428.000000 0.000550 0.000000 0.000000 
-0.535874 -2.517462 -4.546649 0.914634 -1.280488 -1.097561 1427.000000 1430.000000 1430.000000 1427.000000 0.000550 0.000000 0.000000 
0.536885 -2.547347 -4.575272 -3.170732 2.073171 -1.768293 1425.000000 1432.000000 1431.000000 1426.000000 0.000550 0.000000 0.000000 
0.687643 -2.884166 -4.482684 -4.390244 4.390244 -1.585366 1421.000000 1434.000000 1429.000000 1426.000000 0.000550 0.000000 0.000000 
-1.318074 -3.867283 -4.457222 -5.609756 0.304878 -0.914634 1421.000000 1436.000000 1432.000000 1425.000000 0.000550 0.000000 0.000000 
-0.029567 -2.733569 -4.565236 7.987805 -4.878049 1.097561 1435.000000 1422.000000 1430.000000 1427.000000 0.000550 0.000000 0.000000 
-0.187162 -2.336460 -4.552886 -1.890244 1.646341 -0.000000 1425.000000 1432.000000 1430.000000 1427.000000 0.000550 0.000000 0.000000 
-1.540076 -2.907886 -4.574394 -2.378049 0.975610 -0.792683 1423.000000 1434.000000 1430.000000 1427.000000 0.000550 0.000000 0.000000 
-1.657909 -2.599846 -4.539712 9.207317 -5.487805 -1.036585 1434.000000 1423.000000 1428.000000 1429.000000 0.000550 0.000000 0.000000 
1.539705 -0.353834 -4.659027 14.573171 -16.097561 0.548781 1445.000000 1412.000000 1430.000000 1427.000000 0.000550 0.000000 0.000000 
4.265943 1.854539 -4.607953 2.134146 -6.646342 -2.439024 1437.000000 1420.000000 1432.000000 1425.000000 0.000550 0.000000 0.000000 
2.323777 0.071779 -4.603556 -21.768293 25.121952 1.158537 1406.000000 1451.000000 1428.000000 1429.000000 0.000550 0.000000 0.000000 
-5.433530 -7.566674 -4.045109 -14.695123 15.731708 -0.365854 1404.000000 1453.000000 1429.000000 1428.000000 0.000550 0.000000 0.000000 
-5.713636 -8.197737 -4.086221 4.451220 -6.524390 -1.646341 1426.000000 1431.000000 1431.000000 1426.000000 0.000550 0.000000 0.000000 
-4.684602 -7.395375 -4.147961 5.182927 -3.658537 -0.487805 1427.000000 1430.000000 1430.000000 1427.000000 0.000550 0.000000 0.000000 
-5.125746 -7.517065 -4.200060 -3.475610 4.207317 -0.426829 1418.000000 1439.000000 1429.000000 1428.000000 0.000550 0.000000 0.000000 
-6.379226 -8.532846 -3.991903 -5.609756 4.573171 0.609756 1415.000000 1442.000000 1430.000000 1427.000000 0.000550 0.000000 0.000000 
-7.671101 -9.538980 -3.902297 1.402439 1.036585 1.524390 1419.000000 1438.000000 1429.000000 1428.000000 0.000550 0.000000 0.000000 
-6.611703 -8.614032 -4.025930 12.317074 -13.475610 2.256098 1434.000000 1421.000000 1429.000000 1426.000000 0.000550 0.000000 0.000000 
-3.125949 -5.383508 -4.440096 5.853659 -2.682927 2.134146 1429.000000 1428.000000 1429.000000 1428.000000 0.000550 0.000000 0.000000 
-2.574366 -5.048713 -4.525161 -0.487805 1.463415 3.292683 1424.000000 1433.000000 1430.000000 1427.000000 0.000550 0.000000 0.000000 
-3.710872 -5.739093 -4.448575 -2.987805 6.768293 1.890244 1417.000000 1440.000000 1428.000000 1429.000000 0.000550 0.000000 0.000000 
-4.292339 -6.367087 -4.394394 -2.378049 2.621951 1.890244 1420.000000 1437.000000 1430.000000 1427.000000 0.000550 0.000000 0.000000 
-5.113021 -7.145074 -4.317371 -4.329268 6.890244 0.609756 1415.000000 1440.000000 1428.000000 1427.000000 0.000550 0.000000 0.000000 
-6.679173 -8.554684 -4.050049 -8.597561 12.500000 -0.548781 1409.000000 1448.000000 1428.000000 1429.000000 0.000550 0.000000 0.000000 
-7.425104 -9.729136 -3.837461 -9.207317 8.170732 -1.707317 1410.000000 1447.000000 1430.000000 1427.000000 0.000550 0.000000 0.000000 
-7.965216 -10.395091 -3.766271 6.280488 -6.463415 -0.731707 1425.000000 1432.000000 1429.000000 1428.000000 0.000550 0.000000 0.000000 
-6.749113 -9.170226 -4.004732 4.695122 -6.219512 -1.646341 1426.000000 1431.000000 1429.000000 1428.000000 0.000550 0.000000 0.000000 
-6.297243 -8.687832 -4.060148 0.853659 -1.463415 -0.243902 1422.000000 1435.000000 1430.000000 1427.000000 0.000550 0.000000 0.000000 
-5.858806 -8.465877 -4.110996 1.036585 0.548781 -0.609756 1420.000000 1435.000000 1429.000000 1426.000000 0.000550 0.000000 0.000000 
-5.508290 -8.264509 -4.075573 1.280488 -2.073171 0.426829 1423.000000 1434.000000 1430.000000 1427.000000 0.000550 0.000000 0.000000 
-4.799937 -7.657663 -4.246233 6.890244 -6.524390 -0.426829 1429.000000 1428.000000 1429.000000 1428.000000 0.000550 0.000000 0.000000 
-3.967826 -6.623622 -4.340177 0.000000 -3.841464 0.304878 1425.000000 1432.000000 1430.000000 1427.000000 0.000550 0.000000 0.000000 
-10.296769 -12.798988 -3.206519 -29.329269 36.829269 1.463415 1379.000000 1478.000000 1427.000000 1430.000000 0.000550 0.000000 0.000000 
-12.973583 -15.468010 -2.621272 4.634146 -10.365854 0.731707 1419.000000 1438.000000 1432.000000 1425.000000 0.000550 0.000000 0.000000 
-10.162289 -12.668715 -3.348734 18.963415 -18.475611 2.317073 1436.000000 1419.000000 1430.000000 1425.000000 0.000550 0.000000 0.000000 
-8.857182 -11.192911 -3.692581 -0.548781 0.487805 1.829268 1418.000000 1439.000000 1430.000000 1427.000000 0.000550 0.000000 0.000000 
-10.797339 -12.882776 -3.295292 -12.439025 13.719513 0.426829 1401.000000 1456.000000 1430.000000 1427.000000 0.000550 0.000000 0.000000 
-12.241120 -14.709824 -2.853547 -2.073171 5.426829 0.853659 1409.000000 1448.000000 1429.000000 1428.000000 0.000550 0.000000 0.000000 
-11.064632 -13.502698 -3.171681 14.939025 -16.890244 -1.402439 1431.000000 1426.000000 1431.000000 1426.000000 0.000550 0.000000 0.000000 
-5.258260 -8.421309 -4.217500 9.695122 -9.695122 0.060976 1432.000000 1425.000000 1431.000000 1426.000000 0.000550 0.000000 0.000000 
-5.090612 -8.187067 -4.210747 -6.951220 4.817073 -0.304878 1414.000000 1441.000000 1430.000000 1425.000000 0.000550 0.000000 0.000000 
-5.268145 -8.485503 -4.166232 1.890244 -2.621951 -0.792683 1423.000000 1434.000000 1430.000000 1427.000000 0.000550 0.000000 0.000000 
-4.489522 -7.384779 -4.328556 7.804878 -10.426829 0.365854 1431.000000 1426.000000 1431.000000 1426.000000 0.000550 0.000000 0.000000 
-3.892965 -6.607779 -4.462306 2.195122 -2.195122 -1.646341 1425.000000 1432.000000 1430.000000 1427.000000 0.000550 0.000000 0.000000 
-4.000351 -6.765652 -4.371907 -4.634146 3.353659 -1.768293 1419.000000 1438.000000 1430.000000 1427.000000 0.000550 0.000000 0.000000 
-4.548838 -7.279921 -4.368358 -2.804878 0.609756 -0.609756 1420.000000 1437.000000 1430.000000 1427.000000 0.000550 0.000000 0.000000 
-1.447168 -4.532616 -4.772428 15.914635 -18.841463 0.365854 1444.000000 1413.000000 1431.000000 1426.000000 0.000550 0.000000 0.000000 
0.285761 -2.875099 -4.874765 5.243903 -4.146341 1.341463 1432.000000 1423.000000 1429.000000 1426.000000 0.000550 0.000000 0.000000 
-0.866109 -2.959729 -4.839494 -8.719512 9.390244 0.182927 1417.000000 1440.000000 1429.000000 1428.000000 0.000550 0.000000 0.000000 
-3.237168 -4.698743 -4.652619 -6.646342 7.500000 -0.060976 1415.000000 1442.000000 1428.000000 1429.000000 0.000550 0.000000 0.000000 
-2.904078 -4.515968 -4.700472 8.963415 -10.914635 2.378049 1434.000000 1423.000000 1431.000000 1426.000000 0.000550 0.000000 0.000000 
0.271754 -2.229516 -4.893068 15.304878 -13.109756 1.219512 1443.000000 1414.000000 1430.000000 1427.000000 0.000549 0.000000 0.000000 
1.594722 -0.891113 -4.906754 -1.646341 -0.121951 1.219512 1429.000000 1428.000000 1431.000000 1426.000000 0.000550 0.000000 0.000000 
-5.279340 -6.418540 -4.509044 -26.158537 28.719513 1.341463 1391.000000 1466.000000 1428.000000 1429.000000 0.000550 0.000000 0.000000 
-6.433061 -8.287093 -4.263905 3.841464 -2.439024 1.097561 1422.000000 1433.000000 1428.000000 1427.000000 0.000551 0.000000 0.000000 
-4.658525 -6.859483 -4.548192 7.804878 -11.829268 0.121951 1433.000000 1424.000000 1431.000000 1426.000000 0.000550 0.000000 0.000000 
-3.962440 -6.261854 -4.622596 -1.951220 1.097561 -0.365854 1421.000000 1436.000000 1429.000000 1428.000000 0.000551 0.000000 0.000000 
-4.361762 -7.021533 -4.523248 -5.365854 5.792683 -0.243902 1416.000000 1441.000000 1429.000000 1428.000000 0.000551 0.000000 0.000000 
-5.209941 -7.775691 -4.440267 -1.341463 0.426829 -0.548781 1420.000000 1437.000000 1430.000000 1427.000000 0.000551 0.000000 0.000000 
-4.722703 -7.303562 -4.537213 6.402439 -5.792683 -0.426829 1429.000000 1428.000000 1430.000000 1427.000000 0.000556 0.000000 0.000000 
-1.189034 -4.159244 -4.956832 7.804878 -12.926829 -1.097561 1437.000000 1420.000000 1432.000000 1425.000000 0.000563 0.000000 0.000000 
0.211300 -3.192899 -5.040531 -1.280488 2.987805 0.182927 1426.000000 1431.000000 1430.000000 1427.000000 0.000565 0.000000 0.000000 
-1.473224 -4.246838 -4.918118 -5.548780 6.829268 1.158537 1418.000000 1439.000000 1430.000000 1427.000000 0.000569 0.000000 0.000000 
-2.006497 -4.384438 -4.945283 1.829268 -3.292683 2.134146 1428.000000 1429.000000 1430.000000 1427.000000 0.000574 0.000000 0.000000 
-2.222398 -4.575872 -4.980532 -5.426829 6.951220 0.670732 1418.000000 1439.000000 1430.000000 1427.000000 0.000576 0.000000 0.000000 
-4.936503 -6.721893 -4.670769 -20.060976 23.109756 -0.548781 1398.000000 1459.000000 1428.000000 1429.000000 0.000578 0.000000 0.000000 
-9.505291 -10.962130 -3.955213 -17.621952 23.597561 -0.853659 1393.000000 1464.000000 1427.000000 1430.000000 0.000578 0.000000 0.000000 
-7.687082 -8.477106 -4.452218 32.560978 -33.719513 1.402439 1457.000000 1398.000000 1430.000000 1425.000000 0.000578 0.000000 0.000000 
-4.535501 -5.221742 -4.843786 2.317073 -3.231707 -0.304878 1427.000000 1430.000000 1428.000000 1429.000000 0.000579 0.000000 0.000000 
-4.170094 -5.161937 -4.820451 -0.182927 -1.280488 -0.853659 1423.000000 1434.000000 1429.000000 1428.000000 0.000581 0.000000 0.000000 
-2.775367 -4.387460 -4.911410 7.560976 -6.524390 0.182927 1432.000000 1423.000000 1428.000000 1427.000000 0.000586 0.000000 0.000000 
-1.187645 -3.135891 -5.016311 6.158537 -3.475610 0.670732 1432.000000 1425.000000 1428.000000 1429.000000 0.000587 0.000000 0.000000 
-1.433965 -2.643532 -5.025940 -2.378049 0.304878 0.365854 1425.000000 1432.000000 1431.000000 1426.000000 0.000588 0.000000 0.000000 
-2.143690 -3.081633 -5.024663 -1.951220 3.414634 -1.646341 1422.000000 1435.000000 1429.000000 1428.000000 0.000589 0.000000 0.000000 
-1.690724 -2.122328 -5.111001 7.073171 -11.402439 -1.280488 1437.000000 1420.000000 1430.000000 1427.000000 0.000590 0.000000 0.000000 
-0.893637 -1.429174 -5.126463 -0.731707 5.426829 0.426829 1424.000000 1433.000000 1427.000000 1430.000000 0.000592 0.000000 0.000000 
-1.274574 -1.542581 -5.063105 0.121951 2.865854 1.646341 1426.000000 1431.000000 1427.000000 1430.000000 0.000591 0.000000 0.000000 
-0.730411 -1.839740 -5.121978 0.426829 -2.743902 2.682927 1428.000000 1429.000000 1430.000000 1427.000000 0.000591 0.000000 0.000000 
0.387710 -0.903221 -5.130561 7.439024 -7.621952 0.365854 1436.000000 1421.000000 1429.000000 1428.000000 0.000592 0.000000 0.000000 
1.017698 -0.499632 -5.182144 -1.341463 1.158537 -0.670732 1428.000000 1429.000000 1429.000000 1428.000000 0.000591 0.000000 0.000000 
0.207606 -1.165778 -5.149268 -9.573171 9.390244 -0.060976 1416.000000 1439.000000 1428.000000 1427.000000 0.000592 0.000000 0.000000 
0.019681 -1.989905 -5.158485 6.463415 -5.182927 -0.000000 1435.000000 1422.000000 1429.000000 1428.000000 0.000591 0.000000 0.000000 
0.257683 -1.921190 -5.212533 -2.560976 2.256098 3.048780 1424.000000 1433.000000 1430.000000 1427.000000 0.000592 0.000000 0.000000 
-1.998182 -3.013396 -5.201355 -8.658537 9.512196 1.829268 1415.000000 1442.000000 1429.000000 1428.000000 0.000591 0.000000 0.000000 
-4.775502 -6.095243 -4.917557 -27.560976 28.231709 1.463415 1390.000000 1467.000000 1429.000000 1428.000000 0.000591 0.000000 0.000000 
-11.220129 -12.381638 -3.973826 -26.951220 33.536587 2.439024 1377.000000 1480.000000 1427.000000 1430.000000 0.000592 0.000000 0.000000 
-10.326074 -11.032532 -4.098692 35.853661 -35.792683 2.743902 1455.000000 1402.000000 1427.000000 1430.000000 0.000591 0.000000 0.000000 
-0.450461 -1.693225 -5.256764 57.195122 -64.878052 1.646341 1498.000000 1357.000000 1433.000000 1422.000000 0.000592 0.000000 0.000000 
3.962144 2.193397 -5.134603 -44.451221 47.621952 1.036585 1379.000000 1478.000000 1427.000000 1430.000000 0.000591 0.000000 0.000000 
-1.841972 -3.082011 -4.960313 -11.463415 8.231708 2.134146 1412.000000 1445.000000 1430.000000 1427.000000 0.000591 0.000000 0.000000 
-1.445157 -2.443637 -5.202898 17.621952 -15.792684 3.719512 1446.000000 1411.000000 1430.000000 1427.000000 0.000592 0.000000 0.000000 
1.748542 0.410047 -5.210722 9.085366 -9.146341 1.829268 1440.000000 1415.000000 1428.000000 1427.000000 0.000592 0.000000 0.000000 
0.933327 -0.075641 -5.274441 -14.573171 10.426829 2.012195 1416.000000 1441.000000 1431.000000 1426.000000 0.000592 0.000000 0.000000 
-1.507362 -2.823726 -5.123162 -16.219513 20.609756 0.914634 1404.000000 1453.000000 1427.000000 1430.000000 0.000591 0.000000 0.000000 
-3.550714 -4.532405 -5.006345 0.609756 -0.487805 0.426829 1423.000000 1434.000000 1428.000000 1429.000000 0.000591 0.000000 0.000000 
1.476493 1.367674 -5.261880 19.146341 -23.048780 -0.670732 1456.000000 1401.000000 1430.000000 1427.000000 0.000592 0.000000 0.000000 
3.045025 2.958566 -5.241658 0.548781 3.536585 1.158537 1431.000000 1426.000000 1427.000000 1430.000000 0.000592 0.000000 0.000000 
1.211713 1.750452 -5.173901 -9.634147 8.902439 -0.792683 1419.000000 1438.000000 1428.000000 1429.000000 0.000592 0.000000 0.000000 
-0.527963 0.691645 -5.282467 -5.670732 2.317073 -2.682927 1423.000000 1432.000000 1428.000000 1427.000000 0.000591 0.000000 0.000000 
-1.145731 0.750555 -5.197423 0.243902 -2.560976 -1.646341 1429.000000 1428.000000 1427.000000 1430.000000 0.000591 0.000000 0.000000 
-0.293615 1.020112 -5.283379 -2.256098 -1.097561 -2.987805 1428.000000 1429.000000 1429.000000 1428.000000 0.000592 0.000000 0.000000 
-0.220770 0.761092 -5.169935 -4.512195 7.012195 -1.280488 1423.000000 1434.000000 1426.000000 1431.000000 0.000591 0.000000 0.000000 
-0.268887 -0.954974 -5.239804 -2.012195 1.829268 0.792683 1425.000000 1430.000000 1428.000000 1427.000000 0.000592 0.000000 0.000000 
1.020526 -0.824726 -5.347993 1.402439 -0.121951 1.280488 1430.000000 1427.000000 1429.000000 1428.000000 0.000591 0.000000 0.000000 
2.601648 -0.055885 -5.268237 0.426829 -1.463415 1.280488 1431.000000 1426.000000 1430.000000 1427.000000 0.000591 0.000000 0.000000 
2.291714 -0.807815 -5.384757 -3.414634 6.524390 2.073171 1424.000000 1433.000000 1429.000000 1428.000000 0.000592 0.000000 0.000000 
0.121130 -2.003483 -5.299109 -8.353659 12.378049 1.097561 1415.000000 1440.000000 1427.000000 1428.000000 0.000592 0.000000 0.000000 
-2.474285 -3.664975 -5.255942 -7.926829 6.768293 1.524390 1416.000000 1441.000000 1429.000000 1428.000000 0.000592 0.000000 0.000000 
-3.248650 -5.364915 -5.159579 -16.402439 19.451220 1.585366 1404.000000 1453.000000 1429.000000 1428.000000 0.000591 0.000000 0.000000 
-14.815703 -16.539913 -2.942752 -26.341463 20.426830 1.524390 1379.000000 1478.000000 1432.000000 1425.000000 0.000591 0.000000 0.000000 
-14.338611 -16.750113 -3.013611 24.207317 -24.573172 3.231707 1437.000000 1418.000000 1430.000000 1425.000000 0.000592 0.000000 0.000000 
-10.648136 -12.617311 -4.054263 14.451220 -12.865854 2.987805 1432.000000 1425.000000 1428.000000 1429.000000 0.000592 0.000000 0.000000 
-11.336069 -13.281815 -3.939051 -16.463415 14.695123 2.195122 1396.000000 1461.000000 1431.000000 1426.000000 0.000592 0.000000 0.000000 
-14.108444 -16.001398 -3.221926 -3.963415 9.329268 2.073171 1402.000000 1455.000000 1428.000000 1429.000000 0.000592 0.000000 0.000000 
-12.742402 -14.479552 -3.642808 20.426830 -24.024391 0.060976 1436.000000 1419.000000 1430.000000 1425.000000 0.000592 0.000000 0.000000 
-7.750955 -9.884920 -4.699745 22.987806 -28.963415 0.487805 1448.000000 1409.000000 1433.000000 1424.000000 0.000592 0.000000 0.000000 
-7.274354 -8.877139 -4.868802 -16.707317 18.231709 -0.914634 1398.000000 1459.000000 1428.000000 1429.000000 0.000592 0.000000 0.000000 
-9.024849 -10.736811 -4.519450 1.280488 -2.378049 -0.426829 1418.000000 1439.000000 1430.000000 1427.000000 0.000591 0.000000 0.000000 
-7.289186 -9.205523 -4.860487 12.804878 -15.731708 -0.609756 1435.000000 1422.000000 1431.000000 1426.000000 0.000591 0.000000 0.000000 
-5.123939 -7.112544 -5.153442 7.073171 -7.682927 -1.524390 1431.000000 1426.000000 1430.000000 1427.000000 0.000592 0.000000 0.000000 
-4.624084 -6.449170 -5.297206 2.012195 -1.646341 -0.000000 1424.000000 1433.000000 1428.000000 1429.000000 0.000592 0.000000 0.000000 
-3.319996 -5.432079 -5.358790 10.853659 -11.707317 0.792683 1436.000000 1421.000000 1431.000000 1426.000000 0.000592 0.000000 0.000000 
-1.443140 -3.405030 -5.616521 14.390244 -15.060976 0.304878 1443.000000 1414.000000 1431.000000 1426.000000 0.000592 0.000000 0.000000 
1.584272 -0.805849 -5.755824 -3.963415 3.414634 0.365854 1425.000000 1430.000000 1429.000000 1426.000000 0.000592 0.000000 0.000000 
1.547752 -1.170986 -5.701071 0.548781 -0.121951 -0.304878 1429.000000 1428.000000 1430.000000 1427.000000 0.000591 0.000000 0.000000 
1.633814 -1.075011 -5.719773 3.719512 -2.804878 -1.768293 1432.000000 1425.000000 1430.000000 1427.000000 0.000592 0.000000 0.000000 
1.816551 -0.631271 -5.711215 2.317073 -3.170732 -3.414634 1433.000000 1424.000000 1430.000000 1427.000000 0.000591 0.000000 0.000000 
2.770652 -0.670387 -5.686162 -7.865854 6.463415 -1.280488 1421.000000 1434.000000 1429.000000 1426.000000 0.000592 0.000000 0.000000 
0.031510 -2.868048 -5.615147 -12.134147 13.109756 -0.670732 1412.000000 1445.000000 1430.000000 1427.000000 0.000591 0.000000 0.000000 
-1.966490 -4.493483 -5.494313 -3.048780 3.536585 0.182927 1421.000000 1436.000000 1430.000000 1427.000000 0.000591 0.000000 0.000000 
0.459041 -1.367488 -5.710002 13.780488 -16.280489 -0.060976 1446.000000 1411.000000 1430.000000 1427.000000 0.000592 0.000000 0.000000 
1.480824 -0.436929 -5.750897 -3.902439 4.207317 1.158537 1425.000000 1432.000000 1431.000000 1426.000000 0.000591 0.000000 0.000000 
0.029207 -1.622990 -5.636728 -6.585366 10.853659 1.646341 1416.000000 1439.000000 1427.000000 1428.000000 0.000592 0.000000 0.000000 
-1.321606 -2.440108 -5.661679 -0.304878 1.158537 0.914634 1424.000000 1433.000000 1429.000000 1428.000000 0.000591 0.000000 0.000000 
0.249895 -1.605824 -5.658862 7.134147 -8.597561 1.036585 1437.000000 1420.000000 1431.000000 1426.000000 0.000592 0.000000 0.000000 
2.498614 -0.515954 -5.760171 3.475610 -0.000000 0.121951 1432.000000 1425.000000 1429.000000 1428.000000 0.000592 0.000000 0.000000 
1.517408 -1.455156 -5.682281 -12.317074 10.182927 -1.036585 1415.000000 1442.000000 1430.000000 1427.000000 0.000592 0.000000 0.000000 
0.138951 -3.448281 -5.557273 0.975610 -2.378049 -2.987805 1427.000000 1428.000000 1429.000000 1426.000000 0.000592 0.000000 0.000000 
0.991889 -2.515631 -5.663115 4.390244 -7.804878 -0.731707 1435.000000 1422.000000 1431.000000 1426.000000 0.000592 0.000000 0.000000 
1.173347 -2.078899 -5.686990 -1.402439 4.756098 -1.341463 1425.000000 1432.000000 1429.000000 1428.000000 0.000591 0.000000 0.000000 
-0.300061 -3.171859 -5.631188 -2.987805 7.682927 0.731707 1421.000000 1436.000000 1428.000000 1429.000000 0.000592 0.000000 0.000000 
-0.603379 -3.513509 -5.640363 2.195122 -3.658537 -0.304878 1429.000000 1428.000000 1431.000000 1426.000000 0.000592 0.000000 0.000000 
1.082041 -2.614080 -5.668850 6.951220 -5.243903 -0.182927 1434.000000 1421.000000 1429.000000 1426.000000 0.000592 0.000000 0.000000 
2.515624 -1.499272 -5.719900 5.121951 -3.780488 0.060976 1435.000000 1422.000000 1431.000000 1426.000000 0.000591 0.000000 0.000000 
2.374193 -1.501314 -5.660430 -2.500000 2.682927 1.707317 1426.000000 1431.000000 1431.000000 1426.000000 0.000591 0.000000 0.000000 
2.126682 -1.525446 -5.620146 1.890244 -3.292683 1.585366 1432.000000 1425.000000 1432.000000 1425.000000 0.000592 0.000000 0.000000 
3.254768 -0.969355 -5.706549 6.097561 -5.792683 -0.975610 1437.000000 1420.000000 1432.000000 1425.000000 0.000592 0.000000 0.000000 
3.130510 -0.464233 -5.676082 0.609756 -0.792683 0.426829 1430.000000 1425.000000 1429.000000 1426.000000 0.000592 0.000000 0.000000 
2.718652 -0.844769 -5.751133 -2.500000 3.658537 2.012195 1426.000000 1431.000000 1431.000000 1426.000000 0.000591 0.000000 0.000000 
2.373533 -1.340946 -5.679038 -1.585366 5.304878 2.804878 1425.000000 1432.000000 1429.000000 1428.000000 0.000592 0.000000 0.000000 
2.492208 -1.364776 -5.750531 3.902439 -4.146341 3.231707 1433.000000 1424.000000 1431.000000 1426.000000 0.000592 0.000000 0.000000 
4.516121 0.110184 -5.887306 0.975610 -1.402439 -0.121951 1433.000000 1424.000000 1431.000000 1426.000000 0.000592 0.000000 0.000000 
2.762719 -0.123211 -5.810969 -5.426829 4.573171 -0.670732 1424.000000 1433.000000 1429.000000 1428.000000 0.000592 0.000000 0.000000 
0.488244 -1.031218 -5.824368 -5.792683 8.048780 -0.000000 1419.000000 1436.000000 1427.000000 1428.000000 0.000592 0.000000 0.000000 
-0.210939 -1.627939 -5.789073 1.707317 -1.829268 -0.365854 1429.000000 1428.000000 1429.000000 1428.000000 0.000591 0.000000 0.000000 
0.641773 -1.241566 -5.826235 0.670732 -2.804878 0.914634 1431.000000 1426.000000 1431.000000 1426.000000 0.000591 0.000000 0.000000 
1.669404 -0.948439 -5.811967 2.439024 1.951220 -0.121951 1429.000000 1428.000000 1429.000000 1428.000000 0.000591 0.000000 0.000000 
1.401435 -0.784886 -5.803300 -3.536585 3.231707 1.158537 1425.000000 1432.000000 1430.000000 1427.000000 0.000591 0.000000 0.000000 
-0.337692 -2.543972 -5.705741 -4.634146 8.475610 -0.609756 1418.000000 1439.000000 1428.000000 1429.000000 0.000592 0.000000 0.000000 
-0.645665 -2.892767 -5.697720 3.109756 -5.487805 -0.121951 1431.000000 1426.000000 1431.000000 1426.000000 0.000592 0.000000 0.000000 
1.102401 -2.415915 -5.763940 1.890244 -4.939024 0.670732 1432.000000 1425.000000 1433.000000 1424.000000 0.000591 0.000000 0.000000 
2.600846 -1.671091 -5.810859 1.890244 -0.853659 -1.036585 1431.000000 1426.000000 1430.000000 1427.000000 0.000592 0.000000 0.000000 
1.059734 -2.629160 -5.764301 -10.304878 10.548780 0.182927 1416.000000 1441.000000 1430.000000 1427.000000 0.000592 0.000000 0.000000 
-0.283400 -4.149908 -5.675420 -7.012195 4.817073 0.060976 1419.000000 1438.000000 1431.000000 1426.000000 0.000591 0.000000 0.000000 
-0.043140 -3.915656 -5.694585 6.646342 -8.658537 0.975610 1434.000000 1423.000000 1430.000000 1427.000000 0.000591 0.000000 0.000000 
2.512135 -0.124692 -5.927779 2.682927 -3.841464 -0.365854 1434.000000 1421.000000 1430.000000 1425.000000 0.000592 0.000000 0.000000 
2.016922 -0.272564 -5.899793 -6.463415 6.341464 -1.890244 1421.000000 1436.000000 1429.000000 1428.000000 0.000592 0.000000 0.000000 
1.986442 -1.401712 -5.865365 -3.536585 2.865854 -1.890244 1425.000000 1432.000000 1430.000000 1427.000000 0.000592 0.000000 0.000000 
3.464411 -1.109962 -5.899326 2.317073 -4.207317 -2.682927 1434.000000 1423.000000 1432.000000 1425.000000 0.000592 0.000000 0.000000 
4.562734 -0.306591 -5.859402 0.731707 -0.792683 -1.646341 1432.000000 1425.000000 1430.000000 1427.000000 0.000592 0.000000 0.000000 
3.175426 -1.041970 -5.879171 -6.158537 6.890244 -1.280488 1423.000000 1434.000000 1431.000000 1426.000000 0.000592 0.000000 0.000000 
2.132275 -2.634903 -5.755003 -10.365854 11.951220 -0.182927 1414.000000 1441.000000 1430.000000 1425.000000 0.000592 0.000000 0.000000 
0.637266 -3.958501 -5.661845 2.378049 -4.817073 -1.524390 1431.000000 1426.000000 1431.000000 1426.000000 0.000591 0.000000 0.000000 
0.179291 -3.459122 -5.751177 -0.365854 -2.378049 -0.975610 1428.000000 1429.000000 1432.000000 1425.000000 0.000592 0.000000 0.000000 
0.073341 -3.352746 -5.742748 2.926829 -0.670732 -0.060976 1429.000000 1428.000000 1429.000000 1428.000000 0.000592 0.000000 0.000000 
0.024883 -3.168673 -5.811088 2.560976 -3.414634 1.402439 1430.000000 1427.000000 1431.000000 1426.000000 0.000591 0.000000 0.000000 
-0.889827 -2.869339 -5.798902 0.426829 -1.463415 2.560976 1428.000000 1429.000000 1431.000000 1426.000000 0.000591 0.000000 0.000000 
-1.676095 -2.735216 -5.876902 2.804878 -0.304878 3.231707 1427.000000 1430.000000 1428.000000 1429.000000 0.000592 0.000000 0.000000 
-1.506446 -1.888340 -5.892487 6.402439 -5.182927 2.439024 1432.000000 1423.000000 1428.000000 1427.000000 0.000591 0.000000 0.000000 
-0.206690 -0.529120 -5.955763 -0.548781 -1.158537 0.182927 1428.000000 1429.000000 1429.000000 1428.000000 0.000591 0.000000 0.000000 
0.106629 -0.456672 -5.992662 -0.121951 -2.317073 -0.243902 1429.000000 1428.000000 1430.000000 1427.000000 0.000592 0.000000 0.000000 
1.476110 0.509997 -5.989241 9.634147 -10.975610 -1.097561 1442.000000 1415.000000 1429.000000 1428.000000 0.000592 0.000000 0.000000 
2.685498 1.948880 -6.013177 7.378049 -8.658537 1.097561 1441.000000 1416.000000 1428.000000 1429.000000 0.000592 0.000000 0.000000 
3.203854 2.117985 -5.964009 -9.878049 8.109756 2.804878 1422.000000 1435.000000 1431.000000 1426.000000 0.000591 0.000000 0.000000 
0.573889 -0.903574 -6.015893 -20.853659 26.707317 0.609756 1400.000000 1457.000000 1427.000000 1430.000000 0.000592 0.000000 0.000000 
-3.289387 -4.488076 -5.780421 -15.670732 19.390244 1.280488 1402.000000 1455.000000 1427.000000 1430.000000 0.000592 0.000000 0.000000 
-0.397163 -1.894544 -6.112117 23.414635 -28.109756 -0.548781 1457.000000 1398.000000 1430.000000 1425.000000 0.000592 0.000000 0.000000 
1.626148 0.080897 -6.118927 -4.390244 8.048780 0.975610 1424.000000 1433.000000 1428.000000 1429.000000 0.000592 0.000000 0.000000 
-0.695226 -1.977693 -6.029231 -13.719513 15.731708 0.121951 1409.000000 1448.000000 1428.000000 1429.000000 0.000591 0.000000 0.000000 
-1.247351 -2.940722 -5.951459 1.585366 -1.402439 0.121951 1426.000000 1431.000000 1429.000000 1428.000000 0.000592 0.000000 0.000000 
-1.050629 -2.138609 -5.985810 7.926829 -8.536586 -0.060976 1436.000000 1421.000000 1429.000000 1428.000000 0.000592 0.000000 0.000000 
-0.846349 -0.877603 -6.061393 5.609756 -4.390244 -0.243902 1434.000000 1423.000000 1429.000000 1428.000000 0.000592 0.000000 0.000000 
-0.277220 -0.959563 -6.041913 -6.768293 7.134147 -0.853659 1420.000000 1437.000000 1428.000000 1429.000000 0.000592 0.000000 0.000000 
-3.344175 -3.179937 -5.905295 0.121951 -0.000000 -2.195122 1424.000000 1433.000000 1428.000000 1429.000000 0.000591 0.000000 0.000000 
-2.336362 -2.887431 -5.909152 0.792683 -2.073171 -1.036585 1427.000000 1430.000000 1429.000000 1428.000000 0.000592 0.000000 0.000000 
-0.888122 -2.430026 -5.907005 -0.121951 -1.707317 -0.548781 1427.000000 1430.000000 1430.000000 1427.000000 0.000592 0.000000 0.000000 
0.069854 -2.365623 -5.960462 -0.243902 0.792683 0.670732 1427.000000 1430.000000 1430.000000 1427.000000 0.000592 0.000000 0.000000 
-0.132513 -2.845357 -5.985252 -2.804878 5.609756 3.231707 1421.000000 1434.000000 1427.000000 1428.000000 0.000592 0.000000 0.000000 
-1.478732 -3.637428 -5.975708 -4.939024 2.682927 2.560976 1421.000000 1436.000000 1430.000000 1427.000000 0.000592 0.000000 0.000000 
-3.374574 -5.592667 -5.883957 -17.439024 14.817074 1.524390 1405.000000 1452.000000 1432.000000 1425.000000 0.000592 0.000000 0.000000 
-11.474091 -13.495812 -4.561037 -18.902439 14.207317 1.951220 1391.000000 1464.000000 1430.000000 1425.000000 0.000592 0.000000 0.000000 
-11.929616 -13.812026 -4.542968 15.914635 -12.439025 2.378049 1430.000000 1427.000000 1429.000000 1428.000000 0.000592 0.000000 0.000000 
-8.669728 -10.882996 -5.141973 7.560976 -12.560976 0.243902 1430.000000 1427.000000 1430.000000 1427.000000 0.000592 0.000000 0.000000 
-9.278494 -11.366066 -5.111330 -8.902439 7.682927 1.158537 1407.000000 1450.000000 1430.000000 1427.000000 0.000591 0.000000 0.000000 
-10.674912 -12.846220 -4.746579 -3.048780 6.097561 -0.426829 1409.000000 1448.000000 1428.000000 1429.000000 0.000591 0.000000 0.000000 
-10.350098 -12.471591 -4.871886 9.085366 -12.256098 0.975610 1427.000000 1430.000000 1432.000000 1425.000000 0.000592 0.000000 0.000000 
-7.820805 -9.864887 -5.471117 21.280489 -19.878050 1.890244 1442.000000 1415.000000 1431.000000 1426.000000 0.000591 0.000000 0.000000 
-4.123333 -7.049080 -5.911634 -5.975610 2.865854 -0.121951 1415.000000 1440.000000 1429.000000 1426.000000 0.000591 0.000000 0.000000 
-4.015003 -7.428770 -5.777581 0.914634 -1.219512 0.182927 1423.000000 1434.000000 1430.000000 1427.000000 0.000592 0.000000 0.000000 
-3.413167 -6.769591 -6.004019 7.926829 -7.500000 -1.402439 1431.000000 1426.000000 1430.000000 1427.000000 0.000592 0.000000 0.000000 
-2.732860 -5.708507 -6.054754 2.682927 -5.731708 0.060976 1428.000000 1427.000000 1430.000000 1425.000000 0.000591 0.000000 0.000000 
-2.475752 -5.171278 -6.220129 6.280488 -6.951220 0.426829 1431.000000 1426.000000 1430.000000 1427.000000 0.000592 0.000000 0.000000 
-0.948478 -3.826946 -6.229940 8.963415 -8.109756 -1.280488 1435.000000 1422.000000 1431.000000 1426.000000 0.000592 0.000000 0.000000 
1.518024 -2.033546 -6.405805 11.707317 -14.756098 -2.804878 1444.000000 1413.000000 1432.000000 1425.000000 0.000592 0.000000 0.000000 
2.061661 -0.950426 -6.462261 -11.829268 12.378049 -0.487805 1417.000000 1442.000000 1432.000000 1427.000000 0.000592 0.000000 0.000000 
-0.206502 -1.866800 -6.346367 -0.182927 -1.524390 -1.768293 1431.000000 1434.000000 1434.000000 1431.000000 0.000592 0.000000 0.000000 
0.646409 -1.105247 -6.449278 5.487805 -7.682927 -1.524390 1434.000000 1421.000000 1430.000000 1425.000000 0.000591 0.000000 0.000000 
2.040007 -0.226470 -6.434550 4.695122 -5.182927 -2.012195 1435.000000 1420.000000 1429.000000 1426.000000 0.000592 0.000000 0.000000 
0.583416 -0.428632 -6.469038 -7.621952 8.963415 1.585366 1419.000000 1438.000000 1428.000000 1429.000000 0.000592 0.000000 0.000000 
0.305642 -1.893563 -6.404115 -5.853659 8.048780 -0.975610 1418.000000 1439.000000 1430.000000 1427.000000 0.000592 0.000000 0.000000 
-0.638144 -2.146423 -6.412317 4.817073 -3.902439 0.304878 1431.000000 1424.000000 1428.000000 1427.000000 0.000591 0.000000 0.000000 
0.535416 -1.052109 -6.566107 -19.024391 17.439024 -1.707317 1409.000000 1448.000000 1430.000000 1427.000000 0.000591 0.000000 0.000000 
-5.594667 -6.886743 -6.042253 -51.280491 56.036587 -3.658537 1361.000000 1496.000000 1428.000000 1429.000000 0.000591 0.000000 0.000000 
-14.219195 -14.717134 -4.491637 -12.439025 12.378049 -5.853659 1390.000000 1465.000000 1426.000000 1429.000000 0.000591 0.000000 0.000000 
-9.125271 -10.545584 -5.575431 51.890244 -60.304878 -4.634146 1479.000000 1376.000000 1432.000000 1423.000000 0.000592 0.000000 0.000000 
0.517674 -1.162869 -6.640117 30.426830 -33.414635 -5.975610 1469.000000 1388.000000 1430.000000 1427.000000 0.000591 0.000000 0.000000 
-1.006806 -2.440452 -6.399233 -40.426830 49.024391 -1.707317 1378.000000 1479.000000 1425.000000 1432.000000 0.000591 0.000000 0.000000 
-11.715066 -12.332157 -5.100217 -55.670734 57.865856 -5.121951 1345.000000 1510.000000 1425.000000 1430.000000 0.000592 0.000000 0.000000 
-8.685227 -9.662006 -5.990508 65.914635 -74.756096 -1.890244 1501.000000 1354.000000 1433.000000 1422.000000 0.000592 0.000000 0.000000 
-1.731760 -3.026556 -6.553482 1.219512 3.231707 -1.219512 1428.000000 1429.000000 1428.000000 1429.000000 0.000592 0.000000 0.000000 
-4.491911 -5.889161 -6.337847 -18.780489 21.524391 -1.097561 1398.000000 1459.000000 1427.000000 1430.000000 0.000592 0.000000 0.000000 
-5.501554 -6.830565 -6.152918 7.865854 -10.182927 -0.731707 1429.000000 1426.000000 1429.000000 1426.000000 0.000592 0.000000 0.000000 
-2.096905 -3.720456 -6.611942 27.804878 -31.524391 -0.243902 1458.000000 1397.000000 1430.000000 1425.000000 0.000592 0.000000 0.000000 
2.856182 1.596629 -6.692827 23.170732 -21.585367 1.280488 1459.000000 1398.000000 1429.000000 1428.000000 0.000592 0.000000 0.000000 
4.221518 2.530744 -6.657317 -12.682927 13.841464 0.365854 1420.000000 1437.000000 1429.000000 1428.000000 0.000592 0.000000 0.000000 
-5.979012 -6.935048 -6.338377 -31.036587 31.463415 -1.951220 1381.000000 1474.000000 1426.000000 1429.000000 0.000592 0.000000 0.000000 
-7.618628 -8.648629 -6.147615 12.439025 -12.987805 0.121951 1432.000000 1425.000000 1430.000000 1427.000000 0.000591 0.000000 0.000000 
-3.672984 -5.365323 -6.616236 20.731709 -18.902439 0.121951 1447.000000 1410.000000 1430.000000 1427.000000 0.000592 0.000000 0.000000 
-1.527288 -3.044327 -6.792218 6.768293 -7.865854 -1.890244 1433.000000 1422.000000 1428.000000 1427.000000 0.000591 0.000000 0.000000 
-1.265381 -2.685455 -6.784663 -0.853659 -0.548781 -0.121951 1426.000000 1429.000000 1429.000000 1426.000000 0.000592 0.000000 0.000000 
-0.795117 -2.605058 -6.802985 6.585366 -5.670732 0.609756 1432.000000 1425.000000 1429.000000 1428.000000 0.000592 0.000000 0.000000 
0.266992 -1.198164 -6.857753 10.426829 -12.743903 -0.000000 1441.000000 1416.000000 1431.000000 1426.000000 0.000592 0.000000 0.000000 
2.696464 0.426079 -6.834645 -1.890244 5.792683 -0.304878 1425.000000 1430.000000 1427.000000 1428.000000 0.000592 0.000000 0.000000 
2.545916 -0.060106 -6.852849 -2.926829 1.524390 1.219512 1426.000000 1429.000000 1429.000000 1426.000000 0.000591 0.000000 0.000000 
0.583128 -0.922576 -6.847571 -4.146341 6.524390 1.097561 1422.000000 1435.000000 1430.000000 1427.000000 0.000591 0.000000 0.000000 
-1.362364 -1.520763 -6.805634 -3.414634 5.914634 1.036585 1421.000000 1436.000000 1428.000000 1429.000000 0.000591 0.000000 0.000000 
-1.266617 -2.265193 -6.808564 1.768293 -3.719512 1.707317 1428.000000 1429.000000 1430.000000 1427.000000 0.000591 0.000000 0.000000 
0.796366 -1.030113 -6.869053 9.634147 -9.024390 1.219512 1438.000000 1417.000000 1429.000000 1426.000000 0.000591 0.000000 0.000000 
2.508573 0.188249 -6.900664 5.914634 -5.060976 0.609756 1436.000000 1419.000000 1429.000000 1426.000000 0.000591 0.000000 0.000000 
1.574417 -0.535090 -6.895992 -8.414635 9.878049 -0.304878 1419.000000 1438.000000 1428.000000 1429.000000 0.000591 0.000000 0.000000 
0.599536 -1.229948 -6.865561 -0.975610 -0.670732 0.121951 1427.000000 1430.000000 1430.000000 1427.000000 0.000592 0.000000 0.000000 
1.199189 -0.436231 -6.913213 4.329268 -4.024390 1.219512 1434.000000 1421.000000 1429.000000 1426.000000 0.000592 0.000000 0.000000 
1.437584 -0.340745 -6.916665 -1.768293 6.768293 1.890244 1424.000000 1431.000000 1426.000000 1429.000000 0.000592 0.000000 0.000000 
0.820091 -1.292357 -6.898424 -5.121951 7.621952 1.646341 1421.000000 1436.000000 1429.000000 1428.000000 0.000592 0.000000 0.000000 
0.766424 -1.727326 -6.894599 2.134146 0.060976 1.707317 1429.000000 1428.000000 1430.000000 1427.000000 0.000591 0.000000 0.000000 
1.782714 -1.060612 -6.965094 9.451220 -7.682927 1.219512 1437.000000 1418.000000 1429.000000 1426.000000 0.000592 0.000000 0.000000 
3.215167 0.452757 -7.080120 0.304878 -1.951220 -1.707317 1431.000000 1424.000000 1429.000000 1426.000000 0.000591 0.000000 0.000000 
4.713340 1.526488 -7.029979 10.792684 -11.768293 -1.951220 1445.000000 1412.000000 1430.000000 1427.000000 0.000592 0.000000 0.000000 
7.037990 3.921902 -6.956749 12.317074 -12.682927 0.731707 1450.000000 1407.000000 1431.000000 1426.000000 0.000592 0.000000 0.000000 
8.488189 5.488754 -6.775115 3.414634 -6.524390 -3.475610 1443.000000 1414.000000 1432.000000 1425.000000 0.000591 0.000000 0.000000 
7.434349 5.585745 -6.843965 3.170732 0.060976 0.609756 1436.000000 1419.000000 1427.000000 1428.000000 0.000592 0.000000 0.000000 
8.985231 6.926999 -6.587941 8.902439 -12.560976 -1.646341 1449.000000 1406.000000 1430.000000 1425.000000 0.000591 0.000000 0.000000 
10.720181 8.476834 -6.442817 6.829268 -6.707317 -0.487805 1449.000000 1408.000000 1430.000000 1427.000000 0.000591 0.000000 0.000000 
8.728618 7.628944 -6.499685 -17.073172 14.817074 0.487805 1419.000000 1438.000000 1429.000000 1428.000000 0.000592 0.000000 0.000000 
7.400607 4.792799 -6.734678 -11.341464 11.097561 -0.975610 1421.000000 1434.000000 1429.000000 1426.000000 0.000592 0.000000 0.000000 
4.903556 3.422160 -6.916834 -3.475610 4.878049 0.060976 1428.000000 1427.000000 1427.000000 1428.000000 0.000592 0.000000 0.000000 
5.326952 2.591422 -6.922146 -7.439024 6.280488 -0.609756 1426.000000 1431.000000 1430.000000 1427.000000 0.000592 0.000000 0.000000 
3.326106 0.698082 -7.039006 -13.170732 12.804878 0.853659 1416.000000 1441.000000 1430.000000 1427.000000 0.000591 0.000000 0.000000 
0.686662 -1.598822 -6.975268 -14.878049 16.524391 0.365854 1409.000000 1448.000000 1428.000000 1429.000000 0.000592 0.000000 0.000000 
-1.198482 -3.206152 -6.942558 -1.768293 0.182927 0.609756 1422.000000 1433.000000 1429.000000 1426.000000 0.000592 0.000000 0.000000 
4.345642 1.445666 -7.184947 16.768293 -18.231709 -1.097561 1452.000000 1403.000000 1430.000000 1425.000000 0.000592 0.000000 0.000000 
5.251299 2.376259 -7.116236 -7.987805 8.048780 1.097561 1425.000000 1432.000000 1430.000000 1427.000000 0.000592 0.000000 0.000000 
3.348581 0.566611 -7.105206 -10.182927 13.231708 0.182927 1417.000000 1440.000000 1429.000000 1428.000000 0.000591 0.000000 0.000000 
2.509685 -0.754826 -7.141111 -2.743902 5.548780 -0.731707 1425.000000 1432.000000 1430.000000 1427.000000 0.000592 0.000000 0.000000 
2.928689 -0.643915 -7.117045 3.414634 -6.036585 0.426829 1434.000000 1421.000000 1431.000000 1424.000000 0.000592 0.000000 0.000000 
4.529460 0.079496 -7.157292 1.829268 0.487805 -0.853659 1431.000000 1424.000000 1430.000000 1425.000000 0.000608 0.000000 0.000000 
5.296678 -0.103714 -7.046896 -7.987805 8.841464 -1.402439 1422.000000 1435.000000 1431.000000 1426.000000 0.000627 0.000000 0.000000 
1.128126 -2.685315 -7.061948 -3.963415 4.756098 -1.341463 1421.000000 1436.000000 1431.000000 1426.000000 0.000646 0.000000 0.000000 
0.180922 -3.172452 -7.122466 -1.951220 0.975610 -1.707317 1425.000000 1432.000000 1431.000000 1426.000000 0.000659 0.000000 0.000000 
-1.103844 -4.332894 -7.024920 -16.646341 15.121951 -0.365854 1404.000000 1451.000000 1430.000000 1425.000000 0.000669 0.000000 0.000000 
-5.695309 -8.953553 -6.484015 -33.719513 35.548782 0.182927 1371.000000 1484.000000 1429.000000 1426.000000 0.000674 0.000000 0.000000 
-10.348425 -12.961997 -5.665246 2.621951 -5.487805 -1.646341 1413.000000 1442.000000 1429.000000 1426.000000 0.000674 0.000000 0.000000 
-4.051674 -7.344824 -6.828824 49.512196 -53.841465 -1.890244 1489.000000 1368.000000 1434.000000 1423.000000 0.000674 0.000000 0.000000 
4.437250 1.125205 -7.303135 30.121952 -28.963415 -0.609756 1476.000000 1381.000000 1430.000000 1427.000000 0.000674 0.000000 0.000000 
-7.770142 -10.230305 -6.432867 -63.353661 68.414635 1.158537 1322.000000 1533.000000 1426.000000 1429.000000 0.000674 0.000000 0.000000 
-10.806137 -13.231549 -5.858059 30.121952 -27.743902 1.463415 1447.000000 1408.000000 1428.000000 1427.000000 0.000674 0.000000 0.000000 
-5.113263 -7.615983 -7.031656 23.902439 -26.585367 1.097561 1455.000000 1400.000000 1431.000000 1424.000000 0.000674 0.000000 0.000000 
-5.295890 -7.354322 -6.945610 -18.902439 18.963415 2.378049 1396.000000 1461.000000 1430.000000 1427.000000 0.000674 0.000000 0.000000 
-10.356474 -11.672205 -6.248892 -16.951220 20.182928 -0.000000 1388.000000 1469.000000 1427.000000 1430.000000 0.000674 0.000000 0.000000 
-10.333105 -11.677515 -6.236905 22.439024 -27.256098 2.560976 1444.000000 1413.000000 1433.000000 1424.000000 0.000674 0.000000 0.000000 
-3.282320 -5.098530 -7.380458 46.829269 -51.829269 0.487805 1487.000000 1368.000000 1431.000000 1424.000000 0.000675 0.000000 0.000000 
-0.444143 -2.422817 -7.626181 -37.865856 40.487804 0.060976 1372.000000 1483.000000 1427.000000 1428.000000 0.000674 0.000000 0.000000 
-3.927396 -5.392226 -7.230069 7.560976 -9.573171 0.792683 1430.000000 1425.000000 1428.000000 1427.000000 0.000674 0.000000 0.000000 
-1.129814 -2.232735 -7.662405 26.707317 -29.756098 1.280488 1463.000000 1394.000000 1431.000000 1426.000000 0.000674 0.000000 0.000000 
2.868164 1.103498 -7.575215 2.804878 -4.451220 0.548781 1439.000000 1418.000000 1431.000000 1426.000000 0.000674 0.000000 0.000000 
0.683046 -1.191172 -7.630079 -19.817074 23.841463 -0.853659 1399.000000 1458.000000 1426.000000 1431.000000 0.000675 0.000000 0.000000 
-2.203534 -3.939893 -7.387862 -6.463415 6.951220 -3.292683 1413.000000 1442.000000 1426.000000 1429.000000 0.000675 0.000000 0.000000 
0.643616 -1.863424 -7.572009 23.292683 -32.621952 0.182927 1462.000000 1393.000000 1434.000000 1421.000000 0.000675 0.000000 0.000000 
11.045292 7.583865 -7.113632 9.573171 -7.134147 0.975610 1455.000000 1400.000000 1427.000000 1428.000000 0.000674 0.000000 0.000000 
9.679361 6.669074 -7.214047 -20.121952 16.951220 -2.439024 1416.000000 1441.000000 1432.000000 1425.000000 0.000674 0.000000 0.000000 
6.179646 4.197239 -7.368446 -7.317073 9.451220 -0.609756 1423.000000 1434.000000 1427.000000 1430.000000 0.000674 0.000000 0.000000 
5.418107 4.061023 -7.439889 -5.000000 1.036585 -2.682927 1431.000000 1426.000000 1430.000000 1427.000000 0.000674 0.000000 0.000000 
4.048942 2.310299 -7.567386 -9.207317 5.548780 1.036585 1422.000000 1433.000000 1430.000000 1425.000000 0.000674 0.000000 0.000000 
3.833091 1.271954 -7.579201 -6.890244 6.951220 -1.097561 1422.000000 1433.000000 1429.000000 1426.000000 0.000674 0.000000 0.000000 
1.196486 0.099609 -7.591768 -3.109756 3.231707 0.060976 1423.000000 1432.000000 1426.000000 1429.000000 0.000674 0.000000 0.000000 
1.613767 0.913864 -7.585207 6.036585 -11.768293 -1.463415 1442.000000 1415.000000 1431.000000 1426.000000 0.000674 0.000000 0.000000 
0.593134 1.287782 -7.616485 -0.670732 0.853659 -0.975610 1430.000000 1427.000000 1428.000000 1429.000000 0.000674 0.000000 0.000000 
0.126779 0.616314 -7.599951 -7.500000 10.792684 -1.158537 1417.000000 1440.000000 1425.000000 1432.000000 0.000674 0.000000 0.000000 
0.217723 -0.889234 -7.595593 -4.817073 4.512195 -0.121951 1420.000000 1435.000000 1429.000000 1426.000000 0.000675 0.000000 0.000000 
3.013885 1.135540 -7.658281 10.487805 -8.963415 -0.304878 1444.000000 1411.000000 1427.000000 1428.000000 0.000675 0.000000 0.000000 
4.047979 2.055078 -7.651170 0.975610 -1.890244 -2.500000 1434.000000 1421.000000 1430.000000 1425.000000 0.000675 0.000000 0.000000 
3.035326 1.596666 -7.598816 -5.670732 3.902439 -1.768293 1424.000000 1431.000000 1429.000000 1426.000000 0.000674 0.000000 0.000000 
3.249395 1.484220 -7.633973 0.060976 0.304878 -1.951220 1431.000000 1426.000000 1429.000000 1428.000000 0.000674 0.000000 0.000000 
3.893633 1.907275 -7.575305 2.439024 -5.000000 0.365854 1438.000000 1419.000000 1429.000000 1428.000000 0.000674 0.000000 0.000000 
5.448858 2.249490 -7.644625 1.524390 -2.134146 1.402439 1437.000000 1420.000000 1432.000000 1425.000000 0.000674 0.000000 0.000000 
4.801455 1.789385 -7.645476 -7.500000 13.719513 2.317073 1419.000000 1436.000000 1427.000000 1428.000000 0.000675 0.000000 0.000000 
0.850627 -2.541934 -7.646006 -10.000000 8.475610 3.170732 1413.000000 1442.000000 1431.000000 1424.000000 0.000675 0.000000 0.000000 
-0.069291 -3.332003 -7.658489 2.256098 -0.060976 2.134146 1426.000000 1429.000000 1428.000000 1427.000000 0.000675 0.000000 0.000000 
0.887113 -2.364006 -7.677643 8.170732 -5.975610 0.792683 1436.000000 1419.000000 1428.000000 1427.000000 0.000674 0.000000 0.000000 
1.276961 -1.943333 -7.776573 -0.548781 -0.487805 2.560976 1429.000000 1428.000000 1432.000000 1425.000000 0.000674 0.000000 0.000000 
0.872429 -2.341153 -7.725407 -4.268293 5.670732 1.768293 1421.000000 1436.000000 1431.000000 1426.000000 0.000674 0.000000 0.000000 
-0.387683 -3.793975 -7.707793 -5.670732 11.036586 1.768293 1414.000000 1443.000000 1429.000000 1428.000000 0.000674 0.000000 0.000000 
-1.205233 -4.421445 -7.677303 -0.914634 0.731707 0.609756 1423.000000 1434.000000 1431.000000 1426.000000 0.000674 0.000000 0.000000 
-6.475163 -9.101648 -7.204913 -31.280489 34.573170 -2.195122 1372.000000 1483.000000 1426.000000 1429.000000 0.000675 0.000000 0.000000 
-7.652384 -10.297164 -6.943513 19.878050 -22.195122 -1.463415 1442.000000 1413.000000 1431.000000 1424.000000 0.000675 0.000000 0.000000 
-3.663426 -6.329076 -7.650438 14.573171 -16.463415 -2.195122 1443.000000 1412.000000 1431.000000 1424.000000 0.000675 0.000000 0.000000 
-3.087884 -5.575737 -7.540587 -3.902439 7.317073 -1.951220 1415.000000 1440.000000 1428.000000 1427.000000 0.000674 0.000000 0.000000 
-4.790867 -7.078425 -7.501236 -3.170732 3.536585 -0.304878 1415.000000 1442.000000 1430.000000 1427.000000 0.000674 0.000000 0.000000 
-2.940250 -5.256842 -7.586031 19.512196 -24.329269 0.304878 1451.000000 1406.000000 1433.000000 1424.000000 0.000674 0.000000 0.000000 
1.747774 -1.323246 -7.991939 23.841463 -24.085367 -0.182927 1460.000000 1397.000000 1432.000000 1425.000000 0.000674 0.000000 0.000000 
1.481420 -1.516634 -7.899778 -27.195122 26.890245 -0.731707 1392.000000 1465.000000 1431.000000 1426.000000 0.000674 0.000000 0.000000 
-0.403323 -3.521709 -7.745127 8.719512 -7.987805 1.036585 1434.000000 1421.000000 1429.000000 1426.000000 0.000675 0.000000 0.000000 
2.077832 -1.353369 -7.978803 12.987805 -12.317074 3.841464 1445.000000 1410.000000 1431.000000 1424.000000 0.000675 0.000000 0.000000 
2.687890 -0.668924 -7.946963 -5.548780 6.097561 -1.158537 1423.000000 1432.000000 1430.000000 1425.000000 0.000675 0.000000 0.000000 
0.102326 -2.953847 -7.867644 -14.634147 15.426829 1.463415 1405.000000 1450.000000 1428.000000 1427.000000 0.000674 0.000000 0.000000 
-1.636920 -4.365716 -7.840890 -2.134146 2.012195 -1.219512 1421.000000 1436.000000 1430.000000 1427.000000 0.000674 0.000000 0.000000 
-0.464572 -3.506823 -7.943570 8.475610 -12.865854 -0.243902 1440.000000 1417.000000 1433.000000 1424.000000 0.000674 0.000000 0.000000 
-2.869195 -6.080400 -7.839041 -47.987804 53.170734 -2.195122 1356.000000 1501.000000 1426.000000 1431.000000 0.000674 0.000000 0.000000 
-10.694771 -13.406097 -6.501895 -13.719513 17.012196 -1.951220 1386.000000 1469.000000 1428.000000 1427.000000 0.000675 0.000000 0.000000 
-7.864520 -10.665956 -7.182369 38.048782 -41.097561 -0.731707 1467.000000 1388.000000 1432.000000 1423.000000 0.000674 0.000000 0.000000 
-2.266278 -5.045610 -8.053494 11.402439 -13.902439 -3.048780 1443.000000 1414.000000 1431.000000 1426.000000 0.000674 0.000000 0.000000 
-4.529677 -6.688259 -7.761415 -27.134148 28.902439 -0.243902 1385.000000 1472.000000 1429.000000 1428.000000 0.000675 0.000000 0.000000 
-9.432691 -11.566912 -6.988037 -14.939025 15.670732 -0.121951 1390.000000 1465.000000 1429.000000 1426.000000 0.000675 0.000000 0.000000 
-8.254046 -10.422203 -7.244931 32.560978 -34.756100 -1.524390 1458.000000 1399.000000 1430.000000 1427.000000 0.000674 0.000000 0.000000 
5.197726 2.937039 -8.279785 14.878049 -17.134148 -0.914634 1460.000000 1397.000000 1431.000000 1426.000000 0.000675 0.000000 0.000000 
3.577680 1.854526 -8.239525 -22.195122 24.695122 -2.682927 1400.000000 1455.000000 1426.000000 1429.000000 0.000675 0.000000 0.000000 
0.308864 -1.020538 -8.170464 -8.536586 7.134147 -2.073171 1416.000000 1441.000000 1430.000000 1427.000000 0.000674 0.000000 0.000000 
1.277044 -0.415320 -8.242656 10.853659 -12.743903 -0.609756 1444.000000 1413.000000 1432.000000 1425.000000 0.000674 0.000000 0.000000 
4.216132 1.934353 -8.167474 6.341464 -5.853659 -0.914634 1441.000000 1414.000000 1430.000000 1425.000000 0.000675 0.000000 0.000000 
2.812783 1.157594 -8.187428 -19.451220 18.292683 -2.317073 1406.000000 1449.000000 1427.000000 1428.000000 0.000674 0.000002 0.000000 
-3.081878 -3.048860 -8.053627 -22.439024 24.939026 -0.487805 1391.000000 1466.000000 1426.000000 1431.000000 0.000674 0.000019 0.000000 
-1.812144 -2.102658 -8.129388 25.365854 -27.926830 -0.060976 1544.000000 1311.000000 1433.000000 1422.000000 0.000675 0.000033 0.000000 
-3.389021 -3.706543 -8.076389 -39.573174 42.195122 2.743902 1323.000000 1532.000000 1423.000000 1432.000000 0.000674 0.000044 0.000000 
-3.812006 -4.652950 -7.839151 39.085365 -39.451221 1.646341 1516.000000 1341.000000 1440.000000 1417.000000 0.000674 0.000041 0.000000 
3.239346 1.895850 -8.236188 3.780488 4.085366 -0.243902 1430.000000 1427.000000 1424.000000 1433.000000 0.000675 0.000040 0.000000 
-5.001945 -6.396182 -7.652172 -74.817078 86.890244 -1.219512 1266.000000 1589.000000 1395.000000 1460.000000 0.000675 0.000040 0.000000 
-12.358784 -13.814590 -6.465134 35.731709 -43.963417 -3.414634 1501.000000 1356.000000 1423.000000 1434.000000 0.000674 0.000034 0.000000 
9.779943 6.410518 -7.987475 159.573181 -166.280487 -3.414634 1720.000000 1137.000000 1435.000000 1422.000000 0.000674 0.000029 0.000000 
-0.549627 -4.079801 -8.348118 55.304878 -72.926834 3.170732 1513.000000 1342.000000 1441.000000 1414.000000 0.000675 0.000000 0.000000 
-2.238937 -7.452626 -8.966619 -51.158539 48.658539 16.463415 1358.000000 1497.000000 1451.000000 1404.000000 0.000674 0.000000 0.000000 
-4.862939 -9.505976 -8.029454 59.207317 -21.890244 16.829269 1469.000000 1388.000000 1419.000000 1438.000000 0.000674 0.000000 0.000000 
-2.160186 -4.503902 -8.789777 7.987805 -11.158537 12.256098 1441.000000 1416.000000 1427.000000 1430.000000 0.000675 0.000000 0.000000 
-5.961439 -8.405318 -7.343254 19.878050 -30.914635 -25.060976 1448.000000 1407.000000 1431.000000 1424.000000 0.000675 0.000000 0.000000 
-7.024987 -10.756986 -7.127518 -16.524391 15.243903 -7.378049 1397.000000 1460.000000 1434.000000 1423.000000 0.000674 0.000000 0.000000 
-7.811469 -11.477786 -7.021727 24.695122 -16.219513 -9.146341 1440.000000 1417.000000 1425.000000 1432.000000 0.000674 0.000000 0.000000 
-7.180779 -10.370827 -7.328487 -1.402439 2.682927 -4.146341 1415.000000 1440.000000 1429.000000 1426.000000 0.000675 0.000000 0.000000 
-11.881269 -14.519124 -6.486760 -25.792683 24.390244 -2.865854 1375.000000 1480.000000 1430.000000 1425.000000 0.000674 0.000000 0.000000 
-10.356659 -13.305200 -6.601283 25.914635 -32.987804 4.756098 1450.000000 1407.000000 1437.000000 1420.000000 0.000674 0.000000 0.000000 
-6.259111 -9.021276 -7.564638 24.512196 -23.719513 2.621951 1450.000000 1407.000000 1428.000000 1429.000000 0.000675 0.000000 0.000000 
-9.509353 -12.226028 -6.832406 -35.182926 34.878048 2.073171 1364.000000 1491.000000 1431.000000 1424.000000 0.000675 0.000000 0.000000 
-10.493834 -13.090111 -6.563502 23.536587 -20.304878 -2.195122 1440.000000 1417.000000 1427.000000 1430.000000 0.000674 0.000000 0.000000 
-7.148668 -9.700811 -7.397619 10.487805 -19.451220 -0.121951 1439.000000 1418.000000 1434.000000 1423.000000 0.000674 0.000000 0.000000 
-6.429745 -9.015482 -7.506208 -1.158537 6.768293 -3.475610 1413.000000 1442.000000 1427.000000 1428.000000 0.000675 0.000000 0.000000 
-9.213757 -11.232588 -7.133821 -12.073171 11.524390 -0.121951 1399.000000 1456.000000 1428.000000 1427.000000 0.000674 0.000000 0.000000 
-9.282006 -11.783013 -7.107716 8.902439 -12.987805 -2.987805 1427.000000 1430.000000 1432.000000 1425.000000 0.000674 0.000000 0.000000 
-6.285423 -8.787946 -7.634521 25.304878 -27.439026 -1.219512 1454.000000 1403.000000 1430.000000 1427.000000 0.000674 0.000000 0.000000 
-2.894770 -5.346103 -8.068682 -8.414635 6.524390 1.158537 1412.000000 1443.000000 1430.000000 1425.000000 0.000675 0.000000 0.000000 
-4.703691 -6.743163 -8.131024 3.841464 -0.609756 0.487805 1422.000000 1433.000000 1427.000000 1428.000000 0.000674 0.000000 0.000000 
-1.100795 -3.945974 -8.188004 18.841463 -25.121952 0.365854 1455.000000 1402.000000 1433.000000 1424.000000 0.000674 0.000000 0.000000 
0.645131 -1.837200 -8.565838 7.439024 -5.121951 2.378049 1436.000000 1421.000000 1430.000000 1427.000000 0.000675 0.000000 0.000000 
1.521547 -1.443475 -8.308223 -3.109756 3.109756 -3.536585 1424.000000 1431.000000 1428.000000 1427.000000 0.000675 0.000000 0.000000 
-0.389983 -3.272811 -8.405838 -11.280488 8.597561 1.219512 1412.000000 1443.000000 1431.000000 1424.000000 0.000674 0.000000 0.000000 
0.228640 -3.132941 -8.260029 11.341464 -9.390244 -3.170732 1439.000000 1418.000000 1430.000000 1427.000000 0.000674 0.000000 0.000000 
5.564554 2.321492 -8.316013 11.463415 -11.219512 -0.914634 1451.000000 1406.000000 1432.000000 1425.000000 0.000675 0.000000 0.000000 
4.140758 1.625851 -8.271382 -15.121951 15.853659 0.670732 1411.000000 1444.000000 1427.000000 1428.000000 0.000675 0.000000 0.000000 
2.446847 -0.117590 -8.298438 -2.743902 2.073171 -2.560976 1426.000000 1431.000000 1430.000000 1427.000000 0.000674 0.000000 0.000000 
2.052736 0.303234 -8.317138 6.402439 -6.219512 1.158537 1439.000000 1418.000000 1429.000000 1428.000000 0.000674 0.000000 0.000000 
2.826753 1.316498 -8.384391 -1.768293 -0.365854 -1.646341 1430.000000 1425.000000 1428.000000 1427.000000 0.000675 0.000000 0.000000 
1.253386 0.076309 -8.327994 -12.073171 14.878049 2.317073 1412.000000 1443.000000 1426.000000 1429.000000 0.000675 0.000000 0.000000 
-1.306563 -2.107111 -8.387175 -10.487805 12.621951 -0.548781 1410.000000 1447.000000 1428.000000 1429.000000 0.000674 0.000000 0.000000 
0.550601 -0.512414 -8.593555 14.451220 -18.292683 -1.158537 1451.000000 1406.000000 1431.000000 1426.000000 0.000674 0.000000 0.000000 
2.458252 0.672409 -8.416570 -3.414634 4.573171 -2.500000 1426.000000 1429.000000 1428.000000 1427.000000 0.000676 0.000000 0.000000 
0.694468 -1.135257 -8.508039 -11.707317 14.085366 -2.073171 1409.000000 1446.000000 1427.000000 1428.000000 0.000690 0.000000 0.000000 
-0.154022 -1.789359 -8.342816 3.658537 -7.012195 -2.560976 1433.000000 1424.000000 1432.000000 1425.000000 0.000702 0.000000 0.000000 
1.511918 -0.000150 -8.544654 13.170732 -12.560976 -1.829268 1447.000000 1410.000000 1429.000000 1428.000000 0.000714 0.000000 0.000000 
2.726800 1.526795 -8.408268 -2.134146 3.414634 -2.256098 1430.000000 1427.000000 1428.000000 1429.000000 0.000724 0.000000 0.000000 
-0.150786 -1.306337 -8.465060 -27.134148 27.865854 -0.182927 1387.000000 1468.000000 1429.000000 1426.000000 0.000733 0.000000 0.000000 
-5.530275 -6.773109 -8.072638 8.048780 -9.329268 -1.280488 1429.000000 1426.000000 1428.000000 1427.000000 0.000734 0.000000 0.000000 
-3.221194 -4.814931 -8.327806 6.219512 -11.890244 -1.463415 1437.000000 1420.000000 1433.000000 1424.000000 0.000740 0.000000 0.000000 
-3.114724 -4.587165 -8.342557 -0.975610 0.487805 -0.487805 1422.000000 1435.000000 1429.000000 1428.000000 0.000749 0.000000 0.000000 
-2.923289 -4.467209 -8.360355 2.560976 -3.963415 -1.707317 1426.000000 1429.000000 1428.000000 1427.000000 0.000755 0.000000 0.000000 
-2.025121 -3.220277 -8.448483 6.219512 -8.048780 -0.548781 1436.000000 1419.000000 1430.000000 1425.000000 0.000756 0.000000 0.000000 
-0.634242 -1.946614 -8.525567 4.695122 -4.817073 0.182927 1434.000000 1423.000000 1429.000000 1428.000000 0.000760 0.000000 0.000000 
-0.765464 -2.129634 -8.492360 -2.743902 5.365854 1.707317 1421.000000 1436.000000 1428.000000 1429.000000 0.000761 0.000000 0.000000 
-2.239412 -3.960008 -8.396150 -2.439024 2.560976 0.060976 1419.000000 1436.000000 1429.000000 1426.000000 0.000763 0.000000 0.000000 
-2.225556 -3.760051 -8.503334 4.512195 -4.573171 -0.060976 1429.000000 1426.000000 1427.000000 1428.000000 0.000765 0.000000 0.000000 
-1.225042 -2.713147 -8.516707 3.719512 -7.073171 -0.914634 1434.000000 1423.000000 1431.000000 1426.000000 0.000767 0.000000 0.000000 
-0.305424 -2.435411 -8.603495 -0.548781 2.195122 -0.365854 1425.000000 1432.000000 1429.000000 1428.000000 0.000776 0.000000 0.000000 
-0.794105 -2.531717 -8.529325 -1.402439 0.792683 -0.426829 1425.000000 1432.000000 1429.000000 1428.000000 0.000781 0.000000 0.000000 
-1.121700 -2.835728 -8.591746 -0.304878 -0.426829 -0.121951 1425.000000 1430.000000 1430.000000 1425.000000 0.000786 0.000000 0.000000 
0.089765 -1.793083 -8.568452 8.353659 -6.890244 -0.000000 1438.000000 1417.000000 1428.000000 1427.000000 0.000789 0.000000 0.000000 
1.945545 -0.785094 -8.639001 -3.231707 4.512195 0.182927 1424.000000 1433.000000 1431.000000 1426.000000 0.000795 0.000000 0.000000 
0.435945 -1.619825 -8.645285 0.000000 -0.426829 0.548781 1427.000000 1430.000000 1430.000000 1427.000000 0.000799 0.000000 0.000000 
0.120916 -0.879604 -8.665001 4.451220 -4.024390 -0.670732 1434.000000 1421.000000 1429.000000 1426.000000 0.000811 0.000000 0.000000 
0.215622 -0.838074 -8.667804 -3.902439 3.292683 -0.365854 1421.000000 1434.000000 1429.000000 1426.000000 0.000826 0.000000 0.000000 
-0.259161 -1.531801 -8.642426 -2.987805 3.109756 -2.560976 1421.000000 1434.000000 1429.000000 1426.000000 0.000836 0.000000 0.000000 
-0.316985 -1.733935 -8.629593 4.512195 -4.390244 -0.670732 1435.000000 1422.000000 1430.000000 1427.000000 0.000842 0.000000 0.000000 
0.960956 -1.194953 -8.721259 5.914634 -7.195122 -0.121951 1439.000000 1418.000000 1432.000000 1425.000000 0.000842 0.000000 0.000000 
-0.456943 -1.939554 -8.638715 -7.804878 6.097561 -2.256098 1412.000000 1443.000000 1429.000000 1426.000000 0.000843 0.000000 0.000000 
0.012823 -1.683824 -8.576664 4.085366 -5.853659 -1.768293 1435.000000 1420.000000 1430.000000 1425.000000 0.000843 0.000000 0.000000 
0.539746 -1.443349 -8.671633 -3.231707 1.341463 -1.585366 1424.000000 1433.000000 1430.000000 1427.000000 0.000842 0.000000 0.000000 
-1.465753 -2.064172 -8.524489 -6.707317 4.573171 -1.707317 1415.000000 1442.000000 1429.000000 1428.000000 0.000842 0.000000 0.000000 
-2.099646 -2.113250 -8.626189 7.682927 -8.475610 0.121951 1438.000000 1419.000000 1430.000000 1427.000000 0.000842 0.000000 0.000000 
0.925368 0.460169 -8.654572 13.963415 -14.390244 1.768293 1453.000000 1402.000000 1428.000000 1427.000000 0.000843 0.000000 0.000000 
2.644217 1.011947 -8.679643 -10.000000 9.756098 0.304878 1416.000000 1439.000000 1427.000000 1428.000000 0.000842 0.000000 0.000000 
-5.197203 -6.553916 -8.197002 -13.902439 18.292683 1.341463 1388.000000 1469.000000 1428.000000 1429.000000 0.000842 0.000000 0.000000 
-5.083102 -6.036483 -8.284294 18.170732 -22.378050 0.304878 1451.000000 1406.000000 1431.000000 1426.000000 0.000842 0.000000 0.000000 
-2.122040 -3.779166 -8.593919 4.817073 -4.878049 -1.646341 1434.000000 1423.000000 1431.000000 1426.000000 0.000842 0.000000 0.000000 
-2.807469 -4.365996 -8.447938 -7.317073 10.060976 -0.426829 1408.000000 1447.000000 1426.000000 1429.000000 0.000843 0.000000 0.000000 
-4.217792 -6.093308 -8.357623 -3.170732 4.146341 -0.000000 1412.000000 1443.000000 1430.000000 1425.000000 0.000843 0.000000 0.000000 
-2.910516 -4.767234 -8.457623 20.975611 -21.036587 -2.195122 1455.000000 1400.000000 1429.000000 1426.000000 0.000842 0.000000 0.000000 
1.633861 -0.644107 -8.754387 22.865854 -24.512196 -2.987805 1470.000000 1387.000000 1430.000000 1427.000000 0.000842 0.000000 0.000000 
2.498788 0.489433 -8.686161 -13.109756 15.731708 -0.304878 1406.000000 1451.000000 1429.000000 1428.000000 0.000842 0.000000 0.000000 
3.232128 0.754283 -8.643870 18.658537 -18.231709 0.609756 1461.000000 1394.000000 1430.000000 1425.000000 0.000843 0.000000 0.000000 
6.826190 4.288678 -8.546401 12.987805 -12.012196 -2.317073 1459.000000 1396.000000 1430.000000 1425.000000 0.000843 0.000000 0.000000 
6.150220 3.531821 -8.532764 -17.743902 23.353659 -1.768293 1404.000000 1451.000000 1426.000000 1429.000000 0.000842 0.000000 0.000000 
0.734697 -1.570274 -8.635450 -31.341465 28.658537 0.304878 1375.000000 1480.000000 1431.000000 1424.000000 0.000842 0.000000 0.000000 
-1.511074 -3.503452 -8.568620 14.085366 -13.658537 -2.317073 1442.000000 1413.000000 1430.000000 1425.000000 0.000842 0.000000 0.000000 
5.014351 2.508893 -8.741416 45.365856 -47.195122 0.975610 1512.000000 1345.000000 1433.000000 1424.000000 0.000843 0.000000 0.000000 
4.593936 1.953925 -8.674329 -63.231709 67.073174 0.121951 1322.000000 1533.000000 1425.000000 1430.000000 0.000842 0.000000 0.000000 
3.193018 0.396364 -8.714260 34.329269 -41.036587 1.219512 1489.000000 1366.000000 1435.000000 1420.000000 0.000843 0.000000 0.000000 
8.567054 4.888782 -8.644890 -2.500000 3.902439 -0.792683 1439.000000 1416.000000 1428.000000 1427.000000 0.000842 0.000000 0.000000 
2.867072 0.072528 -8.600472 -41.219513 41.463417 -2.500000 1362.000000 1495.000000 1429.000000 1428.000000 0.000842 0.000000 0.000000 
-2.431623 -4.976645 -8.562016 -0.426829 -5.792683 -0.853659 1420.000000 1435.000000 1433.000000 1422.000000 0.000842 0.000000 0.000000 
4.794352 1.370623 -8.753093 57.621952 -60.121952 -3.902439 1531.000000 1326.000000 1435.000000 1422.000000 0.000843 0.000000 0.000000 
11.147421 8.011697 -8.252822 -4.573171 4.024390 -4.634146 1446.000000 1409.000000 1430.000000 1425.000000 0.000843 0.000000 0.000000 
-9.778000 -10.989079 -7.957171 56.158539 -85.121956 -2.987805 1506.000000 1349.000000 1446.000000 1409.000000 0.000843 0.000000 0.000000 
-5.085743 -6.939756 -8.928822 -14.390244 8.536586 3.902439 1409.000000 1446.000000 1429.000000 1426.000000 0.000773 0.000000 0.000000 
-9.765802 -11.486730 -7.891103 -29.695122 24.146341 9.268292 1373.000000 1484.000000 1436.000000 1421.000000 0.000729 0.000000 0.000000 
-12.987508 -15.339434 -6.923027 13.475610 -2.926829 1.951220 1417.000000 1440.000000 1423.000000 1434.000000 0.000727 0.000000 0.000000 
-7.260788 -9.931400 -8.245498 42.926830 -50.000000 1.402439 1482.000000 1375.000000 1433.000000 1424.000000 0.000728 0.000000 0.000000 
-3.338855 -6.297126 -8.840736 -5.914634 4.268293 2.439024 1419.000000 1436.000000 1433.000000 1422.000000 0.000728 0.000000 0.000000 
-10.402740 -13.152074 -7.694781 -58.475613 70.304878 2.500000 1319.000000 1536.000000 1422.000000 1433.000000 0.000728 0.000000 0.000000 
-5.547086 -8.184461 -8.666107 58.536587 -77.134148 -8.536586 1521.000000 1334.000000 1447.000000 1408.000000 0.000727 0.000000 0.000000 
-2.618677 -4.854615 -8.751085 -23.658537 40.792683 -2.865854 1381.000000 1476.000000 1421.000000 1436.000000 0.000727 0.000000 0.000000 
-10.799844 -12.375912 -7.584963 -25.060976 26.463415 -1.097561 1370.000000 1487.000000 1427.000000 1430.000000 0.000727 0.000000 0.000000 
-9.045917 -10.968795 -7.931437 37.804878 -43.841465 -2.439024 1470.000000 1387.000000 1436.000000 1421.000000 0.000726 0.000000 0.000000 
-2.477181 -4.379370 -8.947017 24.390244 -21.524391 -2.682927 1459.000000 1396.000000 1429.000000 1426.000000 0.000719 0.000000 0.000000 
-3.696865 -5.579333 -8.678102 -36.341465 42.621952 -3.841464 1369.000000 1486.000000 1424.000000 1431.000000 0.000698 0.000000 0.000000 
-14.293195 -15.313210 -6.861277 -54.939026 55.304878 -2.804878 1331.000000 1524.000000 1426.000000 1429.000000 0.000677 0.000000 0.000000 
-8.990381 -10.737553 -8.143411 60.365856 -65.609756 -2.500000 1505.000000 1352.000000 1433.000000 1424.000000 0.000667 0.000000 0.000000 
-5.868398 -7.521562 -8.640598 -17.012196 21.463415 0.914634 1396.000000 1461.000000 1427.000000 1430.000000 0.000665 0.000000 0.000000 
-9.914540 -11.400849 -7.861720 -17.256098 19.695122 1.646341 1388.000000 1469.000000 1428.000000 1429.000000 0.000665 0.000000 0.000000 
-9.620494 -11.328122 -7.996295 18.841463 -22.804878 0.060976 1439.000000 1418.000000 1432.000000 1425.000000 0.000666 0.000000 0.000000 
-4.437979 -6.193137 -8.701442 25.731709 -31.890245 -1.829268 1459.000000 1396.000000 1431.000000 1424.000000 0.000666 0.000000 0.000000 
-1.805884 -4.251581 -8.994341 -4.939024 10.182927 -0.853659 1416.000000 1439.000000 1427.000000 1428.000000 0.000666 0.000000 0.000000 
-5.705561 -7.421211 -8.407268 -30.121952 31.585367 -2.012195 1379.000000 1476.000000 1427.000000 1428.000000 0.000665 0.000000 0.000000 
-9.100033 -11.056429 -7.844769 21.341463 -23.658537 -1.463415 1444.000000 1411.000000 1429.000000 1426.000000 0.000665 0.000000 0.000000 
-6.279048 -8.164386 -8.488833 8.109756 -9.390244 -0.853659 1431.000000 1424.000000 1429.000000 1426.000000 0.000665 0.000000 0.000000 
-5.659814 -7.590985 -8.474183 -0.914634 -0.060976 -2.987805 1418.000000 1437.000000 1428.000000 1427.000000 0.000665 0.000000 0.000000 
-6.071194 -8.072482 -8.482779 0.182927 0.182927 -0.670732 1419.000000 1438.000000 1430.000000 1427.000000 0.000666 0.000000 0.000000 
-4.601471 -6.827252 -8.646146 9.634147 -11.219512 -2.560976 1434.000000 1421.000000 1429.000000 1426.000000 0.000666 0.000000 0.000000 
-3.420389 -5.376456 -8.926373 3.353659 -6.219512 1.585366 1429.000000 1426.000000 1429.000000 1426.000000 0.000666 0.000000 0.000000 
-2.413071 -4.313481 -8.978121 4.451220 -3.963415 0.182927 1428.000000 1427.000000 1429.000000 1426.000000 0.000665 0.000000 0.000000 
-3.624620 -5.807331 -8.842618 -14.512196 14.939025 1.280488 1401.000000 1454.000000 1428.000000 1427.000000 0.000665 0.000000 0.000000 
-8.794598 -10.776233 -8.091103 -40.365856 46.890244 3.475610 1357.000000 1498.000000 1425.000000 1430.000000 0.000665 0.000000 0.000000 
-12.417190 -14.148221 -7.199872 13.902439 -16.585365 0.670732 1426.000000 1429.000000 1430.000000 1425.000000 0.000665 0.000000 0.000000 
-6.813520 -8.541631 -8.474383 41.951221 -44.878048 -0.792683 1474.000000 1381.000000 1430.000000 1425.000000 0.000665 0.000000 0.000000 
-3.014447 -4.675643 -8.732231 -18.780489 19.390244 1.829268 1399.000000 1456.000000 1427.000000 1428.000000 0.000666 0.000000 0.000000 
-6.072347 -7.791959 -8.578789 -6.158537 5.792683 2.256098 1409.000000 1446.000000 1429.000000 1426.000000 0.000666 0.000000 0.000000 
-4.563814 -6.333171 -8.661239 23.902439 -22.500000 3.414634 1451.000000 1404.000000 1429.000000 1426.000000 0.000666 0.000000 0.000000 
-0.857967 -2.791340 -9.144299 9.634147 -12.073171 1.097561 1441.000000 1414.000000 1429.000000 1426.000000 0.000665 0.000000 0.000000 
-0.911460 -2.118052 -8.986189 -6.341464 9.695122 0.548781 1416.000000 1439.000000 1428.000000 1427.000000 0.000665 0.000000 0.000000 
-3.281621 -4.185168 -8.973658 -7.743903 8.719512 1.768293 1410.000000 1445.000000 1427.000000 1428.000000 0.000665 0.000000 0.000000 
-2.287153 -3.476776 -8.905827 10.121951 -15.060976 -0.182927 1439.000000 1416.000000 1432.000000 1423.000000 0.000665 0.000000 0.000000 
-0.577738 -2.674460 -9.018528 -25.182928 24.878050 0.731707 1395.000000 1460.000000 1428.000000 1427.000000 0.000665 0.000000 0.000000 
-7.656750 -9.377103 -8.407467 -41.097561 42.378048 2.621951 1361.000000 1496.000000 1429.000000 1428.000000 0.000666 0.000000 0.000000 
-10.874099 -12.225738 -7.684525 14.878049 -13.841464 0.365854 1426.000000 1429.000000 1428.000000 1427.000000 0.000666 0.000000 0.000000 
-5.423059 -6.546651 -8.781847 37.012196 -44.024391 -2.439024 1474.000000 1381.000000 1431.000000 1424.000000 0.000666 0.000000 0.000000 
-0.823290 -2.377534 -9.073407 0.792683 -0.365854 -1.219512 1429.000000 1426.000000 1430.000000 1425.000000 0.000665 0.000000 0.000000 
-4.938513 -6.146746 -8.703778 -36.707317 42.195122 -0.304878 1369.000000 1486.000000 1425.000000 1430.000000 0.000665 0.000000 0.000000 
-10.441609 -11.757716 -7.798994 -16.280489 18.963415 -1.402439 1387.000000 1468.000000 1427.000000 1428.000000 0.000665 0.000000 0.000000 
-0.465019 -1.821294 -9.271729 49.451221 -54.817074 -0.975610 1499.000000 1356.000000 1432.000000 1423.000000 0.000666 0.000000 0.000000 
1.644318 0.244860 -9.169333 -25.121952 25.487806 -1.585366 1398.000000 1457.000000 1427.000000 1428.000000 0.000665 0.000000 0.000000 
-2.508739 -4.400913 -8.884892 -18.475611 23.109756 -0.975610 1394.000000 1461.000000 1426.000000 1429.000000 0.000665 0.000000 0.000000 
-2.567460 -4.512986 -8.905609 12.500000 -16.036585 -3.353659 1442.000000 1415.000000 1431.000000 1426.000000 0.000666 0.000000 0.000000 
1.727243 -0.984434 -9.070530 12.500000 -16.646341 -3.231707 1449.000000 1406.000000 1432.000000 1423.000000 0.000666 0.000000 0.000000 
3.331340 -0.035691 -9.089903 -7.621952 7.073171 -2.926829 1422.000000 1433.000000 1429.000000 1426.000000 0.000665 0.000000 0.000000 
-0.058846 -3.133423 -8.862835 -27.317074 29.573172 -0.975610 1388.000000 1467.000000 1428.000000 1427.000000 0.000665 0.000000 0.000000 
-3.216673 -6.049288 -8.697511 12.926829 -14.390244 -2.560976 1439.000000 1416.000000 1430.000000 1425.000000 0.000666 0.000000 0.000000 
-1.380663 -3.943899 -8.973917 5.121951 -4.573171 -3.170732 1432.000000 1423.000000 1429.000000 1426.000000 0.000665 0.000000 0.000000 
-1.230474 -4.119298 -8.852267 -3.719512 2.317073 -3.475610 1420.000000 1435.000000 1429.000000 1426.000000 0.000665 0.000000 0.000000 
-2.099663 -4.882250 -8.833160 -5.792683 2.012195 -1.646341 1419.000000 1436.000000 1432.000000 1423.000000 0.000666 0.000000 0.000000 
-3.130723 -6.148589 -8.676694 -14.085366 16.768293 1.097561 1404.000000 1451.000000 1428.000000 1427.000000 0.000665 0.000000 0.000000 
-8.758127 -11.956068 -7.756924 -54.268295 57.743904 0.609756 1341.000000 1514.000000 1425.000000 1430.000000 0.000665 0.000000 0.000000 
-17.279125 -20.013908 -5.526584 -18.597561 16.646341 0.609756 1376.000000 1479.000000 1431.000000 1424.000000 0.000665 0.000000 0.000000 
0.727027 -1.770793 -9.245348 62.560978 -71.097565 -3.902439 1525.000000 1330.000000 1435.000000 1420.000000 0.000666 0.000000 0.000000 
0.885009 -1.454495 -9.177459 -48.414635 49.146343 -2.621951 1366.000000 1489.000000 1427.000000 1428.000000 0.000665 0.000000 0.000000 
-5.446195 -7.640357 -8.436390 -11.341464 16.219513 2.134146 1397.000000 1458.000000 1425.000000 1430.000000 0.000665 0.000000 0.000000 
-2.591151 -5.443181 -8.932654 33.109756 -35.975609 4.451220 1466.000000 1389.000000 1430.000000 1425.000000 0.000666 0.000000 0.000000 
4.429880 1.277085 -9.005114 21.097561 -23.963415 0.609756 1464.000000 1391.000000 1433.000000 1422.000000 0.000666 0.000000 0.000000 
2.742703 -0.451731 -9.162318 -35.548782 44.207317 1.829268 1379.000000 1476.000000 1425.000000 1430.000000 0.000665 0.000000 0.000000 
-6.949862 -8.392696 -8.261167 -51.158539 51.158539 -0.060976 1349.000000 1506.000000 1426.000000 1429.000000 0.000665 0.000000 0.000000 
-4.991484 -7.386907 -8.567918 57.743904 -56.463417 3.170732 1497.000000 1358.000000 1430.000000 1425.000000 0.000666 0.000000 0.000000 
-1.479822 -3.579584 -9.027786 -15.548780 17.621952 4.695122 1406.000000 1449.000000 1428.000000 1427.000000 0.000665 0.000000 0.000000 
-4.549332 -7.297835 -8.457298 -20.000000 16.768293 -0.121951 1393.000000 1462.000000 1430.000000 1425.000000 0.000665 0.000000 0.000000 
-4.987267 -7.568741 -8.489777 15.243903 -14.390244 4.329268 1438.000000 1419.000000 1430.000000 1427.000000 0.000666 0.000000 0.000000 
-0.155618 -2.468647 -8.961109 32.439026 -34.451221 1.829268 1469.000000 1386.000000 1430.000000 1425.000000 0.000666 0.000000 0.000000 
3.396377 0.139002 -8.988740 -9.390244 8.048780 1.280488 1422.000000 1433.000000 1430.000000 1425.000000 0.000665 0.000000 0.000000 
-2.450218 -5.217770 -8.690324 -45.731709 55.914635 -1.280488 1356.000000 1499.000000 1423.000000 1432.000000 0.000665 0.000000 0.000000 
-9.485765 -11.503890 -7.890914 26.097561 -28.780489 -1.707317 1449.000000 1406.000000 1431.000000 1424.000000 0.000666 0.000000 0.000000 
-5.255613 -7.506911 -8.444518 9.451220 -7.926829 -2.682927 1433.000000 1422.000000 1429.000000 1426.000000 0.000666 0.000000 0.000000 
-6.728911 -8.694557 -8.350693 -16.707317 12.865854 -4.268293 1397.000000 1458.000000 1429.000000 1426.000000 0.000665 0.000000 0.000000 
-8.138509 -9.751571 -8.056005 7.804878 -9.390244 -2.256098 1425.000000 1430.000000 1430.000000 1425.000000 0.000665 0.000000 0.000000 
-4.761449 -6.605109 -8.682280 22.500000 -24.329269 -1.402439 1451.000000 1404.000000 1430.000000 1425.000000 0.000666 0.000000 0.000000 
-2.318722 -4.378219 -8.785968 -3.780488 3.048780 -4.329268 1421.000000 1434.000000 1429.000000 1426.000000 0.000665 0.000000 0.000000 
-5.977242 -7.731166 -8.415584 -29.207317 32.195122 -2.012195 1379.000000 1476.000000 1427.000000 1428.000000 0.000665 0.000000 0.000000 
-14.217443 -16.558393 -6.469276 -17.926830 23.414635 -0.853659 1378.000000 1477.000000 1426.000000 1429.000000 0.000665 0.000000 0.000000 
-13.259776 -16.347561 -6.435526 17.682928 -20.548780 0.243902 1431.000000 1424.000000 1431.000000 1424.000000 0.000666 0.000000 0.000000 
-9.900589 -13.058669 -7.375516 17.195122 -15.365854 -0.060976 1434.000000 1421.000000 1429.000000 1426.000000 0.000665 0.000000 0.000000 
-8.671589 -11.541553 -7.594883 -3.719512 5.487805 1.280488 1410.000000 1445.000000 1428.000000 1427.000000 0.000665 0.000000 0.000000 
-12.063723 -14.594729 -7.067774 -18.292683 21.219513 5.182927 1384.000000 1471.000000 1428.000000 1427.000000 0.000665 0.000000 0.000000 
-14.272405 -16.678028 -6.687728 -9.817074 8.841464 3.658537 1394.000000 1461.000000 1429.000000 1426.000000 0.000666 0.000000 0.000000 
-14.212126 -16.927229 -6.539015 16.707317 -18.475611 4.329268 1428.000000 1427.000000 1432.000000 1423.000000 0.000665 0.000000 0.000000 
-3.411209 -6.108541 -8.688172 18.231709 -27.195122 1.768293 1454.000000 1401.000000 1433.000000 1422.000000 0.000665 0.000000 0.000000 
-2.987085 -4.918318 -8.776907 -7.743903 12.621951 3.048780 1410.000000 1445.000000 1428.000000 1427.000000 0.000665 0.000000 0.000000 
-5.206202 -6.647428 -8.516750 -2.500000 3.841464 3.170732 1413.000000 1442.000000 1427.000000 1428.000000 0.000666 0.000000 0.000000 
-3.281381 -5.429847 -8.743859 17.804878 -19.085367 2.621951 1444.000000 1411.000000 1431.000000 1424.000000 0.000665 0.000000 0.000000 
0.695378 -1.851299 -9.007001 15.853659 -14.268293 2.500000 1448.000000 1407.000000 1429.000000 1426.000000 0.000665 0.000000 0.000000 
1.014647 -0.887739 -9.001732 -8.231708 8.292683 -0.670732 1418.000000 1437.000000 1428.000000 1427.000000 0.000665 0.000000 0.000000 
-2.064714 -3.804445 -8.790896 -21.646341 22.317074 0.060976 1394.000000 1461.000000 1427.000000 1428.000000 0.000666 0.000000 0.000000 
-2.897012 -5.199930 -8.710411 18.597561 -20.853659 0.792683 1449.000000 1406.000000 1431.000000 1424.000000 0.000666 0.000000 0.000000 
-0.332971 -2.528174 -9.004709 5.731708 -10.304878 0.426829 1437.000000 1418.000000 1430.000000 1425.000000 0.000665 0.000000 0.000000 
0.303045 -2.258117 -8.941670 -2.439024 3.414634 0.670732 1423.000000 1432.000000 1429.000000 1426.000000 0.000665 0.000000 0.000000 
0.757234 -2.023627 -8.981644 6.158537 -5.792683 1.097561 1433.000000 1422.000000 1430.000000 1425.000000 0.000666 0.000000 0.000000 
2.762676 0.042141 -8.994337 18.902439 -15.243903 -0.060976 1452.000000 1403.000000 1428.000000 1427.000000 0.000666 0.000000 0.000000 
5.818099 3.092905 -8.914002 14.085366 -19.878050 -0.426829 1455.000000 1400.000000 1432.000000 1423.000000 0.000665 0.000000 0.000000 
8.538040 4.961685 -8.812566 -1.768293 0.975610 1.341463 1437.000000 1418.000000 1431.000000 1424.000000 0.000665 0.000000 0.000000 
-2.755185 -3.874501 -8.790881 -37.500000 33.719513 -0.914634 1374.000000 1483.000000 1430.000000 1427.000000 0.000666 0.000000 0.000000 
-5.083648 -6.197602 -8.670239 12.682927 -13.414635 1.219512 1435.000000 1420.000000 1430.000000 1425.000000 0.000666 0.000000 0.000000 
-2.080646 -3.347258 -8.977954 15.121951 -13.048780 -0.853659 1443.000000 1412.000000 1426.000000 1429.000000 0.000665 0.000000 0.000000 
-1.532806 -2.842268 -8.964246 -6.707317 7.012195 1.524390 1417.000000 1438.000000 1429.000000 1426.000000 0.000665 0.000000 0.000000 
-3.821431 -4.874620 -8.858755 -9.329268 9.695122 1.951220 1408.000000 1447.000000 1428.000000 1427.000000 0.000665 0.000000 0.000000 
-5.231922 -6.109547 -8.666371 3.841464 0.426829 0.975610 1422.000000 1433.000000 1426.000000 1429.000000 0.000666 0.000000 0.000000 
-3.976705 -4.720635 -8.917027 15.000000 -17.195122 0.060976 1443.000000 1412.000000 1428.000000 1427.000000 0.000666 0.000000 0.000000 
-1.452625 -2.017838 -9.028911 -3.231707 6.829268 2.012195 1419.000000 1436.000000 1426.000000 1429.000000 0.000665 0.000000 0.000000 
-1.548422 -2.696804 -8.941840 -3.048780 0.975610 2.621951 1422.000000 1433.000000 1430.000000 1425.000000 0.000665 0.000000 0.000000 
-2.573547 -3.151381 -9.018624 -0.121951 3.597561 3.414634 1422.000000 1435.000000 1428.000000 1429.000000 0.000665 0.000000 0.000000 
-1.322891 -2.967850 -8.978261 2.560976 -1.341463 2.804878 1427.000000 1428.000000 1428.000000 1427.000000 0.000666 0.000000 0.000000 
-1.834250 -2.990697 -9.054127 -3.719512 4.024390 2.560976 1419.000000 1436.000000 1428.000000 1427.000000 0.000665 0.000000 0.000000 
-2.665383 -4.037688 -8.916292 -7.743903 12.012196 -1.524390 1411.000000 1444.000000 1426.000000 1429.000000 0.000665 0.000000 0.000000 
-4.096985 -5.186930 -8.850324 -3.414634 0.060976 -0.609756 1418.000000 1437.000000 1429.000000 1426.000000 0.000665 0.000000 0.000000 
-0.560363 -2.311546 -9.170117 11.219512 -9.146341 0.487805 1441.000000 1416.000000 1429.000000 1428.000000 0.000666 0.000000 0.000000 
-0.031388 -1.709346 -9.158137 -5.853659 4.451220 -1.219512 1420.000000 1435.000000 1430.000000 1425.000000 0.000666 0.000000 0.000000 
-1.481802 -3.571603 -8.995401 -9.329268 13.414635 -0.487805 1409.000000 1446.000000 1427.000000 1428.000000 0.000665 0.000000 0.000000 
-2.245012 -4.401581 -8.904854 0.792683 -1.829268 -2.743902 1424.000000 1431.000000 1429.000000 1426.000000 0.000665 0.000000 0.000000 
-0.877559 -3.182602 -8.998996 7.256098 -10.731708 -1.097561 1437.000000 1418.000000 1431.000000 1424.000000 0.000665 0.000000 0.000000 
0.378843 -1.842520 -9.124422 2.134146 -2.073171 -2.682927 1430.000000 1425.000000 1428.000000 1427.000000 0.000666 0.000000 0.000000 
-0.412819 -2.863288 -8.966353 -15.975610 14.695123 -1.585366 1407.000000 1448.000000 1429.000000 1426.000000 0.000666 0.000000 0.000000 
-4.644217 -7.354836 -8.559317 -1.280488 7.500000 -0.060976 1413.000000 1442.000000 1427.000000 1428.000000 0.000665 0.000000 0.000000 
-5.574250 -7.753334 -8.611415 0.243902 -2.560976 -1.402439 1421.000000 1434.000000 1430.000000 1425.000000 0.000665 0.000000 0.000000 
-5.165463 -6.791184 -8.672761 1.829268 -3.170732 0.121951 1423.000000 1432.000000 1429.000000 1426.000000 0.000665 0.000000 0.000000 
-5.489537 -7.064315 -8.751902 1.524390 0.731707 1.707317 1419.000000 1436.000000 1427.000000 1428.000000 0.000667 0.000000 0.000000 
-5.443259 -6.724792 -8.738161 5.609756 -6.890244 1.036585 1428.000000 1427.000000 1430.000000 1425.000000 0.000666 0.000000 0.000000 
-4.269101 -5.762003 -8.965075 7.195122 -4.207317 0.060976 1428.000000 1427.000000 1427.000000 1428.000000 0.000665 0.000000 0.000000 
-3.148798 -4.680500 -8.968033 3.414634 -4.756098 -1.158537 1427.000000 1428.000000 1429.000000 1426.000000 0.000665 0.000000 0.000000 
-2.710999 -5.050010 -8.939470 -1.402439 1.097561 -1.524390 1420.000000 1435.000000 1428.000000 1427.000000 0.000665 0.000000 0.000000 
-3.614210 -5.367888 -8.959857 -2.500000 1.707317 -0.182927 1421.000000 1436.000000 1430.000000 1427.000000 0.000666 0.000000 0.000000 
-3.460983 -4.747652 -8.985143 5.121951 -7.317073 -0.304878 1430.000000 1425.000000 1429.000000 1426.000000 0.000666 0.000000 0.000000 
-2.276947 -3.878339 -9.126086 1.890244 -2.743902 1.158537 1427.000000 1428.000000 1430.000000 1425.000000 0.000665 0.000000 0.000000 
-2.532530 -4.285299 -9.060016 -3.353659 4.329268 0.243902 1418.000000 1437.000000 1428.000000 1427.000000 0.000665 0.000000 0.000000 
-3.631101 -5.024707 -9.029407 -2.012195 1.280488 2.256098 1419.000000 1436.000000 1429.000000 1426.000000 0.000665 0.000000 0.000000 
-3.157567 -4.749065 -9.054646 6.219512 -4.146341 0.243902 1429.000000 1426.000000 1428.000000 1427.000000 0.000665 0.000000 0.000000 
1.018341 -0.807993 -9.215298 9.634147 -7.987805 1.341463 1441.000000 1414.000000 1429.000000 1426.000000 0.000666 0.000000 0.000000 
0.774645 -0.980555 -9.171790 -8.231708 9.390244 1.707317 1416.000000 1439.000000 1428.000000 1427.000000 0.000666 0.000000 0.000000 
-0.028873 -2.045821 -9.162122 -5.243903 5.304878 0.853659 1420.000000 1435.000000 1429.000000 1426.000000 0.000665 0.000000 0.000000 
-0.834324 -1.942114 -9.130601 2.012195 -4.329268 2.987805 1430.000000 1425.000000 1429.000000 1426.000000 0.000665 0.000000 0.000000 
-0.690615 -1.499234 -9.242742 2.073171 -0.792683 1.829268 1428.000000 1427.000000 1429.000000 1426.000000 0.000665 0.000000 0.000000 
-1.388608 -1.870082 -9.149738 -2.987805 6.463415 2.195122 1420.000000 1435.000000 1426.000000 1429.000000 0.000665 0.000000 0.000000 
-2.153870 -2.730270 -9.202061 -3.963415 2.378049 2.012195 1419.000000 1436.000000 1429.000000 1426.000000 0.000666 0.000000 0.000000 
-1.490092 -2.087271 -9.269688 9.512196 -11.463415 1.402439 1439.000000 1416.000000 1429.000000 1426.000000 0.000666 0.000000 0.000000 
-0.008521 -0.912185 -9.268960 -0.670732 1.402439 -0.426829 1426.000000 1429.000000 1428.000000 1427.000000 0.000665 0.000000 0.000000 
-1.655258 -1.884758 -9.231695 -7.500000 8.414635 -1.951220 1415.000000 1440.000000 1426.000000 1429.000000 0.000665 0.000000 0.000000 
-2.544631 -2.695569 -9.168311 -0.609756 -2.804878 -1.280488 1425.000000 1430.000000 1429.000000 1426.000000 0.000665 0.000000 0.000000 
-0.578447 -1.927682 -9.258091 7.317073 -5.182927 -0.487805 1434.000000 1421.000000 1429.000000 1426.000000 0.000665 0.000000 0.000000 
0.682543 -1.419347 -9.235209 -2.073171 1.890244 -0.182927 1425.000000 1430.000000 1429.000000 1426.000000 0.000666 0.000000 0.000000 
-0.392912 -2.515780 -9.201017 -10.853659 9.634147 -1.768293 1412.000000 1443.000000 1430.000000 1425.000000 0.000666 0.000000 0.000000 
-0.431787 -2.884168 -9.070482 3.414634 -6.280488 0.914634 1431.000000 1424.000000 1431.000000 1424.000000 0.000665 0.000000 0.000000 
0.271966 -2.362154 -9.064343 0.853659 2.012195 0.792683 1426.000000 1429.000000 1429.000000 1426.000000 0.000665 0.000000 0.000000 
0.583767 -2.446501 -9.098485 0.304878 0.060976 2.804878 1426.000000 1429.000000 1430.000000 1425.000000 0.000665 0.000000 0.000000 
-0.650985 -2.275852 -9.120376 -0.426829 -0.000000 1.402439 1425.000000 1430.000000 1429.000000 1426.000000 0.000665 0.000000 0.000000 
-0.570573 -2.961359 -9.126129 -3.658537 6.707317 3.170732 1419.000000 1436.000000 1428.000000 1427.000000 0.000666 0.000000 0.000000 
-0.330091 -3.506631 -9.124092 2.195122 -1.219512 3.658537 1426.000000 1429.000000 1429.000000 1426.000000 0.000666 0.000000 0.000000 
0.769226 -3.181077 -9.200037 3.841464 -5.182927 3.719512 1432.000000 1423.000000 1432.000000 1423.000000 0.000666 0.000000 0.000000 
0.666641 -2.640494 -9.348141 -4.390244 5.304878 2.134146 1419.000000 1436.000000 1429.000000 1426.000000 0.000665 0.000000 0.000000 
-1.805055 -3.607935 -9.297605 -1.097561 2.439024 -2.073171 1421.000000 1434.000000 1428.000000 1427.000000 0.000665 0.000000 0.000000 
-1.142525 -3.498807 -9.279650 5.487805 -4.756098 -2.682927 1431.000000 1424.000000 1428.000000 1427.000000 0.000665 0.000000 0.000000 
-0.440863 -3.190957 -9.325971 -5.792683 1.036585 -3.536585 1421.000000 1434.000000 1431.000000 1424.000000 0.000665 0.000000 0.000000 
-2.239168 -3.887875 -9.248409 -6.585366 8.780488 -2.012195 1414.000000 1441.000000 1427.000000 1428.000000 0.000666 0.000000 0.000000 
-2.534048 -4.257666 -9.250810 10.243902 -11.707317 -1.341463 1437.000000 1418.000000 1430.000000 1425.000000 0.000666 0.000000 0.000000 
1.632803 -0.443448 -9.470028 26.707317 -28.719513 0.243902 1464.000000 1391.000000 1431.000000 1424.000000 0.000665 0.000000 0.000000 
3.184244 1.267067 -9.439219 -27.500000 30.670732 0.609756 1393.000000 1462.000000 1428.000000 1427.000000 0.000665 0.000000 0.000000 
-0.666425 -2.541757 -9.401142 -7.073171 12.134147 0.731707 1411.000000 1444.000000 1426.000000 1429.000000 0.000665 0.000000 0.000000 
-0.603619 -1.949626 -9.382800 9.512196 -14.146341 -0.365854 1442.000000 1413.000000 1430.000000 1425.000000 0.000665 0.000000 0.000000 
0.054299 -0.802263 -9.542127 -2.439024 -0.304878 -0.853659 1426.000000 1429.000000 1429.000000 1426.000000 0.000665 0.000000 0.000000 
-0.698609 -1.758356 -9.383172 -10.548780 15.792684 -1.585366 1409.000000 1444.000000 1424.000000 1429.000000 0.000666 0.000000 0.000000 
-1.894445 -3.579938 -9.338313 -7.743903 8.780488 0.243902 1410.000000 1441.000000 1426.000000 1425.000000 0.000666 0.000000 0.000000 
1.113241 -1.401752 -9.431647 19.573172 -20.365854 2.987805 1452.000000 1399.000000 1430.000000 1421.000000 0.000666 0.000000 0.000000 
2.833261 0.303117 -9.482509 -3.231707 8.475610 -0.670732 1423.000000 1430.000000 1425.000000 1428.000000 0.000665 0.000000 0.000000 
-0.272799 -2.412747 -9.346695 -16.341463 15.000000 -1.158537 1402.000000 1451.000000 1428.000000 1425.000000 0.000665 0.000000 0.000000 
-1.443697 -3.794500 -9.328366 0.792683 -3.048780 0.243902 1425.000000 1428.000000 1430.000000 1423.000000 0.000665 0.000000 0.000000 
1.671334 -1.068599 -9.473962 23.963415 -19.573172 2.439024 1454.000000 1397.000000 1426.000000 1425.000000 0.000665 0.000000 0.000000 
5.703857 2.853056 -9.489054 21.097561 -23.902439 0.548781 1459.000000 1388.000000 1427.000000 1420.000000 0.000665 0.000000 0.000000 
10.309800 6.778112 -9.075237 4.207317 -4.329268 -0.121951 1439.000000 1406.000000 1424.000000 1421.000000 0.000666 0.000000 0.000000 
11.786038 8.188830 -8.869976 11.524390 -9.695122 0.914634 1451.000000 1396.000000 1426.000000 1421.000000 0.000666 0.000000 0.000000 
13.347113 9.678954 -8.607350 3.597561 -7.317073 -1.463415 1446.000000 1401.000000 1428.000000 1419.000000 0.000666 0.000000 0.000000 
13.727124 10.196799 -8.485447 3.353659 -1.585366 0.548781 1443.000000 1404.000000 1425.000000 1422.000000 0.000665 0.000000 0.000000 
14.773986 11.336806 -8.280667 6.951220 -7.560976 0.060976 1451.000000 1396.000000 1427.000000 1420.000000 0.000665 0.000000 0.000000 
13.938272 10.601578 -8.458176 -20.731709 21.219513 -1.707317 1414.000000 1433.000000 1424.000000 1423.000000 0.000665 0.000000 0.000000 
7.367990 4.558112 -9.213194 -42.865856 48.414635 -0.853659 1373.000000 1476.000000 1423.000000 1426.000000 0.000665 0.000000 0.000000 
-0.464749 -3.170214 -9.288880 9.878049 -11.585366 1.463415 1434.000000 1415.000000 1427.000000 1422.000000 0.000665 0.000000 0.000000 
1.439940 -1.324869 -9.445022 6.463415 -8.902439 0.060976 1436.000000 1415.000000 1428.000000 1423.000000 0.000666 0.000000 0.000000 
1.142693 -1.484001 -9.421692 -5.731708 10.060976 -0.182927 1415.000000 1434.000000 1424.000000 1425.000000 0.000666 0.000000 0.000000 
-1.321499 -3.008767 -9.345383 -5.731708 2.926829 0.975610 1414.000000 1435.000000 1426.000000 1423.000000 0.000666 0.000000 0.000000 
-0.279385 -2.932611 -9.383634 8.780488 -11.402439 -1.158537 1436.000000 1413.000000 1428.000000 1421.000000 0.000666 0.000000 0.000000 
2.229207 -0.563549 -9.493344 8.780488 -8.292683 0.182927 1439.000000 1410.000000 1425.000000 1424.000000 0.000665 0.000000 0.000000 
2.370876 -0.528076 -9.521543 -8.963415 6.463415 -1.341463 1417.000000 1432.000000 1427.000000 1422.000000 0.000665 0.000000 0.000000 
-2.943046 -5.711147 -9.202227 -12.865854 15.182927 -1.219512 1399.000000 1450.000000 1424.000000 1425.000000 0.000665 0.000000 0.000000 
-4.246005 -6.809599 -9.106164 5.304878 -6.097561 1.158537 1424.000000 1425.000000 1427.000000 1422.000000 0.000666 0.000000 0.000000 
-3.553586 -6.188009 -9.329240 5.548780 -2.987805 0.548781 1426.000000 1425.000000 1427.000000 1424.000000 0.000665 0.000000 0.000000 
-3.992723 -6.217126 -9.219008 -4.451220 4.878049 1.524390 1411.000000 1438.000000 1425.000000 1424.000000 0.000665 0.000000 0.000000 
-5.098704 -7.321934 -9.147151 -1.158537 1.707317 0.365854 1414.000000 1437.000000 1427.000000 1424.000000 0.000666 0.000000 0.000000 
-5.380131 -6.911568 -9.160630 6.646342 -7.682927 -1.158537 1427.000000 1424.000000 1427.000000 1424.000000 0.000666 0.000000 0.000000 
-3.375703 -5.154174 -9.479801 12.926829 -13.902439 -1.158537 1438.000000 1413.000000 1427.000000 1424.000000 0.000665 0.000000 0.000000 
-0.734491 -2.249160 -9.654469 -0.853659 -1.524390 -1.219512 1424.000000 1427.000000 1427.000000 1424.000000 0.000665 0.000000 0.000000 
-0.168790 -2.423944 -9.566909 -3.353659 2.073171 -2.804878 1420.000000 1431.000000 1427.000000 1424.000000 0.000666 0.000000 0.000000 
-0.343823 -2.755625 -9.617043 5.060976 -4.390244 -1.585366 1430.000000 1421.000000 1426.000000 1425.000000 0.000665 0.000000 0.000000 
1.477007 -1.010881 -9.662446 9.756098 -12.012196 -1.524390 1440.000000 1411.000000 1427.000000 1424.000000 0.000665 0.000000 0.000000 
4.178041 1.145505 -9.681247 13.475610 -16.890244 -0.731707 1450.000000 1403.000000 1430.000000 1423.000000 0.000666 0.000000 0.000000 
8.248549 4.518157 -9.489310 22.073172 -22.256098 1.036585 1463.000000 1388.000000 1429.000000 1422.000000 0.000666 0.000000 0.000000 
14.001151 9.894670 -8.692210 4.146341 -5.731708 -0.731707 1449.000000 1402.000000 1428.000000 1423.000000 0.000665 0.000000 0.000000 
14.533309 10.816666 -8.490842 7.865854 -7.439024 0.853659 1452.000000 1399.000000 1429.000000 1422.000000 0.000665 0.000000 0.000000 
16.830200 12.895099 -8.044302 10.914635 -12.987805 -0.365854 1463.000000 1390.000000 1430.000000 1423.000000 0.000666 0.000000 0.000000 
17.055428 13.103919 -8.025627 -20.000000 22.134148 1.524390 1422.000000 1431.000000 1429.000000 1424.000000 0.000665 0.000000 0.000000 
9.456793 6.051026 -9.236506 -46.402439 49.329269 -1.585366 1374.000000 1479.000000 1426.000000 1427.000000 0.000665 0.000000 0.000000 
3.129940 0.559127 -9.486296 -12.134147 12.865854 0.853659 1411.000000 1444.000000 1429.000000 1426.000000 0.000666 0.000000 0.000000 
4.499688 2.132451 -9.530315 27.804878 -30.609756 0.792683 1467.000000 1386.000000 1430.000000 1423.000000 0.000666 0.000000 0.000000 
11.807453 8.522871 -8.971013 -11.280488 13.048780 0.670732 1427.000000 1426.000000 1428.000000 1425.000000 0.000665 0.000000 0.000000 
8.632221 4.723259 -9.411807 -23.536587 28.963415 -0.548781 1401.000000 1452.000000 1426.000000 1427.000000 0.000665 0.000000 0.000000 
6.390646 2.014194 -9.506207 -8.292683 8.048780 -0.975610 1421.000000 1432.000000 1429.000000 1424.000000 0.000666 0.000000 0.000000 
4.436357 1.814045 -9.486723 -0.975610 -0.121951 -2.012195 1431.000000 1422.000000 1428.000000 1425.000000 0.000665 0.000000 0.000000 
3.838685 1.459279 -9.484468 -9.268292 9.146341 -0.243902 1418.000000 1435.000000 1428.000000 1425.000000 0.000665 0.000000 0.000000 
2.679157 -1.050464 -9.458666 -23.109756 23.963415 -0.426829 1397.000000 1456.000000 1429.000000 1424.000000 0.000665 0.000000 0.000000 
-2.168188 -4.908160 -9.263027 -15.426829 17.682928 0.853659 1398.000000 1455.000000 1428.000000 1425.000000 0.000666 0.000000 0.000000 
1.253237 -1.937342 -9.530620 24.390244 -25.792683 1.585366 1461.000000 1392.000000 1430.000000 1423.000000 0.000665 0.000000 0.000000 
2.642054 -0.920311 -9.547248 -12.743903 12.743903 -1.524390 1412.000000 1441.000000 1428.000000 1425.000000 0.000665 0.000000 0.000000 
-1.300369 -3.757628 -9.287734 -17.317074 18.292683 -1.219512 1399.000000 1454.000000 1427.000000 1426.000000 0.000665 0.000000 0.000000 
-2.854779 -5.133216 -9.237248 6.097561 -4.512195 1.585366 1427.000000 1426.000000 1428.000000 1425.000000 0.000666 0.000000 0.000000 
0.701223 -2.658422 -9.400814 15.914635 -15.304878 0.304878 1447.000000 1406.000000 1428.000000 1425.000000 0.000665 0.000000 0.000000 
2.742582 -0.995360 -9.544208 -3.780488 0.792683 1.463415 1425.000000 1426.000000 1429.000000 1422.000000 0.000665 0.000000 0.000000 
0.105758 -3.330337 -9.365261 -22.134148 27.073172 1.341463 1392.000000 1459.000000 1425.000000 1426.000000 0.000666 0.000000 0.000000 
-5.663953 -8.195181 -8.875774 2.560976 -3.353659 2.317073 1417.000000 1430.000000 1426.000000 1421.000000 0.000666 0.000000 0.000000 
-4.374922 -7.263339 -9.100991 2.378049 -2.743902 0.670732 1420.000000 1429.000000 1425.000000 1424.000000 0.000665 0.000000 0.000000 
-3.754807 -6.748731 -9.085732 0.609756 -0.853659 0.914634 1419.000000 1432.000000 1428.000000 1423.000000 0.000665 0.000000 0.000000 
-4.101930 -7.579406 -9.069262 -3.780488 6.219512 0.853659 1413.000000 1440.000000 1429.000000 1424.000000 0.000666 0.000000 0.000000 
-4.839345 -7.947627 -8.923300 -2.378049 3.170732 -2.317073 1413.000000 1438.000000 1425.000000 1426.000000 0.000666 0.000000 0.000000 
-5.321769 -8.320400 -8.938787 1.524390 -5.000000 0.914634 1420.000000 1431.000000 1430.000000 1421.000000 0.000665 0.000000 0.000000 
-3.582189 -7.213711 -9.082513 10.304878 -7.743903 -0.243902 1430.000000 1421.000000 1428.000000 1423.000000 0.000665 0.000000 0.000000 
-3.555425 -6.093588 -9.174521 -3.841464 4.268293 -1.219512 1415.000000 1438.000000 1427.000000 1426.000000 0.000666 0.000000 0.000000 
-4.031393 -6.614749 -9.089344 -0.426829 -0.000000 -1.097561 1417.000000 1434.000000 1427.000000 1424.000000 0.000666 0.000000 0.000000 
-3.439424 -6.049411 -9.179984 3.841464 -5.609756 -2.743902 1426.000000 1425.000000 1428.000000 1423.000000 0.000665 0.000000 0.000000 
-1.917255 -5.269291 -9.282398 3.475610 -3.841464 0.426829 1426.000000 1425.000000 1428.000000 1423.000000 0.000663 0.000000 0.000000 
-1.728447 -5.055223 -9.306617 -1.707317 -0.121951 -0.243902 1421.000000 1432.000000 1430.000000 1423.000000 0.000660 0.000000 0.000000 
-2.766033 -5.555451 -9.259946 -5.243903 1.890244 0.853659 1416.000000 1435.000000 1430.000000 1421.000000 0.000666 0.000000 0.000000 
-2.242691 -4.972381 -9.329078 13.109756 -11.097561 -0.000000 1436.000000 1415.000000 1427.000000 1424.000000 0.000666 0.000000 0.000000 
2.147447 -0.329507 -9.512180 16.158537 -18.658537 1.402439 1450.000000 1401.000000 1430.000000 1421.000000 0.000666 0.000000 0.000000 
4.185181 1.491682 -9.493039 2.804878 -0.853659 0.121951 1432.000000 1419.000000 1427.000000 1424.000000 0.000666 0.000000 0.000000 
4.512873 1.957576 -9.473387 4.146341 -5.365854 -0.304878 1435.000000 1416.000000 1427.000000 1424.000000 0.000666 0.000000 0.000000 
6.334673 3.733652 -9.346396 17.073172 -19.878050 0.304878 1456.000000 1395.000000 1428.000000 1423.000000 0.000665 0.000000 0.000000 
10.445082 7.518875 -8.921095 21.524391 -23.353659 -0.121951 1468.000000 1383.000000 1428.000000 1423.000000 0.000666 0.000000 0.000000 
12.473900 9.349918 -8.641775 -8.414635 7.378049 -2.378049 1433.000000 1418.000000 1429.000000 1422.000000 0.000666 0.000000 0.000000 
5.882040 3.559179 -9.324265 -56.036587 63.536587 1.890244 1355.000000 1496.000000 1423.000000 1428.000000 0.000666 0.000000 0.000000 
-6.506601 -9.234808 -8.643633 9.573171 -12.073171 3.536585 1427.000000 1424.000000 1429.000000 1422.000000 0.000666 0.000000 0.000000 
-3.657714 -6.407874 -9.100121 14.573171 -12.560976 1.219512 1438.000000 1413.000000 1426.000000 1425.000000 0.000666 0.000000 0.000000 
-2.934339 -5.548733 -9.151664 -3.597561 1.219512 2.926829 1418.000000 1433.000000 1428.000000 1423.000000 0.000666 0.000000 0.000000 
-4.235582 -6.970613 -9.056691 -8.475610 13.231708 1.829268 1405.000000 1448.000000 1426.000000 1427.000000 0.000666 0.000000 0.000000 
-5.873563 -8.274473 -8.827990 1.585366 -4.085366 0.975610 1419.000000 1432.000000 1427.000000 1424.000000 0.000666 0.000000 0.000000 
-3.810282 -6.430536 -9.211626 13.597561 -17.804878 1.890244 1439.000000 1412.000000 1429.000000 1422.000000 0.000665 0.000000 0.000000 
-1.333603 -4.205842 -9.403684 7.682927 -6.524390 1.646341 1432.000000 1419.000000 1427.000000 1424.000000 0.000666 0.000000 0.000000 
-4.543842 -7.441044 -9.017473 -13.048780 17.195122 1.341463 1397.000000 1454.000000 1425.000000 1426.000000 0.000666 0.000000 0.000000 
-4.904723 -7.427822 -9.078869 19.634148 -21.280489 0.304878 1443.000000 1408.000000 1428.000000 1423.000000 0.000666 0.000000 0.000000 
-0.208853 -3.100294 -9.509840 24.512196 -24.085367 0.609756 1456.000000 1395.000000 1426.000000 1425.000000 0.000666 0.000000 0.000000 
3.165877 -0.527125 -9.513915 6.707317 -7.865854 2.012195 1438.000000 1413.000000 1429.000000 1422.000000 0.000666 0.000000 0.000000 
3.342799 -0.537261 -9.604702 -0.121951 -2.743902 -1.219512 1429.000000 1422.000000 1429.000000 1422.000000 0.000666 0.000000 0.000000 
3.695345 0.381790 -9.576972 7.926829 -9.085366 1.341463 1440.000000 1413.000000 1429.000000 1424.000000 0.000666 0.000000 0.000000 
6.658553 2.805263 -9.547666 18.658537 -18.414635 -0.182927 1457.000000 1394.000000 1428.000000 1423.000000 0.000666 0.000000 0.000000 
7.471642 3.583830 -9.473566 -21.036587 21.402439 0.182927 1405.000000 1446.000000 1428.000000 1423.000000 0.000665 0.000000 0.000000 
2.422331 -0.393925 -9.565784 -14.939025 20.426830 1.646341 1403.000000 1448.000000 1425.000000 1426.000000 0.000666 0.000000 0.000000 
1.254834 -1.195993 -9.538802 3.719512 -2.682927 -1.646341 1429.000000 1422.000000 1426.000000 1425.000000 0.000666 0.000000 0.000000 
4.054037 -0.498840 -9.585259 -0.060976 -2.865854 0.121951 1430.000000 1421.000000 1430.000000 1421.000000 0.000666 0.000000 0.000000 
3.325376 -1.502428 -9.578379 -13.353659 15.670732 -1.341463 1409.000000 1442.000000 1428.000000 1423.000000 0.000666 0.000000 0.000000 
0.427518 -4.496730 -9.401069 -17.073172 18.719513 0.304878 1398.000000 1453.000000 1427.000000 1424.000000 0.000665 0.000000 0.000000 
-1.571896 -6.634123 -9.238489 -0.121951 0.792683 -0.914634 1417.000000 1434.000000 1429.000000 1422.000000 0.000666 0.000000 0.000000 
2.286704 -2.089782 -9.687085 17.195122 -14.573171 0.060976 1448.000000 1403.000000 1429.000000 1422.000000 0.000666 0.000000 0.000000 
2.370482 -1.700325 -9.607900 -10.914635 7.926829 -0.975610 1414.000000 1437.000000 1429.000000 1422.000000 0.000666 0.000000 0.000000 
0.048229 -3.511732 -9.507854 -10.000000 12.439025 0.243902 1408.000000 1443.000000 1427.000000 1424.000000 0.000666 0.000000 0.000000 
0.536235 -3.928005 -9.488016 8.231708 -7.317073 1.463415 1433.000000 1418.000000 1428.000000 1423.000000 0.000665 0.000000 0.000000 
0.585816 -2.616930 -9.656650 5.365854 -7.560976 0.975610 1432.000000 1419.000000 1428.000000 1423.000000 0.000666 0.000000 0.000000 
2.076800 -1.218628 -9.642782 8.414635 -7.560976 -0.975610 1438.000000 1413.000000 1427.000000 1424.000000 0.000666 0.000000 0.000000 
3.324172 0.155600 -9.702271 7.987805 -9.939025 0.426829 1439.000000 1412.000000 1427.000000 1424.000000 0.000666 0.000000 0.000000 
6.521601 2.877679 -9.548107 12.073171 -11.585366 1.036585 1447.000000 1404.000000 1428.000000 1423.000000 0.000666 0.000000 0.000000 
8.268740 4.780524 -9.370965 7.012195 -9.085366 0.670732 1445.000000 1406.000000 1428.000000 1423.000000 0.000665 0.000000 0.000000 
9.921186 6.434207 -9.116784 6.280488 -10.182927 -1.097561 1448.000000 1403.000000 1429.000000 1422.000000 0.000666 0.000000 0.000000 
11.342965 7.627960 -9.011236 7.743903 -4.085366 0.914634 1446.000000 1405.000000 1427.000000 1424.000000 0.000666 0.000000 0.000000 
12.608758 9.125843 -8.743174 10.304878 -10.670732 -1.524390 1454.000000 1399.000000 1429.000000 1424.000000 0.000666 0.000000 0.000000 
14.333381 10.865616 -8.454162 6.707317 -9.756098 -2.195122 1453.000000 1398.000000 1429.000000 1422.000000 0.000666 0.000000 0.000000 
15.129725 11.453674 -8.326756 -1.707317 3.475610 0.975610 1440.000000 1411.000000 1428.000000 1423.000000 0.000665 0.000000 0.000000 
7.265927 3.858910 -9.360893 -36.829269 41.646343 -3.536585 1381.000000 1470.000000 1424.000000 1427.000000 0.000666 0.000000 0.000000 
2.896095 -0.300022 -9.530695 -6.341464 7.195122 0.060976 1417.000000 1434.000000 1428.000000 1423.000000 0.000666 0.000000 0.000000 
3.444381 -0.172240 -9.616537 3.780488 -3.048780 -1.585366 1434.000000 1419.000000 1429.000000 1424.000000 0.000666 0.000000 0.000000 
4.536459 0.143007 -9.561912 -3.475610 3.902439 -2.134146 1425.000000 1426.000000 1427.000000 1424.000000 0.000666 0.000000 0.000000 
2.158239 -1.755483 -9.558443 -16.829269 14.939025 -1.707317 1405.000000 1446.000000 1429.000000 1422.000000 0.000666 0.000000 0.000000 
-0.897548 -4.057796 -9.403796 -10.914635 13.475610 -2.560976 1407.000000 1444.000000 1427.000000 1424.000000 0.000666 0.000000 0.000000 
-2.323705 -4.772200 -9.397756 6.951220 -5.365854 0.487805 1429.000000 1422.000000 1426.000000 1425.000000 0.000666 0.000000 0.000000 
0.838985 -1.677156 -9.649065 5.487805 -4.146341 -0.060976 1432.000000 1419.000000 1428.000000 1423.000000 0.000666 0.000000 0.000000 
-0.108174 -1.993969 -9.586115 -7.865854 7.195122 -1.280488 1416.000000 1437.000000 1427.000000 1426.000000 0.000666 0.000000 0.000000 
-0.590643 -3.010665 -9.539667 -5.609756 0.792683 0.975610 1418.000000 1433.000000 1430.000000 1421.000000 0.000666 0.000000 0.000000 
-0.526732 -3.004959 -9.542308 5.853659 -0.304878 -0.182927 1427.000000 1424.000000 1425.000000 1426.000000 0.000665 0.000000 0.000000 
0.150827 -2.643796 -9.548600 -0.365854 0.365854 2.621951 1424.000000 1427.000000 1427.000000 1424.000000 0.000666 0.000000 0.000000 
-0.348664 -3.245737 -9.519555 -5.914634 5.609756 1.341463 1416.000000 1435.000000 1428.000000 1423.000000 0.000666 0.000000 0.000000 
-2.163783 -4.639486 -9.390444 2.195122 2.378049 2.439024 1420.000000 1431.000000 1426.000000 1425.000000 0.000666 0.000000 0.000000 
3.905197 1.014074 -9.574082 17.560976 -23.231709 -0.182927 1457.000000 1394.000000 1430.000000 1421.000000 0.000666 0.000000 0.000000 
6.493049 2.928360 -9.516287 4.451220 -2.743902 1.463415 1437.000000 1414.000000 1428.000000 1423.000000 0.000666 0.000000 0.000000 
6.874193 3.396875 -9.441178 2.804878 -3.719512 0.487805 1437.000000 1414.000000 1428.000000 1423.000000 0.000665 0.000000 0.000000 
8.653149 4.785260 -9.365226 10.000000 -12.134147 -1.646341 1449.000000 1402.000000 1429.000000 1422.000000 0.000666 0.000000 0.000000 
10.524061 7.031304 -9.092406 9.695122 -9.146341 -0.182927 1450.000000 1401.000000 1426.000000 1425.000000 0.000666 0.000000 0.000000 
11.791053 8.146616 -8.962309 2.926829 -3.231707 1.524390 1443.000000 1408.000000 1429.000000 1422.000000 0.000666 0.000000 0.000000 
10.581038 7.022448 -9.123963 -19.573172 19.573172 -2.256098 1415.000000 1438.000000 1428.000000 1425.000000 0.000666 0.000000 0.000000 
-0.721567 -2.988750 -9.465072 -27.560976 30.243902 -2.195122 1384.000000 1467.000000 1425.000000 1426.000000 0.000666 0.000000 0.000000 
-2.727278 -4.828802 -9.388697 9.085366 -6.829268 0.426829 1430.000000 1421.000000 1427.000000 1424.000000 0.000666 0.000000 0.000000 
-0.665999 -3.006685 -9.584686 7.256098 -9.512196 -1.402439 1435.000000 1416.000000 1427.000000 1424.000000 0.000665 0.000000 0.000000 
-0.083994 -2.392095 -9.596826 -1.585366 1.158537 -0.731707 1423.000000 1428.000000 1426.000000 1425.000000 0.000666 0.000000 0.000000 
-1.107000 -3.351613 -9.593287 -5.914634 5.243903 -1.158537 1415.000000 1436.000000 1427.000000 1424.000000 0.000666 0.000000 0.000000 
-0.923561 -3.660475 -9.523538 5.426829 -6.524390 -0.304878 1430.000000 1421.000000 1428.000000 1423.000000 0.000666 0.000000 0.000000 
3.459785 -0.815815 -9.672717 25.243902 -29.451220 -1.341463 1462.000000 1389.000000 1429.000000 1422.000000 0.000666 0.000000 0.000000 
9.754289 4.856550 -9.486106 2.865854 -1.829268 -0.365854 1439.000000 1412.000000 1430.000000 1421.000000 0.000666 0.000000 0.000000 
9.034447 4.857804 -9.506912 -1.158537 0.853659 -1.524390 1434.000000 1419.000000 1429.000000 1424.000000 0.000665 0.000000 0.000000 
9.648894 5.982535 -9.356789 8.719512 -12.378049 -2.073171 1451.000000 1402.000000 1430.000000 1423.000000 0.000666 0.000000 0.000000 
10.182732 6.351966 -9.365539 -10.000000 13.841464 -1.341463 1425.000000 1428.000000 1427.000000 1426.000000 0.000666 0.000000 0.000000 
5.371186 1.785040 -9.607165 -35.853661 37.500000 -0.853659 1383.000000 1470.000000 1428.000000 1425.000000 0.000666 0.000000 0.000000 
-0.817797 -3.679666 -9.545897 -16.585365 19.146341 -1.097561 1398.000000 1455.000000 1429.000000 1424.000000 0.000666 0.000000 0.000000 
-0.473868 -3.038104 -9.605470 23.475611 -26.524391 0.426829 1455.000000 1398.000000 1429.000000 1424.000000 0.000666 0.000000 0.000000 
8.269449 5.511694 -9.484364 3.658537 -3.231707 -2.682927 1443.000000 1410.000000 1427.000000 1426.000000 0.000666 0.000000 0.000000 
6.208770 3.401251 -9.623285 -25.426830 27.256098 -1.097561 1399.000000 1454.000000 1428.000000 1425.000000 0.000666 0.000000 0.000000 
1.853896 -0.346216 -9.621479 -16.280489 17.987804 -1.219512 1404.000000 1449.000000 1426.000000 1427.000000 0.000665 0.000000 0.000000 
0.548725 -1.670161 -9.637436 0.731707 -3.719512 -0.060976 1428.000000 1425.000000 1429.000000 1424.000000 0.000666 0.000000 0.000000 
2.595676 0.116231 -9.662467 12.378049 -10.670732 1.890244 1444.000000 1409.000000 1428.000000 1425.000000 0.000666 0.000000 0.000000 
3.188927 1.565464 -9.702726 2.256098 1.158537 2.865854 1432.000000 1421.000000 1425.000000 1428.000000 0.000666 0.000000 0.000000 
3.139823 0.795402 -9.656659 -6.951220 6.341464 2.073171 1421.000000 1434.000000 1430.000000 1425.000000 0.000666 0.000000 0.000000 
12.143643 8.954531 -9.014717 49.268295 -47.560978 -0.182927 1506.000000 1347.000000 1430.000000 1423.000000 0.000666 0.000000 0.000000 
14.191313 11.466259 -8.407457 -30.182928 28.231709 -4.756098 1409.000000 1444.000000 1428.000000 1425.000000 0.000666 0.000000 0.000000 
7.694172 4.903224 -9.278080 -32.439026 33.902439 -0.426829 1389.000000 1464.000000 1426.000000 1427.000000 0.000665 0.000000 0.000000 
5.194148 2.586060 -9.499358 5.243903 -8.292683 -1.219512 1438.000000 1415.000000 1430.000000 1423.000000 0.000666 0.000000 0.000000 
7.517577 4.976286 -9.224174 15.304878 -14.146341 -0.670732 1454.000000 1399.000000 1428.000000 1425.000000 0.000666 0.000000 0.000000 
7.517211 4.907810 -9.337299 -20.426830 22.317074 -1.036585 1409.000000 1444.000000 1427.000000 1426.000000 0.000666 0.000000 0.000000 
1.119324 -1.080889 -9.392591 -44.329269 48.780487 -0.487805 1366.000000 1487.000000 1426.000000 1427.000000 0.000666 0.000000 0.000000 
-5.585217 -8.032416 -8.904902 13.231708 -15.426829 0.487805 1436.000000 1419.000000 1430.000000 1425.000000 0.000666 0.000000 0.000000 
-4.139309 -6.473978 -9.258032 2.621951 -3.292683 -1.341463 1424.000000 1429.000000 1429.000000 1424.000000 0.000666 0.000000 0.000000 
-3.647504 -6.165143 -9.068323 -1.585366 2.439024 -2.560976 1418.000000 1435.000000 1427.000000 1426.000000 0.000666 0.000000 0.000000 
-4.233094 -6.797950 -9.174432 -5.731708 0.487805 -0.853659 1416.000000 1439.000000 1431.000000 1424.000000 0.000665 0.000000 0.000000 
-3.760642 -6.322530 -9.073095 5.609756 -5.121951 -2.439024 1426.000000 1427.000000 1428.000000 1425.000000 0.000666 0.000000 0.000000 
-3.976181 -6.143505 -9.243364 -0.548781 0.609756 1.402439 1420.000000 1433.000000 1429.000000 1424.000000 0.000666 0.000000 0.000000 
-4.260347 -5.952811 -9.183282 -4.268293 2.195122 1.219512 1416.000000 1437.000000 1429.000000 1424.000000 0.000666 0.000000 0.000000 
-8.264682 -9.674978 -8.543198 -13.170732 13.170732 1.463415 1397.000000 1456.000000 1428.000000 1425.000000 0.000666 0.000000 0.000000 
-10.059184 -11.610011 -8.335126 -0.426829 2.926829 1.829268 1410.000000 1445.000000 1427.000000 1428.000000 0.000666 0.000000 0.000000 
-9.927969 -11.787069 -8.256926 -9.573171 10.792684 1.829268 1401.000000 1452.000000 1428.000000 1425.000000 0.000666 0.000000 0.000000 
-13.653432 -15.393641 -7.416769 -18.780489 21.341463 -1.280488 1380.000000 1473.000000 1425.000000 1428.000000 0.000666 0.000000 0.000000 
-15.329778 -17.389315 -6.847757 0.670732 -0.609756 -0.000000 1405.000000 1448.000000 1428.000000 1425.000000 0.000666 0.000000 0.000000 
-14.601467 -16.588684 -7.171805 0.487805 0.487805 0.243902 1407.000000 1446.000000 1428.000000 1425.000000 0.000666 0.000000 0.000000 
-17.665495 -19.330812 -6.237812 -23.231709 27.500000 -1.158537 1369.000000 1484.000000 1425.000000 1428.000000 0.000666 0.000000 0.000000 
-16.328398 -17.977785 -6.705627 8.780488 -10.548780 0.731707 1419.000000 1434.000000 1428.000000 1425.000000 0.000666 0.000000 0.000000 
-18.105831 -19.639479 -6.076664 -19.268293 24.695122 -1.768293 1372.000000 1481.000000 1424.000000 1429.000000 0.000666 0.000000 0.000000 
-18.067123 -20.042164 -6.018714 7.378049 -12.378049 1.524390 1414.000000 1439.000000 1430.000000 1423.000000 0.000666 0.000000 0.000000 
-17.794666 -19.631609 -6.164240 -7.560976 8.536586 -0.853659 1392.000000 1461.000000 1426.000000 1427.000000 0.000666 0.000000 0.000000 
-19.149748 -21.154503 -5.651603 0.365854 -1.402439 -0.182927 1400.000000 1453.000000 1430.000000 1423.000000 0.000666 0.000000 0.000000 
-18.704350 -20.725990 -5.806197 0.792683 -2.012195 -1.158537 1403.000000 1452.000000 1429.000000 1426.000000 0.000666 0.000000 0.000000 
-19.164515 -21.399313 -5.571789 1.951220 -3.231707 -0.548781 1403.000000 1452.000000 1431.000000 1424.000000 0.000665 0.000000 0.000000 
-13.570605 -15.240908 -7.540059 24.695122 -30.853659 2.012195 1444.000000 1409.000000 1432.000000 1421.000000 0.000666 0.000000 0.000000 
-10.786139 -12.576536 -8.173882 1.829268 2.987805 0.914634 1413.000000 1442.000000 1426.000000 1429.000000 0.000666 0.000000 0.000000 
-12.251158 -14.007667 -7.798118 -8.414635 7.987805 1.707317 1397.000000 1456.000000 1427.000000 1426.000000 0.000666 0.000000 0.000000 
-11.738684 -14.005324 -7.833652 9.146341 -11.646341 -1.707317 1421.000000 1432.000000 1429.000000 1424.000000 0.000666 0.000000 0.000000 
-8.794622 -11.386503 -8.466983 18.170732 -18.963415 0.792683 1438.000000 1417.000000 1430.000000 1425.000000 0.000666 0.000000 0.000000 
-6.196047 -8.913277 -8.956514 5.731708 -5.975610 0.365854 1427.000000 1428.000000 1430.000000 1425.000000 0.000666 0.000000 0.000000 
-6.868159 -9.510067 -8.791582 -10.975610 12.073171 -1.158537 1401.000000 1454.000000 1428.000000 1427.000000 0.000666 0.000000 0.000000 
-9.093624 -11.108394 -8.457929 5.487805 -4.756098 0.548781 1421.000000 1434.000000 1429.000000 1426.000000 0.000666 0.000000 0.000000 
-7.563139 -9.552711 -8.805182 10.304878 -9.695122 0.243902 1428.000000 1425.000000 1427.000000 1426.000000 0.000666 0.000000 0.000000 
-5.917522 -8.168055 -9.008025 4.451220 -5.975610 0.975610 1424.000000 1429.000000 1429.000000 1424.000000 0.000665 0.000000 0.000000 
-5.829910 -8.009518 -9.053163 0.914634 2.195122 -0.060976 1417.000000 1436.000000 1427.000000 1426.000000 0.000666 0.000000 0.000000 
-5.536245 -7.492890 -9.069830 2.926829 -5.000000 1.829268 1422.000000 1431.000000 1428.000000 1425.000000 0.000666 0.000000 0.000000 
-4.763577 -6.389931 -9.278673 9.451220 -7.378049 0.060976 1429.000000 1424.000000 1427.000000 1426.000000 0.000666 0.000000 0.000000 
-3.374485 -4.688230 -9.417409 7.621952 -6.463415 0.426829 1431.000000 1422.000000 1426.000000 1427.000000 0.000666 0.000000 0.000000 
-2.004298 -3.697447 -9.526094 3.414634 1.036585 0.609756 1424.000000 1429.000000 1426.000000 1427.000000 0.000666 0.000000 0.000000 
-1.343361 -3.143532 -9.646609 2.195122 -3.719512 0.975610 1426.000000 1427.000000 1429.000000 1424.000000 0.000666 0.000000 0.000000 
-2.696137 -4.626583 -9.558402 -21.524391 26.219513 -0.609756 1393.000000 1460.000000 1426.000000 1427.000000 0.000666 0.000000 0.000000 
-8.075957 -9.259060 -8.881098 -26.341463 29.634148 -0.121951 1378.000000 1475.000000 1425.000000 1428.000000 0.000666 0.000000 0.000000 
-9.736440 -11.210112 -8.466020 8.780488 -11.829268 -1.524390 1423.000000 1430.000000 1430.000000 1423.000000 0.000666 0.000000 0.000000 
-4.517738 -6.175126 -9.352843 45.609756 -48.353661 0.731707 1480.000000 1373.000000 1430.000000 1423.000000 0.000665 0.000000 0.000000 
2.866709 0.734505 -9.773410 21.341463 -22.256098 1.341463 1461.000000 1392.000000 1428.000000 1425.000000 0.000666 0.000000 0.000000 
-8.882487 -10.987079 -8.670385 -65.000000 65.000000 2.865854 1321.000000 1532.000000 1428.000000 1425.000000 0.000666 0.000000 0.000000 
-10.793891 -12.973009 -8.255328 39.573174 -40.731709 2.195122 1460.000000 1393.000000 1428.000000 1425.000000 0.000666 0.000000 0.000000 
-3.316296 -5.772589 -9.557793 25.792683 -29.024391 1.768293 1460.000000 1393.000000 1430.000000 1423.000000 0.000666 0.000000 0.000000 
-4.025372 -6.384177 -9.319887 -27.621952 30.548780 3.353659 1384.000000 1469.000000 1427.000000 1426.000000 0.000666 0.000000 0.000000 
-10.399665 -12.067704 -8.435654 -19.939024 22.804878 2.134146 1380.000000 1473.000000 1427.000000 1426.000000 0.000666 0.000000 0.000000 
-9.904432 -11.364651 -8.565450 27.682928 -32.134148 0.365854 1449.000000 1404.000000 1430.000000 1423.000000 0.000666 0.000000 0.000000 
5.223164 2.533559 -9.763382 25.731709 -27.865854 -2.134146 1471.000000 1382.000000 1429.000000 1424.000000 0.000666 0.000000 0.000000 
4.716578 1.650683 -9.787116 -26.280489 25.914635 -1.890244 1397.000000 1456.000000 1427.000000 1426.000000 0.000666 0.000000 0.000000 
1.921889 -1.160328 -9.659491 -7.621952 5.426829 -2.195122 1417.000000 1436.000000 1429.000000 1424.000000 0.000666 0.000000 0.000000 
2.641262 -0.065569 -9.820161 16.890244 -19.756098 1.341463 1452.000000 1401.000000 1430.000000 1423.000000 0.000665 0.000000 0.000000 
5.698180 2.932513 -9.711496 5.731708 -6.158537 -0.731707 1441.000000 1412.000000 1429.000000 1424.000000 0.000666 0.000000 0.000000 
1.448983 -1.020286 -9.979222 -54.268295 60.365856 1.890244 1357.000000 1498.000000 1426.000000 1429.000000 0.000666 0.000000 0.000000 
-10.364047 -12.497778 -8.190829 -54.268295 60.304878 5.548780 1333.000000 1520.000000 1424.000000 1429.000000 0.000666 0.000000 0.000000 
0.828477 -2.604613 -9.679447 85.975609 -89.024391 2.195122 1547.000000 1306.000000 1433.000000 1420.000000 0.000666 0.000000 0.000000 
4.384811 1.203459 -9.518540 -30.731709 38.292683 1.280488 1388.000000 1465.000000 1428.000000 1425.000000 0.000666 0.000000 0.000000 
-1.985720 -4.863202 -9.125460 -21.829269 21.829269 1.646341 1392.000000 1463.000000 1430.000000 1425.000000 0.000666 0.000000 0.000000 
-1.692382 -4.355942 -9.415455 26.158537 -24.268293 1.524390 1454.000000 1399.000000 1427.000000 1426.000000 0.000666 0.000000 0.000000 
4.438221 1.466524 -9.467722 24.451220 -25.426830 0.548781 1464.000000 1389.000000 1430.000000 1423.000000 0.000666 0.000000 0.000000 
5.679490 2.459443 -9.475869 -16.097561 16.402439 2.256098 1413.000000 1440.000000 1429.000000 1424.000000 0.000666 0.000000 0.000000 
0.909370 -1.971019 -9.322783 -35.000000 38.536587 -1.524390 1379.000000 1476.000000 1427.000000 1428.000000 0.000666 0.000000 0.000000 
-5.640304 -7.810178 -9.024626 -14.451220 15.182927 -2.560976 1400.000000 1453.000000 1427.000000 1426.000000 0.000666 0.000000 0.000000 
-9.494372 -11.409494 -8.293911 -13.231708 10.426829 -5.000000 1393.000000 1460.000000 1429.000000 1424.000000 0.000666 0.000000 0.000000 
-7.452332 -9.415339 -8.720418 26.951220 -27.682928 -5.060976 1451.000000 1402.000000 1428.000000 1425.000000 0.000666 0.000000 0.000000 
-3.002383 -5.141047 -9.356857 13.963415 -20.426830 -5.975610 1445.000000 1410.000000 1431.000000 1424.000000 0.000666 0.000000 0.000000 
-1.877691 -4.100021 -9.281388 -5.060976 6.463415 -2.317073 1417.000000 1436.000000 1428.000000 1425.000000 0.000666 0.000000 0.000000 
-4.177736 -6.253837 -9.161474 -17.926830 16.341463 -4.268293 1399.000000 1454.000000 1428.000000 1425.000000 0.000666 0.000000 0.000000 
-10.068865 -11.930883 -8.309357 -50.914635 59.024391 2.865854 1343.000000 1510.000000 1423.000000 1430.000000 0.000666 0.000000 0.000000 
-16.549374 -18.253227 -6.426693 35.792683 -38.414635 2.439024 1452.000000 1403.000000 1430.000000 1425.000000 0.000666 0.000000 0.000000 
-11.253956 -12.940475 -7.936564 11.219512 -12.560976 0.792683 1429.000000 1424.000000 1429.000000 1424.000000 0.000666 0.000000 0.000000 
-12.340234 -13.931767 -7.670757 -17.256098 19.146341 2.134146 1386.000000 1467.000000 1426.000000 1427.000000 0.000666 0.000000 0.000000 
-14.467155 -16.243490 -7.084108 -3.292683 -0.609756 3.170732 1402.000000 1451.000000 1429.000000 1424.000000 0.000666 0.000000 0.000000 
-11.855079 -13.602036 -7.786294 26.646341 -29.024391 0.914634 1447.000000 1408.000000 1430.000000 1425.000000 0.000666 0.000000 0.000000 
-7.231321 -9.170156 -8.780874 14.695123 -19.207317 1.646341 1439.000000 1414.000000 1429.000000 1424.000000 0.000666 0.000000 0.000000 
-6.920233 -8.826745 -8.652685 -16.219513 17.621952 1.158537 1396.000000 1457.000000 1427.000000 1426.000000 0.000665 0.000000 0.000000 
-14.140425 -15.938009 -7.148642 -7.621952 8.170732 3.902439 1394.000000 1459.000000 1427.000000 1426.000000 0.000666 0.000000 0.000000 
-13.011658 -14.776094 -7.518740 17.500000 -20.792683 2.317073 1432.000000 1421.000000 1429.000000 1424.000000 0.000666 0.000000 0.000000 
-8.815708 -10.829916 -8.376233 15.670732 -18.841463 1.341463 1437.000000 1416.000000 1429.000000 1424.000000 0.000666 0.000000 0.000000 
-8.789380 -10.818746 -8.492814 -13.231708 14.451220 0.609756 1398.000000 1455.000000 1427.000000 1426.000000 0.000665 0.000000 0.000000 
-12.273818 -13.633279 -7.758774 -15.548780 14.817074 1.036585 1389.000000 1464.000000 1427.000000 1426.000000 0.000666 0.000000 0.000000 
-12.871952 -14.553299 -7.593609 11.463415 -11.646341 1.585366 1421.000000 1432.000000 1428.000000 1425.000000 0.000666 0.000000 0.000000 
-8.099649 -9.839934 -8.641117 32.926830 -36.219513 1.036585 1461.000000 1392.000000 1429.000000 1424.000000 0.000666 0.000000 0.000000 
-3.214123 -5.482116 -9.285903 -9.939025 10.243902 -1.097561 1407.000000 1446.000000 1428.000000 1425.000000 0.000666 0.000000 0.000000 
-4.282010 -6.552697 -9.130272 -0.914634 0.365854 2.134146 1418.000000 1435.000000 1427.000000 1426.000000 0.000666 0.000000 0.000000 
-3.886146 -5.954059 -9.323954 4.695122 -8.170732 0.304878 1428.000000 1425.000000 1429.000000 1424.000000 0.000666 0.000000 0.000000 
-2.815935 -5.006923 -9.319012 5.609756 -4.634146 1.585366 1429.000000 1426.000000 1429.000000 1426.000000 0.000666 0.000000 0.000000 
-1.355021 -3.752663 -9.547978 7.500000 -8.780488 -0.365854 1434.000000 1419.000000 1429.000000 1424.000000 0.000666 0.000000 0.000000 
-0.100955 -2.470076 -9.511092 3.963415 -6.219512 -0.731707 1432.000000 1421.000000 1429.000000 1424.000000 0.000677 0.000000 0.000000 
-0.196376 -2.654849 -9.627938 -6.890244 7.195122 -2.378049 1416.000000 1437.000000 1427.000000 1426.000000 0.000684 0.000000 0.000000 
-2.092587 -4.638785 -9.477501 -0.304878 -0.304878 -2.012195 1421.000000 1432.000000 1428.000000 1425.000000 0.000696 0.000000 0.000000 
-1.120131 -3.787367 -9.398740 6.036585 -9.207317 -2.500000 1433.000000 1420.000000 1429.000000 1424.000000 0.000697 0.000000 0.000000 
-0.317089 -2.869941 -9.611732 1.158537 -3.719512 -2.195122 1429.000000 1424.000000 1429.000000 1424.000000 0.000697 0.000000 0.000000 
0.250346 -2.779414 -9.450542 -3.048780 0.365854 -2.256098 1422.000000 1431.000000 1429.000000 1424.000000 0.000696 0.000000 0.000000 
-0.715048 -3.385072 -9.563379 -1.280488 2.378049 -1.524390 1422.000000 1431.000000 1427.000000 1426.000000 0.000697 0.000000 0.000000 
0.087306 -2.543494 -9.488102 6.097561 -10.182927 -1.707317 1436.000000 1417.000000 1430.000000 1423.000000 0.000697 0.000000 0.000000 
1.254022 -1.461896 -9.670895 4.024390 -4.939024 -0.670732 1433.000000 1420.000000 1430.000000 1423.000000 0.000697 0.000000 0.000000 
-1.949587 -3.892926 -9.508805 -23.475611 22.500000 0.182927 1392.000000 1461.000000 1429.000000 1424.000000 0.000697 0.000000 0.000000 
-5.408307 -7.200531 -9.163817 -21.646341 25.792683 -0.060976 1387.000000 1466.000000 1426.000000 1427.000000 0.000697 0.000000 0.000000 
-9.909467 -11.364074 -8.394928 -8.048780 7.621952 -4.085366 1398.000000 1455.000000 1428.000000 1425.000000 0.000697 0.000000 0.000000 
-6.980289 -8.573347 -8.908673 32.012196 -33.719513 -4.207317 1460.000000 1393.000000 1429.000000 1424.000000 0.000697 0.000000 0.000000 
-2.268222 -4.323736 -9.453940 5.548780 -9.451220 -7.743903 1435.000000 1418.000000 1429.000000 1424.000000 0.000697 0.000000 0.000000 
-3.745685 -5.917327 -9.102405 -25.060976 28.292683 -4.390244 1386.000000 1467.000000 1426.000000 1427.000000 0.000697 0.000000 0.000000 
-9.642948 -11.378105 -8.375769 -27.195122 26.402439 -3.170732 1372.000000 1481.000000 1428.000000 1425.000000 0.000697 0.000000 0.000000 
-6.491555 -8.351945 -8.941448 34.756100 -39.024391 -1.158537 1469.000000 1384.000000 1430.000000 1423.000000 0.000697 0.000000 0.000000 
-4.176430 -5.408465 -9.258548 -7.256098 7.560976 -5.426829 1412.000000 1441.000000 1427.000000 1426.000000 0.000697 0.000000 0.000000 
-6.067106 -7.547945 -8.937251 -13.292684 10.243902 -1.707317 1400.000000 1453.000000 1427.000000 1426.000000 0.000697 0.000000 0.000000 
-5.898922 -7.416379 -8.991265 12.804878 -14.756098 -0.182927 1434.000000 1419.000000 1429.000000 1424.000000 0.000697 0.000000 0.000000 
-2.429520 -4.370077 -9.362826 21.097561 -21.036587 1.829268 1450.000000 1403.000000 1428.000000 1425.000000 0.000696 0.000000 0.000000 
-0.219083 -2.367641 -9.525991 -0.182927 0.975610 1.585366 1426.000000 1427.000000 1428.000000 1425.000000 0.000697 0.000000 0.000000 
-2.735504 -4.451271 -9.294207 -20.182928 21.829269 1.219512 1393.000000 1460.000000 1427.000000 1426.000000 0.000697 0.000000 0.000000 
-6.658402 -8.125062 -8.872478 11.829268 -10.182927 2.926829 1430.000000 1423.000000 1426.000000 1427.000000 0.000697 0.000000 0.000000 
-4.430866 -6.402782 -9.250961 7.439024 -9.695122 0.670732 1431.000000 1422.000000 1429.000000 1424.000000 0.000697 0.000000 0.000000 
-3.774222 -5.803211 -9.222198 -0.792683 2.439024 0.853659 1419.000000 1434.000000 1427.000000 1426.000000 0.000696 0.000000 0.000000 
-4.030419 -6.106587 -9.278212 0.243902 -0.487805 0.304878 1418.000000 1435.000000 1427.000000 1426.000000 0.000698 0.000000 0.000000 
-4.138431 -5.150435 -9.289305 4.268293 -6.463415 -1.097561 1429.000000 1424.000000 1429.000000 1424.000000 0.000704 0.000000 0.000000 
-3.356083 -3.968668 -9.505589 7.621952 -10.060976 -0.548781 1434.000000 1421.000000 1428.000000 1427.000000 0.000712 0.000000 0.000000 
-1.332386 -2.294561 -9.543491 8.292683 -10.000000 -2.500000 1438.000000 1415.000000 1428.000000 1425.000000 0.000723 0.000000 0.000000 
-2.532403 -3.609358 -9.528522 -13.902439 16.097561 -3.048780 1401.000000 1452.000000 1426.000000 1427.000000 0.000730 0.000000 0.000000 
-4.427666 -4.974115 -9.428542 1.158537 -3.109756 -1.768293 1422.000000 1431.000000 1427.000000 1426.000000 0.000734 0.000000 0.000000 
-1.991765 -3.115059 -9.580349 13.597561 -14.573171 -1.524390 1443.000000 1410.000000 1429.000000 1424.000000 0.000743 0.000000 0.000000 
-0.558146 -1.946170 -9.640113 -1.402439 0.365854 -1.280488 1424.000000 1429.000000 1428.000000 1425.000000 0.000747 0.000000 0.000000 
-1.690852 -3.447649 -9.527786 -11.402439 10.792684 -2.804878 1407.000000 1448.000000 1429.000000 1426.000000 0.000753 0.000000 0.000000 
-2.170623 -4.639595 -9.444348 5.182927 -6.402439 0.304878 1429.000000 1426.000000 1430.000000 1425.000000 0.000753 0.000000 0.000000 
0.202673 -2.010548 -9.675602 19.817074 -18.475611 1.097561 1451.000000 1398.000000 1427.000000 1422.000000 0.000752 0.000000 0.000000 
1.602608 -0.843191 -9.674656 -17.439024 15.914635 -1.036585 1403.000000 1450.000000 1429.000000 1424.000000 0.000753 0.000000 0.000000 
-0.797498 -2.973754 -9.493274 -4.634146 7.682927 1.158537 1415.000000 1438.000000 1427.000000 1426.000000 0.000753 0.000000 0.000000 
-0.749211 -2.230081 -9.623732 8.048780 -8.414635 -0.000000 1437.000000 1416.000000 1428.000000 1425.000000 0.000753 0.000000 0.000000 
0.340029 -1.260167 -9.591088 -0.060976 -1.219512 0.243902 1427.000000 1426.000000 1428.000000 1425.000000 0.000758 0.000000 0.000000 
-0.465587 -2.339730 -9.622003 -7.500000 12.682927 -0.000000 1411.000000 1444.000000 1426.000000 1429.000000 0.000773 0.000000 0.000000 
-1.909507 -3.413082 -9.471067 -1.280488 -0.243902 0.060976 1419.000000 1432.000000 1426.000000 1425.000000 0.000789 0.000000 0.000000 
-1.271974 -2.293868 -9.642614 9.512196 -13.231708 -0.000000 1441.000000 1412.000000 1430.000000 1423.000000 0.000806 0.000000 0.000000 
-0.942018 -1.670087 -9.699866 -9.939025 12.682927 1.280488 1406.000000 1447.000000 1425.000000 1428.000000 0.000820 0.000000 0.000000 
-1.229173 -2.100781 -9.566726 2.073171 -3.170732 -0.609756 1428.000000 1425.000000 1427.000000 1426.000000 0.000839 0.000000 0.000000 
-0.666654 -1.495462 -9.698990 0.426829 -4.634146 0.304878 1430.000000 1425.000000 1430.000000 1425.000000 0.000847 0.000000 0.000000 
0.006613 -1.276093 -9.608766 -1.158537 3.292683 -1.768293 1424.000000 1429.000000 1427.000000 1426.000000 0.000847 0.000000 0.000000 
-1.370285 -2.390309 -9.638535 0.548781 3.841464 -0.426829 1421.000000 1432.000000 1425.000000 1428.000000 0.000877 0.000000 0.000000 
-1.231679 -2.445727 -9.546379 -1.341463 0.060976 0.609756 1420.000000 1433.000000 1428.000000 1425.000000 0.000933 0.000000 0.000000 
-1.193434 -3.002291 -9.629539 0.243902 -1.280488 -3.109756 1423.000000 1430.000000 1429.000000 1424.000000 0.000968 0.000000 0.000000 
-1.578142 -2.184209 -9.545959 -1.341463 -0.548781 -2.317073 1424.000000 1429.000000 1427.000000 1426.000000 0.000981 0.000000 0.000000 
-2.011646 -2.937064 -9.613505 -7.378049 6.097561 -1.280488 1409.000000 1444.000000 1430.000000 1423.000000 0.000983 0.000000 0.000000 
-2.516140 -4.182570 -9.389747 -2.500000 7.500000 -1.158537 1411.000000 1444.000000 1427.000000 1428.000000 0.000984 0.000000 0.000000 
-1.444256 -3.710135 -9.519390 7.560976 -11.707317 -1.402439 1439.000000 1416.000000 1431.000000 1424.000000 0.000984 0.000000 0.000000 
1.706406 -1.351955 -9.593942 -17.865854 22.134148 0.914634 1391.000000 1462.000000 1427.000000 1426.000000 0.000984 0.000000 0.000000 
-2.164613 -4.545934 -9.349192 -8.658537 6.707317 -3.048780 1403.000000 1450.000000 1430.000000 1423.000000 0.000983 0.000000 0.000000 
-1.794145 -4.314727 -9.577648 9.634147 -9.512196 1.829268 1439.000000 1414.000000 1430.000000 1423.000000 0.000983 0.000000 0.000000 
0.773671 -2.258825 -9.550308 4.085366 -2.560976 -1.341463 1433.000000 1420.000000 1429.000000 1424.000000 0.000983 0.000000 0.000000 
-3.134418 -5.895594 -9.145156 -12.012196 15.243903 -0.060976 1386.000000 1467.000000 1426.000000 1427.000000 0.000984 0.000000 0.000000 
-2.680042 -5.356198 -9.231855 14.451220 -20.975611 -0.121951 1453.000000 1402.000000 1434.000000 1421.000000 0.000984 0.000000 0.000000 
-0.383952 -3.535567 -9.527080 1.707317 -1.097561 -4.329268 1428.000000 1425.000000 1430.000000 1423.000000 0.000984 0.000000 0.000000 
-2.193759 -4.678823 -9.240483 -9.817074 9.390244 -2.256098 1401.000000 1452.000000 1428.000000 1425.000000 0.000984 0.000000 0.000000 
-3.267091 -5.243843 -9.375141 5.000000 -6.341464 -1.585366 1429.000000 1424.000000 1431.000000 1422.000000 0.000983 0.000000 0.000000 
0.153537 -2.596610 -9.476058 12.804878 -13.231708 1.341463 1451.000000 1402.000000 1430.000000 1423.000000 0.000984 0.000000 0.000000 
-2.377102 -4.790442 -9.634579 -43.292683 48.292683 1.158537 1335.000000 1518.000000 1426.000000 1427.000000 0.000984 0.000000 0.000000 
-14.112559 -16.161808 -7.302492 39.024391 -40.487804 4.512195 1467.000000 1386.000000 1431.000000 1422.000000 0.000984 0.000000 0.000000 
-8.051532 -9.997537 -8.747244 3.292683 -5.365854 2.682927 1426.000000 1429.000000 1431.000000 1424.000000 0.000984 0.000000 0.000000 
-11.786185 -13.764316 -7.892026 -25.304878 29.634148 6.402439 1345.000000 1506.000000 1424.000000 1427.000000 0.000984 0.000000 0.000000 
-12.134241 -13.848083 -7.908532 38.048782 -42.621952 5.792683 1473.000000 1380.000000 1431.000000 1422.000000 0.000984 0.000000 0.000000 
-2.406309 -4.603930 -9.556983 37.926830 -42.500000 5.487805 1507.000000 1348.000000 1433.000000 1422.000000 0.000984 0.000000 0.000000 
-7.040721 -8.860906 -9.049994 -88.719513 90.060974 2.682927 1248.000000 1605.000000 1423.000000 1430.000000 0.000983 0.000000 0.000000 
-15.932860 -18.211290 -6.994015 32.195122 -42.926830 -0.792683 1478.000000 1375.000000 1444.000000 1409.000000 0.000984 0.000000 0.000000 
7.591983 4.261698 -9.662992 -39.573174 -2.012195 -13.170732 1394.000000 1459.000000 1478.000000 1375.000000 0.000982 0.000000 0.000000 
12.364049 8.611068 -8.830882 -10.000000 16.829269 0.731707 1442.000000 1411.000000 1424.000000 1429.000000 0.000712 0.000000 0.000000 
5.733429 2.970911 -9.914298 -38.292683 58.414635 -1.402439 1366.000000 1489.000000 1414.000000 1441.000000 0.000672 0.000000 0.000000 
4.329926 1.114389 -9.519229 12.926829 -24.207317 3.902439 1453.000000 1402.000000 1436.000000 1419.000000 0.000635 0.000000 0.000000 
8.039145 5.025959 -9.608381 27.926830 -25.243902 0.792683 1466.000000 1389.000000 1428.000000 1427.000000 0.000559 0.000000 0.000000 
13.527344 9.901277 -8.619916 1.524390 -2.560976 -0.609756 1443.000000 1412.000000 1430.000000 1425.000000 0.000527 0.000000 0.000000 
7.475742 4.719422 -9.443615 -50.487804 53.048782 0.914634 1380.000000 1473.000000 1425.000000 1428.000000 0.000527 0.000000 0.000000 
-4.885391 -6.774642 -9.282866 -17.804878 20.731709 -1.829268 1401.000000 1454.000000 1427.000000 1428.000000 0.000527 0.000000 0.000000 
-4.053631 -6.005124 -9.590203 14.024390 -20.792683 -4.390244 1440.000000 1415.000000 1432.000000 1423.000000 0.000528 0.000000 0.000000 
-1.074566 -3.065233 -9.622090 9.207317 -5.670732 1.402439 1434.000000 1419.000000 1427.000000 1426.000000 0.000528 0.000000 0.000000 
-1.101948 -2.731189 -9.820713 -6.341464 7.743903 -1.829268 1418.000000 1435.000000 1425.000000 1428.000000 0.000528 0.000000 0.000000 
-1.357625 -3.101534 -9.506721 -8.841464 -0.914634 3.841464 1421.000000 1434.000000 1432.000000 1423.000000 0.000528 0.000000 0.000000 
-1.923894 -3.604926 -9.779410 1.890244 1.951220 1.463415 1423.000000 1430.000000 1427.000000 1426.000000 0.000528 0.000000 0.000000 
-0.117269 -1.992602 -9.487643 10.426829 -9.756098 1.951220 1437.000000 1416.000000 1427.000000 1426.000000 0.000528 0.000000 0.000000 
1.053264 -1.442406 -9.538022 -1.585366 9.085366 -1.280488 1422.000000 1433.000000 1426.000000 1429.000000 0.000528 0.000000 0.000000 
-0.670059 -3.647076 -9.647402 -12.804878 12.134147 4.573171 1410.000000 1443.000000 1428.000000 1425.000000 0.000527 0.000000 0.000000 
-0.957275 -4.210864 -9.484035 3.109756 -3.231707 -2.378049 1426.000000 1427.000000 1429.000000 1424.000000 0.000528 0.000000 0.000000 
0.533451 -4.000448 -9.612084 3.048780 -2.134146 0.426829 1429.000000 1426.000000 1429.000000 1426.000000 0.000528 0.000000 0.000000 
1.483972 -2.564171 -9.663600 6.097561 -10.548780 -2.134146 1435.000000 1420.000000 1431.000000 1424.000000 0.000527 0.000000 0.000000 
2.521439 -1.876470 -9.671247 1.280488 1.219512 0.853659 1428.000000 1425.000000 1428.000000 1425.000000 0.000528 0.000000 0.000000 
2.565297 -1.760796 -9.733889 -2.987805 2.987805 -1.219512 1424.000000 1429.000000 1427.000000 1426.000000 0.000528 0.000000 0.000000 
1.822453 -2.162176 -9.746074 3.292683 -2.500000 -0.548781 1430.000000 1425.000000 1428.000000 1427.000000 0.000528 0.000000 0.000000 
1.198282 -2.108500 -9.564269 -2.560976 1.402439 1.341463 1425.000000 1428.000000 1429.000000 1424.000000 0.000529 0.000000 0.000000 
0.465286 -2.581178 -9.793507 -1.097561 0.975610 0.060976 1423.000000 1430.000000 1428.000000 1425.000000 0.000529 0.000000 0.000000 
0.561053 -2.047099 -9.540097 1.951220 -1.402439 -0.487805 1429.000000 1426.000000 1428.000000 1427.000000 0.000529 0.000000 0.000000 
0.338336 -2.294246 -9.798938 -2.378049 0.609756 -0.000000 1423.000000 1430.000000 1427.000000 1426.000000 0.000528 0.000000 0.000000 
0.554913 -1.642714 -9.569081 6.158537 -4.146341 -2.378049 1430.000000 1423.000000 1425.000000 1428.000000 0.000529 0.000000 0.000000 
0.767312 -1.372944 -9.808228 -0.365854 -2.682927 -0.426829 1425.000000 1428.000000 1425.000000 1428.000000 0.000529 0.000000 0.000000 
1.517363 -0.488912 -9.860909 2.682927 -3.902439 -1.158537 1427.000000 1428.000000 1424.000000 1431.000000 0.000529 0.000000 0.000000 
2.828683 0.745858 -9.714752 3.292683 -4.756098 -4.512195 1429.000000 1424.000000 1424.000000 1429.000000 0.000529 0.000000 0.000000 
3.353741 1.139560 -9.770221 2.378049 -5.060976 -0.060976 1427.000000 1426.000000 1424.000000 1429.000000 0.000529 0.000000 0.000000 
4.942390 2.445404 -9.679166 8.353659 -8.902439 -3.231707 1434.000000 1421.000000 1422.000000 1433.000000 0.000529 0.000000 0.000000 
5.593406 3.337082 -9.675379 0.426829 -4.512195 0.853659 1427.000000 1426.000000 1422.000000 1431.000000 0.000528 0.000000 0.000000 
6.476676 3.670480 -9.667402 -2.621951 1.341463 -1.036585 1424.000000 1429.000000 1421.000000 1432.000000 0.000529 0.000000 0.000000 
5.590230 3.056549 -9.703797 -6.341464 4.817073 2.195122 1424.000000 1431.000000 1427.000000 1428.000000 0.000529 0.000000 0.000000 
6.162668 2.534611 -9.875535 0.365854 -1.646341 0.609756 1433.000000 1422.000000 1429.000000 1426.000000 0.000529 0.000000 0.000000 
6.175172 2.528309 -9.938929 -3.414634 1.585366 -2.926829 1430.000000 1423.000000 1429.000000 1424.000000 0.000529 0.000000 0.000000 
4.974719 1.800247 -9.896102 -6.402439 5.000000 -1.463415 1424.000000 1429.000000 1428.000000 1425.000000 0.000529 0.000000 0.000000 
4.030565 0.742620 -9.963094 -8.170732 6.890244 -4.573171 1425.000000 1428.000000 1431.000000 1422.000000 0.000529 0.000000 0.000000 
1.690235 -0.742683 -9.870054 -10.060976 7.926829 -1.585366 1424.000000 1429.000000 1434.000000 1419.000000 0.000528 0.000000 0.000000 
-0.850017 -2.759197 -9.890563 -8.475610 9.207317 -3.536585 1422.000000 1431.000000 1433.000000 1420.000000 0.000529 0.000000 0.000000 
-2.880640 -3.902415 -9.792603 -5.853659 5.243903 -1.707317 1425.000000 1430.000000 1435.000000 1420.000000 0.000529 0.000000 0.000000 
-2.809182 -2.647663 -9.949976 4.939024 -9.451220 -2.682927 1439.000000 1414.000000 1435.000000 1418.000000 0.000529 0.000000 0.000000 
-1.949828 -2.551168 -10.084532 -5.487805 3.353659 -2.195122 1422.000000 1431.000000 1429.000000 1424.000000 0.000529 0.000000 0.000000 
-2.845296 -3.106068 -9.890767 -0.487805 1.707317 -3.170732 1422.000000 1431.000000 1426.000000 1427.000000 0.000529 0.000000 0.000000 
-2.620040 -3.225885 -10.030164 1.524390 -5.487805 -1.280488 1424.000000 1429.000000 1432.000000 1421.000000 0.000529 0.000000 0.000000 
0.474975 -2.291048 -10.011062 6.829268 -9.329268 -0.853659 1427.000000 1426.000000 1436.000000 1417.000000 0.000528 0.000000 0.000000 
0.765997 -1.266731 -10.139099 6.829268 -2.560976 0.304878 1424.000000 1429.000000 1433.000000 1420.000000 0.000529 0.000000 0.000000 
0.970489 -0.037770 -10.047289 1.341463 -2.500000 -0.182927 1423.000000 1430.000000 1434.000000 1419.000000 0.000529 0.000000 0.000000 
0.204061 -1.020203 -10.001757 -0.609756 5.731708 -2.195122 1416.000000 1437.000000 1432.000000 1421.000000 0.000529 0.000000 0.000000 
0.375843 -0.650916 -10.018670 1.829268 -6.768293 -0.000000 1428.000000 1425.000000 1431.000000 1422.000000 0.000528 0.000000 0.000000 
1.075657 -0.029991 -10.064027 0.243902 -2.195122 -2.317073 1428.000000 1425.000000 1428.000000 1425.000000 0.000529 0.000000 0.000000 
1.076962 -0.531909 -10.028390 -6.646342 8.231708 -1.524390 1421.000000 1432.000000 1426.000000 1427.000000 0.000529 0.000000 0.000000 
0.581989 -0.922238 -10.018858 -1.768293 -1.951220 -1.280488 1430.000000 1425.000000 1426.000000 1429.000000 0.000529 0.000000 0.000000 
-0.080966 -1.049651 -10.023709 0.243902 -0.243902 1.463415 1434.000000 1419.000000 1422.000000 1431.000000 0.000528 0.000000 0.000000 
-1.712670 -1.317238 -10.058752 -6.646342 10.487805 -0.365854 1422.000000 1431.000000 1418.000000 1435.000000 0.000529 0.000000 0.000000 
-3.828131 -4.463355 -9.809186 -4.329268 4.573171 1.524390 1423.000000 1430.000000 1421.000000 1432.000000 0.000529 0.000000 0.000000 
-3.962195 -4.922354 -9.764088 1.097561 3.475610 1.829268 1428.000000 1427.000000 1420.000000 1435.000000 0.000529 0.000000 0.000000 
-4.364141 -5.300658 -9.798218 -0.853659 2.073171 1.890244 1426.000000 1427.000000 1419.000000 1434.000000 0.000528 0.000000 0.000000 
-4.215550 -5.495065 -9.745499 -0.365854 -0.304878 2.378049 1427.000000 1426.000000 1421.000000 1432.000000 0.000529 0.000000 0.000000 
-4.595809 -5.740174 -9.787633 -1.280488 5.487805 -0.304878 1425.000000 1428.000000 1419.000000 1434.000000 0.000529 0.000000 0.000000 
-5.245952 -6.516030 -9.645877 -5.365854 3.841464 0.731707 1416.000000 1439.000000 1428.000000 1427.000000 0.000529 0.000000 0.000000 
-6.602164 -7.586206 -9.577518 -7.621952 6.402439 -1.524390 1412.000000 1441.000000 1428.000000 1425.000000 0.000528 0.000000 0.000000 
-5.969897 -7.351999 -9.647363 10.000000 -11.524390 -0.000000 1430.000000 1423.000000 1428.000000 1425.000000 0.000529 0.000000 0.000000 
-3.828265 -5.481621 -9.871217 8.902439 -10.792684 -1.219512 1433.000000 1420.000000 1428.000000 1425.000000 0.000529 0.000000 0.000000 
-2.062507 -4.085152 -10.075493 6.402439 -6.707317 0.243902 1431.000000 1424.000000 1428.000000 1427.000000 0.000529 0.000000 0.000000 
-1.222533 -3.232842 -10.073210 6.036585 -4.939024 -0.060976 1430.000000 1423.000000 1427.000000 1426.000000 0.000528 0.000000 0.000000 
-0.625639 -2.626948 -10.147710 0.914634 -0.670732 1.341463 1425.000000 1428.000000 1428.000000 1425.000000 0.000529 0.000000 0.000000 
-0.840081 -2.779103 -10.079997 -0.609756 2.926829 -0.792683 1423.000000 1430.000000 1427.000000 1426.000000 0.000529 0.000000 0.000000 
-2.577711 -3.621891 -10.054667 -4.573171 3.780488 0.609756 1415.000000 1438.000000 1433.000000 1420.000000 0.000529 0.000000 0.000000 
-0.817351 -2.143704 -10.143972 16.158537 -15.243903 1.097561 1434.000000 1419.000000 1434.000000 1419.000000 0.000528 0.000000 0.000000 
1.721767 0.232590 -10.173443 6.890244 -9.024390 1.219512 1430.000000 1423.000000 1435.000000 1418.000000 0.000529 0.000000 0.000000 
1.232823 0.306939 -10.175530 -3.170732 7.621952 0.182927 1416.000000 1437.000000 1433.000000 1420.000000 0.000529 0.000000 0.000000 
0.267451 -0.763520 -10.240243 0.853659 2.743902 -1.097561 1419.000000 1434.000000 1433.000000 1420.000000 0.000529 0.000000 0.000000 
1.596993 -0.438611 -10.270426 4.573171 -0.914634 0.548781 1424.000000 1429.000000 1433.000000 1420.000000 0.000529 0.000000 0.000000 
2.215223 0.060063 -10.239243 0.670732 -3.963415 -0.000000 1424.000000 1429.000000 1437.000000 1416.000000 0.000529 0.000000 0.000000 
2.418519 -0.269173 -10.257342 -2.743902 6.341464 -1.463415 1417.000000 1436.000000 1434.000000 1419.000000 0.000529 0.000000 0.000000 
1.610550 -0.960875 -10.210325 -4.329268 2.621951 -1.646341 1422.000000 1431.000000 1428.000000 1425.000000 0.000529 0.000000 0.000000 
2.894394 -1.359741 -10.229697 -3.353659 -1.402439 0.121951 1427.000000 1428.000000 1432.000000 1423.000000 0.000529 0.000000 0.000000 
3.120114 -0.927524 -10.214312 3.963415 0.609756 0.426829 1430.000000 1423.000000 1428.000000 1425.000000 0.000528 0.000000 0.000000 
0.504710 -1.836939 -10.162477 -2.865854 5.365854 1.280488 1421.000000 1432.000000 1428.000000 1425.000000 0.000529 0.000000 0.000000 
0.479987 -1.861709 -10.149850 -0.243902 1.219512 1.280488 1425.000000 1428.000000 1427.000000 1426.000000 0.000529 0.000000 0.000000 
0.321870 -1.980984 -10.186983 0.731707 -2.682927 -0.121951 1429.000000 1428.000000 1430.000000 1427.000000 0.000529 0.000000 0.000000 
-0.225573 -2.182598 -10.175469 -4.634146 3.414634 0.060976 1423.000000 1432.000000 1429.000000 1426.000000 0.000529 0.000000 0.000000 
-0.183012 -2.440224 -10.198536 0.487805 -0.731707 0.914634 1425.000000 1428.000000 1427.000000 1426.000000 0.000528 0.000000 0.000000 
0.496934 -2.024930 -10.214666 0.731707 -2.439024 1.890244 1428.000000 1425.000000 1429.000000 1424.000000 0.000529 0.000000 0.000000 
-0.149093 -2.213059 -10.241092 -1.341463 2.743902 1.280488 1423.000000 1430.000000 1428.000000 1425.000000 0.000529 0.000000 0.000000 
-0.613449 -2.989251 -10.156781 -3.414634 -1.585366 -0.792683 1424.000000 1431.000000 1430.000000 1425.000000 0.000529 0.000000 0.000000 
-1.939927 -3.193233 -10.149548 2.926829 -2.317073 -0.914634 1426.000000 1425.000000 1427.000000 1424.000000 0.000529 0.000000 0.000000 
-1.658215 -2.719014 -10.206685 3.780488 -1.768293 1.097561 1426.000000 1425.000000 1425.000000 1426.000000 0.000529 0.000000 0.000000 
-1.104961 -2.192095 -10.208194 2.073171 -3.841464 1.341463 1428.000000 1425.000000 1428.000000 1425.000000 0.000529 0.000000 0.000000 
-0.600111 -2.146037 -10.275592 1.707317 1.158537 1.341463 1426.000000 1427.000000 1427.000000 1426.000000 0.000529 0.000000 0.000000 
-0.647367 -1.930063 -10.245031 3.658537 -2.195122 0.426829 1427.000000 1426.000000 1426.000000 1427.000000 0.000529 0.000000 0.000000 
-0.116833 -1.879749 -10.280355 -1.524390 1.585366 0.121951 1425.000000 1430.000000 1429.000000 1426.000000 0.000529 0.000000 0.000000 
-0.142906 -1.339282 -10.226274 3.292683 -5.853659 -1.768293 1389.000000 1380.000000 1386.000000 1383.000000 0.000529 0.000000 0.000000 
1.162019 -0.388767 -10.242315 4.939024 -3.902439 -0.182927 1391.000000 1380.000000 1386.000000 1385.000000 0.000529 0.000000 0.000000 
1.933157 -0.255890 -10.278811 -0.731707 0.975610 0.853659 1387.000000 1386.000000 1387.000000 1386.000000 0.000529 0.000000 0.000000 
2.336342 -0.688586 -10.298123 -0.548781 -0.975610 0.060976 1389.000000 1388.000000 1391.000000 1386.000000 0.000529 0.000000 0.000000 
2.444767 -1.242355 -10.343362 -1.463415 2.743902 1.829268 1388.000000 1391.000000 1392.000000 1387.000000 0.000529 0.000000 0.000000 
2.078044 -1.361846 -10.344832 3.231707 0.243902 0.365854 1391.000000 1386.000000 1388.000000 1389.000000 0.000529 0.000000 0.000000 
2.343902 -1.072889 -10.382796 0.487805 -4.878049 1.829268 1391.000000 1384.000000 1391.000000 1384.000000 0.000529 0.000000 0.000000 
2.421659 0.535080 -10.387327 2.378049 -0.426829 -1.524390 1390.000000 1385.000000 1387.000000 1388.000000 0.000529 0.000000 0.000000 
2.544024 1.074995 -10.353691 -1.097561 -2.012195 -0.304878 1391.000000 1386.000000 1391.000000 1386.000000 0.000529 0.000000 0.000000 
2.630637 0.741700 -10.334684 -1.951220 5.487805 -0.060976 1387.000000 1390.000000 1388.000000 1389.000000 0.000529 0.000000 0.000000 
1.435726 -0.278292 -10.365397 -7.195122 7.987805 -0.487805 1380.000000 1395.000000 1387.000000 1388.000000 0.000528 0.000000 0.000000 
0.466685 -1.316889 -10.351533 -3.475610 -0.487805 0.853659 1385.000000 1390.000000 1390.000000 1385.000000 0.000529 0.000000 0.000000 
1.395180 -0.533689 -10.407677 10.487805 -7.926829 -0.731707 1397.000000 1378.000000 1387.000000 1388.000000 0.000529 0.000000 0.000000 
3.306240 1.024688 -10.400892 6.951220 -8.963415 1.036585 1399.000000 1376.000000 1389.000000 1386.000000 0.000529 0.000000 0.000000 
2.862424 -0.101397 -10.390445 -11.341464 14.329268 -0.975610 1377.000000 1400.000000 1388.000000 1389.000000 0.000529 0.000000 0.000000 
1.047035 -1.828977 -10.360870 -6.097561 3.109756 0.365854 1383.000000 1394.000000 1391.000000 1386.000000 0.000528 0.000000 0.000000 
1.245056 -1.615362 -10.383380 6.402439 -3.292683 0.365854 1393.000000 1382.000000 1388.000000 1387.000000 0.000529 0.000000 0.000000 
2.202355 -0.512061 -10.409237 1.524390 -2.073171 1.707317 1391.000000 1384.000000 1389.000000 1386.000000 0.000529 0.000000 0.000000 
2.017152 -0.405275 -10.400725 -2.195122 0.182927 1.646341 1387.000000 1388.000000 1390.000000 1385.000000 0.000529 0.000000 0.000000 
2.057990 0.093533 -10.406723 2.865854 0.792683 -0.975610 1391.000000 1386.000000 1388.000000 1389.000000 0.000529 0.000000 0.000000 
2.594436 0.006147 -10.409901 -0.731707 -0.609756 -0.792683 1390.000000 1387.000000 1390.000000 1387.000000 0.000529 0.000000 0.000000 
1.423538 -1.209298 -10.432626 -2.012195 4.756098 0.365854 1384.000000 1391.000000 1387.000000 1388.000000 0.000528 0.000000 0.000000 
1.289341 -1.526160 -10.433657 0.548781 -5.853659 -0.000000 1390.000000 1385.000000 1391.000000 1384.000000 0.000529 0.000000 0.000000 
1.965665 -0.846785 -10.434257 2.987805 -2.743902 -0.548781 1391.000000 1384.000000 1389.000000 1386.000000 0.000529 0.000000 0.000000 
2.020823 -1.075904 -10.463915 -2.134146 3.902439 -0.304878 1386.000000 1389.000000 1388.000000 1387.000000 0.000529 0.000000 0.000000 
0.795801 -1.875192 -10.428787 -5.548780 4.573171 1.890244 1383.000000 1394.000000 1390.000000 1387.000000 0.000529 0.000000 0.000000 
0.306476 -2.454003 -10.444585 -3.231707 5.000000 1.097561 1384.000000 1393.000000 1389.000000 1388.000000 0.000529 0.000000 0.000000 
-0.760005 -3.295999 -10.374508 -6.280488 4.207317 1.585366 1380.000000 1395.000000 1390.000000 1385.000000 0.000528 0.000000 0.000000 
-0.548508 -3.146290 -10.397173 7.134147 -7.378049 1.585366 1393.000000 1382.000000 1389.000000 1386.000000 0.000529 0.000000 0.000000 
0.526662 -2.022768 -10.514060 4.207317 -7.439024 0.060976 1393.000000 1382.000000 1390.000000 1385.000000 0.000529 0.000000 0.000000 
1.419185 -1.797644 -10.514787 0.548781 1.768293 -0.060976 1387.000000 1388.000000 1388.000000 1387.000000 0.000529 0.000000 0.000000 
1.263357 -2.385917 -10.534252 -2.926829 2.560976 1.097561 1386.000000 1391.000000 1390.000000 1387.000000 0.000529 0.000000 0.000000 
0.722725 -2.657531 -10.512294 -3.170732 3.353659 1.341463 1385.000000 1392.000000 1391.000000 1386.000000 0.000529 0.000000 0.000000 
-0.028085 -2.982552 -10.511810 0.914634 -0.243902 -0.365854 1387.000000 1390.000000 1389.000000 1388.000000 0.000528 0.000000 0.000000 
0.348667 -2.592388 -10.511138 2.560976 -5.426829 -0.548781 1390.000000 1385.000000 1390.000000 1385.000000 0.000529 0.000000 0.000000 
1.085901 -2.100985 -10.550282 -1.707317 2.073171 -2.317073 1385.000000 1390.000000 1389.000000 1386.000000 0.000529 0.000000 0.000000 
0.658148 -2.376121 -10.528664 -2.439024 1.646341 -0.609756 1385.000000 1390.000000 1389.000000 1386.000000 0.000529 0.000000 0.000000 
0.865859 -2.103583 -10.533522 5.182927 -4.390244 0.853659 1392.000000 1383.000000 1389.000000 1386.000000 0.000529 0.000000 0.000000 
1.254549 -1.084813 -10.606913 0.975610 -1.341463 2.073171 1390.000000 1387.000000 1390.000000 1387.000000 0.000529 0.000000 0.000000 
1.195376 -1.385826 -10.554135 -1.280488 1.768293 0.548781 1387.000000 1390.000000 1389.000000 1388.000000 0.000529 0.000000 0.000000 
1.699162 -1.523472 -10.589856 3.902439 -4.207317 1.280488 1391.000000 1384.000000 1389.000000 1386.000000 0.000528 0.000000 0.000000 
1.978495 -1.502602 -10.607175 -0.792683 0.182927 -0.243902 1387.000000 1388.000000 1390.000000 1385.000000 0.000529 0.000000 0.000000 
2.132294 -1.901207 -10.645066 -2.317073 3.170732 0.426829 1385.000000 1390.000000 1389.000000 1386.000000 0.000529 0.000000 0.000000 
1.572136 -1.802411 -10.623944 0.670732 -0.487805 2.560976 1388.000000 1387.000000 1389.000000 1386.000000 0.000529 0.000000 0.000000 
2.042243 -1.379831 -10.678783 2.804878 -5.609756 2.134146 1392.000000 1383.000000 1391.000000 1384.000000 0.000529 0.000000 0.000000 
2.018357 -0.678522 -10.683625 0.731707 0.121951 0.121951 1389.000000 1388.000000 1389.000000 1388.000000 0.000529 0.000000 0.000000 
0.291966 -1.820120 -10.701772 -7.378049 5.670732 -0.121951 1381.000000 1396.000000 1390.000000 1387.000000 0.000529 0.000000 0.000000 
0.127993 -1.972783 -10.693814 2.621951 -2.012195 -0.121951 1387.000000 1384.000000 1386.000000 1385.000000 0.000528 0.000000 0.000000 
0.955944 -1.588757 -10.744369 5.487805 -7.682927 0.548781 1391.000000 1382.000000 1390.000000 1383.000000 0.000529 0.000000 0.000000 
1.881669 -0.853548 -10.763873 -1.463415 0.670732 -0.914634 1380.000000 1393.000000 1395.000000 1378.000000 0.000529 0.000000 0.000000 
1.169704 -1.103054 -10.700430 -3.048780 2.865854 -2.378049 1377.000000 1396.000000 1394.000000 1379.000000 0.000529 0.000000 0.000000 
1.204401 -0.984127 -10.676241 2.743902 -3.597561 -1.280488 1383.000000 1390.000000 1395.000000 1378.000000 0.000529 0.000000 0.000000 
2.370868 0.020289 -10.679843 7.256098 -8.109756 -0.365854 1390.000000 1385.000000 1396.000000 1379.000000 0.000529 0.000000 0.000000 
4.321672 2.021044 -10.596199 3.414634 -3.414634 2.073171 1387.000000 1386.000000 1394.000000 1379.000000 0.000529 0.000000 0.000000 
4.924710 3.077235 -10.574438 5.060976 -6.829268 2.317073 1390.000000 1383.000000 1395.000000 1378.000000 0.000528 0.000000 0.000000 
6.012189 3.905799 -10.547128 4.329268 -4.024390 0.365854 1389.000000 1384.000000 1394.000000 1379.000000 0.000528 0.000000 0.000000 
6.657654 4.233502 -10.514456 -1.951220 0.975610 -0.304878 1384.000000 1387.000000 1394.000000 1377.000000 0.000529 0.000000 0.000000 
6.321158 3.955676 -10.530089 -3.170732 4.695122 0.182927 1381.000000 1392.000000 1393.000000 1380.000000 0.000529 0.000000 0.000000 
5.706522 3.274736 -10.509592 -4.573171 4.634146 -0.243902 1380.000000 1393.000000 1395.000000 1378.000000 0.000529 0.000000 0.000000 
5.470950 2.733085 -10.536959 1.646341 0.060976 0.365854 1391.000000 1382.000000 1387.000000 1386.000000 0.000529 0.000000 0.000000 
5.823171 2.772313 -10.561871 -1.585366 2.317073 0.060976 1390.000000 1385.000000 1389.000000 1386.000000 0.000529 0.000000 0.000000 
4.616192 2.029466 -10.597511 -6.036585 7.560976 -0.487805 1373.000000 1402.000000 1387.000000 1388.000000 0.000529 0.000000 0.000000 
4.077952 1.553303 -10.598340 1.768293 -0.914634 -1.341463 1380.000000 1395.000000 1387.000000 1388.000000 0.000529 0.000000 0.000000 
5.579428 2.941059 -10.548793 12.682927 -13.048780 -0.365854 1393.000000 1380.000000 1387.000000 1386.000000 0.000528 0.000000 0.000000 
8.280269 5.577185 -10.358498 13.719513 -15.548780 0.182927 1398.000000 1375.000000 1388.000000 1385.000000 0.000529 0.000000 0.000000 
10.136818 7.275458 -10.146476 6.158537 -5.914634 0.121951 1390.000000 1383.000000 1387.000000 1386.000000 0.000529 0.000000 0.000000 
10.563403 7.330698 -10.140279 -2.743902 2.621951 -0.487805 1380.000000 1393.000000 1388.000000 1385.000000 0.000529 0.000000 0.000000 
9.860870 6.432645 -10.264131 3.902439 -3.414634 0.487805 1385.000000 1388.000000 1388.000000 1385.000000 0.000529 0.000000 0.000000 
11.070098 7.463849 -10.127497 8.048780 -8.048780 1.280488 1392.000000 1381.000000 1389.000000 1384.000000 0.000529 0.000000 0.000000 
12.273741 9.250680 -9.836537 5.304878 -5.548780 0.548781 1392.000000 1383.000000 1389.000000 1386.000000 0.000529 0.000000 0.000000 
12.785612 9.252584 -9.845279 -1.097561 1.768293 -0.182927 1384.000000 1389.000000 1388.000000 1385.000000 0.000528 0.000000 0.000000 
12.561707 9.104808 -9.879147 1.219512 -0.853659 -0.121951 1385.000000 1388.000000 1388.000000 1385.000000 0.000529 0.000000 0.000000 
12.879761 9.652586 -9.789900 4.695122 -4.573171 0.182927 1391.000000 1384.000000 1389.000000 1386.000000 0.000529 0.000000 0.000000 
13.765841 10.628808 -9.600965 5.182927 -5.060976 0.426829 1391.000000 1382.000000 1388.000000 1385.000000 0.000529 0.000000 0.000000 
15.314708 12.819627 -9.131790 3.170732 -4.024390 -0.792683 1392.000000 1381.000000 1388.000000 1385.000000 0.000529 0.000000 0.000000 
15.871350 13.117240 -9.062310 1.768293 -1.524390 -0.365854 1390.000000 1383.000000 1388.000000 1385.000000 0.000529 0.000000 0.000000 
15.920133 13.269019 -9.025858 1.890244 -1.890244 0.853659 1392.000000 1383.000000 1389.000000 1386.000000 0.000529 0.000000 0.000000 
16.135479 13.645287 -8.951320 1.402439 -0.914634 0.060976 1404.000000 1369.000000 1388.000000 1385.000000 0.000529 0.000000 0.000000 
15.998175 13.503423 -8.980719 -5.731708 5.609756 -0.182927 1396.000000 1377.000000 1388.000000 1385.000000 0.000529 0.000000 0.000000 
13.957515 11.326444 -9.485423 -17.073172 19.024391 0.853659 1383.000000 1392.000000 1388.000000 1387.000000 0.000529 0.000000 0.000000 
10.498883 8.074879 -10.025757 -17.865854 18.475611 -0.609756 1377.000000 1396.000000 1387.000000 1386.000000 0.000528 0.000000 0.000000 
8.275128 6.056762 -10.255204 -1.158537 1.158537 -1.585366 1393.000000 1380.000000 1387.000000 1386.000000 0.000529 0.000000 0.000000 
7.588128 5.071980 -10.370433 -7.256098 6.890244 0.060976 1387.000000 1388.000000 1389.000000 1386.000000 0.000529 0.000000 0.000000 
6.229830 3.864894 -10.485056 -4.451220 5.609756 0.975610 1386.000000 1387.000000 1387.000000 1386.000000 0.000528 0.000000 0.000000 
5.168848 2.765054 -10.570394 -8.170732 7.073171 0.487805 1383.000000 1390.000000 1388.000000 1385.000000 0.000529 0.000000 0.000000 
3.462929 1.100515 -10.602912 -9.573171 10.243902 -0.670732 1378.000000 1395.000000 1387.000000 1386.000000 0.000529 0.000000 0.000000 
1.759991 -0.430510 -10.612306 -3.719512 4.634146 -1.280488 1383.000000 1392.000000 1388.000000 1387.000000 0.000529 0.000000 0.000000 
1.705916 -0.405620 -10.618628 3.719512 -4.878049 -0.975610 1391.000000 1382.000000 1388.000000 1385.000000 0.000529 0.000000 0.000000 
2.551137 0.366132 -10.641435 3.292683 -2.256098 -1.158537 1391.000000 1382.000000 1387.000000 1386.000000 0.000529 0.000000 0.000000 
2.515119 0.544644 -10.597900 -4.939024 3.902439 0.060976 1385.000000 1390.000000 1389.000000 1386.000000 0.000529 0.000000 0.000000 
1.576050 -0.885068 -10.560923 1.646341 -1.158537 1.402439 1388.000000 1385.000000 1387.000000 1386.000000 0.000528 0.000000 0.000000 
1.952931 -0.446639 -10.630373 0.792683 -1.768293 1.219512 1403.000000 1370.000000 1388.000000 1385.000000 0.000529 0.000000 0.000000 
0.951208 -1.485131 -10.601473 -11.341464 13.475610 -0.243902 1387.000000 1386.000000 1386.000000 1387.000000 0.000529 0.000000 0.000000 
-2.223843 -4.463122 -10.479513 -19.451220 18.536585 1.707317 1377.000000 1398.000000 1389.000000 1386.000000 0.000529 0.000000 0.000000 
-5.124110 -7.455751 -10.178074 -12.134147 14.634147 1.524390 1379.000000 1394.000000 1387.000000 1386.000000 0.000529 0.000000 0.000000 
-7.081816 -9.286301 -9.895058 -7.926829 10.487805 1.890244 1381.000000 1392.000000 1386.000000 1387.000000 0.000529 0.000000 0.000000 
-8.408231 -10.557545 -9.684352 -6.524390 6.097561 1.768293 1384.000000 1391.000000 1389.000000 1386.000000 0.000529 0.000000 0.000000 
-11.273196 -13.040646 -9.139062 -9.085366 9.634147 1.646341 1378.000000 1397.000000 1388.000000 1387.000000 0.000529 0.000000 0.000000 
-12.563717 -14.453977 -8.821946 -5.121951 5.670732 1.585366 1379.000000 1394.000000 1387.000000 1386.000000 0.000529 0.000000 0.000000 
-13.546844 -15.431576 -8.579983 -6.158537 7.012195 0.914634 1378.000000 1395.000000 1387.000000 1386.000000 0.000529 0.000000 0.000000 
-14.813660 -16.684454 -8.240476 -7.317073 7.439024 0.731707 1376.000000 1399.000000 1389.000000 1386.000000 0.000529 0.000000 0.000000 
-16.262806 -18.329325 -7.759236 -7.256098 8.719512 0.548781 1373.000000 1400.000000 1387.000000 1386.000000 0.000528 0.000000 0.000000 
-17.586847 -19.823711 -7.270302 -6.951220 6.768293 0.792683 1372.000000 1401.000000 1388.000000 1385.000000 0.000529 0.000000 0.000000 
-18.207808 -20.567823 -7.021073 -0.609756 1.219512 1.219512 1378.000000 1395.000000 1387.000000 1386.000000 0.000529 0.000000 0.000000 
-18.510258 -21.063515 -6.863811 -4.085366 5.060976 0.914634 1375.000000 1400.000000 1388.000000 1387.000000 0.000529 0.000000 0.000000 
-18.620815 -21.137226 -6.821064 -0.914634 -0.000000 1.280488 1377.000000 1396.000000 1387.000000 1386.000000 0.000529 0.000000 0.000000 
-18.653864 -21.195526 -6.834188 0.548781 -0.731707 1.402439 1366.000000 1407.000000 1388.000000 1385.000000 0.000529 0.000000 0.000000 
-18.213556 -20.764996 -6.993152 5.060976 -5.365854 0.914634 1372.000000 1403.000000 1389.000000 1386.000000 0.000529 0.000000 0.000000 
-16.676125 -19.025648 -7.613371 10.548780 -11.097561 -0.243902 1380.000000 1395.000000 1389.000000 1386.000000 0.000529 0.000000 0.000000 
-14.961135 -17.082399 -8.210086 7.073171 -7.073171 -0.914634 1378.000000 1395.000000 1388.000000 1385.000000 0.000529 0.000000 0.000000 
-14.406360 -16.577478 -8.376244 -1.524390 1.646341 -1.097561 1369.000000 1404.000000 1388.000000 1385.000000 0.000529 0.000000 0.000000 
-16.257229 -18.231319 -7.907727 -4.390244 4.390244 -1.036585 1364.000000 1411.000000 1388.000000 1387.000000 0.000529 0.000000 0.000000 
-16.288610 -18.314697 -7.887102 4.024390 -5.487805 0.365854 1374.000000 1401.000000 1389.000000 1386.000000 0.000529 0.000000 0.000000 
-15.436718 -17.079212 -8.274017 7.378049 -7.378049 -0.243902 1377.000000 1396.000000 1388.000000 1385.000000 0.000529 0.000000 0.000000 
-13.987704 -15.807614 -8.633852 5.182927 -5.243903 -0.426829 1377.000000 1396.000000 1387.000000 1386.000000 0.000531 0.000000 0.000000 
-13.298347 -15.433809 -8.774611 1.341463 -1.829268 -1.036585 1374.000000 1401.000000 1389.000000 1386.000000 0.000534 0.000000 0.000000 
-12.834069 -15.030850 -8.882454 2.256098 -1.707317 -0.853659 1375.000000 1400.000000 1388.000000 1387.000000 0.000528 0.000000 0.000000 
-12.291724 -14.655195 -9.006369 3.841464 -4.878049 -0.670732 1377.000000 1396.000000 1388.000000 1385.000000 0.000529 0.000000 0.000000 
-10.173142 -12.311251 -9.584175 8.292683 -9.634147 0.670732 1384.000000 1389.000000 1388.000000 1385.000000 0.000529 0.000000 0.000000 
-8.765815 -10.790438 -9.916839 6.280488 -6.646342 0.304878 1384.000000 1391.000000 1389.000000 1386.000000 0.000528 0.000000 0.000000 
-7.607586 -9.799726 -10.108208 5.060976 -6.402439 -0.426829 1384.000000 1391.000000 1389.000000 1386.000000 0.000528 0.000000 0.000000 
-6.567811 -8.730722 -10.281419 6.097561 -6.829268 -1.280488 1385.000000 1388.000000 1388.000000 1385.000000 0.000529 0.000000 0.000000 
-5.927264 -8.092145 -10.396941 1.402439 -0.914634 -0.731707 1380.000000 1393.000000 1388.000000 1385.000000 0.000529 0.000000 0.000000 
-5.882082 -7.895490 -10.408024 0.121951 -0.000000 0.304878 1381.000000 1394.000000 1389.000000 1386.000000 0.000528 0.000000 0.000000 
-5.714653 -7.961287 -10.429106 -0.609756 0.548781 0.853659 1378.000000 1393.000000 1387.000000 1384.000000 0.000528 0.000000 0.000000 
-4.730579 -7.145023 -10.543789 7.621952 -5.487805 0.731707 1387.000000 1386.000000 1387.000000 1386.000000 0.000529 0.000000 0.000000 
-3.652483 -6.059564 -10.672065 3.170732 -4.207317 1.158537 1386.000000 1387.000000 1388.000000 1385.000000 0.000529 0.000000 0.000000 
-3.301923 -5.751105 -10.745257 1.768293 -1.402439 1.341463 1384.000000 1391.000000 1389.000000 1386.000000 0.000528 0.000000 0.000000 
-2.815034 -5.205715 -10.796977 3.780488 -4.085366 0.609756 1386.000000 1387.000000 1387.000000 1386.000000 0.000528 0.000000 0.000000 
-1.368323 -3.626746 -10.836278 5.365854 -4.878049 0.914634 1390.000000 1383.000000 1387.000000 1386.000000 0.000529 0.000000 0.000000 
-0.804250 -3.479947 -10.860768 -0.670732 0.426829 1.768293 1383.000000 1388.000000 1387.000000 1384.000000 0.000529 0.000000 0.000000 
-0.927641 -3.415148 -10.865238 0.243902 -0.060976 1.829268 1384.000000 1389.000000 1388.000000 1385.000000 0.000529 0.000000 0.000000 
-0.636424 -3.088883 -10.877559 4.024390 -2.987805 1.219512 1389.000000 1386.000000 1388.000000 1387.000000 0.000528 0.000000 0.000000 
0.534312 -2.120636 -10.934906 7.134147 -9.329268 0.670732 1394.000000 1379.000000 1389.000000 1384.000000 0.000528 0.000000 0.000000 
1.921199 -1.391738 -10.981194 2.926829 -3.231707 -0.426829 1390.000000 1383.000000 1389.000000 1384.000000 0.000529 0.000000 0.000000 
1.772069 -1.198710 -10.978691 -2.256098 2.865854 0.670732 1383.000000 1388.000000 1387.000000 1384.000000 0.000529 0.000000 0.000000 
0.020415 -3.092853 -10.928082 -6.768293 8.048780 0.548781 1378.000000 1397.000000 1389.000000 1386.000000 0.000528 0.000000 0.000000 
-0.744024 -3.706571 -10.903998 0.000000 -0.060976 0.243902 1385.000000 1390.000000 1389.000000 1386.000000 0.000528 0.000000 0.000000 
-0.506132 -3.477948 -10.903549 2.682927 -2.926829 -0.304878 1386.000000 1385.000000 1387.000000 1384.000000 0.000529 0.000000 0.000000 
-0.507709 -2.960221 -10.939899 0.365854 -0.365854 0.243902 1385.000000 1388.000000 1388.000000 1385.000000 0.000529 0.000000 0.000000 
-0.746483 -2.613008 -10.918184 -1.768293 2.073171 0.304878 1381.000000 1390.000000 1386.000000 1385.000000 0.000528 0.000000 0.000000 
-0.416062 -2.296075 -10.957667 4.451220 -5.182927 0.914634 1389.000000 1384.000000 1388.000000 1385.000000 0.000528 0.000000 0.000000 
0.825143 -1.829624 -11.029927 4.817073 -5.792683 -0.060976 1391.000000 1382.000000 1388.000000 1385.000000 0.000528 0.000000 0.000000 
0.168304 -2.463140 -11.047927 -8.414635 9.085366 -0.487805 1367.000000 1406.000000 1386.000000 1387.000000 0.000529 0.000000 0.000000 
-0.232787 -2.862065 -11.027915 7.012195 -7.439024 0.182927 1380.000000 1393.000000 1386.000000 1387.000000 0.000529 0.000000 0.000000 
1.964493 -0.760520 -11.101185 15.304878 -17.256098 0.182927 1393.000000 1382.000000 1388.000000 1387.000000 0.000528 0.000000 0.000000 
5.138814 1.715909 -11.104678 14.573171 -18.353659 -0.853659 1395.000000 1380.000000 1391.000000 1384.000000 0.000528 0.000000 0.000000 
7.322004 3.800397 -10.998693 9.634147 -8.841464 -2.865854 1390.000000 1383.000000 1388.000000 1385.000000 0.000529 0.000000 0.000000 
7.930951 4.731745 -10.899625 -0.914634 -0.121951 -0.853659 1380.000000 1393.000000 1389.000000 1384.000000 0.000529 0.000000 0.000000 
7.467621 4.514804 -10.885827 0.487805 -0.609756 0.487805 1380.000000 1393.000000 1388.000000 1385.000000 0.000529 0.000000 0.000000 
10.057753 6.971035 -10.615709 12.012196 -12.256098 0.792683 1396.000000 1379.000000 1390.000000 1385.000000 0.000528 0.000000 0.000000 
12.235723 8.700235 -10.375873 7.560976 -7.439024 -0.243902 1394.000000 1381.000000 1389.000000 1386.000000 0.000528 0.000000 0.000000 
13.251227 10.271522 -10.056718 2.987805 -3.414634 -0.487805 1390.000000 1383.000000 1388.000000 1385.000000 0.000529 0.000000 0.000000 
13.471571 10.884270 -9.929805 0.792683 0.853659 0.975610 1386.000000 1387.000000 1387.000000 1386.000000 0.000529 0.000000 0.000000 
13.610942 10.899691 -9.927314 2.012195 -2.134146 0.731707 1388.000000 1385.000000 1388.000000 1385.000000 0.000529 0.000000 0.000000 
14.199858 11.408662 -9.829078 6.585366 -6.402439 0.060976 1406.000000 1369.000000 1388.000000 1387.000000 0.000528 0.000000 0.000000 
15.393706 12.326771 -9.636691 -1.097561 0.365854 -0.975610 1402.000000 1373.000000 1389.000000 1386.000000 0.000528 0.000000 0.000000 
9.572377 7.030872 -10.543806 -30.426830 32.195122 -0.000000 1362.000000 1411.000000 1386.000000 1387.000000 0.000529 0.000000 0.000000 
4.891326 2.949754 -10.877449 -11.280488 13.292684 0.975610 1377.000000 1396.000000 1387.000000 1386.000000 0.000529 0.000000 0.000000 
2.771197 1.074566 -10.992728 -7.865854 8.231708 0.792683 1379.000000 1392.000000 1386.000000 1385.000000 0.000529 0.000000 0.000000 
2.113733 0.220960 -10.993553 -0.060976 0.609756 0.731707 1401.000000 1374.000000 1389.000000 1386.000000 0.000528 0.000000 0.000000 
1.895321 0.352290 -11.048182 -1.463415 2.987805 1.097561 1400.000000 1375.000000 1388.000000 1387.000000 0.000528 0.000000 0.000000 
0.296206 -1.266028 -10.971331 -17.012196 17.256098 -0.487805 1382.000000 1391.000000 1387.000000 1386.000000 0.000529 0.000000 0.000000 
-3.873610 -5.211638 -10.767938 -23.109756 26.707317 -0.487805 1368.000000 1405.000000 1386.000000 1387.000000 0.000529 0.000000 0.000000 
-9.535667 -10.388906 -10.059071 -0.975610 0.182927 -0.548781 1387.000000 1386.000000 1387.000000 1386.000000 0.000529 0.000000 0.000000 
-9.272059 -10.374964 -10.082829 0.182927 -1.402439 -0.487805 1390.000000 1383.000000 1388.000000 1385.000000 0.000528 0.000000 0.000000 
-9.355621 -11.323916 -9.900749 -3.536585 5.487805 -0.792683 1372.000000 1403.000000 1388.000000 1387.000000 0.000528 0.000000 0.000000 
-9.353101 -11.314901 -9.945321 8.963415 -10.121951 -0.670732 1385.000000 1388.000000 1388.000000 1385.000000 0.000528 0.000000 0.000000 
-7.007287 -9.063670 -10.410660 14.939025 -15.548780 -1.097561 1394.000000 1379.000000 1388.000000 1385.000000 0.000529 0.000000 0.000000 
-4.061094 -6.626905 -10.779635 11.097561 -12.560976 0.548781 1394.000000 1379.000000 1389.000000 1384.000000 0.000529 0.000000 0.000000 
-2.880738 -5.345119 -10.937134 1.890244 -2.195122 1.036585 1385.000000 1388.000000 1388.000000 1385.000000 0.000529 0.000000 0.000000 
-4.651653 -6.607786 -10.806184 -3.719512 4.085366 -0.426829 1371.000000 1404.000000 1385.000000 1390.000000 0.000528 0.000000 0.000000 
-3.950783 -6.269729 -10.838283 11.585366 -13.902439 0.609756 1383.000000 1392.000000 1388.000000 1387.000000 0.000528 0.000000 0.000000 
-0.487767 -3.055617 -11.196050 24.512196 -25.304878 -0.670732 1399.000000 1374.000000 1387.000000 1386.000000 0.000529 0.000000 0.000000 
3.965780 1.277357 -11.222690 21.219513 -23.292683 -1.890244 1401.000000 1372.000000 1387.000000 1386.000000 0.000529 0.000000 0.000000 
6.525047 3.653131 -11.106700 4.329268 -5.853659 0.365854 1387.000000 1386.000000 1387.000000 1386.000000 0.000529 0.000000 0.000000 
6.010777 3.225403 -11.074650 -8.536586 6.768293 -1.097561 1379.000000 1396.000000 1387.000000 1388.000000 0.000528 0.000000 0.000000 
4.730940 1.886384 -11.170125 -3.719512 4.085366 -0.914634 1387.000000 1388.000000 1389.000000 1386.000000 0.000528 0.000000 0.000000 
4.488228 2.090721 -11.169580 -0.304878 -1.158537 0.304878 1391.000000 1382.000000 1389.000000 1384.000000 0.000528 0.000000 0.000000 
4.651133 2.217224 -11.147750 -1.341463 2.987805 -0.000000 1388.000000 1385.000000 1387.000000 1386.000000 0.000529 0.000000 0.000000 
3.851916 1.416547 -11.196242 -4.329268 4.512195 1.097561 1388.000000 1385.000000 1387.000000 1386.000000 0.000529 0.000000 0.000000 
2.832397 0.462031 -11.198586 -8.658537 11.036586 0.182927 1392.000000 1381.000000 1387.000000 1386.000000 0.000529 0.000000 0.000000 
-0.158866 -2.344980 -11.143629 -21.829269 24.085367 -0.975610 1375.000000 1400.000000 1387.000000 1388.000000 0.000528 0.000000 0.000000 
-5.343773 -6.664861 -10.753594 -25.975611 26.646341 -0.975610 1367.000000 1408.000000 1388.000000 1387.000000 0.000528 0.000000 0.000000 
-9.475184 -10.785830 -10.165559 -14.451220 15.792684 0.182927 1370.000000 1403.000000 1386.000000 1387.000000 0.000528 0.000000 0.000000 
-9.810501 -10.970421 -10.140364 9.390244 -11.951220 -0.792683 1386.000000 1387.000000 1389.000000 1384.000000 0.000529 0.000000 0.000000 
-8.274582 -9.401814 -10.439590 6.646342 -5.365854 -1.951220 1383.000000 1390.000000 1386.000000 1387.000000 0.000529 0.000000 0.000000 
-7.376956 -8.646372 -10.562222 4.390244 -7.317073 -0.243902 1384.000000 1389.000000 1389.000000 1384.000000 0.000529 0.000000 0.000000 
-6.353938 -7.634170 -10.736865 5.304878 -3.292683 -0.365854 1380.000000 1395.000000 1385.000000 1390.000000 0.000528 0.000000 0.000000 
-5.196702 -6.658883 -10.869555 8.414635 -10.121951 0.243902 1381.000000 1394.000000 1386.000000 1389.000000 0.000528 0.000000 0.000000 
-2.257900 -4.072587 -11.168165 20.914635 -22.804878 0.792683 1397.000000 1378.000000 1387.000000 1388.000000 0.000528 0.000000 0.000000 
2.645848 0.369172 -11.298718 27.073172 -28.292683 1.585366 1407.000000 1366.000000 1386.000000 1387.000000 0.000529 0.000000 0.000000 
7.834633 4.442042 -11.076055 0.304878 4.024390 0.670732 1379.000000 1394.000000 1386.000000 1387.000000 0.000529 0.000000 0.000000 
7.675340 4.387925 -11.102813 1.341463 -4.939024 1.219512 1382.000000 1391.000000 1389.000000 1384.000000 0.000529 0.000000 0.000000 
9.513333 5.875564 -10.934067 13.841464 -12.439025 0.304878 1395.000000 1378.000000 1388.000000 1385.000000 0.000529 0.000000 0.000000 
11.908360 7.870238 -10.701608 8.292683 -11.280488 0.121951 1395.000000 1380.000000 1390.000000 1385.000000 0.000528 0.000000 0.000000 
13.000684 9.112579 -10.453140 0.914634 -1.890244 -0.731707 1388.000000 1387.000000 1390.000000 1385.000000 0.000528 0.000000 0.000000 
13.097487 9.031276 -10.510205 -0.060976 0.487805 -0.426829 1387.000000 1386.000000 1388.000000 1385.000000 0.000528 0.000000 0.000000 
13.646165 9.464007 -10.392113 2.500000 -3.231707 -0.365854 1402.000000 1371.000000 1389.000000 1384.000000 0.000529 0.000000 0.000000 
12.308643 8.492878 -10.567795 -15.060976 13.902439 -0.243902 1382.000000 1391.000000 1389.000000 1384.000000 0.000529 0.000000 0.000000 
9.714357 6.515935 -10.806188 -10.914635 11.951220 -0.975610 1383.000000 1390.000000 1387.000000 1386.000000 0.000529 0.000000 0.000000 
7.847861 4.802304 -10.961448 -8.963415 8.231708 -0.975610 1384.000000 1389.000000 1388.000000 1385.000000 0.000529 0.000000 0.000000 
6.730353 3.893075 -11.039314 -1.890244 2.317073 -0.975610 1391.000000 1384.000000 1389.000000 1386.000000 0.000528 0.000000 0.000000 
6.413042 3.529378 -11.080381 -4.024390 5.426829 -0.060976 1389.000000 1386.000000 1388.000000 1387.000000 0.000528 0.000000 0.000000 
4.568841 2.308947 -11.115099 -16.036585 17.439024 0.426829 1374.000000 1399.000000 1387.000000 1386.000000 0.000528 0.000000 0.000000 
0.839236 -1.318620 -11.145558 -21.463415 24.756098 -0.060976 1362.000000 1411.000000 1386.000000 1387.000000 0.000529 0.000000 0.000000 
-2.851745 -4.683743 -10.997478 5.548780 -8.902439 -0.487805 1390.000000 1383.000000 1389.000000 1384.000000 0.000529 0.000000 0.000000 
-1.411939 -3.173322 -11.158666 7.560976 -6.829268 -1.707317 1392.000000 1381.000000 1387.000000 1386.000000 0.000529 0.000000 0.000000 
-1.249356 -2.501076 -11.138784 -2.378049 -0.060976 -1.097561 1382.000000 1389.000000 1387.000000 1384.000000 0.000529 0.000000 0.000000 
-1.715444 -2.587359 -11.143371 -0.792683 2.682927 -0.548781 1376.000000 1397.000000 1393.000000 1380.000000 0.000529 0.000000 0.000000 
-1.743782 -2.680461 -11.113420 3.231707 -3.658537 0.121951 1383.000000 1390.000000 1392.000000 1381.000000 0.000529 0.000000 0.000000 
-0.134251 -1.366468 -11.225319 13.170732 -15.060976 0.060976 1402.000000 1371.000000 1385.000000 1388.000000 0.000528 0.000000 0.000000 
2.460394 0.738028 -11.274379 11.768293 -9.451220 0.670732 1405.000000 1366.000000 1378.000000 1393.000000 0.000528 0.000000 0.000000 
-0.180222 -1.732763 -11.244745 -25.304878 29.390245 -0.365854 1362.000000 1411.000000 1378.000000 1395.000000 0.000528 0.000000 0.000000 
-3.929731 -5.302219 -11.033261 -12.256098 12.378049 -0.121951 1363.000000 1408.000000 1387.000000 1384.000000 0.000529 0.000000 0.000000 
-4.860711 -6.309303 -10.939020 3.536585 -4.085366 -1.158537 1374.000000 1397.000000 1391.000000 1380.000000 0.000529 0.000000 0.000000 
-3.386781 -4.728766 -11.136675 15.060976 -16.463415 0.304878 1393.000000 1372.000000 1381.000000 1384.000000 0.000529 0.000000 0.000000 
0.677300 -1.555409 -11.316129 9.024390 -7.500000 0.426829 1401.000000 1372.000000 1379.000000 1394.000000 0.000528 0.000000 0.000000 
1.094122 -1.398243 -11.326106 -8.475610 7.987805 1.768293 1383.000000 1390.000000 1382.000000 1391.000000 0.000528 0.000000 0.000000 
-0.373280 -2.909493 -11.262666 -4.512195 4.939024 0.853659 1371.000000 1402.000000 1392.000000 1381.000000 0.000533 0.000000 0.000000 
0.120741 -2.423270 -11.322414 11.158537 -11.707317 0.609756 1393.000000 1378.000000 1385.000000 1386.000000 0.000528 0.000000 0.000000 
3.182344 0.575499 -11.388558 17.134148 -19.634148 0.243902 1412.000000 1359.000000 1380.000000 1391.000000 0.000528 0.000000 0.000000 
5.043576 2.399966 -11.321905 -2.865854 3.170732 0.609756 1388.000000 1383.000000 1384.000000 1387.000000 0.000529 0.000000 0.000000 
1.934091 -0.253152 -11.321119 -25.304878 27.865854 -1.829268 1351.000000 1420.000000 1390.000000 1381.000000 0.000529 0.000000 0.000000 
-3.845797 -5.870056 -10.983737 1.768293 -4.390244 -0.670732 1381.000000 1390.000000 1387.000000 1384.000000 0.000529 0.000000 0.000000 
-2.536086 -4.754296 -11.143840 9.268292 -8.292683 0.182927 1397.000000 1376.000000 1379.000000 1394.000000 0.000529 0.000000 0.000000 
-1.320634 -4.228575 -11.168181 -1.219512 -0.975610 -0.792683 1389.000000 1384.000000 1381.000000 1392.000000 0.000528 0.000000 0.000000 
-2.772597 -4.976942 -11.144135 -6.829268 10.000000 -0.000000 1373.000000 1398.000000 1386.000000 1385.000000 0.000529 0.000000 0.000000 
-3.823808 -5.778671 -11.018383 -0.670732 0.792683 -0.121951 1380.000000 1391.000000 1386.000000 1385.000000 0.000529 0.000000 0.000000 
-3.610533 -5.534964 -11.107327 3.780488 -5.853659 1.158537 1385.000000 1386.000000 1388.000000 1383.000000 0.000529 0.000000 0.000000 
-0.998922 -3.387684 -11.312900 10.365854 -10.731708 -0.365854 1394.000000 1377.000000 1387.000000 1384.000000 0.000529 0.000000 0.000000 
0.201741 -2.574304 -11.398669 0.000000 -1.158537 0.670732 1385.000000 1386.000000 1388.000000 1383.000000 0.000529 0.000000 0.000000 
-0.004913 -3.108509 -11.349759 -4.390244 8.780488 -0.000000 1379.000000 1394.000000 1386.000000 1387.000000 0.000528 0.000000 0.000000 
-1.203113 -4.227426 -11.243270 -8.353659 6.219512 -0.548781 1375.000000 1396.000000 1387.000000 1384.000000 0.000528 0.000000 0.000000 
-2.395854 -5.039996 -11.166630 -2.378049 2.439024 -0.426829 1379.000000 1392.000000 1387.000000 1384.000000 0.000529 0.000000 0.000000 
-2.150739 -4.539577 -11.212697 6.219512 -5.914634 -0.304878 1390.000000 1385.000000 1388.000000 1387.000000 0.000528 0.000000 0.000000 
-0.523515 -2.989085 -11.343515 9.756098 -12.073171 0.304878 1395.000000 1376.000000 1388.000000 1383.000000 0.000528 0.000000 0.000000 
1.004466 -1.162008 -11.409348 -3.414634 2.560976 -0.853659 1383.000000 1388.000000 1387.000000 1384.000000 0.000529 0.000000 0.000000 
0.396268 -1.525432 -11.401423 -4.756098 4.329268 0.670732 1380.000000 1391.000000 1387.000000 1384.000000 0.000529 0.000000 0.000000 
0.347403 -1.882843 -11.392810 -0.792683 1.951220 1.524390 1384.000000 1389.000000 1387.000000 1386.000000 0.000528 0.000000 0.000000 
0.135238 -2.057461 -11.398073 -1.097561 0.548781 1.280488 1384.000000 1387.000000 1387.000000 1384.000000 0.000529 0.000000 0.000000 
0.024561 -2.225361 -11.423135 -0.975610 0.060976 1.158537 1384.000000 1387.000000 1388.000000 1383.000000 0.000529 0.000000 0.000000 
-0.006044 -2.364891 -11.415878 -0.182927 1.829268 -0.365854 1384.000000 1389.000000 1387.000000 1386.000000 0.000528 0.000000 0.000000 
-0.024161 -2.311677 -11.400191 1.341463 -3.048780 -1.097561 1386.000000 1385.000000 1387.000000 1384.000000 0.000528 0.000000 0.000000 
1.790253 -0.384329 -11.449014 8.536586 -7.865854 -1.280488 1395.000000 1376.000000 1386.000000 1385.000000 0.000529 0.000000 0.000000 
2.665947 0.679799 -11.437991 0.304878 -1.707317 -0.365854 1389.000000 1382.000000 1387.000000 1384.000000 0.000529 0.000000 0.000000 
2.533995 0.433086 -11.407739 -3.414634 3.414634 -0.487805 1385.000000 1388.000000 1388.000000 1385.000000 0.000528 0.000000 0.000000 
1.795182 -0.479065 -11.442534 -3.536585 3.963415 -0.121951 1382.000000 1389.000000 1386.000000 1385.000000 0.000529 0.000000 0.000000 
1.177095 -1.058206 -11.426557 0.243902 -1.280488 0.914634 1387.000000 1384.000000 1387.000000 1384.000000 0.000529 0.000000 0.000000 
0.896356 -0.572878 -11.438132 1.585366 0.243902 1.219512 1387.000000 1386.000000 1386.000000 1387.000000 0.000528 0.000000 0.000000 
1.532391 -0.520789 -11.438309 -0.182927 -1.768293 0.121951 1389.000000 1386.000000 1389.000000 1386.000000 0.000528 0.000000 0.000000 
1.765525 -0.885871 -11.473510 -1.768293 2.500000 -0.548781 1385.000000 1388.000000 1387.000000 1386.000000 0.000529 0.000000 0.000000 
1.415792 -1.724823 -11.458747 -2.134146 2.073171 -0.000000 1384.000000 1389.000000 1388.000000 1385.000000 0.000529 0.000000 0.000000 
1.557657 -1.462741 -11.500743 3.719512 -3.170732 0.304878 1391.000000 1384.000000 1389.000000 1386.000000 0.000528 0.000000 0.000000 
2.121176 -0.872579 -11.504083 0.304878 -1.585366 0.121951 1388.000000 1385.000000 1388.000000 1385.000000 0.000528 0.000000 0.000000 
0.108531 -3.180339 -11.390738 -13.719513 11.951220 -3.109756 1371.000000 1402.000000 1389.000000 1384.000000 0.000529 0.000000 0.000000 
-2.332803 -5.507404 -11.195170 -21.463415 20.670732 -1.524390 1362.000000 1411.000000 1389.000000 1384.000000 0.000529 0.000000 0.000000 
-9.703118 -12.293337 -10.050334 -49.207317 55.487804 2.317073 1320.000000 1455.000000 1385.000000 1390.000000 0.000528 0.000000 0.000000 
-15.309623 -17.793657 -8.618260 0.426829 -0.365854 1.280488 1367.000000 1406.000000 1388.000000 1385.000000 0.000529 0.000000 0.000000 
-10.477444 -13.204302 -10.001721 43.475613 -45.548782 2.926829 1419.000000 1354.000000 1389.000000 1384.000000 0.000529 0.000000 0.000000 
-3.251918 -5.942787 -11.188534 29.268293 -30.670732 4.024390 1416.000000 1359.000000 1390.000000 1385.000000 0.000528 0.000000 0.000000 
-1.387236 -4.202743 -11.441597 -11.158537 11.768293 0.853659 1375.000000 1400.000000 1387.000000 1388.000000 0.000528 0.000000 0.000000 
-10.453403 -13.348145 -9.790432 -30.670732 34.207317 2.987805 1339.000000 1434.000000 1387.000000 1386.000000 0.000529 0.000000 0.000000 
-13.014782 -15.756181 -9.156344 4.878049 -5.426829 3.353659 1375.000000 1398.000000 1387.000000 1386.000000 0.000529 0.000000 0.000000 
-11.205086 -13.893457 -9.758598 15.731708 -18.475611 5.121951 1392.000000 1383.000000 1391.000000 1384.000000 0.000528 0.000000 0.000000 
-8.431939 -11.091783 -10.315340 9.085366 -7.682927 3.109756 1387.000000 1388.000000 1388.000000 1387.000000 0.000528 0.000000 0.000000 
-8.860286 -11.486689 -10.357696 -8.719512 7.682927 2.439024 1367.000000 1406.000000 1388.000000 1385.000000 0.000529 0.000000 0.000000 
-10.625318 -13.292875 -9.863300 -7.560976 9.207317 1.158537 1364.000000 1409.000000 1387.000000 1386.000000 0.000529 0.000000 0.000000 
-11.679182 -14.302232 -9.680604 1.219512 -2.500000 1.646341 1375.000000 1400.000000 1389.000000 1386.000000 0.000528 0.000000 0.000000 
-8.831396 -11.213708 -10.454279 5.243903 -7.621952 -0.731707 1384.000000 1389.000000 1389.000000 1384.000000 0.000528 0.000000 0.000000 
-10.063345 -12.422915 -10.147876 -26.646341 29.817074 -2.560976 1347.000000 1426.000000 1386.000000 1387.000000 0.000529 0.000000 0.000000 
-17.776110 -20.231897 -7.928124 -41.219513 44.451221 -1.158537 1320.000000 1453.000000 1386.000000 1387.000000 0.000529 0.000000 0.000000 
-16.527523 -19.165245 -8.267124 17.439024 -25.000000 0.975610 1391.000000 1384.000000 1392.000000 1383.000000 0.000528 0.000000 0.000000 
-12.830926 -15.277534 -9.368982 20.670732 -19.512196 1.829268 1393.000000 1380.000000 1387.000000 1386.000000 0.000528 0.000000 0.000000 
-11.384521 -13.602331 -9.843980 -0.365854 0.426829 2.500000 1374.000000 1399.000000 1388.000000 1385.000000 0.000529 0.000000 0.000000 
-12.491404 -14.687659 -9.598394 -10.060976 13.353659 0.731707 1360.000000 1413.000000 1386.000000 1387.000000 0.000529 0.000000 0.000000 
-14.952980 -17.210629 -8.865654 5.243903 -6.585366 0.365854 1376.000000 1399.000000 1390.000000 1385.000000 0.000528 0.000000 0.000000 
-13.996922 -15.830378 -9.243864 7.317073 -7.256098 0.487805 1379.000000 1396.000000 1388.000000 1387.000000 0.000528 0.000000 0.000000 
-12.797385 -14.756061 -9.567546 4.024390 -6.280488 0.121951 1376.000000 1395.000000 1387.000000 1384.000000 0.000529 0.000000 0.000000 
-12.415038 -14.542844 -9.628876 1.036585 -0.121951 0.426829 1373.000000 1400.000000 1387.000000 1386.000000 0.000529 0.000000 0.000000 
-12.250154 -14.440415 -9.689152 1.341463 -2.134146 0.304878 1374.000000 1401.000000 1389.000000 1386.000000 0.000528 0.000000 0.000000 
-11.968873 -13.962973 -9.798934 6.341464 -5.914634 1.219512 1380.000000 1395.000000 1389.000000 1386.000000 0.000528 0.000000 0.000000 
-10.120449 -12.140011 -10.267917 12.195122 -13.780488 1.524390 1387.000000 1384.000000 1388.000000 1383.000000 0.000529 0.000000 0.000000 
-7.702382 -9.484580 -10.792264 2.439024 -2.256098 -0.304878 1380.000000 1393.000000 1387.000000 1386.000000 0.000529 0.000000 0.000000 
-7.433727 -9.245461 -10.708452 0.792683 -2.560976 -0.182927 1380.000000 1395.000000 1389.000000 1386.000000 0.000528 0.000000 0.000000 
-6.948533 -8.717616 -10.930954 6.097561 -6.585366 -1.036585 1385.000000 1390.000000 1389.000000 1386.000000 0.000528 0.000000 0.000000 
-5.335648 -7.284469 -11.038349 8.292683 -8.658537 -1.158537 1389.000000 1384.000000 1387.000000 1386.000000 0.000529 0.000000 0.000000 
-3.426764 -6.463757 -11.275198 4.146341 -6.280488 -0.548781 1387.000000 1386.000000 1389.000000 1384.000000 0.000529 0.000000 0.000000 
-2.584460 -5.765984 -11.235963 3.231707 -2.621951 -0.243902 1385.000000 1388.000000 1388.000000 1385.000000 0.000529 0.000000 0.000000 
-2.324539 -4.982612 -11.407290 2.256098 -2.560976 1.524390 1386.000000 1389.000000 1389.000000 1386.000000 0.000528 0.000000 0.000000 
-0.979773 -3.997325 -11.479859 5.365854 -6.463415 1.219512 1390.000000 1383.000000 1389.000000 1384.000000 0.000528 0.000000 0.000000 
0.254405 -2.910849 -11.509238 6.524390 -6.646342 0.060976 1392.000000 1381.000000 1388.000000 1385.000000 0.000529 0.000000 0.000000 
0.737234 -2.183021 -11.599891 0.548781 -0.731707 -0.670732 1385.000000 1384.000000 1386.000000 1383.000000 0.000529 0.000000 0.000000 
1.120514 -1.790442 -11.542351 4.390244 -4.878049 -1.097561 1386.000000 1377.000000 1383.000000 1380.000000 0.000528 0.000000 0.000000 
1.876134 -1.093079 -11.627724 2.378049 -3.353659 0.487805 1390.000000 1383.000000 1389.000000 1384.000000 0.000528 0.000000 0.000000 
2.225325 -0.828098 -11.566088 0.304878 2.621951 -0.060976 1382.000000 1381.000000 1382.000000 1381.000000 0.000529 0.000000 0.000000 
1.133147 -1.563446 -11.563513 -7.012195 6.036585 0.182927 1380.000000 1395.000000 1389.000000 1386.000000 0.000529 0.000000 0.000000 
0.915960 -1.458750 -11.571190 7.682927 -7.073171 -0.365854 1395.000000 1380.000000 1389.000000 1386.000000 0.000529 0.000000 0.000000 
2.146705 -0.192136 -11.574803 2.134146 -2.500000 -0.853659 1391.000000 1384.000000 1389.000000 1386.000000 0.000528 0.000000 0.000000 
1.654316 -0.593166 -11.579241 -6.219512 7.500000 0.731707 1380.000000 1393.000000 1387.000000 1386.000000 0.000528 0.000000 0.000000 
0.570855 -2.177415 -11.511649 -5.426829 5.731708 0.670732 1381.000000 1394.000000 1389.000000 1386.000000 0.000529 0.000000 0.000000 
0.148377 -2.646737 -11.549872 0.670732 -0.609756 1.951220 1389.000000 1390.000000 1391.000000 1388.000000 0.000528 0.000000 0.000000 
0.972010 -2.090060 -11.545089 1.829268 -1.707317 1.646341 1391.000000 1388.000000 1391.000000 1388.000000 0.000528 0.000000 0.000000 
0.395442 -2.315982 -11.564909 -3.841464 3.963415 2.743902 1384.000000 1395.000000 1391.000000 1388.000000 0.000528 0.000000 0.000000 
-1.183226 -2.974888 -11.555831 -0.487805 -0.182927 0.548781 1383.000000 1388.000000 1386.000000 1385.000000 0.000528 0.000000 0.000000 
-0.638791 -2.387838 -11.608715 4.512195 -5.792683 -0.426829 1391.000000 1384.000000 1389.000000 1386.000000 0.000529 0.000000 0.000000 
0.414466 -1.452473 -11.630245 2.865854 -2.560976 -0.182927 1390.000000 1385.000000 1388.000000 1387.000000 0.000529 0.000000 0.000000 
0.230563 -1.225328 -11.656055 -2.560976 1.341463 -0.182927 1385.000000 1390.000000 1388.000000 1387.000000 0.000528 0.000000 0.000000 
-0.779809 -1.669798 -11.626388 -0.426829 2.134146 0.365854 1385.000000 1390.000000 1387.000000 1388.000000 0.000528 0.000000 0.000000 
-0.367991 -1.617609 -11.658916 2.378049 -2.012195 -0.792683 1388.000000 1385.000000 1387.000000 1386.000000 0.000528 0.000000 0.000000 
0.623000 -0.967961 -11.647112 4.451220 -5.914634 -0.426829 1393.000000 1382.000000 1389.000000 1386.000000 0.000528 0.000000 0.000000 
1.004045 -0.284326 -11.616083 -1.524390 -0.548781 0.426829 1387.000000 1388.000000 1389.000000 1386.000000 0.000529 0.000000 0.000000 
1.021181 -0.285714 -11.642060 3.841464 -2.134146 -0.731707 1391.000000 1384.000000 1387.000000 1388.000000 0.000527 0.000000 0.000000 
1.271921 -0.079994 -11.641260 -1.097561 -1.585366 0.121951 1389.000000 1386.000000 1389.000000 1386.000000 0.000528 0.000000 0.000000 
1.822998 -0.091178 -11.675574 0.609756 0.975610 -0.060976 1387.000000 1386.000000 1387.000000 1386.000000 0.000529 0.000000 0.000000 
1.122065 -0.686076 -11.665086 -3.658537 4.024390 0.548781 1384.000000 1391.000000 1388.000000 1387.000000 0.000528 0.000000 0.000000 
0.639036 -0.724074 -11.694510 -0.304878 2.073171 -0.121951 1386.000000 1389.000000 1388.000000 1387.000000 0.000528 0.000000 0.000000 
0.926299 -0.740739 -11.707718 3.902439 -2.560976 0.487805 1391.000000 1384.000000 1388.000000 1387.000000 0.000528 0.000000 0.000000 
2.128955 0.883176 -11.757404 1.158537 -2.195122 0.121951 1391.000000 1384.000000 1389.000000 1386.000000 0.000528 0.000000 0.000000 
2.284675 0.837576 -11.742828 0.731707 -0.548781 -0.060976 1388.000000 1383.000000 1386.000000 1385.000000 0.000528 0.000000 0.000000 
2.349195 0.845298 -11.710924 -3.170732 1.219512 0.365854 1386.000000 1387.000000 1388.000000 1385.000000 0.000529 0.000000 0.000000 
1.626553 0.282056 -11.748350 -2.317073 4.207317 -0.121951 1384.000000 1389.000000 1387.000000 1386.000000 0.000529 0.000000 0.000000 
1.282684 -0.552797 -11.745609 -0.975610 -0.304878 0.121951 1386.000000 1387.000000 1387.000000 1386.000000 0.000528 0.000000 0.000000 
1.869024 -0.549697 -11.796062 1.036585 -1.341463 -0.548781 1389.000000 1384.000000 1388.000000 1385.000000 0.000528 0.000000 0.000000 
1.643699 -0.163516 -11.777026 0.121951 0.792683 -0.060976 1387.000000 1386.000000 1387.000000 1386.000000 0.000528 0.000000 0.000000 
1.501308 -0.282009 -11.763805 0.487805 0.243902 -0.426829 1387.000000 1386.000000 1387.000000 1386.000000 0.000529 0.000000 0.000000 
1.449083 -0.419446 -11.796762 0.182927 -1.097561 -0.548781 1388.000000 1385.000000 1388.000000 1385.000000 0.000529 0.000000 0.000000 
1.367228 -0.528423 -11.799557 0.914634 -1.280488 -0.731707 1388.000000 1385.000000 1388.000000 1385.000000 0.000529 0.000000 0.000000 
1.602482 -0.307832 -11.812196 1.036585 -1.036585 -0.670732 1387.000000 1382.000000 1385.000000 1384.000000 0.000528 0.000000 0.000000 
1.880075 -0.312007 -11.802044 -2.621951 2.256098 0.243902 1385.000000 1388.000000 1388.000000 1385.000000 0.000528 0.000000 0.000000 
1.364445 -0.790840 -11.814055 -1.951220 2.987805 0.365854 1383.000000 1388.000000 1386.000000 1385.000000 0.000528 0.000000 0.000000 
1.251494 -1.072802 -11.809673 0.121951 0.243902 1.036585 1387.000000 1386.000000 1387.000000 1386.000000 0.000528 0.000000 0.000000 
2.457254 -0.358582 -11.906391 2.987805 -0.548781 0.670732 1391.000000 1384.000000 1388.000000 1387.000000 0.000529 0.000000 0.000000 
2.499919 -0.095976 -11.905382 -0.731707 -0.914634 0.060976 1388.000000 1385.000000 1389.000000 1384.000000 0.000529 0.000000 0.000000 
2.405973 -0.297657 -11.864987 -1.951220 2.500000 0.609756 1386.000000 1389.000000 1389.000000 1386.000000 0.000528 0.000000 0.000000 
2.154168 -0.620187 -11.895456 0.914634 -0.304878 0.853659 1389.000000 1388.000000 1389.000000 1388.000000 0.000528 0.000000 0.000000 
1.858512 -0.890712 -11.882409 -2.926829 0.853659 0.060976 1384.000000 1387.000000 1388.000000 1383.000000 0.000528 0.000000 0.000000 
2.016676 -1.276991 -11.915828 -0.792683 2.012195 -1.585366 1386.000000 1387.000000 1388.000000 1385.000000 0.000528 0.000000 0.000000 
2.079556 -1.648747 -11.889036 -2.439024 1.402439 -0.853659 1385.000000 1388.000000 1388.000000 1385.000000 0.000528 0.000000 0.000000 
2.556546 -2.180305 -11.913132 3.963415 -2.012195 -1.280488 1390.000000 1383.000000 1388.000000 1385.000000 0.000528 0.000000 0.000000 
2.861675 -1.547685 -11.955619 0.609756 -1.585366 -0.426829 1389.000000 1384.000000 1389.000000 1384.000000 0.000528 0.000000 0.000000 
2.669350 -1.742554 -11.921288 -4.024390 4.085366 1.280488 1384.000000 1391.000000 1390.000000 1385.000000 0.000528 0.000000 0.000000 
2.251500 -2.404018 -11.938861 0.731707 1.585366 1.341463 1386.000000 1387.000000 1388.000000 1385.000000 0.000528 0.000000 0.000000 
2.711309 -2.200470 -11.974100 5.548780 -7.012195 0.914634 1394.000000 1381.000000 1391.000000 1384.000000 0.000528 0.000000 0.000000 
3.686388 -1.184848 -12.060153 5.121951 -2.621951 0.975610 1393.000000 1382.000000 1389.000000 1386.000000 0.000528 0.000000 0.000000 
3.457577 -1.060619 -12.010926 -5.060976 4.878049 0.731707 1384.000000 1391.000000 1389.000000 1386.000000 0.000528 0.000000 0.000000 
-0.548028 -4.357155 -11.881866 -9.695122 11.585366 -2.195122 1374.000000 1403.000000 1389.000000 1388.000000 0.000528 0.000000 0.000000 
-1.203169 -4.526233 -11.875306 5.853659 -8.353659 -0.365854 1392.000000 1383.000000 1390.000000 1385.000000 0.000528 0.000000 0.000000 
0.544643 -3.263344 -12.011470 9.146341 -12.682927 -1.402439 1397.000000 1378.000000 1391.000000 1384.000000 0.000528 0.000000 0.000000 
1.668053 -1.703349 -12.052835 6.951220 -6.402439 -2.682927 1394.000000 1379.000000 1388.000000 1385.000000 0.000528 0.000000 0.000000 
2.627964 -1.035246 -12.034273 2.195122 -2.804878 -1.219512 1391.000000 1384.000000 1390.000000 1385.000000 0.000528 0.000000 0.000000 
3.730759 0.408414 -12.114055 21.829269 -21.036587 1.036585 1410.000000 1365.000000 1389.000000 1386.000000 0.000528 0.000000 0.000000 
8.783800 5.184993 -11.799396 31.158537 -29.878050 0.121951 1427.000000 1348.000000 1388.000000 1387.000000 0.000528 0.000000 0.000000 
11.681562 8.289919 -11.372967 -20.304878 21.951220 1.646341 1377.000000 1398.000000 1388.000000 1387.000000 0.000528 0.000000 0.000000 
8.079701 4.902398 -11.882185 -12.621951 12.500000 -1.646341 1380.000000 1395.000000 1389.000000 1386.000000 0.000528 0.000000 0.000000 
7.410008 4.125292 -11.856360 1.280488 -2.012195 0.243902 1395.000000 1380.000000 1389.000000 1386.000000 0.000528 0.000000 0.000000 
8.570713 5.019171 -11.915424 6.219512 -6.219512 -2.012195 1400.000000 1373.000000 1388.000000 1385.000000 0.000528 0.000000 0.000000 
8.774841 5.138629 -11.824965 -6.097561 4.268293 0.365854 1390.000000 1385.000000 1391.000000 1384.000000 0.000528 0.000000 0.000000 
7.338526 3.760465 -11.974359 -11.707317 14.146341 -3.597561 1380.000000 1395.000000 1388.000000 1387.000000 0.000528 0.000000 0.000000 
4.258352 1.323547 -11.964932 -14.634147 12.682927 -2.012195 1376.000000 1399.000000 1390.000000 1385.000000 0.000528 0.000000 0.000000 
2.682950 -0.224196 -12.020391 5.000000 -2.073171 -0.914634 1392.000000 1383.000000 1387.000000 1388.000000 0.000529 0.000000 0.000000 
3.253835 0.479666 -12.140812 1.097561 -2.134146 -1.036585 1391.000000 1384.000000 1389.000000 1386.000000 0.000528 0.000000 0.000000 
2.225357 0.337667 -12.046890 -7.987805 6.951220 1.402439 1382.000000 1393.000000 1389.000000 1386.000000 0.000528 0.000000 0.000000 
0.763007 -0.733850 -12.155607 -5.426829 7.743903 0.975610 1381.000000 1394.000000 1387.000000 1388.000000 0.000528 0.000000 0.000000 
0.029034 -1.600172 -12.075572 -5.548780 4.573171 4.146341 1382.000000 1391.000000 1387.000000 1386.000000 0.000528 0.000000 0.000000 
-0.425364 -2.102194 -12.193268 -0.609756 0.975610 1.646341 1385.000000 1390.000000 1388.000000 1387.000000 0.000528 0.000000 0.000000 
-0.667978 -2.685952 -12.163730 -5.548780 8.841464 2.439024 1379.000000 1396.000000 1387.000000 1388.000000 0.000528 0.000000 0.000000 
-13.401577 -14.818987 -10.508847 -83.719513 93.536591 -3.170732 1278.000000 1497.000000 1383.000000 1392.000000 0.000528 0.000000 0.000000 
-12.949943 -14.327676 -10.428244 62.378052 -63.414635 -3.658537 1433.000000 1342.000000 1389.000000 1386.000000 0.000529 0.000000 0.000000 
-4.198410 -6.335462 -12.087794 25.182928 -26.219513 -1.829268 1411.000000 1364.000000 1391.000000 1384.000000 0.000528 0.000000 0.000000 
-3.775425 -5.670823 -11.900558 -17.500000 20.121952 -2.621951 1365.000000 1410.000000 1386.000000 1389.000000 0.000528 0.000000 0.000000 
-9.074933 -10.845760 -11.330022 -29.390245 28.170732 1.341463 1347.000000 1428.000000 1389.000000 1386.000000 0.000528 0.000000 0.000000 
-11.149334 -12.902231 -10.794024 6.158537 -4.695122 0.060976 1378.000000 1395.000000 1386.000000 1387.000000 0.000528 0.000000 0.000000 
-8.117279 -10.009854 -11.508520 28.292683 -32.500000 3.475610 1407.000000 1366.000000 1389.000000 1384.000000 0.000528 0.000000 0.000000 
-0.998060 -3.549927 -12.361303 -0.060976 1.219512 3.048780 1385.000000 1390.000000 1388.000000 1387.000000 0.000528 0.000000 0.000000 
-1.533949 -3.551862 -12.230603 -5.243903 5.426829 0.304878 1379.000000 1396.000000 1388.000000 1387.000000 0.000528 0.000000 0.000000 
-2.595807 -4.712645 -12.254031 -3.231707 2.195122 2.743902 1381.000000 1394.000000 1389.000000 1386.000000 0.000528 0.000000 0.000000 
-1.950253 -4.100389 -12.274750 6.036585 -6.341464 -1.097561 1391.000000 1384.000000 1388.000000 1387.000000 0.000529 0.000000 0.000000 
-0.601307 -2.905565 -12.384904 10.000000 -10.731708 2.134146 1396.000000 1379.000000 1389.000000 1386.000000 0.000528 0.000000 0.000000 
1.649524 -0.658778 -12.451023 8.841464 -9.878049 -0.000000 1398.000000 1377.000000 1390.000000 1385.000000 0.000528 0.000000 0.000000 
1.610105 -0.740282 -12.402112 -9.268292 10.731708 0.975610 1379.000000 1396.000000 1388.000000 1387.000000 0.000528 0.000000 0.000000 
-3.950254 -5.914657 -12.175981 -13.414635 17.134148 -0.975610 1365.000000 1410.000000 1387.000000 1388.000000 0.000528 0.000000 0.000000 
-5.535875 -7.128906 -12.105558 3.109756 -5.548780 -1.768293 1384.000000 1391.000000 1389.000000 1386.000000 0.000528 0.000000 0.000000 
-4.535038 -6.102320 -12.168196 7.682927 -8.109756 0.548781 1390.000000 1385.000000 1389.000000 1386.000000 0.000528 0.000000 0.000000 
-3.778069 -5.156036 -12.329759 3.780488 -5.365854 -1.524390 1388.000000 1387.000000 1389.000000 1386.000000 0.000529 0.000000 0.000000 
-3.238566 -4.782233 -12.315256 0.853659 -1.829268 -0.853659 1385.000000 1390.000000 1389.000000 1386.000000 0.000528 0.000000 0.000000 
-1.878647 -3.838130 -12.464030 13.170732 -12.195122 -1.585366 1398.000000 1377.000000 1388.000000 1387.000000 0.000528 0.000000 0.000000 
1.095073 -1.510010 -12.539631 16.524391 -19.329269 0.914634 1406.000000 1369.000000 1390.000000 1385.000000 0.000528 0.000000 0.000000 
6.358603 3.449512 -12.408273 20.243902 -18.902439 -0.670732 1413.000000 1362.000000 1388.000000 1387.000000 0.000528 0.000000 0.000000 
9.933283 6.995008 -12.128024 18.902439 -21.341463 -0.487805 1417.000000 1356.000000 1389.000000 1384.000000 0.000528 0.000000 0.000000 
14.261770 10.961176 -11.429819 23.170732 -26.341463 -1.646341 1426.000000 1349.000000 1391.000000 1384.000000 0.000528 0.000000 0.000000 
16.348562 13.072196 -11.032776 -14.756098 15.182927 -1.585366 1390.000000 1385.000000 1387.000000 1388.000000 0.000528 0.000000 0.000000 
9.830092 6.679039 -12.109327 -46.524391 50.243904 -1.463415 1345.000000 1428.000000 1388.000000 1385.000000 0.000528 0.000000 0.000000 
1.587849 -0.435551 -12.402066 -27.804878 32.195122 -1.036585 1356.000000 1419.000000 1386.000000 1389.000000 0.000528 0.000000 0.000000 
0.070801 -1.759315 -12.429628 12.195122 -15.975610 -0.121951 1399.000000 1376.000000 1390.000000 1385.000000 0.000528 0.000000 0.000000 
9.282666 6.904897 -12.118341 23.536587 -22.378050 1.158537 1422.000000 1353.000000 1389.000000 1386.000000 0.000528 0.000000 0.000000 
10.551549 7.918646 -11.936676 -13.475610 11.219512 -0.243902 1385.000000 1390.000000 1389.000000 1386.000000 0.000528 0.000000 0.000000 
7.432237 5.197752 -12.259892 -15.365854 20.243902 -0.243902 1375.000000 1400.000000 1387.000000 1388.000000 0.000528 0.000000 0.000000 
5.613760 3.634168 -12.339287 -4.146341 2.865854 -1.036585 1388.000000 1387.000000 1389.000000 1386.000000 0.000528 0.000000 0.000000 
6.263830 3.785774 -12.325343 3.963415 -4.207317 -1.402439 1396.000000 1377.000000 1388.000000 1385.000000 0.000528 0.000000 0.000000 
6.744636 4.615697 -12.251351 -1.707317 2.256098 -0.914634 1392.000000 1383.000000 1388.000000 1387.000000 0.000528 0.000000 0.000000 
5.506084 3.521107 -12.334820 -12.439025 14.451220 0.914634 1379.000000 1396.000000 1388.000000 1387.000000 0.000528 0.000000 0.000000 
0.341163 -1.554061 -12.410697 -14.024390 15.000000 1.219512 1371.000000 1404.000000 1388.000000 1387.000000 0.000528 0.000000 0.000000 
-0.470666 -2.539563 -12.370171 2.500000 -1.402439 1.280488 1387.000000 1388.000000 1388.000000 1387.000000 0.000528 0.000000 0.000000 
0.416993 -1.791506 -12.456998 4.329268 -7.134147 1.524390 1393.000000 1382.000000 1390.000000 1385.000000 0.000528 0.000000 0.000000 
0.990012 -0.962143 -12.497381 1.280488 -1.341463 1.158537 1390.000000 1385.000000 1389.000000 1386.000000 0.000528 0.000000 0.000000 
0.761901 -1.638603 -12.492510 -5.975610 7.195122 0.731707 1379.000000 1394.000000 1387.000000 1386.000000 0.000528 0.000000 0.000000 
-0.573049 -3.173614 -12.410125 -8.048780 6.768293 -0.792683 1377.000000 1398.000000 1389.000000 1386.000000 0.000528 0.000000 0.000000 
-2.413754 -4.916680 -12.313444 -7.682927 9.024390 1.097561 1375.000000 1400.000000 1389.000000 1386.000000 0.000528 0.000000 0.000000 
-5.709460 -7.328811 -12.090060 -18.780489 14.207317 -1.463415 1364.000000 1411.000000 1391.000000 1384.000000 0.000528 0.000000 0.000000 
-9.571517 -11.098827 -11.458418 -22.195122 25.731709 -1.768293 1351.000000 1424.000000 1386.000000 1389.000000 0.000528 0.000000 0.000000 
-13.679699 -15.159063 -10.482809 -15.487805 15.609756 0.060976 1355.000000 1420.000000 1388.000000 1387.000000 0.000528 0.000000 0.000000 
-13.590867 -15.100085 -10.483563 15.182927 -15.609756 -1.463415 1387.000000 1388.000000 1389.000000 1386.000000 0.000528 0.000000 0.000000 
-9.880172 -11.232559 -11.451654 23.658537 -25.243902 -0.000000 1400.000000 1373.000000 1388.000000 1385.000000 0.000528 0.000000 0.000000 
-6.638113 -8.104072 -11.995547 6.280488 -8.170732 -0.365854 1388.000000 1387.000000 1389.000000 1386.000000 0.000528 0.000000 0.000000 
-7.429142 -8.798181 -11.900852 -12.439025 15.914635 -0.609756 1365.000000 1410.000000 1387.000000 1388.000000 0.000529 0.000000 0.000000 
-12.693392 -13.586794 -10.839151 -5.426829 8.902439 0.182927 1365.000000 1410.000000 1387.000000 1388.000000 0.000528 0.000000 0.000000 
-12.058600 -13.247524 -10.943911 8.170732 -9.573171 -0.000000 1382.000000 1391.000000 1387.000000 1386.000000 0.000528 0.000000 0.000000 
-10.778596 -11.861208 -11.313751 5.914634 -6.280488 0.243902 1382.000000 1393.000000 1388.000000 1387.000000 0.000528 0.000000 0.000000 
-10.470048 -11.397794 -11.358026 -0.975610 1.219512 0.182927 1375.000000 1400.000000 1388.000000 1387.000000 0.000528 0.000000 0.000000 
-11.590244 -12.780778 -11.119919 -11.158537 10.975610 -1.524390 1363.000000 1412.000000 1389.000000 1386.000000 0.000528 0.000000 0.000000 
-13.641815 -14.521573 -10.655500 -3.414634 5.853659 0.243902 1367.000000 1408.000000 1387.000000 1388.000000 0.000528 0.000000 0.000000 
-13.259589 -14.319221 -10.740960 8.414635 -11.707317 -0.487805 1383.000000 1392.000000 1389.000000 1386.000000 0.000528 0.000000 0.000000 
-6.732398 -8.577953 -11.938183 18.719513 -20.975611 -0.548781 1401.000000 1374.000000 1389.000000 1386.000000 0.000528 0.000000 0.000000 
-4.207246 -6.465662 -12.194028 4.268293 -4.634146 -2.012195 1385.000000 1386.000000 1387.000000 1384.000000 0.000528 0.000000 0.000000 
-3.901655 -6.316121 -12.239886 0.182927 0.731707 0.121951 1383.000000 1394.000000 1389.000000 1388.000000 0.000528 0.000000 0.000000 
-3.152553 -5.680526 -12.276999 5.609756 -7.317073 0.487805 1391.000000 1386.000000 1391.000000 1386.000000 0.000529 0.000002 0.000000 
-1.780540 -4.448381 -12.451355 7.987805 -7.256098 0.914634 1393.000000 1384.000000 1390.000000 1387.000000 0.000528 0.000000 0.000000 
-0.411840 -3.363099 -12.433531 10.853659 -9.329268 -2.256098 1396.000000 1379.000000 1388.000000 1387.000000 0.000528 0.000000 0.000000 
1.681918 -2.176096 -12.583854 10.548780 -13.048780 0.487805 1400.000000 1377.000000 1392.000000 1385.000000 0.000528 0.000000 0.000000 
11.079696 6.809447 -12.013849 40.000000 -43.109756 1.524390 1442.000000 1335.000000 1392.000000 1385.000000 0.000529 0.000000 0.000000 
15.091202 10.788104 -11.406111 -8.414635 5.548780 -0.121951 1397.000000 1380.000000 1391.000000 1386.000000 0.000528 0.000000 0.000000 
11.132797 6.896230 -12.000348 -30.548780 33.719513 2.621951 1364.000000 1411.000000 1388.000000 1387.000000 0.000528 0.000000 0.000000 
6.860688 2.962525 -12.419235 -8.963415 13.231708 0.914634 1381.000000 1396.000000 1389.000000 1388.000000 0.000528 0.000000 0.000000 
6.847409 2.902100 -12.362616 6.890244 -6.402439 2.134146 1400.000000 1377.000000 1390.000000 1387.000000 0.000529 0.000000 0.000000 
8.508380 4.552773 -12.309546 5.731708 -7.012195 -1.463415 1402.000000 1375.000000 1392.000000 1385.000000 0.000528 0.000000 0.000000 
8.384995 4.607730 -12.235200 -6.280488 7.865854 -2.378049 1388.000000 1387.000000 1389.000000 1386.000000 0.000528 0.000000 0.000000 
2.758272 0.034151 -12.413347 -19.817074 22.743902 -0.182927 1366.000000 1409.000000 1388.000000 1387.000000 0.000528 0.000000 0.000000 
0.841585 -1.997774 -12.441606 -3.048780 2.500000 -0.731707 1384.000000 1393.000000 1390.000000 1387.000000 0.000529 0.000000 0.000000 
0.731238 -2.038088 -12.438798 0.000000 -0.121951 -0.914634 1388.000000 1389.000000 1390.000000 1387.000000 0.000528 0.000000 0.000000 
0.227554 -2.367619 -12.477235 -2.500000 4.268293 -2.560976 1383.000000 1392.000000 1388.000000 1387.000000 0.000528 0.000000 0.000000 
-0.738142 -3.092558 -12.369495 -5.182927 2.987805 -0.548781 1383.000000 1394.000000 1391.000000 1386.000000 0.000528 0.000000 0.000000 
-1.325144 -3.609830 -12.450164 0.121951 2.865854 0.975610 1385.000000 1392.000000 1389.000000 1388.000000 0.000529 0.000000 0.000000 
-1.832910 -3.898825 -12.394758 -2.987805 1.890244 1.219512 1383.000000 1394.000000 1390.000000 1387.000000 0.000528 0.000000 0.000000 
-3.461607 -5.676060 -12.376983 -11.768293 14.695123 -0.365854 1369.000000 1406.000000 1387.000000 1388.000000 0.000528 0.000000 0.000000 
-6.363498 -8.386430 -12.070233 -13.170732 11.707317 1.158537 1366.000000 1409.000000 1389.000000 1386.000000 0.000528 0.000000 0.000000 
-7.654434 -9.821367 -11.856089 -3.170732 5.975610 1.463415 1375.000000 1402.000000 1389.000000 1388.000000 0.000528 0.000000 0.000000 
-7.470572 -9.717553 -11.838779 3.231707 -3.414634 -1.341463 1382.000000 1393.000000 1389.000000 1386.000000 0.000528 0.000000 0.000000 
-6.739018 -9.151253 -11.943700 3.170732 -4.329268 -0.914634 1394.000000 1401.000000 1399.000000 1396.000000 0.000528 0.000000 0.000000 
-6.166260 -8.528593 -12.068076 0.000000 0.243902 -2.073171 1405.000000 1420.000000 1414.000000 1411.000000 0.000528 0.000000 0.000000 
-6.562280 -8.711707 -11.983517 -2.804878 2.560976 -0.487805 1412.000000 1433.000000 1424.000000 1421.000000 0.000528 0.000000 0.000000 
-5.918135 -8.235261 -12.079757 1.829268 -1.463415 0.121951 1442.000000 1447.000000 1447.000000 1442.000000 0.000528 0.000000 0.000000 
-5.853310 -7.870616 -12.174890 2.256098 -0.182927 -0.243902 1445.000000 1456.000000 1451.000000 1450.000000 0.000528 0.000004 0.000000 
-5.889906 -7.890021 -12.094073 -0.304878 -0.975610 -1.219512 1448.000000 1463.000000 1456.000000 1455.000000 0.000528 0.000002 0.000000 
-5.535337 -7.486982 -12.245089 2.073171 -3.780488 -1.951220 1471.000000 1478.000000 1476.000000 1473.000000 0.000528 0.000000 0.000000 
-5.205654 -7.738490 -12.191579 -3.597561 7.621952 -0.060976 1476.000000 1501.000000 1489.000000 1488.000000 0.000529 0.000000 0.000000 
-8.026289 -9.831702 -11.874818 -12.804878 14.085366 1.524390 1480.000000 1527.000000 1503.000000 1504.000000 0.000528 0.000000 0.000000 
-9.375412 -11.180043 -11.632205 -0.792683 -1.280488 -0.121951 1503.000000 1526.000000 1516.000000 1513.000000 0.000528 0.000000 0.000000 
-6.517469 -8.576463 -12.175476 4.268293 -1.341463 -0.853659 1508.000000 1517.000000 1514.000000 1511.000000 0.000528 0.000000 0.000000 
-7.129577 -9.881320 -11.950142 -8.597561 6.829268 -0.365854 1496.000000 1529.000000 1514.000000 1511.000000 0.000528 0.000000 0.000000 
-7.866462 -10.320877 -11.887684 2.378049 -2.012195 1.158537 1506.000000 1521.000000 1515.000000 1512.000000 0.000528 0.000000 0.000000 
-7.591132 -9.548830 -12.044406 0.060976 -1.768293 -2.073171 1505.000000 1520.000000 1514.000000 1511.000000 0.000528 0.000000 0.000000 
-8.056911 -9.581864 -12.019506 -7.073171 10.060976 -0.121951 1494.000000 1529.000000 1511.000000 1512.000000 0.000528 0.000000 0.000000 
-9.390596 -10.889689 -11.739759 -1.341463 4.573171 1.768293 1501.000000 1530.000000 1516.000000 1515.000000 0.000528 0.000000 0.000000 
-9.171269 -10.799503 -11.786454 1.036585 -3.658537 -0.426829 1524.000000 1541.000000 1534.000000 1531.000000 0.000528 0.000000 0.000000 
-9.568274 -10.758020 -11.765523 -9.573171 3.658537 -0.487805 1524.000000 1559.000000 1543.000000 1540.000000 0.000528 0.000000 0.000000 
-9.601347 -11.131653 -11.694847 -1.951220 0.853659 -2.012195 1528.000000 1553.000000 1543.000000 1538.000000 0.000528 0.000000 0.000000 
-10.354539 -11.732213 -11.594252 -3.292683 7.987805 -1.890244 1522.000000 1557.000000 1540.000000 1539.000000 0.000528 0.000000 0.000000 
-10.779169 -12.388122 -11.430716 1.646341 2.256098 -0.243902 1527.000000 1554.000000 1540.000000 1541.000000 0.000528 0.000000 0.000000 
-11.052778 -12.749146 -11.386494 -2.073171 2.073171 1.585366 1526.000000 1555.000000 1541.000000 1540.000000 0.000528 0.000000 0.000000 
-11.576035 -13.255980 -11.283342 -2.560976 4.329268 2.317073 1523.000000 1558.000000 1540.000000 1541.000000 0.000528 0.000000 0.000000 
-12.430237 -14.010851 -11.111670 0.853659 2.743902 2.560976 1525.000000 1556.000000 1540.000000 1541.000000 0.000528 0.000000 0.000000 
-11.350892 -13.064447 -11.365740 -3.719512 1.219512 0.487805 1525.000000 1554.000000 1542.000000 1537.000000 0.000528 0.000000 0.000000 
-11.653103 -13.494009 -11.318683 5.060976 1.585366 3.841464 1529.000000 1552.000000 1541.000000 1540.000000 0.000528 0.000003 0.000000 
-11.725732 -13.334847 -11.323246 4.085366 2.317073 5.304878 1528.000000 1553.000000 1537.000000 1544.000000 0.000529 0.000000 0.000000 
-11.436670 -13.387466 -11.284515 0.670732 -1.768293 3.658537 1529.000000 1552.000000 1540.000000 1541.000000 0.000528 0.000000 0.000000 
-10.843554 -12.651866 -11.526466 0.853659 -3.475610 2.804878 1531.000000 1550.000000 1541.000000 1540.000000 0.000528 0.000000 0.000000 
-10.873154 -12.421229 -11.606987 0.853659 -1.707317 2.256098 1529.000000 1550.000000 1540.000000 1539.000000 0.000528 0.000000 0.000000 
-10.399527 -11.936471 -11.709972 4.573171 -2.378049 2.987805 1532.000000 1549.000000 1540.000000 1541.000000 0.000528 0.000000 0.000000 
-6.785855 -8.463379 -12.536819 6.585366 -8.841464 4.207317 1541.000000 1540.000000 1541.000000 1540.000000 0.000528 0.000000 0.000000 
-5.827369 -7.277858 -12.605584 1.097561 2.987805 -1.097561 1533.000000 1548.000000 1542.000000 1539.000000 0.000528 0.000000 0.000000 
-7.872649 -8.821666 -12.236879 -13.414635 12.743903 -0.365854 1518.000000 1563.000000 1542.000000 1539.000000 0.000528 0.000000 0.000000 
-9.199266 -9.362306 -12.183876 1.951220 -4.085366 -0.426829 1532.000000 1547.000000 1540.000000 1539.000000 0.000528 0.000000 0.000000 
-7.910841 -8.537401 -12.298592 1.890244 -5.182927 2.378049 1536.000000 1545.000000 1542.000000 1539.000000 0.000528 0.000000 0.000000 
-8.625810 -9.420090 -12.219177 -10.548780 14.695123 -1.585366 1518.000000 1563.000000 1542.000000 1539.000000 0.000528 0.000000 0.000000 
-10.086912 -11.350110 -11.801098 -5.121951 9.085366 -0.853659 1521.000000 1560.000000 1540.000000 1541.000000 0.000528 0.000000 0.000000 
-5.547954 -7.292457 -12.634681 19.329269 -17.621952 4.024390 1555.000000 1526.000000 1539.000000 1542.000000 0.000528 0.000000 0.000000 
-5.960127 -7.283026 -12.640970 -11.097561 10.853659 1.585366 1522.000000 1559.000000 1540.000000 1541.000000 0.000528 0.000000 0.000000 
-5.294024 -7.533361 -12.538286 -1.768293 -8.170732 3.292683 1537.000000 1544.000000 1544.000000 1537.000000 0.000528 0.000000 0.000000 
-5.279220 -7.327452 -12.617954 -5.121951 0.121951 4.634146 1532.000000 1549.000000 1543.000000 1538.000000 0.000528 0.000000 0.000000 
-6.192084 -7.792660 -12.532444 -5.792683 -0.975610 -1.341463 1531.000000 1550.000000 1541.000000 1540.000000 0.000528 0.000000 0.000000 
-5.539522 -7.422987 -12.722404 4.024390 -4.756098 -1.158537 1538.000000 1543.000000 1540.000000 1541.000000 0.000528 0.000000 0.000000 
-6.819365 -8.100799 -12.614837 -3.780488 15.304878 -2.804878 1523.000000 1558.000000 1538.000000 1543.000000 0.000528 0.000000 0.000000 
-7.931385 -9.565857 -12.346885 5.609756 -1.036585 -0.121951 1532.000000 1547.000000 1539.000000 1540.000000 0.000528 0.000000 0.000000 
-5.964236 -7.900152 -12.686785 9.634147 -8.841464 4.817073 1544.000000 1537.000000 1540.000000 1541.000000 0.000528 0.000000 0.000000 
-6.632708 -7.846540 -12.701114 -12.378049 24.634148 -0.121951 1514.000000 1567.000000 1538.000000 1543.000000 0.000528 0.000000 0.000000 
-10.872680 -12.082073 -11.875584 -21.402439 20.792683 0.914634 1506.000000 1575.000000 1542.000000 1539.000000 0.000529 0.000000 0.000000 
-9.811329 -12.881512 -11.821084 -15.487805 21.341463 1.341463 1514.000000 1567.000000 1538.000000 1543.000000 0.000528 0.000000 0.000000 
-16.370192 -19.434858 -9.757676 -36.890244 41.341465 0.792683 1479.000000 1602.000000 1541.000000 1540.000000 0.000528 0.000000 0.000000 
-18.086498 -21.355448 -9.065068 23.414635 -24.756098 1.402439 1541.000000 1538.000000 1540.000000 1539.000000 0.000528 0.000000 0.000000 
-13.502316 -16.069460 -10.780061 12.012196 -14.085366 1.158537 1541.000000 1540.000000 1542.000000 1539.000000 0.000528 0.000000 0.000000 
-15.984683 -19.065178 -9.870809 -34.817074 34.329269 1.829268 1487.000000 1594.000000 1543.000000 1538.000000 0.000528 0.000000 0.000000 
-18.895391 -21.744442 -8.809873 18.048780 -16.402439 0.243902 1535.000000 1546.000000 1542.000000 1539.000000 0.000528 0.000000 0.000000 
-11.068557 -13.802999 -11.326900 49.390244 -58.231709 -2.743902 1585.000000 1496.000000 1545.000000 1536.000000 0.000528 0.000000 0.000000 
-13.515347 -16.085335 -10.848278 -51.829269 57.439026 -3.902439 1463.000000 1618.000000 1539.000000 1542.000000 0.000528 0.000000 0.000000 
-15.204451 -18.192802 -10.363613 29.756098 -34.390244 5.670732 1555.000000 1526.000000 1544.000000 1537.000000 0.000528 0.000000 0.000000 
-10.904166 -13.940578 -11.547264 -0.731707 1.829268 7.317073 1528.000000 1551.000000 1539.000000 1540.000000 0.000528 0.000000 0.000000 
-14.513577 -17.098928 -10.548290 -20.487804 23.658537 -0.792683 1500.000000 1581.000000 1542.000000 1539.000000 0.000528 0.000000 0.000000 
-15.633589 -18.705519 -10.144784 21.036587 -18.658537 2.560976 1540.000000 1541.000000 1542.000000 1539.000000 0.000528 0.000000 0.000000 
-10.516363 -12.576568 -11.795597 23.658537 -28.780489 -3.658537 1557.000000 1524.000000 1545.000000 1536.000000 0.000529 0.000000 0.000000 
-11.319555 -13.524226 -11.654024 -36.158539 42.926830 2.743902 1490.000000 1591.000000 1539.000000 1542.000000 0.000528 0.000000 0.000000 
-16.185217 -18.399469 -10.501075 24.451220 -20.182928 6.951220 1547.000000 1534.000000 1542.000000 1539.000000 0.000528 0.000000 0.000000 
-14.871426 -16.994230 -10.799890 -6.280488 12.073171 4.695122 1513.000000 1566.000000 1540.000000 1539.000000 0.000528 0.000000 0.000000 
-16.698139 -18.778217 -10.174785 0.609756 0.121951 6.463415 1521.000000 1560.000000 1540.000000 1541.000000 0.000528 0.000000 0.000000 
-15.052523 -17.390484 -10.676999 9.146341 -11.036586 2.743902 1534.000000 1547.000000 1541.000000 1540.000000 0.000528 0.000000 0.000000 
-14.596162 -16.579237 -10.787405 -9.939025 5.243903 -0.426829 1518.000000 1563.000000 1541.000000 1540.000000 0.000528 0.000000 0.000000 
-17.219851 -19.188137 -10.012390 -16.890244 14.817074 -1.097561 1504.000000 1577.000000 1544.000000 1537.000000 0.000528 0.000000 0.000000 
-17.252588 -18.596151 -10.166601 19.024391 -17.865854 0.853659 1540.000000 1541.000000 1543.000000 1538.000000 0.000528 0.000000 0.000000 
-10.036231 -11.448349 -12.153977 -0.670732 -3.597561 -4.085366 1533.000000 1548.000000 1542.000000 1539.000000 0.000528 0.000000 0.000000 
-11.301031 -12.741984 -11.901343 -6.890244 7.804878 -0.426829 1519.000000 1560.000000 1537.000000 1542.000000 0.000528 0.000000 0.000000 
-10.277682 -12.096442 -12.113050 7.804878 -15.670732 -0.548781 1541.000000 1540.000000 1542.000000 1539.000000 0.000528 0.000000 0.000000 
-8.432551 -10.183961 -12.403297 -3.841464 -2.439024 4.329268 1532.000000 1549.000000 1543.000000 1538.000000 0.000528 0.000000 0.000000 
-9.841483 -12.068185 -12.055635 -13.231708 19.207317 1.829268 1512.000000 1569.000000 1539.000000 1542.000000 0.000528 0.000000 0.000000 
-11.565540 -13.487374 -11.675842 8.414635 -8.353659 3.231707 1535.000000 1546.000000 1539.000000 1542.000000 0.000529 0.000000 0.000000 
-7.823683 -9.616168 -12.534063 21.829269 -30.670732 0.365854 1560.000000 1521.000000 1542.000000 1539.000000 0.000528 0.000000 0.000000 
-8.483925 -9.255859 -12.389242 -27.621952 21.280489 -4.939024 1504.000000 1577.000000 1543.000000 1538.000000 0.000528 0.000000 0.000000 
-9.251108 -9.884773 -12.384433 9.451220 -15.000000 -0.243902 1542.000000 1539.000000 1543.000000 1538.000000 0.000528 0.000000 0.000000 
-7.188041 -8.342954 -12.669112 0.914634 0.548781 -4.634146 1532.000000 1547.000000 1540.000000 1539.000000 0.000528 0.000000 0.000000 
-8.296285 -9.627788 -12.381375 -12.621951 11.463415 -3.292683 1519.000000 1562.000000 1541.000000 1540.000000 0.000528 0.000000 0.000000 
-9.029940 -10.683055 -12.243643 1.158537 -12.682927 -4.512195 1537.000000 1544.000000 1545.000000 1536.000000 0.000528 0.000000 0.000000 
-7.228920 -8.493561 -12.750735 7.439024 -14.695123 -4.878049 1544.000000 1537.000000 1544.000000 1537.000000 0.000532 0.000000 0.000000 
-7.688869 -8.702031 -12.746650 -10.914635 9.756098 -1.890244 1522.000000 1559.000000 1541.000000 1540.000000 0.000547 0.000000 0.000000 
-10.692614 -12.123757 -12.027057 0.000000 -6.097561 -0.487805 1530.000000 1551.000000 1544.000000 1537.000000 0.000551 0.000000 0.000000 
-9.385016 -11.119690 -12.329316 3.048780 -3.841464 -2.012195 1534.000000 1547.000000 1542.000000 1539.000000 0.000562 0.000000 0.000000 
-10.000526 -11.230009 -12.199754 -4.329268 6.951220 -3.109756 1522.000000 1559.000000 1541.000000 1540.000000 0.000570 0.000000 0.000000 
-10.902623 -11.742979 -12.050693 4.329268 -6.829268 -1.219512 1532.000000 1547.000000 1542.000000 1537.000000 0.000582 0.000000 0.000000 
-9.372243 -10.403846 -12.405279 6.036585 -8.963415 -3.231707 1537.000000 1542.000000 1543.000000 1536.000000 0.000585 0.000000 0.000000 
-8.512719 -9.961997 -12.463288 -3.780488 4.146341 -6.463415 1525.000000 1556.000000 1543.000000 1538.000000 0.000591 0.000000 0.000000 
-10.159039 -11.664831 -12.182023 -15.243903 12.743903 -4.573171 1512.000000 1569.000000 1542.000000 1539.000000 0.000600 0.000000 0.000000 
-9.811868 -10.902330 -12.521838 13.414635 -16.463415 2.012195 1548.000000 1533.000000 1541.000000 1540.000000 0.000605 0.000000 0.000000 
-9.102077 -10.426241 -12.570718 -5.975610 9.329268 -3.475610 1519.000000 1562.000000 1542.000000 1539.000000 0.000616 0.000000 0.000000 
-8.810507 -10.395367 -12.533013 12.804878 -7.195122 2.621951 1540.000000 1541.000000 1541.000000 1540.000000 0.000623 0.000000 0.000000 
-7.942210 -9.551854 -12.663676 1.280488 2.378049 -0.000000 1529.000000 1552.000000 1540.000000 1541.000000 0.000633 0.000000 0.000000 
-7.275635 -9.584988 -12.542341 6.036585 -4.390244 -1.646341 1535.000000 1546.000000 1544.000000 1537.000000 0.000639 0.000000 0.000000 
-6.019300 -8.396137 -12.969446 10.121951 -12.926829 -2.073171 1545.000000 1536.000000 1545.000000 1536.000000 0.000643 0.000000 0.000000 
-2.412375 -5.218166 -13.294021 13.963415 -19.146341 -4.268293 1557.000000 1524.000000 1548.000000 1533.000000 0.000646 0.000000 0.000000 
-0.473613 -3.128118 -13.369088 5.426829 -10.243902 -5.853659 1546.000000 1533.000000 1544.000000 1535.000000 0.000646 0.000000 0.000000 
1.060722 -1.402117 -13.684328 14.756098 -8.292683 5.548780 1555.000000 1526.000000 1538.000000 1543.000000 0.000646 0.000000 0.000000 
3.730137 0.806633 -13.526154 7.682927 -13.109756 -1.280488 1557.000000 1524.000000 1546.000000 1535.000000 0.000646 0.000000 0.000000 
4.005846 1.255559 -13.542044 -0.731707 6.097561 1.219512 1538.000000 1541.000000 1539.000000 1540.000000 0.000646 0.000000 0.000000 
3.550033 1.477925 -13.430879 4.573171 -11.280488 -4.024390 1554.000000 1527.000000 1545.000000 1536.000000 0.000646 0.000000 0.000000 
5.246065 3.534903 -13.502535 16.585365 -18.170732 -0.914634 1568.000000 1513.000000 1542.000000 1539.000000 0.000646 0.000000 0.000000 
7.735662 6.033435 -13.270639 2.560976 -8.292683 -0.121951 1558.000000 1523.000000 1544.000000 1537.000000 0.000646 0.000000 0.000000 
7.077650 4.632889 -13.391159 -8.414635 17.317074 3.170732 1532.000000 1549.000000 1538.000000 1543.000000 0.000646 0.000000 0.000000 
3.876831 2.065654 -13.479101 -7.317073 22.865854 2.134146 1524.000000 1557.000000 1536.000000 1545.000000 0.000647 0.000000 0.000000 
1.249458 -0.745620 -13.488038 -12.500000 19.756098 5.365854 1520.000000 1561.000000 1539.000000 1542.000000 0.000646 0.000000 0.000000 
-1.908610 -3.358526 -13.403501 -11.951220 11.280488 1.341463 1521.000000 1560.000000 1542.000000 1539.000000 0.000646 0.000000 0.000000 
-3.418305 -3.966236 -13.397269 0.914634 -6.463415 -3.170732 1540.000000 1541.000000 1546.000000 1535.000000 0.000646 0.000000 0.000000 
-3.367662 -4.322798 -13.499426 -8.963415 11.524390 -3.902439 1523.000000 1558.000000 1542.000000 1539.000000 0.000646 0.000000 0.000000 
-4.941806 -6.415213 -13.206244 -18.597561 12.378049 -2.804878 1512.000000 1567.000000 1543.000000 1536.000000 0.000646 0.000000 0.000000 
-4.817546 -5.962212 -13.405532 9.329268 -10.426829 -2.682927 1548.000000 1533.000000 1543.000000 1538.000000 0.000646 0.000000 0.000000 
-5.387631 -6.285952 -13.288042 -7.439024 7.682927 2.743902 1523.000000 1558.000000 1539.000000 1542.000000 0.000646 0.000000 0.000000 
-5.919589 -6.511292 -13.224960 5.548780 -6.097561 1.707317 1539.000000 1542.000000 1539.000000 1542.000000 0.000646 0.000000 0.000000 
-3.958105 -5.061162 -13.493932 3.963415 -3.719512 3.353659 1542.000000 1539.000000 1539.000000 1542.000000 0.000646 0.000000 0.000000 
-4.517441 -5.894069 -13.299624 -13.353659 20.731709 0.731707 1512.000000 1569.000000 1539.000000 1542.000000 0.000646 0.000000 0.000000 
-7.359873 -8.489475 -12.952245 -0.975610 8.719512 2.804878 1522.000000 1559.000000 1540.000000 1541.000000 0.000646 0.000000 0.000000 
-6.521366 -7.123551 -13.182698 21.768293 -19.451220 1.219512 1556.000000 1523.000000 1539.000000 1540.000000 0.000646 0.000000 0.000000 
-3.379326 -4.768888 -13.468056 -8.536586 16.585365 2.682927 1517.000000 1564.000000 1536.000000 1545.000000 0.000648 0.000000 0.000000 
-4.879949 -5.856390 -13.307760 4.085366 -1.341463 4.329268 1537.000000 1544.000000 1539.000000 1542.000000 0.000658 0.000000 0.000000 
-4.060997 -5.824392 -13.478650 -0.914634 -0.182927 2.743902 1534.000000 1547.000000 1540.000000 1541.000000 0.000667 0.000000 0.000000 
-3.817199 -5.462116 -13.337306 3.048780 4.512195 2.439024 1534.000000 1547.000000 1538.000000 1543.000000 0.000673 0.000000 0.000000 
-4.974526 -6.456573 -13.338921 2.926829 8.597561 1.951220 1527.000000 1554.000000 1537.000000 1544.000000 0.000680 0.000000 0.000000 
-3.565677 -5.549470 -13.350911 15.365854 -10.792684 0.975610 1551.000000 1530.000000 1541.000000 1540.000000 0.000685 0.000000 0.000000 
-1.267739 -3.575675 -13.641960 5.182927 -5.121951 1.402439 1543.000000 1536.000000 1544.000000 1535.000000 0.000689 0.000000 0.000000 
-6.231322 -7.848960 -13.241707 -11.890244 17.012196 1.646341 1507.000000 1574.000000 1539.000000 1542.000000 0.000694 0.000000 0.000000 
-5.338690 -6.987292 -13.535397 13.658537 -17.987804 4.329268 1554.000000 1527.000000 1544.000000 1537.000000 0.000699 0.000000 0.000000 
-4.428357 -6.290269 -13.532698 -6.951220 15.670732 1.707317 1519.000000 1562.000000 1538.000000 1543.000000 0.000698 0.000000 0.000000 
-6.875307 -8.331589 -13.201917 -6.585366 4.512195 3.719512 1519.000000 1560.000000 1543.000000 1536.000000 0.000698 0.000000 0.000000 
-4.861071 -6.855353 -13.442923 16.951220 -21.341463 4.695122 1559.000000 1522.000000 1542.000000 1539.000000 0.000702 0.000000 0.000000 
-3.830560 -5.404959 -13.574754 -6.463415 16.036585 4.634146 1521.000000 1560.000000 1536.000000 1545.000000 0.000708 0.000000 0.000000 
-9.548281 -10.872726 -12.623072 -39.878048 38.292683 -1.280488 1470.000000 1611.000000 1541.000000 1540.000000 0.000712 0.000000 0.000000 
-5.217528 -6.968225 -13.574404 37.500000 -44.451221 -3.353659 1598.000000 1483.000000 1548.000000 1533.000000 0.000713 0.000000 0.000000 
-6.383714 -7.967573 -13.449655 -26.951220 34.939026 1.158537 1485.000000 1596.000000 1537.000000 1544.000000 0.000711 0.000000 0.000000 
-6.500106 -7.840277 -13.251811 31.036587 -28.170732 1.646341 1570.000000 1511.000000 1539.000000 1542.000000 0.000700 0.000000 0.000000 
-4.090851 -5.274124 -13.618506 -8.231708 13.109756 6.585366 1523.000000 1558.000000 1534.000000 1547.000000 0.000694 0.000000 0.000000 
-8.003093 -9.027959 -12.716482 -24.329269 17.012196 -7.560976 1498.000000 1583.000000 1545.000000 1536.000000 0.000683 0.000000 0.000000 
-6.699703 -9.098305 -13.078262 31.280489 -43.048782 -3.231707 1575.000000 1506.000000 1552.000000 1529.000000 0.000678 0.000000 0.000000 
5.147408 1.169172 -14.102932 51.341465 -66.219513 -1.585366 1626.000000 1455.000000 1549.000000 1532.000000 0.000672 0.000000 0.000000 
-7.304938 -10.278258 -13.214579 -94.573174 103.414635 1.219512 1384.000000 1695.000000 1533.000000 1546.000000 0.000672 0.000000 0.000000 
-9.375678 -12.339828 -12.832489 60.426830 -66.036591 8.902439 1608.000000 1473.000000 1545.000000 1536.000000 0.000672 0.000000 0.000000 
-5.771919 -8.816151 -13.293001 -28.414635 38.902439 12.134147 1492.000000 1589.000000 1536.000000 1545.000000 0.000669 0.000000 0.000000 
-13.390296 -15.959762 -11.345947 -26.402439 19.268293 7.439024 1487.000000 1594.000000 1545.000000 1536.000000 0.000662 0.000000 0.000000 
-10.759751 -13.277765 -12.298543 57.195122 -66.707321 -0.853659 1601.000000 1478.000000 1550.000000 1529.000000 0.000656 0.000000 0.000000 
-0.577709 -3.463287 -14.221683 18.048780 -10.853659 -5.304878 1565.000000 1516.000000 1539.000000 1542.000000 0.000651 0.000000 0.000000 
-10.461329 -11.608430 -12.705177 -100.060982 120.548782 -0.000000 1390.000000 1691.000000 1528.000000 1553.000000 0.000647 0.000000 0.000000 
-0.274107 -3.549960 -14.377654 91.280487 -113.414635 5.304878 1681.000000 1400.000000 1557.000000 1524.000000 0.000640 0.000000 0.000000 
-1.758330 -3.692682 -13.939898 -60.731709 80.182930 9.451220 1450.000000 1629.000000 1533.000000 1546.000000 0.000636 0.000000 0.000000 
-7.333896 -8.862101 -12.957213 26.707317 -15.365854 18.170732 1551.000000 1530.000000 1536.000000 1545.000000 0.000631 0.000000 0.000000 
-1.468215 -3.687982 -13.519803 18.353659 -18.292683 5.853659 1563.000000 1518.000000 1537.000000 1544.000000 0.000628 0.000000 0.000000 
-2.348142 -3.723604 -13.661139 -46.707317 37.195122 -11.768293 1488.000000 1593.000000 1544.000000 1537.000000 0.000625 0.000000 0.000000 
-10.371250 -11.173702 -12.857340 -29.390245 28.231709 -3.231707 1488.000000 1591.000000 1541.000000 1538.000000 0.000622 0.000000 0.000000 
-8.757870 -10.567444 -13.272335 44.024391 -47.073174 3.170732 1579.000000 1502.000000 1544.000000 1537.000000 0.000619 0.000000 0.000000 
6.235803 3.994032 -13.872764 -13.841464 11.402439 0.731707 1534.000000 1547.000000 1542.000000 1539.000000 0.000617 0.000000 0.000000 
4.856480 2.521195 -13.642612 -3.414634 8.963415 -9.573171 1535.000000 1546.000000 1543.000000 1538.000000 0.000615 0.000000 0.000000 
4.227268 1.482804 -13.794947 -11.402439 14.939025 -2.621951 1529.000000 1552.000000 1541.000000 1540.000000 0.000611 0.000000 0.000000 
1.205428 -0.895373 -14.110173 -14.878049 17.560976 -6.158537 1519.000000 1562.000000 1542.000000 1539.000000 0.000609 0.000000 0.000000 
0.390782 -1.751607 -13.727286 -0.121951 1.341463 5.426829 1539.000000 1542.000000 1543.000000 1538.000000 0.000607 0.000000 0.000000 
-0.718031 -3.456568 -13.926977 -13.109756 18.963415 6.280488 1520.000000 1561.000000 1539.000000 1542.000000 0.000604 0.000000 0.000000 
-2.772733 -4.941464 -13.264772 -3.902439 6.829268 -0.060976 1528.000000 1553.000000 1540.000000 1541.000000 0.000604 0.000000 0.000000 
-1.679181 -4.174812 -14.017714 0.914634 -2.926829 -5.609756 1539.000000 1540.000000 1543.000000 1536.000000 0.000604 0.000000 0.000000 
-3.366230 -4.985654 -13.629074 -10.914635 14.207317 2.926829 1521.000000 1560.000000 1540.000000 1541.000000 0.000604 0.000000 0.000000 
-4.263487 -6.272688 -13.641984 1.890244 -3.292683 2.621951 1535.000000 1546.000000 1541.000000 1540.000000 0.000604 0.000000 0.000000 
-2.435366 -4.285547 -13.554130 4.817073 -8.231708 0.914634 1545.000000 1536.000000 1543.000000 1538.000000 0.000603 0.000000 0.000000 
-4.338214 -6.357925 -13.502396 -31.890245 26.524391 1.890244 1500.000000 1579.000000 1544.000000 1535.000000 0.000603 0.000000 0.000000 
-7.933338 -9.960262 -12.760994 -9.390244 2.256098 -5.914634 1521.000000 1560.000000 1544.000000 1537.000000 0.000600 0.000000 0.000000 
-4.835450 -7.647269 -13.343550 30.182928 -35.609756 -3.414634 1572.000000 1509.000000 1543.000000 1538.000000 0.000597 0.000000 0.000000 
-0.580532 -3.506787 -13.889874 -21.524391 25.548780 -3.963415 1509.000000 1572.000000 1539.000000 1542.000000 0.000597 0.000000 0.000000 
-2.090585 -5.097620 -13.863888 -1.219512 -1.036585 4.512195 1536.000000 1545.000000 1544.000000 1537.000000 0.000596 0.000000 0.000000 
-1.793956 -5.107652 -13.839055 -0.182927 6.951220 1.707317 1530.000000 1549.000000 1541.000000 1538.000000 0.000596 0.000000 0.000000 
-2.551583 -5.488123 -13.726252 1.219512 3.475610 1.707317 1535.000000 1546.000000 1541.000000 1540.000000 0.000595 0.000000 0.000000 
-2.883026 -6.100574 -13.855828 -6.280488 11.890244 -0.609756 1524.000000 1557.000000 1543.000000 1538.000000 0.000594 0.000000 0.000000 
-4.308839 -7.281367 -13.479657 0.060976 3.719512 2.621951 1531.000000 1550.000000 1543.000000 1538.000000 0.000591 0.000000 0.000000 
-4.063033 -7.155279 -13.682156 9.756098 -4.817073 4.634146 1542.000000 1539.000000 1540.000000 1541.000000 0.000591 0.000000 0.000000 
-5.369946 -7.542244 -13.538465 -16.829269 10.487805 1.768293 1517.000000 1564.000000 1543.000000 1538.000000 0.000591 0.000000 0.000000 
-6.153368 -7.936290 -13.576320 5.243903 -8.292683 -2.073171 1540.000000 1541.000000 1543.000000 1538.000000 0.000590 0.000000 0.000000 
-5.933504 -7.133916 -13.593280 -6.524390 0.975610 -3.109756 1529.000000 1552.000000 1543.000000 1538.000000 0.000589 0.000000 0.000000 
-7.049019 -8.020795 -13.503677 -6.219512 0.914634 -2.500000 1527.000000 1554.000000 1543.000000 1538.000000 0.000586 0.000000 0.000000 
-5.921009 -7.303655 -13.585030 6.097561 -12.804878 -2.743902 1544.000000 1537.000000 1544.000000 1537.000000 0.000583 0.000000 0.000000 
-5.467452 -6.200949 -13.879634 -5.365854 -1.158537 -3.902439 1532.000000 1549.000000 1545.000000 1536.000000 0.000580 0.000000 0.000000 
-6.686824 -7.947400 -13.537988 -14.939025 12.073171 -2.743902 1518.000000 1563.000000 1540.000000 1541.000000 0.000578 0.000000 0.000000 
-8.526026 -9.437045 -13.411056 3.597561 -2.439024 -3.109756 1533.000000 1548.000000 1543.000000 1538.000000 0.000574 0.000000 0.000000 
-9.111069 -10.087102 -13.243557 -7.804878 9.146341 -1.524390 1520.000000 1561.000000 1541.000000 1540.000000 0.000567 0.000000 0.000000 
-9.418053 -10.802578 -13.140059 2.621951 -6.585366 1.890244 1534.000000 1547.000000 1543.000000 1538.000000 0.000561 0.000000 0.000000 
-8.304585 -9.636989 -13.415278 6.219512 -6.402439 2.743902 1538.000000 1543.000000 1541.000000 1540.000000 0.000556 0.000000 0.000000 
-6.767879 -8.782346 -13.539040 7.987805 -0.426829 1.158537 1536.000000 1545.000000 1537.000000 1544.000000 0.000550 0.000000 0.000000 
-5.162695 -7.293615 -13.715535 13.597561 -9.451220 -0.548781 1544.000000 1537.000000 1542.000000 1539.000000 0.000548 0.000000 0.000000 
-2.228853 -4.792209 -14.052888 10.121951 -16.219513 -3.658537 1551.000000 1530.000000 1546.000000 1535.000000 0.000546 0.000000 0.000000 
-2.032860 -4.194984 -14.112198 3.353659 2.317073 -3.841464 1534.000000 1547.000000 1540.000000 1541.000000 0.000546 0.000000 0.000000 
1.151988 -2.072984 -14.224351 11.219512 -19.207317 -1.463415 1557.000000 1524.000000 1547.000000 1534.000000 0.000546 0.000000 0.000000 
3.040383 -0.578793 -14.368619 9.146341 -8.841464 3.658537 1552.000000 1529.000000 1542.000000 1539.000000 0.000542 0.000000 0.000000 
4.322400 0.800565 -14.226688 5.426829 -3.780488 -2.743902 1548.000000 1533.000000 1543.000000 1538.000000 0.000542 0.000000 0.000000 
5.401061 1.922650 -14.314998 17.987804 -4.939024 -0.792683 1555.000000 1526.000000 1538.000000 1543.000000 0.000542 0.000000 0.000000 
7.039732 3.892433 -14.177815 8.963415 -6.768293 -1.524390 1555.000000 1526.000000 1542.000000 1539.000000 0.000542 0.000000 0.000000 
7.262844 4.155113 -14.195839 0.975610 3.048780 0.670732 1544.000000 1535.000000 1537.000000 1542.000000 0.000542 0.000000 0.000000 
7.764832 4.827950 -14.177464 6.524390 -14.085366 2.073171 1560.000000 1521.000000 1542.000000 1539.000000 0.000542 0.000000 0.000000 
8.499924 5.839683 -14.130287 -3.414634 2.865854 1.219512 1545.000000 1536.000000 1544.000000 1537.000000 0.000543 0.000000 0.000000 
7.668664 4.587903 -14.162849 -6.036585 3.292683 1.280488 1543.000000 1538.000000 1541.000000 1540.000000 0.000543 0.000000 0.000000 
8.012327 5.376957 -14.211190 16.524391 -12.195122 3.475610 1562.000000 1519.000000 1539.000000 1542.000000 0.000543 0.000000 0.000000 
10.075459 7.454225 -13.968341 6.341464 -6.463415 0.548781 1557.000000 1524.000000 1543.000000 1538.000000 0.000543 0.000000 0.000000 
10.067418 7.285039 -13.964071 -5.365854 6.524390 -0.670732 1543.000000 1538.000000 1541.000000 1540.000000 0.000543 0.000000 0.000000 
9.485245 6.778661 -13.975575 1.402439 -10.121951 -1.158537 1554.000000 1527.000000 1546.000000 1535.000000 0.000543 0.000000 0.000000 
13.842543 10.751702 -13.493776 -1.890244 1.097561 2.621951 1555.000000 1526.000000 1541.000000 1540.000000 0.000543 0.000000 0.000000 
10.611337 7.729108 -13.734834 -27.560976 30.365854 -2.804878 1519.000000 1562.000000 1542.000000 1539.000000 0.000543 0.000000 0.000000 
6.843562 4.162478 -14.160072 -9.817074 9.878049 -0.365854 1534.000000 1547.000000 1543.000000 1538.000000 0.000543 0.000000 0.000000 
5.607030 2.758520 -14.273335 -9.817074 19.634148 0.853659 1528.000000 1551.000000 1539.000000 1540.000000 0.000543 0.000000 0.000000 
0.646328 -1.760371 -14.323314 -34.146343 40.914635 1.585366 1499.000000 1582.000000 1540.000000 1541.000000 0.000543 0.000000 0.000000 
-3.958676 -6.335301 -13.996661 -12.865854 5.000000 -0.792683 1524.000000 1557.000000 1544.000000 1537.000000 0.000543 0.000000 0.000000 
-1.568805 -4.099614 -14.309473 29.146341 -29.268293 2.804878 1569.000000 1512.000000 1542.000000 1539.000000 0.000543 0.000000 0.000000 
-0.752198 -3.619315 -14.189333 -32.743904 36.707317 -7.073171 1500.000000 1581.000000 1540.000000 1541.000000 0.000543 0.000000 0.000000 
-3.488049 -6.396873 -14.035580 3.902439 -4.756098 0.304878 1539.000000 1542.000000 1541.000000 1540.000000 0.000543 0.000000 0.000000 
-3.876683 -6.052346 -14.242486 -3.231707 6.585366 1.463415 1530.000000 1551.000000 1539.000000 1542.000000 0.000543 0.000000 0.000000 
-5.367364 -7.290345 -13.904016 -4.817073 6.524390 2.378049 1527.000000 1552.000000 1539.000000 1540.000000 0.000543 0.000000 0.000000 
-5.747104 -7.903694 -13.976731 -2.439024 -4.329268 0.426829 1534.000000 1547.000000 1542.000000 1539.000000 0.000543 0.000000 0.000000 
-5.253514 -6.915651 -14.055964 1.158537 -5.731708 -3.231707 1538.000000 1543.000000 1542.000000 1539.000000 0.000544 0.000000 0.000000 
-6.093494 -7.963096 -13.948552 -13.902439 7.195122 1.707317 1523.000000 1558.000000 1541.000000 1540.000000 0.000545 0.000000 0.000000 
-8.042274 -9.626820 -13.854041 1.341463 -3.109756 2.439024 1535.000000 1546.000000 1539.000000 1542.000000 0.000544 0.000000 0.000000 
-7.860422 -9.798306 -13.867457 -5.548780 1.524390 3.841464 1527.000000 1554.000000 1541.000000 1540.000000 0.000544 0.000000 0.000000 
-7.580158 -9.588910 -13.714806 -1.402439 -2.621951 1.219512 1532.000000 1547.000000 1541.000000 1538.000000 0.000544 0.000000 0.000000 
-8.390917 -10.383488 -13.702478 -8.414635 2.378049 -1.951220 1524.000000 1557.000000 1543.000000 1538.000000 0.000544 0.000000 0.000000 
-7.821788 -9.633943 -13.766815 6.158537 -10.365854 -5.914634 1539.000000 1542.000000 1545.000000 1536.000000 0.000544 0.000000 0.000000 
-6.792910 -8.591620 -14.064963 3.292683 -1.158537 -4.268293 1534.000000 1547.000000 1542.000000 1539.000000 0.000544 0.000000 0.000000 
-6.525811 -7.722080 -14.162686 8.231708 -13.597561 -4.634146 1544.000000 1537.000000 1545.000000 1536.000000 0.000544 0.000000 0.000000 
-1.734981 -3.788282 -14.649033 10.426829 -9.817074 5.060976 1549.000000 1532.000000 1540.000000 1541.000000 0.000544 0.000000 0.000000 
-1.132588 -3.220276 -14.608673 -1.768293 2.682927 -0.121951 1535.000000 1546.000000 1542.000000 1539.000000 0.000544 0.000000 0.000000 
-0.676620 -2.254739 -14.627422 10.304878 -20.304878 -1.646341 1554.000000 1525.000000 1547.000000 1532.000000 0.000544 0.000000 0.000000 
1.292330 -0.411185 -14.816514 1.524390 -6.402439 3.780488 1546.000000 1535.000000 1542.000000 1539.000000 0.000544 0.000000 0.000000 
2.889078 0.945206 -14.673816 9.695122 -7.987805 -5.426829 1551.000000 1530.000000 1544.000000 1537.000000 0.000544 0.000000 0.000000 
4.597816 2.154233 -14.811168 3.353659 -6.158537 2.500000 1551.000000 1530.000000 1541.000000 1540.000000 0.000544 0.000000 0.000000 
5.998356 3.549838 -14.609781 11.524390 -6.646342 -2.865854 1555.000000 1526.000000 1541.000000 1540.000000 0.000545 0.000000 0.000000 
7.006934 4.874155 -14.541055 -1.646341 -7.134147 1.341463 1551.000000 1530.000000 1544.000000 1537.000000 0.000544 0.000000 0.000000 
7.694527 5.526441 -14.544044 3.658537 2.378049 2.865854 1548.000000 1533.000000 1542.000000 1539.000000 0.000544 0.000000 0.000000 
7.820143 5.650176 -14.499923 -2.012195 -8.109756 0.060976 1551.000000 1530.000000 1546.000000 1535.000000 0.000544 0.000000 0.000000 
7.887476 5.491517 -14.510704 -1.341463 7.560976 5.060976 1543.000000 1536.000000 1536.000000 1543.000000 0.000544 0.000000 0.000000 
7.748759 5.661178 -14.450564 8.902439 -4.268293 -1.463415 1554.000000 1527.000000 1542.000000 1539.000000 0.000544 0.000000 0.000000 
8.175811 6.161396 -14.422690 -6.829268 -2.134146 2.256098 1547.000000 1534.000000 1544.000000 1537.000000 0.000544 0.000000 0.000000 
7.574343 5.280223 -14.590761 -5.365854 7.865854 -1.463415 1541.000000 1540.000000 1540.000000 1541.000000 0.000544 0.000000 0.000000 
3.087839 0.335008 -14.684278 -26.768293 20.670732 0.243902 1517.000000 1564.000000 1541.000000 1540.000000 0.000544 0.000000 0.000000 
0.658478 -1.566922 -14.628337 -6.097561 -2.743902 -1.829268 1538.000000 1543.000000 1544.000000 1537.000000 0.000544 0.000000 0.000000 
0.016429 -1.733673 -14.721121 -6.463415 -0.243902 -1.951220 1536.000000 1545.000000 1545.000000 1536.000000 0.000544 0.000000 0.000000 
-0.025495 -2.505193 -14.670780 -13.963415 3.353659 -2.439024 1530.000000 1551.000000 1546.000000 1535.000000 0.000544 0.000000 0.000000 
-1.630373 -3.703840 -14.567989 -11.890244 4.085366 -1.158537 1528.000000 1551.000000 1543.000000 1536.000000 0.000544 0.000000 0.000000 
-2.690432 -4.885929 -14.541377 -9.634147 -0.487805 -3.353659 1532.000000 1549.000000 1544.000000 1537.000000 0.000544 0.000000 0.000000 
-3.444158 -5.157178 -14.481559 -3.048780 -0.914634 -2.073171 1534.000000 1547.000000 1543.000000 1538.000000 0.000544 0.000000 0.000000 
-4.187847 -5.678255 -14.264970 -8.170732 1.585366 -4.756098 1530.000000 1551.000000 1544.000000 1537.000000 0.000544 0.000000 0.000000 
-5.450992 -6.615552 -14.309185 -5.000000 1.524390 -2.804878 1529.000000 1552.000000 1545.000000 1536.000000 0.000545 0.000000 0.000000 
-5.326749 -6.842245 -14.329780 6.463415 -1.158537 -4.573171 1537.000000 1544.000000 1542.000000 1539.000000 0.000544 0.000000 0.000000 
-4.787954 -6.435088 -14.407183 -3.536585 4.512195 -4.390244 1528.000000 1549.000000 1540.000000 1537.000000 0.000544 0.000000 0.000000 
-6.039504 -7.454982 -14.244248 -4.451220 2.743902 -5.304878 1524.000000 1549.000000 1539.000000 1534.000000 0.000544 0.000000 0.000000 
-5.292356 -7.045521 -14.484490 1.829268 -7.500000 -0.121951 1466.000000 1471.000000 1472.000000 1465.000000 0.000544 0.000000 0.000000 
-4.604591 -6.543000 -14.441055 5.060976 0.365854 -0.121951 1222.000000 1229.000000 1225.000000 1226.000000 0.000544 0.000000 0.000000 
-4.885090 -6.990208 -14.368385 -1.097561 9.024390 -1.890244 1100.000000 1100.000000 1100.000000 1100.000000 0.000544 0.000000 0.000000 
-7.875690 -9.664841 -13.901347 -30.000000 26.951220 -0.975610 1100.000000 1100.000000 1100.000000 1100.000000 0.000545 0.000000 0.000000 
-14.910465 -16.621012 -12.160408 -47.987804 57.682930 -0.731707 1100.000000 1100.000000 1100.000000 1100.000000 0.000544 0.000000 0.000000 
-18.388241 -20.344198 -10.979081 5.975610 3.902439 2.439024 1100.000000 1100.000000 1100.000000 1100.000000 0.000544 0.000000 0.000000 
-18.539022 -20.585850 -11.025854 -7.378049 5.060976 4.085366 1100.000000 1100.000000 1100.000000 1100.000000 0.000545 0.000000 0.000000 
-18.834009 -20.984177 -10.881751 1.097561 0.609756 2.195122 1100.000000 1100.000000 1100.000000 1100.000000 0.000545 0.000000 0.000000 
-18.570721 -20.786045 -10.966488 -0.060976 0.243902 0.304878 1100.000000 1100.000000 1100.000000 1100.000000 0.000544 0.000000 0.000000 
-18.804411 -21.415443 -10.734884 3.780488 -1.829268 0.121951 1100.000000 1100.000000 1100.000000 1100.000000 0.000544 0.000000 0.000000 
-18.350346 -21.254303 -10.770865 1.158537 -4.207317 0.121951 1100.000000 1100.000000 1100.000000 1100.000000 0.000545 0.000000 0.000000 
-18.283514 -21.015299 -10.841539 1.280488 2.378049 0.243902 1100.000000 1100.000000 1100.000000 1100.000000 0.000544 0.000000 0.000000 
-17.186295 -19.586992 -11.299171 14.634147 -17.926830 -0.792683 1100.000000 1100.000000 1100.000000 1100.000000 0.000544 0.000000 0.000000 
-12.489548 -14.617171 -12.751493 39.695122 -43.597561 0.609756 1100.000000 1100.000000 1100.000000 1100.000000 0.000544 0.000000 0.000000 
-3.121264 -5.664263 -14.440576 67.256096 -78.719513 0.060976 1100.000000 1100.000000 1100.000000 1100.000000 0.000545 0.000000 0.000000 
12.399912 9.407225 -13.921241 -28.353659 20.975611 -4.146341 1100.000000 1100.000000 1100.000000 1100.000000 0.000544 0.000000 0.000000 
9.539957 6.402637 -14.202516 -5.182927 14.024390 -0.426829 1100.000000 1100.000000 1100.000000 1100.000000 0.000544 0.000000 0.000000 
10.399889 7.332692 -14.125196 4.085366 -15.060976 2.500000 1100.000000 1100.000000 1100.000000 1100.000000 0.000544 0.000000 0.000000 
13.573936 10.645981 -13.700937 25.000000 -24.146341 0.975610 1100.000000 1100.000000 1100.000000 1100.000000 0.000545 0.000000 0.000000 
16.732649 13.493355 -12.947988 -2.317073 4.268293 -0.731707 1100.000000 1100.000000 1100.000000 1100.000000 0.000544 0.000000 0.000000 
16.546692 13.541330 -12.939123 -0.609756 -0.000000 0.853659 1100.000000 1100.000000 1100.000000 1100.000000 0.000544 0.000000 0.000000 
15.134047 11.911237 -13.358472 -27.439026 31.219513 2.621951 1100.000000 1100.000000 1100.000000 1100.000000 0.000544 0.000000 0.000000 
-1.699785 -4.117395 -14.466097 -55.609756 62.317074 -0.853659 1100.000000 1100.000000 1100.000000 1100.000000 0.000545 0.000000 0.000000 
-11.605364 -14.009886 -12.949520 -53.292683 55.121952 1.951220 1100.000000 1100.000000 1100.000000 1100.000000 0.000544 0.000000 0.000000 
-17.511290 -19.992214 -11.296989 10.182927 -5.914634 0.182927 1100.000000 1100.000000 1100.000000 1100.000000 0.000544 0.000000 0.000000 
-16.837378 -19.159525 -11.596411 -1.097561 -0.914634 -2.439024 1100.000000 1100.000000 1100.000000 1100.000000 0.000544 0.000000 0.000000 
-17.735689 -20.192713 -11.168194 -10.243902 9.939025 -1.280488 1100.000000 1100.000000 1100.000000 1100.000000 0.000545 0.000000 0.000000 
-18.093920 -20.694067 -11.035031 0.000000 -1.219512 0.243902 1100.000000 1100.000000 1100.000000 1100.000000 0.000544 0.000000 0.000000 
-18.232391 -20.717838 -11.042492 2.195122 -1.219512 -0.548781 1100.000000 1100.000000 1100.000000 1100.000000 0.000544 0.000000 0.000000 
-14.248431 -16.238531 -12.452127 31.585367 -32.804878 -2.012195 1100.000000 1100.000000 1100.000000 1100.000000 0.000544 0.000000 0.000000 
-7.347489 -9.210082 -14.095559 40.792683 -45.609756 -1.036585 1100.000000 1100.000000 1100.000000 1100.000000 0.000545 0.000000 0.000000 
1.164234 -1.341469 -14.893793 48.231709 -49.878052 3.048780 1100.000000 1100.000000 1100.000000 1100.000000 0.000544 0.000000 0.000000 
10.561954 7.433010 -14.454532 51.768295 -56.890244 1.646341 1100.000000 1100.000000 1100.000000 1100.000000 0.000544 0.000000 0.000000 
19.634598 16.723251 -12.348443 -29.878050 32.804878 -0.304878 1100.000000 1100.000000 1100.000000 1100.000000 0.000544 0.000000 0.000000 
18.412073 15.602372 -12.739592 3.902439 -0.487805 -1.158537 1100.000000 1100.000000 1100.000000 1100.000000 0.000545 0.000000 0.000000 
19.718147 16.968172 -12.256962 -1.463415 5.426829 1.280488 1100.000000 1100.000000 1100.000000 1100.000000 0.000544 0.000000 0.000000 
19.110645 16.522230 -12.365377 -4.146341 14.756098 2.743902 1100.000000 1100.000000 1100.000000 1100.000000 0.000544 0.000000 0.000000 
14.991983 12.046674 -13.573505 -36.219513 43.109756 2.012195 1100.000000 1100.000000 1100.000000 1100.000000 0.000544 0.000000 0.000000 
6.225247 3.808933 -14.718475 -53.231709 50.975613 -1.341463 1100.000000 1100.000000 1100.000000 1100.000000 0.000545 0.000000 0.000000 
-3.329300 -5.445100 -14.589067 -51.463417 60.426830 -1.829268 1100.000000 1100.000000 1100.000000 1100.000000 0.000544 0.000000 0.000000 
-13.654645 -15.209691 -12.766447 -60.792683 58.231709 1.219512 1100.000000 1100.000000 1100.000000 1100.000000 0.000544 0.000000 0.000000 
-17.960716 -20.276880 -11.291804 13.536586 -15.000000 -2.073171 1100.000000 1100.000000 1100.000000 1100.000000 0.000544 0.000000 0.000000 
-17.332090 -19.427315 -11.598277 -5.000000 -1.524390 0.670732 1100.000000 1100.000000 1100.000000 1100.000000 0.000545 0.000000 0.000000 
-17.890388 -20.400681 -11.263295 -0.670732 -2.439024 0.426829 1100.000000 1100.000000 1100.000000 1100.000000 0.000545 0.000000 0.000000 
-17.848505 -20.337961 -11.207006 5.914634 -0.609756 -2.926829 1100.000000 1100.000000 1100.000000 1100.000000 0.000544 0.000000 0.000000 
-15.564923 -17.733776 -12.017923 21.402439 -25.609756 -3.170732 1100.000000 1100.000000 1100.000000 1100.000000 0.000544 0.000000 0.000000 
-9.663712 -11.607559 -13.662129 40.060978 -43.048782 1.341463 1100.000000 1100.000000 1100.000000 1100.000000 0.000544 0.000000 0.000000 
-1.533695 -3.981304 -14.812131 43.353661 -46.951221 1.280488 1100.000000 1100.000000 1100.000000 1100.000000 0.000545 0.000000 0.000000 
6.329888 3.336687 -14.871538 42.195122 -45.182926 0.365854 1100.000000 1100.000000 1100.000000 1100.000000 0.000544 0.000000 0.000000 
14.900848 11.667865 -13.659836 48.536587 -53.902439 -1.158537 1100.000000 1100.000000 1100.000000 1100.000000 0.000544 0.000000 0.000000 
19.310259 16.334356 -12.490730 7.134147 -7.378049 -1.036585 1100.000000 1100.000000 1100.000000 1100.000000 0.000544 0.000000 0.000000 
19.669912 17.450079 -12.256076 -1.219512 -8.719512 -0.000000 1100.000000 1100.000000 1100.000000 1100.000000 0.000545 0.000000 0.000000 
19.677713 17.045298 -12.434250 5.426829 6.463415 0.731707 1100.000000 1100.000000 1100.000000 1100.000000 0.000545 0.000000 0.000000 
19.825148 17.023413 -12.367064 -2.743902 -3.780488 1.036585 1100.000000 1100.000000 1100.000000 1100.000000 0.000544 0.000000 0.000000 
19.742790 17.172327 -12.386075 1.829268 1.463415 -0.731707 1100.000000 1100.000000 1100.000000 1100.000000 0.000544 0.000000 0.000000 
19.873562 17.094515 -12.371836 1.036585 2.621951 0.121951 1100.000000 1100.000000 1100.000000 1100.000000 0.000544 0.000000 0.000000 
19.736032 17.142519 -12.367614 -3.231707 -3.048780 0.304878 1100.000000 1100.000000 1100.000000 1100.000000 0.000545 0.000000 0.000000 
19.770561 17.200478 -12.368092 -0.121951 -0.975610 0.609756 1100.000000 1100.000000 1100.000000 1100.000000 0.000544 0.000000 0.000000 
19.747046 17.277336 -12.360613 -0.243902 -0.548781 -0.487805 1100.000000 1100.000000 1100.000000 1100.000000 0.000544 0.000000 0.000000 
19.811749 17.282116 -12.350702 0.670732 1.341463 -0.121951 1100.000000 1100.000000 1100.000000 1100.000000 0.000544 0.000000 0.000000 
19.794783 17.227497 -12.365198 -0.731707 -1.097561 0.426829 1100.000000 1100.000000 1100.000000 1100.000000 0.000545 0.000000 0.000000 
19.728819 17.199034 -12.386061 0.304878 0.487805 -0.365854 1100.000000 1100.000000 1100.000000 1100.000000 0.000545 0.000000 0.000000 
19.733458 17.178293 -12.388196 -0.060976 0.243902 0.548781 1100.000000 1100.000000 1100.000000 1100.000000 0.000544 0.000000 0.000000 
19.623875 17.254805 -12.362864 -0.365854 -0.304878 -0.000000 1100.000000 1100.000000 1100.000000 1100.000000 0.000544 0.000000 0.000000 
19.606277 17.090172 -12.425367 -0.060976 -0.182927 0.487805 1100.000000 1100.000000 1100.000000 1100.000000 0.000544 0.000000 0.000000 
19.539780 17.133724 -12.407728 0.000000 -0.060976 -0.304878 1100.000000 1100.000000 1100.000000 1100.000000 0.000545 0.000000 0.000000 
19.633856 17.252974 -12.372901 0.000000 0.182927 0.060976 1100.000000 1100.000000 1100.000000 1100.000000 0.000545 0.000000 0.000000 
19.573061 17.249498 -12.374284 0.121951 -0.182927 0.243902 1100.000000 1100.000000 1100.000000 1100.000000 0.000544 0.000000 0.000000 
19.685890 17.239996 -12.369511 0.000000 -0.060976 -0.487805 1100.000000 1100.000000 1100.000000 1100.000000 0.000544 0.000000 0.000000 
19.694227 17.236523 -12.375594 0.000000 -0.060976 0.182927 1100.000000 1100.000000 1100.000000 1100.000000 0.000544 0.000000 0.000000 
19.734985 17.338797 -12.335052 0.060976 0.121951 0.121951 1100.000000 1100.000000 1100.000000 1100.000000 0.000545 0.000000 0.000000 
19.907454 17.362339 -12.336275 -0.121951 0.243902 0.304878 1100.000000 1100.000000 1100.000000 1100.000000 0.000545 0.000000 0.000000 
19.731026 17.358692 -12.326563 0.182927 0.060976 0.060976 1100.000000 1100.000000 1100.000000 1100.000000 0.000544 0.000000 0.000000 
19.655228 17.300243 -12.351710 -0.426829 0.060976 -0.243902 1100.000000 1100.000000 1100.000000 1100.000000 0.000544 0.000000 0.000000 
19.640400 17.238997 -12.377095 -0.060976 0.121951 0.426829 1100.000000 1100.000000 1100.000000 1100.000000 0.000544 0.000000 0.000000 
19.678066 17.208973 -12.385010 0.121951 0.121951 0.243902 1100.000000 1100.000000 1100.000000 1100.000000 0.000545 0.000000 0.000000 
19.733051 17.405497 -12.319924 -0.365854 -0.182927 -0.121951 1100.000000 1100.000000 1100.000000 1100.000000 0.000545 0.000000 0.000000 
Hello Junta. Starting Potato Controller now
