0.748183 -0.954056 -4.535590 -6.341464 5.365854 0.182927 1285.000000 1348.000000 1320.000000 1313.000000 0.000999 0.000039 0.000000 
-0.905735 -2.482369 -4.477556 -8.170732 9.878049 -0.731707 1285.000000 1348.000000 1321.000000 1312.000000 0.000998 0.000039 0.000000 
1.054870 -0.918408 -4.491701 5.182927 -4.939024 -4.268293 1282.000000 1351.000000 1318.000000 1315.000000 0.000999 0.000039 0.000000 
1.041711 -0.817028 -4.443563 -2.804878 -0.182927 -1.707317 1330.000000 1303.000000 1322.000000 1311.000000 0.000999 0.000039 0.000000 
0.878647 -1.051389 -4.448093 -1.768293 4.085366 2.134146 1303.000000 1330.000000 1309.000000 1324.000000 0.000999 0.000039 0.000000 
0.907222 -1.290756 -4.500251 2.012195 -2.073171 2.682927 1316.000000 1317.000000 1321.000000 1312.000000 0.000999 0.000039 0.000000 
1.368580 -0.665493 -4.558309 3.353659 -2.743902 0.548781 1326.000000 1307.000000 1317.000000 1316.000000 0.000999 0.000039 0.000000 
1.013886 -0.983346 -4.538429 -6.951220 8.292683 -0.426829 1285.000000 1348.000000 1315.000000 1318.000000 0.000999 0.000039 0.000000 
-0.087059 -2.151862 -4.425489 -3.353659 2.987805 -3.963415 1312.000000 1321.000000 1318.000000 1315.000000 0.000998 0.000039 0.000000 
2.118305 -0.365269 -4.359581 0.365854 -0.670732 -1.951220 1287.000000 1346.000000 1317.000000 1316.000000 0.000999 0.000039 0.000000 
1.552456 -0.740129 -4.332186 -3.048780 2.439024 0.487805 1329.000000 1304.000000 1322.000000 1311.000000 0.000999 0.000040 0.000000 
0.994697 -1.164394 -4.405110 -3.292683 5.487805 4.451220 1283.000000 1350.000000 1313.000000 1320.000000 0.000999 0.000039 0.000000 
1.124577 -0.819280 -4.439100 4.756098 -5.792683 1.097561 1351.000000 1282.000000 1325.000000 1308.000000 0.000998 0.000039 0.000000 
1.655875 -0.526505 -4.487952 -2.987805 3.780488 -0.548781 1300.000000 1333.000000 1319.000000 1314.000000 0.000999 0.000039 0.000000 
0.816906 -1.405634 -4.364645 -6.341464 7.195122 -1.951220 1298.000000 1337.000000 1321.000000 1314.000000 0.000999 0.000039 0.000000 
0.261898 -2.010451 -4.315451 3.048780 -5.243903 -2.378049 1350.000000 1283.000000 1325.000000 1308.000000 0.000998 0.000039 0.000000 
1.804641 -0.708337 -4.286981 -7.378049 7.682927 1.341463 1270.000000 1363.000000 1322.000000 1311.000000 0.000999 0.000039 0.000000 
1.439449 -1.105786 -4.264131 2.926829 -3.475610 1.768293 1363.000000 1270.000000 1322.000000 1311.000000 0.000999 0.000039 0.000000 
1.634068 -0.908584 -4.334526 -4.024390 4.512195 -0.487805 1291.000000 1342.000000 1325.000000 1308.000000 0.000999 0.000039 0.000000 
0.899085 -1.497772 -4.227693 -2.378049 1.036585 -1.463415 1314.000000 1319.000000 1318.000000 1315.000000 0.000998 0.000039 0.000000 
1.218157 -1.344037 -4.243966 4.268293 -5.426829 -1.890244 1350.000000 1283.000000 1322.000000 1311.000000 0.000999 0.000039 0.000000 
1.624150 -0.900358 -4.185446 -4.817073 6.219512 0.670732 1261.000000 1372.000000 1316.000000 1317.000000 0.000999 0.000040 0.000000 
-0.169211 -2.528191 -4.184325 -12.134147 12.256098 1.280488 1291.000000 1342.000000 1315.000000 1318.000000 0.000999 0.000039 0.000000 
1.230246 -1.483699 -4.174188 0.914634 -2.012195 -3.658537 1304.000000 1329.000000 1318.000000 1315.000000 0.000998 0.000039 0.000000 
0.203271 -2.456110 -4.010079 -7.256098 7.012195 -0.243902 1296.000000 1337.000000 1323.000000 1310.000000 0.000999 0.000039 0.000000 
0.138574 -2.204206 -4.068682 6.402439 -7.500000 0.243902 1352.000000 1281.000000 1321.000000 1312.000000 0.000999 0.000040 0.000000 
1.305312 -0.842512 -4.115419 2.865854 -2.256098 2.439024 1318.000000 1315.000000 1320.000000 1313.000000 0.000999 0.000039 0.000000 
0.882855 -1.206205 -4.211013 -7.012195 8.780488 2.317073 1286.000000 1347.000000 1313.000000 1320.000000 0.000998 0.000039 0.000000 
0.156437 -1.712108 -4.113868 2.926829 -3.475610 -0.853659 1329.000000 1304.000000 1323.000000 1310.000000 0.000999 0.000039 0.000000 
2.227343 0.251697 -4.199730 16.036585 -17.560976 -1.097561 1353.000000 1280.000000 1318.000000 1315.000000 0.000999 0.000040 0.000000 
2.908851 1.062248 -4.021562 -8.536586 7.926829 -2.134146 1309.000000 1324.000000 1316.000000 1317.000000 0.000999 0.000039 0.000000 
2.578783 0.751886 -3.970698 1.646341 -2.926829 0.487805 1349.000000 1284.000000 1320.000000 1313.000000 0.000998 0.000039 0.000000 
2.602561 0.744235 -4.052338 -3.353659 4.268293 2.134146 1312.000000 1321.000000 1323.000000 1310.000000 0.000999 0.000039 0.000000 
1.738335 -0.106247 -4.112971 -4.817073 3.963415 4.085366 1279.000000 1354.000000 1321.000000 1312.000000 0.000999 0.000040 0.000000 
2.075014 -0.177588 -4.178434 9.573171 -8.841464 -1.280488 1376.000000 1257.000000 1319.000000 1314.000000 0.000999 0.000039 0.000000 
3.006763 0.631353 -4.149579 -0.304878 -0.426829 -1.463415 1312.000000 1321.000000 1322.000000 1311.000000 0.000998 0.000039 0.000000 
1.669078 -0.835212 -4.060003 -14.878049 16.402439 -4.085366 1286.000000 1347.000000 1315.000000 1318.000000 0.000999 0.000039 0.000000 
0.021753 -2.252402 -3.838413 3.109756 -3.048780 -3.292683 1320.000000 1313.000000 1316.000000 1317.000000 0.000999 0.000040 0.000000 
-0.435091 -2.538215 -3.836061 -1.219512 0.792683 0.975610 1306.000000 1327.000000 1322.000000 1311.000000 0.000999 0.000039 0.000000 
-0.077428 -2.104511 -3.902118 4.817073 -3.963415 3.048780 1330.000000 1303.000000 1319.000000 1314.000000 0.000998 0.000039 0.000000 
0.274560 -1.758662 -4.017762 -0.487805 -0.426829 4.939024 1310.000000 1323.000000 1319.000000 1314.000000 0.000999 0.000039 0.000000 
0.610748 -1.568782 -4.031321 2.682927 -0.609756 -0.426829 1315.000000 1318.000000 1319.000000 1314.000000 0.000999 0.000039 0.000000 
1.068961 -1.188778 -4.021693 1.097561 -2.743902 -3.048780 1324.000000 1309.000000 1321.000000 1312.000000 0.000999 0.000039 0.000000 
1.218470 -1.097467 -3.924959 -0.121951 0.853659 -2.865854 1325.000000 1308.000000 1313.000000 1320.000000 0.000998 0.000039 0.000000 
-0.204735 -2.446478 -3.718901 -6.890244 7.378049 1.829268 1291.000000 1342.000000 1315.000000 1318.000000 0.000999 0.000039 0.000000 
-1.076208 -2.705832 -3.759773 0.609756 0.426829 2.012195 1355.000000 1278.000000 1319.000000 1314.000000 0.000999 0.000039 0.000000 
-1.611117 -3.443052 -3.752488 -7.865854 8.780488 2.256098 1311.000000 1322.000000 1317.000000 1316.000000 0.000999 0.000039 0.000000 
-3.515242 -5.207879 -3.662403 -8.597561 10.609756 2.378049 1306.000000 1327.000000 1312.000000 1321.000000 0.000999 0.000039 0.000000 
-4.643890 -6.210441 -3.524872 -3.292683 3.353659 -1.036585 1360.000000 1273.000000 1322.000000 1311.000000 0.000998 0.000039 0.000000 
-5.762504 -7.316394 -3.392199 -9.512196 10.000000 -0.975610 1278.000000 1355.000000 1319.000000 1314.000000 0.000999 0.000039 0.000000 
-7.676878 -9.403533 -3.023495 -12.865854 13.597561 -0.670732 1299.000000 1334.000000 1314.000000 1319.000000 0.000999 0.000040 0.000000 
-9.788003 -11.519052 -2.562365 -2.439024 3.414634 0.365854 1307.000000 1326.000000 1310.000000 1323.000000 0.000999 0.000039 0.000000 
-10.848368 -12.382187 -2.394973 -2.743902 2.500000 0.426829 1339.000000 1294.000000 1324.000000 1309.000000 0.000998 0.000039 0.000000 
-11.928853 -13.365792 -2.175752 -9.756098 10.975610 0.243902 1258.000000 1375.000000 1313.000000 1320.000000 0.000999 0.000039 0.000000 
-12.998704 -14.416921 -1.934440 2.682927 -4.268293 0.609756 1360.000000 1273.000000 1324.000000 1309.000000 0.000999 0.000039 0.000000 
-11.986193 -13.524084 -2.178358 3.597561 -3.414634 0.060976 1288.000000 1345.000000 1310.000000 1323.000000 0.000999 0.000039 0.000000 
-12.178950 -13.506144 -2.153869 0.304878 -1.219512 -0.121951 1318.000000 1315.000000 1324.000000 1309.000000 0.000999 0.000039 0.000000 
-10.616803 -12.029853 -2.501304 17.682928 -18.841463 0.731707 1338.000000 1295.000000 1318.000000 1315.000000 0.000998 0.000039 0.000000 
-4.199871 -5.750322 -3.525931 7.439024 -7.317073 0.914634 1336.000000 1297.000000 1317.000000 1316.000000 0.000999 0.000039 0.000000 
-4.447097 -5.881669 -3.473768 -4.878049 4.939024 0.243902 1292.000000 1341.000000 1318.000000 1315.000000 0.000999 0.000040 0.000000 
-4.214619 -5.609085 -3.511329 11.158537 -11.097561 0.304878 1341.000000 1292.000000 1311.000000 1322.000000 0.000999 0.000039 0.000000 
-1.706283 -3.180040 -3.705466 10.670732 -11.402439 0.365854 1312.000000 1321.000000 1316.000000 1317.000000 0.000998 0.000039 0.000000 
-0.891141 -2.504387 -3.717274 0.487805 0.243902 -1.158537 1304.000000 1329.000000 1312.000000 1321.000000 0.000999 0.000039 0.000000 
-0.426406 -2.297184 -3.712915 7.743903 -9.268292 -0.060976 1316.000000 1317.000000 1326.000000 1307.000000 0.000999 0.000039 0.000000 
2.553124 0.478038 -3.745862 22.987806 -24.695122 -1.097561 1374.000000 1259.000000 1322.000000 1311.000000 0.000999 0.000040 0.000000 
6.848436 4.753447 -3.465811 -0.792683 2.500000 -1.341463 1303.000000 1330.000000 1309.000000 1324.000000 0.000999 0.000039 0.000000 
7.481251 5.662625 -3.346644 6.280488 -6.524390 2.256098 1318.000000 1315.000000 1317.000000 1316.000000 0.000998 0.000039 0.000000 
8.554010 6.770563 -3.231222 5.182927 -6.524390 0.243902 1319.000000 1314.000000 1323.000000 1310.000000 0.000999 0.000039 0.000000 
9.923223 7.790695 -3.131553 7.073171 -7.317073 1.036585 1330.000000 1303.000000 1321.000000 1312.000000 0.000999 0.000039 0.000000 
10.747871 8.619874 -2.981728 5.670732 -5.000000 0.182927 1330.000000 1305.000000 1317.000000 1318.000000 0.000999 0.000039 0.000000 
10.410784 8.927541 -2.913533 -6.768293 7.865854 -0.243902 1318.000000 1315.000000 1316.000000 1317.000000 0.000999 0.000039 0.000000 
8.351991 6.730502 -3.285373 -22.073172 25.000000 -0.000000 1251.000000 1382.000000 1316.000000 1317.000000 0.000998 0.000039 0.000000 
-0.826281 -1.700888 -3.556010 -80.182930 84.329269 -2.926829 1172.000000 1461.000000 1323.000000 1310.000000 0.000999 0.000039 0.000000 
-9.336932 -9.588900 -2.746479 22.865854 -31.280489 -2.134146 1430.000000 1203.000000 1326.000000 1307.000000 0.000999 0.000039 0.000000 
5.129802 3.553064 -3.555012 90.975609 -95.243904 -3.658537 1481.000000 1152.000000 1316.000000 1317.000000 0.000999 0.000039 0.000000 
7.780385 6.739203 -3.166788 -73.536591 83.902443 -0.975610 1100.000000 1555.000000 1288.000000 1345.000000 0.000999 0.000039 0.000000 
-11.654429 -12.070189 -1.995345 41.402439 -56.585365 -2.743902 1380.000000 1253.000000 1374.000000 1259.000000 0.000998 0.000039 0.000000 
-8.592568 -9.143889 -2.670695 8.658537 5.548780 -10.609756 1302.000000 1331.000000 1305.000000 1328.000000 0.000999 0.000039 0.000000 
-8.770744 -9.734737 -2.561083 -9.390244 -2.439024 -4.207317 1280.000000 1353.000000 1351.000000 1282.000000 0.000999 0.000039 0.000000 
-8.187963 -9.389646 -2.772855 17.560976 -15.914635 -3.292683 1368.000000 1265.000000 1301.000000 1332.000000 0.000999 0.000040 0.000000 
-4.921957 -6.058443 -3.065076 11.036586 -14.024390 0.792683 1315.000000 1318.000000 1334.000000 1299.000000 0.000999 0.000039 0.000000 
-5.404932 -7.071731 -3.114625 -14.146341 15.487805 -0.304878 1278.000000 1355.000000 1307.000000 1326.000000 0.000998 0.000039 0.000000 
-7.755012 -9.068591 -2.718056 -0.060976 4.634146 3.048780 1298.000000 1335.000000 1317.000000 1316.000000 0.000999 0.000039 0.000000 
0.263426 -2.501266 -3.501563 11.829268 -9.634147 -2.804878 1307.000000 1326.000000 1313.000000 1320.000000 0.000999 0.000039 0.000000 
-0.886496 -3.374401 -3.531448 -10.548780 8.353659 -4.573171 1290.000000 1343.000000 1328.000000 1305.000000 0.000999 0.000040 0.000000 
-0.664637 -3.392514 -3.375302 1.951220 -2.317073 1.646341 1303.000000 1330.000000 1312.000000 1321.000000 0.000999 0.000039 0.000000 
-0.220614 -2.767859 -3.487601 13.231708 -9.817074 -3.597561 1369.000000 1264.000000 1305.000000 1328.000000 0.000999 0.000039 0.000000 
-0.333320 -2.495223 -3.571300 -7.560976 5.304878 1.402439 1300.000000 1333.000000 1334.000000 1299.000000 0.000998 0.000039 0.000000 
-0.090641 -2.443789 -3.425737 4.512195 -3.048780 -3.536585 1324.000000 1309.000000 1303.000000 1330.000000 0.000999 0.000039 0.000000 
-0.189695 -2.794431 -3.477683 -3.780488 2.743902 -0.060976 1306.000000 1327.000000 1334.000000 1299.000000 0.000999 0.000039 0.000000 
0.536658 -2.417568 -3.347073 4.451220 -3.475610 -2.865854 1309.000000 1324.000000 1303.000000 1330.000000 0.000999 0.000039 0.000000 
0.483512 -2.175264 -3.473675 -0.670732 0.487805 1.402439 1338.000000 1295.000000 1326.000000 1307.000000 0.000999 0.000039 0.000000 
0.677610 -2.098751 -3.348859 -2.439024 2.926829 -0.914634 1267.000000 1366.000000 1312.000000 1321.000000 0.000998 0.000039 0.000000 
1.140768 -1.562569 -3.320353 9.329268 -9.390244 -0.121951 1291.000000 1342.000000 1314.000000 1319.000000 0.000999 0.000039 0.000000 
1.388410 -1.276028 -3.491040 -1.646341 1.097561 2.804878 1327.000000 1306.000000 1322.000000 1311.000000 0.000999 0.000039 0.000000 
1.674330 -1.123753 -3.320774 -0.914634 1.402439 -2.317073 1306.000000 1327.000000 1311.000000 1322.000000 0.000999 0.000040 0.000000 
0.722452 -1.969851 -3.443863 -4.268293 3.963415 1.463415 1275.000000 1360.000000 1321.000000 1314.000000 0.000999 0.000039 0.000000 
1.678408 -1.167040 -3.286914 11.402439 -11.951220 -2.195122 1382.000000 1251.000000 1322.000000 1311.000000 0.000999 0.000039 0.000000 
2.169953 -0.264555 -3.461651 -6.402439 5.731708 1.707317 1271.000000 1362.000000 1322.000000 1311.000000 0.000998 0.000039 0.000000 
0.192441 -2.100723 -3.240379 -14.329268 16.829269 0.487805 1275.000000 1358.000000 1313.000000 1320.000000 0.000999 0.000039 0.000000 
-0.229267 -2.295381 -3.218322 4.329268 -2.256098 -3.841464 1303.000000 1330.000000 1312.000000 1321.000000 0.000999 0.000039 0.000000 
-0.708205 -2.542065 -3.289561 -2.073171 -0.609756 -0.060976 1315.000000 1318.000000 1320.000000 1313.000000 0.000999 0.000039 0.000000 
0.127557 -1.717467 -3.164663 2.987805 -2.256098 -0.365854 1320.000000 1313.000000 1316.000000 1317.000000 0.000999 0.000039 0.000000 
-0.295122 -1.895552 -3.331091 -3.048780 2.134146 1.707317 1318.000000 1315.000000 1322.000000 1311.000000 0.000999 0.000039 0.000000 
0.196680 -1.448035 -3.239364 3.170732 -2.317073 2.804878 1312.000000 1321.000000 1317.000000 1316.000000 0.000998 0.000039 0.000000 
0.411171 -1.197331 -3.411636 0.060976 -0.914634 -0.609756 1337.000000 1296.000000 1324.000000 1309.000000 0.000998 0.000040 0.000000 
0.234300 -1.420248 -3.249038 -2.743902 3.963415 0.365854 1289.000000 1344.000000 1316.000000 1317.000000 0.000999 0.000056 0.000000 
0.645598 -1.012085 -3.272456 1.280488 0.731707 -1.341463 1322.000000 1311.000000 1310.000000 1323.000000 0.000999 0.000062 0.000000 
0.674866 -1.134829 -3.368582 -0.853659 -1.280488 -0.304878 1315.000000 1318.000000 1328.000000 1305.000000 0.000999 0.000069 0.000000 
0.766663 -1.187852 -3.279337 -1.158537 1.585366 0.487805 1286.000000 1347.000000 1322.000000 1311.000000 0.000999 0.000069 0.000000 
0.777041 -1.163433 -3.402774 2.865854 -3.963415 1.036585 1360.000000 1273.000000 1324.000000 1309.000000 0.000999 0.000069 0.000000 
1.421377 -0.759148 -3.330469 -2.439024 3.475610 0.487805 1266.000000 1367.000000 1317.000000 1316.000000 0.000998 0.000069 0.000000 
-0.201735 -2.291195 -3.336038 -8.414635 8.963415 -2.804878 1345.000000 1288.000000 1321.000000 1312.000000 0.000999 0.000069 0.000000 
-0.082627 -2.048598 -3.298521 14.573171 -14.817074 0.670732 1343.000000 1290.000000 1316.000000 1317.000000 0.000999 0.000069 0.000000 
3.342818 1.112800 -3.250293 -1.036585 1.585366 -1.341463 1285.000000 1348.000000 1320.000000 1313.000000 0.000999 0.000069 0.000000 
3.507969 1.195847 -3.302054 -0.975610 0.121951 1.097561 1329.000000 1304.000000 1322.000000 1311.000000 0.000999 0.000070 0.000000 
2.654613 0.232883 -3.321822 -8.353659 9.878049 3.719512 1305.000000 1328.000000 1301.000000 1332.000000 0.000999 0.000069 0.000000 
1.941358 -0.214445 -3.378103 1.951220 -1.402439 0.670732 1344.000000 1289.000000 1319.000000 1314.000000 0.000999 0.000069 0.000000 
1.804707 -0.379603 -3.357481 -4.634146 5.609756 0.182927 1287.000000 1346.000000 1318.000000 1315.000000 0.001000 0.000068 0.000000 
0.497525 -1.227388 -3.289521 -2.926829 2.926829 -3.719512 1344.000000 1289.000000 1317.000000 1316.000000 0.000999 0.000069 0.000000 
1.232243 -0.808915 -3.299289 7.256098 -8.231708 0.609756 1323.000000 1310.000000 1324.000000 1309.000000 0.000999 0.000069 0.000000 
1.472389 -0.829939 -3.247689 -1.524390 0.853659 -2.317073 1322.000000 1311.000000 1332.000000 1301.000000 0.000999 0.000069 0.000000 
1.998672 -0.310565 -3.236259 2.378049 -2.926829 0.121951 1337.000000 1296.000000 1313.000000 1320.000000 0.000999 0.000070 0.000000 
1.534060 -0.608359 -3.257313 -1.707317 2.987805 2.682927 1306.000000 1329.000000 1325.000000 1310.000000 0.000999 0.000069 0.000000 
1.721710 -0.713069 -3.313962 4.451220 -3.902439 1.463415 1346.000000 1287.000000 1314.000000 1319.000000 0.000999 0.000069 0.000000 
1.555184 -0.727043 -3.385427 -5.609756 6.524390 2.743902 1290.000000 1343.000000 1309.000000 1324.000000 0.000999 0.000069 0.000000 
0.185534 -1.886323 -3.307197 -2.256098 2.865854 -0.792683 1313.000000 1320.000000 1311.000000 1322.000000 0.000998 0.000069 0.000000 
0.711254 -1.358795 -3.344539 9.451220 -10.975610 -1.402439 1351.000000 1282.000000 1322.000000 1311.000000 0.000999 0.000069 0.000000 
0.983989 -0.994314 -3.192870 -2.987805 4.634146 -2.804878 1321.000000 1312.000000 1310.000000 1323.000000 0.000999 0.000062 0.000000 
1.231581 -0.868434 -3.188326 1.707317 -3.109756 0.548781 1300.000000 1333.000000 1314.000000 1319.000000 0.000999 0.000043 0.000000 
1.732131 -0.533222 -3.303752 3.048780 -0.182927 3.963415 1321.000000 1312.000000 1315.000000 1318.000000 0.000999 0.000021 0.000000 
1.632304 -0.709113 -3.351185 -2.073171 1.585366 3.353659 1318.000000 1317.000000 1320.000000 1315.000000 0.000999 0.000000 0.000000 
1.207325 -1.144793 -3.377283 -0.914634 3.048780 -1.707317 1313.000000 1320.000000 1317.000000 1316.000000 0.000999 0.000000 0.000000 
1.499855 -0.605332 -3.310594 4.573171 -6.829268 -2.682927 1329.000000 1304.000000 1321.000000 1312.000000 0.000999 0.000000 0.000000 
2.404023 0.082665 -3.251464 1.768293 -1.524390 -3.841464 1322.000000 1311.000000 1319.000000 1314.000000 0.000998 0.000000 0.000000 
0.435733 -1.836379 -3.046710 -7.317073 9.512196 1.951220 1298.000000 1335.000000 1317.000000 1316.000000 0.000999 0.000000 0.000000 
-0.032603 -2.215477 -3.054301 5.487805 -5.000000 2.926829 1325.000000 1308.000000 1318.000000 1315.000000 0.000999 0.000000 0.000000 
1.479641 -0.969967 -3.197859 7.134147 -8.048780 1.585366 1332.000000 1301.000000 1320.000000 1313.000000 0.000999 0.000000 0.000000 
1.286811 -1.205043 -3.160250 -9.329268 10.000000 -0.914634 1298.000000 1335.000000 1318.000000 1315.000000 0.000999 0.000000 0.000000 
-0.551880 -2.675279 -3.070654 -5.426829 6.463415 -2.073171 1302.000000 1331.000000 1318.000000 1315.000000 0.000999 0.000000 0.000000 
-0.015416 -2.125175 -3.038604 12.682927 -15.487805 -2.439024 1342.000000 1291.000000 1321.000000 1312.000000 0.000999 0.000000 0.000000 
3.507429 1.128470 -3.073523 18.231709 -19.329269 -1.036585 1358.000000 1275.000000 1320.000000 1313.000000 0.000999 0.000000 0.000000 
1.709187 -0.537659 -3.028032 -30.304878 33.170731 1.829268 1255.000000 1378.000000 1316.000000 1317.000000 0.001000 0.000000 0.000000 
-0.580866 -2.668016 -2.972676 10.609756 -11.036586 2.926829 1335.000000 1298.000000 1319.000000 1314.000000 0.001000 0.000000 0.000000 
2.730343 0.513232 -3.121220 17.195122 -18.780489 -0.914634 1355.000000 1278.000000 1320.000000 1313.000000 0.001000 0.000000 0.000000 
3.505061 0.843261 -3.061592 -15.365854 17.073172 -2.378049 1289.000000 1344.000000 1317.000000 1316.000000 0.000999 0.000000 0.000000 
-1.172433 -3.489036 -2.906117 -24.207317 26.890245 -2.195122 1261.000000 1372.000000 1316.000000 1317.000000 0.000999 0.000000 0.000000 
-2.526899 -4.882579 -2.796932 15.243903 -18.292683 -0.731707 1342.000000 1291.000000 1322.000000 1311.000000 0.000999 0.000000 0.000000 
4.340246 0.884770 -3.108505 50.121952 -53.658539 -0.670732 1425.000000 1208.000000 1324.000000 1309.000000 0.000999 0.000010 0.000000 
7.119669 4.330012 -2.794527 -40.487804 46.951221 -1.219512 1247.000000 1386.000000 1309.000000 1324.000000 0.000998 0.000021 0.000000 
1.833757 -0.376578 -2.911981 -5.121951 1.951220 1.219512 1340.000000 1293.000000 1330.000000 1303.000000 0.000998 0.000033 0.000000 
3.751420 1.063836 -3.004954 13.841464 -12.256098 0.243902 1370.000000 1263.000000 1315.000000 1318.000000 0.001000 0.000041 0.000000 
3.458988 0.877735 -2.980132 -15.731708 15.426829 0.792683 1276.000000 1357.000000 1327.000000 1306.000000 0.000999 0.000047 0.000000 
0.743752 -1.695298 -2.979925 -4.268293 6.097561 -1.646341 1295.000000 1338.000000 1307.000000 1326.000000 0.000998 0.000047 0.000000 
2.512125 0.064585 -2.992373 20.182928 -23.719513 -1.707317 1388.000000 1245.000000 1336.000000 1297.000000 0.000999 0.000047 0.000000 
5.591292 2.915625 -2.920671 2.073171 -3.048780 -2.378049 1279.000000 1354.000000 1313.000000 1320.000000 0.000999 0.000048 0.000000 
-2.396085 -4.150133 -2.732252 -7.012195 5.060976 -3.658537 1333.000000 1300.000000 1321.000000 1312.000000 0.000999 0.000048 0.000000 
-1.999189 -4.094437 -2.802517 9.024390 -9.695122 0.243902 1342.000000 1291.000000 1321.000000 1312.000000 0.000999 0.000047 0.000000 
-1.024310 -3.302367 -2.808925 -0.060976 0.243902 -0.548781 1298.000000 1335.000000 1324.000000 1309.000000 0.000999 0.000058 0.000000 
-1.724893 -3.920709 -2.867122 2.195122 -1.402439 2.195122 1353.000000 1280.000000 1311.000000 1322.000000 0.000999 0.000063 0.000000 
-1.223938 -3.259857 -2.914137 2.439024 -1.097561 2.073171 1258.000000 1375.000000 1319.000000 1314.000000 0.000998 0.000062 0.000000 
-1.339443 -3.186471 -3.005417 1.524390 -2.439024 2.073171 1338.000000 1295.000000 1314.000000 1319.000000 0.000999 0.000062 0.000000 
-0.194352 -2.460713 -2.964796 7.804878 -7.865854 -1.768293 1327.000000 1306.000000 1331.000000 1302.000000 0.000999 0.000063 0.000000 
0.480633 -1.979167 -2.967537 -0.670732 1.829268 -2.500000 1329.000000 1304.000000 1310.000000 1323.000000 0.000999 0.000063 0.000000 
0.227268 -2.598911 -2.989841 -2.012195 -0.487805 -0.548781 1316.000000 1317.000000 1329.000000 1304.000000 0.000999 0.000062 0.000000 
0.377893 -2.393647 -2.952553 2.560976 -1.829268 0.853659 1317.000000 1316.000000 1307.000000 1326.000000 0.000999 0.000062 0.000000 
0.355185 -2.561832 -3.063612 2.682927 -2.378049 2.804878 1349.000000 1284.000000 1322.000000 1311.000000 0.000999 0.000063 0.000000 
0.617936 -2.046522 -3.041472 -3.231707 3.414634 0.182927 1260.000000 1373.000000 1322.000000 1311.000000 0.000999 0.000062 0.000000 
-0.608617 -3.021512 -3.064927 -4.817073 5.121951 -0.914634 1319.000000 1314.000000 1315.000000 1318.000000 0.000999 0.000062 0.000000 
-0.298640 -2.491068 -2.968034 8.963415 -10.182927 -3.048780 1331.000000 1302.000000 1325.000000 1308.000000 0.000999 0.000063 0.000000 
1.069524 -1.112661 -2.968107 -0.304878 -1.463415 -2.439024 1331.000000 1302.000000 1331.000000 1302.000000 0.000999 0.000065 0.000000 
0.797004 -1.336055 -3.036508 -1.402439 2.134146 1.097561 1292.000000 1341.000000 1302.000000 1331.000000 0.000998 0.000070 0.000000 
1.093791 -1.211012 -2.999030 4.939024 -4.390244 0.914634 1389.000000 1244.000000 1328.000000 1305.000000 0.000999 0.000072 0.000000 
0.980372 -1.509874 -3.105683 -9.451220 10.182927 0.609756 1236.000000 1397.000000 1321.000000 1312.000000 0.000999 0.000081 0.000000 
-0.161605 -2.514549 -2.992476 4.329268 -3.841464 0.792683 1359.000000 1274.000000 1315.000000 1318.000000 0.000999 0.000084 0.000000 
1.350761 -0.768676 -3.130381 6.890244 -9.024390 -1.768293 1306.000000 1327.000000 1327.000000 1306.000000 0.000999 0.000083 0.000000 
0.738139 -1.390679 -2.990806 -14.268293 15.304878 -2.621951 1268.000000 1365.000000 1314.000000 1319.000000 0.000999 0.000083 0.000000 
-1.749895 -3.607486 -2.821410 -6.707317 7.865854 -6.341464 1302.000000 1333.000000 1308.000000 1327.000000 0.000999 0.000084 0.000000 
-2.028520 -4.256395 -2.731026 1.890244 -4.878049 -1.402439 1318.000000 1315.000000 1314.000000 1319.000000 0.000999 0.000084 0.000000 
-1.623231 -3.818668 -2.782219 1.402439 -1.219512 3.841464 1319.000000 1314.000000 1307.000000 1326.000000 0.000999 0.000083 0.000000 
-1.316707 -3.401894 -2.879447 2.865854 -2.256098 2.804878 1310.000000 1323.000000 1330.000000 1303.000000 0.000999 0.000083 0.000000 
-1.100766 -3.327705 -2.995388 1.463415 -0.609756 4.573171 1329.000000 1306.000000 1309.000000 1326.000000 0.000999 0.000084 0.000000 
-0.726237 -2.691371 -3.036849 4.756098 -4.512195 0.975610 1312.000000 1323.000000 1334.000000 1301.000000 0.000998 0.000083 0.000000 
-0.060105 -2.243589 -3.043581 0.609756 -2.804878 -3.414634 1369.000000 1264.000000 1324.000000 1309.000000 0.000999 0.000083 0.000000 
-1.358492 -3.364741 -2.809490 -8.780488 7.804878 -1.341463 1293.000000 1340.000000 1311.000000 1322.000000 0.000999 0.000083 0.000000 
-1.358417 -3.479343 -2.767151 6.585366 -5.365854 -0.121951 1416.000000 1217.000000 1325.000000 1308.000000 0.000999 0.000084 0.000000 
-2.058771 -4.085118 -2.809580 -10.426829 9.512196 2.682927 1285.000000 1348.000000 1336.000000 1297.000000 0.000999 0.000083 0.000000 
-2.392837 -4.191937 -2.790596 10.000000 -9.329268 3.048780 1348.000000 1285.000000 1305.000000 1328.000000 0.000999 0.000083 0.000000 
-1.084218 -3.037445 -2.976721 -0.487805 2.256098 1.280488 1278.000000 1355.000000 1320.000000 1313.000000 0.000999 0.000083 0.000000 
-2.172368 -3.940025 -2.813392 -5.060976 3.414634 -1.646341 1309.000000 1326.000000 1333.000000 1302.000000 0.000999 0.000085 0.000000 
-1.186730 -3.049908 -2.921046 14.512196 -15.975610 -1.829268 1386.000000 1249.000000 1330.000000 1305.000000 0.000999 0.000088 0.000000 
0.406946 -1.712627 -2.900715 -7.012195 7.560976 -6.219512 1306.000000 1327.000000 1308.000000 1325.000000 0.000999 0.000092 0.000000 
0.103737 -1.866120 -2.765299 -2.012195 -4.146341 -0.487805 1311.000000 1322.000000 1340.000000 1293.000000 0.000999 0.000095 0.000000 
0.066894 -1.990973 -2.839830 3.353659 -0.548781 1.219512 1370.000000 1263.000000 1304.000000 1329.000000 0.000999 0.000098 0.000000 
0.005799 -2.110006 -2.900651 -4.695122 3.658537 6.036585 1299.000000 1334.000000 1342.000000 1291.000000 0.000999 0.000100 0.000000 
-0.353945 -2.550353 -3.053863 4.024390 -1.524390 3.841464 1294.000000 1339.000000 1294.000000 1339.000000 0.000999 0.000103 0.000000 
0.523745 -1.742185 -3.082388 8.353659 -7.926829 -0.121951 1416.000000 1217.000000 1341.000000 1292.000000 0.000999 0.000113 0.000000 
1.063871 -1.429741 -3.067672 -7.682927 5.487805 -4.634146 1223.000000 1410.000000 1319.000000 1314.000000 0.000999 0.000119 0.000000 
-2.098177 -3.580865 -2.804517 2.682927 -6.402439 -2.256098 1276.000000 1357.000000 1330.000000 1303.000000 0.000999 0.000122 0.000000 
-2.016356 -3.376704 -2.786177 5.182927 -3.414634 -0.975610 1385.000000 1248.000000 1311.000000 1322.000000 0.000998 0.000120 0.000000 
-2.133367 -3.642594 -2.745812 -6.036585 4.817073 0.365854 1270.000000 1363.000000 1322.000000 1311.000000 0.000999 0.000120 0.000000 
-1.852752 -3.303519 -2.840404 10.792684 -9.878049 3.597561 1306.000000 1327.000000 1309.000000 1324.000000 0.000999 0.000121 0.000000 
-0.891505 -2.226494 -2.951102 -0.792683 0.975610 3.048780 1284.000000 1351.000000 1318.000000 1317.000000 0.000999 0.000121 0.000000 
-1.524604 -2.939783 -2.930553 4.451220 -4.207317 1.524390 1409.000000 1226.000000 1315.000000 1320.000000 0.000998 0.000120 0.000000 
0.586689 -0.980377 -3.032830 11.219512 -13.475610 -2.317073 1267.000000 1366.000000 1341.000000 1292.000000 0.000999 0.000120 0.000000 
-5.542365 -7.011939 -2.611771 -11.463415 14.390244 -7.378049 1313.000000 1320.000000 1312.000000 1321.000000 0.000999 0.000120 0.000000 
-7.244267 -8.403188 -2.441230 -1.524390 -1.646341 -5.060976 1295.000000 1338.000000 1311.000000 1322.000000 0.000999 0.000118 0.000000 
-6.399867 -7.464604 -2.459431 8.841464 -7.195122 -0.731707 1291.000000 1342.000000 1311.000000 1322.000000 0.000999 0.000072 0.000000 
-5.318643 -6.604976 -2.665166 4.939024 -7.439024 2.195122 1325.000000 1308.000000 1318.000000 1315.000000 0.000999 0.000061 0.000000 
-4.149503 -5.604297 -2.767019 7.378049 -6.280488 2.073171 1323.000000 1310.000000 1324.000000 1309.000000 0.000999 0.000057 0.000000 
-3.715291 -5.241493 -2.935483 0.060976 -0.975610 1.768293 1260.000000 1375.000000 1319.000000 1316.000000 0.000999 0.000053 0.000000 
-3.265212 -4.733562 -2.924916 5.121951 -3.963415 0.365854 1325.000000 1310.000000 1312.000000 1323.000000 0.000999 0.000052 0.000000 
-0.207243 -1.791243 -3.134242 3.292683 -4.085366 -4.756098 1285.000000 1348.000000 1317.000000 1316.000000 0.000998 0.000051 0.000000 
0.535672 -1.354094 -3.118324 4.085366 -5.182927 -3.353659 1330.000000 1303.000000 1317.000000 1316.000000 0.000999 0.000051 0.000000 
1.065573 -0.851693 -3.090814 0.548781 -1.463415 1.158537 1321.000000 1312.000000 1318.000000 1315.000000 0.000999 0.000051 0.000000 
1.040556 -0.931262 -3.182786 -0.487805 3.109756 2.804878 1299.000000 1336.000000 1314.000000 1321.000000 0.000999 0.000052 0.000000 
1.171500 -0.808856 -3.209493 4.207317 -4.695122 2.073171 1324.000000 1311.000000 1322.000000 1313.000000 0.000998 0.000051 0.000000 
2.027561 0.047163 -3.252989 3.414634 -2.682927 -1.524390 1331.000000 1302.000000 1316.000000 1317.000000 0.000999 0.000051 0.000000 
1.303377 -0.732324 -3.194875 -9.207317 9.207317 -2.073171 1298.000000 1335.000000 1321.000000 1312.000000 0.000999 0.000051 0.000000 
0.403953 -1.377995 -3.077578 0.853659 -1.341463 -1.890244 1311.000000 1322.000000 1317.000000 1316.000000 0.000999 0.000052 0.000000 
0.858427 -1.145926 -3.064015 1.768293 -2.134146 -0.121951 1330.000000 1305.000000 1320.000000 1315.000000 0.000999 0.000052 0.000000 
0.801029 -1.195113 -3.122165 -3.353659 4.268293 2.500000 1274.000000 1361.000000 1319.000000 1316.000000 0.000998 0.000051 0.000000 
0.953705 -1.113096 -3.159513 5.426829 -5.609756 2.073171 1327.000000 1306.000000 1316.000000 1317.000000 0.000999 0.000051 0.000000 
2.074714 -0.054904 -3.219124 6.524390 -6.219512 -0.975610 1350.000000 1283.000000 1323.000000 1310.000000 0.000999 0.000051 0.000000 
1.771395 -0.282909 -3.156600 -9.146341 8.536586 -2.560976 1287.000000 1348.000000 1323.000000 1312.000000 0.000999 0.000052 0.000000 
-0.681103 -2.483550 -3.039652 -11.768293 14.085366 -1.097561 1288.000000 1347.000000 1318.000000 1317.000000 0.000999 0.000052 0.000000 
1.725417 -0.519544 -2.973426 -0.121951 0.792683 -4.451220 1284.000000 1349.000000 1327.000000 1306.000000 0.000998 0.000051 0.000000 
1.186711 -0.924388 -2.828316 -2.804878 -0.853659 -1.219512 1338.000000 1295.000000 1327.000000 1306.000000 0.000999 0.000051 0.000000 
1.078280 -1.231885 -2.955917 -0.365854 4.451220 4.146341 1268.000000 1365.000000 1303.000000 1330.000000 0.000999 0.000051 0.000000 
1.656810 -0.586214 -2.959514 6.097561 -8.963415 3.658537 1356.000000 1279.000000 1332.000000 1303.000000 0.000999 0.000052 0.000000 
2.151030 -0.143046 -3.125566 -1.158537 4.085366 1.219512 1313.000000 1322.000000 1309.000000 1326.000000 0.000999 0.000052 0.000000 
1.189325 -0.897763 -2.993609 -6.829268 6.829268 -2.073171 1292.000000 1341.000000 1325.000000 1308.000000 0.000998 0.000051 0.000000 
0.391932 -1.997315 -3.007411 -0.853659 0.792683 -2.621951 1316.000000 1317.000000 1310.000000 1323.000000 0.000999 0.000051 0.000000 
3.020050 0.628334 -2.888471 -2.195122 0.975610 -2.865854 1305.000000 1328.000000 1310.000000 1323.000000 0.000999 0.000051 0.000000 
2.277955 0.028715 -2.724462 -4.939024 6.158537 -0.426829 1296.000000 1339.000000 1324.000000 1311.000000 0.000999 0.000052 0.000000 
1.971661 -0.433123 -2.881104 2.439024 -1.829268 3.841464 1334.000000 1301.000000 1310.000000 1325.000000 0.000999 0.000052 0.000000 
2.303449 -0.042431 -2.872364 -0.121951 2.621951 3.353659 1310.000000 1325.000000 1326.000000 1309.000000 0.000998 0.000051 0.000000 
1.736901 -0.638460 -2.987030 -4.451220 3.109756 -0.975610 1291.000000 1342.000000 1320.000000 1313.000000 0.000999 0.000051 0.000000 
2.085007 -0.000921 -2.826488 5.792683 -5.609756 -1.341463 1354.000000 1279.000000 1320.000000 1313.000000 0.000999 0.000051 0.000000 
2.969501 0.869661 -2.846881 -0.182927 -1.585366 -2.987805 1311.000000 1322.000000 1319.000000 1314.000000 0.000999 0.000052 0.000000 
0.368416 -1.631411 -2.634027 -0.426829 0.609756 0.365854 1335.000000 1300.000000 1316.000000 1319.000000 0.000999 0.000052 0.000000 
0.568251 -1.339562 -2.648178 0.914634 -0.914634 0.731707 1304.000000 1331.000000 1323.000000 1312.000000 0.000999 0.000051 0.000000 
0.685574 -1.157395 -2.703212 3.414634 -2.560976 -0.182927 1329.000000 1304.000000 1315.000000 1318.000000 0.000999 0.000051 0.000000 
0.732190 -1.238310 -2.706717 -3.963415 2.256098 2.865854 1308.000000 1325.000000 1319.000000 1314.000000 0.000999 0.000051 0.000000 
-0.015313 -1.561473 -2.697964 -0.121951 1.402439 -1.890244 1305.000000 1328.000000 1319.000000 1314.000000 0.000999 0.000051 0.000000 
0.036420 -1.174327 -2.701400 6.646342 -7.256098 0.365854 1339.000000 1296.000000 1316.000000 1319.000000 0.000999 0.000052 0.000000 
1.514127 -0.230421 -2.697131 4.390244 -3.658537 -1.646341 1321.000000 1314.000000 1314.000000 1321.000000 0.000999 0.000052 0.000000 
-0.108314 -1.508722 -2.563063 0.365854 -0.121951 -1.341463 1301.000000 1334.000000 1309.000000 1326.000000 0.000998 0.000051 0.000000 
0.393918 -1.039342 -2.633662 4.695122 -4.451220 2.378049 1339.000000 1294.000000 1323.000000 1310.000000 0.000999 0.000051 0.000000 
0.651354 -0.918323 -2.608031 -3.414634 2.865854 -1.097561 1293.000000 1340.000000 1324.000000 1309.000000 0.000999 0.000051 0.000000 
0.061318 -1.679607 -2.650078 2.500000 -1.829268 1.097561 1333.000000 1300.000000 1315.000000 1318.000000 0.000999 0.000052 0.000000 
0.775487 -1.124295 -2.601332 0.731707 -3.048780 -0.121951 1303.000000 1332.000000 1327.000000 1308.000000 0.000999 0.000052 0.000000 
-0.928187 -2.710055 -2.631097 -22.804878 27.134148 -0.670732 1217.000000 1418.000000 1318.000000 1317.000000 0.000999 0.000052 0.000000 
-7.694046 -9.375963 -1.787315 -40.792683 42.256100 0.060976 1251.000000 1382.000000 1310.000000 1323.000000 0.000998 0.000051 0.000000 
-2.913075 -4.969915 -2.309547 39.939026 -42.073174 -6.707317 1341.000000 1292.000000 1316.000000 1317.000000 0.000999 0.000051 0.000000 
0.193219 -1.990054 -2.403601 -4.634146 2.256098 -5.487805 1279.000000 1354.000000 1332.000000 1301.000000 0.000999 0.000051 0.000000 
-0.525124 -2.608872 -2.266672 -4.817073 3.841464 -0.243902 1298.000000 1335.000000 1313.000000 1320.000000 0.000999 0.000052 0.000000 
-2.759716 -4.601492 -2.252283 -22.560976 25.243902 3.109756 1259.000000 1376.000000 1324.000000 1311.000000 0.000999 0.000052 0.000000 
-7.096906 -9.230590 -1.774112 -17.804878 21.036587 3.719512 1269.000000 1366.000000 1307.000000 1328.000000 0.000999 0.000052 0.000000 
-8.688273 -10.681587 -1.556246 -1.036585 2.317073 -1.768293 1301.000000 1332.000000 1320.000000 1313.000000 0.000998 0.000051 0.000000 
-9.165339 -11.015748 -1.478565 -8.353659 9.024390 -1.402439 1254.000000 1379.000000 1302.000000 1331.000000 0.000999 0.000051 0.000000 
-15.726246 -16.999197 0.195511 -3.475610 2.987805 -3.414634 1301.000000 1332.000000 1312.000000 1321.000000 0.000999 0.000051 0.000000 
-15.085298 -16.163277 -0.011396 4.390244 -5.792683 -0.121951 1313.000000 1320.000000 1330.000000 1303.000000 0.000999 0.000051 0.000000 
-15.270915 -15.936365 -0.109785 -0.853659 0.121951 1.951220 1307.000000 1328.000000 1324.000000 1311.000000 0.000999 0.000052 0.000000 
-14.669020 -15.561304 -0.235943 7.500000 -8.841464 2.317073 1320.000000 1315.000000 1327.000000 1308.000000 0.000999 0.000052 0.000000 
-12.882553 -14.042423 -0.649010 9.817074 -9.817074 2.195122 1304.000000 1331.000000 1315.000000 1320.000000 0.000998 0.000051 0.000000 
-11.662084 -12.907372 -0.937548 1.585366 -1.646341 -0.243902 1254.000000 1379.000000 1316.000000 1317.000000 0.000999 0.000051 0.000000 
-11.636238 -12.952836 -0.873904 1.158537 -1.463415 -2.012195 1352.000000 1281.000000 1322.000000 1311.000000 0.000999 0.000051 0.000000 
-10.368898 -11.789143 -1.087609 -3.780488 4.329268 0.121951 1276.000000 1357.000000 1317.000000 1316.000000 0.000999 0.000051 0.000000 
-10.354868 -12.066384 -1.022753 4.939024 -6.280488 -0.182927 1347.000000 1288.000000 1323.000000 1312.000000 0.000999 0.000052 0.000000 
-9.866562 -11.795703 -1.126694 -3.597561 5.000000 1.890244 1233.000000 1402.000000 1310.000000 1325.000000 0.000999 0.000052 0.000000 
-9.148829 -11.083673 -1.257561 11.097561 -12.500000 -0.548781 1333.000000 1302.000000 1323.000000 1312.000000 0.000999 0.000051 0.000000 
-7.273692 -9.116577 -1.623152 6.402439 -6.707317 -0.792683 1350.000000 1283.000000 1324.000000 1309.000000 0.000998 0.000051 0.000000 
-7.839761 -9.678313 -1.459790 -10.975610 12.317074 -0.975610 1245.000000 1388.000000 1318.000000 1315.000000 0.000999 0.000051 0.000000 
-9.822858 -11.978148 -1.040990 -2.378049 2.317073 -0.548781 1337.000000 1296.000000 1317.000000 1316.000000 0.000999 0.000051 0.000000 
-5.978580 -7.971211 -1.709149 -7.987805 10.243902 -4.268293 1243.000000 1390.000000 1319.000000 1314.000000 0.000999 0.000051 0.000000 
-7.250046 -8.605664 -1.446921 -1.707317 -2.195122 0.304878 1313.000000 1322.000000 1330.000000 1305.000000 0.000999 0.000052 0.000000 
-6.353661 -7.937394 -1.712145 10.365854 -9.146341 3.597561 1361.000000 1274.000000 1318.000000 1317.000000 0.000999 0.000052 0.000000 
-5.859234 -7.246603 -1.791883 -7.439024 5.975610 1.768293 1267.000000 1368.000000 1330.000000 1305.000000 0.000999 0.000051 0.000000 
-7.042259 -8.560909 -1.659412 -0.060976 3.597561 -0.609756 1314.000000 1319.000000 1305.000000 1328.000000 0.000998 0.000051 0.000000 
-5.464618 -6.989350 -1.775584 13.658537 -16.097561 -1.402439 1302.000000 1331.000000 1317.000000 1316.000000 0.000999 0.000051 0.000000 
-2.815579 -4.627401 -2.063440 7.987805 -6.463415 -2.012195 1358.000000 1275.000000 1317.000000 1316.000000 0.000999 0.000051 0.000000 
-5.601801 -7.338152 -1.590103 -10.304878 12.012196 -1.890244 1286.000000 1347.000000 1308.000000 1325.000000 0.000999 0.000051 0.000000 
-5.916656 -7.439184 -1.568219 2.865854 -4.939024 2.500000 1293.000000 1342.000000 1327.000000 1308.000000 0.000999 0.000052 0.000000 
-4.812694 -6.427577 -1.770313 5.670732 -6.158537 -0.853659 1330.000000 1305.000000 1323.000000 1312.000000 0.000999 0.000052 0.000000 
-4.581368 -6.078805 -1.769361 -4.329268 3.658537 1.341463 1251.000000 1384.000000 1320.000000 1315.000000 0.000999 0.000051 0.000000 
-4.435530 -6.047936 -1.753952 7.804878 -5.304878 -0.182927 1381.000000 1252.000000 1319.000000 1314.000000 0.000998 0.000051 0.000000 
-3.807980 -5.357137 -1.851841 -5.060976 3.719512 1.097561 1230.000000 1403.000000 1316.000000 1317.000000 0.000999 0.000051 0.000000 
-5.851392 -7.385583 -1.566674 -13.048780 16.707317 -1.219512 1302.000000 1331.000000 1308.000000 1325.000000 0.000999 0.000051 0.000000 
-6.075099 -7.686958 -1.454567 -6.890244 10.304878 -6.646342 1270.000000 1363.000000 1309.000000 1324.000000 0.000999 0.000051 0.000000 
-7.875613 -8.946137 -1.168893 -5.243903 -1.036585 -0.548781 1330.000000 1303.000000 1341.000000 1292.000000 0.000999 0.000052 0.000000 
-7.141823 -8.473065 -1.333930 7.865854 -5.060976 2.073171 1312.000000 1323.000000 1309.000000 1326.000000 0.000999 0.000052 0.000000 
-5.986019 -7.401666 -1.555959 1.402439 -2.804878 3.597561 1299.000000 1336.000000 1329.000000 1306.000000 0.000999 0.000052 0.000000 
-5.933068 -7.610146 -1.553802 0.121951 2.439024 -0.792683 1307.000000 1328.000000 1309.000000 1326.000000 0.000999 0.000051 0.000000 
-5.918662 -7.754583 -1.502226 2.012195 -3.292683 -1.890244 1316.000000 1317.000000 1329.000000 1304.000000 0.000998 0.000051 0.000000 
-4.784072 -6.598526 -1.593729 9.024390 -8.231708 -1.463415 1330.000000 1303.000000 1311.000000 1322.000000 0.000999 0.000051 0.000000 
-3.630560 -6.025518 -1.598998 -1.829268 2.743902 -0.060976 1303.000000 1330.000000 1310.000000 1323.000000 0.000999 0.000051 0.000000 
-3.742136 -6.240990 -1.629849 1.341463 -2.743902 2.073171 1312.000000 1321.000000 1326.000000 1307.000000 0.000999 0.000051 0.000000 
-3.472073 -5.720029 -1.655485 -0.670732 1.524390 -1.280488 1309.000000 1324.000000 1321.000000 1312.000000 0.000999 0.000052 0.000000 
-4.220568 -6.487568 -1.604692 -2.560976 1.890244 1.280488 1301.000000 1334.000000 1321.000000 1314.000000 0.000999 0.000052 0.000000 
-3.322761 -5.550682 -1.675017 8.353659 -9.207317 -0.853659 1337.000000 1298.000000 1329.000000 1306.000000 0.000999 0.000052 0.000000 
-3.024429 -5.387044 -1.789180 -14.817074 14.207317 0.426829 1226.000000 1409.000000 1314.000000 1321.000000 0.000999 0.000052 0.000000 
-8.822371 -10.894426 -0.783729 -42.012196 45.792683 -1.219512 1229.000000 1406.000000 1319.000000 1316.000000 0.000998 0.000051 0.000000 
-13.935539 -16.271477 0.559231 0.060976 1.585366 -6.280488 1263.000000 1370.000000 1315.000000 1318.000000 0.000999 0.000051 0.000000 
-14.715588 -17.065973 0.823829 -2.195122 -1.036585 0.426829 1300.000000 1333.000000 1326.000000 1307.000000 0.000999 0.000051 0.000000 
-13.237165 -15.494407 0.385753 13.475610 -14.817074 4.573171 1297.000000 1336.000000 1327.000000 1306.000000 0.000999 0.000051 0.000000 
-11.271227 -13.251462 -0.288146 7.439024 -9.634147 3.658537 1321.000000 1312.000000 1323.000000 1310.000000 0.000999 0.000051 0.000000 
-11.038121 -12.869426 -0.431838 -2.621951 4.817073 2.682927 1264.000000 1369.000000 1319.000000 1314.000000 0.000999 0.000052 0.000000 
-11.120971 -12.859740 -0.411303 5.304878 -5.365854 -2.317073 1316.000000 1319.000000 1311.000000 1324.000000 0.000999 0.000052 0.000000 
-8.817481 -10.671005 -0.792169 14.878049 -15.731708 -3.353659 1342.000000 1291.000000 1320.000000 1313.000000 0.000999 0.000051 0.000000 
-8.017249 -10.075921 -0.795747 -1.463415 1.097561 -1.951220 1308.000000 1325.000000 1318.000000 1315.000000 0.000999 0.000051 0.000000 
-7.528173 -9.753353 -0.909594 3.902439 -4.207317 2.134146 1305.000000 1330.000000 1312.000000 1323.000000 0.000999 0.000052 0.000000 
-7.228573 -9.284844 -1.015712 -0.853659 0.182927 1.341463 1259.000000 1374.000000 1324.000000 1309.000000 0.000998 0.000051 0.000000 
-6.985361 -8.944526 -1.103810 4.695122 -4.939024 -0.182927 1370.000000 1263.000000 1325.000000 1308.000000 0.000999 0.000051 0.000000 
-6.977625 -8.948801 -1.064860 -5.670732 6.585366 -0.365854 1256.000000 1379.000000 1316.000000 1319.000000 0.000999 0.000052 0.000000 
-8.131322 -9.975609 -0.865073 -1.219512 1.036585 -1.036585 1325.000000 1310.000000 1323.000000 1312.000000 0.000998 0.000051 0.000000 
-6.786573 -8.521070 -1.108884 17.256098 -19.756098 -0.060976 1377.000000 1256.000000 1328.000000 1305.000000 0.000999 0.000051 0.000000 
-5.441304 -7.291476 -1.237779 -6.768293 7.926829 -2.012195 1326.000000 1309.000000 1316.000000 1319.000000 0.000999 0.000052 0.000000 
-6.218121 -8.026514 -1.156810 1.768293 -1.585366 0.853659 1317.000000 1318.000000 1320.000000 1315.000000 0.000999 0.000051 0.000000 
-6.352536 -7.933348 -1.247225 -3.048780 0.487805 2.621951 1288.000000 1345.000000 1327.000000 1306.000000 0.000999 0.000051 0.000000 
-6.576066 -7.915995 -1.288605 3.414634 -0.609756 0.731707 1314.000000 1319.000000 1316.000000 1317.000000 0.000999 0.000051 0.000000 
-5.633997 -6.865050 -1.352569 6.402439 -9.756098 -3.048780 1338.000000 1297.000000 1326.000000 1309.000000 0.000999 0.000052 0.000000 
-5.066535 -6.783494 -1.369287 -2.621951 4.451220 -1.158537 1296.000000 1337.000000 1311.000000 1322.000000 0.000998 0.000051 0.000000 
-6.108760 -8.107966 -1.124998 -7.378049 6.341464 -1.463415 1260.000000 1373.000000 1325.000000 1308.000000 0.000999 0.000051 0.000000 
-6.195298 -7.923355 -1.183553 7.073171 -9.146341 -0.121951 1321.000000 1314.000000 1329.000000 1306.000000 0.000999 0.000052 0.000000 
-5.312610 -7.376999 -1.345172 -0.243902 2.317073 -0.426829 1253.000000 1382.000000 1306.000000 1329.000000 0.000998 0.000051 0.000000 
-4.725399 -7.037873 -1.280574 6.951220 -10.426829 -1.707317 1373.000000 1260.000000 1337.000000 1296.000000 0.000999 0.000051 0.000000 
-4.016349 -6.648135 -1.414351 -5.000000 7.926829 -0.121951 1240.000000 1393.000000 1306.000000 1327.000000 0.000999 0.000052 0.000000 
-4.999279 -7.573875 -1.171391 1.280488 -3.963415 0.426829 1362.000000 1273.000000 1331.000000 1304.000000 0.000999 0.000052 0.000000 
-3.669127 -6.369566 -1.474800 6.768293 -5.304878 0.609756 1271.000000 1362.000000 1297.000000 1336.000000 0.000999 0.000051 0.000000 
-3.523770 -6.039448 -1.415920 -4.329268 5.548780 0.670732 1328.000000 1305.000000 1327.000000 1306.000000 0.000999 0.000051 0.000000 
-4.940712 -7.357821 -1.272692 -3.902439 4.817073 0.670732 1312.000000 1323.000000 1321.000000 1314.000000 0.000999 0.000052 0.000000 
-5.742842 -7.841776 -1.237682 -0.121951 -1.463415 -1.036585 1320.000000 1315.000000 1319.000000 1316.000000 0.000998 0.000051 0.000000 
-5.602843 -7.790601 -1.209761 -0.426829 0.853659 1.158537 1278.000000 1355.000000 1319.000000 1314.000000 0.000999 0.000051 0.000000 
-5.373450 -7.537366 -1.265272 2.073171 -3.414634 -0.426829 1324.000000 1309.000000 1320.000000 1313.000000 0.000999 0.000051 0.000000 
-5.793225 -7.872543 -1.215478 -1.646341 2.804878 0.975610 1308.000000 1327.000000 1315.000000 1320.000000 0.000999 0.000052 0.000000 
-5.809388 -7.966745 -1.140853 1.402439 -1.951220 -0.426829 1332.000000 1301.000000 1319.000000 1314.000000 0.000998 0.000051 0.000000 
-5.852259 -8.012259 -1.185764 -0.731707 1.158537 0.487805 1279.000000 1354.000000 1319.000000 1314.000000 0.000999 0.000051 0.000000 
-5.470665 -7.603499 -1.192626 4.390244 -5.365854 -0.121951 1321.000000 1314.000000 1320.000000 1315.000000 0.000999 0.000052 0.000000 
-4.984990 -6.952518 -1.314398 0.609756 -0.243902 -0.609756 1295.000000 1340.000000 1315.000000 1320.000000 0.000999 0.000051 0.000000 
-4.945103 -7.128154 -1.262745 1.768293 -2.500000 0.548781 1322.000000 1311.000000 1321.000000 1312.000000 0.000999 0.000051 0.000000 
-4.628041 -6.789774 -1.315216 0.243902 0.304878 -0.792683 1293.000000 1340.000000 1317.000000 1316.000000 0.000999 0.000051 0.000000 
-5.572862 -7.540804 -1.139258 1.097561 -1.707317 -0.609756 1322.000000 1313.000000 1320.000000 1315.000000 0.000999 0.000052 0.000000 
-5.414130 -7.545043 -1.156004 0.000000 -0.000000 2.195122 1294.000000 1341.000000 1325.000000 1310.000000 0.000998 0.000051 0.000000 
-5.579484 -7.638946 -1.150268 -0.731707 0.609756 -0.914634 1317.000000 1316.000000 1325.000000 1308.000000 0.000999 0.000051 0.000000 
-5.700324 -7.881038 -1.092004 -1.280488 1.768293 -0.548781 1301.000000 1332.000000 1321.000000 1312.000000 0.000999 0.000052 0.000000 
-5.836638 -8.094187 -1.039439 0.243902 -0.243902 0.304878 1311.000000 1324.000000 1318.000000 1317.000000 0.000999 0.000052 0.000000 
-5.600338 -7.800004 -1.094830 3.597561 -3.231707 -0.609756 1300.000000 1333.000000 1313.000000 1320.000000 0.000999 0.000051 0.000000 
-5.113383 -7.179581 -1.163943 -0.060976 -0.914634 0.182927 1332.000000 1301.000000 1329.000000 1304.000000 0.000999 0.000051 0.000000 
-7.406864 -9.270964 -0.864299 -7.621952 7.500000 -0.670732 1306.000000 1329.000000 1325.000000 1310.000000 0.000999 0.000052 0.000000 
-7.530139 -9.548261 -0.833712 6.707317 -7.865854 -0.853659 1344.000000 1291.000000 1319.000000 1316.000000 0.000999 0.000051 0.000000 
-6.725061 -8.783549 -0.946078 -2.926829 3.353659 0.609756 1273.000000 1360.000000 1322.000000 1311.000000 0.000999 0.000051 0.000000 
-7.845599 -9.636880 -0.821756 -1.219512 1.768293 1.219512 1310.000000 1323.000000 1313.000000 1320.000000 0.000999 0.000051 0.000000 
-7.153356 -9.025573 -0.927901 8.475610 -9.146341 0.487805 1315.000000 1320.000000 1314.000000 1321.000000 0.000999 0.000052 0.000000 
-6.219881 -8.123114 -1.096949 -0.121951 0.487805 0.060976 1297.000000 1338.000000 1325.000000 1310.000000 0.000999 0.000051 0.000000 
-7.319520 -9.112607 -0.907693 -7.500000 7.987805 0.243902 1283.000000 1350.000000 1314.000000 1319.000000 0.000999 0.000051 0.000000 
-7.441248 -9.168278 -0.835108 0.731707 -1.097561 -3.292683 1298.000000 1335.000000 1325.000000 1308.000000 0.000999 0.000051 0.000000 
-7.842904 -9.675900 -0.781357 -1.158537 0.914634 1.524390 1311.000000 1324.000000 1313.000000 1322.000000 0.000999 0.000052 0.000000 
-7.704127 -9.430875 -0.844083 2.621951 -1.890244 2.073171 1280.000000 1355.000000 1318.000000 1317.000000 0.000998 0.000051 0.000000 
-7.158970 -8.819382 -1.010557 4.634146 -6.402439 0.792683 1337.000000 1296.000000 1330.000000 1303.000000 0.000999 0.000051 0.000000 
-6.689527 -8.280049 -1.095198 0.670732 0.121951 -0.426829 1293.000000 1340.000000 1316.000000 1317.000000 0.000999 0.000051 0.000000 
-7.297645 -8.813038 -0.977185 -5.121951 5.365854 -1.707317 1275.000000 1360.000000 1318.000000 1317.000000 0.000999 0.000052 0.000000 
-7.459882 -9.057264 -0.877892 5.426829 -6.890244 -1.402439 1360.000000 1275.000000 1323.000000 1312.000000 0.000998 0.000051 0.000000 
-5.051833 -6.878475 -1.200650 -5.853659 6.341464 1.951220 1298.000000 1335.000000 1317.000000 1316.000000 0.000999 0.000051 0.000000 
-5.933533 -7.608506 -1.079173 -1.646341 2.012195 -1.036585 1300.000000 1333.000000 1319.000000 1314.000000 0.000999 0.000051 0.000000 
-5.791282 -7.581161 -1.091972 1.829268 -3.292683 -0.243902 1321.000000 1314.000000 1331.000000 1304.000000 0.000999 0.000052 0.000000 
-5.170476 -7.179608 -1.110640 -1.646341 3.597561 -0.487805 1282.000000 1353.000000 1305.000000 1330.000000 0.000998 0.000051 0.000000 
-5.980243 -7.883505 -1.000238 -2.865854 2.195122 -0.426829 1304.000000 1329.000000 1327.000000 1306.000000 0.000999 0.000051 0.000000 
-5.687713 -7.650918 -1.007214 4.756098 -5.000000 0.792683 1339.000000 1294.000000 1320.000000 1313.000000 0.000999 0.000051 0.000000 
-5.040349 -6.998986 -1.155392 -0.182927 0.792683 1.036585 1266.000000 1369.000000 1315.000000 1320.000000 0.000999 0.000052 0.000000 
-6.679848 -8.141376 -0.958587 4.573171 -5.426829 -0.792683 1330.000000 1305.000000 1325.000000 1310.000000 0.000998 0.000051 0.000000 
-5.661757 -7.315342 -1.111799 4.024390 -2.926829 0.853659 1267.000000 1366.000000 1305.000000 1328.000000 0.000999 0.000051 0.000000 
-4.976794 -6.501687 -1.187469 6.097561 -7.743903 -0.975610 1353.000000 1280.000000 1333.000000 1300.000000 0.000999 0.000051 0.000000 
-4.495911 -6.332504 -1.226942 -5.243903 6.829268 1.402439 1248.000000 1387.000000 1308.000000 1327.000000 0.000999 0.000052 0.000000 
-5.563076 -7.345438 -1.089986 0.670732 -1.951220 -0.731707 1367.000000 1268.000000 1332.000000 1303.000000 0.000999 0.000052 0.000000 
-4.810847 -6.799934 -1.176118 4.451220 -4.146341 0.060976 1302.000000 1331.000000 1314.000000 1319.000000 0.000998 0.000051 0.000000 
-5.048905 -6.933580 -1.139574 -6.829268 6.341464 -1.097561 1288.000000 1345.000000 1324.000000 1309.000000 0.000999 0.000051 0.000000 
-7.858290 -9.397478 -0.710849 -3.170732 2.865854 0.975610 1253.000000 1380.000000 1319.000000 1314.000000 0.000999 0.000052 0.000000 
-7.167097 -8.941930 -0.882425 7.743903 -7.073171 1.768293 1319.000000 1316.000000 1313.000000 1322.000000 0.000999 0.000052 0.000000 
-6.595427 -8.072236 -0.973902 -0.914634 0.121951 -1.036585 1319.000000 1316.000000 1324.000000 1311.000000 0.000998 0.000051 0.000000 
-7.293523 -9.022219 -0.832416 -4.451220 5.731708 0.548781 1283.000000 1350.000000 1318.000000 1315.000000 0.000999 0.000051 0.000000 
-7.287947 -8.890270 -0.834982 5.914634 -7.256098 0.609756 1321.000000 1312.000000 1318.000000 1315.000000 0.000999 0.000051 0.000000 
-6.094582 -7.932437 -0.986985 3.109756 -2.256098 -0.609756 1308.000000 1327.000000 1314.000000 1321.000000 0.000999 0.000052 0.000000 
-7.023754 -8.818816 -0.813175 -9.451220 9.085366 0.975610 1285.000000 1350.000000 1327.000000 1308.000000 0.000999 0.000051 0.000000 
-7.366601 -8.660592 -0.853895 -1.951220 1.158537 -2.743902 1244.000000 1389.000000 1322.000000 1311.000000 0.000999 0.000051 0.000000 
-7.181818 -8.822598 -0.815365 1.219512 -2.682927 -0.060976 1314.000000 1319.000000 1322.000000 1311.000000 0.000999 0.000051 0.000000 
-7.064069 -8.836907 -0.827507 -0.426829 0.487805 2.317073 1309.000000 1324.000000 1319.000000 1314.000000 0.000999 0.000052 0.000000 
-7.309201 -9.121585 -0.839301 0.975610 -0.670732 0.060976 1314.000000 1321.000000 1318.000000 1317.000000 0.000999 0.000052 0.000000 
-6.742004 -8.603539 -0.922035 4.329268 -5.000000 -0.121951 1317.000000 1318.000000 1329.000000 1306.000000 0.000998 0.000051 0.000000 
-6.240539 -8.023051 -0.984551 -1.402439 1.768293 -1.280488 1291.000000 1342.000000 1312.000000 1321.000000 0.000999 0.000051 0.000000 
-7.091012 -8.968946 -0.803851 -5.670732 5.365854 -0.548781 1292.000000 1341.000000 1325.000000 1308.000000 0.000999 0.000051 0.000000 
-5.319551 -7.510550 -1.019824 0.121951 0.426829 -2.865854 1269.000000 1366.000000 1319.000000 1316.000000 0.000999 0.000052 0.000000 
-5.276671 -7.881367 -0.943782 -1.463415 1.463415 0.670732 1278.000000 1357.000000 1315.000000 1320.000000 0.000999 0.000052 0.000000 
-5.035136 -7.494286 -1.012824 3.780488 -5.487805 0.914634 1356.000000 1277.000000 1330.000000 1303.000000 0.000998 0.000051 0.000000 
-5.019444 -7.458149 -1.040662 -6.280488 8.048780 2.073171 1245.000000 1388.000000 1309.000000 1324.000000 0.000999 0.000051 0.000000 
-6.061369 -8.424011 -0.925891 1.341463 -1.585366 -0.792683 1347.000000 1286.000000 1326.000000 1307.000000 0.000999 0.000051 0.000000 
-4.685623 -7.037496 -1.061060 9.207317 -10.609756 -2.012195 1347.000000 1288.000000 1325.000000 1310.000000 0.000999 0.000052 0.000000 
-4.806051 -6.815242 -1.076784 -12.987805 14.146341 -0.304878 1209.000000 1426.000000 1312.000000 1323.000000 0.000999 0.000052 0.000000 
-6.642400 -8.657018 -0.708903 12.743903 -13.414635 0.060976 1323.000000 1310.000000 1322.000000 1311.000000 0.000998 0.000051 0.000000 
-5.206562 -7.125093 -0.955761 0.609756 -1.768293 -0.000000 1279.000000 1354.000000 1323.000000 1310.000000 0.000999 0.000051 0.000000 
-5.573294 -7.523004 -0.908275 -2.865854 3.719512 2.317073 1302.000000 1331.000000 1315.000000 1318.000000 0.000999 0.000051 0.000000 
-6.257717 -8.135257 -0.832943 -2.926829 3.841464 -0.182927 1289.000000 1346.000000 1310.000000 1325.000000 0.000999 0.000052 0.000000 
-6.671387 -8.387521 -0.777708 2.804878 -2.926829 -0.975610 1311.000000 1324.000000 1320.000000 1315.000000 0.000999 0.000052 0.000000 
-5.849195 -7.330921 -0.911304 5.609756 -7.073171 -0.548781 1336.000000 1297.000000 1328.000000 1305.000000 0.000998 0.000051 0.000000 
-5.508809 -7.121621 -0.951164 -2.317073 4.146341 0.609756 1262.000000 1371.000000 1304.000000 1329.000000 0.000999 0.000051 0.000000 
-6.335495 -7.849546 -0.857650 6.585366 -7.134147 0.975610 1323.000000 1310.000000 1325.000000 1308.000000 0.000999 0.000051 0.000000 
-5.421804 -7.041480 -0.997837 0.975610 -0.365854 -0.121951 1280.000000 1355.000000 1311.000000 1324.000000 0.000999 0.000052 0.000000 
-5.107165 -6.628052 -1.037731 7.378049 -8.414635 -1.097561 1370.000000 1265.000000 1328.000000 1307.000000 0.000999 0.000052 0.000000 
-4.578829 -6.301655 -1.043774 -7.804878 8.292683 -0.609756 1253.000000 1380.000000 1317.000000 1316.000000 0.000998 0.000051 0.000000 
-6.335020 -8.115891 -0.780791 -4.451220 4.817073 0.243902 1318.000000 1315.000000 1319.000000 1314.000000 0.000999 0.000051 0.000000 
-5.389330 -7.149442 -0.951319 11.036586 -11.585366 1.097561 1315.000000 1318.000000 1316.000000 1317.000000 0.000999 0.000051 0.000000 
-4.197724 -5.800258 -1.123718 -0.548781 0.914634 0.670732 1298.000000 1337.000000 1319.000000 1316.000000 0.000999 0.000052 0.000000 
-7.292033 -8.731390 -0.732406 4.390244 -4.878049 -0.731707 1324.000000 1311.000000 1315.000000 1320.000000 0.000999 0.000052 0.000000 
-6.247639 -7.882995 -0.900850 4.146341 -3.353659 -1.219512 1293.000000 1342.000000 1309.000000 1326.000000 0.000998 0.000051 0.000000 
-6.249759 -8.149335 -0.810691 -2.012195 0.731707 0.731707 1300.000000 1333.000000 1324.000000 1309.000000 0.000999 0.000051 0.000000 
-6.499373 -8.287560 -0.855568 1.524390 -2.012195 1.158537 1305.000000 1328.000000 1320.000000 1313.000000 0.000999 0.000051 0.000000 
-6.079349 -8.021107 -0.892384 2.378049 -0.731707 1.158537 1263.000000 1370.000000 1301.000000 1332.000000 0.000999 0.000051 0.000000 
-5.770892 -7.775190 -0.950744 2.439024 -3.475610 -1.402439 1312.000000 1323.000000 1330.000000 1305.000000 0.000999 0.000052 0.000000 
-4.872067 -6.981355 -1.027894 8.048780 -8.780488 -0.365854 1354.000000 1281.000000 1320.000000 1315.000000 0.000999 0.000052 0.000000 
-4.887938 -7.634306 -0.953162 -6.402439 6.219512 -0.060976 1301.000000 1332.000000 1319.000000 1314.000000 0.000998 0.000051 0.000000 
-4.716204 -7.355977 -0.993778 9.756098 -11.158537 -0.609756 1338.000000 1295.000000 1325.000000 1308.000000 0.000999 0.000051 0.000000 
-3.387372 -5.772714 -1.212109 5.975610 -6.341464 1.219512 1288.000000 1345.000000 1312.000000 1321.000000 0.000999 0.000051 0.000000 
-2.448970 -4.746925 -1.310369 5.853659 -5.304878 0.548781 1265.000000 1368.000000 1313.000000 1320.000000 0.000999 0.000052 0.000000 
-0.379226 -2.867607 -1.454036 16.402439 -17.926830 0.121951 1337.000000 1298.000000 1323.000000 1312.000000 0.000999 0.000054 0.000000 
1.892513 -0.409028 -1.493412 6.951220 -6.158537 -1.707317 1306.000000 1329.000000 1317.000000 1318.000000 0.000998 0.000051 0.000000 
1.073163 -1.181418 -1.490022 -9.451220 9.329268 -0.426829 1279.000000 1354.000000 1318.000000 1315.000000 0.000998 0.000051 0.000000 
1.219808 -0.960999 -1.437621 2.560976 -2.439024 -0.792683 1272.000000 1361.000000 1317.000000 1316.000000 0.000999 0.000051 0.000000 
1.618969 -0.633349 -1.389378 0.243902 -1.219512 -0.487805 1300.000000 1333.000000 1328.000000 1305.000000 0.000999 0.000051 0.000000 
1.693197 -0.446640 -1.456345 3.841464 -3.292683 1.890244 1337.000000 1298.000000 1322.000000 1313.000000 0.000999 0.000052 0.000000 
2.013700 -0.079080 -1.456165 -0.609756 0.731707 1.341463 1271.000000 1364.000000 1312.000000 1323.000000 0.000999 0.000052 0.000000 
1.915136 -0.381033 -1.497705 0.975610 -0.853659 0.304878 1307.000000 1328.000000 1321.000000 1314.000000 0.000999 0.000051 0.000000 
2.748556 0.503080 -1.417688 5.792683 -6.280488 -1.280488 1334.000000 1299.000000 1314.000000 1319.000000 0.000998 0.000051 0.000000 
3.345880 0.888236 -1.440085 -2.560976 2.987805 -0.914634 1303.000000 1330.000000 1321.000000 1312.000000 0.000999 0.000051 0.000000 
-1.314689 -3.557893 -1.258098 -6.463415 8.353659 -2.378049 1314.000000 1319.000000 1316.000000 1317.000000 0.000999 0.000051 0.000000 
-2.109499 -4.341040 -1.183604 -3.048780 0.487805 0.060976 1330.000000 1303.000000 1332.000000 1301.000000 0.000999 0.000052 0.000000 
-2.694401 -4.636405 -1.203142 -3.231707 5.670732 0.670732 1289.000000 1346.000000 1306.000000 1329.000000 0.000999 0.000052 0.000000 
-3.379143 -5.319837 -1.128494 -1.402439 -0.243902 0.609756 1307.000000 1328.000000 1326.000000 1309.000000 0.000999 0.000052 0.000000 
-3.289951 -5.313931 -1.161022 4.207317 -4.024390 -0.792683 1352.000000 1283.000000 1322.000000 1313.000000 0.000998 0.000051 0.000000 
-2.887985 -4.904577 -1.178081 1.036585 -1.280488 0.243902 1258.000000 1375.000000 1316.000000 1317.000000 0.000999 0.000051 0.000000 
-2.584634 -4.793394 -1.259799 4.573171 -5.853659 -0.365854 1315.000000 1318.000000 1320.000000 1313.000000 0.000999 0.000051 0.000000 
0.516428 -1.665933 -1.381451 0.792683 0.182927 -0.670732 1280.000000 1353.000000 1315.000000 1318.000000 0.000999 0.000051 0.000000 
0.627302 -1.735186 -1.357037 5.304878 -6.036585 -0.243902 1366.000000 1269.000000 1324.000000 1311.000000 0.000999 0.000052 0.000000 
1.077711 -1.186373 -1.425278 -4.390244 4.024390 1.219512 1288.000000 1347.000000 1322.000000 1313.000000 0.000999 0.000052 0.000000 
0.010699 -2.209752 -1.389692 -5.182927 5.609756 1.280488 1312.000000 1323.000000 1313.000000 1322.000000 0.000999 0.000051 0.000000 
-0.765548 -2.577695 -1.333301 -5.060976 4.268293 -2.865854 1306.000000 1327.000000 1326.000000 1307.000000 0.000998 0.000053 0.000000 
-3.701531 -5.827307 -1.026501 -32.804878 34.451221 -1.707317 1253.000000 1380.000000 1323.000000 1310.000000 0.000999 0.000051 0.000000 
-10.966721 -13.092866 0.179246 -38.719513 40.609756 -2.804878 1231.000000 1402.000000 1330.000000 1303.000000 0.000999 0.000051 0.000000 
-14.748926 -17.185148 1.406144 -4.451220 10.365854 -6.463415 1253.000000 1380.000000 1306.000000 1327.000000 0.000999 0.000051 0.000000 
-15.900682 -18.076353 1.710461 2.865854 -10.792684 -2.682927 1340.000000 1295.000000 1338.000000 1297.000000 0.000999 0.000052 0.000000 
-13.751381 -15.676309 1.026063 14.024390 -13.780488 1.402439 1320.000000 1315.000000 1327.000000 1308.000000 0.000999 0.000052 0.000000 
-12.362551 -14.421267 0.644657 -0.121951 -2.134146 3.719512 1269.000000 1366.000000 1312.000000 1323.000000 0.000999 0.000052 0.000000 
-11.805613 -14.293980 0.527398 10.609756 -8.414635 2.926829 1272.000000 1363.000000 1318.000000 1317.000000 0.000998 0.000051 0.000000 
-8.065263 -10.471379 -0.367776 26.158537 -29.695122 0.060976 1345.000000 1288.000000 1320.000000 1313.000000 0.000999 0.000051 0.000000 
-3.736706 -5.984168 -1.026554 15.426829 -14.512196 -0.304878 1304.000000 1329.000000 1318.000000 1315.000000 0.000999 0.000051 0.000000 
-8.446124 -10.225931 -0.315030 -7.682927 11.524390 -5.365854 1301.000000 1332.000000 1308.000000 1325.000000 0.000999 0.000051 0.000000 
-8.265850 -10.010045 -0.337823 2.073171 -6.646342 -2.073171 1304.000000 1329.000000 1327.000000 1306.000000 0.000999 0.000052 0.000000 
-7.764201 -9.396113 -0.419375 0.548781 0.609756 1.707317 1282.000000 1353.000000 1326.000000 1309.000000 0.000999 0.000052 0.000000 
-8.115988 -9.844181 -0.487867 -0.548781 0.182927 3.353659 1306.000000 1329.000000 1311.000000 1324.000000 0.000999 0.000052 0.000000 
-8.408823 -9.989828 -0.418397 1.829268 -0.365854 -0.609756 1304.000000 1331.000000 1319.000000 1316.000000 0.000998 0.000052 0.000000 
-8.710059 -10.318456 -0.405778 -2.073171 2.073171 -1.951220 1299.000000 1334.000000 1315.000000 1318.000000 0.000998 0.000051 0.000000 
-9.023253 -10.747491 -0.208779 -0.792683 0.365854 -1.402439 1349.000000 1284.000000 1332.000000 1301.000000 0.000999 0.000051 0.000000 
-12.118912 -13.532847 0.368970 -16.158537 17.378050 0.060976 1242.000000 1391.000000 1313.000000 1320.000000 0.000999 0.000051 0.000000 
-13.193662 -14.842079 0.661789 0.975610 -1.707317 -0.853659 1313.000000 1320.000000 1317.000000 1316.000000 0.000999 0.000052 0.000000 
-13.593766 -15.152365 0.774629 -4.695122 3.475610 0.792683 1322.000000 1311.000000 1329.000000 1304.000000 0.000999 0.000051 0.000000 
-14.080957 -15.702485 0.897099 4.207317 -4.695122 1.158537 1302.000000 1333.000000 1316.000000 1319.000000 0.000999 0.000052 0.000000 
-12.467452 -14.007353 0.448317 10.060976 -10.487805 0.731707 1280.000000 1355.000000 1311.000000 1324.000000 0.000999 0.000052 0.000000 
-11.204321 -12.758927 0.137013 2.134146 -3.109756 -0.182927 1290.000000 1345.000000 1319.000000 1316.000000 0.000999 0.000052 0.000000 
-11.330410 -12.869982 0.195330 -0.060976 0.609756 -1.036585 1329.000000 1306.000000 1320.000000 1315.000000 0.000998 0.000051 0.000000 
-9.945109 -11.704207 -0.042454 1.097561 -0.670732 0.243902 1241.000000 1392.000000 1314.000000 1319.000000 0.000999 0.000053 0.000000 
-8.521444 -10.108457 -0.348892 12.134147 -14.817074 0.975610 1289.000000 1344.000000 1317.000000 1316.000000 0.000999 0.000052 0.000000 
-5.859524 -7.533770 -0.774241 12.865854 -12.865854 0.975610 1308.000000 1327.000000 1316.000000 1319.000000 0.000999 0.000052 0.000000 
-4.513958 -6.355749 -0.916715 1.951220 -2.804878 0.304878 1315.000000 1318.000000 1317.000000 1316.000000 0.000999 0.000051 0.000000 
-4.725539 -6.761496 -0.881255 -4.817073 5.182927 0.243902 1293.000000 1340.000000 1324.000000 1309.000000 0.000999 0.000051 0.000000 
-5.835775 -7.670861 -0.744950 -4.512195 4.756098 0.243902 1303.000000 1332.000000 1317.000000 1318.000000 0.000999 0.000052 0.000000 
-6.010566 -8.014607 -0.685706 3.719512 -2.317073 -0.121951 1282.000000 1351.000000 1312.000000 1321.000000 0.000998 0.000051 0.000000 
-4.353256 -6.443192 -0.911500 4.329268 -3.658537 0.243902 1274.000000 1359.000000 1310.000000 1323.000000 0.000999 0.000051 0.000000 
-3.626458 -5.595181 -0.989010 2.987805 -4.451220 0.609756 1280.000000 1355.000000 1317.000000 1318.000000 0.000999 0.000052 0.000000 
-2.414039 -4.428486 -1.077898 10.304878 -10.670732 -0.182927 1324.000000 1311.000000 1326.000000 1309.000000 0.000998 0.000051 0.000000 
-0.751756 -2.944867 -1.168711 6.463415 -7.682927 -1.280488 1313.000000 1320.000000 1321.000000 1312.000000 0.000999 0.000051 0.000000 
0.188054 -2.024981 -1.189206 2.865854 -2.439024 0.243902 1303.000000 1330.000000 1318.000000 1315.000000 0.000999 0.000052 0.000000 
-0.028079 -1.929772 -1.258739 -2.439024 0.670732 0.670732 1309.000000 1326.000000 1316.000000 1319.000000 0.000999 0.000052 0.000000 
0.079212 -1.860981 -1.205577 5.914634 -6.219512 0.548781 1334.000000 1299.000000 1324.000000 1309.000000 0.000999 0.000051 0.000000 
2.436850 0.278354 -1.270765 -0.487805 1.951220 -0.060976 1342.000000 1291.000000 1314.000000 1319.000000 0.000999 0.000051 0.000000 
1.776061 -0.333007 -1.216511 -5.670732 4.207317 -1.585366 1316.000000 1319.000000 1331.000000 1304.000000 0.000999 0.000052 0.000000 
1.289407 -0.856235 -1.199643 -2.256098 4.024390 -0.060976 1278.000000 1355.000000 1304.000000 1329.000000 0.000998 0.000051 0.000000 
1.392719 -0.858655 -1.175922 5.121951 -5.243903 -0.548781 1359.000000 1274.000000 1320.000000 1313.000000 0.000999 0.000051 0.000000 
1.119308 -1.021623 -1.203075 -9.390244 7.439024 -1.829268 1314.000000 1321.000000 1327.000000 1308.000000 0.000999 0.000052 0.000000 
-0.288294 -2.256762 -1.131183 -7.987805 10.121951 -0.731707 1298.000000 1337.000000 1315.000000 1320.000000 0.000999 0.000052 0.000000 
-1.929958 -3.710537 -1.061120 -9.085366 8.719512 1.585366 1318.000000 1315.000000 1311.000000 1322.000000 0.000999 0.000051 0.000000 
-3.421840 -5.157688 -0.952696 -5.975610 8.475610 0.426829 1338.000000 1295.000000 1317.000000 1316.000000 0.000999 0.000051 0.000000 
-4.818712 -6.366817 -0.831565 -8.475610 8.963415 1.097561 1297.000000 1338.000000 1318.000000 1317.000000 0.000999 0.000052 0.000000 
-6.349970 -8.081714 -0.621047 -6.524390 7.621952 0.670732 1309.000000 1324.000000 1311.000000 1322.000000 0.000998 0.000051 0.000000 
-6.855208 -8.652973 -0.524218 1.768293 -1.341463 -1.158537 1320.000000 1313.000000 1313.000000 1320.000000 0.000999 0.000051 0.000000 
-4.464928 -6.777316 -0.804532 2.743902 -2.987805 -1.951220 1274.000000 1361.000000 1322.000000 1313.000000 0.000999 0.000052 0.000000 
-3.541546 -6.023195 -0.884899 7.012195 -7.560976 0.304878 1329.000000 1306.000000 1317.000000 1318.000000 0.000999 0.000052 0.000000 
-2.458531 -4.913415 -1.014600 5.121951 -5.365854 1.951220 1315.000000 1318.000000 1315.000000 1318.000000 0.000999 0.000051 0.000000 
-1.315858 -3.691900 -1.124206 6.646342 -7.073171 0.609756 1300.000000 1333.000000 1317.000000 1316.000000 0.000999 0.000052 0.000000 
-0.011360 -2.316519 -1.222535 8.658537 -8.719512 -0.182927 1317.000000 1318.000000 1319.000000 1316.000000 0.000999 0.000052 0.000000 
1.921654 -0.713527 -1.259054 12.134147 -13.048780 0.426829 1340.000000 1295.000000 1319.000000 1316.000000 0.000998 0.000051 0.000000 
4.187588 1.526917 -1.221993 10.548780 -11.829268 -0.914634 1280.000000 1353.000000 1315.000000 1318.000000 0.000999 0.000051 0.000000 
7.183860 4.493565 -1.051137 14.085366 -16.280489 -0.975610 1340.000000 1293.000000 1335.000000 1298.000000 0.000999 0.000052 0.000000 
9.301292 6.464777 -0.828215 3.597561 -5.182927 0.853659 1284.000000 1351.000000 1318.000000 1317.000000 0.000999 0.000052 0.000000 
10.625981 8.092501 -0.573236 9.085366 -9.329268 -0.792683 1328.000000 1305.000000 1322.000000 1311.000000 0.000998 0.000051 0.000000 
12.028052 9.420098 -0.362331 3.658537 -2.987805 -0.304878 1332.000000 1301.000000 1313.000000 1320.000000 0.000999 0.000051 0.000000 
11.912364 9.435517 -0.354639 -3.048780 4.024390 0.670732 1346.000000 1289.000000 1317.000000 1318.000000 0.000999 0.000052 0.000000 
9.886467 7.485269 -0.661555 -18.292683 19.512196 -0.121951 1293.000000 1342.000000 1318.000000 1317.000000 0.000999 0.000052 0.000000 
5.845285 3.708842 -1.005019 -17.012196 17.439024 -1.280488 1313.000000 1320.000000 1323.000000 1310.000000 0.000999 0.000051 0.000000 
5.201724 3.457226 -0.983094 -22.682928 23.475611 -7.317073 1285.000000 1348.000000 1329.000000 1304.000000 0.000999 0.000051 0.000000 
1.949368 -0.191920 -0.916425 -10.670732 5.975610 -4.085366 1327.000000 1308.000000 1341.000000 1294.000000 0.000999 0.000052 0.000000 
1.648218 -0.313714 -1.005410 5.060976 -1.219512 1.524390 1331.000000 1304.000000 1296.000000 1339.000000 0.000999 0.000051 0.000000 
1.982563 0.145090 -1.004939 -2.195122 1.768293 3.963415 1309.000000 1324.000000 1332.000000 1301.000000 0.000999 0.000051 0.000000 
0.845095 -0.983967 -1.193741 -5.731708 7.987805 4.268293 1274.000000 1359.000000 1299.000000 1334.000000 0.000999 0.000051 0.000000 
1.019064 -0.879524 -1.146132 9.756098 -10.121951 0.548781 1430.000000 1205.000000 1334.000000 1301.000000 0.001000 0.000050 0.000000 
2.261408 0.335336 -1.251936 -3.109756 0.792683 -1.890244 1263.000000 1372.000000 1318.000000 1317.000000 0.000998 0.000051 0.000000 
-6.874566 -7.565058 -0.580621 -17.012196 13.231708 -8.109756 1334.000000 1299.000000 1334.000000 1299.000000 0.000999 0.000051 0.000000 
-7.806095 -8.890679 -0.369393 -0.853659 2.743902 -3.841464 1303.000000 1330.000000 1299.000000 1334.000000 0.000999 0.000052 0.000000 
-8.045295 -9.172039 -0.273499 3.475610 -5.731708 -0.487805 1314.000000 1321.000000 1332.000000 1303.000000 0.000999 0.000052 0.000000 
-6.631372 -8.253585 -0.546614 12.317074 -10.792684 4.268293 1322.000000 1313.000000 1308.000000 1327.000000 0.000998 0.000051 0.000000 
-4.891740 -6.666149 -0.813150 6.768293 -7.073171 3.475610 1307.000000 1326.000000 1328.000000 1305.000000 0.000999 0.000051 0.000000 
-4.456050 -6.397237 -0.938510 2.378049 -1.768293 1.097561 1317.000000 1316.000000 1312.000000 1321.000000 0.000999 0.000051 0.000000 
-4.068553 -5.636036 -0.972625 7.073171 -7.378049 -0.182927 1342.000000 1293.000000 1321.000000 1314.000000 0.000999 0.000052 0.000000 
-1.292278 -3.231773 -1.246823 4.329268 -3.780488 -2.012195 1306.000000 1329.000000 1315.000000 1320.000000 0.000998 0.000051 0.000000 
-0.917535 -2.815453 -1.232525 1.585366 -2.256098 -0.975610 1315.000000 1318.000000 1313.000000 1320.000000 0.000999 0.000051 0.000000 
-0.351583 -2.376142 -1.219995 5.304878 -4.634146 -0.792683 1363.000000 1270.000000 1317.000000 1316.000000 0.000999 0.000052 0.000000 
0.105924 -1.888261 -1.249901 -1.158537 -0.487805 -0.121951 1302.000000 1333.000000 1328.000000 1307.000000 0.000999 0.000052 0.000000 
-0.444802 -2.569765 -1.226162 -2.560976 3.963415 0.914634 1253.000000 1382.000000 1310.000000 1325.000000 0.001000 0.000048 0.000000 
0.782487 -1.206967 -1.307200 23.292683 -26.341463 0.121951 1417.000000 1216.000000 1330.000000 1303.000000 0.001000 0.000050 0.000000 
8.426780 5.922786 -0.968712 -2.865854 2.073171 1.585366 1309.000000 1324.000000 1318.000000 1315.000000 0.000999 0.000051 0.000000 
7.426319 4.972287 -1.022432 -6.097561 7.378049 0.304878 1318.000000 1317.000000 1318.000000 1317.000000 0.000999 0.000052 0.000000 
6.739889 4.307262 -1.093500 -2.682927 2.560976 -1.524390 1298.000000 1337.000000 1319.000000 1316.000000 0.000998 0.000052 0.000000 
6.500138 4.154724 -1.054810 -1.463415 2.317073 -0.000000 1318.000000 1315.000000 1309.000000 1324.000000 0.001000 0.000048 0.000000 
6.074603 3.606318 -1.100421 -2.560976 2.256098 -0.365854 1365.000000 1268.000000 1322.000000 1311.000000 0.001000 0.000045 0.000000 
5.033435 2.798109 -1.132323 -7.621952 7.987805 -0.243902 1310.000000 1323.000000 1324.000000 1309.000000 0.000999 0.000052 0.000000 
3.334390 1.314237 -1.190964 -10.914635 11.463415 0.609756 1276.000000 1359.000000 1319.000000 1316.000000 0.000999 0.000052 0.000000 
3.087653 1.192165 -1.143209 0.243902 -0.548781 -1.524390 1367.000000 1266.000000 1323.000000 1310.000000 0.000998 0.000051 0.000000 
1.085959 -0.766142 -1.101475 -18.292683 18.170732 0.426829 1298.000000 1335.000000 1323.000000 1310.000000 0.000999 0.000052 0.000000 
-1.505333 -3.297515 -1.009850 -8.231708 9.756098 -0.853659 1348.000000 1287.000000 1312.000000 1323.000000 0.000999 0.000052 0.000000 
-2.946334 -4.697730 -0.941388 -8.109756 8.170732 1.829268 1295.000000 1340.000000 1325.000000 1310.000000 0.000998 0.000052 0.000000 
-2.851900 -4.664574 -0.961051 9.634147 -10.182927 -0.243902 1348.000000 1287.000000 1313.000000 1322.000000 0.000998 0.000051 0.000000 
-0.061700 -2.295283 -1.153157 11.951220 -12.560976 1.646341 1331.000000 1302.000000 1324.000000 1309.000000 0.000999 0.000052 0.000000 
0.684601 -1.668741 -1.159301 -6.768293 5.792683 0.243902 1293.000000 1340.000000 1319.000000 1314.000000 0.000999 0.000052 0.000000 
-1.368171 -3.763651 -0.979191 5.060976 -5.792683 -0.975610 1313.000000 1322.000000 1322.000000 1313.000000 0.000998 0.000052 0.000000 
0.366466 -2.011520 -1.107016 14.390244 -14.878049 1.097561 1332.000000 1303.000000 1316.000000 1319.000000 0.000998 0.000052 0.000000 
3.255562 0.666815 -1.138513 13.292684 -15.670732 1.280488 1318.000000 1315.000000 1324.000000 1309.000000 0.000998 0.000051 0.000000 
5.257068 2.772656 -1.097050 9.573171 -9.939025 -0.060976 1302.000000 1331.000000 1322.000000 1311.000000 0.000999 0.000052 0.000000 
7.142637 4.463291 -0.959318 9.390244 -10.426829 -0.060976 1322.000000 1311.000000 1312.000000 1321.000000 0.000999 0.000052 0.000000 
8.843561 5.982069 -0.843990 11.097561 -11.341464 0.731707 1370.000000 1265.000000 1322.000000 1313.000000 0.000998 0.000052 0.000000 
10.348515 7.413421 -0.633607 5.060976 -6.097561 -1.036585 1338.000000 1297.000000 1324.000000 1311.000000 0.000998 0.000052 0.000000 
7.238333 4.309747 -0.915988 -9.329268 9.024390 -3.658537 1321.000000 1312.000000 1319.000000 1314.000000 0.000999 0.000052 0.000000 
6.393692 3.497392 -0.977109 -1.402439 1.524390 0.853659 1350.000000 1283.000000 1314.000000 1319.000000 0.000999 0.000052 0.000000 
5.259258 2.611159 -1.033209 -8.780488 7.926829 2.012195 1301.000000 1332.000000 1335.000000 1298.000000 0.000999 0.000052 0.000000 
3.966328 1.326889 -1.160509 -2.987805 5.426829 1.646341 1321.000000 1314.000000 1311.000000 1324.000000 0.000999 0.000052 0.000000 
3.363694 0.823014 -1.180623 -1.707317 1.463415 0.670732 1369.000000 1266.000000 1330.000000 1305.000000 0.000998 0.000051 0.000000 
1.070109 -1.113316 -1.179119 -20.548780 23.109756 -1.463415 1276.000000 1357.000000 1312.000000 1321.000000 0.000999 0.000052 0.000000 
-4.011306 -5.992960 -0.850255 -27.256098 28.353659 -1.524390 1284.000000 1349.000000 1329.000000 1304.000000 0.000999 0.000052 0.000000 
-5.924527 -7.932775 -0.598390 -3.658537 2.987805 -8.109756 1285.000000 1348.000000 1330.000000 1303.000000 0.000999 0.000052 0.000000 
-6.464792 -8.326661 -0.468718 0.792683 -5.487805 -2.621951 1288.000000 1347.000000 1319.000000 1316.000000 0.000998 0.000052 0.000000 
-4.451285 -6.622764 -0.744894 17.134148 -15.365854 3.231707 1325.000000 1310.000000 1300.000000 1335.000000 0.000998 0.000051 0.000000 
-2.542974 -4.632197 -1.027208 2.500000 -3.353659 5.548780 1295.000000 1338.000000 1322.000000 1311.000000 0.000999 0.000052 0.000000 
-2.426591 -4.295549 -1.161018 6.463415 -3.963415 2.926829 1326.000000 1307.000000 1316.000000 1317.000000 0.000999 0.000051 0.000000 
-0.379937 -1.949253 -1.311465 19.268293 -20.609756 1.341463 1340.000000 1293.000000 1326.000000 1307.000000 0.000999 0.000052 0.000000 
3.691694 1.747297 -1.280117 19.207317 -23.414635 -1.036585 1330.000000 1305.000000 1317.000000 1318.000000 0.000998 0.000052 0.000000 
5.801218 3.614542 -1.090961 4.390244 -6.036585 -5.182927 1318.000000 1317.000000 1313.000000 1322.000000 0.000998 0.000051 0.000000 
7.929448 5.459678 -0.893390 10.426829 -11.219512 -0.365854 1290.000000 1343.000000 1309.000000 1324.000000 0.000999 0.000052 0.000000 
9.707742 7.536135 -0.674213 10.609756 -10.000000 2.134146 1330.000000 1303.000000 1312.000000 1321.000000 0.000999 0.000052 0.000000 
10.923872 8.542846 -0.591707 3.658537 -3.841464 2.804878 1326.000000 1307.000000 1322.000000 1311.000000 0.000999 0.000052 0.000000 
11.320674 8.924964 -0.542760 -0.182927 -0.060976 0.121951 1307.000000 1328.000000 1327.000000 1308.000000 0.000998 0.000052 0.000000 
11.394806 8.783007 -0.563799 3.841464 -3.841464 -0.975610 1350.000000 1285.000000 1314.000000 1321.000000 0.000998 0.000052 0.000000 
12.354632 9.718600 -0.360372 3.292683 -2.378049 -0.365854 1379.000000 1254.000000 1321.000000 1312.000000 0.000999 0.000052 0.000000 
4.940245 2.548970 -1.055370 -23.475611 25.548780 -4.451220 1328.000000 1305.000000 1321.000000 1312.000000 0.000999 0.000052 0.000000 
3.031725 0.427338 -1.124253 -0.365854 -2.073171 -1.097561 1342.000000 1291.000000 1329.000000 1304.000000 0.000999 0.000052 0.000000 
3.718140 0.902079 -1.150388 2.195122 -0.609756 2.256098 1310.000000 1325.000000 1307.000000 1328.000000 0.000998 0.000052 0.000000 
2.863925 0.251125 -1.213631 -5.975610 6.951220 2.560976 1324.000000 1311.000000 1327.000000 1308.000000 0.000998 0.000052 0.000000 
1.549236 -0.631348 -1.250416 -2.073171 2.743902 1.158537 1330.000000 1305.000000 1314.000000 1321.000000 0.000998 0.000051 0.000000 
1.754363 -0.633269 -1.291227 3.963415 -2.500000 0.792683 1316.000000 1317.000000 1320.000000 1313.000000 0.000999 0.000052 0.000000 
2.453775 0.088429 -1.247525 4.024390 -6.524390 -3.170732 1340.000000 1293.000000 1325.000000 1308.000000 0.000999 0.000052 0.000000 
2.275287 -0.238431 -1.127856 -7.378049 5.731708 -0.000000 1338.000000 1297.000000 1316.000000 1319.000000 0.000999 0.000052 0.000000 
0.416479 -1.796394 -1.138503 -10.548780 12.378049 1.707317 1322.000000 1313.000000 1312.000000 1323.000000 0.000998 0.000052 0.000000 
-1.927152 -3.838976 -1.032917 -11.829268 12.317074 1.341463 1317.000000 1318.000000 1330.000000 1305.000000 0.000998 0.000052 0.000000 
-3.831004 -5.640130 -0.964085 -6.890244 7.682927 2.743902 1287.000000 1346.000000 1306.000000 1327.000000 0.000998 0.000052 0.000000 
-4.757539 -6.424600 -0.869418 -0.121951 1.280488 0.792683 1369.000000 1264.000000 1317.000000 1316.000000 0.000999 0.000052 0.000000 
-5.378803 -7.101589 -0.806695 -7.926829 8.475610 -0.487805 1282.000000 1351.000000 1319.000000 1314.000000 0.000999 0.000052 0.000000 
-7.724349 -9.095340 -0.507566 -10.243902 10.792684 0.304878 1270.000000 1363.000000 1318.000000 1315.000000 0.000999 0.000052 0.000000 
-2.782266 -4.893189 -1.036028 15.000000 -17.560976 -8.292683 1320.000000 1315.000000 1329.000000 1306.000000 0.000998 0.000052 0.000000 
-1.666136 -3.790831 -1.005948 -0.914634 -1.768293 -3.841464 1316.000000 1319.000000 1321.000000 1314.000000 0.000998 0.000051 0.000000 
-0.596953 -2.832238 -1.030213 6.585366 -6.829268 1.280488 1312.000000 1321.000000 1312.000000 1321.000000 0.000999 0.000052 0.000000 
0.402632 -1.801997 -1.170471 5.914634 -3.475610 3.658537 1324.000000 1307.000000 1320.000000 1311.000000 0.000999 0.000052 0.000000 
0.863002 -1.226218 -1.278097 1.280488 -1.036585 5.060976 1322.000000 1303.000000 1306.000000 1319.000000 0.000999 0.000052 0.000000 
0.946272 -1.158400 -1.289795 -0.304878 1.280488 -0.731707 1315.000000 1320.000000 1331.000000 1304.000000 0.000999 0.000052 0.000000 
0.606975 -1.416183 -1.234415 -4.939024 2.743902 -2.743902 1265.000000 1370.000000 1316.000000 1319.000000 0.000998 0.000052 0.000000 
2.820618 0.447304 -1.091527 8.231708 -11.341464 -2.439024 1314.000000 1321.000000 1315.000000 1320.000000 0.000998 0.000052 0.000000 
4.692226 2.147344 -1.045095 9.512196 -9.146341 0.792683 1307.000000 1326.000000 1314.000000 1319.000000 0.000998 0.000051 0.000000 
6.490041 3.788127 -1.033544 10.914635 -11.341464 3.902439 1362.000000 1273.000000 1319.000000 1316.000000 0.000999 0.000052 0.000000 
8.144720 5.511151 -0.917088 7.073171 -7.439024 1.829268 1320.000000 1315.000000 1324.000000 1311.000000 0.000999 0.000052 0.000000 
8.863264 6.051509 -0.917668 2.560976 -3.292683 0.853659 1304.000000 1331.000000 1318.000000 1317.000000 0.000998 0.000052 0.000000 
10.318309 7.410003 -0.676402 12.378049 -13.048780 -1.707317 1335.000000 1300.000000 1324.000000 1311.000000 0.000998 0.000052 0.000000 
12.778098 9.841159 -0.268753 11.280488 -12.317074 -2.804878 1328.000000 1307.000000 1317.000000 1318.000000 0.000998 0.000052 0.000000 
12.476978 9.606381 -0.225489 -0.426829 1.158537 -0.243902 1343.000000 1292.000000 1308.000000 1327.000000 0.000998 0.000051 0.000000 
12.599514 9.542529 -0.246023 -5.426829 5.365854 2.195122 1335.000000 1298.000000 1321.000000 1312.000000 0.000999 0.000052 0.000000 
11.011013 7.982437 -0.539110 -11.646341 12.743903 1.219512 1309.000000 1326.000000 1318.000000 1317.000000 0.000999 0.000052 0.000000 
9.110067 6.083324 -0.760791 -6.768293 7.560976 -1.707317 1297.000000 1338.000000 1323.000000 1312.000000 0.000999 0.000052 0.000000 
8.496510 5.506379 -0.786349 0.609756 -0.243902 -0.243902 1338.000000 1297.000000 1313.000000 1322.000000 0.000998 0.000052 0.000000 
8.338767 5.425891 -0.773996 -4.085366 4.634146 0.670732 1318.000000 1317.000000 1323.000000 1312.000000 0.000998 0.000052 0.000000 
6.238780 3.636273 -0.958631 -15.304878 16.280489 0.609756 1296.000000 1339.000000 1318.000000 1317.000000 0.000998 0.000052 0.000000 
3.355594 0.681917 -1.073119 -2.682927 2.865854 -0.792683 1350.000000 1285.000000 1324.000000 1311.000000 0.000998 0.000051 0.000000 
2.323896 -0.267894 -1.036441 -4.939024 5.121951 -1.768293 1310.000000 1323.000000 1321.000000 1312.000000 0.000999 0.000052 0.000000 
1.841808 -0.785643 -1.051888 1.036585 -1.341463 0.060976 1345.000000 1290.000000 1318.000000 1317.000000 0.000999 0.000052 0.000000 
1.431393 -0.998668 -1.056762 -8.109756 8.719512 2.256098 1311.000000 1324.000000 1321.000000 1314.000000 0.000999 0.000052 0.000000 
-1.767811 -4.163310 -0.913722 -10.304878 10.731708 -2.439024 1328.000000 1307.000000 1320.000000 1315.000000 0.000999 0.000052 0.000000 
-3.546684 -5.958614 -0.766900 -8.475610 8.292683 0.426829 1316.000000 1319.000000 1322.000000 1313.000000 0.000998 0.000052 0.000000 
-5.452028 -7.917663 -0.525254 -9.817074 10.853659 -0.548781 1305.000000 1330.000000 1323.000000 1312.000000 0.000998 0.000052 0.000000 
-7.042410 -9.412585 -0.321536 -4.268293 5.914634 0.548781 1321.000000 1314.000000 1311.000000 1324.000000 0.000998 0.000051 0.000000 
-7.935646 -10.215516 -0.185441 -4.817073 4.512195 0.243902 1319.000000 1314.000000 1326.000000 1307.000000 0.000998 0.000052 0.000000 
-9.137343 -11.333228 0.010144 -6.463415 7.682927 1.097561 1231.000000 1404.000000 1312.000000 1323.000000 0.000998 0.000052 0.000000 
-8.539645 -10.724646 -0.131685 16.890244 -19.451220 0.121951 1385.000000 1250.000000 1330.000000 1305.000000 0.000998 0.000052 0.000000 
-0.585833 -3.117727 -1.110255 0.548781 0.304878 -0.853659 1294.000000 1341.000000 1317.000000 1318.000000 0.000999 0.000052 0.000000 
-0.918705 -3.246479 -1.008161 -0.609756 -0.182927 0.914634 1325.000000 1310.000000 1320.000000 1315.000000 0.000998 0.000052 0.000000 
-0.291248 -2.595676 -1.093676 4.451220 -3.048780 0.243902 1314.000000 1321.000000 1316.000000 1319.000000 0.000998 0.000052 0.000000 
0.460600 -1.769766 -1.093128 3.780488 -4.268293 -0.000000 1330.000000 1305.000000 1324.000000 1311.000000 0.000998 0.000052 0.000000 
0.957945 -1.287379 -1.166071 1.402439 0.243902 0.792683 1314.000000 1321.000000 1306.000000 1329.000000 0.000998 0.000051 0.000000 
1.235895 -1.040672 -1.091583 2.621951 -3.658537 0.121951 1313.000000 1320.000000 1334.000000 1299.000000 0.000998 0.000052 0.000000 
3.113319 0.690202 -1.148051 18.902439 -21.646341 -0.853659 1307.000000 1328.000000 1308.000000 1327.000000 0.000998 0.000052 0.000000 
11.638013 8.633231 -0.465978 16.097561 -19.085367 -1.524390 1337.000000 1298.000000 1323.000000 1312.000000 0.000999 0.000052 0.000000 
13.423478 10.440405 -0.110430 2.560976 -0.548781 -1.097561 1343.000000 1290.000000 1331.000000 1302.000000 0.000999 0.000052 0.000000 
13.004103 10.029886 -0.181752 -10.182927 8.475610 -0.243902 1321.000000 1314.000000 1322.000000 1313.000000 0.000999 0.000052 0.000000 
11.168634 8.397607 -0.459837 -7.865854 9.573171 0.487805 1329.000000 1306.000000 1324.000000 1311.000000 0.000998 0.000052 0.000000 
10.368754 7.540960 -0.564834 -4.817073 4.634146 0.731707 1321.000000 1312.000000 1314.000000 1319.000000 0.000998 0.000052 0.000000 
9.370867 6.744348 -0.652458 -6.829268 8.048780 0.426829 1310.000000 1325.000000 1326.000000 1309.000000 0.000998 0.000052 0.000000 
7.951894 5.438611 -0.786553 -7.256098 7.621952 -0.670732 1311.000000 1324.000000 1317.000000 1318.000000 0.000998 0.000052 0.000000 
7.222176 4.603608 -0.832040 -2.926829 2.378049 -1.524390 1346.000000 1287.000000 1322.000000 1311.000000 0.000998 0.000051 0.000000 
5.735924 3.407040 -0.918357 -7.926829 9.085366 -0.121951 1323.000000 1312.000000 1324.000000 1311.000000 0.000998 0.000052 0.000000 
4.453954 2.491273 -0.955042 -5.670732 5.243903 0.609756 1306.000000 1329.000000 1320.000000 1315.000000 0.000998 0.000052 0.000000 
3.651827 1.811367 -0.970652 -3.658537 3.780488 -0.914634 1347.000000 1288.000000 1324.000000 1311.000000 0.000998 0.000051 0.000000 
1.925342 -0.072850 -0.979270 -15.853659 17.560976 1.280488 1251.000000 1384.000000 1315.000000 1320.000000 0.000998 0.000052 0.000000 
0.741427 -1.027359 -0.971500 7.987805 -9.024390 0.060976 1381.000000 1254.000000 1322.000000 1313.000000 0.000999 0.000052 0.000000 
4.270947 1.797300 -0.977783 21.585367 -21.524391 0.182927 1354.000000 1281.000000 1313.000000 1322.000000 0.000998 0.000052 0.000000 
2.550601 0.315051 -0.935094 -12.743903 13.963415 -3.841464 1321.000000 1314.000000 1314.000000 1321.000000 0.000998 0.000052 0.000000 
1.878475 -0.162423 -0.936275 3.963415 -5.487805 -1.890244 1331.000000 1304.000000 1315.000000 1320.000000 0.000998 0.000052 0.000000 
2.443918 0.437296 -0.919509 1.707317 -0.487805 0.304878 1319.000000 1316.000000 1320.000000 1315.000000 0.000998 0.000052 0.000000 
1.906450 -0.068293 -1.029561 -2.926829 3.902439 3.841464 1309.000000 1324.000000 1315.000000 1318.000000 0.000998 0.000052 0.000000 
2.099728 -0.046815 -1.064255 6.890244 -4.817073 2.195122 1332.000000 1303.000000 1321.000000 1314.000000 0.000998 0.000052 0.000000 
3.178393 0.895636 -1.113054 4.451220 -5.914634 -1.280488 1323.000000 1312.000000 1319.000000 1316.000000 0.000998 0.000052 0.000000 
3.046271 0.700904 -1.025275 -7.439024 8.475610 -3.475610 1293.000000 1342.000000 1328.000000 1307.000000 0.000998 0.000051 0.000000 
0.646516 -1.669155 -0.908969 2.621951 -1.646341 -1.097561 1343.000000 1292.000000 1319.000000 1316.000000 0.000998 0.000052 0.000000 
0.525241 -1.661112 -0.978912 -1.585366 0.914634 1.951220 1263.000000 1372.000000 1319.000000 1316.000000 0.000998 0.000052 0.000000 
1.175263 -1.150639 -1.004159 9.207317 -8.170732 1.219512 1364.000000 1271.000000 1316.000000 1319.000000 0.000998 0.000052 0.000000 
1.922511 -0.495549 -1.087339 -2.378049 2.743902 -0.182927 1310.000000 1325.000000 1327.000000 1308.000000 0.000998 0.000052 0.000000 
1.121772 -1.260144 -1.026607 -0.853659 0.609756 -0.304878 1325.000000 1310.000000 1318.000000 1317.000000 0.000998 0.000052 0.000000 
1.915136 -0.720425 -1.070786 8.170732 -9.634147 -1.341463 1345.000000 1290.000000 1329.000000 1306.000000 0.000998 0.000052 0.000000 
3.055774 0.171886 -1.029422 -0.243902 -0.182927 -1.646341 1286.000000 1347.000000 1315.000000 1318.000000 0.000998 0.000051 0.000000 
0.286947 -2.370970 -0.909273 1.646341 -3.475610 0.487805 1322.000000 1313.000000 1308.000000 1327.000000 0.000998 0.000052 0.000000 
1.091130 -1.605349 -1.000666 7.012195 -5.914634 -0.487805 1342.000000 1293.000000 1321.000000 1314.000000 0.000999 0.000052 0.000000 
1.176904 -1.358724 -0.999389 -4.512195 3.658537 2.439024 1281.000000 1354.000000 1323.000000 1312.000000 0.000998 0.000052 0.000000 
1.166879 -1.309238 -1.087102 6.524390 -5.487805 1.951220 1335.000000 1300.000000 1310.000000 1325.000000 0.000998 0.000052 0.000000 
2.172594 -0.331275 -1.096195 2.621951 -3.597561 -1.158537 1327.000000 1308.000000 1326.000000 1309.000000 0.000998 0.000052 0.000000 
1.440665 -1.072286 -1.053102 -8.231708 8.475610 -3.292683 1302.000000 1333.000000 1317.000000 1318.000000 0.000998 0.000052 0.000000 
0.316401 -2.046399 -0.941923 0.853659 -2.439024 -0.975610 1354.000000 1279.000000 1328.000000 1305.000000 0.000998 0.000051 0.000000 
2.399168 -0.151483 -0.935703 -6.890244 7.804878 0.609756 1290.000000 1345.000000 1323.000000 1312.000000 0.000998 0.000052 0.000000 
1.371016 -0.997787 -0.912811 -3.048780 3.048780 -0.670732 1347.000000 1288.000000 1317.000000 1318.000000 0.000998 0.000052 0.000000 
-0.159029 -2.277982 -0.932816 -10.731708 13.292684 0.914634 1312.000000 1323.000000 1321.000000 1314.000000 0.000998 0.000052 0.000000 
-2.205014 -4.170614 -0.807307 -8.719512 8.231708 1.402439 1330.000000 1303.000000 1318.000000 1315.000000 0.000998 0.000052 0.000000 
-3.500265 -5.512485 -0.723834 -6.463415 7.743903 0.426829 1315.000000 1320.000000 1324.000000 1311.000000 0.000998 0.000052 0.000000 
-4.766954 -6.666903 -0.540627 -8.231708 7.682927 -1.158537 1287.000000 1348.000000 1329.000000 1306.000000 0.000998 0.000052 0.000000 
-5.910499 -7.941529 -0.416281 -3.597561 4.817073 0.548781 1323.000000 1312.000000 1311.000000 1324.000000 0.000998 0.000052 0.000000 
-6.529661 -8.439008 -0.291752 -5.121951 5.548780 0.304878 1289.000000 1346.000000 1317.000000 1318.000000 0.000998 0.000052 0.000000 
-6.536899 -8.370721 -0.255698 5.182927 -5.670732 0.975610 1308.000000 1327.000000 1320.000000 1315.000000 0.000998 0.000052 0.000000 
-5.293089 -7.098092 -0.509953 9.146341 -10.243902 0.060976 1340.000000 1295.000000 1317.000000 1318.000000 0.000998 0.000052 0.000000 
-3.676313 -5.573914 -0.663985 6.097561 -5.243903 1.463415 1303.000000 1332.000000 1320.000000 1315.000000 0.000998 0.000051 0.000000 
-3.193258 -5.217284 -0.757777 0.121951 -1.219512 0.182927 1306.000000 1329.000000 1323.000000 1312.000000 0.000998 0.000052 0.000000 
-2.649754 -4.653850 -0.752664 8.841464 -8.231708 -1.280488 1324.000000 1311.000000 1313.000000 1322.000000 0.000998 0.000052 0.000000 
-0.406504 -2.718610 -0.906990 13.109756 -15.426829 -0.182927 1380.000000 1255.000000 1324.000000 1311.000000 0.000998 0.000052 0.000000 
0.301199 -1.644300 -0.838098 -6.158537 6.951220 -1.036585 1314.000000 1319.000000 1317.000000 1316.000000 0.000998 0.000051 0.000000 
0.154599 -1.832997 -0.762842 2.378049 -4.024390 -0.853659 1336.000000 1299.000000 1323.000000 1312.000000 0.000998 0.000052 0.000000 
0.455532 -1.642200 -0.851321 2.012195 -1.280488 1.341463 1326.000000 1309.000000 1320.000000 1315.000000 0.000998 0.000052 0.000000 
0.531455 -1.590257 -0.840926 -1.280488 0.792683 3.170732 1305.000000 1330.000000 1323.000000 1312.000000 0.000998 0.000052 0.000000 
0.548573 -1.621456 -0.899322 1.768293 -1.829268 -0.304878 1306.000000 1327.000000 1320.000000 1313.000000 0.000998 0.000052 0.000000 
0.966041 -1.132998 -0.865322 3.658537 -3.231707 0.670732 1334.000000 1301.000000 1312.000000 1323.000000 0.000998 0.000052 0.000000 
1.505435 -0.557330 -0.887084 3.414634 -4.512195 -2.256098 1316.000000 1319.000000 1326.000000 1309.000000 0.000998 0.000052 0.000000 
1.356260 -0.883537 -0.791321 5.792683 -6.402439 -0.304878 1310.000000 1325.000000 1323.000000 1312.000000 0.000998 0.000052 0.000000 
3.017939 0.682659 -0.814837 11.463415 -11.158537 1.951220 1322.000000 1311.000000 1308.000000 1325.000000 0.000998 0.000052 0.000000 
5.173781 2.649305 -0.753104 11.036586 -12.012196 0.487805 1329.000000 1306.000000 1328.000000 1307.000000 0.000998 0.000052 0.000000 
6.189211 3.806253 -0.707082 1.829268 -1.890244 1.341463 1261.000000 1374.000000 1316.000000 1319.000000 0.000998 0.000052 0.000000 
7.544118 4.890334 -0.596318 13.231708 -14.573171 -1.219512 1340.000000 1295.000000 1327.000000 1308.000000 0.000998 0.000052 0.000000 
10.490297 7.639035 -0.301473 16.158537 -16.768293 -0.121951 1338.000000 1295.000000 1312.000000 1321.000000 0.000998 0.000052 0.000000 
11.953185 9.138056 -0.033389 -2.500000 3.658537 -1.036585 1292.000000 1343.000000 1312.000000 1323.000000 0.000998 0.000052 0.000000 
9.215918 6.608047 -0.306557 5.548780 -5.487805 0.426829 1332.000000 1303.000000 1313.000000 1322.000000 0.000998 0.000052 0.000000 
10.412377 7.801947 -0.168683 6.219512 -6.219512 0.548781 1343.000000 1292.000000 1321.000000 1314.000000 0.000998 0.000052 0.000000 
9.832694 7.400465 -0.222261 -10.792684 11.097561 -0.182927 1310.000000 1323.000000 1324.000000 1309.000000 0.000998 0.000051 0.000000 
7.492848 5.338781 -0.480024 -8.963415 9.207317 0.731707 1309.000000 1326.000000 1319.000000 1316.000000 0.000998 0.000052 0.000000 
7.120860 5.004292 -0.464333 1.890244 -2.012195 -1.585366 1327.000000 1308.000000 1323.000000 1312.000000 0.000998 0.000052 0.000000 
6.814836 4.561324 -0.511297 -6.890244 8.048780 -1.280488 1303.000000 1332.000000 1313.000000 1322.000000 0.000998 0.000052 0.000000 
4.624006 2.540949 -0.607138 -11.890244 13.048780 0.243902 1302.000000 1333.000000 1315.000000 1320.000000 0.000998 0.000051 0.000000 
3.167769 0.986504 -0.661447 -2.987805 4.573171 -1.158537 1303.000000 1332.000000 1312.000000 1323.000000 0.000998 0.000052 0.000000 
2.249231 0.099121 -0.669180 -1.829268 0.121951 0.731707 1351.000000 1284.000000 1324.000000 1311.000000 0.000998 0.000052 0.000000 
1.716398 -0.672634 -0.682721 -6.402439 7.317073 0.121951 1279.000000 1356.000000 1321.000000 1314.000000 0.000998 0.000052 0.000000 
1.449870 -0.849088 -0.666528 5.914634 -7.012195 1.768293 1340.000000 1295.000000 1319.000000 1316.000000 0.000998 0.000052 0.000000 
2.333902 0.395444 -0.597729 -4.085366 3.658537 1.158537 1296.000000 1339.000000 1316.000000 1319.000000 0.000998 0.000052 0.000000 
2.147379 0.234368 -0.582563 2.317073 -1.036585 0.060976 1324.000000 1311.000000 1323.000000 1312.000000 0.000998 0.000052 0.000000 
2.218621 0.096070 -0.634855 -0.548781 0.731707 0.304878 1319.000000 1316.000000 1312.000000 1323.000000 0.000999 0.000052 0.000000 
1.793566 -0.238108 -0.594273 -0.121951 0.243902 -0.426829 1370.000000 1265.000000 1325.000000 1310.000000 0.000998 0.000052 0.000000 
1.488092 -0.857414 -0.606171 -6.158537 6.829268 -0.182927 1295.000000 1338.000000 1310.000000 1323.000000 0.000998 0.000051 0.000000 
0.306281 -1.970903 -0.573356 -7.439024 7.073171 1.402439 1317.000000 1318.000000 1321.000000 1314.000000 0.000998 0.000052 0.000000 
-1.307621 -3.423392 -0.506714 -11.768293 12.987805 -0.792683 1301.000000 1334.000000 1320.000000 1315.000000 0.000998 0.000052 0.000000 
-5.972333 -7.658529 -0.113359 -6.524390 6.890244 -1.158537 1348.000000 1287.000000 1318.000000 1317.000000 0.000998 0.000052 0.000000 
-7.141211 -8.824515 0.054899 -7.560976 9.146341 0.853659 1267.000000 1368.000000 1314.000000 1321.000000 0.000998 0.000051 0.000000 
-7.971680 -9.294856 0.145906 5.243903 -6.646342 -1.097561 1352.000000 1281.000000 1321.000000 1312.000000 0.000998 0.000052 0.000000 
-6.792866 -8.114843 -0.070961 6.768293 -7.439024 1.585366 1310.000000 1325.000000 1326.000000 1309.000000 0.000998 0.000052 0.000000 
-5.719266 -7.082957 -0.216464 4.695122 -5.365854 -0.731707 1303.000000 1332.000000 1316.000000 1319.000000 0.000998 0.000052 0.000000 
-4.821187 -6.364651 -0.337577 8.658537 -8.780488 1.341463 1351.000000 1284.000000 1319.000000 1316.000000 0.000998 0.000052 0.000000 
-3.078182 -4.995889 -0.479104 7.256098 -8.414635 -0.670732 1316.000000 1317.000000 1323.000000 1310.000000 0.000998 0.000051 0.000000 
-2.490383 -4.769566 -0.488894 2.500000 -3.658537 -0.426829 1320.000000 1315.000000 1313.000000 1322.000000 0.000998 0.000052 0.000000 
-1.953866 -4.391898 -0.544062 3.597561 -2.987805 -1.036585 1324.000000 1311.000000 1324.000000 1311.000000 0.000998 0.000052 0.000000 
-1.269484 -3.779683 -0.560274 1.341463 -2.743902 0.487805 1268.000000 1367.000000 1319.000000 1316.000000 0.000998 0.000052 0.000000 
-0.236248 -2.751707 -0.671420 11.341464 -9.756098 -0.304878 1370.000000 1265.000000 1317.000000 1318.000000 0.000998 0.000052 0.000000 
0.997848 -1.585250 -0.697643 -1.097561 0.609756 -0.243902 1308.000000 1325.000000 1325.000000 1308.000000 0.000998 0.000051 0.000000 
-0.564808 -3.035554 -0.650353 -9.085366 11.646341 -0.365854 1303.000000 1332.000000 1311.000000 1324.000000 0.000998 0.000052 0.000000 
-1.110431 -3.408890 -0.557955 7.317073 -9.878049 -1.280488 1322.000000 1313.000000 1328.000000 1307.000000 0.000998 0.000052 0.000000 
4.572668 2.135856 -0.643953 10.182927 -10.426829 -3.475610 1321.000000 1314.000000 1325.000000 1310.000000 0.000998 0.000052 0.000000 
5.999801 3.409927 -0.514875 4.146341 -5.304878 -0.609756 1286.000000 1349.000000 1317.000000 1318.000000 0.000998 0.000052 0.000000 
7.891664 5.348297 -0.362572 15.426829 -15.853659 0.304878 1342.000000 1291.000000 1320.000000 1313.000000 0.000998 0.000051 0.000000 
10.630813 7.905677 -0.064184 8.109756 -9.451220 0.365854 1320.000000 1315.000000 1318.000000 1317.000000 0.000998 0.000052 0.000000 
10.986871 8.220226 -0.055804 -2.317073 3.902439 1.036585 1304.000000 1331.000000 1315.000000 1320.000000 0.000998 0.000052 0.000000 
11.379639 8.346689 -0.007264 9.756098 -11.829268 -0.487805 1428.000000 1207.000000 1328.000000 1307.000000 0.000998 0.000052 0.000000 
13.571672 10.446096 0.345161 4.939024 -5.060976 -0.426829 1313.000000 1322.000000 1324.000000 1311.000000 0.000998 0.000052 0.000000 
3.251544 0.764964 -0.529650 -25.914635 28.231709 -3.902439 1326.000000 1307.000000 1328.000000 1305.000000 0.000998 0.000051 0.000000 
1.550685 -0.786650 -0.562163 3.231707 -6.768293 -1.463415 1330.000000 1305.000000 1329.000000 1306.000000 0.000998 0.000052 0.000000 
2.520282 0.244311 -0.557463 3.414634 -2.073171 1.341463 1315.000000 1320.000000 1313.000000 1322.000000 0.000998 0.000052 0.000000 
1.865362 -0.444375 -0.642097 -1.829268 3.414634 3.414634 1349.000000 1286.000000 1321.000000 1314.000000 0.000999 0.000052 0.000000 
1.274240 -0.892041 -0.706253 -1.280488 2.682927 3.658537 1300.000000 1335.000000 1318.000000 1317.000000 0.000998 0.000052 0.000000 
0.929821 -1.053259 -0.744677 0.121951 -0.365854 0.792683 1314.000000 1321.000000 1322.000000 1313.000000 0.000998 0.000051 0.000000 
1.384969 -0.560572 -0.682344 4.634146 -5.914634 -3.292683 1330.000000 1305.000000 1316.000000 1319.000000 0.000998 0.000052 0.000000 
1.458975 -0.571491 -0.550059 -0.609756 -0.060976 -1.951220 1327.000000 1308.000000 1324.000000 1311.000000 0.000998 0.000052 0.000000 
1.283285 -0.871287 -0.616022 -1.219512 2.012195 2.134146 1276.000000 1359.000000 1306.000000 1329.000000 0.000998 0.000052 0.000000 
1.570885 -0.374588 -0.627742 7.256098 -7.012195 1.829268 1377.000000 1258.000000 1325.000000 1310.000000 0.000998 0.000052 0.000000 
1.483616 -0.453628 -0.704787 -5.975610 7.195122 0.609756 1306.000000 1329.000000 1316.000000 1319.000000 0.000998 0.000052 0.000000 
0.443493 -1.376620 -0.644491 -1.524390 2.439024 0.609756 1302.000000 1331.000000 1315.000000 1318.000000 0.000998 0.000051 0.000000 
1.610757 -0.609094 -0.683055 10.487805 -13.231708 -2.378049 1338.000000 1297.000000 1324.000000 1311.000000 0.000998 0.000052 0.000000 
3.088518 0.860990 -0.614345 -0.304878 0.060976 -0.853659 1312.000000 1323.000000 1315.000000 1320.000000 0.000998 0.000052 0.000000 
-1.519846 -3.440271 -0.485255 -2.256098 1.402439 -0.914634 1334.000000 1301.000000 1316.000000 1319.000000 0.000999 0.000052 0.000000 
-1.002046 -2.834620 -0.574329 7.439024 -7.256098 -0.487805 1338.000000 1297.000000 1321.000000 1314.000000 0.000998 0.000052 0.000000 
-0.295210 -2.114555 -0.565275 -1.585366 0.670732 1.829268 1306.000000 1329.000000 1317.000000 1318.000000 0.000998 0.000052 0.000000 
-1.385510 -3.145045 -0.596173 -6.890244 10.365854 1.219512 1308.000000 1325.000000 1310.000000 1323.000000 0.000998 0.000052 0.000000 
-3.409776 -4.936714 -0.406697 -10.548780 9.268292 -0.000000 1323.000000 1312.000000 1333.000000 1302.000000 0.000998 0.000052 0.000000 
-5.237354 -6.686975 -0.282500 -6.280488 8.780488 0.304878 1324.000000 1311.000000 1304.000000 1331.000000 0.000998 0.000052 0.000000 
-6.341159 -7.423899 -0.137403 -2.987805 1.829268 0.548781 1330.000000 1305.000000 1334.000000 1301.000000 0.000998 0.000052 0.000000 
-7.746798 -8.948033 0.063134 -6.707317 9.146341 0.548781 1306.000000 1329.000000 1318.000000 1317.000000 0.000998 0.000052 0.000000 
-8.719401 -9.868679 0.168072 -1.097561 -0.060976 -0.426829 1343.000000 1292.000000 1317.000000 1318.000000 0.000998 0.000051 0.000000 
-8.724183 -9.997952 0.223738 5.121951 -3.719512 0.487805 1323.000000 1310.000000 1321.000000 1312.000000 0.000998 0.000052 0.000000 
-7.195719 -8.756144 -0.078284 9.939025 -12.317074 0.731707 1314.000000 1321.000000 1319.000000 1316.000000 0.000998 0.000052 0.000000 
-5.837914 -7.339273 -0.246783 5.000000 -5.000000 -1.585366 1343.000000 1292.000000 1324.000000 1311.000000 0.000998 0.000052 0.000000 
-5.646659 -7.189504 -0.284476 -0.121951 -0.548781 0.609756 1303.000000 1332.000000 1320.000000 1315.000000 0.000998 0.000052 0.000000 
-5.067620 -6.832836 -0.298339 6.768293 -5.975610 -0.792683 1322.000000 1313.000000 1323.000000 1312.000000 0.000998 0.000052 0.000000 
-2.020925 -3.621148 -0.618207 7.500000 -7.987805 0.975610 1317.000000 1318.000000 1322.000000 1313.000000 0.000998 0.000052 0.000000 
-1.208694 -2.835355 -0.659977 1.463415 -3.963415 -0.182927 1311.000000 1322.000000 1325.000000 1308.000000 0.000998 0.000052 0.000000 
-0.687753 -2.415083 -0.677203 5.121951 -3.658537 0.243902 1325.000000 1310.000000 1312.000000 1323.000000 0.000998 0.000052 0.000000 
-0.155155 -1.848576 -0.704736 3.902439 -5.853659 0.731707 1344.000000 1291.000000 1327.000000 1308.000000 0.000998 0.000052 0.000000 
0.494209 -1.291742 -0.695946 0.182927 0.731707 0.243902 1308.000000 1327.000000 1311.000000 1324.000000 0.000998 0.000052 0.000000 
-0.375755 -2.012247 -0.665102 -5.548780 5.243903 -0.731707 1303.000000 1332.000000 1331.000000 1304.000000 0.000998 0.000052 0.000000 
-0.734548 -2.299952 -0.653006 4.878049 -5.060976 0.731707 1307.000000 1328.000000 1313.000000 1322.000000 0.000998 0.000052 0.000000 
3.627612 1.964113 -0.629658 9.878049 -11.585366 -1.585366 1294.000000 1339.000000 1317.000000 1316.000000 0.000998 0.000051 0.000000 
5.848123 3.922526 -0.478150 11.341464 -12.317074 -0.609756 1351.000000 1284.000000 1317.000000 1318.000000 0.000998 0.000052 0.000000 
7.399063 5.365496 -0.362182 5.000000 -5.000000 -0.060976 1317.000000 1318.000000 1323.000000 1312.000000 0.000998 0.000052 0.000000 
8.737522 6.540786 -0.245758 7.256098 -7.500000 1.219512 1298.000000 1337.000000 1318.000000 1317.000000 0.000998 0.000052 0.000000 
10.221478 7.969265 -0.100530 8.109756 -7.865854 1.402439 1319.000000 1316.000000 1322.000000 1313.000000 0.000999 0.000052 0.000000 
11.900811 9.579984 0.200824 6.646342 -7.865854 -1.585366 1326.000000 1309.000000 1318.000000 1317.000000 0.000998 0.000052 0.000000 
12.565830 10.377983 0.329085 1.951220 -0.914634 -0.182927 1318.000000 1317.000000 1314.000000 1321.000000 0.000998 0.000052 0.000000 
12.422641 10.208485 0.342646 -1.280488 1.524390 -0.426829 1334.000000 1299.000000 1325.000000 1308.000000 0.000998 0.000051 0.000000 
11.514478 9.108472 0.157458 -10.609756 10.487805 0.243902 1295.000000 1340.000000 1319.000000 1316.000000 0.000998 0.000052 0.000000 
10.176701 7.613148 -0.095822 -3.841464 5.000000 1.036585 1323.000000 1312.000000 1316.000000 1319.000000 0.000998 0.000052 0.000000 
9.192387 6.908234 -0.158688 -4.878049 4.878049 -1.097561 1342.000000 1293.000000 1323.000000 1312.000000 0.000998 0.000052 0.000000 
7.732305 5.433100 -0.331808 -10.304878 11.463415 -1.219512 1314.000000 1321.000000 1321.000000 1314.000000 0.000998 0.000052 0.000000 
6.335131 4.136635 -0.412230 -3.719512 3.658537 1.280488 1300.000000 1335.000000 1310.000000 1325.000000 0.000998 0.000052 0.000000 
6.746787 4.486169 -0.399157 4.695122 -4.634146 -0.609756 1343.000000 1292.000000 1319.000000 1316.000000 0.000998 0.000052 0.000000 
5.389900 3.168357 -0.432569 -8.353659 8.719512 -1.158537 1321.000000 1314.000000 1322.000000 1313.000000 0.000998 0.000051 0.000000 
4.167097 2.179772 -0.474018 -2.987805 3.292683 1.646341 1319.000000 1314.000000 1311.000000 1322.000000 0.000998 0.000052 0.000000 
3.768469 1.773401 -0.530991 -4.268293 4.817073 0.548781 1309.000000 1326.000000 1326.000000 1309.000000 0.000998 0.000052 0.000000 
2.800425 0.836031 -0.565496 -4.451220 5.548780 0.731707 1282.000000 1353.000000 1313.000000 1322.000000 0.000998 0.000052 0.000000 
2.641684 0.638357 -0.566515 4.268293 -5.731708 -0.914634 1383.000000 1252.000000 1327.000000 1308.000000 0.000998 0.000052 0.000000 
3.112476 0.824324 -0.558054 -4.329268 5.365854 -1.646341 1252.000000 1383.000000 1315.000000 1320.000000 0.000998 0.000052 0.000000 
0.877374 -0.977819 -0.512251 -13.170732 14.756098 -1.463415 1299.000000 1336.000000 1318.000000 1317.000000 0.000998 0.000052 0.000000 
0.950462 -0.612897 -0.426421 -3.902439 5.548780 -4.512195 1285.000000 1350.000000 1318.000000 1317.000000 0.000998 0.000052 0.000000 
-0.309296 -1.666973 -0.328148 -3.963415 0.304878 0.609756 1314.000000 1321.000000 1326.000000 1309.000000 0.000998 0.000051 0.000000 
0.031337 -1.111718 -0.421531 7.195122 -5.000000 1.524390 1354.000000 1279.000000 1315.000000 1318.000000 0.000998 0.000052 0.000000 
0.547377 -0.700654 -0.454794 -2.073171 0.548781 2.012195 1314.000000 1321.000000 1332.000000 1303.000000 0.000998 0.000052 0.000000 
-0.283281 -1.726410 -0.511685 -5.182927 7.560976 1.219512 1279.000000 1356.000000 1307.000000 1328.000000 0.000998 0.000052 0.000000 
-0.081343 -1.287044 -0.449047 9.939025 -12.195122 -1.951220 1390.000000 1245.000000 1335.000000 1300.000000 0.000998 0.000052 0.000000 
2.099433 0.334334 -0.501450 6.219512 -7.134147 -0.426829 1292.000000 1343.000000 1314.000000 1321.000000 0.000999 0.000052 0.000000 
-0.119707 -1.626441 -0.287341 1.158537 -2.560976 -2.256098 1357.000000 1278.000000 1307.000000 1328.000000 0.000998 0.000051 0.000000 
-0.317432 -1.758940 -0.281793 -5.426829 7.012195 0.609756 1309.000000 1326.000000 1315.000000 1320.000000 0.000998 0.000051 0.000000 
-1.671342 -2.946618 -0.263352 -7.195122 5.914634 1.707317 1323.000000 1312.000000 1319.000000 1316.000000 0.000998 0.000052 0.000000 
-3.183296 -4.370754 -0.232331 -6.524390 9.024390 2.804878 1320.000000 1315.000000 1310.000000 1325.000000 0.000998 0.000052 0.000000 
-4.675092 -5.852040 -0.113599 -7.865854 7.865854 2.073171 1322.000000 1313.000000 1328.000000 1307.000000 0.000998 0.000052 0.000000 
-6.112252 -7.096079 0.016964 -8.475610 9.817074 -0.853659 1280.000000 1355.000000 1312.000000 1323.000000 0.000998 0.000052 0.000000 
-7.772871 -9.084146 0.328297 -8.353659 9.451220 0.365854 1317.000000 1318.000000 1313.000000 1322.000000 0.000998 0.000052 0.000000 
-8.531835 -10.141450 0.550794 -6.097561 6.646342 -1.951220 1306.000000 1329.000000 1318.000000 1317.000000 0.000998 0.000052 0.000000 
-10.154217 -11.950608 0.904740 -7.865854 7.012195 0.060976 1320.000000 1313.000000 1327.000000 1306.000000 0.000998 0.000052 0.000000 
-11.001720 -12.804458 1.097764 -3.719512 5.426829 -0.487805 1286.000000 1349.000000 1308.000000 1327.000000 0.000998 0.000052 0.000000 
-11.475088 -13.079525 1.132982 2.682927 -4.024390 1.707317 1352.000000 1283.000000 1331.000000 1304.000000 0.000998 0.000052 0.000000 
-11.234660 -12.892062 1.070873 -4.268293 5.914634 0.121951 1267.000000 1366.000000 1314.000000 1319.000000 0.000998 0.000051 0.000000 
-13.022768 -14.615855 1.498816 -10.365854 11.158537 1.463415 1312.000000 1323.000000 1314.000000 1321.000000 0.000998 0.000052 0.000000 
-13.874212 -15.428309 1.697181 2.987805 -2.560976 0.121951 1293.000000 1342.000000 1316.000000 1319.000000 0.000998 0.000052 0.000000 
-10.818592 -12.391397 0.915470 0.609756 0.182927 -0.975610 1268.000000 1367.000000 1316.000000 1319.000000 0.000998 0.000052 0.000000 
-11.134493 -12.631054 0.998351 -1.524390 0.426829 -0.670732 1368.000000 1267.000000 1323.000000 1312.000000 0.000998 0.000052 0.000000 
-12.259669 -13.797679 1.306393 -10.487805 11.890244 0.304878 1271.000000 1364.000000 1317.000000 1318.000000 0.000998 0.000052 0.000000 
-13.269636 -14.821277 1.561730 3.841464 -4.878049 -0.365854 1370.000000 1265.000000 1325.000000 1310.000000 0.000998 0.000052 0.000000 
-12.166510 -13.677189 1.234176 2.073171 -1.402439 1.768293 1293.000000 1340.000000 1316.000000 1317.000000 0.000998 0.000052 0.000000 
-13.154670 -14.675377 1.520643 -13.048780 13.536586 -0.000000 1272.000000 1363.000000 1324.000000 1311.000000 0.000998 0.000052 0.000000 
-15.139918 -16.629194 2.056371 -3.780488 4.512195 0.243902 1299.000000 1336.000000 1315.000000 1320.000000 0.000998 0.000052 0.000000 
-8.661791 -10.063259 0.469756 16.890244 -17.621952 -7.560976 1304.000000 1331.000000 1318.000000 1317.000000 0.000998 0.000051 0.000000 
-7.322049 -8.772202 0.376271 -0.182927 -2.743902 -4.207317 1304.000000 1331.000000 1325.000000 1310.000000 0.000998 0.000052 0.000000 
-6.071610 -7.580111 0.227413 9.390244 -11.768293 -0.304878 1339.000000 1296.000000 1323.000000 1312.000000 0.000998 0.000052 0.000000 
-3.436471 -4.976635 -0.112458 10.426829 -8.048780 2.500000 1278.000000 1357.000000 1316.000000 1319.000000 0.000998 0.000052 0.000000 
-2.459031 -4.268648 -0.262980 -0.304878 0.365854 4.634146 1302.000000 1331.000000 1310.000000 1323.000000 0.000998 0.000052 0.000000 
-1.986739 -3.872985 -0.319577 8.048780 -6.829268 0.731707 1368.000000 1267.000000 1325.000000 1310.000000 0.000998 0.000052 0.000000 
-0.765200 -2.578030 -0.436859 4.878049 -6.646342 0.548781 1314.000000 1321.000000 1317.000000 1318.000000 0.000998 0.000052 0.000000 
-0.827798 -2.485792 -0.346193 3.292683 -4.756098 -4.085366 1314.000000 1321.000000 1322.000000 1313.000000 0.000998 0.000051 0.000000 
0.795797 -1.086904 -0.351356 7.500000 -8.475610 0.121951 1348.000000 1287.000000 1313.000000 1322.000000 0.000998 0.000052 0.000000 
1.088518 -0.758402 -0.381423 -3.658537 5.548780 2.134146 1305.000000 1330.000000 1309.000000 1326.000000 0.000998 0.000052 0.000000 
0.710219 -1.423586 -0.414673 2.073171 -2.743902 2.743902 1331.000000 1304.000000 1319.000000 1316.000000 0.000998 0.000052 0.000000 
1.724387 -0.278964 -0.516501 6.036585 -4.878049 3.048780 1313.000000 1322.000000 1316.000000 1319.000000 0.000998 0.000051 0.000000 
2.244903 0.189671 -0.488709 -3.231707 1.341463 -0.975610 1305.000000 1330.000000 1327.000000 1308.000000 0.000998 0.000052 0.000000 
1.260233 -0.685811 -0.435426 -5.914634 7.134147 -3.414634 1299.000000 1336.000000 1315.000000 1320.000000 0.000998 0.000052 0.000000 
1.582546 -0.454651 -0.297691 0.731707 -0.853659 -2.621951 1306.000000 1329.000000 1319.000000 1316.000000 0.000998 0.000052 0.000000 
1.549862 -0.383985 -0.271994 -1.097561 1.036585 0.914634 1288.000000 1345.000000 1318.000000 1315.000000 0.000998 0.000052 0.000000 
1.871265 -0.556664 -0.356321 2.439024 -1.829268 3.353659 1329.000000 1306.000000 1313.000000 1322.000000 0.000998 0.000052 0.000000 
1.874940 -0.327958 -0.394234 -1.158537 1.768293 -0.060976 1321.000000 1314.000000 1326.000000 1309.000000 0.000998 0.000052 0.000000 
-80.118172 134.199509 71.031670 -46.890244 874.207336 405.853668 1100.000000 1800.000000 1100.000000 1800.000000 0.000999 0.000052 0.000000 
20.027233 17.052698 2.581412 -18.841463 38.231709 -1.707317 1419.000000 1216.000000 1278.000000 1357.000000 0.000998 0.000052 0.000000 
9.463059 7.580581 0.886472 -16.707317 35.975609 11.280488 1343.000000 1292.000000 1255.000000 1380.000000 0.000998 0.000052 0.000000 
10.466976 8.343009 0.902579 16.036585 -23.780489 6.524390 1100.000000 1100.000000 1100.000000 1100.000000 0.000998 0.000051 0.000000 
16.975885 14.569683 2.101374 46.646343 -45.243904 -3.292683 1151.000000 1100.000000 1100.000000 1100.000000 0.000998 0.000051 0.000000 
18.248419 16.018549 2.693859 -6.768293 1.829268 -2.256098 1100.000000 1100.000000 1100.000000 1100.000000 0.000998 0.000052 0.000000 
Hello Junta. Starting Potato Controller now
20.006535 17.170546 0.214295 -0.182927 0.182927 -0.000000 1100.000000 1100.000000 1100.000000 1100.000000 0.000999 0.000052 0.000000 
19.968933 17.212008 0.230714 -0.121951 0.060976 0.060976 1100.000000 1100.000000 1100.000000 1100.000000 0.000998 0.000052 0.000000 
19.937157 17.245562 0.249310 -0.121951 0.060976 0.121951 1100.000000 1100.000000 1100.000000 1100.000000 0.000998 0.000051 0.000000 
19.911625 17.279785 0.262728 -0.060976 -0.000000 0.121951 1100.000000 1100.000000 1100.000000 1100.000000 0.000999 0.000052 0.000000 
19.879524 17.311806 0.274545 -0.060976 0.060976 0.182927 1100.000000 1100.000000 1100.000000 1100.000000 0.000998 0.000052 0.000000 
19.871149 17.342348 0.285912 -0.121951 0.060976 0.060976 1100.000000 1100.000000 1100.000000 1100.000000 0.000998 0.000051 0.000000 
19.846184 17.366819 0.296464 -0.121951 0.121951 -0.000000 1100.000000 1100.000000 1100.000000 1100.000000 0.000999 0.000052 0.000000 
19.838465 17.390406 0.307261 -0.182927 0.060976 -0.060976 1100.000000 1100.000000 1100.000000 1100.000000 0.000999 0.000052 0.000000 
19.824673 17.399714 0.314627 -0.182927 0.182927 0.060976 1100.000000 1100.000000 1100.000000 1100.000000 0.000998 0.000052 0.000000 
19.818094 17.409466 0.323632 -0.060976 0.121951 -0.000000 1100.000000 1100.000000 1100.000000 1100.000000 0.000999 0.000052 0.000000 
19.800131 17.422050 0.325755 -0.060976 -0.000000 0.121951 1100.000000 1100.000000 1100.000000 1100.000000 0.000999 0.000052 0.000000 
19.783497 17.433350 0.332952 0.000000 -0.060976 -0.060976 1100.000000 1100.000000 1100.000000 1100.000000 0.000998 0.000052 0.000000 
19.762140 17.440580 0.335722 -0.060976 -0.000000 0.060976 1100.000000 1100.000000 1100.000000 1100.000000 0.000998 0.000052 0.000000 
19.768309 17.456438 0.341299 -0.121951 0.060976 -0.000000 1100.000000 1100.000000 1100.000000 1100.000000 0.000999 0.000052 0.000000 
19.756609 17.469885 0.346575 -0.304878 0.060976 -0.000000 1100.000000 1100.000000 1100.000000 1100.000000 0.000998 0.000052 0.000000 
19.747465 17.467846 0.349371 -0.182927 0.060976 0.182927 1100.000000 1100.000000 1100.000000 1100.000000 0.000998 0.000051 0.000000 
19.741735 17.467537 0.355579 -0.060976 -0.000000 0.060976 1100.000000 1100.000000 1100.000000 1100.000000 0.000999 0.000052 0.000000 
19.737383 17.473782 0.358004 0.000000 -0.000000 0.060976 1100.000000 1100.000000 1100.000000 1100.000000 0.000999 0.000052 0.000000 
19.740049 17.489212 0.367083 -0.060976 0.182927 0.060976 1100.000000 1100.000000 1100.000000 1100.000000 0.000998 0.000052 0.000000 
19.739273 17.501028 0.377064 -0.060976 -0.000000 -0.000000 1100.000000 1100.000000 1100.000000 1100.000000 0.000999 0.000052 0.000000 
19.735697 17.497700 0.383180 -0.121951 0.060976 -0.060976 1100.000000 1100.000000 1100.000000 1100.000000 0.000999 0.000052 0.000000 
19.726210 17.500484 0.386483 -0.121951 0.121951 -0.000000 1100.000000 1100.000000 1100.000000 1100.000000 0.000998 0.000052 0.000000 
19.716648 17.493690 0.385529 -0.121951 -0.000000 -0.121951 1100.000000 1100.000000 1100.000000 1100.000000 0.000998 0.000052 0.000000 
19.706350 17.479078 0.384041 -0.182927 0.121951 0.060976 1100.000000 1100.000000 1100.000000 1100.000000 0.000999 0.000052 0.000000 
19.713713 17.484896 0.391625 -0.182927 0.121951 0.121951 1100.000000 1100.000000 1100.000000 1100.000000 0.000998 0.000052 0.000000 
19.710630 17.498426 0.400084 0.000000 -0.000000 0.182927 1100.000000 1100.000000 1100.000000 1100.000000 0.000998 0.000051 0.000000 
19.718100 17.511734 0.403211 -0.060976 0.121951 0.060976 1100.000000 1100.000000 1100.000000 1100.000000 0.000999 0.000052 0.000000 
19.720743 17.528688 0.410335 -0.182927 0.060976 0.060976 1100.000000 1100.000000 1100.000000 1100.000000 0.000999 0.000052 0.000000 
19.721991 17.547264 0.416646 -0.060976 0.060976 -0.000000 1100.000000 1100.000000 1100.000000 1100.000000 0.000998 0.000052 0.000000 
19.732492 17.547482 0.420183 -0.121951 0.060976 0.060976 1126.000000 1100.000000 1100.000000 1100.000000 0.000999 0.000052 0.000000 
19.734470 17.516138 0.389764 0.000000 -0.060976 2.012195 1168.000000 1100.000000 1131.000000 1124.000000 0.000999 0.000052 0.000000 
19.697666 17.515455 0.392431 0.182927 0.548781 -0.121951 1100.000000 1100.000000 1100.000000 1100.000000 0.000998 0.000052 0.000000 
19.786043 17.489853 0.398680 0.000000 -0.304878 -0.243902 1124.000000 1100.000000 1100.000000 1100.000000 0.000998 0.000051 0.000000 
19.333910 16.940598 0.135979 -12.439025 14.085366 0.487805 1233.000000 1266.000000 1247.000000 1252.000000 0.000999 0.000051 0.000000 
13.110104 10.537349 -1.365426 -57.317074 61.890244 -3.292683 1100.000000 1339.000000 1211.000000 1216.000000 0.000999 0.000051 0.000000 
0.079951 -1.882885 -2.311858 -68.536591 71.219513 -2.743902 1100.000000 1237.000000 1124.000000 1117.000000 0.000998 0.000052 0.000000 
-8.124058 -9.918997 -1.470256 -17.317074 17.743902 -0.182927 1101.000000 1138.000000 1122.000000 1117.000000 0.000998 0.000051 0.000000 
-6.849120 -8.532740 -1.800880 29.634148 -32.134148 3.536585 1189.000000 1100.000000 1127.000000 1112.000000 0.000999 0.000052 0.000000 
1.284170 -1.001350 -2.584626 49.939026 -53.353661 2.682927 1227.000000 1100.000000 1128.000000 1113.000000 0.000998 0.000052 0.000000 
11.989708 9.470270 -1.733558 9.390244 -9.329268 -3.536585 1143.000000 1100.000000 1121.000000 1120.000000 0.000998 0.000052 0.000000 
12.577385 9.967885 -1.623487 -3.719512 4.207317 2.500000 1132.000000 1107.000000 1115.000000 1124.000000 0.000999 0.000052 0.000000 
11.551111 8.846638 -1.920976 -8.963415 9.390244 0.487805 1123.000000 1116.000000 1127.000000 1112.000000 0.000999 0.000052 0.000000 
10.048562 7.445256 -2.053144 -6.707317 6.890244 -3.048780 1130.000000 1111.000000 1124.000000 1117.000000 0.000998 0.000052 0.000000 
9.303728 6.839323 -2.095292 -1.463415 1.097561 0.792683 1140.000000 1101.000000 1125.000000 1116.000000 0.000998 0.000051 0.000000 
9.519361 7.001156 -2.159317 1.829268 -1.585366 1.097561 1143.000000 1100.000000 1123.000000 1116.000000 0.000999 0.000052 0.000000 
9.919709 7.300378 -2.060977 0.731707 -0.548781 -1.890244 1136.000000 1103.000000 1118.000000 1121.000000 0.000999 0.000052 0.000000 
9.385063 6.935085 -2.086915 -3.963415 5.609756 0.975610 1129.000000 1112.000000 1118.000000 1123.000000 0.000998 0.000052 0.000000 
8.615951 6.099925 -2.139826 -3.475610 3.292683 -1.280488 1129.000000 1112.000000 1120.000000 1121.000000 0.000998 0.000051 0.000000 
7.858495 5.784174 -2.157407 -1.463415 1.036585 0.365854 1132.000000 1107.000000 1130.000000 1109.000000 0.000999 0.000052 0.000000 
8.138966 5.851152 -2.184750 -0.670732 0.975610 0.548781 1135.000000 1106.000000 1124.000000 1117.000000 0.000999 0.000052 0.000000 
7.967309 5.584439 -2.194584 -1.463415 1.890244 -0.792683 1133.000000 1108.000000 1121.000000 1120.000000 0.000998 0.000052 0.000000 
7.711306 5.337184 -2.202834 -1.890244 2.317073 0.609756 1129.000000 1114.000000 1120.000000 1123.000000 0.000998 0.000051 0.000000 
7.193702 4.815989 -2.284853 -2.195122 2.134146 0.121951 1129.000000 1112.000000 1125.000000 1116.000000 0.000999 0.000052 0.000000 
6.265195 4.277143 -2.318144 -0.914634 1.707317 0.243902 1130.000000 1111.000000 1118.000000 1123.000000 0.000999 0.000052 0.000000 
6.194081 4.132433 -2.337866 -0.365854 0.548781 0.304878 1129.000000 1114.000000 1121.000000 1122.000000 0.000998 0.000052 0.000000 
6.126135 4.235044 -2.322471 0.670732 -0.853659 -0.609756 1134.000000 1109.000000 1125.000000 1118.000000 0.000998 0.000051 0.000000 
6.165875 4.374760 -2.312371 0.853659 -0.975610 0.243902 1131.000000 1110.000000 1123.000000 1118.000000 0.000999 0.000052 0.000000 
6.091750 4.176259 -2.343503 -0.853659 1.402439 0.609756 1127.000000 1114.000000 1118.000000 1123.000000 0.000999 0.000052 0.000000 
5.312297 3.736477 -2.374076 -2.073171 2.560976 -0.243902 1125.000000 1118.000000 1120.000000 1123.000000 0.000998 0.000052 0.000000 
5.213399 3.509102 -2.385940 -1.036585 0.548781 -0.121951 1128.000000 1115.000000 1125.000000 1118.000000 0.000998 0.000051 0.000000 
5.989120 4.016972 -2.341748 2.743902 -3.231707 -0.548781 1135.000000 1106.000000 1124.000000 1117.000000 0.000999 0.000052 0.000000 
6.656073 4.554936 -2.297595 0.182927 -0.609756 0.121951 1134.000000 1111.000000 1129.000000 1116.000000 0.000999 0.000052 0.000000 
6.734854 4.521390 -2.310855 -1.463415 2.317073 -0.182927 1133.000000 1116.000000 1124.000000 1125.000000 0.000998 0.000052 0.000000 
6.355743 4.044590 -2.332953 -2.926829 3.109756 0.121951 1129.000000 1122.000000 1122.000000 1129.000000 0.000998 0.000052 0.000000 
6.222035 3.701683 -2.365487 -2.012195 1.890244 0.365854 1129.000000 1124.000000 1128.000000 1125.000000 0.000999 0.000052 0.000000 
6.348177 3.490071 -2.387354 -0.426829 0.243902 -0.365854 1185.000000 1170.000000 1182.000000 1173.000000 0.000999 0.000052 0.000000 
6.268157 3.576037 -2.392720 0.243902 -0.975610 -0.426829 1191.000000 1172.000000 1187.000000 1176.000000 0.000999 0.000052 0.000000 
5.107346 2.971756 -2.403622 -6.036585 6.219512 -0.365854 1194.000000 1197.000000 1200.000000 1191.000000 0.000998 0.000052 0.000000 
4.356388 2.110087 -2.442681 -2.804878 3.292683 0.304878 1200.000000 1195.000000 1202.000000 1193.000000 0.000998 0.000051 0.000000 
4.004508 1.704000 -2.462837 -2.195122 1.280488 -0.365854 1199.000000 1194.000000 1203.000000 1190.000000 0.000999 0.000052 0.000000 
3.529915 1.334973 -2.476421 -1.890244 2.682927 0.060976 1200.000000 1193.000000 1198.000000 1195.000000 0.000999 0.000052 0.000000 
3.076541 0.870424 -2.475379 -1.890244 2.134146 0.182927 1201.000000 1206.000000 1200.000000 1207.000000 0.000998 0.000052 0.000000 
2.811799 0.612159 -2.479171 0.000000 -0.243902 0.304878 1231.000000 1220.000000 1229.000000 1222.000000 0.000998 0.000052 0.000000 
3.109599 0.716113 -2.504709 2.134146 -1.524390 0.853659 1236.000000 1211.000000 1224.000000 1223.000000 0.000999 0.000052 0.000000 
2.822507 1.172529 -2.493005 -2.195122 2.682927 -1.036585 1230.000000 1217.000000 1225.000000 1222.000000 0.000999 0.000052 0.000000 
2.636767 0.684509 -2.501293 -0.243902 0.182927 0.121951 1223.000000 1224.000000 1224.000000 1223.000000 0.000999 0.000052 0.000000 
2.867891 1.939465 -2.455469 2.560976 -2.865854 0.182927 1235.000000 1214.000000 1228.000000 1221.000000 0.000998 0.000052 0.000000 
3.038253 2.030019 -2.467753 -2.256098 2.926829 -0.304878 1220.000000 1229.000000 1218.000000 1231.000000 0.000998 0.000051 0.000000 
2.384602 0.552182 -2.500538 -3.963415 2.621951 -0.121951 1217.000000 1232.000000 1226.000000 1223.000000 0.000999 0.000052 0.000000 
2.217276 0.388804 -2.509648 3.170732 -1.951220 0.243902 1285.000000 1240.000000 1260.000000 1265.000000 0.000999 0.000052 0.000000 
2.689346 0.394512 -2.567184 0.914634 -1.890244 0.975610 1260.000000 1269.000000 1268.000000 1261.000000 0.000998 0.000052 0.000000 
1.652680 -0.539682 -2.620830 -1.158537 0.426829 -0.853659 1276.000000 1253.000000 1266.000000 1263.000000 0.000998 0.000052 0.000000 
1.421946 -0.564979 -2.607996 2.317073 -2.195122 -1.341463 1271.000000 1256.000000 1273.000000 1254.000000 0.000998 0.000051 0.000000 
1.869691 -0.257651 -2.623938 2.012195 -3.536585 0.914634 1266.000000 1259.000000 1263.000000 1262.000000 0.000999 0.000052 0.000000 
1.842744 -0.275303 -2.624160 -2.256098 1.829268 0.304878 1265.000000 1260.000000 1276.000000 1249.000000 0.000999 0.000052 0.000000 
1.408215 -0.441126 -2.665933 2.682927 -2.256098 1.768293 1269.000000 1258.000000 1262.000000 1265.000000 0.000998 0.000052 0.000000 
2.065321 0.369967 -2.668271 3.963415 -5.243903 0.304878 1279.000000 1250.000000 1275.000000 1254.000000 0.000998 0.000052 0.000000 
2.607121 0.741799 -2.659500 -1.463415 1.768293 -0.182927 1251.000000 1274.000000 1262.000000 1263.000000 0.000998 0.000051 0.000000 
1.134938 -0.682292 -2.613394 0.060976 -0.548781 -0.365854 1276.000000 1249.000000 1264.000000 1261.000000 0.000999 0.000052 0.000000 
1.947808 -0.187541 -2.638423 2.195122 -2.560976 0.792683 1263.000000 1264.000000 1272.000000 1255.000000 0.000999 0.000052 0.000000 
1.827013 -0.123494 -2.650478 0.670732 0.304878 0.975610 1268.000000 1259.000000 1265.000000 1262.000000 0.000998 0.000052 0.000000 
1.952979 0.083069 -2.664972 1.707317 -3.475610 0.304878 1266.000000 1263.000000 1276.000000 1253.000000 0.000998 0.000052 0.000000 
2.193417 0.205009 -2.671524 -0.670732 2.073171 0.426829 1259.000000 1268.000000 1262.000000 1265.000000 0.000998 0.000051 0.000000 
1.543146 -0.124443 -2.638349 -2.743902 1.402439 -1.524390 1261.000000 1266.000000 1277.000000 1250.000000 0.000999 0.000052 0.000000 
1.801994 -0.069690 -2.620248 4.268293 -4.085366 0.182927 1271.000000 1254.000000 1259.000000 1266.000000 0.000999 0.000052 0.000000 
3.220144 1.307274 -2.603695 0.121951 0.670732 0.304878 1258.000000 1267.000000 1264.000000 1261.000000 0.000999 0.000052 0.000000 
3.026554 1.295459 -2.645648 -0.365854 0.121951 0.670732 1263.000000 1264.000000 1260.000000 1267.000000 0.000998 0.000052 0.000000 
3.142277 1.261823 -2.594768 -0.243902 0.304878 -1.585366 1268.000000 1259.000000 1267.000000 1260.000000 0.000998 0.000051 0.000000 
3.130979 1.196826 -2.603900 -2.682927 3.475610 0.426829 1273.000000 1252.000000 1256.000000 1269.000000 0.000999 0.000052 0.000000 
0.211939 -1.257701 -2.626475 -13.170732 13.658537 -2.256098 1271.000000 1254.000000 1265.000000 1260.000000 0.000999 0.000052 0.000000 
-1.358967 -3.064186 -2.543911 -8.902439 8.841464 -0.975610 1264.000000 1261.000000 1265.000000 1260.000000 0.000999 0.000052 0.000000 
-2.823825 -4.494937 -2.464130 -5.609756 6.707317 -0.000000 1277.000000 1250.000000 1263.000000 1264.000000 0.000998 0.000052 0.000000 
-4.114161 -5.651968 -2.373754 -6.585366 6.341464 -0.304878 1267.000000 1260.000000 1268.000000 1259.000000 0.000998 0.000052 0.000000 
-5.473303 -7.005352 -2.241614 -6.097561 7.865854 0.975610 1234.000000 1293.000000 1265.000000 1262.000000 0.000998 0.000051 0.000000 
-6.548859 -8.175999 -2.101526 -0.121951 -0.426829 0.487805 1267.000000 1258.000000 1262.000000 1263.000000 0.000999 0.000052 0.000000 
-4.837675 -6.735767 -2.346039 19.207317 -20.304878 0.670732 1300.000000 1225.000000 1266.000000 1259.000000 0.000999 0.000052 0.000000 
0.774541 -2.275474 -2.767707 5.853659 -6.158537 -0.060976 1267.000000 1258.000000 1268.000000 1257.000000 0.000999 0.000052 0.000000 
1.564190 -1.492203 -2.764040 -0.060976 -0.792683 0.792683 1257.000000 1270.000000 1264.000000 1263.000000 0.000998 0.000052 0.000000 
1.523368 -1.473365 -2.768919 -0.670732 -0.060976 -0.182927 1259.000000 1268.000000 1264.000000 1263.000000 0.000998 0.000052 0.000000 
1.836085 -1.233965 -2.779856 0.975610 0.853659 0.548781 1266.000000 1261.000000 1262.000000 1265.000000 0.000998 0.000051 0.000000 
1.957971 -1.098581 -2.772680 0.548781 -0.731707 -0.853659 1247.000000 1280.000000 1260.000000 1267.000000 0.000999 0.000052 0.000000 
2.439890 -0.594184 -2.788551 7.134147 -9.085366 -0.426829 1264.000000 1261.000000 1271.000000 1254.000000 0.000999 0.000052 0.000000 
5.279835 1.848360 -2.752970 19.390244 -20.548780 -0.304878 1281.000000 1246.000000 1267.000000 1260.000000 0.000999 0.000052 0.000000 
8.540853 5.110107 -2.526643 12.560976 -15.487805 0.609756 1272.000000 1255.000000 1275.000000 1252.000000 0.000998 0.000052 0.000000 
9.939582 7.068352 -2.273827 2.621951 -0.121951 0.792683 1256.000000 1273.000000 1258.000000 1271.000000 0.000998 0.000052 0.000000 
10.100761 7.436804 -2.209298 9.451220 -7.621952 -0.000000 1277.000000 1252.000000 1267.000000 1262.000000 0.000998 0.000052 0.000000 
11.622869 9.093513 -1.952648 5.243903 -8.231708 0.182927 1301.000000 1224.000000 1272.000000 1253.000000 0.000998 0.000052 0.000000 
11.123025 8.724141 -2.040429 -10.000000 13.231708 0.792683 1248.000000 1277.000000 1257.000000 1268.000000 0.000999 0.000052 0.000000 
8.954648 6.401960 -2.348172 -10.060976 9.207317 -0.792683 1269.000000 1258.000000 1270.000000 1257.000000 0.000999 0.000052 0.000000 
8.542337 5.949399 -2.406352 1.341463 -0.426829 0.365854 1280.000000 1247.000000 1266.000000 1261.000000 0.000999 0.000052 0.000000 
8.701257 5.931564 -2.388041 -3.841464 3.597561 -0.731707 1263.000000 1264.000000 1267.000000 1260.000000 0.000998 0.000052 0.000000 
7.082075 4.509427 -2.537879 -12.012196 13.292684 0.792683 1244.000000 1283.000000 1269.000000 1258.000000 0.000998 0.000052 0.000000 
4.845244 2.235955 -2.664884 -1.646341 1.707317 -1.158537 1271.000000 1256.000000 1272.000000 1255.000000 0.000998 0.000051 0.000000 
3.853034 1.390869 -2.671386 -6.524390 6.463415 0.060976 1252.000000 1273.000000 1259.000000 1266.000000 0.000999 0.000052 0.000000 
2.792571 0.390848 -2.698072 -3.292683 4.085366 1.707317 1257.000000 1270.000000 1269.000000 1258.000000 0.000999 0.000052 0.000000 
2.720086 0.280931 -2.726189 0.000000 0.426829 0.731707 1288.000000 1237.000000 1262.000000 1263.000000 0.000999 0.000052 0.000000 
1.227136 -0.719952 -2.700597 -17.987804 20.121952 0.853659 1231.000000 1296.000000 1262.000000 1265.000000 0.000999 0.000052 0.000000 
-2.992866 -4.585459 -2.520190 -22.134148 22.682928 -0.243902 1247.000000 1280.000000 1267.000000 1260.000000 0.000998 0.000052 0.000000 
-5.531740 -7.320329 -2.255505 -1.951220 3.536585 -0.670732 1291.000000 1236.000000 1263.000000 1264.000000 0.000999 0.000052 0.000000 
-4.144270 -6.086458 -2.400477 -9.146341 10.000000 -0.731707 1242.000000 1285.000000 1263.000000 1264.000000 0.000999 0.000052 0.000000 
-6.118454 -8.167665 -2.069483 -9.573171 8.414635 -0.487805 1264.000000 1265.000000 1273.000000 1256.000000 0.000998 0.000052 0.000000 
-6.960197 -8.862968 -2.013712 -2.439024 3.475610 1.036585 1263.000000 1264.000000 1261.000000 1266.000000 0.000999 0.000052 0.000000 
-7.228816 -9.064156 -1.993049 -2.560976 3.170732 1.158537 1269.000000 1258.000000 1262.000000 1265.000000 0.000999 0.000052 0.000000 
-8.888258 -10.614893 -1.662560 -7.500000 8.109756 0.060976 1257.000000 1272.000000 1266.000000 1263.000000 0.000998 0.000052 0.000000 
-9.960590 -11.621464 -1.482144 -2.073171 3.109756 0.304878 1267.000000 1260.000000 1263.000000 1264.000000 0.000999 0.000052 0.000000 
-10.396348 -11.964120 -1.428816 -1.951220 2.317073 1.036585 1263.000000 1264.000000 1262.000000 1265.000000 0.000999 0.000052 0.000000 
-11.108575 -12.477201 -1.320350 -4.024390 3.902439 0.121951 1264.000000 1265.000000 1268.000000 1261.000000 0.000998 0.000052 0.000000 
-11.704865 -13.208661 -1.155190 -3.048780 2.865854 -0.426829 1254.000000 1273.000000 1269.000000 1258.000000 0.000998 0.000052 0.000000 
-12.202372 -13.723008 -1.038999 -1.463415 1.890244 -0.121951 1255.000000 1272.000000 1261.000000 1266.000000 0.000998 0.000052 0.000000 
-12.433640 -13.877010 -0.990762 -0.609756 0.731707 0.365854 1266.000000 1263.000000 1261.000000 1268.000000 0.000998 0.000052 0.000000 
-12.867047 -14.302884 -0.886696 -2.073171 1.646341 -0.060976 1253.000000 1268.000000 1267.000000 1254.000000 0.000999 0.000052 0.000000 
-13.101089 -14.506645 -0.845598 -0.914634 1.036585 -0.000000 1255.000000 1274.000000 1268.000000 1261.000000 0.000999 0.000052 0.000000 
-13.238284 -14.712154 -0.788150 -1.768293 1.829268 0.487805 1249.000000 1280.000000 1260.000000 1269.000000 0.000998 0.000052 0.000000 
-13.285541 -14.595429 -0.818957 3.658537 -3.414634 0.426829 1255.000000 1272.000000 1263.000000 1264.000000 0.000998 0.000052 0.000000 
-11.072758 -12.667866 -1.310184 17.195122 -18.841463 0.426829 1275.000000 1252.000000 1265.000000 1262.000000 0.000998 0.000052 0.000000 
-7.969183 -9.413337 -1.955112 13.902439 -14.268293 -0.243902 1270.000000 1259.000000 1262.000000 1267.000000 0.000998 0.000052 0.000000 
-6.813429 -8.555133 -2.085272 -2.560976 2.560976 -0.121951 1230.000000 1297.000000 1263.000000 1264.000000 0.000998 0.000051 0.000000 
-7.141919 -8.950995 -2.029329 8.353659 -8.841464 1.463415 1268.000000 1261.000000 1265.000000 1264.000000 0.000999 0.000052 0.000000 
-5.403856 -7.206079 -2.306091 7.804878 -8.292683 0.853659 1270.000000 1257.000000 1267.000000 1260.000000 0.000998 0.000052 0.000000 
-4.436999 -6.156270 -2.440898 5.609756 -6.524390 -0.182927 1265.000000 1264.000000 1272.000000 1257.000000 0.000998 0.000051 0.000000 
-2.730292 -4.757214 -2.578542 8.292683 -9.634147 0.670732 1272.000000 1257.000000 1266.000000 1263.000000 0.000999 0.000052 0.000000 
-0.968438 -3.139673 -2.683259 6.463415 -7.439024 -0.548781 1270.000000 1259.000000 1271.000000 1258.000000 0.000998 0.000052 0.000000 
-0.141027 -2.463752 -2.717482 1.707317 -1.768293 0.548781 1263.000000 1266.000000 1267.000000 1262.000000 0.000998 0.000052 0.000000 
0.017229 -2.164610 -2.729285 1.341463 -1.890244 0.426829 1265.000000 1264.000000 1271.000000 1258.000000 0.000998 0.000052 0.000000 
1.666985 -0.936140 -2.749451 2.804878 -2.743902 -0.731707 1262.000000 1267.000000 1264.000000 1265.000000 0.000999 0.000052 0.000000 
1.737448 -0.796340 -2.751153 0.792683 0.487805 0.060976 1264.000000 1263.000000 1262.000000 1265.000000 0.000998 0.000052 0.000000 
1.361468 -0.916702 -2.750470 -0.304878 -0.304878 -0.426829 1268.000000 1259.000000 1263.000000 1264.000000 0.000999 0.000052 0.000000 
1.482341 -0.850731 -2.757214 1.097561 -0.914634 0.487805 1258.000000 1269.000000 1264.000000 1263.000000 0.000999 0.000052 0.000000 
1.624512 -0.919932 -2.771907 -1.463415 1.829268 0.853659 1264.000000 1263.000000 1264.000000 1263.000000 0.000998 0.000052 0.000000 
1.716088 -1.010070 -2.766455 1.463415 -1.402439 -0.548781 1268.000000 1257.000000 1266.000000 1259.000000 0.000998 0.000051 0.000000 
1.869445 -0.660253 -2.777782 -0.365854 -0.182927 -0.060976 1259.000000 1268.000000 1265.000000 1262.000000 0.000998 0.000052 0.000000 
1.645100 -0.491955 -2.755641 0.670732 -1.402439 -0.426829 1276.000000 1253.000000 1270.000000 1259.000000 0.000998 0.000052 0.000000 
1.317584 -0.789293 -2.737029 -1.951220 2.195122 -0.121951 1262.000000 1265.000000 1266.000000 1261.000000 0.000998 0.000051 0.000000 
0.937757 -1.103431 -2.731820 1.219512 -1.036585 0.304878 1272.000000 1257.000000 1268.000000 1261.000000 0.000998 0.000052 0.000000 
1.376036 -0.824008 -2.739280 0.121951 -0.548781 0.670732 1267.000000 1260.000000 1266.000000 1261.000000 0.000998 0.000052 0.000000 
0.880116 -0.943515 -2.747312 -0.792683 0.670732 0.060976 1257.000000 1270.000000 1271.000000 1256.000000 0.000998 0.000052 0.000000 
0.538674 -1.189098 -2.767284 1.158537 -0.182927 0.548781 1256.000000 1269.000000 1257.000000 1268.000000 0.000998 0.000052 0.000000 
0.751354 -1.097759 -2.743169 0.000000 -0.609756 0.182927 1265.000000 1264.000000 1266.000000 1263.000000 0.000998 0.000052 0.000000 
0.221669 -1.553036 -2.699547 -4.268293 2.682927 -0.670732 1257.000000 1272.000000 1273.000000 1256.000000 0.000998 0.000052 0.000000 
-0.668533 -2.282214 -2.699784 -7.073171 8.109756 1.341463 1238.000000 1289.000000 1266.000000 1261.000000 0.000998 0.000051 0.000000 
-2.249684 -3.489712 -2.661739 -10.731708 10.000000 0.487805 1227.000000 1300.000000 1268.000000 1259.000000 0.000998 0.000052 0.000000 
-4.492224 -5.481592 -2.551070 -14.390244 15.975610 0.426829 1220.000000 1309.000000 1271.000000 1258.000000 0.000998 0.000052 0.000000 
-7.939449 -9.293200 -1.974768 -28.231709 29.939026 0.243902 1190.000000 1337.000000 1258.000000 1269.000000 0.000998 0.000052 0.000000 
-12.328752 -13.693741 -1.135006 -15.243903 16.097561 0.975610 1221.000000 1304.000000 1267.000000 1258.000000 0.000998 0.000052 0.000000 
-14.099284 -15.797314 -0.565055 -6.036585 7.560976 -0.121951 1222.000000 1307.000000 1259.000000 1270.000000 0.000998 0.000052 0.000000 
-6.771023 -8.542763 -2.039361 25.060976 -24.573172 -8.475610 1276.000000 1253.000000 1266.000000 1263.000000 0.000998 0.000052 0.000000 
-5.141489 -7.000565 -2.114965 -5.304878 1.341463 -0.914634 1213.000000 1314.000000 1263.000000 1264.000000 0.000998 0.000051 0.000000 
-6.157935 -7.902596 -2.332272 -21.890244 25.975611 4.207317 1165.000000 1362.000000 1259.000000 1268.000000 0.000998 0.000052 0.000000 
-14.475144 -15.895382 -0.587112 -56.646343 60.000000 3.170732 1116.000000 1413.000000 1260.000000 1269.000000 0.000998 0.000052 0.000000 
-17.090809 -18.298979 0.164458 49.878052 -52.378052 -2.926829 1423.000000 1104.000000 1272.000000 1255.000000 0.000998 0.000052 0.000000 
-1.836282 -3.447031 -2.755569 74.878052 -81.707321 -6.280488 1345.000000 1180.000000 1263.000000 1262.000000 0.000998 0.000051 0.000000 
-0.119339 -1.732400 -2.618101 -65.426834 71.158539 -6.463415 1100.000000 1484.000000 1266.000000 1261.000000 0.000998 0.000052 0.000000 
-15.794710 -16.249636 -0.438331 24.268293 -25.853659 -3.597561 1233.000000 1296.000000 1232.000000 1297.000000 0.000998 0.000052 0.000000 
-13.284986 -14.023348 -0.835101 8.658537 -5.000000 -7.682927 1257.000000 1272.000000 1288.000000 1241.000000 0.000998 0.000052 0.000000 
-12.000793 -13.009121 -1.034435 1.341463 -7.500000 -7.743903 1229.000000 1298.000000 1260.000000 1267.000000 0.000998 0.000052 0.000000 
-9.705296 -10.741515 -1.486375 20.426830 -13.658537 -7.621952 1288.000000 1241.000000 1243.000000 1286.000000 0.000998 0.000052 0.000000 
-6.926412 -8.307403 -1.895001 3.719512 -12.134147 0.670732 1260.000000 1267.000000 1273.000000 1254.000000 0.000998 0.000052 0.000000 
-5.937961 -7.290412 -2.033669 4.146341 1.158537 1.890244 1253.000000 1274.000000 1256.000000 1271.000000 0.000998 0.000052 0.000000 
-5.940627 -7.217134 -2.145217 -1.280488 -3.597561 5.853659 1259.000000 1270.000000 1278.000000 1251.000000 0.000998 0.000052 0.000000 
-2.310035 -4.020574 -2.659519 -0.304878 -2.804878 -0.792683 1244.000000 1285.000000 1273.000000 1256.000000 0.000998 0.000052 0.000000 
-1.705463 -3.353453 -2.561247 4.939024 -0.548781 -4.878049 1268.000000 1259.000000 1247.000000 1280.000000 0.000998 0.000052 0.000000 
-1.841986 -3.269154 -2.606447 -2.378049 -2.134146 0.365854 1264.000000 1265.000000 1288.000000 1241.000000 0.000998 0.000051 0.000000 
-0.613590 -2.323672 -2.573531 8.597561 -5.426829 -1.463415 1273.000000 1256.000000 1255.000000 1274.000000 0.000998 0.000052 0.000000 
-0.033289 -2.005045 -2.627220 0.609756 -0.000000 -2.926829 1267.000000 1262.000000 1273.000000 1256.000000 0.000998 0.000052 0.000000 
-0.632566 -2.402874 -2.597865 -9.939025 9.573171 4.146341 1221.000000 1308.000000 1257.000000 1272.000000 0.000998 0.000052 0.000000 
-4.995288 -7.077850 -2.317194 -44.207317 49.207317 -1.036585 1139.000000 1388.000000 1264.000000 1263.000000 0.000998 0.000051 0.000000 
-14.338871 -16.472382 -0.349008 -33.170731 37.195122 2.317073 1206.000000 1323.000000 1264.000000 1265.000000 0.000998 0.000052 0.000000 
-10.470822 -12.828112 -1.207027 69.390244 -74.878052 2.378049 1422.000000 1107.000000 1268.000000 1261.000000 0.000998 0.000052 0.000000 
1.834987 -0.561708 -2.741261 30.914635 -32.073170 -0.243902 1263.000000 1264.000000 1274.000000 1253.000000 0.000998 0.000052 0.000000 
-3.327844 -5.230269 -2.287310 -79.451218 86.341469 -1.951220 1100.000000 1475.000000 1252.000000 1277.000000 0.000998 0.000052 0.000000 
-9.751890 -11.880821 -1.364642 60.000000 -65.060974 -8.048780 1329.000000 1200.000000 1267.000000 1262.000000 0.000998 0.000052 0.000000 
-3.737812 -5.618516 -2.254490 7.560976 -12.073171 -7.500000 1254.000000 1275.000000 1285.000000 1244.000000 0.000998 0.000052 0.000000 
-3.899754 -5.878251 -2.063650 -7.195122 6.646342 -1.768293 1227.000000 1302.000000 1258.000000 1271.000000 0.000998 0.000052 0.000000 
-3.395573 -5.479634 -2.108877 13.536586 -11.707317 -1.158537 1297.000000 1230.000000 1274.000000 1253.000000 0.000998 0.000052 0.000000 
-0.825627 -3.202093 -2.375716 7.926829 -9.085366 4.939024 1271.000000 1258.000000 1263.000000 1266.000000 0.000998 0.000052 0.000000 
-0.577964 -3.050758 -2.459376 -2.073171 4.451220 2.804878 1258.000000 1269.000000 1269.000000 1258.000000 0.000998 0.000052 0.000000 
-1.773052 -4.151865 -2.425677 -1.646341 2.378049 2.012195 1257.000000 1270.000000 1259.000000 1268.000000 0.000998 0.000052 0.000000 
-0.437308 -2.508670 -2.574740 4.268293 -1.829268 -0.975610 1255.000000 1274.000000 1250.000000 1279.000000 0.000998 0.000052 0.000000 
-2.260283 -4.032744 -2.467711 -27.804878 30.243902 0.426829 1182.000000 1345.000000 1267.000000 1260.000000 0.000998 0.000052 0.000000 
-7.702307 -9.565390 -1.862645 -21.341463 26.951220 1.524390 1213.000000 1316.000000 1255.000000 1274.000000 0.000998 0.000052 0.000000 
-6.352376 -8.055157 -2.036126 36.524391 -41.341465 1.890244 1372.000000 1157.000000 1282.000000 1247.000000 0.000998 0.000052 0.000000 
0.035338 -1.735861 -2.743369 15.243903 -16.219513 -0.000000 1248.000000 1279.000000 1258.000000 1269.000000 0.000998 0.000052 0.000000 
-1.892448 -3.719842 -2.425045 -31.402439 33.902439 -4.390244 1201.000000 1328.000000 1273.000000 1256.000000 0.000998 0.000051 0.000000 
-7.395171 -9.216527 -1.828973 -14.390244 12.621951 -1.707317 1254.000000 1275.000000 1269.000000 1260.000000 0.000998 0.000052 0.000000 
3.313722 0.622112 -2.460778 27.621952 -30.060976 -7.073171 1295.000000 1232.000000 1255.000000 1272.000000 0.000998 0.000052 0.000000 
5.272005 2.515204 -2.087823 -7.378049 8.170732 -3.841464 1246.000000 1281.000000 1275.000000 1252.000000 0.000998 0.000052 0.000000 
3.314456 0.374331 -2.365863 -9.695122 10.853659 6.646342 1265.000000 1264.000000 1261.000000 1268.000000 0.000998 0.000052 0.000000 
3.281543 0.769985 -2.420145 4.817073 -4.146341 4.024390 1278.000000 1247.000000 1271.000000 1254.000000 0.000998 0.000052 0.000000 
3.813107 1.202841 -2.521561 -4.024390 4.878049 -2.743902 1252.000000 1277.000000 1261.000000 1268.000000 0.000998 0.000052 0.000000 
2.431826 0.005712 -2.320462 -15.792684 16.646341 -3.109756 1218.000000 1311.000000 1270.000000 1259.000000 0.000998 0.000052 0.000000 
-3.611651 -5.814784 -2.117779 -55.304878 62.195122 -1.402439 1110.000000 1419.000000 1249.000000 1280.000000 0.000998 0.000052 0.000000 
-11.098671 -12.756146 -0.897319 33.414635 -32.378048 -8.536586 1296.000000 1233.000000 1251.000000 1278.000000 0.000998 0.000051 0.000000 
-7.179135 -8.734029 -1.474144 5.609756 -12.134147 -3.902439 1271.000000 1258.000000 1295.000000 1234.000000 0.000998 0.000052 0.000000 
-6.524210 -8.576331 -1.592354 1.402439 2.317073 1.402439 1248.000000 1281.000000 1249.000000 1280.000000 0.000998 0.000052 0.000000 
-5.925628 -7.719339 -1.718926 6.097561 -8.658537 4.939024 1278.000000 1251.000000 1280.000000 1249.000000 0.000999 0.000052 0.000000 
-3.947478 -5.887753 -1.782232 6.829268 -6.890244 0.426829 1273.000000 1256.000000 1258.000000 1271.000000 0.000998 0.000052 0.000000 
-2.722270 -4.284486 -2.013825 17.926830 -14.451220 3.780488 1304.000000 1223.000000 1270.000000 1257.000000 0.000998 0.000051 0.000000 
2.144578 -0.037363 -2.234963 29.024391 -35.182926 0.304878 1333.000000 1194.000000 1278.000000 1249.000000 0.000998 0.000052 0.000000 
6.995231 4.517776 -2.086603 19.268293 -18.292683 1.463415 1295.000000 1234.000000 1256.000000 1273.000000 0.000998 0.000052 0.000000 
7.416282 5.199202 -1.905181 -20.487804 21.097561 -1.097561 1221.000000 1308.000000 1270.000000 1259.000000 0.000998 0.000052 0.000000 
1.489029 -0.173595 -2.128403 -32.195122 34.573170 -1.951220 1216.000000 1313.000000 1263.000000 1266.000000 0.000998 0.000052 0.000000 
-0.224592 -2.004185 -2.040141 16.768293 -19.085367 -0.609756 1337.000000 1188.000000 1264.000000 1261.000000 0.000998 0.000051 0.000000 
9.784708 7.767714 -1.492101 -6.768293 6.463415 -3.536585 1230.000000 1299.000000 1267.000000 1262.000000 0.000998 0.000052 0.000000 
7.147666 5.558581 -1.728331 -16.280489 16.158537 0.243902 1253.000000 1276.000000 1271.000000 1258.000000 0.000998 0.000052 0.000000 
6.034579 4.228242 -1.905560 0.060976 1.768293 2.865854 1282.000000 1247.000000 1257.000000 1272.000000 0.000998 0.000052 0.000000 
6.850199 4.906989 -1.866073 0.000000 -2.743902 -1.097561 1280.000000 1247.000000 1276.000000 1251.000000 0.000998 0.000052 0.000000 
5.956724 4.002497 -1.895043 -8.780488 12.256098 -0.548781 1252.000000 1275.000000 1261.000000 1266.000000 0.000998 0.000051 0.000000 
3.954165 2.461240 -1.950887 -6.341464 5.121951 -0.243902 1272.000000 1257.000000 1276.000000 1253.000000 0.000998 0.000052 0.000000 
4.464527 2.685802 -1.986692 6.707317 -5.792683 1.158537 1283.000000 1244.000000 1267.000000 1260.000000 0.000998 0.000052 0.000000 
6.166032 4.356305 -1.910743 -2.317073 4.024390 -1.463415 1274.000000 1253.000000 1264.000000 1263.000000 0.000998 0.000052 0.000000 
5.185333 3.473326 -1.956284 -6.890244 6.158537 0.365854 1256.000000 1273.000000 1266.000000 1263.000000 0.000998 0.000052 0.000000 
4.273286 2.762350 -2.008449 -1.158537 1.707317 0.609756 1273.000000 1256.000000 1269.000000 1260.000000 0.000998 0.000051 0.000000 
4.661528 2.605996 -2.016067 -3.841464 2.804878 0.670732 1251.000000 1276.000000 1266.000000 1261.000000 0.000998 0.000052 0.000000 
3.976913 2.040620 -2.040737 -3.719512 5.182927 -0.182927 1268.000000 1261.000000 1264.000000 1265.000000 0.000998 0.000052 0.000000 
4.067884 1.797822 -2.033795 3.780488 -4.817073 -1.036585 1292.000000 1235.000000 1258.000000 1269.000000 0.000998 0.000052 0.000000 
6.470037 3.820574 -1.888674 18.963415 -18.109756 0.365854 1319.000000 1208.000000 1267.000000 1260.000000 0.000998 0.000052 0.000000 
11.221382 8.384389 -1.390394 -4.268293 8.658537 -2.134146 1247.000000 1282.000000 1256.000000 1273.000000 0.000998 0.000052 0.000000 
9.291075 6.241398 -1.640472 -11.829268 10.304878 0.060976 1266.000000 1261.000000 1269.000000 1258.000000 0.000998 0.000052 0.000000 
8.413881 5.462035 -1.720186 0.060976 2.256098 0.975610 1286.000000 1243.000000 1265.000000 1264.000000 0.000998 0.000052 0.000000 
8.168578 5.382760 -1.773648 -5.914634 -0.000000 2.926829 1267.000000 1262.000000 1267.000000 1262.000000 0.000998 0.000052 0.000000 
8.137393 5.393003 -1.720316 7.012195 -3.048780 -1.829268 1302.000000 1225.000000 1260.000000 1267.000000 0.000999 0.000052 0.000000 
10.773075 7.844621 -1.461319 25.121952 -30.609756 -1.768293 1352.000000 1175.000000 1277.000000 1250.000000 0.000998 0.000052 0.000000 
16.773586 13.664924 -0.230479 30.731709 -30.243902 -1.463415 1345.000000 1184.000000 1264.000000 1265.000000 0.000998 0.000051 0.000000 
5.730704 3.087356 -1.764792 -68.719513 71.646339 -7.865854 1177.000000 1350.000000 1261.000000 1266.000000 0.000998 0.000052 0.000000 
0.305273 -2.256066 -1.824450 3.109756 -7.560976 -4.634146 1293.000000 1236.000000 1291.000000 1238.000000 0.000998 0.000052 0.000000 
2.891889 -0.269031 -1.967480 14.634147 -15.243903 1.524390 1285.000000 1244.000000 1251.000000 1278.000000 0.000998 0.000052 0.000000 
3.331019 0.227583 -2.001982 -6.707317 8.414635 4.939024 1234.000000 1293.000000 1273.000000 1254.000000 0.000999 0.000052 0.000000 
0.985291 -2.006248 -2.174942 -6.158537 8.780488 2.682927 1263.000000 1266.000000 1258.000000 1271.000000 0.000998 0.000052 0.000000 
0.901680 -1.761792 -1.961126 3.841464 -2.560976 -0.121951 1268.000000 1259.000000 1284.000000 1243.000000 0.000998 0.000051 0.000000 
0.309895 -2.108423 -1.979676 -2.926829 3.353659 -2.317073 1256.000000 1271.000000 1254.000000 1273.000000 0.000998 0.000051 0.000000 
4.600195 2.115288 -1.692937 6.646342 -6.219512 -5.670732 1253.000000 1276.000000 1249.000000 1280.000000 0.000998 0.000052 0.000000 
5.014611 2.584615 -1.633448 -1.402439 0.121951 -0.731707 1276.000000 1251.000000 1284.000000 1243.000000 0.000998 0.000052 0.000000 
3.893100 1.069363 -1.934148 -5.365854 9.817074 8.292683 1260.000000 1267.000000 1258.000000 1269.000000 0.000998 0.000052 0.000000 
3.197916 0.495570 -2.095744 -0.914634 0.609756 6.341464 1268.000000 1261.000000 1272.000000 1257.000000 0.000998 0.000052 0.000000 
2.962451 0.394963 -2.204180 0.243902 1.280488 -1.524390 1265.000000 1264.000000 1255.000000 1274.000000 0.000998 0.000052 0.000000 
2.702371 0.284640 -1.995296 -2.987805 1.402439 -6.097561 1263.000000 1262.000000 1270.000000 1255.000000 0.000998 0.000051 0.000000 
2.606280 0.157410 -1.890588 -1.524390 1.402439 -3.780488 1263.000000 1266.000000 1263.000000 1266.000000 0.000998 0.000052 0.000000 
2.579027 0.108477 -1.806609 1.097561 1.097561 5.060976 1262.000000 1265.000000 1259.000000 1268.000000 0.000998 0.000052 0.000000 
2.081000 -0.026980 -1.879454 -2.682927 2.195122 1.890244 1267.000000 1262.000000 1265.000000 1264.000000 0.000998 0.000052 0.000000 
2.073426 -0.102950 -1.808511 0.670732 -0.243902 -5.304878 1270.000000 1259.000000 1266.000000 1263.000000 0.000999 0.000052 0.000000 
2.026322 -0.285265 -1.702669 -3.719512 1.036585 -1.951220 1259.000000 1268.000000 1268.000000 1259.000000 0.000998 0.000052 0.000000 
2.004388 -0.402541 -1.658887 3.475610 -1.097561 0.853659 1280.000000 1249.000000 1265.000000 1264.000000 0.000998 0.000052 0.000000 
2.452127 -0.127746 -1.791004 -1.280488 -0.182927 3.841464 1256.000000 1269.000000 1268.000000 1257.000000 0.000998 0.000051 0.000000 
1.902433 -0.537512 -1.810159 -3.353659 6.158537 1.646341 1251.000000 1276.000000 1266.000000 1261.000000 0.000998 0.000052 0.000000 
1.596503 -0.467954 -1.792454 3.780488 -2.500000 -4.207317 1265.000000 1262.000000 1264.000000 1263.000000 0.000998 0.000052 0.000000 
2.210188 0.164770 -1.785926 6.585366 -8.719512 0.365854 1282.000000 1245.000000 1266.000000 1261.000000 0.000998 0.000052 0.000000 
4.057582 1.847243 -1.736830 11.890244 -12.256098 2.865854 1292.000000 1235.000000 1257.000000 1270.000000 0.000999 0.000052 0.000000 
7.365450 5.626192 -1.533486 29.085367 -28.170732 3.048780 1366.000000 1161.000000 1274.000000 1253.000000 0.000998 0.000052 0.000000 
14.349981 12.086547 -0.519073 40.426830 -40.000000 9.207317 1346.000000 1181.000000 1257.000000 1270.000000 0.000998 0.000052 0.000000 
17.553595 14.966615 0.126564 -29.634148 31.646341 1.341463 1175.000000 1352.000000 1256.000000 1271.000000 0.000998 0.000051 0.000000 
4.092128 2.112707 -1.829231 -94.207321 103.353661 -0.975610 1100.000000 1459.000000 1255.000000 1272.000000 0.000998 0.000052 0.000000 
0.504783 -1.640826 -2.145383 55.304878 -63.536587 -14.146341 1337.000000 1190.000000 1277.000000 1250.000000 0.000998 0.000052 0.000000 
6.115586 3.748198 -1.748605 3.475610 -1.585366 -14.207317 1250.000000 1277.000000 1260.000000 1267.000000 0.000998 0.000052 0.000000 
3.915069 1.339229 -1.730003 -20.000000 15.792684 1.585366 1225.000000 1302.000000 1263.000000 1264.000000 0.000998 0.000052 0.000000 
3.028587 0.173807 -1.924797 10.304878 -4.451220 6.097561 1300.000000 1227.000000 1262.000000 1265.000000 0.000998 0.000052 0.000000 
3.311315 0.358601 -1.591577 -14.512196 16.768293 6.036585 1236.000000 1293.000000 1277.000000 1252.000000 0.000998 0.000052 0.000000 
0.679581 -1.701100 -1.829211 -5.426829 9.878049 11.463415 1258.000000 1271.000000 1241.000000 1288.000000 0.000998 0.000052 0.000000 
0.645312 -1.701990 -2.092013 5.243903 -6.768293 4.268293 1279.000000 1250.000000 1292.000000 1237.000000 0.000998 0.000052 0.000000 
1.566700 -0.604352 -2.046957 6.646342 -1.707317 -1.524390 1261.000000 1266.000000 1245.000000 1282.000000 0.000998 0.000052 0.000000 
1.957996 -0.100235 -1.920648 -2.439024 -2.500000 -8.902439 1264.000000 1265.000000 1289.000000 1240.000000 0.000998 0.000052 0.000000 
1.559330 -0.859131 -1.713875 -5.060976 7.682927 -4.878049 1251.000000 1278.000000 1244.000000 1285.000000 0.000998 0.000052 0.000000 
1.268254 -1.303354 -1.686308 1.036585 -2.378049 0.365854 1281.000000 1246.000000 1266.000000 1261.000000 0.000998 0.000052 0.000000 
3.072757 0.592028 -1.783350 -0.548781 -2.378049 3.658537 1268.000000 1261.000000 1277.000000 1252.000000 0.000998 0.000052 0.000000 
2.497974 -0.065749 -1.858883 -2.012195 4.390244 -1.890244 1268.000000 1259.000000 1265.000000 1262.000000 0.000998 0.000052 0.000000 
2.624416 0.367767 -1.617917 0.914634 -4.024390 -4.817073 1264.000000 1263.000000 1281.000000 1246.000000 0.000998 0.000051 0.000000 
3.659015 1.351783 -1.592741 14.573171 -14.573171 -1.890244 1322.000000 1207.000000 1263.000000 1266.000000 0.000998 0.000052 0.000000 
8.638848 6.251130 -1.161313 34.695122 -36.402439 2.317073 1354.000000 1173.000000 1268.000000 1259.000000 0.000998 0.000052 0.000000 
12.486876 9.699730 -0.862445 -9.451220 13.353659 1.890244 1231.000000 1298.000000 1251.000000 1278.000000 0.000998 0.000051 0.000000 
3.753931 1.897162 -1.612019 -68.841469 72.317078 0.304878 1123.000000 1406.000000 1262.000000 1267.000000 0.000998 0.000052 0.000000 
-2.615403 -4.888586 -1.597695 29.451220 -32.926830 -10.182927 1297.000000 1230.000000 1274.000000 1253.000000 0.000998 0.000052 0.000000 
0.380483 -2.026921 -1.703958 2.926829 -5.792683 -6.280488 1253.000000 1276.000000 1269.000000 1260.000000 0.000998 0.000051 0.000000 
0.461273 -1.560849 -1.546018 -1.280488 1.097561 1.341463 1256.000000 1273.000000 1273.000000 1256.000000 0.000998 0.000052 0.000000 
0.938126 -1.399160 -1.762553 4.695122 -3.353659 5.487805 1283.000000 1246.000000 1267.000000 1262.000000 0.000998 0.000052 0.000000 
3.052017 0.936342 -1.882101 22.317074 -26.768293 5.914634 1328.000000 1201.000000 1290.000000 1239.000000 0.000998 0.000052 0.000000 
8.330772 5.500155 -1.608598 26.280489 -26.036587 2.378049 1318.000000 1207.000000 1258.000000 1267.000000 0.000998 0.000052 0.000000 
10.137534 7.721281 -1.214225 -15.853659 19.512196 -0.731707 1200.000000 1329.000000 1287.000000 1242.000000 0.000998 0.000052 0.000000 
-4.085474 -5.800255 -1.473565 -9.024390 16.768293 -4.207317 1273.000000 1256.000000 1272.000000 1257.000000 0.000998 0.000052 0.000000 
-3.159980 -5.052251 -1.672012 12.317074 -18.048780 -1.524390 1270.000000 1257.000000 1248.000000 1279.000000 0.000998 0.000051 0.000000 
-1.217916 -2.938038 -1.664833 9.390244 -5.609756 -0.670732 1263.000000 1264.000000 1280.000000 1247.000000 0.000998 0.000052 0.000000 
-0.495997 -2.223022 -1.864046 1.402439 -5.243903 2.378049 1275.000000 1254.000000 1260.000000 1269.000000 0.000998 0.000052 0.000000 
0.240579 -0.998847 -1.829089 14.939025 -10.853659 1.707317 1290.000000 1239.000000 1273.000000 1256.000000 0.000998 0.000052 0.000000 
5.288511 3.725421 -1.857484 40.731709 -48.719513 -0.914634 1387.000000 1142.000000 1285.000000 1244.000000 0.000998 0.000052 0.000000 
12.323841 10.045208 -0.930618 12.317074 -6.341464 0.243902 1247.000000 1280.000000 1259.000000 1268.000000 0.000998 0.000052 0.000000 
-7.209248 -7.420901 -1.144339 -16.829269 48.048782 -13.353659 1297.000000 1232.000000 1263.000000 1266.000000 0.000998 0.000052 0.000000 
-7.812716 -8.597311 -1.102906 20.060976 -40.548782 -4.695122 1332.000000 1195.000000 1295.000000 1232.000000 0.000998 0.000051 0.000000 
-3.674173 -5.286603 -1.585839 7.500000 1.463415 -4.451220 1230.000000 1299.000000 1248.000000 1281.000000 0.000998 0.000052 0.000000 
-6.480502 -7.981512 -1.353106 -21.585367 13.109756 2.378049 1209.000000 1318.000000 1288.000000 1239.000000 0.000998 0.000052 0.000000 
-4.788358 -6.474226 -1.700695 35.731709 -30.731709 -2.073171 1345.000000 1184.000000 1254.000000 1275.000000 0.000998 0.000052 0.000000 
2.118250 0.549302 -2.080704 49.146343 -58.536587 3.231707 1380.000000 1145.000000 1288.000000 1237.000000 0.000998 0.000052 0.000000 
10.424837 7.833173 -1.437918 17.804878 -13.841464 3.536585 1259.000000 1268.000000 1240.000000 1287.000000 0.000998 0.000052 0.000000 
-11.527781 -12.910475 -0.746375 -67.743904 77.682930 -9.329268 1198.000000 1329.000000 1259.000000 1268.000000 0.000998 0.000052 0.000000 
-10.574553 -12.769185 -0.412072 -8.780488 1.158537 1.036585 1209.000000 1318.000000 1282.000000 1245.000000 0.000998 0.000052 0.000000 
-12.160112 -14.396633 -0.020614 3.109756 -0.365854 4.207317 1229.000000 1298.000000 1266.000000 1261.000000 0.000999 0.000052 0.000000 
-11.617497 -13.790719 -0.269963 8.780488 -12.682927 -0.000000 1257.000000 1272.000000 1287.000000 1242.000000 0.000998 0.000052 0.000000 
-10.315129 -12.543130 -0.720844 10.609756 -6.219512 5.975610 1255.000000 1272.000000 1251.000000 1276.000000 0.000998 0.000052 0.000000 
-10.462536 -12.703265 -0.815387 -2.804878 -1.219512 10.975610 1230.000000 1295.000000 1267.000000 1258.000000 0.000998 0.000051 0.000000 
-10.300075 -12.541541 -1.185468 4.451220 -7.317073 4.329268 1245.000000 1284.000000 1272.000000 1257.000000 0.000998 0.000052 0.000000 
-8.806868 -10.854546 -1.531878 10.853659 -11.097561 -2.073171 1267.000000 1262.000000 1265.000000 1264.000000 0.000998 0.000052 0.000000 
-8.174865 -10.204130 -1.591052 1.707317 -2.804878 -3.780488 1248.000000 1279.000000 1275.000000 1252.000000 0.000998 0.000052 0.000000 
-7.356073 -9.671621 -1.539878 9.451220 -7.804878 -7.073171 1269.000000 1258.000000 1260.000000 1267.000000 0.000998 0.000052 0.000000 
-6.798734 -9.287696 -1.619120 1.402439 -3.658537 -3.109756 1252.000000 1277.000000 1270.000000 1259.000000 0.000998 0.000052 0.000000 
-6.092198 -8.456574 -1.705985 7.987805 -5.182927 -1.219512 1268.000000 1261.000000 1264.000000 1265.000000 0.000998 0.000052 0.000000 
-5.496978 -7.839984 -1.961031 4.756098 -8.231708 3.841464 1256.000000 1271.000000 1268.000000 1259.000000 0.000998 0.000051 0.000000 
-3.915492 -6.239261 -2.307280 1.890244 -4.512195 2.378049 1265.000000 1264.000000 1271.000000 1258.000000 0.000998 0.000052 0.000000 
-2.706420 -5.168482 -2.294304 6.890244 -5.792683 -3.353659 1265.000000 1264.000000 1265.000000 1264.000000 0.000998 0.000052 0.000000 
-2.357834 -4.835135 -2.393394 1.036585 -3.658537 -1.036585 1262.000000 1265.000000 1266.000000 1261.000000 0.000998 0.000052 0.000000 
-1.378885 -3.981596 -2.321461 8.170732 -6.463415 -0.914634 1278.000000 1251.000000 1260.000000 1269.000000 0.000998 0.000051 0.000000 
-0.686680 -3.241120 -2.528054 1.890244 -3.475610 1.036585 1265.000000 1262.000000 1268.000000 1259.000000 0.000998 0.000052 0.000000 
-0.936302 -3.396871 -2.410522 -2.195122 3.841464 1.585366 1255.000000 1274.000000 1260.000000 1269.000000 0.000998 0.000052 0.000000 
-1.693049 -3.869545 -2.527232 0.000000 -0.853659 -0.060976 1274.000000 1255.000000 1274.000000 1255.000000 0.000998 0.000052 0.000000 
0.707203 -1.702697 -2.542533 1.829268 -2.439024 -2.134146 1257.000000 1268.000000 1262.000000 1263.000000 0.000998 0.000051 0.000000 
0.535170 -1.608753 -2.368852 -1.646341 1.158537 -0.487805 1258.000000 1271.000000 1270.000000 1259.000000 0.000998 0.000052 0.000000 
0.798632 -1.595027 -2.525470 4.146341 -2.804878 2.195122 1272.000000 1255.000000 1259.000000 1268.000000 0.000998 0.000052 0.000000 
1.310097 -0.968808 -2.511245 -0.121951 -0.548781 2.073171 1261.000000 1268.000000 1262.000000 1267.000000 0.000998 0.000052 0.000000 
1.297710 -0.808059 -2.361185 1.158537 -1.097561 0.670732 1263.000000 1266.000000 1268.000000 1261.000000 0.000998 0.000051 0.000000 
1.513722 -0.749848 -2.514277 1.097561 -0.670732 0.853659 1265.000000 1264.000000 1263.000000 1266.000000 0.000998 0.000052 0.000000 
1.762266 -0.645079 -2.388633 -1.524390 2.073171 -0.975610 1258.000000 1269.000000 1262.000000 1265.000000 0.000998 0.000052 0.000000 
1.119469 -1.005040 -2.467046 -0.609756 0.426829 -1.341463 1262.000000 1267.000000 1263.000000 1266.000000 0.000998 0.000052 0.000000 
1.133401 -0.789319 -2.378655 2.682927 -2.256098 1.707317 1269.000000 1258.000000 1259.000000 1268.000000 0.000998 0.000051 0.000000 
1.572017 -0.514679 -2.475046 0.792683 -0.060976 -0.670732 1272.000000 1257.000000 1269.000000 1260.000000 0.000998 0.000052 0.000000 
0.768703 -1.052804 -2.410353 -5.304878 5.426829 1.036585 1253.000000 1276.000000 1263.000000 1266.000000 0.000998 0.000052 0.000000 
0.835760 -0.730001 -2.445953 1.524390 -2.500000 -0.853659 1255.000000 1272.000000 1266.000000 1261.000000 0.000998 0.000052 0.000000 
1.304859 -0.399738 -2.455238 1.646341 -2.439024 0.426829 1264.000000 1263.000000 1263.000000 1264.000000 0.000998 0.000052 0.000000 
1.164397 -0.657369 -2.501446 -3.475610 4.390244 1.829268 1256.000000 1271.000000 1267.000000 1260.000000 0.000998 0.000052 0.000000 
1.056357 -0.892563 -2.473607 0.792683 -1.036585 -1.158537 1269.000000 1260.000000 1274.000000 1255.000000 0.000998 0.000052 0.000000 
1.007513 -0.745299 -2.539580 0.914634 -0.000000 0.365854 1262.000000 1267.000000 1263.000000 1266.000000 0.000998 0.000052 0.000000 
