c1,c2,c3,c4,c5,c6,c7,c8,c9,c10,c11,c12,c13,c14,c15,c16,c17,c18,c19,c20,c21,c22,c23,c24,c25,c26,c27,c28,c29,c30,c31,c32,c33,c34,c35,c36,,,,,,,,,,,,,,,,,,,,,,,,,,,,,,,,,,,,,,,,,,,,,,,,,,,,,,,,,,,,,,,,,,,,,,,,,,,
50,571,-150,-39,-42,1022,936,-2229,729,-49,-13,-2,0,0,0,27,43,246,-1484,27,1150,1150,1150,1150,0,0,0,0,0,0,0,0,0,-18,62,120,,,,,,,,,,,,,,,,,,,,,,,,,,,,,,,,,,,,,,,,,,,,,,,,,,,,,,,,,,,,,,,,,,,,,,,,,,,
103,-102,150,92,54,945,-101,944,-796,8,13,-20,0,0,0,27,70,263,-1484,27,1150,1150,1150,1150,0,0,0,0,0,0,0,0,0,7,-45,115,,,,,,,,,,,,,,,,,,,,,,,,,,,,,,,,,,,,,,,,,,,,,,,,,,,,,,,,,,,,,,,,,,,,,,,,,,,
150,566,-157,10,186,915,1241,-2168,-2932,-45,-17,-4,0,0,0,27,56,166,-1484,27,1150,1150,1150,1162,0,0,0,0,0,0,0,0,-1,-30,75,123,,,,,,,,,,,,,,,,,,,,,,,,,,,,,,,,,,,,,,,,,,,,,,,,,,,,,,,,,,,,,,,,,,,,,,,,,,,
203,-108,275,35,-186,986,-162,1554,3598,12,20,-2,0,0,0,33,104,152,-1472,33,1150,1151,1150,1150,0,0,0,0,0,0,0,0,1,30,-60,120,,,,,,,,,,,,,,,,,,,,,,,,,,,,,,,,,,,,,,,,,,,,,,,,,,,,,,,,,,,,,,,,,,,,,,,,,,,
250,255,-145,33,183,925,325,-764,-3482,-18,-16,-2,0,0,0,93,57,66,-1388,93,1150,1150,1150,1160,0,0,0,0,0,0,0,1,0,-37,30,119,,,,,,,,,,,,,,,,,,,,,,,,,,,,,,,,,,,,,,,,,,,,,,,,,,,,,,,,,,,,,,,,,,,,,,,,,,,
303,49,177,-61,-100,965,-955,1005,4208,-7,11,-4,0,0,0,201,53,62,-1288,201,1150,1156,1150,1150,0,0,0,0,0,0,0,0,0,26,-20,119,,,,,,,,,,,,,,,,,,,,,,,,,,,,,,,,,,,,,,,,,,,,,,,,,,,,,,,,,,,,,,,,,,,,,,,,,,,
350,27,5,105,5,1048,-40,-398,-2383,-5,-3,-4,0,0,0,358,84,79,-1184,358,1150,1150,1150,1150,0,0,0,0,0,0,0,0,0,-17,-12,116,,,,,,,,,,,,,,,,,,,,,,,,,,,,,,,,,,,,,,,,,,,,,,,,,,,,,,,,,,,,,,,,,,,,,,,,,,,
403,289,243,-92,-45,1007,-223,-215,2194,-32,21,-4,-1,0,0,807,50,9,-976,807,1162,1150,1150,1150,0,0,0,0,0,0,0,-1,0,35,21,120,,,,,,,,,,,,,,,,,,,,,,,,,,,,,,,,,,,,,,,,,,,,,,,,,,,,,,,,,,,,,,,,,,,,,,,,,,,
450,-111,99,69,-34,959,1485,1737,1217,13,5,0,0,0,0,892,46,16,-944,892,1150,1150,1150,1150,0,0,0,0,0,0,0,1,2,-19,-42,116,,,,,,,,,,,,,,,,,,,,,,,,,,,,,,,,,,,,,,,,,,,,,,,,,,,,,,,,,,,,,,,,,,,,,,,,,,,
503,331,65,-60,76,941,-406,-703,-3298,-25,9,0,0,0,0,981,82,68,-912,981,1150,1150,1175,1190,0,0,0,0,0,0,0,0,-2,-4,550,76,61,54,-61,1019,875,2592,2499,-10,5,0,0,0,0,1248,72,101,-824,1248,1201,1181,1150,1150,0,0,0,0,0,0,0,0,1,6,-14,116,,,,,,,,,,,,,,,,,,,,,,,,,,,,,,,,,,,,,,,,,
603,461,400,-115,109,1029,-1077,89,-2871,-40,34,-2,0,0,0,1490,94,117,-752,1490,1150,1150,1208,1192,0,0,0,0,0,0,0,-3,-3,43,48,125,,,,,,,,,,,,,,,,,,,,,,,,,,,,,,,,,,,,,,,,,,,,,,,,,,,,,,,,,,,,,,,,,,,,,,,,,,,
650,107,191,25,-96,1062,142,455,729,-9,16,0,0,0,0,1694,87,67,-696,1694,1184,1196,1176,1150,0,0,0,0,0,0,0,0,2,-7,-23,116,,,,,,,,,,,,,,,,,,,,,,,,,,,,,,,,,,,,,,,,,,,,,,,,,,,,,,,,,,,,,,,,,,,,,,,,,,,
703,375,79,-23,116,991,-467,455,180,-32,3,2,0,0,0,2073,97,73,-600,2073,1215,1194,1196,1194,0,0,0,0,0,0,0,0,-2,-2,35,116,,,,,,,,,,,,,,,,,,,,,,,,,,,,,,,,,,,,,,,,,,,,,,,,,,,,,,,,,,,,,,,,,,,,,,,,,,,
750,-113,92,-49,-55,935,20,639,3536,9,8,0,0,0,0,2259,59,-16,-556,2259,1252,1272,1154,1150,0,0,0,0,0,0,0,0,4,-3,-43,115,,,,,,,,,,,,,,,,,,,,,,,,,,,,,,,,,,,,,,,,,,,,,,,,,,,,,,,,,,,,,,,,,,,,,,,,,,,
803,172,193,-21,-194,1047,-711,1554,-979,-22,20,0,-1,0,0,2508,99,5,-499,2508,1200,1211,1255,1215,0,0,0,0,0,0,0,0,0,6,-4,120,,,,,,,,,,,,,,,,,,,,,,,,,,,,,,,,,,,,,,,,,,,,,,,,,,,,,,,,,,,,,,,,,,,,,,,,,,,
850,206,323,-29,-31,1028,570,-1314,-4397,-24,24,2,-1,0,0,2906,79,5,-415,2906,1191,1165,1296,1305,0,0,0,0,0,0,0,-3,-1,29,19,123,,,,,,,,,,,,,,,,,,,,,,,,,,,,,,,,,,,,,,,,,,,,,,,,,,,,,,,,,,,,,,,,,,,,,,,,,,,
903,-260,204,-20,31,965,-833,2164,2804,19,17,-2,0,0,0,3228,59,-69,-351,3228,1283,1308,1251,1195,0,0,0,0,0,0,0,0,1,8,-11,120,,,,,,,,,,,,,,,,,,,,,,,,,,,,,,,,,,,,,,,,,,,,,,,,,,,,,,,,,,,,,,,,,,,,,,,,,,,
950,-168,6,62,-100,893,-406,2348,7138,7,0,0,-1,0,0,3568,40,-28,-287,3568,1355,1363,1193,1150,0,0,0,0,0,0,0,3,1,-25,-9,118,,,,,,,,,,,,,,,,,,,,,,,,,,,,,,,,,,,,,,,,,,,,,,,,,,,,,,,,,,,,,,,,,,,,,,,,,,,
1003,1,12,27,88,1088,2584,-3084,-125,-14,1,0,-2,0,0,3811,83,38,-244,3811,1310,1242,1243,1313,0,0,0,0,0,0,0,0,-4,0,31,117,,,,,,,,,,,,,,,,,,,,,,,,,,,,,,,,,,,,,,,,,,,,,,,,,,,,,,,,,,,,,,,,,,,,,,,,,,,
1050,-183,-102,-23,-33,1005,-2603,3690,1522,5,-8,0,-2,0,0,4916,69,40,-60,4916,1332,1369,1343,1291,0,0,0,0,0,0,0,0,1,4,-10,122,,,,,,,,,,,,,,,,,,,,,,,,,,,,,,,,,,,,,,,,,,,,,,,,,,,,,,,,,,,,,,,,,,,,,,,,,,,
1103,-219,-332,-67,19,873,2889,-5891,-2932,1,-32,-2,-3,0,0,5548,89,2,0,5548,1354,1301,1338,1439,0,0,0,0,0,0,0,0,1,-6,-11,121,,,,,,,,,,,,,,,,,,,,,,,,,,,,,,,,,,,,,,,,,,,,,,,,,,,,,,,,,,,,,,,,,,,,,,,,,,,
1150,2,-324,244,-22,860,814,1737,-979,-21,-28,-2,-4,0,0,5602,67,112,0,5602,1366,1330,1356,1389,0,0,0,0,0,0,0,3,-1,-23,13,121,,,,,,,,,,,,,,,,,,,,,,,,,,,,,,,,,,,,,,,,,,,,,,,,,,,,,,,,,,,,,,,,,,,,,,,,,,,
1203,-197,-656,-101,172,794,325,8207,-918,3,-57,0,-2,0,0,5878,68,23,0,5878,1351,1370,1460,1284,0,0,0,0,0,0,0,0,-4,-5,29,120,,,,,,,,,,,,,,,,,,,,,,,,,,,,,,,,,,,,,,,,,,,,,,,,,,,,,,,,,,,,,,,,,,,,,,,,,,,
1250,-805,-1475,-275,222,1417,936,17850,-3848,56,-125,0,-2,0,0,6686,83,109,0,6686,1356,1366,1529,1314,0,0,0,0,0,0,0,3,4,-25,-28,128,,,,,,,,,,,,,,,,,,,,,,,,,,,,,,,,,,,,,,,,,,,,,,,,,,,,,,,,,,,,,,,,,,,,,,,,,,,
1303,-663,-1066,-70,-4,834,-101,-3633,-1773,40,-96,-2,-3,0,0,7079,68,3,0,7079,1390,1399,1413,1447,0,0,0,0,0,0,0,-5,0,27,-2,123,,,,,,,,,,,,,,,,,,,,,,,,,,,,,,,,,,,,,,,,,,,,,,,,,,,,,,,,,,,,,,,,,,,,,,,,,,,
1350,-312,-1278,243,-104,1198,1424,883,-4153,2,-115,0,-4,0,0,7079,78,-89,0,7079,1381,1363,1428,1469,0,0,0,0,0,0,0,11,-4,-70,29,127,,,,,,,,,,,,,,,,,,,,,,,,,,,,,,,,,,,,,,,,,,,,,,,,,,,,,,,,,,,,,,,,,,,,,,,,,,,
1403,17,-965,104,22,660,1729,944,-613,-29,-84,0,-5,0,0,7079,56,-31,0,7079,1419,1391,1413,1423,0,0,0,0,0,0,0,5,-5,-37,29,120,,,,,,,,,,,,,,,,,,,,,,,,,,,,,,,,,,,,,,,,,,,,,,,,,,,,,,,,,,,,,,,,,,,,,,,,,,,
1450,415,-1377,-82,53,936,5819,-2656,3414,-64,-123,0,-5,0,0,8593,131,0,0,8593,1518,1432,1370,1468,0,0,0,0,0,0,0,5,-6,-39,38,124,,,,,,,,,,,,,,,,,,,,,,,,,,,,,,,,,,,,,,,,,,,,,,,,,,,,,,,,,,,,,,,,,,,,,,,,,,,
1503,555,-1116,71,64,419,4964,6010,2560,-86,-100,0,-7,0,0,9387,60,-14,0,9387,1521,1458,1470,1430,0,0,0,0,0,0,0,2,-8,-20,46,123,,,,,,,,,,,,,,,,,,,,,,,,,,,,,,,,,,,,,,,,,,,,,,,,,,,,,,,,,,,,,,,,,,,,,,,,,,,
1550,988,-636,-165,73,968,-3275,2897,1400,-114,-55,0,-5,0,0,9387,83,-1,0,9387,1486,1499,1480,1462,0,0,0,0,0,0,0,-4,-7,17,41,124,,,,,,,,,,,,,,,,,,,,,,,,,,,,,,,,,,,,,,,,,,,,,,,,,,,,,,,,,,,,,,,,,,,,,,,,,,,
1603,457,-773,172,-75,881,-3214,1249,668,-57,-67,0,-3,0,0,9422,42,-56,0,9422,1477,1500,1465,1489,0,0,0,0,0,0,0,7,6,-45,-27,123,,,,,,,,,,,,,,,,,,,,,,,,,,,,,,,,,,,,,,,,,,,,,,,,,,,,,,,,,,,,,,,,,,,,,,,,,,,
1650,1022,-1103,78,-110,1108,814,1981,-1284,-110,-96,-2,-4,0,0,10776,60,-69,0,10776,1522,1473,1500,1535,0,0,0,0,0,0,0,17,-13,-92,71,132,,,,,,,,,,,,,,,,,,,,,,,,,,,,,,,,,,,,,,,,,,,,,,,,,,,,,,,,,,,,,,,,,,,,,,,,,,,
1703,1647,-1485,258,88,403,3133,-3511,1339,-157,-129,0,-2,0,0,12060,43,-112,11,12060,1595,1513,1489,1576,0,0,0,0,0,0,0,26,-11,-135,62,134,,,,,,,,,,,,,,,,,,,,,,,,,,,,,,,,,,,,,,,,,,,,,,,,,,,,,,,,,,,,,,,,,,,,,,,,,,,
1750,743,-1901,221,37,679,-1444,8451,-2993,-78,-165,0,-2,0,0,12100,53,-88,15,12100,1528,1540,1571,1575,0,0,0,0,0,0,0,27,14,-138,-60,132,,,,,,,,,,,,,,,,,,,,,,,,,,,,,,,,,,,,,,,,,,,,,,,,,,,,,,,,,,,,,,,,,,,,,,,,,,,
1803,1324,-1850,126,-64,1093,2584,5521,-2810,-133,-164,-4,-3,0,0,12100,64,11,15,12100,1559,1502,1548,1598,0,0,0,0,0,0,0,9,-12,-49,68,133,,,,,,,,,,,,,,,,,,,,,,,,,,,,,,,,,,,,,,,,,,,,,,,,,,,,,,,,,,,,,,,,,,,,,,,,,,,
1850,1362,-826,-138,271,805,12777,13822,-6655,-132,-75,-4,-2,0,0,12100,71,-30,15,12100,1566,1434,1619,1584,0,0,0,0,0,0,0,-3,-3,23,33,133,,,,,,,,,,,,,,,,,,,,,,,,,,,,,,,,,,,,,,,,,,,,,,,,,,,,,,,,,,,,,,,,,,,,,,,,,,,
1903,1834,926,-201,-80,589,-5228,23405,-5557,-167,77,-4,-1,0,0,12140,85,38,20,12140,1505,1515,1642,1548,0,0,0,0,0,0,0,-14,-3,90,33,131,,,,,,,,,,,,,,,,,,,,,,,,,,,,,,,,,,,,,,,,,,,,,,,,,,,,,,,,,,,,,,,,,,,,,,,,,,,
1950,1451,1316,-158,-4,1220,2584,5582,-6045,-161,114,-2,-6,0,0,12463,88,21,51,12463,1557,1468,1611,1606,0,0,0,0,0,0,0,-3,1,50,11,129,,,,,,,,,,,,,,,,,,,,,,,,,,,,,,,,,,,,,,,,,,,,,,,,,,,,,,,,,,,,,,,,,,,,,,,,,,,
2003,1560,1569,386,-295,875,4537,16264,-5923,-212,137,-25,-15,0,0,13543,98,239,155,13543,1545,1496,1662,1605,0,0,0,0,0,0,0,12,6,-7,-3,134,,,,,,,,,,,,,,,,,,,,,,,,,,,,,,,,,,,,,,,,,,,,,,,,,,,,,,,,,,,,,,,,,,,,,,,,,,,
2050,1661,2128,-112,-137,1139,-467,6071,-7083,-253,213,-25,-21,5,0,13543,148,230,155,13543,1549,1491,1662,1642,0,0,0,0,0,0,0,2,2,47,16,135,,,,,,,,,,,,,,,,,,,,,,,,,,,,,,,,,,,,,,,,,,,,,,,,,,,,,,,,,,,,,,,,,,,,,,,,,,,
2103,2004,1839,180,-222,1450,-3763,1310,-6167,-283,226,-12,-21,13,0,13713,87,201,172,13713,1556,1510,1653,1641,0,0,0,0,0,0,0,22,5,-28,6,136,,,,,,,,,,,,,,,,,,,,,,,,,,,,,,,,,,,,,,,,,,,,,,,,,,,,,,,,,,,,,,,,,,,,,,,,,,,
2150,1887,2083,55,-36,878,-23050,-5037,-9402,-370,363,-18,-41,36,0,13585,150,227,159,13585,1496,1506,1692,1643,0,0,0,0,0,0,0,8,-1,26,27,136,,,,,,,,,,,,,,,,,,,,,,,,,,,,,,,,,,,,,,,,,,,,,,,,,,,,,,,,,,,,,,,,,,,,,,,,,,,
2203,432,902,62,-260,1301,-17679,-21699,-4092,-327,399,-2,-57,64,0,13543,129,281,155,13543,1580,1503,1627,1637,0,0,0,0,0,0,0,16,7,-16,-23,138,,,,,,,,,,,,,,,,,,,,,,,,,,,,,,,,,,,,,,,,,,,,,,,,,,,,,,,,,,,,,,,,,,,,,,,,,,,
2250,148,533,-89,-272,1011,-13345,-28169,-7998,-211,315,-4,-39,53,0,13543,124,233,155,13543,1528,1497,1643,1674,0,0,0,0,0,0,0,-7,-1,59,1,137,,,,,,,,,,,,,,,,,,,,,,,,,,,,,,,,,,,,,,,,,,,,,,,,,,,,,,,,,,,,,,,,,,,,,,,,,,,
2303,-447,-1210,427,-52,1137,-15421,-26277,-4336,-97,124,-2,-27,46,0,13543,199,380,155,13543,1532,1541,1618,1656,0,0,0,0,0,0,0,11,-3,-40,-3,140,,,,,,,,,,,,,,,,,,,,,,,,,,,,,,,,,,,,,,,,,,,,,,,,,,,,,,,,,,,,,,,,,,,,,,,,,,,
2350,-486,-1552,49,-135,896,-4373,-11384,-7205,-37,101,-4,-16,47,0,13543,193,390,155,13543,1544,1481,1662,1651,0,0,0,0,0,0,0,0,-7,-10,9,136,,,,,,,,,,,,,,,,,,,,,,,,,,,,,,,,,,,,,,,,,,,,,,,,,,,,,,,,,,,,,,,,,,,,,,,,,,,
2403,-56,-964,-133,237,1014,-1627,-8699,-6167,-9,149,-4,-2,46,0,13543,175,404,155,13543,1546,1490,1668,1636,0,0,0,0,0,0,0,-17,-17,52,43,136,,,,,,,,,,,,,,,,,,,,,,,,,,,,,,,,,,,,,,,,,,,,,,,,,,,,,,,,,,,,,,,,,,,,,,,,,,,
2450,-325,-1502,-12,-44,1561,-223,-15901,-6289,17,92,-4,-2,44,0,13332,228,486,136,13332,1555,1461,1641,1659,0,0,0,0,0,0,0,-4,-2,-7,-13,135,,,,,,,,,,,,,,,,,,,,,,,,,,,,,,,,,,,,,,,,,,,,,,,,,,,,,,,,,,,,,,,,,,,,,,,,,,,
2503,23,-2315,7,102,845,4537,-7356,-5007,-12,-69,-2,-2,26,0,13585,286,510,159,13585,1570,1477,1651,1647,0,0,0,0,0,0,0,1,-10,-40,19,131,,,,,,,,,,,,,,,,,,,,,,,,,,,,,,,,,,,,,,,,,,,,,,,,,,,,,,,,,,,,,,,,,,,,,,,,,,,
2550,402,-2060,214,83,1044,1241,455,-5862,-45,-151,0,-2,5,0,13628,308,570,163,13628,1555,1479,1664,1648,0,0,0,0,0,0,0,-2,-13,-29,33,132,,,,,,,,,,,,,,,,,,,,,,,,,,,,,,,,,,,,,,,,,,,,,,,,,,,,,,,,,,,,,,,,,,,,,,,,,,,
2603,294,-723,-407,-68,977,-8096,13029,-7876,-29,-59,-2,0,0,0,13585,345,624,159,13585,1522,1476,1707,1629,0,0,0,0,0,0,0,-37,-12,107,23,135,,,,,,,,,,,,,,,,,,,,,,,,,,,,,,,,,,,,,,,,,,,,,,,,,,,,,,,,,,,,,,,,,,,,,,,,,,,
2650,466,105,-333,370,591,-3031,639,-4519,-47,12,-4,-1,0,0,13585,351,535,159,13585,1565,1472,1654,1651,0,0,0,0,0,0,0,-40,-38,118,110,133,,,,,,,,,,,,,,,,,,,,,,,,,,,,,,,,,,,,,,,,,,,,,,,,,,,,,,,,,,,,,,,,,,,,,,,,,,,
2703,-37,-320,203,-192,1149,-7547,-5769,-4885,34,-27,-4,6,0,0,13585,364,551,159,13585,1527,1505,1648,1663,0,0,0,0,0,0,0,-8,-12,0,7,131,,,,,,,,,,,,,,,,,,,,,,,,,,,,,,,,,,,,,,,,,,,,,,,,,,,,,,,,,,,,,,,,,,,,,,,,,,,
2750,92,-284,89,-98,1153,-2237,1188,-5313,138,-73,-2,29,-9,0,12220,398,483,27,12220,1491,1458,1629,1629,0,0,0,0,0,0,0,-10,-23,5,39,131,,,,,,,,,,,,,,,,,,,,,,,,,,,,,,,,,,,,,,,,,,,,,,,,,,,,,,,,,,,,,,,,,,,,,,,,,,,
2803,124,-35,158,-300,879,-1505,4972,-2810,212,-118,-4,44,-23,0,12180,470,481,24,12180,1480,1505,1607,1627,0,0,0,0,0,0,0,-5,-9,-7,-7,133,,,,,,,,,,,,,,,,,,,,,,,,,,,,,,,,,,,,,,,,,,,,,,,,,,,,,,,,,,,,,,,,,,,,,,,,,,,
2850,69,544,-173,-115,1002,7894,10465,-5191,297,-71,-6,60,-23,0,12140,485,527,20,12140,1476,1461,1654,1606,0,0,0,0,0,0,0,-18,0,39,-36,134,,,,,,,,,,,,,,,,,,,,,,,,,,,,,,,,,,,,,,,,,,,,,,,,,,,,,,,,,,,,,,,,,,,,,,,,,,,
2903,409,271,377,-205,1003,18575,3629,-1712,323,-91,-6,71,-23,0,12180,507,493,24,12180,1521,1468,1598,1624,0,0,0,0,0,0,0,3,0,-30,-23,133,,,,,,,,,,,,,,,,,,,,,,,,,,,,,,,,,,,,,,,,,,,,,,,,,,,,,,,,,,,,,,,,,,,,,,,,,,,
2950,1427,494,-181,206,840,21566,7536,-2444,214,-79,-4,67,-24,0,12100,501,411,15,12100,1524,1445,1627,1598,0,0,0,0,0,0,0,-7,-13,8,40,133,,,,,,,,,,,,,,,,,,,,,,,,,,,,,,,,,,,,,,,,,,,,,,,,,,,,,,,,,,,,,,,,,,,,,,,,,,,
3003,2142,384,-5,321,489,12532,8573,-1895,151,-92,-2,67,-25,0,12100,541,441,15,12100,1516,1466,1624,1597,0,0,0,0,0,0,0,-5,-26,3,94,131,,,,,,,,,,,,,,,,,,,,,,,,,,,,,,,,,,,,,,,,,,,,,,,,,,,,,,,,,,,,,,,,,,,,,,,,,,,
3050,2500,581,151,243,577,8504,3385,-796,120,-78,-2,67,-25,0,13290,545,299,132,13290,1547,1513,1621,1642,0,0,0,0,0,0,0,1,-19,-13,79,132,,,,,,,,,,,,,,,,,,,,,,,,,,,,,,,,,,,,,,,,,,,,,,,,,,,,,,,,,,,,,,,,,,,,,,,,,,,
3103,3050,1327,132,78,1073,8748,-1314,-2810,33,-2,-2,60,-23,0,13374,541,202,139,13374,1551,1482,1635,1656,0,0,0,0,0,0,0,-7,-8,22,52,132,,,,,,,,,,,,,,,,,,,,,,,,,,,,,,,,,,,,,,,,,,,,,,,,,,,,,,,,,,,,,,,,,,,,,,,,,,,
3150,2730,1511,-92,154,995,1546,-1558,-2688,33,76,-4,54,-11,0,13374,561,207,139,13374,1527,1506,1645,1648,0,0,0,0,0,0,0,-8,1,32,25,131,,,,,,,,,,,,,,,,,,,,,,,,,,,,,,,,,,,,,,,,,,,,,,,,,,,,,,,,,,,,,,,,,,,,,,,,,,,
3203,2241,1552,-114,-90,1283,8565,1249,-3115,31,111,0,45,-4,0,13458,556,224,148,13458,1552,1477,1668,1630,0,0,0,0,0,0,0,-4,11,21,-2,132,,,,,,,,,,,,,,,,,,,,,,,,,,,,,,,,,,,,,,,,,,,,,,,,,,,,,,,,,,,,,,,,,,,,,,,,,,,
3250,2396,710,13,6,1375,12349,2409,-4336,-62,37,-2,29,-4,0,13416,572,215,143,13416,1576,1422,1677,1639,0,0,0,0,0,0,0,5,4,-12,26,128,,,,,,,,,,,,,,,,,,,,,,,,,,,,,,,,,,,,,,,,,,,,,,,,,,,,,,,,,,,,,,,,,,,,,,,,,,,
3303,1707,172,310,-202,866,-3702,-4426,-369,-131,-2,-2,3,-3,0,13500,585,172,152,13500,1557,1511,1621,1653,0,0,0,0,0,0,0,22,25,-70,-41,134,,,,,,,,,,,,,,,,,,,,,,,,,,,,,,,,,,,,,,,,,,,,,,,,,,,,,,,,,,,,,,,,,,,,,,,,,,,
3350,1464,365,449,-42,1099,-1932,4240,-3665,-110,24,-4,3,-1,0,13458,589,174,148,13458,1541,1474,1686,1629,0,0,0,0,0,0,0,7,11,-22,0,131,,,,,,,,,,,,,,,,,,,,,,,,,,,,,,,,,,,,,,,,,,,,,,,,,,,,,,,,,,,,,,,,,,,,,,,,,,,
3403,1607,793,-204,93,1176,-2725,-337,-3543,-80,166,-4,11,19,0,13500,587,147,152,13500,1545,1468,1684,1629,0,0,0,0,0,0,0,-4,-5,21,51,133,,,,,,,,,,,,,,,,,,,,,,,,,,,,,,,,,,,,,,,,,,,,,,,,,,,,,,,,,,,,,,,,,,,,,,,,,,,
3450,1292,779,-73,-252,1457,1058,-2962,-2627,-11,190,-2,20,24,0,13500,598,195,152,13500,1554,1474,1660,1645,0,0,0,0,0,0,0,-6,13,27,-5,134,,,,,,,,,,,,,,,,,,,,,,,,,,,,,,,,,,,,,,,,,,,,,,,,,,,,,,,,,,,,,,,,,,,,,,,,,,,
3503,1163,287,-81,131,919,3377,-13887,-2139,-38,154,-4,12,25,0,13500,592,133,152,13500,1550,1482,1643,1660,0,0,0,0,0,0,0,-8,3,25,29,132,,,,,,,,,,,,,,,,,,,,,,,,,,,,,,,,,,,,,,,,,,,,,,,,,,,,,,,,,,,,,,,,,,,,,,,,,,,
3550,1194,-282,488,-215,1160,-3153,-12605,-2688,-41,41,-4,12,13,0,13500,613,179,152,13500,1543,1480,1641,1670,0,0,0,0,0,0,0,9,7,-36,17,135,,,,,,,,,,,,,,,,,,,,,,,,,,,,,,,,,,,,,,,,,,,,,,,,,,,,,,,,,,,,,,,,,,,,,,,,,,,
3603,1195,22,-399,-158,1248,-4190,1920,-3787,-13,8,-4,18,1,0,13500,631,176,152,13500,1529,1475,1683,1642,0,0,0,0,0,0,0,-14,7,35,15,131,,,,,,,,,,,,,,,,,,,,,,,,,,,,,,,,,,,,,,,,,,,,,,,,,,,,,,,,,,,,,,,,,,,,,,,,,,,
3650,1543,429,-218,15,858,-2664,-2839,-2688,-40,40,-4,18,0,0,13500,638,147,152,13500,1533,1486,1657,1657,0,0,0,0,0,0,0,-29,-8,82,67,132,,,,,,,,,,,,,,,,,,,,,,,,,,,,,,,,,,,,,,,,,,,,,,,,,,,,,,,,,,,,,,,,,,,,,,,,,,,
3703,1035,-257,217,-222,1139,-5045,-7234,-4641,0,-22,-2,18,0,0,13543,652,205,155,13543,1508,1480,1656,1680,0,0,0,0,0,0,0,11,17,-49,-17,135,,,,,,,,,,,,,,,,,,,,,,,,,,,,,,,,,,,,,,,,,,,,,,,,,,,,,,,,,,,,,,,,,,,,,,,,,,,
3750,617,-413,-154,0,1139,-6143,-2046,-2749,5,-36,-4,11,0,0,13500,657,231,152,13500,1524,1491,1649,1670,0,0,0,0,0,0,0,2,10,-22,-2,130,,,,,,,,,,,,,,,,,,,,,,,,,,,,,,,,,,,,,,,,,,,,,,,,,,,,,,,,,,,,,,,,,,,,,,,,,,,
3803,482,0,-90,78,852,-345,4728,-2261,17,3,-2,11,0,0,13500,669,196,152,13500,1528,1493,1670,1643,0,0,0,0,0,0,0,-25,-3,66,39,124,,,,,,,,,,,,,,,,,,,,,,,,,,,,,,,,,,,,,,,,,,,,,,,,,,,,,,,,,,,,,,,,,,,,,,,,,,,
3850,-51,-3,-99,36,951,-40,-2473,-1895,63,3,-2,11,0,0,13500,689,218,152,13500,1523,1502,1653,163903,-112,-370,-18,-101,1159,-284,-2107,-3665,170,-32,-4,32,0,0,13500,694,251,152,13500,1499,1496,1664,1670,0,0,0,0,0,0,0,-7,5,4,6,131,,,,,,,,,,,,,,,,,,,,,,,,,,,,,,,,,,,,,,,,,,,,,,,,,,,,
3950,24,-58,35,-168,1132,9603,4179,-3482,186,-1,-8,37,0,0,13458,698,196,148,13458,1516,1476,1670,1665,0,0,0,0,0,0,0,-7,18,7,-25,128,,,,,,,,,,,,,,,,,,,,,,,,,,,,,,,,,,,,,,,,,,,,,,,,,,,,,,,,,,,,,,,,,,,,,,,,,,,
4003,315,74,117,-3,913,6429,-7295,1522,384,6,-25,82,0,0,13543,719,233,155,13543,1501,1551,1618,1672,0,0,0,0,0,0,0,-1,18,-10,-16,128,,,,,,,,,,,,,,,,,,,,,,,,,,,,,,,,,,,,,,,,,,,,,,,,,,,,,,,,,,,,,,,,,,,,,,,,,,,
4050,610,-365,156,-33,1098,22420,1432,-125,463,-66,-41,103,-6,0,13585,736,241,159,13585,1524,1492,1673,1651,0,0,0,0,0,0,0,2,26,-25,-26,135,,,,,,,,,,,,,,,,,,,,,,,,,,,,,,,,,,,,,,,,,,,,,,,,,,,,,,,,,,,,,,,,,,,,,,,,,,,
4103,1910,81,-212,194,951,35115,11076,-1162,531,-59,-41,139,-13,0,13543,749,242,155,13543,1533,1459,1693,1641,0,0,0,0,0,0,0,-15,13,34,38,137,,,,,,,,,,,,,,,,,,,,,,,,,,,,,,,,,,,,,,,,,,,,,,,,,,,,,,,,,,,,,,,,,,,,,,,,,,,
4150,2921,359,77,180,1010,32003,4972,-125,582,-41,-50,167,-14,0,13585,753,187,159,13585,1517,1486,1667,1663,0,0,0,0,0,0,0,-1,28,-2,19,134,,,,,,,,,,,,,,,,,,,,,,,,,,,,,,,,,,,,,,,,,,,,,,,,,,,,,,,,,,,,,,,,,,,,,,,,,,,
4203,3547,622,-278,33,1073,36214,3751,1400,496,-15,-50,161,-13,0,13585,782,262,159,13585,1554,1470,1666,1649,0,0,0,0,0,0,0,-6,51,16,-19,136,,,,,,,,,,,,,,,,,,,,,,,,,,,,,,,,,,,,,,,,,,,,,,,,,,,,,,,,,,,,,,,,,,,,,,,,,,,
4250,4074,254,-185,144,1337,27425,5704,2255,237,8,-50,118,-2,0,13585,772,269,159,13585,1556,1480,1664,1643,0,0,0,0,0,0,0,8,52,-23,2,132,,,,,,,,,,,,,,,,,,,,,,,,,,,,,,,,,,,,,,,,,,,,,,,,,,,,,,,,,,,,,,,,,,,,,,,,,,,
4303,4537,462,-38,358,1268,10885,7719,-1101,-326,22,-35,13,-3,0,13585,799,318,159,13585,1563,1426,1680,1656,0,0,0,0,0,0,0,0,38,7,57,132,,,,,,,,,,,,,,,,,,,,,,,,,,,,,,,,,,,,,,,,,,,,,,,,,,,,,,,,,,,,,,,,,,,,,,,,,,,
4349,3534,-280,66,67,742,-34891,-9065,2804,-323,-11,-18,2,-2,0,13543,811,264,155,13543,1504,1523,1659,1654,0,0,0,0,0,0,0,21,37,-60,41,134,,,,,,,,,,,,,,,,,,,,,,,,,,,,,,,,,,,,,,,,,,,,,,,,,,,,,,,,,,,,,,,,,,,,,,,,,,,
4403,2143,735,-508,213,1104,-13284,10343,-2566,-183,46,-16,0,-3,0,13585,822,230,159,13585,1536,1452,1717,1624,0,0,0,0,0,0,0,-36,23,109,59,138,,,,,,,,,,,,,,,,,,,,,,,,,,,,,,,,,,,,,,,,,,,,,,,,,,,,,,,,,,,,,,,,,,,,,,,,,,,
4450,1602,1034,-269,331,802,-11087,1920,-1345,-258,83,-12,-23,-1,0,13628,811,213,163,13628,1538,1475,1679,1651,0,0,0,0,0,0,0,-26,11,82,78,138,,,,,,,,,,,,,,,,,,,,,,,,,,,,,,,,,,,,,,,,,,,,,,,,,,,,,,,,,,,,,,,,,,,,,,,,,,,
4503,821,373,-333,156,1027,-24027,-6563,-613,-309,29,-12,-47,0,0,13543,833,162,155,13543,1512,1510,1649,1671,0,0,0,0,0,0,0,-4,18,11,39,135,,,,,,,,,,,,,,,,,,,,,,,,,,,,,,,,,,,,,,,,,,,,,,,,,,,,,,,,,,,,,,,,,,,,,,,,,,,
4550,-310,466,-547,78,1185,-26163,761,241,-248,40,-10,-55,0,0,13543,829,187,155,13543,1511,1524,1666,1644,0,0,0,0,0,0,0,-22,19,59,11,133,,,,,,,,,,,,,,,,,,,,,,,,,,,,,,,,,,,,,,,,,,,,,,,,,,,,,,,,,,,,,,,,,,,,,,,,,,,
4603,-1592,-13,348,-147,968,-15909,-2412,790,-129,-8,-8,-53,-1,0,13585,820,171,159,13585,1528,1517,1633,1668,0,0,0,0,0,0,0,7,29,-27,-39,136,,,,,,,,,,,,,,,,,,,,,,,,,,,,,,,,,,,,,,,,,,,,,,,,,,,,,,,,,,,,,,,,,,,,,,,,,,,
4650,-1899,-200,368,-47,765,-8829,-4915,-491,-176,-17,-8,-68,0,0,13500,843,152,152,13500,1562,1453,1659,1655,0,0,0,0,0,0,0,14,18,-50,-20,137,,,,,,,,,,,,,,,,,,,,,,,,,,,,,,,,,,,,,,,,,,,,,,,,,,,,,,,,,,,,,,,,,,,,,,,,,,,
4703,-1820,-465,-136,-131,1326,-18350,-3023,-3,-246,-9,-4,-80,6,0,13585,867,229,159,13585,1526,1508,1654,1654,0,0,0,0,0,0,0,0,5,-12,4,134,,,,,,,,,,,,,,,,,,,,,,,,,,,,,,,,,,,,,,,,,,,,,,,,,,,,,,,,,,,,,,,,,,,,,,,,,,,
4750,-1556,-137,175,-394,1639,-19144,150,-1528,-457,82,-4,-118,18,0,13543,845,191,155,13543,1539,1469,1665,1661,0,0,0,0,0,0,0,-7,0,14,11,137,,,,,,,,,,,,,,,,,,,,,,,,,,,,,,,,,,,,,,,,,,,,,,,,,,,,,,,,,,,,,,,,,,,,,,,,,,,
4803,-1179,6,-162,63,915,-25797,-2290,-2871,-560,66,-4,-132,13,0,13543,852,144,155,13543,1510,1478,1673,1670,0,0,0,0,0,0,0,-17,-21,40,52,137,,,,,,,,,,,,,,,,,,,,,,,,,,,,,,,,,,,,,,,,,,,,,,,,,,,,,,,,,,,,,,,,,,,,,,,,,,,
4850,-1753,-76,-168,-28,948,-35867,-2656,-186,-667,98,-4,-164,20,0,13585,867,124,159,13585,1543,1485,1668,1645,0,0,0,0,0,0,0,-16,-36,35,64,139,,,,,,,,,,,,,,,,,,,,,,,,,,,,,,,,,,,,,,,,,,,,,,,,,,,,,,,,,,,,,,,,,,,,,,,,,,,
4903,-3268,-1020,211,-61,979,-37698,-8943,-1406,-730,81,-2,-203,34,0,13458,846,47,148,13458,1541,1462,1660,1661,0,0,0,0,0,0,0,14,-21,-59,-12,141,,,,,,,,,,,,,,,,,,,,,,,,,,,,,,,,,,,,,,,,,,,,,,,,,,,,,,,,,,,,,,,,,,,,,,,,,,,
4950,-3782,-1086,71,120,835,-36783,639,-2688,-724,79,-4,-210,34,0,13500,876,81,152,13500,1534,1449,1693,1647,0,0,0,0,0,0,0,5,-45,-37,24,136,,,,,,,,,,,,,,,,,,,,,,,,,,,,,,,,,,,,,,,,,,,,,,,,,,,,,,,,,,,,,,,,,,,,,,,,,,,
5003,-4621,-0,0,-37,-41,79,-20,142,,,,,,,,,,,,,,,,,,,,,,,,,,,,,,,,,,,,,,,,,,,,,,,,,,,,,,,,,,,,,,,,,,,,,,,,,,,,,,,,,,,,,,,,,,,,,,,,,,,,,,
5050,-4942,173,-262,-149,1056,-13284,-4121,-674,152,15,-6,-55,0,0,13500,888,154,152,13500,1509,1510,1667,1656,0,0,0,0,0,0,0,-42,-47,92,-24,139,,,,,,,,,,,,,,,,,,,,,,,,,,,,,,,,,,,,,,,,,,,,,,,,,,,,,,,,,,,,,,,,,,,,,,,,,,,
5103,-4075,-415,358,-141,1085,17965,9367,-1712,352,-32,-6,0,0,0,13543,878,71,155,1355150,-1653,302,-33,111,838,16134,5888,241,203,22,-6,11,0,0,13585,879,57,159,13585,1526,1504,1662,1652,0,0,0,0,0,0,0,-14,-69,23,64,130,,,,,,,,,,,,,,,,,,,,,,,,,,,,,,,,,,,,,,,,,,,,,,,,,,,,,,,,
5203,128,212,468,-50,1152,14913,1432,-857,44,18,-6,11,0,0,13585,897,72,159,13585,1535,1475,1671,1654,0,0,0,0,0,0,0,4,-57,-30,49,128,,,,,,,,,,,,,,,,,,,,,,,,,,,,,,,,,,,,,,,,,,,,,,,,,,,,,,,,,,,,,,,,,,,,,,,,,,,
5250,689,-42,411,-46,981,4781,578,-918,0,0,-2,11,0,0,13585,895,65,159,13585,1511,1502,1664,1659,0,0,0,0,0,0,0,12,-42,-52,16,124,,,,,,,,,,,,,,,,,,,,,,,,,,,,,,,,,,,,,,,,,,,,,,,,,,,,,,,,,,,,,,,,,,,,,,,,,,,
5303,1121,779,-249,-128,1325,4049,1249,-796,-38,71,-4,11,0,0,13543,897,71,155,13543,1524,1488,1669,1655,0,0,0,0,0,0,0,-24,-37,52,8,131,,,,,,,,,,,,,,,,,,,,,,,,,,,,,,,,,,,,,,,,,,,,,,,,,,,,,,,,,,,,,,,,,,,,,,,,,,,
5350,1127,234,16,-193,1243,-2176,-9675,607,-7,23,-4,18,0,0,13543,923,81,155,13543,1497,1536,1628,1678,0,0,0,0,0,0,0,1,-28,-25,-13,130,,,,,,,,,,,,,,,,,,,,,,,,,,,,,,,,,,,,,,,,,,,,,,,,,,,,,,,,,,,,,,,,,,,,,,,,,,,
5403,1584,182,199,62,824,9908,8146,-1956,182,12,-2,64,0,0,13543,897,65,155,13543,1514,1482,1697,1639,0,0,0,0,0,0,0,-2,-48,-16,46,129,,,,,,,,,,,,,,,,,,,,,,,,,,,,,,,,,,,,,,,,,,,,,,,,,,,,,,,,,,,,,,,,,,,,,,,,,,,
5450,1712,669,379,-253,977,22420,5827,-1467,520,58,-6,134,0,0,13543,907,40,155,13543,1503,1498,1684,1651,0,0,0,0,0,0,0,-14,-27,21,0,132,,,,,,,,,,,,,,,,,,,,,,,,,,,,,,,,,,,,,,,,,,,,,,,,,,,,,,,,,,,,,,,,,,,,,,,,,,,
5503,2876,1148,-147,28,997,42318,-6013,363,632,103,-6,176,0,0,13458,908,31,148,13458,1558,1461,1655,1653,0,0,0,0,0,0,0,-30,-28,63,32,133,,,,,,,,,,,,,,,,,,,,,,,,,,,,,,,,,,,,,,,,,,,,,,,,,,,,,,,,,,,,,,,,,,,,,,,,,,,
5550,4205,773,87,-87,807,49154,-337,-1223,729,64,-4,219,0,0,13585,899,-38,159,13585,5603,5170,932,-137,38,942,48238,-3755,3048,812,11,-6,252,-13,0,13628,895,-42,163,13628,1541,1522,1625,1654,0,0,0,0,0,0,0,-13,15,8,-16,134,,,,,,,,,,,,,,,,,,,,,,,,,,,,,,,,,,,,,,,,,,,,,,,,,,,,,,,
5650,5578,40,-166,-112,1277,60140,-1802,302,968,-157,-4,291,-32,0,13543,888,-36,155,13543,1558,1470,1650,1663,0,0,0,0,0,0,0,-1,44,-27,-56,138,,,,,,,,,,,,,,,,,,,,,,,,,,,,,,,,,,,,,,,,,,,,,,,,,,,,,,,,,,,,,,,,,,,,,,,,,,,
5703,7172,-273,9,340,631,58797,5765,1828,899,-208,-4,305,-37,0,13585,903,-37,159,13585,1554,1497,1644,1650,0,0,0,0,0,0,0,-1,20,-23,65,134,,,,,,,,,,,,,,,,,,,,,,,,,,,,,,,,,,,,,,,,,,,,,,,,,,,,,,,,,,,,,,,,,,,,,,,,,,,
5750,8084,28,42,-154,832,58736,14066,-979,826,-248,-4,306,-50,0,13543,899,-25,155,13543,1530,1479,1661,1665,0,0,0,0,0,0,0,5,70,-31,-23,135,,,,,,,,,,,,,,,,,,,,,,,,,,,,,,,,,,,,,,,,,,,,,,,,,,,,,,,,,,,,,,,,,,,,,,,,,,,
5803,8935,480,-225,-230,1385,49703,11076,973,19,-157,-4,159,-39,0,13585,906,17,159,13585,1661,1331,1662,1644,0,0,0,0,0,0,0,-14,67,37,33,136,,,,,,,,,,,,,,,,,,,,,,,,,,,,,,,,,,,,,,,,,,,,,,,,,,,,,,,,,,,,,,,,,,,,,,,,,,,
5850,9781,1969,-376,53,1061,14180,14555,-857,-207,-30,-6,129,-40,0,13543,918,78,155,13543,1550,1461,1694,1634,0,0,0,0,0,0,0,-34,53,109,99,138,,,,,,,,,,,,,,,,,,,,,,,,,,,,,,,,,,,,,,,,,,,,,,,,,,,,,,,,,,,,,,,,,,,,,,,,,,,
5903,7608,1783,-81,353,907,-11148,12296,-979,-398,-25,-6,53,-36,0,13543,901,68,155,13543,1545,1461,1687,1642,0,0,0,0,0,0,0,11,67,-6,51,135,,,,,,,,,,,,,,,,,,,,,,,,,,,,,,,,,,,,,,,,,,,,,,,,,,,,,,,,,,,,,,,,,,,,,,,,,,,
5950,6351,3151,1070,-738,1047,-19937,-1985,-2078,-540,149,-4,2,-25,0,13628,904,0,163,13628,1542,1450,1685,1658,0,0,0,0,0,0,0,11,93,-2,-35,138,,,,,,,,,,,,,,,,,,,,,,,,,,,,,,,,,,,,,,,,,,,,,,,,,,,,,,,,,,,,,,,,,,,,,,,,,,,
6003,4406,2470,-441,143,982,-37027,-6196,-308,-377,93,-4,1,-24,0,13543,886,-51,155,13543,1496,1521,1662,1658,0,0,0,0,0,0,0,0,63,30,21,134,,,,,,,,,,,,,,,,,,,,,,,,,,,,,,,,,,,,,,,,,,,,,,,,,,,,,,,,,,,,,,,,,,,,,,,,,,,
6050,2381,1932,-263,69,781,-27139,-4121,-2261,-309,43,-4,-20,-25,0,13585,875,-79,159,13585,1528,1455,1678,1666,0,0,0,0,0,0,0,-13,53,63,22,138,,,,,,,,,,,,,,,,,,,,,,,,,,,,,,,,,,,,,,,,,,,,,,,,,,,,,,,,,,,,,,,,,,,,,,,,,,,
6103,913,1133,5,-10,1080,-19937,-5281,-1895,-320,15,-4,-48,-16,0,13543,862,-134,155,13543,1540,1447,1674,1667,0,0,0,0,0,0,0,14,53,-19,-1,137,,,,,,,,,,,,,,,,,,,,,,,,,,,,,,,,,,,,,,,,,,,,,,,,,,,,,,,,,,,,,,,,,,,,,,,,,,,
6150,309,1057,-318,62,1063,-29093,150,-1406,-313,8,-2,-57,-16,0,13500,849,-203,152,13500,1510,1486,1677,1656,0,0,0,0,0,0,0,-5,30,36,41,135,,,,,,,,,,,,,,,,,,,,,,,,,,,,,,,,,,,,,,,,,,,,,,,,,,,,,,,,,,,,,,,,,,,,,,,,,,,
6203,-231,1218,-121,321,697,-23905,578,-247,-325,19,-2,-69,-17,0,13585,835,-243,159,13585,1547,1466,1671,1653,0,0,0,0,0,0,0,-23,-5,83,112,138,,,,,,,,,,,,,,,,,,,,,,,,,,,,,,,,,,,,,,,,,,,,,,,,,,,,,,,,,,,,,,,,,,,,,,,,,,,
6250,-862,795,-65,40,968,-21829,-3023,119,-301,13,-2,-75,-11,0,13500,842,-225,152,13500,1542,1470,1665,1650,0,0,0,0,0,0,0,2,3,5,60,131,,,,,,,,,,,,,,,,,,,,,,,,,,,,,,,,,,,,,,,,,,,,,,,,,,,,,,,,,,,,,,,,,,,,,,,,,,,
6303,-1605,424,297,-44,1094,-23294,1432,-1589,-243,9,-2,-76,-5,0,13500,807,-244,152,13500,1506,1483,1679,1659,0,0,0,0,0,0,0,13,14,-26,6,136,,,,,,,,,,,,,,,,,,,,,,,,,,,,,,,,,,,,,,,,,,,,,,,,,,,,,,,,,,,,,,,,,,,,,,,,,,,
6350,-1949,204,338,91,813,-19571,333,-979,-217,0,-2,-77,-3,0,13458,813,-235,148,13458,1528,1467,1680,1649,0,0,0,0,0,0,0,13,-1,-30,26,133,,,,,,,,,,,,,,,,,,,,,,,,,,,,,,,,,,,,,,,,,,,,,,,,,,,,,,,,,,,,,,,,,,,,,,,,,,,
6403,-1417,816,-118,-26,1110,-18594,-93,1217,-124,-92,-2,-49,-32,0,13543,799,-178,155,13543,1521,1513,1648,1658,0,0,0,0,0,0,0,-16,-30,52,90,140,,,,,,,,,,,,,,,,,,,,,,,,,,,,,,,,,,,,,,,,,,,,,,,,,,,,,,,,,,,,,,,,,,,,,,,,,,,
6450,-1151,1056,169,-145,1227,-8951,11198,-1101,-119,-106,0,-43,-39,0,13543,773,-214,155,13543,1543,1455,1689,1643,0,0,0,0,0,0,0,-5,-20,27,54,142,,,,,,,,,,,,,,,,,,,,,,,,,,,,,,,,,,,,,,,,,,,,,,,,,,,,,,,,,,,,,,,,,,,,,,,,,,,
6503,-492,739,68,195,687,-11575,7474,912,-173,-169,-2,-43,-46,0,13543,767,-210,155,13543,1532,1498,1643,1667,0,0,0,0,0,0,0,26,-30,-49,74,137,,,,,,,,,,,,,,,,,,,,,,,,,,,,,,,,,,,,,,,,,,,,,,,,,,,,,,,,,,,,,,,,,,,,,,,,,,,
6550,-145,1367,251,-154,1215,-11087,15043,-430,-1,-236,-2,-2,-71,0,13585,782,-150,159,13585,1504,1508,1679,1649,0,0,0,0,0,0,0,17,-19,-16,37,140,,,,,,,,,,,,,,,,,,,,,,,,,,,,,,,,,,,,,,,,,,,,,,,,,,,,,,,,,,,,,,,,,,,,,,,,,,,
6603,-430,2231,-141,-84,736,-1199,19865,-2932,27,-300,0,-2,-99,0,13585,782,-147,159,13585,1518,1455,1681,1675,0,0,0,0,0,0,0,7,3,29,-28,135,,,,,,,,,,,,,,,,,,,,,,,,,,,,,,,,,,,,,,,,,,,,,,,,,,,,,,,,,,,,,,,,,,,,,,,,,,,
6650,-97,2284,99,-15,909,-1627,18461,119,1,-366,-4,-1,-113,0,13500,745,-257,152,13500,1522,1490,1665,1655,0,0,0,0,0,0,0,22,-10,2,11,132,,,,,,,,,,,,,,,,,,,,,,,,,,,,,,,,,,,,,,,,,,,,,,,,,,,,,,,,,,,,,,,,,,,,,,,,,,,
6703,-49,3134,-350,142,1354,-2359,26823,-3054,4,-288,-4,0,-112,0,13543,751,-226,155,13543,1508,1456,1720,1637,0,0,0,0,0,0,0,9,-9,60,7,134,,,,,,,,,,,,,,,,,,,,,,,,,,,,,,,,,,,,,,,,,,,,,,,,,,,,,,,,,,,,,,,,,,,,,,,,,,,
6750,21,3560,-191,140,860,1973,18400,-2871,1,-230,0,0,-108,0,13585,743,-214,159,13585,1507,1463,1678,1678,0,0,0,0,0,0,0,18,-12,53,16,133,,,,,,,,,,,,,,,,,,,,,,,,,,,,,,,,,,,,,,,,,,,,,,,,,,,,,,,,,,,,,,,,,,,,,,,,,,,
6803,440,4483,-444,-142,1036,-955,9428,-1956,-104,-90,0,-13,-96,0,13628,718,-248,163,13628,1526,1455,1696,1650,0,0,0,0,0,0,0,3,-10,105,12,138,,,,,,,,,,,,,,,,,,,,,,,,,,,,,,,,,,,,,,,,,,,,,,,,,,,,,,,,,,,,,,,,,,,,,,,,,,,
6850,35,3989,-14,-166,1116,-4373,10953,-2444,-135,-98,0,-26,-89,0,13585,685,-275,159,13585,1512,1463,1694,1660,0,0,0,0,0,0,0,27,-5,45,-6,137,,,,,,,,,,,,,,,,,,,,,,,,,,,,,,,,,,,,,,,,,,,,,,,,,,,,,,,,,,,,,,,,,,,,,,,,,,,
6903,-239,3227,-223,138,1060,-7364,3446,-430,-307,135,0,-65,-29,0,13585,671,-288,159,13585,1549,1453,1704,1626,0,0,0,0,0,0,0,28,-22,40,29,138,,,,,,,,,,,,,,,,,,,,,,,,,,,,,,,,,,,,,,,,,,,,,,,,,,,,,,,,,,,,,,,,,,,,,,,,,,,
6950,603,3307,-300,278,824,-8951,-5708,-2566,-443,288,0,-78,0,0,13543,675,-317,155,13543,1549,1415,1717,1639,0,0,0,0,0,0,0,-8,-68,134,147,138,,,,,,,,,,,,,,,,,,,,,,,,,,,,,,,,,,,,,,,,,,,,,,,,,,,,,,,,,,,,,,,,,,,,,,,,,,,
7003,-825,1279,305,-101,1203,-26834,-29390,546,-297,108,-2,-74,0,0,13543,661,-301,155,13543,1484,1530,1614,1705,0,0,0,0,0,0,0,35,-17,-9,-12,140,,,,,,,,,,,,,,,,,,,,,,,,,,,,,,,,,,,,,,,,,,,,,,,,,,,,,,,,,,,,,,,,,,,,,,,,,,,
7050,-1375,497,202,-119,930,-18656,-18159,-491,-180,39,0,-60,0,0,13543,643,-334,155,13543,1506,1495,1656,1677,0,0,0,0,0,0,0,23,-24,7,-11,137,,,,,,,,,,,,,,,,,,,,,,,,,,,,,,,,,,,,,,,,,,,,,,,,,,,,,,,,,,,,,,,,,,,,,,,,,,,
7103,-1111,-138,-8,253,999,-711,-7539,-1712,-11,165,0,-21,35,0,13585,638,-319,159,13585,1529,1451,1691,1658,0,0,0,0,0,0,0,20,-40,7,25,134,,,,,,,,,,,,,,,,,,,,,,,,,,,,,,,,,,,,,,,,,,,,,,,,,,,,,,,,,,,,,,,,,,,,,,,,,,,
7150,-1165,-709,33,201,850,386,-23286,-125,31,144,-2,-13,41,0,13543,617,-389,155,13543,1511,1494,1631,1701,0,0,0,0,0,0,0,16,-30,4,0,132,,,,,,,,,,,,,,,,,,,,,,,,,,,,,,,,,,,,,,,,,,,,,,,,,,,,,,,,,,,,,,,,,,,,,,,,,,,
7203,-624,-1997,-303,172,1234,4598,-12056,-2200,12,97,-2,-8,54,0,13628,593,-332,1637250,-20,-1954,-294,191,965,-2176,-11262,-1101,-33,98,-2,-6,53,0,13713,584,-373,172,7303,230,-2538,-109,-57,1343,-5716,-14863,1217,-48,-8,-4,-5,42,0,14933,562,-318,284,14933,1546,1547,1668,1711,0,0,0,0,0,0,0,11,-30,-28,4,137,,,,,,,,,,,,,,,,,,,,,,,,,,,,,,,,,,,,,,
7350,74,-2681,-309,112,789,-5350,-4793,-430,-23,-76,-2,-3,31,0,14978,560,-251,287,14978,1527,1544,1691,1706,0,0,0,0,0,0,0,6,-22,-22,-14,136,,,,,,,,,,,,,,,,,,,,,,,,,,,,,,,,,,,,,,,,,,,,,,,,,,,,,,,,,,,,,,,,,,,,,,,,,,,
7403,398,-1957,315,85,1065,7406,5277,-2566,-20,-80,-2,2,18,0,15022,539,-217,291,15022,1555,1484,1703,1720,0,0,0,0,0,0,0,6,-38,-18,29,133,,,,,,,,,,,,,,,,,,,,,,,,,,,,,,,,,,,,,,,,,,,,,,,,,,,,,,,,,,,,,,,,,,,,,,,,,,,
7450,375,-1391,80,-131,1388,2828,-5647,-857,9,-117,-2,8,0,0,15022,547,-99,291,15022,1567,1497,1678,1726,0,0,0,0,0,0,0,-5,-28,9,3,129,,,,,,,,,,,,,,,,,,,,,,,,,,,,,,,,,,,,,,,,,,,,,,,,,,,,,,,,,,,,,,,,,,,,,,,,,,,
7503,710,-894,-91,122,689,9114,3324,57,81,-78,-2,28,0,0,15067,555,-76,296,15067,1570,1506,1703,1692,0,0,0,0,0,0,0,-10,-33,25,22,128,,,,,,,,,,,,,,,,,,,,,,,,,,,,,,,,,,,,,,,,,,,,,,,,,,,,,,,,,,,,,,,,,,,,,,,,,,,
7550,1226,-552,-82,83,1152,12838,5704,-2322,112,-76,-2,43,-5,0,15067,539,-8,296,15067,1554,1487,1708,1714,0,0,0,0,0,0,0,-1,-39,4,47,132,,,,,,,,,,,,,,,,,,,,,,,,,,,,,,,,,,,,,,,,,,,,,,,,,,,,,,,,,,,,,,,,,,,,,,,,,,,
7603,1470,-184,-26,120,745,509,-5403,912,245,-50,-2,74,-6,0,15022,510,22,291,15022,1524,1565,1664,1721,0,0,0,0,0,0,0,-7,-30,21,30,130,,,,,,,,,,,,,,,,,,,,,,,,,,,,,,,,,,,,,,,,,,,,,,,,,,,,,,,,,,,,,,,,,,,,,,,,,,,
7650,1642,-147,-262,256,1018,18026,-2534,1217,313,-44,-2,91,-6,0,15022,529,79,291,15022,1561,1532,1677,1705,0,0,0,0,0,0,0,-5,-16,15,7,134,,,,,,,,,,,,,,,,,,,,,,,,,,,,,,,,,,,,,,,,,,,,,,,,,,,,,,,,,,,,,,,,,,,,,,,,,,,
7703,2735,233,453,-112,1041,26937,-2229,1583,274,0,0,102,-4,0,15022,571,150,291,15022,1578,1520,1667,1710,0,0,0,0,0,0,0,-3,-17,8,31,132,,,,,,,,,,,,,,,,,,,,,,,,,,,,,,,,,,,,,,,,,,,,,,,,,,,,,,,,,,,,,,,,,,,,,,,,,,,
7750,3222,235,202,-252,1090,16134,-13521,1766,238,0,0,104,-4,0,15022,543,74,291,15022,1574,1531,1662,1714,0,0,0,0,0,0,0,-2,3,0,-6,130,,,,,,,,,,,,,,,,,,,,,,,,,,,,,,,,,,,,,,,,,,,,,,,,,,,,,,,,,,,,,,,,,,,,,,,,,,,
7803,3589,354,18,-78,1399,28768,1371,-2871,213,17,-2,105,-2,0,15022,551,143,291,15022,1568,1462,1717,1711,0,0,0,0,0,0,0,-7,9,12,0,130,,,,,,,,,,,,,,,,,,,,,,,,,,,,,,,,,,,,,,,,,,,,,,,,,,,,,,,,,,,,,,,,,,,,,,,,,,,
7850,3258,-241,907,-787,1042,8931,-8211,-1712,218,-38,-4,100,-3,0,15022,547,195,291,15022,1511,1539,1669,1746,0,0,0,0,0,0,0,31,46,-96,-85,138,,,,,,,,,,,,,,,,,,,,,,,,,,,,,,,,,,,,,,,,,,,,,,,,,,,,,,,,,,,,,,,,,,,,,,,,,,,
7903,3299,299,-589,379,1052,16378,2836,-2017,144,15,-2,86,-2,0,15022,568,184,291,15022,1579,1464,1730,1690,0,0,0,0,0,0,0,-28,6,60,31,133,,,,,,,,,,,,,,,,,,,,,,,,,,,,,,,,,,,,,,,,,,,,,,,,,,,,,,,,,,,,,,,,,,,,,,,,,,,
7950,3105,525,-193,194,1151,18636,5155,-2383,53,42,-2,64,0,0,15067,565,217,296,15067,1585,1447,1714,1710,0,0,0,0,0,0,0,-20,13,42,22,132,,,,,,,,,,,,,,,,,,,,,,,,,,,,,,,,,,,,,,,,,,,,,,,,,,,,,,,,,,,,,,,,,,,,,,,,,,,
8003,3021,656,-265,255,914,-1993,-7966,1095,8,53,-2,54,0,0,15022,566,244,291,15022,1551,1539,1682,1703,0,0,0,0,0,0,0,-23,6,44,44,129,,,,,,,,,,,,,,,,,,,,,,,,,,,,,,,,,,,,,,,,,,,,,,,,,,,,,,,,,,,,,,,,,,,,,,,,,,,
8050,2291,474,-464,397,1264,6246,5582,-2383,9,34,-2,41,-1,0,15022,594,297,291,15022,1577,1457,1737,1686,0,0,0,0,0,0,0,-29,13,55,23,131,,,,,,,,,,,,,,,,,,,,,,,,,,,,,,,,,,,,,,,,,,,,,,,,,,,,,,,,,,,,,,,,,,,,,,,,,,,
8103,1603,95,307,-444,1056,-14261,-14619,4574,10,1,0,30,-1,0,15067,617,300,296,15067,1541,1597,1612,1728,0,0,0,0,0,0,0,-2,25,-19,-11,133,,,,,,,,,,,,,,,,,,,,,,,,,,,,,,,,,,,,,,,,,,,,,,,,,,,,,,,,,,,,,,,,,,,,,,,,,,,
8150,978,-117,-232,-39,1032,-7608,-2901,363,33,-48,-2,23,-7,0,14579,636,377,251,14579,1529,1555,1680,1716,0,0,0,0,0,0,0,-7,37,-10,-46,134,,,,,,,,,,,,,,,,,,,,,,,,,,,,,,,,,,,,,,,,,,,,,,,,,,,,,,,,,,,,,,,,,,,,,,,,,,,
8203,927,318,321,-198,1208,3621,9122,-1406,2,-41,-2,16,-13,0,13798,641,361,179,13798,1516,1471,1665,1699,0,0,0,0,0,0,0,0,30,-20,-27,132,,,,,,,,,,,,,,,,,,,,,,,,,,,,,,,,,,,,,,,,,,,,,,,,,,,,,,,,,,,,,,,,,,,,,,,,,,,
8250,939,781,-93,58,905,-6204,-2962,1217,-102,-64,-2,-4,-26,0,13713,641,332,172,13713,1526,1497,1637,1692,0,0,0,0,0,0,0,-23,12,44,19,133,,,,,,,,,,,,,,,,,,,,,,,,,,,,,,,,,,,,,,,,,,,,,,,,,,,,,,,,,,,,,,,,,,,,,,,,,,,
8303,1226,693,-184,273,1008,1851,19620,-491,-148,-162,0,-8,-44,0,13670,671,326,168,13670,1551,1439,1691,1653,0,0,0,0,0,0,0,-7,-5,9,65,134,,,,,,,,,,,,,,,,,,,,,,,,,,,,,,,,,,,,,,,,,,,,,,,,,,,,,,,,,,,,,,,,,,,,,,,,,,,
8350,915,649,-215,330,1011,-4068,18583,-1223,-153,-240,0,-14,-59,0,13628,715,379,163,13628,1515,1469,1666,1687,0,0,0,0,0,0,0,6,10,-15,19,137,,,,,,,,,,,,,,,,,,,,,,,,,,,,,,,,,,,,,,,,,,,,,,,,,,,,,,,,,,,,,,,,,,,,,,,,,,,
8403,688,1994,-282,125,942,-13406,17301,-186,-98,-150,2,-7,-64,0,13585,734,388,159,13585,1492,1507,1671,1668,0,0,0,0,0,0,0,-23,-2,83,45,136,,,,,,,,,,,,,,,,,,,,,,,,,,,,,,,,,,,,,,,,,,,,,,,,,,,,,,,,,,,,,,,,,,,,,,,,,,,
8450,112,2684,-310,-208,1296,-9012,14005,-369,-48,-93,-2,-7,-65,0,13628,741,424,163,13628,1500,1494,1660,1686,0,0,0,0,0,0,0,-11,16,66,-14,138,,,,,,,,,,,,,,,,,,,,,,,,,,,,,,,,,,,,,,,,,,,,,,,,,,,,,,,,,,,,,,,,,,,,,,,,,,,
8503,-306,2608,363,-186,677,-9927,3446,2072,-11,-93,0,-7,-64,0,13500,783,434,152,13500,1502,1525,1617,1694,0,0,0,0,0,0,0,32,23,-42,-38,135,,,,,,,,,,,,,,,,,,,,,,,,,,,,,,,,,,,,,,,,,,,,,,,,,,,,,,,,,,,,,,,,,,,,,,,,,,,
8550,-565,2532,221,-305,1130,-5716,11930,57,24,-72,0,-4,-58,0,13500,819,473,152,13500,1514,1480,1686,1648,0,0,0,0,0,0,0,23,21,-12,-38,134,,,,,,,,,,,,,,,,,,,,,,,,,,,,,,,,,,,,,,,,,,,,,,,,,,,,,,,,,,,,,,,,,,,,,,,,,,,
8603,-246,3175,-251,23,986,-1260,12540,-3604,-2,15,-2,-4,-52,0,13543,849,488,155,13543,1504,1432,1707,1672,0,0,0,0,0,0,0,4,4,49,9,130,,,,,,,,,,,,,,,,,,,,,,,,,,,,,,,,,,,,,,,,,,,,,,,,,,,,,,,,,,,,,,,,,,,,,,,,,,,
8650,300,2862,49,206,636,-1749,-2290,-369,-78,117,0,-10,-26,0,13543,881,492,155,13543,1532,1452,1670,1670,0,0,0,0,0,0,0,21,-11,8,52,132,,,,,,,,,,,,,,,,,,,,,,,,,,,,,,,,,,,,,,,,,,,,,,,,,,,,,,,,,,,,,,,,,,,,,,,,,,,
8703,229,2642,-404,260,871,-2115,-2107,-3359,-184,178,0,-32,-10,0,13585,869,438,159,13585,1529,1403,1713,1661,0,0,0,0,0,0,0,-11,-21,92,72,138,,,,,,,,,,,,,,,,,,,,,,,,,,,,,,,,,,,,,,,,,,,,,,,,,,,,,,,,,,,,,,,,,,,,,,,,,,,
8750,-103,2484,-307,170,1230,-6876,-6868,-1284,-221,213,0,-46,0,0,13543,898,396,155,13543,1522,1448,1676,1678,0,0,0,0,0,0,0,-11,-7,85,28,137,,,,,,,,,,,,,,,,,,,,,,,,,,,,,,,,,,,,,,,,,,,,,,,,,,,,,,,,,,,,,,,,,,,,,,,,,,,
8803,-519,1279,-44,206,1109,-20120,-18953,485,-115,108,-2,-32,0,0,13543,909,377,155,13543,1467,1529,1627,1707,0,0,0,0,0,0,0,4,-16,28,36,136,,,,,,,,,,,,,,,,,,,,,,,,,,,,,,,,,,,,,,,,,,,,,,,,,,,,,,,,,,,,,,,,,,,,,,,,,,,
8850,-578,808,257,-119,1130,-11453,-13338,-308,-1,91,-2,-10,4,0,13500,906,338,152,13500,1492,1493,1652,1692,0,0,0,0,0,0,0,11,-19,2,35,134,,,,,,,,,,,,,,,,,,,,,,,,,,,,,,,,,,,,,,,,,,,,,,,,,,,,,,,,,,,,,,,,,,,,,,,,,,,
8903,-426,862,-227,338,893,4293,-10469,1522,44,281,-2,1,41,0,13500,933,293,152,13500,1545,1466,1660,1663,0,0,0,0,0,0,0,-1,-20,32,39,132,,,,,,,,,,,,,,,,,,,,,,,,,,,,,,,,,,,,,,,,,,,,,,,,,,,,,,,,,,,,,,,,,,,,,,,,,,,
8950,680,620,393,-134,953,-40,-26704,1950,-52,438,-2,1,76,0,13500,942,238,152,13500,1514,1503,1632,1683,0,0,0,0,0,0,0,0,-18,14,39,130,,,,,,,,,,,,,,,,,,,,,,,,,,,,,,,,,,,,,,,,,,,,,,,,,,,,,,,,,,,,,,,,,,,,,,,,,,,
9003,323,-510,-243,-308,1083,-6082,-30977,-857,-17,653,0,2,139,0,13500,960,242,152,13500,1489,1488,1698,1648,0,0,0,0,0,0,0,-8,18,13,-57,136,,,,,,,,,,,,,,,,,,,,,,,,,,,,,,,,,,,,,,,,,,,,,,,,,,,,,,,,,,,,,,,,,,,,,,,,,,,
9050,245,-929,-438,-161,850,4354,-42085,1095,233,784,-2,50,173,0,13500,981,235,152,13500,1514,1490,1666,1661,0,0,0,0,0,0,0,-62,8,127,-32,137,,,,,,,,,,,,,,,,,,,,,,,,,,,,,,,,,,,,,,,,,,,,,,,,,,,,,,,,,,,,,,,,,,,,,,,,,,,
9103,472,-2907,182,-79,721,16561,-57100,57,321,639,-2,72,178,0,13500,987,183,152,13500,1519,1474,1624,1715,0,0,0,0,0,0,0,-29,8,-7,-23,134,,,,,,,,,,,,,,,,,,,,,,,,,,,,,,,,,,,,,,,,,,,,,,,,,,,,,,,,,,,,,,,,,,,,,,,,,,,
9150,1755,-4338,27,250,660,20894,-46480,2804,213,452,0,73,166,0,13543,1003,207,155,13543,1568,1462,1638,1668,0,0,0,0,0,0,0,-46,-25,-3,84,137,,,,,,,,,,,,,,,,,,,,,,,,,,,,,,,,,,,,,,,,,,,,,,,,,,,,,,,,,,,,,,,,,,,,,,,,,,,
9203,2118,-5475,-252,-39,1428,7650,-33174,2560,-34,167,0,30,129,0,13585,1025,265,159,13585,1556,1478,1628,1680,0,0,0,0,0,0,0,-38,0,-57,25,138,,,,,,,,,,,,,,,,,,,,,,,,,,,,,,,,,,,,,,,,,,,,,,,,,,,,,,,,,,,,,,,,,,,,,,,,,,,
9250,2344,-5238,-163,168,816,2950,-3267,1522,-89,-275,-2,23,36,0,13500,1033,310,152,13500,1544,1470,1641,1676,0,0,0,0,0,0,0,-57,-4,-15,47,138,,,,,,,,,,,,,,,,,,,,,,,,,,,,,,,,,,,,,,,,,,,,,,,,,,,,,,,,,,,,,,,,,,,,,,,,,,,
9303,2035,-3455,-233,-91,1224,631,19071,-491,-90,-294,0,17,1,0,13500,1063,327,152,13500,1528,1458,1681,1658,0,0,0,0,0,0,0,-80,-6,57,49,135,,,,,,,,,,,,,,,,,,,,,,,,,,,,,,,,,,,,,,,,,,,,,,,,,,,,,,,,,,,,,,,,,,,,,,,,,,,
9350,1668,-2032,-200,55,1002,-1505,17606,1217,-61,-173,-2,16,0,0,13543,1059,254,155,13543,1548,1465,1668,1654,0,0,0,0,0,0,0,-66,-10,35,53,138,,,,,,,,,,,,,,,,,,,,,,,,,,,,,,,,,,,,,,,,,,,,,,,,,,,,,,,,,,,,,,,,,,,,,,,,,,,
9403,622,-807,107,-405,1509,-4617,15897,1950,22,-87,-2,15,-3,0,13500,1082,286,152,13500,1517,1508,1645,1665,0,0,0,0,0,0,0,-40,29,-17,-58,137,,,,,,,,,,,,,,,,,,,,,,,,,,,,,,,,,,,,,,,,,,,,,,,,,,,,,,,,,,,,,,,,,,,,,,,,,,,
9450,749,194,-101,-66,1067,936,17789,973,11,-7,-2,15,-4,0,13543,1097,261,155,13543,1536,1479,1677,1647,0,0,0,0,0,0,0,-47,2,16,13,129,,,,,,,,,,,,,,,,,,,,,,,,,,,,,,,,,,,,,,,,,,,,,,,,,,,,,,,,,,,,,,,,,,,,,,,,,,,
9503,219,-112,354,-373,1267,-833,9733,4025,57,-58,-2,15,-9,0,13500,1096,181,152,13500,1541,1517,1626,1657,0,0,0,0,0,0,0,-10,20,-69,-34,135,,,,,,,,,,,,,,,,,,,,,,,,,,,,,,,,,,,,,,,,,,,,,,,,,,,,,,,,,,,,,,,,,,,,,,,,,,,
9550,629,979,144,-185,834,4293,15287,1828,21,29,-2,15,-11,0,13500,1085,84,152,13500,1559,1465,1668,1640,0,0,0,0,0,0,0,-34,1,11,17,130,,,,,,,,,,,,,,,,,,,,,,,,,,,,,,,,,,,,,,,,,,,,,,,,,,,,,,,,,,,,,,,,,,,,,,,,,,,
9603,889,1979,79,-234,989,-3336,7719,1217,-39,15,-2,7,-31,0,13543,1077,53,155,13543,1519,1498,1641,1672,0,0,0,0,0,0,0,-43,2,51,18,130,,,,,,,,,,,,,,,,,,,,,,,,,,,,,,,,,,,,,,,,,,,,,,,,,,,,,,,,,,,,,,,,,,,,,,,,,,,
9650,553,1319,266,-194,884,-4190,9855,-247,-9,-157,-2,7,-54,0,13500,1064,0,152,13500,1505,1493,1650,1682,0,0,0,0,0,0,0,12,24,-89,-40,133,,,,,,,,,,,,,,,,,,,,,,,,,,,,,,,,,,,,,,,,,,,,,,,,,,,,,,,,,,,,,,,,,,,,,,,,,,,
9703,-163,1069,26,-318,1045,-3397,18278,2926,52,-283,2,7,-75,0,13543,1077,17,155,13543,1534,1517,1649,1644,0,0,0,0,0,0,0,2,25,-48,-47,134,,,,,,,,,,,,,,,,,,,,,,,,,,,,,,,,,,,,,,,,,,,,,,,,,,,,,,,,,,,,,,,,,,,,,,,,,,,
9750,-435,1701,98,-355,973,3804,24442,668,76,-252,0,7,-80,0,13500,1060,-28,152,13500,1534,1479,1670,1649,0,0,0,0,0,0,0,7,37,-38,-76,132,,,,,,,,,,,,,,,,,,,,,,,,,,,,,,,,,,,,,,,,,,,,,,,,,,,,,,,,,,,,,,,,,,,,,,,,,,,
9803,242,2837,393,-143,983,1485,12662,-491,31,-262,-2,10,-101,0,13543,1047,-61,155,13543,1513,1484,1636,1698,0,0,0,0,0,0,0,-7,-4,24,44,135,,,,,,,,,,,,,,,,,,,,,,,,,,,,,,,,,,,,,,,,,,,,,,,,,,,,,,,,,,,,,,,,,,,,,,,,,,,
9850,179,2652,738,-573,1155,-40,9794,668,29,-316,0,9,-109,0,13458,1052,-75,148,13458,1519,1495,1638,1680,0,0,0,0,0,0,0,18,27,-32,-39,133,,,,,,,,,,,,,,,,,,,,,,,,,,,,,,,,,,,,,,,,,,,,,,,,,,,,,,,,,,,,,,,,,,,,,,,,,,,
9903,961,3174,-401,-17,919,81,25175,302,118,-386,-2,40,-132,0,13543,1063,-42,155,13543,1507,1503,1681,1645,0,0,0,0,0,0,0,0,10,38,9,131,,,,,,,,,,,,,,,,,,,,,,,,,,,,,,,,,,,,,,,,,,,,,,,,,,,,,,,,,,,,,,,,,,,,,,,,,,,
9950,1443,4083,-402,170,858,12349,26395,-1773,24,-341,-2,30,-139,0,13500,1049,-83,152,13500,1548,1420,1685,1664,0,0,0,0,0,0,0,-9,1,83,40,137,,,,,,,,,,,,,,,,,,,,,,,,,,,,,,,,,,,,,,,,,,,,,,,,,,,,,,,,,,,,,,,,,,,,,,,,,,,
10003,2001,4711,55,174,586,5635,24564,119,6,-287,-2,36,-139,0,13543,1074,-38,155,13543,1528,1475,1685,1641,0,0,0,0,0,0,0,6,-11,59,81,133,,,,,,,,,,,,,,,,,,,,,,,,,,,,,,,,,,,,,,,,,,,,,,,,,,,,,,,,,,,,,,,,,,,,,,,,,,,
10050,1808,4616,76,208,995,1058,17179,729,-14,-201,0,28,-120,0,13543,1075,-22,155,13543,1535,1482,1667,1653,0,0,0,0,0,0,0,39,20,-13,-5,135,,,,,,,,,,,,,,,,,,,,,,,,,,,,,,,,,,,,,,,,,,,,,,,,,,,,,,,,,,,,,,,,,,,,,,,,,,,
10103,1551,4326,-211,-63,1243,3682,3690,1278,-55,-16,-2,16,-78,0,13543,1050,10,155,13543,1548,1475,1647,1667,0,0,0,0,0,0,0,22,13,41,17,135,,,,,,,,,,,,,,,,,,,,,,,,,,,,,,,,,,,,,,,,,,,,,,,,,,,,,,,,,,,,,,,,,,,,,,,,,,,
10150,1145,3422,2,-34,983,-7120,-2717,790,-19,131,-2,16,-33,0,13543,1072,1,155,13543,1500,1518,1655,1665,0,0,0,0,0,0,0,42,18,-8,4,130,,,,,,,,,,,,,,,,,,,,,,,,,,,,,,,,,,,,,,,,,,,,,,,,,,,,,,,,,,,,,,,,,,,,,,,,,,,
10203,1298,2850,-305,118,639,1973,-2656,1705,-78,231,0,6,-3,0,13500,1085,-25,152,13500,1564,1465,1679,1627,0,0,0,0,0,0,0,7,-8,85,78,132,,,,,,,,,,,,,,,,,,,,,,,,,,,,,,,,,,,,,,,,,,,,,,,,,,,,,,,,,,,,,,,,,,,,,,,,,,,
10250,1202,2062,-257,253,833,-4312,-11018,1705,-70,162,-2,6,-3,0,13500,1066,-17,152,13500,1522,1509,1637,1668,0,0,0,0,0,0,0,29,7,18,34,135,,,,,,,,,,,,,,,,,,,,,,,,,,,,,,,,,,,,,,,,,,,,,,,,,,,,,,,,,,,,,,,,,,,,,,,,,,,
10303,896,1100,-89,134,861,-3336,-14253,485,-53,89,-2,4,-1,0,13500,1058,-36,152,13500,1532,1480,1654,1665,0,0,0,0,0,0,0,29,6,8,36,130,,,,,,,,,,,,,,,,,,,,,,,,,,,,,,,,,,,,,,,,,,,,,,,,,,,,,,,,,,,,,,,,,,,,,,,,,,,
10350,533,555,-9,45,1126,-5106,-10469,1828,-25,34,-2,4,-2,0,13500,1044,-25,152,13500,1521,1516,1635,1670,0,0,0,0,0,0,0,24,15,14,11,131,,,,,,,,,,,,,,,,,,,,,,,,,,,,,,,,,,,,,,,,,,,,,,,,,,,,,,,,,,,,,,,,,,,,,,,,,,,
10403,1012,1052,-34,94,935,2828,-2778,1461,-70,81,-2,3,-2,0,13543,1066,-29,155,13543,1555,1470,1666,1641,0,0,0,0,0,0,0,-3,-10,84,82,132,,,,,,,,,,,,,,,,,,,,,,,,,,,,,,,,,,,,,,,,,,,,,,,,,,,,,,,,,,,,,,,,,,,,,,,,,,,
10450,1018,826,-102,150,1263,-7242,-11812,3048,-71,68,0,3,0,0,13500,1044,-4,152,13500,1526,1529,1628,1658,0,0,0,0,0,0,0,11,9,37,28,131,,,,,,,,,,,,,,,,,,,,,,,,,,,,,,,,,,,,,,,,,,,,,,,,,,,,,,,,,,,,,,,,,,,,,,,,,,,
10503,317,-252,18,-38,898,-2603,-9004,485,-10,-28,-2,3,-1,0,13543,1029,-47,155,13543,1537,1480,1650,1668,0,0,0,0,0,0,0,30,20,-25,-6,132,,,,,,,,,,,,,,,,,,,,,,,,,,,,,,,,,,,,,,,,,,,,,,,,,,,,,,,,,,,,,,,,,,,,,,,,,,,
10550,608,-409,-245,129,1009,-5228,-5525,3903,-39,-39,-2,2,0,0,13500,1036,-107,152,13500,1540,1528,1620,1655,0,0,0,0,0,0,0,7,-5,34,63,134,,,,,,,,,,,,,,,,,,,,,,,,,,,,,,,,,,,,,,,,,,,,,,,,,,,,,,,,,,,,,,,,,,,,,,,,,,,
10603,825,-398,551,-29,1127,4171,9794,607,-61,-251,-2,2,-43,0,13458,1033,-84,148,13458,1555,1457,1659,1651,0,0,0,0,0,0,0,31,6,-28,30,133,,,,,,,,,,,,,,,,,,,,,,,,,,,,,,,,,,,,,,,,,,,,,,,,,,,,,,,,,,,,,,,,,,,,,,,,,,,
10650,915,114,165,215,982,-7669,11259,2438,-34,-496,-2,9,-101,0,13543,1023,-104,155,13543,1522,1527,1612,1680,0,0,0,0,0,0,0,30,-1,-21,49,137,,,,,,,,,,,,,,,,,,,,,,,,,,,,,,,,,,,,,,,,,,,,,,,,,,,,,,,,,,,,,,,,,,,,,,,,,,,
10703,547,1353,80,-49,910,-833,31583,851,70,-684,-4,23,-160,0,13543,1019,-139,155,13543,1523,1500,1652,1661,0,0,0,0,0,0,0,32,13,-9,2,133,,,,,,,,,,,,,,,,,,,,,,,,,,,,,,,,,,,,,,,,,,,,,,,,,,,,,,,,,,,,,,,,,,,,,,,,,,,
10750,196,2123,278,35,612,-894,38358,1644,-17,-722,-2,0,-181,0,13500,1026,-148,152,13500,1551,1486,1640,1662,0,0,0,0,0,0,0,56,16,-47,-8,136,,,,,,,,,,,,,,,,,,,,,,,,,,,,,,,,,,,,,,,,,,,,,,,,,,,,,,,,,,,,,,,,,,,,,,,,,,,
10803,589,3750,-304,148,1047,-162,32743,3598,-145,-608,0,-18,-187,0,13585,1014,-113,159,13585,1564,1507,1628,1651,0,0,0,0,0,0,0,23,-6,67,50,140,,,,,,,,,,,,,,,,,,,,,,,,,,,,,,,,,,,,,,,,,,,,,,,,,,,,,,,,,,,,,,,,,,,,,,,,,,,
10850,666,4260,-221,-56,1140,-11942,31034,-979,-246,-574,-4,-37,-189,0,13500,1027,-44,152,13500,1522,1475,1657,1674,0,0,0,0,0,0,0,50,-5,20,40,142,,,,,,,,,,,,,,,,,,,,,,,,,,,,,,,,,,,,,,,,,,,,,,,,,,,,,,,,,,,,,,,,,,,,,,,,,,,
10903,-396,4926,-311,47,861,-21524,27921,1766,-300,-331,-2,-67,-152,0,13500,1026,-84,152,13500,1536,1505,1665,1632,0,0,0,0,0,0,0,36,7,80,-11,141,,,,,,,,,,,,,,,,,,,,,,,,,,,,,,,,,,,,,,,,,,,,,,,,,,,,,,,,,,,,,,,,,,,,,,,,,,,
10950,-813,5643,-470,-47,1186,-17679,19804,119,-323,-59,0,-78,-110,0,13585,1011,-73,159,13585,1546,1477,1679,1639,0,0,0,0,0,0,0,30,-10,115,18,142,,,,,,,,,,,,,,,,,,,,,,,,,,,,,,,,,,,,,,,,,,,,,,,,,,,,,,,,,,,,,,,,,,,,,,,,,,,
11003,-950,5172,166,-80,875,-18167,-3694,-1467,-199,311,-2,-56,-27,0,13543,1015,-97,155,13543,1509,1489,1672,1663,0,0,0,0,0,0,0,72,-8,7,0,138,,,,,,,,,,,,,,,,,,,,,,,,,,,,,,,,,,,,,,,,,,,,,,,,,,,,,,,,,,,,,,,,,,,,,,,,,,,
11050,-891,4767,-142,10,929,-8524,-24385,119,-54,391,-2,-26,-4,0,13500,986,-203,152,13500,1531,1488,1633,1681,0,0,0,0,0,0,0,33,-21,99,23,137,,,,,,,,,,,,,,,,,,,,,,,,,,,,,,,,,,,,,,,,,,,,,,,,,,,,,,,,,,,,,,,,,,,,,,,,,,,
11103,-458,2719,181,-141,760,-11697,-36104,3048,67,258,-2,5,4,0,13500,994,-239,152,13500,1506,1559,1590,1688,0,0,0,0,0,0,0,48,-26,25,30,136,,,,,,,,,,,,,,,,,,,,,,,,,,,,,,,,,,,,,,,,,,,,,,,,,,,,,,,,,,,,,,,,,,,,,,,,,,,
11150,-209,2002,156,-245,1028,-1138,-22615,1705,74,262,-2,11,17,0,13500,959,-244,152,13500,1529,1517,1638,1655,0,0,0,0,0,0,0,28,-17,59,7,137,,,,,,,,,,,,,,,,,,,,,,,,,,,,,,,,,,,,,,,,,,,,,,,,,,,,,,,,,,,,,,,,,,,,,,,,,,,
11203,1022,1266,201,213,1000,12471,-25789,2987,-64,323,-2,4,42,0,13458,938,-310,148,13458,1584,1476,1608,1665,0,0,0,0,0,0,0,39,-36,7,67,136,,,,,,,,,,,,,,,,,,,,,,,,,,,,,,,,,,,,,,,,,,,,,,,,,,,,,,,,,,,,,,,,,,,,,,,,,,,
11250,1354,500,-202,-19,1382,-4556,-31831,3231,-100,403,-2,3,71,0,13585,922,-320,159,13585,1542,1534,1611,1663,0,0,0,0,0,0,0,19,-15,37,17,138,,,,,,,,,,,,,,,,,,,,,,,,,,,,,,,,,,,,,,,,,,,,,,,,,,,,,,,,,,,,,,,,,,,,,,,,,,,
11303,2063,162,-41,375,881,-3214,-30000,2682,-159,450,0,4,87,0,13927,895,-384,192,13927,1575,1513,1632,1662,0,0,0,0,0,0,0,7,-44,45,94,134,,,,,,,,,,,,,,,,,,,,,,,,,,,,,,,,,,,,,,,,,,,,,,,,,,,,,,,,,,,,,,,,,,,,,,,,,,,
11350,2063,-427,-41,183,1074,-8280,-36470,3903,-127,475,0,10,102,0,13927,875,-421,192,13927,1581,1527,1614,1663,0,0,0,0,0,0,0,-6,-34,56,64,139,,,,,,,,,,,,,,,,,,,,,,,,,,,,,,,,,,,,,,,,,,,,,,,,,,,,,,,,,,,,,,,,,,,,,,,,,,,
11403,1835,-1211,-138,346,901,-6632,-33723,2743,-76,505,-2,16,122,0,14013,874,-400,199,14013,1562,1536,1626,1668,0,0,0,0,0,0,0,-10,-33,35,59,141,,,,,,,,,,,,,,,,,,,,,,,,,,,,,,,,,,,,,,,,,,,,,,,,,,,,,,,,,,,,,,,,,,,,,,,,,,,
11450,1368,-2330,-85,342,1293,-4251,-36775,4940,226,491,-4,69,138,0,14013,858,-316,199,14013,1504,1618,1598,1669,0,0,0,0,0,0,0,-1,-12,-15,0,140,,,,,,,,,,,,,,,,,,,,,,,,,,,,,,,,,,,,,,,,,,,,,,,,,,,,,,,,,,,,,,,,,,,,,,,,,,,
11503,1497,-2189,-275,262,757,11495,-19563,1889,204,747,0,67,187,0,14100,821,-391,208,14100,1593,1501,1695,1609,0,0,0,0,0,0,0,-44,-30,76,52,140,,,,,,,,,,,,,,,,,,,,,,,,,,,,,,,,,,,,,,,,,,,,,,,,,,,,,,,,,,,,,,,,,,,,,,,,,,,
11550,1409,-3113,400,18,1242,15706,-39766,1828,212,772,-4,67,208,0,14056,813,-351,204,14056,1567,1522,1624,1680,0,0,0,0,0,0,0,-11,-1,-35,-15,141,,,,,,,,,,,,,,,,,,,,,,,,,,,,,,,,,,,,,,,,,,,,,,,,,,,,,,,,,,,,,,,,,,,,,,,,,,,
11603,2587,-2711,-471,15,741,13631,-44221,180,105,845,0,66,216,0,14143,823,-320,211,14143,1575,1497,1664,1660,0,0,0,0,0,0,0,-93,-28,149,70,139,,,,,,,,,,,,,,,,,,,,,,,,,,,,,,,,,,,,,,,,,,,,,,,,,,,,,,,,,,,,,,,,,,,,,,,,,,,
11650,2808,-4041,-211,168,1426,14913,-45625,363,219,841,0,92,238,0,14143,812,-246,211,14143,1555,1522,1655,1668,0,0,0,0,0,0,0,-54,-3,6,15,138,,,,,,,,,,,,,,,,,,,,,,,,,,,,,,,,,,,,,,,,,,,,,,,,,,,,,,,,,,,,,,,,,,,,,,,,,,,
11703,3558,-3666,-676,429,758,16622,-40193,-2993,157,912,0,93,246,0,14230,776,-301,219,14230,1563,1465,1694,1672,0,0,0,0,0,0,0,-120,-31,149,102,144,,,,,,,,,,,,,,,,,,,,,,,,,,,,,,,,,,,,,,,,,,,,,,,,,,,,,,,,,,,,,,,,,,,,,,,,,,,
11750,4714,-5159,-252,624,417,15340,-52278,-1651,24,694,0,87,228,0,14273,781,-291,224,14273,1580,1466,1656,1698,0,0,0,0,0,0,0,-118,-78,101,239,143,,,,,,,,,,,,,,,,,,,,,,,,,,,,,,,,,,,,,,,,,,,,,,,,,,,,,,,,,,,,,,,,,,,,,,,,,,,
11803,4407,-6799,50,-227,1065,-5716,-35432,-613,83,488,-2,93,216,0,14186,766,-239,215,14186,1515,1544,1667,1674,0,0,0,0,0,0,0,-77,-9,-46,57,140,,,,,,,,,,,,,,,,,,,,,,,,,,,,,,,,,,,,,,,,,,,,,,,,,,,,,,,,,,,,,,,,,,,,,,,,,,,
11850,3593,-6425,-281,-74,861,2523,-20051,-1101,175,245,-2,97,161,0,14273,760,-202,224,14273,1544,1511,1652,1698,0,0,0,0,0,0,0,-93,7,-18,12,140,,,,,,,,,,,,,,,,,,,,,,,,,,,,,,,,,,,,,,,,,,,,,,,,,,,,,,,,,,,,,,,,,,,,,,,,,,,
11903,3352,-5870,26,76,733,15828,3324,-3848,164,-58,0,91,90,0,14317,727,-278,228,14317,1552,1461,1672,1712,0,0,0,0,0,0,0,-87,6,-33,24,134,,,,,,,,,,,,,,,,,,,,,,,,,,,,,,,,,,,,,,,,,,,,,,,,,,,,,,,,,,,,,,,,,,,,,,,,,,,
11950,3775,-4086,-42,-7,889,7100,13944,-5618,78,-234,-2,81,24,0,14317,747,-190,228,14317,1511,1471,1691,1715,0,0,0,0,0,0,0,-107,-6,32,68,137,,,,,,,,,,,,,,,,,,,,,,,,,,,,,,,,,,,,,,,,,,,,,,,,,,,,,,,,,,,,,,,,,,,,,,,,,,,
12003,3571,-2079,-98,-187,952,-9622,20414,-3054,-18,-174,0,58,1,0,14360,738,-189,231,14360,1504,1522,1698,1683,0,0,0,0,0,0,0,-105,0,51,49,138,,,,,,,,,,,,,,,,,,,,,,,,,,,,,,,,,,,,,,,,,,,,,,,,,,,,,,,,,,,,,,,,,,,,,,,,,,,
12050,2409,-1486,486,-335,643,-7486,13944,-2444,86,-122,-2,59,1,0,14317,699,-293,228,14317,1489,1539,1671,1704,0,0,0,0,0,0,0,-42,38,-98,-53,140,,,,,,,,,,,,,,,,,,,,,,,,,,,,,,,,,,,,,,,,,,,,,,,,,,,,,,,,,,,,,,,,,,,,,,,,,,,
12103,1798,-746,-331,-180,1134,4598,20292,-4397,97,-61,-2,50,0,0,14317,691,-273,228,14317,1531,1467,1722,1678,0,0,0,0,0,0,0,-62,32,-24,-36,139,,,,,,,,,,,,,,,,,,,,,,,,,,,,,,,,,,,,,,,,,,,,,,,,,,,,,,,,,,,,,,,,,,,,,,,,,,,
12150,1796,259,-110,35,609,447,25114,-2688,98,-40,-2,50,-12,0,14800,642,-269,271,14800,1506,1518,1712,1674,0,0,0,0,0,0,0,-80,13,44,15,134,,,,,,,,,,,,,,,,,,,,,,,,,,,,,,,,,,,,,,,,,,,,,,,,,,,,,,,,,,,,,,,,,,,,,,,,,,,
12203,1047,1174,202,-127,1344,-7303,20841,-2993,-60,-37,-2,6,-27,0,14844,646,-249,276,14844,1527,1515,1716,1692,0,0,0,0,0,0,0,-57,23,7,-16,139,,,,,,,,,,,,,,,,,,,,,,,,,,,,,,,,,,,,,,,,,,,,,,,,,,,,,,,,,,,,,,,,,,,,,,,,,,,
12250,779,1517,746,-584,1138,-11331,13151,-2017,-36,-115,-2,6,-49,0,14933,620,-317,284,14933,1516,1544,1690,1711,0,0,0,0,0,0,0,-29,19,-51,-13,142,,,,,,,,,,,,,,,,,,,,,,,,,,,,,,,,,,,,,,,,,,,,,,,,,,,,,,,,,,,,,,,,,,,,,,,,,,,
12303,616,2004,250,-346,1285,-7059,19498,546,-18,-125,0,6,-60,0,14889,621,-224,280,14889,1567,1533,1708,1665,0,0,0,0,0,0,0,-45,10,5,-2,135,,,,,,,,,,,,,,,,,,,,,,,,,,,,,,,,,,,,,,,,,,,,,,,,,,,,,,,,,,,,,,,,,,,,,,,,,,,
12350,61,2008,417,-153,1246,-2237,13883,57,29,-124,-2,6,-60,0,14933,571,-229,284,14933,1572,1517,1700,1678,0,0,0,0,0,0,0,-27,14,-25,-18,136,,,,,,,,,,,,,,,,,,,,,,,,,,,,,,,,,,,,,,,,,,,,,,,,,,,,,,,,,,,,,,,,,,,,,,,,,,,
12403,801,2585,-431,283,1089,-40,8817,668,-35,-74,-4,6,-60,0,14889,586,-169,280,14889,1572,1524,1695,1674,0,0,0,0,0,0,0,-38,-7,16,42,133,,,,,,,,,,,,,,,,,,,,,,,,,,,,,,,,,,,,,,,,,,,,,,,,,,,,,,,,,,,,,,,,,,,,,,,,,,,
12450,1414,2438,-20,113,1090,2889,13761,1522,-99,-90,-4,4,-60,0,14933,567,-121,284,14933,1576,1534,1699,1662,0,0,0,0,0,0,0,-38,-24,25,91,137,,,,,,,,,,,,,,,,,,,,,,,,,,,,,,,,,,,,,,,,,,,,,,,,,,,,,,,,,,,,,,,,,,,,,,,,,,,
12503,1614,2847,-171,-221,985,936,9855,-1223,-22,-299,-2,23,-109,0,14978,561,-99,287,14978,1547,1530,1675,1716,0,0,0,0,0,0,0,-43,2,51,21,137,,,,,,,,,,,,,,,,,,,,,,,,,,,,,,,,,,,,,,,,,,,,,,,,,,,,,,,,,,,,,,,,,,,,,,,,,,,
12550,1617,3316,-444,-126,1158,1973,16813,1034,22,-621,0,32,-182,0,15022,573,6,291,15022,1557,1555,1663,1704,0,0,0,0,0,0,0,-67,2,126,22,136,,,,,,,,,,,,,,,,,,,,,,,,,,,,,,,,,,,,,,,,,,,,,,,,,,,,,,,,,,,,,,,,,,,,,,,,,,,
12603,1562,2829,119,116,975,-162,35184,2133,-70,-814,-2,13,-212,0,15022,567,0,291,15022,1576,1550,1672,1684,0,0,0,0,0,0,0,-2,-4,-23,42,135,,,,,,,,,,,,,,,,,,,,,,,,,,,,,,,,,,,,,,,,,,,,,,,,,,,,,,,,,,,,,,,,,,,,,,,,,,,
12650,1548,4277,112,-154,1107,-467,54655,1156,105,-946,-2,48,-263,0,15022,571,49,291,15022,1544,1566,1692,1673,0,0,0,0,0,0,0,24,20,-57,-23,139,,,,,,,,,,,,,,,,,,,,,,,,,,,,,,,,,,,,,,,,,,,,,,,,,,,,,,,,,,,,,,,,,,,,,,,,,,,
12703,1208,5620,91,-330,996,11678,65946,-5130,55,-891,0,32,-276,0,15022,596,114,291,15022,1565,1446,1743,1686,0,0,0,0,0,0,0,34,32,-27,-51,138,,,,,,,,,,,,,,,,,,,,,,,,,,,,,,,,,,,,,,,,,,,,,,,,,,,,,,,,,,,,,,,,,,,,,,,,,,,
12750,1789,7138,60,-5,760,-1749,50626,790,-121,-679,0,6,-260,0,15022,589,113,291,15022,1536,1571,1678,1693,0,0,0,0,0,0,0,42,10,0,15,132,,,,,,,,,,,,,,,,,,,,,,,,,,,,,,,,,,,,,,,,,,,,,,,,,,,,,,,,,,,,,,,,,,,,,,,,,,,
12803,1826,8318,211,-70,1050,-4068,49528,-5007,-295,-247,-2,-27,-194,0,14978,584,88,287,14978,1553,1462,1779,1651,0,0,0,0,0,0,0,46,4,33,31,139,,,,,,,,,,,,,,,,,,,,,,,,,,,,,,,,,,,,,,,,,,,,,,,,,,,,,,,,,,,,,,,,,,,,,,,,,,,
12850,788,8336,-323,-113,1094,-16153,23954,-2932,-246,-61,-2,-35,-157,0,14933,586,190,284,14933,1499,1543,1724,1687,0,0,0,0,0,0,0,45,23,63,-30,143,,,,,,,,,,,,,,,,,,,,,,,,,,,,,,,,,,,,,,,,,,,,,,,,,,,,,,,,,,,,,,,,,,,,,,,,,,,
12903,-227,7047,-150,-54,1579,-10660,9733,-3298,-207,7,-2,-45,-121,0,14933,610,271,284,14933,1530,1507,1711,1708,0,0,0,0,0,0,0,66,17,17,-26,140,,,,,,,,,,,,,,,,,,,,,,,,,,,,,,,,,,,,,,,,,,,,,,,,,,,,,,,,,,,,,,,,,,,,,,,,,,,
12950,-568,6205,184,-161,917,-5899,8573,-3665,-124,154,-2,-34,-77,0,14933,617,243,284,14933,1544,1484,1745,1679,0,0,0,0,0,0,0,72,18,6,-34,138,,,,,,,,,,,,,,,,,,,,,,,,,,,,,,,,,,,,,,,,,,,,,,,,,,,,,,,,,,,,,,,,,,,,,,,,,,,
13003,94,5506,-101,142,960,-406,1432,-2505,-88,396,0,-16,-16,0,14933,635,226,284,14933,1565,1477,1763,1645,0,0,0,0,0,0,0,45,-20,80,67,134,,,,,,,,,,,,,,,,,,,,,,,,,,,,,,,,,,,,,,,,,,,,,,,,,,,,,,,,,,,,,,,,,,,,,,,,,,,
13050,777,4549,-604,606,880,-1810,-20173,-3848,-67,376,-2,0,-4,0,14933,611,219,284,14933,1540,1480,1714,1717,0,0,0,0,0,0,0,42,-34,77,105,137,,,,,,,,,,,,,,,,,,,,,,,,,,,,,,,,,,,,,,,,,,,,,,,,,,,,,,,,,,,,,,,,,,,,,,,,,,,
13103,1226,4055,-559,176,1278,-406,-20051,-5191,1,430,-2,21,15,0,14933,648,217,284,14933,1524,1473,1759,1686,0,0,0,0,0,0,0,11,-18,14214650,751,1147,312,-410,1114,18575,14005,-918,388,-200,0,90,-60,0,13500,1041,116,152,13500,1510,1453,1687,1670,0,0,0,0,0,0,0,1,14,-3,-47,137,,,,,,,,,,,,,,,,,,,,,,,,,,,,,,,,,,,,,,,,,,
14703,1712,2162,-492,-93,1152,25655,20048,-2627,210,-48,-2,71,-47,0,13458,1066,116,148,13458,1537,1386,1720,1657,0,0,0,0,0,0,0,-11,5,50,0,138,,,,,,,,,,,,,,,,,,,,,,,,,,,,,,,,,,,,,,,,,,,,,,,,,,,,,,,,,,,,,,,,,,,,,,,,,,,
14750,3176,2729,-149,86,898,18392,10221,-613,-39,70,0,47,-33,0,13458,1067,99,148,13458,1545,1408,1688,1663,0,0,0,0,0,0,0,-19,-30,82,114,136,,,,,,,,,,,,,,,,,,,,,,,,,,,,,,,,,,,,,,,,,,,,,,,,,,,,,,,,,,,,,,,,,,,,,,,,,,,
14803,3274,2755,70,-177,1046,-7120,-6318,-2688,-128,125,0,31,-23,0,13500,1087,155,152,13500,1475,1457,1677,1702,0,0,0,0,0,0,0,-10,-3,59,46,139,,,,,,,,,,,,,,,,,,,,,,,,,,,,,,,,,,,,,,,,,,,,,,,,,,,,,,,,,,,,,,,,,,,,,,,,,,,
14850,2917,2896,-399,110,1033,-3946,-1558,-2444,-135,148,2,23,-20,0,13543,1084,121,155,13543,1522,1412,1698,1680,0,0,0,0,0,0,0,-21,-10,87,57,141,,,,,,,,,,,,,,,,,,,,,,,,,,,,,,,,,,,,,,,,,,,,,,,,,,,,,,,,,,,,,,,,,,,,,,,,,,,
14903,1990,2056,238,12,1138,-10233,-12483,-247,-51,71,-4,24,-21,0,13458,1087,100,148,13458,1478,1487,1645,1710,0,0,0,0,0,0,0,4,0,9,16,134,,,,,,,,,,,,,,,,,,,,,,,,,,,,,,,,,,,,,,,,,,,,,,,,,,,,,,,,,,,,,,,,,,,,,,,,,,,
14950,680,1374,554,-579,1326,-9989,-7051,-308,24,15,-2,16,-20,0,13458,1088,74,148,13458,1489,1477,1670,1686,0,0,0,0,0,0,0,11,27,-15,-63,136,,,,,,,,,,,,,,,,,,,,,,,,,,,,,,,,,,,,,,,,,,,,,,,,,,,,,,,,,,,,,,,,,,,,,,,,,,,
15003,1268,1527,35,143,925,4476,4789,-4763,-30,-30,-2,16,-32,0,13458,1096,38,148,13458,1506,1376,1711,1694,0,0,0,0,0,0,0,1,-5,14,28,132,,,,,,,,,,,,,,,,,,,,,,,,,,,,,,,,,,,,,,,,,,,,,,,,,,,,,,,,,,,,,,,,,,,,,,,,,,,
15050,1742,1803,32,253,881,-2908,-93,-1162,-68,-34,-2,16,-38,0,13458,1083,-11,148,13458,1503,1443,1669,1696,0,0,0,0,0,0,0,9,-15,-5,55,134,,,,,,,,,,,,,,,,,,,,,,,,,,,,,,,,,,,,,,,,,,,,,,,,,,,,,,,,,,,,,,,,,,,,,,,,,,,
15103,1772,2414,-335,279,1181,-9500,4423,-1956,-123,-155,-2,6,-73,0,13458,1067,-76,148,13458,1499,1435,1682,1695,0,0,0,0,0,0,0,-21,-27,79,82,141,,,,,,,,,,,,,,,,,,,,,,,,,,,,,,,,,,,,,,,,,,,,,,,,,,,,,,,,,,,,,,,,,,,,,,,,,,,
15150,1531,2625,61,259,813,-7425,9244,485,-98,-238,6,6,-93,0,13628,1073,-64,163,13628,1524,1453,1674,1669,0,0,0,0,0,0,0,-4,-29,40,81,133,,,,,,,,,,,,,,,,,,,,,,,,,,,,,,,,,,,,,,,,,,,,,,,,,,,,,,,,,,,,,,,,,,,,,,,,,,,
15203,649,3253,-142,-78,1202,-3214,21268,-2871,-28,-253,-2,5,-107,0,13543,1062,-97,155,13543,1492,1427,1709,1681,0,0,0,0,0,0,0,-2,-2,49,2,138,,,,,,,,,,,,,,,,,,,,,,,,,,,,,,,,,,,,,,,,,,,,,,,,,,,,,,,,,,,,,,,,,,,,,,,,,,,
15250,778,3106,21,-74,1354,-2176,17240,-1040,-57,-329,0,2,-120,0,13585,1056,-98,159,13585,1514,1437,1680,1691,0,0,0,0,0,0,0,24,-12,-9,26,137,,,,,,,,,,,,,,,,,,,,,,,,,,,,,,,,,,,,,,,,,,,,,,,,,,,,,,,,,,,,,,,,,,,,,,,,,,,
15303,217,2858,-136,-31,1089,-5411,22977,-308,22,-389,-2,8,-127,0,13543,1056,-126,155,13543,1490,1471,1681,1681,0,0,0,0,0,0,0,40,-2,-36,-8,139,,,,,,,,,,,,,,,,,,,,,,,,,,,,,,,,,,,,,,,,,,,,,,,,,,,,,,,,,,,,,,,,,,,,,,,,,,,
15350,-99,3405,-299,278,1133,2706,27372,180,54,-338,-2,9,-127,0,13500,1055,-100,152,13500,1526,1438,1696,1658,0,0,0,0,0,0,0,23,-7,28,5,135,,,,,,,,,,,,,,,,,,,,,,,,,,,,,,,,,,,,,,,,,,,,,,,,,,,,,,,,,,,,,,,,,,,,,,,,,,,
15403,-99,3794,69,-64,968,7161,25114,-918,57,-248,0,9,-115,0,13543,1066,-60,155,13543,1520,1432,1699,1668,0,0,0,0,0,0,0,38,0,12,-9,131,,,,,,,,,,,,,,,,,,,,,,,,,,,,,,,,,,,,,,,,,,,,,,,,,,,,,,,,,,,,,,,,,,,,,,,,,,,
15450,503,4214,-211,102,1012,2889,18644,-674,-30,-5,0,2,-74,0,13585,1047,-58,159,13585,1513,1443,1711,1653,0,0,0,0,0,0,0,30,-15,50,36,134,,,,,,,,,,,,,,,,,,,,,,,,,,,,,,,,,,,,,,,,,,,,,,,,,,,,,,,,,,,,,,,,,,,,,,,,,,,
15503,644,4747,208,-113,700,-3275,2164,-1223,86,180,0,28,-46,0,13628,1065,6,163,13628,1479,1475,1699,1675,0,0,0,0,0,0,0,37,6,43,-18,132,,,,,,,,,,,,,,,,,,,,,,,,,,,,,,,,,,,,,,,,,,,,,,,,,,,,,,,,,,,,,,,,,,,,,,,,,,,
15550,1051,4589,-243,-28,896,4537,-7539,-430,-25,320,-2,13,-16,0,13585,1064,15,159,13585,1530,1427,1697,1668,0,0,0,0,0,0,0,16,-17,96,47,136,,,,,,,,,,,,,,,,,,,,,,,,,,,,,,,,,,,,,,,,,,,,,,,,,,,,,,,,,,,,,,,,,,,,,,,,,,,
15603,383,2322,384,-124,743,2706,-14802,546,25,188,-2,11,-2,0,13628,1053,-34,163,13628,1517,1462,1671,1685,0,0,0,0,0,0,0,67,17,-59,-45,135,,,,,,,,,,,,,,,,,,,,,,,,,,,,,,,,,,,,,,,,,,,,,,,,,,,,,,,,,,,,,,,,,,,,,,,,,,,
15650,603,1120,153,-12,771,-4251,-12971,1522,0,90,-2,10,-1,0,13543,1057,-15,155,13543,1499,1495,1663,1682,0,0,0,0,0,0,0,51,-3,-32,9,132,,,,,,,,,,,,,,,,,,,,,,,,,,,,,,,,,,,,,,,,,,,,,,,,,,,,,,,,,,,,,,,,,,,,,,,,,,,
15703,495,737,-78,228,837,-4801,-9065,1095,9,53,-2,10,-2,0,13585,1046,-60,159,13585,1501,1490,1672,1679,0,0,0,0,0,0,0,29,-12,16,32,131,,,,,,,,,,,,,,,,,,,,,,,,,,,,,,,,,,,,,,,,,,,,,,,,,,,,,,,,,,,,,,,,,,,,,,,,,,,
15750,388,610,353,-258,865,5880,-1863,363,53,102,-2,17,9,0,13585,1054,-62,159,13585,1533,1437,1706,1649,0,0,0,0,0,0,0,25,-1,19,0,129,,,,,,,,,,,,,,,,,,,,,,,,,,,,,,,,,,,,,,,,,,,,,,,,,,,,,,,,,,,,,,,,,,,,,,,,,,,
15803,682,1426,-423,37,1140,2034,-16572,3292,87,288,0,29,32,0,13628,1042,-78,163,13628,1526,1497,1655,1667,0,0,0,0,0,0,0,14,10,37,-33,134,,,,,,,,,,,,,,,,,,,,,,,,,,,,,,,,,,,,,,,,,,,,,,,,,,,,,,,,,,,,,,,,,,,,,,,,,,,
15850,977,473,164,145,883,2767,-25300,546,96,229,-2,36,37,0,13628,1021,-124,163,13628,1505,1473,1657,1696,0,0,0,0,0,0,0,25,-6,-10,15,133,,,,,,,,,,,,,,,,,,,,,,,,,,,,,,,,,,,,,,,,,,,,,,,,,,,,,,,,,,,,,,,,,,,,,,,,,,,
15903,643,-642,-218,12,1120,3988,-19197,2255,149,108,-4,41,32,0,13585,1024,-150,159,13585,1510,1496,1657,1679,0,0,0,0,0,0,0,10,2,11,-3,135,,,,,,,,,,,,,,,,,,,,,,,,,,,,,,,,,,,,,,,,,,,,,,,,,,,,,,,,,,,,,,,,,,,,,,,,,,,
15950,1439,-41,-442,141,1095,7711,-15901,1156,83,94,-2,41,19,0,13628,1020,-133,163,13628,1523,1468,1656,1690,0,0,0,0,0,0,0,-19,-9,84,36,136,,,,,,,,,,,,,,,,,,,,,,,,,,,,,,,,,,,,,,,,,,,,,,,,,,,,,,,,,,,,,,,,,,,,,,,,,,,
16003,1862,-538,188,-44,858,2706,-9126,-1712,57,-46,-2,43,0,0,13585,998,-162,159,13585,1491,1452,1676,1699,0,0,0,0,0,0,0,18,3,-25,12,133,,,,,,,,,,,,,,,,,,,,,,,,,,,,,,,,,,,,,,,,,,,,,,,,,,,,,,,,,,,,,,,,,,,,,,,,,,,
16050,1644,-553,343,-223,806,4049,578,729,41,-44,2,37,0,0,13585,987,-164,159,13585,1524,1462,1676,1670,0,0,0,0,0,0,0,23,17,-41,-21,131,,,,,,,,,,,,,,,,,,,,,,,,,,,,,,,,,,,,,,,,,,,,,,,,,,,,,,,,,,,,,,,,,,,,,,,,,,,
16103,1552,317,-123,-197,1027,8687,639,1217,39,27,-2,34,0,0,13585,985,-176,159,13585,1539,1451,1683,1662,0,0,0,0,0,0,0,-19,14,70,-10,133,,,,,,,,,,,,,,,,,,,,,,,,,,,,,,,,,,,,,,,,,,,,,,,,,,,,,,,,,,,,,,,,,,,,,,,,,,,
16150,1897,239,328,-13,914,631,-5830,302,1,20,0,33,0,0,13585,967,-218,159,13585,1511,1468,1670,1682,0,0,0,0,0,0,0,7,-1,-5,32,125,,,,,,,,,,,,,,,,,,,,,,,,,,,,,,,,,,,,,,,,,,,,,,,,,,,,,,,,,,,,,,,,,,,,,,,,,,,
16203,1677,45,-219,227,1243,-3031,-4548,1034,185,-86,-2,66,-18,0,13585,947,-256,159,13585,1458,1529,1645,1700,0,0,0,0,0,0,0,19,10,-42,2,136,,,,,,,,,,,,,,,,,,,,,,,,,,,,,,,,,,,,,,,,,,,,,,,,,,,,,,,,,,,,,,,,,,,,,,,,,,,
16250,608,-555,278,-270,1216,11068,-581,973,313,-160,0,73,-22,0,13585,933,-254,159,13585,1528,1459,1669,1673,0,0,0,0,0,0,0,17,41,-41,-79,137,,,,,,,,,,,,,,,,,,,,,,,,,,,,,,,,,,,,,,,,,,,,,,,,,,,,,,,,,,,,,,,,,,,,,,,,,,,
16303,1277,250,-324,-21,1008,21077,9794,607,251,-89,-2,72,-22,0,13713,913,-243,172,13713,1549,1437,1696,1658,0,0,0,0,0,0,0,-7,15,33,6,134,,,,,,,,,,,,,,,,,,,,,,,,,,,,,,,,,,,,,,,,,,,,,,,,,,,,,,,,,,,,,,,,,,,,,,,,,,,
16350,3035,1583,-361,101,1173,18209,8268,-247,63,82,-2,65,-11,0,14056,933,-266,204,14056,1557,1434,1701,1676,0,0,0,0,0,0,0,-27,-11,99,99,137,,,,,,,,,,,,,,,,,,,,,,,,,,,,,,,,,,,,,,,,,,,,,,,,,,,,,,,,,,,,,,,,,,,,,,,,,,,
16403,2402,720,-123,-151,1231,3743,-4365,-796,87,38,0,59,-4,0,14404,922,-189,235,14404,1529,1484,1687,1710,0,0,0,0,0,0,0,16,37,-18,-28,135,,,,,,,,,,,,,,,,,,,,,,,,,,,,,,,,,,,,,,,,,,,,,,,,,,,,,,,,,,,,,,,,,,,,,,,,,,,
16450,2038,754,-452,294,880,4232,-2473,1828,90,44,-2,53,-4,0,14404,893,-208,235,14404,1544,1503,1683,1685,0,0,0,0,0,0,0,-4,27,35,0,131,,,,,,,,,,,,,,,,,,,,,,,,,,,,,,,,,,,,,,,,,,,,,,,,,,,,,,,,,,,,,,,,,,,,,,,,,,,
16503,2606,1443,104,44,915,10457,1676,790,41,108,-2,53,-3,0,14448,903,-175,240,14448,1557,1474,1691,1692,0,0,0,0,0,0,0,-14,7,65,61,131,,,,,,,,,,,,,,,,,,,,,,,,,,,,,,,,,,,,,,,,,,,,,,,,,,,,,,,,,,,,,,,,,,,,,,,,,,,
16550,2689,2194,-243,165,768,-3641,-11262,-1345,-39,174,0,39,-3,0,14535,901,-129,248,14535,1523,1484,1694,1715,0,0,0,0,0,0,0,-43,-1,138,81,139,,,,,,,,,,,,,,,,,,,,,,,,,,,,,,,,,,,,,,,,,,,,,,,,,,,,,,,,,,,,,,,,,,,,,,,,,,,
16603,2081,1231,14,115,812,-11453,-17976,2255,-45,96,-2,27,-2,0,14535,892,-111,248,14535,1530,1533,1653,1719,0,0,0,0,0,0,0,1,12,7,40,133,,,,,,,,,,,,,,,,,,,,,,,,,,,,,,,,,,,,,,,,,,,,,,,,,,,,,,,,,,,,,,,,,,,,,,,,,,,
16650,1657,812,-335,117,932,-10416,-9065,2194,-15,56,-2,25,-2,0,14579,888,-75,251,14579,1520,1538,1671,1700,0,0,0,0,0,0,0,-7,12,26,35,134,,,,,,,,,,,,,,,,,,,,,,,,,,,,,,,,,,,,,,,,,,,,,,,,,,,,,,,,,,,,,,,,,,,,,,,,,,,
16703,1524,783,-4,199,786,570,-581,-308,-3,61,-2,25,-1,0,14579,861,-79,251,14579,1532,1489,1700,1702,0,0,0,0,0,0,0,-13,7,41,49,127,,,,,,,,,,,,,,,,,,,,,,,,,,,,,,,,,,,,,,,,,,,,,,,,,,,,,,,,,,,,,,,,,,,,,,,,,,,
16750,1007,565,-281,32,1166,-4801,-5708,-1651,37,45,0,25,0,0,14579,854,-51,251,14579,1512,1491,1705,1711,0,0,0,0,0,0,0,-8,24,22,0,130,,,,,,,,,,,,,,,,,,,,,,,,,,,,,,,,,,,,,,,,,,,,,,,,,,,,,,,,,,,,,,,,,,,,,,,,,,,
16803,364,-173,200,19,883,-6265,-9920,1400,83,-18,-4,23,0,0,14491,864,-75,244,14491,1529,1516,1670,1714,0,0,0,0,0,0,0,13,26,-41,-12,132,,,,,,,,,,,,,,,,,,,,,,,,,,,,,,,,,,,,,,,,,,,,,,,,,,,,,,,,,,,,,,,,,,,,,,,,,,,
16850,258,80,-165,-36,1235,3194,394,-2505,92,6,-2,23,0,0,14579,858,-44,251,14579,1511,1475,1710,1714,0,0,0,0,0,0,0,11,33,-33,-30,129,,,,,,,,,,,,,,,,,,,,,,,,,,,,,,,,,,,,,,,,,,,,,,,,,,,,,,,,,,,,,,,,,,,,,,,,,,,
16903,868,527,77,-238,977,-5655,-4854,-125,39,39,-2,23,-1,0,14579,861,0,251,14579,1487,1535,1673,1727,0,0,0,0,0,0,0,-6,23,15,1,127,,,,,,,,,,,,,,,,,,,,,,,,,,,,,,,,,,,,,,,,,,,,,,,,,,,,,,,,,,,,,,,,,,,,,,,,,,,
16950,834,706,-77,-118,1136,-4190,-8272,-64,45,54,0,23,-1,0,14535,850,0,248,14535,1529,1493,1694,1704,0,0,0,0,0,0,0,-13,23,28,-2,129,,,,,,,,,,,,,,,,,,,,,,,,,,,,,,,,,,,,,,,,,,,,,,,,,,,,,,,,,,,,,,,,,,,,,,,,,,,
17003,480,278,-21,-141,831,2828,-4671,119,69,20,0,22,0,0,14579,863,-5,251,14579,1543,1480,1696,1701,0,0,0,0,0,0,0,1,36,-14,-39,127,,,,,,,,,,,,,,,,,,,,,,,,,,,,,,,,,,,,,,,,,,,,,,,,,,,,,,,,,,,,,,,,,,,,,,,,,,,
17050,818,470,-549,293,902,7283,4240,-1467,47,37,0,23,0,0,13543,848,-9,155,13543,1526,1442,1718,1675,0,0,0,0,0,0,0,-34,7,83,41,127,,,,,,,,,,,,,,,,,,,,,,,,,,,,,,,,,,,,,,,,,,,,,,,,,,,,,,,,,,,,,,,,,,,,,,,,,,,
17103,1110,272,424,-233,1319,-3824,-7966,1705,21,20,-16,23,0,0,13543,866,17,155,13543,1478,1500,1641,1707,0,0,0,0,0,0,0,0,10,-12,35,132,,,,,,,,,,,,,,,,,,,,,,,,,,,,,,,,,,,,,,,,,,,,,,,,,,,,,,,,,,,,,,,,,,,,,,,,,,,
17150,748,-54,186,-141,1118,-3458,-6929,-613,53,-8,-18,23,0,0,13585,849,16,159,13585,1484,1458,1676,1703,0,0,0,0,0,0,0,10,30,-44,-23,133,,,,,,,,,,,,,,,,,,,,,,,,,,,,,,,,,,,,,,,,,,,,,,,,,,,,,,,,,,,,,,,,,,,,,,,,,,,
17203,1072,185,-115,379,778,4659,-276,1828,21,9,-18,23,-1,0,13543,834,-72,155,13543,1533,1444,1673,1679,0,0,0,0,0,0,0,-20,0,42,62,130,,,,,,,,,,,,,,,,,,,,,,,,,,,,,,,,,,,,,,,,,,,,,,,,,,,,,,,,,,,,,,,,,,,,,,,,,,,
17250,610,300,214,-161,847,-5594,-3694,1400,61,19,-18,23,-1,0,13543,835,-68,155,13543,1462,1509,1651,1703,0,0,0,0,0,0,0,12,37,-41,-39,134,,,,,,,,,,,,,,,,,,,,,,,,,,,,,,,,,,,,,,,,,,,,,,,,,,,,,,,,,,,,,,,,,,,,,,,,,,,
17303,1037,813,182,-109,1174,-162,3446,-3848,28,60,-18,23,-2,0,13628,839,-50,163,13628,1474,1415,1722,1696,0,0,0,0,0,0,0,-6,14,10,22,133,,,,,,,,,,,,,,,,,,,,,,,,,,,,,,,,,,,,,,,,,,,,,,,,,,,,,,,,,,,,,,,,,,,,,,,,,,,
17350,510,7,311,-80,929,1424,-6013,302,74,-6,-2,23,-1,0,13585,851,-54,159,13585,1509,1460,1663,1696,0,0,0,0,0,0,0,12,27,-45,-15,128,,,,,,,,,,,,,,,,,,,,,,,,,,,,,,,,,,,,,,,,,,,,,,,,,,,,,,,,,,,,,,,,,,,,,,,,,,,
17403,356,-809,246,-23,1424,-955,3751,-552,87,-77,-4,23,-1,0,13585,834,-61,159,13585,1487,1468,1691,1680,0,0,0,0,0,0,0,10,14,-41,12,132,,,,,,,,,,,,,,,,,,,,,,,,,,,,,,,,,,,,,,,,,,,,,,,,,,,,,,,,,,,,,,,,,,,,,,,,,,,
17450,231,-84,345,-162,982,2218,3080,-674,88,-14,-4,21,-1,0,13585,841,-59,159,13585,1489,17503,677,416,-391,323,967,-2725,-6135,2743,52,32,0,22,0,0,13628,825,-53,163,13628,1507,1505,1653,1678,0,0,0,0,0,0,0,-21,8,50,34,129,,,,,,,,,,,,,,,,,,,,,,,,,,,,,,,,,,,,,,,,,,,,,,,,,,,,,,
17550,722,-140,-137,-161,1149,-223,2042,729,48,-15,-2,22,0,0,13585,825,-80,159,13585,1494,1484,1673,1681,0,0,0,0,0,0,0,3,21,-13,2,130,,,,,,,,,,,,,,,,,,,,,,,,,,,,,,,,,,,,,,,,,,,,,,,,,,,,,,,,,,,,,,,,,,,,,,,,,,,
17603,1343,293,246,-144,1042,-1749,-4671,180,-9,25,-2,21,0,0,13543,823,-126,155,13543,1493,1474,1662,1696,0,0,0,0,0,0,0,2,18,-10,12,132,,,,,,,,,,,,,,,,,,,,,,,,,,,,,,,,,,,,,,,,,,,,,,,,,,,,,,,,,,,,,,,,,,,,,,,,,,,
17650,832,-71,-212,126,1084,-1566,-4304,-3,35,-9,-2,21,0,0,13543,830,-128,155,13543,1498,1466,1671,1690,0,0,0,0,0,0,0,1,24,-8,-6,129,,,,,,,,,,,,,,,,,,,,,,,,,,,,,,,,,,,,,,,,,,,,,,,,,,,,,,,,,,,,,,,,,,,,,,,,,,,
17703,742,-183,70,235,987,4659,3019,-1895,-15,-19,-2,9,0,0,13585,801,-147,159,13585,1510,1422,1697,1687,0,0,0,0,0,0,0,-8,3,17,47,129,,,,,,,,,,,,,,,,,,,,,,,,,,,,,,,,,,,,,,,,,,,,,,,,,,,,,,,,,,,,,,,,,,,,,,,,,,,
17750,754,-422,281,56,929,-6632,-11751,-491,-86,-40,-4,-4,0,0,13585,812,-157,159,13585,1478,1476,1646,1720,0,0,0,0,0,0,0,12,8,-44,29,133,,,,,,,,,,,,,,,,,,,,,,,,,,,,,,,,,,,,,,,,,,,,,,,,,,,,,,,,,,,,,,,,,,,,,,,,,,,
17803,86,-541,17,-70,909,-12369,-4609,1766,-63,-47,-4,-11,0,0,13543,776,-186,155,13543,1490,1499,1665,1676,0,0,0,0,0,0,0,2,28,-22,-33,134,,,,,,,,,,,,,,,,,,,,,,,,,,,,,,,,,,,,,,,,,,,,,,,,,,,,,,,,,,,,,,,,,,,,,,,,,,,
17850,507,302,228,-355,1561,-8035,-1314,607,-155,15,-2,-22,-2,0,13585,798,-146,159,13585,1502,1475,1674,1681,0,0,0,0,0,0,0,-24,7,51,19,135,,,,,,,,,,,,,,,,,,,,,,,,,,,,,,,,,,,,,,,,,,,,,,,,,,,,,,,,,,,,,,,,,,,,,,,,,,,
17903,941,610,-288,-1,1033,-14200,-7844,1950,-232,39,-2,-30,-2,0,13585,769,-187,159,13585,1506,1492,1655,1683,0,0,0,0,0,0,0,-22,0,45,35,136,,,,,,,,,,,,,,,,,,,,,,,,,,,,,,,,,,,,,,,,,,,,,,,,,,,,,,,,,,,,,,,,,,,,,,,,,,,
17950,468,242,-477,241,864,-14322,-5891,3659,-190,3,-6,-30,-3,0,13670,767,-203,168,13670,1525,1498,1647,1675,0,0,0,0,0,0,0,-24,-6,49,43,136,,,,,,,,,,,,,,,,,,,,,,,,,,,,,,,,,,,,,,,,,,,,,,,,,,,,,,,,,,,,,,,,,,,,,,,,,,,
18003,513,1079,-288,177,865,-4923,3446,57,-160,73,-4,-23,-4,0,13713,761,-201,172,13713,1526,1444,1700,1664,0,0,0,0,0,0,0,-51,-28,121,93,136,,,,,,,,,,,,,,,,,,,,,,,,,,,,,,,,,,,,,,,,,,,,,,,,,,,,,,,,,,,,,,,,,,,,,,,,,,,
18050,330,549,86,100,976,-5655,-2717,3109,-140,23,-2,-22,-4,0,13670,771,-177,168,13670,1539,1482,1666,1661,0,0,0,0,0,0,0,-16,-19,23,59,135,,,,,,,,,,,,,,,,,,,,,,,,,,,,,,,,,,,,,,,,,,,,,,,,,,,,,,,,,,,,,,,,,,,,,,,,,,,
18103,-705,-383,41,-221,1250,-5350,-3206,3598,65,-68,-4,0,-6,0,13713,748,-142,172,13713,1516,1516,1657,1666,0,0,0,0,0,0,0,-5,12,-14,-36,136,,,,,,,,,,,,,,,,,,,,,,,,,,,,,,,,,,,,,,,,,,,,,,,,,,,,,,,,,,,,,,,,,,,,,,,,,,,
18150,-510,-354,87,-194,1279,6673,6681,2560,72,-90,-2,5,-11,0,13713,734,-166,172,13713,1548,1467,1676,1654,0,0,0,0,0,0,0,0,3,-25,-13,133,,,,,,,,,,,,,,,,,,,,,,,,,,,,,,,,,,,,,,,,,,,,,,,,,,,,,,,,,,,,,,,,,,,,,,,,,,,
18203,899,344,129,154,968,7589,1981,2194,-15,-29,-4,12,-11,0,13756,746,-139,175,13756,1542,1472,1663,1673,0,0,0,0,0,0,0,-9,-22,2,65,132,,,,,,,,,,,,,,,,,,,,,,,,,,,,,,,,,,,,,,,,,,,,,,,,,,,,,,,,,,,,,,,,,,,,,,,,,,,
18250,1170,485,351,77,1283,5941,3934,790,-7,-20,-4,18,-12,0,14186,737,-138,215,14186,1553,1466,1698,1672,0,0,0,0,0,0,0,-5,-9,-5,35,131,,,,,,,,,,,,,,,,,,,,,,,,,,,,,,,,,,,,,,,,,,,,,,,,,,,,,,,,,,,,,,,,,,,,,,,,,,,
18303,971,398,-234,61,1180,5391,2103,2865,12,-42,-4,19,-15,0,15067,708,-124,296,15067,1579,1517,1690,1689,0,0,0,0,0,0,0,-5,8,-2,-9,131,,,,,,,,,,,,,,,,,,,,,,,,,,,,,,,,,,,,,,,,,,,,,,,,,,,,,,,,,,,,,,,,,,,,,,,,,,,
18350,1308,705,-182,72,1171,4781,7597,2011,-12,-15,-2,20,-15,0,15022,714,-123,291,15022,1568,1519,1705,1681,0,0,0,0,0,0,0,-6,2,3,12,132,,,,,,,,,,,,,,,,,,,,,,,,,,,,,,,,,,,,,,,,,,,,,,,,,,,,,,,,,,,,,,,,,,,,,,,,,,,
18403,1508,396,415,-399,1148,1119,2897,-1712,-23,-49,-2,21,-16,0,15067,714,-105,296,15067,1535,1503,1696,1733,0,0,0,0,0,0,0,19,10,-58,-4,137,,,,,,,,,,,,,,,,,,,,,,,,,,,,,,,,,,,,,,,,,,,,,,,,,,,,,,,,,,,,,,,,,,,,,,,,,,,
18450,1466,210,249,-195,777,-7120,-5647,2560,-23,-65,-4,20,-16,0,15022,684,-136,291,15022,1533,1562,1659,1720,0,0,0,0,0,0,0,16,8,-54,-1,136,,,,,,,,,,,,,,,,,,,,,,,,,,,,,,,,,,,,,,,,,,,,,,,,,,,,,,,,,,,,,,,,,,,,,,,,,,,
18503,1231,77,-121,354,1085,-2420,3690,1950,7,-111,-2,23,-23,0,15022,696,-105,291,15022,1561,1528,1687,1699,0,0,0,0,0,0,0,2,-6,-15,34,134,,,,,,,,,,,,,,,,,,,,,,,,,,,,,,,,,,,,,,,,,,,,,,,,,,,,,,,,,,,,,,,,,,,,,,,,,,,
18550,1389,712,49,122,953,5086,9122,2438,-2,-52,0,23,-23,0,15022,681,-120,291,15022,1578,1520,1694,1684,0,0,0,0,0,0,0,-1,-4,3,33,129,,,,,,,,,,,,,,,,,,,,,,,,,,,,,,,,,,,,,,,,,,,,,,,,,,,,,,,,,,,,,,,,,,,,,,,,,,,
18603,2032,1334,-385,285,1237,7833,11259,-1651,-30,-9,-2,29,-25,0,15022,672,-63,291,15,15022,1575,1485,1709,1697,0,0,0,0,0,0,0,-4,-23,24,87,132,,,,,,,,,,,,,,,,,,,,,,,,,,,,,,,,,,,,,,,,,,,,,,,,,,,,,,,,,,,,,,,,,,,,,,,,,,
18703,1256,1103,-390,162,1047,-12491,-4182,4391,-32,-64,-4,15,-32,0,15022,690,63,291,15022,1558,1568,1663,1694,0,0,0,0,0,0,0,-11,-4,41,28,138,,,,,,,,,,,,,,,,,,,,,,,,,,,,,,,,,,,,,,,,,,,,,,,,,,,,,,,,,,,,,,,,,,,,,,,,,,,
18750,1372,824,-48,215,1290,-1688,8634,1828,-46,-918803,1434,1204,-209,37,946,1607,9672,912,-79,-93,-4,9,-39,0,14978,717,159,287,14978,1573,1501,1705,1687,0,0,0,0,0,0,0,-6,-11,39,44,132,,,,,,,,,,,,,,,,,,,,,,,,,,,,,,,,,,,,,,,,,,,,,,,,,,,,,,,,,,,,,,,,,
18850,1092,1089,-567,395,1024,1668,10160,851,-56,-103,-4,7,-39,0,14978,735,238,287,14978,1580,1494,1709,1683,0,0,0,0,0,0,0,-12,-17,59,56,137,,,,,,,,,,,,,,,,,,,,,,,,,,,,,,,,,,,,,,,,,,,,,,,,,,,,,,,,,,,,,,,,,,,,,,,,,,,
18903,895,992,229,-230,943,-18167,-3389,5551,-46,-108,-2,6,-39,0,14623,733,276,255,14623,1542,1602,1635,1702,0,0,0,0,0,0,0,19,2,-22,-5,135,,,,,,,,,,,,,,,,,,,,,,,,,,,,,,,,,,,,,,,,,,,,,,,,,,,,,,,,,,,,,,,,,,,,,,,,,,,
18950,139,448,37,-216,1043,-10416,3385,3231,-50,-69,-4,-7,-21,0,13543,754,288,155,13543,1506,1533,1644,1658,0,0,0,0,0,0,0,38,22,-70,-62,136,,,,,,,,,,,,,,,,,,,,,,,,,,,,,,,,,,,,,,,,,,,,,,,,,,,,,,,,,,,,,,,,,,,,,,,,,,,
19003,445,906,49,119,923,81,8756,2011,-101,2,-2,-12,-15,0,13543,765,259,155,13543,1554,1468,1667,1647,0,0,0,0,0,0,0,12,-13,6,33,128,,,,,,,,,,,,,,,,,,,,,,,,,,,,,,,,,,,,,,,,,,,,,,,,,,,,,,,,,,,,,,,,,,,,,,,,,,,
19050,215,636,235,0,867,-9134,-1863,3598,-85,-17,-2,-13,-14,0,13458,792,249,148,13458,1522,1524,1627,1663,0,0,0,0,0,0,0,28,-5,-34,7,132,,,,,,,,,,,,,,,,,,,,,,,,,,,,,,,,,,,,,,,,,,,,,,,,,,,,,,,,,,,,,,,,,,,,,,,,,,,
19103,-27,663,-169,73,1062,-1566,4301,2560,-22,-8,-6,-4,-13,0,13416,823,299,143,13416,1539,1486,1670,1631,0,0,0,0,0,0,0,20,-4,-11,0,132,,,,,,,,,,,,,,,,,,,,,,,,,,,,,,,,,,,,,,,,,,,,,,,,,,,,,,,,,,,,,,,,,,,,,,,,,,,
19150,157,25,-77,-18,1158,997,2592,3231,-17,-60,6,0,-12,0,13628,830,301,163,13628,1570,1486,1642,1651,0,0,0,0,0,0,0,41,-21,-65,44,130,,,,,,,,,,,,,,,,,,,,,,,,,,,,,,,,,,,,,,,,,,,,,,,,,,,,,,,,,,,,,,,,,,,,,,,,,,,
19203,304,114,-337,32,1116,-3031,2653,1339,-26,-45,-6,0,-11,0,13416,833,270,143,13416,1523,1487,1662,1652,0,0,0,0,0,0,0,12,-9,13,14,132,,,,,,,,,,,,,,,,,,,,,,,,,,,,,,,,,,,,,,,,,,,,,,,,,,,,,,,,,,,,,,,,,,,,,,,,,,,
19250,397,36,137,-349,1261,-2969,2958,1705,-34,-21,-4,0,-4,0,13416,834,270,143,13416,1533,1486,1659,1649,0,0,0,0,0,0,0,22,-2,-10,-3,132,,,,,,,,,,,,,,,,,,,,,,,,,,,,,,,,,,,,,,,,,,,,,,,,,,,,,,,,,,,,,,,,,,,,,,,,,,,
19299,100,-224,-89,-55,1106,1485,5521,546,-1,-51,-4,0,-4,0,13416,853,185,143,13416,1519,1504,1653,1652,0,0,0,0,0,0,0,24,4,-17,-24,130,,,,,,,,,,,,,,,,,,,,,,,,,,,,,,,,,,,,,,,,,,,,,,,,,,,,,,,,,,,,,,,,,,,,,,,,,,,
19350,-325,-279,470,-195,756,264,2714,1644,35,-45,-4,1,-4,0,13416,871,188,143,13416,1537,1483,1662,1643,0,0,0,0,0,0,0,42,17,-62,-59,132,,,,,,,,,,,,,,,,,,,,,,,,,,,,,,,,,,,,,,,,,,,,,,,,,,,,,,,,,,,,,,,,,,,,,,,,,,,
19403,-246,141,-297,-35,1352,-6326,-5159,2865,24,1,-4,0,-2,0,13458,871,221,148,13458,1515,1529,1627,1665,0,0,0,0,0,0,0,20,-1,-2,-8,131,,,,,,,,,,,,,,,,,,,,,,,,,,,,,,,,,,,,,,,,,,,,,,,,,,,,,,,,,,,,,,,,,,,,,,,,,,,
19450,-187,242,221,-369,1526,509,-1192,1461,19,14,-2,0,-1,0,13416,876,155,143,13416,1527,1496,1646,1658,0,0,0,0,0,0,0,22,2,-6,-16,130,,,,,,,,,,,,,,,,,,,,,,,,,,,,,,,,,,,,,,,,,,,,,,,,,,,,,,,,,,,,,,,,,,,,,,,,,,,
19503,338,503,-234,-133,1307,-1993,1371,1278,-26,33,-2,0,-2,0,13500,880,142,152,13500,1513,1509,1658,1648,0,0,0,0,0,0,0,15,2,13,-13,132,,,,,,,,,,,,,,,,,,,,,,,,,,,,,,,,,,,,,,,,,,,,,,,,,,,,,,,,,,,,,,,,,,,,,,,,,,,
19550,567,654,-71,-167,1011,-1749,-1558,1217,-39,46,-4,2,-2,0,13458,872,121,148,13458,1518,1505,1656,1654,0,0,0,0,0,0,0,7,2,33,-8,130,,,,,,,,,,,,,,,,,,,,,,,,,,,,,,,,,,,,,,,,,,,,,,,,,,,,,,,,,,,,,,,,,,,,,,,,,,,
19603,1156,219,646,-38,765,-4312,-9920,2255,-90,8,-2,2,-2,0,13416,873,90,143,13416,1524,1513,1611,1680,0,0,0,0,0,0,0,48,-9,-79,24,130,,,,,,,,,,,,,,,,,,,,,,,,,,,,,,,,,,,,,,,,,,,,,,,,,,,,,,,,,,,,,,,,,,,,,,,,,,,
19650,711,-324,688,-293,881,-3702,-2290,-979,-51,-31,-6,2,0,0,13416,896,69,143,13416,1503,1486,1661,1674,0,0,0,0,0,0,0,55,10,-104,-33,134,,,,,,,,,,,,,,,,,,,,,,,,,,,,,,,,,,,,,,,,,,,,,,,,,,,,,,,,,,,,,,,,,,,,,,,,,,,
19703,956,573,-173,-70,894,-8768,-6074,3781,-72,50,-6,2,0,0,13416,896,58,143,13416,1525,1536,1625,1653,0,0,0,0,0,0,0,-2,-10,52,20,130,,,,,,,,,,,,,,,,,,,,,,,,,,,,,,,,,,,,,,,,,,,,,,,,,,,,,,,,,,,,,,,,,,,,,,,,,,,
19750,817,502,-46,40,714,-3153,-2534,302,-60,43,-4,2,0,0,13416,930,92,143,13416,1517,1493,1651,1664,0,0,0,0,0,0,0,11,-9,14,19,126,,,,,,,,,,,,,,,,,,,,,,,,,,,,,,,,,,,,,,,,,,,,,,,,,,,,,,,,,,,,,,,,,,,,,,,,,,,
19803,722,725,-41,-182,1050,-2603,-1375,2194,-56,59,2,1,0,0,13585,888,79,159,13585,1529,1525,1646,1649,0,0,0,0,0,0,0,13,10,8,-34,129,,,,,,,,,,,,,,,,,,,,,,,,,,,,,,,,,,,,,,,,,,,,,,,,,,,,,,,,,,,,,,,,,,,,,,,,,,,
19850,1336,1436,-292,70,759,-650,-2473,546,-106,125,-2,2,0,0,13416,897,69,143,13416,1529,1488,1657,1652,0,0,0,0,0,0,0,-16,-15,88,37,132,,,,,,,,,,,,,,,,,,,,,,,,,,,,,,,,,,,,,,,,,,,,,,,,,,,,,,,,,,,,,,,,,,,,,,,,,,,
19903,1093,1029,206,45,1036,-4801,-9126,2682,-84,86,-4,2,0,0,13416,888,-11,143,13416,1535,1515,1619,1666,0,0,0,0,0,0,0,9,-9,13,16,130,,,,,,,,,,,,,,,,,,,,,,,,,,,,,,,,,,,,,,,,,,,,,,,,,,,,,,,,,,,,,,,,,,,,,,,,,,,
19950,1290,1381,-169,148,986,-5899,-4487,180,-102,120,-4,2,0,0,13416,913,-27,143,13416,1508,1504,1659,1654,0,0,0,0,0,0,0,-11,-22,65,50,135,,,,,,,,,,,,,,,,,,,,,,,,,,,,,,,,,,,,,,,,,,,,,,,,,,,,,,,,,,,,,,,,,,,,,,,,,,,
20003,966,553,292,-124,1040,-1932,-6990,2987,-73,44,-4,2,0,0,13458,900,4,148,13458,1543,1511,1625,1653,0,0,0,0,0,0,0,24,-3,-40,-5,130,,,,,,,,,,,,,,,,,,,,,,,,,,,,,,,,,,,,,,,,,,,,,,,,,,,,,,,,,,,,,,,,,,,,,,,,,,,
20050,1424,932,-65,345,838,264,-1436,1705,-113,84,-2,2,0,0,13458,874,-81,148,13458,1561,1475,1666,1626,0,0,0,0,0,0,0,-18,-44,70,101,132,,,,,,,,,,,,,,,,,,,,,,,,,,,,,,,,,,,,,,,,,,,,,,,,,,,,,,,,,,,,,,,,,,,,,,,,,,,
20103,1178,513,-201,48,1164,-3580,-6746,1705,-88,118,-4,2,14,0,13458,898,-70,148,13458,1540,1499,1640,1654,0,0,0,0,0,0,0,-1,-32,17,64,134,,,,,,,,,,,,,,,,,,,,,,,,,,,,,,,,,,,,,,,,,,,,,,,,,,,,,,,,,,,,,,,,,,,,,,,,,,,
20150,915,256,-122,-112,1276,20,-9187,973,-24,88,-4,11,13,0,13500,869,-104,152,13500,1540,1492,1642,1662,0,0,0,0,0,0,0,-6,-13,24,9,131,,,,,,,,,,,,,,,,,,,,,,,,,,,,,,,,,,,,,,,,,,,,,,,,,,,,,,,,,,,,,,,,,,,,,,,,,,,
20203,1013,326,-362,131,1054,1912,-4793,2682,-1,101,-4,17,14,0,13884,882,-65,188,13884,1552,1505,1652,1631,0,0,0,0,0,0,0,-34,-30,90,55,135,,,,,,,,,,,,,,,,,,,,,,,,,,,,,,,,,,,,,,,,,,,,,,,,,,,,,,,,,,,,,,,,,,,,,,,,,,,
20250,702,-38,-408,239,897,7894,-8088,1522,67,80,-2,25,16,0,14317,885,-61,228,14317,1586,1494,1661,1667,0,0,0,0,0,0,0,-27,-22,61,30,132,,,,,,,,,,,,,,,,,,,,,,,,,,,,,,,,,,,,,,,,,,,,,,,,,,,,,,,,,,,,,,,,,,,,,,,,,,,
20303,162,-1078,241,-466,1231,8809,-10042,668,121,-10,0,27,16,0,14448,873,-99,240,14448,1567,1516,1659,1684,0,0,0,0,0,0,0,12,15,-58,-67,136,,,,,,,,,,,,,,,,,,,,,,,,,,,,,,,,,,,,,,,,,,,,,,,,,,,,,,,,,,,,,,,,,,,,,,,,,,,
20350,440,-615,-121,-193,934,9481,-2962,1889,104,-53,0,28,0,0,14448,861,-85,240,14448,1588,1511,1665,1663,0,0,0,0,0,0,0,-25,5,40,-33,133,,,,,,,,,,,,,,,,,,,,,,,,,,,,,,,,,,,,,,,,,,,,,,,,,,,,,,,,,,,,,,,,,,,,,,,,,,,
20403,863,-471,365,-55,1331,11190,4911,-1162,67,-37,0,28,0,0,14491,857,-59,244,14491,1564,1495,1687,1678,0,0,0,0,0,0,0,-6,-6,-7,7,130,,,,,,,,,,,,,,,,,,,,,,,,,,,,,,,,,,,,,,,,,,,,,,,,,,,,,,,,,,,,,,,,,,,,,,,,,,,
20450,1162,-396,387,-105,839,9481,-2290,-1284,34,-34,0,27,0,0,14623,827,-101,255,14623,1568,1491,1666,1702,0,0,0,0,0,0,0,7,2,-47,-10,133,,,,,,,,,,,,,,,,,,,,,,,,,,,,,,,,,,,,,,,,,,,,,,,,,,,,,,,,,,,,,,,,,,,,,,,,,,,
20503,1979,748,-365,355,1177,-650,-4732,2987,-75,68,-2,19,0,0,14579,848,-37,251,14579,1566,1555,1645,1677,0,0,0,0,0,0,0,-30,-12,52,34,134,,,,,,,,,,,,,,,,,,,,,,,,,,,,,,,,,,,,,,,,,,,,,,,,,,,,,,,,,,,,,,,,,,,,,,,,,,,
20550,1368,86,-348,70,1519,-3153,-7539,-857,-21,11,-2,19,0,0,14712,837,-7,264,14712,1548,1527,1661,1710,0,0,0,0,0,0,0,-6,2,-16,-7,130,,,,,,,,,,,,,,,,,,,,,,,,,,,,,,,,,,,,,,,,,,,,,,,,,,,,,,,,,,,,,,,,,,,,,,,,,,,
20603,1175,45,161,48,1063,2340,3934,1156,30,7,0,26,0,0,14712,830,23,264,14712,1582,1523,1683,1663,0,0,0,0,0,0,0,-10,-9,-6,22,125,,,,,,,,,,,,,,,,,,,,,,,,,,,,,,,,,,,,,,,,,,,,,,,,,,,,,,,,,,,,,,,,,,,,,,,,,,,
20650,1577,1093,206,-238,937,6307,5338,180,19,102,2,31,1,0,14756,829,18,267,14756,1590,1502,1690,1665,0,0,0,0,0,0,0,-23,-1,34,6,128,,,,,,,,,,,,,,,,,,,,,,,,,,,,,,,,,,,,,,,,,,,,,,,,,,,,,,,,,,,,,,,,,,,,,,,,,,,
20703,2591,1522,-22,164,1530,-5960,-3938,1522,-58,97,2,33,-6,0,14756,838,3,267,14756,1562,1554,1651,1690,0,0,0,0,0,0,0,-24,-31,39,91,133,,,,,,,,,,,,,,,,,,,,,,,,,,,,,,,,,,,,,,,,,,,,,,,,,,,,,,,,,,,,,,,,,,,,,,,,,,,
20750,2218,1428,-104,-173,1094,-4923,-6502,1583,-26,96,0,33,-5,0,14712,844,31,264,14712,1566,1548,1652,1688,0,0,0,0,0,0,0,-18,-11,22,35,136,,,,,,,,,,,,,,,,,,,,,,,,,,,,,,,,,,,,,,,,,,,,,,,,,,,,,,,,,,,,,,,,,,,,,,,,,,,
20803,1619,1228,655,-393,1473,2279,9122,-735,54,19,0,39,-17,0,14800,835,30,271,14800,1578,1507,1710,1659,0,0,0,0,0,0,0,-14,-2,12,8,131,,,,,,,,,,,,,,,,,,,,,,,,,,,,,,,,,,,,,,,,,,,,,,,,,,,,,,,,,,,,,,,,,,,,,,,,,,,
20850,1273,1589,434,-289,1077,8626,6986,-674,87,16,-2,39,-24,0,14756,827,41,267,14756,1588,1492,1694,1675,0,0,0,0,0,0,0,-16,3,19,-7,132,,,,,,,,,,,,,,,,,,,,,,,,,,,,,,,,,,,,,,,,,,,,,,,,,,,,,,,,,,,,,,,,,,,,,,,,,,,
20903,2016,1896,-231,308,1048,-5960,-9004,3720,152,-57,0,65,-44,0,13585,856,135,159,13585,1519,1568,1586,1676,0,0,0,0,0,0,0,-29,-32,56,91,138,,,,,,,,,,,,,,,,,,,,,,,,,,,,,,,,,,,,,,,,,,,,,,,,,,,,,,,,,,,,,,,,,,,,,,,,,,,
20950,1307,1207,-129,155,1037,11373,4606,607,283,-114,0,79,-43,0,13585,858,127,159,13585,1535,1510,1651,1650,0,0,0,0,0,0,0,-11,2,8,0,133,,,,,,,,,,,,,,,,,,,,,,,,,,,,,,,,,,,,,,,,,,,,,,,,,,,,,,,,,,,,,,,,,,,,,,,,,,,
21003,1875,1607,66,-12,577,16805,13517,1705,283,-124,-2,89,-53,0,13543,865,113,155,13543,1550,1505,1646,1639,0,0,0,0,0,0,0,-7,7,6,0,132,,,,,,,,,,,,,,,,,,,,,,,,,,,,,,,,,,,,,,,,,,,,,,,,,,,,,,,,,,,,,,,,,,,,,,,,,,,
21050,2325,1577,280,-38,838,22237,10831,302,278,-159,-2,96,-59,0,13543,888,100,155,13543,1558,1477,1648,1655,0,0,0,0,0,0,0,7,9,-24,11,134,,,,,,,,,,,,,,,,,,,,,,,,,,,,,,,,,,,,,,,,,,,,,,,,,,,,,,,,,,,,,,,,,,,,,,,,,,,
21103,3021,1893,-355,95,967,19979,8634,2560,217,-124,0,96,-57,0,13500,896,109,152,13500,1566,1503,1633,1639,0,0,0,0,0,0,0,-9,7,28,34,133,,,,,,,,,,,,,,,,,,,,,,,,,,,,,,,,,,,,,,,,,,,,,,,,,,,,,,,,,,,,,,,,,,,,,,,,,,,
21150,3359,2729,87,-262,1023,17659,13883,-2078,94,11,-2,77,-45,0,13543,903,197,155,13543,1560,1437,1690,1640,0,0,0,0,0,0,0,-17,20,59,11,136,,,,,,,,,,,,,,,,,,,,,,,,,,,,,,,,,,,,,,,,,,,,,,,,,,,,,,,,,,,,,,,,,,,,,,,,,,,
21203,3491,2832,-160,58,1035,8138,-764,1156,9,55,2,62,-38,0,13500,922,157,152,13500,1561,1492,1635,1655,0,0,0,0,0,0,0,-13,14,52,34,131,,,,,,,,,,,,,,,,,,,,,,,,,,,,,,,,,,,,,,,,,,,,,,,,,,,,,,,,,,,,,,,,,,,,,,,,,,,
21250,2604,1854,258,-509,1267,5758,394,-1284,20,-2,0,49,-32,0,13500,929,150,152,13500,1545,1468,1658,1661,0,0,0,0,0,0,0,16,39,-29,-35,134,,,,,,,,,,,,,,,,,,,,,,,,,,,,,,,,,,,,,,,,,,,,,,,,,,,,,,,,,,,,,,,,,,,,,,,,,,,
21303,2427,1721,267,-78,610,-528,4606,-2871,-79,45,2,26,-20,0,13458,922,71,148,13458,1523,1464,1676,1659,0,0,0,0,0,0,0,16,25,-26,3,131,,,,,,,,,,,,,,,,,,,,,,,,,,,,,,,,,,,,,,,,,,,,,,,,,,,,,,,,,,,,,,,,,,,,,,,,,,,
21350,1463,2195,-266,-78,950,-3580,2958,-1345,-113,118,0,2,-14,0,13500,910,32,152,13500,1534,1475,1675,1647,0,0,0,0,0,0,0,-29,37,97,-34,136,,,,,,,,,,,,,,,,,,,,,,,,,,,,,,,,,,,,,,,,,,,,,,,,,,,,,,,,,,,,,,,,,,,,,,,,,,,
21403,930,1170,252,68,835,-3885,-5647,302,-67,35,2,2,-13,0,13500,912,-14,152,13500,1542,1492,1627,1675,0,0,0,0,0,0,0,14,13,-26,19,130,,,,,,,,,,,,,,,,,,,,,,,,,,,,,,,,,,,,,,,,,,,,,,,,,,,,,,,,,,,,,,,,,,,,,,,,,,,
21450,713,519,181,6,628,-8035,-3633,-2932,-51,-27,-2,2,-14,0,13500,922,-26,152,13500,1503,1480,1659,1684,0,0,0,0,0,0,0,19,7,-43,28,131,,,,,,,,,,,,,,,,,,,,,,,,,,,,,,,,,,,,,,,,,,,,,,,,,,,,,,,,,,,,,,,,,,,,,,,,,,,
21503,824,722,-195,92,1165,-10233,1310,-1528,-54,0,-2,3,-12,0,13543,908,-51,155,13543,1505,1500,1667,1664,0,0,0,0,0,0,0,-9,1,36,36,131,,,,,,,,,,,,,,,,,,,,,,,,,,,,,,,,,,,,,,,,,,,,,,,,,,,,,,,,,,,,,,,,,,,,,,,,,,,
21550,256,226,71,-157,1180,-1627,5704,-4702,-11,-36,0,2,-11,0,13458,896,-116,148,13458,1504,1446,1679,1684,0,0,0,0,0,0,0,19,26,-37,-35,135,,,,,,,,,,,,,,,,,,,,,,,,,,,,,,,,,,,,,,,,,,,,,,,,,,,,,,,,,,,,,,,,,,,,,,,,,,,
21603,269,500,272,-209,825,-9195,-3694,57,-13,-8,0,2,-10,0,13500,908,-125,152,13500,1507,1519,1633,1677,0,0,0,0,0,0,0,10,12,-13,0,130,,,,,,,,,,,,,,,,,,,,,,,,,,,,,,,,,,,,,,,,,,,,,,,,,,,,,,,,,,,,,,,,,,,,,,,,,,,
21650,464,508,75,-37,733,2462,3934,-1651,-33,-4,-4,1,-9,0,13585,898,-126,159,13585,1548,1448,1685,1652,0,0,0,0,0,0,0,11,1,-13,27,129,,,,,,,,,,,,,,,,,,,,,,,,,,,,,,,,,,,,,,,,,,,,,,,,,,,,,,,,,,,,,,,,,,,,,,,,,,,
21703,647,754,-25,-72,916,509,3202,-2871,-49,27,-4,1,-7,0,13628,887,-127,163,13628,1524,1456,1682,1672,0,0,0,0,0,0,0,7,8,0,9,125,,,,,,,,,,,,,,,,,,,,,,,,,,,,,,,,,,,,,,,,,,,,,,,,,,,,,,,,,,,,,,,,,,,,,,,,,,,
21750,358,405,36,100,1079,4659,5704,-3482,-24,-3,-4,1,-7,0,13543,910,-62,155,13543,1539,1425,1701,1658,0,0,0,0,0,0,0,4,10,8,2,126,,,,,,,,,,,,,,,,,,,,,,,,,,,,,,,,,,,,,,,,,,,,,,,,,,,,,,,,,,,,,,,,,,,,,,,,,,,
21803,877,1320,-273,169,1448,-3824,-2962,-735,-73,83,-4,0,-6,0,13628,900,-69,163,13628,1525,1489,1671,1662,0,0,0,0,0,0,0,-23,-8,83,54,134,,,,,,,,,,,,,,,,,,,,,,,,,,,,,,,,,,,,,,,,,,,,,,,,,,,,,,,,,,,,,,,,,,,,,,,,,,,
21850,1453,1494,-272,88,1232,-7242,-4243,-1162,-119,95,2,1,-6,0,13970,878,-56,195,13970,1524,1504,1665,1682,0,0,0,0,0,0,0,-11,-15,54,74,136,,,,,,,,,,,,,,,,,,,,,,,,,,,,,,,,,,,,,,,,,,,,,,,,,,,,,,,,,,,,,,,,,,,,,,,,,,,
21903,1188,816,145,72,879,-6326,-5525,-613,-100,43,-4,0,-5,0,14013,869,-124,199,14013,1530,1500,1651,1694,0,0,0,0,0,0,0,24,12,-44,-1,133,,,,,,,,,,,,,,,,,,,,,,,,,,,,,,,,,,,,,,,,,,,,,,,,,,,,,,,,,,,,,,,,,,,,,,,,,,,
21950,608,574,204,-229,777,-6815,-3206,-1040,-49,36,0,0,-2,0,14491,884,-131,244,14491,1535,1498,1681,1673,0,0,0,0,0,0,0,17,20,-26,-27,134,,,,,,,,,,,,,,,,,,,,,,,,,,,,,,,,,,,,,,,,,,,,,,,,,,,,,,,,,,,,,,,,,,,,,,,,,,,
22003,396,489,-149,-22,1387,325,6132,-6411,-31,28,0,0,-2,0,14933,871,-120,284,14933,1545,1447,1752,1696,0,0,0,0,0,0,0,10,12,-5,-8,130,,,,,,,,,,,,,,,,,,,,,,,,,,,,,,,,,,,,,,,,,,,,,,,,,,,,,,,,,,,,,,,,,,,,,,,,,,,
22050,629,919,26,-89,899,-833,-2046,-4214,-51,69,-2,0,-2,0,14978,836,-131,287,14978,1537,1490,1708,1722,0,0,0,0,0,0,0,0,4,22,14,128,,,,,,,,,,,,,,,,,,,,,,,,,,,,,,,,,,,,,,,,,,,,,,,,,,,,,,,,,,,,,,,,,,,,,,,,,,,
22103,363,-31,-104,174,1070,-2420,-2351,-3787,-24,-6,0,1,0,0,14978,835,-123,287,14978,1544,1491,1713,1714,0,0,0,0,0,0,0,22,5,-41,8,131,,,,,,,,,,,,,,,,,,,,,,,,,,,,,,,,,,,,,,,,,,,,,,,,,,,,,,,,,,,,,,,,,,,,,,,,,,,
22150,166,-79,235,5,1176,-4617,2775,-2139,-11,-6,-2,0,0,0,14933,825,-73,284,14933,1558,1494,1722,1688,0,0,0,0,0,0,0,6,2,-1,7,125,,,,,,,,,,,,,,,,,,,,,,,,,,,,,,,,,,,,,,,,,,,,,,,,,,,,,,,,,,,,,,,,,,,,,,,,,,,
22203,392,715,-126,71,963,-4739,3751,-1162,-34,55,0,0,-1,0,15022,831,-102,291,15022,1569,1500,1728,1671,0,0,0,0,0,0,0,-11,-9,49,38,131,,,,,,,,,,,,,,,,,,,,,,,,,,,,,,,,,,,,,,,,,,,,,,,,,,,,,,,,,,,,,,,,,,,,,,,,,,,
22250,864,913,45,-3,863,-9195,-2901,-247,-54,55,-2,4,-4,0,15022,842,-106,291,15022,1523,1558,1691,1702,0,0,0,0,0,0,0,3,-8,9,35,127,,,,,,,,,,,,,,,,,,,,,,,,,,,,,,,,,,,,,,,,,,,,,,,,,,,,,,,,,,,,,,,,,,,,,,,,,,,
22303,705,436,477,-265,1127,-3885,1676,-5984,-44,31,0,3,-1,0,14978,821,-68,287,14978,1524,1469,1729,1724,0,0,0,0,0,0,0,26,4,-52,-4,131,,,,,,,,,,,,,,,,,,,,,,,,,,,,,,,,,,,,,,,,,,,,,,,,,,,,,,,,,,,,,,,,,,,,,,,,,,,
22350,913,740,-18,-231,1064,-10538,-10103,-1284,-69,61,0,2,0,0,15022,814,-94,291,15022,1531,1534,1684,1720,0,0,0,0,0,0,0,-3,-7,24,24,133,,,,,,,,,,,,,,,,,,,,,,,,,,,,,,,,,,,,,,,,,,,,,,,,,,,,,,,,,,,,,,,,,,,,,,,,,,,
22403,829,865,177,126,756,-10599,-11079,851,-54,75,0,3,0,0,14978,821,-52,287,14978,1545,1547,1668,1712,0,0,0,0,0,0,0,3,-16,1,40,128,,,,,,,,,,,,,,,,,,,,,,,,,,,,,,,,,,,,,,,,,,,,,,,,,,,,,,,,,,,,,,,,,,,,,,,,,,,
22450,266,515,-300,241,1101,-8280,-5891,-918,-2,37,2,4,-1,0,15067,821,-9,296,15067,1542,1530,1696,1707,0,0,0,0,0,0,0,6,-2,-7,0,127,,,,,,,,,,,,,,,,,,,,,,,,,,,,,,,,,,,,,,,,,,,,,,,,,,,,,,,,,,,,,,,,,,,,,,,,,,,
22503,468,152,24,101,872,6002,2409,-1284,-16,20,0,4,1,0,14933,823,-4,284,14933,1572,1486,1713,1695,0,0,0,0,0,0,0,5,-16,-5,40,125,,,,,,,,,,,,,,,,,,,,,,,,,,,,,,,,,,,,,,,,,,,,,,,,,,,,,,,,,,,,,,,,,,,,,,,,,,,
22550,1154,1344,-437,271,938,4171,3019,-2139,-69,120,0,6,0,0,14933,839,18,284,14933,1570,1471,1736,1679,0,0,0,0,0,0,0,-54,-42,154,109,134,,,,,,,,,,,,,,,,,,,,,,,,,,,,,,,,,,,,,,,,,,,,,,,,,,,,,,,,,,,,,,,,,,,,,,,,,,,
22603,861,1437,-6,-258,1187,-9561,-10164,-3,-40,125,0,6,0,0,14933,839,95,284,14933,1533,1540,1692,1699,0,0,0,0,0,0,0,-24,-9,70,14,130,,,,,,,,,,,,,,,,,,,,,,,,,,,,,,,,,,,,,,,,,,,,,,,,,,,,,,,,,,,,,,,,,,,,,,,,,,,
22650,660,950,-26,0,1068,-711,-5525,-2322,5,89,-2,12,1,0,14889,817,73,280,14889,1550,1482,1721,1697,0,0,0,0,0,0,0,-5,-9,13,13,126,,,,,,,,,,,,,,,,,,,,,,,,,,,,,,,,,,,,,,,,,,,,,,,,,,,,,,,,,,,,,,,,,,,,,,,,,,,
22703,1203,1450,-571,343,526,8138,-3816,-4641,66,126,0,34,0,0,14448,848,99,240,14448,1551,1444,1749,1693,0,0,0,0,0,0,0,-61,-46,158,115,135,,,,,,,,,,,,,,,,,,,,,,,,,,,,,,,,,,,,,,,,,,,,,,,,,,,,,,,,,,,,,,,,,,,,,,,,,,,
22750,1380,857,-211,365,1074,11373,-1863,-2688,109,74,4,46,0,0,14100,837,103,208,14100,1542,1439,1710,1680,0,0,0,0,0,0,0,-22,-27,48,69,135,,,,,,,,,,,,,,,,,,,,,,,,,,,,,,,,,,,,,,,,,,,,,,,,,,,,,,,,,,,,,,,,,,,,,,,,,,,
22803,1110,74,-198,78,1169,3438,-7905,-552,203,13,2,60,1,0,14056,880,200,204,14056,1516,1498,1687,1679,0,0,0,0,0,0,0,-11,-7,7,18,129,,,,,,,,,,,,,,,,,,,,,,,,,,,,,,,,,,,,,,,,,,,,,,,,,,,,,,,,,,,,,,,,,,,,,,,,,,,
22850,1588,280,7,151,901,12838,-1253,-613,168,31,0,61,1,0,13970,879,214,195,13970,1546,1457,1697,1667,0,0,0,0,0,0,0,-23,-15,37,47,130,,,,,,,,,,,,,,,,,,,,,,,,,,,,,,,,,,,,,,,,,,,,,,,,,,,,,,,,,,,,,,,,,,,,,,,,,,,
22903,2392,684,-410,83,1024,18392,3812,-2566,91,63,0,60,0,0,13927,897,221,192,13927,1551,1413,1721,1664,0,0,0,0,0,0,0,-30,-18,57,71,132,,,,,,,,,,,,,,,,,,,,,,,,,,,,,,,,,,,,,,,,,,,,,,,,,,,,,,,,,,,,,,,,,,,,,,,,,,,
22950,2446,594,-289,178,962,7894,-2168,607,27,55,0,48,0,0,13585,909,206,159,13585,1520,1481,1670,1666,0,0,0,0,0,0,0,-27,3,47,17,128,,,,,,,,,,,,,,,,,,,,,,,,,,,,,,,,,,,,,,,,,,,,,,,,,,,,,,,,,,,,,,,,,,,,,,,,,,,
23003,2260,-138,248,-2,734,-6937,-10347,546,19,-12,2,43,0,0,13585,911,193,159,13585,1485,1516,1640,1695,0,0,0,0,0,0,0,3,0,-43,28,129,,,,,,,,,,,,,,,,,,,,,,,,,,,,,,,,,,,,,,,,,,,,,,,,,,,,,,,,,,,,,,,,,,,,,,,,,,,
23050,1807,169,-196,20,849,-711,-1130,-1528,-11,14,0,29,0,0,13585,923,155,159,13585,1518,1449,1687,1674,0,0,0,0,0,0,0,-25,4,33,12,130,,,,,,,,,,,,,,,,,,,,,,,,,,,,,,,,,,,,,,,,,,,,,,,,,,,,,,,,,,,,,,,,,,,,,,,,,,,
23103,1302,-155,751,-516,1232,-5411,-8211,2499,-26,-13,2,17,0,0,13585,918,125,159,13585,1516,1511,1619,1688,0,0,0,0,0,0,0,-3,18,-25,-28,136,,,,,,,,,,,,,,,,,,,,,,,,,,,,,,,,,,,,,,,,,,,,,,,,,,,,,,,,,,,,,,,,,,,,,,,,,,,
23150,1468,318,673,-319,1173,1851,-3999,-369,-72,27,2,11,0,0,13500,919,95,152,13500,1549,1429,1674,1668,0,0,0,0,0,0,0,-13,1,0,17,129,,,,,,,,,,,,,,,,,,,,,,,,,,,,,,,,,,,,,,,,,,,,,,,,,,,,,,,,,,,,,,,,,,,,,,,,,,,
23203,1519,673,-207,-4,906,1363,-1497,241,-83,34,0,9,-4,0,13500,928,40,152,13500,1540,1450,1680,1655,0,0,0,0,0,0,0,-33,1,51,16,127,,,,,,,,,,,,,,,,,,,,,,,,,,,,,,,,,,,,,,,,,,,,,,,,,,,,,,,,,,,,,,,,,,,,,,,,,,,
23250,1199,381,-166,-162,1358,20,455,-430,17,-46,2,24,-16,0,13500,932,66,152,13500,1502,1483,1677,1664,0,0,0,0,0,0,0,-15,19,3,-31,130,,,,,,,,,,,,,,,,,,,,,,,,,,,,,,,,,,,,,,,,,,,,,,,,,,,,,,,,,,,,,,,,,,,,,,,,,,,
23303,1539,217,94,185,936,1119,-4121,973,54,-96,2,37,-23,0,13543,944,-10,155,13543,1527,1483,1646,1682,0,0,0,0,0,0,0,-2,0,-35,19,129,,,,,,,,,,,,,,,,,,,,,,,,,,,,,,,,,,,,,,,,,,,,,,,,,,,,,,,,,,,,,,,,,,,,,,,,,,,
23350,1353,-356,135,255,632,2645,-5708,1828,154,-177,-2,54,-29,0,13500,926,-60,152,13500,1516,1501,1627,1689,0,0,0,0,0,0,0,6,-2,-63,28,135,,,,,,,,,,,,,,,,,,,,,,,,,,,,,,,,,,,,,,,,,,,,,,,,,,,,,,,,,,,,,,,,,,,,,,,,,,,
23403,1975,618,-335,171,969,11129,1981,180,127,-99,0,60,-30,0,13543,944,-21,155,13543,1535,1459,1663,1673,0,0,0,0,0,0,0,-31,-8,42,51,133,,,,,,,,,,,,,,,,,,,,,,,,,,,,,,,,,,,,,,,,,,,,,,,,,,,,,,,,,,,,,,,,,,,,,,,,,,,
23450,2093,689,-260,-46,1003,2950,-3023,1278,145,-96,-2,65,-31,0,13500,934,-41,152,13500,1497,1512,1626,1695,0,0,0,0,0,0,0,-24,1,26,31,135,,,,,,,,,,,,,,,,,,,,,,,,,,,,,,,,,,,,,,,,,,,,,,,,,,,,,,,,,,,,,,,,,,,,,,,,,,,
23503,1622,256,124,-199,951,3560,-1741,1217,252,-183,2,78,-41,0,13458,945,5,148,13458,1483,1531,1628,1693,0,0,0,0,0,0,0,-13,24,-4,-27,134,,,,,,,,,,,,,,,,,,,,,,,,,,,,,,,,,,,,,,,,,,,,,,,,,,,,,,,,,,,,,,,,,,,,,,,,,,,
23550,1804,-7,-132,69,919,12838,3202,668,240,-206,2,79,-41,0,13500,940,-22,152,13500,1530,1474,1652,1674,0,0,0,0,0,0,0,-9,13,-18,8,131,,,,,,,,,,,,,,,,,,,,,,,,,,,,,,,,,,,,,,,,,,,,,,,,,,,,,,,,,,,,,,,,,,,,,,,,,,,
23603,2588,275,413,-152,976,11190,3019,2926,-26,-185,2,39,-41,0,13500,932,-118,152,13500,1575,1458,1628,1670,0,0,0,0,0,0,0,-8,1,-15,53,135,,,,,,,,,,,,,,,,,,,,,,,,,,,,,,,,,,,,,,,,,,,,,,,,,,,,,,,,,,,,,,,,,,,,,,,,,,,
23650,3271,1194,564,-65,1016,1912,13578,-308,-208,-115,2,15,-43,0,13970,922,-116,195,13970,1562,1451,1690,1665,0,0,0,0,0,0,0,-7,-6,-5,82,137,,,,,,,,,,,,,,,,,,,,,,,,,,,,,,,,,,,,,,,,,,,,,,,,,,,,,,,,,,,,,,,,,,,,,,,,,,,
23703,2560,1779,-181,16,754,-10416,9916,1889,-209,-96,4,2,-50,0,14712,923,-151,264,14712,1555,1513,1668,1672,0,0,0,0,0,0,0,-18,16,36,16,136,,,,,,,,,,,,,,,,,,,,,,,,,,,,,,,,,,,,,,,,,,,,,,,,,,,,,,,,,,,,,,,,,,,,,,,,,,,
23750,1967,2399,-109,105,1066,-5838,14188,1217,-154,-38,-2,3,-49,0,15067,898,-156,296,15067,1585,1509,1708,1676,0,0,0,0,0,0,0,-13,12,33,18,139,,,,,,,,,,,,,,,,,,,,,,,,,,,,,,,,,,,,,,,,,,,,,,,,,,,,,,,,,,,,,,,,,,,,,,,,,,,
23803,1439,2882,-112,-185,974,-3519,12296,-2505,-111,7,-2,2,-48,0,15067,909,-181,296,15067,1561,1480,1727,1698,0,0,0,0,0,0,0,-20,19,64,-3,138,,,,,,,,,,,,,,,,,,,,,,,,,,,,,,,,,,,,,,,,,,,,,,,,,,,,,,,,,,,,,,,,,,,,,,,,,,,
23850,1688,2985,-20,122,756,-5716,1127,1400,-133,9,-4,2,-50,0,15067,878,-104,296,15067,1566,1528,1677,1705,0,0,0,0,0,0,0,-18,-10,63,72,135,,,,,,,,,,,,,,,,,,,,,,,,,,,,,,,,,,,,,,,,,,,,,,,,,,,,,,,,,,,,,,,,,,,,,,,,,,,
23903,1304,3345,202,-279,1257,-10111,3385,-491,-96,47,-4,3,-48,0,15022,900,-57,291,15022,1552,1519,1707,1697,0,0,0,0,0,0,0,-18,4,66,23,135,,,,,,,,,,,,,,,,,,,,,,,,,,,,,,,,,,,,,,,,,,,,,,,,,,,,,,,,,,,,,,,,,,,,,,,,,,,
23950,1067,2523,689,-504,1004,-7486,-947,1400,-75,-27,0,3,-49,0,15067,875,-78,296,15067,1548,1553,1670,1710,0,0,0,0,0,0,0,32,23,-68,-28,136,,,,,,,,,,,,,,,,,,,,,,,,,,,,,,,,,,,,,,,,,,,,,,,,,,,,,,,,,,,,,,,,,,,,,,,,,,,
24003,1012,2373,-341,-75,1318,3988,8756,-613,-74,-37,-2,2,-48,0,15067,881,-80,296,15067,1595,1471,1725,1677,0,0,0,0,0,0,0,-3,12,32,-1,134,,,,,,,,,,,,,,,,,,,,,,,,,,,,,,,,,,,,,,,,,,,,,,,,,,,,,,,,,,,,,,,,,,,,,,,,,,,
24050,1825,3192,-255,153,716,6246,9977,1522,-141,97,0,3,-36,0,15112,886,-73,300,15112,1595,1505,1709,1669,0,0,0,0,0,0,0,-36,-21,127,95,135,,,,,,,,,,,,,,,,,,,,,,,,,,,,,,,,,,,,,,,,,,,,,,,,,,,,,,,,,,,,,,,,,,,,,,,,,,,
24103,1084,3001,35,-394,1176,-6632,-7661,-125,-77,115,0,3,-29,0,15112,865,-54,300,15112,1552,1531,1680,1718,0,0,0,0,0,0,0,0,31,28,-52,134,,,,,,,,,,,,,,,,,,,,,,,,,,,,,,,,,,,,,,,,,,,,,,,,,,,,,,,,,,,,,,,,,,,,,,,,,,,
24150,1228,2209,171,-195,1261,-3580,-3694,424,-89,53,0,3,-27,0,15112,887,-18,300,15112,1578,1510,1697,1696,0,0,0,0,0,0,0,14,11,-16,-4,134,,,,,,,,,,,,,,,,,,,,,,,,,,,,,,,,,,,,,,,,,,,,,,,,,,,,,,,,,,,,,,,,,,,,,,,,,,,
24203,727,1840,-235,-132,1089,-6754,-1863,-3,-46,76,-6,3,-16,0,15022,893,64,291,15022,1565,1511,1709,1690,0,0,0,0,0,0,0,1,23,13,-41,132,,,,,,,,,,,,,,,,,,,,,,,,,,,,,,,,,,,,,,,,,,,,,,,,,,,,,,,,,,,,,,,,,,,,,,,,,,,
24250,719,1569,-301,-48,1138,1729,2897,-979,-45,56,-2,3,-16,0,15067,898,134,296,15067,1568,1496,1709,1699,0,0,0,0,0,0,0,0,8,23,0,129,,,,,,,,,,,,,,,,,,,,,,,,,,,,,,,,,,,,,,,,,,,,,,,,,,,,,,,,,,,,,,,,,,,,,,,,,,,
24303,815,938,54,-249,1084,-9500,-6074,-64,40,12,-2,22,-13,0,15067,881,109,296,15067,1521,1556,1672,1725,0,0,0,0,0,0,0,21,12,-38,-13,133,,,,,,,,,,,,,,,,,,,,,,,,,,,,,,,,,,,,,,,,,,,,,,,,,,,,,,,,,,,,,,,,,,,,,,,,,,,
24350,584,1080,39,-280,1249,-1444,-154,-491,134,80,-2,37,-2,0,15067,876,74,296,15067,1553,1518,1717,1686,0,0,0,0,0,0,0,-5,19,32,-35,132,,,,,,,,,,,,,,,,,,,,,,,,,,,,,,,,,,,,,,,,,,,,,,,,,,,,,,,,,,,,,,,,,,,,,,,,,,,
24403,809,848,-242,-6,1127,8931,-4365,-1834,386,60,-2,91,-2,0,15067,896,101,296,15067,1537,1514,1704,1715,0,0,0,0,0,0,0,1,13,12,-13,132,,,,,,,,,,,,,,,,,,,,,,,,,,,,,,,,,,,,,,,,,,,,,,,,,,,,,,,,,,,,,,,,,,,,,,,,,,,
24450,1841,1435,-333,-71,1150,20894,1432,-2444,362,121,-2,104,0,0,15022,900,136,291,15022,1539,1504,1720,1708,0,0,0,0,0,0,0,-15,9,60,15,136,,,,,,,,,,,,,,,,,,,,,,,,,,,,,,,,,,,,,,,,,,,,,,,,,,,,,,,,,,,,,,,,,,,,,,,,,,,
24503,3223,1249,80,147,1256,14364,-6929,-1773,245,102,0,105,-1,0,15022,928,159,291,15022,1523,1526,1695,1722,0,0,0,0,0,0,0,-3,-4,27,72,135,,,,,,,,,,,,,,,,,,,,,,,,,,,,,,,,,,,,,,,,,,,,,,,,,,,,,,,,,,,,,,,,,,,,,,,,,,,
24550,2944,571,518,-525,1258,9298,-6074,-6045,203,46,-4,92,0,0,14978,908,141,287,14978,1517,1459,1734,1731,0,0,0,0,0,0,0,17,33,-36,-23,135,,,,,,,,,,,,,,,,,,,,,,,,,,,,,,,,,,,,,,,,,,,,,,,,,,,,,,,,,,,,,,,,,,,,,,,,,,,
24603,2697,207,-414,38,1002,4964,-6318,-1284,75,11,-4,62,-1,0,14978,930,167,287,14978,1557,1488,1709,1706,0,0,0,0,0,0,0,-3,40,14,-32,133,,,,,,,,,,,,,,,,,,,,,,,,,,,,,,,,,,,,,,,,,,,,,,,,,,,,,,,,,,,,,,,,,,,,,,,,,,,
24650,3197,278,-352,384,756,7222,3629,-5252,-97,17,-4,36,-1,0,15022,954,204,291,15022,1543,1442,1743,1721,0,0,0,0,0,0,0,-25,-7,72,100,134,,,,,,,,,,,,,,,,,,,,,,,,,,,,,,,,,,,,,,,,,,,,,,,,,,,,,,,,,,,,,,,,,,,,,,,,,,,
24703,2306,185,-251,-75,1029,-18228,-6868,-1651,-194,9,-4,1,-1,0,14978,946,212,287,14978,1509,1528,1704,1719,0,0,0,0,0,0,0,-12,21,35,16,136,,,,,,,,,,,,,,,,,,,,,,,,,,,,,,,,,,,,,,,,,,,,,,,,,,,,,,,,,,,,,,,,,,,,,,,,,,,
24750,1249,-173,178,-45,1229,-10843,333,-3421,-102,-22,-4,1,-1,0,14978,969,262,287,14978,1527,1479,1732,1713,0,0,0,0,0,0,0,4,28,-13,-14,136,,,,,,,,,,,,,,,,,,,,,,,,,,,,,,,,,,,,,,,,,,,,,,,,,,,,,,,,,,,,,,,,,,,,,,,,,,,
24803,680,-22,237,-77,899,-4068,5460,-4214,-87,-36,-2,-5,-6,0,14978,984,246,287,14978,1540,1453,1736,1720,0,0,0,0,0,0,0,1,18,-5,3,130,,,,,,,,,,,,,,,,,,,,,,,,,,,,,,,,,,,,,,,,,,,,,,,,,,,,,,,,,,,,,,,,,,,,,,,,,,,
24850,350,25,106,-100,921,-15726,-5159,-1651,-124,-29,-2,-18,-6,0,14933,993,277,284,14933,1517,1517,1696,1735,0,0,0,0,0,0,0,9,16,-27,0,135,,,,,,,,,,,,,,,,,,,,,,,,,,,,,,,,,,,,,,,,,,,,,,,,,,,,,,,,,,,,,,,,,,,,,,,,,,,
24903,-110,478,523,-196,1272,-9195,7474,-6961,-123,-136,-2,-26,-35,0,14491,1001,287,244,14491,1481,1434,1730,1739,0,0,0,0,0,0,0,12,23,-28,-28,142,,,,,,,,,,,,,,,,,,,,,,,,,,,,,,,,,,,,,,,,,,,,,,,,,,,,,,,,,,,,,,,,,,,,,,,,,,,
24950,-135,1220,277,-349,1342,-21585,9306,-308,-78,-193,0,-18,-60,0,13670,1000,222,168,13670,1488,1488,1683,1680,0,0,0,0,0,0,0,1,9,5,-4,136,,,,,,,,,,,,,,,,,,,,,,,,,,,,,,,,,,,,,,,,,,,,,,,,,,,,,,,,,,,,,,,,,,,,,,,,,,,
25003,-545,1567,-29,-80,1062,-6815,15226,-3,-74,-247,2,-24,-76,0,13670,1020,223,168,13670,1538,1439,1688,1671,0,0,0,0,0,0,0,7,2,3,1,132,,,,,,,,,,,,,,,,,,,,,,,,,,,,,,,,,,,,,,,,,,,,,,,,,,,,,,,,,,,,,,,,,,,,,,,,,,,
25050,-5,2795,-323,337,1100,-9134,20292,424,-121,-167,0,-24,-82,0,13585,1041,247,159,13585,1510,1470,1691,1660,0,0,0,0,0,0,0,-9,-16,68,50,138,,,,,,,,,,,,,,,,,,,,,,,,,,,,,,,,,,,,,,,,,,,,,,,,,,,,,,,,,,,,,,,,,,,,,,,,,,,
25103,-532,2862,24,89,983,-9927,13639,851,-79,-158,2,-25,-81,0,13543,1058,228,155,13543,1499,1488,1668,1676,0,0,0,0,0,0,0,11,-3,22,5,133,,,,,,,,,,,,,,,,,,,,,,,,,,,,,,,,,,,,,,,,,,,,,,,,,,,,,,,,,,,,,,,,,,,,,,,,,,,
25150,-847,2497,-116,-48,923,-14139,2836,2804,-27,-127,0,-20,-69,0,13585,1061,233,159,13585,1489,1526,1649,1672,0,0,0,0,0,0,0,22,-6,-3,1,137,,,,,,,,,,,,,,,,,,,,,,,,,,,,,,,,,,,,,,,,,,,,,,,,,,,,,,,,,,,,,,,,,,,,,,,,,,,
25203,-1147,2383,-5,78,1071,-8951,6986,1705,33,-74,0,-13,-56,0,13543,1077,268,155,13543,1499,1501,1666,1668,0,0,0,0,0,0,0,16,-12,19,10,135,,,,,,,,,,,,,,,,,,,,,,,,,,,,,,,,,,,,,,,,,,,,,,,,,,,,,,,,,,,,,,,,,,,,,,,,,,,
25250,-456,2603,-295,220,709,-772,1920,3109,53,3,4,2,-44,0,13543,1103,215,155,13543,1545,1479,1668,1645,0,0,0,0,0,0,0,-9,-42,90,87,131,,,,,,,,,,,,,,,,,,,,,,,,,,,,,,,,,,,,,,,,,,,,,,,,,,,,,,,,,,,,,,,,,,,,,,,,,,,
25303,-829,1530,189,-337,769,142,-4060,3475,86,-9,2,2,-28,0,13543,1079,224,155,13543,1526,1506,1646,1663,0,0,0,0,0,0,0,41,11,-51,-61,133,,,,,,,,,,,,,,,,,,,,,,,,,,,,,,,,,,,,,,,,,,,,,,,,,,,,,,,,,,,,,,,,,,,,,,,,,,,
25350,-316,1697,-472,51,769,5513,2470,2072,38,29,-2,2,-23,0,13543,1103,230,155,13543,1548,1458,1683,1643,0,0,0,0,0,0,0,-11,-21,87,28,133,25403,-441,700,254,-23,786,3438,-520,4025,48,-22,0,2,-16,0,13585,1123,222,159,13585,25450,197,603,-13,296,826,-1444,-154,3720,-10,-31,2,1,-16,0,13585,1124,150,159,1358525503,909,1317,-95,-119,955,1973,9672,2377,-72,45,2,1,-13,0,13543,1123,120,155,13543,1551,1471,1690,1623,0,0,0,0,0,0,0,-3,-27,67,49,132
25550,957,1119,-83,18,1023,-5289,-764,2865,-83,59,2,0,-7,0,13585,1111,91,159,13585,1535,1499,1650,1657,0,0,0,0,0,0,0,24,-22,-6,34,130,,,,,,,,,,,,,,,,,,,,,,,,,,,,,,,,,,,,,,,,,,,,,,,,,,,,,,,,,,,,,,,,,,,,,,,,,,,
25603,700,1001,-106,40,1092,-2908,-3999,3720,-57,49,0,0,-7,0,13585,1135,95,159,13585,1541,1508,1649,1649,0,0,0,0,0,0,0,22,-6,-4,-10,132,,,,,,,,,,,,,,,,,,,,,,,,,,,,,,,,,,,,,,,,,,,,,,,,,,,,,,,,,,,,,,,,,,,,,,,,,,,
25650,875,1385,-289,62,1208,3194,2286,2499,21,86,0,19,-6,0,13543,1134,79,155,13543,1554,1475,1682,1625,0,0,0,0,0,0,0,-6,-22,73,30,130,,,,,,,,,,,,,,,,,,,,,,,,,,,,,,,,,,,,,,,,,,,,,,,,,,,,,,,,,,,,,,,,,,,,,,,,,,,
25703,1394,1128,-77,210,462,4659,3202,851,199,-48,2,64,-29,0,13628,1139,8,163,13628,1509,1501,1664,1661,0,0,0,0,0,0,0,12,-36,22,72,131,,,,,,,,,,,,,,,,,,,,,,,,,,,,,,,,,,,,,,,,,,,,,,,,,,,,,,,,,,,,,,,,,,,,,,,,,,,
25750,1672,1012,155,-186,974,17904,7841,-369,203,-86,2,69,-34,0,13585,1145,39,159,13585,1548,1440,1681,1658,0,0,0,0,0,0,0,21,-12,1,15,134,,,,,,,,,,,,,,,,,,,,,,,,,,,,,,,,,,,,,,,,,,,,,,,,,,,,,,,,,,,,,,,,,,,,,,,,,,,
25803,2555,1283,-275,123,1047,11922,2653,2987,126,-62,2,69,-34,0,13585,1147,45,159,13585,1539,1507,1645,1656,0,0,0,0,0,0,0,17,-21,13,52,136,,,,,,,,,,,,,,,,,,,,,,,,,,,,,,,,,,,,,,,,,,,,,,,,,,,,,,,,,,,,,,,,,,,,,,,,,,,
25850,2487,807,169,-175,1153,11495,5460,2133,58,-69,0,55,-27,0,13585,1150,20,159,13585,1549,1481,1671,1640,0,0,0,0,0,0,0,31,1,-22,0,1325903,2911,1228,109,-95,868,7467,5521,-1773,-55,72,0,39,-6,0,13543,1150,-25,155,13543,1529,1439,1700,1654,0,0,0,0,0,0,0,24,-11,-2,38,133,,,,,,,,,,,,,,,,,,,,,,,,,,,,,,,,,,,,,,,,
25950,2664,904,62,-21,777,-772,-9920,241,-75,71,2,31,-1,0,13585,1150,-29,159,13585,1534,1468,1650,1680,0,0,0,0,0,0,0,17,-19,11,59,130,,,,,,,,,,,,,,,,,,,,,,,,,,,,,,,,,,,,,,,,,,,,,,,,,,,,,,,,,,,,,,,,,,,,,,,,,,,
26003,1466,-155,186,-85,928,1851,-6807,57,29,-17,0,31,0,0,13585,1148,-20,159,13585,1525,1476,1668,1667,0,0,0,0,0,0,0,34,13,-46,-33,131,,,,,,,,,,,,,,,,,,,,,,,,,,,,,,,,,,,,,,,,,,,,,,,,,,,,,,,,,,,,,,,,,,,,,,,,,,,
26050,1311,-112,267,30,816,1668,28,1522,7,-16,0,24,-1,0,13585,1139,-40,159,13585,1530,1493,1669,1650,0,0,0,0,0,0,0,10,-9,14,27,127,,,,,,,,,,,,,,,,,,,,,,,,,,,,,,,,,,,,,,,,,,,,,,,,,,,,,,,,,,,,,,,,,,,,,,,,,,,
26103,1179,-98,158,36,950,2767,578,-308,19,-8,0,24,0,0,13543,1150,-29,155,13543,1513,1480,1668,1671,0,0,0,0,0,0,0,30,-1,-41,8,126,,,,,,,,,,,,,,,,,,,,,,,,,,,,,,,,,,,,,,,,,,,,,,,,,,,,,,,,,,,,,,,,,,,,,,,,,,,
26150,751,-188,187,-255,1250,2523,-5464,-247,56,-19,2,24,0,0,13713,1144,-32,172,13713,1529,1477,1672,1674,0,0,0,0,0,0,0,12,9,0,-22,131,,,,,,,,,,,,,,,,,,,,,,,,,,,,,,,,,,,,,,,,,,,,,,,,,,,,,,,,,,,,,,,,,,,,,,,,,,,
26203,1013,-403,-63,201,780,5635,150,-2810,37,-38,-4,25,0,0,13756,1131,-57,175,13756,1517,1442,1700,1680,0,0,0,0,0,0,0,4,-16,19,48,131,,,,,,,,,,,,,,,,,,,,,,,,,,,,,,,,,,,,,,,,,,,,,,,,,,,,,,,,,,,,,,,,,,,,,,,,,,,
26250,924,-27,210,-324,1097,8748,2409,-1528,41,-5,-2,24,0,0,14056,1150,-18,204,14056,1544,1451,1699,1678,0,0,0,0,0,0,0,4,4,16,-4,129,,,,,,,,,,,,,,,,,,,,,,,,,,,,,,,,,,,,,,,,,,,,,,,,,,,,,,,,,,,,,,,,,,,,,,,,,,,
26303,904,42,-196,-19,879,2401,-11751,-430,273,-69,-2,70,-14,0,14889,1138,-32,280,14889,1504,1527,1656,1720,0,0,0,0,0,0,0,-9,-1,48,12,134,,,,,,,,,,,,,,,,,,,,,,,,,,,,,,,,,,,,,,,,,,,,,,,,,,,,,,,,,,,,,,,,,,,,,,,,,,,
26350,1197,190,-161,155,895,16988,-1924,-1834,272,-53,-4,75,-13,0,14889,1144,-29,280,14889,1558,1478,1714,1704,0,0,0,0,0,0,0,-5,0,33,17,136,,,,,,,,,,,,,,,,,,,,,,,,,,,,,,,,,,,,,,,,,,,,,,,,,,,,,,,,,,,,,,,,,,,,,,,,,,,
26403,2132,650,50,-161,1332,24923,6132,-2444,194,-19,-4,76,-15,0,14844,1138,-45,276,14844,1563,1455,1723,1699,0,0,0,0,0,0,0,-1,10,25,10,136,,,,,,,,,,,,,,,,,,,,,,,,,,,,,,,,,,,,,,,,,,,,,,,,,,,,,,,,,,,,,,,,,,,,,,,,,,,
26450,3127,844,212,68,1252,11922,700,-2200,41,-10,0,62,-16,0,14889,1136,-25,280,14889,1541,1488,1709,1711,0,0,0,0,0,0,0,1,-3,16,61,131,,,,,,,,,,,,,,,,,,,,,,,,,,,,,,,,,,,,,,,,,,,,,,,,,,,,,,,,,,,,,,,,,,,,,,,,,,,
26503,2897,828,236,-153,1376,-1749,-3511,-2871,-4,23,2,49,-9,0,14889,1139,28,280,14889,1501,1519,1696,1732,0,0,0,0,0,0,0,9,16,-5,10,132,,,,,,,,,,,,,,,,,,,,,,,,,,,,,,,,,,,,,,,,,,,,,,,,,,,,,,,,,,,,,,,,,,,,,,,,,,,
26550,2603,935,20,-215,1614,-9989,-9920,-125,-52,46,0,34,-6,0,14889,1133,55,280,14889,1528,1532,1684,1717,0,0,0,0,0,0,0,-6,10,34,23,132,,,,,,,,,,,,,,,,,,,,,,,,,,,,,,,,,,,,,,,,,,,,,,,,,,,,,,,,,,,,,,,,,,,,,,,,,,,
26603,1991,772,-204,139,805,-1383,-2778,-2200,-58,53,2,23,-2,0,14889,1141,50,280,14889,1539,1487,1712,1712,0,0,0,0,0,0,0,-3,12,26,15,133,,,,,,,,,,,,,,,,,,,,,,,,,,,,,,,,,,,,,,,,,,,,,,,,,,,,,,,,,,,,,,,,,,,,,,,,,,,
26650,1867,1126,-526,92,1157,-1138,1859,-4336,-86,84,-2,15,-2,0,14889,1133,63,280,14889,1520,1466,1741,1710,0,0,0,0,0,0,0,-28,2,92,41,134,,,,,,,,,,,,,,,,,,,,,,,,,,,,,,,,,,,,,,,,,,,,,,,,,,,,,,,,,,,,,,,,,,,,,,,,,,,
26703,1159,412,-91,-31,863,-15421,-9920,-918,-27,25,4,14,-2,0,14978,1134,64,287,14978,1514,1529,1690,1722,0,0,0,0,0,0,0,-2,4,15,27,131,,,,,,,,,,,,,,,,,,,,,,,,,,,,,,,,,,,,,,,,,,,,,,,,,,,,,,,,,,,,,,,,,,,,,,,,,,,
26750,1018,743,-273,357,916,1241,2714,-4519,-26,54,0,12,-2,0,14933,1148,65,284,14933,1551,1428,1745,1710,0,0,0,0,0,0,0,-17,-3,56,44,132,,,,,,,,,,,,,,,,,,,,,,,,,,,,,,,,,,,,,,,,,,,,,,,,,,,,,,,,,,,,,,,,,,,,,,,,,,,
26803,644,1078,-81,-85,1171,-6265,-337,-2139,6,87,2,12,-1,0,14933,1152,102,284,14933,1512,1510,1715,1715,0,0,0,0,0,0,0,-6,14,30,-8,131,,,,,,,,,,,,,,,,,,,,,,,,,,,,,,,,,,,,,,,,,,,,,,,,,,,,,,,,,,,,,,,,,,,,,,,,,,,
26850,-304,476,627,-306,1165,-10660,-1985,-1284,85,34,2,11,-1,0,14013,1159,143,199,14013,1487,1496,1694,1691,0,0,0,0,0,0,0,23,30,-56,-61,137,,,,,,,,,,,,,,,,,,,,,,,,,,,,,,,,,,,,,,,,,,,,,,,,,,,,,,,,,,,,,,,,,,,,,,,,,,,
26903,-295,933,-223,180,1001,5025,9916,-2871,85,39,2,11,-8,0,13628,1173,162,163,13628,1538,1389,1732,1655,0,0,0,0,0,0,0,-9,-3,32,23,132,,,,,,,,,,,,,,,,,,,,,,,,,,,,,,,,,,,,,,,,,,,,,,,,,,,,,,,,,,,,,,,,,,,,,,,,,,,
26950,-147,972,86,-18,1011,1729,6803,-3,72,8,0,11,-15,0,13670,1170,138,168,13670,1508,1471,1692,1667,0,0,0,0,0,0,0,-5,2,25,7,125,,,,,,,,,,,,,,,,,,,,,,,,,,,,,,,,,,,,,,,,,,,,,,,,,,,,,,,,,,,,,,,,,,,,,,,,,,,
27003,323,820,-158,87,1204,-1077,11259,-2688,62,-57,0,18,-25,0,13543,1193,196,155,13543,1491,1437,1719,1666,0,0,0,0,0,0,0,-13,-26,46,78,136,,,,,,,,,,,,,,,,,,,,,,,,,,,,,,,,,,,,,,,,,,,,,,,,,,,,,,,,,,,,,,,,,,,,,,,,,,,
27050,-529,177,258,126,717,-4617,1005,-2261,224,-221,0,35,-47,0,13543,1192,176,155,13543,1445,1489,1658,1722,0,0,0,0,0,0,0,26,0,-60,0,134,,,,,,,,,,,,,,,,,,,,,,,,,,,,,,,,,,,,,,,,,,,,,,,,,,,,,,,,,,,,,,,,,,,,,,,,,,,
27103,-754,556,-188,-50,1256,2645,4118,-247,320,-248,-2,50,-59,0,13585,1220,238,159,13585,1459,1507,1674,1687,0,0,0,0,0,0,0,-4,14,26,-38,137,,,,,,,,,,,,,,,,,,,,,,,,,,,,,,,,,,,,,,,,,,,,,,,,,,,,,,,,,,,,,,,,,,,,,,,,,,,
27150,-369,740,84,-291,844,11251,8634,180,307,-232,-2,55,-59,0,13458,1222,211,148,13458,1481,1486,1667,1684,0,0,0,0,0,0,0,1,17,16,-36,134,,,,,,,,,,,,,,,,,,,,,,,,,,,,,,,,,,,,,,,,,,,,,,,,,,,,,,,,,,,,,,,,,,,,,,,,,,,
27203,480,594,80,70,624,14852,3751,973,293,-248,0,67,-60,0,13500,1233,158,152,13500,1499,1484,1648,1694,0,0,0,0,0,0,0,29,9,-47,0,129,,,,,,,,,,,,,,,,,,,,,,,,,,,,,,,,,,,,,,,,,,,,,,,,,,,,,,,,,,,,,,,,,,,,,,,,,,,
27250,1575,1469,-123,61,897,14913,7291,1278,201,-130,-4,67,-51,0,13543,1246,128,155,13543,1502,1483,1681,1661,0,0,0,0,0,0,0,0,3,37,32,134,,,,,,,,,,,,,,,,,,,,,,,,,,,,,,,,,,,,,,,,,,,,,,,,,,,,,,,,,,,,,,,,,,,,,,,,,,,
27303,2180,1291,-340,-41,871,15645,10770,-2993,137,-86,-2,65,-39,0,13543,1264,127,155,13543,1490,1426,1712,1678,0,0,0,0,0,0,0,0,7,43,36,27403,2075,539,128,-176,1296,5147,-1008,668,84,-15,-2,53,-12,0,13500,1271,181,152,1327450,1893,664,-72,-173,885,447,-276,-3,65,26,0,46,-6,0,13585,1300,185,159,13585,1481,1488,1682,1675,0,0,0,0,0,0,0,1,31,35,-18,127,,,,,,,,,,,,,,,,,,,,,
27503,1937,764,86,-15,991,1546,-8394,2194,71,38,-4,48,-5,0,13543,1280,132,155,13543,1500,1499,1643,1691,0,0,0,0,0,0,0,0,17,37,22,129,,,,,,,,,,,,,,,,,,,,,,,,,,,,,,,,,,,,,,,,,,,,,,,,,,,,,,,,,,,,,,,,,,,,,,,,,,,
27550,1811,495,-54,-220,1136,6551,-1375,424,82,18,-2,48,-4,0,13543,12927603,2159,1102,-216,29,991,14974,8634,-2444,59,75,-2,49,-4,0,13543,1289,53,155,13543,1523,1398,1723,1661,0,0,0,0,0,0,0,-11,16,70,41,133,,,,,,,,,,,,,,,,,,,,,,,,,,,,,,,,,,,,,,,,,,,,,,,,,,,,,,,,,,,
27650,2278,1086,-61,144,902,8748,-1069,1095,45,84,-4,48,-2,0,13500,1286,21,152,13500,1507,1475,1672,1676,0,0,0,0,0,0,0,-5,17,53,43,131,,,,,,,,,,,,,,,,,,,,,,,,,,,,,,,,,,,,,,,,,,,,,,,,,,,,,,,,,,,,,,,,,,,,,,,,,,,
27703,3034,1190,-364,250,985,6063,-2473,-796,-16,93,-2,49,-2,0,13500,1289,12,152,13500,1505,1443,1692,1672,0,0,0,0,0,0,0,-1,7,35,76,132,,,,,,,,,,,,,,,,,,,,,,,,,,,,,,,,,,,,,,,,,,,,,,,,,,,,,,,,,,,,,,,,,,,,,,,,,,,
27750,2484,777,-393,-75,989,-162,-4304,-491,34,57,-6,50,-2,0,13500,1295,-17,152,13500,1475,1477,1679,1688,0,0,0,0,0,0,0,-12,36,58,-1,133,,,,,,,,,,,,,,,,,,,,,,,,,,,,,,,,,,,,,,,,,,,,,,,,,,,,,,,,,,,,,,,,,,,,,,,,,,,
27803,1761,206,364,-315,1053,875,-7600,1339,10,11,-2,32,-1,0,13500,1291,-48,152,13500,1507,1476,1645,1697,0,0,0,0,0,0,0,22,45,-41,-29,134,,,,,,,,,,,,,,,,,,,,,,,,,,,,,,,,,,,,,,,,,,,,,,,,,,,,,,,,,,,,,,,,,,,,,,,,,,,
27850,1880,-422,-45,149,1064,-2908,-8577,-1834,-83,-40,-4,16,0,0,13500,1279,-80,152,13500,1492,1438,1676,1704,0,0,0,0,0,0,0,5,15,-3,47,135,,,,,,,,,,,,,,,,,,,,,,,,,,,,,,,,,,,,,,,,,,,,,,,,,,,,,,,,,,,,,,,,,,,,,,,,,,,
27903,1286,-793,-203,58,1162,-2603,3507,1278,-126,-72,0,-2,0,0,13500,1276,-36,152,13500,1512,1474,1672,1672,0,0,0,0,0,0,0,12,41,-21,-23,136,,,,,,,,,,,,,,,,,,,,,,,,,,,,,,,,,,,,,,,,,,,,,,,,,,,,,,,,,,,,,,,,,,,,,,,,,,,
27950,1794,-116,-156,319,951,-10843,394,-2078,-292,-13,-2,-27,0,0,13543,1274,-76,155,13543,1484,1447,1682,1702,0,0,0,0,0,0,0,-6,0,32,85,136,,,,,,,,,,,,,,,,,,,,,,,,,,,,,,,,,,,,,,,,,,,,,,,,,,,,,,,,,,,,,,,,,,,,,,,,,,,
28003,1527,1018,-302,141,964,-16519,-3206,-2505,-335,81,0,-40,-1,0,13585,1261,-116,159,13585,1490,1435,1694,1694,0,0,0,0,0,0,0,-31,0,96,67,139,,,,,,,,,,,,,,,,,,,,,,,,,,,,,,,,,,,,,,,,,,,,,,,,,,,,,,,,,,,,,,,,,,,,,,,,,,,
28050,747,1134,-470,392,1253,-25614,-10774,-491,-292,95,4,-45,0,0,13543,1254,-140,155,13543,1467,1491,1656,1705,0,0,0,0,0,0,0,-30,-2,85,54,139,,,,,,,,,,,,,,,,,,,,,,,,,,,,,,,,,,,,,,,,,,,,,,,,,,,,,,,,,,,,,,,,,,,,,,,,,,,
28103,-565,-93,178,286,817,-24393,-16694,729,-240,-15,-2,-57,-1,0,13500,1241,-190,152,13500,1476,1495,1633,1716,0,0,0,0,0,0,0,3,-7,-17,49,138,,,,,,,,,,,,,,,,,,,,,,,,,,,,,,,,,,,,,,,,,,,,,,,,,,,,,,,,,,,,,,,,,,,,,,,,,,,
28150,-1211,-850,229,-177,752,-14688,-8882,-979,-184,-77,0,-57,0,0,13500,1238,-226,152,13500,1488,1459,1664,1705,0,0,0,0,0,0,0,18,10,-64,-12,141,,,,,,,,,,,,,,,,,,,,,,,,,,,,,,,,,,,,,,,,,,,,,,,,,,,,,,,,,,,,,,,,,,,,,,,,,,,
28203,-1326,-273,-255,10,1060,-6998,4911,-4153,-257,-27,-4,-74,0,0,13585,1214,-251,159,13585,1502,1386,1718,1694,0,0,0,0,0,0,0,-23,-2,51,12,140,,,,,,,,,,,,,,,,,,,,,,,,,,,,,,,,,,,,,,,,,,,,,,,,,,,,,,,,,,,,,,,,,,,,,,,,,,,
28250,-1163,-235,-230,213,986,-14993,-3328,-64,-306,-20,2,-81,0,0,13585,1204,-291,159,13585,1501,1466,1664,1701,0,0,0,0,0,0,0,-19,-14,38,32,140,,,,,,,,,,,,,,,,,,,,,,,,,,,,,,,,,,,,,,,,,,,,,,,,,,,,,,,,,,,,,,,,,,,,,,,,,,,
28303,-2134,-772,2,2,739,-29886,-16817,3598,-253,-70,0,-87,0,0,13628,1192,-267,163,13628,1480,1541,1610,1710,0,0,0,0,0,0,0,-6,-3,-6,-19,136,,,,,,,,,,,,,,,,,,,,,,,,,,,,,,,,,,,,,,,,,,,,,,,,,,,,,,,,,,,,,,,,,,,,,,,,,,,
28350,-2269,-409,64,-27,911,-16092,150,668,-210,-35,0,-81,0,0,13628,1179,-316,163,13628,1503,1476,1679,1677,0,0,0,0,0,0,0,-13,-14,10,-4,136,,,,,,,,,,,,,,,,,,,,,,,,,,,,,,,,,,,,,,,,,,,,,,,,,,,,,,,,,,,,,,,,,,,,,,,,,,,
28403,-2166,-338,-87,-109,1079,-10172,3568,-1712,-146,-36,-2,-67,-1,0,13841,1164,-320,184,13841,1470,1479,1683,1709,0,0,0,0,0,0,0,-3,-10,-11,-21,145,,,,,,,,,,,,,,,,,,,,,,,,,,,,,,,,,,,,,,,,,,,,,,,,,,,,,,,,,,,,,,,,,,,,,,,,,,,
28450,-1555,-103,-33,147,997,-6876,333,607,-126,-16,2,-52,-1,0,13841,1140,-384,184,13841,1527,1462,1677,1689,0,0,0,0,0,0,0,-18,-36,26,40,137,,,,,,,,,,,,,,,,,,,,,,,,,,,,,,,,,,,,,,,,,,,,,,,,,,,,,,,,,,,,,,,,,,,,,,,,,,,
28503,-2088,-1256,35,0,861,-5167,-6257,3048,77,-113,0,-20,0,0,14273,1129,-372,224,14273,1529,1520,1642,1713,0,0,0,0,0,0,0,22,-3,-88,-56,136,,,,,,,,,,,,,,,,,,,,,,,,,,,,,,,,,,,,,,,,,,,,,,,,,,,,,,,,,,,,,,,,,,,,,,,,,,,
28550,-1082,-141,-77,15,1204,11556,10343,1217,70,-15,-2,-4,0,0,14712,1121,-318,264,14712,1565,1476,1712,1683,0,0,0,0,0,0,0,-24,-31,44,25,137,,,,,,,,,,,,,,,,,,,,,,,,,,,,,,,,,,,,,,,,,,,,,,,,,,,,,,,,,,,,,,,,,,,,,,,,,,,
28603,-168,465,167,-23,1063,10030,5704,-1467,-2,37,-2,-3,0,0,14756,1104,-262,267,14756,1529,1478,1707,1723,0,0,0,0,0,0,0,-8,-23,6,13,133,,,,,,,,,,,,,,,,,,,,,,,,,,,,,,,,,,,,,,,,,,,,,,,,,,,,,,,,,,,,,,,,,,,,,,,,,,,
28650,82,358,355,-130,1171,-2664,-8027,-186,-17,27,-4,-2,0,0,14800,1082,-248,271,14800,1515,1511,1684,1732,0,0,0,0,0,0,0,-2,-11,-14,-19,136,,,,,,,,,,,,,,,,,,,,,,,,,,,,,,,,,,,,,,,,,,,,,,,,,,,,,,,,,,,,,,,,,,,,,,,,,,,
28703,406,633,-444,326,1021,10396,6254,-3421,76,48,-4,22,-1,0,14844,1084,-252,2728750,400,966,-205,308,1209,21260,10343,-2505,244,77,-4,55,-1,0,14889,1075,-203,280,14889,1538,1456,1736,1712,0,0,0,0,0,0,0,-30,-24,67,24,138,,,,,,,,,,,,,,,,,,,,,,,,,,,,,,,,,,,,,,,,,,,,,,,,,,,,,,,,,
28803,500,893,-225,95,12728850,1843,1127,-270,82,1327,23153,5949,-1528,191,91,-2,70,-1,0,14889,1045,-182,280,14889,1552,1454,1732,1703,0,0,0,0,0,0,0,-29,-29,58,63,138,,,,,,,,,,,,,,,,,,,,,,,,,,,,,,,,,,,,,,,,,,,,,,,,,,,,,,,,,,,,,,,,,,,,,,
28903,2931,1299,-81,11,1142,7955,-2107,1522,-11,106,-2,48,-1,0,14933,1050,-121,284,14933,1534,1523,1689,1715,0,0,0,0,0,0,0,-29,-28,58,77,137,,,,,,,,,,,,,,,,,,,,,,,,,,,,,,,,,,,,,,,,,,,,,,,,,,,,,,,,,,,,,,,,,,,,,,,,,,,
28950,3123,1110,-119,250,1003,-1138,150,-308,-66,86,-4,41,-2,0,14100,1030,-152,208,14100,1531,1495,1711,1713,0,0,0,0,0,0,0,-15,-21,21,62,137,,,,,,,,,,,,,,,,,,,,,,,,,,,,,,,,,,,,,,,,,,,,,,,,,,,,,,,,,,,,,,,,,,,,,,,,,,,
29003,2559,721,48,56,1060,3255,1493,-918,-94,56,-2,25,-1,0,13670,1043,-83,168,13670,1516,1431,1680,1700,0,0,0,0,0,0,0,9,-1,-44,8,129,,,,,,,,,,,,,,,,,,,,,,,,,,,,,,,,,,,,,,,,,,,,,,,,,,,,,,,,,,,,,,,,,,,,,,,,,,,
29050,1916,733,132,-95,950,-4556,-2901,-979,-111,64,0,11,0,0,13628,1038,-60,163,13628,1491,1458,1668,1709,0,0,0,0,0,0,0,1,8,-25,-22,132,,,,,,,,,,,,,,,,,,,,,,,,,,,,,,,,,,,,,,,,,,,,,,,,,,,,,,,,,,,,,,,,,,,,,,,,,,,
29103,1466,576,-112,241,876,-16458,-10042,3598,-103,39,-4,4,-2,0,13585,1040,-100,159,13585,1489,1525,1632,1693,0,0,0,0,0,0,0,-22,-17,37,38,139,,,,,,,,,,,,,,,,,,,,,,,,,,,,,,,,,,,,,,,,,,,,,,,,,,,,,,,,,,,,,,,,,,,,,,,,,,,
29150,464,155,188,-215,854,-10599,1981,119,-23,-35,-2,3,-9,0,13628,1031,-104,163,13628,1465,1496,1662,1700,0,0,0,0,0,0,0,21,19,-78,-66,135,,,,,,,,,,,,,,,,,,,,,,,,,,,,,,,,,,,,,,,,,,,,,,,,,,,,,,,,,,,,,,,,,,,,,,,,,,,
29203,1066,206,-53,67,1279,-4495,8268,-3787,-72,-58,-2,4,-15,0,13585,1049,-23,159,13585,1469,1429,1703,1704,0,0,0,0,0,0,0,-1,-20,-9,37,135,,,,,,,,,,,,,,,,,,,,,,,,,,,,,,,,,,,,,,,,,,,,,,,,,,,,,,,,,,,,,,,,,,,,,,,,,,,
29250,1379,1046,-110,319,436,-5411,-2168,1400,-47,-16,-2,14,-21,0,13543,1032,-56,155,13543,1515,1465,1655,1693,0,0,0,0,0,0,0,-36,-59,85,137,140,,,,,,,,,,,,,,,,,,,,,,,,,,,,,,,,,,,,,,,,,,,,,,,,,,,,,,,,,,,,,,,,,,,,,,,,,,,
29303,733,530,292,-186,1057,-9012,-3633,2987,12,-65,-4,15,-22,0,13543,1029,-91,155,13543,1494,1511,1642,1687,0,0,0,0,0,0,0,0,-18,-13,18,136,,,,,,,,,,,,,,,,,,,,,,,,,,,,,,,,,,,,,,,,,,,,,,,,,,,,,,,,,,,,,,,,,,,,,,,,,,,
29350,602,514,205,-244,1391,4171,8451,851,90,-66,0,28,-22,0,13543,1011,-98,155,13543,1523,1455,1685,1667,0,0,0,0,0,0,0,4,-11,-20,0,131,,,,,,,,,,,,,,,,,,,,,,,,,,,,,,,,,,,,,,,,,,,,,,,,,,,,,,,,,,,,,,,,,,,,,,,,,,,
29403,1046,1329,-39,58,897,8565,9183,-552,83,4,0,34,-22,0,13543,1020,-105,155,13543,1513,1444,1689,1679,0,0,0,0,0,0,0,-4,-9,14,0,129,,,,,,,,,,,,,,,,,,,,,,,,,,,,,,,,,,,,,,,,,,,,,,,,,,,,,,,,,,,,,,,,,,,,,,,,,,,
29450,1515,1477,142,217,586,6734,5216,2194,140,13,0,54,-23,0,13585,1013,-161,159,13585,1514,1488,1669,1667,0,0,0,0,0,0,0,1,-36,1,80,132,,,,,,,,,,,,,,,,,,,,,,,,,,,,,,,,,,,,,,,,,,,,,,,,,,,,,,,,,,,,,,,,,,,,,,,,,,,
29503,1517,1582,-137,120,975,14241,6437,973,213,-12,-4,69,-30,0,13628,1008,-135,163,13628,1515,1462,1684,1665,0,0,0,0,0,0,0,0,-4,9,0,133,,,,,,,,,,,,,,,,,,,,,,,,,,,,,,,,,,,,,,,,,,,,,,,,,,,,,,,,,,,,,,,,,,,,,,,,,,,
29550,1727,1651,-209,32,1025,16378,3934,2743,316,-58,0,93,-40,0,13585,974,-200,159,13585,1518,1495,1652,1675,0,0,0,0,0,0,0,-5,2,29,-7,134,,,,,,,,,,,,,,,,,,,,,,,,,,,,,,,,,,,,,,,,,,,,,,,,,,,,,,,,,,,,,,,,,,,,,,,,,,,
29603,2229,1658,-106,284,971,24862,8878,-552,301,-71,0,99,-43,0,13670,955,-258,168,13670,1520,1446,1682,1686,0,0,0,0,0,0,0,8,-3,-3,25,134,,,,,,,,,,,,,,,,,,,,,,,,,,,,,,,,,,,,,,,,,,,,,,,,,,,,,,,,,,,,,,,,,,,,,,,,,,,
29650,2752,1604,-83,336,632,18270,4850,1583,255,-72,2,99,-42,0,13756,959,-280,175,13756,1519,1489,1668,1677,0,0,0,0,0,0,0,-7,-19,43,80,135,,,,,,,,,,,,,,,,,,,,,,,,,,,,,,,,,,,,,,,,,,,,,,,,,,,,,,,,,,,,,,,,,,,,,,,,,,,
29703,2984,1427,-174,155,1279,13570,6132,1278,158,-88,0,83,-42,0,14491,963,-233,244,14491,1521,1501,1677,1686,0,0,0,0,0,0,0,8,9,3,15,133,,,,,,,,,,,,,,,,,,,,,,,,,,,,,,,,,,,,,,,,,,,,,,,,,,,,,,,,,,,,,,,,,,,,,,,,,,,
29750,3175,1492,-190,165,1115,9176,7413,729,-8,29,2,53,-20,0,14978,955,-238,287,14978,1552,1511,1709,1694,0,0,0,0,0,0,0,1,0,27,49,130,,,,,,,,,,,,,,,,,,,,,,,,,,,,,,,,,,,,,,,,,,,,,,,,,,,,,,,,,,,,,,,,,,,,,,,,,,,
29803,2727,1330,160,-68,877,997,639,4086,-18,42,0,43,-14,0,14978,932,-245,287,14978,1555,1555,1668,1697,0,0,0,0,0,0,0,23,26,-26,-14,132,,,,,,,,,,,,,,,,,,,,,,,,,,,,,,,,,,,,,,,,,,,,,,,,,,,,,,,,,,,,,,,,,,,,,,,,,,,
29850,2512,2030,39,-159,1161,325,28,2255,-79,138,-2,27,-7,0,14978,922,-193,287,14978,1555,1529,1711,1675,0,0,0,0,0,0,0,-7,26,57,-13,132,,,,,,,,,,,,,,,,,,,,,,,,,,,,,,,,,,,,,,,,,,,,,,,,,,,,,,,,,,,,,,,,,,,,,,,,,,,
29903,2779,2687,44,14,1167,6856,4423,-2566,-162,217,-2,16,-3,0,14933,922,-158,284,14933,1565,1440,1743,1693,0,0,0,0,0,0,0,-11,8,68,39,134,,,,,,,,,,,,,,,,,,,,,,,,,,,,,,,,,,,,,,,,,,,,,,,,,,,,,,,,,,,,,,,,,,,,,,,,,,,
29950,2109,1455,146,-65,916,-8890,-12239,2377,-103,113,-4,16,-2,0,14978,906,-124,287,14978,1536,1548,1668,1717,0,0,0,0,0,0,0,37,24,-70,-8,138,,,,,,,,,,,,,,,,,,,,,,,,,,,,,,,,,,,,,,,,,,,,,,,,,,,,,,,,,,,,,,,,,,,,,,,,,,,
30003,1383,541,132,-28,1198,-4251,-2412,729,-82,33,0,7,-2,0,15022,885,-96,291,15022,1554,1512,1706,1697,0,0,0,0,0,0,0,13,22,-15,-12,132,,,,,,,,,,,,,,,,,,,,,,,,,,,,,,,,,,,,,,,,,,,,,,,,,,,,,,,,,,,,,,,,,,,,,,,,,,,
30050,1264,496,600,-276,1168,-8768,-4671,668,-71,29,-2,7,-2,0,14978,900,-53,287,14978,1545,1518,1702,1701,0,0,0,0,0,0,0,24,17,-46,-4,133,,,,,,,,,,,,,,,,,,,,,,,,,,,,,,,,,,,,,,,,,,,,,,,,,,,,,,,,,,,,,,,,,,,,,,,,,,,
30103,1261,1191,-147,-9,1086,-3214,4484,546,-75,93,-2,6,-2,0,14933,918,-33,284,14933,1566,1494,1725,1678,0,0,0,0,0,0,0,-10,4,48,26,131,,,,,,,,,,,,,,,,,,,,,,,,,,,,,,,,,,,,,,,,,,,,,,,,,,,,,,,,,,,,,,,,,,,,,,,,,,,
30150,1383,1202,142,-97,880,-7669,-6074,2621,-85,97,0,6,-1,0,14978,907,-63,287,14978,1524,1568,1669,1710,0,0,0,0,0,0,0,14,17,-17,-8,132,,,,,,,,,,,,,,,,,,,,,,,,,,,,,,,,,,,,,,,,,,,,,,,,,,,,,,,,,,,,,,,,,,,,,,,,,,,
30203,1116,190,390,26,930,-4495,-154,-2810,-38,9,0,11,-1,0,14933,895,-48,284,14933,1520,1491,1718,1720,0,0,0,0,0,0,0,38,11,-87,1,129,,,,,,,,,,,,,,,,,,,,,,,,,,,,,,,,,,,,,,,,,,,,,,,,,,,,,,,,,,,,,,,,,,,,,,,,,,,
30250,917,172,104,-92,957,-5289,-6685,119,97,4,0,35,-2,0,15022,896,-60,291,15022,1519,1541,1688,1721,0,0,0,0,0,0,0,12,14,-20,-9,128,,,,,,,,,,,,,,,,,,,,,,,,,,,,,,,,,,,,,,,,,,,,,,,,,,,,,,,,,,,,,,,,,,,,,,,,,,,
30303,1298,712,165,36,685,10396,3385,1705,200,55,0,62,-1,0,14933,877,-5,284,14933,1570,1512,1708,1682,0,0,0,0,0,0,0,2,0,5,33,125,,,,,,,,,,,,,,,,,,,,,,,,,,,,,,,,,,,,,,,,,,,,,,,,,,,,,,,,,,,,,,,,,,,,,,,,,,,
30350,1566,914,160,29,928,16134,-3145,3536,233,72,2,74,-1,0,14933,894,-8,284,14933,1589,1518,1677,1689,0,0,0,0,0,0,0,10,11,-13,9,129,,,,,,,,,,,,,,,,,,,,,,,,,,,,,,,,,,,,,,,,,,,,,,,,,,,,,,,,,,,,,,,,,,,,,,,,,,,
30403,1901,1111,-69,-159,928,16011,1859,-2505,200,93,0,73,0,0,14978,924,43,287,14978,1546,1473,1739,1695,0,0,0,0,0,0,0,-9,22,41,-7,131,,,,,,,,,,,,,,,,,,,,,,,,,,,,,,,,,,,,,,,,,,,,,,,,,,,,,,,,,,,,,,,,,,,,,,,,,,,
30450,2432,1072,-66,43,707,9725,-4609,1889,157,86,0,74,-1,0,13798,915,135,179,13798,1524,1499,1667,1670,0,0,0,0,0,0,0,-13,3,51,53,130,,,,,,,,,,,,,,,,,,,,,,,,,,,,,,,,,,,,,,,,,,,,,,,,,,,,,,,,,,,,,,,,,,,,,,,,,,,
30503,2272,253,414,-201,1188,8748,-4487,119,168,15,-2,73,-1,0,13713,909,145,172,13713,1514,1476,1673,1682,0,0,0,0,0,0,0,21,27,-50,-4,133,,,,,,,,,,,,,,,,,,,,,,,,,,,,,,,,,,,,,,,,,,,,,,,,,,,,,,,,,,,,,,,,,,,,,,,,,,,
30550,2756,307,223,44,768,10701,1859,1889,52,23,0,58,0,0,13670,935,115,168,13670,1547,1468,1688,1641,0,0,0,0,0,0,0,14,13,-35,37,128,,,,,,,,,,,,,,,,,,,,,,,,,,,,,,,,,,,,,,,,,,,,,,,,,,,,,,,,,,,,,,,,,,,,,,,,,,,
30603,2600,126,44,-301,1369,2523,-1008,2072,-31,7,2,39,0,0,13585,928,162,159,13585,1527,1492,1658,1664,0,0,0,0,0,0,0,9,31,-23,-7,129,,,,,,,,,,,,,,,,,,,,,,,,,,,,,,,,,,,,,,,,,,,,,,,,,,,,,,,,,,,,,,,,,,,,,,,,,,,
30650,2210,441,-287,39,713,-8096,-8333,2865,-74,31,-2,23,-1,0,13543,921,81,155,13543,1520,1507,1646,1666,0,0,0,0,0,0,0,-26,11,70,42,132,,,,,,,,,,,,,,,,,,,,,,,,,,,,,,,,,,,,,,,,,,,,,,,,,,,,,,,,,,,,,,,,,,,,,,,,,,,
30703,676,-180,302,-299,1169,-40,6925,1583,-34,-19,-2,4,0,0,13543,933,104,155,13543,1541,1465,1688,1638,0,0,0,0,0,0,0,12,50,-34,-72,132,,,,,,,,,,,,,,,,,,,,,,,,,,,,,,,,,,,,,,,,,,,,,,,,,,,,,,,,,,,,,,,,,,,,,,,,,,,
30750,762,139,-47,141,478,-5472,639,4696,-45,5,-2,4,-1,0,13628,927,94,163,13628,1544,1515,1647,1646,0,0,0,0,0,0,0,-12,1,32,53,126,,,,,,,,,,,,,,,,,,,,,,,,,,,,,,,,,,,,,,,,,,,,,,,,,,,,,,,,,,,,,,,,,,,,,,,,,,,
30803,568,176,-4,-74,1073,-3031,-2778,4086,-39,11,-2,2,0,0,13585,918,62,159,13585,1543,1506,1645,1652,0,0,0,0,0,0,0,1,18,-6,3,126,,,,,,,,,,,,,,,,,,,,,,,,,,,,,,,,,,,,,,,,,,,,,,,,,,,,,,,,,,,,,,,,,,,,,,,,,,,
30850,1271,724,-360,187,798,-8341,-2962,3720,-100,56,-2,2,-1,0,13585,907,-13,159,13585,1541,1505,1660,1640,0,0,0,0,0,0,0,-30,-22,80,109,136,,,,,,,,,,,,,,,,,,,,,,,,,,,,,,,,,,,,,,,,,,,,,,,,,,,,,,,,,,,,,,,,,,,,,,,,,,,
30903,672,352,475,-353,913,-1138,3995,-613,-51,27,-2,1,0,0,13585,915,-28,159,13585,1523,1457,1692,1655,0,0,0,0,0,0,0,21,29,-57,-38,131,,,,,,,,,,,,,,,,,,,,,,,,,,,,,,,,,,,,,,,,,,,,,,,,,,,,,,,,,,,,,,,,,,,,,,,,,,,
30950,411,268,51,-8,928,-6632,-1008,1828,-35,19,0,0,0,0,13628,922,-6,163,13628,1529,1497,1665,1655,0,0,0,0,0,0,0,6,18,-18,-14,126,,,,,,,,,,,,,,,,,,,,,,,,,,,,,,,,,,,,,,,,,,,,,,,,,,,,,,,,,,,,,,,,,,,,,,,,,,,
31003,145,239,-240,-216,1061,-4495,-1130,3170,-16,20,0,0,0,0,13670,921,-25,168,13670,1537,1512,1661,1644,0,0,0,0,0,0,0,-17,20,45,-23,133,,,,,,,,,,,,,,,,,,,,,,,,,,,,,,,,,,,,,,,,,,,,,,,,,,,,,,,,,,,,,,,,,,,,,,,,,,,
31050,-93,-97,-347,-100,1072,1180,4728,363,1,-4,-2,-1,0,0,13628,913,-31,163,13628,1534,1470,1691,1644,0,0,0,0,0,0,0,-4,21,11,-29,129,,,,,,,,,,,,,,,,,,,,,,,,,,,,,,,,,,,,,,,,,,,,,,,,,,,,,,,,,,,,,,,,,,,,,,,,,,,
31103,64,-157,245,143,975,-2969,4850,1766,-12,-10,-4,-1,0,0,13713,924,-58,172,13713,1522,1504,1672,1648,0,0,0,0,0,0,0,17,7,-42,8,129,,,,,,,,,,,,,,,,,,,,,,,,,,,,,,,,,,,,,,,,,,,,,,,,,,,,,,,,,,,,,,,,,,,,,,,,,,,
31150,546,565,400,-115,911,3072,9550,607,-54,42,-2,-1,-1,0,13756,922,-117,175,13756,1546,1469,1699,1637,0,0,0,0,0,0,0,7,0,-8,25,128,,,,,,,,,,,,,,,,,,,,,,,,,,,,,,,,,,,,,,,,,,,,,,,,,,,,,,,,,,,,,,,,,,,,,,,,,,,
31203,648,1009,-451,233,785,-6632,-4976,2743,-101,77,-2,-9,-2,0,13798,921,-59,179,13798,1528,1525,1649,1665,0,0,0,0,0,0,0,-17,-4,58,37,135,,,,,,,,,,,,,,,,,,,,,,,,,,,,,,,,,,,,,,,,,,,,,,,,,,,,,,,,,,,,,,,,,,,,,,,,,,,
31250,866,1191,166,-259,1107,-7486,-1008,57,-183,93,-2,-21,-2,0,13884,922,-88,188,13884,1533,1483,1693,1653,0,0,0,0,0,0,0,-11,-7,40,40,135,,,,,,,,,,,,,,,,,,,,,,,,,,,,,,,,,,,,,,,,,,,,,,,,,,,,,,,,,,,,,,,,,,,,,,,,,,,
31303,387,655,-117,219,785,-13406,-215,-125,-138,57,-12,-20,0,0,13970,907,-115,195,13970,1497,1510,1687,1670,0,0,0,0,0,0,0,3,-3,-1,20,134,,,,,,,,,,,,,,,,,,,,,,,,,,,,,,,,,,,,,,,,,,,,,,,,,,,,,,,,,,,,,,,,,,,,,,,,,,,
31350,-536,541,77,-350,1263,-7852,-337,-125,-57,43,0,-20,0,0,14448,880,-143,240,14448,1529,1519,1698,1673,0,0,0,0,0,0,0,0,16,7,-42,131,,,,,,,,,,,,,,,,,,,,,,,,,,,,,,,,,,,,,,,,,,,,,,,,,,,,,,,,,,,,,,,,,,,,,,,,,,,
31403,-558,-140,-2,471,905,-6693,-2962,1156,-45,-15,-2,-18,0,0,14800,884,-124,271,14800,1548,1535,1687,1686,0,0,0,0,0,0,0,13,-16,-34,38,136,,,,,,,,,,,,,,,,,,,,,,,,,,,,,,,,,,,,,,,,,,,,,,,,,,,,,,,,,,,,,,,,,,,,,,,,,,,
31450,-551,-151,302,-8,1017,-1505,5399,-247,-18,-16,-2,-13,0,0,14933,888,-101,284,14933,1543,1529,1714,1681,0,0,0,0,0,0,0,7,-12,-19,26,135,,,,,,,,,,,,,,,,,,,,,,,,,,,,,,,,,,,,,,,,,,,,,,,,,,,,,,,,,,,,,,,,,,,,,,,,,,,
31503,-41,495,-80,74,930,-4129,-3389,2194,-3,36,-2,-1,-1,0,14933,883,-106,284,14933,1548,1558,1678,1688,0,0,0,0,0,0,0,-16,-20,47,44,132,,,,,,,,,,,,,,,,,,,,,,,,,,,,,,,,,,,,,,,,,,,,,,,,,,,,,,,,,,,,,,,,,,,,,,,,,,,
31550,-46,188,30,86,909,2767,1981,-308,-2,9,-2,-1,-1,0,14889,873,-77,280,14889,1563,1504,1714,1677,0,0,0,0,0,0,0,6,-6,-15,8,124,,,,,,,,,,,,,,,,,,,,,,,,,,,,,,,,,,,,,,,,,,,,,,,,,,,,,,,,,,,,,,,,,,,,,,,,,,,
31603,529,907,-309,-28,1155,-1566,-6624,2987,-53,79,-4,-1,0,0,14889,866,-55,280,14889,1569,1544,1674,1681,0,0,0,0,0,0,0,-27,-23,77,54,134,,,,,,,,,,,,,,,,,,,,,,,,,,,,,,,,,,,,,,,,,,,,,,,,,,,,,,,,,,,,,,,,,,,,,,,,,,,
31650,431,329,-22,-266,1485,-3824,-4854,973,-6,21,-2,6,-1,0,14978,877,42,287,14978,1541,1547,1686,1690,0,0,0,0,0,0,0,0,-2,3,1,126,,,,,,,,,,,,,,,,,,,,,,,,,,,,,,,,,,,,,,,,,,,,,,,,,,,,,,,,,,,,,,,,,,,,,,,,,,,
31703,938,552,38,167,1085,2828,1371,1644,-19,44,-4,12,0,0,14933,885,52,284,14933,1568,1529,1699,1673,0,0,0,0,0,0,0,-8,-14,25,37,128,,,,,,,,,,,,,,,,,,,,,,,,,,,,,,,,,,,,,,,,,,,,,,,,,,,,,,,,,,,,,,,,,,,,,,,,,,,
31750,1296,662,-271,319,816,1241,761,180,-46,50,-4,13,-1,0,14448,905,67,240,14448,1546,1506,1702,1665,0,0,0,0,0,0,0,-5,-20,17,54,129,,,,,,,,,,,,,,,,,,,,,,,,,,,,,,,,,,,,,,,,,,,,,,,,,,,,,,,,,,,,,,,,,,,,,,,,,,,
31803,1060,672,125,-281,1093,875,211,-1284,-22,62,-4,13,0,0,13670,890,85,168,13670,1524,148231850,616,129,-144,14,1116,-5228,-7600,2682,16,4,0,13,-1,0,13585,865,77,159,13585,1523,1526,1647,1655,0,0,0,0,0,0,0,3,5,-9,-17,127,,,,,,,,,,,,,,,,,,,,,,,,,,,,,,,,,,,,,,,,,,,,,,,,,,,,,,
31903,412,185,-26,-112,751,2034,1981,-796,26,12,-2,12,0,0,13585,886,73,159,13585,1515,1475,1690,1650,0,0,0,0,0,0,0,-11,6,28,-21,128,,,,,,,,,,,,,,,,,,,,,,,,,,,,,,,,,,,,,,,,,,,,,,,,,,,,,,,,,,,,,,,,,,,,,,,,,,,
31950,553,-548,48,164,624,-101,-3938,2804,4,-51,-2,10,0,0,13543,905,38,155,13543,1543,1501,1648,1650,0,0,0,0,0,0,0,12,-17,-40,44,129,,,,,,,,,,,,,,,,,,,,,,,,,,,,,,,,,,,,,,,,,,,,,,,,,,,,,,,,,,,,,,,,,,,,,,,,,,,
32003,246,-309,-222,-47,1288,-1260,3690,-1589,0,-30,-2,4,0,0,13543,893,104,155,13543,1512,1471,1704,1644,0,0,0,0,0,0,0,5,3,-20,-12,131,,,,,,,,,,,,,,,,,,,,,,,,,,,,,,,,,,,,,,,,,,,,,,,,,,,,,,,,,,,,,,,,,,,,,,,,,,,
32050,263,-121,-333,-59,1546,-6387,-1924,1644,-9,-14,0,2,0,0,13500,917,117,152,13500,1508,1521,1647,1660,0,0,0,0,0,0,0,-1,-2,-1,2,130,,,,,,,,,,,,,,,,,,,,,,,,,,,,,,,,,,,,,,,,,,,,,,,,,,,,,,,,,,,,,,,,,,,,,,,,,,,
32103,615,52,76,9,838,-10294,-4854,2743,-39,-2,0,2,-1,0,13543,922,101,155,13543,1510,1539,1638,1657,0,0,0,0,0,0,0,1,-13,-9,30,126,,,,,,,,,,,,,,,,,,,,,,,,,,,,,,,,,,,,,,,,,,,,,,,,,,,,,,,,,,,,,,,,,,,,,,,,,,,
32150,761,406,430,-195,789,-6265,-4365,1400,-55,28,2,2,-1,0,13500,913,54,152,13500,1510,1520,32203,944,762,69,-157,1033,-5533,-1192,1950,-5,63,-4,15,0,0,13458,908,41,148,13458,132250,1094,436,-295,-52,880,4659,2470,-613,58,27,2,30,-2,0,13500,892,-36,152,13500,1520,1483,1678,1653,0,0,0,0,0,0,0,-10,-11,27,27,131,,,,,,,,,,,,,,,,,,,,,,,,,,,,,,,,,
32303,1291,61,366,-56,859,4049,-4548,1400,121,-32,-4,46,-7,0,13458,903,-96,148,13458,1512,1513,1636,1671,0,0,0,0,0,0,0,14,-8,-41,20,132,,,,,,,,,,,,,,,,,,,,,,,,,,,,,,,,,,,,,,,,,,,,,,,,,,,,,,,,,,,,,,,,,,,,,,,,,,,
32350,1158,-173,112,39,1147,2523,-703,1705,171,-84,-2,54,-13,0,13500,896,-105,152,13500,1501,1533,1641,1662,0,0,0,0,0,0,0,20,6,-56,-14,135,,,,,,,,,,,,,,,,,,,,,,,,,,,,,,,,,,,,,,,,,,,,,,,,,,,,,,,,,,,,,,,,,,,,,,,,,,,
32403,1421,933,-426,148,1067,13082,11991,1095,155,18,-2,55,-12,0,13543,876,-138,155,13543,1548,1478,1698,1610,0,0,0,0,0,0,0,-21,-3,61,17,137,,,,,,,,,,,,,,,,,,,,,,,,,,,,,,,,,,,,,,,,,,,,,,,,,,,,,,,,,,,,,,,,,,,,,,,,,,,
32450,1329,-444,117,-13,873,8504,-154,3475,159,-98,-4,55,-11,0,15022,865,-182,291,15022,1550,1538,1637,1668,0,0,0,0,0,0,0,40,15,-103,-24,137,,,,,,,,,,,,,,,,,,,,,,,,,,,,,,,,,,,,,,,,,,,,,,,,,,,,,,,,,,,,,,,,,,,,,,,,,,,
32503,1478,-684,212,-16,1088,10885,1066,3720,118,-119,-4,49,-11,0,15022,865,-161,291,15022,1595,1545,1678,1666,0,0,0,0,0,0,0,22,9,-55,0,136,,,,,,,,,,,,,,,,,,,,,,,,,,,,,,,,,,,,,,,,,,,,,,,,,,,,,,,,,,,,,,,,,,,,,,,,,,,
32550,1630,-177,434,-15,1373,11068,9000,302,74,-43,-2,43,-5,0,14933,866,-47,284,14933,1589,1500,1715,1660,0,0,0,0,0,0,0,10,2,-15,25,132,,,,,,,,,,,,,,,,,,,,,,,,,,,,,,,,,,,,,,,,,,,,,,,,,,,,,,,,,,,,,,,,,,,,,,,,,,,
32603,2026,565,317,-219,787,1851,3446,1644,-5,28,-2,34,-4,0,15022,858,-52,291,15022,1562,1551,1685,1677,0,0,0,0,0,0,0,21,23,-34,-20,132,,,,,,,,,,,,,,,,,,,,,,,,,,,,,,,,,,,,,,,,,,,,,,,,,,,,,,,,,,,,,,,,,,,,,,,,,,,
32650,2031,710,405,-90,1136,997,-5952,-125,-34,41,-4,28,-4,0,15022,853,-6,291,15022,1552,1535,1685,1699,0,0,0,0,0,0,0,14,13,-14,10,131,,,,,,,,,,,,,,,,,,,,,,,,,,,,,,,,,,,,,,,,,,,,,,,,,,,,,,,,,,,,,,,,,,,,,,,,,,,
32703,1825,487,237,-51,1085,692,3568,241,-16,21,-2,28,-4,0,15022,870,21,291,15022,1569,1527,1713,1666,0,0,0,0,0,0,0,16,12,-20,14,129,,,,,,,,,,,,,,,,,,,,,,,,,,,,,,,,,,,,,,,,,,,,,,,,,,,,,,,,,,,,,,,,,,,,,,,,,,,
32750,1696,586,448,-136,927,1790,-520,1461,-81,-22,-4,13,-14,0,13841,870,21,184,13841,1560,1490,1671,1646,0,0,0,0,0,0,0,24,18,-40,-1,133,,,,,,,,,,,,,,,,,,,,,,,,,,,,,,,,,,,,,,,,,,,,,,,,,,,,,,,,,,,,,,,,,,,,,,,,,,,
32803,1837,735,-310,65,896,-10721,1493,241,-132,-78,-2,5,-28,0,13543,874,28,155,13543,1520,1501,1675,1641,0,0,0,0,0,0,0,-6,1,44,43,131,,,,,,,,,,,,,,,,,,,,,,,,,,,,,,,,,,,,,,,,,,,,,,,,,,,,,,,,,,,,,,,,,,,,,,,,,,,
32850,1716,536,326,-102,897,-10172,3690,912,-128,-124,-2,4,-34,0,13585,874,18,159,13585,1511,1523,1661,1649,0,0,0,0,0,0,0,21,3,-28,34,134,,,,,,,,,,,,,,,,,,,,,,,,,,,,,,,,,,,,,,,,,,,,,,,,,,,,,,,,,,,,,,,,,,,,,,,,,,,
32903,1554,911,73,51,935,-8341,1737,3048,-118,-49,-2,3,-25,0,13543,867,-17,155,13543,1543,1522,1653,1629,0,0,0,0,0,0,0,13,0,-3,39,130,,,,,,,,,,,,,,,,,,,,,,,,,,,,,,,,,,,,,,,,,,,,,,,,,,,,,,,,,,,,,,,,,,,,,,,,,,,
32950,1728,1344,-7,149,966,-2359,2409,363,-143,57,0,1,-11,0,13628,874,-29,163,13628,1557,1473,1678,1636,0,0,0,0,0,0,0,3,-13,25,68,130,,,,,,,,,,,,,,,,,,,,,,,,,,,,,,,,,,,,,,,,,,,,,,,,,,,,,,,,,,,,,,,,,,,,,,,,,,,
33003,1417,1163,-98,52,955,-3397,-459,851,-113,70,-4,2,-6,0,13543,856,-8,155,13543,1541,1493,1672,1637,0,0,0,0,0,0,0,1,-9,31,52,128,,,,,,,,,,,,,,,,,,,,,,,,,,,,,,,,,,,,,,,,,,,,,,,,,,,,,,,,,,,,,,,,,,,,,,,,,,,
33050,804,529,28,18,876,-6082,-3633,2621,-66,21,-4,0,-4,0,13543,864,-62,155,13543,1538,1520,1653,1633,0,0,0,0,0,0,0,4,0,15,17,126,,,,,,,,,,,,,,,,,,,,,,,,,,,,,,,,,,,,,,,,,,,,,,,,,,,,,,,,,,,,,,,,,,,,,,,,,,,
33103,297,-18,-72,41,753,-5777,-8394,2438,-18,-29,0,1,-5,0,13543,847,-65,155,13543,1549,1512,1643,1642,0,0,0,0,0,0,0,2,-2,11,17,128,,,,,,,,,,,,,,,,,,,,,,,,,,,,,,,,,,,,,,,,,,,,,,,,,,,,,,,,,,,,,,,,,,,,,,,,,,,
33150,-67,-136,-7,32,596,-3519,-5769,3353,2,-29,-2,0,-3,0,13500,858,-77,152,13500,1558,1516,1639,1634,0,0,0,0,0,0,0,-2,-3,20,13,128,,,,,,,,,,,,,,,,,,,,,,,,,,,,,,,,,,,,,,,,,,,,,,,,,,,,,,,,,,,,,,,,,,,,,,,,,,,
33203,56,-197,-604,131,967,-6204,-2717,2865,-4,-34,-2,0,-3,0,13500,830,-136,152,13500,1531,1536,1645,1631,0,0,0,0,0,0,0,-8,-3,37,14,132,,,,,,,,,,,,,,,,,,,,,,,,,,,,,,,,,,,,,,,,,,,,,,,,,,,,,,,,,,,,,,,,,,,,,,,,,,,
33250,367,-56,-484,18,1002,-1383,2286,1400,-39,-15,-2,-1,-2,0,13543,836,-111,155,13543,1538,1510,1665,1629,0,0,0,0,0,0,0,-19,-9,69,30,134,,,,,,,,,,,,,,,,,,,,,,,,,,,,,,,,,,,,,,,,,,,,,,,,,,,,,,,,,,,,,,,,,,,,,,,,,,,
33303,649,236,113,10,1151,2889,3751,1339,-63,6,0,-1,-2,0,13543,811,-186,155,13543,1548,1502,1658,1635,0,0,0,0,0,0,0,-4,-8,32,29,128,,,,,,,,,,,,,,,,,,,,,,,,,,,,,,,,,,,,,,,,,,,,,,,,,,,,,,,,,,,,,,,,,,,,,,,,,,,
33350,1036,266,-151,324,981,1424,-642,2133,-100,9,-2,-2,-2,0,13927,830,-189,192,13927,1568,1509,1659,1641,0,0,0,0,0,0,0,-4,-21,27,64,133,,,,,,,,,,,,,,,,,,,,,,,,,,,,,,,,,,,,,,,,,,,,,,,,,,,,,,,,,,,,,,,,,,,,,,,,,,,
33403,799,-365,11,-202,1010,-3336,-1558,1278,-76,-38,0,-1,-1,0,13970,821,-190,195,13970,1552,1517,1654,1653,0,0,0,0,0,0,0,8,-7,-11,21,134,,,,,,,,,,,,,,,,,,,,,,,,,,,,,,,,,,,,,,,,,,,,,,,,,,,,,,,,,,,,,,,,,,,,,,,,,,,
33450,454,-397,-72,64,910,-7852,-581,3231,-46,-38,-4,-1,0,0,14013,784,-207,199,14013,1557,1544,1649,1643,0,0,0,0,0,0,0,7,-8,-8,15,130,,,,,,,,,,,,,,,,,,,,,,,,,,,,,,,,,,,,,,,,,,,,,,,,,,,,,,,,,,,,,,,,,,,,,,,,,,,
33503,72,-46,-339,139,1038,-3519,2653,180,-6,-4,-4,0,0,0,14013,772,-200,199,14013,1542,1516,1687,1639,0,0,0,0,0,0,0,-8,-5,35,4,127,,,,,,,,,,,,,,,,,,,,,,,,,,,,,,,,,,,,,,,,,,,,,,,,,,,,,,,,,,,,,,,,,,,,,,,,,,,
33550,-26,-492,31,71,858,-1444,-5403,2865,-1,-46,0,0,0,0,14100,768,-259,208,14100,1558,1549,1625,1671,0,0,0,0,0,0,0,20,-2,-42,-4,129,,,,,,,,,,,,,,,,,,,,,,,,,,,,,,,,,,,,,,,,,,,,,,,,,,,,,,,,,,,,,,,,,,,,,,,,,,,
33603,392,-577,45,135,874,1363,944,1828,-37,-53,0,0,0,0,14100,757,-239,208,14100,1567,1524,1661,1646,0,0,0,0,0,0,0,8,-15,-13,35,128,,,,,,,,,,,,,,,,,,,,,,,,,,,,,,,,,,,,,,,,,,,,,,,,,,,,,,,,,,,,,,,,,,,,,,,,,,,
33650,448,-302,387,34,839,1912,3080,1034,34,-29,-2,14,0,0,14143,739,-225,211,14143,1561,1521,1680,1638,0,0,0,0,0,0,0,17,-1,-34,-1,130,,,,,,,,,,,,,,,,,,,,,,,,,,,,,,,,,,,,,,,,,,,,,,,,,,,,,,,,,,,,,,,,,,,,,,,,,,,
33703,832,609,-334,-89,881,-1566,-2534,2804,178,49,0,50,0,0,14100,755,-229,208,14100,1537,1570,1654,1640,0,0,0,0,0,0,0,-20,-10,70,25,133,,,,,,,,,,,,,,,,,,,,,,,,,,,,,,,,,,,,,,,,,,,,,,,,,,,,,,,,,,,,,,,,,,,,,,,,,,,
33750,1074,756,-298,-38,824,14669,455,57,272,62,2,73,0,0,14100,735,-190,208,14100,1546,1524,1671,1653,0,0,0,0,0,0,0,-7,8,39,-15,128,,,,,,,,,,,,,,,,,,,,,,,,,,,,,,,,,,,,,,,,,,,,,,,,,,,,,,,,,,,,,,,,,,,,,,,,,,,
33803,1986,230,410,80,896,24007,-4487,851,287,20,-2,92,0,0,14186,727,-206,215,14186,1566,1512,1644,1674,0,0,0,0,0,0,0,26,-3,-54,35,131,,,,,,,,,,,,,,,,,,,,,,,,,,,,,,,,,,,,,,,,,,,,,,,,,,,,,,,,,,,,,,,,,,,,,,,,,,,
33850,2782,634,151,167,790,22115,-642,-308,217,51,2,92,0,0,14143,720,-174,211,14143,1581,1483,1686,1643,0,0,0,0,0,0,0,-4,-7,26,62,130,,,,,,,,,,,,,,,,,,,,,,,,,,,,,,,,,,,,,,,,,,,,,,,,,,,,,,,,,,,,,,,,,,,,,,,,,,,
33903,3188,936,-78,-175,865,6978,-3755,2133,158,81,-2,87,0,0,14143,714,-167,211,14143,1538,1562,1656,1648,0,0,0,0,0,0,0,-6,20,29,1,131,,,,,,,,,,,,,,,,,,,,,,,,,,,,,,,,,,,,,,,,,,,,,,,,,,,,,,,,,,,,,,,,,,,,,,,,,,,
33950,3427,1179,-251,-25,859,11556,-459,-1162,70,106,-2,74,0,0,14186,719,-112,215,14186,1543,1509,1680,1662,0,0,0,0,0,0,0,-15,19,55,13,135,,,,,,,,,,,,,,,,,,,,,,,,,,,,,,,,,,,,,,,,,,,,,,,,,,,,,,,,,,,,,,,,,,,,,,,,,,,
34003,3158,567,287,-32,741,3621,-9187,363,59,52,-2,67,0,0,14933,698,-166,284,14933,1546,1550,1647,1695,0,0,0,0,0,0,0,20,29,-46,-6,130,,,,,,,,,,,,,,,,,,,,,,,,,,,,,,,,,,,,,,,,,,,,,,,,,,,,,,,,,,,,,,,,,,,,,,,,,,,
34050,3014,442,47,-13,830,997,-5159,-735,37,38,-6,60,0,0,14889,701,-102,280,14889,1546,1548,1694,1678,0,0,0,0,0,0,0,0,13,1,36,126,,,,,,,,,,,,,,,,,,,,,,,,,,,,,,,,,,,,,,,,,,,,,,,,,,,,,,,,,,,,,,,,,,,,,,,,,,,
34103,2852,587,209,-68,1417,4903,2225,-552,-77,47,-4,34,0,0,14978,698,-60,287,14978,1590,1508,1705,1667,0,0,0,0,0,0,0,-7,15,18,31,130,,,,,,,,,,,,,,,,,,,,,,,,,,,,,,,,,,,,,,,,,,,,,,,,,,,,,,,,,,,,,,,,,,,,,,,,,,,
34150,2276,603,245,-372,1007,-6082,-3816,-2566,-24,52,0,34,0,0,14978,708,-102,287,14978,1543,1531,1698,1693,0,0,0,0,0,0,0,10,38,-32,-32,136,,,,,,,,,,,,,,,,,,,,,,,,,,,,,,,,,,,,,,,,,,,,,,,,,,,,,,,,,,,,,,,,,,,,,,,,,,,
34203,1735,639,-345,273,1253,-4739,-7661,1461,-151,59,-2,0,0,0,14933,656,-108,284,14933,1588,1539,1675,1672,0,0,0,0,0,0,0,-10,18,20,15,135,,,,,,,,,,,,,,,,,,,,,,,,,,,,,,,,,,,,,,,,,,,,,,,,,,,,,,,,,,,,,,,,,,,,,,,,,,,
34250,1207,374,-55,13,1483,-4556,1981,-1345,-101,32,-2,0,0,0,14933,641,-98,284,14933,1566,1522,1704,1674,0,0,0,0,0,0,0,-9,24,16,-4,131,,,,,,,,,,,,,,,,,,,,,,,,,,,,,,,,,,,,,,,,,,,,,,,,,,,,,,,,,,,,,,,,,,,,,,,,,,,
34303,862,545,-202,13,1133,-8890,-4426,-308,-75,47,2,0,0,0,14978,642,-92,287,14978,1559,1550,1684,1682,0,0,0,0,0,0,0,-8,24,15,-10,130,,,,,,,,,,,,,,,,,,,,,,,,,,,,,,,,,,,,,,,,,,,,,,,,,,,,,,,,,,,,,,,,,,,,,,,,,,,
34350,851,783,-255,216,923,-8402,-4304,-979,-74,68,2,0,0,0,14978,642,-76,287,14978,1567,1529,1689,1684,0,0,0,0,0,0,0,-19,0,44,47,129,,,,,,,,,,,,,,,,,,,,,,,,,,,,,,,,,,,,,,,,,,,,,,,,,,,,,,,,,,,,,,,,,,,,,,,,,,,
34403,765,1048,-43,86,962,-2908,2409,-1406,-94,91,0,-5,0,0,14978,642,-50,287,14978,1562,1527,1707,1675,0,0,0,0,0,0,0,-26,0,62,43,129,,,,,,,,,,,,,,,,,,,,,,,,,,,,,,,,,,,,,,,,,,,,,,,,,,,,,,,,,,,,,,,,,,,,,,,,,,,
34450,473,848,-255,84,1206,-7242,-4793,-918,-132,70,2,-18,0,0,14978,625,-53,287,14978,1564,1533,1696,1680,0,0,0,0,0,0,0,-14,8,25,13,132,,,,,,,,,,,,,,,,,,,,,,,,,,,,,,,,,,,,,,,,,,,,,,,,,,,,,,,,,,,,,,,,,,,,,,,,,,,
34503,-109,-213,715,-548,1107,-14017,-7661,-2993,-276,-22,0,-57,0,0,14978,621,16,287,14978,1548,1517,1674,1726,0,0,0,0,0,0,0,44,33,-137,-64,140,,,,,,,,,,,,,,,,,,,,,,,,,,,,,,,,,,,,,,,,,,,,,,,,,,,,,,,,,,,,,,,,,,,,,,,,,,,
34550,-241,-84,14,-98,862,-24820,-5769,-1528,-275,-35,4,-59,-5,0,14978,655,70,287,14978,1527,1561,1688,1695,0,0,0,0,0,0,0,-5,-5,-8,22,134,,,,,,,,,,,,,,,,,,,,,,,,,,,,,,,,,,,,,,,,,,,,,,,,,,,,,,,,,,,,,,,,,,,,,,,,,,,
34603,-1145,-510,264,19,1104,-17984,1127,-369,-214,-58,-2,-62,-2,0,14889,636,77,280,14889,1559,1535,1686,1685,0,0,0,0,0,0,0,2,-7,-28,11,136,,,,,,,,,,,,,,,,,,,,,,,,,,,,,,,,,,,,,,,,,,,,,,,,,,,,,,,,,,,,,,,,,,,,,,,,,,,
34650,-1128,293,271,-152,1209,-11942,3568,-308,-152,11,-2,-50,-2,0,14933,653,99,284,14933,1569,1527,1704,1667,0,0,0,0,0,0,0,-19,-17,33,28,138,,,,,,,,,,,,,,,,,,,,,,,,,,,,,,,,,,,,,,,,,,,,,,,,,,,,,,,,,,,,,,,,,,,,,,,,,,,
34703,-1427,186,-175,-15,1194,-6632,5338,-2505,107,9,-2,-3,-1,0,14978,665,149,287,14978,1540,1526,1723,1674,0,0,0,0,0,0,0,-5,-2,1,-20,134,,,,,,,,,,,,,,,,,,,,,,,,,,,,,,,,,,,,,,,,,,,,,,,,,,,,,,,,,,,,,,,,,,,,,,,,,,,
34750,-967,65,148,89,692,3988,-3633,546,70,12,-4,-2,1,0,14756,658,120,267,14756,1556,1540,1665,1692,0,0,0,0,0,0,0,7,-14,-31,13,127,,,,,,,,,,,,,,,,,,,,,,,,,,,,,,,,,,,,,,,,,,,,,,,,,,,,,,,,,,,,,,,,,,,,,,,,,,,
34803,-281,649,-304,-146,1432,7100,4118,-4214,17,42,0,-1,-2,0,14933,689,176,284,14933,1555,1483,1737,1678,0,0,0,0,0,0,0,-19,-10,40,8,133,,,,,,,,,,,,,,,,,,,,,,,,,,,,,,,,,,,,,,,,,,,,,,,,,,,,,,,,,,,,,,,,,,,,,,,,,,,
34850,227,498,-1,248,725,4293,1249,-1406,-19,36,-2,0,-1,0,14889,687,224,280,14889,1565,1508,1710,1676,0,0,0,0,0,0,0,-22,-38,43,84,130,,,,,,,,,,,,,,,,,,,,,,,,,,,,,,,,,,,,,,,,,,,,,,,,,,,,,,,,,,,,,,,,,,,,,,,,,,,
34903,-128,71,66,-238,1400,-3275,-5220,-1040,14,-7,0,0,-2,0,14404,709,267,235,14404,1529,1525,1679,1681,0,0,0,0,0,0,0,-6,-3,-2,-11,131,,,,,,,,,,,,,,,,,,,,,,,,,,,,,,,,,,,,,,,,,,,,,,,,,,,,,,,,,,,,,,,,,,,,,,,,,,,
34950,-331,-571,525,-294,966,-1077,-1253,-4031,70,-74,2,8,-4,0,14013,695,233,199,14013,1495,1496,1682,1697,0,0,0,0,0,0,0,30,11,-104,-54,136,,,,,,,,,,,,,,,,,,,,,,,,,,,,,,,,,,,,,,,,,,,,,,,,,,,,,,,,,,,,,,,,,,,,,,,,,,,
35003,-315,-730,-216,84,1018,81,-3633,1339,125,-112,0,19,-9,0,13585,724,293,159,13585,1520,1526,1632,1669,0,0,0,0,0,0,0,14,0,-61,-23,133,,,,,,,,,,,,,,,,,,,,,,,,,,,,,,,,,,,,,,,,,,,,,,,,,,,,,,,,,,,,,,,,,,,,,,,,,,,
35050,-77,-546,-365,-13,1074,8321,4423,241,219,-103,2,42,-11,0,13543,732,255,155,13543,1500,1528,1650,1662,0,0,0,0,0,0,0,-1,3,-13,-22,134,,,,,,,,,,,,,,,,,,,,,,,,,,,,,,,,,,,,,,,,,,,,,,,,,,,,,,,,,,,,,,,,,,,,,,,,,,,
35103,1829,33,107,253,369,14730,8390,-1589,199,-56,0,71,-11,0,13585,763,232,159,13585,1523,1477,1674,1663,0,0,0,0,0,0,0,2,-63,-14,172,134,,,,,,,,,,,,,,,,,,,,,,,,,,,,,,,,,,,,,,,,,,,,,,,,,,,,,,,,,,,,,,,,,,,,,,,,,,,
35150,2020,-72,387,20,862,13570,-2290,302,211,-69,-2,77,-12,0,13543,759,144,155,13543,1522,1502,1642,1672,0,0,0,0,0,0,0,22,4,-68,0,131,,,,,,,,,,,,,,,,,,,,,,,,,,,,,,,,,,,,,,,,,,,,,,,,,,,,,,,,,,,,,,,,,,,,,,,,,,,
35203,2326,251,-280,124,1104,17354,5949,-1712,62,-40,0,53,-12,0,13543,771,166,155,13543,1542,1449,1697,1639,0,0,0,0,0,0,0,-5,4,10,15,133,,,,,,,,,,,,,,,,,,,,,,,,,,,,,,,,,,,,,,,,,,,,,,,,,,,,,,,,,,,,,,,,,,,,,,,,,,,
35250,2651,687,4,-118,947,2340,1859,-1467,-196,53,2,6,-1,0,13500,802,176,152,13500,1520,1477,1673,1659,0,0,0,0,0,0,0,-3,19,10,-16,130,,,,,,,,,,,,,,,,,,,,,,,,,,,,,,,,,,,,,,,,,,,,,,,,,,,,,,,,,,,,,,,,,,,,,,,,,,,
35303,2794,505,104,317,759,-13040,-10225,-1101,-240,33,0,0,-2,0,13500,816,177,152,13500,1498,1505,1642,1689,0,0,0,0,0,0,0,3,-16,-9,78,134,,,,,,,,,,,,,,,,,,,,,,,,,,,,,,,,,,,,,,,,,,,,,,,,,,,,,,,,,,,,,,,,,,,,,,,,,,,
35350,1769,85,938,-542,849,-17801,-8455,-64,-154,-2,-10,0,-2,0,13500,783,79,152,13500,1478,1527,1641,1684,0,0,0,0,0,0,0,26,25,-71,-44,134,,,,,,,,,,,,,,,,,,,,,,,,,,,,,,,,,,,,,,,,,,,,,,,,,,,,,,,,,,,,,,,,,,,,,,,,,,,
35403,854,396,-560,205,1265,-11026,-703,851,-95,27,2,-4,-1,0,13500,790,57,152,13500,1523,1507,1664,1642,0,0,0,0,0,0,0,-10,12,27,-18,132,,,,,,,,,,,,,,,,,,,,,,,,,,,,,,,,,,,,,,,,,,,,,,,,,,,,,,,,,,,,,,,,,,,,,,,,,,,
35450,1055,690,-93,-197,1339,-10416,-1741,180,-88,-9,0,0,-13,0,13500,790,56,152,13500,1498,1518,1645,1672,0,0,0,0,0,0,0,-12,-2,35,20,133,,,,,,,,,,,,,,,,,,,,,,,,,,,,,,,,,,,,,,,,,,,,,,,,,,,,,,,,,,,,,,,,,,,,,,,,,,,
35503,1070,100,-42,123,810,-12491,-3206,-186,-93,-61,0,0,-13,0,13543,792,-5,155,13543,1493,1517,1654,1668,0,0,0,0,0,0,0,6,-8,-18,31,132,,,,,,,,,,,,,,,,,,,,,,,,,,,,,,,,,,,,,,,,,,,,,,,,,,,,,,,,,,,,,,,,,,,,,,,,,,,
35550,710,218,48,-80,948,-11392,-1863,241,-62,-85,0,0,-20,0,13500,793,-7,152,13500,1498,1519,1652,1665,0,0,0,0,0,0,0,-5,-2,15,11,129,,,,,,,,,,,,,,,,,,,,,,,,,,,,,,,,,,,,,,,,,,,,,,,,,,,,,,,,,,,,,,,,,,,,,,,,,,,
35603,313,897,-363,-38,868,-4190,9428,-1651,-13,-47,0,2,-25,0,13543,788,-34,155,13543,1503,1486,1690,1651,0,0,0,0,0,0,0,-18,7,60,-19,133,,,,,,,,,,,,,,,,,,,,,,,,,,,,,,,,,,,,,,,,,,,,,,,,,,,,,,,,,,,,,,,,,,,,,,,,,,,
35650,324,812,-249,-33,956,4171,3324,-2749,-42,-23,0,-2,-18,0,13500,797,-55,152,13500,1528,1437,1682,1671,0,0,0,0,0,0,0,-2,5,21,-12,132,,,,,,,,,,,,,,,,,,,,,,,,,,,,,,,,,,,,,,,,,,,,,,,,,,,,,,,,,,,,,,,,,,,,,,,,,,,
35703,806,900,-93,49,801,-1505,5582,-2444,-77,-15,0,-1,-18,0,13500,796,-89,152,13500,1498,1475,1690,1660,0,0,0,0,0,0,0,-1,-10,21,30,132,,,,,,,,,,,,,,,,,,,,,,,,,,,,,,,,,,,,,,,,,,,,,,,,,,,,,,,,,,,,,,,,,,,,,,,,,,,
35750,650,664,-125,56,1147,-1749,4972,-2322,-67,-25,2,-2,-16,0,13500,793,-69,152,13500,1510,1465,1684,1664,0,0,0,0,0,0,0,4,-8,5,22,131,,,,,,,,,,,,,,,,,,,,,,,,,,,,,,,,,,,,,,,,,,,,,,,,,,,,,,,,,,,,,,,,,,,,,,,,,,,
35803,708,756,-325,192,807,-467,1859,302,-68,-21,0,-1,-17,0,13543,775,-78,155,13543,1524,1489,1663,1656,0,0,0,0,0,0,0,-15,-11,60,30,132,,,,,,,,,,,,,,,,,,,,,,,,,,,,,,,,,,,,,,,,,,,,,,,,,,,,,,,,,,,,,,,,,,,,,,,,,,,
35850,713,437,3,108,1200,-2969,3629,-2078,-69,-38,0,-1,-15,0,13543,786,-165,155,13543,1499,1478,1681,1667,0,0,0,0,0,0,0,0,-17,21,45,132,,,,,,,,,,,,,,,,,,,,,,,,,,,,,,,,,,,,,,,,,,,,,,,,,,,,,,,,,,,,,,,,,,,,,,,,,,,
35903,934,963,-247,100,944,-589,6864,-857,-50,14,2,6,-13,0,13585,774,-150,159,13585,1518,1483,1679,1657,0,0,0,0,0,0,0,-13,-19,64,52,132,,,,,,,,,,,,,,,,,,,,,,,,,,,,,,,,,,,,,,,,,,,,,,,,,,,,,,,,,,,,,,,,,,,,,,,,,,,
35950,951,886,-205,126,1042,-1810,-1436,-491,-30,18,0,10,-11,0,13585,738,-193,159,13585,1505,1500,1655,1678,0,0,0,0,0,0,0,6,-6,13,19,133,,,,,,,,,,,,,,,,,,,,,,,,,,,,,,,,,,,,,,,,,,,,,,,,,,,,,,,,,,,,,,,,,,,,,,,,,,,
36003,918,273,21,247,822,-4251,-3694,-735,3,-10,0,16,-6,0,14143,760,-161,211,14143,1507,1521,1675,1683,0,0,0,0,0,0,0,28,-2,-46,9,129,,,,,,,,,,,,,,,,,,,,,,,,,,,,,,,,,,,,,,,,,,,,,,,,,,,,,,,,,,,,,,,,,,,,,,,,,,,
36050,1000,454,-99,429,716,-1016,1310,-1406,66,11,0,30,-5,0,14186,749,-206,215,14186,1510,1515,1698,1674,0,0,0,0,0,0,0,0,-22,30,65,131,,,,,,,,,,,,,,,,,,,,,,,,,,,,,,,,,,,,,,,,,,,,,,,,,,,,,,,,,,,,,,,,,,,,,,,,,,,
36103,1695,990,-295,52,1111,7711,-2717,973,37,58,-8,37,-5,0,14143,745,-127,211,14143,1556,1490,1670,1677,0,0,0,0,0,0,0,-10,-25,61,78,133,,,,,,,,,,,,,,,,,,,,,,,,,,,,,,,,,,,,,,,,,,,,,,,,,,,,,,,,,,,,,,,,,,,,,,,,,,,
36150,2299,1094,-199,64,1289,1851,-8211,-735,-15,71,2,37,-4,0,14317,756,-134,228,14317,1525,1515,1673,1694,0,0,0,0,0,0,0,-2,-11,37,50,134,,,,,,,,,,,,,,,,,,,,,,,,,,,,,,,,,,,,,,,,,,,,,,,,,,,,,,,,,,,,,,,,,,,,,,,,,,,
36203,2159,725,132,-95,1088,81,1371,-1589,-3,45,2,37,-3,0,14273,733,-165,224,14273,1527,1497,1706,1669,0,0,0,0,0,0,0,12,5,-5,7,127,,,,,,,,,,,,,,,,,,,,,,,,,,,,,,,,,,,,,,,,,,,,,,,,,,,,,,,,,,,,,,,,,,,,,,,,,,,
36250,2038,720,-214,26,1253,-2786,-5281,363,7,48,0,37,-2,0,14360,725,-129,231,14360,1517,1537,1670,1689,0,0,0,0,0,0,0,4,1,14,18,128,,,,,,,,,,,,,,,,,,,,,,,,,,,,,,,,,,,,,,,,,,,,,,,,,,,,,,,,,,,,,,,,,,,,,,,,,,,
36303,2134,272,553,-161,796,5697,4301,-3604,-4,9,0,36,-2,0,14317,702,-157,228,14317,1534,1456,1727,1675,0,0,0,0,0,0,0,33,3,-68,14,130,,,,,,,,,,,,,,,,,,,,,,,,,,,,,,,,,,,,,,,,,,,,,,,,,,,,,,,,,,,,,,,,,,,,,,,,,,,
36350,1477,488,270,-189,1474,1485,2164,-1223,87,28,0,43,-2,0,14360,680,-190,231,14360,1519,1509,1705,1674,0,0,0,0,0,0,0,-5,6,33,3,130,,,,,,,,,,,,,,,,,,,,,,,,,,,,,,,,,,,,,,,,,,,,,,,,,,,,,,,,,,,,,,,,,,,,,,,,,,,
36403,948,-26,-32,29,1086,3927,-9553,119,161,-5,0,48,0,0,13585,675,-204,159,13585,1526,1501,1657,1691,0,0,0,0,0,0,0,6,9,-4,-4,126,,,,,,,,,,,,,,,,,,,,,,,,,,,,,,,,,,,,,,,,,,,,,,,,,,,,,,,,,,,,,,,,,,,,,,,,,,,
36450,1445,187,174,98,1051,13753,-2046,-1406,125,16,0,50,0,0,13585,671,-229,159,13585,1533,1450,1684,1667,0,0,0,0,0,0,0,5,1,-5,22,130,,,,,,,,,,,,,,,,,,,,,,,,,,,,,,,,,,,,,,,,,,,,,,,,,,,,,,,,,,,,,,,,,,,,,,,,,,,
36503,2963,914,-313,44,1040,6490,-7722,-430,-7,76,0,50,0,0,13585,666,-179,159,13585,1523,1475,1662,1676,0,0,0,0,0,0,0,-32,-27,93,113,133,,,,,,,,,,,,,,,,,,,,,,,,,,,,,,,,,,,,,,,,,,,,,,,,,,,,,,,,,,,,,,,,,,,,,,,,,,,
36550,2852,601,-288,61,1111,-8157,-12483,1156,-77,45,-2,34,-1,0,13500,644,-175,152,13500,1490,1526,1630,1687,0,0,0,0,0,0,0,-15,-8,45,64,136,,,,,,,,,,,,,,,,,,,,,,,,,,,,,,,,,,,,,,,,,,,,,,,,,,,,,,,,,,,,,,,,,,,,,,,,,,,
36603,1817,283,244,-59,940,203,3080,241,-57,21,2,20,0,0,13543,630,-208,155,13543,1539,1464,1678,1647,0,0,0,0,0,0,0,7,21,-16,-18,128,,,,,,,,,,,,,,,,,,,,,,,,,,,,,,,,,,,,,,,,,,,,,,,,,,,,,,,,,,,,,,,,,,,,,,,,,,,
36650,1708,298,-32,228,586,-4190,-2046,1889,-40,22,0,21,0,0,13500,639,-248,152,13500,1515,1513,1641,1667,0,0,0,0,0,0,0,-1,-6,6,56,130,,,,,,,,,,,,,,,,,,,,,,,,,,,,,,,,,,,,,,,,,,,,,,,,,,,,,,,,,,,,,,,,,,,,,,,,,,,
36703,1165,163,5,104,668,-3092,-5159,790,0,10,2,20,0,0,13543,615,-256,155,13543,1517,1498,1656,1666,0,0,0,0,0,0,0,-3,7,10,15,125,,,,,,,,,,,,,,,,,,,,,,,,,,,,,,,,,,,,,,,,,,,,,,,,,,,,,,,,,,,,,,,,,,,,,,,,,,,
36750,1560,378,-161,33,875,-5838,-2229,607,-48,29,0,17,0,0,14360,590,-291,231,14360,1521,1533,1684,1676,0,0,0,0,0,0,0,-15,-5,41,50,131,,,,,,,,,,,,,,,,,,,,,,,,,,,,,,,,,,,,,,,,,,,,,,,,,,,,,,,,,,,,,,,,,,,,,,,,,,,
36803,1744,1036,-327,151,781,-406,6132,-4946,-71,83,0,16,-1,0,14844,587,-275,276,14844,1527,1466,1746,1693,0,0,0,0,0,0,0,-29,-6,84,54,134,,,,,,,,,,,,,,,,,,,,,,,,,,,,,,,,,,,,,,,,,,,,,,,,,,,,,,,,,,,,,,,,,,,,,,,,,,,
36850,1499,872,3,147,1007,-5472,-7295,-2749,-54,69,-2,15,-1,0,14889,575,-215,280,14889,1519,1510,1694,1728,0,0,0,0,0,0,0,-1,3,6,24,131,,,,,,,,,,,,,,,,,,,,,,,,,,,,,,,,,,,,,,,,,,,,,,,,,,,,,,,,,,,,,,,,,,,,,,,,,,,
36903,1111,679,-67,-29,1185,-6387,-5098,-2139,-23,52,2,14,-1,0,14978,570,-138,287,14978,1530,1514,1714,1703,0,0,0,0,0,0,0,-12,6,29,9,133,,,,,,,,,,,,,,,,,,,,,,,,,,,,,,,,,,,,,,,,,,,,,,,,,,,,,,,,,,,,,,,,,,,,,,,,,,,
36950,888,125,424,-480,1377,-5594,-3816,-2139,-11,7,-2,13,0,0,15022,582,-134,291,15022,1517,1525,1706,1716,0,0,0,0,0,0,0,6,18,-25,-26,134,,,,,,,,,,,,,,,,,,,,,,,,,,,,,,,,,,,,,,,,,,,,,,,,,,,,,,,,,,,,,,,,,,,,,,,,,,,
37003,1487,1089,-290,86,1235,-2115,822,-2932,-70,91,-4,11,0,0,14933,580,-99,284,14933,1548,1474,1740,1688,0,0,0,0,0,0,0,-28,-8,67,41,133,,,,,,,,,,,,,,,,,,,,,,,,,,,,,,,,,,,,,,,,,,,,,,,,,,,,,,,,,,,,,,,,,,,,,,,,,,,
37050,2051,1161,-104,265,821,-1138,-886,-430,-147,94,-2,6,-1,0,14978,586,-64,287,14978,1555,1506,1707,1696,0,0,0,0,0,0,0,-25,-27,58,90,135,,,,,,,,,,,,,,,,,,,,,,,,,,,,,,,,,,,,,,,,,,,,,,,,,,,,,,,,,,,,,,,,,,,,,,,,,,,
37103,1618,1348,-49,-96,1280,-10721,-4121,-3482,-123,110,0,3,-1,0,14933,574,-24,284,14933,1513,1504,1720,1714,0,0,0,0,0,0,0,-17,-2,32,17,137,,,,,,,,,,,,,,,,,,,,,,,,,,,,,,,,,,,,,,,,,,,,,,,,,,,,,,,,,,,,,,,,,,,,,,,,,,,
37150,727,645,400,-186,1225,-8402,-6502,-918,-53,52,0,2,0,0,14978,587,33,287,14978,1545,1510,1700,1709,0,0,0,0,0,0,0,6,8,-40,-26,129,,,,,,,,,,,,,,,,,,,,,,,,,,,,,,,,,,,,,,,,,,,,,,,,,,,,,,,,,,,,,,,,,,,,,,,,,,,
37203,106,538,-297,14,1038,-4312,-5525,-247,4,47,0,2,0,0,14889,578,48,280,14889,1560,1506,1717,1683,0,0,0,0,0,0,0,-18,4,19,-23,127,,,,,,,,,,,,,,,,,,,,,,,,,,,,,,,,,,,,,,,,,,,,,,,,,,,,,,,,,,,,,,,,,,,,,,,,,,,
37250,-146,-265,-114,-89,901,2828,7413,-1162,23,-26,0,2,0,0,14978,569,61,287,14978,1537,1515,1721,1689,0,0,0,0,0,0,0,-7,5,-7,-25,129,,,,,,,,,,,,,,,,,,,,,,,,,,,,,,,,,,,,,,,,,,,,,,,,,,,,,,,,,,,,,,,,,,,,,,,,,,,
37303,560,79,-153,150,1079,-1077,3446,-1101,0,-31,0,9,-7,0,14978,581,81,287,14978,1526,1526,1703,1708,0,0,0,0,0,0,0,-20,-22,31,55,130,,,,,,,,,,,,,,,,,,,,,,,,,,,,,,,,,,,,,,,,,,,,,,,,,,,,,,,,,,,,,,,,,,,,,,,,,,,
37350,230,-278,242,-138,830,1119,9122,-1895,88,-104,-2,21,-16,0,15022,581,85,291,15022,1511,1525,1709,1711,0,0,0,0,0,0,0,16,9,-62,-31,134,,,,,,,,,,,,,,,,,,,,,,,,,,,,,,,,,,,,,,,,,,,,,,,,,,,,,,,,,,,,,,,,,,,,,,,,,,,
37403,480,-18,-228,172,1184,10274,11015,363,383,-249,2,85,-49,0,14933,570,130,284,14933,1530,1542,1701,1691,0,0,0,0,0,0,0,-2,1,-7,-6,133,,,,,,,,,,,,,,,,,,,,,,,,,,,,,,,,,,,,,,,,,,,,,,,,,,,,,,,,,,,,,,,,,,,,,,,,,,,
37450,908,368,-68,-37,1476,30538,25480,-491,660,-278,2,148,-62,0,14889,595,163,280,14889,1550,1506,1740,1659,0,0,0,0,0,0,0,-4,5,10,-2,134,,,,,,,,,,,,,,,,,,,,,,,,,,,,,,,,,,,,,,,,,,,,,,,,,,,,,,,,,,,,,,,,,,,,,,,,,,,
37503,2213,1072,-99,16,1114,42684,21635,-2688,616,-272,0,161,-73,0,14800,612,175,271,14800,1551,1464,1723,1699,0,0,0,0,0,0,0,3,12,7,9,134,,,,,,,,,,,,,,,,,,,,,,,,,,,,,,,,,,,,,,,,,,,,,,,,,,,,,,,,,,,,,,,,,,,,,,,,,,,
37550,4225,2390,-58,258,965,41951,19559,-3237,371,-185,0,148,-78,0,14844,600,150,276,14844,1556,1448,1721,1708,0,0,0,0,0,0,0,-2,0,42,81,136,,,,,,,,,,,,,,,,,,,,,,,,,,,,,,,,,,,,,,,,,,,,,,,,,,,,,,,,,,,,,,,,,,,,,,,,,,,
37603,4811,2707,-135,-107,1385,9847,7597,1339,-165,37,0,50,-39,0,14712,611,192,264,14712,1567,1505,1701,1676,0,0,0,0,0,0,0,7,32,26,15,134,,,,,,,,,,,,,,,,,,,,,,,,,,,,,,,,,,,,,,,,,,,,,,,,,,,,,,,,,,,,,,,,,,,,,,,,,,,
37650,4243,2208,84,-9,952,-1016,8207,-2017,-283,67,2,17,-25,0,14756,626,237,267,14756,1534,1492,1726,1687,0,0,0,0,0,0,0,25,39,-14,-1,133,,,,,,,,,,,,,,,,,,,,,,,,,,,,,,,,,,,,,,,,,,,,,,,,,,,,,,,,,,,,,,,,,,,,,,,,,,,
37703,3404,2335,-326,33,1249,-21219,1981,-552,-293,116,4,0,-17,0,14712,622,203,264,14712,1519,1529,1716,1677,0,0,0,0,0,0,0,3,26,49,24,134,,,,,,,,,,,,,,,,,,,,,,,,,,,,,,,,,,,,,,,,,,,,,,,,,,,,,,,,,,,,,,,,,,,,,,,,,,,
37750,2367,2144,310,-362,955,-18167,-642,485,-241,166,2,-6,-4,0,14756,626,178,267,14756,1531,1530,1708,1675,0,0,0,0,0,0,0,20,30,3,0,132,,,,,,,,,,,,,,,,,,,,,,,,,,,,,,,,,,,,,,,,,,,,,,,,,,,,,,,,,,,,,,,,,,,,,,,,,,,
37803,2395,2573,-160,260,1019,-7852,-1497,-2749,-285,203,0,-15,-4,0,14712,644,205,264,14712,1552,1458,1738,1683,0,0,0,0,0,0,0,0,4,55,64,136,,,,,,,,,,,,,,,,,,,,,,,,,,,,,,,,,,,,,,,,,,,,,,,,,,,,,,,,,,,,,,,,,,,,,,,,,,,
37850,1632,1718,274,-70,931,-18594,-11812,-735,-285,136,0,-28,-2,0,14712,646,194,264,14712,1522,1519,1691,1708,0,0,0,0,0,0,0,31,22,-31,4,137,,,,,,,,,,,,,,,,,,,,,,,,,,,,,,,,,,,,,,,,,,,,,,,,,,,,,,,,,,,,,,,,,,,,,,,,,,,
37903,988,1294,-203,148,876,-21463,-4121,-4275,-292,102,0,-41,-2,0,14756,657,198,267,14756,1515,1474,1747,1691,0,0,0,0,0,0,0,-11,-9,73,71,138,,,,,,,,,,,,,,,,,,,,,,,,,,,,,,,,,,,,,,,,,,,,,,,,,,,,,,,,,,,,,,,,,,,,,,,,,,,
37950,-94,237,113,-19,854,-23111,-10652,-613,-197,17,0,-41,0,0,14667,672,260,260,14667,1507,1536,1693,1707,0,0,0,0,0,0,0,22,1,-27,20,133,,,,,,,,,,,,,,,,,,,,,,,,,,,,,,,,,,,,,,,,,,,,,,,,,,,,,,,,,,,,,,,,,,,,,,,,,,,
38003,-561,-737,244,45,1036,-16580,-4487,180,-163,-67,-2,-42,0,0,14712,660,165,264,14712,1536,1517,1703,1690,0,0,0,0,0,0,0,22,-6,-38,24,136,,,,,,,,,,,,,,,,,,,,,,,,,,,,,,,,,,,,,,,,,,,,,,,,,,,,,,,,,,,,,,,,,,,,,,,,,,,
38050,-631,-1266,556,-30,871,-13345,-3084,57,-161,-114,2,-43,0,0,14712,712,212,264,14712,1546,1507,1697,1691,0,0,0,0,0,0,0,40,-7,-92,15,136,,,,,,,,,,,,,,,,,,,,,,,,,,,,,,,,,,,,,,,,,,,,,,,,,,,,,,,,,,,,,,,,,,,,,,,,,,,
38103,-941,-655,-263,-165,1198,-7425,6437,-1162,-134,-39,-2,-43,3,0,14800,719,250,271,14800,1555,1476,1736,1667,0,0,0,0,0,0,0,-6,0,35,-16,138,,,,,,,,,,,,,,,,,,,,,,,,,,,,,,,,,,,,,,,,,,,,,,,,,,,,,,,,,,,,,,,,,,,,,,,,,,,
38150,-709,-97,50,-15,971,-6571,2042,729,-74,54,0,-27,12,0,14712,765,354,264,14712,1537,1527,1702,1682,0,0,0,0,0,0,0,4,-14,8,19,128,,,,,,,,,,,,,,,,,,,,,,,,,,,,,,,,,,,,,,,,,,,,,,,,,,,,,,,,,,,,,,,,,,,,,,,,,,,
38203,-652,-46,-449,107,971,-6326,-6441,-2749,-26,58,2,-16,12,0,14756,756,351,267,14756,1525,1490,1722,1699,0,0,0,0,0,0,0,-15,-20,55,27,136,,,,,,,,,,,,,,,,,,,,,,,,,,,,,,,,,,,,,,,,,,,,,,,,,,,,,,,,,,,,,,,,,,,,,,,,,,,
38250,-505,-208,-148,185,943,-1871,-5098,-1773,23,-18,2,-4,0,0,14800,789,355,271,14800,1533,1499,1701,1711,0,0,0,0,0,0,0,-8,-28,30,43,134,,,,,,,,,,,,,,,,,,,,,,,,,,,,,,,,,,,,,,,,,,,,,,,,,,,,,,,,,,,,,,,,,,,,,,,,,,,
38303,-692,-866,-94,-58,569,-2603,-7356,1950,137,-72,0,15,0,0,14712,790,328,264,14712,1532,1543,1668,1696,0,0,0,0,0,0,0,8,-4,-20,-22,133,,,,,,,,,,,,,,,,,,,,,,,,,,,,,,,,,,,,,,,,,,,,,,,,,,,,,,,,,,,,,,,,,,,,,,,,,,,
38350,-657,-1191,36,-155,1157,9237,5277,-64,137,-103,2,16,0,0,13756,825,412,175,13756,1543,1506,1699,1686,0,0,0,0,0,0,0,18,7,-47,-49,133,,,,,,,,,,,,,,,,,,,,,,,,,,,,,,,,,,,,,,,,,,,,,,,,,,,,,,,,,,,,,,,,,,,,,,,,,,,
38403,-4,-983,-130,12,971,14119,1737,1400,84,-85,2,16,0,0,13670,837,355,168,13670,1548,1470,1661,1667,0,0,0,0,0,0,0,16,0,-38,-19,129,,,,,,,,,,,,,,,,,,,,,,,,,,,,,,,,,,,,,,,,,,,,,,,,,,,,,,,,,,,,,,,,,,,,,,,,,,,
38450,738,-383,-307,349,875,7711,3934,1278,22,-33,2,17,0,0,13670,849,333,168,13670,1544,1473,1674,1656,0,0,0,0,0,0,0,-2,-21,18,49,130,,,,,,,,,,,,,,,,,,,,,,,,,,,,,,,,,,,,,,,,,,,,,,,,,,,,,,,,,,,,,,,,,,,,,,,,,,,
38503,1179,-267,48,86,1019,8138,4423,-1406,-12,-19,0,18,0,0,13628,857,274,163,13628,1529,1439,1690,1669,0,0,0,0,0,0,0,8,-11,-8,26,130,,,,,,,,,,,,,,,,,,,,,,,,,,,,,,,,,,,,,,,,,,,,,,,,,,,,,,,,,,,,,,,,,,,,,,,,,,,
38550,1773,443,-67,411,737,-4678,-12605,2133,-67,45,2,17,1,0,13543,885,261,155,13543,1518,1511,1633,1685,0,0,0,0,0,0,0,-20,-42,66,111,134,,,,,,,,,,,,,,,,,,,,,,,,,,,,,,,,,,,,,,,,,,,,,,,,,,,,,,,,,,,,,,,,,,,,,,,,,,,
38603,1520,874,-362,20,941,4293,2714,-1467,-41,79,0,18,0,0,13543,901,269,155,13543,1526,1439,1711,1646,0,0,0,0,0,0,0,-22,-7,69,16,130,,,,,,,,,,,,,,,,,,,,,,,,,,,,,,,,,,,,,,,,,,,,,,,,,,,,,,,,,,,,,,,,,,,,,,,,,,,
38650,1109,464,-323,85,1095,-5228,-8394,2560,-6,40,0,18,0,0,13585,908,229,159,13585,1504,1526,1635,1677,0,0,0,0,0,0,0,-9,-2,29,0,129,,,,,,,,,,,,,,,,,,,,,,,,,,,,,,,,,,,,,,,,,,,,,,,,,,,,,,,,,,,,,,,,,,,,,,,,,,,
38703,818,-183,-79,45,839,-2969,-10347,-308,15,-12,2,17,0,0,13585,945,262,159,13585,1502,1487,1665,1681,0,0,0,0,0,0,0,-11,-16,24,34,132,,,,,,,,,,,,,,,,,,,,,,,,,,,,,,,,,,,,,,,,,,,,,,,,,,,,,,,,,,,,,,,,,,,,,,,,,,,
38750,1382,153,-138,-116,940,81,-1436,-3,-29,16,2,18,0,0,13585,940,250,159,13585,1512,1476,1685,1654,0,0,0,0,0,0,0,-29,-21,67,48,129,,,,,,,,,,,,,,,,,,,,,,,,,,,,,,,,,,,,,,,,,,,,,,,,,,,,,,,,,,,,,,,,,,,,,,,,,,,
38803,401,-510,-136,-74,1022,-955,1493,-857,55,-41,2,18,0,0,13543,953,248,155,13543,1491,1486,1675,1676,0,0,0,0,0,0,0,0,14,-11,-49,131,,,,,,,,,,,,,,,,,,,,,,,,,,,,,,,,,,,,,,,,,,,,,,,,,,,,,,,,,,,,,,,,,,,,,,,,,,,
38850,744,-43,-132,200,1147,8809,5216,-979,25,0,0,18,0,0,13927,945,173,192,13927,1555,1433,1715,1653,0,0,0,0,0,0,0,-29,-26,64,59,129,,,,,,,,,,,,,,,,,,,,,,,,,,,,,,,,,,,,,,,,,,,,,,,,,,,,,,,,,,,,,,,,,,,,,,,,,,,
38903,247,-144,154,-167,929,4110,-6013,1766,72,-9,0,18,0,0,14978,972,215,287,14978,1545,1516,1662,1695,0,0,0,0,0,0,0,-5,5,-5,-25,129,,,,,,,,,,,,,,,,,,,,,,,,,,,,,,,,,,,,,,,,,,,,,,,,,,,,,,,,,,,,,,,,,,,,,,,,,,,
38950,203,-452,183,-240,1216,7711,1554,-1223,76,-39,0,18,0,0,15022,973,214,291,15022,1557,1492,1709,1707,0,0,0,0,0,0,0,15,13,-59,-41,133,,,,,,,,,,,,,,,,,,,,,,,,,,,,,,,,,,,,,,,,,,,,,,,,,,,,,,,,,,,,,,,,,,,,,,,,,,,
39003,996,-292,43,206,925,11312,883,-2566,7,-25,0,18,0,0,15022,984,184,291,15022,1563,1464,1717,1714,0,0,0,0,0,0,0,1,-10,-19,32,128,,,,,,,,,,,,,,,,,,,,,,,,,,,,,,,,,,,,,,,,,,,,,,,,,,,,,,,,,,,,,,,,,,,,,,,,,,,
39050,1712,-532,59,-57,1239,4171,394,-1162,-58,-46,4,18,0,0,15022,990,156,291,15022,1560,1493,1707,1706,0,0,0,0,0,0,0,16,-4,-58,22,131,,,,,,,,,,,,,,,,,,,,,,,,,,,,,,,,,,,,,,,,,,,,,,,,,,,,,,,,,,,,,,,,,,,,,,,,,,,
39103,1543,-445,86,105,963,-528,4545,-2322,-43,-35,0,18,0,0,14978,985,184,287,14978,1526,1504,1717,1711,0,0,0,0,0,0,0,1,0,-18,9,128,,,,,,,,,,,,,,,,,,,,,,,,,,,,,,,,,,,,,,,,,,,,,,,,,,,,,,,,,,,,,,,,,,,,,,,,,,,
39150,954,-220,412,-194,1016,-1199,-4548,119,14,-15,2,19,0,0,15022,1006,204,291,15022,1559,1509,1696,1706,0,0,0,0,0,0,0,0,14,-18,-35,133,,,,,,,,,,,,,,,,,,,,,,,,,,,,,,,,,,,,,,,,,,,,,,,,,,,,,,,,,,,,,,,,,,,,,,,,,,,
39203,965,193,-281,-16,1209,1912,-642,-2871,13,23,2,19,1,0,14978,987,184,287,14978,1549,1473,1727,1704,0,0,0,0,0,0,0,-15,1,23,1,128,,,,,,,,,,,,,,,,,,,,,,,,,,,,,,,,,,,,,,,,,,,,,,,,,,,,,,,,,,,,,,,,,,,,,,,,,,,
39250,1657,685,77,-176,985,997,-5586,-979,-50,63,0,18,0,0,15022,1005,143,291,15022,1525,1528,1692,1722,0,0,0,0,0,0,0,-22,-5,41,26,130,,,,,,,,,,,,,,,,,,,,,,,,,,,,,,,,,,,,,,,,,,,,,,,,,,,,,,,,,,,,,,,,,,,,,,,,,,,
39303,1832,253,22,33,1254,-5899,-8638,-796,-62,25,2,19,0,0,14978,1015,232,287,14978,1522,1533,1688,1724,0,0,0,0,0,0,0,-11,-9,4,37,130,,,,,,,,,,,,,,,,,,,,,,,,,,,,,,,,,,,,,,,,,,,,,,,,,,,,,,,,,,,,,,,,,,,,,,,,,,,
39350,1172,-98,572,-490,1272,-3031,-7356,-2932,44,22,-2,29,6,0,14978,1021,235,287,14978,1527,1491,1705,1731,0,0,0,0,0,0,0,0,14,-30,-31,135,,,,,,,,,,,,,,,,,,,,,,,,,,,,,,,,,,,,,,,,,,,,,,,,,,,,,,,,,,,,,,,,,,,,,,,,,,,
39403,1171,288,-338,210,882,7955,-3877,1095,9,122,2,22,19,0,13374,1041,261,139,13374,1546,1446,1672,1650,0,0,0,0,0,0,0,-29,1,44,5,130,,,,,,,,,,,,,,,,,,,,,,,,,,,,,,,,,,,,,,,,,,,,,,,,,,,,,,,,,,,,,,,,,,,,,,,,,,,
39450,1227,-108,-318,144,1001,4415,-4243,2865,-2,119,-2,20,25,0,12261,1068,288,31,12261,1484,1472,1616,1640,0,0,0,0,0,0,0,-21,9,19,-8,134,,,,,,,,,,,,,,,,,,,,,,,,,,,,,,,,,,,,,,,,,,,,,,,,,,,,,,,,,,,,,,,,,,,,,,,,,,,
39503,1361,-697,205,-132,879,-3458,-8211,-369,-10,68,2,21,25,0,12220,1061,233,27,12220,1464,1444,1630,1663,0,0,0,0,0,0,0,-6,0,-25,16,133,,,,,,,,,,,,,,,,,,,,,,,,,,,,,,,,,,,,,,,,,,,,,,,,,,,,,,,,,,,,,,,,,,,,,,,,,,,
39550,1173,-575,99,154,784,-2359,-3450,1095,-1,47,2,20,19,0,12140,1083,214,20,12140,1489,1434,1644,1626,0,0,0,0,0,0,0,-19,-12,3,45,131,,,,,,,,,,,,,,,,,,,,,,,,,,,,,,,,,,,,,,,,,,,,,,,,,,,,,,,,,,,,,,,,,,,,,,,,,,,
39603,1422,-460,-258,167,1094,-2054,883,1705,-78,8,0,9,9,0,12100,1081,162,15,12100,1503,1426,1637,1624,0,0,0,0,0,0,0,-27,-17,22,53,131,,,,,,,,,,,,,,,,,,,,,,,,,,,,,,,,,,,,,,,,,,,,,,,,,,,,,,,,,,,,,,,,,,,,,,,,,,,
39650,1658,-620,115,133,581,-6998,5033,2560,-95,-43,0,9,2,0,12140,1111,134,20,12140,1492,1457,1628,1626,0,0,0,0,0,0,0,11,-20,-79,60,132,,,,,,,,,,,,,,,,,,,,,,,,,,,,,,,,,,,,,,,,,,,,,,,,,,,,,,,,,,,,,,,,,,,,,,,,,,,
39703,445,122,-232,155,821,-3702,9428,607,6,21,0,9,2,0,12873,1088,93,92,12873,1486,1449,1669,1620,0,0,0,0,0,0,0,-20,14,12,-41,126,,,,,,,,,,,,,,,,,,,,,,,,,,,,,,,,,,,,,,,,,,,,,,,,,,,,,,,,,,,,,,,,,,,,,,,,,,,
39750,-315,-360,444,-350,1255,1302,1554,1339,76,-27,0,9,0,0,13248,1092,7,128,13248,1514,1478,1645,1669,0,0,0,0,0,0,0,4,25,-48,-69,130,,,,,,,,,,,,,,,,,,,,,,,,,,,,,,,,,,,,,,,,,,,,,,,,,,,,,,,,,,,,,,,,,,,,,,,,,,,
39803,-93,267,-205,-324,1204,4110,5094,1217,116,-63,-2,21,-17,0,13248,1097,-25,128,13248,1495,1494,1648,1669,0,0,0,0,0,0,0,-15,13,13,-30,137,,,,,,,,,,,,,,,,,,,,,,,,,,,,,,,,,,,,,,,,,,,,,,,,,,,,,,,,,,,,,,,,,,,,,,,,,,,
39850,832,498,-74,67,862,14119,11747,-2566,-23,-127,-2,9,-34,0,13290,1077,-154,132,13290,1539,1384,1687,1677,0,0,0,0,0,0,0,-5,-8,-4,39,135,,,,,,,,,,,,,,,,,,,,,,,,,,,,,,,,,,,,,,,,,,,,,,,,,,,,,,,,,,,,,,,,,,,,,,,,,,,
39903,1199,-2,414,-100,744,1790,12052,2499,-6,-237,-2,19,-47,0,14535,1087,-186,248,14535,1523,1514,1648,1678,0,0,0,0,0,0,0,32,16,-96,-22,137,,,,,,,,,,,,,,,,,,,,,,,,,,,,,,,,,,,,,,,,,,,,,,,,,,,,,,,,,,,,,,,,,,,,,,,,,,,
39950,830,327,505,-396,994,1668,18278,-1651,-20,-205,0,10,-46,0,14933,1060,-183,284,14933,1540,1499,1719,1698,0,0,0,0,0,0,0,36,32,-96,-64,138,,,,,,,,,,,,,,,,,,,,,,,,,,,,,,,,,,,,,,,,,,,,,,,,,,,,,,,,,,,,,,,,,,,,,,,,,,,
40003,1208,1590,-481,167,965,1729,16813,-1345,-63,-39,0,8,-35,0,14933,1063,-111,284,14933,1554,1487,1740,1673,0,0,0,0,0,0,0,-14,2,58,22,136,,,,,,,,,,,,,,,,,,,,,,,,,,,,,,,,,,,,,,,,,,,,,,,,,,,,,,,,,,,,,,,,,,,,,,,,,,,
40050,1532,2009,-282,348,924,5330,13822,-3543,-116,35,2,3,-27,0,14978,1076,-66,287,14978,1568,1438,1736,1703,0,0,0,0,0,0,0,-4,-13,46,70,136,,,,,,,,,,,,,,,,,,,,,,,,,,,,,,,,,,,,,,,,,,,,,,,,,,,,,,,,,,,,,,,,,,,,,,,,,,,
40103,2304,3211,-405,53,889,-4617,3385,-3421,-187,203,2,2,-15,0,15022,1057,-123,291,15022,1549,1468,1752,1689,0,0,0,0,0,0,0,-41,-19,154,87,139,,,,,,,,,,,,,,,,,,,,,,,,,,,,,,,,,,,,,,,,,,,,,,,,,,,,,,,,,,,,,,,,,,,,,,,,,,,
40150,1602,2709,-144,277,1149,-5106,-1253,-857,-125,170,2,2,-13,0,14978,1067,-32,287,14978,1552,1497,1715,1697,0,0,0,0,0,0,0,-6,0,58,28,136,,,,,,,,,,,,,,,,,,,,,,,,,,,,,,,,,,,,,,,,,,,,,,,,,,,,,,,,,,,,,,,,,,,,,,,,,,,
40203,1141,2023,578,-254,1150,-5472,-2717,-3115,-92,159,2,1,-3,0,14978,1062,43,287,14978,1549,1469,1739,1702,0,0,0,0,0,0,0,15,-2,-6,25,135,,,,,,,,,,,,,,,,,,,,,,,,,,,,,,,,,,,,,,,,,,,,,,,,,,,,,,,,,,,,,,,,,,,,,,,,,,,
40250,917,1360,619,-389,1171,-4373,-7417,-1589,-76,104,2,0,-2,0,15067,1061,11,296,15067,1567,1470,1717,1706,0,0,0,0,0,0,0,25,2,-39,6,133,,,,,,,,,,,,,,,,,,,,,,,,,,,,,,,,,,,,,,,,,,,,,,,,,,,,,,,,,,,,,,,,,,,,,,,,,,,
40303,887,1079,-82,227,736,3682,2470,-2444,-80,80,2,0,-2,0,15067,1074,8,296,15067,1575,1447,1742,1693,0,0,0,0,0,0,0,0,-12,24,44,128,,,,,,,,,,,,,,,,,,,,,,,,,,,,,,,,,,,,,,,,,,,,,,,,,,,,,,,,,,,,,,,,,,,,,,,,,,,
40350,789,1517,-226,224,1079,-1383,-642,-2017,-65,115,4,0,-3,0,15067,1058,63,296,15067,1548,1487,1729,1702,0,0,0,0,0,0,0,-8,-4,49,20,133,,,,,,,,,,,,,,,,,,,,,,,,,,,,,,,,,,,,,,,,,,,,,,,,,,,,,,,,,,,,,,,,,,,,,,,,,,,
40403,395,1577,279,-360,1656,-6998,-7783,-2749,-34,134,0,0,0,0,14889,1051,88,280,14889,1518,1495,1713,1724,0,0,0,0,0,0,0,-5,-5,37,17,133,,,,,,,,,,,,,,,,,,,,,,,,,,,,,,,,,,,,,,,,,,,,,,,,,,,,,,,,,,,,,,,,,,,,,,,,,,,
40450,-42,523,-6,-53,1373,-4862,-7661,-1223,0,38,0,0,-1,0,14978,1065,57,287,14978,1543,1493,1712,1711,0,0,0,0,0,0,0,22,9,-46,-28,129,,,,,,,,,,,,,,,,,,,,,,,,,,,,,,,,,,,,,,,,,,,,,,,,,,,,,,,,,,,,,,,,,,,,,,,,,,,
40503,-97,228,-159,-131,1165,4476,1920,-979,43,12,0,6,-1,0,14978,1064,56,287,14978,1565,1471,1736,1684,0,0,0,0,0,0,0,14,6,-28,-22,130,,,,,,,,,,,,,,,,,,,,,,,,,,,,,,,,,,,,,,,,,,,,,,,,,,,,,,,,,,,,,,,,,,,,,,,,,,,
40550,610,838,-194,293,986,5880,7841,-1712,65,69,0,23,0,0,14978,1055,24,287,14978,1550,1475,1749,1679,0,0,0,0,0,0,0,-24,-28,77,74,130,,,,,,,,,,,,,,,,,,,,,,,,,,,,,,,,,,,,,,,,,,,,,,,,,,,,,,,,,,,,,,,,,,,,,,,,,,,
40603,631,932,35,-108,1394,1668,-2901,-2322,199,81,-4,50,0,0,14844,1067,100,276,14844,1503,1501,1722,1711,0,0,0,0,0,0,0,-4,0,22,0,130,,,,,,,,,,,,,,,,,,,,,,,,,,,,,,,,,,,,,,,,,,,,,,,,,,,,,,,,,,,,,,,,,,,,,,,,,,,
40650,882,985,529,-193,1102,6246,-8943,-1162,268,51,-2,69,-6,0,14844,1076,114,276,14844,1521,1504,1704,1717,0,0,0,0,0,0,0,11,10,-27,-25,136,,,,,,,,,,,,,,,,,,,,,,,,,,,,,,,,,,,,,,,,,,,,,,,,,,,,,,,,,,,,,,,,,,,,,,,,,,,
40703,1482,542,81,-44,1130,18819,4789,57,272,-25,0,80,-14,0,13585,1070,93,159,13585,1543,1427,1706,1648,0,0,0,0,0,0,0,2,-4,-6,23,129,,,,,,,,,,,,,,,,,,,,,,,,,,,,,,,,,,,,,,,,,,,,,,,,,,,,,,,,,,,,,,,,,,,,,,,,,,,
40750,1948,338,-13,210,707,12716,-93,-1651,186,-8,-2,71,-7,0,13585,1064,68,159,13585,1492,1455,1688,1688,0,0,0,0,0,0,0,11,-2,-29,30,132,,,,,,,,,,,,,,,,,,,,,,,,,,,,,,,,,,,,,,,,,,,,,,,,,,,,,,,,,,,,,,,,,,,,,,,,,,,
40803,2666,692,-166,259,838,-1688,-8150,3842,-89,53,2,28,-1,0,13585,1085,46,159,13585,1536,1499,1649,1660,0,0,0,0,0,0,0,-27,-22,74,97,134,,,,,,,,,,,,,,,,,,,,,,,,,,,,,,,,,,,,,,,,,,,,,,,,,,,,,,,,,,,,,,,,,,,,,,,,,,,
40850,2184,279,-94,101,636,-5533,2042,-796,-127,17,2,12,-1,0,13628,1102,108,163,13628,1508,1456,1702,1661,0,0,0,0,0,0,0,-2,1,6,31,130,,,,,,,,,,,,,,,,,,,,,,,,,,,,,,,,,,,,,,,,,,,,,,,,,,,,,,,,,,,,,,,,,,,,,,,,,,,
40903,1371,689,-380,104,811,-7791,1554,851,-126,49,2,-1,-2,0,13585,1096,120,159,13585,1522,1467,1687,1657,0,0,0,0,0,0,0,-20,6,59,10,132,,,,,,,,,,,,,,,,,,,,,,,,,,,,,,,,,,,,,,,,,,,,,,,,,,,,,,,,,,,,,,,,,,,,,,,,,,,
40950,958,708,-249,263,867,-14444,-5403,851,-90,54,0,-1,-1,0,13543,1103,75,155,13543,1489,1498,1677,1667,0,0,0,0,0,0,0,-21,-4,59,30,132,,,,,,,,,,,,,,,,,,,,,,,,,,,,,,,,,,,,,,,,,,,,,,,,,,,,,,,,,,,,,,,,,,,,,,,,,,,
41003,211,-87,184,-39,1141,-5289,2225,-369,-28,-14,0,-2,-1,0,13585,1099,28,159,13585,1509,1461,1691,1667,0,0,0,0,0,0,0,14,5,-39,-2,131,,,,,,,,,,,,,,,,,,,,,,,,,,,,,,,,,,,,,,,,,,,,,,,,,,,,,,,,,,,,,,,,,,,,,,,,,,,
41050,1085,1075,-376,199,805,-6937,-2656,2316,-101,83,-2,-1,-2,0,13628,1096,-18,163,13628,1524,1488,1677,1654,0,0,0,0,0,0,0,-45,-37,125,112,140,,,,,,,,,,,,,,,,,,,,,,,,,,,,,,,,,,,,,,,,,,,,,,,,,,,,,,,,,,,,,,,,,,,,,,,,,,,
41103,433,340,394,-68,1020,-5350,3324,-1651,-55,19,-18,-3,-2,0,13585,1095,-48,159,13585,1485,1449,1715,1670,0,0,0,0,0,0,0,22,10,-56,-19,136,,,,,,,,,,,,,,,,,,,,,,,,,,,,,,,,,,,,,,,,,,,,,,,,,,,,,,,,,,,,,,,,,,,,,,,,,,,
41150,-93,318,162,-208,742,-3641,3019,2743,74,-35,-4,13,-12,0,13628,1076,-65,163,13628,1508,1509,1673,1655,0,0,0,0,0,0,0,11,18,-28,-46,135,,,,,,,,,,,,,,,,,,,,,,,,,,,,,,,,,,,,,,,,,,,,,,,,,,,,,,,,,,,,,,,,,,,,,,,,,,,
41203,-667,-767,818,-469,1211,4720,3873,-3,347,-203,-2,57,-27,0,13585,1074,-104,159,13585,1487,1492,1681,1676,0,0,0,0,0,0,0,42,31,-112,-84,139,,,,,,,,,,,,,,,,,,,,,,,,,,,,,,,,,,,,,,,,,,,,,,,,,,,,,,,,,,,,,,,,,,,,,,,,,,,
41250,-136,-313,252,5,589,21627,16508,1950,748,-317,-4,147,-57,0,13585,1080,-111,159,13585,1491,1513,1684,1650,0,0,0,0,0,0,0,32,8,-80,-15,138,,,,,,,,,,,,,,,,,,,,,,,,,,,,,,,,,,,,,,,,,,,,,,,,,,,,,,,,,,,,,,,,,,,,,,,,,,,
41303,640,571,52,-258,1114,49398,21390,2499,865,-267,2,184,-63,0,13628,1073,-128,163,13628,1561,1455,1692,1631,0,0,0,0,0,0,0,3,34,12,-55,137,,,,,,,,,,,,,,,,,,,,,,,,,,,,,,,,,,,,,,,,,,,,,,,,,,,,,,,,,,,,,,,,,,,,,,,,,,,
41350,2589,1405,-460,-64,1097,54342,15470,3048,507,-104,2,146,-45,0,13628,1061,-107,163,13628,1590,1430,1694,1621,0,0,0,0,0,0,0,-8,37,57,-18,141,,,,,,,,,,,,,,,,,,,,,,,,,,,,,,,,,,,,,,,,,,,,,,,,,,,,,,,,,,,,,,,,,,,,,,,,,,,
41403,4573,1765,220,-346,1266,35299,19743,-674,61,-9,0,92,-32,0,14404,1061,-88,235,14404,1577,1405,1737,1636,0,0,0,0,0,0,0,13,32,10,31,135,,,,,,,,,,,,,,,,,,,,,,,,,,,,,,,,,,,,,,,,,,,,,,,,,,,,,,,,,,,,,,,,,,,,,,,,,,,
41450,4614,1566,-255,-14,1040,386,333,607,-11,4,-2,78,-26,0,14800,1051,-81,271,14800,1508,1547,1692,1702,0,0,0,0,0,0,0,16,48,9,0,129,,,,,,,,,,,,,,,,,,,,,,,,,,,,,,,,,,,,,,,,,,,,,,,,,,,,,,,,,,,,,,,,,,,,,,,,,,,
41503,3991,1551,76,55,919,-284,4911,1644,18,34,0,73,-20,0,14844,1048,-87,276,14844,1562,1512,1719,1662,0,0,0,0,0,0,0,12,35,23,33,129,,,,,,,,,,,,,,,,,,,,,,,,,,,,,,,,,,,,,,,,,,,,,,,,,,,,,,,,,,,,,,,,,,,,,,,,,,,
41550,3344,1793,-321,186,951,4049,2042,2255,-162,142,0,25,-2,0,14933,1041,-78,284,14933,1595,1489,1711,1668,0,0,0,0,0,0,0,1,36,57,31,133,,,,,,,,,,,,,,,,,,,,,,,,,,,,,,,,,,,,,,,,,,,,,,,,,,,,,,,,,,,,,,,,,,,,,,,,,,,
41603,2398,714,325,-64,679,1058,1371,-2505,-153,48,0,11,-2,0,14889,1035,-104,280,14889,1556,1460,1741,1690,0,0,0,0,0,0,0,50,52,-77,-11,135,,,,,,,,,,,,,,,,,,,,,,,,,,,,,,,,,,,,,,,,,,,,,,,,,,,,,,,,,,,,,,,,,,,,,,,,,,,
41650,2450,1243,-397,307,1100,-15909,-3877,2011,-213,98,2,0,-2,0,14889,1015,-104,280,14889,1542,1543,1704,1674,0,0,0,0,0,0,0,-10,7,84,100,138,,,,,,,,,,,,,,,,,,,,,,,,,,,,,,,,,,,,,,,,,,,,,,,,,,,,,,,,,,,,,,,,,,,,,,,,,,,
41703,1243,727,616,-498,1636,-5411,4911,-1345,-108,49,0,0,-2,0,14933,996,-122,284,14933,1558,1477,1744,1674,0,0,0,0,0,0,0,26,39,-16,0,134,,,,,,,,,,,,,,,,,,,,,,,,,,,,,,,,,,,,,,,,,,,,,,,,,,,,,,,,,,,,,,,,,,,,,,,,,,,
41750,702,418,59,-245,1521,-9134,-8394,1217,-71,33,-2,-2,0,0,14978,996,-111,287,14978,1552,1517,1691,1700,0,0,0,0,0,0,0,27,40,-25,-13,134,,,,,,,,,,,,,,,,,,,,,,,,,,,,,,,,,,,,,,,,,,,,,,,,,,,,,,,,,,,,,,,,,,,,,,,,,,,
41803,45,-193,715,-446,981,-7791,-6624,-1345,-10,-20,2,-1,0,0,14933,970,-127,284,14933,1526,1510,1700,1716,0,0,0,0,0,0,0,49,52,-93,-58,135,,,,,,,,,,,,,,,,,,,,,,,,,,,,,,,,,,,,,,,,,,,,,,,,,,,,,,,,,,,,,,,,,,,,,,,,,,,
41850,-191,-25,-57,-98,951,-10599,-6318,973,6,-5,2,-2,0,0,14889,966,-114,280,14889,1547,1524,1705,1685,0,0,0,0,0,0,0,7,28,14,-4,128,,,,,,,,,,,,,,,,,,,,,,,,,,,,,,,,,,,,,,,,,,,,,,,,,,,,,,,,,,,,,,,,,,,,,,,,,,,
41903,-451,-342,254,-57,850,-5228,-6380,3109,32,-33,2,-1,0,0,14933,978,-142,284,14933,1559,1544,1680,1687,0,0,0,0,0,0,0,25,28,-38,-11,134,,,,,,,,,,,,,,,,,,,,,,,,,,,,,,,,,,,,,,,,,,,,,,,,,,,,,,,,,,,,,,,,,,,,,,,,,,,
41950,-35,214,132,-230,953,-3885,-7844,973,-10,15,0,-2,0,0,14933,971,-102,284,14933,1542,1531,1695,1696,0,0,0,0,0,0,0,0,21,25,8,128,,,,,,,,,,,,,,,,,,,,,,,,,,,,,,,,,,,,,,,,,,,,,,,,,,,,,,,,,,,,,,,,,,,,,,,,,,,
42003,135,239,79,50,962,1607,-1069,57,-39,20,2,-5,0,0,14978,966,-59,287,14978,1561,1496,1711,1687,0,0,0,0,0,0,0,13,21,-10,6,124,,,,,,,,,,,,,,,,,,,,,,,,,,,,,,,,,,,,,,,,,,,,,,,,,,,,,,,,,,,,,,,,,,,,,,,,,,,
42050,296,162,-181,140,991,-4312,-9004,2377,-39,35,2,-2,4,0,14933,974,5,284,14933,1550,1545,1684,1691,0,0,0,0,0,0,0,3,15,12,19,127,,,,,,,,,,,,,,,,,,,,,,,,,,,,,,,,,,,,,,,,,,,,,,,,,,,,,,,,,,,,,,,,,,,,,,,,,,,
42103,659,-319,212,120,1004,20,-3206,-430,-61,-24,0,0,0,0,14978,975,60,287,14978,1551,1502,1706,1704,0,0,0,0,0,0,0,9,-3,-11,67,127,,,,,,,,,,,,,,,,,,,,,,,,,,,,,,,,,,,,,,,,,,,,,,,,,,,,,,,,,,,,,,,,,,,,,,,,,,,
42150,267,-324,-169,181,1080,-4251,-7356,-3,-44,-14,0,-4,2,0,14933,957,72,284,14933,1556,1501,1706,1697,0,0,0,0,0,0,0,0,10,5,22,128,,,,,,,,,,,,,,,,,,,,,,,,,,,,,,,,,,,,,,,,,,,,,,,,,,,,,,,,,,,,,,,,,,,,,,,,,,,
42203,-540,-679,215,-173,803,-10172,-9981,1644,33,-48,0,-2,2,0,14933,990,121,284,14933,1528,1553,1673,1711,0,0,0,0,0,0,0,13,30,-36,-39,135,,,,,,,,,,,,,,,,,,,,,,,,,,,,,,,,,,,,,,,,,,,,,,,,,,,,,,,,,,,,,,,,,,,,,,,,,,,
42250,-422,-85,-39,-127,1202,-5411,-9248,1828,22,-3,0,-2,0,0,15022,976,172,291,15022,1540,1549,1684,1701,0,0,0,0,0,0,0,-15,18,40,-5,132,,,,,,,,,,,,,,,,,,,,,,,,,,,,,,,,,,,,,,,,,,,,,,,,,,,,,,,,,,,,,,,,,,,,,,,,,,,
42303,952,1270,-176,526,697,8321,272,-2261,-97,114,10,-2,0,0,15157,996,143,304,15157,1577,1465,1735,1694,0,0,0,0,0,0,0,-44,-34,119,140,135,,,,,,,,,,,,,,,,,,,,,,,,,,,,,,,,,,,,,,,,,,,,,,,,,,,,,,,,,,,,,,,,,,,,,,,,,,,
42350,904,788,143,-105,1228,-8218,-14802,-1528,-127,75,2,-9,1,0,14978,1002,177,287,14978,1516,1525,1686,1734,0,0,0,0,0,0,0,-9,4,16,32,134,,,,,,,,,,,,,,,,,,,,,,,,,,,,,,,,,,,,,,,,,,,,,,,,,,,,,,,,,,,,,,,,,,,,,,,,,,,
42403,570,-104,319,-111,1301,-12308,-10042,180,-161,-5,2,-22,0,0,14978,1016,216,287,14978,1528,1538,1693,1711,0,0,0,0,0,0,0,3,11,-29,2,135,,,,,,,,,,,,,,,,,,,,,,,,,,,,,,,,,,,,,,,,,,,,,,,,,,,,,,,,,,,,,,,,,,,,,,,,,,,
42450,527,-215,192,-88,964,-15665,-10225,729,-293,-11,-2,-49,1,0,14978,990,166,287,14978,1542,1527,1697,1702,0,0,0,0,0,0,0,-10,3,-2,15,135,,,,,,,,,,,,,,,,,,,,,,,,,,,,,,,,,,,,,,,,,,,,,,,,,,,,,,,,,,,,,,,,,,,,,,,,,,,
42503,156,-308,-368,329,1070,-4434,7536,-5740,-296,-23,0,-56,0,0,14889,1007,150,280,14889,1555,1406,1769,1696,0,0,0,0,0,0,0,-27,-10,40,41,138,,,,,,,,,,,,,,,,,,,,,,,,,,,,,,,,,,,,,,,,,,,,,,,,,,,,,,,,,,,,,,,,,,,,,,,,,,,
42550,170,485,-9,170,914,-8890,89,-2932,-301,45,0,-57,0,0,14933,1010,134,284,14933,1550,1458,1729,1708,0,0,0,0,0,0,0,-39,-29,73,81,131,,,,,,,,,,,,,,,,,,,,,,,,,,,,,,,,,,,,,,,,,,,,,,,,,,,,,,,,,,,,,,,,,,,,,,,,,,,
42603,-288,146,103,-9,1009,-17801,-6380,-796,-288,16,4,-62,0,0,14978,1018,160,287,14978,1540,1508,1708,1706,0,0,0,0,0,0,0,-24,-24,25,51,136,,,,,,,,,,,,,,,,,,,,,,,,,,,,,,,,,,,,,,,,,,,,,,,,,,,,,,,,,,,,,,,,,,,,,,,,,,,
42650,-485,80,102,218,1050,-16519,-2534,-735,-275,6,2,-63,0,0,14978,1045,186,287,14978,1547,1499,1717,1698,0,0,0,0,0,0,0,-20,-32,9,59,134,,,,,,,,,,,,,,,,,,,,,,,,,,,,,,,,,,,,,,,,,,,,,,,,,,,,,,,,,,,,,,,,,,,,,,,,,,,
42703,-304,1130,-331,272,1034,-7242,5399,-5618,-147,98,-2,-34,0,0,14933,1027,210,98,77,139,,,,,,,,,,,,,,,,,,,,,,,,,,,,,,,,,,,,,,,,,,,,,,,,,,,,,,,,,,,,,,,,,,,,,,,,,,,,,,,,,,,,,,,,,,
42750,-850,687,167,168,876,-3702,-1069,-2078,7,28,0,-13,-6,0,14933,1070,266,284,14933,1540,1483,1717,1718,0,0,0,0,0,0,0,-8,-28,-19,29,134,,,,,,,,,,,,,,,,,,,,,,,,,,,,,,,,,,,,,,,,,,,,,,,,,,,,,,,,,,,,,,,,,,,,,,,,,,,
42803,-1049,190,-156,141,1075,2645,1127,-1712,70,-53,2,-4,-13,0,14933,1084,284,284,14933,1547,1478,1723,1703,0,0,0,0,0,0,0,-11,-15,-16,-9,138,,,,,,,,,,,,,,,,,,,,,,,,,,,,,,,,,,,,,,,,,,,,,,,,,,,,,,,,,,,,,,,,,,,,,,,,,,,
42850,316,486,262,-36,1194,12960,10465,-2871,-52,-86,-2,-4,-25,0,14889,1127,383,280,14889,1564,1431,1732,1709,0,0,0,0,0,0,0,-6,-32,-22,44,138,,,,,,,,,,,,,,,,,,,,,,,,,,,,,,,,,,,,,,,,,,,,,,,,,,,,,,,,,,,,,,,,,,,,,,,,,,,
42903,1214,1524,114,-96,1333,-345,10465,-2810,208,-188,-2,62,-64,0,14889,1098,319,280,14889,1429,1565,1710,1732,0,0,0,0,0,0,0,-24,-30,32,45,140,,,,,,,,,,,,,,,,,,,,,,,,,,,,,,,,,,,,,,,,,,,,,,,,,,,,,,,,,,,,,,,,,,,,,,,,,,,
42950,758,1529,524,-273,936,8504,6925,-369,139,-253,-4,41,-77,0,14844,1112,292,276,14844,1557,1473,1700,1715,0,0,0,0,0,0,0,2,2,-34,-47,135,,,,,,,,,,,,,,,,,,,,,,,,,,,,,,,,,,,,,,,,,,,,,,,,,,,,,,,,,,,,,,,,,,,,,,,,,,,
43003,1671,2158,-427,252,868,23641,18949,-4458,304,-307,-2,90,-99,0,13628,1147,306,163,13628,1516,1378,1725,1684,0,0,0,0,0,0,0,-31,-31,68,58,141,,,,,,,,,,,,,,,,,,,,,,,,,,,,,,,,,,,,,,,,,,,,,,,,,,,,,,,,,,,,,,,,,,,,,,,,,,,
43050,2585,2563,-236,275,732,27913,30119,546,308,-317,-2,106,-108,0,13628,1130,236,163,13628,1538,1439,1706,1648,0,0,0,0,0,0,0,-14,-23,43,56,141,,,,,,,,,,,,,,,,,,,,,,,,,,,,,,,,,,,,,,,,,,,,,,,,,,,,,,,,,,,,,,,,,,,,,,,,,,,
43103,3027,2518,-5,72,1360,18697,23527,-308,105,-251,0,74,-94,0,13543,1139,241,155,13543,1532,1431,1702,1659,0,0,0,0,0,0,0,11,-3,-11,21,136,,,,,,,,,,,,,,,,,,,,,,,,,,,,,,,,,,,,,,,,,,,,,,,,,,,,,,,,,,,,,,,,,,,,,,,,,,,
43150,3484,2946,131,-50,1304,9603,20109,-1467,-171,-95,-2,26,-70,0,13543,1154,210,155,13543,1518,1423,1702,1671,0,0,0,0,0,0,0,6,-1,19,28,137,,,,,,,,,,,,,,,,,,,,,,,,,,,,,,,,,,,,,,,,,,,,,,,,,,,,,,,,,,,,,,,,,,,,,,,,,,,
43203,3813,4476,-53,-91,1085,-21707,-1008,3598,-315,69,-4,3,-64,0,13500,1168,191,152,13500,1480,1539,1630,1683,0,0,0,0,0,0,0,-4,-9,62,47,137,,,,,,,,,,,,,,,,,,,,,,,,,,,,,,,,,,,,,,,,,,,,,,,,,,,,,,,,,,,,,,,,,,,,,,,,,,,
43250,2002,3362,-364,151,1156,-13284,4789,1156,-122,77,2,10,-43,0,13500,1181,215,152,13500,1508,1482,1683,1654,0,0,0,0,0,0,0,18,0,1,2,134,,,,,,,,,,,,,,,,,,,,,,,,,,,,,,,,,,,,,,,,,,,,,,,,,,,,,,,,,,,,,,,,,,,,,,,,,,,
43303,809,2398,426,-13,808,-345,1005,3414,-56,73,-2,2,-27,0,13500,1215,206,152,13500,1549,1470,1657,1656,0,0,0,0,0,0,0,34,3,-42,-14,132,,,,,,,,,,,,,,,,,,,,,,,,,,,,,,,,,,,,,,,,,,,,,,,,,,,,,,,,,,,,,,,,,,,,,,,,,,,
43350,1674,2644,6,266,605,-2725,-1924,2011,-128,101,2,3,-25,0,13458,1209,190,148,13458,1536,1465,1673,1650,0,0,0,0,0,0,0,0,-45,49,116,134,,,,,,,,,,,,,,,,,,,,,,,,,,,,,,,,,,,,,,,,,,,,,,,,,,,,,,,,,,,,,,,,,,,,,,,,,,,
43403,1180,1842,0,11,1055,-7852,-1497,2133,-89,38,0,2,-24,0,13500,1249,264,152,13500,1504,1503,1672,1653,0,0,0,0,0,0,0,15,-12,2,20,131,,,,,,,,,,,,,,,,,,,,,,,,,,,,,,,,,,,,,,,,,,,,,,,,,,,,,,,,,,,,,,,,,,,,,,,,,,,
43450,926,1318,-301,-104,914,-7669,-459,1034,-73,-3,0,1,-23,0,13458,1254,231,148,13458,1503,1487,1673,1661,0,0,0,0,0,0,0,-5,-11,54,10,134,,,,,,,,,,,,,,,,,,,,,,,,,,,,,,,,,,,,,,,,,,,,,,,,,,,,,,,,,,,,,,,,,,,,,,,,,,,
43503,518,605,627,-156,795,-8890,-5769,2011,-38,-58,0,1,-22,0,13500,1263,209,152,13500,1501,1506,1631,1689,0,0,0,0,0,0,0,40,0,-71,-27,134,,,,,,,,,,,,,,,,,,,,,,,,,,,,,,,,,,,,,,,,,,,,,,,,,,,,,,,,,,,,,,,,,,,,,,,,,,,
43550,259,557,284,-37,648,-6754,-4548,1095,-19,-59,2,0,-21,0,13500,1291,243,152,13500,1511,1488,1648,1682,0,0,0,0,0,0,0,29,-12,-45,1,133,,,,,,,,,,,,,,,,,,,,,,,,,,,,,,,,,,,,,,,,,,,,,,,,,,,,,,,,,,,,,,,,,,,,,,,,,,,
43603,190,227,-252,-50,955,-3092,-1253,2560,-20,-81,2,0,-20,0,13458,1299,209,148,13458,1534,1486,1656,1655,0,0,0,0,0,0,0,6,-29,12,41,133,,,,,,,,,,,,,,,,,,,,,,,,,,,,,,,,,,,,,,,,,,,,,,,,,,,,,,,,,,,,,,,,,,,,,,,,,,,
43650,544,453,-320,-26,1077,-7547,-1558,5123,-47,-54,2,0,-18,0,13458,1285,169,148,13458,1524,1538,1622,1657,0,0,0,0,0,0,0,2,-23,26,23,134,,,,,,,,,,,,,,,,,,,,,,,,,,,,,,,,,,,,,,,,,,,,,,,,,,,,,,,,,,,,,,,,,,,,,,,,,,,
43703,-155,696,-172,-29,807,-3824,1005,1583,13,-33,0,0,-18,0,13458,1308,175,148,13458,1521,1489,1672,1650,0,0,0,0,0,0,0,-8,-5,56,-28,133,,,,,,,,,,,,,,,,,,,,,,,,,,,,,,,,,,,,,,,,,,,,,,,,,,,,,,,,,,,,,,,,,,,,,,,,,,,
43750,-199,464,-260,64,678,-2542,-3511,3903,13,-46,0,0,-17,0,13500,1313,131,152,13500,1540,1506,1645,1648,0,0,0,0,0,0,0,-18,-23,78,20,134,,,,,,,,,,,,,,,,,,,,,,,,,,,,,,,,,,,,,,,,,,,,,,,,,,,,,,,,,,,,,,,,,,,,,,,,,,,
43803,-205,-128,378,0,981,1973,-2046,2621,52,-105,2,6,-18,0,13500,1309,67,152,13500,1539,1492,1642,1663,0,0,0,0,0,0,0,27,-10,-47,-13,133,,,,,,,,,,,,,,,,,,,,,,,,,,,,,,,,,,,,,,,,,,,,,,,,,,,,,,,,,,,,,,,,,,,,,,,,,,,
43850,-263,-199,712,-350,1255,1729,2409,3475,64,-104,0,8,-17,0,13458,1303,25,148,13458,1537,1506,1641,1651,0,0,0,0,0,0,0,32,-2,-56,-30,135,,,,,,,,,,,,,,,,,,,,,,,,,,,,,,,,,,,,,,,,,,,,,,,,,,,,,,,,,,,,,,,,,,,,,,,,,,,
43903,59,354,99,-167,896,1058,272,4208,193,-63,2,39,-18,0,13500,1293,-44,152,13500,1515,1545,1629,1652,0,0,0,0,0,0,0,22,1,-24,-34,130,,,,,,,,,,,,,,,,,,,,,,,,,,,,,,,,,,,,,,,,,,,,,,,,,,,,,,,,,,,,,,,,,,,,,,,,,,,
43950,251,433,214,-285,863,15706,4179,2865,222,-52,0,48,-18,0,13500,1301,-42,152,13500,1546,1494,1652,1646,0,0,0,0,0,0,0,26,19,-28,-69,135,,,,,,,,,,,,,,,,,,,,,,,,,,,,,,,,,,,,,,,,,,,,,,,,,,,,,,,,,,,,,,,,,,,,,,,,,,,
44003,1530,934,230,-267,1188,14425,3751,1705,334,-2,0,93,-16,0,13458,1272,-68,148,13458,1498,1524,1657,1652,0,0,0,0,0,0,0,14,-7,10,20,134,,,,,,,,,,,,,,,,,,,,,,,,,,,,,,,,,,,,,,,,,,,,,,,,,,,,,,,,,,,,,,,,,,,,,,,,,,,
44050,1702,1013,-303,-62,1279,25106,3385,-247,364,-26,2,102,-23,0,13500,1274,-120,152,13500,1531,1463,1657,1672,0,0,0,0,0,0,0,18,20,2,-38,138,,,,,,,,,,,,,,,,,,,,,,,,,,,,,,,,,,,,,,,,,,,,,,,,,,,,,,,,,,,,,,,,,,,,,,,,,,,
44103,2476,506,283,-277,863,20589,-398,1400,286,-77,2,100,-24,0,13500,1278,-132,152,13500,1522,1501,1639,1672,0,0,0,0,0,0,0,33,18,-40,-10,138,,,,,,,,,,,,,,,,,,,,,,,,,,,,,,,,,,,,,,,,,,,,,,,,,,,,,,,,,,,,,,,,,,,,,,,,,,,
44150,3515,432,-47,287,636,18148,5704,1339,171,-80,0,95,-23,0,13500,1274,-118,152,13500,1544,1475,1672,1641,0,0,0,0,0,0,0,17,-12,0,88,134,,,,,,,,,,,,,,,,,,,,,,,,,,,,,,,,,,,,,,,,,,,,,,,,,,,,,,,,,,,,,,,,,,,,,,,,,,,
44203,4439,1217,-254,152,928,13814,7719,-2078,-90,22,0,59,-16,0,13458,1273,-113,148,13458,1558,1404,1705,1648,0,0,0,0,0,0,0,-6,-20,71,119,138,,,,,,,,,,,,,,,,,,,,,,,,,,,,,,,,,,,,,,,,,,,,,,,,,,,,,,,,,,,,,,,,,,,,,,,,,,,
44250,3973,1649,-493,327,990,-4801,-4304,1095,-112,70,0,46,-14,0,13500,1264,-168,152,13500,1522,1495,1642,1672,0,0,0,0,0,0,0,-6,2,72,57,136,,,,,,,,,,,,,,,,,,,,,,,,,,,,,,,,,,,,,,,,,,,,,,,,,,,,,,,,,,,,,,,,,,,,,,,,,,,
44303,3388,974,47,228,811,-3885,-4060,1522,-124,39,2,34,-9,0,13458,1246,-262,148,13458,1549,1473,1648,1659,0,0,0,0,0,0,0,22,-7,-9,80,133,,,,,,,,,,,,,,,,,,,,,,,,,,,,,,,,,,,,,,,,,,,,,,,,,,,,,,,,,,,,,,,,,,,,,,,,,,,
44350,2566,86,207,-12,649,-14993,-8455,1461,-112,-6,0,22,-2,0,13500,1225,-318,152,13500,1497,1527,1638,1673,0,0,0,0,0,0,0,41,8,-67,28,134,,,,,,,,,,,,,,,,,,,,,,,,,,,,,,,,,,,,,,,,,,,,,,,,,,,,,,,,,,,,,,,,,,,,,,,,,,,
44403,1678,139,-258,-57,854,-8402,333,-1834,-101,5,-2,9,-1,0,13458,1245,-289,148,13458,1513,1458,1696,1655,0,0,0,0,0,0,0,13,24,6,-19,133,,,,,,,,,,,,,,,,,,,,,,,,,,,,,,,,,,,,,,,,,,,,,,,,,,,,,,,,,,,,,,,,,,,,,,,,,,,
44450,1704,823,-354,58,865,-6693,-2107,-1101,-141,64,-2,1,-1,0,13500,1192,-359,152,13500,1536,1443,1678,1665,0,0,0,0,0,0,0,-8,-2,64,45,135,,,,,,,,,,,,,,,,,,,,,,,,,,,,,,,,,,,,,,,,,,,,,,,,,,,,,,,,,,,,,,,,,,,,,,,,,,,
44503,1074,233,-83,299,803,-6204,-3999,-1406,-86,13,-4,1,-1,0,13458,1198,-358,148,13458,1527,1443,1671,1676,0,0,0,0,0,0,0,5,-9,24,58,133,,,,,,,,,,,,,,,,,,,,,,,,,,,,,,,,,,,,,,,,,,,,,,,,,,,,,,,,,,,,,,,,,,,,,,,,,,,
44550,882,254,262,51,1204,-7913,-2778,-125,-76,15,-4,0,-1,0,13458,1180,-386,148,13458,1526,1466,1669,1663,0,0,0,0,0,0,0,8,-1,15,29,131,,,,,,,,,,,,,,,,,,,,,,,,,,,,,,,,,,,,,,,,,,,,,,,,,,,,,,,,,,,,,,,,,,,,,,,,,,,
44603,263,938,-319,-39,1169,-2542,5399,-1345,-22,74,-2,0,-1,0,13458,1158,-387,148,13458,1517,1460,1702,1644,0,0,0,0,0,0,0,-3,18,51,-27,135,,,,,,,,,,,,,,,,,,,,,,,,,,,,,,,,,,,,,,,,,,,,,,,,,,,,,,,,,,,,,,,,,,,,,,,,,,,
44650,93,656,-197,-154,840,-4434,-5037,1889,-8,50,0,0,-1,0,13585,1142,-386,159,13585,1526,1507,1641,1671,0,0,0,0,0,0,0,10,18,12,-31,132,,,,,,,,,,,,,,,,,,,,,,,,,,,,,,,,,,,,,,,,,,,,,,,,,,,,,,,,,,,,,,,,,,,,,,,,,,,
44703,190,162,-41,238,810,-5594,-9248,790,-2,3,2,2,-2,0,13884,1112,-427,188,13884,1521,1513,1650,1686,0,0,0,0,0,0,0,15,1,-5,14,127,,,,,,,,,,,,,,,,,,,,,,,,,,,,,,,,,,,,,,,,,,,,,,,,,,,,,,,,,,,,,,,,,,,,,,,,,,,
44750,-276,-172,259,-291,987,-4495,2286,-674,65,-22,0,8,-1,0,14360,1095,-422,231,14360,1519,1517,1705,1668,0,0,0,0,0,0,0,23,23,-26,-45,135,,,,,,,,,,,,,,,,,,,,,,,,,,,,,,,,,,,,,,,,,,,,,,,,,,,,,,,,,,,,,,,,,,,,,,,,,,,
44803,271,219,-265,88,1039,4781,4667,-5679,46,8,0,13,-2,0,15022,1078,-462,291,15022,1533,1458,1743,1710,0,0,0,0,0,0,0,9,1,15,17,128,,,,,,,,,,,,,,,,,,,,,,,,,,,,,,,,,,,,,,,,,,,,,,,,,,,,,,,,,,,,,,,,,,,,,,,,,,,
44850,921,385,-69,318,810,4110,-6441,-4275,-10,23,0,13,-2,0,14978,1050,-451,287,14978,1546,1464,1705,1735,0,0,0,0,0,0,0,6,-17,22,73,132,,,,,,,,,,,,,,,,,,,,,,,,,,,,,,,,,,,,,,,,,,,,,,,,,,,,,,,,,,,,,,,,,,,,,,,,,,,
44903,1217,613,-383,-35,1168,-2115,-2412,-4885,-32,43,2,14,-2,0,14978,1032,-370,287,14978,1527,1475,1740,1707,0,0,0,0,0,0,0,-12,-5,68,40,137,,,,,,,,,,,,,,,,,,,,,,,,,,,,,,,,,,,,,,,,,,,,,,,,,,,,,,,,,,,,,,,,,,,,,,,,,,,
44950,1331,339,-111,287,841,509,-642,-2688,-18,22,2,19,-1,0,14978,1031,-297,287,14978,1547,1485,1719,1706,0,0,0,0,0,0,0,0,-20,33,78,132,,,,,,,,,,,,,,,,,,,,,,,,,,,,,,,,,,,,,,,,,,,,,,,,,,,,,,,,,,,,,,,,,,,,,,,,,,,
45003,794,203,-189,38,1123,-711,-5586,-4458,63,10,2,26,-1,0,14978,1015,-252,287,14978,1530,1478,1729,1717,0,0,0,0,0,0,0,-3,0,35,20,131,,,,,,,,,,,,,,,,,,,,,,,,,,,,,,,,,,,,,,,,,,,,,,,,,,,,,,,,,,,,,,,,,,,,,,,,,,,
45050,1068,297,-61,220,812,5574,-1741,-3482,42,29,-2,27,0,0,14800,987,-238,271,14800,1546,1457,1720,1711,0,0,0,0,0,0,0,1,-9,20,49,130,,,,,,,,,,,,,,,,,,,,,,,,,,,,,,,,,,,,,,,,,,,,,,,,,,,,,,,,,,,,,,,,,,,,,,,,,,,
45103,1549,1480,-484,11,995,4110,516,-5496,14,118,0,30,-2,0,15022,1000,-210,291,15022,1529,1457,1756,1704,0,0,0,0,0,0,0,-40,-6,135,47,134,,,,,,,,,,,,,,,,,,,,,,,,,,,,,,,,,,,,,,,,,,,,,,,,,,,,,,,,,,,,,,,,,,,,,,,,,,,
45150,2302,1950,-149,279,653,1729,-5281,-1956,-57,163,0,28,-1,0,15022,979,-192,291,15022,1554,1482,1721,1704,0,0,0,0,0,0,0,-36,-37,121,130,139,,,,,,,,,,,,,,,,,,,,,,,,,,,,,,,,,,,,,,,,,,,,,,,,,,,,,,,,,,,,,,,,,,,,,,,,,,,
45203,1748,1195,13,-56,1122,-2847,-12727,-3482,-5,97,-10,29,-1,0,14978,991,-145,287,14978,1528,1477,1717,1731,0,0,0,0,0,0,0,-5,-1,27,29,136,,,,,,,,,,,,,,,,,,,,,,,,,,,,,,,,,,,,,,,,,,,,,,,,,,,,,,,,,,,,,,,,,,,,,,,,,,,
45250,1688,1257,288,9,1066,264,-8699,-2444,2,109,2,30,0,0,14978,965,-137,287,14978,1553,1474,1720,1708,0,0,0,0,0,0,0,-9,-2,31,31,129,,,,,,,,,,,,,,,,,,,,,,,,,,,,,,,,,,,,,,,,,,,,,,,,,,,,,,,,,,,,,,,,,,,,,,,,,,,
45303,1745,1130,-417,59,1091,2889,-886,-5191,-5,98,0,29,0,0,14667,965,-118,260,14667,1531,1432,1748,1699,0,0,0,0,0,0,0,-29,-16,78,71,133,,,,,,,,,,,,,,,,,,,,,,,,,,,,,,,,,,,,,,,,,,,,,,,,,,,,,,,,,,,,,,,,,,,,,,,,,,,
45350,1728,260,-78,192,771,814,-4365,-1834,9,19,0,32,0,0,13713,953,-131,172,13713,1506,1457,1686,1689,0,0,0,0,0,0,0,-6,-17,11,72,129,,,,,,,,,,,,,,,,,,,,,,,,,,,,,,,,,,,,,,,,,,,,,,,,,,,,,,,,,,,,,,,,,,,,,,,,,,,
45403,1435,46,-67,-54,852,-2054,-1619,-1101,35,7,2,32,0,0,13670,953,-147,168,13670,1507,1469,1695,1670,0,0,0,0,0,0,0,-16,-1,31,27,130,,,,,,,,,,,,,,,,,,,,,,,,,,,,,,,,,,,,,,,,,,,,,,,,,,,,,,,,,,,,,,,,,,,,,,,,,,,
45450,1251,-185,294,-148,1228,4537,5888,-796,-14,-12,2,18,0,0,13628,952,-92,163,13628,1537,1434,145503,1493,-21,-192,234,828,1058,333,729,-43,-1,0,17,0,0,13585,949,-126,159,13585,1529,1465,1671,1669,0,0,0,0,0,0,0,-2,-6,-2,42,128,,,,,,,,,,,,,,,,,,,,,,,,,,,,,,,,,,,,,,,,,,,,,,,,,,,,,
45550,1654,631,-245,49,1014,-5594,-3267,729,-53,48,2,18,-1,0,13628,943,-101,163,13628,1504,1495,1662,1679,0,0,0,0,0,0,0,-23,0,57,24,132,,,,,,,,,,,,,,,,,,,,,,,,,,,,,,,,,,,,,,,,,,,,,,,,,,,,,,,,,,,,,,,,,,,,,,,,,,,
45603,1282,187,427,-111,718,-3519,-3389,-3604,-24,9,0,17,-1,0,13628,935,-138,163,13628,1476,1453,1684,1709,0,0,0,0,0,0,0,24,21,-71,-33,135,,,,,,,,,,,,,,,,,,,,,,,,,,,,,,,,,,,,,,,,,,,,,,,,,,,,,,,,,,,,,,,,,,,,,,,,,,,
45650,1231,125,117,-6,985,-1322,-4854,-308,-27,7,2,16,0,0,13670,918,-152,168,13670,1522,1460,1674,1682,0,0,0,0,0,0,0,3,7,-18,2,127,,,,,,,,,,,,,,,,,,,,,,,,,,,,,,,,,,,,,,,,,,,,,,,,,,,,,,,,,,,,,,,,,,,,,,,,,,,
45703,1250,408,-321,161,1020,6734,9000,-4275,-32,32,2,15,0,0,13585,919,-135,159,13585,1525,1381,1736,1660,0,0,0,0,0,0,0,-27,-15,6645750,1208,941,-105,153,757,-955,-4243,-552,72,47,2,35,-6,0,13543,912,-171,155,135431,0,0,0,0,0,0,0,-30,-12,75,53,133,,,,,,,,,,,,,,,,,,,,,,,,,,,,,,,,,,,,,,,,,,,,,,
45803,1157,355,-130,64,951,997,-6807,-979,150,0,-2,50,-6,0,13884,869,-223,188,13884,1491,1471,1674,1691,0,0,0,0,0,0,0,-8,-6,8,36,129,,,,,,,,,,,,,,,,,,,,,,,,,,,,,,,,,,,,,,,,,,,,,,,,,,,,,,,,,,,,,,,,,,,,,,,,,,,
45850,1919,365,-430,236,834,7833,-2168,-125,80,-2,0,49,-6,0,14404,881,-239,235,14404,1556,1462,1703,1685,0,0,0,0,0,0,0,-23,-32,45,110,134,,,,,,,,,,,,,,,,,,,,,,,,,,,,,,,,,,,,,,,,,,,,,,,,,,,,,,,,,,,,,,,,,,,,,,,,,,,
45903,1636,-304,833,-446,1189,15218,7291,-3665,70,-33,0,42,-1,0,14933,882,-193,284,14933,1551,1441,1739,1709,0,0,0,0,0,0,0,19,17,-69,-16,137,,,,,,,,,,,,,,,,,,,,,,,,,,,,,,,,,,,,,,,,,,,,,,,,,,,,,,,,,,,,,,,,,,,,,,,,,,,
45950,2580,939,159,-93,1402,6551,6193,-3237,-33,74,-2,38,-1,0,14933,879,-231,284,14933,1532,1468,1739,1708,0,0,0,0,0,0,0,-35,-16,82,81,135,,,,,,,,,,,,,,,,,,,,,,,,,,,,,,,,,,,,,,,,,,,,,,,,,,,,,,,,,,,,,,,,,,,,,,,,,,,
46003,2417,974,119,-8,998,-11392,-8394,1766,-50,81,-4,32,0,0,14933,837,-241,284,14933,1517,1558,1682,1715,0,0,0,0,0,0,0,-12,-2,18,42,133,,,,,,,,,,,,,,,,,,,,,,,,,,,,,,,,,,,,,,,,,,,,,,,,,,,,,,,,,,,,,,,,,,,,,,,,,,,
46050,2167,1161,-202,128,920,-3397,-3816,-2505,-35,97,-2,30,0,0,14933,853,-172,284,14933,1520,1490,1723,1717,0,0,0,0,0,0,0,-33,-3,72,43,136,,,,,,,,,,,,,,,,,,,,,,,,,,,,,,,,,,,,,,,,,,,,,,,,,,,,,,,,,,,,,,,,,,,,,,,,,,,
46103,1749,1017,490,54,1510,3804,394,-674,-6,85,-2,29,0,0,14978,841,-88,287,14978,1552,1485,1722,1699,0,0,0,0,0,0,0,-4,10,-2,8,127,,,,,,,,,,,,,,,,,,,,,,,,,,,,,,,,,,,,,,,,,,,,,,,,,,,,,,,,,,,,,,,,,,,,,,,,,,,
46150,2308,1554,86,115,1019,4903,2103,-3543,-58,128,2,28,-1,0,14978,846,-114,287,14978,1534,1462,1737,1713,0,0,0,0,0,0,0,-19,-9,36,66,134,,,,,,,,,,,,,,,,,,,,,,,,,,,,,,,,,,,,,,,,,,,,,,,,,,,,,,,,,,,,,,,,,,,,,,,,,,,
46203,2010,1173,89,50,1230,-8218,-7173,851,-42,102,0,26,0,0,14978,822,-117,287,14978,1531,1530,1695,1710,0,0,0,0,0,0,0,-8,4,5,26,129,,,,,,,,,,,,,,,,,,,,,,,,,,,,,,,,,,,,,,,,,,,,,,,,,,,,,,,,,,,,,,,,,,,,,,,,,,,
46250,1538,889,-226,73,913,-4739,-6013,119,29,74,-4,32,0,0,14933,810,-97,284,14933,1529,1515,1707,1707,0,0,0,0,0,0,0,-16,19,23,-16,131,,,,,,,,,,,,,,,,,,,,,,,,,,,,,,,,,,,,,,,,,,,,,,,,,,,,,,,,,,,,,,,,,,,,,,,,,,,
46303,1744,1724,126,-66,1241,3438,-1130,-2200,46,146,-4,39,0,0,14978,807,-68,287,14978,1537,1472,1739,1700,0,0,0,0,0,0,0,-23,11,39,4,133,,,,,,,,,,,,,,,,,,,,,,,,,,,,,,,,,,,,,,,,,,,,,,,,,,,,,,,,,,,,,,,,,,,,,,,,,,,
46350,2075,2146,-348,195,943,3743,-6074,-1712,56,180,4,47,-1,0,15067,790,-69,296,15067,1536,1490,1717,1714,0,0,0,0,0,0,0,-38,0,80,37,133,,,,,,,,,,,,,,,,,,,,,,,,,,,,,,,,,,,,,,,,,,,,,,,,,,,,,,,,,,,,,,,,,,,,,,,,,,,
46403,2241,1838,-196,287,872,2095,-4121,-1406,45,160,-2,48,0,0,14978,823,6,287,14978,1538,1486,1732,1699,0,0,0,0,0,0,0,-29,-7,50,62,132,,,,,,,,,,,,,,,,,,,,,,,,,,,,,,,,,,,,,,,,,,,,,,,,,,,,,,,,,,,,,,,,,,,,,,,,,,,
46450,2597,2000,-468,452,683,-3641,-9187,607,17,174,-2,48,0,0,14978,802,-26,287,14978,1532,1523,1708,1702,0,0,0,0,0,0,0,-51,-21,105,100,136,,,,,,,,,,,,,,,,,,,,,,,,,,,,,,,,,,,,,,,,,,,,,,,,,,,,,,,,,,,,,,,,,,,,,,,,,,,
46503,2268,1787,-466,78,1017,-1138,-6441,-857,-23,152,2,34,0,0,14978,815,22,287,14978,1552,1481,1721,1700,0,0,0,0,0,0,0,-41,-4,72,54,133,,,,,,,,,,,,,,,,,,,,,,,,,,,,,,,,,,,,,,,,,,,,,,,,,,,,,,,,,,,,,,,,,,,,,,,,,,,
46550,2295,1855,-471,235,888,-5838,-7722,546,-88,158,-2,22,0,0,14978,806,21,287,14978,1539,1513,1709,1699,0,0,0,0,0,0,0,-49,-10,93,71,134,,,,,,,,,,,,,,,,,,,,,,,,,,,,,,,,,,,,,,,,,,,,,,,,,,,,,,,,,,,,,,,,,,,,,,,,,,,
46603,2213,1360,21,61,1379,-6876,2286,-2871,-144,111,0,9,-1,0,15067,804,75,296,15067,1522,1487,1744,1705,0,0,0,0,0,0,0,-24,-5,24,57,132,,,,,,,,,,,,,,,,,,,,,,,,,,,,,,,,,,,,,,,,,,,,,,,,,,,,,,,,,,,,,,,,,,,,,,,,,,,
46650,1509,1300,393,-99,1361,-11575,-5220,1095,-82,109,-2,9,0,0,15022,799,93,291,15022,1526,1537,1703,1703,0,0,0,0,0,0,0,-15,16,0,-11,134,,,,,,,,,,,,,,,,,,,,,,,,,,,,,,,,,,,,,,,,,,,,,,,,,,,,,,,,,,,,,,,,,,,,,,,,,,,
46703,670,909,-276,266,1274,-11697,-8882,851,-41,75,-2,3,0,0,14889,808,101,280,14889,1521,1533,1686,1720,0,0,0,0,0,0,0,-21,11,13,-8,132,,,,,,,,,,,,,,,,,,,,,,,,,,,,,,,,,,,,,,,,,,,,,,,,,,,,,,,,,,,,,,,,,,,,,,,,,,,
46750,305,-80,136,106,1071,-7486,-4182,1461,-9,-7,0,3,0,0,13416,809,61,143,13416,1516,1495,1673,1681,0,0,0,0,0,0,0,7,11,-67,-12,128,,,,,,,,,,,,,,,,,,,,,,,,,,,,,,,,,,,,,,,,,,,,,,,,,,,,,,,,,,,,,,,,,,,,,,,,,,,
46803,691,541,-401,313,701,-7364,-398,3231,-49,12,2,2,-6,0,13500,809,98,152,13500,1513,1505,1667,1649,0,0,0,0,0,0,0,-47,-21,82,74,130,,,,,,,,,,,,,,,,,,,,,,,,,,,,,,,,,,,,,,,,,,,,,,,,,,,,,,,,,,,,,,,,,,,,,,,,,,,
46850,986,831,-131,224,792,-7974,2775,1583,-82,-32,4,0,-20,0,13543,799,63,155,13543,1503,1496,1674,1660,0,0,0,0,0,0,0,-31,-19,46,71,132,,,,,,,,,,,,,,,,,,,,,,,,,,,,,,,,,,,,,,,,,,,,,,,,,,,,,,,,,,,,,,,,,,,,,,,,,,,
46903,1119,1027,-5,27,799,-4862,8939,851,-125,-74,0,-5,-32,0,13416,825,50,143,13416,1524,1454,1683,1658,0,0,0,0,0,0,0,-16,-12,16,49,132,,,,,,,,,,,,,,,,,,,,,,,,,,,,,,,,,,,,,,,,,,,,,,,,,,,,,,,,,,,,,,,,,,,,,,,,,,,
46950,621,681,572,-314,883,-3824,9306,2133,-82,-132,0,-5,-38,0,13458,830,72,148,13458,1534,1466,1679,1646,0,0,0,0,0,0,0,25,22,-88,-47,134,,,,,,,,,,,,,,,,,,,,,,,,,,,,,,,,,,,,,,,,,,,,,,,,,,,,,,,,,,,,,,,,,,,,,,,,,,,
47003,1175,1543,-55,8,1064,-3824,13700,668,-123,-64,2,-4,-39,0,13500,834,57,152,13500,1534,1448,1700,1640,0,0,0,0,0,0,0,-6,-18,10,58,133,,,,,,,,,,,,,,,,,,,,,,,,,,,,,,,,,,,,,,,,,,,,,,,,,,,,,,,,,,,,,,,,,,,,,,,,,,,
47050,160,1283,-118,265,1144,1973,17789,-979,-31,-83,2,-3,-39,0,13458,824,39,148,13458,1525,1429,1710,1646,0,0,0,0,0,0,0,6,11,-12,-26,134,,,,,,,,,,,,,,,,,,,,,,,,,,,,,,,,,,,,,,,,,,,,,,,,,,,,,,,,,,,,,,,,,,,,,,,,,,,
47103,99,1338,-207,149,923,-1016,8085,2621,-15,-50,2,-1,-33,0,13458,834,7,148,13458,1516,1499,1666,1649,0,0,0,0,0,0,0,0,-7,11,22,129,,,,,,,,,,,,,,,,,,,,,,,,,,,,,,,,,,,,,,,,,,,,,,,,,,,,,,,,,,,,,,,,,,,,,,,,,,,
47150,524,1593,-180,-202,1286,-2359,8695,1583,24,-31,0,13,-34,0,13500,832,23,152,13500,1496,1505,1671,1658,0,0,0,0,0,0,0,5,-11,5,35,132,,,,,,,,,,,,,,,,,,,,,,,,,,,,,,,,,,,,,,,,,,,,,,,,,,,,,,,,,,,,,,,,,,,,,,,,,,,
47203,148,1652,219,-131,893,753,5949,2377,165,-23,0,35,-33,0,13458,827,30,148,13458,1507,1505,1666,1651,0,0,0,0,0,0,0,6,8,10,-19,129,,,,,,,,,,,,,,,,,,,,,,,,,,,,,,,,,,,,,,,,,,,,,,,,,,,,,,,,,,,,,,,,,,,,,,,,,,,
47250,1043,2176,-211,56,790,875,-4915,5917,86,116,0,35,-14,0,13458,821,-3,148,13458,1533,1532,1643,1630,0,0,0,0,0,0,0,-8,-17,52,53,131,,,,,,,,,,,,,,,,,,,,,,,,,,,,,,,,,,,,,,,,,,,,,,,,,,,,,,,,,,,,,,,,,,,,,,,,,,,
47303,1185,1498,-83,-186,879,4720,578,2438,78,57,0,36,-14,0,13458,835,-45,148,13458,1537,1483,1682,1634,0,0,0,0,0,0,0,3,0,22,14,128,,,,,,,,,,,,,,,,,,,,,,,,,,,,,,,,,,,,,,,,,,,,,,,,,,,,,,,,,,,,,,,,,,,,,,,,,,,
47350,1027,1350,15,-50,557,9908,3873,1705,91,75,2,36,-8,0,13458,800,-136,148,13458,1549,1456,1699,1618,0,0,0,0,0,0,0,5,11,16,-10,129,,,,,,,,,,,,,,,,,,,,,,,,,,,,,,,,,,,,,,,,,,,,,,,,,,,,,,,,,,,,,,,,,,,,,,,,,,,
47403,1061,1330,-188,194,1110,4720,-2107,851,53,98,0,29,-3,0,13500,796,-143,152,13500,1522,1476,1692,1638,0,0,0,0,0,0,0,1,6,25,6,129,,,,,,,,,,,,,,,,,,,,,,,,,,,,,,,,,,,,,,,,,,,,,,,,,,,,,,,,,,,,,,,,,,,,,,,,,,,
47450,1248,1343,-179,158,1315,8199,-2412,1522,2,99,0,22,-3,0,13500,772,-132,152,13500,1548,1456,1683,1637,0,0,0,0,0,0,0,-8,-1,49,32,132,,,,,,,,,,,,,,,,,,,,,,,,,,,,,,,,,,,,,,,,,,,,,,,,,,,,,,,,,,,,,,,,,,,,,,,,,,,
47503,875,794,97,116,1013,-1993,-7844,3598,24,62,0,20,-1,0,13543,788,-167,155,13543,1533,1506,1652,1643,0,0,0,0,0,0,0,18,8,-29,2,129,,,,,,,,,,,,,,,,,,,,,,,,,,,,,,,,,,,,,,,,,,,,,,,,,,,,,,,,,,,,,,,,,,,,,,,,,,,
47550,406,282,134,-150,993,20,-6990,2865,62,10,2,19,-2,0,13585,758,-218,159,13585,1543,1496,1670,1635,0,0,0,0,0,0,0,16,19,-32,-28,130,,,,,,,,,,,,,,,,,,,,,,,,,,,,,,,,,,,,,,,,,,,,,,,,,,,,,,,,,,,,,,,,,,,,,,,,,,,
47603,1058,1161,-130,-119,1095,6307,1127,790,-5,90,-2,17,-2,0,13585,748,-247,159,13585,1548,1456,1707,1621,0,0,0,0,0,0,0,-23,1,75,25,133,,,,,,,,,,,,,,,,,,,,,,,,,,,,,,,,,,,,,,,,,,,,,,,,,,,,,,,,,,,,,,,,,,,,,,,,,,,
47650,1030,898,-388,251,1174,10335,-276,1705,-6,71,-2,16,-1,0,14978,731,-235,287,14978,1585,1476,1705,1648,0,0,0,0,0,0,0,-15,2,52,26,133,,,,,,,,,,,,,,,,,,,,,,,,,,,,,,,,,,,,,,,,,,,,,,,,,,,,,,,,,,,,,,,,,,,,,,,,,,,
47703,1004,207,-162,-55,947,-467,-8211,3414,-7,0,-2,16,-3,0,14978,728,-233,287,14978,1574,1544,1684,1671,0,0,0,0,0,0,0,-19,-3,54,39,132,,,,,,,,,,,,,,,,,,,,,,,,,,,,,,,,,,,,,,,,,,,,,,,,,,,,,,,,,,,,,,,,,,,,,,,,,,,
47750,1033,-329,-159,18,1021,-40,-2229,3598,-13,-35,-2,15,-1,0,14933,703,-212,284,14933,1584,1537,1695,1656,0,0,0,0,0,0,0,-1,-3,0,37,133,,,,,,,,,,,,,,,,,,,,,,,,,,,,,,,,,,,,,,,,,,,,,,,,,,,,,,,,,,,,,,,,,,,,,,,,,,,
47803,1304,368,522,-538,1183,631,-3999,790,-51,21,-2,12,-2,0,14933,712,-152,284,14933,1568,1516,1697,1685,0,0,0,0,0,0,0,-9,9,19,1,130,,,,,,,,,,,,,,,,,,,,,,,,,,,,,,,,,,,,,,,,,,,,,,,,,,,,,,,,,,,,,,,,,,,,,,,,,,,
47850,1364,654,-17,-28,478,-14261,-17427,5062,-56,50,-4,12,-1,0,14933,698,-92,284,14933,1539,1604,1642,1690,0,0,0,0,0,0,0,-17,6,32,7,133,,,,,,,,,,,,,,,,,,,,,,,,,,,,,,,,,,,,,,,,,,,,,,,,,,,,,,,,,,,,,,,,,,,,,,,,,,,
47903,1336,83,-190,-157,1395,5574,-642,-369,-57,-3,8,11,-2,0,15246,685,-90,311,15246,1599,1476,1719,1665,0,0,0,0,0,0,0,-9,-8,3,42,130,,,,,,,,,,,,,,,,,,,,,,,,,,,,,,,,,,,,,,,,,,,,,,,,,,,,,,,,,,,,,,,,,,,,,,,,,,,
47950,1089,-474,89,50,719,-3031,-4060,4025,-39,-79,0,11,-7,0,14933,677,-97,284,14933,1581,1555,1673,1667,0,0,0,0,0,0,0,-5,-2,-12,22,132,,,,,,,,,,,,,,,,,,,,,,,,,,,,,,,,,,,,,,,,,,,,,,,,,,,,,,,,,,,,,,,,,,,,,,,,,,,
48003,489,-1110,-176,-237,1174,-4129,-2962,1217,-28,-240,-8,2,-28,0,14978,670,-65,287,14978,1570,1525,1686,1691,0,0,0,0,0,0,0,-8,4,-10,0,137,,,,,,,,,,,,,,,,,,,,,,,,,,,,,,,,,,,,,,,,,,,,,,,,,,,,,,,,,,,,,,,,,,,,,,,,,,,
48050,944,-149,-362,24,979,-10721,6559,3414,-68,-274,-2,2,-52,0,14933,676,1,284,14933,1546,1584,1662,1683,0,0,0,0,0,0,0,-35,-10,65,36,134,,,,,,,,,,,,,,,,,,,,,,,,,,,,,,,,,,,,,,,,,,,,,,,,,,,,,,,,,,,,,,,,,,,,,,,,,,,
48103,411,78,144,-12,1256,447,13517,546,-28,-258,0,1,-53,0,14933,674,-4,284,14933,1578,1516,1696,1681,0,0,0,0,0,0,0,-12,-2,11,8,128,,,,,,,,,,,,,,,,,,,,,,,,,,,,,,,,,,,,,,,,,,,,,,,,,,,,,,,,,,,,,,,,,,,,,,,,,,,
48150,-207,155,137,-15,768,-6082,7902,4208,87,-321,0,13,-67,0,14978,684,15,287,14978,1573,1574,1662,1671,0,0,0,0,0,0,0,6,4,-32,-18,131,,,,,,,,,,,,,,,,,,,,,,,,,,,,,,,,,,,,,,,,,,,,,,,,,,,,,,,,,,,,,,,,,,,,,,,,,,,
48203,-457,620,0,-130,1269,3316,17484,1522,106,-308,2,13,-72,0,14978,665,48,287,14978,1579,1532,1699,1661,0,0,0,0,0,0,0,-5,5,10,-22,132,,,,,,,,,,,,,,,,,,,,,,,,,,,,,,,,,,,,,,,,,,,,,,,,,,,,,,,,,,,,,,,,,,,,,,,,,,,
48250,-78,1713,-308,-88,1117,3255,19682,1522,76,-213,0,13,-72,0,14933,672,86,284,14933,1559,1552,1690,1671,0,0,0,0,0,0,0,-15,2,52,-11,134,,,,,,,,,,,,,,,,,,,,,,,,,,,,,,,,,,,,,,,,,,,,,,,,,,,,,,,,,,,,,,,,,,,,,,,,,,,
48303,386,1244,292,15,946,2767,6376,2743,36,-261,2,13,-74,0,14933,688,101,284,14933,1583,1547,1654,1690,0,0,0,0,0,0,0,24,-16,-45,39,132,,,,,,,,,,,,,,,,,,,,,,,,,,,,,,,,,,,,,,,,,,,,,,,,,,,,,,,,,,,,,,,,,,,,,,,,,,,
48350,645,1964,-238,-237,1300,-894,15043,485,16,-167,-4,14,-67,0,14933,677,108,284,14933,1568,1527,1711,1661,0,0,0,0,0,0,0,-4,-6,42,12,135,,,,,,,,,,,,,,,,,,,,,,,,,,,,,,,,,,,,,,,,,,,,,,,,,,,,,,,,,,,,,,,,,,,,,,,,,,,
48403,770,2005,269,257,1079,2584,14249,2743,-4,-97,0,12,-54,0,14933,679,141,284,14933,1579,1553,1682,1665,0,0,0,0,0,0,0,15,-15,0,37,132,,,,,,,,,,,,,,,,,,,,,,,,,,,,,,,,,,,,,,,,,,,,,,,,,,,,,,,,,,,,,,,,,,,,,,,,,,,
48450,523,2124,242,-126,1173,2584,4972,-1101,6,28,0,10,-31,0,14933,706,196,284,14933,1576,1504,1713,1678,0,0,0,0,0,0,0,21,-3,-9,5,130,,,,,,,,,,,,,,,,,,,,,,,,,,,,,,,,,,,,,,,,,,,,,,,,,,,,,,,,,,,,,,,,,,,,,,,,,,,
48503,829,2290,-82,161,905,5025,2042,-552,-58,112,-2,2,-17,0,14933,726,214,284,14933,1577,1506,1714,1668,0,0,0,0,0,0,0,1,-18,44,46,131,,,,,,,,,,,,,,,,,,,,,,,,,,,,,,,,,,,,,,,,,,,,,,,,,,,,,,,,,,,,,,,,,,,,,,,,,,,
48550,1267,1969,-33,145,839,814,-2229,-2139,-96,112,-2,2,-11,0,14933,748,210,284,14933,1573,1485,1717,1683,0,0,0,0,0,0,0,13,-25,8,65,133,,,,,,,,,,,,,,,,,,,,,,,,,,,,,,,,,,,,,,,,,,,,,,,,,,,,,,,,,,,,,,,,,,,,,,,,,,,
48603,-370,153,253,-264,872,-12003,-14741,2743,42,-11,2,2,-4,0,14889,722,311,280,14889,1541,1591,1644,1697,0,0,0,0,0,0,0,61,39,-131,-115,137,,,,,,,,,,,,,,,,,,,,,,,,,,,,,,,,,,,,,,,,,,,,,,,,,,,,,,,,,,,,,,,,,,,,,,,,,,,
48650,317,26,118,127,1085,2218,1005,-857,-17,-15,2,2,-3,0,14933,754,342,284,14933,1578,1504,1708,1675,0,0,0,0,0,0,0,19,-10,-21,17,130,,,,,,,,,,,,,,,,,,,,,,,,,,,,,,,,,,,,,,,,,,,,,,,,,,,,,,,,,,,,,,,,,,,,,,,,,,,
48703,481,126,-13,49,868,-6387,-6685,363,-31,-9,2,2,-4,0,14933,762,298,284,14933,1555,1546,1673,1696,0,0,0,0,0,0,0,17,-5,-17,4,127,,,,,,,,,,,,,,,,,,,,,,,,,,,,,,,,,,,,,,,,,,,,,,,,,,,,,,,,,,,,,,,,,,,,,,,,,,,
48750,509,294,-53,-279,1150,-9073,-7722,363,0,15,2,9,-2,0,14933,794,337,284,14933,1542,1558,1683,1686,0,0,0,0,0,0,0,4,-5,14,3,126,,,,,,,,,,,,,,,,,,,,,,,,,,,,,,,,,,,,,,,,,,,,,,,,,,,,,,,,,,,,,,,,,,,,,,,,,,,
48803,323,-88,57,155,955,3377,1005,-3726,13,-4,0,8,0,0,14756,806,326,267,14756,1560,1480,1725,1694,0,0,0,0,0,0,0,15,-8,-16,13,126,,,,,,,,,,,,,,,,,,,,,,,,,,,,,,,,,,,,,,,,,,,,,,,,,,,,,,,,,,,,,,,,,,,,,,,,,,,
48850,446,-285,-41,273,788,-4373,-7173,1095,2,-31,0,8,-1,0,13927,834,410,192,13927,1520,1536,1644,1677,0,0,0,0,0,0,0,12,-16,-11,35,131,,,,,,,,,,,,,,,,,,,,,,,,,,,,,,,,,,,,,,,,,,,,,,,,,,,,,,,,,,,,,,,,,,,,,,,,,,,
48903,394,-525,-428,283,924,5025,6437,-1834,7,-52,2,8,-1,0,13628,814,365,163,13628,1540,1454,1705,1636,0,0,0,0,0,0,0,-10,-24,45,53,131,,,,,,,,,,,,,,,,,,,,,,,,,,,,,,,,,,,,,,,,,,,,,,,,,,,,,,,,,,,,,,,,,,,,,,,,,,,
48950,376,-491,-380,316,985,3316,5216,-1712,19,-63,2,10,-4,0,13628,838,333,163,13628,1535,1461,1692,1650,0,0,0,0,0,0,0,-9,-26,41,57,132,,,,,,,,,,,,,,,,,,,,,,,,,,,,,,,,,,,,,,,,,,,,,,,,,,,,,,,,,,,,,,,,,,,,,,,,,,,
49003,106,-1073,320,-163,1122,2462,-2046,-247,71,-187,0,16,-18,0,13543,891,358,155,13543,1522,1496,1641,1685,0,0,0,0,0,0,0,16,-10,-32,11,137,,,,,,,,,,,,,,,,,,,,,,,,,,,,,,,,,,,,,,,,,,,,,,,,,,,,,,,,,,,,,,,,,,,,,,,,,,,
49050,293,-743,157,-21,985,7528,8573,-1895,89,-218,0,23,-30,0,13500,895,368,152,13500,1531,1453,1680,1660,0,0,0,0,0,0,0,12,-3,-20,-4,133,,,,,,,,,,,,,,,,,,,,,,,,,,,,,,,,,,,,,,,,,,,,,,,,,,,,,,,,,,,,,,,,,,,,,,,,,,,
49103,315,-151,-89,-182,1157,7955,13944,-247,150,-240,0,35,-45,0,13500,904,341,152,13500,1525,1485,1668,1653,0,0,0,0,0,0,0,2,-5,16,2,133,,,,,,,,,,,,,,,,,,,,,,,,,,,,,,,,,,,,,,,,,,,,,,,,,,,,,,,,,,,,,,,,,,,,,,,,,,,
49150,389,269,-274,-56,955,16134,16752,-857,465,-336,0,99,-71,0,13543,920,282,155,13543,1491,1510,1661,1668,0,0,0,0,0,0,0,3,4,23,-16,133,,,,,,,,,,,,,,,,,,,,,,,,,,,,,,,,,,,,,,,,,,,,,,,,,,,,,,,,,,,,,,,,,,,,,,,,,,,
49203,1182,713,272,-108,865,28768,17118,1400,483,-297,2,117,-71,0,13543,934,223,155,13543,1546,1489,1645,1657,0,0,0,0,0,0,0,30,11,-38,-17,138,,,,,,,,,,,,,,,,,,,,,,,,,,,,,,,,,,,,,,,,,,,,,,,,,,,,,,,,,,,,,,,,,,,,,,,,,,,
49250,1888,1293,109,36,764,33590,20719,485,456,-253,2,124,-73,0,13500,937,212,152,13500,1547,1474,1676,1635,0,0,0,0,0,0,0,26,12,-17,4,134,,,,,,,,,,,,,,,,,,,,,,,,,,,,,,,,,,,,,,,,,,,,,,,,,,,,,,,,,,,,,,,,,,,,,,,,,,,
49303,2557,1580,-43,-100,730,30111,18400,546,314,-225,2,107,-72,0,13500,951,201,152,13500,1552,1470,1669,1641,0,0,0,0,0,0,0,26,18,-3,10,136,,,,,,,,,,,,,,,,,,,,,,,,,,,,,,,,,,,,,,,,,,,,,,,,,,,,,,,,,,,,,,,,,,,,,,,,,,,
49350,3530,2326,-181,43,1033,18758,16691,912,96,-48,0,80,-50,0,13543,970,176,155,13543,1550,1475,1680,1626,0,0,0,0,0,0,0,9,9,53,48,131,,,,,,,,,,,,,,,,,,,,,,,,,,,,,,,,,,,,,,,,,,,,,,,,,,,,,,,,,,,,,,,,,,,,,,,,,,,
49403,3640,2168,-18,147,1109,11312,7413,-1834,-55,-30,0,52,-43,0,13543,961,134,155,13543,1543,1440,1679,1661,0,0,0,0,0,0,0,21,14,27,42,135,,,,,,,,,,,,,,,,,,,,,,,,,,,,,,,,,,,,,,,,,,,,,,,,,,,,,,,,,,,,,,,,,,,,,,,,,,,
49450,3190,1498,-101,255,698,-11392,-1802,2804,-82,-15,2,39,-29,0,13500,988,131,152,13500,1506,1551,1634,1650,0,0,0,0,0,0,0,27,5,6,64,134,,,,,,,,,,,,,,,,,,,,,,,,,,,,,,,,,,,,,,,,,,,,,,,,,,,,,,,,,,,,,,,,,,,,,,,,,,,
49503,3041,2001,-125,225,611,-7486,1798,1522,-240,59,4,4,-23,0,13543,981,59,155,13543,1563,1478,1671,1627,0,0,0,0,0,0,0,0,-8,80,92,131,,,,,,,,,,,,,,,,,,,,,,,,,,,,,,,,,,,,,,,,,,,,,,,,,,,,,,,,,,,,,,,,,,,,,,,,,,,
49550,2047,1045,112,99,951,-21097,-6318,1889,-157,31,0,4,-11,0,13500,966,55,152,13500,1491,1554,1639,1658,0,0,0,0,0,0,0,37,18,-23,11,133,,,,,,,,,,,,,,,,,,,,,,,,,,,,,,,,,,,,,,,,,,,,,,,,,,,,,,,,,,,,,,,,,,,,,,,,,,,
49603,1004,957,-359,284,1123,-8951,-1192,-186,-70,27,0,3,-11,0,13543,977,69,155,13543,1531,1485,1675,1646,0,0,0,0,0,0,0,24,16,9,3,130,,,,,,,,,,,,,,,,,,,,,,,,,,,,,,,,,,,,,,,,,,,,,,,,,,,,,,,,,,,,,,,,,,,,,,,,,,,
49650,848,701,-118,-37,1085,-4495,-6013,302,-60,36,0,2,-4,0,13500,992,56,152,13500,1534,1487,1651,1662,0,0,0,0,0,0,0,25,16,4,-1,128,,,,,,,,,,,,,,,,,,,,,,,,,,,,,,,,,,,,,,,,,,,,,,,,,,,,,,,,,,,,,,,,,,,,,,,,,,,
49703,1385,710,299,-80,1164,-4434,-5647,485,-120,48,2,0,-2,0,13500,970,18,152,13500,1538,1488,1652,1658,0,0,0,0,0,0,0,19,-2,14,47,130,,,,,,,,,,,,,,,,,,,,,,,,,,,,,,,,,,,,,,,,,,,,,,,,,,,,,,,,,,,,,,,,,,,,,,,,,,,
49750,1355,497,-67,8,1215,-10050,-5098,-1345,-118,25,2,0,-3,0,13500,966,-49,152,13500,1500,1499,1659,1671,0,0,0,0,0,0,0,27,6,-12,18,132,,,,,,,,,,,,,,,,,,,,,,,,,,,,,,,,,,,,,,,,,,,,,,,,,,,,,,,,,,,,,,,,,,,,,,,,,,,
49803,1295,42,286,74,1075,-9500,-5769,1339,-116,-6,0,0,-2,0,13927,997,-49,192,13927,1521,1516,1635,1665,0,0,0,0,0,0,0,35,-5,-40,41,131,,,,,,,,,,,,,,,,,,,,,,,,,,,,,,,,,,,,,,,,,,,,,,,,,,,,,,,,,,,,,,,,,,,,,,,,,,,
49850,777,27,-23,98,1050,-6204,3263,-979,-92,-8,0,-4,-2,0,14317,970,-88,228,14317,1540,1507,1703,1658,0,0,0,0,0,0,0,17,-4,3,30,127,,,,,,,,,,,,,,,,,,,,,,,,,,,,,,,,,,,,,,,,,,,,,,,,,,,,,,,,,,,,,,,,,,,,,,,,,,,
49903,459,84,64,-94,1087,-1749,3446,-491,-47,0,0,-1,-1,0,14978,986,-7,287,14978,1558,1527,1699,1683,0,0,0,0,0,0,0,25,4,-16,0,125,,,,,,,,,,,,,,,,,,,,,,,,,,,,,,,,,,,,,,,,,,,,,,,,,,,,,,,,,,,,,,,,,,,,,,,,,,,
49950,714,337,-243,181,879,5819,4789,-2444,-72,22,2,-2,-1,0,14978,966,-23,287,14978,1587,1464,1721,1679,0,0,0,0,0,0,0,5,-15,36,53,130,,,,,,,,,,,,,,,,,,,,,,,,,,,,,,,,,,,,,,,,,,,,,,,,,,,,,,,,,,,,,,,,,,,,,,,,,,,
50003,43,-394,562,-693,1478,-7730,-7905,912,-14,-41,2,-2,-1,0,15022,975,67,291,15022,1545,1565,1656,1711,0,0,0,0,0,0,0,31,18,-38,-40,133,,,,,,,,,,,,,,,,,,,,,,,,,,,,,,,,,,,,,,,,,,,,,,,,,,,,,,,,,,,,,,,,,,,,,,,,,,,
50050,-55,-908,423,-423,925,-7120,-4121,-857,-9,-79,2,-2,0,0,14978,971,52,287,14978,1532,1551,1680,1707,0,0,0,0,0,0,0,48,21,-84,-48,132,,,,,,,,,,,,,,,,,,,,,,,,,,,,,,,,,,,,,,,,,,,,,,,,,,,,,,,,,,,,,,,,,,,,,,,,,,,
50103,342,122,-283,225,1312,8077,8512,-2932,-43,45,0,-2,6,0,14933,969,61,284,14933,1572,1473,1737,1671,0,0,0,0,0,0,0,-3,-2,59,17,129,,,,,,,,,,,,,,,,,,,,,,,,,,,,,,,,,,,,,,,,,,,,,,,,,,,,,,,,,,,,,,,,,,,,,,,,,,,
50150,641,135,-156,305,1031,-162,-2534,-796,-66,78,0,-2,13,0,14933,982,56,284,14933,1555,1524,1686,1701,0,0,0,0,0,0,0,12,-12,16,47,131,,,,,,,,,,,,,,,,,,,,,,,,,,,,,,,,,,,,,,,,,,,,,,,,,,,,,,,,,,,,,,,,,,,,,,,,,,,
50203,1119,1065,-412,287,730,1973,-3389,-1101,-101,159,2,0,13,0,15022,966,97,291,15022,1582,1495,1723,1670,0,0,0,0,0,0,0,-40,-33,152,102,137,,,,,,,,,,,,,,,,,,,,,,,,,,,,,,,,,,,,,,,,,,,,,,,,,,,,,,,,,,,,,,,,,,,,,,,,,,,
50250,1045,533,-518,430,1050,2340,-3145,-1589,-66,186,0,4,27,0,14933,952,53,284,14933,1574,1488,1724,1673,0,0,0,0,0,0,0,-18,-24,85,73,134,,,,,,,,,,,,,,,,,,,,,,,,,,,,,,,,,,,,,,,,,,,,,,,,,,,,,,,,,,,,,,,,,,,,,,,,,,,
50303,40,-315,305,-409,1142,-7608,-19380,1644,24,140,0,5,33,0,14933,966,111,284,14933,1545,1565,1651,1709,0,0,0,0,0,0,0,15,17,-17,-44,134,,,,,,,,,,,,,,,,,,,,,,,,,,,,,,,,,,,,,,,,,,,,,,,,,,,,,,,,,,,,,,,,,,,,,,,,,,,
50350,-286,-1498,311,-463,1227,-2603,-12361,-796,216,75,0,38,41,0,14933,971,142,284,14933,1517,1561,1694,1697,0,0,0,0,0,0,0,35,21,-84,-56,138,,,,,,,,,,,,,,,,,,,,,,,,,,,,,,,,,,,,,,,,,,,,,,,,,,,,,,,,,,,,,,,,,,,,,,,,,,,
50403,703,-1510,-52,345,901,17049,-4976,-186,102,105,0,32,47,0,14889,992,140,280,14889,1594,1483,1693,1688,0,0,0,0,0,0,0,4,-12,-9,44,133,,,,,,,,,,,,,,,,,,,,,,,,,,,,,,,,,,,,,,,,,,,,,,,,,,,,,,,,,,,,,,,,,,,,,,,,,,,
50450,1729,-1270,25,302,949,8748,-12056,-1223,2,126,0,30,47,0,14933,989,155,284,14933,1553,1516,1681,1713,0,0,0,0,0,0,0,2,-11,-9,55,132,,,,,,,,,,,,,,,,,,,,,,,,,,,,,,,,,,,,,,,,,,,,,,,,,,,,,,,,,,,,,,,,,,,,,,,,,,,
50503,2389,-948,-232,258,1270,8687,-1008,-2627,-156,220,0,10,60,0,14933,1010,249,284,14933,1583,1461,1740,1672,0,0,0,0,0,0,0,-27,-25,65,97,139,,,,,,,,,,,,,,,,,,,,,,,,,,,,,,,,,,,,,,,,,,,,,,,,,,,,,,,,,,,,,,,,,,,,,,,,,,,
50550,2241,-563,-211,426,759,-2420,-10713,-2078,-143,254,0,10,60,0,14933,1015,159,284,14933,1552,1502,1707,1701,0,0,0,0,0,0,0,-44,-29,100,104,142,,,,,,,,,,,,,,,,,,,,,,,,,,,,,,,,,,,,,,,,,,,,,,,,,,,,,,,,,,,,,,,,,,,,,,,,,,,
50603,1097,-896,16,-235,1423,-9561,-17122,-796,-46,78,-2,9,31,0,14933,1037,223,284,14933,1539,1531,1680,1714,0,0,0,0,0,0,0,-17,16,12,-27,137,,,,,,,,,,,,,,,,,,,,,,,,,,,,,,,,,,,,,,,,,,,,,,,,,,,,,,,,,,,,,,,,,,,,,,,,,,,
50650,948,-1244,-136,-3,1226,7406,-2229,-1101,91,-35,0,34,14,0,14978,1008,154,287,14978,1576,1489,1706,1692,0,0,0,0,0,0,0,-19,6,10,0,133,,,,,,,,,,,,,,,,,,,,,,,,,,,,,,,,,,,,,,,,,,,,,,,,,,,,,,,,,,,,,,,,,,,,,,,,,,,
50703,1974,-879,-168,250,897,12288,-276,-2688,-60,-66,0,22,2,0,14933,1023,125,284,14933,1580,1459,1701,1716,0,0,0,0,0,0,0,-22,-31,17,111,137,,,,,,,,,,,,,,,,,,,,,,,,,,,,,,,,,,,,,,,,,,,,,,,,,,,,,,,,,,,,,,,,,,,,,,,,,,,
50750,2218,-443,-310,117,998,2218,3080,-2688,-81,-28,0,22,2,0,14978,1041,151,287,14978,1565,1473,1710,1706,0,0,0,0,0,0,0,-32,-22,46,88,135,,,,,,,,,,,,,,,,,,,,,,,,,,,,,,,,,,,,,,,,,,,,,,,,,,,,,,,,,,,,,,,,,,,,,,,,,,,
50803,1541,8,282,-110,724,-7486,-3999,668,-19,4,0,23,0,0,14933,1049,146,284,14933,1537,1551,1667,1712,0,0,0,0,0,0,0,-14,13,0,-13,129,,,,,,,,,,,,,,,,,,,,,,,,,,,,,,,,,,,,,,,,,,,,,,,,,,,,,,,,,,,,,,,,,,,,,,,,,,,
50850,1206,257,76,-57,937,1058,3263,-4763,6,29,-2,22,1,0,14933,1053,176,284,14933,1549,1454,1742,1699,0,0,0,0,0,0,0,-22,1,22,16,128,,,,,,,,,,,,,,,,,,,,,,,,,,,,,,,,,,,,,,,,,,,,,,,,,,,,,,,,,,,,,,,,,,,,,,,,,,,
50903,1287,881,66,6,757,5086,-2229,-735,0,80,0,22,0,0,14933,1073,227,284,14933,1562,1502,1690,1707,0,0,0,0,0,0,0,-23,-6,26,38,126,,,,,,,,,,,,,,,,,,,,,,,,,,,,,,,,,,,,,,,,,,,,,,,,,,,,,,,,,,,,,,,,,,,,,,,,,,,
50950,1064,358,149,-228,917,1668,2164,-3787,15,34,0,21,0,0,14933,1096,240,284,14933,1535,1483,1721,1711,0,0,0,0,0,0,0,-1,13,-32,-13,132,,,,,,,,,,,,,,,,,,,,,,,,,,,,,,,,,,,,,,,,,,,,,,,,,,,,,,,,,,,,,,,,,,,,,,,,,,,
51003,884,433,-11,-134,1015,2279,4667,-3848,27,41,2,20,0,0,14978,1104,272,287,14978,1537,1482,1728,1707,0,0,0,0,0,0,0,-17,11,12,-6,131,,,,,,,,,,,,,,,,,,,,,,,,,,,,,,,,,,,,,,,,,,,,,,,,,,,,,,,,,,,,,,,,,,,,,,,,,,,
51050,715,397,144,-17,753,264,1615,-3054,45,41,0,21,1,0,14933,1123,295,284,14933,1528,1497,1712,1715,0,0,0,0,0,0,0,-8,8,-11,0,126,,,,,,,,,,,,,,,,,,,,,,,,,,,,,,,,,,,,,,,,,,,,,,,,,,,,,,,,,,,,,,,,,,,,,,,,,,,
51103,470,627,-173,126,931,-1871,-6013,-369,70,51,2,22,0,0,14889,1128,311,280,14889,1537,1524,1680,1713,0,0,0,0,0,0,0,-30,0,47,20,130,,,,,,,,,,,,,,,,,,,,,,,,,,,,,,,,,,,,,,,,,,,,,,,,,,,,,,,,,,,,,,,,,,,,,,,,,,,
51150,713,642,148,81,976,5819,4972,-2688,42,59,2,20,0,0,13500,1157,381,152,13500,1515,1433,1705,1661,0,0,0,0,0,0,0,-17,-1,14,27,128,,,,,,,,,,,,,,,,,,,,,,,,,,,,,,,,,,,,,,,,,,,,,,,,,,,,,,,,,,,,,,,,,,,,,,,,,,,
51203,882,1318,-260,-50,921,3377,2103,-2444,31,160,2,21,9,0,12749,1181,388,80,12749,1467,1440,1676,1659,0,0,0,0,0,0,0,-30,12,51,-8,131,,,,,,,,,,,,,,,,,,,,,,,,,,,,,,,,,,,,,,,,,,,,,,,,,,,,,,,,,,,,,,,,,,,,,,,,,,,
51250,1152,1097,176,4,1150,-3702,-9553,-4336,-23,210,2,15,23,0,12261,1197,329,31,12261,1432,1411,1656,1681,0,0,0,0,0,0,0,-26,-11,37,53,135,,,,,,,,,,,,,,,,,,,,,,,,,,,,,,,,,,,,,,,,,,,,,,,,,,,,,,,,,,,,,,,,,,,,,,,,,,,
51303,1130,1558,-300,67,833,-6754,-15840,2133,-21,251,0,15,23,0,12180,1215,293,24,12180,1469,1474,1608,1652,0,0,0,0,0,0,0,-43,-7,75,36,135,,,,,,,,,,,,,,,,,,,,,,,,,,,,,,,,,,,,,,,,,,,,,,,,,,,,,,,,,,,,,,,,,,,,,,,,,,,
51350,1113,890,-91,-116,1136,-5106,-9859,-2444,-62,276,2,6,39,0,12504,1225,268,56,12504,1466,1421,1680,1647,0,0,0,0,0,0,0,-26,1,19,8,133,,,,,,,,,,,,,,,,,,,,,,,,,,,,,,,,,,,,,,,,,,,,,,,,,,,,,,,,,,,,,,,,,,,,,,,,,,,
51403,576,6,277,-119,749,-5411,-10469,-2871,-1,206,0,9,41,0,13164,1260,289,119,13164,1459,1458,1671,1691,0,0,0,0,0,0,0,3,10,-68,-23,132,,,,,,,,,,,,,,,,,,,,,,,,,,,,,,,,,,,,,,,,,,,,,,,,,,,,,,,,,,,,,,,,,,,,,,,,,,,
51450,81,-198,677,-156,902,-6754,-10103,-1589,41,118,0,9,27,0,13290,1251,251,132,13290,1460,1483,1658,1697,0,0,0,0,0,0,0,-8,11,-44,-31,135,,,,,,,,,,,,,,,,,,,,,,,,,,,,,,,,,,,,,,,,,,,,,,,,,,,,,,,,,,,,,,,,,,,,,,,,,,,
51503,320,332,-400,151,889,-833,-5525,-1467,17,49,0,9,4,0,13332,1257,181,136,13332,1489,1457,1678,1681,0,0,0,0,0,0,0,-57,-10,83,24,131,,,,,,,,,,,,,,,,,,,,,,,,,,,,,,,,,,,,,,,,,,,,,,,,,,,,,,,,,,,,,,,,,,,,,,,,,,,
51550,430,-13,-125,12,1050,1241,3202,-3176,0,19,-2,7,4,0,13713,1267,206,172,13713,1498,1436,1718,1677,0,0,0,0,0,0,0,-35,-16,22,38,130,,,,,,,,,,,,,,,,,,,,,,,,,,,,,,,,,,,,,,,,,,,,,,,,,,,,,,,,,,,,,,,,,,,,,,,,,,,
51603,-20,-219,20,4,1195,-5655,4972,-3115,40,-1,2,7,3,0,14186,1286,147,215,14186,1476,1488,1715,1697,0,0,0,0,0,0,0,-21,-5,-13,4,128,,,,,,,,,,,,,,,,,,,,,,,,,,,,,,,,,,,,,,,,,,,,,,,,,,,,,,,,,,,,,,,,,,,,,,,,,,,
51650,291,350,-321,299,980,1302,2470,-2688,2,37,0,5,1,0,14978,1296,184,287,14978,1533,1476,1727,1715,0,0,0,0,0,0,0,-39,-19,40,41,129,,,,,,,,,,,,,,,,,,,,,,,,,,,,,,,,,,,,,,,,,,,,,,,,,,,,,,,,,,,,,,,,,,,,,,,,,,,
51703,289,541,93,-195,1010,6978,8085,-8486,2,50,0,5,0,0,15022,1290,153,291,15022,1504,1408,1778,1727,0,0,0,0,0,0,0,-18,7,-8,-25,128,,,,,,,,,,,,,,,,,,,,,,,,,,,,,,,,,,,,,,,,,,,,,,,,,,,,,,,,,,,,,,,,,,,,,,,,,,,
51750,642,850,-143,324,1334,-528,2286,-4031,-24,81,2,6,1,0,14978,1281,180,287,14978,1501,1484,1737,1724,0,0,0,0,0,0,0,-20,-8,2,20,130,,,,,,,,,,,,,,,,,,,,,,,,,,,,,,,,,,,,,,,,,,,,,,,,,,,,,,,,,,,,,,,,,,,,,,,,,,,
51803,1240,1496,-412,431,1361,-2664,28,-6533,-76,137,2,6,1,0,15022,1302,196,291,15022,1471,1473,1747,1744,0,0,0,0,0,0,0,-24,-14,20,39,134,,,,,,,,,,,,,,,,,,,,,,,,,,,,,,,,,,,,,,,,,,,,,,,,,,,,,,,,,,,,,,,,,,,,,,,,,,,
51850,726,1287,162,-243,1375,-4129,-32,-5374,-38,115,0,4,0,0,15022,1296,174,291,15022,1501,1452,1758,1723,0,0,0,0,0,0,0,-3,16,-35,-49,134,,,,,,,,,,,,,,,,,,,,,,,,,,,,,,,,,,,,,,,,,,,,,,,,,,,,,,,,,,,,,,,,,,,,,,,,,,,
51903,361,841,917,-691,1656,3927,3812,-7083,-7,42,0,4,-6,0,14978,1308,203,287,14978,1511,1409,1778,1725,0,0,0,0,0,0,0,2,15,-53,-51,131,,,,,,,,,,,,,,,,,,,,,,,,,,,,,,,,,,,,,,,,,,,,,,,,,,,,,,,,,,,,,,,,,,,,,,,,,,,
51950,2092,2257,-219,249,804,2034,6132,-5068,-168,95,2,2,-20,0,15022,1291,82,291,15022,1518,1433,1769,1715,0,0,0,0,0,0,0,-43,-49,74,126,136,,,,,,,,,,,,,,,,,,,,,,,,,,,,,,,,,,,,,,,,,,,,,,,,,,,,,,,,,,,,,,,,,,,,,,,,,,,
52003,1799,1949,-2,-109,1197,-20487,-5220,-2993,-143,13,2,2,-31,0,15022,1309,135,291,15022,1454,1527,1718,1746,0,0,0,0,0,0,0,-24,-19,24,38,139,,,,,,,,,,,,,,,,,,,,,,,,,,,,,,,,,,,,,,,,,,,,,,,,,,,,,,,,,,,,,,,,,,,,,,,,,,,
52050,1396,2052,13,35,992,-7303,5765,-5923,-6,-9,-2,23,-37,0,13416,1328,149,143,13416,1431,1399,1745,1693,0,0,0,0,0,0,0,-19,-10,14,7,133,,,,,,,,,,,,,,,,,,,,,,,,,,,,,,,,,,,,,,,,,,,,,,,,,,,,,,,,,,,,,,,,,,,,,,,,,,,
52103,929,1403,-155,340,916,1790,6071,-5435,68,-72,0,30,-39,0,13416,1320,109,143,13416,1441,1402,1723,1715,0,0,0,0,0,0,0,3,-12,-41,7,133,,,,,,,,,,,,,,,,,,,,,,,,,,,,,,,,,,,,,,,,,,,,,,,,,,,,,,,,,,,,,,,,,,,,,,,,,,,
52150,699,704,234,84,748,1180,2958,424,148,-133,0,41,-39,0,13416,1329,114,143,13416,1480,1455,1693,1678,0,0,0,0,0,0,0,5,-22,-45,34,131,,,,,,,,,,,,,,,,,,,,,,,,,,,,,,,,,,,,,,,,,,,,,,,,,,,,,,,,,,,,,,,,,,,,,,,,,,,
52203,907,1099,422,-90,847,11861,13334,-2505,161,-106,-2,48,-40,0,13416,1344,100,143,13416,1481,1399,1734,1670,0,0,0,0,0,0,0,2,-6,-33,-4,137,,,,,,,,,,,,,,,,,,,,,,,,,,,,,,,,,,,,,,,,,,,,,,,,,,,,,,,,,,,,,,,,,,,,,,,,,,,
52250,987,1082,400,-544,885,2828,-337,2804,151,-107,2,47,-40,0,13416,1327,55,143,13416,1468,1502,1657,1684,0,0,0,0,0,0,0,6,9,-34,-37,133,,,,,,,,,,,,,,,,,,,,,,,,,,,,,,,,,,,,,,,,,,,,,,,,,,,,,,,,,,,,,,,,,,,,,,,,,,,
52303,1233,1453,-74,-14,501,12105,8329,-2261,126,-54,2,46,-36,0,13458,1357,20,148,13458,1479,1412,1720,1682,0,0,0,0,0,0,0,-14,1,30,-5,134,,,,,,,,,,,,,,,,,,,,,,,,,,,,,,,,,,,,,,,,,,,,,,,,,,,,,,,,,,,,,,,,,,,,,,,,,,,
52350,1241,1977,-295,14,641,3621,1127,485,87,-1,2,39,-34,0,13458,1360,39,148,13458,1463,1475,1692,1680,0,0,0,0,0,0,0,-18,12,48,-27,131,,,,,,,,,,,,,,,,,,,,,,,,,,,,,,,,,,,,,,,,,,,,,,,,,,,,,,,,,,,,,,,,,,,,,,,,,,,
52403,1251,1271,145,-148,951,9114,3812,-1345,61,-39,-8,34,-30,0,13458,1359,19,148,13458,1473,1421,1711,1687,0,0,0,0,0,0,0,16,15,-43,-26,136,,,,,,,,,,,,,,,,,,,,,,,,,,,,,,,,,,,,,,,,,,,,,,,,,,,,,,,,,,,,,,,,,,,,,,,,,,,
52450,1902,1376,-356,539,730,-467,-3450,1889,11,-19,2,35,-27,0,13458,1356,-6,148,13458,1486,1472,1675,1680,0,0,0,0,0,0,0,-14,-30,42,99,135,,,,,,,,,,,,,,,,,,,,,,,,,,,,,,,,,,,,,,,,,,,,,,,,,,,,,,,,,,,,,,,,,,,,,,,,,,,
52503,1350,748,235,43,715,3438,2531,-1406,133,-46,0,50,-22,0,13458,1360,-69,148,13458,1449,1456,1704,1691,0,0,0,0,0,0,0,17,6,-43,2,131,,,,,,,,,,,,,,,,,,,,,,,,,,,,,,,,,,,,,,,,,,,,,,,,,,,,,,,,,,,,,,,,,,,,,,,,,,,
52550,1496,1132,-106,-40,616,9298,-703,2438,141,-12,2,54,-22,0,13458,1333,-138,148,13458,1515,1452,1685,1665,0,0,0,0,0,0,0,-11,5,36,11,135,,,,,,,,,,,,,,,,,,,,,,,,,,,,,,,,,,,,,,,,,,,,,,,,,,,,,,,,,,,,,,,,,,,,,,,,,,,
52603,1895,1358,142,-139,883,17659,5765,912,305,13,0,94,-20,0,13374,1335,-102,139,13374,1469,1472,1706,1660,0,0,0,0,0,0,0,-1,9,13,9,132,,,,,,,,,,,,,,,,,,,,,,,,,,,,,,,,,,,,,,,,,,,,,,,,,,,,,,,,,,,,,,,,,,,,,,,,,,,
52650,1227,421,64,-16,749,10091,-4243,4086,437,-95,0,108,-26,0,13374,1335,-139,139,13374,1467,1523,1650,1679,0,0,0,0,0,0,0,29,40,-70,-65,137,,,,,,,,,,,,,,,,,,,,,,,,,,,,,,,,,,,,,,,,,,,,,,,,,,,,,,,,,,,,,,,,,,,,,,,,,,,
52703,1820,45,98,26,1036,28951,10709,1644,382,-128,0,108,-26,0,13374,1330,-176,139,13374,1519,1430,1706,1648,0,0,0,0,0,0,0,19,30,-39,-18,137,,,,,,,,,,,,,,,,,,,,,,,,,,,,,,,,,,,,,,,,,,,,,,,,,,,,,,,,,,,,,,,,,,,,,,,,,,,
52750,2207,-331,188,-154,832,20223,7352,4452,439,-161,0,126,-26,0,13374,1316,-204,139,13374,1496,1502,167452803,3025,711,-17,125,1183,31820,20536,1705,374,-7,-2,127,-13,0,13374,1310,-201,139,13374,1540,1406,1741,1606,0,0,0,0,0,0,0,1,23,20,36,136,,,,,,,,,,,,,,,,,,,,,,,,,,,,,,,,,,,,,,,,,,,,,,,,,,,,,
52850,3171,720,135,3,742,17904,-3511,4330,316,0,2,118,-12,0,13332,1297,-200,136,13332,1488,1496,1644,1662,0,0,0,0,0,0,0,18,40,-20,10,133,,,,,,,,,,,,,,,,,,,,,,,,,,,,,,,,,,,,,,,,,,,,,,,,,,,,,,,,,,,,,,,,,,,,,,,,,,,
52903,3768,215,138,112,930,15950,5765,2743,257,-44,2,117,-12,0,13416,1289,-235,143,13416,1509,1472,1697,1639,0,0,0,0,0,0,0,32,40,-57,26,136,,,,,,,,,,,,,,,,,,,,,,,,,,,,,,,,,,,,,,,,,,,,,,,,,,,,,,,,,,,,,,,,,,,,,,,,,,,
52950,3749,-647,424,-132,987,16195,10404,2255,199,-115,0,105,-11,0,13374,1280,-255,139,13374,1512,1458,1702,1638,0,0,0,0,0,0,0,54,60,-111,-12,142,,,,,,,,,,,,,,,,,,,,,,,,,,,,,,,,,,,,,,,,,,,,,,,,,,,,,,,,,,,,,,,,,,,,,,,,,,,
53003,3644,-104,37,-953050,4344,128,-92,191,781,-162,16752,1950,-194,-9,2,37,-4,0,13374,1244,-356,139,13353103,3492,124,-337,7,1050,-15665,7230,2682,-255,-10,0,9,-4,0,13374,1211,-373,139,13374,1515,1467,1703,1628,0,0,0,0,0,0,0,-5,20,71,89,134,,,,,,,,,,,,,,,,,,,,,,,,,,,,,,,,,,,,,,,,,,,,,,,,,,,,
53150,2729,537,-143,193,575,-18228,7108,3292,-245,32,0,-1,-2,0,13416,1200,-439,143,13416,1514,1482,1695,1629,0,0,0,0,0,0,0,6,14,45,89,134,,,,,,,,,,,,,,,,,,,,,,,,,,,,,,,,,,,,,,,,,,,,,,,,,,,,,,,,,,,,,,,,,,,,,,,,,,,
53203,1611,1081,-491,306,554,-19083,578,1583,-217,80,2,-15,-2,0,13416,1160,-511,143,13416,1523,1450,1716,1622,0,0,0,0,0,0,0,-21,5,120,92,137,,,,,,,,,,,,,,,,,,,,,,,,,,,,,,,,,,,,,,,,,,,,,,,,,,,,,,,,,,,,,,,,,,,,,,,,,,,
53250,872,1228,39,-30,939,-9134,4362,1950,-215,96,2,-27,-2,0,13416,1145,-492,143,13416,1545,1431,1717,1616,0,0,0,0,0,0,0,5,24,48,28,132,,,,,,,,,,,,,,,,,,,,,,,,,,,,,,,,,,,,,,,,,,,,,,,,,,,,,,,,,,,,,,,,,,,,,,,,,,,
53303,866,933,-6,178,694,-19510,-3816,3598,-211,74,2,-27,-1,0,13458,1117,-563,148,13458,1503,1509,1682,1633,0,0,0,0,0,0,0,22,0,0,75,132,,,,,,,,,,,,,,,,,,,,,,,,,,,,,,,,,,,,,,,,,,,,,,,,,,,,,,,,,,,,,,,,,,,,,,,,,,,
53350,105,-79,-223,94,1079,-14383,28,1461,-145,-13,2,-27,-1,0,13458,1047,-650,148,13458,1505,1477,1693,1647,0,0,0,0,0,0,0,37,16,-47,16,135,,,,,,,,,,,,,,,,,,,,,,,,,,,,,,,,,,,,,,,,,,,,,,,,,,,,,,,,,,,,,,,,,,,,,,,,,,,
53403,-563,-1028,84,160,1139,-14566,-4976,2804,-59,-96,0,-21,-1,0,13458,1028,-727,148,13458,1501,1499,1665,1658,0,0,0,0,0,0,0,46,13,-76,5,138,,,,,,,,,,,,,,,,,,,,,,,,,,,,,,,,,,,,,,,,,,,,,,,,,,,,,,,,,,,,,,,,,,,,,,,,,,,
53450,-824,-981,-228,-162,923,-8707,-1375,3536,44,-92,2,-5,-1,0,13500,1028,-653,152,13500,1522,1498,1682,1632,0,0,0,0,0,0,0,15,9,5,6,133,,,,,,,,,,,,,,,,,,,,,,,,,,,,,,,,,,,,,,,,,,,,,,,,,,,,,,,,,,,,,,,,,,,,,,,,,,,
53503,-902,-1216,137,143,1086,-1688,-1069,2316,54,-78,0,-4,5,0,13500,973,-660,152,13500,1517,1485,1677,1651,0,0,0,0,0,0,0,27,2,-25,21,134,,,,,,,,,,,,,,,,,,,,,,,,,,,,,,,,,,,,,,,,,,,,,,,,,,,,,,,,,,,,,,,,,,,,,,,,,,,
53550,65,-964,347,-50,485,1851,-2351,2194,-30,-21,2,-4,12,0,13458,944,-727,148,13458,1532,1470,1682,1642,0,0,0,0,0,0,0,41,-11,-65,61,133,,,,,,,,,,,,,,,,,,,,,,,,,,,,,,,,,,,,,,,,,,,,,,,,,,,,,,,,,,,,,,,,,,,,,,,,,,,
53603,-105,-287,-183,-190,1085,-4556,-1619,485,-15,41,0,-4,13,0,13798,916,-686,179,13798,1492,1509,1708,1652,0,0,0,0,0,0,0,3,20,35,-26,135,,,,,,,,,,,,,,,,,,,,,,,,,,,,,,,,,,,,,,,,,,,,,,,,,,,,,,,,,,,,,,,,,,,,,,,,,,,
53650,344,-24,-128,162,1244,-2481,-5525,912,-51,64,0,-4,13,0,14889,885,-636,280,14889,1545,1517,1716,1680,0,0,0,0,0,0,0,-1,-9,43,50,132,,,,,,,,,,,,,,,,,,,,,,,,,,,,,,,,,,,,,,,,,,,,,,,,,,,,,,,,,,,,,,,,,,,,,,,,,,,
53703,969,-82,-275,-176,1110,-9622,-12361,2072,-105,52,-4,-4,11,0,14978,844,-652,287,14978,1546,1536,1704,1684,0,0,0,0,0,0,0,1,-11,22,49,137,,,,,,,,,,,,,,,,,,,,,,,,,,,,,,,,,,,,,,,,,,,,,,,,,,,,,,,,,,,,,,,,,,,,,,,,,,,
53750,881,108,-137,75,1126,-9500,-6074,3598,-101,61,0,-4,10,0,15157,783,-669,304,15157,1540,1573,1701,1672,0,0,0,0,0,0,0,-13,-1,57,16,134,,,,,,,,,,,,,,,,,,,,,,,,,,,,,,,,,,,,,,,,,,,,,,,,,,,,,,,,,,,,,,,,,,,,,,,,,,,
53803,806,-531,-350,301,1338,-4068,-7051,851,-91,-25,2,-4,4,0,15202,756,-659,307,15202,1564,1513,1710,1691,0,0,0,0,0,0,0,2,-29,5,83,132,,,,,,,,,,,,,,,,,,,,,,,,,,,,,,,,,,,,,,,,,,,,,,,,,,,,,,,,,,,,,,,,,,,,,,,,,,,
53850,1033,193,-277,-110,1193,-1993,-2351,607,-107,37,2,-3,4,0,15157,738,-653,304,15157,1576,1500,1737,1666,0,0,0,0,0,0,0,-40,-33,113,87,137,,,,,,,,,,,,,,,,,,,,,,,,,,,,,,,,,,,,,,,,,,,,,,,,,,,,,,,,,,,,,,,,,,,,,,,,,,,
53903,413,-791,143,-135,1293,-16214,-13582,5062,-53,-55,2,-3,2,0,15157,674,-676,304,15157,1529,1609,1659,1695,0,0,0,0,0,0,0,15,4,-48,-23,137,,,,,,,,,,,,,,,,,,,,,,,,,,,,,,,,,,,,,,,,,,,,,,,,,,,,,,,,,,,,,,,,,,,,,,,,,,,
53950,405,-934,135,5,1029,-955,-3206,790,-49,-74,0,-2,1,0,15112,671,-610,300,15112,1554,1525,1707,1694,0,0,0,0,0,0,0,9,-7,-36,3,128,,,,,,,,,,,,,,,,,,,,,,,,,,,,,,,,,,,,,,,,,,,,,,,,,,,,,,,,,,,,,,,,,,,,,,,,,,,
54003,1113,-370,-304,5,1071,-7059,-8088,4269,-194,-28,2,-19,0,0,15112,633,-615,300,15112,1578,1548,1676,1679,0,0,0,0,0,0,0,-15,-30,27,63,137,,,,,,,,,,,,,,,,,,,,,,,,,,,,,,,,,,,,,,,,,,,,,,,,,,,,,,,,,,,,,,,,,,,,,,,,,,,
54050,389,-227,-39,-247,859,-12857,516,3048,-187,-16,0,-30,0,0,15022,606,-533,291,15022,1533,1576,1699,1670,0,0,0,0,0,0,0,-13,6,25,-37,135,,,,,,,,,,,,,,,,,,,,,,,,,,,,,,,,,,,,,,,,,,,,,,,,,,,,,,,,,,,,,,,,,,,,,,,,,,,
54103,630,301,-348,338,1335,-5716,-2778,2133,-271,36,2,-43,2,0,15112,563,-526,300,15112,1575,1529,1701,1679,0,0,0,0,0,0,0,-25,-20,59,30,136,,,,,,,,,,,,,,,,,,,,,,,,,,,,,,,,,,,,,,,,,,,,,,,,,,,,,,,,,,,,,,,,,,,,,,,,,,,
54150,558,416,-325,190,955,-11575,-2290,1400,-254,32,0,-41,0,0,15022,559,-509,291,15022,1558,1534,1706,1681,0,0,0,0,0,0,0,-14,-24,26,35,136,,,,,,,,,,,,,,,,,,,,,,,,,,,,,,,,,,,,,,,,,,,,,,,,,,,,,,,,,,,,,,,,,,,,,,,,,,,
54203,144,-137,-31,-219,1407,-10660,-8638,1461,-166,-39,0,-30,-5,0,15022,509,-521,291,15022,1553,1543,1687,1701,0,0,0,0,0,0,0,-5,-16,-1,2,138,,,,,,,,,,,,,,,,,,,,,,,,,,,,,,,,,,,,,,,,,,,,,,,,,,,,,,,,,,,,,,,,,,,,,,,,,,,
54250,-25,-435,-83,86,1161,-13406,-2595,1644,-140,-97,0,-28,-11,0,15022,527,-410,291,15022,1545,1550,1690,1691,0,0,0,0,0,0,0,0,-24,-23,16,138,,,,,,,,,,,,,,,,,,,,,,,,,,,,,,,,,,,,,,,,,,,,,,,,,,,,,,,,,,,,,,,,,,,,,,,,,,,
54303,-337,-219,314,62,1017,-6876,944,3598,-61,-137,-2,-18,-23,0,15067,499,-353,296,15067,1550,1571,1662,1698,0,0,0,0,0,0,0,8,-23,-42,4,136,,,,,,,,,,,,,,,,,,,,,,,,,,,,,,,,,,,,,,,,,,,,,,,,,,,,,,,,,,,,,,,,,,,,,,,,,,,
54350,46,56,-160,161,914,-772,-1802,2560,-94,-190,0,-18,-39,0,15067,451,-403,296,15067,1593,1514,1678,1690,0,0,0,0,0,0,0,-15,-51,19,74,135,,,,,,,,,,,,,,,,,,,,,,,,,,,,,,,,,,,,,,,,,,,,,,,,,,,,,,,,,,,,,,,,,,,,,,,,,,,
54403,385,304,195,-197,1077,-4801,5460,3659,-120,-214,2,-17,-48,0,15022,420,-403,291,15022,1569,1559,1674,1679,0,0,0,0,0,0,0,-10,-37,10,38,139,,,,,,,,,,,,,,,,,,,,,,,,,,,,,,,,,,,,,,,,,,,,,,,,,,,,,,,,,,,,,,,,,,,,,,,,,,,
54450,24,186,378,-170,981,-4923,13700,2011,-30,-231,2,-5,-49,0,14800,419,-329,271,14800,1538,1558,1692,1670,0,0,0,0,0,0,0,21,-9,-65,-35,136,,,,,,,,,,,,,,,,,,,,,,,,,,,,,,,,,,,,,,,,,,,,,,,,,,,,,,,,,,,,,,,,,,,,,,,,,,,
54503,497,1788,-297,210,1017,8504,19010,-1406,-8,-213,0,6,-74,0,15022,391,-349,291,15022,1584,1472,1740,1670,0,0,0,0,0,0,0,-18,-29,59,20,137,,,,,,,,,,,,,,,,,,,,,,,,,,,,,,,,,,,,,,,,,,,,,,,,,,,,,,,,,,,,,,,,,,,,,,,,,,,
54550,909,2316,-6,-215,1202,1119,10221,2377,-34,-171,0,9,-74,0,15022,429,-204,291,15022,1562,1551,1677,1689,0,0,0,0,0,0,0,-13,-34,59,41,136,,,,,,,,,,,,,,,,,,,,,,,,,,,,,,,,,,,,,,,,,,,,,,,,,,,,,,,,,,,,,,,,,,,,,,,,,,,
54603,1887,2871,-376,415,1226,10579,10526,3170,-122,-95,0,8,-69,0,15022,377,-253,291,15022,1612,1510,1703,1652,0,0,0,0,0,0,0,-10,-50,60,92,139,,,,,,,,,,,,,,,,,,,,,,,,,,,,,,,,,,,,,,,,,,,,,,,,,,,,,,,,,,,,,,,,,,,,,,,,,,,
54650,1589,2373,-339,174,1314,5147,8817,1766,-93,-103,-2,9,-62,0,15022,393,-213,291,15022,1593,1510,15,-21,-5,16,137,,,,,,,,,,,,,,,,,,,,,,,,,,,,,,,,,,,,,,,,,,,,,,,,,,,,,,,,,,,,,,,,,,,,,,,,,,,,,,,,,,,,
54703,1422,2276,77,-61,1035,7467,1615,1583,-89,-80,-2,6,-55,0,15067,362,-165,296,15067,1588,1516,1686,1690,0,0,0,0,0,0,0,7,-13,20,0,132,,,,,,,,,,,,,,,,,,,,,,,,,,,,,,,,,,,,,,,,,,,,,,,,,,,,,,,,,,,,,,,,,,,,,,,,,,,
54750,1390,1517,0,-127,1225,5574,-337,2255,-89,-73,-2,6,-41,0,15067,346,-197,296,15067,1593,1519,1683,1682,0,0,0,0,0,0,0,28,-1,-37,-28,135,,,,,,,,,,,,,,,,,,,,,,,,,,,,,,,,,,,,,,,,,,,,,,,,,,,,,,,,,,,,,,,,,,,,,,,,,,,
54803,1864,1435,-92,542,825,4476,7352,607,-134,-24,-2,5,-30,0,15067,334,-102,296,15067,1577,1516,1708,1677,0,0,0,0,0,0,0,-8,-53,65,117,135,,,,,,,,,,,,,,,,,,,,,,,,,,,,,,,,,,,,,,,,,,,,,,,,,,,,,,,,,,,,,,,,,,,,,,,,,,,
54850,1011,966,126,-264,1278,-6815,-3328,-552,-60,-6,-2,5,-18,0,15067,377,-52,296,15067,1554,1524,1695,1703,0,0,0,0,0,0,0,14,-12,1,1,133,,,,,,,,,,,,,,,,,,,,,,,,,,,,,,,,,,,,,,,,,,,,,,,,,,,,,,,,,,,,,,,,,,,,,,,,,,,
54903,644,598,-64,151,1230,7955,-93,912,-31,0,0,4,-10,0,15022,368,110,291,15022,1591,1502,1700,1676,0,0,0,0,0,0,0,6,-17,18,11,126,,,,,,,,,,,,,,,,,,,,,,,,,,,,,,,,,,,,,,,,,,,,,,,,,,,,,,,,,,,,,,,,,,,,,,,,,,,
54950,867,276,31,151,1218,10213,-276,119,-58,-3,-4,3,-5,0,15067,339,67,296,15067,1616,1462,1716,1674,0,0,0,0,0,0,0,0,-27,29,44,127,,,,,,,,,,,,,,,,,,,,,,,,,,,,,,,,,,,,,,,,,,,,,,,,,,,,,,,,,,,,,,,,,,,,,,,,,,,
55003,991,238,-239,72,867,-3153,-10896,4391,-76,-3,2,2,-4,0,15022,328,-43,291,15022,1588,1563,1657,1677,0,0,0,0,0,0,0,0,-13,23,9,129,,,,,,,,,,,,,,,,,,,,,,,,,,,,,,,,,,,,,,,,,,,,,,,,,,,,,,,,,,,,,,,,,,,,,,,,,,,
55050,1407,345,-121,-190,1278,4354,1249,1400,86,-57,2,41,-17,0,15112,356,79,300,15112,1576,1539,1694,1678,0,0,0,0,0,0,0,0,-18,26,29,132,,,,,,,,,,,,,,,,,,,,,,,,,,,,,,,,,,,,,,,,,,,,,,,,,,,,,,,,,,,,,,,,,,,,,,,,,,,
55103,2324,505,-60,342,1063,10274,3019,607,236,-147,0,87,-38,0,15022,370,82,291,15022,1546,1554,1681,1700,0,0,0,0,0,0,0,0,-31,25,77,132,,,,,,,,,,,,,,,,,,,,,,,,,,,,,,,,,,,,,,,,,,,,,,,,,,,,,,,,,,,,,,,,,,,,,,,,,,,
55150,1611,89,-86,206,1163,16988,-520,1339,466,-247,0,121,-50,0,15067,358,68,296,15067,1585,1524,1671,1700,0,0,0,0,0,0,0,19,9,-25,-28,134,,,,,,,,,,,,,,,,,,,,,,,,,,,,,,,,,,,,,,,,,,,,,,,,,,,,,,,,,,,,,,,,,,,,,,,,,,,
55203,2278,1023,-203,-141,1026,29561,8878,-430,408,-165,2,121,-50,0,15112,382,140,300,15112,1589,1498,1710,1682,0,0,0,0,0,0,0,-18,7,80,-1,138,,,,,,,,,,,,,,,,,,,,,,,,,,,,,,,,,,,,,,,,,,,,,,,,,,,,,,,,,,,,,,,,,,,,,,,,,,,
55250,3515,703,-87,263,1046,28280,5094,-1406,56,-113,0,72,-34,0,15112,388,123,300,15112,1607,1458,1702,1703,0,0,0,0,0,0,0,15,-11,-8,73,135,,,,,,,,,,,,,,,,,,,,,,,,,,,,,,,,,,,,,,,,,,,,,,,,,,,,,,,,,,,,,,,,,,,,,,,,,,,
55303,2443,-152,259,-386,936,-6326,-4426,3598,45,-149,-2,51,-27,0,15067,409,246,296,15067,1553,1587,1648,1698,0,0,0,0,0,0,0,41,56,-78,-102,139,,,,,,,,,,,,,,,,,,,,,,,,,,,,,,,,,,,,,,,,,,,,,,,,,,,,,,,,,,,,,,,,,,,,,,,,,,,
55350,2064,630,40,-44,1381,5269,9244,1522,-33,-14,-4,29,-13,0,15022,370,205,291,15022,1592,1515,1700,1669,0,0,0,0,0,0,0,15,33,0,-35,132,,,,,,,,,,,,,,,,,,,,,,,,,,,,,,,,,,,,,,,,,,,,,,,,,,,,,,,,,,,,,,,,,,,,,,,,,,,
55403,2984,1628,-189,291,771,2584,5827,485,-113,72,-4,29,-13,0,15022,466,336,291,15022,1588,1504,1698,1683,0,0,0,0,0,0,0,-13,-20,87,117,136,,,,,,,,,,,,,,,,,,,,,,,,,,,,,,,,,,,,,,,,,,,,,,,,,,,,,,,,,,,,,,,,,,,,,,,,,,,
55450,2423,1628,-30,389,1040,-4556,-5159,790,-78,72,-2,26,-13,0,15022,479,405,291,15022,1581,1519,1680,1696,0,0,0,0,0,0,0,4,0,38,58,132,,,,,,,,,,,,,,,,,,,,,,,,,,,,,,,,,,,,,,,,,,,,,,,,,,,,,,,,,,,,,,,,,,,,,,,,,,,
55503,1848,2107,-288,364,724,-2054,7902,-1834,-56,114,-2,20,-13,0,15067,487,350,296,15067,1575,1488,1741,1664,0,0,0,0,0,0,0,-21,-2,109,60,138,,,,,,,,,,,,,,,,,,,,,,,,,,,,,,,,,,,,,,,,,,,,,,,,,,,,,,,,,,,,,,,,,,,,,,,,,,,
55550,1273,1313,-9,441,1033,-7059,-5647,668,-41,51,-2,13,-12,0,15022,515,444,291,15022,1574,1523,1678,1700,0,0,0,0,0,0,0,19,0,-5,46,132,,,,,,,,,,,,,,,,,,,,,,,,,,,,,,,,,,,,,,,,,,,,,,,,,,,,,,,,,,,,,,,,,,,,,,,,,,,
55603,690,1002,-230,-71,1144,-16458,-4121,-1040,-60,56,2,0,-6,0,15067,517,401,296,15067,1547,1534,1708,1688,0,0,0,0,0,0,0,8,7,15,11,132,,,,,,,,,,,,,,,,,,,,,,,,,,,,,,,,,,,,,,,,,,,,,,,,,,,,,,,,,,,,,,,,,,,,,,,,,,,
55650,192,804,-88,16,771,-13712,-3572,302,-20,42,-4,0,-5,0,15112,550,351,300,15112,1543,1551,1694,1692,0,0,0,0,0,0,0,-8,1,56,15,128,,,,,,,,,,,,,,,,,,,,,,,,,,,,,,,,,,,,,,,,,,,,,,,,,,,,,,,,,,,,,,,,,,,,,,,,,,,
55703,-546,460,-194,-78,1248,-13651,-8760,3292,44,19,0,0,-4,0,15067,547,389,296,15067,1568,1569,1661,1686,0,0,0,0,0,0,0,-2,1,35,2,130,,,,,,,,,,,,,,,,,,,,,,,,,,,,,,,,,,,,,,,,,,,,,,,,,,,,,,,,,,,,,,,,,,,,,,,,,,,
55750,-1036,-162,-29,-273,1412,-1383,3446,1156,83,-31,2,-1,-3,0,15022,575,459,291,15022,1583,1527,1699,1669,0,0,0,0,0,0,0,15,19,-15,-50,136,,,,,,,,,,,,,,,,,,,,,,,,,,,,,,,,,,,,,,,,,,,,,,,,,,,,,,,,,,,,,,,,,,,,,,,,,,,
55803,-433,47,168,281,822,570,1005,1217,34,-6,2,0,-2,0,15022,597,416,291,15022,1579,1533,1681,1685,0,0,0,0,0,0,0,19,-9,-22,30,126,,,,,,,,,,,,,,,,,,,,,,,,,,,,,,,,,,,,,,,,,,,,,,,,,,,,,,,,,,,,,,,,,,,,,,,,,,,
55850,70,240,162,18,676,-6693,-6135,2804,133,129,2,27,21,0,15022,619,422,291,15022,1542,1592,1666,1682,0,0,0,0,0,0,0,19,-13,-22,43,131,,,,,,,,,,,,,,,,,,,,,,,,,,,,,,,,,,,,,,,,,,,,,,,,,,,,,,,,,,,,,,,,,,,,,,,,,,,
55903,569,1011,-359,255,1060,11495,-1619,-308,219,234,2,53,29,0,14978,628,368,287,14978,1588,1506,1724,1659,0,0,0,0,0,0,0,-19,-13,82,45,136,,,,,,,,,,,,,,,,,,,,,,,,,,,,,,,,,,,,,,,,,,,,,,,,,,,,,,,,,,,,,,,,,,,,,,,,,,,
55950,797,464,-11,-153,1250,17781,-8760,790,195,190,0,53,30,0,14978,642,382,287,14978,1597,1506,1693,1675,0,0,0,0,0,0,0,-3,4,31,6,130,,,,,,,,,,,,,,,,,,,,,,,,,,,,,,,,,,,,,,,,,,,,,,,,,,,,,,,,,,,,,,,,,,,,,,,,,,,
56003,1583,147,-77,154,796,2401,-12239,1889,95,128,2,46,23,0,14448,700,457,240,14448,1547,1551,1661,1670,0,0,0,0,0,0,0,-2,-7,16,47,131,,,,,,,,,,,,,,,,,,,,,,,,,,,,,,,,,,,,,,,,,,,,,,,,,,,,,,,,,,,,,,,,,,,,,,,,,,,
56050,1699,-99,-219,340,1154,3499,-6441,2133,47,43,2,39,10,0,13884,729,507,188,13884,1538,1536,1644,1659,0,0,0,0,0,0,0,3,4,-6,20,129,,,,,,,,,,,,,,,,,,,,,,,,,,,,,,,,,,,,,,,,,,,,,,,,,,,,,,,,,,,,,,,,,,,,,,,,,,,
56103,1294,-511,-156,-89,710,5025,-5464,3231,26,-20,2,27,4,0,13841,771,518,184,13841,1570,1518,1635,1652,0,0,0,0,0,0,0,-11,14,30,-2,132,,,,,,,,,,,,,,,,,,,,,,,,,,,,,,,,,,,,,,,,,,,,,,,,,,,,,,,,,,,,,,,,,,,,,,,,,,,
56150,1317,-302,-316,33,1213,6063,7841,1278,17,-12,0,26,2,0,13798,769,498,179,13798,1562,1495,1685,1622,0,0,0,0,0,0,0,-21,9,57,14,130,,,,,,,,,,,,,,,,,,,,,,,,,,,,,,,,,,,,,,,,,,,,,,,,,,,,,,,,,,,,,,,,,,,,,,,,,,,
56203,1626,-507,-118,212,733,1546,5521,1278,-44,-33,2,19,2,0,13713,818,500,172,13713,1557,1499,1657,1645,0,0,0,0,0,0,0,6,-4,-13,52,131,,,,,,,,,,,,,,,,,,,,,,,,,,,,,,,,,,,,,,,,,,,,,,,,,,,,,,,,,,,,,,,,,,,,,,,,,,,
56250,1383,-6,153,68,933,-955,3873,607,-19,6,2,20,1,0,13670,842,530,168,13670,1543,1503,1657,1651,0,0,0,0,0,0,0,6,7,-6,18,122,,,,,,,,,,,,,,,,,,,,,,,,,,,,,,,,,,,,,,,,,,,,,,,,,,,,,,,,,,,,,,,,,,,,,,,,,,,
56303,817,-350,277,-43,1067,-4556,3751,2194,33,-23,-2,20,1,0,13670,849,477,168,13670,1542,1527,1652,1640,0,0,0,0,0,0,0,21,10,-47,5,131,,,,,,,,,,,,,,,,,,,,,,,,,,,,,,,,,,,,,,,,,,,,,,,,,,,,,,,,,,,,,,,,,,,,,,,,,,,
56350,765,-477,-16,132,941,-5899,1371,4025,118,-34,-2,37,1,0,13628,876,448,163,13628,1524,1568,1635,1630,0,0,0,0,0,0,0,9,-1,-16,35,131,,,,,,,,,,,,,,,,,,,,,,,,,,,,,,,,,,,,,,,,,,,,,,,,,,,,,,,,,,,,,,,,,,,,,,,,,,,
56403,-85,-857,-277,-297,946,9542,3690,1583,304,-71,0,59,0,0,13585,915,457,159,13585,1551,1507,1651,1639,0,0,0,0,0,0,0,7,38,-10,-72,132,,,,,,,,,,,,,,,,,,,,,,,,,,,,,,,,,,,,,,,,,,,,,,,,,,,,,,,,,,,,,,,,,,,,,,,,,,,
56450,934,-159,-328,4,578,18270,9489,-247,180,-10,4,52,0,0,13628,912,421,163,13628,1580,1451,1687,1619,0,0,0,0,0,0,0,-22,3,74,30,129,,,,,,,,,,,,,,,,,,,,,,,,,,,,,,,,,,,,,,,,,,,,,,,,,,,,,,,,,,,,,,,,,,,,,,,,,,,
56503,2854,458,-220,432,965,20,455,2865,-214,46,-2,6,1,0,13585,950,392,159,13585,1557,1525,1635,1643,0,0,0,0,0,0,0,-14,-34,61,146,130,,,,,,,,,,,,,,,,,,,,,,,,,,,,,,,,,,,,,,,,,,,,,,,,,,,,,,,,,,,,,,,,,,,,,,,,,,,
56550,2882,896,-216,33,1035,-14322,2409,485,-255,81,-4,0,0,0,13628,957,324,163,13628,1512,1533,1668,1637,0,0,0,0,0,0,0,-14,-9,65,74,132,,,,,,,,,,,,,,,,,,,,,,,,,,,,,,,,,,,,,,,,,,,,,,,,,,,,,,,,,,,,,,,,,,,,,,,,,,,
56603,1849,1866,128,52,752,-22989,-3328,-918,-161,162,-4,0,0,0,13585,966,282,159,13585,1504,1516,1669,1648,0,0,0,0,0,0,0,-12,0,60,29,133,,,,,,,,,,,,,,,,,,,,,,,,,,,,,,,,,,,,,,,,,,,,,,,,,,,,,,,,,,,,,,,,,,,,,,,,,,,
56650,929,1412,160,124,1122,-12369,-8699,851,-81,126,-4,0,0,0,13543,979,257,155,13543,1526,1521,1644,1653,0,0,0,0,0,0,0,9,-1,-4,22,131,,,,,,,,,,,,,,,,,,,,,,,,,,,,,,,,,,,,,,,,,,,,,,,,,,,,,,,,,,,,,,,,,,,,,,,,,,,
56703,968,612,-150,92,869,-4801,-5159,1889,-84,53,0,0,0,0,13585,1008,260,159,13585,1544,1524,1644,1639,0,0,0,0,0,0,0,8,-9,-10,41,129,,,,,,,,,,,,,,,,,,,,,,,,,,,,,,,,,,,,,,,,,,,,,,,,,,,,,,,,,,,,,,,,,,,,,,,,,,,
56750,1084,756,287,-161,1210,-1810,3995,-979,-98,69,2,0,0,0,13585,1001,205,159,13585,1543,1483,1687,1627,0,0,0,0,0,0,0,0,-11,11,41,131,,,,,,,,,,,,,,,,,,,,,,,,,,,,,,,,,,,,,,,,,,,,,,,,,,,,,,,,,,,,,,,,,,,,,,,,,,,
56803,683,370,199,-279,1071,-3885,-4060,302,-59,32,0,0,0,0,13543,1026,223,155,13543,1542,1500,1642,1658,0,0,0,0,0,0,0,13,-1,-29,6,130,,,,,,,,,,,,,,,,,,,,,,,,,,,,,,,,,,,,,,,,,,,,,,,,,,,,,,,,,,,,,,,,,,,,,,,,,,,
56850,372,-13,-100,-223,1123,-4556,578,668,-29,-1,0,0,0,0,13543,1011,145,155,13543,1535,1513,1657,1638,0,0,0,0,0,0,0,6,9,-10,-28,129,,,,,,,,,,,,,,,,,,,,,,,,,,,,,,,,,,,,,,,,,,,,,,,,,,,,,,,,,,,,,,,,,,,,,,,,,,,
56903,93,808,166,99,971,-8646,4606,-1345,-11,74,0,0,0,0,13543,1015,153,155,13543,1514,1505,1686,1631,0,0,0,0,0,0,0,-8,-5,34,4,126,,,,,,,,,,,,,,,,,,,,,,,,,,,,,,,,,,,,,,,,,,,,,,,,,,,,,,,,,,,,,,,,,,,,,,,,,,,
56950,-540,682,24,178,755,-1322,-2595,-1406,47,59,0,0,0,0,13585,1013,143,159,13585,1523,1498,1662,1660,0,0,0,0,0,0,0,12,4,-22,-24,130,,,,,,,,,,,,,,,,,,,,,,,,,,,,,,,,,,,,,,,,,,,,,,,,,,,,,,,,,,,,,,,,,,,,,,,,,,,
57003,-432,259,221,-44,1093,-1016,-6990,1461,37,26,2,0,0,0,13585,1020,101,159,13585,1521,1542,1633,1653,0,0,0,0,0,0,0,12,7,-25,-28,131,,,,,,,,,,,,,,,,,,,,,,,,,,,,,,,,,,,,,,,,,,,,,,,,,,,,,,,,,,,,,,,,,,,,,,,,,,,
57050,-331,-223,48,-67,835,3377,516,-2078,25,-15,0,0,0,0,13543,1016,51,155,13543,1510,1496,1678,1650,0,0,0,0,0,0,0,9,3,-20,-14,127,,,,,,,,,,,,,,,,,,,,,,,,,,,,,,,,,,,,,,,,,,,,,,,,,,,,,,,,,,,,,,,,,,,,,,,,,,,
57103,123,-5,-124,58,1080,3865,3141,-1589,-10,0,2,0,0,0,13585,1042,88,159,13585,1526,1491,1674,1650,0,0,0,0,0,0,0,-5,-11,20,29,127,,,,,,,,,,,,,,,,,,,,,,,,,,,,,,,,,,,,,,,,,,,,,,,,,,,,,,,,,,,,,,,,,,,,,,,,,,,
57150,-68,-185,-151,96,907,-3519,-1802,-918,6,-12,0,0,0,0,13543,1044,89,155,13543,1498,1524,1646,1670,0,0,0,0,0,0,0,6,0,-11,-5,127,,,,,,,,,,,,,,,,,,,,,,,,,,,,,,,,,,,,,,,,,,,,,,,,,,,,,,,,,,,,,,,,,,,,,,,,,,,
57203,523,462,-38,232,943,-1016,-2962,-735,-49,40,0,0,0,0,13543,1045,30,155,13543,1531,1493,1664,1650,0,0,0,0,0,0,0,-27,-25,79,65,130,,,,,,,,,,,,,,,,,,,,,,,,,,,,,,,,,,,,,,,,,,,,,,,,,,,,,,,,,,,,,,,,,,,,,,,,,,,
57250,1153,314,161,-70,865,-8707,-8394,1278,-100,27,0,0,0,0,13628,1043,-52,163,13628,1518,1541,1636,1658,0,0,0,0,0,0,0,-1,-21,8,56,131,,,,,,,,,,,,,,,,,,,,,,,,,,,,,,,,,,,,,,,,,,,,,,,,,,,,,,,,,,,,,,,,,,,,,,,,,,,
57303,906,523,-276,17,1057,-2481,272,302,4,45,0,16,0,0,13543,1038,-62,155,13543,1529,1510,1670,1632,0,0,0,0,0,0,0,-3,6,13,-20,126,,,,,,,,,,,,,,,,,,,,,,,,,,,,,,,,,,,,,,,,,,,,,,,,,,,,,,,,,,,,,,,,,,,,,,,,,,,
57350,1181,1553,-333,22,1020,325,-1863,-1040,74,139,0,35,0,0,13585,1028,-65,159,13585,1497,1525,1676,1643,0,0,0,0,0,0,0,-32,1,94,-4,132,,,,,,,,,,,,,,,,,,,,,,,,,,,,,,,,,,,,,,,,,,,,,,,,,,,,,,,,,,,,,,,,,,,,,,,,,,,
57403,1189,857,308,90,928,9969,-5647,57,196,78,0,60,0,0,13543,1028,-78,155,13543,1521,1516,1648,1660,0,0,0,0,0,0,0,6,-3,-16,13,127,,,,,,,,,,,,,,,,,,,,,,,,,,,,,,,,,,,,,,,,,,,,,,,,,,,,,,,,,,,,,,,,,,,,,,,,,,,
57450,1870,297,-54,301,572,12166,-9065,241,143,18,0,61,-1,0,13543,1015,-177,155,13543,1541,1495,1650,1654,0,0,0,0,0,0,0,-3,-29,1,89,132,,,,,,,,,,,,,,,,,,,,,,,,,,,,,,,,,,,,,,,,,,,,,,,,,,,,,,,,,,,,,,,,,,,,,,,,,,,
57503,2556,-17,-211,-30,1177,12777,-825,-979,17,-4,0,48,0,0,13543,1008,-128,155,13543,1550,1467,1673,1645,0,0,0,0,0,0,0,-1,-21,-8,76,133,,,,,,,,,,,,,,,,,,,,,,,,,,,,,,,,,,,,,,,,,,,,,,,,,,,,,,,,,,,,,,,,,,,,,,,,,,,
57550,2740,394,-527,259,852,-4862,-5220,2682,-221,30,2,3,0,0,13628,1013,-150,163,13628,1564,1514,1634,1643,0,0,0,0,0,0,0,-34,-16,78,66,135,,,,,,,,,,,,,,,,,,,,,,,,,,,,,,,,,,,,,,,,,,,,,,,,,,,,,,,,,,,,,,,,,,,,,,,,,,,
57603,2973,1133,-7,95,827,-8829,-2901,1766,-242,98,0,3,0,0,13543,998,-195,155,13543,1553,1510,1663,1626,0,0,0,0,0,0,0,-41,-33,96,108,133,,,,,,,,,,,,,,,,,,,,,,,,,,,,,,,,,,,,,,,,,,,,,,,,,,,,,,,,,,,,,,,,,,,,,,,,,,,
57650,1799,697,51,-32,1054,-10599,-7173,668,-139,57,0,3,0,0,13543,991,-167,155,13543,1533,1512,1650,1648,0,0,0,0,0,0,0,-12,7,12,-13,132,,,,,,,,,,,,,,,,,,,,,,,,,,,,,,,,,,,,,,,,,,,,,,,,,,,,,,,,,,,,,,,,,,,,,,,,,,,
57703,1630,534,529,-105,1056,-4190,-7844,1217,-131,43,2,2,0,0,13543,980,-183,155,13543,1551,1503,1638,1651,0,0,0,0,0,0,0,0,-9,-24,25,133,,,,,,,,,,,,,,,,,,,,,,,,,,,,,,,,,,,,,,,,,,,,,,,,,,,,,,,,,,,,,,,,,,,,,,,,,,,
57750,1690,1165,311,-31,1179,-2725,-520,-1162,-147,101,0,0,0,0,14404,956,-217,235,14404,1561,1473,1691,1641,0,0,0,0,0,0,0,-26,-22,42,54,136,,,,,,,,,,,,,,,,,,,,,,,,,,,,,,,,,,,,,,,,,,,,,,,,,,,,,,,,,,,,,,,,,,,,,,,,,,,
57803,1388,1588,-322,-143,852,-7425,-3633,1156,-117,138,2,0,0,0,14978,974,-180,287,14978,1565,1530,1679,1643,0,0,0,0,0,0,0,-46,-15,95,27,137,,,,,,,,,,,,,,,,,,,,,,,,,,,,,,,,,,,,,,,,,,,,,,,,,,,,,,,,,,,,,,,,,,,,,,,,,,,
57850,491,745,-302,68,911,-9012,-7539,2438,-39,68,0,0,0,0,14889,970,-146,280,14889,1571,1569,1663,1669,0,0,0,0,0,0,0,-19,-4,16,-8,130,,,,,,,,,,,,,,,,,,,,,,,,,,,,,,,,,,,,,,,,,,,,,,,,,,,,,,,,,,,,,,,,,,,,,,,,,,,
57903,510,314,-46,120,858,-2420,700,546,-48,27,2,0,0,0,14933,946,-188,284,14933,1586,1532,1691,1663,0,0,0,0,0,0,0,-14,-26,2,49,127,,,,,,,,,,,,,,,,,,,,,,,,,,,,,,,,,,,,,,,,,,,,,,,,,,,,,,,,,,,,,,,,,,,,,,,,,,,
57950,498,569,326,-71,878,-3824,-337,2255,-64,68,-2,0,0,0,14933,948,-184,284,14933,1590,1548,1676,1663,0,0,0,0,0,0,0,-14,-13,0,13,130,,,,,,,,,,,,,,,,,,,,,,,,,,,,,,,,,,,,,,,,,,,,,,,,,,,,,,,,,,,,,,,,,,,,,,,,,,,
58003,688,996,-404,-18,951,-5167,-3816,1400,135,10,0,39,-15,0,14978,917,-177,287,14978,1564,1571,1681,1666,0,0,0,0,0,0,0,-36,-19,62,26,135,,,,,,,,,,,,,,,,,,,,,,,,,,,,,,,,,,,,,,,,,,,,,,,,,,,,,,,,,,,,,,,,,,,,,,,,,,,
58050,449,927,-128,-141,1499,10091,3873,2438,351,-90,0,78,-34,0,14978,945,-65,287,14978,1556,1591,1663,1670,0,0,0,0,0,0,0,-8,11,-8,-48,135,,,,,,,,,,,,,,,,,,,,,,,,,,,,,,,,,,,,,,,,,,,,,,,,,,,,,,,,,,,,,,,,,,,,,,,,,,,
58103,1601,388,521,-196,1141,21444,1188,1766,547,-203,0,137,-47,0,15022,919,-68,291,15022,1560,1582,1655,1687,0,0,0,0,0,0,0,18,6,-77,-18,137,,,,,,,,,,,,,,,,,,,,,,,,,,,,,,,,,,,,,,,,,,,,,,,,,,,,,,,,,,,,,,,,,,,,,,,,,,,
58150,2616,470,221,-98,908,29256,10343,1828,525,-262,0,150,-60,0,15022,909,-75,291,15022,1588,1554,1674,1664,0,0,0,0,0,0,0,5,-1,-34,29,135,,,,,,,,,,,,,,,,,,,,,,,,,,,,,,,,,,,,,,,,,,,,,,,,,,,,,,,,,,,,,,,,,,,,,,,,,,,
58203,4070,1384,-153,292,1252,39083,22123,-430,349,-182,0,141,-60,0,15022,916,-63,291,15022,1607,1503,1714,1650,0,0,0,0,0,0,0,-6,0,17,59,137,,,,,,,,,,,,,,,,,,,,,,,,,,,,,,,,,,,,,,,,,,,,,,,,,,,,,,,,,,,,,,,,,,,,,,,,,,,
58250,4512,2138,-126,-333,1181,22542,13944,-552,94,-15,2,97,-40,0,15022,911,-28,291,15022,1592,1522,1699,1665,0,0,0,0,0,0,0,-7,35,37,-10,137,,,,,,,,,,,,,,,,,,,,,,,,,,,,,,,,,,,,,,,,,,,,,,,,,,,,,,,,,,,,,,,,,,,,,,,,,,,
58303,4585,2451,-195,230,1397,8077,-2534,2499,-236,126,2,32,-17,0,15067,910,-33,296,15067,1610,1547,1664,1667,0,0,0,0,0,0,0,-17,14,69,60,137,,,,,,,,,,,,,,,,,,,,,,,,,,,,,,,,,,,,,,,,,,,,,,,,,,,,,,,,,,,,,,,,,,,,,,,,,,,
58350,3689,1918,-395,30,901,-12308,-215,-369,-325,149,0,0,-3,0,14978,918,8,287,14978,1554,1564,1700,1663,0,0,0,0,0,0,0,-7,32,41,6,130,,,,,,,,,,,,,,,,,,,,,,,,,,,,,,,,,,,,,,,,,,,,,,,,,,,,,,,,,,,,,,,,,,,,,,,,,,,
58403,1937,676,360,-281,909,-13284,-6990,973,-169,45,0,0,-2,0,14933,919,12,284,14933,1571,1563,1649,1696,0,0,0,0,0,0,0,45,58,-104,-78,134,,,,,,,,,,,,,,,,,,,,,,,,,,,,,,,,,,,,,,,,,,,,,,,,,,,,,,,,,,,,,,,,,,,,,,,,,,,
58450,880,72,206,-300,759,-12674,-9553,1095,-76,-11,0,0,-3,0,15022,913,63,291,15022,1563,1574,1663,1683,0,0,0,0,0,0,0,23,46,-55,-58,132,,,,,,,,,,,,,,,,,,,,,,,,,,,,,,,,,,,,,,,,,,,,,,,,,,,,,,,,,,,,,,,,,,,,,,,,,,,
58503,-36,176,-273,0,947,-5533,1920,119,-3,4,2,-1,-2,0,15022,913,83,291,15022,1583,1543,1700,1655,0,0,0,0,0,0,0,-17,25,51,-13,126,,,,,,,,,,,,,,,,,,,,,,,,,,,,,,,,,,,,,,,,,,,,,,,,,,,,,,,,,,,,,,,,,,,,,,,,,,,
58550,-33,595,-181,128,1105,4659,3385,363,0,41,0,0,-2,0,14978,897,67,287,14978,1602,1524,1702,1651,0,0,0,0,0,0,0,-28,11,80,23,126,,,,,,,,,,,,,,,,,,,,,,,,,,,,,,,,,,,,,,,,,,,,,,,,,,,,,,,,,,,,,,,,,,,,,,,,,,,
58603,612,744,-408,33,995,-7486,-10347,729,-60,54,0,-1,-2,0,14978,908,71,287,14978,1576,1555,1674,1673,0,0,0,0,0,0,0,-41,-16,108,91,132,,,,,,,,,,,,,,,,,,,,,,,,,,,,,,,,,,,,,,,,,,,,,,,,,,,,,,,,,,,,,,,,,,,,,,,,,,,
58650,371,191,-346,47,964,-6143,-3450,1034,-39,13,0,-1,0,0,14978,946,131,287,14978,1558,1577,1676,1668,0,0,0,0,0,0,0,-13,15,26,3,129,,,,,,,,,,,,,,,,,,,,,,,,,,,,,,,,,,,,,,,,,,,,,,,,,,,,,,,,,,,,,,,,,,,,,,,,,,,
58703,304,-216,261,-98,830,1119,-3084,-979,203,-81,0,46,-12,0,15022,923,104,291,15022,1563,1546,1674,1695,0,0,0,0,0,0,0,11,13,-44,1,132,,,,,,,,,,,,,,,,,,,,,,,,,,,,,,,,,,,,,,,,,,,,,,,,,,,,,,,,,,,,,,,,,,,,,,,,,,,
58750,71,-383,251,-205,828,6429,-6502,1461,164,-96,2,34,-12,0,15022,933,136,291,15022,1587,1555,1657,1680,0,0,0,0,0,0,0,2,25,-25,-28,133,,,,,,,,,,,,,,,,,,,,,,,,,,,,,,,,,,,,,,,,,,,,,,,,,,,,,,,,,,,,,,,,,,,,,,,,,,,
58803,747,-250,-119,24,1487,15584,6559,-918,168,-77,0,46,-11,0,15022,942,176,291,15022,1580,1529,1703,1665,0,0,0,0,0,0,0,-10,7,9,29,132,,,,,,,,,,,,,,,,,,,,,,,,,,,,,,,,,,,,,,,,,,,,,,,,,,,,,,,,,,,,,,,,,,,,,,,,,,,
58850,1056,410,-359,3,1087,10091,7230,-1040,138,-13,2,46,-9,0,14933,947,172,284,14933,1581,1524,1708,1656,0,0,0,0,0,0,0,-38,9,86,26,132,,,,,,,,,,,,,,,,,,,,,,,,,,,,,,,,,,,,,,,,,,,,,,,,,,,,,,,,,,,,,,,,,,,,,,,,,,,
58903,831,-479,638,-607,1381,8077,-6441,1583,49,-59,2,24,-3,0,15022,962,170,291,15022,1596,1549,1645,1693,0,0,0,0,0,0,0,14,35,-59,-37,134,,,,,,,,,,,,,,,,,,,,,,,,,,,,,,,,,,,,,,,,,,,,,,,,,,,,,,,,,,,,,,,,,,,,,,,,,,,
58950,1916,413,-237,-104,902,-3153,-1802,-430,-104,18,2,12,-3,0,14978,934,169,287,14978,1570,1552,1691,1672,0,0,0,0,0,0,0,-39,3,84,52,134,,,,,,,,,,,,,,,,,,,,,,,,,,,,,,,,,,,,,,,,,,,,,,,,,,,,,,,,,,,,,,,,,,,,,,,,,,,
59003,1492,-29,218,-144,1077,936,5033,-674,-102,-44,0,5,-8,0,13458,992,214,148,13458,1542,1490,1653,1648,0,0,0,0,0,0,0,3,22,-28,-1,131,,,,,,,,,,,,,,,,,,,,,,,,,,,,,,,,,,,,,,,,,,,,,,,,,,,,,,,,,,,,,,,,,,,,,,,,,,,
59050,1463,762,-121,178,1054,-6387,3324,-979,-103,-59,2,4,-25,0,13416,993,220,143,13416,1532,1495,1660,1641,0,0,0,0,0,0,0,-31,-1,67,57,135,,,,,,,,,,,,,,,,,,,,,,,,,,,,,,,,,,,,,,,,,,,,,,,,,,,,,,,,,,,,,,,,,,,,,,,,,,,
59103,929,502,122,6,826,-3885,2714,668,-53,-350,0,5,-78,0,13248,999,224,128,13248,1544,1498,1601,1675,0,0,0,0,0,0,0,-3,2,-8,37,127,,,,,,,,,,,,,,,,,,,,,,,,,,,,,,,,,,,,,,,,,,,,,,,,,,,,,,,,,,,,,,,,,,,,,,,,,,,
59150,512,394,-31,294,795,-1505,21574,-369,-27,-475,2,3,-101,0,13248,1026,198,128,13248,1544,1482,1650,1637,0,0,0,0,0,0,0,19,4,-60,25,134,,,,,,,,,,,,,,,,,,,,,,,,,,,,,,,,,,,,,,,,,,,,,,,,,,,,,,,,,,,,,,,,,,,,,,,,,,,
59203,646,1157,-104,-272,1226,-1077,32499,-2322,-31,-544,0,4,-129,0,13332,1011,159,136,13332,1531,1468,1664,1651,0,0,0,0,0,0,0,13,-5,-20,47,140,,,,,,,,,,,,,,,,,,,,,,,,,,,,,,,,,,,,,,,,,,,,,,,,,,,,,,,,,,,,,,,,,,,,,,,,,,,
59250,1074,3121,-181,162,884,-7364,30302,1461,-72,-328,0,4,-120,0,13248,1006,87,128,13248,1543,1508,1653,1612,0,0,0,0,0,0,0,-13,-13,80,64,138,,,,,,,,,,,,,,,,,,,,,,,,,,,,,,,,,,,,,,,,,,,,,,,,,,,,,,,,,,,,,,,,,,,,,,,,,,,
59303,513,3951,-255,-16,873,-5228,25541,-552,-79,-133,0,-6,-95,0,13332,1023,81,136,13332,1548,1475,1691,1598,0,0,0,0,0,0,0,-3,-2,78,27,135,,,,,,,,,,,,,,,,,,,,,,,,,,,,,,,,,,,,,,,,,,,,,,,,,,,,,,,,,,,,,,,,,,,,,,,,,,,
59350,559,4120,-359,13,1010,325,18034,-552,-115,-83,2,-13,-88,0,13416,1020,29,143,13416,1569,1460,1677,1618,0,0,0,0,0,0,0,3,-7,75,38,133,,,,,,,,,,,,,,,,,,,,,,,,,,,,,,,,,,,,,,,,,,,,,,,,,,,,,,,,,,,,,,,,,,,,,,,,,,,
59403,318,3470,-22,77,928,-3824,9367,-1467,10,0,2,7,-60,0,13416,1005,-21,143,13416,1521,1498,1667,1641,0,0,0,0,0,0,0,30,-6,9,30,128,,,,,,,,,,,,,,,,,,,,,,,,,,,,,,,,,,,,,,,,,,,,,,,,,,,,,,,,,,,,,,,,,,,,,,,,,,,
59450,479,3315,-120,303,732,-1260,89,-430,55,111,0,19,-35,0,13458,1014,-32,148,13458,1536,1499,1662,1636,0,0,0,0,0,0,0,23,-20,30,62,132,,,,,,,,,,,,,,,,,,,,,,,,,,,,,,,,,,,,,,,,,,,,,,,,,,,,,,,,,,,,,,,,,,,,,,,,,,,
59503,893,3035,-252,-14,987,-4434,-10408,2011,-46,184,2,6,-16,0,13416,1025,-45,143,13416,1573,1498,1645,1622,0,0,0,0,0,0,0,4,-10,75,35,135,,,,,,,,,,,,,,,,,,,,,,,,,,,,,,,,,,,,,,,,,,,,,,,,,,,,,,,,,,,,,,,,,,,,,,,,,,,
59550,508,1562,223,-213,635,-1627,-5342,-1284,-9,118,-4,6,-3,0,13416,1018,-47,143,13416,1516,1502,1659,1650,0,0,0,0,0,0,0,67,20,-99,-44,136,,,,,,,,,,,,,,,,,,,,,,,,,,,,,,,,,,,,,,,,,,,,,,,,,,,,,,,,,,,,,,,,,,,,,,,,,,,
59603,1136,1867,-292,56,680,-3275,-5037,-552,-36,149,0,12,-2,0,13458,1008,-64,148,13458,1518,1516,1665,1634,0,0,0,0,0,0,0,0,-21,81,68,134,,,,,,,,,,,,,,,,,,,,,,,,,,,,,,,,,,,,,,,,,,,,,,,,,,,,,,,,,,,,,,,,,,,,,,,,,,,
59650,1225,1132,-262,66,709,-8341,-10408,119,57,88,0,32,-2,0,13543,1008,-56,155,13543,1503,1542,1641,1652,0,0,0,0,0,0,0,19,-12,19,39,133,,,,,,,,,,,,,,,,,,,,,,,,,,,,,,,,,,,,,,,,,,,,,,,,,,,,,,,,,,,,,,,,,,,,,,,,,,,
59703,977,670,-318,199,1034,-1993,-6624,363,186,44,2,54,-2,0,13416,1015,-107,143,13416,1520,1534,1650,1641,0,0,0,0,0,0,0,9,-11,39,33,133,,,,,,,,,,,,,,,,,,,,,,,,,,,,,,,,,,,,,,,,,,,,,,,,,,,,,,,,,,,,,,,,,,,,,,,,,,,
59750,1105,226,3,37,1125,9603,-4243,-491,182,2,0,55,-3,0,13543,993,-160,155,13543,1536,1504,1655,1648,0,0,0,0,0,0,0,22,7,-3,-10,128,,,,,,,,,,,,,,,,,,,,,,,,,,,,,,,,,,,,,,,,,,,,,,,,,,,,,,,,,,,,,,,,,,,,,,,,,,,
59803,1830,309,369,1,891,10274,89,1461,119,13,4,55,-2,0,13585,993,-157,159,13585,1545,1528,1644,1634,0,0,0,0,0,0,0,30,0,-29,20,127,,,,,,,,,,,,,,,,,,,,,,,,,,,,,,,,,,,,,,,,,,,,,,,,,,,,,,,,,,,,,,,,,,,,,,,,,,,
59850,2532,1416,-5,232,1036,8626,333,-3,54,109,0,55,-2,0,13500,977,-143,152,13500,1548,1496,1679,1614,0,0,0,0,0,0,0,-12,-17,84,72,130,,,,,,,,,,,,,,,,,,,,,,,,,,,,,,,,,,,,,,,,,,,,,,,,,,,,,,,,,,,,,,,,,,,,,,,,,,,
59903,2168,1147,-173,146,1056,5880,-10042,790,55,82,4,48,-3,0,13543,959,-180,155,13543,1556,1503,1632,1649,0,0,0,0,0,0,0,16,3,0,18,131,,,,,,,,,,,,,,,,,,,,,,,,,,,,,,,,,,,,,,,,,,,,,,,,,,,,,,,,,,,,,,,,,,,,,,,,,,,
59950,2018,194,408,-7,1073,4049,-11751,790,40,6,2,43,-2,0,13458,947,-184,148,13458,1564,1491,1632,1648,0,0,0,0,0,0,0,24,0,-29,29,129,,,,,,,,,,,,,,,,,,,,,,,,,,,,,,,,,,,,,,,,,,,,,,,,,,,,,,,,,,,,,,,,,,,,,,,,,,,
60003,1243,-263,-138,-437,1194,142,-93,-186,107,-40,2,43,-3,0,13500,952,-151,152,13500,1518,1527,1663,1631,0,0,0,0,0,0,0,12,30,0,-47,133,,,,,,,,,,,,,,,,,,,,,,,,,,,,,,,,,,,,,,,,,,,,,,,,,,,,,,,,,,,,,,,,,,,,,,,,,,,
60050,1995,318,-116,-150,870,9298,2225,-491,38,13,0,42,-2,0,13458,954,-171,148,13458,1549,1486,1664,1633,0,0,0,0,0,0,0,4,8,24,17,129,,,,,,,,,,,,,,,,,,,,,,,,,,,,,,,,,,,,,,,,,,,,,,,,,,,,,,,,,,,,,,,,,,,,,,,,,,,
60103,2531,408,-73,37,897,4537,-93,-2139,-7,21,0,42,-2,0,13458,916,-198,148,13458,1525,1491,1670,1651,0,0,0,0,0,0,0,-5,-6,52,64,128,,,,,,,,,,,,,,,,,,,,,,,,,,,,,,,,,,,,,,,,,,,,,,,,,,,,,,,,,,,,,,,,,,,,,,,,,,,
60150,1958,530,-290,32,1202,-2969,-4121,-1406,3,39,2,34,-1,0,13500,919,-163,152,13500,1517,1510,1650,1659,0,0,0,0,0,0,0,-5,15,49,4,131,,,,,,,,,,,,,,,,,,,,,,,,,,,,,,,,,,,,,,,,,,,,,,,,,,,,,,,,,,,,,,,,,,,,,,,,,,,
60203,1920,868,-103,217,585,-9195,-8272,2133,-66,72,0,20,0,0,13500,911,-197,152,13500,1543,1533,1627,1641,0,0,0,0,0,0,0,-10,-8,58,65,133,,,,,,,,,,,,,,,,,,,,,,,,,,,,,,,,,,,,,,,,,,,,,,,,,,,,,,,,,,,,,,,,,,,,,,,,,,,
60250,1869,801,160,-50,709,-4434,-5952,-552,-89,62,2,14,-1,0,13458,877,-290,148,13458,1529,1513,1653,1647,0,0,0,0,0,0,0,9,1,0,37,129,,,,,,,,,,,,,,,,,,,,,,,,,,,,,,,,,,,,,,,,,,,,,,,,,,,,,,,,,,,,,,,,,,,,,,,,,,,
60303,2440,44,359,108,880,-6693,-5952,2011,-205,-3,0,1,-1,0,13458,858,-379,148,13458,1545,1528,1616,1650,0,0,0,0,0,0,0,34,-16,-71,84,133,,,,,,,,,,,,,,,,,,,,,,,,,,,,,,,,,,,,,,,,,,,,,,,,,,,,,,,,,,,,,,,,,,,,,,,,,,,
60350,1492,-712,335,217,886,-14322,-1497,-430,-119,-69,0,2,-1,0,13884,844,-402,188,13884,1513,1547,1648,1666,0,0,0,0,0,0,0,37,3,-82,18,135,,,,,,,,,,,,,,,,,,,,,,,,,,,,,,,,,,,,,,,,,,,,,,,,,,,,,,,,,,,,,,,,,,,,,,,,,,,
60403,631,-134,-156,-79,1124,-6387,1249,546,-48,-22,2,1,-2,0,14844,808,-428,276,14844,1573,1550,1676,1664,0,0,0,0,0,0,0,6,16,1,-26,131,,,,,,,,,,,,,,,,,,,,,,,,,,,,,,,,,,,,,,,,,,,,,,,,,,,,,,,,,,,,,,,,,,,,,,,,,,,
60450,415,-473,-70,137,1002,-4739,-1863,2255,-25,-51,2,2,-2,0,14889,785,-422,280,14889,1583,1567,1652,1672,0,0,0,0,0,0,0,19,3,-33,5,132,,,,,,,,,,,,,,,,,,,,,,,,,,,,,,,,,,,,,,,,,,,,,,,,,,,,,,,,,,,,,,,,,,,,,,,,,,,
60503,277,-183,-268,171,1194,1424,272,-3054,-17,-26,2,1,-2,0,14933,797,-331,284,14933,1576,1502,1706,1680,0,0,0,0,0,0,0,0,2,18,6,129,,,,,,,,,,,,,,,,,,,,,,,,,,,,,,,,,,,,,,,,,,,,,,,,,,,,,,,,,,,,,,,,,,,,,,,,,,,
60550,757,164,-105,-221,1214,-5899,-3450,1950,-59,24,2,1,2,0,14712,810,-264,264,14712,1559,1579,1653,1667,0,0,0,0,0,0,0,-4,-1,31,19,132,,,,,,,,,,,,,,,,,,,,,,,,,,,,,,,,,,,,,,,,,,,,,,,,,,,,,,,,,,,,,,,,,,,,,,,,,,,
60603,1017,-770,6,430,918,-223,-528-47,60,132,,,,,,,,,,,,,,,,,,,,,,,,,,,,,,,,,,,,,,,,,,,,,,,,,,,,,,,,,,,,,,,,,,,,,,,,,,,,,,,,,,,,,,,,,,,,,,,,,,,,,
60650,688,-602,527,-586,1259,-3763,883,-918,-56,-63,0,0,-2,0,14978,753,-275,287,14978,1586,1526,1695,1672,0,0,0,0,0,0,0,12,7,-15,-5,132,,,,,,,,,,,,,,,,,,,,,,,,,,,,,,,,,,,,,,,,,,,,,,,,,,,,,,,,,,,,,,,,,,,,,,,,,,,
60703,895,512,-456,426,1127,3682,4057,-796,-74,34,2,0,-2,0,14933,752,-218,284,14933,1584,1526,1696,1664,0,0,0,0,0,0,0,-16,-7,68,38,131,,,,,,,,,,,,,,,,,,,,,,,,,,,,,,,,,,,,,,,,,,,,,,,,,,,,,,,,,,,,,,,,,,,,,,,,,,,
60750,653,338,-111,-253,1382,-1383,-5037,-125,-53,22,2,0,-1,0,15022,729,-215,291,15022,1576,1548,1667,1690,0,0,0,0,0,0,0,-3,12,32,-15,134,,,,,,,,,,,,,,,,,,,,,,,,,,,,,,,,,,,,,,,,,,,,,,,,,,,,,,,,,,,,,,,,,,,,,,,,,,,
60803,1140,272,-191,373,909,2767,-7173,-247,-96,16,2,0,-1,0,15022,705,-195,291,15022,1591,1526,1672,1683,0,0,0,0,0,0,0,-4,-14,29,58,132,,,,,,,,,,,,,,,,,,,,,,,,,,,,,,,,,,,,,,,,,,,,,,,,,,,,,,,,,,,,,,,,,,,,,,,,,,,
60850,1331,402,116,-100,829,-3580,-7478,-1162,-112,31,2,0,0,0,13458,724,-169,148,13458,1589,1519,1681,1688,0,0,0,0,0,0,0,-2,-3,20,27,133,,,,,,,,,,,,,,,,,,,,,,,,,,,,,,,,,,,,,,,,,,,,,,,,,,,,,,,,,,,,,,,,,,,,,,,,,,,
60903,805,-7,-340,274,930,-1444,-154,-1467,-63,-11,-4,1,-2,0,13374,696,-172,139,13374,1530,1483,1663,1646,0,0,0,0,0,0,0,-4,0,24,16,131,,,,,,,,,,,,,,,,,,,,,,,,,,,,,,,,,,,,,,,,,,,,,,,,,,,,,,,,,,,,,,,,,,,,,,,,,,,
60950,887,27,-295,223,586,-2237,-4976,424,-70,-8,0,1,-2,0,13374,714,-150,139,13374,1543,1501,1627,1656,0,0,0,0,0,0,0,-20,-15,62,56,131,,,,,,,,,,,,,,,,,,,,,,,,,,,,,,,,,,,,,,,,,,,,,,,,,,,,,,,,,,,,,,,,,,,,,,,,,,,
61003,973,-82,-101,239,936,-9500,-6380,57,-81,-14,0,0,-1,0,13290,695,-133,132,13290,1517,1518,1632,1652,0,0,0,0,0,0,0,-5,-13,18,46,131,,,,,,,,,,,,,,,,,,,,,,,,,,,,,,,,,,,,,,,,,,,,,,,,,,,,,,,,,,,,,,,,,,,,,,,,,,,
61050,744,282,-25,-178,1279,-40,-947,-1956,-61,21,-2,0,0,0,13164,713,-83,119,13164,1531,1462,1654,1650,0,0,0,0,0,0,0,-8,3,27,-1,128,,,,,,,,,,,,,,,,,,,,,,,,,,,,,,,,,,,,,,,,,,,,,,,,,,,,,,,,,,,,,,,,,,,,,,,,,,,
61103,1426,12,80,195,790,-7425,28,-613,-117,-9,2,1,-2,0,13332,701,-147,136,13332,1522,1505,1644,1649,0,0,0,0,0,0,0,0,-23,0,70,126,,,,,,,,,,,,,,,,,,,,,,,,,,,,,,,,,,,,,,,,,,,,,,,,,,,,,,,,,,,,,,,,,,,,,,,,,,,
61150,832,62,239,-103,513,-7303,2409,241,-65,-1,2,1,-1,0,13290,708,-128,132,13290,1532,1505,1647,1635,0,0,0,0,0,0,0,9,3,-23,-9,127,,,,,,,,,,,,,,,,,,,,,,,,,,,,,,,,,,,,,,,,,,,,,,,,,,,,,,,,,,,,,,,,,,,,,,,,,,,
61203,228,-169,360,41,917,-2176,3568,-1345,-12,-21,2,1,-1,0,13290,696,-120,132,13290,1531,1479,1655,1644,0,0,0,0,0,0,0,25,6,-66,-23,132,,,,,,,,,,,,,,,,,,,,,,,,,,,,,,,,,,,,,,,,,,,,,,,,,,,,,,,,,,,,,,,,,,,,,,,,,,,
61250,129,110,622,-232,828,-2359,-1985,2255,-4,0,0,1,-2,0,13332,672,-189,136,13332,1551,1515,1625,1636,0,0,0,0,0,0,0,11,4,-32,-19,130,,,,,,,,,,,,,,,,,,,,,,,,,,,,,,,,,,,,,,,,,,,,,,,,,,,,,,,,,,,,,,,,,,,,,,,,,,,
61303,551,-23,-176,2,843,-3458,-3145,-1101,-41,-12,2,1,-2,0,13332,675,-183,136,13332,1534,1486,1643,1657,0,0,0,0,0,0,0,-3,-19,7,43,131,,,,,,,,,,,,,,,,,,,,,,,,,,,,,,,,,,,,,,,,,,,,,,,,,,,,,,,,,,,,,,,,,,,,,,,,,,,
61350,942,-424,78,96,744,203,2286,-1467,-82,-40,0,0,0,0,13332,651,-230,136,13332,1551,1458,1656,1649,0,0,0,0,0,0,0,12,-18,-38,39,129,,,,,,,,,,,,,,,,,,,,,,,,,,,,,,,,,,,,,,,,,,,,,,,,,,,,,,,,,,,,,,,,,,,,,,,,,,,
614035,-23,40,52,133,,,,,,,,,,,,,,,,,,,,,,,,,,,,,,,,,,,,,,,,,,,,,,,,,,,,,,,,,,,,,,,,,,,,,,,,,,,,,,,,,,,,,,,,,,,,,,,,,,,,,,,,,,
61450,307,-164,900,-454,980,-711,8024,-735,-23,-17,0,0,0,0,13416,621,-297,143,13416,1535,1492,1662,1638,0,0,0,0,0,0,0,34,17,-91,-61,132,,,,,,,,,,,,,,,,,,,,,,,,,,,,,,,,,,,,,,,,,,,,,,,,,,,,,,,,,,,,,,,,,,,,,,,,,,,
61503,874,210,-414,130,755,-2115,3202,1156,-72,18,0,0,0,0,13458,613,-293,148,13458,1557,1500,1643,1637,0,0,0,0,0,0,0,-18,-22,53,44,131,,,,,,,,,,,,,,,,,,,,,,,,,,,,,,,,,,,,,,,,,,,,,,,,,,,,,,,,,,,,,,,,,,,,,,,,,,,
61550,850,168,-112,-239,1073,-5228,5582,607,-72,131,,,,,,,,,,,,,,,,,,,,,,,,,,,,,,,,,,,,,,,,,,,,,,,,,,,,,,,,,,,,,,,,,,,,,,,,,,,,,,,,,,,,,,,,,,,,,,,,,,,,
61603,1157,161,-368,263,1177,-10782,-32,2316,-101,10,0,0,0,0,13500,610,-261,152,13500,1540,1540,1622,1643,0,0,0,0,0,0,0,0,-20,8,33,131,,,,,,,,,,,,,,,,,,,,,,,,,,,,,,,,,,,,,,,,,,,,,,,,,,,,,,,,,,,,,,,,,,,,,,,,,,,
61650,514,218,-191,27,1247,1912,6620,-1040,-48,15,2,0,0,0,13628,576,-276,163,13628,1559,1478,1675,1633,0,0,0,0,0,0,0,2,0,8,-24,127,,,,,,,,,,,,,,,,,,,,,,,,,,,,,,,,,,,,,,,,,,,,,,,,,,,,,,,,,,,,,,,,,,,,,,,,,,,
61703,788,531,88,-188,1156,-1688,-276,546,-68,56,2,0,2,0,13798,539,-343,179,13798,1551,1520,1645,1653,0,0,0,0,0,0,0,3,-13,9,14,127,,,,,,,,,,,,,,,,,,,,,,,,,,,,,,,,,,,,,,,,,,,,,,,,,,,,,,,,,,,,,,,,,,,,,,,,,,,
61750,1446,795,-207,101,894,-7791,-2839,1095,-119,65,-2,1,0,0,14712,553,-323,264,14712,1548,1553,1651,1663,0,0,0,0,0,0,0,-6,-29,38,58,134,,,,,,,,,,,,,,,,,,,,,,,,,,,,,,,,,,,,,,,,,,,,,,,,,,,,,,,,,,,,,,,,,,,,,,,,,,,
61803,1012,542,410,-126,1064,-1505,-215,-491,-53,40,2,6,-1,0,14712,530,-301,264,14712,1580,1523,1681,1667,0,0,0,0,0,0,0,13,-15,-13,19,134,,,,,,,,,,,,,,,,,,,,,,,,,,,,,,,,,,,,,,,,,,,,,,,,,,,,,,,,,,,,,,,,,,,,,,,,,,,
61850,1508,109,155,184,712,-5472,-2168,1828,-89,6,2,8,0,0,14800,522,-272,271,14800,1584,1556,1653,1672,0,0,0,0,0,0,0,30,-32,-60,66,131,,,,,,,,,,,,,,,,,,,,,,,,,,,,,,,,,,,,,,,,,,,,,,,,,,,,,,,,,,,,,,,,,,,,,,,,,,,
61903,1181,125,-122,-369,1398,2279,-1069,2011,-36,10,2,13,0,0,14889,529,-224,280,14889,1601,1544,1661,1666,0,0,0,0,0,0,0,12,-7,-13,0,133,,,,,,,,,,,,,,,,,,,,,,,,,,,,,,,,,,,,,,,,,,,,,,,,,,,,,,,,,,,,,,,,,,,,,,,,,,,
61950,588,237,-408,-53,927,5941,-2229,-1040,109,20,0,32,0,0,14933,508,-186,284,14933,1591,1513,1694,1671,0,0,0,0,0,0,0,-11,13,52,-54,133,,,,,,,,,,,,,,,,,,,,,,,,,,,,,,,,,,,,,,,,,,,,,,,,,,,,,,,,,,,,,,,,,,,,,,,,,,,
62003,1064,-275,268,-131,1061,13509,-886,-674,102,-24,0,39,0,0,14933,486,-180,284,14933,1594,1515,1681,1680,0,0,0,0,0,0,0,23,-3,-41,3,134,,,,,,,,,,,,,,,,,,,,,,,,,,,,,,,,,,,,,,,,,,,,,,,,,,,,,,,,,,,,,,,,,,,,,,,,,,,
62050,2225,218,119,-245,1298,8687,2103,-735,11,12,0,41,-1,0,14933,497,-166,284,14933,1581,1528,1689,1673,0,0,0,0,0,0,0,-2,-12,31,43,132,,,,,,,,,,,,,,,,,,,,,,,,,,,,,,,,,,,,,,,,,,,,,,,,,,,,,,,,,,,,,,,,,,,,,,,,,,,
62103,3179,860,-139,377,1331,3377,1554,1217,-109,75,0,33,0,0,14933,463,-141,284,14933,1603,1532,1679,1660,0,0,0,0,0,0,0,-8,-32,49,105,134,,,,,,,,,,,,,,,,,,,,,,,,,,,,,,,,,,,,,,,,,,,,,,,,,,,,,,,,,,,,,,,,,,,,,,,,,,,
62150,1888,594,-48,-187,859,-7669,89,-1101,-32,44,2,26,-1,0,14933,460,-86,284,14933,1563,1543,1690,1675,0,0,0,0,0,0,0,12,21,-2,-43,131,,,,,,,,,,,,,,,,,,,,,,,,,,,,,,,,,,,,,,,,,,,,,,,,,,,,,,,,,,,,,,,,,,,,,,,,,,,
62203,1873,1044,11,195,1152,7344,-642,-3115,-62,91,0,20,0,0,14933,447,-69,284,14933,1594,1476,1697,1693,0,0,0,0,0,0,0,1,-2,27,22,129,,,,,,,,,,,,,,,,,,,,,,,,,,,,,,,,,,,,,,,,,,,,,,,,,,,,,,,,,,,,,,,,,,,,,,,,,,,
62250,1486,529,511,-697,1300,-3580,-8027,-491,-28,46,0,20,0,0,14933,426,-96,284,14933,1575,1535,1676,1685,0,0,0,0,0,0,0,23,23,-32,-43,134,,,,,,,,,,,,,,,,,,,,,,,,,,,,,,,,,,,,,,,,,,,,,,,,,,,,,,,,,,,,,,,,,,,,,,,,,,,
62303,1615,740,-380,320,1239,-223,639,-4031,-36,57,2,20,-1,0,14978,466,-3,287,14978,1565,1492,1721,1677,0,0,0,0,0,0,0,0,-3,27,29,129,,,,,,,,,,,,,,,,,,,,,,,,,,,,,,,,,,,,,,,,,,,,,,,,,,,,,,,,,,,,,,,,,,,,,,,,,,,
62350,1666,860,95,-224,947,-9256,-2229,-613,-44,71,2,20,0,0,14978,429,4,287,14978,1549,1563,1684,1682,0,0,0,0,0,0,0,0,-6,28,38,127,,,,,,,,,,,,,,,,,,,,,,,,,,,,,,,,,,,,,,,,,,,,,,,,,,,,,,,,,,,,,,,,,,,,,,,,,,,
62403,1516,1167,-351,368,1441,325,1127,-4397,-34,203,2,19,20,0,14933,417,-37,284,14933,1567,1484,1733,1673,0,0,0,0,0,0,0,4,-2,16,25,132,,,,,,,,,,,,,,,,,,,,,,,,,,,,,,,,,,,,,,,,,,,,,,,,,,,,,,,,,,,,,,,,,,,,,,,,,,,
62450,983,730,-256,116,1091,-4190,-10103,-1773,18,241,2,20,35,0,14978,465,-36,287,14978,1563,1527,1692,1690,0,0,0,0,0,0,0,3,0,15,14,132,,,,,,,,,,,,,,,,,,,,,,,,,,,,,,,,,,,,,,,,,,,,,,,,,,,,,,,,,,,,,,,,,,,,,,,,,,,
62503,721,121,-287,158,1089,5513,-17915,-3543,97,394,0,32,76,0,15022,467,-2,291,15022,1575,1483,1728,1676,0,0,0,0,0,0,0,-6,2,28,8,130,,,,,,,,,,,,,,,,,,,,,,,,,,,,,,,,,,,,,,,,,,,,,,,,,,,,,,,,,,,,,,,,,,,,,,,,,,,
62550,837,-574,-24,244,1169,12838,-19014,-4519,115,333,2,37,76,0,15022,459,70,291,15022,1579,1459,1720,1694,0,0,0,0,0,0,0,-12,-1,24,24,135,,,,,,,,,,,,,,,,,,,,,,,,,,,,,,,,,,,,,,,,,,,,,,,,,,,,,,,,,,,,,,,,,,,,,,,,,,,
62603,958,-1421,-217,88,1001,-528,-26277,-3726,150,225,0,46,69,0,15022,441,82,291,15022,1527,1527,1697,1713,0,0,0,0,0,0,0,-25,0,36,22,134,,,,,,,,,,,,,,,,,,,,,,,,,,,,,,,,,,,,,,,,,,,,,,,,,,,,,,,,,,,,,,,,,,,,,,,,,,,
62650,1117,-2389,-33,65,995,11251,-17427,-4336,108,32,0,41,48,0,15022,459,117,291,15022,1575,1464,1709,1712,0,0,0,0,0,0,0,-23,-6,9,42,134,,,,,,,,,,,,,,,,,,,,,,,,,,,,,,,,,,,,,,,,,,,,,,,,,,,,,,,,,,,,,,,,,,,,,,,,,,,
62703,1636,-2887,-247,208,1116,4903,-9065,-3115,-24,-244,0,23,1,0,15022,490,217,291,15022,1576,1478,1682,1724,0,0,0,0,0,0,0,-10,-7,-37,51,138,,,,,,,,,,,,,,,,,,,,,,,,,,,,,,,,,,,,,,,,,,,,,,,,,,,,,,,,,,,,,,,,,,,,,,,,,,,
62750,2340,-1192,-441,288,1084,2828,11869,-3726,-155,-100,0,9,0,0,14978,507,270,287,14978,1585,1457,1731,1685,0,0,0,0,0,0,0,-55,-21,92,90,138,,,,,,,,,,,,,,,,,,,,,,,,,,,,,,,,,,,,,,,,,,,,,,,,,,,,,,,,,,,,,,,,,,,,,,,,,,,
62803,1724,-419,272,-11,675,-6265,2042,-2261,-105,-33,2,9,0,0,15022,505,228,291,15022,1537,1531,1682,1720,0,0,0,0,0,0,0,-11,4,-18,18,133,,,,,,,,,,,,,,,,,,,,,,,,,,,,,,,,,,,,,,,,,,,,,,,,,,,,,,,,,,,,,,,,,,,,,,,,,,,
62850,982,-354,-37,2,1178,-3336,-5464,-4885,-40,-23,0,9,1,0,14978,495,169,287,14978,1560,1460,1711,1721,0,0,0,0,0,0,0,-19,5,-1,4,129,,,,,,,,,,,,,,,,,,,,,,,,,,,,,,,,,,,,,,,,,,,,,,,,,,,,,,,,,,,,,,,,,,,,,,,,,,,
62903,690,-573,-39,57,959,-2237,-5708,-2505,-18,-50,0,8,0,0,14978,509,120,287,14978,1559,1493,1692,1715,0,0,0,0,0,0,0,-18,1,-6,9,129,,,,,,,,,,,,,,,,,,,,,,,,,,,,,,,,,,,,,,,,,,,,,,,,,,,,,,,,,,,,,,,,,,,,,,,,,,,
62949,930,666,-302,0,974,-2115,9000,-4275,-44,61,0,8,0,0,14978,525,155,287,14978,1555,1459,1751,1684,0,0,0,0,0,0,0,-48,-1,79,17,128,,,,,,,,,,,,,,,,,,,,,,,,,,,,,,,,,,,,,,,,,,,,,,,,,,,,,,,,,,,,,,,,,,,,,,,,,,,
63003,590,1164,359,-161,1092,-528,700,-3176,224,108,2,55,1,0,15022,510,167,291,15022,1511,1533,1702,1719,0,0,0,0,0,0,0,-30,5,37,-3,131,,,,,,,,,,,,,,,,,,,,,,,,,,,,,,,,,,,,,,,,,,,,,,,,,,,,,,,,,,,,,,,,,,,,,,,,,,,
63050,245,1165,66,-171,1219,9908,-8882,-4336,432,105,2,90,0,0,14978,524,206,287,14978,1532,1490,1710,1723,0,0,0,0,0,0,0,-23,19,13,-41,134,,,,,,,,,,,,,,,,,,,,,,,,,,,,,,,,,,,,,,,,,,,,,,,,,,,,,,,,,,,,,,,,,,,,,,,,,,,
63103,878,935,-123,-147,849,23214,-10225,-2688,649,88,0,145,1,0,15022,543,157,291,15022,1531,1512,1706,1713,0,0,0,0,0,0,0,-28,22,19,-34,136,,,,,,,,,,,,,,,,,,,,,,,,,,,,,,,,,,,,,,,,,,,,,,,,,,,,,,,,,,,,,,,,,,,,,,,,,,,
63150,2379,1898,-395,58,955,37679,-2778,-4519,525,169,2,146,0,0,15022,557,218,291,15022,1561,1449,1735,1704,0,0,0,0,0,0,0,-70,3,132,43,135,,,,,,,,,,,,,,,,,,,,,,,,,,,,,,,,,,,,,,,,,,,,,,,,,,,,,,,,,,,,,,,,,,,,,,,,,,,
63203,3377,580,326,-338,1227,23519,-10469,-186,242,50,4,107,0,0,15022,551,252,291,15022,1549,1530,1668,1724,0,0,0,0,0,0,0,-5,30,-45,0,134,,,,,,,,,,,,,,,,,,,,,,,,,,,,,,,,,,,,,,,,,,,,,,,,,,,,,,,,,,,,,,,,,,,,,,,,,,,
63250,4114,-81,271,-274,1269,7161,333,-4336,-90,0,2,53,1,0,14978,561,259,287,14978,1553,1457,1735,1705,0,0,0,0,0,0,0,-14,8,-26,70,130,,,,,,,,,,,,,,,,,,,,,,,,,,,,,,,,,,,,,,,,,,,,,,,,,,,,,,,,,,,,,,,,,,,,,,,,,,,
63303,3582,424,-355,215,904,-4678,5949,-1773,-169,37,-4,28,0,0,14978,605,290,287,14978,1548,1493,1731,1683,0,0,0,0,0,0,0,-42,17,55,44,134,,,,,,,,,,,,,,,,,,,,,,,,,,,,,,,,,,,,,,,,,,,,,,,,,,,,,,,,,,,,,,,,,,,,,,,,,,,
63350,2617,938,-256,154,1311,-4739,13639,-2017,-162,81,-4,13,0,0,14933,611,328,284,14933,1560,1476,1743,1677,0,0,0,0,0,0,0,-38,14,52,42,136,,,,,,,,,,,,,,,,,,,,,,,,,,,,,,,,,,,,,,,,,,,,,,,,,,,,,,,,,,,,,,,,,,,,,,,,,,,
63403,1895,973,-66,0,1197,-8341,3568,-2871,-106,81,0,11,0,0,14978,625,315,287,14978,1526,1503,1727,1701,0,0,0,0,0,0,0,-29,14,30,33,131,,,,,,,,,,,,,,,,,,,,,,,,,,,,,,,,,,,,,,,,,,,,,,,,,,,,,,,,,,,,,,,,,,,,,,,,,,,
63450,1267,155,217,30,1060,-1505,2653,-2383,-58,13,0,10,0,0,14978,628,289,287,14978,1560,1472,1720,1703,0,0,0,0,0,0,0,2,17,-57,16,130,,,,,,,,,,,,,,,,,,,,,,,,,,,,,,,,,,,,,,,,,,,,,,,,,,,,,,,,,,,,,,,,,,,,,,,,,,,
63503,1151,337,-233,155,941,-3763,4240,-491,-79,25,-2,4,0,0,14978,655,332,287,14978,1567,1492,1724,1680,0,0,0,0,0,0,0,-25,-1,20,58,131,,,,,,,,,,,,,,,,,,,,,,,,,,,,,,,,,,,,,,,,,,,,,,,,,,,,,,,,,,,,,,,,,,,,,,,,,,,
63550,727,469,76,41,947,753,10892,-369,-49,40,0,2,0,0,14978,687,353,287,14978,1571,1492,1734,1669,0,0,0,0,0,0,0,-23,14,22,13,125,,,,,,,,,,,,,,,,,,,,,,,,,,,,,,,,,,,,,,,,,,,,,,,,,,,,,,,,,,,,,,,,,,,,,,,,,,,
63603,521,914,-331,-141,1235,325,9489,-4153,-31,44,0,2,-6,0,14978,698,355,287,14978,1551,1454,1759,1682,0,0,0,0,0,0,0,-34,16,60,7,130,,,,,,,,,,,,,,,,,,,,,,,,,,,,,,,,,,,,,,,,,,,,,,,,,,,,,,,,,,,,,,,,,,,,,,,,,,,
63650,167,384,58,-91,896,-2664,3385,-1162,34,-1,-2,9,-6,0,14056,702,388,204,14056,1501,1499,1688,1688,0,0,0,0,0,0,0,-5,24,-13,-16,130,,,,,,,,,,,,,,,,,,,,,,,,,,,,,,,,,,,,,,,,,,,,,,,,,,,,,,,,,,,,,,,,,,,,,,,,,,,
63703,-104,765,-175,93,755,-101,6803,-1467,58,7,2,9,-11,0,13585,737,384,159,13585,1510,1464,1705,1654,0,0,0,0,0,0,0,-26,17,46,0,128,,,,,,,,,,,,,,,,,,,,,,,,,,,,,,,,,,,,,,,,,,,,,,,,,,,,,,,,,,,,,,,,,,,,,,,,,,,
63750,75,1207,-166,127,571,1241,6681,1095,42,39,4,9,-13,0,13670,751,374,168,13670,1537,1477,1695,1633,0,0,0,0,0,0,0,-38,1,83,38,128,,,,,,,,,,,,,,,,,,,,,,,,,,,,,,,,,,,,,,,,,,,,,,,,,,,,,,,,,,,,,,,,,,,,,,,,,,,
63803,323,781,-306,199,1040,1363,5216,-2566,24,-5,2,10,-14,0,13628,754,347,163,13628,1512,1444,1712,1659,0,0,0,0,0,0,0,-19,-2,32,47,132,,,,,,,,,,,,,,,,,,,,,,,,,,,,,,,,,,,,,,,,,,,,,,,,,,,,,,,,,,,,,,,,,,,,,,,,,,,
63850,667,1135,-81,274,875,1180,8024,241,-5,36,0,10,-12,0,13500,778,353,152,13500,1527,1464,1695,1639,0,0,0,0,0,0,0,-15,-5,26,52,129,,,,,,,,,,,,,,,,,,,,,,,,,,,,,,,,,,,,,,,,,,,,,,,,,,,,,,,,,,,,,,,,,,,,,,,,,,,
63903,613,1247,-188,-100,1343,-589,1249,302,-4,42,4,9,-13,0,13543,790,330,155,13543,1533,1467,1690,1642,0,0,0,0,0,0,0,-35,-8,80,57,131,,,,,,,,,,,,,,,,,,,,,,,,,,,,,,,,,,,,,,,,,,,,,,,,,,,,,,,,,,,,,,,,,,,,,,,,,,,
63950,1301,1316,-371,346,906,-7242,-3999,2926,-26,48,2,17,-13,0,13585,804,266,159,13585,1527,1515,1656,1647,0,0,0,0,0,0,0,-18,-15,34,72,136,,,,,,,,,,,,,,,,,,,,,,,,,,,,,,,,,,,,,,,,,,,,,,,,,,,,,,,,,,,,,,,,,,,,,,,,,,,
64003,1165,691,185,148,892,-2176,333,912,55,-2,0,31,-12,0,13543,818,249,155,13543,1524,1485,1673,1653,0,0,0,0,0,0,0,7,-5,-37,41,128,,,,,,,,,,,,,,,,,,,,,,,,,,,,,,,,,,,,,,,,,,,,,,,,,,,,,,,,,,,,,,,,,,,,,,,,,,,
64050,658,-133,454,-230,912,3988,-215,1705,106,-77,2,32,-13,0,13585,829,200,159,13585,1541,1485,1669,1646,0,0,0,0,0,0,0,29,22,-99,-33,134,,,,,,,,,,,,,,,,,,,,,,,,,,,,,,,,,,,,,,,,,,,,,,,,,,,,,,,,,,,,,,,,,,,,,,,,,,,
64103,441,-244,78,-378,1162,5452,1371,2438,125,-91,0,32,-13,0,13543,837,194,155,13543,1536,1504,1670,1639,0,0,0,0,0,0,0,0,22,-19,-30,133,,,,,,,,,,,,,,,,,,,,,,,,,,,,,,,,,,,,,,,,,,,,,,,,,,,,,,,,,,,,,,,,,,,,,,,,,,,
64150,1266,472,-321,91,1050,12532,11381,1278,63,-32,0,34,-14,0,13543,858,168,155,13543,1564,1450,1701,1614,0,0,0,0,0,0,0,-32,-9,75,60,134,,,,,,,,,,,,,,,,,,,,,,,,,,,,,,,,,,,,,,,,,,,,,,,,,,,,,,,,,,,,,,,,,,,,,,,,,,,
64203,2255,1429,-80,214,638,4293,4667,1461,-22,54,0,34,-13,0,13543,859,117,155,13543,1533,1489,1677,1638,0,0,0,0,0,0,0,-34,-27,87,115,134,,,,,,,,,,,,,,,,,,,,,,,,,,,,,,,,,,,,,,,,,,,,,,,,,,,,,,,,,,,,,,,,,,,,,,,,,,,
64250,2559,1614,16,266,578,-1444,-1680,2011,-45,78,0,35,-12,0,13628,853,132,163,13628,1532,1504,1665,1647,0,0,0,0,0,0,0,-7,-17,15,86,133,,,,,,,,,,,,,,,,,,,,,,,,,,,,,,,,,,,,,,,,,,,,,,,,,,,,,,,,,,,,,,,,,,,,,,,,,,,
64303,1727,514,-165,-62,1095,-3275,-3572,668,20,-14,0,34,-11,0,13585,845,66,159,13585,1532,1488,1684,1644,0,0,0,0,0,0,0,0,8,-11,8,130,,,,,,,,,,,,,,,,,,,,,,,,,,,,,,,,,,,,,,,,,,,,,,,,,,,,,,,,,,,,,,,,,,,,,,,,,,,
64350,2757,1294,-111,-167,1395,-1138,455,3353,-80,60,0,32,-10,0,13970,848,19,195,13970,1579,1495,1681,1626,0,0,0,0,0,0,0,-41,-40,101,142,137,,,,,,,,,,,,,,,,,,,,,,,,,,,,,,,,,,,,,,,,,,,,,,,,,,,,,,,,,,,,,,,,,,,,,,,,,,,
64403,3199,2442,-135,-166,1007,-7059,-32,2377,-118,160,2,32,-10,0,13927,882,8,192,13927,1540,1524,1686,1629,0,0,0,0,0,0,0,-52,-15,136,77,137,,,,,,,,,,,,,,,,,,,,,,,,,,,,,,,,,,,,,,,,,,,,,,,,,,,,,,,,,,,,,,,,,,,,,,,,,,,
64450,2794,2433,-91,50,799,-2542,-5281,-3,-118,156,2,25,-11,0,14013,847,-3,199,14013,1538,1491,1688,1654,0,0,0,0,0,0,0,-26,4,66,21,131,,,,,,,,,,,,,,,,,,,,,,,,,,,,,,,,,,,,,,,,,,,,,,,,,,,,,,,,,,,,,,,,,,,,,,,,,,,
64503,1976,1493,62,-121,1132,-9683,-7661,1889,-74,67,0,19,-12,0,14013,856,29,199,14013,1532,1530,1670,1655,0,0,0,0,0,0,0,-6,5,3,8,130,,,,,,,,,,,,,,,,,,,,,,,,,,,,,,,,,,,,,,,,,,,,,,,,,,,,,,,,,,,,,,,,,,,,,,,,,,,
64550,1439,928,-131,-183,1519,-5594,-154,302,-62,-37,0,12,-23,0,14100,860,41,208,14100,1527,1517,1677,1669,0,0,0,0,0,0,0,2,11,-21,-11,134,,,,,,,,,,,,,,,,,,,,,,,,,,,,,,,,,,,,,,,,,,,,,,,,,,,,,,,,,,,,,,,,,,,,,,,,,,,
64603,1241,872,92,146,785,-6326,4484,302,-69,-80,0,7,-31,0,14978,837,-46,287,14978,1551,1538,1698,1685,0,0,0,0,0,0,0,-12,-19,19,64,131,,,,,,,,,,,,,,,,,,,,,,,,,,,,,,,,,,,,,,,,,,,,,,,,,,,,,,,,,,,,,,,,,,,,,,,,,,,
64650,1128,278,54,232,627,-10172,3995,3170,-28,-254,0,13,-55,0,14978,835,-13,287,14978,1546,1583,1669,1680,0,0,0,0,0,0,0,13,-15,-52,50,135,,,,,,,,,,,,,,,,,,,,,,,,,,,,,,,,,,,,,,,,,,,,,,,,,,,,,,,,,,,,,,,,,,,,,,,,,,,
64703,855,689,-407,309,1152,4964,23405,-1773,-4,-219,0,13,-55,0,14978,832,35,287,14978,1572,1486,1749,1653,0,0,0,0,0,0,0,-8,-17,18,50,134,,,,,,,,,,,,,,,,,,,,,,,,,,,,,,,,,,,,,,,,,,,,,,,,,,,,,,,,,,,,,,,,,,,,,,,,,,,
64750,1268,1403,-26,98,1037,3499,16080,-857,-47,-160,2,12,-56,0,15022,852,37,291,15022,1584,1490,1721,1673,0,0,0,0,0,0,0,-14,-28,47,77,135,,,,,,,,,,,,,,,,,,,,,,,,,,,,,,,,,,,,,,,,,,,,,,,,,,,,,,,,,,,,,,,,,,,,,,,,,,,
64803,1435,1674,-361,151,748,-9378,7963,729,-69,-140,0,11,-57,0,14978,851,62,287,14978,1549,1547,1709,1667,0,0,0,0,0,0,0,-20,-26,68,67,135,,,,,,,,,,,,,,,,,,,,,,,,,,,,,,,,,,,,,,,,,,,,,,,,,,,,,,,,,,,,,,,,,,,,,,,,,,,
64850,1352,1984,-89,279,754,-1993,12846,-796,-55,-144,2,12,-63,0,14978,834,32,287,14978,1551,1527,1716,1679,0,0,0,0,0,0,0,-16,-32,66,79,136,,,,,,,,,,,,,,,,,,,,,,,,,,,,,,,,,,,,,,,,,,,,,,,,,,,,,,,,,,,,,,,,,,,,,,,,,,,
64903,880,1349,-176,101,1105,-3763,8695,-125,-59,-262,2,3,-76,0,14978,824,46,287,14978,1551,1535,1694,1691,0,0,0,0,0,0,0,17,-13,-20,23,135,,,,,,,,,,,,,,,,,,,,,,,,,,,,,,,,,,,,,,,,,,,,,,,,,,,,,,,,,,,,,,,,,,,,,,,,,,,
64950,933,1348,-341,185,1193,3865,20597,363,-67,-262,0,2,-76,0,14978,839,83,287,14978,1588,1500,1733,1646,0,0,0,0,0,0,0,-4,-32,44,72,133,,,,,,,,,,,,,,,,,,,,,,,,,,,,,,,,,,,,,,,,,,,,,,,,,,,,,,,,,,,,,,,,,,,,,,,,,,,
65003,265,1441,723,-399,1389,-7120,7352,4513,-12,-125,0,2,-50,0,14978,825,75,287,14978,1557,1591,1669,1664,0,0,0,0,0,0,0,31,9,-39,-42,134,,,,,,,,,,,,,,,,,,,,,,,,,,,,,,,,,,,,,,,,,,,,,,,,,,,,,,,,,,,,,,,,,,,,,,,,,,,
65050,847,2330,-160,-133,1101,-406,9916,-979,9,60,0,16,-28,0,14978,857,103,287,14965150,1343,1303,-272,344,949,15462,-1314,-735,196,36,2,62,-15,0,15022,866,179,291,1565203,1184,626,518,-438,1113,13814,-4915,363,336,12,0,87,-8,0,14978,870,184,287,149765250,2522,923,132,-30,852,16561,-8821,180,216,70,2,87,-2,0,15022,880,161,291,15022,1550,1543,1689,1690,0,0,0,0,0,0,0,15,-1,-1,27,130,,,,,,,,,,,,,,,,,,
65303,3552,762,-35,11,1162,23397,-3084,-1345,126,52,0,87,-2,0,15022,913,214,291,15022,1580,1488,1713,1687,0,0,0,0,0,0,0,4,-7,25,63,131,,,,,,,,,,,,,,,,,,,,,,,,,,,,,,,,,,,,,,,,,,,,,,,,,,,,,,,,,,,,,,,,,,,,,,,,,,,
65350,3532,298,552,-155,1122,12960,-4121,-125,152,12,0,92,-2,0,15022,912,251,291,15022,1565,1524,1707,1678,0,0,0,0,0,0,0,26,20,-37,1,133,,,,,,,,,,,,,,,,,,,,,,,,,,,,,,,,,,,,,,,,,,,,,,,,,,,,,,,,,,,,,,,,,,,,,,,,,,,
65403,4027,956,-541,406,1031,14241,-3694,-1101,109,69,-6,92,-2,0,14978,904,252,287,14978,1572,1494,1726,1671,0,0,0,0,0,0,0,-25,-1,97,74,136,,,,,,,,,,,,,,,,,,,,,,,,,,,,,,,,,,,,,,,,,,,,,,,,,,,,,,,,,,,,,,,,,,,,,,,,,,,
65450,3791,192,61,-175,1092,10579,-3877,-1467,129,6,-2,92,-2,0,15022,919,269,291,15022,1560,1505,1705,1695,0,0,0,0,0,0,0,14,24,-12,13,134,,,,,,,,,,,,,,,,,,,,,,,,,,,,,,,,,,,,,,,,,,,,,,,,,,,,,,,,,,,,,,,,,,,,,,,,,,,
65503,2928,-483,-116,39,1199,4842,-7417,1278,97,-59,-4,70,-3,0,14889,943,275,280,14889,1559,1541,1677,1689,0,0,0,0,0,0,0,29,53,-56,-57,135,,,,,,,,,,,,,,,,,,,,,,,,,,,,,,,,,,,,,,,,,,,,,,,,,,,,,,,,,,,,,,,,,,,,,,,,,,,
65550,3206,-455,-420,497,607,5025,-947,790,-112,-57,2,33,-3,0,13585,948,277,159,13585,1537,1492,1656,1658,0,0,0,0,0,0,0,0,4,23,81,130,,,,,,,,,,,,,,,,,,,,,,,,,,,,,,,,,,,,,,,,,,,,,,,,,,,,,,,,,,,,,,,,,,,,,,,,,,,
65603,3113,-120,14,204,865,-11636,-2046,912,-268,-24,-2,0,-2,0,13585,975,238,159,13585,1523,1505,1654,1662,0,0,0,0,0,0,0,9,8,-1,67,131,,,,,,,,,,,,,,,,,,,,,,,,,,,,,,,,,,,,,,,,,,,,,,,,,,,,,,,,,,,,,,,,,,,,,,,,,,,
65650,2546,-183,-59,222,638,-28848,-9736,3903,-292,-33,-2,-13,-3,0,13543,991,221,155,13543,1512,1559,1621,1658,0,0,0,0,0,0,0,4,-7,6,96,135,,,,,,,,,,,,,,,,,,,,,,,,,,,,,,,,,,,,,,,,,,,,,,,,,,,,,,,,,,,,,,,,,,,,,,,,,,,
65703,1720,564,-311,200,866,-17069,4606,-613,-258,31,-2,-21,-3,0,13543,994,229,155,13543,1528,1474,1704,1624,0,0,0,0,0,0,0,-25,-2,90,63,136,,,,,,,,,,,,,,,,,,,,,,,,,,,,,,,,,,,,,,,,,,,,,,,,,,,,,,,,,,,,,,,,,,,,,,,,,,,
65750,1227,312,196,-145,984,-19022,-3145,912,-215,-25,-2,-21,-10,0,13543,1000,176,155,13543,1511,1516,1650,1663,0,0,0,0,0,0,0,17,14,-26,6,138,,,,,,,,,,,,,,,,,,,,,,,,,,,,,,,,,,,,,,,,,,,,,,,,,,,,,,,,,,,,,,,,,,,,,,,,,,,
65803,711,-440,544,-47,921,-17130,-3511,851,-208,-125,0,-29,-17,0,13543,1015,154,155,13543,1522,1506,1644,1667,0,0,0,0,0,0,0,27,4,-55,19,137,,,,,,,,,,,,,,,,,,,,,,,,,,,,,,,,,,,,,,,,,,,,,,,,,,,,,,,,,,,,,,,,,,,,,,,,,,,
65850,-268,-426,385,-8,844,-14688,4972,-857,-123,-152,2,-29,-23,0,13585,1024,92,159,13585,1502,1506,1663,1668,0,0,0,0,0,0,0,32,19,-68,-34,138,,,,,,,,,,,,,,,,,,,,,,,,,,,,,,,,,,,,,,,,,,,,,,,,,,,,,,,,,,,,,,,,,,,,,,,,,,,
65903,-525,278,-250,102,989,-12186,5521,1766,-100,-90,2,-29,-23,0,13543,1025,63,155,13543,1522,1523,1648,1651,0,0,0,0,0,0,0,8,-1,3,11,134,,,,,,,,,,,,,,,,,,,,,,,,,,,,,,,,,,,,,,,,,,,,,,,,,,,,,,,,,,,,,,,,,,,,,,,,,,,
65950,-656,1029,-236,56,888,-6937,4667,1034,-89,-25,2,-29,-23,0,13585,1034,136,159,13585,1524,1513,1659,1649,0,0,0,0,0,0,0,-12,-8,67,24,136,,,,,,,,,,,,,,,,,,,,,,,,,,,,,,,,,,,,,,,,,,,,,,,,,,,,,,,,,,,,,,,,,,,,,,,,,,,
66003,-248,1287,-257,18,1162,-15726,-6441,4330,-117,-2,0,-27,-23,0,13500,1021,121,152,13500,1534,1548,1622,1645,0,0,0,0,0,0,0,-19,-22,89,56,140,,,,,,,,,,,,,,,,,,,,,,,,,,,,,,,,,,,,,,,,,,,,,,,,,,,,,,,,,,,,,,,,,,,,,,,,,,,
66050,-478,955,-211,70,793,-7608,-2168,424,-69,-28,-4,-22,-22,0,13458,1037,51,148,13458,1513,1506,1651,1661,0,0,0,0,0,0,0,11,-2,6,-1,133,,,,,,,,,,,,,,,,,,,,,,,,,,,,,,,,,,,,,,,,,,,,,,,,,,,,,,,,,,,,,,,,,,,,,,,,,,,
66103,138,1147,-37,419,841,-7669,1066,729,-92,-8,0,-16,-21,0,13500,1029,13,152,13500,1513,1517,1655,1652,0,0,0,0,0,0,0,6,-28,22,65,131,,,,,,,,,,,,,,,,,,,,,,,,,,,,,,,,,,,,,,,,,,,,,,,,,,,,,,,,,,,,,,,,,,,,,,,,,,,
66150,-289,476,366,81,1036,-6082,-1008,363,-58,-70,-2,-16,-22,0,13500,1047,35,152,13500,1505,1515,1641,1670,0,0,0,0,0,0,0,39,-6,-66,0,134,,,,,,,,,,,,,,,,,,,,,,,,,,,,,,,,,,,,,,,,,,,,,,,,,,,,,,,,,,,,,,,,,,,,,,,,,,,
66203,-425,1198,74,-133,1222,-3702,150,-2200,-46,-7,0,-16,-22,0,13543,1052,39,155,13543,1511,1471,1680,1659,0,0,0,0,0,0,0,-1,-8,41,0,133,,,,,,,,,,,,,,,,,,,,,,,,,,,,,,,,,,,,,,,,,,,,,,,,,,,,,,,,,,,,,,,,,,,,,,,,,,,
66250,-616,485,-35,128,1033,-8035,-5952,-613,-33,-62,0,-17,-20,0,13500,1028,1,152,13500,1499,1510,1641,1682,0,0,0,0,0,0,0,16,-19,-10,23,136,,,,,,,,,,,,,,,,,,,,,,,,,,,,,,,,,,,,,,,,,,,,,,,,,,,,,,,,,,,,,,,,,,,,,,,,,,,
66303,-144,383,-58,-24,1145,-6265,-5342,-3,-64,-71,-2,-15,-20,0,13543,1041,-16,155,13543,1522,1497,1655,1664,0,0,0,0,0,0,0,0,-33,30,56,135,,,,,,,,,,,,,,,,,,,,,,,,,,,,,,,,,,,,,,,,,,,,,,,,,,,,,,,,,,,,,,,,,,,,,,,,,,,
66350,-30,735,-293,-37,1133,-12003,-4732,2255,-115,-5,-2,-23,-13,0,13500,1031,-29,152,13500,1516,1535,1632,1658,0,0,0,0,0,0,0,-6,-26,47,35,139,,,,,,,,,,,,,,,,,,,,,,,,,,,,,,,,,,,,,,,,,,,,,,,,,,,,,,,,,,,,,,,,,,,,,,,,,,,
66403,327,1254,-180,288,432,-5411,-1741,1522,-147,78,0,-23,-6,0,13500,1046,-19,152,13500,1547,1494,1659,1638,0,0,0,0,0,0,0,-19,-52,82,103,138,,,,,,,,,,,,,,,,,,,,,,,,,,,,,,,,,,,,,,,,,,,,,,,,,,,,,,,,,,,,,,,,,,,,,,,,,,,
66450,-2,796,8,37,1041,-10538,-9859,973,-114,34,-2,-23,-6,0,13500,1043,-33,152,13500,1510,1522,1634,1671,0,0,0,0,0,0,0,7,-24,5,24,130,,,,,,,,,,,,,,,,,,,,,,,,,,,,,,,,,,,,,,,,,,,,,,,,,,,,,,,,,,,,,,,,,,,,,,,,,,,
66503,-31,510,-9,335,901,-4007,-2290,729,-119,23,-2,-24,-4,0,13500,1044,-28,152,13500,1540,1488,1664,1643,0,0,0,0,0,0,0,-1,-39,26,61,133,,,,,,,,,,,,,,,,,,,,,,,,,,,,,,,,,,,,,,,,,,,,,,,,,,,,,,,,,,,,,,,,,,,,,,,,,,,
66550,335,506,136,240,896,-6021,-2412,424,-102,19,0,-14,-4,0,13500,1011,-129,152,13500,1506,1518,1649,1659,0,0,0,0,0,0,0,10,-34,-6,46,134,,,,,,,,,,,,,,,,,,,,,,,,,,,,,,,,,,,,,,,,,,,,,,,,,,,,,,,,,,,,,,,,,,,,,,,,,,,
66603,-172,187,-397,97,982,-772,-4060,729,1,-8,0,-2,-4,0,13970,1008,-145,195,13970,1535,1520,1652,1674,0,0,0,0,0,0,0,0,-22,15,12,129,,,,,,,,,,,,,,,,,,,,,,,,,,,,,,,,,,,,,,,,,,,,,,,,,,,,,,,,,,,,,,,,,,,,,,,,,,,
66650,559,-14,-13,-80,1301,3927,-1314,-613,24,-57,2,14,-11,0,14448,1006,-196,240,14448,1548,1513,1677,1683,0,0,0,0,0,0,0,1,-49,9,85,132,,,,,,,,,,,,,,,,,,,,,,,,,,,,,,,,,,,,,,,,,,,,,,,,,,,,,,,,,,,,,,,,,,,,,,,,,,,
66703,805,386,-363,0,1123,7894,578,1156,208,-29,0,55,-12,0,15022,987,-209,291,15022,1563,1550,1682,1681,0,0,0,0,0,0,0,-22,-27,75,30,132,,,,,,,,,,,,,,,,,,,,,,,,,,,,,,,,,,,,,,,,,,,,,,,,,,,,,,,,,,,,,,,,,,,,,,,,,,,
66750,1304,339,-126,-13,805,22481,7230,-1834,228,-78,0,68,-21,0,14978,974,-244,287,14978,1588,1478,1714,1682,0,0,0,0,0,0,0,-4,-20,29,25,136,,,,,,,,,,,,,,,,,,,,,,,,,,,,,,,,,,,,,,,,,,,,,,,,,,,,,,,,,,,,,,,,,,,,,,,,,,,
66803,2251,646,-59,223,1106,13692,3934,1339,72,-51,2,53,-21,0,14978,969,-213,287,14978,157566850,2814,777,-348,194,647,11007,4606,-979,16,-33,0,52,-20,0,14978,973,-168,287,14998,1689,0,0,0,0,0,0,0,-2,-19,31,54,134,,,,,,,,,,,,,,,,,,,,,,,,,,,,,,,,,,,,,,,,,,,,,,,,,,,,,,,,,,
66903,3087,1020,-258,339,1116,1973,1127,1400,-32,12,-2,47,-15,0,15022,959,-133,291,15022,1570,1544,1681,1678,0,0,0,0,0,0,0,-7,-23,51,71,136,,,,,,,,,,,,,,,,,,,,,,,,,,,,,,,,,,,,,,,,,,,,,,,,,,,,,,,,,,,,,,,,,,,,,,,,,,,
66950,2940,1330,-47,181,921,5697,4423,-613,-82,49,0,34,-13,0,14933,950,-153,284,14933,1581,1505,1706,1676,0,0,0,0,0,0,0,0,-12,35,46,132,,,,,,,,,,,,,,,,,,,,,,,,,,,,,,,,,,,,,,,,,,,,,,,,,,,,,,,,,,,,,,,,,,,,,,,,,,,
67003,2527,1449,-230,137,713,-711,-642,119,-175,119,2,9,-1,0,14978,951,-90,287,14978,1586,1513,1697,1675,0,0,0,0,0,0,0,-14,-4,75,31,132,,,,,,,,,,,,,,,,,,,,,,,,,,,,,,,,,,,,,,,,,,,,,,,,,,,,,,,,,,,,,,,,,,,,,,,,,,,
67050,2285,987,60,69,713,-7120,-8760,1156,-185,75,2,2,-2,0,14978,943,-74,287,14978,1573,1542,1667,1694,0,0,0,0,0,0,0,18,-14,-15,56,131,,,,,,,,,,,,,,,,,,,,,,,,,,,,,,,,,,,,,,,,,,,,,,,,,,,,,,,,,,,,,,,,,,,,,,,,,,,
67103,1730,1040,-160,-76,1102,-9989,-154,-3482,-144,87,-4,1,0,0,14889,948,-49,280,14889,1548,1493,1728,1687,0,0,0,0,0,0,0,2,-4,24,21,133,,,,,,,,,,,,,,,,,,,,,,,,,,,,,,,,,,,,,,,,,,,,,,,,,,,,,,,,,,,,,,,,,,,,,,,,,,,
67150,1389,976,89,-81,732,-13223,-7783,1889,-117,74,0,0,-2,0,14978,958,-16,287,14978,1537,1585,1659,1695,0,0,0,0,0,0,0,10,4,0,-6,129,,,,,,,,,,,,,,,,,,,,,,,,,,,,,,,,,,,,,,,,,,,,,,,,,,,,,,,,,,,,,,,,,,,,,,,,,,,
67203,983,582,-279,-46,1504,-2481,-3572,-1895,-89,36,-2,0,-2,0,14933,937,-2,284,14933,1574,1489,1711,1685,0,0,0,0,0,0,0,3,-9,12,23,131,,,,,,,,,,,,,,,,,,,,,,,,,,,,,,,,,,,,,,,,,,,,,,,,,,,,,,,,,,,,,,,,,,,,,,,,,,,
67250,471,154,-380,68,1272,-4434,1310,1400,-44,-52,-2,0,-13,0,14889,942,-35,280,14889,1568,1541,1683,1675,0,0,0,0,0,0,0,-4,-1,28,-3,132,,,,,,,,,,,,,,,,,,,,,,,,,,,,,,,,,,,,,,,,,,,,,,,,,,,,,,,,,,,,,,,,,,,,,,,,,,,
67303,733,81,161,147,939,-3458,-4182,2255,-67,-62,2,0,-13,0,14978,964,-6,287,14978,1586,1544,1659,1692,0,0,0,0,0,0,0,1,-29,11,64,129,,,,,,,,,,,,,,,,,,,,,,,,,,,,,,,,,,,,,,,,,,,,,,,,,,,,,,,,,,,,,,,,,,,,,,,,,,,
67350,879,899,-203,50,1214,-1260,-459,-552,3,-40,2,16,-23,0,14978,937,27,287,14978,1581,1507,1693,1689,0,0,0,0,0,0,0,-20,-38,69,85,131,,,,,,,,,,,,,,,,,,,,,,,,,,,,,,,,,,,,,,,,,,,,,,,,,,,,,,,,,,,,,,,,,,,,,,,,,,,
67403,138,463,550,-200,847,-2542,-459,2987,33,-36,0,9,-15,0,14978,977,89,287,14978,1568,1569,1655,1687,0,0,0,0,0,0,0,32,16,-71,-63,131,,,,,,,,,,,,,,,,,,,,,,,,,,,,,,,,,,,,,,,,,,,,,,,,,,,,,,,,,,,,,,,,,,,,,,,,,,,
67450,382,413,489,-77,1109,3804,-1008,-1589,-26,22,-2,1,-2,0,14978,946,48,287,14978,1556,1516,1693,1702,0,0,0,0,0,0,0,23,2,-47,-22,131,,,,,,,,,,,,,,,,,,,,,,,,,,,,,,,,,,,,,,,,,,,,,,,,,,,,,,,,,,,,,,,,,,,,,,,,,,,
67503,536,521,-14,-237,973,814,89,790,-11,31,0,6,-2,0,14978,947,62,287,14978,1573,1533,1693,1671,0,0,0,0,0,0,0,10,7,-12,-31,124,,,,,,,,,,,,,,,,,,,,,,,,,,,,,,,,,,,,,,,,,,,,,,,,,,,,,,,,,,,,,,,,,,,,,,,,,,,
67550,869,83,193,80,1121,7222,3995,-1223,49,-3,0,25,-2,0,14978,961,78,287,14978,1575,1504,1706,1682,0,0,0,0,0,0,0,22,-7,-46,12,127,,,,,,,,,,,,,,,,,,,,,,,,,,,,,,,,,,,,,,,,,,,,,,,,,,,,,,,,,,,,,,,,,,,,,,,,,,,
67603,584,-32,-2,-105,1071,1729,-7905,2926,430,-9,0,96,-1,0,14933,975,149,284,14933,1549,1587,1652,1687,0,0,0,0,0,0,0,1,2,10,-10,129,,,,,,,,,,,,,,,,,,,,,,,,,,,,,,,,,,,,,,,,,,,,,,,,,,,,,,,,,,,,,,,,,,,,,,,,,,,
67650,1093,366,-23,-215,879,27181,28,1950,669,25,0,152,-1,0,14978,987,145,287,14978,1552,1574,1674,1678,0,0,0,0,0,0,0,9,28,-7,-59,130,,,,,,,,,,,,,,,,,,,,,,,,,,,,,,,,,,,,,,,,,,,,,,,,,,,,,,,,,,,,,,,,,,,,,,,,,,,
67703,2864,709,-58,105,1020,50618,4484,-1773,514,51,2,152,-2,0,15022,985,87,291,15022,1617,1448,1713,1678,0,0,0,0,0,0,0,-2,9,26,28,131,,,,,,,,,,,,,,,,,,,,,,,,,,,,,,,,,,,,,,,,,,,,,,,,,,,,,,,,,,,,,,,,,,,,,,,,,,,
67750,4297,631,215,-70,984,27730,-5098,1522,281,51,0,131,0,0,14933,989,108,284,14933,1583,1536,1679,1675,0,0,0,0,0,0,0,4,15,6,44,129,,,,,,,,,,,,,,,,,,,,,,,,,,,,,,,,,,,,,,,,,,,,,,,,,,,,,,,,,,,,,,,,,,,,,,,,,,,
67803,4565,870,-325,-273,1111,17415,-1130,-1589,219,65,0,123,-2,0,14933,1008,140,284,14933,1571,1503,1716,1672,0,0,0,0,0,0,0,-6,46,32,-19,138,,,,,,,,,,,,,,,,,,,,,,,,,,,,,,,,,,,,,,,,,,,,,,,,,,,,,,,,,,,,,,,,,,,,,,,,,,,
67850,4389,880,-311,27,843,8870,-4976,1400,56,73,-2,87,0,0,14933,1007,133,284,14933,1571,1544,1672,1685,0,0,0,0,0,0,0,-18,34,64,24,131,,,,,,,,,,,,,,,,,,,,,,,,,,,,,,,,,,,,,,,,,,,,,,,,,,,,,,,,,,,,,,,,,,,,,,,,,,,
67903,4016,707,-22,-206,804,-284,-8455,-1406,-36,54,2,62,-1,0,15022,1014,132,291,15022,1565,1513,1682,1704,0,0,0,0,0,0,0,-9,47,35,-5,133,,,,,,,,,,,,,,,,,,,,,,,,,,,,,,,,,,,,,,,,,,,,,,,,,,,,,,,,,,,,,,,,,,,,,,,,,,,
67950,3397,719,-196,-29,793,-10294,-11567,1583,-100,55,2,39,-1,0,14978,1035,153,287,14978,1537,1583,1649,1703,0,0,0,0,0,0,0,-5,51,20,-16,137,,,,,,,,,,,,,,,,,,,,,,,,,,,,,,,,,,,,,,,,,,,,,,,,,,,,,,,,,,,,,,,,,,,,,,,,,,,
68003,2637,849,48,-39,961,-12979,-6380,-1834,-76,67,2,30,-1,0,14978,1042,182,287,14978,1531,1543,1686,1708,0,0,0,0,0,0,0,-6,40,20,2,132,,,,,,,,,,,,,,,,,,,,,,,,,,,,,,,,,,,,,,,,,,,,,,,,,,,,,,,,,,,,,,,,,,,,,,,,,,,
68050,1723,437,114,-40,745,-17252,-10896,-735,-136,34,0,2,0,0,15022,1052,207,291,15022,1534,1556,1676,1709,0,0,0,0,0,0,0,-3,31,2,12,132,,,,,,,,,,,,,,,,,,,,,,,,,,,,,,,,,,,,,,,,,,,,,,,,,,,,,,,,,,,,,,,,,,,,,,,,,,,
68103,575,-507,229,27,1331,-6021,3080,-308,-53,-51,0,0,-1,0,15022,1054,215,291,15022,1577,1517,1700,1681,0,0,0,0,0,0,0,5,30,-24,0,130,,,,,,,,,,,,,,,,,,,,,,,,,,,,,,,,,,,,,,,,,,,,,,,,,,,,,,,,,,,,,,,,,,,,,,,,,,,
68150,161,-500,395,-269,1072,-5411,7658,-1101,-3,-120,2,2,-15,0,15067,1062,155,296,15067,1585,1501,1707,1683,0,0,0,0,0,0,0,16,31,-53,-9,136,,,,,,,,,,,,,,,,,,,,,,,,,,,,,,,,,,,,,,,,,,,,,,,,,,,,,,,,,,,,,,,,,,,,,,,,,,,
68203,91,405,-315,225,877,-7547,4179,1766,33,-44,0,8,-16,0,15022,1106,255,291,15022,1572,1553,1687,1669,0,0,0,0,0,0,0,-19,17,52,21,131,,,,,,,,,,,,,,,,,,,,,,,,,,,,,,,,,,,,,,,,,,,,,,,,,,,,,,,,,,,,,,,,,,,,,,,,,,,
68250,245,1011,-90,-38,1180,-4312,7230,912,62,11,2,16,-15,0,15112,1114,302,300,15112,1567,1553,1688,1681,0,0,0,0,0,0,0,-6,24,26,2,130,,,,,,,,,,,,,,,,,,,,,,,,,,,,,,,,,,,,,,,,,,,,,,,,,,,,,,,,,,,,,,,,,,,,,,,,,,,
68303,401,1011,102,-28,924,-101,1981,1217,83,7,-2,23,-16,0,15067,1109,242,296,15067,1567,1551,1678,1688,0,0,0,0,0,0,0,15,26,-27,-2,131,,,,,,,,,,,,,,,,,,,,,,,,,,,,,,,,,,,,,,,,,,,,,,,,,,,,,,,,,,,,,,,,,,,,,,,,,,,
68350,877,1275,-276,323,810,447,516,485,38,31,-2,23,-16,0,15022,1109,247,291,15022,1590,1514,1697,1675,0,0,0,0,0,0,0,-4,-3,28,76,129,,,,,,,,,,,,,,,,,,,,,,,,,,,,,,,,,,,,,,,,,,,,,,,,,,,,,,,,,,,,,,,,,,,,,,,,,,,
68403,1160,1295,50,-43,794,-4373,2225,-1284,-101,67,0,0,-9,0,15067,1134,246,296,15067,1563,1522,1704,1689,0,0,0,0,0,0,0,3,11,10,36,131,,,,,,,,,,,,,,,,,,,,,,,,,,,,,,,,,,,,,,,,,,,,,,,,,,,,,,,,,,,,,,,,,,,,,,,,,,,
68450,993,849,126,21,803,-19754,-11262,2560,-93,63,0,-1,-2,0,15067,1164,283,296,15067,1518,1615,1646,1703,0,0,0,0,0,0,0,30,25,-64,-6,133,,,,,,,,,,,,,,,,,,,,,,,,,,,,,,,,,,,,,,,,,,,,,,,,,,,,,,,,,,,,,,,,,,,,,,,,,,,
68503,404,828,-55,-26,1108,-2176,3324,-2383,-42,61,-2,-1,-2,0,15067,1181,285,296,15067,1580,1483,1727,1679,0,0,0,0,0,0,0,-7,10,36,20,133,,,,,,,,,,,,,,,,,,,,,,,,,,,,,,,,,,,,,,,,,,,,,,,,,,,,,,,,,,,,,,,,,,,,,,,,,,,
68550,31,264,136,43,878,-2725,-3694,2011,-6,12,0,0,-2,0,15067,1174,262,296,15067,1579,1549,1675,1682,0,0,0,0,0,0,0,12,13,-21,8,127,,,,,,,,,,,,,,,,,,,,,,,,,,,,,,,,,,,,,,,,,,,,,,,,,,,,,,,,,,,,,,,,,,,,,,,,,,,
68603,146,168,-172,118,1151,-2298,211,-3298,-16,11,-2,0,0,0,15067,1188,290,296,15067,1548,1503,1725,1692,0,0,0,0,0,0,0,-1,7,12,18,130,,,,,,,,,,,,,,,,,,,,,,,,,,,,,,,,,,,,,,,,,,,,,,,,,,,,,,,,,,,,,,,,,,,,,,,,,,,
68650,138,110,181,-144,839,-4862,-3084,-2383,92,2,-2,20,-1,0,15022,1219,301,291,15022,1523,1540,1694,1712,0,0,0,0,0,0,0,2,5,-2,16,130,,,,,,,,,,,,,,,,,,,,,,,,,,,,,,,,,,,,,,,,,,,,,,,,,,,,,,,,,,,,,,,,,,,,,,,,,,,
68703,-579,-211,-25,-133,1318,1485,-4060,1034,556,-21,0,101,0,0,14978,1215,339,287,14978,1483,1621,1681,1686,0,0,0,0,0,0,0,7,34,-20,-65,136,,,,,,,,,,,,,,,,,,,,,,,,,,,,,,,,,,,,,,,,,,,,,,,,,,,,,,,,,,,,,,,,,,,,,,,,,,,
68750,392,120,143,-244,1256,31881,5216,-369,635,7,0,134,0,0,15022,1232,361,291,15022,1594,1495,1715,1667,0,0,0,0,0,0,0,-7,24,20,-26,132,,,,,,,,,,,,,,,,,,,,,,,,,,,,,,,,,,,,,,,,,,,,,,,,,,,,,,,,,,,,,,,,,,,,,,,,,,,
68803,2342,723,-93,104,1054,30965,-9431,2621,413,63,0,123,0,0,15022,1289,423,291,15022,1587,1547,1660,1688,0,0,0,0,0,0,0,0,16,-1,27,132,,,,,,,,,,,,,,,,,,,,,,,,,,,,,,,,,,,,,,,,,,,,,,,,,,,,,,,,,,,,,,,,,,,,,,,,,,,
68850,3821,869,-138,-127,599,16439,-154,119,36,75,-2,74,0,0,15112,1284,420,300,15112,1568,1533,1700,1679,0,0,0,0,0,0,0,-14,18,41,46,132,,,,,,,,,,,,,,,,,,,,,,,,,,,,,,,,,,,,,,,,,,,,,,,,,,,,,,,,,,,,,,,,,,,,,,,,,,,
68903,4340,386,210,279,1020,6551,-1436,-1040,-235,72,0,28,7,0,14491,1321,406,244,14491,1583,1498,1694,1696,0,0,0,0,0,0,0,18,18,-47,58,134,,,,,,,,,,,,,,,,,,,,,,,,,,,,,,,,,,,,,,,,,,,,,,,,,,,,,,,,,,,,,,,,,,,,,,,,,,,
68950,3439,357,-227,0,1051,-18045,-6502,241,-296,93,0,0,12,0,13713,1332,386,172,13713,1515,1519,1662,1659,0,0,0,0,0,0,0,-5,27,17,26,132,69003,2667,286,-193,218,985,-10965,2958,-1345,-236,49,2,0,4,0,13670,1343,347,168,13669050,2135,456,191,108,828,-16824,-5769,973,-189,57,0,0,3,0,13585,1368,306,159,13585,1508,1657,1648,0,0,0,0,0,0,0,-4,2,9,66,129,,,,,,,,,,,,,,,,,,,,,
69103,933,-213,-228,166,1003,-13956,-6624,302,-88,-11,0,-1,1,0,13585,1386,315,159,13585,1527,1500,1658,1654,0,0,0,0,0,0,0,169150,862,190,161,-289,1428,-7059,-1924,241,-78,27,0,0,2,0,13585,1408,369,159,13585,1541,1487,1665,1649,0,0,0,0,0,0,0,-12,6,25,34,130,,,,,,,,,,,,,,,,,,,,,,,,,,,,,,,,,,,,,,,,,,,,
69203,655,9,-46,-339,956,-10538,-1130,1156,-64,7,0,-1,1,0,12382,1430,304,44,12382,1485,1493,1633,1617,0,0,0,0,0,0,0,0,21,-6,-8,127,,,,,,,,,,,,,,,,,,,,,,,,,,,,,,,,,,,,,,,,,,,,,,,,,,,,,,,,,,,,,,,,,,,,,,,,,,,
69250,760,83,-275,-285,907,-5106,1554,-1223,-76,10,0,-2,0,0,12341,1431,216,40,12341,1492,1445,1658,1619,0,0,0,0,0,0,0,-6,15,9,1,128,,,,,,,,,,,,,,,,,,,,,,,,,,,,,,,,,,,,,,,,,,,,,,,,,,,,,,,,,,,,,,,,,,,,,,,,,,,
69303,1067,208,-151,157,710,-5411,1798,485,-100,18,0,-1,0,0,12220,1453,169,27,12220,1503,1460,1642,1612,0,0,0,0,0,0,0,-30,-20,70,92,132,,,,,,,,,,,,,,,,,,,,,,,,,,,,,,,,,,,,,,,,,,,,,,,,,,,,,,,,,,,,,,,,,,,,,,,,,,,
69350,390,-552,-202,45,727,-9866,-2778,2194,-37,-44,-2,0,0,0,12220,1471,129,27,12220,1492,1493,1615,1616,0,0,0,0,0,0,0,-7,3,5,20,129,,,,,,,,,,,,,,,,,,,,,,,,,,,,,,,,,,,,,,,,,,,,,,,,,,,,,,,,,,,,,,,,,,,,,,,,,,,
69403,-4,-991,47,-98,581,-5594,3873,241,-6,-86,-2,-1,0,0,12220,1469,34,27,12220,1489,1461,1640,1610,0,0,0,0,0,0,0,14,22,-58,-40,128,,,,,,,,,,,,,,,,,,,,,,,,,,,,,,,,,,,,,,,,,,,,,,,,,,,,,,,,,,,,,,,,,,,,,,,,,,,
69450,-28,-985,-299,223,1210,509,4301,-369,-1,-82,2,0,0,0,12180,1452,-60,24,12180,1502,1445,1634,1622,0,0,0,0,0,0,0,-2,2,-10,10,128,,,,,,,,,,,,,,,,,,,,,,,,,,,,,,,,,,,,,,,,,,,,,,,,,,,,,,,,,,,,,,,,,,,,,,,,,,,
69503,-376,-1014,-299,-38,1125,447,8695,363,29,-88,0,0,0,0,12180,1451,-132,24,12180,1492,1467,1639,1608,0,0,0,0,0,0,0,-10,3,13,6,129,,,,,,,,,,,,,,,,,,,,,,,,,,,,,,,,,,,,,,,,,,,,,,,,,,,,,,,,,,,,,,,,,,,,,,,,,,,
69550,-329,-1391,219,-101,1097,-8218,-215,3170,25,-117,0,0,0,0,12140,1449,-172,20,12140,1480,1520,1582,1627,0,0,0,0,0,0,0,13,-4,-46,23,135,,,,,,,,,,,,,,,,,,,,,,,,,,,,,,,,,,,,,,,,,,,,,,,,,,,,,,,,,,,,,,,,,,,,,,,,,,,
69603,-392,-843,147,187,1189,-772,7169,119,30,-73,-2,0,0,0,13332,1438,-178,136,13332,1483,1489,1635,1628,0,0,0,0,0,0,0,14,2,-41,4,130,,,,,,,,,,,,,,,,,,,,,,,,,,,,,,,,,,,,,,,,,,,,,,,,,,,,,,,,,,,,,,,,,,,,,,,,,,,
69650,-262,-372,132,7,765,20,4850,485,19,-29,-2,0,0,0,13841,1426,-251,184,13841,1497,1530,1642,1655,0,0,0,0,0,0,0,10,1,-23,9,125,,,,,,,,,,,,,,,,,,,,,,,,,,,,,,,,,,,,,,,,,,,,,,,,,,,,,,,,,,,,,,,,,,,,,,,,,,,
69703,830,162,-243,350,931,-6754,-642,-186,-75,14,-2,0,0,0,13798,1418,-311,179,13798,1519,1522,1659,1664,0,0,0,0,0,0,0,-2,-27,14,85,132,,,,,,,,,,,,,,,,,,,,,,,,,,,,,,,,,,,,,,,,,,,,,,,,,,,,,,,,,,,,,,,,,,,,,,,,,,,
69750,440,246,76,38,1376,-6448,-2656,1095,-41,24,0,0,0,0,13927,1391,-327,192,13927,1525,1543,1648,1664,0,0,0,0,0,0,0,-3,0,18,9,127,,,,,,,,,,,,,,,,,,,,,,,,,,,,,,,,,,,,,,,,,,,,,,,,,,,,,,,,,,,,,,,,,,,,,,,,,,,
69803,328,578,-111,-220,1276,2706,6376,-1162,-35,53,0,-1,0,0,14013,1369,-308,199,14013,1546,1496,1697,1645,0,0,0,0,0,0,0,0,6,14,-7,131,,,,,,,,,,,,,,,,,,,,,,,,,,,,,,,,,,,,,,,,,,,,,,,,,,,,,,,,,,,,,,,,,,,,,,,,,,,
69850,646,424,-120,-13,1364,3988,4606,-2017,-63,40,-2,-1,0,0,14100,1353,-318,208,14100,1548,1482,1701,1657,0,0,0,0,0,0,0,0,-5,13,28,132,,,,,,,,,,,,,,,,,,,,,,,,,,,,,,,,,,,,,,,,,,,,,,,,,,,,,,,,,,,,,,,,,,,,,,,,,,,
69903,302,-890,622,-378,748,-2603,-5403,302,-29,-74,-2,0,0,0,14143,1330,-390,211,14143,1526,1539,1640,1691,0,0,0,0,0,0,0,49,22,-121,-49,136,,,,,,,,,,,,,,,,,,,,,,,,,,,,,,,,,,,,,,,,,,,,,,,,,,,,,,,,,,,,,,,,,,,,,,,,,,,
69950,447,-556,265,-174,1046,264,455,-1101,-46,-41,-2,-1,1,0,14100,1310,-392,208,14100,1550,1491,1685,1662,0,0,0,0,0,0,0,11,3,-19,1,132,,,,,,,,,,,,,,,,,,,,,,,,,,,,,,,,,,,,,,,,,,,,,,,,,,,,,,,,,,,,,,,,,,,,,,,,,,,
70003,1016,210,132,-204,1342,-7425,-459,-247,-92,21,2,0,0,0,13841,1280,-383,184,13841,1527,1536,1670,1669,0,0,0,0,0,0,0,-3,-11,24,38,133,,,,,,,,,,,,,,,,,,,,,,,,,,,,,,,,,,,,,,,,,,,,,,,,,,,,,,,,,,,,,,,,,,,,,,,,,,,
70050,1335,108,124,-226,1408,-2847,-4365,-3359,-109,-1,-2,1,-2,0,13798,1265,-382,179,13798,1502,1489,1669,1692,0,0,0,0,0,0,0,3,-3,2,18,135,,,,,,,,,,,,,,,,,,,,,,,,,,,,,,,,,,,,,,,,,,,,,,,,,,,,,,,,,,,,,,,,,,,,,,,,,,,
70103,1217,-342,353,-14,799,-11697,-8821,851,-116,-29,2,-2,0,0,13756,1247,-430,175,13756,1513,1542,1631,1676,0,0,0,0,0,0,0,15,-10,-36,32,137,,,,,,,,,,,,,,,,,,,,,,,,,,,,,,,,,,,,,,,,,,,,,,,,,,,,,,,,,,,,,,,,,,,,,,,,,,,
70150,649,-325,336,-11,892,-6876,-520,-1467,-63,-28,0,-1,0,0,14143,1214,-440,211,14143,1518,1521,1684,1669,0,0,0,0,0,0,0,12,-1,-30,1,71703,1108,1273,-58,7,776,-4678,-4243,-1040,-86,100,0,2,-2,0,15022,985,78,291,15022,1560,1493,1711,1703,0,0,0,0,0,0,0,-8,-17,22,28,131,,,,,,,,,,,,,,,,,,,,,,,,,,,,,,,,,,,,,,,,
71750,1122,1027,-171,82,1166,-4984,-3206,1217,-87,79,0,2,-2,0,15022,966,135,291,15022,1555,1530,1685,1703,0,0,0,0,0,0,0,-13,-32,36,66,134,,,,,,,,,,,,,,,,,,,,,,,,,,,,,,,,,,,,,,,,,,,,,,,,,,,,,,,,,,,,,,,,,,,,,,,,,,,
71803,1165,527,213,-86,999,5147,5277,-2810,-91,42,-2,2,0,0,14978,978,106,287,14978,1565,1450,1733,1700,0,0,0,0,0,0,0,9,-21,-26,37,130,,,,,,,,,,,,,,,,,,,,,,,,,,,,,,,,,,,,,,,,,,,,,,,,,,,,,,,,,,,,,,,,,,,,,,,,,,,
71850,600,555,-364,169,934,-5106,822,-3054,-41,41,0,2,-1,0,14978,996,143,287,14978,1523,1495,1720,1716,0,0,0,0,0,0,0,-15,-14,36,14,131,,,,,,,,,,,,,,,,,,,,,,,,,,,,,,,,,,,,,,,,,,,,,,,,,,,,,,,,,,,,,,,,,,,,,,,,,,,
71903,534,486,54,164,560,-8096,-6257,912,-43,38,0,0,0,0,15022,1002,110,291,15022,1560,1516,1685,1707,0,0,0,0,0,0,0,-6,-33,10,60,128,,,,,,,,,,,,,,,,,,,,,,,,,,,,,,,,,,,,,,,,,,,,,,,,,,,,,,,,,,,,,,,,,,,,,,,,,,,
71950,396,228,118,26,1115,447,944,1278,-31,19,0,0,0,0,14978,1021,193,287,14978,1561,1519,1688,1701,0,0,0,0,0,0,0,0,-19,-5,24,125,,,,,,,,,,,,,,,,,,,,,,,,,,,,,,,,,,,,,,,,,,,,,,,,,,,,,,,,,,,,,,,,,,,,,,,,,,,
72003,839,682,78,-91,1011,2034,-459,-552,-20,56,0,10,0,0,15022,1027,215,291,15022,1553,1502,1699,1713,0,0,0,0,0,0,0,-6,-27,13,47,129,,,,,,,,,,,,,,,,,,,,,,,,,,,,,,,,,,,,,,,,,,,,,,,,,,,,,,,,,,,,,,,,,,,,,,,,,,,
72050,49,310,75,-91,1166,-833,2164,-3054,295,-32,0,60,-11,0,15022,1039,198,291,15022,1504,1515,1721,1719,0,0,0,0,0,0,0,-1,-4,-2,-18,132,,,,,,,,,,,,,,,,,,,,,,,,,,,,,,,,,,,,,,,,,,,,,,,,,,,,,,,,,,,,,,,,,,,,,,,,,,,
72103,-148,126,-279,151,1086,15950,-581,3536,494,-135,-2,96,-29,0,13670,1054,209,168,13670,1533,1509,1634,1677,0,0,0,0,0,0,0,-1,0,-2,-24,137,,,,,,,,,,,,,,,,,,,,,,,,,,,,,,,,,,,,,,,,,,,,,,,,,,,,,,,,,,,,,,,,,,,,,,,,,,,
72150,708,327,-436,237,815,33040,6803,2865,440,-121,2,100,-30,0,13628,1041,172,163,13628,1561,1469,1650,1664,0,0,0,0,0,0,0,0,7,0,-16,133,,,,,,,,,,,,,,,,,,,,,,,,,,,,,,,,,,,,,,,,,,,,,,,,,,,,,,,,,,,,,,,,,,,,,,,,,,,
72203,3214,1044,-151,391,576,27486,12785,1278,47,-58,0,65,-30,0,13585,1033,101,159,13585,1564,1435,1667,1666,0,0,0,0,0,0,0,-7,-46,33,158,137,,,,,,,,,,,,,,,,,,,,,,,,,,,,,,,,,,,,,,,,,,,,,,,,,,,,,,,,,,,,,,,,,,,,,,,,,,,
72250,4307,1779,-102,450,400,1058,-1008,-369,-204,12,0,34,-28,0,13543,1057,94,155,13543,1533,1442,1661,1688,0,0,0,0,0,0,0,-24,-53,84,186,137,,,,,,,,,,,,,,,,,,,,,,,,,,,,,,,,,,,,,,,,,,,,,,,,,,,,,,,,,,,,,,,,,,,,,,,,,,,
72303,3365,1877,-201,-31,1252,-7059,8024,-1895,-237,-7,2,11,-34,0,13543,1051,58,155,13543,1527,1421,1710,1650,0,0,0,0,0,0,0,-9,1,46,31,135,,,,,,,,,,,,,,,,,,,,,,,,,,,,,,,,,,,,,,,,,,,,,,,,,,,,,,,,,,,,,,,,,,,,,,,,,,,
72350,2197,1550,-516,345,1033,-15726,4240,1644,-181,-28,-2,2,-32,0,13458,1081,89,148,13458,1501,1503,1658,1665,0,0,0,0,0,0,0,5,7,9,6,133,,,,,,,,,,,,,,,,,,,,,,,,,,,,,,,,,,,,,,,,,,,,,,,,,,,,,,,,,,,,,,,,,,,,,,,,,,,
72403,1787,1808,-50,202,600,-9500,6315,1950,-145,14,2,2,-28,0,13543,1076,1,155,13543,1542,1473,1665,1656,0,0,0,0,0,0,0,0,-21,30,74,131,,,,,,,,,,,,,,,,,,,,,,,,,,,,,,,,,,,,,,,,,,,,,,,,,,,,,,,,,,,,,,,,,,,,,,,,,,,
72450,1854,1947,34,63,555,-18045,-3267,3292,-158,82,0,0,-17,0,13543,1105,31,155,13543,1514,1521,1645,1660,0,0,0,0,0,0,0,0,-28,27,82,132,,,,,,,,,,,,,,,,,,,,,,,,,,,,,,,,,,,,,,,,,,,,,,,,,,,,,,,,,,,,,,,,,,,,,,,,,,,
72503,1033,1425,-297,57,703,-11331,-764,-1101,-86,51,0,0,-14,0,13374,1112,26,139,13374,1505,1459,1687,1665,0,0,0,0,0,0,0,10,1,0,-6,131,,,,,,,,,,,,,,,,,,,,,,,,,,,,,,,,,,,,,,,,,,,,,,,,,,,,,,,,,,,,,,,,,,,,,,,,,,,
72550,211,955,101,-249,1025,-4495,883,912,-18,13,-6,0,-13,0,13416,1118,40,143,13416,1536,1450,1668,1663,0,0,0,0,0,0,0,20,7,-25,-31,131,,,,,,,,,,,,,,,,,,,,,,,,,,,,,,,,,,,,,,,,,,,,,,,,,,,,,,,,,,,,,,,,,,,,,,,,,,,
72603,284,731,27,177,851,1790,4179,-735,-24,4,0,0,-11,0,13416,1110,-27,143,13416,1531,1434,1687,1659,0,0,0,0,0,0,0,19,-9,-20,14,128,,,,,,,,,,,,,,,,,,,,,,,,,,,,,,,,,,,,,,,,,,,,,,,,,,,,,,,,,,,,,,,,,,,,,,,,,,,
72650,117,9,246,113,826,-2054,4118,-64,-17,-58,0,-1,-11,0,13458,1123,-20,148,13458,1519,1463,1683,1656,0,0,0,0,0,0,0,35,-12,-64,21,131,,,,,,,,,,,,,,,,,,,,,,,,,,,,,,,,,,,,,,,,,,,,,,,,,,,,,,,,,,,,,,,,,,,,,,,,,,,
72703,671,534,-217,98,1011,-4495,1493,2560,-58,-5,0,0,-10,0,13416,1117,-13,143,13416,1527,1492,1649,1654,0,0,0,0,0,0,0,14,-16,0,34,131,,,,,,,,,,,,,,,,,,,,,,,,,,,,,,,,,,,,,,,,,,,,,,,,,,,,,,,,,,,,,,,,,,,,,,,,,,,
72750,994,1050,157,-336,1360,-4373,3385,1766,-86,42,0,0,-9,0,13458,1099,-75,148,13458,1535,1477,1660,1656,0,0,0,0,0,0,0,7,-24,24,56,132,,,,,,,,,,,,,,,,,,,,,,,,,,,,,,,,,,,,,,,,,,,,,,,,,,,,,,,,,,,,,,,,,,,,,,,,,,,
72803,1137,1848,136,-270,1295,-2664,4545,485,281,-23,-2,76,-37,0,13416,1112,-53,143,13416,1468,1521,1670,1661,0,0,0,0,0,0,0,1,-6,46,6,134,,,,,,,,,,,,,,,,,,,,,,,,,,,,,,,,,,,,,,,,,,,,,,,,,,,,,,,,,,,,,,,,,,,,,,,,,,,
72850,1056,1567,-86,-73,1048,18819,6681,-1406,326,0,-2,83,-27,0,13798,1083,-152,179,13798,1521,1443,1702,1653,0,0,0,0,0,0,0,14,8,12,-23,136,,,,,,,,,,,,,,,,,,,,,,,,,,,,,,,,,,,,,,,,,,,,,,,,,,,,,,,,,,,,,,,,,,,,,,,,,,,
72903,1764,1517,-109,-104,807,16988,883,2621,128,80,-2,56,-10,0,14404,1087,-211,235,14404,1552,1490,1665,1656,0,0,0,0,0,0,0,10,3,25,6,134,,,,,,,,,,,,,,,,,,,,,,,,,,,,,,,,,,,,,,,,,,,,,,,,,,,,,,,,,,,,,,,,,,,,,,,,,,,
72950,2171,1505,-107,-191,1199,11739,4728,607,68,120,-2,51,-2,0,15291,1067,-170,316,15291,1572,1519,1726,1679,0,0,0,0,0,0,0,11,4,25,15,135,,,,,,,,,,,,,,,,,,,,,,,,,,,,,,,,,,,,,,,,,,,,,,,,,,,,,,,,,,,,,,,,,,,,,,,,,,,
73003,2204,1228,249,72,849,7039,-3084,-125,-10,103,0,36,0,0,15291,1063,-154,316,15291,1581,1500,1707,1706,0,0,0,0,0,0,0,19,-4,0,40,131,,,,,,,,,,,,,,,,,,,,,,,,,,,,,,,,,,,,,,,,,,,,,,,,,,,,,,,,,,,,,,,,,,,,,,,,,,,
73050,1993,1236,-159,-122,1204,3072,-7173,-369,-27,104,0,29,0,0,15472,1054,-166,332,15472,1589,1492,1720,1698,0,0,0,0,0,0,0,-5,-1,59,30,136,,,,,,,,,,,,,,,,,,,,,,,,,,,,,,,,,,,,,,,,,,,,,,,,,,,,,,,,,,,,,,,,,,,,,,,,,,,
73103,1553,464,407,-63,852,81,-6196,2621,11,37,0,29,0,0,15472,1025,-195,332,15472,1580,1551,1688,1701,0,0,0,0,0,0,0,32,14,-48,-12,130,,,,,,,,,,,,,,,,,,,,,,,,,,,,,,,,,,,,,,,,,,,,,,,,,,,,,,,,,,,,,,,,,,,,,,,,,,,
73150,1854,552,356,-292,1384,-2603,-7783,1339,-18,41,-2,28,-1,0,15518,988,-265,336,15518,1590,1524,1703,1702,0,0,0,0,0,0,0,15,-2,-7,35,135,,,,,,,,,,,,,,,,,,,,,,,,,,,,,,,,,,,,,,,,,,,,,,,,,,,,,,,,,,,,,,,,,,,,,,,,,,,
73203,1278,307,-19,95,760,-833,700,119,24,26,0,27,0,0,15608,986,-225,343,15608,1571,1532,1720,1701,0,0,0,0,0,0,0,20,15,-22,-13,127,,,,,,,,,,,,,,,,,,,,,,,,,,,,,,,,,,,,,,,,,,,,,,,,,,,,,,,,,,,,,,,,,,,,,,,,,,,
73250,1264,465,-219,420,875,1912,-7478,1400,15,44,-2,25,0,0,15518,984,-194,336,15518,1579,1536,1696,1708,0,0,0,0,0,0,0,2,0,24,32,129,,,,,,,,,,,,,,,,,,,,,,,,,,,,,,,,,,,,,,,,,,,,,,,,,,,,,,,,,,,,,,,,,,,,,,,,,,,
73303,1245,861,80,-24,830,4110,1188,-1956,-7,78,0,20,0,0,15472,975,-166,332,15472,1570,1498,1738,1702,0,0,0,0,0,0,0,-3,1,37,27,127,,,,,,,,,,,,,,,,,,,,,,,,,,,,,,,,,,,,,,,,,,,,,,,,,,,,,,,,,,,,,,,,,,,,,,,,,,,
73350,1324,420,-223,238,864,1790,-10835,1095,-21,43,0,18,1,0,15518,963,-135,336,15518,1597,1513,1700,1707,0,0,0,0,0,0,0,-8,-17,42,75,133,,,,,,,,,,,,,,,,,,,,,,,,,,,,,,,,,,,,,,,,,,,,,,,,,,,,,,,,,,,,,,,,,,,,,,,,,,,
73403,251,-704,504,-672,969,-10538,-12971,3842,65,-57,0,17,0,0,15563,957,-104,340,15563,1561,1589,1663,1713,0,0,0,0,0,0,0,23,33,-51,-67,136,,,,,,,,,,,,,,,,,,,,,,,,,,,,,,,,,,,,,,,,,,,,,,,,,,,,,,,,,,,,,,,,,,,,,,,,,,,
73450,472,25,115,-436,826,-7669,-6502,3109,35,5,0,15,0,0,15518,981,-30,336,15518,1553,1590,1685,1700,0,0,0,0,0,0,0,0,28,11,-52,127,,,,,,,,,,,,,,,,,,,,,,,,,,,,,,,,,,,,,,,,,,,,,,,,,,,,,,,,,,,,,,,,,,,,,,,,,,,
73503,795,213,96,-53,971,12593,4667,-1345,10,22,0,16,0,0,15202,975,-22,307,15202,1597,1478,1727,1705,0,0,0,0,0,0,0,16,15,-31,-11,129,,,,,,,,,,,,,,,,,,,,,,,,,,,,,,,,,,,,,,,,,,,,,,,,,,,,,,,,,,,,,,,,,,,,,,,,,,,
73550,1284,423,-34,20,736,-772,-4976,2865,-38,50,-2,14,2,0,15067,998,30,296,15067,1568,1546,1682,1687,0,0,0,0,0,0,0,0,-2,11,37,127,,,,,,,,,,,,,,,,,,,,,,,,,,,,,,,,,,,,,,,,,,,,,,,,,,,,,,,,,,,,,,,,,,,,,,,,,,,
73603,1065,294,272,-209,814,-1566,-1619,241,-19,29,0,14,0,0,15157,988,94,304,15157,1563,1517,1700,1697,0,0,0,0,0,0,0,14,19,-32,-25,131,,,,,,,,,,,,,,,,,,,,,,,,,,,,,,,,,,,,,,,,,,,,,,,,,,,,,,,,,,,,,,,,,,,,,,,,,,,
73650,890,535,-104,-60,709,-7242,-4365,1400,75,50,0,30,0,0,15112,1015,101,300,15112,1551,1548,1707,1677,0,0,0,0,0,0,0,-18,-1,51,23,131,,,,,,,,,,,,,,,,,,,,,,,,,,,,,,,,,,,,,,,,,,,,,,,,,,,,,,,,,,,,,,,,,,,,,,,,,,,
73703,216,336,618,-295,1328,2645,-4426,1766,249,32,0,53,0,0,15022,993,109,291,15022,1561,1540,1685,1691,0,0,0,0,0,0,0,1,24,-7,-46,130,,,,,,,,,,,,,,,,,,,,,,,,,,,,,,,,,,,,,,,,,,,,,,,,,,,,,,,,,,,,,,,,,,,,,,,,,,,
73750,422,-39,357,-95,862,13448,-3145,2194,329,0,0,73,0,0,15022,995,122,291,15022,1570,1539,1679,1691,0,0,0,0,0,0,0,20,22,-58,-31,130,,,,,,,,,,,,,,,,,,,,,,,,,,,,,,,,,,,,,,,,,,,,,,,,,,,,,,,,,,,,,,,,,,,,,,,,,,,
73803,1498,403,-144,216,1078,24068,8329,668,382,31,0,102,0,0,15067,1003,133,296,15067,1582,1505,1732,1652,0,0,0,0,0,0,0,-16,0,43,45,132,,,,,,,,,,,,,,,,,,,,,,,,,,,,,,,,,,,,,,,,,,,,,,,,,,,,,,,,,,,,,,,,,,,,,,,,,,,
73850,2377,206,370,-44,1172,24129,3324,1217,364,18,0,114,0,0,15067,1027,111,296,15067,1596,1501,1705,1675,0,0,0,0,0,0,0,13,14,-34,25,133,,,,,,,,,,,,,,,,,,,,,,,,,,,,,,,,,,,,,,,,,,,,,,,,,,,,,,,,,,,,,,,,,,,,,,,,,,,
73903,2581,325,-438,291,1179,17354,-3084,3659,343,28,0,113,0,0,15022,1024,137,291,15022,1575,1558,1680,1669,0,0,0,0,0,0,0,1,39,0,-22,133,,,,,,,,,,,,,,,,,,,,,,,,,,,,,,,,,,,,,,,,,,,,,,,,,,,,,,,,,,,,,,,,,,,,,,,,,,,
73950,3078,66,-244,241,1343,20894,211,1583,136,9,0,80,0,0,15022,1018,119,291,15022,1595,1508,1686,1686,0,0,0,0,0,0,0,12,37,-30,0,129,,,,,,,,,,,,,,,,,,,,,,,,,,,,,,,,,,,,,,,,,,,,,,,,,,,,,,,,,,,,,,,,,,,,,,,,,,,
74003,3545,270,-54,110,726,5086,-1130,1950,-166,20,0,28,0,0,15112,1030,77,300,15112,1600,1506,1684,1681,0,0,0,0,0,0,0,3,24,-4,45,129,,,,,,,,,,,,,,,,,,,,,,,,,,,,,,,,,,,,,,,,,,,,,,,,,,,,,,,,,,,,,,,,,,,,,,,,,,,
74050,3206,512,-295,285,1007,-5533,-3572,2255,-227,44,-2,10,0,0,15022,1050,130,291,15022,1609,1505,1688,1678,0,0,0,0,0,0,0,-10,10,33,81,136,,,,,,,,,,,,,,,,,,,,,,,,,,,,,,,,,,,,,,,,,,,,,,,,,,,,,,,,,,,,,,,,,,,,,,,,,,,
74103,1776,85,40,226,790,-13895,-337,-125,-144,3,0,2,0,0,15112,1038,97,300,15112,1555,1535,1704,1689,0,0,0,0,0,0,0,4,29,-5,18,126,,,,,,,,,,,,,,,,,,,,,,,,,,,,,,,,,,,,,,,,,,,,,,,,,,,,,,,,,,,,,,,,,,,,,,,,,,,
74150,1006,81,135,-126,804,-13406,-7783,2011,-84,3,0,0,0,0,15067,1036,47,296,15067,1570,1548,1668,1698,0,0,0,0,0,0,0,7,36,-15,-11,130,,,,,,,,,,,,,,,,,,,,,,,,,,,,,,,,,,,,,,,,,,,,,,,,,,,,,,,,,,,,,,,,,,,,,,,,,,,
74203,1470,720,-118,272,451,814,4179,-64,-124,62,-4,0,0,0,15022,1047,23,291,15022,1602,1478,1730,1661,0,0,0,0,0,0,0,-29,-20,84,135,131,,,,,,,,,,,,,,,,,,,,,,,,,,,,,,,,,,,,,,,,,,,,,,,,,,,,,,,,,,,,,,,,,,,,,,,,,,,
74250,1022,-119,63,376,959,-4068,-7173,2621,-89,-13,-2,0,0,0,14667,1035,37,260,14667,1589,1533,1664,1694,0,0,0,0,0,0,0,7,8,-20,48,130,,,,,,,,,,,,,,,,,,,,,,,,,,,,,,,,,,,,,,,,,,,,,,,,,,,,,,,,,,,,,,,,,,,,,,,,,,,
74303,150,-218,-326,-164,983,-8524,394,-613,-13,-22,-4,0,0,0,13670,1049,66,168,13670,1522,1483,1695,1644,0,0,0,0,0,0,0,-23,30,57,-21,133,,,,,,,,,,,,,,,,,,,,,,,,,,,,,,,,,,,,,,,,,,,,,,,,,,,,,,,,,,,,,,,,,,,,,,,,,,,
74350,-234,167,-361,4,952,-2847,3019,1828,23,11,0,0,0,0,13628,1063,126,163,13628,1541,1502,1669,1637,0,0,0,0,0,0,0,-38,19,97,1,127,,,,,,,,,,,,,,,,,,,,,,,,,,,,,,,,,,,,,,,,,,,,,,,,,,,,,,,,,,,,,,,,,,,,,,,,,,,
74403,-430,-164,444,-368,972,-6448,-6746,1705,37,-14,0,0,0,0,13628,1053,60,163,13628,1525,1520,1639,1670,0,0,0,0,0,0,0,1,24,-13,-19,132,,,,,,,,,,,,,,,,,,,,,,,,,,,,,,,,,,,,,,,,,,,,,,,,,,,,,,,,,,,,,,,,,,,,,,,,,,,
74450,-282,-133,157,-95,757,-9317,-5769,2926,21,-11,0,0,0,0,13585,1085,80,159,13585,1526,1537,1635,1655,0,0,0,0,0,0,0,4,13,-23,4,129,,,,,,,,,,,,,,,,,,,,,,,,,,,,,,,,,,,,,,,,,,,,,,,,,,,,,,,,,,,,,,,,,,,,,,,,,,,
74503,-401,-169,-154,123,677,-6082,455,3292,31,-21,0,0,-1,0,13543,1084,89,155,13543,1539,1527,1651,1629,0,0,0,0,0,0,0,-6,12,6,3,128,,,,,,,,,,,,,,,,,,,,,,,,,,,,,,,,,,,,,,,,,,,,,,,,,,,,,,,,,,,,,,,,,,,,,,,,,,,
74550,-579,-746,172,-94,933,-6510,-3694,3414,43,-65,-2,-1,0,0,13543,1091,64,155,13543,1523,1543,1619,1660,0,0,0,0,0,0,0,21,23,-68,-29,134,,,,,,,,,,,,,,,,,,,,,,,,,,,,,,,,,,,,,,,,,,,,,,,,,,,,,,,,,,,,,,,,,,,,,,,,,,,
74603,-519,-766,-35,-11,1138,1790,4545,912,41,-66,0,0,0,0,13585,1096,102,159,13585,1541,1494,1667,1642,0,0,0,0,0,0,0,-5,10,8,5,127,,,,,,,,,,,,,,,,,,,,,,,,,,,,,,,,,,,,,,,,,,,,,,,,,,,,,,,,,,,,,,,,,,,,,,,,,,,
74650,-77,-23,-230,109,1309,8992,8207,-1040,-3,-5,0,-2,0,0,13585,1126,125,159,13585,1561,1441,1685,1646,0,0,0,0,0,0,0,-11,-3,29,44,131,,,,,,,,,,,,,,,,,,,,,,,,,,,,,,,,,,,,,,,,,,,,,,,,,,,,,,,,,,,,,,,,,,,,,,,,,,,
74703,507,-463,85,236,752,2156,2225,2194,-47,-43,0,0,0,0,13585,1125,43,159,13585,1549,1506,1639,1653,0,0,0,0,0,0,0,11,-16,-33,78,129,,,,,,,,,,,,,,,,,,,,,,,,,,,,,,,,,,,,,,,,,,,,,,,,,,,,,,,,,,,,,,,,,,,,,,,,,,,
74750,716,-364,113,231,980,-5716,1615,2804,-69,-31,0,-1,0,0,13585,1103,-30,159,13585,1547,1517,1653,1632,0,0,0,0,0,0,0,0,-19,-3,83,131,,,,,,,,,,,,,,,,,,,,,,,,,,,,,,,,,,,,,,,,,,,,,,,,,,,,,,,,,,,,,,,,,,,,,,,,,,,
74803,567,18,-216,161,918,-3519,-93,912,-53,-1,-2,0,0,0,14013,1089,-53,199,14013,1554,1505,1670,1656,0,0,0,0,0,0,0,-9,-9,21,48,127,,,,,,,,,,,,,,,,,,,,,,,,,,,,,,,,,,,,,,,,,,,,,,,,,,,,,,,,,,,,,,,,,,,,,,,,,,,
74850,646,214,119,22,1018,-4434,-5403,1522,-63,18,-4,-1,0,0,14404,1104,-44,235,14404,1576,1510,1661,1675,0,0,0,0,0,0,0,0,-9,-3,42,130,,,,,,,,,,,,,,,,,,,,,,,,,,,,,,,,,,,,,,,,,,,,,,,,,,,,,,,,,,,,,,,,,,,,,,,,,,,
74903,440,924,-327,-121,898,-11514,-3755,912,-41,77,0,0,0,0,14404,1088,-79,235,14404,1536,1548,1680,1659,0,0,0,0,0,0,0,-26,4,69,2,130,,,,,,,,,,,,,,,,,,,,,,,,,,,,,,,,,,,,,,,,,,,,,,,,,,,,,,,,,,,,,,,,,,,,,,,,,,,
74950,621,1212,38,-187,912,-7547,-6013,1034,-61,105,0,-1,0,0,14491,1086,-99,244,14491,1536,1554,1668,1673,0,0,0,0,0,0,0,-11,12,28,-21,134,,,,,,,,,,,,,,,,,,,,,,,,,,,,,,,,,,,,,,,,,,,,,,,,,,,,,,,,,,,,,,,,,,,,,,,,,,,
75003,819,351,420,-32,1219,447,-8088,2377,-78,30,-2,-1,0,0,14491,1095,-95,244,14491,1577,1528,1651,1674,0,0,0,0,0,0,0,4,-4,-21,23,130,,,,,,,,,,,,,,,,,,,,,,,,,,,,,,,,,,,,,,,,,,,,,,,,,,,,,,,,,,,,,,,,,,,,,,,,,,,
75050,464,-266,549,-257,1281,-1322,2714,-674,-47,-26,0,-1,0,0,14491,1080,-105,244,14491,1570,1497,1705,1654,0,0,0,0,0,0,0,14,4,-52,-4,134,,,,,,,,,,,,,,,,,,,,,,,,,,,,,,,,,,,,,,,,,,,,,,,,,,,,,,,,,,,,,,,,,,,,,,,,,,,
75103,95,-151,3,-266,1112,-7669,28,2194,-15,-13,0,-1,0,0,14579,1065,-97,251,14579,1552,1562,1669,1660,0,0,0,0,0,0,0,0,15,-11,-37,129,,,,,,,,,,,,,,,,,,,,,,,,,,,,,,,,,,,,,,,,,,,,,,,,,,,,,,,,,,,,,,,,,,,,,,,,,,,
75150,834,263,101,-158,1012,-40,1615,-979,-79,19,0,-1,0,0,14623,1064,-149,255,14623,1556,1510,1683,1681,0,0,0,0,0,0,0,-2,-7,0,26,129,,,,,,,,,,,,,,,,,,,,,,,,,,,,,,,,,,,,,,,,,,,,,,,,,,,,,,,,,,,,,,,,,,,,,,,,,,,
75203,777,51,456,-146,894,-2298,883,1156,-74,0,0,-1,0,0,14579,1075,-114,251,14579,1555,1543,1662,1677,0,0,0,0,0,0,0,20,5,-59,-7,128,,,,,,,,,,,,,,,,,,,,,,,,,,,,,,,,,,,,,,,,,,,,,,,,,,,,,,,,,,,,,,,,,,,,,,,,,,,
75250,775,159,268,-22,882,-1199,4362,-552,-78,13,2,-2,0,0,14579,1033,-164,251,14579,1561,1516,1702,1656,0,0,0,0,0,0,0,13,2,-39,0,129,,,,,,,,,,,,,,,,,,,,,,,,,,,,,,,,,,,,,,,,,,,,,,,,,,,,,,,,,,,,,,,,,,,,,,,,,,,
75303,441,336,210,-273,1251,-4373,3141,-430,-42,29,0,0,0,0,14579,1008,-150,251,14579,1549,1529,1690,1668,0,0,0,0,0,0,0,3,8,-8,-19,130,,,,,,,,,,,,,,,,,,,,,,,,,,,,,,,,,,,,,,,,,,,,,,,,,,,,,,,,,,,,,,,,,,,,,,,,,,,
75350,221,256,313,-521,1225,447,4423,-3665,-22,18,2,0,0,0,14579,1036,-135,251,14579,1533,1497,1703,1689,0,0,0,0,0,0,0,15,20,-36,-53,132,,,,,,,,,,,,,,,,,,,,,,,,,,,,,,,,,,,,,,,,,,,,,,,,,,,,,,,,,,,,,,,,,,,,,,,,,,,
75403,200,153,139,-202,1103,-5106,-4976,1522,-20,9,0,0,0,0,14579,1008,-142,251,14579,1543,1563,1654,1684,0,0,0,0,0,0,0,21,19,-52,-49,133,,,,,,,,,,,,,,,,,,,,,,,,,,,,,,,,,,,,,,,,,,,,,,,,,,,,,,,,,,,,,,,,,,,,,,,,,,,
75450,431,90,93,-30,1088,142,1676,-1773,-37,4,0,0,0,0,14579,1005,-125,251,14579,1544,1513,1695,1680,0,0,0,0,0,0,0,13,1,-31,0,125,,,,,,,,,,,,,,,,,,,,,,,,,,,,,,,,,,,,,,,,,,,,,,,,,,,,,,,,,,,,,,,,,,,,,,,,,,,
75503,969,583,417,-248,1000,1119,-215,-491,-95,50,0,-2,0,0,14579,994,-152,251,14579,1565,1509,1680,1681,0,0,0,0,0,0,0,7,-4,-11,18,130,,,,,,,,,,,,,,,,,,,,,,,,,,,,,,,,,,,,,,,,,,,,,,,,,,,,,,,,,,,,,,,,,,,,,,,,,,,
75550,613,367,178,-65,1073,-2908,-3694,-2017,-60,32,0,-1,0,0,14579,977,-117,251,14579,1545,1507,1694,1685,0,0,0,0,0,0,0,11,4,-23,-8,132,,,,,,,,,,,,,,,,,,,,,,,,,,,,,,,,,,,,,,,,,,,,,,,,,,,,,,,,,,,,,,,,,,,,,,,,,,,
75603,438,307,-252,50,850,-2237,-337,-2505,-45,26,0,-1,0,0,14579,992,-106,251,14579,1546,1498,1709,1675,0,0,0,0,0,0,0,-10,-5,34,17,131,,,,,,,,,,,,,,,,,,,,,,,,,,,,,,,,,,,,,,,,,,,,,,,,,,,,,,,,,,,,,,,,,,,,,,,,,,,
75650,756,42,240,-100,943,-1322,1066,-2444,-72,3,0,-1,0,0,14535,981,-130,248,14535,1547,1494,1701,1681,0,0,0,0,0,0,0,15,-7,-34,24,130,,,,,,,,,,,,,,,,,,,,,,,,,,,,,,,,,,,,,,,,,,,,,,,,,,,,,,,,,,,,,,,,,,,,,,,,,,,
75703,1328,648,-452,214,912,-12125,-4976,-796,-119,53,-2,0,0,0,14579,969,-156,251,14579,1527,1536,1691,1676,0,0,0,0,0,0,0,-22,-24,67,67,136,,,,,,,,,,,,,,,,,,,,,,,,,,,,,,,,,,,,,,,,,,,,,,,,,,,,,,,,,,,,,,,,,,,,,,,,,,,
75750,1204,641,-236,-145,1088,-35,1528,1549,1684,1671,0,0,0,0,0,0,0,-12,-6,43,17,135,,,,,,,,,,,,,,,,,,,,,,,,,,,,,,,,,,,,,,,,,,,,,,,,,,,,,,,,,,,,,,,,,,,,,,,,,,,,,,,,,,,,,,,,
75803,1568,1148,-153,237,869,-4862,-6441,-1406,-143,96,0,-1,0,0,14579,978,-97,251,14579,1545,1510,1688,1688,0,0,0,0,0,0,0,-23,-26,70,68,136,,,,,,,,,,,,,,,,,,,,,,,,,,,,,,,,,,,,,,,,,,,,,,,,,,,,,,,,,,,,,,,,,,,,,,,,,,,
75850,924,822,-205,122,897,-11209,-9187,-1345,-91,68,-2,-2,0,0,14535,967,-75,248,14535,1511,1539,1676,1700,0,0,0,0,0,0,0,4,0,-9,-8,131,,,,,,,,,,,,,,,,,,,,,,,,,,,,,,,,,,,,,,,,,,,,,,,,,,,,,,,,,,,,,,,,,,,,,,,,,,,
75903,1005,1255,240,-24,879,-4434,-5830,-5374,-91,106,2,0,0,0,14623,969,-67,255,14623,1515,1474,1710,1709,0,0,0,0,0,0,0,-19,-19,49,39,134,,,,,,,,,,,,,,,,,,,,,,,,,,,,,,,,,,,,,,,,,,,,,,,,,,,,,,,,,,,,,,,,,,,,,,,,,,,
75950,634,1031,-131,-11,1005,-10843,-13399,-2688,-62,90,0,-1,0,0,14579,966,-24,251,14579,1505,1524,1685,1709,0,0,0,0,0,0,0,-30,-19,70,30,137,,,,,,,,,,,,,,,,,,,,,,,,,,,,,,,,,,,,,,,,,,,,,,,,,,,,,,,,,,,,,,,,,,,,,,,,,,,
76003,-16,-67,421,-132,1028,-5106,-4671,-1345,-8,-9,2,-2,0,0,14623,966,-23,255,14623,1521,1532,1679,1703,0,0,0,0,0,0,0,17,0,-65,-29,132,,,,,,,,,,,,,,,,,,,,,,,,,,,,,,,,,,,,,,,,,,,,,,,,,,,,,,,,,,,,,,,,,,,,,,,,,,,
76050,106,367,21,137,919,814,-3267,-4214,-12,28,0,0,0,0,14579,977,20,251,14579,1526,1477,1712,1703,0,0,0,0,0,0,0,-22,-20,38,26,127,,,,,,,,,,,,,,,,,,,,,,,,,,,,,,,,,,,,,,,,,,,,,,,,,,,,,,,,,,,,,,,,,,,,,,,,,,,
76103,226,145,-104,161,790,-4984,-6135,546,-23,9,-2,0,0,0,14579,975,28,251,14579,1532,1538,1669,1695,0,0,0,0,0,0,0,-31,-37,57,72,129,,,,,,,,,,,,,,,,,,,,,,,,,,,,,,,,,,,,,,,,,,,,,,,,,,,,,,,,,,,,,,,,,,,,,,,,,,,
76150,809,-241,93,255,423,203,-1558,-1651,-77,-21,2,-1,0,0,14535,953,-69,248,14535,1545,1493,1686,1700,0,0,0,0,0,0,0,4,-50,-40,107,131,,,,,,,,,,,,,,,,,,,,,,,,,,,,,,,,,,,,,,,,,,,,,,,,,,,,,,,,,,,,,,,,,,,,,,,,,,,
76203,819,281,-237,153,1165,-8218,-3755,2011,-75,21,-2,0,0,0,14535,965,-67,248,14535,1529,1557,1664,1683,0,0,0,0,0,0,0,-19,-21,25,29,133,,,,,,,,,,,,,,,,,,,,,,,,,,,,,,,,,,,,,,,,,,,,,,,,,,,,,,,,,,,,,,,,,,,,,,,,,,,
76250,354,81,-168,285,946,-3946,-398,-1101,433,-101,-2,92,-21,0,14535,958,-76,248,14535,1477,1562,1683,1700,0,0,0,0,0,0,0,-8,-14,-1,9,134,,,,,,,,,,,,,,,,,,,,,,,,,,,,,,,,,,,,,,,,,,,,,,,,,,,,,,,,,,,,,,,,,,,,,,,,,,,
76303,99,-352,47,-145,1345,38350,9367,-2871,532,-142,0,108,-22,0,14579,945,-102,251,14579,1577,1435,1711,1695,0,0,0,0,0,0,0,12,14,-52,-51,138,,,,,,,,,,,,,,,,,,,,,,,,,,,,,,,,,,,,,,,,,,,,,,,,,,,,,,,,,,,,,,,,,,,,,,,,,,,
76350,2367,333,-114,52,1062,38900,7719,180,296,-107,-2,100,-27,0,14535,932,-132,248,14535,1585,1470,1696,1676,0,0,0,0,0,0,0,-20,-15,41,63,138,,,,,,,,,,,,,,,,,,,,,,,,,,,,,,,,,,,,,,,,,,,,,,,,,,,,,,,,,,,,,,,,,,,,,,,,,,,
76403,3380,774,293,-208,733,19857,15897,-4275,54,-37,0,69,-20,0,14579,934,-96,251,14579,1531,1463,1739,1682,0,0,0,0,0,0,0,15,18,-42,-3,135,,,,,,,,,,,,,,,,,,,,,,,,,,,,,,,,,,,,,,,,,,,,,,,,,,,,,,,,,,,,,,,,,,,,,,,,,,,
76450,3438,1469,84,-36,1005,-1322,2164,-1284,-212,117,-2,17,-2,0,14535,899,-143,248,14535,1517,1517,1693,1697,0,0,0,0,0,0,0,0,13,5,14,134,,,,,,,,,,,,,,,,,,,,,,,,,,,,,,,,,,,,,,,,,,,,,,,,,,,,,,,,,,,,,,,,,,,,,,,,,,,
76503,3544,2014,-379,292,1001,-12064,-3999,-3359,-312,165,2,0,-2,0,14535,910,-141,248,14535,1522,1482,1724,1687,0,0,0,0,0,0,0,-35,-19,96,96,140,,,,,,,,,,,,,,,,,,,,,,,,,,,,,,,,,,,,,,,,,,,,,,,,,,,,,,,,,,,,,,,,,,,,,,,,,,,
76550,2575,1946,-400,77,1009,-14383,-6013,-857,-224,159,0,0,-2,0,14579,925,-117,251,14579,1546,1501,1712,1680,0,0,0,0,0,0,0,-36,-10,94,60,138,,,,,,,,,,,,,,,,,,,,,,,,,,,,,,,,,,,,,,,,,,,,,,,,,,,,,,,,,,,,,,,,,,,,,,,,,,,
76603,1983,1239,-45,150,777,-15482,-5891,-1223,-176,97,0,0,-2,0,14579,907,-173,251,14579,1527,1508,1709,1683,0,0,0,0,0,0,0,-18,-13,39,52,137,,,,,,,,,,,,,,,,,,,,,,,,,,,,,,,,,,,,,,,,,,,,,,,,,,,,,,,,,,,,,,,,,,,,,,,,,,,
76650,1025,606,-245,104,843,-9989,-2962,-1040,-86,52,0,0,0,0,14535,902,-126,248,14535,1528,1507,1706,1682,0,0,0,0,0,0,0,-11,8,16,-12,133,,,,,,,,,,,,,,,,,,,,,,,,,,,,,,,,,,,,,,,,,,,,,,,,,,,,,,,,,,,,,,,,,,,,,,,,,,,
76703,953,655,91,222,817,-10050,-764,180,-83,53,-2,0,0,0,14535,893,-111,248,14535,1542,1510,1700,1675,0,0,0,0,0,0,0,-13,-22,22,65,130,,,,,,,,,,,,,,,,,,,,,,,,,,,,,,,,,,,,,,,,,,,,,,,,,,,,,,,,,,,,,,,,,,,,,,,,,,,
76750,595,729,-5,162,832,-5655,578,668,-51,56,0,0,-1,0,14579,890,-119,251,14579,1539,1523,1692,1679,0,0,0,0,0,0,0,-15,-15,32,44,128,,,,,,,,,,,,,,,,,,,,,,,,,,,,,,,,,,,,,,,,,,,,,,,,,,,,,,,,,,,,,,,,,,,,,,,,,,,
76803,200,319,213,-61,884,-3702,-2839,-918,-20,20,0,0,-1,0,14535,880,-109,248,14535,1536,1500,1694,1693,0,0,0,0,0,0,0,9,1,-34,-4,129,,,,,,,,,,,,,,,,,,,,,,,,,,,,,,,,,,,,,,,,,,,,,,,,,,,,,,,,,,,,,,,,,,,,,,,,,,,
76850,591,506,-76,121,870,-5899,1005,-1040,-55,37,0,0,-1,0,14535,872,-156,248,14535,1523,1512,1704,1685,0,0,0,0,0,0,0,-12,-22,26,59,132,,,,,,,,,,,,,,,,,,,,,,,,,,,,,,,,,,,,,,,,,,,,,,,,,,,,,,,,,,,,,,,,,,,,,,,,,,,
76903,455,692,85,69,1342,-5106,1249,851,-39,56,-2,0,0,0,14535,881,-76,248,14535,1538,1525,1698,1672,0,0,0,0,0,0,0,-13,-8,29,20,127,,,,,,,,,,,,,,,,,,,,,,,,,,,,,,,,,,,,,,,,,,,,,,,,,,,,,,,,,,,,,,,,,,,,,,,,,,,
76950,242,72,164,201,724,-8096,-3999,1644,-24,0,-2,0,-1,0,14579,858,-149,251,14579,1525,1549,1673,1689,0,0,0,0,0,0,0,17,-12,-56,27,131,,,,,,,,,,,,,,,,,,,,,,,,,,,,,,,,,,,,,,,,,,,,,,,,,,,,,,,,,,,,,,,,,,,,,,,,,,,
77003,-338,-95,200,-340,1239,875,1188,57,26,-11,-2,0,0,0,14535,854,-170,248,14535,1544,1504,1693,1686,0,0,0,0,0,0,0,7,8,-28,-33,128,,,,,,,,,,,,,,,,,,,,,,,,,,,,,,,,,,,,,,,,,,,,,,,,,,,,,,,,,,,,,,,,,,,,,,,,,,,
77050,-532,-263,438,-234,1096,81,-886,729,49,-33,-2,0,-2,0,14535,844,-168,248,14535,1541,1517,1679,1692,0,0,0,0,0,0,0,15,7,-50,-30,131,,,,,,,,,,,,,,,,,,,,,,,,,,,,,,,,,,,,,,,,,,,,,,,,,,,,,,,,,,,,,,,,,,,,,,,,,,,
77103,-383,-95,38,125,799,5025,4728,790,33,-11,-6,0,0,0,14535,810,-162,248,14535,1545,1510,1696,1677,0,0,0,0,0,0,0,0,-11,-5,23,127,,,,,,,,,,,,,,,,,,,,,,,,,,,,,,,,,,,,,,,,,,,,,,,,,,,,,,,,,,,,,,,,,,,,,,,,,,,
77150,57,485,-196,114,946,-772,1859,1644,-5,-83,0,0,-25,0,14579,826,-124,251,14579,1543,1532,1689,1671,0,0,0,0,0,0,0,-21,-15,53,34,131,,,,,,,,,,,,,,,,,,,,,,,,,,,,,,,,,,,,,,,,,,,,,,,,,,,,,,,,,,,,,,,,,,,,,,,,,,,
77203,13,31,245,222,814,8138,12723,-125,180,-252,0,36,-50,0,14579,811,-84,251,14579,1545,1504,1697,1684,0,0,0,0,0,0,0,21,-12,-59,25,132,,,,,,,,,,,,,,,,,,,,,,,,,,,,,,,,,,,,,,,,,,,,,,,,,,,,,,,,,,,,,,,,,,,,,,,,,,,
77250,-505,-230,247,52,1041,18819,16752,790,386,-407,-2,68,-77,0,14579,812,-59,251,14579,1570,1487,1697,1672,0,0,0,0,0,0,0,31,14,-78,-41,137,,,,,,,,,,,,,,,,,,,,,,,,,,,,,,,,,,,,,,,,,,,,,,,,,,,,,,,,,,,,,,,,,,,,,,,,,,,
77303,-290,-205,157,-382,953,23946,28532,1278,405,-461,2,76,-88,0,14535,802,-63,248,14535,1555,1516,1698,1662,0,0,0,0,0,0,0,39,35,-82,-80,138,,,,,,,,,,,,,,,,,,,,,,,,,,,,,,,,,,,,,,,,,,,,,,,,,,,,,,,,,,,,,,,,,,,,,,,,,,,
77350,702,702,75,-163,790,27242,33170,119,385,-420,0,89,-96,0,14623,798,-84,255,14623,1557,1500,1711,1666,0,0,0,0,0,0,0,27,20,-26,-17,134,,,,,,,,,,,,,,,,,,,,,,,,,,,,,,,,,,,,,,,,,,,,,,,,,,,,,,,,,,,,,,,,,,,,,,,,,,,
77403,1776,1893,35,-87,1081,24923,25175,2987,183,-316,0,67,-96,0,14579,799,-37,251,14579,1594,1500,1689,1653,0,0,0,0,0,0,0,19,19,20,9,134,,,,,,,,,,,,,,,,,,,,,,,,,,,,,,,,,,,,,,,,,,,,,,,,,,,,,,,,,,,,,,,,,,,,,,,,,,,
77450,2599,2935,-209,-66,1080,21077,29203,-1589,48,-183,-2,55,-87,0,14535,807,-42,248,14535,1569,1457,1731,1662,0,0,0,0,0,0,0,24,24,31,13,138,,,,,,,,,,,,,,,,,,,,,,,,,,,,,,,,,,,,,,,,,,,,,,,,,,,,,,,,,,,,,,,,,,,,,,,,,,,
77503,2581,3159,-66,-195,1111,-1749,10953,2743,-40,-136,0,37,-82,0,14535,800,17,248,14535,1536,1558,1671,1671,0,0,0,0,0,0,0,35,34,16,-7,136,,,,,,,,,,,,,,,,,,,,,,,,,,,,,,,,,,,,,,,,,,,,,,,,,,,,,,,,,,,,,,,,,,,,,,,,,,,
77550,2098,3056,-447,115,1241,631,12907,-735,-158,-68,-2,4,-67,0,14579,791,-58,251,14579,1566,1476,1715,1669,0,0,0,0,0,0,0,38,31,14,0,134,,,,,,,,,,,,,,,,,,,,,,,,,,,,,,,,,,,,,,,,,,,,,,,,,,,,,,,,,,,,,,,,,,,,,,,,,,,
77603,1747,3315,-8,-278,889,-19876,-1863,1522,-124,104,-2,5,-37,0,14535,780,-55,248,14535,1504,1570,1687,1670,0,0,0,0,0,0,0,14,15,85,33,136,,,,,,,,,,,,,,,,,,,,,,,,,,,,,,,,,,,,,,,,,,,,,,,,,,,,,,,,,,,,,,,,,,,,,,,,,,,
77650,1148,2989,-359,38,1072,-17191,-9736,2682,-72,198,0,5,-12,0,14579,773,-77,251,14579,1530,1566,1671,1672,0,0,0,0,0,0,0,27,26,46,-8,135,,,,,,,,,,,,,,,,,,,,,,,,,,,,,,,,,,,,,,,,,,,,,,,,,,,,,,,,,,,,,,,,,,,,,,,,,,,
77703,471,2060,-7,178,944,-9134,-18892,1095,-20,158,0,4,-4,0,14579,795,-74,251,14579,1551,1524,1672,1689,0,0,0,0,0,0,0,26,10,35,21,131,,,,,,,,,,,,,,,,,,,,,,,,,,,,,,,,,,,,,,,,,,,,,,,,,,,,,,,,,,,,,,,,,,,,,,,,,,,
77750,162,948,-468,370,748,-12125,-19136,3536,0,65,0,2,-3,0,14579,753,-166,251,14579,1554,1556,1655,1677,0,0,0,0,0,0,0,22,-2,30,47,131,,,,,,,,,,,,,,,,,,,,,,,,,,,,,,,,,,,,,,,,,,,,,,,,,,,,,,,,,,,,,,,,,,,,,,,,,,,
77803,318,180,-29,208,659,-1993,-6441,1705,-17,1,-2,2,-2,0,14535,743,-202,248,14535,1569,1512,1691,1664,0,0,0,0,0,0,0,24,-8,14,57,130,,,,,,,,,,,,,,,,,,,,,,,,,,,,,,,,,,,,,,,,,,,,,,,,,,,,,,,,,,,,,,,,,,,,,,,,,,,
77850,126,-292,78,95,777,-9256,-12361,2438,-4,-39,2,1,-2,0,14535,737,-215,248,14535,1552,1543,1664,1677,0,0,0,0,0,0,0,34,4,-20,17,130,,,,,,,,,,,,,,,,,,,,,,,,,,,,,,,,,,,,,,,,,,,,,,,,,,,,,,,,,,,,,,,,,,,,,,,,,,,
77903,-246,-284,-157,-50,984,-2054,-2290,-3237,31,31,0,2,11,0,14623,716,-291,255,14623,1544,1470,1737,1671,0,0,0,0,0,0,0,10,9,35,-4,132,,,,,,,,,,,,,,,,,,,,,,,,,,,,,,,,,,,,,,,,,,,,,,,,,,,,,,,,,,,,,,,,,,,,,,,,,,,
77950,259,173,-65,-2,713,-7181,-12910,851,-12,137,2,2,24,0,14623,701,-281,255,14623,1535,1542,1671,1692,0,0,0,0,0,0,0,1,-10,55,48,130,,,,,,,,,,,,,,,,,,,,,,,,,,,,,,,,,,,,,,,,,,,,,,,,,,,,,,,,,,,,,,,,,,,,,,,,,,,
78003,99,-622,-329,208,1193,-4862,-14497,668,5,74,-2,2,25,0,14535,686,-279,248,14535,1549,1518,1690,1673,0,0,0,0,0,0,0,13,1,6,11,129,,,,,,,,,,,,,,,,,,,,,,,,,,,,,,,,,,,,,,,,,,,,,,,,,,,,,,,,,,,,,,,,,,,,,,,,,,,
78050,-42,-1014,-260,178,1183,-1566,-10957,729,28,51,-2,4,27,0,14491,688,-268,244,14491,1537,1533,1682,1683,0,0,0,0,0,0,0,3,6,22,-6,132,,,,,,,,,,,,,,,,,,,,,,,,,,,,,,,,,,,,,,,,,,,,,,,,,,,,,,,,,,,,,,,,,,,,,,,,,,,
78103,365,-905,41,-49,1049,3316,-9431,-1345,-10,57,2,4,27,0,14579,687,-228,251,14579,1551,1491,1695,1691,0,0,0,0,0,0,0,0,-3,23,20,130,,,,,,,,,,,,,,,,,,,,,,,,,,,,,,,,,,,,,,,,,,,,,,,,,,,,,,,,,,,,,,,,,,,,,,,,,,,
78150,539,-801,-288,87,1065,-5106,-12239,302,-15,31,0,6,20,0,14535,666,-177,248,14535,1537,1526,1674,1693,0,0,0,0,0,0,0,-10,-6,42,24,133,,,,,,,,,,,,,,,,,,,,,,,,,,,,,,,,,,,,,,,,,,,,,,,,,,,,,,,,,,,,,,,,,,,,,,,,,,,
78203,607,-763,-96,230,799,3560,-2412,-491,-28,27,2,4,18,0,14535,675,-172,248,14535,1562,1491,1698,1679,0,0,0,0,0,0,0,-8,-16,30,48,131,,,,,,,,,,,,,,,,,,,,,,,,,,,,,,,,,,,,,,,,,,,,,,,,,,,,,,,,,,,,,,,,,,,,,,,,,,,
78250,201,-1228,86,123,606,-2420,-6502,790,6,-40,2,4,13,0,14491,669,-164,244,14491,1550,1522,1679,1684,0,0,0,0,0,0,0,11,-5,-29,14,130,,,,,,,,,,,,,,,,,,,,,,,,,,,,,,,,,,,,,,,,,,,,,,,,,,,,,,,,,,,,,,,,,,,,,,,,,,,
78303,-144,-1221,43,-153,1340,1363,1249,-1651,40,-40,-2,5,13,0,14535,657,-86,248,14535,1538,1492,1705,1686,0,0,0,0,0,0,0,4,5,-15,-19,133,,,,,,,,,,,,,,,,,,,,,,,,,,,,,,,,,,,,,,,,,,,,,,,,,,,,,,,,,,,,,,,,,,,,,,,,,,,
78350,482,-503,113,138,684,5574,1737,-857,-14,15,-2,5,11,0,14535,636,-142,248,14535,1565,1474,1700,1683,0,0,0,0,0,0,0,-5,-24,14,63,131,,,,,,,,,,,,,,,,,,,,,,,,,,,,,,,,,,,,,,,,,,,,,,,,,,,,,,,,,,,,,,,,,,,,,,,,,,,
78403,338,-58,-25,-262,1066,-4068,-2962,57,-1,47,0,5,10,0,14579,657,-69,251,14579,1526,1532,1696,1675,0,0,0,0,0,0,0,-9,5,21,-17,128,,,,,,,,,,,,,,,,,,,,,,,,,,,,,,,,,,,,,,,,,,,,,,,,,,,,,,,,,,,,,,,,,,,,,,,,,,,
78450,258,-144,29,-320,997,325,4728,-2139,5,39,2,5,10,0,14491,635,-90,244,14491,1521,1506,1722,1672,0,0,0,0,0,0,0,7,13,-22,-37,127,,,,,,,,,,,,,,,,,,,,,,,,,,,,,,,,,,,,,,,,,,,,,,,,,,,,,,,,,,,,,,,,,,,,,,,,,,,
78503,220,23,-52,-99,1183,-2542,-5586,1950,8,19,0,5,3,0,14579,625,-94,251,14579,1540,1546,1670,1682,0,0,0,0,0,0,0,-8,7,18,-18,126,,,,,,,,,,,,,,,,,,,,,,,,,,,,,,,,,,,,,,,,,,,,,,,,,,,,,,,,,,,,,,,,,,,,,,,,,,,
78550,454,-43,45,-220,1103,3255,4179,-1773,-8,10,0,6,2,0,14535,617,-131,248,14535,1537,1492,1712,1680,0,0,0,0,0,0,0,-1,8,3,-17,127,,,,,,,,,,,,,,,,,,,,,,,,,,,,,,,,,,,,,,,,,,,,,,,,,,,,,,,,,,,,,,,,,,,,,,,,,,,
78603,1175,614,-131,69,968,-4373,-2534,1095,-71,60,2,6,1,0,14535,620,-93,248,14535,1535,1542,1677,1686,0,0,0,0,0,0,0,-17,-12,53,44,131,,,,,,,,,,,,,,,,,,,,,,,,,,,,,,,,,,,,,,,,,,,,,,,,,,,,,,,,,,,,,,,,,,,,,,,,,,,
78650,1520,1191,-39,-239,1047,-3946,-642,-247,-111,110,-2,4,1,0,14579,615,-82,251,14579,1530,1521,1695,1685,0,0,0,0,0,0,0,-9,0,36,14,133,,,,,,,,,,,,,,,,,,,,,,,,,,,,,,,,,,,,,,,,,,,,,,,,,,,,,,,,,,,,,,,,,,,,,,,,,,,
78703,1443,766,35,0,842,-10294,-6135,-430,-101,73,-2,4,1,0,14535,603,-104,248,14535,1507,1537,1686,1696,0,0,0,0,0,0,0,12,5,-21,1,129,,,,,,,,,,,,,,,,,,,,,,,,,,,,,,,,,,,,,,,,,,,,,,,,,,,,,,,,,,,,,,,,,,,,,,,,,,,
78750,1009,1184,-317,74,1035,-5960,150,-3298,-63,106,2,4,0,0,14535,614,-71,248,14535,1515,1488,1731,1681,0,0,0,0,0,0,0,-18,3,61,2,130,,,,,,,,,,,,,,,,,,,,,,,,,,,,,,,,,,,,,,,,,,,,,,,,,,,,,,,,,,,,,,,,,,,,,,,,,,,
78803,773,910,-151,-62,908,509,-6074,-4824,-43,79,2,4,0,0,14535,605,-133,248,14535,1520,1452,1715,1715,0,0,0,0,0,0,0,-2,3,20,2,127,,,,,,,,,,,,,,,,,,,,,,,,,,,,,,,,,,,,,,,,,,,,,,,,,,,,,,,,,,,,,,,,,,,,,,,,,,,
78850,1223,1250,-153,64,1023,814,-5830,-5923,-82,109,-2,4,0,0,14535,601,-109,248,14535,1523,1425,1732,1716,0,0,0,0,0,0,0,-19,-10,61,40,135,,,,,,,,,,,,,,,,,,,,,,,,,,,,,,,,,,,,,,,,,,,,,,,,,,,,,,,,,,,,,,,,,,,,,,,,,,,
78903,609,556,-193,161,1096,-2298,-3389,-7571,-32,52,-2,4,0,0,14491,580,-98,244,14491,1480,1438,1752,1714,0,0,0,0,0,0,0,-6,-2,20,11,132,,,,,,,,,,,,,,,,,,,,,,,,,,,,,,,,,,,,,,,,,,,,,,,,,,,,,,,,,,,,,,,,,,,,,,,,,,,
78950,220,376,216,-56,781,-162,-7356,-6961,-5,36,0,2,0,0,14579,593,-63,251,14579,1487,1444,1730,1736,0,0,0,0,0,0,0,-7,0,14,2,125,,,,,,,,,,,,,,,,,,,,,,,,,,,,,,,,,,,,,,,,,,,,,,,,,,,,,,,,,,,,,,,,,,,,,,,,,,,
79003,623,635,-90,159,713,-4251,-13032,-3787,-36,58,-2,3,0,0,14535,594,-59,248,14535,1510,1465,1715,1720,0,0,0,0,0,0,0,-14,-16,27,43,133,,,,,,,,,,,,,,,,,,,,,,,,,,,,,,,,,,,,,,,,,,,,,,,,,,,,,,,,,,,,,,,,,,,,,,,,,,,
79050,588,593,225,-61,1079,1790,-8455,-4153,-33,55,-2,3,0,0,14535,595,3,248,14535,1518,1445,1728,1712,0,0,0,0,0,0,0,-1,3,-13,-9,128,,,,,,,,,,,,,,,,,,,,,,,,,,,,,,,,,,,,,,,,,,,,,,,,,,,,,,,,,,,,,,,,,,,,,,,,,,,
79103,941,592,52,199,695,5880,-6563,-7632,-64,51,0,3,0,0,14535,569,-19,248,14535,1500,1401,1745,1734,0,0,0,0,0,0,0,-17,-17,23,50,129,,,,,,,,,,,,,,,,,,,,,,,,,,,,,,,,,,,,,,,,,,,,,,,,,,,,,,,,,,,,,,,,,,,,,,,,,,,
79150,521,-363,53,-84,1045,-5106,-12727,-5313,-31,-28,0,2,0,0,14535,572,20,248,14535,1477,1462,1717,1740,0,0,0,0,0,0,0,0,8,-36,-22,131,,,,,,,,,,,,,,,,,,,,,,,,,,,,,,,,,,,,,,,,,,,,,,,,,,,,,,,,,,,,,,,,,,,,,,,,,,,
79203,-193,-941,-46,-14,1035,875,-3023,-4458,30,-78,2,2,0,0,14535,580,34,248,14535,1506,1440,1727,1720,0,0,0,0,0,0,0,2,21,-48,-62,130,,,,,,,,,,,,,,,,,,,,,,,,,,,,,,,,,,,,,,,,,,,,,,,,,,,,,,,,,,,,,,,,,,,,,,,,,,,
79250,-54,-299,-415,181,701,3438,1249,-4824,18,-19,2,2,1,0,14535,577,-2,248,14535,1488,1453,1734,1722,0,0,0,0,0,0,0,-34,4,52,-13,129,,,,,,,,,,,,,,,,,,,,,,,,,,,,,,,,,,,,,,,,,,,,,,,,,,,,,,,,,,,,,,,,,,,,,,,,,,,
79303,580,139,214,-334,881,-7913,-8760,-3848,-29,15,0,4,0,0,14491,570,27,244,14491,1450,1497,1698,1749,0,0,0,0,0,0,0,-18,-4,8,13,129,,,,,,,,,,,,,,,,,,,,,,,,,,,,,,,,,,,,,,,,,,,,,,,,,,,,,,,,,,,,,,,,,,,,,,,,,,,
79350,634,36,-239,214,878,-11453,-9187,-4580,-37,3,0,3,0,0,14579,555,-91,251,14579,1461,1477,1715,1746,0,0,0,0,0,0,0,-21,-10,13,23,131,,,,,,,,,,,,,,,,,,,,,,,,,,,,,,,,,,,,,,,,,,,,,,,,,,,,,,,,,,,,,,,,,,,,,,,,,,,
79403,785,552,-362,371,979,-5533,-1436,-5130,-51,48,0,3,0,0,14579,562,-52,251,14579,1482,1440,1739,1729,0,0,0,0,0,0,0,-40,-28,65,70,132,,,,,,,,,,,,,,,,,,,,,,,,,,,,,,,,,,,,,,,,,,,,,,,,,,,,,,,,,,,,,,,,,,,,,,,,,,,
79450,1201,1854,131,30,1155,-1505,-703,-2749,-87,161,-2,3,0,0,14579,599,81,251,14579,1512,1444,1733,1714,0,0,0,0,0,0,0,-43,-14,76,29,133,,,,,,,,,,,,,,,,,,,,,,,,,,,,,,,,,,,,,,,,,,,,,,,,,,,,,,,,,,,,,,,,,,,,,,,,,,,
79503,1292,1858,-1,226,807,-7425,-8943,-3970,-95,162,2,3,0,0,14579,571,-4,251,14579,1490,1449,1728,1732,0,0,0,0,0,0,0,-23,-22,20,44,132,,,,,,,,,,,,,,,,,,,,,,,,,,,,,,,,,,,,,,,,,,,,,,,,,,,,,,,,,,,,,,,,,,,,,,,,,,,
79550,1313,2078,-220,-65,1000,-11697,-9248,-3421,-93,181,-2,4,0,0,14535,578,-37,248,14535,1463,1479,1732,1727,0,0,0,0,0,0,0,-47,-20,80,35,138,,,,,,,,,,,,,,,,,,,,,,,,,,,,,,,,,,,,,,,,,,,,,,,,,,,,,,,,,,,,,,,,,,,,,,,,,,,
79603,627,1036,537,-472,1014,-4923,-5586,-2871,-37,93,0,3,0,0,14535,578,21,248,14535,1472,1477,1715,1739,0,0,0,0,0,0,0,1,8,-55,-47,131,,,,,,,,,,,,,,,,,,,,,,,,,,,,,,,,,,,,,,,,,,,,,,,,,,,,,,,,,,,,,,,,,,,,,,,,,,,
79650,860,883,28,-11,1409,-12857,-11751,-3115,-57,77,0,3,0,0,14535,588,25,248,14535,1460,1479,1715,1742,0,0,0,0,0,0,0,-28,-28,18,47,132,,,,,,,,,,,,,,,,,,,,,,,,,,,,,,,,,,,,,,,,,,,,,,,,,,,,,,,,,,,,,,,,,,,,,,,,,,,
79703,340,191,-156,56,1212,-1383,-3084,-4214,26,23,0,11,1,0,14579,553,-6,251,14579,1481,1440,1745,1728,0,0,0,0,0,0,0,-16,-9,-15,-5,131,,,,,,,,,,,,,,,,,,,,,,,,,,,,,,,,,,,,,,,,,,,,,,,,,,,,,,,,,,,,,,,,,,,,,,,,,,,
79750,21,281,-22,153,949,7772,6742,-2383,417,-52,-2,83,-15,0,14535,566,53,248,14535,1446,1499,1738,1718,0,0,0,0,0,0,0,-26,-7,15,-9,131,,,,,,,,,,,,,,,,,,,,,,,,,,,,,,,,,,,,,,,,,,,,,,,,,,,,,,,,,,,,,,,,,,,,,,,,,,,
79803,455,-94,26,368,786,21688,4728,-369,550,-144,-2,117,-27,0,14535,579,61,248,14535,1512,1463,1721,1714,0,0,0,0,0,0,0,-6,-27,-37,54,134,,,,,,,,,,,,,,,,,,,,,,,,,,,,,,,,,,,,,,,,,,,,,,,,,,,,,,,,,,,,,,,,,,,,,,,,,,,
79850,1377,696,-54,107,1250,28768,761,-979,745,-110,2,173,-34,0,14535,587,31,248,14535,1447,1517,1702,1736,0,0,0,0,0,0,0,-28,1,29,0,132,,,,,,,,,,,,,,,,,,,,,,,,,,,,,,,,,,,,,,,,,,,,,,,,,,,,,,,,,,,,,,,,,,,,,,,,,,,
79903,2296,573,746,-582,1341,44210,5338,-5923,825,-159,0,205,-41,0,14535,585,56,248,14535,1438,1444,1731,1762,0,0,0,0,0,0,0,7,44,-58,-77,137,,,,,,,,,,,,,,,,,,,,,,,,,,,,,,,,,,,,,,,,,,,,,,,,,,,,,,,,,,,,,,,,,,,,,,,,,,,
79950,3856,600,118,-349,1312,49764,3934,-1895,696,-153,0,206,-41,0,14579,598,63,251,14579,1527,1414,1733,1719,0,0,0,0,0,0,0,-10,35,-8,-16,138,,,,,,,,,,,,,,,,,,,,,,,,,,,,,,,,,,,,,,,,,,,,,,,,,,,,,,,,,,,,,,,,,,,,,,,,,,,
80003,5921,1400,-189,149,583,42318,10282,-64,516,-94,-2,206,-43,0,14579,583,7,251,14579,1521,1452,1734,1702,0,0,0,0,0,0,0,-22,20,32,62,135,,,,,,,,,,,,,,,,,,,,,,,,,,,,,,,,,,,,,,,,,,,,,,,,,,,,,,,,,,,,,,,,,,,,,,,,,,,
80050,6949,2518,-567,296,994,30904,11442,-552,144,3,-2,150,-43,0,14535,579,109,248,14535,1527,1433,1740,1700,0,0,0,0,0,0,0,-54,17,129,100,138,,,,,,,,,,,,,,,,,,,,,,,,,,,,,,,,,,,,,,,,,,,,,,,,,,,,,,,,,,,,,,,,,,,,,,,,,,,
80103,6788,2073,13,-131,1417,11556,6986,-1406,-400,142,0,38,-7,0,14579,596,91,251,14579,1559,1379,1758,1692,0,0,0,0,0,0,0,-20,38,43,58,135,,,,,,,,,,,,,,,,,,,,,,,,,,,,,,,,,,,,,,,,,,,,,,,,,,,,,,,,,,,,,,,,,,,,,,,,,,,
80150,5086,637,486,-159,862,-15482,-825,-2200,-370,34,0,14,-4,0,14535,585,87,248,14535,1488,1448,1730,1729,0,0,0,0,0,0,0,38,68,-116,-31,136,,,,,,,,,,,,,,,,,,,,,,,,,,,,,,,,,,,,,,,,,,,,,,,,,,,,,,,,,,,,,,,,,,,,,,,,,,,
80203,3764,1354,-81,159,583,-13162,7413,-4641,-321,107,0,1,-2,0,14535,586,62,248,14535,1498,1398,1779,1707,0,0,0,0,0,0,0,-16,39,35,28,134,,,,,,,,,,,,,,,,,,,,,,,,,,,,,,,,,,,,,,,,,,,,,,,,,,,,,,,,,,,,,,,,,,,,,,,,,,,
80250,2195,1410,-119,1,1002,-17496,1066,-1162,-184,112,-2,1,-2,0,14579,590,54,251,14579,1466,1485,1729,1724,0,0,0,0,0,0,0,-6,53,14,-26,135,,,,,,,,,,,,,,,,,,,,,,,,,,,,,,,,,,,,,,,,,,,,,,,,,,,,,,,,,,,,,,,,,,,,,,,,,,,
80303,1021,1352,346,-342,1280,-10355,-2168,-308,-82,114,-2,1,0,0,14491,594,93,244,14491,1486,1471,1726,1715,0,0,0,0,0,0,0,-3,58,5,-51,134,,,,,,,,,,,,,,,,,,,,,,,,,,,,,,,,,,,,,,,,,,,,,,,,,,,,,,,,,,,,,,,,,,,,,,,,,,,
80350,838,1455,187,-133,1025,-12064,-5952,-735,-66,123,0,1,0,0,14535,589,51,248,14535,1478,1476,1726,1721,0,0,0,0,0,0,0,2,42,-13,-20,133,,,,,,,,,,,,,,,,,,,,,,,,,,,,,,,,,,,,,,,,,,,,,,,,,,,,,,,,,,,,,,,,,,,,,,,,,,,
80403,1137,1408,-339,115,923,-10782,-7966,2682,-88,115,0,2,-1,0,14535,613,55,248,14535,1519,1489,1718,1694,0,0,0,0,0,0,0,-23,17,50,37,134,,,,,,,,,,,,,,,,,,,,,,,,,,,,,,,,,,,,,,,,,,,,,,,,,,,,,,,,,,,,,,,,,,,,,,,,,,,
80450,1545,990,197,157,826,-2115,-3023,-491,-124,79,2,2,-1,0,14535,593,-8,248,14535,1522,1434,1733,1711,0,0,0,0,0,0,0,0,6,-16,64,129,,,,,,,,,,,,,,,,,,,,,,,,,,,,,,,,,,,,,,,,,,,,,,,,,,,,,,,,,,,,,,,,,,,,,,,,,,,
80503,982,758,-26,170,959,-8218,-4609,-613,-75,59,0,2,-1,0,14535,585,-19,248,14535,1494,1463,1734,1714,0,0,0,0,0,0,0,-14,16,20,27,130,,,,,,,,,,,,,,,,,,,,,,,,,,,,,,,,,,,,,,,,,,,,,,,,,,,,,,,,,,,,,,,,,,,,,,,,,,,
80550,992,983,150,18,925,-11270,-11690,-308,-79,82,0,1,0,0,14579,617,47,251,14579,1490,1473,1716,1729,0,0,0,0,0,0,0,-9,13,0,25,127,,,,,,,,,,,,,,,,,,,,,,,,,,,,,,,,,,,,,,,,,,,,,,,,,,,,,,,,,,,,,,,,,,,,,,,,,,,
80603,337,236,287,-123,789,-12247,-15840,3536,-22,13,-2,1,-1,0,14579,626,68,251,14579,1505,1516,1677,1725,0,0,0,0,0,0,0,3,23,-43,-10,133,,,,,,,,,,,,,,,,,,,,,,,,,,,,,,,,,,,,,,,,,,,,,,,,,,,,,,,,,,,,,,,,,,,,,,,,,,,
80650,442,361,-334,296,913,-7913,-8760,3475,-35,24,2,0,-1,0,14579,592,-13,251,14579,1534,1492,1707,1692,0,0,0,0,0,0,0,-31,-1,45,50,131,,,,,,,,,,,,,,,,,,,,,,,,,,,,,,,,,,,,,,,,,,,,,,,,,,,,,,,,,,,,,,,,,,,,,,,,,,,
80703,372,-208,116,-44,946,4293,-1314,1583,-32,-18,-2,0,0,0,14535,614,4,248,14535,1546,1446,1716,1705,0,0,0,0,0,0,0,0,11,-42,13,128,,,,,,,,,,,,,,,,,,,,,,,,,,,,,,,,,,,,,,,,,,,,,,,,,,,,,,,,,,,,,,,,,,,,,,,,,,,
80750,684,-80,-137,25,1177,-5533,-13093,6283,-56,-80,0,0,-14,0,14491,597,4,244,14491,1540,1528,1648,1714,0,0,0,0,0,0,0,-32,0,38,40,131,,,,,,,,,,,,,,,,,,,,,,,,,,,,,,,,,,,,,,,,,,,,,,,,,,,,,,,,,,,,,,,,,,,,,,,,,,,
80803,1019,-43,231,159,1003,-1749,3141,5062,-67,-551,-4,4,-109,0,14535,600,-2,248,14535,1551,1497,1654,1722,0,0,0,0,0,0,0,-24,-16,10,79,136,,,,,,,,,,,,,,,,,,,,,,,,,,,,,,,,,,,,,,,,,,,,,,,,,,,,,,,,,,,,,,,,,,,,,,,,,,,
80850,594,-192,501,-15,1000,-5899,25053,5917,-37,-833,-2,2,-163,0,13756,625,22,175,13756,1531,1496,1667,1664,0,0,0,0,0,0,0,9,4,-72,11,134,,,,,,,,,,,,,,,,,,,,,,,,,,,,,,,,,,,,,,,,,,,,,,,,,,,,,,,,,,,,,,,,,,,,,,,,,,,
80903,84,911,77,62,749,1851,41166,7992,243,-852,0,50,-186,0,13798,614,3,179,13798,1541,1525,1656,1647,0,0,0,0,0,0,0,15,11,-57,-13,130,,,,,,,,,,,,,,,,,,,,,,,,,,,,,,,,,,,,,,,,,,,,,,,,,,,,,,,,,,,,,,,,,,,,,,,,,,,
80950,373,2964,365,-213,894,17659,48734,5917,218,-676,0,50,-187,0,13756,617,-26,175,13756,1576,1458,1684,1635,0,0,0,0,0,0,0,14,12,-13,-8,137,,,,,,,,,,,,,,,,,,,,,,,,,,,,,,,,,,,,,,,,,,,,,,,,,,,,,,,,,,,,,,,,,,,,,,,,,,,
81003,1681,4799,-388,-74,1227,4842,38786,8602,76,-544,2,44,-192,0,13628,638,13,163,13628,1537,1541,1643,1634,0,0,0,0,0,0,0,-5,-10,83,68,136,,,,,,,,,,,,,,,,,,,,,,,,,,,,,,,,,,,,,,,,,,,,,,,,,,,,,,,,,,,,,,,,,,,,,,,,,,,
81050,2001,5121,10,-247,702,13021,43912,5307,-52,-369,2,24,-163,0,13628,630,18,163,13628,1568,1462,1693,1618,0,0,0,0,0,0,0,44,20,-18,-4,136,,,,,,,,,,,,,,,,,,,,,,,,,,,,,,,,,,,,,,,,,,,,,,,,,,,,,,,,,,,,,,,,,,,,,,,,,,,
81103,2114,5922,-222,199,968,-4251,26029,6710,-271,-198,0,-17,-143,0,13543,616,-16,155,13543,1583,1470,1668,1625,0,0,0,0,0,0,0,15,-2,86,58,139,,,,,,,,,,,,,,,,,,,,,,,,,,,,,,,,,,,,,,,,,,,,,,,,,,,,,,,,,,,,,,,,,,,,,,,,,,,
81150,1818,5560,-302,276,914,-11392,17850,6832,-305,-146,2,-29,-126,0,13543,620,-67,155,13543,1562,1499,1659,1624,0,0,0,0,0,0,0,46,-4,18,55,140,,,,,,,,,,,,,,,,,,,,,,,,,,,,,,,,,,,,,,,,,,,,,,,,,,,,,,,,,,,,,,,,,,,,,,,,,,,
81203,757,4116,-13,142,796,-16397,13700,4513,-195,6,0,-25,-70,0,13585,604,-106,159,13585,1520,1513,1683,1627,0,0,0,0,0,0,0,81,8,-62,6,134,,,,,,,,,,,,,,,,,,,,,,,,,,,,,,,,,,,,,,,,,,,,,,,,,,,,,,,,,,,,,,,,,,,,,,,,,,,
81250,385,3530,288,-45,599,-6387,2409,5123,-159,39,0,-25,-53,0,13585,602,-148,159,13585,1554,1490,1646,1655,0,0,0,0,0,0,0,85,4,-71,6,133,,,,,,,,,,,,,,,,,,,,,,,,,,,,,,,,,,,,,,,,,,,,,,,,,,,,,,,,,,,,,,,,,,,,,,,,,,,
81303,700,1696,369,168,1002,-13895,-3511,6527,-277,25,0,-43,-24,0,13543,592,-166,155,13543,1550,1520,1640,1640,0,0,0,0,0,0,0,95,-19,-104,63,140,,,,,,,,,,,,,,,,,,,,,,,,,,,,,,,,,,,,,,,,,,,,,,,,,,,,,,,,,,,,,,,,,,,,,,,,,,,
81350,15,395,218,162,898,-22806,-5586,7015,-249,-3,0,-49,-7,0,13585,596,-156,159,13585,1533,1548,1630,1642,0,0,0,0,0,0,0,86,-14,-89,36,135,,,,,,,,,,,,,,,,,,,,,,,,,,,,,,,,,,,,,,,,,,,,,,,,,,,,,,,,,,,,,,,,,,,,,,,,,,,
81403,-549,-363,-117,-22,1205,-20120,-8821,6588,-315,-38,-2,-72,-1,0,14056,596,-165,204,14056,1550,1527,1617,1657,0,0,0,0,0,0,0,57,-6,-17,0,140,,,,,,,,,,,,,,,,,,,,,,,,,,,,,,,,,,,,,,,,,,,,,,,,,,,,,,,,,,,,,,,,,,,,,,,,,,,
81450,-650,-135,84,55,1068,-19998,-2534,3231,-337,-18,2,-78,-1,0,15022,600,-182,291,15022,1544,1535,1669,1675,0,0,0,0,0,0,0,49,-17,0,15,136,,,,,,,,,,,,,,,,,,,,,,,,,,,,,,,,,,,,,,,,,,,,,,,,,,,,,,,,,,,,,,,,,,,,,,,,,,,
81503,-870,-27,-315,71,935,-16275,-6624,5062,-409,-9,0,-97,-1,0,14978,566,-208,287,14978,1600,1532,1660,1685,0,0,0,0,0,0,0,34,-36,31,49,136,,,,,,,,,,,,,,,,,,,,,,,,,,,,,,,,,,,,,,,,,,,,,,,,,,,,,,,,,,,,,,,,,,,,,,,,,,,
81550,-2028,-850,0,-274,1177,-16458,-3938,3414,-304,-77,0,-96,0,0,14978,574,-154,287,14978,1584,1529,1679,1683,0,0,0,0,0,0,0,53,-12,-27,-33,140,,,,,,,,,,,,,,,,,,,,,,,,,,,,,,,,,,,,,,,,,,,,,,,,,,,,,,,,,,,,,,,,,,,,,,,,,,,
81603,-1803,-647,-137,411,929,-25552,-9553,5245,-292,-56,0,-90,0,0,14978,535,-237,287,14978,1562,1579,1648,1690,0,0,0,0,0,0,0,35,-55,13,63,139,,,,,,,,,,,,,,,,,,,,,,,,,,,,,,,,,,,,,,,,,,,,,,,,,,,,,,,,,,,,,,,,,,,,,,,,,,,
81650,-1960,-183,-156,-15,1175,-11209,-5830,4574,-247,-9,0,-83,1,0,14933,519,-262,284,14933,1589,1545,1665,1679,0,0,0,0,0,0,0,12,-46,69,29,139,,,,,,,,,,,,,,,,,,,,,,,,,,,,,,,,,,,,,,,,,,,,,,,,,,,,,,,,,,,,,,,,,,,,,,,,,,,
81703,-1922,-285,133,262,992,-17069,-4793,4269,-191,-21,-2,-71,0,0,14978,505,-208,287,14978,1563,1570,1663,1683,0,0,0,0,0,0,0,41,-48,-16,23,140,,,,,,,,,,,,,,,,,,,,,,,,,,,,,,,,,,,,,,,,,,,,,,,,,,,,,,,,,,,,,,,,,,,,,,,,,,,
81750,-1668,-251,-9,291,833,-10538,-8577,2621,-116,-14,-2,-52,1,0,14933,521,-205,284,14933,1569,1541,1667,1694,0,0,0,0,0,0,0,34,-60,-3,49,138,,,,,,,,,,,,,,,,,,,,,,,,,,,,,,,,,,,,,,,,,,,,,,,,,,,,,,,,,,,,,,,,,,,,,,,,,,,
81803,-1538,196,-368,-19,1122,-9866,-10469,6344,-33,17,0,-33,0,0,15067,548,-97,296,15067,1581,1590,1642,1678,0,0,0,0,0,0,0,4,-47,66,9,134,,,,,,,,,,,,,,,,,,,,,,,,,,,,,,,,,,,,,,,,,,,,,,,,,,,,,,,,,,,,,,,,,,,,,,,,,,,
81850,-1177,141,-247,213,1090,-3519,-8577,3720,57,12,2,-9,0,0,15112,499,-105,300,15112,1583,1561,1675,1673,0,0,0,0,0,0,0,4,-59,58,39,133,,,,,,,,,,,,,,,,,,,,,,,,,,,,,,,,,,,,,,,,,,,,,,,,,,,,,,,,,,,,,,,,,,,,,,,,,,,
81903,-938,95,-167,-59,1155,2706,-7966,5734,74,4,0,-1,0,0,15067,496,-104,296,15067,1602,1567,1645,1676,0,0,0,0,0,0,0,11,-37,33,-16,131,,,,,,,,,,,,,,,,,,,,,,,,,,,,,,,,,,,,,,,,,,,,,,,,,,,,,,,,,,,,,,,,,,,,,,,,,,,
81950,-166,-454,-61,179,981,4293,-4182,4208,122,40,0,21,16,0,15067,507,-56,296,15067,1581,1572,1666,1671,0,0,0,0,0,0,0,29,-58,-22,45,133,,,,,,,,,,,,,,,,,,,,,,,,,,,,,,,,,,,,,,,,,,,,,,,,,,,,,,,,,,,,,,,,,,,,,,,,,,,
82003,-62,53,78,-98,979,9176,-3633,4391,277,214,0,54,41,0,15067,509,-32,296,15067,1577,1581,1676,1655,0,0,0,0,0,0,0,9,-26,28,-32,129,,,,,,,,,,,,,,,,,,,,,,,,,,,,,,,,,,,,,,,,,,,,,,,,,,,,,,,,,,,,,,,,,,,,,,,,,,,
82050,470,-150,31,142,1064,18087,-13948,4757,255,252,0,59,53,0,15022,496,-85,291,15022,1604,1558,1651,1672,0,0,0,0,0,0,0,16,-33,2,0,132,,,,,,,,,,,,,,,,,,,,,,,,,,,,,,,,,,,,,,,,,,,,,,,,,,,,,,,,,,,,,,,,,,,,,,,,,,,
82103,1546,-293,-362,-6,1146,20101,-11812,3048,273,267,-2,81,58,0,15022,497,-72,291,15022,1590,1551,1678,1664,0,0,0,0,0,0,0,-6,-34,51,25,137,,,,,,,,,,,,,,,,,,,,,,,,,,,,,,,,,,,,,,,,,,,,,,,,,,,,,,,,,,,,,,,,,,,,,,,,,,,
82150,2176,-836,-247,154,1229,23397,-14436,2255,253,255,0,88,65,0,15067,468,-1,296,15067,1593,1543,1672,1678,0,0,0,0,0,0,0,-7,-24,38,18,136,,,,,,,,,,,,,,,,,,,,,,,,,,,,,,,,,,,,,,,,,,,,,,,,,,,,,,,,,,,,,,,,,,,,,,,,,,,
82203,2725,-961,-300,124,888,14486,-12605,1705,201,149,2,87,46,0,15067,471,-21,296,15067,1582,1551,1657,1696,0,0,0,0,0,0,0,-13,-17,41,17,137,,,,,,,,,,,,,,,,,,,,,,,,,,,,,,,,,,,,,,,,,,,,,,,,,,,,,,,,,,,,,,,,,,,,,,,,,,,
82250,3245,-985,-60,483,1083,25533,-7112,2865,79,67,-2,72,30,0,15067,449,-19,296,15067,1625,1517,1665,1676,0,0,0,0,0,0,0,-21,-38,52,92,135,,,,,,,,,,,,,,,,,,,,,,,,,,,,,,,,,,,,,,,,,,,,,,,,,,,,,,,,,,,,,,,,,,,,,,,,,,,
82303,3753,-1002,-62,151,693,9481,-1008,241,-62,13,2,53,20,0,14978,472,27,287,14978,1589,1521,1683,1681,0,0,0,0,0,0,0,-15,-20,32,57,132,,,,,,,,,,,,,,,,,,,,,,,,,,,,,,,,,,,,,,,,,,,,,,,,,,,,,,,,,,,,,,,,,,,,,,,,,,,
82350,2870,-1245,301,-55,1209,4415,-2595,2011,-100,-66,0,30,8,0,15022,492,22,291,15022,1620,1513,1653,1692,0,0,0,0,0,0,0,16,2,-56,-2,133,,,,,,,,,,,,,,,,,,,,,,,,,,,,,,,,,,,,,,,,,,,,,,,,,,,,,,,,,,,,,,,,,,,,,,,,,,,
82403,2742,-884,-55,254,1062,6368,7902,790,-99,-70,0,27,1,0,14978,465,10,287,14978,1599,1518,1692,1665,0,0,0,0,0,0,0,-8,-25,11,74,130,,,,,,,,,,,,,,,,,,,,,,,,,,,,,,,,,,,,,,,,,,,,,,,,,,,,,,,,,,,,,,,,,,,,,,,,,,,
82450,1894,-381,-293,-82,1261,2706,12357,363,-46,-33,0,23,0,0,15022,510,97,291,15022,1596,1518,1689,1674,0,0,0,0,0,0,0,2,8,-12,-20,131,,,,,,,,,,,,,,,,,,,,,,,,,,,,,,,,,,,,,,,,,,,,,,,,,,,,,,,,,,,,,,,,,,,,,,,,,,,
82503,1717,503,-42,-2,1417,4964,11076,-1467,-27,47,0,24,0,0,14100,492,126,208,14100,1555,1487,1681,1665,0,0,0,0,0,0,0,-11,-5,34,18,131,,,,,,,,,,,,,,,,,,,,,,,,,,,,,,,,,,,,,,,,,,,,,,,,,,,,,,,,,,,,,,,,,,,,,,,,,,,
82550,1461,868,-26,-161,1009,1912,516,363,-1,82,2,25,1,0,13670,494,148,168,13670,1555,1494,1644,1661,0,0,0,0,0,0,0,-8,1,25,0,125,,,,,,,,,,,,,,,,,,,,,,,,,,,,,,,,,,,,,,,,,,,,,,,,,,,,,,,,,,,,,,,,,,,,,,,,,,,
82603,1193,727,167,3,906,-101,-4426,729,14,224,0,23,32,0,13628,503,159,163,13628,1538,1511,1659,1639,0,0,0,0,0,0,0,-4,-4,11,16,127,,,,,,,,,,,,,,,,,,,,,,,,,,,,,,,,,,,,,,,,,,,,,,,,,,,,,,,,,,,,,,,,,,,,,,,,,,,
82650,834,851,201,-101,1158,-589,-8333,-491,161,360,-2,46,57,0,13585,536,166,159,13585,1512,1519,1658,1656,0,0,0,0,0,0,0,-10,4,25,-11,134,,,,,,,,,,,,,,,,,,,,,,,,,,,,,,,,,,,,,,,,,,,,,,,,,,,,,,,,,,,,,,,,,,,,,,,,,,,
82703,700,983,-482,27,937,5391,-18098,-247,204,420,0,53,67,0,13543,537,91,155,13543,1542,1491,1661,1645,0,0,0,0,0,0,0,-41,5,100,-9,131,,,,,,,,,,,,,,,,,,,,,,,,,,,,,,,,,,,,,,,,,,,,,,,,,,,,,,,,,,,,,,,,,,,,,,,,,,,
82750,1117,504,-123,-108,591,11129,-18220,-308,342,560,0,87,103,0,13585,532,46,159,13585,1516,1519,1670,1639,0,0,0,0,0,0,0,-32,9,61,-9,135,,,,,,,,,,,,,,,,,,,,,,,,,,,,,,,,,,,,,,,,,,,,,,,,,,,,,,,,,,,,,,,,,,,,,,,,,,,
82803,2049,-634,114,117,622,16622,-27192,-1773,313,429,0,98,97,0,13543,527,-10,155,13543,1522,1488,1642,1684,0,0,0,0,0,0,0,-12,2,-12,27,136,,,,,,,,,,,,,,,,,,,,,,,,,,,,,,,,,,,,,,,,,,,,,,,,,,,,,,,,,,,,,,,,,,,,,,,,,,,
82850,2526,-1580,206,-123,1090,19857,-22737,-3237,146,186,-2,73,64,0,13585,539,-28,159,13585,1546,1434,1652,1695,0,0,0,0,0,0,0,-18,18,-18,0,140,,,,,,,,,,,,,,,,,,,,,,,,,,,,,,,,,,,,,,,,,,,,,,,,,,,,,,,,,,,,,,,,,,,,,,,,,,,
82903,3178,-1600,575,-481,1403,264,-18037,790,15,97,0,58,47,0,13500,532,-2,152,13500,1516,1526,1625,1670,0,0,0,0,0,0,0,-27,10,-6,31,132,,,,,,,,,,,,,,,,,,,,,,,,,,,,,,,,,,,,,,,,,,,,,,,,,,,,,,,,,,,,,,,,,,,,,,,,,,,
82950,3291,-1518,397,53,969,3560,-1924,-4458,-179,-38,2,21,18,0,13500,531,3,152,13500,1560,1391,1687,1670,0,0,0,0,0,0,0,-16,0,-39,63,133,,,,,,,,,,,,,,,,,,,,,,,,,,,,,,,,,,,,,,,,,,,,,,,,,,,,,,,,,,,,,,,,,,,,,,,,,,,
83003,2615,-1407,-26,-74,944,-7242,5582,-3421,-203,-115,-2,4,1,0,13500,522,-49,152,13500,1518,1453,1685,1663,0,0,0,0,0,0,0,-21,18,-24,6,136,,,,,,,,,,,,,,,,,,,,,,,,,,,,,,,,,,,,,,,,,,,,,,,,,,,,,,,,,,,,,,,,,,,,,,,,,,,
83050,2793,49,-328,92,910,-17618,15470,-2566,-250,7,-2,-1,0,0,13458,518,-59,148,13458,1496,1488,1700,1637,0,0,0,0,0,0,0,-49,-4,64,60,133,,,,,,,,,,,,,,,,,,,,,,,,,,,,,,,,,,,,,,,,,,,,,,,,,,,,,,,,,,,,,,,,,,,,,,,,,,,
83103,1146,42,338,-21,768,-17008,6376,-1406,-103,7,0,0,0,0,13543,533,-89,155,13543,1501,1504,1653,1676,0,0,0,0,0,0,0,1,31,-61,-50,130,,,,,,,,,,,,,,,,,,,,,,,,,,,,,,,,,,,,,,,,,,,,,,,,,,,,,,,,,,,,,,,,,,,,,,,,,,,
83150,-1,-302,213,-197,800,-1871,6864,-4824,-10,-15,0,-2,2,0,13543,528,-163,155,13543,1516,1431,1699,1671,0,0,0,0,0,0,0,4,36,-64,-70,133,,,,,,,,,,,,,,,,,,,,,,,,,,,,,,,,,,,,,,,,,,,,,,,,,,,,,,,,,,,,,,,,,,,,,,,,,,,
83203,53,142,-170,-56,1059,-1322,8390,-2871,-11,15,-4,-1,0,0,13500,503,-96,152,13500,1510,1461,1694,1657,0,0,0,0,0,0,0,-19,9,6,-1,130,,,,,,,,,,,,,,,,,,,,,,,,,,,,,,,,,,,,,,,,,,,,,,,,,,,,,,,,,,,,,,,,,,,,,,,,,,,
83250,-45,-68,-102,-93,1404,4659,19559,-4519,0,-5,-2,0,0,0,13458,510,-140,148,13458,1510,1430,1718,1649,0,0,0,0,0,0,0,-8,19,-12,-25,132,,,,,,,,,,,,,,,,,,,,,,,,,,,,,,,,,,,,,,,,,,,,,,,,,,,,,,,,,,,,,,,,,,,,,,,,,,,
83303,-257,-942,326,-140,729,-955,-3084,729,11,-75,-2,-2,1,0,13543,484,-183,155,13543,1512,1513,1612,1699,0,0,0,0,0,0,0,32,26,-113,-43,135,,,,,,,,,,,,,,,,,,,,,,,,,,,,,,,,,,,,,,,,,,,,,,,,,,,,,,,,,,,,,,,,,,,,,,,,,,,
83350,108,-731,177,-151,1088,3194,7780,-4031,-26,-63,0,-3,0,0,13970,459,-214,195,13970,1528,1430,1711,1664,0,0,0,0,0,0,0,8,11,-45,0,132,,,,,,,,,,,,,,,,,,,,,,,,,,,,,,,,,,,,,,,,,,,,,,,,,,,,,,,,,,,,,,,,,,,,,,,,,,,
83403,844,343,19,13,988,5269,9306,-3665,0,281,0,14,50,0,14360,432,-249,231,14360,1527,1471,1746,1649,0,0,0,0,0,0,0,-15,3,30,26,127,,,,,,,,,,,,,,,,,,,,,,,,,,,,,,,,,,,,,,,,,,,,,,,,,,,,,,,,,,,,,,,,,,,,,,,,,,,
83450,378,362,549,-364,1047,1180,-15535,-3909,155,481,0,37,90,0,14889,398,-307,280,14889,1515,1509,1713,1712,0,0,0,0,0,0,0,3,35,-21,-59,136,,,,,,,,,,,,,,,,,,,,,,,,,,,,,,,,,,,,,,,,,,,,,,,,,,,,,,,,,,,,,,,,,,,,,,,,,,,
83503,992,-567,195,206,534,14486,-32258,-3054,468,725,2,111,154,0,14978,404,-295,287,14978,1537,1503,1710,1710,0,0,0,0,0,0,0,5,1,-47,40,136,,,,,,,,,,,,,,,,,,,,,,,,,,,,,,,,,,,,,,,,,,,,,,,,,,,,,,,,,,,,,,,,,,,,,,,,,,,
83550,2201,-889,491,-854,1163,34078,-46296,-3970,457,1053,-2,129,226,0,14933,83650,4559,-5355,-75,98,880,6673,-42940,-857,52,171,-2,90,127,0,14933,376,-208,284,14933,1540,1522,1678,1722,0,0,0,0,0,0,0,-18,18,-97,69,137,,,,,,,,,,,,,,,,,,,,,,,,,,,,,,,,,,,,,,,,,,,,,,,,,,,,,,,,,,,
83703,4437,-5052,135,199,1062,1912,-276,-3543,-38,-63,2,69,75,0,14889,373,-170,280,14889,1536,1483,1737,1690,0,0,0,0,0,0,0,-52,26,-18,50,137,,,,,,,,,,,,,,,,,,,,,,,,,,,,,,,,,,,,,,,,,,,,,,,,,,,,,,,,,,,,,,,,,,,,,,,,,,,
83750,3194,-4489,475,0,1404,-4129,11381,-3054,-135,-157,0,28,46,0,14978,399,-172,287,14978,1564,1461,1739,1688,0,0,0,0,0,0,0,-20,53,-102,-30,141,,,,,,,,,,,,,,,,,,,,,,,,,,,,,,,,,,,,,,,,,,,,,,,,,,,,,,,,,,,,,,,,,,,,,,,,,,,
83803,2560,-2491,155,70,798,-4495,22428,-1773,-160,-189,0,12,5,0,15022,370,-246,291,15022,1578,1466,1737,1679,0,0,0,0,0,0,0,-42,30,-24,25,138,,,,,,,,,,,,,,,,,,,,,,,,,,,,,,,,,,,,,,,,,,,,,,,,,,,,,,,,,,,,,,,,,,,,,,,,,,,
83850,1952,-972,-54,45,794,-12857,30241,-613,-107,-70,2,12,2,0,15067,342,-209,296,15067,1533,1536,1757,1644,0,0,0,0,0,0,0,-38,33,-12,9,135,,,,,,,,,,,,,,,,,,,,,,,,,,,,,,,,,,,,,,,,,,,,,,,,,,,,,,,,,,,,,,,,,,,,,,,,,,,
83903,1384,703,46,143,1180,-6021,24015,-979,-57,-11,-2,12,-14,0,14978,362,-124,287,14978,1551,1503,1731,1677,0,0,0,0,0,0,0,-25,36,-21,-7,137,,,,,,,,,,,,,,,,,,,,,,,,,,,,,,,,,,,,,,,,,,,,,,,,,,,,,,,,,,,,,,,,,,,,,,,,,,,
83950,643,761,-166,300,1117,-4617,12418,-1040,-66,-38,0,-2,-20,0,15022,347,-145,291,15022,1573,1482,1723,1687,0,0,0,0,0,0,0,-14,27,-37,7,137,,,,,,,,,,,,,,,,,,,,,,,,,,,,,,,,,,,,,,,,,,,,,,,,,,,,,,,,,,,,,,,,,,,,,,,,,,,
84003,555,1634,-202,95,1111,-10050,20536,302,-188,-49,0,-27,-38,0,14978,299,-172,287,14978,1568,1508,1739,1653,0,0,0,0,0,0,0,-27,19,18,23,138,,,,,,,,,,,,,,,,,,,,,,,,,,,,,,,,,,,,,,,,,,,,,,,,,,,,,,,,,,,,,,,,,,,,,,,,,,,
84050,485,2395,247,-129,1096,-18961,16264,1034,-209,-304,0,-33,-102,0,14978,268,-264,287,14978,1556,1529,1700,1686,0,0,0,0,0,0,0,-23,11,25,32,142,,,,,,,,,,,,,,,,,,,,,,,,,,,,,,,,,,,,,,,,,,,,,,,,,,,,,,,,,,,,,,,,,,,,,,,,,,,
84103,-66,2648,-296,273,920,-26651,26395,-247,-228,-473,0,-46,-141,0,14535,304,-227,248,14535,1535,1510,1733,1645,0,0,0,0,0,0,0,-15,-5,23,56,141,,,,,,,,,,,,,,,,,,,,,,,,,,,,,,,,,,,,,,,,,,,,,,,,,,,,,,,,,,,,,,,,,,,,,,,,,,,
84150,-573,3805,53,-212,1080,-31046,36283,2438,-539,-345,0,-117,-135,0,14143,293,-176,211,14143,1561,1518,1709,1635,0,0,0,0,0,0,0,-17,-5,61,38,143,,,,,,,,,,,,,,,,,,,,,,,,,,,,,,,,,,,,,,,,,,,,,,,,,,,,,,,,,,,,,,,,,,,,,,,,,,,
84203,-1482,3807,22,209,908,-41116,18217,3414,-593,-313,-2,-144,-129,0,14143,272,-162,211,14143,1521,1557,1658,1664,0,0,0,0,0,0,0,45,-2,-81,4,142,,,,,,,,,,,,,,,,,,,,,,,,,,,,,,,,,,,,,,,,,,,,,,,,,,,,,,,,,,,,,,,,,,,,,,,,,,,
84250,-2421,3449,165,35,948,-38919,16080,241,-549,-271,0,-152,-114,0,14100,259,-212,208,14100,1526,1507,1696,1659,0,0,0,0,0,0,0,28,-19,-20,19,142,,,,,,,,,,,,,,,,,,,,,,,,,,,,,,,,,,,,,,,,,,,,,,,,,,,,,,,,,,,,,,,,,,,,,,,,,,,
84303,-3527,3192,-443,113,1230,-35623,8268,2987,-404,-7,-2,-142,-57,0,14013,263,-97,199,14013,1502,1562,1698,1617,0,0,0,0,0,0,0,22,-29,2,10,140,,,,,,,,,,,,,,,,,,,,,,,,,,,,,,,,,,,,,,,,,,,,,,,,,,,,,,,,,,,,,,,,,,,,,,,,,,,
84350,-4201,3489,-293,132,964,-27750,4057,3048,-195,171,0,-112,-26,0,13970,245,-91,195,13970,1528,1544,1706,1606,0,0,0,0,0,0,0,-14,-41,105,13,142,,,,,,,,,,,,,,,,,,,,,,,,,,,,,,,,,,,,,,,,,,,,,,,,,,,,,,,,,,,,,,,,,,,,,,,,,,,
84403,-4820,1695,-108,-153,1103,-21402,-30733,5490,193,144,2,-45,0,0,14013,216,-159,199,14013,1514,1593,1616,1668,0,0,0,0,0,0,0,24,-27,-17,-47,143,,,,,,,,,,,,,,,,,,,,,,,,,,,,,,,,,,,,,,,,,,,,,,,,,,,,,,,,,,,,,,,,,,,,,,,,,,,
84450,-4096,631,-308,108,916,-4129,-22859,3903,357,51,0,0,0,0,13970,282,-83,195,13970,1532,1554,1651,1650,0,0,0,0,0,0,0,-5,-53,42,17,133,,,,,,,,,,,,,,,,,,,,,,,,,,,,,,,,,,,,,,,,,,,,,,,,,,,,,,,,,,,,,,,,,,,,,,,,,,,
84503,-2182,-341,-78,-116,1398,28646,-13338,2072,270,36,0,16,13,0,13927,208,-152,192,13927,1586,1470,1676,1644,0,0,0,0,0,0,0,2,-44,6,11,136,,,,,,,,,,,,,,,,,,,,,,,,,,,,,,,,,,,,,,,,,,,,,,,,,,,,,,,,,,,,,,,,,,,,,,,,,,,
84550,-435,-1132,139,75,1080,19185,-24873,1339,114,-4,2,15,18,0,13970,205,-237,195,13970,1564,1490,1645,1683,0,0,0,0,0,0,0,-3,-53,5,57,135,,,,,,,,,,,,,,,,,,,,,,,,,,,,,,,,,,,,,,,,,,,,,,,,,,,,,,,,,,,,,,,,,,,,,,,,,,,
84603,788,-2685,78,51,689,9053,-25239,3536,88,30,0,31,53,0,13927,185,-236,192,13927,1551,1532,1629,1669,0,0,0,0,0,0,0,13,-47,-61,59,132,,,,,,,,,,,,,,,,,,,,,,,,,,,,,,,,,,,,,,,,,,,,,,,,,,,,,,,,,,,,,,,,,,,,,,,,,,,
84650,926,-3364,428,-376,944,8443,-19319,2133,264,6,-4,69,60,0,13884,215,-144,188,13884,1508,1551,1639,1675,0,0,0,0,0,0,0,17,-8,-86,-34,136,,,,,,,,,,,,,,,,,,,,,,,,,,,,,,,,,,,,,,,,,,,,,,,,,,,,,,,,,,,,,,,,,,,,,,,,,,,
84703,2504,-3256,-49,379,517,19613,-17854,3964,193,-60,2,82,44,0,13884,244,-105,188,13884,1572,1520,1617,1669,0,0,0,0,0,0,0,-11,-59,-23,123,140,,,,,,,,,,,,,,,,,,,,,,,,,,,,,,,,,,,,,,,,,,,,,,,,,,,,,,,,,,,,,,,,,,,,,,,,,,,
84750,3008,-2847,444,25,1450,20772,-3755,-796,156,-60,2,83,37,0,13841,214,-110,184,13841,1540,1484,1678,1665,0,0,0,0,0,0,0,-18,-13,-9,19,137,,,,,,,,,,,,,,,,,,,,,,,,,,,,,,,,,,,,,,,,,,,,,,,,,,,,,,,,,,,,,,,,,,,,,,,,,,,
84803,3352,-2237,34,82,946,16927,211,2255,122,-97,-2,83,19,0,13841,225,-38,184,13841,1551,1513,1649,1658,0,0,0,0,0,0,0,-1,-1,-54,7,131,,,,,,,,,,,,,,,,,,,,,,,,,,,,,,,,,,,,,,,,,,,,,,,,,,,,,,,,,,,,,,,,,,,,,,,,,,,
84850,4038,-1354,162,130,934,9481,9916,-308,-76,-62,-2,55,11,0,13798,178,-119,179,13798,1540,1484,1685,1650,0,0,0,0,0,0,0,-10,-15,-19,56,137,,,,,,,,,,,,,,,,,,,,,,,,,,,,,,,,,,,,,,,,,,,,,,,,,,,,,,,,,,,,,,,,,,,,,,,,,,,
84903,4019,-185,-35,65,1445,-5472,16630,-1467,-260,8,0,18,4,0,13841,166,-128,184,13841,1532,1480,1712,1635,0,0,0,0,0,0,0,-12,-17,-1,64,135,,,,,,,,,,,,,,,,,,,,,,,,,,,,,,,,,,,,,,,,,,,,,,,,,,,,,,,,,,,,,,,,,,,,,,,,,,,
84950,2792,369,-290,95,1211,-14932,17484,-2261,-208,46,2,6,2,0,13841,186,-113,184,13841,1517,1486,1708,1647,0,0,0,0,0,0,0,-10,-9,5,28,134,,,,,,,,,,,,,,,,,,,,,,,,,,,,,,,,,,,,,,,,,,,,,,,,,,,,,,,,,,,,,,,,,,,,,,,,,,,
85003,1435,609,252,-63,913,-11270,1615,1644,-93,67,-2,6,2,0,13841,205,10,184,13841,1531,1526,1649,1665,0,0,0,0,0,0,0,0,-3,-18,0,128,,,,,,,,,,,,,,,,,,,,,,,,,,,,,,,,,,,,,,,,,,,,,,,,,,,,,,,,,,,,,,,,,,,,,,,,,,,
85050,823,456,-98,-16,1090,-6937,1493,1461,-50,46,-2,4,1,0,13841,184,38,184,13841,1539,1515,1675,1641,0,0,0,0,0,0,0,-7,-3,3,-10,128,,,,,,,,,,,,,,,,,,,,,,,,,,,,,,,,,,,,,,,,,,,,,,,,,,,,,,,,,,,,,,,,,,,,,,,,,,,
85103,236,523,-148,-39,915,-4923,12968,1156,-31,-118,0,-2,-32,0,13841,194,40,184,13841,1545,1507,1676,1641,0,0,0,0,0,0,0,-23,-7,53,-7,134,,,,,,,,,,,,,,,,,,,,,,,,,,,,,,,,,,,,,,,,,,,,,,,,,,,,,,,,,,,,,,,,,,,,,,,,,,,
85150,55,875,-296,137,816,-6387,13883,2865,26,-300,2,6,-75,0,13841,176,-51,184,13841,1529,1549,1642,1654,0,0,0,0,0,0,0,-36,-27,96,43,133,,,,,,,,,,,,,,,,,,,,,,,,,,,,,,,,,,,,,,,,,,,,,,,,,,,,,,,,,,,,,,,,,,,,,,,,,,,
85203,169,709,103,233,960,-4617,3995,1889,-14,-405,0,0,-93,0,13841,177,-71,184,13841,1548,1517,1630,1677,0,0,0,0,0,0,0,7,-33,-13,55,132,,,,,,,,,,,,,,,,,,,,,,,,,,,,,,,,,,,,,,,,,,,,,,,,,,,,,,,,,,,,,,,,,,,,,,,,,,,
85250,253,1034,181,283,886,-4801,8268,3109,-53,-380,2,-6,-94,0,13841,144,-28,184,13841,1547,1538,1630,1660,0,0,0,0,0,0,0,20,-29,-40,43,135,,,,,,,,,,,,,,,,,,,,,,,,,,,,,,,,,,,,,,,,,,,,,,,,,,,,,,,,,,,,,,,,,,,,,,,,,,,
85303,54,1961,-518,111,917,3377,22428,3231,-36,-296,-2,-6,-93,0,13798,171,-44,179,13798,1570,1514,1676,1613,0,0,0,0,0,0,0,-13,-13,68,0,135,,,,,,,,,,,,,,,,,,,,,,,,,,,,,,,,,,,,,,,,,,,,,,,,,,,,,,,,,,,,,,,,,,,,,,,,,,,
85350,-35,1470,356,-143,954,9053,7413,2133,-24,-335,0,-5,-92,0,13841,174,35,184,13841,1571,1500,1633,1668,0,0,0,0,0,0,0,35,4,-53,-41,133,,,,,,,,,,,,,,,,,,,,,,,,,,,,,,,,,,,,,,,,,,,,,,,,,,,,,,,,,,,,,,,,,,,,,,,,,,,
85403,1105,1672,-125,-17,1370,7589,11686,-796,29,-440,0,25,-117,0,13798,202,78,179,13798,1532,1497,1659,1673,0,0,0,0,0,0,0,24,-18,-12,30,137,,,,,,,,,,,,,,,,,,,,,,,,,,,,,,,,,,,,,,,,,,,,,,,,,,,,,,,,,,,,,,,,,,,,,,,,,,,
85450,1490,2052,188,-355,1343,9603,21635,1400,44,-592,0,34,-154,0,13585,175,53,159,13585,1557,1500,1637,1665,0,0,0,0,0,0,0,28,-7,-8,11,135,,,,,,,,,,,,,,,,,,,,,,,,,,,,,,,,,,,,,,,,,,,,,,,,,,,,,,,,,,,,,,,,,,,,,,,,,,,
85503,1503,2966,202,-292,1018,-1688,30790,1583,-12,-540,0,23,-159,0,13628,188,115,163,13628,1517,1540,1657,1638,0,0,0,0,0,0,0,35,18,-3,-50,139,,,,,,,,,,,,,,,,,,,,,,,,,,,,,,,,,,,,,,,,,,,,,,,,,,,,,,,,,,,,,,,,,,,,,,,,,,,
85550,1998,4314,-15,-203,1167,6856,35245,912,-115,-394,0,11,-154,0,13628,219,129,163,13628,1567,1478,1672,1630,0,0,0,0,0,0,0,24,-4,56,19,137,,,,,,,,,,,,,,,,,,,,,,,,,,,,,,,,,,,,,,,,,,,,,,,,,,,,,,,,,,,,,,,,,,,,,,,,,,,
85603,2341,5065,26,-307,958,-2725,20719,-3,-183,-46,0,4,-97,0,13585,214,81,159,13585,1532,1498,1664,1645,0,0,0,0,0,0,0,38,-7,42,32,131,,,,,,,,,,,,,,,,,,,,,,,,,,,,,,,,,,,,,,,,,,,,,,,,,,,,,,,,,,,,,,,,,,,,,,,,,,,
85650,3007,6009,-254,221,435,-12125,6071,-1528,-251,273,2,2,-50,0,13628,232,155,163,13628,1506,1504,1692,1633,0,0,0,0,0,0,0,6,-42,138,123,138,,,,,,,,,,,,,,,,,,,,,,,,,,,,,,,,,,,,,,,,,,,,,,,,,,,,,,,,,,,,,,,,,,,,,,,,,,,
85703,1664,4143,-15,-32,889,-10111,-13215,1644,-134,225,0,2,-27,0,13543,203,90,155,13543,1541,1514,1623,1666,0,0,0,0,0,0,0,67,4,-32,-15,136,,,,,,,,,,,,,,,,,,,,,,,,,,,,,,,,,,,,,,,,,,,,,,,,,,,,,,,,,,,,,,,,,,,,,,,,,,,
85750,1136,2574,490,-210,889,-2969,-16389,363,-95,151,0,0,-14,0,13543,207,-26,155,13543,1559,1476,1635,1668,0,0,0,0,0,0,0,82,2,-83,-12,135,,,,,,,,,,,,,,,,,,,,,,,,,,,,,,,,,,,,,,,,,,,,,,,,,,,,,,,,,,,,,,,,,,,,,,,,,,,
85803,1285,2413,-82,-445,1397,-3458,211,1705,-112,189,-2,0,-4,0,13543,204,41,155,13543,1540,1516,1673,1614,0,0,0,0,0,0,0,35,-2,38,4,132,,,,,,,,,,,,,,,,,,,,,,,,,,,,,,,,,,,,,,,,,,,,,,,,,,,,,,,,,,,,,,,,,,,,,,,,,,,
85850,2099,2677,-386,-112,888,997,-5586,-1589,-155,223,0,5,-2,0,13500,229,123,152,13500,1532,1476,1678,1648,0,0,0,0,0,0,0,14,-9,90,27,134,,,,,,,,,,,,,,,,,,,,,,,,,,,,,,,,,,,,,,,,,,,,,,,,,,,,,,,,,,,,,,,,,,,,,,,,,,,
85903,1521,1168,-159,38,994,2828,-10896,-1467,-28,87,-4,20,-2,0,13543,219,78,155,13543,1541,1463,1663,1665,0,0,0,0,0,0,0,39,-3,7,9,131,,,,,,,,,,,,,,,,,,,,,,,,,,,,,,,,,,,,,,,,,,,,,,,,,,,,,,,,,,,,,,,,,,,,,,,,,,,
85950,2171,1215,-274,134,1101,9298,-3877,546,40,92,0,46,-2,0,13585,175,-98,159,13585,1582,1454,1672,1631,0,0,0,0,0,0,0,17,-31,57,85,132,,,,,,,,,,,,,,,,,,,,,,,,,,,,,,,,,,,,,,,,,,,,,,,,,,,,,,,,,,,,,,,,,,,,,,,,,,,
86003,1796,734,-303,20,945,15035,-3023,-1223,387,140,0,108,15,0,13543,221,-49,155,13543,1526,1489,1694,1630,0,0,0,0,0,0,0,16,-4,52,19,134,,,,,,,,,,,,,,,,,,,,,,,,,,,,,,,,,,,,,,,,,,,,,,,,,,,,,,,,,,,,,,,,,,,,,,,,,,,
86050,1495,104,-15,-161,1114,22420,-12971,607,700,61,0,166,10,0,13585,169,-101,159,13585,1503,1539,1623,1679,0,0,0,0,0,0,0,43,36,-28,-74,137,,,,,,,,,,,,,,,,,,,,,,,,,,,,,,,,,,,,,,,,,,,,,,,,,,,,,,,,,,,,,,,,,,,,,,,,,,,
86103,2718,-338,-152,39,839,46407,-11140,1705,628,19,0,173,9,0,13543,176,-195,155,13543,1588,1462,1648,1640,0,0,0,0,0,0,0,18,23,23,-9,134,,,,,,,,,,,,,,,,,,,,,,,,,,,,,,,,,,,,,,,,,,,,,,,,,,,,,,,,,,,,,,,,,,,,,,,,,,,
86150,5228,176,-34,-26,1443,47811,5216,-674,412,25,2,173,2,0,13585,193,-137,159,13585,1571,1449,1687,1628,0,0,0,0,0,0,0,8,0,47,92,130,,,,,,,,,,,,,,,,,,,,,,,,,,,,,,,,,,,,,,,,,,,,,,,,,,,,,,,,,,,,,,,,,,,,,,,,,,,
86203,6794,1123,39,481,781,22359,4301,-1589,35,105,-2,125,1,0,13500,156,-126,152,13500,1557,1450,1686,1645,0,0,0,0,0,0,0,10,-2,46,131,134,,,,,,,,,,,,,,,,,,,,,,,,,,,,,,,,,,,,,,,,,,,,,,,,,,,,,,,,,,,,,,,,,,,,,,,,,,,
86250,5970,1110,524,-363,1098,14302,2836,-1589,-74,100,0,89,0,0,13585,190,-52,159,13585,1553,1452,1683,1647,0,0,0,0,0,0,0,37,59,-29,-23,136,,,,,,,,,,,,,,,,,,,,,,,,,,,,,,,,,,,,,,,,,,,,,,,,,,,,,,,,,,,,,,,,,,,,,,,,,,,
86303,5247,1486,-511,190,1126,-12735,-5403,-2261,-108,129,0,69,0,0,13628,210,-41,163,13628,1503,1499,1682,1657,0,0,0,0,0,0,0,-6,37,85,33,137,,,,,,,,,,,,,,,,,,,,,,,,,,,,,,,,,,,,,,,,,,,,,,,,,,,,,,,,,,,,,,,,,,,,,,,,,,,
86350,3588,658,-261,53,938,-17008,-15657,-2810,-149,60,2,32,0,0,13585,162,-114,159,13585,1515,1476,1657,1686,0,0,0,0,0,0,0,5,25,43,51,134,,,,,,,,,,,,,,,,,,,,,,,,,,,,,,,,,,,,,,,,,,,,,,,,,,,,,,,,,,,,,,,,,,,,,,,,,,,
86403,2807,-163,-180,393,773,-7486,-459,-1834,-203,-10,-2,8,0,0,13585,110,-176,159,13585,1547,1448,1678,1656,0,0,0,0,0,0,0,17,10,7,84,134,,,,,,,,,,,,,,,,,,,,,,,,,,,,,,,,,,,,,,,,,,,,,,,,,,,,,,,,,,,,,,,,,,,,,,,,,,,
86450,2575,276,-76,278,836,-16336,-3206,-3970,-228,55,0,0,6,0,13585,152,-88,159,13585,1512,1456,1679,1681,0,0,0,0,0,0,0,10,4,28,91,131,,,,,,,,,,,,,,,,,,,,,,,,,,,,,,,,,,,,,,,,,,,,,,,,,,,,,,,,,,,,,,,,,,,,,,,,,,,
86503,1550,434,-335,2,1260,-28970,-20784,-674,-372,153,-2,-47,23,0,13585,165,-118,159,13585,1517,1500,1628,1694,0,0,0,0,0,0,0,0,27,46,9,136,,,,,,,,,,,,,,,,,,,,,,,,,,,,,,,,,,,,,,,,,,,,,,,,,,,,,,,,,,,,,,,,,,,,,,,,,,,
86550,655,-33,-431,0,1297,-29031,-13887,-979,-479,265,-2,-84,53,0,13970,170,-135,195,13970,1544,1487,1686,1658,0,0,0,0,0,0,0,-3,13,40,19,137,,,,,,,,,,,,,,,,,,,,,,,,,,,,,,,,,,,,,,,,,,,,,,,,,,,,,,,,,,,,,,,,,,,,,,,,,,,
86603,-560,-685,173,129,917,-35318,-9248,-369,-492,428,0,-108,97,0,14360,114,-207,231,14360,1561,1502,1714,1640,0,0,0,0,0,0,0,4,-7,7,43,136,,,,,,,,,,,,,,,,,,,,,,,,,,,,,,,,,,,,,,,,,,,,,,,,,,,,,,,,,,,,,,,,,,,,,,,,,,,
86650,-1390,-665,630,-136,1172,-31778,-12971,-979,-353,500,0,-94,111,0,14844,97,-130,276,14844,1549,1528,1708,1673,0,0,0,0,0,0,0,6,-18,-9,40,141,,,,,,,,,,,,,,,,,,,,,,,,,,,,,,,,,,,,,,,,,,,,,,,,,,,,,,,,,,,,,,,,,,,,,,,,,,,
86703,-2607,-1776,111,5,1320,-21524,-42268,-125,-180,403,0,-81,111,0,14933,83,-85,284,14933,1559,1533,1646,1728,0,0,0,0,0,0,0,3,-4,-32,-22,139,,,,,,,,,,,,,,,,,,,,,,,,,,,,,,,,,,,,,,,,,,,,,,,,,,,,,,,,,,,,,,,,,,,,,,,,,,,
86750,-2880,-2563,169,-171,1285,-7547,-38179,1095,223,394,0,-5,123,0,14978,63,-111,287,14978,1560,1553,1674,1689,0,0,0,0,0,0,0,-27,-4,17,-37,141,,,,,,,,,,,,,,,,,,,,,,,,,,,,,,,,,,,,,,,,,,,,,,,,,,,,,,,,,,,,,,,,,,,,,,,,,,,
86803,-1865,-2978,-238,245,1081,10152,-30122,1095,138,361,2,-4,124,0,14978,118,-53,287,14978,1599,1519,1670,1697,0,0,0,0,0,0,0,-32,-19,2,8,139,,,,,,,,,,,,,,,,,,,,,,,,,,,,,,,,,,,,,,,,,,,,,,,,,,,,,,,,,,,,,,,,,,,,,,,,,,,
86850,-704,-3330,-476,-74,1341,13997,-31892,4025,33,264,-2,-5,111,0,14978,119,77,287,14978,1626,1522,1651,1678,0,0,0,0,0,0,0,-59,-24,51,35,139,,,,,,,,,,,,,,,,,,,,,,,,,,,,,,,,,,,,,,,,,,,,,,,,,,,,,,,,,,,,,,,,,,,,,,,,,,,
86903,-141,-4060,204,381,1197,-9805,-21455,3353,50,106,0,7,92,0,14933,159,193,284,14933,1558,1586,1665,1667,0,0,0,0,0,0,0,-38,-21,-26,32,137,,,,,,,,,,,,,,,,,,,,,,,,,,,,,,,,,,,,,,,,,,,,,,,,,,,,,,,,,,,,,,,,,,,,,,,,,,,
86950,-628,-3830,-242,-17,1177,5147,-17000,119,208,-6,-2,30,65,0,14933,172,262,284,14933,1572,1527,1671,1699,0,0,0,0,0,0,0,-56,0,9,-25,135,,,,,,,,,,,,,,,,,,,,,,,,,,,,,,,,,,,,,,,,,,,,,,,,,,,,,,,,,,,,,,,,,,,,,,,,,,,
87003,-155,-3592,408,162,1012,3560,2836,-1406,453,-264,0,87,9,0,14933,124,204,284,14933,1499,1581,1676,1711,0,0,0,0,0,0,0,-27,-10,-73,6,136,,,,,,,,,,,,,,,,,,,,,,,,,,,,,,,,,,,,,,,,,,,,,,,,,,,,,,,,,,,,,,,,,,,,,,,,,,,
87050,-231,-2732,438,-83,1199,16195,13273,-1345,529,-220,0,101,3,0,15022,169,281,291,15022,1546,1535,1694,1691,0,0,0,0,0,0,0,-29,7,-60,-35,139,,,,,,,,,,,,,,,,,,,,,,,,,,,,,,,,,,,,,,,,,,,,,,,,,,,,,,,,,,,,,,,,,,,,,,,,,,,
87103,580,-1266,343,-309,1216,30538,7413,2743,584,-197,-2,127,-17,0,14978,145,359,287,14978,1593,1544,1644,1697,0,0,0,0,0,0,0,-53,-1,17,8,138,,,,,,,,,,,,,,,,,,,,,,,,,,,,,,,,,,,,,,,,,,,,,,,,,,,,,,,,,,,,,,,,,,,,,,,,,,,
87150,2381,-499,30,-334,1296,30355,16019,-1162,423,-322,-2,126,-55,0,14933,181,313,284,14933,1579,1501,1691,1693,0,0,0,0,0,0,0,-43,-3,4,44,139,,,,,,,,,,,,,,,,,,,,,,,,,,,,,,,,,,,,,,,,,,,,,,,,,,,,,,,,,,,,,,,,,,,,,,,,,,,
87203,3635,455,-95,370,960,27120,25968,-1284,359,-616,2,135,-131,0,14978,265,489,287,14978,1563,1522,1664,1721,0,0,0,0,0,0,0,-22,-5,-25,78,139,,,,,,,,,,,,,,,,,,,,,,,,,,,,,,,,,,,,,,,,,,,,,,,,,,,,,,,,,,,,,,,,,,,,,,,,,,,
87250,4295,1301,-126,292,917,16195,47941,-5374,476,-755,2,170,-173,0,15022,274,461,291,15022,1491,1535,1718,1716,0,0,0,0,0,0,0,-13,0,-16,79,140,,,,,,,,,,,,,,,,,,,,,,,,,,,,,,,,,,,,,,,,,,,,,,,,,,,,,,,,,,,,,,,,,,,,,,,,,,,
87303,4701,3609,-103,-6,1033,26876,53739,-2566,190,-599,-2,120,-182,0,14491,305,542,244,14491,1576,1452,1716,1670,0,0,0,0,0,0,0,-19,23,46,36,141,,,,,,,,,,,,,,,,,,,,,,,,,,,,,,,,,,,,,,,,,,,,,,,,,,,,,,,,,,,,,,,,,,,,,,,,,,,
87350,5734,5301,24,76,1068,17781,46964,-3482,-399,-176,0,20,-127,0,14535,315,530,248,14535,1601,1404,1754,1640,0,0,0,0,0,0,0,-5,10,46,88,137,,,,,,,,,,,,,,,,,,,,,,,,,,,,,,,,,,,,,,,,,,,,,,,,,,,,,,,,,,,,,,,,,,,,,,,,,,,
87403,4558,6374,-242,10,717,-26956,20963,-1406,-376,224,2,4,-66,0,14448,383,558,240,14448,1489,1560,1715,1656,0,0,0,0,0,0,0,-16,22,107,47,138,,,,,,,,,,,,,,,,,,,,,,,,,,,,,,,,,,,,,,,,,,,,,,,,,,,,,,,,,,,,,,,,,,,,,,,,,,,
87450,2636,5942,220,-360,981,-7730,6315,-6533,-216,344,0,2,-34,0,14404,397,536,235,14404,1525,1437,1729,1700,0,0,0,0,0,0,0,25,55,7,-55,135,,,,,,,,,,,,,,,,,,,,,,,,,,,,,,,,,,,,,,,,,,,,,,,,,,,,,,,,,,,,,,,,,,,,,,,,,,,
87503,1878,4655,109,-250,1061,-11881,-17244,-979,-156,385,-2,1,-4,0,14404,343,316,235,14404,1525,1520,1685,1685,0,0,0,0,0,0,0,14,38,28,-17,139,,,,,,,,,,,,,,,,,,,,,,,,,,,,,,,,,,,,,,,,,,,,,,,,,,,,,,,,,,,,,,,,,,,,,,,,,,,
87550,1307,2848,350,-38,967,-6876,-16511,-3787,-107,234,0,1,-2,0,14317,401,418,228,14317,1531,1465,1704,1694,0,0,0,0,0,0,0,36,37,-45,-23,137,,,,,,,,,,,,,,,,,,,,,,,,,,,,,,,,,,,,,,,,,,,,,,,,,,,,,,,,,,,,,,,,,,,,,,,,,,,
87603,577,1152,-484,250,1024,-7547,-17000,-5984,-50,93,0,0,-1,0,14360,477,449,231,14360,1519,1446,1719,1708,0,0,0,0,0,0,0,9,25,9,0,131,,,,,,,,,,,,,,,,,,,,,,,,,,,,,,,,,,,,,,,,,,,,,,,,,,,,,,,,,,,,,,,,,,,,,,,,,,,
87650,839,683,-275,232,1160,4842,-7539,-4397,-69,49,0,0,-2,0,14404,455,435,235,14404,1561,1420,1713,1698,0,0,0,0,0,0,0,-2,7,32,47,130,,,,,,,,,,,,,,,,,,,,,,,,,,,,,,,,,,,,,,,,,,,,,,,,,,,,,,,,,,,,,,,,,,,,,,,,,,,
87703,513,-527,-89,13,975,-2298,-2656,-3848,-41,76,0,0,24,0,14404,469,417,235,14404,1519,1476,1717,1690,0,0,0,0,0,0,0,22,15,-42,23,131,,,,,,,,,,,,,,,,,,,,,,,,,,,,,,,,,,,,,,,,,,,,,,,,,,,,,,,,,,,,,,,,,,,,,,,,,,,
87750,538,-33,-456,211,923,-9012,-10286,-247,-50,269,0,0,54,0,14404,467,357,235,14404,1528,1517,1691,1676,0,0,0,0,0,0,0,-24,3,78,46,132,,,,,,,,,,,,,,,,,,,,,,,,,,,,,,,,,,,,,,,,,,,,,,,,,,,,,,,,,,,,,,,,,,,,,,,,,,,
87803,348,-461,117,-3,838,-7120,-24690,-64,-30,197,2,0,47,0,14404,527,364,235,14404,1520,1527,1644,1719,0,0,0,0,0,0,0,-8,15,19,6,129,,,,,,,,,,,,,,,,,,,,,,,,,,,,,,,,,,,,,,,,,,,,,,,,,,,,,,,,,,,,,,,,,,,,,,,,,,,
87850,-387,-1825,-84,-164,1251,-10416,-13704,-2322,33,50,0,0,41,0,14404,517,343,235,14404,1493,1520,1697,1698,0,0,0,0,0,0,0,12,32,-53,-45,138,,,,,,,,,,,,,,,,,,,,,,,,,,,,,,,,,,,,,,,,,,,,,,,,,,,,,,,,,,,,,,,,,,,,,,,,,,,
87903,-187,-1815,433,-22,777,-8829,-11567,-308,16,16,0,0,34,0,14404,524,308,235,14404,1522,1520,1663,1709,0,0,0,0,0,0,0,11,13,-57,-1,133,,,,,,,,,,,,,,,,,,,,,,,,,,,,,,,,,,,,,,,,,,,,,,,,,,,,,,,,,,,,,,,,,,,,,,,,,,,
87950,150,-1299,316,-347,935,-6510,-8943,-674,-9,-33,0,0,16,0,14360,528,224,231,14360,1528,1506,1673,1702,0,0,0,0,0,0,0,-10,9,0,7,130,,,,,,,,,,,,,,,,,,,,,,,,,,,,,,,,,,,,,,,,,,,,,,,,,,,,,,,,,,,,,,,,,,,,,,,,,,,
88003,653,-480,-138,121,1021,-2420,1432,-5618,-53,10,-2,0,10,0,14404,528,178,235,14404,1509,1444,1736,1697,0,0,0,0,0,0,0,-26,-5,40,46,134,,,,,,,,,,,,,,,,,,,,,,,,,,,,,,,,,,,,,,,,,,,,,,,,,,,,,,,,,,,,,,,,,,,,,,,,,,,
88050,703,-311,29,134,773,-3763,-8577,-5068,-61,-9,0,0,3,0,14404,547,122,235,14404,1500,1465,1697,1732,0,0,0,0,0,0,0,-25,-7,35,50,130,,,,,,,,,,,,,,,,,,,,,,,,,,,,,,,,,,,,,,,,,,,,,,,,,,,,,,,,,,,,,,,,,,,,,,,,,,,
88099,658,-445,19,34,967,-9012,-4304,-1956,-77,-1,0,0,3,0,14360,537,131,231,14360,1500,1529,1678,1701,0,0,0,0,0,0,0,-5,4,-23,12,128,,,,,,,,,,,,,,,,,,,,,,,,,,,,,,,,,,,,,,,,,,,,,,,,,,,,,,,,,,,,,,,,,,,,,,,,,,,
88150,392,-469,77,163,830,-6021,8512,-2932,-138,-30,-4,-20,2,0,14756,563,120,267,14756,1552,1433,1729,1681,0,0,0,0,0,0,0,-11,-18,-5,61,135,,,,,,,,,,,,,,,,,,,,,,,,,,,,,,,,,,,,,,,,,,,,,,,,,,,,,,,,,,,,,,,,,,,,,,,,,,,
88203,247,721,-326,-63,1233,-13345,4911,1461,-185,76,0,-32,2,0,14800,569,104,271,14800,1553,1525,1706,1666,0,0,0,0,0,0,0,-26,-5,38,18,134,,,,,,,,,,,,,,,,,,,,,,,,,,,,,,,,,,,,,,,,,,,,,,,,,,,,,,,,,,,,,,,,,,,,,,,,,,,
88250,81,1177,17,-79,1212,-14322,4057,-369,-265,148,0,-51,9,0,14800,564,147,271,14800,1556,1497,1722,1672,0,0,0,0,0,0,0,-29,-11,50,24,134,,,,,,,,,,,,,,,,,,,,,,,,,,,,,,,,,,,,,,,,,,,,,,,,,,,,,,,,,,,,,,,,,,,,,,,,,,,
88303,-71,1336,-243,100,962,-22135,-11934,57,-388,189,-2,-78,14,0,14933,589,106,284,14933,1548,1515,1694,1701,0,0,0,0,0,0,0,-27,-24,43,45,138,,,,,,,,,,,,,,,,,,,,,,,,,,,,,,,,,,,,,,,,,,,,,,,,,,,,,,,,,,,,,,,,,,,,,,,,,,,
88350,-822,625,-187,92,1119,-26956,-8577,424,-350,96,2,-84,8,0,14889,567,135,280,14889,1553,1520,1685,1702,0,0,0,0,0,0,0,-11,-20,-5,12,135,,,,,,,,,,,,,,,,,,,,,,,,,,,,,,,,,,,,,,,,,,,,,,,,,,,,,,,,,,,,,,,,,,,,,,,,,,,
88403,-1061,653,-329,46,736,-29886,-2717,2438,-305,64,0,-79,1,0,14978,563,63,287,14978,1541,1564,1691,1678,0,0,0,0,0,0,0,-43,-44,79,56,135,,,,,,,,,,,,,,,,,,,,,,,,,,,,,,,,,,,,,,,,,,,,,,,,,,,,,,,,,,,,,,,,,,,,,,,,,,,
88450,-1369,1160,-365,188,997,-29398,944,3170,-240,104,-2,-71,0,0,14933,594,158,284,14933,1531,1580,1689,1671,0,0,0,0,0,0,0,-14,-24,3,-20,138,,,,,,,,,,,,,,,,,,,,,,,,,,,,,,,,,,,,,,,,,,,,,,,,,,,,,,,,,,,,,,,,,,,,,,,,,,,
88503,-1701,1591,-63,63,827,-19449,-6441,1644,-88,142,-2,-47,0,0,14889,607,127,280,14889,1538,1550,1674,1702,0,0,0,0,0,0,0,-32,-57,54,48,137,,,,,,,,,,,,,,,,,,,,,,,,,,,,,,,,,,,,,,,,,,,,,,,,,,,,,,,,,,,,,,,,,,,,,,,,,,,
88550,-1635,1644,-482,139,944,-10843,-16755,-186,3,146,-2,-27,0,0,14933,598,106,284,14933,1540,1526,1685,1715,0,0,0,0,0,0,0,-55,-69,107,68,139,,,,,,,,,,,,,,,,,,,,,,,,,,,,,,,,,,,,,,,,,,,,,,,,,,,,,,,,,,,,,,,,,,,,,,,,,,,
88603,-1559,418,360,-163,1235,-7974,-7661,424,73,36,0,-12,0,0,14978,603,147,287,14978,1510,1564,1678,1714,0,0,0,0,0,0,0,-4,-39,-35,-17,135,,,,,,,,,,,,,,,,,,,,,,,,,,,,,,,,,,,,,,,,,,,,,,,,,,,,,,,,,,,,,,,,,,,,,,,,,,,
88650,-936,716,-321,210,904,20,-9187,-857,53,66,0,-5,0,0,15022,603,115,291,15022,1539,1522,1691,1717,0,0,0,0,0,0,0,-34,-53,41,20,129,,,,,,,,,,,,,,,,,,,,,,,,,,,,,,,,,,,,,,,,,,,,,,,,,,,,,,,,,,,,,,,,,,,,,,,,,,,
88703,-491,407,398,-262,926,7528,-11384,2133,133,136,-2,18,20,0,14889,611,112,280,14889,1549,1553,1681,1695,0,0,0,0,0,0,0,-13,-41,-21,-6,137,,,,,,,,,,,,,,,,,,,,,,,,,,,,,,,,,,,,,,,,,,,,,,,,,,,,,,,,,,,,,,,,,,,,,,,,,,,
88750,462,310,351,-372,987,10762,-10835,1034,245,226,-2,57,39,0,14978,614,143,287,14978,1541,1548,1715,1675,0,0,0,0,0,0,0,-22,-43,-4,12,136,,,,,,,,,,,,,,,,,,,,,,,,,,,,,,,,,,,,,,,,,,,,,,,,,,,,,,,,,,,,,,,,,,,,,,,,,,,
88803,1404,-118,130,93,728,21566,-6257,790,257,213,-2,76,44,0,14933,631,152,284,14933,1564,1513,1702,1684,0,0,0,0,0,0,0,-7,-33,-48,5,133,,,,,,,,,,,,,,,,,,,,,,,,,,,,,,,,,,,,,,,,,,,,,,,,,,,,,,,,,,,,,,,,,,,,,,,,,,,
88850,2497,52,218,4,1193,21260,-4915,-430,267,165,0,97,32,0,15022,629,90,291,15022,1540,1528,1703,1699,0,0,0,0,0,0,0,-24,-36,-2,37,131,,,,,,,,,,,,,,,,,,,,,,,,,,,,,,,,,,,,,,,,,,,,,,,,,,,,,,,,,,,,,,,,,,,,,,,,,,,
88903,2990,26,208,-71,1179,26571,-1497,-2444,290,68,-2,110,13,0,14978,615,44,287,14978,1542,1493,1720,1707,0,0,0,0,0,0,0,-19,-16,-16,8,135,,,,,,,,,,,,,,,,,,,,,,,,,,,,,,,,,,,,,,,,,,,,,,,,,,,,,,,,,,,,,,,,,,,,,,,,,,,
88950,3757,-53,13,95,1254,19490,-12605,-979,192,2,-2,104,1,0,14978,611,75,287,14978,1540,1516,1696,1716,0,0,0,0,0,0,0,-22,-15,-13,27,133,,,,,,,,,,,,,,,,,,,,,,,,,,,,,,,,,,,,,,,,,,,,,,,,,,,,,,,,,,,,,,,,,,,,,,,,,,,
89003,4282,-78,-12,268,934,22237,5704,-4702,-7,3,-2,73,2,0,14933,631,91,284,14933,1555,1432,1757,1692,0,0,0,0,0,0,0,-36,-25,21,70,130,,,,,,,,,,,,,,,,,,,,,,,,,,,,,,,,,,,,,,,,,,,,,,,,,,,,,,,,,,,,,,,,,,,,,,,,,,,
89050,3926,-318,82,147,907,7344,2164,-2078,-182,-27,0,32,0,0,14978,642,105,287,14978,1553,1480,1722,1701,0,0,0,0,0,0,0,-21,-6,-19,27,133,,,,,,,,,,,,,,,,,,,,,,,,,,,,,,,,,,,,,,,,,,,,,,,,,,,,,,,,,,,,,,,,,,,,,,,,,,,
89103,2798,-298,79,-1,1038,-4556,-1558,-613,-202,-228,0,8,-40,0,14978,629,64,287,14978,1551,1504,1675,1733,0,0,0,0,0,0,0,-25,5,-5,-7,133,,,,,,,,,,,,,,,,,,,,,,,,,,,,,,,,,,,,,,,,,,,,,,,,,,,,,,,,,,,,,,,,,,,,,,,,,,,
89150,2110,392,-51,33,607,-12186,9183,-1528,-177,-356,-2,1,-78,0,14933,658,98,284,14933,1506,1533,1707,1714,0,0,0,0,0,0,0,-31,1,15,-1,134,,,,,,,,,,,,,,,,,,,,,,,,,,,,,,,,,,,,,,,,,,,,,,,,,,,,,,,,,,,,,,,,,,,,,,,,,,,
89203,2179,1818,51,132,771,-1322,37382,-4580,-137,-420,-2,10,-115,0,14978,650,38,287,14978,1531,1457,1758,1697,0,0,0,0,0,0,0,-37,-29,59,78,139,,,,,,,,,,,,,,,,,,,,,,,,,,,,,,,,,,,,,,,,,,,,,,,,,,,,,,,,,,,,,,,,,,,,,,,,,,,
89250,1011,2811,5,-50,836,-9805,30241,-1895,100,-564,-4,37,-161,0,14933,664,115,284,14933,1491,1532,1712,1717,0,0,0,0,0,0,0,-14,2,23,-16,137,,,,,,,,,,,,,,,,,,,,,,,,,,,,,,,,,,,,,,,,,,,,,,,,,,,,,,,,,,,,,,,,,,,,,,,,,,,
89303,714,3705,162,-36,896,7406,40678,363,262,-594,-2,64,-183,0,14978,663,138,287,14978,1530,1532,1715,1692,0,0,0,0,0,0,0,13,9,-16,-33,135,,,,,,,,,,,,,,,,,,,,,,,,,,,,,,,,,,,,,,,,,,,,,,,,,,,,,,,,,,,,,,,,,,,,,,,,,,,
89350,838,5023,-296,66,1236,11983,39396,-1895,206,-511,-4,55,-189,0,14978,685,188,287,14978,1517,1506,1730,1702,0,0,0,0,0,0,0,9,14,27,-34,138,,,,,,,,,,,,,,,,,,,,,,,,,,,,,,,,,,,,,,,,,,,,,,,,,,,,,,,,,,,,,,,,,,,,,,,,,,,
89403,2514,6406,-24,-193,1332,15767,29325,-5252,49,-355,-4,53,-182,0,15022,700,205,291,15022,1514,1456,1742,1731,0,0,0,0,0,0,0,-2,-20,92,78,140,,,,,,,,,,,,,,,,,,,,,,,,,,,,,,,,,,,,,,,,,,,,,,,,,,,,,,,,,,,,,,,,,,,,,,,,,,,
89450,3442,6874,-330,300,935,4293,22428,-5496,-94,-59,-6,41,-131,0,14933,699,153,284,14933,1518,1436,1783,1689,0,0,0,0,0,0,0,-2,-35,111,126,140,,,,,,,,,,,,,,,,,,,,,,,,,,,,,,,,,,,,,,,,,,,,,,,,,,,,,,,,,,,,,,,,,,,,,,,,,,,
89503,3134,6375,-151,134,986,-6082,15714,-3604,-238,130,-4,6,-85,0,15022,698,197,291,15022,1542,1441,1780,1675,0,0,0,0,0,0,0,16,-28,70,101,139,,,,,,,,,,,,,,,,,,,,,,,,,,,,,,,,,,,,,,,,,,,,,,,,,,,,,,,,,,,,,,,,,,,,,,,,,,,
89550,1830,5088,331,-150,884,-12186,6498,-3482,-142,217,-4,3,-45,0,14978,714,137,287,14978,1489,1498,1752,1706,0,0,0,0,0,0,0,59,11,-36,-12,139,,,,,,,,,,,,,,,,,,,,,,,,,,,,,,,,,,,,,,,,,,,,,,,,,,,,,,,,,,,,,,,,,,,,,,,,,,,
89603,2030,4913,-75,237,1122,-2298,-581,-5374,28,289,-2,41,-27,0,14978,720,127,287,14978,1491,1467,1759,1719,0,0,0,0,0,0,0,24,-16,62,59,136,,,,,,,,,,,,,,,,,,,,,,,,,,,,,,,,,,,,,,,,,,,,,,,,,,,,,,,,,,,,,,,,,,,,,,,,,,,
89650,2344,4958,-178,174,858,3927,-5220,-5923,224,362,-2,85,-13,0,14978,698,109,287,14978,1467,1477,1769,1714,0,0,0,0,0,0,0,32,-4,37,28,136,,,,,,,,,,,,,,,,,,,,,,,,,,,,,,,,,,,,,,,,,,,,,,,,,,,,,,,,,,,,,,,,,,,,,,,,,,,
89703,2481,3203,-135,212,851,14486,-8699,-6472,233,237,-4,90,-8,0,14978,718,47,287,14978,1513,1415,1769,1725,0,0,0,0,0,0,0,39,-4,5,36,134,,,,,,,,,,,,,,,,,,,,,,,,,,,,,,,,,,,,,,,,,,,,,,,,,,,,,,,,,,,,,,,,,,,,,,,,,,,
89750,2980,1866,-33,54,942,12166,-11873,-735,280,159,-2,108,0,0,14978,703,43,287,14978,1534,1487,1734,1700,0,0,0,0,0,0,0,29,-14,20,71,134,,,,,,,,,,,,,,,,,,,,,,,,,,,,,,,,,,,,,,,,,,,,,,,,,,,,,,,,,,,,,,,,,,,,,,,,,,,
89803,3337,1182,438,-410,1706,16195,-12483,241,382,103,-2,134,0,0,14933,720,113,284,14933,1527,1505,1719,1704,0,0,0,0,0,0,0,29,-3,8,50,135,,,,,,,,,,,,,,,,,,,,,,,,,,,,,,,,,,,,,,,,,,,,,,,,,,,,,,,,,,,,,,,,,,,,,,,,,,,
89850,3703,913,-128,202,1027,27852,-3572,-2749,423,79,-2,149,0,0,15022,717,37,291,15022,1537,1447,1764,1690,0,0,0,0,0,0,0,12,-1,48,64,134,,,,,,,,,,,,,,,,,,,,,,,,,,,,,,,,,,,,,,,,,,,,,,,,,,,,,,,,,,,,,,,,,,,,,,,,,,,
89903,4507,893,-304,110,1393,31087,-398,-3665,426,165,-2,164,17,0,15022,764,122,291,15022,1531,1440,1788,1676,0,0,0,0,0,0,0,11,19,44,32,136,,,,,,,,,,,,,,,,,,,,,,,,,,,,,,,,,,,,,,,,,,,,,,,,,,,,,,,,,,,,,,,,,,,,,,,,,,,
89950,4691,260,21,241,1025,28402,-12788,-979,435,151,-2,168,25,0,14933,764,160,284,14933,1520,1491,1722,1716,0,0,0,0,0,0,0,28,33,-7,14,135,,,,,,,,,,,,,,,,,,,,,,,,,,,,,,,,,,,,,,,,,,,,,,,,,,,,,,,,,,,,,,,,,,,,,,,,,,,
90003,4853,-144,43,100,801,25411,-12910,-2688,421,116,-6,168,25,0,14933,719,91,284,14933,1505,1476,1739,1720,0,0,0,0,0,0,0,18,40,6,16,134,,,,,,,,,,,,,,,,,,,,,,,,,,,,,,,,,,,,,,,,,,,,,,,,,,,,,,,,,,,,,,,,,,,,,,,,,,,
90050,4925,-874,-105,-92,1195,17659,-16878,-1773,327,49,-6,151,25,0,14933,761,145,284,14933,1504,1490,1723,1727,0,0,0,0,0,0,0,27,47,-34,13,139,,,,,,,,,,,,,,,,,,,,,,,,,,,,,,,,,,,,,,,,,,,,,,,,,,,,,,,,,,,,,,,,,,,,,,,,,,,
90103,4969,-1623,106,-141,720,9786,-15718,1644,205,-78,-4,127,12,0,14933,755,120,284,14933,1525,1523,1685,1729,0,0,0,0,0,0,0,23,55,-36,7,137,,,,,,,,,,,,,,,,,,,,,,,,,,,,,,,,,,,,,,,,,,,,,,,,,,,,,,,,,,,,,,,,,,,,,,,,,,,
90150,5105,-631,-376,-39,1172,10518,-1924,119,53,-41,-4,99,2,0,14933,745,133,284,14933,1535,1488,1739,1689,0,0,0,0,0,0,0,-13,58,59,11,134,,,,,,,,,,,,,,,,,,,,,,,,,,,,,,,,,,,,,,,,,,,,,,,,,,,,,,,,,,,,,,,,,,,,,,,,,,,
90203,5216,-26,-316,105,820,7344,-3633,-3115,-57,4,-4,79,1,0,14978,794,157,287,14978,1519,1455,1744,1722,0,0,0,0,0,0,0,-11,44,54,56,132,,,,,,,,,,,,,,,,,,,,,,,,,,,,,,,,,,,,,,,,,,,,,,,,,,,,,,,,,,,,,,,,,,,,,,,,,,,
90250,4478,-303,-226,331,634,2218,-3267,-491,-97,-16,-87,58,2,0,14978,795,186,287,14978,1523,1409,1761,1730,0,0,0,0,0,0,0,-17,34,63,80,135,,,,,,,,,,,,,,,,,,,,,,,,,,,,,,,,,,,,,,,,,,,,,,,,,,,,,,,,,,,,,,,,,,,,,,,,,,,
90303,3237,-915,147,-4,1120,-11392,-6868,6222,-87,-69,-353,39,2,0,14933,795,197,284,14933,1378,1404,1789,1794,0,0,0,0,0,0,0,15,62,-30,-3,137,,,,,,,,,,,,,,,,,,,,,,,,,,,,,,,,,,,,,,,,,,,,,,,,,,,,,,,,,,,,,,,,,,,,,,,,,,,
90350,2100,-1484,241,-66,1176,-9134,-2595,15316,-36,-122,-446,29,1,0,14933,822,214,284,14933,1446,1392,1787,1762,0,0,0,0,0,0,0,29,60,-73,-8,140,,,,,,,,,,,,,,,,,,,,,,,,,,,,,,,,,,,,,,,,,,,,,,,,,,,,,,,,,,,,,,,,,,,,,,,,,,,
90403,1265,-1047,140,-154,1200,-14200,-154,18978,-2,-91,-557,21,0,0,15382,819,173,323,15382,1368,1438,1797,1801,0,0,0,0,0,0,0,0,59,5,-16,137,,,,,,,,,,,,,,,,,,,,,,,,,,,,,,,,,,,,,,,,,,,,,,,,,,,,,,,,,,,,,,,,,,,,,,,,,,,
90450,1212,-403,-174,181,845,-15360,-3816,26119,-74,-35,-642,6,0,0,15472,826,137,332,15472,1437,1407,1794,1791,0,0,0,0,0,0,0,-4,36,16,32,137,,,,,,,,,,,,,,,,,,,,,,,,,,,,,,,,,,,,,,,,,,,,,,,,,,,,,,,,,,,,,,,,,,,,,,,,,,,
90503,795,-348,26,26,1139,-16153,-5159,28378,-31,-30,-642,7,0,0,15337,809,155,320,15337,1404,1460,1774,1789,0,0,0,0,0,0,0,-3,28,11,43,134,,,,,,,,,,,,,,,,,,,,,,,,,,,,,,,,,,,,,,,,,,,,,,,,,,,,,,,,,,,,,,,,,,,,,,,,,,,
90550,305,-101,-214,-69,1078,-5655,2897,24960,8,-8,-324,6,0,0,15337,824,146,320,15337,1563,1528,1736,1672,0,0,0,0,0,0,0,-14,39,40,1,132,,,,,,,,,,,,,,,,,,,,,,,,,,,,,,,,,,,,,,,,,,,,,,,,,,,,,,,,,,,,,,,,,,,,,,,,,,,
90603,-5,-91,121,-86,1092,-6815,-9859,12997,-9,-11,-131,-2,0,0,15246,832,189,311,15246,1548,1532,1694,1717,0,0,0,0,0,0,0,2,48,-10,-29,134,,,,,,,,,,,,,,,,,,,,,,,,,,,,,,,,,,,,,,,,,,,,,,,,,,,,,,,,,,,,,,,,,,,,,,,,,,,
90650,-65,-129,-151,-211,1307,-11820,-7356,7687,-140,-7,-71,-29,0,0,15246,831,197,311,15246,1544,1513,1717,1712,0,0,0,0,0,0,0,-3,38,0,-10,138,,,,,,,,,,,,,,,,,,,,,,,,,,,,,,,,,,,,,,,,,,,,,,,,,,,,,,,,,,,,,,,,,,,,,,,,,,,
90703,-4,82,62,62,732,-12796,3385,3109,-247,7,-16,-49,0,0,15157,838,207,304,15157,1522,1512,1729,1711,0,0,0,0,0,0,0,-9,27,18,10,128,,,,,,,,,,,,,,,,,,,,,,,,,,,,,,,,,,,,,,,,,,,,,,,,,,,,,,,,,,,,,,,,,,,,,,,,,,,
90750,-575,-126,-244,120,1012,-21646,-2473,1400,-180,-101,-12,-46,-18,0,15112,856,219,300,15112,1480,1528,1713,1740,0,0,0,0,0,0,0,0,20,-8,12,141,,,,,,,,,,,,,,,,,,,,,,,,,,,,,,,,,,,,,,,,,,,,,,,,,,,,,,,,,,,,,,,,,,,,,,,,,,,
90803,-1556,-620,419,-246,834,-22440,-1253,3048,-143,-176,-8,-55,-24,0,15112,864,178,300,15112,1496,1542,1694,1738,0,0,0,0,0,0,0,20,29,-61,-32,143,,,,,,,,,,,,,,,,,,,,,,,,,,,,,,,,,,,,,,,,,,,,,,,,,,,,,,,,,,,,,,,,,,,,,,,,,,,
90850,-1469,-82,-308,116,872,-18594,11320,241,-262,-282,-6,-78,-55,0,15067,845,148,296,15067,1498,1499,1731,1728,0,0,0,0,0,0,0,-6,8,21,12,138,,,,,,,,,,,,,,,,,,,,,,,,,,,,,,,,,,,,,,,,,,,,,,,,,,,,,,,,,,,,,,,,,,,,,,,,,,,
90903,-1294,558,71,-26,822,-18717,20597,-2749,-281,-345,-2,-78,-78,0,15112,878,173,300,15112,1467,1488,1739,1751,0,0,0,0,0,0,0,16,-3,-23,33,140,,,,,,,,,,,,,,,,,,,,,,,,,,,,,,,,,,,,,,,,,,,,,,,,,,,,,,,,,,,,,,,,,,,,,,,,,,,
90950,-1406,1692,-81,54,797,-15177,24747,-3909,-379,-320,-2,-100,-93,0,15112,917,217,300,15112,1507,1425,1764,1739,0,0,0,0,0,0,0,7,-5,19,21,140,,,,,,,,,,,,,,,,,,,,,,,,,,,,,,,,,,,,,,,,,,,,,,,,,,,,,,,,,,,,,,,,,,,,,,,,,,,
91003,-1922,2017,-94,95,729,-22623,25358,-3848,-478,-330,-4,-129,-101,0,15112,884,213,300,15112,1499,1432,1781,1722,0,0,0,0,0,0,0,23,-4,-4,0,141,,,,,,,,,,,,,,,,,,,,,,,,,,,,,,,,,,,,,,,,,,,,,,,,,,,,,,,,,,,,,,,,,,,,,,,,,,,
91050,-1926,2763,-97,168,973,-29337,25602,-369,-596,-121,-4,-152,-72,0,15022,912,193,291,15022,1509,1473,1774,1689,0,0,0,0,0,0,0,26,-25,6,35,141,,,,,,,,,,,,,,,,,,,,,,,,,,,,,,,,,,,,,,,,,,,,,,,,,,,,,,,,,,,,,,,,,,,,,,,,,,,
91103,-3090,2830,385,-221,1112,-34097,10892,668,-498,44,-4,-153,-40,0,15022,934,272,291,15022,1496,1502,1742,1713,0,0,0,0,0,0,0,54,-3,-52,-51,142,,,,,,,,,,,,,,,,,,,,,,,,,,,,,,,,,,,,,,,,,,,,,,,,,,,,,,,,,,,,,,,,,,,,,,,,,,,
91150,-3547,2453,210,-35,1078,-31412,-5220,1644,-102,126,-2,-82,-17,0,15022,942,271,291,15022,1442,1565,1719,1724,0,0,0,0,0,0,0,50,-18,-41,-35,143,,,,,,,,,,,,,,,,,,,,,,,,,,,,,,,,,,,,,,,,,,,,,,,,,,,,,,,,,,,,,,,,,,,,,,,,,,,
91203,-2892,2446,-132,220,1078,-13834,-13948,1278,102,206,-2,-30,-1,0,15022,947,246,291,15022,1475,1529,1716,1730,0,0,0,0,0,0,0,4,-51,72,39,140,,,,,,,,,,,,,,,,,,,,,,,,,,,,,,,,,,,,,,,,,,,,,,,,,,,,,,,,,,,,,,,,,,,,,,,,,,,
91250,-2245,1530,-317,154,889,7772,-18098,-979,185,130,-2,-2,0,0,14978,970,235,287,14978,1503,1472,1724,1746,0,0,0,0,0,0,0,21,-39,16,10,136,,,,,,,,,,,,,,,,,,,,,,,,,,,,,,,,,,,,,,,,,,,,,,,,,,,,,,,,,,,,,,,,,,,,,,,,,,,
91303,-875,776,196,9,916,8504,-12910,-64,65,57,-2,-2,-2,0,15112,953,230,300,15112,1523,1472,1744,1719,0,0,0,0,0,0,0,25,-40,-10,26,130,,,,,,,,,,,,,,,,,,,,,,,,,,,,,,,,,,,,,,,,,,,,,,,,,,,,,,,,,,,,,,,,,,,,,,,,,,,
91350,169,394,-259,9,1230,7161,-4976,-369,-21,30,-4,-1,0,0,15067,967,205,296,15067,1510,1477,1745,1720,0,0,0,0,0,0,0,7,-43,31,45,129,,,,,,,,,,,,,,,,,,,,,,,,,,,,,,,,,,,,,,,,,,,,,,,,,,,,,,,,,,,,,,,,,,,,,,,,,,,
91403,547,-122,-92,244,1081,-3031,-3389,-552,1,69,-6,9,16,0,15022,986,209,291,15022,1474,1507,1743,1723,0,0,0,0,0,0,0,28,-30,-29,12,132,,,,,,,,,,,,,,,,,,,,,,,,,,,,,,,,,,,,,,,,,,,,,,,,,,,,,,,,,,,,,,,,,,,,,,,,,,,
91450,457,-221,-285,238,824,-406,-10713,3781,232,95,-6,54,23,0,14978,993,245,287,14978,1507,1541,1709,1708,0,0,0,0,0,0,0,6,-38,21,30,133,,,,,,,,,,,,,,,,,,,,,,,,,,,,,,,,,,,,,,,,,,,,,,,,,,,,,,,,,,,,,,,,,,,,,,,,,,,
91503,1260,477,-356,350,696,13692,-7966,3353,284,188,-4,78,29,0,15022,1016,181,291,15022,1542,1504,1728,1691,0,0,0,0,0,0,0,-24,-60,99,99,137,,,,,,,,,,,,,,,,,,,,,,,,,,,,,,,,,,,,,,,,,,,,,,,,,,,,,,,,,,,,,,,,,,,,,,,,,,,
91550,2809,691,-308,396,857,18331,-16145,5795,288,311,-4,106,50,0,15022,1003,158,291,15022,1546,1538,1700,1690,0,0,0,0,0,0,0,-32,-72,116,154,141,,,,,,,,,,,,,,,,,,,,,,,,,,,,,,,,,,,,,,,,,,,,,,,,,,,,,,,,,,,,,,,,,,,,,,,,,,,
91603,3923,706,-144,-16,1081,28280,-14863,3231,153,372,-4,99,62,0,15022,1021,194,291,15022,1571,1474,1720,1697,0,0,0,0,0,0,0,-19,-30,72,66,139,,,,,,,,,,,,,,,,,,,,,,,,,,,,,,,,,,,,,,,,,,,,,,,,,,,,,,,,,,,,,,,,,,,,,,,,,,,
91650,4612,103,40,221,839,9908,-23103,3536,-77,295,-4,64,57,0,14978,1028,168,287,14978,1542,1512,1698,1714,0,0,0,0,0,0,0,-11,-35,34,96,135,,,,,,,,,,,,,,,,,,,,,,,,,,,,,,,,,,,,,,,,,,,,,,,,,,,,,,,,,,,,,,,,,,,,,,,,,,,
91703,4325,-1123,39,-68,1193,6063,-18464,546,-119,149,-2,51,49,0,15067,1045,212,296,15067,1531,1483,1719,1726,0,0,0,0,0,0,0,0,-16,-14,55,137,,,,,,,,,,,,,,,,,,,,,,,,,,,,,,,,,,,,,,,,,,,,,,,,,,,,,,,,,,,,,,,,,,,,,,,,,,,
91750,3251,-1875,122,-22,1144,-2359,-9553,-1223,-126,-13,-4,31,30,0,15022,1047,223,291,15022,1506,1478,1733,1731,0,0,0,0,0,0,0,-1,0,-25,9,138,,,,,,,,,,,,,,,,,,,,,,,,,,,,,,,,,,,,,,,,,,,,,,,,,,,,,,,,,,,,,,,,,,,,,,,,,,,
91803,2906,-845,-188,416,1045,-16275,-11140,4879,-194,-31,-4,11,8,0,15022,1061,202,291,15022,1526,1549,1688,1709,0,0,0,0,0,0,0,-52,-29,105,81,142,,,,,,,,,,,,,,,,,,,,,,,,,,,,,,,,,,,,,,,,,,,,,,,,,,,,,,,,,,,,,,,,,,,,,,,,,,,
91850,1988,-1220,147,168,764,-7486,578,729,-163,-99,-2,2,1,0,15067,1073,179,296,15067,1522,1495,1722,1719,0,0,0,0,0,0,0,0,-16,-38,41,133,,,,,,,,,,,,,,,,,,,,,,,,,,,,,,,,,,,,,,,,,,,,,,,,,,,,,,,,,,,,,,,,,,,,,,,,,,,
91903,1297,-898,201,62,851,-6815,4545,180,-106,-74,-6,1,0,0,15022,1058,177,291,15022,1506,1498,1735,1715,0,0,0,0,0,0,0,-8,-7,-8,16,131,,,,,,,,,,,,,,,,,,,,,,,,,,,,,,,,,,,,,,,,,,,,,,,,,,,,,,,,,,,,,,,,,,,,,,,,,,,
91950,1680,317,-203,11,935,3377,5765,119,-139,31,-4,1,0,0,15022,1090,189,291,15022,1552,1448,1745,1705,0,0,0,0,0,0,0,-36,-26,71,65,131,,,,,,,,,,,,,,,,,,,,,,,,,,,,,,,,,,,,,,,,,,,,,,,,,,,,,,,,,,,,,,,,,,,,,,,,,,,
92003,1281,438,76,-195,1047,-6021,-1314,-430,-104,45,-4,1,1,0,14889,1108,250,280,14889,1517,1482,1742,1715,0,0,0,0,0,0,0,-10,-1,1,-7,133,,,,,,,,,,,,,,,,,,,,,,,,,,,,,,,,,,,,,,,,,,,,,,,,,,,,,,,,,,,,,,,,,,,,,,,,,,,
92050,1071,455,-167,171,852,-2664,-1680,241,-86,43,-4,1,0,0,14933,1139,313,284,14933,1533,1470,1734,1713,0,0,0,0,0,0,0,-17,-22,18,46,133,,,,,,,,,,,,,,,,,,,,,,,,,,,,,,,,,,,,,,,,,,,,,,,,,,,,,,,,,,,,,,,,,,,,,,,,,,,
92103,1404,430,70,72,821,5391,5765,-1651,-115,41,-4,1,0,0,14933,1151,303,284,14933,1529,1439,1752,1713,0,0,0,0,0,0,0,-11,-23,5,49,130,,,,,,,,,,,,,,,,,,,,,,,,,,,,,,,,,,,,,,,,,,,,,,,,,,,,,,,,,,,,,,,,,,,,,,,,,,,
92150,1291,823,-292,128,865,-7974,-1497,-1834,-105,82,-4,1,2,0,13500,1145,281,152,13500,1446,1437,1713,1700,0,0,0,0,0,0,0,-31,-17,60,31,136,,,,,,,,,,,,,,,,,,,,,,,,,,,,,,,,,,,,,,,,,,,,,,,,,,,,,,,,,,,,,,,,,,,,,,,,,,,
92203,858,1227,185,-203,925,-15543,-10469,5978,-67,110,-2,1,0,0,13500,1140,162,152,13500,1491,1523,1655,1671,0,0,0,0,0,0,0,-21,-12,33,8,136,,,,,,,,,,,,,,,,,,,,,,,,,,,,,,,,,,,,,,,,,,,,,,,,,,,,,,,,,,,,,,,,,,,,,,,,,,,
92250,762,924,49,51,1078,-284,3141,-430,-63,84,-2,0,0,0,13500,1154,159,152,1392303,447,593,-184,209,943,-3763,-1314,2682,-32,58,-2,1,1,0,13374,1166,84,139,13374,92350,-24,263,-77,-145,1328,-7425,-3633,2682,9,26,-2,1,0,0,13458,1168,52,148,13458,1475,1485,1676,1681,0,0,0,0,0,0,0,-4,-3,-13,-21,131,,,,,,,,,,,,,,,,,,,,,,,,,,,,,,,,,,,,
92403,175,-180,-76,127,719,936,-1802,1400,-8,-12,-4,1,0,0,13458,1158,-32,148,13458,1504,1429,1689,1682,0,0,0,0,0,0,0,4,-22,-36,31,130,,,,,,,,,,,,,,,,,,,,,,,,,,,,,,,,,,,,,,,,,,,,,,,,,,,,,,,,,,,,,,,,,,,,,,,,,,,
92450,104,28,-110,-18,861,-6265,-3084,3781,1,2,-4,2,0,0,13416,1168,-57,143,13416,1476,1498,1670,1673,0,0,0,0,0,0,0,-16,-11,23,2,128,,,,,,,,,,,,,,,,,,,,,,,,,,,,,,,,,,,,,,,,,,,,,,,,,,,,,,,,,,,,,,,,,,,,,,,,,,,
92503,50,-250,124,55,504,-5228,-1130,2560,6,-18,-4,2,0,0,13458,1176,-77,148,13458,1482,1477,1675,1683,0,0,0,0,0,0,0,12,-10,-52,0,129,,,,,,,,,,,,,,,,,,,,,,,,,,,,,,,,,,,,,,,,,,,,,,,,,,,,,,,,,,,,,,,,,,,,,,,,,,,
92550,-158,-314,326,-255,851,-833,-1069,2743,31,-27,-4,3,0,0,13458,1151,-109,148,13458,1507,1455,1689,1664,0,0,0,0,0,0,0,11,-4,-47,-16,135,,,,,,,,,,,,,,,,,,,,,,,,,,,,,,,,,,,,,,,,,,,,,,,,,,,,,,,,,,,,,,,,,,,,,,,,,,,
92603,572,-75,174,-8,931,6307,8451,1095,33,3,-2,16,2,0,13416,1159,-136,143,13416,1504,1432,1719,1648,0,0,0,0,0,0,0,7,-22,-33,35,128,,,,,,,,,,,,,,,,,,,,,,,,,,,,,,,,,,,,,,,,,,,,,,,,,,,,,,,,,,,,,,,,,,,,,,,,,,,
92650,38,-66,326,-15,908,-1688,394,1400,188,-75,-4,38,-13,0,13500,1160,-50,152,13500,1451,1496,1683,1686,0,0,0,0,0,0,0,9,2,-36,-29,131,,,,,,,,,,,,,,,,,,,,,,,,,,,,,,,,,,,,,,,,,,,,,,,,,,,,,,,,,,,,,,,,,,,,,,,,,,,
92703,448,619,-334,233,759,13326,4118,3536,484,-193,-4,104,-49,0,13458,1175,-61,148,13458,1488,1492,1675,1666,0,0,0,0,0,0,0,-8,0,16,-10,136,,,,,,,,,,,,,,,,,,,,,,,,,,,,,,,,,,,,,,,,,,,,,,,,,,,,,,,,,,,,,,,,,,,,,,,,,,,
92750,984,1140,54,-440,729,35909,9428,3720,511,-176,-2,119,-55,0,13970,1157,-101,195,13970,1541,1472,1684,1674,0,0,0,0,0,0,0,-7,27,22,-62,138,,,,,,,,,,,,,,,,,,,,,,,,,,,,,,,,,,,,,,,,,,,,,,,,,,,,,,,,,,,,,,,,,,,,,,,,,,,
92803,2972,1212,79,4,1126,31026,2836,4391,340,-176,-6,120,-56,0,14933,1149,-203,284,14933,1553,1515,1683,1704,0,0,0,0,0,0,0,10,12,-15,14,137,,,,,,,,,,,,,,,,,,,,,,,,,,,,,,,,,,,,,,,,,,,,,,,,,,,,,,,,,,,,,,,,,,,,,,,,,,,
92850,4184,1217,97,-107,958,24129,3385,1644,144,-145,-6,101,-50,0,14844,1132,-210,276,14844,1557,1471,1713,1703,0,0,0,0,0,0,0,9,8,-7,50,136,,,,,,,,,,,,,,,,,,,,,,,,,,,,,,,,,,,,,,,,,,,,,,,,,,,,,,,,,,,,,,,,,,,,,,,,,,,
92903,4149,1345,-75,106,711,14302,7352,912,28,-50,-4,78,-33,0,14933,1113,-245,284,14933,1549,1478,1728,1697,0,0,0,0,0,0,0,4,24,14,26,133,,,,,,,,,,,,,,,,,,,,,,,,,,,,,,,,,,,,,,,,,,,,,,,,,,,,,,,,,,,,,,,,,,,,,,,,,,,
92950,4079,1446,7,25,909,5452,700,3414,-87,21,-4,53,-20,0,14933,1107,-225,284,14933,1556,1510,1709,1691,0,0,0,0,0,0,0,7,28,8,21,128,,,,,,,,,,,,,,,,,,,,,,,,,,,,,,,,,,,,,,,,,,,,,,,,,,,,,,,,,,,,,,,,,,,,,,,,,,,
93003,3990,1386,54,59,948,4232,2897,668,-173,72,-4,34,-9,0,14978,1112,-104,287,14978,1565,1459,1740,1688,0,0,0,0,0,0,0,3,8,19,76,129,,,,,,,,,,,,,,,,,,,,,,,,,,,,,,,,,,,,,,,,,,,,,,,,,,,,,,,,,,,,,,,,,,,,,,,,,,,
93050,2994,448,-176,128,1240,-7303,-5159,973,-163,18,-6,19,-4,0,14978,1101,-89,287,14978,1541,1490,1714,1712,0,0,0,0,0,0,0,15,20,-18,33,136,,,,,,,,,,,,,,,,,,,,,,,,,,,,,,,,,,,,,,,,,,,,,,,,,,,,,,,,,,,,,,,,,,,,,,,,,,,
93103,1457,-332,607,-365,1247,-12369,394,3414,-109,-39,-4,3,-2,0,14978,1090,-48,287,14978,1535,1535,1698,1699,0,0,0,0,0,0,0,26,41,-53,-36,138,,,,,,,,,,,,,,,,,,,,,,,,,,,,,,,,,,,,,,,,,,,,,,,,,,,,,,,,,,,,,,,,,,,,,,,,,,,
93150,829,80,198,-101,1150,-10172,1371,2255,-54,-6,-4,3,-2,0,15022,1092,-72,291,15022,1540,1513,1717,1689,0,0,0,0,0,0,0,18,32,-31,-22,134,,,,,,,,,,,,,,,,,,,,,,,,,,,,,,,,,,,,,,,,,,,,,,,,,,,,,,,,,,,,,,,,,,,,,,,,,,,
93203,1187,633,0,283,652,2706,7658,2133,-93,41,-2,2,-2,0,14978,1085,-105,287,14978,1580,1473,1731,1675,0,0,0,0,0,0,0,6,-3,6,70,127,,,,,,,,,,,,,,,,,,,,,,,,,,,,,,,,,,,,,,,,,,,,,,,,,,,,,,,,,,,,,,,,,,,,,,,,,,,
93250,1617,1286,95,-4,1241,-6204,1127,2560,-130,101,-4,2,-2,0,14978,1095,-65,287,14978,1562,1500,1722,1680,0,0,0,0,0,0,0,0,-2,28,67,132,,,,,,,,,,,,,,,,,,,,,,,,,,,,,,,,,,,,,,,,,,,,,,,,,,,,,,,,,,,,,,,,,,,,,,,,,,,
93303,628,599,17,55,828,-7974,2348,668,-54,48,-2,0,0,0,14978,1091,-39,287,14978,1539,1499,1725,1696,0,0,0,0,0,0,0,19,23,-23,-9,127,,,,,,,,,,,,,,,,,,,,,,,,,,,,,,,,,,,,,,,,,,,,,,,,,,,,,,,,,,,,,,,,,,,,,,,,,,,
93350,227,766,-343,40,1000,-10782,-4121,3536,-19,59,0,0,-1,0,14978,1059,-72,287,14978,1542,1540,1700,1688,0,0,0,0,0,0,0,-2,17,35,-1,132,,,,,,,,,,,,,,,,,,,,,,,,,,,,,,,,,,,,,,,,,,,,,,,,,,,,,,,,,,,,,,,,,,,,,,,,,,,
93403,-114,943,147,-341,1044,-3397,211,790,6,75,0,0,-1,0,14978,1074,-14,287,14978,1539,1509,1724,1697,0,0,0,0,0,0,0,2,23,21,-23,128,,,,,,,,,,,,,,,,,,,,,,,,,,,,,,,,,,,,,,,,,,,,,,,,,,,,,,,,,,,,,,,,,,,,,,,,,,,
93450,-224,742,-348,57,1074,-5777,-703,2438,23,57,0,0,-1,0,14978,1085,20,287,14978,1537,1531,1712,1686,0,0,0,0,0,0,0,2,15,22,-6,128,,,,,,,,,,,,,,,,,,,,,,,,,,,,,,,,,,,,,,,,,,,,,,,,,,,,,,,,,,,,,,,,,,,,,,,,,,,
93503,-336,761,204,-123,1000,-7974,-7112,2255,25,66,2,0,0,0,14978,1073,58,287,14978,1516,1552,1691,1708,0,0,0,0,0,0,0,7,12,6,-5,128,,,,,,,,,,,,,,,,,,,,,,,,,,,,,,,,,,,,,,,,,,,,,,,,,,,,,,,,,,,,,,,,,,,,,,,,,,,
93550,-335,639,-197,-71,1111,814,-886,-64,25,48,-4,0,-1,0,14978,1071,71,287,14978,1538,1490,1729,1696,0,0,0,0,0,0,0,1,9,17,0,125,,,,,,,,,,,,,,,,,,,,,,,,,,,,,,,,,,,,,,,,,,,,,,,,,,,,,,,,,,,,,,,,,,,,,,,,,,,
93603,36,513,-56,-85,1073,-9744,-5342,5673,-3,37,-4,0,-1,0,14978,1090,75,287,14978,1532,1581,1682,1680,0,0,0,0,0,0,0,3,3,8,13,126,,,,,,,,,,,,,,,,,,,,,,,,,,,,,,,,,,,,,,,,,,,,,,,,,,,,,,,,,,,,,,,,,,,,,,,,,,,
93650,-203,-128,-78,153,853,570,1188,2499,17,-14,2,0,0,0,14933,1077,20,284,14933,1546,1528,1708,1682,0,0,0,0,0,0,0,17,12,-28,-11,129,,,,,,,,,,,,,,,,,,,,,,,,,,,,,,,,,,,,,,,,,,,,,,,,,,,,,,,,,,,,,,,,,,,,,,,,,,,
93703,-21,-190,322,-92,1192,2767,-4121,5184,-8,-20,-4,-2,0,0,14933,1061,-6,284,14933,1574,1534,1678,1685,0,0,0,0,0,0,0,6,2,0,15,128,,,,,,,,,,,,,,,,,,,,,,,,,,,,,,,,,,,,,,,,,,,,,,,,,,,,,,,,,,,,,,,,,,,,,,,,,,,
93750,-318,-410,44,4,1361,9542,6559,1339,20,-39,0,-1,0,0,14933,1073,5,284,14933,1584,1470,1727,1674,0,0,0,0,0,0,0,14,15,-17,-16,128,,,,,,,,,,,,,,,,,,,,,,,,,,,,,,,,,,,,,,,,,,,,,,,,,,,,,,,,,,,,,,,,,,,,,,,,,,,
93803,14,67,48,-205,878,-1749,-6257,5062,-15,-1,0,-2,-1,0,14978,1066,1,287,14978,1559,1555,1671,1687,0,0,0,0,0,0,0,0,12,22,-3,126,,,,,,,,,,,,,,,,,,,,,,,,,,,,,,,,,,,,,,,,,,,,,,,,,,,,,,,,,,,,,,,,,,,,,,,,,,,
93850,551,275,160,-279,999,-894,-1069,2499,-55,20,-2,-1,0,0,14978,1077,32,287,14978,1549,1532,1709,1680,0,0,0,0,0,0,0,14,21,-12,-21,132,,,,,,,,,,,,,,,,,,,,,,,,,,,,,,,,,,,,,,,,,,,,,,,,,,,,,,,,,,,,,,,,,,,,,,,,,,,
93903,911,356,332,-224,1046,-6754,-6685,2682,-86,27,-2,-1,0,0,14978,1059,-10,287,14978,1542,1543,1687,1700,0,0,0,0,0,0,0,17,11,-19,6,133,,,,,,,,,,,,,,,,,,,,,,,,,,,,,,,,,,,,,,,,,,,,,,,,,,,,,,,,,,,,,,,,,,,,,,,,,,,
93950,1121,746,-13,-418,1313,-9134,-6563,4086,-104,58,-2,-1,-1,0,14978,1065,7,287,14978,1555,1550,1688,1681,0,0,0,0,0,0,0,-3,3,36,26,133,,,,,,,,,,,,,,,,,,,,,,,,,,,,,,,,,,,,,,,,,,,,,,,,,,,,,,,,,,,,,,,,,,,,,,,,,,,
94003,1335,793,17,259,633,-4312,-6380,3353,-123,62,0,-1,-1,0,14978,1058,-34,287,14978,1567,1530,1691,1685,0,0,0,0,0,0,0,4,-10,12,63,132,,,,,,,,,,,,,,,,,,,,,,,,,,,,,,,,,,,,,,,,,,,,,,,,,,,,,,,,,,,,,,,,,,,,,,,,,,,
94050,1241,1083,-125,126,978,-10111,-8699,2011,-111,87,-2,0,-1,0,15022,1074,27,291,15022,1542,1539,1702,1690,0,0,0,0,0,0,0,-5,-2,36,37,135,,,,,,,,,,,,,,,,,,,,,,,,,,,,,,,,,,,,,,,,,,,,,,,,,,,,,,,,,,,,,,,,,,,,,,,,,,,
94103,677,527,78,-42,1180,-1505,-642,607,-62,42,-6,0,0,0,14933,1060,27,284,14933,1557,1497,1724,1684,0,0,0,0,0,0,0,14,17,-20,-20,129,,,,,,,,,,,,,,,,,,,,,,,,,,,,,,,,,,,,,,,,,,,,,,,,,,,,,,,,,,,,,,,,,,,,,,,,,,,
94150,960,873,-245,210,785,-6571,-8821,3353,-90,69,2,-1,-1,0,14933,1077,54,284,14933,1561,1542,1691,1683,0,0,0,0,0,0,0,-20,-11,69,53,133,,,,,,,,,,,,,,,,,,,,,,,,,,,,,,,,,,,,,,,,,,,,,,,,,,,,,,,,,,,,,,,,,,,,,,,,,,,
94203,1181,728,-100,200,1008,-284,-2046,1522,-110,56,0,-1,-1,0,14978,1049,18,287,14978,1571,1501,1713,1680,0,0,0,0,0,0,0,-11,-18,40,68,135,,,,,,,,,,,,,,,,,,,,,,,,,,,,,,,,,,,,,,,,,,,,,,,,,,,,,,,,,,,,,,,,,,,,,,,,,,,
94250,445,107,-90,151,1032,-5289,-8699,1400,-45,2,2,-1,-1,0,14978,1058,21,287,14978,1556,1519,1694,1700,0,0,0,0,0,0,0,5,3,-12,1,128,,,,,,,,,,,,,,,,,,,,,,,,,,,,,,,,,,,,,,,,,,,,,,,,,,,,,,,,,,,,,,,,,,,,,,,,,,,
94303,-536,-706,337,-290,817,-4007,-1863,241,36,-68,-2,-2,-1,0,14933,1063,42,284,14933,1534,1521,1702,1707,0,0,0,0,0,0,0,24,30,-69,-77,135,,,,,,,,,,,,,,,,,,,,,,,,,,,,,,,,,,,,,,,,,,,,,,,,,,,,,,,,,,,,,,,,,,,,,,,,,,,
94350,-34,-385,-65,18,911,-2054,1127,1766,-3,-37,0,-1,0,0,14978,1076,99,287,14978,156594403,-43,77,593,-360,1202,-3458,516,2011,-6,0,2,-2,-1,0,14978,1078,152,287,14978,1546,1539,1698,1687,0,0,0,0,0,0,0,-2,0,4,0,125,,,,,,,,,,,,,,,,,,,,,,,,,,,,,,,,,,,,,,,,,,,,,,,,,,,,,,,
94450,45,48,515,-346,1167,-3946,-2901,1705,-14,0,0,-2,0,0,14978,1078,139,287,14978,1554,1527,1698,1690,0,0,0,0,0,0,0,17,9,-48,-27,130,,,,,,,,,,,,,,,,,,,,,,,,,,,,,,,,,,,,,,,,,,,,,,,,,,,,,,,,,,,,,,,,,,,,,,,,,,,
94503,51,-498,276,-140,883,-5777,-93,1278,-11,-50,0,-1,-1,0,15022,1113,141,291,15022,1538,1540,1697,1698,0,0,0,0,0,0,0,32,5,-88,-18,132,,,,,,,,,,,,,,,,,,,,,,,,,,,,,,,,,,,,,,,,,,,,,,,,,,,,,,,,,,,,,,,,,,,,,,,,,,,
94550,105,-369,135,1,1175,-7059,1676,1828,-16,-35,0,-1,0,0,15067,1110,234,296,15067,1537,1552,1713,1676,0,0,0,0,0,0,0,7,-3,-20,4,129,,,,,,,,,,,,,,,,,,,,,,,,,,,,,,,,,,,,,,,,,,,,,,,,,,,,,,,,,,,,,,,,,,,,,,,,,,,
94603,261,-114,-35,285,979,5941,9916,-186,-33,-16,2,-2,-1,0,15067,1109,200,296,15067,1578,1481,1737,1671,0,0,0,0,0,0,0,7,-10,-16,22,132,,,,,,,,,,,,,,,,,,,,,,,,,,,,,,,,,,,,,,,,,,,,,,,,,,,,,,,,,,,,,,,,,,,,,,,,,,,
94650,700,12,323,-164,1212,-589,639,607,-68,1,-2,-1,0,0,15067,1122,158,296,15067,1574,1496,1720,1683,0,0,0,0,0,0,0,5,-19,-9,48,127,,,,,,,,,,,,,,,,,,,,,,,,,,,,,,,,,,,,,,,,,,,,,,,,,,,,,,,,,,,,,,,,,,,,,,,,,,,
94703,856,677,-141,-84,1048,-4862,3507,-125,-78,52,-2,0,-1,0,15022,1119,130,291,15022,1555,1505,1736,1671,0,0,0,0,0,0,0,-19,-12,60,28,134,,,,,,,,,,,,,,,,,,,,,,,,,,,,,,,,,,,,,,,,,,,,,,,,,,,,,,,,,,,,,,,,,,,,,,,,,,,
94750,668,258,159,79,777,-7730,-8027,2926,-61,19,0,0,0,0,15067,1130,137,296,15067,1549,1559,1676,1698,0,0,0,0,0,0,0,7,-10,-13,22,129,,,,,,,,,,,,,,,,,,,,,,,,,,,,,,,,,,,,,,,,,,,,,,,,,,,,,,,,,,,,,,,,,,,,,,,,,,,
94803,596,672,-306,96,1290,-2969,2958,-1651,-62,62,0,-2,0,0,15022,1123,100,291,15022,1550,1491,1747,1674,0,0,0,0,0,0,0,-17,-8,53,13,132,,,,,,,,,,,,,,,,,,,,,,,,,,,,,,,,,,,,,,,,,,,,,,,,,,,,,,,,,,,,,,,,,,,,,,,,,,,
94850,302,-100,-96,204,877,-5167,-3938,2987,-36,-12,2,-2,0,0,15022,1142,78,291,15022,1549,1560,1682,1688,0,0,0,0,0,0,0,6,-12,-14,19,132,,,,,,,,,,,,,,,,,,,,,,,,,,,,,,,,,,,,,,,,,,,,,,,,,,,,,,,,,,,,,,,,,,,,,,,,,,,
94903,408,54,-427,347,971,3682,3690,57,-42,4,0,-1,0,0,15022,1129,77,291,15022,1578,1488,1742,1660,0,0,0,0,0,0,0,-24,-29,65,65,126,,,,,,,,,,,,,,,,,,,,,,,,,,,,,,,,,,,,,,,,,,,,,,,,,,,,,,,,,,,,,,,,,,,,,,,,,,,
94950,123,-203,-203,373,912,2279,2531,668,-21,-17,0,-2,0,0,15022,1130,32,291,15022,1570,1503,1723,1673,0,0,0,0,0,0,0,-17,-20,42,37,131,,,,,,,,,,,,,,,,,,,,,,,,,,,,,,,,,,,,,,,,,,,,,,,,,,,,,,,,,,,,,,,,,,,,,,,,,,,
95003,-728,-1270,-161,-216,1144,-5899,578,485,53,-107,-2,-2,0,0,14978,1108,50,287,14978,1529,1541,1708,1689,0,0,0,0,0,0,0,16,12,-52,-58,136,,,,,,,,,,,,,,,,,,,,,,,,,,,,,,,,,,,,,,,,,,,,,,,,,,,,,,,,,,,,,,,,,,,,,,,,,,,
95050,-317,-718,-194,-50,908,-1199,6437,241,20,-69,0,-1,-1,0,15022,1136,78,291,15022,1541,1530,1723,1676,0,0,0,0,0,0,0,-19,-13,44,11,133,,,,,,,,,,,,,,,,,,,,,,,,,,,,,,,,,,,,,,,,,,,,,,,,,,,,,,,,,,,,,,,,,,,,,,,,,,,
95103,570,193,59,71,1114,-2481,-3755,3720,-56,9,2,-1,-1,0,15022,1150,126,291,15022,1569,1556,1675,1686,0,0,0,0,0,0,0,-16,-30,38,58,131,,,,,,,,,,,,,,,,,,,,,,,,,,,,,,,,,,,,,,,,,,,,,,,,,,,,,,,,,,,,,,,,,,,,,,,,,,,
95150,539,339,-66,75,1443,2034,700,-613,-12,22,2,6,-1,0,15022,1167,188,291,15022,1553,1509,1714,1693,0,0,0,0,0,0,0,-3,-5,5,-6,126,,,,,,,,,,,,,,,,,,,,,,,,,,,,,,,,,,,,,,,,,,,,,,,,,,,,,,,,,,,,,,,,,,,,,,,,,,,
95203,623,269,46,12,858,3072,-3694,2560,371,-46,2,85,-13,0,14230,1173,219,219,14230,1468,1593,1661,1677,0,0,0,0,0,0,0,7,-9,-25,7,129,,,,,,,,,,,,,,,,,,,,,,,,,,,,,,,,,,,,,,,,,,,,,,,,,,,,,,,,,,,,,,,,,,,,,,,,,,,
95250,812,209,115,-291,1064,20101,4057,1766,574,-362,0,129,-76,0,13543,1182,222,155,13543,1526,1507,1661,1669,0,0,0,0,0,0,0,9,5,-27,-21,136,,,,,,,,,,,,,,,,,,,,,,,,,,,,,,,,,,,,,,,,,,,,,,,,,,,,,,,,,,,,,,,,,,,,,,,,,,,
95303,1805,862,-152,-122,1288,36031,19987,668,446,-308,2,120,-76,0,13585,1201,251,159,13585,1557,1443,1691,1638,0,0,0,0,0,0,0,3,16,0,-21,137,,,,,,,,,,,,,,,,,,,,,,,,,,,,,,,,,,,,,,,,,,,,,,,,,,,,,,,,,,,,,,,,,,,,,,,,,,,
95350,3154,950,14,21,841,25472,12418,1644,147,-196,0,84,-55,0,13543,1222,240,155,13543,1543,1474,1666,1653,0,0,0,0,0,0,0,8,2,0,47,130,,,,,,,,,,,,,,,,,,,,,,,,,,,,,,,,,,,,,,,,,,,,,,,,,,,,,,,,,,,,,,,,,,,,,,,,,,,
95403,4274,1644,53,57,723,3988,3019,-796,-247,3,0,25,-27,0,13543,1227,192,155,13543,1546,1430,1679,1668,0,0,0,0,0,0,0,0,-13,33,104,131,,,,,,,,,,,,,,,,,,,,,,,,,,,,,,,,,,,,,,,,,,,,,,,,,,,,,,,,,,,,,,,,,,,,,,,,,,,
95450,3521,1714,134,121,1070,-9744,-215,-308,-244,121,2,12,-5,0,13543,1225,197,155,13543,1521,1468,1681,1656,0,0,0,0,0,0,0,11,10,6,36,134,,,,,,,,,,,,,,,,,,,,,,,,,,,,,,,,,,,,,,,,,,,,,,,,,,,,,,,,,,,,,,,,,,,,,,,,,,,
95503,2396,1257,-23,-61,1091,-8646,822,180,-205,106,0,0,0,0,13500,1237,133,152,13500,1522,1480,1689,1649,0,0,0,0,0,0,0,11,20,5,-1,130,,,,,,,,,,,,,,,,,,,,,,,,,,,,,,,,,,,,,,,,,,,,,,,,,,,,,,,,,,,,,,,,,,,,,,,,,,,
95550,2457,1909,-171,12,924,-12369,-3572,-1223,-211,159,0,0,-1,0,13500,1260,129,152,13500,1481,1493,1687,1662,0,0,0,0,0,0,0,-26,-3,102,56,138,,,,,,,,,,,,,,,,,,,,,,,,,,,,,,,,,,,,,,,,,,,,,,,,,,,,,,,,,,,,,,,,,,,,,,,,,,,
95603,1460,966,27,168,717,-16702,-11384,2560,-127,80,0,0,0,0,13500,1252,96,152,13500,1503,1528,1630,1674,0,0,0,0,0,0,0,10,-2,-6,40,131,,,,,,,,,,,,,,,,,,,,,,,,,,,,,,,,,,,,,,,,,,,,,,,,,,,,,,,,,,,,,,,,,,,,,,,,,,,
95650,1040,641,80,-183,959,-8951,-4487,1705,-94,52,2,0,0,0,13500,1247,82,152,13500,1522,1505,1663,1654,0,0,0,0,0,0,0,8,12,-6,-8,128,,,,,,,,,,,,,,,,,,,,,,,,,,,,,,,,,,,,,,,,,,,,,,,,,,,,,,,,,,,,,,,,,,,,,,,,,,,
95703,207,296,-318,-207,1195,-9683,2592,1034,-25,25,0,-1,0,0,13500,1254,78,152,13500,1514,1499,1684,1639,0,0,0,0,0,0,0,-4,13,27,-21,132,,,,,,,,,,,,,,,,,,,,,,,,,,,,,,,,,,,,,,,,,,,,,,,,,,,,,,,,,,,,,,,,,,,,,,,,,,,
95750,112,343,-281,161,933,-5655,-764,3231,-16,26,0,-1,0,0,13500,1254,21,152,13500,1541,1502,1653,1643,0,0,0,0,0,0,0,-5,-8,28,31,129,,,,,,,,,,,,,,,,,,,,,,,,,,,,,,,,,,,,,,,,,,,,,,,,,,,,,,,,,,,,,,,,,,,,,,,,,,,
95803,-264,-368,-15,72,807,-4373,-4243,1583,19,-39,0,0,-1,0,13458,1259,-7,148,13458,1524,1494,1659,1653,0,0,0,0,0,0,0,8,0,-11,4,128,,,,,,,,,,,,,,,,,,,,,,,,,,,,,,,,,,,,,,,,,,,,,,,,,,,,,,,,,,,,,,,,,,,,,,,,,,,
95850,-708,-870,340,-121,938,-772,700,2194,54,-79,0,-1,0,0,13374,1259,-42,139,13374,1538,1488,1666,1635,0,0,0,0,0,0,0,26,18,-63,-47,132,,,,,,,,,,,,,,,,,,,,,,,,,,,,,,,,,,,,,,,,,,,,,,,,,,,,,,,,,,,,,,,,,,,,,,,,,,,
95903,-356,-706,588,-410,1050,-1688,-1985,3720,24,-68,0,-1,-1,0,13374,1253,-71,139,13374,1534,1514,1632,1648,0,0,0,0,0,0,0,26,7,-58,-15,136,,,,,,,,,,,,,,,,,,,,,,,,,,,,,,,,,,,,,,,,,,,,,,,,,,,,,,,,,,,,,,,,,,,,,,,,,,,
95950,529,-269,197,-72,727,6368,6376,912,-56,-26,2,-2,0,0,13416,1238,-162,143,13416,1554,1455,1678,1634,0,0,0,0,0,0,0,19,-16,-35,52,132,,,,,,,,,,,,,,,,,,,,,,,,,,,,,,,,,,,,,,,,,,,,,,,,,,,,,,,,,,,,,,,,,,,,,,,,,,,
96003,555,-122,-142,-358,1222,1058,2531,3048,-58,-14,0,-2,0,0,13290,1236,-137,132,13290,1538,1499,1642,1640,0,0,0,0,0,0,0,10,2,-6,3,132,,,,,,,,,,,,,,,,,,,,,,,,,,,,,,,,,,,,,,,,,,,,,,,,,,,,,,,,,,,,,,,,,,,,,,,,,,,
96050,335,-448,-482,201,1144,631,2653,607,-39,-42,2,-2,0,0,13332,1234,-116,136,13332,1541,1462,1675,1633,0,0,0,0,0,0,0,-4,-4,32,20,131,,,,,,,,,,,,,,,,,,,,,,,,,,,,,,,,,,,,,,,,,,,,,,,,,,,,,,,,,,,,,,,,,,,,,,,,,,,
96103,901,809,-453,65,941,4110,5399,2682,-92,63,2,-2,-1,0,13332,1224,-182,136,13332,1557,1479,1664,1619,0,0,0,0,0,0,0,-35,-14,123,50,133,,,,,,,,,,,,,,,,,,,,,,,,,,,,,,,,,,,,,,,,,,,,,,,,,,,,,,,,,,,,,,,,,,,,,,,,,,,
96150,1301,738,-104,23,1218,2584,1798,-125,-124,60,0,-2,0,0,13290,1203,-188,132,13290,1535,1457,1662,1654,0,0,0,0,0,0,0,13,-9,-4,36,132,,,,,,,,,,,,,,,,,,,,,,,,,,,,,,,,,,,,,,,,,,,,,,,,,,,,,,,,,,,,,,,,,,,,,,,,,,,
96203,624,833,147,-12,703,-1871,1737,2072,-68,72,2,-2,0,0,13248,1191,-240,128,13248,1541,1490,1669,1620,0,0,0,0,0,0,96250,187,1354,-82,180,895,-8646,-7112,3414,-26,114,2,-2,0,0,13248,1180,-297,128,13248,1523,1528,1636,1635,0,0,0,0,0,0,0,-13,0,64,0,132,,,,,,,,,,,,,,,,,,,,,,,,,,,,,,,,,,,,,,,,,,,,,
96303,251,741,53,241,875,447,-2839,2072,-32,57,0,-2,-1,0,13290,1161,-361,132,13290,1546,1484,1655,1632,0,0,0,0,0,0,0,11,-17,-8,47,130,,,,,,,,,,,,,,,,,,,,,,,,,,,,,,,,,,,,,,,,,,,,,,,,,,,,,,,,,,,,,,,,,,,,,,,,,,,
96350,936,534,405,-46,1224,-3031,-4304,1400,-95,43,0,-2,0,0,13248,1147,-416,128,13248,1514,1506,1644,1650,0,0,0,0,0,0,0,11,-14,-10,41,134,,,,,,,,,,,,,,,,,,,,,,,,,,,,,,,,,,,,,,,,,,,,,,,,,,,,,,,,,,,,,,,,,,,,,,,,,,,
96403,611,-545,208,-322,1477,-7852,-4426,912,-60,-51,2,-1,0,0,13332,1122,-372,136,13332,1509,1505,1634,1663,0,0,0,0,0,0,0,35,-4,-81,9,134,,,,,,,,,,,,,,,,,,,,,,,,,,,,,,,,,,,,,,,,,,,,,,,,,,,,,,,,,,,,,,,,,,,,,,,,,,,
96450,862,-636,-242,104,988,-8768,-1008,1156,-85,-62,2,-2,-1,0,13374,1100,-453,139,13374,1520,1506,1648,1651,0,0,0,0,0,0,0,7,-20,-7,45,135,,,,,,,,,,,,,,,,,,,,,,,,,,,,,,,,,,,,,,,,,,,,,,,,,,,,,,,,,,,,,,,,,,,,,,,,,,,
96503,162,-151,-315,65,1139,-11270,-1619,180,-21,-20,0,-1,-1,0,13416,1091,-416,143,13416,1508,1504,1662,1651,0,0,0,0,0,0,0,-14,-3,52,-7,136,,,,,,,,,,,,,,,,,,,,,,,,,,,,,,,,,,,,,,,,,,,,,,,,,,,,,,,,,,,,,,,,,,,,,,,,,,,
96550,-19,675,-422,183,690,-2908,-1130,1095,-5,55,2,-1,0,0,13798,1060,-502,179,13798,1545,1504,1669,1648,0,0,0,0,0,0,0,-30,-8,102,4,132,,,,,,,,,,,,,,,,,,,,,,,,,,,,,,,,,,,,,,,,,,,,,,,,,,,,,,,,,,,,,,,,,,,,,,,,,,,
96603,375,1056,94,110,1224,-1566,-2046,668,-39,88,0,-1,0,0,14186,1056,-432,215,14186,1543,1519,1682,1656,0,0,0,0,0,0,0,-17,-20,67,41,133,,,,,,,,,,,,,,,,,,,,,,,,,,,,,,,,,,,,,,,,,,,,,,,,,,,,,,,,,,,,,,,,,,,,,,,,,,,
96650,526,780,439,10,876,1424,-1130,-857,-56,64,0,-2,0,0,14667,1031,-397,260,14667,1544,1521,1691,1685,0,0,0,0,0,0,0,27,-3,-55,-2,130,,,,,,,,,,,,,,,,,,,,,,,,,,,,,,,,,,,,,,,,,,,,,,,,,,,,,,,,,,,,,,,,,,,,,,,,,,,
96703,848,773,-155,-117,1258,-2542,-8455,-430,-84,60,2,-2,-1,0,14667,1010,-380,260,14667,1548,1523,1675,1696,0,0,0,0,0,0,0,0,-12,14,21,135,,,,,,,,,,,,,,,,,,,,,,,,,,,,,,,,,,,,,,,,,,,,,,,,,,,,,,,,,,,,,,,,,,,,,,,,,,,
96750,831,412,-47,101,946,-3458,-5159,-1101,-83,32,4,-2,0,0,14800,977,-408,271,14800,1558,1511,1696,1687,0,0,0,0,0,0,0,2,-12,1,18,130,,,,,,,,,,,,,,,,,,,,,,,,,,,,,,,,,,,,,,,,,,,,,,,,,,,,,,,,,,,,,,,,,,,,,,,,,,,
96803,658,-51,115,62,658,-6021,3385,-2383,-67,-7,0,-2,0,0,14933,940,-448,284,14933,1541,1503,1721,1677,0,0,0,0,0,0,0,14,-19,-31,30,131,,,,,,,,,,,,,,,,,,,,,,,,,,,,,,,,,,,,,,,,,,,,,,,,,,,,,,,,,,,,,,,,,,,,,,,,,,,
96850,657,262,14,75,1114,-5411,1615,-2627,-64,19,2,-1,0,0,14933,935,-439,284,14933,1523,1528,1713,1695,0,0,0,0,0,0,0,9,-7,-20,-3,129,,,,,,,,,,,,,,,,,,,,,,,,,,,,,,,,,,,,,,,,,,,,,,,,,,,,,,,,,,,,,,,,,,,,,,,,,,,
96903,791,645,-7,74,1089,-8341,-4304,-1040,-44,52,2,4,0,0,14933,915,-414,284,14933,1534,1540,1701,1690,0,0,0,0,0,0,0,-1,-19,6,21,129,,,,,,,,,,,,,,,,,,,,,,,,,,,,,,,,,,,,,,,,,,,,,,,,,,,,,,,,,,,,,,,,,,,,,,,,,,,
96950,115,377,-24,-124,1070,1851,-3572,-3176,42,25,2,10,-1,0,14933,869,-511,284,14933,1548,1490,1710,1704,0,0,0,0,0,0,0,0,-8,-3,-10,132,,,,,,,,,,,,,,,,,,,,,,,,,,,,,,,,,,,,,,,,,,,,,,,,,,,,,,,,,,,,,,,,,,,,,,,,,,,
97003,239,178,-130,265,843,6368,-5708,1095,28,12,0,9,0,0,14933,847,-507,284,14933,1580,1517,1688,1679,0,0,0,0,0,0,0,-12,-20,25,25,130,,,,,,,,,,,,,,,,,,,,,,,,,,,,,,,,,,,,,,,,,,,,,,,,,,,,,,,,,,,,,,,,,,,,,,,,,,,
97050,87,135,38,-102,1246,7467,2286,-1589,142,4,2,30,-1,0,15022,827,-478,291,15022,1546,1523,1725,1677,0,0,0,0,0,0,0,-5,8,3,-45,128,,,,,,,,,,,,,,,,,,,,,,,,,,,,,,,,,,,,,,,,,,,,,,,,,,,,,,,,,,,,,,,,,,,,,,,,,,,
97103,1332,577,-58,167,754,11007,-5525,-369,100,46,0,43,0,0,15022,807,-522,291,15022,1580,1502,1691,1699,0,0,0,0,0,0,0,-12,-26,24,59,133,,,,,,,,,,,,,,,,,,,,,,,,,,,,,,,,,,,,,,,,,,,,,,,,,,,,,,,,,,,,,,,,,,,,,,,,,,,
97150,2488,1310,-88,-22,1096,7711,-9248,-247,110,48,-4,65,-13,0,15022,800,-494,291,15022,1563,1518,1691,1700,0,0,0,0,0,0,0,-38,-38,91,103,138,,,,,,,,,,,,,,,,,,,,,,,,,,,,,,,,,,,,,,,,,,,,,,,,,,,,,,,,,,,,,,,,,,,,,,,,,,,
97203,2124,623,5,35,818,9542,-93,-1589,174,-50,2,71,-20,0,15022,740,-532,291,15022,1550,1512,1702,1698,0,0,0,0,0,0,0,-5,9,3,-15,128,,,,,,,,,,,,,,,,,,,,,,,,,,,,,,,,,,,,,,,,,,,,,,,,,,,,,,,,,,,,,,,,,,,,,,,,,,,
97250,2218,502,-87,20,777,10823,-3633,-857,165,-85,0,71,-25,0,15022,746,-497,291,15022,1566,1507,1688,1709,0,0,0,0,0,0,0,-8,2,10,9,131,,,,,,,,,,,,,,,,,,,,,,,,,,,,,,,,,,,,,,,,,,,,,,,,,,,,,,,,,,,,,,,,,,,,,,,,,,,
97303,2293,550,178,-282,1140,9542,6071,-4275,169,-88,-2,74,-27,0,15022,705,-438,291,15022,1531,1490,1730,1708,0,0,0,0,0,0,0,0,13,-7,-10,136,,,,,,,,,,,,,,,,,,,,,,,,,,,,,,,,,,,,,,,,,,,,,,,,,,,,,,,,,,,,,,,,,,,,,,,,,,,
97350,2487,712,98,-300,1060,5819,-276,-1406,104,-94,2,64,-31,0,14978,694,-462,287,14978,1551,1511,1696,1706,0,0,0,0,0,0,0,-3,7,0,11,132,,,,,,,,,,,,,,,,,,,,,,,,,,,,,,,,,,,,,,,,,,,,,,,,,,,,,,,,,,,,,,,,,,,,,,,,,,,
97403,2175,736,153,-111,1215,2828,-398,-369,57,-26,0,49,-18,0,15067,700,-370,296,15067,1555,1522,1710,1685,0,0,0,0,0,0,0,-12,12,24,0,133,,,,,,,,,,,,,,,,,,,,,,,,,,,,,,,,,,,,,,,,,,,,,,,,,,,,,,,,,,,,,,,,,,,,,,,,,,,
97450,2079,494,479,-319,1133,6612,2470,-2688,-52,-16,0,25,-11,0,15067,666,-394,296,15067,1564,1479,1720,1703,0,0,0,0,0,0,0,6,20,-22,-13,136,,,,,,,,,,,,,,,,,,,,,,,,,,,,,,,,,,,,,,,,,,,,,,,,,,,,,,,,,,,,,,,,,,,,,,,,,,,
97503,2320,1141,-581,170,945,-8218,-3267,1400,-139,75,0,12,-4,0,15022,652,-346,291,15022,1560,1542,1697,1679,0,0,0,0,0,0,0,-27,3,69,36,135,,,,,,,,,,,,,,,,,,,,,,,,,,,,,,,,,,,,,,,,,,,,,,,,,,,,,,,,,,,,,,,,,,,,,,,,,,,
97550,1650,971,-252,24,871,-12979,-4121,-857,-84,60,0,11,-4,0,14978,614,-360,287,14978,1516,1552,1695,1707,0,0,0,0,0,0,0,-14,16,36,-2,134,,,,,,,,,,,,,,,,,,,,,,,,,,,,,,,,,,,,,,,,,,,,,,,,,,,,,,,,,,,,,,,,,,,,,,,,,,,
97603,864,457,-151,8,1257,-8341,-7356,-3237,-12,11,0,12,-5,0,15022,616,-301,291,15022,1524,1508,1708,1722,0,0,0,0,0,0,0,-11,7,23,13,132,,,,,,,,,,,,,,,,,,,,,,,,,,,,,,,,,,,,,,,,,,,,,,,,,,,,,,,,,,,,,,,,,,,,,,,,,,,
97650,240,-79,-146,-151,1186,-955,-2351,-3237,108,-55,0,25,-9,0,15022,605,-235,291,15022,1527,1504,1709,1722,0,0,0,0,0,0,0,-1,17,-7,-18,136,,,,,,,,,,,,,,,,,,,,,,,,,,,,,,,,,,,,,,,,,,,,,,,,,,,,,,,,,,,,,,,,,,,,,,,,,,,
97703,245,-186,147,73,777,-6021,-7112,2804,243,-127,2,53,-22,0,15067,598,-194,296,15067,1526,1591,1645,1718,0,0,0,0,0,0,0,-2,0,-7,26,133,,,,,,,,,,,,,,,,,,,,,,,,,,,,,,,,,,,,,,,,,,,,,,,,,,,,,,,,,,,,,,,,,,,,,,,,,,,
97750,370,-79,112,-133,1092,6734,-2534,-369,337,-195,2,74,-37,0,15022,597,-80,291,15022,1541,1531,1683,1716,0,0,0,0,0,0,0,-1,8,-9,8,132,,,,,,,,,,,,,,,,,,,,,,,,,,,,,,,,,,,,,,,,,,,,,,,,,,,,,,,,,,,,,,,,,,,,,,,,,,,
97803,1265,229,-109,192,855,30355,12968,-1773,294,-227,0,80,-49,0,14978,595,-67,287,14978,1590,1455,1715,1703,0,0,0,0,0,0,0,-3,10,1,22,135,,,,,,,,,,,,,,,,,,,,,,,,,,,,,,,,,,,,,,,,,,,,,,,,,,,,,,,,,,,,,,,,,,,,,,,,,,,
97850,2604,1179,-223,448,790,22603,8146,-125,188,-148,2,83,-50,0,14978,596,-39,287,14978,1571,1497,1693,1704,0,0,0,0,0,0,0,-27,-13,77,104,138,,,,,,,,,,,,,,,,,,,,,,,,,,,,,,,,,,,,,,,,,,,,,,,,,,,,,,,,,,,,,,,,,,,,,,,,,,,
97903,2540,1345,35,-33,1005,10762,10892,-2322,-47,-112,-2,34,-46,0,15022,597,23,291,15022,1562,1471,1718,1708,0,0,0,0,0,0,0,5,29,-3,1,134,,,,,,,,,,,,,,,,,,,,,,,,,,,,,,,,,,,,,,,,,,,,,,,,,,,,,,,,,,,,,,,,,,,,,,,,,,,
97950,2140,665,371,-217,814,-6571,6559,-2200,-155,-78,0,6,-27,0,14978,574,-56,287,14978,1511,1528,1715,1709,0,0,0,0,0,0,0,30,39,-68,-23,136,,,,,,,,,,,,,,,,,,,,,,,,,,,,,,,,,,,,,,,,,,,,,,,,,,,,,,,,,,,,,,,,,,,,,,,,,,,
98003,2020,750,-166,237,995,-13040,4362,-64,-179,-46,0,0,-22,0,15022,565,-74,291,15022,1551,1519,1711,1690,0,0,0,0,0,0,0,10,9,-8,48,132,,,,,,,,,,,,,,,,,,,,,,,,,,,,,,,,,,,,,,,,,,,,,,,,,,,,,,,,,,,,,,,,,,,,,,,,,,,
98050,1585,914,147,-51,1220,-11209,6498,-2322,-148,-24,2,-2,-20,0,14978,557,-93,287,14978,1538,1496,1718,1706,0,0,0,0,0,0,0,4,9,12,41,134,,,,,,,,,,,,,,,,,,,,,,,,,,,,,,,,,,,,,,,,,,,,,,,,,,,,,,,,,,,,,,,,,,,,,,,,,,,
98103,921,1475,-357,91,952,-12003,4484,-1528,-83,51,2,0,-15,0,15067,569,-15,296,15067,1536,1510,1730,1685,0,0,0,0,0,0,0,-21,12,86,24,133,,,,,,,,,,,,,,,,,,,,,,,,,,,,,,,,,,,,,,,,,,,,,,,,,,,,,,,,,,,,,,,,,,,,,,,,,,,
98150,600,1096,-107,-63,789,-6265,2958,-1345,-59,25,2,-1,-13,0,15022,547,-81,291,15022,1532,1520,1709,1709,0,0,0,0,0,0,0,5,14,13,12,132,,,,,,,,,,,,,,,,,,,,,,,,,,,,,,,,,,,,,,,,,,,,,,,,,,,,,,,,,,,,,,,,,,,,,,,,,,,
98203,484,764,68,-144,1261,-12918,-6257,180,-52,28,2,-2,-7,0,15067,564,-24,296,15067,1526,1546,1689,1713,0,0,0,0,0,0,0,4,3,13,32,129,,,,,,,,,,,,,,,,,,,,,,,,,,,,,,,,,,,,,,,,,,,,,,,,,,,,,,,,,,,,,,,,,,,,,,,,,,,
98250,1,561,119,-259,1286,-6571,2103,-2322,-10,10,0,-2,-7,0,15022,550,23,291,15022,1538,1494,1723,1706,0,0,0,0,0,0,0,14,20,-12,-19,131,,,,,,,,,,,,,,,,,,,,,,,,,,,,,,,,,,,,,,,,,,,,,,,,,,,,,,,,,,,,,,,,,,,,,,,,,,,
98303,60,543,-298,203,956,-7486,-6013,3536,-15,19,-2,-2,-5,0,14978,553,10,287,14978,1563,1552,1669,1696,0,0,0,0,0,0,0,10,7,-1,10,129,,,,,,,,,,,,,,,,,,,,,,,,,,,,,,,,,,,,,,,,,,,,,,,,,,,,,,,,,,,,,,,,,,,,,,,,,,,
98350,82,479,-321,134,818,-4739,-3145,2743,-17,17,0,-2,-4,0,15022,588,57,291,15022,1550,1558,1674,1700,0,0,0,0,0,0,0,11,17,-3,-14,130,,,,,,,,,,,,,,,,,,,,,,,,,,,,,,,,,,,,,,,,,,,,,,,,,,,,,,,,,,,,,,,,,,,,,,,,,,,
98403,391,289,105,174,1062,7283,2225,-430,-41,-2,0,-1,-5,0,15022,565,102,291,15022,1573,1485,1704,1704,0,0,0,0,0,0,0,17,5,-17,18,129,,,,,,,,,,,,,,,,,,,,,,,,,,,,,,,,,,,,,,,,,,,,,,,,,,,,,,,,,,,,,,,,,,,,,,,,,,,
98450,203,618,-365,136,1122,-6387,-2351,1889,-24,-33,0,-1,-17,0,15022,580,89,291,15022,1553,1541,1681,1701,0,0,0,0,0,0,0,-12,6,62,12,133,,,,,,,,,,,,,,,,,,,,,,,,,,,,,,,,,,,,,,,,,,,,,,,,,,,,,,,,,,,,,,,,,,,,,,,,,,,
98503,699,1227,90,203,821,6856,7230,790,-71,-84,2,-2,-38,0,14978,586,55,287,14978,1597,1474,1705,1687,0,0,0,0,0,0,0,10,-9,3,53,127,,,,,,,,,,,,,,,,,,,,,,,,,,,,,,,,,,,,,,,,,,,,,,,,,,,,,,,,,,,,,,,,,,,,,,,,,,,
98550,844,1146,28,34,923,-1749,28,1522,-84,-91,0,-2,-38,0,15022,560,75,291,15022,1580,1508,1688,1698,0,0,0,0,0,0,0,11,-11,1,53,127,,,,,,,,,,,,,,,,,,,,,,,,,,,,,,,,,,,,,,,,,,,,,,,,,,,,,,,,,,,,,,,,,,,,,,,,,,,
98603,-4,427,257,-424,1092,-12308,1188,2255,-6,-151,2,-1,-37,0,14978,612,155,287,14978,1549,1552,1681,1692,0,0,0,0,0,0,0,30,21,-51,-45,135,,,,,,,,,,,,,,,,,,,,,,,,,,,,,,,,,,,,,,,,,,,,,,,,,,,,,,,,,,,,,,,,,,,,,,,,,,,
98650,-277,587,384,-361,803,-6143,3995,1766,13,-137,2,-2,-37,0,15022,604,217,291,15022,1561,1537,1691,1688,0,0,0,0,0,0,0,31,25,-53,-61,135,,,,,,,,,,,,,,,,,,,,,,,,,,,,,,,,,,,,,,,,,,,,,,,,,,,,,,,,,,,,,,,,,,,,,,,,,,,
98703,-186,363,-263,398,1105,325,-2901,4086,5,-62,0,-2,-18,0,15022,613,188,291,15022,1587,1543,1676,1677,0,0,0,0,0,0,0,18,-1,-17,9,131,,,,,,,,,,,,,,,,,,,,,,,,,,,,,,,,,,,,,,,,,,,,,,,,,,,,,,,,,,,,,,,,,,,,,,,,,,,
98750,-104,579,-350,-51,1153,-1627,3507,3231,-1,-43,0,-2,-18,0,14186,616,219,215,14186,1546,1532,1660,1666,0,0,0,0,0,0,0,0,4,36,-1,131,,,,,,,,,,,,,,,,,,,,,,,,,,,,,,,,,,,,,,,,,,,,,,,,,,,,,,,,,,,,,,,,,,,,,,,,,,,
98803,595,847,-199,338,783,7833,9855,790,-62,11,0,-2,-12,0,13670,629,203,168,13670,1557,1455,1685,1646,0,0,0,0,0,0,0,5,-15,29,57,129,,,,,,,,,,,,,,,,,,,,,,,,,,,,,,,,,,,,,,,,,,,,,,,,,,,,,,,,,,,,,,,,,,,,,,,,,,,
98850,751,575,348,27,1339,1485,-1497,1644,-79,22,0,-2,-5,0,13585,639,217,159,13585,1556,1467,1659,1658,0,0,0,0,0,0,0,21,-4,-12,26,130,,,,,,,,,,,,,,,,,,,,,,,,,,,,,,,,,,,,,,,,,,,,,,,,,,,,,,,,,,,,,,,,,,,,,,,,,,,
98903,402,219,-80,67,804,-6754,-581,2560,-49,-1,-2,-2,-4,0,13543,654,237,155,13543,1535,1507,1662,1645,0,0,0,0,0,0,0,30,3,-38,4,128,,,,,,,,,,,,,,,,,,,,,,,,,,,,,,,,,,,,,,,,,,,,,,,,,,,,,,,,,,,,,,,,,,,,,,,,,,,
98950,436,439,370,-71,1022,-1688,1188,1339,-55,20,2,-3,-3,0,13585,649,171,159,13585,1551,1473,1673,1642,0,0,0,0,0,0,0,28,-2,-29,17,131,,,,,,,,,,,,,,,,,,,,,,,,,,,,,,,,,,,,,,,,,,,,,,,,,,,,,,,,,,,,,,,,,,,,,,,,,,,
99003,642,866,113,-159,924,-711,-4243,1400,-73,61,0,-3,-2,0,13543,680,149,155,13543,1541,1483,1657,1656,0,0,0,0,0,0,0,19,1,-6,6,128,,,,,,,,,,,,,,,,,,,,,,,,,,,,,,,,,,,,,,,,,,,,,,,,,,,,,,,,,,,,,,,,,,,,,,,,,,,
99050,1460,817,-250,150,1043,203,-1619,1156,-141,57,0,-2,-2,0,13543,664,128,155,13543,1567,1450,1670,1646,0,0,0,0,0,0,0,-2,-38,48,112,134,,,,,,,,,,,,,,,,,,,,,,,,,,,,,,,,,,,,,,,,,,,,,,,,,,,,,,,,,,,,,,,,,,,,,,,,,,,
99103,1237,722,-97,77,746,-8402,883,363,-121,45,2,-2,-3,0,13585,665,48,159,13585,1528,1486,1671,1651,0,0,0,0,0,0,0,-5,-24,53,66,128,,,,,,,,,,,,,,,,,,,,,,,,,,,,,,,,,,,,,,,,,,,,,,,,,,,,,,,,,,,,,,,,,,,,,,,,,,,
99150,460,354,-205,-21,1283,-7730,-2107,2560,-57,16,2,-3,-2,0,13543,682,51,155,13543,1542,1505,1645,1650,0,0,0,0,0,0,0,0,-5,32,5,129,,,,,,,,,,,,,,,,,,,,,,,,,,,,,,,,,,,,,,,,,,,,,,,,,,,,,,,,,,,,,,,,,,,,,,,,,,,
99203,328,129,-69,300,619,-3702,-1436,2682,-39,-2,0,-2,-2,0,13585,689,0,159,13585,1558,1492,1652,1644,0,0,0,0,0,0,0,0,-31,25,64,128,,,,,,,,,,,,,,,,,,,,,,,,,,,,,,,,,,,,,,,,,,,,,,,,,,,,,,,,,,,,,,,,,,,,,,,,,,,
99250,586,-149,-69,246,1045,-5167,-520,4025,-65,-23,-2,-2,-2,0,13543,672,-25,155,13543,1559,1512,1649,1630,0,0,0,0,0,0,0,1,-34,18,70,133,,,,,,,,,,,,,,,,,,,,,,,,,,,,,,,,,,,,,,,,,,,,,,,,,,,,,,,,,,,,,,,,,,,,,,,,,,,
99303,444,-487,170,60,825,-5228,272,2316,-49,-49,0,-2,-1,0,13543,695,-15,155,13543,1543,1503,1643,1651,0,0,0,0,0,0,0,27,-22,-52,32,131,,,,,,,,,,,,,,,,,,,,,,,,,,,,,,,,,,,,,,,,,,,,,,,,,,,,,,,,,,,,,,,,,,,,,,,,,,,
99350,468,192,197,13,698,-3214,6620,973,-54,13,4,-2,0,0,13628,685,-66,163,13628,1553,1484,1676,1633,0,0,0,0,0,0,0,12,-23,-5,32,127,,,,,,,,,,,,,,,,,,,,,,,,,,,,,,,,,,,,,,,,,,,,,,,,,,,,,,,,,,,,,,,,,,,,,,,,,,,
99403,400,872,-11,-186,874,-8890,-4426,3414,-48,76,-2,-2,0,0,13628,673,-70,163,13628,1527,1543,1630,1654,0,0,0,0,0,0,0,-8,-13,52,4,131,,,,,,,,,,,,,,,,,,,,,,,,,,,,,,,,,,,,,,,,,,,,,,,,,,,,,,,,,,,,,,,,,,,,,,,,,,,
99450,596,1581,153,-214,857,-3824,-581,1156,-66,134,2,-2,0,0,13970,694,-52,195,13970,1535,1526,1669,1652,0,0,0,0,0,0,0,-4,-10,44,-5,132,,,,,,,,,,,,,,,,,,,,,,,,,,,,,,,,,,,,,,,,,,,,,,,,,,,,,,,,,,,,,,,,,,,,,,,,,,,
99503,415,1528,-223,180,727,-3214,-9492,2194,-53,133,0,-3,0,0,14317,678,-104,228,14317,1563,1532,1662,1664,0,0,0,0,0,0,0,-10,-22,54,22,135,,,,,,,,,,,,,,,,,,,,,,,,,,,,,,,,,,,,,,,,,,,,,,,,,,,,,,,,,,,,,,,,,,,,,,,,,,,
99550,290,505,-81,153,706,-3702,-13643,4208,-39,40,0,-2,0,0,14712,644,-142,264,14712,1577,1564,1630,1685,0,0,0,0,0,0,0,13,-19,-17,15,133,,,,,,,,,,,,,,,,,,,,,,,,,,,,,,,,,,,,,,,,,,,,,,,,,,,,,,,,,,,,,,,,,,,,,,,,,,,
99603,156,472,-226,61,1142,5391,5521,180,-27,34,-2,-2,-1,0,14844,641,-99,276,14844,1583,1502,1715,1649,0,0,0,0,0,0,0,-10,-14,42,5,130,,,,,,,,,,,,,,,,,,,,,,,,,,,,,,,,,,,,,,,,,,,,,,,,,,,,,,,,,,,,,,,,,,,,,,,,,,,
99650,430,462,-100,53,1479,3011,944,729,-55,36,0,-3,0,0,14800,649,-69,271,14800,1581,1516,1693,1663,0,0,0,0,0,0,0,-12,-16,49,13,128,,,,,,,,,,,,,,,,,,,,,,,,,,,,,,,,,,,,,,,,,,,,,,,,,,,,,,,,,,,,,,,,,,,,,,,,,,,
99703,659,235,34,-222,868,-7669,-5830,1095,61,13,4,23,-1,0,14933,632,-113,284,14933,1549,1568,1669,1687,0,0,0,0,0,0,0,-1,-11,17,1,130,,,,,,,,,,,,,,,,,,,,,,,,,,,,,,,,,,,,,,,,,,,,,,,,,,,,,,,,,,,,,,,,,,,,,,,,,,,
99750,887,855,133,-74,871,-1199,-4304,2133,250,25,2,65,-9,0,14844,648,-60,276,14844,1530,1594,1664,1677,0,0,0,0,0,0,0,-6,-12,33,6,130,,,,,,,,,,,,,,,,,,,,,,,,,,,,,,,,,,,,,,,,,,,,,,,,,,,,,,,,,,,,,,,,,,,,,,,,,,,
99803,1268,1317,-293,202,1041,26571,5827,-125,454,-3,2,113,-23,0,14844,619,-93,276,14844,1595,1496,1705,1660,0,0,0,0,0,0,0,-9,-7,43,7,134,,,,,,,,,,,,,,,,,,,,,,,,,,,,,,,,,,,,,,,,,,,,,,,,,,,,,,,,,,,,,,,,,,,,,,,,,,,
99850,2103,1257,216,-487,1361,28341,822,1583,409,-12,0,118,-24,0,14933,630,-61,284,14933,1588,1534,1671,1680,0,0,0,0,0,0,0,8,12,0,-21,134,,,,,,,,,,,,,,,,,,,,,,,,,,,,,,,,,,,,,,,,,,,,,,,,,,,,,,,,,,,,,,,,,,,,,,,,,,,
99903,3854,1031,-36,494,871,26448,-2229,3170,204,-4,2,108,-18,0,14978,614,-98,287,14978,1608,1539,1662,1670,0,0,0,0,0,0,0,4,-21,10,98,134,,,,,,,,,,,,,,,,,,,,,,,,,,,,,,,,,,,,,,,,,,,,,,,,,,,,,,,,,,,,,,,,,,,,,,,,,,,
99950,3815,1009,137,20,1018,18819,2409,790,64,32,2,79,-11,0,14978,622,-66,287,14978,1606,1508,1694,1665,0,0,0,0,0,0,0,2,8,17,35,128,,,,,,,,,,,,,,,,,,,,,,,,,,,,,,,,,,,,,,,,,,,,,,,,,,,,,,,,,,,,,,,,,,,,,,,,,,,
100003,4247,1776,-356,325,1129,11434,6193,-979,-126,137,2,48,-3,0,14933,629,-20,284,14933,1593,1495,1718,1657,0,0,0,0,0,0,0,-17,0,79,73,136,,,,,,,,,,,,,,,,,,,,,,,,,,,,,,,,,,,,,,,,,,,,,,,,,,,,,,,,,,,,,,,,,,,,,,,,,,,
100050,3706,1709,113,-317,1309,325,-1924,-247,-110,138,2,42,-2,0,14933,635,22,284,14933,1597,1504,1697,1673,0,0,0,0,0,0,0,2,22,25,11,133,,,,,,,,,,,,,,,,,,,,,,,,,,,,,,,,,,,,,,,,,,,,,,,,,,,,,,,,,,,,,,,,,,,,,,,,,,,
100103,2622,865,33,97,1156,-9439,-13887,3109,-47,61,2,36,-2,0,14978,628,64,287,14978,1564,1587,1644,1686,0,0,0,0,0,0,0,19,30,-29,-13,133,,,,,,,,,,,,,,,,,,,,,,,,,,,,,,,,,,,,,,,,,,,,,,,,,,,,,,,,,,,,,,,,,,,,,,,,,,,
100150,1740,124,66,-7,1085,-5167,-3694,-247,-5,-3,0,29,-2,0,14933,635,28,284,14933,1562,1540,1682,1686,0,0,0,0,0,0,0,24,30,-45,-16,131,,,,,,,,,,,,,,,,,,,,,,,,,,,,,,,,,,,,,,,,,,,,,,,,,,,,,,,,,,,,,,,,,,,,,,,,,,,
100203,1598,601,-53,138,950,2401,4728,-735,-24,45,0,23,-1,0,14933,635,37,284,14933,1583,1510,1702,1671,0,0,0,0,0,0,0,-4,13,35,28,129,,,,,,,,,,,,,,,,,,,,,,,,,,,,,,,,,,,,,,,,,,,,,,,,,,,,,,,,,,,,,,,,,,,,,,,,,,,
100250,1490,507,462,82,955,2584,-2962,-1101,-25,40,0,20,0,0,14933,636,69,284,14933,1594,1493,1691,1687,0,0,0,0,0,0,0,19,13,-28,28,130,,,,,,,,,,,,,,,,,,,,,,,,,,,,,,,,,,,,,,,,,,,,,,,,,,,,,,,,,,,,,,,,,,,,,,,,,,,
100303,1383,786,-287,-7,641,-8341,-1680,2072,-15,61,2,20,-1,0,14889,624,25,280,14889,1565,1569,1681,1657,0,0,0,0,0,0,0,-4,26,35,-7,131,,,,,,,,,,,,,,,,,,,,,,,,,,,,,,,,,,,,,,,,,,,,,,,,,,,,,,,,,,,,,,,,,,,,,,,,,,,
100350,1230,955,-29,83,1010,814,-1130,424,-13,76,0,18,-1,0,14933,632,50,284,14933,1571,1540,1682,1678,0,0,0,0,0,0,0,4,27,13,-10,128,,,,,,,,,,,,,,,,,,,,,,,,,,,,,,,,,,,,,,,,,,,,,,,,,,,,,,,,,,,,,,,,,,,,,,,,,,,
100403,1328,695,250,-244,977,-1749,-7295,241,-32,57,0,16,0,0,14889,631,16,280,14889,1573,1536,1668,1694,0,0,0,0,0,0,0,19,27,-30,-9,131,,,,,,,,,,,,,,,,,,,,,,,,,,,,,,,,,,,,,,,,,,,,,,,,,,,,,,,,,,,,,,,,,,,,,,,,,,,
100450,1371,329,431,-30,867,81,-6135,-369,-42,25,2,15,0,0,13543,651,94,155,13543,1582,1522,1689,1680,0,0,0,0,0,0,0,27,22,-56,5,127,,,,,,,,,,,,,,,,,,,,,,,,,,,,,,,,,,,,,,,,,,,,,,,,,,,,,,,,,,,,,,,,,,,,,,,,,,,
100503,1420,1000,-170,-66,909,-9378,-5037,-735,-50,87,2,14,0,0,13500,646,66,152,13500,1515,1508,1660,1652,0,0,0,0,0,0,0,-18,14,67,25,133,,,,,,,,,,,,,,,,,,,,,,,,,,,,,,,,,,,,,,,,,,,,,,,,,,,,,,,,,,,,,,,,,,,,,,,,,,,
100550,1593,1007,-84,-230,1344,-5289,-3816,-1101,-104,84,0,6,0,0,13500,625,29,152,13500,1523,1493,1661,1657,0,0,0,0,0,0,0,-16,10,61,34,135,,,,,,,,,,,,,,,,,,,,,,,,,,,,,,,,,,,,,,,,,,,,,,,,,,,,,,,,,,,,,,,,,,,,,,,,,,,
100603,1283,415,555,-96,911,-11697,-8760,1889,-112,29,2,0,-1,0,13585,641,11,159,13585,1526,1537,1618,1665,0,0,0,0,0,0,0,25,26,-56,-13,134,,,,,,,,,,,,,,,,,,,,,,,,,,,,,,,,,,,,,,,,,,,,,,,,,,,,,,,,,,,,,,,,,,,,,,,,,,,
100650,866,506,202,-8,640,-8157,272,-2810,-79,124,0,0,16,0,13543,657,-22,155,13543,1516,1473,1697,1640,0,0,0,0,0,0,0,2,8,3,25,126,,,,,,,,,,,,,,,,,,,,,,,,,,,,,,,,,,,,,,,,,,,,,,,,,,,,,,,,,,,,,,,,,,,,,,,,,,,
100703,431,140,-106,-72,1146,-8768,-8577,-2017,-37,176,2,0,32,0,13543,668,18,155,13543,1510,1495,1663,1667,0,0,0,0,0,0,0,1,9,0,14,130,,,,,,,,,,,,,,,,,,,,,,,,,,,,,,,,,,,,,,,,,,,,,,,,,,,,,,,,,,,,,,,,,,,,,,,,,,,
100750,267,-647,-158,-35,1242,-1627,-13032,-2627,-23,173,2,0,46,0,13458,612,-60,148,13458,1520,1469,1654,1680,0,0,0,0,0,0,0,16,12,-47,2,136,,,,,,,,,,,,,,,,,,,,,,,,,,,,,,,,,,,,,,,,,,,,,,,,,,,,,,,,,,,,,,,,,,,,,,,,,,,
100803,781,-506,-89,-82,1003,-4007,-11506,-4702,-68,207,2,0,50,0,13500,636,-83,152,13500,1506,1449,1692,1667,0,0,0,0,0,0,0,-19,0,35,33,135,,,,,,,,,,,,,,,,,,,,,,,,,,,,,,,,,,,,,,,,,,,,,,,,,,,,,,,,,,,,,,,,,,,,,,,,,,,
100850,1241,-623,-256,306,931,-9378,-18342,-491,-122,196,2,-2,50,0,13500,629,-132,152,13500,1531,1489,1656,1657,0,0,0,0,0,0,0,-38,-25,71,97,140,,,,,,,,,,,,,,,,,,,,,,,,,,,,,,,,,,,,,,,,,,,,,,,,,,,,,,,,,,,,,,,,,,,,,,,,,,,
100903,411,-1832,161,112,813,-7242,-11629,-1651,-53,63,0,-3,44,0,13458,602,-218,148,13458,1523,1475,1663,1664,0,0,0,0,0,0,0,7,5,-65,5,134,,,,,,,,,,,,,,,,,,,,,,,,,,,,,,,,,,,,,,,,,,,,,,,,,,,,,,,,,,,,,,,,,,,,,,,,,,,
100950,301,-2048,187,35,815,-5777,-5525,-4214,-50,20,2,-4,39,0,13458,616,-244,148,13458,1499,1460,1682,1674,0,0,0,0,0,0,0,-3,-5,-43,29,135,,,,,,,,,,,,,,,,,,,,,,,,,,,,,,,,,,,,,,,,,,,,,,,,,,,,,,,,,,,,,,,,,,,,,,,,,,,
101003,227,-1326,-298,127,1102,-10538,-2901,-3482,-44,16,-2,-4,26,0,13458,572,-260,148,13458,1472,1493,1661,1691,0,0,0,0,0,0,0,-17,1,-5,4,138,,,,,,,,,,,,,,,,,,,,,,,,,,,,,,,,,,,,,,,,,,,,,,,,,,,,,,,,,,,,,,,,,,,,,,,,,,,
101050,181,-402,-230,-75,1095,-4739,-4671,-3604,-43,94,0,-5,25,0,13500,585,-231,152,13500,1514,1450,1677,1678,0,0,0,0,0,0,0,-55,-20,95,57,138,,,,,,,,,,,,,,,,,,,,,,,,,,,,,,,,,,,,,,,,,,,,,,,,,,,,,,,,,,,,,,,,,,,,,,,,,,,
101103,315,-622,-113,9,797,-4373,-6380,-2749,-48,46,0,-4,20,0,13458,561,-262,148,13458,1501,1474,1660,1685,0,0,0,0,0,0,0,-22,-11,1,27,134,,,,,,,,,,,,,,,,,,,,,,,,,,,,,,,,,,,,,,,,,,,,,,,,,,,,,,,,,,,,,,,,,,,,,,,,,,,
101150,-409,-1552,344,-404,1295,-4007,2409,-2749,-20,-69,0,-11,13,0,13543,568,-197,155,13543,1505,1473,1679,1671,0,0,0,0,0,0,0,8,18,-84,-58,140,,,,,,,,,,,,,,,,,,,,,,,,,,,,,,,,,,,,,,,,,,,,,,,,,,,,,,,,,,,,,,,,,,,,,,,,,,,
101203,-480,-904,154,-312,775,-1199,13395,-4458,-48,-47,2,-18,6,0,13500,546,-277,152,13500,1509,1440,1705,1663,0,0,0,0,0,0,0,-13,10,-19,-45,140,,,,,,,,,,,,,,,,,,,,,,,,,,,,,,,,,,,,,,,,,,,,,,,,,,,,,,,,,,,,,,,,,,,,,,,,,,,
101250,-123,-197,134,96,888,-7425,9611,-2139,-265,-17,-2,-55,0,0,13500,545,-264,152,13500,1516,1463,1675,1671,0,0,0,0,0,0,0,-14,-30,-7,59,138,,,,,,,,,,,,,,,,,,,,,,,,,,,,,,,,,,,,,,,,,,,,,,,,,,,,,,,,,,,,,,,,,,,,,,,,,,,
101303,-417,296,143,-93,1372,-23416,3202,-2627,-396,29,-2,-86,0,0,13543,548,-261,155,13543,1497,1476,1682,1672,0,0,0,0,0,0,0,-17,-18,7,15,138,,,,,,,,,,,,,,,,,,,,,,,,,,,,,,,,,,,,,,,,,,,,,,,,,,,,,,,,,,,,,,,,,,,,,,,,,,,
101350,-801,1043,185,-136,1319,-23416,5827,-2932,-390,94,2,-92,0,0,13585,529,-322,159,13585,1503,1465,1700,1653,0,0,0,0,0,0,0,-29,-30,46,29,140,,,,,,,,,,,,,,,,,,,,,,,,,,,,,,,,,,,,,,,,,,,,,,,,,,,,,,,,,,,,,,,,,,,,,,,,,,,
101403,-1419,1673,-371,6,821,-21158,2836,-2993,-403,146,4,-105,0,0,13543,507,-274,155,13543,1524,1443,1691,1665,0,0,0,0,0,0,0,-41,-44,85,45,140,,,,,,,,,,,,,,,,,,,,,,,,,,,,,,,,,,,,,,,,,,,,,,,,,,,,,,,,,,,,,,,,,,,,,,,,,,,
101450,-1452,2205,-365,209,1218,-21463,-2290,-2322,-327,195,2,-90,0,0,13543,465,-362,155,13543,1512,1466,1697,1653,0,0,0,0,0,0,0,-43,-49,92,41,143,,,,,,,,,,,,,,,,,,,,,,,,,,,,,,,,,,,,,,,,,,,,,,,,,,,,,,,,,,,,,,,,,,,,,,,,,,,
101503,-1636,1568,131,-1,961,-12308,-4732,-2505,-28,140,2,-34,0,0,13628,455,-404,163,13628,1472,1507,1694,1662,0,0,0,0,0,0,0,-15,-43,12,12,139,,,,,,,,,,,,,,,,,,,,,,,,,,,,,,,,,,,,,,,,,,,,,,,,,,,,,,,,,,,,,,,,,,,,,,,,,,,
101550,-1224,1205,153,47,901,997,-6013,-1712,96,105,2,-2,0,0,14933,411,-525,284,14933,1539,1496,1693,1689,0,0,0,0,0,0,0,-11,-46,-1,101603,-897,-112,-327,180,1255,9664,-9309,180,67,-6,-2,-2,0,0,14933,387,-433,284,14933,1556,1529,1675,1710,0,0,0,0,0,0,0,5,-37,-52,2,133,,,,,,,,,,,,,,,,,,,,,,,,,,,,,,,,,,,,,,,,,
101650,177,287,-276,80,984,8321,-1497,-2871,162,32,2,35,1,0,14933,388,-442,284,14933,1530,1512,1718,1697,0,0,0,0,0,0,0,-42,-57,75,64,133,,,,,,,,,,,,,,,,,,,,,,,,,,,,,,,,,,,,,,,,,,,,,,,,,,,,,,,,,,,,,,,,,,,,,,,,,,,
101703,671,712,-183,-186,1140,22298,89,-1040,611,62,2,134,0,0,14933,377,-463,284,14933,1509,1557,1709,1687,0,0,0,0,0,0,0,-37,-24,64,-9,135,,,,,,,,,,,,,,,,,,,,,,,,,,,,,,,,,,,,,,,,,,,,,,,,,,,,,,,,,,,,,,,,,,,,,,,,,,,
101750,2251,1150,-570,188,854,46895,-3206,-2505,571,100,0,153,0,0,14978,292,-418,287,14978,1596,1436,1720,1694,0,0,0,0,0,0,0,-51,-32,105,41,140,,,,,,,,,,,,,,,,,,,,,,,,,,,,,,,,,,,,,,,,,,,,,,,,,,,,,,,,,,,,,,,,,,,,,,,,,,,
101803,4444,1712,-62,15,999,48726,-886,-2383,572,97,2,191,-10,0,14933,315,-335,284,14933,1558,1486,1725,1687,0,0,0,0,0,0,0,-45,-27,92,77,137,,,,,,,,,,,,,,,,,,,,,,,,,,,,,,,,,,,,,,,,,,,,,,,,,,,,,,,,,,,,,,,,,,,,,,,,,,,
101850,5662,1489,-245,168,1389,47628,-8943,-735,441,77,0,187,-10,0,14933,321,-212,284,14933,1573,1490,1694,1703,0,0,0,0,0,0,0,-24,11,32,15,139,,,,,,,,,,,,,,,,,,,,,,,,,,,,,,,,,,,,,,,,,,,,,,,,,,,,,,,,,,,,,,,,,,,,,,,,,,,
101903,6747,365,210,-393,1150,47323,7169,-6594,18,14,2,121,-3,0,15022,299,-269,291,15022,1618,1325,1778,1684,0,0,0,0,0,0,0,-8,29,-16,8,135,,,,,,,,,,,,,,,,,,,,,,,,,,,,,,,,,,,,,,,,,,,,,,,,,,,,,,,,,,,,,,,,,,,,,,,,,,,
101950,7012,830,109,116,1190,5330,6620,-1467,-221,55,0,78,-3,0,14933,290,-207,284,14933,1536,1512,1714,1693,0,0,0,0,0,0,0,-1,22,-27,44,135,,,,,,,,,,,,,,,,,,,,,,,,,,,,,,,,,,,,,,,,,,,,,,,,,,,,,,,,,,,,,,,,,,,,,,,,,,,
102003,6211,2360,-299,42,494,-5350,1493,-3665,-388,188,0,30,-3,0,15022,262,-281,291,15022,1551,1466,1746,1692,0,0,0,0,0,0,0,-81,3,192,93,137,,,,,,,,,,,,,,,,,,,,,,,,,,,,,,,,,,,,,,,,,,,,,,,,,,,,,,,,,,,,,,,,,,,,,,,,,,,
102050,5553,1751,-312,62,1300,-18045,516,-1773,-411,142,0,14,-2,0,15067,239,-224,296,15067,1571,1476,1740,1678,0,0,0,0,0,0,0,-31,-1,56,92,138,,,,,,,,,,,,,,,,,,,,,,,,,,,,,,,,,,,,,,,,,,,,,,,,,,,,,,,,,,,,,,,,,,,,,,,,,,,
102103,3391,1169,413,-197,1089,-25125,-6135,1461,-302,98,0,-1,0,0,14978,260,-104,287,14978,1544,1547,1681,1699,0,0,0,0,0,0,0,4,25,-43,-3,137,,,,,,,,,,,,,,,,,,,,,,,,,,,,,,,,,,,,,,,,,,,,,,,,,,,,,,,,,,,,,,,,,,,,,,,,,,,
102150,2114,816,134,45,1115,-20487,6559,-2566,-191,64,2,-1,-1,0,14978,250,-170,287,14978,1550,1483,1742,1681,0,0,0,0,0,0,0,11,10,-60,16,136,,,,,,,,,,,,,,,,,,,,,,,,,,,,,,,,,,,,,,,,,,,,,,,,,,,,,,,,,,,,,,,,,,,,,,,,,,,
102203,913,999,-21,-270,1156,-25064,-3633,1339,-83,87,2,0,0,0,14978,254,-158,287,14978,1536,1555,1706,1675,0,0,0,0,0,0,0,-21,8,31,1,132,,,,,,,,,,,,,,,,,,,,,,,,,,,,,,,,,,,,,,,,,,,,,,,,,,,,,,,,,,,,,,,,,,,,,,,,,,,
102250,500,903,211,-221,1254,-12186,3934,-2139,-50,75,0,-1,0,0,15022,210,-102,291,15022,1558,1482,1744,1676,0,0,0,0,0,0,0,-12,-3,7,20,134,,,,,,,,,,,,,,,,,,,,,,,,,,,,,,,,,,,,,,,,,,,,,,,,,,,,,,,,,,,,,,,,,,,,,,,,,,,
102303,-99,717,-279,-69,1013,-24088,-17122,1705,5,62,0,0,0,0,15022,209,-122,291,15022,1518,1578,1665,1713,0,0,0,0,0,0,0,-12,2,6,-7,131,,,,,,,,,,,,,,,,,,,,,,,,,,,,,,,,,,,,,,,,,,,,,,,,,,,,,,,,,,,,,,,,,,,,,,,,,,,
102350,-540,349,319,-232,997,-10965,-9736,2072,43,30,0,0,0,0,15022,208,-32,291,15022,1549,1553,1689,1687,0,0,0,0,0,0,0,-6,7,-17,-30,132,,,,,,,,,,,,,,,,,,,,,,,,,,,,,,,,,,,,,,,,,,,,,,,,,,,,,,,,,,,,,,,,,,,,,,,,,,,
102403,48,84,-407,440,1138,-2115,-11934,1889,-11,3,2,-1,0,0,15067,233,66,296,15067,157102450,-229,-114,-525,342,1214,-3458,-2290,607,13,-10,2,-1,0,0,15022,196,68,291,15022,1558,1526,1700,1689,0,0,0,0,0,0,0,-19,-9,8,11,132,,,,,,,,,,,,,,,,,,,,,,,,,,,,,,,,,,,,,,,,,,,,,,,,,,,,,,,
102503,-149,45,-82,-8,1035,-4739,-5952,2011,180,3,0,33,0,0,15022,225,136,291,15022,1517,1584,1688,1687,0,0,0,0,0,0,0,-28,-4,32,-4,130,,,,,,,,,,,,,,,,,,,,,,,,,,,,,,,,,,,,,,,,,,,,,,,,,,,,,,,,,,,,,,,,,,,,,,,,,,,
102550,-100,-183,-325,111,919,7161,-12788,1034,490,-92,2,96,-15,0,15022,247,228,291,15022,1537,1555,1667,1716,0,0,0,0,0,0,0,-29,-2,29,-9,137,,,,,,,,,,,,,,,,,,,,,,,,,,,,,,,,,,,,,,,,,,,,,,,,,,,,,,,,,,,,,,,,,,,,,,,,,,,
102603,757,-635,299,173,795,37679,700,-2017,583,-191,0,129,-27,0,14623,271,304,255,14623,1563,1457,1696,1708,0,0,0,0,0,0,0,-9,-16,-25,47,137,,,,,,,,,,,,,,,,,,,,,,,,,,,,,,,,,,,,,,,,,,,,,,,,,,,,,,,,,,,,,,,,,,,,,,,,,,,
102650,2191,-515,5,-16,998,38106,10221,2011,527,-310,4,143,-53,0,13628,299,271,163,13628,1551,1482,1663,1651,0,0,0,0,0,0,0,-10,0,-20,34,136,,,,,,,,,,,,,,,,,,,,,,,,,,,,,,,,,,,,,,,,,,,,,,,,,,,,,,,,,,,,,,,,,,,,,,,,,,,
102703,3982,342,-24,241,1001,39571,24198,1034,165,-273,-2,102,-60,0,13500,314,296,152,13500,1589,1407,1698,1625,0,0,0,0,0,0,0,-29,-12,45,97,140,,,,,,,,,,,,,,,,,,,,,,,,,,,,,,,,,,,,,,,,,,,,,,,,,,,,,,,,,,,,,,,,,,,,,,,,,,,
102750,4531,353,74,63,910,11739,22367,3475,0,-311,0,78,-68,0,13543,324,310,155,13543,1531,1519,1656,1638,0,0,0,0,0,0,0,2,1,-26,76,130,,,,,,,,,,,,,,,,,,,,,,,,,,,,,,,,,,,,,,,,,,,,,,,,,,,,,,,,,,,,,,,,,,,,,,,,,,,
102803,3936,404,18,220,1110,-6082,17606,2072,-200,-338,-2,28,-74,0,13458,341,288,148,13458,1533,1491,1656,1651,0,0,0,0,0,0,0,15,10,-46,48,138,,,,,,,,,,,,,,,,,,,,,,,,,,,,,,,,,,,,,,,,,,,,,,,,,,,,,,,,,,,,,,,,,,,,,,,,,,,
102850,2709,1847,2,-72,1079,-16947,15348,5184,-236,-212,0,0,-74,0,13458,436,403,148,13458,1523,1550,1638,1628,0,0,0,0,0,0,0,-19,23,65,3,136,,,,,,,,,,,,,,,,,,,,,,,,,,,,,,,,,,,,,,,,,,,,,,,,,,,,,,,,,,,,,,,,,,,,,,,,,,,
102903,1549,2055,-143,-7,1015,-16336,23222,3781,-138,-166,2,0,-69,0,13458,393,362,148,13458,1519,1536,1675,1602,0,0,0,0,0,0,0,16,35,-11,-37,140,,,,,,,,,,,,,,,,,,,,,,,,,,,,,,,,,,,,,,,,,,,,,,,,,,,,,,,,,,,,,,,,,,,,,,,,,,,
102950,1317,2773,-300,63,1017,-10477,21390,3598,-125,-75,0,-2,-63,0,13500,377,190,152,13500,1531,1524,1671,1614,0,0,0,0,0,0,0,-4,2,62,40,137,,,,,,,,,,,,,,,,,,,,,,,,,,,,,,,,,,,,,,,,,,,,,,,,,,,,,,,,,,,,,,,,,,,,,,,,,,,
103003,1594,3315,37,293,608,-13468,3873,5062,-250,37,0,-22,-50,0,13500,366,124,152,13500,1552,1526,1631,1635,0,0,0,0,0,0,0,2,-25,55,106,136,,,,,,,,,,,,,,,,,,,,,,,,,,,,,,,,,,,,,,,,,,,,,,,,,,,,,,,,,,,,,,,,,,,,,,,,,,,
103050,558,3086,350,-210,1139,-18656,-5952,2621,-153,77,2,-20,-38,0,13458,353,63,148,13458,1516,1529,1647,1644,0,0,0,0,0,0,0,36,22,-35,-35,139,,,,,,,,,,,,,,,,,,,,,,,,,,,,,,,,,,,,,,,,,,,,,,,,,,,,,,,,,,,,,,,,,,,,,,,,,,,
103103,130,2390,-358,87,1273,-7547,2103,1705,-116,51,0,-20,-31,0,13458,408,105,148,13458,1531,1502,1680,1622,0,0,0,0,0,0,0,21,8,2,-8,133,,,,,,,,,,,,,,,,,,,,,,,,,,,,,,,,,,,,,,,,,,,,,,,,,,,,,,,,,,,,,,,,,,,,,,,,,,,
103150,238,1842,-588,269,1264,-12430,-4487,3781,-125,7,-2,-20,-30,0,13458,381,127,148,13458,1511,1549,1626,1651,0,0,0,0,0,0,0,14,-10,20,38,139,,,,,,,,,,,,,,,,,,,,,,,,,,,,,,,,,,,,,,,,,,,,,,,,,,,,,,,,,,,,,,,,,,,,,,,,,,,
103203,817,1071,207,255,662,-9866,-6318,3536,-120,-49,0,-9,-28,0,13500,359,-59,152,13500,1546,1517,1631,1648,0,0,0,0,0,0,0,33,-39,-36,107,138,,,,,,,,,,,,,,,,,,,,,,,,,,,,,,,,,,,,,,,,,,,,,,,,,,,,,,,,,,,,,,,,,,,,,,,,,,,
103250,1263,854,128,266,421,-5350,-703,1766,-134,-26,0,-4,-20,0,13458,409,-91,148,13458,1544,1490,1671,1623,0,0,0,0,0,0,0,32,-41,-39,109,137,,,,,,,,,,,,,,,,,,,,,,,,,,,,,,,,,,,,,,,,,,,,,,,,,,,,,,,,,,,,,,,,,,,,,,,,,,,
103303,894,434,187,-14,1051,-1138,-1069,2804,-98,-38,2,-4,-15,0,13500,376,-55,152,13500,1553,1502,1652,1630,0,0,0,0,0,0,0,20,-14,-9,30,135,,,,,,,,,,,,,,,,,,,,,,,,,,,,,,,,,,,,,,,,,,,,,,,,,,,,,,,,,,,,,,,,,,,,,,,,,,,
103350,149,355,-61,312,1315,-6876,-2839,3292,-30,-42,2,-3,-14,0,13458,378,-43,148,13458,1541,1524,1642,1632,0,0,0,0,0,0,0,6,-10,26,11,134,,,,,,,,,,,,,,,,,,,,,,,,,,,,,,,,,,,,,,,,,,,,,,,,,,,,,,,,,,,,,,,,,,,,,,,,,,,
103403,-939,-22,-321,-224,1026,-5411,-7173,3781,242,-50,0,32,-9,0,13500,378,0,152,13500,1518,1557,1634,1635,0,0,0,0,0,0,0,5,14,25,-62,134,,,,,,,,,,,,,,,,,,,,,,,,,,,,,,,,,,,,,,,,,,,,,,,,,,,,,,,,,,,,,,,,,,,,,,,,,,,
103450,-1744,-1743,419,-450,715,15706,-7844,1095,375,-208,0,44,-11,0,13500,373,-42,152,13500,1541,1497,1630,1669,0,0,0,0,0,0,0,79,48,-180,-147,143,,,,,,,,,,,,,,,,,,,,,,,,,,,,,,,,,,,,,,,,,,,,,,,,,,,,,,,,,,,,,,,,,,,,,,,,,,,
103503,-505,-2208,117,-96,854,24373,5704,4147,386,-273,0,68,-16,0,13500,346,-90,152,13500,1547,1533,1627,1630,0,0,0,0,0,0,0,38,3,-70,-3,136,,,,,,,,,,,,,,,,,,,,,,,,,,,,,,,,,,,,,,,,,,,,,,,,,,,,,,,,,,,,,,,,,,,,,,,,,,,
103550,32,-2020,-31,120,817,22664,11259,4269,447,-284,4,90,-21,0,13500,372,-159,152,13500,1532,1559,1623,1632,0,0,0,0,0,0,0,39,21,-66,-33,138,,,,,,,,,,,,,,,,,,,,,,,,,,,,,,,,,,,,,,,,,,,,,,,,,,,,,,,,,,,,,,,,,,,,,,,,,,,
103603,1280,-426,-362,202,832,27059,12113,2865,349,-145,0,92,-21,0,13500,368,-94,152,13500,1563,1505,1653,1620,0,0,0,0,0,0,0,9,9,28,22,135,,,,,,,,,,,,,,,,,,,,,,,,,,,,,,,,,,,,,,,,,,,,,,,,,,,,,,,,,,,,,,,,,,,,,,,,,,,
103650,2314,81,-186,-134,1181,23641,13273,1217,213,-97,-2,83,-20,0,13500,429,-5,152,13500,1565,1478,1671,1621,0,0,0,0,0,0,0,16,18,19,19,136,,,,,,,,,,,,,,,,,,,,,,,,,,,,,,,,,,,,,,,,,,,,,,,,,,,,,,,,,,,,,,,,,,,,,,,,,,,
103703,3324,214,-273,85,1063,25350,10892,1889,-38,-30,0,50,-9,0,14404,340,-99,235,14404,1609,1479,1684,1627,0,0,0,0,0,0,0,27,12,-3,54,134,,,,,,,,,,,,,,,,,,,,,,,,,,,,,,,,,,,,,,,,,,,,,,,,,,,,,,,,,,,,,,,,,,,,,,,,,,,
103750,3087,256,-331,224,1348,1241,3751,3414,-150,8,0,23,-2,0,14978,351,-180,287,14978,1600,1555,1676,1651,0,0,0,0,0,0,0,27,28,-2,16,133,,,,,,,,,,,,,,,,,,,,,,,,,,,,,,,,,,,,,,,,,,,,,,,,,,,,,,,,,,,,,,,,,,,,,,,,,,,
103803,2336,313,20,123,1079,1363,6132,973,-127,20,0,15,-1,0,14978,321,-140,287,14978,1607,1514,1705,1647,0,0,0,0,0,0,0,17,24,27,22,131,,,,,,,,,,,,,,,,,,,,,,,,,,,,,,,,,,,,,,,,,,,,,,,,,,,,,,,,,,,,,,,,,,,,,,,,,,,
103850,2258,-262,440,-259,1424,2584,6620,-369,-183,-33,0,2,-2,0,14978,296,-237,287,14978,1606,1498,1705,1664,0,0,0,0,0,0,0,50,32,-61,2,135,,,,,,,,,,,,,,,,,,,,,,,,,,,,,,,,,,,,,,,,,,,,,,,,,,,,,,,,,,,,,,,,,,,,,,,,,,,
103903,1762,222,197,230,1219,-10904,3202,1644,-143,15,-2,2,0,0,15022,346,-173,291,15022,1558,1577,1681,1667,0,0,0,0,0,0,0,51,38,-60,-17,136,,,,,,,,,,,,,,,,,,,,,,,,,,,,,,,,,,,,,,,,,,,,,,,,,,,,,,,,,,,,,,,,,,,,,,,,,,,
103950,851,770,-287,-237,1381,-467,13761,-2566,-70,63,0,0,0,0,15022,325,18,291,15022,1576,1500,1732,1661,0,0,0,0,0,0,0,21,44,30,-39,132,,,,,,,,,,,,,,,,,,,,,,,,,,,,,,,,,,,,,,,,,,,,,,,,,,,,,,,,,,,,,,,,,,,,,,,,,,,
104003,1215,1122,172,-10,1163,5330,1005,546,-102,94,0,0,0,0,15022,308,-88,291,15022,1589,1530,1678,1683,0,0,0,0,0,0,0,27,19,18,27,130,,,,,,,,,,,,,,,,,,,,,,,,,,,,,,,,,,,,,,,,,,,,,,,,,,,,,,,,,,,,,,,,,,,,,,,,,,,
104050,515,857,-363,109,1186,-2481,1066,-1406,-48,71,2,0,0,0,15022,310,-61,291,15022,1584,1508,1706,1675,0,0,0,0,0,0,0,30,30,8,-6,130,,,,,,,,,,,,,,,,,,,,,,,,,,,,,,,,,,,,,,,,,,,,,,,,,,,,,,,,,,,,,,,,,,,,,,,,,,,
104103,153,507,175,-87,794,-711,-703,-857,-20,40,0,-1,0,0,15022,275,-74,291,15022,1575,1523,1696,1682,0,0,0,0,0,0,0,33,20,-1,12,128,,,,,,,,,,,,,,,,,,,,,,,,,,,,,,,,,,,,,,,,,,,,,,,,,,,,,,,,,,,,,,,,,,,,,,,,,,,
104150,555,714,-477,273,1050,-2664,-3816,-3237,-55,58,2,-1,0,0,15067,280,-123,296,15067,1569,1498,1717,1689,0,0,0,0,0,0,0,10,0,55,61,133,,,,,,,,,,,,,,,,,,,,,,,,,,,,,,,,,,,,,,,,,,,,,,,,,,,,,,,,,,,,,,,,,,,,,,,,,,,
104203,505,557,127,-100,845,-12125,-6624,-4092,-58,128,0,-2,16,0,14978,301,7,287,14978,1516,1532,1718,1696,0,0,0,0,0,0,0,20,11,23,27,133,,,,,,,,,,,,,,,,,,,,,,,,,,,,,,,,,,,,,,,,,,,,,,,,,,,,,,,,,,,,,,,,,,,,,,,,,,,
104250,23,283,-162,-111,1163,-13040,-21699,-125,-16,485,0,-2,92,0,14933,315,63,284,14933,1528,1571,1696,1674,0,0,0,0,0,0,0,18,28,17,-27,136,,,,,,,,,,,,,,,,,,,,,,,,,,,,,,,,,,,,,,,,,,,,,,,,,,,,,,,,,,,,,,,,,,,,,,,,,,,
104303,253,-275,-6,-164,1084,-4617,-38240,-3665,-11,614,0,2,127,0,14978,366,134,287,14978,1544,1505,1699,1715,0,0,0,0,0,0,0,-9,0,67,43,135,,,,,,,,,,,,,,,,,,,,,,,,,,,,,,,,,,,,,,,,,,,,,,,,,,,,,,,,,,,,,,,,,,,,,,,,,,,
104350,199,-1749,-360,89,1323,-1810,-46602,-2200,55,699,0,14,170,0,14933,270,-10,284,14933,1553,1512,1691,1706,0,0,0,0,0,0,0,-3,13,17,4,136,,,,,,,,,,,,,,,,,,,,,,,,,,,,,,,,,,,,,,,,,,,,,,,,,,,,,,,,,,,,,,,,,,,,,,,,,,,
104403,804,-3443,-175,199,981,3560,-48616,-3115,-17,495,-2,10,159,0,14978,305,120,287,14978,1559,1487,1681,1728,0,0,0,0,0,0,0,-16,-9,8,68,138,,,,,,,,,,,,,,,,,,,,,,,,,,,,,,,,,,,,,,,,,,,,,,,,,,,,,,,,,,,,,,,,,,,,,,,,,,,
104450,847,-4053,-592,329,628,-9134,-41841,-3054,-18,274,2,11,125,0,14889,332,99,280,14889,1507,1538,1687,1719,0,0,0,0,0,0,0,-75,-17,126,86,140,,,,,,,,,,,,,,,,,,,,,,,,,,,,,,,,,,,,,,,,,,,,,,,,,,,,,,,,,,,,,,,,,,,,,,,,,,,
104503,206,-4392,80,-49,964,-16275,-36104,-308,30,87,0,9,94,0,14889,331,142,280,14889,1519,1564,1655,1723,0,0,0,0,0,0,0,-56,1,45,22,132,,,,,,,,,,,,,,,,,,,,,,,,,,,,,,,,,,,,,,,,,,,,,,,,,,,,,,,,,,,,,,,,,,,,,,,,,,,
104550,-60,-4643,-77,70,957,-8585,-20418,-979,61,-80,2,11,64,0,14844,292,105,276,14844,1529,1543,1667,1717,0,0,0,0,0,0,0,-34,2,-28,18,134,,,,,,,,,,,,,,,,,,,,,,,,,,,,,,,,,,,,,,,,,,,,,,,,,,,,,,,,,,,,,,,,,,,,,,,,,,,
104603,442,-4175,79,47,763,3072,8695,-2810,3,-273,0,8,18,0,14844,319,89,276,14844,1559,1483,1705,1705,0,0,0,0,0,0,0,-27,-10,-46,52,131,,,,,,,,,,,,,,,,,,,,,,,,,,,,,,,,,,,,,,,,,,,,,,,,,,,,,,,,,,,,,,,,,,,,,,,,,,,
104650,175,-2721,-141,-2,1036,-7364,3995,-1406,23,-206,2,7,6,0,14889,286,14,280,14889,1519,1542,1681,1712,0,0,0,0,0,0,0,-57,9,41,-4,132,,,,,,,,,,,,,,,,,,,,,,,,,,,,,,,,,,,,,,,,,,,,,,,,,,,,,,,,,,,,,,,,,,,,,,,,,,,
104703,303,-2077,300,8,1014,-345,5216,-3421,-16,-156,2,2,4,0,14844,288,134,276,14844,1537,1495,1714,1706,0,0,0,0,0,0,0,-39,-7,-5,34,132,,,,,,,,,,,,,,,,,,,,,,,,,,,,,,,,,,,,,,,,,,,,,,,,,,,,,,,,,,,,,,,,,,,,,,,,,,,
104750,334,-884,368,-174,1023,-7425,5460,-2810,-57,-56,2,-5,4,0,14844,361,150,276,14844,1525,1513,1721,1691,0,0,0,0,0,0,0,-44,8,14,-15,135,,,,,,,,,,,,,,,,,,,,,,,,,,,,,,,,,,,,,,,,,,,,,,,,,,,,,,,,,,,,,,,,,,,,,,,,,,,
104803,182,-16,-228,387,1244,-1322,4728,-3176,-96,15,0,-16,3,0,14844,327,145,276,14844,1564,1464,1719,1700,0,0,0,0,0,0,0,-46,-3,27,13,134,,,,,,,,,,,,,,,,,,,,,,,,,,,,,,,,,,,,,,,,,,,,,,,,,,,,,,,,,,,,,,,,,,,,,,,,,,,
104850,517,18,28,426,796,-2481,-1619,-2017,-128,8,0,-16,1,0,14889,372,199,280,14889,1556,1489,1695,1713,0,0,0,0,0,0,0,-33,-31,-5,85,132,,,,,,,,,,,,,,,,,,,,,,,,,,,,,,,,,,,,,,,,,,,,,,,,,,,,,,,,,,,,,,,,,,,,,,,,,,,
104903,821,458,-446,208,879,-1016,13029,-3665,-183,43,2,-22,0,0,14933,379,143,284,14933,1562,1458,1759,1666,0,0,0,0,0,0,0,-68,-33,93,88,136,,,,,,,,,,,,,,,,,,,,,,,,,,,,,,,,,,,,,,,,,,,,,,,,,,,,,,,,,,,,,,,,,,,,,,,,,,,
104950,1018,953,-182,283,694,-223,4240,119,-221,72,2,-26,-2,0,14933,348,151,284,14933,1591,1482,1706,1681,0,0,0,0,0,0,0,-64,-47,88,119,135,,,,,,,,,,,,,,,,,,,,,,,,,,,,,,,,,,,,,,,,,,,,,,,,,,,,,,,,,,,,,,,,,,,,,,,,,,,
105003,485,496,-143,56,1195,-6998,944,-1712,-192,53,2,-30,2,0,14889,357,182,280,14889,1553,1498,1712,1696,0,0,0,0,0,0,0,-26,-17,-13,30,135,,,,,,,,,,,,,,,,,,,,,,,,,,,,,,,,,,,,,,,,,,,,,,,,,,,,,,,,,,,,,,,,,,,,,,,,,,,
105050,182,636,-136,336,1082,-2847,4362,-2139,-193,62,-2,-35,1,0,14889,373,142,280,14889,1578,1458,1727,1689,0,0,0,0,0,0,0,-40,-26,26,45,137,,,,,,,,,,,,,,,,,,,,,,,,,,,,,,,,,,,,,,,,,,,,,,,,,,,,,,,,,,,,,,,,,,,,,,,,,,,
105103,-424,744,-21,-168,1013,-11942,-4609,973,-144,68,0,-36,0,0,14889,467,312,280,14889,1553,1533,1692,1686,0,0,0,0,0,0,0,-34,-7,10,-14,137,,,,,,,,,,,,,,,,,,,,,,,,,,,,,,,,,,,,,,,,,,,,,,,,,,,,,,,,,,,,,,,,,,,,,,,,,,,
105150,-238,842,56,-157,1303,-3153,5521,-491,-157,73,0,-35,0,0,14844,429,277,276,14844,1568,1491,1726,1665,0,0,0,0,0,0,0,-40,-18,26,10,135,,,,,,,,,,,,,,,,,,,,,,,,,,,,,,,,,,,,,,,,,,,,,,,,,,,,,,,,,,,,,,,,,,,,,,,,,,,
105203,73,565,-208,131,883,-8768,-2534,-369,-180,49,2,-34,0,0,14889,445,215,280,14889,1552,1513,1700,1690,0,0,0,0,0,0,0,-34,-33,14,48,134,,,,,,,,,,,,,,,,,,,,,,,,,,,,,,,,,,,,,,,,,,,,,,,,,,,,,,,,,,,,,,,,,,,,,,,,,,,
105250,-98,775,-222,-165,1281,-11148,578,-186,-138,71,2,-29,0,0,14933,452,325,284,14933,1544,1525,1704,1684,0,0,0,0,0,0,0,-35,-17,21,4,135,,,,,,,,,,,,,,,,,,,,,,,,,,,,,,,,,,,,,,,,,,,,,,,,,,,,,,,,,,,,,,,,,,,,,,,,,,,
105303,-550,177,62,-59,695,-8157,-2351,790,-63,19,2,-22,0,0,14844,493,195,276,14844,1541,1541,1680,1697,0,0,0,0,0,0,0,-3,0,-60,-46,131,,,,,,,,,,,,,,,,,,,,,,,,,,,,,,,,,,,,,,,,,,,,,,,,,,,,,,,,,,,,,,,,,,,,,,,,,,,
105350,184,639,-349,150,582,-6021,-4182,1461,-96,59,2,-16,0,0,14317,495,201,228,14317,1542,1522,1677,1671,0,0,0,0,0,0,0,-50,-38,69,57,134,,,,,,,,,,,,,,,,,,,,,,,,,,,,,,,,,,,,,,,,,,,,,,,,,,,,,,,,,,,,,,,,,,,,,,,,,,,
105403,616,112,335,-248,1032,-8341,2103,-2139,-43,-143,0,2,-30,0,12956,501,224,100,1105450,362,288,-21,-105,864,-16824,-4793,3170,31,-334,0,12,-71,0,12100,500,139,15,12100,1446,1520,1569,1661,0,0,0,0,0,0,0,-22,-19,-3,-2,136,,,,,,,,,,,,,,,,,,,,,,,,,,,,,,,,,,,,,,,,,,,,,,,,,,,,,,,,
105503,158,558,-340,-92,786,-5899,21207,729,237,-548,2,50,-119,0,12100,508,8,15,12100,1459,1473,1645,1616,0,0,0,0,0,0,0,-33,-19,39,-7,134,,,,,,,,,,,,,,,,,,,,,,,,,,,,,,,,,,,,,,,,,,,,,,,,,,,,,,,,,,,,,,,,,,,,,,,,,,,
105550,-46,689,309,-122,818,9603,25663,3048,136,-672,-2,26,-146,0,11980,471,36,4,11980,1525,1430,1592,1636,0,0,0,0,0,0,0,18,-16,-76,-11,136,105603,-7,1659,145,-160,1067,8199,33659,973,98,-553,2,19,-139,0,12180,484,-18,24,12180,1488,1443,1646,1604,0,0,0,0,0,0,0,21,-9,-52,-19,135,,,,,,,,,,,,,,,,,,,,,,,,,,,,,,,,,,,,,,,
105650,979,2602,237,-72,709,10152,35612,912,15,-327,2,20,-111,0,12100,517,-42,15,12100,1498,1439,1657,1598,0,0,105703,859,3743,-387,-37,590,-2054,13944,2316,19,-43,2,18,-74,0,12463,500,-115,51,12105750,-29,2957,81,-17,507,12227,14982,790,93,-52,-2,18,-62,0,13290,491,-163,132,13290,1552,1418,1678,1610,0,0,0,0,0,0,0,43,5,-47,-47,134,,,,,,,,,,,,,,,,,,,,,,,,,,,,,,
105803,869,2753,-299,-45,1015,14669,15226,2682,4,34,0,16,-41,0,13332,520,-211,136,13332,1564,1471,1682,1604,0,0,0,0,0,0,0,25,-8,12,0,133,,,,,,,,,,,,,,,,,,,,,,,,,,,,,,,,,,,,,,,,,,,,,,,,,,,,,,,,,,,,,,,,,,,,,,,,,,,
105850,993,2375,18,-64,993,20,-2229,2682,59,57,0,29,-30,0,13416,442,-290,143,13416,1514,1528,1640,1650,0,0,0,0,0,0,0,26,2,13,-25,129,,,,,,,,,,,,,,,,,,,,,,,,,,,,,,,,,,,,,,,,,,,,,,,,,,,,,,,,,,,,,,,,,,,,,,,,,,,
105903,909,1178,117,58,1077,20528,-6257,-369,46,53,-2,25,-9,0,13500,425,-412,152,13500,1587,1398,1669,1660,0,0,0,0,0,0,0,40,5,-29,-26,134,,,,,,,,,,,,,,,,,,,,,,,,,,,,,,,,,,,,,,,,,,,,,,,,,,,,,,,,,,,,,,,,,,,,,,,,,,,
105950,1980,33,246,-189,1037,12105,-11873,2865,-82,0,2,18,0,0,13500,411,-458,152,13500,1551,1500,1629,1659,0,0,0,0,0,0,0,52,-3,-70,16,134,,,,,,,,,,,,,,,,,,,,,,,,,,,,,,,,,,,,,,,,,,,,,,,,,,,,,,,,,,,,,,,,,,,,,,,,,,,
106003,2224,-158,160,23,781,692,-3694,424,-99,-17,2,18,0,0,13543,417,-531,155,13543,1538,1483,1669,1651,0,0,0,0,0,0,0,38,0,-38,14,130,,,,,,,,,,,,,,,,,,,,,,,,,,,,,,,,,,,,,,,,,,,,,,,,,,,,,,,,,,,,,,,,,,,,,,,,,,,
106050,3161,606,-120,259,385,8870,-825,424,-185,49,0,18,0,0,13927,339,-582,192,13927,1589,1441,1692,1642,0,0,0,0,0,0,0,-5,-43,75,138,133,,,,,,,,,,,,,,,,,,,,,,,,,,,,,,,,,,,,,,,,,,,,,,,,,,,,,,,,,,,,,,,,,,,,,,,,,,,
106103,3163,675,-414,-158,1283,6063,-7600,-125,-188,51,0,17,-1,0,15022,318,-611,291,15022,1583,1503,1685,1702,0,0,0,0,0,0,0,16,8,11,5,134,,,,,,,,,,,,,,,,,,,,,,,,,,,,,,,,,,,,,,,,,,,,,,,,,,,,,,,,,,,,,,,,,,,,,,,,,,,
106150,2664,-64,-382,179,1130,-6937,-8943,-918,-155,-9,2,15,0,0,15022,321,-506,291,15022,1568,1510,1695,1698,0,0,0,0,0,0,0,4,-7,36,44,134,,,,,,,,,,,,,,,,,,,,,,,,,,,,,,,,,,,,,,,,,,,,,,,,,,,,,,,,,,,,,,,,,,,,,,,,,,,
106203,2080,-131,276,-144,1140,875,211,180,-132,-18,2,9,-1,0,15022,320,-446,291,15022,1590,1502,1701,1680,0,0,0,0,0,0,0,25,10,-23,-8,133,,,,,,,,,,,,,,,,,,,,,,,,,,,,,,,,,,,,,,,,,,,,,,,,,,,,,,,,,,,,,,,,,,,,,,,,,,,
106250,1678,261,-207,84,816,8199,28,-186,-104,15,2,8,-1,0,15067,299,-439,296,15067,1621,1462,1708,1678,0,0,0,0,0,0,0,5,10,31,-5,128,,,,,,,,,,,,,,,,,,,,,,,,,,,,,,,,,,,,,,,,,,,,,,,,,,,,,,,,,,,,,,,,,,,,,,,,,,,
106303,1683,566,22,-206,1321,-528,-8882,1339,-108,45,0,7,0,0,14978,231,-423,287,14978,1582,1525,1676,1691,0,0,0,0,0,0,0,4,4,30,14,130,,,,,,,,,,,,,,,,,,,,,,,,,,,,,,,,,,,,,,,,,,,,,,,,,,,,,,,,,,,,,,,,,,,,,,,,,,,
106350,1800,598,-9,-45,1009,-9073,-10896,729,-118,52,0,7,0,0,14933,200,-503,284,14933,1577,1522,1678,1695,0,0,0,0,0,0,0,-4,0,49,23,131,,,,,,,,,,,,,,,,,,,,,,,,,,,,,,,,,,,,,,,,,,,,,,,,,,,,,,,,,,,,,,,,,,,,,,,,,,,
106403,1111,557,-434,64,1464,-5594,-7539,-1834,-58,48,2,7,0,0,14978,145,-547,287,14978,1564,1499,1701,1700,0,0,0,0,0,0,0,-21,-1,89,22,134,,,,,,,,,,,,,,,,,,,,,,,,,,,,,,,,,,,,,,,,,,,,,,,,,,,,,,,,,,,,,,,,,,,,,,,,,,,
106450,19,-596,-118,-21,1047,-5167,-10896,-247,36,-55,0,7,0,0,15022,156,-413,291,15022,1579,1507,1679,1708,0,0,0,0,0,0,0,16,15,-22,-29,135,,,,,,,,,,,,,,,,,,,,,,,,,,,,,,,,,,,,,,,,,,,,,,,,,,,,,,,,,,,,,,,,,,,,,,,,,,,
106503,59,-646,112,-131,1172,-711,6742,790,26,-59,2,6,0,0,14978,144,-358,287,14978,1579,1522,1707,1663,0,0,0,0,0,0,0,3,-4,11,21,128,,,,,,,,,,,,,,,,,,,,,,,,,,,,,,,,,,,,,,,,,,,,,,,,,,,,,,,,,,,,,,,,,,,,,,,,,,,
106550,-223,69,322,-294,854,-1199,4118,57,43,6,0,4,0,0,15022,137,-262,291,15022,1573,1518,1692,1688,0,0,0,0,0,0,0,13,22,-10,-56,128,,,,,,,,,,,,,,,,,,,,,,,,,,,,,,,,,,,,,,,,,,,,,,,,,,,,,,,,,,,,,,,,,,,,,,,,,,,
106603,-165,-55,-141,-62,911,9969,-13765,4879,101,-4,0,17,0,0,14978,152,-173,287,14978,1618,1540,1628,1694,0,0,0,0,0,0,0,5,15,0,-35,132,,,,,,,,,,,,,,,,,,,,,,,,,,,,,,,,,,,,,,,,,,,,,,,,,,,,,,,,,,,,,,,,,,,,,,,,,,,
106650,-148,-771,-66,-134,1098,12593,-10408,3231,128,-98,-2,23,-6,0,14978,87,-98,287,14978,1623,1511,1668,1673,0,0,0,0,0,0,0,0,19,2,-38,136,,,,,,,,,,,,,,,,,,,,,,,,,,,,,,,,,,,,,,,,,,,,,,,,,,,,,,,,,,,,,,,,,,,,,,,,,,,
106703,399,-411,137,-161,952,19063,8207,3353,83,-67,2,23,-6,0,14978,129,1,287,14978,1635,1505,1693,1645,0,0,0,0,0,0,0,4,20,-7,-27,130,,,,,,,,,,,,,,,,,,,,,,,,,,,,,,,,,,,,,,,,,,,,,,,,,,,,,,,,,,,,,,,,,,,,,,,,,,,
106750,2070,541,-29,566,1047,3560,2958,5001,-58,12,0,24,-6,0,15022,128,14,291,15022,1599,1567,1647,1670,0,0,0,0,0,0,0,-11,-33,45,131,133,,,,,,,,,,,,,,,,,,,,,,,,,,,,,,,,,,,,,,,,,,,,,,,,,,,,,,,,,,,,,,,,,,,,,,,,,,,
106803,1912,6,-159,363,1269,-7425,-337,5368,-44,-34,2,24,-6,0,14978,112,60,287,14978,1594,1580,1637,1672,0,0,0,0,0,0,0,25,-5,-52,59,132,,,,,,,,,,,,,,,,,,,,,,,,,,,,,,,,,,,,,,,,,,,,,,,,,,,,,,,,,,,,,,,,,,,,,,,,,,,
106850,1503,1055,-450,-24,745,4720,639,4391,141,32,0,54,-11,0,14978,145,222,287,14978,1614,1546,1659,1662,0,0,0,0,0,0,0,-37,13,124,7,133,,,,,,,,,,,,,,,,,,,,,,,,,,,,,,,,,,,,,,,,,,,,,,,,,,,,,,,,,,,,,,,,,,,,,,,,,,,
106903,1797,1087,238,-209,1164,13265,1127,1095,195,4,2,70,-18,0,15022,165,242,291,15022,1609,1511,1680,1678,0,0,0,0,0,0,0,0,8,29,31,132,,,,,,,,,,,,,,,,,,,,,,,,,,,,,,,,,,,,,,,,,,,,,,,,,,,,,,,,,,,,,,,,,,,,,,,,,,,
106950,2888,2007,-305,649,337,3682,-3938,3109,128,53,0,76,-24,0,15022,200,235,291,15022,1596,1553,1661,1674,0,0,0,0,0,0,0,-47,-40,158,172,138,,,,,,,,,,,,,,,,,,,,,,,,,,,,,,,,,,,,,,,,,,,,,,,,,,,,,,,,,,,,,,,,,,,,,,,,,,,
107003,4067,1960,54,134,1175,12899,-154,912,-9,48,2,69,-24,0,15022,181,197,291,15022,1612,1508,1685,1672,0,0,0,0,0,0,0,-1,3,32,68,130,,,,,,,,,,,,,,,,,,,,,,,,,,,,,,,,,,,,,,,,,,,,,,,,,,,,,,,,,,,,,,,,,,,,,,,,,,,
107050,3752,1508,204,271,1075,-7974,-4060,2804,-303,121,0,4,-2,0,14933,189,242,28107103,2006,700,-280,230,1067,-18472,1798,-247,-161,47,0,2,-2,0,15022,202,393,291,15022,1578,1526,1706,1659,0,0,0,0,0,0,0,12,19,-3,11,134,,,,,,,,,,,,,,,,,,,,,,,,,,,,,,,,,,,,,,,,,,,,,,,,,,,,,,,,,
107150,736,774,33,-130,1404,-13101,9306,-552,-50,53,0,2,-2,0,14978,263,479,287,14978,1586,1514,1703,1668,0,0,0,0,0,0,0,16,24,-10,-13,133,,,,,,,,,,,,,,,,,,,,,,,,,,,,,,,,,,,,,,,,,,,,,,,,,,,,,,,,,,,,,,,,,,,,,,,,,,,
107203,252,1191,-84,287,934,-20120,-4732,2133,-11,96,2,2,-1,0,14535,275,498,248,14535,1546,1573,1647,1674,0,0,0,0,0,0,0,2,4,32,27,130,,,,,,,,,,,,,,,,,,,,,,,,,,,,,,,,,,,,,,,,,,,,,,,,,,,,,,,,,,,,,,,,,,,,,,,,,,,
107250,-457,1023,-127,171,1310,-16702,-5769,790,11,85,0,-5,0,0,13628,298,485,163,13628,1549,1504,1648,1651,0,0,0,0,0,0,0,8,1,12,18,131,,,,,,,,,,,,,,,,,,,,,,,,,,,,,,,,,,,,,,,,,,,,,,,,,,,,,,,,,,,,,,,,,,,,,,,,,,,
107303,-717,1035,-223,53,811,-6387,-398,-308,38,86,0,-4,0,0,13628,325,494,163,13628,1553,1485,1677,1636,0,0,0,0,0,0,0,-4,1,48,11,129,,,,,,,,,,,,,,,,,,,,,,,,,,,,,,,,,,,,,,,,,,,,,,,,,,,,,,,,,,,,,,,,,,,,,,,,,,,
107350,-482,611,30,-41,968,-467,1127,-1467,17,49,0,-4,0,0,13543,378,481,155,13543,1546,1467,1679,1642,0,0,0,0,0,0,0,13,4,-2,4,126,,,,,,,,,,,,,,,,,,,,,,,,,,,,,,,,,,,,,,,,,,,,,,,,,,,,,,,,,,,,,,,,,,,,,,,,,,,
107403,-837,-673,825,-508,1061,-3763,-6929,668,38,-62,2,-6,0,0,13543,389,489,155,13543,1534,1514,1623,1671,0,0,0,0,0,0,0,50,27,-108,-62,136,,,,,,,,,,,,,,,,,,,,,,,,,,,,,,,,,,,,,,,,,,,,,,,,,,,,,,,,,,,,,,,,,,,,,,,,,,,
107450,121,-702,359,-152,949,447,7352,-2932,-49,-64,-2,-7,0,0,13585,361,337,159,13585,1549,1439,1698,1643,0,0,0,0,0,0,0,28,-14,-48,50,134,,,,,,,,,,,,,,,,,,,,,,,,,,,,,,,,,,,,,,,,,,,,,,,,,,,,,,,,,,,,,,,,,,,,,,,,,,,
107503,251,-110,103,-228,1143,-4068,3507,485,-56,-9,2,-6,0,0,13543,421,307,155,13543,1543,1503,1655,1645,0,0,0,0,0,0,0,15,-2,-9,13,131,,,,,,,,,,,,,,,,,,,,,,,,,,,,,,,,,,,,,,,,,,,,,,,,,,,,,,,,,,,,,,,,,,,,,,,,,,,
107550,-214,39,12,11,783,692,7597,-1528,8,3,2,-2,0,0,13585,425,368,159,13585,1545,1470,1680,1643,0,0,0,0,0,0,0,16,10,-7,-24,124,,,,,,,,,,,,,,,,,,,,,,,,,,,,,,,,,,,,,,,,,,,,,,,,,,,,,,,,,,,,,,,,,,,,,,,,,,,
107603,469,1177,-214,94,902,1546,2653,-4397,-51,102,2,-2,0,0,13628,390,252,163,13628,1534,1437,1697,1662,0,0,0,0,0,0,0,-23,-27,102,75,134,,,,,,,,,,,,,,,,,,,,,,,,,,,,,,,,,,,,,,,,,,,,,,,,,,,,,,,,,,,,,,,,,,,,,,,,,,,
107650,628,1206,-296,376,1068,-7364,-9492,-308,-65,108,0,-2,0,0,13543,407,226,155,13543,1533,1495,1641,1670,0,0,0,0,0,0,0,-12,-28,67,70,136,,,,,,,,,,,,,,,,,,,,,,,,,,,,,,,,,,,,,,,,,,,,,,,,,,,,,,,,,,,,,,,,,,,,,,,,,,,
107703,-304,-151,81,-52,973,-7791,-9920,-491,16,-16,0,-2,0,0,13585,423,150,159,13585,1526,1499,1648,1666,0,0,0,0,0,0,0,25,5,-47,-31,132,,,,,,,,,,,,,,,,,,,,,,,,,,,,,,,,,,,,,,,,,,,,,,,,,,,,,,,,,,,,,,,,,,,,,,,,,,,
107750,-224,-567,-34,216,659,-6448,-6257,851,12,-49,0,-1,0,0,13543,432,195,155,13543,1538,1506,1646,1653,0,0,0,0,0,0,0,10,-26,-16,47,133,,,,,,,,,,,,,,,,,,,,,,,,,,,,,,,,,,,,,,,,,,,,,,,,,,,,,,,,,,,,,,,,,,,,,,,,,,,
107803,-361,-534,-281,106,971,3865,5704,-1956,24,-43,2,-1,0,0,13543,468,159,155,13543,1541,1460,1693,1636,0,0,0,0,0,0,0,-6,-15,28,18,133,,,,,,,,,,,,,,,,,,,,,,,,,,,,,,,,,,,,,,,,,,,,,,,,,,,,,,,,,,,,,,,,,,,,,,,,,,,
107850,162,191,-130,65,1164,-1077,272,-613,-17,16,0,0,0,0,14667,492,111,260,14667,1537,1524,1675,1672,0,0,0,0,0,0,0,-2,-9,21,4,127,,,,,,,,,,,,,,,,,,,,,,,,,,,,,,,,,,,,,,,,,,,,,,,,,,,,,,,,,,,,,,,,,,,,,,,,,,,
107903,728,769,-274,338,1175,4293,-1192,-3237,-67,67,0,0,0,0,14667,419,106,260,14667,1567,1472,1706,1687,0,0,0,0,0,0,0,-9,-22,41,40,132,,,,,,,,,,,,,,,,,,,,,,,,,,,,,,,,,,,,,,,,,,,,,,,,,,,,,,,,,,,,,,,,,,,,,,,,,,,
107950,560,-3,174,55,1152,-1138,-7173,-735,-52,0,0,0,0,0,14800,461,86,271,14800,1562,1522,1670,1702,0,0,0,0,0,0,0,18,-10,-39,9,127,,,,,,,,,,,,,,,,,,,,,,,,,,,,,,,,,,,,,,,,,,,,,,,,,,,,,,,,,,,,,,,,,,,,,,,,,,,
108003,976,-288,-59,166,1022,4964,3507,180,-92,-25,-2,-1,0,0,14800,476,68,271,14800,1590,1502,1695,1668,0,0,0,0,0,0,0,14,-19,-29,39,132,,,,,,,,,,,,,,,,,,,,,,,,,,,,,,,,,,,,,,,,,,,,,,,,,,,,,,,,,,,,,,,,,,,,,,,,,,,
108050,1278,495,-271,325,1131,5147,6315,-918,-115,43,2,0,0,0,14889,505,142,280,14889,1584,1501,1705,1671,0,0,0,0,0,0,0,-4,-16,26,33,132,,,,,,,,,,,,,,,,,,,,,,,,,,,,,,,,,,,,,,,,,,,,,,,,,,,,,,,,,,,,,,,,,,,,,,,,,,,
108103,1493,1086,-98,72,779,2462,4789,-3848,-137,94,2,-1,0,0,14933,475,57,284,14933,1567,1474,1721,1688,0,0,0,0,0,0,0,-7,-14,39,32,131,,,,,,,,,,,,,,,,,,,,,,,,,,,,,,,,,,,,,,,,,,,,,,,,,,,,,,,,,,,,,,,,,,,,,,,,,,,
108150,1843,963,78,172,701,-2054,-9370,973,-167,87,0,-1,0,0,14933,484,52,284,14933,1583,1528,1670,1690,0,0,0,0,0,0,0,-6,-31,32,77,130,,,,,,,,,,,,,,,,,,,,,,,,,,,,,,,,,,,,,,,,,,,,,,,,,,,,,,,,,,,,,,,,,,,,,,,,,,,
108203,1512,1185,-266,-97,1134,5025,394,-4153,49,96,0,36,-1,0,14978,489,121,287,14978,1549,1488,1739,1677,0,0,0,0,0,0,0,-20,-1,66,-3,133,,,,,,,,,,,,,,,,,,,,,,,,,,,,,,,,,,,,,,,,,,,,,,,,,,,,,,,,,,,,,,,,,,,,,,,,,,,
108250,1374,1100,-293,117,1026,7100,-2656,-369,284,99,2,80,0,0,14933,501,73,284,14933,1548,1543,1695,1679,0,0,0,0,0,0,0,-25,-14,73,33,134,,,,,,,,,,,,,,,,,,,,,,,,,,,,,,,,,,,,,,,,,,,,,,,,,,,,,,,,,,,,,,,,,,,,,,,,,,,
108303,1331,313,-118,-37,1131,17965,-15352,-186,365,30,0,96,0,0,14933,478,115,284,14933,1579,1512,1668,1707,0,0,0,0,0,0,0,-9,-2,19,7,133,,,,,,,,,,,,,,,,,,,,,,,,,,,,,,,,,,,,,,,,,,,,,,,,,,,,,,,,,,,,,,,,,,,,,,,,,,,
108350,2130,-90,-159,-7,1206,26632,-9248,-2566,292,51,0,95,11,0,14933,500,154,284,14933,1590,1462,1702,1701,0,0,0,0,0,0,0,-12,-3,18,29,135,,,,,,,,,,,,,,,,,,,,,,,,,,,,,,,,,,,,,,,,,,,,,,,,,,,,,,,,,,,,,,,,,,,,,,,,,,,
108403,2732,-81,298,-223,941,7344,-8455,1400,218,55,0,91,12,0,15022,510,128,291,15022,1546,1572,1667,1695,0,0,0,0,0,0,0,-9,12,4,1,130,,,,,,,,,,,,,,,,,,,,,,,,,,,,,,,,,,,,,,,,,,,,,,,,,,,,,,,,,,,,,,,,,,,,,,,,,,,
108450,2772,124,331,-155,1068,11556,-8760,-1773,176,73,2,83,12,0,15067,518,119,296,15067,1580,1491,1694,1704,0,0,0,0,0,0,0,-13,14,12,5,135,,,,,,,,,,,,,,,,,,,,,,,,,,,,,,,,,,,,,,,,,,,,,,,,,,,,,,,,,,,,,,,,,,,,,,,,,,,
108503,3060,696,-483,-45,1320,10457,-2168,-2200,74,102,0,68,8,0,15022,491,113,291,15022,1568,1497,1715,1689,0,0,0,0,0,0,0,-32,15,63,16,135,,,,,,,,,,,,,,,,,,,,,,,,,,,,,,,,,,,,,,,,,,,,,,,,,,,,,,,,,,,,,,,,,,,,,,,,,,,
108550,3762,1070,-75,-13,818,5391,-825,-2566,-45,103,2,56,2,0,15022,520,119,291,15022,1542,1519,1704,1704,0,0,0,0,0,0,0,-32,1,63,67,132,,,,,,,,,,,,,,,,,,,,,,,,,,,,,,,,,,,,,,,,,,,,,,,,,,,,,,,,,,,,,,,,,,,,,,,,,,,
108603,3255,1032,-287,-237,1254,-955,-1253,-5496,-74,97,2,41,1,0,15067,554,176,296,15067,1544,1469,1727,1715,0,0,0,0,0,0,0,-17,29,23,-8,136,,,,,,,,,,,,,,,,,,,,,,,,,,,,,,,,,,,,,,,,,,,,,,,,,,,,,,,,,,,,,,,,,,,,,,,,,,,
108650,2642,843,-270,14,1178,-1077,578,-4214,-80,77,2,30,0,0,15067,526,204,296,15067,1559,1467,1724,1704,0,0,0,0,0,0,0,-24,12,40,33,132,,,,,,,,,,,,,,,,,,,,,,,,,,,,,,,,,,,,,,,,,,,,,,,,,,,,,,,,,,,,,,,,,,,,,,,,,,,
108703,1729,-46,17,-29,918,-9866,-4304,-1162,-63,0,0,17,0,0,15022,527,168,291,15022,1543,1528,1694,1706,0,0,0,0,0,0,0,-6,15,-13,16,131,,,,,,,,,,,,,,,,,,,,,,,,,,,,,,,,,,,,,,,,,,,,,,,,,,,,,,,,,,,,,,,,,,,,,,,,,,,
108750,1133,-318,35,-8,1084,-4251,4667,-4519,-36,-24,2,12,0,0,15067,563,232,296,15067,1555,1466,1734,1705,0,0,0,0,0,0,0,-5,14,-16,9,132,,,,,,,,,,,,,,,,,,,,,,,,,,,,,,,,,,,,,,,,,,,,,,,,,,,,,,,,,,,,,,,,,,,,,,,,,,,
108803,984,210,-198,122,995,-4434,2714,-3970,-64,18,2,4,0,0,15022,553,180,291,15022,1548,1479,1725,1708,0,0,0,0,0,0,0,-17,9,21,19,130,,,,,,,,,,,,,,,,,,,,,,,,,,,,,,,,,,,,,,,,,,,,,,,,,,,,,,,,,,,,,,,,,,,,,,,,,,,
108850,939,678,-321,283,1343,-7852,4179,-3421,-64,62,2,3,0,0,15022,590,216,291,15022,1534,1497,1725,1702,0,0,0,0,0,0,0,-18,3,29,30,131,,,,,,,,,,,,,,,,,,,,,,,,,,,,,,,,,,,,,,,,,,,,,,,,,,,,,,,,,,,,,,,,,,,,,,,,,,,
108903,1176,1109,-117,121,998,-3702,3202,-3237,-88,100,-2,2,0,0,15022,599,268,291,15022,1548,1481,1728,1703,0,0,0,0,0,0,0,-25,-10,51,62,136,,,,,,,,,,,,,,,,,,,,,,,,,,,,,,,,,,,,,,,,,,,,,,,,,,,,,,,,,,,,,,,,,,,,,,,,,,,
108950,823,1003,-256,354,901,-7059,-2656,-2444,-61,91,2,2,0,0,15022,614,244,291,15022,1540,1502,1713,1709,0,0,0,0,0,0,0,-27,-16,52,69,134,,,,,,,,,,,,,,,,,,,,,,,,,,,,,,,,,,,,,,,,,,,,,,,,,,,,,,,,,,,,,,,,,,,,,,,,,,,
109003,388,391,-82,-14,1193,-11453,-10957,-1651,-30,41,0,0,1,0,15022,616,268,291,15022,1525,1525,1694,1723,0,0,0,0,0,0,0,-15,-8,15,37,134,,,,,,,,,,,,,,,,,,,,,,,,,,,,,,,,,,,,,,,,,,,,,,,,,,,,,,,,,,,,,,,,,,,,,,,,,,,
109050,264,434,-45,-58,938,-5167,-337,-3787,-16,41,2,1,0,0,15022,605,203,291,15022,1526,1492,1732,1708,0,0,0,0,0,0,0,-27,-2,46,19,130,,,,,,,,,,,,,,,,,,,,,,,,,,,,,,,,,,,,,,,,,,,,,,,,,,,,,,,,,,,,,,,,,,,,,,,,,,,
109103,285,412,-511,215,1096,-2359,-32,-5191,-17,39,0,1,0,0,14978,667,256,287,14978,1522,1468,1738,1718,0,0,0,0,0,0,0,-24,-5,40,27,131,,,,,,,,,,,,,,,,,,,,,,,,,,,,,,,,,,,,,,,,,,,,,,,,,,,,,,,,,,,,,,,,,,,,,,,,,,,
109150,457,574,-191,212,890,997,2286,-8853,-36,53,0,0,0,0,15022,661,282,291,15022,1504,1425,1760,1739,0,0,0,0,0,0,0,-31,-19,60,64,130,,,,,,,,,,,,,,,,,,,,,,,,,,,,,,,,,,,,,,,,,,,,,,,,,,,,,,,,,,,,,,,,,,,,,,,,,,,
109203,186,101,135,-314,1331,-9622,-6502,-2871,-12,12,2,0,0,0,15022,670,307,291,15022,1508,1515,1709,1728,0,0,0,0,0,0,0,-1,10,-21,-23,134,,,,,,,,,,,,,,,,,,,,,,,,,,,,,,,,,,,,,,,,,,,,,,,,,,,,,,,,,,,,,,,,,,,,,,,,,,,
109250,-86,-575,541,-161,1034,-1993,333,-4092,7,-46,2,0,0,0,15022,692,307,291,15022,1542,1461,1736,1717,0,0,0,0,0,0,0,9,-5,-54,15,130,,,,,,,,,,,,,,,,,,,,,,,,,,,,,,,,,,,,,,,,,,,,,,,,,,,,,,,,,,,,,,,,,,,,,,,,,,,
109303,159,40,-262,181,1010,9114,12174,-4885,-13,7,-2,0,0,0,15022,729,324,291,15022,1567,1407,1771,1690,0,0,0,0,0,0,0,-18,-19,25,52,132,,,,,,,,,,,,,,,,,,,,,,,,,,,,,,,,,,,,,,,,,,,,,,,,,,,,,,,,,,,,,,,,,,,,,,,,,,,
109350,437,314,-1,176,792,1912,5765,-1773,-31,30,0,1,0,0,15022,746,351,291,15022,1533,1497,1721,1710,0,0,0,0,0,0,0,-11,-17,10,49,129,,,,,,,,,,,,,,,,,,,,,,,,,,,,,,,,,,,,,,,,,,,,,,,,,,,,,,,,,,,,,,,,,,,,,,,,,,,
109403,395,341,375,-132,1039,-6571,-32,-369,3,29,0,7,0,0,13585,744,373,159,13585,1469,1504,1674,1687,0,0,0,0,0,0,0,8,6,-42,-18,127,,,,,,,,,,,,,,,,,,,,,,,,,,,,,,,,,,,,,,,,,,,,,,,,,,,,,,,,,,,,,,,,,,,,,,,,,,,
109450,13,-380,339,-239,903,-5106,-1924,-918,162,-130,0,32,-19,0,13628,754,299,163,13628,1466,1498,1672,1695,0,0,0,0,0,0,0,20,8,-75,-26,136,,,,,,,,,,,,,,,,,,,,,,,,,,,,,,,,,,,,,,,,,,,,,,,,,,,,,,,,,,,,,,,,,,,,,,,,,,,
109503,306,0,-24,4,837,13021,14616,-1651,210,-122,2,47,-24,0,13585,801,290,159,13585,1532,1413,1718,1654,0,0,0,0,0,0,0,-4,-11,0,32,131,,,,,,,,,,,,,,,,,,,,,,,,,,,,,,,,,,,,,,,,,,,,,,,,,,,,,,,,,,,,,,,,,,,,,,,,,,,
109550,2039,948,66,190,725,20772,12418,485,90,-70,2,53,-30,0,13585,787,206,159,13585,1559,1416,1690,1659,0,0,0,0,0,0,0,-11,-37,30,119,134,,,,,,,,,,,,,,,,,,,,,,,,,,,,,,,,,,,,,,,,,,,,,,,,,,,,,,,,,,,,,,,,,,,,,,,,,,,
109603,2190,1694,-389,160,906,4964,10465,-64,49,60,0,48,-17,0,13500,819,232,152,13500,1495,1475,1712,1642,0,0,0,0,0,0,0,-12,13,43,-4,133,,,,,,,,,,,,,,,,,,,,,,,,,,,,,,,,,,,,,,,,,,,,,,,,,,,,,,,,,,,,,,,,,,,,,,,,,,,
109650,2115,1732,126,-128,892,2828,516,-186,-17,91,-2,33,-11,0,13543,828,219,155,13543,1507,1458,1678,1681,0,0,0,0,0,0,0,3,11,7,7,130,,,,,,,,,,,,,,,,,,,,,,,,,,,,,,,,,,,,,,,,,,,,,,,,,,,,,,,,,,,,,,,,,,,,,,,,,,,
109703,2060,1139,-109,-73,1013,-1688,-2107,-430,-57,74,0,24,-4,0,13585,810,162,159,13585,1501,1464,1692,1671,0,0,0,0,0,0,0,16,15,-27,0,135,,,,,,,,,,,,,,,,,,,,,,,,,,,,,,,,,,,,,,,,,,,,,,,,,,,,,,,,,,,,,,,,,,,,,,,,,,,
109750,2031,1565,-358,41,1183,-8646,-3755,-1345,-100,122,-2,15,-2,0,13585,838,102,159,13585,1478,1471,1697,1677,0,0,0,0,0,0,0,-14,4,54,27,138,,,,,,,,,,,,,,,,,,,,,,,,,,,,,,,,,,,,,,,,,,,,,,,,,,,,,,,,,,,,,,,,,,,,,,,,,,,
109803,1549,1342,-15,47,702,-12308,-9736,-125,-96,106,0,7,-2,0,13500,814,69,152,13500,1482,1485,1666,1692,0,0,0,0,0,0,0,-3,4,21,20,131,,,,,,,,,,,,,,,,,,,,,,,,,,,,,,,,,,,,,,,,,,,,,,,,,,,,,,,,,,,,,,,,,,,,,,,,,,,
109850,1387,929,415,-294,1500,-7547,-6685,-1101,-82,67,0,7,-2,0,13543,848,88,155,13543,1507,1443,1694,1675,0,0,0,0,0,0,0,2,0,2,29,130,,,,,,,,,,,,,,,,,,,,,,,,,,,,,,,,,,,,,,,,,,,,,,,,,,,,,,,,,,,,,,,,,,,,,,,,,,,
109903,1232,789,-159,138,1210,-4801,2103,-1284,-100,61,2,1,-1,0,13585,818,26,159,13585,1510,1440,1710,1661,0,0,0,0,0,0,0,-7,-9,29,48,133,,,,,,,,,,,,,,,,,,,,,,,,,,,,,,,,,,,,,,,,,,,,,,,,,,,,,,,,,,,,,,,,,,,,,,,,,,,
109950,415,441,735,-447,1410,-7181,-3023,-3115,-25,31,0,2,-1,0,13585,839,27,159,13585,1458,1460,1693,1700,0,0,0,0,0,0,0,18,28,-42,-57,134,,,,,,,,,,,,,,,,,,,,,,,,,,,,,,,,,,,,,,,,,,,,,,,,,,,,,,,,,,,,,,,,,,,,,,,,,,,
110003,644,-65,-109,-57,1129,-11942,-9431,2621,-49,-9,2,1,0,0,13585,821,-18,159,13585,1499,1509,1648,1676,0,0,0,0,0,0,0,21,-5,-52,28,133,,,,,,,,,,,,,,,,,,,,,,,,,,,,,,,,,,,,,,,,,,,,,,,,,,,,,,,,,,,,,,,,,,,,,,,,,,,
110050,1001,257,20,-238,1134,142,5888,-2322,-76,15,0,2,-1,0,13585,832,-49,159,13585,1511,1419,1724,1661,0,0,0,0,0,0,0,-2,-4,14,25,130,,,,,,,,,,,,,,,,,,,,,,,,,,,,,,,,,,,,,,,,,,,,,,,,,,,,,,,,,,,,,,,,,,,,,,,,,,,
110103,884,216,218,-148,928,-3092,-1741,-1406,-66,15,2,2,0,0,13543,808,-115,155,13543,1497,1449,1686,1687,0,0,0,0,0,0,0,9,0,-15,14,131,,,,,,,,,,,,,,,,,,,,,,,,,,,,,,,,,,,,,,,,,,,,,,,,,,,,,,,,,,,,,,,,,,,,,,,,,,,
110150,493,29,195,-236,889,-5960,-3511,-674,-36,-4,0,1,-1,0,13970,813,-68,195,13970,1493,1483,1690,1690,0,0,0,0,0,0,0,18,18,-39,-40,132,,,,,,,,,,,,,,,,,,,,,,,,,,,,,,,,,,,,,,,,,,,,,,,,,,,,,,,,,,,,,,,,,,,,,,,,,,,
110203,615,90,198,-68,907,-6693,-764,1278,-43,4,0,2,0,0,14667,787,-75,260,14667,1516,1512,1691,1685,0,0,0,0,0,0,0,9,3,-13,-1,125,,,,,,,,,,,,,,,,,,,,,,,,,,,,,,,,,,,,,,,,,,,,,,,,,,,,,,,,,,,,,,,,,,,,,,,,,,,
110250,-212,-138,379,-249,745,-4190,2164,-1467,22,-19,2,0,-1,0,14844,792,-117,276,14844,1520,1497,1728,1698,0,0,0,0,0,0,0,27,27,-59,-69,136,,,,,,,,,,,,,,,,,,,,,,,,,,,,,,,,,,,,,,,,,,,,,,,,,,,,,,,,,,,,,,,,,,,,,,,,,,,
110303,84,349,-145,19,846,447,5338,-3909,-3,26,0,0,0,0,14800,790,-142,271,14800,1517,1457,1752,1700,0,0,0,0,0,0,0,0,6,15,-12,125,,,,,,,,,,,,,,,,,,,,,,,,,,,,,,,,,,,,,,,,,,,,,,,,,,,,,,,,,,,,,,,,,,,,,,,,,,,
110350,204,435,75,75,879,1790,-154,-3,-14,34,0,0,0,0,14933,749,-194,284,14933,1547,1489,1716,1699,0,0,0,0,0,0,0,6,-1,3,12,122,,,,,,,,,,,,,,,,,,,,,,,,,,,,,,,,,,,,,,,,,,,,,,,,,,,,,,,,,,,,,,,,,,,,,,,,,,,
110403,781,975,-266,302,786,6368,2348,-5618,-64,81,0,0,0,0,14933,759,-244,284,14933,1538,1408,1767,1710,0,0,0,0,0,0,0,-22,-26,83,81,132,,,,,,,,,,,,,,,,,,,,,,,,,,,,,,,,,,,,,,,,,,,,,,,,,,,,,,,,,,,,,,,,,,,,,,,,,,,
110450,772,639,65,22,998,-894,-2534,-1223,-63,52,0,0,0,0,14978,732,-216,287,14978,1529,1492,1723,1711,0,0,0,0,0,0,0,16,0,-23,10,128,,,,,,,,,,,,,,,,,,,,,,,,,,,,,,,,,,,,,,,,,,,,,,,,,,,,,,,,,,,,,,,,,,,,,,,,,,,
110503,573,494,461,-146,1328,-345,-2290,-3543,-46,36,0,0,-1,0,15022,740,-159,291,15022,1517,1464,1739,1719,0,0,0,0,0,0,0,0,-5,11,17,132,,,,,,,,,,,,,,,,,,,,,,,,,,,,,,,,,,,,,,,,,,,,,,,,,,,,,,,,,,,,,,,,,,,,,,,,,,,
110550,656,1121,-5,6,1277,-5533,-10774,-1956,75,90,2,26,-1,0,14978,728,-186,287,14978,1503,1507,1721,1721,0,0,0,0,0,0,0,-12,-3,41,6,132,,,,,,,,,,,,,,,,,,,,,,,,,,,,,,,,,,,,,,,,,,,,,,,,,,,,,,,,,,,,,,,,,,,,,,,,,,,
110603,172,692,115,-63,1152,8382,-7478,-491,121,60,2,27,0,0,15022,690,-248,291,15022,1549,1483,1716,1713,0,0,0,0,0,0,0,4,16,-11,-43,132,,,,,,,,,,,,,,,,,,,,,,,,,,,,,,,,,,,,,,,,,,,,,,,,,,,,,,,,,,,,,,,,,,,,,,,,,,,
110650,1289,1494,-363,285,724,7100,-7722,-430,89,130,2,40,0,0,15067,681,-197,296,15067,1539,1497,1725,1705,0,0,0,0,0,0,0,-39,-22,103,69,136,,,,,,,,,,,,,,,,,,,,,,,,,,,,,,,,,,,,,,,,,,,,,,,,,,,,,,,,,,,,,,,,,,,,,,,,,,,
110703,2265,1118,171,136,726,9603,-6929,-979,8,90,0,41,-1,0,15202,685,-236,307,15202,1539,1488,1715,1725,0,0,0,0,0,0,0,0,-25,-6,86,131,,,,,,,,,,,,,,,,,,,,,,,,,,,,,,,,,,,,,,,,,,,,,,,,,,,,,,,,,,,,,,,,,,,,,,,,,,,
110750,2374,598,-347,388,866,-2786,-10469,-1101,-1,48,0,41,0,0,15157,670,-190,304,15157,1511,1516,1721,1723,0,0,0,0,0,0,0,-26,-24,54,85,136,,,,,,,,,,,,,,,,,,,,,,,,,,,,,,,,,,,,,,,,,,,,,,,,,,,,,,,,,,,,,,,,,,,,,,,,,,,
110803,2085,525,-310,235,623,-3580,-10103,3598,30,42,0,42,0,0,15246,655,-217,311,15246,1545,1553,1692,1705,0,0,0,0,0,0,0,-29,-10,57,46,135,,,,,,,,,,,,,,,,,,,,,,,,,,,,,,,,,,,,,,,,,,,,,,,,,,,,,,,,,,,,,,,,,,,,,,,,,,,
110850,1455,602,-271,122,994,5208,-32,-308,85,52,0,42,0,0,15202,660,-139,307,15202,1530,1510,1729,1709,0,0,0,0,0,0,0,-21,14,37,-15,131,,,,,,,,,,,,,,,,,,,,,,,,,,,,,,,,,,,,,,,,,,,,,,,,,,,,,,,,,,,,,,,,,,,,,,,,,,,
110903,1859,770,-438,181,1376,8870,-3206,-613,54,60,2,43,-1,0,15246,654,-68,311,15246,1547,1491,1725,1717,0,0,0,0,0,0,0,-27,-6,53,48,133,,,,,,,,,,,,,,,,,,,,,,,,,,,,,,,,,,,,,,,,,,,,,,,,,,,,,,,,,,,,,,,,,,,,,,,,,,,
110950,1973,847,5,-88,1393,3988,-5342,363,40,70,0,42,0,0,15202,670,-26,307,15202,1548,1501,1720,1711,0,0,0,0,0,0,0,-24,1,45,36,127,,,,,,,,,,,,,,,,,,,,,,,,,,,,,,,,,,,,,,,,,,,,,,,,,,,,,,,,,,,,,,,,,,,,,,,,,,,
111003,2114,1292,2,-184,1042,10396,-3023,-1345,-3,105,2,36,-1,0,15291,647,-17,316,15291,1557,1469,1730,1722,0,0,0,0,0,0,0,-28,12,56,11,135,,,,,,,,,,,,,,,,,,,,,,,,,,,,,,,,,,,,,,,,,,,,,,,,,,,,,,,,,,,,,,,,,,,,,,,,,,,
111050,2009,1286,400,-314,1001,4964,822,-2505,9,105,0,37,-1,0,15246,632,1,311,15246,1536,1470,1758,1706,0,0,0,0,0,0,0,-11,23,9,-16,131,,,,,,,,,,,,,,,,,,,,,,,,,,,,,,,,,,,,,,,,,,,,,,,,,,,,,,,,,,,,,,,,,,,,,,,,,,,
111103,1908,1374,-166,173,865,-4556,-10469,3109,7,119,0,34,0,0,15246,649,-34,311,15246,1541,1548,1692,1712,0,0,0,0,0,0,0,-25,8,40,20,133,,,,,,,,,,,,,,,,,,,,,,,,,,,,,,,,,,,,,,,,,,,,,,,,,,,,,,,,,,,,,,,,,,,,,,,,,,,
111150,1739,745,-69,-14,953,6856,-2168,424,-1,65,2,30,0,0,15291,668,22,316,15291,1578,1471,1739,1692,0,0,0,0,0,0,0,-15,9,7,18,126,,,,,,,,,,,,,,,,,,,,,,,,,,,,,,,,,,,,,,,,,,,,,,,,,,,,,,,,,,,,,,,,,,,,,,,,,,,
111203,1601,482,798,-705,1545,8565,-1008,-1528,0,35,0,27,-1,0,15202,646,63,307,15202,1553,1464,1742,1709,0,0,0,0,0,0,0,-3,29,-26,-29,133,,,,,,,,,,,,,,,,,,,,,,,,,,,,,,,,,,,,,,,,,,,,,,,,,,,,,,,,,,,,,,,,,,,,,,,,,,,
111250,1450,626,149,-430,1229,8138,6254,57,-11,47,0,23,-1,0,15291,665,138,316,15291,1566,1479,1747,1692,0,0,0,0,0,0,0,-9,34,-9,-40,131,,,,,,,,,,,,,,,,,,,,,,,,,,,,,,,,,,,,,,,,,,,,,,,,,,,,,,,,,,,,,,,,,,,,,,,,,,,
111303,1129,37,80,28,882,-4190,455,-796,-77,-3,0,4,-1,0,15202,648,108,307,15202,1531,1505,1733,1714,0,0,0,0,0,0,0,-2,18,-28,-2,127,,,,,,,,,,,,,,,,,,,,,,,,,,,,,,,,,,,,,,,,,,,,,,,,,,,,,,,,,,,,,,,,,,,,,,,,,,,
111350,919,-10,-410,213,737,-4129,1310,851,-62,-4,2,3,0,0,15246,652,87,311,15246,1552,1506,1730,1697,0,0,0,0,0,0,0,-27,-1,34,47,128,,,,,,,,,,,,,,,,,,,,,,,,,,,,,,,,,,,,,,,,,,,,,,,,,,,,,,,,,,,,,,,,,,,,,,,,,,,
111403,466,-116,312,-476,1353,1302,5033,-796,-26,-83,-2,2,-14,0,15157,654,92,304,15157,1558,1467,1744,1698,0,0,0,0,0,0,0,-6,20,-18,-16,135,,,,,,,,,,,,,,,,,,,,,,,,,,,,,,,,,,,,,,,,,,,,,,,,,,,,,,,,,,,,,,,,,,,,,,,,,,,
111450,856,357,-234,-190,1001,1973,10892,1766,-57,-73,-2,3,-20,0,15157,681,137,304,15157,1567,1497,1734,1679,0,0,0,0,0,0,0,-17,13,18,3,135,,,,,,,,,,,,,,,,,,,,,,,,,,,,,,,,,,,,,,,,,,,,,,,,,,,,,,,,,,,,,,,,,,,,,,,,,,,
111503,89,150,556,-503,1103,-955,16874,-2810,0,-88,2,1,-20,0,15112,697,205,300,15112,1535,1464,1770,1687,0,0,0,0,0,0,0,7,38,-40,-67,132,,,,,,,,,,,,,,,,,,,,,,,,,,,,,,,,,,,,,,,,,,,,,,,,,,,,,,,,,,,,,,,,,,,,,,,,,,,
111550,-154,575,64,-276,964,-162,11076,1095,20,-16,2,1,-13,0,15112,697,162,300,15112,1550,1507,1734,1683,0,0,0,0,0,0,0,2,33,-19,-56,132,,,,,,,,,,,,,,,,,,,,,,,,,,,,,,,,,,,,,,,,,,,,,,,,,,,,,,,,,,,,,,,,,,,,,,,,,,,
111603,507,953,-213,112,1255,-1383,4606,1156,-44,65,2,0,-3,0,15067,698,200,296,15067,1562,1493,1731,1683,0,0,0,0,0,0,0,-14,-12,31,63,133,,,,,,,,,,,,,,,,,,,,,,,,,,,,,,,,,,,,,,,,,,,,,,,,,,,,,,,,,,,,,,,,,,,,,,,,,,,
111650,660,1436,-21,-320,1116,-3763,-2656,1889,-57,111,0,0,-2,0,15112,709,196,300,15112,1557,1511,1721,1688,0,0,0,0,0,0,0,-24,2,55,19,134,,,,,,,,,,,,,,,,,,,,,,,,,,,,,,,,,,,,,,,,,,,,,,,,,,,,,,,,,,,,,,,,,,,,,,,,,,,
111703,-292,569,-245,-24,978,-9744,-6685,1766,25,35,0,0,-2,0,15022,686,162,291,15022,1522,1541,1698,1709,0,0,0,0,0,0,0,6,33,-30,-73,132,,,,,,,,,,,,,,,,,,,,,,,,,,,,,,,,,,,,,,,,,,,,,,,,,,,,,,,,,,,,,,,,,,,,,,,,,,,
111750,-542,-159,49,-273,876,-5289,-6868,2072,47,-27,0,0,-2,0,15067,712,142,296,15067,1542,1529,1695,1708,0,0,0,0,0,0,0,18,29,-66,-66,134,,,,,,,,,,,,,,,,,,,,,,,,,,,,,,,,,,,,,,,,,,,,,,,,,,,,,,,,,,,,,,,,,,,,,,,,,,,
111803,-103,-358,-394,345,1161,-467,-32,2804,9,-34,0,0,0,0,15022,718,226,291,15022,1567,1513,1710,1682,0,0,0,0,0,0,0,-8,-17,5,59,129,,,,,,,,,,,,,,,,,,,,,,,,,,,,,,,,,,,,,,,,,,,,,,,,,,,,,,,,,,,,,,,,,,,,,,,,,,,
111850,294,134,-306,30,1260,-2969,-3633,2255,-22,4,0,0,-1,0,15022,719,211,291,15022,1546,1529,1701,1696,0,0,0,0,0,0,0,-29,-6,63,32,131,,,,,,,,,,,,,,,,,,,,,,,,,,,,,,,,,,,,,,,,,,,,,,,,,,,,,,,,,,,,,,,,,,,,,,,,,,,
111903,37,-297,187,-262,1000,-4434,3690,790,-3,-29,2,0,0,0,15067,752,232,296,15067,1539,1518,1727,1684,0,0,0,0,0,0,0,5,17,-28,-32,130,,,,,,,,,,,,,,,,,,,,,,,,,,,,,,,,,,,,,,,,,,,,,,,,,,,,,,,,,,,,,,,,,,,,,,,,,,,
111950,176,-202,136,265,1059,-8890,-4609,3903,-15,-24,0,0,-1,0,15022,752,302,291,15022,1534,1566,1680,1698,0,0,0,0,0,0,0,13,3,-51,2,132,,,,,,,,,,,,,,,,,,,,,,,,,,,,,,,,,,,,,,,,,,,,,,,,,,,,,,,,,,,,,,,,,,,,,,,,,,,
112003,266,-73,-345,320,1037,5697,4972,-1773,-19,-9,0,0,0,0,15022,781,295,291,15022,1562,1452,1754,1683,0,0,0,0,0,0,0,-13,-10,18,36,132,,,,,,,,,,,,,,,,,,,,,,,,,,,,,,,,,,,,,,,,,,,,,,,,,,,,,,,,,,,,,,,,,,,,,,,,,,,
112050,107,-455,-107,473,1141,2645,5094,119,25,-235,0,6,-39,0,15022,768,299,291,15022,1551,1495,1712,1706,0,0,0,0,0,0,0,-10,-13,8,41,133,,,,,,,,,,,,,,,,,,,,,,,,,,,,,,,,,,,,,,,,,,,,,,,,,,,,,,,,,,,,,,,,,,,,,,,,,,,
112103,-389,-875,9,-107,1198,-3702,10465,1705,58,-352,2,4,-55,0,15067,774,335,296,15067,1547,1529,1700,1701,0,0,0,0,0,0,0,9,3,-42,-9,133,,,,,,,,,,,,,,,,,,,,,,,,,,,,,,,,,,,,,,,,,,,,,,,,,,,,,,,,,,,,,,,,,,,,,,,,,,,
112150,-1,-161,-45,69,931,6002,23038,912,21,-293,0,4,-55,0,15067,801,323,296,15067,1575,1485,1736,1673,0,0,0,0,0,0,0,-7,-16,15,46,130,,,,,,,,,,,,,,,,,,,,,,,,,,,,,,,,,,,,,,,,,,,,,,,,,,,,,,,,,,,,,,,,,,,,,,,,,,,
112203,529,996,59,-160,1014,-2847,12235,2682,-25,-251,2,4,-67,0,15022,820,281,291,15022,1552,1537,1689,1697,0,0,0,0,0,0,0,0,-10,15,33,134,,,,,,,,,,,,,,,,,,,,,,,,,,,,,,,,,,,,,,,,,,,,,,,,,,,,,,,,,,,,,,,,,,,,,,,,,,,
112250,478,1503,172,-202,1268,-528,17911,119,-24,-224,2,3,-71,0,15067,851,364,296,15067,1550,1506,1719,1695,0,0,0,0,0,0,0,20,9,-24,-21,135,,,,,,,,,,,,,,,,,,,,,,,,,,,,,,,,,,,,,,,,,,,,,,,,,,,,,,,,,,,,,,,,,,,,,,,,,,,
112303,651,1921,-168,52,1032,-8890,8817,4086,-4,-212,0,10,-76,0,15067,854,364,296,15067,1537,1574,1670,1701,0,0,0,0,0,0,0,17,0,0,4,131,,,,,,,,,,,,,,,,,,,,,,,,,,,,,,,,,,,,,,,,,,,,,,,,,,,,,,,,,,,,,,,,,,,,,,,,,,,
112350,1012,2567,-66,-275,935,-6693,6925,2743,-36,-159,2,10,-76,0,15067,877,364,296,15067,1528,1567,1677,1707,0,0,0,0,0,0,0,33,23,-32,-56,138,,,,,,,,,,,,,,,,,,,,,,,,,,,,,,,,,,,,,,,,,,,,,,,,,,,,,,,,,,,,,,,,,,,,,,,,,,,
112403,1078,2591,45,227,909,3377,7047,57,-27,-49,2,13,-55,0,15067,903,352,296,15067,1559,1498,1713,1701,0,0,0,0,0,0,0,32,1,-18,3,129,,,,,,,,,,,,,,,,,,,,,,,,,,,,,,,,,,,,,,,,,,,,,,,,,,,,,,,,,,,,,,,,,,,,,,,,,,,
112450,1043,2900,-435,315,913,-3946,-2839,2133,-87,116,-2,0,-27,0,15022,896,303,291,15022,1560,1522,1710,1680,0,0,0,0,0,0,0,4,-13,59,44,136,,,,,,,,,,,,,,,,,,,,,,,,,,,,,,,,,,,,,,,,,,,,,,,,,,,,,,,,,,,,,,,,,,,,,,,,,,,
112503,1040,2339,253,45,889,3560,-2168,1705,-90,158,0,0,-9,0,14978,904,305,287,14978,1572,1508,1708,1688,0,0,0,0,0,0,0,37,1,-30,4,130,,,,,,,,,,,,,,,,,,,,,,,,,,,,,,,,,,,,,,,,,,,,,,,,,,,,,,,,,,,,,,,,,,,,,,,,,,,
112550,1033,1676,-44,64,1046,-6754,-17122,2377,-93,142,0,0,0,0,15022,932,309,291,15022,1550,1539,1681,1705,0,0,0,0,0,0,0,29,-1,-19,9,133,,,,,,,,,,,,,,,,,,,,,,,,,,,,,,,,,,,,,,,,,,,,,,,,,,,,,,,,,,,,,,,,,,,,,,,,,,,
112603,797,838,91,-114,974,631,-8821,-2017,-73,69,0,0,0,0,15067,916,257,296,15067,1555,1471,1726,1709,0,0,0,0,0,0,0,18,-2,-2,9,127,,,,,,,,,,,,,,,,,,,,,,,,,,,,,,,,,,,,,,,,,,,,,,,,,,,,,,,,,,,,,,,,,,,,,,,,,,,
112650,270,-39,119,-153,981,-4556,-8088,1278,-30,-10,2,-1,-1,0,15022,957,339,291,15022,1556,1518,1698,1696,0,0,0,0,0,0,0,22,4,-21,-14,134,,,,,,,,,,,,,,,,,,,,,,,,,,,,,,,,,,,,,,,,,,,,,,,,,,,,,,,,,,,,,,,,,,,,,,,,,,,
112703,-109,-793,107,67,869,-4068,-642,790,2,-76,2,-1,-1,0,14978,954,334,287,14978,1546,1525,1711,1689,0,0,0,0,0,0,0,23,-2,-32,0,129,,,,,,,,,,,,,,,,,,,,,,,,,,,,,,,,,,,,,,,,,,,,,,,,,,,,,,,,,,,,,,,,,,,,,,,,,,,
112750,147,-680,-7,105,754,-1444,-581,851,39,-59,2,10,0,0,14978,986,322,287,14978,1539,1531,1704,1694,0,0,0,0,0,0,0,7,-23,8,51,127,,,,,,,,,,,,,,,,,,,,,,,,,,,,,,,,,,,,,,,,,,,,,,,,,,,,,,,,,,,,,,,,,,,,,,,,,,,
112803,273,-536,-48,-111,1380,-650,-1008,2743,63,-116,0,17,-13,0,14978,1014,396,287,14978,1556,1539,1684,1690,0,0,0,0,0,0,0,11,-4,-6,0,135,,,,,,,,,,,,,,,,,,,,,,,,,,,,,,,,,,,,,,,,,,,,,,,,,,,,,,,,,,,,,,,,,,,,,,,,,,,
112850,369,-371,-179,-64,1281,4842,10099,1766,257,-332,0,57,-60,0,14978,1028,381,287,14978,1516,1568,1673,1712,0,0,0,0,0,0,0,10,1,0,-14,136,,,,,,,,,,,,,,,,,,,,,,,,,,,,,,,,,,,,,,,,,,,,,,,,,,,,,,,,,,,,,,,,,,,,,,,,,,,
112903,660,-203,298,-182,647,7650,6742,4452,249,-443,2,61,-85,0,14623,1052,341,255,14623,1564,1544,1643,1694,0,0,0,0,0,0,0,36,3,-63,-15,136,,,,,,,,,,,,,,,,,,,,,,,,,,,,,,,,,,,,,,,,,,,,,,,,,,,,,,,,,,,,,,,,,,,,,,,,,,,
112950,1222,437,546,-280,1070,11190,20292,3353,11,-509,0,23,-109,0,13543,1048,332,155,13543,1569,1464,1647,1657,0,0,0,0,0,0,0,39,0,-55,9,137,,,,,,,,,,,,,,,,,,,,,,,,,,,,,,,,,,,,,,,,,,,,,,,,,,,,,,,,,,,,,,,,,,,,,,,,,,,
113003,1843,2305,-327,49,901,-5411,29752,3903,-125,-374,0,6,-115,0,13500,1069,333,152,13500,1518,1530,1666,1629,0,0,0,0,0,0,0,10,-5,49,31,138,,,,,,,,,,,,,,,,,,,,,,,,,,,,,,,,,,,,,,,,,,,,,,,,,,,,,,,,,,,,,,,,,,,,,,,,,,,
113050,1625,2539,20,-221,840,-9866,22672,1889,-113,-319,0,5,-108,0,13543,1094,303,155,13543,1504,1516,1665,1653,0,0,0,0,0,0,0,42,15,-14,-29,140,,,,,,,,,,,,,,,,,,,,,,,,,,,,,,,,,,,,,,,,,,,,,,,,,,,,,,,,,,,,,,,,,,,,,,,,,,,
113103,1402,2943,609,-194,601,-6326,14066,2560,-97,-245,0,4,-100,0,13543,1104,254,155,13543,1519,1512,1640,1669,0,0,0,0,0,0,0,63,11,-56,-20,140,,,,,,,,,,,,,,,,,,,,,,,,,,,,,,,,,,,,,,,,,,,,,,,,,,,,,,,,,,,,,,,,,,,,,,,,,,,
113150,1699,3496,13,118,627,-4251,14249,1400,12,-82,0,32,-77,0,13500,1109,188,152,13500,1496,1518,1678,1642,0,0,0,0,0,0,0,40,-19,17,60,135,,,,,,,,,,,,,,,,,,,,,,,,,,,,,,,,,,,,,,,,,,,,,,,,,,,,,,,,,,,,,,,,,,,,,,,,,,,
113203,1255,2903,-65,-121,1156,-3092,2592,1889,-57,-29,4,10,-56,0,13585,1123,181,159,13585,1539,1489,1656,1655,0,0,0,0,0,0,0,55,-1,-19,5,137,,,,,,,,,,,,,,,,,,,,,,,,,,,,,,,,,,,,,,,,,,,,,,,,,,,,,,,,,,,,,,,,,,,,,,,,,,,
113250,826,2367,87,-387,1158,-10782,-3694,3414,-23,35,0,9,-34,0,13500,1144,187,152,13500,1513,1534,1642,1650,0,0,0,0,0,0,0,51,2,-9,-8,134,,,,,,,,,,,,,,,,,,,,,,,,,,,,,,,,,,,,,,,,,,,,,,,,,,,,,,,,,,,,,,,,,,,,,,,,,,,
113303,707,2441,-98,-272,1099,-7974,-3999,1950,-37,118,2,4,-18,0,13543,1158,202,155,13543,1520,1512,1666,1642,0,0,0,0,0,0,0,36,6,30,-21,136,,,,,,,,,,,,,,,,,,,,,,,,,,,,,,,,,,,,,,,,,,,,,,,,,,,,,,,,,,,,,,,,,,,,,,,,,,,
113350,1110,2351,-299,-289,1083,631,-9065,1583,-89,194,2,1,-2,0,13585,1166,162,159,13585,1540,1490,1666,1647,0,0,0,0,0,0,0,15,-2,80,3,134,,,,,,,,,,,,,,,,,,,,,,,,,,,,,,,,,,,,,,,,,,,,,,,,,,,,,,,,,,,,,,,,,,,,,,,,,,,
113403,1183,1554,181,12,919,-1749,-17793,1278,-92,125,0,2,-2,0,13543,1176,114,155,13543,1531,1489,1636,1677,0,0,0,0,0,0,0,33,-15,16,37,135,,,,,,,,,,,,,,,,,,,,,,,,,,,,,,,,,,,,,,,,,,,,,,,,,,,,,,,,,,,,,,,,,,,,,,,,,,,
113450,1124,1094,-163,281,823,-5350,-13215,1522,-52,85,2,9,-2,0,13543,1160,72,155,13543,1531,1499,1655,1655,0,0,0,0,0,0,0,18,-24,41,57,135,,,,,,,,,,,,,,,,,,,,,,,,,,,,,,,,,,,,,,,,,,,,,,,,,,,,,,,,,,,,,,,,,,,,,,,,,,,
113503,787,292,177,-129,970,-2237,-11140,1522,25,60,-2,18,6,0,13458,1168,-20,148,13458,1537,1487,1655,1653,0,0,0,0,0,0,0,36,0,-21,-9,133,,,,,,,,,,,,,,,,,,,,,,,,,,,,,,,,,,,,,,,,,,,,,,,,,,,,,,,,,,,,,,,,,,,,,,,,,,,
113550,482,-290,639,-397,1024,2706,-8638,1400,114,156,-2,31,36,0,13543,1154,-46,155,13543,1529,1496,1666,1644,0,0,0,0,0,0,0,49,12,-63,-41,138,,,,,,,,,,,,,,,,,,,,,,,,,,,,,,,,,,,,,,,,,,,,,,,,,,,,,,,,,,,,,,,,,,,,,,,,,,,
113603,983,168,170,-247,1153,2645,-17427,2560,127,231,0,42,43,0,13500,1131,-150,152,13500,1521,1527,1635,1660,0,0,0,0,0,0,0,8,-1,37,2,134,,,,,,,,,,,,,,,,,,,,,,,,,,,,,,,,,,,,,,,,,,,,,,,,,,,,,,,,,,,,,,,,,,,,,,,,,,,
113650,2022,181,-125,102,719,13204,-14375,-613,71,302,0,49,57,0,13543,1147,-169,155,13543,1543,1455,1681,1651,0,0,0,0,0,0,0,-4,-24,61,74,137,,,,,,,,,,,,,,,,,,,,,,,,,,,,,,,,,,,,,,,,,,,,,,,,,,,,,,,,,,,,,,,,,,,,,,,,,,,
113703,2039,-36,-284,19,772,9664,-18953,-1834,69,286,2,49,57,0,13543,1121,-186,155,13543,1522,1460,1676,1670,0,0,0,0,0,0,0,-15,-5,75,29,136,,,,,,,,,,,,,,,,,,,,,,,,,,,,,,,,,,,,,,,,,,,,,,,,,,,,,,,,,,,,,,,,,,,,,,,,,,,
113750,1970,-1535,-50,-8,1296,8138,-20296,-3,138,159,0,62,58,0,13500,1121,-227,152,13500,1521,1485,1646,1679,0,0,0,0,0,0,0,13,0,-23,17,135,,,,,,,,,,,,,,,,,,,,,,,,,,,,,,,,,,,,,,,,,,,,,,,,,,,,,,,,,,,,,,,,,,,,,,,,,,,
113803,2139,-1535,-123,265,968,14425,-12544,-4153,158,190,-2,69,64,0,13500,1115,-214,152,13500,1520,1417,1697,1679,0,0,0,0,0,0,0,-14,-4,35,35,142,,,,,,,,,,,,,,,,,,,,,,,,,,,,,,,,,,,,,,,,,,,,,,,,,,,,,,,,,,,,,,,,,,,,,,,,,,,
113850,1544,-2079,-31,40,824,2706,-21821,-491,214,111,0,69,58,0,13458,1100,-226,148,13458,1478,1516,1623,1705,0,0,0,0,0,0,0,4,23-125,168,13670,1489,1470,1690,1689,0,0,0,0,0,0,0,-5,-13,19,24,134,,,,,,,,,,,,,,,,,,,,,,,,,,,,,,,,,,,,,,,,,,,,,,,,,,,,,,,,,,,,
115403,-339,1714,-195,221,939,-3275,10709,-918,57,-202,0,5,-70,0,13543,837,-156,155,13543,1483,1450,1698,1685,0,0,0,0,0,0,0,-10,-13,39,17,138,,,,,,,,,,,,,,,,,,,,,,,,,,,,,,,,,,,,,,,,,,,,,,,,,,,,,,,,,,,,,,,,,,,,,,,,,,,
115450,-456,1542,-28,34,804,-650,12723,-1895,203,-238,0,32,-74,0,13585,830,-203,159,13585,1446,1473,1698,1697,0,0,0,0,0,0,0,5,115503,-106,2155,-120,-224,878,9359,15531,-735,208,-223,2,39,-82,0,13628,810,-200,163,13628,1498,1445,1704,1678,0,0,0,0,0,0,0,0,-2,32,-11,138,,,,,,,,,,,,,,,,,,,,,,,,,,,,,,,,,,,,,,,,,,,
115550,918,2507,-450,278,1397,15584,25297,607,115,-196,0,39,-83,0,13670,794,-229,168,13670,1534,1426,1722,1646,0,0,0,0,0,0,0,-6,-34,62,82,138,,,,,,,,,,,,,,,,,,,,,,,,,,,,,,,,,,,,,,,,,,,,,,,,,,,,,,,,,,,,,,,,,,,,,,,,,,,
115603,1484,2558,-113,126,606,9786,15531,3353,100,-188,0,46,-82,0,13543,783,-291,155,13543,1519,1481,1674,1659,0,0,0,0,0,0,0,5,-27,42,70,137,,,,,,,,,,,,,,,,,,,,,,,,,,,,,,,,,,,,,,,,,,,,,,,,,,,,,,,,,,,,,,,,,,,,,,,,,,,
115650,1760,2936,-144,23,856,2584,11930,2926,143,-148,2,59,-80,0,13543,773,-235,155,13543,1484,1513,1677,1659,0,0,0,0,0,0,0,5,-16,50,45,136,,,,,,,,,,,,,,,,,,,,,,,,,,,,,,,,,,,,,,,,,,,,,,,,,,,,,,,,,,,,,,,,,,,,,,,,,,,
115703,2078,3359,-168,232,675,12838,18278,-3,146,-45,2,65,-67,0,13970,744,-290,195,13970,1519,1430,1721,1646,0,0,0,0,0,0,0,0,-27,76,83,135,,,,,,,,,,,,,,,,,,,,,,,,,,,,,,,,,,,,,,,,,,,,,,,,,,,,,,,,,,,,,,,,,,,,,,,,,,,
115750,1939,2944,24,141,722,8504,2103,4452,64,-1,0,46,-51,0,14933,741,-323,284,14933,1569,1522,1689,1687,0,0,0,0,0,0,0,27,-2,5,22,130,,,,,,,,,,,,,,,,,,,,,,,,,,,,,,,,,,,,,,,,,,,,,,,,,,,,,,,,,,,,,,,,,,,,,,,,,,,
115803,3048,3423,-221,180,919,5513,4728,1461,-154,152,-2,22,-29,0,14978,706,-383,287,14978,1571,1477,1744,1665,0,0,0,0,0,0,0,-3,-38,91,127,139,,,,,,,,,,,,,,,,,,,,,,,,,,,,,,,,,,,,,,,,,,,,,,,,,,,,,,,,,,,,,,,,,,,,,,,,,,,
115850,2335,2520,27,65,724,-9195,-6929,1217,-165,164,0,7,-11,0,15022,693,-382,291,15022,1546,1505,1717,1695,0,0,0,0,0,0,0,30,1,-4,15,133,,,,,,,,,,,,,,,,,,,,,,,,,,,,,,,,,,,,,,,,,,,,,,,,,,,,,,,,,,,,,,,,,,,,,,,,,,,
115903,1530,1760,-221,173,1105,-7669,-11629,2987,-126,129,0,1,-4,0,15022,674,-381,291,15022,1552,1525,1697,1695,0,0,0,0,0,0,0,9,-1,43,17,137,,,,,,,,,,,,,,,,,,,,,,,,,,,,,,,,,,,,,,,,,,,,,,,,,,,,,,,,,,,,,,,,,,,,,,,,,,,
115950,1322,1125,76,61,1092,-3519,-9553,973,-108,80,2,1,-3,0,14978,648,-393,287,14978,1558,1491,1711,1701,0,0,0,0,0,0,0,26,-4,-7,25,132,,,,,,,,,,,,,,,,,,,,,,,,,,,,,,,,,,,,,,,,,,,,,,,,,,,,,,,,,,,,,,,,,,,,,,,,,,,
116003,1529,1148,-271,162,1226,-5716,-7661,-430,-126,75,2,1,-4,0,15022,635,-355,291,15022,1535,1498,1714,1715,0,0,0,0,0,0,0,3,-9,48,37,135,,,,,,,,,,,,,,,,,,,,,,,,,,,,,,,,,,,,,,,,,,,,,,,,,,,,,,,,,,,,,,,,,,,,,,,,,,,
116050,1398,1128,-155,80,671,-9805,-11690,302,-87,81,0,6,-3,0,15067,616,-366,296,15067,1532,1509,1704,1716,0,0,0,0,0,0,0,-5,-22,69,68,134,,,,,,,,,,,,,,,,,,,,,,,,,,,,,,,,,,,,,,,,,,,,,,,,,,,,,,,,,,,,,,,,,,,,,,,,,,,
116103,794,650,80,-47,1286,-1566,-5891,-613,14,39,0,16,-3,0,15067,612,-278,296,15067,1532,1498,1722,1712,0,0,0,0,0,0,0,15,3,5,-6,129,,,,,,,,,,,,,,,,,,,,,,,,,,,,,,,,,,,,,,,,,,,,,,,,,,,,,,,,,,,,,,,,,,,,,,,,,,,
116150,848,324,537,-296,1106,-955,-6502,607,184,21,0,51,-1,0,15022,616,-232,291,15022,1518,1529,1717,1702,0,0,0,0,0,0,0,20,1,-16,-4,132,,,,,,,,,,,,,,,,,,,,,,,,,,,,,,,,,,,,,,,,,,,,,,,,,,,,,,,,,,,,,,,,,,,,,,,,,,,
116203,1130,484,-379,248,1244,7161,-8882,2255,198,38,2,59,0,0,15067,594,-217,296,15067,1551,1522,1698,1704,0,0,0,0,0,0,0,0,-4,31,14,132,,,,,,,,,,,,,,,,,,,,,,,,,,,,,,,,,,,,,,,,,,,,,,,,,,,,,,,,,,,,,,,,,,,,,,,,,,,
116250,1704,59,-188,152,1213,10762,-9736,1095,210,-1,2,71,-1,0,15067,582,-240,296,15067,1558,1500,1709,1705,0,0,0,0,0,0,0,-2,-9,30,35,134,,,,,,,,,,,,,,,,,,,,,,,,,,,,,,,,,,,,,,,,,,,,,,,,,,,,,,,,,,,,,,,,,,,,,,,,,,,
116303,1961,133,-140,85,1279,11922,-3999,-247,188,15,0,71,0,0,15067,571,-221,296,15067,1544,1493,1714,1715,0,0,0,0,0,0,0,0,0,20,22,131,,,,,,,,,,,,,,,,,,,,,,,,,,,,,,,,,,,,,,,,,,,,,,,,,,,,,,,,,,,,,,,,,,,,,,,,,,,
116350,2358,144,-278,174,951,11983,-3755,-552,185,12,0,78,0,0,14978,555,-214,287,14978,1531,1497,1711,1717,0,0,0,0,0,0,0,-8,-9,43,59,133,,,,,,,,,,,,,,,,,,,,,,,,,,,,,,,,,,,,,,,,,,,,,,,,,,,,,,,,,,,,,,,,,,,,,,,,,,,
116403,3048,706,-7,81,1062,17232,2836,-4092,187,61,2,90,0,0,15022,555,-168,291,15022,1520,1456,1753,1715,0,0,0,0,0,0,0,-3,-2,29,55,131,,,,,,,,,,,,,,,,,,,,,,,,,,,,,,,,,,,,,,,,,,,,,,,,,,,,,,,,,,,,,,,,,,,,,,,,,,,
116450,2970,267,369,-78,766,12960,3751,-1162,253,23,0,102,0,0,15022,544,-140,291,15022,1515,1504,1738,1701,0,0,0,0,0,0,0,20,19,-35,6,133,,,,,,,,,,,,,,,,,,,,,,,,,,,,,,,,,,,,,,,,,,,,,,,,,,,,,,,,,,,,,,,,,,,,,,,,,,,
116503,3143,1163,-388,190,989,13143,-1253,241,263,101,2,107,0,0,15067,537,-150,296,15067,1537,1503,1720,1704,0,0,0,0,0,0,0,-27,11,95,37,136,,,,,,,,,,,,,,,,,,,,,,,,,,,,,,,,,,,,,,,,,,,,,,,,,,,,,,,,,,,,,,,,,,,,,,,,,,,
116550,2975,855,55,25,718,17720,-9492,-2261,277,74,2,107,0,0,15022,535,-123,291,15022,1538,1463,1719,1731,0,0,0,0,0,0,0,3,28,5,1,129,,,,,,,,,,,,,,,,,,,,,,,,,,,,,,,,,,,,,,,,,,,,,,,,,,,,,,,,,,,,,,,,,,,,,,,,,,,
116603,3256,232,299,-314,998,16805,-7234,-3237,89,20,2,74,0,0,15022,513,-114,291,15022,1542,1441,1731,1731,0,0,0,0,0,0,0,26,47,-63,-34,135,,,,,,,,,,,,,,,,,,,,,,,,,,,,,,,,,,,,,,,,,,,,,,,,,,,,,,,,,,,,,,,,,,,,,,,,,,,
116650,3124,269,399,-322,1086,5574,4362,-2017,-17,23,2,50,0,0,15067,498,-91,296,15067,1532,1471,1743,1707,0,0,0,0,0,0,0,17,45,-38,-24,134,,,,,,,,,,,,,,,,,,,,,,,,,,,,,,,,,,,,,,,,,,,,,,,,,,,,,,,,,,,,,,,,,,,,,,,,,,,
116703,2946,1146,-5,206,871,-8218,-6624,-796,-107,100,0,30,0,0,15067,518,-68,296,15067,1502,1518,1706,1733,0,0,0,0,0,0,0,-13,18,44,45,134,,,,,,,,,,,,,,,,,,,,,,,,,,,,,,,,,,,,,,,,,,,,,,,,,,,,,,,,,,,,,,,,,,,,,,,,,,,
116750,1841,747,-252,164,1347,-10111,-5586,-3604,-150,65,2,2,0,0,15067,500,-34,296,15067,1497,1483,1737,1734,0,0,0,0,0,0,0,-3,33,9,-6,134,,,,,,,,,,,,,,,,,,,,,,,,,,,,,,,,,,,,,,,,,,,,,,,,,,,,,,,,,,,,,,,,,,,,,,,,,,,
116803,1684,1192,100,48,1028,-16885,-5586,1339,-143,107,0,0,0,0,15067,500,3,296,15067,1533,1518,1721,1698,0,0,0,0,0,0,0,-25,-3,64,80,133,,,,,,,,,,,,,,,,,,,,,,,,,,,,,,,,,,,,,,,,,,,,,,,,,,,,,,,,,,,,,,,,,,,,,,,,,,,
116850,681,1264,8,-156,882,-8218,-3999,-552,-62,110,0,0,0,0,15022,484,-18,291,15022,1505,1518,1719,1721,0,0,0,0,0,0,0,-10,42,26,-47,132,,,,,,,,,,,,,,,,,,,,,,,,,,,,,,,,,,,,,,,,,,,,,,,,,,,,,,,,,,,,,,,,,,,,,,,,,,,
116903,804,1167,244,-21,768,-3580,-5525,-3848,-73,105,0,0,0,0,15022,492,11,291,15022,1508,1463,1734,1742,0,0,0,0,0,0,0,0,11,-4,29,130,,,,,,,,,,,,,,,,,,,,,,,,,,,,,,,,,,,,,,,,,,,,,,,,,,,,,,,,,,,,,,,,,,,,,,,,,,,
116950,952,1037,56,-2,859,-6632,-11262,119,-83,90,0,0,0,0,15022,487,23,291,15022,1535,1492,1714,1719,0,0,0,0,0,0,0,-11,0,18,54,127,,,,,,,,,,,,,,,,,,,,,,,,,,,,,,,,,,,,,,,,,,,,,,,,,,,,,,,,,,,,,,,,,,,,,,,,,,,
117003,310,155,125,-60,804,-6326,-7905,2072,-37,20,0,-2,1,0,15022,496,44,291,15022,1542,1514,1705,1707,0,0,0,0,0,0,0,12,28,-56,-29,131,,,,,,,,,,,,,,,,,,,,,,,,,,,,,,,,,,,,,,,,,,,,,,,,,,,,,,,,,,,,,,,,,,,,,,,,,,,
117050,378,537,-364,234,827,1546,2409,-1467,-50,46,0,-3,0,0,15022,476,-10,291,15022,1540,1458,1752,1696,0,0,0,0,0,0,0,-31,9,62,17,130,,,,,,,,,,,,,,,,,,,,,,,,,,,,,,,,,,,,,,,,,,,,,,,,,,,,,,,,,,,,,,,,,,,,,,,,,,,
117103,556,217,8,-6,1207,936,-3938,-613,-62,18,0,-2,0,0,15022,480,34,291,15022,1521,1492,1712,1731,0,0,0,0,0,0,0,-1,15,-21,1,125,,,,,,,,,,,,,,,,,,,,,,,,,,,,,,,,,,,,,,,,,,,,,,,,,,,,,,,,,,,,,,,,,,,,,,,,,,,
117150,578,272,25,63,800,-6571,-9797,-1834,-60,23,0,-2,0,0,15022,456,-20,291,15022,1504,1490,1721,1736,0,0,0,0,0,0,0,-18,8,15,13,129,,,,,,,,,,,,,,,,,,,,,,,,,,,,,,,,,,,,,,,,,,,,,,,,,,,,,,,,,,,,,,,,,,,,,,,,,,,
117203,489,-130,-249,187,811,-4068,-11201,3231,-53,-11,-2,-2,0,0,15067,474,-123,296,15067,1550,1517,1692,1711,0,0,0,0,0,0,0,-24,6,23,15,136,,,,,,,,,,,,,,,,,,,,,,,,,,,,,,,,,,,,,,,,,,,,,,,,,,,,,,,,,,,,,,,,,,,,,,,,,,,
117250,1205,546,-268,12,888,936,822,-1406,-115,47,0,-2,0,0,15022,473,-121,291,15022,1524,1476,1737,1715,0,0,0,0,0,0,0,-39,1,65,31,130,,,,,,,,,,,,,,,,,,,,,,,,,,,,,,,,,,,,,,,,,,,,,,,,,,,,,,,,,,,,,,,,,,,,,,,,,,,
117303,983,-78,65,-317,1452,-13468,-10042,912,-99,-6,0,-2,0,0,15067,451,10,296,15067,1495,1541,1687,1742,0,0,0,0,0,0,0,-10,13,-16,-4,133,,,,,,,,,,,,,,,,,,,,,,,,,,,,,,,,,,,,,,,,,,,,,,,,,,,,,,,,,,,,,,,,,,,,,,,,,,,
117350,1127,-336,430,-118,1164,-5289,-4365,-1162,-108,-29,0,-2,0,0,15022,442,-52,291,15022,1543,1458,1726,1724,0,0,0,0,0,0,0,-10,-10,-19,53,140,,,,,,,,,,,,,,,,,,,,,,,,,,,,,,,,,,,,,,,,,,,,,,,,,,,,,,,,,,,,,,,,,,,,,,,,,,,
117403,703,105,-432,-39,982,-4312,4606,-918,-68,5,2,-1,0,0,15112,471,-85,300,15112,1542,1466,1753,1691,0,0,0,0,0,0,0,-41,6,65,1,128,,,,,,,,,,,,,,,,,,,,,,,,,,,,,,,,,,,,,,,,,,,,,,,,,,,,,,,,,,,,,,,,,,,,,,,,,,,
117450,800,1002,-167,-39,1147,-772,7169,-2383,-83,87,0,-2,0,0,15022,481,63,291,15022,1524,1463,1753,1711,0,0,0,0,0,0,0,-49,-8,92,38,132,,,,,,,,,,,,,,,,,,,,,,,,,,,,,,,,,,,,,,,,,,,,,,,,,,,,,,,,,,,,,,,,,,,,,,,,,,,
117503,510,1147,52,-154,1254,-13895,-4671,2072,-62,96,2,-3,0,0,15112,467,51,300,15112,1513,1545,1706,1711,0,0,0,0,0,0,0,-26,6,29,-6,132,,,,,,,,,,,,,,,,,,,,,,,,,,,,,,,,,,,,,,,,,,,,,,,,,,,,,,,,,,,,,,,,,,,,,,,,,,,
117550,3,784,441,-165,1090,-4312,-5952,1034,-14,68,4,-2,0,0,15067,475,79,296,15067,1557,1485,1718,1707,0,0,0,0,0,0,0,-13,4,-12,-13,131,,,,,,,,,,,,,,,,,,,,,,,,,,,,,,,,,,,,,,,,,,,,,,,,,,,,,,,,,,,,,,,,,,,,,,,,,,,
117603,574,1280,-303,50,902,264,-9797,-1712,-179,55,-2,-25,-11,0,14978,483,89,287,14978,1561,1433,1729,1730,0,0,0,0,0,0,0,-50,-13,84,33,136,,,,,,,,,,,,,,,,,,,,,,,,,,,,,,,,,,,,,,,,,,,,,,,,,,,,,,,,,,,,,,,,,,,,,,,,,,,
117650,933,348,-202,278,996,-3885,2042,-64,-273,-161,0,-38,-38,0,15022,461,81,291,15022,1552,1469,1713,1726,0,0,0,0,0,0,0,-19,-25,-1,64,136,,,,,,,,,,,,,,,,,,,,,,,,,,,,,,,,,,,,,,,,,,,,,,,,,,,,,,,,,,,,,,,,,,,,,,,,,,,
117703,495,327,178,-262,1429,-21951,10221,-735,-280,-271,2,-47,-60,0,15022,450,28,291,15022,1500,1514,1726,1716,0,0,0,0,0,0,0,-12,-14,-16,20,141,,,,,,,,,,,,,,,,,,,,,,,,,,,,,,,,,,,,,,,,,,,,,,,,,,,,,,,,,,,,,,,,,,,,,,,,,,,
117750,104,1157,126,40,1331,-16519,15958,241,-270,-220,0,-52,-64,0,15022,489,37,291,15022,1550,1476,1736,1696,0,0,0,0,0,0,0,-27,-29,34,44,138,,,,,,,,,,,,,,,,,,,,,,,,,,,,,,,,,,,,,,,,,,,,,,,,,,,,,,,,,,,,,,,,,,,,,,,,,,,
117803,-286,2250,-389,-9,1095,-9195,11442,302,-201,-93,2,-45,-57,0,15112,452,12,300,15112,1549,1481,1736,1693,0,0,0,0,0,0,0,-44,-24,93,22,138,,,,,,,,,,,,,,,,,,,,,,,,,,,,,,,,,,,,,,,,,,,,,,,,,,,,,,,,,,,,,,,,,,,,,,,,,,,
117850,-655,2682,-218,-3,1245,-4801,16569,-979,-68,0,2,-25,-46,0,15067,455,96,296,15067,1537,1476,1754,1691,0,0,0,0,0,0,0,-35,-22,80,9,135,,,,,,,,,,,,,,,,,,,,,,,,,,,,,,,,,,,,,,,,,,,,,,,,,,,,,,,,,,,,,,,,,,,,,,,,,,,
117903,-841,2995,38,-173,1171,-5289,3446,2560,45,121,2,-5,-27,0,15067,514,195,296,15067,1532,1535,1714,1693,0,0,0,0,0,0,0,-20,-16,42,-14,137,,,,,,,,,,,,,,,,,,,,,,,,,,,,,,,,,,,,,,,,,,,,,,,,,,,,,,,,,,,,,,,,,,,,,,,,,,,
117950,-371,2398,257,-40,1216,5513,4423,851,7,125,0,-4,-16,0,15022,529,173,291,15022,1568,1466,1735,1690,0,0,0,0,0,0,0,3,-31,-18,25,132,,,,,,,,,,,,,,,,,,,,,,,,,,,,,,,,,,,,,,,,,,,,,,,,,,,,,,,,,,,,,,,,,,,,,,,,,,,
118003,611,2297,-403,247,722,570,-4121,668,-63,176,0,-2,-4,0,14978,479,198,287,14978,1555,1482,1726,1701,0,0,0,0,0,0,0,-27,-52,63,84,133,,,,,,,,,,,,,,,,,,,,,,,,,,,,,,,,,,,,,,,,,,,,,,,,,,,,,,,,,,,,,,,,,,,,,,,,,,,
118050,1582,2265,-41,187,1039,5330,1493,302,-92,173,0,9,-4,0,15022,491,111,291,15022,1565,1463,1729,1701,0,0,0,0,0,0,0,-14,-56,31,101,134,,,,,,,,,,,,,,,,,,,,,,,,,,,,,,,,,,,,,,,,,,,,,,,,,,,,,,,,,,,,,,,,,,,,,,,,,,,
118103,1431,1650,-348,67,1094,4842,1432,-2383,115,95,2,48,-9,0,15022,510,110,291,15022,1531,1462,1760,1695,0,0,0,0,0,0,0,-30,-36,72,49,135,,,,,,,,,,,,,,,,,,,,,,,,,,,,,,,,,,,,,,,,,,,,,,,,,,,,,,,,,,,,,,,,,,,,,,,,,,,
118150,1960,1105,-29,200,821,14852,2225,-857,237,-46,0,81,-28,0,15067,518,90,296,15067,1548,1467,1730,1714,0,0,0,0,0,0,0,-16,-48,31,88,135,,,,,,,,,,,,,,,,,,,,,,,,,,,,,,,,,,,,,,,,,,,,,,,,,,,,,,,,,,,,,,,,,,,,,,,,,,,
118203,1882,427,160,-242,1181,5941,-703,3353,244,-105,0,81,-28,0,14978,519,112,287,14978,1532,1549,1697,1699,0,0,0,0,0,0,0,9,-4,-39,-21,136,,,,,,,,,,,,,,,,,,,,,,,,,,,,,,,,,,,,,,,,,,,,,,,,,,,,,,,,,,,,,,,,,,,,,,,,,,,
118250,1780,-90,328,-365,1200,8931,11381,668,172,-151,0,65,-28,0,14978,523,160,287,14978,1539,1500,1734,1686,0,0,0,0,0,0,0,17,0,-59,-28,136,,,,,,,,,,,,,,,,,,,,,,,,,,,,,,,,,,,,,,,,,,,,,,,,,,,,,,,,,,,,,,,,,,,,,,,,,,,
118303,1475,285,-90,-26,889,3194,7291,2926,129,-114,-2,51,-27,0,13500,556,186,152,13500,1490,1502,1671,1664,0,0,0,0,0,0,0,5,5,-17,-29,134,,,,,,,,,,,,,,,,,,,,,,,,,,,,,,,,,,,,,,,,,,,,,,,,,,,,,,,,,,,,,,,,,,,,,,,,,,,
118350,1752,649,-397,149,983,7711,10343,3720,0,-110,2,30,-33,0,12708,569,166,76,12708,1527,1465,1664,1646,0,0,0,0,0,0,0,-10,-5,36,9,132,,,,,,,,,,,,,,,,,,,,,,,,,,,,,,,,,,,,,,,,,,,,,,,,,,,,,,,,,,,,,,,,,,,,,,,,,,,
118403,2693,631,93,163,479,1424,7658,3964,-242,-143,0,-1,-39,0,12341,584,118,40,12341,1518,1424,1626,1642,0,0,0,0,0,0,0,18,-45,-29,126,135,,,,,,,,,,,,,,,,,,,,,,,,,,,,,,,,,,,,,,,,,,,,,,,,,,,,,,,,,,,,,,,,,,,,,,,,,,,
118450,2312,1338,223,-27,654,-15054,8573,3598,-208,-158,2,-1,-55,0,12341,569,93,40,12341,1470,1477,1638,1632,0,0,0,0,0,0,0,13,-11,-5,27,136,,,,,,,,,,,,,,,,,,,,,,,,,,,,,,,,,,,,,,,,,,,,,,,,,,,,,,,,,,,,,,,,,,,,,,,,,,,
118503,556,486,111,-156,688,-14871,11381,4330,136,-379,4,37,-84,0,12261,585,41,31,12261,1428,1526,1608,1646,0,0,0,0,0,0,0,50,19,-93,-66,136,,,,,,,,,,,,,,,,,,,,,,,,,,,,,,,,,,,,,,,,,,,,,,,,,,,,,,,,,,,,,,,,,,,,,,,,,,,
118550,369,757,65,-133,627,15279,29020,2499,23,-412,2,11,-95,0,12220,581,-11,27,12220,1541,1373,1660,1613,0,0,0,0,0,0,0,35,9,-35,-37,133,,,,,,,,,,,,,,,,,,,,,,,,,,,,,,,,,,,,,,,,,,,,,,,,,,,,,,,,,,,,,,,,,,,,,,,,,,,
118603,1218,2031,-305,49,1175,10762,35429,2926,-88,-395,-2,3,-114,0,12220,563,3,27,12220,1518,1415,1683,1588,0,0,0,0,0,0,0,12,-25,51,68,136,,,,,,,,,,,,,,,,,,,,,,,,,,,,,,,,,,,,,,,,,,,,,,,,,,,,,,,,,,,,,,,,,,,,,,,,,,,
118650,1973,2813,-417,83,820,-9805,24076,4269,-158,-326,0,2,-114,0,12140,599,-76,20,12140,1474,1482,1637,1609,0,0,0,0,0,0,0,30,-31,24,85,137,,,,,,,,,,,,,,,,,,,,,,,,,,,,,,,,,,,,,,,,,,,,,,,,,,,,,,,,,,,,,,,,,,,,,,,,,,,
118703,2106,4141,-381,-20,961,-3885,25236,2804,-169,-106,2,2,-93,0,13500,554,-222,152,13500,1506,1450,1687,1587,0,0,0,0,0,0,0,4,-20,115,53,139,,,,,,,,,,,,,,,,,,,,,,,,,,,,,,,,,,,,,,,,,,,,,,,,,,,,,,,,,,,,,,,,,,,,,,,,,,,
118750,963,3846,-282,-31,815,-5777,8695,5551,0,-44,0,16,-76,0,13543,587,-216,155,13543,1511,1542,1642,1646,0,0,0,0,0,0,0,39,21,33,-62,134,,,,,,,,,,,,,,,,,,,,,,,,,,,,,,,,,,,,,,,,,,,,,,,,,,,,,,,,,,,,,,,,,,,,,,,,,,,
118803,640,3267,196,-15,883,3621,1615,5429,101,61,0,31,-44,0,13500,556,-197,152,13500,1551,1502,1650,1637,0,0,0,0,0,0,0,53,3,-2,-16,132,,,,,,,,,,,,,,,,,,,,,,,,,,,,,,,,,,,,,,,,,,,,,,,,,,,,,,,,,,,,,,,,,,,,,,,,,,,
118850,999,2665,165,-205,999,12166,-1619,2560,-45,92,0,8,-27,0,13628,537,-261,163,13628,1555,1462,1675,1650,0,0,0,0,0,0,0,50,1,3,-3,132,,,,,,,,,,,,,,,,,,,,,,,,,,,,,,,,,,,,,,,,,,,,,,,,,,,,,,,,,,,,,,,,,,,,,,,,,,,
118903,2228,2601,149,-231,1090,2340,-8455,1950,-176,213,0,3,-2,0,13670,501,-308,168,13670,1536,1479,1687,1645,0,0,0,0,0,0,0,31,-25,47,76,137,,,,,,,,,,,,,,,,,,,,,,,,,,,,,,,,,,,,,,,,,,,,,,,,,,,,,,,,,,,,,,,,,,,,,,,,,,,
118950,2628,3021,-462,393,1197,-10477,-14863,3048,-218,253,2,2,-2,0,13713,468,-372,172,13713,1549,1485,1666,1650,0,0,0,0,0,0,0,2,-35,116,98,140,,,,,,,,,,,,,,,,,,,,,,,,,,,,,,,,,,,,,,,,,,,,,,,,,,,,,,,,,,,,,,,,,,,,,,,,,,,
119003,1811,1585,-298,95,959,-6510,-18220,3109,135,124,0,58,-2,0,13756,471,-418,175,13756,1535,1507,1661,1658,0,0,0,0,0,0,0,18,-15,57,39,137,,,,,,,,,,,,,,,,,,,,,,,,,,,,,,,,,,,,,,,,,,,,,,,,,,,,,,,,,,,,,,,,,,,,,,,,,,,
119050,788,352,221,-273,1055,11922,-18953,2133,336,20,-2,80,-2,0,13756,475,-381,175,13756,1542,1485,1658,1672,0,0,0,0,0,0,0,42,28,-25,-74,138,,,,,,,,,,,,,,,,,,,,,,,,,,,,,,,,,,,,,,,,,,,,,,,,,,,,,,,,,,,,,,,,,,,,,,,,,,,
119103,1072,-251,137,-224,905,17415,-16450,5123,587,-21,2,136,0,0,13798,438,-476,179,13798,1527,1552,1634,1658,0,0,0,0,0,0,0,26,23,1,-44,137,,,,,,,,,,,,,,,,,,,,,,,,,,,,,,,,,,,,,,,,,,,,,,,,,,,,,,,,,,,,,,,,,,,,,,,,,,,
119150,2012,-378,272,-245,812,35604,-9614,2072,578,-36,0,150,0,0,14143,370,-591,211,14143,1542,1493,1662,1665,0,0,0,0,0,0,0,31,35,-19,-48,138,,,,,,,,,,,,,,,,,,,,,,,,,,,,,,,,,,,,,,,,,,,,,,,,,,,,,,,,,,,,,,,,,,,,,,,,,,,
119203,4073,-648,91,104,1031,35115,-12666,3720,402,-60,-2,151,0,0,14978,345,-526,287,14978,1587,1531,1656,1701,0,0,0,0,0,0,0,33,8,-33,58,137,,,,,,,,,,,,,,,,,,,,,,,,,,,,,,,,,,,,,,,,,,,,,,,,,,,,,,,,,,,,,,,,,,,,,,,,,,,
119250,5168,-264,-84,-325,1646,30660,-4854,1339,222,-30,0,134,-1,0,15472,340,-457,332,15472,1605,1506,1699,1703,0,0,0,0,0,0,0,4,18,41,61,137,,,,,,,,,,,,,,,,,,,,,,,,,,,,,,,,,,,,,,,,,,,,,,,,,,,,,,,,,,,,,,,,,,,,,,,,,,,
119303,5911,-176,285,278,1114,22847,-398,973,46,-22,0,112,-1,0,15518,296,-402,336,15518,1597,1510,1705,1700,0,0,0,0,0,0,0,29,32,-27,47,135,,,,,,,,,,,,,,,,,,,,,,,,,,,,,,,,,,,,,,,,,,,,,,,,,,,,,,,,,,,,,,,,,,,,,,,,,,,
119350,5447,24,308,-274,665,4903,4179,-3,-18,-1,2,91,0,0,15518,346,-327,336,15518,1565,1538,1714,1705,0,0,0,0,0,0,0,35,65,-40,-29,130,,,,,,,,,,,,,,,,,,,,,,,,,,,,,,,,,,,,,,,,,,,,,,,,,,,,,,,,,,,,,,,,,,,,,,,,,,,
119403,5782,1201,-496,550,1220,11556,6742,-1406,-113,101,-2,78,0,0,15472,297,-421,332,15472,1603,1465,1744,1687,0,0,0,0,0,0,0,2,25,54,87,137,,,,,,,,,,,,,,,,,,,,,,,,,,,,,,,,,,,,,,,,,,,,,,,,,,,,,,,,,,,,,,,,,,,,,,,,,,,
119450,4512,1108,108,-207,1325,-14810,89,546,-135,89,2,51,-1,0,15157,281,-379,304,15157,1532,1558,1696,1700,0,0,0,0,0,0,0,23,55,-2,1,133,,,,,,,,,,,,,,,,,,,,,,,,,,,,,,,,,,,,,,,,,,,,,,,,,,,,,,,,,,,,,,,,,,,,,,,,,,,
119503,3074,1368,-286,329,1233,325,5216,-2627,-170,112,-2,19,-1,0,15112,179,-474,300,15112,1596,1433,1747,1685,0,0,0,0,0,0,0,8,48,37,6,135,,,,,,,,,,,,,,,,,,,,,,,,,,,,,,,,,,,,,,,,,,,,,,,,,,,,,,,,,,,,,,,,,,,,,,,,,,,
119550,2565,1235,-309,345,801,-12613,-3572,119,-223,107,-2,0,0,0,15067,161,-550,296,15067,1573,1503,1703,1699,0,0,0,0,0,0,0,6,22,40,66,135,,,,,,,,,,,,,,,,,,,,,,,,,,,,,,,,,,,,,,,,,,,,,,,,,,,,,,,,,,,,,,,,,,,,,,,,,,,
119603,1363,676,44,86,1288,-14017,-5769,-1467,-122,52,-2,0,-1,0,15067,179,-325,296,15067,1549,1504,1725,1692,0,0,0,0,0,0,0,13,36,9,8,133,,,,,,,,,,,,,,,,,,,,,,,,,,,,,,,,,,,,,,,,,,,,,,,,,,,,,,,,,,,,,,,,,,,,,,,,,,,
119650,515,97,-298,449,1284,-5960,2592,-3,-48,5,0,0,0,0,15022,153,-347,291,15022,1586,1482,1726,1672,0,0,0,0,0,0,0,0,18,38,40,126,,,,,,,,,,,,,,,,,,,,,,,,,,,,,,,,,,,,,,,,,,,,,,,,,,,,,,,,,,,,,,,,,,,,,,,,,,,
119703,-406,-111,-199,46,911,-17435,-10103,3475,-90,-13,2,-25,0,0,15022,110,-264,291,15022,1575,1552,1657,1701,0,0,0,0,0,0,0,2,24,24,8,135,,,,,,,,,,,,,,,,,,,,,,,,,,,,,,,,,,,,,,,,,,,,,,,,,,,,,,,,,,,,,,,,,,,,,,,,,,,
119750,-255,202,-61,-82,1016,-8218,-4548,1034,-141,10,0,-32,-1,0,15067,187,-1,296,15067,1581,1507,1698,1687,0,0,0,0,0,0,0,5,24,11,1,132,,,,,,,,,,,,,,,,,,,,,,,,,,,,,,,,,,,,,,,,,,,,,,,,,,,,,,,,,,,,,,,,,,,,,,,,,,,
119803,-7,828,260,-554,1179,-16763,-5281,1705,-135,65,2,-27,-1,0,15022,172,2,291,15022,1559,1544,1690,1685,0,0,0,0,0,0,0,-21,12,81,24,134,,,,,,,,,,,,,,,,,,,,,,,,,,,,,,,,,,,,,,,,,,,,,,,,,,,,,,,,,,,,,,,,,,,,,,,,,,,
119850,157,738,335,-194,690,-17496,-13643,2133,-111,148,2,-19,16,0,13416,154,47,143,13416,1492,1534,1631,1670,0,0,0,0,0,0,0,13,14,-16,9,136,,,,,,,,,,,,,,,,,,,,,,,,,,,,,,,,,,,,,,,,,,,,,,,,,,,,,,,,,,,,,,,,,,,,,,,,,,,
119903,206,951,-275,227,1079,-4007,-16267,1095,-35,215,0,-3,26,0,12997,130,-38,103,12997,1527,1459,1651,1645,0,0,0,0,0,0,0,-11,9,41,18,135,,,,,,,,,,,,,,,,,,,,,,,,,,,,,,,,,,,,,,,,,,,,,,,,,,,,,,,,,,,,,,,,,,,,,,,,,,,
119950,203,74,26,-54,1016,-6448,-24873,2438,-38,208,-2,-4,40,0,12914,179,110,96,12914,1520,1483,1605,1671,0,0,0,0,0,0,0,3,10,-13,12,132,,,,,,,,,,,,,,,,,,,,,,,,,,,,,,,,,,,,,,,,,,,,,,,,,,,,,,,,,,,,,,,,,,,,,,,,,,,
120003,578,208,-77,-45,903,-4007,-23897,57,-60,297,-2,-2,55,0,12956,143,-89,100,12956,1498,1472,1641,1665,0,0,0,0,0,0,0,-31,11,66,12,133,,,,,,,,,,,,,,,,,,,,,,,,,,,,,,,,,,,,,,,,,,,,,,,,,,,,,,,,,,,,,,,,,,,,,,,,,,,
120050,938,-1039,-186,-55,942,-4007,-22981,546,-71,199,-2,2,57,0,12914,165,-57,96,12914,1525,1448,1640,1659,0,0,0,0,0,0,0,-21,8,18,21,134,,,,,,,,,,,,,,,,,,,,,,,,,,,,,,,,,,,,,,,,,,,,,,,,,,,,,,,,,,,,,,,,,,,,,,,,,,,
120103,296,-2048,-46,-29,1059,203,-14802,1156,-15,107,-4,2,57,0,12832,163,-32,87,12832,1527,1449,1639,1650,0,0,0,0,0,0,0,-20,21,-2,-19,135,,,,,,,,,,,,,,,,,,,,,,,,,,,,,,,,,,,,,,,,,,,,,,,,,,,,,,,,,,,,,,,,,,,,,,,,,,,
120150,537,-1624,-234,8,907,936,-11751,790,-57,147,0,-2,57,0,13332,157,-92,136,13332,1531,1473,1649,1662,0,0,0,0,0,0,0,-37,13,35,4,131,,,,,,,,,,,,,,,,,,,,,,,,,,,,,,,,,,,,,,,,,,,,,,,,,,,,,,,,,,,,,,,,,,,,,,,,,,,
120203,818,-1609,-36,-166,1091,-9378,-13276,3598,-67,114,-2,0,50,0,13332,184,-86,136,13332,1510,1535,1620,1659,0,0,0,0,0,0,0,-40,14,33,2,137,,,,,,,,,,,,,,,,,,,,,,,,,,,,,,,,,,,,,,,,,,,,,,,,,,,,,,,,,,,,,,,,,,,,,,,,,,,
120250,471,-1426,-368,62,1009,-2176,-1314,-857,-65,1,-2,-4,25,0,13458,163,-60,148,13458,1531,1452,1675,1663,0,0,0,0,0,0,0,-52,11,60,4,134,,,,,,,,,,,,,,,,,,,,,,,,,,,,,,,,,,,,,,,,,,,,,,,,,,,,,,,,,,,,,,,,,,,,,,,,,,,
120303,8,-1397,139,-108,851,-14261,9672,2316,-94,-62,0,-18,11,0,13798,166,13,179,13798,1519,1517,1663,1635,0,0,0,0,0,0,0,-26,8,-8,2,132,,,,,,,,,,,,,,,,,,,,,,,,,,,,,,,,,,,,,,,,,,,,,,,,,,,,,,,,,,,,,,,,,,,,,,,,,,,
120350,-108,-999,-378,221,845,-2908,12174,302,-84,-62,2,-18,4,0,14273,197,-47,224,14273,1576,1471,1693,1661,0,0,0,0,0,0,0,-41,-15,37,56,136,,,,,,,,,,,,,,,,,,,,,,,,,,,,,,,,,,,,,,,,,,,,,,,,,,,,,,,,,,,,,,,,,,,,,,,,,,,
120403,4,-383,602,50,1154,-9256,14249,1400,-185,-12,-2,-37,4,0,14667,173,84,260,14667,1576,1507,1690,1669,0,0,0,0,0,0,0,-23,-24,-2,70,134,,,,,,,,,,,,,,,,,,,,,,,,,,,,,,,,,,,,,,,,,,,,,,,,,,,,,,,,,,,,,,,,,,,,,,,,,,,
120450,-533,442,20,-10,1197,-13284,18400,1705,-141,56,-2,-37,3,0,14844,146,-113,276,14844,1572,1523,1707,1650,0,0,0,0,0,0,0,-20,-10,0,16,137,,,,,,,,,,,,,,,,,,,,,,,,,,,,,,,,,,,,,,,,,,,,,,,,,,,,,,,,,,,,,,,,,,,,,,,,,,,
120503,-1207,813,-328,33,1143,-17069,-825,790,-121,77,0,-45,1,0,14933,166,74,284,14933,1553,1535,1677,1692,0,0,0,0,0,0,0,-28,-13,27,6,134,,,,,,,,,,,,,,,,,,,,,,,,,,,,,,,,,,,,,,,,,,,,,,,,,,,,,,,,,,,,,,,,,,,,,,,,,,,
120550,-1395,619,-287,151,1054,-14627,-3206,302,-98,64,2,-43,2,0,14933,130,98,284,14933,1557,1534,1681,1697,0,0,0,0,0,0,0,-31,-28,33,34,136,,,,,,,,,,,,,,,,,,,,,,,,,,,,,,,,,,,,,,,,,,,,,,,,,,,,,,,,,,,,,,,,,,,,,,,,,,,
120603,-1521,416,168,46,1162,-5655,-5220,363,-87,39,-2,-43,0,0,14978,133,127,287,14978,1568,1523,1670,1710,0,0,0,0,0,0,0,-23,-29,7,27,134,,,,,,,,,,,,,,,,,,,,,,,,,,,,,,,,,,,,,,,,,,,,,,,,,,,,,,,,,,,,,,,,,,,,,,,,,,,
120650,-1328,-194,95,154,775,-9683,3019,4757,-103,-9,-4,-43,1,0,14978,193,220,287,14978,1582,1569,1689,1640,0,0,0,0,0,0,0,-10,-38,-32,41,137,,,,,,,,,,,,,,,,,,,,,,,,,,,,,,,,,,,,,,,,,,,,,,,,,,,,,,,,,,,,,,,,,,,,,,,,,,,
120703,-1821,-412,-15,-240,1366,-12003,1066,2011,-50,-32,0,-41,0,0,14933,230,370,284,14933,1562,1558,1677,1683,0,0,0,0,0,0,0,-16,-21,-14,-14,141,,,,,,,,,,,,,,,,,,,,,,,,,,,,,,,,,,,,,,,,,,,,,,,,,,,,,,,,,,,,,,,,,,,,,,,,,,,
120750,-1296,296,-482,-17,1213,-6021,-4548,1522,-92,99,0,-41,14,0,14978,203,312,287,14978,1567,1546,1667,1696,0,0,0,0,0,0,0,-41,-37,57,24,138,,,,,,,,,,,,,,,,,,,,,,,,,,,,,,,,,,,,,,,,,,,,,,,,,,,,,,,,,,,,,,,,,,,,,,,,,,,
120803,-1054,-286,225,223,757,-12979,-4793,607,43,142,0,-9,33,0,14933,302,434,284,14933,1535,1565,1698,1672,0,0,0,0,0,0,0,-11,-48,-26,46,137,,,,,,,,,,,,,,,,,,,,,,,,,,,,,,,,,,,,,,,,,,,,,,,,,,,,,,,,,,,,,,,,,,,,,,,,,,,
120850,-856,-219,124,48,819,1607,-5464,1766,64,176,2,-2,39,0,14978,242,488,287,14978,1584,1534,1687,1671,0,0,0,0,0,0,0,-20,-41,-6,26,133,,,,,,,,,,,,,,,,,,,,,,,,,,,,,,,,,,,,,,,,,,,,,,,,,,,,,,,,,,,,,,,,,,,,,,,,,,,
120903,-506,-556,-122,-35,1373,6002,-8455,-1956,285,52,8,48,20,0,15112,295,456,300,15112,1533,1542,1684,1713,0,0,0,0,0,0,0,-17,-23,-20,-17,139,,,,,,,,,,,,,,,,,,,,,,,,,,,,,,,,,,,,,,,,,,,,,,,,,,,,,,,,,,,,,,,,,,,,,,,,,,,
120950,414,117,-186,57,1016,6429,-11018,2865,309,17,-2,69,1,0,14978,320,560,287,14978,1554,1578,1657,1690,0,0,0,0,0,0,0,-60,-37,89,28,134,,,,,,,,,,,,,,,,,,,,,,,,,,,,,,,,,,,,,,,,,,,,,,,,,,,,,,,,,,,,,,,,,,,,,,,,,,,
121003,551,-1101,749,-532,1217,28280,9550,-369,231,-96,0,55,0,0,15022,316,422,291,15022,1595,1486,1715,1665,0,0,0,0,0,0,0,5,1,-89,-57,134,,,,,,,,,,,,,,,,,,,,,,,,,,,,,,,,,,,,,,,,,,,,,,,,,,,,,,,,,,,,,,,,,,,,,,,,,,,
121050,1671,-305,222,-252,1119,17293,11381,-1040,67,-26,2,42,0,0,15022,368,511,291,15022,1580,1498,1720,1669,0,0,0,0,0,0,0,-28,-22,9,20,136,,,,,,,,,,,,,,,,,,,,,,,,,,,,,,,,,,,,,,,,,,,,,,,,,,,,,,,,,,,,,,,,,,,,,,,,,,,
121103,2932,931,-292,582,929,-5350,-9431,3292,-105,46,0,30,-6,0,14933,332,388,284,14933,1556,1582,1638,1702,0,0,0,0,0,0,0,-53,-54,78,115,137,,,,,,,,,,,,,,,,,,,,,,,,,,,,,,,,,,,,,,,,,,,,,,,,,,,,,,,,,,,,,,,,,,,,,,,,,,,
121150,2311,499,106,-10,1432,-6571,-4487,241,-55,-19,-4,29,-12,0,15022,348,351,291,15022,1540,1557,1685,1695,0,0,0,0,0,0,0,-34,-24,23,30,137,,,,,,,,,,,,,,,,,,,,,,,,,,,,,,,,,,,,,,,,,,,,,,,,,,,,,,,,,,,,,,,,,,,,,,,,,,,
121203,1600,246,-164,-49,889,-3946,6681,2743,13,-107,0,30,-25,0,13500,429,500,152,13500,1529,1531,1644,1642,0,0,0,0,0,0,0,-30,-11,13,-7,136,,,,,,,,,,,,,,,,,,,,,,,,,,,,,,,,,,,,,,,,,,,,,,,,,,,,,,,,,,,,,,,,,,,,,,,,,,,
121250,1084,338,-78,-98,921,7772,12540,546,86,-179,0,36,-41,0,13416,436,493,143,13416,1538,1489,1655,1654,0,0,0,0,0,0,0,-22,-4,-1,-25,134,,,,,,,,,,,,,,,,,,,,,,,,,,,,,,,,,,,,,,,,,,,,,,,,,,,,,,,,,,,,,,,,,,,,,,,,,,,
121303,1001,842,-188,145,881,8809,9367,2133,163,-299,2,50,-74,0,13416,489,520,143,13416,1534,1515,1631,1652,0,0,0,0,0,0,0,-32,-8,34,-8,135,,,,,,,,,,,,,,,,,,,,,,,,,,,,,,,,,,,,,,,,,,,,,,,,,,,,,,,,,,,,,,,,,,,,,,,,,,,
121350,916,589,296,-269,1112,17049,24198,973,136,-489,0,43,-108,0,13374,485,404,139,13374,1563,1461,1650,1647,0,0,0,0,0,0,0,9,0,-64,-27,136,,,,,,,,,,,,,,,,,,,,,,,,,,,,,,,,,,,,,,,,,,,,,,,,,,,,,,,,,,,,,,,,,,,,,,,,,,,
121403,1601,1266,-40,-83,966,11434,32621,302,-97,-486,0,8,-119,0,13332,503,345,136,13332,1558,1460,1664,1641,0,0,0,0,0,0,0,6,-9,-31,10,135,,,,,,,,,,,,,,,,,,,,,,,,,,,,,,,,,,,,,,,,,,,,,,,,,,,,,,,,,,,,,,,,,,,,,,,,,,,
121450,1520,2172,-173,-306,1015,570,36222,485,-97,-327,2,6,-103,0,13416,513,305,143,13416,1530,1492,1678,1619,0,0,0,0,0,0,0,8,8,-6,-37,135,,,,,,,,,,,,,,,,,,,,,,,,,,,,,,,,,,,,,,,,,,,,,,,,,,,,,,,,,,,,,,,,,,,,,,,,,,,
121503,336,2982,139,-143,587,-650,31889,363,40,-165,2,13,-85,0,13416,546,235,143,13416,1531,1494,1689,1612,0,0,0,0,0,0,0,6,16,27,-63,133,,,,,,,,,,,,,,,,,,,,,,,,,,,,,,,,,,,,,,,,,,,,,,,,,,,,,,,,,,,,,,,,,,,,,,,,,,,
121550,221,3412,-46,43,972,13143,18400,-1467,165,-124,0,37,-84,0,13458,534,189,148,13458,1541,1456,1679,1647,0,0,0,0,0,0,0,10,0,33,-13,135,,,,,,,,,,,,,,,,,,,,,,,,,,,,,,,,,,,,,,,,,,,,,,,,,,,,,,,,,,,,,,,,,,,,,,,,,,,
121603,684,2361,334,-239,989,18880,18400,119,369,-216,0,85,-84,0,13458,580,192,148,13458,1514,1509,1661,1648,0,0,0,0,0,0,0,62,8,-95,-22,136,,,,,,,,,,,,,,,,,,,,,,,,,,,,,,,,,,,,,,,,,,,,,,,,,,,,,,,,,,,,,,,,,,,,,,,,,,,
121650,1247,2478,190,-216,1006,21505,13944,2499,372,-216,0,96,-86,0,13543,585,169,155,13543,1558,1503,1653,1631,0,0,0,0,0,0,0,27,4,6,1,135,,,,,,,,,,,,,,,,,,,,,,,,,,,,,,,,,,,,,,,,,,,,,,,,,,,,,,,,,,,,,,,,,,,,,,,,,,,
121703,1748,2335,-7,-338,1178,24495,10343,1889,301,-190,2,90,-78,0,13500,566,1121750,2527,2725,-236,-104,1125,18514,8634,1828,229,-97,2,90,-67,0,13543,588,133,155,13543,1562,1492,1661,1627,0,0,0,0,0,0,0,17,8,50,22,136,,,,,,,,,,,,,,,,,,,,,,,,,,,,,,,,,,,,,,,,,,,,,,,,,,,,,,,,,,
121803,2269,1742,86,-184,890,18941,8024,1095,290,-155,0,97,-61,0,13500,566,70,152,13500,1534,1508,1646,1650,0,121850,2454,1242,-20,-61,821,26387,13334,-3,344,-195,0,111,-60,0,13500,565,26,152,13500,1547,1478,1667,1642,0,0,0,0,0,0,0,57,38,-42,-23,136,,,,,,,,,,,,,,,,,,,,,,,,,,,,,,,,,,,,,,,,,,,,,,,,,,
121903,2945,1585,-302,-22,1028,31759,19254,-64,263,-137,2,104,-55,0,13500,579,36,152,13500,1570,1451,1690,1617,0,0,0,0,0,0,0,29,29,43,18,137,,,,,,,,,,,,,,,,,,,,,,,,,,,,,,,,,,,,,,,,,,,,,,,,,,,,,,,,,,,,,,,,,,,,,,,,,,,
121950,3394,2002,-405,141,930,15096,7474,973,220,-59,2,103,-46,0,13500,578,13,152,13500,1521,1521,1653,1643,0,0,0,0,0,0,0,15,31,87,28,134,,,,,,,,,,,,,,,,,,,,,,,,,,,,,,,,,,,,,,,,,,,,,,,,,,,,,,,,,,,,,,,,,,,,,,,,,,,
122003,3854,2322,23,326,693,12838,-1985,-1101,180,-3,0,103,-41,0,13458,572,-135,148,13458,1538,1470,1663,1659,0,0,0,0,0,0,0,30,17,48,80,136,,,,,,,,,,,,,,,,,,,,,,,,,,,,,,,,,,,,,,,,,,,,,,,,,,,,,,,,,,,,,,,,,,,,,,,,,,,
122050,3749,1932,645,-415,1234,11007,-4671,-2810,119,22,0,89,-29,0,13543,559,-101,155,13543,1518,1467,1674,1671,0,0,0,0,0,0,0,53,56,-18,-14,140,,,,,,,,,,,,,,,,,,,,,,,,,,,,,,,,,,,,,,,,,,,,,,,,,,,,,,,,,,,,,,,,,,,,,,,,,,,
122103,4250,2512,93,-181,877,-6937,-11873,241,-119,173,0,50,-9,0,13927,533,-186,192,13927,1522,1528,1661,1665,0,0,0,0,0,0,0,25,33,53,53,136,,,,,,,,,,,,,,,,,,,,,,,,,,,,,,,,,,,,,,,,,,,,,,,,,,,,,,,,,,,,,,,,,,,,,,,,,,,
122150,3949,2133,-124,-17,942,-9622,-9675,-3909,-344,179,0,0,-1,0,14800,528,-186,271,14800,1557,1443,1707,1682,0,0,0,0,0,0,0,22,18,50,87,137,,,,,,,,,,,,,,,,,,,,,,,,,,,,,,,,,,,,,,,,,,,,,,,,,,,,,,,,,,,,,,,,,,,,,,,,,,,
122203,2887,1434,321,-63,948,-17862,-9736,-5557,-252,125,0,0,0,0,14800,501,-212,271,14800,1512,1495,1716,1715,0,0,0,0,0,0,0,38,33,-5,27,136,,,,,,,,,,,,,,,,,,,,,,,,,,,,,,,,,,,,,,,,,,,,,,,,,,,,,,,,,,,,,,,,,,,,,,,,,,,
122250,1647,966,264,22,998,-22989,-11384,-5557,-143,77,2,0,-1,0,14933,505,-220,284,14933,1498,1515,1717,1720,0,0,0,0,0,0,0,47,42,-41,-18,137,,,,,,,,,,,,,,,,,,,,,,,,,,,,,,,,,,,,,,,,,,,,,,,,,,,,,,,,,,,,,,,,,,,,,,,,,,,
122303,672,1009,-269,177,1101,-13040,-8272,-5801,-97,84,0,-7,0,0,15337,517,-227,320,15337,1547,1477,1739,1719,0,0,0,0,0,0,0,11,25,46,9,135,,,,,,,,,,,,,,,,,,,,,,,,,,,,,,,,,,,,,,,,,,,,,,,,,,,,,,,,,,,,,,,,,,,,,,,,,,,
122350,591,666,45,263,822,-8157,-2595,-5374,-215,211,2,-32,30,0,15427,493,-259,327,15427,1553,1474,1754,1701,0,0,0,0,0,0,0,27,6,-3,50,134,,,,,,,,,,,,,,,,,,,,,,,,,,,,,,,,,,,,,,,,,,,,,,,,,,,,,,,,,,,,,,,,,,,,,,,,,,,
122403,458,460,-279,358,1262,-7547,-7356,-9280,-232,225,0,-38,37,0,15382,516,-184,323,15382,1520,1445,1755,1748,0,0,0,0,0,0,0,22,8,5,38,136,,,,,,,,,,,,,,,,,,,,,,,,,,,,,,,,,,,,,,,,,,,,,,,,,,,,,,,,,,,,,,,,,,,,,,,,,,,
122450,-593,-573,519,-440,1023,-14749,-23042,-9524,-108,138,0,-32,37,0,15427,447,-281,327,15427,1471,1489,1725,1785,0,0,0,0,0,0,0,33,36,-43,-52,144,,,,,,,,,,,,,,,,,,,,,,,,,,,,,,,,,,,,,,,,,,,,,,,,,,,,,,,,,,,,,,,,,,,,,,,,,,,
122503,-488,-834,90,23,967,-8585,-17915,-8059,-37,112,2,-16,37,0,15427,425,-274,327,15427,1505,1475,1745,1752,0,0,0,0,0,0,0,8,11,5,3,133,,,,,,,,,,,,,,,,,,,,,,,,,,,,,,,,,,,,,,,,,,,,,,,,,,,,,,,,,,,,,,,,,,,,,,,,,,,
122550,161,-917,-148,87,1076,6551,-10957,-7266,-66,45,0,-10,25,0,15337,433,-260,320,15337,1546,1430,1735,1755,0,0,0,0,0,0,0,0,-12,21,69,136,,,,,,,,,,,,,,,,,,,,,,,,,,,,,,,,,,,,,,,,,,,,,,,,,,,,,,,,,,,,,,,,,,,,,,,,,,,
122603,347,-1403,303,-289,1021,142,-12666,-4153,-44,-38,0,-2,16,0,15337,406,-174,320,15337,1510,1514,1702,1757,0,0,0,0,0,0,0,13,20,-26,-13,139,,,,,,,,,,,,,,,,,,,,,,,,,,,,,,,,,,,,,,,,,,,,,,,,,,,,,,,,,,,,,,,,,,,,,,,,,,,
122650,782,-808,-428,71,1113,-6571,-4304,-2871,-85,-67,2,-3,0,0,15291,446,-138,316,15291,1520,1519,1718,1729,0,0,0,0,0,0,0,-15,11,45,10,136,,,,,,,,,,,,,,,,,,,,,,,,,,,,,,,,,,,,,,,,,,,,,,,,,,,,,,,,,,,,,,,,,,,,,,,,,,,
122703,1198,-212,205,-74,816,-5472,-3084,-2505,-122,-8,0,-3,2,0,15246,413,-191,311,15246,1511,1524,1697,1747,0,0,0,0,0,0,0,1,14,3,3,132,,,,,,,,,,,,,,,,,,,,,,,,,,,,,,,,,,,,,,,,,,,,,,,,,,,,,,,,,,,,,,,,,,,,,,,,,,,
122750,1409,-46,-46,51,892,-10416,-8150,-1895,-109,0,2,2,0,0,15157,382,-149,304,15157,1523,1516,1705,1730,0,0,0,0,0,0,0,-2,-2,11,43,132,,,,,,,,,,,,,,,,,,,,,,,,,,,,,,,,,,,,,,,,,,,,,,,,,,,,,,,,,,,,,,,,,,,,,,,,,,,
122803,1125,24,-314,-79,1082,-2237,2103,-4824,-56,5,0,8,0,0,15202,341,-147,307,15202,1535,1455,1752,1720,0,0,0,0,0,0,0,-11,5,31,15,131,,,,,,,,,,,,,,,,,,,,,,,,,,,,,,,,,,,,,,,,,,,,,,,,,,,,,,,,,,,,,,,,,,,,,,,,,,,
122850,258,-30,67,-5,1076,2523,7536,-3237,8,-72,2,6,-13,0,15112,365,-92,300,15112,1553,1455,1733,1718,0,0,0,0,0,0,0,0,21,1,-34,127,,,,,,,,,,,,,,,,,,,,,,,,,,,,,,,,,,,,,,,,,,,,,,,,,,,,,,,,,,,,,,,,,,,,,,,,,,,
122903,670,458,-437,250,1089,5941,6620,-2932,0,-110,0,11,-30,0,15067,382,15,296,15067,1573,1433,1746,1703,0,0,0,0,0,0,0,-23,-5,65,37,133,,,,,,,,,,,,,,,,,,,,,,,,,,,,,,,,,,,,,,,,,,,,,,,,,,,,,,,,,,,,,,,,,,,,,,,,,,,
122950,1275,606,-339,581,964,10885,20841,-3237,-100,-34,2,2,-17,0,15022,392,-26,291,15022,1572,1423,1758,1690,0,0,0,0,0,0,0,-13,-32,50,114,139,,,,,,,,,,,,,,,,,,,,,,,,,,,,,,,,,,,,,,,,,,,,,,,,,,,,,,,,,,,,,,,,,,,,,,,,,,,
123003,918,1289,-102,-237,1369,-14505,4362,-2200,-139,109,2,-11,0,0,15067,354,7,296,15067,1495,1533,1722,1724,0,0,0,0,0,0,0,0,11,22,-7,135,,,,,,,,,,,,,,,,,,,,,,,,,,,,,,,,,,,,,,,,,,,,,,,,,,,,,,,,,,,,,,,,,,,,,,,,,,,
123050,262,978,446,-290,1206,-13345,-2046,-4458,-148,85,2,-25,0,0,15022,360,0,291,15022,1496,1488,1728,1737,0,0,0,0,0,0,0,16,13,-22,-23,136,,,,,,,,,,,,,,,,,,,,,,,,,,,,,,,,,,,,,,,,,,,,,,,,,,,,,,,,,,,,,,,,,,,,,,,,,,,
123103,110,700,-134,189,986,-16397,-1008,-2505,-163,92,2,-30,6,0,15022,340,-22,291,15022,1519,1490,1741,1702,0,0,0,0,0,0,0,1,-7,13,19,134,,,,,,,,,,,,,,,,,,,,,,,,,,,,,,,,,,,,,,,,,,,,,,,,,,,,,,,,,,,,,,,,,,,,,,,,,,,
123150,64,1101,50,-192,920,-11331,1310,-2383,-155,389,2,-30,58,0,15022,463,113,291,15022,1514,1500,1754,1692,0,0,0,0,0,0,0,-3,-8,30,14,135,,,,,,,,,,,,,,,,,,,,,,,,,,,,,,,,,,,,,,,,,,,,,,,,,,,,,,,,,,,,,,,,,,,,,,,,,,,
123203,-505,838,-45,66,1000,-14871,-15840,-5068,-85,460,2,-25,77,0,15067,362,124,296,15067,1480,1490,1740,1737,0,0,0,0,0,0,0,-4,-5,24,-3,137,,,,,,,,,,,,,,,,,,,,,,,,,,,,,,,,,,,,,,,,,,,,,,,,,,,,,,,,,,,,,,,,,,,,,,,,,,,
123250,-927,-516,-2,-42,934,-9683,-28352,-2749,49,597,0,-6,128,0,15022,350,87,291,15022,1517,1480,1741,1713,0,0,0,0,0,0,0,-3,-19,-2,19,135,,,,,,,,,,,,,,,,,,,,,,,,,,,,,,,,,,,,,,,,,,,,,,,,,,,,,,,,,,,,,,,,,,,,,,,,,,,
123303,-1327,-2393,30,-35,977,-3702,-38545,302,192,765,2,15,194,0,15067,417,73,296,15067,1512,1532,1720,1701,0,0,0,0,0,0,0,3,-2,-49,-28,136,,,,,,,,,,,,,,,,,,,,,,,,,,,,,,,,,,,,,,,,,,,,,,,,,,,,,,,,,,,,,,,,,,,,,,,,,,,
123350,-230,-2129,-249,223,937,13326,-41475,-2505,117,882,0,19,213,0,15022,404,91,291,15022,1553,1441,1750,1703,0,0,0,0,0,0,0,-58,-22,87,32,140,,,,,,,,,,,,,,,,,,,,,,,,,,,,,,,,,,,,,,,,,,,,,,,,,,,,,,,,,,,,,,,,,,,,,,,,,,,
123403,892,-2946,-344,205,1072,11861,-54048,-1956,33,1463,0,22,344,0,15608,382,-18,343,15608,1551,1449,1791,1652,0,0,0,0,0,0,0,-83,-42,110,94,142,,,,,,,,,,,,,,,,,,,,,,,,,,,,,,,,,,,,,,,,,,,,,,,,,,,,,,,,,,,,,,,,,,,,,,,,,,,
123450,2375,-3552,-212,369,528,-5045,-86397,-857,-214,1435,0,-1,349,0,16485,401,61,419,16485,1559,1537,1726,1769,0,0,0,0,0,0,0,-127,-73,170,182,144,,,,,,,,,,,,,,,,,,,,,,,,,,,,,,,,,,,,,,,,,,,,,,,,,,,,,,,,,,,,,,,,,,,,,,,,,,,
123503,1699,-6779,343,268,933,-22928,-91340,-3,246,1153,0,78,349,0,16532,390,66,423,16532,1477,1623,1709,1779,0,0,0,0,0,0,0,-68,-27,-62,45,139,,,,,,,,,,,,,,,,,,,,,,,,,,,,,,,,,,,,,,,,,,,,,,,,,,,,,,,,,,,,,,,,,,,,,,,,,,,
123550,1447,-7554,-292,-59,946,14425,-74739,-2993,271,1086,-2,79,349,0,15022,447,97,291,15022,1538,1437,1745,1719,0,0,0,0,0,0,0,-145,-3,80,-18,143,,,,,,,,,,,,,,,,,,,,,,,,,,,,,,,,,,,,,,,,,,,,,,,,,,,,,,,,,,,,,,,,,,,,,,,,,,,
123603,3876,-7985,-131,86,1002,24190,-55574,-430,-72,873,2,53,314,0,13713,388,52,172,13713,1586,1396,1709,1710,0,0,0,0,0,0,0,-145,-61,33,159,141,,,,,,,,,,,,,,,,,,,,,,,,,,,,,,,,,,,,,,,,,,,,,,,,,,,,,,,,,,,,,,,,,,,,,,,,,,,
123650,4633,-8508,426,-12,638,7344,-47700,912,-100,639,14,60,276,0,13927,476,206,192,13927,1494,1500,1660,1709,0,0,0,0,0,0,0,-118,-21,-74,68,141,,,,,,,,,,,,,,,,,,,,,,,,,,,,,,,,,,,,,,,,,,,,,,,,,,,,,,,,,,,,,,,,,,,,,,,,,,,
123703,4968,-7789,-219,189,1089,-5655,-14375,-5801,-430,252,0,0,186,0,13585,452,71,159,13585,1480,1363,1766,1672,0,0,0,0,0,0,0,-156,-36,5,111,142,,,,,,,,,,,,,,,,,,,,,,,,,,,,,,,,,,,,,,,,,,,,,,,,,,,,,,,,,,,,,,,,,,,,,,,,,,,
123750,3535,-6399,348,-283,1165,-12918,-4548,-3054,-339,373,2,-6,186,0,13628,389,-48,163,13628,1472,1427,1720,1692,0,0,0,0,0,0,0,-152,-3,-4,8,142,,,,,,,,,,,,,,,,,,,,,,,,,,,,,,,,,,,,,,,,,,,,,,,,,,,,,,,,,,,,,,,,,,,,,,,,,,,
123803,1661,-5850,227,-181,918,-13345,-15657,-125,-68,-11,0,15,99,0,13585,394,-187,159,13585,1475,1467,1651,1723,0,0,0,0,0,0,0,-135,7,-53,-37,142,,,,,,,,,,,,,,,,,,,,,,,,,,,,,,,,,,,,,,,,,,,,,,,,,,,,,,,,,,,,,,,,,,,,,,,,,,,
123850,703,-5496,160,400,811,-1383,6132,-247,81,-399,-2,28,16,0,13500,402,-246,152,13500,1489,1447,1673,1703,0,0,0,0,0,0,0,-127,-9,-75,2,137,,,,,,,,,,,,,,,,,,,,,,,,,,,,,,,,,,,,,,,,,,,,,,,,,,,,,,,,,,,,,,,,,,,,,,,,,,,
123903,-80,-4746,94,193,878,-4434,18400,5734,87,-511,0,16,-19,0,15112,332,-387,300,15112,1560,1555,1678,1694,0,0,0,0,0,0,0,-123,-8,-66,-5,138,,,,,,,,,,,,,,,,,,,,,,,,,,,,,,,,,,,,,,,,,,,,,,,,,,,,,,,,,,,,,,,,,,,,,,,,,,,
123950,612,-1909,434,-339,1037,2767,41715,2377,152,-861,2,41,-138,0,15157,326,-334,304,15157,1520,1555,1669,1737,0,0,0,0,0,0,0,-127,-14,-14,18,143,,,,,,,,,,,,,,,,,,,,,,,,,,,,,,,,,,,,,,,,,,,,,,,,,,,,,,,,,,,,,,,,,,,,,,,,,,,
124003,1117,849,-134,0,998,4415,59537,607,136,-840,0,46,-182,0,16861,244,-540,452,16861,1550,1515,1741,1698,0,0,0,0,0,0,0,-117,-14,15,22,137,,,,,,,,,,,,,,,,,,,,,,,,,,,,,,,,,,,,,,,,,,,,,,,,,,,,,,,,,,,,,,,,,,,,,,,,,,,
124050,1484,2734,12,74,818,4171,58988,2743,0,-784,0,25,-204,0,16909,154,-773,455,16909,1596,1570,1749,1723,0,0,0,0,0,0,0,-84,-12,-19,28,136,,,,,,,,,,,,,,,,,,,,,,,,,,,,,,,,,,,,,,,,,,,,,,,,,,,,,,,,,,,,,,,,,,,,,,,,,,,
124103,1794,5263,-219,475,1213,9298,66434,-2383,-107,-626,0,9,-217,0,17003,218,-456,464,17003,1603,1493,1814,1713,0,0,0,0,0,0,0,-91,-24,58,63,142,,,,,,,,,,,,,,,,,,,,,,,,,,,,,,,,,,,,,,,,,,,,,,,,,,,,,,,,,,,,,,,,,,,,,,,,,,,
124150,913,6169,-462,111,1231,-6876,44950,-1956,269,-815,-2,69,-270,0,18359,171,-420,576,18359,1543,1627,1780,1799,0,0,0,0,0,0,0,-71,-12,49,25,143,,,,,,,,,,,,,,,,,,,,,,,,,,,,,,,,,,,,,,,,,,,,,,,,,,,,,,,,,,,,,,,,,,,,,,,,,,,
124203,324,6341,-126,-6,1240,7955,48612,1522,229,-804,27,51,-271,0,18359,156,-327,576,18359,1648,1589,1781,1745,0,0,0,0,0,0,0,-31,5,-14,-22,140,,,,,,,,,,,,,,,,,,,,,,,,,,,,,,,,,,,,,,,,,,,,,,,,,,,,,,,,,,,,,,,,,,,,,,,,,,,
124250,1953,7635,206,178,1171,26998,60026,-5313,-23,-614,0,29,-256,0,16206,125,-197,396,16206,1592,1410,1803,1727,0,0,0,0,0,0,0,-29,-34,31,102,143,,,,,,,,,,,,,,,,,,,,,,,,,,,,,,,,,,,,,,,,,,,,,,,,,,,,,,,,,,,,,,,,,,,,,,,,,,,
124303,1787,8154,268,72,1422,-6204,32865,1828,-37,-436,-2,23,-229,0,15112,176,-90,300,15112,1507,1556,1712,1708,0,0,0,0,0,0,0,-9,-3,18,24,138,,,,,,,,,,,,,,,,,,,,,,,,,,,,,,,,,,,,,,,,,,,,,,,,,,,,,,,,,,,,,,,,,,,,,,,,,,,
124350,2062,8806,-163,60,1269,1058,25968,668,-85,-289,0,18,-211,0,15157,138,-9,304,15157,1585,1452,1740,1684,0,0,0,0,0,0,0,-31,-19,104,65,138,,,,,,,,,,,,,,,,,,,,,,,,,,,,,,,,,,,,,,,,,,,,,,,,,,,,,,,,,,,,,,,,,,,,,,,,,,,
124403,3008,8625,-318,116,645,2156,20353,607,-115,-304,0,29,-211,0,15022,203,143,291,15022,1572,1465,1736,1686,0,0,0,0,0,0,0,-31,-39,124,123,141,,,,,,,,,,,,,,,,,,,,,,,,,,,,,,,,,,,,,,,,,,,,,,,,,,,,,,,,,,,,,,,,,,,,,,,,,,,
124450,3265,7996,94,300,775,-4495,26945,3048,-138,-286,125,29,-196,0,4109,139,28,-192,4109,1279,1171,1410,1306,0,0,0,0,0,0,0,23,-33,-4,103,139,,,,,,,,,,,,,,,,,,,,,,,,,,,,,,,,,,,,,,,,,,,,,,,,,,,,,,,,,,,,,,,,,,,,,,,,,,,
