c1,c2,c3,c4,c5,c6,c7,c8,c9,c10,c11,c12,c13,c14,c15,c16,c17,c18,c19,c20,c21,c22,c23,c24,c25,c26,c27,c28,c29,c30,c31,c32,c33,c34,c35,c36,,,,,,,,,,,,,,,,,,,,,,,,,,,,,,,,,,,,,,,,,,,,,,,,,,,,,,,,,,,,,,,,,,,,,,,,,,,,,,,,,,,,,,,,,,,,,,,,,,,,,,,,,,,,,,,,,,,,,,,,,,,,,,,
51,-333,-107,66,-70,1013,-1373,-350,-2716,15,-2,-2,1,0,0,0,100,286,-1600,0,1150,1150,1150,1150,0,0,0,0,0,0,0,0,0,-7,-25,120,,,,,,,,,,,,,,,,,,,,,,,,,,,,,,,,,,,,,,,,,,,,,,,,,,,,,,,,,,,,,,,,,,,,,,,,,,,,,,,,,,,,,,,,,,,,,,,,,,,,,,,,,,,,,,,,,,,,,,,,,,,,,,,
103,133,-93,-56,137,947,1251,991,2899,17,-19,-2,0,0,0,0,52,304,-1600,0,1150,1150,1150,1150,0,0,0,0,0,0,0,0,0,-3,24,115,,,,,,,,,,,,,,,,,,,,,,,,,,,,,,,,,,,,,,,,,,,,,,,,,,,,,,,,,,,,,,,,,,,,,,,,,,,,,,,,,,,,,,,,,,,,,,,,,,,,,,,,,,,,,,,,,,,,,,,,,,,,,,,
151,-79,59,-15,-98,986,-1068,-228,-518,-7,-1,2,0,0,0,0,67,221,-1600,0,1150,1150,1150,1150,0,0,0,0,0,0,0,0,0,11,-10,115,,,,,,,,,,,,,,,,,,,,,,,,,,,,,,,,,,,,,,,,,,,,,,,,,,,,,,,,,,,,,,,,,,,,,,,,,,,,,,,,,,,,,,,,,,,,,,,,,,,,,,,,,,,,,,,,,,,,,,,,,,,,,,,
203,-80,-110,52,57,1044,-152,-228,-640,15,0,-2,0,0,0,0,40,88,-1600,0,1150,1150,1150,1150,0,0,0,0,0,0,0,0,0,-9,-6,113,,,,,,,,,,,,,,,,,,,,,,,,,,,,,,,,,,,,,,,,,,,,,,,,,,,,,,,,,,,,,,,,,,,,,,,,,,,,,,,,,,,,,,,,,,,,,,,,,,,,,,,,,,,,,,,,,,,,,,,,,,,,,,,
251,195,135,-88,38,922,518,1174,2593,-1,-6,-2,0,0,0,0,51,42,-1600,0,1150,1150,1150,1150,0,0,0,0,0,0,0,0,0,15,21,112,,,,,,,,,,,,,,,,,,,,,,,,,,,,,,,,,,,,,,,,,,,,,,,,,,,,,,,,,,,,,,,,,,,,,,,,,,,,,,,,,,,,,,,,,,,,,,,,,,,,,,,,,,,,,,,,,,,,,,,,,,,,,,,
303,-97,201,72,-96,1074,-946,-1327,-3265,-9,21,0,0,0,0,0,54,33,-1600,0,1150,1150,1150,1150,0,0,0,0,0,0,0,0,0,10,-15,116,,,,,,,,,,,,,,,,,,,,,,,,,,,,,,,,,,,,,,,,,,,,,,,,,,,,,,,,,,,,,,,,,,,,,,,,,,,,,,,,,,,,,,,,,,,,,,,,,,,,,,,,,,,,,,,,,,,,,,,,,,,,,,,
351,133,-10,30,111,1013,762,-473,1190,7,7,0,0,0,0,0,56,39,-1600,0,1150,1150,1150,1150,0,0,0,0,0,0,0,0,0,-14,16,111,,,,,,,,,,,,,,,,,,,,,,,,,,,,,,,,,,,,,,,,,,,,,,,,,,,,,,,,,,,,,,,,,,,,,,,,,,,,,,,,,,,,,,,,,,,,,,,,,,,,,,,,,,,,,,,,,,,,,,,,,,,,,,,
403,-37,298,-59,-109,959,-1068,137,-457,-9,6,-2,0,0,0,0,72,45,-1600,0,1150,1150,1150,1150,0,0,0,0,0,0,0,0,0,20,-8,114,,,,,,,,,,,,,,,,,,,,,,,,,,,,,,,,,,,,,,,,,,,,,,,,,,,,,,,,,,,,,,,,,,,,,,,,,,,,,,,,,,,,,,,,,,,,,,,,,,,,,,,,,,,,,,,,,,,,,,,,,,,,,,,
451,-75,62,99,-29,1037,-30,-1022,-1861,6,22,-2,0,0,0,0,46,-9,-1600,0,1150,1150,1150,1150,0,0,0,0,0,0,0,0,0,-9,-10,114,,,,,,,,,,,,,,,,,,,,,,,,,,,,,,,,,,,,,,,,,,,,,,,,,,,,,,,,,,,,,,,,,,,,,,,,,,,,,,,,,,,,,,,,,,,,,,,,,,,,,,,,,,,,,,,,,,,,,,,,,,,,,,,
503,128,127,-87,36,931,396,686,1739,4,-5,-2,0,0,0,0,52,29,-1600,0,1150,1150,1150,1150,0,0,0,0,0,0,0,0,0,3,14,109,,,,,,,,,,,,,,,,,,,,,,,,,,,,,,,,,,,,,,,,,,,,,,,,,,,,,,,,,,,,,,,,,,,,,,,,,,,,,,,,,,,,,,,,,,,,,,,,,,,,,,,,,,,,,,,,,,,,,,,,,,,,,,,
551,-66,349,-37,-111,1062,-885,-900,-1434,-13,20,-4,0,0,0,0,56,7,-1600,0,1150,1150,1150,1150,0,0,0,0,0,0,0,0,0,24,-14,118,,,,,,,,,,,,,,,,,,,,,,,,,,,,,,,,,,,,,,,,,,,,,,,,,,,,,,,,,,,,,,,,,,,,,,,,,,,,,,,,,,,,,,,,,,,,,,,,,,,,,,,,,,,,,,,,,,,,,,,,,,,,,,,
602,104,109,43,107,956,946,381,457,15,22,2,0,0,0,0,53,21,-1600,0,1150,1150,1150,1150,0,0,0,0,0,0,0,0,0,-8,9,108,,,,,,,,,,,,,,,,,,,,,,,,,,,,,,,,,,,,,,,,,,,,,,,,,,,,,,,,,,,,,,,,,,,,,,,,,,,,,,,,,,,,,,,,,,,,,,,,,,,,,,,,,,,,,,,,,,,,,,,,,,,,,,,
651,79,260,-68,-88,1058,-274,76,30,-13,7,0,0,0,0,0,59,46,-1600,0,1150,1150,1150,1150,0,0,0,0,0,0,0,0,0,12,3,108,,,,,,,,,,,,,,,,,,,,,,,,,,,,,,,,,,,,,,,,,,,,,,,,,,,,,,,,,,,,,,,,,,,,,,,,,,,,,,,,,,,,,,,,,,,,,,,,,,,,,,,,,,,,,,,,,,,,,,,,,,,,,,,
703,-58,234,54,25,1030,-274,-411,-946,1,26,-2,0,0,0,0,37,-8,-1600,0,1150,1150,1150,1150,0,0,0,0,0,0,0,0,0,3,-9,111,,,,,,,,,,,,,,,,,,,,,,,,,,,,,,,,,,,,,,,,,,,,,,,,,,,,,,,,,,,,,,,,,,,,,,,,,,,,,,,,,,,,,,,,,,,,,,,,,,,,,,,,,,,,,,,,,,,,,,,,,,,,,,,
751,263,245,-39,104,993,885,259,762,2,19,0,0,0,0,0,49,-10,-1600,0,1150,1150,1150,1150,0,0,0,0,0,0,0,0,0,3,27,109,,,,,,,,,,,,,,,,,,,,,,,,,,,,,,,,,,,,,,,,,,,,,,,,,,,,,,,,,,,,,,,,,,,,,,,,,,,,,,,,,,,,,,,,,,,,,,,,,,,,,,,,,,,,,,,,,,,,,,,,,,,,,,,
802,-159,308,-4,-129,995,-823,198,-823,-11,20,0,0,0,0,0,47,-1,-1600,0,1150,1150,1150,1150,0,0,0,0,0,0,0,0,0,8,-22,114,,,,,,,,,,,,,,,,,,,,,,,,,,,,,,,,,,,,,,,,,,,,,,,,,,,,,,,,,,,,,,,,,,,,,,,,,,,,,,,,,,,,,,,,,,,,,,,,,,,,,,,,,,,,,,,,,,,,,,,,,,,,,,,
851,-87,237,38,108,974,579,625,-335,21,25,-2,0,0,0,0,42,-6,-1600,0,1150,1150,1150,1150,0,0,0,0,0,0,0,0,0,0,-3,110,,,,,,,,,,,,,,,,,,,,,,,,,,,,,,,,,,,,,,,,,,,,,,,,,,,,,,,,,,,,,,,,,,,,,,,,,,,,,,,,,,,,,,,,,,,,,,,,,,,,,,,,,,,,,,,,,,,,,,,,,,,,,,,
903,186,172,-49,-31,1051,-396,442,1007,-4,11,2,0,0,0,0,54,-40,-1600,0,1150,1150,1150,1150,0,0,0,0,0,0,0,0,0,0,24,113,,,,,,,,,,,,,,,,,,,,,,,,,,,,,,,,,,,,,,,,,,,,,,,,,,,,,,,,,,,,,,,,,,,,,,,,,,,,,,,,,,,,,,,,,,,,,,,,,,,,,,,,,,,,,,,,,,,,,,,,,,,,,,,
951,-267,177,-15,-106,950,-1068,15,-1312,-2,6,0,0,0,0,0,51,2,-1600,0,1150,1150,1150,1150,0,0,0,0,0,0,0,0,0,6,-30,113,,,,,,,,,,,,,,,,,,,,,,,,,,,,,,,,,,,,,,,,,,,,,,,,,,,,,,,,,,,,,,,,,,,,,,,,,,,,,,,,,,,,,,,,,,,,,,,,,,,,,,,,,,,,,,,,,,,,,,,,,,,,,,,
1003,8,55,14,167,1064,1861,-473,396,25,7,-4,0,0,0,0,52,19,-1600,0,1150,1150,1150,1150,0,0,0,0,0,0,0,0,0,-5,11,110,,,,,,,,,,,,,,,,,,,,,,,,,,,,,,,,,,,,,,,,,,,,,,,,,,,,,,,,,,,,,,,,,,,,,,,,,,,,,,,,,,,,,,,,,,,,,,,,,,,,,,,,,,,,,,,,,,,,,,,,,,,,,,,
1051,-48,223,-53,-127,1003,-762,15,1251,-10,9,0,0,0,0,0,36,-16,-1600,0,1150,1150,1150,1150,0,0,0,0,0,0,0,0,0,14,-2,115,,,,,,,,,,,,,,,,,,,,,,,,,,,,,,,,,,,,,,,,,,,,,,,,,,,,,,,,,,,,,,,,,,,,,,,,,,,,,,,,,,,,,,,,,,,,,,,,,,,,,,,,,,,,,,,,,,,,,,,,,,,,,,,
1103,-270,163,47,29,949,-1434,15,-1983,16,14,0,0,0,0,0,42,-44,-1600,0,1150,1150,1150,1150,0,0,0,0,0,0,0,0,0,3,-24,114,,,,,,,,,,,,,,,,,,,,,,,,,,,,,,,,,,,,,,,,,,,,,,,,,,,,,,,,,,,,,,,,,,,,,,,,,,,,,,,,,,,,,,,,,,,,,,,,,,,,,,,,,,,,,,,,,,,,,,,,,,,,,,,
1151,219,80,-33,138,1013,1495,564,1495,13,4,0,0,0,0,0,40,-23,-1600,0,1150,1150,1150,1150,0,0,0,0,0,0,0,0,-1,-3,34,114,,,,,,,,,,,,,,,,,,,,,,,,,,,,,,,,,,,,,,,,,,,,,,,,,,,,,,,,,,,,,,,,,,,,,,,,,,,,,,,,,,,,,,,,,,,,,,,,,,,,,,,,,,,,,,,,,,,,,,,,,,,,,,,
1203,-48,205,-8,-164,1092,-1129,320,-335,-25,13,2,0,0,0,0,60,-7,-1600,0,1150,1150,1150,1150,0,0,0,0,0,0,0,0,0,11,-9,116,,,,,,,,,,,,,,,,,,,,,,,,,,,,,,,,,,,,,,,,,,,,,,,,,,,,,,,,,,,,,,,,,,,,,,,,,,,,,,,,,,,,,,,,,,,,,,,,,,,,,,,,,,,,,,,,,,,,,,,,,,,,,,,
1251,-9,47,47,84,959,701,-473,-396,15,17,2,0,0,0,0,57,49,-1600,0,1150,1150,1150,1150,0,0,0,0,0,0,0,0,0,-7,-1,109,,,,,,,,,,,,,,,,,,,,,,,,,,,,,,,,,,,,,,,,,,,,,,,,,,,,,,,,,,,,,,,,,,,,,,,,,,,,,,,,,,,,,,,,,,,,,,,,,,,,,,,,,,,,,,,,,,,,,,,,,,,,,,,
1303,302,116,-70,-36,976,2166,442,2227,-9,0,-4,0,0,0,0,53,18,-1600,0,1150,1150,1150,1150,0,0,0,0,0,0,0,0,-1,3,28,113,,,,,,,,,,,,,,,,,,,,,,,,,,,,,,,,,,,,,,,,,,,,,,,,,,,,,,,,,,,,,,,,,,,,,,,,,,,,,,,,,,,,,,,,,,,,,,,,,,,,,,,,,,,,,,,,,,,,,,,,,,,,,,,
1351,-68,274,16,-132,1075,-1495,-900,-2838,-24,28,2,0,0,0,0,71,56,-1600,0,1150,1150,1150,1150,0,0,0,0,0,0,0,0,0,14,-21,119,,,,,,,,,,,,,,,,,,,,,,,,,,,,,,,,,,,,,,,,,,,,,,,,,,,,,,,,,,,,,,,,,,,,,,,,,,,,,,,,,,,,,,,,,,,,,,,,,,,,,,,,,,,,,,,,,,,,,,,,,,,,,,,
1403,240,92,-25,176,939,1007,137,1251,4,7,0,0,0,0,0,54,-5,-1600,0,1150,1150,1150,1150,0,0,0,0,0,0,0,0,0,-7,17,110,,,,,,,,,,,,,,,,,,,,,,,,,,,,,,,,,,,,,,,,,,,,,,,,,,,,,,,,,,,,,,,,,,,,,,,,,,,,,,,,,,,,,,,,,,,,,,,,,,,,,,,,,,,,,,,,,,,,,,,,,,,,,,,
1451,239,239,-55,-95,999,30,-595,91,-27,6,-2,0,0,0,0,42,-9,-1600,0,1150,1150,1150,1150,0,0,0,0,0,0,0,0,0,11,6,110,,,,,,,,,,,,,,,,,,,,,,,,,,,,,,,,,,,,,,,,,,,,,,,,,,,,,,,,,,,,,,,,,,,,,,,,,,,,,,,,,,,,,,,,,,,,,,,,,,,,,,,,,,,,,,,,,,,,,,,,,,,,,,,
1503,-11,-30,67,30,943,-1495,-656,-2166,-8,12,0,0,0,0,0,58,-24,-1600,0,1150,1150,1150,1150,0,0,0,0,0,0,0,0,0,-13,-19,117,,,,,,,,,,,,,,,,,,,,,,,,,,,,,,,,,,,,,,,,,,,,,,,,,,,,,,,,,,,,,,,,,,,,,,,,,,,,,,,,,,,,,,,,,,,,,,,,,,,,,,,,,,,,,,,,,,,,,,,,,,,,,,,
1551,469,66,-69,129,994,946,686,2960,-7,-6,0,0,0,0,0,58,-11,-1600,0,1150,1150,1150,1150,0,0,0,0,0,0,0,0,-1,4,36,112,,,,,,,,,,,,,,,,,,,,,,,,,,,,,,,,,,,,,,,,,,,,,,,,,,,,,,,,,,,,,,,,,,,,,,,,,,,,,,,,,,,,,,,,,,,,,,,,,,,,,,,,,,,,,,,,,,,,,,,,,,,,,,,
1603,153,167,22,-169,987,-1190,-106,-1007,-40,10,0,0,0,0,0,50,-2,-1600,0,1150,1150,1150,1150,0,0,0,0,0,0,0,0,0,11,-11,118,,,,,,,,,,,,,,,,,,,,,,,,,,,,,,,,,,,,,,,,,,,,,,,,,,,,,,,,,,,,,,,,,,,,,,,,,,,,,,,,,,,,,,,,,,,,,,,,,,,,,,,,,,,,,,,,,,,,,,,,,,,,,,,
1651,156,-27,6,96,1053,885,869,-885,2,6,0,0,0,0,0,50,2,-1588,0,1150,1150,1150,1150,0,0,0,0,0,0,0,0,0,-10,-1,108,,,,,,,,,,,,,,,,,,,,,,,,,,,,,,,,,,,,,,,,,,,,,,,,,,,,,,,,,,,,,,,,,,,,,,,,,,,,,,,,,,,,,,,,,,,,,,,,,,,,,,,,,,,,,,,,,,,,,,,,,,,,,,,
1703,307,86,-40,-75,997,1190,808,2716,-15,-1,-2,0,0,0,22,105,81,-1496,22,1150,1150,1150,1150,0,0,0,0,0,0,0,0,0,3,17,116,,,,,,,,,,,,,,,,,,,,,,,,,,,,,,,,,,,,,,,,,,,,,,,,,,,,,,,,,,,,,,,,,,,,,,,,,,,,,,,,,,,,,,,,,,,,,,,,,,,,,,,,,,,,,,,,,,,,,,,,,,,,,,,
1751,-95,73,47,-90,990,-1312,-228,-1983,-13,9,-2,0,0,0,115,83,44,-1364,115,1150,1150,1150,1150,0,0,0,0,0,0,0,0,1,1,-26,119,,,,,,,,,,,,,,,,,,,,,,,,,,,,,,,,,,,,,,,,,,,,,,,,,,,,,,,,,,,,,,,,,,,,,,,,,,,,,,,,,,,,,,,,,,,,,,,,,,,,,,,,,,,,,,,,,,,,,,,,,,,,,,,
1803,148,39,-44,136,979,457,-595,-701,7,4,0,0,0,0,274,68,50,-1236,274,1150,1150,1150,1150,0,0,0,0,0,0,0,0,0,-2,11,114,,,,,,,,,,,,,,,,,,,,,,,,,,,,,,,,,,,,,,,,,,,,,,,,,,,,,,,,,,,,,,,,,,,,,,,,,,,,,,,,,,,,,,,,,,,,,,,,,,,,,,,,,,,,,,,,,,,,,,,,,,,,,,,
1851,103,250,-36,-94,1025,-274,198,1556,-14,5,0,0,0,0,286,80,6,-1228,286,1150,1150,1150,1150,0,0,0,0,0,0,0,0,0,18,2,116,,,,,,,,,,,,,,,,,,,,,,,,,,,,,,,,,,,,,,,,,,,,,,,,,,,,,,,,,,,,,,,,,,,,,,,,,,,,,,,,,,,,,,,,,,,,,,,,,,,,,,,,,,,,,,,,,,,,,,,,,,,,,,,
1903,-141,187,65,3,1097,-885,-1083,-3204,5,22,-2,0,0,0,401,57,-22,-1160,401,1150,1150,1150,1150,0,0,0,0,0,0,0,0,1,2,-21,120,,,,,,,,,,,,,,,,,,,,,,,,,,,,,,,,,,,,,,,,,,,,,,,,,,,,,,,,,,,,,,,,,,,,,,,,,,,,,,,,,,,,,,,,,,,,,,,,,,,,,,,,,,,,,,,,,,,,,,,,,,,,,,,
1951,152,216,-52,85,948,946,1541,2471,13,10,-2,0,0,0,569,67,6,-1076,569,1150,1150,1150,1170,0,0,0,0,0,0,0,0,0,4,19,115,,,,,,,,,,,,,,,,,,,,,,,,,,,,,,,,,,,,,,,,,,,,,,,,,,,,,,,,,,,,,,,,,,,,,,,,,,,,,,,,,,,,,,,,,,,,,,,,,,,,,,,,,,,,,,,,,,,,,,,,,,,,,,,
2003,-164,348,18,-130,1062,-1556,-45,-152,-7,29,-2,0,0,0,870,76,11,-952,870,1203,1163,1150,1150,0,0,0,0,0,0,0,0,1,16,-18,121,,,,,,,,,,,,,,,,,,,,,,,,,,,,,,,,,,,,,,,,,,,,,,,,,,,,,,,,,,,,,,,,,,,,,,,,,,,,,,,,,,,,,,,,,,,,,,,,,,,,,,,,,,,,,,,,,,,,,,,,,,,,,,,
2051,64,165,52,128,1045,1251,-778,-1434,13,31,0,0,0,0,1300,101,10,-808,1300,1150,1150,1168,1153,0,0,0,0,0,0,0,0,0,-7,11,120,,,,,,,,,,,,,,,,,,,,,,,,,,,,,,,,,,,,,,,,,,,,,,,,,,,,,,,,,,,,,,,,,,,,,,,,,,,,,,,,,,,,,,,,,,,,,,,,,,,,,,,,,,,,,,,,,,,,,,,,,,,,,,,
2102,146,542,-86,-42,940,213,1174,3997,-7,25,-4,0,0,0,1709,70,-10,-692,1709,1235,1195,1150,1150,0,0,0,0,0,0,0,-1,0,33,14,121,,,,,,,,,,,,,,,,,,,,,,,,,,,,,,,,,,,,,,,,,,,,,,,,,,,,,,,,,,,,,,,,,,,,,,,,,,,,,,,,,,,,,,,,,,,,,,,,,,,,,,,,,,,,,,,,,,,,,,,,,,,,,,,
2151,-8,111,132,121,1125,1800,-778,640,9,45,-4,0,0,0,2382,81,30,-528,2382,1209,1257,1223,1176,0,0,0,0,0,0,0,1,0,-22,-1,119,,,,,,,,,,,,,,,,,,,,,,,,,,,,,,,,,,,,,,,,,,,,,,,,,,,,,,,,,,,,,,,,,,,,,,,,,,,,,,,,,,,,,,,,,,,,,,,,,,,,,,,,,,,,,,,,,,,,,,,,,,,,,,,
2203,-30,584,-127,-95,1003,-1434,2456,9002,0,19,0,1,0,0,2886,55,2,-420,2886,1360,1327,1150,1150,0,0,0,0,0,0,0,-2,0,38,-5,121,,,,,,,,,,,,,,,,,,,,,,,,,,,,,,,,,,,,,,,,,,,,,,,,,,,,,,,,,,,,,,,,,,,,,,,,,,,,,,,,,,,,,,,,,,,,,,,,,,,,,,,,,,,,,,,,,,,,,,,,,,,,,,,
2251,-80,185,-174,-5,856,152,6546,15594,13,-11,2,0,0,0,2906,70,-7,-415,2906,1248,1246,1167,1302,0,0,0,0,0,0,0,0,0,3,-4,119,,,,,,,,,,,,,,,,,,,,,,,,,,,,,,,,,,,,,,,,,,,,,,,,,,,,,,,,,,,,,,,,,,,,,,,,,,,,,,,,,,,,,,,,,,,,,,,,,,,,,,,,,,,,,,,,,,,,,,,,,,,,,,,
2302,-13,172,-99,112,1239,3448,76,11383,15,2,2,0,0,0,3291,46,-61,-340,3291,1232,1278,1274,1274,0,0,0,0,0,0,0,0,0,2,12,118,,,,,,,,,,,,,,,,,,,,,,,,,,,,,,,,,,,,,,,,,,,,,,,,,,,,,,,,,,,,,,,,,,,,,,,,,,,,,,,,,,,,,,,,,,,,,,,,,,,,,,,,,,,,,,,,,,,,,,,,,,,,,,,
2351,-346,-78,-57,-36,897,-1068,2273,9185,27,-21,0,0,0,0,3590,73,-19,-284,3590,1159,1154,1326,1404,0,0,0,0,0,0,0,1,1,-13,-17,125,,,,,,,,,,,,,,,,,,,,,,,,,,,,,,,,,,,,,,,,,,,,,,,,,,,,,,,,,,,,,,,,,,,,,,,,,,,,,,,,,,,,,,,,,,,,,,,,,,,,,,,,,,,,,,,,,,,,,,,,,,,,,,,
2403,-437,51,-20,-27,976,-2838,-656,-4608,32,1,-2,0,0,0,4346,69,38,-152,4346,1150,1150,1461,1508,0,0,0,0,0,0,0,0,0,4,-9,120,,,,,,,,,,,,,,,,,,,,,,,,,,,,,,,,,,,,,,,,,,,,,,,,,,,,,,,,,,,,,,,,,,,,,,,,,,,,,,,,,,,,,,,,,,,,,,,,,,,,,,,,,,,,,,,,,,,,,,,,,,,,,,,
2451,-283,298,76,-162503,-248,-337,75,-32,828,1251,-3890,-16632,0,-5,0,-3,0,0,6132,43,14,0,6132,1315,1322551,-283,-388,-15,-14,884,2105,-1632,-12054,17,-47,0,-1,0,0,7048,41,-9,0,7048,1424,1401,1375,0,0,0,0,0,0,0,1,0,-21,-8,124,,,,,,,,,,,,,,,,,,,,,,,,,,,,,,,,,,,,,,,,,,,,,,,,,,,,,,,,,,,,,,,,,,,,,,,,,,,,,,,,,,,,,,,,,,,,,,,,,,,,,,,
2602,-209,-841,-100,-2,948,-1495,-1571,-4182651,-274,-860,-147,15,1575,274,16189,1922,25,-97,-2,0,0,0,9246,58,-51,0,9246,1475,12951,246,131,183,-179,1327,1007,686,2044,-36,25,2,-2,0,0,10700,83,2,0,10700,1508,1513051,139,-654,328,19,1446,-1678,-16464,-1129,-18,10,2,-2,0,0,12545,52,36,60,12545,157,1616,0,0,0,0,0,0,0,5,0,-73,-3,127,,,,,,,,,,,,,,,,,,,,,,,,,,,,,,,,,,,,,,,,,,,,,,,,,,,,,,,,,,,,,,,,,,,,,,,,,,,,,,,
3103,-65,-1038,-344,63,1561,8087,13442,-213,-32,-124,-2,-6,0,0,13500,61,29,152,13500,1567,1529,1660,1584,0,0,0,0,0,0,0,3,1,-38,-16,131,,,,,,,,,,,,,,,,,,,,,,,,,,,,,,,,,,,,,,,,,,,,,,,,,,,,,,,,,,,,,,,,,,,,,,,,,,,,,,,,,,,,,,,,,,,,,,,,,,,,,,,,,,,,,,,,,,,,,,,,,,,,,,,
3151,127,-386,-5,-59,1019,3753,8010,-3387,-21,-55,-2,-2,0,0,13500,49,14,152,13500,1540,1564,1636,1603,0,0,0,0,0,0,0,1,2,-3,-20,127,,,,,,,,,,,,,,,,,,,,,,,,,,,,,,,,,,,,,,,,,,,,,,,,,,,,,,,,,,,,,,,,,,,,,,,,,,,,,,,,,,,,,,,,,,,,,,,,,,,,,,,,,,,,,,,,,,,,,,,,,,,,,,,
3203,307,448,-168,-101,1145,21575,10391,-8392,-42,39,-2,-2,4,0,14273,61,43,224,14273,1647,1508,1656,1602,0,0,0,0,0,0,0,-1,4,39,-32,131,,,,,,,,,,,,,,,,,,,,,,,,,,,,,,,,,,,,,,,,,,,,,,,,,,,,,,,,,,,,,,,,,,,,,,,,,,,,,,,,,,,,,,,,,,,,,,,,,,,,,,,,,,,,,,,,,,,,,,,,,,,,,,,
3251,2186,824,-34,346,1213,24688,5142,-5706,-187,92,0,-7,5,0,14667,70,74,260,14667,1628,1502,1668,1649,0,0,0,0,0,0,0,0,-1,22,65,128,,,,,,,,,,,,,,,,,,,,,,,,,,,,,,,,,,,,,,,,,,,,,,,,,,,,,,,,,,,,,,,,,,,,,,,,,,,,,,,,,,,,,,,,,,,,,,,,,,,,,,,,,,,,,,,,,,,,,,,,,,,,,,,
3303,1716,556,-110,-290,1553,2838,4959,-10223,-197,104,-18,-9,10,0,14844,77,212,276,14844,1520,1566,1694,1675,0,0,0,0,0,0,0,3,6,-9,-15,135,,,,,,,,,,,,,,,,,,,,,,,,,,,,,,,,,,,,,,,,,,,,,,,,,,,,,,,,,,,,,,,,,,,,,,,,,,,,,,,,,,,,,,,,,,,,,,,,,,,,,,,,,,,,,,,,,,,,,,,,,,,,,,,
3351,1760,784,-101,-66,1269,21697,5447,-7354,-188,81,-20,-11,4,0,14933,98,244,284,14933,1682,1471,1675,1622,0,0,0,0,0,0,0,3,6,-1,-8,132,,,,,,,,,,,,,,,,,,,,,,,,,,,,,,,,,,,,,,,,,,,,,,,,,,,,,,,,,,,,,,,,,,,,,,,,,,,,,,,,,,,,,,,,,,,,,,,,,,,,,,,,,,,,,,,,,,,,,,,,,,,,,,,
3403,2564,664,-205,-274,1139,-3143,-5172,-6744,-306,83,-20,-7,4,0,14844,96,321,276,14844,1592,1548,1655,1673,0,0,0,0,0,0,0,2,4,2,29,132,,,,,,,,,,,,,,,,,,,,,,,,,,,,,,,,,,,,,,,,,,,,,,,,,,,,,,,,,,,,,,,,,,,,,,,,,,,,,,,,,,,,,,,,,,,,,,,,,,,,,,,,,,,,,,,,,,,,,,,,,,,,,,,
3451,2667,-154,76,-12,608,-7110,-10726,-6500,-279,25,-2,-8,3,0,14978,113,430,287,14978,1589,1537,1689,1662,0,0,0,0,0,0,0,5,2,-31,45,132,,,,,,,,,,,,,,,,,,,,,,,,,,,,,,,,,,,,,,,,,,,,,,,,,,,,,,,,,,,,,,,,,,,,,,,,,,,,,,,,,,,,,,,,,,,,,,,,,,,,,,,,,,,,,,,,,,,,,,,,,,,,,,,
3503,1566,-54,62,191,1245,-3326,-4501,-6011,-418,71,-6,-56,12,0,14978,168,456,287,14978,1652,1468,1689,1653,0,0,0,0,0,0,0,1,7,4,-14,132,,,,,,,,,,,,,,,,,,,,,,,,,,,,,,,,,,,,,,,,,,,,,,,,,,,,,,,,,,,,,,,,,,,,,,,,,,,,,,,,,,,,,,,,,,,,,,,,,,,,,,,,,,,,,,,,,,,,,,,,,,,,,,,
3551,1256,140,167,466,1506,-19195,-16647,-7171,-519,174,-2,-86,27,0,14978,194,538,287,14978,1557,1526,1701,1693,0,0,0,0,0,0,0,0,0,21,47,136,,,,,,,,,,,,,,,,,,,,,,,,,,,,,,,,,,,,,,,,,,,,,,,,,,,,,,,,,,,,,,,,,,,,,,,,,,,,,,,,,,,,,,,,,,,,,,,,,,,,,,,,,,,,,,,,,,,,,,,,,,,,,,,
3602,-23,-758,19,-182,867,-44097,-12557,-9002,-637,122,-8,-115,35,0,14978,206,590,287,14978,1541,1537,1694,1697,0,0,0,0,0,0,0,2,0,-27,23,137,,,,,,,,,,,,,,,,,,,,,,,,,,,,,,,,,,,,,,,,,,,,,,,,,,,,,,,,,,,,,,,,,,,,,,,,,,,,,,,,,,,,,,,,,,,,,,,,,,,,,,,,,,,,,,,,,,,,,,,,,,,,,,,
3651,-1806,-1044,-153,21,1324,-38177,-10482,-8392,-442,89,-10,-115,36,0,15022,268,686,291,15022,1551,1517,1700,1703,0,0,0,0,0,0,0,-1,0,4,-9,140,,,,,,,,,,,,,,,,,,,,,,,,,,,,,,,,,,,,,,,,,,,,,,,,,,,,,,,,,,,,,,,,,,,,,,,,,,,,,,,,,,,,,,,,,,,,,,,,,,,,,,,,,,,,,,,,,,,,,,,,,,,,,,,
3702,-3036,-1338,-26,23,945,-24078,-2731,-9674,-275,45,-10,-106,35,0,15022,286,741,291,15022,1565,1503,1698,1700,0,0,0,0,0,0,0,0,-1,-9,-23,139,,,,,,,,,,,,,,,,,,,,,,,,,,,,,,,,,,,,,,,,,,,,,,,,,,,,,,,,,,,,,,,,,,,,,,,,,,,,,,,,,,,,,,,,,,,,,,,,,,,,,,,,,,,,,,,,,,,,,,,,,,,,,,,
3751,-3824,-1339,-100,-181,1180,-19500,-7308,-9185,104,-130,-12,-43,0,0,14978,325,776,287,14978,1506,1563,1678,1719,0,0,0,0,0,0,0,-2,-1,8,-42,142,,,,,,,,,,,,,,,,,,,,,,,,,,,,,,,,,,,,,,,,,,,,,,,,,,,,,,,,,,,,,,,,,,,,,,,,,,,,,,,,,,,,,,,,,,,,,,,,,,,,,,,,,,,,,,,,,,,,,,,,,,,,,,,
3803,-3713,-1270,-104,-111,924,152,-5477,-7598,307,-126,-8,-1,0,0,15067,368,756,296,15067,1551,1515,1690,1717,0,0,0,0,0,0,0,-3,-3,16,-34,137,,,,,,,,,,,,,,,,,,,,,,,,,,,,,,,,,,,,,,,,,,,,,,,,,,,,,,,,,,,,,,,,,,,,,,,,,,,,,,,,,,,,,,,,,,,,,,,,,,,,,,,,,,,,,,,,,,,,,,,,,,,,,,,
3851,-2628,-1460,21,157,1227,12603,-4196,-9246,252,-130,-10,0,0,0,14667,405,693,260,14667,1559,1479,1700,1724,0,0,0,0,0,0,0,-1,-5,-9,-2,136,,,,,,,,,,,,,,,,,,,,,,,,,,,,,,,,,,,,,,,,,,,,,,,,,,,,,,,,,,,,,,,,,,,,,,,,,,,,,,,,,,,,,,,,,,,,,,,,,,,,,,,,,,,,,,,,,,,,,,,,,,,,,,,
3903,-1608,-1201,-27,10,1188,152,-2914,-9124,140,-103,-2,0,0,0,13290,425,717,132,13290,1501,1480,1673,1689,0,0,0,0,0,0,0,-3,-6,6,18,132,,,,,,,,,,,,,,,,,,,,,,,,,,,,,,,,,,,,,,,,,,,,,,,,,,,,,,,,,,,,,,,,,,,,,,,,,,,,,,,,,,,,,,,,,,,,,,,,,,,,,,,,,,,,,,,,,,,,,,,,,,,,,,,
3951,-1140,-1322,-14,9,1023,335,259,-7476,106,-159,-4,0,-6,0,12180,453,685,24,12180,1459,1416,1642,1667,0,0,0,0,0,0,0,-2,-6,-9,11,130,,,,,,,,,,,,,,,,,,,,,,,,,,,,,,,,,,,,,,,,,,,,,,,,,,,,,,,,,,,,,,,,,,,,,,,,,,,,,,,,,,,,,,,,,,,,,,,,,,,,,,,,,,,,,,,,,,,,,,,,,,,,,,,
4003,-893,-937,-123,-137,980,2471,8987,-6072,256,-202,-6,34,-24,0,12140,515,754,20,12140,1441,1439,1652,1650,0,0,0,0,0,0,0,-2,-4,-3,-6,135,,,,,,,,,,,,,,,,,,,,,,,,,,,,,,,,,,,,,,,,,,,,,,,,,,,,,,,,,,,,,,,,,,,,,,,,,,,,,,,,,,,,,,,,,,,,,,,,,,,,,,,,,,,,,,,,,,,,,,,,,,,,,,,
4051,-735,-29,-166,-49,808,15411,9170,-6134,213,-190,0,28,-32,0,12180,529,714,24,12180,1481,1408,1669,1626,0,0,0,0,0,0,0,-5,0,35,-28,133,,,,,,,,,,,,,,,,,,,,,,,,,,,,,,,,,,,,,,,,,,,,,,,,,,,,,,,,,,,,,,,,,,,,,,,,,,,,,,,,,,,,,,,,,,,,,,,,,,,,,,,,,,,,,,,,,,,,,,,,,,,,,,,
4103,259,741,-37,56,697,10101,8682,-6378,47,-80,-4,10,-25,0,12140,566,580,20,12140,1508,1390,1628,1657,0,0,0,0,0,0,0,-4,-4,34,16,129,,,,,,,,,,,,,,,,,,,,,,,,,,,,,,,,,,,,,,,,,,,,,,,,,,,,,,,,,,,,,,,,,,,,,,,,,,,,,,,,,,,,,,,,,,,,,,,,,,,,,,,,,,,,,,,,,,,,,,,,,,,,,,,
4151,1024,588,19,71,783,-274,5630,-6561,-54,-33,-4,4,-18,0,12100,605,509,15,12100,1449,1456,1636,1645,0,0,0,0,0,0,0,0,-6,-7,46,127,,,,,,,,,,,,,,,,,,,,,,,,,,,,,,,,,,,,,,,,,,,,,,,,,,,,,,,,,,,,,,,,,,,,,,,,,,,,,,,,,,,,,,,,,,,,,,,,,,,,,,,,,,,,,,,,,,,,,,,,,,,,,,,
4202,969,721,167,-4,751,-10101,4287,-5340,-97,-3,-6,3,-11,0,12140,599,344,20,12140,1472,1446,1628,1648,0,0,0,0,0,0,0,0,-6,1,33,127,,,,,,,,,,,,,,,,,,,,,,,,,,,,,,,,,,,,,,,,,,,,,,,,,,,,,,,,,,,,,,,,,,,,,,,,,,,,,,,,,,,,,,,,,,,,,,,,,,,,,,,,,,,,,,,,,,,,,,,,,,,,,,,
4251,682,676,1,-2,824,-3326,3616,-4791,-51,30,-10,3,-6,0,12382,620,240,44,12382,1472,1449,1632,1640,0,0,0,0,0,0,0,1,-4,-9,14,125,,,,,,,,,,,,,,,,,,,,,,,,,,,,,,,,,,,,,,,,,,,,,,,,,,,,,,,,,,,,,,,,,,,,,,,,,,,,,,,,,,,,,,,,,,,,,,,,,,,,,,,,,,,,,,,,,,,,,,,,,,,,,,,
4302,190,285,132,132,1051,-6378,-2853,-3631,1,25,-8,2,-4,0,13543,645,258,155,13543,1507,1481,1677,1665,0,0,0,0,0,0,0,2,-3,-23,-2,129,,,,,,,,,,,,,,,,,,,,,,,,,,,,,,,,,,,,,,,,,,,,,,,,,,,,,,,,,,,,,,,,,,,,,,,,,,,,,,,,,,,,,,,,,,,,,,,,,,,,,,,,,,,,,,,,,,,,,,,,,,,,,,,
4351,-245,509,30,-58,1185,-2593,-2304,-3814,14,10,-4,1,-4,0,13927,633,177,192,13927,1525,1505,1663,1679,0,0,0,0,0,0,0,-1,-2,11,-18,131,,,,,,,,,,,,,,,,,,,,,,,,,,,,,,,,,,,,,,,,,,,,,,,,,,,,,,,,,,,,,,,,,,,,,,,,,,,,,,,,,,,,,,,,,,,,,,,,,,,,,,,,,,,,,,,,,,,,,,,,,,,,,,,
4403,-508,535,-18,80,1209,457,-1632,-2593,62,54,-4,1,-2,0,14448,657,174,240,14448,1528,1501,1697,1689,0,0,0,0,0,0,0,-1,-2,14,-18,129,,,,,,,,,,,,,,,,,,,,,,,,,,,,,,,,,,,,,,,,,,,,,,,,,,,,,,,,,,,,,,,,,,,,,,,,,,,,,,,,,,,,,,,,,,,,,,,,,,,,,,,,,,,,,,,,,,,,,,,,,,,,,,,
4451,-198,511,14,-38,917,4119,-4196,-4302,36,53,-10,1,-1,0,14800,654,143,271,14800,1548,1503,1697,1697,0,0,0,0,0,0,0,-1,-4,9,4,127,,,,,,,,,,,,,,,,,,,,,,,,,,,,,,,,,,,,,,,,,,,,,,,,,,,,,,,,,,,,,,,,,,,,,,,,,,,,,,,,,,,,,,,,,,,,,,,,,,,,,,,,,,,,,,,,,,,,,,,,,,,,,,,
4503,164,299,26,18,942,213,-4074,-4669,-7,21,-8,0,-1,0,14933,668,125,284,14933,1555,1515,1691,1702,0,0,0,0,0,0,0,-1,-5,4,17,124,,,,,,,,,,,,,,,,,,,,,,,,,,,,,,,,,,,,,,,,,,,,,,,,,,,,,,,,,,,,,,,,,,,,,,,,,,,,,,,,,,,,,,,,,,,,,,,,,,,,,,,,,,,,,,,,,,,,,,,,,,,,,,,
4551,292,260,1,77,1237,-4364,-2426,-4241,29,21,-12,9,-1,0,14933,652,106,284,14933,1549,1508,1693,1710,0,0,0,0,0,0,0,-2,-5,9,19,127,,,,,,,,,,,,,,,,,,,,,,,,,,,,,,,,,,,,,,,,,,,,,,,,,,,,,,,,,,,,,,,,,,,,,,,,,,,,,,,,,,,,,,,,,,,,,,,,,,,,,,,,,,,,,,,,,,,,,,,,,,,,,,,
4603,129,36,121,102,1064,7232,-1876,-3875,228,0,-12,47,0,0,15022,678,118,291,15022,1531,1515,1702,1718,0,0,0,0,0,0,0,0,-2,-13,-7,129,,,,,,,,,,,,,,,,,,,,,,,,,,,,,,,,,,,,,,,,,,,,,,,,,,,,,,,,,,,,,,,,,,,,,,,,,,,,,,,,,,,,,,,,,,,,,,,,,,,,,,,,,,,,,,,,,,,,,,,,,,,,,,,
4651,655,-373,258,86,941,19073,-4623,-3753,343,-32,-12,77,-1,0,15022,686,157,291,15022,1560,1490,1686,1725,0,0,0,0,0,0,0,1,-1,-30,-1,133,,,,,,,,,,,,,,,,,,,,,,,,,,,,,,,,,,,,,,,,,,,,,,,,,,,,,,,,,,,,,,,,,,,,,,,,,,,,,,,,,,,,,,,,,,,,,,,,,,,,,,,,,,,,,,,,,,,,,,,,,,,,,,,
4703,1712,-678,-238,-73,1239,23773,2334,-4302,267,-77,-14,78,-1,0,14978,693,195,287,14978,1570,1474,1700,1715,0,0,0,0,0,0,0,0,-1,-17,21,136,,,,,,,,,,,,,,,,,,,,,,,,,,,,,,,,,,,,,,,,,,,,,,,,,,,,,,,,,,,,,,,,,,,,,,,,,,,,,,,,,,,,,,,,,,,,,,,,,,,,,,,,,,,,,,,,,,,,,,,,,,,,,,,
4751,2522,-152,-1,32,952,17547,3799,-3631,191,-33,-48,78,0,0,14978,702,201,287,14978,1531,1489,1724,1711,0,0,0,0,0,0,0,-3,0,21,31,130,,,,,,,,,,,,,,,,,,,,,,,,,,,,,,,,,,,,,,,,,,,,,,,,,,,,,,,,,,,,,,,,,,,,,,,,,,,,,,,,,,,,,,,,,,,,,,,,,,,,,,,,,,,,,,,,,,,,,,,,,,,,,,,
4802,2733,-5,-47,-60,1066,13153,-2670,-1434,107,1,-62,69,0,0,15202,717,251,307,15202,1545,1497,1706,1730,0,0,0,0,0,0,0,-1,3,5,9,128,,,,,,,,,,,,,,,,,,,,,,,,,,,,,,,,,,,,,,,,,,,,,,,,,,,,,,,,,,,,,,,,,,,,,,,,,,,,,,,,,,,,,,,,,,,,,,,,,,,,,,,,,,,,,,,,,,,,,,,,,,,,,,,
4851,3178,-210,102,143,793,7232,-3646,-457,-179,-13,-83,18,0,0,15067,740,281,296,15067,1584,1411,1711,1736,0,0,0,0,0,0,0,0,0,-16,45,132,,,,,,,,,,,,,,,,,,,,,,,,,,,,,,,,,,,,,,,,,,,,,,,,,,,,,,,,,,,,,,,,,,,,,,,,,,,,,,,,,,,,,,,,,,,,,,,,,,,,,,,,,,,,,,,,,,,,,,,,,,,,,,,
4903,2811,-79,0,-7,1131,-7598,3311,-885,-201,-23,-85,11,-1,0,15067,743,264,296,15067,1519,1489,1721,1729,0,0,0,0,0,0,0,-2,3,10,20,130,,,,,,,,,,,,,,,,,,,,,,,,,,,,,,,,,,,,,,,,,,,,,,,,,,,,,,,,,,,,,,,,,,,,,,,,,,,,,,,,,,,,,,,,,,,,,,,,,,,,,,,,,,,,,,,,,,,,,,,,,,,,,,,
4951,1685,74,52,-113,934,-12603,3738,-335,-155,-5,-83,2,-1,0,15067,755,282,296,15067,1520,1501,1705,1736,0,0,0,0,0,0,0,-1,6,1,-19,130,,,,,,,,,,,,,,,,,,,,,,,,,,,,,,,,,,,,,,,,,,,,,,,,,,,,,,,,,,,,,,,,,,,,,,,,,,,,,,,,,,,,,,,,,,,,,,,,,,,,,,,,,,,,,,,,,,,,,,,,,,,,,,,
5003,659,416,41,-46,926,-4180,259,2044,-68,30,-159,1,0,0,15022,777,300,291,15022,1510,1459,1735,1739,0,0,0,0,0,0,0,-4,8,31,-38,127,,,,,,,,,,,,,,,,,,,,,,,,,,,,,,,,,,,,,,,,,,,,,,,,,,,,,,,,,,,,,,,,,,,,,,,,,,,,,,,,,,,,,,,,,,,,,,,,,,,,,,,,,,,,,,,,,,,,,,,,,,,,,,,
5051,687,564,90,-8,944,-3082,-289,7110,-52,46,-309,2,-1,0,15883,794,358,367,15883,1503,1427,1759,1774,0,0,0,0,0,0,0,-2,2,13,6,126,,,,,,,,,,,,,,,,,,,,,,,,,,,,,,,,,,,,,,,,,,,,,,,,,,,,,,,,,,,,,,,,,,,,,,,,,,,,,,,,,,,,,,,,,,,,,,,,,,,,,,,,,,,,,,,,,,,,,,,,,,,,,,,
5103,335,318,79,-49,1078,-4852,-2792,11749,-40,27,-343,2,-1,0,16673,789,266,435,16673,1527,1499,1772,1787,0,0,0,0,0,0,0,0,4,-1,-13,131,,,,,,,,,,,,,,,,,,,,,,,,,,,,,,,,,,,,,,,,,,,,,,,,,,,,,,,,,,,,,,,,,,,,,,,,,,,,,,,,,,,,,,,,,,,,,,,,,,,,,,,,,,,,,,,,,,,,,,,,,,,,,,,
5151,8,421,-40,-69,893,-3204,15,12725,-3,18,-437,2,-2,0,16626,808,312,432,16626,1509,1455,1787,1809,0,0,0,0,0,0,0,-2,4,10,-17,126,,,,,,,,,,,,,,,,,,,,,,,,,,,,,,,,,,,,,,,,,,,,,,,,,,,,,,,,,,,,,,,,,,,,,,,,,,,,,,,,,,,,,,,,,,,,,,,,,,,,,,,,,,,,,,,,,,,,,,,,,,,,,,,
5203,-232,342,73,-109,928,2349,-2487,19805,20,29,-527,2,0,0,16673,815,321,435,16673,1502,1461,1793,1807,0,0,0,0,0,0,0,-2,5,6,-28,129,,,,,,,,,,,,,,,,,,,,,,,,,,,,,,,,,,,,,,,,,,,,,,,,,,,,,,,,,,,,,,,,,,,,,,,,,,,,,,,,,,,,,,,,,,,,,,,,,,,,,,,,,,,,,,,,,,,,,,,,,,,,,,,
5251,209,106,-37,-33,1219,457,-778,21697,-6,9,-529,2,-1,0,16673,844,360,435,16673,1525,1460,1786,1799,0,0,0,0,0,0,0,0,0,-5,13,126,,,,,,,,,,,,,,,,,,,,,,,,,,,,,,,,,,,,,,,,,,,,,,,,,,,,,,,,,,,,,,,,,,,,,,,,,,,,,,,,,,,,,,,,,,,,,,,,,,,,,,,,,,,,,,,,,,,,,,,,,,,,,,,
5303,50,-207,180,68,1127,-1495,-2365,21453,1,-11,-592,1,0,0,15837,861,411,363,15837,1469,1440,1773,1800,0,0,0,0,0,0,0,0,2,-20,0,128,,,,,,,,,,,,,,,,,,,,,,,,,,,,,,,,,,,,,,,,,,,,,,,,,,,,,,,,,,,,,,,,,,,,,,,,,,,,,,,,,,,,,,,,,,,,,,,,,,,,,,,,,,,,,,,,,,,,,,,,,,,,,,,
5351,-155,-146,-144,-113,893,-1739,-1022,25054,6,-22,-590,1,0,0,15246,861,401,311,15246,1501,1461,1741,1755,0,0,0,0,0,0,0,-1,4,-1,-18,134,,,,,,,,,,,,,,,,,,,,,,,,,,,,,,,,,,,,,,,,,,,,,,,,,,,,,,,,,,,,,,,,,,,,,,,,,,,,,,,,,,,,,,,,,,,,,,,,,,,,,,,,,,,,,,,,,,,,,,,,,,,,,,,
5402,-154,-85,-114,41,786,1129,320,27984,27,-4,-536,2,3,0,14978,893,399,287,14978,1522,1469,1723,1732,0,0,0,0,0,0,0,-2,2,6,-1,126,,,,,,,,,,,,,,,,,,,,,,,,,,,,,,,,,,,,,,,,,,,,,,,,,,,,,,,,,,,,,,,,,,,,,,,,,,,,,,,,,,,,,,,,,,,,,,,,,,,,,,,,,,,,,,,,,,,,,,,,,,,,,,,
5451,-241,-299,15,-63,789,-701,-411,22491,14,-26,-326,2,-1,0,15067,904,408,296,15067,1568,1518,1687,1708,0,0,0,0,0,0,0,0,3,-19,-11,131,,,,,,,,,,,,,,,,,,,,,,,,,,,,,,,,,,,,,,,,,,,,,,,,,,,,,,,,,,,,,,,,,,,,,,,,,,,,,,,,,,,,,,,,,,,,,,,,,,,,,,,,,,,,,,,,,,,,,,,,,,,,,,,
5503,77,-39,189,169,1168,1373,1785,14739,21,-9,-196,2,0,0,15112,930,395,300,15112,1582,1531,1683,1691,0,0,0,0,0,0,0,-2,-1,3,30,127,,,,,,,,,,,,,,,,,,,,,,,,,,,,,,,,,,,,,,,,,,,,,,,,,,,,,,,,,,,,,,,,,,,,,,,,,,,,,,,,,,,,,,,,,,,,,,,,,,,,,,,,,,,,,,,,,,,,,,,,,,,,,,,
5551,-261,-208,122,-18,993,-640,2700,10650,39,-14,-102,1,0,0,15112,954,399,300,15112,1582,1542,1671,1693,0,0,0,0,0,0,0,2,3,-26,-9,130,,,,,,,,,,,,,,,,,,,,,,,,,,,,,,,,,,,,,,,,,,,,,,,,,,,,,,,,,,,,,,,,,,,,,,,,,,,,,,,,,,,,,,,,,,,,,,,,,,,,,,,,,,,,,,,,,,,,,,,,,,,,,,,
5603,66,-223,-97,82,1258,-1800,5996,5523,-177,-36,-71,-34,0,0,15112,958,358,300,15112,1577,1507,1695,1701,0,0,0,0,0,0,0,0,0,-5,15,130,,,,,,,,,,,,,,,,,,,,,,,,,,,,,,,,,,,,,,,,,,,,,,,,,,,,,,,,,,,,,,,,,,,,,,,,,,,,,,,,,,,,,,,,,,,,,,,,,,,,,,,,,,,,,,,,,,,,,,,,,,,,,,,
5651,-475,258,-106,-114,1080,-11688,6057,3692,-141,6,-64,-34,0,0,15022,981,393,291,15022,1533,1543,1704,1700,0,0,0,0,0,0,0,-2,2,14,-10,135,,,,,,,,,,,,,,,,,,,,,,,,,,,,,,,,,,,,,,,,,,,,,,,,,,,,,,,,,,,,,,,,,,,,,,,,,,,,,,,,,,,,,,,,,,,,,,,,,,,,,,,,,,,,,,,,,,,,,,,,,,,,,,,
5703,-863,623,-41,13,1006,-9185,-2914,1983,-85,46,-16,-27,0,0,13670,999,374,168,13670,1527,1505,1652,1667,0,0,0,0,0,0,0,-3,1,26,-12,132,,,,,,,,,,,,,,,,,,,,,,,,,,,,,,,,,,,,,,,,,,,,,,,,,,,,,,,,,,,,,,,,,,,,,,,,,,,,,,,,,,,,,,,,,,,,,,,,,,,,,,,,,,,,,,,,,,,,,,,,,,,,,,,
5751,-744,563,12,-12,612,-3692,-1266,2227,-19,34,-14,-15,0,0,13628,1007,344,163,13628,1534,1466,1664,1675,0,0,0,0,0,0,0,-1,-1,11,7,131,,,,,,,,,,,,,,,,,,,,,,,,,,,,,,,,,,,,,,,,,,,,,,,,,,,,,,,,,,,,,,,,,,,,,,,,,,,,,,,,,,,,,,,,,,,,,,,,,,,,,,,,,,,,,,,,,,,,,,,,,,,,,,,
5803,-653,124,130,140,994,1800,-3707,2716,52,26,-18,-2,0,0,13585,1038,346,159,13585,1511,1467,1668,1685,0,0,0,0,0,0,0,3,-1,-32,6,129,,,,,,,,,,,,,,,,,,,,,,,,,,,,,,,,,,,,,,,,,,,,,,,,,,,,,,,,,,,,,,,,,,,,,,,,,,,,,,,,,,,,,,,,,,,,,,,,,,,,,,,,,,,,,,,,,,,,,,,,,,,,,,,
5851,-376,-464,37,-22,1040,2899,-900,1373,41,-41,-14,-1,-1,0,13543,1059,335,155,13543,1523,1472,1659,1680,0,0,0,0,0,0,0,6,-2,-52,16,132,,,,,,,,,,,,,,,,,,,,,,,,,,,,,,,,,,,,,,,,,,,,,,,,,,,,,,,,,,,,,,,,,,,,,,,,,,,,,,,,,,,,,,,,,,,,,,,,,,,,,,,,,,,,,,,,,,,,,,,,,,,,,,,
5903,-23,-532,-179,-53,993,213,6179,152,3,-83,-16,0,-1,0,13585,1094,336,159,13585,1514,1463,1672,1682,0,0,0,0,0,0,0,1,-2,-10,16,128,,,,,,,,,,,,,,,,,,,,,,,,,,,,,,,,,,,,,,,,,,,,,,,,,,,,,,,,,,,,,,,,,,,,,,,,,,,,,,,,,,,,,,,,,,,,,,,,,,,,,,,,,,,,,,,,,,,,,,,,,,,,,,,
5951,216,-730,-178,151,1143,-91,5569,91,-12,-74,-18,0,0,0,13543,1106,299,155,13543,1492,1454,1683,1691,0,0,0,0,0,0,0,3,-3,-27,21,129,,,,,,,,,,,,,,,,,,,,,,,,,,,,,,,,,,,,,,,,,,,,,,,,,,,,,,,,,,,,,,,,,,,,,,,,,,,,,,,,,,,,,,,,,,,,,,,,,,,,,,,,,,,,,,,,,,,,,,,,,,,,,,,
6003,139,-666,-109,-19,952,885,2029,-457,-29,-85,-4,-1,0,0,12463,1124,275,51,12463,1510,1459,1669,1680,0,0,0,0,0,0,0,1,0,-5,1,126,,,,,,,,,,,,,,,,,,,,,,,,,,,,,,,,,,,,,,,,,,,,,,,,,,,,,,,,,,,,,,,,,,,,,,,,,,,,,,,,,,,,,,,,,,,,,,,,,,,,,,,,,,,,,,,,,,,,,,,,,,,,,,,
6051,-132,-151,-87,30,922,-1922,3128,-1068,22,-17,-2,0,-1,0,12140,1128,292,20,12140,1454,1426,1656,1639,0,0,0,0,0,0,0,-1,0,20,-10,130,,,,,,,,,,,,,,,,,,,,,,,,,,,,,,,,,,,,,,,,,,,,,,,,,,,,,,,,,,,,,,,,,,,,,,,,,,,,,,,,,,,,,,,,,,,,,,,,,,,,,,,,,,,,,,,,,,,,,,,,,,,,,,,
6103,-82,184,-57,125,1050,-701,-167,946,20,12,-4,0,0,0,12060,1175,315,11,12060,1467,1404,1647,1654,0,0,0,0,0,0,0,-1,-1,20,8,124,,,,,,,,,,,,,,,,,,,,,,,,,,,,,,,,,,,,,,,,,,,,,,,,,,,,,,,,,,,,,,,,,,,,,,,,,,,,,,,,,,,,,,,,,,,,,,,,,,,,,,,,,,,,,,,,,,,,,,,,,,,,,,,
6151,-133,282,-29,-69,546,-762,-2365,152,-12,2,0,0,0,0,12545,1161,261,60,12545,1470,1450,1632,1676,0,0,0,0,0,0,0,-1,0,21,-8,124,,,,,,,,,,,,,,,,,,,,,,,,,,,,,,,,,,,,,,,,,,,,,,,,,,,,,,,,,,,,,,,,,,,,,,,,,,,,,,,,,,,,,,,,,,,,,,,,,,,,,,,,,,,,,,,,,,,,,,,,,,,,,,,
6203,306,-1096,163,64,535,-1068,442,640,-2,-42,-4,1,-1,0,13500,1196,212,152,13500,1497,1451,1685,1679,0,0,0,0,0,0,0,14,-5,-97,34,129,,,,,,,,,,,,,,,,,,,,,,,,,,,,,,,,,,,,,,,,,,,,,,,,,,,,,,,,,,,,,,,,,,,,,,,,,,,,,,,,,,,,,,,,,,,,,,,,,,,,,,,,,,,,,,,,,,,,,,,,,,,,,,,
6251,518,-1381,136,45,732,-1434,6179,-335,-45,-122,-4,0,0,0,13500,1179,155,152,13500,1491,1457,1683,1685,0,0,0,0,0,0,0,10,-5,-70,32,132,,,,,,,,,,,,,,,,,,,,,,,,,,,,,,,,,,,,,,,,,,,,,,,,,,,,,,,,,,,,,,,,,,,,,,,,,,,,,,,,,,,,,,,,,,,,,,,,,,,,,,,,,,,,,,,,,,,,,,,,,,,,,,,
6303,175,-771,-30,-144,940,-335,8316,-2532,-42,-87,-6,0,0,0,13500,1208,150,152,13500,1494,1462,1687,1676,0,0,0,0,0,0,0,2,1,-4,-19,130,,,,,,,,,,,,,,,,,,,,,,,,,,,,,,,,,,,,,,,,,,,,,,,,,,,,,,,,,,,,,,,,,,,,,,,,,,,,,,,,,,,,,,,,,,,,,,,,,,,,,,,,,,,,,,,,,,,,,,,,,,,,,,,
6351,131,-627,-58,82,1194,-701,5447,-1434,29,-83,-6,7,-9,0,13500,1201,96,152,13500,1506,1456,1678,1680,0,0,0,0,0,0,0,6,-16403,246,-432,28,28,996,3265,3982,-579,-9,-90,-2,2,-9,0,14230,1196,40,219,14230,1522,1437,1690,1699,0,0,0,0,0,0,0,5,-1,-15,3,125,,,,,,,,,,,,,,,,,,,,,,,,,,,,,,,,,,,,,,,,,,,,,,,,,,,,,,,,,,,,,,,,,,,,,,,,,,,,,,,,,,,,,,,,,,,,,,,
6451,316,-87,61,47,1104,3143,2090,-1129,-10,-18,-20,1,-2,0,15022,1198,-8,291,15022,1514,1474,1731,1731,0,0,0,0,0,0,0,2,0,5,0,125,,,,,,,,,,,,,,,,,,,,,,,,,,,,,,,,,,,,,,,,,,,,,,,,,,,,,,,,,,,,,,,,,,,,,,,,,,,,,,,,,,,,,,,,,,,,,,,,,,,,,,,,,,,,,,,,,,,,,,,,,,,,,,,
6503,226,-55,84,-79,1051,-396,1174,-3509,-16,7,-23,2,-3,0,15067,1190,-55,296,15067,1517,1470,1730,1735,0,0,0,0,0,0,0,6,0,-17,-7,128,,,,,,,,,,,,,,,,,,,,,,,,,,,,,,,,,,,,,,,,,,,,,,,,,,,,,,,,,,,,,,,,,,,,,,,,,,,,,,,,,,,,,,,,,,,,,,,,,,,,,,,,,,,,,,,,,,,,,,,,,,,,,,,
6551,243,-353,151,69,1227,3631,-1510,-2044,2,-28,-4,2,-2,0,15067,1174,-39,296,15067,1531,1463,1723,1733,0,0,0,0,0,0,0,7,0,-26,-2,129,,,,,,,,,,,,,,,,,,,,,,,,,,,,,,,,,,,,,,,,,,,,,,,,,,,,,,,,,,,,,,,,,,,,,,,,,,,,,,,,,,,,,,,,,,,,,,,,,,,,,,,,,,,,,,,,,,,,,,,,,,,,,,,
6602,262,-80,-46,13,1087,2777,-1632,-2532,-18,-6,-2,1,-2,0,15067,1163,-109,296,15067,1529,1462,1732,1730,0,0,0,0,0,0,0,4,1,-2,-6,129,,,,,,,,,,,,,,,,,,,,,,,,,,,,,,,,,,,,,,,,,,,,,,,,,,,,,,,,,,,,,,,,,,,,,,,,,,,,,,,,,,,,,,,,,,,,,,,,,,,,,,,,,,,,,,,,,,,,,,,,,,,,,,,
6651,495,-435,97,-21,923,1007,-1571,-2166,-35,-40,-2,0,-2,0,15022,1150,-116,291,15022,1524,1475,1725,1728,0,0,0,0,0,0,0,7,0,-28,10,131,,,,,,,,,,,,,,,,,,,,,,,,,,,,,,,,,,,,,,,,,,,,,,,,,,,,,,,,,,,,,,,,,,,,,,,,,,,,,,,,,,,,,,,,,,,,,,,,,,,,,,,,,,,,,,,,,,,,,,,,,,,,,,,
6703,578,-374,44,49,871,2044,2395,-2349,-33,-40,-4,0,-2,0,15067,1160,-82,296,15067,1505,1480,1726,1741,0,0,0,0,0,0,0,5,-2,-10,19,129,,,,,,,,,,,,,,,,,,,,,,,,,,,,,,,,,,,,,,,,,,,,,,,,,,,,,,,,,,,,,,,,,,,,,,,,,,,,,,,,,,,,,,,,,,,,,,,,,,,,,,,,,,,,,,,,,,,,,,,,,,,,,,,
6751,415,186,-223,-38,1010,-213,1663,-2410,35,-14,-4,16,-2,0,15112,1159,-50,300,15112,1508,1462,1733,1740,0,0,0,0,0,0,0,-1,0,38,0,130,,,,,,,,,,,,,,,,,,,,,,,,,,,,,,,,,,,,,,,,,,,,,,,,,,,,,,,,,,,,,,,,,,,,,,,,,,,,,,,,,,,,,,,,,,,,,,,,,,,,,,,,,,,,,,,,,,,,,,,,,,,,,,,
6803,466,-28,-74,-29,745,1922,686,-3021,108,-34,-2,28,-2,0,15067,1160,-43,296,15067,1507,1467,1720,1750,0,0,0,0,0,0,0,1,0,10,3,127,,,,,,,,,,,,,,,,,,,,,,,,,,,,,,,,,,,,,,,,,,,,,,,,,,,,,,,,,,,,,,,,,,,,,,,,,,,,,,,,,,,,,,,,,,,,,,,,,,,,,,,,,,,,,,,,,,,,,,,,,,,,,,,
6851,448,148,-131,-97,1097,8819,-1937,-2227,82,3,-2,27,-2,0,15067,1152,-40,296,15067,1520,1464,1724,1743,0,0,0,0,0,0,0,0,3,19,-15,130,,,,,,,,,,,,,,,,,,,,,,,,,,,,,,,,,,,,,,,,,,,,,,,,,,,,,,,,,,,,,,,,,,,,,,,,,,,,,,,,,,,,,,,,,,,,,,,,,,,,,,,,,,,,,,,,,,,,,,,,,,,,,,,
6903,913,237,31,20,994,5767,686,-3326,39,-1,-4,21,-1,0,15022,1157,-47,291,15022,1528,1464,1714,1744,0,0,0,0,0,0,0,0,1,26,10,124,,,,,,,,,,,,,,,,,,,,,,,,,,,,,,,,,,,,,,,,,,,,,,,,,,,,,,,,,,,,,,,,,,,,,,,,,,,,,,,,,,,,,,,,,,,,,,,,,,,,,,,,,,,,,,,,,,,,,,,,,,,,,,,
6951,1226,338,-77,-10,883,457,-411,-4119,-61,4,-25,9,-2,0,15067,1149,-67,296,15067,1513,1447,1730,1749,0,0,0,0,0,0,0,0,-1,19,29,128,,,,,,,,,,,,,,,,,,,,,,,,,,,,,,,,,,,,,,,,,,,,,,,,,,,,,,,,,,,,,,,,,,,,,,,,,,,,,,,,,,,,,,,,,,,,,,,,,,,,,,,,,,,,,,,,,,,,,,,,,,,,,,,
7003,1112,156,-102,171,1047,-4852,-3524,-1129,-76,0,-39,3,-2,0,15022,1158,-12,291,15022,1507,1465,1730,1742,0,0,0,0,0,0,0,1,-1,7,30,132,,,,,,,,,,,,,,,,,,,,,,,,,,,,,,,,,,,,,,,,,,,,,,,,,,,,,,,,,,,,,,,,,,,,,,,,,,,,,,,,,,,,,,,,,,,,,,,,,,,,,,,,,,,,,,,,,,,,,,,,,,,,,,,
7051,640,-17,102,17,706,-6439,-4440,-91,-47,5,-58,4,-2,0,14623,1157,19,255,14623,1479,1442,1722,1754,0,0,0,0,0,0,0,3,1,-9,3,124,,,,,,,,,,,,,,,,,,,,,,,,,,,,,,,,,,,,,,,,,,,,,,,,,,,,,,,,,,,,,,,,,,,,,,,,,,,,,,,,,,,,,,,,,,,,,,,,,,,,,,,,,,,,,,,,,,,,,,,,,,,,,,,
7102,208,-470,144,2,937,-1373,320,885,-9,-20,-58,4,-2,0,13628,1154,-2,163,13628,1454,1419,1704,1725,0,0,0,0,0,0,0,9,3,-49,-17,126,,,,,,,,,,,,,,,,,,,,,,,,,,,,,,,,,,,,,,,,,,,,,,,,,,,,,,,,,,,,,,,,,,,,,,,,,,,,,,,,,,,,,,,,,,,,,,,,,,,,,,,,,,,,,,,,,,,,,,,,,,,,,,,
7151,-79,103,-89,-35,977,-2227,-717,1739,13,-1,-56,2,-2,0,13628,1150,-9,163,13628,1486,1425,1694,1709,0,0,0,0,0,0,0,0,3,21,-17,127,,,,,,,,,,,,,,,,,,,,,,,,,,,,,,,,,,,,,,,,,,,,,,,,,,,,,,,,,,,,,,,,,,,,,,,,,,,,,,,,,,,,,,,,,,,,,,,,,,,,,,,,,,,,,,,,,,,,,,,,,,,,,,,
7203,-267,217,-228,-74,1099,1312,1419,2349,40,0,-20,3,-2,0,13628,1168,-6,163,13628,1488,1455,1684,1698,0,0,0,0,0,0,0,-2,4,28,-25,129,,,,,,,,,,,,,,,,,,,,,,,,,,,,,,,,,,,,,,,,,,,,,,,,,,,,,,,,,,,,,,,,,,,,,,,,,,,,,,,,,,,,,,,,,,,,,,,,,,,,,,,,,,,,,,,,,,,,,,,,,,,,,,,
7251,-199,-260,56,-47,1063,823,-839,823,28,-23,-23,2,-1,0,13585,1139,-73,159,13585,1484,1412,1707,1703,0,0,0,0,0,0,0,5,1,-25,-4,128,,,,,,,,,,,,,,,,,,,,,,,,,,,,,,,,,,,,,,,,,,,,,,,,,,,,,,,,,,,,,,,,,,,,,,,,,,,,,,,,,,,,,,,,,,,,,,,,,,,,,,,,,,,,,,,,,,,,,,,,,,,,,,,
7303,51,-373,-128,-71,1190,2960,-2304,2105,1,-53,-23,2,-2,0,13670,1146,-123,168,13670,1501,1427,1688,1700,0,0,0,0,0,0,0,3,0,-11,12,131,,,,,,,,,,,,,,,,,,,,,,,,,,,,,,,,,,,,,,,,,,,,,,,,,,,,,,,,,,,,,,,,,,,,,,,,,,,,,,,,,,,,,,,,,,,,,,,,,,,,,,,,,,,,,,,,,,,,,,,,,,,,,,,
7351,199,-203,89,146,845,1678,1785,-823,4,-25,-18,2,-2,0,13670,1140,-95,168,13670,1501,1428,1688,1709,0,0,0,0,0,0,0,2,-2,-4,21,127,,,,,,,,,,,,,,,,,,,,,,,,,,,,,,,,,,,,,,,,,,,,,,,,,,,,,,,,,,,,,,,,,,,,,,,,,,,,,,,,,,,,,,,,,,,,,,,,,,,,,,,,,,,,,,,,,,,,,,,,,,,,,,,
7403,120,-159,58,-23,768,1434,930,-1068,-14,-27,-2,1,0,0,13713,1137,-110,172,13713,1500,1452,1669,1715,0,0,0,0,0,0,0,3,1,-12,-1,128,,,,,,,,,,,,,,,,,,,,,,,,,,,,,,,,,,,,,,,,,,,,,,,,,,,,,,,,,,,,,,,,,,,,,,,,,,,,,,,,,,,,,,,,,,,,,,,,,,,,,,,,,,,,,,,,,,,,,,,,,,,,,,,
7451,-7,-142,-79,-45,1020,518,-473,-1617,-1,-31,-2,1,-1,0,13756,1118,-151,175,13756,1509,1461,1676,1697,0,0,0,0,0,0,0,1,3,3,-15,128,,,,,,,,,,,,,,,,,,,,,,,,,,,,,,,,,,,,,,,,,,,,,,,,,,,,,,,,,,,,,,,,,,,,,,,,,,,,,,,,,,,,,,,,,,,,,,,,,,,,,,,,,,,,,,,,,,,,,,,,,,,,,,,
7503,-117,-292,-53,-54,928,-2655,1846,823,2,-143,-2,1,-20,0,13756,1113,-216,175,13756,1500,1425,1678,1725,0,0,0,0,0,0,0,3,2,-9,-7,130,,,,,,,,,,,,,,,,,,,,,,,,,,,,,,,,,,,,,,,,,,,,,,,,,,,,,,,,,,,,,,,,,,,,,,,,,,,,,,,,,,,,,,,,,,,,,,,,,,,,,,,,,,,,,,,,,,,,,,,,,,,,,,,
7551,65,43,-91,-31,841,3875,7339,-457,43,-180,-2,9,-33,0,13798,1103,-193,179,13798,1494,1439,1696,1706,0,0,0,0,0,0,0,0,0,14,3,126,,,,,,,,,,,,,,,,,,,,,,,,,,,,,,,,,,,,,,,,,,,,,,,,,,,,,,,,,,,,,,,,,,,,,,,,,,,,,,,,,,,,,,,,,,,,,,,,,,,,,,,,,,,,,,,,,,,,,,,,,,,,,,,
7603,87,-6,-41,-125,999,1922,12832,-1129,17,-171,-2,4,-33,0,14978,1105,-218,287,14978,1537,1472,1721,1720,0,0,0,0,0,0,0,6,2,-16,-8,131,,,,,,,,,,,,,,,,,,,,,,,,,,,,,,,,,,,,,,,,,,,,,,,,,,,,,,,,,,,,,,,,,,,,,,,,,,,,,,,,,,,,,,,,,,,,,,,,,,,,,,,,,,,,,,,,,,,,,,,,,,,,,,,
7651,4,655,65,-24,787,823,8010,-1434,21,-88,-6,3,-28,0,14978,1089,-161,287,14978,1513,1481,1724,1729,0,0,0,0,0,0,0,3,3,12,-10,126,,,,,,,,,,,,,,,,,,,,,,,,,,,,,,,,,,,,,,,,,,,,,,,,,,,,,,,,,,,,,,,,,,,,,,,,,,,,,,,,,,,,,,,,,,,,,,,,,,,,,,,,,,,,,,,,,,,,,,,,,,,,,,,
7703,-22,878,-136,-60,862,2777,5325,396,21,28,-8,2,-9,0,14978,1064,-221,287,14978,1521,1467,1728,1729,0,0,0,0,0,0,0,2,4,22,-14,127,,,,,,,,,,,,,,,,,,,,,,,,,,,,,,,,,,,,,,,,,,,,,,,,,,,,,,,,,,,,,,,,,,,,,,,,,,,,,,,,,,,,,,,,,,,,,,,,,,,,,,,,,,,,,,,,,,,,,,,,,,,,,,,
7751,30,1031,106,52,817,1434,747,-1251,18,86,-2,3,-3,0,15067,1048,-248,296,15067,1514,1472,1742,1720,0,0,0,0,0,0,0,3,1,14,1,124,,,,,,,,,,,,,,,,,,,,,,,,,,,,,,,,,,,,,,,,,,,,,,,,,,,,,,,,,,,,,,,,,,,,,,,,,,,,,,,,,,,,,,,,,,,,,,,,,,,,,,,,,,,,,,,,,,,,,,,,,,,,,,,
7803,24,613,-27,-82,971,396,-5722,-1251,11,48,-6,2,-3,0,15022,1047,-281,291,15022,1522,1456,1713,1753,0,0,0,0,0,0,0,6,2,-4,-4,126,,,,,,,,,,,,,,,,,,,,,,,,,,,,,,,,,,,,,,,,,,,,,,,,,,,,,,,,,,,,,,,,,,,,,,,,,,,,,,,,,,,,,,,,,,,,,,,,,,,,,,,,,,,,,,,,,,,,,,,,,,,,,,,
7851,5,333,157,50,839,-2288,-4684,-1129,3,33,-4,2,0,0,14978,1026,-234,287,14978,1515,1477,1711,1743,0,0,0,0,0,0,0,5,2,-2,-3,124,,,,,,,,,,,,,,,,,,,,,,,,,,,,,,,,,,,,,,,,,,,,,,,,,,,,,,,,,,,,,,,,,,,,,,,,,,,,,,,,,,,,,,,,,,,,,,,,,,,,,,,,,,,,,,,,,,,,,,,,,,,,,,,
7903,-34,79,-186,-117,1083,-579,-1083,-701,18,-6,-6,2,-2,0,15067,1008,-235,296,15067,1506,1473,1721,1746,0,0,0,0,0,0,0,4,3,-1,-6,129,,,,,,,,,,,,,,,,,,,,,,,,,,,,,,,,,,,,,,,,,,,,,,,,,,,,,,,,,,,,,,,,,,,,,,,,,,,,,,,,,,,,,,,,,,,,,,,,,,,,,,,,,,,,,,,,,,,,,,,,,,,,,,,
7951,-286,130,71,-53,825,701,-961,-579,18,7,-2,1,-2,0,15157,1011,-204,304,15157,1507,1455,1736,1743,0,0,0,0,0,0,0,3,5,3,-23,124,,,,,,,,,,,,,,,,,,,,,,,,,,,,,,,,,,,,,,,,,,,,,,,,,,,,,,,,,,,,,,,,,,,,,,,,,,,,,,,,,,,,,,,,,,,,,,,,,,,,,,,,,,,,,,,,,,,,,,,,,,,,,,,
8003,-313,184,-53,-70,1244,-579,442,-1312,28,57,-4,1,9,0,15067,1003,-159,296,15067,1516,1446,1738,1742,0,0,0,0,0,0,0,2,4,13,-17,128,,,,,,,,,,,,,,,,,,,,,,,,,,,,,,,,,,,,,,,,,,,,,,,,,,,,,,,,,,,,,,,,,,,,,,,,,,,,,,,,,,,,,,,,,,,,,,,,,,,,,,,,,,,,,,,,,,,,,,,,,,,,,,,
8051,-401,271,14,-32,906,1190,-6149,-946,35,139,-4,2,23,0,15067,998,-115,296,15067,1502,1487,1722,1742,0,0,0,0,0,0,0,1,6,16,-25,128,,,,,,,,,,,,,,,,,,,,,,,,,,,,,,,,,,,,,,,,,,,,,,,,,,,,,,,,,,,,,,,,,,,,,,,,,,,,,,,,,,,,,,,,,,,,,,,,,,,,,,,,,,,,,,,,,,,,,,,,,,,,,,,
8103,-336,334,69,-54,1075,762,-9445,-823,36,192,-4,1,32,0,15157,991,-92,304,15157,1530,1472,1710,1747,0,0,0,0,0,0,0,0,3,27,-9,126,,,,,,,,,,,,,,,,,,,,,,,,,,,,,,,,,,,,,,,,,,,,,,,,,,,,,,,,,,,,,,,,,,,,,,,,,,,,,,,,,,,,,,,,,,,,,,,,,,,,,,,,,,,,,,,,,,,,,,,,,,,,,,,
8151,-457,-127,-124,-65,1045,3387,-11581,-1556,38,160,-4,1,34,0,15067,984,-80,296,15067,1507,1457,1729,1756,0,0,0,0,0,0,0,-1,6,19,-23,134,,,,,,,,,,,,,,,,,,,,,,,,,,,,,,,,,,,,,,,,,,,,,,,,,,,,,,,,,,,,,,,,,,,,,,,,,,,,,,,,,,,,,,,,,,,,,,,,,,,,,,,,,,,,,,,,,,,,,,,,,,,,,,,
8203,-198,-552,86,10,1252,579,-7858,-335,29,57,-6,2,20,0,15067,967,-121,296,15067,1524,1475,1710,1746,0,0,0,0,0,0,0,0,2,-2,2,125,,,,,,,,,,,,,,,,,,,,,,,,,,,,,,,,,,,,,,,,,,,,,,,,,,,,,,,,,,,,,,,,,,,,,,,,,,,,,,,,,,,,,,,,,,,,,,,,,,,,,,,,,,,,,,,,,,,,,,,,,,,,,,,
8251,-59,-878,89,40,947,457,-1998,-1007,18,-29,4,1,8,0,15157,959,-115,304,15157,1512,1471,1723,1752,0,0,0,0,0,0,0,2,1,-17,10,125,,,,,,,,,,,,,,,,,,,,,,,,,,,,,,,,,,,,,,,,,,,,,,,,,,,,,,,,,,,,,,,,,,,,,,,,,,,,,,,,,,,,,,,,,,,,,,,,,,,,,,,,,,,,,,,,,,,,,,,,,,,,,,,
8303,151,-407,105,-72,799,-640,2395,-1068,-20,-43,-4,1,1,0,15067,957,-87,296,15067,1525,1467,1721,1744,0,0,0,0,0,0,0,0,1,3,9,125,,,,,,,,,,,,,,,,,,,,,,,,,,,,,,,,,,,,,,,,,,,,,,,,,,,,,,,,,,,,,,,,,,,,,,,,,,,,,,,,,,,,,,,,,,,,,,,,,,,,,,,,,,,,,,,,,,,,,,,,,,,,,,,
8351,266,-70,62,41,970,-1556,15,-2777,-9,-10,0,1,0,0,15067,968,-101,296,15067,1515,1479,1719,1745,0,0,0,0,0,0,0,-3,0,20,15,123,,,,,,,,,,,,,,,,,,,,,,,,,,,,,,,,,,,,,,,,,,,,,,,,,,,,,,,,,,,,,,,,,,,,,,,,,,,,,,,,,,,,,,,,,,,,,,,,,,,,,,,,,,,,,,,,,,,,,,,,,,,,,,,
8403,485,-7,30,7,865,-2105,-717,-30,-37,10,0,1,1,0,15067,961,-85,296,15067,1515,1465,1734,1736,0,0,0,0,0,0,0,0,-1,3,27,119,,,,,,,,,,,,,,,,,,,,,,,,,,,,,,,,,,,,,,,,,,,,,,,,,,,,,,,,,,,,,,,,,,,,,,,,,,,,,,,,,,,,,,,,,,,,,,,,,,,,,,,,,,,,,,,,,,,,,,,,,,,,,,,
8451,402,228,20,99,1096,-1617,-534,-274,-41,14,-2,1,1,0,15112,949,-86,300,15112,1514,1466,1727,1746,0,0,0,0,0,0,0,-2,0,17,16,125,,,,,,,,,,,,,,,,,,,,,,,,,,,,,,,,,,,,,,,,,,,,,,,,,,,,,,,,,,,,,,,,,,,,,,,,,,,,,,,,,,,,,,,,,,,,,,,,,,,,,,,,,,,,,,,,,,,,,,,,,,,,,,,
8503,63,460,-71,49,1002,-4486,198,-1312,-11,43,0,2,1,0,15067,936,-60,296,15067,1513,1466,1737,1740,0,0,0,0,0,0,0,-3,2,23,-6,124,,,,,,,,,,,,,,,,,,,,,,,,,,,,,,,,,,,,,,,,,,,,,,,,,,,,,,,,,,,,,,,,,,,,,,,,,,,,,,,,,,,,,,,,,,,,,,,,,,,,,,,,,,,,,,,,,,,,,,,,,,,,,,,
8551,57,254,-67,128,1029,-1922,-2731,579,5,5,2,0,0,0,15112,973,-5,300,15112,1518,1473,1721,1744,0,0,0,0,0,0,0,-2,0,14,11,121,,,,,,,,,,,,,,,,,,,,,,,,,,,,,,,,,,,,,,,,,,,,,,,,,,,,,,,,,,,,,,,,,,,,,,,,,,,,,,,,,,,,,,,,,,,,,,,,,,,,,,,,,,,,,,,,,,,,,,,,,,,,,,,
8603,42,441,-169,-25,1206,-30,-106,-2410,-2,38,2,0,2,0,15067,949,-46,296,15067,1509,1472,1733,1737,0,0,0,0,0,0,0,-3,0,22,8,123,,,,,,,,,,,,,,,,,,,,,,,,,,,,,,,,,,,,,,,,,,,,,,,,,,,,,,,,,,,,,,,,,,,,,,,,,,,,,,,,,,,,,,,,,,,,,,,,,,,,,,,,,,,,,,,,,,,,,,,,,,,,,,,
8651,261,52,-79,57,1016,-1007,-4074,762,-13,-5,-2,0,0,0,15202,947,-36,307,15202,1521,1473,1725,1746,0,0,0,0,0,0,0,-1,-2,5,23,125,,,,,,,,,,,,,,,,,,,,,,,,,,,,,,,,,,,,,,,,,,,,,,,,,,,,,,,,,,,,,,,,,,,,,,,,,,,,,,,,,,,,,,,,,,,,,,,,,,,,,,,,,,,,,,,,,,,,,,,,,,,,,,,
8703,186,-224,14,165,1121,-1434,-228,-823,-2,17,0,0,6,0,15157,936,-60,304,15157,1507,1484,1723,1742,0,0,0,0,0,0,0,1,-1,-13,10,126,,,,,,,,,,,,,,,,,,,,,,,,,,,,,,,,,,,,,,,,,,,,,,,,,,,,,,,,,,,,,,,,,,,,,,,,,,,,,,,,,,,,,,,,,,,,,,,,,,,,,,,,,,,,,,,,,,,,,,,,,,,,,,,
8751,-180,5,-2,7,1232,-2532,-1083,-1129,-18,62,-2,-4,14,0,15112,942,-9,300,15112,1525,1466,1729,1737,0,0,0,0,0,0,0,-2,1,14,-9,126,,,,,,,,,,,,,,,,,,,,,,,,,,,,,,,,,,,,,,,,,,,,,,,,,,,,,,,,,,,,,,,,,,,,,,,,,,,,,,,,,,,,,,,,,,,,,,,,,,,,,,,,,,,,,,,,,,,,,,,,,,,,,,,
8802,-114,-126,118,212,888,30,-6271,-1007,3,105,-2,-4,20,0,15157,934,-44,304,15157,1510,1490,1728,1736,0,0,0,0,0,0,0,0,-1,-2,8,127,,,,,,,,,,,,,,,,,,,,,,,,,,,,,,,,,,,,,,,,,,,,,,,,,,,,,,,,,,,,,,,,,,,,,,,,,,,,,,,,,,,,,,,,,,,,,,,,,,,,,,,,,,,,,,,,,,,,,,,,,,,,,,,
8851,-196,-583,107,-47,961,-1007,-7492,-1739,0,46,-4,-2,13,0,15157,937,-15,304,15157,1509,1486,1717,1745,0,0,0,0,0,0,0,2,0,-29,-3,130,,,,,,,,,,,,,,,,,,,,,,,,,,,,,,,,,,,,,,,,,,,,,,,,,,,,,,,,,,,,,,,,,,,,,,,,,,,,,,,,,,,,,,,,,,,,,,,,,,,,,,,,,,,,,,,,,,,,,,,,,,,,,,,
8903,-69,-724,20,56,944,-1251,-1937,213,6,-44,-2,-2,0,0,15157,937,-66,304,15157,1508,1454,1737,1744,0,0,0,0,0,0,0,0,-2,-12,14,126,,,,,,,,,,,,,,,,,,,,,,,,,,,,,,,,,,,,,,,,,,,,,,,,,,,,,,,,,,,,,,,,,,,,,,,,,,,,,,,,,,,,,,,,,,,,,,,,,,,,,,,,,,,,,,,,,,,,,,,,,,,,,,,
8951,-144,-857,87,-100,961,-762,4470,-1434,-19,-54,-4,-2,0,0,15112,929,-72,300,15112,1508,1449,1755,1733,0,0,0,0,0,0,0,5,1,-45,-10,131,,,,,,,,,,,,,,,,,,,,,,,,,,,,,,,,,,,,,,,,,,,,,,,,,,,,,,,,,,,,,,,,,,,,,,,,,,,,,,,,,,,,,,,,,,,,,,,,,,,,,,,,,,,,,,,,,,,,,,,,,,,,,,,
9003,-19,-119,-73,32,1202,-640,686,518,0,5,-2,-1,0,0,15112,919,-56,300,15112,1523,1468,1728,1738,0,0,0,0,0,0,0,-4,0,18,2,121,9103,65,-61,-5,-89,1019,-518,-45,152,-14,4,-2,0,0,0,15112,939,5,300,15112,1516,1463,9151,-86,-3,-99,-158,998,3143,259,-1373,-6,-5,-4,0,-1,0,15112,951,27,300,15112,1509,-2,-16,11,122,,,,,,,,,,,,,,,,,,,,,,,,,,,,,,,,,,,,,,,,,,,,,,,,,,,,,,,,,,,,,,,,,,,,,,,,,,,,,,,,
9251,21,118,-49,-46,1277,701,-1876,-335,-8,10,0,0,0,0,15112,947,51,300,15112,1524,1474,1724,1733,0,0,0,0,0,0,0,-3,1,13,-11,123,,,,,,,,,,,,,,,,,,,,,,,,,,,,,,,,,,,,,,,,,,,,,,,,,,,,,,,,,,,,,,,,,,,,,,,,,,,,,,,,,,,,,,,,,,,,,,,,,,,,,,,,,,,,,,,,,,,,,,,,,,,,,,,
9303,76,-267,85,-99,1057,1556,1724,-1190,-1,-36,0,1,0,0,15067,964,77,296,15067,1508,1473,1734,1745,0,0,0,0,0,9351,-97,343,-148,-114,1053,2532,198,396,3,37,-2,0,0,0,15067,938,79,296,15067,1516,1,-25,-10,121,,,,,,,,,,,,,,,,,,,,,,,,,,,,,,,,,,,,,,,,,,,,,,,,,,,,,,,,,,,,,,,,,,,,,,,,,,,,,,,,,,,,,,,,,,,,,,,,,,,,,,,,,,,,,
9451,49,139,-16,49,885,823,-1205,640,3,19,0,1,0,0,15067,953,32,296,1509651,-55,253,-101,28,1035,-30,2822,-640,3,4,0,0,0,0,15067,956,71,296,15067,1511,1468,1734,1746,0,0,0,0,0,0,0,-2,1,17,-5,120,,,,,,,,,,,,,,,,,,,,,,,,,,,,,,,,,,,,,,,,,,,,,,,,,,,,,,,,,,,,,,,,,,,,,,,,,,,,,,,,,,,,,,,,,,,,,,,,,,,,,,,,,,,,
9703,80,459,-138,-20,985,-1190,1480,274,0,26,0,1,0,0,15112,964,99,300,15112,1515,1471,1725,1743,0,0,0,0,0,0,0,-4,0,28,4,120,,,,,,,,,,,,,,,,,,,,,,,,,,,,,,,,,,,,,,,,,,,,,,,,,,,,,,,,,,,,,,,,,,,,,,,,,,,,,,,,,,,,,,,,,,,,,,,,,,,,,,,,,,,,,,,,,,,,,,,,,,,,,,,
9751,-23,284,16,-54,972,1678,76,-762,12,14,0,1,0,0,15112,973,129,300,15112,1502,1485,1727,1742,0,0,0,0,0,0,0,0,2,1,-12,119,,,,,,,,,,,,,,,,,,,,,,,,,,,,,,,,,,,,,,,,,,,,,,,,,,,,,,,,,,,,,,,,,,,,,,,,,,,,,,,,,,,,,,,,,,,,,,,,,,,,,,,,,,,,,,,,,,,,,,,,,,,,,,,
9802,39,196,-68,13,878,1739,1235,-885,7,9,2,1,0,0,15067,970,114,296,15067,1517,1465,1735,1733,0,0,0,0,0,0,0,-1,0,11,1,118,,,,,,,,,,,,,,,,,,,,,,,,,,,,,,,,,,,,,,,,,,,,,,,,,,,,,,,,,,,,,,,,,,,,,,,,,,,,,,,,,,,,,,,,,,,,,,,,,,,,,,,,,,,,,,,,,,,,,,,,,,,,,,,
9851,-207,350,-16,-136,1070,274,2822,396,28,21,2,1,0,0,13756,985,95,175,13756,1508,1468,1713,1729,0,0,0,0,0,0,0,-1,3,13,-16,124,,,,,,,,,,,,,,,,,,,,,,,,,,,,,,,,,,,,,,,,,,,,,,,,,,,,,,,,,,,,,,,,,,,,,,,,,,,,,,,,,,,,,,,,,,,,,,,,,,,,,,,,,,,,,,,,,,,,,,,,,,,,,,,
9903,-238,410,-26,-21,869,-518,-1510,579,32,30,2,2,0,0,13756,989,124,175,13756,1491,1441,1687,1713,0,0,0,0,0,0,0,-1,2,12,-8,124,,,,,,,,,,,,,,,,,,,,,,,,,,,,,,,,,,,,,,,,,,,,,,,,,,,,,,,,,,,,,,,,,,,,,,,,,,,,,,,,,,,,,,,,,,,,,,,,,,,,,,,,,,,,,,,,,,,,,,,,,,,,,,,
9951,-37,96,-148,113,982,1556,-656,1861,23,21,0,1,0,0,13670,1003,99,168,13670,1482,1436,1698,1705,0,0,0,0,0,0,0,0,-1,1,13,122,,,,,,,,,,,,,,,,,,,,,,,,,,,,,,,,,,,,,,,,,,,,,,,,,,,,,,,,,,,,,,,,,,,,,,,,,,,,,,,,,,,,,,,,,,,,,,,,,,,,,,,,,,,,,,,,,,,,,,,,,,,,,,,
10003,-171,164,239,78,926,-2899,1907,1068,21,39,0,1,0,0,14143,991,0,211,14143,1492,1448,1725,1696,0,0,0,0,0,0,0,1,0,-6,3,121,,,,,,,,,,,,,,,,,,,,,,,,,,,,,,,,,,,,,,,,,,,,,,,,,,,,,,,,,,,,,,,,,,,,,,,,,,,,,,,,,,,,,,,,,,,,,,,,,,,,,,,,,,,,,,,,,,,,,,,,,,,,,,,
10051,-288,164,221,-99,966,518,-4501,2593,26,8,2,1,-1,0,14844,1003,11,276,14844,1494,1455,1697,1718,0,0,0,0,0,0,0,1,2,-7,-11,125,,,,,,,,,,,,,,,,,,,,,,,,,,,,,,,,,,,,,,,,,,,,,,,,,,,,,,,,,,,,,,,,,,,,,,,,,,,,,,,,,,,,,,,,,,,,,,,,,,,,,,,,,,,,,,,,,,,,,,,,,,,,,,,
10103,-129,85,-78,29,988,2227,1113,-1007,21,-8,-2,2,-1,0,14800,996,-15,271,14800,1512,1456,1722,1735,0,0,0,0,0,0,0,-1,0,7,0,124,,,,,,,,,,,,,,,,,,,,,,,,,,,,,,,,,,,,,,,,,,,,,,,,,,,,,,,,,,,,,,,,,,,,,,,,,,,,,,,,,,,,,,,,,,,,,,,,,,,,,,,,,,,,,,,,,,,,,,,,,,,,,,,
10151,-107,211,152,8,826,579,1174,1190,8,29,0,1,0,0,14844,1003,-16,276,14844,1519,1455,1726,1730,0,0,0,0,0,0,0,1,1,-4,-3,121,,,,,,,,,,,,,,,,,,,,,,,,,,,,,,,,,,,,,,,,,,,,,,,,,,,,,,,,,,,,,,,,,,,,,,,,,,,,,,,,,,,,,,,,,,,,,,,,,,,,,,,,,,,,,,,,,,,,,,,,,,,,,,,
10202,-116,109,107,108,966,1861,-1205,457,23,11,0,1,0,0,14933,994,-26,284,14933,1505,1483,1705,1742,0,0,0,0,0,0,0,2,1,-15,-1,125,,,,,,,,,,,,,,,,,,,,,,,,,,,,,,,,,,,,,,,,,,,,,,,,,,,,,,,,,,,,,,,,,,,,,,,,,,,,,,,,,,,,,,,,,,,,,,,,,,,,,,,,,,,,,,,,,,,,,,,,,,,,,,,
10251,-277,56,38,-109,828,2410,-1327,-823,26,-2,0,2,-1,0,14889,986,-48,280,14889,1521,1470,1715,1733,0,0,0,0,0,0,0,2,4,-12,-22,127,,,,,,,,,,,,,,,,,,,,,,,,,,,,,,,,,,,,,,,,,,,,,,,,,,,,,,,,,,,,,,,,,,,,,,,,,,,,,,,,,,,,,,,,,,,,,,,,,,,,,,,,,,,,,,,,,,,,,,,,,,,,,,,
10303,-114,3,236,98,876,2655,2456,946,33,3,0,2,0,0,14933,991,-56,284,14933,1500,1453,1744,1734,0,0,0,0,0,0,0,3,0,-15,6,119,,,,,,,,,,,,,,,,,,,,,,,,,,,,,,,,,,,,,,,,,,,,,,,,,,,,,,,,,,,,,,,,,,,,,,,,,,,,,,,,,,,,,,,,,,,,,,,,,,,,,,,,,,,,,,,,,,,,,,,,,,,,,,,
10351,29,45,83,-38,1033,1800,76,640,0,5,2,1,0,0,14978,981,-54,287,14978,1527,1466,1720,1733,0,0,0,0,0,0,0,3,0,-16,4,116,,,,,,,,,,,,,,,,,,,,,,,,,,,,,,,,,,,,,,,,,,,,,,,,,,,,,,,,,,,,,,,,,,,,,,,,,,,,,,,,,,,,,,,,,,,,,,,,,,,,,,,,,,,,,,,,,,,,,,,,,,,,,,,
10403,172,7,125,125,996,1007,747,-152,-3,3,0,0,0,0,14978,994,5,287,14978,1517,1463,1725,1741,0,0,0,0,0,0,0,2,0,-10,11,118,,,,,,,,,,,,,,,,,,,,,,,,,,,,,,,,,,,,,,,,,,,,,,,,,,,,,,,,,,,,,,,,,,,,,,,,,,,,,,,,,,,,,,,,,,,,,,,,,,,,,,,,,,,,,,,,,,,,,,,,,,,,,,,
10451,116,4,32,-33,855,-946,381,1068,2,-2,2,1,0,0,14978,989,-24,287,14978,1512,1481,1721,1733,0,0,0,0,0,0,0,2,1,-10,3,118,,,,,,,,,,,,,,,,,,,,,,,,,,,,,,,,,,,,,,,,,,,,,,,,,,,,,,,,,,,,,,,,,,,,,,,,,,,,,,,,,,,,,,,,,,,,,,,,,,,,,,,,,,,,,,,,,,,,,,,,,,,,,,,
10503,283,57,-53,-16,1155,1678,503,-91,-14,18,0,1,0,0,14933,993,-13,284,14933,1518,1468,1730,1726,0,0,0,0,0,0,0,2,0,-9,13,122,,,,,,,,,,,,,,,,,,,,,,,,,,,,,,,,,,,,,,,,,,,,,,,,,,,,,,,,,,,,,,,,,,,,,,,,,,,,,,,,,,,,,,,,,,,,,,,,,,,,,,,,,,,,,,,,,,,,,,,,,,,,,,,
10551,190,291,-73,141,976,-1251,2517,-1556,-7,30,0,0,0,0,14978,981,-42,287,14978,1513,1463,1740,1726,0,0,0,0,0,0,0,0,1,11,5,124,,,,,,,,,,,,,,,,,,,,,,,,,,,,,,,,,,,,,,,,,,,,,,,,,,,,,,,,,,,,,,,,,,,,,,,,,,,,,,,,,,,,,,,,,,,,,,,,,,,,,,,,,,,,,,,,,,,,,,,,,,,,,,,
10603,389,159,-92,30,1158,213,-595,518,-21,27,2,0,0,0,14933,997,-31,284,14933,1528,1462,1729,1727,0,0,0,0,0,0,0,5,-1,-20,23,124,,,,,,,,,,,,,,,,,,,,,,,,,,,,,,,,,,,,,,,,,,,,,,,,,,,,,,,,,,,,,,,,,,,,,,,,,,,,,,,,,,,,,,,,,,,,,,,,,,,,,,,,,,,,,,,,,,,,,,,,,,,,,,,
10651,503,226,-39,186,995,-701,-1449,-30,-38,24,2,0,0,0,15022,981,-13,291,15022,1520,1471,1734,1729,0,0,0,0,0,0,0,0,-2,7,26,124,,,,,,,,,,,,,,,,,,,,,,,,,,,,,,,,,,,,,,,,,,,,,,,,,,,,,,,,,,,,,,,,,,,,,,,,,,,,,,,,,,,,,,,,,,,,,,,,,,,,,,,,,,,,,,,,,,,,,,,,,,,,,,,
10703,346,227,5,-117,1166,-3692,137,-1007,-39,14,0,0,0,0,15022,992,-21,291,15022,1509,1477,1729,1733,0,0,0,0,0,0,0,1,0,2,5,123,,,,,,,,,,,,,,,,,,,,,,,,,,,,,,,,,,,,,,,,,,,,,,,,,,,,,,,,,,,,,,,,,,,,,,,,,,,,,,,,,,,,,,,,,,,,,,,,,,,,,,,,,,,,,,,,,,,,,,,,,,,,,,,
10751,426,57,126,153,923,-2532,381,-640,-27,17,-2,0,0,0,15022,992,-10,291,15022,1520,1466,1728,1737,0,0,0,0,0,0,0,3,-2,-10,22,126,,,,,,,,,,,,,,,,,,,,,,,,,,,,,,,,,,,,,,,,,,,,,,,,,,,,,,,,,,,,,,,,,,,,,,,,,,,,,,,,,,,,,,,,,,,,,,,,,,,,,,,,,,,,,,,,,,,,,,,,,,,,,,,
10803,317,144,2,26,994,-762,2883,-1739,-14,7,2,0,0,0,15022,994,-5,291,15022,1521,1474,1739,1720,0,0,0,0,0,0,0,0,-1,14,15,121,,,,,,,,,,,,,,,,,,,,,,,,,,,,,,,,,,,,,,,,,,,,,,,,,,,,,,,,,,,,,,,,,,,,,,,,,,,,,,,,,,,,,,,,,,,,,,,,,,,,,,,,,,,,,,,,,,,,,,,,,,,,,,,
10851,273,60,208,45,1080,-3387,259,-1007,-24,17,0,0,0,0,15067,994,6,296,15067,1517,1472,1724,1740,0,0,0,0,0,0,0,4,-2,-16,15,124,,,,,,,,,,,,,,,,,,,,,,,,,,,,,,,,,,,,,,,,,,,,,,,,,,,,,,,,,,,,,,,,,,,,,,,,,,,,,,,,,,,,,,,,,,,,,,,,,,,,,,,,,,,,,,,,,,,,,,,,,,,,,,,
10903,40,13,27,-33,848,-2471,-656,-701,-9,-6,2,0,0,0,15112,982,24,300,15112,1515,1484,1724,1737,0,0,0,0,0,0,0,0,0,2,-3,119,,,,,,,,,,,,,,,,,,,,,,,,,,,,,,,,,,,,,,,,,,,,,,,,,,,,,,,,,,,,,,,,,,,,,,,,,,,,,,,,,,,,,,,,,,,,,,,,,,,,,,,,,,,,,,,,,,,,,,,,,,,,,,,
10951,308,-112,-75,46,1117,213,-900,213,-18,0,-2,0,0,0,15067,981,1,296,15067,1497,1479,1735,1735,0,0,0,0,0,0,0,1,-3,-3,23,122,,,,,,,,,,,,,,,,,,,,,,,,,,,,,,,,,,,,,,,,,,,,,,,,,,,,,,,,,,,,,,,,,,,,,,,,,,,,,,,,,,,,,,,,,,,,,,,,,,,,,,,,,,,,,,,,,,,,,,,,,,,,,,,
11003,321,184,-191,-50,973,-1312,-106,213,-36,-15,0,0,0,0,15022,980,-27,291,15022,1518,1448,1735,1739,0,0,0,0,0,0,0,-6,-1,41,8,127,,,,,,,,,,,,,,,,,,,,,,,,,,,,,,,,,,,,,,,,,,,,,,,,,,,,,,,,,,,,,,,,,,,,,,,,,,,,,,,,,,,,,,,,,,,,,,,,,,,,,,,,,,,,,,,,,,,,,,,,,,,,,,,
11051,429,-79,-26,34,1200,-2532,-473,-1190,-40,-3,-2,0,0,0,15067,993,-20,296,15067,1508,1462,1738,1739,0,0,0,0,0,0,0,0,-3,-1,17,128,,,,,,,,,,,,,,,,,,,,,,,,,,,,,,,,,,,,,,,,,,,,,,,,,,,,,,,,,,,,,,,,,,,,,,,,,,,,,,,,,,,,,,,,,,,,,,,,,,,,,,,,,,,,,,,,,,,,,,,,,,,,,,,
11103,313,-222,-73,-12,887,-3387,-3463,-30,-26,-51,-2,1,0,0,15022,977,-29,291,15022,1504,1480,1720,1745,0,0,0,0,0,0,0,-2,-1,15,2,129,,,,,,,,,,,,,,,,,,,,,,,,,,,,,,,,,,,,,,,,,,,,,,,,,,,,,,,,,,,,,,,,,,,,,,,,,,,,,,,,,,,,,,,,,,,,,,,,,,,,,,,,,,,,,,,,,,,,,,,,,,,,,,,
11151,470,-332,-93,-22,1175,-1861,2090,-1373,-39,-49,0,0,-1,0,15067,984,-35,296,15067,1514,1466,1730,1736,0,0,0,0,0,0,0,0,-4,0,22,130,,,,,,,,,,,,,,,,,,,,,,,,,,,,,,,,,,,,,,,,,,,,,,,,,,,,,,,,,,,,,,,,,,,,,,,,,,,,,,,,,,,,,,,,,,,,,,,,,,,,,,,,,,,,,,,,,,,,,,,,,,,,,,,
11203,247,23,-166,-105,1015,-2655,-411,-518,-40,-20,0,0,0,0,15022,968,-28,291,15022,1517,1460,1733,1739,0,0,0,0,0,0,0,-4,-1,27,1,129,,,,,,,,,,,,,,,,,,,,,,,,,,,,,,,,,,,,,,,,,,,,,,,,,,,,,,,,,,,,,,,,,,,,,,,,,,,,,,,,,,,,,,,,,,,,,,,,,,,,,,,,,,,,,,,,,,,,,,,,,,,,,,,
11251,157,41,45,92,1035,-396,-778,762,-10,5,0,0,0,0,15022,983,-31,291,15022,1512,1469,1727,1739,0,0,0,0,0,0,0,-1,-2,7,1,120,,,,,,,,,,,,,,,,,,,,,,,,,,,,,,,,,,,,,,,,,,,,,,,,,,,,,,,,,,,,,,,,,,,,,,,,,,,,,,,,,,,,,,,,,,,,,,,,,,,,,,,,,,,,,,,,,,,,,,,,,,,,,,,
11303,281,-61,96,-63,1048,-579,-2609,-946,-24,18,0,0,0,0,15022,981,16,291,15022,1512,1467,1736,1732,0,0,0,0,0,0,0,2,-3,-14,6,125,,,,,,,,,,,,,,,,,,,,,,,,,,,,,,,,,,,,,,,,,,,,,,,,,,,,,,,,,,,,,,,,,,,,,,,,,,,,,,,,,,,,,,,,,,,,,,,,,,,,,,,,,,,,,,,,,,,,,,,,,,,,,,,
11351,323,96,-46,-62,1112,-1373,-1205,1068,-16,13,-2,0,0,0,15022,982,-22,291,15022,1506,1455,1741,1739,0,0,0,0,0,0,0,-1,-4,9,13,128,,,,,,,,,,,,,,,,,,,,,,,,,,,,,,,,,,,,,,,,,,,,,,,,,,,,,,,,,,,,,,,,,,,,,,,,,,,,,,,,,,,,,,,,,,,,,,,,,,,,,,,,,,,,,,,,,,,,,,,,,,,,,,,
11403,117,-63,40,-135,959,-946,-1998,-1373,-28,23,2,0,0,0,15022,988,-2,291,15022,1508,1468,1739,1727,0,0,0,0,0,0,0,2,0,-17,-15,127,,,,,,,,,,,,,,,,,,,,,,,,,,,,,,,,,,,,,,,,,,,,,,,,,,,,,,,,,,,,,,,,,,,,,,,,,,,,,,,,,,,,,,,,,,,,,,,,,,,,,,,,,,,,,,,,,,,,,,,,,,,,,,,
11451,176,-68,10,-22,1230,-396,-2059,335,-2,4,2,0,0,0,15067,991,1,296,15067,1527,1474,1723,1732,0,0,0,0,0,0,0,0,-3,-4,7,120,,,,,,,,,,,,,,,,,,,,,,,,,,,,,,,,,,,,,,,,,,,,,,,,,,,,,,,,,,,,,,,,,,,,,,,,,,,,,,,,,,,,,,,,,,,,,,,,,,,,,,,,,,,,,,,,,,,,,,,,,,,,,,,
11503,78,-296,-1,-44,981,30,320,213,-7,-19,2,2,0,0,15067,986,18,296,15067,1523,1473,1724,1734,0,0,0,0,0,0,0,3,-1,-22,-8,120,,,,,,,,,,,,,,,,,,,,,,,,,,,,,,,,,,,,,,,,,,,,,,,,,,,,,,,,,,,,,,,,,,,,,,,,,,,,,,,,,,,,,,,,,,,,,,,,,,,,,,,,,,,,,,,,,,,,,,,,,,,,,,,
11551,190,-79,-62,-47,1077,701,686,91,-1,-12,-2,2,0,0,15022,985,27,291,15022,1513,1479,1728,1730,0,0,0,0,0,0,0,-1,-2,8,3,121,,,,,,,,,,,,,,,,,,,,,,,,,,,,,,,,,,,,,,,,,,,,,,,,,,,,,,,,,,,,,,,,,,,,,,,,,,,,,,,,,,,,,,,,,,,,,,,,,,,,,,,,,,,,,,,,,,,,,,,,,,,,,,,
11603,75,161,-207,-97,965,-640,198,-152,-8,-11,2,1,0,0,15067,979,8,296,15067,1521,1471,1719,1742,0,0,0,0,0,0,0,-6,0,33,-12,123,,,,,,,,,,,,,,,,,,,,,,,,,,,,,,,,,,,,,,,,,,,,,,,,,,,,,,,,,,,,,,,,,,,,,,,,,,,,,,,,,,,,,,,,,,,,,,,,,,,,,,,,,,,,,,,,,,,,,,,,,,,,,,,
11651,204,156,-204,-27,1126,2532,-289,-457,-5,0,2,1,-1,0,15022,981,41,291,15022,1527,1473,1724,1728,0,0,0,0,0,0,0,-3,-2,18,4,125,,,,,,,,,,,,,,,,,,,,,,,,,,,,,,,,,,,,,,,,,,,,,,,,,,,,,,,,,,,,,,,,,,,,,,,,,,,,,,,,,,,,,,,,,,,,,,,,,,,,,,,,,,,,,,,,,,,,,,,,,,,,,,,
11703,212,-54,-176,65,1008,946,-839,-213,-2,-31,0,2,0,0,15067,978,26,296,15067,1515,1470,1722,1745,0,0,0,0,0,0,0,-3,-3,11,7,124,,,,,,,,,,,,,,,,,,,,,,,,,,,,,,,,,,,,,,,,,,,,,,,,,,,,,,,,,,,,,,,,,,,,,,,,,,,,,,,,,,,,,,,,,,,,,,,,,,,,,,,,,,,,,,,,,,,,,,,,,,,,,,,
11751,474,-73,-83,-24,975,-1007,2334,-213,-41,-17,0,1,0,0,15022,971,27,291,15022,1516,1473,1723,1737,0,0,0,0,0,0,0,-2,-5,7,22,126,,,,,,,,,,,,,,,,,,,,,,,,,,,,,,,,,,,,,,,,,,,,,,,,,,,,,,,,,,,,,,,,,,,,,,,,,,,,,,,,,,,,,,,,,,,,,,,,,,,,,,,,,,,,,,,,,,,,,,,,,,,,,,,
11803,244,-37,-87,-44,1083,3326,1968,-1068,332,-21,0,69,0,0,15022,988,64,291,15022,1459,1531,1722,1737,0,0,0,0,0,0,0,-2,0,12,-7,128,,,,,,,,,,,,,,,,,,,,,,,,,,,,,,,,,,,,,,,,,,,,,,,,,,,,,,,,,,,,,,,,,,,,,,,,,,,,,,,,,,,,,,,,,,,,,,,,,,,,,,,,,,,,,,,,,,,,,,,,,,,,,,,
11851,718,-175,-63,-147,1035,24444,2029,-335,372,-25,4,84,-1,0,15067,984,54,296,15067,1540,1465,1721,1730,0,0,0,0,0,0,0,0,1,-8,-8,130,,,,,,,,,,,,,,,,,,,,,,,,,,,,,,,,,,,,,,,,,,,,,,,,,,,,,,,,,,,,,,,,,,,,,,,,,,,,,,,,,,,,,,,,,,,,,,,,,,,,,,,,,,,,,,,,,,,,,,,,,,,,,,,
11903,1742,-427,-6,-71,1189,28411,1480,-885,114,-33,2,50,0,0,15112,982,31,300,15112,1546,1430,1728,1745,0,0,0,0,0,0,0,2,3,-21,3,128,,,,,,,,,,,,,,,,,,,,,,,,,,,,,,,,,,,,,,,,,,,,,,,,,,,,,,,,,,,,,,,,,,,,,,,,,,,,,,,,,,,,,,,,,,,,,,,,,,,,,,,,,,,,,,,,,,,,,,,,,,,,,,,
11951,2438,-364,118,1,972,396,2944,-457,-59,-34,-2,31,0,0,15022,991,70,291,15022,1522,1464,1732,1730,0,0,0,0,0,0,0,2,0,-15,36,126,,,,,,,,,,,,,,,,,,,,,,,,,,,,,,,,,,,,,,,,,,,,,,,,,,,,,,,,,,,,,,,,,,,,,,,,,,,,,,,,,,,,,,,,,,,,,,,,,,,,,,,,,,,,,,,,,,,,,,,,,,,,,,,
12003,2286,-304,164,57,992,-9002,4043,579,-148,5,-6,7,0,0,15022,992,67,291,15022,1499,1474,1735,1736,0,0,0,0,0,0,0,5,-2,-32,48,127,,,,,,,,,,,,,,,,,,,,,,,,,,,,,,,,,,,,,,,,,,,,,,,,,,,,,,,,,,,,,,,,,,,,,,,,,,,,,,,,,,,,,,,,,,,,,,,,,,,,,,,,,,,,,,,,,,,,,,,,,,,,,,,
12051,1149,-147,-8,-148,845,-10040,808,-518,-94,-29,-2,6,0,0,15022,1001,38,291,15022,1501,1485,1729,1733,0,0,0,0,0,0,0,1,6,-7,-16,130,,,,,,,,,,,,,,,,,,,,,,,,,,,,,,,,,,,,,,,,,,,,,,,,,,,,,,,,,,,,,,,,,,,,,,,,,,,,,,,,,,,,,,,,,,,,,,,,,,,,,,,,,,,,,,,,,,,,,,,,,,,,,,,
12103,796,170,69,-10,748,-5096,1480,91,-41,33,12,4,0,0,15291,997,39,316,15291,1525,1464,1744,1737,0,0,0,0,0,0,0,0,1,3,7,120,,,,,,,,,,,,,,,,,,,,,,,,,,,,,,,,,,,,,,,,,,,,,,,,,,,,,,,,,,,,,,,,,,,,,,,,,,,,,,,,,,,,,,,,,,,,,,,,,,,,,,,,,,,,,,,,,,,,,,,,,,,,,,,
12151,397,119,110,11,992,-4058,808,518,-24,13,2,2,0,0,15067,999,47,296,15067,1515,1472,1726,1739,0,0,0,0,0,0,0,3,3,-12,-8,122,,,,,,,,,,,,,,,,,,,,,,,,,,,,,,,,,,,,,,,,,,,,,,,,,,,,,,,,,,,,,,,,,,,,,,,,,,,,,,,,,,,,,,,,,,,,,,,,,,,,,,,,,,,,,,,,,,,,,,,,,,,,,,,
12203,313,490,17,-73,991,-4180,747,-213,-20,31,4,2,-1,0,15112,1003,38,300,15112,1519,1466,1733,1736,0,0,0,0,0,0,0,-2,1,21,2,124,,,,,,,,,,,,,,,,,,,,,,,,,,,,,,,,,,,,,,,,,,,,,,,,,,,,,,,,,,,,,,,,,,,,,,,,,,,,,,,,,,,,,,,,,,,,,,,,,,,,,,,,,,,,,,,,,,,,,,,,,,,,,,,
12251,382,530,-130,11,1074,-3326,991,-701,-18,36,0,3,0,0,14933,1002,48,284,14933,1504,1472,1725,1738,0,0,0,0,0,0,0,-2,0,20,14,126,,,,,,,,,,,,,,,,,,,,,,,,,,,,,,,,,,,,,,,,,,,,,,,,,,,,,,,,,,,,,,,,,,,,,,,,,,,,,,,,,,,,,,,,,,,,,,,,,,,,,,,,,,,,,,,,,,,,,,,,,,,,,,,
12302,408,456,44,51,873,-4058,2517,-1129,-16,36,-2,2,0,0,14978,1005,40,287,14978,1504,1482,1718,1738,0,0,0,0,0,0,0,0,-2,7,19,125,,,,,,,,,,,,,,,,,,,,,,,,,,,,,,,,,,,,,,,,,,,,,,,,,,,,,,,,,,,,,,,,,,,,,,,,,,,,,,,,,,,,,,,,,,,,,,,,,,,,,,,,,,,,,,,,,,,,,,,,,,,,,,,
12351,258,295,-225,32,986,-4425,-778,-335,-19,7,2,1,0,0,15022,1000,30,291,15022,1509,1468,1726,1739,0,0,0,0,0,0,0,-1,-1,13,11,126,,,,,,,,,,,,,,,,,,,,,,,,,,,,,,,,,,,,,,,,,,,,,,,,,,,,,,,,,,,,,,,,,,,,,,,,,,,,,,,,,,,,,,,,,,,,,,,,,,,,,,,,,,,,,,,,,,,,,,,,,,,,,,,
12403,0,332,81,-13,875,-2899,2517,91,6,22,0,2,0,0,14978,1001,-10,287,14978,1512,1473,1727,1732,0,0,0,0,0,0,0,0,0,11,-3,119,,,,,,,,,,,,,,,,,,,,,,,,,,,,,,,,,,,,,,,,,,,,,,,,,,,,,,,,,,,,,,,,,,,,,,,,,,,,,,,,,,,,,,,,,,,,,,,,,,,,,,,,,,,,,,,,,,,,,,,,,,,,,,,
12451,132,351,44,54,1005,-1190,-1022,640,12,39,0,2,0,0,14978,1006,23,287,14978,1494,1476,1740,1731,0,0,0,0,0,0,0,0,-3,4,16,123,,,,,,,,,,,,,,,,,,,,,,,,,,,,,,,,,,,,,,,,,,,,,,,,,,,,,,,,,,,,,,,,,,,,,,,,,,,,,,,,,,,,,,,,,,,,,,,,,,,,,,,,,,,,,,,,,,,,,,,,,,,,,,,
12503,135,449,-144,-49,848,91,869,-152,-4,26,0,2,-1,0,15022,1003,8,291,15022,1509,1465,1726,1737,0,0,0,0,0,0,0,-2,0,21,1,121,,,,,,,,,,,,,,,,,,,,,,,,,,,,,,,,,,,,,,,,,,,,,,,,,,,,,,,,,,,,,,,,,,,,,,,,,,,,,,,,,,,,,,,,,,,,,,,,,,,,,,,,,,,,,,,,,,,,,,,,,,,,,,,
12551,193,438,19,-43,809,-762,686,-457,-12,34,0,1,0,0,14978,998,25,287,14978,1510,1471,1740,1722,0,0,0,0,0,0,0,-1,-1,13,7,122,,,,,,,,,,,,,,,,,,,,,,,,,,,,,,,,,,,,,,,,,,,,,,,,,,,,,,,,,,,,,,,,,,,,,,,,,,,,,,,,,,,,,,,,,,,,,,,,,,,,,,,,,,,,,,,,,,,,,,,,,,,,,,,
12603,133,-10,-14,-54,1217,-396,-411,-30,-2,15,2,1,0,0,14978,1020,24,287,14978,1509,1462,1733,1737,0,0,0,0,0,0,0,4,0,-22,0,123,,,,,,,,,,,,,,,,,,,,,,,,,,,,,,,,,,,,,,,,,,,,,,,,,,,,,,,,,,,,,,,,,,,,,,,,,,,,,,,,,,,,,,,,,,,,,,,,,,,,,,,,,,,,,,,,,,,,,,,,,,,,,,,
12651,42,356,14,-49,900,-274,1907,-335,2,26,2,0,0,0,14978,1035,99,287,14978,1512,1477,1735,1721,0,0,0,0,0,0,0,-1,0,17,-4,121,,,,,,,,,,,,,,,,,,,,,,,,,,,,,,,,,,,,,,,,,,,,,,,,,,,,,,,,,,,,,,,,,,,,,,,,,,,,,,,,,,,,,,,,,,,,,,,,,,,,,,,,,,,,,,,,,,,,,,,,,,,,,,,
12703,145,461,-71,-47,1306,1190,1541,396,-9,33,0,0,0,0,14978,1025,63,287,14978,1505,1477,1730,1732,0,0,0,0,0,0,0,-1,0,14,1,123,,,,,,,,,,,,,,,,,,,,,,,,,,,,,,,,,,,,,,,,,,,,,,,,,,,,,,,,,,,,,,,,,,,,,,,,,,,,,,,,,,,,,,,,,,,,,,,,,,,,,,,,,,,,,,,,,,,,,,,,,,,,,,,
12751,37,410,-237,-86,978,-152,1052,-274,-1,24,0,0,0,0,14933,1019,42,284,14933,1505,1459,1740,1735,0,0,0,0,0,0,0,-2,0,22,-8,124,,,,,,,,,,,,,,,,,,,,,,,,,,,,,,,,,,,,,,,,,,,,,,,,,,,,,,,,,,,,,,,,,,,,,,,,,,,,,,,,,,,,,,,,,,,,,,,,,,,,,,,,,,,,,,,,,,,,,,,,,,,,,,,
12803,101,324,81,102,1241,-274,-1144,-1556,2,30,0,0,0,0,14978,1024,36,287,14978,1500,1456,1744,1735,0,0,0,0,0,0,0,0,-2,9,10,124,,,,,,,,,,,,,,,,,,,,,,,,,,,,,,,,,,,,,,,,,,,,,,,,,,,,,,,,,,,,,,,,,,,,,,,,,,,,,,,,,,,,,,,,,,,,,,,,,,,,,,,,,,,,,,,,,,,,,,,,,,,,,,,
12851,5,90,-69,7,1036,1434,-1754,274,0,15,0,1,0,0,15022,1021,43,291,15022,1507,1465,1734,1739,0,0,0,0,0,0,0,2,0,-8,-7,118,,,,,,,,,,,,,,,,,,,,,,,,,,,,,,,,,,,,,,,,,,,,,,,,,,,,,,,,,,,,,,,,,,,,,,,,,,,,,,,,,,,,,,,,,,,,,,,,,,,,,,,,,,,,,,,,,,,,,,,,,,,,,,,
12903,18,154,-4,57,887,1007,320,-2899,10,12,0,0,0,0,14933,1011,41,284,14933,1497,1472,1739,1736,0,0,0,0,0,0,0,0,0,6,2,118,,,,,,,,,,,,,,,,,,,,,,,,,,,,,,,,,,,,,,,,,,,,,,,,,,,,,,,,,,,,,,,,,,,,,,,,,,,,,,,,,,,,,,,,,,,,,,,,,,,,,,,,,,,,,,,,,,,,,,,,,,,,,,,
12951,128,-59,29,151,891,-30,-1327,-2532,3,4,2,0,0,0,14978,1021,41,287,14978,1525,1460,1738,1745,0,0,0,0,0,0,0,2,-3,-10,17,123,,,,,,,,,,,,,,,,,,,,,,,,,,,,,,,,,,,,,,,,,,,,,,,,,,,,,,,,,,,,,,,,,,,,,,,,,,,,,,,,,,,,,,,,,,,,,,,,,,,,,,,,,,,,,,,,,,,,,,,,,,,,,,,
13003,31,-362,21,92,1041,1251,-2914,-640,3,-13,2,0,0,0,15067,1011,11,296,15067,1521,1457,1736,1734,0,0,0,0,0,0,0,4,0,-23,1,123,,,,,,,,,,,,,,,,,,,,,,,,,,,,,,,,,,,,,,,,,,,,,,,,,,,,,,,,,,,,,,,,,,,,,,,,,,,,,,,,,,,,,,,,,,,,,,,,,,,,,,,,,,,,,,,,,,,,,,,,,,,,,,,
13051,311,-136,47,88,1107,885,15,-396,-18,-17,0,0,0,0,14978,1018,33,287,14978,1493,1453,1739,1751,0,0,0,0,0,0,0,0,-3,0,21,122,,,,,,,,,,,,,,,,,,,,,,,,,,,,,,,,,,,,,,,,,,,,,,,,,,,,,,,,,,,,,,,,,,,,,,,,,,,,,,,,,,,,,,,,,,,,,,,,,,,,,,,,,,,,,,,,,,,,,,,,,,,,,,,
13103,128,-83,-177,-2,990,152,-1510,-2044,-4,-14,2,1,0,0,14933,1023,59,284,14933,1508,1466,1730,1737,0,0,0,0,0,0,0,-2,0,14,-2,126,,,,,,,,,,,,,,,,,,,,,,,,,,,,,,,,,,,,,,,,,,,,,,,,,,,,,,,,,,,,,,,,,,,,,,,,,,,,,,,,,,,,,,,,,,,,,,,,,,,,,,,,,,,,,,,,,,,,,,,,,,,,,,,
13151,433,-37,74,119,1254,-91,-289,-457,-23,5,2,1,0,0,14978,1021,27,287,14978,1506,1434,1744,1745,0,0,0,0,0,0,0,0,-5,-1,30,123,,,,,,,,,,,,,,,,,,,,,,,,,,,,,,,,,,,,,,,,,,,,,,,,,,,,,,,,,,,,,,,,,,,,,,,,,,,,,,,,,,,,,,,,,,,,,,,,,,,,,,,,,,,,,,,,,,,,,,,,,,,,,,,
13203,347,-101,59,4,964,-213,-2304,-1129,-29,-15,2,2,0,0,14978,1019,18,287,14978,1501,1458,1728,1749,0,0,0,0,0,0,0,1,-1,-7,7,125,,,,,,,,,,,,,,,,,,,,,,,,,,,,,,,,,,,,,,,,,,,,,,,,,,,,,,,,,,,,,,,,,,,,,,,,,,,,,,,,,,,,,,,,,,,,,,,,,,,,,,,,,,,,,,,,,,,,,,,,,,,,,,,
13251,432,-224,-53,-89,1070,-2471,137,-1434,-35,-29,-2,1,0,0,14978,1039,74,287,14978,1492,1448,1730,1760,0,0,0,0,0,0,0,0,-2,-4,13,130,,,,,,,,,,,,,,,,,,,,,,,,,,,,,,,,,,,,,,,,,,,,,,,,,,,,,,,,,,,,,,,,,,,,,,,,,,,,,,,,,,,,,,,,,,,,,,,,,,,,,,,,,,,,,,,,,,,,,,,,,,,,,,,
13303,422,-78,112,-8,1045,-1129,564,-457,-35,-14,2,2,0,0,14978,1057,124,287,14978,1511,1465,1714803,270,-369,28,-4,949,-3692,-5050,-946,-26,-11,2,0,0,0,15067,861,-218,296,15067,114851,239,-250,-39,-10,865,-1617,-656,-1129,-18,-34,0,2,0,0,15022,853,-205,291,15022,1483,1459,1738,1757,0,0,0,0,0,0,0,0,4,-3,5,128,,,,,,,,,,,,,,,,,,,,,,,,,,,,,,,,,,,,,,,,,,,,,,,,,,,,,,,,,,,,,,,,,,,,,,,,,,,,,,,,,,,,,
14903,114,-65,23,48,972,-1678,564,-1800,-3,-13,-2,1,0,0,15022,826,-259,291,15022,1478,1473,1742,1744,0,0,0,0,0,0,0,-3,4,17,0,125,,,,,,,,,,,,,,,,,,,,,,,,,,,,,,,,,,,,,,,,,,,,,,,,,,,,,,,,,,,,,,,,,,,,,,,,,,,,,,,,,,,,,,,,,,,,,,,,,,,,,,,,,,,,,,,,,,,,,,,,,,,,,,,
14951,-209,-246,-105,-83,1012,-1190,869,-1495,21,-16,2,1,0,0,15067,813,-215003,-483,-293,101,-22,842,885,15,-2105,47,-10,0,1,0,0,14978,789,-346,287,14978,1492,1457,1744,1740,0,0,0,0,0,0,0,2,8,-17,-23,127,,,,,,,,,,,,,,,,,,,,,,,,,,,,,,,,,,,,,,,,,,,,,,,,,,,,,,,,,,,,,,,,,,,,,,,,,,,,,,,,,,,,,,,,,,,,,,,,,,,,,,,,,,,,,,
15051,-509,-161,-77,-108,917,3814,-2487,-1922,48,-18,0,0,0,0,15067,748,-295,296,15067,1496,1462,1737,1744,0,0,0,0,0,0,0,-1,8,4,-25,131,,,,,,,,,,,,,,,,,,,,,,,,,,,,,,,,,,,,,,,,,,,,,,,,,,,,,,,,,,,,,,,,,,,,,,,,,,,,,,,,,,,,,,,,,,,,,,,,,,,,,,,,,,,,,,,,,,,,,,,,,,,,,,,
15103,-284,50,-46,-154,1012,3875,-1022,-457,35,0,2,1,0,0,15067,758,-312,296,15067,1464,1442,1750,1769,0,0,0,0,0,0,0,-3,6,14,-9,127,,,,,,,,,,,,,,,,,,,,,,,,,,,,,,,,,,,,,,,,,,,,,,,,,,,,,,,,,,,,,,,,,,,,,,,,,,,,,,,,,,,,,,,,,,,,,,,,,,,,,,,,,,,,,,,,,,,,,,,,,,,,,,,
15151,99,13,-19,68,1006,1983,-1998,-2899,6,-1,0,0,0,0,15022,734,-274,291,15022,1461,1411,1758,1778,0,0,0,0,0,0,0,-2,2,6,15,123,,,,,,,,,,,,,,,,,,,,,,,,,,,,,,,,,,,,,,,,,,,,,,,,,,,,,,,,,,,,,,,,,,,,,,,,,,,,,,,,,,,,,,,,,,,,,,,,,,,,,,,,,,,,,,,,,,,,,,,,,,,,,,,
15203,629,5,3,-66,944,-30,-350,-2349,-59,-7,0,0,0,0,14978,711,-317,287,14978,1493,1452,1740,1754,0,0,0,0,0,0,0,-3,0,12,31,122,,,,,,,,,,,,,,,,,,,,,,,,,,,,,,,,,,,,,,,,,,,,,,,,,,,,,,,,,,,,,,,,,,,,,,,,,,,,,,,,,,,,,,,,,,,,,,,,,,,,,,,,,,,,,,,,,,,,,,,,,,,,,,,
15251,937,-266,-25,146,970,-2471,-1815,-2593,-76,-17,0,-1,0,0,15022,715,-265,291,15022,1471,1449,1746,1764,0,0,0,0,0,0,0,0,-1,-5,44,132,,,,,,,,,,,,,,,,,,,,,,,,,,,,,,,,,,,,,,,,,,,,,,,,,,,,,,,,,,,,,,,,,,,,,,,,,,,,,,,,,,,,,,,,,,,,,,,,,,,,,,,,,,,,,,,,,,,,,,,,,,,,,,,
15303,980,-172,181,-20,1045,-5401,-1510,-2105,-120,-3,2,-6,0,0,15067,706,-232,296,15067,1471,1433,1756,1764,0,0,0,0,0,0,0,-1,-1,-1,40,134,,,,,,,,,,,,,,,,,,,,,,,,,,,,,,,,,,,,,,,,,,,,,,,,,,,,,,,,,,,,,,,,,,,,,,,,,,,,,,,,,,,,,,,,,,,,,,,,,,,,,,,,,,,,,,,,,,,,,,,,,,,,,,,
15351,767,229,-256,61,1112,-6378,625,-4913,-165,8,0,-20,1,0,15022,719,-182,291,15022,1480,1455,1736,1765,0,0,0,0,0,0,0,-6,0,30,24,130,,,,,,,,,,,,,,,,,,,,,,,,,,,,,,,,,,,,,,,,,,,,,,,,,,,,,,,,,,,,,,,,,,,,,,,,,,,,,,,,,,,,,,,,,,,,,,,,,,,,,,,,,,,,,,,,,,,,,,,,,,,,,,,
15403,595,648,-152,-27,1107,-10284,625,-3814,-166,46,2,-22,0,0,15067,703,-151,296,15067,1481,1457,1757,1741,0,0,0,0,0,0,0,-8,-2,42,30,134,,,,,,,,,,,,,,,,,,,,,,,,,,,,,,,,,,,,,,,,,,,,,,,,,,,,,,,,,,,,,,,,,,,,,,,,,,,,,,,,,,,,,,,,,,,,,,,,,,,,,,,,,,,,,,,,,,,,,,,,,,,,,,,
15451,183,450,44,98,892,-8331,-778,30,-135,48,2,-22,0,0,15112,674,-122,300,15112,1480,1454,1756,1748,0,0,0,0,0,0,0,-2,0,7,12,125,,,,,,,,,,,,,,,,,,,,,,,,,,,,,,,,,,,,,,,,,,,,,,,,,,,,,,,,,,,,,,,,,,,,,,,,,,,,,,,,,,,,,,,,,,,,,,,,,,,,,,,,,,,,,,,,,,,,,,,,,,,,,,,
15503,119,272,68,-28,728,-2105,320,213,-128,25,2,-22,0,0,15112,695,-116,300,15112,1448,1397,1773,1785,0,0,0,0,0,0,0,0,-1,-7,11,127,,,,,,,,,,,,,,,,,,,,,,,,,,,,,,,,,,,,,,,,,,,,,,,,,,,,,,,,,,,,,,,,,,,,,,,,,,,,,,,,,,,,,,,,,,,,,,,,,,,,,,,,,,,,,,,,,,,,,,,,,,,,,,,
15551,362,228,-63,-53,871,-1312,198,-3143,-40,26,-2,0,0,0,15067,681,-139,296,15067,1448,1407,1765,1780,0,0,0,0,0,0,0,0,-2,-9,18,128,,,,,,,,,,,,,,,,,,,,,,,,,,,,,,,,,,,,,,,,,,,,,,,,,,,,,,,,,,,,,,,,,,,,,,,,,,,,,,,,,,,,,,,,,,,,,,,,,,,,,,,,,,,,,,,,,,,,,,,,,,,,,,,
15603,458,206,-6,-175,745,4730,-2243,-2777,-40,23,2,1,0,0,15067,651,-196,296,15067,1492,1445,1743,1748,0,0,0,0,0,0,0,0,1,-1,-1,127,,,,,,,,,,,,,,,,,,,,,,,,,,,,,,,,,,,,,,,,,,,,,,,,,,,,,,,,,,,,,,,,,,,,,,,,,,,,,,,,,,,,,,,,,,,,,,,,,,,,,,,,,,,,,,,,,,,,,,,,,,,,,,,
15651,1058,98,8,167,974,1922,-7431,-946,-83,23,2,0,0,0,15112,651,-183,300,15112,1514,1431,1747,1748,0,0,0,0,0,0,0,-3,-5,10,42,126,,,,,,,,,,,,,,,,,,,,,,,,,,,,,,,,,,,,,,,,,,,,,,,,,,,,,,,,,,,,,,,,,,,,,,,,,,,,,,,,,,,,,,,,,,,,,,,,,,,,,,,,,,,,,,,,,,,,,,,,,,,,,,,
15703,1401,80,-95,139,1068,457,-9017,1800,-112,11,-2,0,0,0,15022,622,-208,291,15022,1468,1444,1736,1776,0,0,0,0,0,0,0,-7,-5,24,45,130,,,,,,,,,,,,,,,,,,,,,,,,,,,,,,,,,,,,,,,,,,,,,,,,,,,,,,,,,,,,,,,,,,,,,,,,,,,,,,,,,,,,,,,,,,,,,,,,,,,,,,,,,,,,,,,,,,,,,,,,,,,,,,,
15751,975,-488,181,-14,820,-4119,-11093,91,-101,-20,-56,0,0,0,15022,600,-233,291,15022,1453,1391,1758,1793,0,0,0,0,0,0,0,-1,0,-14,5,132,,,,,,,,,,,,,,,,,,,,,,,,,,,,,,,,,,,,,,,,,,,,,,,,,,,,,,,,,,,,,,,,,,,,,,,,,,,,,,,,,,,,,,,,,,,,,,,,,,,,,,,,,,,,,,,,,,,,,,,,,,,,,,,
15803,541,-1010,180,-63,912,-1129,-10177,2410,-50,-73,-121,0,0,0,14978,619,-191,287,14978,1440,1433,1734,1797,0,0,0,0,0,0,0,-1,3,-25,-13,137,,,,,,,,,,,,,,,,,,,,,,,,,,,,,,,,,,,,,,,,,,,,,,,,,,,,,,,,,,,,,,,,,,,,,,,,,,,,,,,,,,,,,,,,,,,,,,,,,,,,,,,,,,,,,,,,,,,,,,,,,,,,,,,
15851,836,-1178,4,-104,1134,-1068,-3524,5767,-67,-97,-142,0,0,0,15022,594,-240,291,15022,1491,1422,1736,1773,0,0,0,0,0,0,0,-3,-2,-17,20,136,,,,,,,,,,,,,,,,,,,,,,,,,,,,,,,,,,,,,,,,,,,,,,,,,,,,,,,,,,,,,,,,,,,,,,,,,,,,,,,,,,,,,,,,,,,,,,,,,,,,,,,,,,,,,,,,,,,,,,,,,,,,,,,
15903,781,-829,56,-188,1022,-518,2700,6744,-73,-71,-215,0,2,0,14889,605,-191,280,14889,1401,1391,1778,1794,0,0,0,0,0,0,0,-8,0,12,8,131,,,,,,,,,,,,,,,,,,,,,,,,,,,,,,,,,,,,,,,,,,,,,,,,,,,,,,,,,,,,,,,,,,,,,,,,,,,,,,,,,,,,,,,,,,,,,,,,,,,,,,,,,,,,,,,,,,,,,,,,,,,,,,,
15951,531,-474,-54,-199,17503,370,-204,25,147,1223,4364,-5844,-335,-3,18,2,2,4,0,15022,288,21,291,15022,1518,1465,1730,1737,0,0,0,0,0,0,0,1,-5,1,24,124,,,,,,,,,,,,,,,,,,,,,,,,,,,,,,,,,,,,,,,,,,,,,,,,,,,,,,,,,,,,,,,,,,,,,,,,,,,,,,,,,,,,,,,,,,,,,,,,,,,,,,,,,,,,,,,,,,,,,,,,,,
17551,445,-668,-128,30,1230,1617,-2670,640,-19,12,2,2,12,0,15067,303,37,296,15067,1528,1446,1738,1735,0,0,0,0,0,0,0,3,-2,-16,10,128,,,,,,,,,,,,,,,,,,,,,,,,,,,,,,,,,,,,,,,,,,,,,,,,,,,,,,,,,,,,,,,,,,,,,,,,,,,,,,,,,,,,,,,,,,,,,,,,,,,,,,,,,,,,,,,,,,,,,,,,,,,,,,,
17603,361,-310,-6,20,1064,457,-1693,-396,-21,118,2,2,33,0,15112,344,69,300,15112,1504,1473,1747,1728,0,0,0,0,0,0,0,-5,-1,32,3,126,,,,,,,,,,,,,,,,,,,,,,,,,,,,,,,,,,,,,,,,,,,,,,,,,,,,,,,,,,,,,,,,,,,,,,,,,,,,,,,,,,,,,,,,,,,,,,,,,,,,,,,,,,,,,,,,,,,,,,,,,,,,,,,
17651,108,-261,-125,-3,891,5767,-10299,-701,3,275,6,1,61,0,15067,249,-36,296,15067,1532,1449,1753,1728,0,0,0,0,0,0,0,-8,1,41,-16,129,,,,,,,,,,,,,,,,,,,,,,,,,,,,,,,,,,,,,,,,,,,,,,,,,,,,,,,,,,,,,,,,,,,,,,,,,,,,,,,,,,,,,,,,,,,,,,,,,,,,,,,,,,,,,,,,,,,,,,,,,,,,,,,
17703,250,-891,-109,42,1098,6134,-24459,1129,59,286,0,14,68,0,15067,300,27,296,15067,1507,1460,1727,1748,0,0,0,0,0,0,0,-7,1,18,-8,130,,,,,,,,,,,,,,,,,,,,,,,,,,,,,,,,,,,,,,,,,,,,,,,,,,,,,,,,,,,,,,,,,,,,,,,,,,,,,,,,,,,,,,,,,,,,,,,,,,,,,,,,,,,,,,,,,,,,,,,,,,,,,,,
17751,393,-1773,69,-156,986,-1251,-31661,-274,108,354,2,29,95,0,15022,274,71,291,15022,1493,1488,1719,1747,0,0,0,0,0,0,0,-8,0,1,-2,131,,,,,,,,,,,,,,,,,,,,,,,,,,,,,,,,,,,,,,,,,,,,,,,,,,,,,,,,,,,,,,,,,,,,,,,,,,,,,,,,,,,,,,,,,,,,,,,,,,,,,,,,,,,,,,,,,,,,,,,,,,,,,,,
17803,428,-2775,-210,72,1043,5767,-26657,213,316,375,2,68,119,0,15067,308,55,296,15067,1492,1483,1738,1736,0,0,0,0,0,0,0,-12,0,0,1,131,,,,,,,,,,,,,,,,,,,,,,,,,,,,,,,,,,,,,,,,,,,,,,,,,,,,,,,,,,,,,,,,,,,,,,,,,,,,,,,,,,,,,,,,,,,,,,,,,,,,,,,,,,,,,,,,,,,,,,,,,,,,,,,
17851,965,-3431,-150,81,1194,22186,-27755,1190,376,248,-2,85,104,0,15067,296,12,296,15067,1524,1426,1722,1765,0,0,0,0,0,0,0,-12,0,-22,15,137,,,,,,,,,,,,,,,,,,,,,,,,,,,,,,,,,,,,,,,,,,,,,,,,,,,,,,,,,,,,,,,,,,,,,,,,,,,,,,,,,,,,,,,,,,,,,,,,,,,,,,,,,,,,,,,,,,,,,,,,,,,,,,,
17903,1870,-3808,7,93,1080,16815,-24398,-1922,-84,-79,-2,11,48,0,15022,332,77,291,15022,1582,1375,1692,1775,0,0,0,0,0,0,0,-19,0,-3,32,134,,,,,,,,,,,,,,,,,,,,,,,,,,,,,,,,,,,,,,,,,,,,,,,,,,,,,,,,,,,,,,,,,,,,,,,,,,,,,,,,,,,,,,,,,,,,,,,,,,,,,,,,,,,,,,,,,,,,,,,,,,,,,,,
17951,2033,-4030,-198,12,955,-16998,3250,1556,-184,-310,0,1,12,0,15067,313,203,296,15067,1471,1483,1742,1746,0,0,0,0,0,0,0,-15,-2,-34,45,137,,,,,,,,,,,,,,,,,,,,,,,,,,,,,,,,,,,,,,,,,,,,,,,,,,,,,,,,,,,,,,,,,,,,,,,,,,,,,,,,,,,,,,,,,,,,,,,,,,,,,,,,,,,,,,,,,,,,,,,,,,,,,,,
18003,333,-2643,-95,3,1325,-16510,23880,-1373,-59,-256,-4,2,0,0,15067,313,115,296,15067,1461,1476,1768,1731,0,0,0,0,0,0,0,-20,8,8,-35,134,,,,,,,,,,,,,,,,,,,,,,,,,,,,,,,,,,,,,,,,,,,,,,,,,,,,,,,,,,,,,,,,,,,,,,,,,,,,,,,,,,,,,,,,,,,,,,,,,,,,,,,,,,,,,,,,,,,,,,,,,,,,,,,
18051,-2,-1316,-94,178,1104,823,7888,3448,24,-115,-4,2,0,0,15067,321,136,296,15067,1516,1432,1730,1759,0,0,0,0,0,0,0,-16,2,1,-3,128,,,,,,,,,,,,,,,,,,,,,,,,,,,,,,,,,,,,,,,,,,,,,,,,,,,,,,,,,,,,,,,,,,,,,,,,,,,,,,,,,,,,,,,,,,,,,,,,,,,,,,,,,,,,,,,,,,,,,,,,,,,,,,,
18103,42,-262,-80,90,786,396,6668,-1678,21,-47,2,4,0,0,15067,343,177,296,15067,1479,1445,1741,1759,0,0,0,0,0,0,0,-22,0,47,9,124,,,,,,,,,,,,,,,,,,,,,,,,,,,,,,,,,,,,,,,,,,,,,,,,,,,,,,,,,,,,,,,,,,,,,,,,,,,,,,,,,,,,,,,,,,,,,,,,,,,,,,,,,,,,,,,,,,,,,,,,,,,,,,,
18151,-113,-198,-9,-15,1164,-2777,7217,-946,22,-7,0,4,0,0,15067,360,207,296,15067,1512,1478,1731,1732,0,0,0,0,0,0,0,-11,1,-13,0,128,,,,,,,,,,,,,,,,,,,,,,,,,,,,,,,,,,,,,,,,,,,,,,,,,,,,,,,,,,,,,,,,,,,,,,,,,,,,,,,,,,,,,,,,,,,,,,,,,,,,,,,,,,,,,,,,,,,,,,,,,,,,,,,
18203,-49,337,8,-10,837,1983,7583,-274,23,-20,10,4,-6,0,15291,380,230,316,15291,1523,1460,1740,1744,0,0,0,0,0,0,0,-12,0,4,2,124,,,,,,,,,,,,,,,,,,,,,,,,,,,,,,,,,,,,,,,,,,,,,,,,,,,,,,,,,,,,,,,,,,,,,,,,,,,,,,,,,,,,,,,,,,,,,,,,,,,,,,,,,,,,,,,,,,,,,,,,,,,,,,,
18251,-64,742,94,-30,713,3997,5325,213,21,-56,2,4,-22,0,15022,369,225,291,15022,1496,1451,1735,1754,0,0,0,0,0,0,0,-12,4,12,-15,127,,,,,,,,,,,,,,,,,,,,,,,,,,,,,,,,,,,,,,,,,,,,,,,,,,,,,,,,,,,,,,,,,,,,,,,,,,,,,,,,,,,,,,,,,,,,,,,,,,,,,,,,,,,,,,,,,,,,,,,,,,,,,,,
18303,236,754,-9,60,961,-640,1419,335,-27,-32,0,-2,-22,0,15067,390,218,296,15067,1489,1421,1748,1764,0,0,0,0,0,0,0,-9,0,-3,14,126,,,,,,,,,,,,,,,,,,,,,,,,,,,,,,,,,,,,,,,,,,,,,,,,,,,,,,,,,,,,,,,,,,,,,,,,,,,,,,,,,,,,,,,,,,,,,,,,,,,,,,,,,,,,,,,,,,,,,,,,,,,,,,,
18351,132,1072,92,-20,986,-2410,869,396,-66,-167,-2,-9,-52,0,15067,397,182,296,15067,1493,1467,1716,1767,0,0,0,0,0,0,0,-11,2,14,-5,131,,,,,,,,,,,,,,,,,,,,,,,,,,,,,,,,,,,,,,,,,,,,,,,,,,,,,,,,,,,,,,,,,,,,,,,,,,,,,,,,,,,,,,,,,,,,,,,,,,,,,,,,,,,,,,,,,,,,,,,,,,,,,,,
18403,-15,791,-225,-44,1029,-4241,16494,-762,81,-434,2,15,-96,0,14978,425,173,287,14978,1473,1469,1720,1768,0,0,0,0,0,0,0,-7,1,-6,-2,133,,,,,,,,,,,,,,,,,,,,,,,,,,,,,,,,,,,,,,,,,,,,,,,,,,,,,,,,,,,,,,,,,,,,,,,,,,,,,,,,,,,,,,,,,,,,,,,,,,,,,,,,,,,,,,,,,,,,,,,,,,,,,,,
18451,153,1026,4,-19,914,2532,35293,823,11,-555,0,3,-126,0,15022,420,177,291,15022,1511,1440,1744,1741,0,0,0,0,0,0,0,3,-1,-46,13,129,,,,,,,,,,,,,,,,,,,,,,,,,,,,,,,,,,,,,,,,,,,,,,,,,,,,,,,,,,,,,,,,,,,,,,,,,,,,,,,,,,,,,,,,,,,,,,,,,,,,,,,,,,,,,,,,,,,,,,,,,,,,,,,
18503,618,2733,-178,-37,1157,3753,41702,579,-37,-452,2,4,-131,0,15022,440,175,291,15022,1508,1462,1753,1720,0,0,0,0,0,0,0,-1,-3,18,31,134,,,,,,,,,,,,,,,,,,,,,,,,,,,,,,,,,,,,,,,,,,,,,,,,,,,,,,,,,,,,,,,,,,,,,,,,,,,,,,,,,,,,,,,,,,,,,,,,,,,,,,,,,,,,,,,,,,,,,,,,,,,,,,,
18551,484,3733,-74,-157,1206,-2349,38467,1312,-41,-283,2,4,-116,0,15022,428,198,291,15022,1483,1442,1777,1725,0,0,0,0,0,0,0,4,2,16,-5,134,,,,,,,,,,,,,,,,,,,,,,,,,,,,,,,,,,,,,,,,,,,,,,,,,,,,,,,,,,,,,,,,,,,,,,,,,,,,,,,,,,,,,,,,,,,,,,,,,,,,,,,,,,,,,,,,,,,,,,,,,,,,,,,
18603,79,4580,24,11,1016,-6622,29434,-30,-110,-123,0,-16,-101,0,15067,442,199,296,15067,1498,1445,1760,1735,0,0,0,0,0,0,0,7,3,28,-16,133,,,,,,,,,,,,,,,,,,,,,,,,,,,,,,,,,,,,,,,,,,,,,,,,,,,,,,,,,,,,,,,,,,,,,,,,,,,,,,,,,,,,,,,,,,,,,,,,,,,,,,,,,,,,,,,,,,,,,,,,,,,,,,,
18651,288,5236,-9,3,869,-6988,16677,-640,-142,134,0,-23,-67,0,15022,457,262,291,15022,1515,1466,1766,1702,0,0,0,0,0,0,0,9,-4,35,26,131,,,,,,,,,,,,,,,,,,,,,,,,,,,,,,,,,,,,,,,,,,,,,,,,,,,,,,,,,,,,,,,,,,,,,,,,,,,,,,,,,,,,,,,,,,,,,,,,,,,,,,,,,,,,,,,,,,,,,,,,,,,,,,,
18703,-282,4776,-84,68,1125,-13519,3189,-457,-60,309,-2,-16,-25,0,15067,485,215,296,15067,1483,1469,1762,1727,0,0,0,0,0,0,0,15,-2,9,5,134,,,,,,,,,,,,,,,,,,,,,,,,,,,,,,,,,,,,,,,,,,,,,,,,,,,,,,,,,,,,,,,,,,,,,,,,,,,,,,,,,,,,,,,,,,,,,,,,,,,,,,,,,,,,,,,,,,,,,,,,,,,,,,,
18751,-784,4062,8,123,1127,-7293,-12008,1617,23,341,0,-9,-2,0,15022,467,148,291,15022,1485,1480,1734,1743,0,0,0,0,0,0,0,8,-2,42,-3,131,,,,,,,,,,,,,,,,,,,,,,,,,,,,,,,,,,,,,,,,,,,,,,,,,,,,,,,,,,,,,,,,,,,,,,,,,,,,,,,,,,,,,,,,,,,,,,,,,,,,,,,,,,,,,,,,,,,,,,,,,,,,,,,
18803,-829,2740,87,-130,903,-1800,-15304,1190,63,256,-2,0,-1,0,15067,410,59,296,15067,1497,1466,1733,1749,0,0,0,0,0,0,0,11,-2,8,-8,131,,,,,,,,,,,,,,,,,,,,,,,,,,,,,,,,,,,,,,,,,,,,,,,,,,,,,,,,,,,,,,,,,,,,,,,,,,,,,,,,,,,,,,,,,,,,,,,,,,,,,,,,,,,,,,,,,,,,,,,,,,,,,,,
18851,-678,1415,196,-54,835,1983,-3280,396,73,166,0,1,-2,0,15067,441,79,296,15067,1484,1460,1754,1737,0,0,0,0,0,0,0,20,-2,-48,-5,129,,,,,,,,,,,,,,,,,,,,,,,,,,,,,,,,,,,,,,,,,,,,,,,,,,,,,,,,,,,,,,,,,,,,,,,,,,,,,,,,,,,,,,,,,,,,,,,,,,,,,,,,,,,,,,,,,,,,,,,,,,,,,,,
18903,-506,1042,-10,-57,1256,2349,-717,518,67,139,-2,2,7,0,15022,440,64,291,15022,1511,1460,1760,1712,0,0,0,0,0,0,0,13,-2,-12,-4,129,,,,,,,,,,,,,,,,,,,,,,,,,,,,,,,,,,,,,,,,,,,,,,,,,,,,,,,,,,,,,,,,,,,,,,,,,,,,,,,,,,,,,,,,,,,,,,,,,,,,,,,,,,,,,,,,,,,,,,,,,,,,,,,
18951,-349,1109,-156,-20,946,3448,-8529,335,52,154,2,4,15,0,15022,491,143,291,15022,1503,1462,1738,1739,0,0,0,0,0,0,0,4,-2,36,-2,129,,,,,,,,,,,,,,,,,,,,,,,,,,,,,,,,,,,,,,,,,,,,,,,,,,,,,,,,,,,,,,,,,,,,,,,,,,,,,,,,,,,,,,,,,,,,,,,,,,,,,,,,,,,,,,,,,,,,,,,,,,,,,,,
19003,73,232,-15,-8,947,274,-15426,-213,10,102,2,3,16,0,15067,481,141,296,15067,1501,1478,1719,1748,0,0,0,0,0,0,0,7,-5,5,18,124,,,,,,,,,,,,,,,,,,,,,,,,,,,,,,,,,,,,,,,,,,,,,,,,,,,,,,,,,,,,,,,,,,,,,,,,,,,,,,,,,,,,,,,,,,,,,,,,,,,,,,,,,,,,,,,,,,,,,,,,,,,,,,,
19051,-109,-740,-84,-188,1107,-2532,-16830,1312,20,33,0,4,17,0,15022,487,140,291,15022,1480,1481,1735,1744,0,0,0,0,0,0,0,7,-1,-11,-9,133,,,,,,,,,,,,,,,,,,,,,,,,,,,,,,,,,,,,,,,,,,,,,,,,,,,,,,,,,,,,,,,,,,,,,,,,,,,,,,,,,,,,,,,,,,,,,,,,,,,,,,,,,,,,,,,,,,,,,,,,,,,,,,,
19103,-184,-1476,28,155,992,-2166,-8651,-91,41,-30,0,3,17,0,15022,505,143,291,15022,1486,1472,1739,1743,0,0,0,0,0,0,0,8,-4,-29,4,129,,,,,,,,,,,,,,,,,,,,,,,,,,,,,,,,,,,,,,,,,,,,,,,,,,,,,,,,,,,,,,,,,,,,,,,,,,,,,,,,,,,,,,,,,,,,,,,,,,,,,,,,,,,,,,,,,,,,,,,,,,,,,,,
19151,-219,-1781,37,154,1249,-579,-7308,30,38,-119,2,3,4,0,15022,478,21,291,15022,1501,1463,1735,1743,0,0,0,0,0,0,0,8,-5,-38,10,128,,,,,,,,,,,,,,,,,,,,,,,,,,,,,,,,,,,,,,,,,,,,,,,,,,,,,,,,,,,,,,,,,,,,,,,,,,,,,,,,,,,,,,,,,,,,,,,,,,,,,,,,,,,,,,,,,,,,,,,,,,,,,,,
19203,-48,-1460,72,-2,853,457,-228,-30,17,-116,0,3,3,0,15022,514,104,291,15022,1499,1475,1741,1734,0,0,0,0,0,0,0,2,-5,-4,12,124,,,,,,,,,,,,,,,,,,,,,,,,,,,,,,,,,,,,,,,,,,,,,,,,,,,,,,,,,,,,,,,,,,,,,,,,,,,,,,,,,,,,,,,,,,,,,,,,,,,,,,,,,,,,,,,,,,,,,,,,,,,,,,,
19251,47,-1130,287,-54,915,640,7400,213,12,-61,-2,3,1,0,15022,544,184,291,15022,1485,1465,1746,1745,0,0,0,0,0,0,0,8,-3,-32,0,125,,,,,,,,,,,,,,,,,,,,,,,,,,,,,,,,,,,,,,,,,,,,,,,,,,,,,,,,,,,,,,,,,,,,,,,,,,,,,,,,,,,,,,,,,,,,,,,,,,,,,,,,,,,,,,,,,,,,,,,,,,,,,,,
19303,13,-598,-77,0,986,823,1602,-213,24,-46,2,3,2,0,15022,516,158,291,15022,1497,1472,1735,1740,0,0,0,0,0,0,0,1,-2,7,-2,121,,,,,,,,,,,,,,,,,,,,,,,,,,,,,,,,,,,,,,,,,,,,,,,,,,,,,,,,,,,,,,,,,,,,,,,,,,,,,,,,,,,,,,,,,,,,,,,,,,,,,,,,,,,,,,,,,,,,,,,,,,,,,,,
19351,-25,-572,-24,-29,1003,640,991,152,23,-47,0,5,0,0,15022,543,172,291,15022,1495,1451,1743,1746,0,0,0,0,0,0,0,3,-2,-5,-3,124,,,,,,,,,,,,,,,,,,,,,,,,,,,,,,,,,,,,,,,,,,,,,,,,,,,,,,,,,,,,,,,,,,,,,,,,,,,,,,,,,,,,,,,,,,,,,,,,,,,,,,,,,,,,,,,,,,,,,,,,,,,,,,,
19403,215,-224,-94,36,1226,1800,259,-1007,2,-31,2,4,0,0,15022,537,97,291,15022,1507,1462,1740,1737,0,0,0,0,0,0,0,0,-4,17,11,124,,,,,,,,,,,,,,,,,,,,,,,,,,,,,,,,,,,,,,,,,,,,,,,,,,,,,,,,,,,,,,,,,,,,,,,,,,,,,,,,,,,,,,,,,,,,,,,,,,,,,,,,,,,,,,,,,,,,,,,,,,,,,,,
19451,439,-235,-117,-97,1074,335,-961,213,-20,-35,2,4,1,0,14978,540,99,287,14978,1501,1462,1735,1747,0,0,0,0,0,0,0,0,-3,14,4,125,,,,,,,,,,,,,,,,,,,,,,,,,,,,,,,,,,,,,,,,,,,,,,,,,,,,,,,,,,,,,,,,,,,,,,,,,,,,,,,,,,,,,,,,,,,,,,,,,,,,,,,,,,,,,,,,,,,,,,,,,,,,,,,
19503,250,-434,105,177,923,-213,442,-1190,24,-31,2,4,0,0,15067,531,108,296,15067,1471,1458,1750,1754,0,0,0,0,0,0,0,6,-2,-23,0,126,,,,,,,,,,,,,,,,,,,,,,,,,,,,,,,,,,,,,,,,,,,,,,,,,,,,,,,,,,,,,,,,,,,,,,,,,,,,,,,,,,,,,,,,,,,,,,,,,,,,,,,,,,,,,,,,,,,,,,,,,,,,,,,
19551,-360,-48,15,28,1104,213,-3890,-335,101,-9,0,17,0,0,15067,549,114,296,15067,1496,1479,1727,1747,0,0,0,0,0,0,0,0,3,13,-36,126,,,,,,,,,,,,,,,,,,,,,,,,,,,,,,,,,,,,,,,,,,,,,,,,,,,,,,,,,,,,,,,,,,,,,,,,,,,,,,,,,,,,,,,,,,,,,,,,,,,,,,,,,,,,,,,,,,,,,,,,,,,,,,,
19603,-262,-273,-19,28,1024,11566,1663,579,199,-41,2,34,0,0,15067,546,95,296,15067,1484,1461,1741,1753,0,0,0,0,0,0,0,2,3,0,-28,127,,,,,,,,,,,,,,,,,,,,,,,,,,,,,,,,,,,,,,,,,,,,,,,,,,,,,,,,,,,,,,,,,,,,,,,,,,,,,,,,,,,,,,,,,,,,,,,,,,,,,,,,,,,,,,,,,,,,,,,,,,,,,,,
19651,333,-146,36,0,1012,16693,7888,-396,208,-19,0,43,0,0,15022,561,81,291,15022,1486,1456,1751,1745,0,0,0,0,0,0,0,2,1,2,-6,124,,,,,,,,,,,,,,,,,,,,,,,,,,,,,,,,,,,,,,,,,,,,,,,,,,,,,,,,,,,,,,,,,,,,,,,,,,,,,,,,,,,,,,,,,,,,,,,,,,,,,,,,,,,,,,,,,,,,,,,,,,,,,,,
19703,1214,398,-191,-83,1101,15960,4776,335,124,34,0,43,0,0,15067,566,106,296,15067,1525,1449,1745,1728,0,0,0,0,0,0,0,-1,0,30,18,129,,,,,,,,,,,,,,,,,,,,,,,,,,,,,,,,,,,,,,,,,,,,,,,,,,,,,,,,,,,,,,,,,,,,,,,,,,,,,,,,,,,,,,,,,,,,,,,,,,,,,,,,,,,,,,,,,,,,,,,,,,,,,,,
19751,1802,673,28,102,1047,9368,1235,-1434,70,79,2,43,6,0,15067,563,110,296,15067,1509,1471,1742,1728,0,0,0,0,0,0,0,-2,0,34,32,127,,,,,,,,,,,,,,,,,,,,,,,,,,,,,,,,,,,,,,,,,,,,,,,,,,,,,,,,,,,,,,,,,,,,,,,,,,,,,,,,,,,,,,,,,,,,,,,,,,,,,,,,,,,,,,,,,,,,,,,,,,,,,,,
19803,1756,495,-54,-39,1117,9002,-3097,396,127,105,0,56,11,0,15022,568,97,291,15022,1486,1467,1746,1740,0,0,0,0,0,0,0,0,5,14,3,127,,,,,,,,,,,,,,,,,,,,,,,,,,,,,,,,,,,,,,,,,,,,,,,,,,,,,,,,,,,,,,,,,,,,,,,,,,,,,,,,,,,,,,,,,,,,,,,,,,,,,,,,,,,,,,,,,,,,,,,,,,,,,,,
19851,1810,-4,26,44,1124,17425,-9262,1434,225,112,2,75,18,0,15112,571,96,300,15112,1507,1458,1745,1739,0,0,0,0,0,0,0,4,8,-10,-6,128,,,,,,,,,,,,,,,,,,,,,,,,,,,,,,,,,,,,,,,,,,,,,,,,,,,,,,,,,,,,,,,,,,,,,,,,,,,,,,,,,,,,,,,,,,,,,,,,,,,,,,,,,,,,,,,,,,,,,,,,,,,,,,,
19903,2415,43,145,73,1265,22186,-7919,518,199,122,2,80,24,0,15112,571,82,300,15112,1514,1428,1744,1753,0,0,0,0,0,0,0,-1,9,18,7,127,,,,,,,,,,,,,,,,,,,,,,,,,,,,,,,,,,,,,,,,,,,,,,,,,,,,,,,,,,,,,,,,,,,,,,,,,,,,,,,,,,,,,,,,,,,,,,,,,,,,,,,,,,,,,,,,,,,,,,,,,,,,,,,
19951,2846,-370,-96,40,860,16815,-7125,-152,117,34,0,70,12,0,15022,577,108,291,15022,1521,1441,1731,1750,0,0,0,0,0,0,0,0,11,-3,14,130,,,,,,,,,,,,,,,,,,,,,,,,,,,,,,,,,,,,,,,,,,,,,,,,,,,,,,,,,,,,,,,,,,,,,,,,,,,,,,,,,,,,,,,,,,,,,,,,,,,,,,,,,,,,,,,,,,,,,,,,,,,,,,,
20003,3423,-320,-3,118,1166,9857,-3952,1617,-220,31,2,12,10,0,15067,573,64,296,15067,1566,1351,1755,1739,0,0,0,0,0,0,0,-1,6,5,54,129,,,,,,,,,,,,,,,,,,,,,,,,,,,,,,,,,,,,,,,,,,,,,,,,,,,,,,,,,,,,,,,,,,,,,,,,,,,,,,,,,,,,,,,,,,,,,,,,,,,,,,,,,,,,,,,,,,,,,,,,,,,,,,,
20051,3116,-329,31,30,1108,-9307,-2487,152,-252,20,0,6,10,0,15022,614,171,291,15022,1469,1477,1740,1749,0,0,0,0,0,0,0,-1,8,3,40,128,,,,,,,,,,,,,,,,,,,,,,,,,,,,,,,,,,,,,,,,,,,,,,,,,,,,,,,,,,,,,,,,,,,,,,,,,,,,,,,,,,,,,,,,,,,,,,,,,,,,,,,,,,,,,,,,,,,,,,,,,,,,,,,
20103,2032,-655,-188,73,944,-12237,-4989,-335,-168,4,2,5,11,0,15112,618,127,300,15112,1513,1475,1721,1747,0,0,0,0,0,0,0,0,10,-11,15,132,,,,,,,,,,,,,,,,,,,,,,,,,,,,,,,,,,,,,,,,,,,,,,,,,,,,,,,,,,,,,,,,,,,,,,,,,,,,,,,,,,,,,,,,,,,,,,,,,,,,,,,,,,,,,,,,,,,,,,,,,,,,,,,
20151,1093,-697,135,86,980,-4486,-4745,-335,-111,36,-2,-1,18,0,15067,624,101,296,15067,1525,1437,1735,1742,0,0,0,0,0,0,0,-1,12,-4,-3,133,,,,,,,,,,,,,,,,,,,,,,,,,,,,,,,,,,,,,,,,,,,,,,,,,,,,,,,,,,,,,,,,,,,,,,,,,,,,,,,,,,,,,,,,,,,,,,,,,,,,,,,,,,,,,,,,,,,,,,,,,,,,,,,
20203,990,-912,-82,80,1148,-6744,-2975,30,-135,39,2,-9,23,0,15022,601,58,291,15022,1521,1470,1722,1737,0,0,0,0,0,0,0,0,6,-12,25,128,,,,,,,,,,,,,,,,,,,,,,,,,,,,,,,,,,,,,,,,,,,,,,,,,,,,,,,,,,,,,,,,,,,,,,,,,,,,,,,,,,,,,,,,,,,,,,,,,,,,,,,,,,,,,,,,,,,,,,,,,,,,,,,
20251,469,-793,65,21,978,-11566,-2609,946,-225,88,0,-34,30,0,15067,616,62,296,15067,1509,1450,1753,1730,0,0,0,0,0,0,0,-3,8,2,7,127,,,,,,,,,,,,,,,,,,,,,,,,,,,,,,,,,,,,,,,,,,,,,,,,,,,,,,,,,,,,,,,,,,,,,,,,,,,,,,,,,,,,,,,,,,,,,,,,,,,,,,,,,,,,,,,,,,,,,,,,,,,,,,,
20303,97,-627,125,96,1082,-16632,-6149,1007,-251,90,0,-47,30,0,15022,617,66,291,15022,1505,1461,1735,1741,0,0,0,0,0,0,0,-5,2,9,25,130,,,,,,,,,,,,,,,,,,,,,,,,,,,,,,,,,,,,,,,,,,,,,,,,,,,,,,,,,,,,,,,,,,,,,,,,,,,,,,,,,,,,,,,,,,,,,,,,,,,,,,,,,,,,,,,,,,,,,,,,,,,,,,,
20351,-666,-1102,-48,-76,866,-15594,-8102,335,-187,-14,0,-48,15,0,15022,611,68,291,15022,1501,1484,1718,1746,0,0,0,0,0,0,0,-1,5,-21,0,134,,,,,,,,,,,,,,,,,,,,,,,,,,,,,,,,,,,,,,,,,,,,,,,,,,,,,,,,,,,,,,,,,,,,,,,,,,,,,,,,,,,,,,,,,,,,,,,,,,,,,,,,,,,,,,,,,,,,,,,,,,,,,,,
20403,-1143,-1166,176,23,1109,-12603,3250,762,-113,-21,8,-41,16,0,15202,614,48,307,15202,1498,1461,1748,1737,0,0,0,0,0,0,0,-1,1,-19,6,134,,,,,,,,,,,,,,,,,,,,,,,,,,,,,,,,,,,,,,,,,,,,,,,,,,,,,,,,,,,,,,,,,,,,,,,,,,,,,,,,,,,,,,,,,,,,,,,,,,,,,,,,,,,,,,,,,,,,,,,,,,,,,,,
20451,-1469,-1224,8,-62,1193,-7904,-961,1007,6,-88,0,-22,3,0,15022,635,63,291,15022,1501,1470,1724,1749,0,0,0,0,0,0,0,0,3,-26,-11,130,,,,,,,,,,,,,,,,,,,,,,,,,,,,,,,,,,,,,,,,,,,,,,,,,,,,,,,,,,,,,,,,,,,,,,,,,,,,,,,,,,,,,,,,,,,,,,,,,,,,,,,,,,,,,,,,,,,,,,,,,,,,,,,
20503,-1459,-995,84,-45,979,1617,2151,823,137,-70,2,2,3,0,15022,613,22,291,15022,1500,1468,1737,1738,0,0,0,0,0,0,0,-2,3,-13,-15,128,,,,,,,,,,,,,,,,,,,,,,,,,,,,,,,,,,,,,,,,,,,,,,,,,,,,,,,,,,,,,,,,,,,,,,,,,,,,,,,,,,,,,,,,,,,,,,,,,,,,,,,,,,,,,,,,,,,,,,,,,,,,,,,
20551,-727,-457,-102,-32,1159,6439,7278,762,80,-58,-2,4,0,0,15067,628,-1,296,15067,1519,1464,1731,1733,0,0,0,0,0,0,0,-4,0,8,7,126,,,,,,,,,,,,,,,,,,,,,,,,,,,,,,,,,,,,,,,,,,,,,,,,,,,,,,,,,,,,,,,,,,,,,,,,,,,,,,,,,,,,,,,,,,,,,,,,,,,,,,,,,,,,,,,,,,,,,,,,,,,,,,,
20603,-278,-96,-138,-80,949,3509,7217,-152,59,-20,2,5,0,0,15067,626,8,296,15067,1514,1479,1725,1732,0,0,0,0,0,0,0,-2,1,3,5,123,,,,,,,,,,,,,,,,,,,,,,,,,,,,,,,,,,,,,,,,,,,,,,,,,,,,,,,,,,,,,,,,,,,,,,,,,,,,,,,,,,,,,,,,,,,,,,,,,,,,,,,,,,,,,,,,,,,,,,,,,,,,,,,
20651,50,455,-92,61,962,30,4592,1678,7,29,2,4,0,0,15022,641,79,291,15022,1510,1446,1754,1728,0,0,0,0,0,0,0,-5,0,25,18,118,,,,,,,,,,,,,,,,,,,,,,,,,,,,,,,,,,,,,,,,,,,,,,,,,,,,,,,,,,,,,,,,,,,,,,,,,,,,,,,,,,,,,,,,,,,,,,,,,,,,,,,,,,,,,,,,,,,,,,,,,,,,,,,
20703,48,475,18,-67,883,-213,-2914,1617,9,109,2,4,13,0,14978,625,64,287,14978,1512,1480,1723,1732,0,0,0,0,0,0,0,0,2,0,0,120,,,,,,,,,,,,,,,,,,,,,,,,,,,,,,,,,,,,,,,,,,,,,,,,,,,,,,,,,,,,,,,,,,,,,,,,,,,,,,,,,,,,,,,,,,,,,,,,,,,,,,,,,,,,,,,,,,,,,,,,,,,,,,,
20751,226,309,51,-62,828,-152,-9384,701,3,294,0,5,53,0,15022,648,91,291,15022,1521,1482,1730,1723,0,0,0,0,0,0,0,-1,1,0,7,121,,,,,,,,,,,,,,,,,,,,,,,,,,,,,,,,,,,,,,,,,,,,,,,,,,,,,,,,,,,,,,,,,,,,,,,,,,,,,,,,,,,,,,,,,,,,,,,,,,,,,,,,,,,,,,,,,,,,,,,,,,,,,,,
20803,163,-182,-1,24,670,-1556,-16281,1861,19,532,2,6,108,0,15067,637,71,296,15067,1499,1480,1754,1717,0,0,0,0,0,0,0,-5,1,11,5,127,,,,,,,,,,,,,,,,,,,,,,,,,,,,,,,,,,,,,,,,,,,,,,,,,,,,,,,,,,,,,,,,,,,,,,,,,,,,,,,,,,,,,,,,,,,,,,,,,,,,,,,,,,,,,,,,,,,,,,,,,,,,,,,
20851,247,-1051,-150,-27,1040,1068,-32760,2899,1,578,0,5,130,0,15022,633,23,291,15022,1525,1481,1719,1729,0,0,0,0,0,0,0,-8,0,9,9,129,,,,,,,,,,,,,,,,,,,,,,,,,,,,,,,,,,,,,,,,,,,,,,,,,,,,,,,,,,,,,,,,,,,,,,,,,,,,,,,,,,,,,,,,,,,,,,,,,,,,,,,,,,,,,,,,,,,,,,,,,,,,,,,
20903,705,-2483,55,9,996,579,-35140,3143,-20,509,2,6,139,0,15022,638,14,291,15022,1536,1483,1704,1735,0,0,0,0,0,0,0,-6,-5,-30,43,129,,,,,,,,,,,,,,,,,,,,,,,,,,,,,,,,,,,,,,,,,,,,,,,,,,,,,,,,,,,,,,,,,,,,,,,,,,,,,,,,,,,,,,,,,,,,,,,,,,,,,,,,,,,,,,,,,,,,,,,,,,,,,,,
20951,840,-3838,65,-12,864,-4119,-24703,2960,-49,258,-2,7,113,0,15022,614,-32,291,15022,1518,1472,1728,1730,0,0,0,0,0,0,0,-5,-2,-61,28,135,,,,,,,,,,,,,,,,,,,,,,,,,,,,,,,,,,,,,,,,,,,,,,,,,,,,,,,,,,,,,,,,,,,,,,,,,,,,,,,,,,,,,,,,,,,,,,,,,,,,,,,,,,,,,,,,,,,,,,,,,,,,,,,
21003,708,-4245,10,44,903,-3875,-5844,2593,-22,-14,0,8,72,0,15022,619,-57,291,15022,1504,1476,1716,1739,0,0,0,0,0,0,0,-9,0,-50,14,130,,,,,,,,,,,,,,,,,,,,,,,,,,,,,,,,,,,,,,,,,,,,,,,,,,,,,,,,,,,,,,,,,,,,,,,,,,,,,,,,,,,,,,,,,,,,,,,,,,,,,,,,,,,,,,,,,,,,,,,,,,,,,,,
21051,514,-3712,-11,-90,1011,701,7400,640,-13,-195,2,8,30,0,15067,624,-67,296,15067,1522,1487,1733,1717,0,0,0,0,0,0,0,-12,1,-28,1,130,,,,,,,,,,,,,,,,,,,,,,,,,,,,,,,,,,,,,,,,,,,,,,,,,,,,,,,,,,,,,,,,,,,,,,,,,,,,,,,,,,,,,,,,,,,,,,,,,,,,,,,,,,,,,,,,,,,,,,,,,,,,,,,
21103,633,-2236,-197,119,1066,4730,17959,1495,7,-250,0,11,0,0,14978,645,-20,287,14978,1534,1484,1733,1703,0,0,0,0,0,0,0,-21,0,32,13,132,,,,,,,,,,,,,,,,,,,,,,,,,,,,,,,,,,,,,,,,,,,,,,,,,,,,,,,,,,,,,,,,,,,,,,,,,,,,,,,,,,,,,,,,,,,,,,,,,,,,,,,,,,,,,,,,,,,,,,,,,,,,,,,
21151,609,-1047,-50,157,1085,2899,16860,213,32,-94,0,15,0,0,15022,632,-61,291,15022,1531,1481,1735,1709,0,0,0,0,0,0,0,-14,1,11,4,129,,,,,,,,,,,,,,,,,,,,,,,,,,,,,,,,,,,,,,,,,,,,,,,,,,,,,,,,,,,,,,,,,,,,,,,,,,,,,,,,,,,,,,,,,,,,,,,,,,,,,,,,,,,,,,,,,,,,,,,,,,,,,,,
21203,644,-287,-115,44,1185,-213,3372,946,15,-45,0,15,0,0,15067,643,-22,296,15067,1531,1471,1736,1715,0,0,0,0,0,0,0,-15,0,24,9,127,,,,,,,,,,,,,,,,,,,,,,,,,,,,,,,,,,,,,,,,,,,,,,,,,,,,,,,,,,,,,,,,,,,,,,,,,,,,,,,,,,,,,,,,,,,,,,,,,,,,,,,,,,,,,,,,,,,,,,,,,,,,,,,
21251,496,-199,176,144,988,-1312,8499,-1190,40,-20,2,16,0,0,15022,627,-42,291,15022,1499,1477,1745,1725,0,0,0,0,0,0,0,-8,1,-11,1,129,,,,,,,,,,,,,,,,,,,,,,,,,,,,,,,,,,,,,,,,,,,,,,,,,,,,,,,,,,,,,,,,,,,,,,,,,,,,,,,,,,,,,,,,,,,,,,,,,,,,,,,,,,,,,,,,,,,,,,,,,,,,,,,
21303,510,574,-23,-33,907,1678,7095,274,49,17,2,16,-4,0,15112,646,7,300,15112,1519,1481,1744,1715,0,0,0,0,0,0,0,-13,0,28,9,123,,,,,,,,,,,,,,,,,,,,,,,,,,,,,,,,,,,,,,,,,,,,,,,,,,,,,,,,,,,,,,,,,,,,,,,,,,,,,,,,,,,,,,,,,,,,,,,,,,,,,,,,,,,,,,,,,,,,,,,,,,,,,,,
21351,741,641,-64,29,1058,5584,3067,-1190,30,38,0,16,-4,0,15022,631,-51,291,15022,1518,1464,1744,1720,0,0,0,0,0,0,0,-9,0,10,17,127,,,,,,,,,,,,,,,,,,,,,,,,,,,,,,,,,,,,,,,,,,,,,,,,,,,,,,,,,,,,,,,,,,,,,,,,,,,,,,,,,,,,,,,,,,,,,,,,,,,,,,,,,,,,,,,,,,,,,,,,,,,,,,,
21403,768,24,89,-70,980,-2166,1480,-213,-38,-5,0,10,-4,0,15929,615,-90,372,15929,1541,1479,1762,1745,0,0,0,0,0,0,0,0,2,-40,0,125,,,,,,,,,,,,,,,,,,,,,,,,,,,,,,,,,,,,,,,,,,,,,,,,,,,,,,,,,,,,,,,,,,,,,,,,,,,,,,,,,,,,,,,,,,,,,,,,,,,,,,,,,,,,,,,,,,,,,,,,,,,,,,,
21451,651,298,9,23,1194,-3204,1724,762,-19,8,0,9,-4,0,16392,618,-45,412,16392,1543,1511,1770,1748,0,0,0,0,0,0,0,-7,1,1,5,121,,,,,,,,,,,,,,,,,,,,,,,,,,,,,,,,,,,,,,,,,,,,,,,,,,,,,,,,,,,,,,,,,,,,,,,,,,,,,,,,,,,,,,,,,,,,,,,,,,,,,,,,,,,,,,,,,,,,,,,,,,,,,,,
21503,552,536,-47,3,1212,2410,1296,-396,-13,36,2,7,-2,0,16485,611,-65,419,16485,1562,1502,1774,1744,0,0,0,0,0,0,0,-10,3,17,-3,126,,,,,,,,,,,,,,,,,,,,,,,,,,,,,,,,,,,,,,,,,,,,,,,,,,,,,,,,,,,,,,,,,,,,,,,,,,,,,,,,,,,,,,,,,,,,,,,,,,,,,,,,,,,,,,,,,,,,,,,,,,,,,,,
21551,661,412,144,-31,1106,1312,-473,-396,-28,29,2,6,-1,0,16532,607,-23,423,16532,1549,1515,1766,1749,0,0,0,0,0,0,0,-6,1,-4,6,126,,,,,,,,,,,,,,,,,,,,,,,,,,,,,,,,,,,,,,,,,,,,,,,,,,,,,,,,,,,,,,,,,,,,,,,,,,,,,,,,,,,,,,,,,,,,,,,,,,,,,,,,,,,,,,,,,,,,,,,,,,,,,,,
21603,893,327,13,106,969,-3021,503,457,-47,30,0,4,-1,0,16532,591,-56,423,16532,1550,1509,1761,1764,0,0,0,0,0,0,0,-5,-3,-8,35,125,,,,,,,,,,,,,,,,,,,,,,,,,,,,,,,,,,,,,,,,,,,,,,,,,,,,,,,,,,,,,,,,,,,,,,,,,,,,,,,,,,,,,,,,,,,,,,,,,,,,,,,,,,,,,,,,,,,,,,,,,,,,,,,
21651,583,56,129,167,1199,-1983,-350,-396,-27,9,0,4,-1,0,16579,610,-20,428,16579,1550,1512,1759,1767,0,0,0,0,0,0,0,-3,1,-22,8,126,,,,,,,,,,,,,,,,,,,,,,,,,,,,,,,,,,,,,,,,,,,,,,,,,,,,,,,,,,,,,,,,,,,,,,,,,,,,,,,,,,,,,,,,,,,,,,,,,,,,,,,,,,,,,,,,,,,,,,,,,,,,,,,
21703,560,40,-71,-4,1178,-5767,-2304,823,-35,1,2,2,-1,0,16626,612,42,432,16626,1553,1523,1769,1751,0,0,0,0,0,0,0,-6,0,-4,17,124,,,,,,,,,,,,,,,,,,,,,,,,,,,,,,,,,,,,,,,,,,,,,,,,,,,,,,,,,,,,,,,,,,,,,,,,,,,,,,,,,,,,,,,,,,,,,,,,,,,,,,,,,,,,,,,,,,,,,,,,,,,,,,,
21751,249,-114,31,-33,1133,-9307,4409,-213,-42,-210,0,-3,-39,0,16673,609,88,435,16673,1536,1528,1756,1776,0,0,0,0,0,0,0,-3,0,-16,11,132,,,,,,,,,,,,,,,,,,,,,,,,,,,,,,,,,,,,,,,,,,,,,,,,,,,,,,,,,,,,,,,,,,,,,,,,,,,,,,,,,,,,,,,,,,,,,,,,,,,,,,,,,,,,,,,,,,,,,,,,,,,,,,,
21803,-142,275,-66,-56,1034,-10589,18447,274,-17,-268,2,-3,-53,0,16673,613,145,435,16673,1553,1530,1762,1756,0,0,0,0,0,0,0,-5,0,0,0,132,,,,,,,,,,,,,,,,,,,,,,,,,,,,,,,,,,,,,,,,,,,,,,,,,,,,,,,,,,,,,,,,,,,,,,,,,,,,,,,,,,,,,,,,,,,,,,,,,,,,,,,,,,,,,,,,,,,,,,,,,,,,,,,
21851,-428,883,150,82,1062,-946,19607,213,-67,-385,2,-20,-88,0,16673,622,191,435,16673,1571,1491,1765,1767,0,0,0,0,0,0,0,-1,0,-5,-4,132,,,,,,,,,,,,,,,,,,,,,,,,,,,,,,,,,,,,,,,,,,,,,,,,,,,,,,,,,,,,,,,,,,,,,,,,,,,,,,,,,,,,,,,,,,,,,,,,,,,,,,,,,,,,,,,,,,,,,,,,,,,,,,,
21903,-80,1674,-94,151,1110,-2899,24490,-274,-14,-566,2,-5,-138,0,16626,639,198,432,16626,1535,1528,1755,1778,0,0,0,0,0,0,0,0,-6,8,28,134,,,,,,,,,,,,,,,,,,,,,,,,,,,,,,,,,,,,,,,,,,,,,,,,,,,,,,,,,,,,,,,,,,,,,,,,,,,,,,,,,,,,,,,,,,,,,,,,,,,,,,,,,,,,,,,,,,,,,,,,,,,,,,,
21951,-127,2627,-51,24,1216,-5340,36453,457,45,-510,-2,4,-145,0,16579,648,223,428,16579,1541,1513,1786,1750,0,0,0,0,0,0,0,5,-5,1,21,132,,,,,,,,,,,,,,,,,,,,,,,,,,,,,,,,,,,,,,,,,,,,,,,,,,,,,,,,,,,,,,,,,,,,,,,,,,,,,,,,,,,,,,,,,,,,,,,,,,,,,,,,,,,,,,,,,,,,,,,,,,,,,,,
22003,-212,3836,-240,-102,1105,5828,28701,213,2,-321,2,-2,-122,0,16579,668,297,428,16579,1556,1517,1782,1736,0,0,0,0,0,0,0,3,0,45,-7,133,,,,,,,,,,,,,,,,,,,,,,,,,,,,,,,,,,,,,,,,,,,,,,,,,,,,,,,,,,,,,,,,,,,,,,,,,,,,,,,,,,,,,,,,,,,,,,,,,,,,,,,,,,,,,,,,,,,,,,,,,,,,,,,
22051,366,4051,-28,21,861,518,18325,-213,-188,22,0,-31,-62,0,16579,664,315,428,16579,1572,1502,1791,1725,0,0,0,0,0,0,0,11,-5,17,25,131,,,,,,,,,,,,,,,,,,,,,,,,,,,,,,,,,,,,,,,,,,,,,,,,,,,,,,,,,,,,,,,,,,,,,,,,,,,,,,,,,,,,,,,,,,,,,,,,,,,,,,,,,,,,,,,,,,,,,,,,,,,,,,,
22103,360,3889,-40,54,1170,-10711,4776,-213,-167,106,2,-25,-46,0,16579,671,322,428,16579,1537,1532,1768,1754,0,0,0,0,0,0,0,11,-7,23,26,135,,,,,,,,,,,,,,,,,,,,,,,,,,,,,,,,,,,,,,,,,,,,,,,,,,,,,,,,,,,,,,,,,,,,,,,,,,,,,,,,,,,,,,,,,,,,,,,,,,,,,,,,,,,,,,,,,,,,,,,,,,,,,,,
22151,-45,3327,-148,39,1095,-8270,-45,-762,-25,204,2,-3,-19,0,16626,709,372,432,16626,1543,1531,1783,1738,0,0,0,0,0,0,0,12,-5,15,10,132,,,,,,,,,,,,,,,,,,,,,,,,,,,,,,,,,,,,,,,,,,,,,,,,,,,,,,,,,,,,,,,,,,,,,,,,,,,,,,,,,,,,,,,,,,,,,,,,,,,,,,,,,,,,,,,,,,,,,,,,,,,,,,,
22203,-210,2535,-187,23,1134,2716,-10482,-885,28,207,2,2,-6,0,16626,712,343,432,16626,1566,1520,1773,1740,0,0,0,0,0,0,0,12,-3,10,-6,132,,,,,,,,,,,,,,,,,,,,,,,,,,,,,,,,,,,,,,,,,,,,,,,,,,,,,,,,,,,,,,,,,,,,,,,,,,,,,,,,,,,,,,,,,,,,,,,,,,,,,,,,,,,,,,,,,,,,,,,,,,,,,,,
22251,249,1408,35,2,1190,91,-14511,640,4,131,2,3,-4,0,16579,736,398,428,16579,1558,1518,1767,1752,0,0,0,0,0,0,0,16,-8,-22,28,125,,,,,,,,,,,,,,,,,,,,,,,,,,,,,,,,,,,,,,,,,,,,,,,,,,,,,,,,,,,,,,,,,,,,,,,,,,,,,,,,,,,,,,,,,,,,,,,,,,,,,,,,,,,,,,,,,,,,,,,,,,,,,,,
22303,606,276,24,55,848,-3326,-10665,1495,-36,16,2,3,-4,0,16579,758,418,428,16579,1558,1531,1755,1760,0,0,0,0,0,0,0,15,-9,-32,36,129,,,,,,,,,,,,,,,,,,,,,,,,,,,,,,,,,,,,,,,,,,,,,,,,,,,,,,,,,,,,,,,,,,,,,,,,,,,,,,,,,,,,,,,,,,,,,,,,,,,,,,,,,,,,,,,,,,,,,,,,,,,,,,,
22351,608,-87,234,169,1086,-4913,-6332,1190,-30,-23,4,4,-4,0,16626,790,425,432,16626,1561,1516,1762,1757,0,0,0,0,0,0,0,11,-10,-15,35,133,,,,,,,,,,,,,,,,,,,,,,,,,,,,,,,,,,,,,,,,,,,,,,,,,,,,,,,,,,,,,,,,,,,,,,,,,,,,,,,,,,,,,,,,,,,,,,,,,,,,,,,,,,,,,,,,,,,,,,,,,,,,,,,
22403,338,-305,-112,141,1063,-2655,-10177,1739,-7,-22,2,3,-3,0,16626,802,482,432,16626,1563,1526,1764,1747,0,0,0,0,0,0,0,9,-7,-6,16,132,,,,,,,,,,,,,,,,,,,,,,,,,,,,,,,,,,,,,,,,,,,,,,,,,,,,,,,,,,,,,,,,,,,,,,,,,,,,,,,,,,,,,,,,,,,,,,,,,,,,,,,,,,,,,,,,,,,,,,,,,,,,,,,
22451,280,-548,11,-54,1197,-2471,-7492,1556,-5,-45,2,3,-1,0,14933,808,517,284,14933,1532,1509,1753,1729,0,0,0,0,0,0,0,8,-7,-9,13,129,,,,,,,,,,,,,,,,,,,,,,,,,,,,,,,,,,,,,,,,,,,,,,,,,,,,,,,,,,,,,,,,,,,,,,,,,,,,,,,,,,,,,,,,,,,,,,,,,,,,,,,,,,,,,,,,,,,,,,,,,,,,,,,
22503,164,-659,122,67,1168,-946,-3341,2655,13,17,2,4,15,0,13458,854,509,148,13458,1484,1464,1715,1684,0,0,0,0,0,0,0,7,-6,-10,9,127,,,,,,,,,,,,,,,,,,,,,,,,,,,,,,,,,,,,,,,,,,,,,,,,,,,,,,,,,,,,,,,,,,,,,,,,,,,,,,,,,,,,,,,,,,,,,,,,,,,,,,,,,,,,,,,,,,,,,,,,,,,,,,,
22551,-2,-776,-160,45,779,1251,-6210,3326,25,94,0,4,35,0,13500,864,488,152,13500,1503,1463,1671,1684,0,0,0,0,0,0,0,4,-3,7,-9,125,,,,,,,,,,,,,,,,,,,,,,,,,,,,,,,,,,,,,,,,,,,,,,,,,,,,,,,,,,,,,,,,,,,,,,,,,,,,,,,,,,,,,,,,,,,,,,,,,,,,,,,,,,,,,,,,,,,,,,,,,,,,,,,
22603,137,-1101,-10,90,700,-701,-9994,4608,25,70,0,5,34,0,13500,897,450,152,13500,1509,1477,1657,1683,0,0,0,0,0,0,0,4,-7,-3,13,127,,,,,,,,,,,,,,,,,,,,,,,,,,,,,,,,,,,,,,,,,,,,,,,,,,,,,,,,,,,,,,,,,,,,,,,,,,,,,,,,,,,,,,,,,,,,,,,,,,,,,,,,,,,,,,,,,,,,,,,,,,,,,,,
22651,576,-1467,-31,53,852,-1495,-6698,3936,-10,-89,0,5,7,0,13458,917,397,148,13458,1501,1472,1652,1697,0,0,0,0,0,0,0,3,-12,-9,43,130,,,,,,,,,,,,,,,,,,,,,,,,,,,,,,,,,,,,,,,,,,,,,,,,,,,,,,,,,,,,,,,,,,,,,,,,,,,,,,,,,,,,,,,,,,,,,,,,,,,,,,,,,,,,,,,,,,,,,,,,,,,,,,,
22703,537,-1562,-166,-40,920,762,3677,2960,26,-145,2,13,-1,0,13458,933,339,148,13458,1479,1498,1680,1664,0,0,0,0,0,0,0,3,-8,-11,19,131,,,,,,,,,,,,,,,,,,,,,,,,,,,,,,,,,,,,,,,,,,,,,,,,,,,,,,,,,,,,,,,,,,,,,,,,,,,,,,,,,,,,,,,,,,,,,,,,,,,,,,,,,,,,,,,,,,,,,,,,,,,,,,,
22751,108,-733,-27,26,833,-1007,7339,3265,58,-79,0,13,0,0,13500,961,288,152,13500,1513,1451,1692,1663,0,0,0,0,0,0,0,-1,-3,24,-11,129,,,,,,,,,,,,,,,,,,,,,,,,,,,,,,,,,,,,,,,,,,,,,,,,,,,,,,,,,,,,,,,,,,,,,,,,,,,,,,,,,,,,,,,,,,,,,,,,,,,,,,,,,,,,,,,,,,,,,,,,,,,,,,,
22803,266,-295,122,120,718,4425,-6027,3814,53,-14,0,13,0,0,13458,974,278,148,13458,1502,1472,1680,1666,0,0,0,0,0,0,0,0,-7,17,14,128,,,,,,,,,,,,,,,,,,,,,,,,,,,,,,,,,,,,,,,,,,,,,,,,,,,,,,,,,,,,,,,,,,,,,,,,,,,,,,,,,,,,,,,,,,,,,,,,,,,,,,,,,,,,,,,,,,,,,,,,,,,,,,,
22851,767,-647,25,135,1021,1068,-4989,3570,10,-65,0,14,0,0,13500,1008,234,152,13500,1503,1469,1647,1699,0,0,0,0,0,0,0,4,-11,-15,37,131,,,,,,,,,,,,,,,,,,,,,,,,,,,,,,,,,,,,,,,,,,,,,,,,,,,,,,,,,,,,,,,,,,,,,,,,,,,,,,,,,,,,,,,,,,,,,,,,,,,,,,,,,,,,,,,,,,,,,,,,,,,,,,,
22903,463,-951,-35,-161,818,-396,-1327,4119,24,-87,0,13,0,0,13458,1015,198,148,13458,1484,1477,1674,1678,0,0,0,0,0,0,0,5,-3,-26,-4,131,,,,,,,,,,,,,,,,,,,,,,,,,,,,,,,,,,,,,,,,,,,,,,,,,,,,,,,,,,,,,,,,,,,,,,,,,,,,,,,,,,,,,,,,,,,,,,,,,,,,,,,,,,,,,,,,,,,,,,,,,,,,,,,
22951,438,-578,-94,-71,972,2960,2151,2777,31,-69,0,13,0,0,13458,1008,115,148,13458,1505,1473,1664,1678,0,0,0,0,0,0,0,-1,-4,16,-1,129,,,,,,,,,,,,,,,,,,,,,,,,,,,,,,,,,,,,,,,,,,,,,,,,,,,,,,,,,,,,,,,,,,,,,,,,,,,,,,,,,,,,,,,,,,,,,,,,,,,,,,,,,,,,,,,,,,,,,,,,,,,,,,,
23003,590,-5,-48,-31,1103,5950,-3402,3875,14,-7,0,13,0,0,13500,1010,56,152,13500,1512,1466,1677,1669,0,0,0,0,0,0,0,-7,-3,49,-2,127,,,,,,,,,,,,,,,,,,,,,,,,,,,,,,,,,,,,,,,,,,,,,,,,,,,,,,,,,,,,,,,,,,,,,,,,,,,,,,,,,,,,,,,,,,,,,,,,,,,,,,,,,,,,,,,,,,,,,,,,,,,,,,,
23051,774,-567,216,44,558,2777,-5233,4364,8,-20,0,13,0,0,13458,993,-12,148,13458,1513,1468,1653,1687,0,0,0,0,0,0,0,7,-4,-38,10,127,,,,,,,,,,,,,,,,,,,,,,,,,,,,,,,,,,,,,,,,,,,,,,,,,,,,,,,,,,,,,,,,,,,,,,,,,,,,,,,,,,,,,,,,,,,,,,,,,,,,,,,,,,,,,,,,,,,,,,,,,,,,,,,
23102,863,-441,22,4,748,2838,-1388,3143,-13,-49,0,13,0,0,13500,991,-93,152,13500,1509,1470,1660,1685,0,0,0,0,0,0,0,1,-3,-5,6,125,,,,,,,,,,,,,,,,,,,,,,,,,,,,,,,,,,,,,,,,,,,,,,,,,,,,,,,,,,,,,,,,,,,,,,,,,,,,,,,,,,,,,,,,,,,,,,,,,,,,,,,,,,,,,,,,,,,,,,,,,,,,,,,
23151,718,-508,68,-147,859,2960,-2059,3265,3,-40,2,13,0,0,13458,989,-165,148,13458,1512,1476,1658,1677,0,0,0,0,0,0,0,3,0,-17,-10,129,,,,,,,,,,,,,,,,,,,,,,,,,,,,,,,,,,,,,,,,,,,,,,,,,,,,,,,,,,,,,,,,,,,,,,,,,,,,,,,,,,,,,,,,,,,,,,,,,,,,,,,,,,,,,,,,,,,,,,,,,,,,,,,
23203,1155,-675,66,7,846,2777,-228,3326,-27,-49,0,13,0,0,14756,995,-170,267,14756,1545,1497,1694,1706,0,0,0,0,0,0,0,4,-6,-27,29,128,,,,,,,,,,,,,,,,,,,,,,,,,,,,,,,,,,,,,,,,,,,,,,,,,,,,,,,,,,,,,,,,,,,,,,,,,,,,,,,,,,,,,,,,,,,,,,,,,,,,,,,,,,,,,,,,,,,,,,,,,,,,,,,
23251,1422,-716,79,-40,930,2532,137,2349,-55,-66,2,13,0,0,14978,972,-236,287,14978,1554,1500,1693,1720,0,0,0,0,0,0,0,3,-6,-18,32,129,,,,,,,,,,,,,,,,,,,,,,,,,,,,,,,,,,,,,,,,,,,,,,,,,,,,,,,,,,,,,,,,,,,,,,,,,,,,,,,,,,,,,,,,,,,,,,,,,,,,,,,,,,,,,,,,,,,,,,,,,,,,,,,
23303,1296,-334,84,1,965,-2899,1541,1495,-61,-39,2,13,0,0,15022,986,-155,291,15022,1556,1485,1708,1714,0,0,0,0,0,0,0,0,-2,7,10,127,,,,,,,,,,,,,,,,,,,,,,,,,,,,,,,,,,,,,,,,,,,,,,,,,,,,,,,,,,,,,,,,,,,,,,,,,,,,,,,,,,,,,,,,,,,,,,,,,,,,,,,,,,,,,,,,,,,,,,,,,,,,,,,
23351,1027,-440,-44,3,1160,1556,15,2105,-17,-30,0,13,0,0,15022,985,-89,291,15022,1548,1496,1706,1714,0,0,0,0,0,0,0,3,-1,-18,1,126,,,,,,,,,,,,,,,,,,,,,,,,,,,,,,,,,,,,,,,,,,,,,,,,,,,,,,,,,,,,,,,,,,,,,,,,,,,,,,,,,,,,,,,,,,,,,,,,,,,,,,,,,,,,,,,,,,,,,,,,,,,,,,,
23403,1004,-260,-52,11,965,2777,2151,1739,-20,-11,0,13,0,0,15067,985,-89,296,15067,1548,1496,1724,1700,0,0,0,0,0,0,0,1,0,-2,2,126,,,,,,,,,,,,,,,,,,,,,,,,,,,,,,,,,,,,,,,,,,,,,,,,,,,,,,,,,,,,,,,,,,,,,,,,,,,,,,,,,,,,,,,,,,,,,,,,,,,,,,,,,,,,,,,,,,,,,,,,,,,,,,,
23451,1004,23,156,59,1003,1068,2761,1556,-7,30,2,13,0,0,15067,958,-139,296,15067,1538,1510,1718,1707,0,0,0,0,0,0,0,3,-2,-10,15,127,,,,,,,,,,,,,,,,,,,,,,,,,,,,,,,,,,,,,,,,,,,,,,,,,,,,,,,,,,,,,,,,,,,,,,,,,,,,,,,,,,,,,,,,,,,,,,,,,,,,,,,,,,,,,,,,,,,,,,,,,,,,,,,
23503,751,177,74,23,825,-30,991,1434,-3,1,0,13,0,0,15112,976,-55,300,15112,1544,1507,1695,1727,0,0,0,0,0,0,0,1,0,3,-2,118,,,,,,,,,,,,,,,,,,,,,,,,,,,,,,,,,,,,,,,,,,,,,,,,,,,,,,,,,,,,,,,,,,,,,,,,,,,,,,,,,,,,,,,,,,,,,,,,,,,,,,,,,,,,,,,,,,,,,,,,,,,,,,,
23551,833,185,110,110,880,1190,-1388,1373,14,27,2,13,0,0,15112,970,-53,300,15112,1533,1498,1714,1723,0,0,0,0,0,0,0,2,-2,-5,17,126,,,,,,,,,,,,,,,,,,,,,,,,,,,,,,,,,,,,,,,,,,,,,,,,,,,,,,,,,,,,,,,,,,,,,,,,,,,,,,,,,,,,,,,,,,,,,,,,,,,,,,,,,,,,,,,,,,,,,,,,,,,,,,,
23603,756,394,148,34,1071,3021,-2365,701,7,41,-2,13,0,0,15112,949,-70,300,15112,1544,1498,1712,1714,0,0,0,0,0,0,0,0,0,13,0,123,,,,,,,,,,,,,,,,,,,,,,,,,,,,,,,,,,,,,,,,,,,,,,,,,,,,,,,,,,,,,,,,,,,,,,,,,,,,,,,,,,,,,,,,,,,,,,,,,,,,,,,,,,,,,,,,,,,,,,,,,,,,,,,
23651,780,563,-143,-28,1009,2288,-1876,213,0,41,4,13,0,0,15112,960,-36,300,15112,1549,1500,1709,1714,0,0,0,0,0,0,0,-2,0,24,8,125,,,,,,,,,,,,,,,,,,,,,,,,,,,,,,,,,,,,,,,,,,,,,,,,,,,,,,,,,,,,,,,,,,,,,,,,,,,,,,,,,,,,,,,,,,,,,,,,,,,,,,,,,,,,,,,,,,,,,,,,,,,,,,,
23703,991,274,-83,-116,891,2410,2029,-1800,-18,6,0,13,0,0,15157,973,-11,304,15157,1549,1493,1717,1716,0,0,0,0,0,0,0,2,-2,-3,20,127,,,,,,,,,,,,,,,,,,,,,,,,,,,,,,,,,,,,,,,,,,,,,,,,,,,,,,,,,,,,,,,,,,,,,,,,,,,,,,,,,,,,,,,,,,,,,,,,,,,,,,,,,,,,,,,,,,,,,,,,,,,,,,,
23751,592,534,-142,-139,1122,2349,-350,518,11,34,0,13,0,0,15022,956,-6,291,15022,1543,1510,1703,1711,0,0,0,0,0,0,0,-3,4,29,-16,127,,,,,,,,,,,,,,,,,,,,,,,,,,,,,,,,,,,,,,,,,,,,,,,,,,,,,,,,,,,,,,,,,,,,,,,,,,,,,,,,,,,,,,,,,,,,,,,,,,,,,,,,,,,,,,,,,,,,,,,,,,,,,,,
23803,557,149,39,-40,872,3082,-1937,457,10,8,-2,13,0,0,15157,952,-9,304,15157,1547,1491,1714,1714,0,0,0,0,0,0,0,2,2,-8,-5,122,,,,,,,,,,,,,,,,,,,,,,,,,,,,,,,,,,,,,,,,,,,,,,,,,,,,,,,,,,,,,,,,,,,,,,,,,,,,,,,,,,,,,,,,,,,,,,,,,,,,,,,,,,,,,,,,,,,,,,,,,,,,,,,
23851,705,268,-119,16,1048,4119,-3036,2105,6,-5,0,13,0,0,15112,965,-1,300,15112,1552,1491,1708,1716,0,0,0,0,0,0,0,-3,1,22,4,124,,,,,,,,,,,,,,,,,,,,,,,,,,,,,,,,,,,,,,,,,,,,,,,,,,,,,,,,,,,,,,,,,,,,,,,,,,,,,,,,,,,,,,,,,,,,,,,,,,,,,,,,,,,,,,,,,,,,,,,,,,,,,,,
23903,701,-100,-150,109,1126,3326,381,518,12,-7,-2,13,0,0,15067,951,-32,296,15067,1539,1485,1713,1725,0,0,0,0,0,0,0,3,2,-15,1,126,,,,,,,,,,,,,,,,,,,,,,,,,,,,,,,,,,,,,,,,,,,,,,,,,,,,,,,,,,,,,,,,,,,,,,,,,,,,,,,,,,,,,,,,,,,,,,,,,,,,,,,,,,,,,,,,,,,,,,,,,,,,,,,
23951,560,-389,-31,-109,976,3326,-350,885,7,-45,0,13,0,0,15067,952,-37,296,15067,1539,1496,1718,1712,0,0,0,0,0,0,0,5,4,-25,-9,126,,,,,,,,,,,,,,,,,,,,,,,,,,,,,,,,,,,,,,,,,,,,,,,,,,,,,,,,,,,,,,,,,,,,,,,,,,,,,,,,,,,,,,,,,,,,,,,,,,,,,,,,,,,,,,,,,,,,,,,,,,,,,,,
24003,456,54,-26,-47,1165,1373,-900,1190,35,4,-2,14,0,0,15067,964,-36,296,15067,1550,1505,1709,1710,0,0,0,0,0,0,0,-2,4,19,-9,125,,,,,,,,,,,,,,,,,,,,,,,,,,,,,,,,,,,,,,,,,,,,,,,,,,,,,,,,,,,,,,,,,,,,,,,,,,,,,,,,,,,,,,,,,,,,,,,,,,,,,,,,,,,,,,,,,,,,,,,,,,,,,,,
24051,695,-89,97,153,870,-823,625,-91,21,-8,-2,14,0,0,15067,944,-42,296,15067,1551,1488,1703,1727,0,0,0,0,0,0,0,1,0,-6,23,122,,,,,,,,,,,,,,,,,,,,,,,,,,,,,,,,,,,,,,,,,,,,,,,,,,,,,,,,,,,,,,,,,,,,,,,,,,,,,,,,,,,,,,,,,,,,,,,,,,,,,,,,,,,,,,,,,,,,,,,,,,,,,,,
24103,717,31,35,88,1072,91,-2243,457,16,21,0,13,0,0,15067,948,-87,296,15067,1551,1515,1701,1707,0,0,0,0,0,0,0,0,0,2,14,119,,,,,,,,,,,,,,,,,,,,,,,,,,,,,,,,,,,,,,,,,,,,,,,,,,,,,,,,,,,,,,,,,,,,,,,,,,,,,,,,,,,,,,,,,,,,,,,,,,,,,,,,,,,,,,,,,,,,,,,,,,,,,,,
24151,605,-152,84,49,970,640,320,30,11,13,2,13,0,0,15112,934,-80,300,15112,1547,1504,1724,1698,0,0,0,0,0,0,0,4,2,-22,4,119,,,,,,,,,,,,,,,,,,,,,,,,,,,,,,,,,,,,,,,,,,,,,,,,,,,,,,,,,,,,,,,,,,,,,,,,,,,,,,,,,,,,,,,,,,,,,,,,,,,,,,,,,,,,,,,,,,,,,,,,,,,,,,,
24203,709,-456,102,6,962,-701,2517,946,16,-43,0,14,0,0,15067,920,-114,296,15067,1542,1505,1705,1717,0,0,0,0,0,0,0,7,0,-34,17,125,,,,,,,,,,,,,,,,,,,,,,,,,,,,,,,,,,,,,,,,,,,,,,,,,,,,,,,,,,,,,,,,,,,,,,,,,,,,,,,,,,,,,,,,,,,,,,,,,,,,,,,,,,,,,,,,,,,,,,,,,,,,,,,
24251,592,-398,77,11,1090,-2044,3738,-640,20,-33,0,13,0,0,15112,946,-87,300,15112,1555,1505,1700,1718,0,0,0,0,0,0,0,4,1,-18,8,126,,,,,,,,,,,,,,,,,,,,,,,,,,,,,,,,,,,,,,,,,,,,,,,,,,,,,,,,,,,,,,,,,,,,,,,,,,,,,,,,,,,,,,,,,,,,,,,,,,,,,,,,,,,,,,,,,,,,,,,,,,,,,,,
24303,779,-407,150,108,873,-396,2273,457,5,-30,2,13,0,0,15112,936,-93,300,15112,1544,1517,1703,1712,0,0,0,0,0,0,0,6,-2,-25,32,126,,,,,,,,,,,,,,,,,,,,,,,,,,,,,,,,,,,,,,,,,,,,,,,,,,,,,,,,,,,,,,,,,,,,,,,,,,,,,,,,,,,,,,,,,,,,,,,,,,,,,,,,,,,,,,,,,,,,,,,,,,,,,,,
24351,712,-111,-74,21,1399,-1373,1968,30,4,-22,0,13,0,0,15067,933,-63,296,15067,1547,1507,1707,1710,0,0,0,0,0,0,0,2,1,0,11,123,,,,,,,,,,,,,,,,,,,,,,,,,,,,,,,,,,,,,,,,,,,,,,,,,,,,,,,,,,,,,,,,,,,,,,,,,,,,,,,,,,,,,,,,,,,,,,,,,,,,,,,,,,,,,,,,,,,,,,,,,,,,,,,
24403,595,-149,-24,47,1054,-2349,7278,-946,13,-25,2,13,0,0,15112,935,-53,300,15112,1538,1508,1713,1713,0,0,0,0,0,0,0,5,0,-14,13,128,,,,,,,,,,,,,,,,,,,,,,,,,,,,,,,,,,,,,,,,,,,,,,,,,,,,,,,,,,,,,,,,,,,,,,,,,,,,,,,,,,,,,,,,,,,,,,,,,,,,,,,,,,,,,,,,,,,,,,,,,,,,,,,
24451,395,-83,-68,-67,1158,-1312,3128,-1373,31,-25,0,13,0,0,15112,914,-58,300,15112,1555,1515,1702,1706,0,0,0,0,0,0,0,3,2,0,0,126,,,,,,,,,,,,,,,,,,,,,,,,,,,,,,,,,,,,,,,,,,,,,,,,,,,,,,,,,,,,,,,,,,,,,,,,,,,,,,,,,,,,,,,,,,,,,,,,,,,,,,,,,,,,,,,,,,,,,,,,,,,,,,,
24503,405,-93,5,0,945,-1678,1968,-91,21,-22,2,13,0,0,15112,925,-54,300,15112,1542,1524,1706,1705,0,0,0,0,0,0,0,3,1,0,3,119,,,,,,,,,,,,,,,,,,,,,,,,,,,,,,,,,,,,,,,,,,,,,,,,,,,,,,,,,,,,,,,,,,,,,,,,,,,,,,,,,,,,,,,,,,,,,,,,,,,,,,,,,,,,,,,,,,,,,,,,,,,,,,,
24551,478,14,-14,75,1097,-1434,1419,518,32,-16,2,13,0,0,15202,908,-87,307,15202,1546,1519,1693,1725,0,0,0,0,0,0,0,1,0,9,15,123,,,,,,,,,,,,,,,,,,,,,,,,,,,,,,,,,,,,,,,,,,,,,,,,,,,,,,,,,,,,,,,,,,,,,,,,,,,,,,,,,,,,,,,,,,,,,,,,,,,,,,,,,,,,,,,,,,,,,,,,,,,,,,,
24603,400,-117,-64,94,1160,1556,625,-457,30,-9,2,13,0,0,15112,894,-79,300,15112,1549,1502,1699,1723,0,0,0,0,0,0,0,3,1,-2,3,123,,,,,,,,,,,,,,,,,,,,,,,,,,,,,,,,,,,,,,,,,,,,,,,,,,,,,,,,,,,,,,,,,,,,,,,,,,,,,,,,,,,,,,,,,,,,,,,,,,,,,,,,,,,,,,,,,,,,,,,,,,,,,,,
24651,521,-634,-32,-144,1290,2349,625,-1251,4,-65,2,13,0,0,15112,898,-100,300,15112,1552,1498,1713,1709,0,0,0,0,0,0,0,7,3,-26,-5,129,,,,,,,,,,,,,,,,,,,,,,,,,,,,,,,,,,,,,,,,,,,,,,,,,,,,,,,,,,,,,,,,,,,,,,,,,,,,,,,,,,,,,,,,,,,,,,,,,,,,,,,,,,,,,,,,,,,,,,,,,,,,,,,
24703,422,-201,-92,-114,1176,640,3372,152,30,8,0,13,6,0,15112,903,-68,300,15112,1532,1501,1737,1699,0,0,0,0,0,0,0,1,4,13,-8,124,,,,,,,,,,,,,,,,,,,,,,,,,,,,,,,,,,,,,,,,,,,,,,,,,,,,,,,,,,,,,,,,,,,,,,,,,,,,,,,,,,,,,,,,,,,,,,,,,,,,,,,,,,,,,,,,,,,,,,,,,,,,,,,
24751,359,67,-42,-142,1095,3509,-534,885,20,383,2,10,77,0,15067,882,-101,296,15067,1544,1501,1744,1688,0,0,0,0,0,0,0,0,5,22,-16,128,,,,,,,,,,,,,,,,,,,,,,,,,,,,,,,,,,,,,,,,,,,,,,,,,,,,,,,,,,,,,,,,,,,,,,,,,,,,,,,,,,,,,,,,,,,,,,,,,,,,,,,,,,,,,,,,,,,,,,,,,,,,,,,
24803,490,-294,-132,-40,1102,2532,-24826,-30,124,448,0,34,92,0,15067,876,-85,296,15067,1536,1507,1700,1728,0,0,0,0,0,0,0,-2,4,20,-6,132,,,,,,,,,,,,,,,,,,,,,,,,,,,,,,,,,,,,,,,,,,,,,,,,,,,,,,,,,,,,,,,,,,,,,,,,,,,,,,,,,,,,,,,,,,,,,,,,,,,,,,,,,,,,,,,,,,,,,,,,,,,,,,,
24851,779,-1295,-126,-122,1028,9124,-29464,-396,142,475,0,42,117,0,14978,881,-91,287,14978,1550,1481,1714,1712,0,0,0,0,0,0,0,-5,5,18,-3,136,,,,,,,,,,,,,,,,,,,,,,,,,,,,,,,,,,,,,,,,,,,,,,,,,,,,,,,,,,,,,,,,,,,,,,,,,,,,,,,,,,,,,,,,,,,,,,,,,,,,,,,,,,,,,,,,,,,,,,,,,,,,,,,
24903,1271,-2126,-173,-1,1110,8270,-28366,-152,117,409,0,41,115,0,15112,861,-66,300,15112,1536,1492,1716,1724,0,0,0,0,0,0,0,-8,1,6,24,134,,,,,,,,,,,,,,,,,,,,,,,,,,,,,,,,,,,,,,,,,,,,,,,,,,,,,,,,,,,,,,,,,,,,,,,,,,,,,,,,,,,,,,,,,,,,,,,,,,,,,,,,,,,,,,,,,,,,,,,,,,,,,,,
24951,1536,-2488,-109,46,1123,4302,-24337,-579,76,214,0,41,81,0,15112,880,-62,300,15112,1523,1486,1716,1737,0,0,0,0,0,0,0,-13,3,15,23,134,,,,,,,,,,,,,,,,,,,,,,,,,,,,,,,,,,,,,,,,,,,,,,,,,,,,,,,,,,,,,,,,,,,,,,,,,,,,,,,,,,,,,,,,,,,,,,,,,,,,,,,,,,,,,,,,,,,,,,,,,,,,,,,
25003,1321,-3164,-38,-202,941,2471,-13656,823,80,-43,0,40,44,0,15112,865,-61,300,15112,1519,1488,1711,1743,0,0,0,0,0,0,0,-9,9,-24,-8,133,,,,,,,,,,,,,,,,,,,,,,,,,,,,,,,,,,,,,,,,,,,,,,,,,,,,,,,,,,,,,,,,,,,,,,,,,,,,,,,,,,,,,,,,,,,,,,,,,,,,,,,,,,,,,,,,,,,,,,,,,,,,,,,
25051,1344,-3510,-131,-61,958,5706,2090,-1495,24,-277,2,27,5,0,15157,875,-46,304,15157,1518,1483,1724,1735,0,0,0,0,0,0,0,-6,8,-47,-2,133,,,,,,,,,,,,,,,,,,,,,,,,,,,,,,,,,,,,,,,,,,,,,,,,,,,,,,,,,,,,,,,,,,,,,,,,,,,,,,,,,,,,,,,,,,,,,,,,,,,,,,,,,,,,,,,,,,,,,,,,,,,,,,,
25103,1260,-2055,183,66,940,1617,16067,-1251,-19,-183,0,18,3,0,15157,879,4,304,15157,1550,1494,1729,1702,0,0,0,0,0,0,0,-14,7,9,4,129,,,,,,,,,,,,,,,,,,,,,,,,,,,,,,,,,,,,,,,,,,,,,,,,,,,,,,,,,,,,,,,,,,,,,,,,,,,,,,,,,,,,,,,,,,,,,,,,,,,,,,,,,,,,,,,,,,,,,,,,,,,,,,,
25151,1324,-947,139,7,987,-3753,4898,-213,-69,-70,2,11,3,0,15112,893,44,300,15112,1536,1492,1712,1727,0,0,0,0,0,0,0,-13,4,14,24,128,,,,,,,,,,,,,,,,,,,,,,,,,,,,,,,,,,,,,,,,,,,,,,,,,,,,,,,,,,,,,,,,,,,,,,,,,,,,,,,,,,,,,,,,,,,,,,,,,,,,,,,,,,,,,,,,,,,,,,,,,,,,,,,
25203,1142,-903,156,164,992,-4547,-839,-640,-41,-60,2,9,0,0,15112,871,-9,300,15112,1531,1480,1711,1737,0,0,0,0,0,0,0,-6,2,-23,29,129,,,,,,,,,,,,,,,,,,,,,,,,,,,,,,,,,,,,,,,,,,,,,,,,,,,,,,,,,,,,,,,,,,,,,,,,,,,,,,,,,,,,,,,,,,,,,,,,,,,,,,,,,,,,,,,,,,,,,,,,,,,,,,,
25251,745,-529,104,36,841,-5340,747,-762,-33,-38,2,8,0,0,15157,857,0,304,15157,1539,1491,1729,1711,0,0,0,0,0,0,0,-8,6,-5,6,123,,,,,,,,,,,,,,,,,,,,,,,,,,,,,,,,,,,,,,,,,,,,,,,,,,,,,,,,,,,,,,,,,,,,,,,,,,,,,,,,,,,,,,,,,,,,,,,,,,,,,,,,,,,,,,,,,,,,,,,,,,,,,,,
25303,454,1,222,68,990,-5218,6851,-823,-6,11,2,8,1,0,15157,867,-6,304,15157,1526,1507,1726,1713,0,0,0,0,0,0,0,-10,5,9,2,120,,,,,,,,,,,,,,,,,,,,,,,,,,,,,,,,,,,,,,,,,,,,,,,,,,,,,,,,,,,,,,,,,,,,,,,,,,,,,,,,,,,,,,,,,,,,,,,,,,,,,,,,,,,,,,,,,,,,,,,,,,,,,,,
25351,396,136,165,79,979,-3875,991,762,-7,27,0,5,0,0,15157,855,-36,304,15157,1538,1505,1707,1721,0,0,0,0,0,0,0,-7,2,-8,18,122,,,,,,,,,,,,,,,,,,,,,,,,,,,,,,,,,,,,,,,,,,,,,,,,,,,,,,,,,,,,,,,,,,,,,,,,,,,,,,,,,,,,,,,,,,,,,,,,,,,,,,,,,,,,,,,,,,,,,,,,,,,,,,,
25403,275,-253,11,32,752,-4791,3250,885,1,-24,0,5,0,0,15112,857,-36,300,15112,1524,1512,1721,1713,0,0,0,0,0,0,0,-3,2,-26,12,124,,,,,,,,,,,,,,,,,,,,,,,,,,,,,,,,,,,,,,,,,,,,,,,,,,,,,,,,,,,,,,,,,,,,,,,,,,,,,,,,,,,,,,,,,,,,,,,,,,,,,,,,,,,,,,,,,,,,,,,,,,,,,,,
25451,-167,-32,11,-36,771,-6072,9475,-335,33,-18,2,4,0,0,15112,862,-13,300,15112,1542,1514,1708,1711,0,0,0,0,0,0,0,-5,6,-7,-14,127,,,,,,,,,,,,,,,,,,,,,,,,,,,,,,,,,,,,,,,,,,,,,,,,,,,,,,,,,,,,,,,,,,,,,,,,,,,,,,,,,,,,,,,,,,,,,,,,,,,,,,,,,,,,,,,,,,,,,,,,,,,,,,,
25502,-310,636,159,79,997,-3875,7034,701,39,54,-2,3,0,0,15067,836,-66,296,15067,1541,1517,1721,1693,0,0,0,0,0,0,0,-9,5,20,-11,126,,,,,,,,,,,,,,,,,,,,,,,,,,,,,,,,,,,,,,,,,,,,,,,,,,,,,,,,,,,,,,,,,,,,,,,,,,,,,,,,,,,,,,,,,,,,,,,,,,,,,,,,,,,,,,,,,,,,,,,,,,,,,,,
25551,63,792,118,25,870,-457,320,2044,8,63,0,3,0,0,15157,847,-41,304,15157,1543,1522,1706,1706,0,0,0,0,0,0,0,-6,0,5,20,119,,,,,,,,,,,,,,,,,,,,,,,,,,,,,,,,,,,,,,,,,,,,,,,,,,,,,,,,,,,,,,,,,,,,,,,,,,,,,,,,,,,,,,,,,,,,,,,,,,,,,,,,,,,,,,,,,,,,,,,,,,,,,,,
25603,228,201,135,121,938,-3875,-3280,1373,-5,38,0,2,0,0,15112,863,-31,300,15112,1534,1510,1705,1727,0,0,0,0,0,0,0,2,-1,-45,26,127,,,,,,,,,,,,,,,,,,,,,,,,,,,,,,,,,,,,,,,,,,,,,,,,,,,,,,,,,,,,,,,,,,,,,,,,,,,,,,,,,,,,,,,,,,,,,,,,,,,,,,,,,,,,,,,,,,,,,,,,,,,,,,,
25651,271,84,209,119,882,-4119,-1632,1800,-3,12,0,3,0,0,15112,856,-66,300,15112,1539,1506,1717,1711,0,0,0,0,0,0,0,0,-2,-29,28,126,,,,,,,,,,,,,,,,,,,,,,,,,,,,,,,,,,,,,,,,,,,,,,,,,,,,,,,,,,,,,,,,,,,,,,,,,,,,,,,,,,,,,,,,,,,,,,,,,,,,,,,,,,,,,,,,,,,,,,,,,,,,,,,
25703,117,-22,-138,-81,1161,-1983,2883,885,-4,-18,2,3,0,0,15112,862,-55,300,15112,1538,1514,1706,1715,0,0,0,0,0,0,0,-3,2,-11,0,127,,,,,,,,,,,,,,,,,,,,,,,,,,,,,,,,,,,,,,,,,,,,,,,,,,,,,,,,,,,,,,,,,,,,,,,,,,,,,,,,,,,,,,,,,,,,,,,,,,,,,,,,,,,,,,,,,,,,,,,,,,,,,,,
25751,-102,470,16,45,1192,-457,5447,30,15,33,0,3,0,0,15112,819,-105,300,15112,1533,1517,1721,1702,0,0,0,0,0,0,0,-8,3,23,-8,123,,,,,,,,,,,,,,,,,,,,,,,,,,,,,,,,,,,,,,,,,,,,,,,,,,,,,,,,,,,,,,,,,,,,,,,,,,,,,,,,,,,,,,,,,,,,,,,,,,,,,,,,,,,,,,,,,,,,,,,,,,,,,,,
25803,289,530,-89,101,1085,1495,1541,1312,10,47,0,2,0,0,15112,831,-122,300,15112,1542,1516,1711,1706,0,0,0,0,0,0,0,-6,-4,13,39,127,,,,,,,,,,,,,,,,,,,,,,,,,,,,,,,,,,,,,,,,,,,,,,,,,,,,,,,,,,,,,,,,,,,,,,,,,,,,,,,,,,,,,,,,,,,,,,,,,,,,,,,,,,,,,,,,,,,,,,,,,,,,,,,
25851,194,587,1,72,989,-946,2151,762,7,42,2,2,0,0,15112,824,-117,300,15112,1534,1522,1707,1712,0,0,25903,228,106,43,-89,860,91,-3097,1434,-6,31,2,2,0,0,15112,808,-138,300,15112,1537,127503,563,-534,74,-21,1107,-1068,4226,-213,-43,-65,2,2,0,0,15067,747,-16,296,15067,1528,1468,1732,1723,0,0,0,0,0,0,0,0,-4,9,6,126,,,,,,,,,,,,,,,,,,,,,,,,,,,,,,,,,,,,,,,,,,,,,,,,,,,,,,,,,,,,,,,,,,,,,,,,,,,,,,,,
27551,562,-317,-23,105,910,2227,-1693,-274,-29,-26,2,2,0,0,15022,745,-53,291,15022,1524,1494,1719,1721,0,0,0,0,0,0,0,2,-5,0,16,127,,,,,,,,,,,,,,,,,,,,,,,,,,,,,,,,,,,,,,,,,,,,,,,,,,,,,,,,,,,,,,,,,,,,,,,,,,,,,,,,,,,,,,,,,,,,,,,,,,,,,,,,,,,,,,,,,,,,,,,,,,,,,,,
27603,624,176,112,122,768,213,-1205,-946,-42,15,-2,2,0,0,15022,763,-36,291,15022,1543,1486,1724,1707,0,0,0,0,0,0,0,0,-7,19,26,126,,,,,,,,,,,,,,,,,,,,,,,,,,,,,,,,,,,,,,,,,,,,,,,,,,,,,,,,,,,,,,,,,,,,,,,,,,,,,,,,,,,,,,,,,,,,,,,,,,,,,,,,,,,,,,,,,,,,,,,,,,,,,,,
27651,650,-186,-104,89,1363,-1739,-1754,274,-52,-19,0,2,0,0,15067,780,-16,296,15067,1534,1481,1711,1730,0,0,0,0,0,0,0,3,-5,-9,14,129,,,,,,,,,,,,,,,,,,,,,,,,,,,,,,,,,,,,,,,,,,,,,,,,,,,,,,,,,,,,,,,,,,,,,,,,,,,,,,,,,,,,,,,,,,,,,,,,,,,,,,,,,,,,,,,,,,,,,,,,,,,,,,,
27703,365,-36,44,71,1153,-946,-1693,-2105,-17,-19,0,2,0,0,15067,765,56,296,15067,1524,1505,1728,1707,0,0,0,0,0,0,0,0,-3,15,1,125,,,,,,,,,,,,,,,,,,,,,,,,,,,,,,,,,,,,,,,,,,,,,,,,,,,,,,,,,,,,,,,,,,,,,,,,,,,,,,,,,,,,,,,,,,,,,,,,,,,,,,,,,,,,,,,,,,,,,,,,,,,,,,,
27751,264,-105,-206,-135,1199,-213,991,-1434,-16,-28,0,2,0,0,14978,766,22,287,14978,1541,1502,1714,1704,0,0,0,0,0,0,0,0,-2,9,-5,128,,,,,,,,,,,,,,,,,,,,,,,,,,,,,,,,,,,,,,,,,,,,,,,,,,,,,,,,,,,,,,,,,,,,,,,,,,,,,,,,,,,,,,,,,,,,,,,,,,,,,,,,,,,,,,,,,,,,,,,,,,,,,,,
27803,124,-88,-80,-38,1097,946,3311,-1190,0,-17,0,3,0,0,15067,761,-45,296,15067,1519,1502,1724,1718,0,0,0,0,0,0,0,1,0,3,-12,124,,,,,,,,,,,,,,,,,,,,,,,,,,,,,,,,,,,,,,,,,,,,,,,,,,,,,,,,,,,,,,,,,,,,,,,,,,,,,,,,,,,,,,,,,,,,,,,,,,,,,,,,,,,,,,,,,,,,,,,,,,,,,,,
27851,179,-140,-74,-128,1209,1495,1358,-518,-7,-20,4,2,0,0,15067,751,-28,296,15067,1531,1491,1730,1711,0,0,0,0,0,0,0,1,-2,2,-2,127,,,,,,,,,,,,,,,,,,,,,,,,,,,,,,,,,,,,,,,,,,,,,,,,,,,,,,,,,,,,,,,,,,,,,,,,,,,,,,,,,,,,,,,,,,,,,,,,,,,,,,,,,,,,,,,,,,,,,,,,,,,,,,,
27903,331,-388,73,24,965,152,625,-1129,-3,-31,0,2,0,0,15022,732,-66,291,15022,1527,1486,1718,1726,0,0,0,0,0,0,0,4,-4,-16,7,123,,,,,,,,,,,,,,,,,,,,,,,,,,,,,,,,,,,,,,,,,,,,,,,,,,,,,,,,,,,,,,,,,,,,,,,,,,,,,,,,,,,,,,,,,,,,,,,,,,,,,,,,,,,,,,,,,,,,,,,,,,,,,,,
27951,240,-760,-95,-20,962,-213,-1022,-1190,-20,-69,-2,2,0,0,15022,734,-98,291,15022,1535,1494,1719,1713,0,0,0,0,0,0,0,6,-1,-27,-8,131,,,,,,,,,,,,,,,,,,,,,,,,,,,,,,,,,,,,,,,,,,,,,,,,,,,,,,,,,,,,,,,,,,,,,,,,,,,,,,,,,,,,,,,,,,,,,,,,,,,,,,,,,,,,,,,,,,,,,,,,,,,,,,,
28003,230,-697,-14,56,998,396,3616,-396,-5,-58,0,2,0,0,15022,725,-70,291,15022,1537,1486,1720,1716,0,0,0,0,0,0,0,4,-3,-15,3,124,,,,,,,,,,,,,,,,,,,,,,,,,,,,,,,,,,,,,,,,,,,,,,,,,,,,,,,,,,,,,,,,,,,,,,,,,,,,,,,,,,,,,,,,,,,,,,,,,,,,,,,,,,,,,,,,,,,,,,,,,,,,,,,
28051,370,-529,-44,18,909,1556,15,335,-13,-49,0,2,0,0,15022,759,-62,291,15022,1536,1488,1716,1720,0,0,0,0,0,0,0,3,-5,-8,16,123,,,,,,,,,,,,,,,,,,,,,,,,,,,,,,,,,,,,,,,,,,,,,,,,,,,,,,,,,,,,,,,,,,,,,,,,,,,,,,,,,,,,,,,,,,,,,,,,,,,,,,,,,,,,,,,,,,,,,,,,,,,,,,,
28103,502,-473,159,11,863,-2410,747,-91,-43,-31,2,3,0,0,15022,744,-77,291,15022,1540,1470,1723,1725,0,0,0,0,0,0,0,5,-4,-19,11,126,,,,,,,,,,,,,,,,,,,,,,,,,,,,,,,,,,,,,,,,,,,,,,,,,,,,,,,,,,,,,,,,,,,,,,,,,,,,,,,,,,,,,,,,,,,,,,,,,,,,,,,,,,,,,,,,,,,,,,,,,,,,,,,
28151,311,-928,-95,90,1013,-823,-1876,-152,-13,-73,2,2,0,0,15022,735,-75,291,15022,1520,1499,1710,1728203,73,-736,-84,-45,992,1861,3555,-2044,12,-65,0,3,0,0,15022,735,-36,291,15022,153-13,127,,,,,,,,,,,,,,,,,,,,,,,,,,,,,,,,,,,,,,,,,,,,,,,,,,,,,,,,,,,,,,,,,,,,,,,,,,,,,,,,,,,,,,,,,,,,,,,,,,,,,,,,,,,,,,,,,,,,,,
28251,379,-644,-123,16,1204,2349,3311,396,-1,-48,0,2,0,0,15022,733,-46,291,28303,482,-543,49,152,1181,946,2700,-396,-24,-37,0,2,0,0,14978,762,14,287,14978,1518,1472,1736,1720,0,0,0,0,0,0,0,5,-4,-14,17,126,,,,,,,,,,,,,,,,,,,,,,,,,,,,,,,,,,,,,,,,,,,,,,,,,,,,,,,,,,,,,,,,,,,,,,,,,,,,,,,,,,,,,,,,,,,,,,,,,,,,,,,,,,,,
28351,305,-617,-167,-107,975,1434,442,30,-9,-52,0,2,0,0,15022,732,1,291,15022,1532,1495,1726,1707,0,0,0,0,0,0,0,6,-1,-19,-2,124,,,,,,,,,,,,,,,,,,,,,,,,,,,,,,,,,,,,,,,,,,,,,,,,,,,,,,,,,,,,,,,,,,,,,,,,,,,,,,,,,,,,,,,,,,,,,,,,,,,,,,,,,,,,,,,,,,,,,,,,,,,,,,,
28403,28,-605,-67,-65,1329,1800,4409,335,96,-39,0,18,0,0,15067,731,-29,296,15067,1519,1503,1728,1713,0,0,0,0,0,0,0,5,1,-13,-17,127,,,,,,,,,,,,,,,,,,,,,,,,,,,,,,,,,,,,,,,,,,,,,,,,,,,,,,,,,,,,,,,,,,,,,,,,,,,,,,,,,,,,,,,,,,,,,,,,,,,,,,,,,,,,,,,,,,,,,,,,,,,,,,,
28451,23,-359,-24,-55,954,7598,2212,-274,232,-38,2,47,0,0,15067,745,3,296,15067,1530,1521,1715,1711,0,0,0,0,0,0,0,3,2,0,-18,124,,,,,,,,,,,,,,,,,,,,,,,,,,,,,,,,,,,,,,,,,,,,,,,,,,,,,,,,,,,,,,,,,,,,,,,,,,,,,,,,,,,,,,,,,,,,,,,,,,,,,,,,,,,,,,,,,,,,,,,,,,,,,,,
28503,490,-92,-173,-20,1079,16876,442,1312,328,11,2,71,6,0,15112,726,-43,300,15112,1545,1500,1717,1710,0,0,0,0,0,0,0,0,2,19,-7,127,,,,,,,,,,,,,,,,,,,,,,,,,,,,,,,,,,,,,,,,,,,,,,,,,,,,,,,,,,,,,,,,,,,,,,,,,,,,,,,,,,,,,,,,,,,,,,,,,,,,,,,,,,,,,,,,,,,,,,,,,,,,,,,
28551,1060,-748,101,-111,928,21636,-5111,1617,367,64,0,91,25,0,15067,720,1,296,15067,1540,1511,1711,1708,0,0,0,0,0,0,0,8,6,-29,-14,131,,,,,,,,,,,,,,,,,,,,,,,,,,,,,,,,,,,,,,,,,,,,,,,,,,,,,,,,,,,,,,,,,,,,,,,,,,,,,,,,,,,,,,,,,,,,,,,,,,,,,,,,,,,,,,,,,,,,,,,,,,,,,,,
28603,1600,-275,-74,-66,1118,23345,-7736,1861,491,169,0,126,41,0,15067,727,6,296,15067,1528,1510,1714,1715,0,0,0,0,0,0,0,-3,10,36,-16,134,,,,,,,,,,,,,,,,,,,,,,,,,,,,,,,,,,,,,,,,,,,,,,,,,,,,,,,,,,,,,,,,,,,,,,,,,,,,,,,,,,,,,,,,,,,,,,,,,,,,,,,,,,,,,,,,,,,,,,,,,,,,,,,
28651,2787,-598,73,113,1120,28167,-7369,213,409,115,2,126,34,0,15022,732,-56,291,15022,1559,1483,1691,1729,0,0,0,0,0,0,0,0,7,8,25,130,,,,,,,,,,,,,,,,,,,,,,,,,,,,,,,,,,,,,,,,,,,,,,,,,,,,,,,,,,,,,,,,,,,,,,,,,,,,,,,,,,,,,,,,,,,,,,,,,,,,,,,,,,,,,,,,,,,,,,,,,,,,,,,
28703,3361,-397,-75,155,1079,25238,-9140,-152,353,145,2,126,34,0,15067,736,12,296,15067,1544,1524,1699,1707,0,0,0,0,0,0,0,-6,13,37,12,134,,,,,,,,,,,,,,,,,,,,,,,,,,,,,,,,,,,,,,,,,,,,,,,,,,,,,,,,,,,,,,,,,,,,,,,,,,,,,,,,,,,,,,,,,,,,,,,,,,,,,,,,,,,,,,,,,,,,,,,,,,,,,,,
28751,3923,-944,86,62,915,18951,-3341,-640,261,110,2,120,33,0,15067,728,24,296,15067,1552,1500,1716,1701,0,0,0,0,0,0,0,4,13,-28,27,131,,,,,,,,,,,,,,,,,,,,,,,,,,,,,,,,,,,,,,,,,,,,,,,,,,,,,,,,,,,,,,,,,,,,,,,,,,,,,,,,,,,,,,,,,,,,,,,,,,,,,,,,,,,,,,,,,,,,,,,,,,,,,,,
28803,4050,-880,-51,-14,932,13641,-3768,-1129,55,61,2,78,28,0,15067,738,87,296,15067,1576,1482,1712,1699,0,0,0,0,0,0,0,-1,16,0,23,130,,,,,,,,,,,,,,,,,,,,,,,,,,,,,,,,,,,,,,,,,,,,,,,,,,,,,,,,,,,,,,,,,,,,,,,,,,,,,,,,,,,,,,,,,,,,,,,,,,,,,,,,,,,,,,,,,,,,,,,,,,,,,,,
28851,3813,-1165,169,74,882,5462,-411,91,-83,2,2,47,16,0,15067,736,37,296,15067,1550,1513,1704,1702,0,0,0,0,0,0,0,3,16,-33,29,126,,,,,,,,,,,,,,,,,,,,,,,,,,,,,,,,,,,,,,,,,,,,,,,,,,,,,,,,,,,,,,,,,,,,,,,,,,,,,,,,,,,,,,,,,,,,,,,,,,,,,,,,,,,,,,,,,,,,,,,,,,,,,,,
28903,3200,-974,105,50,1091,-7293,-1632,640,-163,2,2,25,16,0,15067,733,7,296,15067,1548,1499,1718,1704,0,0,0,0,0,0,0,0,17,-9,23,128,,,,,,,,,,,,,,,,,,,,,,,,,,,,,,,,,,,,,,,,,,,,,,,,,,,,,,,,,,,,,,,,,,,,,,,,,,,,,,,,,,,,,,,,,,,,,,,,,,,,,,,,,,,,,,,,,,,,,,,,,,,,,,,
28951,2132,-215,-146,-118,1126,-13275,-2120,1617,-87,67,2,24,16,0,15022,705,-43,291,15022,1522,1519,1727,1696,0,0,0,0,0,0,0,-6,20,29,-4,136,,,,,,,,,,,,,,,,,,,,,,,,,,,,,,,,,,,,,,,,,,,,,,,,,,,,,,,,,,,,,,,,,,,,,,,,,,,,,,,,,,,,,,,,,,,,,,,,,,,,,,,,,,,,,,,,,,,,,,,,,,,,,,,
29003,1362,-619,28,-13,917,-7110,2639,946,-93,-39,0,6,2,0,15022,715,-26,291,15022,1550,1496,1709,1710,0,0,0,0,0,0,0,2,17,-26,0,127,,,,,,,,,,,,,,,,,,,,,,,,,,,,,,,,,,,,,,,,,,,,,,,,,,,,,,,,,,,,,,,,,,,,,,,,,,,,,,,,,,,,,,,,,,,,,,,,,,,,,,,,,,,,,,,,,,,,,,,,,,,,,,,
29051,658,-257,-27,-47,1203,-6439,3555,1373,-36,-9,2,5,1,0,15022,723,-23,291,15022,1539,1523,1718,1693,0,0,0,0,0,0,0,-1,17,0,-9,128,,,,,,,,,,,,,,,,,,,,,,,,,,,,,,,,,,,,,,,,,,,,,,,,,,,,,,,,,,,,,,,,,,,,,,,,,,,,,,,,,,,,,,,,,,,,,,,,,,,,,,,,,,,,,,,,,,,,,,,,,,,,,,,
29103,308,-649,76,6,895,-8819,5935,1617,-19,-59,2,4,1,0,14978,721,-30,287,14978,1539,1517,1713,1695,0,0,0,0,0,0,0,6,14,-40,0,125,,,,,,,,,,,,,,,,,,,,,,,,,,,,,,,,,,,,,,,,,,,,,,,,,,,,,,,,,,,,,,,,,,,,,,,,,,,,,,,,,,,,,,,,,,,,,,,,,,,,,,,,,,,,,,,,,,,,,,,,,,,,,,,
29151,-170,-186,-98,-50,1199,-5950,991,2044,27,-26,0,3,1,0,15022,713,-30,291,15022,1539,1520,1708,1702,0,0,0,0,0,0,0,-2,14,10,-8,129,,,,,,,,,,,,,,,,,,,,,,,,,,,,,,,,,,,,,,,,,,,,,,,,,,,,,,,,,,,,,,,,,,,,,,,,,,,,,,,,,,,,,,,,,,,,,,,,,,,,,,,,,,,,,,,,,,,,,,,,,,,,,,,
29203,-320,15,-81,-34,1083,-1983,-45,762,43,1,2,4,0,0,15067,710,-57,296,15067,1550,1516,1706,1702,0,0,0,0,0,0,0,-1,14,9,-8,123,,,,,,,,,,,,,,,,,,,,,,,,,,,,,,,,,,,,,,,,,,,,,,,,,,,,,,,,,,,,,,,,,,,,,,,,,,,,,,,,,,,,,,,,,,,,,,,,,,,,,,,,,,,,,,,,,,,,,,,,,,,,,,,
29251,-93,361,-108,-103,960,-152,76,457,20,0,4,3,0,0,15067,684,-108,296,15067,1549,1505,1719,1698,0,0,0,0,0,0,0,-5,12,32,2,123,,,,,,,,,,,,,,,,,,,,,,,,,,,,,,,,,,,,,,,,,,,,,,,,,,,,,,,,,,,,,,,,,,,,,,,,,,,,,,,,,,,,,,,,,,,,,,,,,,,,,,,,,,,,,,,,,,,,,,,,,,,,,,,
29303,220,533,-102,-52,862,-579,1419,1251,-6,57,0,2,0,0,15067,675,-98,296,15067,1547,1503,1720,1699,0,0,0,0,0,0,0,-2,9,20,18,125,,,,,,,,,,,,,,,,,,,,,,,,,,,,,,,,,,,,,,,,,,,,,,,,,,,,,,,,,,,,,,,,,,,,,,,,,,,,,,,,,,,,,,,,,,,,,,,,,,,,,,,,,,,,,,,,,,,,,,,,,,,,,,,
29351,502,-118,127,21,838,-2716,3250,-335,-19,9,0,3,0,0,15067,701,-61,296,15067,1529,1503,1715,1718,0,0,0,0,0,0,0,7,6,-40,32,125,,,,,,,,,,,,,,,,,,,,,,,,,,,,,,,,,,,,,,,,,,,,,,,,,,,,,,,,,,,,,,,,,,,,,,,,,,,,,,,,,,,,,,,,,,,,,,,,,,,,,,,,,,,,,,,,,,,,,,,,,,,,,,,
29403,206,348,-168,-44,668,-3326,564,701,-35,8,-2,0,0,0,15067,693,-77,296,15067,1540,1510,1712,1704,0,0,0,0,0,0,0,-4,12,31,-5,126,,,,,,,,,,,,,,,,,,,,,,,,,,,,,,,,,,,,,,,,,,,,,,,,,,,,,,,,,,,,,,,,,,,,,,,,,,,,,,,,,,,,,,,,,,,,,,,,,,,,,,,,,,,,,,,,,,,,,,,,,,,,,,,
29451,396,-260,263,71,861,-1373,1052,30,-79,5,2,-9,0,0,15112,682,-64,300,15112,1540,1493,1716,1713,0,0,0,0,0,0,0,8,7,-45,19,124,,,,,,,,,,,,,,,,,,,,,,,,,,,,,,,,,,,,,,,,,,,,,,,,,,,,,,,,,,,,,,,,,,,,,,,,,,,,,,,,,,,,,,,,,,,,,,,,,,,,,,,,,,,,,,,,,,,,,,,,,,,,,,,
29503,354,23,65,54,1080,-6439,-717,274,-105,4,-2,-16,0,0,15022,675,-54,291,15022,1530,1508,1712,1713,0,0,0,0,0,0,0,0,7,7,19,124,,,,,,,,,,,,,,,,,,,,,,,,,,,,,,,,,,,,,,,,,,,,,,,,,,,,,,,,,,,,,,,,,,,,,,,,,,,,,,,,,,,,,,,,,,,,,,,,,,,,,,,,,,,,,,,,,,,,,,,,,,,,,,,
29551,-22,117,31,-74,960,-11688,991,-701,-133,24,2,-23,0,0,15022,681,-22,291,15022,1538,1522,1713,1695,0,0,0,0,0,0,0,1,9,-1,0,126,,,,,,,,,,,,,,,,,,,,,,,,,,,,,,,,,,,,,,,,,,,,,,,,,,,,,,,,,,,,,,,,,,,,,,,,,,,,,,,,,,,,,,,,,,,,,,,,,,,,,,,,,,,,,,,,,,,,,,,,,,,,,,,
29603,-447,308,-18,-194,919,-10467,-4257,-701,-82,26,0,-22,0,0,15067,673,-9,296,15067,1521,1517,1723,1705,0,0,0,0,0,0,0,-2,7,16,-3,131,,,,,,,,,,,,,,,,,,,,,,,,,,,,,,,,,,,,,,,,,,,,,,,,,,,,,,,,,,,,,,,,,,,,,,,,,,,,,,,,,,,,,,,,,,,,,,,,,,,,,,,,,,,,,,,,,,,,,,,,,,,,,,,
29651,-597,268,-212,-93,1095,-6744,-8163,-1251,-91,40,0,-29,0,0,15022,692,23,291,15022,1535,1511,1716,1706,0,0,0,0,0,0,0,-2,4,13,6,131,,,,,,,,,,,,,,,,,,,,,,,,,,,,,,,,,,,,,,,,,,,,,,,,,,,,,,,,,,,,,,,,,,,,,,,,,,,,,,,,,,,,,,,,,,,,,,,,,,,,,,,,,,,,,,,,,,,,,,,,,,,,,,,
29703,-656,197,36,17,717,-11260,-8041,-823,-119,24,0,-35,0,0,14978,672,-22,287,14978,1525,1504,1719,1709,0,0,0,0,0,0,0,-4,1,21,15,130,,,,,,,,,,,,,,,,,,,,,,,,,,,,,,,,,,,,,,,,,,,,,,,,,,,,,,,,,,,,,,,,,,,,,,,,,,,,,,,,,,,,,,,,,,,,,,,,,,,,,,,,,,,,,,,,,,,,,,,,,,,,,,,
29751,-832,291,-171,-58,889,-8392,-5783,-518,-204,18,0,-55,0,0,15067,672,-53,296,15067,1529,1498,1711,1726,0,0,0,0,0,0,0,-9,2,41,5,131,,,,,,,,,,,,,,,,,,,,,,,,,,,,,,,,,,,,,,,,,,,,,,,,,,,,,,,,,,,,,,,,,,,,,,,,,,,,,,,,,,,,,,,,,,,,,,,,,,,,,,,,,,,,,,,,,,,,,,,,,,,,,,,
29803,-1097,40,69,-77,874,-12664,-8285,-1251,-254,2,2,-67,0,0,15022,665,-14,291,15022,1518,1507,1705,1730,0,0,0,0,0,0,0,-7,1,21,-2,131,,,,,,,,,,,,,,,,,,,,,,,,,,,,,,,,,,,,,,,,,,,,,,,,,,,,,,,,,,,,,,,,,,,,,,,,,,,,,,,,,,,,,,,,,,,,,,,,,,,,,,,,,,,,,,,,,,,,,,,,,,,,,,,
29851,-1306,-658,38,-19,788,-16448,-9078,-1678,-261,-47,0,-74,0,0,15022,656,3,291,15022,1527,1499,1698,1739,0,0,0,0,0,0,0,0,-2,-23,11,134,,,,,,,,,,,,,,,,,,,,,,,,,,,,,,,,,,,,,,,,,,,,,,,,,,,,,,,,,,,,,,,,,,,,,,,,,,,,,,,,,,,,,,,,,,,,,,,,,,,,,,,,,,,,,,,,,,,,,,,,,,,,,,,
29903,-1776,-962,-54,2,820,-15472,-5844,-1312,-231,-89,2,-74,0,0,15067,676,-20,296,15067,1502,1486,1726,1739,0,0,0,0,0,0,0,-4,-2,-7,-5,135,,,,,,,,,,,,,,,,,,,,,,,,,,,,,,,,,,,,,,,,,,,,,,,,,,,,,,,,,,,,,,,,,,,,,,,,,,,,,,,,,,,,,,,,,,,,,,,,,,,,,,,,,,,,,,,,,,,,,,,,,,,,,,,
29951,-1906,-667,73,43,879,-13519,-3280,-885,-218,-54,0,-76,1,0,15022,632,-132,291,15022,1531,1495,1709,1728,0,0,0,0,0,0,0,-7,-7,6,9,133,,,,,,,,,,,,,,,,,,,,,,,,,,,,,,,,,,,,,,,,,,,,,,,,,,,,,,,,,,,,,,,,,,,,,,,,,,,,,,,,,,,,,,,,,,,,,,,,,,,,,,,,,,,,,,,,,,,,,,,,,,,,,,,
30003,-1922,-906,-93,26,1075,-12176,-5661,-2410,-172,-74,2,-69,0,0,15067,675,-60,296,15067,1510,1507,1696,1745,0,0,0,0,0,0,0,-4,-11,-13,20,139,,,,,,,,,,,,,,,,,,,,,,,,,,,,,,,,,,,,,,,,,,,,,,,,,,,,,,,,,,,,,,,,,,,,,,,,,,,,,,,,,,,,,,,,,,,,,,,,,,,,,,,,,,,,,,,,,,,,,,,,,,,,,,,
30051,-2212,-688,-36,6,970,-11016,-4440,-274,-18,-69,0,-39,0,0,15067,662,-19,296,15067,1505,1487,1729,1733,0,0,0,0,0,0,0,-9,-7,12,-9,133,,,,,,,,,,,,,,,,,,,,,,,,,,,,,,,,,,,,,,,,,,,,,,,,,,,,,,,,,,,,,,,,,,,,,,,,,,,,,,,,,,,,,,,,,,,,,,,,,,,,,,,,,,,,,,,,,,,,,,,,,,,,,,,
30103,-2034,-979,53,-116,1033,2899,-4745,-762,98,-78,-2,-18,0,0,15022,644,-49,291,15022,1525,1490,1703,1739,0,0,0,0,0,0,0,-2,-8,-26,-7,135,,,,,,,,,,,,,,,,,,,,,,,,,,,,,,,,,,,,,,,,,,,,,,,,,,,,,,,,,,,,,,,,,,,,,,,,,,,,,,,,,,,,,,,,,,,,,,,,,,,,,,,,,,,,,,,,,,,,,,,,,,,,,,,
30151,-1046,-951,25,-26,1109,11138,-778,-1983,70,-89,0,-5,0,0,15067,647,-47,296,15067,1528,1470,1711,1742,0,0,0,0,0,0,0,-5,-11,-11,16,134,,,,,,,,,,,,,,,,,,,,,,,,,,,,,,,,,,,,,,,,,,,,,,,,,,,,,,,,,,,,,,,,,,,,,,,,,,,,,,,,,,,,,,,,,,,,,,,,,,,,,,,,,,,,,,,,,,,,,,,,,,,,,,,
30203,-240,-803,23,102,930,1739,2822,-1617,19,-71,-2,-3,0,0,15022,635,-46,291,15022,1516,1473,1714,1749,0,0,0,0,0,0,0,-4,-13,-13,37,132,,,,,,,,,,,,,,,,,,,,,,,,,,,,,,,,,,,,,,,,,,,,,,,,,,,,,,,,,,,,,,,,,,,,,,,,,,,,,,,,,,,,,,,,,,,,,,,,,,,,,,,,,,,,,,,,,,,,,,,,,,,,,,,
30251,-40,-555,62,-80,981,274,76,-2593,2,-52,0,1,0,0,14978,639,-82,287,14978,1487,1493,1727,1737,0,0,0,0,0,0,0,-5,-9,-9,12,123,,,,,,,,,,,,,,,,,,,,,,,,,,,,,,,,,,,,,,,,,,,,,,,,,,,,,,,,,,,,,,,,,,,,,,,,,,,,,,,,,,,,,,,,,,,,,,,,,,,,,,,,,,,,,,,,,,,,,,,,,,,,,,,
30303,-70,-447,85,-85,667,1129,-534,-3204,4,-33,0,1,0,0,14978,632,-71,287,14978,1510,1475,1716,1744,0,0,0,0,0,0,0,-3,-5,-17,-8,127,,,,,,,,,,,,,,,,,,,,,,,,,,,,,,,,,,,,,,,,,,,,,,,,,,,,,,,,,,,,,,,,,,,,,,,,,,,,,,,,,,,,,,,,,,,,,,,,,,,,,,,,,,,,,,,,,,,,,,,,,,,,,,,
30351,406,-233,-232,-14,980,3387,2822,-3631,-33,-38,0,0,0,0,15022,636,-35,291,15022,1500,1474,1729,1746,0,0,0,0,0,0,0,-7,-9,8,18,129,,,,,,,,,,,,,,,,,,,,,,,,,,,,,,,,,,,,,,,,,,,,,,,,,,,,,,,,,,,,,,,,,,,,,,,,,,,,,,,,,,,,,,,,,,,,,,,,,,,,,,,,,,,,,,,,,,,,,,,,,,,,,,,
30403,108,208,86,-80,737,1068,4043,-3082,-10,17,0,2,0,0,15022,622,-55,291,15022,1506,1483,1733,1731,0,0,0,0,0,0,0,-7,-2,14,-18,127,,,,,,,,,,,,,,,,,,,,,,,,,,,,,,,,,,,,,,,,,,,,,,,,,,,,,,,,,,,,,,,,,,,,,,,,,,,,,,,,,,,,,,,,,,,,,,,,,,,,,,,,,,,,,,,,,,,,,,,,,,,,,,,
30451,194,74,-31,40,1158,3326,808,-1983,5,19,2,2,0,0,15022,645,-63,291,15022,1507,1454,1733,1746,0,0,0,0,0,0,0,-3,-5,-10,0,123,,,,,,,,,,,,,,,,,,,,,,,,,,,,,,,,,,,,,,,,,,,,,,,,,,,,,,,,,,,,,,,,,,,,,,,,,,,,,,,,,,,,,,,,,,,,,,,,,,,,,,,,,,,,,,,,,,,,,,,,,,,,,,,
30503,471,313,128,39,982,2777,259,-1678,-32,24,2,3,0,0,15022,622,-87,291,15022,1519,1478,1722,1732,0,0,0,0,0,0,0,-5,-6,4,6,123,,,,,,,,,,,,,,,,,,,,,,,,,,,,,,,,,,,,,,,,,,,,,,,,,,,,,,,,,,,,,,,,,,,,,,,,,,,,,,,,,,,,,,,,,,,,,,,,,,,,,,,,,,,,,,,,,,,,,,,,,,,,,,,
30551,678,268,-119,-79,1244,762,1968,-1739,-35,17,2,2,0,0,15022,641,-75,291,15022,1502,1473,1722,1745,0,0,0,0,0,0,0,-4,-6,0,12,127,,,,,,,,,,,,,,,,,,,,,,,,,,,,,,,,,,,,,,,,,,,,,,,,,,,,,,,,,,,,,,,,,,,,,,,,,,,,,,,,,,,,,,,,,,,,,,,,,,,,,,,,,,,,,,,,,,,,,,,,,,,,,,,
30603,743,251,-173,1,907,30,2334,-2410,-60,6,2,1,0,0,15067,629,-20,296,15067,1503,1461,1738,1742,0,0,0,0,0,0,0,-6,-7,12,19,123,,,,,,,,,,,,,,,,,,,,,,,,,,,,,,,,,,,,,,,,,,,,,,,,,,,,,,,,,,,,,,,,,,,,,,,,,,,,,,,,,,,,,,,,,,,,,,,,,,,,,,,,,,,,,,,,,,,,,,,,,,,,,,,
30651,506,348,-72,-72,1092,-3875,7339,-2288,-33,25,2,2,0,0,15067,639,-22,296,15067,1510,1465,1737,1736,0,0,0,0,0,0,0,-4,-5,8,3,127,,,,,,,,,,,,,,,,,,,,,,,,,,,,,,,,,,,,,,,,,,,,,,,,,,,,,,,,,,,,,,,,,,,,,,,,,,,,,,,,,,,,,,,,,,,,,,,,,,,,,,,,,,,,,,,,,,,,,,,,,,,,,,,
30703,436,625,-97,-62,1099,30,-900,-2838,-21,55,2,2,0,0,15067,648,38,296,15067,1509,1476,1729,1738,0,0,0,0,0,0,0,-6,-6,21,7,124,,,,,,,,,,,,,,,,,,,,,,,,,,,,,,,,,,,,,,,,,,,,,,,,,,,,,,,,,,,,,,,,,,,,,,,,,,,,,,,,,,,,,,,,,,,,,,,,,,,,,,,,,,,,,,,,,,,,,,,,,,,,,,,
30751,742,425,-170,55,1115,1190,-473,-3814,-59,42,0,2,0,0,15022,602,-76,291,15022,1514,1464,1733,1735,0,0,0,0,0,0,0,-5,-8,13,23,128,,,,,,,,,,,,,,,,,,,,,,,,,,,,,,,,,,,,,,,,,,,,,,,,,,,,,,,,,,,,,,,,,,,,,,,,,,,,,,,,,,,,,,,,,,,,,,,,,,,,,,,,,,,,,,,,,,,,,,,,,,,,,,,
30803,627,334,-63,-86,1347,-3631,3005,-1983,-38,38,2,2,0,0,15067,597,-137,296,15067,1496,1460,1761,1725,0,0,0,0,0,0,0,-2,-7,-4,16,130,,,,,,,,,,,,,,,,,,,,,,,,,,,,,,,,,,,,,,,,,,,,,,,,,,,,,,,,,,,,,,,,,,,,,,,,,,,,,,,,,,,,,,,,,,,,,,,,,,,,,,,,,,,,,,,,,,,,,,,,,,,,,,,
30851,606,8,121,171,851,-5828,-1266,-1373,-42,26,0,1,0,0,15022,581,-142,291,15022,1492,1448,1749,1744,0,0,0,0,0,0,0,2,-11,-29,31,129,,,,,,,,,,,,,,,,,,,,,,,,,,,,,,,,,,,,,,,,,,,,,,,,,,,,,,,,,,,,,,,,,,,,,,,,,,,,,,,,,,,,,,,,,,,,,,,,,,,,,,,,,,,,,,,,,,,,,,,,,,,,,,,
30903,482,-47,8,114,1086,-4669,-228,-3936,-26,7,2,1,0,0,15112,581,-155,300,15112,1489,1472,1738,1748,0,0,0,0,0,0,0,0,-9,-16,22,127,,,,,,,,,,,,,,,,,,,,,,,,,,,,,,,,,,,,,,,,,,,,,,,,,,,,,,,,,,,,,,,,,,,,,,,,,,,,,,,,,,,,,,,,,,,,,,,,,,,,,,,,,,,,,,,,,,,,,,,,,,,,,,,
30951,193,-536,272,-73,1085,-1251,-717,-2655,-15,-36,2,2,0,0,14978,594,-109,287,14978,1493,1463,1737,1746,0,0,0,0,0,0,0,5,-6,-47,-1,132,,,,,,,,,,,,,,,,,,,,,,,,,,,,,,,,,,,,,,,,,,,,,,,,,,,,,,,,,,,,,,,,,,,,,,,,,,,,,,,,,,,,,,,,,,,,,,,,,,,,,,,,,,,,,,,,,,,,,,,,,,,,,,,
31003,552,-286,45,57,737,1129,2334,-1434,-20,-24,0,2,0,0,15112,574,-120,300,15112,1498,1447,1745,1752,0,0,0,0,0,0,0,0,-11,-13,30,129,,,,,,,,,,,,,,,,,,,,,,,,,,,,,,,,,,,,,,,,,,,,,,,,,,,,,,,,,,,,,,,,,,,,,,,,,,,,,,,,,,,,,,,,,,,,,,,,,,,,,,,,,,,,,,,,,,,,,,,,,,,,,,,
31051,473,-557,121,4,913,-4058,5569,-2716,-11,-52,0,2,0,0,15022,583,-105,291,15022,1489,1481,1733,1741,0,0,0,0,0,0,0,5,-9,-41,18,129,,,,,,,,,,,,,,,,,,,,,,,,,,,,,,,,,,,,,,,,,,,,,,,,,,,,,,,,,,,,,,,,,,,,,,,,,,,,,,,,,,,,,,,,,,,,,,,,,,,,,,,,,,,,,,,,,,,,,,,,,,,,,,,
31103,105,109,-25,69,951,-1800,10086,-396,3,6,-2,2,0,0,15067,575,-100,296,15067,1494,1478,1752,1720,0,0,0,0,0,0,0,-1,-7,5,0,124,,,,,,,,,,,,,,,,,,,,,,,,,,,,,,,,,,,,,,,,,,,,,,,,,,,,,,,,,,,,,,,,,,,,,,,,,,,,,,,,,,,,,,,,,,,,,,,,,,,,,,,,,,,,,,,,,,,,,,,,,,,,,,,
31151,101,419,-214,-15,1160,1556,4470,-946,1,43,2,2,0,0,15112,569,-131,300,15112,1510,1445,1752,1731,0,0,0,0,0,0,0,0,-7,8,4,124,,,,,,,,,,,,,,,,,,,,,,,,,,,,,,,,,,,,,,,,,,,,,,,,,,,,,,,,,,,,,,,,,,,,,,,,,,,,,,,,,,,,,,,,,,,,,,,,,,,,,,,,,,,,,,,,,,,,,,,,,,,,,,,
31203,159,174,0,-119,1306,-457,-3585,-3143,44,5,-2,13,0,0,15022,551,-132,291,15022,1501,1474,1738,1733,0,0,0,0,0,0,0,1,-5,-3,-6,128,,,,,,,,,,,,,,,,,,,,,,,,,,,,,,,,,,,,,,,,,,,,,,,,,,,,,,,,,,,,,,,,,,,,,,,,,,,,,,,,,,,,,,,,,,,,,,,,,,,,,,,,,,,,,,,,,,,,,,,,,,,,,,,
31251,112,83,-26,10,1081,4058,-350,-640,195,16,0,39,0,0,15022,552,-154,291,15022,1483,1475,1747,1735,0,0,0,0,0,0,0,2,-4,-9,-10,127,,,,,,,,,,,,,,,,,,,,,,,,,,,,,,,,,,,,,,,,,,,,,,,,,,,,,,,,,,,,,,,,,,,,,,,,,,,,,,,,,,,,,,,,,,,,,,,,,,,,,,,,,,,,,,,,,,,,,,,,,,,,,,,
31303,142,390,-100,-11,1111,19317,808,-946,341,23,-2,70,0,0,15112,538,-172,300,15112,1474,1475,1744,1744,0,0,0,0,0,0,0,-2,1,22,-36,131,,,,,,,,,,,,,,,,,,,,,,,,,,,,,,,,,,,,,,,,,,,,,,,,,,,,,,,,,,,,,,,,,,,,,,,,,,,,,,,,,,,,,,,,,,,,,,,,,,,,,,,,,,,,,,,,,,,,,,,,,,,,,,,
31351,816,-79,110,6,869,22979,-2365,-1251,455,-14,0,103,-1,0,15067,537,-115,296,15067,1496,1491,1718,1745,0,0,0,0,0,0,0,5,1,-24,-15,132,,,,,,,,,,,,,,,,,,,,,,,,,,,,,,,,,,,,,,,,,,,,,,,,,,,,,,,,,,,,,,,,,,,,,,,,,,,,,,,,,,,,,,,,,,,,,,,,,,,,,,,,,,,,,,,,,,,,,,,,,,,,,,,
31403,1732,85,-89,-21,1033,27801,2334,-823,467,-13,-2,118,0,0,15022,557,-69,291,15022,1510,1464,1732,1739,0,0,0,0,0,0,0,0,1,5,2,128,,,,,,,,,,,,,,,,,,,,,,,,,,,,,,,,,,,,,,,,,,,,,,,,,,,,,,,,,,,,,,,,,,,,,,,,,,,,,,,,,,,,,,,,,,,,,,,,,,,,,,,,,,,,,,,,,,,,,,,,,,,,,,,
31451,2721,60,53,109,819,27435,4592,-518,363,-6,2,114,-2,0,15022,532,-56,291,15022,1514,1472,1731,1731,0,0,0,0,0,0,0,3,3,-11,17,128,,,,,,,,,,,,,,,,,,,,,,,,,,,,,,,,,,,,,,,,,,,,,,,,,,,,,,,,,,,,,,,,,,,,,,,,,,,,,,,,,,,,,,,,,,,,,,,,,,,,,,,,,,,,,,,,,,,,,,,,,,,,,,,
31503,3455,-13,133,41,1098,24566,10147,-1861,213,8,-2,98,-1,0,15112,519,-103,300,15112,1520,1457,1742,1723,0,0,0,0,0,0,0,7,5,-28,28,132,,,,,,,,,,,,,,,,,,,,,,,,,,,,,,,,,,,,,,,,,,,,,,,,,,,,,,,,,,,,,,,,,,,,,,,,,,,,,,,,,,,,,,,,,,,,,,,,,,,,,,,,,,,,,,,,,,,,,,,,,,,,,,,
31551,3869,611,-104,-51,1062,13458,7278,-762,90,54,2,83,-1,0,15112,515,-95,300,15112,1520,1447,1762,1711,0,0,0,0,0,0,0,0,7,14,30,129,,,,,,,,,,,,,,,,,,,,,,,,,,,,,,,,,,,,,,,,,,,,,,,,,,,,,,,,,,,,,,,,,,,,,,,,,,,,,,,,,,,,,,,,,,,,,,,,,,,,,,,,,,,,,,,,,,,,,,,,,,,,,,,
31603,3927,578,1,-8,1151,4364,2578,-701,-75,49,0,51,-1,0,15022,507,-109,291,15022,1521,1452,1736,1734,0,0,0,0,0,0,0,4,6,-6,45,126,,,,,,,,,,,,,,,,,,,,,,,,,,,,,,,,,,,,,,,,,,,,,,,,,,,,,,,,,,,,,,,,,,,,,,,,,,,,,,,,,,,,,,,,,,,,,,,,,,,,,,,,,,,,,,,,,,,,,,,,,,,,,,,
31651,3556,461,15,-12,849,-5218,-411,-1434,-142,41,0,33,0,0,14978,505,-72,287,14978,1503,1472,1732,1735,0,0,0,0,0,0,0,5,6,-12,44,129,,,,,,,,,,,,,,,,,,,,,,,,,,,,,,,,,,,,,,,,,,,,,,,,,,,,,,,,,,,,,,,,,,,,,,,,,,,,,,,,,,,,,,,,,,,,,,,,,,,,,,,,,,,,,,,,,,,,,,,,,,,,,,,
31703,2443,190,-202,47,1165,-12176,1419,-1129,-171,-12,0,12,0,0,15112,514,-101,300,15112,1499,1465,1739,1736,0,0,0,0,0,0,0,2,10,1,9,132,,,,,,,,,,,,,,,,,,,,,,,,,,,,,,,,,,,,,,,,,,,,,,,,,,,,,,,,,,,,,,,,,,,,,,,,,,,,,,,,,,,,,,,,,,,,,,,,,,,,,,,,,,,,,,,,,,,,,,,,,,,,,,,
31751,1787,72,-9,44,1124,-9368,1785,-396,-110,3,0,11,0,0,15022,497,-145,291,15022,1489,1476,1745,1732,0,0,0,0,0,0,0,4,7,-6,19,126,,,,,,,,,,,,,,,,,,,,,,,,,,,,,,,,,,,,,,,,,,,,,,,,,,,,,,,,,,,,,,,,,,,,,,,,,,,,,,,,,,,,,,,,,,,,,,,,,,,,,,,,,,,,,,,,,,,,,,,,,,,,,,,
31803,960,-62,11,-118,1151,-5218,-3097,-1434,-73,16,0,5,0,0,15157,487,-183,304,15157,1524,1476,1732,1731,0,0,0,0,0,0,0,5,12,-11,-17,132,,,,,,,,,,,,,,,,,,,,,,,,,,,,,,,,,,,,,,,,,,,,,,,,,,,,,,,,,,,,,,,,,,,,,,,,,,,,,,,,,,,,,,,,,,,,,,,,,,,,,,,,,,,,,,,,,,,,,,,,,,,,,,,
31851,746,-455,34,72,1153,-6561,442,91,-29,-46,2,5,0,0,15427,454,-229,327,15427,1500,1464,1756,1752,0,0,0,0,0,0,0,6,5,-21,14,125,,,,,,,,,,,,,,,,,,,,,,,,,,,,,,,,,,,,,,,,,,,,,,,,,,,,,,,,,,,,,,,,,,,,,,,,,,,,,,,,,,,,,,,,,,,,,,,,,,,,,,,,,,,,,,,,,,,,,,,,,,,,,,,
31903,612,-166,-16,51,843,-6256,1358,-1190,-24,-6,0,5,0,0,15929,469,-184,372,15929,1517,1486,1759,1729,0,0,0,0,0,0,0,3,2,-4,25,127,,,,,,,,,,,,,,,,,,,,,,,,,,,,,,,,,,,,,,,,,,,,,,,,,,,,,,,,,,,,,,,,,,,,,,,,,,,,,,,,,,,,,,,,,,,,,,,,,,,,,,,,,,,,,,,,,,,,,,,,,,,,,,,
31951,436,-302,-31,120,1338,-6744,3311,-213,-4,-18,0,4,0,0,16298,440,-274,403,16298,1549,1500,1769,1749,0,0,0,0,0,0,0,5,3,-14,19,129,,,,,,,,,,,,,,,,,,,,,,,,,,,,,,,,,,,,,,,,,,,,,,,,,,,,,,,,,,,,,,,,,,,,,,,,,,,,,,,,,,,,,,,,,,,,,,,,,,,,,,,,,,,,,,,,,,,,,,,,,,,,,,,
32003,90,121,-206,-57,1162,-7476,1296,335,-10,-27,0,3,0,0,16392,405,-230,412,16392,1532,1518,1768,1754,0,0,0,0,0,0,0,-1,6,33,-3,128,,,,,,,,,,,,,,,,,,,,,,,,,,,,,,,,,,,,,,,,,,,,,,,,,,,,,,,,,,,,,,,,,,,,,,,,,,,,,,,,,,,,,,,,,,,,,,,,,,,,,,,,,,,,,,,,,,,,,,,,,,,,,,,
32051,-29,133,-21,68,1152,-6622,503,-1312,14,13,4,2,0,0,16485,416,-166,419,16485,1555,1525,1750,1757,0,0,0,0,0,0,0,3,2,5,12,124,,,,,,,,,,,,,,,,,,,,,,,,,,,,,,,,,,,,,,,,,,,,,,,,,,,,,,,,,,,,,,,,,,,,,,,,,,,,,,,,,,,,,,,,,,,,,,,,,,,,,,,,,,,,,,,,,,,,,,,,,,,,,,,
32103,-235,1,7,49,1360,-335,-8163,762,41,9,0,2,0,0,16485,407,-53,419,16485,1549,1525,1757,1754,0,0,0,0,0,0,0,2,3,4,2,117,,,,,,,,,,,,,,,,,,,,,,,,,,,,,,,,,,,,,,,,,,,,,,,,,,,,,,,,,,,,,,,,,,,,,,,,,,,,,,,,,,,,,,,,,,,,,,,,,,,,,,,,,,,,,,,,,,,,,,,,,,,,,,,
32151,-146,-281,-149,-122,1023,1312,-4196,1129,31,-19,0,2,0,0,16532,388,-115,423,16532,1555,1517,1763,1756,0,0,0,0,0,0,0,2,2,-1,5,130,,,,,,,,,,,,,,,,,,,,,,,,,,,,,,,,,,,,,,,,,,,,,,,,,,,,,,,,,,,,,,,,,,,,,,,,,,,,,,,,,,,,,,,,,,,,,,,,,,,,,,,,,,,,,,,,,,,,,,,,,,,,,,,
32203,-240,-95,-70,41,1059,-152,869,274,42,-4,0,2,1,0,16532,393,-122,423,16532,1543,1528,1763,1754,0,0,0,0,0,0,0,-2,4,24,-3,124,,,,,,,,,,,,,,,,,,,,,,,,,,,,,,,,,,,,,,,,,,,,,,,,,,,,,,,,,,,,,,,,,,,,,,,,,,,,,,,,,,,,,,,,,,,,,,,,,,,,,,,,,,,,,,,,,,,,,,,,,,,,,,,
32251,-64,8,-144,-19,854,3265,2029,-91,18,-5,2,1,0,0,16626,387,-18,432,16626,1575,1529,1749,1750,0,0,0,0,0,0,0,0,4,14,-1,121,,,,,,,,,,,,,,,,,,,,,,,,,,,,,,,,,,,,,,,,,,,,,,,,,,,,,,,,,,,,,,,,,,,,,,,,,,,,,,,,,,,,,,,,,,,,,,,,,,,,,,,,,,,,,,,,,,,,,,,,,,,,,,,
32303,482,194,-59,10,880,5157,4776,1678,-18,8,2,2,0,0,16532,444,104,423,16532,1555,1511,1780,1743,0,0,0,0,0,0,0,1,0,6,26,121,,,,,,,,,,,,,,,,,,,,,,,,,,,,,,,,,,,,,,,,,,,,,,,,,,,,,,,,,,,,,,,,,,,,,,,,,,,,,,,,,,,,,,,,,,,,,,,,,,,,,,,,,,,,,,,,,,,,,,,,,,,,,,,
32351,664,613,28,-145,1005,-3814,7400,1739,-48,49,2,1,0,0,16579,426,153,428,16579,1538,1516,1789,1743,0,0,0,0,0,0,0,1,1,13,20,126,,,,,,,,,,,,,,,,,,,,,,,,,,,,,,,,,,,,,,,,,,,,,,,,,,,,,,,,,,,,,,,,,,,,,,,,,,,,,,,,,,,,,,,,,,,,,,,,,,,,,,,,,,,,,,,,,,,,,,,,,,,,,,,
32403,531,849,-172,-74,1170,-5340,2883,274,-50,179,2,0,23,0,16579,418,219,428,16579,1556,1548,1769,1727,0,0,0,0,0,0,0,0,3,22,4,127,,,,,,,,,,,,,,,,,,,,,,,,,,,,,,,,,,,,,,,,,,,,,,,,,,,,,,,,,,,,,,,,,,,,,,,,,,,,,,,,,,,,,,,,,,,,,,,,,,,,,,,,,,,,,,,,,,,,,,,,,,,,,,,
32451,717,789,129,168,850,-4547,-6454,2227,-41,300,0,2,46,0,16626,426,152,432,16626,1571,1532,1770,1729,0,0,0,0,0,0,0,0,-3,18,40,129,,,,,,,,,,,,,,,,,,,,,,,,,,,,,,,,,,,,,,,,,,,,,,,,,,,,,,,,,,,,,,,,,,,,,,,,,,,,,,,,,,,,,,,,,,,,,,,,,,,,,,,,,,,,,,,,,,,,,,,,,,,,,,,
32503,436,324,119,21,1083,-5950,-15670,1739,39,359,0,17,60,0,16673,462,202,435,16673,1553,1546,1768,1736,0,0,0,0,0,0,0,3,0,-6,13,129,,,,,,,,,,,,,,,,,,,,,,,,,,,,,,,,,,,,,,,,,,,,,,,,,,,,,,,,,,,,,,,,,,,,,,,,,,,,,,,,,,,,,,,,,,,,,,,,,,,,,,,,,,,,,,,,,,,,,,,,,,,,,,,
32551,364,-498,-204,-156,1138,5584,-18051,2227,110,275,0,29,62,0,16626,465,193,432,16626,1562,1538,1762,1744,0,0,0,0,0,0,0,1,3,-7,0,132,,,,,,,,,,,,,,,,,,,,,,,,,,,,,,,,,,,,,,,,,,,,,,,,,,,,,,,,,,,,,,,,,,,,,,,,,,,,,,,,,,,,,,,,,,,,,,,,,,,,,,,,,,,,,,,,,,,,,,,,,,,,,,,
32603,757,-1104,-39,-41,1097,8575,-10848,457,117,188,0,34,56,0,16626,482,327,432,16626,1578,1537,1740,1751,0,0,0,0,0,0,0,-2,2,0,9,130,,,,,,,,,,,,,,,,,,,,,,,,,,,,,,,,,,,,,,,,,,,,,,,,,,,,,,,,,,,,,,,,,,,,,,,,,,,,,,,,,,,,,,,,,,,,,,,,,,,,,,,,,,,,,,,,,,,,,,,,,,,,,,,
32651,1524,-1646,23,229,1140,5401,-11398,1922,-26,-75,2,17,10,0,16206,510,358,396,16206,1593,1529,1706,1746,0,0,0,0,0,0,0,0,-3,-26,51,134,,,,,,,,,,,,,,,,,,,,,,,,,,,,,,,,,,,,,,,,,,,,,,,,,,,,,,,,,,,,,,,,,,,,,,,,,,,,,,,,,,,,,,,,,,,,,,,,,,,,,,,,,,,,,,,,,,,,,,,,,,,,,,,
32703,1414,-1440,-2,132,915,-3570,-1876,3204,-68,-97,2,10,4,0,15246,492,320,311,15246,1536,1529,1734,1695,0,0,0,0,0,0,0,-4,0,-4,30,131,,,,,,,,,,,,,,,,,,,,,,,,,,,,,,,,,,,,,,,,,,,,,,,,,,,,,,,,,,,,,,,,,,,,,,,,,,,,,,,,,,,,,,,,,,,,,,,,,,,,,,,,,,,,,,,,,,,,,,,,,,,,,,,
32751,1162,-994,143,112,862,-4302,1602,3387,-70,-65,2,4,3,0,15291,544,297,316,15291,1539,1517,1726,1710,0,0,0,0,0,0,0,-6,-1,8,34,129,,,,,,,,,,,,,,,,,,,,,,,,,,,,,,,,,,,,,,,,,,,,,,,,,,,,,,,,,,,,,,,,,,,,,,,,,,,,,,,,,,,,,,,,,,,,,,,,,,,,,,,,,,,,,,,,,,,,,,,,,,,,,,,
32803,987,-933,141,101,1017,-2655,-2243,4364,-56,-65,0,4,1,0,15291,554,309,316,15291,1542,1522,1704,1723,0,0,0,0,0,0,0,-2,0,-12,25,131,,,,,,,,,,,,,,,,,,,,,,,,,,,,,,,,,,,,,,,,,,,,,,,,,,,,,,,,,,,,,,,,,,,,,,,,,,,,,,,,,,,,,,,,,,,,,,,,,,,,,,,,,,,,,,,,,,,,,,,,,,,,,,,
32851,904,-760,6,90,774,-4730,-4867,3326,-49,-55,2,4,1,0,15246,565,320,311,15246,1535,1519,1707,1724,0,0,0,0,0,0,0,-6,-1,5,28,126,,,,,,,,,,,,,,,,,,,,,,,,,,,,,,,,,,,,,,,,,,,,,,,,,,,,,,,,,,,,,,,,,,,,,,,,,,,,,,,,,,,,,,,,,,,,,,,,,,,,,,,,,,,,,,,,,,,,,,,,,,,,,,,
32903,576,-1016,7,44,776,-3570,-3463,3448,-29,-71,2,2,1,0,15246,563,296,311,15246,1543,1519,1710,1715,0,0,0,0,0,0,0,-2,1,-21,9,127,,,,,,,,,,,,,,,,,,,,,,,,,,,,,,,,,,,,,,,,,,,,,,,,,,,,,,,,,,,,,,,,,,,,,,,,,,,,,,,,,,,,,,,,,,,,,,,,,,,,,,,,,,,,,,,,,,,,,,,,,,,,,,,
32951,477,-772,-28,-60,1099,1739,5996,2044,-16,-79,0,3,0,0,15291,572,223,316,15291,1555,1513,1722,1702,0,0,0,0,0,0,0,-5,1,3,3,126,,,,,,,,,,,,,,,,,,,,,,,,,,,,,,,,,,,,,,,,,,,,,,,,,,,,,,,,,,,,,,,,,,,,,,,,,,,,,,,,,,,,,,,,,,,,,,,,,,,,,,,,,,,,,,,,,,,,,,,,,,,,,,,
33003,746,-168,-6,-63,973,5828,3921,2716,-44,-25,2,2,0,0,15337,579,231,320,15337,1564,1524,1711,1701,0,0,0,0,0,0,0,-8,0,22,13,126,,,,,,,,,,,,,,,,,,,,,,,,,,,,,,,,,,,,,,,,,,,,,,,,,,,,,,,,,,,,,,,,,,,,,,,,,,,,,,,,,,,,,,,,,,,,,,,,,,,,,,,,,,,,,,,,,,,,,,,,,,,,,,,
33051,942,-240,20,-95,988,-1129,-656,2593,-81,-30,0,2,0,0,15246,591,222,311,15246,1540,1529,1711,1708,0,0,0,0,0,0,0,-5,1,1,9,125,,,,,,,,,,,,,,,,,,,,,,,,,,,,,,,,,,,,,,,,,,,,,,,,,,,,,,,,,,,,,,,,,,,,,,,,,,,,,,,,,,,,,,,,,,,,,,,,,,,,,,,,,,,,,,,,,,,,,,,,,,,,,,,
33103,870,-291,188,-89,1097,-3387,564,2777,-68,-28,0,2,0,0,15246,627,264,311,15246,1557,1518,1706,1708,0,0,0,0,0,0,0,-2,1,-11,11,129,,,,,,,,,,,,,,,,,,,,,,,,,,,,,,,,,,,,,,,,,,,,,,,,,,,,,,,,,,,,,,,,,,,,,,,,,,,,,,,,,,,,,,,,,,,,,,,,,,,,,,,,,,,,,,,,,,,,,,,,,,,,,,,
33151,790,-316,-157,3,1158,1251,3921,2960,-55,-19,0,3,0,0,15291,633,266,316,15291,1564,1509,1717,1702,0,0,0,0,0,0,0,-1,1,-16,5,127,,,,,,,,,,,,,,,,,,,,,,,,,,,,,,,,,,,,,,,,,,,,,,,,,,,,,,,,,,,,,,,,,,,,,,,,,,,,,,,,,,,,,,,,,,,,,,,,,,,,,,,,,,,,,,,,,,,,,,,,,,,,,,,
33203,807,-413,-130,-106,1099,-2838,2944,1800,-60,-39,0,3,0,0,15246,678,305,311,15246,1540,1518,1714,1714,0,0,0,0,0,0,0,-2,2,-10,5,131,,,,,,,,,,,,,,,,,,,,,,,,,,,,,,,,,,,,,,,,,,,,,,,,,,,,,,,,,,,,,,,,,,,,,,,,,,,,,,,,,,,,,,,,,,,,,,,,,,,,,,,,,,,,,,,,,,,,,,,,,,,,,,,
33251,490,-67,85,37,967,-4730,-839,2105,-38,-6,0,2,0,0,15427,710,394,327,15427,1547,1526,1712,1716,0,0,0,0,0,0,0,-4,3,5,-3,123,,,,,,,,,,,,,,,,,,,,,,,,,,,,,,,,,,,,,,,,,,,,,,,,,,,,,,,,,,,,,,,,,,,,,,,,,,,,,,,,,,,,,,,,,,,,,,,,,,,,,,,,,,,,,,,,,,,,,,,,,,,,,,,
33303,470,-150,-2,-2,1037,-7659,-3707,1190,-42,-15,0,2,0,0,15472,694,356,332,15472,1553,1508,1714,1726,0,0,0,0,0,0,0,-3,0,-2,14,128,,,,,,,,,,,,,,,,,,,,,,,,,,,,,,,,,,,,,,,,,,,,,,,,,,,,,,,,,,,,,,,,,,,,,,,,,,,,,,,,,,,,,,,,,,,,,,,,,,,,,,,,,,,,,,,,,,,,,,,,,,,,,,,
33351,79,53,-29,55,1121,-5889,-5294,2777,2,-2133403,-247,434,-14,53,1171,-1983,-7736,1495,16,53,-2,-1,0,0,15472,739,373,332,15472,0,-4,-6,-8,35,128,,,,,,,,,,,,,,,,,,,,,,,,,,,,,,,,,,,,,,,,,,,,,,,,,,,,,,,,,,,,,,,,,,,,,,,,,,,,,,,,,,,,,,,,,,,,,,,,,,,,,,,,,,,,,,,,,,,,,,,,,,,,,,,
33503,21,-438,34,56,1071,-10528,-3341,518,-141,-27,0,-28,0,0,15563,772,317,340,15563,1538,1519,1721,1729,0,0,0,0,0,0,0,-3,-5,-19,27,132,,,,,,,,,,,,,,,,,,,,,,,,,,,,,,,,,,,,,,,,,,,,,,,,,,,,,,,,,,,,,,,,,,,,,,,,,,,,,,,,,,,,,,,,,,,,,,,,,,,,,,,,,,,,,,,,,,,,,,,,,,,,,,,
33551,-371,-1015,238,-8,827,-15838,3738,518,-207,-63,2,-46,0,0,15472,755,317,332,15472,1537,1524,1715,1729,0,0,0,0,0,0,0,4,-5,-65,15,133,,,,,,,,,,,,,,,,,,,,,,,,,,,,,,,,,,,,,,,,,,,,,,,,,,,,,,,,,,,,,,,,,,,,,,,,,,,,,,,,,,,,,,,,,,,,,,,,,,,,,,,,,,,,,,,,,,,,,,,,,,,,,,,
33603,-706,-765,84,-24,859,-16571,1235,1068,-201,-45,2,-52,0,0,15563,810,293,340,15563,1524,1524,1733,1728,0,0,0,0,0,0,0,-1,-8,-23,19,134,,,,,,,,,,,,,,,,,,,,,,,,,,,,,,,,,,,,,,,,,,,,,,,,,,,,,,,,,,,,,,,,,,,,,,,,,,,,,,,,,,,,,,,,,,,,,,,,,,,,,,,,,,,,,,,,,,,,,,,,,,,,,,,
33651,-985,-457,181,159,1081,-12664,747,885,-76,-16,0,-33,0,0,15518,787,312,336,15518,1502,1520,1755,1724,0,0,0,0,0,0,0,0,-11,-25,23,133,,,,,,,,,,,,,,,,,,,,,,,,,,,,,,,,,,,,,,,,,,,,,,,,,,,,,,,,,,,,,,,,,,,,,,,,,,,,,,,,,,,,,,,,,,,,,,,,,,,,,,,,,,,,,,,,,,,,,,,,,,,,,,,
33703,-1341,-183,101,91,1102,-6500,1113,1007,30,5,2,-20,1,0,15518,849,371,336,15518,1527,1523,1725,1731,0,0,0,0,0,0,0,-3,-8,-9,-2,130,,,,,,,,,,,,,,,,,,,,,,,,,,,,,,,,,,,,,,,,,,,,,,,,,,,,,,,,,,,,,,,,,,,,,,,,,,,,,,,,,,,,,,,,,,,,,,,,,,,,,,,,,,,,,,,,,,,,,,,,,,,,,,,
33751,-1461,127,-19,-77,850,4547,137,-457,106,13,2,-4,0,0,15518,848,400,336,15518,1536,1518,1730,1722,0,0,0,0,0,0,0,-7,-5,15,-23,129,,,,,,,,,,,,,,,,,,,,,,,,,,,,,,,,,,,,,,,,,,,,,,,,,,,,,,,,,,,,,,,,,,,,,,,,,,,,,,,,,,,,,,,,,,,,,,,,,,,,,,,,,,,,,,,,,,,,,,,,,,,,,,,
33803,-814,387,-131,16,1152,9918,-167,457,83,45,0,0,0,0,15067,886,450,296,15067,1541,1493,1714,1717,0,0,0,0,0,0,0,-8,-8,22,3,125,,,,,,,,,,,,,,,,,,,,,,,,,,,,,,,,,,,,,,,,,,,,,,,,,,,,,,,,,,,,,,,,,,,,,,,,,,,,,,,,,,,,,,,,,,,,,,,,,,,,,,,,,,,,,,,,,,,,,,,,,,,,,,,
33851,-62,-488,158,49,765,3814,-595,-1922,21,8,0,2,0,0,15067,916,439,296,15067,1522,1501,1712,1727,0,0,0,0,0,0,0,5,-11,-60,25,126,,,,,,,,,,,,,,,,,,,,,,,,,,,,,,,,,,,,,,,,,,,,,,,,,,,,,,,,,,,,,,,,,,,,,,,,,,,,,,,,,,,,,,,,,,,,,,,,,,,,,,,,,,,,,,,,,,,,,,,,,,,,,,,
33903,134,-621,-6,-86,1144,518,1296,-457,-2,-53,0,1,0,0,15112,939,442,300,15112,1533,1506,1718,1713,0,0,0,0,0,0,0,-1,-8,-21,10,127,,,,,,,,,,,,,,,,,,,,,,,,,,,,,,,,,,,,,,,,,,,,,,,,,,,,,,,,,,,,,,,,,,,,,,,,,,,,,,,,,,,,,,,,,,,,,,,,,,,,,,,,,,,,,,,,,,,,,,,,,,,,,,,
33951,345,-538,-91,-5,1100,2044,1785,274,11,-42,2,4,0,0,15067,935,423,296,15067,1525,1509,1727,1705,0,0,0,0,0,0,0,-3,-10,-9,23,127,,,,,,,,,,,,,,,,,,,,,,,,,,,,,,,,,,,,,,,,,,,,,,,,,,,,,,,,,,,,,,,,,,,,,,,,,,,,,,,,,,,,,,,,,,,,,,,,,,,,,,,,,,,,,,,,,,,,,,,,,,,,,,,
34003,463,-313,25,8,558,3021,2822,30,-24,-28,-2,3,0,0,15022,956,362,291,15022,1536,1486,1735,1701,0,0,0,0,0,0,0,-3,-8,-4,12,124,,,,,,,,,,,,,,,,,,,,,,,,,,,,,,,,,,,,,,,,,,,,,,,,,,,,,,,,,,,,,,,,,,,,,,,,,,,,,,,,,,,,,,,,,,,,,,,,,,,,,,,,,,,,,,,,,,,,,,,,,,,,,,,
34051,734,148,49,-12,810,213,5813,1007,-40,28,4,3,0,0,15112,959,298,300,15112,1533,1494,1717,1716,0,0,0,0,0,0,0,-4,-9,3,23,123,,,,,,,,,,,,,,,,,,,,,,,,,,,,,,,,,,,,,,,,,,,,,,,,,,,,,,,,,,,,,,,,,,,,,,,,,,,,,,,,,,,,,,,,,,,,,,,,,,,,,,,,,,,,,,,,,,,,,,,,,,,,,,,
34103,697,-30,177,42,770,-1861,869,1495,-40,0,0,4,0,0,12463,990,301,51,12463,1460,1422,1654,1675,0,0,0,0,0,0,0,1,-8,-24,16,123,,,,,,,,,,,,,,,,,,,,,,,,,,,,,,,,,,,,,,,,,,,,,,,,,,,,,,,,,,,,,,,,,,,,,,,,,,,,,,,,,,,,,,,,,,,,,,,,,,,,,,,,,,,,,,,,,,,,,,,,,,,,,,,
34151,321,292,13,-75,718,-1312,320,3021,-18,14,0,4,0,0,12020,996,271,7,12020,1451,1425,1648,1646,0,0,0,0,0,0,0,-5,-3,15,-15,124,,,,,,,,,,,,,,,,,,,,,,,,,,,,,,,,,,,,,,,,,,,,,,,,,,,,,,,,,,,,,,,,,,,,,,,,,,,,,,,,,,,,,,,,,,,,,,,,,,,,,,,,,,,,,,,,,,,,,,,,,,,,,,,
34203,403,-93,-42,16,810,-1983,4531,1922,-1,-12,-2,4,0,0,12423,1021,249,47,12423,1464,1429,1631,1651,0,0,0,0,0,0,0,2,-7,-31,7,126,,,,,,,,,,,,,,,,,,,,,,,,,,,,,,,,,,,,,,,,,,,,,,,,,,,,,,,,,,,,,,,,,,,,,,,,,,,,,,,,,,,,,,,,,,,,,,,,,,,,,,,,,,,,,,,,,,,,,,,,,,,,,,,
34251,254,-515,97,-41,812,1068,1541,701,-15,-20,0,5,0,0,13416,1016,127,143,13416,1479,1454,1675,1641,0,0,0,0,0,0,0,4,-4,-42,-11,128,,,,,,,,,,,,,,,,,,,,,,,,,,,,,,,,,,,,,,,,,,,,,,,,,,,,,,,,,,,,,,,,,,,,,,,,,,,,,,,,,,,,,,,,,,,,,,,,,,,,,,,,,,,,,,,,,,,,,,,,,,,,,,,
34303,490,-933,34,33,871,30,2700,1739,-25,-95,-2,4,0,0,13416,1021,58,143,13416,1498,1469,1657,1690,0,0,0,0,0,0,0,5,-8,-42,14,125,,,,,,,,,,,,,,,,,,,,,,,,,,,,,,,,,,,,,,,,,,,,,,,,,,,,,,,,,,,,,,,,,,,,,,,,,,,,,,,,,,,,,,,,,,,,,,,,,,,,,,,,,,,,,,,,,,,,,,,,,,,,,,,
34351,473,-1293,71,-28,493,518,11306,1434,-20,-107,2,4,0,0,13841,1024,-4,184,13841,1500,1486,1683,1686,0,0,0,0,0,0,0,10,-6,-67,5,129,,,,,,,,,,,,,,,,,,,,,,,,,,,,,,,,,,,,,,,,,,,,,,,,,,,,,,,,,,,,,,,,,,,,,,,,,,,,,,,,,,,,,,,,,,,,,,,,,,,,,,,,,,,,,,,,,,,,,,,,,,,,,,,
34403,228,-609,15,-28,723,1739,8560,1190,0,-58,0,5,0,0,14800,1026,-76,271,14800,1512,1471,1715,1680,0,0,0,0,0,0,0,2,-3,-11,-11,127,,,,,,,,,,,,,,,,,,,,,,,,,,,,,,,,,,,,,,,,,,,,,,,,,,,,,,,,,,,,,,,,,,,,,,,,,,,,,,,,,,,,,,,,,,,,,,,,,,,,,,,,,,,,,,,,,,,,,,,,,,,,,,,
34451,526,475,-176,-47,777,2288,6912,213,-6,16,-6,5,0,0,14800,1001,-136,271,14800,1532,1482,1717,1712,0,0,0,0,0,0,0,-7,-7,55,14,128,,,,,,,,,,,,,,,,,,,,,,,,,,,,,,,,,,,,,,,,,,,,,,,,,,,,,,,,,,,,,,,,,,,,,,,,,,,,,,,,,,,,,,,,,,,,,,,,,,,,,,,,,,,,,,,,,,,,,,,,,,,,,,,
34503,794,189,18,34,1085,3143,1480,823,-52,11,2,4,0,0,14889,1002,-124,280,14889,1544,1490,1704,1713,0,0,0,0,0,0,0,2,-8,-2,21,125,,,,,,,,,,,,,,,,,,,,,,,,,,,,,,,,,,,,,,,,,,,,,,,,,,,,,,,,,,,,,,,,,,,,,,,,,,,,,,,,,,,,,,,,,,,,,,,,,,,,,,,,,,,,,,,,,,,,,,,,,,,,,,,
34551,718,366,-35,94,1020,1190,-1205,1434,-36,24,2,5,0,0,14933,989,-103,284,14933,1531,1502,1712,1709,0,0,0,0,0,0,0,-1,-5,22,5,127,,,,,,,,,,,,,,,,,,,,,,,,,,,,,,,,,,,,,,,,,,,,,,,,,,,,,,,,,,,,,,,,,,,,,,,,,,,,,,,,,,,,,,,,,,,,,,,,,,,,,,,,,,,,,,,,,,,,,,,,,,,,,,,
34603,557,357,-7,28,857,823,320,-152,-29,9,0,4,0,0,15837,990,-146,363,15837,1551,1511,1723,1747,0,0,0,0,0,0,0,0,-4,14,0,120,,,,,,,,,,,,,,,,,,,,,,,,,,,,,,,,,,,,,,,,,,,,,,,,,,,,,,,,,,,,,,,,,,,,,,,,,,,,,,,,,,,,,,,,,,,,,,,,,,,,,,,,,,,,,,,,,,,,,,,,,,,,,,,
34651,645,555,104,-22,788,1739,-2426,-946,-32,47,0,4,1,0,16159,997,-124,392,16159,1563,1494,1737,1732,0,0,0,0,0,0,0,0,-4,16,4,126,,,,,,,,,,,,,,,,,,,,,,,,,,,,,,,,,,,,,,,,,,,,,,,,,,,,,,,,,,,,,,,,,,,,,,,,,,,,,,,,,,,,,,,,,,,,,,,,,,,,,,,,,,,,,,,,,,,,,,,,,,,,,,,
34703,835,-28,-114,7,1189,3143,-4257,-1922,-47,-13,2,4,0,0,16252,969,-153,399,16252,1570,1509,1732,1758,0,0,0,0,0,0,0,4,-5,-18,10,130,,,,,,,,,,,,,,,,,,,,,,,,,,,,,,,,,,,,,,,,,,,,,,,,,,,,,,,,,,,,,,,,,,,,,,,,,,,,,,,,,,,,,,,,,,,,,,,,,,,,,,,,,,,,,,,,,,,,,,,,,,,,,,,
34751,644,-224,-27,-76,877,1251,1235,-2044,-25,-24,2,5,0,0,16345,977,-83,408,16345,1556,1531,1744,1747,0,0,0,0,0,0,0,3,-1,-12,-10,130,,,,,,,,,,,,,,,,,,,,,,,,,,,,,,,,,,,,,,,,,,,,,,,,,,,,,,,,,,,,,,,,,,,,,,,,,,,,,,,,,,,,,,,,,,,,,,,,,,,,,,,,,,,,,,,,,,,,,,,,,,,,,,,
34803,527,-290,177,46,902,2105,1113,-1617,126,-26,2,35,0,0,16345,997,-15,408,16345,1524,1558,1750,1741,0,0,0,0,0,0,0,3,0,-11,-11,129,,,,,,,,,,,,,,,,,,,,,,,,,,,,,,,,,,,,,,,,,,,,,,,,,,,,,,,,,,,,,,,,,,,,,,,,,,,,,,,,,,,,,,,,,,,,,,,,,,,,,,,,,,,,,,,,,,,,,,,,,,,,,,,
34851,520,-292,98,-107,890,12420,-2975,-335,268,-17,2,63,1,0,16345,978,15,408,16345,1554,1530,1743,1754,0,0,0,0,0,0,0,3,2,-16,-22,130,,,,,,,,,,,,,,,,,,,,,,,,,,,,,,,,,,,,,,,,,,,,,,,,,,,,,,,,,,,,,,,,,,,,,,,,,,,,,,,,,,,,,,,,,,,,,,,,,,,,,,,,,,,,,,,,,,,,,,,,,,,,,,,
34903,1112,-367,85,51,1011,24627,-3402,-1556,335,-25,0,83,0,0,16392,993,43,412,16392,1569,1495,1749,1760,0,0,0,0,0,0,0,4,1,-18,-3,130,,,,,,,,,,,,,,,,,,,,,,,,,,,,,,,,,,,,,,,,,,,,,,,,,,,,,,,,,,,,,,,,,,,,,,,,,,,,,,,,,,,,,,,,,,,,,,,,,,,,,,,,,,,,,,,,,,,,,,,,,,,,,,,
34951,2083,2,-75,71,1216,21270,2395,-2227,244,1,2,82,0,0,16392,1006,60,412,16392,1564,1499,1764,1746,0,0,0,0,0,0,0,-2,0,18,21,126,,,,,,,,,,,,,,,,,,,,,,,,,,,,,,,,,,,,,,,,,,,,,,,,,,,,,,,,,,,,,,,,,,,,,,,,,,,,,,,,,,,,,,,,,,,,,,,,,,,,,,,,,,,,,,,,,,,,,,,,,,,,,,,
35003,2552,-177,-89,-37,1273,12786,1541,-1739,124,-16,0,69,0,0,16345,999,99,408,16345,1567,1503,1748,1755,0,0,0,0,0,0,0,2,5,-10,8,130,,,,,,,,,,,,,,,,,,,,,,,,,,,,,,,,,,,,,,,,,,,,,,,,,,,,,,,,,,,,,,,,,,,,,,,,,,,,,,,,,,,,,,,,,,,,,,,,,,,,,,,,,,,,,,,,,,,,,,,,,,,,,,,
35051,2777,-41,71,98,989,6500,2639,-1495,10,-12,2,51,0,0,16345,998,144,408,16345,1575,1503,1724,,,,,,,,,,,,,,,,,,,,,,,,,,,,,,,,,,,,,,,,,,,,,,,,,,,,,,,,,,,,,,,,,,,,,,,,,,,,,,,,,,,,,,,,,,,,,,,,,,,,,,,,,,,,,,,,,,,,,,,,,,,,,,,,,,,,,,,,,,,,
35103,2444,21,87,-52,1044,-1373,3250,-1678,-83,0,2,27,0,0,16438,1010,208,415,16436651,672,-455,112,110,928,-3387,1419,1251,-28,-38,-2,4,0,0,15067,1260,-170,296,150636703,389,292,-136,-18,864,-1251,564,1739,-15,9,0,3,0,0,15112,1257,-186,300,15112,1531,1504,1715,1712,0,0,0,0,0,0,0,-7,3,39,2,126,,,,,,,,,,,,,,,,,,,,,,,,,,,,,,,,,,,,,,,,,,,,,,,,,,,,,,,,,,,,,,,,,,,,,,,,,,,,,,,,,,,,,,,,,
36751,635,139,85,48,757,-1617,-1144,1617,-32,14,-2,4,0,0,15067,1232,-213,296,15067,1549,1497,1701,1724,0,0,0,0,0,0,0,0,-1,0,30,127,,,,,,,,,,,,,,,,,,,,,,,,,,,,,,,,,,,,,,,,,,,,,,,,,,,,,,,,,,,,,,,,,,,,,,,,,,,,,,,,,,,,,,,,,,,,,,,,,,,,,,,,,,,,,,,,,,,,,,,,,,,,,,,
36803,762,484,-157,49,1021,-4608,-1754,640,-35,24,0,4,0,0,15022,1242,-191,291,15022,1535,1498,1712,1717,0,0,0,0,0,0,0,-6,-2,36,37,130,,,,,,,,,,,,,,,,,,,,,,,,,,,,,,,,,,,,,,,,,,,,,,,,,,,,,,,,,,,,,,,,,,,,,,,,,,,,,,,,,,,,,,,,,,,,,,,,,,,,,,,,,,,,,,,,,,,,,,,,,,,,,,,
36851,566,224,-205,87,905,-5889,1358,30,-29,7,2,4,0,0,15067,1226,-218,296,15067,1527,1506,1720,1713,0,0,0,0,0,0,0,0,0,3,18,123,,,,,,,,,,,,,,,,,,,,,,,,,,,,,,,,,,,,,,,,,,,,,,,,,,,,,,,,,,,,,,,,,,,,,,,,,,,,,,,,,,,,,,,,,,,,,,,,,,,,,,,,,,,,,,,,,,,,,,,,,,,,,,,
36903,190,-5,-98,-145,1143,-2655,-2304,579,-16,-14,0,4,0,0,15022,1221,-187,291,15022,1535,1501,1720,1710,0,0,0,0,0,0,0,0,3,2,-10,129,,,,,,,,,,,,,,,,,,,,,,,,,,,,,,,,,,,,,,,,,,,,,,,,,,,,,,,,,,,,,,,,,,,,,,,,,,,,,,,,,,,,,,,,,,,,,,,,,,,,,,,,,,,,,,,,,,,,,,,,,,,,,,,
36951,99,197,-52,-66,1130,-1190,1052,701,20,22,0,4,0,0,15022,1210,-178,291,15022,1539,1506,1719,1704,0,0,0,0,0,0,0,-1,1,8,-1,125,,,,,,,,,,,,,,,,,,,,,,,,,,,,,,,,,,,,,,,,,,,,,,,,,,,,,,,,,,,,,,,,,,,,,,,,,,,,,,,,,,,,,,,,,,,,,,,,,,,,,,,,,,,,,,,,,,,,,,,,,,,,,,,
37003,24,157,25,-43,783,1373,3433,701,34,-10,2,6,-3,0,15022,1226,-124,291,15022,1532,1504,1712,1715,0,0,0,0,0,0,0,0,2,-2,-3,124,,,,,,,,,,,,,,,,,,,,,,,,,,,,,,,,,,,,,,,,,,,,,,,,,,,,,,,,,,,,,,,,,,,,,,,,,,,,,,,,,,,,,,,,,,,,,,,,,,,,,,,,,,,,,,,,,,,,,,,,,,,,,,,
37051,371,195,-72,16,1096,2838,137,213,-10,11,0,4,0,0,15067,1193,-158,296,15067,1553,1491,1701,1722,0,0,0,0,0,0,0,0,0,0,14,123,,,,,,,,,,,,,,,,,,,,,,,,,,,,,,,,,,,,,,,,,,,,,,,,,,,,,,,,,,,,,,,,,,,,,,,,,,,,,,,,,,,,,,,,,,,,,,,,,,,,,,,,,,,,,,,,,,,,,,,,,,,,,,,
37103,492,-122,24,4,1226,-1434,1907,-396,-26,-1,0,4,0,0,15067,1191,-149,296,15067,1530,1495,1721,1720,0,0,0,0,0,0,0,5,0,-26,12,127,,,,,,,,,,,,,,,,,,,,,,,,,,,,,,,,,,,,,,,,,,,,,,,,,,,,,,,,,,,,,,,,,,,,,,,,,,,,,,,,,,,,,,,,,,,,,,,,,,,,,,,,,,,,,,,,,,,,,,,,,,,,,,,
37151,478,221,-95,61,822,-579,1968,1068,-10,19,2,4,1,0,15022,1190,-122,291,15022,1550,1510,1705,1707,0,0,0,0,0,0,0,0,-2,9,24,125,,,,,,,,,,,,,,,,,,,,,,,,,,,,,,,,,,,,,,,,,,,,,,,,,,,,,,,,,,,,,,,,,,,,,,,,,,,,,,,,,,,,,,,,,,,,,,,,,,,,,,,,,,,,,,,,,,,,,,,,,,,,,,,
37203,568,606,-7,141,1013,4486,-1571,762,-14,70,4,4,0,0,15067,1170,-127,296,15067,1542,1506,1729,1692,0,0,0,0,0,0,0,-2,-2,21,24,128,,,,,,,,,,,,,,,,,,,,,,,,,,,,,,,,,,,,,,,,,,,,,,,,,,,,,,,,,,,,,,,,,,,,,,,,,,,,,,,,,,,,,,,,,,,,,,,,,,,,,,,,,,,,,,,,,,,,,,,,,,,,,,,
37251,820,640,23,-39,1221,1068,-350,1007,-41,51,0,4,0,0,15067,1172,-159,296,15067,1539,1499,1718,1711,0,0,0,0,0,0,0,0,-3,12,35,127,,,,,,,,,,,,,,,,,,,,,,,,,,,,,,,,,,,,,,,,,,,,,,,,,,,,,,,,,,,,,,,,,,,,,,,,,,,,,,,,,,,,,,,,,,,,,,,,,,,,,,,,,,,,,,,,,,,,,,,,,,,,,,,
37303,724,359,-2,-75,1233,-5035,2639,-1129,-54,35,2,3,0,0,15067,1158,-189,296,15067,1527,1508,1711,1719,0,0,0,0,0,0,0,1,-1,-4,15,129,,,,,,,,,,,,,,,,,,,,,,,,,,,,,,,,,,,,,,,,,,,,,,,,,,,,,,,,,,,,,,,,,,,,,,,,,,,,,,,,,,,,,,,,,,,,,,,,,,,,,,,,,,,,,,,,,,,,,,,,,,,,,,,
37351,491,359,89,-15,1110,-2227,-717,-335,-28,46,2,3,1,0,15022,1141,-195,291,15022,1549,1512,1711,1700,0,0,0,0,0,0,0,1,0,-2,9,126,,,,,,,,,,,,,,,,,,,,,,,,,,,,,,,,,,,,,,,,,,,,,,,,,,,,,,,,,,,,,,,,,,,,,,,,,,,,,,,,,,,,,,,,,,,,,,,,,,,,,,,,,,,,,,,,,,,,,,,,,,,,,,,
37403,584,155,-51,15,1163,-2532,-4196,885,-23,25,2,4,0,0,15067,1123,-210,296,15067,1537,1503,1712,1715,0,0,0,0,0,0,0,1,-3,-4,24,128,,,,,,,,,,,,,,,,,,,,,,,,,,,,,,,,,,,,,,,,,,,,,,,,,,,,,,,,,,,,,,,,,,,,,,,,,,,,,,,,,,,,,,,,,,,,,,,,,,,,,,,,,,,,,,,,,,,,,,,,,,,,,,,
37451,491,225,149,110,764,-3570,-3646,518,-18,34,2,4,0,0,15022,1115,-211,291,15022,1535,1509,1703,1724,0,0,0,0,0,0,0,0,-3,5,21,127,,,,,,,,,,,,,,,,,,,,,,,,,,,,,,,,,,,,,,,,,,,,,,,,,,,,,,,,,,,,,,,,,,,,,,,,,,,,,,,,,,,,,,,,,,,,,,,,,,,,,,,,,,,,,,,,,,,,,,,,,,,,,,,
37503,404,87,-27,26,868,-762,-7003,640,-30,4,2,4,0,0,15067,1114,-221,296,15067,1533,1506,1699,1722,0,0,0,0,0,0,0,0,-2,0,14,123,,,,,,,,,,,,,,,,,,,,,,,,,,,,,,,,,,,,,,,,,,,,,,,,,,,,,,,,,,,,,,,,,,,,,,,,,,,,,,,,,,,,,,,,,,,,,,,,,,,,,,,,,,,,,,,,,,,,,,,,,,,,,,,
37551,437,-226,173,133,1095,-640,-7064,30,-8,-11,0,4,0,0,15112,1086,-261,300,15112,1537,1493,1700,1738,0,0,0,0,0,0,0,0,-4,-8,26,128,,,,,,,,,,,,,,,,,,,,,,,,,,,,,,,,,,,,,,,,,,,,,,,,,,,,,,,,,,,,,,,,,,,,,,,,,,,,,,,,,,,,,,,,,,,,,,,,,,,,,,,,,,,,,,,,,,,,,,,,,,,,,,,
37603,329,-553,98,57,1096,-2838,-8834,396,-12,-50,0,3,0,0,15067,1070,-267,296,15067,1542,1499,1703,1723,0,0,0,0,0,0,0,0,-2,-10,12,130,,,,,,,,,,,,,,,,,,,,,,,,,,,,,,,,,,,,,,,,,,,,,,,,,,,,,,,,,,,,,,,,,,,,,,,,,,,,,,,,,,,,,,,,,,,,,,,,,,,,,,,,,,,,,,,,,,,,,,,,,,,,,,,
37651,164,-789,-116,-4,1160,91,-1144,-885,3,-80,2,4,0,0,15157,1065,-255,304,15157,1529,1506,1711,1720,0,0,0,0,0,0,0,-1,0,-9,-4,127,,,,,,,,,,,,,,,,,,,,,,,,,,,,,,,,,,,,,,,,,,,,,,,,,,,,,,,,,,,,,,,,,,,,,,,,,,,,,,,,,,,,,,,,,,,,,,,,,,,,,,,,,,,,,,,,,,,,,,,,,,,,,,,
37703,319,-436,-71,82,1025,30,3067,-1922,-3,-56,0,4,0,0,15067,1034,-301,296,15067,1532,1497,1707,1725,0,0,0,0,0,0,0,-6,-3,21,16,128,,,,,,,,,,,,,,,,,,,,,,,,,,,,,,,,,,,,,,,,,,,,,,,,,,,,,,,,,,,,,,,,,,,,,,,,,,,,,,,,,,,,,,,,,,,,,,,,,,,,,,,,,,,,,,,,,,,,,,,,,,,,,,,
37751,365,-434,-8,-47,1174,-701,-1022,-1861,-7,-39,0,4,0,0,15067,1049,-293,296,15067,1534,1504,1709,1720,0,0,0,0,0,0,0,-4,-1,6,8,129,,,,,,,,,,,,,,,,,,,,,,,,,,,,,,,,,,,,,,,,,,,,,,,,,,,,,,,,,,,,,,,,,,,,,,,,,,,,,,,,,,,,,,,,,,,,,,,,,,,,,,,,,,,,,,,,,,,,,,,,,,,,,,,
37803,293,-263,-47,-151,1083,-762,-534,-1129,-6,-42,0,4,0,0,15022,1032,-230,291,15022,1515,1503,1710,1730,0,0,0,0,0,0,0,-8,0,27,-4,131,,,,,,,,,,,,,,,,,,,,,,,,,,,,,,,,,,,,,,,,,,,,,,,,,,,,,,,,,,,,,,,,,,,,,,,,,,,,,,,,,,,,,,,,,,,,,,,,,,,,,,,,,,,,,,,,,,,,,,,,,,,,,,,
37851,480,-337,-213,-1,905,-3387,1968,-1556,-21,-58,0,4,0,0,15112,1025,-226,300,15112,1533,1485,1711,1728,0,0,0,0,0,0,0,-6,-3,17,17,132,,,,,,,,,,,,,,,,,,,,,,,,,,,,,,,,,,,,,,,,,,,,,,,,,,,,,,,,,,,,,,,,,,,,,,,,,,,,,,,,,,,,,,,,,,,,,,,,,,,,,,,,,,,,,,,,,,,,,,,,,,,,,,,
37903,452,32,-212,7,914,-335,5081,-1007,-10,-19,0,4,0,0,15022,1011,-231,291,15022,1507,1509,1724,1724,0,0,0,0,0,0,0,-9,-2,34,11,128,,,,,,,,,,,,,,,,,,,,,,,,,,,,,,,,,,,,,,,,,,,,,,,,,,,,,,,,,,,,,,,,,,,,,,,,,,,,,,,,,,,,,,,,,,,,,,,,,,,,,,,,,,,,,,,,,,,,,,,,,,,,,,,
37951,317,51,-43,-107,962,-5157,808,-579,-20,5,0,4,0,0,15022,1005,-198,291,15022,1532,1502,1707,1721,0,0,0,0,0,0,0,-3,-1,1,0,125,,,,,,,,,,,,,,,,,,,,,,,,,,,,,,,,,,,,,,,,,,,,,,,,,,,,,,,,,,,,,,,,,,,,,,,,,,,,,,,,,,,,,,,,,,,,,,,,,,,,,,,,,,,,,,,,,,,,,,,,,,,,,,,
38003,323,-269,-57,35,1109,-4058,1296,-213,-7,-25,2,4,0,0,15022,978,-209,291,15022,1514,1499,1722,1722,0,0,0,0,0,0,0,0,-4,-16,13,129,,,,,,,,,,,,,,,,,,,,,,,,,,,,,,,,,,,,,,,,,,,,,,,,,,,,,,,,,,,,,,,,,,,,,,,,,,,,,,,,,,,,,,,,,,,,,,,,,,,,,,,,,,,,,,,,,,,,,,,,,,,,,,,
38051,117,-116,-71,-83,840,-1373,3982,885,-2,-83,0,4,-12,0,15022,999,-162,291,15022,1529,1497,1703,1734,0,0,0,0,0,0,0,0,-1,-6,-5,129,,,,,,,,,,,,,,,,,,,,,,,,,,,,,,,,,,,,,,,,,,,,,,,,,,,,,,,,,,,,,,,,,,,,,,,,,,,,,,,,,,,,,,,,,,,,,,,,,,,,,,,,,,,,,,,,,,,,,,,,,,,,,,,
38103,191,231,-120,56,1030,518,9231,-518,0,-197,0,4,-41,0,15067,996,-136,296,15067,1526,1504,1706,1729,0,0,0,0,0,0,0,-2,-4,6,10,128,,,,,,,,,,,,,,,,,,,,,,,,,,,,,,,,,,,,,,,,,,,,,,,,,,,,,,,,,,,,,,,,,,,,,,,,,,,,,,,,,,,,,,,,,,,,,,,,,,,,,,,,,,,,,,,,,,,,,,,,,,,,,,,
38151,425,719,159,56,872,946,13931,1068,-9,-183,2,2,-48,0,15022,989,-132,291,15022,1548,1497,1712,1708,0,0,0,0,0,0,0,2,-7,-9,31,128,,,,,,,,,,,,,,,,,,,,,,,,,,,,,,,,,,,,,,,,,,,,,,,,,,,,,,,,,,,,,,,,,,,,,,,,,,,,,,,,,,,,,,,,,,,,,,,,,,,,,,,,,,,,,,,,,,,,,,,,,,,,,,,
38203,443,1110,122,7,972,-30,13259,946,-2,-163,2,5,-53,0,15067,985,-105,296,15067,1525,1499,1727,1712,0,0,0,0,0,0,0,6,-5,-17,17,128,,,,,,,,,,,,,,,,,,,,,,,,,,,,,,,,,,,,,,,,,,,,,,,,,,,,,,,,,,,,,,,,,,,,,,,,,,,,,,,,,,,,,,,,,,,,,,,,,,,,,,,,,,,,,,,,,,,,,,,,,,,,,,,
38251,704,1664,38,141,893,2655,15151,-213,-19,-38,2,6,-36,0,15067,966,-121,296,15067,1529,1498,1739,1697,0,0,0,0,0,0,0,4,-8,4,33,129,,,,,,,,,,,,,,,,,,,,,,,,,,,,,,,,,,,,,,,,,,,,,,,,,,,,,,,,,,,,,,,,,,,,,,,,,,,,,,,,,,,,,,,,,,,,,,,,,,,,,,,,,,,,,,,,,,,,,,,,,,,,,,,
38303,615,2146,-87,161,1055,-640,4348,396,-16,91,2,5,-23,0,15067,970,-107,296,15067,1546,1504,1723,1696,0,0,0,0,0,0,0,2,-4,25,14,129,,,,,,,,,,,,,,,,,,,,,,,,,,,,,,,,,,,,,,,,,,,,,,,,,,,,,,,,,,,,,,,,,,,,,,,,,,,,,,,,,,,,,,,,,,,,,,,,,,,,,,,,,,,,,,,,,,,,,,,,,,,,,,,
38351,622,2063,-3,14,834,274,-1327,518,-29,151,0,6,-10,0,15067,950,-93,296,15067,1536,1498,1731,1700,0,0,0,0,0,0,0,4,-4,13,12,126,,,,,,,,,,,,,,,,,,,,,,,,,,,,,,,,,,,,,,,,,,,,,,,,,,,,,,,,,,,,,,,,,,,,,,,,,,,,,,,,,,,,,,,,,,,,,,,,,,,,,,,,,,,,,,,,,,,,,,,,,,,,,,,
38403,613,1622,-40,2,924,1922,-5538,1312,-16,143,0,6,-2,0,15112,933,-162,300,15112,1538,1512,1716,1707,0,0,0,0,0,0,0,5,-3,7,10,127,,,,,,,,,,,,,,,,,,,,,,,,,,,,,,,,,,,,,,,,,,,,,,,,,,,,,,,,,,,,,,,,,,,,,,,,,,,,,,,,,,,,,,,,,,,,,,,,,,,,,,,,,,,,,,,,,,,,,,,,,,,,,,,
38451,643,839,224,4,933,-946,-2426,579,-24,96,2,6,-2,0,15067,936,-201,296,15067,1535,1516,1709,1710,0,0,0,0,0,0,0,11,-5,-33,17,127,,,,,,,,,,,,,,,,,,,,,,,,,,,,,,,,,,,,,,,,,,,,,,,,,,,,,,,,,,,,,,,,,,,,,,,,,,,,,,,,,,,,,,,,,,,,,,,,,,,,,,,,,,,,,,,,,,,,,,,,,,,,,,,
38503,461,835,182,18,1006,1129,-3524,3021,-16,64,0,5,-4,0,15112,912,-200,300,15112,1529,1513,1717,1713,0,0,0,0,0,0,0,4,-2,2,0,126,,,,,,,,,,,,,,,,,,,,,,,,,,,,,,,,,,,,,,,,,,,,,,,,,,,,,,,,,,,,,,,,,,,,,,,,,,,,,,,,,,,,,,,,,,,,,,,,,,,,,,,,,,,,,,,,,,,,,,,,,,,,,,,
38551,615,438,52,141,813,-640,-2487,1373,-14,41,0,6,-2,0,15067,896,-258,296,15067,1538,1492,1714,1720,0,0,0,0,0,0,0,7,-5,-16,18,128,,,,,,,,,,,,,,,,,,,,,,,,,,,,,,,,,,,,,,,,,,,,,,,,,,,,,,,,,,,,,,,,,,,,,,,,,,,,,,,,,,,,,,,,,,,,,,,,,,,,,,,,,,,,,,,,,,,,,,,,,,,,,,,
38603,788,366,118,29,995,30,-5722,457,-32,44,0,6,-1,0,15067,891,-281,296,15067,1537,1500,1716,1710,0,0,0,0,0,0,0,4,-5,-1,20,124,,,,,,,,,,,,,,,,,,,,,,,,,,,,,,,,,,,,,,,,,,,,,,,,,,,,,,,,,,,,,,,,,,,,,,,,,,,,,,,,,,,,,,,,,,,,,,,,,,,,,,,,,,,,,,,,,,,,,,,,,,,,,,,
38651,908,456,7,72,1012,1129,-5477,-335,-38,42,4,6,-2,0,15112,863,-284,300,15112,1534,1499,1727,1706,0,0,0,0,0,0,0,1,-6,12,26,126,,,,,,,,,,,,,,,,,,,,,,,,,,,,,,,,,,,,,,,,,,,,,,,,,,,,,,,,,,,,,,,,,,,,,,,,,,,,,,,,,,,,,,,,,,,,,,,,,,,,,,,,,,,,,,,,,,,,,,,,,,,,,,,
38703,788,217,67,78,898,946,-2365,-1068,-39,17,2,6,0,0,15112,857,-328,300,15112,1535,1501,1713,1721,0,0,0,0,0,0,0,4,-3,-5,11,125,,,,,,,,,,,,,,,,,,,,,,,,,,,,,,,,,,,,,,,,,,,,,,,,,,,,,,,,,,,,,,,,,,,,,,,,,,,,,,,,,,,,,,,,,,,,,,,,,,,,,,,,,,,,,,,,,,,,,,,,,,,,,,,
38751,797,64,50,-6,1214,-885,-2120,-1678,-38,21,0,6,0,0,15022,843,-297,291,15022,1537,1497,1712,1716,0,0,0,0,0,0,0,3,-3,-3,13,126,,,,,,,,,,,,,,,,,,,,,,,,,,,,,,,,,,,,,,,,,,,,,,,,,,,,,,,,,,,,,,,,,,,,,,,,,,,,,,,,,,,,,,,,,,,,,,,,,,,,,,,,,,,,,,,,,,,,,,,,,,,,,,,
38803,729,-336,125,11,917,-1434,-1937,-2410,12,-32,0,14,0,0,15112,821,-269,300,15112,1519,1514,1719,1710,0,0,0,0,0,0,0,7,-3,-25,13,131,,,,,,,,,,,,,,,,,,,,,,,,,,,,,,,,,,,,,,,,,,,,,,,,,,,,,,,,,,,,,,,,,,,,,,,,,,,,,,,,,,,,,,,,,,,,,,,,,,,,,,,,,,,,,,,,,,,,,,,,,,,,,,,
38851,769,86,-55,-15,1017,2593,76,-885,176,3,-2,44,0,0,15022,818,-307,291,15022,1529,1514,1703,1722,0,0,0,0,0,0,0,-1,-4,21,20,126,,,,,,,,,,,,,,,,,,,,,,,,,,,,,,,,,,,,,,,,,,,,,,,,,,,,,,,,,,,,,,,,,,,,,,,,,,,,,,,,,,,,,,,,,,,,,,,,,,,,,,,,,,,,,,,,,,,,,,,,,,,,,,,
38903,975,-177,28,7,814,12176,-3036,-1190,177,-20,-2,51,0,0,15022,807,-231,291,15022,1535,1497,1711,1718,0,0,0,0,0,0,0,2,-1,-3,5,129,,,,,,,,,,,,,,,,,,,,,,,,,,,,,,,,,,,,,,,,,,,,,,,,,,,,,,,,,,,,,,,,,,,,,,,,,,,,,,,,,,,,,,,,,,,,,,,,,,,,,,,,,,,,,,,,,,,,,,,,,,,,,,,
38951,1450,-216,9,-49,1092,11627,-1632,-152,264,-21,0,76,0,0,15067,792,-200,296,15067,1528,1500,1714,1723,0,0,0,0,0,0,0,0,0,4,11,129,,,,,,,,,,,,,,,,,,,,,,,,,,,,,,,,,,,,,,,,,,,,,,,,,,,,,,,,,,,,,,,,,,,,,,,,,,,,,,,,,,,,,,,,,,,,,,,,,,,,,,,,,,,,,,,,,,,,,,,,,,,,,,,
39003,1616,-541,258,-83,869,14556,625,-701,267,-41,2,83,0,0,15067,770,-238,296,15067,1519,1493,1720,1724,0,0,0,0,0,0,0,7,5,-39,-8,130,,,,,,,,,,,,,,,,,,,,,,,,,,,,,,,,,,,,,,,,,,,,,,,,,,,,,,,,,,,,,,,,,,,,,,,,,,,,,,,,,,,,,,,,,,,,,,,,,,,,,,,,,,,,,,,,,,,,,,,,,,,,,,,
39051,2095,173,-80,39,1051,17181,198,-274,159,-12,-2,66,0,0,15067,781,-244,296,15067,1555,1484,1705,1725,0,0,0,0,0,0,0,-5,4,40,9,129,,,,,,,,,,,,,,,,,,,,,,,,,,,,,,,,,,,,,,,,,,,,,,,,,,,,,,,,,,,,,,,,,,,,,,,,,,,,,,,,,,,,,,,,,,,,,,,,,,,,,,,,,,,,,,,,,,,,,,,,,,,,,,,
39103,2700,-185,7,163,967,8941,-3036,-1434,-36,-5,0,36,0,0,15022,745,-221,291,15022,1543,1465,1717,1728,0,0,0,0,0,0,0,3,0,-13,46,129,,,,,,,,,,,,,,,,,,,,,,,,,,,,,,,,,,,,,,,,,,,,,,,,,,,,,,,,,,,,,,,,,,,,,,,,,,,,,,,,,,,,,,,,,,,,,,,,,,,,,,,,,,,,,,,,,,,,,,,,,,,,,,,
39151,2687,-150,-113,90,1021,-7476,-3890,-335,-168,-26,2,15,0,0,15067,742,-235,296,15067,1531,1472,1726,1727,0,0,0,0,0,0,0,0,0,10,44,133,,,,,,,,,,,,,,,,,,,,,,,,,,,,,,,,,,,,,,,,,,,,,,,,,,,,,,,,,,,,,,,,,,,,,,,,,,,,,,,,,,,,,,,,,,,,,,,,,,,,,,,,,,,,,,,,,,,,,,,,,,,,,,,
39203,1963,-477,0,94,1153,-10833,2212,-1312,-135,-51,-2,9,-2,0,15067,706,-306,296,15067,1507,1496,1720,1731,0,0,0,0,0,0,0,4,3,-23,20,133,,,,,,,,,,,,,,,,,,,,,,,,,,,,,,,,,,,,,,,,,,,,,,,,,,,,,,,,,,,,,,,,,,,,,,,,,,,,,,,,,,,,,,,,,,,,,,,,,,,,,,,,,,,,,,,,,,,,,,,,,,,,,,,
39251,1043,-116,-162,-110,1123,-6622,381,-1495,-70,-37,0,9,0,0,15067,710,-285,296,15067,1531,1490,1715,1726,0,0,0,0,0,0,0,-4,9,28,-22,134,,,,,,,,,,,,,,,,,,,,,,,,,,,,,,,,,,,,,,,,,,,,,,,,,,,,,,,,,,,,,,,,,,,,,,,,,,,,,,,,,,,,,,,,,,,,,,,,,,,,,,,,,,,,,,,,,,,,,,,,,,,,,,,
39303,867,174,-217,-64,1039,-1556,320,-1312,-44,3,2,8,0,0,15067,675,-313,296,15067,1530,1482,1730,1718,0,0,0,0,0,0,0,-5,5,32,0,127,,,,,,,,,,,,,,,,,,,,,,,,,,,,,,,,,,,,,,,,,,,,,,,,,,,,,,,,,,,,,,,,,,,,,,,,,,,,,,,,,,,,,,,,,,,,,,,,,,,,,,,,,,,,,,,,,,,,,,,,,,,,,,,
39351,910,-232,87,58,834,274,-289,-2166,-35,-11,2,8,-1,0,15067,654,-390,296,15067,1529,1489,1713,1731,0,0,0,0,0,0,0,3,1,-19,18,127,,,,,,,,,,,,,,,,,,,,,,,,,,,,,,,,,,,,,,,,,,,,,,,,,,,,,,,,,,,,,,,,,,,,,,,,,,,,,,,,,,,,,,,,,,,,,,,,,,,,,,,,,,,,,,,,,,,,,,,,,,,,,,,
39403,930,-43,-147,-42,1063,-1068,1235,-762,-35,-20,-2,8,-1,0,15022,648,-374,291,15022,1522,1490,1727,1720,0,0,0,0,0,0,0,-1,0,9,22,131,,,,,,,,,,,,,,,,,,,,,,,,,,,,,,,,,,,,,,,,,,,,,,,,,,,,,,,,,,,,,,,,,,,,,,,,,,,,,,,,,,,,,,,,,,,,,,,,,,,,,,,,,,,,,,,,,,,,,,,,,,,,,,,
39451,696,-265,-25,-37,843,-2960,2944,-762,-30,-39,0,6,0,0,15112,642,-314,300,15112,1523,1482,1720,1733,0,0,0,0,0,0,0,1,2,-6,9,127,,,,,,,,,,,,,,,,,,,,,,,,,,,,,,,,,,,,,,,,,,,,,,,,,,,,,,,,,,,,,,,,,,,,,,,,,,,,,,,,,,,,,,,,,,,,,,,,,,,,,,,,,,,,,,,,,,,,,,,,,,,,,,,
39503,704,-418,-82,12,1253,-3326,1480,-823,-27,-34,0,6,0,0,15112,626,-275,300,15112,1533,1496,1717,1722,0,0,0,0,0,0,0,3,0,-20,22,129,,,,,,,,,,,,,,,,,,,,,,,,,,,,,,,,,,,,,,,,,,,,,,,,,,,,,,,,,,,,,,,,,,,,,,,,,,,,,,,,,,,,,,,,,,,,,,,,,,,,,,,,,,,,,,,,,,,,,,,,,,,,,,,
39551,631,-53,-185,-20,1000,-4180,7888,-457,-25,-36,0,7,0,0,15157,614,-228,304,15157,1540,1485,1724,1721,0,0,0,0,0,0,0,-1,0,16,14,130,,,,,,,,,,,,,,,,,,,,,,,,,,,,,,,,,,,,,,,,,,,,,,,,,,,,,,,,,,,,,,,,,,,,,,,,,,,,,,,,,,,,,,,,,,,,,,,,,,,,,,,,,,,,,,,,,,,,,,,,,,,,,,,
39603,510,205,131,62,872,-2227,2517,-762,-21,21,0,6,0,0,15067,620,-213,296,15067,1527,1490,1728,1723,0,0,0,0,0,0,0,2,2,-1,4,124,,,,,,,,,,,,,,,,,,,,,,,,,,,,,,,,,,,,,,,,,,,,,,,,,,,,,,,,,,,,,,,,,,,,,,,,,,,,,,,,,,,,,,,,,,,,,,,,,,,,,,,,,,,,,,,,,,,,,,,,,,,,,,,
39651,424,713,0,-17,955,-2899,2273,-1007,-10,50,2,6,0,0,15157,628,-120,304,15157,1529,1494,1723,1723,0,0,0,0,0,0,0,-3,1,31,5,125,,,,,,,,,,,,,,,,,,,,,,,,,,,,,,,,,,,,,,,,,,,,,,,,,,,,,,,,,,,,,,,,,,,,,,,,,,,,,,,,,,,,,,,,,,,,,,,,,,,,,,,,,,,,,,,,,,,,,,,,,,,,,,,
39703,284,455,-161,-131,1021,1983,-3097,-1861,7,36,0,6,0,0,15202,612,-112,307,15202,1530,1491,1716,1736,0,0,0,0,0,0,0,2,4,0,-11,128,,,,,,,,,,,,,,,,,,,,,,,,,,,,,,,,,,,,,,,,,,,,,,,,,,,,,,,,,,,,,,,,,,,,,,,,,,,,,,,,,,,,,,,,,,,,,,,,,,,,,,,,,,,,,,,,,,,,,,,,,,,,,,,
39751,467,266,53,59,992,823,-2609,-823,-13,31,2,6,0,0,15157,606,-107,304,15157,1528,1473,1741,1728,0,0,0,0,0,0,0,2,1,-2,8,122,,,,,,,,,,,,,,,,,,,,,,,,,,,,,,,,,,,,,,,,,,,,,,,,,,,,,,,,,,,,,,,,,,,,,,,,,,,,,,,,,,,,,,,,,,,,,,,,,,,,,,,,,,,,,,,,,,,,,,,,,,,,,,,
39803,608,486,-100,25,816,-1800,-2426,-1434,-11,37,0,6,0,0,15202,581,-159,307,15202,1516,1493,1726,1731,0,0,0,0,0,0,0,-1,-1,21,23,130,,,,,,,,,,,,,,,,,,,,,,,,,,,,,,,,,,,,,,,,,,,,,,,,,,,,,,,,,,,,,,,,,,,,,,,,,,,,,,,,,,,,,,,,,,,,,,,,,,,,,,,,,,,,,,,,,,,,,,,,,,,,,,,
39851,394,540,170,0,1113,-2593,-2975,-762,-23,43,2,6,0,0,15246,568,-208,311,15246,1522,1494,1729,1729,0,0,0,0,0,0,0,-1,1,16,1,126,,,,,,,,,,,,,,,,,,,,,,,,,,,,,,,,,,,,,,,,,,,,,,,,,,,,,,,,,,,,,,,,,,,,,,,,,,,,,,,,,,,,,,,,,,,,,,,,,,,,,,,,,,,,,,,,,,,,,,,,,,,,,,,
39903,137,-6,-25,-4,1000,-3143,-3341,-885,23,7,2,6,-1,0,15246,558,-164,311,15246,1524,1495,1716,1741,0,0,0,0,0,0,0,6,2,-28,-2,126,,,,,,,,,,,,,,,,,,,,,,,,,,,,,,,,,,,,,,,,,,,,,,,,,,,,,,,,,,,,,,,,,,,,,,,,,,,,,,,,,,,,,,,,,,,,,,,,,,,,,,,,,,,,,,,,,,,,,,,,,,,,,,,
39951,214,1,75,93,818,-3997,-1083,-1434,7,1,0,6,0,0,15246,561,-168,311,15246,1526,1487,1734,1724,0,0,0,0,0,0,0,3,-1,-11,16,123,,,,,,,,,,,,,,,,,,,,,,,,,,,,,,,,,,,,,,,,,,,,,,,,,,,,,,,,,,,,,,,,,,,,,,,,,,,,,,,,,,,,,,,,,,,,,,,,,,,,,,,,,,,,,,,,,,,,,,,,,,,,,,,
40003,148,106,-21,77,803,-2227,-1205,-946,20,-10,2,5,-1,0,15202,532,-234,307,15202,1510,1499,1722,1735,0,0,0,0,0,0,0,0,-1,9,15,127,,,,,,,,,,,,,,,,,,,,,,,,,,,,,,,,,,,,,,,,,,,,,,,,,,,,,,,,,,,,,,,,,,,,,,,,,,,,,,,,,,,,,,,,,,,,,,,,,,,,,,,,,,,,,,,,,,,,,,,,,,,,,,,
40051,208,308,139,-10,984,2593,-2731,579,3,24,0,5,0,0,15246,535,-195,311,15246,1523,1489,1732,1730,0,0,0,0,0,0,0,0,0,10,7,122,,,,,,,,,,,,,,,,,,,,,,,,,,,,,,,,,,,,,,,,,,,,,,,,,,,,,,,,,,,,,,,,,,,,,,,,,,,,,,,,,,,,,,,,,,,,,,,,,,,,,,,,,,,,,,,,,,,,,,,,,,,,,,,
40103,329,-94,-138,-60,1119,335,-2120,-1190,-6,-27,2,5,-1,0,15246,529,-188,311,15246,1539,1494,1715,1728,0,0,0,0,0,0,0,3,0,-13,13,130,,,,,,,,,,,,,,,,,,,,,,,,,,,,,,,,,,,,,,,,,,,,,,,,,,,,,,,,,,,,,,,,,,,,,,,,,,,,,,,,,,,,,,,,,,,,,,,,,,,,,,,,,,,,,,,,,,,,,,,,,,,,,,,
40151,661,-265,59,102,814,1678,991,-640,-17,-22,0,6,-1,0,15246,523,-162,311,15246,1522,1489,1734,1721,0,0,0,0,0,0,0,4,-4,-20,33,128,,,,,,,,,,,,,,,,,,,,,,,,,,,,,,,,,,,,,,,,,,,,,,,,,,,,,,,,,,,,,,,,,,,,,,,,,,,,,,,,,,,,,,,,,,,,,,,,,,,,,,,,,,,,,,,,,,,,,,,,,,,,,,,
40203,578,74,-31,82,1118,-1739,2517,-91,-17,-10,-2,6,0,0,15202,543,-98,307,15202,1537,1478,1729,1726,0,0,0,0,0,0,0,-2,-1,18,16,127,,,,,,,,,,,,,,,,,,,,,,,,,,,,,,,,,,,,,,,,,,,,,,,,,,,,,,,,,,,,,,,,,,,,,,,,,,,,,,,,,,,,,,,,,,,,,,,,,,,,,,,,,,,,,,,,,,,,,,,,,,,,,,,
40251,536,86,175,153,1069,6134,137,762,6,16,0,5,0,0,15157,542,-93,304,15157,1527,1487,1734,1720,0,0,0,0,0,0,0,1,0,-5,14,120,,,,,,,,,,,,,,,,,,,,,,,,,,,,,,,,,,,,,,,,,,,,,,,,,,,,,,,,,,,,,,,,,,,,,,,,,,,,,,,,,,,,,,,,,,,,,,,,,,,,,,,,,,,,,,,,,,,,,,,,,,,,,,,
40303,741,316,-145,-92,1272,6988,7278,-762,-25,26,2,6,0,0,15157,541,-70,304,15157,1551,1476,1734,1707,0,0,0,0,0,0,0,0,1,3,7,124,,,,,,,,,,,,,,,,,,,,,,,,,,,,,,,,,,,,,,,,,,,,,,,,,,,,,,,,,,,,,,,,,,,,,,,,,,,,,,,,,,,,,,,,,,,,,,,,,,,,,,,,,,,,,,,,,,,,,,,,,,,,,,,
40351,956,220,150,-97,892,7232,5691,-701,-50,21,-2,5,0,0,15202,538,-51,307,15202,1550,1477,1721,1728,0,0,0,0,0,0,0,6,3,-22,2,125,,,,,,,,,,,,,,,,,,,,,,,,,,,,,,,,,,,,,,,,,,,,,,,,,,,,,,,,,,,,,,,,,,,,,,,,,,,,,,,,,,,,,,,,,,,,,,,,,,,,,,,,,,,,,,,,,,,,,,,,,,,,,,,
40403,1028,508,93,100,864,518,3372,-579,-64,25,0,6,-1,0,15202,507,-122,307,15202,1530,1487,1730,1725,0,0,0,0,0,0,0,1,4,11,0,124,,,,,,,,,,,,,,,,,,,,,,,,,,,,,,,,,,,,,,,,,,,,,,,,,,,,,,,,,,,,,,,,,,,,,,,,,,,,,,,,,,,,,,,,,,,,,,,,,,,,,,,,,,,,,,,,,,,,,,,,,,,,,,,
40451,985,753,31,-117,1038,3143,-3890,-1190,-71,55,0,5,0,0,15157,536,-64,304,15157,1522,1464,1734,1738,0,0,0,0,0,0,0,0,5,21,-2,127,,,,,,,,,,,,,,,,,,,,,,,,,,,,,,,,,,,,,,,,,,,,,,,,,,,,,,,,,,,,,,,,,,,,,,,,,,,,,,,,,,,,,,,,,,,,,,,,,,,,,,,,,,,,,,,,,,,,,,,,,,,,,,,
40503,914,452,95,43,802,3509,-12741,-2410,-48,58,2,5,0,0,15202,537,-22,307,15202,1533,1449,1726,1752,0,0,0,0,0,0,0,0,5,10,1,124,,,,,,,,,,,,,,,,,,,,,,,,,,,,,,,,,,,,,,,,,,,,,,,,,,,,,,,,,,,,,,,,,,,,,,,,,,,,,,,,,,,,,,,,,,,,,,,,,,,,,,,,,,,,,,,,,,,,,,,,,,,,,,,
40551,812,-403,41,-14,938,-4302,-17501,-2777,-55,-12,0,6,0,0,15157,474,-73,304,15157,1537,1460,1717,1753,0,0,0,0,0,0,0,3,5,-20,1,129,,,,,,,,,,,,,,,,,,,,,,,,,,,,,,,,,,,,,,,,,,,,,,,,,,,,,,,,,,,,,,,,,,,,,,,,,,,,,,,,,,,,,,,,,,,,,,,,,,,,,,,,,,,,,,,,,,,,,,,,,,,,,,,
40603,629,-633,216,182,1064,-5889,-10726,-1800,-18,-50,4,5,0,0,15246,507,-49,311,15246,1499,1490,1728,1750,0,0,0,0,0,0,0,-3,0,7,22,131,,,,,,,,,,,,,,,,,,,,,,,,,,,,,,,,,,,,,,,,,,,,,,,,,,,,,,,,,,,,,,,,,,,,,,,,,,,,,,,,,,,,,,,,,,,,,,,,,,,,,,,,,,,,,,,,,,,,,,,,,,,,,,,
40651,51,-1052,38,-143,920,-3082,-8773,-2105,14,-92,2,5,0,0,15202,476,-75,307,15202,1526,1497,1703,1747,0,0,0,0,0,0,0,0,6,-16,-16,130,,,,,,,,,,,,,,,,,,,,,,,,,,,,,,,,,,,,,,,,,,,,,,,,,,,,,,,,,,,,,,,,,,,,,,,,,,,,,,,,,,,,,,,,,,,,,,,,,,,,,,,,,,,,,,,,,,,,,,,,,,,,,,,
40703,-43,-1114,-34,71,1240,-640,4592,-2288,36,-100,2,5,0,0,15246,486,-97,311,15246,153042203,544,1928,90,-38,936,-2593,503,-1068,-14,173,2,6,-1,0,15291,414,46,316,15291,14,0,0,5,-1,-1,2,126,,,,,,,,,,,,,,,,,,,,,,,,,,,,,,,,,,,,,,,,,,,,,,,,,,,,,,,,,,,,,,,,,,,,,,,,,,,,,,,,,,,,,,,,,,,,,,,,,,,,,,,,,,,,,,,,,,,
42251,545,1491,75,32,1008,3265,-1937,-1251,-7,143,0,6,0,0,15246,367,0,311,15246,1511,1459,1756,1731,0,0,0,0,0,0,0,2,-3,7,15,124,,,,,,,,,,,,,,,,,,,,,,,,,,,,,,,,,,,,,,,,,,,,,,,,,,,,,,,,,,,,,,,,,,,,,,,,,,,,,,,,,,,,,,,,,,,,,,,,,,,,,,,,,,,,,,,,,,,,,,,,,,,,,,,
42303,564,1082,-8,76,1121,-335,-4928,-1922,-11,112,0,6,0,0,15157,384,4,304,15157,1497,1466,1754,1738,0,0,0,0,0,0,0,3,-2,0,10,125,,,,,,,,,,,,,,,,,,,,,,,,,,,,,,,,,,,,,,,,,,,,,,,,,,,,,,,,,,,,,,,,,,,,,,,,,,,,,,,,,,,,,,,,,,,,,,,,,,,,,,,,,,,,,,,,,,,,,,,,,,,,,,,
42351,384,461,-89,-48,1089,-3143,-6027,-823,-4,55,2,6,0,0,16532,367,-50,423,16532,1533,1516,1770,1763,0,0,0,0,0,0,0,6,-1,-20,1,127,,,,,,,,,,,,,,,,,,,,,,,,,,,,,,,,,,,,,,,,,,,,,,,,,,,,,,,,,,,,,,,,,,,,,,,,,,,,,,,,,,,,,,,,,,,,,,,,,,,,,,,,,,,,,,,,,,,,,,,,,,,,,,,
42403,443,202,-50,133,1125,2655,808,-5279,2,16,0,6,0,0,16485,366,-3,419,16485,1532,1490,1790,1758,0,0,0,0,0,0,0,3,-3,-6,17,123,,,,,,,,,,,,,,,,,,,,,,,,,,,,,,,,,,,,,,,,,,,,,,,,,,,,,,,,,,,,,,,,,,,,,,,,,,,,,,,,,,,,,,,,,,,,,,,,,,,,,,,,,,,,,,,,,,,,,,,,,,,,,,,
42451,591,419,-71,41,1101,4791,3067,-2044,-10,14,0,6,0,0,16626,378,25,432,16626,1535,1480,1796,1755,0,0,0,0,0,0,0,-1,-2,23,11,126,,,,,,,,,,,,,,,,,,,,,,,,,,,,,,,,,,,,,,,,,,,,,,,,,,,,,,,,,,,,,,,,,,,,,,,,,,,,,,,,,,,,,,,,,,,,,,,,,,,,,,,,,,,,,,,,,,,,,,,,,,,,,,,
42503,756,444,-129,135,1194,2960,4592,-1068,-22,69,0,7,5,0,16579,359,57,428,16579,1510,1500,1807,1755,0,0,0,0,0,0,0,0,-2,13,13,127,,,,,,,,,,,,,,,,,,,,,,,,,,,,,,,,,,,,,,,,,,,,,,,,,,,,,,,,,,,,,,,,,,,,,,,,,,,,,,,,,,,,,,,,,,,,,,,,,,,,,,,,,,,,,,,,,,,,,,,,,,,,,,,
42551,891,633,26,-7,1135,2471,-1693,-2655,-8,122,-2,12,11,0,16532,420,176,423,16532,1531,1475,1790,1771,0,0,0,0,0,0,0,0,-2,15,18,129,,,,,,,,,,,,,,,,,,,,,,,,,,,,,,,,,,,,,,,,,,,,,,,,,,,,,,,,,,,,,,,,,,,,,,,,,,,,,,,,,,,,,,,,,,,,,,,,,,,,,,,,,,,,,,,,,,,,,,,,,,,,,,,
42603,870,250,-131,24,975,6134,-5722,-1922,1,85,0,13,11,0,16532,379,144,423,16532,1544,1480,1786,1762,0,0,0,0,0,0,0,0,0,8,5,124,,,,,,,,,,,,,,,,,,,,,,,,,,,,,,,,,,,,,,,,,,,,,,,,,,,,,,,,,,,,,,,,,,,,,,,,,,,,,,,,,,,,,,,,,,,,,,,,,,,,,,,,,,,,,,,,,,,,,,,,,,,,,,,
42651,1171,-145,14,7,987,6195,-3463,-2960,34,70,2,25,15,0,16579,405,73,428,16579,1539,1497,1788,1749,0,0,0,0,0,0,0,4,0,-15,18,126,,,,,,,,,,,,,,,,,,,,,,,,,,,,,,,,,,,,,,,,,,,,,,,,,,,,,,,,,,,,,,,,,,,,,,,,,,,,,,,,,,,,,,,,,,,,,,,,,,,,,,,,,,,,,,,,,,,,,,,,,,,,,,,
42703,1294,-74,-80,-71,1065,5828,747,-1556,77,50,0,37,14,0,16532,383,157,423,16532,1525,1509,1774,1772,0,0,0,0,0,0,0,0,2,8,3,125,,,,,,,,,,,,,,,,,,,,,,,,,,,,,,,,,,,,,,,,,,,,,,,,,,,,,,,,,,,,,,,,,,,,,,,,,,,,,,,,,,,,,,,,,,,,,,,,,,,,,,,,,,,,,,,,,,,,,,,,,,,,,,,
42751,1457,-230,93,-61,909,7232,-7125,-1861,63,60,0,39,16,0,16532,410,174,423,16532,1533,1485,1781,1773,0,0,0,0,0,0,0,0,3,2,2,126,,,,,,,,,,,,,,,,,,,,,,,,,,,,,,,,,,,,,,,,,,,,,,,,,,,,,,,,,,,,,,,,,,,,,,,,,,,,,,,,,,,,,,,,,,,,,,,,,,,,,,,,,,,,,,,,,,,,,,,,,,,,,,,
42803,1693,-383,-107,65,1041,5340,-8224,-2532,151,119,0,57,30,0,14978,442,286,287,14978,1467,1454,1757,1745,0,0,0,0,0,0,0,-2,1,12,22,133,,,,,,,,,,,,,,,,,,,,,,,,,,,,,,,,,,,,,,,,,,,,,,,,,,,,,,,,,,,,,,,,,,,,,,,,,,,,,,,,,,,,,,,,,,,,,,,,,,,,,,,,,,,,,,,,,,,,,,,,,,,,,,,
42851,1672,-545,55,35,1159,6561,-18173,-1190,183,173,0,66,43,0,14978,453,285,287,14978,1489,1457,1741,1745,0,0,0,0,0,0,0,-6,4,26,10,132,,,,,,,,,,,,,,,,,,,,,,,,,,,,,,,,,,,,,,,,,,,,,,,,,,,,,,,,,,,,,,,,,,,,,,,,,,,,,,,,,,,,,,,,,,,,,,,,,,,,,,,,,,,,,,,,,,,,,,,,,,,,,,,
42903,1575,-1342,33,-86,991,4425,-25680,-1251,165,129,2,60,44,0,14844,459,297,276,14844,1489,1439,1720,1763,0,0,0,0,0,0,0,-6,7,2,-2,132,,,,,,,,,,,,,,,,,,,,,,,,,,,,,,,,,,,,,,,,,,,,,,,,,,,,,,,,,,,,,,,,,,,,,,,,,,,,,,,,,,,,,,,,,,,,,,,,,,,,,,,,,,,,,,,,,,,,,,,,,,,,,,,
42951,1515,-2196,87,46,718,1739,-19638,-1922,105,52,0,46,44,0,14800,495,410,271,14800,1500,1471,1725,1730,0,0,0,0,0,0,0,-7,5,-10,12,132,,,,,,,,,,,,,,,,,,,,,,,,,,,,,,,,,,,,,,,,,,,,,,,,,,,,,,,,,,,,,,,,,,,,,,,,,,,,,,,,,,,,,,,,,,,,,,,,,,,,,,,,,,,,,,,,,,,,,,,,,,,,,,,
43003,1682,-2675,6,59,988,-3570,-16891,2166,20,-29,0,32,38,0,14844,488,305,276,14844,1482,1475,1724,1745,0,0,0,0,0,0,0,-8,0,-15,36,131,,,,,,,,,,,,,,,,,,,,,,,,,,,,,,,,,,,,,,,,,,,,,,,,,,,,,,,,,,,,,,,,,,,,,,,,,,,,,,,,,,,,,,,,,,,,,,,,,,,,,,,,,,,,,,,,,,,,,,,,,,,,,,,
43051,1423,-3011,4,14,877,-7904,-8529,2349,-45,-145,2,17,22,0,14978,544,300,287,14978,1481,1465,1713,1766,0,0,0,0,0,0,0,-7,1,-32,29,132,,,,,,,,,,,,,,,,,,,,,,,,,,,,,,,,,,,,,,,,,,,,,,,,,,,,,,,,,,,,,,,,,,,,,,,,,,,,,,,,,,,,,,,,,,,,,,,,,,,,,,,,,,,,,,,,,,,,,,,,,,,,,,,
43103,1289,-2499,4,53,876,-4608,9902,579,-80,-231,-2,5,0,0,14889,510,204,280,14889,1496,1471,1737,1728,0,0,0,0,0,0,0,-9,0,-20,28,129,,,,,,,,,,,,,,,,,,,,,,,,,,,,,,,,,,,,,,,,,,,,,,,,,,,,,,,,,,,,,,,,,,,,,,,,,,,,,,,,,,,,,,,,,,,,,,,,,,,,,,,,,,,,,,,,,,,,,,,,,,,,,,,
43151,885,-1571,-41,36,879,-4791,21194,1251,-49,-158,-2,6,0,0,14889,554,199,280,14889,1496,1467,1755,1712,0,0,0,0,0,0,0,-8,2,-12,11,132,,,,,,,,,,,,,,,,,,,,,,,,,,,,,,,,,,,,,,,,,,,,,,,,,,,,,,,,,,,,,,,,,,,,,,,,,,,,,,,,,,,,,,,,,,,,,,,,,,,,,,,,,,,,,,,,,,,,,,,,,,,,,,,
43203,750,0,-134,-9,985,-2960,19729,1678,-42,-7,0,5,0,0,14933,555,171,284,14933,1500,1456,1767,1708,0,0,0,0,0,0,0,-12,1,29,14,126,,,,,,,,,,,,,,,,,,,,,,,,,,,,,,,,,,,,,,,,,,,,,,,,,,,,,,,,,,,,,,,,,,,,,,,,,,,,,,,,,,,,,,,,,,,,,,,,,,,,,,,,,,,,,,,,,,,,,,,,,,,,,,,
43251,553,593,-68,0,1068,-1922,12039,1739,-37,33,0,5,0,0,15022,556,206,291,15022,1516,1483,1736,1714,0,0,0,0,0,0,0,-7,4,15,-3,126,,,,,,,,,,,,,,,,,,,,,,,,,,,,,,,,,,,,,,,,,,,,,,,,,,,,,,,,,,,,,,,,,,,,,,,,,,,,,,,,,,,,,,,,,,,,,,,,,,,,,,,,,,,,,,,,,,,,,,,,,,,,,,,
43303,627,892,22,101,946,1800,3982,-762,-25,66,0,4,0,0,15202,541,130,307,15202,1513,1476,1736,1728,0,0,0,0,0,0,0,-6,1,14,14,124,,,,,,,,,,,,,,,,,,,,,,,,,,,,,,,,,,,,,,,,,,,,,,,,,,,,,,,,,,,,,,,,,,,,,,,,,,,,,,,,,,,,,,,,,,,,,,,,,,,,,,,,,,,,,,,,,,,,,,,,,,,,,,,
43351,497,1034,-160,-40,982,-152,-1632,2227,-22,47,2,4,-6,0,15246,566,149,311,15246,1524,1491,1733,1727,0,0,0,0,0,0,0,-9,3,32,0,128,,,,,,,,,,,,,,,,,,,,,,,,,,,,,,,,,,,,,,,,,,,,,,,,,,,,,,,,,,,,,,,,,,,,,,,,,,,,,,,,,,,,,,,,,,,,,,,,,,,,,,,,,,,,,,,,,,,,,,,,,,,,,,,
43403,505,722,14,158,1274,3936,2822,1739,8,-94,2,9,-32,0,15291,575,116,316,15291,1496,1478,1751,1740,0,0,0,0,0,0,0,-3,2,-2,6,125,,,,,,,,,,,,,,,,,,,,,,,,,,,,,,,,,,,,,,,,,,,,,,,,,,,,,,,,,,,,,,,,,,,,,,,,,,,,,,,,,,,,,,,,,,,,,,,,,,,,,,,,,,,,,,,,,,,,,,,,,,,,,,,
43451,588,682,96,36,1079,1068,5630,762,1,-124,2,10,-39,0,15291,579,133,316,15291,1525,1461,1756,1729,0,0,0,0,0,0,0,1,3,-23,7,125,,,,,,,,,,,,,,,,,,,,,,,,,,,,,,,,,,,,,,,,,,,,,,,,,,,,,,,,,,,,,,,,,,,,,,,,,,,,,,,,,,,,,,,,,,,,,,,,,,,,,,,,,,,,,,,,,,,,,,,,,,,,,,,
43503,429,930,157,67,1405,4547,3067,946,22,-53,0,11,-26,0,15382,562,97,323,15382,1517,1482,1746,1734,0,0,0,0,0,0,0,-2,7,9,-12,126,,,,,,,,,,,,,,,,,,,,,,,,,,,,,,,,,,,,,,,,,,,,,,,,,,,,,,,,,,,,,,,,,,,,,,,,,,,,,,,,,,,,,,,,,,,,,,,,,,,,,,,,,,,,,,,,,,,,,,,,,,,,,,,
43551,664,909,70,-79,931,1861,-8468,946,-90,32,2,-4,-11,0,15427,573,90,327,15427,1543,1471,1731,1742,0,0,0,0,0,0,0,-3,5,9,2,124,,,,,,,,,,,,,,,,,,,,,,,,,,,,,,,,,,,,,,,,,,,,,,,,,,,,,,,,,,,,,,,,,,,,,,,,,,,,,,,,,,,,,,,,,,,,,,,,,,,,,,,,,,,,,,,,,,,,,,,,,,,,,,,
43603,957,419,-188,68,945,-1251,-7369,823,-63,44,0,2,-2,0,15427,597,101,327,15427,1496,1483,1747,1752,0,0,0,0,0,0,0,-3,0,2,33,126,,,,,,,,,,,,,,,,,,,,,,,,,,,,,,,,,,,,,,,,,,,,,,,,,,,,,,,,,,,,,,,,,,,,,,,,,,,,,,,,,,,,,,,,,,,,,,,,,,,,,,,,,,,,,,,,,,,,,,,,,,,,,,,
43651,439,-439,-73,-128,848,-6988,-3524,-335,-55,-53,2,2,0,0,15382,560,2,323,15382,1510,1479,1747,1741,0,0,0,0,0,0,0,0,6,-24,-12,129,,,,,,,,,,,,,,,,,,,,,,,,,,,,,,,,,,,,,,,,,,,,,,,,,,,,,,,,,,,,,,,,,,,,,,,,,,,,,,,,,,,,,,,,,,,,,,,,,,,,,,,,,,,,,,,,,,,,,,,,,,,,,,,
43703,287,-250,-105,139,1266,-1800,-289,1312,-6,-11,-2,3,-2,0,15427,586,-12,327,15427,1527,1475,1748,1733,0,0,0,0,0,0,0,-4,2,2,6,129,,,,,,,,,,,,,,,,,,,,,,,,,,,,,,,,,,,,,,,,,,,,,,,,,,,,,,,,,,,,,,,,,,,,,,,,,,,,,,,,,,,,,,,,,,,,,,,,,,,,,,,,,,,,,,,,,,,,,,,,,,,,,,,
43751,234,-319,14,-21,978,-762,6240,-1495,-13,-49,0,3,-1,0,15382,583,20,323,15382,1521,1479,1755,1725,0,0,0,0,0,0,0,-1,4,-10,-2,128,,,,,,,,,,,,,,,,,,,,,,,,,,,,,,,,,,,,,,,,,,,,,,,,,,,,,,,,,,,,,,,,,,,,,,,,,,,,,,,,,,,,,,,,,,,,,,,,,,,,,,,,,,,,,,,,,,,,,,,,,,,,,,,
43803,240,252,-19,30,1197,-1922,7339,213,-4,33,-2,4,5,0,15382,597,36,323,15382,1507,1474,1762,1732,0,0,0,0,0,0,0,-4,2,14,4,123,,,,,,,,,,,,,,,,,,,,,,,,,,,,,,,,,,,,,,,,,,,,,,,,,,,,,,,,,,,,,,,,,,,,,,,,,,,,,,,,,,,,,,,,,,,,,,,,,,,,,,,,,,,,,,,,,,,,,,,,,,,,,,,
43851,172,530,-145,-179,1037,274,-3829,1739,7,68,2,5,4,0,15563,581,58,340,15563,1513,1482,1752,1738,0,0,0,0,0,0,0,-6,4,27,-5,125,,,,,,,,,,,,,,,,,,,,,,,,,,,,,,,,,,,,,,,,,,,,,,,,,,,,,,,,,,,,,,,,,,,,,,,,,,,,,,,,,,,,,,,,,,,,,,,,,,,,,,,,,,,,,,,,,,,,,,,,,,,,,,,
43903,198,-194,-13,94,922,2899,-2120,-885,13,7,2,5,4,0,15654,592,13,347,15654,1517,1470,1748,1762,0,0,0,0,0,0,0,2,3,-27,0,122,,,,,,,,,,,,,,,,,,,,,,,,,,,,,,,,,,,,,,,,,,,,,,,,,,,,,,,,,,,,,,,,,,,,,,,,,,,,,,,,,,,,,,,,,,,,,,,,,,,,,,,,,,,,,,,,,,,,,,,,,,,,,,,
43951,304,-430,39,3,745,1373,-2059,-213,13,-17,0,6,2,0,15563,583,27,340,15563,1535,1485,1745,1735,0,0,0,0,0,0,0,0,2,-22,4,122,,,,,,,,,,,,,,,,,,,,,,,,,,,,,,,,,,,,,,,,,,,,,,,,,,,,,,,,,,,,,,,,,,,,,,,,,,,,,,,,,,,,,,,,,,,,,,,,,,,,,,,,,,,,,,,,,,,,,,,,,,,,,,,
44003,404,-155,-38,98,1073,2471,-961,91,-6,13,0,4,2,0,15608,590,30,343,15608,1519,1484,1752,1737,0,0,0,0,0,0,0,-5,2,15,7,121,,,,,,,,,,,,,,,,,,,,,,,,,,,,,,,,,,,,,,,,,,,,,,,,,,,,,,,,,,,,,,,,,,,,,,,,,,,,,,,,,,,,,,,,,,,,,,,,,,,,,,,,,,,,,,,,,,,,,,,,,,,,,,,
44051,559,-635,168,-120,1033,-885,-228,-2532,-41,-22,0,4,2,0,15563,605,29,340,15563,1526,1476,1752,1740,0,0,0,0,0,0,0,4,2,-43,6,128,,,,,,,,,,,,,,,,,,,,,,,,,,,,,,,,,,,,,,,,,,,,,,,,,,,,,,,,,,,,,,,,,,,,,,,,,,,,,,,,,,,,,,,,,,,,,,,,,,,,,,,,,,,,,,,,,,,,,,,,,,,,,,,
44103,451,-57,-95,9,981,-3631,4776,762,-16,-6,0,5,0,0,15518,597,51,336,15518,1508,1478,1765,1735,0,44151,144,260,-181,-139,1193,-1434,3799,-579,-4,13,-2,5,0,0,15563,613,67,340,15563,1501,1483,1768,1737,0,0,0,0,0,0,0,-6,5,23,-16,129,,,,,,,,,,,,,,,,,,,,,,,,,,,,,,,,,,,,,,,,,,,,,,,,,,,,,,,,,,,,,,,,,,,,,,,,,,,,,,,,,,,,,,,,,,,,,,,,,,,,,,
44203,320,-106,149,214,1074,-1861,7949,30,12,-4,2,5,0,0,15563,629,101,340,15563,1535,1472,1749,1736,0,0,0,0,0,0,0,5,0,-41,19,125,,,,,,,,,,,,,,,,,,,,,,,,,,,,,,,,,,,,,,,,,,,,,,,,,,,,,,,,,,,,,,,,,,,,,,,,,,,,,,,,,,,,,,,,,,,,,,,,,,,,,,,,,,,,,,,,,,,,,,,,,,,,,,,
44251,364,739,-29,50,1064,-946,7461,1434,6,42,-2,6,0,0,15518,637,124,336,15518,1525,1482,1765,1723,0,0,0,0,0,0,0,-3,0,22,19,124,,,,,,,,,,,,,,,,,,,,,,,,,,,,,,,,,,,,,,,,,,,,,,,,,,,,,,,,,,,,,,,,,,,,,,,,,,,,,,,,,,,,,,,,,,,,,,,,,,,,,,,,,,,,,,,,,,,,,,,,,,,,,,,
44303,305,972,0,153,973,-1129,4837,274,8,89,0,6,0,0,15608,639,128,343,15608,1518,1502,1757,1727,0,0,0,0,0,0,0,-1,0,14,9,120,,,,,,,,,,,,,,,,,,,,,,,,,,,,,,,,,,,,,,,,,,,,,,,,,,,,,,,,,,,,,,,,,,,,,,,,,,,,,,,,,,,,,,,,,,,,,,,,,,,,,,,,,,,,,,,,,,,,,,,,,,,,,,,
44351,291,886,50,-49,1013,-2655,4592,-1556,-10,87,2,5,0,0,15608,628,91,343,15608,1524,1496,1758,1726,0,0,0,0,0,0,0,3,1,-9,3,124,,,,,,,,,,,,,,,,,,,,,,,,,,,,,,,,,,,,,,,,,,,,,,,,,,,,,,,,,,,,,,,,,,,,,,,,,,,,,,,,,,,,,,,,,,,,,,,,,,,,,,,,,,,,,,,,,,,,,,,,,,,,,,,
44403,290,1107,4,32,1283,701,2761,-152,0,88,-2,5,0,0,15563,649,47,340,15563,1510,1467,1766,1743,0,0,0,0,0,0,0,-2,1,26,5,120,,,,,,,,,,,,,,,,,,,,,,,,,,,,,,,,,,,,,,,,,,,,,,,,,,,,,,,,,,,,,,,,,,,,,,,,,,,,,,,,,,,,,,,,,,,,,,,,,,,,,,,,,,,,,,,,,,,,,,,,,,,,,,,
44451,716,991,107,65,1134,1007,-2731,1007,-7,91,0,6,0,0,15518,655,31,336,15518,1526,1483,1760,1728,0,0,0,0,0,0,0,0,-4,7,39,123,,,,,,,,,,,,,,,,,,,,,,,,,,,,,,,,,,,,,,,,,,,,,,,,,,,,,,,,,,,,,,,,,,,,,,,,,,,,,,,,,,,,,,,,,,,,,,,,,,,,,,,,,,,,,,,,,,,,,,,,,,,,,,,
44503,850,764,-127,29,1211,1007,259,-1129,-43,62,2,5,0,0,15608,630,3,343,15608,1509,1475,1763,1745,0,0,0,0,0,0,0,0,-3,9,33,123,,,,,,,,,,,,,,,,,,,,,,,,,,,,,,,,,,,,,,,,,,,,,,,,,,,,,,,,,,,,,,,,,,,,,,,,,,,,,,,,,,,,,,,,,,,,,,,,,,,,,,,,,,,,,,,,,,,,,,,,,,,,,,,
44551,511,649,-14,114,829,-6134,-167,-2166,-17,58,2,6,0,0,15563,649,39,340,15563,1509,1465,1780,1731,0,0,0,0,0,0,0,0,0,14,11,125,,,,,,,,,,,,,,,,,,,,,,,,,,,,,,,,,,,,,,,,,,,,,,,,,,,,,,,,,,,,,,,,,,,,,,,,,,,,,,,,,,,,,,,,,,,,,,,,,,,,,,,,,,,,,,,,,,,,,,,,,,,,,,,
44603,528,573,-92,133,1033,-2716,-1022,30,-18,46,2,5,0,0,15608,653,37,343,15608,1507,1474,1769,1737,0,0,0,0,0,0,0,1,-2,3,22,124,,,,,,,,,,,,,,,,,,,,,,,,,,,,,,,,,,,,,,,,,,,,,,,,,,,,,,,,,,,,,,,,,,,,,,,,,,,,,,,,,,,,,,,,,,,,,,,,,,,,,,,,,,,,,,,,,,,,,,,,,,,,,,,
44651,275,362,3,-154,870,1434,-3585,-1251,-7,36,2,4,0,0,15563,640,41,340,15563,1517,1476,1759,1747,0,0,0,0,0,0,0,4,2,-13,-8,124,,,,,,,,,,,,,,,,,,,,,,,,,,,,,,,,,,,,,,,,,,,,,,,,,,,,,,,,,,,,,,,,,,,,,,,,,,,,,,,,,,,,,,,,,,,,,,,,,,,,,,,,,,,,,,,,,,,,,,,,,,,,,,,
44703,293,386,31,22,815,91,-1998,-518,3,36,2,4,0,0,15608,640,64,343,15608,1496,1458,1776,1752,0,0,0,0,0,0,0,1,0,2,11,117,,,,,,,,,,,,,,,,,,,,,,,,,,,,,,,,,,,,,,,,,,,,,,,,,,,,,,,,,,,,,,,,,,,,,,,,,,,,,,,,,,,,,,,,,,,,,,,,,,,,,,,,,,,,,,,,,,,,,,,,,,,,,,,
44751,435,203,122,89,1169,91,-6210,-1373,-19,20,0,4,0,0,15608,658,81,343,15608,1513,1467,1765,1745,0,0,0,0,0,0,0,0,-1,1,19,123,,,,,,,,,,,,,,,,,,,,,,,,,,,,,,,,,,,,,,,,,,,,,,,,,,,,,,,,,,,,,,,,,,,,,,,,,,,,,,,,,,,,,,,,,,,,,,,,,,,,,,,,,,,,,,,,,,,,,,,,,,,,,,,
44803,-20,-290,-29,-23,903,-7904,-5050,-2044,7,-31,0,4,0,0,15563,666,78,340,15563,1491,1489,1751,1758,0,0,0,0,0,0,0,2,3,-15,-16,128,,,,,,,,,,,,,,,,,,,,,,,,,,,,,,,,,,,,,,,,,,,,,,,,,,,,,,,,,,,,,,,,,,,,,,,,,,,,,,,,,,,,,,,,,,,,,,,,,,,,,,,,,,,,,,,,,,,,,,,,,,,,,,,
44851,67,-245,-61,-11,722,-5584,-5661,-1739,17,-41,2,4,0,0,15563,672,91,340,15563,1509,1487,1750,1748,0,0,0,0,0,0,0,-2,-4,11,22,128,,,,,,,,,,,,,,,,,,,,,,,,,,,,,,,,,,,,,,,,,,,,,,,,,,,,,,,,,,,,,,,,,,,,,,,,,,,,,,,,,,,,,,,,,,,,,,,,,,,,,,,,,,,,,,,,,,,,,,,,,,,,,,,
44903,277,-595,47,-76,1003,-30,-4501,-1556,6,-54,4,4,0,0,15700,687,95,352,15700,1505,1476,1766,1751,0,0,0,0,0,0,0,1,-4,-13,25,126,,,,,,,,,,,,,,,,,,,,,,,,,,,,,,,,,,,,,,,,,,,,,,,,,,,,,,,,,,,,,,,,,,,,,,,,,,,,,,,,,,,,,,,,,,,,,,,,,,,,,,,,,,,,,,,,,,,,,,,,,,,,,,,
44951,366,-696,-79,61,1157,-701,3189,-2288,-14,-54,0,4,0,0,15563,682,66,340,15563,1499,1475,1774,1742,0,0,0,0,0,0,0,0,-2,-11,12,128,,,,,,,,,,,,,,,,,,,,,,,,,,,,,,,,,,,,,,,,,,,,,,,,,,,,,,,,,,,,,,,,,,,,,,,,,,,,,,,,,,,,,,,,,,,,,,,,,,,,,,,,,,,,,,,,,,,,,,,,,,,,,,,
45003,223,-428,-71,53,1105,-3448,2822,-2471,-2,-53,0,3,-1,0,15608,673,-6,343,15608,1492,1467,1780,1742,0,0,0,0,0,0,0,-1,-2,3,8,127,,,,,,,,,,,,,,,,,,,,,,,,,,,,,,,,,,,,,,,,,,,,,,,,,,,,,,,,,,,,,,,,,,,,,,,,,,,,,,,,,,,,,,,,,,,,,,,,,,,,,,,,,,,,,,,,,,,,,,,,,,,,,,,
45051,-174,-574,90,-105,700,-1617,-3890,-2410,32,-41,0,4,-1,0,15608,666,-16,343,15608,1497,1465,1769,1754,0,0,0,0,0,0,0,3,1,-27,-18,132,,,,,,,,,,,,,,,,,,,,,,,,,,,,,,,,,,,,,,,,,,,,,,,,,,,,,,,,,,,,,,,,,,,,,,,,,,,,,,,,,,,,,,,,,,,,,,,,,,,,,,,,,,,,,,,,,,,,,,,,,,,,,,,
45103,-131,-253,205,-103,790,701,-1205,-1983,33,-23,2,4,0,0,15608,695,18,343,15608,1477,1459,1774,1766,0,0,0,0,0,0,0,0,0,0,-6,126,,,,,,,,,,,,,,,,,,,,,,,,,,,,,,,,,,,,,,,,,,,,,,,,,,,,,,,,,,,,,,,,,,,,,,,,,,,,,,,,,,,,,,,,,,,,,,,,,,,,,,,,,,,,,,,,,,,,,,,,,,,,,,,
45151,297,-196,-101,89,1022,518,-167,-3753,9,-34,0,4,0,0,15654,680,39,347,15654,1492,1464,1752,1768,0,0,0,0,0,0,0,-1,-6,3,30,125,,,,,,,,,,,,,,,,,,,,,,,,,,,,,,,,,,,,,,,,,,,,,,,,,,,,,,,,,,,,,,,,,,,,,,,,,,,,,,,,,,,,,,,,,,,,,,,,,,,,,,,,,,,,,,,,,,,,,,,,,,,,,,,
45203,607,-339,103,98,1024,-1190,-1205,-2044,-14,-23,0,4,-1,0,15608,672,-8,343,15608,1500,1462,1765,1755,0,0,0,0,0,0,0,0,-8,-4,44,130,,,,,,,,,,,,,,,,,,,,,,,,,,,,,,,,,,,,,,,,,,,,,,,,,,,,,,,,,,,,,,,,,,,,,,,,,,,,,,,,,,,,,,,,,,,,,,,,,,,,,,,,,,,,,,,,,,,,,,,,,,,,,,,
45251,698,-80,-75,-3,1223,-640,-3036,-1983,-34,-17,0,4,0,0,15608,692,-4,343,15608,1491,1469,1766,1758,0,0,0,0,0,0,0,-4,-6,19,31,128,,,,,,,,,,,,,,,,,,,,,,,,,,,,,,,,,,,,,,,,,,,,,,,,,,,,,,,,,,,,,,,,,,,,,,,,,,,,,,,,,,,,,,,,,,,,,,,,,,,,,,,,,,,,,,,,,,,,,,,,,,,,,,,
45303,832,-228,-72,43,1018,579,-5844,-4547,-37,-17,0,4,0,0,15608,666,-12,343,15608,1506,1463,1755,1764,0,0,0,0,0,0,0,-3,-7,5,34,128,,,,,,,,,,,,,,,,,,,,,,,,,,,,,,,,,,,,,,,,,,,,,,,,,,,,,,,,,,,,,,,,,,,,,,,,,,,,,,,,,,,,,,,,,,,,,,,,,,,,,,,,,,,,,,,,,,,,,,,,,,,,,,,
45351,583,-519,235,-7,866,213,-3219,-1617,-40,-38,2,4,0,0,15608,679,-17,343,15608,1513,1468,1760,1751,0,0,0,0,0,0,0,0,-1,-14,0,127,,,,,,,,,,,,,,,,,,,,,,,,,,,,,,,,,,,,,,,,,,,,,,,,,,,,,,,,,,,,,,,,,,,,,,,,,,,,,,,,,,,,,,,,,,,,,,,,,,,,,,,,,,,,,,,,,,,,,,,,,,,,,,,
45403,138,-552,6,82,843,213,4104,-1129,-4,-67,0,3,0,0,15563,663,-56,340,15563,1495,1487,1757,1757,0,0,0,0,0,0,0,0,2,-14,-23,124,,,,,,,,,,,,,,,,,,,,,,,,,,,,,,,,,,,,,,,,,,,,,,,,,,,,,,,,,,,,,,,,,,,,,,,,,,,,,,,,,,,,,,,,,,,,,,,,,,,,,,,,,,,,,,,,,,,,,,,,,,,,,,,
45451,21,-174,21,-126,923,2044,8377,-396,29,-28,0,5,-1,0,15563,679,-56,340,15563,1507,1499,1757,1734,0,0,0,0,0,0,0,0,2,-6,-18,126,,,,,,,,,,,,,,,,,,,,,,,,,,,,,,,,,,,,,,,,,,,,,,,,,,,,,,,,,,,,,,,,,,,,,,,,,,,,,,,,,,,,,,,,,,,,,,,,,,,,,,,,,,,,,,,,,,,,,,,,,,,,,,,
45503,-44,199,-184,-90,1006,1190,8010,30,24,0,0,4,0,0,15563,685,16,340,15563,1503,1476,1773,1735,0,0,0,0,0,0,0,-2,0,9,-8,121,,,,,,,,,,,,,,,,,,,,,,,,,,,,,,,,,,,,,,,,,,,,,,,,,,,,,,,,,,,,,,,,,,,,,,,,,,,,,,,,,,,,,,,,,,,,,,,,,,,,,,,,,,,,,,,,,,,,,,,,,,,,,,,
45551,-10,552,20,107,1185,4974,8132,1129,20,47,0,4,0,0,15563,680,-19,340,15563,1528,1462,1764,1732,0,0,0,0,0,0,0,-3,0,19,-6,124,,,,,,,,,,,,,,,,,,,,,,,,,,,,,,,,,,,,,,,,,,,,,,,,,,,,,,,,,,,,,,,,,,,,,,,,,,,,,,,,,,,,,,,,,,,,,,,,,,,,,,,,,,,,,,,,,,,,,,,,,,,,,,,
45603,410,701,51,47,1181,5767,2090,1739,12,62,2,5,0,0,15563,665,-8,340,15563,1516,1476,1759,1741,0,0,0,0,0,0,0,0,-3,7,20,121,,,,,,,,,,,,,,,,,,,,,,,,,,,,,,,,,,,,,,,,,,,,,,,,,,,,,,,,,,,,,,,,,,,,,,,,,,,,,,,,,,,,,,,,,,,,,,,,,,,,,,,,,,,,,,,,,,,,,,,,,,,,,,,
45651,562,784,-26,52,1052,2532,-4989,396,-12,83,0,4,0,0,15518,691,6,336,15518,1504,1488,1760,1736,0,0,0,0,0,0,0,-3,-1,23,15,124,,,,,,,,,,,,,,,,,,,,,,,,,,,,,,,,,,,,,,,,,,,,,,,,,,,,,,,,,,,,,,,,,,,,,,,,,,,,,,,,,,,,,,,,,,,,,,,,,,,,,,,,,,,,,,,,,,,,,,,,,,,,,,,
45703,709,434,-9,-53,989,2593,-961,-579,-41,56,2,4,0,0,15563,666,-3,340,15563,1522,1481,1760,1732,0,0,0,0,0,0,0,1,-1,-7,12,123,,,,,,,,,,,,,,,,,,,,,,,,,,,,,,,,,,,,,,,,,,,,,,,,,,,,,,,,,,,,,,,,,,,,,,,,,,,,,,,,,,,,,,,,,,,,,,,,,,,,,,,,,,,,,,,,,,,,,,,,,,,,,,,
45751,797,-71,136,207,1092,335,-2365,457,-32,6,0,4,0,0,15608,690,47,343,15608,1531,1474,1751,1743,0,0,0,0,0,0,0,4,-2,-31,22,124,,,,,,,,,,,,,,,,,,,,,,,,,,,,,,,,,,,,,,,,,,,,,,,,,,,,,,,,,,,,,,,,,,,,,,,,,,,,,,,,,,,,,,,,,,,,,,,,,,,,,,,,,,,,,,,,,,,,,,,,,,,,,,,
45803,766,236,-146,44,1193,-1251,-4318,1922,-43,-10,0,4,0,0,15518,664,-44,336,15518,1529,1479,1746,1739,0,0,0,0,0,0,0,-6,-1,33,16,130,,,,,,,,,,,,,,,,,,,,,,,,,,,,,,,,,,,,,,,,,,,,,,,,,,,,,,,,,,,,,,,,,,,,,,,,,,,,,,,,,,,,,,,,,,,,,,,,,,,,,,,,,,,,,,,,,,,,,,,,,,,,,,,
45851,647,-72,30,118,883,946,320,-579,-32,-15,2,4,0,0,15518,662,-34,336,15518,1517,1492,1745,1740,0,0,0,0,0,0,0,0,0,-8,3,121,,,,,,,,,,,,,,,,,,,,,,,,,,,,,,,,,,,,,,,,,,,,,,,,,,,,,,,,,,,,,,,,,,,,,,,,,,,,,,,,,,,,,,,,,,,,,,,,,,,,,,,,,,,,,,,,,,,,,,,,,,,,,,,
45903,735,-255,97,38,908,823,442,1861,-35,-4,2,4,0,0,15608,669,15,343,15608,1527,1480,1758,1735,0,0,0,0,0,0,0,4,-1,-28,18,122,,,,,,,,,,,,,,,,,,,,,,,,,,,,,,,,,,,,,,,,,,,,,,,,,,,,,,,,,,,,,,,,,,,,,,,,,,,,,,,,,,,,,,,,,,,,,,,,,,,,,,,,,,,,,,,,,,,,,,,,,,,,,,,
45951,931,-29,-61,107,1061,823,-1022,2349,-44,11,0,4,0,0,15518,665,43,336,15518,1536,1479,1758,1728,0,0,0,0,0,0,0,-2,-3,7,30,125,,,,,,,,,,,,,,,,,,,,,,,,,,,,,,,,,,,,,,,,,,,,,,,,,,,,,,,,,,,,,,,,,,,,,,,,,,,,,,,,,,,,,,,,,,,,,,,,,,,,,,,,,,,,,,,,,,,,,,,,,,,,,,,
46003,760,73,-150,-54,948,-457,-1571,946,-61,4,2,4,0,0,15563,661,-10,340,15563,1531,1472,1755,1736,0,0,0,0,0,0,0,-2,1,12,0,123,,,,,,,,,,,,,,,,,,,,,,,,,,,,,,,,,,,,,,,,,,,,,,,,,,,,,,,,,,,,,,,,,,,,,,,,,,,,,,,,,,,,,,,,,,,,,,,,,,,,,,,,,,,,,,,,,,,,,,,,,,,,,,,
46051,957,-247,0,80,1089,-946,-4074,1312,-59,-25,0,4,0,0,15563,703,-15,340,15563,1535,1474,1742,1745,0,0,0,0,0,0,0,0,-3,-10,27,127,,,,,,,,,,,,,,,,,,,,,,,,,,,,,,,,,,,,,,,,,,,,,,,,,,,,,,,,,,,,,,,,,,,,,,,,,,,,,,,,,,,,,,,,,,,,,,,,,,,,,,,,,,,,,,,,,,,,,,,,,,,,,,,
46103,689,-100,-163,-33,1089,-1983,-6027,1678,-41,-28,2,4,0,0,15608,685,1,343,15608,1511,1497,1745,1747,0,0,0,0,0,0,0,-7,1,33,1,128,,,,,,,,,,,,,,,,,,,,,,,,,,,,,,,,,,,,,,,,,,,,,,,,,,,,,,,,,,,,,,,,,,,,,,,,,,,,,,,,,,,,,,,,,,,,,,,,,,,,,,,,,,,,,,,,,,,,,,,,,,,,,,,
46151,374,-269,-39,-159,1034,-3875,-1876,396,-28,-42,2,4,0,0,15563,660,-41,340,15563,1524,1484,1748,1741,0,0,0,0,0,0,0,-4,2,10,-10,131,,,,,,,,,,,,,,,,,,,,,,,,,,,,,,,,,,,,,,,,,,,,,,,,,,,,,,,,,,,,,,,,,,,,,,,,,,,,,,,,,,,,,,,,,,,,,,,,,,,,,,,,,,,,,,,,,,,,,,,,,,,,,,,
46203,76,-548,24,-75,920,1129,2273,946,2,-33,0,3,0,0,15608,673,-21,343,15608,1501,1480,1766,1745,0,0,0,0,0,0,0,1,3,-22,-15,123,,,,,,,,,,,,,,,,,,,,,,,,,,,,,,,,,,,,,,,,,,,,,,,,,,,,,,,,,,,,,,,,,,,,,,,,,,,,,,,,,,,,,,,,,,,,,,,,,,,,,,,,,,,,,,,,,,,,,,,,,,,,,,,
46251,55,-210,-7,-44,857,4241,2151,701,25,0,0,4,0,0,15608,688,2,343,15608,1530,1460,1768,1735,0,0,0,0,0,0,0,-2,2,0,-7,118,,,,,,,,,,,,,,,,,,,,,,,,,,,,,,,,,,,,,,,,,,,,,,,,,,,,,,,,,,,,,,,,,,,,,,,,,,,,,,,,,,,,,,,,,,,,,,,,,,,,,,,,,,,,,,,,,,,,,,,,,,,,,,,
46303,346,-280,101,44,906,4852,15,91,-8,0,0,4,0,0,15518,683,-10,336,15518,1533,1457,1758,1738,0,0,0,0,0,0,0,0,0,-18,10,119,,,,,,,,,,,,,,,,,,,,,,,,,,,,,,,,,,,,,,,,,,,,,,,,,,,,,,,,,,,,,,,,,,,,,,,,,,,,,,,,,,,,,,,,,,,,,,,,,,,,,,,,,,,,,,,,,,,,,,,,,,,,,,,
46351,584,-120,0,-58,1025,-1678,1602,-1434,-38,-20,0,4,0,0,15608,679,-33,343,15608,1518,1473,1758,1742,0,0,0,0,0,0,0,-2,0,2,16,127,,,,,,,,,,,,,,,,,,,,,,,,,,,,,,,,,,,,,,,,,,,,,,,,,,,,,,,,,,,,,,,,,,,,,,,,,,,,,,,,,,,,,,,,,,,,,,,,,,,,,,,,,,,,,,,,,,,,,,,,,,,,,,,
46403,331,151,-245,-33,999,-885,808,-1068,-10,-18,-2,4,0,0,15608,669,-43,343,15608,1511,1478,1751,1755,0,0,0,0,0,0,0,-8,2,34,-4,128,,,,,,,,,,,,,,,,,,,,,,,,,,,,,,,,,,,,,,,,,,,,,,,,,,,,,,,,,,,,,,,,,,,,,,,,,,,,,,,,,,,,,,,,,,,,,,,,,,,,,,,,,,,,,,,,,,,,,,,,,,,,,,,
46451,449,-228,0,2,1006,2471,1480,-1678,-2,-29,2,5,0,0,15563,675,-38,340,15563,1528,1464,1759,1740,0,0,0,0,0,0,0,0,0,-15,7,123,,,,,,,,,,,,,,,,,,,,,,,,,,,,,,,,,,,,,,,,,,,,,,,,,,,,,,,,,,,,,,,,,,,,,,,,,,,,,,,,,,,,,,,,,,,,,,,,,,,,,,,,,,,,,,,,,,,,,,,,,,,,,,,
46503,292,12,30,91,1070,-1556,4287,-1556,-2,-4,0,4,-1,0,15654,685,-5,347,15654,1509,1467,1765,1745,0,0,0,0,0,0,0,-1,2,-2,-1,124,,,,,,,,,,,,,,,,,,,,,,,,,,,,,,,,,,,,,,,,,,,,,,,,,,,,,,,,,,,,,,,,,,,,,,,,,,,,,,,,,,,,,,,,,,,,,,,,,,,,,,,,,,,,,,,,,,,,,,,,,,,,,,,
46551,196,263,-162,-125,1104,-2349,6668,-2532,-3,14,0,3,-1,0,15654,654,-23,347,15654,1514,1471,1769,1734,0,0,0,0,0,0,0,-2,1,9,-1,129,,,,,,,,,,,,,,,,,,,,,,,,,,,,,,,,,,,,,,,,,,,,,,,,,,,,,,,,,,,,,,,,,,,,,,,,,,,,,,,,,,,,,,,,,,,,,,,,,,,,,,,,,,,,,,,,,,,,,,,,,,,,,,,
46603,100,320,-189,-160,1122,-1251,1113,-2044,-5,2,-2,4,0,0,15563,680,1,340,15563,1492,1460,1773,1753,0,0,0,0,0,0,0,-4,3,18,-13,128,,,,,,,,,,,,,,,,,,,,,,,,,,,,,,,,,,,,,,,,,,,,,,,,,,,,,,,,,,,,,,,,,,,,,,,,,,,,,,,,,,,,,,,,,,,,,,,,,,,,,,,,,,,,,,,,,,,,,,,,,,,,,,,
46651,70,134,81,140,1049,-3509,-2120,-457,11,26,0,4,0,0,15563,670,-30,340,15563,1510,1468,1757,1751,0,0,0,0,0,0,0,0,0,-10,1,124,,,,,,,,,,,,,,,,,,,,,,,,,,,,,,,,,,,,,,,,,,,,,,,,,,,,,,,,,,,,,,,,,,,,,,,,,,,,,,,,,,,,,,,,,,,,,,,,,,,,,,,,,,,,,,,,,,,,,,,,,,,,,,,
46703,250,-119,214,162,1094,-4241,-1571,-1556,22,10,4,4,0,0,15700,691,4,352,15700,1496,1476,1769,1744,0,0,0,0,0,0,0,4,-5,-32,34,128,,,,,,,,,,,,,,,,,,,,,,,,,,,,,,,,,,,,,,,,,,,,,,,,,,,,,,,,,,,,,,,,,,,,,,,,,,,,,,,,,,,,,,,,,,,,,,,,,,,,,,,,,,,,,,,,,,,,,,,,,,,,,,,
46751,-169,-266,-15,-141,600,-4119,564,335,29,-28,0,4,0,0,15518,665,-24,336,15518,1498,1466,1769,1753,0,0,0,0,0,0,0,2,2,-19,-16,128,,,,,,,,,,,,,,,,,,,,,,,,,,,,,,,,,,,,,,,,,,,,,,,,,,,,,,,,,,,,,,,,,,,,,,,,,,,,,,,,,,,,,,,,,,,,,,,,,,,,,,,,,,,,,,,,,,,,,,,,,,,,,,,
46803,-190,-298,129,124,1159,1739,3433,335,43,-26,-14,4,0,0,15563,673,-22,340,15563,1494,1435,1783,1757,0,0,0,0,0,0,0,4,0,-29,-4,129,,,,,,,,,,,,,,,,,,,,,,,,,,,,,,,,,,,,,,,,,,,,,,,,,,,,,,,,,,,,,,,,,,,,,,,,,,,,,,,,,,,,,,,,,,,,,,,,,,,,,,,,,,,,,,,,,,,,,,,,,,,,,,,
46851,-85,300,118,43,1026,4547,4226,1861,30,18,0,4,0,0,15563,671,-19,340,15563,1522,1475,1756,1740,0,0,0,0,0,0,0,-1,2,15,-10,125,,,,,,,,,,,,,,,,,,,,,,,,,,,,,,,,,,,,,,,,,,,,,,,,,,,,,,,,,,,,,,,,,,,,,,,,,,,,,,,,,,,,,,,,,,,,,,,,,,,,,,,,,,,,,,,,,,,,,,,,,,,,,,,
46903,150,705,-103,-156,1061,3692,6362,-1068,16,38,-2,4,0,0,15563,652,-58,340,15563,1521,1479,1756,1738,0,0,0,0,0,0,0,-1,2,18,-7,129,,,,,,,,,,,,,,,,,,,,,,,,,,,,,,,,,,,,,,,,,,,,,,,,,,,,,,,,,,,,,,,,,,,,,,,,,,,,,,,,,,,,,,,,,,,,,,,,,,,,,,,,,,,,,,,,,,,,,,,,,,,,,,,
46951,382,775,-137,-2,993,3387,869,-1190,-8,53,2,4,0,0,15563,674,-21,340,15563,1527,1482,1753,1738,0,0,0,0,0,0,0,0,0,15,6,122,,,,,,,,,,,,,,,,,,,,,,,,,,,,,,,,,,,,,,,,,,,,,,,,,,,,,,,,,,,,,,,,,,,,,,,,,,,,,,,,,,,,,,,,,,,,,,,,,,,,,,,,,,,,,,,,,,,,,,,,,,,,,,,
47003,147,596,-11,-6,972,-2288,-656,640,7,48,2,4,0,0,15518,660,-35,336,15518,1510,1480,1750,1747,0,0,0,0,0,0,0,0,3,15,-10,122,,,,,,,,,,,,,,,,,,,,,,,,,,,,,,,,,,,,,,,,,,,,,,,,,,,,,,,,,,,,,,,,,,,,,,,,,,,,,,,,,,,,,,,,,,,,,,,,,,,,,,,,,,,,,,,,,,,,,,,,,,,,,,,
47051,161,505,90,51,1103,-1922,-5172,274,9,42,2,4,0,0,15608,674,-12,343,15608,1517,1485,1752,1744,0,0,0,0,0,0,0,0,0,12,2,121,,,,,,,,,,,,,,,,,,,,,,,,,,,,,,,,,,,,,,,,,,,,,,,,,,,,,,,,,,,,,,,,,,,,,,,,,,,,,,,,,,,,,,,,,,,,,,,,,,,,,,,,,,,,,,,,,,,,,,,,,,,,,,,
47103,-103,66,-190,-224,1038,-1068,-5111,-701,37,2,-4,5,0,0,15563,641,-54,340,15563,1502,1482,1749,1760,0,0,0,0,0,0,0,1,4,-2,-20,129,,,,,,,,,,,,,,,,,,,,,,,,,,,,,,,,,,,,,,,,,,,,,,,,,,,,,,,,,,,,,,,,,,,,,,,,,,,,,,,,,,,,,,,,,,,,,,,,,,,,,,,,,,,,,,,,,,,,,,,,,,,,,,,
47151,-288,-316,6,-252,773,-2716,-3158,-946,36,-31,2,4,0,0,15563,667,-16,340,15563,1519,1481,1760,1737,0,0,0,0,0,0,0,1,4,-7,-23,128,,,,,,,,,,,,,,,,,,,,,,,,,,,,,,,,,,,,,,,,,,,,,,,,,,,,,,,,,,,,,,,,,,,,,,,,,,,,,,,,,,,,,,,,,,,,,,,,,,,,,,,,,,,,,,,,,,,,,,,,,,,,,,,
47203,28,-518,24,153,1241,-701,-1327,274,23,-38,2,4,0,0,15608,654,-39,343,15608,1518,1475,1747351,250,-363,-39,32,1121,-3021,15,-885,-6,-50,0,4,0,0,15608,657,-20,343,15608,151747451,394,-792,-141,142,1170,3570,-1022,823,1,-55,2,4,0,0,15563,660,-38,340,15563,1547551,303,-182,-97,65,1302,1617,-1449,1800,-11,-32,0,4,0,0,15608,622,-163,343,15608,97,213,-4,-30,0,4,-1,0,15608,615,-76,343,15608,1533,1472,1737,1756,0,0,0,0,0,0,0,0,147651,529,-594,96,80,1094,3631,-9262,-885,-18,-52,0,4,0,0,15563,627,-54,340,15563,1547703,739,-1146,114,77,1065,2471,-9262,2105,4,-80,2,10,0,0,15563,635,-42,340,15563,1521,1484,1742,1746,0,0,0,0,0,0,0,0,-1,-29,23,129
47751,808,-1301,115,95,1230,6195,6179,1068,44,-80,0,23,6,0,15518,640,-47,336,15518,1516,1470,1749,1751,0,0,0,0,0,0,0,0,1,-30,10,128,,,,,,,,,,,,,,,,,,,,,,,,,,,,,,,,,,,,,,,,,,,,,,,,,,,,,,,,,,,,,,,,,,,,,,,,,,,,,,,,,,,,,,,,,,,,,,,,,,,,,,,,,,,,,,,,,,,,,,,,,,,,,,,
47803,974,-386,9,41,965,4364,9597,1129,98,18,-2,35,14,0,15518,637,-44,336,15518,1521,1485,1756,1730,0,0,0,0,0,0,0,-6,1,18,15,125,,,,,,,,,,,,,,,,,,,,,,,,,,,,,,,,,,,,,,,,,,,,,,,,,,,,,,,,,,,,,,,,,,,,,,,,,,,,,,,,,,,,,,,,,,,,,,,,,,,,,,,,,,,,,,,,,,,,,,,,,,,,,,,
47851,1336,-141,-54,95,5472,616,-57,332,15472,1522,1468,1753,1740,0,0,0,0,0,0,0,-2,1,1,33,128,,,,,,,,,,,,,,,,,,,,,,,,,,,,,,,,,,,,,,,,,,,,,,,,,,,,,,,,,,,,,,,,,,,,,,,,,,,,,,,,,,,,,,,,,,,,,,,,,,,,,,,,,,,,,,,,,,,,,,,,,,,,,,,,,,,,,,,,,
48003,1821,-99,160,1,775,6378,-2670,762,160,121,-2,64,23,0,15518,604,-49,336,15518,1510,1484,1759,1736,0,0,0,0,0,0,0,1,8,-17,3,127,,,,,,,,,,,,,,,,,,,,,,,,,,,,,,,,,,,,,,,,,,,,,,,,,,,,,,,,,,,,,,,,,,,,,,,,,,,,,,,,,,,,,,,,,,,,,,,,,,,,,,,,,,,,,,,,,,,,,,,,,,,,,,,
48051,2012,-133,97,155,802,8026,198,518,142,120,0,59,23,0,15518,618,-13,336,15518,1523,1474,1758,1735,0,0,0,0,0,0,0,1,4,-18,30,127,,,,,,,,,,,,,,,,,,,,,,,,,,,,,,,,,,,,,,,,,,,,,,,,,,,,,,,,,,,,,,,,,,,,,,,,,,,,,,,,,,,,,,,,,,,,,,,,,,,,,,,,,,,,,,,,,,,,,,,,,,,,,,,
48103,1966,118,-51,-72,970,4486,-350,396,20,33,2,39,6,0,15518,611,-63,336,15518,1535,1484,1744,1746,0,0,0,0,0,0,0,-2,8,8,12,124,,,,,,,,,,,,,,,,,,,,,,,,,,,,,,,,,,,,,,,,,,,,,,,,,,,,,,,,,,,,,,,,,,,,,,,,,,,,,,,,,,,,,,,,,,,,,,,,,,,,,,,,,,,,,,,,,,,,,,,,,,,,,,,
48151,1659,100,-114,-24,1141,-4302,1052,701,-31,-17,-2,25,0,0,15518,601,-68,336,15518,1512,1488,1745,1746,0,0,0,0,0,0,0,-4,10,19,0,131,,,,,,,,,,,,,,,,,,,,,,,,,,,,,,,,,,,,,,,,,,,,,,,,,,,,,,,,,,,,,,,,,,,,,,,,,,,,,,,,,,,,,,,,,,,,,,,,,,,,,,,,,,,,,,,,,,,,,,,,,,,,,,,
48203,1121,217,-4,108,873,-2777,869,-1312,-50,22,0,10,0,0,15472,602,-29,332,15472,1512,1490,1755,1731,0,0,0,0,0,0,0,-2,10,9,-6,127,,,,,,,,,,,,,,,,,,,,,,,,,,,,,,,,,,,,,,,,,,,,,,,,,,,,,,,,,,,,,,,,,,,,,,,,,,,,,,,,,,,,,,,,,,,,,,,,,,,,,,,,,,,,,,,,,,,,,,,,,,,,,,,
48251,963,87,26,124,1208,-2838,-8651,2716,-28,11,0,10,0,0,15518,607,-37,336,15518,1533,1480,1733,1745,0,0,0,0,0,0,0,-2,6,3,18,126,,,,,,,,,,,,,,,,,,,,,,,,,,,,,,,,,,,,,,,,,,,,,,,,,,,,,,,,,,,,,,,,,,,,,,,,,,,,,,,,,,,,,,,,,,,,,,,,,,,,,,,,,,,,,,,,,,,,,,,,,,,,,,,
48303,616,-419,143,70,1116,-6134,-3768,1251,-7,-37,2,9,0,0,15518,591,-64,336,15518,1498,1498,1741,1749,0,0,0,0,0,0,0,0,7,-14,4,127,,,,,,,,,,,,,,,,,,,,,,,,,,,,,,,,,,,,,,,,,,,,,,,,,,,,,,,,,,,,,,,,,,,,,,,,,,,,,,,,,,,,,,,,,,,,,,,,,,,,,,,,,,,,,,,,,,,,,,,,,,,,,,,
48351,490,-292,52,150,964,-7354,6240,152,9,-25,0,9,0,0,15472,593,-89,332,15472,1507,1501,1757,1724,0,0,0,0,0,0,0,1,2,-21,27,124,,,,,,,,,,,,,,,,,,,,,,,,,,,,,,,,,,,,,,,,,,,,,,,,,,,,,,,,,,,,,,,,,,,,,,,,,,,,,,,,,,,,,,,,,,,,,,,,,,,,,,,,,,,,,,,,,,,,,,,,,,,,,,,
48403,143,433,-61,-95,850,-4119,4653,335,13,19,0,6,0,0,15472,597,-89,332,15472,1493,1483,1753,1750,0,0,0,0,0,0,0,-6,6,30,0,123,,,,,,,,,,,,,,,,,,,,,,,,,,,,,,,,,,,,,,,,,,,,,,,,,,,,,,,,,,,,,,,,,,,,,,,,,,,,,,,,,,,,,,,,,,,,,,,,,,,,,,,,,,,,,,,,,,,,,,,,,,,,,,,
48451,-153,387,108,-23,801,-2044,747,-1617,46,25,0,7,0,0,15472,599,-24,332,15472,1494,1485,1751,1750,0,0,0,0,0,0,0,-2,8,11,-15,127,,,,,,,,,,,,,,,,,,,,,,,,,,,,,,,,,,,,,,,,,,,,,,,,,,,,,,,,,,,,,,,,,,,,,,,,,,,,,,,,,,,,,,,,,,,,,,,,,,,,,,,,,,,,,,,,,,,,,,,,,,,,,,,
48503,-4,340,-83,89,1067,-2288,4531,-2777,24,16,0,5,0,0,15472,582,-114,332,15472,1504,1462,1767,1747,0,0,0,0,0,0,0,-1,2,5,15,125,,,,,,,,,,,,,,,,,,,,,,,,,,,,,,,,,,,,,,,,,,,,,,,,,,,,,,,,,,,,,,,,,,,,,,,,,,,,,,,,,,,,,,,,,,,,,,,,,,,,,,,,,,,,,,,,,,,,,,,,,,,,,,,
48551,343,495,86,51,953,335,3799,-1617,13,67,2,5,1,0,15472,571,-102,332,15472,1485,1465,1786,1735,0,0,0,0,0,0,0,0,-1,-1,37,123,,,,,,,,,,,,,,,,,,,,,,,,,,,,,,,,,,,,,,,,,,,,,,,,,,,,,,,,,,,,,,,,,,,,,,,,,,,,,,,,,,,,,,,,,,,,,,,,,,,,,,,,,,,,,,,,,,,,,,,,,,,,,,,
48603,287,527,-54,-37,1156,-274,-2670,-2777,13,67,2,6,0,0,15518,575,-116,336,15518,1493,1456,1779,1745,0,0,0,0,0,0,0,-1,3,9,11,127,,,,,,,,,,,,,,,,,,,,,,,,,,,,,,,,,,,,,,,,,,,,,,,,,,,,,,,,,,,,,,,,,,,,,,,,,,,,,,,,,,,,,,,,,,,,,,,,,,,,,,,,,,,,,,,,,,,,,,,,,,,,,,,
48651,759,367,27,169,1166,518,-7308,-3875,-10,32,0,7,0,0,15608,573,-107,343,15608,1504,1469,1765,1747,0,0,0,0,0,0,0,-1,-1,6,41,127,,,,,,,,,,,,,,,,,,,,,,,,,,,,,,,,,,,,,,,,,,,,,,,,,,,,,,,,,,,,,,,,,,,,,,,,,,,,,,,,,,,,,,,,,,,,,,,,,,,,,,,,,,,,,,,,,,,,,,,,,,,,,,,
48703,684,159,86,-102,866,-3082,-8651,-1129,-34,6,2,6,0,0,15563,562,-98,340,15563,1481,1449,1767,1773,0,0,0,0,0,0,0,-2,2,9,12,126,,,,,,,,,,,,,,,,,,,,,,,,,,,,,,,,,,,,,,,,,,,,,,,,,,,,,,,,,,,,,,,,,,,,,,,,,,,,,,,,,,,,,,,,,,,,,,,,,,,,,,,,,,,,,,,,,,,,,,,,,,,,,,,
48751,458,-167,58,-34,503,-5462,-2853,-2899,-20,15,2,6,0,0,15608,576,-107,343,15608,1462,1443,1789,1771,0,0,0,0,0,0,0,2,4,-23,0,128,,,,,,,,,,,,,,,,,,,,,,,,,,,,,,,,,,,,,,,,,,,,,,,,,,,,,,,,,,,,,,,,,,,,,,,,,,,,,,,,,,,,,,,,,,,,,,,,,,,,,,,,,,,,,,,,,,,,,,,,,,,,,,,
48803,134,8,4,-36,1031,-4608,1602,-1495,18,-9,0,6,0,0,15608,564,-111,343,15608,1498,1496,1759,1744,0,0,0,0,0,0,0,-4,5,12,-7,124,,,,,,,,,,,,,,,,,,,,,,,,,,,,,,,,,,,,,,,,,,,,,,,,,,,,,,,,,,,,,,,,,,,,,,,,,,,,,,,,,,,,,,,,,,,,,,,,,,,,,,,,,,,,,,,,,,,,,,,,,,,,,,,
48851,-111,-13,-71,-40,1020,-701,-7614,-1434,42,1,2,6,0,0,15563,568,-129,340,15563,1491,1481,1750,1767,0,0,0,0,0,0,0,-4,4,12,-9,128,,,,,,,,,,,,,,,,,,,,,,,,,,,,,,,,,,,,,,,,,,,,,,,,,,,,,,,,,,,,,,,,,,,,,,,,,,,,,,,,,,,,,,,,,,,,,,,,,,,,,,,,,,,,,,,,,,,,,,,,,,,,,,,
48903,-48,-872,204,-73,1116,762,-10910,-1983,34,-55,0,6,0,0,15563,532,-123,340,15563,1486,1465,1757,1770,0,0,0,0,0,0,0,1,4,-32,-3,130,,,,,,,,,,,,,,,,,,,,,,,,,,,,,,,,,,,,,,,,,,,,,,,,,,,,,,,,,,,,,,,,,,,,,,,,,,,,,,,,,,,,,,,,,,,,,,,,,,,,,,,,,,,,,,,,,,,,,,,,,,,,,,,
48951,-101,-1053,3,-14,755,-4119,-2792,-2227,34,-82,0,6,0,0,15608,550,-91,343,15608,1482,1484,1760,1760,0,0,0,0,0,0,0,0,2,-22,4,128,,,,,,,,,,,,,,,,,,,,,,,,,,,,,,,,,,,,,,,,,,,,,,,,,,,,,,,,,,,,,,,,,,,,,,,,,,,,,,,,,,,,,,,,,,,,,,,,,,,,,,,,,,,,,,,,,,,,,,,,,,,,,,,
49003,-239,-833,55,100,1144,1312,4287,-1129,61,-68,0,6,0,0,15563,554,-82,340,15563,1498,1478,1759,1752,0,0,0,0,0,0,0,-2,2,-12,-1,129,,,,,,,,,,,,,,,,,,,,,,,,,,,,,,,,,,,,,,,,,,,,,,,,,,,,,,,,,,,,,,,,,,,,,,,,,,,,,,,,,,,,,,,,,,,,,,,,,,,,,,,,,,,,,,,,,,,,,,,,,,,,,,,
49051,-183,-239,-173,75,1052,7476,1663,-1129,46,-46,2,6,0,0,15608,534,-121,343,15608,1500,1475,1757,1755,0,0,0,0,0,0,0,-9,4,34,-9,130,,,,,,,,,,,,,,,,,,,,,,,,,,,,,,,,,,,,,,,,,,,,,,,,,,,,,,,,,,,,,,,,,,,,,,,,,,,,,,,,,,,,,,,,,,,,,,,,,,,,,,,,,,,,,,,,,,,,,,,,,,,,,,,
49103,370,-413,32,125,1079,5279,-5538,-6011,9,-40,0,5,0,0,15608,546,-79,343,15608,1499,1453,1755,1774,0,0,0,0,0,0,0,-5,0,6,23,126,,,,,,,,,,,,,,,,,,,,,,,,,,,,,,,,,,,,,,,,,,,,,,,,,,,,,,,,,,,,,,,,,,,,,,,,,,,,,,,,,,,,,,,,,,,,,,,,,,,,,,,,,,,,,,,,,,,,,,,,,,,,,,,
49151,962,-638,23,218,847,-2349,-7186,-2227,-28,-45,0,6,0,0,15563,522,-129,340,15563,1491,1475,1764,1754,0,0,0,0,0,0,0,-5,-6,-1,65,131,,,,,,,,,,,,,,,,,,,,,,,,,,,,,,,,,,,,,,,,,,,,,,,,,,,,,,,,,,,,,,,,,,,,,,,,,,,,,,,,,,,,,,,,,,,,,,,,,,,,,,,,,,,,,,,,,,,,,,,,,,,,,,,
49203,681,-302,18,7,996,-5218,9353,-1434,-40,-34,-2,6,2,0,15563,475,-171,340,15563,1450,1460,1788,1765,0,0,0,0,0,0,0,-6,0,8,19,127,,,,,,,,,,,,,,,,,,,,,,,,,,,,,,,,,,,,,,,,,,,,,,,,,,,,,,,,,,,,,,,,,,,,,,,,,,,,,,,,,,,,,,,,,,,,,,,,,,,,,,,,,,,,,,,,,,,,,,,,,,,,,,,
49251,467,363,50,-47,986,-2471,12161,-3021,-13,18,0,6,0,0,15608,513,-123,343,15608,1456,1453,1780,1773,0,0,0,0,0,0,0,-6,2,18,2,127,,,,,,,,,,,,,,,,,,,,,,,,,,,,,,,,,,,,,,,,,,,,,,,,,,,,,,,,,,,,,,,,,,,,,,,,,,,,,,,,,,,,,,,,,,,,,,,,,,,,,,,,,,,,,,,,,,,,,,,,,,,,,,,
49303,600,635,14,127,1153,91,137,-3936,-8,56,0,6,0,0,15608,493,-149,343,15608,1491,1445,1775,1764,0,0,0,0,0,0,0,-8,-2,31,29,124,,,,,,,,,,,,,,,,,,,,,,,,,,,,,,,,,,,,,,,,,,,,,,,,,,,,,,,,,,,,,,,,,,,,,,,,,,,,,,,,,,,,,,,,,,,,,,,,,,,,,,,,,,,,,,,,,,,,,,,,,,,,,,,
49351,630,404,0,11,965,1312,-1022,-2716,-27,22,2,6,0,0,15563,490,-146,340,15563,1490,1453,1761,1771,0,0,0,0,0,0,0,-2,0,0,14,124,,,,,,,,,,,,,,,,,,,,,,,,,,,,,,,,,,,,,,,,,,,,,,,,,,,,,,,,,,,,,,,,,,,,,,,,,,,,,,,,,,,,,,,,,,,,,,,,,,,,,,,,,,,,,,,,,,,,,,,,,,,,,,,
49403,837,270,-9,159,969,3326,8621,-2593,-19,18,0,6,0,0,15608,496,-116,343,15608,1478,1450,1785,1756,0,0,0,0,0,0,0,0,0,-8,25,125,,,,,,,,,,,,,,,,,,,,,,,,,,,,,,,,,,,,,,,,,,,,,,,,,,,,,,,,,,,,,,,,,,,,,,,,,,,,,,,,,,,,,,,,,,,,,,,,,,,,,,,,,,,,,,,,,,,,,,,,,,,,,,,
49451,731,158,76,103,1253,-1373,6546,-2838,-38,9,0,7,-1,0,15563,468,-126,340,15563,1484,1445,1791,1753,0,0,0,0,0,0,0,1,1,-18,13,128,,,,,,,,,,,,,,,,,,,,,,,,,,,,,,,,,,,,,,,,,,,,,,,,,,,,,,,,,,,,,,,,,,,,,,,,,,,,,,,,,,,,,,,,,,,,,,,,,,,,,,,,,,,,,,,,,,,,,,,,,,,,,,,
49503,853,760,-167,55,1160,-3021,9719,-3326,-35,33,0,7,0,0,15563,457,-164,340,15563,1483,1473,1782,1742,0,0,0,0,0,0,0,-4,0,27,26,129,,,,,,,,,,,,,,,,,,,,,,,,,,,,,,,,,,,,,,,,,,,,,,,,,,,,,,,,,,,,,,,,,,,,,,,,,,,,,,,,,,,,,,,,,,,,,,,,,,,,,,,,,,,,,,,,,,,,,,,,,,,,,,,
49551,774,963,117,55,970,946,7034,-335,-37,89,0,6,0,0,15608,467,-151,343,15608,1481,1431,1796,1759,0,0,0,0,0,0,0,1,1,3,12,122,,,,,,,,,,,,,,,,,,,,,,,,,,,,,,,,,,,,,,,,,,,,,,,,,,,,,,,,,,,,,,,,,,,,,,,,,,,,,,,,,,,,,,,,,,,,,,,,,,,,,,,,,,,,,,,,,,,,,,,,,,,,,,,
49603,717,978,-24,26,860,-1312,-4501,-457,-46,92,-2,6,0,0,15563,412,-238,340,15563,1496,1445,1772,1765,0,0,0,0,0,0,0,0,3,6,0,125,,,,,,,,,,,,,,,,,,,,,,,,,,,,,,,,,,,,,,,,,,,,,,,,,,,,,,,,,,,,,,,,,,,,,,,,,,,,,,,,,,,,,,,,,,,,,,,,,,,,,,,,,,,,,,,,,,,,,,,,,,,,,,,
49651,712,870,-41,109,953,701,-1937,-1373,-15,67,-2,6,0,0,15563,417,-240,340,15563,1468,1478,1774,1756,0,0,0,0,0,0,0,-1,0,19,18,128,,,,,,,,,,,,,,,,,,,,,,,,,,,,,,,,,,,,,,,,,,,,,,,,,,,,,,,,,,,,,,,,,,,,,,,,,,,,,,,,,,,,,,,,,,,,,,,,,,,,,,,,,,,,,,,,,,,,,,,,,,,,,,,
49703,552,460,-13,113,995,3570,-1205,-701,-9,51,0,6,0,0,15518,449,-224,336,15518,1483,1433,1787,1758,0,0,0,0,0,0,0,1,1,-5,9,124,,,,,,,,,,,,,,,,,,,,,,,,,,,,,,,,,,,,,,,,,,,,,,,,,,,,,,,,,,,,,,,,,,,,,,,,,,,,,,,,,,,,,,,,,,,,,,,,,,,,,,,,,,,,,,,,,,,,,,,,,,,,,,,
49751,670,132,-41,-152,996,6988,-9689,-1495,-33,17,2,6,1,0,15518,397,-234,336,15518,1506,1428,1768,1764,0,0,0,0,0,0,0,0,5,2,-5,127,,,,,,,,,,,,,,,,,,,,,,,,,,,,,,,,,,,,,,,,,,,,,,,,,,,,,,,,,,,,,,,,,,,,,,,,,,,,,,,,,,,,,,,,,,,,,,,,,,,,,,,,,,,,,,,,,,,,,,,,,,,,,,,
49803,986,-317,-148,35,800,3082,-11703,-823,-43,-28,0,6,0,0,15472,410,-254,332,15472,1490,1457,1759,1771,0,0,0,0,0,0,0,-1,2,2,16,129,,,,,,,,,,,,,,,,,,,,,,,,,,,,,,,,,,,,,,,,,,,,,,,,,,,,,,,,,,,,,,,,,,,,,,,,,,,,,,,,,,,,,,,,,,,,,,,,,,,,,,,,,,,,,,,,,,,,,,,,,,,,,,,
49851,881,-935,29,-10,851,396,-8773,-91,-51,-74,2,6,0,0,15518,394,-208,336,15518,1503,1436,1762,1769,0,0,0,0,0,0,0,1,4,-23,4,125,,,,,,,,,,,,,,,,,,,,,,,,,,,,,,,,,,,,,,,,,,,,,,,,,,,,,,,,,,,,,,,,,,,,,,,,,,,,,,,,,,,,,,,,,,,,,,,,,,,,,,,,,,,,,,,,,,,,,,,,,,,,,,,
49903,1410,-1060,144,-76,930,5706,-473,-579,-90,-79,2,5,0,0,15518,410,-186,336,15518,1520,1453,1760,1748,0,0,0,0,0,0,0,0,2,-16,22,130,,,,,,,,,,,,,,,,,,,,,,,,,,,,,,,,,,,,,,,,,,,,,,,,,,,,,,,,,,,,,,,,,,,,,,,,,,,,,,,,,,,,,,,,,,,,,,,,,,,,,,,,,,,,,,,,,,,,,,,,,,,,,,,
49951,1303,-975,-126,-63,1035,-30,747,1678,-94,-92,2,6,0,0,15518,367,-176,336,15518,1499,1446,1769,1758,0,0,0,0,0,0,0,-2,6,-3,0,128,,,,,,,,,,,,,,,,,,,,,,,,,,,,,,,,,,,,,,,,,,,,,,,,,,,,,,,,,,,,,,,,,,,,,,,,,,,,,,,,,,,,,,,,,,,,,,,,,,,,,,,,,,,,,,,,,,,,,,,,,,,,,,,
50003,1645,-1038,-131,-62,948,-8636,10330,518,-88,-126,2,9,-3,0,15518,378,-254,336,15518,1485,1480,1767,1745,0,0,0,0,0,0,0,1,-2,-25,47,135,,,,,,,,,,,,,,,,,,,,,,,,,,,,,,,,,,,,,,,,,,,,,,,,,,,,,,,,,,,,,,,,,,,,,,,,,,,,,,,,,,,,,,,,,,,,,,,,,,,,,,,,,,,,,,,,,,,,,,,,,,,,,,,
50051,1137,-681,9,7,909,-6317,21377,-1129,-76,-56,2,6,0,0,15472,339,-297,332,15472,1512,1473,1787,1715,0,0,0,0,0,0,0,7,2,-43,12,128,,,,,,,,,,,,,,,,,,,,,,,,,,,,,,,,,,,,,,,,,,,,,,,,,,,,,,,,,,,,,,,,,,,,,,,,,,,,,,,,,,,,,,,,,,,,,,,,,,,,,,,,,,,,,,,,,,,,,,,,,,,,,,,
50103,678,360,128,-14,944,-2532,7766,1312,-23,57,0,5,4,0,15246,333,-310,311,15246,1513,1456,1767,1723,0,0,0,0,0,0,0,1,3,7,4,124,,,,,,,,,,,,,,,,,,,,,,,,,,,,,,,,,,,,,,,,,,,,,,,,,,,,,,,,,,,,,,,,,,,,,,,,,,,,,,,,,,,,,,,,,,,,,,,,,,,,,,,,,,,,,,,,,,,,,,,,,,,,,,,
50151,548,545,19,22,1357,-1373,1296,3448,-37,40,0,4,0,0,15563,320,-246,340,15563,1512,1475,1755,1748,0,0,0,0,0,0,0,0,3,16,0,124,,,,,,,,,,,,,,,,,,,,,,,,,,,,,,,,,,,,,,,,,,,,,,,,,,,,,,,,,,,,,,,,,,,,,,,,,,,,,,,,,,,,,,,,,,,,,,,,,,,,,,,,,,,,,,,,,,,,,,,,,,,,,,,
50203,497,163,-100,45,1218,-6805,5203,2288,-24,8,2,5,0,0,15518,302,-180,336,15518,1514,1479,1762,1733,0,0,0,0,0,0,0,4,1,-7,9,125,,,,,,,,,,,,,,,,,,,,,,,,,,,,,,,,,,,,,,,,,,,,,,,,,,,,,,,,,,,,,,,,,,,,,,,,,,,,,,,,,,,,,,,,,,,,,,,,,,,,,,,,,,,,,,,,,,,,,,,,,,,,,,,
50251,147,492,-72,43,1188,-4791,869,4547,12,45,0,4,0,0,15563,263,-230,340,15563,1501,1478,1779,1729,0,0,0,0,0,0,0,0,2,21,0,123,,,,,,,,,,,,,,,,,,,,,,,,,,,,,,,,,,,,,,,,,,,,,,,,,,,,,,,,,,,,,,,,,,,,,,,,,,,,,,,,,,,,,,,,,,,,,,,,,,,,,,,,,,,,,,,,,,,,,,,,,,,,,,,
50303,316,432,98,25,1045,1739,-8712,4486,3,50,2,4,0,0,15563,296,-192,340,15563,1536,1478,1741,1743,0,0,0,0,0,0,0,0,-1,12,22,124,,,,,,,,,,,,,,,,,,,,,,,,,,,,,,,,,,,,,,,,,,,,,,,,,,,,,,,,,,,,,,,,,,,,,,,,,,,,,,,,,,,,,,,,,,,,,,,,,,,,,,,,,,,,,,,,,,,,,,,,,,,,,,,
50351,561,-196,-90,118,1254,-1129,-6332,4119,-20,-6,0,4,0,0,15472,224,-212,332,15472,1538,1480,1746,1732,0,0,0,0,0,0,0,3,-2,-11,28,131,,,,,,,,,,,,,,,,,,,,,,,,,,,,,,,,,,,,,,,,,,,,,,,,,,,,,,,,,,,,,,,,,,,,,,,,,,,,,,,,,,,,,,,,,,,,,,,,,,,,,,,,,,,,,,,,,,,,,,,,,,,,,,,
50403,658,-254,-3,-43,1000,-2044,-2914,3509,-39,-15,2,4,0,0,15563,279,-77,340,15563,1537,1508,1743,1716,0,0,0,0,0,0,0,0,-2,0,26,128,,,,,,,,,,,,,,,,,,,,,,,,,,,,,,,,,,,,,,,,,,,,,,,,,,,,,,,,,,,,,,,,,,,,,,,,,,,,,,,,,,,,,,,,,,,,,,,,,,,,,,,,,,,,,,,,,,,,,,,,,,,,,,,
50451,434,-291,-154,-19,1150,2105,-4379,1861,-15,-33,0,4,0,0,15518,281,-105,336,15518,1534,1499,1726,1741,0,0,0,0,0,0,0,-3,1,17,0,130,,,,,,,,,,,,,,,,,,,,,,,,,,,,,,,,,,,,,,,,,,,,,,,,,,,,,,,,,,,,,,,,,,,,,,,,,,,,,,,,,,,,,,,,,,,,,,,,,,,,,,,,,,,,,,,,,,,,,,,,,,,,,,,
50503,355,-463,-89,-63,1347,-5218,-7553,4425,-13,-54,0,4,0,0,15518,226,-58,336,15518,1532,1505,1729,1736,0,0,0,0,0,0,0,-6,0,25,4,129,,,,,,,,,,,,,,,,,,,,,,,,,,,,,,,,,,,,,,,,,,,,,,,,,,,,,,,,,,,,,,,,,,,,,,,,,,,,,,,,,,,,,,,,,,,,,,,,,,,,,,,,,,,,,,,,,,,,,,,,,,,,,,,
50551,584,-910,-185,-31,1105,-1739,-5294,4302,-35,-92,0,4,0,0,15563,273,2,340,15563,1533,1508,1732,1729,0,0,0,0,0,0,0,-1,-3,-6,30,130,,,,,,,,,,,,,,,,,,,,,,,,,,,,,,,,,,,,,,,,,,,,,,,,,,,,,,,,,,,,,,,,,,,,,,,,,,,,,,,,,,,,,,,,,,,,,,,,,,,,,,,,,,,,,,,,,,,,,,,,,,,,,,,
50603,206,-1196,-11,-115,1284,-2105,-6881,4241,-1,-110,0,4,0,0,15472,235,-11,332,15472,1531,1507,1718,1742,0,0,0,0,0,0,0,-2,2,-6,-10,133,,,,,,,,,,,,,,,,,,,,,,,,,,,,,,,,,,,,,,,,,,,,,,,,,,,,,,,,,,,,,,,,,,,,,,,,,,,,,,,,,,,,,,,,,,,,,,,,,,,,,,,,,,,,,,,,,,,,,,,,,,,,,,,
50651,352,-1119,37,-114,1009,-1434,3738,4791,-19,-106,-2,4,0,0,15563,227,-4,340,15563,1563,1491,1726,1728,0,0,0,0,0,0,0,-2,0,-9,9,130,,,,,,,,,,,,,,,,,,,,,,,,,,,,,,,,,,,,,,,,,,,,,,,,,,,,,,,,,,,,,,,,,,,,,,,,,,,,,,,,,,,,,,,,,,,,,,,,,,,,,,,,,,,,,,,,,,,,,,,,,,,,,,,
50703,285,-172,-237,-7,1137,-4119,3616,5401,-15,-57,-2,4,0,0,15563,254,87,340,15563,1521,1510,1743,1730,0,0,0,0,0,0,0,-12,0,55,1,129,,,,,,,,,,,,,,,,,,,,,,,,,,,,,,,,,,,,,,,,,,,,,,,,,,,,,,,,,,,,,,,,,,,,,,,,,,,,,,,,,,,,,,,,,,,,,,,,,,,,,,,,,,,,,,,,,,,,,,,,,,,,,,,
50751,296,174,-75,121,1054,-3021,4226,3143,7,13,-2,5,0,0,15608,285,89,343,15608,1547,1513,1727,1724,0,0,0,0,0,0,0,-6,-2,24,16,126,,,,,,,,,,,,,,,,,,,,,,,,,,,,,,,,,,,,,,,,,,,,,,,,,,,,,,,,,,,,,,,,,,,,,,,,,,,,,,,,,,,,,,,,,,,,,,,,,,,,,,,,,,,,,,,,,,,,,,,,,,,,,,,
50803,78,412,-199,-176,1088,-3387,-167,5218,-4,16,0,5,0,0,15563,279,223,340,15563,1523,1493,1759,1724,0,0,0,0,0,0,0,-7,1,36,-9,127,,,,,,,,,,,,,,,,,,,,,,,,,,,,,,,,,,,,,,,,,,,,,,,,,,,,,,,,,,,,,,,,,,,,,,,,,,,,,,,,,,,,,,,,,,,,,,,,,,,,,,,,,,,,,,,,,,,,,,,,,,,,,,,
50851,107,91,0,-125,1140,-3448,3860,2899,21,5,-2,5,0,0,15563,332,253,340,15563,1536,1487,1755,1722,0,0,0,0,0,0,0,1,-2,-14,9,124,,,,,,,,,,,,,,,,,,,,,,,,,,,,,,,,,,,,,,,,,,,,,,,,,,,,,,,,,,,,,,,,,,,,,,,,,,,,,,,,,,,,,,,,,,,,,,,,,,,,,,,,,,,,,,,,,,,,,,,,,,,,,,,
50903,159,635,-140,-8,1010,5462,442,3631,26,27,2,5,0,0,15518,247,82,336,15518,1544,1517,1739,1708,0,0,0,0,0,0,0,-7,-2,40,8,123,,,,,,,,,,,,,,,,,,,,,,,,,,,,,,,,,,,,,,,,,,,,,,,,,,,,,,,,,,,,,,,,,,,,,,,,,,,,,,,,,,,,,,,,,,,,,,,,,,,,,,,,,,,,,,,,,,,,,,,,,,,,,,,
50951,742,357,-101,32,723,2777,-45,3326,-33,9,0,5,0,0,15518,276,163,336,15518,1545,1503,1732,1725,0,0,0,0,0,0,0,-2,-6,10,35,124,,,,,,,,,,,,,,,,,,,,,,,,,,,,,,,,,,,,,,,,,,,,,,,,,,,,,,,,,,,,,,,,,,,,,,,,,,,,,,,,,,,,,,,,,,,,,,,,,,,,,,,,,,,,,,,,,,,,,,,,,,,,,,,
51003,715,460,-36,-2,1051,91,5020,3997,-37,34,0,5,0,0,15518,303,251,336,15518,1538,1505,1741,1722,0,0,0,0,0,0,0,-2,-1,14,10,124,,,,,,,,,,,,,,,,,,,,,,,,,,,,,,,,,,,,,,,,,,,,,,,,,,,,,,,,,,,,,,,,,,,,,,,,,,,,,,,,,,,,,,,,,,,,,,,,,,,,,,,,,,,,,,,,,,,,,,,,,,,,,,,
51051,815,-189,223,97,811,335,4776,1922,-40,3,2,4,0,0,15518,356,171,336,15518,1546,1504,1716,1739,0,0,0,0,0,0,0,10,-4,-59,24,125,,,,,,,,,,,,,,,,,,,,,,,,,,,,,,,,,,,,,,,,,,,,,,,,,,,,,,,,,,,,,,,,,,,,,,,,,,,,,,,,,,,,,,,,,,,,,,,,,,,,,,,,,,,,,,,,,,,,,,,,,,,,,,,
51103,589,165,-96,-63,1124,-2410,-1632,3997,-27,16,2,5,0,0,15563,327,180,340,15563,1551,1515,1731,1716,0,0,0,0,0,0,0,0,-1,3,6,126,,,,,,,,,,,,,,,,,,,,,,,,,,,,,,,,,,,,,,,,,,,,,,,,,,,,,,,,,,,,,,,,,,,,,,,,,,,,,,,,,,,,,,,,,,,,,,,,,,,,,,,,,,,,,,,,,,,,,,,,,,,,,,,
51151,722,-98,-87,19,938,5767,-2975,3448,-20,-3,-2,5,0,0,15472,334,167,332,15472,1505,1476,1755,1746,0,0,0,0,0,0,0,1,-3,-4,19,126,,,,,,,,,,,,,,,,,,,,,,,,,,,,,,,,,,,,,,,,,,,,,,,,,,,,,,,,,,,,,,,,,,,,,,,,,,,,,,,,,,,,,,,,,,,,,,,,,,,,,,,,,,,,,,,,,,,,,,,,,,,,,,,
51203,707,-278,49,12,900,-1983,-2914,-91,-45,10,4,4,0,0,15518,359,163,336,15518,1545,1494,1738,1725,0,0,0,0,0,0,0,2,-2,-14,14,126,,,,,,,,,,,,,,,,,,,,,,,,,,,,,,,,,,,,,,,,,,,,,,,,,,,,,,,,,,,,,,,,,,,,,,,,,,,,,,,,,,,,,,,,,,,,,,,,,,,,,,,,,,,,,,,,,,,,,,,,,,,,,,,
51251,704,-448,58,42,977,-1312,1846,2410,-19,-39,2,5,0,0,15518,350,227,336,15518,1550,1508,1738,1711,0,0,0,0,0,0,0,3,-3,-21,19,127,,,,,,,,,,,,,,,,,,,,,,,,,,,,,,,,,,,,,,,,,,,,,,,,,,,,,,,,,,,,,,,,,,,,,,,,,,,,,,,,,,,,,,,,,,,,,,,,,,,,,,,,,,,,,,,,,,,,,,,,,,,,,,,
51303,442,-82,73,-15,709,-2532,-3890,2105,-13,9,0,5,0,0,15563,394,271,340,15563,1529,1507,1736,1734,0,0,0,0,0,0,0,0,-1,4,3,123,,,,,,,,,,,,,,,,,,,,,,,,,,,,,,,,,,,,,,,,,,,,,,,,,,,,,,,,,,,,,,,,,,,,,,,,,,,,,,,,,,,,,,,,,,,,,,,,,,,,,,,,,,,,,,,,,,,,,,,,,,,,,,,
51351,281,42,12,-92,944,-3814,-7553,2899,-13,18,2,4,0,0,15518,398,254,336,15518,1546,1510,1714,1736,0,0,0,0,0,0,0,-4,-1,18,0,125,,,,,,,,,,,,,,,,,,,,,,,,,,,,,,,,,,,,,,,,,,,,,,,,,,,,,,,,,,,,,,,,,,,,,,,,,,,,,,,,,,,,,,,,,,,,,,,,,,,,,,,,,,,,,,,,,,,,,,,,,,,,,,,
51403,240,-674,300,145,925,-4608,320,2349,0,-22,2,4,0,0,15608,456,283,343,15608,1544,1512,1735,1723,0,0,0,0,0,0,0,8,-4,-57,14,126,,,,,,,,,,,,,,,,,,,,,,,,,,,,,,,,,,,,,,,,,,,,,,,,,,,,,,,,,,,,,,,,,,,,,,,,,,,,,,,,,,,,,,,,,,,,,,,,,,,,,,,,,,,,,,,,,,,,,,,,,,,,,,,
51451,-13,-227,88,58,1074,-335,5386,3143,44,-21,2,5,0,0,15608,444,266,343,15608,1555,1523,1727,1714,0,0,0,0,0,0,0,0,-1,-4,-2,125,,,,,,,,,,,,,,,,,,,,,,,,,,,,,,,,,,,,,,,,,,,,,,,,,,,,,,,,,,,,,,,,,,,,,,,,,,,,,,,,,,,,,,,,,,,,,,,,,,,,,,,,,,,,,,,,,,,,,,,,,,,,,,,
51503,67,496,-59,-2,710,3448,2029,1251,11,28,33,4,0,0,13458,492,306,148,13458,1490,1455,1690,1677,0,0,0,0,0,0,0,-6,-1,37,-1,124,,,,,,,,,,,,,,,,,,,,,,,,,,,,,,,,,,,,,,,,,,,,,,,,,,,,,,,,,,,,,,,,,,,,,,,,,,,,,,,,,,,,,,,,,,,,,,,,,,,,,,,,,,,,,,,,,,,,,,,,,,,,,,,
51551,370,725,-27,77,1256,1434,-3402,1983,-8,85,92,4,0,0,8660,450,146,0,8660,1485,1378,1600,1596,0,0,0,0,0,0,0,-6,-4,38,16,123,,,,,,,,,,,,,,,,,,,,,,,,,,,,,,,,,,,,,,,,,,,,,,,,,,,,,,,,,,,,,,,,,,,,,,,,,,,,,,,,,,,,,,,,,,,,,,,,,,,,,,,,,,,,,,,,,,,,,,,,,,,,,,,
51603,854,468,58,-43,843,-3265,-6027,1373,-37,62,85,5,0,0,6392,460,97,0,6392,1240,1253,1500,1491,0,0,0,0,0,0,0,0,-8,-8,38,122,,,,,,,,,,,,,,,,,,,,,,,,,,,,,,,,,,,,,,,,,,,,,,,,,,,,,,,,,,,,,,,,,,,,,,,,,,,,,,,,,,,,,,,,,,,,,,,,,,,,,,,,,,,,,,,,,,,,,,,,,,,,,,,
51651,499,253,178,-137,207,-17913,-4684,6744,-30,26,0,5,0,0,5991,472,-108,0,5991,1266,1265,1498,1422,0,0,0,0,0,0,0,13,24,-88,-158,130,,,,,,,,,,,,,,,,,,,,,,,,,,,,,,,,,,,,,,,,,,,,,,,,,,,,,,,,,,,,,,,,,,,,,,,,,,,,,,,,,,,,,,,,,,,,,,,,,,,,,,,,,,,,,,,,,,,,,,,,,,,,,,,
51703,-712,360,-51,26,685,-2838,-1632,12481,118,0,0,6,0,0,5962,450,-370,0,5962,1225,1284,1491,1439,0,0,0,0,0,0,0,20,17,-125,-126,129,,,,,,,,,,,,,,,,,,,,,,,,,,,,,,,,,,,,,,,,,,,,,,,,,,,,,,,,,,,,,,,,,,,,,,,,,,,,,,,,,,,,,,,,,,,,,,,,,,,,,,,,,,,,,,,,,,,,,,,,,,,,,,,
51751,-1040,-319,-29,-41,188,-762,1174,7720,125,-68,0,6,-1,0,5991,406,-706,0,5991,1353,1226,1392,1490,0,0,0,0,0,0,0,-29,-26,163,125,132,,,,,,,,,,,,,,,,,,,,,,,,,,,,,,,,,,,,,,,,,,,,,,,,,,,,,,,,,,,,,,,,,,,,,,,,,,,,,,,,,,,,,,,,,,,,,,,,,,,,,,,,,,,,,,,,,,,,,,,,,,,,,,,
51803,-615,-1161,73,35,357,5157,7888,10467,108,-60,0,4,0,0,6019,414,-893,0,6019,1252,1310,1485,1418,0,0,0,0,0,0,0,18,-30,-110,153,130,,,,,,,,,,,,,,,,,,,,,,,,,,,,,,,,,,,,,,,,,,,,,,,,,,,,,,,,,,,,,,,,,,,,,,,,,,,,,,,,,,,,,,,,,,,,,,,,,,,,,,,,,,,,,,,,,,,,,,,,,,,,,,,
51851,-1043,-748,53,-40,292,-6195,16983,8941,111,-61,-2,5,0,0,6019,326,-1251,0,6019,1291,1315,1450,1425,0,0,0,0,0,0,0,26,-21,-147,97,133,,,,,,,,,,,,,,,,,,,,,,,,,,,,,,,,,,,,,,,,,,,,,,,,,,,,,,,,,,,,,,,,,,,,,,,,,,,,,,,,,,,,,,,,,,,,,,,,,,,,,,,,,,,,,,,,,,,,,,,,,,,,,,,
51903,-1210,-14,9,-69,388,-701,7827,9124,104,4,4,4,0,0,6047,261,-1387,0,6047,1371,1262,1441,1409,0,0,0,0,0,0,0,19,-5,-103,3,124,,,,,,,,,,,,,,,,,,,,,,,,,,,,,,,,,,,,,,,,,,,,,,,,,,,,,,,,,,,,,,,,,,,,,,,,,,,,,,,,,,,,,,,,,,,,,,,,,,,,,,,,,,,,,,,,,,,,,,,,,,,,,,,
51951,-1576,-7,37,-97,462,9063,-8224,9246,146,-8,-2,4,0,0,6019,181,-1787,0,6019,1304,1322,1465,1393,0,0,0,0,0,0,0,11,5,-54,-50,127,,,,,,,,,,,,,,,,,,,,,,,,,,,,,,,,,,,,,,,,,,,,,,,,,,,,,,,,,,,,,,,,,,,,,,,,,,,,,,,,,,,,,,,,,,,,,,,,,,,,,,,,,,,,,,,,,,,,,,,,,,,,,,,
52003,764,-5212,1892,1853,2179,122283,-305221,-7171,105,-159,0,5,0,0,5991,43,-1817,0,5991,1713,1166,1150,1511,0,0,0,0,0,0,0,45,-27,-335,182,140,,,,,,,,,,,,,,,,,,,,,,,,,,,,,,,,,,,,,,,,,,,,,,,,,,,,,,,,,,,,,,,,,,,,,,,,,,,,,,,,,,,,,,,,,,,,,,,,,,,,,,,,,,,,,,,,,,,,,,,,,,,,,,,
52051,-396,-334,-742,-2050,1238,56488,62210,63873,76,-155,0,4,0,0,5991,102,-1964,0,5991,1150,1150,1899,1616,0,0,0,0,0,0,0,-14,15,100,-87,137,,,,,,,,,,,,,,,,,,,,,,,,,,,,,,,,,,,,,,,,,,,,,,,,,,,,,,,,,,,,,,,,,,,,,,,,,,,,,,,,,,,,,,,,,,,,,,,,,,,,,,,,,,,,,,,,,,,,,,,,,,,,,,,
52103,-1460,1259,1614,115,20,5645,96572,-29205,159,42,2,4,0,0,6019,203,-1464,0,6019,1479,1654,1150,1301,0,0,0,0,0,0,0,40,-109,-183,620,135,,,,,,,,,,,,,,,,,,,,,,,,,,,,,,,,,,,,,,,,,,,,,,,,,,,,,,,,,,,,,,,,,,,,,,,,,,,,,,,,,,,,,,,,,,,,,,,,,,,,,,,,,,,,,,,,,,,,,,,,,,,,,,,
52151,-3066,5853,-687,-510,-232,-24261,79971,17669,182,405,0,4,0,0,5991,165,-1219,0,5991,1316,1391,1496,1260,0,0,0,0,0,0,0,6,47,70,-,,,,,,,,,,,,,,,,,,,,,,,,,,,,,,,,,,,,,,,,,,,,,,,,,,,,,,,,,,,,,,,,,,,,,,,,,,,,,,,,,,,,,,,,,,,,,,,,,,,,,,,,,,,,,,,,,,,,,,,,,,,,,,,,
