c1,c2,c3,c4,c5,c6,c7,c8,c9,c10,c11,c12,c13,c14,c15,c16,c17,c18,c19,c20,c21,c22,c23,c24,c25,c26,c27,c28,,,,,,,,,,,,,,,,,,,,,,,,,,,,,,,,,,,,,,,,,,,,,,,,,,,,,,,,,,,,,,,,,,,,,,,,,,,,,,,,,,,,
50000,44,384,-29,-59,1088,-820,2675,2011,-3,33,-2,0,0,0,0,44,237,-1600,0,1150000,1150000,1150000,1150000,0,0,0,0,,,,,,,,,,,,,,,,,,,,,,,,,,,,,,,,,,,,,,,,,,,,,,,,,,,,,,,,,,,,,,,,,,,,,,,,,,,,,,,,,,,,
103000,-99,-26,55,69,889,-698,-375,-3786,12,-5,-2,39,-40,0,0,88,260,-1600,0,1150000,1150000,1150000,1154000,0,0,0,0,,,,,,,,,,,,,,,,,,,,,,,,,,,,,,,,,,,,,,,,,,,,,,,,,,,,,,,,,,,,,,,,,,,,,,,,,,,,,,,,,,,,
150000,238,331,-109,52,830,-942,844,3659,-24,28,0,-39,0,0,0,68,256,-1600,0,1150000,1150000,1150000,1150000,0,0,0,0,,,,,,,,,,,,,,,,,,,,,,,,,,,,,,,,,,,,,,,,,,,,,,,,,,,,,,,,,,,,,,,,,,,,,,,,,,,,,,,,,,,,
203000,-183,89,98,-67,1008,277,-498,-3908,16,7,0,0,0,0,0,37,142,-1600,0,1150000,1150000,1150000,1151000,0,0,0,0,,,,,,,,,,,,,,,,,,,,,,,,,,,,,,,,,,,,,,,,,,,,,,,,,,,,,,,,,,,,,,,,,,,,,,,,,,,,,,,,,,,,
250000,92,69,-23,63,969,-759,417,-246,-8,6,-2,0,0,0,0,89,82,-1600,0,115303000,224,428,-32,-90,1059,338,417,1706,-23,37,-2,-39,0,0,0,67,67,-1600,0,1150000,1150000,1150000,1150000,0,0,0,0,,,,,,,,,,,,,,,,,,,,,,,,,,,,,,,,,,,,,,,,,,,,,,,,,,,,,,,,,,,,,,,,
350000,-237,171,100,-27,878,521,-803,-2687,20,15,-2,0,0,0,0,67,118,-1600,403000,49,202,-47,92,1044,460,51,2805,-4,21,-2,450000,-309,188,4,-138,930,-1614,3225,241,26,19,0,0,39,0,0,59,36,-1600,0,1150000,1150000,1150000,11500,0,,,,,,,,,,,,,,,,,,,,,,,,,,,,,,,,,,,,,,,,,,,,,,,,,,,,,,,,
503000,-259,-307,-59,87,1122,-271,1638,-2443,22,-23,0,0,39,0,0,98,56,-1600,0,1150000,1150000,1150000,1150000,0,0,0,0,,,,,,,,,,,,,,,,,,,,,,,,,,,,,,,,,,,,,,,,,,,,,,,,,,,,,,,,,,,,,,,,,,,,,,,,,,,,,,,,,,,,
550000,-334,-115,-40,-93,1024,582,-1169,4880,29,-10,-2,0,0,0,0,54,0,-1600,0,1150000,1151000,1150000,1150000,0,0,0,0,,,,,,,,,,,,,,,,,,,,,,,,,,,,,,,,,,,,,,,,,,,,,,,,,,,,,,,,,,,,,,,,,,,,,,,,,,,,,,,,,,,,
603000,-400,-224,70,72,960,582,-1901,-4458,34,-16,0,0,39,0,0,71,11,-1600,0,1150000,1150000,1150000,1176000,0,0,0,0,,,,,,,,,,,,,,,,,,,,,,,,,,,,,,,,,,,,,,,,,,,,,,,,,,,,,,,,,,,,,,,,,,,,,,,,,,,,,,,,,,,,
650000,-3,-240,-74,-28,1123,1681,-9,2988,0,-17,-2,0,39,0,0,66,11,-1600,0,1150000,1150000,1150000,1150000,0,0,0,0,,,,,,,,,,,,,,,,,,,,,,,,,,,,,,,,,,,,,,,,,,,,,,,,,,,,,,,,,,,,,,,,,,,,,,,,,,,,,,,,,,,,
703000,-387,-108,3,16,878,-1065,966,-2382,33,-5,-2,0,39,0,0,69,-2,-1600,0,1150000,1150000,1150000,1150000,0,0,0,0,,,,,,,,,,,,,,,,,,,,,,,,,,,,,,,,,,,,,,,,,,,,,,,,,,,,,,,,,,,,,,,,,,,,,,,,,,,,,,,,,,,,
750000,-72,-320,-26,71,1132,33,-559,-2199,6,-24,-2,0,39,0,0,84,34,-1600,0,1150000,1150000,1150000,1150000,0,0,0,0,,,,,,,,,,,,,,,,,,,,,,,,,,,,,,,,,,,,,,,,,,,,,,,,,,,,,,,,,,,,,,,,,,,,,,,,,,,,,,,,,,,,
803000,-345,-147,-14,-116,851,-2407,539,3720,30,-12,-2,0,0,0,0,46,1,-1600,0,1150000,1174000,1150000,1150000,0,0,0,0,,,,,,,,,,,,,,,,,,,,,,,,,,,,,,,,,,,,,,,,,,,,,,,,,,,,,,,,,,,,,,,,,,,,,,,,,,,,,,,,,,,,
850000,-79,-312,58,132,1022,-149,-131,-5617,6,-27,-2,0,0,0,0,98,11,-1600,0,1150000,1150000,1157000,1178000,0,0,0,0,,,,,,,,,,,,,,,,,,,,,,,,,,,,,,,,,,,,,,,,,,,,,,,,,,,,,,,,,,,,,,,,,,,,,,,,,,,,,,,,,,,,
903000,-109,-128,-76,-136,1169,94,1455,4514,9,-4,2,0,79,0,0,61,-28,-1600,0,1150000,1151000,1150000,1150000,0,0,0,0,,,,,,,,,,,,,,,,,,,,,,,,,,,,,,,,,,,,,,,,,,,,,,,,,,,,,,,,,,,,,,,,,,,,,,,,,,,,,,,,,,,,
950000,-203,5,22,39,907,-2102,1333,-2626,14,3,4,-39,39,0,0,34,-77,-1600,0,1150000,1150000,1150000,1150000,0,0,0,0,,,,,,,,,,,,,,,,,,,,,,,,,,,,,,,,,,,,,,,,,,,,,,,,,,,,,,,,,,,,,,,,,,,,,,,,,,,,,,,,,,,,
1003000,211,-250,-3,6,1104,1010,722,1584,-18,-21,2,0,0,0,0,37,-45,-1600,0,1150000,1150000,1150000,1150000,0,0,0,0,,,,,,,,,,,,,,,,,,,,,,,,,,,,,,,,,,,,,,,,,,,,,,,,,,,,,,,,,,,,,,,,,,,,,,,,,,,,,,,,,,,,
1050000,-61,67,-72,-89,952,-88,-681,3720,5,9,2,0,39,0,0,53,-1,-1600,0,1150000,1150000,1150000,1150000,0,0,0,0,,,,,,,,,,,,,,,,,,,,,,,,,,,,,,,,,,,,,,,,,,,,,,,,,,,,,,,,,,,,,,,,,,,,,,,,,,,,,,,,,,,,
1103000,180,-198,154,117,963,2841,-3305,-2871,-12,-17,2,39,0,0,0,60,1161000,0,0,0,0,,,,,,,,,,,,,,,,,,,,,,,,,,,,,,,,,,,,,,,,,,,,,,,,,,,,,,,,,,,,,,,,,,,,,,,,,,,,,,,,,,,,,,,,,,
1150000,29,-112,-129,-59,1061,-271,1027,6345,-2,-9,0,0,0,0,0,69,-34,-1600,0,1178000,1180000,1150000,1150000,0,0,0,0,,,,,,,,,,,,,,,,,,,,,,,,,,,,,,,,,,,,,,,,,,,,,,,,,,,,,,,,,,,,,,,,,,,,,,,,,,,,,,,,,,,,
1203000,5,-32,125,120,960,216,-131,-4702,0,0,0,0,7,-1600,0,1150000,1150000,1150000,1150000,0,0,0,0,,,,,,,,,,,,,,,,,,,,,,,,,,,,,,,,,,,,,,,,,,,,,,,,,,,,,,,,,,,,,,,,,,,,,,,,,,,,,,,,,,,,,,,,
1250000,165,-394,-28,-63,908,-820,844,3842,-14,-34,2,0,1150000,0,0,0,0,,,,,,,,,,,,,,,,,,,,,,,,,,,,,,,,,,,,,,,,,,,,,,,,,,,,,,,,,,,,,,,,,,,,,,,,,,,,,,,,,,,,,,,,,,,,,,
1303000,-149,171,-36,-2,1195,-637,783,-1955,13,14,4,0,0,0,0,51,26,-1600,0,1150000,1150000,1150000,1150000,0,0,0,0,,,,,,,,,,,,,,,,,,,,,,,,,,,,,,,,,,,,,,,,,,,,,,,,,,,,,,,,,,,,,,,,,,,,,,,,,,,,,,,,,,,,
1350000,157,-206,135,70,915,704,-1535,-1650,-13,-14,0,0,39,0,0,58,38,-1600,0,1150000,1150000,1150000,1150000,1403000,-6,230,-172,-78,1182,704,905,2683,0,20,4,0,0,0,0,61,0,-1600,0,1150000,1150000,1150000,1151450000,180,-29,120,66,981,-332,-253,-3603,-15,-2,2,0,0,0,0,38,-32,-1600,0,1150000,1150000,1150000,1150000,0,0,0,0,,,,,,,,,,,,,,,,,,,,,,,,,,,,,,,,,,,,,
1503000,188,-168,-71,-54,914,-1004,966,2683,-19,-7,0,-39,79,0,0,62,-31,-1600,1550000,67,-70,11,-42,1038,1803,-1291,-1345,-5,-6,1603000,371,-415,9,68,837,-454,-1108,852,-32,-36,20000,1150000,1150000,1150000,0,0,0,0,,,,,,,,,,,,,,,,,,,,,,,,,,,,,,,,,,,,,,,,,,,,,,,,,,,,,,,,,,,,,,,
1650000,367,-219,-78,-64,1032,521,1577,729,-35,-15,2,-39,39,0,1703000,76,-197,44,12,1029,-2407,1027,-1589,-3,-20,2,39,-40,0,0,48,16,-1600,0,1150000,1150000,1150000,1150000,0,0,0,0,,,,,,,,,,,,,,,,,,,,,,,,,,,,,,,,,,,,,,,,,,,,,,,,,,,,,,,,,,,,,,,,,,,,,
1750000,512,-216,-15,77,823,888,417,2255,-44,-18,2,0,0,0,0,42,24,-1600,0,1150000,1150000,1150000,1150000,0,0,0,0,,,,,,,,,,,,,,,,,,,,,,,,,,,,,,,,,,,,,,,,,,,,,,,,,,,,,,,,,,,,,,,,,,,,,,,,,,,,,,,,,,,,
1803000,183,-6,43,-120,1149,1620,-1474,-1284,-12,0,2,39,0,1850000,488,-223,15,127,949,-1980,-1047,241,-42,-15,2,0,39,0,0,69,33,-1600,0,1150000,1150000,1150000,1151903000,538,82,-55,-114,1014,1620,-1230,1523,-47,10,2,0,39,0,0,51,-9,-1600,0,1150000,1150000,1150000,1150000,0,0,0,0,,,,,,,,,,,,,,,,,,,,,,,,,,,,,,,,,,,,,,,,,,,,,,,
1950000,98,-147,52,-25,939,-1065,661,-2871,-8,-9,2,0,39,0,0,54,,-1600,0,1150000,1150000,1150000,1150000,0,0,0,0,,,,,,,,,,,,,,,,,,,,,,,,,,,,,,,,,,,,,,,,,,,,,,,,,,,,,,,,,,,,,,,,,,,,,,,,,,,,,,,,,,,,
2003000,944,31,-71,88,1026,277,1699,1279,-85,6,2,-39,39,0,0,60,,-1600,0,1150000,1150000,1150000,1150000,0,0,0,0,,,,,,,,,,,,,,,,,,,,,,,,,,,,,,,,,,,,,,,,,,,,,,,,,,,,,,,,,,,,,,,,,,,,,,,,,,,,,,,,,,,,
2050000,263,90,17,-232,1062,-1309,1088,852,-23,11,4,0,39,0,0,68,-5,-30,0,1150000,1150000,1150000,1150000,0,0,0,0,,,,,,,,,,,,,,,,,,,,,,,,,,,,,,,,,,,,,,,,,,,,,,,,,,,,,,,,,,,,,,,,,,,,,,,,,,,,,,,,,,,,
2103000,509,43,-34,2150000,547,205,-88,-147,1184,460,2004,4636,-44,21,4,39,39,-45,0,58,0,-1600,0,1167000,1150000,1150000,1150000,0,0,0,0,,,,,,,,,,,,,,,,,,,,,,,,,,,,,,,,,,,,,,,,,,,,,,,,,,,,,,,,,,,,,,,,,,,,,,,,,,,,,,,,
2203000,-94,37,21,96,1038,-637,234,-4702,8,6,2,0,39,0,0,34,-74,-60,0,1150000,1150000,1150000,1150000,0,0,0,0,,,,,,,,,,,,,,,,,,,,,,,,,,,,,,,,,,,,,,,,,,,,,,,,,,,,,,,,,,,,,,,,,,,,,,,,,,,,,,,,,,,,
2250000,461,-115,-14,120,927,1620,-2451,3232,-40,-3,2,0,79,0,0,57,-16,-75,0,1167000,1150000,1150000,1150000,0,0,0,0,,,,,,,,,,,,,,,,,,,,,,,,,,,,,,,,,,,,,,,,,,,,,,,,,,,,,,,,,,,,,,,,,,,,,,,,,,,,,,,,,,,,
2303000,-349,58,39,-67,865,704,-1596,-1650,30,8,2,0,39,0,0,75,-24,-90,0,1150000,1150000,1150000,1150000,0,0,0,0,,,,,,,,,,,,,,,,,,,,,,,,,,,,,,,,,,,,,,,,,,,,,,,,,,,,,,,,,,,,,,,,,,,,,,,,,,,,,,,,,,,,
2350000,26,-287,39,202,1093,-149,-253,-4274,1,-25,4,39,0,0,0,52,-47,-105,0,1150000,1150000,1150000,1157000,0,0,0,0,,,,,,,,,,,,,,,,,,,,,,,,,,,,,,,,,,,,,,,,,,,,,,,,,,,,,,,,,,,,,,,,,,,,,,,,,,,,,,,,,,,,
2403000,-470,65,-103,-208,989,-3628,3835,3354,47,5,2,80,0,0,0,59,-31,-120,0,1150000,1198000,1150000,1150000,0,0,0,0,,,,,,,,,,,,,,,,,,,,,,,,,,,,,,,,,,,,,,,,,,,,,,,,,,,,,,,,,,,,,,,,,,,,,,,,,,,,,,,,,,,,
2450000,-420,-159,100,168,1078,338,-1474,-7570,36,-6,2,0,79,0,0,61,7,-135,0,1150000,1150000,1183000,1212000,0,0,0,0,,,,,,,,,,,,,,,,,,,,,,,,,,,,,,,,,,,,,,,,,,,,,,,,,,,,,,,,,,,,,,,,,,,,,,,,,,,,,,,,,,,,
2503000,-439,34,-136,-165,966,-2346,1210,6162,41,3,2,39,2550000,-625,-73,106,95,-150,1498,-3549,-6350,54,-2,42603000,-364,104,-62,-103,934,-1736,-864,7382,31,12,0,0,39,0,0,69,46,-1600,0,1176000,1216000,1150000,1150000,0,0,0,0,,,,,,,,,,,,,,,,,,,,,,,,,,,,,,,,,,,,,,,,,,,,,,,,,,,,,,,,,,,,
2650000,-677,91,102,22,800,1193,-3732,-3969,59,11,-2,0,39,0,0,71,76,-165,0,1150000,1150000,1150000,1190000,0,0,0,0,,,,,,,,,,,,,,,,,,,,,,,,,,,,,,,,,,,,,,,,,,,,,,,,,,,,,,,,,,,,,,,,,,,,,,,,,,,,,,,,,,,,
2703000,-190,-97,-35,-22,968,-88,-1352,6223,20,-8,-2,39,0,0,0,72,2,-180,0,1177000,1172000,1150000,1150000,0,0,0,0,,,,,,,,,,,,,,,,,,,,,,,,,,,,,,,,,,,,,,,,,,,,,,,,,,,,,,,,,,,,,,,,,,,,,,,,,,,,,,,,,,,,
2750000,-749,131,8,-96,740,216,-2512,-1406,65,18,0,0,79,0,0,59,-35,-195,0,1150000,1150000,1150000,1150000,0,0,0,0,,,,,,,,,,,,,,,,,,,,,,,,,,,,,,,,,,,,,,,,,,,,,,,,,,,,,,,,,,,,,,,,,,,,,,,,,,,,,,,,,,,,
2803000,-244,-71,23,116,979,277,-1718,3354,17,-2,-2,-39,39,0,0,39,-17,-210,0,1150000,1150000,1150000,1150000,0,0,0,0,,,,,,,,,,,,,,,,,,,,,,,,,,,,,,,,,,,,,,,,,,,,,,,,,,,,,,,,,,,,,,,,,,,,,,,,,,,,,,,,,,,,
2850000,-523,288,-102,-85,849,-576,966,2438,24,28,-2,-239,39,0,0,70,32,-225,0,1150000,1150000,1150000,1150000,0,0,0,0,,,,,,,,,,,,,,,,,,,,,,,,,,,,,,,,,,,,,,,,,,,,,,,,,,,,,,,,,,,,,,,,,,,,,,,,,,,,,,,,,,,,
2903000,-471,34,76,44,1248,1376,-375,-2382,41,6,0,0,39,0,0,58,21,-240,0,1150000,1150000,1150000,1150000,0,0,0,0,,,,,,,,,,,,,,,,,,,,,,,,,,,,,,,,,,,,,,,,,,,,,,,,,,,,,,,,,,,,,,,,,,,,,,,,,,,,,,,,,,,,
2950000,-143,188,-139,10,899,-1187,2797,5368,12,19,0,0,39,0,0,82,10,-255,0,1153000,1168000,1150000,1150000,0,0,0,0,,,,,,,,,,,,,,,,,,,,,,,,,,,,,,,,,,,,,,,,,,,,,,,,,,,,,,,,,,,,,,,,,,,,,,,,,,,,,,,,,,,,
3003000,-382,151,97,-65,1199,216,-1596,-4213,36,13,-2,39,0,0,0,36,-51,-270,0,1150000,1150000,1150000,1176000,0,0,0,0,,,,,,,,,,,,,,,,,,,,,,,,,,,,,,,,,,,,,,,,,,,,,,,,,,,,,,,,,,,,,,,,,,,,,,,,,,,,,,,,,,,,
3050000,-14,-32,-17,111,877,-820,-2390,4025,1,0,0,0,39,0,0,65,-19,-285,0,1150000,1150000,1150000,1150000,0,0,0,0,,,,,,,,,,,,,,,,,,,,,,,,,,,,,,,,,,,,,,,,,,,,,,,,,,,,,,,,,,,,,,,,,,,,,,,,,,,,,,,,,,,,
3103000,124,368,35,-133,969,2780,-3000,-490,-10,32,-2,0,0,0,0,85,-53,-300,0,1150000,1150000,1150000,1150000,0,0,0,0,,,,,,,,,,,,,,,,,,,,,,,,,,,,,,,,,,,,,,,,,,,,,,,,,,,,,,,,,,,,,,,,,,,,,,,,,,,,,,,,,,,,
3150000,-123,154,52,-9,1031,155,600,-1772,7,13,0,-39,0,0,0,105,109,-315,0,1150000,1150000,1150000,1150000,0,0,0,0,,,,,,,,,,,,,,,,,,,,,,,,,,,,,,,,,,,,,,,,,,,,,,,,,,,,,,,,,,,,,,,,,,,,,,,,,,,,,,,,,,,,
3203000,355,482,-128,42,869,-454,4140,1645,-31,49,0,0,79,0,0,81,31,-330,0,1150000,1150000,1150000,1150000,0,0,0,0,,,,,,,,,,,,,,,,,,,,,,,,,,,,,,,,,,,,,,,,,,,,,,,,,,,,,,,,,,,,,,,,,,,,,,,,,,,,,,,,,,,,
3250000,-143,257,62,-199,1030,-1309,-314,-2443,12,22,2,0,0,0,0,67,12,-345,0,1150000,1150000,1150000,1150000,0,0,0,0,,,,,,,,,,,,,,,,,,,,,,,,,,,,,,,,,,,,,,,,,,,,,,,,,,,,,,,,,,,,,,,,,,,,,,,,,,,,,,,,,,,,
3303000,327,79,-112,204,1050,-1187,356,852,-28,10,2,0,39,0,0,38,-36,-360,0,1150000,1150000,1150000,1150000,0,0,0,0,,,,,,,,,,,,,,,,,,,,,,,,,,,,,,,,,,,,,,,,,,,,,,,,,,,,,,,,,,,,,,,,,,,,,,,,,,,,,,,,,,,,
3350000,195,310,-58,-152,1039,1559,-437,2194,-20,27,0,-39,0,0,0,36,-55,-375,0,1150000,1150000,1150000,1150000,0,0,0,0,,,,,,,,,,,,,,,,,,,,,,,,,,,,,,,,,,,,,,,,,,,,,,,,,,,,,,,,,,,,,,,,,,,,,,,,,,,,,,,,,,,,
3403000,-168,59,42,134,954,216,-1108,-2443,18,1,-2,39,-40,0,0,48,-60,-390,0,1150000,1150000,1150000,1150003450000,440,36,-27,122,884,399,51,1401,-38,6,3503000,-535,40,15,-181,893,-698,-559,-795,43,7,0,-39,39,0,0,86,24,-1600,0,1150000,1150000,1150000,1150000,0,0,0,0,,,,,,,,,,,,,,,,,,,,,,,,,,,,,,,,,,,,,,,,,,,,,,,,,,
3550000,-267,-59,64,205,1120,765,-986,-3603,19,1,0,-39,79,0,0,51,20,-405,0,1150000,1150000,1150000,1150000,0,0,0,0,,,,,,,,,,,,,,,,,,,,,,,,,,,,,,,,,,,,,,,,,,,,,,,,,,,,,,,,,,,,,,,,,,,,,,,,,,,,,,,,,,,,
3603000,-310,154,-87,-145,887,-1309,1210,5307,27,16,2,0,39,0,0,52,26,-420,0,1150000,1183000,1150000,1150000,0,0,0,0,,,,,,,,,,,,,,,,,,,,,,,,,,,,,,,,,,,,,,,,,,,,,,,,,,,,,,,,,,,,,,,,,,,,,,,,,,,,,,,,,,,,
3650000,-643,-29,28,-29,1144,1193,-1291,-2504,56,-2,10,0,0,0,0,103,39,-435,0,1150000,1150000,1150000,1150000,0,0,0,0,,,,,,,,,,,,,,,,,,,,,,,,,,,,,,,,,,,,,,,,,,,,,,,,,,,,,,,,,,,,,,,,,,,,,,,,,,,,,,,,,,,,
3703000,-220,-78,-27,30,947,2413,-3061,1462,19,-3,-2,0,39,0,0,88,36,-450,0,1150000,1150000,1150000,1150000,0,0,0,0,,,,,,,,,,,,,,,,,,,,,,,,,,,,,,,,,,,,,,,,,,,,,,,,,,,,,,,,,,,,,,,,,,,,,,,,,,,,,,,,,,,,
3750000,-853,246,-24,-168,847,-1065,905,4697,74,25,-2,0,39,0,0,61,-2,-465,0,1150000,1183000,1150000,1150000,0,0,0,0,,,,,,,,,,,,,,,,,,,,,,,,,,,,,,,,,,,,,,,,,,,,,,,,,,,,,,,,,,,,,,,,,,,,,,,,,,,,,,,,,,,,
3803000,-591,-2,67,133,1179,1864,-3244,-5739,51,3,0,0,39,0,0,66,-28,-480,0,1150000,1150000,1150000,1210000,0,0,0,0,,,,,,,,,,,,,,,,,,,,,,,,,,,,,,,,,,,,,,,,,,,,,,,,,,,,,,,,,,,,,,,,,,,,,,,,,,,,,,,,,,,,
3850000,-578,197,-71,-112,816,338,-1108,5551,53,17,0,39,0,0,0,69,-28,-495,0,1158000,1170000,1150000,1150000,0,0,0,0,,,,,,,,,,,,,,,,,,,,,,,,,,,,,,,,,,,,,,,,,,,,,,,,,,,,,,,,,,,,,,,,,,,,,,,,,,,,,,,,,,,,
3903000,-784,140,135,45,1080,1681,-2573,-5678,68,12,4,0,0,0,0,88,-47,-510,0,1150000,1150000,1150000,1193000,0,0,0,0,,,,,,,,,,,,,,,,,,,,,,,,,,,,,,,,,,,,,,,,,,,,,,,,,,,,,,,,,,,,,,,,,,,,,,,,,,,,,,,,,,,,
3950000,-507,42,-51,-10,952,643,356,974,44,7,2,0,39,0,0,45,-44,-525,0,1150000,1150000,1150000,1150000,0,0,0,0,,,,,,,,,,,,,,,,,,,,,,,,,,,,,,,,,,,,,,,,,,,,,,,,,,,,,,,,,,,,,,,,,,,,,,,,,,,,,,,,,,,,
4003000,-713,360,31,-13,892,1254,-131,-979,62,34,4,0,39,0,0,71,23,-540,0,1150000,1150000,1150000,1150000,0,0,0,0,,,,,,,,,,,,,,,,,,,,,,,,,,,,,,,,,,,,,,,,,,,,,,,,,,,,,,,,,,,,,,,,,,,,,,,,,,,,,,,,,,,,
4050000,-474,125,36,38,1088,1681,-1962,-3054,37,14,4,-39,39,0,0,45,-24,-555,0,1150000,1150000,1150000,1150000,0,0,0,0,,,,,,,,,,,,,,,,,,,,,,,,,,,,,,,,,,,,,,,,,,,,,,,,,,,,,,,,,,,,,,,,,,,,,,,,,,,,,,,,,,,,
4103000,-273,262,-82,-40,748,582,51,3354,23,22,2,0,0,0,0,54,-44,-570,0,1150000,1150000,1150000,1150000,0,0,0,0,,,,,,,,,,,,,,,,,,,,,,,,,,,,,,,,,,,,,,,,,,,,,,,,,,,,,,,,,,,,,,,,,,,,,,,,,,,,,,,,,,,,
4150000,-398,245,94,-44,1181,2597,-1474,-3420,38,21,2,39,0,0,0,59,-22,-585,0,1150000,1150000,1150000,1150000,0,0,0,0,,,,,,,,,,,,,,,,,,,,,,,,,,,,,,,,,,,,,,,,,,,,,,,,,,,,,,,,,,,,,,,,,,,,,,,,,,,,,,,,,,,,
4203000,33,83,-135,89,1039,-1248,-1779,3720,-2,10,4,0,39,4250000,2,294,30,-600,1011,1132,-9,-246,3,32,4,76,7,-1600,0,1150000,1150000,1150000,1150000,0,0,0,4303000,30,-6,51,110,916,-393,417,-1833,-2,0,24350000,499,321,-117,48,904,-820,2980,2927,-43,31,0,0,0,0,,,,,,,,,,,,,,,,,,,,,,,,,,,,,,,,,,,,,,,,,,,,,,,,,
4403000,77,127,83,-34,993,-88,-1047,-2932,-6,11,2,0,0,0,0,53,-8,-615,0,1150000,1150000,1150000,1150000,0,0,0,0,,,,,,,,,,,,,,,,,,,,,,,,,,,,,,,,,,,,,,,,,,,,,,,,,,,,,,,,,,,,,,,,,,,,,,,,,,,,,,,,,,,,
4450000,605,-6,-58,192,905,-515,-1840,485,-52,2,0,0,39,0,0,62,4,-630,0,1150000,1150000,1150000,1150000,0,0,0,0,,,,,,,,,,,,,,,,,,,,,,,,,,,,,,,,,,,,,,,,,,,,,,,,,,,,,,,,,,,,,,,,,,,,,,,,,,,,,,,,,,,,
4503000,831,219,-59,-131,1082,1437,-375,1035,-72,22,0,0,39,0,0,77,0,-645,0,1150000,1150000,1150000,1150000,0,0,0,0,,,,,,,,,,,,,,,,,,,,,,,,,,,,,,,,,,,,,,,,,,,,,,,,,,,,,,,,,,,,,,,,,,,,,,,,,,,,,,,,,,,,
4550000,263,39,47,-37,1042,-271,-314,-2810,-22,10,2,0,79,0,0,53,-26,-660,0,1150000,1150000,1150000,1150000,0,0,0,0,,,,,,,,,,,,,,,,,,,,,,,,,,,,,,,,,,,,,,,,,,,,,,,,,,,,,,,,,,,,,,,,,,,,,,,,,,,,,,,,,,,,
4603000,728,146,-67,102,1024,-1187,1699,1889,-67,16,-2,-39,4650000,247,103,29,-176,-675,888,-437,-2,-25,12,0,-39,39,0,0,96,16,-1600,0,1150000,1150000,1150000,1150000,0,0,0,0,,,,,,,,,,,,,,,,,,,,,,,,,,,,,,,,,,,,,,,,,,,,,,,,,,,,,,,,,,,,,,,,,,,,,,,
4703000,218,-18,17,210,1036,399,-1291,-2443,-19,1,-2,0,39,0,0,44,-41,-690,0,1150000,1150000,1150000,1150000,0,0,0,0,,,,,,,,,,,,,,,,,,,,,,,,,,,,,,,,,,,,,,,,,,,,,,,,,,,,,,,,,,,,,,,,,,,,,,,,,,,,,,,,,,,,
4750000,349,15,10,-52,956,155,1394,4147,-30,4,0,0,39,0,0,62,-53,-705,0,1159000,1150000,1150000,1150000,0,0,0,0,,,,,,,,,,,,,,,,,,,,,,,,,,,,,,,,,,,,,,,,,,,,,,,,,,,,,,,,,,,,,,,,,,,,,,,,,,,,,,,,,,,,
4803000,-425,-36,64,-2,971,-820,661,-4213,37,0,0,0,39,0,0,77,-43,-720,0,1150000,1150000,1150000,1150000,0,0,0,0,,,,,,,,,,,,,,,,,,,,,,,,,,,,,,,,,,,,,,,,,,,,,,,,,,,,,,,,,,,,,,,,,,,,,,,,,,,,,,,,,,,,
4850000,-56,-108,-25,115,1054,1071,-2695,852,1,-9,0,-39,0,0,0,52,-21,-735,0,1150000,1150000,1150000,1150000,0,0,0,0,,,,,,,,,,,,,,,,,,,,,,,,,,,,,,,,,,,,,,,,,,,,,,,,,,,,,,,,,,,,,,,,,,,,,,,,,,,,,,,,,,,,
4903000,-435,278,-14,-99,819,338,51,-124,38,31,-2,0,79,0,0,59,-80,-750,0,1150000,1150000,1150000,1150000,0,0,0,0,,,,,,,,,,,,,,,,,,,,,,,,,,,,,,,,,,,,,,,,,,,,,,,,,,,,,,,,,,,,,,,,,,,,,,,,,,,,,,,,,,,,
4950000,-398,-62,67,119,1108,33,-925,-4030,34,-1,2,0,39,0,0,42,-67,-765,0,1150000,1150000,1150000,1150000,0,0,0,0,,,,,,,,,,,,,,,,,,,,,,,,,,,,,,,,,,,,,,,,,,,,,,,,,,,,,,,,,,,,,,,,,,,,,,,,,,,,,,,,,,,,
5003000,-246,44,-113,-105,956,-2468,2309,4697,21,7,0,0,39,0,0,119,47,-780,0,1150000,1182000,1150000,1150000,0,0,0,0,,,,,,,,,,,,,,,,,,,,,,,,,,,,,,,,,,,,,,,,,,,,,,,,,,,,,,,,,,,,,,,,,,,,,,,,,,,,,,,,,,,,
5050000,-691,255,-3,-74,968,-88,661,-3725,63,22,2,39,0,0,0,49,-44,-795,0,1150000,1150000,1150000,1150000,0,0,0,0,,,,,,,,,,,,,,,,,,,,,,,,,,,,,,,,,,,,,,,,,,,,,,,,,,,,,,,,,,,,,,,,,,,,,,,,,,,,,,,,,,,,
5103000,-170,-30,2,69,997,-393,1210,2377,11,4,0,-39,79,0,0,42,-25,-810,0,1150000,1150000,1150000,1150000,0,0,0,5150000,-538,362,-138,-80,930,-1431,1577,2622,47,35,65203000,-382,-63,154,84,1085,1132,-3305,-3603,33,-2,2,0,39,0,0,90,74,-1600,0,1150000,1150000,1150000,1187000,0,0,0,0,,,,,,,,,,,,,,,,,,,,,,,,,,,,,,,,,,,,,,,,,,,,,,
5250000,-253,96,-169,-21,961,460,-559,5368,29,8,4,80,0,0,0,56,12,-825,0,1166000,1164000,1150000,1150000,0,0,0,0,,,,,,,,,,,,,,,,,,,,,,,,,,,,,,,,,,,,,,,,,,,,,,,,,,,,,,,,,,,,,,,,,,,,,,,,,,,,,,,,,,,,
5303000,-438,214,180,24,1034,2047,-2634,-4702,38,22,4,0,39,0,0,95,39,-840,0,1150000,1150000,1150000,1172000,0,0,0,0,,,,,,,,,,,,,,,,,,,,,,,,,,,,,,,,,,,,,,,,,,,,,,,,,,,,,,,,,,,,,,,,,,,,,,,,,,,,,,,,,,,,
5350000,-150,-39,-24,55,995,-820,1455,2377,13,0,4,0,39,27,24,73,10,-855,24,1150000,1150000,1150000,1150000,0,0,0,0,,,,,,,,,,,,,,,,,,,,,,,,,,,,,,,,,,,,,,,,,,,,,,,,,,,,,,,,,,,,,,,,,,,,,,,,,,,,,,,,,,,,
5403000,-270,384,40,-105,848,155,2065,-2016,20,37,4,-39,39,61,123,51,15,-870,123,1150000,1150000,1150000,1150000,0,0,0,0,,,,,,,,,,,,,,,,,,,,,,,,,,,,,,,,,,,,,,,,,,,,,,,,,,,,,,,,,,,,,,,,,,,,,,,,,,,,,,,,,,,,
5450000,-341,-28,80,44,1138,-881,-9,-2810,29,0,0,0,39,79,207,67,9,-885,207,1150000,1150000,1150000,1150000,0,0,0,0,,,,,,,,,,,,,,,,,,,,,,,,,,,,,,,,,,,,,,,,,,,,,,,,,,,,,,,,,,,,,,,,,,,,,,,,,,,,,,,,,,,,
5503000,-20,534,-162,-34,1078,-1553,3530,2866,1,46,-2,0,0,92,280,47,-40,-900,280,1150000,1150000,1150000,1150000,-146,314,-6,14,,,,,,,,,,,,,,,,,,,,,,,,,,,,,,,,,,,,,,,,,,,,,,,,,,,,,,,,,,,,,,,,,,,,,,,,,,,,,,,,,,,,
5550000,-337,105,172,-68,1021,-210,-2207,-4946,29,12,0,0,39,90,268,68,-18,-915,268,1150000,1150000,1150000,1196000,-146,314,-9,21,,,,,,,,,,,,,,,,,,,,,,,,,,,,,,,,,,,,,,,,,,,,,,,,,,,,,,,,,,,,,,,,,,,,,,,,,,,,,,,,,,,,
5603000,43,265,-156,67,885,-1919,1577,4453,-3,23,0,0,0,92,280,96,85,-930,280,1152000,1172000,1150000,1150000,-146,314,-14,30,,,,,,,,,,,,,,,,,,,,,,,,,,,,,,,,,,,,,,,,,,,,,,,,,,,,,,,,,,,,,,,,,,,,,,,,,,,,,,,,,,,,
5650000,-197,354,80,-118,964,2413,-3061,-1955,17,34,0,0,39,97,312,62,48,-945,312,1150000,1150000,1150000,1151000,-146,314,5703000,34,17,24,158,893,704,-2451,2622,-2,5,0,0,39,106,372,40,-65,-1176,372,1150000,1150000,1150000,1155750000,245,354,-41,-46,857,582,2126,2011,-21,34,4,0,39,125,518,98,10,-1100,518,1161000,1150000,1150000,1155803000,-204,-292,92,121,1070,1132,234,-2626,17,-25,4,14,-972,817,1150000,1150000,1150000,1161000,-146,314,-8,18,,,,,,,,,,,,,,,,,
5850000,231,21,-170,48,1048,-2774,5666,3781,-20,5,4,1150000,1150000,-146,314,-6,13,,,,,,,,,,,,,,,,,,,,,,,,,,,,,,,,,,,,,,,,,,,,,,,,,,,,,,,,,,,,,,,,,,,,,,,,,,,,,,,,,,,,,,,,,,,,,,
5903000,-183,-94,86,-36,1099,-1431,2492,-2993,15,-4,2,0,39,177,1039,46,1150000,1150000,1196000,1173000,-146,314,-6,14,,,,,,,,,,,,,,,,,,,,,,,,,,,,,,,,,,,,,,,,,,,,,,,,,,,,,,,,,,,,,,,,,,,,,,,,,,,,,,,,,,,,,,,
5950000,257,131,-218,113,1154,-1431,1882,3842,-22,14,-2,0,39,192,0,1217000,1150000,1150000,-146,314,-11,24,,,,,,,,,,,,,,,,,,,,,,,,,,,,,,,,,,,,,,,,,,,,,,,,,,,,,,,,,,,,,,,,,,,,,,,,,,,,,,,,,,,,,,,,,
6003000,-407,-104,1236050000,285,118,-124,32,988,-942,1149,4025,-24,10,-2,0,0,229,1739,35,-91,-684,1739,1244000,1238000,1150000,1150000,-146,314,-5,10,,,,,,,,,,,,,,,,,,,,,,,,,,,,,,,,,,,,,,,,,,,,,,,,,,,,,,,,,,,,,,,,,,,,,,,,,,,,,,,,,
6103000,-164,-54,-42,194,1098,827,1149,729,14,2,0,0,79,261,2259,76,21,-556,2259,1223000,1222000,1208000,1190000,-146,314,-11,23,,,,,,,,,,,,,,,,,,,,,,,,,,,,,,,,,,,,,,,,,,,,,,,,,,,,,,,,,,,,,,,,,,,,,,,,,,,,,,,,,,,,
6150000,-128,0,164,-266,861,-759,-1840,4880,11,3,-4,0,39,269,2400,70,-38,-524,2400,1266000,1300000,1150000,1163000,-146,314,-10,21,,,,,,,,,,,,,,,,,,,,,,,,,,,,,,,,,,,,,,,,,,,,,,,,,,,,,,,,,,,,,,,,,,,,,,,,,,,,,,,,,,,,
6203000,610,-75,31,-167,1009,521,5361,12998,-53,-3,2,0,39,331,3633,51,-98,-276,3633,1406000,1379000,1150000,1150000,-146,314,-7,16,,,,,,,,,,,,,,,,,,,,,,,,,,,,,,,,,,,,,,,,,,,,,,,,,,,,,,,,,,,,,,,,,,,,,,,,,,,,,,,,,,,,
6250000,695,-637,65,-5,911,3329,3835,20566,-60,-52,4,0,39,363,4370,87,-56,-147,4370,1521000,1483000,1150000,1150000,-146,314,-12,276303000,389,-526,-46,-161,966,-8755,8291,11228,-30,-42,2,39,39,361,4322,59,-11,-155,4322,1370000,1478000,1238000,115,18,,,,,,,,,,,,,,,,,,,,,,,,,,,,,,,,,,,,,,,,,,,,,,,,,,,,,,,,,,,,
6350000,143,-635,-46,48,978,-6558,8107,6650,-12,-55,2,0,0,364,4394,72,-68,-144,4394,1357000,1406000,1275000,1161000,-146,314,-10,22,,,,,,,,,,,,,,,,,,,,,,,,,,,,,,,,,,,,,,,,,,,,,,,,,,,,,,,,,,,,,,,,,,,,,,,,,,,,,,,,,,,,
6403000,104,-392,-59,79,1192,12118,4140,363,-2,-30,0,80,39,363,4370,40,-108,-147,4370,1438000,1150000,1316000,1302000,-146,314,-5,12,,,,,,,,,,,,,,,,,,,,,,,,,,,,,,,,,,,,,,,,,,,,,,,,,,,,,,,,,,,,,,,,,,,,,,,,,,,,,,,,,,,,
6450000,-482,513,219,65,95,-14309,-1962,-14772,45,48,2,39,39,364,4394,59,-143,-144,4394,1150000,1221000,1442000,1467000,-146,314,-8,18,,,,,,,,,,,,,,,,,,,,,,,,,,,,,,,,,,,,,,,,,,,,,,,,,,,,,,,,,,,,,,,,,,,,,,,,,,,,,,,,,,,,
6503000,-399,-135,5,135,1222,1864,8107,-22829,38,-11,0,39,0,371,4565,56,-140,-116,4565,1150000,1150000,1556000,1476000,-146,314,-8,17,,,,,,,,,,,,,,,,,,,,,,,,,,,,,,,,,,,,,,,,,,,,,,,,,,,,,,,,,,,,,,,,,,,,,,,,,,,,,,,,,,,,
6550000,-515,-482,148,-87,387,-3201,-5686,-4885,48,-42,0,39,0,390,5044,39,-182,-40,5044,1233000,1330000,1351000,1422000,-146,314,-5,12,,,,,,,,,,,,,,,,,,,,,,,,,,,,,,,,,,,,,,,,,,,,,,,,,,,,,,,,,,,,,,,,,,,,,,,,,,,,,,,,,,,,
6603000,-255,-343,12,21,1195,5831,-5686,-3420,25,-22,-2,39,79,391,5070,71,-92,-35,5070,1330000,1273000,1352000,1398000,-146,314,-10,22,,,,,,,,,,,,,,,,,,,,,,,,,,,,,,,,,,,,,,,,,,,,,,,,,,,,,,,,,,,,,,,,,,,,,,,,,,,,,,,,,,,,
6650000,-93,-669,-212,-106,1064,-9732,10366,6894,4,-54,-2,-39,39,427,6047,35,-75,0,6047,1361000,1496000,1372000,1195000,-146,314,-5,10,,,,,,,,,,,,,,,,,,,,,,,,,,,,,,,,,,,,,,,,,,,,,,,,,,,,,,,,,,,,,,,,,,,,,,,,,,,,,,,,,,,,
6703000,245,-480,152,-3,710,9371,-17526,10617,-21,-38,0,0,39,427,6047,72,-67,0,6047,1549000,1378000,1150000,1382000,-146,314,-10,22,,,,,,,,,,,,,,,,,,,,,,,,,,,,,,,,,,,,,,,,,,,,,,,,,,,,,,,,,,,,,,,,,,,,,,,,,,,,,,,,,,,,
6750000,774,-956,222,248,839,14254,4995,10495,-64,-83,0,39,0,429,6104,67,-18,0,6104,1568000,1351000,1241000,1280000,-146,314,-9,21,,,,,,,,,,,,,,,,,,,,,,,,,,,,,,,,,,,,,,,,,,,,,,,,,,,,,,,,,,,,,,,,,,,,,,,,,,,,,,,,,,,,
6803000,1071,-2341,270,124,407,14498,-6723,4025,-93,-200,2,0,39,458,6957,57,-89,0,6957,1495000,1364000,1272000,1426000,-146,314,-8,17,,,,,,,,,,,,,,,,,,,,,,,,,,,,,,,,,,,,,,,,,,,,,,,,,,,,,,,,,,,,,,,,,,,,,,,,,,,,,,,,,,,,
6850000,684,-1447,165,-120,1081,1742,-16489,-2138,-59,3,73,-40,0,7483,1419000,1355000,1254000,1552000,-146,314,-10,6903000,832,-2411,381,69,171,521,1821,-551,-72,-210,2,0,0,495,8127,54,-245,0,8127,1447000,1436000,1423000,1476950000,1193,-1708,-397,88,1406,10104,4812,3415,-104,-145,9,523,9072,55,-109,0,9072,1564000,1425000,1454000,1436000,-146,7003000,1141,-1576,87,-433,1405,-18093,-17221,4636,-99,-134,0,0,39,533,9422,66,8,0,9422,1459000,1557000,1336000,1521000,-146,314,-9,20,,,,,,,,,,,,,,,,
7050000,1300,-1854,-17,197,1973,4122,7436,-1650,-116,-161,2,-39,0,561,10438,74,-4,0,10438,1527000,1469000,1550000,1494000,-146,314,-10,23,,,,,,,,,,,,,,,,,,,,,,,,,,,,,,,,,,,,,,,,,,,,,,,,,,,,,,,,,,,,,,,,,,,,,,,,,,,,,,,,,,,,
7103000,-437,-2441,-896,724,2000,9616,14943,-2077,38,-209,2,0,39,570,10776,72,0,0,10776,1510000,1500000,1510000,1557000,-146,37150000,934,-467,-319,-137,1230,-3140,1394,-1772,-85,-40,0,-39,0,571,10814,41,-85,0,10814,1496000,1518000,1507000,1562,,,,,,,,,,,,,,,,,,,,,,,,,,,,,,,,,,,,,,,,,,,,,,,,,,,,,,,,,,,,,,,
7203000,362,-328,-152,280,1204,460,5483,-4335,-31,-28,2,0,0,581,11196,51,-15,0,11196,1497000,1483000,1545000,7303000,46,-661,93,133,1186,8700,3469,-6899,-11,-50,-2,-79,79,614,12504,79,145,56,12504,1561000,1457000,1602000,162,314,-11,24,,,,,,,,,,,,,,,,,,,,,,,,,,,,,,,,,,,,,,,,,,,,,,,,,,,,,,,,,,,,,,
7350000,-1856,-492,-243,-355,175,1071,-803,-2810,155,-43,0,-79,0,637,13458,62,133,148,13458,157700000,1574000,1638000,-146,314,-9,19,,,,,,,,,,,,,,,,,,,,,,,,,,,,,,,,,,,,,,,,,,,,,,,,,,,,,,,,,,,,,,,,,,,,,,,,,,,,,,,,,,,,,
7403000,-1860,-2100,442,280,461,17428,-559,-4824,158,-183,0,-39,0,662,14535,41,-3,248,14535,1600000,1514000,1592000,1668000,-146,314,-6,12,,,,,,,,,,,,,,,,,,,,,,,,,,,,,,,,,,,,,,,,,,,,,,,,,,,,,,,,,,,,,,,,,,,,,,,,,,,,,,,,,,,,
7450000,-1992,-2895,-259,-79,1446,-515,5849,-5739,166,-249,-2,-79,39,671,14933,95,-57,284,14933,1550000,1600000,1618000,1707000,-146,314,-13,29,,,,,,,,,,,,,,,,,,,,,,,,,,,,,,,,,,,,,,,,,,,,,,,,,,,,,,,,,,,,,,,,,,,,,,,,,,,,,,,,,,,,
7503000,-818,-4361,388,456,843,23349,-498,-7875,67,-377,0,-39,39,695,16021,60,-105,379,16021,1656000,1506000,1643000,1753000,-146,314,-8,18,,,,,,,,,,,,,,,,,,,,,,,,,,,,,,,,,,,,,,,,,,,,,,,,,,,,,,,,,,,,,,,,,,,,,,,,,,,,,,,,,,,,
7550000,720,-4647,-343,298,2066,19320,42653,-10500,-66,-395,0,-39,119,709,16673,101,85,435,16673,1621000,1535000,1764000,1691000,-146,314,-14,31,,,,,,,,,,,,,,,,,,,,,,,,,,,,,,,,,,,,,,,,,,,,,,,,,,,,,,,,,,,,,,,,,,,,,,,,,,,,,,,,,,,,
7603000,1103,-1049,-398,-122,1905,-4544,35756,-6899,-103,-74,4,-79,199,713,16861,120,357,452,16861,1584000,1621000,1722000,1699000,-146,314,-17,37,,,,,,,,,,,,,,,,,,,,,,,,,,,,,,,,,,,,,,,,,,,,,,,,,,,,,,,,,,,,,,,,,,,,,,,,,,,,,,,,,,,,
7650000,1391,-105,350,651,595,-2896,11953,-7631,-124,8,2,-39,199,712,16814,109,400,448,16814,1622000,1574000,1699000,1740000,-146,314,-16,34,,,,,,,,,,,,,,,,,,,,,,,,,,,,,,,,,,,,,,,,,,,,,,,,,,,,,,,,,,,,,,,,,,,,,,,,,,,,,,,,,,,,
7703000,1284,207,150,610,568,8273,13295,-8730,-269,189,0,-1799,1959,712,16814,148,512,448,16814,1646000,1526000,1771000,1687750000,1736,440,117,-47,782,-1370,-8127,-8730,-462,453,0,-3559,4759,709,16673,194,642,435,16673,1637000,1527000,1738000,1719000,-146,314,-28,60,,,,,,,,,,,,,,,,,,,,,,,,,,,,,,,,,,,,,,,,,,,,,,,,,,,,,,,,,,,,,
7803000,686,79,274,196,1212,-10586,-24912,-9645,-412,523,-2,-4039,5920,707,16579,231,735,428,16579,1618000,1525000,1724000,1746000,-146,314,-33,72,,,,,,,,,,,,,,,,,,,,,,,,,,,,,,,,,,,,,,,,,,,,,,,,,,,,,,,,,,,,,,,,,,,,,,,,,,,,,,,,,,,,
7850000,76,-1234,-104,-199,1191,-3750,-36447,-9035,-425,576,0,-4799,7839,708,16626,288,886,432,16626,1636000,1506000,1723000,1742000,-146,3,,,,,,,,,,,,,,,,,,,,,,,,,,,,,,,,,,,,,,,,,,,,,,,,,,,,,,,,,,,,,,,,,,,,,,,,,,,,,,,,,,,,,,
7903000,378,-3155,184,-181,937,-18826,-38583,-8303,-392,412,-4,-4119,7879,705,16485,318,947,419,16485,1594000,1549000,1708000,17950000,-833,-3471,-468,-461,1267,-23098,-32480,-9768,-258,234,0,-3800,6159,706,16532,382,1025,423,16532,1572000,1551000,1710000,1767000,-146,314,-56,119,,,,,,,,,,,,,,,,,,,,,,,,,,,,,,,,,,,,,,,,,,,,,,,,,,,,,,,,,,,,,
8003000,-1227,-4930,52,-138,764,-30239,-19418,-10927,-119,-109,-2,-2600,3680,704,16438,421,875,415,16438,1528000,1572000,1715000,1779000,-146,314,-61,132,,,,,,,,,,,,,,,,,,,,,,,,,,,,,,,,,,,,,,,,,,,,,,,,,,,,,,,,,,,,,,,,,,,,,,,,,,,,,,,,,,,,
8050000,-2208,-4950,-121,-519,1053,-15530,-15329,-5678,74,-219,2,-1359,2439,705,16485,477,974,419,16485,1586000,1581000,1678000,1759000,743,28103000,-1247,-4959,38,-169,1447,-1065,-1291,-4641,46,-425,0,-719,79,706,16532,516,1014,423,16532,1613000,1559000,1684000,1748150000,-971,-4359,401,259,600,-5520,21413,-8364,21,-373,2,-719,79,704,16438,559,957,415,16438,1575000,1548000,1737000,1737000,535,108,299,60,,,,,,,,,,,,,,,,,,,,,,,,,,,,,,,,,,,,
8203000,17,-2444,177,624,635,1254,11586,-3603,-29,-209,0,-319,39,705,16485,616,1066,419,16485,1612000,1568000,1684000,1742000,240,89,148,55,,,,,,,,,,,,,,,,,,,,,,,,,,,,,,,,,,,,,,,,,,,,,,,,,,,,,,,,,,,,,,,,,,,,,,,,,,,,,,,,,,,,
8250000,-114,-2037,114,-259,979,-2590,5971,-9096,-17,-170,0,-319,79,705,16485,694,1060,419,16485,1558000,1546000,1724000,1765000,311,-44,215,-30,,,,,,,,,,,,,,,,,,,,,,,,,,,,,,,,,,,,,,,,,,,,,,,,,,,,,,,,,,,,,,,,,,,,,,,,,,,,,,,,,,,,
8303000,275,-1514,-113,380,1384,-4910,722,-5617,-37,-125,-2,-159,79,672,14978,754,1119,287,14978,1546000,1529000,1664000,1736000,112,-60,84,-45,,,,,,,,,,,,,,,,,,,,,,,,,,,,,,,,,,,,,,,,,,,,,,,,,,,,,,,,,,,,,,,,,,,,,,,,,,,,,,,,,,,,
8350000,230,-1573,27,94,1203,-3933,1882,-3969,-34,-126,-2,-159,119,672,14978,806,1214,287,14978,1567000,1523000,1654000,1726000,200,-80,161,-648403000,109,-1290,-500,-351,1578,9188,2248,-3725,-13,-109,-2,-39,39,637,13458,895,1257,148,13458,1561000,1443000,1623000,16900,39,-65,35,-58,,,,,,,,,,,,,,,,,,,,,,,,,,,,,,,,,,,,,,,,,,,,,,,,,,,,,,,,,
8450000,-14,-498,-147,-265,934,-88,10183,-2260,-9,-36,0,-119,79,605,12140,928,1274,20,12140,1490000,1467000,1616000,1628000,85,-138,79,-128,,,,,,,,,,,,,,,,,,,,,,,,,,,,,,,,,,,,,,,,,,,,,,,,,,,,,,,,,,,,,,,,,,,,,,,,,,,,,,,,,,,,
8503000,290,-271,-77,269,1101,-4971,966,-2382,-32,49,0,-79,839,598,11861,988,1214,0,11861,1483000,1454000,1593000,1641000,-50,-2688550000,-405,-815,-145,-455,503,3512,16225,-4702,28,148,-2,-79,2519,598,11861,1007,1066,0,11861,1480000,1414000,1671000,1598603000,-1067,1000,-613,-419,1695,13278,-12521,-3542,358,666,2,3040,6640,598,11861,1038,963,0,11861,1484000,1431000,1612000,1638000,-83,-105,-86,-109,,,,,,,,,,,,,,,,,,,,,,,,,,,,,,,,,,,,
8650000,-588,669,1,-491,630,18893,-30222,-2749,536,641,0,5560,6680,565,10588,1092,819,0,10588,1431000,1417000,1557000,1627000,-164,-159,-180,-174,,,,,,,,,,,,,,,,,,,,,,,,,,,,,,,,,,,,,,,,,,,,,,,,,,,,,,,,,,,,,,,,,,,,,,,,,,,,,,,,,,,,
8703000,964,-1813,106,-677,883,32382,-34616,-2077,212,96,-2,3400,2920,10588,1127,726,0,10588,1517000,1318000,1494000,1673000,219,-333,8750000,636,-1635,-221,-666,911,3207,-8127,1035,143,-6,-209000,1492000,1572000,1567000,122,-508,143,-597,,,,,,,,,,,,,,,,,,,,,,,,,,,,,,,,,,,,,,,,,,,,,,,,,,,,,,,,,,,,,,,,,,,,
8803000,3391,-262,43,408,816,13339,16408,-1955,-124,85,0,1960,1239,564,10550,1191,437,0,10550,1521000,1312000,1621000,1553000,-13,-167,-168850000,267,647,-175,-635,1141,-11502,-8798,-246,88,84,0,10438,1405000,1470000,1496000,1645000,133,-361,164,-446,,,,,,,,,,,,,,,,,,,,,,,,,,,,,,,,,,,,,,,,,,,,,,,,,,,,,,,,,,,,,,,,,
8903000,-339,-544,147,-683,344,6503,-19785,5612,113,-40,-58,959,79,562,10476,1245,352,0,10476,1500000,1416000,1463000,1643000,-269,-8950000,1197,-954,-444,685,1329,3329,22084,668,-24,-76,-79,227,7,12020,1427000,1480000,1688000,1579000,-205,-173,-255,-215,,,,,,,,,,,,,,,,,,,,,,,,,,,,,,,,,,,,,,,,,,,,,,,,,,,,,,,,,,,,,,,,
9003000,1593,1004,-443,-305,770,-14309,10854,3537,-69,94,-161,800,79,602,12020,1251,106,7,12020,1429000,1445000,1667000,1628000-129,-249,-162,-312,,,,,,,,,,,,,,,,,,,,,,,,,,,,,,,,,,,,,,,,,,,,,,,,,,,,,,,,,,,,,,,,,,,,,,,,,,,,,,,,,,,,,
9050000,499,1811,317,-213,218,3390,3408,6467,12,165,-245,640,79,602,12020,1260,9,7,12020,0,1654000,-205,-375,-258,-473,,,,,,,,,,,,,,,,,,,,,,,,,,,,,,,,,,,,,,,,,,,,,,,,,,,,,,,,,,,,,,,,,,,,,,,,,,,,,,,,,,,,,,
9103000,-465,1918,-213,-209,1139,4489,-9165,11044,89,177,-414,559,119,601,11980,1235,-33,4,11980,1389000,1346000,1660000,1725000,-192,-428,-237,-529,,,,,,,,,,,,,,,,,,,,,,,,,,,,,,,,,,,,,,,,,,,,,,,,,,,,,,,,,,,,,,,,,,,,,,,,,,,,,,,,,,,,
9150000,-19,1663,-115,-294,531,8883,-6113,18735,50,152,-523,559,79,602,12020,1225,-136,7,12020,1419000,1325000,1684000,1692000,-209203000,538,-159,-16,378,1360,-1065,722,22397,36,-3,-563,959,119,634,13332,1211,-244,136,13332,1438000,1417000,1693000,1723000,-111,-229,-135,-277,,,,,,,,,,,,,,,,,,,,,,,,,,,,,,,,,,,,,,,,,,,,,,,,,,,,,,,,,,,,
9250000,143,-160,56,279,1168,4794,6582,24716,95,-7,-622,1240,79,634,13332,1196,-231,136,13332,1440000,1388000,1737000,1696000,-317,-412,-379,-493,,,,,,,,,,,,,,,,,,,,,,,,,,,,,,,,,,,,,,,,,,,,,,,,,,,,,,,,,,,,,,,,,,,,,,,,,,,,,,,,,,,,
9303000,-226,1005,-296,-104,1505,-1004,5971,29294,131,98,-603,1280,119,668,14800,1180,-318,271,14800,1492000,1515000,1735000,1702000,-184,-323,-217,-381,,,,,,,,,,,,,,,,,,,,,,,,,,,,,,,,,,,,,,,,,,,,,,,,,,,,,,,,,,,,,,,,,,,,,,,,,,,,,,,,,,,,
9350000,241,223,-38,406,1184,18283,-3549,25266,90,26,-249,1280,79,704,16438,1144,-333,415,16438,1704000,1590000,1621000,1693000,-128,-255,-147,-292,,,,,,,,,,,,,,,,,,,,,,,,,,,,,,,,,,,,,,,,,,,,,,,,,,,,,,,,,,,,,,,,,,,,,,,,,,,,,,,,,,,,
9403000,564,-653,-25,-483,586,6076,-3488,10007,27,-46,-247,880,119,704,16438,1132,-406,415,16438,1547000,1562000,1722000,1760000,-277,-410,-314,-465,,,,,,,,,,,,,,,,,,,,,,,,,,,,,,,,,,,,,,,,,,,,,,,,,,,,,,,,,,,,,,,,,,,,,,,,,,,,,,,,,,,,
9450000,1405,-1483,43,-252,1148,5099,-2695,14401,-52,-118,-196,800,119,707,16579,1104,-390,428,16579,1627000,1582000,1677000,1732000,-335,-354,-369,-390,,,,,,,,,,,,,,,,,,,,,,,,,,,,,,,,,,,,,,,,,,,,,,,,,,,,,,,,,,,,,,,,,,,,,,,,,,,,,,,,,,,,
9503000,991,-741,254,360,1923,10531,10915,7199,-41,-57,-106,520,79,708,16626,1095,-277,432,16626,1635000,1545000,1727000,1702000,-381,-220,-417,-241,,,,,,,,,,,,,,,,,,,,,,,,,,,,,,,,,,,,,,,,,,,,,,,,,,,,,,,,,,,,,,,,,,,,,,,,,,,,,,,,,,,,
9550000,961,-423,31,-6,602,949,966,5124,-181,-29,-81,-1119,79,756,18956,1068,-206,623,18956,1677000,1606000,1744000,1784000,-518,-221,-553,-236,,,,,,,,,,,,,,,,,,,,,,,,,,,,,,,,,,,,,,,,,,,,,,,,,,,,,,,,,,,,,,,,,,,,,,,,,,,,,,,,,,,,
9603000,309,138,298,175,1672,-4360,3530,1279,-208,19,-79,-2079,79,777,20024,1058,-68,708,20024,1677000,1607000,1797000,1808000,-483,-76,-511,-80,,,,,,,,,,,,,,,,,,,,,,,,,,,,,,,,,,,,,,,,,,,,,,,,,,,,,,,,,,,,,,,,,,,,,,,,,,,,,,,,,,,,
9650000,-123,634,-281,290,1017,-10098,1027,-795,-216,65,-75,-2600,119,786,20491,1057,42,744,20491,1661000,1620000,1817000,1824000,-522,-240,-552,-254,,,,,,,,,,,,,,,,,,,,,,,,,,,,,,,,,,,,,,,,,,,,,,,,,,,,,,,,,,,,,,,,,,,,,,,,,,,,,,,,,,,,
9703000,208,-128,-63,576,1395,-6375,539,-2565,-245,0,-75,-2600,119,777,20024,1053,147,708,20024,1662000,1577000,1821000,1826000,-542,-213,-571,-224,,,,,,,,,,,,,,,,,,,,,,,,,,,,,,,,,,,,,,,,,,,,,,,,,,,,,,,,,,,,,,,,,,,,,,,,,,,,,,,,,,,,
9750000,-78,-67,-395,80,1533,-16201,2187,-856,-164,4,-62,-1959,119,743,18310,1055,259,571,18310,1597000,1589000,1777000,1785000,-488,-220,-515,-232,,,,,,,,,,,,,,,,,,,,,,,,,,,,,,,,,,,,,,,,,,,,,,,,,,,,,,,,,,,,,,,,,,,,,,,,,,,,,,,,,,,,
9803000,-796,-276,-242,176,1243,-14492,6643,-1345,-63,-17,-46,-1519,79,710,16720,1057,349,439,16720,1567000,1546000,1757000,1743000,-553,-333,-585,-352,,,,,,,,,,,,,,,,,,,,,,,,,,,,,,,,,,,,,,,,,,,,,,,,,,,,,,,,,,,,,,,,,,,,,,,,,,,,,,,,,,,,
9850000,-1055,-829,-136,-269,1039,-4299,-70,241,-12,-68,-165,-1200,39,638,13500,1056,353,152,13500,1474000,1422000,1716000,1752000,-553,185,-584,195,,,,,,,,,,,,,,,,,,,,,,,,,,,,,,,,,,,,,,,,,,,,,,,,,,,,,,,,,,,,,,,,,,,,,,,,,,,,,,,,,,,,
9903000,-1246,-987,-210,-652,1049,-16262,3896,8054,31,-75,-131,-879,119,600,11940,1100,398,0,11940,1442000,1496000,1626000,1658000,-584,-71,-643,-79,,,,,,,,,,,,,,,,,,,,,,,,,,,,,,,,,,,,,,,,,,,,,,,,,,,,,,,,,,,,,,,,,,,,,,,,,,,,,,,,,,,,
9950000,-1038,-1843,-280,-145,1382,-15774,12258,4819,24,-153,-16,-759,79,600,11940,1132,471,0,11940,1466000,1501000,1620000,1599000,-689,-110,-780,-125,,,,,,,,,,,,,,,,,,,,,,,,,,,,,,,,,,,,,,,,,,,,,,,,,,,,,,,,,,,,,,,,,,,,,,,,,,,,,,,,,,,,
10003000,-1088,-1451,-83,409,1212,-1431,18178,1462,39,-116,-12,-639,119,597,11821,1152,470,0,11821,1497000,1410000,1649000,1602000,-407,51,-469,59,,,,,,,,,,,,,,,,,,,,,,,,,,,,,,,,,,,,,,,,,,,,,,,,,,,,,,,,,,,,,,,,,,,,,,,,,,,,,,,,,,,,
10050000,-1906,-1543,-484,-20,1580,-7595,13051,1584,114,-127,-10,-599,79,566,10625,1189,429,0,10625,1407000,1442000,1616000,1583000,-653,35,-776,42,,,,,,,,,,,,,,,,,,,,,,,,,,,,,,,,,,,,,,,,,,,,,,,,,,,,,,,,,,,,,,,,,,,,,,,,,,,,,,,,,,,,
10103000,-1487,-1278,-588,451,1909,-6192,15065,1462,87,-101,-8,-479,119,565,10588,1195,382,0,10588,1429000,1415000,1606000,1586000,-521,-327,-623,-391,,,,,,,,,,,,,,,,,,,,,,,,,,,,,,,,,,,,,,,,,,,,,,,,,,,,,,,,,,,,,,,,,,,,,,,,,,,,,,,,,,,,
10150000,-710,-848,436,-801,249,9982,-4465,4697,86,-220,-2,280,-1680,563,10513,1191,264,0,10513,1525000,1363000,1494000,1636000,-500,-386,-595,-459,,,,,,,,,,,,,,,,,,,,,,,,,,,,,,,,,,,,,,,,,,,,,,,,,,,,,,,,,,,,,,,,,,,,,,,,,,,,,,,,,,,,
10203000,-858,185,529,38,291,-165,-8,2480,-2080,563,10513,1204,24,0,10513,145810303000,865,1590,-229,-535,1117,20541,1943,5612,692,-276,-2,8800,-4760,564,10550,1202,-112,0,10550,1480000,1444000,1527000,1594000,-610,-276,-733,-331,,,,,,,,,,,,,,,,,,,,,,,,,,,,,,,,,,,,,,,,,,,,,,,,,,,,,,,,,,,,,,,,,,,,
10350000,3568,1615,-90,1021,808,57650,39602,1157,442,-274,-2,8640,-4760,564,10550,1197,-212,0,10550,1536000,1283000,1699000,1457000,-785,-267,-940,-319,,,,,,,,,,,,,,,,,,,,,,,,,,,,,,,,,,,,,,,,,,,,,,,,,,,,,,,,,,,,,,,,,,,,,,,,,,,,,,,,,,,,
10403000,4337,3259,-428,122,947,-5337,24404,3171,-137,36,-4,2760,-284000,-578,-516,-682,-609,,,,,,,,,,,,,,,,,,,,,,,,,,,,,,,,,,,,,,,,,,,,,,,,,,,,,,,,,,,,,,,,,,,,,,,,,,,,,,,,,,,,,,,,,,,,,,
10450000,2599,4384,-76,-283,615,-16567,10503000,1369,1874,121,-616,610,-820,-986,3415,9,90,-58,1480,-840,639,13543,1110,-525,155,13543,1514000,1502000,1677000,1643000,-387,-334,-430,-371,,,,,,,,,,,,,,,,,,,,,,,,,,,,,,,,,,,,,,,,,,,,,,,,,,,,,,,,,,,,,,,,,,,,,,,,,,,,,
10550000,1073,1805,214,600,573,888,-1352,4270,-65,150,-73,320,-80,674,15067,1072,-655,29690000,1695000,-275,115,-295,123,,,,,,,,,,,,,,,,,,,,,,,,,,,,,,,,,,,,,,,,,,,,,,,,,,,,,,,,,,,,,,,,,,,,,,,,,,,,,,,,,,,,,,,,
10603000,-78,2341,-297,-469,1570,-1065,-9042,4025,-94,197,-56,-1159,-80,710,16720,1044,-672,439,16720,1605000,1519000,1696000,1700000,-371,15,-387,16,,,,,,,,,,,,,,,,,,,,,,,,,,,,,,,,,,,,,,,,,,,,,,,,,,,,,,,,,,,,,,,,,,,,,,,,,,,,,,,,,,,,
10650000,391,342,-350,-301,1515,-3140,600,-3054,-198,29,-56,-1879,0,710,16720,999,-664,439,16720,1568000,1517000,1788000,172700010703000,789,-817,-131,-453,1225,-14004,-1962,913,-236,-71,-54,-1919,0,717,17051,947,-712,468,17051,1566000,1592000,1733000,1757000,-347,-117,-328,-111,,,,,,,,,,,,,,,,,,,,,,,,,,,,,,,,,,,,,,,,,,,,,,,,,,,,,,,,,,,,,
10750000,604,-438,-137,392,1048,-11624,4750,-2993,-49,-34,-50,39,39,718,17099,917,-628,47,158,,,,,,,,,,,,,,,,,,,,,,,,,,,,,,,,,,,,,,,,,,,,,,,,,,,,,,,,,,,,,,,,,,,,,,,,,,,,,,,,,,,,,,,,,,,,
10803000,534,-7,-456,-18,1322,-2163,5300,-1833,-43,201,-54,39,2319,718,17099,884,-566,471,17099,1582000,1538000,1803000,1721000,-139,-72,-123,-63,,,,,,,,,,,,,,,,,,,,,,,,,,,,,,,,,,,,,,,,,,,,,,,,,,,,,,,,,,,,,,,,,,,,,,,,,,,,,,,,,,,,
10850000,2432,-1950,294,-240,1298,12606,-17465,-2504,-201,32,-52,120,2319,719,17146,852,-475,17146,1609000,1496000,1742000,1790000,-306,38,-260,33,,,,,,,,,,,,,,,,,,,,,,,,,,,,,,,,,,,,,,,,,,,,,,,,,,,,,,,,,,,,,,,,,,,,,,,,,,,,,,,,,,,,,
10903000,3144,-3639,450,-138,820,-9365,-12277,-3054,-256,-153,-52,199,1879,713,16861,807,-516,452,16861,1565000,1519000,1723000,1807000,-2227,,,,,,,,,,,,,,,,,,,,,,,,,,,,,,,,,,,,,,,,,,,,,,,,,,,,,,,,,,,,,,,,,,,,,,,,,,,,,,,,,,,,,,,
10950000,2315,-3224,-361,155,1608,-19924,8779,-551,-219,-232,-46,-199,559,721,17242,805,-491,484,17242,1585000,1554000,177200011003000,2604,-2504,176,726,572,2780,5361,-1528,-241,-211,-211050000,2646,-2143,-380,-851,1821,-5459,-3427,-2993,-244,-113,-8,-159,839,711,16767,771,-377,444,16767,1590000,1513000,1712000,1795000,75,80,58,61,,,,,,,,,,,,,,,,,,,,,,,,,,,,,,,,,,,,,,,,,,,,,,,,,,,
11103000,1862,-1844,-226,-626,1891,-17300,-7028,-3664,-462,191,-10,-3439,4040,702,16345,761,-262,408,16345,1537000,1533000,1757000,1747000,-62,158,-47,120,,,,,,,,,,,,,,,,,,,,,,,,,,,,,,,,,,,,,,,,,,,,,,,,,,,,,,,,,,,,,,,,,,,,,,,,,,,,,,,,,,,,
11150000,2963,-3674,439,434,593,-31765,-11911,-4458,-1089,272,-6,-9519,6800,675,15112,768,-236,300,15112,1589000,1385000,1724000,1741000,60,343,46,263,,,,,,,,,,,,,,,,,,,,,,,,,,,,,,,,,,,,,,,,,,,,,,,,,,,,,,,,,,,,,,,,,,,,,,,,,,,,,,,,,,,,
11203000,1443,-5407,196,464,924,-65335,-17465,-4458,-956,159,-6,-9519,7240,673,15022,726,-224,291,15022,1491000,1500000,1724000,1745000,157,136,114,99,,,,,,,,,,,,,,,,,,,,,,,,,,,,,,,,,,,,,,,,,,,,,,,,,,,,,,,,,,,,,,,,,,,,,,,,,,,,,,,,,,,,
11250000,-2455,-5441,-232,-245,739,-67593,-15695,-5312,-619,34,-10,-9559,5839,673,15022,741,-116,291,15022,1426000,1532000,1743000,1735000,-26,286,-19,212,,,,,,,,,,,,,,,,,,,,,,,,,,,,,,,,,,,,,,,,,,,,,,,,,,,,,,,,,,,,,,,,,,,,,,,,,,,,,,,,,,,,
11303000,-4050,-6036,246,-218,638,-33047,-7517,-4213,-166,-271,-43,-5959,2920,671,14933,725,-164,284,14933,1486000,1455000,1713000,1773000,-31,239,-22,173,,,,,,,,,,,,,,,,,,,,,,,,,,,,,,,,,,,,,,,,,,,,,,,,,,,,,,,,,,,,,,,,,,,,,,,,,,,,,,,,,,,,
11350000,-4526,-4859,-213,-171,1430,-25173,9267,1096,14,-375,-104,-4359,559,672,14978,734,-104,287,14978,1456000,1508000,1727000,1743000,-54,44,-40,32,,,,,,,,,,,,,,,,,,,,,,,,,,,,,,,,,,,,,,,,,,,,,,,,,,,,,,,,,,,,,,,,,,,,,,,,,,,,,,,,,,,,
11403000,-5023,-4543,100,-45,535,-5520,22207,3232,256,-386,-205,-20711450000,-4374,-2295,-246,-21,1380,9494,12685,6650,259,-186,-121,-1399,160,672,14978,737,-66,287,14978,1534000,1493000,1705000,1711503000,-2338,-1996,-169,-442,763,17794,4506,5063,308,-170,-2,1200,39,672,14978,733,-64,287,14978,1555000,1547000,1653000,1717000,146,-794,107,-582,,,,,,,,,,,,,,,,,,,,,,,,,,,,,,,,,,,,,,,,,,,,,,,,,
11550000,-1025,-819,-248,96,1176,13827,1394,119,361,-61,-4,3120,119,671,14933,750,-108,284,14933,1496000,1531000,1690000,1735000,338,-937,253,-703,,,,,,,,,,,,,,,,,,,,,,,,,,,,,,,,,,,,,,,,,,,,,,,,,,,,,,,,,,,,,,,,,,,,,,,,,,,,,,,,,,,,
11603000,-495,-1010,-182,-320,926,24447,4018,485,622,-81,0,6640,79,675,15112,707,-152,300,15112,1514000,1527000,1697000,1726000,223,11650000,703,-1460,-472,-154,1779,34579,14638,-2077,727,-92,-11703000,1931,-1953,267,-444,621,58200,8962,-246,899,-104,304,15157,1533000,1504000,1706000,1731000,297,-1163,216,-846,,,,,,,,,,,,,,,,,,,,,,,,,,,,,,,,,,,,,,,,,,,,,,,,,,,,,,,
11750000,3974,-1662,59,-185,1169,59603,-5197,2744,752,-40,0,12600,199,676,15157,717,45,304,15157,1588000,1490000,1670000,1734000,17711803000,6094,-1185,-40,-114,1169,56307,5971,-490,627,-23,0,13280,920,679,15291,711,17,316,15291,1560000,1472000,1721000,1711850000,6709,-1360,-151,-525,1502,41720,-4953,-307,580,-41,0,13360,880,678,15246,721,91,311,15246,1528000,1512000,1694000,1711903000,7105,-1862,293,94,976,45870,1394,241,556,-50,-33,13480,1280,676,15157,733,148,304,15157,1549000,1461000,1712000,1741000,424,-1020,311,-748,,,,,,,,,,,,,,
11950000,8612,-2696,-326,-68,1069,40499,2065,4819,421,-95,-35,13440,1599,675,15112,714,60,300,15112,1598000,1471000,1684000,1719000,214,-1016,153,-725,,,,,,,,,,,,,,,,,,,,,,,,,,,,,,,,,,,,,,,,,,,,,,,,,,,,,,,,,,,,,,,,,,,,,,,,,,,,,,,,,,,,
12003000,8909,-3003,315,343,791,42208,5971,1645,395,-56,-75,13440,2360,674,15067,734,-6,296,15067,1571000,1415000,1733000,1733000,581,-676,426,-496,,,,,,,,,,,,,,,,,,,,,,,,,,,,,,,,,,,,,,,,,,,,,,,,,,,,,,,,,,,,,,,,,,,,,,,,,,,,,,,,,,,,
12050000,8181,-2706,271,-282,540,29147,6520,1584,389,-30,-79,12639,2360,673,15022,746,22,291,15022,1518000,1466000,1731000,1733000,587,-582,438,-434,,,,,,,,,,,,,,,,,,,,,,,,,,,,,,,,,,,,,,,,,,,,,,,,,,,,,,,,,,,,,,,,,,,,,,,,,,,,,,,,,,,,
12103000,7460,-2171,140,117,1065,18832,-9531,6528,336,-95,-79,11320,1080,674,15067,740,36,296,15067,1547000,1512000,1666000,1744000,565,-456,418,-337,,,,,,,,,,,,,,,,,,,,,,,,,,,,,,,,,,,,,,,,,,,,,,,,,,,,,,,,,,,,,,,,,,,,,,,,,,,,,,,,,,,,
12150000,6083,-3010,138,-156,683,12301,10610,5612,38,-164,-146,6519,1119,674,15067,742,12,296,15067,1535000,1449000,1730000,1736000,729,-474,541,-351,,,,,,,,,,,,,,,,,,,,,,,,,,,,,,,,,,,,,,,,,,,,,,,,,,,,,,,,,,,,,,,,,,,,,,,,,,,,,,,,,,,,
12203000,5792,-2642,31,458,1316,6259,4628,9580,-48,-181,-247,5240,559,673,15022,754,39,291,15022,1505000,1448000,1711000,1773000,779,-123,587,-93,,,,,,,,,,,,,,,,,,,,,,,,,,,,,,,,,,,,,,,,,,,,,,,,,,,,,,,,,,,,,,,,,,,,,,,,,,,,,,,,,,,,
12250000,4796,-3190,-18,-156,949,-7412,4506,10312,-45,-229,-299,4279,559,672,14978,753,50,287,14978,1487000,1422000,1726000,1783000,904,91,680,68,,,,,,,,,,,,,,,,,,,,,,,,,,,,,,,,,,,,,,,,,,,,,,,,,,,,,,,,,,,,,,,,,,,,,,,,,,,,,,,,,,,,
12303000,4261,-3624,219,345,815,-17849,8901,17087,-103,-201,-387,3080,1319,636,13416,752,67,143,13416,1409000,1430000,1692000,1740000,819,57,616,43,,,,,,,,,,,,,,,,,,,,,,,,,,,,,,,,,,,,,,,,,,,,,,,,,,,,,,,,,,,,,,,,,,,,,,,,,,,,,,,,,,,,
12350000,2242,543,696,399,,,,,,,,,,,,,,,,,,,,,,,,,,,,,,,,,,,,,,,,,,,,,,,,,,,,,,,,,,,,,,,,,,,,,,,,,,,,,,,,,,,,,,,,,,,,,,,,,,,,,,,,,,,
12403000,811,-2435,131,335,1015,-9121,-9470,25021,-11,164,-477,680,4319,632,13248,740,-81,128,13248,1469000,1404000,1689000,1713000,873,638,646,472,,,,,,,,,,,,,,,,,,,,,,,,,,,,,,,,,,,,,,,,,,,,,,,,,,,,,,,,,,,,,,,,,,,,,,,,,,,,,,,,,,,,
12450000,103,-3344,262,-53,275,-11929,-5075,25937,-110,168,-464,-1159,5279,633,13290,716,-192,132,13290,1455000,1442000,1689000,1694000,948,916,678,656,,,,,,,,,,,,,,,,,,,,,,,,,,,,,,,,,,,,,,,,,,,,,,,,,,,,,,,,,,,,,,,,,,,,,,,,,,,,,,,,,,,,
12503000,166,-2809,-145,81,1125,-17971,-20151,28684,-353,246,-335,-3879,5639,632,13248,702,-197,128,13248,1557000,1499000,1596000,1665000,948,916,665,643,,,,,,,,,,,,,,,,,,,,,,,,,,,,,,,,,,,,,,,,,,,,,,,,,,,,,,,,,,,,,,,,,,,,,,,,,,,,,,,,,,,,
12550000,-1108,-3138,-499,-7,1230,-27615,-23081,16721,-419,295,-102,-5920,6519,632,13248,690,-196,128,13248,1551000,1532000,1598000,1641000,948,916,654,632,,,,,,,,,,,,,,,,,,,,,,,,,,,,,,,,,,,,,,,,,,,,,,,,,,,,,,,,,,,,,,,,,,,,,,,,,,,,,,,,,,,,
12603000,-3252,-2924,-248,92,1499,-33840,-21494,7443,-463,387,0,-8559,7360,643,13713,681,-189,172,13713,1566000,1495000,1645000,1649000,948,916,645,624,,,,,,,,,,,,,,,,,,,,,,,,,,,,,,,,,,,,,,,,,,,,,,,,,,,,,,,,,,,,,,,,,,,,,,,,,,,,,,,,,,,,
12650000,-4821,-4094,130,-585,580,-27127,-23630,4025,-521,340,-2,-10799,7999,638,13500,646,-294,152,13500,12703000,-6297,-2992,-163,-553,416,-43240,-27109,4880,-459,412,0,-11559,7719,652,14100,628,-305,208,14100,1502000,1553000,1643000,1612750000,-6664,-3509,273,-205,145,-43850,-23020,2927,-479,339,0,-12160,7400,673,15022,619,-321,291,15022,1522000,1556000,1690000,1712803000,-7149,-4256,-568,18,1407,-31521,-32663,3110,-447,61,-2,-12279,4960,701,16298,595,-285,403,16298,1587000,1539000,1628000,1792000,141,1288,84,766,,,,,,,,,,,,,,,,,,
12850000,-7624,-5218,-70,-424,991,-34512,-16306,1706,-287,-211,0,-10920,2799,703,16392,575,-215,412,16392,1553000,1579000,1681000,1776000,141,1288,81,740,,,,,,,,,,,,,,,,,,,,,,,,,,,,,,,,,,,,,,,,,,,,,,,,,,,,,,,,,,,,,,,,,,,,,,,,,,,,,,,,,,,,
12903000,-64512950000,-6072,-5231,-81,-76,1244,-6436,22878,-856,72,-463,-2,-5239,-80,713,16861,537,-162,452,16861,1578000,1538000,1723000,1780000,541,1889,290,1014,,,,,,,,,,,,,,,,,,,,,,,,,,,,,,,,,,,,,,,,,,,,,,,,,,,,,,,,,,,,,,,,,,,,,,,,,,,,,,,,,,,
13003000,-3766,-3485,-201,-700,1953,-1492,25991,-2199,98,-454,-2,-2639,-1720,713,16861,525,-131,452,16861,1523000,1575000,1723000,1797000,541,1889,284,992,,,,,,,,,,,,,,,,,,,,,,,,,,,,,,,,,,,,,,,,,,,,,,,,,,,,,,,,,,,,,,,,,,,,,,,,,,,,,,,,,,,,
13050000,-1925,-2342,46,561,107,-3750,25380,-1162,63,-546,-2,-1200,-3920,711,16767,512,-179,444,16767,1523000,1583000,1725000,1782000,170,1624,87,831,,,,,,,,,,,,,,,,,,,,,,,,,,,,,,,,,,,,,,,,,,,,,,,,,,,,,,,,,,,,,,,,,,,,,,,,,,,,,,,,,,,,
13103000,-1883,-867,-379,-491,1248,4183,30568,-979,171,-550,0,80,-5440,709,16673,461,-172,435,16673,1561000,1545000,1724000,1776000,170,1624,78,749,,,,,,,,,,,,,,,,,,,,,,,,,,,,,,,,,,,,,,,,,,,,,,,,,,,,,,,,,,,,,,,,,,,,,,,,,,,,,,,,,,,,
13150000,-212,259,-10,-2,160,-3600,710,16720,449,-81,439,16720,1536000,1537000,1770013203000,1311,971,-710,-250,1580,4244,27456,-124,-334,81,0,-2519,-40,707,16579,472,2,428,16579,1585000,1530000,1764000,1730000,170,1624,80,766,,,,,,,,,,,,,,,,,,,,,,,,,,,,,,,,,,,,,,,,,,,,,,,,,,,,,,,,,,,,,,,,,,,,,
13250000,1905,1253,287,526,762,-9976,13784,-5251,-330,105,0,-1879,-40,707,16579,500,129,428,16579,1516000,1522000,1767000,1777000,170,1624,85,812,,,,,,,,,,,,,,,,,,,,,,,,,,,,,,,,,,,,,,,,,,,,,,,,,,,,,,,,,,,,,,,,,,,,,,,,,,,,,,,,,,,,
13303000,761,882,-367,90,1688,-17910,905,-1772,-80,269,0,-159,2200,708,16626,498,113,432,16626,1529000,1559000,1767000,1744000,170,13350000,141,-144,202,49,-15,7907,-5624,1035,-54,360,13403000,559,-771,12,326,1314,4183,-24667,363,-265,417,-,708,16626,496,238,432,16626,1608000,1505000,1715000,1774000,170,1613450000,2252,-3035,367,37,732,-881,-32114,2866,-444,293,-13503000,486,-3422,-18,217,1005,-29751,-14841,-551,-377,333,0,762,1172,385,592,,,,,,,,,,,,,,,,,,,,,,,,,,
13550000,-103,-4346,205,406,1218,-15286,-27109,4758,-360,259,-2,-4239,7319,706,16532,520,248,423,13603000,-140,-5332,-33,80,1240,-19619,-33151,4147,-364,124,0,-4319,6759,707,16579,542,292,428,16579,1592000,1582000,1660000,1713650000,-1917,-4815,-186,-539,741,-24990,-11606,4819,-241,85,0,-4679,5799,702,16345,563,376,408,16345,1581000,1593000,1695000,1728000,387,946,218,533,,,,,,,,,,,,,,,,,,,,,,,,,,,,,,,,,,,,,,,,,,
13703000,-1520,-4926,-25,-61,1101,-4727,-5075,3659,-450,-24,-2,-6680,4640,706,16532,584,421,423,16532,1660000,1498000,1686000,1755000,266,661,155,386,,,,,,,,,,,,,,,,,,,,,,,,,,,,,,,,,,,,,,,,,,,,,,,,,,,,,,,,,,,,,,,,,,,,,,,,,,,,,,,,,,,,
13750000,-1499,-4143,123,442,1356,-16873,-6235,3415,-487,-33,0,-7079,3759,706,16532,630,465,423,16532,1609000,1560000,1683000,1756000,142,421,89,265,,,,,,,,,,,,,,,,,,,,,,,,,,,,,,,,,,,,,,,,,,,,,,,,,,,,,,,,,,,,,,,,,,,,,,,,,,,,,,,,,,,,
13803000,-2783,-3613,-73,-414,1298,-35794,-1169,4453,-252,-119,-2,-5679,2239,705,16485,648,519,419,16485,1556000,1624000,1671000,1753000,-61,636,-39,412,,,,,,,,,,,,,,,,,,,,,,,,,,,,,,,,,,,,,,,,,,,,,,,,,,,,,,,,,,,,,,,,,,,,,,,,,,,,,,,,,,,,
13850000,-3883,-3192,-20,-146,330,-19436,9938,4697,-90,-201,-2,-4920,880,706,16532,677,594,423,16532,1596000,1594000,1682000,1741000,-74,575,-50,389,,,,,,,,,,,,,,,,,,,,,,,,,,,,,,,,,,,,,,,,,,,,,,,,,,,,,,,,,,,,,,,,,,,,,,,,,,,,,,,,,,,,
13903000,-3204,-2039,-122,208,1281,-2896,27028,3720,311,-171,0,360,79,707,16579,706,603,428,16579,1603000,1580000,1716000,1718000,-134,386,-94,272,,,,,,,,,,,,,,,,,,,,,,,,,,,,,,,,,,,,,,,,,,,,,,,,,,,,,,,,,,,,,,,,,,,,,,,,,,,,,,,,,,,,
13950000,-2575,-1489,256,297,1088,37020,14516,2438,259,-122,0,399,79,706,16532,717,607,423,16532,1662000,1494000,1692000,1751000,-311,41,-223,29,,,,,,,,,,,,,,,,,,,,,,,,,,,,,,,,,,,,,,,,,,,,,,,,,,,,,,,,,,,,,,,,,,,,,,,,,,,,,,,,,,,,
14003000,90,-704,-19,135,1098,25668,12502,1889,292,-54,-2,3440,79,699,16206,770,742,396,16206,1587000,1557000,1694000,1742000,-352,-181,-271,-140,,,,,,,,,,,,,,,,,,,,,,,,,,,,,,,,,,,,,,,,,,,,,,,,,,,,,,,,,,,,,,,,,,,,,,,,,,,,,,,,,,,,
14050000,-325,260,-200,-413,904,13461,13662,241,461,29,0,4960,79,674,15067,817,753,296,15067,1514000,1553000,1690000,1717000,-385,-260,-314,-212,,,,,,,,,,,,,,,,,,,,,,,,,,,,,,,,,,,,,,,,,,,,,,,,,,,,,,,,,,,,,,,,,,,,,,,,,,,,,,,,,,,,
14103000,-65,302,126,-300,787,38058,6887,2988,710,33,4,8080,79,673,15022,838,651,291,15022,1567000,1540000,1644000,1725000,-434,-462,-364,-387,,,,,,,,,,,,,,,,,,,,,,,,,,,,,,,,,,,,,,,,,,,,,,,,,,,,,,,,,,,,,,,,,,,,,,,,,,,,,,,,,,,,
14150000,1657,10,360,53,157,47396,4140,1462,665,11,0,9280,119,671,14933,856,617,284,14933,1564000,1518000,1685000,1702000,-434,-314,-371,-268,,,,,,,,,,,,,,,,,,,,,,,,,,,,,,,,,,,,,,,,,,,,,,,,,,,,,,,,,,,,,,,,,,,,,,,,,,,,,,,,,,,,
14203000,2916,284,-491,-490,1296,41476,13479,180,740,31,2,11400,79,635,13374,900,651,139,13374,1502000,1479000,1674000,1660000,-276,-732,-249,-658,,,,,,,,,,,,,,,,,,,,,,,,,,,,,,,,,,,,,,,,,,,,,,,,,,,,,,,,,,,,,,,,,,,,,,,,,,,,,,,,,,,,
14250000,4668,655,-49,-349,249,47579,4812,-2,657,85,4,12200,320,628,13081,932,634,112,13081,1516000,1447000,1644000,1677000,-427,-718,-398,-669,,,,,,,,,,,,,,,,,,,,,,,,,,,,,,,,,,,,,,,,,,,,,,,,,,,,,,,,,,,,,,,,,,,,,,,,,,,,,,,,,,,,
14303000,5610,515,-399,334,2058,40560,5849,852,257,51,4,8559,79,606,12180,966,677,24,12180,1541000,1372000,1610000,1661000,-275,-638,-265,-616,,,,,,,,,,,,,,,,,,,,,,,,,,,,,,,,,,,,,,,,,,,,,,,,,,,,,,,,,,,,,,,,,,,,,,,,,,,,,,,,,,,,
14350000,6476,-536,-678,0,1408,16574,3530,1523,-73,-36,2,5640,14403000,7322,-537,-137,341,719,-8694,1821,2683,-310,-36,14450000,5147,499,268,-523,219,-9060,4873,4208,-229,54,2,2520,119,602,12020,1007,413,7,12020,1561000,1400000,1588000,1634000,-398,-606,-401,-610,,,,,,,,,,,,,,,,,,,,,,,,,,,,,,,,,,,,,,,,,,,,,,,,,,,,,,,,,,,,
14503000,1441,877,-23,-727,880,-14065,1271,1035,90,83,4,2480,79,604,12100,1023,374,15,12100,1416000,1508000,1603000,1657000,-522,-488,-534,-499,,,,,,,,,,,,,,,,,,,,,,,,,,,,,,,,,,,,,,,,,,,,,,,,,,,,,,,,,,,,,,,,,,,,,,,,,,,,,,,,,,,,
14550000,2414,583,517,465,324,6137,-3671,3415,-130,57,0,920,79,613,12463,1033,231,51,12463,1568000,1405000,1576000,1672000,-382,-211,-394,-218,,,,,,,,,,,,,,,,,,,,,,,,,,,,,,,,,,,,,,,,,,,,,,,,,,,,,,,,,,,,,,,,,,,,,,,,,,,,,,,,,,,,
14603000,322,-590,277,-76,1164,1803,-375,1279,3,-44,0,360,79,633,13290,1019,184,132,13290,1518000,1479000,1633000,1680000,-256,-179,-261,-183,,,,,,,,,,,,,,,,,,,,,,,,,,,,,,,,,,,,,,,,,,,,,,,,,,,,,,,,,,,,,,,,,,,,,,,,,,,,,,,,,,,,
14650000,-845,555,-71,436,1302,-10525,6948,-3908,-10,51,0,-959,39,634,13332,1034,-43,136,13332,1489000,1427000,1687000,1689000,-247,-16,-256,-16,,,,,,,,,,,,,,,,,,,,,,,,,,,,,,,,,,,,,,,,,,,,,,,,,,,,,,,,,,,,,,,,,,,,,,,,,,,,,,,,,,,,
14703000,-1510,561,150,29,747,-576,-8554,1401,-11,59,-2,-1639,119,634,13332,1028,-122,136,13332,1548000,1450000,1613000,1702000,-434,-68,-446,-70,,,,,,,,,,,,,,,,,,,,,,,,,,,,,,,,,,,,,,,,,,,,,,,,,,,,,,,,,,,,,,,,,,,,,,,,,,,,,,,,,,,,
14750000,-105,-301,-3,230,1007,-12600,-4587,-3237,-238,-15,0,-2839,119,637,13458,1028,-236,148,13458,1485000,1450000,1671000,1703000,-382,66,-393,67,,,,,,,,,,,,,,,,,,,,,,,,,,,,,,,,,,,,,,,,,,,,,,,,,,,,,,,,,,,,,,,,,,,,,,,,,,,,,,,,,,,,
14803000,-309,-314,483,-68,-86,-25784,-4587,-1772,-315,10,0,-39114903000,-3508,-1537,-178,80,810,-36404,-11118,-1650,-611,197,32,15472,1541000,1498000,1678000,1738000,-437,-236,-439,-237,,,,,,,,,,,,,,,,,,,,,,,,,,,,,,,,,,,,,,,,,,,,,,,,,,,,,,,,,,,,,,,,,,,,,,,,,,,,,,,
14950000,-5249,-1813,-311,-238,1404,-30484,-14291,-1711,-547,204,2,-11519,4159,685,15563,990,-328,340,15563,1569000,1500000,1679000,1762000,-53,15003000,-5573,-2637,150,-238,786,-32376,-8127,-2260,-490,42,0,-11199,3120,685,15563,979,-323,340,15563,1538000,1521000,1683000,1767000,-116,-121,-113,-118,,,,,,,,,,,,,,,,,,,,,,,,,,,,,,,,,,,,,,,,,,,,,,,,,,,,,,,,,,,
15050000,-5985,-1734,103,-269,80,-27005,-7944,-3542,-308,16,2,-9519,1919,706,16532,983,-232,42724000,1779000,-260,-212,-256,-208,,,,,,,,,,,,,,,,,,,,,,,,,,,,,,,,,,,,,,,,,,,,,,,,,,,,,,,,,,,,,,,,,,,,,,,,,,,,,,,,,,,,,,,,
15103000,-5862,-2036,-182,-286,1521,-14736,3957,-4946,-210,-62,0,-8280,1319,707,16579,970,-224,428,16579,1578000,1486000,1744000,1778000,-233,-248,-226,-241,,,,,,,,,,,,,,,,,,,,,,,,,,,,,,,,,,,,,,,,,,,,,,,,,,,,,,,,,,,,,,,,,,,,,,,,,,,,,,,,,,,,
15150000,-5364,-184,-425,-318,1551,-20413,4567,-7082,-100,-2,2,-6519,160,708,16626,948,-232,432,16626,1475000,1560000,1772000,177500015203000,-4760,209,-364,-523,1835,-8389,3286,-4946,-122,32,-2,-6159,160,707,16579,949,-169,428,16579,1528000,1531000,1761000,1715250000,-2748,-802,-405,533,1352,-5642,8107,-4763,-91,-59,0,-3800,119,705,16485,948,-187,419,16485,1547000,1509000,1762000,1765000,-403,-608,-382,-576,,,,,,,,,,,,,,,,,,,,,,,,,,,,,,,,,,,,,,
15303000,-893,-2490,380,531,362,399,5544,-7204,-152,-206,0,-2639,119,706,16532,925,-118,4215350000,-1847,-2459,201,-173,1047,-1980,3347,-4580,335,-207,706,16532,944,-21,423,16532,1520000,1531000,1720000,1809000,-522,15403000,-1923,-1612,-119,-180,1239,24386,10305,-4274,803,-130,2,7280,119,706,16532,961,30,423,16532,1531000,1523000,1740000,1788000,-718,-845,-690,-812,,,,,,,,,,,,,,,,,,,,,,,,,,,,,,,,,,,,,,,,,,,,
15450000,-168,-2087,-242,62,1784,42636,14699,-7753,1103,-171,0,12480,119,706,16532,957,126,423,16532,1482000,1515000,1774000,1793000,-395,-1135,-378,-1086,,,,,,,,,,,,,,,,,,,,,,,,,,,,,,,,,,,,,,,,,,,,,,,,,,,,,,,,,,,,,,,,,,,,,,,,,,,,,,,,,,,,
15503000,1315,-1512,-430,-19,1903,57345,21291,-5922,1012,-128,0,12920,39,707,16579,951,96,428,16579,1530000,1494000,1787000,1766000,-334,15550000,3276,-1321,100,-450,953,72970,20009,-3542,865,-87,-2,13199,320,707,16579,955,75,428,16579,1588000,1460000,1779000,1715603000,5635,-681,201,-168,988,64364,6887,-5861,691,-35,0,13559,279,707,16579,964,97,428,16579,1584000,1425000,1763000,1793000,-429,71,-413,69,,,,,,,,,,,,,,,,,,,,,,,,,,,,,,,,,,,,
15650000,7087,-956,-595,111,1670,41232,14150,-4641,474,-66,0,12520,199,707,16579,978,157,428,16579,1546000,1487000,1770000,1776000,-379,-944,-371,-924,,,,,,,,,,,,,,,,,,,,,,,,,,,,,,,,,,,,,,,,,,,,,,,,,,,,,,,,,,,,,,,,,,,,,,,,,,,,,,,,,,,,
15703000,7357,-857,-19,206,1130,38790,6887,-3908,401,-57,0,11960,199,708,16626,990,178,432,16626,1548000,1497000,1767000,1774000,-524,-1077,-519,-1066,,,,,,,,,,,,,,,,,,,,,,,,,,,,,,,,,,,,,,,,,,,,,,,,,,,,,,,,,,,,,,,,,,,,,,,,,,,,,,,,,,,,
15750000,7019,-1184,-20,-177,941,37326,7497,-3420,375,-16,0,11320,999,706,16532,1002,174,423,16532,1598000,1437000,1745000,1790000,-300,-904,-301,-906,,,,,,,,,,,,,,,,,,,,,,,,,,,,,,,,,,,,,,,,,,,,,,,,,,,,,,,,,,,,,,,,,,,,,,,,,,,,,,,,,,,,
15803000,7691,-1283,95,-336,699,36959,4689,-4458,274,-84,-2,10840,320,706,16532,1011,206,423,16532,1569000,1451000,1752000,1796000,-447,-934,-452,-945,,,,,,,,,,,,,,,,,,,,,,,,,,,,,,,,,,,,,,,,,,,,,,,,,,,,,,,,,,,,,,,,,,,,,,,,,,,,,,,,,,,,
15850000,7947,-554,261,558,1307,30001,5727,-2138,224,-27,0,10520,239,705,16485,1028,289,419,16485,1595000,1452000,1756000,1765000,-287,-824,-295,-847,,,,,,,,,,,,,,,,,,,,,,,,,,,,,,,,,,,,,,,,,,,,,,,,,,,,,,,,,,,,,,,,,,,,,,,,,,,,,,,,,,,,
15903000,6899,-807,315,531,967,13766,10549,-3481,57,-46,-2,7560,279,672,14978,1032,326,287,14978,1539000,1467000,1770000,1750000,-202,-893,-208,-922,,,,,,,,,,,,,,,,,,,,,,,,,,,,,,,,,,,,,,,,,,,,,,,,,,,,,,,,,,,,,,,,,,,,,,,,,,,,,,,,,,,,
15950000,5524,-532,14,-235,512,12973,-1230,3598,104,-32,0,672294,287,14978,1556000,1502000,1680000,1725000,-193,-496,-202,-519,,,,,,,,,,,,,,,,,,,,,,,,,,,,,,,,,,,,,,,,,,,,,,,,,,,,,,,,,,,,,,,,,,,,,,,,,,,,,,,,,,,,,,,,,
16003000,5748,-2224,114,-197,310,765,2187,974,-327,-180,0,2000,160,672,14978,1071,238,287,14978,1566000,1447000,1679000,175500016050000,5167,-2078,-77,57,1094,-22793,3652,-551,-314,-167,0,1560,160,673,15022,1086,351,291,15022,1492000,1505000,1726000,1716103000,2426,-1653,-356,-249,1105,-24807,9023,2927,-187,-95,-10,280,559,672,14978,1065,231,287,14978,1545000,1496000,1709000,1714000,-116,-54,-124,-58,,,,,,,,,,,,,,,,,,,,,,,,,,,,,,,,,,,,,,
16150000,712,-2555,-530,-81,2091,-2145117,-23,-127,,,,,,,,,,,,,,,,,,,,,,,,,,,,,,,,,,,,,,,,,,,,,,,,,,,,,,,,,,,,,,,,,,,,,,,,,,,,,,,,,,,,,,,,,,,,,,,,,,,,,,,
16203000,547,-2050,167,-275,-58,-10342,-7456,1340,-19,-102,-2,320,880,673,15022,1090,143,291,15022,1540000,1483000,1686000,1744000,55,115,60,125,,,,,,,,,,,,,,,,,,,,,,,,,,,,,,,,,,,,,,,,,,,,,,,,,,,,,,,,,,,,,,,,,,,,,,,,,,,,,,,,,,,,
16250000,-25,-2003,12,-103,550,-18460,3103,-368,30,-52,2,320,1399,673,15022,1092,154,291,15022,1495000,1509000,1737000,1709000,78,-109,85,-16303000,505,-2766,134,-208,1495,-11135,-8188,-124,116,-112,0,1840,1480,673,15022,1115,201,291,15022,1522000,1486000,1688000,1757000,111,333,124,371,,,,,,,,,,,,,,,,,,,,,,,,,,,,,,,,,,,,,,,,,,,,,,,,,,,,,,,,,
16350000,297,-2564,-116,-277,894,-4055,-2573,729,288,-91,0,3600,1519,672,14978,1109,114,287,14978,1521000,1499000,1699000,1736000,265,248,294,275,,,,,,,,,,,,,,,,,,,,,,,,,,,,,,,,,,,,,,,,,,,,,,,,,,,,,,,,,,,,,,,,,,,,,,,,,,,,,,,,,,,,
16403000,155,-2203,-122,374,1636,6991,-9226,1157,527,-157,0,6200,399,673,15022,1100,72,291,15022,1494000,1533000,1663000,1763000,285,16450000,894,-2215,-149,339,1425,20541,-7578,1950,494,-151,16503000,1896,-2647,-210,-33,1297,26095,2736,-1406,347,-192,0,5880,439,673,15022,1130,38,291,15022,1543000,1445000,1711000,1747000,435,413,492,467,,,,,,,,,,,,,,,,,,,,,,,,,,,,,,,,,,,,,,,,,,,,,,,,
16550000,3739,-2855,-451,-47,1015,15841,-4953,-856,117,-210,0,5080,439,673,15022,1135,68,291,15022,1530000,1469000,1688000,1763000,446,288,506,327,,,,,,,,,,,,,,,,,,,,,,,,,,,,,,,,,,,,,,,,,,,,,,,,,,,,,,,,,,,,,,,,,,,,,,,,,,,,,,,,,,,,
16603000,3184,-2117,426,255,187,-3994,11770,-3786,137,-121,2,4760,720,673,15022,1145,10,291,15022,1444000,1510000,1759000,1724000,588,516,673,591,,,,,,,,,,,,,,,,,,,,,,,,,,,,,,,,,,,,,,,,,,,,,,,,,,,,,,,,,,,,,,,,,,,,,,,,,,,,,,,,,,,,
16650000,2873,-1950,29,-408,223,6625,6948,-2382,164,-103,2,4760,759,671,14933,1149,97,284,14933,1520000,1458000,1722000,1749000,411,630,472,724,,,,,,,,,,,,,,,,,,,,,,,,,,,,,,,,,,,,,,,,,,,,,,,,,,,,,,,,,,,,,,,,,,,,,,,,,,,,,,,,,,,,
16703000,3746,-2291,127,308,1156,7296,-6174,-2565,81,-123,2,4679,880,674,15067,1151,36,296,15067,1494000,1482000,1696000,1775000,488,684,562,788,,,,,,,,,,,,,,,,,,,,,,,,,,,,,,,,,,,,,,,,,,,,,,,,,,,,,,,,,,,,,,,,,,,,,,,,,,,,,,,,,,,,
16750000,3283,-3484,303,44,600,-1004,-620,-917,3,-199,-2,3320,1199,673,15022,1154,-63,291,15022,1494000,1500000,1688000,1767000,554,907,640,1046,,,,,,,,,,,,,,,,,,,,,,,,,,,,,,,,,,,,,,,,,,,,,,,,,,,,,,,,,,,,,,,,,,,,,,,,,,,,,,,,,,,,
16803000,2563,-2377,-163,292,1222,-3262,-2634,-673,-265,-1,-2,-479,2360,672,14978,1162,13,287,14978,1532000,1459000,1697000,1755000,563,994,654,1155,,,,,,,,,,,,,,,,,,,,,,,,,,,,,,,,,,,,,,,,,,,,,,,,,,,,,,,,,,,,,,,,,,,,,,,,,,,,,,,,,,,,
16850000,1838,-2025,-87,148,1288,-20169,-8371,-1223,-855,196,0,-7960,4279,671,14933,1137,-44,284,14933,1573000,1404000,1716000,174516903000,1124,-3027,13,-56,1052,-47634,-13010,-368,-1148,203,0,-12040,5360,671,14933,1141,-26,284,14933,1510000,1485000,1688000,1760000,733,687,836,784,,,,,,,,,,,,,,,,,,,,,,,,,,,,,,,,,,,,,,,,,,,,,,,,,,,,,,,,,,,,,
16950000,-384,-3949,427,361,460,-87429,-15573,-3298,-1338,154,0,-15719,5720,671,14933,1122,-70,284,14933,1430000,1516000,1708000,1772000,711,1143,798,1283,,,,,,,,,,,,,,,,,,,,,,,,,,,,,,,,,,,,,,,,,,,,,,,,,,,,,,,,,,,,,,,,,,,,,,,,,,,,,,,,,,,,
17003000,-3991,-3407,-330,-99,2061,-76199,-25400,-1223,-1131,236,-2,-16960,6120,672,14978,1119,-112,287,14978,1510000,1471000,1679000,1783000,903,959,1011,1073,,,,,,,,,,,,,,,,,,,,,,,,,,,,,,,,,,,,,,,,,,,,,,,,,,,,,,,,,,,,,,,,,,,,,,,,,,,,,,,,,,,,
17050000,-6119,-3227,2,481,729,-69851,-25888,1523,-991,252,0,-17480,6120,673,15022,1107,-147,291,15022,1512000,1512000,1685000,1749000,805,1115,891,1234,,,,,,,,,,,,,,,,,,,,,,,,,,,,,,,,,,,,,,,,,,,,,,,,,,,,,,,,,,,,,,,,,,,,,,,,,,,,,,,,,,,,
17103000,-8409,-3406,59,-21,306,-59597,-18015,-3176,-735,205,-2,-16840,5759,672,14978,1122,-203,287,14978,1469000,1478000,1711000,1774000,646,1015,724,1139,,,,,,,,,,,,,,,,,,,,,,,,,,,,,,,,,,,,,,,,,,,,,,,,,,,,,,,,,,,,,,,,,,,,,,,,,,,,,,,,,,,,
17150000,-9912,-3709,-42,187,1339,-47756,-11423,-1711,-237,-13,0,-12639,3559,673,15022,1100,-104,291,15022,1405000,1555000,1688000,1779000,694,1337,763,1471,,,,,,,,,,,,,,,,,,,,,,,,,,,,,,,,,,,,,,,,,,,,,,,,,,,,,,,,,,,,,,,,,,,,,,,,,,,,,,,,,,,,
17203000,-9431,-3354,-302,221,1155,-26333,-2084,-917,-238,17,2,-12160,3559,672,14978,1079,-106,287,14978,1514000,1471000,1718000,1742000,764,822,825,887,,,,,,,,,,,,,,,,,,,,,,,,,,,,,,,,,,,,,,,,,,,,,,,,,,,,,,,,,,,,,,,,,,,,,,,,,,,,,,,,,,,,
17250000,-8700,-2612,-114,254,1537,-271,2797,2683,-298,86,0,-12119,3599,672,14978,1086,-10,287,14978,1581000,1449000,1695000,1727000,17303000,-7411,-1435,-98,-82,498,-24441,-12583,2255,-421,188,839,810,,,,,,,,,,,,,,,,,,,,,,,,,,,,,,,,,,,,,,,,,,,,,,,,,,,,,,,,,,,,,,,,,,,,,,,,,,,
17350000,-6252,-2001,19,-434,1055,-33108,-20639,1584,-515,163,0,-12160,3880,672,14978,1087,8,287,14978,1487000,1535000,1676000,1753000,778,752,846,817,,,,,,,,,,,,,,,,,,,,,,,,,,,,,,,,,,,,,,,,,,,,,,,,,,,,,,,,,,,,,,,,,,,,,,,,,,,,,,,,,,,,
17403000,-6293,-2015,93,367,1018,-19863,-17404,1523,-51,54,0,-6879,2639,672,14978,1064,-81,287,14978,1496000,1529000,1667000,1762000,555,573,590,610,,,,,,,,,,,,,,,,,,,,,,,,,,,,,,,,,,,,,,,,,,,,,,,,,,,,,,,,,,,,,,,,,,,,,,,,,,,,,,,,,,,,
17450000,-6505,-2443,-116,-227,851,11630,-21982,3964,595,-112,0,320,1159,673,15022,1061,-125,291,15022,1527000,1538000,1616000,1780000,299,-108,317,-115,,,,,,,,,,,,,,,,,,,,,,,,,,,,,,,,,,,,,,,,,,,,,,,,,,,,,,,,,,,,,,,,,,,,,,,,,,,,,,,,,,,,
17503000,-3423,-2704,121,575,726,49227,-14536,5185,326,116,0,320,4040,674,15067,1065,-122,296,15067,1628000,1439000,1658000,1728000,715,346,761,368,,,,,,,,,,,,,,,,,,,,,,,,,,,,,,,,,,,,,,,,,,,,,,,,,,,,,,,,,,,,,,,,,,,,,,,,,,,,,,,,,,,,
17550000,-1199,-2553,-231,387,1563,43612,-18015,4025,125,293,2,240,5920,673,15022,1038,-159,291,15022,1595000,1468000,1644000,1749000,715,346,742,359,,,,,,,,,,,,,,,,,,,,,,,,,,,,,,,,,,,,,,,,,,,,,,,,,,,,,,,,,,,,,,,,,,,,,,,,,,,,,,,,,,,,
17603000,155,-2579,563,321,88,18954,-30100,2561,17,445,-2,360,7679,673,15022,1011,-252,291,15022,1545000,1506000,1657000,1755000,730,156,738,158,,,,,,,,,,,,,,,,,,,,,,,,,,,,,,,,,,,,,,,,,,,,,,,,,,,,,,,,,,,,,,,,,,,,,,,,,,,,,,,,,,,,
17650000,-18,-3337,77,82,1355,11691,-35104,5734,169,501,2,1920,9080,673,15022,1001,-271,291,15022,1553000,1550000,1625000,1745000,596,-157,597,-158,,,,,,,,,,,,,,,,,,,,,,,,,,,,,,,,,,,,,,,,,,,,,,,,,,,,,,,,,,,,,,,,,,,,,,,,,,,,,,,,,,,,
17703000,638,-4126,617,-152,-251,28781,-37790,6650,150,526,2,2360,10160,673,15022,987,2,1606000,1508000,1612000,1742000,483,-285,477,-282,,,,,,,,,,,,,,,,,,,,,,,,,,,,,,,,,,,,,,,,,,,,,,,,,,,,,,,,,,,,,,,,,,,,,,,,,,,,,,,,,,,,,,
17750000,1408,-4493,160,170,1271,27072,-26682,5979,107,508,2,2639,10320,67,1505000,1646000,1718000,368,-331,367,-330,,,,,,,,,,,,,,,,,,,,,,,,,,,,,,,,,,,,,,,,,,,,,,,,,,,,,,,,,,,,,,,,,,,,,,,,,,,,,,,,,,,,,,,,,,
17803000,2352,-4908,363,209,215,23898,-25400,3354,126,514,0,3800,10799,672,14978,986,-322,287,14978,1581000,1492000,1660000,1731000,169,-371,167,-17850000,2638,-6081,-64,-49,1228,12606,-22348,3110,202,258,0,4960,9040,673,15022,995,-279,291,15022,1562000,1515000,1629000,1717903000,1470,-6905,383,-327,599,28231,-16733,5856,301,64,0,4920,7639,672,14978,970,-344,287,14978,1605000,1509000,1600000,1752000,-75,-509,-73,-494,,,,,,,,,,,,,,,,,,,,,,,,,,,,,,,,,,
17950000,2327,-6578,23,97,1272,19015,13417,3964,184,-179,0,4440,4519,672,14978,948,-431,287,14978,1574000,1517000,1659000,1719000,-182,-705,-172,-669,,,,,,,,,,,,,,,,,,,,,,,,,,,,,,,,,,,,,,,,,,,,,,,,,,,,,,,,,,,,,,,,,,,,,,,,,,,,,,,,,,,,
18003000,2381,-5122,17,-237,837,23654,20620,3293,218,-97,-2,4880,3999,673,15022,965,-376,291,15022,1573000,1512000,1680000,1708000,-381,-615,-367,-594,,,,,,,,,,,,,,,,,,,,,,,,,,,,,,,,,,,,,,,,,,,,,,,,,,,,,,,,,,,,,,,,,,,,,,,,,,,,,,,,,,,,
18050000,3050,-3946,366,136,721,17184,23793,729,191,-100,0,5240,2799,672,14978,951,-292,287,14978,1550000,1501000,1698000,1714000,-650,-466,-618,-443,,,,,,,,,,,,,,,,,,,,,,,,,,,,,,,,,,,,,,,,,,,,,,,,,,,,,,,,,,,,,,,,,,,,,,,,,,,,,,,,,,,,
18103000,2688,-1789,-395,-525,984,12606,25563,-551,93,-138,0,3760,199,672,14978,940,-284,287,14978,1561000,1469000,1695000,1730000,-623,-676,-586,18150000,3283,-996,76,109,828,12728,20925,485,-94,-170,0,2200,-960,672,14978,941,-229,287,14978,1570000,1476000,1677000,1718203000,3430,-86,76,178,987,3207,31606,-2443,-173,-241,-2,1440,-2680,672,14978,917,-273,287,14978,1566000,1431000,1708000,1741000,-862,-357,-791,-328,,,,,,,,,,,,,,,,,,,,,,,,,,,,,,,,,,
18250000,1953,362,328,169,954,-6558,25625,-185,-44,-230,0,1440,-3000,673,15022,904,-200,291,15022,1543000,1496000,1688000,1735000,-1175,-650,-1062,-588,,,,,,,,,,,,,,,,,,,,,,,,,,,,,,,,,,,,,,,,,,,,,,,,,,,,,,,,,,,,,,,,,,,,,,,,,,,,,,,,,,,,
18303000,824,1511,-140,-104,275,-7473,38015,-4702,81,-7,-2,1760,-1600,672,14978,897,-226,287,14978,1492000,1475000,1782000,1689000,-1079,-728,-968,-653,,,,,,,,,,,,,,,,,,,,,,,,,,,,,,,,,,,,,,,,,,,,,,,,,,,,,,,,,,,,,,,,,,,,,,,,,,,,,,,,,,,,
18350000,1392,1413,582,308,845,6381,34780,-4152,-41,81,2,920,-480,672,14978,886,-268,287,14978,1558000,1409000,1746000,1719000,-1259,-684,-1116,-606,,,,,,,,,,,,,,,,,,,,,,,,,,,,,,,,,,,,,,,,,,,,,,,,,,,,,,,,,,,,,,,,,,,,,,,,,,,,,,,,,,,,
18403000,882,2291,-231,269,1644,-5825,27822,-3359,-35,196,0,480,-40,673,15022,876,-219,291,15022,1521000,1466000,1760000,1701000,-1161,-815,-1017,-714,,,,,,,,,,,,,,,,,,,,,,,,,,,,,,,,,,,,,,,,,,,,,,,,,,,,,,,,,,,,,,,,,,,,,,,,,,,,,,,,,,,,
18450000,1299,1648,-24,-512,1344,-12783,18056,-3115,-68,143,2,520,0,672,14978,832,-348,287,14978,1498000,1490000,1749000,1708000,-1189,-475,-990,-395,,,,,,,,,,,,,,,,,,,,,,,,,,,,,,,,,,,,,,,,,,,,,,,,,,,,,,,,,,,,,,,,,,,,,,,,,,,,,,,,,,,,
18503000,411,1042,536,23,-100,-7046,16164,-3054,79,87,0,1319,-40,672,14978,796,-401,287,14978,1510000,1475000,1740000,1719000,-1343,-562,-1069,-447,,,,,,,,,,,,,,,,,,,,,,,,,,,,,,,,,,,,,,,,,,,,,,,,,,,,,,,,,,,,,,,,,,,,,,,,,,,,,,,,,,,,
18550000,-632,2454,-96,-240,434,-3628,14943,791,194,210,0,1600,-40,672,14978,800,-375,287,14978,1532000,1512000,1729000,1691000,-1250,-805,-1000,-644,,,,,,,,,,,,,,,,,,,,,,,,,,,,,,,,,,,,,,,,,,,,,,,,,,,,,,,,,,,,,,,,,,,,,,,,,,,,,,,,,,,,
18603000,-829,1604,-510,-326,1860,460,10244,-1772,211,73,0,1600,-760,672,14978,773,-356,287,14978,1512000,1490000,1717000,1731000,-1126,-672,-871,-519,,,,,,,,,,,,,,,,,,,,,,,,,,,,,,,,,,,,,,,,,,,,,,,,,,,,,,,,,,,,,,,,,,,,,,,,,,,,,,,,,,,,
18650000,862,1175,61,702,841,4977,14516,-2443,12,-256,0,1000,-4120,673,15022,755,-410,291,15022,1540000,1450000,1731000,1727000,-1128,-707,-852,-534,,,,,,,,,,,,,,,,,,,,,,,,,,,,,,,,,,,,,,,,,,,,,,,,,,,,,,,,,,,,,,,,,,,,,,,,,,,,,,,,,,,,
18703000,922,1629,-154,-125,1323,-15103,32766,-1955,-3,-671,0,880,-9320,672,14978,748,-328,287,14978,1469000,1528000,1713000,1737000,-1057,-936,-791,-700,,,,,,,,,,,,,,,,,,,,,,,,,,,,,,,,,,,,,,,,,,,,,,,,,,,,,,,,,,,,,,,,,,,,,,,,,,,,,,,,,,,,
18750000,1134,2613,493,322,213,-9365,53457,-2382,-22,-676,0,880,-10360,673,15022,746,-393,291,15022,1507000,1486000,1772000,1683000,-1249,-761,-932,-567,,,,,,,,,,,,,,,,,,,,,,,,,,,,,,,,,,,,,,,,,,,,,,,,,,,,,,,,,,,,,,,,,,,,,,,,,,,,,,,,,,,,
18803000,76,4417,11,405,1126,-3567,49855,302,132,-543,2,1600,-10640,672,14978,737,-364,287,14978,1548000,1483000,1743000,1682000,-1186,-982,-874,-724,,,,,,,,,,,,,,,,,,,,,,,,,,,,,,,,,,,,,,,,,,,,,,,,,,,,,,,,,,,,,,,,,,,,,,,,,,,,,,,,,,,,
18850000,807,4743,337,-267,1474,11874,37587,-795,86,-476,0,1800,-10200,673,15022,722,-322,291,15022,1572000,1435000,1712000,1730000,-889,-1028,-641,-742,,,,,,,,,,,,,,,,,,,,,,,,,,,,,,,,,,,,,,,,,,,,,,,,,,,,,,,,,,,,,,,,,,,,,,,,,,,,,,,,,,,,
18903000,1434,4024,-32,-88,860,-1858,35573,-368,105,-570,-2,2639,-10559,671,14933,719,-335,284,14933,1492000,1528000,1708000,1730000,-735,-1175,-528,-845,,,,,,,,,,,,,,,,,,,,,,,,,,,,,,,,,,,,,,,,,,,,,,,,,,,,,,,,,,,,,,,,,,,,,,,,,,,,,,,,,,,,
18950000,996,3917,-459,-396,1695,-12783,37465,-734,216,-583,-2,3480,-10600,672,14978,702,-161,287,14978,1448000,1560000,1748000,1691000,-645,-1005,-453,-705,,,,,,,,,,,,,,,,,,,,,,,,,,,,,,,,,,,,,,,,,,,,,,,,,,,,,,,,,,,,,,,,,,,,,,,,,,,,,,,,,,,,
19003000,788,3262,267,-164,589,15780,38564,1889,231,-601,0,3440,-10160,673,15022,716,-174,291,15022,1581000,1468000,1725000,1687000,-211,-984,-151,-704,,,,,,,,,,,,,,,,,,,,,,,,,,,,,,,,,,,,,,,,,,,,,,,,,,,,,,,,,,,,,,,,,,,,,,,,,,,,,,,,,,,,
19050000,1233,4075,-87,178,651,13827,27395,302,49,-300,-2,1800,-7520,672,14978,697,-90,287,14978,1564000,1460000,1742000,1685000,-77,-1302,-54,-907,,,,,,,,,,,,,,,,,,,,,,,,,,,,,,,,,,,,,,,,,,,,,,,,,,,,,,,,,,,,,,,,,,,,,,,,,,,,,,,,,,,,
19103000,1353,4567,-515,-322,1829,-1126,16225,1279,4,-159,0,1400,-6400,673,15022,689,-31,291,15022,1493000,1552000,1739000,1679000,496,-1156,342,-797,,,,,,,,,,,,,,,,,,,,,,,,,,,,,,,,,,,,,,,,,,,,,,,,,,,,,,,,,,,,,,,,,,,,,,,,,,,,,,,,,,,,
19150000,1149,2997,-216,479,1140,-4483,12441,-4396,140,-70,0,2760,-3800,672,14978,661,-134,287,14978,1485000,1474000,1770000,1707000,753,-1060,498,-701,,,,,,,,,,,,,,,,,,,,,,,,,,,,,,,,,,,,,,,,,,,,,,,,,,,,,,,,,,,,,,,,,,,,,,,,,,,,,,,,,,,,
19203000,195,3401,-295,21,404,18649,-12583,58,227,293,0,2799,-40,672,14978,650,-260,287,14978,1562000,1460000,1752000,1676000,1125,-1095,731,-712,,,,,,,,,,,,,,,,,,,,,,,,,,,,,,,,,,,,,,,,,,,,,,,,,,,,,,,,,,,,,,,,,,,,,,,,,,,,,,,,,,,,
19250000,1496,1223,487,245,297,22311,-29550,729,197,253,0,3760,1679,702,16345,616,-389,408,16345,1572000,15060019303000,2586,-386,-297,338,1694,14559,-37485,485,144,500,0,4240,6120,720,17194,601,-346,480,17194,1595000,1530000,1746000,1748000,1520,-1192,913,-716,,,,,,,,,,,,,,,,,,,,,,,,,,,,,,,,,,,,,,,,,,,,,,,,,,,,,,,,,,,,,,,
19350000,3038,-2773,122,61,817,22799,-39560,-1528,199,773,0,5320,11640,731,17723,575,-339,524,17723,1608000,1535000,1807000,1742000,1520,-1192,874,-685,,,,,,,,,,,,,,,,,,,,,,,,,,,,,,,,,,,,,,,,,,,,,,,,,,,,,,,,,,,,,,,,,,,,,,,,,,,,,,,,,,,,
19403000,3383,-4539,-30,-250,1065,19808,-63608,-1833,458,856,0,8640,14359,724,17386,564,-276,495,17386,1548000,1576000,1740000,1800000,1520,-1192,857,-672,,,,,,,,,,,,,,,,,,,,,,,,,,,,,,,,,,,,,,,,,,,,,,,,,,,,,,,,,,,,,,,,,,,,,,,,,,,,,,,,,,,,
19450000,4260,-6545,-102,202,782,36349,-73374,241,500,758,0,10000,15240,730,17675,561,-301,520,17675,1623000,1546000,1734000,1798000,606,-920,340,-516,,,,,,,,,,,,,,,,,,,,,,,,,,,,,,,,,,,,,,,,,,,,,,,,,,,,,,,,,,,,,,,,,,,,,,,,,,,,,,,,,,,,
19503000,5185,-8156,-179,23,1082,32321,-63669,-1833,420,436,0,10000,13160,721,17242,494,-305,484,17242,1570000,1553000,1735000,1805000,183,-472,90,-233,,,,,,,,,,,,,,,,,,,,,,,,,,,,,,,,,,,,,,,,,,,,,,,,,,,,,,,,,,,,,,,,,,,,,,,,,,,,,,,,,,,,
19550000,5396,-9030,-12,164,1114,25729,-45969,-2016,363,164,0,9560,10920,721,17242,512,-278,484,17242,1597000,1513000,1738000,1800000,838,-727,429,-372,,,,,,,,,,,,,,,,,,,,,,,,,,,,,,,,,,,,,,,,,,,,,,,,,,,,,,,,,,,,,,,,,,,,,,,,,,,,,,,,,,,,
19603000,6516,-9565,-261,220,1017,19992,-27841,-1528,230,-140,0,9160,7960,712,16814,510,-182,448,16814,1581000,1516000,1741000,1777000,838,-727,427,-370,,,,,,,,,,,,,,,,,,,,,,,,,,,,,,,,,,,,,,,,,,,,,,,,,,,,,,,,,,,,,,,,,,,,,,,,,,,,,,,,,,,,
19650000,6298,-8632,426,307,1588,19686,-620,-673,85,-257,0,7280,5679,711,16767,479,-132,444,16767,1613000,1487000,1751000,1757000,838,-727,401,-348,,,,,,,,,,,,,,,,,,,,,,,,,,,,,,,,,,,,,,,,,,,,,,,,,,,,,,,,,,,,,,,,,,,,,,,,,,,,,,,,,,,,
19703000,5787,-6470,63,391,1093,582,16225,-1406,25,-156,2,6080,4679,708,16626,461,-143,432,16626,1583000,1510000,1771000,1742000,838,-727,386,-335,,,,,,,,,,,,,,,,,,,,,,,,,,,,,,,,,,,,,,,,,,,,,,,,,,,,,,,,,,,,,,,,,,,,,,,,,,,,,,,,,,,,
19750000,5147,-5806,218,-232,665,12545,-1901,-490,-138,-108,2,3559,4559,701,16298,505,-13,403,16298,1635000,1458000,1717000,1783000,838,-727,423,-367,,,,,,,,,,,,,,,,,,,,,,,,,,,,,,,,,,,,,,,,,,,,,,,,,,,,,,,,,,,,,,,,,,,,,,,,,,,,,,,,,,,,
19803000,5143,-5770,515,567,517,-5459,10427,1645,-291,6,0,1800,5839,701,16298,528,56,403,16298,1607000,1504000,1730000,1736000,838,-727,442,-383,,,,,,,,,,,,,,,,,,,,,,,,,,,,,,,,,,,,,,,,,,,,,,,,,,,,,,,,,,,,,,,,,,,,,,,,,,,,,,,,,,,,
19850000,2540,-3478,-373,-443,1236,-34085,2736,-63,-308,450,-2,-999,8639,700,16252,534,134,399,16252,1518000,1569000,1754000,1730,,,,,,,,,,,,,,,,,,,,,,,,,,,,,,,,,,,,,,,,,,,,,,,,,,,,,,,,,,,,,,,,,,,,,,,,,,,,,,,,,,,,,,,,
19903000,1361,-2986,-414,-640,1630,-26272,-28818,1340,-534,817,0,-4759,12360,701,16298,537,110,403,16298,1605000,1503000,1728000,1741000,2111,1033,1133,555,,,,,,,,,,,,,,,,,,,,,,,,,,,,,,,,,,,,,,,,,,,,,,,,,,,,,,,,,,,,,,,,,,,,,,,,,,,,,,,,,,,,
19950000,-10,-3061,118,547,675,-40615,-41269,-2,-1130,1073,0,-12960,15360,699,16206,499,18,396,16206,1606000,1479000,1759000,1721000,2111,1033,1053,515,,,,,,,,,,,,,,,,,,,,,,,,,,,,,,,,,,,,,,,,,,,,,,,,,,,,,,,,,,,,,,,,,,,,,,,,,,,,,,,,,,,,
20003000,-2385,-4338,-17,29,855,-83889,-66477,-1101,-961,1097,0,-13400,16919,672,14978,499,-1,287,14978,1463000,1544000,1695000,1747000,2111,1033,1053,515,,,,,,,,,,,,,,,,,,,,,,,,,,,,,,,,,,,,,,,,,,,,,,,,,,,,,,,,,,,,,,,,,,,,,,,,,,,,,,,,,,,,
20050000,-4729,-7284,277,441,1192,-61123,-83200,119,-599,1113,0,-11599,20039,672,14978,528,13,287,14978,1543000,1484000,1662000,1765000,-81,-119,-43,-62,,,,,,,,,,,,,,,,,,,,,,,,,,,,,,,,,,,,,,,,,,,,,,,,,,,,,,,,,,,,,,,,,,,,,,,,,,,,,,,,,,,,
20103000,-6430,-9052,-572,122,1364,-46414,-77036,-1101,-384,958,2,-10839,20039,672,14978,500,25,287,14978,1527000,1484000,1700000,1740000,-81,-119,-40,-59,,,,,,,,,,,,,,,,,,,,,,,,,,,,,,,,,,,,,,,,,,,,,,,,,,,,,,,,,,,,,,,,,,,,,,,,,,,,,,,,,,,,
20150000,-7547,-11553,-448,50,1509,-36465,-65805,-2382,-137,405,0,-9119,16199,672,14978,539,121,287,14978,1485000,1501000,1670000,1778000,-81,-119,-44,-64,,,,,,,,,,,,,,,,,,,,,,,,,,,,,,,,,,,,,,,,,,,,,,,,,,,,,,,,,,,,,,,,,,,,,,,,,,,,,,,,,,,,
20203000,-7380,-12616,132,8,1797,-11807,-43466,-1955,-5,-169,-2,-7439,10679,671,14933,525,84,284,14933,1527000,1464000,1655000,1790000,-81,-119,-42,-62,,,,,,,,,,,,,,,,,,,,,,,,,,,,,,,,,,,,,,,,,,,,,,,,,,,,,,,,,,,,,,,,,,,,,,,,,,,,,,,,,,,,
20250000,-6350,-12101,-284,-9,1379,-11074,417,-979,236,-609,-4,-3639,5119,670,14889,560,74,280,14889,1501000,15020020303000,-4678,-9880,-20,30,705,5831,28920,-429,509,-844,0,1159,199,670,14889,548,7,280,14889,1503000,1515000,1673000,1757000,-81,-119,-44,-65,,,,,,,,,,,,,,,,,,,,,,,,,,,,,,,,,,,,,,,,,,,,,,,,,,,,,,,,,,,,,,,
20350000,-3718,-6319,133,-192,1077,27621,53029,4086,516,-537,2,2200,160,672,14978,564,61,287,14978,1561000,1525000,1709000,1671000,-81,-119,-46,-67,,,,,,,,,,,,,,,,,,,,,,,,,,,,,,,,,,,,,,,,,,,,,,,,,,,,,,,,,,,,,,,,,,,,,,,,,,,,,,,,,,,,
20403000,-996,-2678,-250,-381,1168,37936,39052,4941,334,-251,0,2840,-200,671,14933,555,15,284,14933,1581000,1517000,1668000,1702000,-81,-119,-45,-66,,,,,,,,,,,,,,,,,,,,,,,,,,,,,,,,,,,,,,,,,,,,,,,,,,,,,,,,,,,,,,,,,,,,,,,,,,,,,,,,,,,,
20450000,155,-1021,-427,-248,1450,21701,31728,2194,468,-193,0,5520,-1200,670,14889,540,73,280,14889,1531000,1528000,1678000,1720000,-81,-119,-44,-64,,,,,,,,,,,,,,,,,,,,,,,,,,,,,,,,,,,,,,,,,,,,,,,,,,,,,,,,,,,,,,,,,,,,,,,,,,,,,,,,,,,,
20503000,-360,-794,431,298,-170,28414,41860,2561,541,-201,0,5840,-1520,671,14933,525,-47,284,14933,1529000,1536000,1708000,1684000,-81,-119,-42,-62,,,,,,,,,,,,,,,,,,,,,,,,,,,,,,,,,,,,,,,,,,,,,,,,,,,,,,,,,,,,,,,,,,,,,,,,,,,,,,,,,,,,
20550000,1384,481,609,-14,372,36471,42287,-1711,556,-153,-2,7760,-2240,671,14933,542,-83,284,14933,1510000,1495000,1735000,1706000,-81,-119,-44,-64,,,,,,,,,,,,,,,,,,,,,,,,,,,,,,,,,,,,,,,,,,,,,,,,,,,,,,,,,,,,,,,,,,,,,,,,,,,,,,,,,,,,
20603000,2662,1724,-264,359,1486,36105,17873,4697,448,-107,2,7799,-2960,705,16485,554,-55,419,16485,1596000,1581000,1678000,1751000,-81,-119,-45,-66,,,,,,,,,,,,,,,,,,,,,,,,,,,,,,,,,,,,,,,,,,,,,,,,,,,,,,,,,,,,,,,,,,,,,,,,,,,,,,,,,,,,
20650000,4029,783,58,282,933,18893,21901,1462,-9,-186,2,3919,-2920,704,16438,539,-19,415,16438,1601000,1529000,1724000,1739000,-81,-119,-44,-64,,,,,,,,,,,,,,,,,,,,,,,,,,,,,,,,,,,,,,,,,,,,,,,,,,,,,,,,,,,,,,,,,,,,,,,,,,,,,,,,,,,,
20703000,4192,170,-382,172,1630,14682,26235,302,-149,-201,0,2480,-2480,706,16532,538,-17,423,16532,1607000,1504000,1742000,1738000,-81,-119,-44,-64,,,,,,,,,,,,,,,,,,,,,,,,,,,,,,,,,,,,,,,,,,,,,,,,,,,,,,,,,,,,,,,,,,,,,,,,,,,,,,,,,,,,
20750000,3429,504,233,30,347,-14859,36062,-979,-135,-179,0,1879,-2560,706,16532,507,-12,423,16532,1531000,1568000,1769000,172620803000,1760,773,-57,-15,1574,3207,11953,729,10,-152,2,1879,-2520,706,16532,518,39,423,16532,1584000,1540000,1711000,1781,-119,-42,-61,,,,,,,,,,,,,,,,,,,,,,,,,,,,,,,,,,,,,,,,,,,,,,,,,,,,,,,,,,,,,,
20850000,1643,766,-381,-293,975,4916,20437,-3664,-160,-107,2,-199,-2000,671,14933,495,72,284,14933,1535000,1436000,1738000,1725000,-81,-119,-40,-58,,,,,,,,,,,,,,,,,,,,,,,,,,,,,,,,,,,,,,,,,,,,,,,,,,,,,,,,,,,,,,,,,,,,,,,,,,,,,,,,,,,,
20903000,2186,-61,-276,-24,1061,-7473,14516,-3847,-484,-92,-2,-3359,-1000,658,14360,488,-23,231,14360,1545000,1410000,1749000,1715000,-1190,802,-581,391,,,,,,,,,,,,,,,,,,,,,,,,,,,,,,,,,,,,,,,,,,,,,,,,,,,,,,,,,,,,,,,,,,,,,,,,,,,,,,,,,,,,
20950000,1705,-137,-283,-221,820,-23587,11342,-1528,-515,-57,-4,-4200,-520,657,14317,515,18,228,14317,1511000,1453000,1711000,1712000,-1190,802,-613,413,,,,,,,,,,,,,,,,,,,,,,,,,,,,,,,,,,,,,,,,,,,,,,,,,,,,,,,,,,,,,,,,,,,,,,,,,,,,,,,,,,,,
21003000,-422,-1219,199,-191,597,-29507,17995,-5678,-326,-106,0,-4159,0,672,14978,517,-5,287,14978,1449000,1490000,1766000,1724000,-1190,802,-615,414,,,,,,,,,,,,,,,,,,,,,,,,,,,,,,,,,,,,,,,,,,,,,,,,,,,,,,,,,,,,,,,,,,,,,,,,,,,,,,,,,,,,
21050000,-1504,-458,139,84,1240,-24624,6765,-4396,-39,-46,0,-1959,-80,671,14933,501,-53,284,14933,1456000,1501000,1749000,1730000,-1190,802,-596,401,,,,,,,,,,,,,,,,,,,,,,,,,,,,,,,,,,,,,,,,,,,,,,,,,,,,,,,,,,,,,,,,,,,,,,,,,,,,,,,,,,,,
21103000,-3239,-1030,59,-8,889,6503,13295,-6472,310,-96,0,320,-80,671,14933,488,-27,284,14933,1490000,1427000,1764000,1737000,-1190,802,-581,391,,,,,,,,,,,,,,,,,,,,,,,,,,,,,,,,,,,,,,,,,,,,,,,,,,,,,,,,,,,,,,,,,,,,,,,,,,,,,,,,,,,,
21150000,-1939,-559,253,388,152,14132,14943,-3847,301,-45,0,1519,39,671,14933,463,-28,284,14933,1491000,1466000,1761000,1713000,-1662,900,-769,417,,,,,,,,,,,,,,,,,,,,,,,,,,,,,,,,,,,,,,,,,,,,,,,,,,,,,,,,,,,,,,,,,,,,,,,,,,,,,,,,,,,,
21203000,713,-489,116,656,419,17916,9755,-1589,73,68,0,1560,1280,672,14978,512,37,287,14978,1535000,1453000,1745000,1711000,-1242,1490,-636,763,,,,,,,,,,,,,,,,,,,,,,,,,,,,,,,,,,,,,,,,,,,,,,,,,,,,,,,,,,,,,,,,,,,,,,,,,,,,,,,,,,,,
21250000,1248,-722,286,-409,601,2902,7924,-6166,69,83,-2,2040,1679,671,14933,510,2,284,14933,1432000,147900000,1733000,-1242,1490,-633,760,,,,,,,,,,,,,,,,,,,,,,,,,,,,,,,,,,,,,,,,,,,,,,,,,,,,,,,,,,,,,,,,,,,,,,,,,,,,,,,,,,,,,
21303000,2030,-1672,329,-280,901,7968,-1108,-3115,-51,32,-2,1440,2040,672,14978,504,89,287,14978,1525000,1427000,1743000,1731000,-1333,973,-671,490,,,,,,,,,,,,,,,,,,,,,,,,,,,,,,,,,,,,,,,,,,,,,,,,,,,,,,,,,,,,,,,,,,,,,,,,,,,,,,,,,,,,
21350000,1583,-1989,131,-205,1112,7113,-1657,-1040,-19,-65,0,1360,1239,682,15427,493,22,327,15427,1534000,1483000,1742000,1730000,-1349,1221,-665,602,,,,,,,,,,,,,,,,,,,,,,,,,,,,,,,,,,,,,,,,,,,,,,,,,,,,,,,,,,,,,,,,,,,,,,,,,,,,,,,,,,,,
21403000,1649,-1772,479,220,1598,5099,844,-7631,-178,-137,-2,-399,199,703,16392,484,12,412,16392,1542000,1417000,1783000,1794000,-1349,1221,-653,591,,,,,,,,,,,,,,,,,,,,,,,,,,,,,,,,,,,,,,,,,,,,,,,,,,,,,,,,,,,,,,,,,,,,,,,,,,,,,,,,,,,,
21450000,2470,-1648,-365,-38,1570,-23831,-3427,-63,-274,-91,0,-679,599,705,16485,486,26,419,16485,1536000,1544000,1744000,1759000,-1349,1221,-655,593,,,,,,,,,,,,,,,,,,,,,,,,,,,,,,,,,,,,,,,,,,,,,,,,,,,,,,,,,,,,,,,,,,,,,,,,,,,,,,,,,,,,
21503000,1778,-1185,-126,-191,646,-27005,-3854,-2810,-312,126,-2,-1799,2639,706,16532,485,-18,423,16532,1500000,1536000,1774000,1761000,-1394,1417,-676,687,,,,,,,,,,,,,,,,,,,,,,,,,,,,,,,,,,,,,,,,,,,,,,,,,,,,,,,,,,,,,,,,,,,,,,,,,,,,,,,,,,,,
21550000,945,-1443,466,302,838,-18521,-10080,-5190,-319,278,0,-2719,4640,707,16579,477,14,428,16579,1544000,1460000,1791000,1773000,-1394,1417,-665,676,,,,,,,,,,,,,,,,,,,,,,,,,,,,,,,,,,,,,,,,,,,,,,,,,,,,,,,,,,,,,,,,,,,,,,,,,,,,,,,,,,,,
21603000,-289,-1976,336,111,745,-15164,-30466,-6166,-295,431,-2,-3679,6919,705,16485,482,44,419,16485,1550000,1425000,1769000,18021650000,254,-3626,-307,301,1183,-23159,-45908,-734,-441,322,2,-4799,7319,707,16579,487,53,428,16579,1571000,1492000,1720000,1799000,-1394,1417,-678,690,,,,,,,,,,,,,,,,,,,,,,,,,,,,,,,,,,,,,,,,,,,,,,,,,,,,,,,,,,,,,
21703000,827,-6209,-536,-59,2124,-31094,-24729,-1101,-560,30,0,-5599,6559,706,16532,499,216,423,16532,1527000,1529000,1750000,1777000,-1394,1417,-695,707,,,,,,,,,,,,,,,,,,,,,,,,,,,,,,,,,,,,,,,,,,,,,,,,,,,,,,,,,,,,,,,,,,,,,,,,,,,,,,,,,,,,
21750000,246,-7360,443,253,465,-28286,-4404,-4580,-541,-185,2,-5959,5239,707,16579,480,202,428,16579,1540000,1465000,1783000,1782000,-819,1326,-393,636,,,,,,,,,,,,,,,,,,,,,,,,,,,,,,,,,,,,,,,,,,,,,,,,,,,,,,,,,,,,,,,,,,,,,,,,,,,,,,,,,,,,
21803000,-745,-6797,566,598,1447,-29263,-8066,-5556,-364,-436,0,-4920,1800,708,16626,486,268,432,16626,1514000,1472000,1742000,1830000,-1370,1083,-665,526,,,,,,,,,,,,,,,,,,,,,,,,,,,,,,,,,,,,,,,,,,,,,,,,,,,,,,,,,,,,,,,,,,,,,,,,,,,,,,,,,,,,
21850000,-2844,-6303,73,-318,1026,-13150,4018,-1711,-83,-515,0,-3800,399,708,16626,529,237,432,16626,1557000,1483000,1725000,1811000,-1199,1111,-634,588,,,,,,,,,,,,,,,,,,,,,,,,,,,,,,,,,,,,,,,,,,,,,,,,,,,,,,,,,,,,,,,,,,,,,,,,,,,,,,,,,,,,
21903000,-3021,-5172,-63,-366,1781,582,24282,-2504,89,-419,2,-1999,360,707,16579,519,286,428,16579,1558000,1472000,1771000,1776000,-1265,717,-656,372,,,,,,,,,,,,,,,,,,,,,,,,,,,,,,,,,,,,,,,,,,,,,,,,,,,,,,,,,,,,,,,,,,,,,,,,,,,,,,,,,,,,
21950000,-1631,-2036,-663,110,953,-8816,23244,-5190,41,-153,2,-1159,279,708,16626,543,349,432,16626,1473000,1521000,1812000,1764000,-1356,592,-736,321,,,,,,,,,,,,,,,,,,,,,,,,,,,,,,,,,,,,,,,,,,,,,,,,,,,,,,,,,,,,,,,,,,,,,,,,,,,,,,,,,,,,
22003000,-532,-2151,-283,377,810,-3628,9633,-551,4,-170,-2,-479,199,707,16579,555,239,428,16579,1542000,1513000,1755000,1776000,-1618,425,-898,236,,,,,,,,,,,,,,,,,,,,,,,,,,,,,,,,,,,,,,,,,,,,,,,,,,,,,,,,,,,,,,,,,,,,,,,,,,,,,,,,,,,,
22050000,-497,-1698,415,-182,1199,2352,16958,-3908,1,-127,0,-479,239,708,16626,564,270,432,16626,1551000,1450000,1776000,1790000,-1325,328,-747,185,,,,,,,,,,,,,,,,,,,,,,,,,,,,,,,,,,,,,,,,,,,,,,,,,,,,,,,,,,,,,,,,,,,,,,,,,,,,,,,,,,,,
22103000,-769,-85,-19,-323,1023,277,20620,-2016,28,9,0,-439,199,707,16579,582,274,428,16579,1540000,1491000,1784000,1764000,-869,606,-505,353,,,,,,,,,,,,,,,,,,,,,,,,,,,,,,,,,,,,,,,,,,,,,,,,,,,,,,,,,,,,,,,,,,,,,,,,,,,,,,,,,,,,
22150000,-418,208,5,288,892,-3689,16530,-4763,29,28,0,-79,119,707,16579,580,223,428,16579,1482000,1506000,1803000,1774000,-869,606,-504,351,,,,,,,,,,,,,,,,,,,,,,,,,,,,,,,,,,,,,,,,,,,,,,,,,,,,,,,,,,,,,,,,,,,,,,,,,,,,,,,,,,,,
22203000,-348,1318,166,791,-220,10287,14699,-2199,135,122,0,1200,79,680,15337,603,182,320,15337,1554000,1462000,1798000,1751000,-1105,-382,-666,-230,,,,,,,,,,,,,,,,,,,,,,,,,,,,,,,,,,,,,,,,,,,,,,,,,,,,,,,,,,,,,,,,,,,,,,,,,,,,,,,,,,,,
22250000,-303,1566,-223,74,827,9921,1760,-612,166,147,0,1600,119,670,14889,636,273,280,14889,1500000,1457000,1734000,1742000,-1273,-256,-810,-162,,,,,,,,,,,,,,,,,,,,,,,,,,,,,,,,,,,,,,,,,,,,,,,,,,,,,,,,,,,,,,,,,,,,,,,,,,,,,,,,,,,,
22303000,-223,2006,-295,-415,1556,11569,-4404,-795,232,182,2,2439,79,671,14933,651,353,284,14933,1470000,1486000,1730000,1746000,-1305,-258,-850,-168,,,,,,,,,,,,,,,,,,,,,,,,,,,,,,,,,,,,,,,,,,,,,,,,,,,,,,,,,,,,,,,,,,,,,,,,,,,,,,,,,,,,
22350000,233,615,356,417,649,17062,2553,852,422,60,2,5080,79,671,14933,660,326,284,14933,1481000,1500000,1719000,1741000,-995,-448,-656,-295,,,,,,,,,,,,,,,,,,,,,,,,,,,,,,,,,,,,,,,,,,,,,,,,,,,,,,,,,,,,,,,,,,,,,,,,,,,,,,,,,,,,
22403000,228,38,-77,569,1011,17062,8352,58,601,10,-2,7120,79,671,14933,675,355,284,14933,1469000,1498000,1749000,1723000,-1016,-727,-685,-491,,,,,,,,,,,,,,,,,,,,,,,,,,,,,,,,,,,,,,,,,,,,,,,,,,,,,,,,,,,,,,,,,,,,,,,,,,,,,,,,,,,,
22450000,486,153,412,-364,934,44345,-1230,-1833,687,20,-2,8360,79,672,14978,719,335,287,14978,1532000,1397000,1722000,1769000,-924,-698,-664,-501,,,,,,,,,,,,,,,,,,,,,,,,,,,,,,,,,,,,,,,,,,,,,,,,,,,,,,,,,,,,,,,,,,,,,,,,,,,,,,,,,,,,
22503000,1299,504,267,11,997,53012,-1657,1645,675,51,2,9040,79,671,14933,727,367,284,14933,1554000,1432000,1720000,1731000,-954,-830,-693,-603,,,,,,,,,,,,,,,,,,,,,,,,,,,,,,,,,,,,,,,,,,,,,,,,,,,,,,,,,,,,,,,,,,,,,,,,,,,,,,,,,,,,
22550000,3514,-314,-248,-122,1142,43429,-9714,58,524,-20,-2,9520,79,671,14933,759,375,284,14933,1522000,1441000,1708000,1761000,-851,-1059,-646,-804,,,,,,,,,,,,,,,,,,,,,,,,,,,,,,,,,,,,,,,,,,,,,,,,,,,,,,,,,,,,,,,,,,,,,,,,,,,,,,,,,,,,
22603000,5105,-1310,-124,-72,747,29391,1577,-551,381,-82,0,9480,360,671,14933,764,342,284,14933,1494000,1464000,1735000,1740000,-688,-862,-526,-658,,,,,,,,,,,,,,,,,,,,,,,,,,,,,,,,,,,,,,,,,,,,,,,,,,,,,,,,,,,,,,,,,,,,,,,,,,,,,,,,,,,,
22650000,5132,-2236,-409,-30,1169,23532,6704,3354,389,-153,2,9600,479,671,14933,793,273,284,14933,1520000,1501000,1721000,1710000,-571,-606,-452,-480,,,,,,,,,,,,,,,,,,,,,,,,,,,,,,,,,,,,,,,,,,,,,,,,,,,,,,,,,,,,,,,,,,,,,,,,,,,,,,,,,,,,
22703000,5580,-2018,-136,-381,774,23593,6032,4331,308,-127,0,9119,559,670,14889,818,212,280,14889,1532000,1500000,1695000,1724000,-747,-591,-611,-484,,,,,,,,,,,,,,,,,,,,,,,,,,,,,,,,,,,,,,,,,,,,,,,,,,,,,,,,,,,,,,,,,,,,,,,,,,,,,,,,,,,,
22750000,6245,-2226,-120,-100,1217,18588,14821,1889,121,-187,0,7639,79,670,14889,825,206,280,14889,1523000,1474000,1742000,1702000,-728,-644,-601,-531,,,,,,,,,,,,,,,,,,,,,,,,,,,,,,,,,,,,,,,,,,,,,,,,,,,,,,,,,,,,,,,,,,,,,,,,,,,,,,,,,,,,
22803000,5507,-2269,-62,-265,673,1864,7436,6711,49,-187,2,6080,119,670,14889,838,207,280,14889,1529000,1542000,1685000,1704000,-9,-640,-527,-536,,,,,,,,,,,,,,,,,,,,,,,,,,,,,,,,,,,,,,,,,,,,,,,,,,,,,,,,,,,,,,,,,,,,,,,,,,,,,,,,,,,,
22850000,4843,-1961,-194,307,1148,-1614,13173,5063,48,-160,0,5399,119,671,14933,824,168,284,14933,1538000,1511000,1699000,1710000,-310,-251,-255,-207,,,,,,,,,,,,,,,,,,,,,,,,,,,,,,,,,,,,,,,,,,,,,,,,,,,,,,,,,,,,,,,,,,,,,,,,,,,,,,,,,,,,
22903000,3475,-1275,-338,-261,1763,-576,11770,5979,167,-107,0,5399,39,671,14933,830,144,284,14933,1530000,1535000,1706000,1692000,-406,-208,-337,-172,,,,,,,,,,,,,,,,,,,,,,,,,,,,,,,,,,,,,,,,,,,,,,,,,,,,,,,,,,,,,,,,,,,,,,,,,,,,,,,,,,,,
22950000,3804,-2207,-225,338,1406,4183,19826,-551,254,-185,0,6720,79,671,14933,860,128,284,14933,1494000,1476000,1771000,1695000,-414,12,-356,11,,,,,,,,,,,,,,,,,,,,,,,,,,,,,,,,,,,,,,,,,,,,,,,,,,,,,,,,,,,,,,,,,,,,,,,,,,,,,,,,,,,,
23003000,2386,-2217,45,-1,389,13339,7680,3781,591,-183,2,9160,119,670,14889,871,116,280,14889,1491000,1546000,1706000,1712000,-362,50,-315,44,,,,,,,,,,,,,,,,,,,,,,,,,,,,,,,,,,,,,,,,,,,,,,,,,,,,,,,,,,,,,,,,,,,,,,,,,,,,,,,,,,,,
23050000,1609,-1974,229,100,557,25241,8535,1584,767,-130,0,10400,479,671,14933,899,136,284,14933,1511000,1493000,1713000,1727000,-245,84,-220,75,,,,,,,,,,,,,,,,,,,,,,,,,,,,,,,,,,,,,,,,,,,,,,,,,,,,,,,,,,,,,,,,,,,,,,,,,,,,,,,,,,,,
23103000,1807,-1422,-275,-130,824,49472,-2634,4208,781,-82,0,10760,479,671,14933,901,170,284,14933,1559000,1485000,1694000,1718000,-260,104,-234,94,,,,,,,,,,,,,,,,,,,,,,,,,,,,,,,,,,,,,,,,,,,,,,,,,,,,,,,,,,,,,,,,,,,,,,,,,,,,,,,,,,,,
23150000,2956,-1871,-5,272,1049,45748,2614,-856,684,-114,0,10800,559,672,14978,920,201,287,14978,1526000,1445000,1734000,1734000,-36,-54,-33,-49,,,,,,,,,,,,,,,,,,,,,,,,,,,,,,,,,,,,,,,,,,,,,,,,,,,,,,,,,,,,,,,,,,,,,,,,,,,,,,,,,,,,
23203000,3030,-1984,-428,-237,1700,30490,2614,1706,674,-89,2,10760,959,670,14889,920,310,280,14889,1489000,1521000,1717000,1717000,147,211,135,194,,,,,,,,,,,,,,,,,,,,,,,,,,,,,,,,,,,,,,,,,,,,,,,,,,,,,,,,,,,,,,,,,,,,,,,,,,,,,,,,,,,,
23250000,3891,-1521,-389,110,1283,32626,2126,-979,533,-52,0,10000,920,671,14933,936,277,284,14933,1518000,1452000,1746000,1719000,228,482,213,451,,,,,,,,,,,,,,,,,,,,,,,,,,,,,,,,,,,,,,,,,,,,,,,,,,,,,,,,,,,,,,,,,,,,,,,,,,,,,,,,,,,,
23303000,3379,-1595,90,-425,340,30917,-11118,1706,406,-51,-2,8040,999,670,14889,953,185,280,14889,1520000,1489000,1674000,1759000,178,692,170,659,,,,,,,,,,,,,,,,,,,,,,,,,,,,,,,,,,,,,,,,,,,,,,,,,,,,,,,,,,,,,,,,,,,,,,,,,,,,,,,,,,,,
23350000,4004,-2241,-43,-387,793,9249,-11728,1645,177,-59,0,6040,1559,671,14933,949,198,284,14933,1479000,1533000,1702000,1734000,319,893,303,847,,,,,,,,,,,,,,,,,,,,,,,,,,,,,,,,,,,,,,,,,,,,,,,,,,,,,,,,,,,,,,,,,,,,,,,,,,,,,,,,,,,,
23403000,3689,-2889,358,211,888,4733,-9592,1035,-356,-116,-2,-399,1559,671,14933,949,187,284,14933,1576000,1415000,1687000,1756000,338,1211,320,1149,,,,,,,,,,,,,,,,,,,,,,,,,,,,,,,,,,,,,,,,,,,,,,,,,,,,,,,,,,,,,,,,,,,,,,,,,,,,,,,,,,,,
23449000,3129,-2643,-97,-362,1013,-26394,-7639,2133,-440,-50,0,-1999,1640,670,14889,930,43,280,14889,1466000,1521000,1712000,1738000,443,1357,412,1262,,,,,,,,,,,,,,,,,,,,,,,,,,,,,,,,,,,,,,,,,,,,,,,,,,,,,,,,,,,,,,,,,,,,,,,,,,,,,,,,,,,,
23503000,2111,-1835,-9,291,599,-33108,1088,-551,-480,-17,0,-3399,1640,671,14933,911,-69,284,14933,1526000,1452000,1735000,1725000,571,1734,520,1579,,,,,,,,,,,,,,,,,,,,,,,,,,,,,,,,,,,,,,,,,,,,,,,,,,,,,,,,,,,,,,,,,,,,,,,,,,,,,,,,,,,,
23550000,256,-2601,137,-104,1416,-35488,-7211,363,-357,-83,-2,-3839,1640,671,14933,884,-205,284,14933,1478000,1514000,1706000,1745000,338,1980,299,1751,,,,,,,,,,,,,,,,,,,,,,,,,,,,,,,,,,,,,,,,,,,,,,,,,,,,,,,,,,,,,,,,,,,,,,,,,,,,,,,,,,,,
23603000,-1045,-2950,221,112,607,-35305,-1474,-1345,-481,49,0,-6559,3520,671,14933,892,-237,284,14933,1509000,1457000,1745000,1720000,622,1828,555,1631,,,,,,,,,,,,,,,,,,,,,,,,,,,,,,,,,,,,,,,,,,,,,,,,,,,,,,,,,,,,,,,,,,,,,,,,,,,,,,,,,,,,
23650000,-1230,-3532,94,231,1265,-33657,-2451,485,-685,30,0,-9080,3880,672,14978,860,-290,287,14978,1538000,1460000,1724000,1725000,493,1665,424,1432,,,,,,,,,,,,,,,,,,,,,,,,,,,,,,,,,,,,,,,,,,,,,,,,,,,,,,,,,,,,,,,,,,,,,,,,,,,,,,,,,,,,
23703000,-2413,-3062,-277,-4,781,-57461,-14902,-368,-895,106,2,-12679,4279,671,14933,815,-377,284,14933,1483000,1505000,1710000,174423750000,-4770,-3091,199,99,997,-67471,-18625,-734,-829,79,2,-14280,3999,670,14889,780,-330,280,14889,1469000,1510000,1684000,1771000,493,1665,385,1299,,,,,,,,,,,,,,,,,,,,,,,,,,,,,,,,,,,,,,,,,,,,,,,,,,,,,,,,,,,,,
23803000,-6482,-3671,-31,-454,788,-59048,-22531,1889,-799,21,4,-15639,3919,671,14933,792,-357,284,14933,1513000,1513000,1661000,1766000,8,1367,6,1082,,,,,,,,,,,,,,,,,,,,,,,,,,,,,,,,,,,,,,,,,,,,,,,,,,,,,,,,,,,,,,,,,,,,,,,,,,,,,,,,,,,,
23850000,-6751,-3600,-44,-125,510,-57705,-22226,546,-828,24,2,-16240,3880,671,14933,782,-349,284,14933,1496000,1507000,1685000,1758000,8,1367,6,1069,,,,,,,,,,,,,,,,,,,,,,,,,,,,,,,,,,,,,,,,,,,,,,,,,,,,,,,,,,,,,,,,,,,,,,,,,,,,,,,,,,,,
23903000,-6748,-4411,136,196,875,-55569,-17587,4025,-1023,-1,4,-18480,4400,671,14933,725,-332,284,14933,1554000,1500000,1660000,1743000,8,1367,5,991,,,,,,,,,,,,,,,,,,,,,,,,,,,,,,,,,,,,,,,,,,,,,,,,,,,,,,,,,,,,,,,,,,,,,,,,,,,,,,,,,,,,
23950000,-7852,-4379,468,9,95,-61672,-11606,1950,-969,-33,4,-18960,3999,672,14978,729,-336,287,14978,1511000,1519000,1679000,1748000,8,1367,5,996,,,,,,,,,,,,,,,,,,,,,,,,,,,,,,,,,,,,,,,,,,,,,,,,,,,,,,,,,,,,,,,,,,,,,,,,,,,,,,,,,,,,
24003000,-8765,-4923,-212,36,860,-68936,-15146,1157,-941,-80,6,-19560,3999,673,15022,713,-320,291,15022,1478000,1543000,1668000,1766000,399,1299,285,926,,,,,,,,,,,,,,,,,,,,,,,,,,,,,,,,,,,,,,,,,,,,,,,,,,,,,,,,,,,,,,,,,,,,,,,,,,,,,,,,,,,,
24050000,-9261,-3988,-116,-342,917,-44461,-12705,1950,-898,-33,4,-19560,3599,673,15022,703,-259,291,15022,1556000,1475000,1651000,1773000,928,1614,652,1134,,,,,,,,,,,,,,,,,,,,,,,,,,,,,,,,,,,,,,,,,,,,,,,,,,,,,,,,,,,,,,,,,,,,,,,,,,,,,,,,,,,,
24103000,-9114,-3506,47,149,1321,-44155,-12705,1035,-932,-47,10,-19800,2960,673,15022,695,-286,291,15022,1544000,1480000,1656000,1774000,568,1775,394,1233,,,,,,,,,,,,,,,,,,,,,,,,,,,,,,,,,,,,,,,,,,,,,,,,,,,,,,,,,,,,,,,,,,,,,,,,,,,,,,,,,,,,
24150000,-9222,-3682,261,191,1492,-47512,-11728,1218,-919,-101,8,-19760,2519,674,15067,696,-199,296,15067,1529000,150100,1669000,1763000,701,1455,488,1013,,,,,,,,,,,,,,,,,,,,,,,,,,,,,,,,,,,,,,,,,,,,,,,,,,,,,,,,,,,,,,,,,,,,,,,,,,,,,,,,,,,,
24203000,-10438,-4165,-258,-226,1122,-55569,12014,546,-778,-168,8,-19360,2239,674,15067,661,-260,296,15067,1473000,1547000,1721000,1720000,827,1174,547,776,,,,,,,,,,,,,,,,,,,,,,,,,,,,,,,,,,,,,,,,,,,,,,,,,,,,,,,,,,,,,,,,,,,,,,,,,,,,,,,,,,,,
24250000,-10000,-2391,-341,-157,882,-40676,19155,1645,-757,-23,8,-18679,2119,676,15157,641,-281,304,15157,1533000,1504000,1722000,1704000,581,1347,372,863,,,,,,,,,,,,,,,,,,,,,,,,,,,,,,,,,,,,,,,,,,,,,,,,,,,,,,,,,,,,,,,,,,,,,,,,,,,,,,,,,,,,
24303000,-9318,-2376,156,183,625,-29568,13540,-917,-789,-22,8,-18360,2119,675,15112,675,-230,300,15112,1536000,1465000,1713000,1742000,665,805,449,543,,,,,,,,,,,,,,,,,,,,,,,,,,,,,,,,,,,,,,,,,,,,,,,,,,,,,,,,,,,,,,,,,,,,,,,,,,,,,,,,,,,,
24350000,-9605,-3066,216,7,615,-31338,-192,2194,-662,-124,8,-17199,1640,674,15067,650,-236,296,15067,1528000,1521000,1662000,1756000,630,650,409,422,,,,,,,,,,,,,,,,,,,,,,,,,,,,,,,,,,,,,,,,,,,,,,,,,,,,,,,,,,,,,,,,,,,,,,,,,,,,,,,,,,,,
24403000,-9795,-3244,-200,-263,938,-31521,7619,3415,-513,-244,6,-15679,439,677,15202,620,-288,307,15202,1529000,24450000,-8572,-1495,-172,-556,1212,-10952,14455,3964,-103,-116,8,15246,601,-362,311,15246,1551000,1535000,1681000,1724000,757,-603,24503000,-6593,-720,38,269,991,20236,11770,974,212,-48,8,-4159,160,678,15246,584,-354,311,15246,1582000,1459000,1708000,1724550000,-4585,-1413,110,124,556,40133,-803,1828,504,-116,4,1200,79,679,15291,548,-409,316,15291,1561000,1499000,1677000,1750000,831,-1451,455,-795,,,,,,,,,,,,,,,,,
24603000,-2738,-3179,207,-23,455,49838,6032,4941,741,-127,2,5759,1719,678,15246,495,-563,311,15246,1560000,1542000,1661000,1728000,395,-1264,195,-625,,,,,,,,,,,,,,,,,,,,,,,,,,,,,,,,,,,,,,,,,,,,,,,,,,,,,,,,,,,,,,,,,,,,,,,,,,,,,,,,,,,,
24650000,161,-3223,-27,-248,976,59054,13479,5795,694,123,2,8120,4640,677,15202,467,-628,307,15202,1592000,1525000,1692000,1688000,485,-607,226,-283,,,,,,,,,,,,,,,,,,,,,,,,,,,,,,,,,,,,,,,,,,,,,,,,,,,,,,,,,,,,,,,,,,,,,,,,,,,,,,,,,,,,
24703000,3130,-1679,-360,-225,1126,66073,4262,4453,606,408,4,10080,6359,678,15246,424,-635,311,15246,1612000,1487000,1692000,1699000,805,-250,341,-106,,,,,,,,,,,,,,,,,,,,,,,,,,,,,,,,,,,,,,,,,,,,,,,,,,,,,,,,,,,,,,,,,,,,,,,,,,,,,,,,,,,,
24750000,4456,-1181,-55,-178,1013,54721,-20395,5185,693,521,2,12400,7159,677,15202,317,-691,307,15202,1568000,1546000,1652000,1726000,805,-250,255,-79,,,,,,,,,,,,,,,,,,,,,,,,,,,,,,,,,,,,,,,,,,,,,,,,,,,,,,,,,,,,,,,,,,,,,,,,,,,,,,,,,,,,
24803000,6014,-2814,46,104,1039,52706,-26865,3171,686,344,2,13880,6759,675,15112,367,-626,300,15112,1585000,1498000,1647000,1746000,805,-250,295,-91,,,,,,,,,,,,,,,,,,,,,,,,,,,,,,,,,,,,,,,,,,,,,,,,,,,,,,,,,,,,,,,,,,,,,,,,,,,,,,,,,,,,
24850000,6698,-3633,203,692,1130,54049,-5808,2072,661,210,4,14280,6039,673,15022,317,-764,291,15022,1586000,14780024903000,8338,-4358,179,-67,444,55758,-681,3110,525,143,0,14360,5999,674,15067,325,-705,296,15067,1603000,1473000,1684000,1707000,805,-250,261,-81,,,,,,,,,,,,,,,,,,,,,,,,,,,,,,,,,,,,,,,,,,,,,,,,,,,,,,,,,,,,,,,
24950000,8326,-3974,32,-484,1017,50570,-15329,3110,523,215,4,14320,6440,674,15067,265,-653,296,15067,1584000,1505000,1656000,1731000,805,-250,213,-66,,,,,,,,,,,,,,,,,,,,,,,,,,,,,,,,,,,,,,,,,,,,,,,,,,,,,,,,,,,,,,,,,,,,,,,,,,,,,,,,,,,,
25003000,8299,-4239,-391,-143,1723,32015,-14963,3232,546,258,4,14560,7200,673,15022,146,-823,291,15022,1565000,1526000,1660000,1722000,805,25050000,6897,-4232,-257,-140,1275,40316,-22226,4514,665,265,4,14520,7279,671,14933,128,-715,284,14933,1598000,1510000,1644000,172000,805,-250,103,-32,,,,,,,,,,,,,,,,,,,,,,,,,,,,,,,,,,,,,,,,,,,,,,,,,,,,,,,,,,,
25103000,6430,-5550,15,-266,1367,31283,-6418,2255,671,112,0,14119,6840,597,11821,123,-753,0,11821,1493000,1447000,1633000,1656000,805,-250,99,-30,,,,,,,,,,,,,,,,,,,,,,,,,,,,,,,,,,,,,,,,,,,,,,,,,,,,,,,,,,,,,,,,,,,,,,,,,,,,,,,,,,,,
25150000,6300,-4228,-176,54,1733,37997,1638,2805,584,220,-2,13000,6759,563,10513,81,-696,0,10513,1514000,1284000,1585000,1609000,805,-250,65,-20,,,,,,,,,,,,,,,,,,,,,,,,,,,,,,,,,,,,,,,,,,,,,,,,,,,,,,,,,,,,,,,,,,,,,,,,,,,,,,,,,,,,
25203000,5572,-4318,307,-126,-529,-135647,33986,-5068,389,-20,0,10039,4080,563,10513,75,-562,0,10513,1150000,1599000,1723000,1553000,805,-250,60,-18,,,,,,,,,,,,,,,,,,,,,,,,,,,,,,,,,,,,,,,,,,,,,,,,,,,,,,,,,,,,,,,,,,,,,,,,,,,,,,,,,,,,
25250000,2953,-1812,-943,1862,2177,125094,121328,-3908,346,155,2,6920,3599,563,10513,55,-658,0,10513,1607000,1150000,1809000,1399000,805,-250,44,-13,,,,,,,,,,,,,,,,,,,,,,,,,,,,,,,,,,,,,,,,,,,,,,,,,,,,,,,,,,,,,,,,,,,,,,,,,,,,,,,,,,,,
25303000,2541,-3631,-308,-44,1731,-35427,-40659,-5251,190,-170,0,4720,1679,562,10476,65,-603,0,10476,1150000,1507000,1409000,1813000,805,-250,52,-16,,,,,,,,,,,,,,,,,,,,,,,,,,,,,,,,,,,,,,,,,,,,,,,,,,,,,,,,,,,,,,,,,,,,,,,,,,,,,,,,,,,,
25350000,2436,-2365,-329,1127,681,44467,13784,180,77,-91,0,3320,1319,528,9246,89,-587,0,9246,1605000,1150000,1550000,1608000,805,-250,71,-22,,,,,,,,,,,,,,,,,,,,,,,,,,,,,,,,,,,,,,,,,,,,,,,,,,,,,,,,,,,,,,,,,,,,,,,,,,,,,,,,,,,,
25403000,3193,-1659,-72,-1347,1524,11752,23305,-6594,-23,-26,0,2920,1359,528,9246,57,-445,0,9246,1286000,1274000,1673000,1561000,25450000,6274,-1029,-115,475,510,27133,-33518,33933,-366,-34,0,2079,639,528,9246,32,-443,0,9246,1756000,1448000,1150000,14,25,-8,,,,,,,,,,,,,,,,,,,,,,,,,,,,,,,,,,,,,,,,,,,,,,,,,,,,,,,,,,,,,,
25503000,4900,-2826,162,833,1851,42391,-5014,20444,-291,-229,0,1560,199,528,9246,50,-361,0,9246,1714000,1258000,1395000,1437000,805,-250,40,-12,,,,,,,,,,,,,,,,,,,,,,,,,,,,,,,,,,,,,,,,,,,,,,,,,,,,,,,,,,,,,,,,,,,,,,,,,,,,,,,,,,,,
25550000,6368,-589,939,94,-554,-15286,-15146,-7448,-478,-20,0,880,360,490,7963,72,-500,0,7963,1275000,1155000,1483000,1677000,805,-250,57,-18,,,,,,,,,,,,,,,,,,,,,,,,,,,,,,,,,,,,,,,,,,,,,,,,,,,,,,,,,,,,,,,,,,,,,,,,,,,,,,,,,,,,
25603000,5320,463,64,-1558,804,1742,19826,-612,-394,50,2,800,119,456,6896,57,-569,0,6896,1383000,1150000,1601000,1402000,805,-250,45,-14,,,,,,,,,,,,,,,,,,,,,,,,,,,,,,,,,,,,,,,,,,,,,,,,,,,,,,,,,,,,,,,,,,,,,,,,,,,,,,,,,,,,
25650000,4194,1274,150,259,871,-698,-8371,16843,-299,121,0,759,119,387,4967,39,-510,-52,4967,1486000,1345000,1265000,1370000,805,-250,31,-9,,,,,,,,,,,,,,,,,,,,,,,,,,,,,,,,,,,,,,,,,,,,,,,,,,,,,,,,,,,,,,,,,,,,,,,,,,,,,,,,,,,,
25703000,3044,2076,-27,499,589,3817,1027,12875,-202,198,2,720,199,328,3568,80,-377,-287,3568,1455000,1214000,1354000,1283000,805,-250,64,-20,,,,,,,,,,,,,,,,,,,,,,,,,,,,,,,,,,,,,,,,,,,,,,,,,,,,,,,,,,,,,,,,,,,,,,,,,,,,,,,,,,,,
25750000,2785,1465,355,-449,1316,-21145,-9653,17270,-187,138,4,640,119,321,3417,69,-350,-315,3417,1189000,1456000,1150000,1270000,805,-250,55,-17,,,,,,,,,,,,,,,,,,,,,,,,,,,,,,,,,,,,,,,,,,,,,,,,,,,,,,,,,,,,,,,,,,,,,,,,,,,,,,,,,,,,
25803000,1552,1586,502,-250,-640,-7351,-34250,12448,-83,152,2,599,160,321,3417,76,-318,-315,3417,1291000,1297000,1150000,1435000,805,-250,61,-19,,,,,,,,,,,,,,,,,,,,,,,,,,,,,,,,,,,,,,,,,,,,,,,,,,,,,,,,,,,,,,,,,,,,,,,,,,,,,,,,,,,,
25850000,525,1266,23,-60,48,-9304,8840,4331,3,117,4,559,79,216,1547,53,-110,-736,1547,1150000,1172000,1340000,1266000,805,-250,42,-13,,,,,,,,,,,,,,,,,,,,,,,,,,,,,,,,,,,,,,,,,,,,,,,,,,,,,,,,,,,,,,,,,,,,,,,,,,,,,,,,,,,,
25903000,-2268,1200,-137,-25,1909,10592,10488,-4030,243,111,2,520,79,215,1533,59,-191,-740,1533,1150000,1150000,1443000,1249000,805,-250,47,-14,,,,,,,,,,,,,,,,,,,,,,,,,,,,,,,,,,,,,,,,,,,,,,,,,,,,,,,,,,,,,,,,,,,,,,,,,,,,,,,,,,,,
25950000,-6404,527,-177,-610,796,-13211,-5991,15317,600,53,-4,480,79,32,33,33,-319,-1472,33,1150000,1330000,1150000,1150000,805,-250,26,-8,,,,,,,,,,,,,,,,,,,,,,,,,,,,,,,,,,,,,,,,,,,,,,,,,,,,,,,,,,,,,,,,,,,,,,,,,,,,,,,,,,,,
26003000,-8894,1853,-122,-194,1139,8212,-1230,6894,814,165,2,440,39,0,0,57,-192,-1600,0,1150000,1150000,1164000,1150000,805,-250,45,-14,,,,,,,,,,,,,,,,,,,,,,,,,,,,,,,,,,,,,,,,,,,,,,,,,,,,,,,,,,,,,,,,,,,,,,,,,,,,,,,,,,,,
26050000,-7556,1821,23,169,1126,2352,417,-1345,694,165,2,399,79,0,0,50,-116,-1600,0,1150000,1150000,1279000,1244000,805,-250,40,-12,,,,,,,,,,,,,,,,,,,,,,,,,,,,,,,,,,,,,,,,,,,,,,,,,,,,,,,,,,,,,,,,,,,,,,,,,,,,,,,,,,,,
26103000,-5547,-769,90,139,1140,1193,-5991,-9829,526,-60,2,480,79,0,0,72,-88,-1600,0,1150000,1150000,1272000,1431000,805,-250,57,-18,,,,,,,,,,,,,,,,,,,,,,,,,,,,,,,,,,,,,,,,,,,,,,,,,,,,,,,,,,,,,,,,,,,,,,,,,,,,,,,,,,,,
26150000,-3576,-1330,-260,7,1612,8700,-3244,302,347,-105,2,399,119,0,0,60,-74,-1600,0,1150000,1150000,1150000,1317000,805,-250,48,-15,,,,,,,,,,,,,,,,,,,,,,,,,,,,,,,,,,,,,,,,,,,,,,,,,,,,,,,,,,,,,,,,,,,,,,,,,,,,,,,,,,,,
26203000,-2625,-1283,-72,-17,802,-5215,-1779,-6655,264,-105,2,399,79,0,0,41,77000,805,-250,33,-10,,,,,,,,,,,,,,,,,,,,,,,,,,,,,,,,,,,,,,,,,,,,,,,,,,,,,,,,,,,,,,,,,,,,,,,,,,,,,,,,,,,,,,,,,,
26250000,-1874,-1118,-131,84,1008,-5886,2858,-551,201,-94,2,440,39,0,0,59,-41,-1600,0,1150000,1150000,1242000,1261000,805,-250,47,-14,,,,,,,,,,,,,,,,,,,,,,,,,,,,,,,,,,,,,,,,,,,,,,,,,,,,,,,,,,,,,,,,,,,,,,,,,,,,,,,,,,,,
26303000,-1588,-543,-191,-7,1454,11508,-4831,8481,170,-36,0,360,11,0,32,-38,-1600,0,1253000,1150000,1150000,1150000,805,-250,26350000,-1359,-1102,40,-62,1299,4306,-2145,5856,153,-92,0,399,39,0,0,52,29,-1600,0,1150000,1150000,1150000,1226403000,-700,-188,-343,-46,1343,-6069,4323,18063,92,-9,0,360,79,0,0,59,64,-1600,0,1193000,1204000,1150000,1150000,805,-250,47,-14,,,,,,,,,,,,,,,,,,,,,,,,,,,,,,,,,,,,
26450000,-791,-920,-136,-31,1130,3817,5422,7565,97,-73,2,320,79,0,0,48,75,-1600,0,1150000,1150000,1160000,1150000,805,-250,38,-12,,,,,,,,,,,,,,,,,,,,,,,,,,,,,,,,,,,,,,,,,,,,,,,,,,,,,,,,,,,,,,,,,,,,,,,,,,,,,,,,,,,,
26503000,-150,-1454,48,158,1048,6930,417,3903,44,-119,2,360,79,0,0,43,-4,-1600,0,1150000,1150000,1150000,1243000,805,26550000,-132,-833,-94,-45,1108,1376,-9165,-13674,42,-65,-,0,1150000,1150000,1331000,1457000,805,-250,34,-10,,,,,,,,,,,,,,,,,,,,,,,,,,,,,,,,,,,,,,,,,,,,,,,,,,,,,,,,,,,,,,,,,,
26603000,37,-1254,246,80,906,1681,-6784,-14101,28,-105,-2,360,39,0,0,43,-69,-1600,0,1150000,1150000,1339000,1458000,805,-226650000,-221,-703,175,-40,1148,10958,-12460,-15078,47,-54,0,320,79,0,0,53,15,-1600,0,1150000,1150000,1313000,1490000,805,-250,42,-13,,,,,,,,,,,,,,,,,,,,,,,,,,,,,,,,,,,,,,,,,,,,,,,,,,,,,,,,,,,
26703000,-19,-863,-17,-28,1253,-3933,11892,-12270,33,-68,-2,360,79,0,0,65,69,-1600,0,1150000,1150000,1435000,1329000,805,-250,52,-16,,,,,,,,,,,,,,,,,,,,,,,,,,,,,,,,,,,,,,,,,,,,,,,,,,,,,,,,,,,,,,,,,,,,,,,,,,,,,,,,,,,,
26750000,-317,-590,164,3,762,-7229,2980,-3359,59,-44,-2,360,79,0,0,83,34,-1600,0,1150000,1150000,1297000,1284000,805,-250,66,-20,,,,,,,,,,,,,,,,,,,,,,,,,,,,,,,,,,,,,,,,,,,,,,,,,,,,,,,,,,,,,,,,,,,,,,,,,,,,,,,,,,,,
26803000,437,-397,-353,-25,1015,-1004,-8493,18796,-3,-27,0,399,79,0,0,51,-25,-1600,0,1292000,1150000,1150000,1150000,805,-250,41,-12,,,,,,,,,,,,,,,,,,,,,,,,,,,,,,,,,,,,,,,,,,,,,,,,,,,,,,,,,,,,,,,,,,,,,,,,,,,,,,,,,,,,
26850000,106,-615,156,151,1167,5465,-1535,12387,25,-50,0,399,39,0,0,42,-38,-1600,0,1241000,1150000,1150000,1150000,805,-250,33,-10,,,,,,,,,,,,,,,,,,,,,,,,,,,,,,,,,,,,,,,,,,,,,,,,,,,,,,,,,,,,,,,,,,,,,,,,,,,,,,,,,,,,
26903000,523,-520,-63,-153,747,-5032,5971,23251,-14,-38,0,360,79,0,0,65,5,-1600,0,1308000,1235000,1150000,1150000,805,-250,52,-16,,,,,,,,,,,,,,,,,,,,,,,,,,,,,,,,,,,,,,,,,,,,,,,,,,,,,,,,,,,,,,,,,,,,,,,,,,,,,,,,,,,,
26950000,513,-1137,163,62,719,-4299,3835,5734,-16,-92,0,320,79,0,0,52,-53,-1600,0,1150000,1150000,1150000,1174000,805,-250,41,-13,,,,,,,,,,,,,,,,,,,,,,,,,,,,,,,,,,,,,,,,,,,,,,,,,,,,,,,,,,,,,,,,,,,,,,,,,,,,,,,,,,,,
27003000,-203,-874,80,-199,906,-3018,1516,4880,45,-69,0,320,79,0,0,71,-30,-1600,0,1150000,1150000,1179000,1155000,805,-250,57,-17,,,,,,,,,,,,,,,,,,,,,,,,,,,,,,,,,,,,,,,,,,,,,,,,,,,,,,,,,,,,,,,,,,,,,,,,,,,,,,,,,,,,
27050000,277,-1546,95,133,1468,11080,-5930,-13063,3,-131,0,320,39,0,0,69,-57,-1600,0,1150000,1150000,1315000,1457000,805,-250,55,-17,,,,,,,,,,,,,,,,,,,,,,,,,,,,,,,,,,,,,,,,,,,,,,,,,,,,,,,,,,,,,,,,,,,,,,,,,,,,,,,,,,,,
27103000,50,-835,-12,-135,1632,-149,-4587,-24721,30,-69,2,399,39,0,0,46,-49,-1600,0,1150000,1150000,1449000,1526000,805,-250,37,-11,,,,,,,,,,,,,,,,,,,,,,,,,,,,,,,,,,,,,,,,,,,,,,,,,,,,,,,,,,,,,,,,,,,,,,,,,,,,,,,,,,,,
27150000,517,-1212,-50,121,995,-4238,2492,-21547,-10,-102,0,399,39,0,0,54,-43,-1600,0,1150000,1150000,1461000,1469000,805,-250,43,-13,,,,,,,,,,,,,,,,,,,,,,,,,,,,,,,,,,,,,,,,,,,,,,,,,,,,,,,,,,,,,,,,,,,,,,,,,,,,,,,,,,,,
27203000,285,-462,86,-94,1440,-1797,-5747,-19594,2,-33,0,320,79,0,0,47,-25,-1600,0,1150000,1150000,1398000,1495000,805,-250,37,-11,,,,,,,,,,,,,,,,,,,,,,,,,,,,,,,,,,,,,,,,,,,,,,,,,,,,,,,,,,,,,,,,,,,,,,,,,,,,,,,,,,,,
27250000,742,-656,-30,129,1319,17794,-8310,11289,-33,-53,0,360,39,32,33,59,65,-1472,33,1332000,1150000,1150000,1167000,805,-250,47,-14,,,,,,,,,,,,,,,,,,,,,,,,,,,,,,,,,,,,,,,,,,,,,,,,,,,,,,,,,,,,,,,,,,,,,,,,,,,,,,,,,,,,
27303000,507,-574,-159,115,536,-13088,13967,12021,-12,-43,2,360,79,129,551,60,34,-1084,551,1150000,1180000,1204000,1150000,805,-250,48,-15,,,,,,,,,,,,,,,,,,,,,,,,,,,,,,,,,,,,,,,,,,,,,,,,,,,,,,,,,,,,,,,,,,,,,,,,,,,,,,,,,,,,
27350000,404,-873,48,12,570,-8999,2370,13425,-3,-72,-2,360,39,190,1197,46,-86,-840,1197,1202000,1181000,1150000,1150000,805,-250,37,-11,,,,,,,,,,,,,,,,,,,,,,,,,,,,,,,,,,,,,,,,,,,,,,,,,,,,,,,,,,,,,,,,,,,,,,,,,,,,,,,,,,,,
27403000,309,-929,-7,-177,995,-1126,-864,22885,7,-74,-2,399,79,242,1942,63,-37,-632,1942,1396000,1295000,1150000,1150000,805,-250,50,-15,,,,,,,,,,,,,,,,,,,,,,,,,,,,,,,,,,,,,,,,,,,,,,,,,,,,,,,,,,,,,,,,,,,,,,,,,,,,,,,,,,,,
27450000,663,-1420,72,103,1372,6503,2492,5979,-22,-120,0,399,39,329,3590,38,-28,-284,3590,30,-9,,,,,,,,,,,,,,,,,,,,,,,,,,,,,,,,,,,,,,,,,,,,,,,,,,,,,,,,,,,,,,,,,,,,,,,,,,,,,,,,,,,,,,,,,,
27503000,417,-1740,34,10,1015,-1187,-2634,241,-5,-144,0,360,79,365,4418,71,28,-139,4418,1225000,1150000,1337000,1485000,805,-250,57,-17,,,,,,,,,,,,,,,,,,,,,,,,,,,,,,,,,,,,,,,,,,,,,,,,,,,,,,,,,,,,,,,,,,,,,,,,,,,,,,,,,,,,
27550000,143,-2109,110,-81,662,-3323,-1962,-15566,15,-177,0,320,79,404,5413,47,72,0,5413,1150000,1150000,1515000,1616000,805,-250,37,-11,,,,,,,,,,,,,,,,,,,,,,,,,,,,,,,,,,,,,,,,,,,,,,,,,,,,,,,,,,,,,,,,,,,,,,,,,,,,,,,,,,,,
27603000,232,-2927,269,-217,743,-9976,-2145,-14284,14,-248,2,399,79,427,6047,90,24,0,6047,1150000,1150000,1552000,1594000,805,-250,72,-22,,,,,,,,,,,,,,,,,,,,,,,,,,,,,,,,,,,,,,,,,,,,,,,,,,,,,,,,,,,,,,,,,,,,,,,,,,,,,,,,,,,,
27650000,-251,-2630,176,-33,506,-9732,3103,-6777,53,-222,4,360,79,460,7018,59,164,0,7018,1150000,1202000,1479000,1574000,805,-250,47,-14,,,,,,,,,,,,,,,,,,,,,,,,,,,,,,,,,,,,,,,,,,,,,,,,,,,,,,,,,,,,,,,,,,,,,,,,,,,,,,,,,,,,
27703000,984,-1729,-269,357,1155,16146,9023,4697,-57,-143,4,320,79,471,7358,47,-82,0,7358,1502000,1165000,1481000,1454000,805,-250,37,-11,,,,,,,,,,,,,,,,,,,,,,,,,,,,,,,,,,,,,,,,,,,,,,,,,,,,,,,,,,,,,,,,,,,,,,,,,,,,,,,,,,,,
27750000,-195,-2666,352,-456,738,-17361,-8676,8542,48,-229,2,360,39,499,8258,33,-81,0,8258,1348000,1505000,1343000,1562000,805,-250,26,-8,,,,,,,,,,,,,,,,,,,,,,,,,,,,,,,,,,,,,,,,,,,,,,,,,,,,,,,,,,,,,,,,,,,,,,,,,,,,,,,,,,,,
27803000,-748,-2934,74,9,75,-4360,-437,4208,96,-249,0,360,79,527,9211,63,4,0,9211,1425000,1393000,1468000,1552000,805,-250,50,-15,,,,,,,,,,,,,,,,,,,,,,,,,,,,,,,,,,,,,,,,,,,,,,,,,,,,,,,,,,,,,,,,,,,,,,,,,,,,,,,,,,,,
27850000,-898,-3756,3,196,1471,11386,9633,-2138,106,-317,0,320,119,528,9246,76,27903000,-1627,-3488,334,-450,-52,1437,-12399,1035,173,-300,-4,360,39,528,9246,63,32,0,9246,1443000,1344000,1454000,1631000,805,-250,50,-15,,,,,,,,,,,,,,,,,,,,,,,,,,,,,,,,,,,,,,,,,,,,,,,,,,,,,,,,,,,,,,,,,,,
27950000,-1882,-4405,588,-225,632,2728003000,-3191,-3834,11,-442,611,338,-5808,1706,309,-146,0,360,2159,564,10550,76,29,0,10550,1452000,1439000,1551000,1528050000,-2773,-2906,-192,-363,1358,-10708,-9653,-3176,273,1,0,360,2920,566,10625,55,28,0,10625,1340000,1461000,1534000,16,805,-250,44,-13,,,,,,,,,,,,,,,,,,,,,,,,,,,,,,,,,,,,,,,,,,,,,,,,,,,,,,,
28103000,-4062,-3325,278,-210,587,2902,-8798,4758,382,-24,-2,320,3039,569,10738,62,10,0,10738,1486000,1464000,1492000,1621000,805,-250,49,-15,,,,,,,,,,,,,,,,,,,,,,,,,,,,,,,,,,,,,,,,,,,,,,,,,,,,,,,,,,,,,,,,,,,,,,,,,,,,,,,,,,,,
28150000,-5988,-3174,100,-524,634,-13027,2248,-612,540,-11,0,199,3039,602,12020,57,-6,7,12020,1371000,1553000,1604000,1643000,805,-250,45,-14,,,,,,,,,,,,,,,,,,,,,,,,,,,,,,,,,,,,,,,,,,,,,,,,,,,,,,,,,,,,,,,,,,,,,,,,,,,,,,,,,,,,
28203000,-4952,-3504,382,520,708,7357,6093,2072,453,-44,0,240,2999,603,12060,44,-9,11,12060,1515000,1465000,1585000,1628000,805,-250,35,-11,,,,,,,,,,,,,,,,,,,,,,,,,,,,,,,,,,,,,,,,,,,,,,,,,,,,,,,,,,,,,,,,,,,,,,,,,,,,,,,,,,,,
28250000,-3733,-1675,-402,-361,747,-5215,-1169,1584,346,77,0,240,2560,603,12060,59,-47,11,12060,1452000,1521000,1569000,1652000,805,-250,47,-1428303000,-3247,-3229,-431,-422,1882,4367,3896,-2260,297,-86,0,160,2239,613,12463,44,69,51,12463,1483000,1453000,1625000,16,35,-11,,,,,,,,,,,,,,,,,,,,,,,,,,,,,,,,,,,,,,,,,,,,,,,,,,,,,,,,,,,
28350000,-4014,-4123,245,484,951,6930,6704,-4702,367,-167,-2,199,2200,641,13628,32,75,163,13628,1470000,1490000,1654000,1715000,805,-250,25,-8,,,,,,,,,,,,,,,,,,,,,,,,,,,,,,,,,,,,,,,,,,,,,,,,,,,,,,,,,,,,,,,,,,,,,,,,,,,,,,,,,,,,
28403000,-2840,-3290,603,150,968,27072,9328,-2260,261,-95,0,160,2200,640,13585,58,50,159,13585,1563000,1423000,1635000,1704000,805,-250,46,-14,,,,,,,,,,,,,,,,,,,,,,,,,,,,,,,,,,,,,,,,,,,,,,,,,,,,,,,,,,,,,,,,,,,,,,,,,,,,,,,,,,,,
28450000,-1545,-1354,110,150,926,20358,21779,-4885,148,70,0,160,2159,640,13585,41,134,159,13585,1514000,1436000,1694000,1678000,805,-250,33,-10,,,,,,,,,,,,,,,,,,,,,,,,,,,,,,,,,,,,,,,,,,,,,,,,,,,,,,,,,,,,,,,,,,,,,,,,,,,,,,,,,,,,
28503000,-1481,-772,164,-286,793,5404,5910,119,150,117,0,240,2119,640,13585,97,182,159,13585,1491000,1536000,1636000,1679000,805,-250,78,-24,,,,,,,,,,,,,,,,,,,,,,,,,,,,,,,,,,,,,,,,,,,,,,,,,,,,,,,,,,,,,,,,,,,,,,,,,,,,,,,,,,,,
28550000,-526,-577,577,-145,-116,25057,-4404,-124,56,218,-2,120,3079,641,13628,99,117,163,13628,1580000,1429000,1629000,1688000,805,-250,79,-24,,,,,,,,,,,,,,,,,,,,,,,,,,,,,,,,,,,,,,,,,,,,,,,,,,,,,,,,,,,,,,,,,,,,,,,,,,,,,,,,,,,,
28603000,194,-548,-487,135,1437,14071,10732,913,-3,346,0,160,4519,642,13670,112,266,168,13670,1547000,1490000,1689000,1616000,805,-250,90,-28,,,,,,,,,,,,,,,,,,,,,,,,,,,,,,,,,,,,,,,,,,,,,,,,,,,,,,,,,,,,,,,,,,,,,,,,,,,,,,,,,,,,
28650000,876,-2006,-705,-142,2177,4122,3286,-1650,-66,495,0,120,7679,643,13713,130,223,172,13713,1513000,1495000,1692000,1649000,805,-250,104,-32,,,,,,,,,,,,,,,,,,,,,,,,,,,,,,,,,,,,,,,,,,,,,,,,,,,,,,,,,,,,,,,,,,,,,,,,,,,,,,,,,,,,
28703000,1833,-1764,222,224,805,5709,-27414,3171,-153,645,0,80,9159,644,13756,216,286,175,13756,1588000,1489000,1604000,1680000,805,-250,173,-54,,,,,,,,,,,,,,,,,,,,,,,,,,,,,,,,,,,,,,,,,,,,,,,,,,,,,,,,,,,,,,,,,,,,,,,,,,,,,,,,,,,,
28750000,914,-3505,493,194,765,7296,-44687,1523,-79,852,0,0,13279,641,13628,147,266,163,13628,1571000,1482000,1628000,1674000,805,-250,118,-36,,,,,,,,,,,,,,,,,,,,,,,,,,,,,,,,,,,,,,,,,,,,,,,,,,,,,,,,,,,,,,,,,,,,,,,,,,,,,,,,,,,,
28803000,815,-4201,-248,-416,1097,-1065,-34250,1218,-74,792,-2,-39,13279,641,13628,160,294,163,13628,1520000,1527000,1671000,1632000,805,-250,128,-40,,,,,,,,,,,,,,,,,,,,,,,,,,,,,,,,,,,,,,,,,,,,,,,,,,,,,,,,,,,,,,,,,,,,,,,,,,,,,,,,,,,,
28850000,905,-6220,315,60,75,-210,-36936,58,-148,399,2,-799,10799,640,13585,123,231,159,13585,1540000,1490000,1611000,1699000,805,-250,99,-30,,,,,,,,,,,,,,,,,,,,,,,,,,,,,,,,,,,,,,,,,,,,,,,,,,,,,,,,,,,,,,,,,,,,,,,,,,,,,,,,,,,,
28903000,415,-6785,-214,-517,1575,2780,-32114,1584,-134,203,2,-1119,9119,640,13585,171,133,159,13585,1573000,1477000,1626000,1667000,805,-250,137,-42,,,,,,,,,,,,,,,,,,,,,,,,,,,,,,,,,,,,,,,,,,,,,,,,,,,,,,,,,,,,,,,,,,,,,,,,,,,,,,,,,,,,
28950000,472,-7472,269,-36,795,-1309,-14169,-1406,-135,-205,0,-1079,5119,640,13585,146,147,159,13585,1544000,1458000,1628000,1700000,805,-250,117,-36,,,,,,,,,,,,,,,,,,,,,,,,,,,,,,,,,,,,,,,,,,,,,,,,,,,,,,,,,,,,,,,,,,,,,,,,,,,,,,,,,,,,
29003000,949,-7009,561,-415,151,-9487,14272,-3115,-219,-447,0,-1559,1879,640,13585,196,113,159,13585,1527000,1450000,1672000,1677000,805,-250,157,-49,,,,,,,,,,,,,,,,,,,,,,,,,,,,,,,,,,,,,,,,,,,,,,,,,,,,,,,,,,,,,,,,,,,,,,,,,,,,,,,,,,,,
29050000,449,-5566,355,246,738,-12905,18300,-246,-241,-471,-2,-2320,160,638,13500,214,92,152,13500,1540000,1477000,1638000,1677000,805,-250,172,-53,,,,,,,,,,,,,,,,,,,,,,,,,,,,,,,,,,,,,,,,,,,,,,,,,,,,,,,,,,,,,,,,,,,,,,,,,,,,,,,,,,,,
29103000,-669,-4156,75,-275,671,-16262,40456,-795,-213,-348,-2,-3119,160,637,13458,172,-34,148,13458,1510000,1497000,1697000,1622000,805,-250,138,-43,,,,,,,,,,,,,,,,,,,,,,,,,,,,,,,,,,,,,,,,,,,,,,,,,,,,,,,,,,,,,,,,,,,,,,,,,,,,,,,,,,,,
29150000,-1247,-2451,163,-124,764,-20718,25441,-2749,-233,-203,0,-3919,119,638,13500,225,115,152,13500,1497000,1485000,1671000,1673000,805,-250,181,-56,,,,,,,,,,,,,,,,,,,,,,,,,,,,,,,,,,,,,,,,,,,,,,,,,,,,,,,,,,,,,,,,,,,,,,,,,,,,,,,,,,,,
29203000,-1528,-1114,-129,138,780,-22000,10793,-2,-302,-90,4,-5000,79,638,13500,165,-2,152,13500,1511000,1516000,1633000,1675000,805,-250,132,-41,,,,,,,,,,,,,,,,,,,,,,,,,,,,,,,,,,,,,,,,,,,,,,,,,,,,,,,,,,,,,,,,,,,,,,,,,,,,,,,,,,,,
29250000,-1724,-1450,-215,-188,1378,-14004,8962,-63,-414,-119,4,-6480,79,642,13670,212,88,168,13670,1565000,1466000,1645000,1672000,805,-250,170,-53,,,,,,,,,,,,,,,,,,,,,,,,,,,,,,,,,,,,,,,,,,,,,,,,,,,,,,,,,,,,,,,,,,,,,,,,,,,,,,,,,,,,
29303000,-2439,-608,-174,161,1151,-22305,5178,-856,-429,-42,0,-7359,119,648,13927,191,100,192,13927,1545000,1489000,1663000,1679000,805,-250,153,-47,,,,,,,,,,,,,,,,,,,,,,,,,,,,,,,,,,,,,,,,,,,,,,,,,,,,,,,,,,,,,,,,,,,,,,,,,,,,,,,,,,,,
29350000,-2745,-265,-65,249,842,-28958,16286,363,-406,57,0,-7399,920,670,14889,207,85,280,14889,1555000,1544000,1723000,1641000,805,-250,166,-51,,,,,,,,,,,,,,,,,,,,,,,,,,,,,,,,,,,,,,,,,,,,,,,,,,,,,,,,,,,,,,,,,,,,,,,,,,,,,,,,,,,,
29403000,-3153,4,203,-253,1038,-31887,9755,-2443,-314,178,0,-6760,2040,669,14844,188,-42,276,14844,1508000,1548000,1710000,1686000,805,-250,151,-47,,,,,,,,,,,,,,,,,,,,,,,,,,,,,,,,,,,,,,,,,,,,,,,,,,,,,,,,,,,,,,,,,,,,,,,,,,,,,,,,,,,,
29450000,-4094,1001,-199,-414,1266,-16812,-17099,-2321,-127,307,0,-5560,2519,670,14889,189,-59,280,14889,1545000,1514000,1656000,1740000,805,-250,152,-47,,,,,,,,,,,,,,,,,,,,,,,,,,,,,,,,,,,,,,,,,,,,,,,,,,,,,,,,,,,,,,,,,,,,,,,,,,,,,,,,,,,,
29503000,-3562,-1064,113,124,1260,-14675,-24973,-1650,-104,130,0,-4759,2560,671,14933,152,-13,284,14933,1535000,1538000,1678000,1717000,805,-250,122,-38,,,,,,,,,,,,,,,,,,,,,,,,,,,,,,,,,,,,,,,,,,,,,,,,,,,,,,,,,,,,,,,,,,,,,,,,,,,,,,,,,,,,
29550000,-3405,-3209,340,465,928,-13821,-1230,-4458,-44,-46,0,-3919,2679,670,14889,180,26,280,14889,1510000,1517000,1733000,1689000,805,-250,144,-45,,,,,,,,,,,,,,,,,,,,,,,,,,,,,,,,,,,,,,,,,,,,,,,,,,,,,,,,,,,,,,,,,,,,,,,,,,,,,,,,,,,,
29603000,-3194,-3761,-232,-333,1135,521,3835,-1345,-31,-104,0,-3559,2560,673,15022,195,43,291,15022,1573000,1503000,1689000,1706000,805,-250,157,-48,,,,,,,,,,,,,,,,,,,,,,,,,,,,,,,,,,,,,,,,,,,,,,,,,,,,,,,,,,,,,,,,,,,,,,,,,,,,,,,,,,,,
29650000,-2478,-2728,-202,-353,1167,3878,4262,-246,17,13,0,-2279,2879,673,15022,182,49,291,15022,1569000,1523000,1690000,1693000,805,-250,146,-45,,,,,,,,,,,,,,,,,,,,,,,,,,,,,,,,,,,,,,,,,,,,,,,,,,,,,,,,,,,,,,,,,,,,,,,,,,,,,,,,,,,,
29703000,-971,-2105,9,126,1122,-2224,-8615,607,88,67,0,39,2879,688,15700,175,35,352,15700,1547000,1593000,1688000,1715000,805,-250,140,-43,,,,,,,,,,,,,,,,,,,,,,,,,,,,,,,,,,,,,,,,,,,,,,,,,,,,,,,,,,,,,,,,,,,,,,,,,,,,,,,,,,,,
29750000,-482,-2394,-113,278,1469,3939,-5380,-185,45,38,4,39,2839,692,15883,230,298,367,15883,1610000,1525000,1693000,1723000,805,-250,185,-57,,,,,,,,,,,,,,,,,,,,,,,,,,,,,,,,,,,,,,,,,,,,,,,,,,,,,,,,,,,,,,,,,,,,,,,,,,,,,,,,,,,,
29803000,-957,-2156,117,-375,434,7357,-11118,-1040,90,63,0,80,2879,689,15745,246,261,356,15745,1555000,1561000,1682000,1740000,805,-250,198,-61,,,,,,,,,,,,,,,,,,,,,,,,,,,,,,,,,,,,,,,,,,,,,,,,,,,,,,,,,,,,,,,,,,,,,,,,,,,,,,,,,,,,
29850000,308,-3602,39,-285,1260,2902,-20029,58,-16,-28,2,120,3279,691,15837,216,350,363,15837,1582000,1554000,1657000,1753000,805,-250,173,-54,,,,,,,,,,,,,,,,,,,,,,,,,,,,,,,,,,,,,,,,,,,,,,,,,,,,,,,,,,,,,,,,,,,,,,,,,,,,,,,,,,,,
29903000,1597,-3625,208,521,676,9371,-1901,-3969,-128,-26,0,120,3320,690,15791,206,248,359,15791,1589000,1482000,1730000,1728000,805,-250,165,-51,,,,,,,,,,,,,,,,,,,,,,,,,,,,,,,,,,,,,,,,,,,,,,,,,,,,,,,,,,,,,,,,,,,,,,,,,,,,,,,,,,,,
29950000,1359,-3432,-6,76,1911,-27,-5686,-1345,-104,-16,0,160,3239,690,15791,280,242,359,15791,1575000,1536000,1697000,1733000,805,-250,225,-70,,,,,,,,,,,,,,,,,,,,,,,,,,,,,,,,,,,,,,,,,,,,,,,,,,,,,,,,,,,,,,,,,,,,,,,,,,,,,,,,,,,,
30003000,989,-4040,-35,142,1663,-5276,-9409,-4946,-75,-97,-2,120,2920,690,15791,314,451,359,15791,1532000,1526000,1712000,1758000,805,-250,252,-78,,,,,,,,,,,,,,,,,,,,,,,,,,,,,,,,,,,,,,,,,,,,,,,,,,,,,,,,,,,,,,,,,,,,,,,,,,,,,,,,,,,,
30050000,1478,-3954,-376,226,1618,-1492,-1535,1157,-122,-149,-2,1738000,-637,-1845,-201,-583,,,,,,,,,,,,,,,,,,,,,,,,,,,,,,,,,,,,,,,,,,,,,,,,,,,,,,,,,,,,,,,,,,,,,,,,,,,,,,,,,,,,,,,,,,,,,,,
30103000,2355,-4975,421,-5,330,8029,-2573,1828,-195,-245,-4,120,2159,690,15791,305,340,359,15791,1621000,1524000,1654000,1746000,-525,-878,-160,-267,,,,,,,,,,,,,,,,,,,,,,,,,,,,,,,,,,,,,,,,,,,,,,,,,,,,,,,,,,,,,,,,,,,,,,,,,,,,,,,,,,,,
30150000,1222,-3887,12,-464,1245,-12295,9816,-1040,-92,-182,0,160,1800,690,15791,319,351,359,15791,1560000,1550000,1705000,1725000,-525,-878,-167,-280,,,,,,,,,,,,,,,,,,,,,,,,,,,,,,,,,,,,,,,,,,,,,,,,,,,,,,,,,,,,,,,,,,,,,,,,,,,,,,,,,,,,
30203000,1295,-3879,232,509,1506,4977,12624,-612,-106,-251,0,80,999,690,15791,333,410,359,15791,1606000,1507000,1700000,1726000,-525,-878,-175,-292,,,,,,,,,,,,,,,,,,,,,,,,,,,,,,,,,,,,,,,,,,,,,,,,,,,,,,,,,,,,,,,,,,,,,,,,,,,,,,,,,,,,
30250000,1152,-2283,-178,-6,1135,2352,19704,-2504,-37,-181,2,720,199,692,15883,408,423,367,15883,1565000,1526000,1724000,1722000,-525,-878,-214,-358,,,,,,,,,,,,,,,,,,,,,,,,,,,,,,,,,,,,,,,,,,,,,,,,,,,,,,,,,,,,,,,,,,,,,,,,,,,,,,,,,,,,
30303000,794,-1316,-499,-358,1790,-1004,13112,1096,28,-93,0,1119,239,674,15067,398,482,296,15067,1555000,1546000,1675000,1701000,-525,-878,-209,-349,,,,,,,,,,,,,,,,,,,,,,,,,,,,,,,,,,,,,,,,,,,,,,,,,,,,,,,,,,,,,,,,,,,,,,,,,,,,,,,,,,,,
30350000,579,-382,-111,100,1024,5587,19216,-2871,183,-19,2,2680,160,674,15067,416,446,296,15067,1521000,1527000,1725000,1696000,-525,-878,-218,-365,,,,,,,,,,,,,,,,,,,,,,,,,,,,,,,,,,,,,,,,,,,,,,,,,,,,,,,,,,,,,,,,,,,,,,,,,,,,,,,,,,,,
30403000,797,-721,-198,-369,1208,12484,8168,2744,227,-49,0,3400,160,672,14978,415,464,287,14978,1569000,1552000,1661000,1695000,-525,-878,-218,-364,,,,,,,,,,,,,,,,,,,,,,,,,,,,,,,,,,,,,,,,,,,,,,,,,,,,,,,,,,,,,,,,,,,,,,,,,,,,,,,,,,,,
30450000,630,-1070,-58,-294,655,12423,11281,-1589,454,-86,2,5840,79,672,14978,434,458,287,1430503000,1741,-1093,-62,192,1501,36349,19277,-1406,532,-91,2,7840,39,672,14978,492,510,287,14978,1603000,1453000,1709000,1696000,-525,-878,-258,-432,,,,,,,,,,,,,,,,,,,,,,,,,,,,,,,,,,,,,,,,,,,,,,,,,,,,,,,,,,,,,,,,,
30550000,2402,-1405,107,-102,1103,45138,15554,-3054,509,13,0,8240,1559,673,15022,489,439,291,15022,1562000,1473000,1724000,1701000,-525,-878,-257,-429,,,,,,,,,,,,,,,,,,,,,,,,,,,,,,,,,,,,,,,,,,,,,,,,,,,,,,,,,,,,,,,,,,,,,,,,,,,,,,,,,,,,
30603000,4010,-1357,-91,577,1142,31893,6704,-3237,400,171,0,8600,3320,672,14978,513,513,287,14978,1546000,1484000,1728000,1698000,-525,-878,-269,-450,,,,,,,,,,,,,,,,,,,,,,,,,,,,,,,,,,,,,,,,,,,,,,,,,,,,,,,,,,,,,,,,,,,,,,,,,,,,,,,,,,,,
30650000,4949,-1282,15,-76,1377,32015,-681,-5495,329,303,0,8719,4759,673,15022,535,436,291,15022,1542000,1448000,1734000,1720000,-525,-878,-281,-469,,,,,,,,,,,,,,,,,,,,,,,,,,,,,,,,,,,,,,,,,,,,,,,,,,,,,,,,,,,,,,,,,,,,,,,,,,,,,,,,,,,,
30703000,5481,-897,91,449,1183,30490,-12277,-5312,219,302,0,7999,4359,673,15022,545,424,291,15022,1570000,1416000,1734000,1722000,-525,-878,-286,-478,,,,,,,,,,,,,,,,,,,,,,,,,,,,,,,,,,,,,,,,,,,,,,,,,,,,,,,,,,,,,,,,,,,,,,,,,,,,,,,,,,,,
30750000,4888,-1744,47,7,1414,23654,-16306,-5922,55,231,-2,5520,4400,673,15022,569,401,291,15022,1574000,1392000,1715000,1751000,-525,-878,-299,-499,,,,,,,,,,,,,,,,,,,,,,,,,,,,,,,,,,,,,,,,,,,,,,,,,,,,,,,,,,,,,,,,,,,,,,,,,,,,,,,,,,,,
30803000,5195,-2858,269,378,420,-454,-15939,-6655,-303,165,0,1720,4759,672,14978,568,330,287,14978,1542000,1416000,1725000,1748000,-103,-1283,-59,-728,,,,,,,,,,,,,,,,,,,,,,,,,,,,,,,,,,,,,,,,,,,,,,,,,,,,,,,,,,,,,,,,,,,,,,,,,,,,,,,,,,,,
30850000,3765,-3555,396,159,682,-23342,-9897,-4519,-300,223,-2,320,6120,672,14978,583,320,287,14978,1499000,1494000,1722000,1732000,-84,-1180,-49,-688,,,,,,,,,,,,,,,,,,,,,,,,,,,,,,,,,,,,,,,,,,,,,,,,,,,,,,,,,,,,,,,,,,,,,,,,,,,,,,,,,,,,
30903000,2258,-2973,24,251,934,-22915,4140,-8669,-165,305,0,360,6480,672,14978,578,188,287,14978,1500000,1423000,1792000,1705000,-133,-1041,-77,-601,,,,,,,,,,,,,,,,,,,,,,,,,,,,,,,,,,,,,,,,,,,,,,,,,,,,,,,,,,,,,,,,,,,,,,,,,,,,,,,,,,,,
30950000,1274,-3191,-170,-272,1278,-15591,-9348,-4030,-76,290,0,399,6519,672,14978,591,112,287,14978,1522000,1473000,1735000,1718000,-5,-565,-3,-334,,,,,,,,,,,,,,,,,,,,,,,,,,,,,,,,,,,,,,,,,,,,,,,,,,,,,,,,,,,,,,,,,,,,,,,,,,,,,,,,,,,,
31003000,-394,-4202,268,-270,643,-1614,-12460,-4458,72,181,0,440,6280,670,14889,593,23,280,14889,1513000,1467000,1723000,1733000,178,-908,105,-538,,,,,,,,,,,,,,,,,,,,,,,,,,,,,,,,,,,,,,,,,,,,,,,,,,,,,,,,,,,,,,,,,,,,,,,,,,,,,,,,,,,,
31050000,-1158,-4008,-281,-252,782,-9548,-14536,-3054,146,114,-2,520,5320,673,15022,598,94,291,15022,1489000,1516000,1729000,1720000,-8,-619,-4,-370,,,,,,,,,,,,,,,,,,,,,,,,,,,,,,,,,,,,,,,,,,,,,,,,,,,,,,,,,,,,,,,,,,,,,,,,,,,,,,,,,,,,
31103000,-1347,-4718,199,-60,422,3634,-10202,-2,159,24,0,480,5000,673,15022,600,45,291,15022,1557000,1491000,1681000,1734000,-23,-697,-14,-418,,,,,,,,,,,,,,,,,,,,,,,,,,,,,,,,,,,,,,,,,,,,,,,,,,,,,,,,,,,,,,,,,,,,,,,,,,,,,,,,,,,,
31150000,-629,-4061,-242,-74,872,6015,-7517,-2504,128,81,-2,840,5000,707,16579,625,96,428,16579,1577000,1512000,1743000,1763000,-17,-750,-10,-469,,,,,,,,,,,,,,,,,,,,,,,,,,,,,,,,,,,,,,,,,,,,,,,,,,,,,,,,,,,,,,,,,,,,,,,,,,,,,,,,,,,,
31203000,355,-4159,-365,-122,1443,-271,-620,-2626,42,69,0,840,4960,707,16579,632,164,428,16579,1558000,1530000,1755000,1754000,-10,-515,-6,-325,,,,,,,,,,,,,,,,,,,,,,,,,,,,,,,,,,,,,,,,,,,,,,,,,,,,,,,,,,,,,,,,,,,,,,,,,,,,,,,,,,,,
31250000,1374,-3866,-30,412,590,6686,5727,-8547,-36,36,0,959,4279,707,16579,644,169,428,16579,1558000,1434000,1813000,1756000,28,-441,18,-284,,,,,,,,,,,,,,,,,,,,,,,,,,,,,,,,,,,,,,,,,,,,,,,,,,,,,,,,,,,,,,,,,,,,,,,,,,,,,,,,,,,,
31303000,2817,-3755,321,748,405,-1492,-375,-7509,-162,10,0,959,3880,706,16532,642,223,423,16532,1571000,1434000,1779000,1785000,-209,-583,-134,-374,,,,,,,,,,,,,,,,,,,,,,,,,,,,,,,,,,,,,,,,,,,,,,,,,,,,,,,,,,,,,,,,,,,,,,,,,,,,,,,,,,,,
31350000,1378,-3253,-286,-471,1821,-7290,-5075,-5190,-36,-8,0,959,3159,706,16532,679,270,423,16532,1531000,1507000,1753000,1787000,-74,-531,-50,-361,,,,,,,,,,,,,,,,,,,,,,,,,,,,,,,,,,,,,,,,,,,,,,,,,,,,,,,,,,,,,,,,,,,,,,,,,,,,,,,,,,,,
31403000,804,-3018,-373,-355,1259,-8877,3652,-5190,20,-26,-2,1040,2719,708,16626,663,310,432,16626,1507000,1531000,1786000,1761000,-128,-413,-84,-274,,,,,,,,,,,,,,,,,,,,,,,,,,,,,,,,,,,,,,,,,,,,,,,,,,,,,,,,,,,,,,,,,,,,,,,,,,,,,,,,,,,,
31450000,1129,-3753,431,154,687,-2957,5178,-8181,-25,-93,0,840,2679,707,16579,696,336,428,16579,1519000,1469000,1794000,1783000,-289,-266,-201,-185,,,,,,,,,,,,,,,,,,,,,,,,,,,,,,,,,,,,,,,,,,,,,,,,,,,,,,,,,,,,,,,,,,,,,,,,,,,,,,,,,,,,
31503000,1137,-2655,333,112,1120,1437,-2817,-2626,-25,-32,0,840,2279,708,16626,711,368,432,16626,1576000,1491000,1752000,1772000,-265,-512,-189,-364,,,,,,,,,,,,,,,,,,,,,,,,,,,,,,,,,,,,,,,,,,,,,,,,,,,,,,,,,,,,,,,,,,,,,,,,,,,,,,,,,,,,
31550000,1704,-2620,-508,-128,1516,-4605,-2268,-4091,-89,-33,0,680,2239,707,16579,721,384,428,16579,1546000,1497000,1761000,1779000,-57,-543,-41,-391,,,,,,,,,,,,,,,,,,,,,,,,,,,,,,,,,,,,,,,,,,,,,,,,,,,,,,,,,,,,,,,,,,,,,,,,,,,,,,,,,,,,
31603000,561,-1979,-397,276,892,-2651,722,-3115,10,29,2,680,2319,708,16626,743,358,432,16626,1544000,1515000,1780000,1752000,-150,-218,-111,-162,,,,,,,,,,,,,,,,,,,,,,,,,,,,,,,,,,,,,,,,,,,,,,,,,,,,,,,,,,,,,,,,,,,,,,,,,,,,,,,,,,,,
31650000,391,-2100,579,-22,976,5282,-5624,-3603,74,-61,2,1240,1399,708,16626,780,411,432,16626,1561000,1485000,1742000,1794000,-293,-345,-229,-269,,,,,,,,,,,,,,,,,,,,,,,,,,,,,,,,,,,,,,,,,,,,,,,,,,,,,,,,,,,,,,,,,,,,,,,,,,,,,,,,,,,,
31703000,1059,-2163,281,-351,1185,-88,-4221,-4030,214,-132,0,3520,639,707,16579,765,353,428,16579,1511000,1527000,1750000,1793000,-216,-353,-165,-270,,,,,,,,,,,,,,,,,,,,,,,,,,,,,,,,,,,,,,,,,,,,,,,,,,,,,,,,,,,,,,,,,,,,,,,,,,,,,,,,,,,,
31750000,1618,-2225,-578,-202,1257,3756,966,-1284,316,-173,2,5240,239,707,16579,814,502,428,16579,1521000,1557000,1760000,1756000,-216,-336,-176,-274,,,,,,,,,,,,,,,,,,,,,,,,,,,,,,,,,,,,,,,,,,,,,,,,,,,,,,,,,,,,,,,,,,,,,,,,,,,,,,,,,,,,
31803000,1980,-1773,-328,-209,1052,18405,3774,1401,427,-137,-2,6879,199,708,16626,834,541,432,16626,1557000,1556000,1749000,1744000,-144,-226,-120,-188,,,,,,,,,,,,,,,,,,,,,,,,,,,,,,,,,,,,,,,,,,,,,,,,,,,,,,,,,,,,,,,,,,,,,,,,,,,,,,,,,,,,
31850000,3071,-1437,355,396,1052,35678,1516,-1284,447,-107,0,8199,199,707,16579,857,555,428,16579,1602000,1467000,1742000,1777000,-78,-255,-67,-218,,,,,,,,,,,,,,,,,,,,,,,,,,,,,,,,,,,,,,,,,,,,,,,,,,,,,,,,,,,,,,,,,,,,,,,,,,,,,,,,,,,,
31903000,4784,-1704,-139,325,1101,20114,7436,-4824,294,-138,0,8160,119,708,16626,904,628,432,16626,1529000,1498000,1796000,1762000,-74,-271,-67,-245,,,,,,,,,,,,,,,,,,,,,,,,,,,,,,,,,,,,,,,,,,,,,,,,,,,,,,,,,,,,,,,,,,,,,,,,,,,,,,,,,,,,
31950000,4633,-1661,270,-234,790,21029,-7517,913,304,-131,0,8120,160,707,16579,922,664,428,16579,1560000,1544000,1711000,1784000,-221,0,-204,32003000,4019,-1622,-78,-355,1151,9982,9694,-1162,218,-127,0,6519,160,707,16579,958,676,428,16579,1531000,1542000,1757000,1762000,-218,-231,-208,-222,,,,,,,,,,,,,,,,,,,,,,,,,,,,,,,,,,,,,,,,,,,,,,,,,,,,,,,,,
32050000,4979,-1252,-341,147,513,7846,2187,-551,-172,-95,-2,2999,160,707,16579,969,672,428,16579,1586000,1490000,1765000,1749000,-364,-44,-353,-42,,,,,,,,,,,,,,,,,,,,,,,,,,,,,,,,,,,,,,,,,,,,,,,,,,,,,,,,,,,,,,,,,,,,,,,,,,,,,,,,,,,,
32103000,3958,-732,-651,-389,1387,-10281,7192,607,-275,-53,-2,800,119,707,16579,1024,713,428,16579,1543000,1554000,1763000,1741000,-265,32150000,3250,-1673,382,502,570,-19985,4750,-4702,-255,-104,-2,320,479,707,16579,1034,675,428,16579,1510000,1508000,1770000,1732203000,1463,-1056,-156,280,1572,-16201,4445,1523,-106,-78,0,240,160,674,15067,1065,663,296,15067,1534000,1496000,1716000,1732250000,621,-2320,54,-34,1260,-12295,5971,58,-106,-191,0,-599,119,664,14623,1104,607,255,14623,1506000,1498000,1715000,1732000,-277,265,-306,292,,,,,,,,,,,,,
32303000,751,-2042,292,404,577,-13027,9877,913,-184,-171,0,-1359,79,639,13543,1122,607,155,13543,1492000,1444000,1684000,1696000,-294,331,-330,371,,,,,,,,,,,,,,,,,,,,,,,,,,,,,,,,,,,,,,,,,,,,,,,,,,,,,,,,,,,,,,,,,,,,,,,,,,,,,,,,,,,,
32350000,-10,-599,536,80,162,-11868,7985,3903,-149,-41,2,-1719,119,640,13585,1173,578,159,13585,1508000,1480000,1664000,1682000,-315,233,-370,273,,,,,,,,,,,,,,,,,,,,,,,,,,,,,,,,,,,,,,,,,,,,,,,,,,,,,,,,,,,,,,,,,,,,,,,,,,,,,,,,,,,,
32403000,-1493,-719,-279,234,1333,-16445,905,1767,-86,-45,0,-2479,199,638,13500,1191,585,152,13500,1480000,1470000,1670000,1697000,-317,338,-378,402,,,,,,,,,,,,,,,,,,,,,,,,,,,,,,,,,,,,,,,,,,,,,,,,,,,,,,,,,,,,,,,,,,,,,,,,,,,,,,,,,,,,
32450000,-2879,-305,-133,-32,835,-11380,-253,2255,34,-19,-2,-2479,79,635,13374,1222,583,139,13374,1473000,1482000,1658000,1702000,-99,314,-121,383,,,,,,,,,,,,,,,,,,,,,,,,,,,,,,,,,,,,,,,,,,,,,,,,,,,,,,,,,,,,,,,,,,,,,,,,,,,,,,,,,,,,
32503000,-2415,-276,491,41,-8,216,-7578,3415,-44,-10,-2,-2919,160,635,13374,1241,428,139,13374,1517000,1454000,1632000,1709000,-382,443,-474,549,,,,,,,,,,,,,,,,,,,,,,,,,,,,,,,,,,,,,,,,,,,,,,,,,,,,,,,,,,,,,,,,,,,,,,,,,,,,,,,,,,,,
32550000,-2350,-1442,450,-102,535,-6741,1088,2316,-105,-122,0,-3559,39,636,13416,1261,393,143,13416,1495000,1464000,1661000,1692000,-258,250,-326,316,,,,,,,,,,,,,,,,,,,,,,,,,,,,,,,,,,,,,,,,,,,,,,,,,,,,,,,,,,,,,,,,,,,,,,,,,,,,,,,,,,,,
32603000,-2290,-1381,140,-308,400,-16506,4873,2866,-107,-113,2,-3520,79,602,12020,1292,332,7,12020,1424000,1467000,1638000,1649000,-292,355,-377,458,,,,,,,,,,,,,,,,,,,,,,,,,,,,,,,,,,,,,,,,,,,,,,,,,,,,,,,,,,,,,,,,,,,,,,,,,,,,,,,,,,,,
32650000,-2768,-1975,37,-321,341,-12783,13112,3476,-65,-168,-2,-3520,39,602,12020,1314,278,7,12020,1443000,14560032703000,-1595,-1384,-388,43,847,-7107,13540,3659,-174,-120,0,-3599,0,602,12020,1335,297,7,12020,1488000,1415000,1640000,1632750000,-979,-1531,127,-220,368,-11441,14577,2622,-162,-130,-2,-2839,39,634,13332,1349,212,136,13332,1485000,1482000,1665000,1676000,-290,323,-391,436,,,,,,,,,,,,,,,,,,,,,,,,,,,,,,,,,,,,,,,,
32803000,-1977,130,-323,-261,1630,-16201,6032,3415,15,14,2,-1799,39,634,13332,1353,321,136,13332,1448000,1532000,1659000,1667000,-236,87,-320,118,,,,,,,,,,,,,,,,,,,,,,,,,,,,,,,,,,,,,,,,,,,,,,,,,,,,,,,,,,,,,,,,,,,,,,,,,,,,,,,,,,,,
32850000,-2341,924,170,-300,648,949,-4770,3537,110,87,2,-1079,79,636,13416,1380,259,143,13416,1522000,1470000,1623000,1703000,-23,32903000,-1803,784,33,471,823,12423,-3122,1767,132,78,0,-279,119,635,13374,1387,219,139,13374,1522000,1439000,1678000,1632950000,-1078,895,-201,64,927,2047,-8737,1950,97,81,0,39,39,636,13416,1366,126,143,13416,1461000,1508000,1671000,1633003000,-717,-143,568,294,106,1071,-6296,1889,73,-5,-2,120,79,644,13756,1366,-76,175,13756,1498000,1491000,1685000,1675000,174,219,238,299,,,,,,,,,,,,,
33050000,-662,-213,44,220,930,-5764,7131,1462,64,72,4,80,1039,647,13884,1343,-201,188,13884,1475000,1514000,1719000,1637000,-82,301,-110,405,,,,,,,,,,,,,,,,,,,,,,,,,,,,,,,,,,,,,,,,,,,,,,,,,,,,,,,,,,,,,,,,,,,,,,,,,,,,,,,,,,,,
33103000,-835,-820,311,-102,144,6442,-1291,58,198,169,0,1440,2760,654,14186,1350,-230,215,14186,1500000,1490000,1699000,1695000,201,298,271,403,,,,,,,,,,,,,,,,,,,,,,,,,,,,,,,,,,,,,,,,,,,,,,,,,,,,,,,,,,,,,,,,,,,,,,,,,,,,,,,,,,,,
33150000,-1325,-2098,148,-502,431,15475,-12399,668,440,64,0,3719,2839,653,14143,1340,-223,211,14143,1468000,1528000,1662000,1722000,250,283,335,380,,,,,,,,,,,,,,,,,,,,,,,,,,,,,,,,,,,,,,,,,,,,,,,,,,,,,,,,,,,,,,,,,,,,,,,,,,,,,,,,,,,,
33203000,258,-2834,153,70,366,22128,-14780,2316,511,-44,0,6120,2319,657,14317,1323,-266,228,14317,1510000,1523000,1650000,1722000,227,199,300,263,,,,,,,,,,,,,,,,,,,,,,,,,,,,,,,,,,,,,,,,,,,,,,,,,,,,,,,,,,,,,,,,,,,,,,,,,,,,,,,,,,,,
33250000,605,-3448,-203,-174,832,25119,1882,607,610,-199,-2,7600,1159,658,14360,1289,-344,231,14360,1486000,1521000,1703000,1692000,97,97,126,125,,,,,,,,,,,,,,,,,,,,,,,,,,,,,,,,,,,,,,,,,,,,,,,,,,,,,,,,,,,,,,,,,,,,,,,,,,,,,,,,,,,,
33303000,1920,-3947,218,346,228,34091,16408,-795,666,-330,-2,9560,160,669,14844,1281,-382,276,14844,1506000,1508000,1723000,1706000,269,166,345,213,,,,,,,,,,,,,,,,,,,,,,,,,,,,,,,,,,,,,,,,,,,,,,,,,,,,,,,,,,,,,,,,,,,,,,,,,,,,,,,,,,,,
33350000,2913,-2159,48,-30,770,40805,22634,-1223,730,-143,0,11280,520,670,14889,1300,-219,280,14889,1493000,1519000,1745000,1688000,245,134,318,174,,,,,,,,,,,,,,,,,,,,,,,,,,,,,,,,,,,,,,,,,,,,,,,,,,,,,,,,,,,,,,,,,,,,,,,,,,,,,,,,,,,,
33403000,5729,-1193,-192,26,798,54232,6704,-1650,459,-30,0,11000,839,670,14889,1286,-250,280,14889,1575000,1415000,1699000,1738000,217,442,280,568,,,,,,,,,,,,,,,,,,,,,,,,,,,,,,,,,,,,,,,,,,,,,,,,,,,,,,,,,,,,,,,,,,,,,,,,,,,,,,,,,,,,
33450000,6884,-772,59,524,994,26889,-6479,-795,313,2,-2,10480,799,671,14933,1291,-178,284,14933,1487000,1530000,1701000,1733000,135,243,,,,,,,,,,,,,,,,,,,,,,,,,,,,,,,,,,,,,,,,,,,,,,,,,,,,,,,,,,,,,,,,,,,,,,,,,,,,,,,,,,,,,,
33503000,6221,-146,-193,-322,1220,22921,-7761,-2810,287,57,0,9520,799,672,14978,1279,-180,287,14978,1525000,1462000,1709226,504,290,645,,,,,,,,,,,,,,,,,,,,,,,,,,,,,,,,,,,,,,,,,,,,,,,,,,,,,,,,,,,,,,,,,,,,,,,,,,,,,,,,,,,,,,
33550000,6098,-464,-311,-101,1036,20846,-11484,-795,-389,85,0,1640,1440,671,14933,1259,-197,284,14933,1619000,1369000,1678000,1755000,340,464,428,584,,,,,,,,,,,,,,,,,,,,,,,,,,,,,,,,,,,,,,,,,,,,,,,,,,,,,,,,,,,,,,,,,,,,,,,,,,,,,,,,,,,,
33603000,6170,-1547,378,-76,842,-23220,-11362,-3725,-541,36,-2,-39,1959,670,14889,1246,-340,280,14889,1444000,1522000,1709000,1759000,431,477,33650000,3812,-1530,233,-2,-101,-45254,2675,-4335,-971,222,-62,-7319,4080,671,14933,1224,-404,284,14933,1488000,1407000,1803000,1708000,227,854,278,1046,,,,,,,,,,,,,,,,,,,,,,,,,,,,,,,,,,,,,,,,,,,,,,,,,,,,,,,,,,
33703000,926,-1746,380,398,903,-51846,-16062,2866,-1047,242,-79,-11079,4519,671,14933,1188,-340,284,14933,1504000,1490000,1697000,1752000,237,748,282,889,,,,,,,,,,,,,,,,,,,,,,,,,,,,,,,,,,,,,,,,,,,,,,,,,,,,,,,,,,,,,,,,,,,,,,,,,,,,,,,,,,,,
33750000,-1713,-2032,157,-182,175,-72293,-14047,-3542,-1250,398,-73,-16039,6599,671,14933,1164,-473,284,14933,1445000,1451000,1773000,1742000,365,424,1102,,,,,,,,,,,,,,,,,,,,,,,,,,,,,,,,,,,,,,,,,,,,,,,,,,,,,,,,,,,,,,,,,,,,,,,,,,,,,,,,,,,,,
33803000,-3906,-2911,32,404,1507,-76565,-27170,2561,-1062,321,-58,-16080,6599,672,14978,1132,-490,287,14978,1477000,1524000,1685000,1755000,287,823,325,932,,,,,,,,,,,,,,,,,,,,,,,,,,,,,,,,,,,,,,,,,,,,,,,,,,,,,,,,,,,,,,,,,,,,,,,,,,,,,,,,,,,,
33850000,-7140,-4517,279,-285,419,-69546,-21127,-368,-783,94,-25,-16119,5599,671,14933,110422,982,468,1089,,,,,,,,,,,,,,,,,,,,,,,,,,,,,,,,,,,,,,,,,,,,,,,,,,,,,,,,,,,,,,,,,,,,,,,,,,,,,,,,,,,,,,,,,,,,
33903000,-8649,-5006,46,-502,780,-44827,-13864,2988,-630,-24,-23,-15879,4719,672,14978,1093,-537,287,14978,1513000,1528000,1688000,1730000,253,863,277,943,,,,,,,,,,,,,,,,,,,,,,,,,,,,,,,,,,,,,,,,,,,,,,,,,,,,,,,,,,,,,,,,,,,,,,,,,,,,,,,,,,,,
33950000,-8648,-3830,-171,-47,392,-46231,-620,-795,-473,-61,-6,-14080,3120,671,34003000,-8850,-3857,376,5,402,-28408,-314,-2077,-243,-130,-6,-11640,2360,671,14933,1053,-489,284,14933,1497000,1480000,1700000,1761000,340,697,358,734,,,,,,,,,,,,,,,,,,,,,,,,,,,,,,,,,,,,,,,,,,,,,,,,,,,,,,,,,,,,,,,,,,,,,
34050000,-8507,-3294,126,-117,383,-12722,-2695,1096,-245,-81,-2,-11320,2360,672,14978,1034,-461,287,14978,1542000,1487000,1699000,1729000,84,557,86,576,,,,,,,,,,,,,,,,,,,,,,,,,,,,,,,,,,,,,,,,,,,,,,,,,,,,,,,,,,,,,,,,,,,,,,,,,,,,,,,,,,,,
34103000,-7488,-3680,117,-70,649,-19375,-5869,-3908,84,-282,-2,-6519,439,671,14933,1008,-463,284,14933,1361000,1569000,1686000,1790000,129,170,130,172,,,,,,,,,,,,,,,,,,,,,,,,,,,,,,,,,,,,,,,,,,,,,,,,,,,,,,,,,,,,,,,,,,,,,,,,,,,,,,,,,,,,
34150000,-7399,-2356,6,28,1562,4122,10671,-185,446,-191,-4,-2279,160,672,14978,987,-369,287,14978,1488000,1516000,1725000,1718000,138,276,136,273,,,,,,,,,,,,,,,,,,,,,,,,,,,,,,,,,,,,,,,,,,,,,,,,,,,,,,,,,,,,,,,,,,,,,,,,,,,,,,,,,,,,
34203000,-6137,-1818,-106,-339,1185,42086,8229,-1040,434,-144,-4,-1159,160,672,14978,960,-394,287,14978,1551000,1436000,1710000,1745000,261,56,251,54,,,,,,,,,,,,,,,,,,,,,,,,,,,,,,,,,,,,,,,,,,,,,,,,,,,,,,,,,,,,,,,,,,,,,,,,,,,,,,,,,,,,
34250000,-2176,-2533,-143,-291,1285,33175,-1779,-4885,214,-214,-4,280,79,671,14933,950,-395,284,14933,1494000,1432000,1707000,1786000,153,-30,145,-29,,,,,,,,,,,,,,,,,,,,,,,,,,,,,,,,,,,,,,,,,,,,,,,,,,,,,,,,,,,,,,,,,,,,,,,,,,,,,,,,,,,,
34303000,637,-2783,30,330,1165,20602,12502,-5190,-20,-235,-4,399,79,672,14978,929,-361,287,14978,1509000,1410000,1734000,1767000,226,14,210,13,,,,,,,,,,,,,,,,,,,,,,,,,,,,,,,,,,,,,,,,,,,,,,,,,,,,,,,,,,,,,,,,,,,,,,,,,,,,,,,,,,,,
34350000,1732,-3546,207,339,654,17489,16530,-3115,-15,-299,-4,1560,119,686,15608,908,-367,343,15608,1513000,1440000,1728000,1752000,25,24,22,21,,,,,,,,,,,,,,,,,,,,,,,,,,,,,,,,,,,,,,,,,,,,,,,,,,,,,,,,,,,,,,,,,,,,,,,,,,,,,,,,,,,,
34403000,1065,-2262,-138,-226,521,12789,7985,-3786,116,-190,-2,2400,79,707,16579,884,-414,428,16579,1520000,1513000,1746000,1800000,22,-211,19,-186,,,,,,,,,,,,,,,,,,,,,,,,,,,,,,,,,,,,,,,,,,,,,,,,,,,,,,,,,,,,,,,,,,,,,,,,,,,,,,,,,,,,
34450000,413,-1637,1,44,1218,20724,11220,-4213,176,-135,0,2439,79,706,16532,834,-370,423,16532,1545000,1476000,1748000,1802000,160,-236,133,-197,,,,,,,,,,,,,,,,,,,,,,,,,,,,,,,,,,,,,,,,,,,,,,,,,,,,,,,,,,,,,,,,,,,,,,,,,,,,,,,,,,,,
34503000,1215,-594,-276,-293,1736,22555,1882,-1040,113,-41,2,2520,119,706,16532,814,-358,423,16532,1547000,1524000,1725000,1795000,-5,-284,-4,-231,,,,,,,,,,,,,,,,,,,,,,,,,,,,,,,,,,,,,,,,,,,,,,,,,,,,,,,,,,,,,,,,,,,,,,,,,,,,,,,,,,,,
34549000,2616,-498,-69,498,1101,18893,11464,-6166,49,-44,-2,2920,479,708,16626,782,-432,432,16626,1579000,1410000,1758000,1806000,91,-145,71,-113,,,,,,,,,,,,,,,,,,,,,,,,,,,,,,,,,,,,,,,,,,,,,,,,,,,,,,,,,,,,,,,,,,,,,,,,,,,,,,,,,,,,
34603000,2471,-1487,-81,170,1186,12362,4689,-5861,35,-53,-2,2880,880,707,16579,777,-375,428,16579,1513000,1477000,1769000,1806000,115,-411,89,-319,,,,,,,,,,,,,,,,,,,,,,,,,,,,,,,,,,,,,,,,,,,,,,,,,,,,,,,,,,,,,,,,,,,,,,,,,,,,,,,,,,,,
34650000,3038,-1828,413,331,283,18038,11953,-4702,69,-75,10,3840,959,711,16767,752,-433,444,16767,1569000,1451000,1769000,1796000,-3,-248,-2,-186,,,,,,,,,,,,,,,,,,,,,,,,,,,,,,,,,,,,,,,,,,,,,,,,,,,,,,,,,,,,,,,,,,,,,,,,,,,,,,,,,,,,
34703000,3656,-1154,226,236,674,19198,14333,-6228,23,35,-2,3919,1559,708,16626,733,-419,432,16626,1576000,1387000,1800000,1782000,141,-243,103,-178,,,,,,,,,,,,,,,,,,,,,,,,,,,,,,,,,,,,,,,,,,,,,,,,,,,,,,,,,,,,,,,,,,,,,,,,,,,,,,,,,,,,
34750000,2881,-492,-249,-384,830,7174,-3488,-1894,52,166,0,3480,2400,709,16673,737,-271,435,16673,1541000,1508000,1746000,1796000,108,-247,79,-182,,,,,,,,,,,,,,,,,,,,,,,,,,,,,,,,,,,,,,,,,,,,,,,,,,,,,,,,,,,,,,,,,,,,,,,,,,,,,,,,,,,,
34803000,2548,-838,54,-191,1034,11813,-10935,913,109,286,0,3800,4119,708,16626,714,-345,432,16626,1585000,1497000,1725000,1788000,94,-138,67,-98,,,,,,,,,,,,,,,,,,,,,,,,,,,,,,,,,,,,,,,,,,,,,,,,,,,,,,,,,,,,,,,,,,,,,,,,,,,,,,,,,,,,
34850000,2534,-691,-434,-180,1312,-149,-10019,-3603,92,372,0,3600,4960,707,16579,690,-319,428,16579,1521000,1496000,1763000,1795000,227,-465,156,-321,,,,,,,,,,,,,,,,,,,,,,,,,,,,,,,,,,,,,,,,,,,,,,,,,,,,,,,,,,,,,,,,,,,,,,,,,,,,,,,,,,,,
34903000,3072,-3189,-179,-21,1438,1498,-18137,1218,42,157,0,3559,5000,706,16532,676,-238,423,16532,1550000,1535000,1704000,1803000,45,-469,30,-317,,,,,,,,,,,,,,,,,,,,,,,,,,,,,,,,,,,,,,,,,,,,,,,,,,,,,,,,,,,,,,,,,,,,,,,,,,,,,,,,,,,,
34950000,3421,-3439,8,351,1107,1803,-4709,-246,12,132,0,3559,4960,707,16579,677,-212,428,16579,1568000,1493000,1738000,1788000,273,-146,185,-98,,,,,,,,,,,,,,,,,,,,,,,,,,,,,,,,,,,,,,,,,,,,,,,,,,,,,,,,,,,,,,,,,,,,,,,,,,,,,,,,,,,,
35003000,2350,-3038,308,417,83,-10830,-2023,-3603,42,52,2,2840,3639,707,16579,669,-187,428,16579,1493000,1522000,1771000,1788000,199,-264,133,-176,,,,,,,,,,,,,,,,,,,,,,,,,,,,,,,,,,,,,,,,,,,,,,,,,,,,,,,,,,,,,,,,,,,,,,,,,,,,,,,,,,,,
35050000,1548,-3514,361,196,777,-576,-5380,-734,53,-86,-2,2160,2519,707,16579,655,-239,428,16579,1568000,1481000,1724000,1807000,-87,-235,-57,-154,,,,,,,,,,,,,,,,,,,,,,,,,,,,,,,,,,,,,,,,,,,,,,,,,,,,,,,,,,,,,,,,,,,,,,,,,,,,,,,,,,,,
35103000,2352,-3219,60,497,888,5892,9084,-3847,-135,-266,2,800,160,708,16626,658,-200,432,16626,1610000,1376000,1757000,1805000,108,-105,71,-69,,,,,,,,,,,,,,,,,,,,,,,,,,,,,,,,,,,,,,,,,,,,,,,,,,,,,,,,,,,,,,,,,,,,,,,,,,,,,,,,,,,,
35150000,1987,-3628,316,-217,623,-7412,7436,-3359,-138,-302,-2,399,160,708,16626,648,-150,432,16626,1525000,1492000,1758000,1803000,-110,-261,-71,-169,,,,,,,,,,,,,,,,,,,,,,,,,,,,,,,,,,,,,,,,,,,,,,,,,,,,,,,,,,,,,,,,,,,,,,,,,,,,,,,,,,,,
35203000,1339,-2095,-94,287,866,-23587,18728,-2565,-78,-172,2,440,119,706,16532,633,-168,423,16532,1515000,1513000,1767000,1781000,-101,-235,-64,-148,,,,,,,,,,,,,,,,,,,,,,,,,,,,,,,,,,,,,,,,,,,,,,,,,,,,,,,,,,,,,,,,,,,,,,,,,,,,,,,,,,,,
35250000,687,-837,-105,-645,1856,-8450,13295,2805,-21,-66,2,440,79,707,16579,610,-172,428,16579,1565000,1541000,1739000,1755000,34,42,20,26,,,,,,,,,,,,,,,,,,,,,,,,,,,,,,,,,,,,,,,,,,,,,,,,,,,,,,,,,,,,,,,,,,,,,,,,,,,,,,,,,,,,
35303000,673,-857,377,187,1659,5465,2797,-124,-20,-67,0,440,79,708,16626,628,-75,432,16626,1579000,1483000,1733000,1793000,48,-133,30,-83,,,,,,,,,,,,,,,,,,,,,,,,,,,,,,,,,,,,,,,,,,,,,,,,,,,,,,,,,,,,,,,,,,,,,,,,,,,,,,,,,,,,
35350000,-415,-1379,-284,-511,840,-576,-1962,4025,74,-113,0,440,79,707,16579,611,-81,428,16579,1581000,1541000,1708000,1773000,122,-362,74,-221,,,,,,,,,,,,,,,,,,,,,,,,,,,,,,,,,,,,,,,,,,,,,,,,,,,,,,,,,,,,,,,,,,,,,,,,,,,,,,,,,,,,
35403000,-98,-1189,481,223,733,12362,9328,2255,46,-93,0,440,119,707,16579,634,-37,428,16579,1616000,1475000,1728000,1771000,-67,-228,-42,-144,,,,,,,,,,,,,,,,,,,,,,,,,,,,,,,,,,,,,,,,,,,,,,,,,,,,,,,,,,,,,,,,,,,,,,,,,,,,,,,,,,,,
35450000,207,195,-162,-429,1639,6930,7741,4086,55,58,2,840,479,707,16579,618,29,428,16579,1589000,1538000,1723000,1755000,0,-408,0,-252,,,,,,,,,,,,,,,,,,,,,,,,,,,,,,,,,,,,,,,,,,,,,,,,,,,,,,,,,,,,,,,,,,,,,,,,,,,,,,,,,,,,
35503000,948,460,457,-16,1205,13522,-11911,3903,105,116,0,2160,880,717,17051,621,90,468,17051,1605000,1542000,1689000,1805000,-5,-262,-3,-162,,,,,,,,,,,,,,,,,,,,,,,,,,,,,,,,,,,,,,,,,,,,,,,,,,,,,,,,,,,,,,,,,,,,,,,,,,,,,,,,,,,,
35550000,10,699,-533,-562,1017,1132,1882,3110,250,144,0,2880,959,716,17003,630,126,464,17003,1552000,1585000,1753000,1749000,198,-191,125,-120,,,,,,,,,,,,,,,,,,,,,,,,,,,,,,,,,,,,,,,,,,,,,,,,,,,,,,,,,,,,,,,,,,,,,,,,,,,,,,,,,,,,
35603000,669,-948,0,-372,888,23959,6093,3049,231,25,0,3320,1239,717,17051,641,160,468,17051,1629000,1505000,1733000,1771000,106,-257,68,-165,,,,,,,,,,,,,,,,,,,,,,,,,,,,,,,,,,,,,,,,,,,,,,,,,,,,,,,,,,,,,,,,,,,,,,,,,,,,,,,,,,,,
35650000,1860,-909,-234,142,1614,7174,13173,2683,151,39,0,3600,1359,718,17099,663,311,471,17099,1562000,1578000,1759000,1749000,155,-351,102,-233,,,,,,,,,,,,,,,,,,,,,,,,,,,,,,,,,,,,,,,,,,,,,,,,,,,,,,,,,,,,,,,,,,,,,,,,,,,,,,,,,,,,
35703000,2046,-1519,4,-290,745,-2590,11098,4086,139,-13,0,3640,1359,717,17051,651,232,468,17051,1561000,1596000,1722000,1768000,232,-276,151,-179,,,,,,,,,,,,,,,,,,,,,,,,,,,,,,,,,,,,,,,,,,,,,,,,,,,,,,,,,,,,,,,,,,,,,,,,,,,,,,,,,,,,
35750000,2926,-1290,-182,442,1206,7968,6520,5307,58,2,0,3600,1319,716,17003,666,195,464,17003,1646000,1521000,1717000,1757000,283,-359,188,-239,,,,,,,,,,,,,,,,,,,,,,,,,,,,,,,,,,,,,,,,,,,,,,,,,,,,,,,,,,,,,,,,,,,,,,,,,,,,,,,,,,,,
35803000,3547,-968,-228,326,1251,4367,-2573,4147,8,30,0,3640,1319,716,17003,688,312,464,17003,1607000,1553000,1727000,1757000,343,-151,236,-104,,,,,,,,,,,,,,,,,,,,,,,,,,,,,,,,,,,,,,,,,,,,,,,,,,,,,,,,,,,,,,,,,,,,,,,,,,,,,,,,,,,,
35850000,2900,-572,57,45,765,-698,7985,2744,-1,96,0,2880,1679,715,16956,696,285,459,16956,1600000,1541000,1758000,1738000,399,9,277,6,,,,,,,,,,,,,,,,,,,,,,,,,,,,,,,,,,,,,,,,,,,,,,,,,,,,,,,,,,,,,,,,,,,,,,,,,,,,,,,,,,,,
35903000,2621,366,-543,-52,1329,2719,-5258,4270,-36,248,0,2200,2479,713,16861,728,325,452,16861,1623000,1537000,1745000,1730000,458,-147,333,-107,,,,,,,,,,,,,,,,,,,,,,,,,,,,,,,,,,,,,,,,,,,,,,,,,,,,,,,,,,,,,,,,,,,,,,,,,,,,,,,,,,,,
35950000,2724,-509,322,662,1223,10470,-20517,2988,-136,227,-2,1159,3120,712,16814,727,322,448,16814,1630000,1506000,1711000,1772000,554,-100,403,-72,,,,,,,,,,,,,,,,,,,,,,,,,,,,,,,,,,,,,,,,,,,,,,,,,,,,,,,,,,,,,,,,,,,,,,,,,,,,,,,,,,,,
36003000,2275,-1484,-274,-55,1675,-8023,-23691,2866,-139,216,0,680,3959,712,16814,723,370,448,16814,1582000,1564000,1717000,1764000,522,-34,377,-25,,,,,,,,,,,,,,,,,,,,,,,,,,,,,,,,,,,,,,,,,,,,,,,,,,,,,,,,,,,,,,,,,,,,,,,,,,,,,,,,,,,,
36050000,729,-2268,-41,275,936,-23709,-19235,1340,-199,283,2,-1559,5520,711,16767,740,289,444,16767,1575000,1551000,1737000,1757000,674,76,498,56,,,,,,,,,,,,,,,,,,,,,,,,,,,,,,,,,,,,,,,,,,,,,,,,,,,,,,,,,,,,,,,,,,,,,,,,,,,,,,,,,,,,
36103000,-598,-2994,-127,-400,966,-17910,-24667,3720,-139,258,-2,-2199,5959,709,16673,752,285,435,16673,1573000,1578000,1701000,1764000,453,-91,341,-68,,,,,,,,,,,,,,,,,,,,,,,,,,,,,,,,,,,,,,,,,,,,,,,,,,,,,,,,,,,,,,,,,,,,,,,,,,,,,,,,,,,,
36150000,-907,-2903,-212,233,756,-12112,-23020,1706,-147,301,-4,-2600,6359,708,16626,779,296,432,16626,1593000,1527000,1715000,1770000,492,6,383,4,,,,,,,,,,,,,,,,,,,,,,,,,,,,,,,,,,,,,,,,,,,,,,,,,,,,,,,,,,,,,,,,,,,,,,,,,,,,,,,,,,,,
36203000,-1199,-2931,128,97,106,-19070,-26254,668,-143,299,2,-2839,6359,710,16720,806,358,439,16720,1555000,1563000,1706000,1788000,360,190,290,153,,,,,,,,,,,,,,,,,,,,,,,,,,,,,,,,,,,,,,,,,,,,,,,,,,,,,,,,,,,,,,,,,,,,,,,,,,,,,,,,,,,,
36250000,-1416,-3753,-473,-207,1453,-20352,-24240,1523,-75,234,-2,-2279,6440,708,16626,854,467,432,16626,1570000,1551000,1695000,1788000,465,-65,397,-55,,,,,,,,,,,,,,,,,,,,,,,,,,,,,,,,,,,,,,,,,,,,,,,,,,,,,,,,,,,,,,,,,,,,,,,,,,,,,,,,,,,,
36303000,-2266,-4237,261,-32,399,-5459,-29672,485,26,192,-2,-1959,6440,709,16673,870,463,435,16673,1571000,1538000,1704000,1793000,246,220,214,191,,,,,,,,,,,,,,,,,,,,,,,,,,,,,,,,,,,,,,,,,,,,,,,,,,,,,,,,,,,,,,,,,,,,,,,,,,,,,,,,,,,,
36350000,-1888,-4027,-222,-449,1263,-12966,-26437,3720,94,123,-2,-799,5439,708,16626,891,471,432,16626,1564000,1587000,1671000,1788000,423,38,377,34,,,,,,,,,,,,,,,,,,,,,,,,,,,,,,,,,,,,,,,,,,,,,,,,,,,,,,,,,,,,,,,,,,,,,,,,,,,,,,,,,,,,
36403000,-493,-5601,368,354,299,9371,-18625,1584,8,-101,0,-399,4440,709,16673,914,436,435,16673,1622000,1499000,1675000,1805000,221,213,202,195,,,,,,,,,,,,,,,,,,,,,,,,,,,,,,,,,,,,,,,,,,,,,,,,,,,,,,,,,,,,,,,,,,,,,,,,,,,,,,,,,,,,
36450000,-95,-5672,404,-171,1209,3451,-14597,1950,57,-484,-2,559,119,708,16626,928,423,432,16626,1584000,1544000,1654000,1819000,107,-180,99,-167,,,,,,,,,,,,,,,,,,,,,,,,,,,,,,,,,,,,,,,,,,,,,,,,,,,,,,,,,,,,,,,,,,,,,,,,,,,,,,,,,,,,
36503000,-157,-5451,61,202,964,-4971,25808,-979,55,-458,0,480,199,707,16579,968,499,428,16579,1531000,1559000,1763000,1747000,13,-11,13,-10,,,,,,,,,,,,,,,,,,,,,,,,,,,,,,,,,,,,,,,,,,,,,,,,,,,,,,,,,,,,,,,,,,,,,,,,,,,,,,,,,,,,
36550000,-75,-3226,-263,49,1746,10836,32277,1462,41,-267,-2,399,160,671,14933,992,531,284,14933,1583000,1445000,1691000,1729000,-74,-93,-74,-92,,,,,,,,,,,,,,,,,,,,,,,,,,,,,,,,,,,,,,,,,,,,,,,,,,,,,,,,,,,,,,,,,,,,,,,,,,,,,,,,,,,,
36603000,255,-1491,140,-301,31,-942,26113,1035,9,-123,2,360,79,672,14978,1025,507,287,14978,1522000,1514000,1694000,1729000,-415,-92,-426,-94,,,,,,,,,,,,,,,,,,,,,,,,,,,,,,,,,,,,,,,,,,,,,,,,,,,,,,,,,,,,,,,,,,,,,,,,,,,,,,,,,,,,
36650000,574,-601,10,-152,872,-3872,18605,2622,-15,-48,-2,399,39,673,15022,1034,514,291,15022,1547000,1505000,1679000,1724000,-362,-148,-374,-153,,,,,,,,,,,,,,,,,,,,,,,,,,,,,,,,,,,,,,,,,,,,,,,,,,,,,,,,,,,,,,,,,,,,,,,,,,,,,,,,,,,,
36703000,326,-1007,-17,22,1286,-637,23244,2561,34,-80,0,720,79,672,14978,1080,506,287,14978,1544000,1510000,1678000,1723000,-344,-116,-371,-126,,,,,,,,,,,,,,,,,,,,,,,,,,,,,,,,,,,,,,,,,,,,,,,,,,,,,,,,,,,,,,,,,,,,,,,,,,,,,,,,,,,,
36750000,18,130,65,-183,1086,-2041,23610,2499,61,18,0,720,79,672,14978,1086,435,287,14978,1521000,1540000,1725000,1679000,-503,87,-546,94,,,,,,,,,,,,,,,,,,,,,,,,,,,,,,,,,,,,,,,,,,,,,,,,,,,,,,,,,,,,,,,,,,,,,,,,,,,,,,,,,,,,
36803000,216,1671,-233,127,1203,7662,17507,5185,78,149,0,1119,39,670,14889,1099,431,280,14889,1575000,1521000,1693000,1675000,-535,-101,-588,-111,,,,,,,,,,,,,,,,,,,,,,,,,,,,,,,,,,,,,,,,,,,,,,,,,,,,,,,,,,,,,,,,,,,,,,,,,,,,,,,,,,,,
36850000,17,2120,-457,52,1736,12545,9877,4331,103,191,-2,1200,79,636,13416,1110,422,143,13416,1530000,1477000,1631000,1685000,-225,-250,-249,-277,,,,,,,,,,,,,,,,,,,,,,,,,,,,,,,,,,,,,,,,,,,,,,,,,,,,,,,,,,,,,,,,,,,,,,,,,,,,,,,,,,,,
36903000,1063,1793,466,3,-22,16085,-620,4636,15,163,0,1240,79,637,13458,1138,377,148,13458,1539000,1477000,1631000,1678000,-393,-184,-447,-210,,,,,,,,,,,,,,,,,,,,,,,,,,,,,,,,,,,,,,,,,,,,,,,,,,,,,,,,,,,,,,,,,,,,,,,,,,,,,,,,,,,,
36950000,972,448,641,145,413,9127,-2634,3415,30,46,0,1319,79,638,13500,1159,333,152,13500,1546000,1457000,1625000,1698000,-367,-298,-426,-345,,,,,,,,,,,,,,,,,,,,,,,,,,,,,,,,,,,,,,,,,,,,,,,,,,,,,,,,,,,,,,,,,,,,,,,,,,,,,,,,,,,,
37003000,779,1645,-125,-286,562,-2041,12746,3110,109,150,0,2040,79,636,13416,1181,258,143,13416,1482000,1517000,1689000,1633000,-302,-171,-357,-202,,,,,,,,,,,,,,,,,,,,,,,,,,,,,,,,,,,,,,,,,,,,,,,,,,,,,,,,,,,,,,,,,,,,,,,,,,,,,,,,,,,,
37050000,1774,1170,140,-161,632,4794,8107,2499,92,105,0,2840,39,636,13416,1208,217,143,13416,1524000,14700037103000,509,989,-127,-251,765,1742,3286,1157,283,96,0,3760,119,636,13416,1211,308,143,13416,1459000,1516000,1687000,1637150000,717,-28,59,-485,191,19503,6704,974,419,14,0,5520,199,636,13416,1234,267,143,13416,1519000,1450000,1680000,16,-319,-309,,,,,,,,,,,,,,,,,,,,,,,,,,,,,,,,,,,,,,,,,,
37203000,1001,-1177,119,326,1313,28414,-3000,1035,13458,1242,261,148,13458,1492000,1483000,1658000,1684000,-195,-145,37250000,1647,-950,-178,-71,701,22982,3347,241,568,-34,2,8160,559,638,13500,1259,251,152,13500,1460000,1510000,1698000,1637303000,2174,-543,-44,334,1216,29147,-2023,1767,606,-29,0,9119,199,637,13458,1262,207,148,13458,1509000,1484000,1643000,1692000,-246,-151,-311,-191,,,,,,,,,,,,,,,,,,,,,,,,,,,,,,,,,,,,,,,,,
37350000,3368,-1332,-20,212,1343,34640,5117,1584,561,-98,0,9800,199,638,13500,1262,98,152,13500,1529000,1460000,1672000,1665000,-327,-238,-412,-300,,,,,,,,,,,,,,,,,,,,,,,,,,,,,,,,,,,,,,,,,,,,,,,,,,,,,,,,,,,,,,,,,,,,,,,,,,,,,,,,,,,,
37403000,3703,-1448,-49,149,1181,35433,1943,-1772,619,-77,-4,10800,559,637,13458,1264,53,148,13458,1469000,1464000,1674000,1702000,-131,-83,-166,-105,,,,,,,,,,,,,,,,,,,,,,,,,,,,,,,,,,,,,,,,,,,,,,,,,,,,,,,,,,,,,,,,,,,,,,,,,,,,,,,,,,,,
37450000,3783,-1450,27,309,1337,40805,4567,1584,615,-74,-2,10840,599,637,13458,1290,72,148,13458,1538000,1449000,1657000,1681000,-71,104,-92,134,,,,,,,,,,,,,,,,,,,,,,,,,,,,,,,,,,,,,,,,,,,,,,,,,,,,,,,,,,,,,,,,,,,,,,,,,,,,,,,,,,,,
37503000,5141,-1090,-198,-15,1108,37997,5788,-2077,382,-46,0,9520,559,637,13458,1267,-12,148,13458,1509000,1416000,1686000,1688000,-91,44,-115,56,,,,,,,,,,,,,,,,,,,,,,,,,,,,,,,,,,,,,,,,,,,,,,,,,,,,,,,,,,,,,,,,,,,,,,,,,,,,,,,,,,,,
37550000,5774,-2220,9,169,540,24813,2065,1401,246,-172,0,8600,239,638,13500,1269,-169,152,13500,1531000,1456000,1639000,1698000,8,176,10,224,,,,,,,,,,,,,,,,,,,,,,,,,,,,,,,,,,,,,,,,,,,,,,,,,,,,,,,,,,,,,,,,,,,,,,,,,,,,,,,,,,,,
37603000,4989,-2391,-228,-482,1008,10958,8046,607,0,-187,0,5000,239,638,13500,1247,-186,152,13500,1527000,1448000,1673000,1674000,132,385,164,480,,,,,,,,,,,,,,,,,,,,,,,,,,,,,,,,,,,,,,,,,,,,,,,,,,,,,,,,,,,,,,,,,,,,,,,,,,,,,,,,,,,,
37650000,5125,-2188,195,-515,203,-8877,11831,-1528,-126,-166,0,3680,279,638,13500,1239,-254,152,13500,1489000,1456000,1685000,1685000,16,532,20,659,,,,,,,,,,,,,,,,,,,,,,,,,,,,,,,,,,,,,,,,,,,,,,,,,,,,,,,,,,,,,,,,,,,,,,,,,,,,,,,,,,,,
37703000,3973,-2595,-152,320,747,-24136,3347,363,-221,-111,-2,1440,1319,645,13798,1207,-287,179,13798,1478000,1514000,1664000,1700000,-18,749,-22,904,,,,,,,,,,,,,,,,,,,,,,,,,,,,,,,,,,,,,,,,,,,,,,,,,,,,,,,,,,,,,,,,,,,,,,,,,,,,,,,,,,,,
37750000,3102,-1622,-119,-130,663,-27859,6765,-429,-371,46,0,-1159,2159,646,13841,1172,-427,184,13841,1502000,1479000,1705000,1667000,-31,852,-36,999,,,,,,,,,,,,,,,,,,,,,,,,,,,,,,,,,,,,,,,,,,,,,,,,,,,,,,,,,,,,,,,,,,,,,,,,,,,,,,,,,,,,
37803000,1348,-3147,336,351,447,-35488,-498,-2687,-711,18,-2,-6799,3359,656,14273,1140,-620,224,14273,1510000,1433000,1693000,1708000,193,985,220,1123,,,,,,,,,,,,,,,,,,,,,,,,,,,,,,,,,,,,,,,,,,,,,,,,,,,,,,,,,,,,,,,,,,,,,,,,,,,,,,,,,,,,
37850000,-141,-2640,360,3,80,-60025,-6235,-4946,-766,90,0,-8920,3680,671,14933,1106,-669,284,14933,1447000,1520000,1736000,1732000,117,1079,129,1194,,,,,,,,,,,,,,,,,,,,,,,,,,,,,,,,,,,,,,,,,,,,,,,,,,,,,,,,,,,,,,,,,,,,,,,,,,,,,,,,,,,,
37903000,-2588,-2726,-179,563,1163,-53067,-25766,-1345,-779,118,0,-11519,4080,670,14889,1055,-679,280,14889,1525000,1494000,1661000,1764000,95,1354,101,1429,,,,,,,,,,,,,,,,,,,,,,,,,,,,,,,,,,,,,,,,,,,,,,,,,,,,,,,,,,,,,,,,,,,,,,,,,,,,,,,,,,,,
37950000,-4151,-3742,107,207,258,-65151,-22897,-3664,-677,25,2,-11919,4040,671,14933,1018,-761,284,14933,1458000,1526000,1699000,1756000,145,1265,148,1288,,,,,,,,,,,,,,,,,,,,,,,,,,,,,,,,,,,,,,,,,,,,,,,,,,,,,,,,,,,,,,,,,,,,,,,,,,,,,,,,,,,,
38003000,-7382,-3321,155,-65,473,-41653,-14169,-3420,-434,90,0,-12360,4359,707,16579,968,-857,428,16579,1530000,1545000,1765000,1756000,336,1274,326,1233,,,,,,,,,,,,,,,,,,,,,,,,,,,,,,,,,,,,,,,,,,,,,,,,,,,,,,,,,,,,,,,,,,,,,,,,,,,,,,,,,,,,
38050000,-7654,-3156,51,188,824,-36404,-22226,-4519,-407,108,0,-12319,4400,707,16579,962,-736,428,16579,1514000,1536000,1735000,1793000,203,1255,195,1207,,,,,,,,,,,,,,,,,,,,,,,,,,,,,,,,,,,,,,,,,,,,,,,,,,,,,,,,,,,,,,,,,,,,,,,,,,,,,,,,,,,,
38103000,-6868,-3715,17,232,687,-32376,-29978,-6166,-315,-48,0,-10480,3159,708,16626,891,-721,432,16626,1504000,1527000,1721000,1828000,218,1167,194,1040,,,,,,,,,,,,,,,,,,,,,,,,,,,,,,,,,,,,,,,,,,,,,,,,,,,,,,,,,,,,,,,,,,,,,,,,,,,,,,,,,,,,
38150000,-6707,-5078,459,116,921,-25906,-21738,-979,-144,-198,2,-8360,2799,708,16626,881,-668,432,16626,1515000,1587000,1683000,1811000,240,1223,211,1078,,,,,,,,,,,,,,,,,,,,,,,,,,,,,,,,,,,,,,,,,,,,,,,,,,,,,,,,,,,,,,,,,,,,,,,,,,,,,,,,,,,,
38203000,-5819,-5086,-192,-82,1772,-17178,-13071,-734,36,-311,2,-5399,1519,707,16579,845,-620,428,16579,1518000,1586000,1685000,1809000,252,1021,213,863,,,,,,,,,,,,,,,,,,,,,,,,,,,,,,,,,,,,,,,,,,,,,,,,,,,,,,,,,,,,,,,,,,,,,,,,,,,,,,,,,,,,
38250000,-4829,-5016,-169,34,1419,-4788,6276,-2626,-18,-298,0,-5039,1599,707,16579,825,-583,428,16579,1538000,1536000,1724000,1793000,162,887,134,731,,,,,,,,,,,,,,,,,,,,,,,,,,,,,,,,,,,,,,,,,,,,,,,,,,,,,,,,,,,,,,,,,,,,,,,,,,,,,,,,,,,,
38303000,-3171,-3226,-140,-574,1397,643,9389,2866,-100,-148,0,-4319,1519,707,16579,797,-541,428,16579,1568000,1581000,1696000,1763000,-60,856,-48,683,,,,,,,,,,,,,,,,,,,,,,,,,,,,,,,,,,,,,,,,,,,,,,,,,,,,,,,,,,,,,,,,,,,,,,,,,,,,,,,,,,,,
38350000,-1610,-2548,-189,150,867,-8023,15798,-246,-229,-86,-2,-4239,1559,708,16626,777,-465,432,16626,1541000,1565000,1744000,1751000,-162,811,-126,630,,,,,,,,,,,,,,,,,,,,,,,,,,,,,,,,,,,,,,,,,,,,,,,,,,,,,,,,,,,,,,,,,,,,,,,,,,,,,,,,,,,,
38403000,-1623,-1539,-93,-384,687,-759,8718,3354,-203,1,0,-3959,1559,709,16673,764,-417,435,16673,1593000,1563000,1688000,1765000,-28,743,-21,568,,,,,,,,,,,,,,,,,,,,,,,,,,,,,,,,,,,,,,,,,,,,,,,,,,,,,,,,,,,,,,,,,,,,,,,,,,,,,,,,,,,,
38450000,-547,-1799,59,-270,1050,460,-6906,2255,-290,-24,0,-3879,1519,708,16626,731,-292,432,16626,1587000,1559000,1687000,1777000,-171,381,-125,278,,,,,,,,,,,,,,,,,,,,,,,,,,,,,,,,,,,,,,,,,,,,,,,,,,,,,,,,,,,,,,,,,,,,,,,,,,,,,,,,,,,,
38503000,283,-1450,55,247,930,460,6276,607,-331,9,-2,-3520,1559,707,16579,698,-371,428,16579,1606000,1511000,1732000,1752000,78,414,54,289,,,,,,,,,,,,,,,,,,,,,,,,,,,,,,,,,,,,,,,,,,,,,,,,,,,,,,,,,,,,,,,,,,,,,,,,,,,,,,,,,,,,
38550000,-69,-2236,384,417,783,8456,-9470,3964,-447,28,0,-5200,2560,706,16532,681,-426,423,16532,1665000,1492000,1675000,1768000,-184,418,-125,16579,681,-323,428,16579,1608000,1536000,1689000,1776000,-173,176,-38650000,-621,-2898,-15,-363,1032,-32009,-1901,2316,-671,5,0,-8319,2960,708,16626,632,-301,432,16626,1577000,1575000,1695000,1738703000,-1961,-1772,72,44,1134,-28164,4384,791,-617,68,-2,-9039,2560,708,16626,646,-262,432,16626,1614000,1510000,1719000,1738750000,-3025,-1610,155,60,705,-20352,-11911,2499,-524,54,0,-9039,2239,707,16579,653,-209,428,16579,1609000,1543000,1668000,1785000,-361,-107,-235,-70
38803000,-2844,-2572,-193,-39,1665,-27920,-6296,-1711,-477,-98,2,-8319,1440,707,16579,623,-123,428,16579,1552000,1548000,1704000,1793000,-370,-498,-231,-310,,,,,,,,,,,,,,,,,,,,,,,,,,,,,,,,,,,,,,,,,,,,,,,,,,,,,,,,,,,,,,,,,,,,,,,,,,,,,,,,,,,,
38850000,-4087,-1325,-250,-215,1094,-24929,11708,-3054,-320,-21,0,-7759,1080,707,16579,609,-139,428,16579,1550000,1526000,1752000,1764000,-482,38903000,-4057,-1419,-93,-620,1363,-17971,6826,-2932,-26,-106,2,-4359,199,707,16579,584,-166,428,16579,1533000,1548000,1714000,1838950000,-3117,-1872,-68,-295,662,-12356,5910,-3847,6,-149,0,-3039,160,708,16626,622,-87,432,16626,1518000,1543000,1734000,1792000,-415,-872,-258,-542,,,,,,,,,,,,,,,,,,,,,,,,,,,,,,,,,,,,
39003000,-3121,-1768,156,-52,1087,6259,24343,-917,136,-140,-2,-1559,160,707,16579,571,-86,428,16579,1585000,1512000,1744000,1756000,-599,-1040,-342,-594,,,,,,,,,,,,,,,,,,,,,,,,,,,,,,,,,,,,,,,,,,,,,,,,,,,,,,,,,,,,,,,,,,,,,,,,,,,,,,,,,,,,
39050000,-2847,-525,-518,-294,1795,2413,29897,-3481,178,-35,0,-799,119,706,16532,595,-83,423,16532,1544000,1515000,1765000,1760000,-599,-1040,-356,-619,,,,,,,,,,,,,,,,,,,,,,,,,,,,,,,,,,,,,,,,,,,,,,,,,,,,,,,,,,,,,,,,,,,,,,,,,,,,,,,,,,,,
39103000,-875,627,27,-349,898,21517,16835,302,65,65,0,-119,119,707,16579,569,-128,428,16579,1608000,1503000,1717000,1773000,-599,-1040,-340,-592,,,,,,,,,,,,,,,,,,,,,,,,,,,,,,,,,,,,,,,,,,,,,,,,,,,,,,,,,,,,,,,,,,,,,,,,,,,,,,,,,,,,
39150000,1477,451,161,612,592,16818,25136,-3603,-107,49,0,240,119,707,16579,568,-193,428,16579,1602000,1443000,1751000,1780000,-599,-1040,-340,-591,,,,,,,,,,,,,,,,,,,,,,,,,,,,,,,,,,,,,,,,,,,,,,,,,,,,,,,,,,,,,,,,,,,,,,,,,,,,,,,,,,,,
39203000,2566,254,8,687,501,-393,35878,-5190,-140,64,0,959,479,708,16626,545,-180,432,16626,1538000,1495000,1809000,1739000,-599,-1040,-326,-567,,,,,,,,,,,,,,,,,,,,,,,,,,,,,,,,,,,,,,,,,,,,,,,,,,,,,,,,,,,,,,,,,,,,,,,,,,,,,,,,,,,,
39250000,882,991,-97,-561,1559,7723,28737,-2321,69,163,0,1679,880,707,16579,560,-179,428,16579,1564000,1505000,1780000,1740000,-387,-2712,-216,-1519,,,,,,,,,,,,,,,,,,,,,,,,,,,,,,,,,,,,,,,,,,,,,,,,,,,,,,,,,,,,,,,,,,,,,,,,,,,,,,,,,,,,
39303000,1212,792,-37,-521,1039,19259,15004,-4763,194,425,0,3440,4080,707,16579,560,-62,428,16579,1564000,1465000,1797000,1750000,-387,-2712,-216,-1519,,,,,,,,,,,,,,,,,,,,,,,,,,,,,,,,,,,,,,,,,,,,,,,,,,,,,,,,,,,,,,,,,,,,,,,,,,,,,,,,,,,,
39350000,2752,948,375,555,690,27987,539,-5068,447,585,0,7880,5759,708,16626,510,-124,432,16626,1562000,1459000,1794000,1757000,-387,-2712,-197,-1383,,,,,,,,,,,,,,,,,,,,,,,,,,,,,,,,,,,,,,,,,,,,,,,,,,,,,,,,,,,,,,,,,,,,,,,,,,,,,,,,,,,,
39403000,2538,17,324,-351,1006,34640,-18320,-5312,497,731,-2,8240,8360,706,16532,494,-209,423,16532,1564000,1445000,1785000,1771000,-387,-2712,-191,-1340,,,,,,,,,,,,,,,,,,,,,,,,,,,,,,,,,,,,,,,,,,,,,,,,,,,,,,,,,,,,,,,,,,,,,,,,,,,,,,,,,,,,
39450000,4781,-2255,-77,293,1128,40377,-32053,-4030,343,658,-2,8719,9800,708,16626,501,-136,432,16626,1584000,1444000,1781000,1767000,-387,-2712,-193,-1359,,,,,,,,,,,,,,,,,,,,,,,,,,,,,,,,,,,,,,,,,,,,,,,,,,,,,,,,,,,,,,,,,,,,,,,,,,,,,,,,,,,,
39503000,5252,-3621,-149,86,1323,25302,-27658,-4519,501,598,0,11000,10479,707,16579,555,32,428,16579,1522000,1507000,1797000,1756000,-387,-2712,-214,-1505,,,,,,,,,,,,,,,,,,,,,,,,,,,,,,,,,,,,,,,,,,,,,,,,,,,,,,,,,,,,,,,,,,,,,,,,,,,,,,,,,,,,
39550000,4913,-4971,-113,-264,894,35678,-34677,-4152,649,365,0,12360,9159,708,16626,501,13,432,16626,1546000,1484000,1757000,1794000,-387,-2712,-194,-1361,,,,,,,,,,,,,,,,,,,,,,,,,,,,,,,,,,,,,,,,,,,,,,,,,,,,,,,,,,,,,,,,,,,,,,,,,,,,,,,,,,,,
39603000,5739,-5691,-7,-207,1512,48190,-29794,-551,661,211,0,13320,8120,707,16579,519,49,428,16579,1605000,1466000,1734000,1780000,-387,-2712,-200,-1408,,,,,,,,,,,,,,,,,,,,,,,,,,,,,,,,,,,,,,,,,,,,,,,,,,,,,,,,,,,,,,,,,,,,,,,,,,,,,,,,,,,,
39650000,6240,-5659,-66,34,1284,46115,-14047,-3054,659,33,0,13800,6039,707,16579,490,37,428,16579,1574000,1462000,1769000,1773000,-387,-2712,-189,-1329,,,,,,,,,,,,,,,,,,,,,,,,,,,,,,,,,,,,,,,,,,,,,,,,,,,,,,,,,,,,,,,,,,,,,,,,,,,,,,,,,,,,
39703000,6389,-4973,-318,247,1391,38241,-9531,-551,643,-259,-2,13760,2000,707,16579,519,73,428,16579,1564000,1510000,1728000,1788000,-387,-2712,-200,-1408,,,,,,,,,,,,,,,,,,,,,,,,,,,,,,,,,,,,,,,,,,,,,,,,,,,,,,,,,,,,,,,,,,,,,,,,,,,,,,,,,,,,
39750000,5977,-5079,344,-126,1344,37814,8535,-368,686,-359,0,13840,959,707,16579,478,55,428,16579,1557000,1523000,1750000,1767000,-387,-2712,-185,-1296,,,,,,,,,,,,,,,,,,,,,,,,,,,,,,,,,,,,,,,,,,,,,,,,,,,,,,,,,,,,,,,,,,,,,,,,,,,,,,,,,,,,
39803000,6840,-4176,485,579,1378,53073,12075,-1406,851,-402,2,16600,-440,708,16626,491,153,432,16626,1608000,1448000,1756000,1770000,-387,-2712,-190,-1332,,,,,,,,,,,,,,,,,,,,,,,,,,,,,,,,,,,,,,,,,,,,,,,,,,,,,,,,,,,,,,,,,,,,,,,,,,,,,,,,,,,,
39850000,6558,-4290,-122,-831,773,52401,15432,2499,1043,-562,0,18520,-2160,707,16579,526,76,428,16579,1574000,1544000,1714000,1770000,-387,-239903000,7548,-2655,318,194,614,64242,33437,1767,1083,-612,0,19960,-4360,707,16579,547,191,428,16579,1608000,1495000,1748000,1745000,-387,-2712,-211,-1484,,,,,,,,,,,,,,,,,,,,,,,,,,,,,,,,,,,,,,,,,,,,,,,,,,,,,,,,,,,
39950000,8115,-148,-531,-639,1755,61679,35878,1340,1033,-334,0,19960,-3680,707,16579,546,246,428,16579,1595000,1505000,1769000,1728000,-387,-2712,-211,-1481,,,,,,,,,,,,,,,,,,,,,,,,,,,,,,,,,,,,,,,,,,,,,,,,,,,,,,,,,,,,,,,,,,,,,,,,,,,,,,,,,,,,
40003000,9602,-55,-237,-342,1688,63754,20070,3171,743,-256,0,18120,-2880,707,16579,580,312,428,16579,1641000,1477000,1726000,1751000,-387,-2712,-224,-1573,,,,,,,,,,,,,,,,,,,,,,,,,,,,,,,,,,,,,,,,,,,,,,,,,,,,,,,,,,,,,,,,,,,,,,,,,,,,,,,,,,,,
40050000,10546,497,84,640,617,43002,21047,-307,552,-145,0,16880,-2160,708,16626,619,412,432,16626,1573000,1510000,1773000,1742000,-387,-2712,-239,-1679,,,,,,,,,,,,,,,,,,,,,,,,,,,,,,,,,,,,,,,,,,,,,,,,,,,,,,,,,,,,,,,,,,,,,,,,,,,,,,,,,,,,
40103000,9909,379,-2,146,842,26461,10610,2072,360,1,0,14040,-360,707,16579,613,284,428,16579,1609000,1503000,1755000,1732000,-387,-2712,-237,40150000,9079,-69,156,4,1656,25790,722,1828,62,-6,-1692,,,,,,,,,,,,,,,,,,,,,,,,,,,,,,,,,,,,,,,,,,,,,,,,,,,,,,,,,,,,,,,,,,,,,,,,,
40203000,8501,-870,261,444,1061,-3506,5605,-3176,-197,143,2,6240,2519,707,16579,620,303,428,16579,1571000,1469000,1805000,1729000,-387,-2712,-239,-1682,,,,,,,,,,,,,,,,,,,,,,,,,,,,,,,,,,,,,,,,,,,,,,,,,,,,,,,,,,,,,,,,,,,,,,,,,,,,,,,,,,,,
40250000,6723,-1251,-201,-330,1147,-24624,-10324,2622,-237,204,0,4000,3599,707,16579,616,315,428,16579,1573000,1553000,1724000,1755000,-387,-2712,-238,-1671,,,,,,,,,,,,,,,,,,,,,,,,,,,,,,,,,,,,,,,,,,,,,,,,,,,,,,,,,,,,,,,,,,,,,,,,,,,,,,,,,,,,
40303000,4441,-1828,-74,-753,1369,-22000,-23142,2011,-104,151,2,3240,3559,707,16579,645,323,428,16579,1587000,1532000,1704000,1779000,-387,-2712,-249,-1749,,,,,,,,,,,,,,,,,,,,,,,,,,,,,,,,,,,,,,,,,,,,,,,,,,,,,,,,,,,,,,,,,,,,,,,,,,,,,,,,,,,,
40350000,2664,-2245,-200,-111,1294,-29934,-16855,58,-148,118,-2,959,3599,707,16579,652,302,428,16579,1523000,1566000,1750000,1756000,-387,-2712,-252,-1768,,,,,,,,,,,,,,,,,,,,,,,,,,,,,,,,,,,,,,,,,,,,,,,,,,,,,,,,,,,,,,,,,,,,,,,,,,,,,,,,,,,,
40403000,2116,-3793,-303,-444,1584,-27920,-10446,1279,-230,-48,2,-519,3239,708,16626,642,238,432,16626,1559000,1551000,1736000,1755000,-387,-2712,-248,-1741,,,,,,,,,,,,,,,,,,,,,,,,,,,,,,,,,,,,,,,,,,,,,,,,,,,,,,,,,,,,,,,,,,,,,,,,,,,,,,,,,,,,
40450000,1419,-4370,1,393,710,-28530,-5380,-1345,-616,163,0,-5639,6239,708,16626,622,183,432,16626,1605000,1461000,1784000,1737000,-387,-2712,-240,-1687,,,,,,,,,,,,,,,,,,,,,,,,,,,,,,,,,,,,,,,,,,,,,,,,,,,,,,,,,,,,,,,,,,,,,,,,,,,,,,,,,,,,
40503000,478,-3585,-513,-54,1247,-58438,-9226,1157,-865,350,0,-9440,7600,707,16579,673,256,428,16579,1524000,1580000,1762000,1732000,1001,666,674,448,,,,,,,,,,,,,,,,,,,,,,,,,,,,,,,,,,,,,,,,,,,,,,,,,,,,,,,,,,,,,,,,,,,,,,,,,,,,,,,,,,,,
40550000,-456,-5108,549,279,679,-60818,-29245,-2260,-857,308,0,-10279,8639,707,16579,622,89,428,16579,1538000,1520000,1734000,1795000,1001,666,623,414,,,,,,,,,,,,,,,,,,,,,,,,,,,,,,,,,,,,,,,,,,,,,,,,,,,,,,,,,,,,,,,,,,,,,,,,,,,,,,,,,,,,
40603000,-1724,-6276,186,500,424,-59536,-22104,-1467,-746,206,0,-10279,8639,707,16579,646,49,428,16579,1594000,1468000,1746000,1776000,1001,666,647,430,,,,,,,,,,,,,,,,,,,,,,,,,,,,,,,,,,,,,,,,,,,,,,,,,,,,,,,,,,,,,,,,,,,,,,,,,,,,,,,,,,,,
40650000,-3462,-7040,337,-269,854,-51907,-23691,-551,-514,111,0,-9360,8320,707,16579,612,13,428,16579,1540000,1542000,1730000,1782000,1001,666,613,407,,,,,,,,,,,,,,,,,,,,,,,,,,,,,,,,,,,,,,,,,,,,,,,,,,,,,,,,,,,,,,,,,,,,,,,,,,,,,,,,,,,,
40703000,-3198,-6520,103,-147,1650,-55935,-15695,-2321,-499,150,-2,-8920,8239,707,16579,649,83,428,16579,1514000,1541000,1745000,1786000,1001,666,650,432,,,,,,,,,,,,,,,,,,,,,,,,,,,,,,,,,,,,,,,,,,,,,,,,,,,,,,,,,,,,,,,,,,,,,,,,,,,,,,,,,,,,
40750000,-4587,-5269,-341,-343,1252,-52395,-17954,668,-374,175,2,-8879,7279,708,16626,671,154,432,16626,1504000,1595000,1724000,1776000,1001,666,672,446,,,,,,,,,,,,,,,,,,,,,,,,,,,,,,,,,,,,,,,,,,,,,,,,,,,,,,,,,,,,,,,,,,,,,,,,,,,,,,,,,,,,
40803000,-4773,-5845,368,176,326,-31277,-32297,1462,-365,27,0,-8959,6159,708,16626,668,162,432,16626,1580000,1530000,1671000,1817000,94,989,62,660,,,,,,,,,,,,,,,,,,,,,,,,,,,,,,,,,,,,,,,,,,,,,,,,,,,,,,,,,,,,,,,,,,,,,,,,,,,,,,,,,,,,
40850000,-5259,-6368,-213,-311,1650,-27188,-37180,1584,-347,-227,-2,-9239,3759,707,16579,664,183,428,16579,1566000,1542000,1652000,1831000,94,989,62,656,,,,,,,,,,,,,,,,,,,,,,,,,,,,,,,,,,,,,,,,,,,,,,,,,,,,,,,,,,,,,,,,,,,,,,,,,,,,,,,,,,,,
40903000,-5718,-6740,204,0,1123,-23587,-15451,-2321,-202,-350,0,-8039,2719,707,16579,704,307,428,16579,1531000,1523000,1727000,1804000,362,939,255,661,,,,,,,,,,,,,,,,,,,,,,,,,,,,,,,,,,,,,,,,,,,,,,,,,,,,,,,,,,,,,,,,,,,,,,,,,,,,,,,,,,,,
40950000,-5425,-6512,314,18,215,-12539,-3977,-2871,-74,-76,4,-6279,5639,707,16579,739,336,428,16579,1538000,1513000,1785000,1753000,362,939,267,694,,,,,,,,,,,,,,,,,,,,,,,,,,,,,,,,,,,,,,,,,,,,,,,,,,,,,,,,,,,,,,,,,,,,,,,,,,,,,,,,,,,,
41003000,-4497,-5296,-268,214,1831,-16751,-17587,-4152,-85,291,4,-5479,8639,708,16626,730,399,432,16626,1522000,1508000,1759000,1790000,362,939,264,686,,,,,,,,,,,,,,,,,,,,,,,,,,,,,,,,,,,,,,,,,,,,,,,,,,,,,,,,,,,,,,,,,,,,,,,,,,,,,,,,,,,,
41050000,-3236,-4835,-8,405,1080,-9976,-19785,-2199,-125,436,4,-4679,9840,707,16579,767,305,428,16579,1550000,1506000,1741000,1788000,181,141103000,-2433,-5554,-395,-7,944,-22305,-31625,-3542,-112,401,2,-3719,10160,701,16298,777,402,403,16298,1467000,1551000,1734000,1841150000,-2177,-6594,284,126,1165,1071,-22897,-3481,-54,-3,0,-2799,6559,708,16626,796,390,432,16626,1541000,1494000,1712000,1832000,149,1287,119,1024,,,,,,,,,,,,,,,,,,,,,,,,,,,,,,,,,,,,
41203000,-2023,-7906,-10,-183,1270,-5093,-12888,1950,19,-407,0,-1799,3239,707,16579,806,427,428,16579,1530000,1581000,1658000,1826000,-56,1030,-45,830,,,,,,,,,,,,,,,,,,,,,,,,,,,,,,,,,,,,,,,,,,,,,,,,,,,,,,,,,,,,,,,,,,,,,,,,,,,,,,,,,,,,
41250000,-2196,-6361,-148,-403,1459,-4421,16042,-734,128,-523,0,-719,360,707,16579,818,363,428,16579,1518000,1553000,1720000,1798000,19,879,15,719,,,,,,,,,,,,,,,,,,,,,,,,,,,,,,,,,,,,,,,,,,,,,,,,,,,,,,,,,,,,,,,,,,,,,,,,,,,,,,,,,,,,
41303000,-944,-3849,135,-95,1077,7601,34108,1035,71,-325,0,-119,119,708,16626,872,396,432,16626,1571000,1527000,1746000,1757000,-357,835,-312,728,,,,,,,,,,,,,,,,,,,,,,,,,,,,,,,,,,,,,,,,,,,,,,,,,,,,,,,,,,,,,,,,,,,,,,,,,,,,,,,,,,,,
41350000,-760,-886,-32,-457,788,20907,25808,-429,66,-262,0,0,-2120,707,16579,883,387,428,16579,1570000,1504000,1719000,1796000,-399,832,-353,735,,,,,,,,,,,,,,,,,,,,,,,,,,,,,,,,,,,,,,,,,,,,,,,,,,,,,,,,,,,,,,,,,,,,,,,,,,,,,,,,,,,,
41403000,364,341,185,-133,991,8151,13784,-1345,-31,-249,-2,0,-3200,708,16626,897,344,432,16626,1522000,1542000,1729000,1799000,-613,526,-550,472,,,,,,,,,,,,,,,,,,,,,,,,,,,,,,,,,,,,,,,,,,,,,,,,,,,,,,,,,,,,,,,,,,,,,,,,,,,,,,,,,,,,
41450000,910,605,-200,-305,973,8761,22878,-1955,-75,-359,-2,39,-4720,707,16579,888,286,428,16579,1561000,1488000,1740000,1793000,-717,519,-636,461,,,,,,,,,,,,,,,,,,,,,,,,,,,,,,,,,,,,,,,,,,,,,,,,,,,,,,,,,,,,,,,,,,,,,,,,,,,,,,,,,,,,
41503000,1016,1055,279,546,609,-2102,26235,-917,-78,-326,0,120,-4800,708,16626,934,343,432,16626,1535000,1534000,1724000,1796000,-842,416,-786,388,,,,,,,,,,,,,,,,,,,,,,,,,,,,,,,,,,,,,,,,,,,,,,,,,,,,,,,,,,,,,,,,,,,,,,,,,,,,,,,,,,,,
41550000,1478,1866,-5,-531,1596,4550,33864,-2871,-146,-259,0,-199,-4840,707,16579,955,367,428,16579,1568000,1464000,1760000,1781000,-972,464,-928,443,,,,,,,,,,,,,,,,,,,,,,,,,,,,,,,,,,,,,,,,,,,,,,,,,,,,,,,,,,,,,,,,,,,,,,,,,,,,,,,,,,,,
41603000,1695,2072,614,167,564,-1004,38381,-3237,-161,-206,2,-159,-4440,708,16626,957,290,432,16626,1530000,1506000,1777000,1772000,-861,236,-824,226,,,,,,,,,,,,,,,,,,,,,,,,,,,,,,,,,,,,,,,,,,,,,,,,,,,,,,,,,,,,,,,,,,,,,,,,,,,,,,,,,,,,
41650000,991,2115,-28,-215,584,-1187,40517,-6044,-76,-161,2,120,-3960,708,16626,984,418,432,16626,1517000,1475000,1801000,1777000,-989,188,-974,185,,,,,,,,,,,,,,,,,,,,,,,,,,,,,,,,,,,,,,,,,,,,,,,,,,,,,,,,,,,,,,,,,,,,,,,,,,,,,,,,,,,,
41703000,996,1916,-314,-503,1553,8700,34841,-2626,101,-244,0,2160,-4720,705,16485,1015,500,419,16485,1536000,1496000,1756000,1785000,-1095,177,-1112,179,,,,,,,,,,,,,,,,,,,,,,,,,,,,,,,,,,,,,,,,,,,,,,,,,,,,,,,,,,,,,,,,,,,,,,,,,,,,,,,,,,,,
41750000,1458,1418,-294,341,1423,16757,33315,-551,448,-333,2,6600,-5240,705,16485,1043,525,419,16485,1551000,1513000,1730000,1791000,-980,42,-1023,44,,,,,,,,,,,,,,,,,,,,,,,,,,,,,,,,,,,,,,,,,,,,,,,,,,,,,,,,,,,,,,,,,,,,,,,,,,,,,,,,,,,,
41803000,1734,2195,-42,48,1026,31771,47475,974,798,-286,-2,10880,-5480,703,16392,1072,488,412,16392,1537000,1538000,1765000,1739000,-841,141,-902,151,,,,,,,,,,,,,,,,,,,,,,,,,,,,,,,,,,,,,,,,,,,,,,,,,,,,,,,,,,,,,,,,,,,,,,,,,,,,,,,,,,,,
41850000,2561,2573,-70,-890,936,50936,49855,-2871,1026,-215,0,14320,-5040,705,16485,1086,535,419,16485,1516000,1510000,1800000,1745000,-654,11,-710,12,,,,,,,,,,,,,,,,,,,,,,,,,,,,,,,,,,,,,,,,,,,,,,,,,,,,,,,,,,,,,,,,,,,,,,,,,,,,,,,,,,,,
41903000,5452,2521,325,-368,1438,61495,41677,-551,833,164,-2,15000,-640,704,16438,1113,526,415,16438,1604000,1444000,1835000,1680000,-834,-226,-928,-252,,,,,,,,,,,,,,,,,,,,,,,,,,,,,,,,,,,,,,,,,,,,,,,,,,,,,,,,,,,,,,,,,,,,,,,,,,,,,,,,,,,,
41950000,8274,3764,26,576,1091,58566,18728,3232,262,307,0,11280,-240,703,16392,1151,511,412,16392,1619000,1483000,1759000,1718000,-847,-151,-975,-174,,,,,,,,,,,,,,,,,,,,,,,,,,,,,,,,,,,,,,,,,,,,,,,,,,,,,,,,,,,,,,,,,,,,,,,,,,,,,,,,,,,,
42003000,9318,2753,335,673,981,8456,-5808,2194,-17,222,0,9119,-200,705,16485,1183,623,419,16485,1524000,1577000,1715000,1775000,-679,-87,-804,-103,,,,,,,,,,,,,,,,,,,,,,,,,,,,,,,,,,,,,,,,,,,,,,,,,,,,,,,,,,,,,,,,,,,,,,,,,,,,,,,,,,,,
42050000,7626,1817,-336,-350,1149,-3872,-3244,4208,-79,301,0,6720,1640,703,16392,1229,607,412,16392,1572000,-535,272,,,,,,,,,,,,,,,,,,,,,,,,,,,,,,,,,,,,,,,,,,,,,,,,,,,,,,,,,,,,,,,,,,,,,,,,,,,,,,,,,,,,,,,,,
42103000,6617,-1010,151,-394,1038,-11380,-10080,1462,-71,152,0,5800,2760,704,16438,1226,573,415,16438,1556000,1537000,1744000,1750000,-432,74,-529,90,,,,,,,,,,,,,,,,,,,,,,,,,,,,,,,,,,,,,,,,,,,,,,,,,,,,,,,,,,,,,,,,,,,,,,,,,,,,,,,,,,,,
42150000,4454,-3090,360,-291,578,-3323,-16672,5307,-4,82,0,4400,4040,704,16438,1261,553,415,16438,1594000,1552000,1694000,1757000,-296,378,-373,476,,,,,,,,,,,,,,,,,,,,,,,,,,,,,,,,,,,,,,,,,,,,,,,,,,,,,,,,,,,,,,,,,,,,,,,,,,,,,,,,,,,,
42203000,2950,-4097,193,-78,1288,155,-3671,1096,-37,-22,2,2520,3840,704,16438,1281,602,415,16438,1587000,1503000,1745000,1749000,-30,419,-38,537,,,,,,,,,,,,,,,,,,,,,,,,,,,,,,,,,,,,,,,,,,,,,,,,,,,,,,,,,,,,,,,,,,,,,,,,,,,,,,,,,,,,
42250000,2065,-4419,347,-206,537,-2590,-14475,2255,-124,-113,2,640,3120,704,16438,1295,635,415,16438,1591000,1518000,1720000,1759000,-173,132,-224,170,,,,,,,,,,,,,,,,,,,,,,,,,,,,,,,,,,,,,,,,,,,,,,,,,,,,,,,,,,,,,,,,,,,,,,,,,,,,,,,,,,,,
42303000,1747,-4400,133,-206,755,-15164,2065,913,-777,-185,0,-7160,2279,704,16438,1343,555,415,16438,1631000,1447000,1745000,1750000,19,430,25,577,,,,,,,,,,,,,,,,,,,,,,,,,,,,,,,,,,,,,,,,,,,,,,,,,,,,,,,,,,,,,,,,,,,,,,,,,,,,,,,,,,,,
42350000,1337,-4110,169,-243,1211,-51358,-2512,4514,-1024,-163,6,-10400,2239,706,16532,1373,668,423,16532,1571000,1575000,1714000,1734000,-152,414,-209,569,,,,,,,,,,,,,,,,,,,,,,,,,,,,,,,,,,,,,,,,,,,,,,,,,,,,,,,,,,,,,,,,,,,,,,,,,,,,,,,,,,,,
42403000,-690,-3533,406,295,601,-65823,783,1096,-1109,-18,-2,-13400,3320,703,16392,1386,620,412,16392,1571000,1522000,1731000,1758000,-84,501,-117,694,,,,,,,,,,,,,,,,,,,,,,,,,,,,,,,,,,,,,,,,,,,,,,,,,,,,,,,,,,,,,,,,,,,,,,,,,,,,,,,,,,,,
42450000,-2916,-2644,-240,-625,1986,-71865,-6723,5490,-956,62,0,-13880,3359,703,16392,1423,666,412,16392,1588000,1569000,1699000,1741000,65,330,92,469,,,,,,,,,,,,,,,,,,,,,,,,,,,,,,,,,,,,,,,,,,,,,,,,,,,,,,,,,,,,,,,,,,,,,,,,,,,,,,,,,,,,
42503000,-4695,-3077,445,-139,61,-46841,-18259,485,-606,-80,0,-11640,2159,704,16438,1454,596,415,16438,1569000,1523000,1708000,1784000,48,389,70,565,,,,,,,,,,,,,,,,,,,,,,,,,,,,,,,,,,,,,,,,,,,,,,,,,,,,,,,,,,,,,,,,,,,,,,,,,,,,,,,,,,,,
42550000,-5907,-3444,93,-322,1017,-46292,-19113,3781,-405,-150,4,-10559,1719,705,16485,1494,695,419,16485,1563000,1581000,1666000,1787000,269,362,402,541,,,,,,,,,,,,,,,,,,,,,,,,,,,,,,,,,,,,,,,,,,,,,,,,,,,,,,,,,,,,,,,,,,,,,,,,,,,,,,,,,,,,
42603000,-5837,-3085,190,-25,971,-29202,3469,2316,20,-248,4,-5599,239,630,13164,1545,724,119,13164,1434000,1513000,1654000,1685000,397,414,613,639,,,,,,,,,,,,,,,,,,,,,,,,,,,,,,,,,,,,,,,,,,,,,,,,,,,,,,,,,,,,,,,,,,,,,,,,,,,,,,,,,,,,
42650000,-4875,-3348,307,65,611,-4116,3408,5063,209,-285,4,-2479,79,576,11004,1563,674,0,11004,1430000,1439000,1599000,1610000,57,306,90,479,,,,,,,,,,,,,,,,,,,,,,,,,,,,,,,,,,,,,,,,,,,,,,,,,,,,,,,,,,,,,,,,,,,,,,,,,,,,,,,,,,,,
42703000,-3513,-3046,117,-587,236,12118,5239,5124,313,-189,4,80,880,562,10476,1584,498,0,10476,1407000,1436000,1593000,1590000,280,211,444,335,,,,,,,,,,,,,,,,,,,,,,,,,,,,,,,,,,,,,,,,,,,,,,,,,,,,,,,,,,,,,,,,,,,,,,,,,,,,,,,,,,,,
42750000,-1713,-1043,-81,630,1409,11203,19338,2133,156,69,4,80,1840,574,10928,1611,364,0,10928,1387000,1433000,1658000,1576000,342,87,552,141,,,,,,,,,,,,,,,,,,,,,,,,,,,,,,,,,,,,,,,,,,,,,,,,,,,,,,,,,,,,,,,,,,,,,,,,,,,,,,,,,,,,
42803000,647,-809,-162,459,906,8761,-2573,5246,41,201,2,1119,3120,601,11980,1600,160,4,11980,1507000,1429000,1603000,1641000,405,263,649,421,,,,,,,,,,,,,,,,,,,,,,,,,,,,,,,,,,,,,,,,,,,,,,,,,,,,,,,,,,,,,,,,,,,,,,,,,,,,,,,,,,,,
42849000,-915,-2381,-296,-459,854,6808,-23081,6833,215,233,4,1440,4400,602,12020,1607,150,7,12020,1429000,1506000,1594000,1654000,423,-67,680,-108,,,,,,,,,,,,,,,,,,,,,,,,,,,,,,,,,,,,,,,,,,,,,,,,,,,,,,,,,,,,,,,,,,,,,,,,,,,,,,,,,,,,
42903000,-638,-2908,79,-552,561,15414,-21250,5795,293,217,4,2720,5399,601,11980,1599,5,4,11980,1464000,1494000,1592000,1637000,471,-362,753,-580,,,,,,,,,,,,,,,,,,,,,,,,,,,,,,,,,,,,,,,,,,,,,,,,,,,,,,,,,,,,,,,,,,,,,,,,,,,,,,,,,,,,
42950000,2121,-2326,-258,779,825,22311,-8371,2438,268,372,2,5200,6599,612,12423,1582,-158,47,12423,1476000,1456000,1653000,1637000,659,-395,1043,-626,,,,,,,,,,,,,,,,,,,,,,,,,,,,,,,,,,,,,,,,,,,,,,,,,,,,,,,,,,,,,,,,,,,,,,,,,,,,,,,,,,,,
43003000,3025,-1769,-304,561,1850,22799,-18808,4331,259,571,2,6000,8320,636,13416,1575,-244,143,13416,1540000,1478000,1675000,1633000,827,-247,1303,-390,,,,,,,,,,,,,,,,,,,,,,,,,,,,,,,,,,,,,,,,,,,,,,,,,,,,,,,,,,,,,,,,,,,,,,,,,,,,,,,,,,,,
43050000,1702,-3110,-155,-668,554,30612,-56772,5979,437,684,0,6720,10959,675,15112,1573,-243,300,15112,1582000,1548000,1620000,1732000,678,-381,1066,-599,,,,,,,,,,,,,,,,,,,,,,,,,,,,,,,,,,,,,,,,,,,,,,,,,,,,,,,,,,,,,,,,,,,,,,,,,,,,,,,,,,,,
43103000,2895,-4503,-390,-389,1497,37753,-57321,3659,305,542,2,6400,10720,709,16673,1530,-196,435,16673,1625000,1520000,1657000,1757000,483,-248,739,-380,,,,,,,,,,,,,,,,,,,,,,,,,,,,,,,,,,,,,,,,,,,,,,,,,,,,,,,,,,,,,,,,,,,,,,,,,,,,,,,,,,,,
43150000,3515,-6022,-132,-500,1091,33053,-38950,2255,255,347,2,6440,10000,741,18212,1507,-250,564,18212,1646000,1589000,1730000,1784000,632,-469,953,-707,,,,,,,,,,,,,,,,,,,,,,,,,,,,,,,,,,,,,,,,,,,,,,,,,,,,,,,,,,,,,,,,,,,,,,,,,,,,,,,,,,,,
43203000,4538,-6429,-359,-42,1613,22921,-29184,2072,162,238,4,6400,9159,741,18212,1505,-199,564,18212,1644000,1591000,1739000,1775000,588,-312,885,-470,,,,,,,,,,,,,,,,,,,,,,,,,,,,,,,,,,,,,,,,,,,,,,,,,,,,,,,,,,,,,,,,,,,,,,,,,,,,,,,,,,,,
43250000,4101,-5999,35,635,2006,22921,-27231,485,242,268,0,6879,9080,742,18261,1473,-194,567,18261,1607000,1608000,1740000,1794000,608,-315,896,-464,,,,,,,,,,,,,,,,,,,,,,,,,,,,,,,,,,,,,,,,,,,,,,,,,,,,,,,,,,,,,,,,,,,,,,,,,,,,,,,,,,,,
43303000,4332,-6450,-94,-24,1665,17489,-27597,180,218,170,2,6840,8400,742,18261,1479,-68,567,18261,1606000,1604000,1730000,1803000,450,-265,666,-393,,,,,,,,,,,,,,,,,,,,,,,,,,,,,,,,,,,,,,,,,,,,,,,,,,,,,,,,,,,,,,,,,,,,,,,,,,,,,,,,,,,,
43350000,4695,-6192,35,326,751,17123,-16550,-2626,187,157,0,6840,7999,742,18261,1475,-48,567,18261,1613000,1559000,1767000,1798000,459,-190,678,-280,,,,,,,,,,,,,,,,,,,,,,,,,,,,,,,,,,,,,,,,,,,,,,,,,,,,,,,,,,,,,,,,,,,,,,,,,,,,,,,,,,,,
43403000,4239,-5553,-167,-186,1477,18344,-19235,241,237,150,0,6960,7279,742,18261,1481,23,567,18261,1628000,1583000,1732000,1805000,371,-300,549,-445,,,,,,,,,,,,,,,,,,,,,,,,,,,,,,,,,,,,,,,,,,,,,,,,,,,,,,,,,,,,,,,,,,,,,,,,,,,,,,,,,,,,
43450000,5846,-5483,-208,388,835,20480,-9165,607,97,69,2,6960,6280,742,18261,1488,102,567,18261,1669000,1543000,1737000,1795000,308,-81,459,-120,,,,,,,,,,,,,,,,,,,,,,,,,,,,,,,,,,,,,,,,,,,,,,,,,,,,,,,,,,,,,,,,,,,,,,,,,,,,,,,,,,,,
43503000,4773,-4745,-708,-87,1123,7418,-5563,1096,159,102,-2,6600,5920,740,18163,1500,172,560,18163,1596000,1622000,1752000,1777000,280,35,420,52,,,,,,,,,,,,,,,,,,,,,,,,,,,,,,,,,,,,,,,,,,,,,,,,,,,,,,,,,,,,,,,,,,,,,,,,,,,,,,,,,,,,
43550000,4226,-4450,41,400,2084,8517,-253,-1772,147,61,0,5920,5160,740,18163,1532,312,560,18163,1620000,1563000,1758000,1798000,203,-306,311,-469,,,,,,,,,,,,,,,,,,,,,,,,,,,,,,,,,,,,,,,,,,,,,,,,,,,,,,,,,,,,,,,,,,,,,,,,,,,,,,,,,,,,
43603000,3682,-4265,-345,152,1724,6625,-1535,119,153,-159,2,5440,2439,673,15022,1538,417,291,15022,1540000,1514000,1660000,1751000,-1,-51,-2,-79,,,,,,,,,,,,,,,,,,,,,,,,,,,,,,,,,,,,,,,,,,,,,,,,,,,,,,,,,,,,,,,,,,,,,,,,,,,,,,,,,,,,
43650000,3204,-3254,12,422,1203,5221,20925,-1040,-3,-263,0,3159,239,634,13332,1552,465,136,13332,1504000,1436000,1684000,1675000,152,-33,237,-52,,,,,,,,,,,,,,,,,,,,,,,,,,,,,,,,,,,,,,,,,,,,,,,,,,,,,,,,,,,,,,,,,,,,,,,,,,,,,,,,,,,,
43703000,1546,-2883,-27,-97,979,-9304,33315,2927,-26,-237,2,1240,160,560,10401,1567,392,0,10401,1462000,1459000,1613000,1631000,-76,99,-120,155,,,,,,,,,,,,,,,,,,,,,,,,,,,,,,,,,,,,,,,,,,,,,,,,,,,,,,,,,,,,,,,,,,,,,,,,,,,,,,,,,,,,
43750000,1232,-1300,170,437,997,-16079,32766,974,-2,-99,0,1200,160,534,9458,1572,275,0,9458,1385000,1413000,1631000,1572000,-313,-26,-492,-42,,,,,,,,,,,,,,,,,,,,,,,,,,,,,,,,,,,,,,,,,,,,,,,,,,,,,,,,,,,,,,,,,,,,,,,,,,,,,,,,,,,,
43803000,-13,1781,-72,481,1661,-11013,38137,3598,102,169,2,1159,160,533,9422,1594,72,0,9422,1398000,1388000,1615000,1499000,-97,346,-154,551,,,,,,,,,,,,,,,,,,,,,,,,,,,,,,,,,,,,,,,,,,,,,,,,,,,,,,,,,,,,,,,,,,,,,,,,,,,,,,,,,,,,
43850000,-108,414,-105,-851,105,-9854,-2817,7504,-1,43,0,-119,79,532,9387,1579,22,0,9387,1476000,1374000,1381000,1649000,-139,90,-220,142,,,,,,,,,,,,,,,,,,,,,,,,,,,,,,,,,,,,,,,,,,,,,,,,,,,,,,,,,,,,,,,,,,,,,,,,,,,,,,,,,,,,
43903000,2527,769,312,45,846,3695,14516,3598,-489,116,0,-3079,559,542,9743,1569,-154,0,9743,1523000,1208000,1582000,1527000,-67,225,-106,353,,,,,,,,,,,,,,,,,,,,,,,,,,,,,,,,,,,,,,,,,,,,,,,,,,,,,,,,,,,,,,,,,,,,,,,,,,,,,,,,,,,,
43950000,2079,1748,450,-361,9,-29629,3774,7749,-673,334,0,-5639,2079,564,10550,1563,-243,0,10550,1524000,1408000,1541000,1569000,-242,445,-379,696,,,,,,,,,,,,,,,,,,,,,,,,,,,,,,,,,,,,,,,,,,,,,,,,,,,,,,,,,,,,,,,,,,,,,,,,,,,,,,,,,,,,
44003000,547,536,203,738,252,-49526,4018,-979,-648,277,2,-6879,2639,575,10966,1526,-383,0,10966,1408000,1414000,1611000,1628000,-276,678,-422,1036,,,,,,,,,,,,,,,,,,,,,,,,,,,,,,,,,,,,,,,,,,,,,,,,,,,,,,,,,,,,,,,,,,,,,,,,,,,,,,,,,,,,
44050000,-2440,59,148,-782,360,-60452,-18503,4453,-460,361,-2,-7719,4080,648,13927,1516,-448,192,13927,1484000,1565000,1622000,1663000,-423,489,-642,741,,,,,,,,,,,,,,,,,,,,,,,,,,,,,,,,,,,,,,,,,,,,,,,,,,,,,,,,,,,,,,,,,,,,,,,,,,,,,,,,,,,,
44103000,-3917,6,397,-399,47,-22793,-17770,2805,-401,384,0,-8520,4400,708,16626,1487,-551,432,16626,1603000,1517000,1675000,1701000,-475,296,-706,440,,,,,,,,,,,,,,,,,,,,,,,,,,,,,,,,,,,,,,,,,,,,,,,,,,,,,,,,,,,,,,,,,,,,,,,,,,,,,,,,,,,,
44150000,-4695,-139,343,309,928,-26272,-11606,-673,-337,305,2,-8559,3639,707,16579,1454,-625,428,16579,1550000,1592000,1707000,1758000,-297,235,-432,342,,,,,,,,,,,,,,,,,,,,,,,,,,,,,,,,,,,,,,,,,,,,,,,,,,,,,,,,,,,,,,,,,,,,,,,,,,,,,,,,,,,,
44203000,-4380,-1566,-162,-179,1003,-34451,-6845,-2687,-123,111,0,-5799,2839,717,17051,1414,-617,468,17051,1504000,1627000,1763000,1744000,-400,106,-566,151,,,,,,,,,,,,,,,,,,,,,,,,,,,,,,,,,,,,,,,,,,,,,,,,,,,,,,,,,,,,,,,,,,,,,,,,,,,,,,,,,,,,
44250000,-3981,-2588,263,491,1015,-12234,1088,-2932,82,-75,-2,-3039,1719,717,17051,1376,-561,468,17051,1547000,1585000,1750000,1764000,-554,100,-762,138,,,,,,,,,,,,,,,,,,,,,,,,,,,,,,,,,,,,,,,,,,,,,,,,,,,,,,,,,,,,,,,,,,,,,,,,,,,,,,,,,,,,
44303000,-3811,-2412,-632,-156,1728,216,11770,-2687,336,-165,2,39,520,717,17051,1358,-528,468,17051,1537000,1594000,1757000,1749000,-487,-38,-662,-52,,,,,,,,,,,,,,,,,,,,,,,,,,,,,,,,,,,,,,,,,,,,,,,,,,,,,,,,,,,,,,,,,,,,,,,,,,,,,,,,,,,,
44350000,-1718,-2842,186,329,1200,18893,24465,-6777,153,-171,2,39,880,717,17051,1318,-464,468,17051,1581000,1492000,1815000,1735000,-714,-1,-942,-1,,,,,,,,,,,,,,,,,,,,,,,,,,,,,,,,,,,,,,,,,,,,,,,,,,,,,,,,,,,,,,,,,,,,,,,,,,,,,,,,,,,,
44403000,303,-2821,73,286,1566,16513,11892,-6777,158,-152,0,2120,1080,718,17099,1302,-433,471,17099,1556000,1517000,1782000,1775000,-791,-249,-1030,-324,,,,,,,,,,,,,,,,,,,,,,,,,,,,,,,,,,,,,,,,,,,,,,,,,,,,,,,,,,,,,,,,,,,,,,,,,,,,,,,,,,,,
44450000,1540,-2473,167,-279,836,8395,5605,-3786,151,-128,0,3280,999,714,16909,1298,-388,455,16909,1559000,1547000,1738000,1788000,-660,-242,-857,-314,,,,,,,,,,,,,,,,,,,,,,,,,,,,,,,,,,,,,,,,,,,,,,,,,,,,,,,,,,,,,,,,,,,,,,,,,,,,,,,,,,,,
44503000,2207,-1685,73,-331,1288,9005,14455,-5800,156,-38,-2,4000,1239,708,16626,1262,-386,432,1529000,1539000,1783000,1764000,-725,-237,-915,-300,,,,,,,,,,,,,,,,,,,,,,,,,,,,,,,,,,,,,,,,,,,,,,,,,,,,,,,,,,,,,,,,,,,,,,,,,,,,,,,,,,,,,
44550000,3525,-1615,175,627,623,16757,17446,-8486,177,-50,0,5560,1039,712,16814,1232,-379,448,16814,1542000,1478000,1805000,1767000,-862,-278,-144603000,4022,-1894,-18,451,1101,19686,22756,-4580,427,-64,0,8920,1159,712,16814,1226,-288,448,16814,1537000,1537000,1797000,1737000,-707,-356,-867,-436,,,,,,,,,,,,,,,,,,,,,,,,,,,,,,,,,,,,,,,,,,,,,,,,,,,,,,,,,,
44650000,4497,-1324,-327,-102,1738,27133,13417,-4702,846,-17,0,14200,1119,709,16673,1211,-199,435,16673,1469000,1587000,1774000,1760000,-775,-337,-938,-409,,,,,,,,,,,,,,,,,,,,,,,,,,,,,,,,,,,,,,,,,,,,,,,,,,,,,,,,,,,,,,,,,,,,,,,,,,,,,,,,,,,,
44703000,4990,-434,-364,-118,1675,48007,11037,-1955,939,91,0,15760,1480,709,16673,1207,-153,435,16673,1562000,1535000,1782000,1726000,-663,-102,-801,-124,,,,,,,,,,,,,,,,,,,,,,,,,,,,,,,,,,,,,,,,,,,,,,,,,,,,,,,,,,,,,,,,,,,,,,,,,,,,,,,,,,,,
44750000,6615,-120,153,-442,1130,61923,6704,-5861,724,157,0,14920,1919,708,16626,1188,-132,432,16626,1558000,1475000,1796000,1752000,-864,-278,-1027,-331,,,,,,,,,,,,,,,,,,,,,,,,,,,,,,,,,,,,,,,,,,,,,,,,,,,,,,,,,,,,,,,,,,,,,,,,,,,,,,,,,,,,
44803000,7852,-1008,110,-395,1165,43978,-8798,-4152,546,76,0,14119,1879,708,16626,1185,-90,432,16626,1534000,1524000,1743000,1789000,-926,-285,-1097,44850000,8171,-1609,370,441,1069,34457,1943,-2138,382,51,2,12560,2200,708,16626,1165,-108,432,16626,1573000,1511000,1776000,1744903000,8220,-1980,286,0,1021,25057,9267,-4091,315,57,0,11840,2639,707,16579,1175,-57,428,16579,1552000,1498000,1807000,1725000,-618,-275,-726,-323,,,,,,,,,,,,,,,,,,,,,,,,,,,,,,,,,,
44950000,8171,-1532,-512,-481,1429,14682,-7578,-2626,316,93,2,11800,2600,708,16626,1174,44,432,16626,1504000,1569000,1763000,1758000,-704,-181,-826,-213,,,,,,,,,,,,,,,,,,,,,,,,,,,,,,,,,,,,,,,,,,,,,,,,,,,,,,,,,,,,,,,,,,,,,,,,,,,,,,,,,,,,
45003000,7980,-1856,-160,-179,1425,16085,-9348,-246,266,12,0,11040,2000,706,16532,1174,57,423,16532,1534000,1566000,1751000,1744000,-760,-159,-893,-186,,,,,,,,,,,,,,,,,,,,,,,,,,,,,,,,,,,,,,,,,,,,,,,,,,,,,,,,,,,,,,,,,,,,,,,,,,,,,,,,,,,,
45050000,7783,-2550,324,428,1083,11141,-375,668,-71,-208,0,6960,160,707,16579,1188,72,428,16579,1610000,1497000,1735000,1754000,-623,93,-741,111,,,,,,,,,,,,,,,,,,,,,,,,,,,,,,,,,,,,,,,,,,,,,,,,,,,,,,,,,,,,,,,,,,,,,,,,,,,,,,,,,,,,
45103000,7429,-2972,537,593,694,-3262,12075,-3481,-302,-248,0,3960,119,708,16626,1188,58,432,16626,1566000,1485000,1788000,1744000,-655,-56,-778,,,,,,,,,,,,,,,,,,,,,,,,,,,,,,,,,,,,,,,,,,,,,,,,,,,,,,,,,,,,,,,,,,,,,,,,,,,,,,,,,,,,,
45150000,5488,-2329,-79,-206,692,-23098,5239,1035,-472,-189,-2,80,160,708,16626,1175,-25,432,16626,1562000,1555000,1740000,1750000,-710,146,-835,172,,,,,,,,,,,,,,,,,,,,,,,,,,,,,,,,,,,,,,,,,,,,,,,,,,,,,,,,,,,,,,,,,,,,,,,,,,,,,,,,,,,,
45203000,4446,-1876,-172,-411,1477,-33901,7802,363,-524,-156,0,-1559,79,707,16579,1187,43,428,16579,1531000,1574000,1753000,1741000,-611,93,-726,111,,,,,,,,,,,,,,,,,,,,,,,,,,,,,,,,,,,,,,,,,,,,,,,,,,,,,,,,,,,,,,,,,,,,,,,,,,,,,,,,,,,,
45250000,2842,-2463,357,868,115,-35977,12807,-2626,-768,-201,0,-5959,160,707,16579,1164,-53,428,16579,1577000,1484000,1792000,1732000,-827,261,-962,304,,,,,,,,,,,,,,,,,,,,,,,,,,,,,,,,,,,,,,,,,,,,,,,,,,,,,,,,,,,,,,,,,,,,,,,,,,,,,,,,,,,,
45303000,1886,-3043,-136,263,891,-55142,15187,-1223,-936,-248,-2,-8839,199,707,16579,1154,-74,428,16579,1572000,1510000,1775000,1739000,-550,384,-635,443,,,,,,,,,,,,,,,,,,,,,,,,,,,,,,,,,,,,,,,,,,,,,,,,,,,,,,,,,,,,,,,,,,,,,,,,,,,,,,,,,,,,
45350000,-339,-4900,454,-274,353,-45437,13173,-2626,-926,-413,2,-10959,160,708,16626,1170,-96,432,16626,1574000,1490000,1755000,1771000,-768,547,-899,45403000,-2174,-4118,42,-121,1217,-63442,16469,363,-871,-307,0,-12160,599,707,16579,1155,-85,428,16579,1528000,1577000,1761000,1734000,-626,421,-723,486,,,,,,,,,,,,,,,,,,,,,,,,,,,,,,,,,,,,,,,,,,,,,,,,,,,,,,,,,
45450000,-4471,-2816,-254,-531,1709,-55447,13967,1035,-737,-168,0,-12919,880,706,16532,1177,82,4245503000,-5370,-2434,-257,-236,1796,-44827,9450,180,-655,-132,-2,-12879,920,707,16579,1181,207,428,16579,1568000,1532000,1763000,1745550000,-4910,-2813,73,406,1218,-43850,-5991,2988,-639,-203,-2,-12240,479,706,16532,1219,281,423,16532,1569000,1569000,1701000,1764000,-459,170,-560,208,,,,,,,,,,,,,,,,,,,,,,,,,,,,,,,,,,,,,,,,,,,
45603000,-4671,-3630,40,593,1208,-45132,3774,1340,-562,-274,0,-11120,479,707,16579,1244,416,428,16579,1540000,1580000,1731000,1753000,-393,326,-489,406,,,,,,,,,,,,,,,,,,,,,,,,,,,,,,,,,,,,,,,,,,,,,,,,,,,,,,,,,,,,,,,,,,,,,,,,,,,,,,,,,,,,
45650000,-4914,-3587,466,96,1010,-44400,13234,852,-269,-299,0,-7999,165,16485,1276,539,419,16485,1468000,1630000,1754000,1730000,-365,307,45703000,-4073,-2929,55,389,790,-19253,13051,3354,-4,-245,-,16485,1305,646,419,16485,1553000,1588000,1729000,1730000,-278,94,45750000,-4645,-2581,96,-539,880,3085,10183,485,311,-214,4,-1079,119,707,16579,1326,671,428,16579,1550000,1563000,1748000,17157,-35,,,,,,,,,,,,,,,,,,,,,,,,,,,,,,,,,,,,,,,
45803000,-2369,-2408,536,-42,247,18832,4567,-795,245,-67,0,440,1640,706,16532,1341,571,423,16532,1549000,1542000,1772000,1730000,-158,-427,-212,-573,,,,,,,,,,,,,,,,,,,,,,,,,,,,,,,,,,,,,,,,,,,,,,,,,,,,,,,,,,,,,,,,,,,,,,,,,,,,,,,,,,,,
45850000,-158,-2119,-637,-381,2084,22982,2736,791,289,83,2,3159,3079,675,15112,1356,564,300,15112,1542000,1540000,1744000,1716000,-148,-26,-201,-35,,,,,,,,,,,,,,,,,,,,,,,,,,,,,,,,,,,,,,,,,,,,,,,,,,,,,,,,,,,,,,,,,,,,,,,,,,,,,,,,,,,,
45903000,1234,-2545,83,-38,406,24691,1943,-1406,377,196,2,5560,4800,672,14978,1366,472,287,14978,1522000,1479000,1760000,1686000,255,-339,348,-464,,,,,,,,,,,,,,,,,,,,,,,,,,,,,,,,,,,,,,,,,,,,,,,,,,,,,,,,,,,,,,,,,,,,,,,,,,,,,,,,,,,,
45950000,2931,-2273,-92,461,604,38607,-15939,729,369,342,4,7160,6199,673,15022,1371,359,291,15022,1572000,1463000,1732000,1692000,-48,-386,-66,-530,,,,,,,,,,,,,,,,,,,,,,,,,,,,,,,,,,,,,,,,,,,,,,,,,,,,,,,,,,,,,,,,,,,,,,,,,,,,,,,,,,,,
46003000,3412,-3351,-272,-226,1427,44528,-25278,-2077,630,252,2,10640,6239,660,14448,1375,289,240,14448,1516000,1478000,1721000,1732000,159,-472,219,-649,,,,,,,,,,,,,,,,,,,,,,,,,,,,,,,,,,,,,,,,,,,,,,,,,,,,,,,,,,,,,,,,,,,,,,,,,,,,,,,,,,,,
46050000,3016,-4209,-392,-217,1479,47335,-25461,1401,825,219,4,12480,6719,637,13458,1392,327,148,13458,1503000,1461000,1659000,1694000,280,-593,390,-825,,,,,,,,,,,,,,,,,,,,,,,,,,,,,,,,,,,,,,,,,,,,,,,,,,,,,,,,,,,,,,,,,,,,,,,,,,,,,,,,,,,,
46103000,4684,-5098,-36,-136,820,52096,-21127,2194,711,110,2,12840,6359,597,11821,1406,278,0,11821,1474000,1406000,1612000,1661000,262,-662,368,-932,,,,,,,,,,,,,,,,,,,,,,,,,,,,,,,,,,,,,,,,,,,,,,,,,,,,,,,,,,,,,,,,,,,,,,,,,,,,,,,,,,,,
46150000,6605,-4612,-306,281,1781,48739,-14841,3720,453,110,2,11800,5880,567,10663,1410,162,0,10663,1467000,1365000,1588000,1613000,241,-237,340,-334,,,,,,,,,,,,,,,,,,,,,,,,,,,,,,,,,,,,,,,,,,,,,,,,,,,,,,,,,,,,,,,,,,,,,,,,,,,,,,,,,,,,
46203000,7160,-4117,-133,337,919,28598,-9287,6528,167,-20,0,9080,3880,566,10625,1431,105,0,10625,1483000,1402000,1563000,1600000,213,-701,305,-1003,,,,,,,,,,,,,,,,,,,,,,,,,,,,,,,,,,,,,,,,,,,,,,,,,,,,,,,,,,,,,,,,,,,,,,,,,,,,,,,,,,,,
46250000,6797,-3831,80,-533,542,24813,-3366,-2,97,7,0,7920,3919,565,10588,1423,-27,0,10588,1424000,1342000,1615000,1625000,278,-736,396,-1047,,,,,,,,,,,,,,,,,,,,,,,,,,,,,,,,,,,,,,,,,,,,,,,,,,,,,,,,,,,,,,,,,,,,,,,,,,,,,,,,,,,,
46303000,5123,-2168,-6,284,971,-7412,-6052,3598,202,152,0,7439,3919,564,10550,1406,-73,0,10550,1367000,1465000,1580000,1613000,251,-825,353,-1160,,,,,,,,,,,,,,,,,,,,,,,,,,,,,,,,,,,,,,,,,,,,,,,,,,,,,,,,,,,,,,,,,,,,,,,,,,,,,,,,,,,,
46350000,3511,-3149,-343,-779,1515,9616,-14719,10068,307,32,2,7040,3520,574,10928,1411,-144,0,10928,1506000,1464000,1523000,1595000,296,-335,417,-473,,,,,,,,,,,,,,,,,,,,,,,,,,,,,,,,,,,,,,,,,,,,,,,,,,,,,,,,,,,,,,,,,,,,,,,,,,,,,,,,,,,,
46403000,4841,-2301,527,-254,-497,44528,-17282,3293,352,12,0,8880,2439,602,12020,1411,-274,7,12020,1552000,1358000,1610000,1646000,154,-523,218,-738,,,,,,,,,,,,,,,,,,,,,,,,,,,,,,,,,,,,,,,,,,,,,,,,,,,,,,,,,,,,,,,,,,,,,,,,,,,,,,,,,,,,
46450000,4750,-1938,-325,-577,1033,888,7802,2988,440,15,2,9800,2119,623,12873,1379,-349,92,12873,1315000,15780000,343,-448,474,-618,,,,,,,,,,,,,,,,,,,,,,,,,,,,,,,,,,,,,,,,,,,,,,,,,,,,,,,,,,,,,,,,,,,,,,,,,,,,,,,,,,,,,,
46503000,5349,-2069,-396,-449,1730,26522,-1169,2438,622,4,0,12480,2119,689,15745,1345,-430,356,15745,1525000,1476000,1673000,1652000,363,-470,488,-632,,,,,,,,,,,,,,,,,,,,,,,,,,,,,,,,,,,,,,,,,,,,,,,,,,,,,,,,,,,,,,,,,,,,,,,,,,,,,,,,,,,,
46550000,6841,-2869,490,-19,510,47946,1210,2561,603,-61,0,13760,2159,709,16673,1331,-502,435,16673,1631000,1535000,1727000,1724000,328,-204,436,-272,,,,,,,,,,,,,,,,,,,,,,,,,,,,,,,,,,,,,,,,,,,,,,,,,,,,,,,,,,,,,,,,,,,,,,,,,,,,,,,,,,,,
46603000,7427,-4225,37,-277,190,30917,9206,-673,531,-190,0,13520,2040,710,16720,1315,-438,439,16720,1553000,1577000,1737000,1750000,341,-475,448,-625,,,,,,,,,,,,,,,,,,,,,,,,,,,,,,,,,,,,,,,,,,,,,,,,,,,,,,,,,,,,,,,,,,,,,,,,,,,,,,,,,,,,
46650000,7383,-3740,-170,-119,1275,34640,8779,-63,521,-130,0,13360,2239,709,16673,1284,-317,435,16673,1598000,1534000,1722000,1755000,398,-359,511,-461,,,,,,,,,,,,,,,,,,,,,,,,,,,,,,,,,,,,,,,,,,,,,,,,,,,,,,,,,,,,,,,,,,,,,,,,,,,,,,,,,,,,
46703000,7405,-2966,26,-131,1072,35494,6276,-246,425,-70,-2,12280,2159,709,16673,1267,-301,435,16673,1589000,1541000,1728000,1754000,421,-142,534,-179,,,,,,,,,,,,,,,,,,,,,,,,,,,,,,,,,,,,,,,,,,,,,,,,,,,,,,,,,,,,,,,,,,,,,,,,,,,,,,,,,,,,
46750000,7402,-2868,-211,10,1483,27072,-4343,-1711,355,-89,2,11480,1840,709,16673,1254,-217,435,16673,1595000,1517000,1717000,1777000,456,-154,572,-194,,,,,,,,,,,,,,,,,,,,,,,,,,,,,,,,,,,,,,,,,,,,,,,,,,,,,,,,,,,,,,,,,,,,,,,,,,,,,,,,,,,,
46803000,6851,-2593,105,-216,756,22555,-4465,-3237,218,-13,-2,9360,2439,709,16673,1237,-265,435,16673,1571000,1515000,1737000,177846850000,6146,-1678,-360,88,1618,4306,-9775,-1772,-267,429,-46903000,5602,-2291,-528,24,892,-16751,-31320,-4213,-461,372,-146950000,3797,-4359,51,312,1803,-32803,-31992,-3847,-774,408,0,-5079,9040,670,14889,1178,-303,280,14889,1549000,1422000,1708000,1747003000,1485,-4944,-342,-363,936,-61489,-30893,-3908,-757,357,-2,-7199,9040,670,14889,1089,-500,280,14889,1442000,1528000,1710000,1751000,522,793,568,864,,,,,,,,,,,,,,,,
47050000,-1335,-6296,-367,-46,1381,-67959,-18930,-3664,-787,207,-2,-10360,8680,670,14889,1058,-483,280,14889,1469000,1505000,1739000,1721000,386,887,408,938,,,,,,,,,,,,,,,,,,,,,,,,,,,,,,,,,,,,,,,,,,,,,,,,,,,,,,,,,,,,,,,,,,,,,,,,,,,,,,,,,,,,
47103000,-3908,-7316,435,-120,987,-49343,-7822,-1467,-688,-52,-2,-11799,6719,670,14889,1030,-564,280,14889,1509000,1496000,1699000,1739000,564,1052,581,1083,,,,,,,,,,,,,,,,,,,,,,,,,,,,,,,,,,,,,,,,,,,,,,,,,,,,,,,,,,,,,,,,,,,,,,,,,,,,,,,,,,,,
47150000,-4779,-6298,20,-192,1037,-55386,-6784,-63,-717,-57,-2,-13000,5639,669,14844,1003,-554,276,14844,1502000,1521000,1698000,1725000,390,1318,391,1323,,,,,,,,,,,,,,,,,,,,,,,,,,,,,,,,,,,,,,,,,,,,,,,,,,,,,,,,,,,,,,,,,,,,,,,,,,,,,,,,,,,,
47203000,-6021,-5037,181,84,1004,-52517,6398,-4091,-643,-76,-2,-13400,4159,670,14889,972,-565,280,14889,1473000,1489000,1740000,1730000,412,1156,401,1124,,,,,,,,,,,,,,,,,,,,,,,,,,,,,,,,,,,,,,,,,,,,,,,,,,,,,,,,,,,,,,,,,,,,,,,,,,,,,,,,,,,,
47250000,-6559,-4102,22,327,1143,-44216,3408,-185,-558,-106,0,-12960,2879,670,14889,946,-570,280,14889,1502000,1517000,1697000,1728000,254,1371,240,1297,,,,,,,,,,,,,,,,,,,,,,,,,,,,,,,,,,,,,,,,,,,,,,,,,,,,,,,,,,,,,,,,,,,,,,,,,,,,,,,,,,,,
47303000,-7765,-3334,-322,-36,1584,-44949,3041,-5007,-418,-64,0,-12559,2600,670,14889,889,-650,280,14889,1434000,1510000,1742000,1737000,309,1252,275,1113,,,,,,,,,,,,,,,,,,,,,,,,,,,,,,,,,,,,,,,,,,,,,,,,,,,,,,,,,,,,,,,,,,,,,,,,,,,,,,,,,,,,
47350000,-8213,-2393,-232,479,1193,-27798,16958,-673,-368,18,-2,-12440,2600,670,14889,864,-623,280,14889,1531000,1478000,1747000,1688000,185,1245,160,1075,,,,,,,,,,,,,,,,,,,,,,,,,,,,,,,,,,,,,,,,,,,,,,,,,,,,,,,,,,,,,,,,,,,,,,,,,,,,,,,,,,,,
47403000,-7768,-1520,-282,-187,1533,-23892,5239,-1528,-400,90,-2,-12360,2560,669,14844,859,-529,276,14844,1482000,1513000,1719000,1726000,248,1177,213,1011,,,,,,,,,,,,,,,,,,,,,,,,,,,,,,,,,,,,,,,,,,,,,,,,,,,,,,,,,,,,,,,,,,,,,,,,,,,,,,,,,,,,
47450000,-6643,-2005,-513,-52,1810,-29507,-3488,-1040,-446,13,-2,-11759,2159,670,14889,810,-529,280,14889,1501000,1502000,1696000,1744000,182,1040,147,843,,,,,,,,,,,,,,,,,,,,,,,,,,,,,,,,,,,,,,,,,,,,,,,,,,,,,,,,,,,,,,,,,,,,,,,,,,,,,,,,,,,,
47503000,-6205,-2479,178,20,818,-24441,2980,-3054,-477,-31,0,-11680,2119,672,14978,771,-638,287,14978,1488000,1489000,1720000,1746000,211,984,163,758,,,,,,,,,,,,,,,,,,,,,,,,,,,,,,,,,,,,,,,,,,,,,,,,,,,,,,,,,,,,,,,,,,,,,,,,,,,,,,,,,,,,
47550000,-5256,-2229,-110,-96,1163,-21511,-620,-1223,-536,-13,0,-11399,2079,671,14933,737,-667,284,14933,1523000,1476000,1708000,1738000,82,872,60,643,,,,,,,,,,,,,,,,,,,,,,,,,,,,,,,,,,,,,,,,,,,,,,,,,,,,,,,,,,,,,,,,,,,,,,,,,,,,,,,,,,,,
47603000,-4976,-1704,94,292,1069,-21817,9450,-5373,-564,32,-2,-11440,2079,671,14933,703,-632,284,14933,1500000,1432000,1765000,1729000,207,738,145,518,,,,,,,,,,,,,,,,,,,,,,,,,,,,,,,,,,,,,,,,,,,,,,,,,,,,,,,,,,,,,,,,,,,,,,,,,,,,,,,,,,,,
47650000,-4983,-2326,116,32,620,-27005,-7883,-2260,-360,-133,-2,-9119,799,671,14933,664,-720,284,14933,1449000,1526000,1691000,1768000,-93,809,-61,537,,,,,,,,,,,,,,,,,,,,,,,,,,,,,,,,,,,,,,,,,,,,,,,,,,,,,,,,,,,,,,,,,,,,,,,,,,,,,,,,,,,,
47703000,-6325,-3081,-121,219,1444,-8206,4567,-6350,569,-247,-2,199,239,671,14933,631,-704,284,14933,1432000,1477000,1752000,1754000,23,534,14,337,,,,,,,,,,,,,,,,,,,,,,,,,,,,,,,,,,,,,,,,,,,,,,,,,,,,,,,,,,,,,,,,,,,,,,,,,,,,,,,,,,,,
47750000,-4779,-2872,66,121,398,58993,4995,-2810,780,-236,-4,4160,160,672,14978,596,-740,287,14978,1550000,1404000,1698000,1772000,26,185,15,110,,,,,,,,,,,,,,,,,,,,,,,,,,,,,,,,,,,,,,,,,,,,,,,,,,,,,,,,,,,,,,,,,,,,,,,,,,,,,,,,,,,,
47803000,-779,-2212,-178,-418,788,47457,-5380,58,546,-172,0,5480,239,671,14933,568,-707,284,14933,1495000,1514000,1672000,1765000,26,185,15,105,,,,,,,,,,,,,,,,,,,,,,,,,,,,,,,,,,,,,,,,,,,,,,,,,,,,,,,,,,,,,,,,,,,,,,,,,,,,,,,,,,,,
47850000,1693,-1762,-166,-300,1290,23959,10244,-3664,480,-132,0,7200,239,682,15427,529,-631,327,15427,1451000,1524000,1752000,1747000,-547,-80,-289,47903000,2944,-2952,363,-347,704,43673,8779,-2077,399,-233,0,7520,279,712,16814,478,-707,448,16814,1595000,1472000,1735000,1800000,-415,-155,-198,-74,,,,,,,,,,,,,,,,,,,,,,,,,,,,,,,,,,,,,,,,,,,,,,,,,,,,,,,,,
47950000,3751,-1465,-264,-161,1490,27743,10732,-2504,325,-110,-4,7480,199,738,18064,486,-577,551,18064,1565000,1557000,1790000,1798000,-215,160,-104,78,,,,,,,,,,,,,,,,,,,,,,,,,,,,,,,,,,,,,,,,,,,,,,,,,,,,,,,,,,,,,,,,,,,,,,,,,,,,,,,,,,,,
48003000,4036,-1308,-303,-419,1265,26950,10305,974,304,-93,-2,7520,239,739,18113,406,-636,556,18113,1592000,1580000,1750000,1808000,-419,533,-170,216,,,,,,,,,,,,,,,,,,,,,,,,,,,,,,,,,,,,,,,,,,,,,,,,,,,,,,,,,,,,,,,,,,,,,,,,,,,,,,,,,,,,
48050000,5210,-473,330,254,1137,26644,23854,-4335,82,-37,-2,6159,39,741,18212,437,-647,564,18212,1605000,1492000,1821000,1795000,-237,-31,-103,-13,,,,,,,,,,,,,,,,,,,,,,,,,,,,,,,,,,,,,,,,,,,,,,,,,,,,,,,,,,,,,,,,,,,,,,,,,,,,,,,,,,,,
48103000,4840,125,385,86,1060,18527,12380,-6960,3,17,-2,4880,79,741,18212,347,-638,564,18212,1564000,1498000,1807000,1835000,-561,186,-194,64,,,,,,,,,,,,,,,,,,,,,,,,,,,,,,,,,,,,,,,,,,,,,,,,,,,,,,,,,,,,,,,,,,,,,,,,,,,,,,,,,,,,
48150000,4404,547,-64,339,725,-2102,20375,-5068,-255,54,0,1480,79,740,18163,347,48203000,3598,1089,546,308,1341,216,16225,-3664,-293,105,-2,240,119,741,18212,324,-321,564,18212,1612000,1487000,1822000,1791000,-561,186,-181,60,,,,,,,,,,,,,,,,,,,,,,,,,,,,,,,,,,,,,,,,,,,,,,,,,,,,,,,,,,,,,,,,,,,
48250000,3795,2034,-268,160,890,-21633,6582,-1345,-421,184,0,-1039,79,720,17194,319,-327,480,-561,186,-179,59,,,,,,,,,,,,,,,,,,,,,,,,,,,,,,,,,,,,,,,,,,,,,,,,,,,,,,,,,,,,,,,,,,,,,,,,,,,,,,,,,,,,,,,,,
48303000,3373,527,87,386,968,-18032,-9,-2687,-507,52,0,-2439,79,709,16673,257,-249,435,16673,1585000,1445000,1758000,1792000,-561,186,-144,47,,,,,,,,,,,,,,,,,,,,,,,,,,,,,,,,,,,,,,,,,,,,,,,,,,,,,,,,,,,,,,,,,,,,,,,,,,,,,,,,,,,,
48350000,2163,194,-342,-361,1946,-26516,-11667,1645,-537,20,-2,-3999,39,673,15022,279,-116,291,15022,1537000,1518000,1704000,1771000,-561,18,52,,,,,,,,,,,,,,,,,,,,,,,,,,,,,,,,,,,,,,,,,,,,,,,,,,,,,,,,,,,,,,,,,,,,,,,,,,,,,,,,,,,,,
48403000,1691,-532,-192,-237,1429,-24136,-8371,2866,-528,-39,0,-4359,79,672,14978,262,-85,287,14978,1541000,1484000,1697000,1730000,-561,186,-147,48,,,,,,,,,,,,,,,,,,,,,,,,,,,,,,,,,,,,,,,,,,,,,,,,,,,,,,,,,,,,,,,,,,,,,,,,,,,,,,,,,,,,
48450000,855,-1484,-663,-64,1670,-26394,-9897,1340,-476,-126,-2,-4599,39,672,14978,254,-34,287,14978,1552000,1449000,1704000,1741000,-561,186,-142,47,,,,,,,,,,,,,,,,,,,,,,,,,,,,,,,,,,,,,,,,,,,,,,,,,,,,,,,,,,,,,,,,,,,,,,,,,,,,,,,,,,,,
48503000,-1286,-3217,493,-95,373,-22549,-13681,4208,-86,-277,-2,-2279,39,671,14933,293,-7,284,14933,1518000,1528000,1642000,1766000,-561,186,-164,54,,,,,,,,,,,,,,,,,,,,,,,,,,,,,,,,,,,,,,,,,,,,,,,,,,,,,,,,,,,,,,,,,,,,,,,,,,,,,,,,,,,,
48550000,-1281,-3469,357,-277,106,-11563,-9,1157,-24,-295,0,-1559,79,672,14978,312,-107,287,14978,1520000,1483000,1712000,1732000,-561,186,-175,58,,,,,,,,,,,,,,,,,,,,,,,,,,,,,,,,,,,,,,,,,,,,,,,,,,,,,,,,,,,,,,,,,,,,,,,,,,,,,,,,,,,,
48603000,-1003,-3268,-107,162,714,-393,8352,-612,10,-278,-2,-879,79,671,14933,286,-123,284,14933,1534000,1439000,1712000,1750000,-561,186,-160,53,,,,,,,,,,,,,,,,,,,,,,,,,,,,,,,,,,,,,,,,,,,,,,,,,,,,,,,,,,,,,,,,,,,,,,,,,,,,,,,,,,,,
48650000,-2068,-1159,-118,140,1344,-2835,19582,1035,180,-94,-4,0,79,671,14933,248,-150,284,14933,1497000,1503000,1728000,1718000,5,-163,1,-40,,,,,,,,,,,,,,,,,,,,,,,,,,,,,,,,,,,,,,,,,,,,,,,,,,,,,,,,,,,,,,,,,,,,,,,,,,,,,,,,,,,,
48703000,-910,-710,-121,-356,1403,11325,2553,1218,142,-58,0,720,39,672,14978,290,-27,287,14978,1531000,1475000,1683000,1756000,5,-163,1,-47,,,,,,,,,,,,,,,,,,,,,,,,,,,,,,,,,,,,,,,,,,,,,,,,,,,,,,,,,,,,,,,,,,,,,,,,,,,,,,,,,,,,
48750000,-184,-776,-470,-230,1563,6015,14943,2438,267,-60,0,2880,79,671,14933,286,9,284,14933,1520000,1507000,1715000,1712000,-163,-1120,-46,-320,,,,,,,,,,,,,,,,,,,,,,,,,,,,,,,,,,,,,,,,,,,,,,,,,,,,,,,,,,,,,,,,,,,,,,,,,,,,,,,,,,,,
48803000,446,-412,141,-55,803,31039,18605,58,379,-32,0,4800,39,672,14978,270,-44,287,14978,1566000,1419000,1740000,1713000,-163,-1120,-44,-302,,,,,,,,,,,,,,,,,,,,,,,,,,,,,,,,,,,,,,,,,,,,,,,,,,,,,,,,,,,,,,,,,,,,,,,,,,,,,,,,,,,,
48850000,1152,-1087,80,-412,702,26522,1210,2499,531,-87,-2,7240,79,672,14978,263,-38,287,14978,1512000,1519000,1696000,1731000,-163,-1120,-43,-294,,,,,,,,,,,,,,,,,,,,,,,,,,,,,,,,,,,,,,,,,,,,,,,,,,,,,,,,,,,,,,,,,,,,,,,,,,,,,,,,,,,,
48903000,2087,-2103,120,343,1068,35800,13173,-2138,453,-180,-4,7280,39,672,14978,287,6,287,14978,1532000,1418000,1744000,1732000,-163,-1120,-47,-321,,,,,,,,,,,,,,,,,,,,,,,,,,,,,,,,,,,,,,,,,,,,,,,,,,,,,,,,,,,,,,,,,,,,,,,,,,,,,,,,,,,,
48950000,3728,-935,276,201,708,48007,12197,1340,299,-4,0,7160,880,672,14978,334,91,287,14978,1604000,1392000,1703000,1735000,-163,-1120,-54,-374,,,,,,,,,,,,,,,,,,,,,,,,,,,,,,,,,,,,,,,,,,,,,,,,,,,,,,,,,,,,,,,,,,,,,,,,,,,,,,,,,,,,
49003000,4501,-1009,-540,-28,2046,23837,7619,-1162,231,68,0,7160,1800,672,14978,291,205,287,14978,1514000,1464000,1735000,1729000,-163,-1120,-47,-325,,,,,,,,,,,,,,,,,,,,,,,,,,,,,,,,,,,,,,,,,,,,,,,,,,,,,,,,,,,,,,,,,,,,,,,,,,,,,,,,,,,,
49050000,5345,-2132,-32,344,497000,1751000,1722000,-163,-1120,-45,-312,,,,,,,,,,,,,,,,,,,,,,,,,,,,,,,,,,,,,,,,,,,,,,,,,,,,,,,,,,,,,,,,,,,,,,,,,,,,,,,,,,,,,,,,,,,,,,,,,,,,
49103000,5209,-2888,-264,66,1163,21212,-12399,1340,240,58,0,7960,3559,673,15022,294,111,291,15022,1534000,1479000,1697000,1738000,-163,-1120,-48,-329,,,,,,,,,,,,,,,,,,,,,,,,,,,,,,,,,,,,,,,,,,,,,,,,,,,,,,,,,,,,,,,,,,,,,,,,,,,,,,,,,,,,
49150000,5660,-2255,-103,329,976,26766,-1962,119,207,113,0,8040,3559,671,14933,316,194,284,14933,1564000,1425000,1711000,1749203000,4679,-1858,-194,-412,1331,9799,-681,-1589,115,151,0,6000,3599,672,14978,315,205,287,14978,1483000,1485000,1733000,1735000,-163,-1120,-51,-352,,,,,,,,,,,,,,,,,,,,,,,,,,,,,,,,,,,,,,,,,,,,,,,,,,,,,,,,,,,,,
49250000,4951,-2197,-123,289,552,3451,2431,-2504,-30,160,2,4600,4040,671,14933,311,86,284,14933,1501000,1454000,1753000,1723000,-163,-1120,-50,-348,,,,,,,,,,,,,,,,,,,,,,,,,,,,,,,,,,,,,,,,,,,,,,,,,,,,,,,,,,,,,,,,,,,,,,,,,,,,,,,,,,,,
49303000,4155,-1952,-449,-119,2034,-4971,-4526,2805,-100,217,0,2999,4440,673,15022,328,129,291,15022,1535000,1503000,1716000,1709000,-163,-1120,-53,-367,,,,,,,,,,,,,,,,,,,,,,,,,,,,,,,,,,,,,,,,,,,,,,,,,,,,,,,,,,,,,,,,,,,,,,,,,,,,,,,,,,,,
49350000,3185,-1857,-282,523,1601,-9060,-3916,-246,-54,260,0,2560,4839,683,15472,284,26,332,15472,1531000,1483000,1749000,1725000,-163,-1120,-46,-318,,,,,,,,,,,,,,,,,,,,,,,,,,,,,,,,,,,,,,,,,,,,,,,,,,,,,,,,,,,,,,,,,,,,,,,,,,,,,,,,,,,,
49403000,2385,-1724,-255,10,966,-13394,-19724,2499,-96,240,-2,1280,4479,703,16392,350,44,412,16392,1528000,1532000,1710000,1741000,-163,-1120,-57,-392,,,,,,,,,,,,,,,,,,,,,,,,,,,,,,,,,,,,,,,,,,,,,,,,,,,,,,,,,,,,,,,,,,,,,,,,,,,,,,,,,,,,
49450000,1760,-3644,293,323,569,-11502,-16428,-979,-38,76,0,1319,4519,703,16392,284,-104,412,16392,1544000,1511000,1744000,1773000,-163,-1120,-46,-318,,,,,,,,,,,,,,,,,,,,,,,,,,,,,,,,,,,,,,,,,,,,,,,,,,,,,,,,,,,,,,,,,,,,,,,,,,,,,,,,,,,,
49503000,851,-4572,-576,-39,1895,-11318,-11301,1645,-28,-11,0,520,4440,705,16485,287,-38,419,16485,1553000,1544000,1730000,1764000,-163,-1120,-47,-321,,,,,,,,,,,,,,,,,,,,,,,,,,,,,,,,,,,,,,,,,,,,,,,,,,,,,,,,,,,,,,,,,,,,,,,,,,,,,,,,,,,,
49550000,1140,-3554,-218,379,726,-7229,-15390,3354,-85,84,0,160,4519,701,16298,306,4,403,16298,1584000,1536000,1718000,1758000,-163,-1120,-50,-342,,,,,,,,,,,,,,,,,,,,,,,,,,,,,,,,,,,,,,,,,,,,,,,,,,,,,,,,,,,,,,,,,,,,,,,,,,,,,,,,,,,,
49603000,1643,-3102,-275,96,1477,-2102,-4648,-917,-167,99,0,-279,4240,706,16532,286,52,423,16532,1563000,1501000,1764000,1760000,-163,-1120,-46,-320,,,,,,,,,,,,,,,,,,,,,,,,,,,,,,,,,,,,,,,,,,,,,,,,,,,,,,,,,,,,,,,,,,,,,,,,,,,,,,,,,,,,
49650000,1238,-3305,260,-106,1225,-10647,-20212,1645,-163,84,0,-639,4279,706,16532,332,117,423,16532,1585000,1513000,1699000,1793000,-163,-1120,-54,-371,,,,,,,,,,,,,,,,,,,,,,,,,,,,,,,,,,,,,,,,,,,,,,,,,,,,,,,,,,,,,,,,,,,,,,,,,,,,,,,,,,,,
49703000,514,-3898,-66,419,1375,-8694,-20639,2438,-167,15,0,-1399,4080,706,16532,319,163,423,16532,1597000,1511000,1694000,1791000,-163,-1120,-52,-357,,,,,,,,,,,,,,,,,,,,,,,,,,,,,,,,,,,,,,,,,,,,,,,,,,,,,,,,,,,,,,,,,,,,,,,,,,,,,,,,,,,,
49750000,-272,-4465,20,-138,1351,-14981,-5563,913,-129,-61,0,-1760,3759,708,16626,325,182,432,16626,1565000,1527000,1734000,1770000,-163,-1120,-53,-364,,,,,,,,,,,,,,,,,,,,,,,,,,,,,,,,,,,,,,,,,,,,,,,,,,,,,,,,,,,,,,,,,,,,,,,,,,,,,,,,,,,,
49803000,-267,-3660,-3,437,1482,-14981,3530,-1040,-161,1,0,-2119,3680,708,16626,406,370,432,16626,1557000,1509000,1753000,1773000,-163,-1120,-66,-454,,,,,,,,,,,,,,,,,,,,,,,,,,,,,,,,,,,,,,,,,,,,,,,,,,,,,,,,,,,,,,,,,,,,,,,,,,,,,,,,,,,,
49850000,-1441,-2520,-44,-435,1129,-19619,-1596,-1101,-94,66,-2,-2519,3279,708,16626,370,385,432,16626,1545000,1519000,1747000,1781000,-163,-1120,-60,-414,,,,,,,,,,,,,,,,,,,,,,,,,,,,,,,,,,,,,,,,,,,,,,,,,,,,,,,,,,,,,,,,,,,,,,,,,,,,,,,,,,,,
49903000,-1312,-3701,517,247,412,-29141,-1840,-1467,-199,-134,-2,-3599,2159,708,16626,392,388,432,16626,1515000,1544000,1734000,1797000,-163,-1120,-64,-439,,,,,,,,,,,,,,,,,,,,,,,,,,,,,,,,,,,,,,,,,,,,,,,,,,,,,,,,,,,,,,,,,,,,,,,,,,,,,,,,,,,,
49950000,-1908,-2704,-308,-418,1853,-14797,3408,2011,-297,-215,2,-5319,239,708,16626,433,461,432,16626,1590000,1519000,1723000,1771000,-163,-1120,-71,-485,,,,,,,,,,,,,,,,,,,,,,,,,,,,,,,,,,,,,,,,,,,,,,,,,,,,,,,,,,,,,,,,,,,,,,,,,,,,,,,,,,,,
50003000,-878,-2945,272,-245,565,-36526,18300,-2,-422,-236,4,-5719,239,709,16673,404,361,435,16673,1529000,1558000,1765000,1751000,807,1051,326,424,,,,,,,,,,,,,,,,,,,,,,,,,,,,,,,,,,,,,,,,,,,,,,,,,,,,,,,,,,,,,,,,,,,,,,,,,,,,,,,,,,,,
50050000,-1197,-2203,-180,417,1004,-33047,6276,-1467,-457,-171,4,-6439,239,708,16626,467,369,432,16626,1548000,1516000,1758000,1771000,807,1051,376,491,,,,,,,,,,,,,,,,,,,,,,,,,,,,,,,,,,,,,,,,,,,,,,,,,,,,,,,,,,,,,,,,,,,,,,,,,,,,,,,,,,,,
50103000,-2594,-2163,-152,-421,1245,-25357,-620,-2199,-367,-171,4,-6799,199,706,16532,503,494,423,16532,1577000,1469000,1740000,1794000,136,853,68,429,,,,,,,,,,,,,,,,,,,,,,,,,,,,,,,,,,,,,,,,,,,,,,,,,,,,,,,,,,,,,,,,,,,,,,,,,,,,,,,,,,,,
50150000,-2541,-1582,163,82,786,-22488,7375,2011,-326,-124,-2,-6279,160,706,16532,498,590,423,16532,1568000,1535000,1726000,1766000,896,1214,446,604,,,,,,,,,,,,,,,,,,,,,,,,,,,,,,,,,,,,,,,,,,,,,,,,,,,,,,,,,,,,,,,,,,,,,,,,,,,,,,,,,,,,
50203000,-2409,-2279,-567,-484,2015,-14553,417,729,-302,-184,0,-5879,160,670,14889,521,518,280,14889,1535000,1463000,1683000,1758000,896,1214,467,632,,,,,,,,,,,,,,,,,,,,,,,,,,,,,,,,,,,,,,,,,,,,,,,,,,,,,,,,,,,,,,,,,,,,,,,,,,,,,,,,,,,,
50250000,-2250,-2692,-309,583,1275,-13821,-2451,913,-212,-224,2,-4679,119,670,14889,542,556,280,14889,1531000,1472000,1675000,1762000,524,578,284,313,,,,,,,,,,,,,,,,,,,,,,,,,,,,,,,,,,,,,,,,,,,,,,,,,,,,,,,,,,,,,,,,,,,,,,,,,,,,,,,,,,,,
50303000,-2054,-2623,360,-327,172,-15225,22268,-4335,-117,-225,0,-3399,39,669,14844,560,447,276,14844,1471000,1454000,1768000,1732000,882,753,494,421,,,,,,,,,,,,,,,,,,,,,,,,,,,,,,,,,,,,,,,,,,,,,,,,,,,,,,,,,,,,,,,,,,,,,,,,,,,,,,,,,,,,
50350000,-3733,-1152,-249,-371,372,-9609,15065,119,161,-93,-2,-1879,79,668,14800,598,468,271,14800,1461000,1521000,1728000,1720000,882,753,527,450,,,,,,,,,,,,,,,,,,,,,,,,,,,,,,,,,,,,,,,,,,,,,,,,,,,,,,,,,,,,,,,,,,,,,,,,,,,,,,,,,,,,
50403000,-4456,-653,-97,38,1251,12973,4018,-1345,305,-50,2,-959,79,669,14844,608,434,276,14844,1517000,1448000,1720000,1742000,330,133,200,81,,,,,,,,,,,,,,,,,,,,,,,,,,,,,,,,,,,,,,,,,,,,,,,,,,,,,,,,,,,,,,,,,,,,,,,,,,,,,,,,,,,,
50450000,-3112,-773,-295,306,1351,19015,11342,791,285,-53,0,160,160,668,14800,602,425,271,14800,1518000,1478000,1726000,1712000,341,-28,205,-16,,,,,,,,,,,,,,,,,,,,,,,,,,,,,,,,,,,,,,,,,,,,,,,,,,,,,,,,,,,,,,,,,,,,,,,,,,,,,,,,,,,,
50503000,-1363,-1197,285,-411,328,18405,-3732,3354,132,-10,0,160,1080,667,14756,623,233,267,14756,1532000,1504000,1671000,1737000,308,-210,192,-131,,,,,,,,,,,,,,,,,,,,,,,,,,,,,,,,,,,,,,,,,,,,,,,,,,,,,,,,,,,,,,,,,,,,,,,,,,,,,,,,,,,,
50550000,190,-520,274,-157,-10,582,2675,3354,-2,195,0,160,2760,667,14756,634,158,267,14756,1537000,1498000,1710000,1696000,111,-362,70,-229,,,,,,,,,,,,,,,,,,,,,,,,,,,,,,,,,,,,,,,,,,,,,,,,,,,,,,,,,,,,,,,,,,,,,,,,,,,,,,,,,,,,
50603000,41,866,20,75,1323,-88,3652,-734,97,421,0,1159,3959,667,14756,633,118,267,14756,1495000,1479000,1732000,1718000,373,-414,236,-262,,,,,,,,,,,,,,,,,,,,,,,,,,,,,,,,,,,,,,,,,,,,,,,,,,,,,,,,,,,,,,,,,,,,,,,,,,,,,,,,,,,,
50650000,-29,756,32,-288,1313,8456,-19663,3354,288,408,-2,3280,3919,668,14800,655,80,271,14800,1514000,1521000,1652000,1751000,468,-515,306,-337,,,,,,,,,,,,,,,,,,,,,,,,,,,,,,,,,,,,,,,,,,,,,,,,,,,,,,,,,,,,,,,,,,,,,,,,,,,,,,,,,,,,
50703000,832,385,-231,333,702,10287,-12888,-1284,255,375,0,3760,3919,667,14756,646,-1,267,14756,1513000,1455000,1742000,1715000,674,-495,435,-319,,,,,,,,,,,,,,,,,,,,,,,,,,,,,,,,,,,,,,,,,,,,,,,,,,,,,,,,,,,,,,,,,,,,,,,,,,,,,,,,,,,,
50750000,1193,-1006,-10,87,1344,19259,-10935,58,220,278,2,3719,4199,667,14756,666,-3,267,14756,1525000,1464000,1724000,1715000,596,-579,397,-386,,,,,,,,,,,,,,,,,,,,,,,,,,,,,,,,,,,,,,,,,,,,,,,,,,,,,,,,,,,,,,,,,,,,,,,,,,,,,,,,,,,,
50803000,1896,-1642,-475,-216,1038,6808,-15512,-1711,225,233,0,4479,4319,666,14712,664,36,264,14712,1473000,1486000,1719000,1738000,488,-748,324,-497,,,,,,,,,,,,,,,,,,,,,,,,,,,,,,,,,,,,,,,,,,,,,,,,,,,,,,,,,,,,,,,,,,,,,,,,,,,,,,,,,,,,
50850000,2201,-1786,-249,10,1002,7601,-7822,-490,226,280,-2,4800,5000,667,14756,687,123,267,14756,1480000,1498000,1741000,1706000,448,-569,307,-391,,,,,,,,,,,,,,,,,,,,,,,,,,,,,,,,,,,,,,,,,,,,,,,,,,,,,,,,,,,,,,,,,,,,,,,,,,,,,,,,,,,,
50903000,2766,-2600,177,-429,580,15963,-18808,1035,282,244,-8,6000,5399,668,14800,681,-53,271,14800,1504000,1495000,1685000,1751000,322,-628,219,-427,,,,,,,,,,,,,,,,,,,,,,,,,,,,,,,,,,,,,,,,,,,,,,,,,,,,,,,,,,,,,,,,,,,,,,,,,,,,,,,,,,,,
50950000,1834,-3030,-91,-389,968,4489,-15573,607,457,203,0,7079,5360,667,14756,664,-49,267,14756,1460000,1534000,1703000,1732000,302,-815,200,-541,,,,,,,,,,,,,,,,,,,,,,,,,,,,,,,,,,,,,,,,,,,,,,,,,,,,,,,,,,,,,,,,,,,,,,,,,,,,,,,,,,,,
51003000,1091,-3982,312,-146,269,31100,-16245,-185,561,120,-2,7520,5360,669,14844,671,-126,276,14844,1531000,1452000,1686000,1762000,167,-636,112,-427,,,,,,,,,,,,,,,,,,,,,,,,,,,,,,,,,,,,,,,,,,,,,,,,,,,,,,,,,,,,,,,,,,,,,,,,,,,,,,,,,,,,
51050000,1316,-3102,-105,-409,1199,39950,-23630,1340,701,203,2,9360,5439,670,14889,665,-86,280,14889,1521000,1494000,1692000,1739000,135,-774,90,-514,,,,,,,,,,,,,,,,,,,,,,,,,,,,,,,,,,,,,,,,,,,,,,,,,,,,,,,,,,,,,,,,,,,,,,,,,,,,,,,,,,,,
51103000,2734,-4512,30,133,631,40988,-18198,-3298,620,39,0,9840,4960,669,14844,660,-91,276,14844,1501000,1432000,1713000,1765000,276,-676,182,-446,,,,,,,,,,,,,,,,,,,,,,,,,,,,,,,,,,,,,,,,,,,,,,,,,,,,,,,,,,,,,,,,,,,,,,,,,,,,,,,,,,,,
51150000,3125,-5693,-219,278,1568,44894,-314,-2443,589,-154,0,9880,3919,670,14889,662,-68,280,14889,1501000,1452000,1741000,1733000,6,-589,4,-390,,,,,,,,,,,,,,,,,,,,,,,,,,,,,,,,,,,,,,,,,,,,,,,,,,,,,,,,,,,,,,,,,,,,,,,,,,,,,,,,,,,,
51203000,4188,-5976,286,-444,596,46054,7192,1157,493,-259,0,9840,2999,669,14844,646,-158,276,14844,1527000,1478000,1687000,1747000,-101,-673,-65,-435,,,,,,,,,,,,,,,,,,,,,,,,,,,,,,,,,,,,,,,,,,,,,,,,,,,,,,,,,,,,,,,,,,,,,,,,,,,,,,,,,,,,
51250000,5727,-4742,78,-315,241,31344,20986,302,296,-214,-2,9119,2279,669,14844,633,-179,276,14844,1522000,1467000,1730000,1716000,-384,-51303000,6295,-2468,427,374,1110,26705,24038,-1406,-71,-187,0,5480,320,669,14844,649,-193,276,14844,1584000,1353000,1707000,17,-219,,,,,,,,,,,,,,,,,,,,,,,,,,,,,,,,,,,,,,,,,,,,,,,,,,,,,,,,,,,,,,
51350000,5783,-1165,28,-51,517,5038,13234,-734,-389,-77,0,1319,279,670,14889,628,-201,280,14889,1541000,1424000,1695000,1760000,-577,-249,-362,-156,,,,,,,,,,,,,,,,,,,,,,,,,,,,,,,,,,,,,,,,,,,,,,,,,,,,,,,,,,,,,,,,,,,,,,,,,,,,,,,,,,,,
51403000,2856,-786,-20,-50,1320,-31948,25197,-1589,-238,-114,0,120,-520,669,14844,621,-236,276,14844,1425000,1528000,1730000,1738000,-555,157,-344,97,,,,,,,,,,,,,,,,,,,,,,,,,,,,,,,,,,,,,,,,,,,,,,,,,,,,,,,,,,,,,,,,,,,,,,,,,,,,,,,,,,,,
51450000,10,602,-331,-207,1574,-35855,27822,-2626,-262,7,0,-2999,-520,670,14889,608,-242,280,14889,1463000,1480000,1769000,1712000,-627,286,-381,174,,,,,,,,,,,,,,,,,,,,,,,,,,,,,,,,,,,,,,,,,,,,,,,,,,,,,,,,,,,,,,,,,,,,,,,,,,,,,,,,,,,,
51503000,-1267,1677,-190,-467,1093,-24685,25686,-551,-371,146,0,-5519,0,670,14889,572,-279,280,14889,1487000,1486000,1755000,1706000,-685,636,-392,364,,,,,,,,,,,,,,,,,,,,,,,,,,,,,,,,,,,,,,,,,,,,,,,,,,,,,,,,,,,,,,,,,,,,,,,,,,,,,,,,,,,,
51550000,-349,2326,96,703,611,-33840,19582,-2199,-562,199,-2,-6799,-40,670,14889,533,-407,280,14889,1503000,1440000,1755000,1726000,-685,636,-365,339,,,,,,,,,,,,,,,,,,,,,,,,,,,,,,,,,,,,,,,,,,,,,,,,,,,,,,,,,,,,,,,,,,,,,,,,,,,,,,,,,,,,
51603000,-1474,1836,-235,270,1139,-36709,15249,-3420,-527,156,2,-7519,-40,681,15382,539,-420,323,15382,1500000,1455000,1779000,1732000,-715,397,-385,214,,,,,,,,,,,,,,,,,,,,,,,,,,,,,,,,,,,,,,,,,,,,,,,,,,,,,,,,,,,,,,,,,,,,,,,,,,,,,,,,,,,,
51650000,-2657,1263,121,-310,829,-31704,5178,-734,-487,113,0,-8240,39,702,16345,524,-394,408,16345,1551000,1490000,1745000,1774000,-386,793,-202,415,,,,,,,,,,,,,,,,,,,,,,,,,,,,,,,,,,,,,,,,,,,,,,,,,,,,,,,,,,,,,,,,,,,,,,,,,,,,,,,,,,,,
51703000,-2944,905,-195,-631,1555,-30484,1271,-1162,-521,79,0,-8920,0,704,16438,476,-362,415,16438,1542000,1491000,1754000,1772000,-386,793,-184,377,,,,,,,,,,,,,,,,,,,,,,,,,,,,,,,,,,,,,,,,,,,,,,,,,,,,,,,,,,,,,,,,,,,,,,,,,,,,,,,,,,,,
51750000,-3507,312,279,476,1607,-26943,-9226,-979,-496,62,0,-9200,399,704,16438,421,-426,415,16438,1552000,1489000,1749000,1781000,-330,690,-139,290,,,,,,,,,,,,,,,,,,,,,,,,,,,,,,,,,,,,,,,,,,,,,,,,,,,,,,,,,,,,,,,,,,,,,,,,,,,,,,,,,,,,
51803000,-4110,49,134,276,1412,-30728,-9775,-4580,-454,46,0,-9320,479,704,16438,435,-477,415,16438,1520000,1467000,1792000,1775000,-330,690,-143,300,,,,,,,,,,,,,,,,,,,,,,,,,,,,,,,,,,,,,,,,,,,,,,,,,,,,,,,,,,,,,,,,,,,,,,,,,,,,,,,,,,,,
51850000,-4245,-107,-296,-499,1820,-34146,-12827,2133,-439,29,2,-9280,439,706,16532,367,-466,423,16532,1533000,1557000,1747000,1753000,-330,690,-121,253,,,,,,,,,,,,,,,,,,,,,,,,,,,,,,,,,,,,,,,,,,,,,,,,,,,,,,,,,,,,,,,,,,,,,,,,,,,,,,,,,,,,
51903000,-3239,-1528,355,-128,229,-24746,-9836,1584,-499,-95,0,-8959,439,709,16673,335,-559,435,16673,1573000,1516000,1738000,1775000,-330,690,-110,231,,,,,,,,,,,,,,,,,,,,,,,,,,,,,,,,,,,,,,,,,,,,,,,,,,,,,,,,,,,,,,,,,,,,,,,,,,,,,,,,,,,,
51950000,-3016,-1477,-176,249,484,-25784,-2268,1401,-316,-83,0,-6639,520,717,17051,361,-460,468,17051,1576000,1531000,1759000,1770000,-330,690,-119,249,,,,,,,,,,,,,,,,,,,,,,,,,,,,,,,,,,,,,,,,,,,,,,,,,,,,,,,,,,,,,,,,,,,,,,,,,,,,,,,,,,,,
52003000,-3321,-1028,-738,-318,1432,-22671,-4831,2316,-118,-16,0,-4679,839,733,17821,339,-389,531,17821,1524000,1594000,1757000,1759000,-932,387,-316,131,,,,,,,,,,,,,,,,,,,,,,,,,,,,,,,,,,,,,,,,,,,,,,,,,,,,,,,,,,,,,,,,,,,,,,,,,,,,,,,,,,,,
52050000,-1786,-2589,427,419,309,-2346,-12338,1889,-36,-184,-2,-2199,479,732,17772,343,-305,528,17772,1597000,1557000,1741000,1809000,-932,387,-319,132,,,,,,,,,,,,,,,,,,,,,,,,,,,,,,,,,,,,,,,,,,,,,,,,,,,,,,,,,,,,,,,,,,,,,,,,,,,,,,,,,,,,
52103000,-1702,-2537,-369,-112,1411,-1797,112,607,186,-207,-4,440,160,735,17918,306,-102,540,17918,1549000,1592000,1794000,1773000,-932,387,-285,118,,,,,,,,,,,,,,,,,,,,,,,,,,,,,,,,,,,,,,,,,,,,,,,,,,,,,,,,,,,,,,,,,,,,,,,,,,,,,,,,,,,,
52150000,-1593,-2197,622,543,213,20724,-5075,2499,180,-181,0,480,119,736,17967,259,-244,544,17967,1615000,1557000,1751000,1795000,-932,387,-241,100,,,,,,,,,,,,,,,,,,,,,,,,,,,,,,,,,,,,,,,,,,,,,,,,,,,,,,,,,,,,,,,,,,,,,,,,,,,,,,,,,,,,
52203000,602,-2869,166,660,485,3085,-3122,729,195,-239,-4,2840,119,738,18064,310,-120,551,18064,1582000,1568000,1763000,1804000,-490,-1527,-152,-473,,,,,,,,,,,,,,,,,,,,,,,,,,,,,,,,,,,,,,,,,,,,,,,,,,,,,,,,,,,,,,,,,,,,,,,,,,,,,,,,,,,,
52250000,893,-3741,223,-382,1259,21884,-5624,1340,194,-312,-6,3120,160,737,18016,328,-7,548,18016,1641000,1512000,1743000,1819000,-490,-1527,-160,-52303000,1709,-2641,492,395,1632,22433,3408,-124,217,-213,-6,4200,199,738,18064,309,80,551,18064,1600000,1541000,1771000,1852350000,1388,-1448,-367,-506,970,6320,295,4697,311,-84,-2,4960,479,739,18113,318,38,556,18113,1581000,1629000,1742000,1752403000,1081,-1341,-146,-655,1053,24630,-7883,4025,404,-33,-2,5720,959,739,18113,285,169,556,18113,1639000,1565000,1731000,1803000,-490,-1527,-139,-435,,,,,,,,,,,
52450000,2525,-2105,-117,89,1379,14010,4201,-1101,275,-103,0,5680,920,739,18113,330,313,556,18113,1556000,1584000,1789000,1794000,-490,-1527,-161,-504,,,,,,,,,,,,,,,,,,,,,,,,,,,,,,,,,,,,,,,,,,,,,,,,,,,,,,,,,,,,,,,,,,,,,,,,,,,,,,,,,,,,
52503000,2900,-1787,-269,-434,972,7540,8840,4392,214,-79,-2,5360,880,707,16579,353,293,428,16579,1549000,1588000,1723000,1747000,-490,-1527,-173,-539,,,,,,,,,,,,,,,,,,,,,,,,,,,,,,,,,,,,,,,,,,,,,,,,,,,,,,,,,,,,,,,,,,,,,,,,,,,,,,,,,,,,
52550000,3532,-1651,145,526,658,19320,19887,2133,155,-70,0,5320,839,686,15608,352,351,343,15608,1581000,1475000,1735000,1719000,-490,-1527,-172,-537,,,,,,,,,,,,,,,,,,,,,,,,,,,,,,,,,,,,,,,,,,,,,,,,,,,,,,,,,,,,,,,,,,,,,,,,,,,,,,,,,,,,
52603000,3128,-152,-170,78,387,9921,13051,3720,187,0,-2,5280,160,671,14933,461,455,284,14933,1535000,1514000,1710000,1700000,-556,-1339,-256,-617,,,,,,,,,,,,,,,,,,,,,,,,,,,,,,,,,,,,,,,,,,,,,,,,,,,,,,,,,,,,,,,,,,,,,,,,,,,,,,,,,,,,
52650000,3087,-1204,151,423,1107,17489,10366,2927,184,-87,-2,5200,199,667,14756,432,508,267,14756,1561000,1471000,1691000,1722000,-556,-1339,-240,-578,,,,,,,,,,,,,,,,,,,,,,,,,,,,,,,,,,,,,,,,,,,,,,,,,,,,,,,,,,,,,,,,,,,,,,,,,,,,,,,,,,,,
52703000,2480,-132,-70,-492,669,8334,9877,4575,170,-1,-4,4440,119,657,14317,485,487,228,14317,1510000,1523000,1685000,1688000,-556,-1339,-269,-649,,,,,,,,,,,,,,,,,,,,,,,,,,,,,,,,,,,,,,,,,,,,,,,,,,,,,,,,,,,,,,,,,,,,,,,,,,,,,,,,,,,,
52750000,2703,-1037,483,-162,162,13583,1210,6528,95,-80,-4,3800,119,645,13798,517,566,179,13798,1549000,1487000,1632000,1693000,-556,-1339,-287,-692,,,,,,,,,,,,,,,,,,,,,,,,,,,,,,,,,,,,,,,,,,,,,,,,,,,,,,,,,,,,,,,,,,,,,,,,,,,,,,,,,,,,
52803000,3523,-624,-413,385,1809,10470,16835,5612,-24,-44,-2,3240,119,641,13628,523,561,163,13628,1562000,1455000,1693000,1633000,252,-483,132,-252,,,,,,,,,,,,,,,,,,,,,,,,,,,,,,,,,,,,,,,,,,,,,,,,,,,,,,,,,,,,,,,,,,,,,,,,,,,,,,,,,,,,
52850000,3840,-392,-816,-11,1696,-1126,16347,2561,-275,-20,0,680,160,641,13628,563,550,163,13628,1522000,1456000,1700000,1658000,-39,-768,-22,-432,,,,,,,,,,,,,,,,,,,,,,,,,,,,,,,,,,,,,,,,,,,,,,,,,,,,,,,,,,,,,,,,,,,,,,,,,,,,,,,,,,,,
52903000,3104,144,528,351,143,-5520,6582,4331,-211,26,-2,680,160,640,13585,547,321,159,13585,1530000,1474000,1656000,167852950000,2465,576,143,604,1394,-12356,6704,4758,-236,60,-2,-239,119,649,13970,578,220,195,13970,1564000,1466000,1661000,1653003000,1085,956,-37,-238,991,-13211,-1352,1645,-154,128,-2,-679,520,672,14978,595,125,287,14978,1519000,1525000,1704000,1714000,-60,-889,-36,-529,,,,,,,,,,,,,,,,,,,,,,,,,,,,,,,,,,,,,,
53050000,-255,-333,221,-251,384,-11257,-6296,2133,-180,79,-2,-2320,1239,695,16021,582,112,379,16021,1572000,1533000,1719000,1732000,82,-543,47,-316,,,,,,,,,,,,,,,,,,,,,,,,,,,,,,,,,,,,,,,,,,,,,,,,,,,,,,,,,,,,,,,,,,,,,,,,,,,,,,,,,,,,
53103000,272,-1632,-208,308,1342,-11868,-1840,1828,-327,42,0,-3479,2119,706,16532,596,178,423,16532,1603000,1524000,1745000,1728000,336,-778,200,-464,,,,,,,,,,,,,,,,,,,,,,,,,,,,,,,,,,,,,,,,,,,,,,,,,,,,,,,,,,,,,,,,,,,,,,,,,,,,,,,,,,,,
53150000,-544,-1736,-62,59,1237,-14126,-5624,-979,-263,148,0,-3559,3439,706,16532,591,76,423,16532,1557000,1534000,1752000,1750000,336,-778,198,-460,,,,,,,,,,,,,,,,,,,,,,,,,,,,,,,,,,,,,,,,,,,,,,,,,,,,,,,,,,,,,,,,,,,,,,,,,,,,,,,,,,,,
53203000,-999,-2868,-360,245,1704,-11196,-18320,974,-188,84,0,-3159,3840,708,16626,600,154,432,16626,1591000,1529000,1727000,1755000,419,-422,251,53250000,-1282,-3196,-73,282,1341,-17910,-5808,-917,-94,199,-4,-2359,5479,706,16532,589,162,423,16532,1538000,1552000,1771000,171000,611,-293,360,-172,,,,,,,,,,,,,,,,,,,,,,,,,,,,,,,,,,,,,,,,,,,,,,,,,,,,,,,,,
53303000,-1990,-2827,-397,-308,1681,-3750,-22043,3049,79,234,-2,-1079,5520,707,16579,597,167,428,16579,1579000,1569000,1711000,1749000,571,-353,341,-210,,,,,,,,,,,,,,,,,,,,,,,,,,,,,,,,,,,,,,,,,,,,,,,,,,,,,,,,,,,,,,,,,,,,,,,,,,,,,,,,,,,,
53350000,-958,-3528,-147,305,1017,1315,-7150,-1833,108,201,0,280,5839,707,16579,618,230,428,16579,1566000,1517000,1774000,1737000,574,-435,355,-269,,,,,,,,,,,,,,,,,,,,,,,,,,,,,,,,,,,,,,,,,,,,,,,,,,,,,,,,,,,,,,,,,,,,,,,,,,,,,,,,,,,,
53403000,-938,-3056,-468,-378,1846,5221,-18930,2561,148,239,0,759,5799,708,16626,636,301,432,16626,1563000,1581000,1724000,1741000,575,-686,365,-436,,,,,,,,,,,,,,,,,,,,,,,,,,,,,,,,,,,,,,,,,,,,,,,,,,,,,,,,,,,,,,,,,,,,,,,,,,,,,,,,,,,,
53450000,75,-3632,-68,236,854,521,-14597,-2871,146,126,-2,1760,5079,708,16626,648,297,432,16626,1530000,1539000,1750000,1775000,642,-468,416,-303,,,,,,,,,,,,,,,,,,,,,,,,,,,,,,,,,,,,,,,,,,,,,,,,,,,,,,,,,,,,,,,,,,,,,,,,,,,,,,,,,,,,
53503000,638,-3093,-275,-348,1555,3573,-14475,3415,132,173,-2,2160,5079,707,16579,668,309,428,16579,1585000,1569000,1717000,1741000,440,-576,294,-385,,,,,,,,,,,,,,,,,,,,,,,,,,,,,,,,,,,,,,,,,,,,,,,,,,,,,,,,,,,,,,,,,,,,,,,,,,,,,,,,,,,,
53550000,849,-2907,-70,262,712,13339,-3305,-2260,142,154,0,2480,4679,709,16673,677,272,435,16673,1590000,1489000,1769000,1749000,385,-589,260,-399,,,,,,,,,,,,,,,,,,,,,,,,,,,,,,,,,,,,,,,,,,,,,,,,,,,,,,,,,,,,,,,,,,,,,,,,,,,,,,,,,,,,
53603000,1005,-3533,-482,-563,1369,6930,-9165,1645,128,96,-2,2480,4640,709,16673,707,330,435,16673,1575000,1563000,1722000,1759000,483,-601,341,-425,,,,,,,,,,,,,,,,,,,,,,,,,,,,,,,,,,,,,,,,,,,,,,,,,,,,,,,,,,,,,,,,,,,,,,,,,,,,,,,,,,,,
53650000,1917,-3610,11,272,388,10897,-11728,3049,49,121,-2,2480,5000,709,16673,731,342,435,16673,1621000,1531000,1707000,1756000,472,-690,345,-504,,,,,,,,,,,,,,,,,,,,,,,,,,,,,,,,,,,,,,,,,,,,,,,,,,,,,,,,,,,,,,,,,,,,,,,,,,,,,,,,,,,,
53703000,1218,-3378,-190,-398,459,10531,-1413,1950,103,113,-2,2400,4679,708,16626,738,320,432,16626,1594000,1543000,1743000,1731000,299,-473,220,-349,,,,,,,,,,,,,,,,,,,,,,,,,,,,,,,,,,,,,,,,,,,,,,,,,,,,,,,,,,,,,,,,,,,,,,,,,,,,,,,,,,,,
53750000,1125,-2893,-29,482,1143,1193,2187,729,181,124,-2,3199,4319,708,16626,785,421,432,16626,1558000,1565000,1750000,1736000,187,-413,147,-324,,,,,,,,,,,,,,,,,,,,,,,,,,,,,,,,,,,,,,,,,,,,,,,,,,,,,,,,,,,,,,,,,,,,,,,,,,,,,,,,,,,,
53803000,650,-2520,-17,47,1035,5465,5117,1889,386,125,2,5080,3959,709,16673,808,440,435,16673,1564000,1576000,1737000,1732000,222,-303,179,-245,,,,,,,,,,,,,,,,,,,,,,,,,,,,,,,,,,,,,,,,,,,,,,,,,,,,,,,,,,,,,,,,,,,,,,,,,,,,,,,,,,,,
53850000,1193,-3319,122,434,1625,16207,-1352,1462,450,20,0,6360,3559,708,16626,819,414,432,16626,1576000,1561000,1725000,1749000,77,-422,63,-346,,,,,,,,,,,,,,,,,,,,,,,,,,,,,,,,,,,,,,,,,,,,,,,,,,,,,,,,,,,,,,,,,,,,,,,,,,,,,,,,,,,,
53903000,2231,-3575,-122,168,350,25424,7985,1889,559,-32,0,8640,3199,707,16579,873,465,428,16579,1595000,1544000,1739000,1729000,195,-257,170,-225,,,,,,,,,,,,,,,,,,,,,,,,,,,,,,,,,,,,,,,,,,,,,,,,,,,,,,,,,,,,,,,,,,,,,,,,,,,,,,,,,,,,
53950000,2407,-2863,63,289,1356,33480,-620,1523,725,25,-2,10720,3159,707,16579,900,473,428,16579,1587000,1549000,1727000,1745000,-7,-366,-6,-329,,,,,,,,,,,,,,,,,,,,,,,,,,,,,,,,,,,,,,,,,,,,,,,,,,,,,,,,,,,,,,,,,,,,,,,,,,,,,,,,,,,,
54003000,3424,-2573,-59,174,846,40438,-7333,2316,671,40,0,11120,3039,708,16626,909,488,432,16626,1607000,1540000,1702000,1758000,119,-77,108,-70,,,,,,,,,,,,,,,,,,,,,,,,,,,,,,,,,,,,,,,,,,,,,,,,,,,,,,,,,,,,,,,,,,,,,,,,,,,,,,,,,,,,
54050000,4634,-2983,-79,7,1552,44650,-16855,3476,597,8,0,11480,3079,708,16626,947,599,432,16626,1621000,1545000,1690000,1758000,-70,-198,-66,-188,,,,,,,,,,,,,,,,,,,,,,,,,,,,,,,,,,,,,,,,,,,,,,,,,,,,,,,,,,,,,,,,,,,,,,,,,,,,,,,,,,,,
54103000,4639,-3306,-163,-213,1037,28598,-1413,-307,600,-12,-4,11519,3159,708,16626,955,567,432,16626,1566000,1549000,1739000,1752000,75,-58,72,-56,,,,,,,,,,,,,,,,,,,,,,,,,,,,,,,,,,,,,,,,,,,,,,,,,,,,,,,,,,,,,,,,,,,,,,,,,,,,,,,,,,,,
54150000,4417,-3051,-345,27,1263,41171,-9714,5673,626,-21,0,11600,2799,709,16673,980,561,435,16673,1644000,1554000,1678000,174654203000,4973,-2638,-136,-634,1332,42819,-9470,-734,365,-118,0,9160,1280,708,16626,1021,561,432,16626,1634000,1470000,1716000,1774000,-33,70,-33,71,,,,,,,,,,,,,,,,,,,,,,,,,,,,,,,,,,,,,,,,,,,,,,,,,,,,,,,,,,,,,
54250000,7182,-4127,-35,-24,1038,21762,-5808,791,-193,-346,0,4960,160,709,16673,1066,671,435,16673,1634000,1497000,1688000,1785000,-50,237,-53,253,,,,,,,,,,,,,,,,,,,,,,,,,,,,,,,,,,,,,,,,,,,,,,,,,,,,,,,,,,,,,,,,,,,,,,,,,,,,,,,,,,,,
54303000,6073,-3398,189,643,1009,-24868,417,1645,-498,-286,0,360,119,709,16673,1090,696,435,16673,1569000,1582000,1711000,1755000,-318,448,-347,488,,,,,,,,,,,,,,,,,,,,,,,,,,,,,,,,,,,,,,,,,,,,,,,,,,,,,,,,,,,,,,,,,,,,,,,,,,,,,,,,,,,,
54350000,3574,-3528,5,15,967,-44155,10061,-2077,-563,-304,0,-2879,39,709,16673,1103,591,435,16673,1539000,1561000,1733000,1773000,-318,448,-351,494,,,,,,,,,,,,,,,,,,,,,,,,,,,,,,,,,,,,,,,,,,,,,,,,,,,,,,,,,,,,,,,,,,,,,,,,,,,,,,,,,,,,
54403000,1292,-2644,-178,-295,1401,-34329,10976,-2443,-692,-223,-2,-6639,79,697,16113,1119,530,388,16113,1609000,1473000,1733000,1777000,-341,719,-382,804,,,,,,,,,,,,,,,,,,,,,,,,,,,,,,,,,,,,,,,,,,,,,,,,,,,,,,,,,,,,,,,,,,,,,,,,,,,,,,,,,,,,
54450000,-323,-1516,-209,0,1287,-47268,7131,3720,-645,-121,-2,-7719,119,672,14978,1141,473,287,14978,1543000,1546000,1662000,1716000,-279,884,-319,1009,,,,,,,,,,,,,,,,,,,,,,,,,,,,,,,,,,,,,,,,,,,,,,,,,,,,,,,,,,,,,,,,,,,,,,,,,,,,,,,,,,,,
54503000,-3042,-1673,296,452,693,-52395,26540,-1467,-526,-135,0,-9080,119,671,14933,1149,330,284,14933,1504000,1511000,1734000,1701000,-200,729,-230,837,,,,,,,,,,,,,,,,,,,,,,,,,,,,,,,,,,,,,,,,,,,,,,,,,,,,,,,,,,,,,,,,,,,,,,,,,,,,,,,,,,,,
54550000,-4750,227,563,-98,-8,-40921,13723,-612,-660,30,0,-12319,119,672,14978,1153,299,287,14978,1569000,1456000,1701000,1727000,-219,965,-253,1113,,,,,,,,,,,,,,,,,,,,,,,,,,,,,,,,,,,,,,,,,,,,,,,,,,,,,,,,,,,,,,,,,,,,,,,,,,,,,,,,,,,,
54603000,-4839,81,-180,306,1671,-44216,8596,-2138,-733,17,0,-13239,119,672,14978,1177,347,287,14978,1530000,1479000,1712000,1734000,-345,948,-406,1116,,,,,,,,,,,,,,,,,,,,,,,,,,,,,,,,,,,,,,,,,,,,,,,,,,,,,,,,,,,,,,,,,,,,,,,,,,,,,,,,,,,,
54650000,-5215,105,-148,351,1861,-52456,3957,607,-742,16,-2,-13719,79,673,15022,1186,319,291,15022,1529000,1519000,1701000,1716000,-255,1119,-303,1327,,,,,,,,,,,,,,,,,,,,,,,,,,,,,,,,,,,,,,,,,,,,,,,,,,,,,,,,,,,,,,,,,,,,,,,,,,,,,,,,,,,,
54703000,-7421,-1380,96,-432,613,-57461,-2817,2438,-640,-110,0,-14759,119,671,14933,1213,331,284,14933,1502000,1569000,1670000,1721000,-548,1091,-664,1323,,,,,,,,,,,,,,,,,,,,,,,,,,,,,,,,,,,,,,,,,,,,,,,,,,,,,,,,,,,,,,,,,,,,,,,,,,,,,,,,,,,,
54750000,-8009,-1125,56,-450,732,-50076,7558,2499,-672,-91,0,-15719,79,672,14978,1240,481,287,14978,1549000,1525000,1697000,1694000,-473,962,-586,1193,,,,,,,,,,,,,,,,,,,,,,,,,,,,,,,,,,,,,,,,,,,,,,,,,,,,,,,,,,,,,,,,,,,,,,,,,,,,,,,,,,,,
54803000,-7552,-1299,184,383,788,-41714,8046,852,-747,-102,0,-16119,119,671,14933,1279,523,284,14933,1549000,1502000,1683000,1725000,-424,1006,-543,1287,,,,,,,,,,,,,,,,,,,,,,,,,,,,,,,,,,,,,,,,,,,,,,,,,,,,,,,,,,,,,,,,,,,,,,,,,,,,,,,,,,,,
54850000,-7909,-1753,126,203,980,-47879,2980,2194,-678,-142,0,-15679,119,672,14978,1304,482,287,14978,1529000,1544000,1663000,1731000,-241,896,-314,1169,,,,,,,,,,,,,,,,,,,,,,,,,,,,,,,,,,,,,,,,,,,,,,,,,,,,,,,,,,,,,,,,,,,,,,,,,,,,,,,,,,,,
54903000,-8186,-2145,-125,-106,1259,-53311,5788,1584,-510,-176,-2,-14039,119,670,14889,1359,596,280,14889,1499000,1561000,1689000,1711000,-54950000,-8659,-938,-142,-343,874,-32864,17934,302,-406,-71,0,1681000,-416,261,-571,359,,,,,,,,,,,,,,,,,,,,,,,,,,,,,,,,,,,,,,,,,,,,,,,,,,,,,,,,,,,,,,,,,,,,,,,
55003000,-8379,-590,129,268,966,-22488,11953,363,-169,-44,0,-10320,79,672,14978,1406,692,287,14978,1506000,1544000,1709000,1704000,-394,242,-554,340,,,,,,,,,,,,,,,,,,,,,,,,,,,,,,,,,,,,,,,,,,,,,,,,,,,,,,,,,,,,,,,,,,,,,,,,,,,,,,,,,,,,
55050000,-7290,-513,334,232,123,-5337,1394,2988,-47,-37,-2,-7839,79,672,14978,1427,616,287,14978,1550000,1536000,1676000,1709000,-499,481,,,,,,,,,,,,,,,,,,,,,,,,,,,,,,,,,,,,,,,,,,,,,,,,,,,,,,,,,,,,,,,,,,,,,,,,,,,,,,,,,,,,,,
55103000,-7120,41,-178,-411,1002,1437,-4892,2988,52,14,-2,-6519,119,672,14978,1464,432,287,14978,1523000,1566000,1674000,1711000,-366,186,-536,273,,,,,,,,,,,,,,,,,,,,,,,,,,,,,,,,,,,,,,,,,,,,,,,,,,,,,,,,,,,,,,,,,,,,,,,,,,,,,,,,,,,,
55150000,-6046,464,-277,-414,1477,399,1516,2744,80,51,-2,-5120,119,672,14978,1457,350,287,14978,1537000,1548000,1680000,1706000,-91,127,-133,18555203000,-3467,139,19,209,926,21945,10122,729,68,19,-2,-2680,79,671,14933,1460,316,284,14933,1596000,1450000,1707000,1699000,147,56,215,82,,,,,,,,,,,,,,,,,,,,,,,,,,,,,,,,,,,,,,,,,,,,,,,,,,,,,,,,,
55250000,-1666,-396,368,193,502,29757,-2207,-185,148,-27,-2,39,79,673,15022,1464,195,291,15022,1570000,1469000,1695000,1720000,147,56,216,82,,,,,,,,,,,,,,,,,,,,,,,,,,,,,,,,,,,,,,,,,,,,,,,,,,,,,,,,,,,,,,,,,,,,,,,,,,,,,,,,,,,,
55303000,-594,350,-185,-281,1161,16757,-2634,1828,128,27,-2,880,-40,672,14978,1461,124,287,14978,1540000,1533000,1685000,1706000,-269,-304,-393,-445,,,,,,,,,,,,,,,,,,,,,,,,,,,,,,,,,,,,,,,,,,,,,,,,,,,,,,,,,,,,,,,,,,,,,,,,,,,,,,,,,,,,
55350000,258,415,-414,-362,1306,17550,7436,-63,47,43,-2,800,79,672,14978,1454,10,287,14978,1559000,1488000,1725000,1688000,-269,-304,-392,-443,,,,,,,,,,,,,,,,,,,,,,,,,,,,,,,,,,,,,,,,,,,,,,,,,,,,,,,,,,,,,,,,,,,,,,,,,,,,,,,,,,,,
55403000,1486,-378,119,372,880,28353,-2878,119,51,-26,-2,2079,79,673,15022,1464,-2,291,15022,1570000,1481000,1689000,1724000,-269,-304,-394,-446,,,,,,,,,,,,,,,,,,,,,,,,,,,,,,,,,,,,,,,,,,,,,,,,,,,,,,,,,,,,,,,,,,,,,,,,,,,,,,,,,,,,
55450000,3095,-835,-216,92,1345,13095,-6601,-368,113,-3,-2,4400,799,673,15022,1465,-75,291,15022,1519000,1525000,1681000,1735000,90,-373,132,-547,,,,,,,,,,,,,,,,,,,,,,,,,,,,,,,,,,,,,,,,,,,,,,,,,,,,,,,,,,,,,,,,,,,,,,,,,,,,,,,,,,,,
55503000,2443,-2787,342,-283,402,21395,-11667,1767,732,-215,0,10840,320,673,15022,1428,-73,291,15022,1520000,1557000,1637000,1751000,-203,-494,-290,-705,,,,,,,,,,,,,,,,,,,,,,,,,,,,,,,,,,,,,,,,,,,,,,,,,,,,,,,,,,,,,,,,,,,,,,,,,,,,,,,,,,,,
55550000,1697,-3974,339,-374,311,53805,3835,-124,986,-290,-2,13000,639,672,14978,1449,-95,287,14978,1564000,1481000,1673000,1740000,-56,-500,-81,-725,,,,,,,,,,,,,,,,,,,,,,,,,,,,,,,,,,,,,,,,,,,,,,,,,,,,,,,,,,,,,,,,,,,,,,,,,,,,,,,,,,,,
55603000,3090,-2339,-445,334,1711,68453,14333,-246,1126,-116,-2,16000,999,671,14933,1432,-71,284,14933,1545000,1499000,1703000,1711000,-119,-551,-171,-790,,,,,,,,,,,,,,,,,,,,,,,,,,,,,,,,,,,,,,,,,,,,,,,,,,,,,,,,,,,,,,,,,,,,,,,,,,,,,,,,,,,,
55650000,5062,-1346,-440,400,1626,81210,15249,-979,1017,43,-2,16720,1840,672,14978,1428,-99,287,14978,1575000,1451000,1723000,1699000,55,-726,79,-1037,,,,,,,,,,,,,,,,,,,,,,,,,,,,,,,,,,,,,,,,,,,,,,,,,,,,,,,,,,,,,,,,,,,,,,,,,,,,,,,,,,,,
55703000,8068,-1968,102,-366,675,71322,-5380,-124,817,13,-2,17439,2119,670,14889,1416,-139,280,14889,1546000,1500000,1682000,1732000,-25,-942,-36,-1334,,,,,,,,,,,,,,,,,,,,,,,,,,,,,,,,,,,,,,,,,,,,,,,,,,,,,,,,,,,,,,,,,,,,,,,,,,,,,,,,,,,,
55750000,9236,-1962,-177,-326,1528,51852,-7944,-917,796,13,-2,18360,2119,670,14889,1432,-129,280,14889,1536000,1492000,1673000,1746000,295,-924,423,-1324,,,,,,,,,,,,,,,,,,,,,,,,,,,,,,,,,,,,,,,,,,,,,,,,,,,,,,,,,,,,,,,,,,,,,,,,,,,,,,,,,,,,
55803000,10403,-1199,271,228,596,64120,7863,-3908,701,108,0,18440,2439,670,14889,1438,-106,280,14889,1576000,1394000,1751000,1702000,238,-594,343,-854,,,,,,,,,,,,,,,,,,,,,,,,,,,,,,,,,,,,,,,,,,,,,,,,,,,,,,,,,,,,,,,,,,,,,,,,,,,,,,,,,,,,
55850000,10199,-2767,499,59,461,54843,-13254,-2138,715,-25,-2,18400,2479,670,14889,1459,-57,280,14889,1544000,1462000,1665000,1768000,278,-582,406,-849,,,,,,,,,,,,,,,,,,,,,,,,,,,,,,,,,,,,,,,,,,,,,,,,,,,,,,,,,,,,,,,,,,,,,,,,,,,,,,,,,,,,
55903000,9141,-2999,-535,-214,1522,38058,4079,-1955,776,-52,0,18040,2400,670,14889,1462,32,280,14889,1505000,1504000,1721000,1711000,368,-459,538,-671,,,,,,,,,,,,,,,,,,,,,,,,,,,,,,,,,,,,,,,,,,,,,,,,,,,,,,,,,,,,,,,,,,,,,,,,,,,,,,,,,,,,
55950000,9568,-2896,-439,-19,2080,45565,15798,-3969,735,-46,-2,18000,2360,671,14933,1454,124,284,14933,1523000,1455000,1761000,1698000,207,-381,301,-554,,,,,,,,,,,,,,,,,,,,,,,,,,,,,,,,,,,,,,,,,,,,,,,,,,,,,,,,,,,,,,,,,,,,,,,,,,,,,,,,,,,,
56003000,9283,-4117,258,-352,409,49044,-4099,-307,757,-121,0,17960,2719,670,14889,1447,62,280,14889,1547000,1484000,1662000,1754000,317,-359,459,-520,,,,,,,,,,,,,,,,,,,,,,,,,,,,,,,,,,,,,,,,,,,,,,,,,,,,,,,,,,,,,,,,,,,,,,,,,,,,,,,,,,,,
56050000,8710,-4473,-1,-540,1053,34823,51,363,733,-153,0,17120,2719,671,14933,1464,132,284,14933,1544000,1499000,1664000,1748000,341,-321,500,-470,,,,,,,,,,,,,,,,,,,,,,,,,,,,,,,,,,,,,,,,,,,,,,,,,,,,,,,,,,,,,,,,,,,,,,,,,,,,,,,,,,,,
56103000,9083,-3214,-9,342,630,40866,18300,-3298,383,-39,-2,13480,2760,671,14933,1465,54,284,14933,1608000,1344000,1746000,1711000,386,-79,566,-116,,,,,,,,,,,,,,,,,,,,,,,,,,,,,,,,,,,,,,,,,,,,,,,,,,,,,,,,,,,,,,,,,,,,,,,,,,,,,,,,,,,,
56150000,8683,-2124,102,-354,1139,23104,3896,-1467,-262,142,0,5680,3759,671,14933,1478,63,284,14933,1601000,1388000,1731000,1704000,133,168,197,249,,,,,,,,,,,,,,,,,,,,,,,,,,,,,,,,,,,,,,,,,,,,,,,,,,,,,,,,,,,,,,,,,,,,,,,,,,,,,,,,,,,,
56203000,8042,-1547,-48,316,1349,-23037,-7089,-5678,-555,-5,0,1679,1480,670,14889,1457,16,280,14889,1504000,1437000,1707000,1773000,194,426,283,621,,,,,,,,,,,,,,,,,,,,,,,,,,,,,,,,,,,,,,,,,,,,,,,,,,,,,,,,,,,,,,,,,,,,,,,,,,,,,,,,,,,,
56250000,5875,-2531,-169,96,1221,-48306,1638,-2443,-575,-179,-2,-719,479,670,14889,1402,-253,280,14889,1470000,1517000,1702000,1748000,380,619,532,867,,,,,,,,,,,,,,,,,,,,,,,,,,,,,,,,,,,,,,,,,,,,,,,,,,,,,,,,,,,,,,,,,,,,,,,,,,,,,,,,,,,,
56303000,2066,-1431,-239,-237,662,-51541,6826,-3664,-700,-114,0,-5959,119,671,14933,1349,-474,284,14933,1532000,1434000,1734000,1729000,367,959,495,1294,,,,,,,,,,,,,,,,,,,,,,,,,,,,,,,,,,,,,,,,,,,,,,,,,,,,,,,,,,,,,,,,,,,,,,,,,,,,,,,,,,,,
56350000,-526,-1321,-98,155,1024,-51541,13540,-4641,-732,-14,-2,-8920,1159,670,14889,1332,-538,280,14889,1492000,1454000,1759000,1716000,287,937,382,1249,,,,,,,,,,,,,,,,,,,,,,,,,,,,,,,,,,,,,,,,,,,,,,,,,,,,,,,,,,,,,,,,,,,,,,,,,,,,,,,,,,,,
56403000,-2806,-1748,6,-252,611,-58377,-9653,-2565,-931,4,-2,-13480,1800,671,14933,1279,-658,284,14933,1520000,1461000,1686000,1771000,421,1025,538,1311,,,,,,,,,,,,,,,,,,,,,,,,,,,,,,,,,,,,,,,,,,,,,,,,,,,,,,,,,,,,,,,,,,,,,,,,,,,,,,,,,,,,
56450000,-4765,-1287,-90,-147,1252,-75894,-7944,-5190,-934,48,0,-15480,1840,670,14889,1229,-661,280,14889,1457000,1480000,1717000,1768000,561,1075,690,1322,,,,,,,,,,,,,,,,,,,,,,,,,,,,,,,,,,,,,,,,,,,,,,,,,,,,,,,,,,,,,,,,,,,,,,,,,,,,,,,,,,,,
56503000,-7261,-2274,-1,-279,268,-75039,-14291,-3603,-856,42,-2,-17080,2760,671,14933,1185,-814,284,14933,1469000,1489000,1696000,1776000,519,1284,615,1522,,,,,,,,,,,,,,,,,,,,,,,,,,,,,,,,,,,,,,,,,,,,,,,,,,,,,,,,,,,,,,,,,,,,,,,,,,,,,,,,,,,,
56550000,-9668,-1781,-462,-51,1663,-68569,-7395,-5678,-650,92,-2,-17119,2839,670,14889,1149,-747,280,14889,1435000,1483000,1748000,1749,1189,,,,,,,,,,,,,,,,,,,,,,,,,,,,,,,,,,,,,,,,,,,,,,,,,,,,,,,,,,,,,,,,,,,,,,,,,,,,,,,,,,,,,,,
56603000,-9440,-2392,45,-252,1218,-47695,-9897,-3847,-666,42,2,-17080,2879,670,14889,1105,-773,280,14889,1485000,1463000,1720000,1758000,684,1330,756,1470,,,,,,,,,,,,,,,,,,,,,,,,,,,,,,,,,,,,,,,,,,,,,,,,,,,,,,,,,,,,,,,,,,,,,,,,,,,,,,,,,,,,
56650000,-7923,-3205,-158,-320,1568,-48672,-17099,-3908,-701,-17,4,-15959,2999,671,14933,1066,-776,284,14933,1465000,1481000,1691000,1786000,860,1121,917,1195,,,,,,,,,,,,,,,,,,,,,,,,,,,,,,,,,,,,,,,,,,,,,,,,,,,,,,,,,,,,,,,,,,,,,,,,,,,,,,,,,,,,
56703000,-8300,-2596,177,287,1867,-47390,-10446,-4335,-542,31,2,-14519,2960,672,14978,1045,-643,287,14978,1465000,1472000,1712000,1776000,785,1148,821,1200,,,,,,,,,,,,,,,,,,,,,,,,,,,,,,,,,,,,,,,,,,,,,,,,,,,,,,,,,,,,,,,,,,,,,,,,,,,,,,,,,,,,
56750000,-9586,-2632,84,-464,394,-33047,-22897,-3847,-276,150,4,-12760,4359,672,14978,1040,-610,287,14978,1473000,1474000,1700000,1783000,814,1212,847,1261,,,,,,,,,,,,,,,,,,,,,,,,,,,,,,,,,,,,,,,,,,,,,,,,,,,,,,,,,,,,,,,,,,,,,,,,,,,,,,,,,,,,
56803000,-8444,-2745,4,280,907,-15652,-24790,-7875,-338,210,0,-12319,5160,673,15022,978,-700,291,15022,1510000,1348000,1736000,1792000,855,973,836,952,,,,,,,,,,,,,,,,,,,,,,,,,,,,,,,,,,,,,,,,,,,,,,,,,,,,,,,,,,,,,,,,,,,,,,,,,,,,,,,,,,,,
56850000,-7703,-3055,257,162,1290,-13882,-38034,791,-556,253,2,-14080,5959,672,14978,950,-734,287,14978,1536000,1477000,1783000,889,970,844,921,,,,,,,,,,,,,,,,,,,,,,,,,,,,,,,,,,,,,,,,,,,,,,,,,,,,,,,,,,,,,,,,,,,,,,,,,,,,,,,,,,,,,
56903000,-6979,-4409,-189,-193,796,-43545,-43955,-1772,-623,131,2,-14119,5920,671,14933,919,-730,284,14933,1427000,1538000,1669000,1793000,1130,733,1038,673,,,,,,,,,,,,,,,,,,,,,,,,,,,,,,,,,,,,,,,,,,,,,,,,,,,,,,,,,,,,,,,,,,,,,,,,,,,,,,,,,,,,
56950000,-7126,-5660,-116,-367,543,-28958,-34128,-917,-620,33,4,-14240,6039,672,14978,875,-804,287,14978,1518000,1467000,1683000,1774000,57003000,-7585,-4872,-426,-375,1264,-27737,-23325,-2138,-615,101,4,-14639,6039,672,14978,859,-732,287,14978,1488000,1477000,1701000,1757050000,-7443,-4116,-185,-325,1129,-20779,-26987,180,-628,157,0,-14639,5920,672,14978,810,-639,287,14978,1525000,1473000,1667000,1779000,752,353,609,286,,,,,,,,,,,,,,,,,,,,,,,,,,,,,,,,,,,,,
57103000,-6727,-4826,122,-11,775,-24990,-17221,546,-683,67,2,-14559,5599,672,14978,742,-704,287,14978,1530000,1475000,1677000,1766000,733,279,544,207,,,,,,,,,,,,,,,,,,,,,,,,,,,,,,,,,,,,,,,,,,,,,,,,,,,,,,,,,,,,,,,,,,,,,,,,,,,,,,,,,,,,
57150000,-6554,-4403,182,-150,20,-29629,-16306,3659,-35,-279,4,-6960,1199,673,15022,744,-704,291,15022,1389000,1640000,1587000,1808000,644,198,479,147,,,,,,,,,,,,,,,,,,,,,,,,,,,,,,,,,,,,,,,,,,,,,,,,,,,,,,,,,,,,,,,,,,,,,,,,,,,,,,,,,,,,
57203000,-6653,-3452,-48,319,1742,11386,14150,3110,657,-283,2,880,199,672,14978,705,-764,287,14978,1541000,1506000,1675000,1742000,368,-69,259,-49,,,,,,,,,,,,,,,,,,,,,,,,,,,,,,,,,,,,,,,,,,,,,,,,,,,,,,,,,,,,,,,,,,,,,,,,,,,,,,,,,,,,
57250000,-4567,-2623,-46,6,837,56674,39296,424,649,-148,-2,2880,920,672,14978,658,-857,287,14978,1604000,1377000,1722000,1725000,273,7,180,4,,,,,,,,,,,,,,,,,,,,,,,,,,,,,,,,,,,,,,,,,,,,,,,,,,,,,,,,,,,,,,,,,,,,,,,,,,,,,,,,,,,,
57303000,-1045,-734,-19,-181,1601,60580,27639,2316,649,16,0,6400,920,671,14933,574,-905,284,14933,1554000,1476000,1676000,1745000,-102,-832,-58,-477,,,,,,,,,,,,,,,,,,,,,,,,,,,,,,,,,,,,,,,,,,,,,,,,,,,,,,,,,,,,,,,,,,,,,,,,,,,,,,,,,,,,
57350000,743,43,-201,-286,1149,49227,22573,-1162,605,118,0,7680,1319,672,14978,568,2,-832,-57,-472,,,,,,,,,,,,,,,,,,,,,,,,,,,,,,,,,,,,,,,,,,,,,,,,,,,,,,,,,,,,,,,,,,,,,,,,,,,,,,,,,,,,,,,,,,,
57403000,1801,1145,210,277,1010,46481,26967,-1833,781,260,0,10760,1840,672,14978,487,-920,287,14978,1487000,1484000,1748000,1721000,83,-1399,40,-681,,,,,,,,,,,,,,,,,,,,,,,,,,,,,,,,,,,,,,,,,,,,,,,,,,,,,,,,,,,,,,,,,,,,,,,,,,,,,,,,,,,,
57450000,3584,818,532,-179,810,54537,24648,-856,1142,151,0,16680,920,672,14978,437,-937,287,14978,1519000,1463000,1707000,1754000,115,-1480,557503000,5591,2193,279,365,1163,79013,40273,974,915,268,0,16080,880,672,14978,395,-1035,287,14978,1619000,1364000,1755000,1684000,115,-1480,45,-584,,,,,,,,,,,,,,,,,,,,,,,,,,,,,,,,,,,,,,,,,,,,,,,,,,,,,,,,,,
57550000,7694,2820,-273,-510,1833,63510,20375,302,609,322,0,14679,880,671,14933,335,-1002,28,1569000,1421000,1704000,1742000,115,-1480,38,-495,,,,,,,,,,,,,,,,,,,,,,,,,,,,,,,,,,,,,,,,,,,,,,,,,,,,,,,,,,,,,,,,,,,,,,,,,,,,,,,,,,,,,
57603000,9835,2388,45,-65,-88,37692,7802,2133,160,466,-2,11680,2960,638,13500,262,-1058,152,13500,1581000,1437000,1730000,1697000,115,-1480,57650000,9724,269,-177,80,1362,19686,-2084,546,111,285,0,11000,2999,637,13458,197,-1161,148,13458,1505000,1414000,1688000,16115,-1480,22,-291,,,,,,,,,,,,,,,,,,,,,,,,,,,,,,,,,,,,,,,,,,,,,,,,,,,,,,,,,,,
57703000,8195,-789,-72,-61,647,8212,7192,3720,143,192,0,9840,2999,634,13332,133,-1226,136,13332,1510000,1457000,1687000,1653000,115,-1480,15,-196,,,,,,,,,,,,,,,,,,,,,,,,,,,,,,,,,,,,,,,,,,,,,,,,,,,,,,,,,,,,,,,,,,,,,,,,,,,,,,,,,,,,
57750000,6990,-1425,-226,-253,1394,1986,-1169,3293,161,140,-2,8840,3039,635,13374,129,-1028,139,13374,1503000,1461000,1661000,1685000,115,-1480,14,-190,,,,,,,,,,,,,,,,,,,,,,,,,,,,,,,,,,,,,,,,,,,,,,,,,,,,,,,,,,,,,,,,,,,,,,,,,,,,,,,,,,,,
57803000,132,-4503,-2103,1862,2177,244845,-133310,-90578,414,-288,0,4880,1199,606,12180,49,-851,24,12180,1150000,1150000,1899000,1899000,115,-1480,5,-72,,,,,,,,,,,,,,,,,,,,,,,,,,,,,,,,,,,,,,,,,,,,,,,,,,,,,,,,,,,,,,,,,,,,,,,,,,,,,,,,,,,,
57850000,918,-3056,-1112,200,1118,53439,51809,75742,-118,-249,0,-439,199,522,9037,9257903000,4580,-2174,747,642,292,47213,77077,-74404,-354,-172,111,520,199,229,1739,73,-746,-684,1739,1150000,1150000,1899000,1710000,115,-1480,8,-108,,,,,,,,,,,,,,,,,,,,,,,,,,,,,,,,,,,,,,,,,,,,,,,,,,,,,,,,,,,,,,,,,,,,
57950000,5220,632,-414,-662,785,-24136,-20578,302,-417,69,163,440,160,0,0,66,-702,-1600,0,1150000,1150000,1150000,1434000,115,-1480,7,-97,,,,,,,,,,,,,,,,,,,,,,,,,,,,,,,,,,,,,,,,,,,,,,,,,,,,,,,,,,,,,,,,,,,,,,,,,,,,,,,,,,,,
58003000,2488,1647,360,475,-676,-48367,-50424,-32351,-175,154,10,480,119,0,0,43,-723,-1600,0,1150000,1150000,1491000,1680000,115,-1480,4,-63,,,,,,,,,,,,,,,,,,,,,,,,,,,,,,,,,,,,,,,,,,,,,,,,,,,,,,,,,,,,,,,,,,,,,,,,,,,,,,,,,,,,
58050000,1446,-708,160,-413,-1822,-45803,12014,5795,-84,-54,-2,480,79,0,0,55,-587,-1600,0,1150000,1189000,1470000,1150000,115,-1480,6,-81,,,,,,,,,,,,,,,,,,,,,,,,,,,,,,,,,,,,,,,,,,,,,,,,,,,,,,,,,,,,,,,,,,,,,,,,,,,,,,,,,,,,
58103000,-517,-374,-111,-79,534,-22427,-9226,-35036,80,-18,-6,399,160,0,0,55,-667,-1600,0,1150000,1150000,1612000,1619000,115,-1480,6,-81,,,,,,,,,,,,,,,,,,,,,,,,,,,,,,,,,,,,,,,,,,,,,,,,,,,,,,,,,,,,,,,,,,,,,,,,,,,,,,,,,,,,
58150000,-247,925,36,378,932,827,-5686,15866,53,94,-2,360,160,0,0,81,-629,-1600,0,1150000,1150000,1150000,1194000,115,-1480,9,-119,,,,,,,,,,,,,,,,,,,,,,,,,,,,,,,,,,,,,,,,,,,,,,,,,,,,,,,,,,,,,,,,,,,,,,,,,,,,,,,,,,,,
58203000,304,-290,62,-235,955,1132,14394,8908,11,-18,0,440,79,0,0,64,-390,-1600,0,1150000,1150000,1318000,1150000,115,-1480,7,-94,,,,,,,,,,,,,,,,,,,,,,,,,,,,,,,,,,,,,,,,,,,,,,,,,,,,,,,,,,,,,,,,,,,,,,,,,,,,,,,,,,,,
58250000,311,-289,-103,4,1395,-11807,295,-2321,4,-18,-4,360,79,0,0,53,-288,-1600,0,1150000,1150000,1365000,1364000,115,-1480,6,-78,,,,,,,,,,,,,,,,,,,,,,,,,,,,,,,,,,,,,,,,,,,,,,,,,,,,,,,,,,,,,,,,,,,,,,,,,,,,,,,,,,,,
58303000,112,-423,134,95,784,-19802,11770,-3969,25,-26,-2,399,119,0,0,75,-205,-1600,0,1150000,1150000,1410000,1346000,115,-1480,8,-111,,,,,,,,,,,,,,,,,,,,,,,,,,,,,,,,,,,,,,,,,,,,,,,,,,,,,,,,,,,,,,,,,,,,,,,,,,,,,,,,,,,,
58350000,853,-1001,-151,58,875,521,-1047,1340,-43,-76,0,360,119,0,0,43,-186,-1600,0,1150000,1150000,1312000,1335000,115,-1480,4,-63,,,,,,,,,,,,,,,,,,,,,,,,,,,,,,,,,,,,,,,,,,,,,,,,,,,,,,,,,,,,,,,,,,,,,,,,,,,,,,,,,,,,
58403000,712,-651,46,-66,895,11264,-1962,-490,-34,-42,-2,320,160,0,0,60,-97,-1600,0,1150000,1150000,1320000,1368000,115,-1480,6,-88,,,,,,,,,,,,,,,,,,,,,,,,,,,,,,,,,,,,,,,,,,,,,,,,,,,,,,,,,,,,,,,,,,,,,,,,,,,,,,,,,,,,
