c1,c2,c3,c4,c5,c6,c7,c8,c9,c10,c11,c12,c13,c14,c15,c16,c17,c18,c19,c20,c21,c22,c23,c24,c25,c26,c27,c28,,,,,,,,,,,,,,,,,,,,,,,,,,,,,,,,,,,,,,,,,,,,,,,,,,,,,,,,,,,,,,,,,,,,,,,,,,,,,,,,,,,,,,,,,,,,,,,,,,,,,
50000,-618,675,-188,-136,984,-1641,1331,-1903,53,62,-4,0,39,99,325,86,372,-1204,325,1150000,1150000,1162000,1150000,0,0,0,0,,,,,,,,,,,,,,,,,,,,,,,,,,,,,,,,,,,,,,,,,,,,,,,,,,,,,,,,,,,,,,,,,,,,,,,,,,,,,,,,,,,,,,,,,,,,,,,,,,,,,
103000,-97,140,233,139,969,1837,-2391,-1781,8,12,-20,0,0,127,534,83,399,-1092,534,1150000,1150000,1150000,1186000,0,0,0,0,,,,,,,,,,,,,,,,,,,,,,,,,,,,,,,,,,,,,,,,,,,,,,,,,,,,,,,,,,,,,,,,,,,,,,,,,,,,,,,,,,,,,,,,,,,,,,,,,,,,,
150000,-479,509,-270,-169,1011,-1946,3833,14880,41,47,-6,0,39,136,613,112,309,-1056,613,1300000,1343000,1150000,1150000,0,0,0,0,,,,,,,,,,,,,,,,,,,,,,,,,,,,,,,,,,,,,,,,,,,,,,,,,,,,,,,,,,,,,,,,,,,,,,,,,,,,,,,,,,,,,,,,,,,,,,,,,,,,,
203000,-181,24,-55,75,1059,-237,-1232,2063,15,2,-6,0,0,175,1015,107,310,-900,1015,1155000,1155000,1150000,1150000,0,0,0,0,,,,,,,,,,,,,,,,,,,,,,,,,,,,,,,,,,,,,,,,,,,,,,,,,,,,,,,,,,,,,,,,,,,,,,,,,,,,,,,,,,,,,,,,,,,,,,,,,,,,,
250000,-175,602,104,23,1006,2265,-4100,-4772,18,56,-4,39,39,195,1261,105,197,-820,1261,1150000,1150000,1204000,1257000,0,0,0,0,,,,,,,,,,,,,,,,,,,,,,,,,,,,,,,,,,,,,,,,,,,,,,,,,,,,,,,,,,,,,,,,,,,,,,,,,,,,,,,,,,,,,,,,,,,,,,,,,,,,,
303000,-81,661,-22,34,1045,-54,1880,415,7,57,-4,0,0,243,1958,54,73,-628,1958,1201000,1191000,1226000,1150000,350000,-164,-333,79,-38,1046,-1458,-744,-805,10,-25,-4,403000,-435,-67,38,-141,988,-2922,-866,293,38,-2,-4,0,39,329,3590,56,-8,-284,3590,1230000,1318000,1266000,1287000,0,0,0,0,,,,,,,,,,,,,,,,,,,,,,,,,,,,,,,,,,,,,,,,,,,,,,,,,,,,,,,,,,,,,,,,,
450000,-113,-72,10,-112,861,-1458,-1354,6580,9,-2,-6,0,39,328,3568,72,-104,-287,3568,1339000,1359000,1170000,1202000,0,0,0,0,,,,,,,,,,,,,,,,,,,,,,,,,,,,,,,,,,,,,,,,,,,,,,,,,,,,,,,,,,,,,,,,,,,,,,,,,,,,,,,,,,,,,,,,,,,,,,,,,,,,,
503000,-249,-123,56,-84,1149,1471,-1842,-1415,18,-7,-6,-39,39,328,3568,119,58,-287,3568,1252000,1254000,1292000,1310000,0,0,0,0,,,,,,,,,,,,,,,,,,,,,,,,,,,,,,,,,,,,,,,,,,,,,,,,,,,,,,,,,,,,,,,,,,,,,,,,,,,,,,,,,,,,,,,,,,,,,,,,,,,,,
550000,-187,-27,-77,-21,1128,-847,4627,-1354,16,1,-4,0,39,363,4370,113,43,-147,4370,1258000,1272000,1343000,1267000,0,0,0,0,,,,,,,,,,,,,,,,,,,,,,,,,,,,,,,,,,,,,,,,,,,,,,,,,,,,,,,,,,,,,,,,,,,,,,,,,,,,,,,,,,,,,,,,,,,,,,,,,,,,,
603000,-27,-240,-6,-43,956,-3167,-11,-316,5,-20,-6,39,0,450,6716,60,-45,0,6716,1382000,1402000,1392000,1423000,0,0,0,0,,,,,,,,,,,,,,,,,,,,,,,,,,,,,,,,,,,,,,,,,,,,,,,,,,,,,,,,,,,,,,,,,,,,,,,,,,,,,,,,,,,,,,,,,,,,,,,,,,,,,
650000,74,-458,176,135,907,18927,-7213,2857,-6,-39,-6,0,0,467,7233,79,-23,0,7233,1543000,1299000,1321000,1460000,0,0,0,0,,,,,,,,,,,,,,,,,,,,,,,,,,,,,,,,,,,,,,,,,,,,,,,,,,,,,,,,,,,,,,,,,,,,,,,,,,,,,,,,,,,,,,,,,,,,,,,,,,,,,
703000,10,-184,-135,195,865,14411,11157,-2025,0,-12,-20,0,39,466,7202,59,-40,0,7202,1460000,1290000,1515000,1367000,0,0,0,0,,,,,,,,,,,,,,,,,,,,,,,,,,,,,,,,,,,,,,,,,,,,,,,,,,,,,,,,,,,,,,,,,,,,,,,,,,,,,,,,,,,,,,,,,,,,,,,,,,,,,
750000,-5,-1592,113,-29,-7,9650,-13927,-1110,-3,-132,-4,-39,79,467,7233,98,-174,0,7233,1451000,1342000,1313000,1526000,0,0,0,0,,,,,,,,,,,,,,,,,,,,,,,,,,,,,,,,,,,,,,,,,,,,,,,,,,,,,,,,,,,,,,,,,,,,,,,,,,,,,,,,,,,,,,,,,,,,,,,,,,,,,
803000,-233,-893,-97,172,1106,-4143,3650,-2819,16,-77,-4,-39,0,531,9352,107,-8,0,9352,1458000,1449000,1516000,1498000,0,0,0,0,,,,,,,,,,,,,,,,,,,,,,,,,,,,,,,,,,,,,,,,,,,,,,,,,,,,,,,,,,,,,,,,,,,,,,,,,,,,,,,,,,,,,,,,,,,,,,,,,,,,,
850000,-1348,-1541,146,-452,1025,4889,-8190,-6298,121,-134,-4,39,0,531,9352,77,-94,0,9352,1429000,1416000,1474000,1588000,0,0,0,0,,,,,,,,,,,,,,,,,,,,,,,,,,,,,,,,,,,,,,,,,,,,,,,,,,,,,,,,,,,,,,,,,,,,,,,,,,,,,,,,,,,,,,,,,,,,,,,,,,,,,
903000,-1114,-1283,100,-157,1042,-6218,8716,-6115,97,-108,-4,0,39,532,9387,67,-26,0,9387,1383000,1457000,1554000,1510000,0,0,0,0,,,,,,,,,,,,,,,,,,,,,,,,,,,,,,,,,,,,,,,,,,,,,,,,,,,,,,,,,,,,,,,,,,,,,,,,,,,,,,,,,,,,,,,,,,,,,,,,,,,,,
950000,202,-465,1,487,990,9039,1270,-3307,-24,-37,-6,-79,39,554,10179,96,69,0,10179,1539000,1386000,1552000,1523000,0,0,0,0,,,,,,,,,,,,,,,,,,,,,,,,,,,,,,,,,,,,,,,,,,,,,,,,,,,,,,,,,,,,,,,,,,,,,,,,,,,,,,,,,,,,,,,,,,,,,,,,,,,,,
1003000,-89,-49,317,-515,493,-1030,-1598,-6481,-2,-4,-4,-120,0,576,11004,74,-19,0,11004,1453000,1479000,1566000,1594000,0,0,0,0,,,,,,,,,,,,,,,,,,,,,,,,,,,,,,,,,,,,,,,,,,,,,,,,,,,,,,,,,,,,,,,,,,,,,,,,,,,,,,,,,,,,,,,,,,,,,,,,,,,,,
1050000,295,-728,78,-379,-52,1105,-9227,-3063,-39,-61103000,-1351,-1372,407,-39,512,15814,-1720,-5870,110,-109,-4,-79,120,579,11119,63,50,0,11119,1519000,1408000,1565000,1591150000,-1995,-2487,-3,-421,190,3424,-9288,-3978,167,-210,-6,-79,79,578,11081,62,-45,0,11081,1483000,1475000,1504000,1631203000,-1049,-2054,56,498,2073,6903,17383,-9349,56,-172,-8,-399,79,589,11506,104,-17,0,11506,1468000,1422000,1658000,1578000,0,0,0,0,,,,,,,,,,,,,,,,,,,,,,,,,,,,,,,,,,,,,,,,,,,,,
1250000,68,-1970,457,-195,-372,2265,-12035,2490,-149,-14,-6,-1640,1800,598,11861,53,-33,0,11861,1574000,1500000,1484000,1597000,0,0,0,0,,,,,,,,,,,,,,,,,,,,,,,,,,,,,,,,,,,,,,,,,,,,,,,,,,,,,,,,,,,,,,,,,,,,,,,,,,,,,,,,,,,,,,,,,,,,,,,,,,,,,
1303000,1164,-1145,-226,822,1158,8246,2307,-5932,-342,60,-6,-2760,1840,598,11861,45,-115,0,11861,1538000,1417000,1616000,1600000,0,0,0,0,,,,,,,,,,,,,,,,,,,,,,,,,,,,,,,,,,,,,,,,,,,,,,,,,,,,,,,,,,,,,,,,,,,,,,,,,,,,,,,,,,,,,,,,,,,,,,,,,,,,,
1350000,-1435,-566,88,-851,358,8246,-3307,5298,-160,118,-4,-3280,1919,598,11861,95,73,0,11861,1610000,1511000,1524000,1543000,0,0,0,0,,,,,,,,,,,,,,,,,,,,,,,,,,,,,,,,,,,,,,,,,,,,,,,,,,,,,,,,,,,,,,,,,,,,,,,,,,,,,,,,,,,,,,,,,,,,,,,,,,,,,
1403000,-2084,-146,547,-77,167,5560,-7885,-2697,-38,84,-6,-2519,1119,601,11980,68,-90,4,11980,1527000,1486000,1566000,1618000,0,0,0,0,,,,,,,,,,,,,,,,,,,,,,,,,,,,,,,,,,,,,,,,,,,,,,,,,,,,,,,,,,,,,,,,,,,,,,,,,,,,,,,,,,,,,,,,,,,,,,,,,,,,,
1450000,-2472,-1458,58,242,1388,-9148,-4894,-10509,79,-99,-6,-1560,320,600,11940,79,-39,0,11940,1348000,1521000,1578000,1698000,0,0,0,0,,,,,,,,,,,,,,,,,,,,,,,,,,,,,,,,,,,,,,,,,,,,,,,,,,,,,,,,,,,,,,,,,,,,,,,,,,,,,,,,,,,,,,,,,,,,,,,,,,,,,
1503000,-3143,-2533,-570,-13,1645,-481,293,7251,197,-200,-4,-880,239,604,12100,120,31,15,12100,1552000,1604000,1490000,1565000,0,0,0,0,,,,,,,,,,,,,,,,,,,,,,,,,,,,,,,,,,,,,,,,,,,,,,,,,,,,,,,,,,,,,,,,,,,,,,,,,,,,,,,,,,,,,,,,,,,,,,,,,,,,,
1550000,-1504,-3681,592,264,485,-2373,13599,-8129,82,-296,-6,-559,280,620,12749,93,185,80,12749,1455000,1511000,1651000,1640000,0,0,0,0,,,,,,,,,,,,,,,,,,,,,,,,,,,,,,,,,,,,,,,,,,,,,,,,,,,,,,,,,,,,,,,,,,,,,,,,,,,,,,,,,,,,,,,,,,,,,,,,,,,,,
1603000,-4354,-3535,-390,457,2175,12946,-7274,3040,341,-291,-6,-440,199,638,13500,67,-57,152,13500,1584000,1582000,1527000,1652000,0,0,0,0,,,,,,,,,,,,,,,,,,,,,,,,,,,,,,,,,,,,,,,,,,,,,,,,,,,,,,,,,,,,,,,,,,,,,,,,,,,,,,,,,,,,,,,,,,,,,,,,,,,,,
1650000,-3053,-3732,374,-43,63,14533,9509,-9533,231,-304,-4,-399,239,646,13841,110,101,184,13841,1507000,1501000,1672000,1684000,0,0,0,0,,,,,,,,,,,,,,,,,,,,,,,,,,,,,,,,,,,,,,,,,,,,,,,,,,,,,,,,,,,,,,,,,,,,,,,,,,,,,,,,,,,,,,,,,,,,,,,,,,,,,
1703000,-2375,-1471,288,-392,-360,160,646,13841,68,-97,184,13841,1600000,1563000,1632000,15870001750000,-482,-2494,659,508,678,17279,18298,-5504,10,-137,-6,-360,920,646,13841,55,-118,184,13841,1548000,1509000,1676000,163,,,,,,,,,,,,,,,,,,,,,,,,,,,,,,,,,,,,,,,,,,,,,,,,,,,,,,,,,,,,,,,,,,,,,,,,,,,,,,,,,,,,,,,,,
1803000,-899,-1706,-129,-417,905,15692,26050,-3429,-26,11,-6,-1200,1840,655,14230,137,82,219,14230,1584000,1521000,1686000,1625000,0,0,0,0,,,,,,,,,,,,,,,,,,,,,,,,,,,,,,,,,,,,,,,,,,,,,,,,,,,,,,,,,,,,,,,,,,,,,,,,,,,,,,,,,,,,,,,,,,,,,,,,,,,,,
1850000,-44,-773,296,-26,505,14838,21716,-9349,-132,176,-4,-1560,2799,656,14273,89,158,224,14273,1543000,1474000,1706000,1677000,0,0,0,0,,,,,,,,,,,,,,,,,,,,,,,,,,,,,,,,,,,,,,,,,,,,,,,,,,,,,,,,,,,,,,,,,,,,,,,,,,,,,,,,,,,,,,,,,,,,,,,,,,,,,
1903000,1226,760,-394,84,1592,12213,293,1514,-382,488,-4,-3159,4839,657,14317,158,173,228,14317,1637000,1525000,1642000,1616000,0,0,0,0,,,,,,,,,,,,,,,,,,,,,,,,,,,,,,,,,,,,,,,,,,,,,,,,,,,,,,,,,,,,,,,,,,,,,,,,,,,,,,,,,,,,,,,,,,,,,,,,,,,,,
1950000,2588,666,202,566,1184,-20867,-17833,110,-707,627,-4,-5520,6519,657,14317,166,271,228,14317,1576000,1571000,1638000,1640000,0,0,0,0,,,,,,,,,,,,,,,,,,,,,,,,,,,,,,,,,,,,,,,,,,,,,,,,,,,,,,,,,,,,,,,,,,,,,,,,,,,,,,,,,,,,,,,,,,,,,,,,,,,,,
2003000,740,-1084,-332,-138,1059,-29290,-42919,-5748,-685,659,-4,-7120,8640,658,14360,96,93,231,14360,1555000,1504000,1653000,1694000,0,0,0,2050000,-233,-3122,-68,127,946,-37285,-35839,-3307,-604,516,-6,240,410,228,14317,1530000,1562000,1669000,1656000,0,0,0,2103000,-2409,-3894,241,-39,698,-35698,-39562,-5626,-456,564,-6,-7640,10360,656,14273,175,284,224,14273,1523000,1532000,1679000,1673000,0,0,0,0,,,,,,,,,,,,,,,,,,,,,,,,,,,,,,,,,,,,,,,,,,,,,,,,,,,
2150000,-3716,-5763,256,444,755,-36492,-32482,-3490,-349,366,-6,-7719,9960,656,14273,147,91,224,14273,1515000,1566000,1662000,1668000,0,0,0,0,,,,,,,,,,,,,,,,,,,,,,,,,,,,,,,,,,,,,,,,,,,,,,,,,,,,,,,,,,,,,,,,,,,,,,,,,,,,,,,,,,,,,,,,,,,,,,,,,,,,,
2203000,-4959,-5956,0,-303,349,-15679,-24486,-2880,-209,119,-6,-7360,7320,655,14230,135,15,219,14230,1576000,1512000,1626000,1699000,0,0,0,0,,,,,,,,,,,,,,,,,,,,,,,,,,,,,,,,,,,,,,,,,,,,,,,,,,,,,,,,,,,,,,,,,,,,,,,,,,,,,,,,,,,,,,,,,,,,,,,,,,,,,
2250000,-4210,-6117,527,186,-133,-20134,-17284,-7518,-205,-69,-6,-6560,5320,655,14230,149,20,219,14230,1501000,1513000,1665000,1713000,0,0,0,0,,,,,,,,,,,,,,,,,,,,,,,,,,,,,,,,,,,,,,,,,,,,,,,,,,,,,,,,,,,,,,,,,,,,,,,,,,,,,,,,,,,,,,,,,,,,,,,,,,,,,
2303000,-3970,-6119,-391,-380,1450,-18975,-18139,-3612,-68,-376,-6,-4760,1800,655,14230,189,84,219,14230,1545000,1523000,1606000,1726000,0,0,0,0,,,,,,,,,,,,,,,,,,,,,,,,,,,,,,,,,,,,,,,,,,,,,,,,,,,,,,,,,,,,,,,,,,,,,,,,,,,,,,,,,,,,,,,,,,,,,,,,,,,,,
2350000,-4010,-5061,-205,-128,733,-9575,13110,-4467,217,-424,-6,-1520,199,647,13884,222,167,188,13884,1511000,1520000,1662000,1673000,0,0,0,0,,,,,,,,,,,,,,,,,,,,,,,,,,,,,,,,,,,,,,,,,,,,,,,,,,,,,,,,,,,,,,,,,,,,,,,,,,,,,,,,,,,,,,,,,,,,,,,,,,,,,
2401000,-4237,-4095,137,191,888,7819,16589,-5016,300,-350,-6,-800,199,646,13841,298,360,184,13841,1528000,1507000,1654000,1676000,0,0,0,0,,,,,,,,,,,,,,,,,,,,,,,,,,,,,,,,,,,,,,,,,,,,,,,,,,,,,,,,,,,,,,,,,,,,,,,,,,,,,,,,,,,,,,,,,,,,,,,,,,,,,
2450000,-3808,-2279,34,157,1417,14166,20068,-7274,332,-188,-6,0,120,639,13543,282,191,155,13543,1492000,1474000,1696000,1663000,0,0,0,0,,,,,,,,,,,,,,,,,,,,,,,,,,,,,,,,,,,,,,,,,,,,,,,,,,,,,,,,,,,,,,,,,,,,,,,,,,,,,,,,,,,,,,,,,,,,,,,,,,,,,
2503000,-2592,-251,-394,-295,1527,17767,15186,-5077,222,-11,-6,-39,120,639,13543,314,320,155,13543,1517000,1480000,1684000,1651000,-225,-134,-70,-42,,,,,,,,,,,,,,,,,,,,,,,,,,,,,,,,,,,,,,,,,,,,,,,,,,,,,,,,,,,,,,,,,,,,,,,,,,,,,,,,,,,,,,,,,,,,,,,,,,,,,
2550000,-1979,-431,-157,-335,1097,7941,6275,-5199,172,-30,-6,0,79,638,13500,323,347,152,13500,1470000,1521000,1671000,1669000,-225,-134,-72,-43,,,,,,,,,,,,,,,,,,,,,,,,,,,,,,,,,,,,,,,,,,,,,,,,,,,,,,,,,,,,,,,,,,,,,,,,,,,,,,,,,,,,,,,,,,,,,,,,,,,,,
2603000,-1388,-1816,204,188,299,14288,4627,-4955,117,-151,-6,-39,79,639,13543,359,302,155,13543,1541000,1446000,1638000,1701000,-849,-323,-305,-116,,,,,,,,,,,,,,,,,,,,,,,,,,,,,,,,,,,,,,,,,,,,,,,,,,,,,,,,,,,,,,,,,,,,,,,,,,,,,,,,,,,,,,,,,,,,,,,,,,,,,
2650000,-1031,-1339,-77,297,884,23505,19336,-2453,93,-109,-6,39,79,639,13543,361,234,155,13543,1561000,1460000,1662000,1652000,-849,-323,-306,-116,,,,,,,,,,,,,,,,,,,,,,,,,,,,,,,,,,,,,,,,,,,,,,,,,,,,,,,,,,,,,,,,,,,,,,,,,,,,,,,,,,,,,,,,,,,,,,,,,,,,,
2703000,98,-77,85,-231,722,12335,6213,-3551,-12,0,-2,-39,79,639,13543,321,184,155,13543,1503000,1506000,1654000,1672000,-849,-323,-272,-103,,,,,,,,,,,,,,,,,,,,,,,,,,,,,,,,,,,,,,,,,,,,,,,,,,,,,,,,,,,,,,,,,,,,,,,,,,,,,,,,,,,,,,,,,,,,,,,,,,,,,
2750000,953,-349,-2,-139,787,-14885,4260,-3368,-86,-27,-20,-2803000,-649,-158,-126,-217,666,-26848,21411,-3307,56,-10,-672850000,-2273,-358,-360,350,1302,-725,27271,-1537,201,-24,-182,39,79,637,13458,365,-8,148,13458,1459000,1395000,1752000,1672903000,-1270,245,125,-314,615,5011,11585,7861,114,56,-324,39,399,638,13500,309,-276,152,13500,1425000,1436000,1725000,1695000,-849,-323,-262,-99,,,,,,,,,,,,,,,,,,,,,,,,,,,,,,,,,,,,,,,,,,,,,,,,,,,,,,,
2950000,-1689,-1355,-324,-26,1359,-11834,12744,12927,154,-51,-366,79,759,637,13458,335,-255,148,13458,1398000,1500000,1707000,1689000,-648,-712,-217,-238,,,,,,,,,,,,,,,,,,,,,,,,,,,,,,,,,,,,,,,,,,,,,,,,,,,,,,,,,,,,,,,,,,,,,,,,,,,,,,,,,,,,,,,,,,,,,,,,,,,,,
3003000,-1942,45,210,-245,50,14533,4382,17688,172,73,-441,39,799,638,13500,231,-480,152,13500,1490000,1412000,1689000,1709000,-648,-712,-149,-164,,,,,,,,,,,,,,,,,,,,,,,,,,,,,,,,,,,,,,,,,,,,,,,,,,,,,,,,,,,,,,,,,,,,,,,,,,,,,,,,,,,,,,,,,,,,,,,,,,,,,
3050000,549,-201,-467,218,1469,13312,-2575,15796,-44,52,-446,39,799,638,13500,291,-334,152,13500,1451000,1412000,1722000,1703000,-648,-712,-188,-207,,,,,,,,,,,,,,,,,,,,,,,,,,,,,,,,,,,,,,,,,,,,,,,,,,,,,,,,,,,,,,,,,,,,,,,,,,,,,,,,,,,,,,,,,,,,,,,,,,,,,
3103000,97,-1044,-133,-294,954,-54,-3612,18604,-8,-14,-322,0,880,638,13500,292,-301,152,13500,1476000,1541000,1664000,1651000,-648,-712,-189,-208,,,,,,,,,,,,,,,,,,,,,,,,,,,,,,,,,,,,,,,,,,,,,,,,,,,,,,,,,,,,,,,,,,,,,,,,,,,,,,,,,,,,,,,,,,,,,,,,,,,,,
3150000,371,-1973,-295,-388,1253,-2434,1819,14026,-25,-88,-253,79,959,637,13458,271,-237,148,13458,1513000,1496000,1670000,1653000,-648,-712,-175,-193,,,,,,,,,,,,,,,,,,,,,,,,,,,,,,,,,,,,,,,,,,,,,,,,,,,,,,,,,,,,,,,,,,,,,,,,,,,,,,,,,,,,,,,,,,,,,,,,,,,,,
3203000,517,-1920,-226,374,1756,8002,2490,9815,-41,-55,-194,39,1280,637,13458,309,-246,148,13458,1537000,1452000,1673000,1659000,-648,-712,-200,-220,,,,,,,,,,,,,,,,,,,,,,,,,,,,,,,,,,,,,,,,,,,,,,,,,,,,,,,,,,,,,,,,,,,,,,,,,,,,,,,,,,,,,,,,,,,,,,,,,,,,,
3250000,94,-2636,-165,346,1552,12274,-5199,9631,-8,-114,-92,0,1319,638,13500,204,-407,152,13500,1569000,1510000,1632000,1633000,-648,-712,-132,-145,,,,,,,,,,,,,,,,,,,,,,,,,,,,,,,,,,,,,,,,,,,,,,,,,,,,,,,,,,,,,,,,,,,,,,,,,,,,,,,,,,,,,,,,,,,,,,,,,,,,,
3303000,776,-3374,440,165,533,22040,-6359,5298,-249,-81,-58,-2080,2439,673,15022,229,-448,291,15022,1643000,1470000,1667000,1690000,-648,-712,-148,-163,,,,,,,,,,,,,,,,,,,,,,,,,,,,,,,,,,,,,,,,,,,,,,,,,,,,,,,,,,,,,,,,,,,,,,,,,,,,,,,,,,,,,,,,,,,,,,,,,,,,,
3350000,1413,-4473,329,228,851,11969,-18016,6091,-744,-86,-16,-7120,3480,672,14978,220,-469,287,14978,1697000,1445000,1617000,1697000,-648,-712,-142,-156,,,,,,,,,,,,,,,,,,,,,,,,,,,,,,,,,,,,,,,,,,,,,,,,,,,,,,,,,,,,,,,,,,,,,,,,,,,,,,,,,,,,,,,,,,,,,,,,,,,,,
3403000,618,-5088,251,-186,1100,-35271,-20946,1270,-773,-108,-27,-8240,3840,672,14978,174,-348,287,14978,1534000,1561000,1663000,1713000,-648,-712,-112,-124,,,,,,,,,,,,,,,,,,,,,,,,,,,,,,,,,,,,,,,,,,,,,,,,,,,,,,,,,,,,,,,,,,,,,,,,,,,,,,,,,,,,,,,,,,,,,,,,,,,,,
3450000,-2477,-6041,520,-83,451,-60234,5969,2429,-509,-192,-12,-8320,3840,704,16438,197,-308,415,16438,1563000,1629000,1725000,1687000,-648,-712,-127,-140,,,,,,,,,,,,,,,,,,,,,,,,,,,,,,,,,,,,,,,,,,,,,,,,,,,,,,,,,,,,,,,,,,,,,,,,,,,,,,,,,,,,,,,,,,,,,,,,,,,,,
3503000,-5042,-5190,-828,105,2161,-35881,12378,-1842,-202,-243,-12,-7360,2400,712,16814,185,-121,448,16814,1577000,1579000,1729000,1744000,-648,-712,-119,-131,,,,,,,,,,,,,,,,,,,,,,,,,,,,,,,,,,,,,,,,,,,,,,,,,,,,,,,,,,,,,,,,,,,,,,,,,,,,,,,,,,,,,,,,,,,,,,,,,,,,,
3550000,-4960,-4626,-35,710,868,-14946,-1049,-1476,-52,-285,-31,-5560,1359,720,17194,178,-44,480,17194,1584000,1578000,1720000,1773000,3603000,-4894,-3754,110,-62,965,-10979,9692,1697,46,-243,-29,-4359,959,720,17194,112,-65,480,17194,1610000,1596000,1724000,1738000,-648,-712,-72,-79,,,,,,,,,,,,,,,,,,,,,,,,,,,,,,,,,,,,,,,,,,,,,,,,,,,,,,,,,,,,,,,,,,,,,,,,,,,,,
3650000,-4072,-2256,-566,-138,1925,1410,3528,-438,79,-144,-27,-3159,599,720,17194,145,133,480,-648,-712,-93,-103,,,,,,,,,,,,,,,,,,,,,,,,,,,,,,,,,,,,,,,,,,,,,,,,,,,,,,,,,,,,,,,,,,,,,,,,,,,,,,,,,,,,,,,,,,,,,,,,,,,,,,,,,,
3703000,-2951,-1284,38,-97,1354,7575,1087,659,83,-91,-8,-2000,239,713,16861,197,378,452,16861,1604000,1601000,1702000,1760000,-648,-712,-127,-140,,,,,,,,,,,,,,,,,,,,,,,,,,,,,,,,,,,,,,,,,,,,,,,,,,,,,,,,,,,,,,,,,,,,,,,,,,,,,,,,,,,,,,,,,,,,,,,,,,,,,
3750000,-2595,-453,51,-221,945,-13359,12683,-1659,195,-15,-6,-360,280,712,16814,274,598,448,16814,1523000,1631000,1746000,1726000,-648,-712,-13803000,-2959,-375,-756,-346,1656,16303,5786,232,233,-11,-27,-280,239,691,15837,157,415,363,15837,1591000,1525000,1710000,1718000,-648,-712,-101,-111,,,,,,,,,,,,,,,,,,,,,,,,,,,,,,,,,,,,,,,,,,,,,,,,,,,,,,,,,,,,,,,,,,,,,,,,,,,
3850000,-329,-463,253,550,1268,23016,-377,-8556,210,8,-8,2079,559,673,15022,231,627,291,15022,1498000,1462000,1741000,1739000,-648,-712,-149,-164,,,,,,,,,,,,,,,,,,,,,,,,,,,,,,,,,,,,,,,,,,,,,,,,,,,,,,,,,,,,,,,,,,,,,,,,,,,,,,,,,,,,,,,,,,,,,,,,,,,,,
3903000,-506,-465,-541,-251,1413,14411,-1232,-2941,313,36,-50,3080,880,673,15022,252,558,291,15022,1510000,1491000,1714000,1731000,-648,-712,-164,-180,,,,,,,,,,,,,,,,,,,,,,,,,,,,,,,,,,,,,,,,,,,,,,,,,,,,,,,,,,,,,,,,,,,,,,,,,,,,,,,,,,,,,,,,,,,,,,,,,,,,,
3950000,221,-1447,207,334,1080,34430,659,-377,410,198,-75,4920,3719,672,14978,283,558,287,14978,1551000,1463000,1741000,1696000,-648,-712,-183,-201,,,,,,,,,,,,,,,,,,,,,,,,,,,,,,,,,,,,,,,,,,,,,,,,,,,,,,,,,,,,,,,,,,,,,,,,,,,,,,,,,,,,,,,,,,,,,,,,,,,,,
4003000,1000,-1315,-453,-127,705,28815,-13683,964,548,265,-121,7279,4360,672,14978,303,469,287,14978,1497000,1497000,1723000,1731000,-648,-712,-196,-215,,,,,,,,,,,,,,,,,,,,,,,,,,,,,,,,,,,,,,,,,,,,,,,,,,,,,,,,,,,,,,,,,,,,,,,,,,,,,,,,,,,,,,,,,,,,,,,,,,,,,
4050000,1545,-1058,36,248,1238,26495,-7457,2185,465,357,-119,6879,5160,671,14933,428,643,284,14933,1517000,1491000,1711000,1729000,-648,-712,-277,-305,,,,,,,,,,,,,,,,,,,,,,,,,,,,,,,,,,,,,,,,,,,,,,,,,,,,,,,,,,,,,,,,,,,,,,,,,,,,,,,,,,,,,,,,,,,,,,,,,,,,,
4103000,1876,-423,-333,-349,949,16547,-8556,1819,429,490,-67,6800,6040,672,14978,367,488,287,14978,1493000,1553000,1729000,1685000,-648,-712,-237,-261,,,,,,,,,,,,,,,,,,,,,,,,,,,,,,,,,,,,,,,,,,,,,,,,,,,,,,,,,,,,,,,,,,,,,,,,,,,,,,,,,,,,,,,,,,,,,,,,,,,,,
4150000,2160,-2080,42,440,733,16913,-12279,-1354,244,254,-54,4960,5000,671,14933,417,607,284,14933,1517000,1489000,1722000,1719000,-648,4250000,3477,-2488,-469,-107,1799,-3045,9143,-1049,-223,-115,-54,920,1159,669,14844,519,587,276,14844,1505000,1497000,1734000,1704000,-648,-712,-336,-369,,,,,,,,,,,,,,,,,,,,,,,,,,,,,,,,,,,,,,,,,,,,,,,,,,,,,,,,,,,,,,,,,,,,,,,,,,,,
4303000,2503,-1429,450,-204,-432,-6463,13294,49,-187,-107,-106,360,199,668,14800,464,365,271,14800,1505000,1463000,1734000,1727000,-910,-957,-422,-444,,,,,,,,,,,,,,,,,,,,,,,,,,,,,,,,,,,,,,,,,,,,,,,,,,,,,,,,,,,,,,,,,,,,,,,,,,,,,,,,,,,,,,,,,,,,,,,,,,,,,
4350000,562,-787,-203,-331,1075,-17815,5420,5847,-28,-61,-203,239,79,638,13500,487,313,152,13500,1419000,1469000,1675000,1733000,-1081,-787,-526,-383,,,,,,,,,,,,,,,,,,,,,,,,,,,,,,,,,,,,,,,,,,,,,,,,,,,,,,,,,,,,,,,,,,,,,,,,,,,,,,,,,,,,,,,,,,,,,,,,,,,,,
4403000,-535,-410,-222,-325,764,-3411,8533,8716,74,-25,-362,320,120,636,13416,532,310,143,13416,1378000,1384000,1740000,1738000,-1054,-584,-560,-311,,,,,,,,,,,,,,,,,,,,,,,,,,,,,,,,,,,,,,,,,,,,,,,,,,,,,,,,,,,,,,,,,,,,,,,,,,,,,,,,,,,,,,,,,,,,,,,,,,,,,
4450000,-1375,-341,49,310,103,-5059,6763,24219,144,-22,-479,279,79,637,13458,510,226,148,13458,1454000,1458000,1696000,1694000,-1003,-588,-511,-300,,,,,,,,,,,,,,,,,,,,,,,,,,,,,,,,,,,,,,,,,,,,,,,,,,,,,,,,,,,,,,,,,,,,,,,,,,,,,,,,,,,,,,,,,,,,,,,,,,,,,
4503000,-2097,-1420,-345,-142,1555,861,15003,20984,207,-123,-655,279,0,634,13332,557,289,136,13332,1325000,1325000,1788000,1750000,-811,-296,-452,-165,,,,,,,,,,,,,,,,,,,,,,,,,,,,,,,,,,,,,,,,,,,,,,,,,,,,,,,,,,,,,,,,,,,,,,,,,,,,,,,,,,,,,,,,,,,,,,,,,,,,,
4550000,-1725,-1793,332,228,491,10382,12866,30444,181,-159,-659,360,-39,605,12140,571,198,20,12140,1446000,1334000,1724000,1701000,-1066,-321,-609,-183,,,,,,,,,,,,,,,,,,,,,,,,,,,,,,,,,,,,,,,,,,,,,,,,,,,,,,,,,,,,,,,,,,,,,,,,,,,,,,,,,,,,,,,,,,,,,,,,,,,,,
4603000,-1643,-2369,152,64,1040,1959,-9044,29468,171,-203,-712,320,39,605,12140,555,143,20,12140,1330000,1313000,1673000,1766000,-1118,-344,-620,-191,,,,,,,,,,,,,,,,,,,,,,,,,,,,,,,,,,,,,,,,,,,,,,,,,,,,,,,,,,,,,,,,,,,,,,,,,,,,,,,,,,,,,,,,,,,,,,,,,,,,,
4650000,-578,-1158,147,-32,1571,13922,6885,41370,78,-101,-735,320,0,604,12100,560,67,15,12100,1429000,1413000,1677000,1648000,-1016,68,-569,38,,,,,,,,,,,,,,,,,,,,,,,,,,,,,,,,,,,,,,,,,,,,,,,,,,,,,,,,,,,,,,,,,,,,,,,,,,,,,,,,,,,,,,,,,,,,,,,,,,,,,
4703000,1192,-1511,-447,140,1321,6598,3711,40515,-215,-128,-678,-1280,39,604,12100,571,45,15,12100,1530000,1334000,1647000,1653000,-1064,59,-608,34,,,,,,,,,,,,,,,,,,,,,,,,,,,,,,,,,,,,,,,,,,,,,,,,,,,,,,,,,,,,,,,,,,,,,,,,,,,,,,,,,,,,,,,,,,,,,,,,,,,,,
4750000,458,366,-291,200,1840,-17205,12744,32092,-214,35,-695,-2000,39,604,12100,575,-55,15,12100,1353000,1353000,1722000,1684000,-654,162,-376,93,,,,,,,,,,,,,,,,,,,,,,,,,,,,,,,,,,,,,,,,,,,,,,,,,,,,,,,,,,,,,,,,,,,,,,,,,,,,,,,,,,,,,,,,,,,,,,,,,,,,,
4803000,-461,673,21,-71,-242,-5486,-9838,43506,-326,62,-668,-4200,39,604,12100,554,-281,15,12100,1535000,1395000,1584000,1670000,-654,162,-362,90,,,,,,,,,,,,,,,,,,,,,,,,,,,,,,,,,,,,,,,,,,,,,,,,,,,,,,,,,,,,,,,,,,,,,,,,,,,,,,,,,,,,,,,,,,,,,,,,,,,,,
4850000,-1527,416,37,9,1079,-31182,-6603,35999,-467,39,-456,-6879,39,604,12100,517,-388,15,12100,1488000,1526000,1594000,1600000,-654,162,-338,84,,,,,,,,,,,,,,,,,,,,,,,,,,,,,,,,,,,,,,,,,,,,,,,,,,,,,,,,,,,,,,,,,,,,,,,,,,,,,,,,,,,,,,,,,,,,,,,,,,,,,
4903000,-3486,166,-140,-224,1077,-51201,16773,21472,-400,14,-282,-8080,0,719,17146,498,-423,475,17146,1552000,1614000,1747000,1667000,-654,162,-326,81,,,,,,,,,,,,,,,,,,,,,,,,,,,,,,,,,,,,,,,,,,,,,,,,,,,,,,,,,,,,,,,,,,,,,,,,,,,,,,,,,,,,,,,,,,,,,,,,,,,,,
4950000,-5840,-509,47,-336,819,-34966,19458,16773,-275,-44,-188,-9000,0,746,18458,490,-407,584,18458,1647000,1632000,1774000,1718000,-883,-44,-432,-21,,,,,,,,,,,,,,,,,,,,,,,,,,,,,,,,,,,,,,,,,,,,,,,,,,,,,,,,,,,,,,,,,,,,,,,,,,,,,,,,,,,,,,,,,,,,,,,,,,,,,
5003000,-5947,-311,96,-23,1152,-23186,9509,7984,-294,-27,-87,-9320,0,772,19767,462,-414,688,19767,1681000,1624000,1781000,1789000,-1202,275,-555,127,,,,,,,,,,,,,,,,,,,,,,,,,,,,,,,,,,,,,,,,,,,,,,,,,,,,,,,,,,,,,,,,,,,,,,,,,,,,,,,,,,,,,,,,,,,,,,,,,,,,,
5050000,-6675,125,-32,-561,1597,-11712,2246,7251,-35,10,-87,-7080,0,773,19819,406,-355,692,19819,1635000,1665000,1782000,1796000,-1222,265,-496,107,,,,,,,,,,,,,,,,,,,,,,,,,,,,,,,,,,,,,,,,,,,,,,,,,,,,,,,,,,,,,,,,,,,,,,,,,,,,,,,,,,,,,,,,,,,,,,,,,,,,,
5103000,-6811,-320,-214,-980,1192,-13421,4566,1880,98,-24,-69,-5679,39,774,19870,406,-284,696,19870,1610000,1639000,1809000,1814000,-1222,265,-496,107,,,,,,,,,,,,,,,,,,,,,,,,,,,,,,,,,,,,,,,,,,,,,,,,,,,,,,,,,,,,,,,,,,,,,,,,,,,,,,,,,,,,,,,,,,,,,,,,,,,,,
5150000,-5614,-883,420,296,1190,4096,7129,-805,144,-77,-67,-3960,0,776,19973,464,-217,704,19973,1633000,1588000,1828000,1825000,-1246,215,-578,99,,,,,,,,,,,,,,,,,,,,,,,,,,,,,,,,,,,,,,,,,,,,,,,,,,,,,,,,,,,,,,,,,,,,,,,,,,,,,,,,,,,,,,,,,,,,,,,,,,,,,
5203000,-5428,-520,35,-505,1620,19293,4321,-2636,438,-41,-33,-399,39,762,19259,447,-42,648,19259,1605000,1582000,1819000,1809000,-965,-3,-431,-1,,,,,,,,,,,,,,,,,,,,,,,,,,,,,,,,,,,,,,,,,,,,,,,,,,,,,,,,,,,,,,,,,,,,,,,,,,,,,,,,,,,,,,,,,,,,,,,,,,,,,
5250000,-3378,-938,639,-26,879,41144,-682,-5199,308,-74,-16,160,79,744,18359,445,87,576,18359,1631000,1480000,1796000,1818000,-496,275,-220,122,,,,,,,,,,,,,,,,,,,,,,,,,,,,,,,,,,,,,,,,,,,,,,,,,,,,,,,,,,,,,,,,,,,,,,,,,,,,,,,,,,,,,,,,,,,,,,,,,,,,,
5303000,-172,-591,180,-548,1346,22162,-1537,-5138,32,-20,-14,199,360,744,18359,472,364,576,18359,1587000,1533000,1801000,1816000,-730,-23,-345,-11,,,,,,,,,,,,,,,,,,,,,,,,,,,,,,,,,,,,,,,,,,,,,,,,,,,,,,,,,,,,,,,,,,,,,,,,,,,,,,,,,,,,,,,,,,,,,,,,,,,,,
5350000,484,-594,311,39,1185,11542,-1293,-3856,-21,119,-12,239,1960,744,18359,464,526,576,18359,1596000,1537000,1809000,1795000,-775,671,-360,311,,,,,,,,,,,,,,,,,,,,,,,,,,,,,,,,,,,,,,,,,,,,,,,,,,,,,,,,,,,,,,,,,,,,,,,,,,,,,,,,,,,,,,,,,,,,,,,,,,,,,
5403000,1538,-785,26,-655,2175,8063,-15575,-4589,-116,224,-12,199,3359,743,18310,494,514,571,18310,1603000,1512000,1795000,1817000,-717,-35,-354,-17,,,,,,,,,,,,,,,,,,,,,,,,,,,,,,,,,,,,,,,,,,,,,,,,,,,,,,,,,,,,,,,,,,,,,,,,,,,,,,,,,,,,,,,,,,,,,,,,,,,,,
5450000,2044,-2025,303,-168,648,4218,-18261,-6115,-105,266,-8,839,5079,742,18261,492,414,567,18261,1575000,1519000,1815000,1810000,-701,358,-344,176,,,,,,,,,,,,,,,,,,,,,,,,,,,,,,,,,,,,,,,,,,,,,,,,,,,,,,,,,,,,,,,,,,,,,,,,,,,,,,,,,,,,,,,,,,,,,,,,,,,,,
5503000,2950,-3997,-40,-540,1497,-19341,-24364,-5932,-180,125,-10,880,5439,706,16532,541,594,423,16532,1482000,1522000,1767000,1800000,-549,197,-297,106,,,,,,,,,,,,,,,,,,,,,,,,,,,,,,,,,,,,,,,,,,,,,,,,,,,,,,,,,,,,,,,,,,,,,,,,,,,,,,,,,,,,,,,,,,,,,,,,,,,,,
5550000,3284,-5566,175,306,257,-22393,-19848,-2025,-304,-206,-27,-199,3199,703,16392,566,597,412,16392,1526000,1508000,1713000,1817000,-423,108,-239,61,,,,,,,,,,,,,,,,,,,,,,,,,,,,,,,,,,,,,,,,,,,,,,,,,,,,,,,,,,,,,,,,,,,,,,,,,,,,,,,,,,,,,,,,,,,,,,,,,,,,,
5603000,2639,-5856,171,603,766,-26482,-14293,1026,-415,-249,-48,-2120,2999,703,16392,615,652,412,16392,1540000,1517000,1725000,1790000,-409,204,-251,125,,,,,,,,,,,,,,,,,,,,,,,,,,,,,,,,,,,,,,,,,,,,,,,,,,,,,,,,,,,,,,,,,,,,,,,,,,,,,,,,,,,,,,,,,,,,,,,,,,,,,
5650000,963,-5565,184,-477,1140,-14641,7861,-4345,-555,-318,-6,-5399,1919,703,16392,640,577,412,16392,1580000,1423000,1758000,1789000,-495,379,5703000,115,-4067,-44,-386,1231,-26238,8899,-866,-572,-278,-6-6440,880,701,16298,689,685,403,16298,1551000,1511000,1752000,176005750000,-712,-3232,-20,483,630,-38384,-1903,-3124,-503,-275,-4,14889,1457000,1490000,1712000,1765000,-468,25,-337,18,,,,,,,,,,,,,,,,,,,,,,,,,,,,,,,,,,,,,,,,,,,,,,,,,,,,,,,,,,,,
5803000,-2495,-2172,-560,-103,1239,-20684,13843,1880,-434,-179,-6,-7480,120,670,14889,774,887,280,14889,1552000,1466000,1722000,1705000,-539,5850000,-3015,-1723,-317,462,1656,-25994,10120,964,-365,-146,-6,-7200,39,636,13416,814,813,143,13416,1484000,1449000,1663000,171,-454,160,,,,,,,,,,,,,,,,,,,,,,,,,,,,,,,,,,,,,,,,,,,,,,,,,,,,,,,,,,,,,,,,,,,,,,,,,,,,,,
5903000,-4124,-1414,-173,-405,802,-7927,9143,1758,-121,-144,-4,-5520,-240,604,12100,858,672,15,12100,1480000,1405000,1645000,1686000,-442,84,-379,72,,,,,,,,,,,,,,,,,,,,,,,,,,,,,,,,,,,,,,,,,,,,,,,,,,,,,,,,,,,,,,,,,,,,,,,,,,,,,,,,,,,,,,,,,,,,,,,,,,,,,
5950000,-3916,-89,-443,18,1256,8551,-1415,3345,121,-32,-4,-2519,-279,605,12140,881,674,20,12140,1479000,1410000,1615000,1678000,-330,-120,-291,-106,,,,,,,,,,,,,,,,,,,,,,,,,,,,,,,,,,,,,,,,,,,,,,,,,,,,,,,,,,,,,,,,,,,,,,,,,,,,,,,,,,,,,,,,,,,,,,,,,,,,,
6003000,-2519,-160,124,355,1369,3119,-6176,3650,219,-31,-6,0,-199,604,12100,947,684,15,12100,1438000,1456000,1613000,1674000,-428,-148,-405,-140,,,,,,,,,,,,,,,,,,,,,,,,,,,,,,,,,,,,,,,,,,,,,,,,,,,,,,,,,,,,,,,,,,,,,,,,,,,,,,,,,,,,,,,,,,,,,,,,,,,,,
6050000,-5,82,-48,291,556,6293,2796,4077,84,-6,-6,959,-160,602,12020,949,417,7,12020,1497000,1405000,1649000,1634000,-429,-249,-407,-236,,,,,,,,,,,,,,,,,,,,,,,,,,,,,,,,,,,,,,,,,,,,,,,,,,,,,,,,,,,,,,,,,,,,,,,,,,,,,,,,,,,,,,,,,,,,,,,,,,,,,
6103000,660,-816,50,267,1008,922,6152,781,57,-81,-6,1319,-119,602,12020,949,249,7,12020,1415000,1428000,1650000,1666000,-358,-309,-340,-294,,,,,,,,,,,,,,,,,,,,,,,,,,,,,,,,,,,,,,,,,,,,,,,,,,,,,,,,,,,,,,,,,,,,,,,,,,,,,,,,,,,,,,,,,,,,,,,,,,,,,
6150000,-591,-191,-469,-48,1823,1898,903,3162,337,-23,-4,3280,-80,602,12020,977,187,7,12020,1418000,1469000,1618000,1668000,-194,-354,-189,-346,,,,,,,,,,,,,,,,,,,,,,,,,,,,,,,,,,,,,,,,,,,,,,,,,,,,,,,,,,,,,,,,,,,,,,,,,,,,,,,,,,,,,,,,,,,,,,,,,,,,,
6203000,1845,410,78,300,658,31195,5603,6213,383,32,-6,6240,-39,601,11980,1006,81,4,11980,1534000,1395000,1618000,1631000,-401,-374,-403,-377,,,,,,,,,,,,,,,,,,,,,,,,,,,,,,,,,,,,,,,,,,,,,,,,,,,,,,,,,,,,,,,,,,,,,,,,,,,,,,,,,,,,,,,,,,,,,,,,,,,,,
6250000,968,650,-240,-166,1519,32111,-3856,4382,732,88,-6,9359,360,603,12060,969,28,11,12060,1423000,1485000,1617000,1650000,-277,-441,-268,-428,,,,,,,,,,,,,,,,,,,,,,,,,,,,,,,,,,,,,,,,,,,,,,,,,,,,,,,,,,,,,,,,,,,,,,,,,,,,,,,,,,,,,,,,,,,,,,,,,,,,,
630306350000,3086,-743,-186,-413,1012,48956,-8556,4505,687,4,-6,10959,799,611,12382,979,-86,44,12382,1492000,1447000,1621000,1659000,-399,-835,-390,-817,,,,,,,,,,,,,,,,,,,,,,,,,,,,,,,,,,,,,,,,,,,,,,,,,,,,,,,,,,,,,,,,,,,,,,,,,,,,,,,,,,,,,,,,,,,,,,,,,,,,,
6403000,3633,-874,320,-580,190,40534,-13622,3650,496,4,-6,9320,920,611,12382,981,-169,44,12382,1507000,1417000,1619000,1669000,-220,-674,-216,-661,,,,,,,,,,,,,,,,,,,,,,,,,,,,,,,,,,,,,,,,,,,,,,,,,,,,,,,,,,,,,,,,,,,,,,,,,,,,,,,,,,,,,,,,,,,,,,,,,,,,,
6450000,3797,-23,160,131,1431,34674,3406,293,244,78,-4,6600,920,614,12504,977,-239,56,12504,1477000,1398000,1690000,1636000,-272,-603,-266,-589,,,,,,,,,,,,,,,,,,,,,,,,,,,,,,,,,,,,,,,,,,,,,,,,,,,,,,,,,,,,,,,,,,,,,,,,,,,,,,,,,,,,,,,,,,,,,,,,,,,,,
6503000,4168,239,245,-434,-2,10565,-2514,2918,-133,101,-6,2639,920,625,12956,954,-392,100,12956,1508000,1443000,1645000,1674000,-212,-567,-203,-541,,,,,,,,,,,,,,,,,,,,,,,,,,,,,,,,,,,,,,,,,,,,,,,,,,,,,,,,,,,,,,,,,,,,,,,,,,,,,,,,,,,,,,,,,,,,,,,,,,,,,
6550000,4580,677,390,-306,219,-17083,-4955,1087,-389,66,-4,120,79,634,13332,940,-495,136,13332,1471000,1478000,1678000,1676000,-304,-549,-286,-516,,,,,,,,,,,,,,,,,,,,,,,,,,,,,,,,,,,,,,,,,,,,,,,,,,,,,,,,,,,,,,,,,,,,,,,,,,,,,,,,,,,,,,,,,,,,,,,,,,,,,
6603000,2484,1074,283,-246,152,-33989,-7579,3406,-618,100,-6,-4600,79,659,14404,925,-532,235,14404,1533000,1478000,1653000,1696000,-263,-499,-243,-462,,,,,,,,,,,,,,,,,,,,,,,,,,,,,,,,,,,,,,,,,,,,,,,,,,,,,,,,,,,,,,,,,,,,,,,,,,,,,,,,,,,,,,,,,,,,,,,,,,,,,
6650000,15,673,144,-334,512,-32341,-8495,-194,-472,65,-6,-5399,79,679,15291,905,-589,316,15291,1542000,1496000,1693000,1755000,-299,-705,-271,-638,,,,,,,,,,,,,,,,,,,,,,,,,,,,,,,,,,,,,,,,,,,,,,,,,,,,,,,,,,,,,,,,,,,,,,,,,,,,,,,,,,,,,,,,,,,,,,,,,,,,,
6703000,-2013,-1002,37,444,1270,-20562,-6176,-377,-253,-83,-6,-4920,39,678,15246,826,-674,311,15246,1554000,1473000,1680000,1766000,-232,-392,-192,-323,,,,,,,,,,,,,,,,,,,,,,,,,,,,,,,,,,,,,,,,,,,,,,,,,,,,,,,,,,,,,,,,,,,,,,,,,,,,,,,,,,,,,,,,,,,,,,,,,,,,,
6750000,-3931,-816,235,137,1049,-54,4810,-4528,18,-67,-6,-3719,39,681,15382,824,-742,323,15382,15250006803000,-3573,-622,-430,339,1378,13312,-7335,-744,39,-47,-6,-3120,79,682,15427,779,-688,327,15427,1565000,1460000,1695000,1760000,-101,-709,-79,-552,,,,,,,,,,,,,,,,,,,,,,,,,,,,,,,,,,,,,,,,,,,,,,,,,,,,,,,,,,,,,,,,,,,,,,,,,,,,,,,,,
6850000,-1804,-2214,-52,353,1473,-1275,-7824,-2697,80,-189,-6,-880,39,691,15837,782,-671,363,15837,1484000,1540000,1704000,1791000,138,-432,108,-337,,,,,,,,,,,,,,,,,,,,,,,,,,,,,,,,,,,,,,,,,,,,,,,,,,,,,,,,,,,,,,,,,,,,,,,,,,,,,,,,,,,,,,,,,,,,,,,,,,,,,
6903000,-3031,-3503,204,-266,527,5011,7068,-1476,313,-302,-6,559,39,703,16392,726,-658,412,16392,1529000,1542000,1737000,1769000,-165,-56950000,-1962,-2500,15,186,673,20941,20374,-3307,551,-214,-6,4359,39,706,16532,724,-551,423,16532,1547000,1503000,1771000,1761000,-245,-537,-177,-389,,,,,,,,,,,,,,,,,,,,,,,,,,,,,,,,,,,,,,,,,,,,,,,,,,,,,,,,,,,,,,,,,,,,,,,,,,,,
7003000,-1556,-2645,-505,-232,1441,42670,8716,293,732,-230,-8,6840,0,705,16485,670,-502,419,16485,1533000,1562000,1704000,1789000,-199,-513,-133,-344,,,,,,,,,,,,,,,,,,,,,,,,,,,,,,,,,,,,,,,,,,,,,,,,,,,,,,,,,,,,,,,,,,,,,,,,,,,,,,,,,,,,,,,,,,,,,,,,,,,,,
7050000,1405,-1951,356,290,1004,30646,1209,-2330,470,-166,-6,6800,39,706,16532,621,-511,423,16532,1554000,1505000,1715000,1807000,96,-356,59,-221,,,,,,,,,,,,,,,,,,,,,,,,,,,,,,,,,,,,,,,,,,,,,,,,,,,,,,,,,,,,,,,,,,,,,,,,,,,,,,,,,,,,,,,,,,,,,,,,,,,,,
7103000,2213,-2073,54,350,1719,14899,15613,-5016,361,-184,-4,6359,-39,705,16485,625,-296,419,16485,1517000,1501000,1785000,1766000,1,-528,0,-330,,,,,,,,,,,,,,,,,,,,,,,,,,,,,,,,,,,,,,,,,,,,,,,,,,,,,,,,,,,,,,,,,,,,,,,,,,,,,,,,,,,,,,,,,,,,,,,,,,,,,
7150000,2005,-1140,604,5,193,16669,12561,-1293,146,-96,-6,3680,39,707,16579,624,-387,428,16579,1578000,1492000,1745000,1774000,-211,-265,-131,-165,,,,,,,,,,,,,,,,,,,,,,,,,,,,,,,,,,,,,,,,,,,,,,,,,,,,,,,,,,,,,,,,,,,,,,,,,,,,,,,,,,,,,,,,,,,,,,,,,,,,,
7203000,1898,-1606,-35,210,680,13861,13599,-1415,-109,-140,-8,639,0,707,16579,591,-323,428,16579,1624000,1427000,1738000,1785000,14,-144,8,-85,,,,,,,,,,,,,,,,,,,,,,,,,,,,,,,,,,,,,,,,,,,,,,,,,,,,,,,,,,,,,,,,,,,,,,,,,,,,,,,,,,,,,,,,,,,,,,,,,,,,,
7250000,2589,-1586,-470,-478,1439,-9148,-744,-4284,-170,-138,-6,639,0,707,16579,587,-290,428,16579,1485000,1540000,1749000,1802000,150,-61,88,-35,,,,,,,,,,,,,,,,,,,,,,,,,,,,,,,,,,,,,,,,,,,,,,,,,,,,,,,,,,,,,,,,,,,,,,,,,,,,,,,,,,,,,,,,,,,,,,,,,,,,,
7303000,1787,-1796,40,-704,1193,-6951,4993,-2697,-292,-153,-4,-1560,39,707,16579,588,-272,428,16579,1548000,1499000,1736000,1800000,95,129,56,75,,,,,,,,,,,,,,,,,,,,,,,,,,,,,,,,,,,,,,,,,,,,,,,,,,,,,,,,,,,,,,,,,,,,,,,,,,,,,,,,,,,,,,,,,,,,,,,,,,,,,
7350000,2897,-1806,-360,345,1606,-25261,9509,-3124,-675,-150,-6,-4839,79,707,16579,576,-182,428,16579,1567000,1466000,1761000,1783000,261,85,150,49,,,,,,,,,,,,,,,,,,,,,,,,,,,,,,,,,,,,,,,,,,,,,,,,,,,,,,,,,,,,,,,,,,,,,,,,,,,,,,,,,,,,,,,,,,,,,,,,,,,,,
7403000,322,-1328,-208,391,1383,-40032,9326,-4772,-586,-49,-4,-6399,759,707,16579,557,-118,428,16579,1494000,1518000,1780000,1782000,334,463,186,257,,,,,,,,,,,,,,,,,,,,,,,,,,,,,,,,,,,,,,,,,,,,,,,,,,,,,,,,,,,,,,,,,,,,,,,,,,,,,,,,,,,,,,,,,,,,,,,,,,,,,
7450000,-1511,-2377,660,198,298,-35515,-72,-6054,-632,-113,-4,-8760,1080,707,16579,539,-123,428,16579,1572000,1405000,1748000,1826000,442,614,238,331,,,,,,,,,,,,,,,,,,,,,,,,,,,,,,,,,,,,,,,,,,,,,,,,,,,,,,,,,,,,,,,,,,,,,,,,,,,,,,,,,,,,,,,,,,,,,,,,,,,,,
7503000,-3355,-2113,157,-46,1283,-38994,1697,-377,-750,-48,-4,-11960,1559,708,16626,561,-12,432,16626,1571000,1500000,1747000,1775000,607,107,341,60,,,,,,,,,,,,,,,,,,,,,,,,,,,,,,,,,,,,,,,,,,,,,,,,,,,,,,,,,,,,,,,,,,,,,,,,,,,,,,,,,,,,,,,,,,,,,,,,,,,,,
7550000,-2758,-2378,-366,-417,1465,-67803,598,-5260,-865,-71,-4,-12680,1559,706,16532,532,-65,423,16532,1450000,1543000,1761000,1811000,7603000,-3818,-1769,-171,-85,602,-57122,-194,49,-836,-4,-6529000,1725000,1799000,726,342,400,189,,,,,,,,,,,,,,,,,,,,,,,,,,,,,,,,,,,,,,,,,,,,,,,,,,,,,,,,,,,,,,,,,,,,,,,,,,,,,,,,,,,,,,,
7650000,-5286,-1418,448,572,913,-41802,-5016,-3673,-708,22,-8,-13400,1679,708,16626,565,62,432,16626,1549000,1461000,1752000,1811000,1155,517,653,2927703000,-6673,-2420,390,187,1372,-38567,-6664,-2880,-457,-57,-4,-11920,1760,709,16673,546,96,435,16673,1520000,1507000,1754000,1800000,850,-371,464,-202,,,,,,,,,,,,,,,,,,,,,,,,,,,,,,,,,,,,,,,,,,,,,,,,,,,,,,,,,,,,,,,,,,,,,,,,,,
7750000,-7454,-3161,-92,-649,1572,-34966,-8800,-682,-267,-118,-6,-10520,1800,708,16626,539,27,432,7803000,-7741,-3120,284,-430,1285,-15252,17139,-1659,106,-188,-8,-6520,959,708,16626,548,47,432,16626,1529000,1508000,1773000,1777850000,-6611,-713,-811,115,1459,10199,6275,842,77,18,-6,-5720,920,708,16626,528,108,432,16626,1594000,1475000,1753000,1767903000,-5840,-1371,-401,78,-313,16791,-1781,-682,76,2,-4,-4960,1400,709,16673,541,42,435,16673,1548000,1505000,1747000,1787950000,-4028,-2478,197,363,1605,10016,4871,-3002,-88,-87,-6,-5040,1480,708,16626,556,34,432,16626,1563000,1447000,1750000,1810000,1442,-1316,801,-731,,,,,,,,,,,,,
8003000,-2219,-1836,-118,121,1183,-2861,12073,-2697,-183,-20,-6,-4320,1600,708,16626,501,74,432,16626,1517000,1504000,1785000,1774000,1442,-1316,722,-659,,,,,,,,,,,,,,,,,,,,,,,,,,,,,,,,,,,,,,,,,,,,,,,,,,,,,,,,,,,,,,,,,,,,,,,,,,,,,,,,,,,,,,,,,,,,,,,,,,,,,
8050000,-644,-2065,476,-42,-218,11237,4016,-988,35,-37,-6,-239,1640,708,16626,540,-10,432,16626,1541000,1502000,1752000,1790000,1442,-138103000,546,-1905,183,-162,977,20514,7739,-1537,214,4,-6,2999,1960,708,16626,561,89,432,16626,1535000,1500000,1768000,1781000,1260,-1498,707,-840,,,,,,,,,,,,,,,,,,,,,,,,,,,,,,,,,,,,,,,,,,,,,,,,,,,,,,,,,,,,,,,,,,,,,,,,,,,,
8150000,1284,-1313,-407,-267,1163,-542,-5809,-3612,484,87,-6,6840,2320,709,16673,570,170,435,16673,1393000,1595000,1766000,1806000,1260,-1498,718,-854,,,,,,,,,,,,,,,,,,,,,,,,,,,,,,,,,,,,,,,,,,,,,,,,,,,,,,,,,,,,,,,,,,,,,,,,,,,,,,,,,,,,,,,,,,,,,,,,,,,,,
8203000,707,-957,-428,-466,1025,37360,1697,1087,779,234,-4,9639,3640,709,16673,541,42,435,16673,1554000,1520000,1765000,1760000,1260,-1498,682,-810,,,,,,,,,,,,,,,,,,,,,,,,,,,,,,,,,,,,,,,,,,,,,,,,,,,,,,,,,,,,,,,,,,,,,,,,,,,,,,,,,,,,,,,,,,,,,,,,,,,,,
8250000,3167,-1486,189,220,1943,66474,-15819,-72,739,215,-8,11640,3959,708,16626,550,73,432,16626,1618000,1415000,1720000,1815000,1260,-1498,693,-824,,,,,,,,,,,,,,,,,,,,,,,,,,,,,,,,,,,,,,,,,,,,,,,,,,,,,,,,,,,,,,,,,,,,,,,,,,,,,,,,,,,,,,,,,,,,,,,,,,,,,
8303000,4425,-1242,62,314,627,54816,-14354,-3368,968,362,-8,15520,5399,708,16626,583,69,432,16626,1514000,1488000,1798000,1774000,1260,-1498,735,-873,,,,,,,,,,,,,,,,,,,,,,,,,,,,,,,,,,,,,,,,,,,,,,,,,,,,,,,,,,,,,,,,,,,,,,,,,,,,,,,,,,,,,,,,,,,,,,,,,,,,,
8350000,5319,-2169,482,-66,517,71356,-16674,-927,893,355,-6,15559,6240,707,16579,583,20,428,16579,1600000,1429000,1757000,1791000,1260,-1498,735,-873,,,,,,,,,,,,,,,,,,,,,,,,,,,,,,,,,,,,,,,,,,,,,,,,,,,,,,,,,,,,,,,,,,,,,,,,,,,,,,,,,,,,,,,,,,,,,,,,,,,,,
8403000,8046,-3941,343,253,369,69037,-19786,354,659,242,-6,15599,6719,709,16673,573,55,435,16673,1624000,1418000,1734000,1800000,1453,-1127,832,-646,,,,,,,,,,,,,,,,,,,,,,,,,,,,,,,,,,,,,,,,,,,,,,,,,,,,,,,,,,,,,,,,,,,,,,,,,,,,,,,,,,,,,,,,,,,,,,,,,,,,,
8450000,9116,-4358,-291,-330,1568,47186,-24913,1087,565,206,-4,15599,6719,708,16626,577,153,432,16626,1575000,1492000,1729000,1794000,1453,-8503000,8456,-4411,333,-587,1055,38214,-17955,3589,553,135,-6,14800,5959,708,16626,619,196,432,16626,1576000,1527000,1716000,1782000,1453,-1127,899,-697,,,,,,,,,,,,,,,,,,,,,,,,,,,,,,,,,,,,,,,,,,,,,,,,,,,,,,,,,,,,,,,,,,,,,,,,,,,,
8550000,7604,-3936,-552,309,1743,36505,-21251,4688,589,145,-6,14359,5599,708,16626,622,267,432,16626,1599000,1519000,1704000,1782000,1453,-1127,904,-701,,,,,,,,,,,,,,,,,,,,,,,,,,,,,,,,,,,,,,,,,,,,,,,,,,,,,,,,,,,,,,,,,,,,,,,,,,,,,,,,,,,,,,,,,,,,,,,,,,,,,
8603000,6442,-3574,-277,-340,969,37604,-24669,6213,690,138,-6,14359,5160,709,16673,597,206,435,16673,1590000,1551000,1687000,1781000,1453,-1127,867,-673,,,,,,,,,,,,,,,,,,,,,,,,,,,,,,,,,,,,,,,,,,,,,,,,,,,,,,,,,,,,,,,,,,,,,,,,,,,,,,,,,,,,,,,,,,,,,,,,,,,,,
8650000,6557,-4380,-338,121,1421,39984,-25707,5115,345,-99,-4,10520,3239,709,16673,670,348,435,16673,1649000,1472000,1671000,1803000,1453,-1127,973,-755,,,,,,,,,,,,,,,,,,,,,,,,,,,,,,,,,,,,,,,,,,,,,,,,,,,,,,,,,,,,,,,,,,,,,,,,,,,,,,,,,,,,,,,,,,,,,,,,,,,,,
8703000,7038,-4189,202,246,467,19904,-6298,3406,272,-107,-4,10160,2960,709,16673,670,409,435,16673,1573000,1538000,1719000,1777000,1453,-1127,973,-755,,,,,,,,,,,,,,,,,,,,,,,,,,,,,,,,,,,,,,,,,,,,,,,,,,,,,,,,,,,,,,,,,,,,,,,,,,,,,,,,,,,,,,,,,,,,,,,,,,,,,
8750000,5304,-3333,-140,-582,1611,3546,293,1819,106,-172,-6,6519,1359,708,16626,706,609,432,16626,1595000,1487000,1721000,1789000,1453,-1127,1026,-796,,,,,,,,,,,,,,,,,,,,,,,,,,,,,,,,,,,,,,,,,,,,,,,,,,,,,,,,,,,,,,,,,,,,,,,,,,,,,,,,,,,,,,,,,,,,,,,,,,,,,
8803000,4305,-2411,138,-102,1397,-7744,10486,1026,71,-172,-4,5120,439,707,16579,723,655,428,16579,1558000,1521000,1737000,1780000,1453,-1127,1050,-815,,,,,,,,,,,,,,,,,,,,,,,,,,,,,,,,,,,,,,,,,,,,,,,,,,,,,,,,,,,,,,,,,,,,,,,,,,,,,,,,,,,,,,,,,,,,,,,,,,,,,
8850000,3360,-1886,393,157,655,-2251,-988,2185,-293,-154,-6,0,120,706,16532,764,608,423,16532,1613000,1469000,1707000,1793000,1589,436,1214,333,,,,,,,,,,,,,,,,,,,,,,,,,,,,,,,,,,,,,,,,,,,,,,,,,,,,,,,,,,,,,,,,,,,,,,,,,,,,,,,,,,,,,,,,,,,,,,,,,,,,,
8903000,2837,-941,-69,655,1330,-38079,3101,-194,-411,-71,-6,-1879,120,707,16579,768,579,428,16579,1527000,1533000,1748000,1780000,1732,13,1330,10,,,,,,,,,,,,,,,,,,,,,,,,,,,,,,,,,,,,,,,,,,,,,,,,,,,,,,,,,,,,,,,,,,,,,,,,,,,,,,,,,,,,,,,,,,,,,,,,,,,,,
8950000,-374,-1562,204,272,1382,-46624,354,415,-815,-132,-6,-9720,39,707,16579,795,534,428,16579,1588000,1472000,1713000,1805000,1436,116,1141,92,,,,,,,,,,,,,,,,,,,,,,,,,,,,,,,,,,,,,,,,,,,,,,,,,,,,,,,,,,,,,,,,,,,,,,,,,,,,,,,,,,,,,,,,,,,,,,,,,,,,,
9003000,-3065,-1019,-259,110,1251,-79583,3040,2979,-975,8,-6,-14240,1119,707,16579,797,1152,70,,,,,,,,,,,,,,,,,,,,,,,,,,,,,,,,,,,,,,,,,,,,,,,,,,,,,,,,,,,,,,,,,,,,,,,,,,,,,,,,,,,,,,,,,,,,,,,,,,,,,,,,,,,,,,
9050000,-6413,342,-147,171,1122,-95269,7617,-3307,-888,427,-6,-16600,4560,706,16532,823,438,423,16532,1447000,1560000,1798000,1759000,1266,158,1042,130,,,,,,,,,,,,,,,,,,,,,,,,,,,,,,,,,,,,,,,,,,,,,,,,,,,,,,,,,,,,,,,,,,,,,,,,,,,,,,,,,,,,,,,,,,,,,,,,,,,,,
9103000,-7767,961,-236,780,1185,-62615,-34069,3650,-735,1043,-6,-16200,10999,707,16579,841,472,428,16579,1584000,1530000,1747000,1741000,1065,631,895,531,,,,,,,,,,,,,,,,,,,,,,,,,,,,,,,,,,,,,,,,,,,,,,,,,,,,,,,,,,,,,,,,,,,,,,,,,,,,,,,,,,,,,,,,,,,,,,,,,,,,,
9150000,-8768,-1509,437,82,422,-54009,-60192,2124,-320,1034,-4,-12440,13360,707,16579,870,356,428,16579,1514000,1581000,1687000,1810000,925,214,805,186,,,,,,,,,,,,,,,,,,,,,,,,,,,,,,,,,,,,,,,,,,,,,,,,,,,,,,,,,,,,,,,,,,,,,,,,,,,,,,,,,,,,,,,,,,,,,,,,,,,,,
9203000,-10131,-3200,-137,64,1519,-36736,-65380,2796,-58,991,-4,-10800,14560,706,16532,913,404,423,16532,1547000,1560000,1712000,1781000,925,214,845,195,,,,,,,,,,,,,,,,,,,,,,,,,,,,,,,,,,,,,,,,,,,,,,,,,,,,,,,,,,,,,,,,,,,,,,,,,,,,,,,,,,,,,,,,,,,,,,,,,,,,,
9250000,-10289,-5899,-99,-213,572,-908,-59276,2796,325,822,-6,-6560,15320,706,16532,915,397,423,16532,1568000,1537000,1720000,1771000,1173,7609303000,-6891,-7725,71,421,638,25946,-47619,1819,685,781,-4,959,16680,706,16532,967,506,423,16532,1561000,1534000,1740000,1759000,566,485,547,469,,,,,,,,,,,,,,,,,,,,,,,,,,,,,,,,,,,,,,,,,,,,,,,,,,,,,,,,,,,,,,,,,,,,,,,,,,,,
9350000,-5636,-8962,736,-240,602,37970,-48168,4260,739,729,-4,2839,17320,706,16532,969,500,423,16532,1577000,1558000,1694000,1779000,636,117,617,113,,,,,,,,,,,,,,,,,,,,,,,,,,,,,,,,,,,,,,,,,,,,,,,,,,,,,,,,,,,,,,,,,,,,,,,,,,,,,,,,,,,,,,,,,,,,,,,,,,,,,
9403000,-3086,-9584,-330,214,1369,33698,-40661,3711,499,671,-6,2639,17279,707,16579,1027,592,428,16579,1575000,1551000,1714000,1764000,636,117,654,120,,,,,,,,,,,,,,,,,,,,,,,,,,,,,,,,,,,,,,,,,,,,,,,,,,,,,,,,,,,,,,,,,,,,,,,,,,,,,,,,,,,,,,,,,,,,,,,,,,,,,
9450000,159,-10608,-63,621,1057,35468,-23937,1697,303,282,-4,3640,13840,707,16579,1048,635,428,16579,1574000,1527000,1727000,1770000,636,117,667,122,,,,,,,,,,,,,,,,,,,,,,,,,,,,,,,,,,,,,,,,,,,,,,,,,,,,,,,,,,,,,,,,,,,,,,,,,,,,,,,,,,,,,,,,,,,,,,,,,,,,,
9503000,1358,-10313,-464,-312,989,22955,-16857,4627,97,-9,-4,2479,10200,706,16532,1032,449,423,16532,1587000,1555000,1686000,1775000,636,117,657,120,,,,,,,,,,,,,,,,,,,,,,,,,,,,,,,,,,,,,,,,,,,,,,,,,,,,,,,,,,,,,,,,,,,,,,,,,,,,,,,,,,,,,,,,,,,,,,,,,,,,,
9550000,1170,-9668,161,-157,884,20026,7434,720,100,-351,-6,2319,5639,706,16532,1043,452,423,16532,1570000,1518000,1706000,1796000,636,117,664,122,,,,,,,,,,,,,,,,,,,,,,,,,,,,,,,,,,,,,,,,,,,,,,,,,,,,,,,,,,,,,,,,,,,,,,,,,,,,,,,,,,,,,,,,,,,,,,,,,,,,,
9603000,2101,-7681,35,-28,1157,11420,21716,4749,-117,-659,-4,759,120,707,16579,1120,599,428,16579,1598000,1552000,1669000,1787000,636,117,713,131,,,,,,,,,,,,,,,,,,,,,,,,,,,,,,,,,,,,,,,,,,,,,,,,,,,,,,,,,,,,,,,,,,,,,,,,,,,,,,,,,,,,,,,,,,,,,,,,,,,,,
9650000,1924,-4840,550,237,543,-11040,46741,-1049,-154,-415,-4,160,79,706,16532,1155,643,423,16532,1513000,1556000,1773000,1745000,636,117,735,135,,,,,,,,,,,,,,,,,,,,,,,,,,,,,,,,,,,,,,,,,,,,,,,,,,,,,,,,,,,,,,,,,,,,,,,,,,,,,,,,,,,,,,,,,,,,,,,,,,,,,
9701000,1091,-2169,-379,-492,1105,-5669,50159,3162,-4,-297,-4,1040,-1239,706,16532,1173,664,423,16532,1581000,1547000,1744000,1730000,-429,-249,-504,-292,,,,,,,,,,,,,,,,,,,,,,,,,,,,,,,,,,,,,,,,,,,,,,,,,,,,,,,,,,,,,,,,,,,,,,,,,,,,,,,,,,,,,,,,,,,,,,,,,,,,,
9750000,1180,-45,457,-94,621,-4326,41919,-805,-12,9803000,2609,10,210,468,292,617,48450,5237,-130,-438,-2,1119,-5039,672,14978,1208,545,287,14978,1605000,1547000,1707000,1736000,-816,-220,-986,-266,,,,,,,,,,,,,,,,,,,,,,,,,,,,,,,,,,,,,,,,,,,,,,,,,,,,,,,,,,,,,,,,,,,,,,,,,,,,,,,,,,,,,,,,,,,
9850000,1610,1129,481,-257,782,2081,47839,1270,-42,-344,0,1119,-5080,654,14186,1236,558,215,14186,1486000,1501000,1705000,1691000,-816,-220,-1009,-272,,,,,,,,,,,,,,,,,,,,,,,,,,,,,,,,,,,,,,,,,,,,,,,,,,,,,,,,,,,,,,,,,,,,,,,,,,,,,,,,,,,,,,,,,,,,,,,,,,,,,
9903000,1813,2662,-104,341,1139,1471,41980,5115,9,-204,-2,1919,-5000,638,13500,1261,497,152,13500,1523000,1484000,1675000,1649000,-448,553,-565,697,,,,,,,,,,,,,,,,,,,,,,,,,,,,,,,,,,,,,,,,,,,,,,,,,,,,,,,,,,,,,,,,,,,,,,,,,,,,,,,,,,,,,,,,,,,,,,,,,,,,,
9950000,999,2673,183,251,674,7025,44238,1758,38,-206,0,1440,-5039,564,10550,1283,446,0,10550,1471000,1390000,1686000,1600000,-448,553,-575,710,,,,,,,,,,,,,,,,,,,,,,,,,,,,,,,,,,,,,,,,,,,,,,,,,,,,,,,,,,,,,,,,,,,,,,,,,,,,,,,,,,,,,,,,,,,,,,,,,,,,,
10003000,1474,2878,343,-214,615,17645,35571,2673,-34,-125,0,1080,-4320,533,9422,1308,346,0,9422,1422000,1294000,1614000,1552000,-752,274,-983,358,,,,,,,,,,,,,,,,,,,,,,,,,,,,,,,,,,,,,,,,,,,,,,,,,,,,,,,,,,,,,,,,,,,,,,,,,,,,,,,,,,,,,,,,,,,,,,,,,,,,,
10050000,3307,3205,168,559,506,-10186,14392,6641,-190,-97,-2,1119,-4320,534,9458,1333,150,0,9458,1378000,1423000,154200010103000,2068,3265,-657,813,1353,-28008,14636,6458,-110,-60,-2,799,-3960,531,9352,1320,-95,0,9352,1324000,1465000,1560000,1546000,-1118,-74,-1476,-98,,,,,,,,,,,,,,,,,,,,,,,,,,,,,,,,,,,,,,,,,,,,,,,,,,,,,,,,,,,,,,,,,,,,,,,,,,,,,,,
10150000,2223,5321,371,543,-74,-31182,21411,11829,-295,157,4,-1160,-3520,533,9422,1333,-441,0,9422,1383000,1510000,1532000,1486000,-862,326,-1150,434,,,,,,,,,,,,,,,,,,,,,,,,,,,,,,,,,,,,,,,,,,,,,,,,,,,,,,,,,,,,,,,,,,,,,,,,,,,,,,,,,,,,,,,,,,,,,,,,,,,,,
10203000,-939,4872,-56,683,1541,-33989,-5138,4260,-357,271,-4,-5040,-1760,531,9352,1313,-458,0,9352,1354000,1409000,1566000,1561000,-1293,215,-1697,282,,,,,,,,,,,,,,,,,,,,,,,,,,,,,,,,,,,,,,,,,,,,,,,,,,,,,,,,,,,,,,,,,,,,,,,,,,,,,,,,,,,,,,,,,,,,,,,,,,,,,
10250000,-990,5597,1174,-795,-397,-28374,-11,3833,-629,415,0,-8200,-839,545,9851,1316,-504,0,9851,1439000,1359000,1660000,1478000,-1082,193,-1425,255,,,,,,,,,,,,,,,,,,,,,,,,,,,,,,,,,,,,,,,,,,,,,,,,,,,,,,,,,,,,,,,,,,,,,,,,,,,,,,,,,,,,,,,,,,,,,,,,,,,,,
10303000,-825,4958,-647,854,1918,-86052,-32665,6213,-915,383,-2,-11320,-559,578,11081,1291,-621,0,11081,1384000,1505000,1547000,1608000,-975,336,-1259,434,,,,,,,,,,,,,,,,,,,,,,,,,,,,,,,,,,,,,,,,,,,,,,,,,,,,,,,,,,,,,,,,,,,,,,,,,,,,,,,,,,,,,,,,,,,,,,,,,,,,,
10350000,-2068,3907,216,-160,789,-53093,-23143,5786,-880,295,-4,-12160,-520,603,12060,1262,-672,11,12060,1478000,1493000,1566000,1657000,-780,277,-985,350,,,,,,,,,,,,,,,,,,,,,,,,,,,,,,,,,,,,,,,,,,,,,,,,,,,,,,,,,,,,,,,,,,,,,,,,,,,,,,,,,,,,,,,,,,,,,,,,,,,,,
10403000,-6421,2857,-517,-115,299,-69207,-18505,3589,-514,123,-4,-12320,-1440,659,14404,1214,-957,235,14404,1464000,1597000,1677000,1675000,-1158,50,-1406,60,,,,,,,,,,,,,,,,,,,,,,,,,,,,,,,,,,,,,,,,,,,,,,,,,,,,,,,,,,,,,,,,,,,,,,,,,,,,,,,,,,,,,,,,,,,,,,,,,,,,,
10450000,-6563,2089,238,-9,924,-20745,9692,1697,-422,-2,-6,-11400,-2120,682,15427,1174,-992,327,15427,1602000,1488000,1751000,1663,153,,,,,,,,,,,,,,,,,,,,,,,,,,,,,,,,,,,,,,,,,,,,,,,,,,,,,,,,,,,,,,,,,,,,,,,,,,,,,,,,,,,,,,,,,,,,,,,,,,,,,,,,
10503000,-7291,2660,-221,-251,969,-17449,13294,-1598,46,-33,-6,-6760,-3040,709,16673,1147,-1024,435,16673,1514000,1595000,1774000,1723000,-1251,-77,-1434,-89,,,,,,,,,,,,,,,,,,,,,,,,,,,,,,,,,,,,,,,,,,,,,,,,,,,,,,,,,,,,,,,,,,,,,,,,,,,,,,,,,,,,,,,,,,,,,,,,,,,,,
10550000,-6111,1413,-92,14,1185,14960,14636,-1781,337,-114,-4,-2239,-2719,710,16720,1106,-980,439,16720,1575000,1537000,1775000,1724000,-1420,-80,-1570,-89,,,,,,,,,,,,,,,,,,,,,,,,,,,,,,,,,,,,,,,,,,,,,,,,,,,,,,,,,,,,,,,,,,,,,,,,,,,,,,,,,,,,,,,,,,,,,,,,,,,,,
10603000,-3791,460,-219,-484,1342,41083,14087,1148,962,-193,-2,7240,-2680,710,16720,1046,-837,439,16720,1508000,1635000,1735000,1730000,-1230,-238,-1286,-249,,,,,,,,,,,,,,,,,,,,,,,,,,,,,,,,,,,,,,,,,,,,,,,,,,,,,,,,,,,,,,,,,,,,,,,,,,,,,,,,,,,,,,,,,,,,,,,,,,,,,
10650000,-960,1483,-91,222,1256,50238,31177,-2880,1148,-100,0,12200,-2640,710,16720,1019,-904,439,16720,1517000,1579000,1809000,1695000,-1412,-386,-1438,-393,,,,,,,,,,,,,,,,,,,,,,,,,,,,,,,,,,,,,,,,,,,,,,,,,,,,,,,,,,,,,,,,,,,,,,,,,,,,,,,,,,,,,,,,,,,,,,,,,,,,,
10703000,1390,1260,140,423,725,90277,12378,-866,1177,-78,-2,14879,-2159,709,16673,966,-873,435,16673,1644000,1469000,1760000,1730000,-1537,-363,-1484,-351,,,,,,,,,,,,,,,,,,,,,,,,,,,,,,,,,,,,,,,,,,,,,,,,,,,,,,,,,,,,,,,,,,,,,,,,,,,,,,,,,,,,,,,,,,,,,,,,,,,,,
10750000,5119,302,-17,-458,857,99799,11157,-3673,939,-106,-2,15880,-1519,709,16673,941,-837,435,16673,1632000,1435000,1773000,1746000,-1344,-455,-1264,-428,,,,,,,,,,,,,,,,,,,,,,,,,,,,,,,,,,,,,,,,,,,,,,,,,,,,,,,,,,,,,,,,,,,,,,,,,,,,,,,,,,,,,,,,,,,,,,,,,,,,,
10803000,7852,459,-139,-340,1349,62811,6580,-72,581,12,-2,14519,-319,711,16767,899,-771,444,16767,1589000,1546000,1747000,1739000,-1497,-334,-1346,-300,,,,,,,,,,,,,,,,,,,,,,,,,,,,,,,,,,,,,,,,,,,,,,,,,,,,,,,,,,,,,,,,,,,,,,,,,,,,,,,,,,,,,,,,,,,,,,,,,,,,,
10850000,9604,437,374,529,496,43890,4993,-4039,184,-56,-4,11719,-1080,710,16720,876,-717,439,16720,1616000,1446000,1766000,1763000,-1610,-164,-1410,-144,,,,,,,,,,,,,,,,,,,,,,,,,,,,,,,,,,,,,,,,,,,,,,,,,,,,,,,,,,,,,,,,,,,,,,,,,,,,,,,,,,,,,,,,,,,,,,,,,,,,,
10903000,10897,-1905,431,56,263,25092,10791,-4955,75,-340,-2,11759,-2000,711,16767,848,-679,444,16767,1585000,1486000,1775000,1773000,-1551,48,-1315,40,,,,,,,,,,,,,,,,,,,,,,,,,,,,,,,,,,,,,,,,,,,,,,,,,,,,,,,,,,,,,,,,,,,,,,,,,,,,,,,,,,,,,,,,,,,,,,,,,,,,,
10950000,9574,-1586,-339,49,1681,-115,20801,-1720,-81,-937,-2,8640,-9160,712,16814,841,-543,448,16814,1561000,1548000,1722000,1787000,-1449,29,-1218,24,,,,,,,,,,,,,,,,,,,,,,,,,,,,,,,,,,,,,,,,,,,,,,,,,,,,,,,,,,,,,,,,,,,,,,,,,,,,,,,,,,,,,,,,,,,,,,,,,,,,,
11003000,7312,-997,-237,-630,804,-9148,57300,-2758,-372,-984,-2,3039,-10280,11050000,6874,168,565,984,608,-19829,74207,-5138,-578,-997,17,500,17434,1578000,1484000,1811000,1740000,-1339,445,-1023,340,,,,,,,,,,,,,,,,,,,,,,,,,,,,,,,,,,,,,,,,,,,,,,,,,,,,,,,,,,,,,,,,,,,,,,,,,,,,,,,,,,,,,,,,,,,,,
11103000,3667,2716,449,219,650,-39971,73779,-4161,-599,-691,0,-3200,-10640,733,17821,750,-447,531,17821,1576000,1545000,1843000,1728000,6,458,,,,,,,,,,,,,,,,,,,,,,,,,,,,,,,,,,,,,,,,,,,,,,,,,,,,,,,,,,,,,,,,,,,,,,,,,,,,,,,,,,,,,,,,,,,,,,,,,,,,,,,
11150000,2928,4070,-244,581,1023,-52971,48999,-2269,-615,11203000,233,4204,588,361,513,-48882,34961,-3917,-428,-404,-4,-4680,-8839,740,18163,701,-339,560,18163,1586000,1548000,1818000,1770000,-1205,796,-845,558,,,,,,,,,,,,,,,,,,,,,,,,,,,,,,,,,,,,,,,,,,,,,,,,,,,,,,,,,,,,,,,,,,,,,,,,,,,,,,,,,,,,,,,,,,,
11250000,-63,4730,-210,365,862,-31487,29163,354,-479,-72,-4,-5560,-5560,741,18212,683,-271,5600,1552000,1832000,1712000,-897,224,-612,153,,,,,,,,,,,,,,,,,,,,,,,,,,,,,,,,,,,,,,,,,,,,,,,,,,,,,,,,,,,,,,,,,,,,,,,,,,,,,,,,,,,,,,,,,,,,,,,,,,,,,,,
11303000,-2146,3279,652,685,-405,-26543,354,-4711,-297,83,-4,-5560,-2320,740,18163,673,-170,560,18163,1570000,1552000,1812000,1787000,-515,589,-347,11350000,-2508,1743,-143,485,174,-39177,-17467,-1415,-81,131,-9,1511000,1576000,1758000,1750000,-166,547,-109,359,,,,,,,,,,,,,,,,,,,,,,,,,,,,,,,,,,,,,,,,,,,,,,,,,,,,,,,,,,,,,,,,,,,,,,,,,,,,,,,,,,
11403000,-2489,125,466,136,703,2387,-38585,-2880,4,642,-4,-2439,7240,706,16532,652,-160,423,16532,1583000,1475000,1789000,1733000,415,373,11450000,-1298,-1225,-296,676,661,-5486,-58910,964,116,842,-4,39,10880,707,16579,618,-196,428,16579,1543000,1576000,1753000,1732000,597,38,369,23,,,,,,,,,,,,,,,,,,,,,,,,,,,,,,,,,,,,,,,,,,,,,,,,,,,,,,,,,,,,,,,,,,,,,,,,,,,
11503000,-830,-4288,-412,5,1387,-15313,-63366,-2758,163,760,-2,1040,13000,706,16532,583,-235,423,16532,1487000,1574000,1760000,1761000,994,-58,579,-34,,,,,,,,,,,,,,,,,,,,,,,,,,,,,,,,,,,,,,,,,,,,,,,,,,,,,,,,,,,,,,,,,,,,,,,,,,,,,,,,,,,,,,,,,,,,,,,,,,,,,
11550000,-650,-6405,224,-257,943,23261,-71361,-744,322,676,-4,3039,14159,706,16532,588,-232,423,16532,1585000,1502000,1734000,1769000,1073,87,631,51,,,,,,,,,,,,,,,,,,,,,,,,,,,,,,,,,,,,,,,,,,,,,,,,,,,,,,,,,,,,,,,,,,,,,,,,,,,,,,,,,,,,,,,,,,,,,,,,,,,,,
11603000,3415,-9552,487,313,355,33148,-73803,-3185,106,496,-6,4640,15240,707,16579,541,-282,428,16579,1610000,1434000,1731000,1801000,1339,-175,724,-94,,,,,,,,,,,,,,,,,,,,,,,,,,,,,,,,,,,,,,,,,,,,,,,,,,,,,,,,,,,,,,,,,,,,,,,,,,,,,,,,,,,,,,,,,,,,,,,,,,,,,
11650000,3439,-10991,-208,-550,1311,21857,-56041,-499,101,321,-4,4600,14679,707,16579,546,-229,428,16579,1580000,1508000,1730000,1771000,1407,-317,768,-173,,,,,,,,,,,,,,,,,,,,,,,,,,,,,,,,,,,,,,,,,,,,,,,,,,,,,,,,,,,,,,,,,,,,,,,,,,,,,,,,,,,,,,,,,,,,,,,,,,,,,
11703000,3838,-11148,707,211,71,19660,-40783,-4589,122,210,-2,5239,13559,707,16579,548,-231,428,16579,1557000,1475000,1755000,1791000,1002,-258,549,-141,,,,,,,,,,,,,,,,,,,,,,,,,,,,,,,,,,,,,,,,,,,,,,,,,,,,,,,,,,,,,,,,,,,,,,,,,,,,,,,,,,,,,,,,,,,,,,,,,,,,,
11750000,3575,-10244,-314,-466,1695,14044,-39745,-499,162,104,-4,5439,11440,706,16532,548,-183,423,16532,1563000,1523000,1689000,1812000,1044,-349,572,-191,,,,,,,,,,,,,,,,,,,,,,,,,,,,,,,,,,,,,,,,,,,,,,,,,,,,,,,,,,,,,,,,,,,,,,,,,,,,,,,,,,,,,,,,,,,,,,,,,,,,,
11801000,3612,-9549,157,513,2099,27533,-42553,-2575,-39,-58,-4,3159,8880,707,16579,552,-10,428,16579,1602000,1445000,1690000,1834000,794,-636,438,-351,,,,,,,,,,,,,,,,,,,,,,,,,,,,,,,,,,,,,,,,,,,,,,,,,,,,,,,,,,,,,,,,,,,,,,,,,,,,,,,,,,,,,,,,,,,,,,,,,,,,,
11850000,3495,-8975,-250,-181,1629,-15007,-13195,-7091,-4,-409,-2,3440,4279,707,16579,554,140,428,16579,1395000,1580000,1772000,1807000,674,-419,373,-232,,,,,,,,,,,,,,,,,,,,,,,,,,,,,,,,,,,,,,,,,,,,,,,,,,,,,,,,,,,,,,,,,,,,,,,,,,,,,,,,,,,,,,,,,,,,,,,,,,,,,
11903000,2968,-8728,140,-497,1709,-2007,8838,-2697,-53,-510,-6,2360,2880,707,16579,550,129,428,16579,1536000,1508000,1739000,1797000,565,-207,311,-114,,,,,,,,,,,,,,,,,,,,,,,,,,,,,,,,,,,,,,,,,,,,,,,,,,,,,,,,,,,,,,,,,,,,,,,,,,,,,,,,,,,,,,,,,,,,,,,,,,,,,
11950000,3608,-5477,-177,690,1609,-6829,18970,-1293,-231,-408,-4,959,799,707,16579,533,60,428,16579,1538000,1526000,1736000,1788000,513,-407,273,-217,,,,,,,,,,,,,,,,,,,,,,,,,,,,,,,,,,,,,,,,,,,,,,,,,,,,,,,,,,,,,,,,,,,,,,,,,,,,,,,,,,,,,,,,,,,,,,,,,,,,,
12003000,2368,-3755,-472,128,1617,-26848,30689,-9472,-227,-324,-4,-239,39,707,16579,576,125,428,16579,1442000,1490000,1819000,1789000,312,-147,179,-84,,,,,,,,,,,,,,,,,,,,,,,,,,,,,,,,,,,,,,,,,,,,,,,,,,,,,,,,,,,,,,,,,,,,,,,,,,,,,,,,,,,,,,,,,,,,,,,,,,,,,
12050000,1210,-3284,48,-85,821,-7317,26172,-3795,-126,-276,-4,-239,120,707,16579,551,155,428,16579,1532000,1484000,1771000,1784000,191,-189,105,-104,,,,,,,,,,,,,,,,,,,,,,,,,,,,,,,,,,,,,,,,,,,,,,,,,,,,,,,,,,,,,,,,,,,,,,,,,,,,,,,,,,,,,,,,,,,,,,,,,,,,,
12103000,906,-3216,335,-561,802,-17449,24585,-9716,-100,-273,-2,-239,79,707,16579,566,174,428,16579,1459000,1466000,1799000,1818000,23,-225,13,-127,,,,,,,,,,,,,,,,,,,,,,,,,,,,,,,,,,,,,,,,,,,,,,,,,,,,,,,,,,,,,,,,,,,,,,,,,,,,,,,,,,,,,,,,,,,,,,,,,,,,,
12150000,215,-286,-331,428,1213,-21294,28491,-3246,-46,-14,-6,-320,120,707,16579,558,232,428,16579,1496000,1521000,1805000,1753000,-177,-387,-99,-216,,,,,,,,,,,,,,,,,,,,,,,,,,,,,,,,,,,,,,,,,,,,,,,,,,,,,,,,,,,,,,,,,,,,,,,,,,,,,,,,,,,,,,,,,,,,,,,,,,,,,
12203000,246,96,-138,411,826,-2556,16651,-5687,-14,11,-4,79,39,707,16579,580,210,428,16579,1521000,1454000,1797000,1788000,-63,-596,-36,-345,,,,,,,,,,,,,,,,,,,,,,,,,,,,,,,,,,,,,,,,,,,,,,,,,,,,,,,,,,,,,,,,,,,,,,,,,,,,,,,,,,,,,,,,,,,,,,,,,,,,,
12250000,383,-161,-494,-298,1729,-9453,3406,-6664,88,-7,-2,1400,79,707,16579,570,247,428,16579,1434000,1522000,1781000,1814000,60,-401,34,-228,,,,,,,,,,,,,,,,,,,,,,,,,,,,,,,,,,,,,,,,,,,,,,,,,,,,,,,,,,,,,,,,,,,,,,,,,,,,,,,,,,,,,,,,,,,,,,,,,,,,,
12303000,287,21,-212,-452,1287,-3899,3528,-4406,495,8,-2,5959,79,707,16579,600,256,428,16579,1412000,1568000,1773000,1802000,-54,-438,-32,-263,,,,,,,,,,,,,,,,,,,,,,,,,,,,,,,,,,,,,,,,,,,,,,,,,,,,,,,,,,,,,,,,,,,,,,,,,,,,,,,,,,,,,,,,,,,,,,,,,,,,,
12350000,2069,-1430,368,-111,1109,36322,4138,-6908,629,-86,-2,9280,439,708,16626,600,262,432,16626,1521000,1426000,1788000,1815000,291,229,174,137,,,,,,,,,,,,,,,,,,,,,,,,,,,,,,,,,,,,,,,,,,,,,,,,,,,,,,,,,,,,,,,,,,,,,,,,,,,,,,,,,,,,,,,,,,,,,,,,,,,,,
12403000,4872,-357,456,-85,1174,42548,2551,-7274,786,10,0,13880,480,707,16579,612,276,428,16579,1476000,1466000,1798000,1809000,89,-608,54,-372,,,,,,,,,,,,,,,,,,,,,,,,,,,,,,,,,,,,,,,,,,,,,,,,,,,,,,,,,,,,,,,,,,,,,,,,,,,,,,,,,,,,,,,,,,,,,,,,,,,,,
12450000,6229,220,-472,188,1294,29852,2429,-3612,863,57,0,16119,439,707,16579,612,285,428,16579,1440000,1552000,1784000,1791000,265,-437,162,-267,,,,,,,,,,,,,,,,,,,,,,,,,,,,,,,,,,,,,,,,,,,,,,,,,,,,,,,,,,,,,,,,,,,,,,,,,,,,,,,,,,,,,,,,,,,,,,,,,,,,,
12503000,6527,-19,-372,370,1836,53107,-621,-3185,920,36,-2,17080,439,706,16532,635,310,423,16532,1521000,1476000,1779000,1792000,106,-754,67,-479,,,,,,,,,,,,,,,,,,,,,,,,,,,,,,,,,,,,,,,,,,,,,,,,,,,,,,,,,,,,,,,,,,,,,,,,,,,,,,,,,,,,,,,,,,,,,,,,,,,,,
12550000,6802,-1328,261,-228,1768,62140,-12462,1026,900,-77,0,17119,439,707,16579,644,388,428,16579,1551000,1508000,1721000,1806000,60,-636,39,-409,,,,,,,,,,,,,,,,,,,,,,,,,,,,,,,,,,,,,,,,,,,,,,,,,,,,,,,,,,,,,,,,,,,,,,,,,,,,,,,,,,,,,,,,,,,,,,,,,,,,,
12603000,8439,-1711,22,-353,1185,48041,537,-1659,907,-83,0,18840,759,707,16579,686,305,428,16579,1502000,1515000,1767000,1791000,134,-463,92,-317,,,,,,,,,,,,,,,,,,,,,,,,,,,,,,,,,,,,,,,,,,,,,,,,,,,,,,,,,,,,,,,,,,,,,,,,,,,,,,,,,,,,,,,,,,,,,,,,,,,,,
12650000,9192,-1536,-159,280,1313,47858,-255,-5077,838,12703000,9848,-1796,-457,284,1913,42670,1636,-2269,599,-80,0,16720,880,707,16579,740,508,428,16579,1498000,1503000,1776000,1790000,193,-285,143,-211,,,,,,,,,,,,,,,,,,,,,,,,,,,,,,,,,,,,,,,,,,,,,,,,,,,,,,,,,,,,,,,,,,,,,,,,,,,,,,,,,,,,,,,,,,,
12750000,10823,-2462,251,-301,1134,37299,6336,-3551,74,-207,-2,11680,79,706,16532,782,585,423,16532,1570000,1392000,1784000,1797000,-3,44,-2,35,,,,,,,,,,,,,,,,,,,,,,,,,,,,,,,,,,,,,,,,,,,,,,,,,,,,,,,,,,,,,,,,,,,,,,,,,,,,,,,,,,,,,,,,,,,,,,,,,,,,,
12803000,10288,-738,491,-60,993,5255,842,-5077,-489,-57,-2,4679,79,707,16579,796,611,428,16579,1516000,1435000,1774000,1825000,-70,193,-55,154,,,,,,,,,,,,,,,,,,,,,,,,,,,,,,,,,,,,,,,,,,,,,,,,,,,,,,,,,,,,,,,,,,,,,,,,,,,,,,,,,,,,,,,,,,,,,,,,,,,,,
12850000,8071,-989,-239,643,19,-36919,-7396,415,-829,-79,-2,-1440,79,706,16532,842,517,423,16532,1505000,1528000,1725000,1816000,106,554,90,466,,,,,,,,,,,,,,,,,,,,,,,,,,,,,,,,,,,,,,,,,,,,,,,,,,,,,,,,,,,,,,,,,,,,,,,,,,,,,,,,,,,,,,,,,,,,,,,,,,,,,
12903000,3208,-973,-483,-30,1393,-73479,598,-5382,-569,-74,-4,-3320,120,702,16345,799,511,408,16345,1370000,1546000,1799000,1800000,111,736,88,588,,,,,,,,,,,,,,,,,,,,,,,,,,,,,,,,,,,,,,,,,,,,,,,,,,,,,,,,,,,,,,,,,,,,,,,,,,,,,,,,,,,,,,,,,,,,,,,,,,,,,
12950000,81,-1711,291,202,965,-39483,7434,-866,-565,-142,0,-6399,79,703,16392,845,451,412,16392,1544000,1456000,1754000,1800000,13,1203,11,1017,,,,,,,,,,,,,,,,,,,,,,,,,,,,,,,,,,,,,,,,,,,,,,,,,,,,,,,,,,,,,,,,,,,,,,,,,,,,,,,,,,,,,,,,,,,,,,,,,,,,,
13003000,-1635,-827,381,323,1090,-28740,8411,-4406,-496,-61,-2,-7319,120,703,16392,834,392,412,16392,1533000,1404000,1775000,1816000,-81,1173,-68,978,,,,,,,,,,,,,,,,,,,,,,,,,,,,,,,,,,,,,,,,,,,,,,,,,,,,,,,,,,,,,,,,,,,,,,,,,,,,,,,,,,,,,,,,,,,,,,,,,,,,,
13050000,-3385,-366,-14,-443,1315,-35515,-6115,1392,-521,-24,-2,-9360,79,703,16392,872,368,412,16392,1546000,1482000,1713000,1816000,-46,1182,-40,1030,,,,,,,,,,,,,,,,,,,,,,,,,,,,,,,,,,,,,,,,,,,,,,,,,,,,,,,,,,,,,,,,,,,,,,,,,,,,,,,,,,,,,,,,,,,,,,,,,,,,,
13103000,-4319,-215,51,-405,1033,-42901,-10265,2490,-541,-11,0,-10520,79,703,16392,851,256,412,16392,1481000,1565000,1719000,1801000,-76,1233,-65,1049,,,,,,,,,,,,,,,,,,,,,,,,,,,,,,,,,,,,,,,,,,,,,,,,,,,,,,,,,,,,,,,,,,,,,,,,,,,,,,,,,,,,,,,,,,,,,,,,,,,,,
13150000,-6320,-1665,-21,237,1390,-60540,-194,903,-436,-138,-2,-11320,79,702,16345,865,265,408,16345,1452000,1563000,1735000,1802000,-19,764,-16,661,,,,,,,,,,,,,,,,,,,,,,,,,,,,,,,,,,,,,,,,,,,,,,,,,,,,,,,,,,,,,,,,,,,,,,,,,,,,,,,,,,,,,,,,,,,,,,,,,,,,,
13203000,-8171,-1472,-385,-57,1674,-44671,8289,110,-334,-118,-4,-12000,120,702,16345,876,292,408,16345,1460000,1541000,1756000,1789000,-77,1092,-68,957,,,,,,,,,,,,,,,,,,,,,,,,,,,,,,,,,,,,,,,,,,,,,,,,,,,,,,,,,,,,,,,,,,,,,,,,,,,,,,,,,,,,,,,,,,,,,,,,,,,,,
13250000,-8417,-91,378,677,86,-14214,12561,537,-347,2,-4,-12400,120,701,16298,878,272,403,16298,1545000,1463000,1764000,1778000,76,1485,66,1304,,,,,,,,,,,,,,,,,,,,,,,,,,,,,,,,,,,,,,,,,,,,,,,,,,,,,,,,,,,,,,,,,,,,,,,,,,,,,,,,,,,,,,,,,,,,,,,,,,,,,
13303000,-6705,918,249,484,1345,-22393,4016,537,-563,87,-2,-13160,79,700,16252,906,337,399,16252,1540000,1468000,1759000,1780000,20,1147,18,1039,,,,,,,,,,,,,,,,,,,,,,,,,,,,,,,,,,,,,,,,,,,,,,,,,,,,,,,,,,,,,,,,,,,,,,,,,,,,,,,,,,,,,,,,,,,,,,,,,,,,,
13350000,-6792,1075,-24,-210,1212,-42168,-6359,1392,-635,167,-2,-14080,840,701,16298,953,395,403,16298,1493000,1532000,1739000,1792000,122,1202,117,1145,,,,,,,,,,,,,,,,,,,,,,,,,,,,,,,,,,,,,,,,,,,,,,,,,,,,,,,,,,,,,,,,,,,,,,,,,,,,,,,,,,,,,,,,,,,,,,,,,,,,,
13403000,-8160,628,1,-368,1090,-46380,-9777,2673,-551,149,0,-14480,1080,702,16345,954,356,408,16345,1494000,1553000,1724000,1793000,-121,996,-115,950,,,,,,,,,,,,,,,,,,,,,,,,,,,,,,,,,,,,,,,,,,,,,,,,,,,,,,,,,,,,,,,,,,,,,,,,,,,,,,,,,,,,,,,,,,,,,,,,,,,,,
13450000,-8397,68,-251,101,360,-34905,-6786,-2025,-635,215,-2,-15680,2400,701,16298,983,283,403,16298,1518000,1456000,1781000,1785000,230,854,226,839,,,,,,,,,,,,,,,,,,,,,,,,,,,,,,,,,,,,,,,,,,,,,,,,,,,,,,,,,,,,,,,,,,,,,,,,,,,,,,,,,,,,,,,,,,,,,,,,,,,,,
13503000,-7697,-1151,-679,309,2013,-41741,-12340,1636,-818,143,-2,-17080,2799,700,16252,1026,524,399,16252,1512000,1517000,1733000,1792000,145,1022,148,1048,,,,,,,,,,,,,,,,,,,,,,,,,,,,,,,,,,,,,,,,,,,,,,,,,,,,,,,,,,,,,,,,,,,,,,,,,,,,,,,,,,,,,,,,,,,,,,,,,,,,,
13550000,-8422,-2123,40,137,1646,-45220,-19481,3650,-870,114,-2,-18400,3440,702,16345,1042,576,408,16345,1546000,1517000,1717000,1790000,103,865,107,901,,,,,,,,,,,,,,,,,,,,,,,,,,,,,,,,,,,,,,,,,,,,,,,,,,,,,,,,,,,,,,,,,,,,,,,,,,,,,,,,,,,,,,,,,,,,,,,,,,,,,
13603000,-9003,-2092,-14,345,1040,-44487,-7213,537,-788,54,-2,-18040,2720,701,16298,1089,568,403,16298,1516000,1501000,1742000,1796000,184,924,200,1006,,,,,,,,,,,,,,,,,,,,,,,,,,,,,,,,,,,,,,,,,,,,,,,,,,,,,,,,,,,,,,,,,,,,,,,,,,,,,,,,,,,,,,,,,,,,,,,,,,,,,
13650000,-8556,-2875,373,-51,1210,-44976,-2819,659,-583,-184,-2,-15240,759,701,16298,1094,526,403,16298,1475000,1543000,1735000,1800000,-108,220,-118,241,,,,,,,,,,,,,,,,,,,,,,,,,,,,,,,,,,,,,,,,,,,,,,,,,,,,,,,,,,,,,,,,,,,,,,,,,,,,,,,,,,,,,,,,,,,,,,,,,,,,,
13703000,-9668,-1377,278,585,73,-36736,6091,3833,-28,-116,-2,-10000,39,702,16345,1135,522,408,16345,1444000,1611000,1736000,1766000,-42,273,-47,309,,,,,,,,,,,,,,,,,,,,,,,,,,,,,,,,,,,,,,,,,,,,,,,,,,,,,,,,,,,,,,,,,,,,,,,,,,,,,,,,,,,,,,,,,,,,,,,,,,,,,
13750000,-9563,14,233,-404,82,-11651,14209,-1598,276,8,-2,-6399,79,701,16298,1157,597,403,16298,1449000,1536000,1795000,1761000,-89,359,-103,416,,,,,,,,,,,,,,,,,,,,,,,,,,,,,,,,,,,,,,,,,,,,,,,,,,,,,,,,,,,,,,,,,,,,,,,,,,,,,,,,,,,,,,,,,,,,,,,,,,,,,
13803000,-6558,-1209,520,75,551,25458,1636,4077,97,-98,0,-5440,79,701,16298,1172,531,403,16298,1583000,1489000,1715000,1780000,187,136,220,159,,,,,,,,,,,,,,,,,,,,,,,,,,,,,,,,,,,,,,,,,,,,,,,,,,,,,,,,,,,,,,,,,,,,,,,,,,,,,,,,,,,,,,,,,,,,,,,,,,,,,
13850000,-3626,-1000,13,-411,125,21063,9937,1758,-43,-83,0,-4120,39,701,16298,1193,438,403,16298,1552000,1489000,1771000,174813903000,-1652,29,169,-279,1191,922,-1293,964,56,6,-4,-1000,39,701,16298,1224,454,403,16298,1478000,1549000,1749000,1713950000,-1371,1076,-541,-188,1692,13739,1819,-1903,95,100,-2,-280,79,701,16298,1244,471,403,16298,1543000,1441000,1768000,1714003000,-988,461,-369,-546,1644,21674,6946,2124,218,43,-2,1519,39,701,16298,1254,479,403,16298,1553000,1494000,1755000,1761000,130,-451,163,-566,,,,,,,,,,,,,,,,,,,,,,,,,,,,,,,,
14050000,1371,-513,-84,379,1191,19843,3650,-72,170,-37,-2,3320,79,701,16298,1268,495,403,16298,1526000,1492000,1745000,1792000,-104,-756,-131,-958,,,,,,,,,,,,,,,,,,,,,,,,,,,,,,,,,,,,,,,,,,,,,,,,,,,,,,,,,,,,,,,,,,,,,,,,,,,,,,,,,,,,,,,,,,,,,,,,,,,,,
14103000,1422,-1149,-413,34,2077,23200,16345,2979,287,-61,0,4719,439,622,12832,1285,547,87,12832,1507000,1455000,1724000,1707000,0,-758,0,-974,,,,,,,,,,,,,,,,,,,,,,,,,,,,,,,,,,,,,,,,,,,,,,,,,,,,,,,,,,,,,,,,,,,,,,,,,,,,,,,,,,,,,,,,,,,,,,,,,,,,,
14150000,930,-939,195,235,-146,34003,17871,5542,334,-19,0,4760,720,564,10550,1300,388,0,10550,14730658000,1641000,-49,-663,-64,-863,,,,,,,,,,,,,,,,,,,,,,,,,,,,,,,,,,,,,,,,,,,,,,,,,,,,,,,,,,,,,,,,,,,,,,,,,,,,,,,,,,,,,,,,,,,,,,,,,,,,,,,
14203000,2251,933,-1,-152,1000,40228,18176,5176,215,144,-2,4719,720,564,10550,1300,230,0,10550,1446000,1306000,1645000,1595000,39,-853,51,-1109,,,,,,,,,,,,,,,,,,,,,,,,,,,,,,,,,,,,,,,,,,,,,,,,,,,,,,,,,,,,,,,,,,,,,,,,,,,,,,,,,,,,,,,,,,,,,,,,,,,,,
14250000,3281,720,-53,-156,-91,19049,9998,5725,139,125,-2,4879,720,563,10513,1321,120,0,10513,1376000,1400000,1615000,161500014303000,4719,383,-358,-341,1254,16486,-7213,7129,10,96,0,4839,720,575,10966,1304,-72,0,10966,1449000,1357000,1567000,1637000,-20,-745,-26,-972,,,,,,,,,,,,,,,,,,,,,,,,,,,,,,,,,,,,,,,,,,,,,,,,,,,,,,,,,,,,,,,,,,,,,,,,,,,,,,
14350000,4486,1557,384,71,-411,3851,5420,6458,30,205,-2,4839,799,633,13290,1310,-219,132,13290,1466000,1504000,1697000,1636000,123,-908,161,-1189,,,,,,,,,,,,,,,,,,,,,,,,,,,,,,,,,,,,,,,,,,,,,,,,,,,,,,,,,,,,,,,,,,,,,,,,,,,,,,,,,,,,,,,,,,,,,,,,,,,,,
14403000,5893,598,225,474,467,13678,-16185,6580,-53,118,-2,5279,759,654,14186,1261,-409,215,14186,1572000,1447000,1631000,1733000,189,-1129,238,-1424,,,,,,,,,,,,,,,,,,,,,,,,,,,,,,,,,,,,,,,,,,,,,,,,,,,,,,,,,,,,,,,,,,,,,,,,,,,,,,,,,,,,,,,,,,,,,,,,,,,,,
14450000,5041,-819,83,438,795,19537,-14232,3589,383,-33,0,9440,439,671,14933,1257,-454,284,14933,1502000,1524000,1686000,1740000,248,-1253,312,-1575,,,,,,,,,,,,,,,,,,,,,,,,,,,,,,,,,,,,,,,,,,,,,,,,,,,,,,,,,,,,,,,,,,,,,,,,,,,,,,,,,,,,,,,,,,,,,,,,,,,,,
14503000,4069,-1832,382,-219,210,42182,-16185,5908,758,-90,-2,12760,799,673,15022,1236,-512,291,15022,1550000,1510000,1659000,1739000,361,-1150,446,-1421,,,,,,,,,,,,,,,,,,,,,,,,,,,,,,,,,,,,,,,,,,,,,,,,,,,,,,,,,,,,,,,,,,,,,,,,,,,,,,,,,,,,,,,,,,,,,,,,,,,,,
14550000,3997,-3121,416,-435,296,59760,-10753,7312,1204,-94,-2,17800,2040,684,15518,1225,-520,336,15518,1546000,1541000,1644000,1737000,339,-1123,416,-1376,,,,,,,,,,,,,,,,,,,,,,,,,,,,,,,,,,,,,,,,,,,,,,,,,,,,,,,,,,,,,,,,,,,,,,,,,,,,,,,,,,,,,,,,,,,,,,,,,,,,,
14603000,5433,-3226,-290,463,1565,75324,537,4382,1232,-30,-2,19560,2880,706,16532,1204,-471,423,16532,1625000,1495000,1728000,1747000,182,-1086,219,-1308,,,,,,,,,,,,,,,,,,,,,,,,,,,,,,,,,,,,,,,,,,,,,,,,,,,,,,,,,,,,,,,,,,,,,,,,,,,,,,,,,,,,,,,,,,,,,,,,,,,,,
14650000,7401,-2989,-275,634,1156,98944,5603,2063,1068,18,0,19640,3199,708,16626,1192,-507,432,16626,1648000,1438000,1750000,1750000,186,-674,222,-803,,,,,,,,,,,,,,,,,,,,,,,,,,,,,,,,,,,,,,,,,,,,,,,,,,,,,,,,,,,,,,,,,,,,,,,,,,,,,,,,,,,,,,,,,,,,,,,,,,,,,
14703000,10415,-3405,-83,240,1391,78131,-12951,4016,804,79,0,19640,4319,740,18163,1197,-298,560,18163,1599000,1554000,1734000,1759000,450,-84,539,-100,,,,,,,,,,,,,,,,,,,,,,,,,,,,,,,,,,,,,,,,,,,,,,,,,,,,,,,,,,,,,,,,,,,,,,,,,,,,,,,,,,,,,,,,,,,,,,,,,,,,,
14750000,11292,-3213,1,630,1465,38458,-1354,-3795,728,117,0,19640,4560,736,17967,1201,-98,544,17967,1536000,1567000,1815000,1797000,411,-1188,14803000,10004,-2917,-297,169,126,37726,-255,2612,809,118,14850000,10274,-2197,347,-188,1204,66718,-3185,-866,750,178,-2,18880,4240,750,18657,1194,-35,600,18657,1670000,1483000,1802000,1714903000,11001,-2831,346,-339,1806,43646,-13866,-866,652,98,0,18480,3959,751,18706,1217,116,604,18706,1611000,1560000,1776000,1824000,407,-352,495,-428,,,,,,,,,,,,,,,,,,,,,,,,,,,,,,,,,,,,,,,,,
14950000,11766,-2563,-464,117,2175,21002,-621,49,369,-38,0,15999,2119,751,18706,1214,171,604,18706,1623000,1559000,1787000,1806000,357,-407,433,-495,,,,,,,,,,,,,,,,,,,,,,,,,,,,,,,,,,,,,,,,,,,,,,,,,,,,,,,,,,,,,,,,,,,,,,,,,,,,,,,,,,,,,,,,,,,,,,,,,,,,,
15003000,10256,-3439,-492,65,2175,9345,9021,-194,71,-188,0,11080,1280,751,18706,1231,151,604,18706,1617000,1561000,1791000,1804000,241,-249,297,-307,,,,,,,,,,,,,,,,,,,,,,,,,,,,,,,,,,,,,,,,,,,,,,,,,,,,,,,,,,,,,,,,,,,,,,,,,,,,,,,,,,,,,,,,,,,,,,,,,,,,,
15050000,8160,-3296,400,-163,883,-2434,8289,-2086,164,-172,-2,10039,1319,750,18657,1207,149,600,18657,1576000,1574000,1793000,1821000,268,113,324,137,,,,,,,,,,,,,,,,,,,,,,,,,,,,,,,,,,,,,,,,,,,,,,,,,,,,,,,,,,,,,,,,,,,,,,,,,,,,,,,,,,,,,,,,,,,,,,,,,,,,,
15103000,6055,-3210,264,-510,559,-15557,10242,-1110,-71,-199,-2,5239,920,750,18657,1196,187,600,18657,1599000,1562000,1782000,1823000,367,654,439,782,,,,,,,,,,,,,,,,,,,,,,,,,,,,,,,,,,,,,,,,,,,,,,,,,,,,,,,,,,,,,,,,,,,,,,,,,,,,,,,,,,,,,,,,,,,,,,,,,,,,,
15150000,6014,-3997,-67,641,990,-23247,8899,-2269,-172,-296,-2,4040,599,749,18607,1205,185,596,18607,1596000,1545000,1780000,1835000,274,245,331,295,,,,,,,,,,,,,,,,,,,,,,,,,,,,,,,,,,,,,,,,,,,,,,,,,,,,,,,,,,,,,,,,,,,,,,,,,,,,,,,,,,,,,,,,,,,,,,,,,,,,,
15203000,4184,-4510,90,665,1195,-32891,16223,-4345,-155,-267,-2,2400,1440,747,18508,1191,133,587,18508,1574000,1538000,1830000,1807000,413,723,492,861,,,,,,,,,,,,,,,,,,,,,,,,,,,,,,,,,,,,,,,,,,,,,,,,,,,,,,,,,,,,,,,,,,,,,,,,,,,,,,,,,,,,,,,,,,,,,,,,,,,,,
15250000,3698,-4955,-336,-376,1723,-30999,14026,-3246,-329,-250,-2,-79,2079,748,18557,1189,217,592,18557,1592000,1529000,1793000,1833000,200,853,238,1014,,,,,,,,,,,,,,,,,,,,,,,,,,,,,,,,,,,,,,,,,,,,,,,,,,,,,,,,,,,,,,,,,,,,,,,,,,,,,,,,,,,,,,,,,,,,,,,,,,,,,
15303000,2807,-2861,-691,445,1726,-20379,110,-1354,-293,-29,-4,-559,2520,715,16956,1190,149,459,16956,1540000,1523000,1762000,1792000,184,1039,219,1236,,,,,,,,,,,,,,,,,,,,,,,,,,,,,,,,,,,,,,,,,,,,,,,,,,,,,,,,,,,,,,,,,,,,,,,,,,,,,,,,,,,,,,,,,,,,,,,,,,,,,
15350000,48,-2717,231,-191,823,-18609,-5077,-4467,-597,87,-2,-6800,3719,670,14889,1179,197,280,14889,1519000,1369000,1724000,1784000,107,1067,126,1258,,,,,,,,,,,,,,,,,,,,,,,,,,,,,,,,,,,,,,,,,,,,,,,,,,,,,,,,,,,,,,,,,,,,,,,,,,,,,,,,,,,,,,,,,,,,,,,,,,,,,
15403000,-1790,-3856,301,-249,571,-51873,-34679,-1354,-698,-15,-2,-9800,3680,637,13458,1175,51,148,13458,1402000,1462000,1630000,1786000,254,1190,298,1399,,,,,,,,,,,,,,,,,,,,,,,,,,,,,,,,,,,,,,,,,,,,,,,,,,,,,,,,,,,,,,,,,,,,,,,,,,,,,,,,,,,,,,,,,,,,,,,,,,,,,
15450000,-4370,-3801,84,-335,567,-59563,-17101,2246,-735,24,-6,-12799,4080,635,13374,1145,-92,139,13374,1449000,1464000,1665000,1717000,543,1457,621,1669,,,,,,,,,,,,,,,,,,,,,,,,,,,,,,,,,,,,,,,,,,,,,,,,,,,,,,,,,,,,,,,,,,,,,,,,,,,,,,,,,,,,,,,,,,,,,,,,,,,,,
15503000,-5127,-4782,133,554,208,-55901,1819,-1781,-879,-61,-2,-15200,4080,637,13458,1141,-284,148,13458,1478000,1369000,1701000,1727000,523,1409,597,1607,,,,,,,,,,,,,,,,,,,,,,,,,,,,,,,,,,,,,,,,,,,,,,,,,,,,,,,,,,,,,,,,,,,,,,,,,,,,,,,,,,,,,,,,,,,,,,,,,,,,,
15550000,-7764,-3659,313,323,1263,-60906,-4039,4382,-805,103,-4,-17000,4839,636,13416,1160,-360,143,13416,1453000,1494000,1658000,1699000,435,13,505,1198,,,,,,,,,,,,,,,,,,,,,,,,,,,,,,,,,,,,,,,,,,,,,,,,,,,,,,,,,,,,,,,,,,,,,,,,,,,,,,,,,,,,,,,,,,,,,,,,,,,,,
15603000,-8845,-3534,-113,-268,45,-73479,-13683,3467,-805,141,-6,-18080,5160,636,13416,1129,-489,143,13416,1438000,1495000,1646000,1723000,178,1163,201,1313,,,,,,,,,,,,,,,,,,,,,,,,,,,,,,,,,,,,,,,,,,,,,,,,,,,,,,,,,,,,,,,,,,,,,,,,,,,,,,,,,,,,,,,,,,,,,,,,,,,,,
15650000,-9319,-3985,-552,-376,1764,-75371,-3734,49,-837,137,-2,-18920,5560,638,13500,1118,-477,152,13500,1415000,1472000,1707000,1702000,437,1186,489,13215703000,-10436,-4188,182,481,659,-77813,-14843,4260,-764,151,10,-19200,5920,653,14143,1105,-383,211,14143,1449000,1533000,1633000,1730000,344,1329,380,1468,,,,,,,,,,,,,,,,,,,,,,,,,,,,,,,,,,,,,,,,,,,,,,,,,,,,,,,,,,,,,,,,,,,,,,,,,,
15750000,-11799,-3121,-279,-36,1556,-54985,-5870,-927,-576,167,0,-18400,5039,667,14756,1102,-284,267,14756,1429000,1495000,1728000,1721000,58,1505,64,1659,,,,,,,,,,,,,,,,,,,,,,,,,,,,,,,,,,,,,,,,,,,,,,,,,,,,,,,,,,,,,,,,,,,,,,,,,,,,,,,,,,,,,,,,,,,,,,,,,,,,,
15803000,-11509,-3397,-3,-374,1337,-38445,-33275,4749,-580,143,0,-18160,5039,668,14800,1111,-216,271,14800,1521000,1521000,1616000,1780000,114,1280,127,1422,,,,,,,,,,,,,,,,,,,,,,,,,,,,,,,,,,,,,,,,,,,,,,,,,,,,,,,,,,,,,,,,,,,,,,,,,,,,,,,,,,,,,,,,,,,,,,,,,,,,,
15850000,-11197,-3354,-13,-564,418,-31792,-29430,2979,-635,119,0,-18480,4719,668,14800,1106,-172,271,14800,1506000,1512000,1667000,1753000,329,1603,364,1773,,,,,,,,,,,,,,,,,,,,,,,,,,,,,,,,,,,,,,,,,,,,,,,,,,,,,,,,,,,,,,,,,,,,,,,,,,,,,,,,,,,,,,,,,,,,,,,,,,,,,
15903000,-9917,-3740,10,249,1169,-39421,-25829,2307,-806,81,-2,-19160,4679,670,14889,1095,-113,280,14889,1504000,1507000,1665000,1764000,288,1440,315,1577,,,,,,,,,,,,,,,,,,,,,,,,,,,,,,,,,,,,,,,,,,,,,,,,,,,,,,,,,,,,,,,,,,,,,,,,,,,,,,,,,,,,,,,,,,,,,,,,,,,,,
15950000,-9909,-4342,66,-34,460,-42046,-20519,4505,-807,25,-2,-19160,4640,671,14933,1096,-116,284,14933,1530000,1519000,1646000,1759000,180,1197,197,1312,,,,,,,,,,,,,,,,,,,,,,,,,,,,,,,,,,,,,,,,,,,,,,,,,,,,,,,,,,,,,,,,,,,,,,,,,,,,,,,,,,,,,,,,,,,,,,,,,,,,,
16003000,-9381,-3768,128,488,854,-44426,-16552,4077,-657,41,-2,-16920,4240,671,14933,1084,-154,284,14933,1491000,1552000,1657000,1753000,-191,1035,-207,1122,,,,,,,,,,,,,,,,,,,,,,,,,,,,,,,,,,,,,,,,,,,,,,,,,,,,,,,,,,,,,,,,,,,,,,,,,,,,,,,,,,,,,,,,,,,,,,,,,,,,,
16050000,-10148,-4747,-41,536,784,-36919,-11730,2734,-46,-334,-4,-10680,920,669,14844,1061,-188,276,14844,1432000,1584000,1620000,1796000,16103000,-10105,-4020,168,164,452,11603,12927,5054,361,-270,-16150000,-7127,-2006,64,30,1249,52191,17444,2246,269,-25,0,-4040,1719,680,15337,1002,-374,320,15337,1607000,1429000,1715000,1726000,-129,547,-129,548,,,,,,,,,,,,,,,,,,,,,,,,,,,,,,,,,,,,,,,,,,,,,,,,,,,,,,,,,,,,,,,,,,
16203000,-4154,-1983,8,-461,747,36505,-10143,4627,390,43,-2,320,2479,682,15427,967,-538,327,15427,1536000,1554000,1649000,1765000,-360,232,-348,224,,,,,,,,,,,,,,,,,,,,,,,,,,,,,,,,,,,,,,,,,,,,,,,,,,,,,,,,,,,,,,,,,,,,,,,,,,,,,,,,,,,,,,,,,,,,,,,,,,,,,
16250000,-2462,-1407,19,-300,1181,25275,5664,4810,420,131,0,2360,2920,683,15472,953,-610,332,15472,1527000,1569000,1699000,1714000,-168,273,-160,260,,,,,,,,,,,,,,,,,,,,,,,,,,,,,,,,,,,,,,,,,,,,,,,,,,,,,,,,,,,,,,,,,,,,,,,,,,,,,,,,,,,,,,,,,,,,,,,,,,,,,
16303000,-326,-1060,-156,-70,699,46637,-1781,3284,660,134,-2,7240,2600,685,15563,918,-584,340,15563,1569000,1508000,1685000,1744000,-397,64,-364,59,,,,,,,,,,,,,,,,,,,,,,,,,,,,,,,,,,,,,,,,,,,,,,,,,,,,,,,,,,,,,,,,,,,,,,,,,,,,,,,,,,,,,,,,,,,,,,,,,,,,,
16350000,1946,-454,-216,-104,541,65924,-6298,5054,465,190,0,7279,2639,684,15518,914,-563,336,15518,1636000,1461000,1663000,1744000,-206,-197,-189,16403000,4952,-473,30,539,1052,55121,7068,1941,290,164,0,8280,2360,684,15518,840,-610,336,15518,1595000,1465000,1725000,1718000,-304,-295,-256,-248,,,,,,,,,,,,,,,,,,,,,,,,,,,,,,,,,,,,,,,,,,,,,,,,,,,,,,,,,,,,,,,,,,,,,,,,,,
16450000,6320,-550,-91,375,1393,55548,1453,1514,136,154,-2,7879,2320,684,15518,797,-663,336,15518,1631000,1408000,1704000,1742000,-525,-161,-418,-129,,,,,,,,,,,,,,,,,,,,,,,,,,,,,,,,,,,,,,,,,,,,,,,,,,,,,,,,,,,,,,,,,,,,,,,,,,,,,,,,,,,,,,,,,,,,,,,,,,,,,
16503000,7381,-1646,428,-355,717,21491,-7091,4260,-64,-49,10,6640,1080,685,15563,742,-708,340,15563,1557000,1561000,1639000,1769000,-567,-421,-379,,,,,,,,,,,,,,,,,,,,,,,,,,,,,,,,,,,,,,,,,,,,,,,,,,,,,,,,,,,,,,,,,,,,,,,,,,,,,,,,,,,,,,,,,,,,,,,,,,,,,,
16550000,6286,-770,-173,-587,579,-8538,781,2673,-360,-42,69,2160,280,708,16626,729,-682,432,16626,1628000,1561000,1688000,1742000,-672,-367,-489,-267,,,,,,,,,,,,,,,,,,,,,,,,,,,,,,,,,,,,,,,,,,,,,,,,,,,,,,,,,,,,,,,,,,,,,,,,,,,,,,,,,,,,,,,,,,,,,,,,,,,,,
16603000,4414,-1076,-218,208,1388,-8660,16223,-5748,-399,-76,138,-160,199,707,16579,698,-612,428,16579,1623000,1504000,1743000,1732000,-683,-393,-477,-274,,,,,,,,,,,,,,,,,,,,,,,,,,,,,,,,,,,,,,,,,,,,,,,,,,,,,,,,,,,,,,,,,,,,,,,,,,,,,,,,,,,,,,,,,,,,,,,,,,,,,
16650000,2565,-488,16,575,1305,-8843,28613,-7396,-475,-35,186,-2879,79,707,16579,693,-584,428,16579,1648000,1490000,1743000,1719000,-683,-393,-473,-272,,,,,,,,,,,,,,,,,,,,,,,,,,,,,,,,,,,,,,,,,,,,,,,,,,,,,,,,,,,,,,,,,,,,,,,,,,,,,,,,,,,,,,,,,,,,,,,,,,,,,
16703000,1521,-275,-234,-105,1465,-19707,8899,-8251,-418,-17,192,-3280,79,708,16626,649,-522,416750000,724,146,-533,-181,1213,-21355,15857,-10509,-503,19,10742,18261,626,-576,567,18261,1616000,1508000,1810000,1791000,-999,-12716803000,-1042,520,-167,-819,1366,-17449,4749,-3429,-478,48,62,-6520,39,754,18856,626,-489,616,18856,1646000,1565000,1766000,1816850000,-2015,-359,19,569,1673,-27764,9021,-7885,-473,-55,144,-7439,-279,741,18212,621,-348,564,18212,1631000,1584000,1782000,1792000,-999,-127,-620,-78,,,,,,,,,,,,,,,,,,,,,,,,,,,,,,,,,,,,,,
16903000,-2879,-1150,-339,230,1734,-28801,13294,-6847,-261,-208,249,-5880,-1239,714,16909,599,-184,455,16909,1612000,1609000,1709000,1718000,-999,-127,-598,-76,,,,,,,,,,,,,,,,,,,,,,,,,,,,,,,,,,,,,,,,,,,,,,,,,,,,,,,,,,,,,,,,,,,,,,,,,,,,,,,,,,,,,,,,,,,,,,,,,,,,,
16950000,-3287,-312,269,597,498,-10735,22388,-15575,60,-135,452,-2600,-1239,671,14933,577,-162,284,14933,1604000,1566000,1662000,1647000,-999,-127,-576,-73,,,,,,,,,,,,,,,,,,,,,,,,,,,,,,,,,,,,,,,,,,,,,,,,,,,,,,,,,,,,,,,,,,,,,,,,,,,,,,,,,,,,,,,,,,,,,,,,,,,,,
17003000,-3296,1515,-156,-91,1199,1044,12561,-21068,221,55,531,-759,-880,670,14889,567,-218,280,14889,1599000,1562000,1656000,1650000,-999,-127,-566,-72,,,,,,,,,,,,,,,,,,,,,,,,,,,,,,,,,,,,,,,,,,,,,,,,,,,,,,,,,,,,,,,,,,,,,,,,,,,,,,,,,,,,,,,,,,,,,,,,,,,,,
17050000,-4474,1788,-8,-405,347,2203,3955,-25219,599,79,492,2400,-880,667,14756,577,-185,267,14756,1495000,1578000,1677000,1698000,-999,-127,-576,-73,,,,,,,,,,,,,,,,,,,,,,,,,,,,,,,,,,,,,,,,,,,,,,,,,,,,,,,,,,,,,,,,,,,,,,,,,,,,,,,,,,,,,,,,,,,,,,,,,,,,,
17103000,-3856,1951,-371,12,1830,26312,9143,-22411,818,156,406,5520,-160,688,15700,553,-147,352,15700,1575000,1518000,1739000,1697000,-999,-127,-552,-70,,,,,,,,,,,,,,,,,,,,,,,,,,,,,,,,,,,,,,,,,,,,,,,,,,,,,,,,,,,,,,,,,,,,,,,,,,,,,,,,,,,,,,,,,,,,,,,,,,,,,
17150000,-2134,1109,-270,59,1511,40900,15918,-21251,940,82,320,8640,-160,707,16579,539,-84,428,16579,1544000,1542000,1785000,1723000,-999,-127,-538,-68,,,,,,,,,,,,,,,,,,,,,,,,,,,,,,,,,,,,,,,,,,,,,,,,,,,,,,,,,,,,,,,,,,,,,,,,,,,,,,,,,,,,,,,,,,,,,,,,,,,,,
17203000,-78,588,-270,-466,1257,51276,7800,-12218,837,145,106,9519,1080,735,17918,535,-99,540,17918,1547000,1511000,1783000,1778000,-999,-127,-534,-68,,,,,,,,,,,,,,,,,,,,,,,,,,,,,,,,,,,,,,,,,,,,,,,,,,,,,,,,,,,,,,,,,,,,,,,,,,,,,,,,,,,,,,,,,,,,,,,,,,,,,
17250000,4167,968,-42,363,755,47919,13843,-9899,655,290,48,11680,2360,737,18016,543,-127,548,18016,1578000,1511000,1830000,1780000,-794,-1599,-431,-868,,,,,,,,,,,,,,,,,,,,,,,,,,,,,,,,,,,,,,,,,,,,,,,,,,,,,,,,,,,,,,,,,,,,,,,,,,,,,,,,,,,,,,,,,,,,,,,,,,,,,
17303000,5747,-585,270,547,414,52008,1331,-6847,636,235,6,13039,3280,740,18163,515,-85,560,18163,1623000,1471000,1808000,1804000,-794,-1599,-409,-823,,,,,,,,,,,,,,,,,,,,,,,,,,,,,,,,,,,,,,,,,,,,,,,,,,,,,,,,,,,,,,,,,,,,,,,,,,,,,,,,,,,,,,,,,,,,,,,,,,,,,
17350000,6629,-127,-401,-95,1304,36688,-1903,-8556,891,327,6,16840,3880,750,18657,514,20,600,18657,1535000,1565000,1849000,179817403000,6586,-882,141,466,1434,62689,-13683,-2514,790,258,4,15639,3840,759,19107,535,109,636,19107,1675000,1513000,1798000,1811000,-1333,-1681,-713,-899,,,,,,,,,,,,,,,,,,,,,,,,,,,,,,,,,,,,,,,,,,,,,,,,,,,,,,,,,,,,,,,,,,,,,,,,,,,,,,
17450000,8490,9,-755,18,1766,49628,-11425,-5870,452,220,2,13680,2520,775,19921,505,215,699,19921,1614000,1534000,1832000,1812000,-1333,-1681,-673,-849,,,,,,,,,,,,,,,,,,,,,,,,,,,,,,,,,,,,,,,,,,,,,,,,,,,,,,,,,,,,,,,,,,,,,,,,,,,,,,,,,,,,,,,,,,,,,,,,,,,,,
17503000,10166,-2710,-23,464,428,31744,-15209,-4894,153,-142,-2,11919,1080,776,19973,548,250,704,19973,1658000,1536000,1823000,1846000,-1333,17550000,8796,-3076,-670,-191,1619,9589,-133,-5016,-38,-261,-2,8360,79,776,19973,536,286,704,19973,1613000,1581000,1841000,1817603000,6594,-2521,-512,34,1860,-8477,16101,-5077,-310,-213,-17650000,6178,-4175,-353,-285,1656,-3777,15796,-3551,-546,-360,-2,-79,39,755,18906,569,447,620,18906,1685000,1508000,1812000,1817703000,4166,-2968,-252,582,2118,-31304,16773,-3063,-520,-252,-2,-1800,79,706,16532,626,634,423,16532,1538000,1504000,1766000,1771000,-1353,-645,-847,-403,,,,,,,,,,,,,,,,,,,
17750000,2194,-2915,-203,-397,136,-48272,29163,-927,-620,-254,-2,-4920,0,707,16579,621,513,428,16579,1560000,1512000,1776000,1743000,-1345,-497,-835,-308,,,,,,,,,,,,,,,,,,,,,,,,,,,,,,,,,,,,,,,,,,,,,,,,,,,,,,,,,,,,,,,,,,,,,,,,,,,,,,,,,,,,,,,,,,,,,,,,,,,,,
17803000,-1509,-418,-564,-401,1612,-47722,25745,-2575,-493,-130,0,-7160,-1080,644,13756,678,632,175,13756,1497000,1472000,1761000,1716000,-1191,-263,-807,-178,,,,,,,,,,,,,,,,,,,,,,,,,,,,,,,,,,,,,,,,,,,,,,,,,,,,,,,,,,,,,,,,,,,,,,,,,,,,,,,,,,,,,,,,,,,,,,,,,,,,,
17850000,-2299,931,56,302,1049,-48150,17566,1758,-553,-61,0,-8639,-1640,636,13416,679,602,143,13416,1511000,1429000,1697000,1668000,-1055,-316,-716,-215,,,,,,,,,,,,,,,,,,,,,,,,,,,,,,,,,,,,,,,,,,,,,,,,,,,,,,,,,,,,,,,,,,,,,,,,,,,,,,,,,,,,,,,,,,,,,,,,,,,,,
17903000,-3836,1375,-70,44,346,-44793,13355,3040,-461,-26,0,-9120,-1679,636,13416,743,582,143,13416,1484000,1480000,1680000,1670000,-839,-151,-623,-112,,,,,,,,,,,,,,,,,,,,,,,,,,,,,,,,,,,,,,,,,,,,,,,,,,,,,,,,,,,,,,,,,,,,,,,,,,,,,,,,,,,,,,,,,,,,,,,,,,,,,
17950000,-4733,484,-33,326,801,-48821,2979,6030,-260,-107,0,-7719,-1720,636,13416,729,556,143,13416,1469000,1542000,1652000,1661000,-821,-235,-598,-171,,,,,,,,,,,,,,,,,,,,,,,,,,,,,,,,,,,,,,,,,,,,,,,,,,,,,,,,,,,,,,,,,,,,,,,,,,,,,,,,,,,,,,,,,,,,,,,,,,,,,
18003000,-6206,-45,553,-287,221,-30510,13355,-133,129,-126,-2,-4720,-1399,637,13458,756,428,148,13458,1393000,1521000,1734000,1651000,-437,-214,-330,-162,,,,,,,,,,,,,,,,,,,,,,,,,,,,,,,,,,,,,,,,,,,,,,,,,,,,,,,,,,,,,,,,,,,,,,,,,,,,,,,,,,,,,,,,,,,,,,,,,,,,,
18050000,-5528,1,223,122,102,-7256,9631,5847,273,-80,0,-2400,-920,637,13458,824,371,148,13458,1516000,1499000,1657000,1658000,-314,-409,-259,-337,,,,,,,,,,,,,,,,,,,,,,,,,,,,,,,,,,,,,,,,,,,,,,,,,,,,,,,,,,,,,,,,,,,,,,,,,,,,,,,,,,,,,,,,,,,,,,,,,,,,,
18103000,-5463,1369,-120,-573,1049,4767,16589,3711,588,39,0,1280,-920,637,13458,849,456,148,13458,1453000,1529000,1702000,1635000,-325,-415,-275,-352,,,,,,,,,,,,,,,,,,,,,,,,,,,,,,,,,,,,,,,,,,,,,,,,,,,,,,,,,,,,,,,,,,,,,,,,,,,,,,,,,,,,,,,,,,,,,,,,,,,,,
18150000,-4406,1945,-272,-517,1504,20270,1697,4505,740,12,-2,4080,-1799,637,13458,870,437,148,13458,1471000,1526000,1648000,1679000,-254,-464,-221,-404,,,,,,,,,,,,,,,,,,,,,,,,,,,,,,,,,,,,,,,,,,,,,,,,,,,,,,,,,,,,,,,,,,,,,,,,,,,,,,,,,,,,,,,,,,,,,,,,,,,,,
18203000,-2643,2026,-252,209,1344,55731,-23021,7861,803,-11,-2,6559,-2159,637,13458,871,375,148,13458,1579000,1465000,1574000,1703000,-308,-646,-268,-562,,,,,,,,,,,,,,,,,,,,,,,,,,,,,,,,,,,,,,,,,,,,,,,,,,,,,,,,,,,,,,,,,,,,,,,,,,,,,,,,,,,,,,,,,,,,,,,,,,,,,
18250000,-44,800,-41,186,590,66107,-18016,4382,642,-146,-2,7319,-2480,636,13416,869,218,143,13416,1573000,1418000,1635000,1686000,-153,-730,-133,-634,,,,,,,,,,,,,,,,,,,,,,,,,,,,,,,,,,,,,,,,,,,,,,,,,,,,,,,,,,,,,,,,,,,,,,,,,,,,,,,,,,,,,,,,,,,,,,,,,,,,,
18303000,1910,-252,-148,444,1447,41083,-14354,2734,695,-238,-2,9879,-2480,637,13458,878,153,148,13458,1436000,1541000,1651000,1688000,149,-596,130,-523,,,,,,,,,,,,,,,,,,,,,,,,,,,,,,,,,,,,,,,,,,,,,,,,,,,,,,,,,,,,,,,,,,,,,,,,,,,,,,,,,,,,,,,,,,,,,,,,,,,,,
18350000,1783,-1838,-437,-224,1515,28937,2185,2612,738,-331,-2,10240,-1959,637,13458,882,105,148,13458,1480000,1499000,1656000,1682000,189,-883,167,-778,,,,,,,,,,,,,,,,,,,,,,,,,,,,,,,,,,,,,,,,,,,,,,,,,,,,,,,,,,,,,,,,,,,,,,,,,,,,,,,,,,,,,,,,,,,,,,,,,,,,,
18403000,1782,275,-203,-386,663,32965,29834,3284,818,-80,0,11160,-1200,636,13416,887,-68,143,13416,1487000,1507000,1728000,1593000,308,-610,274,-541,,,,,,,,,,,,,,,,,,,,,,,,,,,,,,,,,,,,,,,,,,,,,,,,,,,,,,,,,,,,,,,,,,,,,,,,,,,,,,,,,,,,,,,,,,,,,,,,,,,,,
18450000,2442,1400,-126,-283,1064,44257,12439,2796,792,94,-2,11519,-319,636,13416,905,-14,143,13416,1511000,1477000,1689000,1642000,223,-692,202,-626,,,,,,,,,,,,,,,,,,,,,,,,,,,,,,,,,,,,,,,,,,,,,,,,,,,,,,,,,,,,,,,,,,,,,,,,,,,,,,,,,,,,,,,,,,,,,,,,,,,,,
18503000,2333,270,-394,-202,1025,53595,720,1087,805,2,-2,11559,-240,637,13458,900,81,148,13458,1498000,1468000,1675000,1677000,550,-527,495,-474,,,,,,,,,,,,,,,,,,,,,,,,,,,,,,,,,,,,,,,,,,,,,,,,,,,,,,,,,,,,,,,,,,,,,,,,,,,,,,,,,,,,,,,,,,,,,,,,,,,,,
18550000,4337,18603000,6447,303,-57,-74,252,39984,5603,842,449,16,-458,925,8,148,13458,1489000,1474000,1702000,1648000,644,-259,59618650000,6634,1453,74,-298,-156,23566,8106,2551,401,112,1240,-160,637,13458,893,-22,148,13458,1486000,1508000,1680000,16510018699000,6395,1996,116,-446,-38,26312,-2697,1697,395,155,0,10520,-39,644,13756,882,-17,175,13756,1483000,1484000,1652000,1698000,893,257,787,227,,,,,,,,,,,,,,,,,,,,,,,,,,,,,,,,,,,,,,,,,,,,,,,,,,,,,,,
18750000,5503,621,-129,258,1251,30585,-18261,415,221,47,-2,8039,-80,679,15291,843,-98,3118803000,5771,-1478,327,76,732,37970,-23327,964,-25,-132,699,16206,830,-256,396,16206,1641000,1436000,1667000,1772000,1118,18850000,6699,-1926,-76,-173,798,9161,-19970,-3124,-382,-171,0,2319,-39,709,16673,800,-435,435,16673,1595000,1482000,1730000,1718903000,5914,-2735,-64,684,850,-28801,-19970,-4894,-484,-242,0,360,-39,718,17099,761,-456,471,17099,1536000,1542000,1747000,18155,826,879,,,,,,,,,,,,,,,,,,,,,,,,,,,,,,,,,,,,,,,,
18950000,3226,-3742,28,186,2175,-40642,-13317,-5321,-620,-12,-2,-3880,3599,734,17869,728,-596,536,17869,1605000,1474000,1788000,1788000,1201,1440,874,1048,,,,,,,,,,,,,,,,,,,,,,,,,,,,,,,,,,,,,,,,,,,,,,,,,,,,,,,,,,,,,,,,,,,,,,,,,,,,,,,,,,,,,,,,,,,,,,,,,,,,,
19003000,1255,-2968,-235,12,1119,-41253,-32909,-4833,-884,299,-2,-8880,6400,736,17967,664,-674,544,17967,1593000,1518000,1773000,1815000,984,1573,653,119050000,163,-4334,483,494,1233,-56572,-45665,-8190,-932,424,0,-10520,9200,736,17967,599,-741,544,17967,1533000,1533000,1785000,1839000,984,1573,589,942,,,,,,,,,,,,,,,,,,,,,,,,,,,,,,,,,,,,,,,,,,,,,,,,,,,,,,,,,,,,,,,,,,,,,,,,,,
19103000,-2364,-7413,170,236,1633,-69512,-60802,-8251,-805,225,0,-11600,10000,737,18016,574,-732,548,18016,1526000,1537000,1733000,1889000,984,1573,565,902,,,,,,,,,,,,,,,,,,,,,,,,,,,,,,,,,,,,,,,,,,,,,,,,,,,,,,,,,,,,,,,,,,,,,,,,,,,,,,,,,,,,,,,,,,,,,,,,,,,,,
19150000,-4787,-8783,426,-742,1051,-49492,-59337,-4589,-748,207,-4,-13360,11160,738,18064,559,-706,551,18064,1600000,1506000,1718000,1875000,984,1573,550,879,,,,,,,,,,,,,,,,,,,,,,,,,,,,,,,,,,,,,,,,,,,,,,,,,,,,,,,,,,,,,,,,,,,,,,,,,,,,,,,,,,,,,,,,,,,,,,,,,,,,,
19203000,-4824,-9987,315,130,439,-59502,-36754,-4650,-804,98,-2,-14040,11120,740,18163,525,-707,560,18163,1572000,1536000,1736000,1862000,-566,249,-297,131,,,,,,,,,,,,,,,,,,,,,,,,,,,,,,,,,,,,,,,,,,,,,,,,,,,,,,,,,,,,,,,,,,,,,,,,,,,,,,,,,,,,,,,,,,,,,,,,,,,,,
19250000,-6887,-9020,-385,-674,2175,-62066,-22716,2612,-687,176,-2,-14760,11040,740,18163,508,-397,560,18163,1587000,1619000,1721000,1812000,-566,249,-287,126,,,,,,,,,,,,,,,,,,,,,,,,,,,,,,,,,,,,,,,,,,,,,,,,,,,,,,,,,,,,,,,,,,,,,,,,,,,,,,,,,,,,,,,,,,,,,,,,,,,,,
19303000,-7220,-8408,581,86,1264,-49065,1392,-6176,-727,159,-2,-15559,10240,740,18163,521,-248,560,18163,1559000,1527000,18019350000,-6737,-6293,-629,-33,1843,-63286,964,-2147,-867,319,0,-16680,9960,738,18064,489,-177,551,18064,1576000,1564000,1791000,17,-277,122,,,,,,,,,,,,,,,,,,,,,,,,,,,,,,,,,,,,,,,,,,,,,,,,,,,,,,,,,,,,,,,,,,,,,,,,,,,,,,,,,
19403000,-8512,-5090,55,-209,1880,-56511,354,-2758,-775,309,0,-17400,8640,740,18163,503,-21,560,18163,1567000,1563000,1779000,1814000,-566,249,-285,125,,,,,,,,,,,,,,,,,,,,,,,,,,,,,,,,,,,,,,,,,,,,,,,,,,,,,,,,,,,,,,,,,,,,,,,,,,,,,,,,,,,,,,,,,,,,,,,,,,,,,
19450000,-10195,-5378,-384,177,1312,-56206,5054,354,-695,256,0,-18160,8320,740,18163,416,-129,560,18163,1558000,1611000,1760000,1802000,-566,249,-235,103,19503000,-10086,-5336,-440,-108,1082,-41008,7556,598,-673,176,-2,-17800,7360,739,18113,471,-121,556,18113,1571000,1603000,1768000,1795000,-566,249,-266,117,,,,,,,,,,,,,,,,,,,,,,,,,,,,,,,,,,,,,,,,,,,,,,,,,,,,,,,,,,,,,,,,,,,,,,,,,
19550000,-8923,-4728,156,598,916,-35271,7373,-2880,-725,124,0,-17240,6159,739,18113,509,18,556,18113,1601000,1522000,1783000,1810000,-566,249,-288,127,,,,,,,,,,,,,,,,,,,,,,,,,,,,,,,,,,,,,,,,,,,,,,,,,,,,,,,,,,,,,,,,,,,,,,,,,,,,,,,,,,,,,,,,,,,,,,,,,,,,,
19603000,-8914,-4533,-64,643,218,-56328,-7824,-3429,-513,-95,-2,-14800,3440,740,18163,465,66,560,18163,1493000,1618000,1753000,1847000,-566,249,-263,116,,,,,,,,,,,,,,,,,,,,,,,,,,,,,,,,,,,,,,,,,,,,,,,,,,,,,,,,,,,,,,,,,,,,,,,,,,,,,,,,,,,,,,,,,,,,,,,,,,,,,
19650000,-8974,-5096,439,-134,1666,-23674,14880,-1049,643,-409,-2,-1599,399,741,18212,539,208,564,18212,1482000,1656000,1766000,1815000,-566,249,-305,134,,,,,,,,,,,,,,,,,,,,,,,,,,,,,,,,,,,,,,,,,,,,,,,,,,,,,,,,,,,,,,,,,,,,,,,,,,,,,,,,,,,,,,,,,,,,,,,,,,,,,
19703000,-8666,-2555,-136,409,1186,58478,30261,1636,749,-198,0,-79,280,741,18212,576,371,564,18212,1692000,1479000,1783000,1769000,-566,249,-326,143,,,,,,,,,,,,,,,,,,,,,,,,,,,,,,,,,,,,,,,,,,,,,,,,,,,,,,,,,,,,,,,,,,,,,,,,,,,,,,,,,,,,,,,,,,,,,,,,,,,,,
19750000,-3489,-1701,158,-515,1783,81366,17078,-1171,517,-131,-2,2439,199,742,18261,516,170,567,18261,1665000,1473000,1753000,1829000,-566,249,-292,128,,,,,,,,,,,,,,,,,,,,,,,,,,,,,,,,,,,,,,,,,,,,,,,,,,,,,,,,,,,,,,,,,,,,,,,,,,,,,,,,,,,,,,,,,,,,,,,,,,,,,
19803000,601,-869,277,-241,1594,51093,10913,964,261,-61,0,3599,160,742,18261,513,214,567,18261,1630000,1549000,1752000,1809000,-566,249,-290,128,,,,,,,,,,,,,,,,,,,,,,,,,,,,,,,,,,,,,,,,,,,,,,,,,,,,,,,,,,,,,,,,,,,,,,,,,,,,,,,,,,,,,,,,,,,,,,,,,,,,,
19850000,1256,284,-470,-255,1745,32294,17444,-2086,274,31,0,4400,79,739,18113,565,430,556,18113,1568000,1566000,1796000,1791000,-566,249,-320,140,,,,,,,,,,,,,,,,,,,,,,,,,,,,,,,,,,,,,,,,,,,,,,,,,,,,,,,,,,,,,,,,,,,,,,,,,,,,,,,,,,,,,,,,,,,,,,,,,,,,,
19903000,3304,-143,-612,37,1825,49017,16319950000,6089,-1673,542,265,782,35773,-4345,293,-182,-142,-2,4000,39,741,18212,607,403,564,18212,1641000,1520000,1741000,1826000,28,682,17,414,,,,,,,,,,,,,,,,,,,,,,,,,,,,,,,,,,,,,,,,,,,,,,,,,,,,,,,,,,,,,,,,,,,,,,,,,,,,,,,,,,,,,,,,,,,,,,
20003000,6101,-2552,94,762,477,5499,8045,-3368,-316,-219,0,2479,39,739,18113,589,412,556,18113,1608000,1501000,1789000,1813000,28,682,16,401,,,,,,,,,,,,,,,,,,,,,,,,,,,,,,,,,,,,,,,,,,,,,,,,,,,,,,,,,,,,,,,,,,,,,,,,,,,,,,,,,,,,,,,,,,,,,,,,,,,,,
20050000,3189,-1640,280,-713,1254,-2984,6702,232,-274,-136,0,39,79,740,18163,622,509,560,18163,1602000,1559000,1749000,1819000,28,682,17,424,,,,,,,,,,,,,,,,,,,,,,,,,,,,,,,,,,,,,,,,,,,,,,,,,,,,,,,,,,,,,,,,,,,,,,,,,,,,,,,,,,,,,,,,,,,,,,,,,,,,,
20103000,1440,-1613,12,-151,709,-3777,14942,-6298,-202,-137,-2,-880,39,711,16767,635,495,444,16767,1548000,1493000,1798000,1818000,-266,80,-169,51,,,,,,,,,,,,,,,,,,,,,,,,,,,,,,,,,,,,,,,,,,,,,,,,,,,,,,,,,,,,,,,,,,,,,,,,,,,,,,,,,,,,,,,,,,,,,,,,,,,,,
20150000,425,-714,-265,186,1469,-21965,13843,-1476,-148,-97,0,-1280,-399,703,16392,669,726,412,16392,1493000,1552000,1753000,1771000,-487,-331,-326,-221,,,,,,,,,,,,,,,,,,,,,,,,,,,,,,,,,,,,,,,,,,,,,,,,,,,,,,,,,,,,,,,,,,,,,,,,,,,,,,,,,,,,,,,,,,,,,,,,,,,,,
20203000,704,-84,-319,-679,1872,-8965,13782,2246,-232,-160,-2,-1959,-1760,674,15067,718,792,296,15067,1551000,1474000,1670,1758000,-487,-331,-350,-237,,,,,,,,,,,,,,,,,,,,,,,,,,,,,,,,,,,,,,,,,,,,,,,,,,,,,,,,,,,,,,,,,,,,,,,,,,,,,,,,,,,,,,,,,,,,,,,,,,,,,
20250000,221,504,-201,167,1104,-12383,22388,-3063,-131,-360,0,-1280,-4640,665,14667,772,737,260,14667,1454000,1470000,1730000,1747000,-487,-331,-376,-255,,,,,,,,,,,,,,,,,,,,,,,,,,,,,,,,,,,,,,,,,,,,,,,,,,,,,,,,,,,,,,,,,,,,,,,,,,,,,,,,,,,,,,,,,,,,,,,,,,,,,
20303000,-1841,1564,219,-393,296,-2434,20740,4138,129,-348,-2,-360,-5560,636,13416,800,709,143,13416,1481000,1508000,1646000,1719000,-620350000,-2593,1916,51,-296,523,-4387,23242,2368,86,-426,0,-1599,-6799,606,12180,835,762,24,12180,1454000,1410000,1611000,17547,-329,-456,,,,,,,,,,,,,,,,,,,,,,,,,,,,,,,,,,,,,,,,,,,,,,,,,,,,,,,,,,,,,,,,,,,,,,,,,,,,,,,
20403000,-2416,2748,70,142,1057,3912,35999,1819,39,-353,2,-1959,-6799,608,12261,891,706,31,12261,1476000,1383000,1668000,1656000,-453,-453,-403,-404,,,,,,,,,,,,,,,,,,,,,,,,,,,,,,,,,,,,,,,,,,,,,,,,,,,,,,,,,,,,,,,,,,,,,,,,,,,,,,,,,,,,,,,,,,,,,,,,,,,,,
20450000,-1902,3887,-373,33,1243,-786,40759,4138,110,-163,0,-640,-5759,604,12100,909,611,15,12100,1444000,1448000,1680000,1609000,-469,-613,-427,-557,,,,,,,,,,,,,,,,,,,,,,,,,,,,,,,,,,,,,,,,,,,,,,,,,,,,,,,,,,,,,,,,,,,,,,,,,,,,,,,,,,,,,,,,,,,,,,,,,,,,,
20503000,-2456,4419,-34,277,1074,4462,31360,-499,287,-54,-2,839,-5039,604,12100,915,421,15,12100,1425000,1387000,1689000,1658000,-149,-449,-136,-411,,,,,,,,,,,,,,,,,,,,,,,,,,,,,,,,,,,,,,,,,,,,,,,,,,,,,,,,,,,,,,,,,,,,,,,,,,,,,,,,,,,,,,,,,,,,,,,,,,,,,
20550000,-2767,4822,0,186,990,20636,10730,4505,339,54,-2,1119,-4200,604,12100,937,447,15,12100,1506000,1387000,1627000,1658000,-294,-761,-276,-713,,,,,,,,,,,,,,,,,,,,,,,,,,,,,,,,,,,,,,,,,,,,,,,,,,,,,,,,,,,,,,,,,,,,,,,,,,,,,,,,,,,,,,,,,,,,,,,,,,,,,
20603000,-1129,4293,268,-23,52,22162,7678,3040,161,43,-2,720,-3800,604,12100,954,164,15,12100,1487000,1387000,1660000,1639000,40,-797,38,-760,,,,,,,,,,,,,,,,,,,,,,,,,,,,,,,,,,,,,,,,,,,,,,,,,,,,,,,,,,,,,,,,,,,,,,,,,,,,,,,,,,,,,,,,,,,,,,,,,,,,,
20650000,952,3857,-45,370,957,-5181,8350,3772,-58,74,0,279,-2999,638,13500,959,-35,152,13500,1477000,1500000,1695000,1652000,40,-797,38,-764,,,,,,,,,,,,,,,,,,,,,,,,,,,,,,,,,,,,,,,,,,,,,,,,,,,,,,,,,,,,,,,,,,,,,,,,,,,,,,,,,,,,,,,,,,,,,,,,,,,,,
20703000,230,4072,51,-44,605,-12383,-1720,3162,7,90,-2,320,-3040,649,13970,945,-263,195,13970,1504000,1490000,1668000,1705000,195,-749,185,-707,,,,,,,,,,,,,,,,,,,,,,,,,,,,,,,,,,,,,,,,,,,,,,,,,,,,,,,,,,,,,,,,,,,,,,,,,,,,,,,,,,,,,,,,,,,,,,,,,,,,,
20750000,-358,2679,395,-50,597,-176,-14660,4321,142,-31,0,1280,-3040,669,14844,942,-322,276,14844,1544000,1519000,1647000,1742000,46,-781,43,-736,,,,,,,,,,,,,,,,,,,,,,,,,,,,,,,,,,,,,,,,,,,,,,,,,,,,,,,,,,,,,,,,,,,,,,,,,,,,,,,,,,,,,,,,,,,,,,,,,,,,,
20803000,-1240,1344,-67,-249,1070,14594,-8068,3406,576,-280,0,5360,-4559,696,16067,938,-316,383,16067,1529000,1544000,1664000,1750000,46,-781,43,-733,,,,,,,,,,,,,,,,,,,,,,,,,,,,,,,,,,,,,,,,,,,,,,,,,,,,,,,,,,,,,,,,,,,,,,,,,,,,,,,,,,,,,,,,,,,,,,,,,,,,,
20850000,-1089,1056,-28,-180,1056,31134,8533,2124,671,-337,-4,6600,-4920,740,18163,925,-340,560,18163,1622000,1553000,1745000,1781000,448,-590,414,-546,,,,,,,,,,,,,,,,,,,,,,,,,,,,,,,,,,,,,,,,,,,,,,,,,,,,,,,,,,,,,,,,,,,,,,,,,,,,,,,,,,,,,,,,,,,,,,,,,,,,,
20903000,-175,555,97,-285,1279,57318,19397,842,619,-384,0,6919,-4960,740,18163,921,-199,560,18163,1647000,1531000,1754000,1798000,255,-778,235,-716,,,,,,,,,,,,,,,,,,,,,,,,,,,,,,,,,,,,,,,,,,,,,,,,,,,,,,,,,,,,,,,,,,,,,,,,,,,,,,,,,,,,,,,,,,,,,,,,,,,,,
20950000,1855,1559,-543,190,1702,43341,8350,-133,368,-226,-2,6080,-4160,776,19973,930,-64,704,19973,1669000,1582000,1794000,1833000,495,-674,461,-627,,,,,,,,,,,,,,,,,,,,,,,,,,,,,,,,,,,,,,,,,,,,,,,,,,,,,,,,,,,,,,,,,,,,,,,,,,,,,,,,,,,,,,,,,,,,,,,,,,,,,
21003000,3091,331,-493,-317,1812,12824,6824,-1659,260,-260,0,6080,-3320,775,19921,921,73,699,19921,1599000,1635000,1788000,1853000,574,-848,529,-781,,,,,,,,,,,,,,,,,,,,,,,,,,,,,,,,,,,,,,,,,,,,,,,,,,,,,,,,,,,,,,,,,,,,,,,,,,,,,,,,,,,,,,,,,,,,,,,,,,,,,
21050000,3596,-607,655,158,634,14533,12134,-5199,216,-248,0,21103000,2784,-427,472,-249,925,22040,10181,-4955,252,-107,-2,5680,-800,778,20076,917,330,712,20076,1644000,1543000,1823000,1858000,801,-931,735,-854,,,,,,,,,,,,,,,,,,,,,,,,,,,,,,,,,,,,,,,,,,,,,,,,,,,,,,,,,,,,,,,,,,,,,,,,,,,,,,,,,,,,,,,,,
21150000,3486,144,53,283,1210,29486,-377,-3307,125,113,0,4920,1159,777,20024,938,303,708,20024,1676000,1523000,1820000,1846000,1180,-864,1107,-810,,,,,,,,,,,,,,,,,,,,,,,,,,,,,,,,,,,,,,,,,,,,,,,,,,,,,,,,,,,,,,,,,,,,,,,,,,,,,,,,,,,,,,,,,,,,,,,,,,,,,
21203000,4488,-367,93,-350,787,16852,-13927,-5932,-325,1077,-4,759,12720,709,16673,942,399,435,16673,1609000,1467000,1895000,1733000,1341,-906,1263,-853,,,,,,,,,,,,,,,,,,,,,,,,,,,,,,,,,,,,,,,,,,,,,,,,,,,,,,,,,,,,,,,,,,,,,,,,,,,,,,,,,,,,,,,,,,,,,,,,,,,,,
21250000,4518,-1561,48,625,734,-16228,-35167,-3185,-223,1326,0,1960,16760,710,16720,960,342,439,16720,1510000,1529000,1802000,1748000,1267,-898,1217,-862,,,,,,,,,,,,,,,,,,,,,,,,,,,,,,,,,,,,,,,,,,,,,,,,,,,,,,,,,,,,,,,,,,,,,,,,,,,,,,,,,,,,,,,,,,,,,,,,,,,,,
21303000,1868,-2517,624,123,1265,-22759,-67028,-5870,-65,1525,-6,1119,20000,708,16626,958,397,432,16626,1507000,1480000,1785000,1796000,1211,-397,1160,-380,,,,,,,,,,,,,,,,,,,,,,,,,,,,,,,,,,,,,,,,,,,,,,,,,,,,,,,,,,,,,,,,,,,,,,,,,,,,,,,,,,,,,,,,,,,,,,,,,,,,,
21350000,2473,-4365,-96,434,986,-7317,-85582,-1476,45,1357,-2,2999,19920,708,16626,948,368,432,16626,1585000,1462000,1732000,1803000,1135,-431,1076,-409,,,,,,,,,,,,,,,,,,,,,,,,,,,,,,,,,,,,,,,,,,,,,,,,,,,,,,,,,,,,,,,,,,,,,,,,,,,,,,,,,,,,,,,,,,,,,,,,,,,,,
21403000,2300,-8061,-519,290,1116,-6157,-80089,-4894,-5,898,-4,2239,18360,678,15246,964,332,311,15246,1488000,1431000,1740000,1783000,965,-386,930,-372,,,,,,,,,,,,,,,,,,,,,,,,,,,,,,,,,,,,,,,,,,,,,,,,,,,,,,,,,,,,,,,,,,,,,,,,,,,,,,,,,,,,,,,,,,,,,,,,,,,,,
21450000,817,-9278,-86,192,1301,-8782,-55736,-2636,183,663,-6,2920,16880,631,13206,991,311,123,13206,1423000,1446000,1731000,1718000,1421,-239,1408,-237,,,,,,,,,,,,,,,,,,,,,,,,,,,,,,,,,,,,,,,,,,,,,,,,,,,,,,,,,,,,,,,,,,,,,,,,,,,,,,,,,,,,,,,,,,,,,,,,,,,,,
21503000,563,-8761,-391,55,1149,-2312,-53661,-3673,-3,355,-4,520,12839,526,9176,992,258,0,9176,1337000,1244000,1623000,1689000,1596,-287,1583,-285,,,,,,,,,,,,,,,,,,,,,,,,,,,,,,,,,,,,,,,,,,,,,,,,,,,,,,,,,,,,,,,,,,,,,,,,,,,,,,,,,,,,,,,,,,,,,,,,,,,,,
21550000,943,-10908,325,-1091,5,-16533,-42919,7373,1,168,-2,959,12839,496,8159,1002,54,0,8159,1310000,1359000,1490000,1579000,1149,-371,1152,-371,,,,,,,,,,,,,,,,,,,,,,,,,,,,,,,,,,,,,,,,,,,,,,,,,,,,,,,,,,,,,,,,,,,,,,,,,,,,,,,,,,,,,,,,,,,,,,,,,,,,,
21603000,-1053,-12016,371,-320,458,-38750,-12645,-499,147,-217,-6,639,9519,496,8159,998,73,0,8159,1150000,1341000,1556000,1623000,1569,-20,1566,-19,,,,,,,,,,,,,,,,,,,,,,,,,,,,,,,,,,,,,,,,,,,,,,,,,,,,,,,,,,,,,,,,,,,,,,,,,,,,,,,,,,,,,,,,,,,,,,,,,,,,,
21650000,-2085,-11354,351,-142,-268,9711,2490,2185,94,-299,-6,-1000,7920,496,8159,1013,-137,0,8159,1412000,1150000,1568000,1575000,1145,-66,1160,-67,,,,,,,,,,,,,,,,,,,,,,,,,,,,,,,,,,,,,,,,,,,,,,,,,,,,,,,,,,,,,,,,,,,,,,,,,,,,,,,,,,,,,,,,,,,,,,,,,,,,,
21703000,-905,-8629,397,-926,817,23322,41492,1758,173,-198,-2,1080,6359,496,8159,988,-385,0,8159,1351000,117500,1040,-80,,,,,,,,,,,,,,,,,,,,,,,,,,,,,,,,,,,,,,,,,,,,,,,,,,,,,,,,,,,,,,,,,,,,,,,,,,,,,,,,,,,,,,,,,,,,,,,,,,,,,,,,,
21750000,-1727,-6768,-84,-650,-1079,12824,6824,4443,262,-91,-2,1280,5720,530,9316,969,-613,0,9316,1394000,1315000,1500000,1649000,833,-434,807,-421,,,,,,,,,,,,,,,,,,,,,,,,,,,,,,,,,,,,,,,,,,,,,,,,,,,,,,,,,,,,,,,,,,,,,,,,,,,,,,,,,,,,,,,,,,,,,,,,,,,,,
21803000,800,-3435,-463,551,1217,800,1575,10059,-41,136,0,320,5000,564,10550,935,-686,0,10550,1444000,1459000,1513000,1622000,449,-467,420,-436,11463,81,183,0,2839,4920,639,13543,894,-831,155,1354321950000,-3986,-4226,-108,-780,582,-22393,-6237,232,553,1,-2,2360,4240,781,20231,774,-1185,724,20231,1554000,1701000,1815000,1822003000,-3798,-3535,176,16,936,18439,-7091,-3063,509,64,-2,2040,4279,798,21121,678,-1181,791,21121,1652000,1608000,1825000,1874000,606,-72,411,-49,,,,,,,,,,,,,,,,,,,,,,,,,,,,,,,,,,,,,,,
22050000,-268,-3089,-36,-90,230,42609,-10936,-5626,166,96,-4,1640,4200,806,21547,665,-1130,824,21547,1680000,1563000,1849000,1892000,568,-412,378,-274,,,,,,,,,,,,,,,,,,,,,,,,,,,,,,,,,,,,,,,,,,,,,,,,,,,,,,,,,,,,,,,,,,,,,,,,,,,,,,,,,,,,,,,,,,,,,,,,,,,,,
22103000,2968,-4461,-261,-796,2175,43280,-10326,-5138,-115,-12,-2,1640,4319,809,21708,581,-1009,836,21708,1695000,1551000,1830000,1899000,568,-412,330,-239,,,,,,,,,,,,,,,,,,,,,,,,,,,,,,,,,,,,,,,,,,,,,,,,,,,,,,,,,,,,,,,,,,,,,,,,,,,,,,,,,,,,,,,,,,,,,,,,,,,,,
22150000,6510,-4060,64,-583,2012,41449,-10936,-8495,-425,22,4,1640,4319,809,21708,552,-872,836,21708,171200,1850000,1899000,568,-412,314,-227,,,,,,,,,,,,,,,,,,,,,,,,,,,,,,,,,,,,,,,,,,,,,,,,,,,,,,,,,,,,,,,,,,,,,,,,,,,,,,,,,,,,,,,,,,,,,,,,,,,,,,
22203000,7654,-3529,-156,677,-113,22223,-29857,-7274,-353,100,2,3599,4679,811,21815,504,-774,844,21815,1654000,1574000,1826000,1899000,536,1694,270,853,,,,,,,,,,,,,,,,,,,,,,,,,,,,,,,,,,,,,,,,,,,,,,,,,,,,,,,,,,,,,,,,,,,,,,,,,,,,,,,,,,,,,,,,,,,,,,,,,,,,,
22250000,6484,-4899,-443,-195,2175,3729,-8800,-7885,-195,127,0,4240,6359,809,21708,507,-456,836,21708,1633000,1580000,1886000,189022303000,8046,-5533,444,605,163,11237,14209,-7335,-377,131,-2,3719,7040,808,21654,480,-496,832,21654,1671000,1536000,1890000,18,1694,257,813,,,,,,,,,,,,,,,,,,,,,,,,,,,,,,,,,,,,,,,,,,,,,,,,,,,,,,,,,,,,,,,,,,,,,,,,,,,,,,,
22350000,8750,-5667,-295,-29,1944,-54,17749,-1537,-438,88,0,3719,6680,809,21708,428,-358,836,21708,1671000,1609000,1863000,1860000,536,1694,229,725,,,,,,,,,,,,,,,,,,,,,,,,,,,,,,,,,,,,,,,,,,,,,,,,,,,,,,,,,,,,,,,,,,,,,,,,,,,,,,,,,,,,,,,,,,,,,,,,,,,,,
22403000,6294,-4922,271,-566,631,-1824,4749,-5870,-381,38,0,1919,5360,782,20283,395,-480,728,20283,1648000,1501000,1824000,1894000,536,1694,211,22450000,3992,-3185,-18,-635,1258,-9392,9265,-3795,-355,-250,0,-79,320,757,19007,373,-297,628,19007,1625000,1488000,1792000,1866000,536,1694,200,631,,,,,,,,,,,,,,,,,,,,,,,,,,,,,,,,,,,,,,,,,,,,,,,,,,,,,,,,,,,,,,,,,,,,,,,,,,
22503000,1898,-2079,-283,208,1112,-29107,29956,-1964,-319,-233,-2,-1760,-599,706,16532,356,-186,423,16532,1510000,1547000,1798000,1788000,536,1694,190,603,,,,,,,,,,,,,,,,,,,,,,,,,,,,,,,,,,,,,,,,,,,,,,,,,,,,,,,,,,,,,,,,,,,,,,,,,,,,,,,,,,,,,,,,,,,,,,,,,,,,,
22550000,862,-1826,46,-419,2032,-22637,32214,-3368,-326,-473,0,-2879,-3600,675,15112,399,-76,300,15112,1503000,1404000,1731000,1787000,536,1694,214,676,,,,,,,,,,,,,,,,,,,,,,,,,,,,,,,,,,,,,,,,,,,,,,,,,,,,,,,,,,,,,,,,,,,,,,,,,,,,,,,,,,,,,,,,,,,,,,,,,,,,,
22603000,546,223,404,-902,880,-33989,25501,2551,-250,-371,-6,-2320,-4479,673,15022,349,-150,291,15022,1494000,1500000,1702000,1754000,536,1694,187,591,,,,,,,,,,,,,,,,,,,,,,,,,,,,,,,,,,,,,,,,,,,,,,,,,,,,,,,,,,,,,,,,,,,,,,,,,,,,,,,,,,,,,,,,,,,,,,,,,,,,,
22650000,-932,2573,50,349,30,-20867,33496,3406,-152,-134,-4,-2680,-4119,672,14978,406,-88,287,14978,1544000,1458000,1730000,1712000,536,1694,217,687,,,,,,,,,,,,,,,,,,,,,,,,,,,,,,,,,,,,,,,,,,,,,,,,,,,,,,,,,,,,,,,,,,,,,,,,,,,,,,,,,,,,,,,,,,,,,,,,,,,,,
22703000,-2184,4693,-451,-294,1759,-26299,22083,2368,-158,81,-6,-3999,-3760,671,14933,318,-299,284,14933,1486000,1508000,1745000,1711000,536,1694,170,538,,,,,,,,,,,,,,,,,,,,,,,,,,,,,,,,,,,,,,,,,,,,,,,,,,,,,,,,,,,,,,,,,,,,,,,,,,,,,,,,,,,,,,,,,,,,,,,,,,,,,
22750000,-1308,5415,-169,585,1154,-28740,17749,1941,-231,172,-6,-3960,-3439,669,14844,313,-194,276,14844,1502000,1478000,1747000,1706000,536,1694,167,530,,,,,,,,,,,,,,,,,,,,,,,,,,,,,,,,,,,,,,,,,,,,,,,,,,,,,,,,,,,,,,,,,,,,,,,,,,,,,,,,,,,,,,,,,,,,,,,,,,,,,
22803000,-1810,4968,-553,-199,1462,-30022,33191,2246,-156,112,-4,-3600,-3680,670,14889,288,-424,280,14889,1455000,1531000,1774000,1670000,536,1694,154,487,,,,,,,,,,,,,,,,,,,,,,,,,,,,,,,,,,,,,,,,,,,,,,,,,,,,,,,,,,,,,,,,,,,,,,,,,,,,,,,,,,,,,,,,,,,,,,,,,,,,,
22850000,-1956,4382,-138,447,1301,-20562,33679,2796,-66,5,-4,-2719,-4320,670,14889,273,-380,280,14889,1501000,1501000,1768000,1670000,536,1694,146,462,,,,,,,,,,,,,,,,,,,,,,,,,,,,,,,,,,,,,,,,,,,,,,,,,,,,,,,,,,,,,,,,,,,,,,,,,,,,,,,,,,,,,,,,,,,,,,,,,,,,,
22903000,-2480,3742,140,204,468,-18059,12073,3589,202,-231,-4,-160,-6399,709,16673,273,-314,435,16673,1529000,1580000,1738000,1761000,536,1694,146,462,,,,,,,,,,,,,,,,,,,,,,,,,,,,,,,,,,,,,,,,,,,,,,,,,,,,,,,,,,,,,,,,,,,,,,,,,,,,,,,,,,,,,,,,,,,,,,,,,,,,,
22950000,-2111,2404,466,406,433,2997,17078,2673,100,-355,0,-959,-6480,720,17194,284,-238,480,17194,1603000,1521000,1757000,1768000,536,1694,152,481,,,,,,,,,,,,,,,,,,,,,,,,,,,,,,,,,,,,,,,,,,,,,,,,,,,,,,,,,,,,,,,,,,,,,,,,,,,,,,,,,,,,,,,,,,,,,,,,,,,,,
23003000,-1765,2747,-630,83,1454,-5608,27637,3894,38,-294,0,-1319,-6120,737,18016,289,-157,548,18016,1592000,1596000,1800000,1742000,536,1694,155,489,,,,,,,,,,,,,,,,,,,,,,,,,,,,,,,,,,,,,,,,,,,,,,,,,,,,,,,,,,,,,,,,,,,,,,,,,,,,,,,,,,,,,,,,,,,,,,,,,,,,,
23050000,-1964,3556,258,-68,1136,-542,41675,537,108,-185,-2,-720,-5679,738,18064,214,-195,551,18064,1582000,1561000,1834000,1740000,536,1694,114,362,,,,,,,,,,,,,,,,,,,,,,,,,,,,,,,,,,,,,,,,,,,,,,,,,,,,,,,,,,,,,,,,,,,,,,,,,,,,,,,,,,,,,,,,,,,,,,,,,,,,,
23103000,-1284,3583,338,14,1813,22650,-3734,354,73,-67,0,-440,-4359,738,18064,255,-27,551,18064,1656000,1473000,1755000,1820000,536,1694,136,432,,,,,,,,,,,,,,,,,,,,,,,,,,,,,,,,,,,,,,,,,,,,,,,,,,,,,,,,,,,,,,,,,,,,,,,,,,,,,,,,,,,,,,,,,,,,,,,,,,,,,
23150000,350,1512,-350,351,1839,6049,-14721,-744,-51,-210,0,-239,-3919,739,18113,264,148,556,18113,1590000,1540000,1773000,1816000,536,123203000,974,-394,-633,36,2175,1410,-3551,476,-99,-372,-2,-160,-3880,740,18163,240,153,560,18163,1586000,1562000,1784000,1796000,536,1694,128,406,,,,,,,,,,,,,,,,,,,,,,,,,,,,,,,,,,,,,,,,,,,,,,,,,,,,,,,,,,,,,,,,,,,,,,,,,,,,
23250000,1278,-2536,388,430,475,9528,1148,-1842,-122,-556,-2,-120,-3839,743,18310,206,144,571,18310,1615000,1505000,1774000,1833000,536,1694,110,349,,,,,,,,,,,,,,,,,,,,,,,,,,,,,,,,,,,,,,,,,,,,,,,,,,,,,,,,,,,,,,,,,,,,,,,,,,,,,,,,,,,,,,,,,,,,,,,,,,,,,
23303000,2783,-2271,840,604,795,10016,27026,-1537,-256,-491,-2,-160,-3359,743,18310,277,307,571,18310,1654000,1459000,1814000,1790000,536,1694,148,469,,,,,,,,,,,,,,,,,,,,,,,,,,,,,,,,,,,,,,,,,,,,,,,,,,,,,,,,,,,,,,,,,,,,,,,,,,,,,,,,,,,,,,,,,,,,,,,,,,,,,
23350000,2349,-445,-887,9,1222,-5059,32337,49,-184,-262,0,239,-2560,745,18409,277,293,580,18409,1601000,1554000,1822000,1768000,536,1694,148,469,,,,,,,,,,,,,,,,,,,,,,,,,,,,,,,,,,,,,,,,,,,,,,,,,,,,,,,,,,,,,,,,,,,,,,,,,,,,,,,,,,,,,,,,,,,,,,,,,,,,,
23403000,3225,-1153,-162,857,19,-9758,9082,-499,-291,-191,-2,-120,-1039,744,18359,274,225,576,18359,1590000,1559000,1794000,1805000,536,1694,146,464,,,,,,,,,,,,,,,,,,,,,,,,,,,,,,,,,,,,,,,,,,,,,,,,,,,,,,,,,,,,,,,,,,,,,,,,,,,,,,,,,,,,,,,,,,,,,,,,,,,,,
23450000,2190,-1322,126,-684,1762,-20134,5603,2429,-198,-136,0,-79,-240,745,18409,338,458,580,18409,1588000,1599000,1777000,1791000,536,1694,181,572,,,,,,,,,,,,,,,,,,,,,,,,,,,,,,,,,,,,,,,,,,,,,,,,,,,,,,,,,,,,,,,,,,,,,,,,,,,,,,,,,,,,,,,,,,,,,,,,,,,,,
23503000,451,-2355,-356,-597,1911,-31060,21350,232,-53,-223,0,-160,-199,745,18409,352,563,580,18409,1537000,1618000,1801000,1789000,536,1694,188,596,,,,,,,,,,,,,,,,,,,,,,,,,,,,,,,,,,,,,,,,,,,,,,,,,,,,,,,,,,,,,,,,,,,,,,,,,,,,,,,,,,,,,,,,,,,,,,,,,,,,,
23550000,383,-2562,507,183,683,-15984,30689,-3246,-50,-234,-2,-199,-119,743,18310,478,704,571,18310,1567000,1537000,1835000,1785000,536,1694,256,809,,,,,,,,,,,,,,,,,,,,,,,,,,,,,,,,,,,,,,,,,,,,,,,,,,,,,,,,,,,,,,,,,,,,,,,,,,,,,,,,,,,,,,,,,,,,,,,,,,,,,
23603000,-297,-1031,268,-263,302,-6646,22205,-377,11,-27,-2,-160,720,707,16579,458,712,428,16579,1607000,1534000,1808000,1785000,536,1694,245,775,,,,,,,,,,,,,,,,,,,,,,,,,,,,,,,,,,,,,,,,,,,,,,,,,,,,,,,,,,,,,,,,,,,,,,,,,,,,,,,,,,,,,,,,,,,,,,,,,,,,,
23650000,-247,-535,300,600,364,-115,8289,1941,11,232,-2,-120,3199,657,14317,497,760,228,14317,1526000,1439000,1714000,1706000,536,1694,266,842,,,,,,,,,,,,,,,,,,,,,,,,,,,,,,,,,,,,,,,,,,,,,,,,,,,,,,,,,,,,,,,,,,,,,,,,,,,,,,,,,,,,,,,,,,,,,,,,,,,,,
23703000,-228,-424,132,262,606,-9758,-6725,-866,5,367,0,-160,4640,629,13122,509,631,116,13122,1441000,1413000,1718000,1682000,536,1694,273,862,,,,,,,,,,,,,,,,,,,,,,,,,,,,,,,,,,,,,,,,,,,,,,,,,,,,,,,,,,,,,,,,,,,,,,,,,,,,,,,,,,,,,,,,,,,,,,,,,,,,,
23750000,-358,-580,48,-235,990,-4143,-20214,7129,48,539,-2,199,6760,602,12020,530,508,7,12020,1462000,1460000,1663000,1598000,536,1694,284,897,,,,,,,,,,,,,,,,,,,,,,,,,,,,,,,,,,,,,,,,,,,,,,,,,,,,,,,,,,,,,,,,,,,,,,,,,,,,,,,,,,,,,,,,,,,,,,,,,,,,,
23803000,-1319,-1398,-333,264,1636,-2251,-35778,-72,198,614,-2,959,8440,602,12020,568,488,7,12020,1391000,1408000,1695000,1647000,258,-233,146,-132,,,,,,,,,,,,,,,,,,,,,,,,,,,,,,,,,,,,,,,,,,,,,,,,,,,,,,,,,,,,,,,,,,,,,,,,,,,,,,,,,,,,,,,,,,,,,,,,,,,,,
23850000,-1919,-3418,-208,-53,1082,3912,-42675,5481,310,563,0,1640,9879,601,11980,614,516,4,11980,1433000,1466000,1617000,1657000,396,-591,243,-363,,,,,,,,,,,,,,,,,,,,,,,,,,,,,,,,,,,,,,,,,,,,,,,,,,,,,,,,,,,,,,,,,,,,,,,,,,,,,,,,,,,,,,,,,,,,,,,,,,,,,
23903000,-1230,-3961,-101,311,1173,16364,-36876,3650,309,593,2,2319,10760,610,12341,617,440,40,12341,1498000,1394000,1664000,1644000,537,-390,331,-241,,,,,,,,,,,,,,,,,,,,,,,,,,,,,,,,,,,,,,,,,,,,,,,,,,,,,,,,,,,,,,,,,,,,,,,,,,,,,,,,,,,,,,,,,,,,,,,,,,,,,
23950000,-1296,-4685,-329,-16,1185,21124,-45299,6580,347,599,-2,2679,11559,633,13290,628,334,132,13290,1499000,1468000,1627000,1664000,756,-624,475,-392,,,,,,,,,,,,,,,,,,,,,,,,,,,,,,,,,,,,,,,,,,,,,,,,,,,,,,,,,,,,,,,,,,,,,,,,,,,,,,,,,,,,,,,,,,,,,,,,,,,,,
24003000,738,-4567,-406,81,1247,12763,-36876,4443,221,617,0,3280,11640,633,13290,614,354,132,13290,1484000,1488000,1683000,1653000,551,-799,338,-490,,,,,,,,,,,,,,,,,,,,,,,,,,,,,,,,,,,,,,,,,,,,,,,,,,,,,,,,,,,,,,,,,,,,,,,,,,,,,,,,,,,,,,,,,,,,,,,,,,,,,
24050000,-218,-6077,299,-344,390,15570,-37426,4932,315,408,-4,3399,10760,634,13332,620,191,136,13332,1508000,1470000,1629000,1701777,357,-482,,,,,,,,,,,,,,,,,,,,,,,,,,,,,,,,,,,,,,,,,,,,,,,,,,,,,,,,,,,,,,,,,,,,,,,,,,,,,,,,,,,,,,,,,,,,,,,,,,,,,,,
24103000,-482,-6801,-322,3,1009,3912,-30590,5298,338,317,0,3399,10439,635,13374,650,221,139,13374,1479000,1515000,1642000,1682000,529,-995,344,-646,,,,,,,,,,,,,,,,,,,,,,,,,,,,,,,,,,,,,,,,,,,,,,,,,,,,,,,,,,,,,,,,,,,,,,,,,,,,,,,,,,,,,,,,,,,,,,,,,,,,,
24150000,-1739,-7326,122,-362,334,29364,-29247,6152,417,153,0,3039,9080,657,14317,622,151,228,14317,1580000,1475000,1621000,1727000,614,-780,381,-485,,,,,,,,,,,,,,,,,,,,,,,,,,,,,,,,,,,,,,,,,,,,,,,,,,,,,,,,,,,,,,,,,,,,,,,,,,,,,,,,,,,,,,,,,,,,,,,,,,,,,
24203000,67,-6716,-396,-15,1046,17096,-24730,1453,262,167,0,3080,8640,683,15472,606,127,332,15472,1516000,1517000,1709000,1724000,627,-955,380,-578,,,,,,,,,,,,,,,,,,,,,,,,,,,,,,,,,,,,,,,,,,,,,,,,,,,,,,,,,,,,,,,,,,,,,,,,,,,,,,,,,,,,,,,,,,,,,,,,,,,,,
24250000,-363,-7355,-267,-317,1281,15997,-15514,2246,290,7,-2,2960,7439,708,16626,630,134,432,16626,1580000,1543000,1718000,1766000,672,-1043,423,-657,,,,,,,,,,,,,,,,,,,,,,,,,,,,,,,,,,,,,,,,,,,,,,,,,,,,,,,,,,,,,,,,,,,,,,,,,,,,,,,,,,,,,,,,,,,,,,,,,,,,,
24303000,727,-6928,326,457,542,20392,4382,964,229,-18,0,3359,6719,708,16626,602,33,432,16626,1601000,1503000,1769000,1727000,430,-756,259,-455,,,,,,,,,,,,,,,,,,,,,,,,,,,,,,,,,,,,,,,,,,,,,,,,,,,,,,,,,,,,,,,,,,,,,,,,,,,,,,,,,,,,,,,,,,,,,,,,,,,,,
24350000,1303,-5151,537,142,774,41388,964,2429,179,77,-2,3359,6040,710,16720,612,55,439,16720,1652000,1466000,1734000,1752000,129,-932,79,-570,,,,,,,,,,,,,,,,,,,,,,,,,,,,,,,,,,,,,,,,,,,,,,,,,,,,,,,,,,,,,,,,,,,,,,,,,,,,,,,,,,,,,,,,,,,,,,,,,,,,,
24403000,4153,-3973,-204,658,809,25641,-12401,-682,-65,30,0,3399,4319,718,17099,604,81,471,17099,1619000,1485000,1741000,1788000,141,-683,85,-412,,,,,,,,,,,,,,,,,,,,,,,,,,,,,,,,,,,,,,,,,,,,,,,,,,,,,,,,,,,,,,,,,,,,,,,,,,,,,,,,,,,,,,,,,,,,,,,,,,,,,
24450000,4343,-3973,450,243,1058,30097,-9044,-1354,-85,-50,0,3359,3399,737,18016,624,8,548,18016,1645000,1459000,1761000,1788000,39,-591,24,-368,,,,,,,,,,,,,,,,,,,,,,,,,,,,,,,,,,,,,,,,,,,,,,,,,,,,,,,,,,,,,,,,,,,,,,,,,,,,,,,,,,,,,,,,,,,,,,,,,,,,,
24503000,5369,-4202,42,830,739,11969,-8068,-3978,-231,-101,-12,2720,3039,737,18016,609,101,548,18016,1609000,1491000,1796000,1808000,45,-535,27,-325,,,,,,,,,,,,,,,,,,,,,,,,,,,,,,,,,,,,,,,,,,,,,,,,,,,,,,,,,,,,,,,,,,,,,,,,,,,,,,,,,,,,,,,,,,,,,,,,,,,,,
24550000,4384,-4350,118,-599,1112,2142,-7213,537,-152,-117,0,2639,2999,739,18113,619,102,556,18113,1622000,1552000,1753000,1801000,-85,-493,-52,-305,,,,,,,,,,,,,,,,,,,,,,,,,,,,,,,,,,,,,,,,,,,,,,,,,,,,,,,,,,,,,,,,,,,,,,,,,,,,,,,,,,,,,,,,,,,,,,,,,,,,,
24603000,3442,-3357,346,-102,1282,-7439,8655,-2758,-73,-31,0,2600,2999,741,18212,623,179,564,18212,1585000,1547000,1807000,1781000,-296,-322,-184,-201,,,,,,,,,,,,,,,,,,,,,,,,,,,,,,,,,,,,,,,,,,,,,,,,,,,,,,,,,,,,,,,,,,,,,,,,,,,,,,,,,,,,,,,,,,,,,,,,,,,,,
24650000,1956,-2801,-399,-34,526,-15557,5908,476,52,48,0,2560,3359,741,18212,618,86,564,18212,1569000,1609000,1786000,1774000,-387,-273,-239,-169,,,,,,,,,,,,,,,,,,,,,,,,,,,,,,,,,,,,,,,,,,,,,,,,,,,,,,,,,,,,,,,,,,,,,,,,,,,,,,,,,,,,,,,,,,,,,,,,,,,,,
24703000,934,-3163,-446,-463,1664,372,4749,598,127,55,-2,2400,3800,741,18212,654,197,564,18212,1611000,1565000,1771000,1790000,-614,-27,-401,-17,,,,,,,,,,,,,,,,,,,,,,,,,,,,,,,,,,,,,,,,,,,,,,,,,,,,,,,,,,,,,,,,,,,,,,,,,,,,,,,,,,,,,,,,,,,,,,,,,,,,,
24750000,2435,-1957,425,292,1112,15814,2979,-2575,-128,279,-2,959,5160,740,18163,660,244,560,18163,1640000,14830024803000,1361,-2268,580,62,1158,-14275,-12828,-2819,-69,259,0,559,5239,739,18113,689,349,556,18113,1559000,1575000,1784000,1824850000,-131,-2195,-457,-108,1292,-18547,-13012,-621,32,265,-2,239,5239,720,17194,692,296,480,17194,1571000,1584000,1791000,1724903000,-608,-4052,-578,111,2166,-2984,-13134,598,74,107,-4,239,5280,708,16626,741,534,432,16626,1550000,1546000,1738000,1724950000,-596,-4256,200,-104,1200,-8355,1819,-72,76,19,-25003000,-2282,-3899,200,541,1805,5621,-12828,1758,97,-253,0,-1160,999,706,16532,843,848,423,16532,1600000,1510000,1680000,1804000,-1011,188,-852,158
25050000,-2070,-3424,109,131,1339,8002,-1232,-1781,-4,-291,0,-2120,79,704,16438,866,720,415,16438,1589000,1464000,1735000,1786000,-874,203,-757,176,,,,,,,,,,,,,,,,,,,,,,,,,,,,,,,,,,,,,,,,,,,,,,,,,,,,,,,,,,,,,,,,,,,,,,,,,,,,,,,,,,,,,,,,,,,,,,,,,,,,,
25103000,-1347,-4514,247,607,704,-8599,8594,-2208,-179,-383,0,-3400,120,674,15067,889,670,296,15067,1503000,1474000,1726000,1745000,-1076,284,-956,252,,,,,,,,,,,,,,,,,,,,,,,,,,,,,,,,,,,,,,,,,,,,,,,,,,,,,,,,,,,,,,,,,,,,,,,,,,,,,,,,,,,,,,,,,,,,,,,,,,,,,
25150000,-1132,-4199,301,322,823,-359,20191,1880,-285,-356,-2,-4400,120,676,15157,910,565,304,15157,1597000,1433000,1700000,1733000,-1051,289,-956,263,,,,,,,,,,,,,,,,,,,,,,,,,,,,,,,,,,,,,,,,,,,,,,,,,,,,,,,,,,,,,,,,,,,,,,,,,,,,,,,,,,,,,,,,,,,,,,,,,,,,,
25203000,-1480,-2016,-83,-9,560,-33013,27881,-1171,-321,-175,-2,-5160,0,673,15022,925,570,291,15022,1454000,1536000,1755000,1706000,-1186,161,-1097,149,,,,,,,,,,,,,,,,,,,,,,,,,,,,,,,,,,,,,,,,,,,,,,,,,,,,,,,,,,,,,,,,,,,,,,,,,,,,,,,,,,,,,,,,,,,,,,,,,,,,,
25250000,-1594,-1937,282,262,289,-27642,22266,-438,-412,-242,0,-6319,-839,673,15022,965,567,291,15022,1520000,1482000,1712000,1739000,-1259,432,-1215,416,,,,,,,,,,,,,,,,,,,,,,,,,,,,,,,,,,,,,,,,,,,,,,,,,,,,,,,,,,,,,,,,,,,,,,,,,,,,,,,,,,,,,,,,,,,,,,,,,,,,,
25303000,-2260,643,-419,-250,1669,-18364,19885,3406,-301,-83,0,-5720,-1599,672,14978,980,548,287,14978,1550000,1507000,1708000,1699000,-1275,436,-1249,427,,,,,,,,,,,,,,,,,,,,,,,,,,,,,,,,,,,,,,,,,,,,,,,,,,,,,,,,,,,,,,,,,,,,,,,,,,,,,,,,,,,,,,,,,,,,,,,,,,,,,
25350000,-2571,1865,-507,248,1746,-20684,19214,354,-128,-71,-2,-4040,-2680,672,14978,992,517,287,14978,1493000,1518000,1730000,1708000,-1167,465,-1158,461,,,,,,,,,,,,,,,,,,,,,,,,,,,,,,,,,,,,,,,,,,,,,,,,,,,,,,,,,,,,,,,,,,,,,,,,,,,,,,,,,,,,,,,,,,,,,,,,,,,,,
25403000,-3573,1356,-93,-211,1034,4340,15857,3162,-44,-209,0,-4080,-3760,673,15022,1014,484,291,15022,1570000,1481000,1691000,1715000,-1207,351,-1224,356,,,,,,,,,,,,,,,,,,,,,,,,,,,,,,,,,,,,,,,,,,,,,,,,,,,,,,,,,,,,,,,,,,,,,,,,,,,,,,,,,,,,,,,,,,,,,,,,,,,,,
25450000,-3433,714,-399,-109,1213,-8110,26538,964,-49,-293,0,-3999,-4080,672,14978,1036,462,287,14978,1511000,1516000,1738000,1692000,-1315,281,-1363,291,,,,,,,,,,,,,,,,,,,,,,,,,,,,,,,,,,,,,,,,,,,,,,,,,,,,,,,,,,,,,,,,,,,,,,,,,,,,,,,,,,,,,,,,,,,,,,,,,,,,,
25503000,-3079,1442,443,13,-116,-6585,28064,903,27,-296,0,-2760,-4839,672,14978,1080,429,287,14978,1510000,1516000,1732000,1699000,-1089,237,-1176,256,,,,,,,,,,,,,,,,,,,,,,,,,,,,,,,,,,,,,,,,,,,,,,,,,,,,,,,,,,,,,,,,,,,,,,,,,,,,,,,,,,,,,,,,,,,,,,,,,,,,,
25550000,-2680,2897,351,-381,51,-3838,29163,-194,-10,-207,-2,-2799,-5279,672,14978,1065,327,287,14978,1516000,1493000,1753000,1689000,-1137,266,-1211,283,,,,,,,,,,,,,,,,,,,,,,,,,,,,,,,,,,,,,,,,,,,,,,,,,,,,,,,,,,,,,,,,,,,,,,,,,,,,,,,,,,,,,,,,,,,,,,,,,,,,,
25603000,-2223,2215,363,538,568,-4876,17139,2612,-113,-260,0,-3520,-5200,671,14933,1114,338,284,14933,1540000,1514000,1686000,1723000,-1173,146,-1307,163,,,,,,,,,,,,,,,,,,,,,,,,,,,,,,,,,,,,,,,,,,,,,,,,,,,,,,,,,,,,,,,,,,,,,,,,,,,,,,,,,,,,,,,,,,,,,,,,,,,,,
25650000,-927,2038,555,-187,969,-17571,11707,842,-226,-282,-2,-3520,-5279,672,14978,1135,319,287,14978,1494000,1532000,1702000,1728000,-1116,202,-1267,229,,,,,,,,,,,,,,,,,,,,,,,,,,,,,,,,,,,,,,,,,,,,,,,,,,,,,,,,,,,,,,,,,,,,,,,,,,,,,,,,,,,,,,,,,,,,,,,,,,,,,
25703000,-1640,1289,-560,210,1754,-13482,16834,3467,-268,-414,-4,-4720,-6040,672,14978,1140,338,287,14978,1559000,1506000,1684000,1720000,-1067,246,-1217,281,,,,,,,,,,,,,,,,,,,,,,,,,,,,,,,,,,,,,,,,,,,,,,,,,,,,,,,,,,,,,,,,,,,,,,,,,,,,,,,,,,,,,,,,,,,,,,,,,,,,,
25750000,-2114,2422,-353,374,1266,-22942,24768,3467,-136,-382,0,-3680,-6799,672,14978,1182,341,287,14978,1515000,1552000,1703000,1693000,-952,179,-1126,211,,,,,,,,,,,,,,,,,,,,,,,,,,,,,,,,,,,,,,,,,,,,,,,,,,,,,,,,,,,,,,,,,,,,,,,,,,,,,,,,,,,,,,,,,,,,,,,,,,,,,
25803000,-1767,2966,252,-76,-105,-11467,34107,1880,-470,-449,-2,-7160,-8120,672,14978,1202,298,287,14978,1578000,1462000,1720000,1695000,-808,157,-971,189,,,,,,,,,,,,,,,,,,,,,,,,,,,,,,,,,,,,,,,,,,,,,,,,,,,,,,,,,,,,,,,,,,,,,,,,,,,,,,,,,,,,,,,,,,,,,,,,,,,,,
25850000,-801,2385,141,129,651,-22026,23670,2673,-561,-580,0,-7240,-9040,673,15022,1232,342,291,15022,1551000,1512000,1685000,1721000,-892,41,-1099,51,,,,,,,,,,,,,,,,,,,,,,,,,,,,,,,,,,,,,,,,,,,,,,,,,,,,,,,,,,,,,,,,,,,,,,,,,,,,,,,,,,,,,,,,,,,,,,,,,,,,,
25903000,-2664,2378,-122,-26,1262,-57000,29834,1148,305,-888,-2,839,-12560,672,14978,1247,375,287,14978,1208000,1713000,1675000,1745000,-731,-135,-912,-168,,,,,,,,,,,,,,,,,,,,,,,,,,,,,,,,,,,,,,,,,,,,,,,,,,,,,,,,,,,,,,,,,,,,,,,,,,,,,,,,,,,,,,,,,,,,,,,,,,,,,
25950000,-5215,2807,68,265,1240,-27581,50464,2124,552,-903,0,1119,-13160,670,14889,1275,487,280,14889,1480000,1567000,1709000,1696000,-329,123,-420,157,,,,,,,,,,,,,,,,,,,,,,,,,,,,,,,,,,,,,,,,,,,,,,,,,,,,,,,,,,,,,,,,,,,,,,,,,,,,,,,,,,,,,,,,,,,,,,,,,,,,,
26003000,-5924,4193,210,-610,493,32172,71582,2063,516,-744,0,0,-12720,672,14978,1323,450,287,14978,1595000,1451000,1753000,1652000,-500,-122,-661,-162,,,,,,,,,,,,,,,,,,,,,,,,,,,,,,,,,,,,,,,,,,,,,,,,,,,,,,,,,,,,,,,,,,,,,,,,,,,,,,,,,,,,,,,,,,,,,,,,,,,,,
26050000,-2579,5958,-196,-524,928,47186,51013,1087,326,-457,-2,1159,-11200,670,14889,1338,544,280,14889,1575000,1456000,1735000,1680000,-476,-232,-637,-311,,,,,,,,,,,,,,,,,,,,,,,,,,,,,,,,,,,,,,,,,,,,,,,,,,,,,,,,,,,,,,,,,,,,,,,,,,,,,,,,,,,,,,,,,,,,,,,,,,,,,
26103000,761,5994,387,-103,1019,25702,16712,2429,-42,-269,-2,279,-9080,671,14933,1368,552,284,14933,1566000,1491000,1683000,1716000,-252,-299,-346,-409,,,,,,,,,,,,,,,,,,,,,,,,,,,,,,,,,,,,,,,,,,,,,,,,,,,,,,,,,,,,,,,,,,,,,,,,,,,,,,,,,,,,,,,,,,,,,,,,,,,,,
26150000,1683,5125,-412,-389,1269,13129,7251,1148,-174,94,0,-320,-4040,670,14889,1366,438,280,14889,1547000,1496000,1730000,1679000,-245,-228,-335,-312,,,,,,,,,,,,,,,,,,,,,,,,,,,,,,,,,,,,,,,,,,,,,,,,,,,,,,,,,,,,,,,,,,,,,,,,,,,,,,,,,,,,,,,,,,,,,,,,,,,,,
26203000,2499,2851,325,556,743,-4387,-18688,2673,-120,416,-2,1119,1919,670,14889,1353,329,280,14889,1499000,1563000,1696000,1695000,115,-374,156,-506,,,,,,,,,,,,,,,,,,,,,,,,,,,,,,,,,,,,,,,,,,,,,,,,,,,,,,,,,,,,,,,,,,,,,,,,,,,,,,,,,,,,,,,,,,,,,,,,,,,,,
26250000,1574,-347,212,173,951,-4082,-41027,2002,79,343,0,2479,4279,670,14889,1347,136,280,14889,1501000,1560000,1664000,1734000,75,-352,102,-475,,,,,,,,,,,,,,,,,,,,,,,,,,,,,,,,,,,,,,,,,,,,,,,,,,,,,,,,,,,,,,,,,,,,,,,,,,,,,,,,,,,,,,,,,,,,,,,,,,,,,
26303000,1097,-1709,-234,-205,760,20392,-26928,232,155,370,0,2879,5959,671,14933,1341,-59,284,14933,1572000,1461000,1724000,1694000,485,-253,650,-340,,,,,,,,,,,,,,,,,,,,,,,,,,,,,,,,,,,,,,,,,,,,,,,,,,,,,,,,,,,,,,,,,,,,,,,,,,,,,,,,,,,,,,,,,,,,,,,,,,,,,
26350000,1931,-3460,33,262,937,20087,-24669,415,107,427,-2,3159,8360,670,14889,1329,-111,280,14889,1558000,1477000,1722000,1693000,486,-552,646,-733,,,,,,,,,,,,,,,,,,,,,,,,,,,,,,,,,,,,,,,,,,,,,,,,,,,,,,,,,,,,,,,,,,,,,,,,,,,,,,,,,,,,,,,,,,,,,,,,,,,,,
26403000,2009,-4557,-34,-34,715,4523,-44140,2429,131,625,-2,3520,11719,669,14844,1305,-175,276,14844,1512000,1554000,1691000,1698000,503,-655,657,-854,,,,,,,,,,,,,,,,,,,,,,,,,,,,,,,,,,,,,,,,,,,,,,,,,,,,,,,,,,,,,,,,,,,,,,,,,,,,,,,,,,,,,,,,,,,,,,,,,,,,,
26450000,1890,-5269,-207,-55,1184,3180,-52868,3894,232,625,-2,4560,12440,670,14889,1318,-139,280,14889,1551000,1539000,1638000,1733000,772,-558,1017,-736,,,,,,,,,,,,,,,,,,,,,,,,,,,,,,,,,,,,,,,,,,,,,,,,,,,,,,,,,,,,,,,,,,,,,,,,,,,,,,,,,,,,,,,,,,,,,,,,,,,,,
26503000,2560,-6488,11,-37,1619,10138,-42919,-560,247,648,0,5399,13920,670,14889,1273,-232,280,26550000,1556,-6249,15,130,727,19721,-40538,-1354,338,669,-2,5439,13920,670,14889,1270,-343,280,14889,1537000,1478000,1746000,1626603000,1997,-8210,-139,-95,1073,21063,-70446,3833,324,505,0,5720,14000,671,14933,1257,-324,284,14933,1557000,1539000,1592000,1770000,761,-551,957,-693,,,,,,,,,,,,,,,,,,,,,,,,,,,,,,,,,,,,,,,,,,,,,,,,,,,,,,,,,,,
26650000,2492,-9073,-58,-422,896,15387,-59581,-1476,306,426,-2,5999,13959,671,14933,1228,-396,284,14933,1513000,1501000,1660000,1766000,970,-616,1191,-756,,,,,,,,,,,,,,,,,,,,,,,,,,,,,,,,,,,,,,,,,,,,,,,,,,,,,,,,,,,,,,,,,,,,,,,,,,,,,,,,,,,,,,,,,,,,,,,,,,,,,
26703000,2284,-9135,-250,-123,810,7575,-32787,-2453,324,417,-4,5999,13920,671,14933,1232,-253,284,14933,1487000,1513000,1730000,1713000,934,-506,1150,-623,,,,,,,,,,,,,,,,,,,,,,,,,,,,,,,,,,,,,,,,,,,,,,,,,,,,,,,,,,,,,,,,,,,,,,,,,,,,,,,,,,,,,,,,,,,,,,,,,,,,,
26750000,1061,-10095,-59,-408,1454,18256,-34984,232,430,333,-4,5999,13920,670,14889,1233,-136,280,14889,1514000,1525000,1673000,1740000,874,-449,1078,-553,,,,,,,,,,,,,,,,,,,,,,,,,,,,,,,,,,,,,,,,,,,,,,,,,,,,,,,,,,,,,,,,,,,,,,,,,,,,,,,,,,,,,,,,,,,,,,,,,,,,,
26803000,2899,-10741,-70,526,1343,34247,-28942,49,308,266,-6,6440,13800,670,14889,1232,-177,280,14889,1582000,1443000,1668000,1748000,734,-360,904,-444,,,,,,,,,,,,,,,,,,,,,,,,,,,,,,,,,,,,,,,,,,,,,,,,,,,,,,,,,,,,,,,,,,,,,,,,,,,,,,,,,,,,,,,,,,,,,,,,,,,,,
26850000,3174,-9513,-242,382,2023,35895,-27233,-1171,222,391,-2,5720,14000,670,14889,1231,-152,280,14889,1567000,1445000,1683000,1745000,825,-449,1015,-553,,,,,,,,,,,,,,,,,,,,,,,,,,,,,,,,,,,,,,,,,,,,,,,,,,,,,,,,,,,,,,,,,,,,,,,,,,,,,,,,,,,,,,,,,,,,,,,,,,,,,
26903000,3488,-7998,48,-356,522,12152,-35900,-866,299,551,0,6919,14320,671,14933,1213,-255,284,14933,1471000,1549000,1689000,1732000,655,-526,795,-638,,,,,,,,,,,,,,,,,,,,,,,,,,,,,,,,,,,,,,,,,,,,,,,,,,,,,,,,,,,,,,,,,,,,,,,,,,,,,,,,,,,,,,,,,,,,,,,,,,,,,
26950000,2444,-8470,338,-403,544,17035,-40355,1209,387,510,-2,6879,14320,670,14889,1205,-190,280,14889,1530000,1523000,1662000,1740000,428,-445,516,-536,,,,,,,,,,,,,,,,,,,,,,,,,,,,,,,,,,,,,,,,,,,,,,,,,,,,,,,,,,,,,,,,,,,,,,,,,,,,,,,,,,,,,,,,,,,,,,,,,,,,,
27003000,2948,-8793,-522,294,1812,14166,-25463,-621,343,485,-2,6879,14360,671,14933,1216,-71,284,14933,1538000,1489000,1707000,1719000,480,-344,584,-418,,,,,,,,,,,,,,,,,,,,,,,,,,,,,,,,,,,,,,,,,,,,,,,,,,,,,,,,,,,,,,,,,,,,,,,,,,,,,,,,,,,,,,,,,,,,,,,,,,,,,
27050000,2803,-8885,-301,-153,1425,16303,-17345,-2086,258,380,0,5759,13239,670,14889,1226,-58,280,14889,1508000,1497000,1689000,1749000,622,-57,762,-70,,,,,,,,,,,,,,,,,,,,,,,,,,,,,,,,,,,,,,,,,,,,,,,,,,,,,,,,,,,,,,,,,,,,,,,,,,,,,,,,,,,,,,,,,,,,,,,,,,,,,
27103000,3144,-9000,117,-114,761,30768,-11242,-560,-152,-370,-4,1400,4760,670,14889,1185,-126,280,14889,1637000,1344000,1580000,1825000,237,-97,281,-115,,,,,,,,,,,,,,,,,,,,,,,,,,,,,,,,,,,,,,,,,,,,,,,,,,,,,,,,,,,,,,,,,,,,,,,,,,,,,,,,,,,,,,,,,,,,,,,,,,,,,
27150000,3586,-8022,337,-45,-10,18622,2246,-133,-302,-689,-2,120,120,670,14889,1191,-237,280,14889,1578000,1447000,1664000,1755000,-71,-31,-84,-37,,,,,,,,,,,,,,,,,,,,,,,,,,,,,,,,,,,,,,,,,,,,,,,,,,,,,,,,,,,,,,,,,,,,,,,,,,,,,,,,,,,,,,,,,,,,,,,,,,,,,
27203000,3061,-6360,-128,-238,537,-18547,28552,-1049,-354,-541,-2,-1000,160,671,14933,1180,-338,284,14933,1496000,1522000,1715000,1718000,-158,-188,-186,-222,,,,,,,,,,,,,,,,,,,,,,,,,,,,,,,,,,,,,,,,,,,,,,,,,,,,,,,,,,,,,,,,,,,,,,,,,,,,,,,,,,,,,,,,,,,,,,,,,,,,,
27250000,947,-3943,-333,-310,1452,-41741,52234,-2819,-372,-539,-2,-3320,-2239,671,14933,1160,-381,284,14933,1467000,1522000,1735000,1718000,-236,127,-274,147,,,,,,,,,,,,,,,,,,,,,,,,,,,,,,,,,,,,,,,,,,,,,,,,,,,,,,,,,,,,,,,,,,,,,,,,,,,,,,,,,,,,,,,,,,,,,,,,,,,,,
27303000,-60,-1898,138,142,676,-30388,49793,-4589,-357,-514,-2,-4160,-3999,670,14889,1116,-411,280,14889,1523000,1435000,1731000,1742000,-256,417,-286,465,,,,,,,,,,,,,,,,,,,,,,,,,,,,,,,,,,,,,,,,,,,,,,,,,,,,,,,,,,,,,,,,,,,,,,,,,,,,,,,,,,,,,,,,,,,,,,,,,,,,,
27350000,-606,-585,264,181,344,-21965,56506,-1110,-118,-539,0,-1959,-5599,671,14933,1096,-471,284,14933,1498000,1517000,1731000,1704000,-484,380,-530,416,,,,,,,,,,,,,,,,,,,,,,,,,,,,,,,,,,,,,,,,,,,,,,,,,,,,,,,,,,,,,,,,,,,,,,,,,,,,,,,,,,,,,,,,,,,,,,,,,,,,,
27403000,-1909,1824,-3,15,521,-17083,40759,1880,34,-402,-2,-1520,-6440,671,14933,1078,-446,284,14933,1534000,1522000,1686000,1718000,-636,440,-686,474,,,,,,,,,,,,,,,,,,,,,,,,,,,,,,,,,,,,,,,,,,,,,,,,,,,,,,,,,,,,,,,,,,,,,,,,,,,,,,,,,,,,,,,,,,,,,,,,,,,,,
27450000,-1882,3568,-124,105,1009,-12444,42957,-2697,-233,-313,0,-4559,-7160,671,14933,1066,-440,284,14933,1518000,1471000,1730000,1723000,-482,460,-514,490,,,,,,,,,,,,,,,,,,,,,,,,,,,,,,,,,,,,,,,,,,,,,,,,,,,,,,,,,,,,,,,,,,,,,,,,,,,,,,,,,,,,,,,,,,,,,,,,,,,,,
27503000,-2780,5161,-113,-548,1190,-10308,28125,2368,-291,-174,0,-6120,-7160,671,14933,1058,-447,284,14933,1578000,1483000,1668000,1729000,-638,450,-675,476,,,,,,,,,,,,,,,,,,,,,,,,,,,,,,,,,,,,,,,,,,,,,,,,,,,,,,,,,,,,,,,,,,,,,,,,,,,,,,,,,,,,,,,,,,,,,,,,,,,,,
27550000,-2930,6154,-464,-311,1501,-21050,11035,1270,-424,-38,-2,-7799,-6599,671,14933,1025,-418,284,14933,1549000,1497000,1673000,1737000,-341,281,-349,288,,,,,,,,,,,,,,,,,,,,,,,,,,,,,,,,,,,,,,,,,,,,,,,,,,,,,,,,,,,,,,,,,,,,,,,,,,,,,,,,,,,,,,,,,,,,,,,,,,,,,
27603000,-3001,3605,193,-19,886,-25750,16345,293,-760,-174,-2,-11719,-5599,669,14844,1027,-448,276,14844,1577000,1443000,1695000,1724000,-287,477,-295,490,,,,,,,,,,,,,,,,,,,,,,,,,,,,,,,,,,,,,,,,,,,,,,,,,,,,,,,,,,,,,,,,,,,,,,,,,,,,,,,,,,,,,,,,,,,,,,,,,,,,,
27650000,-3629,3593,263,-340,971,-45830,18054,3772,-744,-59,0,-12160,-4279,671,14933,1001,-372,284,14933,1514000,1568000,1712000,1668000,-501,629,-502,629,,,,,,,,,,,,,,,,,,,,,,,,,,,,,,,,,,,,,,,,,,,,,,,,,,,,,,,,,,,,,,,,,,,,,,,,,,,,,,,,,,,,,,,,,,,,,,,,,,,,,
27703000,-5443,3188,-21,700,924,-54924,4382,-2269,-376,-88,0,-9760,-4200,671,14933,979,-402,284,14933,1465000,1530000,1702000,1746000,-331,747,-324,731,,,,,,,,,,,,,,,,,,,,,,,,,,,,,,,,,,,,,,,,,,,,,,,,,,,,,,,,,,,,,,,,,,,,,,,,,,,,,,,,,,,,,,,,,,,,,,,,,,,,,
27750000,-7620,3062,332,207,1361,-28008,3406,842,-8,-67,-2,-7719,-3839,672,14978,959,-460,287,14978,1529000,1513000,1685000,1733000,-198,750,-190,719,,,,,,,,,,,,,,,,,,,,,,,,,,,,,,,,,,,,,,,,,,,,,,,,,,,,,,,,,,,,,,,,,,,,,,,,,,,,,,,,,,,,,,,,,,,,,,,,,,,,,
27803000,-6935,3728,-174,-408,-167,5866,-988,3101,1,-34,-4,-6920,-4119,671,14933,951,-484,284,14933,1582000,1486000,1675000,17,-364,477,,,,,,,,,,,,,,,,,,,,,,,,,,,,,,,,,,,,,,,,,,,,,,,,,,,,,,,,,,,,,,,,,,,,,,,,,,,,,,,,,,,,,,,,,,,,,,,,,,,,,,,
27850000,-5474,2883,-281,191,1302,-7317,2734,-621,-115,-188,0,-6800,-5039,672,14978,935,-396,287,14978,1520000,1505000,1696000,1735000,-317,241,-296,225,,,,,,,,,,,,,,,,,,,,,,,,,,,,,,,,,,,,,,,,,,,,,,,,,,,,,,,,,,,,,,,,,,,,,,,,,,,,,,,,,,,,,,,,,,,,,,,,,,,,,
27903000,-3738,1595,-75,523,942,-16411,13233,1026,-277,-352,0,-6920,-5640,681,15382,879,-490,323,15382,1557000,1511000,1690000,1740000,-31,342,-27,300,27950000,-3816,630,-10,331,1735,-8171,12195,2185,-270,-342,0,-6920,-4559,691,15837,881,-464,363,15837,1580000,1528000,1710000,1726000,-29,317,-26,279,,,,,,,,,,,,,,,,,,,,,,,,,,,,,,,,,,,,,,,,,,,,,,,,,,,,,,,,,,,,,,,,,,,,,,,,,
28003000,-3403,313,57,-31,677,-22576,15674,-2453,-261,-192,0,-6399,-2519,708,16626,848,-468,432,16626,1515000,1567000,1779000,1733000,-24,202,-20,171,,,,,,,,,,,,,,,,,,,,,,,,,,,,,,,,,,,,,,,,,,,,,,,,,,,,,,,,,,,,,,,,,,,,,,,,,,,,,,,,,,,,,,,,,,,,,,,,,,,,,
28050000,-3684,-606,-138,251,1228,-17083,15430,2673,3,-108,-2,-3639,-640,707,16579,849,-353,428,16579,1559000,1591000,1726000,1735000,69,116,59,98,,,,,,,,,,,,,,,,,,,,,,,,,,,,,,,,,,,,,,,,,,,,,,,,,,,,,,,,,,,,,,,,,,,,,,,,,,,,,,,,,,,,,,,,,,,,,,,,,,,,,
28103000,-3404,187,-202,-628,1326,494,8106,2490,87,9,0,-2400,-80,709,16673,791,-367,435,16673,1578000,1575000,1717000,1748000,158,-142,125,-112,,,,,,,,,,,,,,,,,,,,,,,,,,,,,,,,,,,,,,,,,,,,,,,,,,,,,,,,,,,,,,,,,,,,,,,,,,,,,,,,,,,,,,,,,,,,,,,,,,,,,
28150000,-845,945,-452,209,788,-2861,-1537,-805,35,194,-2,-440,1280,710,16720,801,-401,439,16720,1517000,1591000,1768000,1733000,228,26,183,21,,,,,,,,,,,,,,,,,,,,,,,,,,,,,,,,,,,,,,,,,,,,,,,,,,,,,,,,,,,,,,,,,,,,,,,,,,,,,,,,,,,,,,,,,,,,,,,,,,,,,
28203000,-540,-161,-392,-488,1417,11908,-19909,1026,68,219,0,239,2679,711,16767,768,-422,444,16767,1574000,1562000,1719000,1762000,378,-327,290,-251,,,,,,,,,,,,,,,,,,,,,,,,,,,,,,,,,,,,,,,,,,,,,,,,,,,,,,,,,,,,,,,,,,,,,,,,,,,,,,,,,,,,,,,,,,,,,,,,,,,,,
28250000,-52,-1410,-106,40,737,-3106,-20275,-3673,130,239,0,1440,4159,714,16909,759,-341,455,16909,1486000,1591000,1766000,1771000,584,-368,443,-279,,,,,,,,,,,,,,,,,,,,,,,,,,,,,,,,,,,,,,,,,,,,,,,,,,,,,,,,,,,,,,,,,,,,,,,,,,,,,,,,,,,,,,,,,,,,,,,,,,,,,
28303000,-969,-1569,-101,-407,877,7758,-19481,1331,276,344,-2,2200,5520,715,16956,768,-311,459,16956,1582000,1567000,1723000,1767000,553,-498,425,-383,,,,,,,,,,,,,,,,,,,,,,,,,,,,,,,,,,,,,,,,,,,,,,,,,,,,,,,,,,,,,,,,,,,,,,,,,,,,,,,,,,,,,,,,,,,,,,,,,,,,,
28350000,-1553,-2033,-389,-214,589,24909,-29613,-2758,589,475,-4,5200,7479,714,16909,714,-345,455,16909,1509000,1578000,1756000,1775000,708,-471,505,-336,,,,,,,,,,,,,,,,,,,,,,,,,,,,,,,,,,,,,,,,,,,,,,,,,,,,,,,,,,,,,,,,,,,,,,,,,,,,,,,,,,,,,,,,,,,,,,,,,,,,,
28403000,292,-4128,-402,-649,1758,43829,-41149,1331,613,320,-2,7319,7799,716,17003,708,-389,464,17003,1588000,1564000,1692000,1799000,563,-637,398,-451,,,,,,,,,,,,,,,,,,,,,,,,,,,,,,,,,,,,,,,,,,,,,,,,,,,,,,,,,,,,,,,,,,,,,,,,,,,,,,,,,,,,,,,,,,,,,,,,,,,,,
28450000,2475,-5694,-698,-47,2175,33820,-24974,-1842,705,208,0,10559,8080,716,17003,694,-172,464,17003,1542000,1565000,1746000,1779000,865,-850,600,-590,,,,,,,,,,,,,,,,,,,,,,,,,,,,,,,,,,,,,,,,,,,,,,,,,,,,,,,,,,,,,,,,,,,,,,,,,,,,,,,,,,,,,,,,,,,,,,,,,,,,,
28503000,3766,-7578,-33,-735,1142,47858,-24974,-1232,770,43,-4,12600,8080,714,16909,706,-106,455,16909,1579000,1526000,1713000,1803000,859,-555,606,-392,,,,,,,,,,,,,,,,,,,,,,,,,,,,,,,,,,,,,,,,,,,,,,,,,,,,,,,,,,,,,,,,,,,,,,,,,,,,,,,,,,,,,,,,,,,,,,,,,,,,,
28550000,5429,-7308,-906,-37,2175,48956,903,-2514,807,-58,-6,14679,6640,714,16909,692,32,455,16909,1576000,1507000,1770000,1765000,835,-694,578,-480,,,,,,,,,,,,,,,,,,,,,,,,,,,,,,,,,,,,,,,,,,,,,,,,,,,,,,,,,,,,,,,,,,,,,,,,,,,,,,,,,,,,,,,,,,,,,,,,,,,,,
28603000,6503,-5910,363,-226,-1099,57807,3833,-2330,744,-6,-4,15039,5840,712,16814,722,25,448,16814,1571000,1508000,1754000,1774000,683,-621,493,-449,,,,,,,,,,,,,,,,,,,,,,,,,,,,,,,,,,,,,,,,,,,,,,,,,,,,,,,,,,,,,,,,,,,,,,,,,,,,,,,,,,,,,,,,,,,,,,,,,,,,,
28650000,7048,-5826,-464,-239,1626,27472,8289,-3795,641,-19,-6,14400,5599,711,16767,721,97,444,16767,1504000,1551000,1757000,1788000,805,-508,580,-366,,,,,,,,,,,,,,,,,,,,,,,,,,,,,,,,,,,,,,,,,,,,,,,,,,,,,,,,,,,,,,,,,,,,,,,,,,,,,,,,,,,,,,,,,,,,,,,,,,,,,
28703000,8735,-5355,109,-340,1016,44928,8106,-255,410,14,-2,13440,5520,712,16814,720,181,448,16814,1612000,1490000,1737000,1773000,379,-179,273,-129,,,,,,,,,,,,,,,,,,,,,,,,,,,,,,,,,,,,,,,,,,,,,,,,,,,,,,,,,,,,,,,,,,,,,,,,,,,,,,,,,,,,,,,,,,,,,,,,,,,,,
28750000,9663,-4174,-138,556,904,24298,10059,-2208,329,148,-4,13440,5880,711,16767,749,262,444,16767,1551000,1525000,1771000,1760000,507,-112,380,-84,,,,,,,,,,,,,,,,,,,,,,,,,,,,,,,,,,,,,,,,,,,,,,,,,,,,,,,,,,,,,,,,,,,,,,,,,,,,,,,,,,,,,,,,,,,,,,,,,,,,,
28803000,8176,-3859,-240,302,936,18744,-7640,-3551,487,183,-6,13759,5959,710,16720,723,170,439,16720,1498000,1552000,1752000,1792000,619,58,448,42,,,,,,,,,,,,,,,,,,,,,,,,,,,,,,,,,,,,,,,,,,,,,,,,,,,,,,,,,,,,,,,,,,,,,,,,,,,,,,,,,,,,,,,,,,,,,,,,,,,,,
28850000,7148,-4807,139,-187,344,33515,-20702,-621,542,76,-4,13360,5680,709,16673,756,295,435,16673,1576000,1517000,1719000,1796000,553,364,418,275,,,,,,,,,,,,,,,,,,,,,,,,,,,,,,,,,,,,,,,,,,,,,,,,,,,,,,,,,,,,,,,,,,,,,,,,,,,,,,,,,,,,,,,,,,,,,,,,,,,,,
28903000,8442,-4556,78,188,750,27167,5908,-3551,348,70,-2,12440,5360,710,16720,781,255,439,16720,1583000,1461000,1789000,1756000,615,441,480,344,,,,,,,,,,,,,,,,,,,,,,,,,,,,,,,,,,,,,,,,,,,,,,,,,,,,,,,,,,,,,,,,,,,,,,,,,,,,,,,,,,,,,,,,,,,,,,,,,,,,,
28950000,8596,-3506,-519,-576,1570,5621,-3307,232,-111,43,-4,7319,4000,710,16720,795,353,439,16720,1573000,1527000,1725000,1784000,629,717,500,570,,,,,,,,,,,,,,,,,,,,,,,,,,,,,,,,,,,,,,,,,,,,,,,,,,,,,,,,,,,,,,,,,,,,,,,,,,,,,,,,,,,,,,,,,,,,,,,,,,,,,
29003000,8474,-3223,190,-408,1067,-13848,1941,-3307,-788,4,-4,-559,3280,710,16720,769,193,439,16720,1594000,1443000,1763000,1785000,427,907,329,697,,,,,,,,,,,,,,,,,,,,,,,,,,,,,,,,,,,,,,,,,,,,,,,,,,,,,,,,,,,,,,,,,,,,,,,,,,,,,,,,,,,,,,,,,,,,,,,,,,,,,
29050000,7101,-2513,-632,334,1209,-59563,10669,-2819,-1195,77,-6,-6599,3399,709,16673,779,29103000,2879,-1002,-548,106,738,-84221,-12523,-2086,-1008,177,-4,-8680,3039,710,16720,765,22,439,16720,1462000,1592000,1759000,1783000,545,1122,417,858,,,,,,,,,,,,,,,,,,,,,,,,,,,,,,,,,,,,,,,,,,,,,,,,,,,,,,,,,,,,,,,,,,,,,,,,,,,,,,,,,,,,
29150000,-948,-2321,224,-97,1992,-85747,-14965,-5260,-936,94,-4,-11680,3399,709,16673,762,-12,435,16673,1475000,1530000,1762000,1810000,4,892,3,680,,,,,,,,,,,,,,,,,,,,,,,,,,,,,,,,,,,,,,,,,,,,,,,,,,,,,,,,,,,,,,,,,,,,,,,,,,,,,,,,,,,,,,,,,,,,,,,,,,,,,
29203000,-3606,-3087,-38,589,1424,-72380,-5382,-3978,-875,30,-6,-13640,3440,710,16720,760,19,439,16720,1544000,1475000,1780000,1781000,4,29250000,-6047,-4173,-139,-179,1115,-58037,-13012,3406,-812,-29,-4,-15360,3840,709,16673,771,78,435,16673,1571000,1556000,1723000,1762000,71,1322,54,1019,,,,,,,,,,,,,,,,,,,,,,,,,,,,,,,,,,,,,,,,,,,,,,,,,,,,,,,,,,,,,,,,,,,,,,,,,,,,
29303000,-6810,-4293,384,232,205,-58037,7495,-4833,-812,-8,-2,-16119,4200,711,16767,798,124,444,16767,1513000,1503000,1805000,1767000,258,1478,206,1180,,,,,,,,,,,,,,,,,,,,,,,,,,,,,,,,,,,,,,,,,,,,,,,,,,,,,,,,,,,,,,,,,,,,,,,,,,,,,,,,,,,,,,,,,,,,,,,,,,,,,
29350000,-6771,-1951,708,-628,203,-56023,-9411,4199,-847,189,-4,-16480,4119,710,16720,773,128,439,16720,1578000,1561000,1704000,1775000,110,1221,85,944,,,,,,,,,,,,,,,,,,,,,,,,,,,,,,,,,,,,,,,,,,,,,,,,,,,,,,,,,,,,,,,,,,,,,,,,,,,,,,,,,,,,,,,,,,,,,,,,,,,,,
29403000,-8082,-2009,234,-63,1421,-74273,-1110,-316,-736,135,-4,-16520,3559,710,16720,806,265,439,16720,1492000,1579000,1750000,1775000,110,1221,89,984,,,,,,,,,,,,,,,,,,,,,,,,,,,,,,,,,,,,,,,,,,,,,,,,,,,,,,,,,,,,,,,,,,,,,,,,,,,,,,,,,,,,,,,,,,,,,,,,,,,,,
29450000,-9573,-2102,-194,-400,964,-58953,-1171,3467,-606,64,-4,-16520,2839,710,16720,825,340,439,16720,1517000,1609000,1741000,1746000,80,1133,66,935,,,,,,,,,,,,,,,,,,,,,,,,,,,,,,,,,,,,,,,,,,,,,,,,,,,,,,,,,,,,,,,,,,,,,,,,,,,,,,,,,,,,,,,,,,,,,,,,,,,,,
29503000,-10304,-1389,752,-37,101,-41436,-682,1758,-542,130,-4,-16520,2880,709,16673,861,348,435,16673,1563000,1542000,1747000,1756000,80,1133,69,976,,,,,,,,,,,,,,,,,,,,,,,,,,,,,,,,,,,,,,,,,,,,,,,,,,,,,,,,,,,,,,,,,,,,,,,,,,,,,,,,,,,,,,,,,,,,,,,,,,,,,
29550000,-10810,-1264,230,-598,693,-32586,-2819,2002,-498,95,-2,-16520,2360,710,16720,878,414,439,16720,1554000,1559000,1741000,1759000,76,830,67,729,,,,,,,,,,,,,,,,,,,,,,,,,,,,,,,,,,,,,,,,,,,,,,,,,,,,,,,,,,,,,,,,,,,,,,,,,,,,,,,,,,,,,,,,,,,,,,,,,,,,,
29603000,-9566,-3007,-19,-208,1645,-36431,-21862,2429,-603,-84,2,-16480,2040,711,16767,899,556,444,16767,1556000,1568000,1694000,1795000,-142,465,-127,418,,,,,,,,,,,,,,,,,,,,,,,,,,,,,,,,,,,,,,,,,,,,,,,,,,,,,,,,,,,,,,,,,,,,,,,,,,,,,,,,,,,,,,,,,,,,,,,,,,,,,
29650000,-9047,-3254,62,-367,1584,-31914,3711,-133,-645,-105,0,-16440,2040,710,16720,925,643,439,16720,1549000,1538000,1755000,1765000,102,308,94,285,,,,,,,,,,,,,,,,,,,,,,,,,,,,,,,,,,,,,,,,,,,,,,,,,,,,,,,,,,,,,,,,,,,,,,,,,,,,,,,,,,,,,,,,,,,,,,,,,,,,,
29703000,-7670,-2211,-11,314,1606,-25811,-4589,3528,-744,-25,0,-16200,1919,710,16720,964,575,439,16720,1591000,1546000,1700000,1778000,-224,-179,-216,-172,,,,,,,,,,,,,,,,,,,,,,,,,,,,,,,,,,,,,,,,,,,,,,,,,,,,,,,,,,,,,,,,,,,,,,,,,,,,,,,,,,,,,,,,,,,,,,,,,,,,,
29750000,-6048,-2363,55,-704,1224,-14946,-11181,-438,-707,-115,0,-14160,1040,709,16673,962,441,435,16673,1600000,1476000,1711000,1805000,-224,-179,-216,-172,,,,,,,,,,,,,,,,,,,,,,,,,,,,,,,,,,,,,,,,,,,,,,,,,,,,,,,,,,,,,,,,,,,,,,,,,,,,,,,,,,,,,,,,,,,,,,,,,,,,,
29803000,-5303,-2313,130,575,1377,-27886,-12279,1941,-685,-146,-4,-13160,639,710,16720,981,389,439,16720,1549000,1565000,1712000,1785000,-239,-120,-235,-118,,,,,,,,,,,,,,,,,,,,,,,,,,,,,,,,,,,,,,,,,,,,,,,,,,,,,,,,,,,,,,,,,,,,,,,,,,,,,,,,,,,,,,,,,,,,,,,,,,,,,
29850000,-6473,-2093,25,63,763,-27764,-4039,2246,-436,-161,-4,-11480,239,709,16673,992,290,435,16673,1556000,1561000,1715000,1777000,-239,-120,-237,-119,,,,,,,,,,,,,,,,,,,,,,,,,,,,,,,,,,,,,,,,,,,,,,,,,,,,,,,,,,,,,,,,,,,,,,,,,,,,,,,,,,,,,,,,,,,,,,,,,,,,,
29903000,-6747,-1868,-440,109,1346,-4143,13294,-255,65,-145,-4,-6000,199,709,16673,1023,386,435,16673,1548000,1533000,1751000,1769000,-154,-352,-157,-360,,,,,,,,,,,,,,,,,,,,,,,,,,,,,,,,,,,,,,,,,,,,,,,,,,,,,,,,,,,,,,,,,,,,,,,,,,,,,,,,,,,,,,,,,,,,,,,,,,,,,
29950000,-5570,-1728,-33,248,1929,22040,-744,2796,171,-136,-4,-3600,160,710,16720,1021,404,439,16720,1613000,1510000,1694000,1792000,-154,-352,-157,-359,,,,,,,,,,,,,,,,,,,,,,,,,,,,,,,,,,,,,,,,,,,,,,,,,,,,,,,,,,,,,,,,,,,,,,,,,,,,,,,,,,,,,,,,,,,,,,,,,,,,,
30003000,-3768,-3156,-16,199,561,17890,3528,2002,286,-271,-4,-479,39,709,16673,1040,383,435,16673,1575000,1537000,1696000,1797000,-406,-773,-422,-803,,,,,,,,,,,,,,,,,,,,,,,,,,,,,,,,,,,,,,,,,,,,,,,,,,,,,,,,,,,,,,,,,,,,,,,,,,,,,,,,,,,,,,,,,,,,,,,,,,,,,
30050000,-2818,-2758,95,648,1159,37543,7251,3284,228,-237,-4,-199,39,710,16720,1028,258,439,16720,1625000,1503000,1719000,1764000,-321,-896,-330,-921,,,,,,,,,,,,,,,,,,,,,,,,,,,,,,,,,,,,,,,,,,,,,,,,,,,,,,,,,,,,,,,,,,,,,,,,,,,,,,,,,,,,,,,,,,,,,,,,,,,,,
30103000,-1559,-1428,112,-39,524,35834,4505,720,474,-124,-4,3880,0,639,13543,1060,185,155,13543,1518000,1467000,1680000,1747000,-321,-896,-340,-950,,,,,,,,,,,,,,,,,,,,,,,,,,,,,,,,,,,,,,,,,,,,,,,,,,,,,,,,,,,,,,,,,,,,,,,,,,,,,,,,,,,,,,,,,,,,,,,,,,,,,
30150000,368,-374,-158,313,690,35773,1026,3894,341,-29,-6,4279,39,638,13500,1029,104,152,13500,1530000,1441000,1658000,1691000,-416,-1129,-429,-1162,,,,,,,,,,,,,,,,,,,,,,,,,,,,,,,,,,,,,,,,,,,,,,,,,,,,,,,,,,,,,,,,,,,,,,,,,,,,,,,,,,,,,,,,,,,,,,,,,,,,,
30203000,1150,215,-17,139,1055,24359,3040,1758,789,22,-2,10200,39,605,12140,1044,19,20,12140,1377000,1482000,1646000,1666000,-494,-1786,-516,-1865,,,,,,,,,,,,,,,,,,,,,,,,,,,,,,,,,,,,,,,,,,,,,,,,,,,,,,,,,,,,,,,,,,,,,,,,,,,,,,,,,,,,,,,,,,,,,,,,,,,,,
30250000,2853,-894,-337,356,1941,50055,9876,5908,979,-39,-6,14080,439,601,11980,1036,-148,4,11980,1520000,1394000,1589000,1667000,-227,-1606,-235,-1664,,,,,,,,,,,,,,,,,,,,,,,,,,,,,,,,,,,,,,,,,,,,,,,,,,,,,,,,,,,,,,,,,,,,,,,,,,,,,,,,,,,,,,,,,,,,,,,,,,,,,
30303000,5350,-528,244,389,405,84357,13904,4810,1246,278,0,19640,3719,602,12020,1031,-258,7,12020,1530000,1376000,1654000,1613000,-628,-848,-648,-875,,,,,,,,,,,,,,,,,,,,,,,,,,,,,,,,,,,,,,,,,,,,,,,,,,,,,,,,,,,,,,,,,,,,,,,,,,,,,,,,,,,,,,,,,,,,,,,,,,,,,
30350000,7072,1124,-194,-208,1019,89728,5298,4321,1096,590,0,19640,5639,602,12020,1021,-350,7,12020,1524000,1375000,1669000,1600000,-584,-709,-597,-724,,,,,,,,,,,,,,,,,,,,,,,,,,,,,,,,,,,,,,,,,,,,,,,,,,,,,,,,,,,,,,,,,,,,,,,,,,,,,,,,,,,,,,,,,,,,,,,,,,,,,
30403000,11352,1042,-649,-172,1256,68732,-9105,1026,723,663,0,19640,6559,628,13081,1014,-299,112,13081,1510000,1404000,1690000,1663000,-396,-253,-402,-257,,,,,,,,,,,,,,,,,,,,,,,,,,,,,,,,,,,,,,,,,,,,,,,,,,,,,,,,,,,,,,,,,,,,,,,,,,,,,,,,,,,,,,,,,,,,,,,,,,,,,
30450000,10857,-516,-44,-871,1672,49017,-15514,-1171,766,565,0,19640,7000,636,13416,995,-275,143,13416,1439000,1466000,1700000,1692000,-194,-1468,-193,-1461,,,,,,,,,,,,,,,,,,,,,,,,,,,,,,,,,,,,,,,,,,,,,,,,,,,,,,,,,,,,,,,,,,,,,,,,,,,,,,,,,,,,,,,,,,,,,,,,,,,,,
30503000,12172,-978,-77,149,695,54083,-8251,476,651,445,0,19640,6080,637,13458,974,-427,148,13458,1531000,1395000,1707000,1666000,-360,-1573,-350,-1532,,,,,,,,,,,,,,,,,,,,,,,,,,,,,,,,,,,,,,,,,,,,,,,,,,,,,,,,,,,,,,,,,,,,,,,,,,,,,,,,,,,,,,,,,,,,,,,,,,,,,
30550000,12124,-1531,-349,-128,789,54328,-5382,2551,655,365,0,19640,5720,638,13500,949,-474,152,13500,1522000,1440000,1687000,1662000,-360,-1573,-341,-1493,,,,,,,,,,,,,,,,,,,,,,,,,,,,,,,,,,,,,,,,,,,,,,,,,,,,,,,,,,,,,,,,,,,,,,,,,,,,,,,,,,,,,,,,,,,,,,,,,,,,,
30603000,11978,-3084,434,79,802,56159,-12706,4138,668,198,0,19640,5360,638,13500,922,-468,152,13500,1548000,1437000,1635000,1694000,-24,-1342,-22,-1237,,,,,,,,,,,,,,,,,,,,,,,,,,,,,,,,,,,,,,,,,,,,,,,,,,,,,,,,,,,,,,,,,,,,,,,,,,,,,,,,,,,,,,,,,,,,,,,,,,,,,
30650000,12439,-3141,553,-223,822,46149,-16918,-438,628,165,0,19640,5039,645,13798,898,-561,179,13798,1512000,1427000,1667000,1729000,-413,-1720,-371,-1545,,,,,,,,,,,,,,,,,,,,,,,,,,,,,,,,,,,,,,,,,,,,,,,,,,,,,,,,,,,,,,,,,,,,,,,,,,,,,,,,,,,,,,,,,,,,,,,,,,,,,
30703000,11282,-2801,-460,-9,1201,34796,-4100,2002,729,188,-2,19640,4960,670,14889,886,-521,280,14889,1529000,1510000,1735000,1679000,-318,-1515,-282,-1342,,,,,,,,,,,,,,,,,,,,,,,,,,,,,,,,,,,,,,,,,,,,,,,,,,,,,,,,,,,,,,,,,,,,,,,,,,,,,,,,,,,,,,,,,,,,,,,,,,,,,
30750000,9782,-4198,-381,26,1337,34247,4810,-3917,860,66,0,19640,4960,680,15337,846,-614,320,15337,1493000,1484000,1772000,1720000,-431,-1359,-365,-1150,,,,,,,,,,,,,,,,,,,,,,,,,,,,,,,,,,,,,,,,,,,,,,,,,,,,,,,,,,,,,,,,,,,,,,,,,,,,,,,,,,,,,,,,,,,,,,,,,,,,,
30803000,9166,-5081,298,-246,392,54816,8655,354,914,-17,0,19640,4879,721,17242,804,-692,484,17242,1596000,1495000,1761000,1727000,-376,-851,-302,-684,,,,,,,,,,,,,,,,,,,,,,,,,,,,,,,,,,,,,,,,,,,,,,,,,,,,,,,,,,,,,,,,,,,,,,,,,,,,,,,,,,,,,,,,,,,,,,,,,,,,,
30850000,10653,-6600,212,-299,618,47614,2429,903,784,-153,-2,19640,4839,743,18310,795,-611,571,18310,1645000,1544000,1762000,1791000,-710,-1235,-565,-982,,,,,,,,,,,,,,,,,,,,,,,,,,,,,,,,,,,,,,,,,,,,,,,,,,,,,,,,,,,,,,,,,,,,,,,,,,,,,,,,,,,,,,,,,,,,,,,,,,,,,
30903000,11407,-5800,-33,-227,1313,38580,10425,1087,718,-118,-2,19640,4440,742,18261,782,18261,1643000,1548000,1776000,1776000,-892,-874,-697,-683,,,,,,,,,,,,,,,,,,,,,,,,,,,,,,,,,,,,,,,,,,,,,,,,,,,,,,,,,,,,,,,,,,,,,,,,,,,,,,,,,,,,,,,,,,,,,,,,,,,,,,,
30950000,12026,-5461,-176,418,1340,46881,21289,49,664,-120,-2,19640,4080,742,18261,761,-433,567,18261,1659000,1514000,1802000,1759000,-344,31003000,13701,-4557,-223,746,576,25336,14942,-1354,518,-177,-2,19640,2520,740,18163,704,-369,560,18163,1606000,1551000,1801000,1770000,-655,-124,-461,-87,,,,,,,,,,,,,,,,,,,,,,,,,,,,,,,,,,,,,,,,,,,,,,,,,,,,,,,,,,,,,,,,,,,,,,,,,,,,
31050000,11526,-4749,-27,-474,1040,4096,13599,-866,243,-435,-2,14320,-240,741,18212,652,-392,564,18212,1631000,1532000,1779000,1790000,-997,314,-650,204,,,,,,,,,,,,,,,,,,,,,,,,,,,,,,,,,,,,,,,,,,,,,,,,,,,,,,,,,,,,,,,,,,,,,,,,,,,,,,,,,,,,,,,,,,,,,,,,,,,,,
31103000,9772,-3835,443,-727,1048,-15191,17810,2124,-489,-449,-2,4159,-1319,699,16206,628,-527,396,16206,1603000,1524000,1723000,1757000,-726,18,-456,388,,,,,,,,,,,,,,,,,,,,,,,,,,,,,,,,,,,,,,,,,,,,,,,,,,,,,,,,,,,,,,,,,,,,,,,,,,,,,,,,,,,,,,,,,,,,,,,,,,,,,
31150000,7717,-2406,-217,684,1501,-66521,19580,-133,-1256,-248,-2,-6680,-440,668,14800,612,-562,271,14800,1509000,1494000,1725000,1709000,-942,496,-576,303,,,,,,,,,,,,,,,,,,,,,,,,,,,,,,,,,,,,,,,,,,,,,,,,,,,,,,,,,,,,,,,,,,,,,,,,,,,,,,,,,,,,,,,,,,,,,,,,,,,,,
31203000,682,-3255,-272,31250000,-3816,-2588,205,330,418,-72808,10669,1026,-1049,-145,-2840,920,599,11900,528,-648,0,11900,1509000,1303000,1661000,165600031303000,-6862,-394,-244,-233,612,-60662,-2636,7922,-1059,206,-10,-19000,2760,565,10588,507,-689,0,10588,1455000,1428000,1607000,1551000,-892,188,-452,95,,,,,,,,,,,,,,,,,,,,,,,,,,,,,,,,,,,,,,,,,,,,,,,,,,,,,,,,,,,,,,,,,,,,,,,,,,,
31350000,-7367,-818,79,-223,852,-98198,-10082,476,-1057,204,-8,-19480,3159,534,9458,421,-840,0,9458,1227000,1420000,1624000,1573000,-892,188,-375,79,,,,,,,,,,,,,,,,,,,,,,,,,,,,,,,,,,,,,,,,,,,,,,,,,,,,,,,,,,,,,,,,,,,,,,,,,,,,,,,,,,,,,,,,,,,,,,,,,,,,,
31403000,-9981,-1081,4,-894,278,-86785,-33397,8899,-745,135,-6,-18520,2639,531,9352,313,-1063,0,9352,1331000,1491000,1455000,1612000,-892,188,-279,59,,,,,,,,,,,,,,,,,,,,,,,,,,,,,,,,,,,,,,,,,,,,,,,,,,,,,,,,,,,,,,,,,,,,,,,,,,,,,,,,,,,,,,,,,,,,,,,,,,,,,
31450000,-11658,-1196,134,19,2128,-82390,-35289,8106,-214,-100,-6,-14119,39,531,9352,259,-1400,0,9352,1150000,1593000,1435000,1632000,-892,188,-231,48,,,,,,,,,,,,,,,,,,,,,,,,,,,,,,,,,,,,,,,,,,,,,,,,,,,,,,,,,,,,,,,,,,,,,,,,,,,,,,,,,,,,,,,,,,,,,,,,,,,,,
31503000,-13771,-1084,-49,-520,1148,-41069,-13439,10547,357,-91,-4,-9680,39,530,9316,144,-1611,0,9316,1328000,1523000,1497000,1544000,-892,188,-128,27,,,,,,,,,,,,,,,,,,,,,,,,,,,,,,,,,,,,,,,,,,,,,,,,,,,,,,,,,,,,,,,,,,,,,,,,,,,,,,,,,,,,,,,,,,,,,,,,,,,,,
31550000,-13181,-383,-812,375,1216,11176,-8800,7190,403,-29,-4,-8560,39,531,9352,130,-1600,0,9352,1350000,1461000,1517000,1567000,-892,188,-116,24,,,,,,,,,,,,,,,,,,,,,,,,,,,,,,,,,,,,,,,,,,,,,,,,,,,,,,,,,,,,,,,,,,,,,,,,,,,,,,,,,,,,,,,,,,,,,,,,,,,,,
31603000,-5703,351,-324,1851,2175,-35393,-62023,24890,-113,37,-6,-7000,79,483,7737,90,-1419,0,7737,1188000,1720000,1150000,1613000,-892,188,-80,16,,,,,,,,,,,,,,,,,,,,,,,,,,,,,,,,,,,,,,,,,,,,,,,,,,,,,,,,,,,,,,,,,,,,,,,,,,,,,,,,,,,,,,,,,,,,,,,,,,,,,
31650000,-7627,791,162,-2148,2175,-4204,-62877,-2330,138,76,-6,-60431701000,-8447,2741,183,682,-800,-43267,94409,-19909,450,246,69,-3280,79,234,1816,195,-1061,-664,1816,1150000,1150000,1729000,1231750000,-7325,8487,-10,-977,-757,-56694,104602,23609,548,747,117,-1039,79,113,423,178,-898,-1148,423,1150000,1596000,1272000,1150000,-892,188,-158,33,,,,,,,,,,,,,,,,,,,,,,,,,,,,,,,,,,,,,,,,,,,,,,,,,,,,,,,,,,,,,,,,,,
31803000,-2918,12072,-950,276,332,-19402,-99254,20740,212,1060,46,-479,79,0,0,121,-767,-1600,0,1150000,1353000,1150000,1385000,-892,188,-108,22,,,,,,,,,,,,,,,,,,,,,,,,,,,,,,,,,,,,,,,,,,,,,,,,,,,,,,,,,,,,,,,,,,,,,,,,,,,,,,,,,,,,,,,,,,,,,,,,,,,,,
31850000,-2757,3936,373,-249,854,10199,-172008,-7335,202,350,-4,-440,79,0,0,85,-1091,-1600,0,1150000,1150000,1150000,1617000,-892,188,-75,16,,,,,,,,,,,,,,,,,,,,,,,,,,,,,,,,,,,,,,,,,,,,,,,,,,,,,,,,,,,,,,,,,,,,,,,,,,,,,,,,,,,,,,,,,,,,,,,,,,,,,
31903000,-1459,547,-757,-1834,-1389,7147,109363,62793,92,51,-6,-399,39,0,0,51,-1130,-1600,0,1707000,1429000,1150000,1150000,-892,188,-45,9,,,,,,,,,,,,,,,,,,,,,,,,,,,,,,,,,,,,,,,,,,,,,,,,,,,,,,,,,,,,,,,,,,,,,,,,,,,,,,,,,,,,,,,,,,,,,,,,,,,,,
31950000,-993,1355,157,1249,-372,44806,-7030,-7396,55,128,-6,-360,120,0,0,84,-1185,-1600,0,1150000,1150000,1210000,1487000,-892,188,-74,15,,,,,,,,,,,,,,,,,,,,,,,,,,,,,,,,,,,,,,,,,,,,,,,,,,,,,,,,,,,,,,,,,,,,,,,,,,,,,,,,,,,,,,,,,,,,,,,,,,,,,
32003000,-2425,1732,1668,-910,2175,-78606,-83995,-1049,183,0,-892,188,-49,10,,,,,,,,,,,,,,,,,,,,,,,,,,,,,,,,,,,,,,,,,,,,,,,,,,,,,,,,,,,,,,,,,,,,,,,,,,,,,,,,,,,,,,,,,,,,,,,,,,,,,,,,,,,,,,,,,,
32050000,-3385,1687,-390,-823,1177,-55779,36060,23364,264,150,-6,-360,39,0,0,42,-882,-1600,0,1150000,1536000,1335000,1150000,-892,188,-37,7,,,,,,,,,,,,,,,,,,,,,,,,,,,,,,,,,,,,,,,,,,,,,,,,,,,,,,,,,,,,,,,,,,,,,,,,,,,,,,,,,,,,,,,,,,,,,,,,,,,,,
32103000,-1110,1110,-112,178,1278,29974,5664,6152,69,100,-6,-320,39,0,0,108,-529,-1600,0,1231000,1150000,1296000,1150000,-892,32150000,-1034,903,50,7,240,-28435,4199,-14537,58,82,-6,-360,39,0,0,87,-491,-1600,0,1150000,1150000,1477000,13,,,,,,,,,,,,,,,,,,,,,,,,,,,,,,,,,,,,,,,,,,,,,,,,,,,,,,,,,,,,,,,,,,,,,,,,,,,,,,,,
