50000,285,-204,244,30,1096,3048,-560,-2998,-28,-17,-2,-39,0,0,0,42,254,-1600,0,1150000,1150000,1150000,1150000,0,0,0,0,,,,,,,,,,,,,,,,,,,,,,,,,,,,,,,,,,,,,,,,,,,,,,,,,,,,,,,,,,,,,,,,,,,,,,,,,,,,,,,,,,,,,,,,,,,,,,,
103000,-278,-70,-218,-23,936,-2322,1575,5668,17,-6,-4,-79,0,0,0,65,270,-1600,0,1150000,1206000,1150000,1150000,0,0,0,0,,,,,,,,,,,,,,,,,,,,,,,,,,,,,,,,,,,,,,,,,,,,,,,,,,,,,,,,,,,,,,,,,,,,,,,,,,,,,,,,,,,,,,,,,,,,,,,
150000,208,-115,155,80,935,3598,-2025,-8003,-25,250000,174,-238,310,79,906,2987,-499,-9041,-18,-20,0,-39,0,0,0,56,46,-1600,0,1150000,1150000,1196000,1248000,0,0,0,0,,,,,,,,,,,,,,,,,,,,,,,,,,,,,,,,,,,,,,,,,,,,,,,,,,,,,,,,,,,,,,,,,,,,,,,,,,,,,,,,,,,,,
303000,89,124,-326,-15,972,-552,2674,11405,-11,14,0,-39,39,0,0,44,-8,-1600,0,1250000,1263000,1150000,1150000,0,0,0,0,,,,,,,,,,,,,,,,,,,,,,,,,,,,,,,,,,,,,,,,,,,,,,,,,,,,,,,,,,,,,,,,,,,,,,,,,,,,,,,,,,,,,,,,,,,,,,,
350000,33,35,201,63,1071,-2627,3040,-1716,-9,3,-2,-79,0,0,0,43,-29,-1600,0,1150000,1150000,1150000,1150000,0,0,403000,-49,17,-333,-220,924,-1834,2430,2372,7,5,0,40,39,0,0,80,45,-1600,0,1150000,1159000,1150000,1150000,0,0,0,0,,,,,,,,,,,,,,,,,,,,,,,,,,,,,,,,,,,,,,,,,,,,,,,,,,,,,,,,,,,,,,,,,,,,,
450000,-214,952,-30,121,908,1217,1148,-1228,18,86,0,0,39,0,0,56,10,-1600,0,1150000,1150000,1150000,1150000,0,0,0,0,,,,,,,,,,,,,,,,,,,,,,,,,,,,,,,,,,,,,,,,,,,,,,,,,,,,,,,,,,,,,,,,,,,,,,,,,,,,,,,,,,,,,,,,,,,,,,,
503000,-40,-81,-155,-200,953,-6167,172,5485,0,-7,0,-39,0,0,0,60,69,-1600,0,1150000,1242000,1150000,1150000,0,0,0,0,,,,,,,,,,,,,,,,,,,,,,,,,,,,,,,,,,,,,,,,,,,,,,,,,,,,,,,,,,,,,,,,,,,,,,,,,,,,,,,,,,,,,,,,,,,,,,,
550000,-246,1215,41,83,875,1828,-255,-2449,18,0,,,,,,,,,,,,,,,,,,,,,,,,,,,,,,,,,,,,,,,,,,,,,,,,,,,,,,,,,,,,,,,,,,,,,,,,,,,,,,,,,,,,,,,,,,,,,,,,,,,,,,,,,,,,,,,,
603000,-27,58,-78,-119,1073,-857,50,5912,-4,8,-2,-79,39,0,0,57,-35,-1600,0,1153000,1184000,1150000,1150000,0,0,0,0,,,,,,,,,,,,,,,,,,,,,,,,,,,,,,,,,,,,,,,,,,,,,,,,,,,,,,,,,,,,,,,,,,,,,,,,,,,,,,,,,,,,,,,,,,,,,,,
650000,36,1110,24,156,992,2133,843,2372,-6,96,0,-39,0,0,0,58,12,-1600,0,1150000,1150000,1150000,1150000,0,0,0,0,,,,,,,,,,,,,,,,,,,,,,,,,,,,,,,,,,,,,,,,,,,,,,,,,,,,,,,,,,,,,,,,,,,,,,,,,,,,,,,,,,,,,,,,,,,,,,,
703000,-329,470,-357,-131,982,-3848,3895,9757,25,41,0,-39,0,0,0,115,111,-1600,0,1169000,1286000,1150000,1150000,0,0,0,0,,,,,,,,,,,,,,,,,,,,,,,,,,,,,,,,,,,,,,,,,,,,,,,,,,,,,,,,,,,,,,,,,,,,,,,,,,,,,,,,,,,,,,,,,,,,,,,
750000,187,791,344,108,954,2316,-4832,-9651,-16,69,0,0,0,0,0,66,22,-1600,0,1150000,1150000,1191000,1268000,0,0,0,0,,,,,,,,,,,,,,,,,,,,,,,,,,,,,,,,,,,,,,,,,,,,,,,,,,,,,,,,,,,,,,,,,,,,,,,,,,,,,,,,,,,,,,,,,,,,,,,
803000,-253,547,-329,46,1052,-186,6275,14457,15,47,-2,-79,0,0,0,89,27,-1600,0,1295000,1293000,1150000,1150000,0,0,0,0,,,,,,,,,,,,,,,,,,,,,,,,,,,,,,,,,,,,,,,,,,,,,,,,,,,,,,,,,,,,,,,,,,,,,,,,,,,,,,,,,,,,,,,,,,,,,,,
850000,25,145,313,28,1047,790,-2391,-4707,-5,16,0,-39,39,0,0,47,-1,-1600,0,1150000,1150000,1150000,1184000,0,0,0,0,,,,,,,,,,,,,,,,,,,,,,,,,,,,,,,,,,,,,,,,,,,,,,,,,,,,,,,,,,,,,,,,,,,,,,,,,,,,,,,,,,,,,,,,,,,,,,,
903000,-223,710,-257,22,992,-1651,5115,7194,15,65,0,-39,39,0,0,43,-14,-1600,0,1164000,1220000,1150000,1150000,0,0,0,0,,,,,,,,,,,,,,,,,,,,,,,,,,,,,,,,,,,,,,,,,,,,,,,,,,,,,,,,,,,,,,,,,,,,,,,,,,,,,,,,,,,,,,,,,,,,,,,
950000,322,-201,289,0,1026,1705,-5443,-9834,-31,-17,0,-39,0,0,0,47,-46,-1600,0,1150000,1150000,1155000,1297000,0,0,0,0,,,,,,,,,,,,,,,,,,,,,,,,,,,,,,,,,,,,,,,,,,,,,,,,,,,,,,,,,,,,,,,,,,,,,,,,,,,,,,,,,,,,,,,,,,,,,,,
1003000,-108,950,-185,97,943,668,3468,6950,5,82,0,-39,0,0,0,72,0,-1600,0,1204000,1174000,1150000,1150000,0,0,0,0,,,,,,,,,,,,,,,,,,,,,,,,,,,,,,,,,,,,,,,,,,,,,,,,,,,,,,,,,,,,,,,,,,,,,,,,,,,,,,,,,,,,,,,,,,,,,,,
1050000,257,-317,292,-88,1058,-369,-4649,-12337,-25,-24,-2,-39,39,0,0,54,26,-1600,0,1150000,1150000,1202000,1327000,1103000,35,807,-146,49,907,-491,2857,53,-3,73,-2,0,39,0,0,98,75,-1600,0,1150000,1150000,1150000,1150000,0,0,0,0,,,,,,,,,,,,,,,,,,,,,,,,,,,,,,,,,,,,,,,,,,,,,,,,,,,,,,,,,,,,,,,,,,,,,,,
1150000,367,-437,213,-24,1084,-918,-3612,-2998,-39,-38,-2,-79,0,0,0,46,24,-1600,0,1150000,1150000,1150000,1191000,0,0,0,0,,,,,,,,,,,,,,,,,,,,,,,,,,,,,,,,,,,,,,,,,,,,,,,,,,,,,,,,,,,,,,,,,,,,,,,,,,,,,,,,,,,,,,,,,,,,,,,
1203000,85,666,7,140,940,1828,1514,2006,-10,58,0,-39,0,0,0,68,13,-1600,0,1150000,1150000,1150000,1150000,0,0,0,0,,,,,,,,,,,,,,,,,,,,,,,,,,,,,,,,,,,,,,,,,,,,,,,,,,,,,,,,,,,,,,,,,,,,,,,,,,,,,,,,,,,,,,,,,,,,,,,
1250000,386,-419,129,-102,1184,-1162,-3856,-8674,-37,-29,0,-39,79,0,0,43,8,-1600,0,1150000,1150000,1150000,1271000,0,0,0,0,,,,,,,,,,,,,,,,,,,,,,,,,,,,,,,,,,,,,,,,,,,,,,,,,,,,,,,,,,,,,,,,,,,,,,,,,,,,,,,,,,,,,,,,,,,,,,,
1303000,226,820,77,162,1107,3292,538,-3670,-23,71,0,-39,0,0,0,49,25,-1600,0,1150000,1150000,1156000,1150000,0,0,0,0,,,,,,,,,,,,,,,,,,,,,,,,,,,,,,,,,,,,,,,,,,,,,,,,,,,,,,,,,,,,,,,,,,,,,,,,,,,,,,,,,,,,,,,,,,,,,,,
1350000,19,-493,111,-121,938,-2749,-1903,4813,-5,-39,-2,-39,39,0,0,92,20,-1600,0,1150000,1188000,1150000,1150000,0,0,0,0,,,,,,,,,,,,,,,,,,,,,,,,,,,,,,,,,,,,,,,,,,,,,,,,,,,,,,,,,,,,,,,,,,,,,,,,,,,,,,,,,,,,,,,,,,,,,,,
1403000,276,319,150,152,915,2072,538,-130,-24,24,0,0,-39,0,0,40,-40,-1600,0,1150000,1150000,1150000,1150000,0,0,0,0,,,,,,,,,,,,,,,,,,,,,,,,,,,,,,,,,,,,,,,,,,,,,,,,,,,,,,,,,,,,,,,,,,,,,,,,,,,,,,,,,,,,,,,,,,,,,,,
1450000,38,-479,-163,-185,1006,-3787,-194,1151,-6,-41,0,-39,0,0,0,51,-34,-1600,0,1150000,1150000,1150000,1150000,0,0,0,0,,,,,,,,,,,,,,,,,,,,,,,,,,,,,,,,,,,,,,,,,,,,,,,,,,,,,,,,,,,,,,,,,,,,,,,,,,,,,,,,,,,,,,,,,,,,,,,
1503000,557,-177,372,135,891,2987,-3795,-12703,-48,-11,-2,0,39,0,0,77,4,-1600,0,1150000,1150000,1215000,1326000,0,0,0,0,,,,,,,,,,,,,,,,,,,,,,,,,,,,,,,,,,,,,,,,,,,,,,,,,,,,,,,,,,,,,,,,,,,,,,,,,,,,,,,,,,,,,,,,,,,,,,,
1550000,-149,-248,-299,-167,1089,-4946,4688,10856,9,-21,0,-39,0,0,0,90,51,-1600,0,1190000,1299000,1150000,1150000,0,0,0,0,,,,,,,,,,,,,,,,,,,,,,,,,,,,,,,,,,,,,,,,,,,,,,,,,,,,,,,,,,,,,,,,,,,,,,,,,,,,,,,,,,,,,,,,,,,,,,,
1603000,492,-336,372,41,1035,363,-4588,-8858,-42,-29,-2,0,0,0,0,68,-25,-1600,0,1150000,1150000,1150000,1287000,0,0,0,0,,,,,,,,,,,,,,,,,,,,,,,,,,,,,,,,,,,,,,,,,,,,,,,,,,,,,,,,,,,,,,,,,,,,,,,,,,,,,,,,,,,,,,,,,,,,,,,
1650000,98,-163,-302,-202,941,-3237,2613,4874,-12,-10,-2,-39,39,0,0,59,-10,-1600,0,1150000,1198000,1150000,1150000,0,0,0,0,,,,,,,,,,,,,,,,,,,,,,,,,,,,,,,,,,,,,,,,,,,,,,,,,,,,,,,,,,,,,,,,,,,,,,,,,,,,,,,,,,,,,,,,,,,,,,,
1703000,475,-189,383,229,1209,4879,-6846,-8980,-48,-13,-2,-79,39,0,0,51,-27,-1600,0,1150000,1150000,1150000,1300000,0,0,0,0,,,,,,,,,,,,,,,,,,,,,,,,,,,,,,,,,,,,,,,,,,,,,,,,,,,,,,,,,,,,,,,,,,,,,,,,,,,,,,,,,,,,,,,,,,,,,,,
1750000,-415,442,-407,-251,1034,-4092,5787,13480,32,42,0,-39,39,0,0,46,-4,-1600,0,1236000,1325000,1150000,1150000,0,0,0,0,,,,,,,,,,,,,,,,,,,,,,,,,,,,,,,,,,,,,,,,,,,,,,,,,,,,,,,,,,,,,,,,,,,,,,,,,,,,,,,,,,,,,,,,,,,,,,,
1803000,233,489,399,203,974,6771,-6724,-14961,-23,42,-4,-39,0,0,0,59,-28,-1600,0,1150000,1150000,1241000,1358000,0,0,0,0,,,,,,,,,,,,,,,,,,,,,,,,,,,,,,,,,,,,,,,,,,,,,,,,,,,,,,,,,,,,,,,,,,,,,,,,,,,,,,,,,,,,,,,,,,,,,,,
1850000,-531,892,-359,-168,925,-3421,6153,11100,42,81,0,-39,39,0,0,69,-13,-1600,0,1204000,1294000,1150000,1150000,1903000,74,239,186,-11,1051,790,-4649,-1045,-13,24,-2,-79,39,0,0,69,1,-1600,0,1150000,1150000,1150000,1157000,0,0,0,0,,,,,,,,,,,,,,,,,,,,,,,,,,,,,,,,,,,,,,,,,,,,,,,,,,,,,,,,,,,,,,,,,,,,,,,
1950000,-133,923,-144,42,896,729,2125,419,8,84,-2,-39,39,0,0,104,17,-1600,0,1150000,1150000,1150000,1150000,0,0,0,0,,,,,,,,,,,,,,,,,,,,,,,,,,,,,,,,,,,,,,,,,,,,,,,,,,,,,,,,,,,,,,,,,,,,,,,,,,,,,,,,,,,,,,,,,,,,,,,
2003000,-60,212,-58,-19,1162,-64,-621,2433,-1,22,0,-79,39,0,0,54,-34,-1600,0,1150000,1150000,1150000,1150000,0,0,0,0,,,,,,,,,,,,,,,,,,,,,,,,,,,,,,,,,,,,,,,,,,,,,,,,,,,,,,,,,,,,,,,,,,,,,,,,,,,,,,,,,,,,,,,,,,,,,,,
2050000,96,931,-60,-10,1056,729,1392,-252,-11,84,0,-39,39,0,0,89,38,-1600,0,1150000,1150000,1150000,1150000,0,0,0,0,,,,,,,,,,,,,,,,,,,,,,,,,,,,,,,,,,,,,,,,,,,,,,,,,,,,,,,,,,,,,,,,,,,,,,,,,,,,,,,,,,,,,,,,,,,,,,,
2103000,-178,-37,6,-40,1053,-674,-804,907,12,-3,-4,-39,0,0,0,71,-28,-1600,0,1150000,1150000,1150000,1150000,0,0,0,0,,,,,,,,,,,,,,,,,,,,,,,,,,,,,,,,,,,,,,,,,,,,,,,,,,,,,,,,,,,,,,,,,,,,,,,,,,,,,,,,,,,,,,,,,,,,,,,
2150000,124,731,-188,61,1020,-125,1514,1578,-14,67,0,-39,39,0,0,71,-23,-1600,0,1150000,1150000,1150000,1150000,0,0,0,0,,,,,,,,,,,,,,,,,,,,,,,,,,,,,,,,,,,,,,,,,,,,,,,,,,,,,,,,,,,,,,,,,,,,,,,,,,,,,,,,,,,,,,,,,,,,,,,
2203000,-257,-198,128,-58,1044,-1528,-1719,-1228,22,-17,0,0,0,0,0,70,35,-1600,0,1150000,1150000,1150000,1150000,0,0,0,0,,,,,,,,,,,,,,,,,,,,,,,,,,,,,,,,,,,,,,,,,,,,,,,,,,,,,,,,,,,,,,,,,,,,,,,,,,,,,,,,,,,,,,,,,,,,,,,
2250000,-13,461,-272,37,866,607,782,4752,-5,40,-2,-79,0,0,0,80,41,-1600,0,1157000,1150000,1150000,1150000,0,0,0,0,,,,,,,,,,,,,,,,,,,,,,,,,,,,,,,,,,,,,,,,,,,,,,,,,,,,,,,,,,,,,,,,,,,,,,,,,,,,,,,,,,,,,,,,,,,,,,,
2303000,-11,-223,332,-60,921,57,-3428,-3425,-5,-16,-2,-79,39,0,0,56,10,-1600,0,1150000,1150000,1150000,1193000,0,0,0,0,,,,,,,,,,,,,,,,,,,,,,,,,,,,,,,,,,,,,,,,,,,,,,,,,,,,,,,,,,,,,,,,,,,,,,,,,,,,,,,,,,,,,,,,,,,,,,,
2350000,-192,-107,-213,8,930,-430,599,4935,16,-9,0,0,0,0,0,68,23,-1600,0,1150000,1167000,1150000,1150000,0,0,0,0,,,,,,,,,,,,,,,,,,,,,,,,,,,,,,,,,,,,,,,,,,,,,,,,,,,,,,,,,,,,,,,,,,,,,,,,,,,,,,,,,,,,,,,,,,,,,,,
2403000,-12,203,205,-23,1031,119,-1414,-3975,-5,21,-4,-79,39,0,0,56,-21,-1600,0,1150000,1150000,1150000,1151000,0,0,0,0,,,,,,,,,,,,,,,,,,,,,,,,,,,,,,,,,,,,,,,,,,,,,,,,,,,,,,,,,,,,,,,,,,,,,,,,,,,,,,,,,,,,,,,,,,,,,,,
2450000,-318,-277,-7,-29,928,-735,233,114,20,-24,0,-79,0,0,0,50,-1,-1600,0,1150000,1150000,1150000,1150000,0,0,0,0,,,,,,,,,,,,,,,,,,,,,,,,,,,,,,,,,,,,,,,,,,,,,,,,,,,,,,,,,,,,,,,,,,,,,,,,,,,,,,,,,,,,,,,,,,,,,,,
2503000,76,447,-137,110,1089,1217,3406,541,-6,39,-2,0,0,0,0,44,-8,-1600,0,1150000,1150000,1150000,1150000,0,0,0,0,,,,,,,,,,,,,,,,,,,,,,,,,,,,,,,,,,,,,,,,,,,,,,,,,,,,,,,,,,,,,,,,,,,,,,,,,,,,,,,,,,,,,,,,,,,,,,,
2550000,-107,-124,203,-109,997,-2017,-10,-2388,2,-10,-2,-79,0,0,0,68,5,-1600,0,1150000,1150000,1150000,1150000,0,0,0,0,,,,,,,,,,,,,,,,,,,,,,,,,,,,,,,,,,,,,,,,,,,,,,,,,,,,,,,,,,,,,,,,,,,,,,,,,,,,,,,,,,,,,,,,,,,,,,,
2603000,-206,192,-185,130,1078,912,2186,663,18,16,0,0,0,0,0,60,10,-1600,0,1150000,1150000,1150000,1150000,0,0,0,0,,,,,,,,,,,,,,,,,,,,,,,,,,,,,,,,,,,,,,,,,,,,,,,,,,,,,,,,,,,,,,,,,,,,,,,,,,,,,,,,,,,,,,,,,,,,,,,
2650000,136,42,119,-5,1024,-430,-682,1212,-15,7,2,-39,39,0,0,53,-4,-1600,0,1150000,1150000,1150000,1150000,0,0,0,0,,,,,,,,,,,,,,,,,,,,,,,,,,,,,,,,,,,,,,,,,,,,,,,,,,,,,,,,,,,,,,,,,,,,,,,,,,,,,,,,,,,,,,,,,,,,,,,
2703000,-466,62,-72,-2,985,-1589,50,-1472,37,5,-2,-39,0,0,0,47,-2,-1600,0,1150000,1150000,0,0,,,,,,,,,,,,,,,,,,,,,,,,,,,,,,,,,,,,,,,,,,,,,,,,,,,,,,,,,,,,,,,,,,,,,,,,,,,,,,,,,,,,,,,,,,,,,,,,,,,
2750000,119,-28,99,157,1058,2560,-1109,-3975,-17,4,0,-79,79,0,0,50,33,-1600,0,1150000,1150000,1150000,1150000,0,0,0,0,,,,,,,,,,,,,,,,,,,,,,,,,,,,,,,,,,,,,,,,,,,,,,,,,,,,,,,,,,,,,,,,,,,,,,,,,,,,,,,,,,,,,,,,,,,,,,,
2803000,-512,270,-135,-167,931,-3543,3040,6461,41,23,-2,-39,0,0,0,58,2,-1600,0,1150000,1238000,1150000,1150000,0,0,0,0,2850000,-211,92,206,211,1095,4025,-5809,-8858,15,8,0,-39,0,0,0,62,1,-1600,0,1150000,1150000,1150000,1282903000,-345,239,-185,-186,933,-2932,-1231,13969,26,20,-2,-39,0,0,0,34,0,-1600,0,1256000,1318000,1150000,1150000,0,0,0,0,,,,,,,,,,,,,,,,,,,,,,,,,,,,,,,,,,,,,,,,,,,,
2950000,-435,465,164,95,970,4208,-1292,-7088,34,44,0,-39,39,0,0,53,24,-1600,0,1150000,1150000,1175000,1207000,0,0,0,0,,,,,,,,,,,,,,,,,,,,,,,,,,,,,,,,,,,,,,,,,,,,,,,,,,,,,,,,,,,,,,,,,,,,,,,,,,,,,,,,,,,,,,,,,,,,,,,
3003000,-273,219,-185,-96,1015,-552,3040,12015,23,22,-6,0,39,0,0,75,24,-1600,0,1245000,1275000,1150000,1150000,0,0,0,0,,,,,,,,,,,,,,,,,,,,,,,,,,,,,,,,,,,,,,,,,,,,,,,,,,,,,,,,,,,,,,,,,,,,,,,,,,,,,,,,,,,,,,,,,,,,,,,
3050000,-464,613,-5,51,1054,119,2796,-6660,40,57,-4,0,39,0,0,63,-25,-1600,0,1150000,13103000,-94,96,-108,-161,1033,-1956,782,602,4,8,-4,-39,0,0,0,49,-83,-1600,0,1150000,1150000,1150000,1150000,0,0,0,0,,,,,,,,,,,,,,,,,,,,,,,,,,,,,,,,,,,,,,,,,,,,,,,,,,,,,,,,,,,,,,,,,,,,,,,,,,
3150000,-202,370,131,113,819,1766,-621,-6904,14,32,-6,-39,0,0,0,46,-13,-1600,0,1150000,1150000,1194000,1196000,0,0,0,0,,,,,,,,,,,,,,,,,,,,,,,,,,,,,,,,,,,,,,,,,,,,,,,,,,,,,,,,,,,,,,,,,,,,,,,,,,,,,,,,,,,,,,,,,,,,,,,
3203000,-55,108,-232,-89,927,-2993,2247,9879,1,12,-6,-39,39,0,0,48,-21,-1600,0,1196000,1261000,1150000,1150000,0,0,3250000,95,246,229,10,970,2377,-3123,-7454,-15,25,-4,-79,39,26,22,57,-2,-1496,22,1150000,1150000,1165000,1237000,0,0,0,0,,,,,,,,,,,,,,,,,,,,,,,,,,,,,,,,,,,,,,,,,,,,,,,,,,,,,,,,,,,,,,,,,,,,,
3303000,-34,212,-227,35,1005,1889,2247,7743,0,22,-6,-39,39,55,100,55,-59,-1380,100,1221000,1183000,1150000,1150000,0,0,0,0,,,,,,,,,,,,,,,,,,,,,,,,,,,,,,,,,,,,,,,,,,,,,,,,,,,,,,,,,,,,,,,,,,,,,,,,,,,,,,,,,,,,,,,,,,,,,,,
3350000,82,387,157,-4,988,851,-255,-4158,-10,33,-8,-39,0,0,0,0,0,0,,,,,,,,,,,,,,,,,,,,,,,,,,,,,,,,,,,,,,,,,,,,,,,,,,,,,,,,,,,,,,,,,,,,,,,,,,,,,,,,,,,,,,,,,,,,,,,,,,,,,,,,
3403000,27,-216,-213,1,956,424,-743,2189,-2,-18,-8,0,0,111,408,71,0,-1156,408,1150000,1150000,1150000,1150000,0,0,0,0,,,,,,,,,,,,,,,,,,,,,,,,,,,,,,,,,,,,,,,,,,,,,,,,,,,,,,,,,,,,,,,,,,,,,,,,,,,,,,,,,,,,,,,,,,,,,,,
3450000,159,642,0,47,1073,1034,904,2372,-10,56,-4,40,0,194,1248,77,84,-824,1248,1166000,1150000,1150000,1150000,0,0,0,0,,,,,,,,,,,,,,,,,,,,,,,,,,,,,,,,,,,,,,,,,,,,,,,,,,,,,,,,,,,,,,,,,,,,,,,,,,,,,,,,,,,,,,,,,,,,,,,
3503000,-255,-611,-135,-123,1010,-979,-255,-3547,29,-53,-6,80,0,213,1504,55,1,-748,1504,1150000,1150000,1189000,1235000,0,0,0,0,,,,,,,,,,,,,,,,,,,,,,,,,,,,,,,,,,,,,,,,,,,,,,,,,,,,,,,,,,,,,,,,,,,,,,,,,,,,,,,,,,,,,,,,,,,,,,,
3550000,311,650,-30,154,1003,2438,-865,3532,-27,60,0,0,39,243,1958,41,-3,-628,1958,1277000,1213000,1150000,1150000,0,0,0,0,,,,,,,,,,,,,,,,,,,,,,,,,,,,,,,,,,,,,,,,,,,,,,,,,,,,,,,,,,,,,,,,,,,,,,,,,,,,,,,,,,,,,,,,,,,,,,,
3603000,-166,-20,-295,85,1163,57,5299,4569,17,-1,-4,40,0,315,3291,62,-13,-340,3291,1306000,1308000,1251000,1150000,0,0,0,0,,,,,,,,,,,,,,,,,,,,,,,,,,,,,,,,,,,,,,,,,,,,,,,,,,,,,,,,,,,,,,,,,,,,,,,,,,,,,,,,,,,,,,,,,,,,,,,
3650000,13,74,62,-70,973,-2261,-2269,236,-1,6,-4,0,0,326,3525,36,19,-295,3525,1258000,1293000,1256000,1294000,0,0,0,0,,,,,,,,,,,,,,,,,,,,,,,,,,,,,,,,,,,,,,,,,,,,,,,,,,,,,,,,,,,,,,,,,,,,,,,,,,,,,,,,,,,,,,,,,,,,,,,
3703000,-14,199,-146,15,907,-4031,2918,3654,4,17,-6,40,0,357,4227,77,24,-172,4227,1312000,1372000,1303000,1225000,0,0,0,0,,,,,,,,,,,,,,,,,,,,,,,,,,,,,,,,,,,,,,,,,,,,,,,,,,,,,,,,,,,,,,,,,,,,,,,,,,,,,,,,,,,,,,,,,,,,,,,
3750000,60,-22,80,-9,900,-4458,9632,1029,-8,4,-6,-39,79,395,5175,56,8,-19,5175,1338000,1365000,1392000,1275000,0,0,0,0,,,,,,,,,,,,,,,,,,,,,,,,,,,,,,,,,,,,,,,,,,,,,,,,,,,,,,,,,,,,,,,,,,,,,,,,,,,,,,,,,,,,,,,,,,,,,,,
3803000,176,43,-23,70,714,-430,782,3715,-18,7,-6,-39,39,405,5440,65,-7,0,5440,1406000,1370000,1309000,1332000,0,0,0,0,,,,,,,,,,,,,,,,,,,,,,,,,,,,,,,,,,,,,,,,,,,,,,,,,,,,,,,,,,,,,,,,,,,,,,,,,,,,,,,,,,,,,,,,,,,,,,,
3850000,-83,-117,-261,145,1899,1583,2735,175,3,-6,-6,-39,39,431,6161,32,27,0,6161,1388000,1368000,1410000,1356000,0,0,0,0,,,,,,,,,,,,,,,,,,,,,,,,,,,,,,,,,,,,,,,,,,,,,,,,,,,,,,,,,,,,,,,,,,,,,,,,,,,,,,,,,,,,,,,,,,,,,,,
3903000,6,-1139,-192,320,1337,-4458,904,-7,-4,-95,-8,-39,39,461,7048,91,46,0,7048,1401000,1409000,1381000,1450000,0,0,0,0,,,,,,,,,,,,,,,,,,,,,,,,,,,,,,,,,,,,,,,,,,,,,,,,,,,,,,,,,,,,,,,,,,,,,,,,,,,,,,,,,,,,,,,,,,,,,,,
3950000,-271,-1215,59,265,674,5917,10059,-618,16,-106,-6,-79,0,463,7110,70,98,0,7110,1421000,1379000,1473000,1364000,0,0,0,0,,,,,,,,,,,,,,,,,,,,,,,,,,,,,,,,,,,,,,,,,,,,,,,,,,,,,,,,,,,,,,,,,,,,,,,,,,,,,,,,,,,,,,,,,,,,,,,
4003000,423,-1612,90,142,491,-7632,-1170,-557,-40,-140,-4,-39,0,462,7079,57,-144,0,7079,1349000,1451000,1417000,1424000,0,0,0,0,,,,,,,,,,,,,,,,,,,,,,,,,,,,,,,,,,,,,,,,,,,,,,,,,,,,,,,,,,,,,,,,,,,,,,,,,,,,,,,,,,,,,,,,,,,,,,,
4050000,603,-1764,-84,180,1437,607,-9959,6766,-56,-153,-8,-39,0,499,8258,33,-247,0,8258,1517000,1477000,1283000,1485000,0,0,0,0,,,,,,,,,,,,,,,,,,,,,,,,,,,,,,,,,,,,,,,,,,,,,,,,,,,,,,,,,,,,,,,,,,,,,,,,,,,,,,,,,,,,,,,,,,,,,,,
4103000,-600,-1965,250,-505,558,2926,11219,2311,20,-168,-12,-359,39,530,9316,43,-146,0,9316,1501000,1479000,1501000,1436000,0,0,0,0,,,,,,,,,,,,,,,,,,,,,,,,,,,,,,,,,,,,,,,,,,,,,,,,,,,,,,,,,,,,,,,,,,,,,,,,,,,,,,,,,,,,,,,,,,,,,,,
4150000,-1687,-2678,-112,665,1749,-979,-12767,-7393,140,-226,-29,-79,79,528,9246,69,16,0,9246,1359000,1435000,1456000,1631000,0,0,0,0,,,,,,,,,,,,,,,,,,,,,,,,,,,,,,,,,,,,,,,,,,,,,,,,,,,,,,,,,,,,,,,,,,,,,,,,,,,,,,,,,,,,,,,,,,,,,,,
4203000,-1058,-2098,-119,308,1201,-2871,-6297,-68,81,-176,-29,-119,79,540,9671,57,30,0,9671,1443000,1497000,1462000,1551000,0,0,0,0,,,,,,,,,,,,,,,,,,,,,,,,,,,,,,,,,,,,,,,,,,,,,,,,,,,,,,,,,,,,,,,,,,,,,,,,,,,,,,,,,,,,,,,,,,,,,,,
4250000,-1515,-3100,-406,489,1718,363,-10203,-4646,118,-270,-52,-159,0,564,10550,71,-4,0,10550,1424000,1467000,1475000,1660000,0,0,0,0,,,,,,,,,,,,,,,,,,,,,,,,,,,,,,,,,,,,,,,,,,,,,,,,,,,,,,,,,,,,,,,,,,,,,,,,,,,,,,,,,,,,,,,,,,,,,,,
4303000,-3075,-3788,99,-20,1196,-4519,-7396,-3181,264,-327,-58,-39,39,596,11781,51,55,0,11781,1450000,1523000,1534000,1658000,0,0,0,0,,,,,,,,,,,,,,,,,,,,,,,,,,,,,,,,,,,,,,,,,,,,,,,,,,,,,,,,,,,,,,,,,,,,,,,,,,,,,,,,,,,,,,,,,,,,,,,
4350000,-2945,-3444,284,-613,-263,-2078,9754,-7942,257,-293,-52,0,79,616,12585,55,47,63,12585,1395000,1523000,1643000,1634000,0,0,0,0,,,,,,,,,,,,,,,,,,,,,,,,,,,,,,,,,,,,,,,,,,,,,,,,,,,,,,,,,,,,,,,,,,,,,,,,,,,,,,,,,,,,,,,,,,,,,,,
4403000,-970,-3694,-43,503,1479,-5862,843,-7820,84,-322,-54,0,0,629,13122,46,-21,116,13122,1447000,1522000,1626000,1692000,0,0,0,0,,,,,,,,,,,,,,,,,,,,,,,,,,,,,,,,,,,,,,,,,,,,,,,,,,,,,,,,,,,,,,,,,,,,,,,,,,,,,,,,,,,,,,,,,,,,,,,
4450000,-1539,-3617,-69,-594,1497,24166,6885,-1106,130,-315,-54,-39,0,639,13543,67,-34,155,13543,1596000,1488000,1605000,1655000,0,0,0,0,,,,,,,,,,,,,,,,,,,,,,,,,,,,,,,,,,,,,,,,,,,,,,,,,,,,,,,,,,,,,,,,,,,,,,,,,,,,,,,,,,,,,,,,,,,,,,,
4503000,-1141,-2028,-506,-105,1044,18063,23914,-5745,29,-177,-48,-799,0,640,13585,91,23,159,13584550000,-1741,-1123,-193,-297,1207,18612,25196,-1594,43,-98,-33,-1239,0,640,13585,87,152,159,13585,1560000,1528000,1646000,1614603000,1016,-1479,-83,-363,702,16232,24769,-4097,-200,-129,-31,-1279,0,639,13543,99,224,155,13543,1544000,1506000,1659000,1634650000,1121,-1788,320,-126,471,5795,17933,-4829,-209,-152,-52,-1279,39,640,13585,109,257,159,13585,1523000,1498000,1647000,1674000,0,0,0,0,,,,,,,,,,,,,,,,,,,,,,,,,,,,,,
4703000,947,-1453,-522,79,1595,-1223,36427,236,-190,-60,-75,-1239,759,637,13458,121,318,148,13458,1548000,1516000,1675000,1598000,0,0,0,0,,,,,,,,,,,,,,,,,,,,,,,,,,,,,,,,,,,,,,,,,,,,,,,,,,,,,,,,,,,,,,,,,,,,,,,,,,,,,,,,,,,,,,,,,,,,,,,
4750000,770,152,-309,-55,1359,5490,33985,-2205,-259,348,-52,-2199,3840,604,12100,120,348,15,12100,1523000,1446000,1684000,1538000,0,4803000,1384,2095,-132,-314,1182,7687,-24364,602,-382,727,-37,-2999,6240,603,12060,128,190,11,12060,1563000,1454000,1552000,1630000,0,0,0,0,,,,,,,,,,,,,,,,,,,,,,,,,,,,,,,,,,,,,,,,,,,,,,,,,,,,,,,,,,,,,,,,,,,,,,
4850000,1330,-366,99,-234,785,-19229,-43162,-1472,-479,509,-37,-4159,6199,601,11980,135,154,4,11980,1492000,1492000,1579000,1629000,0,0,0,0,,,,,,,,,,,,,,,,,,,,,,,,,,,,,,,,,,,,,,,,,,,,,,,,,,,,,,,,,,,,,,,,,,,,,,,,,,,,,,,,,,,,,,,,,,,,,,,
4903000,-216,-2964,685,60,-15,-18618,-30467,-130,-375,278,-20,-4519,6159,601,11980,113,-107,4,11980,1533000,1484000,1574000,1609000,0,0,0,0,,,,,,,,,,,,,,,,,,,,,,,,,,,,,,,,,,,,,,,,,,,,,,,,,,,,,,,,,,,,,,,,,,,,,,,,,,,,,,,,,,,,,,,,,,,,,,,
4950000,-178,-2024,-221,426,1404,-24600,-15635,-2205,-403,357,-23,-4799,6120,602,12020,121,-95,7,12020,1500000,1482000,1594000,1621000,0,0,0,0,,,,,,,,,,,,,,,,,,,,,,,,,,,,,,,,,,,,,,,,,,,,,,,,,,,,,,,,,,,,,,,,,,,,,,,,,,,,,,,,,,,,,,,,,,,,,,,
5003000,-1233,-2856,-269,250,1415,-25576,-35777,-2022,-384,288,-25,-5639,6159,603,12060,116,-138,11,12060,1512000,1469000,1557000,1657000,0,0,0,5050000,-1620,-4614,-307,-539,1544,-9890,-38341,-435,-410,131,-31,-6319,6120,602,12020,122,-95,7,12020,1564000,1424000,1567000,163,,,,,,,,,,,,,,,,,,,,,,,,,,,,,,,,,,,,,,,,,,,,,,,,,,,,,,,,,,,,,,,,,,,,,,,,
5103000,-1893,-5700,464,-588,366,-8364,-20579,-1900,-361,29,-50,-6039,6040,653,14143,72,-259,211,14143,1533000,1503000,1647000,1654000,0,0,0,0,,,,,,,,,,,,,,,,,,,,,,,,,,,,,,,,,,,,,,,,,,,,,,,,,,,,,,,,,,,,,,,,,,,,,,,,,,,,,,,,,,,,,,,,,,,,,,,
5150000,-3259,-6090,-172,604,1497,-33084,-10997,-2449,-183,0,-50,-5359,6080,651,14056,82,-275,204,14056,1469000,1579000,1630000,1703000,0,0,0,0,,,,,,,,,,,,,,,,,,,,,,,,,,,,,,,,,,,,,,,,,,,,,,,,,,,,,,,,,,,,,,,,,,,,,,,,,,,,,,,,,,,,,,,,,,,,,,,
5203000,-5395,-4584,-155,-172,1634,-5740,-865,1395,31,127,-52,-5039,6040,664,14623,107,-205,255,14623,1613000,1514000,1682000,1636000,0,0,0,0,,,,,,,,,,,,,,,,,,,,,,,,,,,,,,,,,,,,,,,,,,,,,,,,,,,,,,,,,,,,,,,,,,,,,,,,,,,,,,,,,,,,,,,,,,,,,,,
5250000,-3955,-4968,-60,81,1216,11715,-18138,-7,-94,86,-12,-5039,5959,670,14889,139,-86,280,14889,1639000,1512000,1643000,1678000,0,0,0,0,,,,,,,,,,,,,,,,,,,,,,,,,,,,,,,,,,,,,,,,,,,,,,,,,,,,,,,,,,,,,,,,,,,,,,,,,,,,,,,,,,,,,,,,,,,,,,,
5303000,-3551,-6294,344,-57,1005,-1956,-13255,907,-129,-29,-12,-5039,5959,672,14978,96,-116,287,14978,1616000,1556000,1618000,1694000,0,0,0,0,,,,,,,,,,,,,,,,,,,,,,,,,,,,,,,,,,,,,,,,,,,,,,,,,,,,,,,,,,,,,,,,,,,,,,,,,,,,,,,,,,,,,,,,,,,,,,,
5350000,-4057,-5423,139,419,1807,-5007,-1964,968,-92,39,-12,-5119,5880,672,14978,99,50,287,14978,1603000,1569000,1648000,1664000,0,0,0,0,,,,,,,,,,,,,,,,,,,,,,,,,,,,,,,,,,,,,,,,,,,,,,,,,,,,,,,,,,,,,,,,,,,,,,,,,,,,,,,,,,,,,,,,,,,,,,,
5403000,-3743,-4337,261,-181,1113,-3298,-14598,419,-92,134,-12,-4799,5880,675,15112,84,-35,300,15112,1608000,1561000,1627000,1696000,0,0,0,0,,,,,,,,,,,,,,,,,,,,,,,,,,,,,,,,,,,,,,,,,,,,,,,,,,,,,,,,,,,,,,,,,,,,,,,,,,,,,,,,,,,,,,,,,,,,,,,
5450000,-3074,-4864,328,35,1314,-13186,-14598,-3364,-28,81,-12,-3399,5799,677,15202,94,120,307,15202,1543000,1578000,1665000,1706000,0,0,0,0,,,,,,,,,,,,,,,,,,,,,,,,,,,,,,,,,,,,,,,,,,,,,,,,,,,,,,,,,,,,,,,,,,,,,,,,,,,,,,,,,,,,,,,,,,,,,,,
5503000,-3794,-5299,123,-254,83,-12942,8289,-679,62,40,-10,-3079,5759,676,15157,138,273,304,15157,1574000,1584000,1687000,1656000,0,0,0,0,,,,,,,,,,,,,,,,,,,,,,,,,,,,,,,,,,,,,,,,,,,,,,,,,,,,,,,,,,,,,,,,,,,,,,,,,,,,,,,,,,,,,,,,,,,,,,,
5550000,-2873,-4034,42,-351,1098,729,7557,2738,13,147,-10,-2719,5720,677,15202,146,77,307,15202,1632000,1569000,1660000,1644000,0,0,0,0,,,,,,,,,,,,,,,,,,,,,,,,,,,,,,,,,,,,,,,,,,,,,,,,,,,,,,,,,,,,,,,,,,,,,,,,,,,,,,,,,,,,,,,,,,,,,,,
5603000,-2273,-3069,265,537,1306,546,-11363,-5745,37,273,-12,-1839,6199,676,15157,188,408,304,15157,1567000,1514000,1683000,1719000,0,0,0,0,,,,,,,,,,,,,,,,,,,,,,,,,,,,,,,,,,,,,,,,,,,,,,,,,,,,,,,,,,,,,,,,,,,,,,,,,,,,,,,,,,,,,,,,,,,,,,,
5650000,-1889,-2575,-208,214,1307,-7022,-28270,-68,84,309,-4,-919,6120,677,15202,211,398,307,15202,1580000,1588000,1630000,1706000,0,0,0,0,,,,,,,,,,,,,,,,,,,,,,,,,,,,,,,,,,,,,,,,,,,,,,,,,,,,,,,,,,,,,,,,,,,,,,,,,,,,,,,,,,,,,,,,,,,,,,,
5703000,-2432,-4396,320,-306,734,363,-27476,-2327,205,84,-6,-79,5360,677,15202,225,427,307,15202,1574000,1558000,1640000,1723000,0,0,0,0,,,,,,,,,,,,,,,,,,,,,,,,,,,,,,,,,,,,,,,,,,,,,,,,,,,,,,,,,,,,,,,,,,,,,,,,,,,,,,,,,,,,,,,,,,,,,,,
5750000,-2562,-4389,116,-356,892,4086,233,-4707,216,56,-4,-79,5039,675,15112,215,447,300,15112,1569000,1525000,1701000,1688000,0,0,0,0,,,,,,,,,,,,,,,,,,,,,,,,,,,,,,,,,,,,,,,,,,,,,,,,,,,,,,,,,,,,,,,,,,,,,,,,,,,,,,,,,,,,,,,,,,,,,,,
5803000,-1591,-3704,-244,155,1150,12448,-11973,-3425,135,85,-8,-39,4679,675,15112,295,620,300,15112,1590000,1511000,1659000,1718000,0,0,0,0,,,,,,,,,,,,,,,,,,,,,,,,,,,,,,,,,,,,,,,,,,,,,,,,,,,,,,,,,,,,,,,,,,,,,,,,,,,,,,,,,,,,,,,,,,,,,,,
5850000,-983,-3445,-414,-174,1386,7015,-3428,-6172,281,107,-4,2240,4679,636,13416,344,655,143,13416,1479000,1524000,1680000,1682000,0,0,0,0,,,,,,,,,,,,,,,,,,,,,,,,,,,,,,,,,,,,,,,,,,,,,,,,,,,,,,,,,,,,,,,,,,,,,,,,,,,,,,,,,,,,,,,,,,,,,,,
5903000,-277,-3434,333,322,873,16903,-11668,-1228,310,143,-6,3280,5079,635,13374,313,532,139,13374,1551000,1492000,1608000,1678000,0,0,0,0,,,,,,,,,,,,,,,,,,,,,,,,,,,,,,,,,,,,,,,,,,,,,,,,,,,,,,,,,,,,,,,,,,,,,,,,,,,,,,,,,,,,,,,,,,,,,,,
5950000,252,-3143,-54,431,1551,18856,-6236,-4890,459,175,-4,5520,5160,636,13416,339,445,143,13416,1511000,1477000,1663000,1668000,0,0,0,0,,,,,,,,,,,,,,,,,,,,,,,,,,,,,,,,,,,,,,,,,,,,,,,,,,,,,,,,,,,,,,,,,,,,,,,,,,,,,,,,,,,,,,,,,,,,,,,
6003000,-363,-3605,149,-355,473,27951,-7030,-4341,513,132,-4,5520,5120,636,13416,406,337,143,13416,1492000,1502000,1635000,1691000,0,0,0,0,,,,,,,,,,,,,,,,,,,,,,,,,,,,,,,,,,,,,,,,,,,,,,,,,,,,,,,,,,,,,,,,,,,,,,,,,,,,,,,,,,,,,,,,,,,,,,,
6050000,492,-4137,164,-191,1047,25204,-3734,-4402,368,15,-4,4720,4319,635,13374,393,329,139,13374,1490000,1501000,1649000,1680000,0,0,0,0,,,,,,,,,,,,,,,,,,,,,,,,,,,,,,,,,,,,,,,,,,,,,,,,,,,,,,,,,,,,,,,,,,,,,,,,,,,,,,,,,,,,,,,,,,,,,,,
6103000,1437,-4024,430,-118,134,30575,-9105,-2632,153,-152,-23,3200,2279,654,14186,384,275,215,14186,1586000,1426000,1620000,1721000,0,0,0,0,,,,,,,,,,,,,,,,,,,,,,,,,,,,,,,,,,,,,,,,,,,,,,,,,,,,,,,,,,,,,,,,,,,,,,,,,,,,,,,,,,,,,,,,,,,,,,,
6150000,2116,-3538,458,360,784,14035,13355,-3792,-90,14579,1561000,1460000,1684000,1715000,0,0,0,0,,,,,,,,,,,,,,,,,,,,,,,,,,,,,,,,,,,,,,,,,,,,,,,,,,,,,,,,,,,,,,,,,,,,,,,,,,,,,,,,,,,,,,,,,,,,,,,,,,,,,,,,
6203000,943,-3237,-106,-457,887,-23440,25257,-3731,-71,-275,-39,120,79,668,14800,435,273,271,14800,1436000,1583000,1702000,1705000,0,0,0,,,,,,,,,,,,,,,,,,,,,,,,,,,,,,,,,,,,,,,,,,,,,,,,,,,,,,,,,,,,,,,,,,,,,,,,,,,,,,,,,,,,,,,,,,,,,,,,
6250000,-310,-1476,15,-379,769,-2322,31971,-3914,41,-177,-54,160,-559,681,15382,456,305,323,15382,1524000,1488000,16303000,1,-645,280,66,1029,20565,24158,-2083,6,-195,-33,80,-1599,683,15472,423,234,332,15472,1615000,1465000,1708000,1714000,0,0,0,0,,,,,,,,,,,,,,,,,,,,,,,,,,,,,,,,,,,,,,,,,,,,,,,,,,,,,,,,,,,,,,,,,,,,,,,,,
6350000,687,-202,-236,-305,1183,-1712,16407,-2876,-56,-223,-52,40,-2359,709,16673,459,196,435,16673,1573000,1547000,1733000,1757000,0,0,0,0,,,,,,,,,,,,,,,,,,,,,,,,,,,,,,,,,,,,,,,,,,,,,,,,,,,,,,,,,,,,,,,,,,,,,,,,,,,,,,,,,,,,,,,,,,,,,,,
6403000,1126,-373,562,204,537,7077,16895,-2632,-154,-266,-52,-639,-2680,707,16579,470,347,428,16579,1636000,1470000,1719000,1770000,0,0,0,0,,,,,,,,,,,,,,,,,,,,,,,,,,,,,,,,,,,,,,,,,,,,,,,,,,,,,,,,,,,,,,,,,,,,,,,,,,,,,,,,,,,,,,,,,,,,,,,
6450000,674,1040,-491,-396,1397,-15139,33802,-2510,-118,-111,-52,-679,-2320,707,16579,498,329,428,16579,1545000,1568000,1788000,1699000,0,0,0,0,,,,,,,,,,,,,,,,,,,,,,,,,,,,,,,,,,,,,,,,,,,,,,,,,,,,,,,,,,,,,,,,,,,,,,,,,,,,,,,,,,,,,,,,,,,,,,,
6503000,536,346,69,-578,1067,-7937,15369,-2937,-106,-81,-56,-679,-1280,708,16626,489,1551,-45,358,1092,-7022,18604,-1045,-105,114,-56,-719,6603000,375,-83,493,322,964,14645,4017,-2449,-64,-14,-566650000,706,-447,-560,-687,1447,-5068,6397,-5073,-68,-39,-54,-79,0,708,16626,579,437,432,16626,1547000,1511000,1771000,1758000,-1869,363,-1082,210,,,,,,,,,,,,,,,,,,,,,,,,,,,,,,,,,,,,,,,,,,,,,,,,,,,,,,,,
6703000,1472,-1467,-424,-338,880,-12271,3895,-2754,-131,-128,-56,-39,0,707,16579,594,436,428,16579,1538000,1547000,1738000,1771000,-1706,-264,-1013,-156,,,,,,,,,,,,,,,,,,,,,,,,,,,,,,,,,,,,,,,,,,,,,,,,,,,,,,,,,,,,,,,,,,,,,,,,,,,,,,,,,,,,,,,,,,,,,,,
6750000,1163,-1828,128,177,1342,-5923,15919,-1838,-115,-86,-35,-159,840,707,16579,594,482,428,16579,1575000,1535000,1767000,1723000,-1706,-26803000,1252,-1275,199,526,825,2011,8961,-2205,-98,70,-12,120,2079,673,15022,633,563,291,15022,1613000,1478000,1755000,1708000,-1833,-168,-1160,-106,,,,,,,,,,,,,,,,,,,,,,,,,,,,,,,,,,,,,,,,,,,,,,,,,,,,,,,,,,,,,,,,,,,,,,
6850000,1142,-1265,-316,-603,1227,-16482,-7274,297,-92,78,-12,80,2160,662,14535,684,716,248,14535,1504000,1571000,1676000,1719000,-1630,-202,-1115,-138,,,,,,,,,,,,,,,,,,,,,,,,,,,,,,,,,,,,,,,,,,,,,,,,,,,,,,,,,,,,,,,,,,,,,,,,,,,,,,,,,,,,,,,,,,,,,,,
6903000,2500,-1896,-195,-154,1164,668,-7274,1701,-207,-154,-8,120,120,635,13374,711,710,139,13374,1563000,1442000,1625000,1684000,-1523,-105,-1083,-75,,,,,,,,,,,,,,,,,,,,,,,,,,,,,,,,,,,,,,,,,,,,,,,,,,,,,,,,,,,,,,,,,,,,,,,,,,,,,,,,,,,,,,,,,,,,,,,
6950000,1047,-3001,-324,-286,1480,-17092,13660,-1411,-70,-251,-8,240,120,616,12585,762,744,63,12585,1461000,1457000,1692000,1620000,-1407,-61,-1072,-46,,,,,,,,,,,,,,,,,,,,,,,,,,,,,,,,,,,,,,,,,,,,,,,,,,,,,,,,,,,,,,,,,,,,,,,,,,,,,,,,,,,,,,,,,,,,,,,
7003000,407,-2432,195,124,463,-9524,15186,-1350,-14,-208,-10,240,39,602,12020,795,769,7,12020,1459000,1422000,1653000,1638000,-1230,-166,-978,-132,,,,,,,,,,,,,,,,,,,,,,,,,,,,,,,,,,,,,,,,,,,,,,,,,,,,,,,,,,,,,,,,,,,,,,,,,,,,,,,,,,,,,,,,,,,,,,,
7050000,-134,-1271,9,353,1507,2621,17017,541,29,-103,-6,200,79,602,12020,838,734,7,12020,1489000,1426000,1662000,1602000,-1041,-63,-872,-53,,,,,,,,,,,,,,,,,,,,,,,,,,,,,,,,,,,,,,,,,,,,,,,,,,,,,,,,,,,,,,,,,,,,,,,,,,,,,,,,,,,,,,,,,,,,,,,
7103000,-1335,-2097,418,-187,408,2377,2918,1212,133,-179,-6,200,39,602,12020,842,523,7,12020,1473000,1455000,1603000,1653000,-1050,-68,-884,-57,,,,,,,,,,,,,,,,,,,,,,,,,,,,,,,,,,,,,,,,,,,,,,,,,,,,,,,,,,,,,,,,,,,,,,,,,,,,,,,,,,,,,,,,,,,,,,,
7150000,-1393,-1429,-153,481,1532,-1162,11219,1762,194,-121,-4,840,39,623,12873,876,497,92,12873,1481000,1506000,1675000,1610000,-1023,-8,-896,-7,,,,,,,,,,,,,,,,,,,,,,,,,,,,,,,,,,,,,,,,,,,,,,,,,,,,,,,,,,,,,,,,,,,,,,,,,,,,,,,,,,,,,,,,,,,,,,,
7203000,-2013,-2247,234,-48,480,3475,8167,785,465,-196,-4,3320,0,638,13500,888,367,152,13500,1448000,1554000,1636000,1688000,-853,-167,-757,-148,,,,,,,,,,,,,,,,,,,,,,,,,,,,,,,,,,,,,,,,,,,,,,,,,,,,,,,,,,,,,,,,,,,,,,,,,,,,,,,,,,,,,,,,,,,,,,,
7250000,-1558,-1759,60,367,1563,21420,11402,663,526,-153,-6,4480,0,636,13416,891,252,143,13416,1534000,1463000,1685000,1639000,-922,-363,-822,-324,,,,,,,,,,,,,,,,,,,,,,,,,,,,,,,,,,,,,,,,,,,,,,,,,,,,,,,,,,,,,,,,,,,,,,,,,,,,,,,,,,,,,,,,,,,,,,,
7303000,-684,-1151,-138,-456,1132,28317,14332,-679,583,-96,-6,6000,39,638,13500,891,108,152,13500,1490000,1493000,1700000,1642000,-666,-326,-593,-290,,,,,,,,,,,,,,,,,,,,,,,,,,,,,,,,,,,,,,,,,,,,,,,,,,,,,,,,,,,,,,,,,,,,,,,,,,,,,,,,,,,,,,,,,,,,,,,
7350000,519,-1009,24,-340,977,27890,4810,236,569,-91,-6,7040,-39,638,13500,912,74,152,13500,1499000,1499000,1665000,1667000,-771,-69,-704,-63,,,,,,,,,,,,,,,,,,,,,,,,,,,,,,,,,,,,,,,,,,,,,,,,,,,,,,,,,,,,,,,,,,,,,,,,,,,,,,,,,,,,,,,,,,,,,,,
7403000,918,-757,-106,32,847,29843,4932,-1838,433,-34,-8,5880,360,639,13543,913,83,155,13543,1530000,1429000,1695000,1662000,-661,-267,-603,-244,,,,,,,,,,,,,,,,,,,,,,,,,,,,,,,,,,,,,,,,,,,,,,,,,,,,,,,,,,,,,,,,,,,,,,,,,,,,,,,,,,,,,,,,,,,,,,,
7450000,2146,-289,-225,-70,841,25143,6947,-984,154,62,-6,3920,999,648,13927,928,154,192,13927,1536000,1465000,1709000,1654000,-671,-268,-623,-249,,,,,,,,,,,,,,,,,,,,,,,,,,,,,,,,,,,,,,,,,,,,,,,,,,,,,,,,,,,,,,,,,,,,,,,,,,,,,,,,,,,,,,,,,,,,,,,
7503000,2906,-913,167,177,1132,6405,-4832,1456,-236,77,-25,200,1800,671,14933,933,110,284,14933,1567000,1507000,1673000,1716000,-562,-272,-524,-254,,,,,,,,,,,,,,,,,,,,,,,,,,,,,,,,,,,,,,,,,,,,,,,,,,,,,,,,,,,,,,,,,,,,,,,,,,,,,,,,,,,,,,,,,,,,,,,
7550000,2121,-1874,-35,-285,949,-23745,-4283,1578,-171,-55,-31,160,1240,673,15022,930,50,291,15022,1496000,1574000,1691000,1702000,-474,-31,-441,-29,,,,,,,,,,,,,,,,,,,,,,,,,,,,,,,,,,,,,,,,,,,,,,,,,,,,,,,,,,,,,,,,,,,,,,,,,,,,,,,,,,,,,,,,,,,,,,,
7603000,679,-3188,156,301,955,119,1026,236,-41,-267,-33,200,120,672,14978,938,17,287,14978,1586000,1458000,1686000,1723000,7650000,210,-2573,-6,434,1320,14096,15491,1334,-28,-210,-33,-119,160,673,15022,923,-26,291,15022,1603000,1457000,1710000,1691000,-312,-77,-288,-71,,,,,,,,,,,,,,,,,,,,,,,,,,,,,,,,,,,,,,,,,,,,,,,,,,,,,,,,,,,,,,,,,,,,,,,
7703000,32,-2081,40,-241,1034,-1223,4505,-618,-83,-171,-33,-919,120,676,15157,896,-43,304,15157,1532000,1516000,1704000,1724000,-323,-21,-290,-19,,,,,,,,,,,,,,,,,,,,,,,,,,,,,,,,,,,,,,,,,,,,,,,,,,,,,,,,,,,,,,,,,,,,,,,,,,,,,,,,,,,,,,,,,,,,,,,
7750000,-47,-1952,-177,-11,1110,-8181,4383,-191,-65,-159,-35,-799,120,677,15202,904,23,307,15202,1526000,1530000,1699000,1731000,-136,1,151,,,,,,,,,,,,,,,,,,,,,,,,,,,,,,,,,,,,,,,,,,,,,,,,,,,,,,,,,,,,,,,,,,,,,,,,,,,,,,,,,,,,,,,,,,,,,,,,
7803000,-361,-2470,72,-289,652,-8059,5421,602,-146,-208,-35,-2039,79,678,15246,900,-55,311,15246,1542000,1523000,1686000,1736000,-201,70,-181,63,,,,,,,,,,,,,,,,,,,,,,,,,,,,,,,,,,,,,,,,,,,,,,,,,,,,,,,,,,,,,,,,,,,,,,,,,,,,,,,,,,,,,,,,,,,,,,,
7850000,-144,-2288,-139,129,1008,-20938,11219,-1045,-245,-122,-33,-2959,880,678,15246,911,8,311,15246,1495000,1546000,1734000,1705000,-146,263,-133,239,,,,,,,,,,,,,,,,,,,,,,,,,,,,,,,,,,,,,,,,,,,,,,,,,,,,,,,,,,,,,,,,,,,,,,,,,,,,,,,,,,,,,,,,,,,,,,,
7903000,-495,-2193,-5,-523,1558,-17214,843,-801,-256,52,-33,-3439,2799,678,15246,921,81,311,15246,1546000,1500000,1718000,1722000,-10,441,-9,407,,,,,,,,,,,,,,,,,,,,,,,,,,,,,,,,,,,,,,,,,,,,,,,,,,,,,,,,,,,,,,,,,,,,,,,,,,,,,,,,,,,,,,,,,,,,,,,
7950000,-365,-2074,-85,-352,934,-18984,-316,-1045,-299,136,-29,-3799,3640,679,15291,908,56,316,15291,1553000,1490000,1733000,1709000,130,484,118,440,,,,,,,,,,,,,,,,,,,,,,,,,,,,,,,,,,,,,,,,,,,,,,,,,,,,,,,,,,,,,,,,,,,,,,,,,,,,,,,,,,,,,,,,,,,,,,,
8003000,-311,-2537,31,-342,1255,-26309,-13743,-3181,-311,291,-27,-3879,5880,677,15202,913,40,307,15202,1495000,1516000,1728000,1735000,154,300,141,8050000,-598,-3541,-636,-85,2016,-22830,-16917,-740,-220,375,-27,-3119,7839,678,15246,900,5,311,15246,1527000,1517000,1703000,1735000,213,397,192,357,,,,,,,,,,,,,,,,,,,,,,,,,,,,,,,,,,,,,,,,,,,,,,,,,,,,,,,,,,,,,,,,,,,,
8103000,-1519,-4724,-54,-381,550,-18435,-25523,-2693,-118,481,-23,-2879,10240,676,15157,921,15,304,15157,1507000,1500000,1725000,1727000,520,333,479,307,,,,,,,,,,,,,,,,,,,,,,,,,,,,,,,,,,,,,,,,,,,,,,,,,,,,,,,,,,,,,,,,,,,,,,,,,,,,,,,,,,,,,,,,,,,,,,,
8150000,-1909,-5999,101,110,1033,-15383,-30101,-3303,-60,513,-4,-2599,11879,674,15067,892,-11,296,15067,1496000,1518000,1732000,1718000,499,331,445,295,,,,,,,,,,,,,,,,,,,,,,,,,,,,,,,,,,,,,,,,,,,,,,,,,,,,,,,,,,,,,,,,,,,,,,,,,,,,,,,,,,,,,,,,,,,,,,,
8203000,-2789,-7309,13,-364,1107,-7693,-30833,-3181,131,440,-4,-1279,12360,673,15022,900,-40,291,15022,1509000,1500000,1717000,1730000,633,405,570,364,,,,,,,,,,,,,,,,,,,,,,,,,,,,,,,,,,,,,,,,,,,,,,,,,,,,,,,,,,,,,,,,,,,,,,,,,,,,,,,,,,,,,,,,,,,,,,,
8250000,-2538,-7708,-44,420,1545,13546,-31016,-2571,336,325,-4,1320,11440,674,15067,891,-55,296,15067,1528000,1490000,1701000,1741000,508,268,453,238,,,,,,,,,,,,,,,,,,,,,,,,,,,,,,,,,,,,,,,,,,,,,,,,,,,,,,,,,,,,,,,,,,,,,,,,,,,,,,,,,,,,,,,,,,,,,,,
8303000,-1491,-7814,-243,-473,1337,17514,-19053,-5501,144,166,-6,160,9719,673,15022,902,-17,291,15022,1538000,1422000,1729000,1747000,683,133,616,120,,,,,,,,,,,,,,,,,,,,,,,,,,,,,,,,,,,,,,,,,,,,,,,,,,,,,,,,,,,,,,,,,,,,,,,,,,,,,,,,,,,,,,,,,,,,,,,
8350000,383,-8267,-430,250,1500,13729,-28575,-801,1,-100,-6,400,7119,674,15067,887,-15,296,15067,1544000,1489000,1616000,1801000,680,139,603,123,,,,,,,,,,,,,,,,,,,,,,,,,,,,,,,,,,,,,,,,,,,,,,,,,,,,,,,,,,,,,,,,,,,,,,,,,,,,,,,,,,,,,,,,,,,,,,,
8403000,-547,-7297,-84,-441,820,-11233,-4100,-5073,79,-99,-6,360,6159,673,15022,886,-39,291,15022,1447000,1516000,1746000,1728000,578,81,512,71,,,,,,,,,,,,,,,,,,,,,,,,,,,,,,,,,,,,,,,,,,,,,,,,,,,,,,,,,,,,,,,,,,,,,,,,,,,,,,,,,,,,,,,,,,,,,,,
8450000,-279,-6068,-457,-11,1339,-3665,6580,-2083,8503000,-677,-4964,-138,-272,798,1644,1636,-3670,90,-59,-6,360,4279,674,15067,864,-158,296,15067,1498000,1488000,1718000,1749000,389,-198,336,-171,,,,,,,,,,,,,,,,,,,,,,,,,,,,,,,,,,,,,,,,,,,,,,,,,,,,,,,,,,,,,,,,,,,,,,,,,,,,,,,,,,,,,,
8550000,-261,-4209,-409,95,1638,10128,477,-1838,183,-63,-8,1840,3480,673,15022,864,-81,291,15022,1503000,1502000,1698000,1747000,429,-102,371,-88,,,,,,,,,,,,,,,,,,,,,,,,,,,,,,,,,,,,,,,,,,,,,,,,,,,,,,,,,,,,,,,,,,,,,,,,,,,,,,,,,,,,,,,,,,,,,,,
8603000,-422,-4180,91,-594,445,7565,10731,541,85,-110,-8,559,2920,673,15022,889,-167,291,15022,1532000,1510000,1715000,1710000,453,-151,402,-134,,,,,,,,,,,,,,,,,,,,,,,,,,,,,,,,,,,,,,,,,,,,,,,,,,,,,,,,,,,,,,,,,,,,,,,,,,,,,,,,,,,,,,,,,,,,,,,
8650000,-5,-3373,-142,14,1381,10922,16468,-2327,42,-43,-8,480,2880,673,15022,870,-82,291,15022,1516000,1480000,1742000,1714000,312,-46,271,-40,,,,,,,,,,,,,,,,,,,,,,,,,,,,,,,,,,,,,,,,,,,,,,,,,,,,,,,,,,,,,,,,,,,,,,,,,,,,,,,,,,,,,,,,,,,,,,,
8703000,123,-2600,27,-66,813,10800,19825,-313,27,13,-37,440,2760,673,15022,883,13,291,15022,1538000,1458000,1752000,1701000,412,-50,364,-448750000,-624,-2272,-91,-444,699,9884,6214,3226,92,84,-163,440,3239,674,15067,879,-46,296,15067,1475000,1464000,1758000,173174,,,,,,,,,,,,,,,,,,,,,,,,,,,,,,,,,,,,,,,,,,,,,,,,,,,,,,,,,,,,,,,,,,,,,,,,
8803000,676,-2660,92,-202,673,13058,-194,9696,7,50,-169,760,3239,673,15022,836,-112,291,15022,1547000,1484000,1696000,1737000,132,-234,110,-196,,,,,,,,,,,,,,,,,,,,,,,,,,,,,,,,,,,,,,,,,,,,,,,,,,,,,,,,,,,,,,,,,,,,,,,,,,,,,,,,,,,,,,,,,,,,,,,
8850000,2043,-2319,151,392,677,15133,3284,5790,-52,115,-224,1440,3640,683,15472,836,-159,332,15472,1531000,1406000,1762000,1763000,294,-322,246,-269,,,,,,,,,,,,,,,,,,,,,,,,,,,,,,,,,,,,,,,,,,,,,,,,,,,,,,,,,,,,,,,,,,,,,,,,,,,,,,,,,,,,,,,,,,,,,,,
8903000,2854,-1894,-573,287,1256,4757,-6724,11100,-53,183,-245,2240,4000,681,15382,818,-88,323,15382,1510000,1490000,1737000,1744000,262,-355,215,-290,,,,,,,,,,,,,,,,,,,,,,,,,,,,,,,,,,,,,,,,,,,,,,,,,,,,,,,,,,,,,,,,,,,,,,,,,,,,,,,,,,,,,,,,,,,,,,,
8950000,2846,-1749,184,-137,1373,12387,-14659,10245,-52,227,-226,2240,4360,682,15427,822,-145,327,15427,1560000,1439000,1726000,1758000,405,-150,333,-123,,,,,,,,,,,,,,,,,,,,,,,,,,,,,,,,,,,,,,,,,,,,,,,,,,,,,,,,,,,,,,,,,,,,,,,,,,,,,,,,,,,,,,,,,,,,,,,
9003000,3393,-2491,47,37,845,3109,-8006,9574,-132,197,-196,1880,4760,694,15975,783,-150,376,15975,1563000,1451000,1761000,1713000,646,20,505,16,,,,,,,,,,,,,,,,,,,,,,,,,,,,,,,,,,,,,,,,,,,,,,,,,,,,,,,,,,,,,,,,,,,,,,,,,,,,,,,,,,,,,,,,,,,,,,,
9050000,2401,-4047,-120,-368,756,-11782,-17222,8659,-104,65,-121,1200,4800,705,16485,797,-70,419,16485,1538000,1582000,1728000,1748000,323,-12,257,-9,,,,,,,,,,,,,,,,,,,,,,,,,,,,,,,,,,,,,,,,,,,,,,,,,,,,,,,,,,,,,,,,,,,,,,,,,,,,,,,,,,,,,,,,,,,,,,,
9103000,1975,-5224,252,-152,1312,4269,-8739,7682,-134,-124,-119,440,3800,715,16956,791,-91,459,16956,1632000,1491000,1723000,1779000,254,9,200,7,,,,,,,,,,,,,,,,,,,,,,,,,,,,,,,,,,,,,,,,,,,,,,,,,,,,,,,,,,,,,,,,,,,,,,,,,,,,,,,,,,,,,,,,,,,,,,,
9150000,1808,-4654,-435,-477,1976,-4580,1575,6156,-143,-109,-121,160,3399,716,17003,783,69,464,17003,1591000,1517000,1764000,1756000,297,-299,233,-234,,,,,,,,,,,,,,,,,,,,,,,,,,,,,,,,,,,,,,,,,,,,,,,,,,,,,,,,,,,,,,,,,,,,,,,,,,,,,,,,,,,,,,,,,,,,,,,
9203000,2823,-3919,-219,-358,1357,-7571,6336,9147,-239,-48,-83,80,3359,716,17003,793,31,464,17003,1600000,1583000,1733000,1737000,282,-183,223,-145,,,,,,,,,,,,,,,,,,,,,,,,,,,,,,,,,,,,,,,,,,,,,,,,,,,,,,,,,,,,,,,,,,,,,,,,,,,,,,,,,,,,,,,,,,,,,,,
9250000,2438,-2887,83,615,638,-13003,3529,4203,-209,37,-62,40,3320,716,17003,783,-2,464,17003,1574000,1560000,1750000,1756000,300,-23,235,-18,,,,,,,,,,,,,,,,,,,,,,,,,,,,,,,,,,,,,,,,,,,,,,,,,,,,,,,,,,,,,,,,,,,,,,,,,,,,,,,,,,,,,,,,,,,,,,,
9303000,1447,-3155,-248,-4,966,-13613,-560,3165,-133,45,-23,-79,3680,716,17003,784,36,464,17003,1585000,1565000,1753000,1739000,149,-86,117,-68,,,,,,,,,,,,,,,,,,,,,,,,,,,,,,,,,,,,,,,,,,,,,,,,,,,,,,,,,,,,,,,,,,,,,,,,,,,,,,,,,,,,,,,,,,,,,,,
9350000,989,-3076,426,271,1074,2621,-2940,968,-110,115,-12,-279,4400,714,16909,784,88,455,16909,1623000,1502000,1752000,1756000,144,16,113,13,,,,,,,,,,,,,,,,,,,,,,,,,,,,,,,,,,,,,,,,,,,,,,,,,,,,,,,,,,,,,,,,,,,,,,,,,,,,,,,,,,,,,,,,,,,,,,,
9403000,1530,-3325,430,783,898,-1162,-7518,-2998,-231,215,-8,-1119,5799,713,16861,802,188,452,16861,1606000,1462000,1775000,1770000,147,26,117,20,,,,,,,,,,,,,,,,,,,,,,,,,,,,,,,,,,,,,,,,,,,,,,,,,,,,,,,,,,,,,,,,,,,,,,,,,,,,,,,,,,,,,,,,,,,,,,,
9450000,638,-2989,-258,-578,1173,-16726,-14537,175,-261,329,-8,-2359,6760,714,16909,817,235,455,16909,1573000,1543000,1745000,1766000,26,-46,21,-37,,,,,,,,,,,,,,,,,,,,,,,,,,,,,,,,,,,,,,,,,,,,,,,,,,,,,,,,,,,,,,,,,,,,,,,,,,,,,,,,,,,,,,,,,,,,,,,
9503000,1344,-3506,-377,-524,1832,-11965,-23875,-618,-424,353,-2,-3519,7560,714,16909,830,298,455,16909,1594000,1514000,1731000,1784000,62,-150,51,-124,,,,,,,,,,,,,,,,,,,,,,,,,,,,,,,,,,,,,,,,,,,,,,,,,,,,,,,,,,,,,,,,,,,,,,,,,,,,,,,,,,,,,,,,,,,,,,,
9550000,1468,-4472,82,494,882,-15505,-26134,-4280,-414,248,-6,-3279,7320,712,16814,848,330,448,16814,1569000,1477000,1752000,1800000,112,-203,95,-172,,,,,,,,,,,,,,,,,,,,,,,,,,,,,,,,,,,,,,,,,,,,,,,,,,,,,,,,,,,,,,,,,,,,,,,,,,,,,,,,,,,,,,,,,,,,,,,
9603000,-519,-4311,-303,-35,1175,-35525,-5015,-4219,-261,182,-6,-3519,6400,713,16861,884,445,452,16861,1502000,1550000,1800000,1757000,112,-204,99,-180,,,,,,,,,,,,,,,,,,,,,,,,,,,,,,,,,,,,,,,,,,,,,,,,,,,,,,,,,,,,,,,,,,,,,,,,,,,,,,,,,,,,,,,,,,,,,,,
9650000,-1718,-4870,305,-57,141,-4763,-19481,-1716,-87,102,-4,-2719,6040,715,16956,882,389,459,16956,1582000,1507000,1732000,1800000,-94,63,-83,56,,,,,,,,,,,,,,,,,,,,,,,,,,,,,,,,,,,,,,,,,,,,,,,,,,,,,,,,,,,,,,,,,,,,,,,,,,,,,,,,,,,,,,,,,,,,,,,
9703000,-2199,-5210,-16,-414,1234,424,-6846,-2388,66,-67,-4,-1439,4440,717,17051,919,463,468,17051,1569000,1513000,1749000,1797000,-119,-192,-109,-176,,,,,,,,,,,,,,,,,,,,,,,,,,,,,,,,,,,,,,,,,,,,,,,,,,,,,,,,,,,,,,,,,,,,,,,,,,,,,,,,,,,,,,,,,,,,,,,
9750000,-448,-5504,-325,61,1466,-9280,1820,-5806,11,-159,-2,-319,3680,715,16956,941,518,459,16956,1474000,1551000,1794000,1784000,-351,-174,-330,-164,,,,,,,,,,,,,,,,,,,,,,,,,,,,,,,,,,,,,,,,,,,,,,,,,,,,,,,,,,,,,,,,,,,,,,,,,,,,,,,,,,,,,,,,,,,,,,,
9803000,-535,-4491,-775,-250,1936,-918,16285,-3670,189,-147,-4,1640,2799,671,14933,957,518,284,14933,1485000,1488000,1770000,1735000,-279,-264,-267,-253,,,,,,,,,,,,,,,,,,,,,,,,,,,,,,,,,,,,,,,,,,,,,,,,,,,,,,,,,,,,,,,,,,,,,,,,,,,,,,,,,,,,,,,,,,,,,,,
9850000,-1405,-4181,206,-62,857,20382,22510,-4402,419,-239,-6,3400,1440,671,14933,967,457,284,14933,1512000,1410000,1762000,1733000,-497,-200,-481,-193,,,,,,,,,,,,,,,,,,,,,,,,,,,,,,,,,,,,,,,,,,,,,,,,,,,,,,,,,,,,,,,,,,,,,,,,,,,,,,,,,,,,,,,,,,,,,,,
9903000,-724,-4132,434,24,270,29843,16956,-4219,1092,-346,-4,11800,160,637,13458,1003,371,148,13458,1411000,1428000,1696000,1740000,-654,-412,-656,-414,,,,,,,,,,,,,,,,,,,,,,,,,,,,,,,,,,,,,,,,,,,,,,,,,,,,,,,,,,,,,,,,,,,,,,,,,,,,,,,,,,,,,,,,,,,,,,,
9950000,1140,-2147,0,-187,995,61459,31422,2311,1115,-169,-4,13920,199,636,13416,1034,361,143,13416,1507000,1436000,1716000,1646000,-742,-442,-767,-457,,,,,,,,,,,,,,,,,,,,,,,,,,,,,,,,,,,,,,,,,,,,,,,,,,,,,,,,,,,,,,,,,,,,,,,,,,,,,,,,,,,,,,,,,,,,,,,
10003000,3624,-1013,6,406,857,71713,29102,-1594,898,-77,-4,13920,120,637,13458,1046,372,148,13458,1524000,1340000,1719000,1687000,-513,-379,-536,-396,,,,,,,,,,,,,,,,,,,,,,,,,,,,,,,,,,,,,,,,,,,,,,,,,,,,,,,,,,,,,,,,,,,,,,,,,,,,,,,,,,,,,,,,,,,,,,,
10050000,5324,722,-115,-126,365,63168,17200,2616,610,70,-4,12320,79,637,13458,1061,255,148,13458,1550000,1392000,1695000,1665000,-701,-687,-744,-729,,,,,,,,,,,,,,,,,,,,,,,,,,,,,,,,,,,,,,,,,,,,,,,,,,,,,,,,,,,,,,,,,,,,,,,,,,,,,,,,,,,,,,,,,,,,,,,
10103000,6244,1862,-108,306,881,35824,16407,-252,411,176,-4,10960,160,637,13458,1088,260,148,13458,1490000,1416000,1730000,1661000,-533,-478,-579,-520,,,,,,,,,,,,,,,,,,,,,,,,,,,,,,,,,,,,,,,,,,,,,,,,,,,,,,,,,,,,,,,,,,,,,,,,,,,,,,,,,,,,,,,,,,,,,,,
10150000,7193,1508,208,-385,1349,27584,-3551,2982,265,180,-4,10240,559,635,13374,1082,195,139,13374,1504000,1457000,1678000,1677000,-670,-227,-725,-246,,,,,,,,,,,,,,,,,,,,,,,,,,,,,,,,,,,,,,,,,,,,,,,,,,,,,,,,,,,,,,,,,,,,,,,,,,,,,,,,,,,,,,,,,,,,,,,
10203000,6837,-380,242,70,506,18246,-12706,-618,227,22,-4,9440,639,636,13416,1094,166,143,13416,1485000,1412000,1674000,1717000,-955,-537,-1045,-588,,,,,,,,,,,,,,,,,,,,,,,,,,,,,,,,,,,,,,,,,,,,,,,,,,,,,,,,,,,,,,,,,,,,,,,,,,,,,,,,,,,,,,,,,,,,,,,
10250000,6903,-733,30,15,429,11898,-4771,4386,120,19,-2,8280,959,648,13927,1099,128,192,13927,1535000,1477000,1670000,1686000,-512,-184,-563,-203,,,,,,,,,,,,,,,,,,,,,,,,,,,,,,,,,,,,,,,,,,,,,,,,,,,,,,,,,,,,,,,,,,,,,,,,,,,,,,,,,,,,,,,,,,,,,,,
10303000,7077,-1348,211,-276,995,9091,-377,4081,24,-26,-4,7360,1040,656,14273,1112,75,224,14273,1558000,1465000,1670000,1704000,-696,-122,-774,-136,,,,,,,,,,,,,,,,,,,,,,,,,,,,,,,,,,,,,,,,,,,,,,,,,,,,,,,,,,,,,,,,,,,,,,,,,,,,,,,,,,,,,,,,,,,,,,,
10350000,5089,-1188,59,-417,643,-6228,2186,1640,79,-23,-4,6000,920,671,14933,1120,-6,284,14933,1523000,1501000,1702000,1723000,-561,-164,-628,-184,,,,,,,,,,,,,,,,,,,,,,,,,,,,,,,,,,,,,,,,,,,,,,,,,,,,,,,,,,,,,,,,,,,,,,,,,,,,,,,,,,,,,,,,,,,,,,,
10403000,3165,-428,-41,179,753,1156,15186,-435,160,-9,-4,5000,320,671,14933,1120,-63,284,14933,1533000,1458000,1756000,1690000,-576,106,-645,118,,,,,,,,,,,,,,,,,,,,,,,,,,,,,,,,,,,,,,,,,,,,,,,,,,,,,,,,,,,,,,,,,,,,,,,,,,,,,,,,,,,,,,,,,,,,,,,
10450000,2711,-1617,82,-565,1599,4513,2064,1640,105,-116,-4,3920,280,681,15382,1112,-35,323,15382,1553000,1497000,1718000,1726000,-673,175,-748,195,,,,,,,,,,,,,,,,,,,,,,,,,,,,,,,,,,,,,,,,,,,,,,,,,,,,,,,,,,,,,,,,,,,,,,,,,,,,,,,,,,,,,,,,,,,,,,,
10503000,2513,-2222,479,563,708,3842,8411,846,-37,-214,0,2080,-240,10550000,1683,-3238,310,-319,1175,-7449,14027,2372,-17,-488,-4,1480,-2359,682,15427,1111,-121,327,15427,1555000,1510000,1695000,1710603000,2110,-2793,139,396,798,-14041,34351,-7,-75,-547,-4,1240,-3480,683,15472,1123,-67,332,15472,1557000,1478000,1746000,1718000,-688,800,-773,899,,,,,,,,,,,,,,,,,,,,,,,,,,,,,,,,,,,,,,,,,,,,,,,,,,,,,,,,,,
10650000,624,-1668,396,-218,785,-14529,37464,785,179,-561,-6,2680,-4759,682,15427,1103,-96,327,15427,1501000,1542000,1731000,1722000,-852,886,-940,977,,,,,,,,,,,,,,,,,,,,,,,,,,,,,,,,,,,,,,,,,,,,,,,,,,,,,,,,,,,,,,,,,,,,,,,,,,,,,,,,,,,,,,,,,,,,,,,
10703000,227,-436,-38,540,1180,-8425,35816,2494,42,-519,-4,720,-5520,675,15112,1103,-101,300,15112,1578000,1472000,1699000,1720000,-718,10803000,281,302,309,309,1154,-23501,32154,1517,-335,-462,-2,-3559,-5599,675,15112,1109,-98,300,15112,1520000,1525000,1725000,1710850000,-446,-79,-34,-297,1029,-33877,24403,5668,-351,-453,-6,-4479,-5120,674,15067,1103,-117,296,15067,1549000,1551000,1671000,1710903000,-2158,735,132,-16,895,-20388,32398,1151,-310,-295,-4,-5719,-4119,674,15067,1108,-121,296,15067,1557000,1478000,1748000,1610950000,-2572,1681,-158,-349,938,-29971,13111,1578,-337,-149,-4,-6439,-3400,674,15067,1115,-63,296,15067,1518000,1526000,1729000,1691000,-512,1002,-571,1118,
11003000,-3023,23,288,160,1009,-20510,2979,1273,-427,-252,-2,-7919,-2920,674,15067,1088,-140,296,15067,1575000,1465000,1687000,1736000,-278,1466,-302,1595,,,,,,,,,,,,,,,,,,,,,,,,,,,,,,,,,,,,,,,,,,,,,,,,,,,,,,,,,,,,,,,,,,,,,,,,,,,,,,,,,,,,,,,,,,,,,,,
11050000,-2608,-416,36,-297,1064,-35952,721,3410,-770,-99,-4,-11439,-720,674,15067,1097,-125,296,15067,1579000,1493000,1692000,1709000,-111,1111,-122,1219,,,,,,,,,,,,,,,,,,,,,,,,,,,,,,,,,,,,,,,,,,,,,,,,,,,,,,,,,,,,,,,,,,,,,,,,,,,,,,,,,,,,,,,,,,,,,,,
11103000,-3581,-826,152,451,790,-60916,-1597,236,-657,-65,-6,-11119,79,673,15022,1074,-57,291,15022,1461000,1564000,1715000,1720000,-27,942,-29,1012,,,,,,,,,,,,,,,,,,,,,,,,,,,,,,,,,,,,,,,,,,,,,,,,,,,,,,,,,,,,,,,,,,,,,,,,,,,,,,,,,,,,,,,,,,,,,,,
11150000,-5172,-1772,277,146,575,-42910,-11241,3226,-288,-154,-4,-8480,0,674,15067,1070,-136,296,15067,1510000,1565000,1660000,1738000,-20,1114,-21,11203000,-6094,-2423,-228,-98,1292,-23440,-10447,3165,-61,-50,-11250000,-4673,-2010,-221,338,983,-10989,-13194,3715,27,222,-4,-4359,4560,674,15067,1076,-94,296,15067,1547000,1539000,1689000,1711303000,-3982,-3172,-191,-123,1097,-2383,-24302,3898,-1,162,-4,-3999,5039,674,15067,1067,-131,296,15067,1534000,1556000,1662000,1724000,478,929,510,991,,,,,,,,,,,,,,,,,,,,,,,,,,,,,,,,,,
11350000,-3126,-3641,-8,-409,1202,-11111,-21190,1151,45,251,-2,-2599,6519,674,15067,1049,-80,296,15067,1481000,1572000,1720000,1695000,384,710,403,745,,,,,,,,,,,,,,,,,,,,,,,,,,,,,,,,,,,,,,,,,,,,,,,,,,,,,,,,,,,,,,,,,,,,,,,,,,,,,,,,,,,,,,,,,,,,,,,
11403000,-1594,-4277,280,415,582,3414,-22655,1395,-3,206,-6,-1639,6640,674,15067,1051,-102,296,15067,1559000,1497000,1683000,1730000,445,848,467,891,,,,,,,,,,,,,,,,,,,,,,,,,,,,,,,,,,,,,,,,,,,,,,,,,,,,,,,,,,,,,,,,,,,,,,,,,,,,,,,,,,,,,,,,,,,,,,,
11450000,130,-4572,228,566,492,8053,-25218,4569,-91,114,-8,-919,5880,673,15022,1046,-87,291,15022,1565000,1536000,1641000,1735000,701,796,733,832,,,,,,,,,,,,,,,,,,,,,,,,,,,,,,,,,,,,,,,,,,,,,,,,,,,,,,,,,,,,,,,,,,,,,,,,,,,,,,,,,,,,,,,,,,,,,,,
11503000,210,-4597,-37,-284,962,-10623,-11790,3715,-32,136,-8,-159,6159,674,150611550000,-659,-3941,26,-557,882,-3482,-10509,1090,43,158,-6,-159,5759,673,15022,1013,-163,291,15022,1510000,1546000,1702000,17,756,649,766,,,,,,,,,,,,,,,,,,,,,,,,,,,,,,,,,,,,,,,,,,,,,,,,,,,,,,,,,,,,,,,,,,,,,,,,,,,,,,,,,
11603000,-96,-4320,188,646,917,9884,-8250,2494,-5,-62,-6,-159,3599,675,15112,1010,-183,300,15112,1564000,1516000,1660000,1737000,739,557,746,563,,,,,,,,,,,,,,,,,,,,,,,,,,,,,,,,,,,,,,,,,,,,,,,,,,,,,,,,,,,,,,,,,,,,,,,,,,,,,,,,,,,,,,,,,,,,,,,
11650000,-275,-4045,144,401,1090,10189,965,3532,13,-73,-6,-119,3199,671,14933,1011,-171,284,14933,1557000,1531000,1671000,1708000,874,404,884,11703000,-523,-3784,-277,-395,1322,-2261,6763,358,35,25,-6,-119,4080,662,14535,1016,-90,248,14535,1490000,1555000,1730000,1685000,909,317,924,323,,,,,,,,,,,,,,,,,,,,,,,,,,,,,,,,,,,,,,,,,,,,,,,,,,,,,,,,,,,,,,,,,,,,
11750000,1062,-2240,-117,-26,973,5673,2003,541,-99,265,-4,-79,5280,653,14143,998,-145,211,14143,1520000,1486000,1702000,1676000,839,375,838,374,,,,,,,,,,,,,,,,,,,,,,,,,,,,,,,,,,,,,,,,,,,,,,,,,,,,,,,,,,,,,,,,,,,,,,,,,,,,,,,,,,,,,,,,,,,,,,,
11803000,1757,-2122,52,-307,907,11410,-20152,3715,-156,575,-2,-39,8719,654,14186,1000,-172,215,14186,1550000,1508000,1672000,1670000,835,292,835,292,,,,,,,,,,,,,,,,,,,,,,,,,,,,,,,,,,,,,,,,,,,,,,,,,,,,,,,,,,,,,,,,,,,,,,,,,,,,,,,,,,,,,,,,,,,,,,,
11850000,1782,-3002,-296,-558,1489,-8120,-30223,-618,-155,628,-4,0,10200,648,13927,968,-224,192,13927,1480000,1501000,1687000,1696000,1026,265,993,256,,,,,,,,,,,,,,,,,,,,,,,,,,,,,,,,,,,,,,,,,,,,,,,,,,,,,,,,,,,,,,,,,,,,,,,,,,,,,,,,,,,,,,,,,,,,,,,
11903000,1439,-4229,84,293,958,546,-39866,-1777,-115,524,-6,120,10240,671,14933,995,-140,284,14933,1528000,1459000,1686000,1733000,1129,249,1123,248,,,,,,,,,,,,,,,,,,,,,,,,,,,,,,,,,,,,,,,,,,,,,,,,,,,,,,,,,,,,,,,,,,,,,,,,,,,,,,,,,,,,,,,,,,,,,,,
11950000,855,-5969,-17,261,1012,6588,-45543,-2327,-67,334,-6,80,9800,672,14978,973,-160,287,14978,1537000,1467000,1676000,1767000,969,102,943,99,,,,,,,,,,,,,,,,,,,,,,,,,,,,,,,,,,,,,,,,,,,,,,,,,,,,,,,,,,,,,,,,,,,,,,,,,,,,,,,,,,,,,,,,,,,,,,,
12003000,-384,-8194,293,-551,789,14340,-29246,-3914,85,21,-6,600,8440,671,14933,958,-216,284,14933,1529000,1446000,1704000,1756000,1192,174,1142,166,,,,,,,,,,,,,,,,,,,,,,,,,,,,,,,,,,,,,,,,,,,,,,,,,,,,,,,,,,,,,,,,,,,,,,,,,,,,,,,,,,,,,,,,,,,,,,,
12050000,-93,-8236,202,-256,407,11837,-12889,-2876,57,-10,-6,559,8120,671,14933,963,-199,284,14933,1498000,1495000,1721000,1730000,991,53,954,51,,,,,,,,,,,,,,,,,,,,,,,,,,,,,,,,,,,,,,,,,,,,,,,,,,,,,,,,,,,,,,,,,,,,,,,,,,,,,,,,,,,,,,,,,,,,,,,
12103000,862,-6757,-254,428,1742,14584,-24058,-435,-71,87,-4,40,7760,672,14978,947,-89,287,14978,1558000,1471000,1666000,1758000,621,62,589,59,,,,,,,,,,,,,,,,,,,,,,,,,,,,,,,,,,,,,,,,,,,,,,,,,,,,,,,,,,,,,,,,,,,,,,,,,,,,,,,,,,,,,,,,,,,,,,,
12150000,797,-6677,-246,317,1401,-3054,-20640,236,-62,24,-4,80,6960,672,14978,960,-76,287,14978,1522000,1519000,1647000,1768000,954,-108,916,-103,,,,,,,,,,,,,,,,,,,,,,,,,,,,,,,,,,,,,,,,,,,,,,,,,,,,,,,,,,,,,,,,,,,,,,,,,,,,,,,,,,,,,,,,,,,,,,,
12203000,199,-5863,172,-455,597,-308,-2452,-374,101,1,-4,1360,5880,672,14978,933,-217,287,14978,1495000,1534000,1701000,1727000,818,-62,763,-58,,,,,,,,,,,,,,,,,,,,,,,,,,,,,,,,,,,,,,,,,,,,,,,,,,,,,,,,,,,,,,,,,,,,,,,,,,,,,,,,,,,,,,,,,,,,,,,
12250000,422,-4878,73,-413,894,13424,4810,-2022,74,0,-2,1280,4879,672,14978,920,-155,287,14978,1534000,1468000,1727000,1717000,603,-70,555,-65,,,,,,,,,,,,,,,,,,,,,,,,,,,,,,,,,,,,,,,,,,,,,,,,,,,,,,,,,,,,,,,,,,,,,,,,,,,,,,,,,,,,,,,,,,,,,,,
12303000,2770,-4234,-62,282,1518,10678,-8616,-1900,-158,-16,-2,960,4040,674,15067,934,-176,296,15067,1548000,1459000,1679000,1764000,485,-105,453,-98,,,,,,,,,,,,,,,,,,,,,,,,,,,,,,,,,,,,,,,,,,,,,,,,,,,,,,,,,,,,,,,,,,,,,,,,,,,,,,,,,,,,,,,,,,,,,,,
12350000,2147,-3540,-150,324,1262,-3359,-926,-1289,-149,19,-4,440,3759,673,15022,899,-231,291,15022,1541000,1474000,1693000,1747000,624,-325,561,-292,,,,,,,,,,,,,,,,,,,,,,,,,,,,,,,,,,,,,,,,,,,,,,,,,,,,,,,,,,,,,,,,,,,,,,,,,,,,,,,,,,,,,,,,,,,,,,,
12403000,1005,-3020,2,-41,909,-2566,7679,-3486,-42,15,-4,520,3199,673,15022,890,-228,291,15022,1526000,1454000,1717000,1749000,471,-133,419,-118,,,,,,,,,,,,,,,,,,,,,,,,,,,,,,,,,,,,,,,,,,,,,,,,,,,,,,,,,,,,,,,,,,,,,,,,,,,,,,,,,,,,,,,,,,,,,,,
12450000,1759,-3552,-153,349,1197,8236,1759,-679,-118,-51,-6,400,2960,673,15022,891,-238,291,15022,1573000,1442000,1694000,1742000,223,-250,199,-12503000,1805,-3127,66,-94,981,-3115,6580,-3181,-129,-42,-4,320,2639,672,14978,848,-298,287,14978,1522000,1463000,1720000,1743000,207,-315,175,-267,,,,,,,,,,,,,,,,,,,,,,,,,,,,,,,,,,,,,,,,,,,,,,,,,,,,,,,,,,,,,,,,,,,,
12550000,39,-1797,68,-502,723,-11416,18116,1273,27,70,-4,360,2600,672,14978,864,-252,287,14978,1503000,1545000,1710000,1704000,214,-201,184,-174,,,,,,,,,,,,,,,,,,,,,,,,,,,,,,,,,,,,,,,,,,,,,,,,,,,,,,,,,,,,,,,,,,,,,,,,,,,,,,,,,,,,,,,,,,,,,,,
12603000,545,-1772,214,654,821,-1040,2186,480,-30,79,-4,200,2679,676,15157,837,-195,304,15157,1541000,1504000,1683000,1746000,76,12650000,57,-2382,143,4,1187,-6594,2613,-1900,8,32,-4,160,2760,676,15157,837,-223,304,15157,1500000,1508000,1709000,17,2,-470,1,-394,,,,,,,,,,,,,,,,,,,,,,,,,,,,,,,,,,,,,,,,,,,,,,,,,,,,,,,,,,,,,,,,,,,,,,
12703000,938,-2765,-346,71,1178,6344,12928,53,-67,0,-6,160,2760,676,15157,848,-175,304,15157,1576000,1453000,1717000,1720000,-42,-290,-35,-246,,,,,,,,,,,,,,,,,,,,,,,,,,,,,,,,,,,,,,,,,,,,,,,,,,,,,,,,,,,,,,,,,,,,,,,,,,,,,,,,,,,,,,,,,,,,,,,
12750000,867,-1986,69,332,824,-10195,16041,-862,-58,64,-4,200,2720,700,16252,824,-174,399,16252,1550000,1532000,1755000,1733000,-139,-558,12803000,718,-2461,444,-140,442,-3176,6641,-1228,-45,29,-4,200,2799,700,16252,833,-201,399,16252,1563000,1511000,1719000,1773000,-164,-395,-137,-329,,,,,,,,,,,,,,,,,,,,,,,,,,,,,,,,,,,,,,,,,,,,,,,,,,,,,,,,,,,,,,,,,,,,,
12850000,502,-1489,13,-105,1150,-1773,50,1517,-33,110,-2,120,2760,703,16392,812,-48,412,16392,1582000,1536000,1706000,1760000,-54,-642,-43,-521,,,,,,,,,,,,,,,,,,,,,,,,,,,,,,,,,,,,,,,,,,,,,,,,,,,,,,,,,,,,,,,,,,,,,,,,,,,,,,,,,,,,,,,,,,,,,,,
12903000,142,-1664,-263,-425,1244,-16299,11280,-1106,88,102,-4,1160,2839,704,16438,776,-113,415,16438,1479000,1597000,1759000,1740000,-182,-748,-141,-581,,,,,,,,,,,,,,,,,,,,,,,,,,,,,,,,,,,,,,,,,,,,,,,,,,,,,,,,,,,,,,,,,,,,,,,,,,,,,,,,,,,,,,,,,,,,,,,
12950000,1070,-2270,391,589,66,-7388,3345,-3181,91,56,-4,2120,2920,705,16485,791,-127,419,16485,1507000,1547000,1755000,1770000,-248,-573,-196,-454,,,,,,,,,,,,,,,,,,,,,,,,,,,,,,,,,,,,,,,,,,,,,,,,,,,,,,,,,,,,,,,,,,,,,,,,,,,,,,,,,,,,,,,,,,,,,,,
13003000,1026,-1951,96,519,703,241,9205,1334,130,102,-4,2520,3120,704,16438,788,-97,415,16438,1573000,1541000,1761000,1716000,-217,-650,-171,-512,,,,,,,,,,,,,,,,,,,,,,,,,,,,,,,,,,,,,,,,,,,,,,,,,,,,,,,,,,,,,,,,,,,,,,,,,,,,,,,,,,,,,,,,,,,,,,,
13050000,1444,-1557,-107,-609,1664,2804,2857,-1777,97,111,-2,2560,2839,706,16532,753,-121,423,16532,1553000,1533000,1745000,1775000,-275,-748,-207,-563,,,,,,,,,,,,,,,,,,,,,,,,,,,,,,,,,,,,,,,,,,,,,,,,,,,,,,,,,,,,,,,,,,,,,,,,,,,,,,,,,,,,,,,,,,,,,,,
13103000,318,-1736,202,-324,333,10006,-7091,1456,195,103,-6,2560,2920,705,16485,763,-147,419,16485,1581000,1538000,1712000,1772000,-407,-617,-310,-470,,,,,,,,,,,,,,,,,,,,,,,,,,,,,,,,,,,,,,,,,,,,,,,,,,,,,,,,,,,,,,,,,,,,,,,,,,,,,,,,,,,,,,,,,,,,,,,
13150000,1595,-2805,216,460,698,7138,5787,602,150,9,-4,3320,2920,706,16532,742,-164,423,16532,1579000,1527000,1742000,1748000,-348,-1019,-258,-756,,,,,,,,,,,,,,,,,,,,,,,,,,,,,,,,,,,,,,,,,,,,,,,,,,,,,,,,,,,,,,,,,,,,,,,,,,,,,,,,,,,,,,,,,,,,,,,
13203000,1324,-2203,51,267,1136,3292,9205,-1106,362,66,-8,5480,2960,706,16532,741,-148,423,16532,1501000,1577000,1766000,1744000,-326,-1060,-242,-785,,,,,,,,,,,,,,,,,,,,,,,,,,,,,,,,,,,,,,,,,,,,,,,,,,,,,,,,,,,,,,,,,,,,,,,,,,,,,,,,,,,,,,,,,,,,,,,
13250000,945,-3127,456,-328,581,33993,-6541,4081,587,20,-4,7680,3359,706,16532,776,13,423,16532,1597000,1557000,1693000,1759000,-312,-885,-242,-686,,,,,,,,,,,,,,,,,,,,,,,,,,,,,,,,,,,,,,,,,,,,,,,,,,,,,,,,,,,,,,,,,,,,,,,,,,,,,,,,,,,,,,,,,,,,,,,
13303000,2427,-2233,43,-456,1042,39425,843,2067,552,98,-4,8760,3359,706,16532,782,54,423,16532,1585000,1542013350000,3629,-1842,-286,324,1054,33078,-3795,2067,521,170,-,428,16579,1548000,1584000,1752000,1723000,-373,-884,-289,-686,,,,,,,,,,,,,,,,,,,,,,,,,,,,,,,,,,,,,,,,,,,,,,,,,,,,,,,,,,,,,,,,,,,,,,,,,,,,,,,,
13403000,4929,-2250,-92,-176,1092,29049,-8250,3348,411,138,-4,9639,3840,707,16579,787,207,428,16579,1564000,1585000,1720000,1741000,-,-872,,,,,,,,,,,,,,,,,,,,,,,,,,,,,,,,,,,,,,,,,,,,,,,,,,,,,,,,,,,,,,,,,,,,,,,,,,,,,,,,,,,,,,,,,,,,,,,,,
13450000,6035,-2808,80,706,1216,36495,-5137,1762,324,97,-4,9760,3919,707,16579,796,216,428,16579,1630000,1489000,1713503000,6848,-3509,-64,415,1289,29476,-4100,785,289,28,-4,10160,3840,707,16579,795,263,428,16579,1582000,1532000,1755000,1730000,-275,-784,-218,-623,,,,,,,,,,,,,,,,,,,,,,,,,,,,,,,,,,,,,,,,,,,,,,,,,,,,,,,,,,,,,,,,,,,,,,,,,
13550000,6485,-4444,90,-60,627,20932,-2208,907,320,-56,-4,10160,3800,707,16579,832,230,428,16579,1579000,1540000,1740000,1744000,-435,-503,-361,-419,,,,,,,,,,,,,,,,,,,,,,,,,,,,,,,,,,,,,,,,,,,,,,,,,,,,,,,,,,,,,,,,,,,,,,,,,,,,,,,,,,,,,,,,,,,,,,,
13603000,6876,-4842,-109,570,1091,13729,-1536,1578,283,-87,-4,10120,3840,706,16532,850,305,423,16532,1586000,1541000,1726000,1749000,-451,-667,-383,-567,,,,,,,,,,,,,,,,,,,,,,,,,,,,,,,,,,,,,,,,,,,,,,,,,,,,,,,,,,,,,,,,,,,,,,,,,,,,,,,,,,,,,,,,,,,,,,,
13650000,6261,-5379,346,-188,596,28012,3162,1273,298,-172,-4,9680,3399,707,16579,883,357,428,16579,1609000,1514000,1731000,1748000,-459,-215,-405,-189,,,,,,,,,,,,,,,,,,,,,,,,,,,,,,,,,,,,,,,,,,,,,,,,,,,,,,,,,,,,,,,,,,,,,,,,,,,,,,,,,,,,,,,,,,,,,,,
13703000,5861,-4164,203,295,572,16232,13782,-7,333,-167,-6,9680,2239,706,16532,916,412,423,16532,1585000,1519000,1755000,1736000,-379,12,-347,11,,,,,,,,,,,,,,,,,,,,,,,,,,,,,,,,,,,,,,,,,,,,,,,,,,,,,,,,,,,,,,,,,,,,,,,,,,,,,,,,,,,,,,,,,,,,,,,
13750000,5576,-3706,71,-265,623,27462,3101,1884,330,-183,-4,9360,1600,707,16579,923,427,428,16579,1622000,1510000,1710000,1760000,-548,-267,-506,-246,,,,,,,,,,,,,,,,,,,,,,,,,,,,,,,,,,,,,,,,,,,,,,,,,,,,,,,,,,,,,,,,,,,,,,,,,,,,,,,,,,,,,,,,,,,,,,,
13803000,5845,-3888,458,254,386,16598,10487,480,-73,-307,-6,5000,360,706,16532,950,463,423,16532,1619000,1488000,1726000,1758000,-483,146,-459,139,,,,,,,,,,,,,,,,,,,,,,,,,,,,,,,,,,,,,,,,,,,,,,,,,,,,,,,,,,,,,,,,,,,,,,,,,,,,,,,,,,,,,,,,,,,,,,,
13850000,5102,-2996,-228,-574,1476,-18740,17139,2799,-406,-233,-4,440,320,706,16532,979,563,423,16532,1581000,1567000,1743000,1715000,-587,56,-575,54,,,,,,,,,,,,,,,,,,,,,,,,,,,,,,,,,,,,,,,,,,,,,,,,,,,,,,,,,,,,,,,,,,,,,,,,,,,,,,,,,,,,,,,,,,,,,,,
13903000,3348,-2273,-59,-593,1253,-24905,14088,2677,-250,-180,-6,480,199,677,15202,991,501,307,15202,1540000,1543000,1698000,1714000,-473,383,-469,380,,,,,,,,,,,,,,,,,,,,,,,,,,,,,,,,,,,,,,,,,,,,,,,,,,,,,,,,,,,,,,,,,,,,,,,,,,,,,,,,,,,,,,,,,,,,,,,
13950000,1602,-2057,-169,-113,1281,-27896,15797,-862,-188,-165,-6,-559,160,675,15112,1011,547,300,15112,1505000,1518000,1732000,1711000,-509,467,-515,472,,,,,,,,,,,,,,,,,,,,,,,,,,,,,,,,,,,,,,,,,,,,,,,,,,,,,,,,,,,,,,,,,,,,,,,,,,,,,,,,,,,,,,,,,,,,,,,
14003000,925,-1931,-177,-376,1519,-16360,14515,3043,-251,-161,-4,-1959,79,674,15067,1040,542,296,15067,1556000,1524000,1701000,1696000,-464,731,-483,761,,,,,,,,,,,,,,,,,,,,,,,,,,,,,,,,,,,,,,,,,,,,,,,,,,,,,,,,,,,,,,,,,,,,,,,,,,,,,,,,,,,,,,,,,,,,,,,
14050000,-115,-1610,-321,-239,1002,-30886,14027,-740,-345,-140,-6,-4079,0,673,15022,1064,510,291,15022,1527000,1495000,1738000,1699000,-445,606,-474,645,,,,,,,,,,,,,,,,,,,,,,,,,,,,,,,,,,,,,,,,,,,,,,,,,,,,,,,,,,,,,,,,,,,,,,,,,,,,,,,,,,,,,,,,,,,,,,,
14103000,-865,-2414,183,-170,709,-29299,6824,3898,-472,-210,-4,-6279,0,674,15067,1061,359,296,15067,1572000,1518000,1665000,1718000,-515,690,-547,732,,,,,,,,,,,,,,,,,,,,,,,,,,,,,,,,,,,,,,,,,,,,,,,,,,,,,,,,,,,,,,,,,,,,,,,,,,,,,,,,,,,,,,,,,,,,,,,
14150000,-1513,-1706,-318,-104,1320,-44009,10364,2311,-604,-148,-2,-8439,0,673,15022,1048,273,291,15022,1537000,1534000,1707000,1693000,-419,717,-440,752,,,,,,,,,,,,,,,,,,,,,,,,,,,,,,,,,,,,,,,,,,,,,,,,,,,,,,,,,,,,,,,,,,,,,,,,,,,,,,,,,,,,,,,,,,,,,,,
14203000,-3091,-1757,590,267,148,-43032,5848,2067,-728,-149,-4,-11439,39,672,14978,1085,300,287,14978,1565000,1497000,1701000,1701000,-451,891,-489,967,,,,,,,,,,,,,,,,,,,,,,,,,,,,,,,,,,,,,,,,,,,,,,,,,,,,,,,,,,,,,,,,,,,,,,,,,,,,,,,,,,,,,,,,,,,,,,,
14250000,-4678,-1305,17,-109,694,-60671,-987,3104,-642,-113,-4,-12039,0,672,14978,1088,227,287,14978,1514000,1565000,1665000,1724000,-313,802,-341,872,,,,,,,,,,,,,,,,,,,,,,,,,,,,,,,,,,,,,,,,,,,,,,,,,,,,,,,,,,,,,,,,,,,,,,,,,,,,,,,,,,,,,,,,,,,,,,,
14303000,-5757,-1509,-107,344,1038,-51699,10181,-618,-611,-131,-4,-12759,0,672,14978,1101,235,287,14978,1531000,1495000,1722000,1709000,-257,897,-283,988,,,,,,,,,,,,,,,,,,,,,,,,,,,,,,,,,,,,,,,,,,,,,,,,,,,,,,,,,,,,,,,,,,,,,,,,,,,,,,,,,,,,,,,,,,,,,,,
14350000,-6163,-686,54,65,1105,-45413,12379,-618,-582,-63,-6,-12839,-39,671,14933,1121,288,284,14933,1507000,1516000,1741000,1688000,-324,1017,-363,1140,,,,,,,,,,,,,,,,,,,,,,,,,,,,,,,,,,,,,,,,,,,,,,,,,,,,,,,,,,,,,,,,,,,,,,,,,,,,,,,,,,,,,,,,,,,,,,,
14403000,-6680,-1125,109,199,794,-48037,1575,-2754,-544,-98,-2,-12919,0,671,14933,1156,351,284,14933,1492000,1505000,1721000,1730000,-268,857,-310,991,,,,,,,,,,,,,,,,,,,,,,,,,,,,,,,,,,,,,,,,,,,,,,,,,,,,,,,,,,,,,,,,,,,,,,,,,,,,,,,,,,,,,,,,,,,,,,,
14450000,-7078,-562,201,208,117,-36868,-316,-679,-481,-52,-6,-12599,-39,672,14978,1181,353,287,14978,1520000,1504000,1706000,1727000,-119,799,-141,943,,,,,,,,,,,,,,,,,,,,,,,,,,,,,,,,,,,,,,,,,,,,,,,,,,,,,,,,,,,,,,,,,,,,,,,,,,,,,,,,,,,,,,,,,,,,,,,
14503000,-7190,-1234,-272,249,1243,-35891,-5809,-618,-444,-107,-4,-12279,0,671,14933,1196,365,284,14933,1505000,1519000,1694014550000,-7020,-1299,107,394,629,-23257,-7457,-3486,-427,-113,-4,-11919,0,672,14978,1223,402,287,14978,1516000,1464000,1696000,1714603000,-6938,-731,-115,-295,1266,-21853,-10692,-923,-431,-63,-4,-11879,0,671,14933,1267,441,284,14933,1507000,1508000,1682000,1752000,-74,290,-94,368,,,,,,,,,,,,,,,,,,,,,,,,,,,,,,,,,,,,,,,,,,,,,,,,,,
14650000,-6589,-1249,-355,-5,1353,-22647,-5992,-4524,-423,-109,-4,-11439,0,672,14978,1264,393,287,14978,1492000,1467000,1706000,1770000,146,309,185,391,,,,,,,,,,,,,,,,,,,,,,,,,,,,,,,,,,,,,,,,,,,,,,,,,,,,,,,,,,,,,,,,,,,,,,,,,,,,,,,,,,,,,,,,,,,,,,,
14703000,-6507,-2020,-175,-324,907,-13919,-7274,-1655,-325,-172,-4,-10240,39,672,14978,1276,284,287,14978,1510000,1491000,1689000,1758000,129,339,165,433,,,,,,,,,,,,,,,,,,,,,,,,,,,,,,,,,,,,,,,,,,,,,,,,,,,,,,,,,,,,,,,,,,,,,,,,,,,,,,,,,,,,,,,,,,,,,,,
14750000,-6275,-1895,-70,-523,1656,-10745,-3673,-3425,-269,-165,-4,-9359,0,672,14978,1292,309,287,14978,1501000,1471000,1717000,1752000,216,-184,279,-238,,,,,,,,,,,,,,,,,,,,,,,,,,,,,,,,,,,,,,,,,,,,,,,,,,,,,,,,,,,,,,,,,,,,,,,,,,,,,,,,,,,,,,,,,,,,,,,
14803000,-6313,-1857,-66,23,1605,1095,3468,-2998,-63,-155,0,-7039,79,672,14978,1314,363,287,14978,1506000,1470000,1712000,1750000,219,-46,288,-60,,,,,,,,,,,,,,,,,,,,,,,,,,,,,,,,,,,,,,,,,,,,,,,,,,,,,,,,,,,,,,,,,,,,,,,,,,,,,,,,,,,,,,,,,,,,,,,
14850000,-4972,-1435,-160,-147,936,5184,-926,-2754,-180,-121,-2,-7039,39,670,14889,1318,265,280,14889,1525000,1447000,1716000,1744000,10,-66,13,-88,,,,,,,,,,,,,,,,,,,,,,,,,,,,,,,,,,,,,,,,,,,,,,,,,,,,,,,,,,,,,,,,,,,,,,,,,,,,,,,,,,,,,,,,,,,,,,,
14903000,-3149,-2041,45,387,1024,3720,7069,-5195,-301,-178,-8,-6599,0,671,14933,1315,228,284,14933,1523000,1404000,1744000,1751000,283,-238,372,-313,,,,,,,,,,,,,,,,,,,,,,,,,,,,,,,,,,,,,,,,,,,,,,,,,,,,,,,,,,,,,,,,,,,,,,,,,,,,,,,,,,,,,,,,,,,,,,,
14950000,-2534,-2775,136,226,156,1889,3529,-1961,-358,-242,-6,-6639,0,671,14933,1314,109,284,14933,1536000,1445000,1711000,1749000,113,-549,149,-721,,,,,,,,,,,,,,,,,,,,,,,,,,,,,,,,,,,,,,,,,,,,,,,,,,,,,,,,,,,,,,,,,,,,,,,,,,,,,,,,,,,,,,,,,,,,,,,
15003000,-2377,-2732,-287,-1,691,-14529,3468,-2815,-333,-234,-6,-6199,39,671,14933,1315,27,284,14933,1499000,1468000,1705000,1763000,85,-538,112,-707,,,,,,,,,,,,,,,,,,,,,,,,,,,,,,,,,,,,,,,,,,,,,,,,,,,,,,,,,,,,,,,,,,,,,,,,,,,,,,,,,,,,,,,,,,,,,,,
15050000,-2597,-1785,-167,192,1265,-7937,12012,-1716,-7,-155,-6,-2679,0,671,14933,1351,75,284,14933,1484000,1499000,1705000,1753000,325,-698,440,-943,,,,,,,,,,,,,,,,,,,,,,,,,,,,,,,,,,,,,,,,,,,,,,,,,,,,,,,,,,,,,,,,,,,,,,,,,,,,,,,,,,,,,,,,,,,,,,,
15103000,-2485,-1406,-311,-416,1565,2926,4749,-1961,262,-122,-6,520,0,671,14933,1322,-16,284,14933,1472000,1505000,1697000,1764000,201,-918,266,-1213,,,,,,,,,,,,,,,,,,,,,,,,,,,,,,,,,,,,,,,,,,,,,,,,,,,,,,,,,,,,,,,,,,,,,,,,,,,,,,,,,,,,,,,,,,,,,,,
15150000,-2303,-2254,-359,-160,1707,15744,8411,-1961,832,-196,-4,7240,0,672,14978,1302,-23,287,14978,1442000,1534000,1717000,1747000,167,-1086,217,-1415,,,,,,,,,,,,,,,,,,,,,,,,,,,,,,,,,,,,,,,,,,,,,,,,,,,,,,,,,,,,,,,,,,,,,,,,,,,,,,,,,,,,,,,,,,,,,,,
15203000,-1422,-1969,184,-102,1187,65670,10609,53,1066,-171,-2,10800,0,671,14933,1304,-89,284,14933,1570000,1431000,1692000,1747000,306,-1018,400,-1328,,,,,,,,,,,,,,,,,,,,,,,,,,,,,,,,,,,,,,,,,,,,,,,,,,,,,,,,,,,,,,,,,,,,,,,,,,,,,,,,,,,,,,,,,,,,,,,
15250000,489,-2152,46,-147,1138,85507,5238,-7,1091,-187,-4,13000,0,671,14933,1275,-241,284,14933,1586000,1406000,1688000,1751000,255,-1167,325,-1488,,,,,,,,,,,,,,,,,,,,,,,,,,,,,,,,,,,,,,,,,,,,,,,,,,,,,,,,,,,,,,,,,,,,,,,,,,,,,,,,,,,,,,,,,,,,,,,
15303000,3847,-1127,-87,179,642,75497,17200,-2144,1203,-94,-2,17640,39,671,14933,1270,-233,284,14933,1520000,1454000,1738000,1725000,548,-812,697,-1032,,,,,,,,,,,,,,,,,,,,,,,,,,,,,,,,,,,,,,,,,,,,,,,,,,,,,,,,,,,,,,,,,,,,,,,,,,,,,,,,,,,,,,,,,,,,,,,
15350000,6161,-1567,185,332,593,89901,14759,-2876,1081,-140,-4,18560,-39,671,14933,1271,-202,284,14933,1555000,13950015403000,7291,-1223,-158,-253,1092,74581,11402,-1533,1018,-106,-4,18960,0,671,14933,1268,-157,284,14933,1520000,1461000,1721000,1715450000,7694,-1382,-487,-103,2175,62680,24891,724,990,-120,-4,19040,0,671,14933,1267,-118,284,14933,1531000,1484000,1718000,1717000,558,-1101,707,-1395,,,,,,,,,,,,,,,,,,,,,,,,,,,,,,,,,,,,,,,,,,,,,,,,,,,
15503000,9234,-1021,26,-114,349,73056,10731,663,768,-89,-2,18040,0,672,14978,1262,-116,287,14978,1581000,1428000,1691000,1744000,595,-818,751,-1033,,,,,,,,,,,,,,,,,,,,,,,,,,,,,,,,,,,,,,,,,,,,,,,,,,,,,,,,,,,,,,,,,,,,,,,,,,,,,,,,,,,,,,,,,,,,,,,
15550000,10120,-1001,41,-83,1200,47055,7923,1029,687,-87,-4,18000,0,672,14978,1271,-10,287,14978,1551000,1467000,1681000,1748000,639,-1313,812,-1670,,,,,,,,,,,,,,,,,,,,,,,,,,,,,,,,,,,,,,,,,,,,,,,,,,,,,,,,,,,,,,,,,,,,,,,,,,,,,,,,,,,,,,,,,,,,,,,
15603000,9712,-1398,-7,-216,722,49557,3345,2860,646,-115,-6,17120,79,670,14889,1285,34,280,14889,1581000,1462000,1660000,1752000,792,-758,1018,-974,,,,,,,,,,,,,,,,,,,,,,,,,,,,,,,,,,,,,,,,,,,,,,,,,,,,,,,,,,,,,,,,,,,,,,,,,,,,,,,,,,,,,,,,,,,,,,,
15650000,10100,-2606,150,-244,811,45285,-7640,2677,616,-192,-4,17160,399,671,14933,1278,88,284,14933,1565000,1479000,1667000,1742000,540,-620,690,-792,,,,,,,,,,,,,,,,,,,,,,,,,,,,,,,,,,,,,,,,,,,,,,,,,,,,,,,,,,,,,,,,,,,,,,,,,,,,,,,,,,,,,,,,,,,,,,,
15703000,8994,-2533,-554,-338,1771,31735,4017,2799,565,-147,-2,15480,840,673,15022,1291,133,291,15022,1566000,1488000,1689000,1722000,891,-768,1151,-992,,,,,,,,,,,,,,,,,,,,,,,,,,,,,,,,,,,,,,,,,,,,,,,,,,,,,,,,,,,,,,,,,,,,,,,,,,,,,,,,,,,,,,,,,,,,,,,
15750000,8072,-2247,-143,-97,696,30087,-12279,3043,402,-21,-6,12680,2000,671,14933,1294,145,284,14933,1564000,1488000,1666000,1738000,891,-768,1154,-994,,,,,,,,,,,,,,,,,,,,,,,,,,,,,,,,,,,,,,,,,,,,,,,,,,,,,,,,,,,,,,,,,,,,,,,,,,,,,,,,,,,,,,,,,,,,,,,
15803000,8668,-3524,-185,191,1613,30758,-16124,5363,74,-63,-4,95215850000,6628,-3506,-64,616,1217,-125,-7030,3898,-124,50,-2,5200,4080,671,14933,1285,77,284,14933,1561000,1514000,1684000,1715903000,4109,-3072,0,703,1382,-16360,-10692,6034,-348,276,-6,120,6240,672,14978,1240,-118,287,14978,1612000,1490000,1657000,1709000,1147,468,1422,580,,,,,,,,,,,,,,,,,,,,,,,,,,,,,,,,,,,,,,,,,,,,,,,,,,,,,,,,,,,,
15950000,2182,-2704,-271,574,965,-36746,-16490,6950,-270,381,-4,-919,7079,670,14889,1222,-355,288000,1541000,1652000,1694000,1054,348,1289,425,,,,,,,,,,,,,,,,,,,,,,,,,,,,,,,,,,,,,,,,,,,,,,,,,,,,,,,,,,,,,,,,,,,,,,,,,,,,,,,,,,,,,,,,,,,,,,,,,
16003000,-551,-3008,93,-162,905,-23562,-33702,9086,-325,390,-4,-4279,7479,670,14889,1174,-524,280,14889,1625000,1524000,1595000,1718000,1275,737,149716050000,-1432,-3426,-34,823,1455,-34793,-33336,6156,-552,357,-6,-7759,7520,670,14889,1142,-569,280,14889,1606000,1509000,1627000,1716103000,-2449,-4922,-102,594,1316,-62442,-28758,7499,-1018,38,-4,-14119,5360,671,14933,1097,-735,284,14933,1607000,1536000,1587000,1737000,1035,549,1135,602,,,,,,,,,,,,,,,,,,,,,,,,,,,,,,,,,,,,,,,,,,,,,,
16150000,-7196,-5811,-196,-1036,1533,-68911,-13621,4691,-789,-32,-4,-16239,5439,670,14889,1059,-716,280,14889,1544000,1569000,1649000,1712000,1160,632,1229,669,,,,,,,,,,,,,,,,,,,,,,,,,,,,,,,,,,,,,,,,,,,,,,,,,,,,,,,,,,,,,,,,,,,,,,,,,,,,,,,,,,,,,,,,,,,,,,,
16203000,-8959,-5553,16,-1059,884,-80142,2430,2311,-677,-9,-6,-16720,5439,671,14933,1013,-785,284,14933,1524000,1555000,1671000,1715000,1151,468,1166,474,,,,,,,,,,,,,,,,,,,,,,,,,,,,,,,,,,,,,,,,,,,,,,,,,,,,,,,,,,,,,,,,,,,,,,,,,,,,,,,,,,,,,,,,,,,,,,,
16250000,-11204,-4063,-83,29,1157,-60427,-8250,9025,-537,123,-2,-17359,5480,671,14933,972,-831,284,14933,1610000,1566000,1592000,1707000,1394,889,1355,864,,,,,,,,,,,,,,,,,,,,,,,,,,,,,,,,,,,,,,,,,,,,,,,,,,,,,,,,,,,,,,,,,,,,,,,,,,,,,,,,,,,,,,,,,,,,,,,
16303000,-11416,-3331,561,96,6,-61404,2674,4386,-557,156,-6,-17800,5120,670,14889,938,-882,280,14889,1538000,1577000,1667000,1690000,1374,1564,1288,1467,,,,,,,,,,,,,,,,,,,,,,,,,,,,,,,,,,,,,,,,,,,,,,,,,,,,,,,,,,,,,,,,,,,,,,,,,,,,,,,,,,,,,,,,,,,,,,,
16350000,-12066,-2363,-45,91,1574,-58169,2613,6400,-392,170,-4,-16560,4319,671,14933,896,-830,284,14933,1536000,1612000,1640000,1691000,1374,1564,1231,1401,,,,,,,,,,,,,,,,,,,,,,,,,,,,,,,,,,,,,,,,,,,,,,,,,,,,,,,,,,,,,,,,,,,,,,,,,,,,,,,,,,,,,,,,,,,,,,,
16403000,-11637,-1407,322,61,199,-50357,12196,4996,-363,219,-4,-15799,3919,672,14978,868,-877,287,14978,1547000,1587000,1672000,1673000,1374,1564,1192,1358,,,,,,,,,,,,,,,,,,,,,,,,,,,,,,,,,,,,,,,,,,,,,,,,,,,,,,,,,,,,,,,,,,,,,,,,,,,,,,,,,,,,,,,,,,,,,,,
16450000,-10772,-243,145,437,930,-40530,4261,2738,81,174,-4,-9839,2239,672,14978,815,-759,287,14978,1478000,1621000,1665000,1703000,1374,1564,1119,1275,,,,,,,,,,,,,,,,,,,,,,,,,,,,,,,,,,,,,,,,,,,,,,,,,,,,,,,,,,,,,,,,,,,,,,,,,,,,,,,,,,,,,,,,,,,,,,,
16503000,-10540,-1319,-65,-24,1209,-9036,-2635,4935,123,41,-4,-9119,1800,671,14933,798,-720,284,14933,1584000,1554000,1623000,1715000,1374,1564,1096,1248,,,,,,,,,,,,,,,,,,,,,,,,,,,,,,,,,,,,,,,,,,,,,,,,,,,,,,,,,,,,,,,,,,,,,,,,,,,,,,,,,,,,,,,,,,,,,,,
16550000,-8394,-1040,138,281,1267,851,3345,4691,149,66,-6,-6679,1800,671,14933,790,-643,284,14933,1575000,1558000,1651000,1691000,1322,1115,1045,880,,,,,,,,,,,,,,,,,,,,,,,,,,,,,,,,,,,,,,,,,,,,,,,,,,,,,,,,,,,,,,,,,,,,,,,,,,,,,,,,,,,,,,,,,,,,,,,
16603000,-6813,-1771,424,-112,716,8053,3468,3104,147,-4,-6,-5119,1719,671,14933,736,-671,284,14933,1572000,1542000,1654000,1704000,1517,884,1116,651,,,,,,,,,,,,,,,,,,,,,,,,,,,,,,,,,,,,,,,,,,,,,,,,,,,,,,,,,,,,,,,,,,,,,,,,,,,,,,,,,,,,,,,,,,,,,,,
16650000,-5122,-2358,190,-27,1374,10189,-8433,2189,-31,94,-4,-5479,3440,672,14978,746,-598,287,14978,1562000,1543000,1652000,1712000,1531,1147,1142,856,,,,,,,,,,,,,,,,,,,,,,,,,,,,,,,,,,,,,,,,,,,,,,,,,,,,,,,,,,,,,,,,,,,,,,,,,,,,,,,,,,,,,,,,,,,,,,,
16703000,-2582,-2303,396,-77,-3,-5618,4078,2494,-217,270,-6,-5079,5399,683,15472,678,-707,332,15472,1548000,1581000,1702000,1677000,1531,1147,1038,778,,,,,,,,,,,,,,,,,,,,,,,,,,,,,,,,,,,,,,,,,,,,,,,,,,,,,,,,,,,,,,,,,,,,,,,,,,,,,,,,,,,,,,,,,,,,,,,
16750000,-2342,-2215,401,4,790,-12759,-7213,907,-210,396,-2,-4759,6760,700,16252,688,-675,399,16252,1553000,1603000,1710000,1720000,1531,1147,1053,789,,,,,,,,,,,,,,,,,,,,,,,,,,,,,,,,,,,,,,,,,,,,,,,,,,,,,,,,,,,,,,,,,,,,,,,,,,,,,,,,,,,,,,,,,,,,,,,
16803000,-2101,-2462,-175,4,1505,-6106,-23692,2799,-232,409,-2,-4759,7160,702,16345,657,-561,408,16345,1597000,1589000,1665000,1744000,1531,1147,1006,753,,,,,,,,,,,,,,,,,,,,,,,,,,,,,,,,,,,,,,,,,,,,,,,,,,,,,,,,,,,,,,,,,,,,,,,,,,,,,,,,,,,,,,,,,,,,,,,
16850000,-856,-3933,-59,345,1233,-9646,-22838,541,-316,316,-4,-4479,7560,703,16392,629,-535,412,16392,1575000,1580000,1693000,1742000,1425,713,896,448,,,,,,,,,,,,,,,,,,,,,,,,,,,,,,,,,,,,,,,,,,,,,,,,,,,,,,,,,,,,,,,,,,,,,,,,,,,,,,,,,,,,,,,,,,,,,,,
16903000,-1788,-3934,-468,-349,1674,-20266,-10325,-1106,-231,309,-2,-4439,7479,703,16392,598,-464,412,16392,1546000,1591000,1724000,1732000,1721,654,1029,391,,,,,,,,,,,,,,,,,,,,,,,,,,,,,,,,,,,,,,,,,,,,,,,,,,,,,,,,,,,,,,,,,,,,,,,,,,,,,,,,,,,,,,,,,,,,,,,
16950000,-2081,-4086,-15,327,708,-9158,-9349,-1838,-149,268,-4,-3799,7160,705,16485,581,-383,419,16485,1549000,1582000,1721000,1747000,1643,690,955,401,,,,,,,,,,,,,,,,,,,,,,,,,,,,,,,,,,,,,,,,,,,,,,,,,,,,,,,,,,,,,,,,,,,,,,,,,,,,,,,,,,,,,,,,,,,,,,,
17003000,-1747,-4208,-154,-488,926,-4519,-7518,-1472,-91,254,-4,-2799,7119,706,16532,561,-404,423,16532,1557000,1580000,1711000,1755000,1622,549,910,308,,,,,,,,,,,,,,,,,,,,,,,,,,,,,,,,,,,,,,,,,,,,,,,,,,,,,,,,,,,,,,,,,,,,,,,,,,,,,,,,,,,,,,,,,,,,,,,
17050000,-1097,-4218,102,-120,1149,-11355,-5870,-3120,-113,190,-4,-2399,6400,706,16532,532,-328,423,16532,1520000,1589000,1730000,1753000,1482,264,788,140,,,,,,,,,,,,,,,,,,,,,,,,,,,,,,,,,,,,,,,,,,,,,,,,,,,,,,,,,,,,,,,,,,,,,,,,,,,,,,,,,,,,,,,,,,,,,,,
17103000,-138,-3999,-13,-237,1160,-6655,-2208,-2571,1,66,-4,-119,4760,705,16485,515,-320,419,16485,1542000,1571000,1704000,1773000,1425,176,734,91,,,,,,,,,,,,,,,,,,,,,,,,,,,,,,,,,,,,,,,,,,,,,,,,,,,,,,,,,,,,,,,,,,,,,,,,,,,,,,,,,,,,,,,,,,,,,,,
17150000,446,-4012,-5,-406,742,-12149,-6663,-2205,-45,-4,-4,-79,3959,705,16485,540,-165,419,16485,1504000,1610000,1716000,1760000,1255,-74,677,-40,,,,,,,,,,,,,,,,,,,,,,,,,,,,,,,,,,,,,,,,,,,,,,,,,,,,,,,,,,,,,,,,,,,,,,,,,,,,,,,,,,,,,,,,,,,,,,,
17203000,902,-3875,100,305,1159,9091,4017,-1411,322,-90,-2,4600,2839,708,16626,524,-203,432,16626,1553000,1582000,1717000,1759000,1162,-230,608,-120,,,,,,,,,,,,,,,,,,,,,,,,,,,,,,,,,,,,,,,,,,,,,,,,,,,,,,,,,,,,,,,,,,,,,,,,,,,,,,,,,,,,,,,,,,,,,,,
17250000,581,-3180,-51,-596,1354,23251,843,-3609,444,-29,-6,5680,2839,707,16579,525,-151,428,16579,1577000,1519000,1723000,1777000,1073,-593,563,-311,,,,,,,,,,,,,,,,,,,,,,,,,,,,,,,,,,,,,,,,,,,,,,,,,,,,,,,,,,,,,,,,,,,,,,,,,,,,,,,,,,,,,,,,,,,,,,,
17303000,3126,-3704,284,303,419,32711,5848,-5134,261,85,-4,6120,4679,708,16626,503,-68,432,16626,1596000,1470000,1759000,1757000,1082,-785,544,-395,,,,,,,,,,,,,,,,,,,,,,,,,,,,,,,,,,,,,,,,,,,,,,,,,,,,,,,,,,,,,,,,,,,,,,,,,,,,,,,,,,,,,,,,,,,,,,,
17350000,4162,-3783,193,-310,668,30941,-10325,-3914,212,203,-2,6600,6120,708,16626,492,-66,432,16626,1564000,1530000,1724000,1782000,625,-853,307,-419,,,,,,,,,,,,,,,,,,,,,,,,,,,,,,,,,,,,,,,,,,,,,,,,,,,,,,,,,,,,,,,,,,,,,,,,,,,,,,,,,,,,,,,,,,,,,,,
17403000,5611,-3595,46,-261,1535,14462,-5015,-3120,121,370,-6,7000,7839,706,16532,458,-124,423,16532,1550000,1544000,1744000,1756000,676,-1024,309,-469,,,,,,,,,,,,,,,,,,,,,,,,,,,,,,,,,,,,,,,,,,,,,,,,,,,,,,,,,,,,,,,,,,,,,,,,,,,,,,,,,,,,,,,,,,,,,,,
17450000,5779,-3374,-85,-163,1276,6832,-9898,-679,155,490,-6,7560,9000,706,16532,485,39,423,16532,1508000,1615000,1752000,1723000,236,-1386,114,-672,,,,,,,,,,,,,,,,,,,,,,,,,,,,,,,,,,,,,,,,,,,,,,,,,,,,,,,,,,,,,,,,,,,,,,,,,,,,,,,,,,,,,,,,,,,,,,,
17503000,5825,-4048,-112,-513,1665,30697,-14659,1945,130,439,-4,7320,9080,707,16579,461,68,428,16579,1630000,1531000,1719000,1730000,504,-1226,232,-565,,,,,,,,,,,,,,,,,,,,,,,,,,,,,,,,,,,,,,,,,,,,,,,,,,,,,,,,,,,,,,,,,,,,,,,,,,,,,,,,,,,,,,,,,,,,,,,
17550000,5647,-4228,-398,-89,1018,21481,-16551,-1045,48,322,-4,6200,7920,707,16579,501,37,428,16579,1598000,1525000,1730000,1750000,306,-1663,153,-833,,,,,,,,,,,,,,,,,,,,,,,,,,,,,,,,,,,,,,,,,,,,,,,,,,,,,,,,,,,,,,,,,,,,,,,,,,,,,,,,,,,,,,,,,,,,,,,
17603000,5419,-4550,-76,-717,1429,15316,-13133,4325,1,133,-6,5440,6080,706,16532,493,-1,423,16532,1601000,1592000,1685000,1736000,23,-1453,11,-716,,,,,,,,,,,,,,,,,,,,,,,,,,,,,,,,,,,,,,,,,,,,,,,,,,,,,,,,,,,,,,,,,,,,,,,,,,,,,,,,,,,,,,,,,,,,,,,
17650000,5193,-4455,101,-33,1017,15499,-5748,3287,-132,61,-4,3680,5160,707,16579,493,-7,428,16579,1635000,1547000,1706000,1726000,-205,-1426,-101,-703,,,,,,,,,,,,,,,,,,,,,,,,,,,,,,,,,,,,,,,,,,,,,,,,,,,,,,,,,,,,,,,,,,,,,,,,,,,,,,,,,,,,,,,,,,,,,,,
17703000,4269,-3537,295,308,865,18124,-5198,3348,-44,68,-6,3760,4319,707,16579,505,428,16579,1638000,1543000,1686000,1744000,-445,-1275,-225,-645,,,,,,,,,,,,,,,,,,,,,,,,,,,,,,,,,,,,,,,,,,,,,,,,,,,,,,,,,,,,,,,,,,,,,,,,,,,,,,,,,,,,,,,,,,,,,,,,
17750000,3438,-3803,90,-371,730,10006,-17161,2494,80,-73,-4,4360,2960,708,16626,484,173,432,16626,1600000,1580000,1665000,1772000,-5917803000,2838,-3806,-205,150,902,4330,-1781,846,45,-199,-4,3360,1519,707,16579,485,180,428,16579,1600000,1556000,1710000,1745000,-775,-1300,-376,-630,,,,,,,,,,,,,,,,,,,,,,,,,,,,,,,,,,,,,,,,,,,,,,,,,,,,,,,,,,,,,,,,,,,,,,,
17850000,2786,-3991,-74,247,1460,14950,11768,-923,1,-341,-4,2800,79,707,16579,540,291,428,16579,1624000,1504000,1721000,1752000,-1016,-1299,-549,-701,,,,,,,,,,,,,,,,,,,,,,,,,,,,,,,,,,,,,,,,,,,,,,,,,,,,,,,,,,,,,,,,,,,,,,,,,,,,,,,,,,,,,,,,,,,,,,,
17903000,1951,-3312,234,-155,569,5978,17689,1273,-34,-474,-6,1560,-2120,707,16579,525,212,428,16579,1610000,1550000,1676000,1772000,-1408,-1130,-739,-593,,,,,,,,,,,,,,,,,,,,,,,,,,,,,,,,,,,,,,,,,,,,,,,,,,,,,,,,,,,,,,,,,,,,,,,,,,,,,,,,,,,,,,,,,,,,,,,
17950000,1421,-2564,77,-385,1060,-4824,26905,1151,-82,-510,-6,480,-3279,705,16485,556,306,419,16485,1591000,1565000,1708000,1740000,-1499,-1057,-833,-588,,,,,,,,,,,,,,,,,,,,,,,,,,,,,,,,,,,,,,,,,,,,,,,,,,,,,,,,,,,,,,,,,,,,,,,,,,,,,,,,,,,,,,,,,,,,,,,
18003000,1207,-1074,51,-38,1189,2865,47352,-801,-28,-453,-4,880,-4119,703,16392,579,268,412,16392,1611000,1510000,1747000,1718000,-1667,-795,-965,-460,,,,,,,,,,,,,,,,,,,,,,,,,,,,,,,,,,,,,,,,,,,,,,,,,,,,,,,,,,,,,,,,,,,,,,,,,,,,,,,,,,,,,,,,,,,,,,,
18050000,950,802,71,-193,840,8847,40882,-68,-6,-306,-4,880,-4320,676,15157,581,289,304,15157,1592000,1476000,1705000,1704000,-1523,-743,-884,-432,,,,,,,,,,,,,,,,,,,,,,,,,,,,,,,,,,,,,,,,,,,,,,,,,,,,,,,,,,,,,,,,,,,,,,,,,,,,,,,,,,,,,,,,,,,,,,,
18103000,1202,2079,264,416,607,8175,33741,-3792,-24,-202,-6,920,-4400,673,15022,617,311,291,15022,1563000,1445000,1725000,1725000,-1961,-710,-1210,-438,,,,,,,,,,,,,,,,,,,,,,,,,,,,,,,,,,,,,,,,,,,,,,,,,,,,,,,,,,,,,,,,,,,,,,,,,,,,,,,,,,,,,,,,,,,,,,,
187,243,296,15067,1558000,1491000,1699000,1720000,-1919,-742,-1203,-465,,,,,,,,,,,,,,,,,,,,,,,,,,,,,,,,,,,,,,,,,,,,,,,,,,,,,,,,,,,,,,,,,,,,,,,,,,,,,,,,,,,,,,,,,,,,,,,,,,,,,,,,,,,,,,,
18203000,1952,1055,289,134,365,11410,20618,-4036,-86,-225,-4,960,-3639,674,15067,600,176,296,15067,1586000,1405000,1710000,1742000,-1846,-634,-1107,-380,,,,,,,,,,,,,,,,,,,,,,,,,,,,,,,,,,,,,,,,,,,,,,,,,,,,,,,,,,,,,,,,,,,,,,,,,,,,,,,,,,,,,,,,,,,,,,,
18250000,2091,1035,109,-243,1096,-6655,14759,-1594,-102,-52,-4,920,-1640,673,15022,619,175,291,15022,1541000,1495000,1702000,1725000,-1846,-634,-1142,-392,,,,,,,,,,,,,,,,,,,,,,,,,,,,,,,,,,,,,,,,,,,,,,,,,,,,,,,,,,,,,,,,,,,,,,,,,,,,,,,,,,,,,,,,,,,,,,,
18303000,1161,1237,98,132,824,-4580,15919,-5134,-52,34,-6,559,-839,674,15067,626,199,296,15067,1541000,1432000,1748000,1720000,-1846,1155,-397,,,,,,,,,,,,,,,,,,,,,,,,,,,,,,,,,,,,,,,,,,,,,,,,,,,,,,,,,,,,,,,,,,,,,,,,,,,,,,,,,,,,,,,,,,,,,,,,
18350000,1074,1096,-180,-326,952,-5252,1697,-4219,-72,92,-4,240,-39,674,15067,632,251,296,15067,1527000,1465000,1733000,1728000,-1625,-85,-1027,-53,,,,,,,,,,,,,,,,,,,,,,,,,,,,,,,,,,,,,,,,,,,,,,,,,,,,,,,,,,,,,,,,,,,,,,,,,,,,,,,,,,,,,,,,,,,,,,,
18403000,718,-252,405,-121,873,-6289,-5382,-4646,-52,-22,-2,120,0,674,15067,647,243,296,15067,1535000,1447000,1700000,1766000,-1555,-346,-1006,-224,,,,,,,,,,,,,,,,,,,,,,,,,,,,,,,,,,,,,,,,,,,,,,,,,,,,,,,,,,,,,,,,,,,,,,,,,,,,,,,,,,,,,,,,,,,,,,,
18450000,-634,105,20,-408,1141,-11111,-9898,-2571,62,12,-4,80,39,672,14978,681,314,287,14978,1520000,1493000,1684000,1764000,-1555,-346,-1059,-235,,,,,,,,,,,,,,,,,,,,,,,,,,,,,,,,,,,,,,,,,,,,,,,,,,,,,,,,,,,,,,,,,,,,,,,,,,,,,,,,,,,,,,,,,,,,,,,
18503000,-518,-964,231,-446,1362,3659,-3673,-4463,48,-84,-4,40,0,673,15022,692,253,291,15022,1548000,1423000,1715000,1757000,-1555,-346,-1076,-239,,,,,,,,,,,,,,,,,,,,,,,,,,,,,,,,,,,,,,,,,,,,,,,,,,,,,,,,,,,,,,,,,,,,,,,,,,,,,,,,,,,,,,,,,,,,,,,
18550000,-1044,-2309,-3,-114,1360,-4153,721,-4402,98,-201,-4,80,0,672,14978,721,309,287,14978,1489000,1481000,1706000,1763000,-1555,18603000,-423,-3050,19,-633,1182,-1773,15308,-5134,71,-269,-4,400,-39,673,15022,713,188,291,15022,1497000,1453000,1731000,1748000,-1555,-346,-1109,-246,,,,,,,,,,,,,,,,,,,,,,,,,,,,,,,,,,,,,,,,,,,,,,,,,,,,,,,,,,,,,,,,,,,,,,
18650000,-285,-3480,-204,128,1289,-1712,12989,-4219,94,-303,-2,800,0,673,15022,729,243,291,15022,1499000,1465000,1715000,1755000,-1555,-346,-1134,-252,,,,,,,,,,,,,,,,,,,,,,,,,,,,,,,,,,,,,,,,,,,,,,,,,,,,,,,,,,,,,,,,,,,,,,,,,,,,,,,,,,,,,,,,,,,,,,,
18703000,629,-3530,-128,-567,1655,-1284,15797,-5134,91,-301,-4,1680,79,672,14978,713,231,287,14978,1456000,1490000,1732000,1754000,-1555,-346,-1109,-246,,,,,,,,,,,,,,,,,,,,,,,,,,,,,,,,,,,,,,,,,,,,,,,,,,,,,,,,,,,,,,,,,,,,,,,,,,,,,,,,,,,,,,,,,,,,,,,
18750000,1366,-3451,211,513,719,119,18299,-801,93,-287,-2,2440,160,672,14978,752,224,287,14978,1537000,1473000,1703000,1738000,-1555,-346,-1169,-260,,,,,,,,,,,,,,,,,,,,,,,,,,,,,,,,,,,,,,,,,,,,,,,,,,,,,,,,,,,,,,,,,,,,,,,,,,,,,,,,,,,,,,,,,,,,,,,
18803000,-477,-2491,-383,67,1826,8297,18116,-1777,258,-130,-6,2480,999,673,15022,767,253,291,15022,1504000,1484000,1737000,1718000,-1555,-346,-1193,-265,,,,,,,,,,,,,,,,,,,,,,,,,,,,,,,,,,,,,,,,,,,,,,,,,,,,,,,,,,,,,,,,,,,,,,,,,,,,,,,,,,,,,,,,,,,,,,,
18850000,-90,-2284,386,191,761,25692,9571,-3670,185,-80,-4,2040,1359,672,14978,766,166,287,14978,1555000,1393000,1717000,1760000,-1555,-346,-1191,-265,,,,,,,,,,,,,,,,,,,,,,,,,,,,,,,,,,,,,,,,,,,,,,,,,,,,,,,,,,,,,,,,,,,,,,,,,,,,,,,,,,,,,,,,,,,,,,,
18903000,377,-3056,167,428,1409,13485,6947,-2693,113,-67,-4,1680,2279,672,14978,780,99,287,14978,1522000,1449000,1735000,1734000,-436,431,-340,336,,,,,,,,,,,,,,,,,,,,,,,,,,,,,,,,,,,,,,,,,,,,,,,,,,,,,,,,,,,,,,,,,,,,,,,,,,,,,,,,,,,,,,,,,,,,,,,
18950000,530,-3122,156,-389,1015,6710,3956,-4402,65,121,-4,1280,4519,673,15022,803,143,291,15022,1508000,1436000,1743000,1747000,-436,431,-350,346,,,,,,,,,,,,,,,,,,,,,,,,,,,,,,,,,,,,,,,,,,,,,,,,,,,,,,,,,,,,,,,,,,,,,,,,,,,,,,,,,,,,,,,,,,,,,,,
19003000,604,-2303,-75,-134,1610,1278,416,-496,243,291,-2,3400,5639,671,14933,802,48,284,14933,1469000,1530000,1741000,1704000,-33,-162,-27,-130,,,,,,,,,,,,,,,,,,,,,,,,,,,,,,,,,,,,,,,,,,,,,,,,,,,,,,,,,,,,,,,,,,,,,,,,,,,,,,,,,,,,,,,,,,,,,,,
19050000,935,-2156,-420,163,998,5978,-10081,-4280,511,303,8,6800,5639,679,15291,776,18,316,15291,1450000,1499000,1738000,1742000,-33,-162,-26,-126,,,,,,,,,,,,,,,,,,,,,,,,,,,,,,,,,,,,,,,,,,,,,,,,,,,,,,,,,,,,,,,,,,,,,,,,,,,,,,,,,,,,,,,,,,,,,,,
19103000,908,-3115,-226,-439,1703,23007,-14476,-2754,706,241,-2,9000,5880,672,14978,796,63,287,14978,1455000,1510000,1741000,1732000,-33,-162,-26,-129,,,,,,,,,,,,,,,,,,,,,,,,,,,,,,,,,,,,,,,,,,,,,,,,,,,,,,,,,,,,,,,,,,,,,,,,,,,,,,,,,,,,,,,,,,,,,,,
19150000,2382,-3474,156,468,881,38754,-20762,1395,717,311,-4,10600,7040,672,14978,797,-29,287,14978,1543000,1481000,1701000,1729000,-33,-162,-26,-129,,,,,,,,,,,,,,,,,,,,,,,,,,,,,,,,,,,,,,,,,,,,,,,,,,,,,,,,,,,,,,,,,,,,,,,,,,,,,,,,,,,,,,,,,,,,,,,
19203000,3202,-3367,-577,4,1656,36190,-28636,-313,673,428,-4,10920,8280,671,14933,806,32,284,14933,1503000,1494000,1714000,1734000,124,187,100,150,,,,,,,,,,,,,,,,,,,,,,,,,,,,,,,,,,,,,,,,,,,,,,,,,,,,,,,,,,,,,,,,,,,,,,,,,,,,,,,,,,,,,,,,,,,,,,,
19250000,4422,-4720,223,549,1477,44125,-38524,785,455,240,-4,9639,7479,671,14933,793,11,2819303000,4671,-6894,-507,-123,2092,13241,-20762,-435,175,-46,-4,6680,6359,672,14978,791,42,287,14978,1485000,1508000,1717000,1734000,437,355,345,281,,,,,,,,,,,,,,,,,,,,,,,,,,,,,,,,,,,,,,,,,,,,,,,,,,,,,,,,,,,,,,,,,,,,,,,,,,,,,
19350000,4937,-6694,-471,446,1694,6771,-3184,-2022,-210,-22,-4,2520,6440,672,14978,798,19,287,14978,1545000,1419000,1760000,1709000,437,355,348,283,,,,,,,,,,,,,,,,,,,,,,,,,,,,,,,,,,,,,,,,,,,,,,,,,,,,,,,,,,,,,,,,,,,,,,,,,,,,,,,,,,,,,,,,,,,,,,,
19403000,4349,-6642,273,-39,289,-9951,-13927,297,-313,-21,-2,760,6400,672,14978,800,54,287,14978,1501000,1507000,1687000,1756000,437,19450000,2670,-5980,-136,-38,574,-19717,-9654,-1167,-159,75,-4,840,6840,672,14978,756,-32,287,14978,1497000,1486000,1725000,1737000,437,355,330,268,,,,,,,,,,,,,,,,,,,,,,,,,,,,,,,,,,,,,,,,,,,,,,,,,,,,,,,,,,,,,,,,,,,,,,
19503000,1111,-6469,174,-231,913,-4336,-16551,1640,-34,74,-4,720,7320,672,14978,754,-160,287,14978,1543000,1479000,1664000,1765000,437,355,329,267,,,,,,,,,,,,,,,,,,,,,,,,,,,,,,,,,,,,,,,,,,,,,,,,,,,,,,,,,,,,,,,,,,,,,,,,,,,,,,,,,,,,,,,,,,,,,,,
19550000,63,-5911,-110,-115,698,-2383,-19908,-1045,22,157,-2,320,7720,673,15022,737,-241,291,15022,1517000,1469000,1698000,1763000,437,355,322,261,,,,,,,,,,,,,,,,,,,,,,,,,,,,,,,,,,,,,,,,,,,,,,,,,,,,,,,,,,,,,,,,,,,,,,,,,,,,,,,,,,,,,,,,,,,,,,,
19603000,29,-5426,187,-195,1048,363,-20274,-252,-96,235,-4,-1079,8120,672,14978,716,-238,287,14978,1528000,1463000,1699000,1754000,447,1263,320,904,,,,,,,,,,,,,,,,,,,,,,,,,,,,,,,,,,,,,,,,,,,,,,,,,,,,,,,,,,,,,,,,,,,,,,,,,,,,,,,,,,,,,,,,,,,,,,,
19650000,78,-5779,-10,-333,1191,-14407,-31199,-435,-258,232,-2,-2879,8440,675,15112,695,-263,300,15112,1532000,1454000,1670000,1780000,495,1329,344,924,,,,,,,,,,,,,,,,,,,,,,,,,,,,,,,,,,,,,,,,,,,,,,,,,,,,,,,,,,,,,,,,,,,,,,,,,,,,,,,,,,,,,,,,,,,,,,,
19703000,-142,-6477,15,-32,1167,-13186,-18504,-1167,-322,171,-4,-3839,8440,673,15022,684,-288,291,15022,1523000,1454000,1713000,1754000,495,1329,338,909,,,,,,,,,,,,,,,,,,,,,,,,,,,,,,,,,,,,,,,,,,,,,,,,,,,,,,,,,,,,,,,,,,,,,,,,,,,,,,,,,,,,,,,,,,,,,,,
19750000,302,-7779,-94,-412,1363,-28201,-17100,-3364,-483,33,-2,-5239,8160,673,15022,678,-356,291,15022,1499000,1446000,1714000,1775000,360,1768,244,1199,,,,,,,,,,,,,,,,,,,,,,,,,,,,,,,,,,,,,,,,,,,,,,,,,,,,,,,,,,,,,,,,,,,,,,,,,,,,,,,,,,,,,,,,,,,,,,,
19803000,-1102,-6838,-187,328,1746,-36685,294,-3731,-528,-17,-4,-7159,6640,673,15022,652,-274,291,15022,1484000,1453000,1750000,1746000,360,1768,235,1153,,,,,,,,,,,,,,,,,,,,,,,,,,,,,,,,,,,,,,,,,,,,,,,,,,,,,,,,,,,,,,,,,,,,,,,,,,,,,,,,,,,,,,,,,,,,,,,
19850000,-3106,-5969,46,70,1224,-40530,-133,-68,-577,-35,-4,-9719,5560,673,15022,640,-318,291,15022,1511000,1482000,1708000,1750000,360,1768,230,1131,,,,,,,,,,,,,,,,,,,,,,,,,,,,,,,,,,,,,,,,,,,,,,,,,,,,,,,,,,,,,,,,,,,,,,,,,,,,,,,,,,,,,,,,,,,,,,,
19903000,-3324,-5449,-263,494,1285,-48098,6702,-2144,-732,-84,-6,-11719,4479,673,15022,622,-332,291,15022,1484000,1478000,1749000,1734000,360,1768,224,1100,,,,,,,,,,,,,,,,,,,,,,,,,,,,,,,,,,,,,,,,,,,,,,,,,,,,,,,,,,,,,,,,,,,,,,,,,,,,,,,,,,,,,,,,,,,,,,,
19950000,-4189,-4842,-88,403,892,-48953,10364,-7,-936,-115,-6,-14919,3520,673,15022,605,-339,291,15022,1521000,1469000,1724000,1735000,360,1768,218,1070,,,,,,,,,,,,,,,,,,,,,,,,,,,,,,,,,,,,,,,,,,,,,,,,,,,,,,,,,,,,,,,,,,,,,,,,,,,,,,,,,,,,,,,,,,,,,,,
20003000,-5416,-3613,-412,71,947,-74526,10181,-1411,-1021,-81,-4,-17119,2679,671,14933,581,-359,284,14933,1438000,1525000,1736000,1734000,360,1768,209,120050000,-6485,-2562,-329,266,1477,-75503,25379,-3547,-990,-38,-4,-17840,2119,671,14933,562,-268,284,14933,1447000,1487000,1778000,1720103000,-9358,-1604,-264,-352,1325,-70559,10548,-1228,-764,34,-6,-18119,2000,672,14978,555,-283,287,14978,1432000,1532000,1731000,1741000,-409,776,-227,430,,,,,,,,,,,,,,,,,,,,,,,,,,,,,,,,,,,,,,,,,,,,,
20150000,-9687,-1127,-207,355,1394,-56338,6641,-2571,-735,69,-2,-18119,1919,671,14933,544,-245,284,14933,1482000,1465000,1726000,1756000,-386,1023,-210,556,,,,,,,,,,,,,,,,,,,,,,,,,,,,,,,,,,,,,,,,,,,,,,,,,,,,,,,,,,,,,,,,,,,,,,,,,,,,,,,,,,,,,,,,,,,,,,,
20203000,-10939,-681,-374,-386,1688,-45046,8656,-3853,-626,108,-4,-18119,1919,671,14933,535,-238,284,14933,1479000,1448000,1750000,1752000,-208,1292,-111,691,,,,,,,,,,,,,,,,,,,,,,,,,,,,,,,,,,,,,,,,,,,,,,,,,,,,,,,,,,,,,,,,,,,,,,,,,,,,,,,,,,,,,,,,,,,,,,,
20250000,-10832,-924,86,468,866,-44192,3101,4142,-629,90,-4,-18039,1960,671,14933,531,-148,284,14933,1507000,1538000,1709000,1705000,-208,1292,-110,686,,,,,,,,,,,,,,,,,,,,,,,,,,,,,,,,,,,,,,,,,,,,,,,,,,,,,,,,,,,,,,,,,,,,,,,,,,,,,,,,,,,,,,,,,,,,,,,
20303000,-10806,-850,-312,-236,1647,-42117,2613,2494,-578,93,-6,-17439,1919,672,14978,516,-160,287,14978,1491000,1528000,1713000,1722000,-208,1292,-107,666,,,,,,,,,,,,,,,,,,,,,,,,,,,,,,,,,,,,,,,,,,,,,,,,,,,,,,,,,,,,,,,,,,,,,,,,,,,,,,,,,,,,,,,,,,,,,,,
20350000,-10099,-775,156,525,1295,-34304,-10814,-1106,-605,92,-4,-17039,1840,672,14978,507,-121,287,14978,1498000,1466000,1695000,1774000,-208,1292,-105,655,,,,,,,,,,,,,,,,,,,,,,,,,,,,,,,,,,,,,,,,,,,,,,,,,,,,,,,,,,,,,,,,,,,,,,,,,,,,,,,,,,,,,,,,,,,,,,,
20403000,-10605,-822,-406,-64,1018,-26797,-7335,-984,-484,95,-2,-16160,1919,672,14978,434,-305,287,14978,1497000,1472000,1717000,1753000,-598,-350,-259,-151,,,,,,,,,,,,,,,,,,,,,,,,,,,,,,,,,,,,,,,,,,,,,,,,,,,,,,,,,,,,,,,,,,,,,,,,,,,,,,,,,,,,,,,,,,,,,,,
20450000,-10417,-1425,267,498,1701,-11538,-8250,2250,-441,71,-4,-15479,2239,673,15022,417,-336,291,15022,1546000,1472000,1700000,1739000,-1027,-1280,-428,-534,,,,,,,,,,,,,,,,,,,,,,,,,,,,,,,,,,,,,,,,,,,,,,,,,,,,,,,,,,,,,,,,,,,,,,,,,,,,,,,,,,,,,,,,,,,,,,,
20503000,-9323,-1396,-420,-213,1389,-4336,-15452,1334,-359,70,-4,-13439,2200,672,14978,423,-353,287,14978,1535000,1467000,1688000,1757000,-1027,-1280,-434,-541,,,,,,,,,,,,,,,,,,,,,,,,,,,,,,,,,,,,,,,,,,,,,,,,,,,,,,,,,,,,,,,,,,,,,,,,,,,,,,,,,,,,,,,,,,,,,,,
20550000,-7375,-2399,-137,205,1636,-1834,-12279,1823,-438,83,0,-12399,3359,672,14978,381,-447,287,14978,1555000,1457000,1698000,1739000,-1027,-1280,-391,-488,,,,,,,,,,,,,,,,,,,,,,,,,,,,,,,,,,,,,,,,,,,,,,,,,,,,,,,,,,,,,,,,,,,,,,,,,,,,,,,,,,,,,,,,,,,,,,,
20603000,-7624,-2821,-341,-421,1392,-8242,-2147,1456,445,57,-2,-2519,3480,672,14978,284,-601,287,14978,1402000,1591000,1714000,1730000,-1027,-1280,-291,-363,,,,,,,,,,,,,,,,,,,,,,,,,,,,,,,,,,,,,,,,,,,,,,,,,,,,,,,,,,,,,,,,,,,,,,,,,,,,,,,,,,,,,,,,,,,,,,,
20650000,-6962,-3177,-515,-68,1500,41195,-17406,2372,1043,256,-4,5000,6120,672,14978,245,-655,287,14978,1523000,1499000,1667000,1764000,-1027,-1280,-251,-313,,,,,,,,,,,,,,,,,,,,,,,,,,,,,,,,,,,,,,,,,,,,,,,,,,,,,,,,,,,,,,,,,,,,,,,,,,,,,,,,,,,,,,,,,,,,,,,
20703000,-3610,-4282,67,-568,642,87948,-16673,1578,1547,477,-4,14120,9760,682,15427,112,-932,327,15427,1523000,1515000,1742000,1718000,-1027,-1280,-115,-143,,,,,,,,,,,,,,,,,,,,,,,,,,,,,,,,,,,,,,,,,,,,,,,,,,,,,,,,,,,,,,,,,,,,,,,,,,,,,,,,,,,,,,,,,,,,,,,
20750000,-154,-5292,-104,-247,932,116452,-20640,1517,1573,505,6,17880,11080,712,16814,174,-941,448,16814,1601000,1497000,1754000,1740000,-1027,-1280,-178,-222,,,,,,,,,,,,,,,,,,,,,,,,,,,,,,,,,,,,,,,,,,,,,,,,,,,,,,,,,,,,,,,,,,,,,,,,,,,,,,,,,,,,,,,,,,,,,,,
20803000,4983,-6227,-80,-946,1648,114254,-31810,-862,1195,419,-4,18680,11040,733,17821,116,-979,531,17821,1632000,1485000,1777000,1795000,-1027,-1280,-119,-148,,,,,,,,,,,,,,,,,,,,,,,,,,,,,,,,,,,,,,,,,,,,,,,,,,,,,,,,,,,,,,,,,,,,,,,,,,,,,,,,,,,,,,,,,,,,,,,
20850000,9421,-7534,1566,20,2175,172055,42286,-17036,804,309,-6,18640,11080,743,18310,54,-630,571,18310,1673000,1150000,1899000,1713000,-1027,-1280,-55,-69,,,,,,,,,,,,,,,,,,,,,,,,,,,,,,,,,,,,,,,,,,,,,,,,,,,,,,,,,,,,,,,,,,,,,,,,,,,,,,,,,,,,,,,,,,,,,,,
20903000,15850,1390,-1228,-518,2175,75802,142628,62431,243,1084,-4,18640,11040,744,18359,70,-484,576,18359,1899000,1870000,1619000,1150000,-1027,-1280,-71,-89,,,,,,,,,,,,,,,,,,,,,,,,,,,,,,,,,,,,,,,,,,,,,,,,,,,,,,,,,,,,,,,,,,,,,,,,,,,,,,,,,,,,,,,,,,,,,,,
20950000,14989,-394,1702,114,1582,-71719,-98704,-20088,255,834,-4,17920,9960,743,18310,70,-137,571,18310,1185000,1606000,1781000,1899000,-1027,-1280,-71,-89,,,,,,,,,,,,,,,,,,,,,,,,,,,,,,,,,,,,,,,,,,,,,,,,,,,,,,,,,,,,,,,,,,,,,,,,,,,,,,,,,,,,,,,,,,,,,,,
21003000,14734,-2493,-440,151,222,-5007,-15635,15800,194,508,-4,16960,8320,744,18359,91,-357,576,18359,1700000,1680000,1753000,1638000,-1027,-1280,-93,-116,,,,,,,,,,,,,,,,,,,,,,,,,,,,,,,,,,,,,,,,,,,,,,,,,,,,,,,,,,,,,,,,,,,,,,,,,,,,,,,,,,,,,,,,,,,,,,,
21050000,13716,-4931,220,110,181,32162,-74534,602,139,-21,-6,15320,4679,743,18310,88,-256,571,18310,1640000,1561000,1716000,1828000,-1027,-1280,-90,-112,,,,,,,,,,,,,,,,,,,,,,,,,,,,,,,,,,,,,,,,,,,,,,,,,,,,,,,,,,,,,,,,,,,,,,,,,,,,,,,,,,,,,,,,,,,,,,,
21103000,14097,-8965,639,606,1712,22885,-31810,8292,-95,-471,-2,13000,3559,741,18212,111,-175,564,18212,1730000,1560000,1712000,1746000,-1027,-1280,-114,-142,,,,,,,,,,,,,,,,,,,,,,,,,,,,,,,,,,,,,,,,,,,,,,,,,,,,,,,,,,,,,,,,,,,,,,,,,,,,,,,,,,,,,,,,,,,,,,,
21150000,10607,-8907,-106,83,1234,-23379,-14415,24406,-32,-466,-6,10240,3559,741,18212,93,-47,564,18212,1723000,1758000,1618000,1657000,-1027,-1280,-95,-119,,,,,,,,,,,,,,,,,,,,,,,,,,,,,,,,,,,,,,,,,,,,,,,,,,,,,,,,,,,,,,,,,,,,,,,,,,,,,,,,,,,,,,,,,,,,,,,
21203000,7969,-8458,435,-335,809,-5007,1392,7072,20,-298,-4,8200,5039,740,18163,148,80,560,18163,1687000,1600000,1730000,1734000,-1027,-1280,-152,-189,,,,,,,,,,,,,,,,,,,,,,,,,,,,,,,,,,,,,,,,,,,,,,,,,,,,,,,,,,,,,,,,,,,,,,,,,,,,,,,,,,,,,,,,,,,,,,,
21250000,5238,-6310,-132,-479,1127,4025,-4100,-191,254,-107,-6,8160,5079,740,18163,126,250,560,18163,1608000,1592000,1759000,1777000,-1027,-1280,-129,-161,,,,,,,,,,,,,,,,,,,,,,,,,,,,,,,,,,,,,,,,,,,,,,,,,,,,,,,,,,,,,,,,,,,,,,,,,,,,,,,,,,,,,,,,,,,,,,,
21303000,5533,-5994,441,-36,892,21115,-16551,419,229,-153,-2,8160,4240,738,18064,179,397,551,18064,1653000,1553000,1713000,1809000,-1027,-1280,-183,-229,,,,,,,,,,,,,,,,,,,,,,,,,,,,,,,,,,,,,,,,,,,,,,,,,,,,,,,,,,,,,,,,,,,,,,,,,,,,,,,,,,,,,,,,,,,,,,,
21350000,4805,-6007,138,-428,1258,-4031,-3489,4752,292,-405,-4,8160,1359,739,18113,261,676,556,18113,1599000,1665000,1707000,1773000,-1027,-1280,-268,-334,,,,,,,,,,,,,,,,,,,,,,,,,,,,,,,,,,,,,,,,,,,,,,,,,,,,,,,,,,,,,,,,,,,,,,,,,,,,,,,,,,,,,,,,,,,,,,,
21403000,3770,-4776,484,83,949,8724,19459,1701,927,-751,-4,14400,-3839,666,14712,334,954,264,14712,1480000,1598000,1658000,1737000,-1027,-1280,-343,-427,,,,,,,,,,,,,,,,,,,,,,,,,,,,,,,,,,,,,,,,,,,,,,,,,,,,,,,,,,,,,,,,,,,,,,,,,,,,,,,,,,,,,,,,,,,,,,,
21450000,3084,-3437,80,-336,849,45895,38868,4996,1259,-732,-2,17520,-4960,667,14756,300,803,267,14756,1591000,1522000,1663000,1680000,-1027,-1280,-308,-384,,,,,,,,,,,,,,,,,,,,,,,,,,,,,,,,,,,,,,,,,,,,,,,,,,,,,,,,,,,,,,,,,,,,,,,,,,,,,,,,,,,,,,,,,,,,,,,
21503000,4524,-1057,-35,425,756,79098,49488,-1045,1343,-273,0,19920,-2079,666,14712,386,792,264,14712,1589000,1430000,1750000,1654000,-423,430,-163,166,,,,,,,,,,,,,,,,,,,,,,,,,,,,,,,,,,,,,,,,,,,,,,,,,,,,,,,,,,,,,,,,,,,,,,,,,,,,,,,,,,,,,,,,,,,,,,,
21550000,6538,632,349,559,154,91122,20557,-1350,1167,2,0,19920,-599,666,14712,379,636,264,14712,1565000,1456000,1700000,1710000,-673,771,-255,292,,,,,,,,,,,,,,,,,,,,,,,,,,,,,,,,,,,,,,,,,,,,,,,,,,,,,,,,,,,,,,,,,,,,,,,,,,,,,,,,,,,,,,,,,,,,,,,
21603000,8208,1187,-323,-332,1435,58407,18543,-1167,1021,86,-4,19920,-199,666,14712,499,720,264,14712,1497000,1528000,1733000,1677000,-673,771,-336,385,,,,,,,,,,,,,,,,,,,,,,,,,,,,,,,,,,,,,,,,,,,,,,,,,,,,,,,,,,,,,,,,,,,,,,,,,,,,,,,,,,,,,,,,,,,,,,,
21650000,8244,-144,74,279,875,61520,14454,-2510,509,-23,-2,14080,-119,690,15791,516,811,359,15791,1619000,1363000,1721000,1706000,-673,771,-347,398,,,,,,,,,,,,,,,,,,,,,,,,,,,,,,,,,,,,,,,,,,,,,,,,,,,,,,,,,,,,,,,,,,,,,,,,,,,,,,,,,,,,,,,,,,,,,,,
21703000,8805,557,-287,-680,1030,38510,22449,-68,44,41,-4,9320,-80,706,16532,561,841,423,16532,1591000,1519000,1754000,1699000,-1743,-1182,-978,-663,,,,,,,,,,,,,,,,,,,,,,,,,,,,,,,,,,,,,,,,,,,,,,,,,,,,,,,,,,,,,,,,,,,,,,,,,,,,,,,,,,,,,,,,,,,,,,,
21750000,9117,-14,8,487,1763,6954,19825,-191,-247,-4,-2,6280,-39,707,16579,598,814,428,16579,1592000,1543000,1758000,1713000,-1906,-1523,-1140,-911,,,,,,,,,,,,,,,,,,,,,,,,,,,,,,,,,,,,,,,,,,,,,,,,,,,,,,,,,,,,,,,,,,,,,,,,,,,,,,,,,,,,,,,,,,,,,,,
21803000,6813,105,-192,-180,1400,-22952,22144,-7,-514,5,-2,920,-39,707,16579,595,811,428,16579,1584000,1553000,1779000,1690000,-2045,-1666,-1216,-991,,,,,,,,,,,,,,,,,,,,,,,,,,,,,,,,,,,,,,,,,,,,,,,,,,,,,,,,,,,,,,,,,,,,,,,,,,,,,,,,,,,,,,,,,,,,,,,
21850000,4759,121,142,99,783,-31069,29468,-3486,-453,3,0,-439,-80,707,16579,629,716,428,16579,1581000,1503000,1800000,1703000,-2045,-1666,-1286,-1047,,,,,,,,,,,,,,,,,,,,,,,,,,,,,,,,,,,,,,,,,,,,,,,,,,,,,,,,,,,,,,,,,,,,,,,,,,,,,,,,,,,,,,,,,,,,,,,
21903000,3396,343,270,204,603,-24417,15186,-1961,-470,-88,-4,-1999,-1360,707,16579,636,603,428,16579,1621000,1476000,1743000,1752000,-2045,-1666,-1300,-1059,,,,,,,,,,,,,,,,,,,,,,,,,,,,,,,,,,,,,,,,,,,,,,,,,,,,,,,,,,,,,,,,,,,,,,,,,,,,,,,,,,,,,,,,,,,,,,,
21950000,2112,431,-106,18,1016,-37600,21778,-4158,-306,-405,-2,-1399,-5080,707,16579,656,571,428,16579,1485000,1586000,1769000,1748000,-2045,-1666,-1341,-1092,,,,,,,,,,,,,,,,,,,,,,,,,,,,,,,,,,,,,,,,,,,,,,,,,,,,,,,,,,,,,,,,,,,,,,,,,,,,,,,,,,,,,,,,,,,,,,,
22003000,464,-67,-454,-288,1898,-32168,35389,-3364,-44,-606,-2,-39,-6879,707,16579,690,664,428,16579,1510000,1569000,1792000,1717000,-2045,-1666,-1411,-1149,,,,,,,,,,,,,,,,,,,,,,,,,,,,,,,,,,,,,,,,,,,,,,,,,,,,,,,,,,,,,,,,,,,,,,,,,,,,,,,,,,,,,,,,,,,,,,,
22050000,1304,-1387,336,479,302,-125,49305,-7881,-16,-927,-2,1119,-9240,707,16579,706,596,428,16579,1585000,1413000,1781000,1777000,-1680,100,-1186,71,,,,,,,,,,,,,,,,,,,,,,,,,,,,,,,,,,,,,,,,,,,,,,,,,,,,,,,,,,,,,,,,,,,,,,,,,,,,,,,,,,,,,,,,,,,,,,,
22103000,1563,-185,314,197,636,-1651,48389,-5379,188,-860,-2,3720,-9680,707,16579,745,611,428,16579,1557000,1490000,1781000,1755000,-1680,100,-1251,74,,,,,,,,,,,,,,,,,,,,,,,,,,,,,,,,,,,,,,,,,,,,,,,,,,,,,,,,,,,,,,,,,,,,,,,,,,,,,,,,,,,,,,,,,,,,,,,
22150000,642,993,-539,-145,2175,4574,46436,-4707,453,-632,-2,5840,-8240,707,16579,775,754,428,16579,1530000,1526000,1791000,1740000,-1680,100,-1302,77,,,,,,,,,,,,,,,,,,,,,,,,,,,,,,,,,,,,,,,,,,,,,,,,,,,,,,,,,,,,,,,,,,,,,,,,,,,,,,,,,,,,,,,,,,,,,,,
22203000,1620,2019,-105,91,351,15255,27882,-2449,61,-211,-4,2320,-4440,706,16532,861,823,423,16532,1609000,1469000,1791000,1721000,-737,870,-634,749,,,,,,,,,,,,,,,,,,,,,,,,,,,,,,,,,,,,,,,,,,,,,,,,,,,,,,,,,,,,,,,,,,,,,,,,,,,,,,,,,,,,,,,,,,,,,,,
22250000,3006,2173,369,-54,1092,5795,843,-3364,-283,63,-4,-239,-1440,687,15654,870,802,347,15654,1611000,1449000,1769000,1755000,-646,1113,-562,969,,,,,,,,,,,,,,,,,,,,,,,,,,,,,,,,,,,,,,,,,,,,,,,,,,,,,,,,,,,,,,,,,,,,,,,,,,,,,,,,,,,,,,,,,,,,,,,
22303000,2560,47,81,-243,462,-25271,-21251,-2205,-373,4,-4,-1719,0,674,15067,895,748,296,15067,1512000,1490000,1690000,1763000,-801,1076,-717,963,,,,,,,,,,,,,,,,,,,,,,,,,,,,,,,,,,,,,,,,,,,,,,,,,,,,,,,,,,,,,,,,,,,,,,,,,,,,,,,,,,,,,,,,,,,,,,,
22350000,833,-2259,-108,246,1188,-37478,-20701,-2998,-348,-193,-6,-3159,39,672,14978,924,675,287,14978,1500000,1482000,1691000,1769000,-764,927,-706,856,,,,,,,,,,,,,,,,,,,,,,,,,,,,,,,,,,,,,,,,,,,,,,,,,,,,,,,,,,,,,,,,,,,,,,,,,,,,,,,,,,,,,,,,,,,,,,,
22403000,-394,-3621,-178,-244,933,-33267,-4283,-557,-457,-85,-4,-5639,2639,672,14978,942,0,1739000,1698000,-78,1351,-73,1273,,,,,,,,,,,,,,,,,,,,,,,,,,,,,,,,,,,,,,,,,,,,,,,,,,,,,,,,,,,,,,,,,,,,,,,,,,,,,,,,,,,,,,,,,,,,,,,,,,,
22450000,-803,-4527,-413,54,1871,-43643,-5687,-618,-551,156,-6,-7119,6319,672,14978,966,522,287,14978,1504000,1512000,1740000,1698000,-293,1174,-283,1134,,,,,,,,,,,,,,,,,,,,,,,,,,,,,,,,,,,,,,,,,,,,,,,,,,,,,,,,,,,,,,,,,,,,,,,,,,,,,,,,,,,,,,,,,,,,,,,
22503000,-3171,-3341,-128,-446,761,-48220,-25889,1273,-382,423,-6,-7559,8199,673,15022,954,405,291,15022,1473000,1568000,1697000,1722550000,-5139,-3843,-158,379,999,-41445,-32786,-3425,-284,572,-4,-8400,10400,673,15022,947,237,291,15022,1469000,1507000,1760000,1722603000,-5977,-5251,-44,-325,819,-31253,-49632,1517,-333,519,-4,-9799,11199,672,14978,981,251,287,14978,1531000,1514000,1689000,1724000,88,1301,86,1276,,,,,,,,,,,,,,,,,,,,,,,,,,,,,,,,,,,,,,,,,,,,,,,,,
22650000,-5185,-7190,-382,-138,1199,-42910,-34312,-1106,-399,458,-6,-9759,12440,671,14933,983,217,284,14933,1458000,1544000,1745000,1697000,131,1441,128,1417,,,,,,,,,,,,,,,,,,,,,,,,,,,,,,,,,,,,,,,,,,,,,,,,,,,,,,,,,,,,,,,,,,,,,,,,,,,,,,,,,,,,,,,,,,,,,,,
22703000,-5096,-8533,317,-213,493,-36685,-45787,1029,-410,344,-6,-9799,12480,671,14933,1006,191,284,14933,1495000,1541000,1665000,1752000,292,1393,294,1401,,,,,,,,,,,,,,,,,,,,,,,,,,,,,,,,,,,,,,,,,,,,,,,,,,,,,,,,,,,,,,,,,,,,,,,,,,,,,,,,,,,,,,,,,,,,,,,
22750000,-7138,-10271,327,-326,456,-31680,-49449,2494,-110,300,-4,-8400,13719,672,14978,1026,190,287,14978,1488000,1572000,1651000,1749000,330,1372,338,1408,,,,,,,,,,,,,,,,,,,,,,,,,,,,,,,,,,,,,,,,,,,,,,,,,,,,,,,,,,,,,,,,,,,,,,,,,,,,,,,,,,,,,,,,,,,,,,,
22803000,-7675,-10659,148,302,778,-15139,-39927,-7,24,267,-6,-7399,13719,671,1493284,14933,1513000,1512000,1699000,1733000,365,1267,367,1276,,,,,,,,,,,,,,,,,,,,,,,,,,,,,,,,,,,,,,,,,,,,,,,,,,,,,,,,,,,,,,,,,,,,,,,,,,,,,,,,,,,,,,,,,,,,,,,,,,
22850000,-6501,-9792,35,44,826,-2749,-36387,358,57,108,-4,-5839,11040,671,14933,1037,262,284,14933,1511000,1519000,1670000,1753000,47322903000,-3762,-11339,375,225,255,668,-24547,1273,101,-270,-4,-2599,8239,671,14933,1052,218,284,14933,1518000,1525000,1647000,1763000,278,1234,292,1298,,,,,,,,,,,,,,,,,,,,,,,,,,,,,,,,,,,,,,,,,,,,,,,,,,,,,,,,,,,,,,,,,,,,,,,
22950000,-2632,-11247,354,-24,-66,10800,3468,-1533,233,-430,-4,40,6319,708,16626,1066,100,4323003000,-1463,-8640,-180,-1,1163,12692,9449,-618,194,-282,-626,1060,21,432,16626,1557000,1545000,1725000,1775000,9,1000,9737000,1785000,153,993,163,1061,,,,,,,,,,,,,,,,,,,,,,,,,,,,,,,,,,,,,,,,,,,,,,,,,,,,,,,,,,,,,,,,,,,,,,,,,,,,,
23103000,669,-4788,-313,-470,1645,9213,2674,-2083,-23,-114,-4,400,3480,708,16626,1094,193,432,16626,1531000,1551000,1728000,1787000,97,921,106,1008,,,,,,,,,,,,,,,,,,,,,,,,,,,,,,,,,,,,,,,,,,,,,,,,,,,,,,,,,,,,,,,,,,,,,,,,,,,,,,,,,,,,,,,,,,,,,,,
23150000,2122,-4250,41,454,978,-6228,9388,-1838,-265,-206,-4,-919,1879,709,16673,1085,228,435,16673,1526000,1561000,1743000,177200023203000,2481,-2937,-352,-195,1492,-15017,19398,480,-450,-155,-2,-2679,1159,700,16252,1102,218,399,16252,1566000,1554000,1741000,1749000,75,832,82,917,,,,,,,,,,,,,,,,,,,,,,,,,,,,,,,,,,,,,,,,,,,,,,,,,,,,,,,,,,,,,,,,,,,,,,,,
23250000,1378,-1719,-211,-28,1083,-20327,13782,-2815,-448,-139,0,-3759,120,670,14889,1114,324,280,14889,1496000,1485000,1720000,1736000,-96,883,-107,984,,,,,,,,,,,,,,,,,,,,,,,,,,,,,,,,,,,,,,,,,,,,,,,,,,,,,,,,,,,,,,,,,,,,,,,,,,,,,,,,,,,,,,,,,,,,,,,
23303000,708,-839,-81,-512,1384,-25637,10975,3898,-843,31,-2,-8959,1199,670,14889,1141,356,280,14889,1581000,1494000,1673000,1710000,-256,515,-292,588,,,,,,,,,,,,,,,,,,,,,,,,,,,,,,,,,,,,,,,,,,,,,,,,,,,,,,,,,,,,,,,,,,,,,,,,,,,,,,,,,,,,,,,,,,,,,,,
23350000,255,-787,-593,-90,1743,-49746,8228,663,-968,95,-2,-10839,1879,670,14889,1160,394,280,14889,1514000,1516000,1692000,1725000,-46,842,-54,977,,,,,,,,,,,,,,,,,,,,,,,,,,,,,,,,,,,,,,,,,,,,,,,,,,,,,,,,,,,,,,,,,,,,,,,,,,,,,,,,,,,,,,,,,,,,,,,
23403000,-1449,-398,372,-26,189,-46145,-3612,1884,-962,132,-4,-12480,1919,668,14800,1200,405,271,14800,1545000,1503000,1682000,1724000,-148,930,-178,23450000,-2625,-688,384,-340,100,-54446,-6846,1701,-894,65,-2,-12879,1440,669,14844,1215,420,276,14844,1526000,1520000,1665000,1739000,-78,818,-95,995,,,,,,,,,,,,,,,,,,,,,,,,,,,,,,,,,,,,,,,,,,,,,,,,,,,,,,,,,,,,,,,,,,,,
23503000,-4657,-562,-38,470,1646,-52554,7801,785,-288,-38,-2,-7959,120,669,14844,1263,599,2723550000,-5229,-295,131,473,952,-18008,10670,541,-84,-18,1317,522,271,14800,1536000,1527000,1670000,1718000,-129,321,-170,4223650000,-4744,-950,-149,77,1093,10067,6214,53,323,-75,-9,14844,1327,502,276,14844,1509000,1514000,1682000,1739000,12,97,23703000,-2650,-446,87,-47,900,33566,8411,602,301,27,0,800,759,667,14756,1340,364,267,14756,1552000,1478000,1705000,1710000,-53,-83,-72,-111,,,,,,,,,,,,,,,,,,,,,,,,,,,,,,,,
23750000,-474,-1719,206,-367,1082,23861,-5748,724,362,-80,-2,3680,799,669,14844,1336,202,276,14844,1512000,1519000,1656000,1753000,93,-301,124,-402,,,,,,,,,,,,,,,,,,,,,,,,,,,,,,,,,,,,,,,,,,,,,,,,,,,,,,,,,,,,,,,,,,,,,,,,,,,,,,,,,,,,,,,,,,,,,,,
23803000,1160,-2123,-344,411,1216,35763,15430,-1961,404,-91,-2,5800,1080,668,14800,1348,175,271,14800,1556000,1428000,1750000,1691000,167,-172,226,-232,,,,,,,,,,,,,,,,,,,,,,,,,,,,,,,,,,,,,,,,,,,,,,,,,,,,,,,,,,,,,,,,,,,,,,,,,,,,,,,,,,,,,,,,,,,,,,,
23850000,1869,-2554,-298,361,1418,38815,17933,-2449,566,-128,-2,8360,1080,668,14800,1342,117,271,14800,1502000,1480000,1748000,1699000,-87,-232,-116,-312,,,,,,,,,,,,,,,,,,,,,,,,,,,,,,,,,,,,,,,,,,,,,,,,,,,,,,,,,,,,,,,,,,,,,,,,,,,,,,,,,,,,,,,,,,,,,,,
23903000,2715,-2287,0,-610,375,37777,2674,-130,649,-185,-2,10160,160,669,14844,1322,-68,276,14844,1466000,1551000,1674000,1749000,-162,-545,-214,-721,,,,,,,,,,,,,,,,,,,,,,,,,,,,,,,,,,,,,,,,,,,,,,,,,,,,,,,,,,,,,,,,,,,,,,,,,,,,,,,,,,,,,,,,,,,,,,,
23950000,3038,-2680,-10,-511,445,44064,16163,-374,583,-226,-4,9720,79,669,14844,1315,-87,276,14844,1512000,1502000,1710000,1719000,-6,-555,-7,-730,,,,,,,,,,,,,,,,,,,,,,,,,,,,,,,,,,,,,,,,,,,,,,,,,,,,,,,,,,,,,,,,,,,,,,,,,,,,,,,,,,,,,,,,,,,,,,,
24003000,5278,-2323,379,143,692,51449,18238,-7,321,-185,-6,8960,199,668,14800,1320,-198,271,14800,1583000,1420000,1708000,1717000,-61,-385,-81,-509,,,,,,,,,,,,,,,,,,,,,,,,,,,,,,,,,,,,,,,,,,,,,,,,,,,,,,,,,,,,,,,,,,,,,,,,,,,,,,,,,,,,,,,,,,,,,,,
24050000,5470,-2073,166,-408,853,34237,5299,2006,308,-170,-2,9000,120,670,14889,1308,-192,280,14889,1545000,1506000,1658000,1743000,85,-689,112,-902,,,,,,,,,,,,,,,,,,,,,,,,,,,,,,,,,,,,,,,,,,,,,,,,,,,,,,,,,,,,,,,,,,,,,,,,,,,,,,,,,,,,,,,,,,,,,,,
24103000,5500,-1568,-23,416,1089,23129,22449,-1411,273,-122,-4,8640,160,668,14800,1318,-71,271,14800,1531000,1461000,1740000,1700000,257,-655,338,-863,,,,,,,,,,,,,,,,,,,,,,,,,,,,,,,,,,,,,,,,,,,,,,,,,,,,,,,,,,,,,,,,,,,,,,,,,,,,,,,,,,,,,,,,,,,,,,,
24150000,4340,-874,181,-87,730,30758,15125,-68,277,10,-6,7520,999,668,14800,1332,-52,271,14800,1551000,1460000,1744000,1684000,25,-425,34,-566,,,,,,,,,,,,,,,,,,,,,,,,,,,,,,,,,,,,,,,,,,,,,,,,,,,,,,,,,,,,,,,,,,,,,,,,,,,,,,,,,,,,,,,,,,,,,,,
24203000,4761,-1281,184,566,460,21542,-2574,-1838,-17,73,0,4560,2119,669,14844,1321,-82,276,14844,1540000,1450000,1703000,1740000,154,-528,203,-698,,,,,,,,,,,,,,,,,,,,,,,,,,,,,,,,,,,,,,,,,,,,,,,,,,,,,,,,,,,,,,,,,,,,,,,,,,,,,,,,,,,,,,,,,,,,,,,
24250000,3797,-1139,367,435,1074,-2383,-3001,-2754,-31,197,-2,3440,3399,668,14800,1311,-115,271,14800,1453000,1519000,1733000,1721000,262,-583,344,-764,,,,,,,,,,,,,,,,,,,,,,,,,,,,,,,,,,,,,,,,,,,,,,,,,,,,,,,,,,,,,,,,,,,,,,,,,,,,,,,,,,,,,,,,,,,,,,,
24303000,2904,-1776,-580,-56,1429,2926,-12706,236,-215,490,-6,440,7400,668,14800,1314,-124,271,14800,1569000,1441000,1718000,1710000,286,-169,376,-222,,,,,,,,,,,,,,,,,,,,,,,,,,,,,,,,,,,,,,,,,,,,,,,,,,,,,,,,,,,,,,,,,,,,,,,,,,,,,,,,,,,,,,,,,,,,,,,
24350000,1977,-3535,25,258,1310,-6594,-30772,968,-169,427,-4,40,8440,669,14844,1310,-135,276,14844,1544000,1484000,1681000,1736000,438,-436,573,-571,,,,,,,,,,,,,,,,,,,,,,,,,,,,,,,,,,,,,,,,,,,,,,,,,,,,,,,,,,,,,,,,,,,,,,,,,,,,,,,,,,,,,,,,,,,,,,,
24403000,696,-3849,-95,-29,815,-8914,-23875,-1350,-67,505,-4,-79,9639,670,14889,1292,-199,280,14889,1510000,1485000,1732000,1714000,530,-352,685,-455,,,,,,,,,,,,,,,,,,,,,,,,,,,,,,,,,,,,,,,,,,,,,,,,,,,,,,,,,,,,,,,,,,,,,,,,,,,,,,,,,,,,,,,,,,,,,,,
24450000,916,-4360,82,211,447,-9036,-31383,-923,-83,485,-2,-39,9920,669,14844,1284,-220,276,14844,1517000,1484000,1712000,1726000,379,-395,486,-507,,,,,,,,,,,,,,,,,,,,,,,,,,,,,,,,,,,,,,,,,,,,,,,,,,,,,,,,,,,,,,,,,,,,,,,,,,,,,,,,,,,,,,,,,,,,,,,
24503000,509,-4594,-53,-331,1646,2255,-40294,-1411,-37,405,-4,80,9240,668,14800,1272,-259,271,14800,1543000,1441000,1679000,1762000,390,-322,497,-410,,,,,,,,,,,,,,,,,,,,,,,,,,,,,,,,,,,,,,,,,,,,,,,,,,,,,,,,,,,,,,,,,,,,,,,,,,,,,,,,,,,,,,,,,,,,,,,
24550000,-487,-6359,-322,-254,1278,-3115,-34923,1762,52,153,-4,120,8120,668,14800,1282,-179,271,14800,1523000,1513000,1640000,1764000,470,-312,603,-400,,,,,,,,,,,,,,,,,,,,,,,,,,,,,,,,,,,,,,,,,,,,,,,,,,,,,,,,,,,,,,,,,,,,,,,,,,,,,,,,,,,,,,,,,,,,,,,
24603000,-1051,-6597,-10,66,1136,-6411,-13988,114,109,-20,-4,200,6359,669,14844,1255,-180,276,14844,1502000,1511000,1708000,1722000,474,-314,595,-395,,,,,,,,,,,,,,,,,,,,,,,,,,,,,,,,,,,,,,,,,,,,,,,,,,,,,,,,,,,,,,,,,,,,,,,,,,,,,,,,,,,,,,,,,,,,,,,
24650000,-74,-6213,92,-43,854,7382,-72,2067,27,-137,-2,240,4640,672,14978,1266,-179,287,14978,1573000,1472000,1680000,1732000,652,-305,825,-387,,,,,,,,,,,,,,,,,,,,,,,,,,,,,,,,,,,,,,,,,,,,,,,,,,,,,,,,,,,,,,,,,,,,,,,,,,,,,,,,,,,,,,,,,,,,,,,
24703000,432,-5331,81,113,526,2560,10059,724,11,-182,-6,559,3239,670,14889,1240,24750000,1133,-5601,353,318,402,-8120,11707,-313,-25,-209,-2,840,3199,670,14889,1228,-255,280,14889,1499000,1513000,1716000,1722000,303,-294,372,-361,,,,,,,,,,,,,,,,,,,,,,,,,,,,,,,,,,,,,,,,,,,,,,,,,,,,,,,,,,,,,,,,,,,,,,,,,,,,,,
24803000,263,-4150,-252,-56,1327,8786,10120,175,57,-93,-6,920,3080,670,14889,1223,-207,280,14889,1546000,1463000,1720000,1714000,272,-278,333,-341,,,,,,,,,,,,,,,,,,,,,,,,,,,,,,,,,,,,,,,,,,,,,,,,,,,,,,,,,,,,,,,,,,,,,,,,,,,,,,,,,,,,,,,,,,,,,,,
24850000,956,-3421,-131,257,1310,8969,5299,1273,3,-54,-4,1000,2799,671,14933,1209,-222,284,14933,1547000,1483000,1693000,1730000,292,-340,353,-412,,,,,,,,,,,,,,,,,,,,,,,,,,,,,,,,,,,,,,,,,,,,,,,,,,,,,,,,,,,,,,,,,,,,,,,,,,,,,,,,,,,,,,,,,,,,,,,
24903000,730,-3413,-140,-405,878,2316,6275,-1106,30,-53,-2,1080,2799,671,14933,1197,-213,284,14933,1525064,-334,,,,,,,,,,,,,,,,,,,,,,,,,,,,,,,,,,,,,,,,,,,,,,,,,,,,,,,,,,,,,,,,,,,,,,,,,,,,,,,,,,,,,,,,,,,,,,,,,,,,,
24950000,834,-2835,-252,-27,793,3536,7130,-1167,21,31,0,1080,3199,670,14889,1191,-155,280,14889,1519000,1479000,1731000,1719000,293,-229,349,-273,,,,,,,,,,,,,,,,,,,,,,,,,,,,,,,,,,,,,,,,,,,,,,,,,,,,,,,,,,,,,,,,,,,,,,,,,,,,,,,,,,,,,,,,,,,,,,,
25003000,802,-2932,95,-310,823,6222,599,-6294,24,23,0,1080,3199,671,14933,1178,-187,284,14933,1505000,1404000,1753000,1751000,470,-67,554,-79,,,,,,,,,,,,,,,,,,,,,,,,,,,,,,,,,,,,,,,,,,,,,,,,,,,,,,,,,,,,,,,,,,,,,,,,,,,,,,,,,,,,,,,,,,,,,,,
25050000,692,-3015,-352,20,1202,13729,-7945,-2815,37,50,0,1119,3599,673,15022,1153,-211,291,15022,1535000,1434000,1723000,1748000,290,-1,335,-1,,,,,,,,,,,,,,,,,,,,,,,,,,,,,,,,,,,,,,,,,,,,,,,,,,,,,,,,,,,,,,,,,,,,,,,,,,,,,,,,,,,,,,,,,,,,,,,
25103000,1371,-3522,144,414,1118,6771,-8000,1385000,1729000,1772000,477,60,552,69,,,,,,,,,,,,,,,,,,,,,,,,,,,,,,,,,,,,,,,,,,,,,,,,,,,,,,,,,,,,,,,,,,,,,,,,,,,,,,,,,,,,,,,,,,,,,,,,,,,,,,,,,,,,
25150000,559,-3990,286,456,1207,8297,-12156,2372,-3,11,-4,520,4119,683,15472,1120,-310,332,15472,1572000,1469000,1675000,1746000,451,26,50625203000,409,-3515,-476,2,1865,-8792,-9532,-3731,-32,98,-81000,1493000,1746000,1759000,497,39,536,42,,,,,,,,,,,,,,,,,,,,,,,,,,,,,,,,,,,,,,,,,,,,,,,,,,,,,,,,,,,,,,,,,,,,,,,,,,,,,,
25250000,384,-3821,-201,565,934,1522,-4283,-5989,-96,78,-4,-719,4719,704,16438,1064,-374,415,16438,1545000,1440000,1794000,1772000,350,227,3725303000,848,-3998,-117,168,783,-3848,-14781,-4097,-171,97,-6,-1119,5120,705,16485,1056,-306,419,16485,1539000,1471000,1759000,1725350000,256,-4788,442,620,808,-5068,-14171,-3792,-148,32,-4,-1439,5160,705,16485,1034,-298,419,16485,1569000,1444000,1734000,1814000,250,294,259,304,,,,,,,,,,,,,,,,,,,,,,,,,,,,,,,,,,,,,,,,,,,,,,
25403000,-1861,-5273,-297,216,2062,-13735,-6968,-8003,8,-13,-6,-1759,5120,706,16532,1024,-242,423,16532,1485000,1469000,1784000,1812000,305,303,312,310,,,,,,,,,,,,,,,,,,,,,,,,,,,,,,,,,,,,,,,,,,,,,,,,,,,,,,,,,,,,,,,,,,,,,,,,,,,,,,,,,,,,,,,,,,,,,,,
25450000,-2052,-5672,56,-247,1295,6405,-621,-5256,15,-83,-4,-1879,4719,705,16485,1016,-189,419,16485,1565000,1417000,1779000,1789000,253,358,257,364,,,,,,,,,,,,,,,,,,,,,,,,,,,,,,,,,,,,,,,,,,,,,,,,,,,,,,,,,,,,,,,,,,,,,,,,,,,,,,,,,,,,,,,,,,,,,,,
25503000,-1657,-4786,534,452,853,5490,-2330,-8919,-47,-86,-4,-2199,3800,707,16579,1016,-184,428,16579,1539000,1386000,1767000,1838000,45,337,46,342,,,,,,,,,,,,,,,,,,,,,,,,,,,,,,,,,,,,,,,,,,,,,,,,,,,,,,,,,,,,,,,,,,,,,,,,,,,,,,,,,,,,,,,,,,,,,,,
25550000,-874,-4616,49,-409,888,4269,-10509,-679,-119,-148,-4,-2239,2920,707,16579,986,-242,428,16579,1603000,1447000,1690000,1832000,45,246,45,25603000,-866,-4951,101,-242,1023,-2200,10609,-5501,-36,-243,-6,-1279,2160,706,16532,988,-120,423,16532,1531000,1447000,1774000,1804000,131,600,129,593,,,,,,,,,,,,,,,,,,,,,,,,,,,,,,,,,,,,,,,,,,,,,,,,,,,,,,,,,,,,,,,,,,,,
25650000,-1681,-3470,-45,-321,374,-10073,8839,-4463,87,-177,-4,-679,1440,708,16626,986,-28,432,16626,1480000,1522000,1779000,1792000,-180,455,-178,448,,,,,,,,,,,,,,,,,,,,,,,,,,,,,,,,,,,,,,,,,,,,,,,,,,,,,,,,,,,,,,,,,,,,,,,,,,,,,,,,,,,,,,,,,,,,,,,
25703000,-1233,-3305,30,-471,1121,13851,1820,-1411,86,-190,-4,-239,1119,707,16579,987,-30,428,16579,1598000,1435000,1708000,1830000,-324,657,-319,648,,,,,,,,,,,,,,,,,,,,,,,,,,,,,,,,,,,,,,,,,,,,,,,,,,,,,,,,,,,,,,,,,,,,,,,,,,,,,,,,,,,,,,,,,,,,,,,
25750000,-255,-2304,-573,187,1843,-5007,15125,-1900,-2,-131,-4,-279,799,708,16626,993,46,432,16626,1538000,1496000,1760000,1788000,-153,398,-152,395,,,,,,,,,,,,,,,,,,,,,,,,,,,,,,,,,,,,,,,,,,,,,,,,,,,,,,,,,,,,,,,,,,,,,,,,,,,,,,,,,,,,,,,,,,,,,,,
25803000,-1135,-1321,-201,-137,861,-2932,14515,-4829,109,-83,-4,120,360,707,16579,977,-9,428,16579,1483000,1505000,1785000,1793000,-198,626,-194,612,,,,,,,,,,,,,,,,,,,,,,,,,,,,,,,,,,,,,,,,,,,,,,,,,,,,,,,,,,,,,,,,,,,,,,,,,,,,,,,,,,,,,,,,,,,,,,,
25850000,-146,-1719,509,474,501,-1162,12928,-4402,-137,-129,-4,-1719,239,707,16579,990,78,428,16579,1556000,1428000,1758000,1816000,-167,727,-165,720,,,,,,,,,,,,,,,,,,,,,,,,,,,,,,,,,,,,,,,,,,,,,,,,,,,,,,,,,,,,,,,,,,,,,,,,,,,,,,,,,,,,,,,,,,,,,,,
25903000,-481,-165,-89,510,1482,-6228,17261,-1900,-205,13,-6,-2839,320,705,16485,983,72,419,16485,1562000,1454000,1782000,1766000,-328,520,-322,511,,,,,,,,,,,,,,,,,,,,,,,,,,,,,,,,,,,,,,,,,,,,,,,,,,,,,,,,,,,,,,,,,,,,,,,,,,,,,,,,,,,,,,,,,,,,,,,
25950000,-1361,-203,-16,-560,1506,-19473,10731,-3609,-170,45,0,-3319,720,707,16579,967,17,428,16579,1495000,1509000,1780000,1787000,-412,1008,-399,975,,,,,,,,,,,,,,,,,,,,,,,,,,,,,,,,,,,,,,,,,,,,,,,,,,,,,,,,,,,,,,,,,,,,,,,,,,,,,,,,,,,,,,,,,,,,,,,
26003000,-994,-2254,663,-210,384,-15261,111,-801,-269,-105,-2,-4079,1040,705,16485,957,-53,419,16485,1555000,1481000,1715000,1818000,-474,861,-453,824,,,,,,,,,,,,,,,,,,,,,,,,,,,,,,,,,,,,,,,,,,,,,,,,,,,,,,,,,,,,,,,,,,,,,,,,,,,,,,,,,,,,,,,,,,,,,,,
26050000,-1962,-1050,-309,164,1455,-31558,10242,3837,-258,61,-4,-4919,1760,706,16532,971,7,423,16532,1541000,1563000,1744000,1748,-304,727,,,,,,,,,,,,,,,,,,,,,,,,,,,,,,,,,,,,,,,,,,,,,,,,,,,,,,,,,,,,,,,,,,,,,,,,,,,,,,,,,,,,,,,,,,,,,,,,,
26103000,-2095,-700,-526,-222,1598,-36196,12745,968,-274,123,-6,-5239,2119,706,16532,963,41,423,16532,1493000,1566000,1775000,1749000,-325,638,-313,614,,,,,,,,,,,,,,,,,,,,,,,,,,,,,,,,,,,,,,,,,,,,,,,,,,,,,,,,,,,,,,,,,,,,,,,,,,,,,,,,,,,,,,,,,,,,,,,
26150000,-2247,-790,295,116,1052,-15933,9327,1273,-261,116,-4,-5239,2119,705,16485,973,56,419,16485,1568000,1496000,1769000,1748000,-460,950,-448,924,,,,,,,,,,,,,,,,,,,,,,,,,,,,,,,,,,,,,,,,,,,,,,,,,,,,,,,,,,,,,,,,,,,,,,,,,,,,,,,,,,,,,,,,,,,,,,,
26203000,-1433,-1580,362,658,743,-17031,-2757,-2876,-328,74,-4,-5199,2439,706,16532,969,37,423,16532,1564000,1438000,1760000,1799000,-246,978,-238,947,,,,,,,,,,,,,,,,,,,,,,,,,,,,,,,,,,,,,,,,,,,,,,,,,,,,,,,,,,,,,,,,,,,,,,,,,,,,,,,,,,,,,,,,,,,,,,,
26250000,-2684,-2177,2,-235,885,-27163,-6175,3959,-188,26,-4,-4839,2479,705,16485,963,-17,419,16485,1560000,1548000,1710000,1779000,-257,543,-248,523,,,,,,,,,,,,,,,,,,,,,,,,,,,,,,,,,,,,,,,,,,,,,,,,,,,,,,,,,,,,,,,,,,,,,,,,,,,,,,,,,,,,,,,,,,,,,,,
26303000,-3951,-2842,291,-80,516,-21060,6580,724,-11,-3,-4,-4079,2799,705,16485,957,21,419,16485,1532000,1532000,1758000,1764000,-178,781,-171,747,,,,,,,,,,,,,,,,,,,,,,,,,,,,,,,,,,,,,,,,,,,,,,,,,,,,,,,,,,,,,,,,,,,,,,,,,,,,,,,,,,,,,,,,,,,,,,,
26350000,-4890,-2568,-136,-362,1081,-9280,-2513,1640,88,48,-4,-3879,3120,706,16532,984,123,423,16532,1538000,1540000,1746000,1766000,-348,506,-343,498,,,,,,,,,,,,,,,,,,,,,,,,,,,,,,,,,,,,,,,,,,,,,,,,,,,,,,,,,,,,,,,,,,,,,,,,,,,,,,,,,,,,,,,,,,,,,,,
26403000,-3366,-3152,-129,-539,1343,1828,-4039,2433,28,39,-4,-3039,3599,707,16579,991,175,428,16579,1577000,1513000,1723000,1781000,-401,473,-398,469,,,,,,,,,,,,,,,,,,,,,,,,,,,,,,,,,,,,,,,,,,,,,,,,,,,,,,,,,,,,,,,,,,,,,,,,,,,,,,,,,,,,,,,,,,,,,,,
26450000,-1903,-2584,-295,321,1699,-15689,8045,2616,-64,88,-4,-2639,3599,706,16532,993,224,423,16532,1532000,1561000,1760000,1741000,-216,321,-214,319,,,,,,,,,,,,,,,,,,,,,,,,,,,,,,,,,,,,,,,,,,,,,,,,,,,,,,,,,,,,,,,,,,,,,,,,,,,,,,,,,,,,,,,,,,,,,,,
26503000,-1698,-2610,-152,166,995,-12698,-1231,114,-22,89,-6,-1959,3640,706,16532,1014,280,423,16532,1496000,1555000,1757000,1766000,-310,238,-314,241,,,,,,,,,,,,,,,,,,,,,,,,,,,,,,,,,,,,,,,,,,,,,,,,,,,,,,,,,,,,,,,,,,,,,,,,,,,,,,,,,,,,,,,,,,,,,,,
26550000,-291,-3927,453,455,284,485,4383,724,-89,-59,-6,-1319,3239,706,16532,1021,230,423,16532,1584000,1478000,1744000,1776000,-347,145,-354,148,,,,,,,,,,,,,,,,,,,,,,,,,,,,,,,,,,,,,,,,,,,,,,,,,,,,,,,,,,,,,,,,,,,,,,,,,,,,,,,,,,,,,,,,,,,,,,,
26603000,-22,-3931,-37,547,1306,-6411,15247,1456,-15,-67,-4,-199,3159,706,16532,1031,239,423,16532,1542000,1537000,1772000,1739000,-120,-19,-123,-20,,,,,,,,,,,,,,,,,,,,,,,,,,,,,,,,,,,,,,,,,,,,,,,,,,,,,,,,,,,,,,,,,,,,,,,,,,,,,,,,,,,,,,,,,,,,,,,
26650000,-521,-3535,-128,-644,1218,-4397,6336,1578,52,-39,-6,80,3080,707,16579,1061,307,428,16579,1512000,1570000,1752000,1760000,-241,122,-255,130,,,,,,,,,,,,,,,,,,,,,,,,,,,,,,,,,,,,,,,,,,,,,,,,,,,,,,,,,,,,,,,,,,,,,,,,,,,,,,,,,,,,,,,,,,,,,,,
26703000,138,-3586,376,58,425,7809,2064,3287,-1,8,-6,120,3680,705,16485,1057,239,419,16485,1587000,1514000,1723000,1767000,-328,-126,-347,-133,,,,,,,,,,,,,,,,,,,,,,,,,,,,,,,,,,,,,,,,,,,,,,,,,,,,,,,,,,,,,,,,,,,,,,,,,,,,,,,,,,,,,,,,,,,,,,,
26750000,388,-3398,-402,3,1351,4635,5360,3287,74,59,-2,1240,4080,706,16532,1074,286,423,16532,1555000,1554000,1738000,1751000,-122,-251,-131,-270,,,,,,,,,,,,,,,,,,,,,,,,,,,,,,,,,,,,,,,,,,,,,,,,,,,,,,,,,,,,,,,,,,,,,,,,,,,,,,,,,,,,,,,,,,,,,,,
26803000,814,-2822,-182,-238,746,3964,7496,53,260,176,2,3800,4839,710,16720,1082,272,439,16720,1501000,1574000,1783000,1743000,-61,-396,-66,-428,,,,,,,,,,,,,,,,,,,,,,,,,,,,,,,,,,,,,,,,,,,,,,,,,,,,,,,,,,,,,,,,,,,,,,,,,,,,,,,,,,,,,,,,,,,,,,,
26850000,1039,-3711,331,44,996,18795,-1231,1701,300,164,-4,4480,5599,706,16532,1093,290,423,16532,1542000,1545000,1760000,1746000,-232,-296,-253,-324,,,,,,,,,,,,,,,,,,,,,,,,,,,,,,,,,,,,,,,,,,,,,,,,,,,,,,,,,,,,,,,,,,,,,,,,,,,,,,,,,,,,,,,,,,,,,,,
26903000,2124,-3446,338,166,1159,28195,-9044,53,324,344,-4,5840,7400,706,16532,1092,302,423,16532,1573000,1485000,1764000,1757000,-80,-373,-88,-408,,,,,,,,,,,,,,,,,,,,,,,,,,,,,,,,,,,,,,,,,,,,,,,,,,,,,,,,,,,,,,,,,,,,,,,,,,,,,,,,,,,,,,,,,,,,,,,
26950000,3931,-4326,-443,-370,2030,18246,-12950,1212,201,268,-4,6240,7400,707,16579,1087,277,428,16579,1552000,1532000,1743000,1769000,-39,-590,-43,-642,,,,,,,,,,,,,,,,,,,,,,,,,,,,,,,,,,,,,,,,,,,,,,,,,,,,,,,,,,,,,,,,,,,,,,,,,,,,,,,,,,,,,,,,,,,,,,,
27003000,4891,-5259,156,-336,1150,19284,-22288,1701,114,130,-4,6200,6760,706,16532,1119,241,423,16532,1565000,1522000,1719000,1784000,-68,-548,-76,-614,,,,,,,,,,,,,,,,,,,,,,,,,,,,,,,,,,,,,,,,,,,,,,,,,,,,,,,,,,,,,,,,,,,,,,,,,,,,,,,,,,,,,,,,,,,,,,,
27050000,6093,-6447,-91,621,984,4025,-11241,2311,5,-32,-4,6160,6080,705,16485,1125,187,419,16485,1546000,1551000,1720000,1777000,138,-478,155,-538,,,,,,,,,,,,,,,,,,,,,,,,,,,,,,,,,,,,,,,,,,,,,,,,,,,,,,,,,,,,,,,,,,,,,,,,,,,,,,,,,,,,,,,,,,,,,,,
27103000,6081,-6189,93,384,1119,5734,-5748,2067,10,-13,-2,6200,6040,706,16532,1145,277,423,16532,1558000,1535000,1744000,1753000,-17,-534,-20,-611,,,,,,,,,,,,,,,,,,,,,,,,,,,,,,,,,,,,,,,,,,,,,,,,,,,,,,,,,,,,,,,,,,,,,,,,,,,,,,,,,,,,,,,,,,,,,,,
27150000,6335,-6341,330,278,491,15621,-72,3654,-43,-33,-4,5840,5959,706,16532,1135,210,423,16532,1618000,1492000,1738000,1745000,-138,-554,-157,-629,,,,,,,,,,,,,,,,,,,,,,,,,,,,,,,,,,,,,,,,,,,,,,,,,,,,,,,,,,,,,,,,,,,,,,,,,,,,,,,,,,,,,,,,,,,,,,,
27203000,6973,-6529,247,463,301,7748,294,1212,-172,-49,-2,5000,5959,707,16579,1171,253,428,16579,1620000,1456000,1746000,1762000,24,-375,29,-440,,,,,,,,,,,,,,,,,,,,,,,,,,,,,,,,,,,,,,,,,,,,,,,,,,,,,,,,,,,,,,,,,,,,,,,,,,,,,,,,,,,,,,,,,,,,,,,
27250000,6249,-5833,75,-446,916,851,-10570,846,-182,0,-6,4160,5840,705,16485,1197,349,419,16485,1571000,1502000,1719000,1790000,19,-532,23,-637,,,,,,,,,,,,,,,,,,,,,,,,,,,,,,,,,,,,,,,,,,,,,,,,,,,,,,,,,,,,,,,,,,,,,,,,,,,,,,,,,,,,,,,,,,,,,,,
27303000,5548,-5042,119,-573,1576,-5740,3651,-984,-190,73,-4,3360,5880,705,16485,1223,385,419,16485,1543000,1513000,1779000,1752000,63,-499,77,-610,,,,,,,,,,,,,,,,,,,,,,,,,,,,,,,,,,,,,,,,,,,,,,,,,,,,,,,,,,,,,,,,,,,,,,,,,,,,,,,,,,,,,,,,,,,,,,,
27350000,4695,-3917,-157,352,941,851,-11607,2128,-144,167,-6,3040,5840,705,16485,1242,409,419,16485,1594000,1496000,1738000,1758000,-14,-752,-18,-935,,,,,,,,,,,,,,,,,,,,,,,,,,,,,,,,,,,,,,,,,,,,,,,,,,,,,,,,,,,,,,,,,,,,,,,,,,,,,,,,,,,,,,,,,,,,,,,
27403000,3614,-3643,-315,-469,1588,-12088,-11302,2433,-53,195,-2,3000,5880,707,16579,1271,483,428,16579,1518000,1587000,1748000,1746000,66,-671,84,-854,,,,,,,,,,,,,,,,,,,,,,,,,,,,,,,,,,,,,,,,,,,,,,,,,,,,,,,,,,,,,,,,,,,,,,,,,,,,,,,,,,,,,,,,,,,,,,,
27450000,3714,-4993,310,439,387,3292,-19481,1334,52,42,-2,4320,5480,706,16532,1284,431,423,16532,1563000,1527000,1712000,1789000,161,-382,207,-491,,,,,,,,,,,,,,,,,,,,,,,,,,,,,,,,,,,,,,,,,,,,,,,,,,,,,,,,,,,,,,,,,,,,,,,,,,,,,,,,,,,,,,,,,,,,,,,
27503000,2962,-4549,-403,133,1247,3903,-3673,1151,237,81,-4,5680,5480,674,15067,1329,532,296,15067,1496000,1514000,1748000,1700000,148,-510,197,-678,,,,,,,,,,,,,,,,,,,,,,,,,,,,,,,,,,,,,,,,,,,,,,,,,,,,,,,,,,,,,,,,,,,,,,,,,,,,,,,,,,,,,,,,,,,,,,,
27550000,2424,-5105,104,306,1309,28073,-8677,1456,322,1,-4,6120,5120,674,15067,1336,570,296,15067,1579000,1426000,1706000,1739000,-18,-682,-24,-911,,,,,,,,,,,,,,,,,,,,,,,,,,,,,,,,,,,,,,,,,,,,,,,,,,,,,,,,,,,,,,,,,,,,,,,,,,,,,,,,,,,,,,,,,,,,,,,
27603000,2161,-5146,-253,-79,1086,18063,-10509,2006,383,-12,-2,6560,5000,674,15067,1347,522,296,15067,1521000,1507000,1702000,1734000,-89,-713,-121,-961,,,,,,,,,,,,,,,,,,,,,,,,,,,,,,,,,,,,,,,,,,,,,,,,,,,,,,,,,,,,,,,,,,,,,,,,,,,,,,,,,,,,,,,,,,,,,,,
27650000,2404,-5826,-363,239,1982,23312,-4039,1640,380,-58,-4,6760,5160,672,14978,1364,491,287,14978,1535000,1480000,1688000,1749000,128,-601,174,-820,,,,,,,,,,,,,,,,,,,,,,,,,,,,,,,,,,,,,,,,,,,,,,,,,,,,,,,,,,,,,,,,,,,,,,,,,,,,,,,,,,,,,,,,,,,,,,,
27703000,1526,-6168,167,-412,376,23861,-2269,2311,467,-122,-4,6880,4760,673,15022,1393,405,291,15022,1507000,1524000,1682000,1747000,-137,-573,-191,-798,,,,,,,,,,,,,,,,,,,,,,,,,,,,,,,,,,,,,,,,,,,,,,,,,,,,,,,,,,,,,,,,,,,,,,,,,,,,,,,,,,,,,,,,,,,,,,,
27750000,2315,-6871,262,-200,645,19467,1759,1395,391,-226,0,6800,4279,673,15022,1398,400,291,15022,1526000,1495000,1695000,1742000,-237,-623,-332,-872,,,,,,,,,,,,,,,,,,,,,,,,,,,,,,,,,,,,,,,,,,,,,,,,,,,,,,,,,,,,,,,,,,,,,,,,,,,,,,,,,,,,,,,,,,,,,,,
27803000,3181,-6673,-142,407,1304,26913,16346,2067,315,-299,-4,6800,3239,673,15022,1434,379,291,15022,1578000,1443000,1698000,1733000,-179,-519,-257,-745,,,,,,,,,,,,,,,,,,,,,,,,,,,,,,,,,,,,,,,,,,,,,,,,,,,,,,,,,,,,,,,,,,,,,,,,,,,,,,,,,,,,,,,,,,,,,,,
27850000,3629,-5606,-73,-177,1504,15927,23914,419,248,-307,-4,355,287,14978,1501000,1503000,1733000,1714000,-229,-269,-329,-386,,,,,,,,,,,,,,,,,,,,,,,,,,,,,,,,,,,,,,,,,,,,,,,,,,,,,,,,,,,,,,,,,,,,,,,,,,,,,,,,,,,,,,,,,,,,,,,,,,,,
27903000,3331,-5309,1,19,1073,16476,15919,1884,135,-372,0,4880,1040,672,14978,1465,340,287,14978,1562000,1468000,1687000,1741000,-331,-347,-485,-509,,,,,,,,,,,,,,,,,,,,,,,,,,,,,,,,,,,,,,,,,,,,,,,,,,,,,,,,,,,,,,,,,,,,,,,,,,,,,,,,,,,,,,,,,,,,,,,
27950000,2792,-4115,-273,154,1453,13607,28187,3287,77,-299,-4,3680,680,672,14978,1481,362,287,14978,1595000,1444000,1700000,1714000,-134,-499,-199,-740,,,,,,,,,,,,,,,,,,,,,,,,,,,,,,,,,,,,,,,,,,,,,,,,,,,,,,,,,,,,,,,,,,,,,,,,,,,,,,,,,,,,,,,,,,,,,,,
28003000,2587,-3300,167,-271,123,-552,23853,3348,-26,-228,0,2280,680,673,15022,1487,301,291,15022,1532000,1525000,1702000,1710000,-298,-386,-444,-574,,,,,,,,,,,,,,,,,,,,,,,,,,,,,,,,,,,,,,,,,,,,,,,,,,,,,,,,,,,,,,,,,,,,,,,,,,,,,,,,,,,,,,,,,,,,,,,
28050000,1687,-2341,74,-205,769,-6838,13599,1212,-39,-148,0,1240,639,673,15022,1493,265,291,15022,1523000,1504000,1706000,1727000,-328,-241,-490,-360,,,,,,,,,,,,,,,,,,,,,,,,,,,,,,,,,,,,,,,,,,,,,,,,,,,,,,,,,,,,,,,,,,,,,,,,,,,,,,,,,,,,,,,,,,,,,,,
28103000,-75,-1765,-214,157,1410,-979,19764,2433,17,-98,-4,120,639,673,15022,1505,196,291,15022,1566000,1474000,1715000,1710000,-205,-169,-309,-255,,,,,,,,,,,,,,,,,,,,,,,,,,,,,,,,,,,,,,,,,,,,,,,,,,,,,,,,,,,,,,,,,,,,,,,,,,,,,,,,,,,,,,,,,,,,,,,
28150000,-705,-1772,-96,-213,1075,-7998,10120,-374,75,-91,0,160,720,675,15112,1511,176,300,15112,1495000,1515000,1731000,1722000,-319,-130,-482,-197,,,,,,,,,,,,,,,,,,,,,,,,,,,,,,,,,,,,,,,,,,,,,,,,,,,,,,,,,,,,,,,,,,,,,,,,,,,,,,,,,,,,,,,,,,,,,,,
28203000,-413,-1786,405,438,754,-4031,7069,480,43,-82,-2,80,840,675,15112,1507,173,300,15112,1537000,1483000,1717000,1727000,-228,-3,-344,-5,,,,,,,,,,,,,,,,,,,,,,,,,,,,,,,,,,,,,,,,,,,,,,,,,,,,,,,,,,,,,,,,,,,,,,,,,,,,,,,,,,,,,,,,,,,,,,,
28250000,-1014,-1476,429,173,514,-1162,294,3837,39,42,-4,-559,1960,674,15067,1531,149,296,15067,1559000,1508000,1680000,1726000,-28303000,-1827,-1957,-529,150,1656,-3298,-6175,3287,79,28,-4,-919,2279,672,14978,1521,177,287,14978,1546000,1512000,1681000,1728350000,-1555,-2341,-124,351,1036,-2139,-7152,3104,58,47,-6,-879,2880,672,14978,1521,102,287,14978,1559000,1492000,1683000,1728000,25,129,38,197,,,,,,,,,,,,,,,,,,,,,,,,,,,,,,,,,,,,,,,,,,,,,,,,
28403000,-2158,-1777,83,-341,350,-3176,2918,1823,111,162,-2,-879,3640,673,15022,1518,-14,291,15022,1522000,1518000,1729000,1694000,136,192,207,292,,,,,,,,,,,,,,,,,,,,,,,,,,,,,,,,,,,,,,,,,,,,,,,,,,,,,,,,,,,,,,,,,,,,,,,,,,,,,,,,,,,,,,,,,,,,,,,
28450000,-2192,-1915,-50,184,679,424,-15758,1762,142,342,0,-559,5840,672,14978,1520,5,287,14978,1519000,1521000,1714000,1706000,-102,241,-156,367,,,,,,,,,,,,,,,,,,,,,,,,,,,,,,,,,,,,,,,,,,,,,,,,,,,,,,,,,,,,,,,,,,,,,,,,,,,,,,,,,,,,,,,,,,,,,,,
28503000,-1216,-3610,50,-79,1053,3353,-26317,175,57,236,-2,-559,6319,671,14933,1521,-9,284,14933,1535000,1482000,1694000,1745000,29,212,45,323,,,,,,,,,,,,,,,,,,,,,,,,,,,,,,,,,,,,,,,,,,,,,,,,,,,,,,,,,,,,,,,,,,,,,,,,,,,,,,,,,,,,,,,,,,,,,,,
28550000,-1443,-4700,-238,-290,1266,-735,-18321,1151,115,165,-2,-119,6600,672,14978,1522,-25,287,14978,1525000,1505000,1695000,1732000,182,308,277,469,,,,,,,,,,,,,,,,,,,,,,,,,,,,,,,,,,,,,,,,,,,,,,,,,,,,,,,,,,,,,,,,,,,,,,,,,,,,,,,,,,,,,,,,,,,,,,,
28603000,289,-6211,126,276,533,-4519,-12156,-618,-35,61,-2,-119,6919,673,15022,1538,-36,291,15022,1526000,1480000,1700000,1747000,50,323,77,497,,,,,,,,,,,,,,,,,,,,,,,,,,,,,,,,,,,,,,,,,,,,,,,,,,,,,,,,,,,,,,,,,,,,,,,,,,,,,,,,,,,,,,,,,,,,,,,
28650000,-379,-6880,134,83,539,-11477,-3245,-984,-8,3,0,-479,6919,671,14933,1533,-80,284,14933,1493000,1506000,1727000,1721000,57,297,87,456,,,,,,,,,,,,,,,,,,,,,,,,,,,,,,,,,,,,,,,,,,,,,,,,,,,,,,,,,,,,,,,,,,,,,,,,,,,,,,,,,,,,,,,,,,,,,,,
28703000,-900,-6112,-129,103,779,546,-1231,-984,-36,46,0,-1319,6640,672,14978,1530,-99,287,14978,1540000,1460000,1720000,1731000,132,460,201,704,,,,,,,,,,,,,,,,,,,,,,,,,,,,,,,,,,,,,,,,,,,,,,,,,,,,,,,,,,,,,,,,,,,,,,,,,,,,,,,,,,,,,,,,,,,,,,,
28750000,-776,-5216,193,383,636,-7022,-6480,1029,-187,33,-2,-2919,5599,672,14978,1529,-110,287,14978,1537000,1491000,1695000,1733000,-12,336,-18,514,,,,,,,,,,,,,,,,,,,,,,,,,,,,,,,,,,,,,,,,,,,,,,,,,,,,,,,,,,,,,,,,,,,,,,,,,,,,,,,,,,,,,,,,,,,,,,,
28803000,-392,-5483,-33,-250,1352,-12454,-9837,-984,-300,-17,-2,-3839,5280,672,14978,1545,12,287,14978,1517000,1480000,1698000,1752000,-18,404,-28,625,,,,,,,,,,,,,,,,,,,,,,,,,,,,,,,,,,,,,,,,,,,,,,,,,,,,,,,,,,,,,,,,,,,,,,,,,,,,,,,,,,,,,,,,,,,,,,,
28850000,-110,-5289,-348,-360,1623,-21670,-5382,1090,-409,-91,-4,-4799,4240,673,15022,1523,-77,291,15022,1524000,1503000,1675000,1754000,-5,454,-9,692,,,,,,,,,,,,,,,,,,,,,,,,,,,,,,,,,,,,,,,,,,,,,,,,,,,,,,,,,,,,,,,,,,,,,,,,,,,,,,,,,,,,,,,,,,,,,,,
28903000,-594,-5068,139,162,692,-29238,599,-374,-349,-103,-2,-4599,3880,673,15022,1512,-168,291,15022,1495000,1509000,1712000,1731000,37,388,57,587,,,,,,,,,,,,,,,,,,,,,,,,,,,,,,,,,,,,,,,,,,,,,,,,,,,,,,,,,,,,,,,,,,,,,,,,,,,,,,,,,,,,,,,,,,,,,,,
28950000,-2395,-4146,-146,-198,1042,-24905,5421,-2022,-248,-26,0,-5239,3840,672,14978,1522,-176,287,14978,1504000,1478000,1717000,1745000,113,578,172,880,,,,,,,,,,,,,,,,,,,,,,,,,,,,,,,,,,,,,,,,,,,,,,,,,,,,,,,,,,,,,,,,,,,,,,,,,,,,,,,,,,,,,,,,,,,,,,,
29003000,-2644,-3151,-31,493,1084,-16421,-1536,1456,-233,60,-2,-5319,3840,671,14933,1499,-192,284,14933,1522000,1507000,1693000,1732000,-17,517,-25,775,,,,,,,,,,,,,,,,,,,,,,,,,,,,,,,,,,,,,,,,,,,,,,,,,,,,,,,,,,,,,,,,,,,,,,,,,,,,,,,,,,,,,,,,,,,,,,,
29050000,-2400,-2980,89,1,697,-21670,-6114,-313,-293,71,-4,-5759,3800,672,14978,1514,-202,287,14978,1511000,1494000,1696000,1752000,124,568,188,859,,,,,,,,,,,,,,,,,,,,,,,,,,,,,,,,,,,,,,,,,,,,,,,,,,,,,,,,,,,,,,,,,,,,,,,,,,,,,,,,,,,,,,,,,,,,,,,
29103000,-2455,-2858,51,296,892,-18557,-2513,358,-284,82,-2,-5719,3800,672,14978,1506,-166,287,14978,1507000,1507000,1714000,1725000,-5,450,-8,677,,,,,,,,,,,,,,,,,,,,,,,,,,,,,,,,,,,,,,,,,,,,,,,,,,,,,,,,,,,,,,,,,,,,,,,,,,,,,,,,,,,,,,,,,,,,,,,
29150000,-3580,-3066,-365,-202,1714,-26370,-3367,-679,-88,60,0,-4599,3759,672,14978,1502,-124,287,14978,1463000,1534000,1724000,1726000,-50,349,-75,524,,,,,,,,,,,,,,,,,,,,,,,,,,,,,,,,,,,,,,,,,,,,,,,,,,,,,,,,,,,,,,,,,,,,,,,,,,,,,,,,,,,,,,,,,,,,,,,
29203000,-4026,-2489,165,108,1297,-7022,-316,602,152,79,-4,-2279,3399,672,14978,1499,-145,287,14978,1486000,1528000,1700000,1739000,2,404,3,605,,,,,,,,,,,,,,,,,,,,,,,,,,,,,,,,,,,,,,,,,,,,,,,,,,,,,,,,,,,,,,,,,,,,,,,,,,,,,,,,,,,,,,,,,,,,,,,
29250000,-3394,-2458,20,-314,679,10739,-9288,541,125,110,0,-1959,3719,673,15022,1483,-170,291,15022,1542000,1473000,1685000,1751000,25,305,37,453,,,,,,,,,,,,,,,,,,,,,,,,,,,,,,,,,,,,,,,,,,,,,,,,,,,,,,,,,,,,,,,,,,,,,,,,,,,,,,,,,,,,,,,,,,,,,,,
29303000,-2754,-2974,-47,360,1748,12448,-3612,-801,125,106,0,-1319,4200,672,14978,1473,-190,287,14978,1512000,1484000,1724000,1728000,79,343,117,505,,,,,,,,,,,,,,,,,,,,,,,,,,,,,,,,,,,,,,,,,,,,,,,,,,,,,,,,,,,,,,,,,,,,,,,,,,,,,,,,,,,,,,,,,,,,,,,
29350000,-1467,-3438,172,-12,1447,9640,-11119,1273,47,122,6,-919,4839,677,15202,1463,-207,307,15202,1539000,1505000,1697000,1737000,-2,380,-3,557,,,,,,,,,,,,,,,,,,,,,,,,,,,,,,,,,,,,,,,,,,,,,,,,,,,,,,,,,,,,,,,,,,,,,,,,,,,,,,,,,,,,,,,,,,,,,,,
29403000,-611,-2878,-352,452,1489,-3970,965,-3609,-2,251,-2,-639,5759,672,14978,1463,-151,287,14978,1462000,1487000,1767000,1717000,173,362,254,530,,,,,,,,,,,,,,,,,,,,,,,,,,,,,,,,,,,,,,,,,,,,,,,,,,,,,,,,,,,,,,,,,,,,,,,,,,,,,,,,,,,,,,,,,,,,,,,
29450000,-781,-3399,-69,389,1665,3048,-18504,2555,50,237,0,-199,6120,672,14978,1452,-143,287,14978,1521000,1524000,1677000,1738000,-15,458,-22,665,,,,,,,,,,,,,,,,,,,,,,,,,,,,,,,,,,,,,,,,,,,,,,,,,,,,,,,,,,,,,,,,,,,,,,,,,,,,,,,,,,,,,,,,,,,,,,,
29503000,-1594,-3897,-464,40,1636,-552,-16795,-2632,118,193,0,-239,6120,672,14978,1447,-161,287,14978,1465000,1501000,1734000,1739000,-59,170,-85,246,,,,,,,,,,,,,,,,,,,,,,,,,,,,,,,,,,,,,,,,,,,,,,,,,,,,,,,,,,,,,,,,,,,,,,,,,,,,,,,,,,,,,,,,,,,,,,,
29550000,-139,-4569,-314,397,1620,1095,-3184,-1167,-15,103,-2,-319,5759,672,14978,1447,-121,287,14978,1501000,1487000,1744000,1715000,-171,369,-248,534,,,,,,,,,,,,,,,,,,,,,,,,,,,,,,,,,,,,,,,,,,,,,,,,,,,,,,,,,,,,,,,,,,,,,,,,,,,,,,,,,,,,,,,,,,,,,,,
29603000,-150,-4200,145,-482,1070,-3298,-8922,236,2,101,0,-119,5360,673,15022,1422,-194,291,15022,1462000,1545000,1694000,1747000,-189,281,-269,400,,,,,,,,,,,,,,,,,,,,,,,,,,,,,,,,,,,,,,,,,,,,,,,,,,,,,,,,,,,,,,,,,,,,,,,,,,,,,,,,,,,,,,,,,,,,,,,
29650000,681,-3780,-77,-308,1413,-13613,-3917,724,-73,102,0,-159,4960,673,15022,1428,-108,291,15022,1474000,1542000,1715000,1722000,-329,320,-470,457,,,,,,,,,,,,,,,,,,,,,,,,,,,,,,,,,,,,,,,,,,,,,,,,,,,,,,,,,,,,,,,,,,,,,,,,,,,,,,,,,,,,,,,,,,,,,,,
29703000,420,-3529,233,-46,815,2377,-2757,1029,-47,93,0,-119,4600,672,14978,1412,-137,287,14978,1540000,1480000,1707000,1728000,-290,371,-410,524,,,,,,,,,,,,,,,,,,,,,,,,,,,,,,,,,,,,,,,,,,,,,,,,,,,,,,,,,,,,,,,,,,,,,,,,,,,,,,,,,,,,,,,,,,,,,,,
29750000,-162,-3382,305,-250,612,-2993,-2757,2555,0,78,0,-159,4279,672,14978,1410,-112,287,14978,1508000,1536000,1705000,1712000,-544,316,-767,446,,,,,,,,,,,,,,,,,,,,,,,,,,,,,,,,,,,,,,,,,,,,,,,,,,,,,,,,,,,,,,,,,,,,,,,,,,,,,,,,,,,,,,,,,,,,,,,
29803000,428,-2701,208,311,913,-4214,-8006,236,-51,106,0,-159,3919,674,15067,1384,-119,296,15067,1510000,1501000,1693000,1748000,-550,264,-761,366,,,,,,,,,,,,,,,,,,,,,,,,,,,,,,,,,,,,,,,,,,,,,,,,,,,,,,,,,,,,,,,,,,,,,,,,,,,,,,,,,,,,,,,,,,,,,,,
29850000,1209,-3120,250,310,662,668,1453,1334,-115,41,-2,-119,3599,672,14978,1385,-137,287,14978,1539000,1486000,1694000,1736000,-501,311,-693,431,,,,,,,,,,,,,,,,,,,,,,,,,,,,,,,,,,,,,,,,,,,,,,,,,,,,,,,,,,,,,,,,,,,,,,,,,,,,,,,,,,,,,,,,,,,,,,,
29903000,-54,-3690,-42,-210,920,-10684,-743,2616,-9,-11,0,-159,3559,672,14978,1365,-166,287,14978,1484000,1562000,1693000,1721000,-591,222,-807,303,,,,,,,,,,,,,,,,,,,,,,,,,,,,,,,,,,,,,,,,,,,,,,,,,,,,,,,,,,,,,,,,,,,,,,,,,,,,,,,,,,,,,,,,,,,,,,,
29950000,-1019,-3544,-127,53,1290,-2139,3651,1090,75,-57,-2,-159,2880,672,14978,1377,-117,287,14978,1532000,1492000,1687000,1744000,-467,36,-643,50,,,,,,,,,,,,,,,,,,,,,,,,,,,,,,,,,,,,,,,,,,,,,,,,,,,,,,,,,,,,,,,,,,,,,,,,,,,,,,,,,,,,,,,,,,,,,,,
30003000,11,-2764,291,-210,979,15133,15186,53,23,-160,-2,280,920,673,15022,1343,-215,291,15022,1548000,1457000,1712000,1731000,-602,247,-808,332,,,,,,,,,,,,,,,,,,,,,,,,,,,,,,,,,,,,,,,,,,,,,,,,,,,,,,,,,,,,,,,,,,,,,,,,,,,,,,,,,,,,,,,,,,,,,,,
30050000,-144,-2609,194,-491,1335,-7144,5421,3165,103,-196,-2,1040,360,672,14978,1351,-225,287,14978,1482000,1566000,1678000,1727000,-645,229,-872,310,,,,,,,,,,,,,,,,,,,,,,,,,,,,,,,,,,,,,,,,,,,,,,,,,,,,,,,,,,,,,,,,,,,,,,,,,,,,,,,,,,,,,,,,,,,,,,,
30103000,296,-1917,-66,543,1029,1217,20618,846,-18,-153,-2,80,160,672,14978,1350,-218,287,14978,1552000,1467000,1708000,1725000,-814,149,-1099,201,,,,,,,,,,,,,,,,,,,,,,,,,,,,,,,,,,,,,,,,,,,,,,,,,,,,,,,,,,,,,,,,,,,,,,,,,,,,,,,,,,,,,,,,,,,,,,,
30150000,900,-1692,165,196,1288,16049,24158,53,-64,-137,0,160,120,673,15022,1313,-268,291,15022,1562000,1446000,1736000,1707000,-816,146,-1072,191,,,,,,,,,,,,,,,,,,,,,,,,,,,,,,,,,,,,,,,,,,,,,,,,,,,,,,,,,,,,,,,,,,,,,,,,,,,,,,,,,,,,,,,,,,,,,,,
30203000,2296,-1680,-180,142,1351,-17337,31910,-1961,-196,-139,-2,40,79,673,15022,1309,-222,291,15022,1450000,1530000,1779000,1684000,-658,-39,-861,-51,,,,,,,,,,,,,,,,,,,,,,,,,,,,,,,,,,,,,,,,,,,,,,,,,,,,,,,,,,,,,,,,,,,,,,,,,,,,,,,,,,,,,,,,,,,,,,,
30250000,1610,-1789,38,309,827,-2078,23365,-801,-137,-145,-2,40,120,673,15022,1277,-286,291,15022,1531000,1468000,1745000,1707000,-862,109,-1101,140,,,,,,,,,,,,,,,,,,,,,,,,,,,,,,,,,,,,,,,,,,,,,,,,,,,,,,,,,,,,,,,,,,,,,,,,,,,,,,,,,,,,,,,,,,,,,,,
30303000,521,-2136,-69,-25,953,-10195,15675,-1167,-42,-186,0,40,0,672,14978,1289,-215,287,14978,1464000,1530000,1732000,1721000,-883,68,-1138,88,,,,,,,,,,,,,,,,,,,,,,,,,,,,,,,,,,,,,,,,,,,,,,,,,,,,,,,,,,,,,,,,,,,,,,,,,,,,,,,,,,,,,,,,,,,,,,,
30350000,574,-2390,93,262,754,-6350,12379,663,-43,-205,-4,80,39,672,14978,1277,-124,287,14978,1499000,1521000,1705000,1730000,-711,234,-908,298,,,,,,,,,,,,,,,,,,,,,,,,,,,,,,,,,,,,,,,,,,,,,,,,,,,,,,,,,,,,,,,,,,,,,,,,,,,,,,,,,,,,,,,,,,,,,,,
30403000,-443,-1904,53,-453,812,2804,10914,3593,104,-166,-4,760,0,672,14978,1255,-225,287,14978,1515000,1550000,1699000,1705000,-992,91,-1245,115,,,,,,,,,,,,,,,,,,,,,,,,,,,,,,,,,,,,,,,,,,,,,,,,,,,,,,,,,,,,,,,,,,,,,,,,,,,,,,,,,,,,,,,,,,,,,,,
30450000,161,-1102,-169,197,1065,7260,18360,1640,125,-211,-2,1600,-1319,673,15022,1251,-213,291,15022,1554000,1484000,1721000,1702000,-942,-216,-1178,-270,,,,,,,,,,,,,,,,,,,,,,,,,,,,,,,,,,,,,,,,,,,,,,,,,,,,,,,,,,,,,,,,,,,,,,,,,,,,,,,,,,,,,,,,,,,,,,,
30503000,663,-773,134,-362,1096,17147,16102,3959,319,-612,-4,4320,-6240,672,14978,1222,-248,287,14978,1525000,1545000,1638000,1754000,-830,-74,-1015,-91,,,,,,,,,,,,,,,,,,,,,,,,,,,,,,,,,,,,,,,,,,,,,,,,,,,,,,,,,,,,,,,,,,,,,,,,,,,,,,,,,,,,,,,,,,,,,,,
30550000,729,-72,137,-572,1176,17453,30506,2921,477,-728,-4,6200,-8280,673,15022,1216,-184,291,15022,1518000,1541000,1695000,1714000,-609,-69,-740,-84,,,,,,,,,,,,,,,,,,,,,,,,,,,,,,,,,,,,,,,,,,,,,,,,,,,,,,,,,,,,,,,,,,,,,,,,,,,,,,,,,,,,,,,,,,,,,,,
30603000,1715,1565,-133,445,1584,27340,59010,1456,988,-955,-6,13040,-12519,672,14978,1221,-115,287,14978,1443000,1584000,1724000,1700000,-484,-65,-591,-80,,,,,,,,,,,,,,,,,,,,,,,,,,,,,,,,,,,,,,,,,,,,,,,,,,,,,,,,,,,,,,,,,,,,,,,,,,,,,,,,,,,,,,,,,,,,,,,
30650000,2876,2916,-33,730,1382,57675,54859,3532,949,-876,-6,13760,-12960,672,14978,1221,-91,287,14978,1569000,1496000,1718000,1681000,-759,1,-926,1,,,,,,,,,,,,,,,,,,,,,,,,,,,,,,,,,,,,,,,,,,,,,,,,,,,,,,,,,,,,,,,,,,,,,,,,,,,,,,,,,,,,,,,,,,,,,,,
30703000,3654,3960,-106,-535,743,59689,50587,2067,483,-760,8,9200,-12680,679,15291,1218,-119,316,15291,1571000,1504000,1720000,1697000,-680,-227,-828,-276,,,,,,,,,,,,,,,,,,,,,,,,,,,,,,,,,,,,,,,,,,,,,,,,,,,,,,,,,,,,,,,,,,,,,,,,,,,,,,,,,,,,,,,,,,,,,,,
30750000,5612,4211,-94,185,1039,29599,45277,1640,-25,-732,-2,5320,-12600,672,14978,1215,-24,287,14978,1549000,1497000,1700000,1715000,-577,-194,-701,-236,,,,,,,,,,,,,,,,,,,,,,,,,,,,,,,,,,,,,,,,,,,,,,,,,,,,,,,,,,,,,,,,,,,,,,,,,,,,,,,,,,,,,,,,,,,,,,,
30803000,5144,3871,201,-406,684,-1406,42652,3959,-333,-566,-2,1320,-10360,673,15022,1212,-73,291,15022,1561000,1518000,1705000,1681000,-272,-16,-330,-19,,,,,,,,,,,,,,,,,,,,,,,,,,,,,,,,,,,,,,,,,,,,,,,,,,,,,,,,,,,,,,,,,,,,,,,,,,,,,,,,,,,,,,,,,,,,,,,
30850000,4586,4427,259,79,79,-18008,27210,3715,-913,-70,-4,-5879,-5240,673,15022,1201,-99,291,15022,1601000,1474000,1735000,1655000,-380,225,-456,270,,,,,,,,,,,,,,,,,,,,,,,,,,,,,,,,,,,,,,,,,,,,,,,,,,,,,,,,,,,,,,,,,,,,,,,,,,,,,,,,,,,,,,,,,,,,,,,
30903000,2381,5015,5,127,861,-56277,7618,602,-787,507,0,-6639,799,673,15022,1187,-126,291,15022,1470000,1567000,1751000,1670000,52,468,62,556,,,,,,,,,,,,,,,,,,,,,,,,,,,,,,,,,,,,,,,,,,,,,,,,,,,,,,,,,,,,,,,,,,,,,,,,,,,,,,,,,,,,,,,,,,,,,,,
30950000,-506,3071,192,-237,533,-51028,-37669,3165,-434,732,-2,-5479,5320,688,15700,1153,-292,352,15700,1545000,1568000,1709000,1712000,13,310,15,358,,,,,,,,,,,,,,,,,,,,,,,,,,,,,,,,,,,,,,,,,,,,,,,,,,,,,,,,,,,,,,,,,,,,,,,,,,,,,,,,,,,,,,,,,,,,,,,
31003000,-2874,-110,-28,496,1432,-21914,-42430,1273,-286,932,-2,-6159,10799,704,16438,1108,31050000,-3024,-2421,-14,-114,1412,-14590,-68004,2616,-137,912,-2,-4599,12880,704,16438,1073,-488,415,16438,1586000,1558000,1696000,1731103000,-2713,-5321,208,429,859,-16482,-73375,-313,250,785,0,160,14320,706,16532,1040,-499,423,16532,1517000,1593000,1722000,1763000,3,288,3,300,,,,,,,,,,,,,,,,,,,,,,,,,,,,,,,,,,,,,,,,,,,,,,,,,,,,,,,
31150000,-2096,-7426,298,363,1192,13424,-67027,2982,291,716,-2,1240,15639,704,16438,1006,-549,415,16438,1599000,1554000,1699000,1750000,537,240,540,241,,,,,,,,,,,,,,,,,,,,,,,,,,,,,,,,,,,,,,,,,,,,,,,,,,,,,,,,,,,,,,,,,,,,,,,,,,,,,,,,,,,,,,,,,,,,,,,
31203000,-1151,-8907,-239,-515,685,9640,-61961,968,501,720,0,4600,17160,705,16485,988,-617,419,16485,1528000,1599000,1723000,1744000,804,492,794,486,,,,,,,,,,,,,,,,,,,,,,,,,,,,,,,,,,,,,,,,,,,,,,,,,,,,,,,,,,,,,,,,,,,,,,,,,,,,,,,,,,,,,,,,,,,,,,,
31250000,13,-9967,-37,54,1236,23861,-58543,-252,253,669,-2,2920,17640,704,16438,975,-464,415,16438,1596000,1513000,1718000,1761000,804,492,783,479,,,,,,,,,,,,,,,,,,,,,,,,,,,,,,,,,,,,,,,,,,,,,,,,,,,,,,,,,,,,,,,,,,,,,,,,,,,,,,,,,,,,,,,,,,,,,,,
31303000,1752,-11257,103,-356,684,19528,-50914,2250,14,354,0,1920,15320,705,16485,961,-430,419,16485,1610000,1538000,1676000,1774000,534,251,513,241,,,,,,,,,,,,,,,,,,,,,,,,,,,,,,,,,,,,,,,,,,,,,,,,,,,,,,,,,,,,,,,,,,,,,,,,,,,,,,,,,,,,,,,,,,,,,,,
31350000,2933,-11702,582,142,940,2560,-35228,1273,-98,-124,0,1800,10280,707,16579,935,-303,428,16579,1565000,1579000,1673000,1789000,522,-91,488,-85,,,,,,,,,,,,,,,,,,,,,,,,,,,,,,,,,,,,,,,,,,,,,,,,,,,,,,,,,,,,,,,,,,,,,,,,,,,,,,,,,,,,,,,,,,,,,,,
31403000,759,-10558,-17,-313,1113,-18740,-6358,-252,146,-258,-2,2440,7600,706,16532,936,-241,423,16532,1508000,1610000,1711000,1770000,587,448,550,419,,,,,,,,,,,,,,,,,,,,,,,,,,,,,,,,,,,,,,,,,,,,,,,,,,,,,,,,,,,,,,,,,,,,,,,,,,,,,,,,,,,,,,,,,,,,,,,
31450000,802,-9099,-158,346,830,10861,4322,2494,-80,-438,-2,-119,4080,705,16485,919,-213,419,16485,1637000,1512000,1668000,1778000,437,355,401,326,,,,,,,,,,,,,,,,,,,,,,,,,,,,,,,,,,,,,,,,,,,,,,,,,,,,,,,,,,,,,,,,,,,,,,,,,,,,,,,,,,,,,,,,,,,,,,,
31503000,2152,-7961,285,-28,434,-2566,23487,1029,-316,-471,-2,-1479,2560,706,16532,943,-164,423,16532,1585000,1553000,1707000,1759000,362,413,341,389,,,,,,,,,,,,,,,,,,,,,,,,,,,,,,,,,,,,,,,,,,,,,,,,,,,,,,,,,,,,,,,,,,,,,,,,,,,,,,,,,,,,,,,,,,,,,,,
31550000,1295,-6074,370,-199,699,-15505,24342,1090,-682,-519,-2,-6519,120,706,16532,931,-109,423,16532,1631000,1503000,1702000,1762000,142,366,132,341,,,,,,,,,,,,,,,,,,,,,,,,,,,,,,,,,,,,,,,,,,,,,,,,,,,,,,,,,,,,,,,,,,,,,,,,,,,,,,,,,,,,,,,,,,,,,,,
31603000,553,-3420,-58,751,1383,-43948,38502,-1838,-844,-288,-2,-9119,120,706,16532,923,32,423,16532,1552000,1548000,1771000,1723000,180,515,166,475,,,,,,,,,,,,,,,,,,,,,,,,,,,,,,,,,,,,,,,,,,,,,,,,,,,,,,,,,,,,,,,,,,,,,,,,,,,,,,,,,,,,,,,,,,,,,,,
31650000,-1162,-1322,49,288,956,-40835,27821,2006,-879,-31,0,-11239,959,707,16579,929,53,428,16579,1613000,1542000,1721000,1734000,117,631,108,586,,,,,,,,,,,,,,,,,,,,,,,,,,,,,,,,,,,,,,,,,,,,,,,,,,,,,,,,,,,,,,,,,,,,,,,,,,,,,,,,,,,,,,,,,,,,,,,
31703000,-1939,-496,-13,710,991,-48159,7191,663,-912,40,-2,-12399,959,707,16579,939,129,428,16579,1587000,1550000,1721000,1749000,21,469,20,440,,,,,,,,,,,,,,,,,,,,,,,,,,,,,,,,,,,,,,,,,,,,,,,,,,,,,,,,,,,,,,,,,,,,,,,,,,,,,,,,,,,,,,,,,,,,,,,
31750000,-3362,-1040,-54,136,1113,-47915,11280,724,-820,-10,0,-12759,920,706,16532,945,128,423,16532,1590000,1549000,1726000,1742000,181,555,171,525,,,,,,,,,,,,,,,,,,,,,,,,,,,,,,,,,,,,,,,,,,,,,,,,,,,,,,,,,,,,,,,,,,,,,,,,,,,,,,,,,,,,,,,,,,,,,,,
31803000,-3776,-1590,-98,159,1476,-53836,3773,1517,-790,-86,2,-12839,599,707,16579,942,189,428,16579,1565000,1586000,1706000,1749000,31,415,30,391,,,,,,,,,,,,,,,,,,,,,,,,,,,,,,,,,,,,,,,,,,,,,,,,,,,,,,,,,,,,,,,,,,,,,,,,,,,,,,,,,,,,,,,,,,,,,,,
31850000,-4501,-992,-296,394,1277,-47793,13660,-313,-682,-76,-2,-12319,120,707,16579,949,192,428,16579,1566000,1559000,1731000,1749000,180,224,170,212,,,,,,,,,,,,,,,,,,,,,,,,,,,,,,,,,,,,,,,,,,,,,,,,,,,,,,,,,,,,,,,,,,,,,,,,,,,,,,,,,,,,,,,,,,,,,,,
31903000,-5160,-945,-11,31,858,-30154,1209,1823,-150,-75,0,-6879,79,706,16532,977,31950000,-5237,-822,-353,-99,1435,-6472,2186,358,310,-61,-2,-1679,120,707,16579,982,285,428,16579,1558000,1576000,1702000,1766000,210,-166,206,-163,,,,,,,,,,,,,,,,,,,,,,,,,,,,,,,,,,,,,,,,,,,,,,,,,,,,,,,,,,,,,,,,,,,,,,,,,,,,,,
32003000,-4355,-1484,186,-486,874,21054,1209,2677,369,-87,-2,-119,480,706,16532,974,232,423,16532,1593000,1572000,1693000,1751000,188,-378,183,-369,,,,,,,,,,,,,,,,,,,,,,,,,,,,,,,,,,,,,,,,,,,,,,,,,,,,,,,,,,,,,,,,,,,,,,,,,,,,,,,,,,,,,,,,,,,,,,,
32050000,-2415,-1797,13,-198,634,27279,-5015,1823,521,14,-2,3560,1960,706,16532,1002,206,423,16532,1560000,1595000,1714000,1739000,111,-632,111,-633,,,,,,,,,,,,,,,,,,,,,,,,,,,,,,,,,,,,,,,,,,,,,,,,,,,,,,,,,,,,,,,,,,,,,,,,,,,,,,,,,,,,,,,,,,,,,,,
32103000,-598,-1394,13,35,1203,39242,4810,2067,711,182,-4,7560,3480,707,16579,1006,204,428,16579,1598000,1558000,1740000,1711000,313,-608,315,-612,,,,,,,,,,,,,,,,,,,,,,,,,,,,,,,,,,,,,,,,,,,,,,,,,,,,,,,,,,,,,,,,,,,,,,,,,,,,,,,,,,,,,,,,,,,,,,,
32150000,2068,-1990,232,-113,176,60787,-13988,-923,636,276,-4,9360,5160,706,16532,1016,208,423,16532,1619000,1494000,1734000,1750000,52,-731,53,-744,,,,,,,,,,,,,,,,,,,,,,,,,,,,,,,,,,,,,,,,,,,,,,,,,,,,,,,,,,,,,,,,,,,,,,,,,,,,,,,,,,,,,,,,,,,,,,,
32203000,4597,-2960,-156,389,1183,46566,-11363,-2876,534,237,-2,10720,5680,706,16532,1007,189,423,16532,1583000,1507000,1742000,1760000,433,-861,436,-867,,,,,,,,,,,,,,,,,,,,,,,,,,,,,,,,,,,,,,,,,,,,,,,,,,,,,,,,,,,,,,,,,,,,,,,,,,,,,,,,,,,,,,,,,,,,,,,
32250000,5842,-4134,488,246,609,56271,-22288,-252,537,134,-4,12000,5680,707,16579,1016,179,428,16579,1606000,1520000,1695000,1780000,242,-833,246,-847,,,,,,,,,,,,,,,,,,,,,,,,,,,,,,,,,,,,,,,,,,,,,,,,,,,,,,,,,,,,,,,,,,,,,,,,,,,,,,,,,,,,,,,,,,,,,,,
32303000,6464,-4382,-121,236,1133,36984,-14171,-2388,455,-152,-4,11680,2639,708,16626,1028,242,432,16626,1563000,1534000,1706000,1789000,250,-988,257,-1016,,,,,,,,,,,,,,,,,,,,,,,,,,,,,,,,,,,,,,,,,,,,,,,,,,,,,,,,,,,,,,,,,,,,,,,,,,,,,,,,,,,,,,,,,,,,,,,
32350000,6252,-4431,-407,134,1865,45162,-1781,1640,327,-278,-4,10000,1240,707,16579,1056,310,428,16579,1636000,1509000,1685000,1768000,260,-999,275,-1055,,,,,,,,,,,,,,,,,,,,,,,,,,,,,,,,,,,,,,,,,,,,,,,,,,,,,,,,,,,,,,,,,,,,,,,,,,,,,,,,,,,,,,,,,,,,,,,
32403000,6790,-3873,258,-176,1182,27706,14393,-2998,0,-313,-6,6800,280,706,16532,1080,340,423,16532,1593000,1489000,1746000,1760000,242,-939,262,-1014,,,,,,,,,,,,,,,,,,,,,,,,,,,,,,,,,,,,,,,,,,,,,,,,,,,,,,,,,,,,,,,,,,,,,,,,,,,,,,,,,,,,,,,,,,,,,,,
32450000,6843,-2416,-194,-383,1111,15194,18421,1273,-359,-186,-6,2720,280,706,16532,1101,351,423,16532,1626000,1513000,1729000,1732000,180,-722,198,-795,,,,,,,,,,,,,,,,,,,,,,,,,,,,,,,,,,,,,,,,,,,,,,,,,,,,,,,,,,,,,,,,,,,,,,,,,,,,,,,,,,,,,,,,,,,,,,,
32503000,5491,-1526,288,-250,835,-15872,10975,-1289,-465,-119,-4,160,160,707,16579,1132,400,428,16579,1574000,1535000,1719000,1766000,57,-899,64,-1017,,,,,,,,,,,,,,,,,,,,,,,,,,,,,,,,,,,,,,,,,,,,,,,,,,,,,,,,,,,,,,,,,,,,,,,,,,,,,,,,,,,,,,,,,,,,,,,
32550000,2996,-274,-146,-246,1114,-26492,15797,-4585,-310,-2,-2,-559,239,706,16532,1142,441,423,16532,1531000,1536000,1769000,1754000,157,-468,180,-32603000,750,-815,351,-46,538,-18801,11524,-3853,-145,-46,-2,-919,280,706,16532,1151,424,423,16532,1547000,1528000,1747000,1767000,286,-737,330,-849,,,,,,,,,,,,,,,,,,,,,,,,,,,,,,,,,,,,,,,,,,,,,,,,,,,,,,,,,,,,,,,,,,,,
32650000,476,-822,-126,-300,1369,1156,12501,-2571,-149,-15,-4,-1239,639,706,16532,1170,435,423,16532,1596000,1489000,1760000,1744000,80,-680,94,-795,,,,,,,,,,,,,,,,,,,,,,,,,,,,,,,,,,,,,,,,,,,,,,,,,,,,,,,,,,,,,,,,,,,,,,,,,,,,,,,,,,,,,,,,,,,,,,,
32703000,241,-1146,374,-76,596,-14712,11829,-4219,-167,22,-2,-1679,1400,706,16532,1206,460,423,16532,1538000,1529000,1771000,1749000,264,32750000,-959,35,-430,-213,1632,-9280,-1170,-1838,-62,149,-4,-1679,1679,673,15022,1223,517,291,15022,1562000,1534000,1742000,1732803000,-1303,-1134,219,-431,564,-13613,3834,-3975,33,145,-4,-919,2799,673,15022,1257,558,291,15022,1497000,1485000,1734000,1731000,288,-544,362,-684,,,,,,,,,,,,,,,,,,,,,,,,,,,,,,,,,,,,,,,,,,,,,,,
32850000,-1352,-1482,-5,187,628,-6106,-3551,-862,79,177,-4,-439,3520,673,15022,1293,584,291,15022,1522000,1507000,1719000,1714000,62,-485,80,-627,,,,,,,,,,,,,,,,,,,,,,,,,,,,,,,,,,,,,,,,,,,,,,,,,,,,,,,,,,,,,,,,,,,,,,,,,,,,,,,,,,,,,,,,,,,,,,,
32903000,-1058,-2244,-78,-579,1282,-1773,-11729,-3059,179,310,-6,1000,5799,670,14889,1301,509,280,14889,1495000,1489000,1716000,1738000,134,-614,175,-799,,,,,,,,,,,,,,,,,,,,,,,,,,,,,,,,,,,,,,,,,,,,,,,,,,,,,,,,,,,,,,,,,,,,,,,,,,,,,,,,,,,,,,,,,,,,,,,
32950000,-1047,-1967,-493,30,1750,6710,-18748,1029,265,330,-2,2000,5759,671,14933,1359,612,284,14933,1551033003000,-933,-3070,-44,-257,985,12326,-16246,-3486,315,203,4000,1480000,1719000,1741000,361,-576,503,-802,,,,,,,,,,,,,,,,,,,,,,,,,,,,,,,,,,,,,,,,,,,,,,,,,,,,,,,,,,,,,,,,,,,,,,,,,,,,,,,,,,,,
33050000,-873,-3916,-338,-435,1742,18673,-15880,-313,379,45,0,3480,4440,670,14889,1415,567,280,14889,1547000,1477000,1676000,1746000,339,-609,47933103000,-307,-4833,-31,206,848,17453,-2940,-2693,522,-159,-2,5680,2999,671,14933,1444,544,284,14933,1471000,1517000,1699000,1753000,262,-771,378,-1114,,,,,,,,,,,,,,,,,,,,,,,,,,,,,,,,,,,,,,,,,,,,,,,,,,,,,,,,,,,,,,,,,,,,,
33150000,-574,-4530,95,18,1055,31796,4261,-984,556,-210,-2,5800,2119,671,14933,1465,491,284,14933,1543000,1471000,1688000,1749000,409,-597,599,-875,,,,,,,,,,,,,,,,,,,,,,,,,,,,,,,,,,,,,,,,,,,,,,,,,,,,,,,,,,,,,,,,,,,,,,,,,,,,,,,,,,,,,,,,,,,,,,,
33203000,1516,-4076,-213,-147,1099,35092,16224,-1594,443,-237,-4,6600,1359,640,13585,1490,510,159,13585,1488000,1435000,1693000,1699000,325,33250000,1639,-3749,-59,-261,1123,27706,15491,-374,474,-215,-4,7080,1280,639,13543,1504,408,155,13543,1473000,1468000,1694000,1683000,129,-693,195,-1042,,,,,,,,,,,,,,,,,,,,,,,,,,,,,,,,,,,,,,,,,,,,,,,,,,,,,,,,,,,,,,,,,,,,,,
33303000,1468,-2877,-303,363,1247,31063,27637,-3914,451,-149,-4,6640,1159,638,13500,1517,392,152,13500,1471000,1403000,1740000,1672000,366,-406,555,-617,,,,,,,,,,,,,,,,,,,,,,,,,,,,,,,,,,,,,,,,,,,,,,,,,,,,,,,,,,,,,,,,,,,,,,,,,,,,,,,,,,,,,,,,,,,,,,,
33350000,2698,-1310,-279,353,1949,33078,13721,-7,343,-72,-4,6640,480,635,13374,1563,537,139,13374,1508000,1429000,1671000,1699000,313,33403000,3434,-706,-99,-52,1079,19894,3956,114,157,-30,-4,5240,360,636,13416,1556,375,143,13416,1485000,1454000,1672000,1696000,245,-466,381,-726,,,,,,,,,,,,,,,,,,,,,,,,,,,,,,,,,,,,,,,,,,,,,,,,,,,,,,,,,,,,,,,,,,,,,,
33450000,3427,-1111,60,-140,1207,6588,9144,-923,119,-65,-4,4800,360,637,13458,1573,273,148,13458,1477000,1447000,1703000,1678000,155,-379,244,-597,,,,,,,,,,,,,,,,,,,,,,,,,,,,,,,,,,,,,,,,,,,,,,,,,,,,,,,,,,,,,,,,,,,,,,,,,,,,,,,,,,,,,,,,,,,,,,,
33503000,3571,-997,-503,21,1509,424,17322,-2876,-130,10,-6,2080,1119,635,13374,1581,222,139,13374,1486000,1395000,1733000,1666000,319,-255,504,-403,,,,,,,,,,,,,,,,,,,,,,,,,,,,,,,,,,,,,,,,,,,,,,,,,,,,,,,,,,,,,,,,,,,,,,,,,,,,,,,,,,,,,,,,,,,,,,,
33550000,3459,38,-444,2,1468,-9951,8472,236,-249,101,-6,600,1119,636,13416,1581,196,143,13416,1488000,1452000,1693000,1678000,306,-22,484,-36,,,,,,,,,,,,,,,,,,,,,,,,,,,,,,,,,,,,,,,,,,,,,,,,,,,,,,,,,,,,,,,,,,,,,,,,,,,,,,,,,,,,,,,,,,,,,,,
33603000,2446,-274,192,77,954,-16482,-2879,297,-206,112,-4,80,1559,636,13416,1583,14,143,13416,1491000,1449000,1669000,1698000,349,-79,553,-125,,,,,,,,,,,,,,,,,,,,,,,,,,,,,,,,,,,,,,,,,,,,,,,,,,,,,,,,,,,,,,,,,,,,,,,,,,,,,,,,,,,,,,,,,,,,,,,
33650000,291,-1190,192,63,1318,-19351,-6175,663,-161,95,-4,-1559,2279,636,13416,1559,-16,143,13416,1471000,1476000,1674000,1688000,323,201,504,314,,,,,,,,,,,,,,,,,,,,,,,,,,,,,,,,,,,,,,,,,,,,,,,,,,,,,,,,,,,,,,,,,,,,,,,,,,,,,,,,,,,,,,,,,,,,,,,
33703000,-1604,-613,-192,-346,1130,-21548,-4283,-862,-205,148,-2,-3959,2320,635,13374,1554,-64,139,13374,1465000,1459000,1696000,1682000,432,4,672,7,,,,,,,,,,,,,,,,,,,,,,,,,,,,,,,,,,,,,,,,,,,,,,,,,,,,,,,,,,,,,,,,,,,,,,,,,,,,,,,,,,,,,,,,,,,,,,,
33750000,-1568,-1212,-77,-403,1242,-20755,-8616,1212,-330,93,-4,-5359,2279,635,13374,1527,-177,139,13374,1513000,1441000,1658000,1698000,424,122,648,187,,,,,,,,,,,,,,,,,,,,,,,,,,,,,,,,,,,,,,,,,,,,,,,,,,,,,,,,,,,,,,,,,,,,,,,,,,,,,,,,,,,,,,,,,,,,,,,
33803000,-2439,-1320,-335,304,1804,-29360,-5198,-191,-338,76,-4,-6319,2200,636,13416,1510,-184,143,13416,1472000,1461000,1674000,1698000,449,69,678,105,,,,,,,,,,,,,,,,,,,,,,,,,,,,,,,,,,,,,,,,,,,,,,,,,,,,,,,,,,,,,,,,,,,,,,,,,,,,,,,,,,,,,,,,,,,,,,,
33850000,-3592,-1447,-131,325,1410,-26980,-15269,846,-429,62,-2,-8519,2160,637,13458,1503,-263,148,13458,1513000,1437000,1635000,1724000,520,340,783,511,,,,,,,,,,,,,,,,,,,,,,,,,,,,,,,,,,,,,,,,,,,,,,,,,,,,,,,,,,,,,,,,,,,,,,,,,,,,,,,,,,,,,,,,,,,,,,,
33903000,-4772,-2813,345,209,761,-27651,-14354,-68,-393,-53,-4,-9279,2200,636,13416,1465,-400,143,13416,1487000,1447000,1641000,1730000,337,197,494,289,,,,,,,,,,,,,,,,,,,,,,,,,,,,,,,,,,,,,,,,,,,,,,,,,,,,,,,,,,,,,,,,,,,,,,,,,,,,,,,,,,,,,,,,,,,,,,,
33950000,-5681,-2486,145,74,674,-31863,-10997,-1228,-390,-21,-6,-10159,2239,646,13841,1442,-498,184,13841,1484000,1452000,1676000,1728000,379,237,546,342,,,,,,,,,,,,,,,,,,,,,,,,,,,,,,,,,,,,,,,,,,,,,,,,,,,,,,,,,,,,,,,,,,,,,,,,,,,,,,,,,,,,,,,,,,,,,,,
34003000,-7434,-3078,114,-552,296,-27529,-8677,-1961,-234,-69,-4,-10119,2279,646,13841,1397,-628,184,13841,1450000,1474000,1678000,1734000,306,74,427,104,,,,,,,,,,,,,,,,,,,,,,,,,,,,,,,,,,,,,,,,,,,,,,,,,,,,,,,,,,,,,,,,,,,,,,,,,,,,,,,,,,,,,,,,,,,,,,,
34050000,-7369,-3695,-49,-307,1110,-23318,-987,-2815,-243,-123,-6,-10159,2279,667,14756,1376,-613,267,14756,1473000,1452000,1705000,1730000,328,322,452,443,,,,,,,,,,,,,,,,,,,,,,,,,,,,,,,,,,,,,,,,,,,,,,,,,,,,,,,,,,,,,,,,,,,,,,,,,,,,,,,,,,,,,,,,,,,,,,,
34103000,-6128,-2464,-286,89,1260,-18740,5421,-5440,-320,-16,-4,-9799,2279,685,15563,1355,-545,340,15563,1498000,1445000,1755000,1750000,386,22,523,30,,,,,,,,,,,,,,,,,,,,,,,,,,,,,,,,,,,,,,,,,,,,,,,,,,,,,,,,,,,,,,,,,,,,,,,,,,,,,,,,,,,,,,,,,,,,,,,
34150000,-5063,-2530,103,529,712,-10012,-3367,-4158,-413,-25,-4,-9799,2239,685,15563,1330,-577,340,15563,1535000,1442000,1717000,1789000,448,27,596,36,,,,,,,,,,,,,,,,,,,,,,,,,,,,,,,,,,,,,,,,,,,,,,,,,,,,,,,,,,,,,,,,,,,,,,,,,,,,,,,,,,,,,,,,,,,,,,,
34203000,-5282,-1734,-295,-238,1600,-18984,-12340,-3792,-299,44,-4,-8719,2239,738,18064,1302,-497,551,18064,1543000,1550000,1760000,1820000,369,154,481,201,,,,,,,,,,,,,,,,,,,,,,,,,,,,,,,,,,,,,,,,,,,,,,,,,,,,,,,,,,,,,,,,,,,,,,,,,,,,,,,,,,,,,,,,,,,,,,,
34250000,-6006,-1473,-37,341,1868,-11416,-11485,-6111,-97,66,-4,-7119,2239,738,18064,1291,-473,551,18064,1546000,1530000,1775000,1844000,592,147,764,190,,,,,,,,,,,,,,,,,,,,,,,,,,,,,,,,,,,,,,,,,,,,,,,,,,,,,,,,,,,,,,,,,,,,,,,,,,,,,,,,,,,,,,,,,,,,,,,
34303000,-4206,-1167,-517,182,1126,-2749,-17161,-7515,-163,86,-4,-6079,2160,740,18163,1266,-415,560,18163,1555000,1504000,1793000,1847000,425,-123,539,-155,,,,,,,,,,,,,,,,,,,,,,,,,,,,,,,,,,,,,,,,,,,,,,,,,,,,,,,,,,,,,,,,,,,,,,,,,,,,,,,,,,,,,,,,,,,,,,,
34350000,-3239,-2995,353,-251,520,14035,-20152,-5623,-139,-69,-4,-4839,2200,740,18163,1245,-388,560,18163,1596000,1481000,1760000,1863000,366,59,456,74,,,,,,,,,,,,,,,,,,,,,,,,,,,,,,,,,,,,,,,,,,,,,,,,,,,,,,,,,,,,,,,,,,,,,,,,,,,,,,,,,,,,,,,,,,,,,,,
34403000,-2498,-4359,290,-155,917,1766,-8311,-7759,67,-226,-6,-1719,1760,741,18212,1231,-337,564,18212,1535000,1513000,1779000,1872000,394,-7,485,-9,,,,,,,,,,,,,,,,,,,,,,,,,,,,,,,,,,,,,,,,,,,,,,,,,,,,,,,,,,,,,,,,,,,,,,,,,,,,,,,,,,,,,,,,,,,,,,,
34450000,-1178,-3015,-589,-29,1132,1400,-2269,-5806,64,-81,-6,-439,2079,741,18212,1212,-252,564,18212,1542000,1532000,1798000,1841000,329,-110,399,-134,,,,,,,,,,,,,,,,,,,,,,,,,,,,,,,,,,,,,,,,,,,,,,,,,,,,,,,,,,,,,,,,,,,,,,,,,,,,,,,,,,,,,,,,,,,,,,,
34503000,-1295,-2311,-417,219,1596,12142,-926,-4097,74,46,-8,-439,2839,742,18261,1200,-183,567,18261,1557000,1535000,1790000,1836000,237,-257,284,-309,,,,,,,,,,,,,,,,,,,,,,,,,,,,,,,,,,,,,,,,,,,,,,,,,,,,,,,,,,,,,,,,,,,,,,,,,,,,,,,,,,,,,,,,,,,,,,,
34550000,1724,-2941,248,-259,1776,18734,-8250,-5440,-129,-1,-2,240,2920,742,18261,1199,-154,567,18261,1618000,1443000,1777000,1861000,320,54,384,65,,,,,,,,,,,,,,,,,,,,,,,,,,,,,,,,,,,,,,,,,,,,,,,,,,,,,,,,,,,,,,,,,,,,,,,,,,,,,,,,,,,,,,,,,,,,,,,
34603000,2504,-3826,190,-447,1127,-2749,-11302,-3242,-155,-58,-6,720,3159,708,16626,1163,-160,432,16626,1560000,1531000,1757000,1861000,68,-114,80,-133,,,,,,,,,,,,,,,,,,,,,,,,,,,,,,,,,,,,,,,,,,,,,,,,,,,,,,,,,,,,,,,,,,,,,,,,,,,,,,,,,,,,,,,,,,,,,,,
34650000,2570,-3578,71,732,1242,-4641,2979,-7820,-157,-33,10,760,3199,716,17003,1163,-157,464,17003,1509000,1439000,1777000,1827000,155,-353,180,-411,,,,,,,,,,,,,,,,,,,,,,,,,,,,,,,,,,,,,,,,,,,,,,,,,,,,,,,,,,,,,,,,,,,,,,,,,,,,,,,,,,,,,,,,,,,,,,,
34703000,2482,-1998,-146,244,634,-7632,904,-6660,-118,104,-2,1119,3199,707,16579,1169,-113,428,16579,1509000,1441000,1786000,1814000,-52,72,-61,84,,,,,,,,,,,,,,,,,,,,,,,,,,,,,,,,,,,,,,,,,,,,,,,,,,,,,,,,,,,,,,,,,,,,,,,,,,,,,,,,,,,,,,,,,,,,,,,
34750000,1531,-1782,249,-445,877,2255,-3795,-2388,44,123,-6,2040,3199,708,16626,1169,-55,432,16626,1518000,1495000,1749000,1814000,-27,71,-32,83,,,,,,,,,,,,,,,,,,,,,,,,,,,,,,,,,,,,,,,,,,,,,,,,,,,,,,,,,,,,,,,,,,,,,,,,,,,,,,,,,,,,,,,,,,,,,,,
34803000,1055,-1562,406,-7,73,7992,-3123,-2815,229,76,-6,3680,2439,707,16579,1168,-68,428,16579,1520000,1483000,1746000,1823000,-54,-126,-63,-148,,,,,,,,,,,,,,,,,,,,,,,,,,,,,,,,,,,,,,,,,,,,,,,,,,,,,,,,,,,,,,,,,,,,,,,,,,,,,,,,,,,,,,,,,,,,,,,
34850000,784,-2704,-308,155,1150,8419,1087,-3670,413,-64,-6,3,-35,-315,,,,,,,,,,,,,,,,,,,,,,,,,,,,,,,,,,,,,,,,,,,,,,,,,,,,,,,,,,,,,,,,,,,,,,,,,,,,,,,,,,,,,,,,,,,,,,,,,,,,,,,,,,,,
34903000,2947,-2499,-388,-364,1420,23861,12196,-3486,301,-106,-4,6400,1280,707,16579,1152,-59,428,16579,1529000,1000,1806000,-9,-102,-10,-117,,,,,,,,,,,,,,,,,,,,,,,,,,,,,,,,,,,,,,,,,,,,,,,,,,,,,,,,,,,,,,,,,,,,,,,,,,,,,,,,,,,,,,,,,,,,,,,,
34950000,3086,-1839,216,540,1536,19772,17384,-2998,512,-76,-4,8960,959,708,16626,1166,-23,432,16626,1514000,1480000,1776000,1801000,-56,-152,-65,-178,,,,,,,,,,,,,,,,,,,,,,,,,,,,,,,,,,,,,,,,,,,,,,,,,,,,,,,,,,,,,,,,,,,,,,,,,,,,,,,,,,,,,,,,,,,,,,,
35003000,3800,-1981,-35,266,1319,25326,16529,-1411,541,-113,-2,10000,680,708,16626,1166,7,432,16626,1545000,1467000,1767000,1792000,35050000,5132,-1296,121,-422,1808,40219,16163,-1045,431,-81,-2,10080,360,708,16626,1167,67,432,16626,1579000,1426000,1770000,1735103000,5160,-754,313,-640,1250,27279,18482,-3181,394,-9,-4,9680,639,708,16626,1195,158,432,16626,1527000,1455000,1787000,1797000,-146,-87,-175,-104,,,,,,,,,,,,,,,,,,,,,,,,,,,,,,,,,,,,,,,,,,,,,,,,
35150000,6436,-350,-205,246,927,15499,13294,-5134,87,63,-2,7440,1080,706,16532,1192,227,423,16532,1522000,1423000,1800000,1799000,-178,-230,-212,-275,,,,,,,,,,,,,,,,,,,,,,,,,,,,,,,,,,,,,,,,,,,,,,,,,,,,,,,,,,,,,,,,,,,,,,,,,,,,,,,,,,,,,,,,,,,,,,,
35203000,6161,-450,-210,500,1485,8419,11768,-3364,-111,100,-6,4880,1600,707,16579,1239,308,428,16579,1551000,1413000,1802000,1785000,-138,-156,-172,-193,,,,,,,,,,,,,,,,,,,,,,,,,,,,,,,,,,,,,,,,,,,,,,,,,,,,,,,,,,,,,,,,,,,,,,,,,,,,,,,,,,,,,,,,,,,,,,,
35250000,5112,-133,94,-414,1774,-735,11768,-1167,-138,194,-2,3520,2360,707,16579,1250,319,428,16579,1558000,1444000,1795000,1768000,-292,-31,-366,-39,,,,,,,,,,,,,,,,,,,,,,,,,,,,,,,,,,,,,,,,,,,,,,,,,,,,,,,,,,,,,,,,,,,,,,,,,,,,,,,,,,,,,,,,,,,,,,,
35303000,3179,-344,144,-572,1000,-13125,2552,-1472,-106,179,-4,1960,2400,708,16626,1262,392,432,16626,1502000,1498000,1766000,1804000,-142,94,-180,119,,,,,,,,,,,,,,,,,,,,,,,,,,,,,,,,,,,,,,,,,,,,,,,,,,,,,,,,,,,,,,,,,,,,,,,,,,,,,,,,,,,,,,,,,,,,,,,
35350000,3009,-122,145,354,936,-13491,5421,-3181,-98,202,-6,1880,2439,706,16532,1277,331,423,16532,1500000,1467000,1801000,1787000,-133,213,-170,273,,,,,,,,,,,,,,,,,,,,,,,,,,,,,,,,,,,,,,,,,,,,,,,,,,,,,,,,,,,,,,,,,,,,,,,,,,,,,,,,,,,,,,,,,,,,,,,
35403000,2128,-937,416,450,461,-7144,2308,-7332,-28,131,-4,1800,2439,706,16532,1301,342,423,16532,1501000,1391000,1808000,1818000,-48,330,-63,430,,,,,,,,,,,,,,,,,,,,,,,,,,,,,,,,,,,,,,,,,,,,,,,,,,,,,,,,,,,,,,,,,,,,,,,,,,,,,,,,,,,,,,,,,,,,,,,
35450000,1328,61,-549,-376,913,-13674,-987,2372,41,221,-4,1800,2479,706,16532,1299,300,423,16532,1503000,1545000,1778000,1754000,-78,243,-101,316,,,,,,,,,,,,,,,,,,,,,,,,,,,,,,,,,,,,,,,,,,,,,,,,,,,,,,,,,,,,,,,,,,,,,,,,,,,,,,,,,,,,,,,,,,,,,,,
35503000,2217,-633,-468,98,807,-11599,-2940,1701,-134,164,-2,680,2520,705,16485,1307,248,419,16485,1526000,1513000,1777000,1762000,-26,289,-34,378,,,,,,,,,,,,,,,,,,,,,,,,,,,,,,,,,,,,,,,,,,,,,,,,,,,,,,,,,,,,,,,,,,,,,,,,,,,,,,,,,,,,,,,,,,,,,,,
35550000,1778,-1584,394,-126,692,-15383,-5626,-5379,-137,-57,-6,200,920,706,16532,1324,269,423,16532,1461000,1465000,1776000,1835000,-93,318,-124,421,,,,,,,,,,,,,,,,,,,,,,,,,,,,,,,,,,,,,,,,,,,,,,,,,,,,,,,,,,,,,,,,,,,,,,,,,,,,,,,,,,,,,,,,,,,,,,,
35603000,948,-1736,663,143,942,-10379,2613,-2571,-183,-141,-16,-1159,120,676,15157,1337,256,304,15157,1505000,1365000,1757000,1785000,-163,320,-218,428,,,,,,,,,,,,,,,,,,,,,,,,,,,,,,,,,,,,,,,,,,,,,,,,,,,,,,,,,,,,,,,,,,,,,,,,,,,,,,,,,,,,,,,,,,,,,,,
35650000,-94,-1183,-303,-94,817,-19290,5726,3959,-183,-96,-4,-2199,79,675,15112,1352,349,300,15112,1508000,1485000,1721000,1744000,-85,136,-116,184,,,,,,,,,,,,,,,,,,,,,,,,,,,,,,,,,,,,,,,,,,,,,,,,,,,,,,,,,,,,,,,,,,,,,,,,,,,,,,,,,,,,,,,,,,,,,,,
35703000,-1717,-1060,-75,-267,1185,-15628,-3734,1456,-49,-82,-2,-2279,120,673,15022,1387,359,291,15022,1484000,1469000,1693000,1789000,-243,389,-337,540,,,,,,,,,,,,,,,,,,,,,,,,,,,,,,,,,,,,,,,,,,,,,,,,,,,,,,,,,,,,,,,,,,,,,,,,,,,,,,,,,,,,,,,,,,,,,,,
35750000,-2071,-1085,95,194,690,-11904,8594,1884,-14,-87,-2,-2239,79,673,15022,1394,364,291,15022,1497000,1464000,1739000,1741000,-26,247,-37,345,,,,,,,,,,,,,,,,,,,,,,,,,,,,,,,,,,,,,,,,,,,,,,,,,,,,,,,,,,,,,,,,,,,,,,,,,,,,,,,,,,,,,,,,,,,,,,,
35803000,-2166,-1030,-66,-339,137,-11660,6397,4569,52,-79,0,-1559,120,673,15022,1413,308,291,15022,1482000,1527000,1724000,1725000,-130,264,-185,373,,,,,,,,,,,,,,,,,,,,,,,,,,,,,,,,,,,,,,,,,,,,,,,,,,,,,,,,,,,,,,,,,,,,,,,,,,,,,,,,,,,,,,,,,,,,,,,
35850000,-2276,-1052,-74,105,1266,-3359,12012,2250,163,-81,-2,-399,120,673,15022,1414,321,291,15022,1479000,1496000,1746000,1728000,-30,303,-42,429,,,,,,,,,,,,,,,,,,,,,,,,,,,,,,,,,,,,,,,,,,,,,,,,,,,,,,,,,,,,,,,,,,,,,,,,,,,,,,,,,,,,,,,,,,,,,,,
35903000,-3070,-1631,-16,-500,455,8419,2430,5241,240,-135,-2,-319,79,672,14978,1428,244,287,14978,1509000,1510000,1703000,1733000,-53,99,-76,141,,,,,,,,,,,,,,,,,,,,,,,,,,,,,,,,,,,,,,,,,,,,,,,,,,,,,,,,,,,,,,,,,,,,,,,,,,,,,,,,,,,,,,,,,,,,,,,
35950000,-2189,-1688,-157,-19,866,4757,9937,2555,170,-136,-2,-239,120,672,14978,1452,246,287,14978,1483000,1498000,1738000,1725000,67,260,97,378,,,,,,,,,,,,,,,,,,,,,,,,,,,,,,,,,,,,,,,,,,,,,,,,,,,,,,,,,,,,,,,,,,,,,,,,,,,,,,,,,,,,,,,,,,,,,,,
36003000,-1049,-2725,245,-248,308,9518,1392,5607,77,-227,0,-159,120,672,14978,1460,156,287,14978,1527000,1504000,1680000,1746000,-87,364,-127,531,,,,,,,,,,,,,,,,,,,,,,,,,,,,,,,,,,,,,,,,,,,,,,,,,,,,,,,,,,,,,,,,,,,,,,,,,,,,,,,,,,,,,,,,,,,,,,,
36050000,-884,-2859,-28,-205,343,2804,4993,3471,63,-246,0,-159,39,673,15022,1468,160,291,15022,1510000,1495000,1708000,1741000,83,271,123,398,,,,,,,,,,,,,,,,,,,,,,,,,,,,,,,,,,,,,,,,,,,,,,,,,,,,,,,,,,,,,,,,,,,,,,,,,,,,,,,,,,,,,,,,,,,,,,,
36103000,-31,-2843,358,174,580,10006,3651,4996,-11,-241,0,-159,79,672,14978,1469,141,287,14978,1555000,1468000,1673000,1755000,-19,174,-28,256,,,,,,,,,,,,,,,,,,,,,,,,,,,,,,,,,,,,,,,,,,,,,,,,,,,,,,,,,,,,,,,,,,,,,,,,,,,,,,,,,,,,,,,,,,,,,,,
36150000,-912,-2449,102,-199,322,5123,-1719,3593,69,-203,-2,-119,120,672,14978,1467,100,287,14978,1512000,1495000,1676000,1766000,171,17,251,25,,,,,,,,,,,,,,,,,,,,,,,,,,,,,,,,,,,,,,,,,,,,,,,,,,,,,,,,,,,,,,,,,,,,,,,,,,,,,,,,,,,,,,,,,,,,,,,
36203000,320,-2301,-65,609,904,7565,10059,2250,-38,-193,0,-119,79,672,14978,1466,84,287,14978,1563000,1416000,1726000,1731000,312,298,458,437,,,,,,,,,,,,,,,,,,,,,,,,,,,,,,,,,,,,,,,,,,,,,,,,,,,,,,,,,,,,,,,,,,,,,,,,,,,,,,,,,,,,,,,,,,,,,,,
36250000,492,-1381,421,152,46,9091,-1170,-313,-53,-110,-2,-119,120,671,14933,1469,7,284,14933,1512000,1431000,1714000,1768000,251,115,368,170,,,,,,,,,,,,,,,,,,,,,,,,,,,,,,,,,,,,,,,,,,,,,,,,,,,,,,,,,,,,,,,,,,,,,,,,,,,,,,,,,,,,,,,,,,,,,,,
36303000,895,36350000,699,-2225,38,417,1418,3109,3162,-1106,-71,-120,0,-119,840,671,14933,1463,-22,284,14933,1499000,1435000,1726000,1763000,460,247,673,361,,,,,,,,,,,,,,,,,,,,,,,,,,,,,,,,,,,,,,,,,,,,,,,,,,,,,,,,,,,,,,,,,,,,,,,,,,,,,,,,,,,,,,,,,,,,,
36403000,487,-2434,-498,36,790,-4824,-7091,175,13,-97,-2,640,1319,672,14978,1471,-51,287,14978,1471000,1490000,1707000,1773000,274,170,403,250,,,,,,,,,,,,,,,,,,,,,,,,,,,,,,,,,,,,,,,,,,,,,,,,,,,,,,,,,,,,,,,,,,,,,,,,,,,,,,,,,,,,,,,,,,,,,,,
36450000,-319,-2577,-74,308,1469,3048,1636,1762,205,-113,0,2040,1280,671,14933,1479,0,284,14933,1498000,1483000,1709000,1750000,318,153,470,227,,,,,,,,,,,,,,,,,,,,,,,,,,,,,,,,,,,,,,,,,,,,,,,,,,,,,,,,,,,,,,,,,,,,,,,,,,,,,,,,,,,,,,,,,,,,,,,
36503000,-916,-2693,-41,-391,741,16476,2430,-2144,439,-84,0,4120,1719,671,14933,1486,-65,284,14933,1474000,1445000,1740000,1760000,506,249,752,371,,,,,,,,,,,,,,,,,,,,,,,,,,,,,,,,,,,,,,,,,,,,,,,,,,,,,,,,,,,,,,,,,,,,,,,,,,,,,,,,,,,,,,,,,,,,,,,
36550000,90,-1405,-314,57,1060,31124,-4527,3348,526,23,-2,6120,1679,673,15022,1480,-38,291,15022,1514000,1489000,1705000,1738000,460,246,682,365,,,,,,,,,,,,,,,,,,,,,,,,,,,,,,,,,,,,,,,,,,,,,,,,,,,,,,,,,,,,,,,,,,,,,,,,,,,,,,,,,,,,,,,,,,,,,,,
36603000,1830,-3023,257,-651,501,28683,-4100,-3792,402,-117,0,6440,1679,672,14978,1482,-85,287,14978,1479000,1416000,1738000,1782000,559,-163,829,-242,,,,,,,,,,,,,,,,,,,,,,,,,,,,,,,,,,,,,,,,,,,,,,,,,,,,,,,,,,,,,,,,,,,,,,,,,,,,,,,,,,,,,,,,,,,,,,,
36650000,3466,-3067,-152,-271,1017,32955,-10081,1090,336,-114,-4,7320,1760,671,14933,1493,-64,284,14933,1522000,1441000,1694000,1774000,662,250,988,373,,,,,,,,,,,,,,,,,,,,,,,,,,,,,,,,,,,,,,,,,,,,,,,,,,,,,,,,,,,,,,,,,,,,,,,,,,,,,,,,,,,,,,,,,,,,,,,
36703000,4204,-2903,147,262,338,15316,-3917,-862,338,-64,-4,8080,2160,672,14978,1465,-180,287,14978,1465000,1472000,1728000,1764000,656,267,961,391,,,,,,,,,,,,,,,,,,,,,,,,,,,,,,,,,,,,,,,,,,,,,,,,,,,,,,,,,,,,,,,,,,,,,,,,,,,,,,,,,,,,,,,,,,,,,,,
36750000,3321,-2482,112,-100,688,22091,-12706,-191,509,0,-4,9160,2479,672,14978,1468,-182,287,14978,1480000,1467000,1692000,179136803000,4097,-2260,-182,230,1684,37167,-20152,1640,371,54,-4,8360,2880,672,14978,1470,-116,287,14978,1546000,1422000,1674000,1789000,500,277,736,407,,,,,,,,,,,,,,,,,,,,,,,,,,,,,,,,,,,,,,,,,,,,,,,,,,,,,,,,,,,,,,,,,,,,,,,,
36850000,5445,-2062,129,656,691,27462,-15880,907,-119,67,-2,4080,2839,671,14933,1458,-195,284,14933,1566000,1381000,1692000,1778000,690,306,1006,446,,,,,,,,,,,,,,,,,,,,,,,,,,,,,,,,,,,,,,,,,,,,,,,,,,,,,,,,,,,,,,,,,,,,,,,,,,,,,,,,,,,,,,,,,,,,,,,
36903000,5562,-2545,-297,-203,1597,2743,-13988,1029,-419,-131,-2,760,1040,672,14978,1462,-215,287,14978,1530000,1432000,1672000,1796000,666,522,973,763,,,,,,,,,,,,,,,,,,,,,,,,,,,,,,,,,,,,,,,,,,,,,,,,,,,,,,,,,,,,,,,,,,,,,,,,,,,,,,,,,,,,,,,,,,,,,,,
36950000,3550,-2207,-500,-136,1483,-28750,-7457,1517,-945,-84,0,-7279,1240,672,14978,1436,-197,287,14978,1569000,1393000,1692000,1772000,722,539,1037,774,,,,,,,,,,,,,,,,,,,,,,,,,,,,,,,,,,,,,,,,,,,,,,,,,,,,,,,,,,,,,,,,,,,,,,,,,,,,,,,,,,,,,,,,,,,,,,,
37003000,686,-3225,504,-196,288,-63479,8045,-862,-936,-166,-2,-10039,1319,669,14844,1404,-313,276,14844,1426000,1498000,1718000,1767000,794,594,1115,834,,,,,,,,,,,,,,,,,,,,,,,,,,,,,,,,,,,,,,,,,,,,,,,,,,,,,,,,,,,,,,,,,,,,,,,,,,,,,,,,,,,,,,,,,,,,,,,
37050000,-2513,-3205,245,-165,411,-59878,1209,-1900,-939,-230,-2,-13279,559,672,14978,1386,-397,287,14978,1487000,1432000,1706000,1795000,810,912,1123,1265,,,,,,,,,,,,,,,,,,,,,,,,,,,,,,,,,,,,,,,,,,,,,,,,,,,,,,,,,,,,,,,,,,,,,,,,,,,,,,,,,,,,,,,,,,,,,,,
37103000,-4567,-1980,-214,-119,1043,-57742,-4344,2372,-959,-123,0,-15559,559,673,15022,1364,-385,291,15022,1519000,1473000,1682000,1773000,717,753,978,1027,,,,,,,,,,,,,,,,,,,,,,,,,,,,,,,,,,,,,,,,,,,,,,,,,,,,,,,,,,,,,,,,,,,,,,,,,,,,,,,,,,,,,,,,,,,,,,,
37150000,-6756,-1636,-253,-112,1125,-63296,-2025,3104,-900,-93,-2,-17080,559,671,14933,1385,-279,284,14933,1485000,1514000,1692000,1754000,689,793,955,1099,,,,,,,,,,,,,,,,,,,,,,,,,,,,,,,,,,,,,,,,,,,,,,,,,,,,,,,,,,,,,,,,,,,,,,,,,,,,,,,,,,,,,,,,,,,,,,,
37203000,-8196,-2142,397,57,869,-65554,-3184,2006,-803,-141,0,-17400,520,673,15022,1358,-285,291,15022,1493000,1499000,1684000,1773000,717,654,974,889,,,,,,,,,,,,,,,,,,,,,,,,,,,,,,,,,,,,,,,,,,,,,,,,,,,,,,,,,,,,,,,,,,,,,,,,,,,,,,,,,,,,,,,,,,,,,,,
37250000,-9876,-1490,-354,-366,1898,-56155,-2513,6766,-625,-77,-2,-17039,599,672,14978,1355,-222,287,14978,1498000,1561000,1666000,1737000,712,722,965,979,,,,,,,,,,,,,,,,,,,,,,,,,,,,,,,,,,,,,,,,,,,,,,,,,,,,,,,,,,,,,,,,,,,,,,,,,,,,,,,,,,,,,,,,,,,,,,,
37303000,-11062,-1089,126,61,1340,-45474,-4649,5424,-437,-77,0,-16080,199,671,14933,1346,-143,284,14933,1506000,1541000,1661000,1751000,759,585,1022,787,,,,,,,,,,,,,,,,,,,,,,,,,,,,,,,,,,,,,,,,,,,,,,,,,,,,,,,,,,,,,,,,,,,,,,,,,,,,,,,,,,,,,,,,,,,,,,,
37350000,-10699,-1932,-235,-286,924,-35891,-621,7926,-413,-151,0,-15439,199,673,15022,1340,-154,291,15022,1534000,1556000,1642000,1740000,771,631,1033,845,,,,,,,,,,,,,,,,,,,,,,,,,,,,,,,,,,,,,,,,,,,,,,,,,,,,,,,,,,,,,,,,,,,,,,,,,,,,,,,,,,,,,,,,,,,,,,,
37403000,-10041,-2166,-97,503,1132,-29666,355,9269,-467,-171,-2,-15400,199,672,14978,1325,-143,287,14978,1557000,1552000,1617000,1744000,733,184,972,244,,,,,,,,,,,,,,,,,,,,,,,,,,,,,,,,,,,,,,,,,,,,,,,,,,,,,,,,,,,,,,,,,,,,,,,,,,,,,,,,,,,,,,,,,,,,,,,
37450000,-9596,-2040,-289,-558,1063,-23562,-560,8781,-496,-132,-2,-15279,520,672,14978,1311,-216,287,14978,1603000,1497000,1605000,1753000,821,358,1076,470,,,,,,,,,,,,,,,,,,,,,,,,,,,,,,,,,,,,,,,,,,,,,,,,,,,,,,,,,,,,,,,,,,,,,,,,,,,,,,,,,,,,,,,,,,,,,,,
37503000,-9382,-780,-189,-310,658,-34976,2979,8781,-486,12,-2,-14959,920,672,14978,1277,-228,287,14978,1549000,1564000,1647000,1714000,912,136,1164,174,,,,,,,,,,,,,,,,,,,,,,,,,,,,,,,,,,,,,,,,,,,,,,,,,,,,,,,,,,,,,,,,,,,,,,,,,,,,,,,,,,,,,,,,,,,,,,,
37550000,-9381,-100,472,-149,-296,-20510,1209,9147,-462,67,-2,-14679,880,671,14933,1260,-269,284,14933,1593000,1527000,1632000,1718000,869,-50,1095,-63,,,,,,,,,,,,,,,,,,,,,,,,,,,,,,,,,,,,,,,,,,,,,,,,,,,,,,,,,,,,,,,,,,,,,,,,,,,,,,,,,,,,,,,,,,,,,,,
37603000,-10067,-528,14,-240,457,-22769,13111,7316,-273,72,-2,-13199,1359,702,16345,1212,-344,408,16345,1554000,1575000,1669000,1720000,869,-50,1053,-60,,,,,,,,,,,,,,,,,,,,,,,,,,,,,,,,,,,,,,,,,,,,,,,,,,,,,,,,,,,,,,,,,,,,,,,,,,,,,,,,,,,,,,,,,,,,,,,
37650000,-8062,-1035,561,210,407,2194,15736,6766,-263,63,0,-11079,1760,725,17434,1203,-438,500,17434,1647000,1537000,1698000,1742000,806,-73,970,-88,,,,,,,,,,,,,,,,,,,,,,,,,,,,,,,,,,,,,,,,,,,,,,,,,,,,,,,,,,,,,,,,,,,,,,,,,,,,,,,,,,,,,,,,,,,,,,,
37703000,-7957,127,-176,-768,1053,-8731,12623,4203,359,384,0,-3839,4279,744,18359,1167,-479,576,18359,1558000,1672000,1767000,1760000,902,-462,1052,-539,,,,,,,,,,,,,,,,,,,,,,,,,,,,,,,,,,,,,,,,,,,,,,,,,,,,,,,,,,,,,,,,,,,,,,,,,,,,,,,,,,,,,,,,,,,,,,,
37750000,-6100,943,-249,36,1558,34420,-10692,6644,441,815,0,-1039,8400,744,18359,1148,-424,576,18359,1691000,1571000,1737000,1761000,848,-367,974,-422,,,,,,,,,,,,,,,,,,,,,,,,,,,,,,,,,,,,,,,,,,,,,,,,,,,,,,,,,,,,,,,,,,,,,,,,,,,,,,,,,,,,,,,,,,,,,,,
37803000,-1780,68,0,-194,1530,59628,-42735,6766,577,1056,0,4840,12040,745,18409,1088,-480,580,18409,1667000,1604000,1710000,1783000,1231,-589,1339,-641,,,,,,,,,,,,,,,,,,,,,,,,,,,,,,,,,,,,,,,,,,,,,,,,,,,,,,,,,,,,,,,,,,,,,,,,,,,,,,,,,,,,,,,,,,,,,,,
37850000,657,-1616,-259,193,1223,40036,-56102,2067,647,1038,0,8080,13520,743,18310,1055,-447,571,18310,1583000,1630000,1744000,1795000,1327,-1106,1400,-1167,,,,,,,,,,,,,,,,,,,,,,,,,,,,,,,,,,,,,,,,,,,,,,,,,,,,,,,,,,,,,,,,,,,,,,,,,,,,,,,,,,,,,,,,,,,,,,,
37903000,2774,-3507,-186,34,1072,53097,-57994,5424,658,995,-2,10320,14920,738,18064,1023,-398,551,18064,1659000,1595000,1718000,1786000,1108,-922,1134,-943,,,,,,,,,,,,,,,,,,,,,,,,,,,,,,,,,,,,,,,,,,,,,,,,,,,,,,,,,,,,,,,,,,,,,,,,,,,,,,,,,,,,,,,,,,,,,,,
37950000,3217,-4861,-196,-156,1572,51754,-51585,-1594,609,996,0,10200,16280,743,18310,982,-326,571,18310,1619000,1549000,1774000,1800000,1347,-1300,1323,-1277,,,,,,,,,,,,,,,,,,,,,,,,,,,,,,,,,,,,,,,,,,,,,,,,,,,,,,,,,,,,,,,,,,,,,,,,,,,,,,,,,,,,,,,,,,,,,,,
38003000,5636,-6955,-154,-370,1424,49008,-53050,1456,324,820,0,9360,16359,744,18359,960,-311,576,18359,1660000,1546000,1730000,1813000,1262,-1341,1212,-1288,,,,,,,,,,,,,,,,,,,,,,,,,,,,,,,,,,,,,,,,,,,,,,,,,,,,,,,,,,,,,,,,,,,,,,,,,,,,,,,,,,,,,,,,,,,,,,,
38050000,6780,-7907,-46,340,861,25021,-36693,-3486,155,734,-2,8560,16320,743,18310,949,-235,571,18310,1605000,1536000,1793000,1801000,1006,-1135,955,-1077,,,,,,,,,,,,,,,,,,,,,,,,,,,,,,,,,,,,,,,,,,,,,,,,,,,,,,,,,,,,,,,,,,,,,,,,,,,,,,,,,,,,,,,,,,,,,,,
38103000,7064,-8007,-331,346,1310,15805,-33580,-252,133,718,-2,8600,16240,741,18212,968,-83,564,18212,1609000,1572000,1779000,1782000,908,-1309,879,-1267,,,,,,,,,,,,,,,,,,,,,,,,,,,,,,,,,,,,,,,,,,,,,,,,,,,,,,,,,,,,,,,,,,,,,,,,,,,,,,,,,,,,,,,,,,,,,,,
38150000,6442,-8653,357,-304,1131,22946,-32054,-2510,181,675,-2,8520,16400,741,18212,971,5,564,18212,1633000,1510000,1769000,1813000,818,-1077,794,-1046,,,,,,,,,,,,,,,,,,,,,,,,,,,,,,,,,,,,,,,,,,,,,,,,,,,,,,,,,,,,,,,,,,,,,,,,,,,,,,,,,,,,,,,,,,,,,,,
38203000,5628,-8222,291,-109,1138,22824,-31260,-1289,287,678,-6,8920,15999,741,18212,984,69,564,18212,1635000,1519000,1770000,1805000,616,-1075,607,-1058,,,,,,,,,,,,,,,,,,,,,,,,,,,,,,,,,,,,,,,,,,,,,,,,,,,,,,,,,,,,,,,,,,,,,,,,,,,,,,,,,,,,,,,,,,,,,,,
38250000,4748,-8023,-402,11,1624,17269,-31566,-4280,273,423,-6,7880,12880,742,18261,980,216,567,18261,1590000,1530000,1763000,1842000,592,-1366,580,-1339,,,,,,,,,,,,,,,,,,,,,,,,,,,,,,,,,,,,,,,,,,,,,,,,,,,,,,,,,,,,,,,,,,,,,,,,,,,,,,,,,,,,,,,,,,,,,,,
38303000,4579,-7939,63,-151,1166,15072,-15697,-1900,-40,-221,-4,4120,5399,740,18163,980,249,560,18163,1636000,1509000,1741000,1840000,273,-1253,267,-1228,,,,,,,,,,,,,,,,,,,,,,,,,,,,,,,,,,,,,,,,,,,,,,,,,,,,,,,,,,,,,,,,,,,,,,,,,,,,,,,,,,,,,,,,,,,,,,,
38350000,5357,-7234,-202,134,1497,-6777,27454,-3547,-170,-163,-4,3400,5360,740,18163,986,255,560,18163,1594000,1530000,1828000,1771000,189,-1289,186,-1270,,,,,,,,,,,,,,,,,,,,,,,,,,,,,,,,,,,,,,,,,,,,,,,,,,,,,,,,,,,,,,,,,,,,,,,,,,,,,,,,,,,,,,,,,,,,,,,
38403000,3793,-4500,-260,349,955,-9097,33741,-2571,-58,47,0,3120,5039,740,18163,997,222,560,18163,1592000,1545000,1823000,1763000,-41,-1198,-41,-1195,,,,,,,,,,,,,,,,,,,,,,,,,,,,,,,,,,,,,,,,,,,,,,,,,,,,,,,,,,,,,,,,,,,,,,,,,,,,,,,,,,,,,,,,,,,,,,,
38450000,2220,-3463,-163,-406,1288,729,14515,-1838,36,95,-2,2640,4560,739,18113,999,272,556,18113,1611000,1528000,1773000,1808000,-256,-1137,-256,-1136,,,,,,,,,,,,,,,,,,,,,,,,,,,,,,,,,,,,,,,,,,,,,,,,,,,,,,,,,,,,,,,,,,,,,,,,,,,,,,,,,,,,,,,,,,,,,,,
38503000,1649,-2552,-155,-291,1133,7382,14332,-2205,86,168,-2,2640,4479,739,18113,1024,309,556,18113,1606000,1524000,1795000,1789000,-428,-1019,-438,-1044,,,,,,,,,,,,,,,,,,,,,,,,,,,,,,,,,,,,,,,,,,,,,,,,,,,,,,,,,,,,,,,,,,,,,,,,,,,,,,,,,,,,,,,,,,,,,,,
38550000,1975,-1764,357,53,1075,13729,19947,-3303,68,202,0,2760,4080,740,18163,1024,374,560,18163,1625000,1483000,1817000,1778000,-654,-1127,-670,-1154,,,,,,,,,,,,,,,,,,,,,,,,,,,,,,,,,,,,,,,,,,,,,,,,,,,,,,,,,,,,,,,,,,,,,,,,,,,,,,,,,,,,,,,,,,,,,,,
38603000,2224,-552,260,-420,1592,10861,4017,-3120,102,237,0,3400,3280,706,16532,1037,396,423,16532,1602000,1483000,1779000,1797000,-600,-846,-623,-877,,,,,,,,,,,,,,,,,,,,,,,,,,,,,,,,,,,,,,,,,,,,,,,,,,,,,,,,,,,,,,,,,,,,,,,,,,,,,,,,,,,,,,,,,,,,,,,
38650000,3376,-1736,62,460,412,3781,6947,-2998,-11,12,-2,3240,1879,708,16626,1087,1765000,1779000,-822,-1186,-893,-1289,,,,,,,,,,,,,,,,,,,,,,,,,,,,,,,,,,,,,,,,,,,,,,,,,,,,,,,,,,,,,,,,,,,,,,,,,,,,,,,,,,,,,,,,,,,,,,,,,,,,
38703000,2901,-1984,-74,395,1234,2682,16956,-801,106,-155,-2,4120,199,637,13458,1107,595,148,13458,1485000,1399000,1713000,1680000,-648,-794,-717,-879,,,,,,,,,,,,,,,,,,,,,,,,,,,,,,,,,,,,,,,,,,,,,,,,,,,,,,,,,,,,,,,,,,,,,,,,,,,,,,,,,,,,,,,,,,,,,,,
38750000,1484,-709,57,-406,1052,7138,20191,1273,195,-40,0,3720,239,634,13332,1110,510,136,13332,1495000,1425000,1715000,1653000,-815,-723,-905,-802,,,,,,,,,,,,,,,,,,,,,,,,,,,,,,,,,,,,,,,,,,,,,,,,,,,,,,,,,,,,,,,,,,,,,,,,,,,,,,,,,,,,,,,,,,,,,,,
38803000,1570,-1665,208,382,631,-491,8961,-2144,184,-127,0,3680,199,634,13332,1145,416,136,13332,1470000,1398000,1699000,1709000,-874,-635,-1001,-727,,,,,,,,,,,,,,,,,,,,,,,,,,,,,,,,,,,,,,,,,,,,,,,,,,,,,,,,,,,,,,,,,,,,,,,,,,,,,,,,,,,,,,,,,,,,,,,
38850000,744,-690,91,243,1087,7992,8594,2311,322,-39,-2,4440,239,634,13332,1161,427,136,13332,1504000,1437000,1689000,1669000,-861,-616,-1000,-715,,,,,,,,,,,,,,,,,,,,,,,,,,,,,,,,,,,,,,,,,,,,,,,,,,,,,,,,,,,,,,,,,,,,,,,,,,,,,,,,,,,,,,,,,,,,,,,
38903000,-442,-1472,363,-331,-231,15377,-2147,3043,534,-121,0,5680,79,635,13374,1180,281,139,13374,1491000,1467000,1658000,1689000,-1023,-609,-1207,-719,,,,,,,,,,,,,,,,,,,,,,,,,,,,,,,,,,,,,,,,,,,,,,,,,,,,,,,,,,,,,,,,,,,,,,,,,,,,,,,,,,,,,,,,,,,,,,,
38950000,-883,-2733,272,-321,454,20565,8228,663,656,-231,2,6640,79,634,13332,1200,285,136,13332,1466000,1459000,1690000,1682000,-1186,-768,-1423,-922,,,,,,,,,,,,,,,,,,,,,,,,,,,,,,,,,,,,,,,,,,,,,,,,,,,,,,,,,,,,,,,,,,,,,,,,,,,,,,,,,,,,,,,,,,,,,,,
39003000,-164,-2543,-104,-258,400,28256,14149,1212,628,-214,0,7040,79,634,13332,1225,214,136,13332,1500000,1432000,1695000,1670000,-948,-767,-1161,-940,,,,,,,,,,,,,,,,,,,,,,,,,,,,,,,,,,,,,,,,,,,,,,,,,,,,,,,,,,,,,,,,,,,,,,,,,,,,,,,,,,,,,,,,,,,,,,,
39050000,721,-1289,-71,-573,412,32101,21473,2128,680,-102,0,8520,120,606,12180,1239,186,24,12180,1454000,1426000,1681000,1623000,-1025,-644,-1270,-799,,,,,,,,,,,,,,,,,,,,,,,,,,,,,,,,,,,,,,,,,,,,,,,,,,,,,,,,,,,,,,,,,,,,,,,,,,,,,,,,,,,,,,,,,,,,,,,
39103000,3197,-468,139,538,492,34725,13477,1212,471,-33,-2,8600,79,604,12100,1233,55,15,12100,1505000,1346000,1658000,1659000,-1152,-371,-1421,-458,,,,,,,,,,,,,,,,,,,,,,,,,,,,,,,,,,,,,,,,,,,,,,,,,,,,,,,,,,,,,,,,,,,,,,,,,,,,,,,,,,,,,,,,,,,,,,,
39150000,3253,-315,22,-193,1001,25814,18421,-740,504,-20,-4,9040,79,604,12100,1249,40,15,12100,1414000,1413000,1713000,1622000,-1237,-441,-1545,-551,,,,,,,,,,,,,,,,,,,,,,,,,,,,,,,,,,,,,,,,,,,,,,,,,,,,,,,,,,,,,,,,,,,,,,,,,,,,,,,,,,,,,,,,,,,,,,,
39203000,3186,-1603,112,-550,20,15988,15491,1945,538,-132,-2,9360,79,605,12140,1256,-76,20,12140,1435000,1443000,1669000,1634000,-1121,-328,-1408,-412,,,,,,,,,,,,,,,,,,,,,,,,,,,,,,,,,,,,,,,,,,,,,,,,,,,,,,,,,,,,,,,,,,,,,,,,,,,,,,,,,,,,,,,,,,,,,,,
39250000,3808,-1551,348,45,563,19894,23182,541,484,-124,-2,9360,120,605,12140,1268,-181,20,12140,1457000,1396000,1692000,1625000,-1298,-350,-1646,-444,,,,,,,,,,,,,,,,,,,,,,,,,,,,,,,,,,,,,,,,,,,,,,,,,,,,,,,,,,,,,,,,,,,,,,,,,,,,,,,,,,,,,,,,,,,,,,,
39303000,2750,-254,-192,-424,636,13416,1281,-204,143,13416,1458000,1463000,1693000,1628000,-1350,-34739350000,4080,723,-200,-52,667,26058,9876,4691,467,98,-2,9440,399,636,13416,1267,-235,143,13416,1531000,1471000,1676000,1640,,,,,,,,,,,,,,,,,,,,,,,,,,,,,,,,,,,,,,,,,,,,,,,,,,,,,,,,,,,,,,,,,,,,,,,,,,,,,,,,,,,
39403000,3848,-439,430,77,959,27157,3162,5057,411,31,0,8560,799,637,13458,1233,-297,148,13458,1553000,1455000,1655000,1662000,-1258,162,-1551,200,,,,,,,,,,,,,,,,,,,,,,,,,,,,,,,,,,,,,,,,,,,,,,,,,,,,,,,,,,,,,,,,,,,,,,,,,,,,,,,,,,,,,,,,,,,,,,,
39450000,3127,-680,184,118,-80,7199,1575,-801,212,136,0,5560,2239,636,13416,1230,-345,143,13416,1468000,1453000,1715000,1665000,-1314,84,-1616,103,,,,,,,,,,,,,,,,,,,,,,,,,,,,,,,,,,,,,,,,,,,,,,,,,,,,,,,,,,,,,,,,,,,,,,,,,,,,,,,,,,,,,,,,,,,,,,,
39503000,2626,-1239,-9,335,1394,-4458,843,-618,-110,41,-6,1360,1719,673,15022,1182,-413,291,15022,1563000,1419000,1734000,1698000,-1158,422,-1369,499,,,,,,,,,,,,,,,,,,,,,,,,,,,,,,,,,,,,,,,,,,,,,,,,,,,,,,,,,,,,,,,,,,,,,,,,,,,,,,,,,,,,,,,,,,,,,,,
39550000,1729,-1756,194,345,971,-16116,-4771,1029,-63,-72,-20,1000,920,680,15337,1148,-615,320,15337,1495000,1541000,1709000,1738000,-1160,476,-1332,547,,,,,,,,,,,,,,,,,,,,,,,,,,,,,,,,,,,,,,,,,,,,,,,,,,,,,,,,,,,,,,,,,,,,,,,,,,,,,,,,,,,,,,,,,,,,,,,
39603000,1205,-3198,-273,-399,1616,-27224,1636,5241,-140,-230,-35,-399,559,706,16532,1128,-569,423,16532,1561000,1586000,1716000,1742000,-1338,611,-1509,690,,,,,,,,,,,,,,,,,,,,,,,,,,,,,,,,,,,,,,,,,,,,,,,,,,,,,,,,,,,,,,,,,,,,,,,,,,,,,,,,,,,,,,,,,,,,,,,
39650000,987,-4660,-353,378,1839,-25637,25562,4691,-232,-399,-35,-1679,79,706,16532,1063,-733,423,16532,1580000,1561000,1757000,1706000,-1190,778,-1265,827,,,,,,,,,,,,,,,,,,,,,,,,,,,,,,,,,,,,,,,,,,,,,,,,,,,,,,,,,,,,,,,,,,,,,,,,,,,,,,,,,,,,,,,,,,,,,,,
39703000,-1917,-3883,-61,-135,787,-28811,28370,4264,-366,-331,-18,-6119,79,706,16532,1028,-707,423,16532,1576000,1576000,1765000,1693000,-1374,899,-1412,924,,,,,,,,,,,,,,,,,,,,,,,,,,,,,,,,,,,,,,,,,,,,,,,,,,,,,,,,,,,,,,,,,,,,,,,,,,,,,,,,,,,,,,,,,,,,,,,
39750000,-1416,-3145,406,637,848,-26675,28431,1395,-588,-267,-18,-8159,79,710,16720,1002,-663,439,16720,1601000,1506000,1777000,1708000,-1450,958,-1453,960,,,,,,,,,,,,,,,,,,,,,,,,,,,,,,,,,,,,,,,,,,,,,,,,,,,,,,,,,,,,,,,,,,,,,,,,,,,,,,,,,,,,,,,,,,,,,,,
39803000,-1750,-2049,83,505,1020,-52249,19031,1090,-671,-171,-18,-9439,79,709,16673,956,-632,435,16673,1544000,1570000,1778000,1716000,-1350,1059,-1291,1012,,,,,,,,,,,,,,,,,,,,,,,,,,,,,,,,,,,,,,,,,,,,,,,,,,,,,,,,,,,,,,,,,,,,,,,,,,,,,,,,,,,,,,,,,,,,,,,
39850000,-3385,-2544,462,-409,896,-46328,2125,2677,-646,-211,-12,-10799,120,709,16673,930,-632,435,16673,1568000,1575000,1718000,1755000,-1418,1449,-1319,1348,,,,,,,,,,,,,,,,,,,,,,,,,,,,,,,,,,,,,,,,,,,,,,,,,,,,,,,,,,,,,,,,,,,,,,,,,,,,,,,,,,,,,,,,,,,,,,,
39903000,-4370,-2054,70,-259,1095,-49258,13599,1945,-487,-172,-6,-9959,79,711,16767,893,-626,444,16767,1538000,1601000,1765000,1713000,-1196,1117,-1068,998,,,,,,,,,,,,,,,,,,,,,,,,,,,,,,,,,,,,,,,,,,,,,,,,,,,,,,,,,,,,,,,,,,,,,,,,,,,,,,,,,,,,,,,,,,,,,,,
39950000,-4659,-2186,-89,5,1023,-46511,3284,1151,-466,-180,-10,-9999,120,710,16720,889,-516,439,16720,1537000,1591000,1757000,1731000,-1346,811,-1197,721,,,,,,,,,,,,,,,,,,,,,,,,,,,,,,,,,,,,,,,,,,,,,,,,,,,,,,,,,,,,,,,,,,,,,,,,,,,,,,,,,,,,,,,,,,,,,,,
40003000,-5031,-2436,-54,-416,875,-34182,2796,4142,-433,-205,-4,-9999,79,710,16720,862,-455,439,16720,1579000,1595000,1728000,1724000,-1122,1114,-967,960,,,,,,,,,,,,,,,,,,,,,,,,,,,,,,,,,,,,,,,,,,,,,,,,,,,,,,,,,,,,,,,,,,,,,,,,,,,,,,,,,,,,,,,,,,,,,,,
40050000,-4701,-1580,-80,84,1193,-38333,2369,-557,-479,22,-6,-10200,1840,710,16720,841,-333,439,16720,1532000,1577000,1782000,1716000,-1079,1175,-908,988,,,,,,,,,,,,,,,,,,,,,,,,,,,,,,,,,,,,,,,,,,,,,,,,,,,,,,,,,,,,,,,,,,,,,,,,,,,,,,,,,,,,,,,,,,,,,,,
40103000,-3863,-2066,-625,-294,1261,-30276,-4588,3104,-685,165,-6,-11719,3959,709,16673,830,-376,435,16673,1579000,1581000,1766000,1693000,-1109,1300,-920,1079,,,,,,,,,,,,,,,,,,,,,,,,,,,,,,,,,,,,,,,,,,,,,,,,,,,,,,,,,,,,,,,,,,,,,,,,,,,,,,,,,,,,,,,,,,,,,,,
40150000,-2091,-3520,151,573,518,-41262,-15880,-984,-794,247,-6,-11199,6359,708,16626,811,-377,432,16626,1552000,1552000,1765000,1735000,-1042,998,-845,809,,,,,,,,,,,,,,,,,,,,,,,,,,,,,,,,,,,,,,,,,,,,,,,,,,,,,,,,,,,,,,,,,,,,,,,,,,,,,,,,,,,,,,,,,,,,,,,
40203000,-2955,-4105,-355,322,1510,-52371,-19114,1029,-394,367,-4,-7479,8320,707,16579,786,-275,428,16579,1492000,1632000,1773000,1700000,-896,689,-704,541,,,,,,,,,,,,,,,,,,,,,,,,,,,,,,,,,,,,,,,,,,,,,,,,,,,,,,,,,,,,,,,,,,,,,,,,,,,,,,,,,,,,,,,,,,,,,,,
40250000,-5489,-5635,209,-242,993,-13308,-31810,358,147,234,-4,-3799,8320,707,16579,763,-309,428,16579,1517000,1605000,1742000,1741000,-995,1184,-759,903,,,,,,,,,,,,,,,,,,,,,,,,,,,,,,,,,,,,,,,,,,,,,,,,,,,,,,,,,,,,,,,,,,,,,,,,,,,,,,,,,,,,,,,,,,,,,,,
40303000,-3279,-7875,111,590,800,3659,-31322,785,174,35,-6,-1279,8280,706,16532,744,-256,423,16532,1599000,1525000,1714000,1761000,-937,900,-697,670,,,,,,,,,,,,,,,,,,,,,,,,,,,,,,,,,,,,,,,,,,,,,,,,,,,,,,,,,,,,,,,,,,,,,,,,,,,,,,,,,,,,,,,,,,,,,,,
40350000,-1962,-7963,118,494,1261,26242,-17039,1090,125,62,-6,-519,8680,706,16532,755,-246,423,16532,1607000,1521000,1738000,1734000,-898,720,-678,544,,,,,,,,,,,,,,,,,,,,,,,,,,,,,,,,,,,,,,,,,,,,,,,,,,,,,,,,,,,,,,,,,,,,,,,,,,,,,,,,,,,,,,,,,,,,,,,
40403000,-348,-7741,-90,377,1353,3353,-16795,358,30,-26,-4,0,7439,706,16532,749,-111,423,16532,1534000,1589000,1724000,1753000,-966,524,-723,392,,,,,,,,,,,,,,,,,,,,,,,,,,,,,,,,,,,,,,,,,,,,,,,,,,,,,,,,,,,,,,,,,,,,,,,,,,,,,,,,,,,,,,,,,,,,,,,
40450000,541,-7749,-3,614,909,10617,-13682,2250,-43,-142,-6,40,6120,705,16485,746,-87,419,16485,1601000,1546000,1706000,1751000,-1027,275,-766,205,,,,,,,,,,,,,,,,,,,,,,,,,,,,,,,,,,,,,,,,,,,,,,,,,,,,,,,,,,,,,,,,,,,,,,,,,,,,,,,,,,,,,,,,,,,,,,,
40503000,1547,-7375,-62,-95,1073,10983,-316,-435,-135,-416,-4,0,2600,705,16485,747,-38,419,16485,1584000,1527000,1702000,1779000,-1061,339,-792,253,,,,,,,,,,,,,,,,,,,,,,,,,,,,,,,,,,,,,,,,,,,,,,,,,,,,,,,,,,,,,,,,,,,,,,,,,,,,,,,,,,,,,,,,,,,,,,,
40550000,2750,-6643,-460,220,1733,6161,4871,2921,-240,-485,-4,0,1080,706,16532,735,-50,423,16532,1597000,1563000,1701000,1746000,-1140,178,-838,131,,,,,,,,,,,,,,,,,,,,,,,,,,,,,,,,,,,,,,,,,,,,,,,,,,,,,,,,,,,,,,,,,,,,,,,,,,,,,,,,,,,,,,,,,,,,,,,
40603000,1957,-5529,230,-89,1025,-8242,28370,-1655,-170,-465,-6,0,199,706,16532,751,10,423,16532,1546000,1552000,1774000,1723000,-1118,116,-840,87,,,,,,,,,,,,,,,,,,,,,,,,,,,,,,,,,,,,,,,,,,,,,,,,,,,,,,,,,,,,,,,,,,,,,,,,,,,,,,,,,,,,,,,,,,,,,,,
40650000,534,-3499,-381,-563,895,8114,22816,2982,-53,-298,0,-79,79,705,16485,746,3,419,16485,1621000,1541000,1722000,1719000,-1149,55,-857,41,,,,,,,,,,,,,,,,,,,,,,,,,,,,,,,,,,,,,,,,,,,,,,,,,,,,,,,,,,,,,,,,,,,,,,,,,,,,,,,,,,,,,,,,,,,,,,,
40703000,1388,-2728,171,151,1471,7443,9937,-1411,-89,-290,39,360,-599,681,15382,743,-6,323,15382,1588000,1549000,1712000,1750000,-1150,-217,-854,-161,,,,,,,,,,,,,,,,,,,,,,,,,,,,,,,,,,,,,,,,,,,,,,,,,,,,,,,,,,,,,,,,,,,,,,,,,,,,,,,,,,,,,,,,,,,,,,,
40750000,1048,-2669,125,-376,563,6100,14149,846,-25,-292,41,760,-679,672,14978,734,-23,287,14978,1560000,1537000,1684000,1692000,-989,-178,-726,-131,,,,,,,,,,,,,,,,,,,,,,,,,,,,,,,,,,,,,,,,,,,,,,,,,,,,,,,,,,,,,,,,,,,,,,,,,,,,,,,,,,,,,,,,,,,,,,,
40803000,294,-1704,-446,447,1140,8480,9266,1212,61,-162,41,1000,-160,672,14978,750,-29,287,14978,1558000,1544000,1668000,1700000,-1189,-333,-892,-250,,,,,,,,,,,,,,,,,,,,,,,,,,,,,,,,,,,,,,,,,,,,,,,,,,,,,,,,,,,,,,,,,,,,,,,,,,,,,,,,,,,,,,,,,,,,,,,
40850000,535,-1501,-125,155,925,10128,7862,1456,124,-134,43,1960,-39,671,14933,765,23,284,14933,1572000,1538000,1670000,1695000,-921,-119,-705,-91,,,,,,,,,,,,,,,,,,,,,,,,,,,,,,,,,,,,,,,,,,,,,,,,,,,,,,,,,,,,,,,,,,,,,,,,,,,,,,,,,,,,,,,,,,,,,,,
40903000,1275,-2008,251,6,953,19161,11097,-1594,318,-178,39,4920,-39,672,14978,779,3,287,14978,1542000,1524000,1706000,1694000,-912,-374,-711,-292,,,,,,,,,,,,,,,,,,,,,,,,,,,,,,,,,,,,,,,,,,,,,,,,,,,,,,,,,,,,,,,,,,,,,,,,,,,,,,,,,,,,,,,,,,,,,,,
40950000,1074,-3048,64,-98,1032,30392,10670,-130,457,-269,39,6320,-39,672,14978,777,11,287,14978,1576000,1510000,1670000,1713000,-819,-478,-636,-371,,,,,,,,,,,,,,,,,,,,,,,,,,,,,,,,,,,,,,,,,,,,,,,,,,,,,,,,,,,,,,,,,,,,,,,,,,,,,,,,,,,,,,,,,,,,,,,
41003000,1545,-3564,-112,15,922,36373,13416,-1167,420,-311,33,6360,0,672,14978,776,96,287,14978,1572000,1496000,1680000,1717000,-762,-587,-591,-455,,,,,,,,,,,,,,,,,,,,,,,,,,,,,,,,,,,,,,,,,,,,,,,,,,,,,,,,,,,,,,,,,,,,,,,,,,,,,,,,,,,,,,,,,,,,,,,
41050000,2826,-2267,-480,-62,1743,36007,10181,-68,308,-194,6,6360,39,673,15022,774,76,291,15022,1567000,1492000,1703000,1697000,-788,-387,-610,-299,,,,,,,,,,,,,,,,,,,,,,,,,,,,,,,,,,,,,,,,,,,,,,,,,,,,,,,,,,,,,,,,,,,,,,,,,,,,,,,,,,,,,,,,,,,,,,,
41103000,3488,-2406,423,605,596,14035,18238,-1838,212,-175,4,5920,399,671,14933,768,101,284,14933,1517000,1517000,1721000,1700000,-696,-634,-534,-487,,,,,,,,,,,,,,,,,,,,,,,,,,,,,,,,,,,,,,,,,,,,,,,,,,,,,,,,,,,,,,,,,,,,,,,,,,,,,,,,,,,,,,,,,,,,,,,
41150000,3184,-1505,247,137,855,16903,6947,175,238,-96,2,5920,399,670,14889,785,35,280,14889,1544000,1516000,1686000,1712000,-666,-623,-523,-489,,,,,,,,,,,,,,,,,,,,,,,,,,,,,,,,,,,,,,,,,,,,,,,,,,,,,,,,,,,,,,,,,,,,,,,,,,,,,,,,,,,,,,,,,,,,,,,
41203000,3310,-840,-162,-106,709,28134,2491,1701,136,0,4,4880,840,671,14933,761,41250000,3401,-2268,-108,73,1248,10128,599,-1106,55,-117,0,4040,920,670,14889,787,181,280,14889,1524000,1517000,1702000,1711000,-619,-609,-487,-479,,,,,,,,,,,,,,,,,,,,,,,,,,,,,,,,,,,,,,,,,,,,,,,,,,,,,,,,,,,,,,,,,,,,,,,,,,,,,,
41303000,2460,-1395,-411,-124,1808,-5007,3712,1212,-8,56,-2,2360,2040,671,14933,753,169,284,14933,1534000,1540000,1715000,1675000,-141,-76,-106,-57,,,,,,,,,,,,,,,,,,,,,,,,,,,,,,,,,,,,,,,,,,,,,,,,,,,,,,,,,,,,,,,,,,,,,,,,,,,,,,,,,,,,,,,,,,,,,,,
41350000,1376,-1237,-465,-202,1614,-186,5360,-130,5,77,0,1440,2119,670,14889,754,148,280,14889,1555000,1498000,1717000,1685000,-142,41403000,1683,-1856,498,57,801,11227,-12767,3410,-129,78,0,200,2760,670,14889,777,32,280,14889,1608000,1494000,1652000,1711000,-121,-217,-94,-168,,,,,,,,,,,,,,,,,,,,,,,,,,,,,,,,,,,,,,,,,,,,,,,,,,,,,,,,,,,,,,,,,,,,,,
41450000,1835,-3673,-12,-245,981,-14712,-14232,1884,-156,-79,-2,40,2760,670,14889,762,-94,280,14889,1533000,1552000,1660000,1721000,-63,-128,-48,-97,,,,,,,,,,,,,,,,,,,,,,,,,,,,,,,,,,,,,,,,,,,,,,,,,,,,,,,,,,,,,,,,,,,,,,,,,,,,,,,,,,,,,,,,,,,,,,,
41503000,431,-4664,259,-84,649,-17153,-3489,480,-65,-131,-2,-319,3159,670,14889,744,-112,280,14889,1537000,1526000,1685000,1710000,36,-164,26,-122,,,,,,,,,,,,,,,,,,,,,,,,,,,,,,,,,,,,,,,,,,,,,,,,,,,,,,,,,,,,,,,,,,,,,,,,,,,,,,,,,,,,,,,,,,,,,,,
41550000,-1218,-4507,79,-431,1220,-3665,2186,785,43,-93,-2,-719,3440,670,14889,752,-163,280,14889,1578000,1486000,1674000,1717000,145,25,109,18,,,,,,,,,,,,,,,,,,,,,,,,,,,,,,,,,,,,,,,,,,,,,,,,,,,,,,,,,,,,,,,,,,,,,,,,,,,,,,,,,,,,,,,,,,,,,,,
41603000,-179,-3116,-173,215,1344,1095,6641,-1533,-211,80,-2,-2599,4040,670,14889,726,-128,280,14889,1572000,1457000,1719000,1699000,337,163,245,119,,,,,,,,,,,,,,,,,,,,,,,,,,,,,,,,,,,,,,,,,,,,,,,,,,,,,,,,,,,,,,,,,,,,,,,,,,,,,,,,,,,,,,,,,,,,,,,
41650000,317,-3995,155,662,642,-15078,-8800,-1594,-254,7,0,-2599,4080,670,14889,728,-116,280,14889,1517000,1519000,1689000,1727000,340,101,247,73,,,,,,,,,,,,,,,,,,,,,,,,,,,,,,,,,,,,,,,,,,,,,,,,,,,,,,,,,,,,,,,,,,,,,,,,,,,,,,,,,,,,,,,,,,,,,,,
41703000,-1845,-4464,41,-215,743,-22586,-7396,2067,-65,-37,-2,-2599,4040,670,14889,701,-244,280,14889,1530000,1556000,1659000,1717000,345,330,242,231,,,,,,,,,,,,,,,,,,,,,,,,,,,,,,,,,,,,,,,,,,,,,,,,,,,,,,,,,,,,,,,,,,,,,,,,,,,,,,,,,,,,,,,,,,,,,,,
41750000,-2416,-3867,229,-316,821,-8303,2552,-1167,4,18,-2,-2359,4080,671,14933,710,-257,284,14933,1541000,1502000,1726000,1688000,255,67,181,47,,,,,,,,,,,,,,,,,,,,,,,,,,,,,,,,,,,,,,,,,,,,,,,,,,,,,,,,,,,,,,,,,,,,,,,,,,,,,,,,,,,,,,,,,,,,,,,
41803000,-1433,-3686,-184,-199,1207,-3482,-6907,2494,-21,44,0,-1679,4200,671,14933,684,-263,284,14933,1566000,1529000,1658000,1711000,438,4,300,3,,,,,,,,,,,,,,,,,,,,,,,,,,,,,,,,,,,,,,,,,,,,,,,,,,,,,,,,,,,,,,,,,,,,,,,,,,,,,,,,,,,,,,,,,,,,,,,
41850000,-982,-3959,-305,-191,1211,485,-10081,1945,-22,24,0,-1239,4240,671,14933,684,-195,284,14933,1588000,1496000,1634000,1738000,782,50,535,34,,,,,,,,,,,,,,,,,,,,,,,,,,,,,,,,,,,,,,,,,,,,,,,,,,,,,,,,,,,,,,,,,,,,,,,,,,,,,,,,,,,,,,,,,,,,,,,
41903000,-481,-3562,83,360,667,3475,-3245,-1167,-38,101,0,-919,4719,671,14933,695,-168,284,14933,1567000,1476000,1713000,1699000,862,130,599,90,,,,,,,,,,,,,,,,,,,,,,,,,,,,,,,,,,,,,,,,,,,,,,,,,,,,,,,,,,,,,,,,,,,,,,,,,,,,,,,,,,,,,,,,,,,,,,,
41950000,-339,-4122,165,453,856,-674,-12523,297,-54,83,-2,-959,5079,671,14933,679,-155,284,14933,1562000,1503000,1665000,1730000,919,161,624,109,,,,,,,,,,,,,,,,,,,,,,,,,,,,,,,,,,,,,,,,,,,,,,,,,,,,,,,,,,,,,,,,,,,,,,,,,,,,,,,,,,,,,,,,,,,,,,,
42003000,-1109,-4978,10,-213,752,-8853,-8250,419,51,50,0,-519,5560,671,14933,653,-251,284,14933,1521000,1549000,1676000,1717000,888,138,579,90,,,,,,,,,,,,,,,,,,,,,,,,,,,,,,,,,,,,,,,,,,,,,,,,,,,,,,,,,,,,,,,,,,,,,,,,,,,,,,,,,,,,,,,,,,,,,,,
42050000,-1194,-5835,371,-200,653,-2871,-9593,1456,93,7,-2,-119,5920,672,14978,667,-167,287,14978,1545000,1541000,1672000,1711000,793,46,529,30,,,,,,,,,,,,,,,,,,,,,,,,,,,,,,,,,,,,,,,,,,,,,,,,,,,,,,,,,,,,,,,,,,,,,,,,,,,,,,,,,,,,,,,,,,,,,,,
42103000,-1031,-5033,-126,-520,1282,-2322,-9898,2982,107,77,-2,200,5920,672,14978,648,-126,287,14978,1554000,1555000,1661000,1705000,944,67,612,43,,,,,,,,,,,,,,,,,,,,,,,,,,,,,,,,,,,,,,,,,,,,,,,,,,,,,,,,,,,,,,,,,,,,,,,,,,,,,,,,,,,,,,,,,,,,,,,
42150000,-672,-4098,-304,-450,1373,-2200,-5626,1701,83,197,-4,280,6359,671,14933,627,-130,284,14933,1552000,1535000,1687000,1693000,1011,62,633,39,,,,,,,,,,,,,,,,,,,,,,,,,,,,,,,,,,,,,,,,,,,,,,,,,,,,,,,,,,,,,,,,,,,,,,,,,,,,,,,,,,,,,,,,,,,,,,,
42203000,-273,-4561,162,324,925,6954,-15819,1701,48,181,0,280,6640,672,14978,611,-80,287,14978,1578000,1512000,1661000,1715000,1049,138,641,84,,,,,,,,,,,,,,,,,,,,,,,,,,,,,,,,,,,,,,,,,,,,,,,,,,,,,,,,,,,,,,,,,,,,,,,,,,,,,,,,,,,,,,,,,,,,,,,
42250000,225,-5175,-198,197,1094,6954,-17406,2616,-5,166,0,160,7079,674,15067,592,-132,296,15067,1594000,1522000,1650000,1725000,1132,42,670,25,,,,,,,,,,,,,,,,,,,,,,,,,,,,,,,,,,,,,,,,,,,,,,,,,,,,,,,,,,,,,,,,,,,,,,,,,,,,,,,,,,,,,,,,,,,,,,,
42303000,-114,-4639,27,55,1187,-1406,-7884,541,23,216,0,160,7119,675,15112,612,-159,300,15112,1557000,1528000,1697000,1700000,1226,189,750,116,,,,,,,,,,,,,,,,,,,,,,,,,,,,,,,,,,,,,,,,,,,,,,,,,,,,,,,,,,,,,,,,,,,,,,,,,,,,,,,,,,,,,,,,,,,,,,,
42350000,-436,-5079,273,340,574,2072,-11607,-2266,48,174,-4,120,7079,676,15157,599,-108,304,15157,1545000,1499000,1704000,1726000,1075,156,644,93,,,,,,,,,,,,,,,,,,,,,,,,,,,,,,,,,,,,,,,,,,,,,,,,,,,,,,,,,,,,,,,,,,,,,,,,,,,,,,,,,,,,,,,,,,,,,,,
42403000,-662,-4607,-285,-411,1032,-2261,-13621,1151,71,219,0,160,7119,678,15246,559,-214,311,15246,1539000,1562000,1673000,1720000,1040,-138,581,-77,,,,,,,,,,,,,,,,,,,,,,,,,,,,,,,,,,,,,,,,,,,,,,,,,,,,,,,,,,,,,,,,,,,,,,,,,,,,,,,,,,,,,,,,,,,,,,,
42450000,-846,-5619,-189,-487,1336,-2139,-5931,1334,87,0,,,,,,,,,,,,,,,,,,,,,,,,,,,,,,,,,,,,,,,,,,,,,,,,,,,,,,,,,,,,,,,,,,,,,,,,,,,,,,,,,,,,,,,,,,,,,,,,,,,,,,,,,,,,,,,,
42503000,-445,-5132,-86,181,964,13424,-5687,663,49,162,-2,120,7000,680,15337,542,-145,320,15337,1594000,1500000,1699000,1705000,1045,-61,566,-33,,,,,,,,,,,,,,,,,,,,,,,,,,,,,,,,,,,,,,,,,,,,,,,,,,,,,,,,,,,,,,,,,,,,,,,,,,,,,,,,,,,,,,,,,,,,,,,
42550000,638,-5204,-378,49,1469,11105,-7701,602,-45,97,-2,120,6319,679,15291,571,-71,316,15291,1608000,1480000,1665000,1737000,1053,166,601,94,,,,,,,,,,,,,,,,,,,,,,,,,,,,,,,,,,,,,,,,,,,,,,,,,,,,,,,,,,,,,,,,,,,,,,,,,,,,,,,,,,,,,,,,,,,,,,,
42603000,48,-4731,491,264,101,1217,-8861,-740,2,103,0,80,5920,679,15291,537,-152,316,15291,1549000,1529000,1685000,1731000,966,42,519,22,,,,,,,,,,,,,,,,,,,,,,,,,,,,,,,,,,,,,,,,,,,,,,,,,,,,,,,,,,,,,,,,,,,,,,,,,,,,,,,,,,,,,,,,,,,,,,,
42650000,-646,-4858,481,244,682,-1101,-9593,-68,63,68,-2,80,5639,679,15291,544,-115,316,15291,42703000,-1343,-3728,-367,-407,1357,-7571,-194,297,124,156,15291,535,-74,316,15291,1527000,1566000,1705000,1700000,873,-75,42750000,-1318,-3079,-36,-294,611,2438,-5382,-1411,122,192,-2,80,5280,677,15202,520,-1,307,15202,1525000,1538000,1710000,1711000,659,-100,343,-52,,,,,,,,,,,,,,,,,,,,,,,,,,,,,,,,,,,,,,,,,,,,,,,,,,,,,
42803000,-112,-4048,-48,183,1498,8847,-5137,-618,16,93,0,80,5120,682,15427,503,-27,327,15427,1576000,1507000,1690000,1727000,742,105,373,53,,,,,,,,,,,,,,,,,,,,,,,,,,,,,,,,,,,,,,,,,,,,,,,,,,,,,,,,,,,,,,,,,,,,,,,,,,,,,,,,,,,,,,,,,,,,,,,
42850000,126,-3419,-121,102,1535,-7266,-4832,-496,-11,123,-2,0,483000,1559000,1699000,1721000,682,185,345,93,,,,,,,,,,,,,,,,,,,,,,,,,,,,,,,,,,,,,,,,,,,,,,,,,,,,,,,,,,,,,,,,,,,,,,,,,,,,,,,,,,,,,,,,,,,,,,,,,,,,,,
42903000,-44,-4252,210,-268,178,-8425,-15208,2616,7,47,-2,40,4800,681,15382,495,-87,323,15382,1550000,1577000,1650000,1732000,364,62,180,31,,,,,,,,,,,,,,,,,,,,,,,,,,,,,,,,,,,,,,,,,,,,,,,,,,,,,,,,,,,,,,,,,,,,,,,,,,,,,,,,,,,,,,,,,,,,,,,
42950000,-366,-4414,9,-448,980,5368,-1353,968,31,30,0,0,4760,680,15337,494,-117,320,15337,1589000,1513000,1677000,1722000,378,-130,186,-64,,,,,,,,,,,,,,,,,,,,,,,,,,,,,,,,,,,,,,,,,,,,,,,,,,,,,,,,,,,,,,,,,,,,,,,,,,,,,,,,,,,,,,,,,,,,,,,
43003000,-640,-3375,-188,365,1431,5612,16956,-2815,59,82,0,40,4319,680,15337,469,-130,320,15337,1548000,1503000,1752000,1690000,295,155,138,72,,,,,,,,,,,,,,,,,,,,,,,,,,,,,,,,,,,,,,,,,,,,,,,,,,,,,,,,,,,,,,,,,,,,,,,,,,,,,,,,,,,,,,,,,,,,,,,
43050000,542,-3380,220,117,195,12142,6092,-2571,-47,82,0,0,4319,680,15337,486,-147,320,15337,1552000,1503000,1723000,1717000,16,-134,8,-65,,,,,,,,,,,,,,,,,,,,,,,,,,,,,,,,,,,,,,,,,,,,,,,,,,,,,,,,,,,,,,,,,,,,,,,,,,,,,,,,,,,,,,,,,,,,,,,
43103000,255,-2594,-550,-309,1865,-5191,-4649,-923,-22,122,0,0,4000,680,15337,474,-58,320,15337,1525000,1551000,1699000,1722000,-20,122,-9,57,,,,,,,,,,,,,,,,,,,,,,,,,,,,,,,,,,,,,,,,,,,,,,,,,,,,,,,,,,,,,,,,,,,,,,,,,,,,,,,,,,,,,,,,,,,,,,,
43150000,389,-2757,-558,68,1743,607,11097,-1594,-30,101,-2,40,3919,680,15337,438,-154,320,15337,1544000,1520000,1740000,1689000,-20,122,-8,53,,,,,,,,,,,,,,,,,,,,,,,,,,,,,,,,,,,,,,,,,,,,,,,,,,,,,,,,,,,,,,,,,,,,,,,,,,,,,,,,,,,,,,,,,,,,,,,
43203000,1420,-2931,630,-78,-28,13607,-6846,2006,-120,-14,-2,40,2760,679,15291,460,-216,316,15291,1605000,1507000,1655000,1736000,-334,-106,-153,-49,,,,,,,,,,,,,,,,,,,,,,,,,,,,,,,,,,,,,,,,,,,,,,,,,,,,,,,,,,,,,,,,,,,,,,,,,,,,,,,,,,,,,,,,,,,,,,,
43250000,1289,-2424,-193,-360,1061,-10012,11280,2250,-112,-33,-4,0,2040,680,15337,446,-162,320,15337,1552000,1563000,1707000,1683000,-250,-73,-111,-32,,,,,,,,,,,,,,,,,,,,,,,,,,,,,,,,,,,,,,,,,,,,,,,,,,,,,,,,,,,,,,,,,,,,,,,,,,,,,,,,,,,,,,,,,,,,,,,
43303000,1385,-1715,210,485,557,-2261,13233,-2022,-120,-76,-2,0,840,678,15246,453,-133,311,15246,1562000,1487000,1710000,1723000,-250,-73,-113,-33,,,,,,,,,,,,,,,,,,,,,,,,,,,,,,,,,,,,,,,,,,,,,,,,,,,,,,,,,,,,,,,,,,,,,,,,,,,,,,,,,,,,,,,,,,,,,,,
43350000,1593,-1782,404,251,610,2560,7984,663,-139,-148,-2,0,79,678,15246,382,-265,311,15246,1564000,1524000,1665000,1738000,-250,-73,-95,-27,,,,,,,,,,,,,,,,,,,,,,,,,,,,,,,,,,,,,,,,,,,,,,,,,,,,,,,,,,,,,,,,,,,,,,,,,,,,,,,,,,,,,,,,,,,,,,,
43403000,713,-1164,-306,-121,1370,-15261,16346,-3364,-128,-84,-4,-759,199,707,16579,387,-197,428,16579,1550000,1546000,1762000,1737000,-477,300,-184,116,,,,,,,,,,,,,,,,,,,,,,,,,,,,,,,,,,,,,,,,,,,,,,,,,,,,,,,,,,,,,,,,,,,,,,,,,,,,,,,,,,,,,,,,,,,,,,,
43450000,80,-671,125,555,591,-5130,18055,-4036,-104,-41,-4,-1119,199,706,16532,400,-120,423,16532,1570000,1515000,1772000,1734000,-477,300,-190,120,,,,,,,,,,,,,,,,,,,,,,,,,,,,,,,,,,,,,,,,,,,,,,,,,,,,,,,,,,,,,,,,,,,,,,,,,,,,,,,,,,,,,,,,,,,,,,,
43503000,13,-574,-669,-456,1736,-13613,5482,114,-95,-29,-2,-1079,239,708,16626,384,-140,432,16626,1547000,1600000,1719000,1747000,-859,-546,-329,43550000,1043,-1104,50,547,1070,-8670,7130,-2754,-129,-61,0,-439,399,709,16673,368,-196,435,16673,1557000,1555000,1757000,1740000,-859,-546,-316,-200,,,,,,,,,,,,,,,,,,,,,,,,,,,,,,,,,,,,,,,,,,,,,,,,,,,,,,,,,,,,,,,,,,,,
43603000,675,-1517,-580,-426,1708,-13125,5299,419,-104,-97,0,-519,399,708,16626,364,-106,432,16626,1557000,1594000,1727000,1736000,-859,-546,-312,-198,,,,,,,,,,,,,,,,,,,,,,,,,,,,,,,,,,,,,,,,,,,,,,,,,,,,,,,,,,,,,,,,,,,,,,,,,,,,,,,,,,,,,,,,,,,,,,,
43650000,799,-1770,151,612,825,-3543,4505,-3670,-97,-95,-2,-319,680,708,16626,386,-74,432,16626,1563000,1530000,1752000,1756000,-478,-162,-184,-62,,,,,,,,,,,,,,,,,,,,,,,,,,,,,,,,,,,,,,,,,,,,,,,,,,,,,,,,,,,,,,,,,,,,,,,,,,,,,,,,,,,,,,,,,,,,,,,
43703000,876,-2636,-715,-272,2081,-10684,6947,663,-97,-163,0,-239,759,708,16626,400,95,432,16626,1547000,1604000,1724000,1738000,-478,-162,-191,-65,,,,,,,,,,,,,,,,,,,,,,,,,,,,,,,,,,,,,,,,,,,,,,,,,,,,,,,,,,,,,,,,,,,,,,,,,,,,,,,,,,,,,,,,,,,,,,,
43750000,2722,-3216,13,367,94,432,16626,1577000,1520000,1737000,1763000,-478,-162,-175,-543803000,1718,-2914,-445,-37,1653,-21853,5543,-1716,-163,-174,0,-159,920,707,16579,401,136,428,16579,1531000,1586000,1748000,1741000,-478,-162,-192,-65,,,,,,,,,,,,,,,,,,,,,,,,,,,,,,,,,,,,,,,,,,,,,,,,,,,,,,,,,,,,,,,,,,,,,,,,,,,,,,,,
43850000,1590,-2785,76,619,820,-9768,12135,-4768,-149,-127,0,-119,1319,708,16626,410,49,432,16626,1572000,1499000,1777000,1745000,-478,-162,-196,-66,,,,,,,,,,,,,,,,,,,,,,,,,,,,,,,,,,,,,,,,,,,,,,,,,,,,,,,,,,,,,,,,,,,,,,,,,,,,,,,,,,,,,,,,,,,,,,,
43903000,1079,-2408,-531,228,1400,-19961,4627,-618,-108,-67,0,-159,1640,708,16626,439,165,432,16626,1543000,1586000,1735000,1745000,-478,43950000,1157,-2059,37,214,1010,-552,6641,-3364,-111,1,-2,-119,2079,708,16626,411,218,432,16626,1576000,1510000,1779000,1732000,-478,-162,-196,-66,,,,,,,,,,,,,,,,,,,,,,,,,,,,,,,,,,,,,,,,,,,,,,,,,,,,,,,,,,,,,,,,,,,,,,
44003000,1691,-2847,-119,415,1257,119,-1231,-3425,-123,-66,0,280,2079,708,16626,431,270,432,16626,1590000,1492000,1743000,1767000,-327,700,-141,301,,,,,,,,,,,,,,,,,,,,,,,,,,,,,,,,,,,,,,,,,,,,,,,,,,,,,,,,,,,,,,,,,,,,,,,,,,,,,,,,,,,,,,,,,,,,,,,
44050000,1539,-2741,124,-62,1210,-1651,-743,-2815,-40,-61,0,1080,2040,706,16532,444,351,423,16532,1543000,1547000,1731000,1772000,-327,700,-145,310,,,,,,,,,,,,,,,,,,,,,,,,,,,,,,,,,,,,,,,,,,,,,,,,,,,,,,,,,,,,,,,,,,,,,,,,,,,,,,,,,,,,,,,,,,,,,,,
44103000,2087,-2397,125,632,801,6039,4749,-2632,-53,-20,-2,1480,2160,680,15337,442,389,320,15337,1568000,1454000,1727000,1730000,-327,700,-144,309,,,,,,,,,,,,,,,,,,,,,,,,,,,,,,,,,,,,,,,,,,,,,,,,,,,,,,,,,,,,,,,,,,,,,,,,,,,,,,,,,,,,,,,,,,,,,,,
44150000,1412,-2065,136,-89,1337,8786,7252,-68,100,-5,0,2560,2000,672,14978,513,316,287,14978,1556000,1491000,1709000,1708000,-327,700,-167,359,,,,,,,,,,,,,,,,,,,,,,,,,,,,,,,,,,,,,,,,,,,,,,,,,,,,,,,,,,,,,,,,,,,,,,,,,,,,,,,,,,,,,,,,,,,,,,,
44203000,1068,-2858,132,196,507,180,599,-2876,165,-78,-2,2960,1960,673,15022,509,300,291,15022,1494000,1511000,1713000,1736000,-286,-435,-145,-221,,,,,,,,,,,,,,,,,,,,,,,,,,,,,,,,,,,,,,,,,,,,,,,,,,,,,,,,,,,,,,,,,,,,,,,,,,,,,,,,,,,,,,,,,,,,,,,
44250000,1835,-3995,421,397,367,15072,-5565,358,160,-107,-2,3680,2760,673,15022,521,265,291,15022,1553000,1498000,1654000,1757000,-286,-435,-149,-227,,,,,,,,,,,,,,,,,,,,,,,,,,,,,,,,,,,,,,,,,,,,,,,,,,,,,,,,,,,,,,,,,,,,,,,,,,,,,,,,,,,,,,,,,,,,,,,
44303000,1995,-3510,-480,-495,1557,11898,5177,602,181,-37,-2,4080,3080,673,15022,533,236,291,15022,1545000,1511000,1714000,1697000,-113,-587,-60,-312,,,,,,,,,,,,,,,,,,,,,,,,,,,,,,,,,,,,,,,,,,,,,,,,,,,,,,,,,,,,,,,,,,,,,,,,,,,,,,,,,,,,,,,,,,,,,,,
44350000,1261,-3801,-592,-130,1350,4879,7679,-2205,245,41,-2,4080,4279,672,14978,517,250,287,14978,1495000,1517000,1744000,1696000,-15,-395,-7,-204,,,,,,,,,,,,,,,,,,,,,,,,,,,,,,,,,,,,,,,,,,,,,,,,,,,,,,,,,,,,,,,,,,,,,,,,,,,,,,,,,,,,,,,,,,,,,,,
44403000,1826,-2774,583,12,233,21603,-8677,1640,200,131,-2,4120,4279,671,14933,556,197,284,14933,1585000,1474000,1666000,1728000,108,-910,60,-506,,,,,,,,,,,,,,,,,,,,,,,,,,,,,,,,,,,,,,,,,,,,,,,,,,,,,,,,,,,,,,,,,,,,,,,,,,,,,,,,,,,,,,,,,,,,,,,
44450000,2524,-3899,356,-125,374,17758,-10325,419,170,33,0,4480,4279,672,14978,558,168,287,14978,1562000,1489000,1666000,1743000,108,-910,60,-508,,,,,,,,,,,,,,,,,,,,,,,,,,,,,,,,,,,,,,,,,,,,,,,,,,,,,,,,,,,,,,,,,,,,,,,,,,,,,,,,,,,,,,,,,,,,,,,
44503000,2184,-3898,-410,309,1540,15927,-7640,2250,203,33,-2,4520,4279,672,14978,570,211,287,14978,1571000,1505000,1670000,1721000,67,-247,38,-141,,,,,,,,,,,,,,,,,,,,,,,,,,,,,,,,,,,,,,,,,,,,,,,,,,,,,,,,,,,,,,,,,,,,,,,,,,,,,,,,,,,,,,,,,,,,,,,
44550000,3117,-3563,27,311,1160,12203,8656,236,87,3,2,4120,3599,671,14933,574,198,284,14933,1565000,1483000,1701000,1711000,99,-675,57,-387,,,,,,,,,,,,,,,,,,,,,,,,,,,,,,,,,,,,,,,,,,,,,,,,,,,,,,,,,,,,,,,,,,,,,,,,,,,,,,,,,,,,,,,,,,,,,,,
44603000,1541,-3037,-262,-282,772,17880,10181,-923,193,21,-2,3760,3280,671,14933,620,195,284,14933,1550000,1476000,1724000,1701000,291,-398,180,-246,,,,,,,,,,,,,,,,,,,,,,,,,,,,,,,,,,,,,,,,,,,,,,,,,,,,,,,,,,,,,,,,,,,,,,,,,,,,,,,,,,,,,,,,,,,,,,,
44650000,1997,-2539,-307,73,1194,19100,-3184,-1472,94,68,0,3080,3320,671,14933,591,145,284,14933,1565000,1450000,1706000,1724000,197,-654,116,-386,,,,,,,,,,,,,,,,,,,,,,,,,,,,,,,,,,,,,,,,,,,,,,,,,,,,,,,,,,,,,,,,,,,,,,,,,,,,,,,,,,,,,,,,,,,,,,,
44703000,1685,-3271,174,-319,736,7321,355,-3486,58,4,-2,2360,3320,671,14933,617,117,284,14933,1521000,1465000,1725000,1730000,311,-525,192,-323,,,,,,,,,,,,,,,,,,,,,,,,,,,,,,,,,,,,,,,,,,,,,,,,,,,,,,,,,,,,,,,,,,,,,,,,,,,,,,,,,,,,,,,,,,,,,,,
44750000,673,-3120,111,-517,357,3598,294,-68,112,13,0,1960,3280,671,14933,591,112,284,14933,1518000,1524000,1705000,1714000,340,-332,200,-196,,,,,,,,,,,,,,,,,,,,,,,,,,,,,,,,,,,,,,,,,,,,,,,,,,,,,,,,,,,,,,,,,,,,,,,,,,,,,,,,,,,,,,,,,,,,,,,
44803000,1871,-3726,205,464,1196,180,-11241,-1045,-23,-4,-2,1600,3680,672,14978,601,41,287,14978,1525000,1498000,1696000,1733000,303,-379,182,-227,,,,,,,,,,,,,,,,,,,,,,,,,,,,,,,,,,,,,,,,,,,,,,,,,,,,,,,,,,,,,,,,,,,,,,,,,,,,,,,,,,,,,,,,,,,,,,,
44850000,1652,-2971,197,185,1259,-8059,-3673,-2022,-36,65,0,1240,3719,671,14933,604,-64,284,14933,1505000,1504000,1718000,1721000,303,-303,183,-183,,,,,,,,,,,,,,,,,,,,,,,,,,,,,,,,,,,,,,,,,,,,,,,,,,,,,,,,,,,,,,,,,,,,,,,,,,,,,,,,,,,,,,,,,,,,,,,
44903000,367,-3354,-623,-47,1381,3781,-8128,-191,41,28,-2,840,3680,672,14978,628,12,287,14978,1560000,1472000,1679000,1743000,257,-183,161,-115,,,,,,,,,,,,,,,,,,,,,,,,,,,,,,,,,,,,,,,,,,,,,,,,,,,,,,,,,,,,,,,,,,,,,,,,,,,,,,,,,,,,,,,,,,,,,,,
44950000,-68,-3601,-335,417,1141,-2322,-8677,-923,23,45,-2,200,4119,45003000,-7,-3595,317,-272,221,-1712,6947,-4463,11,42,-2,120,4080,672,14978,607,-70,287,14978,1518000,1448000,1757000,17,32,,,,,,,,,,,,,,,,,,,,,,,,,,,,,,,,,,,,,,,,,,,,,,,,,,,,,,,,,,,,,,,,,,,,,,,,,,,,,,,,,,,,
45050000,-930,-3011,-84,-288,598,1095,-438,-4402,88,93,0,80,4080,672,14978,643,-13,287,14978,1487000,1483000,1743000,1727000,332,122,213,78,,,,,,,,,,,,,,,,,,,,,,,,,,,,,,,,,,,,,,,,,,,,,,,,,,,,,,,,,,,,,,,,,,,,,,,,,,,,,,,,,,,,,,,,,,,,,,,
45103000,-1105,-3558,367,80,863,-7815,-11790,-4646,96,42,-2,0,4040,671,14933,624,-113,284,14933,1461000,1499000,1713000,1760000,264,-161,165,-100,,,,,,,,,,,,,,,,,,,,,,,,,,,,,,,,,,,,,,,,,,,,,,,,,,,,,,,,,,,,,,,,,,,,,,,,,,,,,,,,,,,,,,,,,,,,,,,
45150000,-962,-4207,470,-197,627,3720,-4527,-2266,90,-11,-4,80,4080,671,14933,622,-93,284,14933,1515000,1477000,1708000,1743000,313,124,,,,,,,,,,,,,,,,,,,,,,,,,,,,,,,,,,,,,,,,,,,,,,,,,,,,,,,,,,,,,,,,,,,,,,,,,,,,,,,,,,,,,,,,,,,,,,,,,
45203000,-128,-3682,-153,518,1205,-247,-7030,-1594,18,27,-2,80,4000,671,14933,599,-47,284,14933,1492000,1511000,1709000,1735000,469,33,281,19,,,,,,,,,,,,,,,,,,,,,,,,,,,,,,,,,,,,,,,,,,,,,,,,,,,,,,,,,,,,,,,,,,,,,,,,,,,,,,,,,,,,,,,,,,,,,,,
45250000,-650,-3653,272,229,1353,-2566,-8800,-3120,49,26,-2,-79,3959,673,15022,640,-35,291,15022,1491000,1492000,1715000,1750000,553,137,354,87,,,,,,,,,,,,,,,,,,,,,,,,,,,,,,,,,,,,,,,,,,,,,,,,,,,,,,,,,,,,,,,,,,,,,,,,,,,,,,,,,,,,,,,,,,,,,,,
45303000,-620,-4589,-499,-22,1371,12265,-12340,-252,47,-51,0,-79,4000,674,15067,625,-62,296,15067,1565000,1458000,1666000,1767000,579,197,362,123,,,,,,,,,,,,,,,,,,,,,,,,,,,,,,,,,,,,,,,,,,,,,,,,,,,,,,,,,,,,,,,,,,,,,,,,,,,,,,,,,,,,,,,,,,,,,,,
45349000,-737,-5275,169,-151,258,5734,-11363,175,-4,-75,0,-359,3880,673,15022,616,-25,291,15022,1498000,1488000,1718000,1745000,459,173,283,106,,,,,,,,,,,,,,,,,,,,,,,,,,,,,,,,,,,,,,,,,,,,,,,,,,,,,,,,,,,,,,,,,,,,,,,,,,,,,,,,,,,,,,,,,,,,,,,
45403000,-640,-5084,-84,452,1793,-5862,6153,-1655,-38,-108,-6,-1079,3840,672,14978,606,-30,287,14978,1513000,1482000,1724000,1732000,438,350,265,212,,,,,,,,,,,,,,,,,,,,,,,,,,,,,,,,,,,,,,,,,,,,,,,,,,,,,,,,,,,,,,,,,,,,,,,,,,,,,,,,,,,,,,,,,,,,,,,
45450000,-886,-4766,397,173,811,8358,843,-3975,-16,-87,-4,-1079,3759,672,14978,602,-91,287,14978,1530000,1422000,1713000,1765000,350,491,211,295,,,,,,,,,,,,,,,,,,,,,,,,,,,,,,,,,,,,,,,,,,,,,,,,,,,,,,,,,,,,,,,,,,,,,,,,,,,,,,,,,,,,,,,,,,,,,,,
45503000,-284,-4526,-444,128,1877,-5618,2430,-679,-76,-94,0,-1159,3440,677,15202,593,-21,307,15202,1515000,1506000,1709000,1743000,240,206,142,122,,,,,,,,,,,,,,,,,,,,,,,,,,,,,,,,,,,,,,,,,,,,,,,,,,,,,,,,,,,,,,,,,,,,,,,,,,,,,,,,,,,,,,,,,,,,,,,
45550000,-263,-4485,-104,517,1239,2926,2979,-4158,-78,-91,-4,-1159,3440,694,15975,607,-78,376,15975,1529000,1448000,1724000,1780000,646,490,392,297,,,,,,,,,,,,,,,,,,,,,,,,,,,,,,,,,,,,,,,,,,,,,,,,,,,,,,,,,,,,,,,,,,,,,,,,,,,,,,,,,,,,,,,,,,,,,,,
45603000,-850,-3723,-500,-228,1439,-11538,4566,-1411,-2,-80,-6,-879,2799,703,16392,608,-71,412,16392,1502000,1560000,1753000,1758000,487,595,296,361,,,,,,,,,,,,,,,,,,,,,,,,,,,,,,,,,,,,,,,,,,,,,,,,,,,,,,,,,,,,,,,,,,,,,,,,,,,,,,,,,,,,,,,,,,,,,,,
45650000,-1371,-3078,-458,109,1996,-7449,7740,-4524,49,-24,-4,-799,2799,702,16345,607,12,408,16345,1504000,1511000,1777000,1766000,493,784,299,475,,,,,,,,,,,,,,,,,,,,,,,,,,,,,,,,,,,,,,,,,,,,,,,,,,,,,,,,,,,,,,,,,,,,,,,,,,,,,,,,,,,,,,,,,,,,,,,
45703000,-1389,-2836,-268,-430,1145,7260,-4344,-2022,58,-13,-4,-719,2679,706,16532,616,16,423,16532,1536000,1517000,1735000,1784000,396,543,244,334,,,,,,,,,,,,,,,,,,,,,,,,,,,,,,,,,,,,,,,,,,,,,,,,,,,,,,,,,,,,,,,,,,,,,,,,,,,,,,,,,,,,,,,,,,,,,,,
45750000,-139,-3473,-102,242,1007,-4336,1636,-6050,-43,-58,-2,-639,2799,703,16392,586,14,412,16392,1480000,1514000,1778000,1785000,501,744,293,436,,,,,,,,,,,,,,,,,,,,,,,,,,,,,,,,,,,,,,,,,,,,,,,,,,,,,,,,,,,,,,,,,,,,,,,,,,,,,,,,,,,,,,,,,,,,,,,
45803000,436,-3995,-283,-189,1387,-9768,-1964,-496,-97,-125,-2,-679,2560,705,16485,584,67,419,16485,1508000,1567000,1731000,1778000,342,689,200,402,,,,,,,,,,,,,,,,,,,,,,,,,,,,,,,,,,,,,,,,,,,,,,,,,,,,,,,,,,,,,,,,,,,,,,,,,,,,,,,,,,,,,,,,,,,,,,,
45850000,-296,-3354,-23,361,1560,-14346,11036,-3059,-61,-62,-6,-999,2639,705,16485,584,51,419,16485,1507000,1526000,1770000,1770000,342,689,200,402,,,,,,,,,,,,,,,,,,,,,,,,,,,,,,,,,,,,,,,,,,,,,,,,,,,,,,,,,,,,,,,,,,,,,,,,,,,,,,,,,,,,,,,,,,,,,,,
45903000,-642,-2773,-516,-67,1593,-14346,5482,-3853,-66,-11,-4,-1399,2639,706,16532,587,112,423,16532,1491000,1532000,1780000,1771000,264,507,155,297,,,,,,,,,,,,,,,,,,,,,,,,,,,,,,,,,,,,,,,,,,,,,,,,,,,,,,,,,,,,,,,,,,,,,,,,,,,,,,,,,,,,,,,,,,,,,,,
45950000,-444,-3132,258,145,796,-7510,3834,-5623,-146,-8,0,-2119,3039,705,16485,582,27,419,16485,1522000,1472000,1781000,1785000,401,1122,233,653,,,,,,,,,,,,,,,,,,,,,,,,,,,,,,,,,,,,,,,,,,,,,,,,,,,,,,,,,,,,,,,,,,,,,,,,,,,,,,,,,,,,,,,,,,,,,,,
46003000,774,-2877,41,766,596,-10501,-1597,-5440,-287,14,0,-2519,3039,707,16579,600,49,428,16579,1549000,1448000,1768000,1800000,246,879,147,527,,,,,,,,,,,,,,,,,,,,,,,,,,,,,,,,,,,,,,,,,,,,,,,,,,,,,,,,,,,,,,,,,,,,,,,,,,,,,,,,,,,,,,,,,,,,,,,
46050000,-865,-2395,511,-273,660,-10012,-5992,-3975,-140,49,0,-2479,2960,707,16579,589,68,428,16579,1522000,14980046103000,-230,-2321,509,198,1371,-9951,-3856,-3486,-206,59,-2,-2599,2999,705,16485,606,129,419,16485,1551000,1466000,1751000,1800000,462,1070,280,648,,,,,,,,,,,,,,,,,,,,,,,,,,,,,,,,,,,,,,,,,,,,,,,,,,,,,,,,,,,,,,,,,,,,,,,,,,
46150000,-951,-1803,-340,-307,1189,-13491,-13927,-740,-115,107,-2,-2279,3039,707,16579,603,40,428,16579,1532000,1527000,1722000,1801000,378,906,228,546,,,,,,,,,,,,,,,,,,,,,,,,,,,,,,,,,,,,,,,,,,,,,,,,,,,,,,,,,,,,,,,,,,,,,,,,,,,,,,,,,,,,,,,,,,,,,,,
46203000,-2016,-1158,-36,-372,1046,-9036,-8800,-1594,-22,160,-2,-2279,2999,706,16532,604,58,423,16532,1517000,1527000,1749000,1787000,352,213,544,,,,,,,,,,,,,,,,,,,,,,,,,,,,,,,,,,,,,,,,,,,,,,,,,,,,,,,,,,,,,,,,,,,,,,,,,,,,,,,,,,,,,,,,,,,,,,,,
46250000,-1508,-3270,-318,115,1679,-14224,-9105,-5562,-32,-27,0,-1879,2960,706,16532,622,144,423,16532,1468000,1515000,1754000,1821000,426,701,265,436,,,,,,,,,,,,,,,,,,,,,,,,,,,,,,,,,,,,,,,,,,,,,,,,,,,,,,,,,,,,,,,,,,,,,,,,,,,,,,,,,,,,,,,,,,,,,,,
46303000,-1295,-3366,-256,-231,1596,-7754,-1536,-2022,11,-35,0,-1159,2960,707,16579,633,186,428,16579,1477000,1555000,1759000,1784000,492,693,311,439,,,,,,,,,,,,,,,,,,,,,,,,,,,,,,,,,,,,,,,,,,,,,,,,,,,,,,,,,,,,,,,,,,,,,,,,,,,,,,,,,,,,,,,,,,,,,,,
46350000,-604,-3190,-309,350,1795,-125,12989,-7393,-17,-16,-2,-799,2999,706,16532,636,183,423,16532,1490000,1455000,1817000,1781000,294,775,187,493,,,,,,,,,,,,,,,,,,,,,,,,,,,,,,,,,,,,,,,,,,,,,,,,,,,,,,,,,,,,,,,,,,,,,,,,,,,,,,,,,,,,,,,,,,,,,,,
46403000,-619,-2764,-299,38,1292,5001,-3428,-6416,-12,17,-2,-759,2960,705,16485,661,228,419,16485,1490000,1469000,1775000,1814000,248,537,164,355,,,,,,,,,,,,,,,,,,,,,,,,,,,,,,,,,,,,,,,,,,,,,,,,,,,,,,,,,,,,,,,,,,,,,,,,,,,,,,,,,,,,,,,,,,,,,,,
46450000,311,-3829,308,60,496,9274,416,-5073,-83,-75,-2,-639,2960,705,16485,688,256,419,16485,1523000,1451000,1773000,1805000,86,650,59,447,,,,,,,,,,,,,,,,,,,,,,,,,,,,,,,,,,,,,,,,,,,,,,,,,,,,,,,,,,,,,,,,,,,,,,,,,,,,,,,,,,,,,,,,,,,,,,,
46503000,736,-3076,159,870,223,3414,-1170,-5806,-113,24,0,-559,3359,707,16579,695,305,428,16579,1529000,1431000,1783000,1803000,237,455,164,316,,,,,,,,,,,,,,,,,,,,,,,,,,,,,,,,,,,,,,,,,,,,,,,,,,,,,,,,,,,,,,,,,,,,,,,,,,,,,,,,,,,,,,,,,,,,,,,
46550000,-1230,-2622,377,-345,319,2743,-11241,-557,55,99,-2,-599,3759,705,16485,696,267,419,16485,1526000,1517000,1721000,1814000,172,648,120,451,,,,,,,,,,,,,,,,,,,,,,,,,,,,,,,,,,,,,,,,,,,,,,,,,,,,,,,,,,,,,,,,,,,,,,,,,,,,,,,,,,,,,,,,,,,,,,,
46603000,-185,-2968,446,71,899,13363,-11241,-1167,-39,97,-2,-639,4080,706,16532,749,280,423,16532,1576000,1449000,1734000,1809000,156,552,117,413,,,,,,,,,,,,,,,,,,,,,,,,,,,,,,,,,,,,,,,,,,,,,,,,,,,,,,,,,,,,,,,,,,,,,,,,,,,,,,,,,,,,,,,,,,,,,,,
46650000,-534,-2455,-273,-338,1757,-796,-13133,907,-9,141,0,-639,4080,705,16485,752,377,419,16485,1545000,1515000,1723000,1796000,92,-50,69,-38,,,,,,,,,,,,,,,,,,,,,,,,,,,,,,,,,,,,,,,,,,,,,,,,,,,,,,,,,,,,,,,,,,,,,,,,,,,,,,,,,,,,,,,,,,,,,,,
46703000,197,-2224,-120,-656,1338,-4214,-5382,-252,-45,67,2,-319,2999,706,16532,781,421,423,16532,1512000,1532000,1739000,1792000,141,271,110,212,,,,,,,,,,,,,,,,,,,,,,,,,,,,,,,,,,,,,,,,,,,,,,,,,,,,,,,,,,,,,,,,,,,,,,,,,,,,,,,,,,,,,,,,,,,,,,,
46750000,1231,-1435,-459,-74,1111,-15872,1514,-4524,-135,105,0,-319,2639,704,16438,820,544,415,16438,1450000,1526000,1795000,1782000,22,380,18,311,,,,,,,,,,,,,,,,,,,,,,,,,,,,,,,,,,,,,,,,,,,,,,,,,,,,,,,,,,,,,,,,,,,,,,,,,,,,,,,,,,,,,,,,,,,,,,,
46803000,503,-2803,-135,-167,796,-1101,-8433,2799,-71,-49,-2,-319,2239,673,15022,835,488,291,15022,1524000,1482000,1679000,1767000,-98,428,-82,358,,,,,,,,,,,,,,,,,,,,,,,,,,,,,,,,,,,,,,,,,,,,,,,,,,,,,,,,,,,,,,,,,,,,,,,,,,,,,,,,,,,,,,,,,,,,,,,
46850000,390,-3593,-45,365,1176,-6472,-2879,2006,-86,-121,0,-599,2200,673,15022,862,530,291,15022,1517000,1479000,1682000,1771000,0,270,0,233,,,,,,,,,,,,,,,,,,,,,,,,,,,,,,,,,,,,,,,,,,,,,,,,,,,,,,,,,,,,,,,,,,,,,,,,,,,,,,,,,,,,,,,,,,,,,,,
46903000,858,-3610,-189,-312,1283,-9097,7496,2860,-162,-119,0,-999,2239,674,15067,881,517,296,15067,1501000,1509000,1699000,1746000,-79,132,-69,116,,,,,,,,,,,,,,,,,,,,,,,,,,,,,,,,,,,,,,,,,,,,,,,,,,,,,,,,,,,,,,,,,,,,,,,,,,,,,,,,,,,,,,,,,,,,,,,
46950000,-758,-2849,-235,-289,1456,-5984,8045,2494,-21,-53,-2,-999,2239,673,15022,905,445,291,15022,1528000,1475000,1716000,1734000,-101,63,-91,57,,,,,,,,,,,,,,,,,,,,,,,,,,,,,,,,,,,,,,,,,,,,,,,,,,,,,,,,,,,,,,,,,,,,,,,,,,,,,,,,,,,,,,,,,,,,,,,
47003000,-257,-1565,-20,430,1162,4147,15247,1029,-57,97,-2,-919,2679,673,15022,921,449,291,15022,1552000,1424000,1747000,1718000,-37,207,-34,191,,,,,,,,,,,,,,,,,,,,,,,,,,,,,,,,,,,,,,,,,,,,,,,,,,,,,,,,,,,,,,,,,,,,,,,,,,,,,,,,,,,,,,,,,,,,,,,
47050000,-811,-2146,29,-54,1221,2682,-1842,1823,-16,46,-2,-999,2679,672,14978,935,391,287,14978,1503000,1493000,1699000,1753000,-269,316,-252,295,,,,,,,,,,,,,,,,,,,,,,,,,,,,,,,,,,,,,,,,,,,,,,,,,,,,,,,,,,,,,,,,,,,,,,,,,,,,,,,,,,,,,,,,,,,,,,,
47103000,-1665,-2903,-45,-180,317,-11050,-3245,358,68,-16,0,-879,2720,671,14933,942,291,284,14933,1451000,1523000,1710000,1755000,-349,12,-329,11,,,,,,,,,,,,,,,,,,,,,,,,,,,,,,,,,,,,,,,,,,,,,,,,,,,,,,,,,,,,,,,,,,,,,,,,,,,,,,,,,,,,,,,,,,,,,,,
47150000,-1332,-2979,-71,-322,898,5612,10914,2433,39,-22,-2,-879,2720,686,15608,953,290,343,15608,1558000,1481000,1733000,1736000,-286,59,-272,56,,,,,,,,,,,,,,,,,,,,,,,,,,,,,,,,,,,,,,,,,,,,,,,,,,,,,,,,,,,,,,,,,,,,,,,,,,,,,,,,,,,,,,,,,,,,,,,
47203000,-1007,-2873,465,-113,237,13851,1514,2738,18,-6,-2,-799,2799,697,16113,967,189,388,16113,1577000,1494000,1703000,1779000,-398,205,-385,198,,,,,,,,,,,,,,,,,,,,,,,,,,,,,,,,,,,,,,,,,,,,,,,,,,,,,,,,,,,,,,,,,,,,,,,,,,,,,,,,,,,,,,,,,,,,,,,
47250000,-313,-3916,10,-401,810,5978,-1231,5790,-14,-90,-2,-479,2880,698,16159,987,260,392,16159,1600000,1516000,1668000,1780000,-254,-110,-250,-108,,,,,,,,,,,,,,,,,,,,,,,,,,,,,,,,,,,,,,,,,,,,,,,,,,,,,,,,,,,,,,,,,,,,,,,,,,,,,,,,,,,,,,,,,,,,,,,
47303000,276,-2819,37,223,810,6039,22877,-1167,-55,5,0,-359,2880,700,16252,1013,262,399,16252,1560000,1466000,1800000,1727000,-147,88,-149,89,,,,,,,,,,,,,,,,,,,,,,,,,,,,,,,,,,,,,,,,,,,,,,,,,,,,,,,,,,,,,,,,,,,,,,,,,,,,,,,,,,,,,,,,,,,,,,,
47350000,839,-3385,211,-181,499,7931,7496,480,-94,-51,-4,-239,2799,700,16252,1008,231,399,16252,1562000,1484000,1744000,1768000,-509,-21,-514,-21,,,,,,,,,,,,,,,,,,,,,,,,,,,,,,,,,,,,,,,,,,,,,,,,,,,,,,,,,,,,,,,,,,,,,,,,,,,,,,,,,,,,,,,,,,,,,,,
47403000,1292,-3050,87,389,1417,5673,7862,-1533,-130,-53,0,-199,2439,699,16206,1015,206,396,16206,1580000,1430000,1752000,1777000,-282,141,-286,143,,,,,,,,,,,,,,,,,,,,,,,,,,,,,,,,,,,,,,,,,,,,,,,,,,,,,,,,,,,,,,,,,,,,,,,,,,,,,,,,,,,,,,,,,,,,,,,
47450000,479,-3246,-72,-464,1142,-7144,7313,-7,-62,-73,-4,-239,2400,681,15382,1011,147,323,15382,1497000,1523000,1743000,1758000,-368,103,-372,104,,,,,,,,,,,,,,,,,,,,,,,,,,,,,,,,,,,,,,,,,,,,,,,,,,,,,,,,,,,,,,,,,,,,,,,,,,,,,,,,,,,,,,,,,,,,,,,
47503000,215,-3672,415,692,443,973,4383,-740,-29,-114,-2,-119,2360,679,15291,1027,152,316,15291,1545000,1437000,1714000,1775000,-492,237,-505,243,,,,,,,,,,,,,,,,,,,,,,,,,,,,,,,,,,,,,,,,,,,,,,,,,,,,,,,,,,,,,,,,,,,,,,,,,,,,,,,,,,,,,,,,,,,,,,,
47550000,-598,-3849,445,-55,120,7443,4078,2860,41,-126,0,-119,2400,677,15202,1031,140,307,15202,1558000,1472000,1688000,1754000,-396,32,-409,33,,,,,,,,,,,,,,,,,,,,,,,,,,,,,,,,,,,,,,,,,,,,,,,,,,,,,,,,,,,,,,,,,,,,,,,,,,,,,,,,,,,,,,,,,,,,,,,
47603000,816,-3698,-456,425,1364,-6900,21473,-618,-99,-120,-4,-319,2320,674,15067,1058,193,296,15067,1510000,1459000,1756000,1721000,-217,-101,-230,-106,,,,,,,,,,,,,,,,,,,,,,,,,,,,,,,,,,,,,,,,,,,,,,,,,,,,,,,,,,,,,,,,,,,,,,,,,,,,,,,,,,,,,,,,,,,,,,,
47650000,458,-3096,65,340,1200,-2566,15552,419,-50,-67,-2,-119,2320,676,15157,1078,206,304,15157,1510000,1481000,1734000,1736000,-290,142,-312,153,,,,,,,,,,,,,,,,,,,,,,,,,,,,,,,,,,,,,,,,,,,,,,,,,,,,,,,,,,,,,,,,,,,,,,,,,,,,,,,,,,,,,,,,,,,,,,,
47703000,-357,-2288,-202,-55,649,-6350,4810,-1411,20,2,-2,-119,2320,674,15067,1085,255,296,15067,1484000,1473000,1738000,1745000,-368,-8,-400,-8,,,,,,,,,,,,,,,,,,,,,,,,,,,,,,,,,,,,,,,,,,,,,,,,,,,,,,,,,,,,,,,,,,,,,,,,,,,,,,,,,,,,,,,,,,,,,,,
47750000,-754,-2291,-67,247,1077,4391,12012,-1411,58,47803000,-1308,-1849,-30,-308,456,5917,-2208,1762,110,30,0,-39,2200,660,14448,1135,213,240,14448,1499000,1477000,1696000,1728000,-339,44,-385,50,,,,,,,,,,,,,,,,,,,,,,,,,,,,,,,,,,,,,,,,,,,,,,,,,,,,,,,,,,,,,,,,,,,,,,,,,,,,,,,,,,,,,
47850000,-999,-1364,-41,-172,533,-1284,-1475,-191,115,24,-2,320,1640,653,14143,1140,284,211,14143,1466000,1460000,1697000,1738000,-261,-80,-298,-91,,,,,,,,,,,,,,,,,,,,,,,,,,,,,,,,,,,,,,,,,,,,,,,,,,,,,,,,,,,,,,,,,,,,,,,,,,,,,,,,,,,,,,,,,,,,,,,
47903000,-930,1444000,1640000,1751000,-410,185,-469,212,,,,,,,,,,,,,,,,,,,,,,,,,,,,,,,,,,,,,,,,,,,,,,,,,,,,,,,,,,,,,,,,,,,,,,,,,,,,,,,,,,,,,,,,,,,,,,,,,,,,,,,,,,,,,,,,,,
47950000,-777,-1193,209,-398,221,5307,3162,2311,99,73,0,360,2040,642,1367048003000,-926,-1310,-76,22,860,5123,1820,1395,94,105,0,160,2520,642,13670,1150,84,168,13670,1499000,1426000,1699000,1648050000,-986,-1611,-143,254,1026,8786,355,53,100,79,-2,160,2520,640,13585,1127,-137,159,13585,1472000,1429000,1705000,1706000,-216,44,-244,49,,,,,,,,,,,,,,,,,,,,,,,,,,,,,,,,,,,,,,,,,,,,,,,,,,,,,,,,,
48103000,-1521,-2959,130,-293,925,1705,-2940,2616,139,-31,-2,80,2600,643,13713,1125,-190,172,13713,1464000,1485000,1669000,1716000,-51,-69,-57,-78,,,,,,,,,,,,,,,,,,,,,,,,,,,,,,,,,,,,,,,,,,,,,,,,,,,,,,,,,,,,,,,,,,,,,,,,,,,,,,,,,,,,,,,,,,,,,,,
48150000,-2406,-2593,67,-221,1131,2316,4383,541,216,35,0,80,2999,653,14143,1126,-191,211,14143,1477000,1467000,1718000,1705000,-84,-94,12,,,,,,,,,,,,,,,,,,,,,,,,,,,,,,,,,,,,,,,,,,,,,,,,,,,,,,,,,,,,,,,,,,,,,,,,,,,,,,,,,,,,,,,,,,,,,,,,
48203000,-1185,-2524,-392,-4,1424,7504,6702,-1167,103,48,-4,0,3080,670,14889,1103,-183,280,14889,1507000,1447000,1741000,1733000,12,-136,13,-150,,,,,,,,,,,,,,,,,,,,,,,,,,,,,,,,,,,,,,,,,,,,,,,,,,,,,,,,,,,,,,,,,,,,,,,,,,,,,,,,,,,,,,,,,,,,,,,
48250000,-648,-2628,-51,454,1327,9762,-2391,-68,60,42,0,40,3120,670,14889,1108,-175,280,14889,1517000,1458000,1700000,1758000,42,54,47,60,,,,,,,,,,,,,,,,,,,,,,,,,,,,,,,,,,,,,,,,,,,,,,,,,,,,,,,,,,,,,,,,,,,,,,,,,,,,,,,,,,,,,,,,,,,,,,,
48303000,-603,-3057,-176,-514,1263,607,-5198,236,52,15,2,0,3239,672,14978,1091,-158,287,14978,1502000,1481000,1704000,1749000,-100,-134,-109,-147,,,,,,,,,,,,,,,,,,,,,,,,,,,,,,,,,,,,,,,,,,,,,,,,,,,,,,,,,,,,,,,,,,,,,,,,,,,,,,,,,,,,,,,,,,,,,,,
48350000,-1076,-3056,-257,-245,1492,1095,-4466,-7,86,22,-2,-79,3320,670,14889,1086,-139,280,14889,1506000,1469000,1711000,1749000,169,-125,184,-136,,,,,,,,,,,,,,,,,,,,,,,,,,,,,,,,,,,,,,,,,,,,,,,,,,,,,,,,,,,,,,,,,,,,,,,,,,,,,,,,,,,,,,,,,,,,,,,
48403000,-1640,-3477,118,-65,884,11715,1636,968,136,10,-2,-79,3599,682,15427,1076,-145,327,15427,1540000,1473000,1718000,1748000,93,-71,100,-76,,,,,,,,,,,,,,,,,,,,,,,,,,,,,,,,,,,,,,,,,,,,,,,,,,,,,,,,,,,,,,,,,,,,,,,,,,,,,,,,,,,,,,,,,,,,,,,
48450000,709,-4339,-91,-433,1157,7443,-5809,-862,-72,-57,0,-119,3680,682,15427,1088,-159,327,15427,1549000,1442000,1715000,1774000,74,-174,80,-189,,,,,,,,,,,,,,,,,,,,,,,,,,,,,,,,,,,,,,,,,,,,,,,,,,,,,,,,,,,,,,,,,,,,,,,,,,,,,,,,,,,,,,,,,,,,,,,
48503000,526,-3967,18,338,986,-7144,-2696,-130,-56,-14,-2,-119,3800,689,15745,1072,-131,356,15745,1510000,1511000,1730000,1764000,36,-83,38,-89,,,,,,,,,,,,,,,,,,,,,,,,,,,,,,,,,,,,,,,,,,,,,,,,,,,,,,,,,,,,,,,,,,,,,,,,,,,,,,,,,,,,,,,,,,,,,,,
48550000,168,-3099,119,-434,1304,-3848,2186,53,-21,57,0,-79,3759,690,15791,1061,-138,359,15791,1521000,1506000,1738000,1755000,246,87,261,92,,,,,,,,,,,,,,,,,,,,,,,,,,,,,,,,,,,,,,,,,,,,,,,,,,,,,,,,,,,,,,,,,,,,,,,,,,,,,,,,,,,,,,,,,,,,,,,
48603000,1347,-3118,427,422,291,-7754,-6907,602,-124,66,0,-79,3880,702,16345,1051,-140,408,16345,1531000,1527000,1725000,1780000,247,-125,260,-132,,,,,,,,,,,,,,,,,,,,,,,,,,,,,,,,,,,,,,,,,,,,,,,,,,,,,,,,,,,,,,,,,,,,,,,,,,,,,,,,,,,,,,,,,,,,,,,
48650000,1301,-4228,433,-245,445,-7754,-6114,-6721,-124,-23,0,-119,3959,702,16345,1059,-84,408,16345,1483000,1471000,1781000,1805000,51,-21,54,-22,,,,,,,,,,,,,,,,,,,,,,,,,,,,,,,,,,,,,,,,,,,,,,,,,,,,,,,,,,,,,,,,,,,,,,,,,,,,,,,,,,,,,,,,,,,,,,,
48703000,950,-4337,136,534,1253,-8609,-14659,236,-93,-36,0,-119,3919,706,16532,1061,-19,423,16532,1550000,1515000,1719000,1800000,48,112,51,119,,,,,,,,,,,,,,,,,,,,,,,,,,,,,,,,,,,,,,,,,,,,,,,,,,,,,,,,,,,,,,,,,,,,,,,,,,,,,,,,,,,,,,,,,,,,,,,
48750000,-937,-4465,-186,-412,1130,-3665,-3123,-1961,71,-47,0,-119,3919,705,16485,1064,15,419,16485,1534000,1495000,1753000,1790000,307,230,326,245,,,,,,,,,,,,,,,,,,,,,,,,,,,,,,,,,,,,,,,,,,,,,,,,,,,,,,,,,,,,,,,,,,,,,,,,,,,,,,,,,,,,,,,,,,,,,,,
48803000,822,-6278,345,226,580,-11599,3468,-2998,-78,-202,0,-79,3959,704,16438,1049,11,415,16438,1486000,1524000,1750000,1802000,193,-61,202,-64,,,,,,,,,,,,,,,,,,,,,,,,,,,,,,,,,,,,,,,,,,,,,,,,,,,,,,,,,,,,,,,,,,,,,,,,,,,,,,,,,,,,,,,,,,,,,,,
48850000,1238,-6124,270,-355,348,1461,13294,-2754,-115,-188,-2,-79,3959,704,16438,1049,55,415,16438,1544000,1463000,1774000,1779000,227,95,238,100,,,,,,,,,,,,,,,,,,,,,,,,,,,,,,,,,,,,,,,,,,,,,,,,,,,,,,,,,,,,,,,,,,,,,,,,,,,,,,,,,,,,,,,,,,,,,,,
48903000,1482,-4435,240,-45,1246,119,2430,-3914,-136,-41,0,-79,3959,706,16532,1032,50,423,16532,1544000,1451000,1771000,1796000,119,352,123,364,,,,,,,,,,,,,,,,,,,,,,,,,,,,,,,,,,,,,,,,,,,,,,,,,,,,,,,,,,,,,,,,,,,,,,,,,,,,,,,,,,,,,,,,,,,,,,,
48950000,276,-3294,-613,-486,1795,-2200,-7396,-3792,-31,58,-2,-79,3959,706,16532,1039,98,423,16532,1553000,1438000,1735000,1831000,306,228,318,237,,,,,,,,,,,,,,,,,,,,,,,,,,,,,,,,,,,,,,,,,,,,,,,,,,,,,,,,,,,,,,,,,,,,,,,,,,,,,,,,,,,,,,,,,,,,,,,
49003000,107,-3490,-162,-718,910,729,-5321,-2388,-19,40,-2,-119,3959,705,16485,1027,35,419,16485,1550000,1461000,1762000,1791000,252,274,259,281,,,,,,,,,,,,,,,,,,,,,,,,,,,,,,,,,,,,,,,,,,,,,,,,,,,,,,,,,,,,,,,,,,,,,,,,,,,,,,,,,,,,,,,,,,,,,,,
49050000,780,-3270,-182,205,1054,-918,-6480,-130,-75,60,-2,-79,3959,704,16438,1042,87,415,16438,1543000,1503000,1748000,1783000,186,380,194,396,,,,,,,,,,,,,,,,,,,,,,,,,,,,,,,,,,,,,,,,,,,,,,,,,,,,,,,,,,,,,,,,,,,,,,,,,,,,,,,,,,,,,,,,,,,,,,,
49103000,1273,-3607,-349,-363,1264,-9524,-3367,-4280,-121,34,-4,-119,4000,703,16392,1031,74,412,16392,1497000,1480000,1775000,1796000,238,114,246,118,,,,,,,,,,,,,,,,,,,,,,,,,,,,,,,,,,,,,,,,,,,,,,,,,,,,,,,,,,,,,,,,,,,,,,,,,,,,,,,,,,,,,,,,,,,,,,,
49150000,642,-3451,-241,236,1862,-6045,-12950,1762,-90,44,0,-399,3959,694,15975,1047,125,376,15975,1535000,1512000,1702000,1788000,144,-57,151,-60,,,,,,,,,,,,,,,,,,,,,,,,,,,,,,,,,,,,,,,,,,,,,,,,,,,,,,,,,,,,,,,,,,,,,,,,,,,,,,,,,,,,,,,,,,,,,,,
49203000,-835,-3605,-287,-495,1254,-5984,-4222,2006,6,86,-2,-759,4600,685,15563,1051,70,340,15563,1534000,1494000,1724000,1754000,205,183,216,192,,,,,,,,,,,,,,,,,,,,,,,,,,,,,,,,,,,,,,,,,,,,,,,,,,,,,,,,,,,,,,,,,,,,,,,,,,,,,,,,,,,,,,,,,,,,,,,
49250000,477,-4613,-172,161,1162,2804,-11485,1334,-114,5,0,-839,4679,685,15563,1062,150,340,15563,1555000,1464000,1701000,1783000,209,150,222,159,,,,,,,,,,,,,,,,,,,,,,,,,,,,,,,,,,,,,,,,,,,,,,,,,,,,,,,,,,,,,,,,,,,,,,,,,,,,,,,,,,,,,,,,,,,,,,,
49303000,-56,-5246,181,-172,396,1339,2064,-68,-71,-49,0,-879,4679,683,15472,1069,125,332,15472,1540000,1446000,1736000,1758000,322,347,344,371,,,,,,,,,,,,,,,,,,,,,,,,,,,,,,,,,,,,,,,,,,,,,,,,,,,,,,,,,,,,,,,,,,,,,,,,,,,,,,,,,,,,,,,,,,,,,,,
49350000,-1291,-6086,202,-218,452,1583,-4405,907,67,-122,-2,-519,4679,683,15472,1069,141,332,15472,1509000,1495000,1701000,1782000,30,415,32,444,,,,,,,,,,,,,,,,,,,,,,,,,,,,,,,,,,,,,,,,,,,,,,,,,,,,,,,,,,,,,,,,,,,,,,,,,,,,,,,,,,,,,,,,,,,,,,,
49403000,-183,-6038,8,347,583,3414,-1903,-2083,2,-125,0,-159,4600,683,15472,1099,167,332,15472,1524000,1432000,1731000,1783000,50,126,55,139,,,,,,,,,,,,,,,,,,,,,,,,,,,,,,,,,,,,,,,,,,,,,,,,,,,,,,,,,,,,,,,,,,,,,,,,,,,,,,,,,,,,,,,,,,,,,,,
49450000,183,-5612,288,260,1004,4513,7496,236,-33,-95,-2,-199,4519,683,15472,1109,203,332,15472,1524000,1466000,1720000,1770000,118,369,131,410,,,,,,,,,,,,,,,,,,,,,,,,,,,,,,,,,,,,,,,,,,,,,,,,,,,,,,,,,,,,,,,,,,,,,,,,,,,,,,,,,,,,,,,,,,,,,,,
49503000,860,-5048,-171,-383,1400,-2749,-1597,2128,-85,-49,-2,-119,4479,682,15427,1094,200,327,15427,1531000,1490000,1686000,1781000,5,146,6,160,,,,,,,,,,,,,,,,,,,,,,,,,,,,,,,,,,,,,,,,,,,,,,,,,,,,,,,,,,,,,,,,,,,,,,,,,,,,,,,,,,,,,,,,,,,,,,,
49550000,536,-5346,-299,78,1605,-14895,3406,1456,-60,-82,-4,-159,4400,683,15472,1101,184,332,15472,1499000,1512000,1696000,1781000,215,49603000,-23,-4749,-80,-344,1444,-8853,7435,1762,-8,-34,-2,-119,4360,683,15472,1097,109,332,15472,1489000,1528000,1715000,17,-15,30,-16,,,,,,,,,,,,,,,,,,,,,,,,,,,,,,,,,,,,,,,,,,,,,,,,,,,,,,,,,,,,,,,,,,,,,,,
49650000,253,-3724,-344,-235,1276,-7327,9754,-1289,-39,51,-2,-199,4319,682,15427,1116,60,327,15427,150049703000,-303,-3193,401,125,351,6283,7923,-1228,12,87,-2,-159,4200,682,15427,1101,-11,327,15427,1548000,1413000,1744000,1761000,60,99,66,110,,,,,,,,,,,,,,,,,,,,,,,,,,,,,,,,,,,,,,,,,,,,,,,,,,,,,,,,,,,,,,,,,,,,,,,,,,,
49750000,-1028,-1991,-23,-583,783,4208,-8250,2189,79,196,-2,-119,4240,683,15472,1110,7,332,15472,1518000,1507000,1716000,1753000,-59,163,-65,181,,,,,,,,,,,,,,,,,,,,,,,,,,,,,,,,,,,,,,,,,,,,,,,,,,,,,,,,,,,,,,,,,,,,,,,,,,,,,,,,,,,,,,,,,,,,,,,
49803000,527,-2735,446,450,254,7077,-12279,-1411,-94,131,0,-559,4240,683,15472,1113,-8,332,15472,1562000,1399000,1707000,1799000,-61,97,-68,109,,,,,,,,,,,,,,,,,,,,,,,,,,,,,,,,,,,,,,,,,,,,,,,,,,,,,,,,,,,,,,,,,,,,,,,,,,,,,,,,,,,,,,,,,,,,,,,
49850000,653,-3773,535,-177,530,2133,-13988,2616,-105,37,0,-559,4200,684,15518,1122,60,336,15518,1542000,1486000,1672000,1787000,-5,15,-6,17,,,,,,,,,,,,,,,,,,,,,,,,,,,,,,,,,,,,,,,,,,,,,,,,,,,,,,,,,,,,,,,,,,,,,,,,,,,,,,,,,,,,,,,,,,,,,,,
49903000,181,-3362,-62,286,1964,-11355,-133,-7,-68,73,-4,-599,4200,683,15472,1114,40,332,15472,1496000,1493000,1741000,1754000,132,53,147,59,,,,,,,,,,,,,,,,,,,,,,,,,,,,,,,,,,,,,,,,,,,,,,,,,,,,,,,,,,,,,,,,,,,,,,,,,,,,,,,,,,,,,,,,,,,,,,,
49950000,697,-3996,204,399,773,1339,2491,-130,-116,24,0,-639,4279,682,15427,1119,-72,327,15427,1559000,1419000,1725000,1768000,52,180,59,202,,,,,,,,,,,,,,,,,,,,,,,,,,,,,,,,,,,,,,,,,,,,,,,,,,,,,,,,,,,,,,,,,,,,,,,,,,,,,,,,,,,,,,,,,,,,,,,
50003000,17,-4136,-368,120,1464,-11477,7557,-2388,-46,5,0,-519,4200,683,15472,1130,-3,332,15472,1479000,1472000,1755000,1762000,151,41,170,47,,,,,,,,,,,,,,,,,,,,,,,,,,,,,,,,,,,,,,,,,,,,,,,,,,,,,,,,,,,,,,,,,,,,,,,,,,,,,,,,,,,,,,,,,,,,,,,
50050000,495,-3344,17,556,1429,7504,1575,-68,-88,71,0,-519,4159,684,15518,1119,45,336,15518,1555000,1422000,1733000,1761000,140,231,156,259,,,,,,,,,,,,,,,,,,,,,,,,,,,,,,,,,,,,,,,,,,,,,,,,,,,,,,,,,,,,,,,,,,,,,,,,,,,,,,,,,,,,,,,,,,,,,,,
50103000,198,-3118,-383,-68,960,-10684,1087,-3242,-66,90,0,-559,4159,683,15472,1130,-12,332,15472,1461000,1478000,1766000,1763000,106,75,120,85,,,,,,,,,,,,,,,,,,,,,,,,,,,,,,,,,,,,,,,,,,,,,,,,,,,,,,,,,,,,,,,,,,,,,,,,,,,,,,,,,,,,,,,,,,,,,,,
50150000,-102,-3059,-83,450,1282,-5801,11280,-3242,-71,96,-2,-919,4159,682,15427,1139,46,327,15427,1482000,1449000,1796000,1732000,-132,127,-150,145,,,,,,,,,,,,,,,,,,,,,,,,,,,,,,,,,,,,,,,,,,,,,,,,,,,,,,,,,,,,,,,,,,,,,,,,,,,,,,,,,,,,,,,,,,,,,,,
50203000,-1773,-2210,-272,-34,1278,-7388,-2635,-3120,43,177,-2,-1279,4240,683,15472,1144,70,332,15472,1447000,1484000,1752000,1774000,-95,-104,-109,-119,,,,,,,,,,,,,,,,,,,,,,,,,,,,,,,,,,,,,,,,,,,,,,,,,,,,,,,,,,,,,,,,,,,,,,,,,,,,,,,,,,,,,,,,,,,,,,,
50250000,-1365,-1901,-47,473,923,4452,7008,-4768,3,200,0,-1319,4200,683,15472,1139,18,332,15472,1498000,1407000,1798000,1747000,-184,99,-210,113,,,,,,,,,,,,,,,,,,,,,,,,,,,,,,,,,,,,,,,,,,,,,,,,,,,,,,,,,,,,,,,,,,,,,,,,,,,,,,,,,,,,,,,,,,,,,,,
50303000,-844,-1181,-255,144,532,-3115,-9227,-4402,-44,266,0,-1359,4240,683,15472,1152,65,332,15472,1466000,1450000,1765000,1778000,-119,3,-137,4,,,,,,,,,,,,,,,,,,,,,,,,,,,,,,,,,,,,,,,,,,,,,,,,,,,,,,,,,,,,,,,,,,,,,,,,,,,,,,,,,,,,,,,,,,,,,,,
50350000,45,-3061,295,211,959,4513,-1964,236,-119,102,0,-1319,4240,684,15518,1150,87,336,15518,1540000,1446000,1751000,1747000,-104,-1,-119,-1,,,,,,,,,,,,,,,,,,,,,,,,,,,,,,,,,,,,,,,,,,,,,,,,,,,,,,,,,,,,,,,,,,,,,,,,,,,,,,,,,,,,,,,,,,,,,,,
50403000,-414,-3159,-22,56,670,-9707,-5809,-4768,-75,94,-2,-1279,4240,684,15518,1165,108,336,15518,1458000,1444000,1766000,1782000,-33,52,-39,61,,,,,,,,,,,,,,,,,,,,,,,,,,,,,,,,,,,,,,,,,,,,,,,,,,,,,,,,,,,,,,,,,,,,,,,,,,,,,,,,,,,,,,,,,,,,,,,
50450000,-710,-4760,498,335,418,-3176,-3673,-1594,-53,-38,-4,-1319,4319,683,15472,1168,89,332,15472,1519000,1430000,1726000,1792000,-138,90,-161,105,,,,,,,,,,,,,,,,,,,,,,,,,,,,,,,,,,,,,,,,,,,,,,,,,,,,,,,,,,,,,,,,,,,,,,,,,,,,,,,,,,,,,,,,,,,,,,,
50503000,-1903,-3223,-4,140,568,-4702,2186,-618,57,92,0,-1239,4279,683,15472,1164,67,332,15472,1481000,1490000,1763000,174550550000,-1024,-4314,390,100,266,9396,2979,-1900,-11,-3,0,-1159,4279,684,15518,1161,27,336,15518,1536000,1409000,1746000,1777000,-205,49,-239,57,,,,,,,,,,,,,,,,,,,,,,,,,,,,,,,,,,,,,,,,,,,,,,,,,,,,,,,,,,,,,,,,,,,,,,,,
50603000,398,-2934,9,370,650,-3665,-2696,-3059,-132,117,-4,-1119,4279,682,15427,1169,21,327,15427,1501000,1426000,1760000,1777000,-302,-183,-353,-214,,,,,,,,,,,,,,,,,,,,,,,,,,,,,,,,,,,,,,,,,,,,,,,,,,,,,,,,,,,,,,,,,,,,,,,,,,,,,,,,,,,,,,,,,,,,,,,
50650000,110,-2439,612,-156,670,-979,-6053,-1838,-110,160,0,-1159,4279,682,15427,1166,94,327,15427,1507000,1438000,1735000,1785000,-258,75,-6480,-2754,-99,191,0,-1039,4319,683,15472,1180,42,350750000,-1458,-2892,250,-478,322,-3054,-10325,-313,64,89,0,-719,3919,683,15472,1164,135,332,15472,1505000,1466000,1722000,1783000,-222,-137,-258,-159,,,,,,,,,,,,,,,,,,,,,,,,,,,,,,,,,,,,,,,,,,,,,,,,,,,,,,,,,,
50803000,-646,-3531,661,209,659,1522,-8189,-3242,0,30,-2,-639,3880,683,15472,1157,49,332,15472,1511000,1410000,1742000,1797000,-288,-231,-333,-268,,,,,,,,,,,,,,,,,,,,,,,,,,,,,,,,,,,,,,,,,,,,,,,,,,,,,,,,,,,,,,,,,,,,,,,,,,,,,,,,,,,,,,,,,,,,,,,
50850000,-1933,-3522,75,-604,343,-1712,1636,4142,123,27,-4,-519,3840,682,15427,1170,-1,327,15427,1503000,1530000,1731000,1729000,-421,50903000,-1467,-3277,549,373,138,3048,-3489,-496,79,52,-2,-559,3880,682,15427,1180,-3,327,15427,1514000,1448000,1729000,1779000,-521,-228,-615,-269,,,,,,,,,,,,,,,,,,,,,,,,,,,,,,,,,,,,,,,,,,,,,,,,,,,,,,,,,,,,,,,,,,,,,,
50950000,-1238,-2396,-59,-654,711,7870,1331,4874,66,118,0,-479,3759,683,15472,1165,-47,332,15472,1553000,1495000,1725000,1727000,-486,-376,-567,-438,,,,,,,,,,,,,,,,,,,,,,,,,,,,,,,,,,,,,,,,,,,,,,,,,,,,,,,,,,,,,,,,,,,,,,,,,,,,,,,,,,,,,,,,,,,,,,,
51003000,-1110,-3095,566,-56,578,7992,-6663,-130,54,61,-2,-479,3800,682,15427,1168,-17,327,15427,1531000,1436000,1714000,1789000,-529,-299,-618,-349,,,,,,,,,,,,,,,,,,,,,,,,,,,,,,,,,,,,,,,,,,,,,,,,,,,,,,,,,,,,,,,,,,,,,,,,,,,,,,,,,,,,,,,,,,,,,,,
51050000,-911,-2847,-31,-264,695,2987,-5198,2311,44,86,-2,-399,3840,682,15427,1166,58,327,15427,1523000,1485000,1723000,1755000,-347,-540,-405,-630,,,,,,,,,,,,,,,,,,,,,,,,,,,,,,,,,,,,,,,,,,,,,,,,,,,,,,,,,,,,,,,,,,,,,,,,,,,,,,,,,,,,,,,,,,,,,,,
51103000,-570,-2792,172,-345,1228,10067,3101,-2327,14,94,0,-399,3880,682,15427,1145,-85,327,15427,1531000,1401000,1758000,1766000,-329,-6,-376,-7,,,,,,,,,,,,,,,,,,,,,,,,,,,,,,,,,,,,,,,,,,,,,,,,,,,,,,,,,,,,,,,,,,,,,,,,,,,,,,,,,,,,,,,,,,,,,,,
51150000,-877,-3153,-126,-370,1812,-4519,-8189,2677,48,59,-2,-319,3840,683,15472,1138,-46,332,15472,1502000,1514000,1693000,1778000,-261,-422,-297,-481,,,,,,,,,,,,,,,,,,,,,,,,,,,,,,,,,,,,,,,,,,,,,,,,,,,,,,,,,,,,,,,,,,,,,,,,,,,,,,,,,,,,,,,,,,,,,,,
51203000,-593,-2496,-121,-372,1390,1339,2430,907,34,113,-2,-199,3800,683,15472,1157,14,332,15472,1514000,1478000,1749000,1744000,-547,-429,-633,-496,,,,,,,,,,,,,,,,,,,,,,,,,,,,,,,,,,,,,,,,,,,,,,,,,,,,,,,,,,,,,,,,,,,,,,,,,,,,,,,,,,,,,,,,,,,,,,,
51250000,-539,-3537,-531,-38,1851,-4031,8778,2555,36,22,-2,-119,3800,683,15472,1152,22,332,15472,1506000,1513000,1753000,1721000,-516,-445,-594,-512,,,,,,,,,,,,,,,,,,,,,,,,,,,,,,,,,,,,,,,,,,,,,,,,,,,,,,,,,,,,,,,,,,,,,,,,,,,,,,,,,,,,,,,,,,,,,,,
51303000,-265,-2731,-4,-541,857,7748,6397,3471,12,89,-2,-119,3759,682,15427,1146,-13,327,15427,1535000,1496000,1731000,1732000,-537,-480,-615,-550,,,,,,,,,,,,,,,,,,,,,,,,,,,,,,,,,,,,,,,,,,,,,,,,,,,,,,,,,,,,,,,,,,,,,,,,,,,,,,,,,,,,,,,,,,,,,,,
51350000,-40,-1853,-317,-66,1097,-11172,9449,-923,-10,155,-2,-159,3640,684,15518,1133,-9,336,15518,1444000,1521000,1779000,1729000,-614,-495,-696,-561,,,,,,,,,,,,,,,,,,,,,,,,,,,,,,,,,,,,,,,,,,,,,,,,,,,,,,,,,,,,,,,,,,,,,,,,,,,,,,,,,,,,,,,,,,,,,,,
51403000,-295,-1322,0,-267,819,3170,-7396,2494,15,202,0,-119,3640,683,15472,1124,-60,332,15472,1535000,1488000,1727000,1744000,-702,-421,-789,-473,,,,,,,,,,,,,,,,,,,,,,,,,,,,,,,,,,,,,,,,,,,,,,,,,,,,,,,,,,,,,,,,,,,,,,,,,,,,,,,,,,,,,,,,,,,,,,,
51450000,670,-1711,179,534,593,2316,-5198,846,-72,161,0,-159,3559,683,15472,1132,-36,332,15472,1547000,1449000,1742000,1746000,-624,-752,-706,-851,,,,,,,,,,,,,,,,,,,,,,,,,,,,,,,,,,,,,,,,,,,,,,,,,,,,,,,,,,,,,,,,,,,,,,,,,,,,,,,,,,,,,,,,,,,,,,,
51503000,314,-1980,-617,-59,2031,-6106,-3184,3165,-41,134,-2,-159,3520,682,15427,1132,10,327,15427,1520000,1513000,1727000,1734000,-598,-775,-677,-877,,,,,,,,,,,,,,,,,,,,,,,,,,,,,,,,,,,,,,,,,,,,,,,,,,,,,,,,,,,,,,,,,,,,,,,,,,,,,,,,,,,,,,,,,,,,,,,
51550000,23,-2873,-127,453,1338,-2017,-743,1334,-2,18,0,0,3080,683,15472,1135,10,332,15472,1525000,1483000,1730000,1748000,-490,-512,-556,-581,,,,,,,,,,,,,,,,,,,,,,,,,,,,,,,,,,,,,,,,,,,,,,,,,,,,,,,,,,,,,,,,,,,,,,,,,,,,,,,,,,,,,,,,,,,,,,,
51603000,-517,-2870,-233,-70,1200,-1223,-72,4142,184,-89,-2,1600,1840,684,15518,1120,-17,336,15518,1521000,1532000,1714000,1736000,-724,-642,-811,-719,,,,,,,,,,,,,,,,,,,,,,,,,,,,,,,,,,,,,,,,,,,,,,,,,,,,,,,,,,,,,,,,,,,,,,,,,,,,,,,,,,,,,,,,,,,,,,,
51650000,341,-3189,121,402,920,9030,12745,1395,476,-208,0,5800,799,676,15157,1128,-17,304,15157,1478000,1521000,1743000,1721000,-802,-411,-905,-464,,,,,,,,,,,,,,,,,,,,,,,,,,,,,,,,,,,,,,,,,,,,,,,,,,,,,,,,,,,,,,,,,,,,,,,,,,,,,,,,,,,,,,,,,,,,,,,
51703000,426,-3170,-47,-158,1168,29476,10548,5668,863,-269,2,10320,79,674,15067,1110,-52,296,15067,1502000,1558000,1702000,1709000,-753,-652,-836,-724,,,,,,,,,,,,,,,,,,,,,,,,,,,,,,,,,,,,,,,,,,,,,,,,,,,,,,,,,,,,,,,,,,,,,,,,,,,,,,,,,,,,,,,,,,,,,,,
51750000,1492,-2771,-30,348,759,47360,25623,2616,1182,-388,-2,15040,-1679,673,15022,1119,-100,291,15022,1506000,1507000,1733000,1710000,-751,-746,-840,-834,,,,,,,,,,,,,,,,,,,,,,,,,,,,,,,,,,,,,,,,,,,,,,,,,,,,,,,,,,,,,,,,,,,,,,,,,,,,,,,,,,,,,,,,,,,,,,,
51803000,3481,-1707,58,-729,1127,68234,15858,7011,1088,-334,0,15960,-2120,674,15067,1118,-26,296,15067,1552000,1527000,1652000,1736000,-879,-705,-982,-788,,,,,,,,,,,,,,,,,,,,,,,,,,,,,,,,,,,,,,,,,,,,,,,,,,,,,,,,,,,,,,,,,,,,,,,,,,,,,,,,,,,,,,,,,,,,,,,
51850000,6568,-1079,-197,-172,1185,63412,28309,6156,1008,-446,0,18120,-4040,674,15067,1117,-97,296,15067,1562000,1512000,1689000,1712000,-423,-573,-473,-640,,,,,,,,,,,,,,,,,,,,,,,,,,,,,,,,,,,,,,,,,,,,,,,,,,,,,,,,,,,,,,,,,,,,,,,,,,,,,,,,,,,,,,,,,,,,,,,
51903000,7771,-1032,211,-382,760,71347,42042,3043,1025,-508,-2,19520,-4800,674,15067,1124,-51,296,15067,1549000,1479000,1740000,1694000,-705,-502,-793,-564,,,,,,,,,,,,,,,,,,,,,,,,,,,,,,,,,,,,,,,,,,,,,,,,,,,,,,,,,,,,,,,,,,,,,,,,,,,,,,,,,,,,,,,,,,,,,,,
51950000,8561,-224,99,-283,619,64938,28797,4813,397,-312,-2,13120,-3359,674,15067,1146,98,296,15067,1630000,1408000,1733000,1679000,-710,-392,-813,-450,,,,,,,,,,,,,,,,,,,,,,,,,,,,,,,,,,,,,,,,,,,,,,,,,,,,,,,,,,,,,,,,,,,,,,,,,,,,,,,,,,,,,,,,,,,,,,,
52003000,9673,355,-102,517,1357,31369,32948,3715,-348,-35,-2,5680,-759,672,14978,1133,170,287,14978,1650000,1358000,1776000,1642000,-503,-478,-570,-542,,,,,,,,,,,,,,,,,,,,,,,,,,,,,,,,,,,,,,,,,,,,,,,,,,,,,,,,,,,,,,,,,,,,,,,,,,,,,,,,,,,,,,,,,,,,,,,
52050000,8821,89,267,-298,916,-14041,1270,2494,-309,-86,-2,5280,-1080,673,15022,1132,126,291,15022,1465000,1559000,1693000,1740000,-634,-353,-717,-400,,,,,,,,,,,,,,,,,,,,,,,,,,,,,,,,,,,,,,,,,,,,,,,,,,,,,,,,,,,,,,,,,,,,,,,,,,,,,,,,,,,,,,,,,,,,,,,
52103000,5635,-596,-181,465,1430,-30520,5909,3226,-205,-83,-2,3280,-360,674,15067,1134,112,296,15067,1526000,1518000,1724000,1700000,-461,31,-523,36,,,,,,,,,,,,,,,,,,,,,,,,,,,,,,,,,,,,,,,,,,,,,,,,,,,,,,,,,,,,,,,,,,,,,,,,,,,,,,,,,,,,,,,,,,,,,,,
52150000,2419,-698,-118,181,1426,-20022,7984,3898,-134,-60,-2,880,0,673,15022,1103,-9,291,15022,1532000,1519000,1732000,1679000,-522,216,-576,239,,,,,,,,,,,,,,,,,,,,,,,,,,,,,,,,,,,,,,,,,,,,,,,,,,,,,,,,,,,,,,,,,,,,,,,,,,,,,,,,,,,,,,,,,,,,,,,
52203000,2300,-1287,-6,121,371,-19595,-6358,4447,-242,-108,-2,-479,39,673,15022,1085,-98,291,15022,1548000,1517000,1685000,1720000,-511,175,-554,190,,,,,,,,,,,,,,,,,,,,,,,,,,,,,,,,,,,,,,,,,,,,,,,,,,,,,,,,,,,,,,,,,,,,,,,,,,,,,,,,,,,,,,,,,,,,,,,
52250000,824,-1737,-138,366,1418,-19107,5543,4569,-208,-151,0,-1559,0,674,15067,1078,-83,296,15067,1568000,1503000,1704000,1698000,-326,74,-351,80,,,,,,,,,,,,,,,,,,,,,,,,,,,,,,,,,,,,,,,,,,,,,,,,,,,,,,,,,,,,,,,,,,,,,,,,,,,,,,,,,,,,,,,,,,,,,,,
52303000,-897,-2272,-106,-105,1212,-25332,6214,3532,-417,-194,-2,-5679,39,672,14978,1062,-122,287,14978,1539000,1515000,1702000,1708000,-91,281,-97,298,,,,,,,,,,,,,,,,,,,,,,,,,,,,,,,,,,,,,,,,,,,,,,,,,,,,,,,,,,,,,,,,,,,,,,,,,,,,,,,,,,,,,,,,,,,,,,,
52350000,-1751,-2529,144,-496,1043,-43582,1331,1517,-405,-217,-2,-6399,39,671,14933,1047,-193,284,14933,1474000,1553000,1716000,1716000,-168,413,-176,432,,,,,,,,,,,,,,,,,,,,,,,,,,,,,,,,,,,,,,,,,,,,,,,,,,,,,,,,,,,,,,,,,,,,,,,,,,,,,,,,,,,,,,,,,,,,,,,
52403000,-2698,-3418,300,552,1116,-34915,7008,1945,-368,-259,-2,-6919,439,671,14933,1025,-230,284,14933,1536000,1496000,1706000,1716000,-215,562,-220,576,,,,,,,,,,,,,,,,,,,,,,,,,,,,,,,,,,,,,,,,,,,,,,,,,,,,,,,,,,,,,,,,,,,,,,,,,,,,,,,,,,,,,,,,,,,,,,,
52450000,-3508,-2965,267,597,987,-27102,4627,4630,-308,-216,-2,-7039,480,672,14978,1007,-220,287,14978,1560000,1514000,1674000,1718000,106,467,106,470,,,,,,,,,,,,,,,,,,,,,,,,,,,,,,,,,,,,,,,,,,,,,,,,,,,,,,,,,,,,,,,,,,,,,,,,,,,,,,,,,,,,,,,,,,,,,,,
52503000,-3546,-3716,-373,-517,1421,-33694,6763,4081,-308,-282,-2,-7079,480,672,14978,997,-213,287,14978,1517000,1553000,1683000,1715000,92,568,92,567,,,,,,,,,,,,,,,,,,,,,,,,,,,,,,,,,,,,,,,,,,,,,,,,,,,,,,,,,,,,,,,,,,,,,,,,,,,,,,,,,,,,,,,,,,,,,,,
52550000,-4603,-3973,-537,-333,1458,-22769,8533,2250,-257,-332,-2,-7559,160,672,14978,1005,-202,287,14978,1540000,1505000,1687000,1728000,154,550,155,553,,,,,,,,,,,,,,,,,,,,,,,,,,,,,,,,,,,,,,,,,,,,,,,,,,,,,,,,,,,,,,,,,,,,,,,,,,,,,,,,,,,,,,,,,,,,,,,
52603000,-4478,-3952,300,54,383,-29849,18421,1762,-356,-337,-2,-8559,79,672,14978,977,-301,287,14978,1506000,1534000,1714000,1706000,260,722,254,706,,,,,,,,,,,,,,,,,,,,,,,,,,,,,,,,,,,,,,,,,,,,,,,,,,,,,,,,,,,,,,,,,,,,,,,,,,,,,,,,,,,,,,,,,,,,,,,
52650000,-3930,-2558,440,-117,846,-32534,19825,907,-400,-219,-2,-8519,39,672,14978,950,-406,287,14978,1490000,1538000,1726000,1703000,445,727,423,691,,,,,,,,,,,,,,,,,,,,,,,,,,,,,,,,,,,,,,,,,,,,,,,,,,,,,,,,,,,,,,,,,,,,,,,,,,,,,,,,,,,,,,,,,,,,,,,
52703000,-3689,-1210,-24,588,802,-27468,-72,3837,-425,-105,0,-8559,0,671,14933,942,-356,284,14933,1548000,1524000,1665000,1727000,426,686,401,646,,,,,,,,,,,,,,,,,,,,,,,,,,,,,,,,,,,,,,,,,,,,,,,,,,,,,,,,,,,,,,,,,,,,,,,,,,,,,,,,,,,,,,,,,,,,,,,
52750000,-3859,-1556,104,582,1031,-32168,-5809,114,-375,-135,0,-8159,0,673,15022,922,-385,291,15022,1489000,1533000,1700000,1736000,472,631,435,582,,,,,,,,,,,,,,,,,,,,,,,,,,,,,,,,,,,,,,,,,,,,,,,,,,,,,,,,,,,,,,,,,,,,,,,,,,,,,,,,,,,,,,,,,,,,,,,
52803000,-4747,-1225,-132,-349,1747,-24844,-5076,358,-238,-103,6,-7479,39,675,15112,896,-374,300,15112,1512000,1525000,1698000,1735000,693,581,621,521,,,,,,,,,,,,,,,,,,,,,,,,,,,,,,,,,,,,,,,,,,,,,,,,,,,,,,,,,,,,,,,,,,,,,,,,,,,,,,,,,,,,,,,,,,,,,,,
52850000,-4739,-391,-330,-103,1437,-10806,-8800,907,-113,-30,-2,-6039,39,672,14978,878,-353,287,14978,1517000,1514000,1690000,1736000,799,648,701,569,,,,,,,,,,,,,,,,,,,,,,,,,,,,,,,,,,,,,,,,,,,,,,,,,,,,,,,,,,,,,,,,,,,,,,,,,,,,,,,,,,,,,,,,,,,,,,,
52903000,-4239,-2040,136,139,1259,-7571,-14781,-740,223,-7,0,-1679,1960,673,15022,844,-399,291,15022,1426000,1573000,1713000,1731000,1132,563,955,475,,,,,,,,,,,,,,,,,,,,,,,,,,,,,,,,,,,,,,,,,,,,,,,,,,,,,,,,,,,,,,,,,,,,,,,,,,,,,,,,,,,,,,,,,,,,,,,
52950000,-4285,-1375,237,21,1243,2133,-11485,419,374,246,-4,0,4200,673,15022,840,-415,291,15022,1488000,1535000,1718000,1717000,1220,468,1024,393,,,,,,,,,,,,,,,,,,,,,,,,,,,,,,,,,,,,,,,,,,,,,,,,,,,,,,,,,,,,,,,,,,,,,,,,,,,,,,,,,,,,,,,,,,,,,,,
53003000,-3186,-1748,-256,421,1675,36129,-32542,968,365,447,-2,1000,6879,673,15022,766,-453,291,15022,1556000,1475000,1679000,1748000,1347,304,1032,233,,,,,,,,,,,,,,,,,,,,,,,,,,,,,,,,,,,,,,,,,,,,,,,,,,,,,,,,,,,,,,,,,,,,,,,,,,,,,,,,,,,,,,,,,,,,,,,
53050000,-1158,-3491,242,593,993,22702,-51463,-1533,279,330,-2,2040,7279,675,15112,731,-540,300,15112,1482000,1519000,1667000,1787000,1442,115,1054,84,,,,,,,,,,,,,,,,,,,,,,,,,,,,,,,,,,,,,,,,,,,,,,,,,,,,,,,,,,,,,,,,,,,,,,,,,,,,,,,,,,,,,,,,,,,,,,,
53103000,-2,-4475,-161,-419,1538,26242,-43651,-862,178,244,0,2040,7279,675,15112,716,-559,300,15112,1551000,1457000,1682000,1768000,1442,115,1033,82,,,,,,,,,,,,,,,,,,,,,,,,,,,,,,,,,,,,,,,,,,,,,,,,,,,,,,,,,,,,,,,,,,,,,,,,,,,,,,,,,,,,,,,,,,,,,,,
53150000,397,-5657,-78,-179,1193,25570,-38035,-2083,150,138,-2,2120,7240,674,15067,663,-584,296,15067,1523000,1464000,1669000,1791000,1916,402,1270,266,,,,,,,,,,,,,,,,,,,,,,,,,,,,,,,,,,,,,,,,,,,,,,,,,,,,,,,,,,,,,,,,,,,,,,,,,,,,,,,,,,,,,,,,,,,,,,,
53203000,987,-5607,-360,298,1394,24533,-33153,-435,98,76,2,2120,6480,677,15202,651,-507,307,15202,1547000,1474000,1667000,1780000,1810,320,1178,208,,,,,,,,,,,,,,,,,,,,,,,,,,,,,,,,,,,,,,,,,,,,,,,,,,,,,,,,,,,,,,,,,,,,,,,,,,,,,,,,,,,,,,,,,,,,,,,
53250000,1351,-5654,-413,220,1578,18490,-27965,114,-6,51,-2,1280,6240,677,15202,624,-532,307,15202,1556000,1467000,1665000,1779000,1657,598,1034,373,,,,,,,,,,,,,,,,,,,,,,,,,,,,,,,,,,,,,,,,,,,,,,,,,,,,,,,,,,,,,,,,,,,,,,,,,,,,,,,,,,,,,,,,,,,,,,,
53303000,1877,-5599,436,128,-37,-125,-10386,-2632,-146,-20,-2,200,5360,676,15157,603,-570,304,15157,1488000,1498000,1715000,1764000,1657,598,999,360,,,,,,,,,,,,,,,,,,,,,,,,,,,,,,,,,,,,,,,,,,,,,,,,,,,,,,,,,,,,,,,,,,,,,,,,,,,,,,,,,,,,,,,,,,,,,,,
53350000,881,-4980,549,139,240,4330,-6236,-3120,-69,-123,-2,80,3559,676,15157,575,-522,304,15157,1510000,1461000,1717000,1765000,1657,598,952,343,,,,,,,,,,,,,,,,,,,,,,,,,,,,,,,,,,,,,,,,,,,,,,,,,,,,,,,,,,,,,,,,,,,,,,,,,,,,,,,,,,,,,,,,,,,,,,,
53403000,1209,-5658,399,70,306,16537,-6358,-862,-122,-287,-2,-199,2360,677,15202,568,-487,307,15202,1587000,1407000,1666000,1790000,1378,18,782,10,,,,,,,,,,,,,,,,,,,,,,,,,,,,,,,,,,,,,,,,,,,,,,,,,,,,,,,,,,,,,,,,,,,,,,,,,,,,,,,,,,,,,,,,,,,,,,,
53450000,1894,-6166,430,164,374,2316,4688,114,-343,-478,0,-2039,680,678,15246,532,-533,311,15246,1569000,1452000,1650000,1794000,1784,674,949,358,,,,,,,,,,,,,,,,,,,,,,,,,,,,,,,,,,,,,,,,,,,,,,,,,,,,,,,,,,,,,,,,,,,,,,,,,,,,,,,,,,,,,,,,,,,,,,,
53503000,1734,-4755,1,-602,1477,-16543,16712,1701,-409,-383,0,-2959,360,677,15202,558,-456,307,15202,1529000,1520000,1672000,1757000,1748,496,975,277,,,,,,,,,,,,,,,,,,,,,,,,,,,,,,,,,,,,,,,,,,,,,,,,,,,,,,,,,,,,,,,,,,,,,,,,,,,,,,,,,,,,,,,,,,,,,,,
53550000,-456,-3405,-104,-217,714,-27468,28980,3043,-298,-276,0,-3879,239,676,15157,512,-462,304,15157,1513000,1553000,1699000,1715000,1862,813,953,416,,,,,,,,,,,,,,,,,,,,,,,,,,,,,,,,,,,,,,,,,,,,,,,,,,,,,,,,,,,,,,,,,,,,,,,,,,,,,,,,,,,,,,,,,,,,,,,
53603000,-1206,-1357,-51,240,663,-20571,20191,1884,-509,-97,0,-7039,239,677,15202,466,-364,307,15202,1585000,1461000,1698000,1730000,1989,788,927,367,,,,,,,,,,,,,,,,,,,,,,,,,,,,,,,,,,,,,,,,,,,,,,,,,,,,,,,,,,,,,,,,,,,,,,,,,,,,,,,,,,,,,,,,,,,,,,,
53650000,-1556,-537,-222,337,1044,-27957,5848,2311,-635,-8,-2,-8839,439,676,15157,425,-464,304,15157,1576000,1476000,1659000,1760000,1989,845,335,,,,,,,,,,,,,,,,,,,,,,,,,,,,,,,,,,,,,,,,,,,,,,,,,,,,,,,,,,,,,,,,,,,,,,,,,,,,,,,,,,,,,,,,,,,,,,,,
53703000,-1998,-547,27,140,919,-40957,-2818,3348,-638,-2,-2,-9320,520,678,15246,431,-499,311,15246,1553000,1521000,1648000,1760000,1989,788,857,339,,,,,,,,,,,,,,,,,,,,,,,,,,,,,,,,,,,,,,,,,,,,,,,,,,,,,,,,,,,,,,,,,,,,,,,,,,,,,,,,,,,,,,,,,,,,,,,
53750000,-3272,-921,41,286,785,-51577,2674,-1533,-531,-35,-2,-9359,520,678,15246,413,-536,311,15246,1473000,1533000,1724000,1741000,1989,788,821,325,,,,,,,,,,,,,,,,,,,,,,,,,,,,,,,,,,,,,,,,,,,,,,,,,,,,,,,,,,,,,,,,,,,,,,,,,,,,,,,,,,,,,,,,,,,,,,,
53803000,-5655,-1931,401,3,475,-34793,-4954,3043,-215,-123,-2,-8119,520,686,15608,324,-628,343,15608,1537000,1539000,1634000,1774000,1989,788,644,255,,,,,,,,,,,,,,,,,,,,,,,,,,,,,,,,,,,,,,,,,,,,,,,,,,,,,,,,,,,,,,,,,,,,,,,,,,,,,,,,,,,,,,,,,,,,,,,
53850000,-6343,-2055,426,223,931,-12698,2979,5424,-74,-127,-2,-7199,599,706,16532,343,-528,423,16532,1614000,1553000,1657000,1773000,1989,788,682,270,,,,,,,,,,,,,,,,,,,,,,,,,,,,,,,,,,,,,,,,,,,,,,,,,,,,,,,,,,,,,,,,,,,,,,,,,,,,,,,,,,,,,,,,,,,,,,,
53903000,-5654,-1417,-284,-620,1415,851,7496,2067,18,-74,-2,-5439,559,717,17051,261,-644,468,17051,1595000,1561000,1719000,1772000,1779,315,464,82,,,,,,,,,,,,,,,,,,,,,,,,,,,,,,,,,,,,,,,,,,,,,,,,,,,,,,,,,,,,,,,,,,,,,,,,,,,,,,,,,,,,,,,,,,,,,,,
53950000,-3888,-1648,41,-200,955,9701,2064,2555,-23,-67,0,-4159,880,719,17146,228,-583,475,17146,1612000,1558000,1710000,1776000,1779,315,405,71,,,,,,,,,,,,,,,,,,,,,,,,,,,,,,,,,,,,,,,,,,,,,,,,,,,,,,,,,,,,,,,,,,,,,,,,,,,,,,,,,,,,,,,,,,,,,,,
54003000,-2807,-1181,-34,119,1257,7504,9632,236,234,-26,0,-119,880,719,17146,196,-579,475,17146,1581000,1557000,1740000,1768000,1531,-1123,300,-220,,,,,,,,,,,,,,,,,,,,,,,,,,,,,,,,,,,,,,,,,,,,,,,,,,,,,,,,,,,,,,,,,,,,,,,,,,,,,,,,,,,,,,,,,,,,,,,
54050000,-763,-1372,8,525,1151,42294,5665,175,223,9,-2,1800,1480,717,17051,227,-432,468,17051,1653000,1476000,1731000,1782000,1531,-1123,347,-254,,,,,,,,,,,,,,,,,,,,,,,,,,,,,,,,,,,,,,,,,,,,,,,,,,,,,,,,,,,,,,,,,,,,,,,,,,,,,,,,,,,,,,,,,,,,,,,
54103000,473,-544,-142,-412,1182,41073,-9471,-7,583,120,-2,7160,1919,716,17003,168,-500,464,17003,1585000,1546000,1710000,1795000,1531,-1123,257,-188,,,,,,,,,,,,,,,,,,,,,,,,,,,,,,,,,,,,,,,,,,,,,,,,,,,,,,,,,,,,,,,,,,,,,,,,,,,,,,,,,,,,,,,,,,,,,,,
54150000,1604,-1201,-84,-503,1406,34542,-4893,-984,523,108,-2,7600,2439,710,16720,170,-379,439,16720,1573000,1531000,1724000,1781000,1531,-1123,260,-190,,,,,,,,,,,,,,,,,,,,,,,,,,,,,,,,,,,,,,,,,,,,,,,,,,,,,,,,,,,,,,,,,,,,,,,,,,,,,,,,,,,,,,,,,,,,,,,
54203000,3590,-1431,98,48,1263,35397,5848,3104,290,126,-2,6920,2880,708,16626,190,-261,432,16626,1614000,1543000,1700000,1760000,1531,-1123,290,-213,,,,,,,,,,,,,,,,,,,,,,,,,,,,,,,,,,,,,,,,,,,,,,,,,,,,,,,,,,,,,,,,,,,,,,,,,,,,,,,,,,,,,,,,,,,,,,,
54250000,3537,-1206,405,43,1192,28561,-2513,1640,193,184,0,5760,3320,710,16720,151,-131,439,16720,1620000,1519000,1711000,1762000,1531,-1123,231,-169,,,,,,,,,,,,,,,,,,,,,,,,,,,,,,,,,,,,,,,,,,,,,,,,,,,,,,,,,,,,,,,,,,,,,,,,,,,,,,,,,,,,,,,,,,,,,,,
54303000,3741,-1596,-131,441,1049,15438,-4832,541,144,185,0,5400,3719,708,16626,159,44,432,16626,1598000,1527000,1722000,1760000,1531,-1123,243,-178,,,,,,,,,,,,,,,,,,,,,,,,,,,,,,,,,,,,,,,,,,,,,,,,,,,,,,,,,,,,,,,,,,,,,,,,,,,,,,,,,,,,,,,,,,,,,,,
54350000,2957,-743,-218,-8,1339,12692,3834,1151,174,388,0,4960,5200,707,16579,154,215,428,16579,1599000,1532000,1744000,1730000,1531,-1123,235,-54403000,2463,-166,-381,-610,1449,12203,-12645,2799,43,613,0,2960,7200,707,16579,201,281,428,16579,1610000,1549000,1714000,1742000,1531,-1123,307,-225,,,,,,,,,,,,,,,,,,,,,,,,,,,,,,,,,,,,,,,,,,,,,,,,,,,,,,,,,,,,,,,,,,,,
54450000,2383,-1079,-219,214,1800,-11721,-18077,-2449,-82,761,0,1440,9800,707,16579,176,200,428,16579,1527000,1557000,1761000,1747000,1531,-1123,269,-197,,,,,,,,,,,,,,,,,,,,,,,,,,,,,,,,,,,,,,,,,,,,,,,,,,,,,,,,,,,,,,,,,,,,,,,,,,,,,,,,,,,,,,,,,,,,,,,
54503000,1467,-2152,178,-259,638,-4519,-35472,1212,-9,667,0,1360,9800,706,16532,186,300,423,16532,1590000,1542000,1681000,1783000,1531,-1123,284,-208,,,,,,,,,,,,,,,,,,,,,,,,,,,,,,,,,,,,,,,,,,,,,,,,,,,,,,,,,,,,,,,,,,,,,,,,,,,,,,,,,,,,,,,,,,,,,,,
54550000,1361,-3884,-275,-271,1866,-7693,-34129,20654603000,1191,-4502,587,196,935,2621,-24241,1273,-96,493,-2,80,10160,705,16485,215,399,419,16485,1610000,1519000,1716000,1700,1531,-1123,329,-241,,,,,,,,,,,,,,,,,,,,,,,,,,,,,,,,,,,,,,,,,,,,,,,,,,,,,,,,,,,,,,,,,,,,,,,,,,,,,,,,,,,,,,,
54650000,419,-4061,-71,-484,1398,-17092,-20152,-1472,-29,528,0,80,10120,706,16532,236,442,423,16532,1539000,1560000,1737000,1762000,1531,-1123,361,-265,,,,,,,,,,,,,,,,,,,,,,,,,,,,,,,,,,,,,,,,,,,,,,,,,,,,,,,,,,,,,,,,,,,,,,,,,,,,,,,,,,,,,,,,,,,,,,,
54703000,-519,-4476,99,362,1397,-552,-24974,-1533,52,468,-4,80,9840,705,16485,272,516,419,16485,1590000,1499000,1724000,1776000,1531,-1154750000,-1420,-5811,-199,-403,906,-7144,-24058,-191,57,229,-2,-759,8440,706,16532,266,518,423,16532,1561000,1550000,1712000,1754803000,-244,-6485,263,773,806,-7876,-13804,-2083,-181,-133,-2,-2319,4960,707,16579,288,603,428,16579,1597000,1485000,1694000,1811000,2241,-450,645,-129,,,,,,,,,,,,,,,,,,,,,,,,,,,,,,,,,,,,,,,,,,,,,,,
54850000,-252,-6278,73,-237,1214,-21487,-1048,-68,-243,-268,-2,-3039,3199,706,16532,367,640,423,16532,1563000,1548000,1705000,1781000,2241,-450,822,-165,,,,,,,,,,,,,,,,,,,,,,,,,,,,,,,,,,,,,,,,,,,,,,,,,,,,,,,,,,,,,,,,,,,,,,,,,,,,,,,,,,,,,,,,,,,,,,,
54903000,-636,-6176,44,484,802,-32534,6763,-3120,-251,-420,-2,-3519,1359,705,16485,369,662,419,16485,1531000,1537000,1722000,1795000,2241,-450,827,-166,,,,,,,,,,,,,,,,,,,,,,,,,,,,,,,,,,,,,,,,,,,,,,,,,,,,,,,,,,,,,,,,,,,,,,,,,,,,,,,,,,,,,,,,,,,,,,,
54950000,-1979,-5424,-63,334,1015,-25515,27515,-1106,-134,-459,-2,-3519,160,706,16532,359,482,423,16532,1572000,1521000,1736000,1764000,2241,-450,804,-161,,,,,,,,,,,,,,,,,,,,,,,,,,,,,,,,,,,,,,,,,,,,,,,,,,,,,,,,,,,,,,,,,,,,,,,,,,,,,,,,,,,,,,,,,,,,,,,
55003000,-2380,-2710,-357,-340,1401,-23135,24219,-2754,-61,-229,0,-3079,79,707,16579,410,562,428,16579,1505000,1565000,1751000,1766000,2241,-450,918,-184,,,,,,,,,,,,,,,,,,,,,,,,,,,,,,,,,,,,,,,,,,,,,,,,,,,,,,,,,,,,,,,,,,,,,,,,,,,,,,,,,,,,,,,,,,,,,,,
55050000,-1959,-2003,13,143,815,-64,25684,-3731,-31,-164,0,-2319,120,706,16532,451,624,423,16532,1552000,1501000,1761000,1765000,2241,-450,1010,-203,,,,,,,,,,,,,,,,,,,,,,,,,,,,,,,,,,,,,,,,,,,,,,,,,,,,,,,,,,,,,,,,,,,,,,,,,,,,,,,,,,,,,,,,,,,,,,,
55103000,-2050,-1601,-338,-249,1400,5612,22022,541,11,-132,0,-1919,79,706,16532,459,703,423,16532,1575000,1540000,1743000,1741000,2241,-450,1028,-206,,,,,,,,,,,,,,,,,,,,,,,,,,,,,,,,,,,,,,,,,,,,,,,,,,,,,,,,,,,,,,,,,,,,,,,,,,,,,,,,,,,,,,,,,,,,,,,
55150000,-1297,-1259,-286,274,1520,2804,25135,-374,60,-102,0,-599,79,706,16532,505,586,423,16532,1553000,1549000,1757000,1737000,2241,-450,1131,-227,,,,,,,,,,,,,,,,,,,,,,,,,,,,,,,,,,,,,,,,,,,,,,,,,,,,,,,,,,,,,,,,,,,,,,,,,,,,,,,,,,,,,,,,,,,,,,,
55203000,-1005,-1101,-104,-56,1350,19467,10059,1151,178,-85,-2,1040,120,706,16532,551,663,423,16532,1589000,1531000,1716000,1762000,2241,-450,1235,-248,,,,,,,,,,,,,,,,,,,,,,,,,,,,,,,,,,,,,,,,,,,,,,,,,,,,,,,,,,,,,,,,,,,,,,,,,,,,,,,,,,,,,,,,,,,,,,,
55250000,536,-1126,-327,311,1628,14706,24097,-7,190,-91,-2,2720,79,707,16579,567,619,428,16579,1589000,1521000,1756000,1740000,2241,-450,1270,-255,,,,,,,,,,,,,,,,,,,,,,,,,,,,,,,,,,,,,,,,,,,,,,,,,,,,,,,,,,,,,,,,,,,,,,,,,,,,,,,,,,,,,,,,,,,,,,,
55303000,1187,-1864,-125,36,883,27096,9937,-68,294,-155,0,4560,79,705,16485,630,660,419,16485,1583000,1520000,1720000,1768000,2241,-450,1412,-283,,,,,,,,,,,,,,,,,,,,,,,,,,,,,,,,,,,,,,,,,,,,,,,,,,,,,,,,,,,,,,,,,,,,,,,,,,,,,,,,,,,,,,,,,,,,,,,
55350000,2073,-1767,-214,250,1111,15499,20802,-1411,251,-143,0,4960,120,707,16579,642,605,428,16579,1566000,1524000,1755000,1752000,181,-722,116,-463,,,,,,,,,,,,,,,,,,,,,,,,,,,,,,,,,,,,,,,,,,,,,,,,,,,,,,,,,,,,,,,,,,,,,,,,,,,,,,,,,,,,,,,,,,,,,,,
55403000,2257,-1847,-89,-195,1205,22885,6336,2128,462,-84,0,7560,880,705,16485,662,624,419,16485,1566000,1571000,1711000,1755450000,3447,-1236,-303,257,1670,24777,17384,175,467,-34,-2,8800,840,706,16532,708,671,423,16532,1581000,1525000,1758000,17,-787,127,-557,,,,,,,,,,,,,,,,,,,,,,,,,,,,,,,,,,,,,,,,,,,,,,,,,,,,,,,,,,,,,,,,,,,,,,,,,
55503000,4262,-2641,-234,-39,1392,35824,1087,1151,622,-80,0,11400,1719,706,16532,766,744,423,16532,1569000,1555000,1721000,1756000,154,-782,118,-599,,,,,,,,,,,,,,,,,,,,,,,,,,,,,,,,,,,,,,,,,,,,,,,,,,,,,,,,,,,,,,,,,,,,,,,,,,,,,,,,,,,,,,,,,,,,,,,
55550000,5523,-2560,-322,317,1104,31002,5482,-862,624,-38,-4,12680,2119,706,1655603000,6496,-2824,3,-46,1034,40097,-7823,3471,546,-16,-2,12760,2639,707,16579,838,814,428,16579,1602000,1551000,1699000,1754000,79,-515,66,-432,,,,,,,,,,,,,,,,,,,,,,,,,,,,,,,,,,,,,,,,,,,,,,,,,,,,,,,,,,,,,,,,,,,,,,,,,,,,,,,,
55650000,6552,-2244,-334,198,1254,33444,9815,-191,642,65,-2,13920,2999,705,16485,867,804,419,16485,1568000,1536000,1768000,1725000,314,-389,272,-337,,,,,,,,,,,,,,,,,,,,,,,,,,,,,,,,,,,,,,,,,,,,,,,,,,,,,,,,,,,,,,,,,,,,,,,,,,,,,,,,,,,,,,,,,,,,,,,
55703000,6909,-2872,-169,-441,1653,38937,-7945,3593,426,63,-4,11800,3599,705,16485,955,905,419,16485,1613000,1539000,1705000,1747000,289,-166,276,-159,,,,,,,,,,,,,,,,,,,,,,,,,,,,,,,,,,,,,,,,,,,,,,,,,,,,,,,,,,,,,,,,,,,,,,,,,,,,,,,,,,,,,,,,,,,,,,,
55750000,7076,-2297,-227,-126,804,19345,-3673,175,-170,117,-2,5120,3640,706,16532,978,883,423,16532,1616000,1488000,1747000,1741000,335,-118,328,-115,,,,,,,,,,,,,,,,,,,,,,,,,,,,,,,,,,,,,,,,,,,,,,,,,,,,,,,,,,,,,,,,,,,,,,,,,,,,,,,,,,,,,,,,,,,,,,,
55803000,7718,-3289,70,-342,597,-15750,-12340,5363,-670,41,-2,40,3759,706,16532,1019,828,423,16532,1600000,1581000,1678000,1752000,158,-255,161,-260,,,,,,,,,,,,,,,,,,,,,,,,,,,,,,,,,,,,,,,,,,,,,,,,,,,,,,,,,,,,,,,,,,,,,,,,,,,,,,,,,,,,,,,,,,,,,,,
55850000,4597,-2290,-418,-49,1138,-45108,172,-130,-516,82,-2,-1319,3239,706,16532,1030,765,423,16532,1563000,1546000,1738000,1751000,317,84,327,87,,,,,,,,,,,,,,,,,,,,,,,,,,,,,,,,,,,,,,,,,,,,,,,,,,,,,,,,,,,,,,,,,,,,,,,,,,,,,,,,,,,,,,,,,,,,,,,
55903000,1372,-3838,410,-70,286,-26065,-3734,1334,-325,-122,-2,-2359,2439,670,14889,1078,635,280,14889,1582000,1522000,1692000,1762000,354,435,382,469,,,,,,,,,,,,,,,,,,,,,,,,,,,,,,,,,,,,,,,,,,,,,,,,,,,,,,,,,,,,,,,,,,,,,,,,,,,,,,,,,,,,,,,,,,,,,,,
55950000,-507,-3913,-200,-596,1383,-26675,2552,3715,-283,-118,0,-3759,2560,638,13500,1089,654,152,13500,1538000,1469000,1651000,1672000,439,427,478,465,,,,,,,,,,,,,,,,,,,,,,,,,,,,,,,,,,,,,,,,,,,,,,,,,,,,,,,,,,,,,,,,,,,,,,,,,,,,,,,,,,,,,,,,,,,,,,,
56003000,-964,-3372,339,562,398,-22280,9632,1945,-359,-70,-2,-5079,2560,637,13458,1123,638,148,13458,1536000,1439000,1668000,1674000,339,576,380,647,,,,,,,,,,,,,,,,,,,,,,,,,,,,,,,,,,,,,,,,,,,,,,,,,,,,,,,,,,,,,,,,,,,,,,,,,,,,,,,,,,,,,,,,,,,,,,,
56050000,-2538,-4097,235,494,763,-25820,-2086,3104,-389,-43,0,-6999,3599,637,13458,1158,576,148,13458,1528000,1468000,1628000,1695000,320,531,371,615,,,,,,,,,,,,,,,,,,,,,,,,,,,,,,,,,,,,,,,,,,,,,,,,,,,,,,,,,,,,,,,,,,,,,,,,,,,,,,,,,,,,,,,,,,,,,,,
56103000,-4829,-3952,47,-259,1318,-29116,-743,2189,-199,7,2,-7119,4040,637,13458,1164,448,148,13458,1483000,1506000,1651000,1684000,303,591,353,688,,,,,,,,,,,,,,,,,,,,,,,,,,,,,,,,,,,,,,,,,,,,,,,,,,,,,,,,,,,,,,,,,,,,,,,,,,,,,,,,,,,,,,,,,,,,,,,
56150000,-6116,-3461,304,189,569,-18740,2918,-1106,-150,95,-2,-7839,4560,636,13416,1184,274,143,13416,1511000,1416000,1686000,1687000,303,591,359,700,,,,,,,,,,,,,,,,,,,,,,,,,,,,,,,,,,,,,,,,,,,,,,,,,,,,,,,,,,,,,,,,,,,,,,,,,,,,,,,,,,,,,,,,,,,,,,,
56203000,-5449,-2560,-281,-330,1074,-22280,-1475,-191,-274,177,-2,-8599,4600,636,13416,1217,297,143,13416,1487000,1463000,1692000,1672000,172,199,210,242,,,,,,,,,,,,,,,,,,,,,,,,,,,,,,,,,,,,,,,,,,,,,,,,,,,,,,,,,,,,,,,,,,,,,,,,,,,,,,,,,,,,,,,,,,,,,,,
56250000,-4382,-2962,41,-251,766,-22219,-16917,1823,-409,146,-4,-9079,4640,637,13458,1228,253,148,13458,1528000,1446000,1633000,1706000,494,578,607,710,,,,,,,,,,,,,,,,,,,,,,,,,,,,,,,,,,,,,,,,,,,,,,,,,,,,,,,,,,,,,,,,,,,,,,,,,,,,,,,,,,,,,,,,,,,,,,,
56303000,-3926,-2478,-532,-85,1371,-39431,-4100,-496,-470,188,-2,-9320,4640,636,13416,1243,272,143,13416,1453000,1490000,1694000,1671000,446,231,555,287,,,,,,,,,,,,,,,,,,,,,,,,,,,,,,,,,,,,,,,,,,,,,,,,,,,,,,,,,,,,,,,,,,,,,,,,,,,,,,,,,,,,,,,,,,,,,,,
56350000,-5036,-3106,-136,-283,900,-28323,-18992,-130,-349,130,0,-9039,4600,636,13416,1288,252,143,13416,1488000,1463000,1650000,1708000,285,305,368,393,,,,,,,,,,,,,,,,,,,,,,,,,,,,,,,,,,,,,,,,,,,,,,,,,,,,,,,,,,,,,,,,,,,,,,,,,,,,,,,,,,,,,,,,,,,,,,,
56403000,-3930,-2454,-274,-77,1170,-19656,-17100,-1411,-442,183,0,-8999,4560,638,13500,1294,247,152,13500,1519000,1408000,1670000,1706000,369,400,478,517,,,,,,,,,,,,,,,,,,,,,,,,,,,,,,,,,,,,,,,,,,,,,,,,,,,,,,,,,,,,,,,,,,,,,,,,,,,,,,,,,,,,,,,,,,,,,,,
56450000,-3654,-2992,-94,-413,802,-25027,-22288,-1961,-469,129,-2,-9039,4479,636,13416,1307,172,143,13416,1477000,1440000,1642000,1738000,533,509,697,665,,,,,,,,,,,,,,,,,,,,,,,,,,,,,,,,,,,,,,,,,,,,,,,,,,,,,,,,,,,,,,,,,,,,,,,,,,,,,,,,,,,,,,,,,,,,,,,
56503000,-2532,-3169,-294,297,1917,-36807,-14781,-1472,-557,121,-2,-8919,4560,636,13416,1308,184,143,13416,1469000,1455000,1671000,1707000,493,471,645,616,,,,,,,,,,,,,,,,,,,,,,,,,,,,,,,,,,,,,,,,,,,,,,,,,,,,,,,,,,,,,,,,,,,,,,,,,,,,,,,,,,,,,,,,,,,,,,,
56550000,-4417,-4436,-156,-138,578,-26553,-11790,-2693,-389,0,-2,-8879,4440,638,13500,1328,162,152,13500,1461000,1439000,1676000,1715000,344,560,457,743,,,,,,,,,,,,,,,,,,,,,,,,,,,,,,,,,,,,,,,,,,,,,,,,,,,,,,,,,,,,,,,,,,,,,,,,,,,,,,,,,,,,,,,,,,,,,,,
56603000,-5020,-5609,16,237,597,-22341,-11851,-2571,-336,-105,0,-8879,4400,637,13458,1316,38,148,13458,1466000,1440000,1657000,1732000,295,267,388,351,,,,,,,,,,,,,,,,,,,,,,,,,,,,,,,,,,,,,,,,,,,,,,,,,,,,,,,,,,,,,,,,,,,,,,,,,,,,,,,,,,,,,,,,,,,,,,,
56650000,-5189,-5670,-381,-87,1132,-3726,1392,-2388,-367,-103,0,-9400,4479,636,13416,1318,-53,143,13416,1525000,1370000,1690000,1700000,410,431,541,568,,,,,,,,,,,,,,,,,,,,,,,,,,,,,,,,,,,,,,,,,,,,,,,,,,,,,,,,,,,,,,,,,,,,,,,,,,,,,,,,,,,,,,,,,,,,,,,
56703000,-5251,-3779,-207,259,1056,-16177,7435,-2083,-421,99,-2,-10079,4920,638,13500,1296,-74,152,13500,1483000,1430000,1708000,1684000,452,328,585,425,,,,,,,,,,,,,,,,,,,,,,,,,,,,,,,,,,,,,,,,,,,,,,,,,,,,,,,,,,,,,,,,,,,,,,,,,,,,,,,,,,,,,,,,,,,,,,,
56750000,-4646,-3599,-402,-13,1243,-16604,-14659,-3059,-568,111,-4,-11160,4879,639,13543,1299,-158,155,13543,1517000,1366000,1653000,1749000,365,247,474,322,,,,,,,,,,,,,,,,,,,,,,,,,,,,,,,,,,,,,,,,,,,,,,,,,,,,,,,,,,,,,,,,,,,,,,,,,,,,,,,,,,,,,,,,,,,,,,,
56803000,-4795,-4447,6,353,983,-26065,-12218,-2266,-555,44,0,-11160,4960,642,13670,1282,-184,168,13670,1474000,1445000,1668000,1733000,424,78,544,100,,,,,,,,,,,,,,,,,,,,,,,,,,,,,,,,,,,,,,,,,,,,,,,,,,,,,,,,,,,,,,,,,,,,,,,,,,,,,,,,,,,,,,,,,,,,,,,
56850000,-5824,-4565,-306,321,1282,-24478,-17528,-2083,-462,37,-4,-11119,5000,643,13713,1272,-267,172,13713,1507000,1407000,1646000,1756000,409,80,520,102,,,,,,,,,,,,,,,,,,,,,,,,,,,,,,,,,,,,,,,,,,,,,,,,,,,,,,,,,,,,,,,,,,,,,,,,,,,,,,,,,,,,,,,,,,,,,,,
56903000,-5911,-4789,73,252,613,-18984,-11546,-2754,-423,7,-2,-10760,4879,645,13798,1244,-400,179,13798,1498000,1411000,1669000,1746000,230,-26,286,-33,,,,,,,,,,,,,,,,,,,,,,,,,,,,,,,,,,,,,,,,,,,,,,,,,,,,,,,,,,,,,,,,,,,,,,,,,,,,,,,,,,,,,,,,,,,,,,,
56950000,-6235,-4941,-26,483,1414,-11111,-12218,-1045,-314,-33,-2,-9839,4560,648,13927,1237,-504,192,13927,1519000,1420000,1639000,1759000,350,14,433,18,,,,,,,,,,,,,,,,,,,,,,,,,,,,,,,,,,,,,,,,,,,,,,,,,,,,,,,,,,,,,,,,,,,,,,,,,,,,,,,,,,,,,,,,,,,,,,,
57003000,-6869,-5088,65,-79,633,-12332,-2208,-1716,-259,-49,-2,-9839,4519,650,14013,1207,-619,199,14013,1487000,1450000,1684000,1732000,219,-309,265,-374,,,,,,,,,,,,,,,,,,,,,,,,,,,,,,,,,,,,,,,,,,,,,,,,,,,,,,,,,,,,,,,,,,,,,,,,,,,,,,,,,,,,,,,,,,,,,,,
57050000,-5628,-5063,401,179,982,-8792,-499,-2327,54,-47,-2,-4999,4519,650,14013,1172,-623,199,14013,1408000,1513000,1673000,1750000,178,-253,209,-297,,,,,,,,,,,,,,,,,,,,,,,,,,,,,,,,,,,,,,,,,,,,,,,,,,,,,,,,,,,,,,,,,,,,,,,,,,,,,,,,,,,,,,,,,,,,,,,
57103000,-5365,-3839,-62,-455,1095,8786,1087,-618,475,-83,0,80,2880,660,14448,1161,-630,240,14448,1471000,1502000,1672000,1746000,-53,-263,-62,-305,,,,,,,,,,,,,,,,,,,,,,,,,,,,,,,,,,,,,,,,,,,,,,,,,,,,,,,,,,,,,,,,,,,,,,,,,,,,,,,,,,,,,,,,,,,,,,,
57150000,-4930,-3911,172,-565,631,35092,19703,-2876,793,-44,-2,4160,3399,669,14844,1126,-700,276,14844,1500000,1462000,1745000,1720000,10,-611,11,-688,,,,,,,,,,,,,,,,,,,,,,,,,,,,,,,,,,,,,,,,,,,,,,,,,,,,,,,,,,,,,,,,,,,,,,,,,,,,,,,,,,,,,,,,,,,,,,,
57203000,-2155,-3304,189,240,561,52731,15003,-4341,976,11,0,9040,3440,683,15472,1078,-748,332,15472,1514000,1460000,1739000,1765000,29,-929,31,-1001,,,,,,,,,,,,,,,,,,,,,,,,,,,,,,,,,,,,,,,,,,,,,,,,,,,,,,,,,,,,,,,,,,,,,,,,,,,,,,,,,,,,,,,,,,,,,,,
57250000,614,-1694,592,449,168,77023,16041,-5989,902,274,-2,10960,4839,710,16720,1029,-836,439,16720,1587000,1416000,1806000,1763000,38,-714,39,-735,,,,,,,,,,,,,,,,,,,,,,,,,,,,,,,,,,,,,,,,,,,,,,,,,,,,,,,,,,,,,,,,,,,,,,,,,,,,,,,,,,,,,,,,,,,,,,,
57303000,4009,-840,-317,383,1570,78182,-6114,-3975,623,544,-4,11160,7079,716,17003,983,-770,464,17003,1614000,1429000,1778000,1786000,35,-694,34,-682,,,,,,,,,,,,,,,,,,,,,,,,,,,,,,,,,,,,,,,,,,,,,,,,,,,,,,,,,,,,,,,,,,,,,,,,,,,,,,,,,,,,,,,,,,,,,,,
57350000,5137,-2191,380,-219,519,34664,-13438,-3792,557,461,0,11520,7479,717,17051,959,-757,468,17051,1529000,1532000,1765000,1797000,72,-785,69,-753,,,,,,,,,,,,,,,,,,,,,,,,,,,,,,,,,,,,,,,,,,,,,,,,,,,,,,,,,,,,,,,,,,,,,,,,,,,,,,,,,,,,,,,,,,,,,,,
57403000,4391,-2781,-461,-11,1454,33566,-13133,-3792,590,406,0,11160,7439,719,17146,933,-639,475,17146,1562000,1500000,1783000,1784000,-85,-945,-79,-882,,,,,,,,,,,,,,,,,,,,,,,,,,,,,,,,,,,,,,,,,,,,,,,,,,,,,,,,,,,,,,,,,,,,,,,,,,,,,,,,,,,,,,,,,,,,,,,
57450000,4934,-3603,380,431,909,50839,965,-4097,476,338,-2,10400,7479,721,17242,887,-633,484,17242,1631000,1408000,1806000,1771000,-188,-781,-167,-693,,,,,,,,,,,,,,,,,,,,,,,,,,,,,,,,,,,,,,,,,,,,,,,,,,,,,,,,,,,,,,,,,,,,,,,,,,,,,,,,,,,,,,,,,,,,,,,
57503000,6222,-4083,633,382,482,30758,-7884,-4158,228,268,-2,8840,7160,721,17242,893,-570,484,17242,1595000,1452000,1768000,1810000,-263,-950,-235,-849,,,,,,,,,,,,,,,,,,,,,,,,,,,,,,,,,,,,,,,,,,,,,,,,,,,,,,,,,,,,,,,,,,,,,,,,,,,,,,,,,,,,,,,,,,,,,,,
57550000,5652,-3214,-523,6,1765,10006,-8006,-557,278,344,-2,8840,7160,720,17194,845,-515,480,17194,1550000,1555000,1766000,1778000,-107,-883,-90,-746,,,,,,,,,,,,,,,,,,,,,,,,,,,,,,,,,,,,,,,,,,,,,,,,,,,,,,,,,,,,,,,,,,,,,,,,,,,,,,,,,,,,,,,,,,,,,,,
57603000,4247,-3329,-407,-76,1244,3781,-9349,-496,393,341,-4,8760,7240,723,17338,807,-476,491,17338,1540000,1566000,1773000,1778000,-316,-660,-255,-532,,,,,,,,,,,,,,,,,,,,,,,,,,,,,,,,,,,,,,,,,,,,,,,,,,,,,,,,,,,,,,,,,,,,,,,,,,,,,,,,,,,,,,,,,,,,,,,
57650000,3165,-3944,564,-82,1314,23617,-8433,-3914,481,294,0,8680,7320,723,17338,803,-425,491,17338,1592000,1461000,1789000,1795000,-445,-606,-357,-487,,,,,,,,,,,,,,,,,,,,,,,,,,,,,,,,,,,,,,,,,,,,,,,,,,,,,,,,,,,,,,,,,,,,,,,,,,,,,,,,,,,,,,,,,,,,,,,
57703000,3826,-4479,627,-77,982,26364,-7030,-3425,409,258,-4,8520,7439,723,17338,792,-303,491,17338,1607000,1443000,1792000,1791000,-537,-242,-425,-191,,,,,,,,,,,,,,,,,,,,,,,,,,,,,,,,,,,,,,,,,,,,,,,,,,,,,,,,,,,,,,,,,,,,,,,,,,,,,,,,,,,,,,,,,,,,,,,
57750000,3615,-4080,-475,-73,959,13058,-13011,-3486,424,300,0,8480,7520,724,17386,812,-193,495,17386,1543000,1520000,1790000,1791000,-587,-470,-476,-382,,,,,,,,,,,,,,,,,,,,,,,,,,,,,,,,,,,,,,,,,,,,,,,,,,,,,,,,,,,,,,,,,,,,,,,,,,,,,,,,,,,,,,,,,,,,,,,
57803000,3572,-4239,-589,-348,1400,6832,-6236,-2449,421,286,-2,8400,7520,724,17386,748,-232,495,17386,1531000,1545000,1808000,1767000,-807,-179,-604,-133,,,,,,,,,,,,,,,,,,,,,,,,,,,,,,,,,,,,,,,,,,,,,,,,,,,,,,,,,,,,,,,,,,,,,,,,,,,,,,,,,,,,,,,,,,,,,,,
57850000,3908,-4360,447,-61,1147,15621,-2452,-4524,360,272,-2,8040,7479,722,17290,773,-158,488,17290,1569000,1467000,1822000,1771000,-893,-225,-690,-174,,,,,,,,,,,,,,,,,,,,,,,,,,,,,,,,,,,,,,,,,,,,,,,,,,,,,,,,,,,,,,,,,,,,,,,,,,,,,,,,,,,,,,,,,,,,,,,
57903000,4072,-4302,542,368,1441,13790,-11668,-3731,224,179,-2,6640,6359,722,17290,754,-155,488,17290,1591000,1451000,1781000,1805000,-1069,97,-806,73,,,,,,,,,,,,,,,,,,,,,,,,,,,,,,,,,,,,,,,,,,,,,,,,,,,,,,,,,,,,,,,,,,,,,,,,,,,,,,,,,,,,,,,,,,,,,,,
57950000,3083,-3385,-643,-82,1749,-5618,-4710,-2754,-150,-148,0,1360,1679,723,17338,743,-148,491,17338,1598000,1461000,1766000,1812000,-921,16,-684,12,,,,,,,,,,,,,,,,,,,,,,,,,,,,,,,,,,,,,,,,,,,,,,,,,,,,,,,,,,,,,,,,,,,,,,,,,,,,,,,,,,,,,,,,,,,,,,,
58003000,2315,-3602,-369,-264,1077,-19900,9449,-3486,-184,-303,0,200,120,722,17290,737,-43,488,17290,1506000,1547000,1797000,1791000,-1202,113,-886,83,,,,,,,,,,,,,,,,,,,,,,,,,,,,,,,,,,,,,,,,,,,,,,,,,,,,,,,,,,,,,,,,,,,,,,,,,,,,,,,,,,,,,,,,,,,,,,,
58050000,1297,-3385,620,458,1182,-24356,26356,-2815,-214,-288,0,-1159,79,713,16861,729,-84,452,16861,1549000,1486000,1801000,1764000,-1023,611,-745,445,,,,,,,,,,,,,,,,,,,,,,,,,,,,,,,,,,,,,,,,,,,,,,,,,,,,,,,,,,,,,,,,,,,,,,,,,,,,,,,,,,,,,,,,,,,,,,,
58103000,-387,-2293,530,-97,1179,-25759,28614,-3609,-140,-189,-2,-1999,120,714,16909,730,-14,455,16909,1525000,1499000,1809000,1768000,-1023,611,-746,446,,,,,,,,,,,,,,,,,,,,,,,,,,,,,,,,,,,,,,,,,,,,,,,,,,,,,,,,,,,,,,,,,,,,,,,,,,,,,,,,,,,,,,,,,,,,,,,
58150000,-1597,-398,-448,-117,1525,-28689,19337,-374,-125,-24,-2,-3039,120,711,16767,710,13,444,16767,1511000,1551000,1792000,1749000,-1023,611,-726,434,,,,,,,,,,,,,,,,,,,,,,,,,,,,,,,,,,,,,,,,,,,,,,,,,,,,,,,,,,,,,,,,,,,,,,,,,,,,,,,,,,,,,,,,,,,,,,,
58203000,-769,2,-292,343,784,-24417,13477,-862,-271,10,0,-3879,120,710,16720,717,42,439,16720,1529000,1529000,1798000,1749000,-1023,611,-733,438,,,,,,,,,,,,,,,,,,,,,,,,,,,,,,,,,,,,,,,,,,,,,,,,,,,,,,,,,,,,,,,,,,,,,,,,,,,,,,,,,,,,,,,,,,,,,,,
58250000,-730,-821,284,-149,577,-25637,5543,-3120,-393,-64,0,-5239,79,711,16767,706,-17,444,16767,1527000,1493000,1774000,1795000,-1023,611,-722,431,,,,,,,,,,,,,,,,,,,,,,,,,,,,,,,,,,,,,,,,,,,,,,,,,,,,,,,,,,,,,,,,,,,,,,,,,,,,,,,,,,,,,,,,,,,,,,,
58303000,-2060,-314,268,-125,1075,-31069,7618,-7,-315,-20,0,-5679,79,710,16720,701,3,439,16720,1536000,1526000,1771000,1766000,-1023,611,-717,428,,,,,,,,,,,,,,,,,,,,,,,,,,,,,,,,,,,,,,,,,,,,,,,,,,,,,,,,,,,,,,,,,,,,,,,,,,,,,,,,,,,,,,,,,,,,,,,
58350000,-2340,-635,-10,460,1437,-27163,13660,297,-385,-44,-2,-6759,120,709,16673,732,92,435,16673,1576000,1482000,1789000,1744000,-1023,611,-748,447,,,,,,,,,,,,,,,,,,,,,,,,,,,,,,,,,,,,,,,,,,,,,,,,,,,,,,,,,,,,,,,,,,,,,,,,,,,,,,,,,,,,,,,,,,,,,,,
58403000,-2955,-218,16,440,595,-27407,9327,-3059,-394,-12,-4,-7479,79,709,16673,747,173,435,16673,1516000,1496000,1811000,1757000,-1520,762,-1135,569,,,,,,,,,,,,,,,,,,,,,,,,,,,,,,,,,,,,,,,,,,,,,,,,,,,,,,,,,,,,,,,,,,,,,,,,,,,,,,,,,,,,,,,,,,,,,,,
58450000,-2634,-1234,-14,-776,1562,-25637,-1475,1212,-555,-104,-4,-8999,39,708,16626,748,314,432,16626,1560000,1509000,1759000,1765000,-1520,762,-1137,570,,,,,,,,,,,,,,,,,,,,,,,,,,,,,,,,,,,,,,,,,,,,,,,,,,,,,,,,,,,,,,,,,,,,,,,,,,,,,,,,,,,,,,,,,,,,,,,
58503000,-2327,-3162,294,-338,623,-33511,1697,236,-781,-272,-4,-11279,20,1563000,1494000,1753000,1783000,-1571,941,-1199,718,,,,,,,,,,,,,,,,,,,,,,,,,,,,,,,,,,,,,,,,,,,,,,,,,,,,,,,,,,,,,,,,,,,,,,,,,,,,,,,,,,,,,,,,,,,,,,,,,,,,,
58550000,-2980,-2740,-175,348,1302,-53469,15247,3471,-853,-294,0,-12759,-640,7626,762,272,432,16626,1555000,1552000,1762000,1735000,-1235,1028,-94158603000,-5644,-1807,-415,-167,991,-57437,17811,419,-680,-217,-2,-13439,-679,707,16579,795,319,428,16579,1482000,1575000,1788000,1739000,-1394,839,-1108,667,,,,,,,,,,,,,,,,,,,,,,,,,,,,,,,,,,,,,,,,,,,,,,,,,,,,,,,,,,,,,,,,,,,,,,
58650000,-5794,-3040,384,-44,682,-42422,20679,-618,-698,-331,-2,-13799,-759,707,16579,799,419,428,16579,1531000,1515000,1786000,1752000,-1621,535,-1295,427,,,,,,,,,,,,,,,,,,,,,,,,,,,,,,,,,,,,,,,,,,,,,,,,,,,,,,,,,,,,,,,,,,,,,,,,,,,,,,,,,,,,,,,,,,,,,,,
58703000,-5915,-2954,366,293,1268,-40835,16285,602,-747,-331,0,-14480,-839,706,16532,818,425,423,16532,1566000,1500000,1764000,1762000,-1556,858,459,432,16626,1559000,1540000,1743000,1760000,-1506,141,-1292,58803000,-5849,-2397,216,-430,663,-32595,18543,3837,-316,-401,-2,-9480,-2200,708,16626,894,562,432,16626,1553000,1561000,1748000,1744000,-1380,104,-1233,93,,,,,,,,,,,,,,,,,,,,,,,,,,,,,,,,,,,,,,,,,,,,,,,,,,,,,,,,,,,
58850000,-4674,-2749,74,224,683,-18313,23853,-740,-321,-404,-2,-8359,-1879,708,16626,925,500,432,16626,1551000,1496000,1786000,1750000,-1479,-93,-1368,-86,,,,,,,,,,,,,,,,,,,,,,,,,,,,,,,,,,,,,,,,,,,,,,,,,,,,,,,,,,,,,,,,,,,,,,,,,,,,,,,,,,,,,,,,,,,,,,,
58903000,-4434,-2255,-385,-41,1418,-16177,24647,4874,-164,-357,0,-6319,-1840,707,16579,941,591,428,16579,1528000,1600000,1750000,1726000,-1350,-621,-1270,-584,,,,,,,,,,,,,,,,,,,,,,,,,,,,,,,,,,,,,,,,,,,,,,,,,,,,,,,,,,,,,,,,,,,,,,,,,,,,,,,,,,,,,,,,,,,,,,,
58950000,-3666,-1601,193,208,807,-7144,25806,1945,-137,-220,0,-5239,-920,707,16579,963,578,428,16579,1552000,1539000,1774000,1731000,-1132,-362,-1090,-349,,,,,,,,,,,,,,,,,,,,,,,,,,,,,,,,,,,,,,,,,,,,,,,,,,,,,,,,,,,,,,,,,,,,,,,,,,,,,,,,,,,,,,,,,,,,,,,
59003000,-1455,-1808,435,452,268,7199,13538,1823,231,-168,0,1200,-119,706,16538,-775,-1144,-760,,,,,,,,,,,,,,,,,,,,,,,,,,,,,,,,,,,,,,,,,,,,,,,,,,,,,,,,,,,,,,,,,,,,,,,,,,,,,,,,,,,,,,,,,,,,,,,,,,,,,,,,
59050000,-491,-2424,-48,-239,1056,22824,8167,4752,671,-218,-2,7200,-80,706,16532,992,555,423,16532,1525000,1601000,1716000,1757000,-998,-1123,-990,-1114,,,,,,,,,,,,,,,,,,,,,,,,,,,,,,,,,,,,,,,,,,,,,,,,,,,,,,,,,,,,,,,,,,,,,,,,,,,,,,,,,,,,,,,,,,,,,,,
59103000,-2,-2727,-152,-633,1813,42172,11402,3532,1127,-133,-2,12920,1199,707,16579,1005,435,428,16579,1524000,1587000,1759000,1727000,-808,-1305,-812,-1311,,,,,,,,,,,,,,,,,,,,,,,,,,,,,,,,,,,,,,,,,,,,,,,,,,,,,,,,,,,,,,,,,,,,,,,,,,,,,,,,,,,,,,,,,,,,,,,
59150000,1817,-2645,-159,366,1288,70126,23121,-191,1178,-7,-2,15320,2560,705,16485,1014,348,419,16485,1544000,1515000,1822000,1695000,-722,-1273,-732,-1291,,,,,,,,,,,,,,,,,,,,,,,,,,,,,,,,,,,,,,,,,,,,,,,,,,,,,,,,,,,,,,,,,,,,,,,,,,,,,,,,,,,,,,,,,,,,,,,
59203000,4540,-1287,-80,595,698,90512,-1048,1945,1247,271,-4,18840,4400,705,16485,1003,322,419,16485,1584000,1503000,1774000,1725000,-427,-1015,-428,-1018,,,,,,,,,,,,,,,,,,,,,,,,,,,,,,,,,,,,,,,,,,,,,,,,,,,,,,,,,,,,,,,,,,,,,,,,,,,,,,,,,,,,,,,,,,,,,,,
59250000,8461,-2782,377,-380,1174,102474,-21739,2311,975,375,-4,19640,7079,705,16485,1021,232,419,16485,1659000,1409000,1749000,1747000,-370,-544,-378,-556,,,,,,,,,,,,,,,,,,,,,,,,,,,,,,,,,,,,,,,,,,,,,,,,,,,,,,,,,,,,,,,,,,,,,,,,,,,,,,,,,,,,,,,,,,,,,,,
59303000,10708,-4022,415,-166,964,82638,-25584,907,758,388,-2,19400,8480,705,16485,1039,201,419,16485,1620000,1448000,1758000,1752000,-247,-559,-256,-581,,,,,,,,,,,,,,,,,,,,,,,,,,,,,,,,,,,,,,,,,,,,,,,,,,,,,,,,,,,,,,,,,,,,,,,,,,,,,,,,,,,,,,,,,,,,,,,
59350000,12502,-5350,-475,161,1427,52609,-28880,1640,553,444,-2,18840,10439,706,16532,1027,200,423,16532,1567000,1524000,1756000,1746000,-47,-1133,-48,-1164,,,,,,,,,,,,,,,,,,,,,,,,,,,,,,,,,,,,,,,,,,,,,,,,,,,,,,,,,,,,,,,,,,,,,,,,,,,,,,,,,,,,,,,,,,,,,,,
59403000,11515,-6856,-97,-355,818,43698,-36204,2372,635,420,-4,18800,11680,705,16485,1044,164,419,16485,1550000,1549000,1739000,1754000,-92,-1401,-97,-1463,,,,,,,,,,,,,,,,,,,,,,,,,,,,,,,,,,,,,,,,,,,,,,,,,,,,,,,,,,,,,,,,,,,,,,,,,,,,,,,,,,,,,,,,,,,,,,,
59450000,11576,-7023,-28,430,585,48519,-26500,2799,588,490,-4,18320,12639,705,16485,1048,122,419,16485,1614000,1485000,1766000,1721000,54,-1348,57,-1413,,,,,,,,,,,,,,,,,,,,,,,,,,,,,,,,,,,,,,,,,,,,,,,,,,,,,,,,,,,,,,,,,,,,,,,,,,,,,,,,,,,,,,,,,,,,,,,
59503000,12159,-7253,-76,631,916,52243,-36754,3165,562,592,-6,18600,14040,706,16532,1073,113,423,16532,1621000,1484000,1759000,1726000,-26,-1267,-28,-1359,,,,,,,,,,,,,,,,,,,,,,,,,,,,,,,,,,,,,,,,,,,,,,,,,,,,,,,,,,,,,,,,,,,,,,,,,,,,,,,,,,,,,,,,,,,,,,,
59550000,11944,-7941,34,-532,887,49984,-43040,1945,580,483,-6,18600,13480,706,16532,1089,121,423,16532,1596000,1494000,1731000,1765000,57,-1257,62,-1369,,,,,,,,,,,,,,,,,,,,,,,,,,,,,,,,,,,,,,,,,,,,,,,,,,,,,,,,,,,,,,,,,,,,,,,,,,,,,,,,,,,,,,,,,,,,,,,
59603000,11944,-9272,271,355,521,44186,-38341,1884,556,307,-6,18320,12799,706,16532,1137,283,423,16532,1620000,1469000,1739000,1758000,109,-1140,124,-1296,,,,,,,,,,,,,,,,,,,,,,,,,,,,,,,,,,,,,,,,,,,,,,,,,,,,,,,,,,,,,,,,,,,,,,,,,,,,,,,,,,,,,,,,,,,,,,,
59650000,11102,-10251,58,-371,588,40097,-33458,2250,633,100,-4,18360,11400,706,16532,1144,317,423,16532,1571000,1535000,1734000,1757000,109,-1140,124,-1304,,,,,,,,,,,,,,,,,,,,,,,,,,,,,,,,,,,,,,,,,,,,,,,,,,,,,,,,,,,,,,,,,,,,,,,,,,,,,,,,,,,,,,,,,,,,,,,
59703000,10946,-10507,205,317,721,37228,-10875,1517,489,-330,-2,16560,6719,706,16532,1191,376,423,16532,1619000,1470000,1731000,1766000,-231,-731,-275,-871,,,,,,,,,,,,,,,,,,,,,,,,,,,,,,,,,,,,,,,,,,,,,,,,,,,,,,,,,,,,,,,,,,,,,,,,,,,,,,,,,,,,,,,,,,,,,,,
59750000,10496,-9658,602,198,666,34848,3223,1090,78,-591,-4,11400,2880,706,16532,1203,431,423,16532,1650000,1420000,1732000,1769000,-55,-487,-66,-586,,,,,,,,,,,,,,,,,,,,,,,,,,,,,,,,,,,,,,,,,,,,,,,,,,,,,,,,,,,,,,,,,,,,,,,,,,,,,,,,,,,,,,,,,,,,,,,
59803000,8519,-7929,-43,164,1325,4391,32276,-2144,-132,-677,-4,7000,160,706,16532,1212,462,423,16532,1587000,1450000,1793000,1738000,-12,-376,-14,-456,,,,,,,,,,,,,,,,,,,,,,,,,,,,,,,,,,,,,,,,,,,,,,,,,,,,,,,,,,,,,,,,,,,,,,,,,,,,,,,,,,,,,,,,,,,,,,,
59850000,7183,-4982,-37,424,996,-12088,43385,1701,-413,-427,-6,2440,79,707,16579,1233,379,428,16579,1616000,1478000,1775000,1722000,-92,-48,-113,-59,,,,,,,,,,,,,,,,,,,,,,,,,,,,,,,,,,,,,,,,,,,,,,,,,,,,,,,,,,,,,,,,,,,,,,,,,,,,,,,,,,,,,,,,,,,,,,,
59903000,4921,-3655,-339,366,1473,-27835,20924,-862,-220,-312,0,2400,79,706,16532,1252,396,423,16532,1528000,1542000,1748000,1770000,-343,-24,-430,-30,,,,,,,,,,,,,,,,,,,,,,,,,,,,,,,,,,,,,,,,,,,,,,,,,,,,,,,,,,,,,,,,,,,,,,,,,,,,,,,,,,,,,,,,,,,,,,,
59950000,2012,-2541,79,-252,1080,-21853,18787,-679,-109,-211,-2,760,120,705,16485,1268,385,419,16485,1561000,1506000,1768000,1747000,-346,231,-438,294,,,,,,,,,,,,,,,,,,,,,,,,,,,,,,,,,,,,,,,,,,,,,,,,,,,,,,,,,,,,,,,,,,,,,,,,,,,,,,,,,,,,,,,,,,,,,,,
60003000,1084,-2350,-1,464,1491,-11965,13721,-130,-87,-194,-2,80,120,706,16532,1271,349,423,16532,1598000,1473000,1751000,1761000,-280,279,-356,355,,,,,,,,,,,,,,,,,,,,,,,,,,,,,,,,,,,,,,,,,,,,,,,,,,,,,,,,,,,,,,,,,,,,,,,,,,,,,,,,,,,,,,,,,,,,,,,
60050000,482,-2385,207,-602,1171,-20693,7191,-1106,-300,-204,0,-2959,39,668,14800,1267,269,271,14800,1520000,1450000,1708000,1747000,-379,436,-480,553,,,,,,,,,,,,,,,,,,,,,,,,,,,,,,,,,,,,,,,,,,,,,,,,,,,,,,,,,,,,,,,,,,,,,,,,,,,,,,,,,,,,,,,,,,,,,,,
60103000,-164,-1633,303,252,1295,-31497,14210,-68,-373,-139,0,-4439,39,634,13332,1276,350,136,13332,1463000,1440000,1704000,1682000,-195,307,-249,392,,,,,,,,,,,,,,,,,,,,,,,,,,,,,,,,,,,,,,,,,,,,,,,,,,,,,,,,,,,,,,,,,,,,,,,,,,,,,,,,,,,,,,,,,,,,,,,
60150000,-964,-1228,-10,-73,815,-43765,10487,2311,-516,-100,0,-6879,79,606,12180,1284,254,24,12180,1471000,1402000,1655000,1658000,-304,583,-391,748,,,,,,,,,,,,,,,,,,,,,,,,,,,,,,,,,,,,,,,,,,,,,,,,,,,,,,,,,,,,,,,,,,,,,,,,,,,,,,,,,,,,,,,,,,,,,,,
60203000,-2807,-507,-433,223,1299,-49685,18482,-862,-383,-40,0,-7199,39,606,12180,1281,183,24,12180,1394000,1424000,1711000,1634000,65,420,83,538,,,,,,,,,,,,,,,,,,,,,,,,,,,,,,,,,,,,,,,,,,,,,,,,,,,,,,,,,,,,,,,,,,,,,,,,,,,,,,,,,,,,,,,,,,,,,,,
60250000,-5283,-1081,-51,-97,1021,-41079,1759,2982,-195,-90,-2,-7519,39,605,12140,1273,-50,20,12140,1426000,1456000,1617000,1682000,-41,769,-52,979,,,,,,,,,,,,,,,,,,,,,,,,,,,,,,,,,,,,,,,,,,,,,,,,,,,,,,,,,,,,,,,,,,,,,,,,,,,,,,,,,,,,,,,,,,,,,,,
60303000,-5380,-527,36,249,537,-20510,8900,2982,-193,-42,-2,-7599,39,603,12060,1264,-186,11,12060,1496000,1375000,1663000,1633000,-15,1171,-19,1481,,,,,,,,,,,,,,,,,,,,,,,,,,,,,,,,,,,,,,,,,,,,,,,,,,,,,,,,,,,,,,,,,,,,,,,,,,,,,,,,,,,,,,,,,,,,,,,
60350000,-5600,-372,87,368,1035,-29666,721,724,-167,-29,-2,-7519,39,602,12020,1258,-270,7,12020,1402000,1439000,1647000,1675000,-8,899,-10,1131,,,,,,,,,,,,,,,,,,,,,,,,,,,,,,,,,,,,,,,,,,,,,,,,,,,,,,,,,,,,,,,,,,,,,,,,,,,,,,,,,,,,,,,,,,,,,,,
60403000,-6441,-1126,299,14,123,-26370,-4466,3104,-90,-91,0,-7479,79,613,12463,1260,-402,51,12463,1453000,1459000,1627000,1680000,-60450000,-7082,-762,-237,303,1976,-26309,4200,2250,-10,-21,0,-7199,520,651,14056,1248,-352,204,14056,1456000,1533000,1697000,1685000,-58,1157,-73,1444,,,,,,,,,,,,,,,,,,,,,,,,,,,,,,,,,,,,,,,,,,,,,,,,,,,,,,,,,,,,,,,,,,,,,,,
60503000,-4467,-683,145,345,653,-7571,-13194,2860,-207,17,-2,-6839,880,659,14404,1239,-416,235,14404,1561000,1433000,1646000,1727000,-116,1399,-144,1733,,,,,,,,,,,,,,,,,,,,,,,,,,,,,,,,,,,,,,,,,,,,,,,,,,,,,,,,,,,,,,,,,,,,,,,,,,,,,,,,,,,,,,,,,,,,,,,
60550000,-3246,-1639,75,129,760,-29849,-5260,2738,-453,-24,0,-8439,1359,672,14978,1200,-510,287,14978,1518000,1534000,1704000,1708000,-140,1159,-169,1391,,,,,,,,,,,,,,,,,,,,,,,,,,,,,,,,,,,,,,,,,,,,,,,,,,,,,,,,,,,,,,,,,,,,,,,,,,,,,,,,,,,,,,,,,,,,,,,
60603000,-3854,-2909,236,-35,-138,-33084,2674,968,-497,-131,0,-9559,1400,674,15067,1171,-558,296,15067,1527000,1505000,1719000,1714000,-38,1178,-44,1380,,,,,,,,,,,,,,,,,,,,,,,,,,,,,,,,,,,,,,,,,,,,,,,,,,,,,,,,,,,,,,,,,,,,,,,,,,,,,,,,,,,,,,,,,,,,,,,
60650000,-4812,-2577,166,17,144,-44558,21290,-1777,-410,-102,0,-9519,1400,683,154760703000,-5874,-2349,66,476,1035,-33999,-926,1640,-314,-86,0,-9480,1359,684,15518,1131,-470,336,15518,1513000,1554000,1682000,1759000,-134,1200,-151,1358,,,,,,,,,,,,,,,,,,,,,,,,,,,,,,,,,,,,,,,,,,,,,,,,,,,,,,,,,,,,,,,,,,,,,,,,,,,,,,,,
60750000,-5945,-2113,353,283,881,-32107,1759,-618,-287,-62,-4,-9239,1400,685,15563,1115,-469,340,15563,1477000,1555000,1724000,1746000,24,858,27,957,,,,,,,,,,,,,,,,,,,,,,,,,,,,,,,,,,,,,,,,,,,,,,,,,,,,,,,,,,,,,,,,,,,,,,,,,,,,,,,,,,,,,,,,,,,,,,,
60803000,-5458,-1159,-409,122,1736,-19046,1453,1578,-291,17,-2,-8799,1359,686,15608,1090,-474,343,15608,1546000,1524000,1726000,1721000,-22,60850000,-5669,-966,185,617,952,-23501,-11851,175,-412,107,-0,1049,-475,352,15700,1522000,1530000,1721000,1743000,16,1012,17,60903000,-4992,-1206,-548,-364,1682,-24966,-17100,602,-594,166,0,-11799,3120,688,15700,1032,-418,352,15700,1527000,1531000,1701000,17888,,,,,,,,,,,,,,,,,,,,,,,,,,,,,,,,,,,,,,,,,,,,,,,,,,,
60950000,-5038,-771,-150,535,1407,-30215,-15941,297,-750,246,0,-13639,3599,689,15745,1007,-453,356,15745,1553000,1504000,1713000,1754000,150,828,151,834,,,,,,,,,,,,,,,,,,,,,,,,,,,,,,,,,,,,,,,,,,,,,,,,,,,,,,,,,,,,,,,,,,,,,,,,,,,,,,,,,,,,,,,,,,,,,,,
61003000,-5625,-1224,-470,-220,1303,-39553,-14415,-2266,-839,319,0,-15240,4879,687,15654,995,-467,347,15654,1508000,1505000,1753000,1739000,240,586,239,583,,,,,,,,,,,,,,,,,,,,,,,,,,,,,,,,,,,,,,,,,,,,,,,,,,,,,,,,,,,,,,,,,,,,,,,,,,,,,,,,,,,,,,,,,,,,,,,
61050000,-5381,-2551,-71,621,1304,-41690,-32115,-1777,-884,199,0,-15519,4839,689,15745,976,-446,356,15745,1531000,1491000,1698000,1789000,61103000,-7802,-4096,6,-334,503,-39187,-17711,-2632,-676,92,0,-15559,5160,690,15791,943,-467,359,15791,1508000,1504000,1734000,1769000,206,357,195,337,,,,,,,,,,,,,,,,,,,,,,,,,,,,,,,,,,,,,,,,,,,,,,,,,,,,,,,,,,,,,,,,,,,,,,,
61150000,-5896,-5355,27,385,978,-30459,-17039,-6599,-874,-17,-2,-15919,5160,689,15745,944,-420,356,15745,1523000,1415000,1747000,1797000,119,178,112,168,,,,,,,,,,,,,,,,,,,,,,,,,,,,,,,,,,,,,,,,,,,,,,,,,,,,,,,,,,,,,,,,,,,,,,,,,,,,,,,,,,,,,,,,,,,,,,,
61203000,-7117,-6947,99,-290,707,-30642,-3795,-5745,-691,-250,-2,-15039,4080,689,15745,896,-510,356,15745,1500000,1451000,1752000,1788000,231,-59,206,-53,,,,,,,,,,,,,,,,,,,,,,,,,,,,,,,,,,,,,,,,,,,,,,,,,,,,,,,,,,,,,,,,,,,,,,,,,,,,,,,,,,,,,,,,,,,,,,,
61250000,-7053,-5815,-36,36,1329,-32229,-1842,-6233,-595,-175,0,-13879,3800,689,15745,862,-516,356,15745,14590,24,-344,21,-296,,,,,,,,,,,,,,,,,,,,,,,,,,,,,,,,,,,,,,,,,,,,,,,,,,,,,,,,,,,,,,,,,,,,,,,,,,,,,,,,,,,,,,,,,,,,,,,,,,
61303000,-7648,-5303,-33,-500,743,-12515,7069,-9834,-149,-372,0,-9359,1040,707,16579,836,-605,428,16579,1492000,1433000,1792000,1823000,132,-524,110,-438,,,,,,,,,,,,,,,,,,,,,,,,,,,,,,,,,,,,,,,,,,,,,,,,,,,,,,,,,,,,,,,,,,,,,,,,,,,,,,,,,,,,,,,,,,,,,,,
61350000,-4461,-3924,-337,148,1291,13119,-3489,-7759,371,-335,-2,-199,79,707,16579,787,-685,428,16579,1471000,1482000,1750000,1847000,42,-1010,33,-795,,,,,,,,,,,,,,,,,,,,,,,,,,,,,,,,,,,,,,,,,,,,,,,,,,,,,,,,,,,,,,,,,,,,,,,,,,,,,,,,,,,,,,,,,,,,,,,
61403000,-3192,-3106,629,309,-76,42477,10731,-6294,673,-264,-2,4520,79,738,18064,746,-758,551,18064,1514000,1509000,1790000,1832000,-182,-1286,-136,-959,,,,,,,,,,,,,,,,,,,,,,,,,,,,,,,,,,,,,,,,,,,,,,,,,,,,,,,,,,,,,,,,,,,,,,,,,,,,,,,,,,,,,,,,,,,,,,,
61450000,-1582,-1464,-403,-339,1317,43453,17322,-4097,1084,-120,-2,10840,79,739,18113,707,-773,556,18113,1498000,1580000,1811000,1813000,-270,-1770,-191,-1251,,,,,,,,,,,,,,,,,,,,,,,,,,,,,,,,,,,,,,,,,,,,,,,,,,,,,,,,,,,,,,,,,,,,,,,,,,,,,,,,,,,,,,,,,,,,,,,
61503000,2789,-650,-395,144,857,81906,14454,-6599,1107,-46,0,15480,120,746,18458,636,-840,584,18458,1579000,1474000,1830000,1861550000,6751,-233,1,-341,1254,94052,8350,-8186,960,119,-2,17760,1600,747,18508,601,-729,587,18508,1574000,1451000,1826000,1858000,419,-202,252,-121,,,,,,,,,,,,,,,,,,,,,,,,,,,,,,,,,,,,,,,,,,,,,,,,,,,,,,,,,,,,,,,,,,,,,,,,
61603000,11150,1212,-738,44,1655,70248,12257,-10139,765,475,-2,19920,4240,746,18458,562,-723,584,18458,1529000,1464000,1882000,1820000,279,-440,157,-247,,,,,,,,,,,,,,,,,,,,,,,,,,,,,,,,,,,,,,,,,,,,,,,,,,,,,,,,,,,,,,,,,,,,,,,,,,,,,,,,,,,,,,,,,,,,,,,
61650000,13276,-372,-336,-429,1947,55233,-1536,-5806,579,400,-2,19920,4960,743,18310,541,-595,571,18310,1554000,1496000,1836000,1828000,-249,-457,-134,-247,,,,,,,,,,,,,,,,,,,,,,,,,,,,,,,,,,,,,,,,,,,,,,,,,,,,,,,,,,,,,,,,,,,,,,,,,,,,,,,,,,,,,,,,,,,,,,,
61703000,17828,-1062,-119,661,523,43026,-743,-435,182,340,0,19920,4960,743,18310,495,-565,571,18310,1611000,1502000,1812000,1797000,-218,-890,-107,-440,,,,,,,,,,,,,,,,,,,,,,,,,,,,,,,,,,,,,,,,,,,,,,,,,,,,,,,,,,,,,,,,,,,,,,,,,,,,,,,,,,,,,,,,,,,,,,,
61750000,14577,-1288,-481,-386,1733,15988,7618,-6050,466,327,-2,19920,5039,739,18113,501,-383,556,18113,1470000,1552000,1851000,1809000,-218,-890,-109,-447,,,,,,,,,,,,,,,,,,,,,,,,,,,,,,,,,,,,,,,,,,,,,,,,,,,,,,,,,,,,,,,,,,,,,,,,,,,,,,,,,,,,,,,,,,,,,,,
61803000,14664,-2630,139,290,807,28378,4688,-1716,455,206,-2,19880,5000,740,18163,477,-411,560,18163,1580000,1505000,1824000,1799000,-218,-890,-104,-424,,,,,,,,,,,,,,,,,,,,,,,,,,,,,,,,,,,,,,,,,,,,,,,,,,,,,,,,,,,,,,,,,,,,,,,,,,,,,,,,,,,,,,,,,,,,,,,
61850000,13134,-2378,-286,542,1215,30819,5909,-4097,578,281,-4,19760,5599,731,17723,475,-196,524,17723,1549000,1495000,1845000,1800000,-218,-890,-103,-422,,,,,,,,,,,,,,,,,,,,,,,,,,,,,,,,,,,,,,,,,,,,,,,,,,,,,,,,,,,,,,,,,,,,,,,,,,,,,,,,,,,,,,,,,,,,,,,
61903000,11599,-2443,269,563,26,36618,-1597,-4585,607,230,-2,18560,5079,713,16861,507,-118,452,16861,1543000,1424000,1808000,1799000,107,-1328,54,-673,,,,,,,,,,,,,,,,,,,,,,,,,,,,,,,,,,,,,,,,,,,,,,,,,,,,,,,,,,,,,,,,,,,,,,,,,,,,,,,,,,,,,,,,,,,,,,,
61950000,11327,-1731,-323,158,1079,31491,-12279,2189,571,292,-2,17880,5079,710,16720,449,-4,439,16720,1552000,1513000,1764000,1770000,107,-1328,48,-596,,,,,,,,,,,,,,,,,,,,,,,,,,,,,,,,,,,,,,,,,,,,,,,,,,,,,,,,,,,,,,,,,,,,,,,,,,,,,,,,,,,,,,,,,,,,,,,
62003000,11428,-2390,-415,69,1864,18368,-8433,236,657,297,0,18960,5799,701,16298,461,39,403,16298,1482000,1535000,1794000,1742000,-393,-1145,-181,-528,,,,,,,,,,,,,,,,,,,,,,,,,,,,,,,,,,,,,,,,,,,,,,,,,,,,,,,,,,,,,,,,,,,,,,,,,,,,,,,,,,,,,,,,,,,,,,,
62050000,8940,-3356,76,-651,1066,38327,-6602,1212,905,178,-4,19320,5399,682,15427,492,33,327,15427,1517000,1464000,1773000,1723000,-393,-1145,-193,-563,,,,,,,,,,,,,,,,,,,,,,,,,,,,,,,,,,,,,,,,,,,,,,,,,,,,,,,,,,,,,,,,,,,,,,,,,,,,,,,,,,,,,,,,,,,,,,,
62103000,9242,-2837,899,63,187,56515,-15574,2860,882,220,-4,19360,5360,678,15246,441,3,311,15246,1581000,1406000,1722000,1748000,-393,-1145,-173,-505,,,,,,,,,,,,,,,,,,,,,,,,,,,,,,,,,,,,,,,,,,,,,,,,,,,,,,,,,,,,,,,,,,,,,,,,,,,,,,,,,,,,,,,,,,,,,,,
62150000,9002,-2401,-9,-252,750,47970,-13804,8536,771,174,-2,17840,4400,676,15157,469,149,304,15157,1582000,1508000,1682000,1726000,-393,-1145,-184,-537,,,,,,,,,,,,,,,,,,,,,,,,,,,,,,,,,,,,,,,,,,,,,,,,,,,,,,,,,,,,,,,,,,,,,,,,,,,,,,,,,,,,,,,,,,,,,,,
62203000,10180,-3388,25,-234,1430,31979,-1536,6522,361,-243,0,14320,599,676,15157,520,179,304,15157,1575000,1481000,1689000,1731000,-393,-1145,-204,-595,,,,,,,,,,,,,,,,,,,,,,,,,,,,,,,,,,,,,,,,,,,,,,,,,,,,,,,,,,,,,,,,,,,,,,,,,,,,,,,,,,,,,,,,,,,,,,,
62250000,9382,-3245,-56,-413,596,16598,13599,5424,-319,-269,-2,5720,160,597,11821,453,-38,0,11821,152800098000,1680000,1611000,-256,-1249,-116,-566,,,,,,,,,,,,,,,,,,,,,,,,,,,,,,,,,,,,,,,,,,,,,,,,,,,,,,,,,,,,,,,,,,,,,,,,,,,,,,,,,,,,,,,,,,,,,,,,
62303000,8885,-2414,-29,582,1040,-21548,27576,10062,-541,-200,0,2680,120,565,10588,88,1452000,1413000,1620000,1554000,-256,-1249,-135,-658,,,,,,,,,,,,,,,,,,,,,,,,,,,,,,,,,,,,,,,,,,,,,,,,,,,,,,,,,,,,,,,,,,,,,,,,,,,,,,,,,,,,,,,,,,,,,,,,,,
62350000,5480,-997,-160,339,1199,-56277,13477,7133,-453,-80,0,280,79,5,444,-356,0,10663,1340000,1473000,1612000,1599000,-256,-1249,-113,-62403000,1590,-1798,371,308,572,-40652,-2025,8842,-229,-149,0,-1039,79,566,10625,413,-536,0,10625,1446000,1411000,1562000,1662450000,-721,-222,-370,-278,881,-35708,6153,8292,-160,-12,0,-2559,79,566,10625,437,-639,0,10625,1387000,1463000,1625000,1562503000,-1355,140,-71,-689,183,-23806,-13072,7133,-265,15,2,-4399,39,566,10625,344,-645,0,10625,1448000,1390000,1577000,1662550000,-3329,-337,-164,777,1718,-34854,12318,4630,-159,-22,2,-5159,79,566,10625,295,-807,0,10625,1335000,1459000,1675000,1539000,-256,-1249,-75,-368
62603000,-2572,1733,-225,412,795,-41018,4261,5546,-218,154,2,-5079,39,555,10216,227,-1054,0,10216,1388000,1410000,1617000,1569000,-256,-1249,-58,-283,,,,,,,,,,,,,,,,,,,,,,,,,,,,,,,,,,,,,,,,,,,,,,,,,,,,,,,,,,,,,,,,,,,,,,,,,,,,,,,,,,,,,,,,,,,,,,,
62650000,-2129,1473,311,-621,81,-24844,-9715,10856,-236,142,-4,-4839,160,536,9529,126,-1312,0,9529,1424000,1425000,1545000,1537000,-256,-1249,-32,-157,,,,,,,,,,,,,,,,,,,,,,,,,,,,,,,,,,,,,,,,,,,,,,,,,,,,,,,,,,,,,,,,,,,,,,,,,,,,,,,,,,,,,,,,,,,,,,,
62703000,-2078,-452,307,304,-256,-5557,-29674,6461,-206,-32,-4,-4439,79,532,9387,78,-1390,0,9387,1406000,1366000,1505000,1622000,-256,-1249,-20,-97,,,,,,,,,,,,,,,,,,,,,,,,,,,,,,,,,,,,,,,,,,,,,,,,,,,,,,,,,,,,,,,,,,,,,,,,,,,,,,,,,,,,,,,,,,,,,,,
62750000,-7933,2745,19016,0,8159,1150000,1150000,1899000,1899000,-256,-1249,-23,-112,,,,,,,,,,,,,,,,,,,,,,,,,,,,,,,,,,,,,,,,,,,,,,,,,,,,,,,,,,,,,,,,,,,,,,,,,,,,,,,,,,,,,,,,,,,,,,,,,,,,,,,,,,,,,
62803000,-5949,1668,-205,-166,-1176,-40225,59071,50468,198,156,0,-3679,120,497,8192,46,-1375,0,8192,1457000,1841000,1437000,1150000,-11,-57,,,,,,,,,,,,,,,,,,,,,,,,,,,,,,,,,,,,,,,,,,,,,,,,,,,,,,,,,,,,,,,,,,,,,,,,,,,,,,,,,,,,,,,,,,,,,,,,,
62850000,-3387,2060,256,161,881,-14102,-3062,15678,9,183,0,-3279,39,438,6363,77,-1250,0,6363,1331000,1515000,1501000,1387000,-256,-1249,-19,-96,,,,,,,,,,,,,,,,,,,,,,,,,,,,,,,,,,,,,,,,,,,,,,,,,,,,,,,,,,,,,,,,,,,,,,,,,,,,,,,,,,,,,,,,,,,,,,,
62903000,-4709,3619,-2091,-1302,2175,-103579,115101,26481,163,312,2,-2839,-39,390,5044,51,-771,-40,5044,1150000,1662000,1527000,1150000,-256,-1249,-13,-63,62950000,-4564,3567,-210,715,148,48092,-37059,-19966,167,314,0,1435000,1730000,-256,-1249,-23,-114,,,,,,,,,,,,,,,,,,,,,,,,,,,,,,,,,,,,,,,,,,,,,,,,,,,,,,,,,,,,,,,,,,,,,,,,,,,,,
63003000,-4323,-1399,638,-323,454,-1589,2979,-1655,178,-122,0,-2279,0,197,1287,86,-491,-812,1287,1150000,1150000,1457000,1305000,-256,-1249,-22,-107,,,,,,,,,,,,,,,,,,,,,,,,,,,,,,,,,,,,,,,,,,,,,,,,,,,,,,,,,,,,,,,,,,,,,,,,,,,,,,,,,,,,,,,,,,,,,,,
63050000,-4058,-360,-339,-77,883,-9829,-1658,18607,225,-31,-2,-1479,0,131,569,100,-389,-1076,569,1150000,1303000,1181000,1150000,-256,-1249,-25,-124,,,,,,,,,,,,,,,,,,,,,,,,,,,,,,,,,,,,,,,,,,,,,,,,,,,,,,,,,,,,,,,,,,,,,,,,,,,,,,,,,,,,,,,,,,,,,,,
63103000,-2391,-704,50,-54,1010,-5740,-9105,-740,163,-61,0,-519,0,0,0,64,-339,-1600,0,1150000,1150000,1294000,1345000,-256,-1249,-16,-79,,,,,,,,,,,,,,,,,,,,,,,,,,,,,,,,,,,,,,,,,,,,,,,,,,,,,,,,,,,,,,,,,,,,,,,,,,,,,,,,,,,,,,,,,,,,,,,
63150000,-2068,-549,-7,36,959,-674,5299,-2022,173,-44,18,-79,39,0,0,91,-190,-1600,0,1150000,1150000,1404000,1217000,-256,-1249,-23,-113,,,,,,,,,,,,,,,,,,,,,,,,,,,,,,,,,,,,,,,,,,,,,,,,,,,,,,,,,,,,,,,,,,,,,,,,,,,,,,,,,,,,,,,,,,,,,,,
63203000,-1240,-435,-97,-95,1351,-17642,4749,2494,111,-34,-6,40,39,0,0,45,-144,-1600,0,1150000,1150000,1354000,1202000,-256,-1249,-11,-56,,,,,,,,,,,,,,,,,,,,,,,,,,,,,,,,,,,,,,,,,,,,,,,,,,,,,,,,,,,,,,,,,,,,,,,,,,,,,,,,,,,,,,,,,,,,,,,
63250000,-959,-376,-53,-105,1054,-16604,-1170,-3364,80,-29,-6,-39,39,0,0,81,-120,-1600,0,1150000,1150000,1402000,1295000,-256,-1249,-20,63303000,-742,-154,-104,-69,961,-16604,5909,1456,71,-6,-4,80,79,0,0,80,-39,-1600,0,1150000,1150000,1392000,1167000,-256,-1249,-20,-99,,,,,,,,,,,,,,,,,,,,,,,,,,,,,,,,,,,,,,,,,,,,,,,,,,,,,,,,,,,,,,,,,,,,
63350000,-374,-211,27,-33,965,-13858,2918,3287,39,-14,-4,80,39,0,0,107,-40,-1600,0,1150000,1150000,1360000,1160000,-256,-1249,-27,-133,,,,,,,,,,,,,,,,,,,,,,,,,,,,,,,,,,,,,,,,,,,,,,,,,,,,,,,,,,,,,,,,,,,,,,,,,,,,,,,,,,,,,,,,,,,,,,,
63403000,-342,-312,92,-74,1077,-2932,3345,1151,40,-23,0,120,39,0,0,105,-16,-1600,0,1150000,1150000,1376000,1198000,-256,-1249,-26,-131,,,,,,,,,,,,,,,,,,,,,,,,,,,,,,,,,,,,,,,,,,,,,,,,,,,,,,,,,,,,,,,,,,,,,,,,,,,,,,,,,,,,,,,,,,,,,,,
63450000,-17,-391,55,-56,1131,-9463,2247,2677,15,-37,-2,160,-39,0,0,78,-56,-1600,0,1150000,1150000,1356000,1184000,-256,-1249,-20,-97,,,,,,,,,,,,,,,,,,,,,,,,,,,,,,,,,,,,,,,,,,,,,,,,,,,,,,,,,,,,,,,,,,,,,,,,,,,,,,,,,,,,,,,,,,,,,,,
63503000,106,-335,27,0,972,6588,-2635,1701,1,-25,0,120,39,0,0,56,-72,-1600,0,1150000,1150000,1332000,1247000,-256,-1249,-14,-69,,,,,,,,,,,,,,,,,,,,,,,,,,,,,,,,,,,,,,,,,,,,,,,,,,,,,,,,,,,,,,,,,,,,,,,,,,,,,,,,,,,,,,,,,,,,,,,
