1,2,3,4,5,6,7,8,9,10,11,12,13,14,15,16,17,18,19,20,21,22,23,24,25,26,27,28,29,30,31,,,,,,,,,,,,,,,,,,,,,,,,,,,,,,,,,,,,,,,,,,,,,,,,,,,,,,,,,,,,,,,,,,,,,,,,,,,,,,,,,,,,,,,,,,,,,,,,,,,,,,,,,,,,,,,,,,,,,,,,,,,,,,,,,,,,,,,,,,,,,,,,,,,,,,,,,,,,,,,,,,,,,,,,,,,,,,,,,,,,,,,,,,,,,,,,,,,,,,,,,,,,,,,,,,,,,,,,,,,,,,,
50000,306,-18,3,6,1016,794,-1526,-1417,-26,1,-4,0,40,59,115,104,415,-1364,115,1150000,1150000,1150000,1150000,0,0,0,0,0,0,0,,,,,,,,,,,,,,,,,,,,,,,,,,,,,,,,,,,,,,,,,,,,,,,,,,,,,,,,,,,,,,,,,,,,,,,,,,,,,,,,,,,,,,,,,,,,,,,,,,,,,,,,,,,,,,,,,,,,,,,,,,,,,,,,,,,,,,,,,,,,,,,,,,,,,,,,,,,,,,,,,,,,,,,,,,,,,,,,,,,,,,,,,,,,,,,,,,,,,,,,,,,,,,,,,,,,,,,,,,,,,,,
103000,-226,-37,4,-77,971,-242,-61,1512,19,0,-4,0,40,57,107,54,340,-1372,107,1150000,1150000,1150000,1150000,0,0,0,0,0,0,0,,,,,,,,,,,,,,,,,,,,,,,,,,,,,,,,,,,,,,,,,,,,,,,,,,,,,,,,,,,,,,,,,,,,,,,,,,,,,,,,,,,,,,,,,,,,,,,,,,,,,,,,,,,,,,,,,,,,,,,,,,,,,,,,,,,,,,,,,,,,,,,,,,,,,,,,,,,,,,,,,,,,,,,,,,,,,,,,,,,,,,,,,,,,,,,,,,,,,,,,,,,,,,,,,,,,,,,,,,,,,,,
150000,12,-31,-23,133,956,-181,-794,-1661,-1,7,0,0,119,58,111,57,172,-1368,111,1150000,1150000,1150000,1150000,0,0,0,0,0,0,0,,,,,,,,,,,,,,,,,,,,,,,,,,,,,,,,,,,,,,,,,,,,,,,,,,,,,,,,,,,,,,,,,,,,,,,,,,,,,,,,,,,,,,,,,,,,,,,,,,,,,,,,,,,,,,,,,,,,,,,,,,,,,,,,,,,,,,,,,,,,,,,,,,,,,,,,,,,,,,,,,,,,,,,,,,,,,,,,,,,,,,,,,,,,,,,,,,,,,,,,,,,,,,,,,,,,,,,,,,,,,,,
203000,41,-53,17,-104,1009,550,-1404,1207,-3,-4,-2,0,0,58,111,66,164,-1368,111,1150000,1150000,1150000,1150000,0,0,0,0,0,0,0,,,,,,,,,,,,,,,,,,,,,,,,,,,,,,,,,,,,,,,,,,,,,,,,,,,,,,,,,,,,,,,,,,,,,,,,,,,,,,,,,,,,,,,,,,,,,,,,,,,,,,,,,,,,,,,,,,,,,,,,,,,,,,,,,,,,,,,,,,,,,,,,,,,,,,,,,,,,,,,,,,,,,,,,,,,,,,,,,,,,,,,,,,,,,,,,,,,,,,,,,,,,,,,,,,,,,,,,,,,,,,,
250000,-271,56,-31,-52,1078,-609,1952,1573,20,11,-2,-39,80,57,107,93,181,-1372,107,1150000,1150000,1150000,1150000,0,0,0,303000,145,63,8,134,1022,306,182,-2393,-12,12,-2,0,80,58,111,91,55,-1368,111,1150000,1150000,1150000,1150350000,69,24,-24,-108,991,-303,182,1695,-6,-1,-2,0,-39,59,115,49,-18,-1364,115,1150000,1150000,1150000,1150000,0,0,0,0,0,0,0,,,,,,,,,,,,,,,,,,,,,,,,,,,,,,,,,,,,,,,,,,,,,,,,,,,,,,,,,,,,,,,,,,,,,,,,,,,,,,,,,,,,,,,,,,,,,,,,,,,,,,,,,,,,,,,,,,,,,,,,,,,,,,,,,,,,,,,,,,,,,,,,,,,,,,,,,,,,,,,,,,,,,,,,,,,,,
403000,-238,146,12,61,993,184,0,-1051,20,19,-2,0,80,57,107,47,-7,-1372,107,1150000,1150000,1150000,1150000,0,0,0,0,0,0,0,,,,,,,,,,,,,,,,,,,,,,,,,,,,,,,,,,,,,,,,,,,,,,,,,,,,,,,,,,,,,,,,,,,,,,,,,,,,,,,,,,,,,,,,,,,,,,,,,,,,,,,,,,,,,,,,,,,,,,,,,,,,,,,,,,,,,,,,,,,,,,,,,,,,,,,,,,,,,,,,,,,,,,,,,,,,,,,,,,,,,,,,,,,,,,,,,,,,,,,,,,,,,,,,,,,,,,,,,,,,,,,
450000,106,-26,36,73,1056,306,-1282,-2088,-9,4,-2,0,80,67,148,60,73,-1332,148,1150,312,87,85,-1212,312,1150000,1150000,1150000,1150000,0,0,603000,83,-52,-26,-28,1028,-426,914,902,-7,-1,-2,0,40,174,1004,43,-56,-904,1004,1150000,1150000,1150000,1150650000,-306,25,0,-130,994,245,-610,2061,26,5,0,0,40,205,1393,71,29,-780,1393,1182000,1203000,1150000,1150000,0,0,0,0,0,0,0,,,,,,,,,,,,,,,,,,,,,,,,,,,,,,,,,,,,,,,,,,,,,,,,,,,,,,,,,,,,,,,,,,,,,,,,,,,,,,,,,,,,,,,,,,,,,,,,,,,,,,,,,,,,,,,,,,,,,,,,,,,,,,,,,,,,,,,,,,,,,,,,,,,,,,,,,,,,,,,,,,,,,,,,
703000,-11,-67,29,130,937,-181,-1648,108,-2,-5,-2,-39,0,227,1709,101,37,-692,1709,1183000,1170000,1152000,1200000,0,0,0,750000,-11,128,-117,-60,994,184,1342,2061,0,18,-2,0,80,255,2156,85,31,-580,2156,1239000,1231000,1196000,1150803000,-55,0,-1,97,1029,1,-183,-3370,8,6,-2,40,80,263,2294,53,-22,-548,2294,1150000,1153000,1258000,1268850000,-340,300,-43,-170,1076,-792,1220,1329,29,29,0,0,40,278,2563,59,-56,-488,2563,1211000,1255000,1220000,1161000,0,0,0,0,0,0,0,,,,,,,,,,,,,,,,,,,,,,,,,,,,,,,,,,,,,,,,,,,,,,,,,,,,,,,,,,,,,,,,,,,,,,,,,,,,,,,,,,,,,,,,,,,,,,,,,,,,,,,,,,,,,,,,,,,,,,,,,,,,,,,,,,,,,,,,,,,,,,,,,,,,,,
903000,-202,357,-149,-59,1194,611,2807,6578,21,27,-2,40,-39,304,3065,131,21,-384,3065,1339000,1326000,1193000,1150000,0,0,0,950000,-347,154,0,-10,986,2198,-916,13719,26,16,-2,-39,40,327,3546,117,18,-292,3546,1427000,1413000,1150000,11501003000,-278,104,-60,-75,977,2442,3905,19822,24,12,-2,0,40,338,3789,82,12,-248,3789,1483000,1462000,1150000,1151050000,-184,-32,-78,-27,943,2503,4821,19029,16,0,0,0,40,367,4467,55,-48,-131,4467,1499000,1484000,1150000,115001103000,-299,-109,-127,-106,960,-2562,3295,18052,26,0,0,0,119,374,4639,112,109,-103,4639,1468000,1509000,1150000,1150000,0,0,0,0,0,0,0,,,,,,,,,,,,,,,,,,,,,,,,,,,,,,,,,,,,,,,,,,,,,,,,,,,,,,,,,,,,,,,,,,,,,,,,,,,,,,,,,,,,,,,,,,,,,,,,,,,,,,,,,,,,,,,,,,,,,,,,,,,,,,,
1150000,-50,-572,135,19,1029,1038,304,17747,7,-43,-4,40,80,407,5494,145,71,0,5494,1503000,1495000,1150000,1150000,0,0,0,1203000,-83,-353,-85,-34,970,-5430,548,9202,7,-23,0,0,80,421,5878,72,44,0,5878,1424000,1478000,1273000,126,0,0,0,0,,,,,,,,,,,,,,,,,,,,,,,,,,,,,,,,,,,,,,,,,,,,,,,,,,,,,,,,,,,,,,,,,,,,,,,,,,,,,,,,,,,,,,,,,,,,,,,,,,,,,,,,,,,,,,,,,,,,,,,,,,,,,,,,,,,,,,,,,,,,,,,,,,,,,,,,,,,,,,,,,,,,,,,,,,,,,,,,,,,,,,,,,,,,,,,,,,,,,,,
1250000,-65,-348,268,133,1017,10316,1464,2244,5,-19,0,0,119,449,6686,110,49,0,6686,1482000,1341000,1388000,1372000,0,0,0,0,0,0,0,,,,,,,,,,,,,,,,,,,,,,,,,,,,,,,,,,,,,,,,,,,,,,,,,,,,,,,,,,,,,,,,,,,,,,,,,,,,,,,,,,,,,,,,,,,,,,,,,,,,,,,,,,,,,,,,,,,,,,,,,,,,,,,,,,,,,,,,,,,,,,,,,,,,,,,,,,,,,,,,,,,,,,,,,,,,,,,,,,,,,,,,,,,,,,,,,,,,,,,,,,,,,,,,,,,,,,,,,,,,,,,
1303000,-376,-65,-4,11,1122,-4759,13732,-5872,36,1,0,40,80,460,7018,64,44,0,7018,1269000,1419000,1521000,1395000,0,0,0,0,0,0,,,,,,,,,,,,,,,,,,,,,,,,,,,,,,,,,,,,,,,,,,,,,,,,,,,,,,,,,,,,,,,,,,,,,,,,,,,,,,,,,,,,,,,,,,,,,,,,,,,,,,,,,,,,,,,,,,,,,,,,,,,,,,,,,,,,,,,,,,,,,,,,,,,,,,,,,,,,,,,,,,,,,,,,,,,,,,,,,,,,,,,,,,,,,,,,,,,,,,,,,,,,,,,,,,,,,,,,,,,,,,,,
1350000,-450,-84,122,-22,928,-5858,-11780,-9290,35,0,0,-39,80,478,7578,74,-91,0,7578,1251000,1373000,1428000,1546000,0,0,0,0,0,1403000,-137,218,8,177,896,13795,-1099,-13197,12,26,0,0,80,498,8225,111,0,0,8225,1403000,1214000,1547000,1550000,0,0,0,0,0,0,0,,,,,,,,,,,,,,,,,,,,,,,,,,,,,,,,,,,,,,,,,,,,,,,,,,,,,,,,,,,,,,,,,,,,,,,,,,,,,,,,,,,,,,,,,,,,,,,,,,,,,,,,,,,,,,,,,,,,,,,,,,,,,,,,,,,,,,,,,,,,,,,,,,,,,,,,,,,,,,,,,,,,,,,,,,,,,,,,,,,,,,,,,,,,,,,,,,
1450000,-511,317,-184,-33,1302,4884,5736,-7947,44,31,0,0,40,509,8593,62,-3,0,8593,1416000,1360000,1558000,1480000,0,0,0,1503000,-312,-103,-154,64,1330,3663,2013,-2882,27,1,-4,0,119,527,9211,52,43,0,9211,1459000,1444000,1511000,149,0,0,0,0,0,0,,,,,,,,,,,,,,,,,,,,,,,,,,,,,,,,,,,,,,,,,,,,,,,,,,,,,,,,,,,,,,,,,,,,,,,,,,,,,,,,,,,,,,,,,,,,,,,,,,,,,,,,,,,,,,,,,,,,,,,,,,,,,,,,,,,,,,,,,,,,,,,,,,,,,,,,,,,,,,,,,,,,,,,,,,,,,,,,,,,,,,,,,,,,,,,,,,,,,
1550000,-289,-232,44,-84,71603000,-112,-163,57,-61,1181,-4515,-5676,6334,9,-10,-6,0,40,560,10401,70,-34,0,10401,1528000,1575000,1443000,1481650000,-1063,-1452,352,-218,447,-1951,-6592,2611,92,-116,-4,0,119,571,10814,48,-2,0,10814,1503000,1570000,1451000,1552000,0,0,0,0,0,0,0,,,,,,,,,,,,,,,,,,,,,,,,,,,,,,,,,,,,,,,,,,,,,,,,,,,,,,,,,,,,,,,,,,,,,,,,,,,,,,,,,,,,,,,,,,,,,,,,,,,,,,,,,,,,,,,,,,,,,,,,,,,,,,,,,,,,,,,,,,,,,,,,,,,,,,,,,,,,,,,,,,,,,,,,,,,,,,,,,,,,,,,,,,,,,,,,,,,
1703000,-655,-1344,-6,-73,628,-3782,-5859,6883,60,-110,-4,40,80,573,10890,52,22,0,10890,1554000,1583000,1424000,1517000,0,0,0,1750000,-939,-1695,105,-204,925,-6163,-1587,2977,85,-140,-4,40,80,574,10928,60,-12,0,10928,1495000,1589000,1465000,153,0,0,0,0,0,0,0,,,,,,,,,,,,,,,,,,,,,,,,,,,,,,,,,,,,,,,,,,,,,,,,,,,,,,,,,,,,,,,,,,,,,,,,,,,,,,,,,,,,,,,,,,,,,,,,,,,,,,,,,,,,,,,,,,,,,,,,,,,,,,,,,,,,,,,,,,,,,,,,,,,,,,,,,,,,,,,,,,,,,,,,,,,,,,,,,,,,,,,,,,,,,,,,,,,,
1803000,-1023,-1512,-340,16,1434,-1524,5248,169,89,-125,-4,0,80,592,11624,11520000,1562000,1539000,1546000,0,0,0,0,0,0,0,,,,,,,,,,,,,,,,,,,,,,,,,,,,,,,,,,,,,,,,,,,,,,,,,,,,,,,,,,,,,,,,,,,,,,,,,,,,,,,,,,,,,,,,,,,,,,,,,,,,,,,,,,,,,,,,,,,,,,,,,,,,,,,,,,,,,,,,,,,,,,,,,,,,,,,,,,,,,,,,,,,,,,,,,,,,,,,,,,,,,,,,,,,,,,,,,,,,,,,,,,,,,,,,,,,,,,,,,,,,,,,,,,,
1850000,-754,-1371,-41,184,1328,3297,5858,-8436,65,-109,-10,0,119,601,11980,82,18,4,11980,1489000,1480000,1620000,160101903000,-1685,-1385,79,-23,930,7569,-2442,-1478,147,-103,-4,0,200,599,11900,53,-33,0,11900,1547000,1533000,1544000,1581950000,-1176,-1254,-46,-179,975,-3172,-366,-3614,99,-102,-4,-39,80,604,12100,58,-73,15,12100,1490000,1558000,1566000,1598000,0,0,0,0,0,0,0,,,,,,,,,,,,,,,,,,,,,,,,,,,,,,,,,,,,,,,,,,,,,,,,,,,,,,,,,,,,,,,,,,,,,,,,,,,,,,,,,,,,,,,,,,,,,,,,,,,,,,,,,,,,,,,,,,,,,,,,,,,,,,,,,,,,,,,,,,,,,,,,,,,,,,,,,,,,,,,,,,,,,,,,,,,,,,,,,
2003000,-918,-932,-18,174,1053,9522,3417,-4835,73,-74,-6,-79,80,612,12423,87,78,47,12423,1535000,1510000,1598000,1600000,0,0,0,2050000,-553,-1421,11,-54,1043,7081,3722,-3797,44,-120,-6,-39,40,639,13543,61,-62,155,13543,1543000,1540000,1593000,1612103000,39,-1181,152,18,983,5616,6041,-5201,-3,-99,-4,0,40,639,13543,74,95,155,13543,1550000,1541000,1626000,1629000,0,0,0,0,0,0,0,,,,,,,,,,,,,,,,,,,,,,,,,,,,,,,,,,,,,,,,,,,,,,,,,,,,,,,,,,,,,,,,,,,,,,,,,,,,,,,,,,,,,,,,,,,,,,,,,,,,,,,,,,,,,,,,,,,,,,,,,,,,,,,,,,,,,,,,,,,,,,,,,,,,,,,,,,,,,,,,,,,,,,,,,,,,,
2150000,613,-814,-30,150,1208,9583,3539,-5079,-74,-46,-2,-239,279,639,13543,23000,1627000,1630000,0,0,0,0,0,0,0,,,,,,,,,,,,,,,,,,,,,,,,,,,,,,,,,,,,,,,,,,,,,,,,,,,,,,,,,,,,,,,,,,,,,,,,,,,,,,,,,,,,,,,,,,,,,,,,,,,,,,,,,,,,,,,,,,,,,,,,,,,,,,,,,,,,,,,,,,,,,,,,,,,,,,,,,,,,,,,,,,,,,,,,,,,,,,,,,,,,,,,,,,,,,,,,,,,,,,,,,,,,,,,,,,,,,,,,,,,,,,,,,,,,
2203000,904,-180,-131,-18,1273,24720,8178,-4468,-82,26,-4,-39,479,638,13500,106,86,152,13500,1608000,1480000,1636000,1616000,0,2250000,1225,-97,171,-109,822,14832,3234,-11854,-106,57,-4,0,760,638,13500,139,142,152,13500,1513000,1470000,1659000,1682303000,1422,160,79,-345,1294,18189,-6409,-4224,-124,108,-6,0,1079,638,13500,127,143,152,13500,1598000,1486000,1610000,164,0,0,,,,,,,,,,,,,,,,,,,,,,,,,,,,,,,,,,,,,,,,,,,,,,,,,,,,,,,,,,,,,,,,,,,,,,,,,,,,,,,,,,,,,,,,,,,,,,,,,,,,,,,,,,,,,,,,,,,,,,,,,,,,,,,,,,,,,,,,,,,,,,,,,,,,,,,,,,,,,,,,,,,,,,,,,,,,,,,,,,,,
2350000,1876,-122,159,-122,921,17274,19347,-7642,-163,170,-4,0,2080,638,13500,222,228,152,13500,1582000,1448000,1710000,1584000,0,0,0,0,0,0,0,,,,,,,,,,,,,,,,,,,,,,,,,,,,,,,,,,,,,,,,,,,,,,,,,,,,,,,,,,,,,,,,,,,,,,,,,,,,,,,,,,,,,,,,,,,,,,,,,,,,,,,,,,,,,,,,,,,,,,,,,,,,,,,,,,,,,,,,,,,,,,,,,,,,,,,,,,,,,,,,,,,,,,,,,,,,,,,,,,,,,,,,,,,,,,,,,,,,,,,,,,,,,,,,,,,,,,,,,,,,,,,
2403000,2202,983,94,32,1137,1893,12816,-7032,-195,358,-2,-39,3119,638,13500,170,249,152,13500,1543000,1500000,1683000,1607000,0,0,0,0,0,0,0,,,,,,,,,,,,,,,,,,,,,,,,,,,,,,,,,,,,,,,,,,,,,,,,,,,,,,,,,,,,,,,,,,,,,,,,,,,,,,,,,,,,,,,,,,,,,,,,,,,,,,,,,,,,,,,,,,,,,,,,,,,,,,,,,,,,,,,,,,,,,,,,,,,,,,,,,,,,,,,,,,,,,,,,,,,,,,,,,,,,,,,,,,,,,,,,,,,,,,,,,,,,,,,,,,,,,,,,,,,,,,,
2450000,2155,1452,5,-13,1000,-2012,-5249,-5567,-278,611,-2,-1039,5560,638,13500,111,237,2503000,1551,572,170,4,904,-22520,-36560,-8619,-254,570,-2,-1359,5960,638,13500,202,278,152,13500,1485000,1529000,1631000,1687000,0,0,0,0,0,0,0,,,,,,,,,,,,,,,,,,,,,,,,,,,,,,,,,,,,,,,,,,,,,,,,,,,,,,,,,,,,,,,,,,,,,,,,,,,,,,,,,,,,,,,,,,,,,,,,,,,,,,,,,,,,,,,,,,,,,,,,,,,,,,,,,,,,,,,,,,,,,,,,,,,,,,,,,,,,,,,,,,,,,,,,,,,,,,,,,,,,,,,,,,,,,,,,,,,,,,,,,,,,,
2550000,882,-1590,243,183,978,-23741,-37964,-5872,-195,213,0,-1359,4039,639,13543,166,303,155,13543,1521000,1534000,1622000,1667000,0,0,0,2603000,-711,-2920,-190,-84,1237,-14586,-10925,-2698,-32,-48,-2,-1079,2359,638,13500,210,302,152,13500,1550000,1542000,1629000,1625000,0,0,0,0,0,0,0,,,,,,,,,,,,,,,,,,,,,,,,,,,,,,,,,,,,,,,,,,,,,,,,,,,,,,,,,,,,,,,,,,,,,,,,,,,,,,,,,,,,,,,,,,,,,,,,,,,,,,,,,,,,,,,,,,,,,,,,,,,,,,,,,,,,,,,,,,,,,,,,,,,,,,,,,,,,,,,,,,,,,,,,,,,,,,,,,,,,,,,,,,,,,,,,,,,,
2650000,-725,-2420,-277,68,927,-181,-5371,-4285,-27,-89,0,-1039,1399,639,13543,195,316,155,13543,1555000,1515000,1620000,1657000,0,0,0,2703000,-604,-1985,-19,-3,934,1160,-3052,-5506,-65,-75,-2,-1359,1120,638,13500,232,167,152,13500,1545000,1500000,1642000,1652000,0,0,0,0,0,0,0,,,,,,,,,,,,,,,,,,,,,,,,,,,,,,,,,,,,,,,,,,,,,,,,,,,,,,,,,,,,,,,,,,,,,,,,,,,,,,,,,,,,,,,,,,,,,,,,,,,,,,,,,,,,,,,,,,,,,,,,,,,,,,,,,,,,,,,,,,,,,,,,,,,,,,,,,,,,,,,,,,,,,,,,,,,,,,,,,,,,,,,,,,,,,,,,,,,,
2750000,-77,-1962,84,54,931,672,2745,-8863,-118,-150,-2,-1439,240,638,13500,0,1524000,1468000,1673000,1662000,0,0,0,0,0,0,0,,,,,,,,,,,,,,,,,,,,,,,,,,,,,,,,,,,,,,,,,,,,,,,,,,,,,,,,,,,,,,,,,,,,,,,,,,,,,,,,,,,,,,,,,,,,,,,,,,,,,,,,,,,,,,,,,,,,,,,,,,,,,,,,,,,,,,,,,,,,,,,,,,,,,,,,,,,,,,,,,,,,,,,,,,,,,,,,,,,,,,,,,,,,,,,,,,,,,,,,,,,,,,,,,,,,,,,,,,,,,,,,,,
2803000,-238,-1539,14,-110,931,-3416,13976,-6849,-35,-120,-8,-639,159,640,13585,202,182,159,13585,1510000,1504000,1682000,1637000,0,0,0,0,0,0,0,,,,,,,,,,,,,,,,,,,,,,,,,,,,,,,,,,,,,,,,,,,,,,,,,,,,,,,,,,,,,,,,,,,,,,,,,,,,,,,,,,,,,,,,,,,,,,,,,,,,,,,,,,,,,,,,,,,,,,,,,,,,,,,,,,,,,,,,,,,,,,,,,,,,,,,,,,,,,,,,,,,,,,,,,,,,,,,,,,,,,,,,,,,,,,,,,,,,,,,,,,,,,,,,,,,,,,,,,,,,,,,
2850000,-281,-601,87,-161,1296,-8909,15197,-7520,3,-35,-2,-239,200,639,13543,264,268,155,13543,1510000,1498000,1682000,1645000,0,0,0,2903000,-611,140,-92,-92,1098,-2928,3966,-5872,39,26,0,-159,159,640,13585,261,319,159,13585,1526000,1506000,1657000,1655000,0,0,0,0,0,0,0,,,,,,,,,,,,,,,,,,,,,,,,,,,,,,,,,,,,,,,,,,,,,,,,,,,,,,,,,,,,,,,,,,,,,,,,,,,,,,,,,,,,,,,,,,,,,,,,,,,,,,,,,,,,,,,,,,,,,,,,,,,,,,,,,,,,,,,,,,,,,,,,,,,,,,,,,,,,,,,,,,,,,,,,,,,,,,,,,,,,,,,,,,,,,,,,,,,,
2950000,-183,25,-30,-12,1170,5250,-610,-5567,-25,12,-2,-479,119,639,13543,225,242,155,13543,1548000,1480000,1662000,1648000,0,0,0,0,0,0,0,,,,,,,,,,,,,,,,,,,,,,,,,,,,,,,,,,,,,,,,,,,,,,,,,,,,,,,,,,,,,,,,,,,,,,,,,,,,,,,,,,,,,,,,,,,,,,,,,,,,,,,,,,,,,,,,,,,,,,,,,,,,,,,,,,,,,,,,,,,,,,,,,,,,,,,,,,,,,,,,,,,,,,,,,,,,,,,,,,,,,,,,,,,,,,,,,,,,,,,,,,,,,,,,,,,,,,,,,,,,,,,
3003000,207,-89,110,-93,993,-1341,426,-5384,-115,-46,-2,-1119,-440,639,13543,206,-67,155,13543,1523000,1506000,1653000,1659000,0,0,0,0,0,0,0,,,,,,,,,,,,,,,,,,,,,,,,,,,,,,,,,,,,,,,,,,,,,,,,,,,,,,,,,,,,,,,,,,,,,,,,,,,,,,,,,,,,,,,,,,,,,,,,,,,,,,,,,,,,,,,,,,,,,,,,,,,,,,,,,,,,,,,,,,,,,,,,,,,,,,,,,,,,,,,,,,,,,,,,,,,,,,,,,,,,,,,,,,,,,,,,,,,,,,,,,,,,,,,,,,,,,,,,,,,,,,,
3050000,480,96,-11,35,767,-7139,10131,-4468,-247,-29,0,-3103000,-72,333,-16,-325,1051,-17393,7201,-6055,-192,-2,-2,-2279,-360,638,13500,304,180,152,13500,1496000,1513000,1669000,1654000,0,0,0,0,0,0,0,,,,,,,,,,,,,,,,,,,,,,,,,,,,,,,,,,,,,,,,,,,,,,,,,,,,,,,,,,,,,,,,,,,,,,,,,,,,,,,,,,,,,,,,,,,,,,,,,,,,,,,,,,,,,,,,,,,,,,,,,,,,,,,,,,,,,,,,,,,,,,,,,,,,,,,,,,,,,,,,,,,,,,,,,,,,,,,,,,,,,,,,,,,,,,,,,,,,,,,,,,,,,,,,,,,
3150000,-414,833,-100,-203,719,-9703,10619,-4102,-113,69,0,-1719,-39,638,13500,287,278,152,13500,1534000,1502000,1673000,1628000,0,0,0,3203000,-925,1104,-55,8,1283,-4698,1769,-4957,-37,92,0,-1359,-39,640,13585,261,103,159,13585,1525000,1495000,1664000,165,0,0,0,0,0,0,0,,,,,,,,,,,,,,,,,,,,,,,,,,,,,,,,,,,,,,,,,,,,,,,,,,,,,,,,,,,,,,,,,,,,,,,,,,,,,,,,,,,,,,,,,,,,,,,,,,,,,,,,,,,,,,,,,,,,,,,,,,,,,,,,,,,,,,,,,,,,,,,,,,,,,,,,,,,,,,,,,,,,,,,,,,,,,,,,,,,,,,,,,,,,,,,,,,,,
3250000,-639,894,-94,29,1096,-914,-8850,-4530,-34,74,-2,-1039,-39,638,13500,298,39,152,13500,1534000,1487000,1647000,1666000,0,0,0,0,3303000,-581,33,-61,-177,1118,-4515,-2319,-3675,-32,0,-2,-959,-39,641,13628,311,152,163,13628,1525000,1513000,1664000,1647000,0,0,0,0,0,0,0,,,,,,,,,,,,,,,,,,,,,,,,,,,,,,,,,,,,,,,,,,,,,,,,,,,,,,,,,,,,,,,,,,,,,,,,,,,,,,,,,,,,,,,,,,,,,,,,,,,,,,,,,,,,,,,,,,,,,,,,,,,,,,,,,,,,,,,,,,,,,,,,,,,,,,,,,,,,,,,,,,,,,,,,,,,,,,,,,,,,,,,,,,,,,,,,,,,
3350000,-501,-84,-112,-129,970,123,2501,-6422,-33,-7,0,-879,0,672,14978,346,135,287,14978,1549000,1491000,1705000,1672000,0,0,0,3403000,-318,-253,-58,12,1043,-3843,182,-6544,-49,-22,-2,-879,0,672,14978,353,161,287,14978,1530000,1532000,1712000,1693450000,-357,-263,-131,-78,1109,-10618,792,-3980,-45,-19,0,-879,40,671,14933,333,134,284,14933,1539000,1555000,1698000,167,0,0,0,0,,,,,,,,,,,,,,,,,,,,,,,,,,,,,,,,,,,,,,,,,,,,,,,,,,,,,,,,,,,,,,,,,,,,,,,,,,,,,,,,,,,,,,,,,,,,,,,,,,,,,,,,,,,,,,,,,,,,,,,,,,,,,,,,,,,,,,,,,,,,,,,,,,,,,,,,,,,,,,,,,,,,,,,,,,,,,,,,
3503000,-716,-170,0,63,1280,-7017,-1892,-2149,20,-7,-4,-479,80,673,15022,353,262,291,15022,1556000,1561000,1677000,1685000,0,0,0,0,0,0,0,3550000,-840,-46,-34,24,1134,-2073,-61,-3675,62,2,2,-119,80,674,15067,260,66,296,15067,1543000,1556000,1691000,1683603000,-698,356,1,-39,793,6104,-122,-5994,50,38,-2,-119,80,673,15022,316,85,291,15022,1552000,1509000,1708000,1703650000,-388,429,-99,-159,1012,5921,-6165,-4224,23,47,-2,-119,119,690,15791,344,129,359,15791,1580000,1540000,1711000,1711000,0,0,0,0,0,0,0,,,,,,,,,,,,,,,,,,,,,,,,,,,,,,,,,,,,,,,,,,,,,,,,,,,,,,,,,,,,,,,,,,,,,,,,,,,,,,,,,,,,,,,,,,,,,,,,,,,,,,,,,,,,,,,,,,,,,,,,,,,,,,,,,,,,,,,,,,,,,,,,,,
3703000,71,-60,33,-10,1398,-3721,-3662,-5445,-9,-1,-2,-39,40,702,16345,5,408,16345,1549000,1572000,1731000,1723000,0,0,0,0,0,3750000,165,-244,129,-25,1246,1832,-1648,-1600,-21,-14,0,-79,80,703,16392,386,296,412,16392,1588000,1587000,1711000,1703803000,484,123,-187,46,1121,12086,-549,-7337,-17,14,-2,280,40,703,16392,433,395,412,16392,1586000,1510000,1752000,1734000,-626,-183,-271,-79,-582,-317,0,,,,,,,,,,,,,,,,,,,,,,,,,,,,,,,,,,,,,,,,,,,,,,,,,,,,,,,,,,,,,,,,,,,,,,,,,,,,,,,,,,,,,,,,,,,,,,,,,,,,,,,,,,,,,,,,,,,,,,,,,,,,,,,,,,,,,,,,,,,,,,,,,,,,,,,,,,,,,,,,,,,,,,,,,,,,
3850000,692,36,-81,-317,0,,,,,,,,,,,,,,,,,,,,,,,,,,,,,,,,,,,,,,,,,,,,,,,,,,,,,,,,,,,,,,,,,,,,,,,,,,,,,,,,,,,,,,,,,,,,,,,,,,,,,,,,,,,,,,,,,,,,,,,,,,,,,,,,,,,,,,,,,,,,,,,,,,,,,,,,,,,,,,,,,,,,,,,,,,,,,,,,,,,,,,,,,,,,,,,,,,,,,,,,,,,,,,,,,,,,,,,,,,,,,,,,,,,,,,,,,,,,,,,,,,,,,,,,
3903000,1108,-213,110,158,1303,13001,-6958,-3309,84,-11,0,2080,80,705,16485,455,499,419,16485,1597000,155303950000,1165,1,-30,-42,1049,8302,914,-4835,72,10,-2582,-317,0,,,,,,,,,,,,,,,,,,,,,,,,,,,,,,,,,,,,,,,,,,,,,,,,,,,,,,,,,,,,,,,,,,,,,,,,,,,,,,,,,,,,,,,,,,,,,,,,,,,,,,,,,,,,,,,,,,,,,,,,,,,,,,,,,,,,,,,,,,,,,,,,,,,,,,,,,,,,,,,,,,,,,,,,,,,,,,,,,,,,,,,,,,,,,,,,,,,,,,,,,,,,,,,,,,,,,,,,,,,
4003000,1301,76,5,5,1125,18494,182,-5384,53,13,0,1920,80,707,16579,501,638,428,16579,1607000,4050000,1720,180,-31,-237,1238,10926,-1282,-5689,-21,22,-6,1480,80,674,15067,532,668,296,15067,1557000,1474000,1724000,1704103000,1669,-161,59,15,1083,-303,-4273,-3797,-54,-38,-2,1040,-279,638,13500,524,603,152,13500,1521000,1494000,1673000,1702000,-626,-183,-328,-96,-582,-317,0,,,,,,,,,,,,,,,,,,,,,,,,,,,,,,,,,,,,,,,,,,,,,,,,,,,,,,,,,,,,,,,,,,,,,,,,,,,,,,,,,,,,,,,,,,,,,,,,,,,,,,,,,,,,,,,,,,,,,,,,,,,,,,,,,,,,,,,,,,,,,,,,,,,,,,,,,,,,,,,,,,,,,,,,,,,,,,,,,,,
4150000,1222,-182,-67,-28,1034,-2196,-244,-3492,-50,-78,-2,640,-720,639,13543,13543,1510000,1471000,1671000,1676000,-626,-183,-359,-105,-582,-317,4203000,784,-32,65,-31,1282,-4027,6408,-2393,-50,-170,-2,200,-1920,638,13500,571,466,152,13500,1510000,1484000,1662000,167,0,,,,,,,,,,,,,,,,,,,,,,,,,,,,,,,,,,,,,,,,,,,,,,,,,,,,,,,,,,,,,,,,,,,,,,,,,,,,,,,,,,,,,,,,,,,,,,,,,,,,,,,,,,,,,,,,,,,,,,,,,,,,,,,,,,,,,,,,,,,,,,,,,,,,,,,,,,,,,,,,,,,,,,,,,,,,,,,,,,,,,,,,,,,,,,,,,,,,,,,,,,
4250000,649,36,-119,93,1031,-3905,12450,-2821,-39,-160,-2,200,-1879,638,13500,614,443,152,13500,1514000,1471000,1684004303000,-41,172,-71,-8,737,-1585,14220,-2515,28,-180,0,280,-2239,638,13500,645,418,152,13500,1511000,1482000,1674000,1665000,-619,-104,-399,-67,-867,-77,173000,,,,,,,,,,,,,,,,,,,,,,,,,,,,,,,,,,,,,,,,,,,,,,,,,,,,,,,,,,,,,,,,,,,,,,,,,,,,,,,,,,,,,,,,,,,,,,,,,,,,,,,,,,,,,,,,,,,,,,,,,,,,,,,,,,,,,,,,,,,,,,,,,,,,,,,,,,,,,,,,,,,,,,,,,,,,,,,,,,,,,,,,,,,,,,,,,,,,,,,,,
4350000,-493,387,83,-28,922,-2623,11168,-1661,63,-161,0,240,-2239,638,13500,663,463,152,13500,1499000,1503000,1659000,1670000,-589,-46,-390,4403000,-352,1322,-66,91,1026,306,13366,-1356,48,-111,-2,200,-2600,637,13458,704,489,148,13458,1514000,1488000,1674000,1651000,-588,-126,-414,-89,-821,-132,224000,,,,,,,,,,,,,,,,,,,,,,,,,,,,,,,,,,,,,,,,,,,,,,,,,,,,,,,,,,,,,,,,,,,,,,,,,,,,,,,,,,,,,,,,,,,,,,,,,,,,,,,,,,,,,,,,,,,,,,,,,,,,,,,,,,,,,,,,,,,,,,,,,,,,,,,,,,,,,,,,,,,,,,,,,,,,,,,,,,,,,,,,,,,,,,,,,,,,
4450000,-188,1576,-101,-57,1029,-1341,9765,-2515,37,-89,0,240,-2600,639,13543,727,433,155,13543,1493000,1496000,1677000,1665000,-532,-137,-386,-4503000,-10,1388,93,20,685,-1768,7872,-1234,70,-158,-2,800,-3199,636,13416,725,384,143,13416,1500000,1504000,1655000,1674550000,-76,1401,-97,76,747,4456,14708,-2271,156,-191,0,1720,-3600,636,13416,782,416,143,13416,1517000,1466000,1691000,1644603000,34,1672,-216,-14,687,12025,18432,-3187,112,-105,0,-301,-64,-240,-51,-623,-274,224000,,,,,,,,,,,,,,,,,,,,,,,,,,,,,,,,,,,,,,,,,,,,,,,,,,,,,,,,,,,,,,,,,,,,,,,,,,,,,,,,,,,,,,,,,,,,,,,,,,,,,,,,,,,,,,,,,,,,,,,,,,,,,,,,,,,,,,,,,,,,,,,,,,,,,,,,,,,,,,,,,,
4650000,235,1839,-116,81,642,3602,8056,-928,35,31,-2,640,-1480,636,13416,821,385,143,13416,1511000,1489000,1675000,1647000,-403,9,-331,74703000,223,1695,4,8,863,2198,-2075,-1417,-2,95,-2,200,-599,636,13416,850,321,143,13416,1504000,1474000,1654000,1664750000,55,1189,8,-50,765,-3050,-6531,-1234,9,89,2,160,-160,636,13416,821,267,143,13416,1501000,1497000,1660000,1664850000,-250,225,1,-5,766,2625,670,-1234,25,12,-280,636,13416,863,162,143,13416,1525000,1467000,1683000,1645000,-298,4903000,-394,66,27,-215,826,2320,-1404,-1356,34,-1,-2,0,-80,635,13374,869,114,139,13374,1513000,1477000,1665000,1665000,-174,14,-151,12,-150,-26,234000,,,,,,,,,,,,,,,,,,,,,,,,,,,,,,,,,,,,,,,,,,,,,,,,,,,,,,,,,,,,,,,,,,,,,,,,,,,,,,,,,,,,,,,,,,,,,,,,,,,,,,,,,,,,,,,,,,,,,,,,,,,,,,,
4950000,-120,21,86,0,651,1649,-1465,-928,10,-1,-2,0,-39,636,13416,849,97,143,13416,1518000,1478000,1660000,1665000,-180,-89,-153,5003000,248,-13,82,62,948,-181,-2075,-867,-25,-4,-2,-39,-39,636,13416,839,51,143,13416,1513000,1483000,1659000,1666000,-95,-45,-79,-37,-58,-42,193000,,,,,,,,,,,,,,,,,,,,,,,,,,,,,,,,,,,,,,,,,,,,,,,,,,,,,,,,,,,,,,,,,,,,,,,,,,,,,,,,,,,,,,,,,,,,,,,,,,,,,,,,,,,,,,,,,,,,,,,,,,,,,,,,,,,,,,,,,,,,,,,,,,,,,,,,,,,,,,,,,,,,,,,,,,,,,,,,,,,,,,,,,,,,,,,,,,,,
5050000,-122,-185,77,-31,888,-3172,-4028,-562,7,-19,-2,-39,-39,636,13416,892,81,143,13416,1495000,1503000,1648000,1672000,-114,101,-102,5103000,-116,-694,274,57,706,-2928,-4456,1085,6,-67,0,-39,-80,637,13458,880,-1,148,13458,1522000,1507000,1636000,1667000,-116,-21,-102,-19,-38,29,234000,,,,,,,,,,,,,,,,,,,,,,,,,,,,,,,,,,,,,,,,,,,,,,,,,,,,,,,,,,,,,,,,,,,,,,,,,,,,,,,,,,,,,,,,,,,,,,,,,,,,,,,,,,,,,,,,,,,,,,,,,,,,,,,,,,,,,,,,,,,,,,,,,,,,,,,,,,,,,,,,,,,,,,,,,,,,,,,,,,,,,,,,,,,,,,,,,,,,
5150000,-304,-680,141,-45,659,1649,2196,-928,23,-90,-2,-39,-360,636,13416,858,-57,143,13416,1521000,1472000,1666000,1661000,-14,-53,-12,5203000,-260,-405,-32,-56,909,916,2562,-745,26,-66,-4,40,-360,635,13374,856,-76,139,13374,1516000,1478000,1668000,1665250000,-152,-201,22,-51,697,1588,2013,-1417,9,-52,0,-39,-399,636,13416,864,-66,143,13416,1513000,1468000,1663000,1665303000,-74,55,-90,124,912,-1158,-366,-928,6,8,-2,0,40,636,13416,849,-119,143,13416,1504000,1488000,1665000,1665350000,-283,-55,94,-141,903,-2135,-5310,108,17,-1,-2,-79,40,637,13458,844,-116,148,13458,1500000,1510000,1638000,1680000,128,49,108,41,116,0,183000,,,,,,,,,,,,,,,,,,,,,,,,,,,,,,,,,,,,,,,,,,,,,,,,,,,,,,,,,,,,,,,,,,,,,,,,,,,,,,,,,,,,,,,,,,,,,,,,,,,,,,,,,,,,,,,,,,,,,,,,,,,,,,,
5403000,-37,-314,165,102,877,-2379,-7568,-257,-7,-27,0,-119,0,646,13841,1520000,1506000,1650000,1688000,103,-7,89,-6,235,33,214000,,,,,,,,,,,,,,,,,,,,,,,,,,,,,,,,,,,,,,,,,,,,,,,,,,,,,,,,,,,,,,,,,,,,,,,,,,,,,,,,,,,,,,,,,,,,,,,,,,,,,,,,,,,,,,,,,,,,,,,,,,,,,,,,,,,,,,,,,,,,,,,,,,,,,,,,,,,,,,,,,,,,,,,,,,,,,,,,,,,,,,,,,,,,,,,,,,,,,,,,,,,,,,,,,,,,,,,,,,,,,,,,,,,
5450000,-231,-317,126,-86,1089,-548,-2136,-1478,9,-20,-2,-119,80,671,14933,829,-209,284,14933,1524000,1505000,1687000,16855503000,-209,-217,-74,-5,970,-1951,-3845,-1539,7,-15,0,-119,40,673,15022,817,-216,291,15022,1540000,1528000,1692000,1711000,171,13,139,11,238,47,204000,,,,,,,,,,,,,,,,,,,,,,,,,,,,,,,,,,,,,,,,,,,,,,,,,,,,,,,,,,,,,,,,,,,,,,,,,,,,,,,,,,,,,,,,,,,,,,,,,,,,,,,,,,,,,,,,,,,,,,,,,,,,,,,,,,,,,,,,,,,,,,,,,,,,,,,,,,,,,,,,,,,,,,,,,,,,,,,,,,,,,,,,,,,,,,,,,,,,,,,,
5550000,-14,-55,-109,-29,1057,3114,-2686,-2210,-5,-1,-2,-79,40,672,14978,793,-240,287,14978,1553000,1499000,1700000,1711000,223,69,177,5603000,39,-114,88,45,1182,-120,-2442,-2027,-10,-6,-25650000,97,28,-78,5,1084,1527,-2075,-2821,-15,5,-2,-79,40,672,14978,793,-212,287,14978,1541000,1500000,1717000,170,109,348,159,142000,,,,,,,,,,,,,,,,,,,,,,,,,,,,,,,,,,,,,,,,,,,,,,,,,,,,,,,,,,,,,,,,,,,,,,,,,,,,,,,,,,,,,,,,,,,,,,,,,,,,,,,,,,,,,,,,,,,,,,,,,,,,,,,,,,,,,,,,,,,,,,,,,,,,,,,,,,,,,,,,,,,,,,,,,,,,,,,,,,,,,,,,,,,,
5703000,-98,-120,4,-151,1059,-731,-3906,-3736,-29,-10,-2,-439,0,672,14978,756,-190,287,14978,1526000,1500000,1711000,1720000,299,120,226,91,367,133,204000,,,,,,,,,,,,,,,,,,,,,,,,,,,,,,,,,,,,,,,,,,,,,,,,,,,,,,,,,,,,,,,,,,,,,,,,,,,,,,,,,,,,,,,,,,,,,,,,,,,,,,,,,,,,,,,,,,,,,,,,,,,,,,,,,,,,,,,,,,,,,,,,,,,,,,,,,,,,,,,,,,,,,,,,,,,,,,,,,,,,,,,,,,,,,,,,,,,,,,,,,,,,,,,,,,,,,,,,,,,,,,,
5750000,154,-183,-23,-127,1107,1343,-3601,-3370,-86,-12,0,-839,40,673,15022,736,-242,291,15022,1552000,1479000,1706000,1723000,293,105,216,78,332,141,214000,,,,,,,,,,,,,,,,,,,,,,,,,,,,,,,,,,,,,,,,,,,,,,,,,,,,,,,,,,,,,,,,,,,,,,,,,,,,,,,,,,,,,,,,,,,,,,,,,,,,,,,,,,,,,,,,,,,,,,,,,,,,,,,,,,,,,,,,,,,,,,,,,,,,,,,,,,,,,,,,,,,,,,,,,,,,,,,,,,,,,,,,,,,,,,,,,,,,,,,,,,,,,,,,,,,,,,,,,,,,,,,
5803000,226,-190,-31,-73,1200,-2928,-3296,-2454,-117,-9,-6,-1119,80,671,14933,739,-177,284,14933,1532000,1505000,1703000,1719000,274,66,202,5850000,222,-201,-116,-82,1279,-5186,-733,-3065,-193,-14,-4,-1999,40,672,14978,733,-114,287,14978,1547000,1480000,1713000,1715903000,-213,-100,-82,-46,860,-9031,-488,-3187,-264,-5,-4,-3239,40,673,15022,706,-141,291,15022,1542000,1483000,1714000,1720000,237,245,167,172,245,402,132000,,,,,,,,,,,,,,,,,,,,,,,,,,,,,,,,,,,,,,,,,,,,,,,,,,,,,,,,,,,,,,,,,,,,,,,,,,,,,,,,,,,,,,,,,,,,,,,,,,,,,,,,,,,,,,,,,,,,,,,,,,,,,,,,,,,,,,,,,,,,,,,,,,,,,,,,,,,,,,,,,,,,,,,,,,,,,
5950000,-432,93,-98,110,713,-12816,-1038,-2332,-245,11,-4,-3239,40,672,14978,0,1499000,1709000,1715000,299,181,208,126,340,426,163000,,,,,,,,,,,,,,,,,,,,,,,,,,,,,,,,,,,,,,,,,,,,,,,,,,,,,,,,,,,,,,,,,,,,,,,,,,,,,,,,,,,,,,,,,,,,,,,,,,,,,,,,,,,,,,,,,,,,,,,,,,,,,,,,,,,,,,,,,,,,,,,,,,,,,,,,,,,,,,,,,,,,,,,,,,,,,,,,,,,,,,,,,,,,,,,,,,,,,,,,,,,,,,,,,,,,,,,,,,,,,,,,,,,
6003000,-879,251,8,85,1011,-8726,-855,-3004,-136,21,-4,-2439,0,672,14978,691,-102,287,14978,1532000,1489000,1707000,1724000,6050000,-1249,159,162,58,1005,-9398,-2747,-2332,46,17,-2,-719,40,672,14978,706,-46,287,14978,1503000,1530000,1702000,172,184,78,327,252,193000,,,,,,,,,,,,,,,,,,,,,,,,,,,,,,,,,,,,,,,,,,,,,,,,,,,,,,,,,,,,,,,,,,,,,,,,,,,,,,,,,,,,,,,,,,,,,,,,,,,,,,,,,,,,,,,,,,,,,,,,,,,,,,,,,,,,,,,,,,,,,,,,,,,,,,,,,,,,,,,,,,,,,,,,,,,,,,,,,,,,,,,,,,,,,,,,,,,,,,,,,
6103000,-1231,102,-201,66,1159,5128,-4456,-562,93,12,0,-159,40,673,15022,700,-26,291,15022,1553000,1507000,1689000,1718000,199,20,139,14,277,-69,6150000,-510,-3,14,151,1018,6837,-3418,-1051,34,6,0,-119,80,671,14933,692,-18,284,14933,1544000,1505000,1691000,171,286,-1,198,0,301,-167,224000,,,,,,,,,,,,,,,,,,,,,,,,,,,,,,,,,,,,,,,,,,,,,,,,,,,,,,,,,,,,,,,,,,,,,,,,,,,,,,,,,,,,,,,,,,,,,,,,,,,,,,,,,,,,,,,,,,,,,,,,,,,,,,,,,,,,,,,,,,,,,,,,,,,,,,,,,,,,,,,,,,,,,,,,,,,,,,,,,,,,,,,,,,,,,,,,,
6203000,-31,164,-30,86,897,1,-1587,-1051,-7,10,-4,-119,-39,672,14978,711,0,287,14978,1531000,1516000,1699000,1717000,302,-58,214,-41,6250000,-149,477,-46,-83,1148,-181,0,-1417,2,48,-2,34,284,14933,1536000,1503000,1710000,1708000,312,55,218,38,36303000,-303,131,105,-87,892,2320,-1160,-2882,23,14,-2,-39,40,672,14978,685,-41,287,14978,1533000,1484000,1711000,1725000,369,-1,252,-1,389,-42,132000,,,,,,,,,,,,,,,,,,,,,,,,,,,,,,,,,,,,,,,,,,,,,,,,,,,,,,,,,,,,,,,,,,,,,,,,,,,,,,,,,,,,,,,,,,,,,,,,,,,,,,,,,,,,,,,,,,,,,,,,,,,,,,,,,,,,,,,,,,,,,,,,,,,,,,,,,,,,,,,,,,,,,,,,,,,,
6350000,-216,74,52,-134,985,7325,365,-2210,50,10,-2,360,40,672,14978,682,-28,287,14978,1545000,1480000,1718000,1712000,243,-64,166,6403000,73,87,119,48,1089,7386,-916,-3675,66,18,0,840,119,672,14978,687,20,287,14978,1528000,1477000,1720000,1725,-70,203,-48,311,-199,122000,,,,,,,,,,,,,,,,,,,,,,,,,,,,,,,,,,,,,,,,,,,,,,,,,,,,,,,,,,,,,,,,,,,,,,,,,,,,,,,,,,,,,,,,,,,,,,,,,,,,,,,,,,,,,,,,,,,,,,,,,,,,,,,,,,,,,,,,,,,,,,,,,,,,,,,,,,,,,,,,,,,,,,,,,,,,,,,,,,,,,,,,,,,,,,,,,,,,,
6450000,144,297,-46,1,1261,8790,60,-1722,88,36,0,1160,119,671,14933,723,63,284,14933,1546000,1483000,1710000,1713000,216,-122,156,-88,2316503000,321,113,-38,-91,1265,9583,-3174,-1478,111,86,0,1600,879,672,14978,708,131,287,14978,1541000,1494000,1702000,17282,-308,163000,,,,,,,,,,,,,,,,,,,,,,,,,,,,,,,,,,,,,,,,,,,,,,,,,,,,,,,,,,,,,,,,,,,,,,,,,,,,,,,,,,,,,,,,,,,,,,,,,,,,,,,,,,,,,,,,,,,,,,,,,,,,,,,,,,,,,,,,,,,,,,,,,,,,,,,,,,,,,,,,,,,,,,,,,,,,,,,,,,,,,,,,,,,,,,,,,,,,,,,,
6550000,680,-137,-41,40,1053,6776,-4944,-806,83,78,0,1640,1039,671,14933,693,65,284,14933,1541000,13000,265,-76,184,-52,296,-228,204000,,,,,,,,,,,,,,,,,,,,,,,,,,,,,,,,,,,,,,,,,,,,,,,,,,,,,,,,,,,,,,,,,,,,,,,,,,,,,,,,,,,,,,,,,,,,,,,,,,,,,,,,,,,,,,,,,,,,,,,,,,,,,,,,,,,,,,,,,,,,,,,,,,,,,,,,,,,,,,,,,,,,,,,,,,,,,,,,,,,,,,,,,,,,,,,,,,,,,,,,,,,,,,,,,,,,,,,,,,,,,,,,,
6603000,684,-18,-25,-116,1039,4761,1281,-1051,90,144,0,1720,1680,672,14978,699,140,287,14978,1531000,1510000,1721000,1699000,232,-88,162,6650000,745,71,51,67,889,3052,-7813,-501,151,156,-26703000,853,-216,-164,41,1018,9888,-10132,230,155,36,-2,2640,640,672,14978,755,202,287,14978,1545000,1510000,1682000,1726000,207,-98,156,-74,384,-270,183000,,,,,,,,,,,,,,,,,,,,,,,,,,,,,,,,,,,,,,,,,,,,,,,,,,,,,,,,,,,,,,,,,,,,,,,,,,,,,,,,,,,,,,,,,,,,,,,,,,,,,,,,,,,,,,,,,,,,,,,,,,,,,,,,,,,,,,,,,,,,,,,,,,,,,,,,,,,,,,,,,,,,,,,,,,,,,,,,,,,,,,,,,
6750000,1200,-630,-53,155,1036,6776,-5371,-623,-3,-41,0,1160,159,672,14978,147,287,14978,1553000,1492000,1696000,1722000,175,-86,130,-63,36803000,1415,-424,75,69,1080,-3416,2257,-257,-106,-23,-2,671,14933,767,229,284,14933,1532000,1513000,1707000,1706000,47,6850000,881,-57,47,14,915,-8726,5553,-1539,-66,8,0,672,14978,760,208,287,14978,1522000,1507000,1719000,1709000,91,6903000,-42,-58,153,-72,852,-5186,1952,-928,7,1,-4,40,80,641,13628,785,240,163,13628,1497000,1463000,1681000,1696950000,-207,17,-115,-41,1102,1893,4027,-989,-20,8,-2,-439,80,641,13628,778,184,163,13628,1523000,1435000,1697000,1677003000,-392,-224,8,67,610,-2379,3783,169,0,-12,-2,-399,80,639,13543,806,179,155,13543,1496000,1478000,1675000,1677000,57,107,46,86,-8,148,234000,,,,,,,,,,,,,,,,,,,,,,,,,,,,,,,,,,,,,,,,,,,,,,,,,,,,,,,,,,,,,,,,,,,,,,,,,,,,,,,,,,,,,,,,,,,,,,,,,,,,,,,,
7050000,-695,-58,83,-147,1216,-8787,2501,1268,-166,5,-4,-2599,119,639,13543,1220,902,-197,22,-4,-2919,80,640,13585,806,93,1597150000,-1158,57,-73,-149,1002,-15501,4699,-379,-157,11,-2,-2959,80,653,14143,832,88,211,14143,1509000,1492000,1705000,1678000,-72,151,-60,126,-51,468,214000,,,,,,,,,,,,,,,,,,,,,,,,,,,,,,,,,,,,,,,,,,,,,,,,,,,,,,,,,,,,,,,,,,,,,,,,,,,,,,,,,,,,,,,,,,,,,,,,,,,,,,,,,,,,,,,,,,,,,,,,,,,,,,,,,,,,,,,,,,,,,,,,,,,,,,,,,,,,,,,,,,,,,,,,,,,,,,,,,,,,,,,,,,,,,,,,,,,,
7203000,-1814,133,-66,-46,917,-8970,4332,-74,-103,22,-6,-2999,119,665,14667,856,78,260,14667,1535000,1494000,1708000,1695000,17,249,15,3,-58,406,183000,,,,,,,,,,,,,,,,,,,,,,,,,,,,,,,,,,,,,,,,,,,,,,,,,,,,,,,,,,,,,,,,,,,,,,,,,,,,,,,,,,,,,,,,,,,,,,,,,,,,,,,,,,,,,,,,,,,,,,,,,,,,,,,,,,,,,,,,,,,,,,,,,,,,,,,,,,,,,,,,,,,,,,,,,,,,,,,,,,,,,,,,,,,,,,,,,,,,,,,,,,,,,,,,,,,,,,,,,,,,,,,
7250000,-1837,71,32,47,1011,-6895,3661,474,-38,16,-4,-2279,119,670,14889,853,61,280,14889,153,126,-16,108,-25,235,224000,,,,,,,,,,,,,,,,,,,,,,,,,,,,,,,,,,,,,,,,,,,,,,,,,,,,,,,,,,,,,,,,,,,,,,,,,,,,,,,,,,,,,,,,,,,,,,,,,,,,,,,,,,,,,,,,,,,,,,,,,,,,,,,,,,,,,,,,,,,,,,,,,,,,,,,,,,,,,,,,,,,,,,,,,,,,,,,,,,,,,,,,,,,,,,,,,,,,,,,,,,,,,,,,,,,,,,,,,,,,,,,,,,,
7303000,-1693,397,-113,133,704,-2867,2684,-806,-26,45,-2,-1999,119,670,14889,849,0,1717000,1703000,1,85,1,72,-45,135,234000,,,,,,,,,,,,,,,,,,,,,,,,,,,,,,,,,,,,,,,,,,,,,,,,,,,,,,,,,,,,,,,,,,,,,,,,,,,,,,,,,,,,,,,,,,,,,,,,,,,,,,,,,,,,,,,,,,,,,,,,,,,,,,,,,,,,,,,,,,,,,,,,,,,,,,,,,,,,,,,,,,,,,,,,,,,,,,,,,,,,,,,,,,,,,,,,,,,,,,,,,,,,,,,,,,,,,,,,,,,,,,,,,,,
7350000,-1495,295,-55,57,813,-3660,-1038,780,-9,36,-2,-1599,115000,1535000,1694000,1708000,-17,73,-15,64,-68,9,214000,,,,,,,,,,,,,,,,,,,,,,,,,,,,,,,,,,,,,,,,,,,,,,,,,,,,,,,,,,,,,,,,,,,,,,,,,,,,,,,,,,,,,,,,,,,,,,,,,,,,,,,,,,,,,,,,,,,,,,,,,,,,,,,,,,,,,,,,,,,,,,,,,,,,,,,,,,,,,,,,,,,,,,,,,,,,,,,,,,,,,,,,,,,,,,,,,,,,,,,,,,,,,,,,,,,,,,,,,,,,,,,,,,,,,,
7403000,-1064,397,79,2,824,1405,-2503,-135,40,45,-4,-533,872,101,284,14933,1533000,1512000,1699000,1714000,-95,50,-82,7450000,-931,165,134,21,908,855,-4089,535,56,21,-4,-279,80,672,14978,861,94,287,14978,1535000,1522000,1688000,1717503000,-619,225,-76,138,899,4639,0,-623,40,30,-2,-159,119,674,15067,867,129,296,15067,1540000,1498000,1709000,1707550000,-234,11,147,95,798,2808,-3662,169,69,8,-4,559,80,672,14978,877,88,287,14978,1525000,1526000,1686000,1726000,-147,-23,-129,-20,-194,-126,224000,,,,,,,,,,,,,,,,,,,,,,,,,,,,,,,,,,,,,,,,,,,,,,,,,,,,,,,,,,,,,,,,,,,,,,,,,,,,,,,,,,,,,,,,,,,,,,,,,,,,,,,,,,,,,,,,,,,,,,,,,,,,,,,,,,,,,,,,,,,,,,,,,,,,,,,,,
7603000,63,227,-126,70,1064,5616,3173,-1112,39,30,-6,520,119,673,15022,892,104,291,15022,1538000,1493000,1724000,1706000,-136,-41,-121,-191,-139,224000,,,,,,,,,,,,,,,,,,,,,,,,,,,,,,,,,,,,,,,,,,,,,,,,,,,,,,,,,,,,,,,,,,,,,,,,,,,,,,,,,,,,,,,,,,,,,,,,,,,,,,,,,,,,,,,,,,,,,,,,,,,,,,,,,,,,,,,,,,,,,,,,,,,,,,,,,,,,,,,,,,,,,,,,,,,,,,,,,,,,,,,,,,,,,,,,,,,,,,,,,,,,,,,,,,,,,,,,,,,,,,,,
7650000,-26,355,-9,51,1204,4456,-305,-623,107,41,-2,1200,119,636,13416,870,85,143,13416,147907703000,483,454,-3,69,698,6226,-1953,474,107,50,-4,1720,119,607,12220,872,64,27,12220,1476000,1455000,1658000,166180,-89,-157,-67,-288,214000,,,,,,,,,,,,,,,,,,,,,,,,,,,,,,,,,,,,,,,,,,,,,,,,,,,,,,,,,,,,,,,,,,,,,,,,,,,,,,,,,,,,,,,,,,,,,,,,,,,,,,,,,,,,,,,,,,,,,,,,,,,,,,,,,,,,,,,,,,,,,,,,,,,,,,,,,,,,,,,,,,,,,,,,,,,,,,,,,,,,,,,,,,,,,,,,,,,,,,,,,,,,,
7750000,374,416,-14,-90,1216,5921,914,718,173,15,-6,2360,-239,606,12180,895,89,7803000,667,407,-53,25,1058,13612,4393,47,147,-69,-6,2360,-1200,607,12220,882,66,27,12220,1474000,1407000,1648000,1648000,-83,-40,-73,-35,-160,-278,234000,,,,,,,,,,,,,,,,,,,,,,,,,,,,,,,,,,,,,,,,,,,,,,,,,,,,,,,,,,,,,,,,,,,,,,,,,,,,,,,,,,,,,,,,,,,,,,,,,,,,,,,,,,,,,,,,,,,,,,,,,,,,,,,,,,,,,,,,,,,,,,,,,,,,,,,,,,,,,,,,,,,,,,,,,,,,,,,,,,,,,,,,,,,,,,,,,,,,,,,,,,,,,
7850000,579,333,52,-119,702,4395,1281,1207,183,-127,-2,2680,-1799,604,12100,862,-57,15,12100,1417000,1489000,1614000,1664000,-141,-273,-122,-7903000,798,512,22,45,905,9156,7750,2122,157,-147,-2,2600,-2200,604,12100,893,-92,15,12100,1486000,1437000,1633000,1634000,-233,-217,-208,-194,-368,-377,244000,,,,,,,,,,,,,,,,,,,,,,,,,,,,,,,,,,,,,,,,,,,,,,,,,,,,,,,,,,,,,,,,,,,,,,,,,,,,,,,,,,,,,,,,,,,,,,,,,,,,,,,,,,,,,,,,,,,,,,,,,,,,,,,,,,,,,,,,,,,,,,,,,,,,,,,,,,,,,,,,,,,,,,,,,,,,,,,,,,,,,,,,,,,,,,,,,,,,
7950000,315,308,-94,-39,1095,6654,12694,1329,171,-193,0,2280,-2519,614,12504,863,-184,56,12504,1465000,1472000,1652000,1640000,-224,-102,-193,8003000,1176,601,-42,183,887,7264,9703,1146,33,-198,-2,1560,-2879,636,13416,863,-258,143,13416,1522000,1467000,1655000,1688050000,1198,893,8,-90,974,4639,12694,474,-3,-173,-2,1160,-2879,637,13458,839,-303,148,13458,1504000,1474000,1673000,1678103000,827,922,198,-50,601,-4088,10680,1695,25,-174,-6-405,-84,234000,,,,,,,,,,,,,,,,,,,,,,,,,,,,,,,,,,,,,,,,,,,,,,,,,,,,,,,,,,,,,,,,,,,,,,,,,,,,,,,,,,,,,,,,,,,,,,,,,,,,,,,,,,,,,,,,,,,,,,,,,,,,,,,,,,,,,,,,,,,,,,,,,,,,,,,,,,,,,,,,,,,,,,,
8150000,359,1204,144,11,695,489,11168,963,-349,-116,204000,,,,,,,,,,,,,,,,,,,,,,,,,,,,,,,,,,,,,,,,,,,,,,,,,,,,,,,,,,,,,,,,,,,,,,,,,,,,,,,,,,,,,,,,,,,,,,,,,,,,,,,,,,,,,,,,,,,,,,,,,,,,,,,,,,,,,,,,,,,,,,,,,,,,,,,,,,,,,,,,,,,,,,,,,,,,,,,,,,,,,,,,,,,,,,,,,,,,,,,,,,,,,,,,,,,,,,,,,,,,,,,,,,,,,,,,,,,,,,,,,,
8203000,143,1312,150,-191,1060,-1097,9215,718,11,-171,-2,280,-3279,671,14933,776,-368,284,14933,1527000535000,1699000,1702000,-160,-97,-124,-75,-321,-78,193000,,,,,,,,,,,,,,,,,,,,,,,,,,,,,,,,,,,,,,,,,,,,,,,,,,,,,,,,,,,,,,,,,,,,,,,,,,,,,,,,,,,,,,,,,,,,,,,,,,,,,,,,,,,,,,,,,,,,,,,,,,,,,,,,,,,,,,,,,,,,,,,,,,,,,,,,,,,,,,,,,,,,,,,,,,,,,,,,,,,,,,,,,,,,,,,,,,,,,,,,,,,,,,,,,,,,,,,,,,,,,,,,
8250000,25,1845,-66,-165,914,1343,12572,-928,11,-125,-4,160,-3,,,,,,,,,,,,,,,,,,,,,,,,,,,,,,,,,,,,,,,,,,,,,,,,,,,,,,,,,,,,,,,,,,,,,,,,,,,,,,,,,,,,,,,,,,,,,,,,,,,,,,,,,,,,,,,,,,,,,,,,,,,,,,,,,,,,,,,,,,,,,,,,,,,,,,,,,,,,,,,,,,,,,,,,,,,,,,,,,,,,,,,,,,,,,,,,,,,,,,,,,,,,,,,,,,,,,,,,,,,,,,,,,,,,,,,,,,,,,,,,
8303000,19,2174,-35,-15,1194,1160,5797,-13,8,-65,-4,120,-2919,672,14978,738,-348,287,14978,1536000,1513000,1706000,1707000,-13,-75,-10,-55,-114,-95,224000,,,,,,,,,,,,,,,,,,,,,,,,,,,,,,,,,,,,,,,,,,,,,,,,,,,,,,,,,,,,,,,,,,,,,,,,,,,,,,,,,,,,,,,,,,,,,,,,,,,,,,,,,,,,,,,,,,,,,,,,,,,,,,,,,,,,,,,,,,,,,,,,,,,,,,,,,,,,,,,,,,,,,,,,,,,,,,,,,,,,,,,,,,,,,,,,,,,,,,,,,,,,,,,,,,,,,,,,,,,,,,,
8350000,342,2102,-115,0,1065,3602,2623,-1844,-19,33,-4,120,-1719,673,15022,747,-334,291,15022,1543000,1480000,1726000,1709000,159,-65,119,8403000,324,1595,-32,-131,1244,3175,-305,-1539,-28,51,-4,0,-1000,674,15067,734,-349,296,15067,1540000,1489000,1725000,1710000,279,12,204,9,284,-43,132000,,,,,,,,,,,,,,,,,,,,,,,,,,,,,,,,,,,,,,,,,,,,,,,,,,,,,,,,,,,,,,,,,,,,,,,,,,,,,,,,,,,,,,,,,,,,,,,,,,,,,,,,,,,,,,,,,,,,,,,,,,,,,,,,,,,,,,,,,,,,,,,,,,,,,,,,,,,,,,,,,,,,,,,,,,,,,,,,,,,,,,,,,,,,,,,,,,,,
8450000,414,1125,-50,-1,1145,-120,-5066,-1478,-39,91,-4,-39,-80,674,15067,701,-349,296,15067,1535000,1495000,1722000,1713000,286,79,200,55,418,128,112000,,,,,,,,,,,,,,,,,,,,,,,,,,,,,,,,,,,,,,,,,,,,,,,,,,,,,,,,,,,,,,,,,,,,,,,,,,,,,,,,,,,,,,,,,,,,,,,,,,,,,,,,,,,,,,,,,,,,,,,,,,,,,,,,,,,,,,,,,,,,,,,,,,,,,,,,,,,,,,,,,,,,,,,,,,,,,,,,,,,,,,,,,,,,,,,,,,,,,,,,,,,,,,,,,,,,,,,,,,,,,,,
8503000,4,522,-21,25,855,-242,-9155,-2393,-7,38,-4,-79,-80,672,14978,658,-415,287,14978,1523000,1487000,1711000,1731000,429,147,282,97,589,151,112000,,,,,,,,,,,,,,,,,,,,,,,,,,,,,,,,,,,,,,,,,,,,,,,,,,,,,,,,,,,,,,,,,,,,,,,,,,,,,,,,,,,,,,,,,,,,,,,,,,,,,,,,,,,,,,,,,,,,,,,,,,,,,,,,,,,,,,,,,,,,,,,,,,,,,,,,,,,,,,,,,,,,,,,,,,,,,,,,,,,,,,,,,,,,,,,,,,,,,,,,,,,,,,,,,,,,,,,,,,,,,,,
8550000,55,-3,-15,68,864,-548,-8118,-867,-15,48,-6,-119,560,672,14978,645,-392,287,14978,1532000,1498000,1716000,1711008603000,43,-31,27,90,831,2686,-6226,-2271,-14,126,-4,-119,1480,673,15022,641,-376,291,15022,1531000,1480000,1727000,1717000,420,228,269,146,529,181,163000,,,,,,,,,,,,,,,,,,,,,,,,,,,,,,,,,,,,,,,,,,,,,,,,,,,,,,,,,,,,,,,,,,,,,,,,,,,,,,,,,,,,,,,,,,,,,,,,,,,,,,,,,,,,,,,,,,,,,,,,,,,,,,,,,,,,,,,,,,,,,,,,,,,,,,,,,,,,,,,,,,,,,,,,,,,,,,,,,,,,,,,,,,,,,,,,,,,,,,,,
8650000,-32,-114,76,92,855,-3782,-16052,-257,34,251,-2,360,3000,673,15022,8703000,58,-714,57,46,1096,-2012,-24414,-440,-15,286,16000,1701000,1738000,555,177,325,103,981,212,122000,,,,,,,,,,,,,,,,,,,,,,,,,,,,,,,,,,,,,,,,,,,,,,,,,,,,,,,,,,,,,,,,,,,,,,,,,,,,,,,,,,,,,,,,,,,,,,,,,,,,,,,,,,,,,,,,,,,,,,,,,,,,,,,,,,,,,,,,,,,,,,,,,,,,,,,,,,,,,,,,,,,,,,,,,,,,,,,,,,,,,,,,,,,,,,,,,,,,,,,,,,,,,,,,,,,,,,,,,
8750000,-313,-1473,172,-129,1031,-3660,-26184,-379,23,251,-4,-39,4300,1538000,1693000,1746000,503,263,301,157,892,247,122000,,,,,,,,,,,,,,,,,,,,,,,,,,,,,,,,,,,,,,,,,,,,,,,,,,,,,,,,,,,,,,,,,,,,,,,,,,,,,,,,,,,,,,,,,,,,,,,,,,,,,,,,,,,,,,,,,,,,,,,,,,,,,,,,,,,,,,,,,,,,,,,,,,,,,,,,,,,,,,,,,,,,,,,,,,,,,,,,,,,,,,,,,,,,,,,,,,,,,,,,,,,,,,,,,,,,,,,,,,,,,,,,,,,,,,
8803000,-249,-1935,-90,184,1252,-1829,-21362,-745,18,180,-4,-39,372,15929,1534000,1524000,1706000,1743000,503,263,299,156,892,8850000,-228,-2467,77,140,1316,-2379,-17334,-928,12,35,-4,-79,2879,706,16532,576,-189,423,16532,1547000,1558000,1722000,1768903000,-18,-2255,-68,210,1097,-2135,-4151,-623,-1,23,-4,-39,2519,706,16532,583,-127,423,16532,1557000,1552000,1750000,1739000,503,263,293,153,892,247,0,,,,,,,,,,,,,,,,,,,,,,,,,,,,,,,,,,,,,,,,,,,,,,,,,,,,,,,,,,,,,,,,,,,,,,,,,,,,,,,,,,,,,,,,,,,,,,,,,,,,,,,,,,,,,,,,,,,,,,,,,,,,,,,,,,,,,,,,,,,,,,,,,,,,,,,,,,,,,,,,,,,,,,,,,,,,,,,,
8950000,-91,-1858,76,149,1116,2686,1220,-3126,7,-102,-6,0,679,706,16532,553,-124,423,16532,1547000,1523000,1744000,1774000,503,263,278,9003000,328,-1061,-203,60,1304,6715,6102,-3309,-28,-75,-4,0,200,706,16532,567,-74,423,16532,1566000,1501000,1765000,1754000,503,263,285,149,892,247,0,,,,,,,,,,,,,,,,,,,,,,,,,,,,,,,,,,,,,,,,,,,,,,,,,,,,,,,,,,,,,,,,,,,,,,,,,,,,,,,,,,,,,,,,,,,,,,,,,,,,,,,,,,,,,,,,,,,,,,,,,,,,,,,,,,,,,,,,,,,,,,,,,,,,,,,,,,,,,,,,,,,,,,,,,,,,,,,,,,,,,,,,,,,,,,,,,,,,
9050000,381,-647,-149,62,975,1527,1281,-2637,-36,-39,-2,-39,200,706,16532,556,-21,423,16532,1561000,1516000,1749000,1763000,503,263,279,9103000,167,-214,-63,11,850,-364,-61,-3431,-11,-8,-4,40,119,707,16579,574,43,428,16579,1549000,1517000,1755000,176,81,174,142,310,132000,,,,,,,,,,,,,,,,,,,,,,,,,,,,,,,,,,,,,,,,,,,,,,,,,,,,,,,,,,,,,,,,,,,,,,,,,,,,,,,,,,,,,,,,,,,,,,,,,,,,,,,,,,,,,,,,,,,,,,,,,,,,,,,,,,,,,,,,,,,,,,,,,,,,,,,,,,,,,,,,,,,,,,,,,,,,,,,,,,,,,,,,,,,,,,,,,,,,,,
9150000,5,-61,-14,-110,956,1343,731,-1905,6,-22,-4,80,-199,705,16485,568,116,419,16485,1562000,1521000,1747000,1761000,16,352,9,200,74,411,1539203000,22,34,61,-32,1218,-6529,-305,-2027,-5,-42,-6,-39,-519,706,16532,579,105,423,16532,1530000,1551000,1744000,1769250000,-51,226,-38,-110,1361,-5430,3966,-684,-2,-25,-4,-79,-519,707,16579,575,166,428,16579,1543000,1558000,1748000,17511,293,-46,533,183000,,,,,,,,,,,,,,,,,,,,,,,,,,,,,,,,,,,,,,,,,,,,,,,,,,,,,,,,,,,,,,,,,,,,,,,,,,,,,,,,,,,,,,,,,,,,,,,,,,,,,,,,,,,,,,,,,,,,,,,,,,,,,,,,,,,,,,,,,,,,,,,,,,,,,,,,,,,,,,,,,,,,,,,,,,,,,
9303000,163,444,47,127,884,-59,2807,-74,-49,-6,-6,-399,-519,675,15112,607,249,300,15112,1535000,1495000,1709000,1729000,-205,499,-124,302,-254,500,122000,,,,,,,,,,,,,,,,,,,,,,,,,,,,,,,,,,,,,,,,,,,,,,,,,,,,,,,,,,,,,,,,,,,,,,,,,,,,,,,,,,,,,,,,,,,,,,,,,,,,,,,,,,,,,,,,,,,,,,,,,,,,,,,,,,,,,,,,,,,,,,,,,,,,,,,,,,,,,,,,,,,,,,,,,,,,,,,,,,,,,,,,,,,,,,,,,,,,,,,,,,,,,,,,,,,,,,,,,,,,,,,
9350000,520,627,177,11,1034,-6163,2379,2183,-157,37,-54,-1279,-199,668,14800,630,266,271,14800,1502000,1498000,1706000,1726000,-6,323,-3,203,-120,327,0,,,,,,,,,,,,,,,,,,,,,,,,,,,,,,,,,,,,,,,,,,,,,,,,,,,,,,,,,,,,,,,,,,,,,,,,,,,,,,,,,,,,,,,,,,,,,,,,,,,,,,,,,,,,,,,,,,,,,,,,,,,,,,,,,,,,,,,,,,,,,,,,,,,,,,,,,,,,,,,,,,,,,,,,,,,,,,,,,,,,,,,,,,,,,,,,,,,,,,,,,,,,,,,,,,,,,,,,,,,,,,,
9403000,300,742,62,-28,1085,-11168,-2442,2550,-249,54,-14,-2559,-119,668,1489450000,-283,665,26,-153,924,-11168,1464,474,-195,47,-129503000,-785,736,-156,4,1235,-8665,2257,1756,-126,60,-8,-2239,-39,670,14889,653,263,280,14889,1534000,1505000,1710000,1701000,-176,455,-115,297,-215,606,234000,,,,,,,,,,,,,,,,,,,,,,,,,,,,,,,,,,,,,,,,,,,,,,,,,,,,,,,,,,,,,,,,,,,,,,,,,,,,,,,,,,,,,,,,,,,,,,,,,,,,,,,,,,,,,,,,,,,,,,,,,,,,,,,,,,,,,,,,,,,,,,,,,,,,,,,,,,,,,,,,,,,,,,,,,,,,,,,,,,,,,,,,,,,,,,,,,,,,,
9550000,-852,687,-109,121,1211,-3599,2745,-74,-86,59,-8,-1839,0,682,15427,5000,1478000,1720000,1712000,-286,410,-195,280,-315,561,173000,,,,,,,,,,,,,,,,,,,,,,,,,,,,,,,,,,,,,,,,,,,,,,,,,,,,,,,,,,,,,,,,,,,,,,,,,,,,,,,,,,,,,,,,,,,,,,,,,,,,,,,,,,,,,,,,,,,,,,,,,,,,,,,,,,,,,,,,,,,,,,,,,,,,,,,,,,,,,,,,,,,,,,,,,,,,,,,,,,,,,,,,,,,,,,,,,,,,,,,,,,,,,,,,,,,,,,,,,,,,,,,,,,,
9603000,-860,729,-191,-167,1178,-1341,3356,841,-26,67,-6,-1159,40,683,15472,672,319,332,15472,1548000,1513000,1728000,1715000,9650000,-859,602,-212,14,1046,1527,2929,596,36,52,-839,0,672,14978,676,316,287,14978,1537000,1493000,1718000,1709000,9703000,-654,605,-64,-26,961,5006,2318,963,43,52,-14,-159,0,649,13970,705,282,195,13970,1514000,1462000,1697000,1689000,-326,382,-229,269,-366,295,234000,,,,,,,,,,,,,,,,,,,,,,,,,,,,,,,,,,,,,,,,,,,,,,,,,,,,,,,,,,,,,,,,,,,,,,,,,,,,,,,,,,,,,,,,,,,,,,,,,,,,,,,,,,,,,,,,,,,,,,,,,,,,,,,,,,,,,,,,,,,,,,,,,,,,,,,,,,,,,,,,,,,,,,,,,,,,,,,,
9750000,-261,694,-145,80,797,1710,0,2489,8,39,-12,-159,-239,659,14404,746,307,235,14404,1522000,1479000,1687000,1677000,-341,268,-255,9803000,-286,443,36,-55,855,2503,609,2183,11,-24,-10,-159,-720,678,15246,733,292,311,15246,1555000,1515000,1703000,1719850000,-199,441,105,23,873,1771,1891,3221,6,-48,-8,-119,-1000,677,15202,757,340,307,15202,1558000,1527000,1691000,17172,-177,55,-319,37,234000,,,,,,,,,,,,,,,,,,,,,,,,,,,,,,,,,,,,,,,,,,,,,,,,,,,,,,,,,,,,,,,,,,,,,,,,,,,,,,,,,,,,,,,,,,,,,,,,,,,,,,,,,,,,,,,,,,,,,,,,,,,,,,,,,,,,,,,,,,,,,,,,,,,,,,,,,,,,,,,,,,,,,,,,,,,,,,,
9903000,-290,553,-243,9,1043,3358,5248,1268,-2,-11,-8,-319,-679,677,15202,786,331,307,15202,1553000,1508000,1722000,1704000,-358,262,-281,206,-449,209950000,-255,615,-188,96,1064,916,4332,902,8,-5,-88,15246,789,312,311,15246,1542000,1515000,1715000,1714000,-267,151,10003000,-208,918,-116,21,862,3968,3722,780,4,73,-4,-159,-80,679,15291,814,296,316,15291,1555000,1505000,1725000,1704000,-309,243,-251,198,-374,174,244000,,,,,,,,,,,,,,,,,,,,,,,,,,,,,,,,,,,,,,,,,,,,,,,,,,,,,,,,,,,,,,,,,,,,,,,,,,,,,,,,,,,,,,,,,,,,,,,,,,,,,,,,,,,,,,,,,,,,,,,,,,,,,,,,,,,,,,,,,,,,,,,,,,,,,,,,,,,,,,,,,,,,,,,,,,,
10050000,-21,993,-97,138,803,-3599,-3357,1512,15,86,-4,160,0,679,152910103000,136,720,83,-61,932,4029,-2380,413,2,62,-4,160,0,678,15246,873,400,311,15246,1555000,1504000,1718000,1715000,-350,145,-305,126,-308,74,244000,,,,,,,,,,,,,,,,,,,,,,,,,,,,,,,,,,,,,,,,,,,,,,,,,,,,,,,,,,,,,,,,,,,,,,,,,,,,,,,,,,,,,,,,,,,,,,,,,,,,,,,,,,,,,,,,,,,,,,,,,,,,,,,,,,,,,,,,,,,,,,,,,,,,,,,,,,,,,,,,,,,,,,,,,,,,,,,,,,,,,,,,,,,,,,,,,,,,,,,,,,,,,,,,
10150000,386,637,-64,6,832,-1036,-1526,841,-16,-7,-6,200,-720,678,15246,892,415,311,15246,1532000,1528000,1704000,1723000,-310,84,-276,0,,,,,,,,,,,,,,,,,,,,,,,,,,,,,,,,,,,,,,,,,,,,,,,,,,,,,,,,,,,,,,,,,,,,,,,,,,,,,,,,,,,,,,,,,,,,,,,,,,,,,,,,,,,,,,,,,,,,,,,,,,,,,,,,,,,,,,,,,,,,,,,,,,,,,,,,,,,,,,,,,,,,,,,,,,,,,,,,,,,,,,,,,,,,,,,,,,,,,,,,,,,,,,,,,,,,,,,,,,,,,,,,,,
10203000,250,505,10,-82,1109,-1219,1830,1085,2,-43,-4,280,-1000,677,15202,900,408,307,15202,1541000,1523000,1709000,1711000,-339,37,-305,33,-371,59,234000,,,,,,,,,,,,,,,,,,,,,,,,,,,,,,,,,,,,,,,,,,,,,,,,,,,,,,,,,,,,,,,,,,,,,,,,,,,,,,,,,,,,,,,,,,,,,,,,,,,,,,,,,,,,,,,,,,,,,,,,,,,,,,,,,,,,,,,,,,,,,,,,,,,,,,,,,,,,,,,,,,,,,,,,,,,,,,,,,,,,,,,,,,,,,,,,,,,,,,,,,,,,,,,,,,,,,,,,,,,,,,,
10250000,124,445,-93,-66,1118,1038,4943,108,20,-76,-6,360,-1319,676,15157,903,377,304,15157,1542000,1504000,1714000,1716000,-246,-36,-2210303000,-104,488,128,-178,987,4212,9887,230,64,-72,-6,640,-1319,676,15157,933,398,304,15157,1541000,1505000,1724000,1702000,-343,73,-320,68,-516,0,224000,,,,,,,,,,,,,,,,,,,,,,,,,,,,,,,,,,,,,,,,,,,,,,,,,,,,,,,,,,,,,,,,,,,,,,,,,,,,,,,,,,,,,,,,,,,,,,,,,,,,,,,,,,,,,,,,,,,,,,,,,,,,,,,,,,,,,,,,,,,,,,,,,,,,,,,,,,,,,,,,,,,,,,,,,,,,,,,,,,,,,,,,,,,,,,,,,,,,,
10350000,-35,622,86,-111,965,4639,9520,-196,62,-60,-4,680,-1319,675,15115,-423,-43,-563,-67,234000,,,,,,,,,,,,,,,,,,,,,,,,,,,,,,,,,,,,,,,,,,,,,,,,,,,,,,,,,,,,,,,,,,,,,,,,,,,,,,,,,,,,,,,,,,,,,,,,,,,,,,,,,,,,,,,,,,,,,,,,,,,,,,,,,,,,,,,,,,,,,,,,,,,,,,,,,,,,,,,,,,,,,,,,,,,,,,,,,,,,,,,,,,,,,,,,,,,,,,,,,,,,,,,,,,,,,,,,,,,,,,,,,,,,,,,,,
10403000,147,1022,-74,68,1145,5006,5675,1329,39,-88,-4,600,-2040,674,15067,950,355,296,15067,1551000,1512000,1703000,1706000,-485,126,-460,119,-584,310450000,486,1153,-88,5,1281,4395,6163,1878,48,-262,-2,1040,-4160,664,14623,992,388,255,14623,1551000,1519000,1684000,1713000,-401,21,-398,20,-462,36,244000,,,,,,,,,,,,,,,,,,,,,,,,,,,,,,,,,,,,,,,,,,,,,,,,,,,,,,,,,,,,,,,,,,,,,,,,,,,,,,,,,,,,,,,,,,,,,,,,,,,,,,,,,,,,,,,,,,,,,,,,,,,,,,,,,,,,,,,,,,,,,,,,,,,,,,,,,,,,,,,,,,,,,,,,,,,,,,,,,,,,,,,,,,,,,,,,,,
10503000,573,901,110,135,653,-1890,15258,1146,33,-343,-2,960,-4839,642,13670,1000,345,168,13670,1502000,1487000,1677000,1672000,-311,-49,-311,1675000,1648000,-416,-39,-424,-40,-759,-9,244000,,,,,,,,,,,,,,,,,,,,,,,,,,,,,,,,,,,,,,,,,,,,,,,,,,,,,,,,,,,,,,,,,,,,,,,,,,,,,,,,,,,,,,,,,,,,,,,,,,,,,,,,,,,,,,,,,,,,,,,,,,,,,,,,,,,,,,,,,,,,,,,,,,,,,,,,,,,,,,,,,,,,,,,,,,,,,,,,,,,,,,,,,,,,,,,,,,,,,,,,,,,,,,,,,,,,,,,,,,
10603000,474,1993,90,26,868,-181,17089,2489,38,-248,-2,920,-4839,639,13543,1033,332,155,13543,1505000,1506000,1668000,1662000,-468,-10650000,607,2435,-38,-81,853,3846,16661,2427,23,-146,-,880,-4119,639,13543,1076,346,155,13543,1524000,1484000,1685000,16410010703000,725,2237,176,-5,920,1343,10741,963,-59,-21,-2,40,-2480,639,13543,1053,229,155,13543,1512000,1477000,1685000,1610750000,511,2251,75,-91,810,428,3234,1878,-30,53,-2,160,-1640,640,13585,1068,165,159,13585,1517000,1489000,1675000,1610803000,171,1773,22,-85,939,977,-4273,1939,-7,140,0,80,-160,639,13543,1090,205,155,13543,1522000,1488000,1667000,1610850000,45,1129,70,-104,888,-1585,-10132,2427,2,88,-,13585,1508000,1509000,1650000,1673000,-149,-4,-159,-4,19,-57,2510903000,438,95,120,96,517,1771,-10254,3038,-27,1,-0,-80,639,13543,1110,90,155,13543,1530000,1495000,1642000,1670000,10950000,369,-243,113,17,917,-4149,-4273,2977,-21,-31,-2,120,-119,639,13543,1110,122,155,13543,1505000,1522000,1650000,1611003000,241,-387,133,-37,780,-853,-3601,3648,0,-40,0,240,-80,638,13500,1121,76,152,13500,1528000,1510000,1639000,1661000,-88,-48,-98,-54,-25,-33,234000,,,,,,,,,,,,,,,,,,,,,,,,,,,,,,,,,,,,,
11050000,48,-410,218,-108,763,855,-3723,1695,13,-42,-2,200,-80,640,13585,1118,25,159,13585,1518000,1496000,1652000,1675000,-21,59,-23,11103000,48,-345,54,-61,967,-2501,-5066,2916,16,-40,85,1115,-29,159,13585,1516000,1519000,1640000,1670000,-59,-131,-65,11150000,227,-65,86,-151,975,4395,-1343,2122,-2,-5,0,200,0,641,13628,1102,-93,163,13628,1545000,1481000,1657000,1611203000,330,54,-135,-77,990,489,-2014,1451,-7,1,-2,240,-39,649,13970,1117,-45,195,13970,1526000,1512000,1668000,1676000,54,-18,60,-20,89,-26,244000,,,,,,,,,,,,,,,,,,,,,,,,,,,,,,,,,,,,,,,,,,,,,,,,,,,,,,,,,,,,,,,,,,,,,,,,,,,,,,,,,,,,,,,,,,,,,,,,,,,,,,,,,,,,,,,,,,,,,,,,,,,,,,,,,,,,,,,,,,,,,,,,,,,,,,
11250000,293,-10,-123,-11,974,2381,-2136,1268,-8,0,-2,200,0,660,14448,1110,-99,240,14448,1557000,1500000,1680000,1683000,-9,48,-10,11303000,103,6,-143,-163,1231,1221,-244,413,11,0,-2,240,0,670,14889,1108,-112,280,14889,1548000,1522000,1699000,1611350000,306,102,-220,-90,1232,3785,-244,-196,-12,50,-2,160,479,671,14933,1090,-82,284,14933,1557000,1507000,1709000,1688000,186,-83,203,-91,248,-124,234000,,,,,,,,,,,,,,,,,,,,,,,,,,,,,,,,,,,,,,,,,,,,,,,,,,,,,,,,,,,,,,,,,,,,,,,,,,,,,,,,,,,,,,,,,,,,,,,,,,,,,,,,,,,,,,,,,,,,,,,,,,,,,,,,,,,,,,,,,,,,,,,,,,,,,,,,,,,,,,,,,,,,,,,,,,,,,
11403000,208,-198,205,-74,764,1221,-6470,291,-4,28,-2,160,519,671,14933,1089,-73,284,14933,1551000,1524000,1684000,1710000,124,-4,135,-4,237,-25,224000,,,,,,,,,,,,,,,,,,,,,,,,,,,,,,,,,,,,,,,,,,,,,,,,,,,,,,,,,,,,,,,,,,,,,,,,,,,,,,,,,,,,,,,,,,,,,,,,,,,,,,,,,,,,,,,,,,,,,,,,,,,,,,,,,,,,,,,,,,,,,,,,,,,,,,,,,,,,,,,,,,,,,,,,,,,,,,,,,,,,,,,,,,,,,,,,,,,,,,,,,,,,,,,,,,,,,,,,,,,,,,,
11450000,709,312,72,-26,998,611,-4151,1085,-51,100,-8,120,839,672,14978,1074,-92,287,14978,1565000,1516000,1701000,1688000,222,-42,238,-45,316,-48,255000,,,,,,,,,,,,,,,,,,,,,,,,,,,,,,,,,,,,,,,,,,,,,,,,,,,,,,,,,,,,,,,,,,,,,,,,,,,,,,,,,,,,,,,,,,,,,,,,,,,,,,,,,,,,,,,,,,,,,,,,,,,,,,,,,,,,,,,,,,,,,,,,,,,,,,,,,,,,,,,,,,,,,,,,,,,,,,,,,,,,,,,,,,,,,,,,,,,,,,,,,,,,,,,,,,,,,,,,,,,,,,,
11503000,520,368,-42,-142,1289,-5003,-7568,1146,-38,224,-2,80,2199,673,15022,1084,-91,291,15022,1544000,1546000,1694000,16,280,-78,303,-84,412,8,224000,,,,,,,,,,,,,,,,,,,,,,,,,,,,,,,,,,,,,,,,,,,,,,,,,,,,,,,,,,,,,,,,,,,,,,,,,,,,,,,,,,,,,,,,,,,,,,,,,,,,,,,,,,,,,,,,,,,,,,,,,,,,,,,,,,,,,,,,,,,,,,,,,,,,,,,,,,,,,,,,,,,,,,,,,,,,,,,,,,,,,,,,,,,,,,,,,,,,,,,,,,,,,,,,,,,,,,,,,,,,,,,
11550000,534,221,-13,0,1045,-4088,-15869,1329,-43,211,-4,40,2199,684,15518,1091,-17,336,15518,1547000,1549000,1680000,1707000,197,-79,215,-86,11603000,567,-663,99,167,983,-2135,-16663,1878,-46,134,0,40,2199,685,15563,1073,-25,340,15563,1573000,1549000,1678000,1711650000,297,-1047,79,85,986,-3233,-11414,291,-22,72,0,40,1880,683,15472,1077,-40,332,15472,1554000,1549000,1689000,17,-18,273,-19,402,0,224000,,,,,,,,,,,,,,,,,,,,,,,,,,,,,,,,,,,,,,,,,,,,,,,,,,,,,,,,,,,,,,,,,,,,,,,,,,,,,,,,,,,,,,,,,,,,,,,,,,,,,,,,,,,,,,,,,,,,,,,,,,,,,,,,,,,,,,,,,,,,,,,,,,,,,,,,,,,,,,,,,,,,,,,,,,,,,
11703000,146,-793,-121,40,857,4029,-1892,-684,-19,7,0,-79,879,683,15472,1096,33,332,15472,1572000,1516000,1713000,1709000,271,11,297,12,304,11750000,66,-618,-61,-82,849,3907,487,-1600,-9,-33,0,-39,240,684,15518,1099,50,336,15518,1569000,1506000,1712000,1711803000,73,-123,-89,-180,1019,-1829,1830,-867,-9,10,11850000,58,212,-78,-66,1109,-975,2074,-1234,-5,32,0,0,159,676,15157,1078,7,304,15157,1546000,1519000,1716000,1711903000,-211,-47,307,-140,912,-1585,-3601,841,14,-94,-2,-39,-1039,673,15022,1082,38,291,15022,1547000,1538000,1664000,1711950000,-40,120,137,-17,983,-1280,2807,1878,34,-108,0,360,-1360,672,14978,1101,61,287,14978,1547000,1555000,1678000,1612003000,-37,755,-64,74,1194,-120,8605,413,205,-84,-2,2320,-1719,672,14978,1086,77,287,14978,1523000,1553000,1700000,1612050000,64,1287,-49,26,1115,10438,8178,1268,322,67,672,14978,1095,64,287,14978,1536000,1554000,1706000,1675000,196,812150000,1486,992,59,7,865,18555,-7019,841,428,257,0,6400,1959,670,14889,1106,69,280,14889,1525000,1552000,1694000,1612203000,1972,777,-51,-22,996,26917,-6348,-379,389,277,-2,6440,2400,670,14889,1098,74,280,14889,1562000,1499000,1704000,1612250000,2630,293,-74,110,1022,26917,-14832,-318,206,186,0,5000,1840,670,14889,1114,65,280,14889,1579000,1481000,1683000,1712000,173,-160,192,-179,436,-612,193000
12303000,3109,-426,-36,-44,863,10560,-10132,-1356,-65,-30,-2,2360,80,670,14889,1122,86,280,14889,1552000,1493000,1689000,1719000,255,-53,286,12350000,2791,-754,-24,26,857,-7994,2807,-74,-215,-58,0,320,80,671,14933,1122,103,284,14933,1552000,1514000,1696000,1612403000,1764,-130,-96,-49,933,-10130,10192,-1173,-157,-4,-2,-39,80,671,14933,1128,80,284,14933,1539000,1512000,1719000,1689000,132,194,149,219,-45,371,214000,,,,,,,,,,,,,,,,,,,,,,,,,,,,,,,,,,,,,,,,,,,,,,,,,,,,,,,,,,,,,,,,,,,,,,,,,,,,,,,,,,,,,,,,,,,,,,,,,,,,,,,,,,,,,,,,,,,,,,,,,,,,,,,,,,,,,,,,,,,,,,,,,,,,,,,,,,,,,,,,,,,,,,,,,,,,,
12450000,789,165,-70,34,968,-9398,914,-684,-239,24,-2,-1959,119,671,14933,1130,116,284,14933,1565000,1491000,1700000,1703000,1,147,1,12503000,191,405,-98,-51,965,-12205,914,-1478,-372,42,-2,-4079,80,671,14933,1143,117,284,14933,1558000,1484000,1710000,17234000,,,,,,,,,,,,,,,,,,,,,,,,,,,,,,,,,,,,,,,,,,,,,,,,,,,,,,,,,,,,,,,,,,,,,,,,,,,,,,,,,,,,,,,,,,,,,,,,,,,,,,,,,,,,,,,,,,,,,,,,,,,,,,,,,,,,,,,,,,,,,,,,,,,,,,,,,,,,,,,,,,,,,,,,,,,,,,,,,,,,,,,,,,,,,,,,,,,,,,,,,,,
12550000,-554,475,-92,35,893,-23070,670,-379,-440,51,-4,-5599,119,670,14889,1134,116,280,14889,1552000,1506000,1700000,1700000,62,213,71,242,16,658,234000,,,,,,,,,,,,,,,,,,,,,,,,,,,,,,,,,,,,,,,,,,,,,,,,,,,,,,,,,,,,,,,,,,,,,,,,,,,,,,,,,,,,,,,,,,,,,,,,,,,,,,,,,,,,,,,,,,,,,,,,,,,,,,,,,,,,,,,,,,,,,,,,,,,,,,,,,,,,,,,,,,,,,,,,,,,,,,,,,,,,,,,,,,,,,,,,,,,,,,,,,,,,,,,,,,,,,,,,,,,,,,,
12603000,-1396,381,-191,-132,1318,-27098,182,-74,-433,40,-2,-6359,80,670,14889,1145,106,280,14889,1543000,1521000,1693000,1701000,3,312,12650000,-2281,283,-94,-81,1056,-26488,1769,-623,-254,35,-2,-5199,119,670,14889,1167,133,280,14889,1519000,1538000,1706000,1612703000,-3107,394,-21,-105,936,-18553,1342,-135,-32,44,0,-3479,119,670,14889,1151,144,280,14889,1521000,1545000,1702000,1612750000,-3334,480,4,-53,947,-3355,975,1024,116,48,0,-1999,80,671,14933,1174,150,284,14933,1558000,1528000,1704000,16,322,214000,,,,,,,,,,,,,,,,,,,,,,,,,,,,,,,,,,,,,,,,,,,,,,,,,,,,,,,,,,,,,,,,,,,,,,,,,,,,,,,,,,,,,,,,,,,,,,,,,,,,,,,,,,,,,,,,,,,,,,,,,,,,,,,,,,,,,,,,,,,,,,,,,,,,,,,,,,,,
12803000,-2572,142,76,41,903,5433,-5737,3343,165,22,-2,-679,119,670,14889,1174,152,280,14889,1563000,1551000,1663000,1691000,-125,128,-147,150,-25,33,234000,,,,,,,,,,,,,,,,,,,,,,,,,,,,,,,,,,,,,,,,,,,,,,,,,,,,,,,,,,,,,,,,,,,,,,,,,,,,,,,,,,,,,,,,,,,,,,,,,,,,,,,,,,,,,,,,,,,,,,,,,,,,,,,,,,,,,,,,,,,,,,,,,,,,,,,,,,,,,,,,,,,,,,,,,,,,,,,,,,,,,,,,,,,,,,,,,,,,,,,,,,,,,,,,,,,,,,,,,,,,,,,
12850000,-1482,43,36,86,1053,6776,-2869,3404,111,17,0,-199,159,672,14978,1210,195,287,14978,1559000,1563000,1665000,1690000,-8,0,161,-60,-102,204000,,,,,,,,,,,,,,,,,,,,,,,,,,,,,,,,,,,,,,,,,,,,,,,,,,,,,,,,,,,,,,,,,,,,,,,,,,,,,,,,,,,,,,,,,,,,,,,,,,,,,,,,,,,,,,,,,,,,,,,,,,,,,,,,,,,,,,,,,,,,,,,,,,,,,,,,,,,,,,,,,,,,,,,,,,,,,,,,,,,,,,,,,,,,,,,,,,,,,,,,,,,,,,,,,,,,,,,,,,,,,,,,
12903000,-533,137,-1,159,809,7630,1647,352,32,22,0,-159,119,670,14889,1194,199,280,14889,1558000,1520000,1697000,1690000,-58,113,-69,135,-87,-19,2340012950000,-71,305,-52,116,714,3724,-1648,1146,-4,30,-2,-119,40,670,14889,1229,270,280,14889,1558000,1527000,1686000,1613003000,290,518,-112,-47,926,2686,975,-257,-35,55,-2,-119,119,671,14933,1235,255,284,14933,1552000,1517000,1706000,16000,,,,,,,,,,,,,,,,,,,,,,,,,,,,,,,,,,,,,,,,,,,,,,,,,,,,,,,,,,,,,,,,,,,,,,,,,,,,,,,,,,,,,,,,,,,,,,,,,,,,,,,,,,,,,,,,,,,,,,,,,,,,,,,,,,,,,,,,,,,,,,,,,,,,,,,,,,,,,,,,,,,,,,,,,,,,,,,,,
13050000,393,674,-217,-8,1149,2869,0,-13,-48,79,-2,-159,240,644,13756,1244,244,175,13756,1560000,1507000,1703000,1684000,-100,-73,-125,-91,-86,-38,224000,,,,,,,,,,,,,,,,,,,,,,,,,,,,,,,,,,,,,,,,,,,,,,,,,,,,,,,,,,,,,,,,,,,,,,,,,,,,,,,,,,,,,,,,,,,,,,,,,,,,,,,,,,,,,,,,,,,,,,,,,,,,,,,,,,,,,,,,,,,,,,,,,,,,,,,,,,,,,,,,,,,,,,,,,,,,,,,,,,,,,,,,,,,,,,,,,,,,,,,,,,,,,,,,,,,,,,,,,,,,,,,
13103000,329,384,115,-19,959,-4698,-4089,1695,-39,44,-2,-119,119,636,13416,1259,212,143,13416,1503000,1513000,1647000,1659000,-156,-5,-196,-6,-84,76,224000,,,,,,,,,,,,,,,,,,,,,,,,,,,,,,,,,,,,,,,,,,,,,,,,,,,,,,,,,,,,,,,,,,,,,,,,,,,,,,,,,,,,,,,,,,,,,,,,,,,,,,,,,,,,,,,,,,,,,,,,,,,,,,,,,,,,,,,,,,,,,,,,,,,,,,,,,,,,,,,,,,,,,,,,,,,,,,,,,,,,,,,,,,,,,,,,,,,,,,,,,,,,,,,,,,,,,,,,,,,,,,,
13150000,274,247,-23,25,979,-3843,609,1451,-34,32,0,-119,119,637,13458,1244,188,148,13203000,-540,-127,137,-237,846,-1829,-2075,1756,36,0,0,-119,119,636,13416,1278,180,143,13416,1513000,1510000,1648000,1656000,-171,-48,-218,-62,-134,-16,234000,,,,,,,,,,,,,,,,,,,,,,,,,,,,,,,,,,,,,,,,,,,,,,,,,,,,,,,,,,,,,,,,,,,,,,,,,,,,,,,,,,,,,,,,,,,,,,,,,,,,,,,,,,,,,,,,,,,,,,,,,,,,,,,,,,,,,,,,,,,,,,,,,,,,,,,,,,,,,,,,,,,,,,,,,,,,,,,,,,,,,,,,,,,,,,,,,,,,,,,,,,,,
13250000,-235,261,-56,-134,687,5982,2807,1390,6,33,-2,-159,119,635,13374,1285,137,139,13374,1547000,1468000,1673000,1636000,-220,-175,-283,-225,-178,-135,234000,,,,,,,,,,,,,,,,,,,,,,,,,,,,,,,,,,,,,,,,,,,,,,,,,,,,,,,,,,,,,,,,,,,,,,,,,,,,,,,,,,,,,,,,,,,,,,,,,,,,,,,,,,,,,,,,,,,,,,,,,,,,,,,,,,,,,,,,,,,,,,,,,,,,,,,,,,,,,,,,,,,,,,,,,,,,,,,,,,,,,,,,,,,,,,,,,,,,,,,,,,,,,,,,,,,,,,,,,,,,,,,
13303000,-49,353,96,-239,794,1282,-305,1146,-2,37,-2,-79,80,637,13458,1295,108,148,13458,1518000,1500000,1658000,1655000,-127,-134,-165,-174,-122,-157,224000,,,,,,,,,,,,,,,,,,,,,,,,,,,,,,,,,,,,,,,,,,,,,,,,,,,,,,,,,,,,,,,,,,,,,,,,,,,,,,,,,,,,,,,,,,,,,,,,,,,,,,,,,,,,,,,,,,,,,,,,,,,,,,,,,,,,,,,,,,,,,,,,,,,,,,,,,,,,,,,,,,,,,,,,,,,,,,,,,,,,,,,,,,,,,,,,,,,,,,,,,,,,,,,,,,,,,,,,,,,,,,,
13350000,142,190,26,-36,511,2076,-671,1146,-19,23,113403000,47,176,-179,26,1213,3541,2135,-745,-14,-9,-4,-119,-279,667,14756,1289,15,267,14756,1554000,1503000,1697000,16-32,280,14889,1565000,1505000,1704000,1688000,-149,-62,-190,-79,-17613503000,3,286,45,41,982,245,5675,-623,-14,-30,0,-159,-640,670,14889,1280,-16,280,14889,1546000,1524000,1705000,1685000,-129,-46,-166,-59,-228,-50,224000,,,,,,,,,,,,,,,,,,,,,,,,,,,,,,,,,,,,,,,,,,,,,,,,,,,,,,,,,,,,,,,,,,,,,,,,,,,,,,,,,,,,,,,,,,,,,,,,,,,,,,,,,,,,,,,,,,,,,,,,,,,,,,,,,,,,,,,,,,,,,,,,,,,,,,,,,,,,,,,,,,,,,,,,,,,,,,,,,,
13550000,-205,505,-44,-62,872,2808,6835,-318,161,-123,0,1640,-1920,671,1493-84,214000,,,,,,,,,,,,,,,,,,,,,,,,,,,,,,,,,,,,,,,,,,,,,,,,,,,,,,,,,,,,,,,,,,,,,,,,,,,,,,,,,,,,,,,,,,,,,,,,,,,,,,,,,,,,,,,,,,,,,,,,,,,,,,,,,,,,,,,,,,,,,,,,,,,,,,,,,,,,,,,,,,,,,,,,,,,,,,,,,,,,,,,,,,,,,,,,,,,,,,,,,,,,,,,,,,,,,,,,,,,,,,,,,,,,,,,,,,,,,
13603000,-402,463,117,-45,1287,7630,8666,108,276,-165,-8,2760,-2359,672,14978,1278,38,287,14978,1542000,1536000,1700000,1690000,-233,-305,-298,-390,-384,-438,224000,,,,,,,,,,,,,,,,,,,,,,,,,,,,,,,,,,,,,,,,,,,,,,,,,,,,,,,,,,,,,,,,,,,,,,,,,,,,,,,,,,,,,,,,,,,,,,,,,,,,,,,,,,,,,,,,,,,,,,,,,,,,,,,,,,,,,,,,,,,,,,,,,,,,,,,,,,,,,,,,,,,,,,,,,,,,,,,,,,,,,,,,,,,,,,,,,,,,,,,,,,,,,,,,,,,,,,,,,,,,,,,
13650000,136,971,59,155,1185,17579,10985,1878,159,-121,0,1960,-2359,672,14978,1295,46,287,14978,1575000,1534000,1683000,1682000,-147,-205,-191,-266,-409,-597,204000,,,,,,,,,,,,,,,,,,,,,,,,,,,,,,,,,,,,,,,,,,,,,,,,,,,,,,,,,,,,,,,,,,,,,,,,,,,,,,,,,,,,,,,,,,,,,,,,,,,,,,,,,,,,,,,,,,,,,,,,,,,,,,,,,,,,,,,,,,,,,,,,,,,,,,,,,,,,,,,,,,,,,,,,,,,,,,,,,,,,,,,,,,,,,,,,,,,,,,,,,,,,,,,,,,,,,,,,,,,,,,,
13703000,1064,1387,8,115,1054,-304,-441,-373,-488,183000,,,,,,,,,,,,,,,,,,,,,,,,,,,,,,,,,,,,,,,,,,,,,,,,,,,,,,,,,,,,,,,,,,,,,,,,,,,,,,,,,,,,,,,,,,,,,,,,,,,,,,,,,,,,,,,,,,,,,,,,,,,,,,,,,,,,,,,,,,,,,,,,,,,,,,,,,,,,,,,,,,,,,,,,,,,,,,,,,,,,,,,,,,,,,,,,,,,,,,,,,,,,,,,,,,,,,,,,,,,,,,,,,,,,,,,,,,,,,,,,,,,
13750000,1177,1422,131,2,915,13803000,1201,1465,-65,195,885,6776,10680,902,94,-151,0,2280,-3199,661,14491,1301,83,244,14491,1562000,1533000,1690000,1624000,,,,,,,,,,,,,,,,,,,,,,,,,,,,,,,,,,,,,,,,,,,,,,,,,,,,,,,,,,,,,,,,,,,,,,,,,,,,,,,,,,,,,,,,,,,,,,,,,,,,,,,,,,,,,,,,,,,,,,,,,,,,,,,,,,,,,,,,,,,,,,,,,,,,,,,,,,,,,,,,,,,,,,,,,,,,,,,,,,,,,,,,,,,,,,,,,,,,,,,,,,,,,,,,,,,,,,,,,,,,,,,,
13903000,1250,1883,-161,138,825,7813,10741,-745,61,-93,-2,1960,-2960,642,13670,1276,11,168,13670,1519000,1482000,1686000,1657000,-211,-115,-270,-147,-399,-251,255000,,,,,,,,,,,,,,,,,,,,,,,,,,,,,,,,,,,,,,,,,,,,,,,,,,,,,,,,,,,,,,,,,,,,,,,,,,,,,,,,,,,,,,,,,,,,,,,,,,,,,,,,,,,,,,,,,,,,,,,,,,,,,,,,,,,,,,,,,,,,,,,,,,,,,,,,,,,,,,,,,,,,,,,,,,,,,,,,,,,,,,,,,,,,,,,,,,,,,,,,,,,,,,,,,,,,,,,,,,,,,,,
13950000,1252,1931,-90,53,1026,489,6469,596,-42,18,-2,760,-1719,641,13628,1292,41,163,13628,1515000,1505000,1674000,1651000,-238,-65,-307,-85,-382,-161,224000,,,,,,,,,,,,,,,,,,,,,,,,,,,,,,,,,,,,,,,,,,,,,,,,,,,,,,,,,,,,,,,,,,,,,,,,,,,,,,,,,,,,,,,,,,,,,,,,,,,,,,,,,,,,,,,,,,,,,,,,,,,,,,,,,,,,,,,,,,,,,,,,,,,,,,,,,,,,,,,,,,,,,,,,,,,,,,,,,,,,,,,,,,,,,,,,,,,,,,,,,,,,,,,,,,,,,,,,,,,,,,,
14003000,1040,1532,165,-23,825,-1890,-2686,1085,-62,63,0,320,-800,641,13628,1288,7,163,13628,1529000,1497000,1658000,1659000,-143,-3,-185,-5,-97,29,214050000,587,797,238,-29,824,-1036,-1282,-257,-44,66,-2,80,-39,641,13628,1283,-23,163,13628,1515000,1493000,1678000,1614103000,455,361,183,-6,868,-6773,-5371,474,-74,31,-2,-399,0,640,13585,1284,-84,159,13585,1516000,1500000,1661000,1663000,7,-42,9,-54,101,75,244000,,,,,,,,,,,,,,,,,,,,,,,,,,,,,,,,,,,,,,,,,,,,,,,,,,,,,,,,,,,,,,,,,,,,,,,,,,,,,,,,,,,,,,,,,,,,,,,,,,,,,,,,,,,,,,,,,,,,,,,,,,,,,,,,,,,,,,,,,,,,,,,,,,,,,,,,,,,,,,,,,,,,,,,,,,
14150000,-350,25,107,-204,759,-5125,-977,841,9,-11,-2,-239,-160,640,135814203000,-367,150,-46,63,1052,3541,-916,352,21,16,-31,101,-40,130,-15,39,234000,,,,,,,,,,,,,,,,,,,,,,,,,,,,,,,,,,,,,,,,,,,,,,,,,,,,,,,,,,,,,,,,,,,,,,,,,,,,,,,,,,,,,,,,,,,,,,,,,,,,,,,,,,,,,,,,,,,,,,,,,,,,,,,,,,,,,,,,,,,,,,,,,,,,,,,,,,,,,,,,,,,,,,,,,,,,,,,,,,,,,,,,,,,,,,,,,,,,,,,,,,,,,,,,,,,,,,,,,,,,,
14250000,-167,331,-76,-414303000,-186,265,-113,-143,1330,-609,-5188,230,9,47,-640,13585,1248,-189,159,13585,1515000,1501000,1659000,1666000,-12,-2014350000,-87,-109,-251,8,1449,-670,-7446,2000,0,77,-2,-79,1000,704,16438,1244,-209,415,16438,1571000,1549000,1676000,1614403000,-167,-510,115,-63,977,1405,-2258,-806,4,7,-2,-119,600,704,16438,1259,-192,415,16438,1588000,1557000,1725000,17,126,-33,255000,,,,,,,,,,,,,,,,,,,,,,,,,,,,,,,,,,,,,,,,,,,,,,,,,,,,,,,,,,,,,,,,,,,,,,,,,,,,,,,,,,,,,,,,,,,,,,,,,,,,,,,,,,,,,,,,,,,,,,,,,,,,,,,,,,,,,,,,,,,,,,,,,,,,,,,,,,,,,,,,,,,,,,,,,,,,,,,,,,
14450000,-56,-442,79,-52,1017,1832,914,-1295,-9,-21,0,-159,200,705,16485,1241,-137,419,16485,15930,144,9,244000,,,,,,,,,,,,,,,,,,,,,,,,,,,,,,,,,,,,,,,,,,,,,,,,,,,,,,,,,,,,,,,,,,,,,,,,,,,,,,,,,,,,,,,,,,,,,,,,,,,,,,,,,,,,,,,,,,,,,,,,,,,,,,,,,,,,,,,,,,,,,,,,,,,,,,,,,,,,,,,,,,,,,,,,,,,,,,,,,,,,,,,,,,,,,,,,,,,,,,,,,,,,,,,,,,,,,,,,,,,,,,,,,,,,,,
14503000,-97,-358,-59,36,1250,-5430,-855,902,-5,-17,0,-159,159,705,16485,1237,-102,419,16485,1583000,1591000,1718000,1716000,81,-33,100,-41,96,61,244000,,,,,,,,,,,,,,,,,,,,,,,,,,,,,,,,,,,,,,,,,,,,,,,,,,,,,,,,,,,,,,,,,,,,,,,,,,,,,,,,,,,,,,,,,,,,,,,,,,,,,,,,,,,,,,,,,,,,,,,,,,,,,,,,,,,,,,,,,,,,,,,,,,,,,,,,,,,,,,,,,,,,,,,,,,,,,,,,,,,,,,,,,,,,,,,,,,,,,,,,,,,,,,,,,,,,,,,,,,,,,,,
14550000,-43,95,-37,32,867,-4027,1586,780,-6,18,-2,-1,119,705,16485,1215,-49,419,16485,1578000,1592000,1725000,1711000,14603000,220,413,128,3,1173,3236,-366,-928,-33,46,1553000,1733000,1724000,61,-2,73,-3,67,-59,234000,,,,,,,,,,,,,,,,,,,,,,,,,,,,,,,,,,,,,,,,,,,,,,,,,,,,,,,,,,,,,,,,,,,,,,,,,,,,,,,,,,,,,,,,,,,,,,,,,,,,,,,,,,,,,,,,,,,,,,,,,,,,,,,,,,,,,,,,,,,,,,,,,,,,,,,,,,,,,,,,,,,,,,,,,,,,,,,,,,,,,,,,,,,,,,,,,,,,,,,,,,,,,,,,,
14650000,401,289,176,154,1107,-2196,-2014,-1234,-101,32,-6,-759,80,707,16579,1224,25,428,16579,1585000,1560000,1740000,1724000,-14703000,190,285,-105,-108,1079,-4942,-2258,291,-124,38,-4,-1239,159,706,16532,1223,63,423,16532,1593000,1571000,1727000,17,133,-9,163,-11,172,76,244000,,,,,,,,,,,,,,,,,,,,,,,,,,,,,,,,,,,,,,,,,,,,,,,,,,,,,,,,,,,,,,,,,,,,,,,,,,,,,,,,,,,,,,,,,,,,,,,,,,,,,,,,,,,,,,,,,,,,,,,,,,,,,,,,,,,,,,,,,,,,,,,,,,,,,,,,,,,,,,,,,,,,,,,,,,,,,,,,,,,,,,,,,,,,,,,,,,,,,,,
14750000,-341,160,11,-2,889,-7994,2990,-2637,-81,24,-4,-1279,119,704,16438,1219,51,415,16438,1570000,1553000,1753000,1722000,172,11,210,14,14803000,-451,179,-14,66,987,-5797,-2075,780,-37,253,-4,-879,2719,677,15202,1226,98,307,15202,1588000,1578000,1740000,1696000,116,-29,142,-35,152,71,204000,,,,,,,,,,,,,,,,,,,,,,,,,,,,,,,,,,,,,,,,,,,,,,,,,,,,,,,,,,,,,,,,,,,,,,,,,,,,,,,,,,,,,,,,,,,,,,,,,,,,,,,,,,,,,,,,,,,,,,,,,,,,,,,,,,,,,,,,,,,,,,,,,,,,,,,,,,,,,,,,,,,,,,,,,,,,,,,,,,,,,,,,,,,,,,,,,,,
14850000,-460,315,-109,-21,912,-3050,-8728,1146,-26,376,-2,-759,3999,676,1515,304,15157,1551000,1558000,1704000,1676000,131,11,159,13,232,14903000,-461,-50,-162,-38,929,2137,-19409,-1112,1,473,-4,-439,5479,636,13416,1215,124,143,13416,1513000,1470000,1682000,1614950000,-214,-936,-89,-57,954,1893,-24780,-135,-16,326,0,-399,4680,638,13500,1239,119,152,13500,1536000,1468000,1655000,1615003000,-198,-1870,-129,-122,1358,-2318,-18982,535,-10,154,-2,-319,3639,637,13458,1243,125,148,13458,1517000,1500000,1661000,1658000,236,-23,293,-29,567,16,163000,,,,,,,,,,,,,,,,,,,,,,,,,,,,,,,,,,,,,,,,,,,,,,,,,,,,,,,,,,,,,,,,,,,,,,,,,,,,,,,,,,,,,,,,,,,,,,,,,,,,,,,,,,,,,,,,,,,,,,,,,,,,,,,,,,,,,,,,,,,,,,,,,,,,,,
15050000,-91,-2463,-43,13,942,-1158,-6165,291,-23,25,-4,-359,2759,637,13458,1268,112,148,13458,1530000,1477000,1675000,1645000,276,-145,350,15103000,-477,-2071,-136,-227,1116,-1768,2623,-13,27,-138,-2,-159,479,637,13458,1278,89,148,13458,1516000,1493000,1663000,1660000,194,28,248,36,148,59,193000,,,,,,,,,,,,,,,,,,,,,,,,,,,,,,,,,,,,,,,,,,,,,,,,,,,,,,,,,,,,,,,,,,,,,,,,,,,,,,,,,,,,,,,,,,,,,,,,,,,,,,,,,,,,,,,,,,,,,,,,,,,,,,,,,,,,,,,,,,,,,,,,,,,,,,,,,,,,,,,,,,,,,,,,,,,,,,,,,,,,,,,,,,,,,,,,,,,,
15150000,-397,-1896,-113,-74,1181,2137,8666,596,24,-155,-2,-119,119,636,13416,1274,88,143,13416,1526000,1486000,1672000,1637000,93,-108,119,15203000,-353,-1089,-129,-53,1087,245,13121,-684,23,-88,-,-79,80,636,13416,1282,55,143,13416,1503000,1493000,1687000,163815250000,-471,-493,-205,-18,851,4029,9826,1085,37,-36,0,-39,80,636,13416,1255,-8,143,13416,1534000,1491000,1673000,1615303000,-293,0,-147,36,595,4761,5004,-135,22,6,-4,-39,80,636,13416,1281,-36,143,13416,1522000,1481000,1676000,1643000,-149,57,-190,74,-236,-25,173000,,,,,,,,,,,,,,,,,,,,,,,,,,,,,,,,,,,,,,,,,,,,,,,,,,,,,,,,,,,,,,,,,,,,,,,,,,,,,,,,,,,,,,,,,,,,,,,,,,,,,,,,,,,,,,,,,,,,,,,,,,,,,,,,,,,,,,,,,,,,,,,,,,,,,,
15350000,-69,160,-109,83,822,1343,2318,1817,6,21,-2,0,80,637,13458,1258,-78,148,13458,1530000,1506000,1664000,1630000,-164,-22,-206,15403000,-216,-186,79,35,575,6348,853,413,15,-5,-2,-39,119,635,13374,1249,-144,139,13374,1532000,1481000,1658000,1615450000,-7,-339,-7,95,720,1466,-1160,1451,4,-57,-2,40,-319,645,13798,1232,-229,179,13798,1529000,1524000,1650000,1664000,9,-142,11,-176,-8,-235,132000,,,,,,,,,,,,,,,,,,,,,,,,,,,,,,,,,,,,,,,,,,,,,,,,,,,,,,,,,,,,,,,,,,,,,,,,,,,,,,,,,,,,,,,,,,,,,,,,,,,,,,,,,,,,,,,,,,,,,,,,,,,,,,,,,,,,,,,,,,,,,,,,,,,,,,,,,,,,,,,,,,,,,,,,,,,,,
15503000,426,-208,50,161,746,3846,3722,1512,507,-314,2,6240,-3400,680,15337,1226,-218,320,15337,1506000,1607000,1662000,1697000,-64,-131,-78,-161,-129,-198,153000,,,,,,,,,,,,,,,,,,,,,,,,,,,,,,,,,,,,,,,,,,,,,,,,,,,,,,,,,,,,,,,,,,,,,,,,,,,,,,,,,,,,,,,,,,,,,,,,,,,,,,,,,,,,,,,,,,,,,,,,,,,,,,,,,,,,,,,,,,,,,,,,,,,,,,,,,,,,,,,,,,,,,,,,,,,,,,,,,,,,,,,,,,,,,,,,,,,,,,,,,,,,,,,,,,,,,,,,,,,,,,,
15550000,40,-192,117,-99,876,31617,17821,841,572,-348,4,6600,-3800,683,15472,1192,-292,332,1547-564,173000,,,,,,,,,,,,,,,,,,,,,,,,,,,,,,,,,,,,,,,,,,,,,,,,,,,,,,,,,,,,,,,,,,,,,,,,,,,,,,,,,,,,,,,,,,,,,,,,,,,,,,,,,,,,,,,,,,,,,,,,,,,,,,,,,,,,,,,,,,,,,,,,,,,,,,,,,,,,,,,,,,,,,,,,,,,,,,,,,,,,,,,,,,,,,,,,,,,,,,,,,,,,,,,,,,,,,,,,,,,,,,,,,,,,,,,,,
15603000,1629,1119,-177,-4,915,38514,22033,596,342,-209,0,5560,-3520,682,15427,1201,-294,327,15427,1599000,1525000,1715000,1672000,-39,-249,-47,-299,-423,-921,183000,,,,,,,,,,,,,,,,,,,,,,,,,,,,,,,,,,,,,,,,,,,,,,,,,,,,,,,,,,,,,,,,,,,,,,,,,,,,,,,,,,,,,,,,,,,,,,,,,,,,,,,,,,,,,,,,,,,,,,,,,,,,,,,,,,,,,,,,,,,,,,,,,,,,,,,,,,,,,,,,,,,,,,,,,,,,,,,,,,,,,,,,,,,,,,,,,,,,,,,,,,,,,,,,,,,,,,,,,,,,,,,
15650000,3212,2030,1,-167,1250,17457,17516,-135,-67,-91,-2,2440,-3079,691,15837,1193,-216,363,15837,1604000,1529000,1728000,1685000,-148,15703000,2861,2069,34,-5,1223,-4088,6041,-928,-176,20,-2,840,-1840,693,15929,1189,-140,372,15929,1565000,1557000,1718000,1715750000,2445,1856,75,-109,1243,-12633,-733,718,-147,1,-,1569000,1607000,1714000,1718000,92,45,110,53,67,126,234000,,,,,,,,,,,,,,,,,,,,,,,,,,,,,,,,,,,,,,,,,,,,,,,,,,,,,,,,,,,,,,,,,,,,,,,,,,,,,,,,,,,,,,,,,,,,,,,,,,,,,,,,,,,,,,,,,,,,,,,,,,,,,,,,,,,,,,,,,,,,,,,,,,,,,,,,,,,,,,,,,,,,,,,,,,,,,,,,,,,,,,,
15803000,1721,1485,16,138,1060,-3538,1036,-2088,-101,-23,-2,559,-1760,705,16485,1188,-61,419,16485,1593000,1545000,1738000,17215850000,974,1244,-180,-133,1171,-3172,2684,-1966,-151,77,-2,-759,-360,704,16438,1194,-50,415,16438,1609000,1525000,1755000,1715903000,665,927,245,-16,1215,-8787,-6470,-562,-274,84,0,-2479,40,706,16532,1167,-6,423,16532,1605000,1557000,1719000,1731000,-130,53,-151,61,-17,206,193000,,,,,,,,,,,,,,,,,,,,,,,,,,,,,,,,,,,,,,,,,,,,,,,,,,,,,,,,,,,,,,,,,,,,,,,,,,,,,,,,,,,,,,,,,,,,,,,,,,,,,,,,,,,,,,,,,,,,,,,,,,,,,,,,,,,,,,,,,,,,,,,,,,,,,,,,,,,,,,,,,,,,,,,,,,,,,,,,,
15950000,200,762,114,-25,1118,-20384,-11658,1329,-328,66,-6,-3559,0,706,16532,1164,-13,423,16532,1580000,1599000,1698000,1734000,36,124,42,16003000,-463,58,33,109,652,-18309,-5432,-3004,-339,5,-6,-4359,0,705,16485,1166,-4,419,16485,1575000,1542000,1741000,1716050000,-1396,-48,-97,-83,1163,-18370,-2564,-3065,-290,27,-6,-4719,360,706,16532,1175,66,423,16532,1587000,1529000,1753000,1729000,60,152,71,179,109,608,163000,,,,,,,,,,,,,,,,,,,,,,,,,,,,,,,,,,,,,,,,,,,,,,,,,,,,,,,,,,,,,,,,,,,,,,,,,,,,,,,,,,,,,,,,,,,,,,,,,,,,,,,,,,,,,,,,,,,,,,,,,,,,,,,,,,,,,,,,,,,,,,,,,,,,,,,,,,,,,,,,,,,,,,,,,,,,,
16103000,-1864,-466,151,-21,1093,-20079,-5859,657,-210,22,-2,-4279,719,704,16438,1173,82,415,16438,1578000,1589000,1719000,1720000,18,150,21,16150000,-2094,-351,25,69,1062,-18370,-7507,535,-162,63,-,304,15157,1533000,1566000,1687000,1702000,99,247,116,290,150,16203000,-2372,-299,-85,-130,1026,-8787,-6226,-1417,-138,141,-4,-3959,1920,637,13458,1185,160,148,13458,1509000,1468000,1681000,1616250000,-2262,-606,-164,12,922,-5552,-9949,-562,-123,114,-4,-3679,1920,634,13332,1229,220,136,13332,1518000,1469000,1666000,1666000,109,101,134,125,277,277,173000,,,,,,,,,,,,,,,,,,,,,,,,,,,,,,,,,,,,,,,,,,,,,,,,,,,,,,,,,,,,,,,,,,,,,,,,,,,,,,,,,,,,,,,,,,,,,,,,,,,,,,,,,,,,,,,,,,,,,,,,,,,,,,,,,,,,,,,,,,,,,,,,,,,,,,
16303000,-2279,-1168,-42,49,1012,-5430,-6653,-684,-48,0,-2,-2839,1160,633,13290,1236,188,132,13290,1503000,1481000,1664000,1667000,231,32,286,16350000,-2535,-1606,-19,130,1121,-4759,-3418,230,113,-129,-2,-1239,119,636,13416,1228,148,143,13416,1485000,1515000,1651000,1616403000,-2206,-1341,-46,129,909,8851,5919,474,171,-106,-2,-239,119,635,13374,1256,133,139,13374,1526000,1473000,1668000,1616450000,-1544,-1083,143,160,845,10377,1342,963,173,-87,-2,440,80,635,13374,1266,77,139,13374,1493000,1514000,1636000,1616503000,-674,-439,-21,13,1073,7386,487,1268,104,-31,0,520,80,638,13500,1255,56,152,13500,1515000,1509000,1655000,1657000,47,-102,59,-129,38,-231,183000,,,,,,,,,,,,,,,,,,,,,,,,,,,,,,,,,,,,,,,,,,,,,,,,,,,,,,,,,,,,,,,,,,,,,,,,,,,,,,,,,,,,,,,,,,,,,,,,,,,,,,,,,,,,,,,,,,,,,,,,,,,,,,,
16550000,-248,-250,34,-41,982,8668,-244,-379,67,-14,0,520,80,636,13416,1251,4,143,13416,1517000,1476000,1663000,1664000,105,-159,131,16603000,82,-188,-47,-107,1044,8912,1708,-806,104,-5,-2,1280,119,636,13416,1254,-37,143,13416,1505000,1483000,1672000,1664000,125,-190,157,-238,95,-345,193000,,,,,,,,,,,,,,,,,,,,,,,,,,,,,,,,,,,,,,,,,,,,,,,,,,,,,,,,,,,,,,,,,,,,,,,,,,,,,,,,,,,,,,,,,,,,,,,,,,,,,,,,,,,,,,,,,,,,,,,,,,,,,,,,,,,,,,,,,,,,,,,,,,,,,,,,,,,,,,,,,,,,,,,,,,,,,,,,,,,,,,,,,,,,,,,,,,,,
16650000,559,-205,-64,125,749,11658,975,-257,205,-73,-2,2920,-640,686,15608,1261,-63,343,15608,1520000,1493000,1662000,1680000,-13,-146,-17,16703000,646,-247,-220,-105,1281,17457,7018,-1844,264,-73,-4,3680,-599,696,16067,1247,-114,383,16067,1576000,1531000,1739000,1716750000,1138,1,-133,-35,1243,23316,8727,-2088,225,-62,-2,3720,-720,696,16067,1259,-52,383,16067,1590000,1514000,1741000,1716803000,1745,241,-46,-138,1077,20692,4577,-2576,116,-41,-14,3080,-720,697,16113,1252,-56,388,16113,1583000,1505000,1737000,1734000,79,-230,100,-289,0,-592,214000,,,,,,,,,,,,,,,,,,,,,,,,,,,,,,,,,,,,,,,,,,,,,,,,,,,,,,,,,,,,,,,,,,,,,,,,,,,,,,,,,,,,,,,,,,,,,,,,,,,,,,,,,,,,,,,,,,,,,,,,,,,,,,,,,,,,,,,,,,,,,,,,,,,,,,
16850000,2285,396,-114,-45,1236,12086,3966,-2088,-35,34,-2,1880,0,698,16159,1217,-51,392,16159,1594000,1511000,1742000,1719000,21,-288,26,-351,-33,-430,183000,,,,,,,,,,,,,,,,,,,,,,,,,,,,,,,,,,,,,,,,,,,,,,,,,,,,,,,,,,,,,,,,,,,,,,,,,,,,,,,,,,,,,,,,,,,,,,,,,,,,,,,,,,,,,,,,,,,,,,,,,,,,,,,,,,,,,,,,,,,,,,,,,,,,,,,,,,,,,,,,,,,,,,,,,,,,,,,,,,,,,,,,,,,,,,,,,,,,,,,,,,,,,,,,,,,,,,,,,,,,,,,
16903000,2147,583,3,55,982,-3233,-1404,-1722,-82,54,0,1200,40,697,16113,1237,28,388,16113,1556000,1555000,1730000,1725000,11,-180,13,-223,35,-124,234000,,,,,,,,,,,,,,,,,,,,,,,,,,,,,,,,,,,,,,,,,,,,,,,,,,,,,,,,,,,,,,,,,,,,,,,,,,,,,,,,,,,,,,,,,,,,,,,,,,,,,,,,,,,,,,,,,,,,,,,,,,,,,,,,,,,,,,,,,,,,,,,,,,,,,,,,,,,,,,,,,,,,,,,,,,,,,,,,,,,,,,,,,,,,,,,,,,,,,,,,,,,,,,,,,,,,,,,,,,,,,,,
16950000,1489,482,36,-73,1246,-5858,-1038,-2393,-112,38,-2,200,-39,698,16159,1246,79,392,16159,1562000,1539000,1739000,1727000,-70,33,-87,41,0,135,234000,,,,,,,,,,,,,,,,,,,,,,,,,,,,,,,,,,,,,,,,,,,,,,,,,,,,,,,,,,,,,,,,,,,,,,,,,,,,,,,,,,,,,,,,,,,,,,,,,,,,,,,,,,,,,,,,,,,,,,,,,,,,,,,,,,,,,,,,,,,,,,,,,,,,,,,,,,,,,,,,,,,,,,,,,,,,,,,,,,,,,,,,,,,,,,,,,,,,,,,,,,,,,,,,,,,,,,,,,,,,,,,
17003000,901,362,49,54,1094,-8299,-2503,-257,-64,31,-2,160,0,697,16113,1250,112,388,16113,1560000,1567000,1720000,1723000,-1,-144,-2,17050000,507,509,39,170,1174,-5430,-1404,-1295,-110,47,-2,-759,40,687,15654,1251,151,347,15654,1552000,1536000,1720000,1717103000,643,455,-93,186,884,-4576,-2503,-1539,-146,46,0,-1039,80,678,15246,1260,143,311,15246,1548000,1515000,1712000,17,-96,19,-122,59,-16,214000,,,,,,,,,,,,,,,,,,,,,,,,,,,,,,,,,,,,,,,,,,,,,,,,,,,,,,,,,,,,,,,,,,,,,,,,,,,,,,,,,,,,,,,,,,,,,,,,,,,,,,,,,,,,,,,,,,,,,,,,,,,,,,,,,,,,,,,,,,,,,,,,,,,,,,,,,,,,,,,,,,,,,,,,,,,,,,
17150000,67,-73,-23,116,1201,-11961,-2136,-1844,-103,-2,0,-1119,40,677,15202,1259,117,307,15202,1525000,1531000,1709000,1717000,72,-21,91,-27,76,17203000,-605,-134,-147,79,912,-6895,1464,-1356,21,-4,0,-359,80,675,15112,1246,101,300,15112,1534000,1530000,1720000,17,66,67,173,234000,,,,,,,,,,,,,,,,,,,,,,,,,,,,,,,,,,,,,,,,,,,,,,,,,,,,,,,,,,,,,,,,,,,,,,,,,,,,,,,,,,,,,,,,,,,,,,,,,,,,,,,,,,,,,,,,,,,,,,,,,,,,,,,,,,,,,,,,,,,,,,,,,,,,,,,,,,,,,,,,,,,,,,,,,,,,,,,,,,,,,,,,,,,,,,,,,,,,,
17250000,-845,-80,-110,122,1018,-1646,117303000,-797,236,33,-119,752,9034,-916,-1722,59,27,-,300,15112,1559000,1487000,1710000,1715000,-49,64,-64,82,-33,17350000,-430,126,16,21,649,4090,-2686,-1478,23,14,-2,-159,40,676,15157,1283,180,304,15157,1552000,1500000,1706000,1717403000,-312,-62,-72,26,1069,3480,304,-1661,13,1,-2,-159,80,674,15067,1327,256,296,15067,1545000,1502000,1716000,1717450000,-292,-168,30,66,995,1221,-671,-1295,15,-7,0,-119,80,671,14933,1338,265,284,14933,1540000,1504000,1705000,1717503000,-250,250,-198,76,1004,1221,3905,-2271,-20,28,-2,-479,80,670,14889,1338,271,280,14889,1533000,1491000,1730000,16,80,39,-8,8,204000,,,,,,,,,,,,,,,,,,,,,,,,,,,,,,,,,,,,,,,,,,,,,,,,,,,,,,,,,,,,,,,,,,,,,,,,,,,,,,,,,,,,,,,,,,,,,,,,,,,,,,,,,,,,,,,,,,,,,,,,,,,,,,
17550000,-72,231,-27,142,812,-2562,-122,-989,-39,27,-4,-519,80,669,14844,1351,262,2717603000,-184,132,-37,30,712,1771,-2075,-2576,-29,15,-2,-519,40,669,14844,1371,239,276,14844,1531000,1481000,1713000,1717650000,-500,-213,55,-17,799,-914,-2869,-318,29,-15,0,-159,40,658,14360,1389,262,231,14360,1513000,1512000,1678000,17,45,16,0,214000,,,,,,,,,,,,,,,,,,,,,,,,,,,,,,,,,,,,,,,,,,,,,,,,,,,,,,,,,,,,,,,,,,,,,,,,,,,,,,,,,,,,,,,,,,,,,,,,,,,,,,,,,,,,,,,,,,,,,,,,,,,,,,,,,,,,,,,,,,,,,,,,,,,,,,,,,,,,,,,,,,,,,,,,,,,,,,,,,,,,,,,,,
17703000,-145,-224,17,166,803,2015,-2075,47,-4,-12,2,-199,80,652,14100,1386,187,208,14100,1531000,1486000,1677000,1690000,1,35,2,48,37,0,204000,17750000,-216,-319,104,19,883,-2501,-2014,596,4,-20,-2,-159,80,642,13670,1396,195,168,13670,1499000,1501000,1663000,1685000,14,-66,20,-92,-19,-76,224000,,,,,,,,,,,,,,,,,,,,,,,,,,,,,,,,,,,,,,,,,,,,,,,,,,,,,,,,,,,,,,,,,,,,,,,,,,,,,,,,,,,,,,,,,,,,,,,,,,,,,,,,,,,,,,,,,,,,,,,,,,,,,,,,,,,,,,,,,,,,,,,,,,,,,,,,,,,,,,,,,,,,,,,,,,,,,,,,,,,,,,,,,,,,,,,,
17803000,-340,-165,-36,121,1192,-3721,487,1024,19,-10,0,-119,40,640,13585,1395,186,159,13585,1504000,1500000,1667000,1671000,0,31,0,17850000,-140,40,103,-16,883,3236,-244,-74,-1,10,98,152,13500,1521000,1458000,1671000,1674000,0,-45,0,-64,-17903000,-107,192,-109,-29,1130,1343,-733,47,-4,20,0,-159,40,639,13543,1411,118,155,13543,1509000,1474000,1675000,160000,-24,-362,111,-79,647,-2623,-1831,-74,-11,-24,-2,18003000,-216,-330,53,12,1135,-4027,-305,1329,4,-25,0,-159,40,641,13628,1431,47,163,13628,1505000,1504000,1663000,1671000,-13,-28,-19,-40,-8,42,193000,,,,,,,,,,,,,,,,,,,,,,,,,,,,,,,,,,,,,,,,,,,,,,,,,,,,,,,,,,,,,,,,,,,,,,,,,,,,,,,,,,,,,,,,,,,,,,,,,,,,,,,,,,,,,,,,,,,,,,,,,,,,,,,,,,,,,,,,,,,
18050000,-390,-54,6,-40,798,3419,4393,352,20,-1,-2,-159,40,640,13585,1412,-2,159,13585,1520000,1468000,1688000,1657000,-80,-46,-113,18103000,-378,-58,216,-152,1041,2442,1830,-806,19,1,-2,-159,80,639,13543,1415,-14,155,13543,1501000,1470000,1688000,16,76,-27,108,-51,34,204000,,,,,,,,,,,,,,,,,,,,,,,,,,,,,,,,,,,,,,,,,,,,,,,,,,,,,,,,,,,,,,,,,,,,,,,,,,,,,,,,,,,,,,,,,,,,,,,,,,,,,,,,,,,,,,,,,,,,,,,,,,,,,,,,,,,,,,,,,,,,,,,,,,,,,,,,,,,,,,,,,,,,,,,,,,,,,,,,,,,,,,,,,,,,,,,,,,,,,
18150000,89,-22,22,158,500,-2806,914,657,-21,4,0,-159,80,640,13585,1422,18203000,275,-4,38,28,785,-2928,-2136,1390,-34,3,-2,-119,40,640,13585,1415,-101,159,13585,1509000,1496000,1662000,16,33,214000,,,,,,,,,,,,,,,,,,,,,,,,,,,,,,,,,,,,,,,,,,,,,,,,,,,,,,,,,,,,,,,,,,,,,,,,,,,,,,,,,,,,,,,,,,,,,,,,,,,,,,,,,,,,,,,,,,,,,,,,,,,,,,,,,,,,,,,,,,,,,,,,,,,,,,,,,,,,,,,,,,,,,,,,,,,,,,,,,,,,,,,,,,,,,,,,,,,,,,,,,,,,,,,,,,,
18303000,-58,-145,82,-4,596,-2745,2196,-928,-5,-5,0,-119,80,639,13543,1405,-103,155,13543,1495000,1477000,1685000,1673000,57,136,81,191,19,183,193000,,,,,,,,,,,,,,,,,,,,,,,,,,,,,,,,,,,,,,,,,,,,,,,,,,,,,,,,,,,,,,,,,,,,,,,,,,,,,,,,,,,,,,,,,,,,,,,,,,,,,,,,,,,,,,,,,,,,,,,,,,,,,,,,,,,,,,,,,,,,,,,,,,,,,,,,,,,,,,,,,,,,,,,,,,,,,,,,,,,,,,,,,,,,,,,,,,,,,,,,,,,,,,,,,,,,,,,,,,,,,,,
18350000,-226,55,-150,44,977,-609,304,352,12,8,-2,-79,40,640,13585,1409,-76,159,13585,1505000,1484000,1673000,1671000,63,18403000,-159,262,-132,46,858,1343,3722,780,3,26,-543,1391,-149,155,13543,1506000,1488000,1681000,1657000,-39,-90,-5518450000,-42,200,21,-106,983,1,-549,-135,-6,24,18503000,76,64,34,73,943,-2501,487,-501,-13,12,0,-79,80,706,16532,1381,-174,423,16532,1570000,1562000,1742000,179000,-33,15,-46,21,-42,59,173000,,,,,,,,,,,,,,,,,,,,,,,,,,,,,,,,,,,,,,,,,,,,,,,,,,,,,,,,,,,,,,,,,,,,,,,,,,,,,,,,,,,,,,,,,,,,,,,,,,,,,,,,,,,,,,,,,,,,,,,,,,,,,,,,,,,,,,,,,,,,,,,,,,,,,,,,,,,,,,,,,,,,,
18550000,235,7,100,23,1106,-2989,3295,-1844,-27,4,0,-79,40,707,16579,1388,-115,428,16579,1564000,1552000,1759000,1728000,-52,33,-73,18603000,168,266,-175,93,1087,-2257,-2258,-440,-32,23,0,-199,0,707,16579,1370,-80,428,16579,1578000,1556000,1733000,1740000,-87,-39,-119,-53,-47,0,234000,,,,,,,,,,,,,,,,,,,,,,,,,,,,,,,,,,,,,,,,,,,,,,,,,,,,,,,,,,,,,,,,,,,,,,,,,,,,,,,,,,,,,,,,,,,,,,,,,,,,,,,,,,,,,,,,,,,,,,,,,,,,,,,,,,,,,,,,,,,,,,,,,,,,,,,,,,,,,,,,,,,,,,,,,,,,,,,,,,,,,,,,,,,,,,,,,,,,
18650000,35,432,-67,8,1180,-2135,-3113,-623,-13,44,0,-119,80,707,1657,-5,428,16579,1564000,1566000,1733000,1743000,120,-50,164,-69,7518703000,107,308,93,-51,1150,6593,-2686,-2149,-16,33,-2,-79,80,707,16579,1346,13,428,16579,1583000,1519000,1747000,17,0,-104,193000,,,,,,,,,,,,,,,,,,,,,,,,,,,,,,,,,,,,,,,,,,,,,,,,,,,,,,,,,,,,,,,,,,,,,,,,,,,,,,,,,,,,,,,,,,,,,,,,,,,,,,,,,,,,,,,,,,,,,,,,,,,,,,,,,,,,,,,,,,,,,,,,,,,,,,,,,,,,,,,,,,,,,,,,,,,,,,,,,,,,,,,,,,,,,,,,,,,,,,,,
18750000,227,301,-121,-145,1058,4578,-1099,-3187,-26,29,-2,-79,40,707,16579,1349,-8,428,16579,1576000,18803000,257,-40,192,-106,1012,-2012,2440,-3919,-32,3,-9,80,706,16532,1347,82,423,16532,1547000,1528000,1767000,1747000,18850000,159,114,123,-99,1257,977,2990,-2210,-24,17,-2,-119,80,705,16485,1360,150,419,16485,1574000,1522000,1764000,17,-185,100,-58,234000,,,,,,,,,,,,,,,,,,,,,,,,,,,,,,,,,,,,,,,,,,,,,,,,,,,,,,,,,,,,,,,,,,,,,,,,,,,,,,,,,,,,,,,,,,,,,,,,,,,,,,,,,,,,,,,,,,,,,,,,,,,,,,,,,,,,,,,,,,,,,,,,,,,,,,,,,,,,,,,,,,,,,,,,,,,,,,,,,,,,,,
18903000,-69,88,135,-39,1243,-2257,-2319,-2454,0,14,-2,-79,80,656,14273,1381,237,224,14273,1554000,1538000,1750000,1748000,-90,-39,-125,-54,-50,0,23400018950000,30,150,-10,-31,1092,-2562,-2686,535,-16,20,12667,1464000,1466000,1653000,1659000,18,-27,24,-37,8,-59,21419003000,-206,25,121,-67,1073,-3905,-1343,535,11,9,-2,-79,80,606,12180,1380,220,24,12180,1448000,1452000,1645000,1619050000,34,-123,-19,194,822,550,-1465,902,-9,-3,-2,-79,80,613,12463,1401,173,51,12463,1484000,1420000,1649000,1619103000,-413,-894,4,16,731,-4942,-1160,1024,25,-71,-2,-119,80,614,12504,1410,130,56,12504,1455000,1470000,1640000,1657000,-20,-153,-28,-216,0,-67,183000,,,,,,,,,,,,,,,,,,,,,,,,,,,,,,,,,,,,,,,,,,,,,,,,,,,,,,,,,,,,,,,,,,,,,,,,,,,,,,,,,,,,,,,,,,,,,,,,,,,,,,,,,,,,,,,,,,,,,,,,,,,,,
19150000,-508,-549,-10,14,600,2808,3295,1695,40,-47,-2,-39,0,617,12626,1407,40,67,12626,1507000,1438000,1658000,1637000,-201,-110,-283,19203000,-701,-96,-116,41,854,4029,6224,963,431,-106,19250000,-655,-160,26,24,1046,22034,4821,2977,458,-115,6,-111,143,13416,1531000,1484000,1653000,1661000,17,-88,25,-123,19303000,820,351,-57,173,983,29847,4882,2183,218,-7,-4,3320,-440,637,13458,1390,-122,148,13458,1542000,1454000,1669000,1619350000,2431,538,-102,185,927,17884,2562,1634,-65,40,-29,1680,-80,673,15022,1414,-142,291,15022,1577000,1475000,1709000,1719403000,2165,121,30,54,1054,-6346,1098,2000,-192,3,-87,-39,-80,672,14978,1375,-181,287,14978,1513000,1498000,1728000,1717000,135,-110,185,-152,115,0,193000,,,,,,,,,,,,,,,,,,,,,,,,,,,,,,,,,,,,,,,,,,,,,,,,,,,,,,,,,,,,,,,,,,,,,,,,,,,,,,,,,,,,,,,,,,,,,,,,,,,,,,,,,,,,,,,,,,,,
19450000,1254,-38,91,11,1081,-13914,-671,4564,-112,-3,-83,-39,0,675,15112,1357,-205,300,15112,1510000,1541000,1709000,1706000,-47,105,-64,57,267,214000,,,,,,,,,,,,,,,,,,,,,,,,,,,,,,,,,,,,,,,,,,,,,,,,,,,,,,,,,,,,,,,,,,,,,,,,,,,,,,,,,,,,,,,,,,,,,,,,,,,,,,,,,,,,,,,,,,,,,,,,,,,,,,,,,,,,,,,,,,,,,,,,,,,,,,,,,,,,,,,,,,,,,,,,,,,,,,,,,,,,,,,,,,,,,,,,,,,,,,,,,,,,,,,,,,,,,,,,,,,,,,,,
19503000,451,275,35,4,1229,-7384,2868,3953,-35,24,-27,40,0,676,15157,1334,-205,304,15157,1553000,1542000,1707000,1684000,-105,34,-140,46,-155,163,183000,,,,,,,,,,,,,,,,,,,,,,,,,,,,,,,,,,,,,,,,,,,,,,,,,,,,,,,,,,,,,,,,,,,,,,,,,,,,,,,,,,,,,,,,,,,,,,,,,,,,,,,,,,,,,,,,,,,,,,,,,,,,,,,,,,,,,,,,,,,,,,,,,,,,,,,,,,,,,,,,,,,,,,,,,,,,,,,,,,,,,,,,,,,,,,,,,,,,,,,,,,,,,,,,,,,,,,,,,,,,,,,
19550000,254,372,59,-113,1180,-1768,-1282,1695,-25,35,-12,-39,40,676,15157,1346,-204,304,15157,1545000,1532000,1706000,1700000,-16,-153,67,224000,,,,,,,,,,,,,,,,,,,,,,,,,,,,,,,,,,,,,,,,,,,,,,,,,,,,,,,,,,,,,,,,,,,,,,,,,,,,,,,,,,,,,,,,,,,,,,,,,,,,,,,,,,,,,,,,,,,,,,,,,,,,,,,,,,,,,,,,,,,,,,,,,,,,,,,,,,,,,,,,,,,,,,,,,,,,,,,,,,,,,,,,,,,,,,,,,,,,,,,,,,,,,,,,,,,,,,,,,,,,,,,,,,
19603000,195,240,82,-45,1002,-3721,-4822,1268,-24,20,-10,-79,0,676,15157,1342,-165,304,15157,1540000,1533000,1705000,1705000,42,-31,57,-41,126,33,224000,,,,,,,,,,,,,,,,,,,,,,,,,,,,,,,,,,,,,,,,,,,,,,,,,,,,,,,,,,,,,,,,,,,,,,,,,,,,,,,,,,,,,,,,,,,,,,,,,,,,,,,,,,,,,,,,,,,,,,,,,,,,,,,,,,,,,,,,,,,,,,,,,,,,,,,,,,,,,,,,,,,,,,,,,,,,,,,,,,,,,,,,,,,,,,,,,,,,,,,,,,,,,,,,,,,,,,,,,,,,,,,
19650000,-47,143,109,-68,927,-4759,-1282,535,4,12,-10,111,307,15202,1530000,1532000,1712000,1706000,80,-124,109,-169,9319703000,-302,89,-76,-2,1246,-2867,-977,2244,-12,11,-12,-439,40,676,15157,1326,-111,304,15157,1550000,1534000,1702000,1698000,110,-30,146,-40,127,19,204000,,,,,,,,,,,,,,,,,,,,,,,,,,,,,,,,,,,,,,,,,,,,,,,,,,,,,,,,,,,,,,,,,,,,,,,,,,,,,,,,,,,,,,,,,,,,,,,,,,,,,,,,,,,,,,,,,,,,,,,,,,,,,,,,,,,,,,,,,,,,,,,,,,,,,,,,,,,,,,,,,,,,,,,,,,,,,,,,,,,,,,,,,,,,,,,,,,,,,,,,
19750000,-38,354,-52,-138,1323,-3966,670,-379,-62,37,-8,-759,80,677,15202,1318,-70,307,15202,1529000,1524000,1723000,1705000,-56,198,-74,19803000,250,67,112,52,781,-7506,-3357,1451,-119,9,-8,-1119,40,686,15608,1318,-100,343,15608,1547000,1535000,1701000,1719850000,223,-13,60,-29,919,-10679,-1892,-379,-127,5,-0,686,15608,1320,-96,343,15608,1539000,1538000,1727000,1719000,-57,19903000,-211,-229,87,70,890,-11168,-2442,1024,-96,-13,-8,-1319,80,687,15654,1309,-79,347,15654,1549000,1546000,1713000,17,80,-45,105,-59,123,149,224000,,,,,,,,,,,,,,,,,,,,,,,,,,,,,,,,,,,,,,,,,,,,,,,,,,,,,,,,,,,,,,,,,,,,,,,,,,,,,,,,,,,,,,,,,,,,,,,,,,,,,,,,,,,,,,,,,,,,,,,,,,,,,,,,,,,,,,,,,,,,,,,,,,,,,,
19950000,-410,109,-151,29,1372,-7322,-977,291,-110,9,-8,-1679,0,686,15608,13175608,1552000,1530000,1724000,1715000,-6,61,-8,80,0,169,2240020003000,-509,6,33,75,967,-8482,-1282,-196,-217,32,-8,-2999,360,643,13713,1308,-79,172,13713,1523000,1474000,1699000,1620050000,-314,108,-32,24,966,-15745,-4517,596,-297,47,-12,-3719,440,641,13628,1332,11,163,13628,1491000,1484000,1681000,1678000,-89,17,-118,23,-25,217,234000,,,,,,,,,,,,,,,,,,,,,,,,,,,,,,,,,,,,,,,,,,,,,,,,,,,,,,,,,,,,,,,,,,,,,,,,,,,,,,,,,,,,,,,,,,,,,,,,,,,,,,,,,,,,,,,,,,,,,,,,,,,,,,,,,,,,,,,,,,,,,,,,,,,,,,,,,,,,,,,,,,,,,,,,,,,,,
20103000,-872,-154,214,-29,826,-21788,-5554,1390,-328,-6,-10,-4639,80,640,13585,1322,-27,159,13585,1498000,1489000,1666000,1681000,-106,275,-141,20150000,-1622,-268,53,28,730,-21544,-2625,657,-301,-16,-6,-5079,80,642,13670,1310,-77,168,13670,1508000,1476000,1681000,1620203000,-2228,-359,83,-12,880,-17027,-427,535,-119,-20,-4,-3599,119,650,14013,1291,-175,199,14013,1492000,1495000,1682000,1620250000,-2510,-165,-58,21,681,-10313,-855,1268,-18,-7,-6,-2719,80,658,14360,1297,-214,231,14360,1517000,1514000,1689000,1688000,-64,134,-83,173,-84,291,204000,,,,,,,,,,,,,,,,,,,,,,,,,,,,,,,,,,,,,,,,,,,,,,,,,,,,,,,,,,,,,,,,,,,,,,,,,,,,,,,,,,,,,,,,,,,,,,,,,,,,,,,,,,,,,,,,,,,,,,,,,,,,,,,,,,,,,,,,,,,,,,,,,,,,,,
20303000,-2001,-477,97,79,691,-2135,-2991,1207,76,-31,-4,-1119,119,672,14978,1265,-292,287,14978,1533000,1532000,1695000,1706000,-60,12,-76,15,-8,49,244000,,,,,,,,,,,,,,,,,,,,,,,,,,,,,,,,,,,,,,,,,,,,,,,,,,,,,,,,,,,,,,,,,,,,,,,,,,,,,,,,,,,,,,,,,,,,,,,,,,,,,,,,,,,,,,,,,,,,,,,,,,,,,,,,,,,,,,,,,,,,,,,,,,,,,,,,,,,,,,,,,,,,,,,,,,,,,,,,,,,,,,,,,,,,,,,,,,,,,,,,,,,,,,,,,,,,,,,,,,,,,,,
20350000,-1519,-389,36,-39,953,1649,2623,291,104,-27,-6,-319,80,671,14933,1262,-236,284,14933,1520000,1530000,1722000,1690000,14,-54,17,-69,51,-119,204000,,,,,,,,,,,,,,,,,,,,,,,,,,,,,,,,,,,,,,,,,,,,,,,,,,,,,,,,,,,,,,,,,,,,,,,,,,,,,,,,,,,,,,,,,,,,,,,,,,,,,,,,,,,,,,,,,,,,,,,,,,,,,,,,,,,,,,,,,,,,,,,,,,,,,,,,,,,,,,,,,,,,,,,,,,,,,,,,,,,,,,,,,,,,,,,,,,,,,,,,,,,,,,,,,,,,,,,,,,,,,,,
20403000,-1212,-267,143,-125,1153,3541,1647,-379,77,-16,-4,-319,80,673,15022,1257,-194,291,15022,1532000,1509000,1717000,1720450000,-750,-79,96,-96,956,9339,3966,-257,51,-3,0,-159,40,692,15883,1231,-222,367,15883,1575000,1517000,1741000,17,-129,-167,-159,-108,-225,214000,,,,,,,,,,,,,,,,,,,,,,,,,,,,,,,,,,,,,,,,,,,,,,,,,,,,,,,,,,,,,,,,,,,,,,,,,,,,,,,,,,,,,,,,,,,,,,,,,,,,,,,,,,,,,,,,,,,,,,,,,,,,,,,,,,,,,,,,,,,,,,,,,,,,,,,,,,,,,,,,,,,,,,,,,,,,,,,,,,,,,,,,,,,,,,,,,,,,,,,,,
20503000,-278,234,-109,-32,1301,1893,0,-1051,10,30,-2,-159,119,701,16298,1229,-2544000,1745000,1732000,-52,-221,-64,-272,-52,-254,204000,,,,,,,,,,,,,,,,,,,,,,,,,,,,,,,,,,,,,,,,,,,,,,,,,,,,,,,,,,,,,,,,,,,,,,,,,,,,,,,,,,,,,,,,,,,,,,,,,,,,,,,,,,,,,,,,,,,,,,,,,,,,,,,,,,,,,,,,,,,,,,,,,,,,,,,,,,,,,,,,,,,,,,,,,,,,,,,,,,,,,,,,,,,,,,,,,,,,,,,,,,,,,,,,,,,,,,,,,,,,,,,,,,,
20550000,-47,345,-110,-120,1289,4639,2868,-1783,-9,37,-2,-159,80,703,16392,1222,-154,412,16392,1575000,1514000,1757000,1727000,-120603000,327,253,98,-14,1042,1832,-3113,-257,-39,32,0,-119,119,703,16392,1236,-83,412,16392,1573000,1542000,1736000,1734000,-140,-122,-173,-151,-85,-154,173000,,,,,,,,,,,,,,,,,,,,,,,,,,,,,,,,,,,,,,,,,,,,,,,,,,,,,,,,,,,,,,,,,,,,,,,,,,,,,,,,,,,,,,,,,,,,,,,,,,,,,,,,,,,,,,,,,,,,,,,,,,,,,,,,,,,,,,,,,,,,,,,,,,,,,,,,,,,,,,,,,,,,,,,,,,,,,,,,,,,,,,,,,,,,,,,,,,,,,,,
20650000,415,67,241,-23,925,-120,-4151,-562,-8,16,-2,320,119,705,16485,1231,-47,419,16485,1561000,1555000,1734000,1746000,-4,-211,-5,20703000,205,147,52,92,1118,672,-2625,169,142,96,-2,1840,960,706,16532,1230,-16,423,16532,1556000,1564000,1747000,1720750000,334,316,0,111,966,11781,-5859,-318,291,181,0,3680,1760,691,15837,1240,85,363,15837,1549000,1571000,1747000,17105,23,-130,29,-67,-293,234000,,,,,,,,,,,,,,,,,,,,,,,,,,,,,,,,,,,,,,,,,,,,,,,,,,,,,,,,,,,,,,,,,,,,,,,,,,,,,,,,,,,,,,,,,,,,,,,,,,,,,,,,,,,,,,,,,,,,,,,,,,,,,,,,,,,,,,,,,,,,,,,,,,,,,,,,,,,,,,,,,,,,,,,,,,,,,,
20803000,1151,92,-76,152,920,26124,-9033,-1112,248,168,0,4000,1840,681,15382,1216,22000,98,-313,120,-380,256,-769,204000,,,,,,,,,,,,,,,,,,,,,,,,,,,,,,,,,,,,,,,,,,,,,,,,,,,,,,,,,,,,,,,,,,,,,,,,,,,,,,,,,,,,,,,,,,,,,,,,,,,,,,,,,,,,,,,,,,,,,,,,,,,,,,,,,,,,,,,,,,,,,,,,,,,,,,,,,,,,,,,,,,,,,,,,,,,,,,,,,,,,,,,,,,,,,,,,,,,,,,,,,,,,,,,,,,,,,,,,,,,,,,,,,,,,,
20850000,1652,-316,-81,115,1020,20997,-10498,-1966,281,136,-2,4880,1880,681,15381727000,33,-398,41,-491,191,-747,234000,,,,,,,,,,,,,,,,,,,,,,,,,,,,,,,,,,,,,,,,,,,,,,,,,,,,,,,,,,,,,,,,,,,,,,,,,,,,,,,,,,,,,,,,,,,,,,,,,,,,,,,,,,,,,,,,,,,,,,,,,,,,,,,,,,,,,,,,,,,,,,,,,,,,,,,,,,,,,,,,,,,,,,,,,,,,,,,,,,,,,,,,,,,,,,,,,,,,,,,,,,,,,,,,,,,,,,,,,,,,,,,,,,,,,,,
20903000,2120,-611,-153,54,885,21912,-5859,-684,282,107,-4,5360,1840,678,15246,1240,117,311,15246,1551000,1492000,1731000,1707000,9,-220,1220950000,2276,-883,-49,128,886,18861,-6592,-562,192,-14,0,4480,719,678,15246,1223,113,311,15246,1564000,1484000,1708000,17,-402,103,-673,142000,,,,,,,,,,,,,,,,,,,,,,,,,,,,,,,,,,,,,,,,,,,,,,,,,,,,,,,,,,,,,,,,,,,,,,,,,,,,,,,,,,,,,,,,,,,,,,,,,,,,,,,,,,,,,,,,,,,,,,,,,,,,,,,,,,,,,,,,,,,,,,,,,,,,,,,,,,,,,,,,,,,,,,,,,,,,,,,,,,,,,,,,,,,,,,,,,,,,,,,,
21003000,2981,-790,-9,183,818,16785,-855,-74,54,-44,0,3600,279,675,15112,1247,152,300,15112,1563000,1484000,1719000,1705000,-23,-279,-29,-348,-8,-572,132000,,,,,,,,,,,,,,,,,,,,,,,,,,,,,,,,,,,,,,,,,,,,,,,,,,,,,,,,,,,,,,,,,,,,,,,,,,,,,,,,,,,,,,,,,,,,,,,,,,,,,,,,,,,,,,,,,,,,,,,,,,,,,,,,,,,,,,,,,,,,,,,,,,,,,,,,,,,,,,,,,,,,,,,,,,,,,,,,,,,,,,,,,,,,,,,,,,,,,,,,,,,,,,,,,,,,,,,,,,,,,,,
21050000,2751,-695,-25,2,1163,1405,-122,-135,-86,-46,-2,1760,159,674,15067,1249,163,296,15067,1534000,1511000,1706000,1721103000,2139,-401,59,12,1110,-8055,2135,1451,-179,-21,-2,80,159,674,15067,1281,225,296,15067,1545000,1520000,1706000,1698000,-130,-276,-166,-353,-167,-135,173000,,,,,,,,,,,,,,,,,,,,,,,,,,,,,,,,,,,,,,,,,,,,,,,,,,,,,,,,,,,,,,,,,,,,,,,,,,,,,,,,,,,,,,,,,,,,,,,,,,,,,,,,,,,,,,,,,,,,,,,,,,,,,,,,,,,,,,,,,,,,,,,,,,,,,,,,,,,,,,,,,,,,,,,,,,,,,,,,,,,,,,,,,,,,,,,,,,,,,,,,
21150000,1532,-374,107,-2,919,-10496,2379,169,-123,-22,0,120,119,673,15022,1278,194,291,15022,1535000,1515000,1719000,1698000,-128,-213,-164,-272,-102,0,163000,,,,,,,,,,,,,,,,,,,,,,,,,,,,,,,,,,,,,,,,,,,,,,,,,,,,,,,,,,,,,,,,,,,,,,,,,,,,,,,,,,,,,,,,,,,,,,,,,,,,,,,,,,,,,,,,,,,,,,,,,,,,,,,,,,,,,,,,,,,,,,,,,,,,,,,,,,,,,,,,,,,,,,,,,,,,,,,,,,,,,,,,,,,,,,,,,,,,,,,,,,,,,,,,,,,,,,,,,,,,,,,
21203000,468,-252,144,-53,1027,-12022,-61,963,-37,-15,-2,40,80,673,15022,1304,216,291,15022,1534000,1525000,1708000,1701000,-126,-180,-164,-235,-125,28,183000,,,,,,,,,,,,,,,,,,,,,,,,,,,,,,,,,,,,,,,,,,,,,,,,,,,,,,,,,,,,,,,,,,,,,,,,,,,,,,,,,,,,,,,,,,,,,,,,,,,,,,,,,,,,,,,,,,,,,,,,,,,,,,,,,,,,,,,,,,,,,,,,,,,,,,,,,,,,,,,,,,,,,,,,,,,,,,,,,,,,,,,,,,,,,,,,,,,,,,,,,,,,,,,,,,,,,,,,,,,,,,,
21250000,84,112,159,-107,1053,-3782,1342,1024,0,9,-5022,1296,187,291,15022,1556000,1503000,1712000,1697000,-269,-128,-3421303000,-209,240,-19,-115,1260,-4515,548,47,25,27,-2,80,80,672,14978,1327,191,287,14978,1532000,1513000,1719000,1621350000,74,258,-91,-155,1210,-242,2196,-440,-9,29,-2,-39,80,672,14978,1315,161,287,14978,1549000,1487000,1730000,16,,,,,,,,,,,,,,,,,,,,,,,,,,,,,,,,,,,,,,,,,,,,,,,,,,,,,,,,,,,,,,,,,,,,,,,,,,,,,,,,,,,,,,,,,,,,,,,,,,,,,,,,,,,,,,,,,,,,,,,,,,,,,,,,,,,,,,,,,,,,,,,,,,,,,,,,,,,,,,,,,,,,,,,,,,,,,,,,,,,,,,,,,
21403000,-11,-158,0,-74,816,-3599,-2197,841,-2,-6,21450000,-148,-246,-66,-99,873,-487,2379,657,9,-14,-80,636,13416,1345,188,143,13416,1516000,1453000,1692000,1653000,-152,21503000,-272,-214,14,32,844,-364,975,1512,20,-36,-2,-39,-199,635,13374,1361,230,139,13374,1520000,1461000,1669000,16,660,489,-305,2061,26,-101,-4,-39,-720,636,13416,1380,21603000,-428,-654,-113,112,999,-1829,3417,2855,100,-193,-4,720,-1560,635,13374,1389,171,139,13374,1500000,1504000,1652000,16-187,-89,-260,-123,-247,-57,193000,,,,,,,,,,,,,,,,,,,,,,,,,,,,,,,,,,,,,,,,,,,,,,,,,,,,,,,,,,,,,,,,,,,,,,,,,,,,,,,,,,,,,,,,,,,,,,,,,,,,,,,,,,,,,,,,,,,,,,,,,,,,,,,,,,,,,,,,,,,,,,,,,,,,,,,,,,
21650000,-714,-600,199,-227,785,3480,6835,4320,202,-188,-2,1600,-1560,634,13332,136921703000,-374,-205,86,-50,620,7447,7079,5052,203,-164,-4,1960,-1679,636,13416,1380,31,143,13416,1526000,1514000,1642000,1645000,-335,-112,-463,-155,-459,-242,183000,,,,,,,,,,,,,,,,,,,,,,,,,,,,,,,,,,,,,,,,,,,,,,,,,,,,,,,,,,,,,,,,,,,,,,,,,,,,,,,,,,,,,,,,,,,,,,,,,,,,,,,,,,,,,,,,,,,,,,,,,,,,,,,,,,,,,,,,,,,,,,,,,,,,,,,,,,,,,,,,,,,,,,,,,,,,,,,,,,,,,,,,,,,,,,,,,,,,,,,,,,,,,,,
21750000,-9,254,-21803000,687,560,23,136,879,7752,4332,2244,16,-3,0,880,-599,646,13841,1367,-53,184,13841,1542000,1487000,1674000,1621850000,900,244,51,115,818,-853,-1587,2244,-78,7,-2,0,-160,663,14579,1377,-78,251,14579,1547000,1522000,1675000,1691000,-192,21,-265,29,-255,-34,142000,,,,,,,,,,,,,,,,,,,,,,,,,,,,,,,,,,,,,,,,,,,,,,,,,,,,,,,,,,,,,,,,,,,,,,,,,,,,,,,,,,,,,,,,,,,,,,,,,,,,,,,,,,,,,,,,,,,,,,,,,,,,,,,,,,,,,,,,,,,,,,,,,,,,,,,,,,,,,,,,,,,,,,,,,,,,,,,,,,,,,,,,,,,,,,,,,,,,,
21903000,600,55,-3,11,1059,-4576,-2442,2672,-48,-9,-4,40,-160,670,14889,1390,-57,280,14889,1551000,1539000,1686000,1688000,-188,17,-262,21950000,125,-14,72,-33,1194,-5614,-244,3038,-7,-11,-2,40,-119,669,14844,1381,-56,276,14844,1543000,1553000,1683000,1622003000,71,146,-84,107,1155,-1341,1586,1817,-27,5,-2,-239,-80,671,14933,1371,-54,284,14933,1560000,1524000,1703000,1680000,-210,-23,-288,-32,-238,0,153000,,,,,,,,,,,,,,,,,,,,,,,,,,,,,,,,,,,,,,,,,,,,,,,,,,,,,,,,,,,,,,,,,,,,,,,,,,,,,,,,,,,,,,,,,,,,,,,,,,,,,,,,,,,,,,,,,,,,,,,,,,,,,,,,,,,,,,,,,,,,,,,,,,,,,,,,,,,,,,,,,,,,,,,,,,,,,
22050000,65,-47,66,52,937,-2012,-733,1634,-9,-11,-2,-39,-80,670,14889,1379,-31,280,14889,1540000,1542000,1692000,1693000,-213,211,-294,22103000,266,-95,-109,126,841,-4332,-3357,2733,-33,-8,-4,-119,0,671,14933,1384,-20,284,14933,1552000,1545000,1686000,1686000,-320,59,-443,82,-261,134,173000,,,,,,,,,,,,,,,,,,,,,,,,,,,,,,,,,,,,,,,,,,,,,,,,,,,,,,,,,,,,,,,,,,,,,,,,,,,,,,,,,,,,,,,,,,,,,,,,,,,,,,,,,,,,,,,,,,,,,,,,,,,,,,,,,,,,,,,,,,,,,,,,,,,,,,,,,,,,,,,,,,,,,,,,,,,,,,,,,,,,,,,,,,,,,,,,,,,,
22150000,-46,-148,-56,-9,1211,-5125,-549,2000,-44,-9,-2,-559,40,671,14933,1358,-74,284,14933,1553000,1536000,1693000,1686000,-177,106,-240,22203000,-167,194,-145,93,848,-6773,-610,2916,-79,30,-4,-1079,159,671,14933,1359,25,284,14933,1553000,1548000,1688000,16,0,-279,0,-194,118,153000,,,,,,,,,,,,,,,,,,,,,,,,,,,,,,,,,,,,,,,,,,,,,,,,,,,,,,,,,,,,,,,,,,,,,,,,,,,,,,,,,,,,,,,,,,,,,,,,,,,,,,,,,,,,,,,,,,,,,,,,,,,,,,,,,,,,,,,,,,,,,,,,,,,,,,,,,,,,,,,,,,,,,,,,,,,,,,,,,,,,,,,,,,,,,,,,,,,,,
22250000,-380,98,33,98,833,-10130,-1770,1939,-85,19,-2,-1359,119,671,14933,1368,13,284,14933,1533000,1558000,1691000,1690000,-139,155,-190,212,-136,22303000,-467,124,-170,-16,896,-4149,-2442,2061,-11,21,-4,-599,119,671,14933,1374,31,284,14933,1550000,1540000,1692000,1622350000,-738,-87,-226,-13,1090,-4271,-4028,2427,40,0,-4,-279,80,670,14889,1372,13,280,14889,1541000,1553000,1679000,16,,,,,,,,,,,,,,,,,,,,,,,,,,,,,,,,,,,,,,,,,,,,,,,,,,,,,,,,,,,,,,,,,,,,,,,,,,,,,,,,,,,,,,,,,,,,,,,,,,,,,,,,,,,,,,,,,,,,,,,,,,,,,,,,,,,,,,,,,,,,,,,,,,,,,,,,,,,,,,,,,,,,,,,,,,,,,,,,,,
22403000,-551,-27,-64,-20,918,4151,2745,-379,0,4,-6,-559,80,671,14933,1364,-2,284,14933,1559000,1493000,1717000,1686000,-128,156,-175,213,-176,84,173000,,,,,,,,,,,,,,,,,,,,,,,,,,,,,,,,,,,,,,,,,,,,,,,,,,,,,,,,,,,,,,,,,,,,,,,,,,,,,,,,,,,,,,,,,,,,,,,,,,,,,,,,,,,,,,,,,,,,,,,,,,,,,,,,,,,,,,,,,,,,,,,,,,,,,,,,,,,,,,,,,,,,,,,,,,,,,,,,,,,,,,,,,,,,,,,,,,,,,,,,,,,,,,,,,,,,,,,,,,,,,,,
22450000,-501,133,-69,-110,944,2442,1952,474,-64,22,-4,-1239,119,640,13585,1357,-9,159,13585,1535000,1480000,1689000,1664000,-101,132,-138,179,-144,96,193000,,,,,,,,,,,,,,,,,,,,,,,,,,,,,,,,,,,,,,,,,,,,,,,,,,,,,,,,,,,,,,,,,,,,,,,,,,,,,,,,,,,,,,,,,,,,,,,,,,,,,,,,,,,,,,,,,,,,,,,,,,,,,,,,,,,,,,,,,,,,,,,,,,,,,,,,,,,,,,,,,,,,,,,,,,,,,,,,,,,,,,,,,,,,,,,,,,,,,,,,,,,,,,,,,,,,,,,,,,,,,,,
22503000,-364,308,-90,45,1164,-3416,-1221,1207,-177,-49,-2,-2399,-879,640,13585,1378,60,159,13585,1527000,1484000,1662000,1666000,-115,68,-159,94,-94,128,16300022550000,-500,27,-179,40,1122,-14708,792,1268,-106,-203,2,-1719,-2359,640,13585,1350,-30,159,13585,1495000,1522000,1652000,1622603000,-1121,-31,-55,-130,1328,-8970,11840,1512,125,-278,-2,320,-3159,637,13458,1368,-32,148,13458,1495000,1523000,1666000,16,323,122000,,,,,,,,,,,,,,,,,,,,,,,,,,,,,,,,,,,,,,,,,,,,,,,,,,,,,,,,,,,,,,,,,,,,,,,,,,,,,,,,,,,,,,,,,,,,,,,,,,,,,,,,,,,,,,,,,,,,,,,,,,,,,,,,,,,,,,,,,,,,,,,,,,,,,,,,,,,,,,,,,,,,,,,,,,,,,,,
22650000,-1074,379,-232,127,919,9400,14342,2855,114,-214,0,240,-2840,638,13500,1350,-86,152,13500,1557000,1480000,1655000,1647000,-117,156,-158,211,-461,42,132000,,,,,,,,,,,,,,,,,,,,,,,,,,,,,,,,,,,,,,,,,,,,,,,,,,,,,,,,,,,,,,,,,,,,,,,,,,,,,,,,,,,,,,,,,,,,,,,,,,,,,,,,,,,,,,,,,,,,,,,,,,,,,,,,,,,,,,,,,,,,,,,,,,,,,,,,,,,,,,,,,,,,,,,,,,,,,,,,,,,,,,,,,,,,,,,,,,,,,,,,,,,,,,,,,,,,,,,,,,,,,,,
22703000,34,1024,-97,-82,1071,8912,12511,2000,-6,-95,0,-39,-2120,637,13458,1351,-110,148,13458,1536000,1486000,1664000,1644000,-273,22803000,119,1188,-80,80,1034,-11656,-5432,2611,-160,72,-2,-1719,-360,638,13500,1333,-150,152,13500,1520000,1514000,1652000,1622850000,-488,785,87,-117,1040,-7139,-4822,1329,-110,33,0,-1759,-399,639,13543,1368,-144,155,13543,1525000,1496000,1657000,1622950000,-412,32,-52,171,763,-6773,-2930,596,-124,-11,0,-1839,-160,638,13500,1326,-272,152,13500,1524000,1484000,1665000,1623003000,-923,-288,-151,-158,965,-7200,2257,352,-93,-35,-23050000,-1216,-552,23,169,883,-5125,-1221,1573,-54,-58,-1839,-119,672,14978,1284,-309,287,14978,1559000,1542000,1677000,169623103000,-1302,-320,-212,-84,1109,2320,4332,-1600,-15,-27,-2,-1479,0,671,14933,1279,-278,284,14933,1542000,1510000,1719000,16,8,173000,,,,,,,,,,,,,,,,,,,,,,,,,,,,,,,,,,,,,,,,,,,,,,,,,,,,,,,,,,,,,,,,,,,,,,,,,,,,,,,,,,,,,,,,,,,,,,,,,,,,,
23150000,-902,-158,-85,49,996,3907,1769,-989,-50,-20,0,-1479,-80,672,14978,1258,-302,287,14978,1559000,15023203000,-728,-232,55,-66,755,6531,-1526,-745,-34,-20,0,-1119,0,673,15022,1261,-272,291,15022,1565000,1502000,1698000,1701000,262,31,331,39,289,-82,224000,,,,,,,,,,,,,,,,,,,,,,,,,,,,,,,,,,,,,,,,,,,,,,,,,,,,,,,,,,,,,,,,,,,,,,,,,,,,,,,,,,,,,,,,,,,,,,,,,,,,,,,,,,,,,,,,,,,,,,,,,,,,,,,,,,,,,,,,,,,,,,,,,,,,,,,,,,,,,,,,,,,,,,,,,,,,,,,,,,,,,,,,,,,,,,,,,,,,,,,,,,
23250000,-527,-349,49,-20,789,5677,-3174,-1051,14,-27,-2,-359,40,672,14978,1232,-267,287,14978,1563000,1498000,1699000,1703000,105,-79,129,-97,176,-58,163000,,,,,,,,,,,,,,,,,,,,,,,,,,,,,,,,,,,,,,,,,,,,,,,,,,,,,,,,,,,,,,,,,,,,,,,,,,,,,,,,,,,,,,,,,,,,,,,,,,,,,,,,,,,,,,,,,,,,,,,,,,,,,,,,,,,,,,,,,,,,,,,,,,,,,,,,,,,,,,,,,,,,,,,,,,,,,,,,,,,,,,,,,,,,,,,,,,,,,,,,,,,,,,,,,,,,,,,,,,,,,,,
23303000,-359,-220,-146,-189,1145,4761,609,-1844,27,134,-2,-39,1760,672,14978,1226,-251,287,14971000,1738000,1672000,20,-20,24,-25,9,-103,224000,,,,,,,,,,,,,,,,,,,,,,,,,,,,,,,,,,,,,,,,,,,,,,,,,,,,,,,,,,,,,,,,,,,,,,,,,,,,,,,,,,,,,,,,,,,,,,,,,,,,,,,,,,,,,,,,,,,,,,,,,,,,,,,,,,,,,,,,,,,,,,,,,,,,,,,,,,,,,,,,,,,,,,,,,,,,,,,,,,,,,,,,,,,,,,,,,,,,,,,,,,,,,,,,,,,,,,,,,,,,,,,,,
23350000,151,-209,-256,-90,1135,8240,-3235,-867,-16,334,-2,-39,4039,672,14978,1204,-290,287,14978,1573000,1489000,1736000,1664000,196,23450000,523,-1131,-126,-79,960,1954,-23743,-501,24,257,0,800,4080,670,14889,1199,-270,280,14889,1559000,1507000,1690000,1723503000,308,-2073,111,-67,1207,1282,-14526,-928,39,182,-2,760,4160,669,14844,1152,-321,276,14844,1543000,1514000,1706000,1691000,250,-140,289,-161,504,-162,183000,,,,,,,,,,,,,,,,,,,,,,,,,,,,,,,,,,,,,,,,,,,,,,,,,,,,,,,,,,,,,,,,,,,,,,,,,,,,,,,,,,,,,,,,,,,,,,,,,,,,,,,,,,,,,,,,,,,,,,,,,,,,,,,,,,,,,,,,,,,,,,,,,,,,,,,,,,,,,,,,,,,,,,,,,,,,,,,
23550000,666,-2076,-49,14,1230,6959,-8606,-623,11,139,-2,800,3679,668,14800,1134,-312,271,14800,1561000,1494000,1706000,1683000,37,-7,42,-7,300,-75,214000,,,,,,,,,,,,,,,,,,,,,,,,,,,,,,,,,,,,,,,,,,,,,,,,,,,,,,,,,,,,,,,,,,,,,,,,,,,,,,,,,,,,,,,,,,,,,,,,,,,,,,,,,,,,,,,,,,,,,,,,,,,,,,,,,,,,,,,,,,,,,,,,,,,,,,,,,,,,,,,,,,,,,,,,,,,,,,,,,,,,,,,,,,,,,,,,,,,,,,,,,,,,,,,,,,,,,,,,,,,,,,,
23603000,544,-2336,164,-195,837,1038,-13733,230,-9,61,-2,440,3040,667,14756,1135,-304,267,14751706000,-36,-30,-41,-34,202,-48,204000,,,,,,,,,,,,,,,,,,,,,,,,,,,,,,,,,,,,,,,,,,,,,,,,,,,,,,,,,,,,,,,,,,,,,,,,,,,,,,,,,,,,,,,,,,,,,,,,,,,,,,,,,,,,,,,,,,,,,,,,,,,,,,,,,,,,,,,,,,,,,,,,,,,,,,,,,,,,,,,,,,,,,,,,,,,,,,,,,,,,,,,,,,,,,,,,,,,,,,,,,,,,,,,,,,,,,,,,,,,,,,,,,,,
23650000,624,-2183,52,-105,992,306,-5371,718,-12,11,-2,480,2320,667,14686000,1688000,-70,-164,-79,-184,43,-95,153000,,,,,,,,,,,,,,,,,,,,,,,,,,,,,,,,,,,,,,,,,,,,,,,,,,,,,,,,,,,,,,,,,,,,,,,,,,,,,,,,,,,,,,,,,,,,,,,,,,,,,,,,,,,,,,,,,,,,,,,,,,,,,,,,,,,,,,,,,,,,,,,,,,,,,,,,,,,,,,,,,,,,,,,,,,,,,,,,,,,,,,,,,,,,,,,,,,,,,,,,,,,,,,,,,,,,,,,,,,,,,,,,,,,,,,
23703000,578,-1775,1,-75,1207,-1768,2135,-867,-43,-140,-4,80,159,667,14756,1127,-209,267,14756,1543000,1508000,1687000,1707000,-10,-13623750000,786,-1137,-101,-105,1208,-2684,9520,-440,-61,-88,-2,80,119,669,14844,1092,-224,276,14844,1553000,1510000,1716000,1675000,-44,-184,-49,-201,-113,-84,214000,,,,,,,,,,,,,,,,,,,,,,,,,,,,,,,,,,,,,,,,,,,,,,,,,,,,,,,,,,,,,,,,,,,,,,,,,,,,,,,,,,,,,,,,,,,,,,,,,,,,,,,,,,,,,,,,,,,,,,,,,,,,,,,,,,,,,,,,,,,,,,,,,,,,,,,,,,,,,,,,,,,,,,,,,,,,,,,,,,,,,,,,,,,,,,,,,,,,,,
23803000,333,-787,129,-141,896,-5858,6591,108,9,-58,0,440,119,671,14933,1092,-210,284,14933,1533000,1540000,1693000,1692000,-244,-228,-266,-249,-359,-125,183000,,,,,,,,,,,,,,,,,,,,,,,,,,,,,,,,,,,,,,,,,,,,,,,,,,,,,,,,,,,,,,,,,,,,,,,,,,,,,,,,,,,,,,,,,,,,,,,,,,,,,,,,,,,,,,,,,,,,,,,,,,,,,,,,,,,,,,,,,,,,,,,,,,,,,,,,,,,,,,,,,,,,,,,,,,,,,,,,,,,,,,,,,,,,,,,,,,,,,,,,,,,,,,,,,,,,,,,,,,,,,,,
23850000,147,-122,60,-222,763,977,5065,-440,25,-21,-2,440,-119,671,14933,1093,-221,284,149308000,1701000,1695000,-136,-136,-148,-149,-211,-67,214000,,,,,,,,,,,,,,,,,,,,,,,,,,,,,,,,,,,,,,,,,,,,,,,,,,,,,,,,,,,,,,,,,,,,,,,,,,,,,,,,,,,,,,,,,,,,,,,,,,,,,,,,,,,,,,,,,,,,,,,,,,,,,,,,,,,,,,,,,,,,,,,,,,,,,,,,,,,,,,,,,,,,,,,,,,,,,,,,,,,,,,,,,,,,,,,,,,,,,,,,,,,,,,,,,,,,,,,,,,,,,,,,,
23903000,148,53,41,-25,1217,1527,3478,413,32,-79,0,520,-,-181,-298,-192,-317,-242,-325,224000,,,,,,,,,,,,,,,,,,,,,,,,,,,,,,,,,,,,,,,,,,,,,,,,,,,,,,,,,,,,,,,,,,,,,,,,,,,,,,,,,,,,,,,,,,,,,,,,,,,,,,,,,,,,,,,,,,,,,,,,,,,,,,,,,,,,,,,,,,,,,,,,,,,,,,,,,,,,,,,,,,,,,,,,,,,,,,,,,,,,,,,,,,,,,,,,,,,,,,,,,,,,,,,,,,,,,,,,,,,,,,,,,,,,,,,,,
23950000,478,216,70,-81,1238,916,7689,-135,38,-141,-2,920,-1840,691,15837,10535,163000,,,,,,,,,,,,,,,,,,,,,,,,,,,,,,,,,,,,,,,,,,,,,,,,,,,,,,,,,,,,,,,,,,,,,,,,,,,,,,,,,,,,,,,,,,,,,,,,,,,,,,,,,,,,,,,,,,,,,,,,,,,,,,,,,,,,,,,,,,,,,,,,,,,,,,,,,,,,,,,,,,,,,,,,,,,,,,,,,,,,,,,,,,,,,,,,,,,,,,,,,,,,,,,,,,,,,,,,,,,,,,,,,,,,,,,,,,,,
24003000,431,434,127,-29,1057,-1585,8666,-13,206,-237,0,2800,-3159,703,16392,1073,-89,412,16392,1554000,1593000717000,1731000,-229,-135,-246,-145,-381,-107,183000,,,,,,,,,,,,,,,,,,,,,,,,,,,,,,,,,,,,,,,,,,,,,,,,,,,,,,,,,,,,,,,,,,,,,,,,,,,,,,,,,,,,,,,,,,,,,,,,,,,,,,,,,,,,,,,,,,,,,,,,,,,,,,,,,,,,,,,,,,,,,,,,,,,,,,,,,,,,,,,,,,,,,,,,,,,,,,,,,,,,,,,,,,,,,,,,,,,,,,,,,,,,,,,,,,,,,,,,,,,,,,,,
24050000,105,708,111,-124,1035,10194,14525,-684,315,-252,-2,3720,-3600,704,16438,1072,-17,415,16438,1578000,1560000,1726000,1733000,62,-29324103000,786,1653,-124,-181,996,22950,19103,-2027,283,-208,-2,4040,-4039,703,16392,1072,-13,412,16392,1582000,1534000,1742000,1730000,-137,-243,-147,-261,-470,-644,183000,,,,,,,,,,,,,,,,,,,,,,,,,,,,,,,,,,,,,,,,,,,,,,,,,,,,,,,,,,,,,,,,,,,,,,,,,,,,,,,,,,,,,,,,,,,,,,,,,,,,,,,,,,,,,,,,,,,,,,,,,,,,,,,,,,,,,,,,,,,,,,,,,,,,,,,,,,,,,,,,,,,,,,,,,,,,,,,,,,,,,,,,,,,,,,,,,,,,,,
24150000,1510,2438,-207,-24,897,15992,16051,-4285,255,-143,-2,4440,-4080,703,16392,1065,37,412,16392,1555000,1532000,1765000,1733000,-108,-352,-115,24203000,1704,2635,-52,-77,1140,12086,9826,-74,210,-126,-2,4120,-4080,703,16392,1050,34,412,16392,1580000,1562000,1727000,1724250000,2122,2324,-8,-139,1393,12025,11107,-806,139,-160,-2,3720,-4160,703,16392,1063,135,412,16392,1570000,1560000,1735000,17,-224,-141,-238,-150,-397,-426,163000,,,,,,,,,,,,,,,,,,,,,,,,,,,,,,,,,,,,,,,,,,,,,,,,,,,,,,,,,,,,,,,,,,,,,,,,,,,,,,,,,,,,,,,,,,,,,,,,,,,,,,,,,,,,,,,,,,,,,,,,,,,,,,,,,,,,,,,,,,,,,,,,,,,,,,,,,,,,,,,,,,,,,,,,,,,,,
24303000,2670,2290,-39,158,1146,7874,9154,-196,-103,-58,0,1480,-2960,703,16392,11721000,-254,-209,-266,-219,-414,-346,204000,,,,,,,,,,,,,,,,,,,,,,,,,,,,,,,,,,,,,,,,,,,,,,,,,,,,,,,,,,,,,,,,,,,,,,,,,,,,,,,,,,,,,,,,,,,,,,,,,,,,,,,,,,,,,,,,,,,,,,,,,,,,,,,,,,,,,,,,,,,,,,,,,,,,,,,,,,,,,,,,,,,,,,,,,,,,,,,,,,,,,,,,,,,,,,,,,,,,,,,,,,,,,,,,,,,,,,,,,,,,,,,,,,,,,,
24350000,2075,1949,-83,-10,1410,-4759,6774,-2393,-52,-60,0,1480,-2639,704,16,1083,194,415,16438,1553000,1556000,1741000,1737000,-127,-165,-138,-124403000,1146,1970,-87,-130,982,-59,4821,-1966,-26,14,0,840,-1799,705,16485,1071,248,419,16485,1585000,1533000,1750000,1727000,-41,-81,-44,-87,-125,-80,224000,,,,,,,,,,,,,,,,,,,,,,,,,,,,,,,,,,,,,,,,,,,,,,,,,,,,,,,,,,,,,,,,,,,,,,,,,,,,,,,,,,,,,,,,,,,,,,,,,,,,,,,,,,,,,,,,,,,,,,,,,,,,,,,,,,,,,,,,,,,,,,,,,,,,,,,,,,,,,,,,,,,,,,,,,,,,,,,,,,,,,,,,,,,,,,,,,,,,
24450000,1076,1813,-161,-13,1132,1099,3661,-2882,-135,84,0,-479,-839,705,164824503000,709,1501,82,-39,1142,-15257,-6226,-1173,-107,127,0,-519,-39,705,16485,1111,333,419,16485,1546000,1581000,1739000,1724550000,109,839,185,-51,1232,-13853,-8972,780,-23,62,0,-159,-119,705,16485,1120,328,419,16485,1561000,1591000,1718000,1733000,76,-48,86,-54,210,134,234000,,,,,,,,,,,,,,,,,,,,,,,,,,,,,,,,,,,,,,,,,,,,,,,,,,,,,,,,,,,,,,,,,,,,,,,,,,,,,,,,,,,,,,,,,,,,,,,,,,,,,,,,,,,,,,,,,,,,,,,,,,,,,,,,,,,,,,,,,,,,,,,,,,,,,,,,,,,,,,,,,,,,,,,,,,,,,,,,,,,,,,,,,
24603000,-488,457,-247,37,1110,-2073,-1770,-2149,32,43,-2,-119,40,705,16485,1147,379,419,16485,1575000,1536000,1755000,1728000,241,-44,277,24650000,-393,370,-71,40,827,2747,-2014,-3431,23,56,0,-119,279,708,16626,1159,379,432,16626,1582000,1518000,1767000,1724703000,-487,71,87,-66,1261,-4393,-5493,-745,32,37,-2,-119,360,706,16532,1166,383,423,16532,1565000,1569000,1735000,1738000,128,-105,149,-123,224,-29,204000,,,,,,,,,,,,,,,,,,,,,,,,,,,,,,,,,,,,,,,,,,,,,,,,,,,,,,,,,,,,,,,,,,,,,,,,,,,,,,,,,,,,,,,,,,,,,,,,,,,,,,,,,,,,,,,,,,,,,,,,,,,,,,,,,,,,,,,,,,,,,,,,,,,,,,,,,,,,,,,,,,,,,,,,,,,,,
24750000,-521,-223,243,-216,1416,-5003,-5982,1207,35,8,-4,-119,319,706,16532,1191,412,423,16532,1564000,1591000,1721000,1731000,169,19,201,24803000,-240,-118,-116,37,926,4151,-2564,-1173,10,21,-2,-119,360,706,16532,1221,443,423,16532,1587000,1537000,1744000,1724850000,-12,-55,-148,9,965,2686,-2869,-1600,-12,16,-705,16485,1231,465,419,16485,1590000,1524000,1741000,1739000,266,-2024903000,-111,-441,216,0,922,-5858,-6531,-135,0,-17,1,14933,1267,491,284,14933,1526000,1536000,1690000,1714000,217,-59,24950000,-261,-556,298,-204,1016,-4698,-6287,3160,12,-27,0,-119,240,672,14978,1292,504,287,14978,1547000,1561000,1670000,16,-49,301,-63,307,-25,173000,,,,,,,,,,,,,,,,,,,,,,,,,,,,,,,,,,,,,,,,,,,,,,,,,,,,,,,,,,,,,,,,,,,,,,,,,,,,,,,,,,,,,,,,,,,,,,,,,,,,,,,,,,,,,,,,,,,,,,,,,,,,,,,,,
25003000,-284,-299,-116,80,1064,367,-977,1573,14,-8,-4,-119,200,672,14978,1304,519,287,14978,1551000,1531000,1698000,1690000,259,-3,338,-4,276,25050000,-323,-289,-19,66,1157,1,-3174,1451,17,-18,291,15022,1543000,1541000,1681000,1706000,276,45,374,62,245,25103000,-98,-83,-146,118,721,2015,-2136,352,-1,3,1000,1696000,282,64,391,89,319,29,193000,,,,,,,,,,,,,,,,,,,,,,,,,,,,,,,,,,,,,,,,,,,,,,,,,,,,,,,,,,,,,,,,,,,,,,,,,,,,,,,,,,,,,,,,,,,,,,,,,,,,,,,,,,,,,,,,,,,,,,,,,,,,,,,,,,,,,,,,,,,,,,,,,,,,,,,,,,,,,,,,,,,,,,,,,,,,,,,,,,,,,,,
25150000,-22,-108,-56,116,750,123,-2869,169,-8,1,0,-119,119,6543000,1523000,1697000,1704000,332,80,477,115,359,59,132000,,,,,,,,,,,,,,,,,,,,,,,,,,,,,,,,,,,,,,,,,,,,,,,,,,,,,,,,,,,,,,,,,,,,,,,,,,,,,,,,,,,,,,,,,,,,,,,,,,,,,,,,,,,,,,,,,,,,,,,,,,,,,,,,,,,,,,,,,,,,,,,,,,,,,,,,,,,,,,,,,,,,,,,,,,,,,,,,,,,,,,,,,,,,,,,,,,,,,,,,,,,,,,,,,,,,,,,,,,,,,,,,,,,,,
25203000,171,-71,-32,68,914,3419,-3845,108,-28,168,-2,284,14933,1557000,1503000,1713000,1687000,284,107,410,154,351,25250000,334,-173,-37,174,847,2564,-12817,841,-71,518,-2,-479,6120,635,13374,1473,547,139,13374,1565000,1506000,1739000,165,0,142000,,,,,,,,,,,,,,,,,,,,,,,,,,,,,,,,,,,,,,,,,,,,,,,,,,,,,,,,,,,,,,,,,,,,,,,,,,,,,,,,,,,,,,,,,,,,,,,,,,,,,,,,,,,,,,,,,,,,,,,,,,,,,,,,,,,,,,,,,,,,,,,,,,,,,,,,,,,,,,,,,,,,,,,,,,,,,,,,,,,,,,,,,,,,,,,,,,,,,,,,,,,,,
25303000,305,-449,-211,-79,1305,-2562,-21973,-623,-40,554,-2,-159,6799,635,13374,1488,570,139,13374,1491000,1477000,1679000,1665000,298,-2,444,-3,681,42,142000,,,,,,,,,,,,,,,,,,,,,,,,,,,,,,,,,,,,,,,,,,,,,,,,,,,,,,,,,,,,,,,,,,,,,,,,,,,,,,,,,,,,,,,,,,,,,,,,,,,,,,,,,,,,,,,,,,,,,,,,,,,,,,,,,,,,,,,,,,,,,,,,,,,,,,,,,,,,,,,,,,,,,,,,,,,,,,,,,,,,,,,,,,,,,,,,,,,,,,,,,,,,,,,,,,,,,,,,,,,,,,,
25350000,117,-1680,-149,128,1071,-1646,-30762,902,77,216,0,1000,4160,635,13374,1542,545,139,13374,1500000,1494000,1630000,1693000,3025403000,-264,-2906,-43,107,950,6898,-10864,474,75,81,-2,600,3839,634,13332,1540,500,136,13332,1520000,1463000,1680000,1648000,407,2,627,4,596,-117,163000,,,,,,,,,,,,,,,,,,,,,,,,,,,,,,,,,,,,,,,,,,,,,,,,,,,,,,,,,,,,,,,,,,,,,,,,,,,,,,,,,,,,,,,,,,,,,,,,,,,,,,,,,,,,,,,,,,,,,,,,,,,,,,,,,,,,,,,,,,,,,,,,,,,,,,,,,,,,,,,,,,,,,,,,,,,,,,,,,,,,,,,,,,,,,,,,,,,,,,,
25450000,-192,-2747,-191,128,1337,4456,-2136,2366,34,126,-2,200,4200,635,13374,1583,510,139,13374,1517000,1502000,1673000,1634000,213,73,337,115,236,-84,183000,,,,,,,,,,,,,,,,,,,,,,,,,,,,,,,,,,,,,,,,,,,,,,,,,,,,,,,,,,,,,,,,,,,,,,,,,,,,,,,,,,,,,,,,,,,,,,,,,,,,,,,,,,,,,,,,,,,,,,,,,,,,,,,,,,,,,,,,,,,,,,,,,,,,,,,,,,,,,,,,,,,,,,,,,,,,,,,,,,,,,,,,,,,,,,,,,,,,,,,,,,,,,,,,,,,,,,,,,,,,,,,
25503000,182,-2132,-6,109,910,-1463,-7630,2427,-5,246,0,120,4959,634,13332,1600,468,136,13332,1515000,1509000,1654000,1650000,211,3,337,6,344,29,142000,,,,,,,,,,,,,,,,,,,,,,,,,,,,,,,,,,,,,,,,,,,,,,,,,,,,,,,,,,,,,,,,,,,,,,,,,,,,,,,,,,,,,,,,,,,,,,,,,,,,,,,,,,,,,,,,,,,,,,,,,,,,,,,,,,,,,,,,,,,,,,,,,,,,,,,,,,,,,,,,,,,,,,,,,,,,,,,,,,,,,,,,,,,,,,,,,,,,,,,,,,,,,,,,,,,,,,,,,,,,,,,
25550000,-36,-1912,-7,-16,984,-4088,-14282,2489,10,335,-2,80,5760,635,13374,1624,411,139,13374,1506000,1516000,1658000,1600,152,44,246,72,432,59,142000,,,,,,,,,,,,,,,,,,,,,,,,,,,,,,,,,,,,,,,,,,,,,,,,,,,,,,,,,,,,,,,,,,,,,,,,,,,,,,,,,,,,,,,,,,,,,,,,,,,,,,,,,,,,,,,,,,,,,,,,,,,,,,,,,,,,,,,,,,,,,,,,,,,,,,,,,,,,,,,,,,,,,,,,,,,,,,,,,,,,,,,,,,,,,,,,,,,,,,,,,,,,,,,,,,,,,,,,,,,,,,,
25603000,44,-2204,107,32,911,-2501,-20935,4075,-3,247,-4,0,5040,635,13374,1663,449,139,13374,1527000,1518000,1617000,1665000,224,-1,373,25650000,226,-2400,-42,73,1036,-792,-13184,2611,-23,-76,0,-39,1520,593,11663,1671,395,0,11663,1523000,1503000,1619000,16136,71,228,118,467,76,173000,,,,,,,,,,,,,,,,,,,,,,,,,,,,,,,,,,,,,,,,,,,,,,,,,,,,,,,,,,,,,,,,,,,,,,,,,,,,,,,,,,,,,,,,,,,,,,,,,,,,,,,,,,,,,,,,,,,,,,,,,,,,,,,,,,,,,,,,,,,,,,,,,,,,,,,,,,,,,,,,,,,,,,,,,,,,,,,,,,,,,,,,,,,,,,,,,,,,,
25703000,-27,-3063,272,18,644,-3477,4393,3587,2,-235,0,0,360,562,10476,1682,0,10476,1440000,1441000,1579000,1571000,93,58,157,98,16,25750000,-358,-1948,-172,-45,854,-3721,21117,3892,27,-142,-69,1434000,1425000,1610000,1514000,-114,46,-194,79,-342,108,19300025803000,-807,-715,19,-31,1135,-609,11473,5662,63,-41,-4,-79,240,602,12020,1695,126,7,12020,1495000,1488000,1593000,15,28,-186,47,-310,38,173000,,,,,,,,,,,,,,,,,,,,,,,,,,,,,,,,,,,,,,,,,,,,,,,,,,,,,,,,,,,,,,,,,,,,,,,,,,,,,,,,,,,,,,,,,,,,,,,,,,,,,,,,,,,,,,,,,,,,,,,,,,,,,,,,,,,,,,,,,,,,,,,,,,,,,,,,,,,,,,,,,,,,,,,,,,,,,,
25850000,-202,88,-104,69,672,5860,6591,4381,21,18,-2,40,119,602,12020,1710,9,7,12020,1528000,1463000,1620000,1589000,-213,-16,-364,-28,-243,25903000,70,642,-118,117,691,-242,5797,3221,-9,73,-6,-39,200,602,12020,1710,-73,7,12020,1494000,1476000,1631000,1525950000,-123,699,104,-147,767,-2867,2440,3953,7,74,-6,-39,159,602,12020,1692,-139,7,12020,1492000,1492000,1617000,1595000,-200,37,-340,63,-207,78,153000,,,,,,,,,,,,,,,,,,,,,,,,,,,,,,,,,,,,,,,,,,,,,,,,,,,,,,,,,,,,,,,,,,,,,,,,,,,,,,,,,,,,,,,,,,,,,,,,,,,,,,,,,,,,,,,,,,,,,,,,,,,,,,,,,,,,,,,,,,,,,,,,,,,,,,,,,,,,,,,,,,,,,,,,,,,
26003000,-320,116,77,34,809,1,1891,3648,24,27,0,-39,200,633,13290,1673,-253,132,13290,1515000,1511000,1628000,1613000,-138,0,-232,26050000,179,-49,-175,-96,1237,2564,914,4625,-22,2,80,638,13500,1648,-344,152,13500,1562000,1517000,1626000,1625000,-126103000,139,-117,16,19,1167,2808,6163,1878,-19,-27,0,-79,-199,635,13374,1626,-367,139,13374,1535000,1504000,1654000,1626150000,-47,-296,-224,-59,1178,-1341,4638,3160,7,-224,0,40,-2279,636,13416,1611,-454,143,13416,1534000,1527000,1621000,16,101,163000,,,,,,,,,,,,,,,,,,,,,,,,,,,,,,,,,,,,,,,,,,,,,,,,,,,,,,,,,,,,,,,,,,,,,,,,,,,,,,,,,,,,,,,,,,,,,,,,,,,,,,,,,,,,,,,,,,,,,,,,,,,,,,,,,,,,,,,,,,,,,,,,,,,,,,,,,,,,
26203000,-454,-322,-87,-124,801,4212,21788,1634,78,-342,-2,440,-3600,638,13500,1600,-447,152,13500,1526000,1513000,1662000,1629000,-171,35,-274,56,-551,-38,153000,,,,,,,,,,,,,,,,,,,,,,,,,,,,,,,,,,,,,,,,,,,,,,,,,,,,,,,,,,,,,,,,,,,,,,,,,,,,,,,,,,,,,,,,,,,,,,,,,,,,,,,,,,,,,,,,,,,,,,,,,,,,,,,,,,,,,,,,,,,,,,,,,,,,,,,,,,,,,,,,,,,,,,,,,,,,,,,,,,,,,,,,,,,,,,,,,,,,,,,,,,,,,,,,,,,,,,,,,,,,,,,
26250000,-401,487,-124,-120,793,4945,28930,1939,122,-425,-2,1000,-5360,637,13458,1566,-486,148,13458,1529000,1519000,1658000,1630000,-185,155,-290,242,-663,16,142000,,,,,,,,,,,,,,,,,,,,,,,,,,,,,,,,,,,,,,,,,,,,,,,,,,,,,,,,,,,,,,,,,,,,,,,,,,,,,,,,,,,,,,,,,,,,,,,,,,,,,,,,,,,,,,,,,,,,,,,,,,,,,,,,,,,,,,,,,,,,,,,,,,,,,,,,,,,,,,,,,,,,,,,,,,,,,,,,,,,,,,,,,,,,,,,,,,,,,,,,,,,,,,,,,,,,,,,,,,,,,,,
26303000,-74,1207,213,-113,640,15015,33141,1878,208,-453,-2,2320,-6399,639,13543,1549,-480,155,13543,1551000,1502000,1665000,1625000,-358,23,-556,36,-820,1,0,,,,,,,,,,,,,,,,,,,,,,,,,,,,,,,,,,,,,,,,,,,,,,,,,,,,,,,,,,,,,,,,,,,,,,,,,,,,,,,,,,,,,,,,,,,,,,,,,,,,,,,,,,,,,,,,,,,,,,,,,,,,,,,,,,,,,,,,,,,,,,,,,,,,,,,,,,,,,,,,,,,,,,,,,,,,,,,,,,,,,,,,,,,,,,,,,,,,,,,,,,,,,,,,,,,,,,,,,,,,,,,
26350000,374,2132,175,-329,888,16968,32897,1329,159,-375,-2,2200,-6439,657,14317,1533,-500,228,14317,1577000,1507000,1692000,1636000,-320,-10,-491,-16,-840,-271,122000,,,,,,,,,,,,,,,,,,,,,,,,,,,,,,,,,,,,,,,,,,,,,,,,,,,,,,,,,,,,,,,,,,,,,,,,,,,,,,,,,,,,,,,,,,,,,,,,,,,,,,,,,,,,,,,,,,,,,,,,,,,,,,,,,,,,,,,,,,,,,,,,,,,,,,,,,,,,,,,,,,,,,,,,,,,,,,,,,,,,,,,,,,,,,,,,,,,,,,,,,,,,,,,,,,,,,,,,,,,,,,,
26403000,1198,3152,-29,-308,1387,15931,26427,596,-24,-210,2,920,-5560,657,14317,1498,-499,228,14317,1582000,1493000,1687000,1645000,-152,826450000,1604,3525,32,-18,1123,4212,17150,169,-126,-104,0,160,-4720,658,14360,1477,-480,231,14360,1567000,1508000,1686000,1626503000,894,3426,125,21,1141,-6712,8117,-379,-4,-46,-4,840,-3960,658,14360,1439,-520,231,14360,1522000,1544000,1686000,16,-59,122,-85,175,-201,239,183000,,,,,,,,,,,,,,,,,,,,,,,,,,,,,,,,,,,,,,,,,,,,,,,,,,,,,,,,,,,,,,,,,,,,,,,,,,,,,,,,,,,,,,,,,,,,,,,,,,,,,,,,,,,,,,,,,,,,,,,,,,,,,,,,,,,,,,,,,,,,,,,,,,,,,,,,,,,,,,,,,,,,,,,,,,,,,,,
26550000,291,3227,74,116,1125,4151,4638,-318,-84,110,-2,-679,-1959,660,14448,13926603000,423,2797,-13,96,1008,-2928,-5554,1390,-221,219,-4,-2119,-279,660,14448,1365,-624,240,14448,1568000,1528000,1679000,1653000,-62,96,-84,132,34,147,132000,,,,,,,,,,,,,,,,,,,,,,,,,,,,,,,,,,,,,,,,,,,,,,,,,,,,,,,,,,,,,,,,,,,,,,,,,,,,,,,,,,,,,,,,,,,,,,,,,,,,,,,,,,,,,,,,,,,,,,,,,,,,,,,,,,,,,,,,,,,,,,,,,,,,,,,,,,,,,,,,,,,,,,,,,,,,,,,,,,,,,,,,,,,,,,,,,,,,,,,,,,,,,,,
26650000,499,1717,123,115,733,-17454,-14588,596,-267,153,0,-2559,40,668,14800,1346,-614,271,14800,1540000,1567000,1671000,1682000,13,134,17,26703000,-404,777,-136,73,1084,-20994,-17700,2916,-195,67,-2,-2639,0,679,15291,1299,-647,316,15291,1566000,1576000,1655000,1626750000,-1179,243,-72,-143,874,-17088,-10193,2122,-127,21,-2,-2639,0,677,15202,1266,-636,307,15202,1566000,1581000,1671000,1626803000,-1459,-100,131,25,1146,-5858,-2380,657,-99,-5,0,-2599,40,679,15291,1250,-597,316,15291,1587000,1546000,1696000,162,159,53,199,84,262,142000,,,,,,,,,,,,,,,,,,,,,,,,,,,,,,,,,,,,,,,,,,,,,,,,,,,,,,,,,,,,,,,,,,,,,,,,,,,,,,,,,,,,,,,,,,,,,,,,,,,,,,,,,,,,,,,,,,,,,,,,,,,,,,,,,,,,,,,,,,,,,,,,,,,,,,,
26850000,-1585,-277,41,-56,1,-5308,-3723,-1356,-60,-24,0,-2279,0,680,15337,1215,-5726903000,-1475,66,-138,-27,893,-9459,-1465,2061,10,82,-2,-1359,879,682,15427,1197,-542,327,15427,1561000,1593000,1701000,1656000,66,97,79,116,91,262,142000,,,,,,,,,,,,,,,,,,,,,,,,,,,,,,,,,,,,,,,,,,,,,,,,,,,,,,,,,,,,,,,,,,,,,,,,,,,,,,,,,,,,,,,,,,,,,,,,,,,,,,,,,,,,,,,,,,,,,,,,,,,,,,,,,,,,,,,,,,,,,,,,,,,,,,,,,,,,,,,,,,,,,,,,,,,,,,,,,,,,,,,,,,,,,,,,,,,,,,,,,,,,,,
26950000,-1359,167,4,196,942,-487,-6958,963,125,203,-2,80,2159,682,15427,1197,-502,327,15427,1569000,1576000,1693000,1681000,100,248,119,27003000,-1095,163,-135,-39,953,5311,-15869,474,154,241,-2,680,2600,682,15427,1148,-477,327,15427,1578000,1561000,1687000,16,0,-19,0,260,-92,173000,,,,,,,,,,,,,,,,,,,,,,,,,,,,,,,,,,,,,,,,,,,,,,,,,,,,,,,,,,,,,,,,,,,,,,,,,,,,,,,,,,,,,,,,,,,,,,,,,,,,,,,,,,,,,,,,,,,,,,,,,,,,,,,,,,,,,,,,,,,,,,,,,,,,,,,,,,,,,,,,,,,,,,,,,,,,,,,,,,,,,,,,,,,,,,,,,,,,,
27050000,-207,-671,100,-118,1272,7935,-17029,2122,46,192,-2,320,2879,682,15427,1132,-461,327,15427,1584000,1577000,1679000,1681000,102,312,116,353,427,27103000,498,-1074,-158,127,1037,5616,-10010,-257,-22,94,0,240,2159,683,15472,1116,-451,332,15472,1581000,1547000,1695000,1627150000,459,-1429,-71,-121,1054,794,-3174,-1966,-15,-27,0,280,1120,704,16438,1086,-439,415,16438,1584000,1543000,1719000,17204000,,,,,,,,,,,,,,,,,,,,,,,,,,,,,,,,,,,,,,,,,,,,,,,,,,,,,,,,,,,,,,,,,,,,,,,,,,,,,,,,,,,,,,,,,,,,,,,,,,,,,,,,,,,,,,,,,,,,,,,,,,,,,,,,,,,,,,,,,,,,,,,,,,,,,,,,,,,,,,,,,,,,,,,,,,,,,,,,,,
27203000,326,-1458,118,93,1160,-914,-1099,1207,-14,-60,-2,160,760,704,16438,1062,-403,415,16438,1605000,1592000,1707000,1703000,0,139,0,148,19,155,193000,,,,,,,,,,,,,,,,,,,,,,,,,,,,,,,,,,,,,,,,,,,,,,,,,,,,,,,,,,,,,,,,,,,,,,,,,,,,,,,,,,,,,,,,,,,,,,,,,,,,,,,,,,,,,,,,,,,,,,,,,,,,,,,,,,,,,,,,,,,,,,,,,,,,,,,,,,,,,,,,,,,,,,,,,,,,,,,,,,,,,,,,,,,,,,,,,,,,,,,,,,,,,,,,,,,,,,,,,,,,,,,
27250000,140,-651,-261,-92,1048,3175,6102,47,5,-28,-2,200,319,705,16485,1054,-349,419,16485,1607000,1576000,1727000,1698000,85,187,27303000,285,-216,183,37,1103,733,-61,108,-14,-4,0,120,159,705,16485,1008,-345,419,16485,1601000,1585000,1706000,1717000,32,63,32,63,33,50,234000,,,,,,,,,,,,,,,,,,,,,,,,,,,,,,,,,,,,,,,,,,,,,,,,,,,,,,,,,,,,,,,,,,,,,,,,,,,,,,,,,,,,,,,,,,,,,,,,,,,,,,,,,,,,,,,,,,,,,,,,,,,,,,,,,,,,,,,,,,,,,,,,,,,,,,,,,,,,,,,,,,,,,,,,,,,,,,,,,,,,,,,,,,,,,,,,,,,,,
27350000,275,-75,-65,-79,1067,-3599,-855,1146,-17,3,-2,80,119,706,165300,1706000,1710000,-58,111,-57,110,-57,76,224000,,,,,,,,,,,,,,,,,,,,,,,,,,,,,,,,,,,,,,,,,,,,,,,,,,,,,,,,,,,,,,,,,,,,,,,,,,,,,,,,,,,,,,,,,,,,,,,,,,,,,,,,,,,,,,,,,,,,,,,,,,,,,,,,,,,,,,,,,,,,,,,,,,,,,,,,,,,,,,,,,,,,,,,,,,,,,,,,,,,,,,,,,,,,,,,,,,,,,,,,,,,,,,,,,,,,,,,,,,,,,,,,,,,,,
27403000,287,-70,61,109,1133,-242,914,-2210,-11,-20,-2,160,-160,705,16485,988,-244,419,16485,1589000,1563000,1728000,1723000,75,27450000,178,-514,217,-158,1255,-5736,365,596,-1,-118,16579,986,-212,428,16579,1584000,1610000,1709000,1714000,-11,75,27503000,410,38,-134,38,1305,1099,7811,-3065,-14,-80,-2,240,-959,707,16579,987,-158,428,16579,1591000,1555000,1746000,17,255000,,,,,,,,,,,,,,,,,,,,,,,,,,,,,,,,,,,,,,,,,,,,,,,,,,,,,,,,,,,,,,,,,,,,,,,,,,,,,,,,,,,,,,,,,,,,,,,,,,,,,,,,,,,,,,,,,,,,,,,,,,,,,,,,,,,,,,,,,,,,,,,,,,,,,,,,,,,,,,,,,,,,,,,,,,,,,,,,,,,,,,
27550000,304,584,-89,-80,863,-3905,9642,-989,-9,-57,-2,200,-1239,706,16532,968,-117,423,16532,1589000,1581000,127603000,244,604,-56,123,1109,306,4332,-1783,-3,-58,-4,200,-1280,706,16532,969,-67,423,16532,1592000,1564000,1727000,1725000,-16,173,-16,168,-92,168,244000,,,,,,,,,,,,,,,,,,,,,,,,,,,,,,,,,,,,,,,,,,,,,,,,,,,,,,,,,,,,,,,,,,,,,,,,,,,,,,,,,,,,,,,,,,,,,,,,,,,,,,,,,,,,,,,,,,,,,,,,,,,,,,,,,,,,,,,,,,,,,,,,,,,,,,,,,,,,,,,,,,,,,,,,,,,,,,,,,,,,,,,,,,,,,,,,,,,,,,,,,
27650000,-21,259,-86,-90,1022,-1768,6957,-2149,54,-144,-2,600,-1920,679,152909000,1697000,4,-31,4,-31,-76,95,244000,,,,,,,,,,,,,,,,,,,,,,,,,,,,,,,,,,,,,,,,,,,,,,,,,,,,,,,,,,,,,,,,,,,,,,,,,,,,,,,,,,,,,,,,,,,,,,,,,,,,,,,,,,,,,,,,,,,,,,,,,,,,,,,,,,,,,,,,,,,,,,,,,,,,,,,,,,,,,,,,,,,,,,,,,,,,,,,,,,,,,,,,,,,,,,,,,,,,,,,,,,,,,,,,,,,,,,,,,,,,,,,,,,,,,,
27703000,-204,227750000,25,650,46,146,1077,2198,9032,291,50,-89,0,600,-1679,675,15112,990,66,300,15112,1565000,1552000,1689000,1627803000,91,962,-37,-109,937,3541,5675,-623,9,21,0,200,-720,674,15067,1005,98,296,15067,1562000,1540000,1697000,16,-1,70,-100,8,244000,,,,,,,,,,,,,,,,,,,,,,,,,,,,,,,,,,,,,,,,,,,,,,,,,,,,,,,,,,,,,,,,,,,,,,,,,,,,,,,,,,,,,,,,,,,,,,,,,,,,,,,,,,,,,,,,,,,,,,,,,,,,,,,,,,,,,,,,,,,,,,,,,,,,,,,,,,,,,,,,,,,,,,,,,,,,,,,,,,,,,,,,,,,,,,,,,,,,,,,,
27850000,67,1270,-84,-20,867,3175,-1099,-196,8,96,0,160,-160,674,15067,979,78,2960,255000,,,,,,,,,,,,,,,,,,,,,,,,,,,,,,,,,,,,,,,,,,,,,,,,,,,,,,,,,,,,,,,,,,,,,,,,,,,,,,,,,,,,,,,,,,,,,,,,,,,,,,,,,,,,,,,,,,,,,,,,,,,,,,,,,,,,,,,,,,,,,,,,,,,,,,,,,,,,,,,,,,,,,,,,,,,,,,,,,,,,,,,,,,,,,,,,,,,,,,,,,,,,,,,,,,,,,,,,,,,,,,,,,,,,,,,,,,
27903000,24,679,16,95,1232,-609,-4822,1634,18,48,-2,240,-119,673,15022,982,60,291,15022,1566000,1562000,1675000,1675000,91,67,90,66,176,78,234000,,,,,,,,,,,,,,,,,,,,,,,,,,,,,,,,,,,,,,,,,,,,,,,,,,,,,,,,,,,,,,,,,,,,,,,,,,,,,,,,,,,,,,,,,,,,,,,,,,,,,,,,,,,,,,,,,,,,,,,,,,,,,,,,,,,,,,,,,,,,,,,,,,,,,,,,,,,,,,,,,,,,,,,,,,,,,,,,,,,,,,,,,,,,,,,,,,,,,,,,,,,,,,,,,,,,,,,,,,,,,,,
27950000,230,474,0,79,1124,2503,-4151,2122,-2,30,0,200,-119,28003000,313,487,26,-65,1058,3724,-3601,780,0,46,0,320,40,675,15112,998,89,300,15112,1576000,1550000,1687000,1676000,124,56,123,55,186,-8,244000,,,,,,,,,,,,,,,,,,,,,,,,,,,,,,,,,,,,,,,,,,,,,,,,,,,,,,,,,,,,,,,,,,,,,,,,,,,,,,,,,,,,,,,,,,,,,,,,,,,,,,,,,,,,,,,,,,,,,,,,,,,,,,,,,,,,,,,,,,,,,,,,,,,,,,,,,,,,,,,,,,,,,,,,,,,,,,,,,,,,,,,,,,,,,,,,,,,,,,,,,,,,,,,,,
28050000,332,360,-120,-62,1092,1099,-244,108,16,17,-2,520,-160,671,14933,1014,95,284,14933,1574000,1535000,1694000,1671000,34,-162,34,28103000,247,163,24,102,1136,-975,-2014,1695,9,14,0,360,0,672,14978,1014,102,287,14978,1569000,1564000,1676000,1628150000,246,-13,38,35,890,2198,-3784,1756,13,-1,-2,400,0,672,14978,1014,60,287,14978,1570000,1563000,1662000,1684000,189,123,192,124,172,16,234000,,,,,,,,,,,,,,,,,,,,,,,,,,,,,,,,,,,,,,,,,,,,,,,,,,,,,,,,,,,,,,,,,,,,,,,,,,,,,,,,,,,,,,,,,,,,,,,,,,,,,,,,,,,,,,,,,,,,,,,,,,,,,,,,,,,,,,,,,,,,,,,,,,,,,,,,,,,,,,,,,,,,,,,,,,,,,
28203000,467,-70,-88,-85,1006,3663,243,352,-9,0,0,360,80,646,13841,1025,56,184,13841,1556000,1517000,1669000,1656000,188,63,192,65,183,0,234000,,,,,,,,,,,,,,,,,,,,,,,,,,,,,,,,,,,,,,,,,,,,,,,,,,,,,,,,,,,,,,,,,,,,,,,,,,,,,,,,,,,,,,,,,,,,,,,,,,,,,,,,,,,,,,,,,,,,,,,,,,,,,,,,,,,,,,,,,,,,,,,,,,,,,,,,,,,,,,,,,,,,,,,,,,,,,,,,,,,,,,,,,,,,,,,,,,,,,,,,,,,,,,,,,,,,,,,,,,,,,,,
28250000,457,-178,-18,-11,904,367,1342,-74,-12,-8,0,320,80,644,13756,1027,108,175,1375150,2,154,2,237,0,204000,,,,,,,,,,,,,,,,,,,,,,,,,,,,,,,,,,,,,,,,,,,,,,,,,,,,,,,,,,,,,,,,,,,,,,,,,,,,,,,,,,,,,,,,,,,,,,,,,,,,,,,,,,,,,,,,,,,,,,,,,,,,,,,,,,,,,,,,,,,,,,,,,,,,,,,,,,,,,,,,,,,,,,,,,,,,,,,,,,,,,,,,,,,,,,,,,,,,,,,,,,,,,,,,,,,,,,,,,,,,,,,,,,,,
28303000,156,-248,133,8,1009,-1646,-2442,3099,17,-18,-2,360,40,644,13756,1019,30,175,13756,1545000,1549000,1634000,1641000,98,-19,100,-20,28350000,77,-151,181,84,1101,2625,-366,3587,24,-2,-2,360,119,645,13798,1032,35,179,13798,1559000,1544000,1633000,1628403000,113,53,-21,113,960,5372,914,2061,21,15,12,360,119,651,14056,1028,6,204,14056,1561000,1532000,1646000,1628450000,180,140,51,116,758,2137,-1953,963,15,22,0,360,119,644,13756,1034,29,175,13756,1536000,1534000,1650000,1628503000,368,310,-80,-50,830,5555,-2258,1512,2,30,13798,1027,-27,179,13798,1562000,1516000,1649000,1643000,146,12,28550000,939,182,25,185,871,4822,-1099,-13,-47,19,1039,32,179,13798,1561000,1495000,1656000,1653000,202,25,210,228603000,944,132,-86,-164,1021,-2867,1159,-257,-50,18,0,360,80,645,13798,1030,-13,179,13798,1530000,1525000,1668000,16,122,255000,,,,,,,,,,,,,,,,,,,,,,,,,,,,,,,,,,,,,,,,,,,,,,,,,,,,,,,,,,,,,,,,,,,,,,,,,,,,,,,,,,,,,,,
28650000,716,139,-108,10,832,-2440,1647,291,-34,22,0,320,119,645,13798,1014,-44,179,13798,1548000,1510,260,-77,264,-78,303,0,244000,,,,,,,,,,,,,,,,,,,,,,,,,,,,,,,,,,,,,,,,,,,,,,,,,,,,,,,,,,,,,,,,,,,,,,,,,,,,,,,,,,,,,,,,,,,,,,,,,,,,,,,,,,,,,,,,,,,,,,,,,,,,,,,,,,,,,,,,,,,,,,,,,,,,,,,,,,,,,,,,,,,,,,,,,,,,,,,,,,,,,,,,,,,,,,,,,,,,,,,,,,,,,,,,,,,,,,,,,,,,,,,,,
28703000,48,-121,80,-237,692,-1097,-1160,47,30,0,-2,400,119,644,13756,1028,-70,175,13756,1538000,1519000,1658000,1649000,344,-27,354,-228750000,-12,19,148,-103,868,3358,-549,1451,32,8,-2,360,80,645,13798,1006,-148,179,13798,1567000,1513000,1653000,1638000,252,-44,254,-44,295,0,255000,,,,,,,,,,,,,,,,,,,,,,,,,,,,,,,,,,,,,,,,,,,,,,,,,,,,,,,,,,,,,,,,,,,,,,,,,,,,,,,,,,,,,,,,,,,,,,,,,,,,,,,,,,,,,,,,,,,,,,,,,,,,,,,,,,,,,,,,,,,,,,,,,,,,,,,,,,,,,,,,,,,,,,,,,,,,,,,,,,,,,,,,,,,,,,,,,,,,
28803000,201,123,21,-144,1056,-3966,-1648,1451,13,14,0,360,40,646,13841,980,-197,184,13841,1534000,1544000,1642000,1643000,157,-43,153,28850000,341,131,106,-219,1082,-6529,-1953,1939,1,18,0,360,80,657,14317,984,-191,228,14317,1544000,1572000,1653000,1628903000,378,175,43,107,779,-3416,-2319,2122,-1,22,-2,360,80,668,14800,978,-217,271,14800,1573000,1568000,1666000,1659000,358,-16,350,-15,399,43,255000,,,,,,,,,,,,,,,,,,,,,,,,,,,,,,,,,,,,,,,,,,,,,,,,,,,,,,,,,,,,,,,,,,,,,,,,,,,,,,,,,,,,,,,,,,,,,,,,,,,,,,,,,,,,,,,,,,,,,,,,,,,,,,,,,,,,,,,,,,,,,,,,,,,,,,,,,,,,,,,,,,,,,,,,,,,,,
28950000,350,11,99,65,1040,-59,-2503,1268,0,7,-2,360,80,669,14842,121,353,118,362,75,255000,,,,,,,,,,,,,,,,,,,,,,,,,,,,,,,,,,,,,,,,,,,,,,,,,,,,,,,,,,,,,,,,,,,,,,,,,,,,,,,,,,,,,,,,,,,,,,,,,,,,,,,,,,,,,,,,,,,,,,,,,,,,,,,,,,,,,,,,,,,,,,,,,,,,,,,,,,,,,,,,,,,,,,,,,,,,,,,,,,,,,,,,,,,,,,,,,,,,,,,,,,,,,,,,,,,,,,,,,,,,,,,,,,,,,,,,
29003000,251,-20,-219,-73,1054,1832,3234,-989,12,1,-4,400,40,670,14889,952,-206,280,14889,1567000,1534000,1697000,1668000,395,133,376,127,33,,,,,,,,,,,,,,,,,,,,,,,,,,,,,,,,,,,,,,,,,,,,,,,,,,,,,,,,,,,,,,,,,,,,,,,,,,,,,,,,,,,,,,,,,,,,,,,,,,,,,,,,,,,,,,,,,,,,,,,,,,,,,,,,,,,,,,,,,,,,,,,,,,,,,,,,,,,,,,,,,,,,,,,,,,,,,,,,,,,,,,,,,,,,,,,,,,,,,,,,,,,,,,,,,,,,,,,,,,,,,,,,,
29050000,170,14,-251,-213,1338,977,2135,-1600,16,8,-2,360,80,669,14844,971,-170,276,14844,1567000,1525000,1699000,29103000,166,-402,246,-17,959,-3477,-3784,1268,16,-28,0,360,80,671,14933,946,-157,284,14933,1566000,1572000,1658000,1680000,331,-17,313,-16,397,43,244000,,,,,,,,,,,,,,,,,,,,,,,,,,,,,,,,,,,,,,,,,,,,,,,,,,,,,,,,,,,,,,,,,,,,,,,,,,,,,,,,,,,,,,,,,,,,,,,,,,,,,,,,,,,,,,,,,,,,,,,,,,,,,,,,,,,,,,,,,,,,,,,,,,,,,,,,,,,,,,,,,,,,,,,,,,,,,,,,,,,,,,,,,,,,,,,,,,,,,,,,
29150000,78,-188,198,128,1177,-3355,-1221,1817,21,-6,-2,320,119,670,148864000,1668000,390,124,369,117,371,126,255000,,,,,,,,,,,,,,,,,,,,,,,,,,,,,,,,,,,,,,,,,,,,,,,,,,,,,,,,,,,,,,,,,,,,,,,,,,,,,,,,,,,,,,,,,,,,,,,,,,,,,,,,,,,,,,,,,,,,,,,,,,,,,,,,,,,,,,,,,,,,,,,,,,,,,,,,,,,,,,,,,,,,,,,,,,,,,,,,,,,,,,,,,,,,,,,,,,,,,,,,,,,,,,,,,,,,,,,,,,,,,,,,,,,,,,
29203000,-372,240,-158,-181,1002,977,2135,-1051,63,27,0,360,80,672,14978,927,-121,287,14978,1562000,1544000,1693000,1672000,384,-12,29250000,-290,312,-142,-82,891,1527,1220,-1600,53,37,0,320,119,671,14933,915,-151,284,14933,1558000,1541000,1701000,1629303000,-168,328,31,107,1141,367,-2503,-135,46,35,0,360,80,673,15022,905,-118,291,15022,1563000,1560000,1681000,1677000,398,6,360,5,441,0,214000,,,,,,,,,,,,,,,,,,,,,,,,,,,,,,,,,,,,,,,,,,,,,,,,,,,,,,,,,,,,,,,,,,,,,,,,,,,,,,,,,,,,,,,,,,,,,,,,,,,,,,,,,,,,,,,,,,,,,,,,,,,,,,,,,,,,,,,,,,,,,,,,,,,,,,,,,,,,,,,,,,,,,,,,,,,,,,
29350000,-194,157,23,-33,1317,1,-2747,1451,48,17,0,360,40,674,1506,-191,296,15067,1566000,1576000,1664000,1675000,492,90,432,79,429403000,-20,254,-51,-88,717,7142,-1892,-867,33,29,-36000,1688000,1679000,484,73,428,65,517,-50,183000,,,,,,,,,,,,,,,,,,,,,,,,,,,,,,,,,,,,,,,,,,,,,,,,,,,,,,,,,,,,,,,,,,,,,,,,,,,,,,,,,,,,,,,,,,,,,,,,,,,,,,,,,,,,,,,,,,,,,,,,,,,,,,,,,,,,,,,,,,,,,,,,,,,,,,,,,,,,,,,,,,,,,,,,,,,,,,,,,,,,,,,,,,,,,,,,,,,,,,,,,,,,,,
29450000,267,499,73,-30,985,6593,-794,-2088,8,47,-2,360,40,672,14978,868,-176,287,14978,1575000,1515000,1698000,1682000,44829503000,303,408,35,-245,1303,-2012,-916,-806,1,46,-4,320,119,673,15022,872,-159,291,15022,1551000,1558000,1696000,1674000,432,-18,376,-15,448,16,173000,,,,,,,,,,,,,,,,,,,,,,,,,,,,,,,,,,,,,,,,,,,,,,,,,,,,,,,,,,,,,,,,,,,,,,,,,,,,,,,,,,,,,,,,,,,,,,,,,,,,,,,,,,,,,,,,,,,,,,,,,,,,,,,,,,,,,,,,,,,,,,,,,,,,,,,,,,,,,,,,,,,,,,,,,,,,,,,,,,,,,,,,,,,,,,,,,,,,,,,
29550000,445,271,-17,66,1087,-2623,-3174,230,-10,30,-2,320,80,671,14933,857,-144,284,14933,1549000,1573000,1680000,1675000,429,109,368,29603000,707,-215,-11,262,916,4822,-3052,230,-37,-8,0,280,119,672,14978,850,-187,287,14978,1587000,1537000,1673000,1683000,455,118,387,100,508,33,224000,,,,,,,,,,,,,,,,,,,,,,,,,,,,,,,,,,,,,,,,,,,,,,,,,,,,,,,,,,,,,,,,,,,,,,,,,,,,,,,,,,,,,,,,,,,,,,,,,,,,,,,,,,,,,,,,,,,,,,,,,,,,,,,,,,,,,,,,,,,,,,,,,,,,,,,,,,,,,,,,,,,,,,,,,,,,,,,,,,,,,,,,,,,,,,,,,,,,
29650000,411,-99,-70,76,718,1038,1159,-2027,-11,-1,-2,280,80,673,150200,491,-10,407,-9,468,16,204000,,,,,,,,,,,,,,,,,,,,,,,,,,,,,,,,,,,,,,,,,,,,,,,,,,,,,,,,,,,,,,,,,,,,,,,,,,,,,,,,,,,,,,,,,,,,,,,,,,,,,,,,,,,,,,,,,,,,,,,,,,,,,,,,,,,,,,,,,,,,,,,,,,,,,,,,,,,,,,,,,,,,,,,,,,,,,,,,,,,,,,,,,,,,,,,,,,,,,,,,,,,,,,,,,,,,,,,,,,,,,,,,,,,,,,,
29703000,86,359,-49,29750000,-126,447,19,-92,1080,-1341,-11047,-989,-2,276,0,-159,2719,672,14978,832,-62,287,14978,1558000,1546000,1690000,16,77,596,136,204000,,,,,,,,,,,,,,,,,,,,,,,,,,,,,,,,,,,,,,,,,,,,,,,,,,,,,,,,,,,,,,,,,,,,,,,,,,,,,,,,,,,,,,,,,,,,,,,,,,,,,,,,,,,,,,,,,,,,,,,,,,,,,,,,,,,,,,,,,,,,,,,,,,,,,,,,,,,,,,,,,,,,,,,,,,,,,,,,,,,,,,,,,,,,,,,,,,,,,,,,,,,,,,,,,,,,,,,,,,,,,,
29803000,-153,-264,84,-16,1028,-1158,-17212,657,0,214,0,-159,2719,672,14978,823,-96,287,14978,18,801,43,224000,,,,,,,,,,,,,,,,,,,,,,,,,,,,,,,,,,,,,,,,,,,,,,,,,,,,,,,,,,,,,,,,,,,,,,,,,,,,,,,,,,,,,,,,,,,,,,,,,,,,,,,,,,,,,,,,,,,,,,,,,,,,,,,,,,,,,,,,,,,,,,,,,,,,,,,,,,,,,,,,,,,,,,,,,,,,,,,,,,,,,,,,,,,,,,,,,,,,,,,,,,,,,,,,,,,,,,,,,,,,,,,,,,,,,,
29850000,-203,-849,36,43,1009,-2257,-13123,47,7,163,0,-119,2719,672,14978,803,-142,287,14978,467,116,792,97,183000,,,,,,,,,,,,,,,,,,,,,,,,,,,,,,,,,,,,,,,,,,,,,,,,,,,,,,,,,,,,,,,,,,,,,,,,,,,,,,,,,,,,,,,,,,,,,,,,,,,,,,,,,,,,,,,,,,,,,,,,,,,,,,,,,,,,,,,,,,,,,,,,,,,,,,,,,,,,,,,,,,,,,,,,,,,,,,,,,,,,,,,,,,,,,,,,,,,,,,,,,,,,,,,,,,,,,,,,,,,,,,,,,,,,,
29903000,-417,-817,-35,-103,942,3907,-8850,-2332,29,256,0,-79,3760,672,14978,815,-112,287,14978,1564000,1522000,1721000,1666000,488,203,398,165,642,135,214000,,,,,,,,,,,,,,,,,,,,,,,,,,,,,,,,,,,,,,,,,,,,,,,,,,,,,,,,,,,,,,,,,,,,,,,,,,,,,,,,,,,,,,,,,,,,,,,,,,,,,,,,,,,,,,,,,,,,,,,,,,,,,,,,,,,,,,,,,,,,,,,,,,,,,,,,,,,,,,,,,,,,,,,,,,,,,,,,,,,,,,,,,,,,,,,,,,,,,,,,,,,,,,,,,,,,,,,,,,,,,,,
29950000,-126,-812,-41,-78,873,2625,-13489,-1966,4,295,-2,-79,4200,672,14978,798,-106,287,14978,1573000,1513000,1701000,1682000,409,-15,326,-12,651,66,204000,,,,,,,,,,,,,,,,,,,,,,,,,,,,,,,,,,,,,,,,,,,,,,,,,,,,,,,,,,,,,,,,,,,,,,,,,,,,,,,,,,,,,,,,,,,,,,,,,,,,,,,,,,,,,,,,,,,,,,,,,,,,,,,,,,,,,,,,,,,,,,,,,,,,,,,,,,,,,,,,,,,,,,,,,,,,,,,,,,,,,,,,,,,,,,,,,,,,,,,,,,,,,,,,,,,,,,,,,,,,,,,
30003000,96,-1354,55,-134,1266,-5003,-19531,596,-18,157,2,-119,3160,673,15022,806,-75,291,15022,1558000,1570000,1665000,1689000,456,-9,367,-7,797,77,173000,,,,,,,,,,,,,,,,,,,,,,,,,,,,,,,,,,,,,,,,,,,,,,,,,,,,,,,,,,,,,,,,,,,,,,,,,,,,,,,,,,,,,,,,,,,,,,,,,,,,,,,,,,,,,,,,,,,,,,,,,,,,,,,,,,,,,,,,,,,,,,,,,,,,,,,,,,,,,,,,,,,,,,,,,,,,,,,,,,,,,,,,,,,,,,,,,,,,,,,,,,,,,,,,,,,,,,,,,,,,,,,
30050000,350,-1973,187,-28,1039,-1158,-9094,-1844,-37,-53,0,-79,1360,669,14844,818,-87,276536000,1689000,1688000,330,143,270,117,582,141,234000,,,,,,,,,,,,,,,,,,,,,,,,,,,,,,,,,,,,,,,,,,,,,,,,,,,,,,,,,,,,,,,,,,,,,,,,,,,,,,,,,,,,,,,,,,,,,,,,,,,,,,,,,,,,,,,,,,,,,,,,,,,,,,,,,,,,,,,,,,,,,,,,,,,,,,,,,,,,,,,,,,,,,,,,,,,,,,,,,,,,,,,,,,,,,,,,,,,,,,,,,,,,,,,,,,,,,,,,,,,,,,,,,,
30103000,495,-1905,-70,140,856,-10924,243,718,-50,-152,-2,-79,159,672,14978,785,-139,287,14978,1548000,1575000,1676000,1679000,2530150000,422,-1403,-145,122,948,-6224,6408,1085,-12,-108,0,280,159,673,15022,801,-142,291,15022,1559000,1570000,1679000,1671000,146,147,117,118,0,184,183000,,,,,,,,,,,,,,,,,,,,,,,,,,,,,,,,,,,,,,,,,,,,,,,,,,,,,,,,,,,,,,,,,,,,,,,,,,,,,,,,,,,,,,,,,,,,,,,,,,,,,,,,,,,,,,,,,,,,,,,,,,,,,,,,,,,,,,,,,,,,,,,,,,,,,,,,,,,,,,,,,,,,,,,,,,,,,,,,,,,,,,,,,,,,,,,,,,,,,,,
30203000,79,-484,-86,-103,1170,2686,7750,-1295,14,-35,-2,240,80,672,14978,788,-111,287,14978,1565000,1529000,1701000,1677000,76,97,60,30250000,-186,-173,158,-88,1111,2320,5492,-2637,40,-4,-796,-67,291,15022,1555000,1522000,1710000,1686000,143,163,114,13030303000,-19,82,22,146,968,-975,3295,-623,22,17,0,240,119,672,14978,779,-79,287,14978,1559000,1546000,1696000,1630350000,-97,76,-74,140,1127,-914,1159,-440,29,17,0,240,119,673,15022,765,-144,291,15022,1550000,1556000,1690000,16,40,8,8,214000,,,,,,,,,,,,,,,,,,,,,,,,,,,,,,,,,,,,,,,,,,,,,,,,,,,,,,,,,,,,,,,,,,,,,,,,,,,,,,,,,,,,,,,,,,,,,,,,,,,,,,,,,,,,,,,,,,,,,,,,,,,,,,,,,,,,,,,,,,,,,,,,,,,,,,,,,,
30403000,34,228,-117,3,829,855,2196,-379,17,30,0,240,119,671,14933,771,-81,284,14,1696000,1670000,-29,73,-23,56,-68,58,193000,,,,,,,,,,,,,,,,,,,,,,,,,,,,,,,,,,,,,,,,,,,,,,,,,,,,,,,,,,,,,,,,,,,,,,,,,,,,,,,,,,,,,,,,,,,,,,,,,,,,,,,,,,,,,,,,,,,,,,,,,,,,,,,,,,,,,,,,,,,,,,,,,,,,,,,,,,,,,,,,,,,,,,,,,,,,,,,,,,,,,,,,,,,,,,,,,,,,,,,,,,,,,,,,,,,,,,,,,,,,,,,,,
30450000,-175,186,62,-27,803,367,4271,-1539,36,30,-4,240,159,672,14978,780,-60,287,14978,1539000,1547000,1707000,1678000,-101,30503000,-120,315,50,46,1119,7447,1891,-1966,31,41,0,240,159,672,14978,753,-44,287,14978,1563000,1519000,1705000,1682000,-33,171,-25,129,-66,41,214000,,,,,,,,,,,,,,,,,,,,,,,,,,,,,,,,,,,,,,,,,,,,,,,,,,,,,,,,,,,,,,,,,,,,,,,,,,,,,,,,,,,,,,,,,,,,,,,,,,,,,,,,,,,,,,,,,,,,,,,,,,,,,,,,,,,,,,,,,,,,,,,,,,,,,,,,,,,,,,,,,,,,,,,,,,,,,,,,,,,,,,,,,,,,,,,,,,,,,,
30550000,-8,296,24,33,1249,8546,-610,-1356,21,32,-4,240,80,673,1502,-33,291,15022,1575000,1514000,1701000,1684000,-182,13,-142,10,-1630603000,540,55,-23,142,778,-120,731,-562,-26,11,-2,240,80,673,15022,745,-103,291,15022,1552000,1550000,1698000,16212,22,-158,17,-225,25,214000,,,,,,,,,,,,,,,,,,,,,,,,,,,,,,,,,,,,,,,,,,,,,,,,,,,,,,,,,,,,,,,,,,,,,,,,,,,,,,,,,,,,,,,,,,,,,,,,,,,,,,,,,,,,,,,,,,,,,,,,,,,,,,,,,,,,,,,,,,,,,,,,,,,,,,,,,,,,,,,,,,,,,,,,,,,,,,,,,,,,,,,,,,,,,,,,,,,,,
30650000,718,-43,49,119,963,-1341,2501,-135,-45,6,-2,200,119,672,14978,741,196,13,-274,-41,204000,,,,,,,,,,,,,,,,,,,,,,,,,,,,,,,,,,,,,,,,,,,,,,,,,,,,,,,,,,,,,,,,,,,,,,,,,,,,,,,,,,,,,,,,,,,,,,,,,,,,,,,,,,,,,,,,,,,,,,,,,,,,,,,,,,,,,,,,,,,,,,,,,,,,,,,,,,,,,,,,,,,,,,,,,,,,,,,,,,,,,,,,,,,,,,,,,,,,,,,,,,,,,,,,,,,,,,,,,,,,,,,,,,,,,,,,
30703000,491,248,-182,-49,1062,1588,-2319,474,-18,32,-2,280,119,672,14978,766,12,287,14978,1568000,1545000,1683000,1680000,-348,75,-266,58,-307,48,21430750000,295,242,-212,-161,1270,-853,-3540,1390,-1,31,-2,280,119,672,14978,752,15,287,14978,1563000,1562000,1674000,1679000,-295,121,-222,91,-341,76,224000,,,,,,,,,,,,,,,,,,,,,,,,,,,,,,,,,,,,,,,,,,,,,,,,,,,,,,,,,,,,,,,,,,,,,,,,,,,,,,,,,,,,,,,,,,,,,,,,,,,,,,,,,,,,,,,,,,,,,,,,,,,,,,,,,,,,,,,,,,,,,,,,,,,,,,,,,,,,,,,,,,,,,,,,,,,,,,,,,,,,,,,,,,,,,,,,,
30803000,234,-78,137,-93,761,3724,4699,-1905,3,3,-2,280,119,672,14978,767,7,287,14978,1558000,1521000,1716000,1673000,-275,65,-211,30850000,282,65,106,-86,1145,5128,3905,-1112,80,-297,3479,673,15022,764,27,291,15022,1553000,1541000,1679000,1702000,-3530903000,274,338,-3,61,1160,4822,11962,291,126,-424,-2,778,81,291,15022,1560000,1553000,1677000,1690000,-504,75,-392,30950000,117,1100,62,-75,1105,10438,25817,718,-20,-431,0,-119,-6040,672,14978,776,36,287,14978,1597000,1519000,1701000,164000,,,,,,,,,,,,,,,,,,,,,,,,,,,,,,,,,,,,,,,,,,,,,,,,,,,,,,,,,,,,,,,,,,,,,,,,,,,,,,,,,,,,,,,,,,,,,,,,,,,,,,,,,,,,,,,,,,,,,,,,,,,,,,,,,,,,,,,,,,,,,,,,,,,,,,,,,,,,,,
31003000,577,1879,17,30,957,-2257,25145,963,-165,-272,-2,-1319,-5000,670,14889,764,22,280,14889,1564000,1551000,1694000,1659000,-498,94,-380,72,-937,133,204000,,,,,,,,,,,,,,,,,,,,,,,,,,,,,,,,,,,,,,,,,,,,,,,,,,,,,,,,,,,,,,,,,,,,,,,,,,,,,,,,,,,,,,,,,,,,,,,,,,,,,,,,,,,,,,,,,,,,,,,,,,,,,,,,,,,,,,,,,,,,,,,,,,,,,,,,,,,,,,,,,,,,,,,,,,,,,,,,,,,,,,,,,,,,,,,,,,,,,,,,,,,,,,,,,,,,,,,,,,,,,,,
31050000,461,2306,203,144,1055,-8482,14403,535,-117,-50,-2,-879,-2879,67214978,1549000,1564000,1693000,1670000,-489,210,-382,164,-828,267,204031103000,-115,2642,-106,104,1045,-5430,5004,474,-139,52,-2,-1719,-2040,672,14978,768,84,287,14978,1580000,1536000,1697000,1631150000,-230,2080,-52,96,966,-6346,-2258,-1173,-161,129,-2,-2079,-599,672,14978,786,71,287,14978,1556000,1533000,1704000,1677000,-393,337,-309,265,-393,384,142000,,,,,,,,,,,,,,,,,,,,,,,,,,,,,,,,,,,,,,,,,,,,,,,,,,,,,,,,,,,,,,,,,,,,,,,,,,,,,,,,,,,,,,,,,,,,,,,,,,,,,,,,,,,,,,,,,,,,,,,,,,,,,,,,,,,,,,,,,,,,,,,,,,,,,,,,,,,,,,,,,,,,,,,,,,,,,,,
31203000,-265,1456,-107,27,864,-7506,-5310,-1295,-158,127,-2,-2079,0,674,15067,765,28,296,15067,1566000,1520000,1700000,1684000,-387,173,-296,31250000,-903,794,-120,-13,948,-8177,-8484,-2027,-134,111,0,-2439,479,674,15067,757,64,296,15067,1574000,1504000,1711000,1673,-293,131,-294,304,0,,,,,,,,,,,,,,,,,,,,,,,,,,,,,,,,,,,,,,,,,,,,,,,,,,,,,,,,,,,,,,,,,,,,,,,,,,,,,,,,,,,,,,,,,,,,,,,,,,,,,,,,,,,,,,,,,,,,,,,,,,,,,,,,,,,,,,,,,,,,,,,,,,,,,,,,,,,,,,,,,,,,,,,,,,,,,,,,,,,,,,,,,,,,,,,,,,,,,,
31303000,-1257,265,-66,-83,994,-9581,-7324,-2332,-138,211,0,-2839,2159,674,15067,781,64,296,15067,1551000,1527000,1722000,1676000,-239,254,-187,198,-111,431350000,-1287,-150,-27,-12,800,-7689,-13428,-1051,-107,227,0,-2519,2759,669,14844,779,35,276,14844,1556000,1528000,1694000,1631403000,-1376,-944,39,-102,1217,-8726,-20447,-135,-33,120,-2,-1759,2320,672,14978,792,70,287,14978,1552000,1549000,1670000,1731450000,-1154,-1643,200,-210,1070,-5369,-12940,596,48,-56,0,-599,1000,672,14978,804,52,287,14978,1545000,1567000,1671000,1631503000,-761,-1720,-73,123,821,4456,-366,-257,17,-136,0,-559,159,673,15022,812,128,291,15022,1574000,1527000,1696000,16334,97,-271,78,-328,19,173000,,,,,,,,,,,,,,,,,,,,,,,,,,,,,,,,,,,,,,,,,,,,,,,,,,,,,,,,,,,,,,,,,,,,,,,,,,,,,,,,,,,,,,,,,,,,,,,,,,,,,,,,,,,,,,,,,,,,,,,,,,,,,,
31550000,-479,-1589,125,2,812,3297,2257,-806,24,-128,-2,-199,119,672,14978,830,143,287,14978,1554000,1535000,1689000,1693000,-256,167,-213,139,-31603000,-286,-972,-146,-123,985,4761,2745,-806,11,-74,-31650000,-223,-773,-12,-80,848,1405,3051,-1356,5,-53,0,-159,159,672,14978,817,107,287,14978,1556000,1526000,1704000,1634000,,,,,,,,,,,,,,,,,,,,,,,,,,,,,,,,,,,,,,,,,,,,,,,,,,,,,,,,,,,,,,,,,,,,,,,,,,,,,,,,,,,,,,,,,,,,,,,,,,,,,,,,,,,,,,,,,,,,,,,,,,,,,,,,,,,,,,,,,,,,,,,,,,,,,,,,,,,,,,,,,,,,,,,,,,,,,,,,,,,,,,,,,,,,,,,
31703000,-55,-471,10,-97,1108,3541,3417,-1783,-9,-107,-2,-159,-759,672,14978,826,175,287,14978,1566000,1507000,1701000,1693000,-326,70,-270,57,-386,8,234000,,,,,,,,,,,,,,,,,,,,,,,,,,,,,,,,,,,,,,,,,,,,,,,,,,,,,,,,,,,,,,,,,,,,,,,,,,,,,,,,,,,,,,,,,,,,,,,,,,,,,,,,,,,,,,,,,,,,,,,,,,,,,,,,,,,,,,,,,,,,,,,,,,,,,,,,,,,,,,,,,,,,,,,,,,,,,,,,,,,,,,,,,,,,,,,,,,,,,,,,,,,,,,,,,,,,,,,,,,,,,,,
31750000,410,-309,-31,60,996,3358,5858,-1661,-18,-229,-2,200,-2320,672,14978,830,138,287,14978,1576000,1497000,1701000,1692000,-325,-46,-270,-38,-377,16,214000,,,,,,,,,,,,,,,,,,,,,,,,,,,,,,,,,,,,,,,,,,,,,,,,,,,,,,,,,,,,,,,,,,,,,,,,,,,,,,,,,,,,,,,,,,,,,,,,,,,,,,,,,,,,,,,,,,,,,,,,,,,,,,,,,,,,,,,,,,,,,,,,,,,,,,,,,,,,,,,,,,,,,,,,,,,,,,,,,,,,,,,,,,,,,,,,,,,,,,,,,,,,,,,,,,,,,,,,,,,,,,,
31803000,150,-17,17,-101,1113,-6590,13488,-196,11,-235,0,280,-2680,674,15067,834,116,2915067,1542000,1558000,1701000,1676000,-293,-105,-244,-87,-528,9,234031850000,-28,729,-51,-7,830,-3599,15929,352,33,-170,-6000,1664000,-432,45,-353,36,-657,50,244000,,,,,,,,,,,,,,,,,,,,,,,,,,,,,,,,,,,,,,,,,,,,,,,,,,,,,,,,,,,,,,,,,,,,,,,,,,,,,,,,,,,,,,,,,,,,,,,,,,,,,,,,,,,,,,,,,,,,,,,,,,,,,,,,,,,,,,,,,,,,,,,,,,,,,,,,,,,,,,,,,,,,,,,,,,,,,,,,,,,,,,,,,,,,,,,,,,,,,,,,,,,,,
31903000,-16,1122,1,199,1033,611,10070,169,-2,-73,-2,-39,-1959,672,14978,836,116,287,14978,1567000,1533000,1695000,1678000,-416,-58,31950000,53,1387,-8,-32,1088,-59,4760,1268,-70,54,0,-759,-759,672,14978,838,104,287,14978,1567000,1550000,1690000,1632003000,321,1198,40,75,664,-3233,-1221,169,-136,38,-2,-1239,-759,673,15022,875,135,291,15022,1568000,1534000,1690000,1685000,-319,88,-279,77,-297,144,234000,,,,,,,,,,,,,,,,,,,,,,,,,,,,,,,,,,,,,,,,,,,,,,,,,,,,,,,,,,,,,,,,,,,,,,,,,,,,,,,,,,,,,,,,,,,,,,,,,,,,,,,,,,,,,,,,,,,,,,,,,,,,,,,,,,,,,,,,,,,,,,,,,,,,,,,,,,,,,,,,,,,,,,,,,,,,,,
32050000,-177,780,137,-21,1031,-6956,-2686,657,-78,33,-2,-1079,-399,672,1497,152,287,14978,1554000,1552000,1680000,1689000,-197,119,-169,102,-232103000,-566,712,-37,-97,988,367,1769,-928,-55,62,-2,-1199,0,673,15022,894,142,291,15022,1573000,1513000,1707000,1632150000,-705,459,-30,-21,1043,1954,-1038,-1051,61,36,0,0,-39,672,14978,884,167,287,14978,1557000,1527000,1707000,1679000,-220,-18,-194,-15,-151,-8,234000,,,,,,,,,,,,,,,,,,,,,,,,,,,,,,,,,,,,,,,,,,,,,,,,,,,,,,,,,,,,,,,,,,,,,,,,,,,,,,,,,,,,,,,,,,,,,,,,,,,,,,,,,,,,,,,,,,,,,,,,,,,,,,,,,,,,,,,,,,,,,,,,,,,,,,,,,,,,,,,,,,,,,,,,,,,,,
32203000,-490,201,61,-188,1125,4029,-1770,-1234,42,14,-2,0,-39,672,14978,906,245,287,14978,1562000,1517000,1705000,1684000,-193,-11,-175,-10,-162,-81,214000,,,,,,,,,,,,,,,,,,,,,,,,,,,,,,,,,,,,,,,,,,,,,,,,,,,,,,,,,,,,,,,,,,,,,,,,,,,,,,,,,,,,,,,,,,,,,,,,,,,,,,,,,,,,,,,,,,,,,,,,,,,,,,,,,,,,,,,,,,,,,,,,,,,,,,,,,,,,,,,,,,,,,,,,,,,,,,,,,,,,,,,,,,,,,,,,,,,,,,,,,,,,,,,,,,,,,,,,,,,,,,,
32250000,67,221,-68,74,1280,5921,243,-562,-2,19,-2,40,0,672,14978,915,181,287,14978,1581000,1506000,1704000,1678000,-182,-76,-166,-69,-186,-84,224000,,,,,,,,,,,,,,,,,,,,,,,,,,,,,,,,,,,,,,,,,,,,,,,,,,,,,,,,,,,,,,,,,,,,,,,,,,,,,,,,,,,,,,,,,,,,,,,,,,,,,,,,,,,,,,,,,,,,,,,,,,,,,,,,,,,,,,,,,,,,,,,,,,,,,,,,,,,,,,,,,,,,,,,,,,,,,,,,,,,,,,,,,,,,,,,,,,,,,,,,,,,,,,,,,,,,,,,,,,,,,,,
32303000,77,76,127,-93,1093,-4454,-4212,1390,10,6,0,8,1550000,1567000,1680000,1679000,-107,-119,-95,-106,-33,-42,224000,,,,,,,,,,,,,,,,,,,,,,,,,,,,,,,,,,,,,,,,,,,,,,,,,,,,,,,,,,,,,,,,,,,,,,,,,,,,,,,,,,,,,,,,,,,,,,,,,,,,,,,,,,,,,,,,,,,,,,,,,,,,,,,,,,,,,,,,,,,,,,,,,,,,,,,,,,,,,,,,,,,,,,,,,,,,,,,,,,,,,,,,,,,,,,,,,,,,,,,,,,,,,,,,,,,,,,,,,,,,,,,,,,,,,,
32350000,298,14,85,-22,942,-4515,-2319,657,-12,8,-,-129,-17,-38,-38,214000,,,,,,,,,,,,,,,,,,,,,,,,,,,,,,,,,,,,,,,,,,,,,,,,,,,,,,,,,,,,,,,,,,,,,,,,,,,,,,,,,,,,,,,,,,,,,,,,,,,,,,,,,,,,,,,,,,,,,,,,,,,,,,,,,,,,,,,,,,,,,,,,,,,,,,,,,,,,,,,,,,,,,,,,,,,,,,,,,,,,,,,,,,,,,,,,,,,,,,,,,,,,,,,,,,,,,,,,,,,,,,,,,,,,,,,,,,,,,
32403000,176,-232,-31,124,1171,-975,-2991,230,2,-16,-2,200,40,670,14889,937,162,280,14889,1560000,1537000,1687000,1685000,-102,-101,-96,-95,-50,-84,670,14889,921,134,280,14889,1554000,1550000,1679000,1684000,-13,-432503000,22,-181,-24,-33,763,4822,-2808,-1295,15,-8,2,200,80,672,14978,962,195,287,14978,1568000,1511000,1697000,1632550000,220,-253,-6,39,737,1832,-2930,-1600,1,-18,-2,240,40,671,14933,935,201,284,14933,1556000,1514000,1696000,1698000,42,-87,39,-81,59,-110,214000,,,,,,,,,,,,,,,,,,,,,,,,,,,,,,,,,,,,,,,,,,,,,,,,,,,,,,,,,,,,,,,,,,,,,,,,,,,,,,,,,,,,,,,,,,,,,,,,,,,,,,,,,,,,,,,,,,,,,,,,,,,,,,,,,,,,,,,,,,,,,,,,,,,,,,,,,,,,,,,
32603000,244,-102,-68,-142,1301,-364,2929,-2210,-7,-1,-2,160,80,670,14889,936,122,280,14889,1548000,1512000,1719000,1681000,25,-167,24,32650000,328,-90,-150,-5,1138,1649,853,-2149,-7,0,-2,240,80,671,14933,963,142,284,14933,1559000,1501000,1720000,1680000,-45,-88,-43,-85,56,-56,244000,,,,,,,,,,,,,,,,,,,,,,,,,,,,,,,,,,,,,,,,,,,,,,,,,,,,,,,,,,,,,,,,,,,,,,,,,,,,,,,,,,,,,,,,,,,,,,,,,,,,,,,,,,,,,,,,,,,,,,,,,,,,,,,,,,,,,,,,,,,,,,,,,,,,,,,,,,,,,,,,,,,,,,,,,,,,,,,,,,,,,,,,,,,,,,,,,,,,
32703000,-33,-355,95,-107,916,-303,-4089,-1051,27,-17,0,280,159,671,14933,973,137,284,14933,1551000,1527000,1694000,1693000,-12,-115,-11,32750000,140,-224,-87,49,1061,3052,-1648,-1295,8,-9,-2,240,119,671,14933,978,110,284,14933,1574000,1497000,1703000,1632803000,21,-374,98,-117,1214,-1463,-855,-379,19,-25,-2,240,80,672,14978,974,98,287,14978,1552000,1536000,1694000,1690000,2,-305,2,-297,17,-279,224000,,,,,,,,,,,,,,,,,,,,,,,,,,,,,,,,,,,,,,,,,,,,,,,,,,,,,,,,,,,,,,,,,,,,,,,,,,,,,,,,,,,,,,,,,,,,,,,,,,,,,,,,,,,,,,,,,,,,,,,,,,,,,,,,,,,,,,,,,,,,,,,,,,,,,,,,,,,,,,,,,,,,,,,,,,,,,
32850000,71,-346,5,47,1093,1038,182,-806,14,-23,-2,240,80,671,1493,154,284,14933,1550000,1528000,1706000,1680000,-76,-135,-75,-133,32903000,-126,-653,162,-2,861,1160,-4517,1207,32,-46,33003000,180,-272,112,95,1010,1649,-1526,780,81,-9,-33050000,411,-167,233,20,1077,5860,-4273,-13,250,-11,-4,3280,40,669,14844,1011,146,276,14844,1532000,1550000,1681000,1694,-59,-38,-251,224000,,,,,,,,,,,,,,,,,,,,,,,,,,,,,,,,,,,,,,,,,,,,,,,,,,,,,,,,,,,,,,,,,,,,,,,,,,,,,,,,,,,,,,,,,,,,,,,,,,,,,,,,,,,,,,,,,,,,,,,,,,,,,,,,,,,,,,,,,,,,,,,,,,,,,,,,,,,,,,,,,,,,,,,,,,,,,,,,,
33103000,914,-444,22,128,946,19654,-4212,1390,192,-52,0,3120,-160,636,13416,1043,188,143,13416,1576000,1485000,1655000,1671000,74,-238,77,-248,147,-581,244033150000,1394,-432,83,73,1136,13367,-1831,474,154,-51,1061,178,139,13374,1519000,1500000,1641000,1670000,93,-251,99,33203000,1597,-248,14,20,1206,4639,1647,1207,28,-32,-,143,139,13374,1528000,1495000,1653000,1648000,9,-189,10,-201,33250000,1761,-157,-61,-106,1124,3785,1586,-867,-83,-20,-2,800,-80,636,13416,1057,56,143,13416,1536000,1456000,1672000,164000,,,,,,,,,,,,,,,,,,,,,,,,,,,,,,,,,,,,,,,,,,,,,,,,,,,,,,,,,,,,,,,,,,,,,,,,,,,,,,,,,,,,,,,,,,,,,,,,,,,,,,,,,,,,,,,,,,,,,,,,,,,,,,,,,,,,,,,,,,,,,,,,,,,,,,,,,,,
33303000,1419,-361,42,68,740,-1890,1647,-806,-85,-31,2,440,0,636,13416,1053,-14,143,13416,1524000,1475000,1668000,1656000,20,-75,21,-79,-8,-42,244000,,,,,,,,,,,,,,,,,,,,,,,,,,,,,,,,,,,,,,,,,,,,,,,,,,,,,,,,,,,,,,,,,,,,,,,,,,,,,,,,,,,,,,,,,,,,,,,,,,,,,,,,,,,,,,,,,,,,,,,,,,,,,,,,,,,,,,,,,,,,,,,,,,,,,,,,,,,,,,,,,,,,,,,,,,,,,,,,,,,,,,,,,,,,,,,,,,,,,,,,,,,,,,,,,,,,,,,,,,,,,,,
33350000,715,-403,-85,96,944,-8726,1281,291,-31,-35,-2,360,0,635,13374,1051,-26,139,13374,1502000,1508000,1662000,1650000,17,-49,-51,28,-9,255000,,,,,,,,,,,,,,,,,,,,,,,,,,,,,,,,,,,,,,,,,,,,,,,,,,,,,,,,,,,,,,,,,,,,,,,,,,,,,,,,,,,,,,,,,,,,,,,,,,,,,,,,,,,,,,,,,,,,,,,,,,,,,,,,,,,,,,,,,,,,,,,,,,,,,,,,,,,,,,,,,,,,,,,,,,,,,,,,,,,,,,,,,,,,,,,,,,,,,,,,,,,,,,,,,,,,,,,,,,,,,,,,
33403000,158,-709,66,54,561,62,182,474,21,-61,0,400,0,637,13458,1027,-97,148,13458,1533000,1485000,1649000,1662000,3,-7,3,-7,0,-8,244000,,,,,,,,,,,,,,,,,,,,,,,,,,,,,,,,,,,,,,,,,,,,,,,,,,,,,,,,,,,,,,,,,,,,,,,,,,,,,,,,,,,,,,,,,,,,,,,,,,,,,,,,,,,,,,,,,,,,,,,,,,,,,,,,,,,,,,,,,,,,,,,,,,,,,,,,,,,,,,,,,,,,,,,,,,,,,,,,,,,,,,,,,,,,,,,,,,,,,,,,,,,,,,,,,,,,,,,,,,,,,,,
33450000,11,-612,103,10,618,367,487,841,23,-42,0,280,119,637,13458,1008,-136,148,13458,1528000,1497000,1649000,165833503000,91,-502,257,-16,992,977,-855,1817,19,-36,-2,320,80,636,13416,1028,-166,143,13416,1536000,1501000,1642000,1654000,-63,-11,-64,-12,-48,-28,255000,,,,,,,,,,,,,,,,,,,,,,,,,,,,,,,,,,,,,,,,,,,,,,,,,,,,,,,,,,,,,,,,,,,,,,,,,,,,,,,,,,,,,,,,,,,,,,,,,,,,,,,,,,,,,,,,,,,,,,,,,,,,,,,,,,,,,,,,,,,,,,,,,,,,,,,,,,,,,,,,,,,,,,,,,,,,,,,,,,,,,,,,,,,,,,,,,,,,,,,,
33550000,55,-99,23,-27,893,3297,3173,-440,23,1,0,320,119,635,13374,1033,-207,139,13374,1537000,1463000,1671000,1646000,-74,5,-77,33603000,-130,5,-55,111,755,3175,792,657,4,0,-4,-79,0,638,13500,1025,-232,152,13500,1546000,1474000,1657000,16,66,-77,9,255000,,,,,,,,,,,,,,,,,,,,,,,,,,,,,,,,,,,,,,,,,,,,,,,,,,,,,,,,,,,,,,,,,,,,,,,,,,,,,,,,,,,,,,,,,,,,,,,,,,,,,,,,,,,,,,,,,,,,,,,,,,,,,,,,,,,,,,,,,,,,,,,,,,,,,,,,,,,,,,,,,,,,,,,,,,,,,,,,,,,,,,,,,,,,,,,,,,,,,,,
33650000,-158,-300,4,231,1019,-2989,-1526,780,-38,-82,-4,-599,-640,667,14756,991,-270,267,1433703000,-480,-448,-14,42,969,-4881,6896,535,-73,-98,0,-1319,-679,667,14756,978,-308,267,14756,1561000,1530000,1688000,1674000,163,-85,159,-83,42,0,255000,,,,,,,,,,,,,,,,,,,,,,,,,,,,,,,,,,,,,,,,,,,,,,,,,,,,,,,,,,,,,,,,,,,,,,,,,,,,,,,,,,,,,,,,,,,,,,,,,,,,,,,,,,,,,,,,,,,,,,,,,,,,,,,,,,,,,,,,,,,,,,,,,,,,,,,,,,,,,,,,,,,,,,,,,,,,,,,,,,,,,,,,,,,,,,,,,,,,,,,,,,,,
33750000,-682,-136,146,0,1029,-9154,5553,596,-55,-74,0,-1319,-720,671,14933,974,-321,284,14933,1544000,1557000,1685000,1685000,-22,151,-22,147,-154,189,255000,,,,,,,,,,,,,,,,,,,,,,,,,,,,,,,,,,,,,,,,,,,,,,,,,,,,,,,,,,,,,,,,,,,,,,,,,,,,,,,,,,,,,,,,,,,,,,,,,,,,,,,,,,,,,,,,,,,,,,,,,,,,,,,,,,,,,,,,,,,,,,,,,,,,,,,,,,,,,,,,,,,,,,,,,,,,,,,,,,,,,,,,,,,,,,,,,,,,,,,,,,,,,,,,,,,,,,,,,,,,,,,
33803000,-493,212,22,106,873,-4271,2990,-13,-145,-9,0,-2159,-319,669,14844,964,-325,276,14844,1574000,1513000,1685000,1688000,-23,203,-22,196,-75,278,255000,,,,,,,,,,,,,,,,,,,,,,,,,,,,,,,,,,,,,,,,,,,,,,,,,,,,,,,,,,,,,,,,,,,,,,,,,,,,,,,,,,,,,,,,,,,,,,,,,,,,,,,,,,,,,,,,,,,,,,,,,,,,,,,,,,,,,,,,,,,,,,,,,,,,,,,,,,,,,,,,,,,,,,,,,,,,,,,,,,,,,,,,,,,,,,,,,,,,,,,,,,,,,,,,,,,,,,,,,,,,,,,
33850000,-631,390,-59,182,1042,-9276,1159,47,-164,37,-2,-2519,40,669,14844,948,-265,276,14844,1568000,1519000,1686000,1633903000,-1005,474,-139,9,1064,-8665,1830,-440,-201,44,0,-3319,40,670,14889,917,-293,280,14889,1566000,1513000,1696000,1679000,148,149,136,137,116,301,255000,,,,,,,,,,,,,,,,,,,,,,,,,,,,,,,,,,,,,,,,,,,,,,,,,,,,,,,,,,,,,,,,,,,,,,,,,,,,,,,,,,,,,,,,,,,,,,,,,,,,,,,,,,,,,,,,,,,,,,,,,,,,,,,,,,,,,,,,,,,,,,,,,,,,,,,,,,,,,,,,,,,,,,,,,,,,,,,,,,,,,,,,,,,,,,,,,,,,,,,,
33950000,-932,670,-3,140,931,-9581,-977,-501,-215,37,0,-3399,-239,670,14882,-234,280,14889,1568000,1515000,1693000,1687000,134,193,125,180,34003000,-1097,338,-129,-205,1210,-13548,0,-867,-228,29,-2,-3719,0,671,14933,884,-327,284,14933,1559000,1518000,1695000,16000,-26,229,-23,202,-26,465,234000,,,,,,,,,,,,,,,,,,,,,,,,,,,,,,,,,,,,,,,,,,,,,,,,,,,,,,,,,,,,,,,,,,,,,,,,,,,,,,,,,,,,,,,,,,,,,,,,,,,,,,,,,,,,,,,,,,,,,,,,,,,,,,,,,,,,,,,,,,,,,,,,,,,,,,,,,,,,,,,,,,,,,,,,,,,,,,,,,,,,,,,,,,,,,,,,,,,,
34050000,-1462,89,-38,-52,1098,-15501,1525,-1051,-172,7,-2,-3439,0,670,14889,683000,2,126,2,108,29,445,224000,,,,,,,,,,,,,,,,,,,,,,,,,,,,,,,,,,,,,,,,,,,,,,,,,,,,,,,,,,,,,,,,,,,,,,,,,,,,,,,,,,,,,,,,,,,,,,,,,,,,,,,,,,,,,,,,,,,,,,,,,,,,,,,,,,,,,,,,,,,,,,,,,,,,,,,,,,,,,,,,,,,,,,,,,,,,,,,,,,,,,,,,,,,,,,,,,,,,,,,,,,,,,,,,,,,,,,,,,,,,,,,,,,,,,,
34103000,-2202,51,76,-163,806,-12816,3234,291,-38,1,-2,-2639,-39,671,14933,854,-299,284,14933,1547000,1548000,1690000,1683000,73,182,62,34150000,-2161,373,23,-6,1077,-3721,182,-196,-6,32,0,-2239,0,672,14978,846,-276,287,14978,1570000,1522000,1696000,1634203000,-1868,340,171,-78,1256,123,-1587,-501,135,26,-4,-319,-39,670,14889,861,-256,280,14889,1544000,1539000,1694000,1689000,183,19,157,16,210,16,244000,,,,,,,,,,,,,,,,,,,,,,,,,,,,,,,,,,,,,,,,,,,,,,,,,,,,,,,,,,,,,,,,,,,,,,,,,,,,,,,,,,,,,,,,,,,,,,,,,,,,,,,,,,,,,,,,,,,,,,,,,,,,,,,,,,,,,,,,,,,,,,,,,,,,,,,,,,,,,,,,,,,,,,,,,,,,,
34250000,-1424,456,161,52,1137,4761,0,230,138,43,-2,160,40,669,14844,831,-264,276,14844,1566000,1526000,1693000,1679000,110,-154,92,,,,,,,,,,,,,,,,,,,,,,,,,,,,,,,,,,,,,,,,,,,,,,,,,,,,,,,,,,,,,,,,,,,,,,,,,,,,,,,,,,,,,,,,,,,,,,,,,,,,,,,,,,,,,,,,,,,,,,,,,,,,,,,,,,,,,,,,,,,,,,,,,,,,,,,,,,,,,,,,,,,,,,,,,,,,,,,,,,,,,,,,,,,,,,,,,,,,,,,,,,,,,,,,,,,,,,,,,,,,,,,,,,,
34303000,-641,411,-31,99,955,8851,-3906,1939,73,35,-2,200,0,670,14889,804,-284,280,14889,1581000,1534000,1672000,1681000,133,-171,107,-137,201,-326,234000,,,,,,,,,,,,,,,,,,,,,,,,,,,,,,,,,,,,,,,,,,,,,,,,,,,,,,,,,,,,,,,,,,,,,,,,,,,,,,,,,,,,,,,,,,,,,,,,,,,,,,,,,,,,,,,,,,,,,,,,,,,,,,,,,,,,,,,,,,,,,,,,,,,,,,,,,,,,,,,,,,,,,,,,,,,,,,,,,,,,,,,,,,,,,,,,,,,,,,,,,,,,,,,,,,,,,,,,,,,,,,,
34350000,498,84,-86,238,933,6409,-6287,1024,50,10,-4,1080,40,670,14889,796,-290,280,14889,1559000,1544000,1669000,1695000,181,-206,14434403000,394,-98,-97,0,1181,6287,-2258,1024,202,-8,0,2720,0,670,14889,768,-290,280,14889,1550000,1556000,1679000,1634450000,467,73,-86,73,888,14710,-671,1268,231,6,-2,3120,0,670,14889,792,-217,280,14889,1573000,1533000,1680000,1634503000,1054,168,67,48,1110,24354,731,-928,183,14,-2,3159,0,671,14933,747,-279,284,14933,1580000,1496000,1702000,1685000,219,-324,163,-242,206,-749,204000,,,,,,,,,,,,,,,,,,,,,,,,,,,,,,,,,,,,,,,,,,,,,,,,,,,,,,,,,,,,,,,,,,,,,,,,,,,,,,,,,,,,,,,,,,,,,,,,,,,,,,,,,,,,,,,,,,,,,,,,,,,,,,,,,,,,,,,,,,,,,,,,,,,,,,,
34550000,1543,382,-145,-128,1072,18006,-1404,-257,148,33,-2,3240,0,671,149334603000,2051,102,77,-37,1008,12818,-305,-1417,19,8,-2,2280,0,670,14889,730,-205,280,14889,1576000,1491000,1698000,1634650000,2224,-16,97,67,1115,5128,-2136,-1173,-134,-4,0,680,-39,671,14933,710,-231,284,14933,1577000,1498000,1699000,1636,214000,,,,,,,,,,,,,,,,,,,,,,,,,,,,,,,,,,,,,,,,,,,,,,,,,,,,,,,,,,,,,,,,,,,,,,,,,,,,,,,,,,,,,,,,,,,,,,,,,,,,,,,,,,,,,,,,,,,,,,,,,,,,,,,,,,,,,,,,,,,,,,,,,,,,,,,,,,,,,,,,,,,,,,,,,,,,,,,,,,,,,,,,,,,,,,,
34703000,1709,-231,153,-169,1054,-7384,-916,-1722,-117,-16,-2,360,40,671,14933,702,-227,284,14933,1542000,1525000,1701000,1695000,257,-99,180,-69,273,29,183000,,,,,,,,,,,,,,,,,,,,,,,,,,,,,,,,,,,,,,,,,,,,,,,,,,,,,,,,,,,,,,,,,,,,,,,,,,,,,,,,,,,,,,,,,,,,,,,,,,,,,,,,,,,,,,,,,,,,,,,,,,,,,,,,,,,,,,,,,,,,,,,,,,,,,,,,,,,,,,,,,,,,,,,,,,,,,,,,,,,,,,,,,,,,,,,,,,,,,,,,,,,,,,,,,,,,,,,,,,,,,,,
34750000,745,-330,180,-54,874,-9276,2990,-1234,-44,-21,-2,240,80,670,14889,707,-162,280,14889,1560000,1511000,1707000,1682000,182,-134803000,-192,-444,120,-45,1176,-7689,2684,-501,41,-31,-2,280,80,671,14933,696,-211,284,14933,1543000,1539000,1698000,1683000,205,-167,143,-116,158,-33,224000,,,,,,,,,,,,,,,,,,,,,,,,,,,,,,,,,,,,,,,,,,,,,,,,,,,,,,,,,,,,,,,,,,,,,,,,,,,,,,,,,,,,,,,,,,,,,,,,,,,,,,,,,,,,,,,,,,,,,,,,,,,,,,,,,,,,,,,,,,,,,,,,,,,,,,,,,,,,,,,,,,,,,,,,,,,,,,,,,,,,,,,,,,,,,,,,,,,,,,
34850000,-352,-261,124,53,1076,-1829,2562,-74,55,-15,-2,280,80,670,14889,693,-172,280,14889,1553000,1535000,1696000,1680000,81,-182,56,34903000,-359,91,-38,0,939,-1402,-1038,1634,59,18,-2,320,119,670,14889,674,-219,280,14889,1562000,1550000,1674000,164,-131,270,-219,163000,,,,,,,,,,,,,,,,,,,,,,,,,,,,,,,,,,,,,,,,,,,,,,,,,,,,,,,,,,,,,,,,,,,,,,,,,,,,,,,,,,,,,,,,,,,,,,,,,,,,,,,,,,,,,,,,,,,,,,,,,,,,,,,,,,,,,,,,,,,,,,,,,,,,,,,,,,,,,,,,,,,,,,,,,,,,,,,,,,,,,,,,,,,,,,,,,,,,,,,
35050000,-93,56,77,54,867,-1158,-2869,-806,32,11,-2,280,80,670,14889,626,-220,280,14889,1533000,1543000,1686000,1699000,196,-150,123,-93,221,-247,1530035103000,274,30,-178,171,948,3724,792,-867,0,9,-4,280,80,670,14889,620,-182,280,14889,1562000,1510000,1697000,1691000,159,-119,99,-74,145,-184,153000,,,,,,,,,,,,,,,,,,,,,,,,,,,,,,,,,,,,,,,,,,,,,,,,,,,,,,,,,,,,,,,,,,,,,,,,,,,,,,,,,,,,,,,,,,,,,,,,,,,,,,,,,,,,,,,,,,,,,,,,,,,,,,,,,,,,,,,,,,,,,,,,,,,,,,,,,,,,,,,,,,,,,,,,,,,,,,,,,,,,,,,,,,,,,,,,,
35150000,56,-98,-198,125,1047,-1280,609,-989,22,-5,0,320,40,670,1488,280,14889,1544000,1530000,1691000,1696000,146,-124,90,-76,92,-1235203000,-7,-54,3,12,1052,2198,3417,-867,25,2,-619,-118,284,14933,1560000,1511000,1702000,1683000,196,-123,121,-7635250000,-223,-211,-146,-47,879,3541,3356,-1417,43,-11,0,280,80,670,14889,594,-168,280,14889,1557000,1511000,1714000,1635303000,-200,-145,144,-31,1132,123,-305,-1173,55,-30,-2,440,-199,670,14889,594,-177,280,14889,1542000,1528000,1691000,1699000,95,-189,56,-112,74,-192,0,,,,,,,,,,,,,,,,,,,,,,,,,,,,,,,,,,,,,,,,,,,,,,,,,,,,,,,,,,,,,,,,,,,,,,,,,,,,,,,,,,,,,,,,,,,,,,,,,,,,,,,,,,,,,,,,,,,,,,,,,,,,,,,,,,,,,,,,,,,,,,,,,,,,,,,
35350000,-78,164,-41,22,1116,2625,1342,902,27,21,-4,240,80,670,148835403000,53,389,170,-11,1189,-303,-733,1268,16,40,-2,240,80,670,14889,583,-127,280,14889,1556000,1548000,1680000,1635450000,338,401,160,0,964,-3172,-3601,1878,-8,42,47,153,-85,293,-216,122000,,,,,,,,,,,,,,,,,,,,,,,,,,,,,,,,,,,,,,,,,,,,,,,,,,,,,,,,,,,,,,,,,,,,,,,,,,,,,,,,,,,,,,,,,,,,,,,,,,,,,,,,,,,,,,,,,,,,,,,,,,,,,,,,,,,,,,,,,,,,,,,,,,,,,,,,,,,,,,,,,,,,,,,,,,,,,,,,,,,,,,,,,,,,,,,,,,,,,,,
35503000,736,86,2,284,990,-1341,-2014,963,-46,18,-2,200,119,670,14889,562,-94,280,14889,1565000,1534000,1684000,1683000,344,-86,193,-48,325,-60,0,,,,,,,,,,,,,,,,,,,,,,,,,,,,,,,,,,,,,,,,,,,,,,,,,,,,,,,,,,,,,,,,,,,,,,,,,,,,,,,,,,,,,,,,,,,,,,,,,,,,,,,,,,,,,,,,,,,,,,,,,,,,,,,,,,,,,,,,,,,,,,,,,,,,,,,,,,,,,,,,,,,,,,,,,,,,,,,,,,,,,,,,,,,,,,,,,,,,,,,,,,,,,,,,,,,,,,,,,,,,,,,
35550000,251,-5,-29,96,1085,-4820,-244,-562,-4,6,0,200,80,669,14844,576,-96,276,14844,1542000,153500035603000,59,28,29,92,835,-181,1098,-440,15,9,0,240,80,671,14933,561,-94,284,14933,1554000,1527000,1693000,1689000,258,-211,144,-118,190,-133,0,,,,,,,,,,,,,,,,,,,,,,,,,,,,,,,,,,,,,,,,,,,,,,,,,,,,,,,,,,,,,,,,,,,,,,,,,,,,,,,,,,,,,,,,,,,,,,,,,,,,,,,,,,,,,,,,,,,,,,,,,,,,,,,,,,,,,,,,,,,,,,,,,,,,,,,,,,,,,,,,,,,,,,,,,,,,,,,,,,,,,,,,,,,,,,,,,,,,,,,,,,
35650000,109,165,-58,130,652,2259,60,-867,14,21,0,280,80,670,148814889,1555000,1520000,1702000,1685000,258,-211,148,-121,190,-133,35703000,241,205,24,23,1057,3907,304,-1844,0,21,0,240,40,671,14933,580,8,284,14933,1553000,1508000,1704000,1635750000,440,266,-191,76,1022,6104,3051,-440,-14,26,0,280,40,670,14889,569,-102,280,14889,1580000,1496000,1703000,1635803000,330,-8,129,-47,1147,-975,2562,-806,-7,6,2,240,80,671,14933,539,-135,284,14933,1547000,1532000,1701000,1686000,96,-135,51,-73,33,-232,0,,,,,,,,,,,,,,,,,,,,,,,,,,,,,,,,,,,,,,,,,,,,,,,,,,,,,,,,,,,,,,,,,,,,,,,,,,,,,,,,,,,,,,,,,,,,,,,,,,,,,,,,,,,,,,,,,,,,,,,,,,,,,,,,,,,,,,,,,,,,,,,,,,,,,,,
35850000,182,114,-48,0,997,-4515,6652,-745,8,13,-2,280,40,670,14889,566,-9,280,14889,1534000,1541000,1720000,1666000,145,154,82,87,86,115,0,,,,,,,,,,,,,,,,,,,,,,,,,,,,,,,,,,,,,,,,,,,,,,,,,,,,,,,,,,,,,,,,,,,,,,,,,,,,,,,,,,,,,,,,,,,,,,,,,,,,,,,,,,,,,,,,,,,,,,,,,,,,,,,,,,,,,,,,,,,,,,,,,,,,,,,,,,,,,,,,,,,,,,,,,,,,,,,,,,,,,,,,,,,,,,,,,,,,,,,,,,,,,,,,,,,,,,,,,,,,,,,
35903000,-268,222,170,-8,1223,-4210,-610,413,47,26,-2,280,80,671,14933,544,-13,284,14933,1543000,1547000,1687000,1688000,225,-132,122,-72,122,-85,0,,,,,,,,,,,,,,,,,,,,,,,,,,,,,,,,,,,,,,,,,,,,,,,,,,,,,,,,,,,,,,,,,,,,,,,,,,,,,,,,,,,,,,,,,,,,,,,,,,,,,,,,,,,,,,,,,,,,,,,,,,,,,,,,,,,,,,,,,,,,,,,,,,,,,,,,,,,,,,,,,,,,,,,,,,,,,,,,,,,,,,,,,,,,,,,,,,,,,,,,,,,,,,,,,,,,,,,,,,,,,,,
35950000,-398,348,20,92,1115,62,-61,1207,59,37,-2,280,80,671,14933,526,-18,284,14933,1554000,1547000,1681000,16,30,9,0,0,0,,,,,,,,,,,,,,,,,,,,,,,,,,,,,,,,,,,,,,,,,,,,,,,,,,,,,,,,,,,,,,,,,,,,,,,,,,,,,,,,,,,,,,,,,,,,,,,,,,,,,,,,,,,,,,,,,,,,,,,,,,,,,,,,,,,,,,,,,,,,,,,,,,,,,,,,,,,,,,,,,,,,,,,,,,,,,,,,,,,,,,,,,,,,,,,,,,,,,,,,,,,,,,,,,,,,,,,,,,,,,,,,,
36003000,-369,288,60,4,1004,855,1952,-74,46,32,0,160,80,671,14933,559,-15,284,14933,1545000,1541000,1700000,1681000,57,18,32,10,0,36050000,-338,435,-14,20,1109,489,2929,474,50,41,0,240,40,670,14889,548,-36,280,14889,1543000,1548000,1701000,1672000,206,-96,113,-52,157,-188,112000,,,,,,,,,,,,,,,,,,,,,,,,,,,,,,,,,,,,,,,,,,,,,,,,,,,,,,,,,,,,,,,,,,,,,,,,,,,,,,,,,,,,,,,,,,,,,,,,,,,,,,,,,,,,,,,,,,,,,,,,,,,,,,,,,,,,,,,,,,,,,,,,,,,,,,,,,,,,,,,,,,,,,,,,,,,,,,,,,,,,,,,,,,,,,,,,,,
36103000,-98,737,-15,93,738,8485,2929,-2515,29,67,-2,240,40,671,1493,527,-70,284,14933,1553000,1491000,1717000,1691000,218,-47,115,-36150000,45,652,31,126,856,7081,-8057,-1051,16,63,116,-41,222,-197,142000,,,,,,,,,,,,,,,,,,,,,,,,,,,,,,,,,,,,,,,,,,,,,,,,,,,,,,,,,,,,,,,,,,,,,,,,,,,,,,,,,,,,,,,,,,,,,,,,,,,,,,,,,,,,,,,,,,,,,,,,,,,,,,,,,,,,,,,,,,,,,,,,,,,,,,,,,,,,,,,,,,,,,,,,,,,,,,,,,,,,,,,,,,,,,,,,,,,,,,,,,,,,,,,,,,,
36203000,144,135,-182,1,1147,2747,-5371,-2271,8,18,0,240,80,670,14889,542,0,280,14889,1537000,1513000,1709000,1697000,200,-71,108,-38,222,-197,36250000,-24,-130,-128,64,1017,2076,60,-2271,23,-4,0,240,80,671,14933,543,0,284,14933,1540000,1511000,1715000,1636303000,10,192,-152,0,911,8240,1830,-2332,20,23,-,-36,280,14889,1552000,1494000,1716000,1695000,117,10,62,5,36350000,673,-114,62,237,645,3602,-3601,-2027,-37,-2,0,240,80,672,14978,533,0,287,14978,1553000,1501000,1707000,17-28,0,,,,,,,,,,,,,,,,,,,,,,,,,,,,,,,,,,,,,,,,,,,,,,,,,,,,,,,,,,,,,,,,,,,,,,,,,,,,,,,,,,,,,,,,,,,,,,,,,,,,,,,,,,,,,,,,,,,,,,,,,,,,,,,,,,,,,,,,,,,,,,,,,,,,,,,,,
36403000,661,-152,-37,18,1090,-853,-1831,-3492,-36,-9,-2,240,40,670,14889,526,15,280,14889,1527000,14980036450000,510,-345,72,129,973,-1829,-4028,-1234,-27,-23,36503000,233,-216,-205,-15,1052,-303,-549,-2698,-2,-11,-,549,80,280,14889,1535000,1500000,1720000,1697000,236,110,129,636550000,-62,-569,-105,99,1000,-242,60,-1905,22,-42,-,14844,1544000,1499000,1703000,1704000,236,110,130,61,356,158,36603000,-504,-539,-160,-179,1168,4273,6774,-2760,65,-40,0,240,80,670,14889,559,9,280,14889,1539000,1495000,1725000,16246,184,0,,,,,,,,,,,,,,,,,,,,,,,,,,,,,,,,,,,,,,,,,,,,,,,,,,,,,,,,,,,,,,,,,,,,,,,,,,,,,,,,,,,,,,,,,,,,,,,,,,,,,,,,,,,,,,,,,,,,,,,,,,,,,,,,,,,,,,,,,,,,,,,,,,,,,,
36650000,-326,-516,-79,-70,885,6837,5980,-2088,52,-41,0,280,40,671,14933,537,54,284,14933,155000036703000,-198,75,-56,-52,736,7996,6469,-2821,38,10,4889,569,86,280,14889,1544000,1487000,1724000,1695000,283,165,1636750000,27,270,-7,111,687,3907,1586,-1783,18,30,0,240,80,670,14889,550,10,280,14889,1546000,1499000,1712000,1636803000,197,247,-138,79,1036,-1646,1403,-3004,3,25,-2,240,40,671,14933,566,30,284,14933,1528000,1499000,1725000,1701000,283,165,160,93,246,184,0,,,,,,,,,,,,,,,,,,,,,,,,,,,,,,,,,,,,,,,,,,,,,,,,,,,,,,,,,,,,,,,,,,,,,,,,,,,,,,,,,,,,,,,,,,,,,,,,,,,,,,,,,,,,,,,,,,,,,,,,,,,,,,,,,,,,,,,,,,,,,,,,,,,,,,,,,,,,,,
36850000,108,7,-119,30,831,-242,1281,-2637,11,7,-2,240,80,669,14844,550,20,276,14844,1539000,1487000,1718000,1702000,283,165,155,36903000,5,-142,-162,-68,1181,672,2501,-1783,23,-8,1,283,165,158,92,246,184,0,,,,,,,,,,,,,,,,,,,,,,,,,,,,,,,,,,,,,,,,,,,,,,,,,,,,,,,,,,,,,,,,,,,,,,,,,,,,,,,,,,,,,,,,,,,,,,,,,,,,,,,,,,,,,,,,,,,,,,,,,,,,,,,,,,,,,,,,,,,,,,,,,,,,,,,,,,,,,,,,,,,,,,,,,,,,,,,,,,,,,,,,,,,,,,,,,,,,,,,,,,,,,,,,
36950000,174,-14,-194,213,823,2381,3844,-3187,5,2,-2,240,40,671,14933,548,36,284,14933,1540000,1480000,1728000,1703000,283,165,155,9037003000,215,-38,13,-153,1090,1710,3051,-2454,5,3,-6,280,80,670,14889,569,41,280,14889,1522000,1503000,1723000,1737050000,261,-174,-67,-23,1128,2137,1769,-1600,1,-8,0,280,80,670,14889,562,60,280,14889,1538000,1504000,1716000,1696000,283,165,159,92,246,184,0,,,,,,,,,,,,,,,,,,,,,,,,,,,,,,,,,,,,,,,,,,,,,,,,,,,,,,,,,,,,,,,,,,,,,,,,,,,,,,,,,,,,,,,,,,,,,,,,,,,,,,,,,,,,,,,,,,,,,,,,,,,,,,,,,,,,,,,,,,,,,,,,,,,,,,,,,,,,,,,,,,,,,,,,,,,,,
37103000,234,-81,-119,-53,1005,4395,8178,-3675,-3,3,-2,200,119,669,14844,553,9,276,14844,1524000,1484000,1744000,1692000,111,287,61,37150000,343,205,-67,26,1044,4517,5858,-2027,-12,31,-2,200,159,670,14889,572,45,280,14889,1536000,1495000,1729000,1637203000,277,589,-99,50,735,5677,-2503,-3309,-10,61,-2,160,119,671,14933,551,40,284,14933,1534000,1473000,1722000,1711000,219,193,120,106,159,159,0,,,,,,,,,,,,,,,,,,,,,,,,,,,,,,,,,,,,,,,,,,,,,,,,,,,,,,,,,,,,,,,,,,,,,,,,,,,,,,,,,,,,,,,,,,,,,,,,,,,,,,,,,,,,,,,,,,,,,,,,,,,,,,,,,,,,,,,,,,,,,,,,,,,,,,,,,,,,,,,,,,,,,,,,,,,,,
37250000,567,241,17,151,810,2686,-8362,-501,-32,28,-2,200,80,670,14889,614,91,280,14889,1546000,1505000,1698000,1706000,-186,589,-114,37303000,643,-329,23,22,842,-1524,-6104,-2393,-42,-18,0,160,119,671,14933,581,85,284,14933,1520000,1506000,1713000,1713000,262,275,152,159,368,301,112000,,,,,,,,,,,,,,,,,,,,,,,,,,,,,,,,,,,,,,,,,,,,,,,,,,,,,,,,,,,,,,,,,,,,,,,,,,,,,,,,,,,,,,,,,,,,,,,,,,,,,,,,,,,,,,,,,,,,,,,,,,,,,,,,,,,,,,,,,,,,,,,,,,,,,,,,,,,,,,,,,,,,,,,,,,,,,,,,,,,,,,,,,,,,,,,,,,,,
37350000,164,-663,49,-47,788,-4881,-2258,-74,3,-50,0,200,80,672,14978,565,46,287,14978,1526000,1536000,1694000,1709000,204,283,115,37403000,203,-757,54,163,946,2076,-2136,47,0,-55,-2,200,119,670,14889,594,18,280,14889,1551000,1507000,1692000,1737450000,231,-649,153,55,920,1832,1098,-1051,-2,-39,0,200,200,670,14889,618,96,280,14889,1531000,1513000,1707000,1737503000,255,-149,-50,89,1278,-1768,853,108,-4,-2,-200,119,662,14535,618,126,248,14535,1516000,1521000,1696000,169100037550000,143,-9,80,32,1227,-181,-5188,-318,1,6,-448,606,60,240,14448,1515000,1511000,1684000,1704000,238,306,14437603000,110,-217,86,-177,1075,-2806,-5005,108,4,-8,0,160,119,660,14448,614,81,240,14448,1514000,1523000,1690000,1694000,136,379,83,232,237,291,0,,,,,,,,,,,,,,,,,,,,,,,,,,,,,,,,,,,,,,,,,,,,,,,,,,,,,,,,,,,,,,,,,,,,,,,,,,,,,,,,,,,,,,,,,,,,,,,,,,,,,,,,,,
37650000,524,-199,-138,-193,1406,123,2745,-989,-28,-3,-2,200,159,658,14360,615,113,231,14360,1523000,1490000,1716000,1679000,65,311,40,37703000,538,-405,-32,-29,898,-487,2135,-1234,-29,-24,0,200,119,641,13628,619,90,163,13628,1498000,1469000,1689000,1637750000,203,-429,31,-131,1063,-2257,5797,-440,3,-27,0,240,119,639,13543,620,71,155,13543,1490000,1485000,1695000,1637803000,123,0,-128,11,872,-914,7018,-318,6,10,-2,200,119,617,12626,620,14,67,12626,1472000,1453000,1674000,1641000,-18,444,-11,275,-127,508,0,,,,,,,,,,,,,,,,,,,,,,,,,,,,,,,,,,,,,,,,,,,,,,,,,,,,,,,,,,,,,,,,,,,,,,,,,,,,,,,,,,,,,,,,,,,,,,,,,,,,,,,,,,,,,,,,,,,,,,,,,,,,,,,,,,,,,,,,,,,,,,,,,,,,,,
37850000,-15,143,6,-88,1196,977,2196,47,18,22,-2,200,119,615,12545,621,-15,60,12545,1470000,1454000,1655000,1650000,-18,444,-11,37903000,247,262,-50,142,1087,4578,1647,780,0,33,0,240,119,608,12261,576,-85,31,12261,1490000,1430000,1652000,1631000,95,470,54,271,63,412,0,,,,,,,,,,,,,,,,,,,,,,,,,,,,,,,,,,,,,,,,,,,,,,,,,,,,,,,,,,,,,,,,,,,,,,,,,,,,,,,,,,,,,,,,,,,,,,,,,,,,,,,,,,,,,,,,,,,,,,,,,,,,,,,,,,,,,,,,,,,,,,,,,,,,,,,,,,,,,,,,,,,,,,,,,,,,,,,,,,,,,,,,,,,,,,,,,,,,
37950000,-105,-122,66,-119,1040,-8482,-7813,352,23,3,-2,160,159,605,12140,618,-129,20,12140,1421000,1483000,1620000,1663000,209,500,129,38003000,-366,-689,148,-51,768,-1585,-4395,1451,49,-49,0,200,119,605,12140,598,-190,20,12140,1480000,1448000,1630000,165,299,220,506,0,,,,,,,,,,,,,,,,,,,,,,,,,,,,,,,,,,,,,,,,,,,,,,,,,,,,,,,,,,,,,,,,,,,,,,,,,,,,,,,,,,,,,,,,,,,,,,,,,,,,,,,,,,,,,,,,,,,,,,,,,,,,,,,,,,,,,,,,,,,,,,,,,,,,,,,,,,,,,,,,,,,,,,,,,,,,,,,,,,,,,,,,,,,,,,,,,,,,,,,
38050000,-511,-693,-96,-28,1279,-2867,3051,413,58,-50,0,160,119,604,12100,581,-214,15,12100,1448000,1460000,1652000,1627000,209,500,121,290,220,506,38103000,-182,-668,17,121,834,6837,-3174,1207,29,-44,0,160,159,605,12140,552,-347,20,12140,1502000,1419000,1623000,1638150000,-229,-509,-23,-25,580,-1341,853,718,37,-37,-2,200,80,603,12060,558,-419,11,12060,1442000,1466000,1643000,1638250000,-304,-506,-66,122,800,-2684,-1099,1512,44,-33,2,200,119,602,12020,504,-503,7,12020,1446000,1480000,1614000,1638303000,-265,-481,1,-159,675,7386,4149,1390,37,-31,0,160,119,564,10550,464,-510,0,10550,1450000,1379000,1610000,153,531,0,,,,,,,,,,,,,,,,,,,,,,,,,,,,,,,,,,,,,,,,,,,,,,,,,,,,,,,,,,,,,,,,,,,,,,,,,,,,,,,,,,,,,,,,,,,,,,,,,,,,,,,,,,,,,,,,,,,,,,,,,,,,,,,,,
38350000,-367,-333,81,-58,697,-3355,-61,2183,49,-18,0,200,119,547,9924,425,-707,0,9924,1374000,1449000,1573000,1594000,233,958,99,407,125,812,132000,,,,,,,,,,,,,,,,,,,,,,,,,,,,,,,,,,,,,,,,,,,,,,,,,,,,,,,,,,,,,,,,,,,,,,,,,,,,,,,,,,,,,,,,,,,,,,,,,,,,,,,,,,,,,,,,,,,,,,,,,,,,,,,,,,,,,,,,,,,,,,,,,,,,,,,,,,,,,,,,,,,,,,,,,,,,,,,,,,,,,,,,,,,,,,,,,,,,,,,,,,,,,,,,,,,,,,,,,,,,,,,
38403000,-171,-725,46,13,872,8179,1464,4930,28,-52,-2,160,119,527,9211,392,-800,0,9211,1468000,1353000,1557000,1537000,1038450000,-466,-454,-91,-180,703,8973,1891,3587,58,-25,-2,200,159,526,9176,329,-999,0,9176,1428000,1355000,1553000,155,74,633,0,,,,,,,,,,,,,,,,,,,,,,,,,,,,,,,,,,,,,,,,,,,,,,,,,,,,,,,,,,,,,,,,,,,,,,,,,,,,,,,,,,,,,,,,,,,,,,,,,,,,,,,,,,,,,,,,,,,,,,,,,,,,,,,,,,,,,,,,,,,,,,,,,,,,,,,,,,,,,,,,,,,,,,,,,,,,,,,,,,,,,,,,,,,,,,,,,,,,,,,,,,,
38503000,-163,-756,60,-197,596,-12510,914,3831,31,-55,-2,200,119,497,8192,357,-995,0,8192,1281000,1429000,1508000,1530000,100,776,35,277,74,633,0,,,,,,,,,,,,,,,,,,,,,,,,,,,,,,,,,,,,,,,,,,,,,,,,,,,,,,,,,,,,,,,,,,,,,,,,,,,,,,,,,,,,,,,,,,,,,,,,,,,,,,,,,,,,,,,,,,,,,,,,,,,,,,,,,,,,,,,,,,,,,,,,,,,,,,,,,,,,,,,,,,,,,,,,,,,,,,,,,,,,,,,,,,,,,,,,,,,,,,,,,,,,,,,,,,,,,,,,,,,,,,,
38550000,-833,-451,-8,-271,688,-17393,-4395,9630,93,-32,-2,240,80,489,7931,250,-1166,0,7931,1309000,1507000,1432000,151200100,776,25,194,74,633,0,,,,,,,,,,,,,,,,,,,,,,,,,,,,,,,,,,,,,,,,,,,,,,,,,,,,,,,,,,,,,,,,,,,,,,,,,,,,,,,,,,,,,,,,,,,,,,,,,,,,,,,,,,,,,,,,,,,,,,,,,,,,,,,,,,,,,,,,,,,,,,,,,,,,,,,,,,,,,,,,,,,,,,,,,,,,,,,,,,,,,,,,,,,,,,,,,,,,,,,,,,,,,,,,,,,,,,,,,,,,,,,,
38603000,-1394,-171,-81,308,912,-10191,-733,9813,139,-8,-2,200,80,420,5850,73,0,5850,1276000,1397000,1388000,1405000,100,776,7,56,74,38650000,-1238,-3309,1902,-1737,2174,111756,-103394,-74720,125,-274,-4,200,159,354,4156,62,-1263,-183,4156,1150000,1150000,1766000,138703000,-3016,910,230,-489,592,-54564,178710,-114271,280,89,-6,200,119,9,2,78,-1365,-1564,2,1150000,1150000,1899000,138750000,-1857,2518,359,-656,193,245,91185,95994,179,226,0,200,80,0,0,176,-1117,-1600,0,1796000,1781000,1150000,11,74,633,0,,,,,,,,,,,,,,,,,,,,,,,,,,,,,,,,,,,,,,,,,,,,,,,,,,,,,,,,,,,,,,,,,,,,,,,,,,,,,,,,,,,,,,,,,,,,,,,,,,,,,,,,,,,,,,,,,,,,,,,,,,,,,,,,,,,,,,,,,,,,,,,,,,,,,,,,,
38803000,-548,7918,716,-238,-709,31007,87890,17076,61,698,-60,160,80,0,0,96,-1037,-1600,0,1318000,1150000,1445000,1150000,100,776,9,74,74,633,0,,,,,,,,,,,,,,,,,,,,,,,,,,,,,,,,,,,,,,,,,,,,,,,,,,,,,,,,,,,,,,,,,,,,,,,,,,,,,,,,,,,,,,,,,,,,,,,,,,,,,,,,,,,,,,,,,,,,,,,,,,,,,,,,,,,,,,,,,,,,,,,,,,,,,,,,,,,,,,,,,,,,,,,,,,,,,,,,,,,,,,,,,,,,,,,,,,,,,,,,,,,,,,,,,,,,,,,,,,,,,,,
38850000,2469,10578,761,-601,-657,19227,-101563,-20948,-191,926,-4,280,40,0,0,112,-1019,-1600,0,1150000,1150000,1150000,1680000,100,776,11,86,74,633,0,,,,,,,,,,,,,,,,,,,,,,,,,,,,,,,,,,,,,,,,,,,,,,,,,,,,,,,,,,,,,,,,,,,,,,,,,,,,,,,,,,,,,,,,,,,,,,,,,,,,,,,,,,,,,,,,,,,,,,,,,,,,,,,,,,,,,,,,,,,,,,,,,,,,,,,,,,,,,,,,,,,,,,,,,,,,,,,,,,,,,,,,,,,,,,,,,,,,,,,,,,,,,,,,,,,,,,,,,,,,,,,
38903000,-2670,2333,1902,-2149,2174,-183958,-163147,22874,254,207,-6,240,40,0,0,88,-828,-1600,0,1150000,1553000,1150000,1364000,100,776,8,68,74,633,0,,,,,,,,,,,,,,,,,,,,,,,,,,,,,,,,,,,,,,,,,,,,,,,,,,,,,,,,,,,,,,,,,,,,,,,,,,,,,,,,,,,,,,,,,,,,,,,,,,,,,,,,,,,,,,,,,,,,,,,,,,,,,,,,,,,,,,,,,,,,,,,,,,,,,,,,,,,,,,,,,,,,,,,,,,,,,,,,,,,,,,,,,,,,,,,,,,,,,,,,,,,,,,,,,,,,,,,,,,,,,,,
38950000,-3391,4807,-995,-168,593,-63597,49804,-85828,316,419,-6,240,0,0,0,66,-1008,-1600,0,1150000,1150000,1899000,1705000,100,776,6,51,74,633,0,,,,,,,,,,,,,,,,,,,,,,,,,,,,,,,,,,,,,,,,,,,,,,,,,,,,,,,,,,,,,,,,,,,,,,,,,,,,,,,,,,,,,,,,,,,,,,,,,,,,,,,,,,,,,,,,,,,,,,,,,,,,,,,,,,,,,,,,,,,,,,,,,,,,,,,,,,,,,,,,,,,,,,,,,,,,,,,,,,,,,,,,,,,,,,,,,,,,,,,,,,,,,,,,,,,,,,,,,,,,,,,
39003000,-1325,2191,-719,746,2174,7020,-31921,-4224,136,198,-6,240,80,0,0,124,-785,-1600,0,1150000,1150000,1150000,1496000,39050000,-2002,2801,472,-22,2174,-1158,-38880,-16309,199,247,-4,280,40,0,0,115,-506,-1600,0,1150000,1150000,1234000,1539103000,-1855,1748,-131,-105,823,-5430,-733,3282,182,156,-4,240,40,0,0,91,-422,-1600,0,1150000,1150000,1236000,11,,,,,,,,,,,,,,,,,,,,,,,,,,,,,,,,,,,,,,,,,,,,,,,,,,,,,,,,,,,,,,,,,,,,,,,,,,,,,,,,,,,,,,,,,,,,,,,,,,,,,,,,,,,,,,,,,,,,,,,,,,,,,,,,,,,,,,,,,,,,,,,,,,,,,,,,,,,,,,,,,,,,,,,,,,,,,,,,,,,,,,,
